{"CSS":{"Weathered Solid -BRK-":"Weathered+Solid+-BRK-.css","":"sweetpuff0:aacaf3247c1c5e0d3739c.css"},"FontType":"TrueType","FontCopyright":"NIGMA FONTS   [e-mail]  kentpw@norwich.net","FontName":"Weathered Solid (BRK)","FontSubfamily":"BRK-","FontSubfamilyID":"FontForge 2.0 : Weathered Solid -BRK- : 3-1-2017","FontFullName":"Weathered Solid BRK","FontVersion":"Version 2.21 ","FontWeight":null,"FontPostscriptName":"WeatheredSolid-BRK-","Files":{"\/Weathered Solid -BRK-.css":"\/Weathered Solid -BRK-.css","\/font-resource.json":"\/font-resource.json","\/weathers.afm":"\/weathers.afm","\/weathers.cef":"\/weathers.cef","\/weathers.cff":"\/weathers.cff","\/weathers.eot":"\/weathers.eot","\/weathers.gai":"\/weathers.gai","\/weathers.gsf":"\/weathers.gsf","\/weathers.otf":"\/weathers.otf","\/weathers.pf3":"\/weathers.pf3","\/weathers.pfa":"\/weathers.pfa","\/weathers.pfb":"\/weathers.pfb","\/weathers.php":"\/weathers.php","\/weathers.pt3":"\/weathers.pt3","\/weathers.sfd":"\/weathers.sfd","\/weathers.svg":"\/weathers.svg","\/weathers.t42":"\/weathers.t42","\/weathers.ttd":"\/weathers.ttd","\/weathers.ttf":"\/weathers.ttf","\/weathers.ttg":"\/weathers.ttg","\/weathers.ufm":"\/weathers.ufm","\/weathers.woff":"\/weathers.woff","\/weathers.z":"\/weathers.z","\/weathers.ufo\/feature.fea":"\/weathers.ufo\/feature.fea","\/weathers.ufo\/fontinfo.plist":"\/weathers.ufo\/fontinfo.plist","\/weathers.ufo\/groups.plist":"\/weathers.ufo\/groups.plist","\/weathers.ufo\/kerning.plist":"\/weathers.ufo\/kerning.plist","\/weathers.ufo\/metainfo.plist":"\/weathers.ufo\/metainfo.plist","\/weathers.ufo\/glyphs\/A_.glif":"\/weathers.ufo\/glyphs\/A_.glif","\/weathers.ufo\/glyphs\/A_E_.glif":"\/weathers.ufo\/glyphs\/A_E_.glif","\/weathers.ufo\/glyphs\/B_.glif":"\/weathers.ufo\/glyphs\/B_.glif","\/weathers.ufo\/glyphs\/C_.glif":"\/weathers.ufo\/glyphs\/C_.glif","\/weathers.ufo\/glyphs\/D_.glif":"\/weathers.ufo\/glyphs\/D_.glif","\/weathers.ufo\/glyphs\/E_.glif":"\/weathers.ufo\/glyphs\/E_.glif","\/weathers.ufo\/glyphs\/F_.glif":"\/weathers.ufo\/glyphs\/F_.glif","\/weathers.ufo\/glyphs\/G_.glif":"\/weathers.ufo\/glyphs\/G_.glif","\/weathers.ufo\/glyphs\/H_.glif":"\/weathers.ufo\/glyphs\/H_.glif","\/weathers.ufo\/glyphs\/I_.glif":"\/weathers.ufo\/glyphs\/I_.glif","\/weathers.ufo\/glyphs\/J_.glif":"\/weathers.ufo\/glyphs\/J_.glif","\/weathers.ufo\/glyphs\/K_.glif":"\/weathers.ufo\/glyphs\/K_.glif","\/weathers.ufo\/glyphs\/L_.glif":"\/weathers.ufo\/glyphs\/L_.glif","\/weathers.ufo\/glyphs\/M_.glif":"\/weathers.ufo\/glyphs\/M_.glif","\/weathers.ufo\/glyphs\/N_.glif":"\/weathers.ufo\/glyphs\/N_.glif","\/weathers.ufo\/glyphs\/O_.glif":"\/weathers.ufo\/glyphs\/O_.glif","\/weathers.ufo\/glyphs\/P_.glif":"\/weathers.ufo\/glyphs\/P_.glif","\/weathers.ufo\/glyphs\/Q_.glif":"\/weathers.ufo\/glyphs\/Q_.glif","\/weathers.ufo\/glyphs\/R_.glif":"\/weathers.ufo\/glyphs\/R_.glif","\/weathers.ufo\/glyphs\/S_.glif":"\/weathers.ufo\/glyphs\/S_.glif","\/weathers.ufo\/glyphs\/T_.glif":"\/weathers.ufo\/glyphs\/T_.glif","\/weathers.ufo\/glyphs\/U_.glif":"\/weathers.ufo\/glyphs\/U_.glif","\/weathers.ufo\/glyphs\/V_.glif":"\/weathers.ufo\/glyphs\/V_.glif","\/weathers.ufo\/glyphs\/W_.glif":"\/weathers.ufo\/glyphs\/W_.glif","\/weathers.ufo\/glyphs\/X_.glif":"\/weathers.ufo\/glyphs\/X_.glif","\/weathers.ufo\/glyphs\/Y_.glif":"\/weathers.ufo\/glyphs\/Y_.glif","\/weathers.ufo\/glyphs\/Z_.glif":"\/weathers.ufo\/glyphs\/Z_.glif","\/weathers.ufo\/glyphs\/_notdef.glif":"\/weathers.ufo\/glyphs\/_notdef.glif","\/weathers.ufo\/glyphs\/_null.glif":"\/weathers.ufo\/glyphs\/_null.glif","\/weathers.ufo\/glyphs\/a.glif":"\/weathers.ufo\/glyphs\/a.glif","\/weathers.ufo\/glyphs\/ae.glif":"\/weathers.ufo\/glyphs\/ae.glif","\/weathers.ufo\/glyphs\/ampersand.glif":"\/weathers.ufo\/glyphs\/ampersand.glif","\/weathers.ufo\/glyphs\/asciicircum.glif":"\/weathers.ufo\/glyphs\/asciicircum.glif","\/weathers.ufo\/glyphs\/asciitilde.glif":"\/weathers.ufo\/glyphs\/asciitilde.glif","\/weathers.ufo\/glyphs\/asterisk.glif":"\/weathers.ufo\/glyphs\/asterisk.glif","\/weathers.ufo\/glyphs\/at.glif":"\/weathers.ufo\/glyphs\/at.glif","\/weathers.ufo\/glyphs\/b.glif":"\/weathers.ufo\/glyphs\/b.glif","\/weathers.ufo\/glyphs\/backslash.glif":"\/weathers.ufo\/glyphs\/backslash.glif","\/weathers.ufo\/glyphs\/bar.glif":"\/weathers.ufo\/glyphs\/bar.glif","\/weathers.ufo\/glyphs\/braceleft.glif":"\/weathers.ufo\/glyphs\/braceleft.glif","\/weathers.ufo\/glyphs\/braceright.glif":"\/weathers.ufo\/glyphs\/braceright.glif","\/weathers.ufo\/glyphs\/bracketleft.glif":"\/weathers.ufo\/glyphs\/bracketleft.glif","\/weathers.ufo\/glyphs\/bracketright.glif":"\/weathers.ufo\/glyphs\/bracketright.glif","\/weathers.ufo\/glyphs\/c.glif":"\/weathers.ufo\/glyphs\/c.glif","\/weathers.ufo\/glyphs\/colon.glif":"\/weathers.ufo\/glyphs\/colon.glif","\/weathers.ufo\/glyphs\/comma.glif":"\/weathers.ufo\/glyphs\/comma.glif","\/weathers.ufo\/glyphs\/contents.plist":"\/weathers.ufo\/glyphs\/contents.plist","\/weathers.ufo\/glyphs\/d.glif":"\/weathers.ufo\/glyphs\/d.glif","\/weathers.ufo\/glyphs\/dollar.glif":"\/weathers.ufo\/glyphs\/dollar.glif","\/weathers.ufo\/glyphs\/e.glif":"\/weathers.ufo\/glyphs\/e.glif","\/weathers.ufo\/glyphs\/eight.glif":"\/weathers.ufo\/glyphs\/eight.glif","\/weathers.ufo\/glyphs\/equal.glif":"\/weathers.ufo\/glyphs\/equal.glif","\/weathers.ufo\/glyphs\/exclam.glif":"\/weathers.ufo\/glyphs\/exclam.glif","\/weathers.ufo\/glyphs\/f.glif":"\/weathers.ufo\/glyphs\/f.glif","\/weathers.ufo\/glyphs\/five.glif":"\/weathers.ufo\/glyphs\/five.glif","\/weathers.ufo\/glyphs\/four.glif":"\/weathers.ufo\/glyphs\/four.glif","\/weathers.ufo\/glyphs\/g.glif":"\/weathers.ufo\/glyphs\/g.glif","\/weathers.ufo\/glyphs\/greater.glif":"\/weathers.ufo\/glyphs\/greater.glif","\/weathers.ufo\/glyphs\/h.glif":"\/weathers.ufo\/glyphs\/h.glif","\/weathers.ufo\/glyphs\/i.glif":"\/weathers.ufo\/glyphs\/i.glif","\/weathers.ufo\/glyphs\/j.glif":"\/weathers.ufo\/glyphs\/j.glif","\/weathers.ufo\/glyphs\/k.glif":"\/weathers.ufo\/glyphs\/k.glif","\/weathers.ufo\/glyphs\/l.glif":"\/weathers.ufo\/glyphs\/l.glif","\/weathers.ufo\/glyphs\/less.glif":"\/weathers.ufo\/glyphs\/less.glif","\/weathers.ufo\/glyphs\/m.glif":"\/weathers.ufo\/glyphs\/m.glif","\/weathers.ufo\/glyphs\/minus.glif":"\/weathers.ufo\/glyphs\/minus.glif","\/weathers.ufo\/glyphs\/n.glif":"\/weathers.ufo\/glyphs\/n.glif","\/weathers.ufo\/glyphs\/nine.glif":"\/weathers.ufo\/glyphs\/nine.glif","\/weathers.ufo\/glyphs\/nonmarkingreturn.glif":"\/weathers.ufo\/glyphs\/nonmarkingreturn.glif","\/weathers.ufo\/glyphs\/numbersign.glif":"\/weathers.ufo\/glyphs\/numbersign.glif","\/weathers.ufo\/glyphs\/o.glif":"\/weathers.ufo\/glyphs\/o.glif","\/weathers.ufo\/glyphs\/one.glif":"\/weathers.ufo\/glyphs\/one.glif","\/weathers.ufo\/glyphs\/p.glif":"\/weathers.ufo\/glyphs\/p.glif","\/weathers.ufo\/glyphs\/parenleft.glif":"\/weathers.ufo\/glyphs\/parenleft.glif","\/weathers.ufo\/glyphs\/parenright.glif":"\/weathers.ufo\/glyphs\/parenright.glif","\/weathers.ufo\/glyphs\/percent.glif":"\/weathers.ufo\/glyphs\/percent.glif","\/weathers.ufo\/glyphs\/period.glif":"\/weathers.ufo\/glyphs\/period.glif","\/weathers.ufo\/glyphs\/plus.glif":"\/weathers.ufo\/glyphs\/plus.glif","\/weathers.ufo\/glyphs\/q.glif":"\/weathers.ufo\/glyphs\/q.glif","\/weathers.ufo\/glyphs\/question.glif":"\/weathers.ufo\/glyphs\/question.glif","\/weathers.ufo\/glyphs\/quotedbl.glif":"\/weathers.ufo\/glyphs\/quotedbl.glif","\/weathers.ufo\/glyphs\/quotesingle.glif":"\/weathers.ufo\/glyphs\/quotesingle.glif","\/weathers.ufo\/glyphs\/r.glif":"\/weathers.ufo\/glyphs\/r.glif","\/weathers.ufo\/glyphs\/s.glif":"\/weathers.ufo\/glyphs\/s.glif","\/weathers.ufo\/glyphs\/semicolon.glif":"\/weathers.ufo\/glyphs\/semicolon.glif","\/weathers.ufo\/glyphs\/seven.glif":"\/weathers.ufo\/glyphs\/seven.glif","\/weathers.ufo\/glyphs\/six.glif":"\/weathers.ufo\/glyphs\/six.glif","\/weathers.ufo\/glyphs\/slash.glif":"\/weathers.ufo\/glyphs\/slash.glif","\/weathers.ufo\/glyphs\/space.glif":"\/weathers.ufo\/glyphs\/space.glif","\/weathers.ufo\/glyphs\/t.glif":"\/weathers.ufo\/glyphs\/t.glif","\/weathers.ufo\/glyphs\/three.glif":"\/weathers.ufo\/glyphs\/three.glif","\/weathers.ufo\/glyphs\/two.glif":"\/weathers.ufo\/glyphs\/two.glif","\/weathers.ufo\/glyphs\/u.glif":"\/weathers.ufo\/glyphs\/u.glif","\/weathers.ufo\/glyphs\/v.glif":"\/weathers.ufo\/glyphs\/v.glif","\/weathers.ufo\/glyphs\/w.glif":"\/weathers.ufo\/glyphs\/w.glif","\/weathers.ufo\/glyphs\/x.glif":"\/weathers.ufo\/glyphs\/x.glif","\/weathers.ufo\/glyphs\/y.glif":"\/weathers.ufo\/glyphs\/y.glif","\/weathers.ufo\/glyphs\/z.glif":"\/weathers.ufo\/glyphs\/z.glif","\/weathers.ufo\/glyphs\/zero.glif":"\/weathers.ufo\/glyphs\/zero.glif"},"Font":{"uploaded":1489221839.2732,"licence":"gpl3","company":"Chronolabs Cooperative","title":"Weathered Solid BRK","version":3.002,"date":"Thu Dec 29 09:41:39 2016","creator":"root","type":"1","matrix":"0.001 0 0 0.001 0 0","named":"WeatheredSolid-BRK-","painttype":"0","info":"10 dict dup","name":"Weathered Solid -BRK-","family":"Weathered Solid \\050BRK\\051","weight":"Book","fstype":"0","italicangle":"0","underlineposition":"","underlinethickness":""},"Licences":{"":false},"Table":{"FFTM":{"entryLength":16,"tag":"FFTM","checksum":1968276248,"offset":31088,"length":28},"GDEF":{"entryLength":16,"tag":"GDEF","checksum":9371652,"offset":31056,"length":32},"OS\/2":{"entryLength":16,"tag":"OS\/2","checksum":1452638579,"offset":344,"length":86},"cmap":{"entryLength":16,"tag":"cmap","checksum":3270062112,"offset":824,"length":378},"gasp":{"entryLength":16,"tag":"gasp","checksum":4294901763,"offset":31048,"length":8},"glyf":{"entryLength":16,"tag":"glyf","checksum":3586686161,"offset":1404,"length":28712},"head":{"entryLength":16,"tag":"head","checksum":202764172,"offset":220,"length":54},"hhea":{"entryLength":16,"tag":"hhea","checksum":123405118,"offset":276,"length":36},"hmtx":{"entryLength":16,"tag":"hmtx","checksum":3520267106,"offset":432,"length":392},"loca":{"entryLength":16,"tag":"loca","checksum":1661028700,"offset":1204,"length":198},"maxp":{"entryLength":16,"tag":"maxp","checksum":11076254,"offset":312,"length":32},"name":{"entryLength":16,"tag":"name","checksum":3833882166,"offset":30116,"length":699},"post":{"entryLength":16,"tag":"post","checksum":163449487,"offset":30816,"length":230}},"UnicodeCharMap":{"0":1,"13":2,"32":3,"33":4,"34":5,"35":6,"36":7,"37":8,"38":9,"39":10,"40":11,"41":12,"42":13,"43":14,"44":15,"46":17,"47":18,"48":19,"49":20,"50":21,"51":22,"52":23,"53":24,"54":25,"55":26,"56":27,"57":28,"58":29,"59":30,"60":31,"61":32,"62":33,"63":34,"64":35,"65":36,"66":37,"67":38,"68":39,"69":40,"70":41,"71":42,"72":43,"73":44,"74":45,"75":46,"76":47,"77":48,"78":49,"79":50,"80":51,"81":52,"82":53,"83":54,"84":55,"85":56,"86":57,"87":58,"88":59,"89":60,"90":61,"91":62,"92":63,"93":64,"94":65,"97":66,"98":67,"99":68,"100":69,"101":70,"102":71,"103":72,"104":73,"105":74,"106":75,"107":76,"108":77,"109":78,"110":79,"111":80,"112":81,"113":82,"114":83,"115":84,"116":85,"117":86,"118":87,"119":88,"120":89,"121":90,"122":91,"123":92,"124":93,"125":94,"126":95,"198":96,"230":97,"8722":16},"Reserves":{"fontname":""},"Names":{"":{"name":"","longitude":"0.00000001","latitude":"0.00000001","country":"","region":"","city":""}},"Nodes":{"":{"type":"fixes","node":"","usage":1,"weight":1}},"Contributors":[],"FontIdentity":"sweetpuff0:aacaf3247c1c5e0d3739c","Bytes":null,"Networking":[],"barcode":"gs11Y9kwwEMU3","referee":"ieukau"}