{"CSS":{"Epaulet":"wagovau:3e59c845846a858c46ac762c.css"},"FontType":"TrueType","FontCopyright":"Epaulet is Copr.1994 Chris MacGregor for PenUltimate Type","FontName":"Epaulet","FontSubfamily":"Medium","FontSubfamilyID":"FontForge 2.0 : Epaulet : 12-8-2016","FontFullName":"Epaulet","FontVersion":"Version 001.000 ","FontWeight":null,"FontPostscriptName":"Epaulet","Files":{"\/Epaulet.css":"\/Epaulet.css","\/epaulet.afm":"\/epaulet.afm","\/epaulet.cef":"\/epaulet.cef","\/epaulet.cff":"\/epaulet.cff","\/epaulet.eot":"\/epaulet.eot","\/epaulet.gai":"\/epaulet.gai","\/epaulet.gsf":"\/epaulet.gsf","\/epaulet.otf":"\/epaulet.otf","\/epaulet.pf3":"\/epaulet.pf3","\/epaulet.pfa":"\/epaulet.pfa","\/epaulet.pfb":"\/epaulet.pfb","\/epaulet.php":"\/epaulet.php","\/epaulet.pt3":"\/epaulet.pt3","\/epaulet.sfd":"\/epaulet.sfd","\/epaulet.svg":"\/epaulet.svg","\/epaulet.t42":"\/epaulet.t42","\/epaulet.ttd":"\/epaulet.ttd","\/epaulet.ttf":"\/epaulet.ttf","\/epaulet.ttg":"\/epaulet.ttg","\/epaulet.ufm":"\/epaulet.ufm","\/epaulet.woff":"\/epaulet.woff","\/epaulet.z":"\/epaulet.z","\/font-resource.json":"\/font-resource.json","\/epaulet.ufo\/feature.fea":"\/epaulet.ufo\/feature.fea","\/epaulet.ufo\/fontinfo.plist":"\/epaulet.ufo\/fontinfo.plist","\/epaulet.ufo\/groups.plist":"\/epaulet.ufo\/groups.plist","\/epaulet.ufo\/kerning.plist":"\/epaulet.ufo\/kerning.plist","\/epaulet.ufo\/metainfo.plist":"\/epaulet.ufo\/metainfo.plist","\/epaulet.ufo\/glyphs\/A_.glif":"\/epaulet.ufo\/glyphs\/A_.glif","\/epaulet.ufo\/glyphs\/A_E_.glif":"\/epaulet.ufo\/glyphs\/A_E_.glif","\/epaulet.ufo\/glyphs\/A_acute.glif":"\/epaulet.ufo\/glyphs\/A_acute.glif","\/epaulet.ufo\/glyphs\/A_circumflex.glif":"\/epaulet.ufo\/glyphs\/A_circumflex.glif","\/epaulet.ufo\/glyphs\/A_dieresis.glif":"\/epaulet.ufo\/glyphs\/A_dieresis.glif","\/epaulet.ufo\/glyphs\/A_grave.glif":"\/epaulet.ufo\/glyphs\/A_grave.glif","\/epaulet.ufo\/glyphs\/A_ring.glif":"\/epaulet.ufo\/glyphs\/A_ring.glif","\/epaulet.ufo\/glyphs\/A_tilde.glif":"\/epaulet.ufo\/glyphs\/A_tilde.glif","\/epaulet.ufo\/glyphs\/B_.glif":"\/epaulet.ufo\/glyphs\/B_.glif","\/epaulet.ufo\/glyphs\/C_.glif":"\/epaulet.ufo\/glyphs\/C_.glif","\/epaulet.ufo\/glyphs\/C_R_.glif":"\/epaulet.ufo\/glyphs\/C_R_.glif","\/epaulet.ufo\/glyphs\/C_cedilla.glif":"\/epaulet.ufo\/glyphs\/C_cedilla.glif","\/epaulet.ufo\/glyphs\/D_.glif":"\/epaulet.ufo\/glyphs\/D_.glif","\/epaulet.ufo\/glyphs\/E_.glif":"\/epaulet.ufo\/glyphs\/E_.glif","\/epaulet.ufo\/glyphs\/E_acute.glif":"\/epaulet.ufo\/glyphs\/E_acute.glif","\/epaulet.ufo\/glyphs\/E_circumflex.glif":"\/epaulet.ufo\/glyphs\/E_circumflex.glif","\/epaulet.ufo\/glyphs\/E_dieresis.glif":"\/epaulet.ufo\/glyphs\/E_dieresis.glif","\/epaulet.ufo\/glyphs\/E_grave.glif":"\/epaulet.ufo\/glyphs\/E_grave.glif","\/epaulet.ufo\/glyphs\/E_th.glif":"\/epaulet.ufo\/glyphs\/E_th.glif","\/epaulet.ufo\/glyphs\/F_.glif":"\/epaulet.ufo\/glyphs\/F_.glif","\/epaulet.ufo\/glyphs\/G_.glif":"\/epaulet.ufo\/glyphs\/G_.glif","\/epaulet.ufo\/glyphs\/H_.glif":"\/epaulet.ufo\/glyphs\/H_.glif","\/epaulet.ufo\/glyphs\/H_T_.glif":"\/epaulet.ufo\/glyphs\/H_T_.glif","\/epaulet.ufo\/glyphs\/I_.glif":"\/epaulet.ufo\/glyphs\/I_.glif","\/epaulet.ufo\/glyphs\/I_acute.glif":"\/epaulet.ufo\/glyphs\/I_acute.glif","\/epaulet.ufo\/glyphs\/I_circumflex.glif":"\/epaulet.ufo\/glyphs\/I_circumflex.glif","\/epaulet.ufo\/glyphs\/I_dieresis.glif":"\/epaulet.ufo\/glyphs\/I_dieresis.glif","\/epaulet.ufo\/glyphs\/I_grave.glif":"\/epaulet.ufo\/glyphs\/I_grave.glif","\/epaulet.ufo\/glyphs\/J_.glif":"\/epaulet.ufo\/glyphs\/J_.glif","\/epaulet.ufo\/glyphs\/K_.glif":"\/epaulet.ufo\/glyphs\/K_.glif","\/epaulet.ufo\/glyphs\/L_.glif":"\/epaulet.ufo\/glyphs\/L_.glif","\/epaulet.ufo\/glyphs\/L_slash.glif":"\/epaulet.ufo\/glyphs\/L_slash.glif","\/epaulet.ufo\/glyphs\/M_.glif":"\/epaulet.ufo\/glyphs\/M_.glif","\/epaulet.ufo\/glyphs\/N_.glif":"\/epaulet.ufo\/glyphs\/N_.glif","\/epaulet.ufo\/glyphs\/N_tilde.glif":"\/epaulet.ufo\/glyphs\/N_tilde.glif","\/epaulet.ufo\/glyphs\/O_.glif":"\/epaulet.ufo\/glyphs\/O_.glif","\/epaulet.ufo\/glyphs\/O_E_.glif":"\/epaulet.ufo\/glyphs\/O_E_.glif","\/epaulet.ufo\/glyphs\/O_acute.glif":"\/epaulet.ufo\/glyphs\/O_acute.glif","\/epaulet.ufo\/glyphs\/O_circumflex.glif":"\/epaulet.ufo\/glyphs\/O_circumflex.glif","\/epaulet.ufo\/glyphs\/O_dieresis.glif":"\/epaulet.ufo\/glyphs\/O_dieresis.glif","\/epaulet.ufo\/glyphs\/O_grave.glif":"\/epaulet.ufo\/glyphs\/O_grave.glif","\/epaulet.ufo\/glyphs\/O_slash.glif":"\/epaulet.ufo\/glyphs\/O_slash.glif","\/epaulet.ufo\/glyphs\/O_tilde.glif":"\/epaulet.ufo\/glyphs\/O_tilde.glif","\/epaulet.ufo\/glyphs\/P_.glif":"\/epaulet.ufo\/glyphs\/P_.glif","\/epaulet.ufo\/glyphs\/Q_.glif":"\/epaulet.ufo\/glyphs\/Q_.glif","\/epaulet.ufo\/glyphs\/R_.glif":"\/epaulet.ufo\/glyphs\/R_.glif","\/epaulet.ufo\/glyphs\/S_.glif":"\/epaulet.ufo\/glyphs\/S_.glif","\/epaulet.ufo\/glyphs\/S_caron.glif":"\/epaulet.ufo\/glyphs\/S_caron.glif","\/epaulet.ufo\/glyphs\/T_.glif":"\/epaulet.ufo\/glyphs\/T_.glif","\/epaulet.ufo\/glyphs\/T_horn.glif":"\/epaulet.ufo\/glyphs\/T_horn.glif","\/epaulet.ufo\/glyphs\/U_.glif":"\/epaulet.ufo\/glyphs\/U_.glif","\/epaulet.ufo\/glyphs\/U_acute.glif":"\/epaulet.ufo\/glyphs\/U_acute.glif","\/epaulet.ufo\/glyphs\/U_circumflex.glif":"\/epaulet.ufo\/glyphs\/U_circumflex.glif","\/epaulet.ufo\/glyphs\/U_dieresis.glif":"\/epaulet.ufo\/glyphs\/U_dieresis.glif","\/epaulet.ufo\/glyphs\/U_grave.glif":"\/epaulet.ufo\/glyphs\/U_grave.glif","\/epaulet.ufo\/glyphs\/V_.glif":"\/epaulet.ufo\/glyphs\/V_.glif","\/epaulet.ufo\/glyphs\/W_.glif":"\/epaulet.ufo\/glyphs\/W_.glif","\/epaulet.ufo\/glyphs\/X_.glif":"\/epaulet.ufo\/glyphs\/X_.glif","\/epaulet.ufo\/glyphs\/Y_.glif":"\/epaulet.ufo\/glyphs\/Y_.glif","\/epaulet.ufo\/glyphs\/Y_acute.glif":"\/epaulet.ufo\/glyphs\/Y_acute.glif","\/epaulet.ufo\/glyphs\/Y_dieresis.glif":"\/epaulet.ufo\/glyphs\/Y_dieresis.glif","\/epaulet.ufo\/glyphs\/Z_.glif":"\/epaulet.ufo\/glyphs\/Z_.glif","\/epaulet.ufo\/glyphs\/Z_caron.glif":"\/epaulet.ufo\/glyphs\/Z_caron.glif","\/epaulet.ufo\/glyphs\/a.glif":"\/epaulet.ufo\/glyphs\/a.glif","\/epaulet.ufo\/glyphs\/aacute.glif":"\/epaulet.ufo\/glyphs\/aacute.glif","\/epaulet.ufo\/glyphs\/acircumflex.glif":"\/epaulet.ufo\/glyphs\/acircumflex.glif","\/epaulet.ufo\/glyphs\/acute.glif":"\/epaulet.ufo\/glyphs\/acute.glif","\/epaulet.ufo\/glyphs\/adieresis.glif":"\/epaulet.ufo\/glyphs\/adieresis.glif","\/epaulet.ufo\/glyphs\/ae.glif":"\/epaulet.ufo\/glyphs\/ae.glif","\/epaulet.ufo\/glyphs\/agrave.glif":"\/epaulet.ufo\/glyphs\/agrave.glif","\/epaulet.ufo\/glyphs\/ampersand.glif":"\/epaulet.ufo\/glyphs\/ampersand.glif","\/epaulet.ufo\/glyphs\/apple.glif":"\/epaulet.ufo\/glyphs\/apple.glif","\/epaulet.ufo\/glyphs\/aring.glif":"\/epaulet.ufo\/glyphs\/aring.glif","\/epaulet.ufo\/glyphs\/asciicircum.glif":"\/epaulet.ufo\/glyphs\/asciicircum.glif","\/epaulet.ufo\/glyphs\/asciitilde.glif":"\/epaulet.ufo\/glyphs\/asciitilde.glif","\/epaulet.ufo\/glyphs\/asterisk.glif":"\/epaulet.ufo\/glyphs\/asterisk.glif","\/epaulet.ufo\/glyphs\/at.glif":"\/epaulet.ufo\/glyphs\/at.glif","\/epaulet.ufo\/glyphs\/atilde.glif":"\/epaulet.ufo\/glyphs\/atilde.glif","\/epaulet.ufo\/glyphs\/b.glif":"\/epaulet.ufo\/glyphs\/b.glif","\/epaulet.ufo\/glyphs\/backslash.glif":"\/epaulet.ufo\/glyphs\/backslash.glif","\/epaulet.ufo\/glyphs\/bar.glif":"\/epaulet.ufo\/glyphs\/bar.glif","\/epaulet.ufo\/glyphs\/braceleft.glif":"\/epaulet.ufo\/glyphs\/braceleft.glif","\/epaulet.ufo\/glyphs\/braceright.glif":"\/epaulet.ufo\/glyphs\/braceright.glif","\/epaulet.ufo\/glyphs\/bracketleft.glif":"\/epaulet.ufo\/glyphs\/bracketleft.glif","\/epaulet.ufo\/glyphs\/bracketright.glif":"\/epaulet.ufo\/glyphs\/bracketright.glif","\/epaulet.ufo\/glyphs\/breve.glif":"\/epaulet.ufo\/glyphs\/breve.glif","\/epaulet.ufo\/glyphs\/brokenbar.glif":"\/epaulet.ufo\/glyphs\/brokenbar.glif","\/epaulet.ufo\/glyphs\/bullet.glif":"\/epaulet.ufo\/glyphs\/bullet.glif","\/epaulet.ufo\/glyphs\/c.glif":"\/epaulet.ufo\/glyphs\/c.glif","\/epaulet.ufo\/glyphs\/caron.glif":"\/epaulet.ufo\/glyphs\/caron.glif","\/epaulet.ufo\/glyphs\/ccedilla.glif":"\/epaulet.ufo\/glyphs\/ccedilla.glif","\/epaulet.ufo\/glyphs\/cedilla.glif":"\/epaulet.ufo\/glyphs\/cedilla.glif","\/epaulet.ufo\/glyphs\/cent.glif":"\/epaulet.ufo\/glyphs\/cent.glif","\/epaulet.ufo\/glyphs\/circumflex.glif":"\/epaulet.ufo\/glyphs\/circumflex.glif","\/epaulet.ufo\/glyphs\/colon.glif":"\/epaulet.ufo\/glyphs\/colon.glif","\/epaulet.ufo\/glyphs\/comma.glif":"\/epaulet.ufo\/glyphs\/comma.glif","\/epaulet.ufo\/glyphs\/contents.plist":"\/epaulet.ufo\/glyphs\/contents.plist","\/epaulet.ufo\/glyphs\/copyright.glif":"\/epaulet.ufo\/glyphs\/copyright.glif","\/epaulet.ufo\/glyphs\/currency.glif":"\/epaulet.ufo\/glyphs\/currency.glif","\/epaulet.ufo\/glyphs\/d.glif":"\/epaulet.ufo\/glyphs\/d.glif","\/epaulet.ufo\/glyphs\/dagger.glif":"\/epaulet.ufo\/glyphs\/dagger.glif","\/epaulet.ufo\/glyphs\/daggerdbl.glif":"\/epaulet.ufo\/glyphs\/daggerdbl.glif","\/epaulet.ufo\/glyphs\/degree.glif":"\/epaulet.ufo\/glyphs\/degree.glif","\/epaulet.ufo\/glyphs\/dieresis.glif":"\/epaulet.ufo\/glyphs\/dieresis.glif","\/epaulet.ufo\/glyphs\/divide.glif":"\/epaulet.ufo\/glyphs\/divide.glif","\/epaulet.ufo\/glyphs\/dollar.glif":"\/epaulet.ufo\/glyphs\/dollar.glif","\/epaulet.ufo\/glyphs\/dotaccent.glif":"\/epaulet.ufo\/glyphs\/dotaccent.glif","\/epaulet.ufo\/glyphs\/dotlessi.glif":"\/epaulet.ufo\/glyphs\/dotlessi.glif","\/epaulet.ufo\/glyphs\/e.glif":"\/epaulet.ufo\/glyphs\/e.glif","\/epaulet.ufo\/glyphs\/eacute.glif":"\/epaulet.ufo\/glyphs\/eacute.glif","\/epaulet.ufo\/glyphs\/ecircumflex.glif":"\/epaulet.ufo\/glyphs\/ecircumflex.glif","\/epaulet.ufo\/glyphs\/edieresis.glif":"\/epaulet.ufo\/glyphs\/edieresis.glif","\/epaulet.ufo\/glyphs\/egrave.glif":"\/epaulet.ufo\/glyphs\/egrave.glif","\/epaulet.ufo\/glyphs\/eight.glif":"\/epaulet.ufo\/glyphs\/eight.glif","\/epaulet.ufo\/glyphs\/ellipsis.glif":"\/epaulet.ufo\/glyphs\/ellipsis.glif","\/epaulet.ufo\/glyphs\/emdash.glif":"\/epaulet.ufo\/glyphs\/emdash.glif","\/epaulet.ufo\/glyphs\/endash.glif":"\/epaulet.ufo\/glyphs\/endash.glif","\/epaulet.ufo\/glyphs\/equal.glif":"\/epaulet.ufo\/glyphs\/equal.glif","\/epaulet.ufo\/glyphs\/eth.glif":"\/epaulet.ufo\/glyphs\/eth.glif","\/epaulet.ufo\/glyphs\/exclam.glif":"\/epaulet.ufo\/glyphs\/exclam.glif","\/epaulet.ufo\/glyphs\/exclamdown.glif":"\/epaulet.ufo\/glyphs\/exclamdown.glif","\/epaulet.ufo\/glyphs\/f.glif":"\/epaulet.ufo\/glyphs\/f.glif","\/epaulet.ufo\/glyphs\/fi.glif":"\/epaulet.ufo\/glyphs\/fi.glif","\/epaulet.ufo\/glyphs\/five.glif":"\/epaulet.ufo\/glyphs\/five.glif","\/epaulet.ufo\/glyphs\/fl.glif":"\/epaulet.ufo\/glyphs\/fl.glif","\/epaulet.ufo\/glyphs\/florin.glif":"\/epaulet.ufo\/glyphs\/florin.glif","\/epaulet.ufo\/glyphs\/four.glif":"\/epaulet.ufo\/glyphs\/four.glif","\/epaulet.ufo\/glyphs\/fraction.glif":"\/epaulet.ufo\/glyphs\/fraction.glif","\/epaulet.ufo\/glyphs\/g.glif":"\/epaulet.ufo\/glyphs\/g.glif","\/epaulet.ufo\/glyphs\/germandbls.glif":"\/epaulet.ufo\/glyphs\/germandbls.glif","\/epaulet.ufo\/glyphs\/grave.glif":"\/epaulet.ufo\/glyphs\/grave.glif","\/epaulet.ufo\/glyphs\/greater.glif":"\/epaulet.ufo\/glyphs\/greater.glif","\/epaulet.ufo\/glyphs\/guillemotleft.glif":"\/epaulet.ufo\/glyphs\/guillemotleft.glif","\/epaulet.ufo\/glyphs\/guillemotright.glif":"\/epaulet.ufo\/glyphs\/guillemotright.glif","\/epaulet.ufo\/glyphs\/guilsinglleft.glif":"\/epaulet.ufo\/glyphs\/guilsinglleft.glif","\/epaulet.ufo\/glyphs\/guilsinglright.glif":"\/epaulet.ufo\/glyphs\/guilsinglright.glif","\/epaulet.ufo\/glyphs\/h.glif":"\/epaulet.ufo\/glyphs\/h.glif","\/epaulet.ufo\/glyphs\/hungarumlaut.glif":"\/epaulet.ufo\/glyphs\/hungarumlaut.glif","\/epaulet.ufo\/glyphs\/hyphen.glif":"\/epaulet.ufo\/glyphs\/hyphen.glif","\/epaulet.ufo\/glyphs\/i.glif":"\/epaulet.ufo\/glyphs\/i.glif","\/epaulet.ufo\/glyphs\/iacute.glif":"\/epaulet.ufo\/glyphs\/iacute.glif","\/epaulet.ufo\/glyphs\/icircumflex.glif":"\/epaulet.ufo\/glyphs\/icircumflex.glif","\/epaulet.ufo\/glyphs\/idieresis.glif":"\/epaulet.ufo\/glyphs\/idieresis.glif","\/epaulet.ufo\/glyphs\/igrave.glif":"\/epaulet.ufo\/glyphs\/igrave.glif","\/epaulet.ufo\/glyphs\/j.glif":"\/epaulet.ufo\/glyphs\/j.glif","\/epaulet.ufo\/glyphs\/k.glif":"\/epaulet.ufo\/glyphs\/k.glif","\/epaulet.ufo\/glyphs\/l.glif":"\/epaulet.ufo\/glyphs\/l.glif","\/epaulet.ufo\/glyphs\/less.glif":"\/epaulet.ufo\/glyphs\/less.glif","\/epaulet.ufo\/glyphs\/logicalnot.glif":"\/epaulet.ufo\/glyphs\/logicalnot.glif","\/epaulet.ufo\/glyphs\/lslash.glif":"\/epaulet.ufo\/glyphs\/lslash.glif","\/epaulet.ufo\/glyphs\/m.glif":"\/epaulet.ufo\/glyphs\/m.glif","\/epaulet.ufo\/glyphs\/macron.glif":"\/epaulet.ufo\/glyphs\/macron.glif","\/epaulet.ufo\/glyphs\/minus.glif":"\/epaulet.ufo\/glyphs\/minus.glif","\/epaulet.ufo\/glyphs\/mu.glif":"\/epaulet.ufo\/glyphs\/mu.glif","\/epaulet.ufo\/glyphs\/multiply.glif":"\/epaulet.ufo\/glyphs\/multiply.glif","\/epaulet.ufo\/glyphs\/n.glif":"\/epaulet.ufo\/glyphs\/n.glif","\/epaulet.ufo\/glyphs\/nbspace.glif":"\/epaulet.ufo\/glyphs\/nbspace.glif","\/epaulet.ufo\/glyphs\/nine.glif":"\/epaulet.ufo\/glyphs\/nine.glif","\/epaulet.ufo\/glyphs\/ntilde.glif":"\/epaulet.ufo\/glyphs\/ntilde.glif","\/epaulet.ufo\/glyphs\/numbersign.glif":"\/epaulet.ufo\/glyphs\/numbersign.glif","\/epaulet.ufo\/glyphs\/o.glif":"\/epaulet.ufo\/glyphs\/o.glif","\/epaulet.ufo\/glyphs\/oacute.glif":"\/epaulet.ufo\/glyphs\/oacute.glif","\/epaulet.ufo\/glyphs\/ocircumflex.glif":"\/epaulet.ufo\/glyphs\/ocircumflex.glif","\/epaulet.ufo\/glyphs\/odieresis.glif":"\/epaulet.ufo\/glyphs\/odieresis.glif","\/epaulet.ufo\/glyphs\/oe.glif":"\/epaulet.ufo\/glyphs\/oe.glif","\/epaulet.ufo\/glyphs\/ogonek.glif":"\/epaulet.ufo\/glyphs\/ogonek.glif","\/epaulet.ufo\/glyphs\/ograve.glif":"\/epaulet.ufo\/glyphs\/ograve.glif","\/epaulet.ufo\/glyphs\/one.glif":"\/epaulet.ufo\/glyphs\/one.glif","\/epaulet.ufo\/glyphs\/onehalf.glif":"\/epaulet.ufo\/glyphs\/onehalf.glif","\/epaulet.ufo\/glyphs\/onequarter.glif":"\/epaulet.ufo\/glyphs\/onequarter.glif","\/epaulet.ufo\/glyphs\/onesuperior.glif":"\/epaulet.ufo\/glyphs\/onesuperior.glif","\/epaulet.ufo\/glyphs\/ordfeminine.glif":"\/epaulet.ufo\/glyphs\/ordfeminine.glif","\/epaulet.ufo\/glyphs\/ordmasculine.glif":"\/epaulet.ufo\/glyphs\/ordmasculine.glif","\/epaulet.ufo\/glyphs\/oslash.glif":"\/epaulet.ufo\/glyphs\/oslash.glif","\/epaulet.ufo\/glyphs\/otilde.glif":"\/epaulet.ufo\/glyphs\/otilde.glif","\/epaulet.ufo\/glyphs\/p.glif":"\/epaulet.ufo\/glyphs\/p.glif","\/epaulet.ufo\/glyphs\/paragraph.glif":"\/epaulet.ufo\/glyphs\/paragraph.glif","\/epaulet.ufo\/glyphs\/parenleft.glif":"\/epaulet.ufo\/glyphs\/parenleft.glif","\/epaulet.ufo\/glyphs\/parenright.glif":"\/epaulet.ufo\/glyphs\/parenright.glif","\/epaulet.ufo\/glyphs\/percent.glif":"\/epaulet.ufo\/glyphs\/percent.glif","\/epaulet.ufo\/glyphs\/period.glif":"\/epaulet.ufo\/glyphs\/period.glif","\/epaulet.ufo\/glyphs\/periodcentered.glif":"\/epaulet.ufo\/glyphs\/periodcentered.glif","\/epaulet.ufo\/glyphs\/perthousand.glif":"\/epaulet.ufo\/glyphs\/perthousand.glif","\/epaulet.ufo\/glyphs\/plus.glif":"\/epaulet.ufo\/glyphs\/plus.glif","\/epaulet.ufo\/glyphs\/plusminus.glif":"\/epaulet.ufo\/glyphs\/plusminus.glif","\/epaulet.ufo\/glyphs\/q.glif":"\/epaulet.ufo\/glyphs\/q.glif","\/epaulet.ufo\/glyphs\/question.glif":"\/epaulet.ufo\/glyphs\/question.glif","\/epaulet.ufo\/glyphs\/questiondown.glif":"\/epaulet.ufo\/glyphs\/questiondown.glif","\/epaulet.ufo\/glyphs\/quotedbl.glif":"\/epaulet.ufo\/glyphs\/quotedbl.glif","\/epaulet.ufo\/glyphs\/quotedblbase.glif":"\/epaulet.ufo\/glyphs\/quotedblbase.glif","\/epaulet.ufo\/glyphs\/quotedblleft.glif":"\/epaulet.ufo\/glyphs\/quotedblleft.glif","\/epaulet.ufo\/glyphs\/quotedblright.glif":"\/epaulet.ufo\/glyphs\/quotedblright.glif","\/epaulet.ufo\/glyphs\/quoteleft.glif":"\/epaulet.ufo\/glyphs\/quoteleft.glif","\/epaulet.ufo\/glyphs\/quoteright.glif":"\/epaulet.ufo\/glyphs\/quoteright.glif","\/epaulet.ufo\/glyphs\/quotesinglbase.glif":"\/epaulet.ufo\/glyphs\/quotesinglbase.glif","\/epaulet.ufo\/glyphs\/quotesingle.glif":"\/epaulet.ufo\/glyphs\/quotesingle.glif","\/epaulet.ufo\/glyphs\/r.glif":"\/epaulet.ufo\/glyphs\/r.glif","\/epaulet.ufo\/glyphs\/registered.glif":"\/epaulet.ufo\/glyphs\/registered.glif","\/epaulet.ufo\/glyphs\/ring.glif":"\/epaulet.ufo\/glyphs\/ring.glif","\/epaulet.ufo\/glyphs\/s.glif":"\/epaulet.ufo\/glyphs\/s.glif","\/epaulet.ufo\/glyphs\/scaron.glif":"\/epaulet.ufo\/glyphs\/scaron.glif","\/epaulet.ufo\/glyphs\/section.glif":"\/epaulet.ufo\/glyphs\/section.glif","\/epaulet.ufo\/glyphs\/semicolon.glif":"\/epaulet.ufo\/glyphs\/semicolon.glif","\/epaulet.ufo\/glyphs\/seven.glif":"\/epaulet.ufo\/glyphs\/seven.glif","\/epaulet.ufo\/glyphs\/six.glif":"\/epaulet.ufo\/glyphs\/six.glif","\/epaulet.ufo\/glyphs\/slash.glif":"\/epaulet.ufo\/glyphs\/slash.glif","\/epaulet.ufo\/glyphs\/space.glif":"\/epaulet.ufo\/glyphs\/space.glif","\/epaulet.ufo\/glyphs\/sterling.glif":"\/epaulet.ufo\/glyphs\/sterling.glif","\/epaulet.ufo\/glyphs\/t.glif":"\/epaulet.ufo\/glyphs\/t.glif","\/epaulet.ufo\/glyphs\/thorn.glif":"\/epaulet.ufo\/glyphs\/thorn.glif","\/epaulet.ufo\/glyphs\/three.glif":"\/epaulet.ufo\/glyphs\/three.glif","\/epaulet.ufo\/glyphs\/threequarters.glif":"\/epaulet.ufo\/glyphs\/threequarters.glif","\/epaulet.ufo\/glyphs\/threesuperior.glif":"\/epaulet.ufo\/glyphs\/threesuperior.glif","\/epaulet.ufo\/glyphs\/tilde.glif":"\/epaulet.ufo\/glyphs\/tilde.glif","\/epaulet.ufo\/glyphs\/trademark.glif":"\/epaulet.ufo\/glyphs\/trademark.glif","\/epaulet.ufo\/glyphs\/two.glif":"\/epaulet.ufo\/glyphs\/two.glif","\/epaulet.ufo\/glyphs\/twosuperior.glif":"\/epaulet.ufo\/glyphs\/twosuperior.glif","\/epaulet.ufo\/glyphs\/u.glif":"\/epaulet.ufo\/glyphs\/u.glif","\/epaulet.ufo\/glyphs\/uacute.glif":"\/epaulet.ufo\/glyphs\/uacute.glif","\/epaulet.ufo\/glyphs\/ucircumflex.glif":"\/epaulet.ufo\/glyphs\/ucircumflex.glif","\/epaulet.ufo\/glyphs\/udieresis.glif":"\/epaulet.ufo\/glyphs\/udieresis.glif","\/epaulet.ufo\/glyphs\/ugrave.glif":"\/epaulet.ufo\/glyphs\/ugrave.glif","\/epaulet.ufo\/glyphs\/underscore.glif":"\/epaulet.ufo\/glyphs\/underscore.glif","\/epaulet.ufo\/glyphs\/v.glif":"\/epaulet.ufo\/glyphs\/v.glif","\/epaulet.ufo\/glyphs\/w.glif":"\/epaulet.ufo\/glyphs\/w.glif","\/epaulet.ufo\/glyphs\/x.glif":"\/epaulet.ufo\/glyphs\/x.glif","\/epaulet.ufo\/glyphs\/y.glif":"\/epaulet.ufo\/glyphs\/y.glif","\/epaulet.ufo\/glyphs\/yacute.glif":"\/epaulet.ufo\/glyphs\/yacute.glif","\/epaulet.ufo\/glyphs\/ydieresis.glif":"\/epaulet.ufo\/glyphs\/ydieresis.glif","\/epaulet.ufo\/glyphs\/yen.glif":"\/epaulet.ufo\/glyphs\/yen.glif","\/epaulet.ufo\/glyphs\/z.glif":"\/epaulet.ufo\/glyphs\/z.glif","\/epaulet.ufo\/glyphs\/zcaron.glif":"\/epaulet.ufo\/glyphs\/zcaron.glif","\/epaulet.ufo\/glyphs\/zero.glif":"\/epaulet.ufo\/glyphs\/zero.glif"},"Font":{"uploaded":1471112196.0394,"licence":"gpl3","company":"Chronolabs Cooperative","title":"Epaulet","version":3.002,"date":"Fri Aug 12 15:56:42 2016","creator":"root","type":"1","matrix":"0.001 0 0 0.001 0 0","named":"Epaulet","painttype":"0","info":"10 dict dup","name":"Epaulet","family":"Epaulet","weight":"Medium","fstype":"0","italicangle":"0","underlineposition":"","underlinethickness":""},"Licences":{"":false},"Table":{"FFTM":{"entryLength":16,"tag":"FFTM","checksum":1944410052,"offset":22996,"length":28},"GDEF":{"entryLength":16,"tag":"GDEF","checksum":18350086,"offset":22964,"length":32},"OS\/2":{"entryLength":16,"tag":"OS\/2","checksum":1478433627,"offset":344,"length":86},"cmap":{"entryLength":16,"tag":"cmap","checksum":1710962065,"offset":1372,"length":554},"gasp":{"entryLength":16,"tag":"gasp","checksum":4294901763,"offset":22956,"length":8},"glyf":{"entryLength":16,"tag":"glyf","checksum":647861494,"offset":2400,"length":19436},"head":{"entryLength":16,"tag":"head","checksum":122579882,"offset":220,"length":54},"hhea":{"entryLength":16,"tag":"hhea","checksum":78513018,"offset":276,"length":36},"hmtx":{"entryLength":16,"tag":"hmtx","checksum":214650427,"offset":432,"length":940},"loca":{"entryLength":16,"tag":"loca","checksum":1604219532,"offset":1928,"length":472},"maxp":{"entryLength":16,"tag":"maxp","checksum":20447340,"offset":312,"length":32},"name":{"entryLength":16,"tag":"name","checksum":3388696861,"offset":21836,"length":600},"post":{"entryLength":16,"tag":"post","checksum":4119679710,"offset":22436,"length":518}},"UnicodeCharMap":{"32":3,"33":4,"34":5,"35":6,"36":7,"37":8,"38":9,"39":10,"40":11,"41":12,"42":13,"43":14,"44":15,"45":16,"46":17,"47":18,"48":19,"49":20,"50":21,"51":22,"52":23,"53":24,"54":25,"55":26,"56":27,"57":28,"58":29,"59":30,"60":31,"61":32,"62":33,"63":34,"64":35,"65":36,"66":37,"67":38,"68":39,"69":40,"70":41,"71":42,"72":43,"73":44,"74":45,"75":46,"76":47,"77":48,"78":49,"79":50,"80":51,"81":52,"82":53,"83":54,"84":55,"85":56,"86":57,"87":58,"88":59,"89":60,"90":61,"91":62,"92":63,"93":64,"94":65,"95":66,"96":67,"97":68,"98":69,"99":70,"100":71,"101":72,"102":73,"103":74,"104":75,"105":76,"106":77,"107":78,"108":79,"109":80,"110":81,"111":82,"112":83,"113":84,"114":85,"115":86,"116":87,"117":88,"118":89,"119":90,"120":91,"121":92,"122":93,"123":94,"124":95,"125":96,"126":97,"160":98,"161":99,"162":100,"163":101,"164":102,"165":103,"166":104,"167":105,"168":106,"169":107,"170":108,"171":109,"172":110,"174":111,"175":112,"176":113,"177":114,"178":115,"179":116,"180":117,"182":119,"183":120,"184":121,"185":122,"186":123,"187":124,"188":125,"189":126,"190":127,"191":128,"192":129,"193":130,"194":131,"195":132,"196":133,"197":134,"198":135,"199":136,"200":137,"201":138,"202":139,"203":140,"204":141,"205":142,"206":143,"207":144,"208":145,"209":146,"210":147,"211":148,"212":149,"213":150,"214":151,"215":152,"216":153,"217":154,"218":155,"219":156,"220":157,"221":158,"222":159,"223":160,"224":161,"225":162,"226":163,"227":164,"228":165,"229":166,"230":167,"231":168,"232":169,"233":170,"234":171,"235":172,"236":173,"237":174,"238":175,"239":176,"240":177,"241":178,"242":179,"243":180,"244":181,"245":182,"246":183,"247":184,"248":185,"249":186,"250":187,"251":188,"252":189,"253":190,"254":191,"255":192,"305":222,"321":220,"322":223,"338":221,"339":224,"352":225,"353":226,"376":233,"381":229,"382":230,"402":196,"710":211,"711":218,"728":213,"729":214,"730":215,"731":217,"732":212,"733":216,"956":118,"8211":202,"8212":219,"8216":194,"8217":193,"8218":206,"8220":197,"8221":208,"8222":207,"8224":203,"8225":204,"8226":205,"8230":209,"8240":210,"8249":198,"8250":199,"8260":195,"8482":232,"8722":231,"64257":200,"64258":201},"Reserves":{"fontname":"Epaulet"},"Names":{"Epaulet":{"name":"Epaulet","longitude":"0.00000001","latitude":"0.00000001","country":"","region":"","city":""}},"Nodes":{"ep":{"type":"typal","node":"ep","usage":1,"weight":1},"et":{"type":"typal","node":"et","usage":1,"weight":1},"epa":{"type":"typal","node":"epa","usage":1,"weight":1},"let":{"type":"typal","node":"let","usage":1,"weight":1},"epau":{"type":"keys","node":"epau","usage":1,"weight":1},"ulet":{"type":"keys","node":"ulet","usage":1,"weight":1},"epaul":{"type":"keys","node":"epaul","usage":1,"weight":1},"aulet":{"type":"keys","node":"aulet","usage":1,"weight":1},"epaulet":{"type":"fixes","node":"epaulet","usage":1,"weight":1}},"Contributors":[],"FontIdentity":"wagovau:3e59c845846a858c46ac762c","Bytes":null,"Networking":[],"barcode":"aqawgy8cqyw5i","referee":"sgy86"}