{"CSS":{"Zapf International* Medium Italic":"Zapf+International%2A+Medium+Italic.css"},"FontType":"TrueType","FontCopyright":"(c) COPYRIGHT H. BERTHOLD AG 1992 Alle Rechte vorbehalten.","FontName":"Zapf International BQ","FontSubfamily":"MediumItalic","FontSubfamilyID":"FontForge 2.0 : Zapf International* Medium Italic : 4-11-2016","FontFullName":"Zapf International Medium Italic","FontVersion":"Version 001.000 ","FontWeight":null,"FontPostscriptName":"ZapfInternationalBQ-MediumItalic","Files":{"zapfinternationalbq-mediumitalic.afm":"zapfinternationalbq-mediumitalic.afm","zapfinternationalbq-mediumitalic.bin":"zapfinternationalbq-mediumitalic.bin","zapfinternationalbq-mediumitalic.cef":"zapfinternationalbq-mediumitalic.cef","zapfinternationalbq-mediumitalic.cff":"zapfinternationalbq-mediumitalic.cff","zapfinternationalbq-mediumitalic.cid":"zapfinternationalbq-mediumitalic.cid","zapfinternationalbq-mediumitalic.dfont":"zapfinternationalbq-mediumitalic.dfont","zapfinternationalbq-mediumitalic.eot":"zapfinternationalbq-mediumitalic.eot","zapfinternationalbq-mediumitalic.fon":"zapfinternationalbq-mediumitalic.fon","zapfinternationalbq-mediumitalic.gai":"zapfinternationalbq-mediumitalic.gai","zapfinternationalbq-mediumitalic.gsf":"zapfinternationalbq-mediumitalic.gsf","zapfinternationalbq-mediumitalic.hqx":"zapfinternationalbq-mediumitalic.hqx","zapfinternationalbq-mediumitalic.ik":"zapfinternationalbq-mediumitalic.ik","zapfinternationalbq-mediumitalic.mf":"zapfinternationalbq-mediumitalic.mf","zapfinternationalbq-mediumitalic.otf":"zapfinternationalbq-mediumitalic.otf","zapfinternationalbq-mediumitalic.pcf":"zapfinternationalbq-mediumitalic.pcf","zapfinternationalbq-mediumitalic.pf3":"zapfinternationalbq-mediumitalic.pf3","zapfinternationalbq-mediumitalic.pfa":"zapfinternationalbq-mediumitalic.pfa","zapfinternationalbq-mediumitalic.pfb":"zapfinternationalbq-mediumitalic.pfb","zapfinternationalbq-mediumitalic.php":"zapfinternationalbq-mediumitalic.php","zapfinternationalbq-mediumitalic.pmf":"zapfinternationalbq-mediumitalic.pmf","zapfinternationalbq-mediumitalic.pt3":"zapfinternationalbq-mediumitalic.pt3","zapfinternationalbq-mediumitalic.sfd":"zapfinternationalbq-mediumitalic.sfd","zapfinternationalbq-mediumitalic.svg":"zapfinternationalbq-mediumitalic.svg","zapfinternationalbq-mediumitalic.t42":"zapfinternationalbq-mediumitalic.t42","zapfinternationalbq-mediumitalic.ttd":"zapfinternationalbq-mediumitalic.ttd","zapfinternationalbq-mediumitalic.ttf":"zapfinternationalbq-mediumitalic.ttf","zapfinternationalbq-mediumitalic.ttg":"zapfinternationalbq-mediumitalic.ttg","zapfinternationalbq-mediumitalic.ufm":"zapfinternationalbq-mediumitalic.ufm","zapfinternationalbq-mediumitalic.woff":"zapfinternationalbq-mediumitalic.woff","zapfinternationalbq-mediumitalic.z":"zapfinternationalbq-mediumitalic.z","":{"zapfinternationalbq-mediumitalic.afm":"zapfinternationalbq-mediumitalic.afm","zapfinternationalbq-mediumitalic.bin":"zapfinternationalbq-mediumitalic.bin","zapfinternationalbq-mediumitalic.cef":"zapfinternationalbq-mediumitalic.cef","zapfinternationalbq-mediumitalic.cff":"zapfinternationalbq-mediumitalic.cff","zapfinternationalbq-mediumitalic.cid":"zapfinternationalbq-mediumitalic.cid","zapfinternationalbq-mediumitalic.dfont":"zapfinternationalbq-mediumitalic.dfont","zapfinternationalbq-mediumitalic.eot":"zapfinternationalbq-mediumitalic.eot","zapfinternationalbq-mediumitalic.fon":"zapfinternationalbq-mediumitalic.fon","zapfinternationalbq-mediumitalic.gai":"zapfinternationalbq-mediumitalic.gai","zapfinternationalbq-mediumitalic.gsf":"zapfinternationalbq-mediumitalic.gsf","zapfinternationalbq-mediumitalic.hqx":"zapfinternationalbq-mediumitalic.hqx","zapfinternationalbq-mediumitalic.ik":"zapfinternationalbq-mediumitalic.ik","zapfinternationalbq-mediumitalic.mf":"zapfinternationalbq-mediumitalic.mf","zapfinternationalbq-mediumitalic.otf":"zapfinternationalbq-mediumitalic.otf","zapfinternationalbq-mediumitalic.pcf":"zapfinternationalbq-mediumitalic.pcf","zapfinternationalbq-mediumitalic.pf3":"zapfinternationalbq-mediumitalic.pf3","zapfinternationalbq-mediumitalic.pfa":"zapfinternationalbq-mediumitalic.pfa","zapfinternationalbq-mediumitalic.pfb":"zapfinternationalbq-mediumitalic.pfb","zapfinternationalbq-mediumitalic.php":"zapfinternationalbq-mediumitalic.php","zapfinternationalbq-mediumitalic.pmf":"zapfinternationalbq-mediumitalic.pmf","zapfinternationalbq-mediumitalic.pt3":"zapfinternationalbq-mediumitalic.pt3","zapfinternationalbq-mediumitalic.sfd":"zapfinternationalbq-mediumitalic.sfd","zapfinternationalbq-mediumitalic.svg":"zapfinternationalbq-mediumitalic.svg","zapfinternationalbq-mediumitalic.t42":"zapfinternationalbq-mediumitalic.t42","zapfinternationalbq-mediumitalic.ttd":"zapfinternationalbq-mediumitalic.ttd","zapfinternationalbq-mediumitalic.ttf":"zapfinternationalbq-mediumitalic.ttf","zapfinternationalbq-mediumitalic.ttg":"zapfinternationalbq-mediumitalic.ttg","zapfinternationalbq-mediumitalic.ufm":"zapfinternationalbq-mediumitalic.ufm","zapfinternationalbq-mediumitalic.woff":"zapfinternationalbq-mediumitalic.woff","zapfinternationalbq-mediumitalic.z":"zapfinternationalbq-mediumitalic.z"},"\/zapfinternationalbq-mediumitalic.ufo":{"feature.fea":"feature.fea","fontinfo.plist":"fontinfo.plist","groups.plist":"groups.plist","kerning.plist":"kerning.plist","metainfo.plist":"metainfo.plist"},"\/zapfinternationalbq-mediumitalic.ufo\/glyphs":{"A_.glif":"A_.glif","A_E_.glif":"A_E_.glif","A_acute.glif":"A_acute.glif","A_circumflex.glif":"A_circumflex.glif","A_cute.glif":"A_cute.glif","A_dieresis.glif":"A_dieresis.glif","A_grave.glif":"A_grave.glif","A_ring.glif":"A_ring.glif","A_tilde.glif":"A_tilde.glif","B_.glif":"B_.glif","C_.glif":"C_.glif","C_aron.glif":"C_aron.glif","C_cedilla.glif":"C_cedilla.glif","C_ircumflex.glif":"C_ircumflex.glif","D_.glif":"D_.glif","D_ieresis.glif":"D_ieresis.glif","E_.glif":"E_.glif","E_acute.glif":"E_acute.glif","E_circumflex.glif":"E_circumflex.glif","E_dieresis.glif":"E_dieresis.glif","E_grave.glif":"E_grave.glif","F_.glif":"F_.glif","G_.glif":"G_.glif","G_rave.glif":"G_rave.glif","H_.glif":"H_.glif","I_.glif":"I_.glif","I_acute.glif":"I_acute.glif","I_circumflex.glif":"I_circumflex.glif","I_dieresis.glif":"I_dieresis.glif","I_grave.glif":"I_grave.glif","J_.glif":"J_.glif","K_.glif":"K_.glif","L_.glif":"L_.glif","M_.glif":"M_.glif","N_.glif":"N_.glif","N_tilde.glif":"N_tilde.glif","O_.glif":"O_.glif","O_E_.glif":"O_E_.glif","O_acute.glif":"O_acute.glif","O_circumflex.glif":"O_circumflex.glif","O_dieresis.glif":"O_dieresis.glif","O_grave.glif":"O_grave.glif","O_slash.glif":"O_slash.glif","O_tilde.glif":"O_tilde.glif","P_.glif":"P_.glif","Q_.glif":"Q_.glif","R_.glif":"R_.glif","S_.glif":"S_.glif","T_.glif":"T_.glif","T_ilde.glif":"T_ilde.glif","U_.glif":"U_.glif","U_acute.glif":"U_acute.glif","U_circumflex.glif":"U_circumflex.glif","U_dieresis.glif":"U_dieresis.glif","U_grave.glif":"U_grave.glif","V_.glif":"V_.glif","W_.glif":"W_.glif","X_.glif":"X_.glif","Y_.glif":"Y_.glif","Y_dieresis.glif":"Y_dieresis.glif","Z_.glif":"Z_.glif","a.glif":"a.glif","aacute.glif":"aacute.glif","acircumflex.glif":"acircumflex.glif","acute.glif":"acute.glif","adieresis.glif":"adieresis.glif","ae.glif":"ae.glif","agrave.glif":"agrave.glif","ampersand.glif":"ampersand.glif","aring.glif":"aring.glif","asciicircum.glif":"asciicircum.glif","asciitilde.glif":"asciitilde.glif","asterisk.glif":"asterisk.glif","at.glif":"at.glif","atilde.glif":"atilde.glif","b.glif":"b.glif","backslash.glif":"backslash.glif","bar.glif":"bar.glif","braceleft.glif":"braceleft.glif","braceright.glif":"braceright.glif","bracketleft.glif":"bracketleft.glif","bracketright.glif":"bracketright.glif","brokenbar.glif":"brokenbar.glif","bullet.glif":"bullet.glif","c.glif":"c.glif","caron.glif":"caron.glif","ccedilla.glif":"ccedilla.glif","cedilla.glif":"cedilla.glif","circumflex.glif":"circumflex.glif","colon.glif":"colon.glif","comma.glif":"comma.glif","contents.plist":"contents.plist","copyright.glif":"copyright.glif","currency.glif":"currency.glif","d.glif":"d.glif","dagger.glif":"dagger.glif","degree.glif":"degree.glif","dieresis.glif":"dieresis.glif","divide.glif":"divide.glif","dollar.glif":"dollar.glif","dotlessi.glif":"dotlessi.glif","e.glif":"e.glif","eacute.glif":"eacute.glif","ecircumflex.glif":"ecircumflex.glif","edieresis.glif":"edieresis.glif","egrave.glif":"egrave.glif","eight.glif":"eight.glif","ellipsis.glif":"ellipsis.glif","emdash.glif":"emdash.glif","endash.glif":"endash.glif","equal.glif":"equal.glif","exclam.glif":"exclam.glif","exclamdown.glif":"exclamdown.glif","f.glif":"f.glif","fi.glif":"fi.glif","five.glif":"five.glif","fl.glif":"fl.glif","four.glif":"four.glif","fraction.glif":"fraction.glif","g.glif":"g.glif","germandbls.glif":"germandbls.glif","grave.glif":"grave.glif","greater.glif":"greater.glif","guillemotleft.glif":"guillemotleft.glif","guillemotright.glif":"guillemotright.glif","h.glif":"h.glif","hyphen.glif":"hyphen.glif","i.glif":"i.glif","iacute.glif":"iacute.glif","icircumflex.glif":"icircumflex.glif","idieresis.glif":"idieresis.glif","igrave.glif":"igrave.glif","j.glif":"j.glif","k.glif":"k.glif","l.glif":"l.glif","less.glif":"less.glif","logicalnot.glif":"logicalnot.glif","m.glif":"m.glif","minus.glif":"minus.glif","mu.glif":"mu.glif","multiply.glif":"multiply.glif","n.glif":"n.glif","nine.glif":"nine.glif","ntilde.glif":"ntilde.glif","numbersign.glif":"numbersign.glif","o.glif":"o.glif","oacute.glif":"oacute.glif","ocircumflex.glif":"ocircumflex.glif","odieresis.glif":"odieresis.glif","oe.glif":"oe.glif","ograve.glif":"ograve.glif","one.glif":"one.glif","onefitted.glif":"onefitted.glif","oslash.glif":"oslash.glif","otilde.glif":"otilde.glif","p.glif":"p.glif","paragraph.glif":"paragraph.glif","parenleft.glif":"parenleft.glif","parenright.glif":"parenright.glif","percent.glif":"percent.glif","period.glif":"period.glif","periodcentered.glif":"periodcentered.glif","plus.glif":"plus.glif","plusminus.glif":"plusminus.glif","q.glif":"q.glif","question.glif":"question.glif","questiondown.glif":"questiondown.glif","quotedbl.glif":"quotedbl.glif","quotedblbase.glif":"quotedblbase.glif","quotedblleft.glif":"quotedblleft.glif","quotedblright.glif":"quotedblright.glif","quoteleft.glif":"quoteleft.glif","quoteright.glif":"quoteright.glif","quotesinglbase.glif":"quotesinglbase.glif","quotesingle.glif":"quotesingle.glif","r.glif":"r.glif","registered.glif":"registered.glif","s.glif":"s.glif","section.glif":"section.glif","semicolon.glif":"semicolon.glif","seven.glif":"seven.glif","six.glif":"six.glif","slash.glif":"slash.glif","space.glif":"space.glif","sterling.glif":"sterling.glif","t.glif":"t.glif","three.glif":"three.glif","tilde.glif":"tilde.glif","trademark.glif":"trademark.glif","two.glif":"two.glif","u.glif":"u.glif","uacute.glif":"uacute.glif","ucircumflex.glif":"ucircumflex.glif","udieresis.glif":"udieresis.glif","ugrave.glif":"ugrave.glif","underscore.glif":"underscore.glif","v.glif":"v.glif","w.glif":"w.glif","x.glif":"x.glif","y.glif":"y.glif","ydieresis.glif":"ydieresis.glif","z.glif":"z.glif","zero.glif":"zero.glif"}},"Font":{"uploaded":1478235537.6976,"licence":"gpl3","company":"Chronolabs Cooperative","title":"Zeitgeist MTStd Bold","version":2.001,"date":"Fri Oct 14 23:23:50 2016","creator":"root","type":"1","matrix":"0.001 0 0 0.001 0 0","named":"ZeitgeistMTStd-Bold","painttype":"0","info":"11 dict dup","name":"Zeitgeist MT Std Bold","family":"Zeitgeist MT Std","weight":"Bold","fstype":"4","italicangle":"0","underlineposition":"","underlinethickness":""},"Table":{"FFTM":{"entryLength":16,"tag":"FFTM","checksum":1955350012,"offset":58048,"length":28},"GDEF":{"entryLength":16,"tag":"GDEF","checksum":16384006,"offset":58016,"length":32},"OS\/2":{"entryLength":16,"tag":"OS\/2","checksum":1475484450,"offset":344,"length":86},"cmap":{"entryLength":16,"tag":"cmap","checksum":1202625340,"offset":1252,"length":586},"gasp":{"entryLength":16,"tag":"gasp","checksum":4294901763,"offset":58008,"length":8},"glyf":{"entryLength":16,"tag":"glyf","checksum":1155334969,"offset":2252,"length":54360},"head":{"entryLength":16,"tag":"head","checksum":197061264,"offset":220,"length":54},"hhea":{"entryLength":16,"tag":"hhea","checksum":136971021,"offset":276,"length":36},"hmtx":{"entryLength":16,"tag":"hmtx","checksum":3180541088,"offset":432,"length":820},"loca":{"entryLength":16,"tag":"loca","checksum":2574962352,"offset":1840,"length":412},"maxp":{"entryLength":16,"tag":"maxp","checksum":18088176,"offset":312,"length":32},"name":{"entryLength":16,"tag":"name","checksum":2959951887,"offset":56612,"length":894},"post":{"entryLength":16,"tag":"post","checksum":2765830921,"offset":57508,"length":498}},"UnicodeCharMap":{"32":3,"33":4,"34":5,"35":6,"36":7,"37":8,"38":9,"39":10,"40":11,"41":12,"42":13,"43":14,"44":15,"45":16,"46":17,"47":18,"48":19,"49":20,"50":21,"51":22,"52":23,"53":24,"54":25,"55":26,"56":27,"57":28,"58":29,"59":30,"60":31,"61":32,"62":33,"63":34,"64":35,"65":36,"66":37,"67":38,"68":39,"69":40,"70":41,"71":42,"72":43,"73":44,"74":45,"75":46,"76":47,"77":48,"78":49,"79":50,"80":51,"81":52,"82":53,"83":54,"84":55,"85":56,"86":57,"87":58,"88":59,"89":60,"90":61,"91":62,"92":63,"93":64,"94":65,"95":66,"96":67,"97":68,"98":69,"99":70,"100":71,"101":72,"102":73,"103":74,"104":75,"105":76,"106":77,"107":78,"108":79,"109":80,"110":81,"111":82,"112":83,"113":84,"114":85,"115":86,"116":87,"117":88,"118":89,"119":90,"120":91,"121":92,"122":93,"123":94,"124":95,"125":96,"126":97,"161":98,"163":99,"164":100,"166":101,"167":102,"168":103,"169":104,"171":105,"172":106,"174":107,"176":108,"177":109,"180":110,"182":112,"183":113,"184":114,"187":115,"191":116,"192":117,"193":118,"194":119,"195":120,"196":121,"197":122,"198":123,"199":124,"200":125,"201":126,"202":127,"203":128,"204":129,"205":130,"206":131,"207":132,"209":133,"210":134,"211":135,"212":136,"213":137,"214":138,"215":139,"216":140,"217":141,"218":142,"219":143,"220":144,"223":145,"224":146,"225":147,"226":148,"227":149,"228":150,"229":151,"230":152,"231":153,"232":154,"233":155,"234":156,"235":157,"236":158,"237":159,"238":160,"239":161,"241":162,"242":163,"243":164,"244":165,"245":166,"246":167,"247":168,"248":169,"249":170,"250":171,"251":172,"252":173,"255":174,"305":193,"338":192,"339":194,"376":204,"710":188,"711":190,"732":189,"956":111,"8211":181,"8212":191,"8216":176,"8217":175,"8218":184,"8220":178,"8221":186,"8222":185,"8224":182,"8226":183,"8230":187,"8260":177,"8482":201,"8722":202,"64257":179,"64258":180},"Reserves":null,"Names":[],"Nodes":{"za":{"type":"typal","node":"za","usage":1,"weight":1},"pf":{"type":"typal","node":"pf","usage":1,"weight":1},"in":{"type":"typal","node":"in","usage":1,"weight":1},"al":{"type":"typal","node":"al","usage":1,"weight":1},"zap":{"type":"typal","node":"zap","usage":1,"weight":1},"apf":{"type":"typal","node":"apf","usage":1,"weight":1},"int":{"type":"typal","node":"int","usage":1,"weight":1},"nal":{"type":"typal","node":"nal","usage":1,"weight":1},"inte":{"type":"keys","node":"inte","usage":1,"weight":1},"onal":{"type":"keys","node":"onal","usage":1,"weight":1},"inter":{"type":"keys","node":"inter","usage":1,"weight":1},"ional":{"type":"keys","node":"ional","usage":1,"weight":1},"zapf":{"type":"fixes","node":"zapf","usage":1,"weight":1},"international":{"type":"fixes","node":"international","usage":1,"weight":1},"bq":{"type":"fixes","node":"bq","usage":1,"weight":1}},"Contributors":[],"FontIdentity":"620b12bc2c9a513e2ca928591a3b3ab4","Bytes":5144479,"Networking":[],"barcode":"kQEsYM8sAMUA","referee":"a4myiwyk"}