{"CSS":{"Amaze Bold Italic":"Amaze Bold Italic.css"},"FontType":"TrueType","FontCopyright":"Copyright 1994 Bay Animation Inc. All Rights Reserved.","FontName":"Amaze","FontSubfamily":"Bold Italic","FontSubfamilyID":"FontMonger:Amaze Bold Italic","FontFullName":"Amaze Bold Italic","FontVersion":"1.0 Tue Jul 27 12:54:44 1993","FontWeight":null,"FontPostscriptName":"AmazeBoldItalic","Files":{"Font Preview for .gif":"Font Preview for .gif","Font Preview for .jpg":"Font Preview for .jpg","Font Preview for .png":"Font Preview for .png","Open Sans Light.css":"Open Sans Light.css","font-name-banner.gif":"font-name-banner.gif","font-name-banner.jpg":"font-name-banner.jpg","font-name-banner.png":"font-name-banner.png","font-resource.json":"font-resource.json","opensans-light.afm":"opensans-light.afm","opensans-light.bin":"opensans-light.bin","opensans-light.cef":"opensans-light.cef","opensans-light.cff":"opensans-light.cff","opensans-light.dfont":"opensans-light.dfont","opensans-light.eot":"opensans-light.eot","opensans-light.fon":"opensans-light.fon","opensans-light.gai":"opensans-light.gai","opensans-light.gsf":"opensans-light.gsf","opensans-light.hqx":"opensans-light.hqx","opensans-light.ik":"opensans-light.ik","opensans-light.mf":"opensans-light.mf","opensans-light.otf":"opensans-light.otf","opensans-light.pcf":"opensans-light.pcf","opensans-light.pf3":"opensans-light.pf3","opensans-light.pfa":"opensans-light.pfa","opensans-light.pfb":"opensans-light.pfb","opensans-light.pmf":"opensans-light.pmf","opensans-light.pt3":"opensans-light.pt3","opensans-light.sfd":"opensans-light.sfd","opensans-light.svg":"opensans-light.svg","opensans-light.t42":"opensans-light.t42","opensans-light.ttd":"opensans-light.ttd","opensans-light.ttf":"opensans-light.ttf","opensans-light.ttg":"opensans-light.ttg","opensans-light.woff":"opensans-light.woff"},"Table":{"FFTM":{"entryLength":16,"tag":"FFTM","checksum":3426591440,"offset":86804,"length":28},"GDEF":{"entryLength":16,"tag":"GDEF","checksum":17629188,"offset":86772,"length":32},"OS\/2":{"entryLength":16,"tag":"OS\/2","checksum":429734731,"offset":376,"length":96},"cmap":{"entryLength":16,"tag":"cmap","checksum":2206869553,"offset":1368,"length":562},"cvt ":{"entryLength":16,"tag":"cvt ","checksum":2463141316,"offset":2432,"length":486},"fpgm":{"entryLength":16,"tag":"fpgm","checksum":34718305,"offset":1932,"length":472},"glyf":{"entryLength":16,"tag":"glyf","checksum":750872616,"offset":3372,"length":82208},"head":{"entryLength":16,"tag":"head","checksum":274009024,"offset":252,"length":54},"hhea":{"entryLength":16,"tag":"hhea","checksum":322634914,"offset":308,"length":36},"hmtx":{"entryLength":16,"tag":"hmtx","checksum":4159640941,"offset":472,"length":896},"loca":{"entryLength":16,"tag":"loca","checksum":1109454644,"offset":2920,"length":450},"maxp":{"entryLength":16,"tag":"maxp","checksum":84476732,"offset":344,"length":32},"name":{"entryLength":16,"tag":"name","checksum":835219760,"offset":85580,"length":669},"post":{"entryLength":16,"tag":"post","checksum":1104418941,"offset":86252,"length":517},"prep":{"entryLength":16,"tag":"prep","checksum":4063578398,"offset":2404,"length":28}},"UnicodeCharMap":{"0":3,"8":4,"9":5,"13":6,"29":7,"32":8,"33":9,"34":10,"35":11,"36":12,"37":13,"38":14,"39":15,"40":16,"41":17,"42":18,"43":19,"44":20,"45":21,"46":22,"47":23,"48":24,"49":25,"50":26,"51":27,"52":28,"53":29,"54":30,"55":31,"56":32,"57":33,"58":34,"59":35,"60":36,"61":37,"62":38,"63":39,"64":40,"65":41,"66":42,"67":43,"68":44,"69":45,"70":46,"71":47,"72":48,"73":49,"74":50,"75":51,"76":52,"77":53,"78":54,"79":55,"80":56,"81":57,"82":58,"83":59,"84":60,"85":61,"86":62,"87":63,"88":64,"89":65,"90":66,"91":67,"92":68,"93":69,"94":70,"95":71,"96":72,"97":73,"98":74,"99":75,"100":76,"101":77,"102":78,"103":79,"104":80,"105":81,"106":82,"107":83,"108":84,"109":85,"110":86,"111":87,"112":88,"113":89,"114":90,"115":91,"116":92,"117":93,"118":94,"119":95,"120":96,"121":97,"122":98,"123":99,"124":100,"125":101,"126":102,"160":103,"161":104,"162":105,"163":106,"164":107,"165":108,"167":109,"168":110,"169":111,"170":112,"171":113,"172":114,"174":115,"175":116,"176":117,"177":118,"180":119,"181":120,"182":121,"184":122,"186":123,"187":124,"191":125,"192":126,"193":127,"194":128,"195":129,"196":130,"197":131,"198":132,"199":133,"200":134,"201":135,"202":136,"203":137,"204":138,"205":139,"206":140,"207":141,"209":142,"210":143,"211":144,"212":145,"213":146,"214":147,"216":148,"217":149,"218":150,"219":151,"220":152,"223":153,"224":154,"225":155,"226":156,"227":157,"228":158,"229":159,"230":160,"231":161,"232":162,"233":163,"234":164,"235":165,"236":166,"237":167,"238":168,"239":169,"241":170,"242":171,"243":172,"244":173,"245":174,"246":175,"247":176,"248":177,"249":178,"250":179,"251":180,"252":181,"255":182,"338":183,"339":184,"376":185,"402":186,"710":187,"732":188,"8211":189,"8212":190,"8216":191,"8217":192,"8218":193,"8220":194,"8221":195,"8222":196,"8224":197,"8225":198,"8226":199,"8230":200,"8240":201,"8249":202,"8250":203,"8482":204,"8729":205},"Reserves":{"fontname":"Amaze Bold Italic"},"Names":{"Amaze Bold Italic":{"name":"Amaze Bold Italic","longitude":null,"latitude":null,"country":"","region":"","city":""}},"Nodes":{"am":{"type":"typal","node":"am","usage":1,"weight":1},"ze":{"type":"typal","node":"ze","usage":1,"weight":1},"bo":{"type":"typal","node":"bo","usage":1,"weight":1},"ld":{"type":"typal","node":"ld","usage":1,"weight":1},"it":{"type":"typal","node":"it","usage":1,"weight":1},"ic":{"type":"typal","node":"ic","usage":1,"weight":1},"ama":{"type":"typal","node":"ama","usage":1,"weight":1},"aze":{"type":"typal","node":"aze","usage":1,"weight":1},"bol":{"type":"typal","node":"bol","usage":1,"weight":1},"old":{"type":"typal","node":"old","usage":1,"weight":1},"ita":{"type":"typal","node":"ita","usage":1,"weight":1},"lic":{"type":"typal","node":"lic","usage":1,"weight":1},"amaz":{"type":"keys","node":"amaz","usage":1,"weight":1},"maze":{"type":"keys","node":"maze","usage":1,"weight":1},"ital":{"type":"keys","node":"ital","usage":1,"weight":1},"alic":{"type":"keys","node":"alic","usage":1,"weight":1},"itali":{"type":"keys","node":"itali","usage":1,"weight":1},"talic":{"type":"keys","node":"talic","usage":1,"weight":1},"amaze":{"type":"fixes","node":"amaze","usage":1,"weight":1},"bold":{"type":"fixes","node":"bold","usage":1,"weight":1},"italic":{"type":"fixes","node":"italic","usage":1,"weight":1}},"Contributors":[],"FontIdentity":"1b79ebb2209f0c4a4d6ae0e217338f14","Bytes":null,"Networking":[]}