{"CSS":{"Excelsior LT Std Bold":"wagovau:6b9cae4255ae2182800faf34.css"},"FontType":"TrueType","FontCopyright":" The digitally encoded machine readable software for producing the\n Typefaces licensed to you is copyrighted (c) 1987, 1992, 2002 Adobe Systems.\n All Rights Reserved. This software is the property of Adobe Systems\n Incorporated and its licensors, and may not be reproduced, used, \n displayed, modified, disclosed or transferred without the express \n written approval of Adobe.\n \n The digitally encoded machine readable outline data for producing the Typefaces \n provided as part of your laser printer is copyrighted (c) 1981, 2002 Heidelberger Druckmaschinen AG. \n All rights reserved. This data is the property of Heidelberger Druckmaschinen AG, \n and may not be reproduced, used, displayed, modified, disclosed or transferred \n without the express written approval of Heidelberger Druckmaschinen AG. ","FontName":"Excelsior LT Std","FontSubfamily":"Bold","FontSubfamilyID":"FontForge 2.0 : Excelsior LT Std Bold : 12-8-2016","FontFullName":"Excelsior LT Std Bold","FontVersion":"Version 001.001 ","FontWeight":null,"FontPostscriptName":"ExcelsiorLTStd-Bold","Files":{"\/Excelsior LT Std Bold.css":"\/Excelsior LT Std Bold.css","\/excelsiorltstd-bold.afm":"\/excelsiorltstd-bold.afm","\/excelsiorltstd-bold.cef":"\/excelsiorltstd-bold.cef","\/excelsiorltstd-bold.cff":"\/excelsiorltstd-bold.cff","\/excelsiorltstd-bold.eot":"\/excelsiorltstd-bold.eot","\/excelsiorltstd-bold.gai":"\/excelsiorltstd-bold.gai","\/excelsiorltstd-bold.gsf":"\/excelsiorltstd-bold.gsf","\/excelsiorltstd-bold.otf":"\/excelsiorltstd-bold.otf","\/excelsiorltstd-bold.pf3":"\/excelsiorltstd-bold.pf3","\/excelsiorltstd-bold.pfa":"\/excelsiorltstd-bold.pfa","\/excelsiorltstd-bold.pfb":"\/excelsiorltstd-bold.pfb","\/excelsiorltstd-bold.php":"\/excelsiorltstd-bold.php","\/excelsiorltstd-bold.pt3":"\/excelsiorltstd-bold.pt3","\/excelsiorltstd-bold.sfd":"\/excelsiorltstd-bold.sfd","\/excelsiorltstd-bold.svg":"\/excelsiorltstd-bold.svg","\/excelsiorltstd-bold.t42":"\/excelsiorltstd-bold.t42","\/excelsiorltstd-bold.ttd":"\/excelsiorltstd-bold.ttd","\/excelsiorltstd-bold.ttf":"\/excelsiorltstd-bold.ttf","\/excelsiorltstd-bold.ttg":"\/excelsiorltstd-bold.ttg","\/excelsiorltstd-bold.ufm":"\/excelsiorltstd-bold.ufm","\/excelsiorltstd-bold.woff":"\/excelsiorltstd-bold.woff","\/excelsiorltstd-bold.z":"\/excelsiorltstd-bold.z","\/font-resource.json":"\/font-resource.json","\/excelsiorltstd-bold.ufo\/feature.fea":"\/excelsiorltstd-bold.ufo\/feature.fea","\/excelsiorltstd-bold.ufo\/fontinfo.plist":"\/excelsiorltstd-bold.ufo\/fontinfo.plist","\/excelsiorltstd-bold.ufo\/groups.plist":"\/excelsiorltstd-bold.ufo\/groups.plist","\/excelsiorltstd-bold.ufo\/kerning.plist":"\/excelsiorltstd-bold.ufo\/kerning.plist","\/excelsiorltstd-bold.ufo\/metainfo.plist":"\/excelsiorltstd-bold.ufo\/metainfo.plist","\/excelsiorltstd-bold.ufo\/glyphs\/A_.glif":"\/excelsiorltstd-bold.ufo\/glyphs\/A_.glif","\/excelsiorltstd-bold.ufo\/glyphs\/A_E_.glif":"\/excelsiorltstd-bold.ufo\/glyphs\/A_E_.glif","\/excelsiorltstd-bold.ufo\/glyphs\/A_acute.glif":"\/excelsiorltstd-bold.ufo\/glyphs\/A_acute.glif","\/excelsiorltstd-bold.ufo\/glyphs\/A_circumflex.glif":"\/excelsiorltstd-bold.ufo\/glyphs\/A_circumflex.glif","\/excelsiorltstd-bold.ufo\/glyphs\/A_dieresis.glif":"\/excelsiorltstd-bold.ufo\/glyphs\/A_dieresis.glif","\/excelsiorltstd-bold.ufo\/glyphs\/A_grave.glif":"\/excelsiorltstd-bold.ufo\/glyphs\/A_grave.glif","\/excelsiorltstd-bold.ufo\/glyphs\/A_ring.glif":"\/excelsiorltstd-bold.ufo\/glyphs\/A_ring.glif","\/excelsiorltstd-bold.ufo\/glyphs\/A_tilde.glif":"\/excelsiorltstd-bold.ufo\/glyphs\/A_tilde.glif","\/excelsiorltstd-bold.ufo\/glyphs\/B_.glif":"\/excelsiorltstd-bold.ufo\/glyphs\/B_.glif","\/excelsiorltstd-bold.ufo\/glyphs\/C_.glif":"\/excelsiorltstd-bold.ufo\/glyphs\/C_.glif","\/excelsiorltstd-bold.ufo\/glyphs\/C_cedilla.glif":"\/excelsiorltstd-bold.ufo\/glyphs\/C_cedilla.glif","\/excelsiorltstd-bold.ufo\/glyphs\/D_.glif":"\/excelsiorltstd-bold.ufo\/glyphs\/D_.glif","\/excelsiorltstd-bold.ufo\/glyphs\/D_elta.glif":"\/excelsiorltstd-bold.ufo\/glyphs\/D_elta.glif","\/excelsiorltstd-bold.ufo\/glyphs\/E_.glif":"\/excelsiorltstd-bold.ufo\/glyphs\/E_.glif","\/excelsiorltstd-bold.ufo\/glyphs\/E_acute.glif":"\/excelsiorltstd-bold.ufo\/glyphs\/E_acute.glif","\/excelsiorltstd-bold.ufo\/glyphs\/E_circumflex.glif":"\/excelsiorltstd-bold.ufo\/glyphs\/E_circumflex.glif","\/excelsiorltstd-bold.ufo\/glyphs\/E_dieresis.glif":"\/excelsiorltstd-bold.ufo\/glyphs\/E_dieresis.glif","\/excelsiorltstd-bold.ufo\/glyphs\/E_grave.glif":"\/excelsiorltstd-bold.ufo\/glyphs\/E_grave.glif","\/excelsiorltstd-bold.ufo\/glyphs\/E_th.glif":"\/excelsiorltstd-bold.ufo\/glyphs\/E_th.glif","\/excelsiorltstd-bold.ufo\/glyphs\/E_uro.glif":"\/excelsiorltstd-bold.ufo\/glyphs\/E_uro.glif","\/excelsiorltstd-bold.ufo\/glyphs\/F_.glif":"\/excelsiorltstd-bold.ufo\/glyphs\/F_.glif","\/excelsiorltstd-bold.ufo\/glyphs\/G_.glif":"\/excelsiorltstd-bold.ufo\/glyphs\/G_.glif","\/excelsiorltstd-bold.ufo\/glyphs\/H_.glif":"\/excelsiorltstd-bold.ufo\/glyphs\/H_.glif","\/excelsiorltstd-bold.ufo\/glyphs\/I_.glif":"\/excelsiorltstd-bold.ufo\/glyphs\/I_.glif","\/excelsiorltstd-bold.ufo\/glyphs\/I_acute.glif":"\/excelsiorltstd-bold.ufo\/glyphs\/I_acute.glif","\/excelsiorltstd-bold.ufo\/glyphs\/I_circumflex.glif":"\/excelsiorltstd-bold.ufo\/glyphs\/I_circumflex.glif","\/excelsiorltstd-bold.ufo\/glyphs\/I_dieresis.glif":"\/excelsiorltstd-bold.ufo\/glyphs\/I_dieresis.glif","\/excelsiorltstd-bold.ufo\/glyphs\/I_grave.glif":"\/excelsiorltstd-bold.ufo\/glyphs\/I_grave.glif","\/excelsiorltstd-bold.ufo\/glyphs\/J_.glif":"\/excelsiorltstd-bold.ufo\/glyphs\/J_.glif","\/excelsiorltstd-bold.ufo\/glyphs\/K_.glif":"\/excelsiorltstd-bold.ufo\/glyphs\/K_.glif","\/excelsiorltstd-bold.ufo\/glyphs\/L_.glif":"\/excelsiorltstd-bold.ufo\/glyphs\/L_.glif","\/excelsiorltstd-bold.ufo\/glyphs\/L_slash.glif":"\/excelsiorltstd-bold.ufo\/glyphs\/L_slash.glif","\/excelsiorltstd-bold.ufo\/glyphs\/M_.glif":"\/excelsiorltstd-bold.ufo\/glyphs\/M_.glif","\/excelsiorltstd-bold.ufo\/glyphs\/N_.glif":"\/excelsiorltstd-bold.ufo\/glyphs\/N_.glif","\/excelsiorltstd-bold.ufo\/glyphs\/N_tilde.glif":"\/excelsiorltstd-bold.ufo\/glyphs\/N_tilde.glif","\/excelsiorltstd-bold.ufo\/glyphs\/O_.glif":"\/excelsiorltstd-bold.ufo\/glyphs\/O_.glif","\/excelsiorltstd-bold.ufo\/glyphs\/O_E_.glif":"\/excelsiorltstd-bold.ufo\/glyphs\/O_E_.glif","\/excelsiorltstd-bold.ufo\/glyphs\/O_acute.glif":"\/excelsiorltstd-bold.ufo\/glyphs\/O_acute.glif","\/excelsiorltstd-bold.ufo\/glyphs\/O_circumflex.glif":"\/excelsiorltstd-bold.ufo\/glyphs\/O_circumflex.glif","\/excelsiorltstd-bold.ufo\/glyphs\/O_dieresis.glif":"\/excelsiorltstd-bold.ufo\/glyphs\/O_dieresis.glif","\/excelsiorltstd-bold.ufo\/glyphs\/O_grave.glif":"\/excelsiorltstd-bold.ufo\/glyphs\/O_grave.glif","\/excelsiorltstd-bold.ufo\/glyphs\/O_mega.glif":"\/excelsiorltstd-bold.ufo\/glyphs\/O_mega.glif","\/excelsiorltstd-bold.ufo\/glyphs\/O_slash.glif":"\/excelsiorltstd-bold.ufo\/glyphs\/O_slash.glif","\/excelsiorltstd-bold.ufo\/glyphs\/O_tilde.glif":"\/excelsiorltstd-bold.ufo\/glyphs\/O_tilde.glif","\/excelsiorltstd-bold.ufo\/glyphs\/P_.glif":"\/excelsiorltstd-bold.ufo\/glyphs\/P_.glif","\/excelsiorltstd-bold.ufo\/glyphs\/Q_.glif":"\/excelsiorltstd-bold.ufo\/glyphs\/Q_.glif","\/excelsiorltstd-bold.ufo\/glyphs\/R_.glif":"\/excelsiorltstd-bold.ufo\/glyphs\/R_.glif","\/excelsiorltstd-bold.ufo\/glyphs\/S_.glif":"\/excelsiorltstd-bold.ufo\/glyphs\/S_.glif","\/excelsiorltstd-bold.ufo\/glyphs\/S_caron.glif":"\/excelsiorltstd-bold.ufo\/glyphs\/S_caron.glif","\/excelsiorltstd-bold.ufo\/glyphs\/T_.glif":"\/excelsiorltstd-bold.ufo\/glyphs\/T_.glif","\/excelsiorltstd-bold.ufo\/glyphs\/T_horn.glif":"\/excelsiorltstd-bold.ufo\/glyphs\/T_horn.glif","\/excelsiorltstd-bold.ufo\/glyphs\/U_.glif":"\/excelsiorltstd-bold.ufo\/glyphs\/U_.glif","\/excelsiorltstd-bold.ufo\/glyphs\/U_acute.glif":"\/excelsiorltstd-bold.ufo\/glyphs\/U_acute.glif","\/excelsiorltstd-bold.ufo\/glyphs\/U_circumflex.glif":"\/excelsiorltstd-bold.ufo\/glyphs\/U_circumflex.glif","\/excelsiorltstd-bold.ufo\/glyphs\/U_dieresis.glif":"\/excelsiorltstd-bold.ufo\/glyphs\/U_dieresis.glif","\/excelsiorltstd-bold.ufo\/glyphs\/U_grave.glif":"\/excelsiorltstd-bold.ufo\/glyphs\/U_grave.glif","\/excelsiorltstd-bold.ufo\/glyphs\/V_.glif":"\/excelsiorltstd-bold.ufo\/glyphs\/V_.glif","\/excelsiorltstd-bold.ufo\/glyphs\/W_.glif":"\/excelsiorltstd-bold.ufo\/glyphs\/W_.glif","\/excelsiorltstd-bold.ufo\/glyphs\/X_.glif":"\/excelsiorltstd-bold.ufo\/glyphs\/X_.glif","\/excelsiorltstd-bold.ufo\/glyphs\/Y_.glif":"\/excelsiorltstd-bold.ufo\/glyphs\/Y_.glif","\/excelsiorltstd-bold.ufo\/glyphs\/Y_acute.glif":"\/excelsiorltstd-bold.ufo\/glyphs\/Y_acute.glif","\/excelsiorltstd-bold.ufo\/glyphs\/Y_dieresis.glif":"\/excelsiorltstd-bold.ufo\/glyphs\/Y_dieresis.glif","\/excelsiorltstd-bold.ufo\/glyphs\/Z_.glif":"\/excelsiorltstd-bold.ufo\/glyphs\/Z_.glif","\/excelsiorltstd-bold.ufo\/glyphs\/Z_caron.glif":"\/excelsiorltstd-bold.ufo\/glyphs\/Z_caron.glif","\/excelsiorltstd-bold.ufo\/glyphs\/_notdef.glif":"\/excelsiorltstd-bold.ufo\/glyphs\/_notdef.glif","\/excelsiorltstd-bold.ufo\/glyphs\/a.glif":"\/excelsiorltstd-bold.ufo\/glyphs\/a.glif","\/excelsiorltstd-bold.ufo\/glyphs\/aacute.glif":"\/excelsiorltstd-bold.ufo\/glyphs\/aacute.glif","\/excelsiorltstd-bold.ufo\/glyphs\/acircumflex.glif":"\/excelsiorltstd-bold.ufo\/glyphs\/acircumflex.glif","\/excelsiorltstd-bold.ufo\/glyphs\/acute.cap.glif":"\/excelsiorltstd-bold.ufo\/glyphs\/acute.cap.glif","\/excelsiorltstd-bold.ufo\/glyphs\/acute.glif":"\/excelsiorltstd-bold.ufo\/glyphs\/acute.glif","\/excelsiorltstd-bold.ufo\/glyphs\/adieresis.glif":"\/excelsiorltstd-bold.ufo\/glyphs\/adieresis.glif","\/excelsiorltstd-bold.ufo\/glyphs\/ae.glif":"\/excelsiorltstd-bold.ufo\/glyphs\/ae.glif","\/excelsiorltstd-bold.ufo\/glyphs\/afii10017.glif":"\/excelsiorltstd-bold.ufo\/glyphs\/afii10017.glif","\/excelsiorltstd-bold.ufo\/glyphs\/afii10018.glif":"\/excelsiorltstd-bold.ufo\/glyphs\/afii10018.glif","\/excelsiorltstd-bold.ufo\/glyphs\/afii10019.glif":"\/excelsiorltstd-bold.ufo\/glyphs\/afii10019.glif","\/excelsiorltstd-bold.ufo\/glyphs\/afii10020.glif":"\/excelsiorltstd-bold.ufo\/glyphs\/afii10020.glif","\/excelsiorltstd-bold.ufo\/glyphs\/afii10021.glif":"\/excelsiorltstd-bold.ufo\/glyphs\/afii10021.glif","\/excelsiorltstd-bold.ufo\/glyphs\/afii10022.glif":"\/excelsiorltstd-bold.ufo\/glyphs\/afii10022.glif","\/excelsiorltstd-bold.ufo\/glyphs\/afii10023.glif":"\/excelsiorltstd-bold.ufo\/glyphs\/afii10023.glif","\/excelsiorltstd-bold.ufo\/glyphs\/afii10024.glif":"\/excelsiorltstd-bold.ufo\/glyphs\/afii10024.glif","\/excelsiorltstd-bold.ufo\/glyphs\/afii10025.glif":"\/excelsiorltstd-bold.ufo\/glyphs\/afii10025.glif","\/excelsiorltstd-bold.ufo\/glyphs\/afii10026.glif":"\/excelsiorltstd-bold.ufo\/glyphs\/afii10026.glif","\/excelsiorltstd-bold.ufo\/glyphs\/afii10027.glif":"\/excelsiorltstd-bold.ufo\/glyphs\/afii10027.glif","\/excelsiorltstd-bold.ufo\/glyphs\/afii10028.glif":"\/excelsiorltstd-bold.ufo\/glyphs\/afii10028.glif","\/excelsiorltstd-bold.ufo\/glyphs\/afii10029.glif":"\/excelsiorltstd-bold.ufo\/glyphs\/afii10029.glif","\/excelsiorltstd-bold.ufo\/glyphs\/afii10030.glif":"\/excelsiorltstd-bold.ufo\/glyphs\/afii10030.glif","\/excelsiorltstd-bold.ufo\/glyphs\/afii10031.glif":"\/excelsiorltstd-bold.ufo\/glyphs\/afii10031.glif","\/excelsiorltstd-bold.ufo\/glyphs\/afii10032.glif":"\/excelsiorltstd-bold.ufo\/glyphs\/afii10032.glif","\/excelsiorltstd-bold.ufo\/glyphs\/afii10033.glif":"\/excelsiorltstd-bold.ufo\/glyphs\/afii10033.glif","\/excelsiorltstd-bold.ufo\/glyphs\/afii10034.glif":"\/excelsiorltstd-bold.ufo\/glyphs\/afii10034.glif","\/excelsiorltstd-bold.ufo\/glyphs\/afii10035.glif":"\/excelsiorltstd-bold.ufo\/glyphs\/afii10035.glif","\/excelsiorltstd-bold.ufo\/glyphs\/afii10036.glif":"\/excelsiorltstd-bold.ufo\/glyphs\/afii10036.glif","\/excelsiorltstd-bold.ufo\/glyphs\/afii10037.glif":"\/excelsiorltstd-bold.ufo\/glyphs\/afii10037.glif","\/excelsiorltstd-bold.ufo\/glyphs\/afii10038.glif":"\/excelsiorltstd-bold.ufo\/glyphs\/afii10038.glif","\/excelsiorltstd-bold.ufo\/glyphs\/afii10039.glif":"\/excelsiorltstd-bold.ufo\/glyphs\/afii10039.glif","\/excelsiorltstd-bold.ufo\/glyphs\/afii10040.glif":"\/excelsiorltstd-bold.ufo\/glyphs\/afii10040.glif","\/excelsiorltstd-bold.ufo\/glyphs\/afii10041.glif":"\/excelsiorltstd-bold.ufo\/glyphs\/afii10041.glif","\/excelsiorltstd-bold.ufo\/glyphs\/afii10042.glif":"\/excelsiorltstd-bold.ufo\/glyphs\/afii10042.glif","\/excelsiorltstd-bold.ufo\/glyphs\/afii10043.glif":"\/excelsiorltstd-bold.ufo\/glyphs\/afii10043.glif","\/excelsiorltstd-bold.ufo\/glyphs\/afii10044.glif":"\/excelsiorltstd-bold.ufo\/glyphs\/afii10044.glif","\/excelsiorltstd-bold.ufo\/glyphs\/afii10045.glif":"\/excelsiorltstd-bold.ufo\/glyphs\/afii10045.glif","\/excelsiorltstd-bold.ufo\/glyphs\/afii10046.glif":"\/excelsiorltstd-bold.ufo\/glyphs\/afii10046.glif","\/excelsiorltstd-bold.ufo\/glyphs\/afii10047.glif":"\/excelsiorltstd-bold.ufo\/glyphs\/afii10047.glif","\/excelsiorltstd-bold.ufo\/glyphs\/afii10048.glif":"\/excelsiorltstd-bold.ufo\/glyphs\/afii10048.glif","\/excelsiorltstd-bold.ufo\/glyphs\/afii10049.glif":"\/excelsiorltstd-bold.ufo\/glyphs\/afii10049.glif","\/excelsiorltstd-bold.ufo\/glyphs\/afii10050.glif":"\/excelsiorltstd-bold.ufo\/glyphs\/afii10050.glif","\/excelsiorltstd-bold.ufo\/glyphs\/afii10051.glif":"\/excelsiorltstd-bold.ufo\/glyphs\/afii10051.glif","\/excelsiorltstd-bold.ufo\/glyphs\/afii10052.glif":"\/excelsiorltstd-bold.ufo\/glyphs\/afii10052.glif","\/excelsiorltstd-bold.ufo\/glyphs\/afii10053.glif":"\/excelsiorltstd-bold.ufo\/glyphs\/afii10053.glif","\/excelsiorltstd-bold.ufo\/glyphs\/afii10054.glif":"\/excelsiorltstd-bold.ufo\/glyphs\/afii10054.glif","\/excelsiorltstd-bold.ufo\/glyphs\/afii10055.glif":"\/excelsiorltstd-bold.ufo\/glyphs\/afii10055.glif","\/excelsiorltstd-bold.ufo\/glyphs\/afii10056.glif":"\/excelsiorltstd-bold.ufo\/glyphs\/afii10056.glif","\/excelsiorltstd-bold.ufo\/glyphs\/afii10057.glif":"\/excelsiorltstd-bold.ufo\/glyphs\/afii10057.glif","\/excelsiorltstd-bold.ufo\/glyphs\/afii10058.glif":"\/excelsiorltstd-bold.ufo\/glyphs\/afii10058.glif","\/excelsiorltstd-bold.ufo\/glyphs\/afii10059.glif":"\/excelsiorltstd-bold.ufo\/glyphs\/afii10059.glif","\/excelsiorltstd-bold.ufo\/glyphs\/afii10060.glif":"\/excelsiorltstd-bold.ufo\/glyphs\/afii10060.glif","\/excelsiorltstd-bold.ufo\/glyphs\/afii10061.glif":"\/excelsiorltstd-bold.ufo\/glyphs\/afii10061.glif","\/excelsiorltstd-bold.ufo\/glyphs\/afii10062.glif":"\/excelsiorltstd-bold.ufo\/glyphs\/afii10062.glif","\/excelsiorltstd-bold.ufo\/glyphs\/afii10065.glif":"\/excelsiorltstd-bold.ufo\/glyphs\/afii10065.glif","\/excelsiorltstd-bold.ufo\/glyphs\/afii10066.glif":"\/excelsiorltstd-bold.ufo\/glyphs\/afii10066.glif","\/excelsiorltstd-bold.ufo\/glyphs\/afii10066.ital.glif":"\/excelsiorltstd-bold.ufo\/glyphs\/afii10066.ital.glif","\/excelsiorltstd-bold.ufo\/glyphs\/afii10067.glif":"\/excelsiorltstd-bold.ufo\/glyphs\/afii10067.glif","\/excelsiorltstd-bold.ufo\/glyphs\/afii10068.glif":"\/excelsiorltstd-bold.ufo\/glyphs\/afii10068.glif","\/excelsiorltstd-bold.ufo\/glyphs\/afii10069.glif":"\/excelsiorltstd-bold.ufo\/glyphs\/afii10069.glif","\/excelsiorltstd-bold.ufo\/glyphs\/afii10070.glif":"\/excelsiorltstd-bold.ufo\/glyphs\/afii10070.glif","\/excelsiorltstd-bold.ufo\/glyphs\/afii10071.glif":"\/excelsiorltstd-bold.ufo\/glyphs\/afii10071.glif","\/excelsiorltstd-bold.ufo\/glyphs\/afii10072.glif":"\/excelsiorltstd-bold.ufo\/glyphs\/afii10072.glif","\/excelsiorltstd-bold.ufo\/glyphs\/afii10073.glif":"\/excelsiorltstd-bold.ufo\/glyphs\/afii10073.glif","\/excelsiorltstd-bold.ufo\/glyphs\/afii10074.glif":"\/excelsiorltstd-bold.ufo\/glyphs\/afii10074.glif","\/excelsiorltstd-bold.ufo\/glyphs\/afii10075.glif":"\/excelsiorltstd-bold.ufo\/glyphs\/afii10075.glif","\/excelsiorltstd-bold.ufo\/glyphs\/afii10076.glif":"\/excelsiorltstd-bold.ufo\/glyphs\/afii10076.glif","\/excelsiorltstd-bold.ufo\/glyphs\/afii10077.glif":"\/excelsiorltstd-bold.ufo\/glyphs\/afii10077.glif","\/excelsiorltstd-bold.ufo\/glyphs\/afii10078.glif":"\/excelsiorltstd-bold.ufo\/glyphs\/afii10078.glif","\/excelsiorltstd-bold.ufo\/glyphs\/afii10079.glif":"\/excelsiorltstd-bold.ufo\/glyphs\/afii10079.glif","\/excelsiorltstd-bold.ufo\/glyphs\/afii10080.glif":"\/excelsiorltstd-bold.ufo\/glyphs\/afii10080.glif","\/excelsiorltstd-bold.ufo\/glyphs\/afii10081.glif":"\/excelsiorltstd-bold.ufo\/glyphs\/afii10081.glif","\/excelsiorltstd-bold.ufo\/glyphs\/afii10082.glif":"\/excelsiorltstd-bold.ufo\/glyphs\/afii10082.glif","\/excelsiorltstd-bold.ufo\/glyphs\/afii10083.glif":"\/excelsiorltstd-bold.ufo\/glyphs\/afii10083.glif","\/excelsiorltstd-bold.ufo\/glyphs\/afii10084.glif":"\/excelsiorltstd-bold.ufo\/glyphs\/afii10084.glif","\/excelsiorltstd-bold.ufo\/glyphs\/afii10085.glif":"\/excelsiorltstd-bold.ufo\/glyphs\/afii10085.glif","\/excelsiorltstd-bold.ufo\/glyphs\/afii10086.glif":"\/excelsiorltstd-bold.ufo\/glyphs\/afii10086.glif","\/excelsiorltstd-bold.ufo\/glyphs\/afii10087.glif":"\/excelsiorltstd-bold.ufo\/glyphs\/afii10087.glif","\/excelsiorltstd-bold.ufo\/glyphs\/afii10088.glif":"\/excelsiorltstd-bold.ufo\/glyphs\/afii10088.glif","\/excelsiorltstd-bold.ufo\/glyphs\/afii10089.glif":"\/excelsiorltstd-bold.ufo\/glyphs\/afii10089.glif","\/excelsiorltstd-bold.ufo\/glyphs\/afii10090.glif":"\/excelsiorltstd-bold.ufo\/glyphs\/afii10090.glif","\/excelsiorltstd-bold.ufo\/glyphs\/afii10091.glif":"\/excelsiorltstd-bold.ufo\/glyphs\/afii10091.glif","\/excelsiorltstd-bold.ufo\/glyphs\/afii10092.glif":"\/excelsiorltstd-bold.ufo\/glyphs\/afii10092.glif","\/excelsiorltstd-bold.ufo\/glyphs\/afii10093.glif":"\/excelsiorltstd-bold.ufo\/glyphs\/afii10093.glif","\/excelsiorltstd-bold.ufo\/glyphs\/afii10094.glif":"\/excelsiorltstd-bold.ufo\/glyphs\/afii10094.glif","\/excelsiorltstd-bold.ufo\/glyphs\/afii10095.glif":"\/excelsiorltstd-bold.ufo\/glyphs\/afii10095.glif","\/excelsiorltstd-bold.ufo\/glyphs\/afii10096.glif":"\/excelsiorltstd-bold.ufo\/glyphs\/afii10096.glif","\/excelsiorltstd-bold.ufo\/glyphs\/afii10097.glif":"\/excelsiorltstd-bold.ufo\/glyphs\/afii10097.glif","\/excelsiorltstd-bold.ufo\/glyphs\/afii10098.glif":"\/excelsiorltstd-bold.ufo\/glyphs\/afii10098.glif","\/excelsiorltstd-bold.ufo\/glyphs\/afii10099.glif":"\/excelsiorltstd-bold.ufo\/glyphs\/afii10099.glif","\/excelsiorltstd-bold.ufo\/glyphs\/afii10100.glif":"\/excelsiorltstd-bold.ufo\/glyphs\/afii10100.glif","\/excelsiorltstd-bold.ufo\/glyphs\/afii10101.glif":"\/excelsiorltstd-bold.ufo\/glyphs\/afii10101.glif","\/excelsiorltstd-bold.ufo\/glyphs\/afii10102.glif":"\/excelsiorltstd-bold.ufo\/glyphs\/afii10102.glif","\/excelsiorltstd-bold.ufo\/glyphs\/afii10103.glif":"\/excelsiorltstd-bold.ufo\/glyphs\/afii10103.glif","\/excelsiorltstd-bold.ufo\/glyphs\/afii10104.glif":"\/excelsiorltstd-bold.ufo\/glyphs\/afii10104.glif","\/excelsiorltstd-bold.ufo\/glyphs\/afii10105.glif":"\/excelsiorltstd-bold.ufo\/glyphs\/afii10105.glif","\/excelsiorltstd-bold.ufo\/glyphs\/afii10106.glif":"\/excelsiorltstd-bold.ufo\/glyphs\/afii10106.glif","\/excelsiorltstd-bold.ufo\/glyphs\/afii10107.glif":"\/excelsiorltstd-bold.ufo\/glyphs\/afii10107.glif","\/excelsiorltstd-bold.ufo\/glyphs\/afii10108.glif":"\/excelsiorltstd-bold.ufo\/glyphs\/afii10108.glif","\/excelsiorltstd-bold.ufo\/glyphs\/afii10109.glif":"\/excelsiorltstd-bold.ufo\/glyphs\/afii10109.glif","\/excelsiorltstd-bold.ufo\/glyphs\/afii10110.glif":"\/excelsiorltstd-bold.ufo\/glyphs\/afii10110.glif","\/excelsiorltstd-bold.ufo\/glyphs\/afii10145.glif":"\/excelsiorltstd-bold.ufo\/glyphs\/afii10145.glif","\/excelsiorltstd-bold.ufo\/glyphs\/afii10146.glif":"\/excelsiorltstd-bold.ufo\/glyphs\/afii10146.glif","\/excelsiorltstd-bold.ufo\/glyphs\/afii10147.glif":"\/excelsiorltstd-bold.ufo\/glyphs\/afii10147.glif","\/excelsiorltstd-bold.ufo\/glyphs\/afii10148.glif":"\/excelsiorltstd-bold.ufo\/glyphs\/afii10148.glif","\/excelsiorltstd-bold.ufo\/glyphs\/afii10193.glif":"\/excelsiorltstd-bold.ufo\/glyphs\/afii10193.glif","\/excelsiorltstd-bold.ufo\/glyphs\/afii10194.glif":"\/excelsiorltstd-bold.ufo\/glyphs\/afii10194.glif","\/excelsiorltstd-bold.ufo\/glyphs\/afii10195.glif":"\/excelsiorltstd-bold.ufo\/glyphs\/afii10195.glif","\/excelsiorltstd-bold.ufo\/glyphs\/afii10196.glif":"\/excelsiorltstd-bold.ufo\/glyphs\/afii10196.glif","\/excelsiorltstd-bold.ufo\/glyphs\/afii10846.glif":"\/excelsiorltstd-bold.ufo\/glyphs\/afii10846.glif","\/excelsiorltstd-bold.ufo\/glyphs\/afii61289.glif":"\/excelsiorltstd-bold.ufo\/glyphs\/afii61289.glif","\/excelsiorltstd-bold.ufo\/glyphs\/afii61352.glif":"\/excelsiorltstd-bold.ufo\/glyphs\/afii61352.glif","\/excelsiorltstd-bold.ufo\/glyphs\/agrave.glif":"\/excelsiorltstd-bold.ufo\/glyphs\/agrave.glif","\/excelsiorltstd-bold.ufo\/glyphs\/ampersand.glif":"\/excelsiorltstd-bold.ufo\/glyphs\/ampersand.glif","\/excelsiorltstd-bold.ufo\/glyphs\/approxequal.glif":"\/excelsiorltstd-bold.ufo\/glyphs\/approxequal.glif","\/excelsiorltstd-bold.ufo\/glyphs\/aring.glif":"\/excelsiorltstd-bold.ufo\/glyphs\/aring.glif","\/excelsiorltstd-bold.ufo\/glyphs\/asciicircum.glif":"\/excelsiorltstd-bold.ufo\/glyphs\/asciicircum.glif","\/excelsiorltstd-bold.ufo\/glyphs\/asciitilde.glif":"\/excelsiorltstd-bold.ufo\/glyphs\/asciitilde.glif","\/excelsiorltstd-bold.ufo\/glyphs\/asterisk.glif":"\/excelsiorltstd-bold.ufo\/glyphs\/asterisk.glif","\/excelsiorltstd-bold.ufo\/glyphs\/at.glif":"\/excelsiorltstd-bold.ufo\/glyphs\/at.glif","\/excelsiorltstd-bold.ufo\/glyphs\/atilde.glif":"\/excelsiorltstd-bold.ufo\/glyphs\/atilde.glif","\/excelsiorltstd-bold.ufo\/glyphs\/b.glif":"\/excelsiorltstd-bold.ufo\/glyphs\/b.glif","\/excelsiorltstd-bold.ufo\/glyphs\/backslash.glif":"\/excelsiorltstd-bold.ufo\/glyphs\/backslash.glif","\/excelsiorltstd-bold.ufo\/glyphs\/bar.glif":"\/excelsiorltstd-bold.ufo\/glyphs\/bar.glif","\/excelsiorltstd-bold.ufo\/glyphs\/braceleft.glif":"\/excelsiorltstd-bold.ufo\/glyphs\/braceleft.glif","\/excelsiorltstd-bold.ufo\/glyphs\/braceright.glif":"\/excelsiorltstd-bold.ufo\/glyphs\/braceright.glif","\/excelsiorltstd-bold.ufo\/glyphs\/bracketleft.glif":"\/excelsiorltstd-bold.ufo\/glyphs\/bracketleft.glif","\/excelsiorltstd-bold.ufo\/glyphs\/bracketright.glif":"\/excelsiorltstd-bold.ufo\/glyphs\/bracketright.glif","\/excelsiorltstd-bold.ufo\/glyphs\/breve.cyr.glif":"\/excelsiorltstd-bold.ufo\/glyphs\/breve.cyr.glif","\/excelsiorltstd-bold.ufo\/glyphs\/breve.cyrcap.glif":"\/excelsiorltstd-bold.ufo\/glyphs\/breve.cyrcap.glif","\/excelsiorltstd-bold.ufo\/glyphs\/breve.glif":"\/excelsiorltstd-bold.ufo\/glyphs\/breve.glif","\/excelsiorltstd-bold.ufo\/glyphs\/brokenbar.glif":"\/excelsiorltstd-bold.ufo\/glyphs\/brokenbar.glif","\/excelsiorltstd-bold.ufo\/glyphs\/bullet.glif":"\/excelsiorltstd-bold.ufo\/glyphs\/bullet.glif","\/excelsiorltstd-bold.ufo\/glyphs\/c.glif":"\/excelsiorltstd-bold.ufo\/glyphs\/c.glif","\/excelsiorltstd-bold.ufo\/glyphs\/caron.cap.glif":"\/excelsiorltstd-bold.ufo\/glyphs\/caron.cap.glif","\/excelsiorltstd-bold.ufo\/glyphs\/caron.glif":"\/excelsiorltstd-bold.ufo\/glyphs\/caron.glif","\/excelsiorltstd-bold.ufo\/glyphs\/ccedilla.glif":"\/excelsiorltstd-bold.ufo\/glyphs\/ccedilla.glif","\/excelsiorltstd-bold.ufo\/glyphs\/cedilla.glif":"\/excelsiorltstd-bold.ufo\/glyphs\/cedilla.glif","\/excelsiorltstd-bold.ufo\/glyphs\/cent.glif":"\/excelsiorltstd-bold.ufo\/glyphs\/cent.glif","\/excelsiorltstd-bold.ufo\/glyphs\/circumflex.cyr.glif":"\/excelsiorltstd-bold.ufo\/glyphs\/circumflex.cyr.glif","\/excelsiorltstd-bold.ufo\/glyphs\/circumflex.cyrcap.glif":"\/excelsiorltstd-bold.ufo\/glyphs\/circumflex.cyrcap.glif","\/excelsiorltstd-bold.ufo\/glyphs\/circumflex.glif":"\/excelsiorltstd-bold.ufo\/glyphs\/circumflex.glif","\/excelsiorltstd-bold.ufo\/glyphs\/colon.glif":"\/excelsiorltstd-bold.ufo\/glyphs\/colon.glif","\/excelsiorltstd-bold.ufo\/glyphs\/comma.glif":"\/excelsiorltstd-bold.ufo\/glyphs\/comma.glif","\/excelsiorltstd-bold.ufo\/glyphs\/contents.plist":"\/excelsiorltstd-bold.ufo\/glyphs\/contents.plist","\/excelsiorltstd-bold.ufo\/glyphs\/copyright.glif":"\/excelsiorltstd-bold.ufo\/glyphs\/copyright.glif","\/excelsiorltstd-bold.ufo\/glyphs\/currency.glif":"\/excelsiorltstd-bold.ufo\/glyphs\/currency.glif","\/excelsiorltstd-bold.ufo\/glyphs\/d.glif":"\/excelsiorltstd-bold.ufo\/glyphs\/d.glif","\/excelsiorltstd-bold.ufo\/glyphs\/dagger.glif":"\/excelsiorltstd-bold.ufo\/glyphs\/dagger.glif","\/excelsiorltstd-bold.ufo\/glyphs\/daggerdbl.glif":"\/excelsiorltstd-bold.ufo\/glyphs\/daggerdbl.glif","\/excelsiorltstd-bold.ufo\/glyphs\/degree.glif":"\/excelsiorltstd-bold.ufo\/glyphs\/degree.glif","\/excelsiorltstd-bold.ufo\/glyphs\/dieresis.cap.glif":"\/excelsiorltstd-bold.ufo\/glyphs\/dieresis.cap.glif","\/excelsiorltstd-bold.ufo\/glyphs\/dieresis.glif":"\/excelsiorltstd-bold.ufo\/glyphs\/dieresis.glif","\/excelsiorltstd-bold.ufo\/glyphs\/divide.glif":"\/excelsiorltstd-bold.ufo\/glyphs\/divide.glif","\/excelsiorltstd-bold.ufo\/glyphs\/dollar.glif":"\/excelsiorltstd-bold.ufo\/glyphs\/dollar.glif","\/excelsiorltstd-bold.ufo\/glyphs\/dotaccent.glif":"\/excelsiorltstd-bold.ufo\/glyphs\/dotaccent.glif","\/excelsiorltstd-bold.ufo\/glyphs\/dotlessi.glif":"\/excelsiorltstd-bold.ufo\/glyphs\/dotlessi.glif","\/excelsiorltstd-bold.ufo\/glyphs\/e.glif":"\/excelsiorltstd-bold.ufo\/glyphs\/e.glif","\/excelsiorltstd-bold.ufo\/glyphs\/eacute.glif":"\/excelsiorltstd-bold.ufo\/glyphs\/eacute.glif","\/excelsiorltstd-bold.ufo\/glyphs\/ecircumflex.glif":"\/excelsiorltstd-bold.ufo\/glyphs\/ecircumflex.glif","\/excelsiorltstd-bold.ufo\/glyphs\/edieresis.glif":"\/excelsiorltstd-bold.ufo\/glyphs\/edieresis.glif","\/excelsiorltstd-bold.ufo\/glyphs\/egrave.glif":"\/excelsiorltstd-bold.ufo\/glyphs\/egrave.glif","\/excelsiorltstd-bold.ufo\/glyphs\/eight.glif":"\/excelsiorltstd-bold.ufo\/glyphs\/eight.glif","\/excelsiorltstd-bold.ufo\/glyphs\/ellipsis.glif":"\/excelsiorltstd-bold.ufo\/glyphs\/ellipsis.glif","\/excelsiorltstd-bold.ufo\/glyphs\/emdash.glif":"\/excelsiorltstd-bold.ufo\/glyphs\/emdash.glif","\/excelsiorltstd-bold.ufo\/glyphs\/endash.glif":"\/excelsiorltstd-bold.ufo\/glyphs\/endash.glif","\/excelsiorltstd-bold.ufo\/glyphs\/equal.glif":"\/excelsiorltstd-bold.ufo\/glyphs\/equal.glif","\/excelsiorltstd-bold.ufo\/glyphs\/estimated.glif":"\/excelsiorltstd-bold.ufo\/glyphs\/estimated.glif","\/excelsiorltstd-bold.ufo\/glyphs\/eth.glif":"\/excelsiorltstd-bold.ufo\/glyphs\/eth.glif","\/excelsiorltstd-bold.ufo\/glyphs\/exclam.glif":"\/excelsiorltstd-bold.ufo\/glyphs\/exclam.glif","\/excelsiorltstd-bold.ufo\/glyphs\/exclamdown.glif":"\/excelsiorltstd-bold.ufo\/glyphs\/exclamdown.glif","\/excelsiorltstd-bold.ufo\/glyphs\/f.glif":"\/excelsiorltstd-bold.ufo\/glyphs\/f.glif","\/excelsiorltstd-bold.ufo\/glyphs\/f_i.glif":"\/excelsiorltstd-bold.ufo\/glyphs\/f_i.glif","\/excelsiorltstd-bold.ufo\/glyphs\/f_l.glif":"\/excelsiorltstd-bold.ufo\/glyphs\/f_l.glif","\/excelsiorltstd-bold.ufo\/glyphs\/five.glif":"\/excelsiorltstd-bold.ufo\/glyphs\/five.glif","\/excelsiorltstd-bold.ufo\/glyphs\/florin.glif":"\/excelsiorltstd-bold.ufo\/glyphs\/florin.glif","\/excelsiorltstd-bold.ufo\/glyphs\/four.glif":"\/excelsiorltstd-bold.ufo\/glyphs\/four.glif","\/excelsiorltstd-bold.ufo\/glyphs\/fraction.glif":"\/excelsiorltstd-bold.ufo\/glyphs\/fraction.glif","\/excelsiorltstd-bold.ufo\/glyphs\/g.glif":"\/excelsiorltstd-bold.ufo\/glyphs\/g.glif","\/excelsiorltstd-bold.ufo\/glyphs\/germandbls.glif":"\/excelsiorltstd-bold.ufo\/glyphs\/germandbls.glif","\/excelsiorltstd-bold.ufo\/glyphs\/grave.cap.glif":"\/excelsiorltstd-bold.ufo\/glyphs\/grave.cap.glif","\/excelsiorltstd-bold.ufo\/glyphs\/grave.glif":"\/excelsiorltstd-bold.ufo\/glyphs\/grave.glif","\/excelsiorltstd-bold.ufo\/glyphs\/greater.glif":"\/excelsiorltstd-bold.ufo\/glyphs\/greater.glif","\/excelsiorltstd-bold.ufo\/glyphs\/greaterequal.glif":"\/excelsiorltstd-bold.ufo\/glyphs\/greaterequal.glif","\/excelsiorltstd-bold.ufo\/glyphs\/guillemotleft.glif":"\/excelsiorltstd-bold.ufo\/glyphs\/guillemotleft.glif","\/excelsiorltstd-bold.ufo\/glyphs\/guillemotright.glif":"\/excelsiorltstd-bold.ufo\/glyphs\/guillemotright.glif","\/excelsiorltstd-bold.ufo\/glyphs\/guilsinglleft.glif":"\/excelsiorltstd-bold.ufo\/glyphs\/guilsinglleft.glif","\/excelsiorltstd-bold.ufo\/glyphs\/guilsinglright.glif":"\/excelsiorltstd-bold.ufo\/glyphs\/guilsinglright.glif","\/excelsiorltstd-bold.ufo\/glyphs\/h.glif":"\/excelsiorltstd-bold.ufo\/glyphs\/h.glif","\/excelsiorltstd-bold.ufo\/glyphs\/hungarumlaut.cap.glif":"\/excelsiorltstd-bold.ufo\/glyphs\/hungarumlaut.cap.glif","\/excelsiorltstd-bold.ufo\/glyphs\/hungarumlaut.glif":"\/excelsiorltstd-bold.ufo\/glyphs\/hungarumlaut.glif","\/excelsiorltstd-bold.ufo\/glyphs\/hyphen.glif":"\/excelsiorltstd-bold.ufo\/glyphs\/hyphen.glif","\/excelsiorltstd-bold.ufo\/glyphs\/i.glif":"\/excelsiorltstd-bold.ufo\/glyphs\/i.glif","\/excelsiorltstd-bold.ufo\/glyphs\/iacute.glif":"\/excelsiorltstd-bold.ufo\/glyphs\/iacute.glif","\/excelsiorltstd-bold.ufo\/glyphs\/icircumflex.glif":"\/excelsiorltstd-bold.ufo\/glyphs\/icircumflex.glif","\/excelsiorltstd-bold.ufo\/glyphs\/idieresis.glif":"\/excelsiorltstd-bold.ufo\/glyphs\/idieresis.glif","\/excelsiorltstd-bold.ufo\/glyphs\/igrave.glif":"\/excelsiorltstd-bold.ufo\/glyphs\/igrave.glif","\/excelsiorltstd-bold.ufo\/glyphs\/infinity.glif":"\/excelsiorltstd-bold.ufo\/glyphs\/infinity.glif","\/excelsiorltstd-bold.ufo\/glyphs\/integral.glif":"\/excelsiorltstd-bold.ufo\/glyphs\/integral.glif","\/excelsiorltstd-bold.ufo\/glyphs\/j.glif":"\/excelsiorltstd-bold.ufo\/glyphs\/j.glif","\/excelsiorltstd-bold.ufo\/glyphs\/k.glif":"\/excelsiorltstd-bold.ufo\/glyphs\/k.glif","\/excelsiorltstd-bold.ufo\/glyphs\/l.glif":"\/excelsiorltstd-bold.ufo\/glyphs\/l.glif","\/excelsiorltstd-bold.ufo\/glyphs\/less.glif":"\/excelsiorltstd-bold.ufo\/glyphs\/less.glif","\/excelsiorltstd-bold.ufo\/glyphs\/lessequal.glif":"\/excelsiorltstd-bold.ufo\/glyphs\/lessequal.glif","\/excelsiorltstd-bold.ufo\/glyphs\/logicalnot.glif":"\/excelsiorltstd-bold.ufo\/glyphs\/logicalnot.glif","\/excelsiorltstd-bold.ufo\/glyphs\/lozenge.glif":"\/excelsiorltstd-bold.ufo\/glyphs\/lozenge.glif","\/excelsiorltstd-bold.ufo\/glyphs\/lslash.glif":"\/excelsiorltstd-bold.ufo\/glyphs\/lslash.glif","\/excelsiorltstd-bold.ufo\/glyphs\/m.glif":"\/excelsiorltstd-bold.ufo\/glyphs\/m.glif","\/excelsiorltstd-bold.ufo\/glyphs\/macron.cap.glif":"\/excelsiorltstd-bold.ufo\/glyphs\/macron.cap.glif","\/excelsiorltstd-bold.ufo\/glyphs\/macron.glif":"\/excelsiorltstd-bold.ufo\/glyphs\/macron.glif","\/excelsiorltstd-bold.ufo\/glyphs\/minus.glif":"\/excelsiorltstd-bold.ufo\/glyphs\/minus.glif","\/excelsiorltstd-bold.ufo\/glyphs\/mu.glif":"\/excelsiorltstd-bold.ufo\/glyphs\/mu.glif","\/excelsiorltstd-bold.ufo\/glyphs\/multiply.glif":"\/excelsiorltstd-bold.ufo\/glyphs\/multiply.glif","\/excelsiorltstd-bold.ufo\/glyphs\/n.glif":"\/excelsiorltstd-bold.ufo\/glyphs\/n.glif","\/excelsiorltstd-bold.ufo\/glyphs\/nine.glif":"\/excelsiorltstd-bold.ufo\/glyphs\/nine.glif","\/excelsiorltstd-bold.ufo\/glyphs\/notequal.glif":"\/excelsiorltstd-bold.ufo\/glyphs\/notequal.glif","\/excelsiorltstd-bold.ufo\/glyphs\/ntilde.glif":"\/excelsiorltstd-bold.ufo\/glyphs\/ntilde.glif","\/excelsiorltstd-bold.ufo\/glyphs\/numbersign.glif":"\/excelsiorltstd-bold.ufo\/glyphs\/numbersign.glif","\/excelsiorltstd-bold.ufo\/glyphs\/o.glif":"\/excelsiorltstd-bold.ufo\/glyphs\/o.glif","\/excelsiorltstd-bold.ufo\/glyphs\/oacute.glif":"\/excelsiorltstd-bold.ufo\/glyphs\/oacute.glif","\/excelsiorltstd-bold.ufo\/glyphs\/ocircumflex.glif":"\/excelsiorltstd-bold.ufo\/glyphs\/ocircumflex.glif","\/excelsiorltstd-bold.ufo\/glyphs\/odieresis.glif":"\/excelsiorltstd-bold.ufo\/glyphs\/odieresis.glif","\/excelsiorltstd-bold.ufo\/glyphs\/oe.glif":"\/excelsiorltstd-bold.ufo\/glyphs\/oe.glif","\/excelsiorltstd-bold.ufo\/glyphs\/ogonek.glif":"\/excelsiorltstd-bold.ufo\/glyphs\/ogonek.glif","\/excelsiorltstd-bold.ufo\/glyphs\/ograve.glif":"\/excelsiorltstd-bold.ufo\/glyphs\/ograve.glif","\/excelsiorltstd-bold.ufo\/glyphs\/one.glif":"\/excelsiorltstd-bold.ufo\/glyphs\/one.glif","\/excelsiorltstd-bold.ufo\/glyphs\/one.superior.glif":"\/excelsiorltstd-bold.ufo\/glyphs\/one.superior.glif","\/excelsiorltstd-bold.ufo\/glyphs\/onehalf.glif":"\/excelsiorltstd-bold.ufo\/glyphs\/onehalf.glif","\/excelsiorltstd-bold.ufo\/glyphs\/onequarter.glif":"\/excelsiorltstd-bold.ufo\/glyphs\/onequarter.glif","\/excelsiorltstd-bold.ufo\/glyphs\/ordfeminine.glif":"\/excelsiorltstd-bold.ufo\/glyphs\/ordfeminine.glif","\/excelsiorltstd-bold.ufo\/glyphs\/ordmasculine.glif":"\/excelsiorltstd-bold.ufo\/glyphs\/ordmasculine.glif","\/excelsiorltstd-bold.ufo\/glyphs\/oslash.glif":"\/excelsiorltstd-bold.ufo\/glyphs\/oslash.glif","\/excelsiorltstd-bold.ufo\/glyphs\/otilde.glif":"\/excelsiorltstd-bold.ufo\/glyphs\/otilde.glif","\/excelsiorltstd-bold.ufo\/glyphs\/p.glif":"\/excelsiorltstd-bold.ufo\/glyphs\/p.glif","\/excelsiorltstd-bold.ufo\/glyphs\/paragraph.glif":"\/excelsiorltstd-bold.ufo\/glyphs\/paragraph.glif","\/excelsiorltstd-bold.ufo\/glyphs\/parenleft.glif":"\/excelsiorltstd-bold.ufo\/glyphs\/parenleft.glif","\/excelsiorltstd-bold.ufo\/glyphs\/parenright.glif":"\/excelsiorltstd-bold.ufo\/glyphs\/parenright.glif","\/excelsiorltstd-bold.ufo\/glyphs\/partialdiff.glif":"\/excelsiorltstd-bold.ufo\/glyphs\/partialdiff.glif","\/excelsiorltstd-bold.ufo\/glyphs\/percent.glif":"\/excelsiorltstd-bold.ufo\/glyphs\/percent.glif","\/excelsiorltstd-bold.ufo\/glyphs\/period.glif":"\/excelsiorltstd-bold.ufo\/glyphs\/period.glif","\/excelsiorltstd-bold.ufo\/glyphs\/periodcentered.glif":"\/excelsiorltstd-bold.ufo\/glyphs\/periodcentered.glif","\/excelsiorltstd-bold.ufo\/glyphs\/perthousand.glif":"\/excelsiorltstd-bold.ufo\/glyphs\/perthousand.glif","\/excelsiorltstd-bold.ufo\/glyphs\/pi.glif":"\/excelsiorltstd-bold.ufo\/glyphs\/pi.glif","\/excelsiorltstd-bold.ufo\/glyphs\/plus.glif":"\/excelsiorltstd-bold.ufo\/glyphs\/plus.glif","\/excelsiorltstd-bold.ufo\/glyphs\/plusminus.glif":"\/excelsiorltstd-bold.ufo\/glyphs\/plusminus.glif","\/excelsiorltstd-bold.ufo\/glyphs\/product.glif":"\/excelsiorltstd-bold.ufo\/glyphs\/product.glif","\/excelsiorltstd-bold.ufo\/glyphs\/q.glif":"\/excelsiorltstd-bold.ufo\/glyphs\/q.glif","\/excelsiorltstd-bold.ufo\/glyphs\/question.glif":"\/excelsiorltstd-bold.ufo\/glyphs\/question.glif","\/excelsiorltstd-bold.ufo\/glyphs\/questiondown.glif":"\/excelsiorltstd-bold.ufo\/glyphs\/questiondown.glif","\/excelsiorltstd-bold.ufo\/glyphs\/quotedbl.glif":"\/excelsiorltstd-bold.ufo\/glyphs\/quotedbl.glif","\/excelsiorltstd-bold.ufo\/glyphs\/quotedblbase.glif":"\/excelsiorltstd-bold.ufo\/glyphs\/quotedblbase.glif","\/excelsiorltstd-bold.ufo\/glyphs\/quotedblleft.glif":"\/excelsiorltstd-bold.ufo\/glyphs\/quotedblleft.glif","\/excelsiorltstd-bold.ufo\/glyphs\/quotedblright.glif":"\/excelsiorltstd-bold.ufo\/glyphs\/quotedblright.glif","\/excelsiorltstd-bold.ufo\/glyphs\/quoteleft.glif":"\/excelsiorltstd-bold.ufo\/glyphs\/quoteleft.glif","\/excelsiorltstd-bold.ufo\/glyphs\/quoteright.glif":"\/excelsiorltstd-bold.ufo\/glyphs\/quoteright.glif","\/excelsiorltstd-bold.ufo\/glyphs\/quotesinglbase.glif":"\/excelsiorltstd-bold.ufo\/glyphs\/quotesinglbase.glif","\/excelsiorltstd-bold.ufo\/glyphs\/quotesingle.glif":"\/excelsiorltstd-bold.ufo\/glyphs\/quotesingle.glif","\/excelsiorltstd-bold.ufo\/glyphs\/r.glif":"\/excelsiorltstd-bold.ufo\/glyphs\/r.glif","\/excelsiorltstd-bold.ufo\/glyphs\/radical.glif":"\/excelsiorltstd-bold.ufo\/glyphs\/radical.glif","\/excelsiorltstd-bold.ufo\/glyphs\/registered.glif":"\/excelsiorltstd-bold.ufo\/glyphs\/registered.glif","\/excelsiorltstd-bold.ufo\/glyphs\/ring.glif":"\/excelsiorltstd-bold.ufo\/glyphs\/ring.glif","\/excelsiorltstd-bold.ufo\/glyphs\/s.glif":"\/excelsiorltstd-bold.ufo\/glyphs\/s.glif","\/excelsiorltstd-bold.ufo\/glyphs\/scaron.glif":"\/excelsiorltstd-bold.ufo\/glyphs\/scaron.glif","\/excelsiorltstd-bold.ufo\/glyphs\/section.glif":"\/excelsiorltstd-bold.ufo\/glyphs\/section.glif","\/excelsiorltstd-bold.ufo\/glyphs\/semicolon.glif":"\/excelsiorltstd-bold.ufo\/glyphs\/semicolon.glif","\/excelsiorltstd-bold.ufo\/glyphs\/seven.glif":"\/excelsiorltstd-bold.ufo\/glyphs\/seven.glif","\/excelsiorltstd-bold.ufo\/glyphs\/six.glif":"\/excelsiorltstd-bold.ufo\/glyphs\/six.glif","\/excelsiorltstd-bold.ufo\/glyphs\/slash.glif":"\/excelsiorltstd-bold.ufo\/glyphs\/slash.glif","\/excelsiorltstd-bold.ufo\/glyphs\/space.glif":"\/excelsiorltstd-bold.ufo\/glyphs\/space.glif","\/excelsiorltstd-bold.ufo\/glyphs\/space_uni0308_uni0300.cap.glif":"\/excelsiorltstd-bold.ufo\/glyphs\/space_uni0308_uni0300.cap.glif","\/excelsiorltstd-bold.ufo\/glyphs\/space_uni0308_uni0300.glif":"\/excelsiorltstd-bold.ufo\/glyphs\/space_uni0308_uni0300.glif","\/excelsiorltstd-bold.ufo\/glyphs\/space_uni0308_uni0301.cap.glif":"\/excelsiorltstd-bold.ufo\/glyphs\/space_uni0308_uni0301.cap.glif","\/excelsiorltstd-bold.ufo\/glyphs\/space_uni0308_uni0301.glif":"\/excelsiorltstd-bold.ufo\/glyphs\/space_uni0308_uni0301.glif","\/excelsiorltstd-bold.ufo\/glyphs\/space_uni030F_.cap.glif":"\/excelsiorltstd-bold.ufo\/glyphs\/space_uni030F_.cap.glif","\/excelsiorltstd-bold.ufo\/glyphs\/space_uni030F_.glif":"\/excelsiorltstd-bold.ufo\/glyphs\/space_uni030F_.glif","\/excelsiorltstd-bold.ufo\/glyphs\/sterling.glif":"\/excelsiorltstd-bold.ufo\/glyphs\/sterling.glif","\/excelsiorltstd-bold.ufo\/glyphs\/summation.glif":"\/excelsiorltstd-bold.ufo\/glyphs\/summation.glif","\/excelsiorltstd-bold.ufo\/glyphs\/t.glif":"\/excelsiorltstd-bold.ufo\/glyphs\/t.glif","\/excelsiorltstd-bold.ufo\/glyphs\/thorn.glif":"\/excelsiorltstd-bold.ufo\/glyphs\/thorn.glif","\/excelsiorltstd-bold.ufo\/glyphs\/three.glif":"\/excelsiorltstd-bold.ufo\/glyphs\/three.glif","\/excelsiorltstd-bold.ufo\/glyphs\/three.superior.glif":"\/excelsiorltstd-bold.ufo\/glyphs\/three.superior.glif","\/excelsiorltstd-bold.ufo\/glyphs\/threequarters.glif":"\/excelsiorltstd-bold.ufo\/glyphs\/threequarters.glif","\/excelsiorltstd-bold.ufo\/glyphs\/tilde.glif":"\/excelsiorltstd-bold.ufo\/glyphs\/tilde.glif","\/excelsiorltstd-bold.ufo\/glyphs\/trademark.glif":"\/excelsiorltstd-bold.ufo\/glyphs\/trademark.glif","\/excelsiorltstd-bold.ufo\/glyphs\/two.glif":"\/excelsiorltstd-bold.ufo\/glyphs\/two.glif","\/excelsiorltstd-bold.ufo\/glyphs\/two.superior.glif":"\/excelsiorltstd-bold.ufo\/glyphs\/two.superior.glif","\/excelsiorltstd-bold.ufo\/glyphs\/u.glif":"\/excelsiorltstd-bold.ufo\/glyphs\/u.glif","\/excelsiorltstd-bold.ufo\/glyphs\/uacute.glif":"\/excelsiorltstd-bold.ufo\/glyphs\/uacute.glif","\/excelsiorltstd-bold.ufo\/glyphs\/ucircumflex.glif":"\/excelsiorltstd-bold.ufo\/glyphs\/ucircumflex.glif","\/excelsiorltstd-bold.ufo\/glyphs\/udieresis.glif":"\/excelsiorltstd-bold.ufo\/glyphs\/udieresis.glif","\/excelsiorltstd-bold.ufo\/glyphs\/ugrave.glif":"\/excelsiorltstd-bold.ufo\/glyphs\/ugrave.glif","\/excelsiorltstd-bold.ufo\/glyphs\/underscore.glif":"\/excelsiorltstd-bold.ufo\/glyphs\/underscore.glif","\/excelsiorltstd-bold.ufo\/glyphs\/uni00A_0.glif":"\/excelsiorltstd-bold.ufo\/glyphs\/uni00A_0.glif","\/excelsiorltstd-bold.ufo\/glyphs\/uni00A_D_.glif":"\/excelsiorltstd-bold.ufo\/glyphs\/uni00A_D_.glif","\/excelsiorltstd-bold.ufo\/glyphs\/uni02C_9.glif":"\/excelsiorltstd-bold.ufo\/glyphs\/uni02C_9.glif","\/excelsiorltstd-bold.ufo\/glyphs\/uni03A_9.glif":"\/excelsiorltstd-bold.ufo\/glyphs\/uni03A_9.glif","\/excelsiorltstd-bold.ufo\/glyphs\/uni03B_C_.glif":"\/excelsiorltstd-bold.ufo\/glyphs\/uni03B_C_.glif","\/excelsiorltstd-bold.ufo\/glyphs\/uni2215.glif":"\/excelsiorltstd-bold.ufo\/glyphs\/uni2215.glif","\/excelsiorltstd-bold.ufo\/glyphs\/uni2219.glif":"\/excelsiorltstd-bold.ufo\/glyphs\/uni2219.glif","\/excelsiorltstd-bold.ufo\/glyphs\/v.glif":"\/excelsiorltstd-bold.ufo\/glyphs\/v.glif","\/excelsiorltstd-bold.ufo\/glyphs\/w.glif":"\/excelsiorltstd-bold.ufo\/glyphs\/w.glif","\/excelsiorltstd-bold.ufo\/glyphs\/x.glif":"\/excelsiorltstd-bold.ufo\/glyphs\/x.glif","\/excelsiorltstd-bold.ufo\/glyphs\/y.glif":"\/excelsiorltstd-bold.ufo\/glyphs\/y.glif","\/excelsiorltstd-bold.ufo\/glyphs\/yacute.glif":"\/excelsiorltstd-bold.ufo\/glyphs\/yacute.glif","\/excelsiorltstd-bold.ufo\/glyphs\/ydieresis.glif":"\/excelsiorltstd-bold.ufo\/glyphs\/ydieresis.glif","\/excelsiorltstd-bold.ufo\/glyphs\/yen.glif":"\/excelsiorltstd-bold.ufo\/glyphs\/yen.glif","\/excelsiorltstd-bold.ufo\/glyphs\/z.glif":"\/excelsiorltstd-bold.ufo\/glyphs\/z.glif","\/excelsiorltstd-bold.ufo\/glyphs\/zcaron.glif":"\/excelsiorltstd-bold.ufo\/glyphs\/zcaron.glif","\/excelsiorltstd-bold.ufo\/glyphs\/zero.glif":"\/excelsiorltstd-bold.ufo\/glyphs\/zero.glif"},"Font":{"uploaded":1471143893.383,"licence":"gpl3","company":"Chronolabs Cooperative","title":"Excelsior LTStd Bold","version":3.002,"date":"Fri Aug 12 15:57:37 2016","creator":"root","type":"1","matrix":"0.001 0 0 0.001 0 0","named":"ExcelsiorLTStd-Bold","painttype":"0","info":"11 dict dup","name":"Excelsior LT Std Bold","family":"Excelsior LT Std","weight":"Bold","fstype":"4","italicangle":"0","underlineposition":"","underlinethickness":""},"Licences":{"":false},"Table":{"FFTM":{"entryLength":16,"tag":"FFTM","checksum":1944410162,"offset":55060,"length":28},"GDEF":{"entryLength":16,"tag":"GDEF","checksum":27459590,"offset":55028,"length":32},"OS\/2":{"entryLength":16,"tag":"OS\/2","checksum":2051947825,"offset":344,"length":86},"cmap":{"entryLength":16,"tag":"cmap","checksum":1963563398,"offset":1928,"length":1174},"gasp":{"entryLength":16,"tag":"gasp","checksum":4294901763,"offset":55020,"length":8},"glyf":{"entryLength":16,"tag":"glyf","checksum":1554120798,"offset":3856,"length":45984},"head":{"entryLength":16,"tag":"head","checksum":178159810,"offset":220,"length":54},"hhea":{"entryLength":16,"tag":"hhea","checksum":130614368,"offset":276,"length":36},"hmtx":{"entryLength":16,"tag":"hmtx","checksum":1661872627,"offset":432,"length":1496},"loca":{"entryLength":16,"tag":"loca","checksum":4120758326,"offset":3104,"length":750},"maxp":{"entryLength":16,"tag":"maxp","checksum":29294718,"offset":312,"length":32},"name":{"entryLength":16,"tag":"name","checksum":504675996,"offset":49840,"length":2976},"post":{"entryLength":16,"tag":"post","checksum":376877542,"offset":52816,"length":2202}},"UnicodeCharMap":{"32":3,"33":4,"34":5,"35":6,"36":7,"37":8,"38":9,"39":10,"40":11,"41":12,"42":13,"43":14,"44":15,"45":16,"46":17,"47":18,"48":19,"49":20,"50":21,"51":22,"52":23,"53":24,"54":25,"55":26,"56":27,"57":28,"58":29,"59":30,"60":31,"61":32,"62":33,"63":34,"64":35,"65":36,"66":37,"67":38,"68":39,"69":40,"70":41,"71":42,"72":43,"73":44,"74":45,"75":46,"76":47,"77":48,"78":49,"79":50,"80":51,"81":52,"82":53,"83":54,"84":55,"85":56,"86":57,"87":58,"88":59,"89":60,"90":61,"91":62,"92":63,"93":64,"94":65,"95":66,"96":67,"97":68,"98":69,"99":70,"100":71,"101":72,"102":73,"103":74,"104":75,"105":76,"106":77,"107":78,"108":79,"109":80,"110":81,"111":82,"112":83,"113":84,"114":85,"115":86,"116":87,"117":88,"118":89,"119":90,"120":91,"121":92,"122":93,"123":94,"124":95,"125":96,"126":97,"160":98,"161":99,"162":100,"163":101,"164":102,"165":103,"166":104,"167":105,"168":106,"169":107,"170":108,"171":109,"172":110,"173":111,"174":112,"175":113,"176":114,"177":115,"178":116,"179":117,"180":118,"182":120,"183":121,"184":122,"185":123,"186":124,"187":125,"188":126,"189":127,"190":128,"191":129,"192":130,"193":131,"194":132,"195":133,"196":134,"197":135,"198":136,"199":137,"200":138,"201":139,"202":140,"203":141,"204":142,"205":143,"206":144,"207":145,"208":146,"209":147,"210":148,"211":149,"212":150,"213":151,"214":152,"215":153,"216":154,"217":155,"218":156,"219":157,"220":158,"221":159,"222":160,"223":161,"224":162,"225":163,"226":164,"227":165,"228":166,"229":167,"230":168,"231":169,"232":170,"233":171,"234":172,"235":173,"236":174,"237":175,"238":176,"239":177,"240":178,"241":179,"242":180,"243":181,"244":182,"245":183,"246":184,"247":185,"248":186,"249":187,"250":188,"251":189,"252":190,"253":191,"254":192,"255":193,"305":221,"321":219,"322":222,"338":220,"339":223,"352":226,"353":229,"376":227,"381":228,"382":230,"402":197,"710":210,"711":217,"713":354,"728":212,"729":213,"730":214,"731":216,"732":211,"733":215,"916":233,"937":373,"956":235,"960":236,"1025":270,"1026":271,"1027":272,"1028":273,"1029":274,"1030":275,"1031":276,"1032":277,"1033":278,"1034":279,"1035":280,"1036":281,"1038":282,"1039":283,"1040":237,"1041":238,"1042":239,"1043":240,"1044":242,"1045":243,"1046":244,"1047":245,"1048":246,"1049":247,"1050":248,"1051":249,"1052":250,"1053":251,"1054":252,"1055":253,"1056":254,"1057":255,"1058":256,"1059":257,"1060":258,"1061":259,"1062":260,"1063":261,"1064":262,"1065":263,"1066":264,"1067":265,"1068":266,"1069":267,"1070":268,"1071":269,"1072":287,"1073":288,"1074":289,"1075":290,"1076":292,"1077":293,"1078":294,"1079":295,"1080":296,"1081":297,"1082":298,"1083":299,"1084":300,"1085":301,"1086":302,"1087":303,"1088":304,"1089":305,"1090":306,"1091":307,"1092":308,"1093":309,"1094":310,"1095":311,"1096":312,"1097":313,"1098":314,"1099":315,"1100":316,"1101":317,"1102":318,"1103":319,"1105":320,"1106":321,"1107":322,"1108":323,"1109":324,"1110":325,"1111":326,"1112":327,"1113":328,"1114":329,"1115":330,"1116":331,"1118":332,"1119":333,"1122":284,"1123":334,"1138":285,"1139":335,"1140":286,"1141":336,"1168":241,"1169":291,"1241":337,"8211":201,"8212":218,"8216":195,"8217":194,"8218":205,"8220":198,"8221":207,"8222":206,"8224":202,"8225":203,"8226":204,"8230":208,"8240":209,"8249":199,"8250":200,"8260":196,"8364":338,"8467":339,"8470":340,"8482":224,"8494":341,"8706":342,"8719":343,"8721":344,"8722":225,"8725":372,"8729":345,"8730":346,"8734":347,"8747":348,"8776":349,"8800":350,"8804":351,"8805":352,"9674":353,"64257":231,"64258":232},"Reserves":{"fontname":"Excelsior LT Std Bold"},"Names":{"Excelsior LT Std Bold":{"name":"Excelsior LT Std Bold","longitude":"0.00000001","latitude":"0.00000001","country":"","region":"","city":""}},"Nodes":{"ex":{"type":"typal","node":"ex","usage":1,"weight":1},"or":{"type":"typal","node":"or","usage":1,"weight":1},"st":{"type":"typal","node":"st","usage":1,"weight":1},"td":{"type":"typal","node":"td","usage":1,"weight":1},"bo":{"type":"typal","node":"bo","usage":1,"weight":1},"ld":{"type":"typal","node":"ld","usage":1,"weight":1},"exc":{"type":"typal","node":"exc","usage":1,"weight":1},"ior":{"type":"typal","node":"ior","usage":1,"weight":1},"bol":{"type":"typal","node":"bol","usage":1,"weight":1},"old":{"type":"typal","node":"old","usage":1,"weight":1},"exce":{"type":"keys","node":"exce","usage":1,"weight":1},"sior":{"type":"keys","node":"sior","usage":1,"weight":1},"excel":{"type":"keys","node":"excel","usage":1,"weight":1},"lsior":{"type":"keys","node":"lsior","usage":1,"weight":1},"excelsior":{"type":"fixes","node":"excelsior","usage":1,"weight":1},"lt":{"type":"fixes","node":"lt","usage":1,"weight":1},"std":{"type":"fixes","node":"std","usage":1,"weight":1},"bold":{"type":"fixes","node":"bold","usage":1,"weight":1}},"Contributors":[],"FontIdentity":"wagovau:6b9cae4255ae2182800faf34","Bytes":null,"Networking":[],"barcode":"o2UEU9aYosYUA","referee":"scu75"}