{"CSS":{"Antique Olive CE Italic":"Antique Olive CE Italic.css"},"FontType":"TrueType","FontCopyright":" The digitally encoded machine readable software for producing the\r Typefaces licensed to you is copyrighted (c) 1989, 1994, 1995 Adobe Systems.\r All Rights Reserved. This software is the property of Adobe Systems\r Incorporated and its licensors, and may not be reproduced, used, \r displayed, modified, disclosed or transferred without the express \r written approval of Adobe.\r \r The digitally encoded machine readable outline data for producing\r the Typefaces licensed to you is copyrighted (c) 1981, 1995 Linotype-Hell AG\r and\/or its subsidiaries. All Rights Reserved.\r This data is the property of Linotype-Hell AG and\/or its subsidiaries\r and may not be reproduced, used, displayed, modified, disclosed or \r transferred without the express written approval of Linotype-Hell AG \r and\/or its subsidiaries. ","FontName":"Antique Olive","FontSubfamily":"Italic","FontSubfamilyID":"FontForge 2.0 : Antique Olive CE Italic : 12-3-2016","FontFullName":"Antique Olive CE Italic","FontVersion":"Version 001.000 ","FontWeight":null,"FontPostscriptName":"AntiqueOliveCE-Italic","Files":null,"Table":{"FFTM":{"entryLength":16,"tag":"FFTM","checksum":1916551344,"offset":34796,"length":28},"GDEF":{"entryLength":16,"tag":"GDEF","checksum":23724038,"offset":34764,"length":32},"OS\/2":{"entryLength":16,"tag":"OS\/2","checksum":2010724975,"offset":344,"length":86},"cmap":{"entryLength":16,"tag":"cmap","checksum":828313186,"offset":1700,"length":1312},"gasp":{"entryLength":16,"tag":"gasp","checksum":4294901763,"offset":34756,"length":8},"glyf":{"entryLength":16,"tag":"glyf","checksum":2937420558,"offset":3648,"length":26800},"head":{"entryLength":16,"tag":"head","checksum":147907989,"offset":220,"length":54},"hhea":{"entryLength":16,"tag":"hhea","checksum":131924966,"offset":276,"length":36},"hmtx":{"entryLength":16,"tag":"hmtx","checksum":2832944246,"offset":432,"length":1268},"loca":{"entryLength":16,"tag":"loca","checksum":96280848,"offset":3012,"length":636},"maxp":{"entryLength":16,"tag":"maxp","checksum":25559128,"offset":312,"length":32},"name":{"entryLength":16,"tag":"name","checksum":3185649214,"offset":30448,"length":3009},"post":{"entryLength":16,"tag":"post","checksum":4034131234,"offset":33460,"length":1293}},"UnicodeCharMap":{"32":3,"33":4,"34":5,"35":6,"36":7,"37":8,"38":9,"39":10,"40":11,"41":12,"42":13,"43":14,"44":15,"45":16,"46":17,"47":18,"48":19,"49":20,"50":21,"51":22,"52":23,"53":24,"54":25,"55":26,"56":27,"57":28,"58":29,"59":30,"60":31,"61":32,"62":33,"63":34,"64":35,"65":36,"66":37,"67":38,"68":39,"69":40,"70":41,"71":42,"72":43,"73":44,"74":45,"75":46,"76":47,"77":48,"78":49,"79":50,"80":51,"81":52,"82":53,"83":54,"84":55,"85":56,"86":57,"87":58,"88":59,"89":60,"90":61,"91":62,"92":63,"93":64,"94":65,"95":66,"96":67,"97":68,"98":69,"99":70,"100":71,"101":72,"102":73,"103":74,"104":75,"105":76,"106":77,"107":78,"108":79,"109":80,"110":81,"111":82,"112":83,"113":84,"114":85,"115":86,"116":87,"117":88,"118":89,"119":90,"120":91,"121":92,"122":93,"123":94,"124":95,"125":96,"126":97,"161":309,"162":254,"163":230,"164":127,"165":299,"166":129,"167":130,"168":131,"169":132,"170":220,"171":134,"172":135,"174":136,"175":303,"176":138,"177":139,"178":304,"179":281,"180":142,"182":144,"183":145,"184":146,"185":277,"186":283,"187":149,"188":312,"189":218,"190":258,"191":253,"192":311,"193":155,"194":156,"195":300,"196":158,"197":234,"198":275,"199":161,"200":287,"201":163,"202":244,"203":165,"204":293,"205":167,"206":168,"207":225,"208":249,"209":295,"210":266,"211":173,"212":174,"213":269,"214":176,"215":177,"216":297,"217":251,"218":180,"219":279,"220":182,"221":183,"222":247,"223":185,"224":250,"225":187,"226":188,"227":223,"228":190,"229":245,"230":231,"231":193,"232":292,"233":195,"234":240,"235":197,"236":224,"237":199,"238":200,"239":298,"240":270,"241":274,"242":291,"243":205,"244":206,"245":316,"246":208,"247":209,"248":265,"249":221,"250":212,"251":242,"252":214,"253":215,"254":286,"255":229,"256":261,"257":228,"258":157,"259":189,"260":128,"261":147,"262":160,"263":192,"268":162,"269":194,"270":169,"271":201,"272":170,"273":202,"274":243,"275":252,"278":260,"279":256,"280":164,"281":196,"282":166,"283":198,"286":273,"287":257,"290":313,"291":302,"298":306,"299":262,"302":288,"303":278,"304":307,"305":227,"310":310,"311":315,"313":159,"314":191,"315":285,"316":305,"317":150,"318":152,"321":126,"322":141,"323":171,"324":203,"325":219,"326":301,"327":172,"328":204,"332":238,"333":314,"336":175,"337":207,"338":241,"339":294,"340":154,"341":186,"342":263,"343":267,"344":178,"345":210,"346":106,"347":120,"350":268,"351":235,"352":104,"353":118,"354":184,"355":216,"356":107,"357":121,"362":264,"363":222,"366":179,"367":211,"368":181,"369":213,"370":272,"371":246,"376":232,"377":109,"378":123,"379":137,"380":153,"381":108,"382":122,"402":290,"536":133,"537":148,"710":276,"711":124,"728":125,"729":217,"730":236,"731":140,"732":237,"733":151,"916":226,"956":143,"8211":115,"8212":116,"8216":110,"8217":111,"8218":98,"8220":112,"8221":113,"8222":99,"8224":101,"8225":102,"8226":114,"8230":100,"8240":103,"8249":105,"8250":119,"8260":259,"8482":117,"8706":284,"8721":282,"8722":289,"8730":233,"8800":280,"8804":248,"8805":296,"9674":308,"64257":255,"64258":271},"Reserves":{"fontname":"Antique Olive CE Italic"},"Names":{"Antique Olive CE Italic":{"name":"Antique Olive CE Italic","longitude":null,"latitude":null,"country":"","region":"","city":""}},"Nodes":{"an":{"type":"typal","node":"an","usage":1,"weight":1},"ue":{"type":"typal","node":"ue","usage":1,"weight":1},"ol":{"type":"typal","node":"ol","usage":1,"weight":1},"ve":{"type":"typal","node":"ve","usage":1,"weight":1},"it":{"type":"typal","node":"it","usage":1,"weight":1},"ic":{"type":"typal","node":"ic","usage":1,"weight":1},"ant":{"type":"typal","node":"ant","usage":1,"weight":1},"que":{"type":"typal","node":"que","usage":1,"weight":1},"oli":{"type":"typal","node":"oli","usage":1,"weight":1},"ive":{"type":"typal","node":"ive","usage":1,"weight":1},"ita":{"type":"typal","node":"ita","usage":1,"weight":1},"lic":{"type":"typal","node":"lic","usage":1,"weight":1},"anti":{"type":"keys","node":"anti","usage":1,"weight":1},"ique":{"type":"keys","node":"ique","usage":1,"weight":1},"oliv":{"type":"keys","node":"oliv","usage":1,"weight":1},"live":{"type":"keys","node":"live","usage":1,"weight":1},"ital":{"type":"keys","node":"ital","usage":1,"weight":1},"alic":{"type":"keys","node":"alic","usage":1,"weight":1},"antiq":{"type":"keys","node":"antiq","usage":1,"weight":1},"tique":{"type":"keys","node":"tique","usage":1,"weight":1},"itali":{"type":"keys","node":"itali","usage":1,"weight":1},"talic":{"type":"keys","node":"talic","usage":1,"weight":1},"antique":{"type":"fixes","node":"antique","usage":1,"weight":1},"olive":{"type":"fixes","node":"olive","usage":1,"weight":1},"ce":{"type":"fixes","node":"ce","usage":1,"weight":1},"italic":{"type":"fixes","node":"italic","usage":1,"weight":1}},"Contributors":[],"FontIdentity":"fe8c258f536bfdfc1afd1738d35bf960","Bytes":null,"Networking":[]}