{"CSS":{"TwinkieDisplaySSK":"TwinkieDisplaySSK.css"},"FontType":"TrueType","FontCopyright":"Copyright 1992 Southern Software, Inc. All Rights Reserved","FontName":"TwinkieDisplaySSK","FontSubfamily":"Book","FontSubfamilyID":"FontForge 2.0 : TwinkieDisplaySSK : 15-10-2016","FontFullName":"Twinkie Display SSK","FontVersion":"Version Macromedia Fontograp ","FontWeight":null,"FontPostscriptName":"TwinkieDisplaySSK","Files":{"twinkiedisplayssk.afm":"twinkiedisplayssk.afm","twinkiedisplayssk.bin":"twinkiedisplayssk.bin","twinkiedisplayssk.cef":"twinkiedisplayssk.cef","twinkiedisplayssk.cff":"twinkiedisplayssk.cff","twinkiedisplayssk.cid":"twinkiedisplayssk.cid","twinkiedisplayssk.dfont":"twinkiedisplayssk.dfont","twinkiedisplayssk.eot":"twinkiedisplayssk.eot","twinkiedisplayssk.fon":"twinkiedisplayssk.fon","twinkiedisplayssk.gai":"twinkiedisplayssk.gai","twinkiedisplayssk.gsf":"twinkiedisplayssk.gsf","twinkiedisplayssk.hqx":"twinkiedisplayssk.hqx","twinkiedisplayssk.ik":"twinkiedisplayssk.ik","twinkiedisplayssk.mf":"twinkiedisplayssk.mf","twinkiedisplayssk.otf":"twinkiedisplayssk.otf","twinkiedisplayssk.pcf":"twinkiedisplayssk.pcf","twinkiedisplayssk.pf3":"twinkiedisplayssk.pf3","twinkiedisplayssk.pfa":"twinkiedisplayssk.pfa","twinkiedisplayssk.pfb":"twinkiedisplayssk.pfb","twinkiedisplayssk.php":"twinkiedisplayssk.php","twinkiedisplayssk.pmf":"twinkiedisplayssk.pmf","twinkiedisplayssk.pt3":"twinkiedisplayssk.pt3","twinkiedisplayssk.sfd":"twinkiedisplayssk.sfd","twinkiedisplayssk.svg":"twinkiedisplayssk.svg","twinkiedisplayssk.t42":"twinkiedisplayssk.t42","twinkiedisplayssk.ttd":"twinkiedisplayssk.ttd","twinkiedisplayssk.ttf":"twinkiedisplayssk.ttf","twinkiedisplayssk.ttg":"twinkiedisplayssk.ttg","twinkiedisplayssk.ufm":"twinkiedisplayssk.ufm","twinkiedisplayssk.woff":"twinkiedisplayssk.woff","twinkiedisplayssk.z":"twinkiedisplayssk.z","":{"twinkiedisplayssk.afm":"twinkiedisplayssk.afm","twinkiedisplayssk.bin":"twinkiedisplayssk.bin","twinkiedisplayssk.cef":"twinkiedisplayssk.cef","twinkiedisplayssk.cff":"twinkiedisplayssk.cff","twinkiedisplayssk.cid":"twinkiedisplayssk.cid","twinkiedisplayssk.dfont":"twinkiedisplayssk.dfont","twinkiedisplayssk.eot":"twinkiedisplayssk.eot","twinkiedisplayssk.fon":"twinkiedisplayssk.fon","twinkiedisplayssk.gai":"twinkiedisplayssk.gai","twinkiedisplayssk.gsf":"twinkiedisplayssk.gsf","twinkiedisplayssk.hqx":"twinkiedisplayssk.hqx","twinkiedisplayssk.ik":"twinkiedisplayssk.ik","twinkiedisplayssk.mf":"twinkiedisplayssk.mf","twinkiedisplayssk.otf":"twinkiedisplayssk.otf","twinkiedisplayssk.pcf":"twinkiedisplayssk.pcf","twinkiedisplayssk.pf3":"twinkiedisplayssk.pf3","twinkiedisplayssk.pfa":"twinkiedisplayssk.pfa","twinkiedisplayssk.pfb":"twinkiedisplayssk.pfb","twinkiedisplayssk.php":"twinkiedisplayssk.php","twinkiedisplayssk.pmf":"twinkiedisplayssk.pmf","twinkiedisplayssk.pt3":"twinkiedisplayssk.pt3","twinkiedisplayssk.sfd":"twinkiedisplayssk.sfd","twinkiedisplayssk.svg":"twinkiedisplayssk.svg","twinkiedisplayssk.t42":"twinkiedisplayssk.t42","twinkiedisplayssk.ttd":"twinkiedisplayssk.ttd","twinkiedisplayssk.ttf":"twinkiedisplayssk.ttf","twinkiedisplayssk.ttg":"twinkiedisplayssk.ttg","twinkiedisplayssk.ufm":"twinkiedisplayssk.ufm","twinkiedisplayssk.woff":"twinkiedisplayssk.woff","twinkiedisplayssk.z":"twinkiedisplayssk.z"},"\/twinkiedisplayssk.ufo":{"feature.fea":"feature.fea","fontinfo.plist":"fontinfo.plist","groups.plist":"groups.plist","kerning.plist":"kerning.plist","metainfo.plist":"metainfo.plist"},"\/twinkiedisplayssk.ufo\/glyphs":{"A_.glif":"A_.glif","A_acute.glif":"A_acute.glif","A_circumflex.glif":"A_circumflex.glif","A_dieresis.glif":"A_dieresis.glif","A_grave.glif":"A_grave.glif","A_ring.glif":"A_ring.glif","A_tilde.glif":"A_tilde.glif","B_.glif":"B_.glif","C_.glif":"C_.glif","C_cedilla.glif":"C_cedilla.glif","D_.glif":"D_.glif","D_elta.glif":"D_elta.glif","E_.glif":"E_.glif","E_acute.glif":"E_acute.glif","E_circumflex.glif":"E_circumflex.glif","E_dieresis.glif":"E_dieresis.glif","E_grave.glif":"E_grave.glif","F_.glif":"F_.glif","G_.glif":"G_.glif","H_.glif":"H_.glif","I_.glif":"I_.glif","I_circumflex.glif":"I_circumflex.glif","I_dieresis.glif":"I_dieresis.glif","J_.glif":"J_.glif","K_.glif":"K_.glif","L_.glif":"L_.glif","M_.glif":"M_.glif","N_.glif":"N_.glif","N_tilde.glif":"N_tilde.glif","O_.glif":"O_.glif","O_acute.glif":"O_acute.glif","O_circumflex.glif":"O_circumflex.glif","O_mega.glif":"O_mega.glif","O_tilde.glif":"O_tilde.glif","P_.glif":"P_.glif","Q_.glif":"Q_.glif","R_.glif":"R_.glif","S_.glif":"S_.glif","T_.glif":"T_.glif","U_.glif":"U_.glif","U_acute.glif":"U_acute.glif","U_circumflex.glif":"U_circumflex.glif","U_grave.glif":"U_grave.glif","V_.glif":"V_.glif","W_.glif":"W_.glif","X_.glif":"X_.glif","Y_.glif":"Y_.glif","Y_dieresis.glif":"Y_dieresis.glif","Z_.glif":"Z_.glif","_notdef.glif":"_notdef.glif","_null.glif":"_null.glif","a.glif":"a.glif","aacute.glif":"aacute.glif","acircumflex.glif":"acircumflex.glif","adieresis.glif":"adieresis.glif","agrave.glif":"agrave.glif","ampersand.glif":"ampersand.glif","apple.glif":"apple.glif","approxequal.glif":"approxequal.glif","aring.glif":"aring.glif","asterisk.glif":"asterisk.glif","atilde.glif":"atilde.glif","b.glif":"b.glif","c.glif":"c.glif","ccedilla.glif":"ccedilla.glif","cent.glif":"cent.glif","colon.glif":"colon.glif","comma.glif":"comma.glif","contents.plist":"contents.plist","d.glif":"d.glif","divide.glif":"divide.glif","dollar.glif":"dollar.glif","e.glif":"e.glif","eacute.glif":"eacute.glif","ecircumflex.glif":"ecircumflex.glif","edieresis.glif":"edieresis.glif","egrave.glif":"egrave.glif","eight.glif":"eight.glif","exclam.glif":"exclam.glif","f.glif":"f.glif","five.glif":"five.glif","four.glif":"four.glif","g.glif":"g.glif","greaterequal.glif":"greaterequal.glif","h.glif":"h.glif","hyphen.glif":"hyphen.glif","i.glif":"i.glif","iacute.glif":"iacute.glif","icircumflex.glif":"icircumflex.glif","idieresis.glif":"idieresis.glif","igrave.glif":"igrave.glif","infinity.glif":"infinity.glif","integral.glif":"integral.glif","j.glif":"j.glif","k.glif":"k.glif","l.glif":"l.glif","lessequal.glif":"lessequal.glif","lozenge.glif":"lozenge.glif","m.glif":"m.glif","n.glif":"n.glif","nine.glif":"nine.glif","nonbreakingspace.glif":"nonbreakingspace.glif","nonmarkingreturn.glif":"nonmarkingreturn.glif","notequal.glif":"notequal.glif","ntilde.glif":"ntilde.glif","o.glif":"o.glif","oacute.glif":"oacute.glif","ocircumflex.glif":"ocircumflex.glif","odieresis.glif":"odieresis.glif","ograve.glif":"ograve.glif","one.glif":"one.glif","otilde.glif":"otilde.glif","p.glif":"p.glif","parenleft.glif":"parenleft.glif","parenright.glif":"parenright.glif","partialdiff.glif":"partialdiff.glif","percent.glif":"percent.glif","period.glif":"period.glif","pi.glif":"pi.glif","plusminus.glif":"plusminus.glif","product.glif":"product.glif","q.glif":"q.glif","question.glif":"question.glif","quotedblleft.glif":"quotedblleft.glif","quotedblright.glif":"quotedblright.glif","quotesingle.glif":"quotesingle.glif","r.glif":"r.glif","radical.glif":"radical.glif","s.glif":"s.glif","semicolon.glif":"semicolon.glif","seven.glif":"seven.glif","six.glif":"six.glif","slash.glif":"slash.glif","space.glif":"space.glif","sterling.glif":"sterling.glif","summation.glif":"summation.glif","t.glif":"t.glif","three.glif":"three.glif","two.glif":"two.glif","u.glif":"u.glif","uacute.glif":"uacute.glif","ucircumflex.glif":"ucircumflex.glif","udieresis.glif":"udieresis.glif","ugrave.glif":"ugrave.glif","underscore.glif":"underscore.glif","v.glif":"v.glif","w.glif":"w.glif","x.glif":"x.glif","y.glif":"y.glif","ydieresis.glif":"ydieresis.glif","z.glif":"z.glif","zero.glif":"zero.glif"}},"Font":{"uploaded":1476537442.8651,"licence":"gpl3","company":"Chronolabs Cooperative","title":"Twinkie Display SSK","version":2.001,"date":"Sun Aug 28 07:50:28 2016","creator":"root","type":"1","matrix":"0.001 0 0 0.001 0 0","named":"TwinkieDisplaySSK","painttype":"0","info":"10 dict dup","name":"TwinkieDisplaySSK","family":"TwinkieDisplaySSK","weight":"Book","fstype":"1","italicangle":"0","underlineposition":"","underlinethickness":""},"Table":{"FFTM":{"entryLength":16,"tag":"FFTM","checksum":1947116504,"offset":19948,"length":28},"GDEF":{"entryLength":16,"tag":"GDEF","checksum":12845060,"offset":19916,"length":32},"OS\/2":{"entryLength":16,"tag":"OS\/2","checksum":1999635636,"offset":344,"length":86},"cmap":{"entryLength":16,"tag":"cmap","checksum":517553027,"offset":1036,"length":618},"gasp":{"entryLength":16,"tag":"gasp","checksum":4294901763,"offset":19908,"length":8},"glyf":{"entryLength":16,"tag":"glyf","checksum":972721866,"offset":1960,"length":16852},"head":{"entryLength":16,"tag":"head","checksum":175838814,"offset":220,"length":54},"hhea":{"entryLength":16,"tag":"hhea","checksum":110166703,"offset":276,"length":36},"hmtx":{"entryLength":16,"tag":"hmtx","checksum":678234276,"offset":432,"length":604},"loca":{"entryLength":16,"tag":"loca","checksum":673331344,"offset":1656,"length":304},"maxp":{"entryLength":16,"tag":"maxp","checksum":14614647,"offset":312,"length":32},"name":{"entryLength":16,"tag":"name","checksum":2291173746,"offset":18812,"length":759},"post":{"entryLength":16,"tag":"post","checksum":470358973,"offset":19572,"length":336}},"UnicodeCharMap":{"0":1,"13":2,"32":3,"33":4,"36":5,"37":6,"38":7,"39":8,"40":9,"41":10,"42":11,"44":12,"45":13,"46":14,"47":15,"48":16,"49":17,"50":18,"51":19,"52":20,"53":21,"54":22,"55":23,"56":24,"57":25,"58":26,"59":27,"63":28,"65":29,"66":30,"67":31,"68":32,"69":33,"70":34,"71":35,"72":36,"73":37,"74":38,"75":39,"76":40,"77":41,"78":42,"79":43,"80":44,"81":45,"82":46,"83":47,"84":48,"85":49,"86":50,"87":51,"88":52,"89":53,"90":54,"95":55,"97":56,"98":57,"99":58,"100":59,"101":60,"102":61,"103":62,"104":63,"105":64,"106":65,"107":66,"108":67,"109":68,"110":69,"111":70,"112":71,"113":72,"114":73,"115":74,"116":75,"117":76,"118":77,"119":78,"120":79,"121":80,"122":81,"160":82,"162":83,"163":84,"177":85,"192":86,"193":87,"194":88,"195":89,"196":90,"197":91,"199":92,"200":93,"201":94,"202":95,"203":96,"206":97,"207":98,"209":99,"211":100,"212":101,"213":102,"217":103,"218":104,"219":105,"224":106,"225":107,"226":108,"227":109,"228":110,"229":111,"231":112,"232":113,"233":114,"234":115,"235":116,"236":117,"237":118,"238":119,"239":120,"241":121,"242":122,"243":123,"244":124,"245":125,"246":126,"247":127,"249":128,"250":129,"251":130,"252":131,"255":132,"376":135,"916":148,"937":145,"960":143,"8220":133,"8221":134,"8706":140,"8719":142,"8721":141,"8730":146,"8734":137,"8747":144,"8776":147,"8800":136,"8804":138,"8805":139,"9674":149},"Reserves":null,"Names":[],"Nodes":{"tw":{"type":"typal","node":"tw","usage":1,"weight":1},"ie":{"type":"typal","node":"ie","usage":1,"weight":1},"di":{"type":"typal","node":"di","usage":1,"weight":1},"ay":{"type":"typal","node":"ay","usage":1,"weight":1},"ss":{"type":"typal","node":"ss","usage":1,"weight":1},"sk":{"type":"typal","node":"sk","usage":1,"weight":1},"twi":{"type":"typal","node":"twi","usage":1,"weight":1},"kie":{"type":"typal","node":"kie","usage":1,"weight":1},"dis":{"type":"typal","node":"dis","usage":1,"weight":1},"lay":{"type":"typal","node":"lay","usage":1,"weight":1},"twin":{"type":"keys","node":"twin","usage":1,"weight":1},"nkie":{"type":"keys","node":"nkie","usage":1,"weight":1},"disp":{"type":"keys","node":"disp","usage":1,"weight":1},"play":{"type":"keys","node":"play","usage":1,"weight":1},"twink":{"type":"keys","node":"twink","usage":1,"weight":1},"inkie":{"type":"keys","node":"inkie","usage":1,"weight":1},"displ":{"type":"keys","node":"displ","usage":1,"weight":1},"splay":{"type":"keys","node":"splay","usage":1,"weight":1},"twinkie":{"type":"fixes","node":"twinkie","usage":1,"weight":1},"display":{"type":"fixes","node":"display","usage":1,"weight":1},"ssk":{"type":"fixes","node":"ssk","usage":1,"weight":1}},"Contributors":[],"FontIdentity":"41b49485d1fa625cd7bc851ec09a497e","Bytes":2322302,"Networking":[],"barcode":"AkAAsIYgwaEwa","referee":"iasg-5"}