{"CSS":{"OPTIPosterBodoni-Compr":"OPTIPosterBodoni-Compr.css"},"FontType":"TrueType","FontCopyright":"1.2, Copyright Copr. Castcraft Software, Inc. 1990-1991.","FontName":"OPTIPosterBodoni-Compr","FontSubfamily":"Compr","FontSubfamilyID":"FontForge 2.0 : OPTIPosterBodoni-Compr : 28-8-2016","FontFullName":"OPTIPoster Bodoni Compr","FontVersion":"Version 001.000 ","FontWeight":null,"FontPostscriptName":"OPTIPosterBodoni-Compr","Files":{"\/fonts\/Unpacking\/c7c77e9271926adf6f57032f2f8008093a264db2\/LICENCE":"\/fonts\/Unpacking\/c7c77e9271926adf6f57032f2f8008093a264db2\/LICENCE","\/fonts\/Unpacking\/c7c77e9271926adf6f57032f2f8008093a264db2\/optiposterbodoni-compr.afm":"\/fonts\/Unpacking\/c7c77e9271926adf6f57032f2f8008093a264db2\/optiposterbodoni-compr.afm","\/fonts\/Unpacking\/c7c77e9271926adf6f57032f2f8008093a264db2\/optiposterbodoni-compr.bin":"\/fonts\/Unpacking\/c7c77e9271926adf6f57032f2f8008093a264db2\/optiposterbodoni-compr.bin","\/fonts\/Unpacking\/c7c77e9271926adf6f57032f2f8008093a264db2\/optiposterbodoni-compr.cef":"\/fonts\/Unpacking\/c7c77e9271926adf6f57032f2f8008093a264db2\/optiposterbodoni-compr.cef","\/fonts\/Unpacking\/c7c77e9271926adf6f57032f2f8008093a264db2\/optiposterbodoni-compr.cff":"\/fonts\/Unpacking\/c7c77e9271926adf6f57032f2f8008093a264db2\/optiposterbodoni-compr.cff","\/fonts\/Unpacking\/c7c77e9271926adf6f57032f2f8008093a264db2\/optiposterbodoni-compr.cid":"\/fonts\/Unpacking\/c7c77e9271926adf6f57032f2f8008093a264db2\/optiposterbodoni-compr.cid","\/fonts\/Unpacking\/c7c77e9271926adf6f57032f2f8008093a264db2\/optiposterbodoni-compr.dfont":"\/fonts\/Unpacking\/c7c77e9271926adf6f57032f2f8008093a264db2\/optiposterbodoni-compr.dfont","\/fonts\/Unpacking\/c7c77e9271926adf6f57032f2f8008093a264db2\/optiposterbodoni-compr.eot":"\/fonts\/Unpacking\/c7c77e9271926adf6f57032f2f8008093a264db2\/optiposterbodoni-compr.eot","\/fonts\/Unpacking\/c7c77e9271926adf6f57032f2f8008093a264db2\/optiposterbodoni-compr.fon":"\/fonts\/Unpacking\/c7c77e9271926adf6f57032f2f8008093a264db2\/optiposterbodoni-compr.fon","\/fonts\/Unpacking\/c7c77e9271926adf6f57032f2f8008093a264db2\/optiposterbodoni-compr.gai":"\/fonts\/Unpacking\/c7c77e9271926adf6f57032f2f8008093a264db2\/optiposterbodoni-compr.gai","\/fonts\/Unpacking\/c7c77e9271926adf6f57032f2f8008093a264db2\/optiposterbodoni-compr.gsf":"\/fonts\/Unpacking\/c7c77e9271926adf6f57032f2f8008093a264db2\/optiposterbodoni-compr.gsf","\/fonts\/Unpacking\/c7c77e9271926adf6f57032f2f8008093a264db2\/optiposterbodoni-compr.hqx":"\/fonts\/Unpacking\/c7c77e9271926adf6f57032f2f8008093a264db2\/optiposterbodoni-compr.hqx","\/fonts\/Unpacking\/c7c77e9271926adf6f57032f2f8008093a264db2\/optiposterbodoni-compr.ik":"\/fonts\/Unpacking\/c7c77e9271926adf6f57032f2f8008093a264db2\/optiposterbodoni-compr.ik","\/fonts\/Unpacking\/c7c77e9271926adf6f57032f2f8008093a264db2\/optiposterbodoni-compr.mf":"\/fonts\/Unpacking\/c7c77e9271926adf6f57032f2f8008093a264db2\/optiposterbodoni-compr.mf","\/fonts\/Unpacking\/c7c77e9271926adf6f57032f2f8008093a264db2\/optiposterbodoni-compr.otf":"\/fonts\/Unpacking\/c7c77e9271926adf6f57032f2f8008093a264db2\/optiposterbodoni-compr.otf","\/fonts\/Unpacking\/c7c77e9271926adf6f57032f2f8008093a264db2\/optiposterbodoni-compr.pcf":"\/fonts\/Unpacking\/c7c77e9271926adf6f57032f2f8008093a264db2\/optiposterbodoni-compr.pcf","\/fonts\/Unpacking\/c7c77e9271926adf6f57032f2f8008093a264db2\/optiposterbodoni-compr.pf3":"\/fonts\/Unpacking\/c7c77e9271926adf6f57032f2f8008093a264db2\/optiposterbodoni-compr.pf3","\/fonts\/Unpacking\/c7c77e9271926adf6f57032f2f8008093a264db2\/optiposterbodoni-compr.pfa":"\/fonts\/Unpacking\/c7c77e9271926adf6f57032f2f8008093a264db2\/optiposterbodoni-compr.pfa","\/fonts\/Unpacking\/c7c77e9271926adf6f57032f2f8008093a264db2\/optiposterbodoni-compr.pfb":"\/fonts\/Unpacking\/c7c77e9271926adf6f57032f2f8008093a264db2\/optiposterbodoni-compr.pfb","\/fonts\/Unpacking\/c7c77e9271926adf6f57032f2f8008093a264db2\/optiposterbodoni-compr.php":"\/fonts\/Unpacking\/c7c77e9271926adf6f57032f2f8008093a264db2\/optiposterbodoni-compr.php","\/fonts\/Unpacking\/c7c77e9271926adf6f57032f2f8008093a264db2\/optiposterbodoni-compr.pmf":"\/fonts\/Unpacking\/c7c77e9271926adf6f57032f2f8008093a264db2\/optiposterbodoni-compr.pmf","\/fonts\/Unpacking\/c7c77e9271926adf6f57032f2f8008093a264db2\/optiposterbodoni-compr.pt3":"\/fonts\/Unpacking\/c7c77e9271926adf6f57032f2f8008093a264db2\/optiposterbodoni-compr.pt3","\/fonts\/Unpacking\/c7c77e9271926adf6f57032f2f8008093a264db2\/optiposterbodoni-compr.sfd":"\/fonts\/Unpacking\/c7c77e9271926adf6f57032f2f8008093a264db2\/optiposterbodoni-compr.sfd","\/fonts\/Unpacking\/c7c77e9271926adf6f57032f2f8008093a264db2\/optiposterbodoni-compr.svg":"\/fonts\/Unpacking\/c7c77e9271926adf6f57032f2f8008093a264db2\/optiposterbodoni-compr.svg","\/fonts\/Unpacking\/c7c77e9271926adf6f57032f2f8008093a264db2\/optiposterbodoni-compr.t42":"\/fonts\/Unpacking\/c7c77e9271926adf6f57032f2f8008093a264db2\/optiposterbodoni-compr.t42","\/fonts\/Unpacking\/c7c77e9271926adf6f57032f2f8008093a264db2\/optiposterbodoni-compr.ttd":"\/fonts\/Unpacking\/c7c77e9271926adf6f57032f2f8008093a264db2\/optiposterbodoni-compr.ttd","\/fonts\/Unpacking\/c7c77e9271926adf6f57032f2f8008093a264db2\/optiposterbodoni-compr.ttf":"\/fonts\/Unpacking\/c7c77e9271926adf6f57032f2f8008093a264db2\/optiposterbodoni-compr.ttf","\/fonts\/Unpacking\/c7c77e9271926adf6f57032f2f8008093a264db2\/optiposterbodoni-compr.ttg":"\/fonts\/Unpacking\/c7c77e9271926adf6f57032f2f8008093a264db2\/optiposterbodoni-compr.ttg","\/fonts\/Unpacking\/c7c77e9271926adf6f57032f2f8008093a264db2\/optiposterbodoni-compr.ufm":"\/fonts\/Unpacking\/c7c77e9271926adf6f57032f2f8008093a264db2\/optiposterbodoni-compr.ufm","\/fonts\/Unpacking\/c7c77e9271926adf6f57032f2f8008093a264db2\/optiposterbodoni-compr.woff":"\/fonts\/Unpacking\/c7c77e9271926adf6f57032f2f8008093a264db2\/optiposterbodoni-compr.woff","\/fonts\/Unpacking\/c7c77e9271926adf6f57032f2f8008093a264db2\/optiposterbodoni-compr.z":"\/fonts\/Unpacking\/c7c77e9271926adf6f57032f2f8008093a264db2\/optiposterbodoni-compr.z","\/fonts\/Unpacking\/c7c77e9271926adf6f57032f2f8008093a264db2\/optiposterbodoni-compr.ufo\/feature.fea":"\/fonts\/Unpacking\/c7c77e9271926adf6f57032f2f8008093a264db2\/optiposterbodoni-compr.ufo\/feature.fea","\/fonts\/Unpacking\/c7c77e9271926adf6f57032f2f8008093a264db2\/optiposterbodoni-compr.ufo\/fontinfo.plist":"\/fonts\/Unpacking\/c7c77e9271926adf6f57032f2f8008093a264db2\/optiposterbodoni-compr.ufo\/fontinfo.plist","\/fonts\/Unpacking\/c7c77e9271926adf6f57032f2f8008093a264db2\/optiposterbodoni-compr.ufo\/groups.plist":"\/fonts\/Unpacking\/c7c77e9271926adf6f57032f2f8008093a264db2\/optiposterbodoni-compr.ufo\/groups.plist","\/fonts\/Unpacking\/c7c77e9271926adf6f57032f2f8008093a264db2\/optiposterbodoni-compr.ufo\/kerning.plist":"\/fonts\/Unpacking\/c7c77e9271926adf6f57032f2f8008093a264db2\/optiposterbodoni-compr.ufo\/kerning.plist","\/fonts\/Unpacking\/c7c77e9271926adf6f57032f2f8008093a264db2\/optiposterbodoni-compr.ufo\/metainfo.plist":"\/fonts\/Unpacking\/c7c77e9271926adf6f57032f2f8008093a264db2\/optiposterbodoni-compr.ufo\/metainfo.plist","\/fonts\/Unpacking\/c7c77e9271926adf6f57032f2f8008093a264db2\/optiposterbodoni-compr.ufo\/glyphs\/A_.glif":"\/fonts\/Unpacking\/c7c77e9271926adf6f57032f2f8008093a264db2\/optiposterbodoni-compr.ufo\/glyphs\/A_.glif","\/fonts\/Unpacking\/c7c77e9271926adf6f57032f2f8008093a264db2\/optiposterbodoni-compr.ufo\/glyphs\/A_E_.glif":"\/fonts\/Unpacking\/c7c77e9271926adf6f57032f2f8008093a264db2\/optiposterbodoni-compr.ufo\/glyphs\/A_E_.glif","\/fonts\/Unpacking\/c7c77e9271926adf6f57032f2f8008093a264db2\/optiposterbodoni-compr.ufo\/glyphs\/A_acute.glif":"\/fonts\/Unpacking\/c7c77e9271926adf6f57032f2f8008093a264db2\/optiposterbodoni-compr.ufo\/glyphs\/A_acute.glif","\/fonts\/Unpacking\/c7c77e9271926adf6f57032f2f8008093a264db2\/optiposterbodoni-compr.ufo\/glyphs\/A_circumflex.glif":"\/fonts\/Unpacking\/c7c77e9271926adf6f57032f2f8008093a264db2\/optiposterbodoni-compr.ufo\/glyphs\/A_circumflex.glif","\/fonts\/Unpacking\/c7c77e9271926adf6f57032f2f8008093a264db2\/optiposterbodoni-compr.ufo\/glyphs\/A_dieresis.glif":"\/fonts\/Unpacking\/c7c77e9271926adf6f57032f2f8008093a264db2\/optiposterbodoni-compr.ufo\/glyphs\/A_dieresis.glif","\/fonts\/Unpacking\/c7c77e9271926adf6f57032f2f8008093a264db2\/optiposterbodoni-compr.ufo\/glyphs\/A_grave.glif":"\/fonts\/Unpacking\/c7c77e9271926adf6f57032f2f8008093a264db2\/optiposterbodoni-compr.ufo\/glyphs\/A_grave.glif","\/fonts\/Unpacking\/c7c77e9271926adf6f57032f2f8008093a264db2\/optiposterbodoni-compr.ufo\/glyphs\/A_ring.glif":"\/fonts\/Unpacking\/c7c77e9271926adf6f57032f2f8008093a264db2\/optiposterbodoni-compr.ufo\/glyphs\/A_ring.glif","\/fonts\/Unpacking\/c7c77e9271926adf6f57032f2f8008093a264db2\/optiposterbodoni-compr.ufo\/glyphs\/A_tilde.glif":"\/fonts\/Unpacking\/c7c77e9271926adf6f57032f2f8008093a264db2\/optiposterbodoni-compr.ufo\/glyphs\/A_tilde.glif","\/fonts\/Unpacking\/c7c77e9271926adf6f57032f2f8008093a264db2\/optiposterbodoni-compr.ufo\/glyphs\/B_.glif":"\/fonts\/Unpacking\/c7c77e9271926adf6f57032f2f8008093a264db2\/optiposterbodoni-compr.ufo\/glyphs\/B_.glif","\/fonts\/Unpacking\/c7c77e9271926adf6f57032f2f8008093a264db2\/optiposterbodoni-compr.ufo\/glyphs\/C_.glif":"\/fonts\/Unpacking\/c7c77e9271926adf6f57032f2f8008093a264db2\/optiposterbodoni-compr.ufo\/glyphs\/C_.glif","\/fonts\/Unpacking\/c7c77e9271926adf6f57032f2f8008093a264db2\/optiposterbodoni-compr.ufo\/glyphs\/C_cedilla.glif":"\/fonts\/Unpacking\/c7c77e9271926adf6f57032f2f8008093a264db2\/optiposterbodoni-compr.ufo\/glyphs\/C_cedilla.glif","\/fonts\/Unpacking\/c7c77e9271926adf6f57032f2f8008093a264db2\/optiposterbodoni-compr.ufo\/glyphs\/D_.glif":"\/fonts\/Unpacking\/c7c77e9271926adf6f57032f2f8008093a264db2\/optiposterbodoni-compr.ufo\/glyphs\/D_.glif","\/fonts\/Unpacking\/c7c77e9271926adf6f57032f2f8008093a264db2\/optiposterbodoni-compr.ufo\/glyphs\/E_.glif":"\/fonts\/Unpacking\/c7c77e9271926adf6f57032f2f8008093a264db2\/optiposterbodoni-compr.ufo\/glyphs\/E_.glif","\/fonts\/Unpacking\/c7c77e9271926adf6f57032f2f8008093a264db2\/optiposterbodoni-compr.ufo\/glyphs\/E_acute.glif":"\/fonts\/Unpacking\/c7c77e9271926adf6f57032f2f8008093a264db2\/optiposterbodoni-compr.ufo\/glyphs\/E_acute.glif","\/fonts\/Unpacking\/c7c77e9271926adf6f57032f2f8008093a264db2\/optiposterbodoni-compr.ufo\/glyphs\/E_circumflex.glif":"\/fonts\/Unpacking\/c7c77e9271926adf6f57032f2f8008093a264db2\/optiposterbodoni-compr.ufo\/glyphs\/E_circumflex.glif","\/fonts\/Unpacking\/c7c77e9271926adf6f57032f2f8008093a264db2\/optiposterbodoni-compr.ufo\/glyphs\/E_dieresis.glif":"\/fonts\/Unpacking\/c7c77e9271926adf6f57032f2f8008093a264db2\/optiposterbodoni-compr.ufo\/glyphs\/E_dieresis.glif","\/fonts\/Unpacking\/c7c77e9271926adf6f57032f2f8008093a264db2\/optiposterbodoni-compr.ufo\/glyphs\/E_grave.glif":"\/fonts\/Unpacking\/c7c77e9271926adf6f57032f2f8008093a264db2\/optiposterbodoni-compr.ufo\/glyphs\/E_grave.glif","\/fonts\/Unpacking\/c7c77e9271926adf6f57032f2f8008093a264db2\/optiposterbodoni-compr.ufo\/glyphs\/F_.glif":"\/fonts\/Unpacking\/c7c77e9271926adf6f57032f2f8008093a264db2\/optiposterbodoni-compr.ufo\/glyphs\/F_.glif","\/fonts\/Unpacking\/c7c77e9271926adf6f57032f2f8008093a264db2\/optiposterbodoni-compr.ufo\/glyphs\/G_.glif":"\/fonts\/Unpacking\/c7c77e9271926adf6f57032f2f8008093a264db2\/optiposterbodoni-compr.ufo\/glyphs\/G_.glif","\/fonts\/Unpacking\/c7c77e9271926adf6f57032f2f8008093a264db2\/optiposterbodoni-compr.ufo\/glyphs\/H_.glif":"\/fonts\/Unpacking\/c7c77e9271926adf6f57032f2f8008093a264db2\/optiposterbodoni-compr.ufo\/glyphs\/H_.glif","\/fonts\/Unpacking\/c7c77e9271926adf6f57032f2f8008093a264db2\/optiposterbodoni-compr.ufo\/glyphs\/I_.glif":"\/fonts\/Unpacking\/c7c77e9271926adf6f57032f2f8008093a264db2\/optiposterbodoni-compr.ufo\/glyphs\/I_.glif","\/fonts\/Unpacking\/c7c77e9271926adf6f57032f2f8008093a264db2\/optiposterbodoni-compr.ufo\/glyphs\/I_acute.glif":"\/fonts\/Unpacking\/c7c77e9271926adf6f57032f2f8008093a264db2\/optiposterbodoni-compr.ufo\/glyphs\/I_acute.glif","\/fonts\/Unpacking\/c7c77e9271926adf6f57032f2f8008093a264db2\/optiposterbodoni-compr.ufo\/glyphs\/I_circumflex.glif":"\/fonts\/Unpacking\/c7c77e9271926adf6f57032f2f8008093a264db2\/optiposterbodoni-compr.ufo\/glyphs\/I_circumflex.glif","\/fonts\/Unpacking\/c7c77e9271926adf6f57032f2f8008093a264db2\/optiposterbodoni-compr.ufo\/glyphs\/I_dieresis.glif":"\/fonts\/Unpacking\/c7c77e9271926adf6f57032f2f8008093a264db2\/optiposterbodoni-compr.ufo\/glyphs\/I_dieresis.glif","\/fonts\/Unpacking\/c7c77e9271926adf6f57032f2f8008093a264db2\/optiposterbodoni-compr.ufo\/glyphs\/I_grave.glif":"\/fonts\/Unpacking\/c7c77e9271926adf6f57032f2f8008093a264db2\/optiposterbodoni-compr.ufo\/glyphs\/I_grave.glif","\/fonts\/Unpacking\/c7c77e9271926adf6f57032f2f8008093a264db2\/optiposterbodoni-compr.ufo\/glyphs\/J_.glif":"\/fonts\/Unpacking\/c7c77e9271926adf6f57032f2f8008093a264db2\/optiposterbodoni-compr.ufo\/glyphs\/J_.glif","\/fonts\/Unpacking\/c7c77e9271926adf6f57032f2f8008093a264db2\/optiposterbodoni-compr.ufo\/glyphs\/K_.glif":"\/fonts\/Unpacking\/c7c77e9271926adf6f57032f2f8008093a264db2\/optiposterbodoni-compr.ufo\/glyphs\/K_.glif","\/fonts\/Unpacking\/c7c77e9271926adf6f57032f2f8008093a264db2\/optiposterbodoni-compr.ufo\/glyphs\/L_.glif":"\/fonts\/Unpacking\/c7c77e9271926adf6f57032f2f8008093a264db2\/optiposterbodoni-compr.ufo\/glyphs\/L_.glif","\/fonts\/Unpacking\/c7c77e9271926adf6f57032f2f8008093a264db2\/optiposterbodoni-compr.ufo\/glyphs\/M_.glif":"\/fonts\/Unpacking\/c7c77e9271926adf6f57032f2f8008093a264db2\/optiposterbodoni-compr.ufo\/glyphs\/M_.glif","\/fonts\/Unpacking\/c7c77e9271926adf6f57032f2f8008093a264db2\/optiposterbodoni-compr.ufo\/glyphs\/N_.glif":"\/fonts\/Unpacking\/c7c77e9271926adf6f57032f2f8008093a264db2\/optiposterbodoni-compr.ufo\/glyphs\/N_.glif","\/fonts\/Unpacking\/c7c77e9271926adf6f57032f2f8008093a264db2\/optiposterbodoni-compr.ufo\/glyphs\/N_tilde.glif":"\/fonts\/Unpacking\/c7c77e9271926adf6f57032f2f8008093a264db2\/optiposterbodoni-compr.ufo\/glyphs\/N_tilde.glif","\/fonts\/Unpacking\/c7c77e9271926adf6f57032f2f8008093a264db2\/optiposterbodoni-compr.ufo\/glyphs\/O_.glif":"\/fonts\/Unpacking\/c7c77e9271926adf6f57032f2f8008093a264db2\/optiposterbodoni-compr.ufo\/glyphs\/O_.glif","\/fonts\/Unpacking\/c7c77e9271926adf6f57032f2f8008093a264db2\/optiposterbodoni-compr.ufo\/glyphs\/O_E_.glif":"\/fonts\/Unpacking\/c7c77e9271926adf6f57032f2f8008093a264db2\/optiposterbodoni-compr.ufo\/glyphs\/O_E_.glif","\/fonts\/Unpacking\/c7c77e9271926adf6f57032f2f8008093a264db2\/optiposterbodoni-compr.ufo\/glyphs\/O_acute.glif":"\/fonts\/Unpacking\/c7c77e9271926adf6f57032f2f8008093a264db2\/optiposterbodoni-compr.ufo\/glyphs\/O_acute.glif","\/fonts\/Unpacking\/c7c77e9271926adf6f57032f2f8008093a264db2\/optiposterbodoni-compr.ufo\/glyphs\/O_circumflex.glif":"\/fonts\/Unpacking\/c7c77e9271926adf6f57032f2f8008093a264db2\/optiposterbodoni-compr.ufo\/glyphs\/O_circumflex.glif","\/fonts\/Unpacking\/c7c77e9271926adf6f57032f2f8008093a264db2\/optiposterbodoni-compr.ufo\/glyphs\/O_dieresis.glif":"\/fonts\/Unpacking\/c7c77e9271926adf6f57032f2f8008093a264db2\/optiposterbodoni-compr.ufo\/glyphs\/O_dieresis.glif","\/fonts\/Unpacking\/c7c77e9271926adf6f57032f2f8008093a264db2\/optiposterbodoni-compr.ufo\/glyphs\/O_grave.glif":"\/fonts\/Unpacking\/c7c77e9271926adf6f57032f2f8008093a264db2\/optiposterbodoni-compr.ufo\/glyphs\/O_grave.glif","\/fonts\/Unpacking\/c7c77e9271926adf6f57032f2f8008093a264db2\/optiposterbodoni-compr.ufo\/glyphs\/O_slash.glif":"\/fonts\/Unpacking\/c7c77e9271926adf6f57032f2f8008093a264db2\/optiposterbodoni-compr.ufo\/glyphs\/O_slash.glif","\/fonts\/Unpacking\/c7c77e9271926adf6f57032f2f8008093a264db2\/optiposterbodoni-compr.ufo\/glyphs\/O_tilde.glif":"\/fonts\/Unpacking\/c7c77e9271926adf6f57032f2f8008093a264db2\/optiposterbodoni-compr.ufo\/glyphs\/O_tilde.glif","\/fonts\/Unpacking\/c7c77e9271926adf6f57032f2f8008093a264db2\/optiposterbodoni-compr.ufo\/glyphs\/P_.glif":"\/fonts\/Unpacking\/c7c77e9271926adf6f57032f2f8008093a264db2\/optiposterbodoni-compr.ufo\/glyphs\/P_.glif","\/fonts\/Unpacking\/c7c77e9271926adf6f57032f2f8008093a264db2\/optiposterbodoni-compr.ufo\/glyphs\/Q_.glif":"\/fonts\/Unpacking\/c7c77e9271926adf6f57032f2f8008093a264db2\/optiposterbodoni-compr.ufo\/glyphs\/Q_.glif","\/fonts\/Unpacking\/c7c77e9271926adf6f57032f2f8008093a264db2\/optiposterbodoni-compr.ufo\/glyphs\/R_.glif":"\/fonts\/Unpacking\/c7c77e9271926adf6f57032f2f8008093a264db2\/optiposterbodoni-compr.ufo\/glyphs\/R_.glif","\/fonts\/Unpacking\/c7c77e9271926adf6f57032f2f8008093a264db2\/optiposterbodoni-compr.ufo\/glyphs\/S_.glif":"\/fonts\/Unpacking\/c7c77e9271926adf6f57032f2f8008093a264db2\/optiposterbodoni-compr.ufo\/glyphs\/S_.glif","\/fonts\/Unpacking\/c7c77e9271926adf6f57032f2f8008093a264db2\/optiposterbodoni-compr.ufo\/glyphs\/T_.glif":"\/fonts\/Unpacking\/c7c77e9271926adf6f57032f2f8008093a264db2\/optiposterbodoni-compr.ufo\/glyphs\/T_.glif","\/fonts\/Unpacking\/c7c77e9271926adf6f57032f2f8008093a264db2\/optiposterbodoni-compr.ufo\/glyphs\/U_.glif":"\/fonts\/Unpacking\/c7c77e9271926adf6f57032f2f8008093a264db2\/optiposterbodoni-compr.ufo\/glyphs\/U_.glif","\/fonts\/Unpacking\/c7c77e9271926adf6f57032f2f8008093a264db2\/optiposterbodoni-compr.ufo\/glyphs\/U_acute.glif":"\/fonts\/Unpacking\/c7c77e9271926adf6f57032f2f8008093a264db2\/optiposterbodoni-compr.ufo\/glyphs\/U_acute.glif","\/fonts\/Unpacking\/c7c77e9271926adf6f57032f2f8008093a264db2\/optiposterbodoni-compr.ufo\/glyphs\/U_circumflex.glif":"\/fonts\/Unpacking\/c7c77e9271926adf6f57032f2f8008093a264db2\/optiposterbodoni-compr.ufo\/glyphs\/U_circumflex.glif","\/fonts\/Unpacking\/c7c77e9271926adf6f57032f2f8008093a264db2\/optiposterbodoni-compr.ufo\/glyphs\/U_dieresis.glif":"\/fonts\/Unpacking\/c7c77e9271926adf6f57032f2f8008093a264db2\/optiposterbodoni-compr.ufo\/glyphs\/U_dieresis.glif","\/fonts\/Unpacking\/c7c77e9271926adf6f57032f2f8008093a264db2\/optiposterbodoni-compr.ufo\/glyphs\/U_grave.glif":"\/fonts\/Unpacking\/c7c77e9271926adf6f57032f2f8008093a264db2\/optiposterbodoni-compr.ufo\/glyphs\/U_grave.glif","\/fonts\/Unpacking\/c7c77e9271926adf6f57032f2f8008093a264db2\/optiposterbodoni-compr.ufo\/glyphs\/V_.glif":"\/fonts\/Unpacking\/c7c77e9271926adf6f57032f2f8008093a264db2\/optiposterbodoni-compr.ufo\/glyphs\/V_.glif","\/fonts\/Unpacking\/c7c77e9271926adf6f57032f2f8008093a264db2\/optiposterbodoni-compr.ufo\/glyphs\/W_.glif":"\/fonts\/Unpacking\/c7c77e9271926adf6f57032f2f8008093a264db2\/optiposterbodoni-compr.ufo\/glyphs\/W_.glif","\/fonts\/Unpacking\/c7c77e9271926adf6f57032f2f8008093a264db2\/optiposterbodoni-compr.ufo\/glyphs\/X_.glif":"\/fonts\/Unpacking\/c7c77e9271926adf6f57032f2f8008093a264db2\/optiposterbodoni-compr.ufo\/glyphs\/X_.glif","\/fonts\/Unpacking\/c7c77e9271926adf6f57032f2f8008093a264db2\/optiposterbodoni-compr.ufo\/glyphs\/Y_.glif":"\/fonts\/Unpacking\/c7c77e9271926adf6f57032f2f8008093a264db2\/optiposterbodoni-compr.ufo\/glyphs\/Y_.glif","\/fonts\/Unpacking\/c7c77e9271926adf6f57032f2f8008093a264db2\/optiposterbodoni-compr.ufo\/glyphs\/Y_dieresis.glif":"\/fonts\/Unpacking\/c7c77e9271926adf6f57032f2f8008093a264db2\/optiposterbodoni-compr.ufo\/glyphs\/Y_dieresis.glif","\/fonts\/Unpacking\/c7c77e9271926adf6f57032f2f8008093a264db2\/optiposterbodoni-compr.ufo\/glyphs\/Z_.glif":"\/fonts\/Unpacking\/c7c77e9271926adf6f57032f2f8008093a264db2\/optiposterbodoni-compr.ufo\/glyphs\/Z_.glif","\/fonts\/Unpacking\/c7c77e9271926adf6f57032f2f8008093a264db2\/optiposterbodoni-compr.ufo\/glyphs\/a.glif":"\/fonts\/Unpacking\/c7c77e9271926adf6f57032f2f8008093a264db2\/optiposterbodoni-compr.ufo\/glyphs\/a.glif","\/fonts\/Unpacking\/c7c77e9271926adf6f57032f2f8008093a264db2\/optiposterbodoni-compr.ufo\/glyphs\/aacute.glif":"\/fonts\/Unpacking\/c7c77e9271926adf6f57032f2f8008093a264db2\/optiposterbodoni-compr.ufo\/glyphs\/aacute.glif","\/fonts\/Unpacking\/c7c77e9271926adf6f57032f2f8008093a264db2\/optiposterbodoni-compr.ufo\/glyphs\/acircumflex.glif":"\/fonts\/Unpacking\/c7c77e9271926adf6f57032f2f8008093a264db2\/optiposterbodoni-compr.ufo\/glyphs\/acircumflex.glif","\/fonts\/Unpacking\/c7c77e9271926adf6f57032f2f8008093a264db2\/optiposterbodoni-compr.ufo\/glyphs\/acute.glif":"\/fonts\/Unpacking\/c7c77e9271926adf6f57032f2f8008093a264db2\/optiposterbodoni-compr.ufo\/glyphs\/acute.glif","\/fonts\/Unpacking\/c7c77e9271926adf6f57032f2f8008093a264db2\/optiposterbodoni-compr.ufo\/glyphs\/adieresis.glif":"\/fonts\/Unpacking\/c7c77e9271926adf6f57032f2f8008093a264db2\/optiposterbodoni-compr.ufo\/glyphs\/adieresis.glif","\/fonts\/Unpacking\/c7c77e9271926adf6f57032f2f8008093a264db2\/optiposterbodoni-compr.ufo\/glyphs\/ae.glif":"\/fonts\/Unpacking\/c7c77e9271926adf6f57032f2f8008093a264db2\/optiposterbodoni-compr.ufo\/glyphs\/ae.glif","\/fonts\/Unpacking\/c7c77e9271926adf6f57032f2f8008093a264db2\/optiposterbodoni-compr.ufo\/glyphs\/agrave.glif":"\/fonts\/Unpacking\/c7c77e9271926adf6f57032f2f8008093a264db2\/optiposterbodoni-compr.ufo\/glyphs\/agrave.glif","\/fonts\/Unpacking\/c7c77e9271926adf6f57032f2f8008093a264db2\/optiposterbodoni-compr.ufo\/glyphs\/ampersand.glif":"\/fonts\/Unpacking\/c7c77e9271926adf6f57032f2f8008093a264db2\/optiposterbodoni-compr.ufo\/glyphs\/ampersand.glif","\/fonts\/Unpacking\/c7c77e9271926adf6f57032f2f8008093a264db2\/optiposterbodoni-compr.ufo\/glyphs\/aring.glif":"\/fonts\/Unpacking\/c7c77e9271926adf6f57032f2f8008093a264db2\/optiposterbodoni-compr.ufo\/glyphs\/aring.glif","\/fonts\/Unpacking\/c7c77e9271926adf6f57032f2f8008093a264db2\/optiposterbodoni-compr.ufo\/glyphs\/asciicircum.glif":"\/fonts\/Unpacking\/c7c77e9271926adf6f57032f2f8008093a264db2\/optiposterbodoni-compr.ufo\/glyphs\/asciicircum.glif","\/fonts\/Unpacking\/c7c77e9271926adf6f57032f2f8008093a264db2\/optiposterbodoni-compr.ufo\/glyphs\/asciitilde.glif":"\/fonts\/Unpacking\/c7c77e9271926adf6f57032f2f8008093a264db2\/optiposterbodoni-compr.ufo\/glyphs\/asciitilde.glif","\/fonts\/Unpacking\/c7c77e9271926adf6f57032f2f8008093a264db2\/optiposterbodoni-compr.ufo\/glyphs\/asterisk.glif":"\/fonts\/Unpacking\/c7c77e9271926adf6f57032f2f8008093a264db2\/optiposterbodoni-compr.ufo\/glyphs\/asterisk.glif","\/fonts\/Unpacking\/c7c77e9271926adf6f57032f2f8008093a264db2\/optiposterbodoni-compr.ufo\/glyphs\/at.glif":"\/fonts\/Unpacking\/c7c77e9271926adf6f57032f2f8008093a264db2\/optiposterbodoni-compr.ufo\/glyphs\/at.glif","\/fonts\/Unpacking\/c7c77e9271926adf6f57032f2f8008093a264db2\/optiposterbodoni-compr.ufo\/glyphs\/atilde.glif":"\/fonts\/Unpacking\/c7c77e9271926adf6f57032f2f8008093a264db2\/optiposterbodoni-compr.ufo\/glyphs\/atilde.glif","\/fonts\/Unpacking\/c7c77e9271926adf6f57032f2f8008093a264db2\/optiposterbodoni-compr.ufo\/glyphs\/b.glif":"\/fonts\/Unpacking\/c7c77e9271926adf6f57032f2f8008093a264db2\/optiposterbodoni-compr.ufo\/glyphs\/b.glif","\/fonts\/Unpacking\/c7c77e9271926adf6f57032f2f8008093a264db2\/optiposterbodoni-compr.ufo\/glyphs\/backslash.glif":"\/fonts\/Unpacking\/c7c77e9271926adf6f57032f2f8008093a264db2\/optiposterbodoni-compr.ufo\/glyphs\/backslash.glif","\/fonts\/Unpacking\/c7c77e9271926adf6f57032f2f8008093a264db2\/optiposterbodoni-compr.ufo\/glyphs\/bar.glif":"\/fonts\/Unpacking\/c7c77e9271926adf6f57032f2f8008093a264db2\/optiposterbodoni-compr.ufo\/glyphs\/bar.glif","\/fonts\/Unpacking\/c7c77e9271926adf6f57032f2f8008093a264db2\/optiposterbodoni-compr.ufo\/glyphs\/braceleft.glif":"\/fonts\/Unpacking\/c7c77e9271926adf6f57032f2f8008093a264db2\/optiposterbodoni-compr.ufo\/glyphs\/braceleft.glif","\/fonts\/Unpacking\/c7c77e9271926adf6f57032f2f8008093a264db2\/optiposterbodoni-compr.ufo\/glyphs\/braceright.glif":"\/fonts\/Unpacking\/c7c77e9271926adf6f57032f2f8008093a264db2\/optiposterbodoni-compr.ufo\/glyphs\/braceright.glif","\/fonts\/Unpacking\/c7c77e9271926adf6f57032f2f8008093a264db2\/optiposterbodoni-compr.ufo\/glyphs\/bracketleft.glif":"\/fonts\/Unpacking\/c7c77e9271926adf6f57032f2f8008093a264db2\/optiposterbodoni-compr.ufo\/glyphs\/bracketleft.glif","\/fonts\/Unpacking\/c7c77e9271926adf6f57032f2f8008093a264db2\/optiposterbodoni-compr.ufo\/glyphs\/bracketright.glif":"\/fonts\/Unpacking\/c7c77e9271926adf6f57032f2f8008093a264db2\/optiposterbodoni-compr.ufo\/glyphs\/bracketright.glif","\/fonts\/Unpacking\/c7c77e9271926adf6f57032f2f8008093a264db2\/optiposterbodoni-compr.ufo\/glyphs\/breve.glif":"\/fonts\/Unpacking\/c7c77e9271926adf6f57032f2f8008093a264db2\/optiposterbodoni-compr.ufo\/glyphs\/breve.glif","\/fonts\/Unpacking\/c7c77e9271926adf6f57032f2f8008093a264db2\/optiposterbodoni-compr.ufo\/glyphs\/bullet.glif":"\/fonts\/Unpacking\/c7c77e9271926adf6f57032f2f8008093a264db2\/optiposterbodoni-compr.ufo\/glyphs\/bullet.glif","\/fonts\/Unpacking\/c7c77e9271926adf6f57032f2f8008093a264db2\/optiposterbodoni-compr.ufo\/glyphs\/c.glif":"\/fonts\/Unpacking\/c7c77e9271926adf6f57032f2f8008093a264db2\/optiposterbodoni-compr.ufo\/glyphs\/c.glif","\/fonts\/Unpacking\/c7c77e9271926adf6f57032f2f8008093a264db2\/optiposterbodoni-compr.ufo\/glyphs\/ccedilla.glif":"\/fonts\/Unpacking\/c7c77e9271926adf6f57032f2f8008093a264db2\/optiposterbodoni-compr.ufo\/glyphs\/ccedilla.glif","\/fonts\/Unpacking\/c7c77e9271926adf6f57032f2f8008093a264db2\/optiposterbodoni-compr.ufo\/glyphs\/cent.glif":"\/fonts\/Unpacking\/c7c77e9271926adf6f57032f2f8008093a264db2\/optiposterbodoni-compr.ufo\/glyphs\/cent.glif","\/fonts\/Unpacking\/c7c77e9271926adf6f57032f2f8008093a264db2\/optiposterbodoni-compr.ufo\/glyphs\/circumflex.glif":"\/fonts\/Unpacking\/c7c77e9271926adf6f57032f2f8008093a264db2\/optiposterbodoni-compr.ufo\/glyphs\/circumflex.glif","\/fonts\/Unpacking\/c7c77e9271926adf6f57032f2f8008093a264db2\/optiposterbodoni-compr.ufo\/glyphs\/colon.glif":"\/fonts\/Unpacking\/c7c77e9271926adf6f57032f2f8008093a264db2\/optiposterbodoni-compr.ufo\/glyphs\/colon.glif","\/fonts\/Unpacking\/c7c77e9271926adf6f57032f2f8008093a264db2\/optiposterbodoni-compr.ufo\/glyphs\/comma.glif":"\/fonts\/Unpacking\/c7c77e9271926adf6f57032f2f8008093a264db2\/optiposterbodoni-compr.ufo\/glyphs\/comma.glif","\/fonts\/Unpacking\/c7c77e9271926adf6f57032f2f8008093a264db2\/optiposterbodoni-compr.ufo\/glyphs\/contents.plist":"\/fonts\/Unpacking\/c7c77e9271926adf6f57032f2f8008093a264db2\/optiposterbodoni-compr.ufo\/glyphs\/contents.plist","\/fonts\/Unpacking\/c7c77e9271926adf6f57032f2f8008093a264db2\/optiposterbodoni-compr.ufo\/glyphs\/copyright.glif":"\/fonts\/Unpacking\/c7c77e9271926adf6f57032f2f8008093a264db2\/optiposterbodoni-compr.ufo\/glyphs\/copyright.glif","\/fonts\/Unpacking\/c7c77e9271926adf6f57032f2f8008093a264db2\/optiposterbodoni-compr.ufo\/glyphs\/d.glif":"\/fonts\/Unpacking\/c7c77e9271926adf6f57032f2f8008093a264db2\/optiposterbodoni-compr.ufo\/glyphs\/d.glif","\/fonts\/Unpacking\/c7c77e9271926adf6f57032f2f8008093a264db2\/optiposterbodoni-compr.ufo\/glyphs\/dagger.glif":"\/fonts\/Unpacking\/c7c77e9271926adf6f57032f2f8008093a264db2\/optiposterbodoni-compr.ufo\/glyphs\/dagger.glif","\/fonts\/Unpacking\/c7c77e9271926adf6f57032f2f8008093a264db2\/optiposterbodoni-compr.ufo\/glyphs\/daggerdbl.glif":"\/fonts\/Unpacking\/c7c77e9271926adf6f57032f2f8008093a264db2\/optiposterbodoni-compr.ufo\/glyphs\/daggerdbl.glif","\/fonts\/Unpacking\/c7c77e9271926adf6f57032f2f8008093a264db2\/optiposterbodoni-compr.ufo\/glyphs\/dieresis.glif":"\/fonts\/Unpacking\/c7c77e9271926adf6f57032f2f8008093a264db2\/optiposterbodoni-compr.ufo\/glyphs\/dieresis.glif","\/fonts\/Unpacking\/c7c77e9271926adf6f57032f2f8008093a264db2\/optiposterbodoni-compr.ufo\/glyphs\/divide.glif":"\/fonts\/Unpacking\/c7c77e9271926adf6f57032f2f8008093a264db2\/optiposterbodoni-compr.ufo\/glyphs\/divide.glif","\/fonts\/Unpacking\/c7c77e9271926adf6f57032f2f8008093a264db2\/optiposterbodoni-compr.ufo\/glyphs\/dollar.glif":"\/fonts\/Unpacking\/c7c77e9271926adf6f57032f2f8008093a264db2\/optiposterbodoni-compr.ufo\/glyphs\/dollar.glif","\/fonts\/Unpacking\/c7c77e9271926adf6f57032f2f8008093a264db2\/optiposterbodoni-compr.ufo\/glyphs\/dotaccent.glif":"\/fonts\/Unpacking\/c7c77e9271926adf6f57032f2f8008093a264db2\/optiposterbodoni-compr.ufo\/glyphs\/dotaccent.glif","\/fonts\/Unpacking\/c7c77e9271926adf6f57032f2f8008093a264db2\/optiposterbodoni-compr.ufo\/glyphs\/dotlessi.glif":"\/fonts\/Unpacking\/c7c77e9271926adf6f57032f2f8008093a264db2\/optiposterbodoni-compr.ufo\/glyphs\/dotlessi.glif","\/fonts\/Unpacking\/c7c77e9271926adf6f57032f2f8008093a264db2\/optiposterbodoni-compr.ufo\/glyphs\/e.glif":"\/fonts\/Unpacking\/c7c77e9271926adf6f57032f2f8008093a264db2\/optiposterbodoni-compr.ufo\/glyphs\/e.glif","\/fonts\/Unpacking\/c7c77e9271926adf6f57032f2f8008093a264db2\/optiposterbodoni-compr.ufo\/glyphs\/eacute.glif":"\/fonts\/Unpacking\/c7c77e9271926adf6f57032f2f8008093a264db2\/optiposterbodoni-compr.ufo\/glyphs\/eacute.glif","\/fonts\/Unpacking\/c7c77e9271926adf6f57032f2f8008093a264db2\/optiposterbodoni-compr.ufo\/glyphs\/ecircumflex.glif":"\/fonts\/Unpacking\/c7c77e9271926adf6f57032f2f8008093a264db2\/optiposterbodoni-compr.ufo\/glyphs\/ecircumflex.glif","\/fonts\/Unpacking\/c7c77e9271926adf6f57032f2f8008093a264db2\/optiposterbodoni-compr.ufo\/glyphs\/edieresis.glif":"\/fonts\/Unpacking\/c7c77e9271926adf6f57032f2f8008093a264db2\/optiposterbodoni-compr.ufo\/glyphs\/edieresis.glif","\/fonts\/Unpacking\/c7c77e9271926adf6f57032f2f8008093a264db2\/optiposterbodoni-compr.ufo\/glyphs\/egrave.glif":"\/fonts\/Unpacking\/c7c77e9271926adf6f57032f2f8008093a264db2\/optiposterbodoni-compr.ufo\/glyphs\/egrave.glif","\/fonts\/Unpacking\/c7c77e9271926adf6f57032f2f8008093a264db2\/optiposterbodoni-compr.ufo\/glyphs\/eight.glif":"\/fonts\/Unpacking\/c7c77e9271926adf6f57032f2f8008093a264db2\/optiposterbodoni-compr.ufo\/glyphs\/eight.glif","\/fonts\/Unpacking\/c7c77e9271926adf6f57032f2f8008093a264db2\/optiposterbodoni-compr.ufo\/glyphs\/emdash.glif":"\/fonts\/Unpacking\/c7c77e9271926adf6f57032f2f8008093a264db2\/optiposterbodoni-compr.ufo\/glyphs\/emdash.glif","\/fonts\/Unpacking\/c7c77e9271926adf6f57032f2f8008093a264db2\/optiposterbodoni-compr.ufo\/glyphs\/endash.glif":"\/fonts\/Unpacking\/c7c77e9271926adf6f57032f2f8008093a264db2\/optiposterbodoni-compr.ufo\/glyphs\/endash.glif","\/fonts\/Unpacking\/c7c77e9271926adf6f57032f2f8008093a264db2\/optiposterbodoni-compr.ufo\/glyphs\/equal.glif":"\/fonts\/Unpacking\/c7c77e9271926adf6f57032f2f8008093a264db2\/optiposterbodoni-compr.ufo\/glyphs\/equal.glif","\/fonts\/Unpacking\/c7c77e9271926adf6f57032f2f8008093a264db2\/optiposterbodoni-compr.ufo\/glyphs\/exclam.glif":"\/fonts\/Unpacking\/c7c77e9271926adf6f57032f2f8008093a264db2\/optiposterbodoni-compr.ufo\/glyphs\/exclam.glif","\/fonts\/Unpacking\/c7c77e9271926adf6f57032f2f8008093a264db2\/optiposterbodoni-compr.ufo\/glyphs\/exclamdown.glif":"\/fonts\/Unpacking\/c7c77e9271926adf6f57032f2f8008093a264db2\/optiposterbodoni-compr.ufo\/glyphs\/exclamdown.glif","\/fonts\/Unpacking\/c7c77e9271926adf6f57032f2f8008093a264db2\/optiposterbodoni-compr.ufo\/glyphs\/f.glif":"\/fonts\/Unpacking\/c7c77e9271926adf6f57032f2f8008093a264db2\/optiposterbodoni-compr.ufo\/glyphs\/f.glif","\/fonts\/Unpacking\/c7c77e9271926adf6f57032f2f8008093a264db2\/optiposterbodoni-compr.ufo\/glyphs\/fi.glif":"\/fonts\/Unpacking\/c7c77e9271926adf6f57032f2f8008093a264db2\/optiposterbodoni-compr.ufo\/glyphs\/fi.glif","\/fonts\/Unpacking\/c7c77e9271926adf6f57032f2f8008093a264db2\/optiposterbodoni-compr.ufo\/glyphs\/five.glif":"\/fonts\/Unpacking\/c7c77e9271926adf6f57032f2f8008093a264db2\/optiposterbodoni-compr.ufo\/glyphs\/five.glif","\/fonts\/Unpacking\/c7c77e9271926adf6f57032f2f8008093a264db2\/optiposterbodoni-compr.ufo\/glyphs\/fl.glif":"\/fonts\/Unpacking\/c7c77e9271926adf6f57032f2f8008093a264db2\/optiposterbodoni-compr.ufo\/glyphs\/fl.glif","\/fonts\/Unpacking\/c7c77e9271926adf6f57032f2f8008093a264db2\/optiposterbodoni-compr.ufo\/glyphs\/florin.glif":"\/fonts\/Unpacking\/c7c77e9271926adf6f57032f2f8008093a264db2\/optiposterbodoni-compr.ufo\/glyphs\/florin.glif","\/fonts\/Unpacking\/c7c77e9271926adf6f57032f2f8008093a264db2\/optiposterbodoni-compr.ufo\/glyphs\/four.glif":"\/fonts\/Unpacking\/c7c77e9271926adf6f57032f2f8008093a264db2\/optiposterbodoni-compr.ufo\/glyphs\/four.glif","\/fonts\/Unpacking\/c7c77e9271926adf6f57032f2f8008093a264db2\/optiposterbodoni-compr.ufo\/glyphs\/fraction.glif":"\/fonts\/Unpacking\/c7c77e9271926adf6f57032f2f8008093a264db2\/optiposterbodoni-compr.ufo\/glyphs\/fraction.glif","\/fonts\/Unpacking\/c7c77e9271926adf6f57032f2f8008093a264db2\/optiposterbodoni-compr.ufo\/glyphs\/g.glif":"\/fonts\/Unpacking\/c7c77e9271926adf6f57032f2f8008093a264db2\/optiposterbodoni-compr.ufo\/glyphs\/g.glif","\/fonts\/Unpacking\/c7c77e9271926adf6f57032f2f8008093a264db2\/optiposterbodoni-compr.ufo\/glyphs\/germandbls.glif":"\/fonts\/Unpacking\/c7c77e9271926adf6f57032f2f8008093a264db2\/optiposterbodoni-compr.ufo\/glyphs\/germandbls.glif","\/fonts\/Unpacking\/c7c77e9271926adf6f57032f2f8008093a264db2\/optiposterbodoni-compr.ufo\/glyphs\/grave.glif":"\/fonts\/Unpacking\/c7c77e9271926adf6f57032f2f8008093a264db2\/optiposterbodoni-compr.ufo\/glyphs\/grave.glif","\/fonts\/Unpacking\/c7c77e9271926adf6f57032f2f8008093a264db2\/optiposterbodoni-compr.ufo\/glyphs\/greater.glif":"\/fonts\/Unpacking\/c7c77e9271926adf6f57032f2f8008093a264db2\/optiposterbodoni-compr.ufo\/glyphs\/greater.glif","\/fonts\/Unpacking\/c7c77e9271926adf6f57032f2f8008093a264db2\/optiposterbodoni-compr.ufo\/glyphs\/guillemotleft.glif":"\/fonts\/Unpacking\/c7c77e9271926adf6f57032f2f8008093a264db2\/optiposterbodoni-compr.ufo\/glyphs\/guillemotleft.glif","\/fonts\/Unpacking\/c7c77e9271926adf6f57032f2f8008093a264db2\/optiposterbodoni-compr.ufo\/glyphs\/guillemotright.glif":"\/fonts\/Unpacking\/c7c77e9271926adf6f57032f2f8008093a264db2\/optiposterbodoni-compr.ufo\/glyphs\/guillemotright.glif","\/fonts\/Unpacking\/c7c77e9271926adf6f57032f2f8008093a264db2\/optiposterbodoni-compr.ufo\/glyphs\/guilsinglleft.glif":"\/fonts\/Unpacking\/c7c77e9271926adf6f57032f2f8008093a264db2\/optiposterbodoni-compr.ufo\/glyphs\/guilsinglleft.glif","\/fonts\/Unpacking\/c7c77e9271926adf6f57032f2f8008093a264db2\/optiposterbodoni-compr.ufo\/glyphs\/guilsinglright.glif":"\/fonts\/Unpacking\/c7c77e9271926adf6f57032f2f8008093a264db2\/optiposterbodoni-compr.ufo\/glyphs\/guilsinglright.glif","\/fonts\/Unpacking\/c7c77e9271926adf6f57032f2f8008093a264db2\/optiposterbodoni-compr.ufo\/glyphs\/h.glif":"\/fonts\/Unpacking\/c7c77e9271926adf6f57032f2f8008093a264db2\/optiposterbodoni-compr.ufo\/glyphs\/h.glif","\/fonts\/Unpacking\/c7c77e9271926adf6f57032f2f8008093a264db2\/optiposterbodoni-compr.ufo\/glyphs\/hyphen.glif":"\/fonts\/Unpacking\/c7c77e9271926adf6f57032f2f8008093a264db2\/optiposterbodoni-compr.ufo\/glyphs\/hyphen.glif","\/fonts\/Unpacking\/c7c77e9271926adf6f57032f2f8008093a264db2\/optiposterbodoni-compr.ufo\/glyphs\/i.glif":"\/fonts\/Unpacking\/c7c77e9271926adf6f57032f2f8008093a264db2\/optiposterbodoni-compr.ufo\/glyphs\/i.glif","\/fonts\/Unpacking\/c7c77e9271926adf6f57032f2f8008093a264db2\/optiposterbodoni-compr.ufo\/glyphs\/iacute.glif":"\/fonts\/Unpacking\/c7c77e9271926adf6f57032f2f8008093a264db2\/optiposterbodoni-compr.ufo\/glyphs\/iacute.glif","\/fonts\/Unpacking\/c7c77e9271926adf6f57032f2f8008093a264db2\/optiposterbodoni-compr.ufo\/glyphs\/icircumflex.glif":"\/fonts\/Unpacking\/c7c77e9271926adf6f57032f2f8008093a264db2\/optiposterbodoni-compr.ufo\/glyphs\/icircumflex.glif","\/fonts\/Unpacking\/c7c77e9271926adf6f57032f2f8008093a264db2\/optiposterbodoni-compr.ufo\/glyphs\/idieresis.glif":"\/fonts\/Unpacking\/c7c77e9271926adf6f57032f2f8008093a264db2\/optiposterbodoni-compr.ufo\/glyphs\/idieresis.glif","\/fonts\/Unpacking\/c7c77e9271926adf6f57032f2f8008093a264db2\/optiposterbodoni-compr.ufo\/glyphs\/igrave.glif":"\/fonts\/Unpacking\/c7c77e9271926adf6f57032f2f8008093a264db2\/optiposterbodoni-compr.ufo\/glyphs\/igrave.glif","\/fonts\/Unpacking\/c7c77e9271926adf6f57032f2f8008093a264db2\/optiposterbodoni-compr.ufo\/glyphs\/infinity.glif":"\/fonts\/Unpacking\/c7c77e9271926adf6f57032f2f8008093a264db2\/optiposterbodoni-compr.ufo\/glyphs\/infinity.glif","\/fonts\/Unpacking\/c7c77e9271926adf6f57032f2f8008093a264db2\/optiposterbodoni-compr.ufo\/glyphs\/integral.glif":"\/fonts\/Unpacking\/c7c77e9271926adf6f57032f2f8008093a264db2\/optiposterbodoni-compr.ufo\/glyphs\/integral.glif","\/fonts\/Unpacking\/c7c77e9271926adf6f57032f2f8008093a264db2\/optiposterbodoni-compr.ufo\/glyphs\/j.glif":"\/fonts\/Unpacking\/c7c77e9271926adf6f57032f2f8008093a264db2\/optiposterbodoni-compr.ufo\/glyphs\/j.glif","\/fonts\/Unpacking\/c7c77e9271926adf6f57032f2f8008093a264db2\/optiposterbodoni-compr.ufo\/glyphs\/k.glif":"\/fonts\/Unpacking\/c7c77e9271926adf6f57032f2f8008093a264db2\/optiposterbodoni-compr.ufo\/glyphs\/k.glif","\/fonts\/Unpacking\/c7c77e9271926adf6f57032f2f8008093a264db2\/optiposterbodoni-compr.ufo\/glyphs\/l.glif":"\/fonts\/Unpacking\/c7c77e9271926adf6f57032f2f8008093a264db2\/optiposterbodoni-compr.ufo\/glyphs\/l.glif","\/fonts\/Unpacking\/c7c77e9271926adf6f57032f2f8008093a264db2\/optiposterbodoni-compr.ufo\/glyphs\/less.glif":"\/fonts\/Unpacking\/c7c77e9271926adf6f57032f2f8008093a264db2\/optiposterbodoni-compr.ufo\/glyphs\/less.glif","\/fonts\/Unpacking\/c7c77e9271926adf6f57032f2f8008093a264db2\/optiposterbodoni-compr.ufo\/glyphs\/logicalnot.glif":"\/fonts\/Unpacking\/c7c77e9271926adf6f57032f2f8008093a264db2\/optiposterbodoni-compr.ufo\/glyphs\/logicalnot.glif","\/fonts\/Unpacking\/c7c77e9271926adf6f57032f2f8008093a264db2\/optiposterbodoni-compr.ufo\/glyphs\/m.glif":"\/fonts\/Unpacking\/c7c77e9271926adf6f57032f2f8008093a264db2\/optiposterbodoni-compr.ufo\/glyphs\/m.glif","\/fonts\/Unpacking\/c7c77e9271926adf6f57032f2f8008093a264db2\/optiposterbodoni-compr.ufo\/glyphs\/macron.glif":"\/fonts\/Unpacking\/c7c77e9271926adf6f57032f2f8008093a264db2\/optiposterbodoni-compr.ufo\/glyphs\/macron.glif","\/fonts\/Unpacking\/c7c77e9271926adf6f57032f2f8008093a264db2\/optiposterbodoni-compr.ufo\/glyphs\/mu.glif":"\/fonts\/Unpacking\/c7c77e9271926adf6f57032f2f8008093a264db2\/optiposterbodoni-compr.ufo\/glyphs\/mu.glif","\/fonts\/Unpacking\/c7c77e9271926adf6f57032f2f8008093a264db2\/optiposterbodoni-compr.ufo\/glyphs\/n.glif":"\/fonts\/Unpacking\/c7c77e9271926adf6f57032f2f8008093a264db2\/optiposterbodoni-compr.ufo\/glyphs\/n.glif","\/fonts\/Unpacking\/c7c77e9271926adf6f57032f2f8008093a264db2\/optiposterbodoni-compr.ufo\/glyphs\/nine.glif":"\/fonts\/Unpacking\/c7c77e9271926adf6f57032f2f8008093a264db2\/optiposterbodoni-compr.ufo\/glyphs\/nine.glif","\/fonts\/Unpacking\/c7c77e9271926adf6f57032f2f8008093a264db2\/optiposterbodoni-compr.ufo\/glyphs\/ntilde.glif":"\/fonts\/Unpacking\/c7c77e9271926adf6f57032f2f8008093a264db2\/optiposterbodoni-compr.ufo\/glyphs\/ntilde.glif","\/fonts\/Unpacking\/c7c77e9271926adf6f57032f2f8008093a264db2\/optiposterbodoni-compr.ufo\/glyphs\/numbersign.glif":"\/fonts\/Unpacking\/c7c77e9271926adf6f57032f2f8008093a264db2\/optiposterbodoni-compr.ufo\/glyphs\/numbersign.glif","\/fonts\/Unpacking\/c7c77e9271926adf6f57032f2f8008093a264db2\/optiposterbodoni-compr.ufo\/glyphs\/o.glif":"\/fonts\/Unpacking\/c7c77e9271926adf6f57032f2f8008093a264db2\/optiposterbodoni-compr.ufo\/glyphs\/o.glif","\/fonts\/Unpacking\/c7c77e9271926adf6f57032f2f8008093a264db2\/optiposterbodoni-compr.ufo\/glyphs\/oacute.glif":"\/fonts\/Unpacking\/c7c77e9271926adf6f57032f2f8008093a264db2\/optiposterbodoni-compr.ufo\/glyphs\/oacute.glif","\/fonts\/Unpacking\/c7c77e9271926adf6f57032f2f8008093a264db2\/optiposterbodoni-compr.ufo\/glyphs\/ocircumflex.glif":"\/fonts\/Unpacking\/c7c77e9271926adf6f57032f2f8008093a264db2\/optiposterbodoni-compr.ufo\/glyphs\/ocircumflex.glif","\/fonts\/Unpacking\/c7c77e9271926adf6f57032f2f8008093a264db2\/optiposterbodoni-compr.ufo\/glyphs\/odieresis.glif":"\/fonts\/Unpacking\/c7c77e9271926adf6f57032f2f8008093a264db2\/optiposterbodoni-compr.ufo\/glyphs\/odieresis.glif","\/fonts\/Unpacking\/c7c77e9271926adf6f57032f2f8008093a264db2\/optiposterbodoni-compr.ufo\/glyphs\/oe.glif":"\/fonts\/Unpacking\/c7c77e9271926adf6f57032f2f8008093a264db2\/optiposterbodoni-compr.ufo\/glyphs\/oe.glif","\/fonts\/Unpacking\/c7c77e9271926adf6f57032f2f8008093a264db2\/optiposterbodoni-compr.ufo\/glyphs\/ograve.glif":"\/fonts\/Unpacking\/c7c77e9271926adf6f57032f2f8008093a264db2\/optiposterbodoni-compr.ufo\/glyphs\/ograve.glif","\/fonts\/Unpacking\/c7c77e9271926adf6f57032f2f8008093a264db2\/optiposterbodoni-compr.ufo\/glyphs\/one.glif":"\/fonts\/Unpacking\/c7c77e9271926adf6f57032f2f8008093a264db2\/optiposterbodoni-compr.ufo\/glyphs\/one.glif","\/fonts\/Unpacking\/c7c77e9271926adf6f57032f2f8008093a264db2\/optiposterbodoni-compr.ufo\/glyphs\/ordfeminine.glif":"\/fonts\/Unpacking\/c7c77e9271926adf6f57032f2f8008093a264db2\/optiposterbodoni-compr.ufo\/glyphs\/ordfeminine.glif","\/fonts\/Unpacking\/c7c77e9271926adf6f57032f2f8008093a264db2\/optiposterbodoni-compr.ufo\/glyphs\/ordmasculine.glif":"\/fonts\/Unpacking\/c7c77e9271926adf6f57032f2f8008093a264db2\/optiposterbodoni-compr.ufo\/glyphs\/ordmasculine.glif","\/fonts\/Unpacking\/c7c77e9271926adf6f57032f2f8008093a264db2\/optiposterbodoni-compr.ufo\/glyphs\/oslash.glif":"\/fonts\/Unpacking\/c7c77e9271926adf6f57032f2f8008093a264db2\/optiposterbodoni-compr.ufo\/glyphs\/oslash.glif","\/fonts\/Unpacking\/c7c77e9271926adf6f57032f2f8008093a264db2\/optiposterbodoni-compr.ufo\/glyphs\/otilde.glif":"\/fonts\/Unpacking\/c7c77e9271926adf6f57032f2f8008093a264db2\/optiposterbodoni-compr.ufo\/glyphs\/otilde.glif","\/fonts\/Unpacking\/c7c77e9271926adf6f57032f2f8008093a264db2\/optiposterbodoni-compr.ufo\/glyphs\/p.glif":"\/fonts\/Unpacking\/c7c77e9271926adf6f57032f2f8008093a264db2\/optiposterbodoni-compr.ufo\/glyphs\/p.glif","\/fonts\/Unpacking\/c7c77e9271926adf6f57032f2f8008093a264db2\/optiposterbodoni-compr.ufo\/glyphs\/paragraph.glif":"\/fonts\/Unpacking\/c7c77e9271926adf6f57032f2f8008093a264db2\/optiposterbodoni-compr.ufo\/glyphs\/paragraph.glif","\/fonts\/Unpacking\/c7c77e9271926adf6f57032f2f8008093a264db2\/optiposterbodoni-compr.ufo\/glyphs\/parenleft.glif":"\/fonts\/Unpacking\/c7c77e9271926adf6f57032f2f8008093a264db2\/optiposterbodoni-compr.ufo\/glyphs\/parenleft.glif","\/fonts\/Unpacking\/c7c77e9271926adf6f57032f2f8008093a264db2\/optiposterbodoni-compr.ufo\/glyphs\/parenright.glif":"\/fonts\/Unpacking\/c7c77e9271926adf6f57032f2f8008093a264db2\/optiposterbodoni-compr.ufo\/glyphs\/parenright.glif","\/fonts\/Unpacking\/c7c77e9271926adf6f57032f2f8008093a264db2\/optiposterbodoni-compr.ufo\/glyphs\/partialdiff.glif":"\/fonts\/Unpacking\/c7c77e9271926adf6f57032f2f8008093a264db2\/optiposterbodoni-compr.ufo\/glyphs\/partialdiff.glif","\/fonts\/Unpacking\/c7c77e9271926adf6f57032f2f8008093a264db2\/optiposterbodoni-compr.ufo\/glyphs\/percent.glif":"\/fonts\/Unpacking\/c7c77e9271926adf6f57032f2f8008093a264db2\/optiposterbodoni-compr.ufo\/glyphs\/percent.glif","\/fonts\/Unpacking\/c7c77e9271926adf6f57032f2f8008093a264db2\/optiposterbodoni-compr.ufo\/glyphs\/period.glif":"\/fonts\/Unpacking\/c7c77e9271926adf6f57032f2f8008093a264db2\/optiposterbodoni-compr.ufo\/glyphs\/period.glif","\/fonts\/Unpacking\/c7c77e9271926adf6f57032f2f8008093a264db2\/optiposterbodoni-compr.ufo\/glyphs\/periodcentered.glif":"\/fonts\/Unpacking\/c7c77e9271926adf6f57032f2f8008093a264db2\/optiposterbodoni-compr.ufo\/glyphs\/periodcentered.glif","\/fonts\/Unpacking\/c7c77e9271926adf6f57032f2f8008093a264db2\/optiposterbodoni-compr.ufo\/glyphs\/perthousand.glif":"\/fonts\/Unpacking\/c7c77e9271926adf6f57032f2f8008093a264db2\/optiposterbodoni-compr.ufo\/glyphs\/perthousand.glif","\/fonts\/Unpacking\/c7c77e9271926adf6f57032f2f8008093a264db2\/optiposterbodoni-compr.ufo\/glyphs\/plus.glif":"\/fonts\/Unpacking\/c7c77e9271926adf6f57032f2f8008093a264db2\/optiposterbodoni-compr.ufo\/glyphs\/plus.glif","\/fonts\/Unpacking\/c7c77e9271926adf6f57032f2f8008093a264db2\/optiposterbodoni-compr.ufo\/glyphs\/plusminus.glif":"\/fonts\/Unpacking\/c7c77e9271926adf6f57032f2f8008093a264db2\/optiposterbodoni-compr.ufo\/glyphs\/plusminus.glif","\/fonts\/Unpacking\/c7c77e9271926adf6f57032f2f8008093a264db2\/optiposterbodoni-compr.ufo\/glyphs\/q.glif":"\/fonts\/Unpacking\/c7c77e9271926adf6f57032f2f8008093a264db2\/optiposterbodoni-compr.ufo\/glyphs\/q.glif","\/fonts\/Unpacking\/c7c77e9271926adf6f57032f2f8008093a264db2\/optiposterbodoni-compr.ufo\/glyphs\/question.glif":"\/fonts\/Unpacking\/c7c77e9271926adf6f57032f2f8008093a264db2\/optiposterbodoni-compr.ufo\/glyphs\/question.glif","\/fonts\/Unpacking\/c7c77e9271926adf6f57032f2f8008093a264db2\/optiposterbodoni-compr.ufo\/glyphs\/questiondown.glif":"\/fonts\/Unpacking\/c7c77e9271926adf6f57032f2f8008093a264db2\/optiposterbodoni-compr.ufo\/glyphs\/questiondown.glif","\/fonts\/Unpacking\/c7c77e9271926adf6f57032f2f8008093a264db2\/optiposterbodoni-compr.ufo\/glyphs\/quotedbl.glif":"\/fonts\/Unpacking\/c7c77e9271926adf6f57032f2f8008093a264db2\/optiposterbodoni-compr.ufo\/glyphs\/quotedbl.glif","\/fonts\/Unpacking\/c7c77e9271926adf6f57032f2f8008093a264db2\/optiposterbodoni-compr.ufo\/glyphs\/quotedblbase.glif":"\/fonts\/Unpacking\/c7c77e9271926adf6f57032f2f8008093a264db2\/optiposterbodoni-compr.ufo\/glyphs\/quotedblbase.glif","\/fonts\/Unpacking\/c7c77e9271926adf6f57032f2f8008093a264db2\/optiposterbodoni-compr.ufo\/glyphs\/quotedblleft.glif":"\/fonts\/Unpacking\/c7c77e9271926adf6f57032f2f8008093a264db2\/optiposterbodoni-compr.ufo\/glyphs\/quotedblleft.glif","\/fonts\/Unpacking\/c7c77e9271926adf6f57032f2f8008093a264db2\/optiposterbodoni-compr.ufo\/glyphs\/quotedblright.glif":"\/fonts\/Unpacking\/c7c77e9271926adf6f57032f2f8008093a264db2\/optiposterbodoni-compr.ufo\/glyphs\/quotedblright.glif","\/fonts\/Unpacking\/c7c77e9271926adf6f57032f2f8008093a264db2\/optiposterbodoni-compr.ufo\/glyphs\/quoteleft.glif":"\/fonts\/Unpacking\/c7c77e9271926adf6f57032f2f8008093a264db2\/optiposterbodoni-compr.ufo\/glyphs\/quoteleft.glif","\/fonts\/Unpacking\/c7c77e9271926adf6f57032f2f8008093a264db2\/optiposterbodoni-compr.ufo\/glyphs\/quoteright.glif":"\/fonts\/Unpacking\/c7c77e9271926adf6f57032f2f8008093a264db2\/optiposterbodoni-compr.ufo\/glyphs\/quoteright.glif","\/fonts\/Unpacking\/c7c77e9271926adf6f57032f2f8008093a264db2\/optiposterbodoni-compr.ufo\/glyphs\/quotesinglbase.glif":"\/fonts\/Unpacking\/c7c77e9271926adf6f57032f2f8008093a264db2\/optiposterbodoni-compr.ufo\/glyphs\/quotesinglbase.glif","\/fonts\/Unpacking\/c7c77e9271926adf6f57032f2f8008093a264db2\/optiposterbodoni-compr.ufo\/glyphs\/quotesingle.glif":"\/fonts\/Unpacking\/c7c77e9271926adf6f57032f2f8008093a264db2\/optiposterbodoni-compr.ufo\/glyphs\/quotesingle.glif","\/fonts\/Unpacking\/c7c77e9271926adf6f57032f2f8008093a264db2\/optiposterbodoni-compr.ufo\/glyphs\/r.glif":"\/fonts\/Unpacking\/c7c77e9271926adf6f57032f2f8008093a264db2\/optiposterbodoni-compr.ufo\/glyphs\/r.glif","\/fonts\/Unpacking\/c7c77e9271926adf6f57032f2f8008093a264db2\/optiposterbodoni-compr.ufo\/glyphs\/radical.glif":"\/fonts\/Unpacking\/c7c77e9271926adf6f57032f2f8008093a264db2\/optiposterbodoni-compr.ufo\/glyphs\/radical.glif","\/fonts\/Unpacking\/c7c77e9271926adf6f57032f2f8008093a264db2\/optiposterbodoni-compr.ufo\/glyphs\/registered.glif":"\/fonts\/Unpacking\/c7c77e9271926adf6f57032f2f8008093a264db2\/optiposterbodoni-compr.ufo\/glyphs\/registered.glif","\/fonts\/Unpacking\/c7c77e9271926adf6f57032f2f8008093a264db2\/optiposterbodoni-compr.ufo\/glyphs\/ring.glif":"\/fonts\/Unpacking\/c7c77e9271926adf6f57032f2f8008093a264db2\/optiposterbodoni-compr.ufo\/glyphs\/ring.glif","\/fonts\/Unpacking\/c7c77e9271926adf6f57032f2f8008093a264db2\/optiposterbodoni-compr.ufo\/glyphs\/s.glif":"\/fonts\/Unpacking\/c7c77e9271926adf6f57032f2f8008093a264db2\/optiposterbodoni-compr.ufo\/glyphs\/s.glif","\/fonts\/Unpacking\/c7c77e9271926adf6f57032f2f8008093a264db2\/optiposterbodoni-compr.ufo\/glyphs\/section.glif":"\/fonts\/Unpacking\/c7c77e9271926adf6f57032f2f8008093a264db2\/optiposterbodoni-compr.ufo\/glyphs\/section.glif","\/fonts\/Unpacking\/c7c77e9271926adf6f57032f2f8008093a264db2\/optiposterbodoni-compr.ufo\/glyphs\/semicolon.glif":"\/fonts\/Unpacking\/c7c77e9271926adf6f57032f2f8008093a264db2\/optiposterbodoni-compr.ufo\/glyphs\/semicolon.glif","\/fonts\/Unpacking\/c7c77e9271926adf6f57032f2f8008093a264db2\/optiposterbodoni-compr.ufo\/glyphs\/seven.glif":"\/fonts\/Unpacking\/c7c77e9271926adf6f57032f2f8008093a264db2\/optiposterbodoni-compr.ufo\/glyphs\/seven.glif","\/fonts\/Unpacking\/c7c77e9271926adf6f57032f2f8008093a264db2\/optiposterbodoni-compr.ufo\/glyphs\/six.glif":"\/fonts\/Unpacking\/c7c77e9271926adf6f57032f2f8008093a264db2\/optiposterbodoni-compr.ufo\/glyphs\/six.glif","\/fonts\/Unpacking\/c7c77e9271926adf6f57032f2f8008093a264db2\/optiposterbodoni-compr.ufo\/glyphs\/slash.glif":"\/fonts\/Unpacking\/c7c77e9271926adf6f57032f2f8008093a264db2\/optiposterbodoni-compr.ufo\/glyphs\/slash.glif","\/fonts\/Unpacking\/c7c77e9271926adf6f57032f2f8008093a264db2\/optiposterbodoni-compr.ufo\/glyphs\/space.glif":"\/fonts\/Unpacking\/c7c77e9271926adf6f57032f2f8008093a264db2\/optiposterbodoni-compr.ufo\/glyphs\/space.glif","\/fonts\/Unpacking\/c7c77e9271926adf6f57032f2f8008093a264db2\/optiposterbodoni-compr.ufo\/glyphs\/sterling.glif":"\/fonts\/Unpacking\/c7c77e9271926adf6f57032f2f8008093a264db2\/optiposterbodoni-compr.ufo\/glyphs\/sterling.glif","\/fonts\/Unpacking\/c7c77e9271926adf6f57032f2f8008093a264db2\/optiposterbodoni-compr.ufo\/glyphs\/summation.glif":"\/fonts\/Unpacking\/c7c77e9271926adf6f57032f2f8008093a264db2\/optiposterbodoni-compr.ufo\/glyphs\/summation.glif","\/fonts\/Unpacking\/c7c77e9271926adf6f57032f2f8008093a264db2\/optiposterbodoni-compr.ufo\/glyphs\/t.glif":"\/fonts\/Unpacking\/c7c77e9271926adf6f57032f2f8008093a264db2\/optiposterbodoni-compr.ufo\/glyphs\/t.glif","\/fonts\/Unpacking\/c7c77e9271926adf6f57032f2f8008093a264db2\/optiposterbodoni-compr.ufo\/glyphs\/three.glif":"\/fonts\/Unpacking\/c7c77e9271926adf6f57032f2f8008093a264db2\/optiposterbodoni-compr.ufo\/glyphs\/three.glif","\/fonts\/Unpacking\/c7c77e9271926adf6f57032f2f8008093a264db2\/optiposterbodoni-compr.ufo\/glyphs\/tilde.glif":"\/fonts\/Unpacking\/c7c77e9271926adf6f57032f2f8008093a264db2\/optiposterbodoni-compr.ufo\/glyphs\/tilde.glif","\/fonts\/Unpacking\/c7c77e9271926adf6f57032f2f8008093a264db2\/optiposterbodoni-compr.ufo\/glyphs\/trademark.glif":"\/fonts\/Unpacking\/c7c77e9271926adf6f57032f2f8008093a264db2\/optiposterbodoni-compr.ufo\/glyphs\/trademark.glif","\/fonts\/Unpacking\/c7c77e9271926adf6f57032f2f8008093a264db2\/optiposterbodoni-compr.ufo\/glyphs\/two.glif":"\/fonts\/Unpacking\/c7c77e9271926adf6f57032f2f8008093a264db2\/optiposterbodoni-compr.ufo\/glyphs\/two.glif","\/fonts\/Unpacking\/c7c77e9271926adf6f57032f2f8008093a264db2\/optiposterbodoni-compr.ufo\/glyphs\/u.glif":"\/fonts\/Unpacking\/c7c77e9271926adf6f57032f2f8008093a264db2\/optiposterbodoni-compr.ufo\/glyphs\/u.glif","\/fonts\/Unpacking\/c7c77e9271926adf6f57032f2f8008093a264db2\/optiposterbodoni-compr.ufo\/glyphs\/uacute.glif":"\/fonts\/Unpacking\/c7c77e9271926adf6f57032f2f8008093a264db2\/optiposterbodoni-compr.ufo\/glyphs\/uacute.glif","\/fonts\/Unpacking\/c7c77e9271926adf6f57032f2f8008093a264db2\/optiposterbodoni-compr.ufo\/glyphs\/ucircumflex.glif":"\/fonts\/Unpacking\/c7c77e9271926adf6f57032f2f8008093a264db2\/optiposterbodoni-compr.ufo\/glyphs\/ucircumflex.glif","\/fonts\/Unpacking\/c7c77e9271926adf6f57032f2f8008093a264db2\/optiposterbodoni-compr.ufo\/glyphs\/udieresis.glif":"\/fonts\/Unpacking\/c7c77e9271926adf6f57032f2f8008093a264db2\/optiposterbodoni-compr.ufo\/glyphs\/udieresis.glif","\/fonts\/Unpacking\/c7c77e9271926adf6f57032f2f8008093a264db2\/optiposterbodoni-compr.ufo\/glyphs\/ugrave.glif":"\/fonts\/Unpacking\/c7c77e9271926adf6f57032f2f8008093a264db2\/optiposterbodoni-compr.ufo\/glyphs\/ugrave.glif","\/fonts\/Unpacking\/c7c77e9271926adf6f57032f2f8008093a264db2\/optiposterbodoni-compr.ufo\/glyphs\/underscore.glif":"\/fonts\/Unpacking\/c7c77e9271926adf6f57032f2f8008093a264db2\/optiposterbodoni-compr.ufo\/glyphs\/underscore.glif","\/fonts\/Unpacking\/c7c77e9271926adf6f57032f2f8008093a264db2\/optiposterbodoni-compr.ufo\/glyphs\/v.glif":"\/fonts\/Unpacking\/c7c77e9271926adf6f57032f2f8008093a264db2\/optiposterbodoni-compr.ufo\/glyphs\/v.glif","\/fonts\/Unpacking\/c7c77e9271926adf6f57032f2f8008093a264db2\/optiposterbodoni-compr.ufo\/glyphs\/w.glif":"\/fonts\/Unpacking\/c7c77e9271926adf6f57032f2f8008093a264db2\/optiposterbodoni-compr.ufo\/glyphs\/w.glif","\/fonts\/Unpacking\/c7c77e9271926adf6f57032f2f8008093a264db2\/optiposterbodoni-compr.ufo\/glyphs\/x.glif":"\/fonts\/Unpacking\/c7c77e9271926adf6f57032f2f8008093a264db2\/optiposterbodoni-compr.ufo\/glyphs\/x.glif","\/fonts\/Unpacking\/c7c77e9271926adf6f57032f2f8008093a264db2\/optiposterbodoni-compr.ufo\/glyphs\/y.glif":"\/fonts\/Unpacking\/c7c77e9271926adf6f57032f2f8008093a264db2\/optiposterbodoni-compr.ufo\/glyphs\/y.glif","\/fonts\/Unpacking\/c7c77e9271926adf6f57032f2f8008093a264db2\/optiposterbodoni-compr.ufo\/glyphs\/ydieresis.glif":"\/fonts\/Unpacking\/c7c77e9271926adf6f57032f2f8008093a264db2\/optiposterbodoni-compr.ufo\/glyphs\/ydieresis.glif","\/fonts\/Unpacking\/c7c77e9271926adf6f57032f2f8008093a264db2\/optiposterbodoni-compr.ufo\/glyphs\/yen.glif":"\/fonts\/Unpacking\/c7c77e9271926adf6f57032f2f8008093a264db2\/optiposterbodoni-compr.ufo\/glyphs\/yen.glif","\/fonts\/Unpacking\/c7c77e9271926adf6f57032f2f8008093a264db2\/optiposterbodoni-compr.ufo\/glyphs\/z.glif":"\/fonts\/Unpacking\/c7c77e9271926adf6f57032f2f8008093a264db2\/optiposterbodoni-compr.ufo\/glyphs\/z.glif","\/fonts\/Unpacking\/c7c77e9271926adf6f57032f2f8008093a264db2\/optiposterbodoni-compr.ufo\/glyphs\/zero.glif":"\/fonts\/Unpacking\/c7c77e9271926adf6f57032f2f8008093a264db2\/optiposterbodoni-compr.ufo\/glyphs\/zero.glif"},"Font":null,"Licences":{"":false},"Table":{"FFTM":{"entryLength":16,"tag":"FFTM","checksum":1944266032,"offset":24320,"length":28},"GDEF":{"entryLength":16,"tag":"GDEF","checksum":16580614,"offset":24288,"length":32},"OS\/2":{"entryLength":16,"tag":"OS\/2","checksum":1471363924,"offset":344,"length":86},"cmap":{"entryLength":16,"tag":"cmap","checksum":1740008931,"offset":1264,"length":630},"gasp":{"entryLength":16,"tag":"gasp","checksum":4294901763,"offset":24280,"length":8},"glyf":{"entryLength":16,"tag":"glyf","checksum":757409938,"offset":2316,"length":20736},"head":{"entryLength":16,"tag":"head","checksum":174956874,"offset":220,"length":54},"hhea":{"entryLength":16,"tag":"hhea","checksum":130351990,"offset":276,"length":36},"hmtx":{"entryLength":16,"tag":"hmtx","checksum":889918768,"offset":432,"length":832},"loca":{"entryLength":16,"tag":"loca","checksum":3877622542,"offset":1896,"length":418},"maxp":{"entryLength":16,"tag":"maxp","checksum":18415762,"offset":312,"length":32},"name":{"entryLength":16,"tag":"name","checksum":2896630568,"offset":23052,"length":774},"post":{"entryLength":16,"tag":"post","checksum":732834762,"offset":23828,"length":450}},"UnicodeCharMap":{"32":3,"33":4,"34":5,"35":6,"36":7,"37":8,"38":9,"39":10,"40":11,"41":12,"42":13,"43":14,"44":15,"45":16,"46":17,"47":18,"48":19,"49":20,"50":21,"51":22,"52":23,"53":24,"54":25,"55":26,"56":27,"57":28,"58":29,"59":30,"60":31,"61":32,"62":33,"63":34,"64":35,"65":36,"66":37,"67":38,"68":39,"69":40,"70":41,"71":42,"72":43,"73":44,"74":45,"75":46,"76":47,"77":48,"78":49,"79":50,"80":51,"81":52,"82":53,"83":54,"84":55,"85":56,"86":57,"87":58,"88":59,"89":60,"90":61,"91":62,"92":63,"93":64,"94":65,"95":66,"96":67,"97":68,"98":69,"99":70,"100":71,"101":72,"102":73,"103":74,"104":75,"105":76,"106":77,"107":78,"108":79,"109":80,"110":81,"111":82,"112":83,"113":84,"114":85,"115":86,"116":87,"117":88,"118":89,"119":90,"120":91,"121":92,"122":93,"123":94,"124":95,"125":96,"126":97,"161":98,"162":99,"163":100,"165":101,"167":102,"168":103,"169":104,"170":105,"171":106,"172":107,"174":108,"175":109,"177":110,"180":111,"182":113,"183":114,"186":115,"187":116,"191":117,"192":118,"193":119,"194":120,"195":121,"196":122,"197":123,"198":124,"199":125,"200":126,"201":127,"202":128,"203":129,"204":130,"205":131,"206":132,"207":133,"209":134,"210":135,"211":136,"212":137,"213":138,"214":139,"216":140,"217":141,"218":142,"219":143,"220":144,"223":145,"224":146,"225":147,"226":148,"227":149,"228":150,"229":151,"230":152,"231":153,"232":154,"233":155,"234":156,"235":157,"236":158,"237":159,"238":160,"239":161,"241":162,"242":163,"243":164,"244":165,"245":166,"246":167,"247":168,"248":169,"249":170,"250":171,"251":172,"252":173,"255":174,"305":199,"338":198,"339":200,"376":207,"402":178,"710":192,"728":194,"729":195,"730":196,"732":193,"956":112,"8211":184,"8212":197,"8216":176,"8217":175,"8218":188,"8220":179,"8221":190,"8222":189,"8224":185,"8225":186,"8226":187,"8240":191,"8249":180,"8250":181,"8260":177,"8482":201,"8706":203,"8721":204,"8730":206,"8734":202,"8747":205,"64257":182,"64258":183},"Reserves":null,"Names":[],"Nodes":[],"Contributors":[],"FontIdentity":"79fe6517b1907fe50e71092371105099","Bytes":2342637,"Networking":null,"barcode":null,"referee":null}