{"CSS":{"Entropy":"Entropy.css"},"FontType":"TrueType","FontCopyright":"Copr.1993 T26, Chicago, Illinois  Stephen Farrell-designer","FontName":"Entropy","FontSubfamily":"Medium","FontSubfamilyID":"FontForge 2.0 : Entropy : 23-10-2016","FontFullName":"Entropy","FontVersion":"Version 001.000 ","FontWeight":null,"FontPostscriptName":"Entropy","Files":{"\/fonts\/Unpacking\/fe0defdad771396c97d447baad740d4e451b8669\/LICENCE":"\/fonts\/Unpacking\/fe0defdad771396c97d447baad740d4e451b8669\/LICENCE","\/fonts\/Unpacking\/fe0defdad771396c97d447baad740d4e451b8669\/entropy.afm":"\/fonts\/Unpacking\/fe0defdad771396c97d447baad740d4e451b8669\/entropy.afm","\/fonts\/Unpacking\/fe0defdad771396c97d447baad740d4e451b8669\/entropy.bin":"\/fonts\/Unpacking\/fe0defdad771396c97d447baad740d4e451b8669\/entropy.bin","\/fonts\/Unpacking\/fe0defdad771396c97d447baad740d4e451b8669\/entropy.cef":"\/fonts\/Unpacking\/fe0defdad771396c97d447baad740d4e451b8669\/entropy.cef","\/fonts\/Unpacking\/fe0defdad771396c97d447baad740d4e451b8669\/entropy.cff":"\/fonts\/Unpacking\/fe0defdad771396c97d447baad740d4e451b8669\/entropy.cff","\/fonts\/Unpacking\/fe0defdad771396c97d447baad740d4e451b8669\/entropy.cid":"\/fonts\/Unpacking\/fe0defdad771396c97d447baad740d4e451b8669\/entropy.cid","\/fonts\/Unpacking\/fe0defdad771396c97d447baad740d4e451b8669\/entropy.dfont":"\/fonts\/Unpacking\/fe0defdad771396c97d447baad740d4e451b8669\/entropy.dfont","\/fonts\/Unpacking\/fe0defdad771396c97d447baad740d4e451b8669\/entropy.eot":"\/fonts\/Unpacking\/fe0defdad771396c97d447baad740d4e451b8669\/entropy.eot","\/fonts\/Unpacking\/fe0defdad771396c97d447baad740d4e451b8669\/entropy.fon":"\/fonts\/Unpacking\/fe0defdad771396c97d447baad740d4e451b8669\/entropy.fon","\/fonts\/Unpacking\/fe0defdad771396c97d447baad740d4e451b8669\/entropy.gai":"\/fonts\/Unpacking\/fe0defdad771396c97d447baad740d4e451b8669\/entropy.gai","\/fonts\/Unpacking\/fe0defdad771396c97d447baad740d4e451b8669\/entropy.gsf":"\/fonts\/Unpacking\/fe0defdad771396c97d447baad740d4e451b8669\/entropy.gsf","\/fonts\/Unpacking\/fe0defdad771396c97d447baad740d4e451b8669\/entropy.hqx":"\/fonts\/Unpacking\/fe0defdad771396c97d447baad740d4e451b8669\/entropy.hqx","\/fonts\/Unpacking\/fe0defdad771396c97d447baad740d4e451b8669\/entropy.ik":"\/fonts\/Unpacking\/fe0defdad771396c97d447baad740d4e451b8669\/entropy.ik","\/fonts\/Unpacking\/fe0defdad771396c97d447baad740d4e451b8669\/entropy.mf":"\/fonts\/Unpacking\/fe0defdad771396c97d447baad740d4e451b8669\/entropy.mf","\/fonts\/Unpacking\/fe0defdad771396c97d447baad740d4e451b8669\/entropy.otf":"\/fonts\/Unpacking\/fe0defdad771396c97d447baad740d4e451b8669\/entropy.otf","\/fonts\/Unpacking\/fe0defdad771396c97d447baad740d4e451b8669\/entropy.pcf":"\/fonts\/Unpacking\/fe0defdad771396c97d447baad740d4e451b8669\/entropy.pcf","\/fonts\/Unpacking\/fe0defdad771396c97d447baad740d4e451b8669\/entropy.pf3":"\/fonts\/Unpacking\/fe0defdad771396c97d447baad740d4e451b8669\/entropy.pf3","\/fonts\/Unpacking\/fe0defdad771396c97d447baad740d4e451b8669\/entropy.pfa":"\/fonts\/Unpacking\/fe0defdad771396c97d447baad740d4e451b8669\/entropy.pfa","\/fonts\/Unpacking\/fe0defdad771396c97d447baad740d4e451b8669\/entropy.pfb":"\/fonts\/Unpacking\/fe0defdad771396c97d447baad740d4e451b8669\/entropy.pfb","\/fonts\/Unpacking\/fe0defdad771396c97d447baad740d4e451b8669\/entropy.php":"\/fonts\/Unpacking\/fe0defdad771396c97d447baad740d4e451b8669\/entropy.php","\/fonts\/Unpacking\/fe0defdad771396c97d447baad740d4e451b8669\/entropy.pmf":"\/fonts\/Unpacking\/fe0defdad771396c97d447baad740d4e451b8669\/entropy.pmf","\/fonts\/Unpacking\/fe0defdad771396c97d447baad740d4e451b8669\/entropy.pt3":"\/fonts\/Unpacking\/fe0defdad771396c97d447baad740d4e451b8669\/entropy.pt3","\/fonts\/Unpacking\/fe0defdad771396c97d447baad740d4e451b8669\/entropy.sfd":"\/fonts\/Unpacking\/fe0defdad771396c97d447baad740d4e451b8669\/entropy.sfd","\/fonts\/Unpacking\/fe0defdad771396c97d447baad740d4e451b8669\/entropy.svg":"\/fonts\/Unpacking\/fe0defdad771396c97d447baad740d4e451b8669\/entropy.svg","\/fonts\/Unpacking\/fe0defdad771396c97d447baad740d4e451b8669\/entropy.t42":"\/fonts\/Unpacking\/fe0defdad771396c97d447baad740d4e451b8669\/entropy.t42","\/fonts\/Unpacking\/fe0defdad771396c97d447baad740d4e451b8669\/entropy.ttd":"\/fonts\/Unpacking\/fe0defdad771396c97d447baad740d4e451b8669\/entropy.ttd","\/fonts\/Unpacking\/fe0defdad771396c97d447baad740d4e451b8669\/entropy.ttf":"\/fonts\/Unpacking\/fe0defdad771396c97d447baad740d4e451b8669\/entropy.ttf","\/fonts\/Unpacking\/fe0defdad771396c97d447baad740d4e451b8669\/entropy.ttg":"\/fonts\/Unpacking\/fe0defdad771396c97d447baad740d4e451b8669\/entropy.ttg","\/fonts\/Unpacking\/fe0defdad771396c97d447baad740d4e451b8669\/entropy.ufm":"\/fonts\/Unpacking\/fe0defdad771396c97d447baad740d4e451b8669\/entropy.ufm","\/fonts\/Unpacking\/fe0defdad771396c97d447baad740d4e451b8669\/entropy.woff":"\/fonts\/Unpacking\/fe0defdad771396c97d447baad740d4e451b8669\/entropy.woff","\/fonts\/Unpacking\/fe0defdad771396c97d447baad740d4e451b8669\/entropy.z":"\/fonts\/Unpacking\/fe0defdad771396c97d447baad740d4e451b8669\/entropy.z","\/fonts\/Unpacking\/fe0defdad771396c97d447baad740d4e451b8669\/entropy.ufo\/feature.fea":"\/fonts\/Unpacking\/fe0defdad771396c97d447baad740d4e451b8669\/entropy.ufo\/feature.fea","\/fonts\/Unpacking\/fe0defdad771396c97d447baad740d4e451b8669\/entropy.ufo\/fontinfo.plist":"\/fonts\/Unpacking\/fe0defdad771396c97d447baad740d4e451b8669\/entropy.ufo\/fontinfo.plist","\/fonts\/Unpacking\/fe0defdad771396c97d447baad740d4e451b8669\/entropy.ufo\/groups.plist":"\/fonts\/Unpacking\/fe0defdad771396c97d447baad740d4e451b8669\/entropy.ufo\/groups.plist","\/fonts\/Unpacking\/fe0defdad771396c97d447baad740d4e451b8669\/entropy.ufo\/kerning.plist":"\/fonts\/Unpacking\/fe0defdad771396c97d447baad740d4e451b8669\/entropy.ufo\/kerning.plist","\/fonts\/Unpacking\/fe0defdad771396c97d447baad740d4e451b8669\/entropy.ufo\/metainfo.plist":"\/fonts\/Unpacking\/fe0defdad771396c97d447baad740d4e451b8669\/entropy.ufo\/metainfo.plist","\/fonts\/Unpacking\/fe0defdad771396c97d447baad740d4e451b8669\/entropy.ufo\/glyphs\/A_.glif":"\/fonts\/Unpacking\/fe0defdad771396c97d447baad740d4e451b8669\/entropy.ufo\/glyphs\/A_.glif","\/fonts\/Unpacking\/fe0defdad771396c97d447baad740d4e451b8669\/entropy.ufo\/glyphs\/A_E_.glif":"\/fonts\/Unpacking\/fe0defdad771396c97d447baad740d4e451b8669\/entropy.ufo\/glyphs\/A_E_.glif","\/fonts\/Unpacking\/fe0defdad771396c97d447baad740d4e451b8669\/entropy.ufo\/glyphs\/A_acute.glif":"\/fonts\/Unpacking\/fe0defdad771396c97d447baad740d4e451b8669\/entropy.ufo\/glyphs\/A_acute.glif","\/fonts\/Unpacking\/fe0defdad771396c97d447baad740d4e451b8669\/entropy.ufo\/glyphs\/A_circumflex.glif":"\/fonts\/Unpacking\/fe0defdad771396c97d447baad740d4e451b8669\/entropy.ufo\/glyphs\/A_circumflex.glif","\/fonts\/Unpacking\/fe0defdad771396c97d447baad740d4e451b8669\/entropy.ufo\/glyphs\/A_dieresis.glif":"\/fonts\/Unpacking\/fe0defdad771396c97d447baad740d4e451b8669\/entropy.ufo\/glyphs\/A_dieresis.glif","\/fonts\/Unpacking\/fe0defdad771396c97d447baad740d4e451b8669\/entropy.ufo\/glyphs\/A_grave.glif":"\/fonts\/Unpacking\/fe0defdad771396c97d447baad740d4e451b8669\/entropy.ufo\/glyphs\/A_grave.glif","\/fonts\/Unpacking\/fe0defdad771396c97d447baad740d4e451b8669\/entropy.ufo\/glyphs\/A_ring.glif":"\/fonts\/Unpacking\/fe0defdad771396c97d447baad740d4e451b8669\/entropy.ufo\/glyphs\/A_ring.glif","\/fonts\/Unpacking\/fe0defdad771396c97d447baad740d4e451b8669\/entropy.ufo\/glyphs\/A_tilde.glif":"\/fonts\/Unpacking\/fe0defdad771396c97d447baad740d4e451b8669\/entropy.ufo\/glyphs\/A_tilde.glif","\/fonts\/Unpacking\/fe0defdad771396c97d447baad740d4e451b8669\/entropy.ufo\/glyphs\/B_.glif":"\/fonts\/Unpacking\/fe0defdad771396c97d447baad740d4e451b8669\/entropy.ufo\/glyphs\/B_.glif","\/fonts\/Unpacking\/fe0defdad771396c97d447baad740d4e451b8669\/entropy.ufo\/glyphs\/C_.glif":"\/fonts\/Unpacking\/fe0defdad771396c97d447baad740d4e451b8669\/entropy.ufo\/glyphs\/C_.glif","\/fonts\/Unpacking\/fe0defdad771396c97d447baad740d4e451b8669\/entropy.ufo\/glyphs\/C_cedilla.glif":"\/fonts\/Unpacking\/fe0defdad771396c97d447baad740d4e451b8669\/entropy.ufo\/glyphs\/C_cedilla.glif","\/fonts\/Unpacking\/fe0defdad771396c97d447baad740d4e451b8669\/entropy.ufo\/glyphs\/D_.glif":"\/fonts\/Unpacking\/fe0defdad771396c97d447baad740d4e451b8669\/entropy.ufo\/glyphs\/D_.glif","\/fonts\/Unpacking\/fe0defdad771396c97d447baad740d4e451b8669\/entropy.ufo\/glyphs\/E_.glif":"\/fonts\/Unpacking\/fe0defdad771396c97d447baad740d4e451b8669\/entropy.ufo\/glyphs\/E_.glif","\/fonts\/Unpacking\/fe0defdad771396c97d447baad740d4e451b8669\/entropy.ufo\/glyphs\/E_acute.glif":"\/fonts\/Unpacking\/fe0defdad771396c97d447baad740d4e451b8669\/entropy.ufo\/glyphs\/E_acute.glif","\/fonts\/Unpacking\/fe0defdad771396c97d447baad740d4e451b8669\/entropy.ufo\/glyphs\/E_circumflex.glif":"\/fonts\/Unpacking\/fe0defdad771396c97d447baad740d4e451b8669\/entropy.ufo\/glyphs\/E_circumflex.glif","\/fonts\/Unpacking\/fe0defdad771396c97d447baad740d4e451b8669\/entropy.ufo\/glyphs\/E_dieresis.glif":"\/fonts\/Unpacking\/fe0defdad771396c97d447baad740d4e451b8669\/entropy.ufo\/glyphs\/E_dieresis.glif","\/fonts\/Unpacking\/fe0defdad771396c97d447baad740d4e451b8669\/entropy.ufo\/glyphs\/E_grave.glif":"\/fonts\/Unpacking\/fe0defdad771396c97d447baad740d4e451b8669\/entropy.ufo\/glyphs\/E_grave.glif","\/fonts\/Unpacking\/fe0defdad771396c97d447baad740d4e451b8669\/entropy.ufo\/glyphs\/F_.glif":"\/fonts\/Unpacking\/fe0defdad771396c97d447baad740d4e451b8669\/entropy.ufo\/glyphs\/F_.glif","\/fonts\/Unpacking\/fe0defdad771396c97d447baad740d4e451b8669\/entropy.ufo\/glyphs\/G_.glif":"\/fonts\/Unpacking\/fe0defdad771396c97d447baad740d4e451b8669\/entropy.ufo\/glyphs\/G_.glif","\/fonts\/Unpacking\/fe0defdad771396c97d447baad740d4e451b8669\/entropy.ufo\/glyphs\/H_.glif":"\/fonts\/Unpacking\/fe0defdad771396c97d447baad740d4e451b8669\/entropy.ufo\/glyphs\/H_.glif","\/fonts\/Unpacking\/fe0defdad771396c97d447baad740d4e451b8669\/entropy.ufo\/glyphs\/I_.glif":"\/fonts\/Unpacking\/fe0defdad771396c97d447baad740d4e451b8669\/entropy.ufo\/glyphs\/I_.glif","\/fonts\/Unpacking\/fe0defdad771396c97d447baad740d4e451b8669\/entropy.ufo\/glyphs\/I_acute.glif":"\/fonts\/Unpacking\/fe0defdad771396c97d447baad740d4e451b8669\/entropy.ufo\/glyphs\/I_acute.glif","\/fonts\/Unpacking\/fe0defdad771396c97d447baad740d4e451b8669\/entropy.ufo\/glyphs\/I_circumflex.glif":"\/fonts\/Unpacking\/fe0defdad771396c97d447baad740d4e451b8669\/entropy.ufo\/glyphs\/I_circumflex.glif","\/fonts\/Unpacking\/fe0defdad771396c97d447baad740d4e451b8669\/entropy.ufo\/glyphs\/I_dieresis.glif":"\/fonts\/Unpacking\/fe0defdad771396c97d447baad740d4e451b8669\/entropy.ufo\/glyphs\/I_dieresis.glif","\/fonts\/Unpacking\/fe0defdad771396c97d447baad740d4e451b8669\/entropy.ufo\/glyphs\/I_grave.glif":"\/fonts\/Unpacking\/fe0defdad771396c97d447baad740d4e451b8669\/entropy.ufo\/glyphs\/I_grave.glif","\/fonts\/Unpacking\/fe0defdad771396c97d447baad740d4e451b8669\/entropy.ufo\/glyphs\/J_.glif":"\/fonts\/Unpacking\/fe0defdad771396c97d447baad740d4e451b8669\/entropy.ufo\/glyphs\/J_.glif","\/fonts\/Unpacking\/fe0defdad771396c97d447baad740d4e451b8669\/entropy.ufo\/glyphs\/K_.glif":"\/fonts\/Unpacking\/fe0defdad771396c97d447baad740d4e451b8669\/entropy.ufo\/glyphs\/K_.glif","\/fonts\/Unpacking\/fe0defdad771396c97d447baad740d4e451b8669\/entropy.ufo\/glyphs\/L_.glif":"\/fonts\/Unpacking\/fe0defdad771396c97d447baad740d4e451b8669\/entropy.ufo\/glyphs\/L_.glif","\/fonts\/Unpacking\/fe0defdad771396c97d447baad740d4e451b8669\/entropy.ufo\/glyphs\/M_.glif":"\/fonts\/Unpacking\/fe0defdad771396c97d447baad740d4e451b8669\/entropy.ufo\/glyphs\/M_.glif","\/fonts\/Unpacking\/fe0defdad771396c97d447baad740d4e451b8669\/entropy.ufo\/glyphs\/N_.glif":"\/fonts\/Unpacking\/fe0defdad771396c97d447baad740d4e451b8669\/entropy.ufo\/glyphs\/N_.glif","\/fonts\/Unpacking\/fe0defdad771396c97d447baad740d4e451b8669\/entropy.ufo\/glyphs\/N_tilde.glif":"\/fonts\/Unpacking\/fe0defdad771396c97d447baad740d4e451b8669\/entropy.ufo\/glyphs\/N_tilde.glif","\/fonts\/Unpacking\/fe0defdad771396c97d447baad740d4e451b8669\/entropy.ufo\/glyphs\/O_.glif":"\/fonts\/Unpacking\/fe0defdad771396c97d447baad740d4e451b8669\/entropy.ufo\/glyphs\/O_.glif","\/fonts\/Unpacking\/fe0defdad771396c97d447baad740d4e451b8669\/entropy.ufo\/glyphs\/O_E_.glif":"\/fonts\/Unpacking\/fe0defdad771396c97d447baad740d4e451b8669\/entropy.ufo\/glyphs\/O_E_.glif","\/fonts\/Unpacking\/fe0defdad771396c97d447baad740d4e451b8669\/entropy.ufo\/glyphs\/O_acute.glif":"\/fonts\/Unpacking\/fe0defdad771396c97d447baad740d4e451b8669\/entropy.ufo\/glyphs\/O_acute.glif","\/fonts\/Unpacking\/fe0defdad771396c97d447baad740d4e451b8669\/entropy.ufo\/glyphs\/O_circumflex.glif":"\/fonts\/Unpacking\/fe0defdad771396c97d447baad740d4e451b8669\/entropy.ufo\/glyphs\/O_circumflex.glif","\/fonts\/Unpacking\/fe0defdad771396c97d447baad740d4e451b8669\/entropy.ufo\/glyphs\/O_dieresis.glif":"\/fonts\/Unpacking\/fe0defdad771396c97d447baad740d4e451b8669\/entropy.ufo\/glyphs\/O_dieresis.glif","\/fonts\/Unpacking\/fe0defdad771396c97d447baad740d4e451b8669\/entropy.ufo\/glyphs\/O_grave.glif":"\/fonts\/Unpacking\/fe0defdad771396c97d447baad740d4e451b8669\/entropy.ufo\/glyphs\/O_grave.glif","\/fonts\/Unpacking\/fe0defdad771396c97d447baad740d4e451b8669\/entropy.ufo\/glyphs\/O_slash.glif":"\/fonts\/Unpacking\/fe0defdad771396c97d447baad740d4e451b8669\/entropy.ufo\/glyphs\/O_slash.glif","\/fonts\/Unpacking\/fe0defdad771396c97d447baad740d4e451b8669\/entropy.ufo\/glyphs\/O_tilde.glif":"\/fonts\/Unpacking\/fe0defdad771396c97d447baad740d4e451b8669\/entropy.ufo\/glyphs\/O_tilde.glif","\/fonts\/Unpacking\/fe0defdad771396c97d447baad740d4e451b8669\/entropy.ufo\/glyphs\/P_.glif":"\/fonts\/Unpacking\/fe0defdad771396c97d447baad740d4e451b8669\/entropy.ufo\/glyphs\/P_.glif","\/fonts\/Unpacking\/fe0defdad771396c97d447baad740d4e451b8669\/entropy.ufo\/glyphs\/Q_.glif":"\/fonts\/Unpacking\/fe0defdad771396c97d447baad740d4e451b8669\/entropy.ufo\/glyphs\/Q_.glif","\/fonts\/Unpacking\/fe0defdad771396c97d447baad740d4e451b8669\/entropy.ufo\/glyphs\/R_.glif":"\/fonts\/Unpacking\/fe0defdad771396c97d447baad740d4e451b8669\/entropy.ufo\/glyphs\/R_.glif","\/fonts\/Unpacking\/fe0defdad771396c97d447baad740d4e451b8669\/entropy.ufo\/glyphs\/S_.glif":"\/fonts\/Unpacking\/fe0defdad771396c97d447baad740d4e451b8669\/entropy.ufo\/glyphs\/S_.glif","\/fonts\/Unpacking\/fe0defdad771396c97d447baad740d4e451b8669\/entropy.ufo\/glyphs\/T_.glif":"\/fonts\/Unpacking\/fe0defdad771396c97d447baad740d4e451b8669\/entropy.ufo\/glyphs\/T_.glif","\/fonts\/Unpacking\/fe0defdad771396c97d447baad740d4e451b8669\/entropy.ufo\/glyphs\/U_.glif":"\/fonts\/Unpacking\/fe0defdad771396c97d447baad740d4e451b8669\/entropy.ufo\/glyphs\/U_.glif","\/fonts\/Unpacking\/fe0defdad771396c97d447baad740d4e451b8669\/entropy.ufo\/glyphs\/U_acute.glif":"\/fonts\/Unpacking\/fe0defdad771396c97d447baad740d4e451b8669\/entropy.ufo\/glyphs\/U_acute.glif","\/fonts\/Unpacking\/fe0defdad771396c97d447baad740d4e451b8669\/entropy.ufo\/glyphs\/U_circumflex.glif":"\/fonts\/Unpacking\/fe0defdad771396c97d447baad740d4e451b8669\/entropy.ufo\/glyphs\/U_circumflex.glif","\/fonts\/Unpacking\/fe0defdad771396c97d447baad740d4e451b8669\/entropy.ufo\/glyphs\/U_dieresis.glif":"\/fonts\/Unpacking\/fe0defdad771396c97d447baad740d4e451b8669\/entropy.ufo\/glyphs\/U_dieresis.glif","\/fonts\/Unpacking\/fe0defdad771396c97d447baad740d4e451b8669\/entropy.ufo\/glyphs\/U_grave.glif":"\/fonts\/Unpacking\/fe0defdad771396c97d447baad740d4e451b8669\/entropy.ufo\/glyphs\/U_grave.glif","\/fonts\/Unpacking\/fe0defdad771396c97d447baad740d4e451b8669\/entropy.ufo\/glyphs\/V_.glif":"\/fonts\/Unpacking\/fe0defdad771396c97d447baad740d4e451b8669\/entropy.ufo\/glyphs\/V_.glif","\/fonts\/Unpacking\/fe0defdad771396c97d447baad740d4e451b8669\/entropy.ufo\/glyphs\/W_.glif":"\/fonts\/Unpacking\/fe0defdad771396c97d447baad740d4e451b8669\/entropy.ufo\/glyphs\/W_.glif","\/fonts\/Unpacking\/fe0defdad771396c97d447baad740d4e451b8669\/entropy.ufo\/glyphs\/X_.glif":"\/fonts\/Unpacking\/fe0defdad771396c97d447baad740d4e451b8669\/entropy.ufo\/glyphs\/X_.glif","\/fonts\/Unpacking\/fe0defdad771396c97d447baad740d4e451b8669\/entropy.ufo\/glyphs\/Y_.glif":"\/fonts\/Unpacking\/fe0defdad771396c97d447baad740d4e451b8669\/entropy.ufo\/glyphs\/Y_.glif","\/fonts\/Unpacking\/fe0defdad771396c97d447baad740d4e451b8669\/entropy.ufo\/glyphs\/Y_dieresis.glif":"\/fonts\/Unpacking\/fe0defdad771396c97d447baad740d4e451b8669\/entropy.ufo\/glyphs\/Y_dieresis.glif","\/fonts\/Unpacking\/fe0defdad771396c97d447baad740d4e451b8669\/entropy.ufo\/glyphs\/Z_.glif":"\/fonts\/Unpacking\/fe0defdad771396c97d447baad740d4e451b8669\/entropy.ufo\/glyphs\/Z_.glif","\/fonts\/Unpacking\/fe0defdad771396c97d447baad740d4e451b8669\/entropy.ufo\/glyphs\/a.glif":"\/fonts\/Unpacking\/fe0defdad771396c97d447baad740d4e451b8669\/entropy.ufo\/glyphs\/a.glif","\/fonts\/Unpacking\/fe0defdad771396c97d447baad740d4e451b8669\/entropy.ufo\/glyphs\/aacute.glif":"\/fonts\/Unpacking\/fe0defdad771396c97d447baad740d4e451b8669\/entropy.ufo\/glyphs\/aacute.glif","\/fonts\/Unpacking\/fe0defdad771396c97d447baad740d4e451b8669\/entropy.ufo\/glyphs\/acircumflex.glif":"\/fonts\/Unpacking\/fe0defdad771396c97d447baad740d4e451b8669\/entropy.ufo\/glyphs\/acircumflex.glif","\/fonts\/Unpacking\/fe0defdad771396c97d447baad740d4e451b8669\/entropy.ufo\/glyphs\/acute.glif":"\/fonts\/Unpacking\/fe0defdad771396c97d447baad740d4e451b8669\/entropy.ufo\/glyphs\/acute.glif","\/fonts\/Unpacking\/fe0defdad771396c97d447baad740d4e451b8669\/entropy.ufo\/glyphs\/adieresis.glif":"\/fonts\/Unpacking\/fe0defdad771396c97d447baad740d4e451b8669\/entropy.ufo\/glyphs\/adieresis.glif","\/fonts\/Unpacking\/fe0defdad771396c97d447baad740d4e451b8669\/entropy.ufo\/glyphs\/ae.glif":"\/fonts\/Unpacking\/fe0defdad771396c97d447baad740d4e451b8669\/entropy.ufo\/glyphs\/ae.glif","\/fonts\/Unpacking\/fe0defdad771396c97d447baad740d4e451b8669\/entropy.ufo\/glyphs\/agrave.glif":"\/fonts\/Unpacking\/fe0defdad771396c97d447baad740d4e451b8669\/entropy.ufo\/glyphs\/agrave.glif","\/fonts\/Unpacking\/fe0defdad771396c97d447baad740d4e451b8669\/entropy.ufo\/glyphs\/ampersand.glif":"\/fonts\/Unpacking\/fe0defdad771396c97d447baad740d4e451b8669\/entropy.ufo\/glyphs\/ampersand.glif","\/fonts\/Unpacking\/fe0defdad771396c97d447baad740d4e451b8669\/entropy.ufo\/glyphs\/aring.glif":"\/fonts\/Unpacking\/fe0defdad771396c97d447baad740d4e451b8669\/entropy.ufo\/glyphs\/aring.glif","\/fonts\/Unpacking\/fe0defdad771396c97d447baad740d4e451b8669\/entropy.ufo\/glyphs\/asciitilde.glif":"\/fonts\/Unpacking\/fe0defdad771396c97d447baad740d4e451b8669\/entropy.ufo\/glyphs\/asciitilde.glif","\/fonts\/Unpacking\/fe0defdad771396c97d447baad740d4e451b8669\/entropy.ufo\/glyphs\/asterisk.glif":"\/fonts\/Unpacking\/fe0defdad771396c97d447baad740d4e451b8669\/entropy.ufo\/glyphs\/asterisk.glif","\/fonts\/Unpacking\/fe0defdad771396c97d447baad740d4e451b8669\/entropy.ufo\/glyphs\/at.glif":"\/fonts\/Unpacking\/fe0defdad771396c97d447baad740d4e451b8669\/entropy.ufo\/glyphs\/at.glif","\/fonts\/Unpacking\/fe0defdad771396c97d447baad740d4e451b8669\/entropy.ufo\/glyphs\/atilde.glif":"\/fonts\/Unpacking\/fe0defdad771396c97d447baad740d4e451b8669\/entropy.ufo\/glyphs\/atilde.glif","\/fonts\/Unpacking\/fe0defdad771396c97d447baad740d4e451b8669\/entropy.ufo\/glyphs\/b.glif":"\/fonts\/Unpacking\/fe0defdad771396c97d447baad740d4e451b8669\/entropy.ufo\/glyphs\/b.glif","\/fonts\/Unpacking\/fe0defdad771396c97d447baad740d4e451b8669\/entropy.ufo\/glyphs\/backslash.glif":"\/fonts\/Unpacking\/fe0defdad771396c97d447baad740d4e451b8669\/entropy.ufo\/glyphs\/backslash.glif","\/fonts\/Unpacking\/fe0defdad771396c97d447baad740d4e451b8669\/entropy.ufo\/glyphs\/bar.glif":"\/fonts\/Unpacking\/fe0defdad771396c97d447baad740d4e451b8669\/entropy.ufo\/glyphs\/bar.glif","\/fonts\/Unpacking\/fe0defdad771396c97d447baad740d4e451b8669\/entropy.ufo\/glyphs\/braceleft.glif":"\/fonts\/Unpacking\/fe0defdad771396c97d447baad740d4e451b8669\/entropy.ufo\/glyphs\/braceleft.glif","\/fonts\/Unpacking\/fe0defdad771396c97d447baad740d4e451b8669\/entropy.ufo\/glyphs\/braceright.glif":"\/fonts\/Unpacking\/fe0defdad771396c97d447baad740d4e451b8669\/entropy.ufo\/glyphs\/braceright.glif","\/fonts\/Unpacking\/fe0defdad771396c97d447baad740d4e451b8669\/entropy.ufo\/glyphs\/bracketleft.glif":"\/fonts\/Unpacking\/fe0defdad771396c97d447baad740d4e451b8669\/entropy.ufo\/glyphs\/bracketleft.glif","\/fonts\/Unpacking\/fe0defdad771396c97d447baad740d4e451b8669\/entropy.ufo\/glyphs\/bracketright.glif":"\/fonts\/Unpacking\/fe0defdad771396c97d447baad740d4e451b8669\/entropy.ufo\/glyphs\/bracketright.glif","\/fonts\/Unpacking\/fe0defdad771396c97d447baad740d4e451b8669\/entropy.ufo\/glyphs\/breve.glif":"\/fonts\/Unpacking\/fe0defdad771396c97d447baad740d4e451b8669\/entropy.ufo\/glyphs\/breve.glif","\/fonts\/Unpacking\/fe0defdad771396c97d447baad740d4e451b8669\/entropy.ufo\/glyphs\/bullet.glif":"\/fonts\/Unpacking\/fe0defdad771396c97d447baad740d4e451b8669\/entropy.ufo\/glyphs\/bullet.glif","\/fonts\/Unpacking\/fe0defdad771396c97d447baad740d4e451b8669\/entropy.ufo\/glyphs\/c.glif":"\/fonts\/Unpacking\/fe0defdad771396c97d447baad740d4e451b8669\/entropy.ufo\/glyphs\/c.glif","\/fonts\/Unpacking\/fe0defdad771396c97d447baad740d4e451b8669\/entropy.ufo\/glyphs\/caron.glif":"\/fonts\/Unpacking\/fe0defdad771396c97d447baad740d4e451b8669\/entropy.ufo\/glyphs\/caron.glif","\/fonts\/Unpacking\/fe0defdad771396c97d447baad740d4e451b8669\/entropy.ufo\/glyphs\/ccedilla.glif":"\/fonts\/Unpacking\/fe0defdad771396c97d447baad740d4e451b8669\/entropy.ufo\/glyphs\/ccedilla.glif","\/fonts\/Unpacking\/fe0defdad771396c97d447baad740d4e451b8669\/entropy.ufo\/glyphs\/cedilla.glif":"\/fonts\/Unpacking\/fe0defdad771396c97d447baad740d4e451b8669\/entropy.ufo\/glyphs\/cedilla.glif","\/fonts\/Unpacking\/fe0defdad771396c97d447baad740d4e451b8669\/entropy.ufo\/glyphs\/cent.glif":"\/fonts\/Unpacking\/fe0defdad771396c97d447baad740d4e451b8669\/entropy.ufo\/glyphs\/cent.glif","\/fonts\/Unpacking\/fe0defdad771396c97d447baad740d4e451b8669\/entropy.ufo\/glyphs\/circumflex.glif":"\/fonts\/Unpacking\/fe0defdad771396c97d447baad740d4e451b8669\/entropy.ufo\/glyphs\/circumflex.glif","\/fonts\/Unpacking\/fe0defdad771396c97d447baad740d4e451b8669\/entropy.ufo\/glyphs\/colon.glif":"\/fonts\/Unpacking\/fe0defdad771396c97d447baad740d4e451b8669\/entropy.ufo\/glyphs\/colon.glif","\/fonts\/Unpacking\/fe0defdad771396c97d447baad740d4e451b8669\/entropy.ufo\/glyphs\/comma.glif":"\/fonts\/Unpacking\/fe0defdad771396c97d447baad740d4e451b8669\/entropy.ufo\/glyphs\/comma.glif","\/fonts\/Unpacking\/fe0defdad771396c97d447baad740d4e451b8669\/entropy.ufo\/glyphs\/contents.plist":"\/fonts\/Unpacking\/fe0defdad771396c97d447baad740d4e451b8669\/entropy.ufo\/glyphs\/contents.plist","\/fonts\/Unpacking\/fe0defdad771396c97d447baad740d4e451b8669\/entropy.ufo\/glyphs\/copyright.glif":"\/fonts\/Unpacking\/fe0defdad771396c97d447baad740d4e451b8669\/entropy.ufo\/glyphs\/copyright.glif","\/fonts\/Unpacking\/fe0defdad771396c97d447baad740d4e451b8669\/entropy.ufo\/glyphs\/currency.glif":"\/fonts\/Unpacking\/fe0defdad771396c97d447baad740d4e451b8669\/entropy.ufo\/glyphs\/currency.glif","\/fonts\/Unpacking\/fe0defdad771396c97d447baad740d4e451b8669\/entropy.ufo\/glyphs\/d.glif":"\/fonts\/Unpacking\/fe0defdad771396c97d447baad740d4e451b8669\/entropy.ufo\/glyphs\/d.glif","\/fonts\/Unpacking\/fe0defdad771396c97d447baad740d4e451b8669\/entropy.ufo\/glyphs\/dagger.glif":"\/fonts\/Unpacking\/fe0defdad771396c97d447baad740d4e451b8669\/entropy.ufo\/glyphs\/dagger.glif","\/fonts\/Unpacking\/fe0defdad771396c97d447baad740d4e451b8669\/entropy.ufo\/glyphs\/daggerdbl.glif":"\/fonts\/Unpacking\/fe0defdad771396c97d447baad740d4e451b8669\/entropy.ufo\/glyphs\/daggerdbl.glif","\/fonts\/Unpacking\/fe0defdad771396c97d447baad740d4e451b8669\/entropy.ufo\/glyphs\/degree.glif":"\/fonts\/Unpacking\/fe0defdad771396c97d447baad740d4e451b8669\/entropy.ufo\/glyphs\/degree.glif","\/fonts\/Unpacking\/fe0defdad771396c97d447baad740d4e451b8669\/entropy.ufo\/glyphs\/dieresis.glif":"\/fonts\/Unpacking\/fe0defdad771396c97d447baad740d4e451b8669\/entropy.ufo\/glyphs\/dieresis.glif","\/fonts\/Unpacking\/fe0defdad771396c97d447baad740d4e451b8669\/entropy.ufo\/glyphs\/dollar.glif":"\/fonts\/Unpacking\/fe0defdad771396c97d447baad740d4e451b8669\/entropy.ufo\/glyphs\/dollar.glif","\/fonts\/Unpacking\/fe0defdad771396c97d447baad740d4e451b8669\/entropy.ufo\/glyphs\/dotaccent.glif":"\/fonts\/Unpacking\/fe0defdad771396c97d447baad740d4e451b8669\/entropy.ufo\/glyphs\/dotaccent.glif","\/fonts\/Unpacking\/fe0defdad771396c97d447baad740d4e451b8669\/entropy.ufo\/glyphs\/e.glif":"\/fonts\/Unpacking\/fe0defdad771396c97d447baad740d4e451b8669\/entropy.ufo\/glyphs\/e.glif","\/fonts\/Unpacking\/fe0defdad771396c97d447baad740d4e451b8669\/entropy.ufo\/glyphs\/eacute.glif":"\/fonts\/Unpacking\/fe0defdad771396c97d447baad740d4e451b8669\/entropy.ufo\/glyphs\/eacute.glif","\/fonts\/Unpacking\/fe0defdad771396c97d447baad740d4e451b8669\/entropy.ufo\/glyphs\/ecircumflex.glif":"\/fonts\/Unpacking\/fe0defdad771396c97d447baad740d4e451b8669\/entropy.ufo\/glyphs\/ecircumflex.glif","\/fonts\/Unpacking\/fe0defdad771396c97d447baad740d4e451b8669\/entropy.ufo\/glyphs\/edieresis.glif":"\/fonts\/Unpacking\/fe0defdad771396c97d447baad740d4e451b8669\/entropy.ufo\/glyphs\/edieresis.glif","\/fonts\/Unpacking\/fe0defdad771396c97d447baad740d4e451b8669\/entropy.ufo\/glyphs\/egrave.glif":"\/fonts\/Unpacking\/fe0defdad771396c97d447baad740d4e451b8669\/entropy.ufo\/glyphs\/egrave.glif","\/fonts\/Unpacking\/fe0defdad771396c97d447baad740d4e451b8669\/entropy.ufo\/glyphs\/eight.glif":"\/fonts\/Unpacking\/fe0defdad771396c97d447baad740d4e451b8669\/entropy.ufo\/glyphs\/eight.glif","\/fonts\/Unpacking\/fe0defdad771396c97d447baad740d4e451b8669\/entropy.ufo\/glyphs\/ellipsis.glif":"\/fonts\/Unpacking\/fe0defdad771396c97d447baad740d4e451b8669\/entropy.ufo\/glyphs\/ellipsis.glif","\/fonts\/Unpacking\/fe0defdad771396c97d447baad740d4e451b8669\/entropy.ufo\/glyphs\/emdash.glif":"\/fonts\/Unpacking\/fe0defdad771396c97d447baad740d4e451b8669\/entropy.ufo\/glyphs\/emdash.glif","\/fonts\/Unpacking\/fe0defdad771396c97d447baad740d4e451b8669\/entropy.ufo\/glyphs\/endash.glif":"\/fonts\/Unpacking\/fe0defdad771396c97d447baad740d4e451b8669\/entropy.ufo\/glyphs\/endash.glif","\/fonts\/Unpacking\/fe0defdad771396c97d447baad740d4e451b8669\/entropy.ufo\/glyphs\/equal.glif":"\/fonts\/Unpacking\/fe0defdad771396c97d447baad740d4e451b8669\/entropy.ufo\/glyphs\/equal.glif","\/fonts\/Unpacking\/fe0defdad771396c97d447baad740d4e451b8669\/entropy.ufo\/glyphs\/exclam.glif":"\/fonts\/Unpacking\/fe0defdad771396c97d447baad740d4e451b8669\/entropy.ufo\/glyphs\/exclam.glif","\/fonts\/Unpacking\/fe0defdad771396c97d447baad740d4e451b8669\/entropy.ufo\/glyphs\/exclamdown.glif":"\/fonts\/Unpacking\/fe0defdad771396c97d447baad740d4e451b8669\/entropy.ufo\/glyphs\/exclamdown.glif","\/fonts\/Unpacking\/fe0defdad771396c97d447baad740d4e451b8669\/entropy.ufo\/glyphs\/f.glif":"\/fonts\/Unpacking\/fe0defdad771396c97d447baad740d4e451b8669\/entropy.ufo\/glyphs\/f.glif","\/fonts\/Unpacking\/fe0defdad771396c97d447baad740d4e451b8669\/entropy.ufo\/glyphs\/five.glif":"\/fonts\/Unpacking\/fe0defdad771396c97d447baad740d4e451b8669\/entropy.ufo\/glyphs\/five.glif","\/fonts\/Unpacking\/fe0defdad771396c97d447baad740d4e451b8669\/entropy.ufo\/glyphs\/four.glif":"\/fonts\/Unpacking\/fe0defdad771396c97d447baad740d4e451b8669\/entropy.ufo\/glyphs\/four.glif","\/fonts\/Unpacking\/fe0defdad771396c97d447baad740d4e451b8669\/entropy.ufo\/glyphs\/fraction.glif":"\/fonts\/Unpacking\/fe0defdad771396c97d447baad740d4e451b8669\/entropy.ufo\/glyphs\/fraction.glif","\/fonts\/Unpacking\/fe0defdad771396c97d447baad740d4e451b8669\/entropy.ufo\/glyphs\/g.glif":"\/fonts\/Unpacking\/fe0defdad771396c97d447baad740d4e451b8669\/entropy.ufo\/glyphs\/g.glif","\/fonts\/Unpacking\/fe0defdad771396c97d447baad740d4e451b8669\/entropy.ufo\/glyphs\/germandbls.glif":"\/fonts\/Unpacking\/fe0defdad771396c97d447baad740d4e451b8669\/entropy.ufo\/glyphs\/germandbls.glif","\/fonts\/Unpacking\/fe0defdad771396c97d447baad740d4e451b8669\/entropy.ufo\/glyphs\/grave.glif":"\/fonts\/Unpacking\/fe0defdad771396c97d447baad740d4e451b8669\/entropy.ufo\/glyphs\/grave.glif","\/fonts\/Unpacking\/fe0defdad771396c97d447baad740d4e451b8669\/entropy.ufo\/glyphs\/greater.glif":"\/fonts\/Unpacking\/fe0defdad771396c97d447baad740d4e451b8669\/entropy.ufo\/glyphs\/greater.glif","\/fonts\/Unpacking\/fe0defdad771396c97d447baad740d4e451b8669\/entropy.ufo\/glyphs\/guillemotleft.glif":"\/fonts\/Unpacking\/fe0defdad771396c97d447baad740d4e451b8669\/entropy.ufo\/glyphs\/guillemotleft.glif","\/fonts\/Unpacking\/fe0defdad771396c97d447baad740d4e451b8669\/entropy.ufo\/glyphs\/guillemotright.glif":"\/fonts\/Unpacking\/fe0defdad771396c97d447baad740d4e451b8669\/entropy.ufo\/glyphs\/guillemotright.glif","\/fonts\/Unpacking\/fe0defdad771396c97d447baad740d4e451b8669\/entropy.ufo\/glyphs\/guilsinglleft.glif":"\/fonts\/Unpacking\/fe0defdad771396c97d447baad740d4e451b8669\/entropy.ufo\/glyphs\/guilsinglleft.glif","\/fonts\/Unpacking\/fe0defdad771396c97d447baad740d4e451b8669\/entropy.ufo\/glyphs\/guilsinglright.glif":"\/fonts\/Unpacking\/fe0defdad771396c97d447baad740d4e451b8669\/entropy.ufo\/glyphs\/guilsinglright.glif","\/fonts\/Unpacking\/fe0defdad771396c97d447baad740d4e451b8669\/entropy.ufo\/glyphs\/h.glif":"\/fonts\/Unpacking\/fe0defdad771396c97d447baad740d4e451b8669\/entropy.ufo\/glyphs\/h.glif","\/fonts\/Unpacking\/fe0defdad771396c97d447baad740d4e451b8669\/entropy.ufo\/glyphs\/hungarumlaut.glif":"\/fonts\/Unpacking\/fe0defdad771396c97d447baad740d4e451b8669\/entropy.ufo\/glyphs\/hungarumlaut.glif","\/fonts\/Unpacking\/fe0defdad771396c97d447baad740d4e451b8669\/entropy.ufo\/glyphs\/hyphen.glif":"\/fonts\/Unpacking\/fe0defdad771396c97d447baad740d4e451b8669\/entropy.ufo\/glyphs\/hyphen.glif","\/fonts\/Unpacking\/fe0defdad771396c97d447baad740d4e451b8669\/entropy.ufo\/glyphs\/i.glif":"\/fonts\/Unpacking\/fe0defdad771396c97d447baad740d4e451b8669\/entropy.ufo\/glyphs\/i.glif","\/fonts\/Unpacking\/fe0defdad771396c97d447baad740d4e451b8669\/entropy.ufo\/glyphs\/iacute.glif":"\/fonts\/Unpacking\/fe0defdad771396c97d447baad740d4e451b8669\/entropy.ufo\/glyphs\/iacute.glif","\/fonts\/Unpacking\/fe0defdad771396c97d447baad740d4e451b8669\/entropy.ufo\/glyphs\/icircumflex.glif":"\/fonts\/Unpacking\/fe0defdad771396c97d447baad740d4e451b8669\/entropy.ufo\/glyphs\/icircumflex.glif","\/fonts\/Unpacking\/fe0defdad771396c97d447baad740d4e451b8669\/entropy.ufo\/glyphs\/idieresis.glif":"\/fonts\/Unpacking\/fe0defdad771396c97d447baad740d4e451b8669\/entropy.ufo\/glyphs\/idieresis.glif","\/fonts\/Unpacking\/fe0defdad771396c97d447baad740d4e451b8669\/entropy.ufo\/glyphs\/igrave.glif":"\/fonts\/Unpacking\/fe0defdad771396c97d447baad740d4e451b8669\/entropy.ufo\/glyphs\/igrave.glif","\/fonts\/Unpacking\/fe0defdad771396c97d447baad740d4e451b8669\/entropy.ufo\/glyphs\/j.glif":"\/fonts\/Unpacking\/fe0defdad771396c97d447baad740d4e451b8669\/entropy.ufo\/glyphs\/j.glif","\/fonts\/Unpacking\/fe0defdad771396c97d447baad740d4e451b8669\/entropy.ufo\/glyphs\/k.glif":"\/fonts\/Unpacking\/fe0defdad771396c97d447baad740d4e451b8669\/entropy.ufo\/glyphs\/k.glif","\/fonts\/Unpacking\/fe0defdad771396c97d447baad740d4e451b8669\/entropy.ufo\/glyphs\/l.glif":"\/fonts\/Unpacking\/fe0defdad771396c97d447baad740d4e451b8669\/entropy.ufo\/glyphs\/l.glif","\/fonts\/Unpacking\/fe0defdad771396c97d447baad740d4e451b8669\/entropy.ufo\/glyphs\/less.glif":"\/fonts\/Unpacking\/fe0defdad771396c97d447baad740d4e451b8669\/entropy.ufo\/glyphs\/less.glif","\/fonts\/Unpacking\/fe0defdad771396c97d447baad740d4e451b8669\/entropy.ufo\/glyphs\/logicalnot.glif":"\/fonts\/Unpacking\/fe0defdad771396c97d447baad740d4e451b8669\/entropy.ufo\/glyphs\/logicalnot.glif","\/fonts\/Unpacking\/fe0defdad771396c97d447baad740d4e451b8669\/entropy.ufo\/glyphs\/m.glif":"\/fonts\/Unpacking\/fe0defdad771396c97d447baad740d4e451b8669\/entropy.ufo\/glyphs\/m.glif","\/fonts\/Unpacking\/fe0defdad771396c97d447baad740d4e451b8669\/entropy.ufo\/glyphs\/macron.glif":"\/fonts\/Unpacking\/fe0defdad771396c97d447baad740d4e451b8669\/entropy.ufo\/glyphs\/macron.glif","\/fonts\/Unpacking\/fe0defdad771396c97d447baad740d4e451b8669\/entropy.ufo\/glyphs\/n.glif":"\/fonts\/Unpacking\/fe0defdad771396c97d447baad740d4e451b8669\/entropy.ufo\/glyphs\/n.glif","\/fonts\/Unpacking\/fe0defdad771396c97d447baad740d4e451b8669\/entropy.ufo\/glyphs\/nbspace.glif":"\/fonts\/Unpacking\/fe0defdad771396c97d447baad740d4e451b8669\/entropy.ufo\/glyphs\/nbspace.glif","\/fonts\/Unpacking\/fe0defdad771396c97d447baad740d4e451b8669\/entropy.ufo\/glyphs\/nine.glif":"\/fonts\/Unpacking\/fe0defdad771396c97d447baad740d4e451b8669\/entropy.ufo\/glyphs\/nine.glif","\/fonts\/Unpacking\/fe0defdad771396c97d447baad740d4e451b8669\/entropy.ufo\/glyphs\/ntilde.glif":"\/fonts\/Unpacking\/fe0defdad771396c97d447baad740d4e451b8669\/entropy.ufo\/glyphs\/ntilde.glif","\/fonts\/Unpacking\/fe0defdad771396c97d447baad740d4e451b8669\/entropy.ufo\/glyphs\/numbersign.glif":"\/fonts\/Unpacking\/fe0defdad771396c97d447baad740d4e451b8669\/entropy.ufo\/glyphs\/numbersign.glif","\/fonts\/Unpacking\/fe0defdad771396c97d447baad740d4e451b8669\/entropy.ufo\/glyphs\/o.glif":"\/fonts\/Unpacking\/fe0defdad771396c97d447baad740d4e451b8669\/entropy.ufo\/glyphs\/o.glif","\/fonts\/Unpacking\/fe0defdad771396c97d447baad740d4e451b8669\/entropy.ufo\/glyphs\/oacute.glif":"\/fonts\/Unpacking\/fe0defdad771396c97d447baad740d4e451b8669\/entropy.ufo\/glyphs\/oacute.glif","\/fonts\/Unpacking\/fe0defdad771396c97d447baad740d4e451b8669\/entropy.ufo\/glyphs\/ocircumflex.glif":"\/fonts\/Unpacking\/fe0defdad771396c97d447baad740d4e451b8669\/entropy.ufo\/glyphs\/ocircumflex.glif","\/fonts\/Unpacking\/fe0defdad771396c97d447baad740d4e451b8669\/entropy.ufo\/glyphs\/odieresis.glif":"\/fonts\/Unpacking\/fe0defdad771396c97d447baad740d4e451b8669\/entropy.ufo\/glyphs\/odieresis.glif","\/fonts\/Unpacking\/fe0defdad771396c97d447baad740d4e451b8669\/entropy.ufo\/glyphs\/oe.glif":"\/fonts\/Unpacking\/fe0defdad771396c97d447baad740d4e451b8669\/entropy.ufo\/glyphs\/oe.glif","\/fonts\/Unpacking\/fe0defdad771396c97d447baad740d4e451b8669\/entropy.ufo\/glyphs\/ogonek.glif":"\/fonts\/Unpacking\/fe0defdad771396c97d447baad740d4e451b8669\/entropy.ufo\/glyphs\/ogonek.glif","\/fonts\/Unpacking\/fe0defdad771396c97d447baad740d4e451b8669\/entropy.ufo\/glyphs\/ograve.glif":"\/fonts\/Unpacking\/fe0defdad771396c97d447baad740d4e451b8669\/entropy.ufo\/glyphs\/ograve.glif","\/fonts\/Unpacking\/fe0defdad771396c97d447baad740d4e451b8669\/entropy.ufo\/glyphs\/one.glif":"\/fonts\/Unpacking\/fe0defdad771396c97d447baad740d4e451b8669\/entropy.ufo\/glyphs\/one.glif","\/fonts\/Unpacking\/fe0defdad771396c97d447baad740d4e451b8669\/entropy.ufo\/glyphs\/oslash.glif":"\/fonts\/Unpacking\/fe0defdad771396c97d447baad740d4e451b8669\/entropy.ufo\/glyphs\/oslash.glif","\/fonts\/Unpacking\/fe0defdad771396c97d447baad740d4e451b8669\/entropy.ufo\/glyphs\/otilde.glif":"\/fonts\/Unpacking\/fe0defdad771396c97d447baad740d4e451b8669\/entropy.ufo\/glyphs\/otilde.glif","\/fonts\/Unpacking\/fe0defdad771396c97d447baad740d4e451b8669\/entropy.ufo\/glyphs\/p.glif":"\/fonts\/Unpacking\/fe0defdad771396c97d447baad740d4e451b8669\/entropy.ufo\/glyphs\/p.glif","\/fonts\/Unpacking\/fe0defdad771396c97d447baad740d4e451b8669\/entropy.ufo\/glyphs\/paragraph.glif":"\/fonts\/Unpacking\/fe0defdad771396c97d447baad740d4e451b8669\/entropy.ufo\/glyphs\/paragraph.glif","\/fonts\/Unpacking\/fe0defdad771396c97d447baad740d4e451b8669\/entropy.ufo\/glyphs\/parenleft.glif":"\/fonts\/Unpacking\/fe0defdad771396c97d447baad740d4e451b8669\/entropy.ufo\/glyphs\/parenleft.glif","\/fonts\/Unpacking\/fe0defdad771396c97d447baad740d4e451b8669\/entropy.ufo\/glyphs\/parenright.glif":"\/fonts\/Unpacking\/fe0defdad771396c97d447baad740d4e451b8669\/entropy.ufo\/glyphs\/parenright.glif","\/fonts\/Unpacking\/fe0defdad771396c97d447baad740d4e451b8669\/entropy.ufo\/glyphs\/percent.glif":"\/fonts\/Unpacking\/fe0defdad771396c97d447baad740d4e451b8669\/entropy.ufo\/glyphs\/percent.glif","\/fonts\/Unpacking\/fe0defdad771396c97d447baad740d4e451b8669\/entropy.ufo\/glyphs\/period.glif":"\/fonts\/Unpacking\/fe0defdad771396c97d447baad740d4e451b8669\/entropy.ufo\/glyphs\/period.glif","\/fonts\/Unpacking\/fe0defdad771396c97d447baad740d4e451b8669\/entropy.ufo\/glyphs\/periodcentered.glif":"\/fonts\/Unpacking\/fe0defdad771396c97d447baad740d4e451b8669\/entropy.ufo\/glyphs\/periodcentered.glif","\/fonts\/Unpacking\/fe0defdad771396c97d447baad740d4e451b8669\/entropy.ufo\/glyphs\/perthousand.glif":"\/fonts\/Unpacking\/fe0defdad771396c97d447baad740d4e451b8669\/entropy.ufo\/glyphs\/perthousand.glif","\/fonts\/Unpacking\/fe0defdad771396c97d447baad740d4e451b8669\/entropy.ufo\/glyphs\/plus.glif":"\/fonts\/Unpacking\/fe0defdad771396c97d447baad740d4e451b8669\/entropy.ufo\/glyphs\/plus.glif","\/fonts\/Unpacking\/fe0defdad771396c97d447baad740d4e451b8669\/entropy.ufo\/glyphs\/q.glif":"\/fonts\/Unpacking\/fe0defdad771396c97d447baad740d4e451b8669\/entropy.ufo\/glyphs\/q.glif","\/fonts\/Unpacking\/fe0defdad771396c97d447baad740d4e451b8669\/entropy.ufo\/glyphs\/question.glif":"\/fonts\/Unpacking\/fe0defdad771396c97d447baad740d4e451b8669\/entropy.ufo\/glyphs\/question.glif","\/fonts\/Unpacking\/fe0defdad771396c97d447baad740d4e451b8669\/entropy.ufo\/glyphs\/questiondown.glif":"\/fonts\/Unpacking\/fe0defdad771396c97d447baad740d4e451b8669\/entropy.ufo\/glyphs\/questiondown.glif","\/fonts\/Unpacking\/fe0defdad771396c97d447baad740d4e451b8669\/entropy.ufo\/glyphs\/quotedbl.glif":"\/fonts\/Unpacking\/fe0defdad771396c97d447baad740d4e451b8669\/entropy.ufo\/glyphs\/quotedbl.glif","\/fonts\/Unpacking\/fe0defdad771396c97d447baad740d4e451b8669\/entropy.ufo\/glyphs\/quotedblbase.glif":"\/fonts\/Unpacking\/fe0defdad771396c97d447baad740d4e451b8669\/entropy.ufo\/glyphs\/quotedblbase.glif","\/fonts\/Unpacking\/fe0defdad771396c97d447baad740d4e451b8669\/entropy.ufo\/glyphs\/quotedblleft.glif":"\/fonts\/Unpacking\/fe0defdad771396c97d447baad740d4e451b8669\/entropy.ufo\/glyphs\/quotedblleft.glif","\/fonts\/Unpacking\/fe0defdad771396c97d447baad740d4e451b8669\/entropy.ufo\/glyphs\/quotedblright.glif":"\/fonts\/Unpacking\/fe0defdad771396c97d447baad740d4e451b8669\/entropy.ufo\/glyphs\/quotedblright.glif","\/fonts\/Unpacking\/fe0defdad771396c97d447baad740d4e451b8669\/entropy.ufo\/glyphs\/quoteleft.glif":"\/fonts\/Unpacking\/fe0defdad771396c97d447baad740d4e451b8669\/entropy.ufo\/glyphs\/quoteleft.glif","\/fonts\/Unpacking\/fe0defdad771396c97d447baad740d4e451b8669\/entropy.ufo\/glyphs\/quoteright.glif":"\/fonts\/Unpacking\/fe0defdad771396c97d447baad740d4e451b8669\/entropy.ufo\/glyphs\/quoteright.glif","\/fonts\/Unpacking\/fe0defdad771396c97d447baad740d4e451b8669\/entropy.ufo\/glyphs\/quotesinglbase.glif":"\/fonts\/Unpacking\/fe0defdad771396c97d447baad740d4e451b8669\/entropy.ufo\/glyphs\/quotesinglbase.glif","\/fonts\/Unpacking\/fe0defdad771396c97d447baad740d4e451b8669\/entropy.ufo\/glyphs\/quotesingle.glif":"\/fonts\/Unpacking\/fe0defdad771396c97d447baad740d4e451b8669\/entropy.ufo\/glyphs\/quotesingle.glif","\/fonts\/Unpacking\/fe0defdad771396c97d447baad740d4e451b8669\/entropy.ufo\/glyphs\/r.glif":"\/fonts\/Unpacking\/fe0defdad771396c97d447baad740d4e451b8669\/entropy.ufo\/glyphs\/r.glif","\/fonts\/Unpacking\/fe0defdad771396c97d447baad740d4e451b8669\/entropy.ufo\/glyphs\/radical.glif":"\/fonts\/Unpacking\/fe0defdad771396c97d447baad740d4e451b8669\/entropy.ufo\/glyphs\/radical.glif","\/fonts\/Unpacking\/fe0defdad771396c97d447baad740d4e451b8669\/entropy.ufo\/glyphs\/registered.glif":"\/fonts\/Unpacking\/fe0defdad771396c97d447baad740d4e451b8669\/entropy.ufo\/glyphs\/registered.glif","\/fonts\/Unpacking\/fe0defdad771396c97d447baad740d4e451b8669\/entropy.ufo\/glyphs\/ring.glif":"\/fonts\/Unpacking\/fe0defdad771396c97d447baad740d4e451b8669\/entropy.ufo\/glyphs\/ring.glif","\/fonts\/Unpacking\/fe0defdad771396c97d447baad740d4e451b8669\/entropy.ufo\/glyphs\/s.glif":"\/fonts\/Unpacking\/fe0defdad771396c97d447baad740d4e451b8669\/entropy.ufo\/glyphs\/s.glif","\/fonts\/Unpacking\/fe0defdad771396c97d447baad740d4e451b8669\/entropy.ufo\/glyphs\/section.glif":"\/fonts\/Unpacking\/fe0defdad771396c97d447baad740d4e451b8669\/entropy.ufo\/glyphs\/section.glif","\/fonts\/Unpacking\/fe0defdad771396c97d447baad740d4e451b8669\/entropy.ufo\/glyphs\/semicolon.glif":"\/fonts\/Unpacking\/fe0defdad771396c97d447baad740d4e451b8669\/entropy.ufo\/glyphs\/semicolon.glif","\/fonts\/Unpacking\/fe0defdad771396c97d447baad740d4e451b8669\/entropy.ufo\/glyphs\/seven.glif":"\/fonts\/Unpacking\/fe0defdad771396c97d447baad740d4e451b8669\/entropy.ufo\/glyphs\/seven.glif","\/fonts\/Unpacking\/fe0defdad771396c97d447baad740d4e451b8669\/entropy.ufo\/glyphs\/six.glif":"\/fonts\/Unpacking\/fe0defdad771396c97d447baad740d4e451b8669\/entropy.ufo\/glyphs\/six.glif","\/fonts\/Unpacking\/fe0defdad771396c97d447baad740d4e451b8669\/entropy.ufo\/glyphs\/slash.glif":"\/fonts\/Unpacking\/fe0defdad771396c97d447baad740d4e451b8669\/entropy.ufo\/glyphs\/slash.glif","\/fonts\/Unpacking\/fe0defdad771396c97d447baad740d4e451b8669\/entropy.ufo\/glyphs\/space.glif":"\/fonts\/Unpacking\/fe0defdad771396c97d447baad740d4e451b8669\/entropy.ufo\/glyphs\/space.glif","\/fonts\/Unpacking\/fe0defdad771396c97d447baad740d4e451b8669\/entropy.ufo\/glyphs\/sterling.glif":"\/fonts\/Unpacking\/fe0defdad771396c97d447baad740d4e451b8669\/entropy.ufo\/glyphs\/sterling.glif","\/fonts\/Unpacking\/fe0defdad771396c97d447baad740d4e451b8669\/entropy.ufo\/glyphs\/t.glif":"\/fonts\/Unpacking\/fe0defdad771396c97d447baad740d4e451b8669\/entropy.ufo\/glyphs\/t.glif","\/fonts\/Unpacking\/fe0defdad771396c97d447baad740d4e451b8669\/entropy.ufo\/glyphs\/three.glif":"\/fonts\/Unpacking\/fe0defdad771396c97d447baad740d4e451b8669\/entropy.ufo\/glyphs\/three.glif","\/fonts\/Unpacking\/fe0defdad771396c97d447baad740d4e451b8669\/entropy.ufo\/glyphs\/tilde.glif":"\/fonts\/Unpacking\/fe0defdad771396c97d447baad740d4e451b8669\/entropy.ufo\/glyphs\/tilde.glif","\/fonts\/Unpacking\/fe0defdad771396c97d447baad740d4e451b8669\/entropy.ufo\/glyphs\/trademark.glif":"\/fonts\/Unpacking\/fe0defdad771396c97d447baad740d4e451b8669\/entropy.ufo\/glyphs\/trademark.glif","\/fonts\/Unpacking\/fe0defdad771396c97d447baad740d4e451b8669\/entropy.ufo\/glyphs\/two.glif":"\/fonts\/Unpacking\/fe0defdad771396c97d447baad740d4e451b8669\/entropy.ufo\/glyphs\/two.glif","\/fonts\/Unpacking\/fe0defdad771396c97d447baad740d4e451b8669\/entropy.ufo\/glyphs\/u.glif":"\/fonts\/Unpacking\/fe0defdad771396c97d447baad740d4e451b8669\/entropy.ufo\/glyphs\/u.glif","\/fonts\/Unpacking\/fe0defdad771396c97d447baad740d4e451b8669\/entropy.ufo\/glyphs\/uacute.glif":"\/fonts\/Unpacking\/fe0defdad771396c97d447baad740d4e451b8669\/entropy.ufo\/glyphs\/uacute.glif","\/fonts\/Unpacking\/fe0defdad771396c97d447baad740d4e451b8669\/entropy.ufo\/glyphs\/ucircumflex.glif":"\/fonts\/Unpacking\/fe0defdad771396c97d447baad740d4e451b8669\/entropy.ufo\/glyphs\/ucircumflex.glif","\/fonts\/Unpacking\/fe0defdad771396c97d447baad740d4e451b8669\/entropy.ufo\/glyphs\/udieresis.glif":"\/fonts\/Unpacking\/fe0defdad771396c97d447baad740d4e451b8669\/entropy.ufo\/glyphs\/udieresis.glif","\/fonts\/Unpacking\/fe0defdad771396c97d447baad740d4e451b8669\/entropy.ufo\/glyphs\/ugrave.glif":"\/fonts\/Unpacking\/fe0defdad771396c97d447baad740d4e451b8669\/entropy.ufo\/glyphs\/ugrave.glif","\/fonts\/Unpacking\/fe0defdad771396c97d447baad740d4e451b8669\/entropy.ufo\/glyphs\/underscore.glif":"\/fonts\/Unpacking\/fe0defdad771396c97d447baad740d4e451b8669\/entropy.ufo\/glyphs\/underscore.glif","\/fonts\/Unpacking\/fe0defdad771396c97d447baad740d4e451b8669\/entropy.ufo\/glyphs\/v.glif":"\/fonts\/Unpacking\/fe0defdad771396c97d447baad740d4e451b8669\/entropy.ufo\/glyphs\/v.glif","\/fonts\/Unpacking\/fe0defdad771396c97d447baad740d4e451b8669\/entropy.ufo\/glyphs\/w.glif":"\/fonts\/Unpacking\/fe0defdad771396c97d447baad740d4e451b8669\/entropy.ufo\/glyphs\/w.glif","\/fonts\/Unpacking\/fe0defdad771396c97d447baad740d4e451b8669\/entropy.ufo\/glyphs\/x.glif":"\/fonts\/Unpacking\/fe0defdad771396c97d447baad740d4e451b8669\/entropy.ufo\/glyphs\/x.glif","\/fonts\/Unpacking\/fe0defdad771396c97d447baad740d4e451b8669\/entropy.ufo\/glyphs\/y.glif":"\/fonts\/Unpacking\/fe0defdad771396c97d447baad740d4e451b8669\/entropy.ufo\/glyphs\/y.glif","\/fonts\/Unpacking\/fe0defdad771396c97d447baad740d4e451b8669\/entropy.ufo\/glyphs\/ydieresis.glif":"\/fonts\/Unpacking\/fe0defdad771396c97d447baad740d4e451b8669\/entropy.ufo\/glyphs\/ydieresis.glif","\/fonts\/Unpacking\/fe0defdad771396c97d447baad740d4e451b8669\/entropy.ufo\/glyphs\/yen.glif":"\/fonts\/Unpacking\/fe0defdad771396c97d447baad740d4e451b8669\/entropy.ufo\/glyphs\/yen.glif","\/fonts\/Unpacking\/fe0defdad771396c97d447baad740d4e451b8669\/entropy.ufo\/glyphs\/z.glif":"\/fonts\/Unpacking\/fe0defdad771396c97d447baad740d4e451b8669\/entropy.ufo\/glyphs\/z.glif","\/fonts\/Unpacking\/fe0defdad771396c97d447baad740d4e451b8669\/entropy.ufo\/glyphs\/zero.glif":"\/fonts\/Unpacking\/fe0defdad771396c97d447baad740d4e451b8669\/entropy.ufo\/glyphs\/zero.glif"},"Font":null,"Licences":{"":false},"Table":{"FFTM":{"entryLength":16,"tag":"FFTM","checksum":1944410552,"offset":31264,"length":28},"GDEF":{"entryLength":16,"tag":"GDEF","checksum":16187398,"offset":31232,"length":32},"OS\/2":{"entryLength":16,"tag":"OS\/2","checksum":1470825249,"offset":344,"length":86},"cmap":{"entryLength":16,"tag":"cmap","checksum":4292771590,"offset":1240,"length":586},"gasp":{"entryLength":16,"tag":"gasp","checksum":4294901763,"offset":31224,"length":8},"glyf":{"entryLength":16,"tag":"glyf","checksum":3751248157,"offset":2236,"length":27932},"head":{"entryLength":16,"tag":"head","checksum":184736088,"offset":220,"length":54},"hhea":{"entryLength":16,"tag":"hhea","checksum":123274023,"offset":276,"length":36},"hmtx":{"entryLength":16,"tag":"hmtx","checksum":3479774045,"offset":432,"length":808},"loca":{"entryLength":16,"tag":"loca","checksum":1032200666,"offset":1828,"length":406},"maxp":{"entryLength":16,"tag":"maxp","checksum":18219131,"offset":312,"length":32},"name":{"entryLength":16,"tag":"name","checksum":3135498124,"offset":30168,"length":606},"post":{"entryLength":16,"tag":"post","checksum":4048527673,"offset":30776,"length":446}},"UnicodeCharMap":{"32":3,"33":4,"34":5,"35":6,"36":7,"37":8,"38":9,"39":10,"40":11,"41":12,"42":13,"43":14,"44":15,"45":16,"46":17,"47":18,"48":19,"49":20,"50":21,"51":22,"52":23,"53":24,"54":25,"55":26,"56":27,"57":28,"58":29,"59":30,"60":31,"61":32,"62":33,"63":34,"64":35,"65":36,"66":37,"67":38,"68":39,"69":40,"70":41,"71":42,"72":43,"73":44,"74":45,"75":46,"76":47,"77":48,"78":49,"79":50,"80":51,"81":52,"82":53,"83":54,"84":55,"85":56,"86":57,"87":58,"88":59,"89":60,"90":61,"91":62,"92":63,"93":64,"95":65,"96":66,"97":67,"98":68,"99":69,"100":70,"101":71,"102":72,"103":73,"104":74,"105":75,"106":76,"107":77,"108":78,"109":79,"110":80,"111":81,"112":82,"113":83,"114":84,"115":85,"116":86,"117":87,"118":88,"119":89,"120":90,"121":91,"122":92,"123":93,"124":94,"125":95,"126":96,"160":97,"161":98,"162":99,"163":100,"164":101,"165":102,"167":103,"168":104,"169":105,"171":106,"172":107,"174":108,"175":109,"176":110,"180":111,"182":112,"183":113,"184":114,"187":115,"191":116,"192":117,"193":118,"194":119,"195":120,"196":121,"197":122,"198":123,"199":124,"200":125,"201":126,"202":127,"203":128,"204":129,"205":130,"206":131,"207":132,"209":133,"210":134,"211":135,"212":136,"213":137,"214":138,"216":139,"217":140,"218":141,"219":142,"220":143,"223":144,"224":145,"225":146,"226":147,"227":148,"228":149,"229":150,"230":151,"231":152,"232":153,"233":154,"234":155,"235":156,"236":157,"237":158,"238":159,"239":160,"241":161,"242":162,"243":163,"244":164,"245":165,"246":166,"248":167,"249":168,"250":169,"251":170,"252":171,"255":172,"338":197,"339":198,"376":201,"710":188,"711":195,"728":190,"729":191,"730":192,"731":194,"732":189,"733":193,"8211":179,"8212":196,"8216":174,"8217":173,"8218":183,"8220":176,"8221":185,"8222":184,"8224":180,"8225":181,"8226":182,"8230":186,"8240":187,"8249":177,"8250":178,"8260":175,"8482":199,"8730":200},"Reserves":null,"Names":[],"Nodes":[],"Contributors":[],"FontIdentity":"3bf8f4ce3784dcf98177f427a9a6eebf","Bytes":2769984,"Networking":null,"barcode":null,"referee":null}