{"CSS":{"HeartwoodDisplaySCapsSSK":"HeartwoodDisplaySCapsSSK.css"},"FontType":"TrueType","FontCopyright":"Copyright 1992, Southern Software, Inc. All Rights Reserved","FontName":"HeartwoodDisplaySCapsSSK","FontSubfamily":"Book","FontSubfamilyID":"FontForge 2.0 : HeartwoodDisplaySCapsSSK : 6-5-2017","FontFullName":"Heartwood Display SCaps SSK","FontVersion":"Version Macromedia Fontograp ","FontWeight":null,"FontPostscriptName":"HeartwoodDisplaySCapsSSK","Files":{"heartwooddisplayscapsssk.afm":"heartwooddisplayscapsssk.afm","heartwooddisplayscapsssk.bin":"heartwooddisplayscapsssk.bin","heartwooddisplayscapsssk.cef":"heartwooddisplayscapsssk.cef","heartwooddisplayscapsssk.cff":"heartwooddisplayscapsssk.cff","heartwooddisplayscapsssk.cid":"heartwooddisplayscapsssk.cid","heartwooddisplayscapsssk.dfont":"heartwooddisplayscapsssk.dfont","heartwooddisplayscapsssk.eot":"heartwooddisplayscapsssk.eot","heartwooddisplayscapsssk.fon":"heartwooddisplayscapsssk.fon","heartwooddisplayscapsssk.gai":"heartwooddisplayscapsssk.gai","heartwooddisplayscapsssk.gsf":"heartwooddisplayscapsssk.gsf","heartwooddisplayscapsssk.hqx":"heartwooddisplayscapsssk.hqx","heartwooddisplayscapsssk.ik":"heartwooddisplayscapsssk.ik","heartwooddisplayscapsssk.mf":"heartwooddisplayscapsssk.mf","heartwooddisplayscapsssk.otf":"heartwooddisplayscapsssk.otf","heartwooddisplayscapsssk.pcf":"heartwooddisplayscapsssk.pcf","heartwooddisplayscapsssk.pf3":"heartwooddisplayscapsssk.pf3","heartwooddisplayscapsssk.pfa":"heartwooddisplayscapsssk.pfa","heartwooddisplayscapsssk.pfb":"heartwooddisplayscapsssk.pfb","heartwooddisplayscapsssk.php":"heartwooddisplayscapsssk.php","heartwooddisplayscapsssk.pmf":"heartwooddisplayscapsssk.pmf","heartwooddisplayscapsssk.pt3":"heartwooddisplayscapsssk.pt3","heartwooddisplayscapsssk.sfd":"heartwooddisplayscapsssk.sfd","heartwooddisplayscapsssk.svg":"heartwooddisplayscapsssk.svg","heartwooddisplayscapsssk.t42":"heartwooddisplayscapsssk.t42","heartwooddisplayscapsssk.ttd":"heartwooddisplayscapsssk.ttd","heartwooddisplayscapsssk.ttf":"heartwooddisplayscapsssk.ttf","heartwooddisplayscapsssk.ttg":"heartwooddisplayscapsssk.ttg","heartwooddisplayscapsssk.ufm":"heartwooddisplayscapsssk.ufm","heartwooddisplayscapsssk.woff":"heartwooddisplayscapsssk.woff","heartwooddisplayscapsssk.z":"heartwooddisplayscapsssk.z","":{"heartwooddisplayscapsssk.afm":"heartwooddisplayscapsssk.afm","heartwooddisplayscapsssk.bin":"heartwooddisplayscapsssk.bin","heartwooddisplayscapsssk.cef":"heartwooddisplayscapsssk.cef","heartwooddisplayscapsssk.cff":"heartwooddisplayscapsssk.cff","heartwooddisplayscapsssk.cid":"heartwooddisplayscapsssk.cid","heartwooddisplayscapsssk.dfont":"heartwooddisplayscapsssk.dfont","heartwooddisplayscapsssk.eot":"heartwooddisplayscapsssk.eot","heartwooddisplayscapsssk.fon":"heartwooddisplayscapsssk.fon","heartwooddisplayscapsssk.gai":"heartwooddisplayscapsssk.gai","heartwooddisplayscapsssk.gsf":"heartwooddisplayscapsssk.gsf","heartwooddisplayscapsssk.hqx":"heartwooddisplayscapsssk.hqx","heartwooddisplayscapsssk.ik":"heartwooddisplayscapsssk.ik","heartwooddisplayscapsssk.mf":"heartwooddisplayscapsssk.mf","heartwooddisplayscapsssk.otf":"heartwooddisplayscapsssk.otf","heartwooddisplayscapsssk.pcf":"heartwooddisplayscapsssk.pcf","heartwooddisplayscapsssk.pf3":"heartwooddisplayscapsssk.pf3","heartwooddisplayscapsssk.pfa":"heartwooddisplayscapsssk.pfa","heartwooddisplayscapsssk.pfb":"heartwooddisplayscapsssk.pfb","heartwooddisplayscapsssk.php":"heartwooddisplayscapsssk.php","heartwooddisplayscapsssk.pmf":"heartwooddisplayscapsssk.pmf","heartwooddisplayscapsssk.pt3":"heartwooddisplayscapsssk.pt3","heartwooddisplayscapsssk.sfd":"heartwooddisplayscapsssk.sfd","heartwooddisplayscapsssk.svg":"heartwooddisplayscapsssk.svg","heartwooddisplayscapsssk.t42":"heartwooddisplayscapsssk.t42","heartwooddisplayscapsssk.ttd":"heartwooddisplayscapsssk.ttd","heartwooddisplayscapsssk.ttf":"heartwooddisplayscapsssk.ttf","heartwooddisplayscapsssk.ttg":"heartwooddisplayscapsssk.ttg","heartwooddisplayscapsssk.ufm":"heartwooddisplayscapsssk.ufm","heartwooddisplayscapsssk.woff":"heartwooddisplayscapsssk.woff","heartwooddisplayscapsssk.z":"heartwooddisplayscapsssk.z"},"\/heartwooddisplayscapsssk.ufo":{"features.fea":"features.fea","fontinfo.plist":"fontinfo.plist","metainfo.plist":"metainfo.plist"},"\/heartwooddisplayscapsssk.ufo\/glyphs":{"A_.glif":"A_.glif","A_E_.glif":"A_E_.glif","A_acute.glif":"A_acute.glif","A_circumflex.glif":"A_circumflex.glif","A_dieresis.glif":"A_dieresis.glif","A_grave.glif":"A_grave.glif","A_ring.glif":"A_ring.glif","A_tilde.glif":"A_tilde.glif","B_.glif":"B_.glif","C_.glif":"C_.glif","C_cedilla.glif":"C_cedilla.glif","D_.glif":"D_.glif","D_elta.glif":"D_elta.glif","E_.glif":"E_.glif","E_acute.glif":"E_acute.glif","E_circumflex.glif":"E_circumflex.glif","E_dieresis.glif":"E_dieresis.glif","E_grave.glif":"E_grave.glif","F_.glif":"F_.glif","G_.glif":"G_.glif","H_.glif":"H_.glif","I_.glif":"I_.glif","I_acute.glif":"I_acute.glif","I_circumflex.glif":"I_circumflex.glif","I_dieresis.glif":"I_dieresis.glif","I_grave.glif":"I_grave.glif","J_.glif":"J_.glif","K_.glif":"K_.glif","L_.glif":"L_.glif","M_.glif":"M_.glif","N_.glif":"N_.glif","N_tilde.glif":"N_tilde.glif","O_.glif":"O_.glif","O_E_.glif":"O_E_.glif","O_acute.glif":"O_acute.glif","O_circumflex.glif":"O_circumflex.glif","O_dieresis.glif":"O_dieresis.glif","O_grave.glif":"O_grave.glif","O_mega.glif":"O_mega.glif","O_slash.glif":"O_slash.glif","O_tilde.glif":"O_tilde.glif","P_.glif":"P_.glif","Q_.glif":"Q_.glif","R_.glif":"R_.glif","S_.glif":"S_.glif","T_.glif":"T_.glif","U_.glif":"U_.glif","U_acute.glif":"U_acute.glif","U_circumflex.glif":"U_circumflex.glif","U_dieresis.glif":"U_dieresis.glif","U_grave.glif":"U_grave.glif","V_.glif":"V_.glif","W_.glif":"W_.glif","X_.glif":"X_.glif","Y_.glif":"Y_.glif","Y_acute.glif":"Y_acute.glif","Y_dieresis.glif":"Y_dieresis.glif","Z_.glif":"Z_.glif","_notdef.glif":"_notdef.glif","_null.glif":"_null.glif","a.glif":"a.glif","aacute.glif":"aacute.glif","acircumflex.glif":"acircumflex.glif","acute.glif":"acute.glif","adieresis.glif":"adieresis.glif","ae.glif":"ae.glif","agrave.glif":"agrave.glif","ampersand.glif":"ampersand.glif","apple.glif":"apple.glif","approxequal.glif":"approxequal.glif","aring.glif":"aring.glif","asciicircum.glif":"asciicircum.glif","asciitilde.glif":"asciitilde.glif","asterisk.glif":"asterisk.glif","at.glif":"at.glif","atilde.glif":"atilde.glif","b.glif":"b.glif","backslash.glif":"backslash.glif","bar.glif":"bar.glif","braceleft.glif":"braceleft.glif","braceright.glif":"braceright.glif","bracketleft.glif":"bracketleft.glif","bracketright.glif":"bracketright.glif","brokenbar.glif":"brokenbar.glif","c.glif":"c.glif","ccedilla.glif":"ccedilla.glif","cent.glif":"cent.glif","circumflex.glif":"circumflex.glif","colon.glif":"colon.glif","comma.glif":"comma.glif","contents.plist":"contents.plist","copyright.glif":"copyright.glif","d.glif":"d.glif","dagger.glif":"dagger.glif","dieresis.glif":"dieresis.glif","divide.glif":"divide.glif","dollar.glif":"dollar.glif","e.glif":"e.glif","eacute.glif":"eacute.glif","ecircumflex.glif":"ecircumflex.glif","edieresis.glif":"edieresis.glif","egrave.glif":"egrave.glif","eight.glif":"eight.glif","ellipsis.glif":"ellipsis.glif","emdash.glif":"emdash.glif","endash.glif":"endash.glif","equal.glif":"equal.glif","exclam.glif":"exclam.glif","exclamdown.glif":"exclamdown.glif","f.glif":"f.glif","five.glif":"five.glif","florin.glif":"florin.glif","four.glif":"four.glif","g.glif":"g.glif","grave.glif":"grave.glif","greater.glif":"greater.glif","greaterequal.glif":"greaterequal.glif","guillemotleft.glif":"guillemotleft.glif","guillemotright.glif":"guillemotright.glif","h.glif":"h.glif","hyphen.glif":"hyphen.glif","i.glif":"i.glif","iacute.glif":"iacute.glif","icircumflex.glif":"icircumflex.glif","idieresis.glif":"idieresis.glif","igrave.glif":"igrave.glif","infinity.glif":"infinity.glif","integral.glif":"integral.glif","j.glif":"j.glif","k.glif":"k.glif","l.glif":"l.glif","less.glif":"less.glif","lessequal.glif":"lessequal.glif","logicalnot.glif":"logicalnot.glif","lozenge.glif":"lozenge.glif","m.glif":"m.glif","mu.glif":"mu.glif","n.glif":"n.glif","nine.glif":"nine.glif","nonbreakingspace.glif":"nonbreakingspace.glif","nonmarkingreturn.glif":"nonmarkingreturn.glif","notequal.glif":"notequal.glif","ntilde.glif":"ntilde.glif","numbersign.glif":"numbersign.glif","o.glif":"o.glif","oacute.glif":"oacute.glif","ocircumflex.glif":"ocircumflex.glif","odieresis.glif":"odieresis.glif","oe.glif":"oe.glif","ograve.glif":"ograve.glif","one.glif":"one.glif","ordfeminine.glif":"ordfeminine.glif","ordmasculine.glif":"ordmasculine.glif","oslash.glif":"oslash.glif","otilde.glif":"otilde.glif","p.glif":"p.glif","paragraph.glif":"paragraph.glif","parenleft.glif":"parenleft.glif","parenright.glif":"parenright.glif","partialdiff.glif":"partialdiff.glif","percent.glif":"percent.glif","period.glif":"period.glif","periodcentered.glif":"periodcentered.glif","pi.glif":"pi.glif","plus.glif":"plus.glif","plusminus.glif":"plusminus.glif","product.glif":"product.glif","q.glif":"q.glif","question.glif":"question.glif","questiondown.glif":"questiondown.glif","quotedbl.glif":"quotedbl.glif","quotedblleft.glif":"quotedblleft.glif","quotedblright.glif":"quotedblright.glif","quoteleft.glif":"quoteleft.glif","quoteright.glif":"quoteright.glif","quotesingle.glif":"quotesingle.glif","r.glif":"r.glif","radical.glif":"radical.glif","registered.glif":"registered.glif","ring.glif":"ring.glif","s.glif":"s.glif","section.glif":"section.glif","semicolon.glif":"semicolon.glif","seven.glif":"seven.glif","six.glif":"six.glif","slash.glif":"slash.glif","space.glif":"space.glif","sterling.glif":"sterling.glif","summation.glif":"summation.glif","t.glif":"t.glif","three.glif":"three.glif","tilde.glif":"tilde.glif","trademark.glif":"trademark.glif","two.glif":"two.glif","u.glif":"u.glif","uacute.glif":"uacute.glif","ucircumflex.glif":"ucircumflex.glif","udieresis.glif":"udieresis.glif","ugrave.glif":"ugrave.glif","underscore.glif":"underscore.glif","v.glif":"v.glif","w.glif":"w.glif","x.glif":"x.glif","y.glif":"y.glif","yacute.glif":"yacute.glif","ydieresis.glif":"ydieresis.glif","yen.glif":"yen.glif","z.glif":"z.glif","zero.glif":"zero.glif"}},"Font":{"uploaded":1494052371.0574,"licence":"gpl3","company":"Chronolabs Cooperative","title":"Heartwood Display SCaps SSK","version":2.001,"date":"Sun Aug 28 07:57:14 2016","creator":"root","type":"1","matrix":"0.001 0 0 0.001 0 0","named":"HeartwoodDisplaySCapsSSK","painttype":"0","info":"10 dict dup","name":"HeartwoodDisplaySCapsSSK","family":"HeartwoodDisplaySCapsSSK","weight":"Book","fstype":"1","italicangle":"0","underlineposition":"","underlinethickness":""},"Table":{"FFTM":{"entryLength":16,"tag":"FFTM","checksum":2079593437,"offset":24960,"length":28},"GDEF":{"entryLength":16,"tag":"GDEF","checksum":2556118,"offset":24928,"length":30},"OS\/2":{"entryLength":16,"tag":"OS\/2","checksum":2000160306,"offset":344,"length":86},"cmap":{"entryLength":16,"tag":"cmap","checksum":2218642351,"offset":1264,"length":634},"gasp":{"entryLength":16,"tag":"gasp","checksum":4294901763,"offset":24920,"length":8},"glyf":{"entryLength":16,"tag":"glyf","checksum":1060846629,"offset":2320,"length":21308},"head":{"entryLength":16,"tag":"head","checksum":189650999,"offset":220,"length":54},"hhea":{"entryLength":16,"tag":"hhea","checksum":149357599,"offset":276,"length":36},"hmtx":{"entryLength":16,"tag":"hmtx","checksum":4252115382,"offset":432,"length":832},"loca":{"entryLength":16,"tag":"loca","checksum":506071292,"offset":1900,"length":418},"maxp":{"entryLength":16,"tag":"maxp","checksum":18284624,"offset":312,"length":32},"name":{"entryLength":16,"tag":"name","checksum":1042595132,"offset":23628,"length":840},"post":{"entryLength":16,"tag":"post","checksum":738929316,"offset":24468,"length":450}},"UnicodeCharMap":{"0":1,"13":2,"32":3,"33":4,"34":5,"35":6,"36":7,"37":8,"38":9,"39":10,"40":11,"41":12,"42":13,"43":14,"44":15,"45":16,"46":17,"47":18,"48":19,"49":20,"50":21,"51":22,"52":23,"53":24,"54":25,"55":26,"56":27,"57":28,"58":29,"59":30,"60":31,"61":32,"62":33,"63":34,"64":35,"65":36,"66":37,"67":38,"68":39,"69":40,"70":41,"71":42,"72":43,"73":44,"74":45,"75":46,"76":47,"77":48,"78":49,"79":50,"80":51,"81":52,"82":53,"83":54,"84":55,"85":56,"86":57,"87":58,"88":59,"89":60,"90":61,"91":62,"92":63,"93":64,"94":65,"95":66,"96":67,"97":68,"98":69,"99":70,"100":71,"101":72,"102":73,"103":74,"104":75,"105":76,"106":77,"107":78,"108":79,"109":80,"110":81,"111":82,"112":83,"113":84,"114":85,"115":86,"116":87,"117":88,"118":89,"119":90,"120":91,"121":92,"122":93,"123":94,"124":95,"125":96,"126":97,"160":98,"161":99,"162":100,"163":101,"165":102,"166":103,"167":104,"168":105,"169":106,"170":107,"171":108,"172":109,"174":110,"177":111,"180":112,"181":113,"182":114,"183":115,"186":116,"187":117,"191":118,"192":119,"193":120,"194":121,"195":122,"196":123,"197":124,"198":125,"199":126,"200":127,"201":128,"202":129,"203":130,"204":131,"205":132,"206":133,"207":134,"209":135,"210":136,"211":137,"212":138,"213":139,"214":140,"216":141,"217":142,"218":143,"219":144,"220":145,"221":146,"224":147,"225":148,"226":149,"227":150,"228":151,"229":152,"230":153,"231":154,"232":155,"233":156,"234":157,"235":158,"236":159,"237":160,"238":161,"239":162,"241":163,"242":164,"243":165,"244":166,"245":167,"246":168,"247":169,"248":170,"249":171,"250":172,"251":173,"252":174,"253":175,"255":176,"338":181,"339":182,"376":189,"402":179,"710":190,"730":207,"732":191,"960":199,"8211":183,"8212":184,"8216":187,"8217":188,"8220":185,"8221":186,"8224":177,"8230":180,"8482":178,"8486":201,"8706":196,"8710":204,"8719":198,"8721":197,"8730":202,"8734":193,"8747":200,"8776":203,"8800":192,"8804":194,"8805":195,"9674":205},"Reserves":null,"Names":[],"Nodes":{"he":{"type":"typal","node":"he","usage":1,"weight":1},"od":{"type":"typal","node":"od","usage":1,"weight":1},"di":{"type":"typal","node":"di","usage":1,"weight":1},"ay":{"type":"typal","node":"ay","usage":1,"weight":1},"sc":{"type":"typal","node":"sc","usage":1,"weight":1},"ps":{"type":"typal","node":"ps","usage":1,"weight":1},"ss":{"type":"typal","node":"ss","usage":1,"weight":1},"sk":{"type":"typal","node":"sk","usage":1,"weight":1},"hea":{"type":"typal","node":"hea","usage":1,"weight":1},"ood":{"type":"typal","node":"ood","usage":1,"weight":1},"dis":{"type":"typal","node":"dis","usage":1,"weight":1},"lay":{"type":"typal","node":"lay","usage":1,"weight":1},"sca":{"type":"typal","node":"sca","usage":1,"weight":1},"aps":{"type":"typal","node":"aps","usage":1,"weight":1},"hear":{"type":"keys","node":"hear","usage":1,"weight":1},"wood":{"type":"keys","node":"wood","usage":1,"weight":1},"disp":{"type":"keys","node":"disp","usage":1,"weight":1},"play":{"type":"keys","node":"play","usage":1,"weight":1},"scap":{"type":"keys","node":"scap","usage":1,"weight":1},"caps":{"type":"keys","node":"caps","usage":1,"weight":1},"heart":{"type":"keys","node":"heart","usage":1,"weight":1},"twood":{"type":"keys","node":"twood","usage":1,"weight":1},"displ":{"type":"keys","node":"displ","usage":1,"weight":1},"splay":{"type":"keys","node":"splay","usage":1,"weight":1},"heartwood":{"type":"fixes","node":"heartwood","usage":1,"weight":1},"display":{"type":"fixes","node":"display","usage":1,"weight":1},"scaps":{"type":"fixes","node":"scaps","usage":1,"weight":1},"ssk":{"type":"fixes","node":"ssk","usage":1,"weight":1}},"Contributors":[],"FontIdentity":"92b18eb8fb04fcabbeedd3129d9f524b","Bytes":2593649,"Networking":[],"barcode":"qkgakwgqyguya","referee":"kQisM"}