{"CSS":{"Balance-BlackCapsItalic":"Balance-BlackCapsItalic.css"},"FontType":"TrueType","FontCopyright":"Copr.1993 Evert Bloemsma, FontShop International","FontName":"Balance","FontSubfamily":"BlackCapsItalic","FontSubfamilyID":"FontForge 2.0 : Balance-BlackCapsItalic : 12-3-2016","FontFullName":"Balance-BlackCapsItalic","FontVersion":"Version 001.000 ","FontWeight":null,"FontPostscriptName":"Balance-BlackCapsItalic","Files":null,"Table":{"FFTM":{"entryLength":16,"tag":"FFTM","checksum":1916868526,"offset":32416,"length":28},"GDEF":{"entryLength":16,"tag":"GDEF","checksum":17629190,"offset":32384,"length":32},"OS\/2":{"entryLength":16,"tag":"OS\/2","checksum":2043428670,"offset":344,"length":86},"cmap":{"entryLength":16,"tag":"cmap","checksum":1440845299,"offset":1324,"length":1064},"gasp":{"entryLength":16,"tag":"gasp","checksum":4294901763,"offset":32376,"length":8},"glyf":{"entryLength":16,"tag":"glyf","checksum":3490738268,"offset":2840,"length":28300},"head":{"entryLength":16,"tag":"head","checksum":160628577,"offset":220,"length":54},"hhea":{"entryLength":16,"tag":"hhea","checksum":142279746,"offset":276,"length":36},"hmtx":{"entryLength":16,"tag":"hmtx","checksum":4232124840,"offset":432,"length":892},"loca":{"entryLength":16,"tag":"loca","checksum":1658800200,"offset":2388,"length":450},"maxp":{"entryLength":16,"tag":"maxp","checksum":19464319,"offset":312,"length":32},"name":{"entryLength":16,"tag":"name","checksum":1553379871,"offset":31140,"length":744},"post":{"entryLength":16,"tag":"post","checksum":4160989203,"offset":31884,"length":490}},"UnicodeCharMap":{"32":3,"33":4,"34":5,"35":6,"36":7,"37":8,"38":9,"39":106,"40":11,"41":12,"42":13,"43":14,"44":15,"45":16,"46":17,"47":18,"48":19,"49":20,"50":21,"51":22,"52":23,"53":24,"54":25,"55":26,"56":27,"57":28,"58":29,"59":30,"60":31,"61":32,"62":33,"63":34,"64":35,"65":36,"66":37,"67":38,"68":39,"69":40,"70":41,"71":42,"72":43,"73":44,"74":45,"75":46,"76":47,"77":48,"78":49,"79":50,"80":51,"81":52,"82":53,"83":54,"84":55,"85":56,"86":57,"87":58,"88":59,"89":60,"90":61,"91":62,"92":63,"93":64,"94":65,"95":66,"96":126,"97":68,"98":69,"99":70,"100":71,"101":72,"102":73,"103":74,"104":75,"105":76,"106":77,"107":78,"108":79,"109":80,"110":81,"111":82,"112":83,"113":84,"114":85,"115":86,"116":87,"117":88,"118":89,"119":90,"120":91,"121":92,"122":93,"123":94,"124":95,"125":96,"126":97,"160":201,"161":98,"162":99,"163":100,"164":105,"165":102,"167":104,"168":133,"169":183,"170":139,"171":108,"172":197,"174":182,"175":130,"176":181,"177":187,"180":127,"182":117,"183":116,"184":135,"186":142,"187":122,"191":125,"192":202,"193":211,"194":209,"195":203,"196":149,"197":150,"198":138,"199":151,"200":213,"201":152,"202":210,"203":212,"204":217,"205":214,"206":215,"207":216,"209":153,"210":220,"211":218,"212":219,"213":204,"214":154,"215":148,"216":140,"217":223,"218":221,"219":222,"220":155,"223":146,"224":157,"225":156,"226":158,"227":160,"228":159,"229":161,"230":143,"231":162,"232":164,"233":163,"234":165,"235":166,"236":168,"237":167,"238":169,"239":170,"241":171,"242":173,"243":172,"244":174,"245":176,"246":175,"247":205,"248":144,"249":178,"250":177,"251":179,"252":180,"255":207,"338":141,"339":145,"376":208,"402":103,"710":128,"711":136,"728":131,"729":132,"730":134,"732":129,"916":200,"937":196,"956":190,"960":194,"8211":113,"8212":137,"8216":67,"8217":10,"8218":119,"8220":107,"8221":121,"8222":120,"8224":114,"8225":115,"8226":118,"8230":123,"8240":124,"8249":109,"8250":110,"8260":101,"8482":184,"8706":191,"8719":193,"8721":192,"8722":147,"8730":198,"8734":186,"8747":195,"8776":199,"8800":185,"8804":188,"8805":189,"9674":206,"64257":111,"64258":112},"Reserves":{"fontname":"Balance-BlackCapsItalic"},"Names":{"Balance-BlackCapsItalic":{"name":"Balance-BlackCapsItalic","longitude":null,"latitude":null,"country":"","region":"","city":""}},"Nodes":{"ba":{"type":"typal","node":"ba","usage":1,"weight":1},"ce":{"type":"typal","node":"ce","usage":1,"weight":1},"bl":{"type":"typal","node":"bl","usage":1,"weight":1},"ic":{"type":"typal","node":"ic","usage":1,"weight":1},"bal":{"type":"typal","node":"bal","usage":1,"weight":1},"nce":{"type":"typal","node":"nce","usage":1,"weight":1},"bla":{"type":"typal","node":"bla","usage":1,"weight":1},"lic":{"type":"typal","node":"lic","usage":1,"weight":1},"bala":{"type":"keys","node":"bala","usage":1,"weight":1},"ance":{"type":"keys","node":"ance","usage":1,"weight":1},"blac":{"type":"keys","node":"blac","usage":1,"weight":1},"alic":{"type":"keys","node":"alic","usage":1,"weight":1},"balan":{"type":"keys","node":"balan","usage":1,"weight":1},"lance":{"type":"keys","node":"lance","usage":1,"weight":1},"black":{"type":"keys","node":"black","usage":1,"weight":1},"talic":{"type":"keys","node":"talic","usage":1,"weight":1},"balance":{"type":"fixes","node":"balance","usage":1,"weight":1},"blackcapsitalic":{"type":"fixes","node":"blackcapsitalic","usage":1,"weight":1}},"Contributors":[],"FontIdentity":"72676f8cf8e21241b5f03128a1652d8d","Bytes":null,"Networking":[]}