{"CSS":{"Stars2":"Stars2.css"},"FontType":"TrueType","FontCopyright":"Generated by Fontographer 3.5","FontName":"Stars2","FontSubfamily":"Normal","FontSubfamilyID":"FontForge 2.0 : Stars2 : 28-8-2016","FontFullName":"Stars 2","FontVersion":"Version 0.000 ","FontWeight":null,"FontPostscriptName":"Stars2","Files":{"stars2.afm":"stars2.afm","stars2.bin":"stars2.bin","stars2.cef":"stars2.cef","stars2.cff":"stars2.cff","stars2.cid":"stars2.cid","stars2.dfont":"stars2.dfont","stars2.eot":"stars2.eot","stars2.fon":"stars2.fon","stars2.gai":"stars2.gai","stars2.gsf":"stars2.gsf","stars2.hqx":"stars2.hqx","stars2.ik":"stars2.ik","stars2.mf":"stars2.mf","stars2.otf":"stars2.otf","stars2.pcf":"stars2.pcf","stars2.pf3":"stars2.pf3","stars2.pfa":"stars2.pfa","stars2.pfb":"stars2.pfb","stars2.php":"stars2.php","stars2.pmf":"stars2.pmf","stars2.pt3":"stars2.pt3","stars2.sfd":"stars2.sfd","stars2.svg":"stars2.svg","stars2.t42":"stars2.t42","stars2.ttd":"stars2.ttd","stars2.ttf":"stars2.ttf","stars2.ttg":"stars2.ttg","stars2.ufm":"stars2.ufm","stars2.woff":"stars2.woff","stars2.z":"stars2.z","":{"stars2.afm":"stars2.afm","stars2.bin":"stars2.bin","stars2.cef":"stars2.cef","stars2.cff":"stars2.cff","stars2.cid":"stars2.cid","stars2.dfont":"stars2.dfont","stars2.eot":"stars2.eot","stars2.fon":"stars2.fon","stars2.gai":"stars2.gai","stars2.gsf":"stars2.gsf","stars2.hqx":"stars2.hqx","stars2.ik":"stars2.ik","stars2.mf":"stars2.mf","stars2.otf":"stars2.otf","stars2.pcf":"stars2.pcf","stars2.pf3":"stars2.pf3","stars2.pfa":"stars2.pfa","stars2.pfb":"stars2.pfb","stars2.php":"stars2.php","stars2.pmf":"stars2.pmf","stars2.pt3":"stars2.pt3","stars2.sfd":"stars2.sfd","stars2.svg":"stars2.svg","stars2.t42":"stars2.t42","stars2.ttd":"stars2.ttd","stars2.ttf":"stars2.ttf","stars2.ttg":"stars2.ttg","stars2.ufm":"stars2.ufm","stars2.woff":"stars2.woff","stars2.z":"stars2.z"},"\/stars2.ufo":{"feature.fea":"feature.fea","fontinfo.plist":"fontinfo.plist","groups.plist":"groups.plist","kerning.plist":"kerning.plist","metainfo.plist":"metainfo.plist"},"\/stars2.ufo\/glyphs":{"A_.glif":"A_.glif","B_.glif":"B_.glif","C_.glif":"C_.glif","D_.glif":"D_.glif","E_.glif":"E_.glif","F_.glif":"F_.glif","G_.glif":"G_.glif","H_.glif":"H_.glif","I_.glif":"I_.glif","J_.glif":"J_.glif","K_.glif":"K_.glif","L_.glif":"L_.glif","M_.glif":"M_.glif","N_.glif":"N_.glif","O_.glif":"O_.glif","P_.glif":"P_.glif","Q_.glif":"Q_.glif","R_.glif":"R_.glif","S_.glif":"S_.glif","T_.glif":"T_.glif","U_.glif":"U_.glif","V_.glif":"V_.glif","W_.glif":"W_.glif","X_.glif":"X_.glif","Y_.glif":"Y_.glif","Z_.glif":"Z_.glif","a.glif":"a.glif","ampersand.glif":"ampersand.glif","asciicircum.glif":"asciicircum.glif","asterisk.glif":"asterisk.glif","at.glif":"at.glif","b.glif":"b.glif","backslash.glif":"backslash.glif","bracketleft.glif":"bracketleft.glif","bracketright.glif":"bracketright.glif","c.glif":"c.glif","colon.glif":"colon.glif","comma.glif":"comma.glif","contents.plist":"contents.plist","d.glif":"d.glif","dollar.glif":"dollar.glif","e.glif":"e.glif","eight.glif":"eight.glif","equal.glif":"equal.glif","exclam.glif":"exclam.glif","f.glif":"f.glif","five.glif":"five.glif","four.glif":"four.glif","g.glif":"g.glif","grave.glif":"grave.glif","greater.glif":"greater.glif","h.glif":"h.glif","hyphen.glif":"hyphen.glif","i.glif":"i.glif","j.glif":"j.glif","k.glif":"k.glif","less.glif":"less.glif","nbspace.glif":"nbspace.glif","nine.glif":"nine.glif","numbersign.glif":"numbersign.glif","one.glif":"one.glif","parenleft.glif":"parenleft.glif","parenright.glif":"parenright.glif","percent.glif":"percent.glif","period.glif":"period.glif","plus.glif":"plus.glif","question.glif":"question.glif","quotedbl.glif":"quotedbl.glif","quotesingle.glif":"quotesingle.glif","semicolon.glif":"semicolon.glif","seven.glif":"seven.glif","six.glif":"six.glif","slash.glif":"slash.glif","three.glif":"three.glif","two.glif":"two.glif","underscore.glif":"underscore.glif","zero.glif":"zero.glif"}},"Font":{"uploaded":1472325541.9335,"licence":"gpl3","company":"Chronolabs Cooperative","title":"Stars 2","version":2.001,"date":"Fri Aug 12 11:09:56 2016","creator":"root","type":"1","matrix":"0.001 0 0 0.001 0 0","named":"Stars2","painttype":"0","info":"7 dict dup","name":"Stars2","family":"Stars2","weight":"Normal","italicangle":"0"},"Table":{"FFTM":{"entryLength":16,"tag":"FFTM","checksum":1944274844,"offset":18204,"length":28},"GDEF":{"entryLength":16,"tag":"GDEF","checksum":8126470,"offset":18172,"length":32},"OS\/2":{"entryLength":16,"tag":"OS\/2","checksum":1431331409,"offset":344,"length":86},"cmap":{"entryLength":16,"tag":"cmap","checksum":1245828826,"offset":748,"length":330},"gasp":{"entryLength":16,"tag":"gasp","checksum":4294901763,"offset":18164,"length":8},"glyf":{"entryLength":16,"tag":"glyf","checksum":3878559088,"offset":1240,"length":16224},"head":{"entryLength":16,"tag":"head","checksum":181564693,"offset":220,"length":54},"hhea":{"entryLength":16,"tag":"hhea","checksum":131138618,"offset":276,"length":36},"hmtx":{"entryLength":16,"tag":"hmtx","checksum":596708751,"offset":432,"length":316},"loca":{"entryLength":16,"tag":"loca","checksum":199498146,"offset":1080,"length":160},"maxp":{"entryLength":16,"tag":"maxp","checksum":11075813,"offset":312,"length":32},"name":{"entryLength":16,"tag":"name","checksum":792194213,"offset":17464,"length":498},"post":{"entryLength":16,"tag":"post","checksum":2117586121,"offset":17964,"length":200}},"UnicodeCharMap":{"33":3,"34":4,"35":5,"36":6,"37":7,"38":8,"39":9,"40":10,"41":11,"42":12,"43":13,"44":14,"45":15,"46":16,"47":17,"48":18,"49":19,"50":20,"51":21,"52":22,"53":23,"54":24,"55":25,"56":26,"57":27,"58":28,"59":29,"60":30,"61":31,"62":32,"63":33,"64":34,"65":35,"66":36,"67":37,"68":38,"69":39,"70":40,"71":41,"72":42,"73":43,"74":44,"75":45,"76":46,"77":47,"78":48,"79":49,"80":50,"81":51,"82":52,"83":53,"84":54,"85":55,"86":56,"87":57,"88":58,"89":59,"90":60,"91":61,"92":62,"93":63,"94":64,"95":65,"96":66,"97":67,"98":68,"99":69,"100":70,"101":71,"102":72,"103":73,"104":74,"105":75,"106":76,"107":77,"160":78},"Reserves":null,"Names":[],"Nodes":{"st":{"type":"typal","node":"st","usage":1,"weight":1},"rs":{"type":"typal","node":"rs","usage":1,"weight":1},"sta":{"type":"typal","node":"sta","usage":1,"weight":1},"ars":{"type":"typal","node":"ars","usage":1,"weight":1},"star":{"type":"keys","node":"star","usage":1,"weight":1},"tars":{"type":"keys","node":"tars","usage":1,"weight":1},"stars":{"type":"fixes","node":"stars","usage":1,"weight":1},"2":{"type":"fixes","node":2,"usage":1,"weight":1}},"Contributors":[],"FontIdentity":"0cb098fd0c39c90fe811c4dcfb0df1e2","Bytes":1797555,"Networking":[],"barcode":"askmyiu7gq4io","referee":"mguky8"}