{"CSS":{"Kepler Std Condensed Subhead":"thatcher0:8c0da62a34f8788ac0465c.css"},"FontType":"TrueType","FontCopyright":"Copyright 1996, 2003 Adobe Systems Incorporated. All rights reserved. Kepler is either a registered trademark or a trademark of Adobe Systems Incorporated in the United States and\/or other countries.","FontName":"Kepler Std","FontSubfamily":"CnSubh","FontSubfamilyID":"FontForge 2.0 : Kepler Std Condensed Subhead : 28-8-2016","FontFullName":"Kepler Std Condensed Subhead","FontVersion":"Version 2.000 ","FontWeight":null,"FontPostscriptName":"KeplerStd-CnSubh","Files":{"\/Kepler Std Condensed Subhead.css":"\/Kepler Std Condensed Subhead.css","\/font-resource.json":"\/font-resource.json","\/keplerstd-cnsubh.afm":"\/keplerstd-cnsubh.afm","\/keplerstd-cnsubh.cef":"\/keplerstd-cnsubh.cef","\/keplerstd-cnsubh.cff":"\/keplerstd-cnsubh.cff","\/keplerstd-cnsubh.eot":"\/keplerstd-cnsubh.eot","\/keplerstd-cnsubh.gai":"\/keplerstd-cnsubh.gai","\/keplerstd-cnsubh.gsf":"\/keplerstd-cnsubh.gsf","\/keplerstd-cnsubh.otf":"\/keplerstd-cnsubh.otf","\/keplerstd-cnsubh.pf3":"\/keplerstd-cnsubh.pf3","\/keplerstd-cnsubh.pfa":"\/keplerstd-cnsubh.pfa","\/keplerstd-cnsubh.pfb":"\/keplerstd-cnsubh.pfb","\/keplerstd-cnsubh.php":"\/keplerstd-cnsubh.php","\/keplerstd-cnsubh.pt3":"\/keplerstd-cnsubh.pt3","\/keplerstd-cnsubh.sfd":"\/keplerstd-cnsubh.sfd","\/keplerstd-cnsubh.svg":"\/keplerstd-cnsubh.svg","\/keplerstd-cnsubh.t42":"\/keplerstd-cnsubh.t42","\/keplerstd-cnsubh.ttd":"\/keplerstd-cnsubh.ttd","\/keplerstd-cnsubh.ttf":"\/keplerstd-cnsubh.ttf","\/keplerstd-cnsubh.ttg":"\/keplerstd-cnsubh.ttg","\/keplerstd-cnsubh.ufm":"\/keplerstd-cnsubh.ufm","\/keplerstd-cnsubh.woff":"\/keplerstd-cnsubh.woff","\/keplerstd-cnsubh.z":"\/keplerstd-cnsubh.z","\/keplerstd-cnsubh.ufo\/feature.fea":"\/keplerstd-cnsubh.ufo\/feature.fea","\/keplerstd-cnsubh.ufo\/fontinfo.plist":"\/keplerstd-cnsubh.ufo\/fontinfo.plist","\/keplerstd-cnsubh.ufo\/groups.plist":"\/keplerstd-cnsubh.ufo\/groups.plist","\/keplerstd-cnsubh.ufo\/kerning.plist":"\/keplerstd-cnsubh.ufo\/kerning.plist","\/keplerstd-cnsubh.ufo\/metainfo.plist":"\/keplerstd-cnsubh.ufo\/metainfo.plist","\/keplerstd-cnsubh.ufo\/glyphs\/A_.glif":"\/keplerstd-cnsubh.ufo\/glyphs\/A_.glif","\/keplerstd-cnsubh.ufo\/glyphs\/A_.sc.glif":"\/keplerstd-cnsubh.ufo\/glyphs\/A_.sc.glif","\/keplerstd-cnsubh.ufo\/glyphs\/A_E_.glif":"\/keplerstd-cnsubh.ufo\/glyphs\/A_E_.glif","\/keplerstd-cnsubh.ufo\/glyphs\/A_E_.sc.glif":"\/keplerstd-cnsubh.ufo\/glyphs\/A_E_.sc.glif","\/keplerstd-cnsubh.ufo\/glyphs\/A_acute.glif":"\/keplerstd-cnsubh.ufo\/glyphs\/A_acute.glif","\/keplerstd-cnsubh.ufo\/glyphs\/A_acute.sc.glif":"\/keplerstd-cnsubh.ufo\/glyphs\/A_acute.sc.glif","\/keplerstd-cnsubh.ufo\/glyphs\/A_circumflex.glif":"\/keplerstd-cnsubh.ufo\/glyphs\/A_circumflex.glif","\/keplerstd-cnsubh.ufo\/glyphs\/A_circumflex.sc.glif":"\/keplerstd-cnsubh.ufo\/glyphs\/A_circumflex.sc.glif","\/keplerstd-cnsubh.ufo\/glyphs\/A_dieresis.glif":"\/keplerstd-cnsubh.ufo\/glyphs\/A_dieresis.glif","\/keplerstd-cnsubh.ufo\/glyphs\/A_dieresis.sc.glif":"\/keplerstd-cnsubh.ufo\/glyphs\/A_dieresis.sc.glif","\/keplerstd-cnsubh.ufo\/glyphs\/A_grave.glif":"\/keplerstd-cnsubh.ufo\/glyphs\/A_grave.glif","\/keplerstd-cnsubh.ufo\/glyphs\/A_grave.sc.glif":"\/keplerstd-cnsubh.ufo\/glyphs\/A_grave.sc.glif","\/keplerstd-cnsubh.ufo\/glyphs\/A_ring.glif":"\/keplerstd-cnsubh.ufo\/glyphs\/A_ring.glif","\/keplerstd-cnsubh.ufo\/glyphs\/A_ring.sc.glif":"\/keplerstd-cnsubh.ufo\/glyphs\/A_ring.sc.glif","\/keplerstd-cnsubh.ufo\/glyphs\/A_tilde.glif":"\/keplerstd-cnsubh.ufo\/glyphs\/A_tilde.glif","\/keplerstd-cnsubh.ufo\/glyphs\/A_tilde.sc.glif":"\/keplerstd-cnsubh.ufo\/glyphs\/A_tilde.sc.glif","\/keplerstd-cnsubh.ufo\/glyphs\/B_.glif":"\/keplerstd-cnsubh.ufo\/glyphs\/B_.glif","\/keplerstd-cnsubh.ufo\/glyphs\/B_.sc.glif":"\/keplerstd-cnsubh.ufo\/glyphs\/B_.sc.glif","\/keplerstd-cnsubh.ufo\/glyphs\/C_.glif":"\/keplerstd-cnsubh.ufo\/glyphs\/C_.glif","\/keplerstd-cnsubh.ufo\/glyphs\/C_.sc.glif":"\/keplerstd-cnsubh.ufo\/glyphs\/C_.sc.glif","\/keplerstd-cnsubh.ufo\/glyphs\/C_cedilla.glif":"\/keplerstd-cnsubh.ufo\/glyphs\/C_cedilla.glif","\/keplerstd-cnsubh.ufo\/glyphs\/C_cedilla.sc.glif":"\/keplerstd-cnsubh.ufo\/glyphs\/C_cedilla.sc.glif","\/keplerstd-cnsubh.ufo\/glyphs\/D_.glif":"\/keplerstd-cnsubh.ufo\/glyphs\/D_.glif","\/keplerstd-cnsubh.ufo\/glyphs\/D_.sc.glif":"\/keplerstd-cnsubh.ufo\/glyphs\/D_.sc.glif","\/keplerstd-cnsubh.ufo\/glyphs\/D_elta.glif":"\/keplerstd-cnsubh.ufo\/glyphs\/D_elta.glif","\/keplerstd-cnsubh.ufo\/glyphs\/E_.glif":"\/keplerstd-cnsubh.ufo\/glyphs\/E_.glif","\/keplerstd-cnsubh.ufo\/glyphs\/E_.sc.glif":"\/keplerstd-cnsubh.ufo\/glyphs\/E_.sc.glif","\/keplerstd-cnsubh.ufo\/glyphs\/E_acute.glif":"\/keplerstd-cnsubh.ufo\/glyphs\/E_acute.glif","\/keplerstd-cnsubh.ufo\/glyphs\/E_acute.sc.glif":"\/keplerstd-cnsubh.ufo\/glyphs\/E_acute.sc.glif","\/keplerstd-cnsubh.ufo\/glyphs\/E_circumflex.glif":"\/keplerstd-cnsubh.ufo\/glyphs\/E_circumflex.glif","\/keplerstd-cnsubh.ufo\/glyphs\/E_circumflex.sc.glif":"\/keplerstd-cnsubh.ufo\/glyphs\/E_circumflex.sc.glif","\/keplerstd-cnsubh.ufo\/glyphs\/E_dieresis.glif":"\/keplerstd-cnsubh.ufo\/glyphs\/E_dieresis.glif","\/keplerstd-cnsubh.ufo\/glyphs\/E_dieresis.sc.glif":"\/keplerstd-cnsubh.ufo\/glyphs\/E_dieresis.sc.glif","\/keplerstd-cnsubh.ufo\/glyphs\/E_grave.glif":"\/keplerstd-cnsubh.ufo\/glyphs\/E_grave.glif","\/keplerstd-cnsubh.ufo\/glyphs\/E_grave.sc.glif":"\/keplerstd-cnsubh.ufo\/glyphs\/E_grave.sc.glif","\/keplerstd-cnsubh.ufo\/glyphs\/E_th.glif":"\/keplerstd-cnsubh.ufo\/glyphs\/E_th.glif","\/keplerstd-cnsubh.ufo\/glyphs\/E_th.sc.glif":"\/keplerstd-cnsubh.ufo\/glyphs\/E_th.sc.glif","\/keplerstd-cnsubh.ufo\/glyphs\/E_uro.fitted.glif":"\/keplerstd-cnsubh.ufo\/glyphs\/E_uro.fitted.glif","\/keplerstd-cnsubh.ufo\/glyphs\/E_uro.glif":"\/keplerstd-cnsubh.ufo\/glyphs\/E_uro.glif","\/keplerstd-cnsubh.ufo\/glyphs\/E_uro.oldstyle.glif":"\/keplerstd-cnsubh.ufo\/glyphs\/E_uro.oldstyle.glif","\/keplerstd-cnsubh.ufo\/glyphs\/E_uro.taboldstyle.glif":"\/keplerstd-cnsubh.ufo\/glyphs\/E_uro.taboldstyle.glif","\/keplerstd-cnsubh.ufo\/glyphs\/F_.glif":"\/keplerstd-cnsubh.ufo\/glyphs\/F_.glif","\/keplerstd-cnsubh.ufo\/glyphs\/F_.sc.glif":"\/keplerstd-cnsubh.ufo\/glyphs\/F_.sc.glif","\/keplerstd-cnsubh.ufo\/glyphs\/G_.glif":"\/keplerstd-cnsubh.ufo\/glyphs\/G_.glif","\/keplerstd-cnsubh.ufo\/glyphs\/G_.sc.glif":"\/keplerstd-cnsubh.ufo\/glyphs\/G_.sc.glif","\/keplerstd-cnsubh.ufo\/glyphs\/H_.glif":"\/keplerstd-cnsubh.ufo\/glyphs\/H_.glif","\/keplerstd-cnsubh.ufo\/glyphs\/H_.sc.glif":"\/keplerstd-cnsubh.ufo\/glyphs\/H_.sc.glif","\/keplerstd-cnsubh.ufo\/glyphs\/I_.glif":"\/keplerstd-cnsubh.ufo\/glyphs\/I_.glif","\/keplerstd-cnsubh.ufo\/glyphs\/I_.sc.glif":"\/keplerstd-cnsubh.ufo\/glyphs\/I_.sc.glif","\/keplerstd-cnsubh.ufo\/glyphs\/I_acute.glif":"\/keplerstd-cnsubh.ufo\/glyphs\/I_acute.glif","\/keplerstd-cnsubh.ufo\/glyphs\/I_acute.sc.glif":"\/keplerstd-cnsubh.ufo\/glyphs\/I_acute.sc.glif","\/keplerstd-cnsubh.ufo\/glyphs\/I_circumflex.glif":"\/keplerstd-cnsubh.ufo\/glyphs\/I_circumflex.glif","\/keplerstd-cnsubh.ufo\/glyphs\/I_circumflex.sc.glif":"\/keplerstd-cnsubh.ufo\/glyphs\/I_circumflex.sc.glif","\/keplerstd-cnsubh.ufo\/glyphs\/I_dieresis.glif":"\/keplerstd-cnsubh.ufo\/glyphs\/I_dieresis.glif","\/keplerstd-cnsubh.ufo\/glyphs\/I_dieresis.sc.glif":"\/keplerstd-cnsubh.ufo\/glyphs\/I_dieresis.sc.glif","\/keplerstd-cnsubh.ufo\/glyphs\/I_grave.glif":"\/keplerstd-cnsubh.ufo\/glyphs\/I_grave.glif","\/keplerstd-cnsubh.ufo\/glyphs\/I_grave.sc.glif":"\/keplerstd-cnsubh.ufo\/glyphs\/I_grave.sc.glif","\/keplerstd-cnsubh.ufo\/glyphs\/J_.glif":"\/keplerstd-cnsubh.ufo\/glyphs\/J_.glif","\/keplerstd-cnsubh.ufo\/glyphs\/J_.sc.glif":"\/keplerstd-cnsubh.ufo\/glyphs\/J_.sc.glif","\/keplerstd-cnsubh.ufo\/glyphs\/K_.glif":"\/keplerstd-cnsubh.ufo\/glyphs\/K_.glif","\/keplerstd-cnsubh.ufo\/glyphs\/K_.sc.glif":"\/keplerstd-cnsubh.ufo\/glyphs\/K_.sc.glif","\/keplerstd-cnsubh.ufo\/glyphs\/L_.glif":"\/keplerstd-cnsubh.ufo\/glyphs\/L_.glif","\/keplerstd-cnsubh.ufo\/glyphs\/L_.sc.glif":"\/keplerstd-cnsubh.ufo\/glyphs\/L_.sc.glif","\/keplerstd-cnsubh.ufo\/glyphs\/L_slash.glif":"\/keplerstd-cnsubh.ufo\/glyphs\/L_slash.glif","\/keplerstd-cnsubh.ufo\/glyphs\/L_slash.sc.glif":"\/keplerstd-cnsubh.ufo\/glyphs\/L_slash.sc.glif","\/keplerstd-cnsubh.ufo\/glyphs\/M_.glif":"\/keplerstd-cnsubh.ufo\/glyphs\/M_.glif","\/keplerstd-cnsubh.ufo\/glyphs\/M_.sc.glif":"\/keplerstd-cnsubh.ufo\/glyphs\/M_.sc.glif","\/keplerstd-cnsubh.ufo\/glyphs\/N_.glif":"\/keplerstd-cnsubh.ufo\/glyphs\/N_.glif","\/keplerstd-cnsubh.ufo\/glyphs\/N_.sc.glif":"\/keplerstd-cnsubh.ufo\/glyphs\/N_.sc.glif","\/keplerstd-cnsubh.ufo\/glyphs\/N_tilde.glif":"\/keplerstd-cnsubh.ufo\/glyphs\/N_tilde.glif","\/keplerstd-cnsubh.ufo\/glyphs\/N_tilde.sc.glif":"\/keplerstd-cnsubh.ufo\/glyphs\/N_tilde.sc.glif","\/keplerstd-cnsubh.ufo\/glyphs\/O_.glif":"\/keplerstd-cnsubh.ufo\/glyphs\/O_.glif","\/keplerstd-cnsubh.ufo\/glyphs\/O_.sc.glif":"\/keplerstd-cnsubh.ufo\/glyphs\/O_.sc.glif","\/keplerstd-cnsubh.ufo\/glyphs\/O_E_.glif":"\/keplerstd-cnsubh.ufo\/glyphs\/O_E_.glif","\/keplerstd-cnsubh.ufo\/glyphs\/O_E_.sc.glif":"\/keplerstd-cnsubh.ufo\/glyphs\/O_E_.sc.glif","\/keplerstd-cnsubh.ufo\/glyphs\/O_acute.glif":"\/keplerstd-cnsubh.ufo\/glyphs\/O_acute.glif","\/keplerstd-cnsubh.ufo\/glyphs\/O_acute.sc.glif":"\/keplerstd-cnsubh.ufo\/glyphs\/O_acute.sc.glif","\/keplerstd-cnsubh.ufo\/glyphs\/O_circumflex.glif":"\/keplerstd-cnsubh.ufo\/glyphs\/O_circumflex.glif","\/keplerstd-cnsubh.ufo\/glyphs\/O_circumflex.sc.glif":"\/keplerstd-cnsubh.ufo\/glyphs\/O_circumflex.sc.glif","\/keplerstd-cnsubh.ufo\/glyphs\/O_dieresis.glif":"\/keplerstd-cnsubh.ufo\/glyphs\/O_dieresis.glif","\/keplerstd-cnsubh.ufo\/glyphs\/O_dieresis.sc.glif":"\/keplerstd-cnsubh.ufo\/glyphs\/O_dieresis.sc.glif","\/keplerstd-cnsubh.ufo\/glyphs\/O_grave.glif":"\/keplerstd-cnsubh.ufo\/glyphs\/O_grave.glif","\/keplerstd-cnsubh.ufo\/glyphs\/O_grave.sc.glif":"\/keplerstd-cnsubh.ufo\/glyphs\/O_grave.sc.glif","\/keplerstd-cnsubh.ufo\/glyphs\/O_mega.glif":"\/keplerstd-cnsubh.ufo\/glyphs\/O_mega.glif","\/keplerstd-cnsubh.ufo\/glyphs\/O_slash.glif":"\/keplerstd-cnsubh.ufo\/glyphs\/O_slash.glif","\/keplerstd-cnsubh.ufo\/glyphs\/O_slash.sc.glif":"\/keplerstd-cnsubh.ufo\/glyphs\/O_slash.sc.glif","\/keplerstd-cnsubh.ufo\/glyphs\/O_tilde.glif":"\/keplerstd-cnsubh.ufo\/glyphs\/O_tilde.glif","\/keplerstd-cnsubh.ufo\/glyphs\/O_tilde.sc.glif":"\/keplerstd-cnsubh.ufo\/glyphs\/O_tilde.sc.glif","\/keplerstd-cnsubh.ufo\/glyphs\/P_.glif":"\/keplerstd-cnsubh.ufo\/glyphs\/P_.glif","\/keplerstd-cnsubh.ufo\/glyphs\/P_.sc.glif":"\/keplerstd-cnsubh.ufo\/glyphs\/P_.sc.glif","\/keplerstd-cnsubh.ufo\/glyphs\/Q_.alt.glif":"\/keplerstd-cnsubh.ufo\/glyphs\/Q_.alt.glif","\/keplerstd-cnsubh.ufo\/glyphs\/Q_.glif":"\/keplerstd-cnsubh.ufo\/glyphs\/Q_.glif","\/keplerstd-cnsubh.ufo\/glyphs\/Q_.sc.glif":"\/keplerstd-cnsubh.ufo\/glyphs\/Q_.sc.glif","\/keplerstd-cnsubh.ufo\/glyphs\/Q_.scalt.glif":"\/keplerstd-cnsubh.ufo\/glyphs\/Q_.scalt.glif","\/keplerstd-cnsubh.ufo\/glyphs\/R_.glif":"\/keplerstd-cnsubh.ufo\/glyphs\/R_.glif","\/keplerstd-cnsubh.ufo\/glyphs\/R_.sc.glif":"\/keplerstd-cnsubh.ufo\/glyphs\/R_.sc.glif","\/keplerstd-cnsubh.ufo\/glyphs\/R__p.glif":"\/keplerstd-cnsubh.ufo\/glyphs\/R__p.glif","\/keplerstd-cnsubh.ufo\/glyphs\/S_.glif":"\/keplerstd-cnsubh.ufo\/glyphs\/S_.glif","\/keplerstd-cnsubh.ufo\/glyphs\/S_.sc.glif":"\/keplerstd-cnsubh.ufo\/glyphs\/S_.sc.glif","\/keplerstd-cnsubh.ufo\/glyphs\/S_caron.glif":"\/keplerstd-cnsubh.ufo\/glyphs\/S_caron.glif","\/keplerstd-cnsubh.ufo\/glyphs\/S_caron.sc.glif":"\/keplerstd-cnsubh.ufo\/glyphs\/S_caron.sc.glif","\/keplerstd-cnsubh.ufo\/glyphs\/T_.glif":"\/keplerstd-cnsubh.ufo\/glyphs\/T_.glif","\/keplerstd-cnsubh.ufo\/glyphs\/T_.sc.glif":"\/keplerstd-cnsubh.ufo\/glyphs\/T_.sc.glif","\/keplerstd-cnsubh.ufo\/glyphs\/T__h.glif":"\/keplerstd-cnsubh.ufo\/glyphs\/T__h.glif","\/keplerstd-cnsubh.ufo\/glyphs\/T_horn.glif":"\/keplerstd-cnsubh.ufo\/glyphs\/T_horn.glif","\/keplerstd-cnsubh.ufo\/glyphs\/T_horn.sc.glif":"\/keplerstd-cnsubh.ufo\/glyphs\/T_horn.sc.glif","\/keplerstd-cnsubh.ufo\/glyphs\/U_.glif":"\/keplerstd-cnsubh.ufo\/glyphs\/U_.glif","\/keplerstd-cnsubh.ufo\/glyphs\/U_.sc.glif":"\/keplerstd-cnsubh.ufo\/glyphs\/U_.sc.glif","\/keplerstd-cnsubh.ufo\/glyphs\/U_acute.glif":"\/keplerstd-cnsubh.ufo\/glyphs\/U_acute.glif","\/keplerstd-cnsubh.ufo\/glyphs\/U_acute.sc.glif":"\/keplerstd-cnsubh.ufo\/glyphs\/U_acute.sc.glif","\/keplerstd-cnsubh.ufo\/glyphs\/U_circumflex.glif":"\/keplerstd-cnsubh.ufo\/glyphs\/U_circumflex.glif","\/keplerstd-cnsubh.ufo\/glyphs\/U_circumflex.sc.glif":"\/keplerstd-cnsubh.ufo\/glyphs\/U_circumflex.sc.glif","\/keplerstd-cnsubh.ufo\/glyphs\/U_dieresis.glif":"\/keplerstd-cnsubh.ufo\/glyphs\/U_dieresis.glif","\/keplerstd-cnsubh.ufo\/glyphs\/U_dieresis.sc.glif":"\/keplerstd-cnsubh.ufo\/glyphs\/U_dieresis.sc.glif","\/keplerstd-cnsubh.ufo\/glyphs\/U_grave.glif":"\/keplerstd-cnsubh.ufo\/glyphs\/U_grave.glif","\/keplerstd-cnsubh.ufo\/glyphs\/U_grave.sc.glif":"\/keplerstd-cnsubh.ufo\/glyphs\/U_grave.sc.glif","\/keplerstd-cnsubh.ufo\/glyphs\/V_.glif":"\/keplerstd-cnsubh.ufo\/glyphs\/V_.glif","\/keplerstd-cnsubh.ufo\/glyphs\/V_.sc.glif":"\/keplerstd-cnsubh.ufo\/glyphs\/V_.sc.glif","\/keplerstd-cnsubh.ufo\/glyphs\/W_.glif":"\/keplerstd-cnsubh.ufo\/glyphs\/W_.glif","\/keplerstd-cnsubh.ufo\/glyphs\/W_.sc.glif":"\/keplerstd-cnsubh.ufo\/glyphs\/W_.sc.glif","\/keplerstd-cnsubh.ufo\/glyphs\/X_.glif":"\/keplerstd-cnsubh.ufo\/glyphs\/X_.glif","\/keplerstd-cnsubh.ufo\/glyphs\/X_.sc.glif":"\/keplerstd-cnsubh.ufo\/glyphs\/X_.sc.glif","\/keplerstd-cnsubh.ufo\/glyphs\/Y_.glif":"\/keplerstd-cnsubh.ufo\/glyphs\/Y_.glif","\/keplerstd-cnsubh.ufo\/glyphs\/Y_.sc.glif":"\/keplerstd-cnsubh.ufo\/glyphs\/Y_.sc.glif","\/keplerstd-cnsubh.ufo\/glyphs\/Y_acute.glif":"\/keplerstd-cnsubh.ufo\/glyphs\/Y_acute.glif","\/keplerstd-cnsubh.ufo\/glyphs\/Y_acute.sc.glif":"\/keplerstd-cnsubh.ufo\/glyphs\/Y_acute.sc.glif","\/keplerstd-cnsubh.ufo\/glyphs\/Y_dieresis.glif":"\/keplerstd-cnsubh.ufo\/glyphs\/Y_dieresis.glif","\/keplerstd-cnsubh.ufo\/glyphs\/Y_dieresis.sc.glif":"\/keplerstd-cnsubh.ufo\/glyphs\/Y_dieresis.sc.glif","\/keplerstd-cnsubh.ufo\/glyphs\/Z_.glif":"\/keplerstd-cnsubh.ufo\/glyphs\/Z_.glif","\/keplerstd-cnsubh.ufo\/glyphs\/Z_.sc.glif":"\/keplerstd-cnsubh.ufo\/glyphs\/Z_.sc.glif","\/keplerstd-cnsubh.ufo\/glyphs\/Z_caron.glif":"\/keplerstd-cnsubh.ufo\/glyphs\/Z_caron.glif","\/keplerstd-cnsubh.ufo\/glyphs\/Z_caron.sc.glif":"\/keplerstd-cnsubh.ufo\/glyphs\/Z_caron.sc.glif","\/keplerstd-cnsubh.ufo\/glyphs\/_notdef.glif":"\/keplerstd-cnsubh.ufo\/glyphs\/_notdef.glif","\/keplerstd-cnsubh.ufo\/glyphs\/a.glif":"\/keplerstd-cnsubh.ufo\/glyphs\/a.glif","\/keplerstd-cnsubh.ufo\/glyphs\/a.sc.glif":"\/keplerstd-cnsubh.ufo\/glyphs\/a.sc.glif","\/keplerstd-cnsubh.ufo\/glyphs\/a.superior.glif":"\/keplerstd-cnsubh.ufo\/glyphs\/a.superior.glif","\/keplerstd-cnsubh.ufo\/glyphs\/aacute.glif":"\/keplerstd-cnsubh.ufo\/glyphs\/aacute.glif","\/keplerstd-cnsubh.ufo\/glyphs\/aacute.sc.glif":"\/keplerstd-cnsubh.ufo\/glyphs\/aacute.sc.glif","\/keplerstd-cnsubh.ufo\/glyphs\/acircumflex.glif":"\/keplerstd-cnsubh.ufo\/glyphs\/acircumflex.glif","\/keplerstd-cnsubh.ufo\/glyphs\/acircumflex.sc.glif":"\/keplerstd-cnsubh.ufo\/glyphs\/acircumflex.sc.glif","\/keplerstd-cnsubh.ufo\/glyphs\/acute.cap.glif":"\/keplerstd-cnsubh.ufo\/glyphs\/acute.cap.glif","\/keplerstd-cnsubh.ufo\/glyphs\/acute.glif":"\/keplerstd-cnsubh.ufo\/glyphs\/acute.glif","\/keplerstd-cnsubh.ufo\/glyphs\/acute.sc.glif":"\/keplerstd-cnsubh.ufo\/glyphs\/acute.sc.glif","\/keplerstd-cnsubh.ufo\/glyphs\/adieresis.glif":"\/keplerstd-cnsubh.ufo\/glyphs\/adieresis.glif","\/keplerstd-cnsubh.ufo\/glyphs\/adieresis.sc.glif":"\/keplerstd-cnsubh.ufo\/glyphs\/adieresis.sc.glif","\/keplerstd-cnsubh.ufo\/glyphs\/ae.glif":"\/keplerstd-cnsubh.ufo\/glyphs\/ae.glif","\/keplerstd-cnsubh.ufo\/glyphs\/ae.sc.glif":"\/keplerstd-cnsubh.ufo\/glyphs\/ae.sc.glif","\/keplerstd-cnsubh.ufo\/glyphs\/agrave.glif":"\/keplerstd-cnsubh.ufo\/glyphs\/agrave.glif","\/keplerstd-cnsubh.ufo\/glyphs\/agrave.sc.glif":"\/keplerstd-cnsubh.ufo\/glyphs\/agrave.sc.glif","\/keplerstd-cnsubh.ufo\/glyphs\/ampersand.glif":"\/keplerstd-cnsubh.ufo\/glyphs\/ampersand.glif","\/keplerstd-cnsubh.ufo\/glyphs\/ampersand.sc.glif":"\/keplerstd-cnsubh.ufo\/glyphs\/ampersand.sc.glif","\/keplerstd-cnsubh.ufo\/glyphs\/approxequal.glif":"\/keplerstd-cnsubh.ufo\/glyphs\/approxequal.glif","\/keplerstd-cnsubh.ufo\/glyphs\/aring.glif":"\/keplerstd-cnsubh.ufo\/glyphs\/aring.glif","\/keplerstd-cnsubh.ufo\/glyphs\/aring.sc.glif":"\/keplerstd-cnsubh.ufo\/glyphs\/aring.sc.glif","\/keplerstd-cnsubh.ufo\/glyphs\/asciicircum.glif":"\/keplerstd-cnsubh.ufo\/glyphs\/asciicircum.glif","\/keplerstd-cnsubh.ufo\/glyphs\/asciitilde.glif":"\/keplerstd-cnsubh.ufo\/glyphs\/asciitilde.glif","\/keplerstd-cnsubh.ufo\/glyphs\/asterisk.glif":"\/keplerstd-cnsubh.ufo\/glyphs\/asterisk.glif","\/keplerstd-cnsubh.ufo\/glyphs\/at.cap.glif":"\/keplerstd-cnsubh.ufo\/glyphs\/at.cap.glif","\/keplerstd-cnsubh.ufo\/glyphs\/at.glif":"\/keplerstd-cnsubh.ufo\/glyphs\/at.glif","\/keplerstd-cnsubh.ufo\/glyphs\/atilde.glif":"\/keplerstd-cnsubh.ufo\/glyphs\/atilde.glif","\/keplerstd-cnsubh.ufo\/glyphs\/atilde.sc.glif":"\/keplerstd-cnsubh.ufo\/glyphs\/atilde.sc.glif","\/keplerstd-cnsubh.ufo\/glyphs\/b.glif":"\/keplerstd-cnsubh.ufo\/glyphs\/b.glif","\/keplerstd-cnsubh.ufo\/glyphs\/b.sc.glif":"\/keplerstd-cnsubh.ufo\/glyphs\/b.sc.glif","\/keplerstd-cnsubh.ufo\/glyphs\/b.superior.glif":"\/keplerstd-cnsubh.ufo\/glyphs\/b.superior.glif","\/keplerstd-cnsubh.ufo\/glyphs\/backslash.glif":"\/keplerstd-cnsubh.ufo\/glyphs\/backslash.glif","\/keplerstd-cnsubh.ufo\/glyphs\/bar.glif":"\/keplerstd-cnsubh.ufo\/glyphs\/bar.glif","\/keplerstd-cnsubh.ufo\/glyphs\/braceleft.cap.glif":"\/keplerstd-cnsubh.ufo\/glyphs\/braceleft.cap.glif","\/keplerstd-cnsubh.ufo\/glyphs\/braceleft.glif":"\/keplerstd-cnsubh.ufo\/glyphs\/braceleft.glif","\/keplerstd-cnsubh.ufo\/glyphs\/braceright.cap.glif":"\/keplerstd-cnsubh.ufo\/glyphs\/braceright.cap.glif","\/keplerstd-cnsubh.ufo\/glyphs\/braceright.glif":"\/keplerstd-cnsubh.ufo\/glyphs\/braceright.glif","\/keplerstd-cnsubh.ufo\/glyphs\/bracketleft.cap.glif":"\/keplerstd-cnsubh.ufo\/glyphs\/bracketleft.cap.glif","\/keplerstd-cnsubh.ufo\/glyphs\/bracketleft.glif":"\/keplerstd-cnsubh.ufo\/glyphs\/bracketleft.glif","\/keplerstd-cnsubh.ufo\/glyphs\/bracketright.cap.glif":"\/keplerstd-cnsubh.ufo\/glyphs\/bracketright.cap.glif","\/keplerstd-cnsubh.ufo\/glyphs\/bracketright.glif":"\/keplerstd-cnsubh.ufo\/glyphs\/bracketright.glif","\/keplerstd-cnsubh.ufo\/glyphs\/breve.cap.glif":"\/keplerstd-cnsubh.ufo\/glyphs\/breve.cap.glif","\/keplerstd-cnsubh.ufo\/glyphs\/breve.glif":"\/keplerstd-cnsubh.ufo\/glyphs\/breve.glif","\/keplerstd-cnsubh.ufo\/glyphs\/breve.sc.glif":"\/keplerstd-cnsubh.ufo\/glyphs\/breve.sc.glif","\/keplerstd-cnsubh.ufo\/glyphs\/brokenbar.glif":"\/keplerstd-cnsubh.ufo\/glyphs\/brokenbar.glif","\/keplerstd-cnsubh.ufo\/glyphs\/bullet.001.glif":"\/keplerstd-cnsubh.ufo\/glyphs\/bullet.001.glif","\/keplerstd-cnsubh.ufo\/glyphs\/bullet.002.glif":"\/keplerstd-cnsubh.ufo\/glyphs\/bullet.002.glif","\/keplerstd-cnsubh.ufo\/glyphs\/bullet.003.glif":"\/keplerstd-cnsubh.ufo\/glyphs\/bullet.003.glif","\/keplerstd-cnsubh.ufo\/glyphs\/bullet.004.glif":"\/keplerstd-cnsubh.ufo\/glyphs\/bullet.004.glif","\/keplerstd-cnsubh.ufo\/glyphs\/bullet.005.glif":"\/keplerstd-cnsubh.ufo\/glyphs\/bullet.005.glif","\/keplerstd-cnsubh.ufo\/glyphs\/bullet.006.glif":"\/keplerstd-cnsubh.ufo\/glyphs\/bullet.006.glif","\/keplerstd-cnsubh.ufo\/glyphs\/bullet.007.glif":"\/keplerstd-cnsubh.ufo\/glyphs\/bullet.007.glif","\/keplerstd-cnsubh.ufo\/glyphs\/bullet.008.glif":"\/keplerstd-cnsubh.ufo\/glyphs\/bullet.008.glif","\/keplerstd-cnsubh.ufo\/glyphs\/bullet.009.glif":"\/keplerstd-cnsubh.ufo\/glyphs\/bullet.009.glif","\/keplerstd-cnsubh.ufo\/glyphs\/bullet.010.glif":"\/keplerstd-cnsubh.ufo\/glyphs\/bullet.010.glif","\/keplerstd-cnsubh.ufo\/glyphs\/bullet.011.glif":"\/keplerstd-cnsubh.ufo\/glyphs\/bullet.011.glif","\/keplerstd-cnsubh.ufo\/glyphs\/bullet.012.glif":"\/keplerstd-cnsubh.ufo\/glyphs\/bullet.012.glif","\/keplerstd-cnsubh.ufo\/glyphs\/bullet.013.glif":"\/keplerstd-cnsubh.ufo\/glyphs\/bullet.013.glif","\/keplerstd-cnsubh.ufo\/glyphs\/bullet.014.glif":"\/keplerstd-cnsubh.ufo\/glyphs\/bullet.014.glif","\/keplerstd-cnsubh.ufo\/glyphs\/bullet.015.glif":"\/keplerstd-cnsubh.ufo\/glyphs\/bullet.015.glif","\/keplerstd-cnsubh.ufo\/glyphs\/bullet.016.glif":"\/keplerstd-cnsubh.ufo\/glyphs\/bullet.016.glif","\/keplerstd-cnsubh.ufo\/glyphs\/bullet.017.glif":"\/keplerstd-cnsubh.ufo\/glyphs\/bullet.017.glif","\/keplerstd-cnsubh.ufo\/glyphs\/bullet.018.glif":"\/keplerstd-cnsubh.ufo\/glyphs\/bullet.018.glif","\/keplerstd-cnsubh.ufo\/glyphs\/bullet.019.glif":"\/keplerstd-cnsubh.ufo\/glyphs\/bullet.019.glif","\/keplerstd-cnsubh.ufo\/glyphs\/bullet.020.glif":"\/keplerstd-cnsubh.ufo\/glyphs\/bullet.020.glif","\/keplerstd-cnsubh.ufo\/glyphs\/bullet.021.glif":"\/keplerstd-cnsubh.ufo\/glyphs\/bullet.021.glif","\/keplerstd-cnsubh.ufo\/glyphs\/bullet.022.glif":"\/keplerstd-cnsubh.ufo\/glyphs\/bullet.022.glif","\/keplerstd-cnsubh.ufo\/glyphs\/bullet.023.glif":"\/keplerstd-cnsubh.ufo\/glyphs\/bullet.023.glif","\/keplerstd-cnsubh.ufo\/glyphs\/bullet.024.glif":"\/keplerstd-cnsubh.ufo\/glyphs\/bullet.024.glif","\/keplerstd-cnsubh.ufo\/glyphs\/bullet.025.glif":"\/keplerstd-cnsubh.ufo\/glyphs\/bullet.025.glif","\/keplerstd-cnsubh.ufo\/glyphs\/bullet.026.glif":"\/keplerstd-cnsubh.ufo\/glyphs\/bullet.026.glif","\/keplerstd-cnsubh.ufo\/glyphs\/bullet.027.glif":"\/keplerstd-cnsubh.ufo\/glyphs\/bullet.027.glif","\/keplerstd-cnsubh.ufo\/glyphs\/bullet.028.glif":"\/keplerstd-cnsubh.ufo\/glyphs\/bullet.028.glif","\/keplerstd-cnsubh.ufo\/glyphs\/bullet.029.glif":"\/keplerstd-cnsubh.ufo\/glyphs\/bullet.029.glif","\/keplerstd-cnsubh.ufo\/glyphs\/bullet.030.glif":"\/keplerstd-cnsubh.ufo\/glyphs\/bullet.030.glif","\/keplerstd-cnsubh.ufo\/glyphs\/bullet.031.glif":"\/keplerstd-cnsubh.ufo\/glyphs\/bullet.031.glif","\/keplerstd-cnsubh.ufo\/glyphs\/bullet.032.glif":"\/keplerstd-cnsubh.ufo\/glyphs\/bullet.032.glif","\/keplerstd-cnsubh.ufo\/glyphs\/bullet.033.glif":"\/keplerstd-cnsubh.ufo\/glyphs\/bullet.033.glif","\/keplerstd-cnsubh.ufo\/glyphs\/bullet.034.glif":"\/keplerstd-cnsubh.ufo\/glyphs\/bullet.034.glif","\/keplerstd-cnsubh.ufo\/glyphs\/bullet.035.glif":"\/keplerstd-cnsubh.ufo\/glyphs\/bullet.035.glif","\/keplerstd-cnsubh.ufo\/glyphs\/bullet.036.glif":"\/keplerstd-cnsubh.ufo\/glyphs\/bullet.036.glif","\/keplerstd-cnsubh.ufo\/glyphs\/bullet.037.glif":"\/keplerstd-cnsubh.ufo\/glyphs\/bullet.037.glif","\/keplerstd-cnsubh.ufo\/glyphs\/bullet.038.glif":"\/keplerstd-cnsubh.ufo\/glyphs\/bullet.038.glif","\/keplerstd-cnsubh.ufo\/glyphs\/bullet.039.glif":"\/keplerstd-cnsubh.ufo\/glyphs\/bullet.039.glif","\/keplerstd-cnsubh.ufo\/glyphs\/bullet.040.glif":"\/keplerstd-cnsubh.ufo\/glyphs\/bullet.040.glif","\/keplerstd-cnsubh.ufo\/glyphs\/bullet.041.glif":"\/keplerstd-cnsubh.ufo\/glyphs\/bullet.041.glif","\/keplerstd-cnsubh.ufo\/glyphs\/bullet.042.glif":"\/keplerstd-cnsubh.ufo\/glyphs\/bullet.042.glif","\/keplerstd-cnsubh.ufo\/glyphs\/bullet.043.glif":"\/keplerstd-cnsubh.ufo\/glyphs\/bullet.043.glif","\/keplerstd-cnsubh.ufo\/glyphs\/bullet.044.glif":"\/keplerstd-cnsubh.ufo\/glyphs\/bullet.044.glif","\/keplerstd-cnsubh.ufo\/glyphs\/bullet.045.glif":"\/keplerstd-cnsubh.ufo\/glyphs\/bullet.045.glif","\/keplerstd-cnsubh.ufo\/glyphs\/bullet.046.glif":"\/keplerstd-cnsubh.ufo\/glyphs\/bullet.046.glif","\/keplerstd-cnsubh.ufo\/glyphs\/bullet.047.glif":"\/keplerstd-cnsubh.ufo\/glyphs\/bullet.047.glif","\/keplerstd-cnsubh.ufo\/glyphs\/bullet.048.glif":"\/keplerstd-cnsubh.ufo\/glyphs\/bullet.048.glif","\/keplerstd-cnsubh.ufo\/glyphs\/bullet.049.glif":"\/keplerstd-cnsubh.ufo\/glyphs\/bullet.049.glif","\/keplerstd-cnsubh.ufo\/glyphs\/bullet.050.glif":"\/keplerstd-cnsubh.ufo\/glyphs\/bullet.050.glif","\/keplerstd-cnsubh.ufo\/glyphs\/bullet.051.glif":"\/keplerstd-cnsubh.ufo\/glyphs\/bullet.051.glif","\/keplerstd-cnsubh.ufo\/glyphs\/bullet.052.glif":"\/keplerstd-cnsubh.ufo\/glyphs\/bullet.052.glif","\/keplerstd-cnsubh.ufo\/glyphs\/bullet.053.glif":"\/keplerstd-cnsubh.ufo\/glyphs\/bullet.053.glif","\/keplerstd-cnsubh.ufo\/glyphs\/bullet.054.glif":"\/keplerstd-cnsubh.ufo\/glyphs\/bullet.054.glif","\/keplerstd-cnsubh.ufo\/glyphs\/bullet.055.glif":"\/keplerstd-cnsubh.ufo\/glyphs\/bullet.055.glif","\/keplerstd-cnsubh.ufo\/glyphs\/bullet.056.glif":"\/keplerstd-cnsubh.ufo\/glyphs\/bullet.056.glif","\/keplerstd-cnsubh.ufo\/glyphs\/bullet.057.glif":"\/keplerstd-cnsubh.ufo\/glyphs\/bullet.057.glif","\/keplerstd-cnsubh.ufo\/glyphs\/bullet.058.glif":"\/keplerstd-cnsubh.ufo\/glyphs\/bullet.058.glif","\/keplerstd-cnsubh.ufo\/glyphs\/bullet.059.glif":"\/keplerstd-cnsubh.ufo\/glyphs\/bullet.059.glif","\/keplerstd-cnsubh.ufo\/glyphs\/bullet.060.glif":"\/keplerstd-cnsubh.ufo\/glyphs\/bullet.060.glif","\/keplerstd-cnsubh.ufo\/glyphs\/bullet.061.glif":"\/keplerstd-cnsubh.ufo\/glyphs\/bullet.061.glif","\/keplerstd-cnsubh.ufo\/glyphs\/bullet.062.glif":"\/keplerstd-cnsubh.ufo\/glyphs\/bullet.062.glif","\/keplerstd-cnsubh.ufo\/glyphs\/bullet.063.glif":"\/keplerstd-cnsubh.ufo\/glyphs\/bullet.063.glif","\/keplerstd-cnsubh.ufo\/glyphs\/bullet.064.glif":"\/keplerstd-cnsubh.ufo\/glyphs\/bullet.064.glif","\/keplerstd-cnsubh.ufo\/glyphs\/bullet.065.glif":"\/keplerstd-cnsubh.ufo\/glyphs\/bullet.065.glif","\/keplerstd-cnsubh.ufo\/glyphs\/bullet.066.glif":"\/keplerstd-cnsubh.ufo\/glyphs\/bullet.066.glif","\/keplerstd-cnsubh.ufo\/glyphs\/bullet.067.glif":"\/keplerstd-cnsubh.ufo\/glyphs\/bullet.067.glif","\/keplerstd-cnsubh.ufo\/glyphs\/bullet.068.glif":"\/keplerstd-cnsubh.ufo\/glyphs\/bullet.068.glif","\/keplerstd-cnsubh.ufo\/glyphs\/bullet.069.glif":"\/keplerstd-cnsubh.ufo\/glyphs\/bullet.069.glif","\/keplerstd-cnsubh.ufo\/glyphs\/bullet.070.glif":"\/keplerstd-cnsubh.ufo\/glyphs\/bullet.070.glif","\/keplerstd-cnsubh.ufo\/glyphs\/bullet.071.glif":"\/keplerstd-cnsubh.ufo\/glyphs\/bullet.071.glif","\/keplerstd-cnsubh.ufo\/glyphs\/bullet.072.glif":"\/keplerstd-cnsubh.ufo\/glyphs\/bullet.072.glif","\/keplerstd-cnsubh.ufo\/glyphs\/bullet.073.glif":"\/keplerstd-cnsubh.ufo\/glyphs\/bullet.073.glif","\/keplerstd-cnsubh.ufo\/glyphs\/bullet.074.glif":"\/keplerstd-cnsubh.ufo\/glyphs\/bullet.074.glif","\/keplerstd-cnsubh.ufo\/glyphs\/bullet.075.glif":"\/keplerstd-cnsubh.ufo\/glyphs\/bullet.075.glif","\/keplerstd-cnsubh.ufo\/glyphs\/bullet.076.glif":"\/keplerstd-cnsubh.ufo\/glyphs\/bullet.076.glif","\/keplerstd-cnsubh.ufo\/glyphs\/bullet.077.glif":"\/keplerstd-cnsubh.ufo\/glyphs\/bullet.077.glif","\/keplerstd-cnsubh.ufo\/glyphs\/bullet.078.glif":"\/keplerstd-cnsubh.ufo\/glyphs\/bullet.078.glif","\/keplerstd-cnsubh.ufo\/glyphs\/bullet.079.glif":"\/keplerstd-cnsubh.ufo\/glyphs\/bullet.079.glif","\/keplerstd-cnsubh.ufo\/glyphs\/bullet.080.glif":"\/keplerstd-cnsubh.ufo\/glyphs\/bullet.080.glif","\/keplerstd-cnsubh.ufo\/glyphs\/bullet.081.glif":"\/keplerstd-cnsubh.ufo\/glyphs\/bullet.081.glif","\/keplerstd-cnsubh.ufo\/glyphs\/bullet.082.glif":"\/keplerstd-cnsubh.ufo\/glyphs\/bullet.082.glif","\/keplerstd-cnsubh.ufo\/glyphs\/bullet.083.glif":"\/keplerstd-cnsubh.ufo\/glyphs\/bullet.083.glif","\/keplerstd-cnsubh.ufo\/glyphs\/bullet.084.glif":"\/keplerstd-cnsubh.ufo\/glyphs\/bullet.084.glif","\/keplerstd-cnsubh.ufo\/glyphs\/bullet.085.glif":"\/keplerstd-cnsubh.ufo\/glyphs\/bullet.085.glif","\/keplerstd-cnsubh.ufo\/glyphs\/bullet.086.glif":"\/keplerstd-cnsubh.ufo\/glyphs\/bullet.086.glif","\/keplerstd-cnsubh.ufo\/glyphs\/bullet.087.glif":"\/keplerstd-cnsubh.ufo\/glyphs\/bullet.087.glif","\/keplerstd-cnsubh.ufo\/glyphs\/bullet.088.glif":"\/keplerstd-cnsubh.ufo\/glyphs\/bullet.088.glif","\/keplerstd-cnsubh.ufo\/glyphs\/bullet.089.glif":"\/keplerstd-cnsubh.ufo\/glyphs\/bullet.089.glif","\/keplerstd-cnsubh.ufo\/glyphs\/bullet.090.glif":"\/keplerstd-cnsubh.ufo\/glyphs\/bullet.090.glif","\/keplerstd-cnsubh.ufo\/glyphs\/bullet.091.glif":"\/keplerstd-cnsubh.ufo\/glyphs\/bullet.091.glif","\/keplerstd-cnsubh.ufo\/glyphs\/bullet.092.glif":"\/keplerstd-cnsubh.ufo\/glyphs\/bullet.092.glif","\/keplerstd-cnsubh.ufo\/glyphs\/bullet.093.glif":"\/keplerstd-cnsubh.ufo\/glyphs\/bullet.093.glif","\/keplerstd-cnsubh.ufo\/glyphs\/bullet.094.glif":"\/keplerstd-cnsubh.ufo\/glyphs\/bullet.094.glif","\/keplerstd-cnsubh.ufo\/glyphs\/bullet.095.glif":"\/keplerstd-cnsubh.ufo\/glyphs\/bullet.095.glif","\/keplerstd-cnsubh.ufo\/glyphs\/bullet.096.glif":"\/keplerstd-cnsubh.ufo\/glyphs\/bullet.096.glif","\/keplerstd-cnsubh.ufo\/glyphs\/bullet.097.glif":"\/keplerstd-cnsubh.ufo\/glyphs\/bullet.097.glif","\/keplerstd-cnsubh.ufo\/glyphs\/bullet.098.glif":"\/keplerstd-cnsubh.ufo\/glyphs\/bullet.098.glif","\/keplerstd-cnsubh.ufo\/glyphs\/bullet.099.glif":"\/keplerstd-cnsubh.ufo\/glyphs\/bullet.099.glif","\/keplerstd-cnsubh.ufo\/glyphs\/bullet.100.glif":"\/keplerstd-cnsubh.ufo\/glyphs\/bullet.100.glif","\/keplerstd-cnsubh.ufo\/glyphs\/bullet.101.glif":"\/keplerstd-cnsubh.ufo\/glyphs\/bullet.101.glif","\/keplerstd-cnsubh.ufo\/glyphs\/bullet.102.glif":"\/keplerstd-cnsubh.ufo\/glyphs\/bullet.102.glif","\/keplerstd-cnsubh.ufo\/glyphs\/bullet.103.glif":"\/keplerstd-cnsubh.ufo\/glyphs\/bullet.103.glif","\/keplerstd-cnsubh.ufo\/glyphs\/bullet.104.glif":"\/keplerstd-cnsubh.ufo\/glyphs\/bullet.104.glif","\/keplerstd-cnsubh.ufo\/glyphs\/bullet.105.glif":"\/keplerstd-cnsubh.ufo\/glyphs\/bullet.105.glif","\/keplerstd-cnsubh.ufo\/glyphs\/bullet.106.glif":"\/keplerstd-cnsubh.ufo\/glyphs\/bullet.106.glif","\/keplerstd-cnsubh.ufo\/glyphs\/bullet.107.glif":"\/keplerstd-cnsubh.ufo\/glyphs\/bullet.107.glif","\/keplerstd-cnsubh.ufo\/glyphs\/bullet.108.glif":"\/keplerstd-cnsubh.ufo\/glyphs\/bullet.108.glif","\/keplerstd-cnsubh.ufo\/glyphs\/bullet.109.glif":"\/keplerstd-cnsubh.ufo\/glyphs\/bullet.109.glif","\/keplerstd-cnsubh.ufo\/glyphs\/bullet.110.glif":"\/keplerstd-cnsubh.ufo\/glyphs\/bullet.110.glif","\/keplerstd-cnsubh.ufo\/glyphs\/bullet.111.glif":"\/keplerstd-cnsubh.ufo\/glyphs\/bullet.111.glif","\/keplerstd-cnsubh.ufo\/glyphs\/bullet.112.glif":"\/keplerstd-cnsubh.ufo\/glyphs\/bullet.112.glif","\/keplerstd-cnsubh.ufo\/glyphs\/bullet.113.glif":"\/keplerstd-cnsubh.ufo\/glyphs\/bullet.113.glif","\/keplerstd-cnsubh.ufo\/glyphs\/bullet.114.glif":"\/keplerstd-cnsubh.ufo\/glyphs\/bullet.114.glif","\/keplerstd-cnsubh.ufo\/glyphs\/bullet.115.glif":"\/keplerstd-cnsubh.ufo\/glyphs\/bullet.115.glif","\/keplerstd-cnsubh.ufo\/glyphs\/bullet.116.glif":"\/keplerstd-cnsubh.ufo\/glyphs\/bullet.116.glif","\/keplerstd-cnsubh.ufo\/glyphs\/bullet.117.glif":"\/keplerstd-cnsubh.ufo\/glyphs\/bullet.117.glif","\/keplerstd-cnsubh.ufo\/glyphs\/bullet.118.glif":"\/keplerstd-cnsubh.ufo\/glyphs\/bullet.118.glif","\/keplerstd-cnsubh.ufo\/glyphs\/bullet.119.glif":"\/keplerstd-cnsubh.ufo\/glyphs\/bullet.119.glif","\/keplerstd-cnsubh.ufo\/glyphs\/bullet.120.glif":"\/keplerstd-cnsubh.ufo\/glyphs\/bullet.120.glif","\/keplerstd-cnsubh.ufo\/glyphs\/bullet.121.glif":"\/keplerstd-cnsubh.ufo\/glyphs\/bullet.121.glif","\/keplerstd-cnsubh.ufo\/glyphs\/bullet.122.glif":"\/keplerstd-cnsubh.ufo\/glyphs\/bullet.122.glif","\/keplerstd-cnsubh.ufo\/glyphs\/bullet.123.glif":"\/keplerstd-cnsubh.ufo\/glyphs\/bullet.123.glif","\/keplerstd-cnsubh.ufo\/glyphs\/bullet.124.glif":"\/keplerstd-cnsubh.ufo\/glyphs\/bullet.124.glif","\/keplerstd-cnsubh.ufo\/glyphs\/bullet.glif":"\/keplerstd-cnsubh.ufo\/glyphs\/bullet.glif","\/keplerstd-cnsubh.ufo\/glyphs\/c.glif":"\/keplerstd-cnsubh.ufo\/glyphs\/c.glif","\/keplerstd-cnsubh.ufo\/glyphs\/c.sc.glif":"\/keplerstd-cnsubh.ufo\/glyphs\/c.sc.glif","\/keplerstd-cnsubh.ufo\/glyphs\/c_t.glif":"\/keplerstd-cnsubh.ufo\/glyphs\/c_t.glif","\/keplerstd-cnsubh.ufo\/glyphs\/caron.cap.glif":"\/keplerstd-cnsubh.ufo\/glyphs\/caron.cap.glif","\/keplerstd-cnsubh.ufo\/glyphs\/caron.glif":"\/keplerstd-cnsubh.ufo\/glyphs\/caron.glif","\/keplerstd-cnsubh.ufo\/glyphs\/caron.sc.glif":"\/keplerstd-cnsubh.ufo\/glyphs\/caron.sc.glif","\/keplerstd-cnsubh.ufo\/glyphs\/ccedilla.glif":"\/keplerstd-cnsubh.ufo\/glyphs\/ccedilla.glif","\/keplerstd-cnsubh.ufo\/glyphs\/ccedilla.sc.glif":"\/keplerstd-cnsubh.ufo\/glyphs\/ccedilla.sc.glif","\/keplerstd-cnsubh.ufo\/glyphs\/cedilla.cap.glif":"\/keplerstd-cnsubh.ufo\/glyphs\/cedilla.cap.glif","\/keplerstd-cnsubh.ufo\/glyphs\/cedilla.glif":"\/keplerstd-cnsubh.ufo\/glyphs\/cedilla.glif","\/keplerstd-cnsubh.ufo\/glyphs\/cedilla.sc.glif":"\/keplerstd-cnsubh.ufo\/glyphs\/cedilla.sc.glif","\/keplerstd-cnsubh.ufo\/glyphs\/cent.denominator.glif":"\/keplerstd-cnsubh.ufo\/glyphs\/cent.denominator.glif","\/keplerstd-cnsubh.ufo\/glyphs\/cent.fitted.glif":"\/keplerstd-cnsubh.ufo\/glyphs\/cent.fitted.glif","\/keplerstd-cnsubh.ufo\/glyphs\/cent.glif":"\/keplerstd-cnsubh.ufo\/glyphs\/cent.glif","\/keplerstd-cnsubh.ufo\/glyphs\/cent.inferior.glif":"\/keplerstd-cnsubh.ufo\/glyphs\/cent.inferior.glif","\/keplerstd-cnsubh.ufo\/glyphs\/cent.numerator.glif":"\/keplerstd-cnsubh.ufo\/glyphs\/cent.numerator.glif","\/keplerstd-cnsubh.ufo\/glyphs\/cent.oldstyle.glif":"\/keplerstd-cnsubh.ufo\/glyphs\/cent.oldstyle.glif","\/keplerstd-cnsubh.ufo\/glyphs\/cent.superior.glif":"\/keplerstd-cnsubh.ufo\/glyphs\/cent.superior.glif","\/keplerstd-cnsubh.ufo\/glyphs\/cent.taboldstyle.glif":"\/keplerstd-cnsubh.ufo\/glyphs\/cent.taboldstyle.glif","\/keplerstd-cnsubh.ufo\/glyphs\/circumflex.cap.glif":"\/keplerstd-cnsubh.ufo\/glyphs\/circumflex.cap.glif","\/keplerstd-cnsubh.ufo\/glyphs\/circumflex.glif":"\/keplerstd-cnsubh.ufo\/glyphs\/circumflex.glif","\/keplerstd-cnsubh.ufo\/glyphs\/circumflex.sc.glif":"\/keplerstd-cnsubh.ufo\/glyphs\/circumflex.sc.glif","\/keplerstd-cnsubh.ufo\/glyphs\/colon.glif":"\/keplerstd-cnsubh.ufo\/glyphs\/colon.glif","\/keplerstd-cnsubh.ufo\/glyphs\/colonmonetary.glif":"\/keplerstd-cnsubh.ufo\/glyphs\/colonmonetary.glif","\/keplerstd-cnsubh.ufo\/glyphs\/colonmonetary.taboldstyle.glif":"\/keplerstd-cnsubh.ufo\/glyphs\/colonmonetary.taboldstyle.glif","\/keplerstd-cnsubh.ufo\/glyphs\/comma.denominator.glif":"\/keplerstd-cnsubh.ufo\/glyphs\/comma.denominator.glif","\/keplerstd-cnsubh.ufo\/glyphs\/comma.glif":"\/keplerstd-cnsubh.ufo\/glyphs\/comma.glif","\/keplerstd-cnsubh.ufo\/glyphs\/comma.inferior.glif":"\/keplerstd-cnsubh.ufo\/glyphs\/comma.inferior.glif","\/keplerstd-cnsubh.ufo\/glyphs\/comma.numerator.glif":"\/keplerstd-cnsubh.ufo\/glyphs\/comma.numerator.glif","\/keplerstd-cnsubh.ufo\/glyphs\/comma.superior.glif":"\/keplerstd-cnsubh.ufo\/glyphs\/comma.superior.glif","\/keplerstd-cnsubh.ufo\/glyphs\/contents.plist":"\/keplerstd-cnsubh.ufo\/glyphs\/contents.plist","\/keplerstd-cnsubh.ufo\/glyphs\/copyright.glif":"\/keplerstd-cnsubh.ufo\/glyphs\/copyright.glif","\/keplerstd-cnsubh.ufo\/glyphs\/currency.glif":"\/keplerstd-cnsubh.ufo\/glyphs\/currency.glif","\/keplerstd-cnsubh.ufo\/glyphs\/currency.taboldstyle.glif":"\/keplerstd-cnsubh.ufo\/glyphs\/currency.taboldstyle.glif","\/keplerstd-cnsubh.ufo\/glyphs\/d.glif":"\/keplerstd-cnsubh.ufo\/glyphs\/d.glif","\/keplerstd-cnsubh.ufo\/glyphs\/d.sc.glif":"\/keplerstd-cnsubh.ufo\/glyphs\/d.sc.glif","\/keplerstd-cnsubh.ufo\/glyphs\/d.superior.glif":"\/keplerstd-cnsubh.ufo\/glyphs\/d.superior.glif","\/keplerstd-cnsubh.ufo\/glyphs\/dagger.glif":"\/keplerstd-cnsubh.ufo\/glyphs\/dagger.glif","\/keplerstd-cnsubh.ufo\/glyphs\/daggerdbl.glif":"\/keplerstd-cnsubh.ufo\/glyphs\/daggerdbl.glif","\/keplerstd-cnsubh.ufo\/glyphs\/degree.glif":"\/keplerstd-cnsubh.ufo\/glyphs\/degree.glif","\/keplerstd-cnsubh.ufo\/glyphs\/dieresis.cap.glif":"\/keplerstd-cnsubh.ufo\/glyphs\/dieresis.cap.glif","\/keplerstd-cnsubh.ufo\/glyphs\/dieresis.glif":"\/keplerstd-cnsubh.ufo\/glyphs\/dieresis.glif","\/keplerstd-cnsubh.ufo\/glyphs\/dieresis.sc.glif":"\/keplerstd-cnsubh.ufo\/glyphs\/dieresis.sc.glif","\/keplerstd-cnsubh.ufo\/glyphs\/divide.glif":"\/keplerstd-cnsubh.ufo\/glyphs\/divide.glif","\/keplerstd-cnsubh.ufo\/glyphs\/dollar.denominator.glif":"\/keplerstd-cnsubh.ufo\/glyphs\/dollar.denominator.glif","\/keplerstd-cnsubh.ufo\/glyphs\/dollar.fitted.glif":"\/keplerstd-cnsubh.ufo\/glyphs\/dollar.fitted.glif","\/keplerstd-cnsubh.ufo\/glyphs\/dollar.glif":"\/keplerstd-cnsubh.ufo\/glyphs\/dollar.glif","\/keplerstd-cnsubh.ufo\/glyphs\/dollar.inferior.glif":"\/keplerstd-cnsubh.ufo\/glyphs\/dollar.inferior.glif","\/keplerstd-cnsubh.ufo\/glyphs\/dollar.numerator.glif":"\/keplerstd-cnsubh.ufo\/glyphs\/dollar.numerator.glif","\/keplerstd-cnsubh.ufo\/glyphs\/dollar.oldstyle.glif":"\/keplerstd-cnsubh.ufo\/glyphs\/dollar.oldstyle.glif","\/keplerstd-cnsubh.ufo\/glyphs\/dollar.superior.glif":"\/keplerstd-cnsubh.ufo\/glyphs\/dollar.superior.glif","\/keplerstd-cnsubh.ufo\/glyphs\/dollar.taboldstyle.glif":"\/keplerstd-cnsubh.ufo\/glyphs\/dollar.taboldstyle.glif","\/keplerstd-cnsubh.ufo\/glyphs\/dotaccent.cap.glif":"\/keplerstd-cnsubh.ufo\/glyphs\/dotaccent.cap.glif","\/keplerstd-cnsubh.ufo\/glyphs\/dotaccent.glif":"\/keplerstd-cnsubh.ufo\/glyphs\/dotaccent.glif","\/keplerstd-cnsubh.ufo\/glyphs\/dotaccent.sc.glif":"\/keplerstd-cnsubh.ufo\/glyphs\/dotaccent.sc.glif","\/keplerstd-cnsubh.ufo\/glyphs\/dotlessi.glif":"\/keplerstd-cnsubh.ufo\/glyphs\/dotlessi.glif","\/keplerstd-cnsubh.ufo\/glyphs\/dotlessi.sc.glif":"\/keplerstd-cnsubh.ufo\/glyphs\/dotlessi.sc.glif","\/keplerstd-cnsubh.ufo\/glyphs\/e.glif":"\/keplerstd-cnsubh.ufo\/glyphs\/e.glif","\/keplerstd-cnsubh.ufo\/glyphs\/e.sc.glif":"\/keplerstd-cnsubh.ufo\/glyphs\/e.sc.glif","\/keplerstd-cnsubh.ufo\/glyphs\/e.superior.glif":"\/keplerstd-cnsubh.ufo\/glyphs\/e.superior.glif","\/keplerstd-cnsubh.ufo\/glyphs\/eacute.glif":"\/keplerstd-cnsubh.ufo\/glyphs\/eacute.glif","\/keplerstd-cnsubh.ufo\/glyphs\/eacute.sc.glif":"\/keplerstd-cnsubh.ufo\/glyphs\/eacute.sc.glif","\/keplerstd-cnsubh.ufo\/glyphs\/ecircumflex.glif":"\/keplerstd-cnsubh.ufo\/glyphs\/ecircumflex.glif","\/keplerstd-cnsubh.ufo\/glyphs\/ecircumflex.sc.glif":"\/keplerstd-cnsubh.ufo\/glyphs\/ecircumflex.sc.glif","\/keplerstd-cnsubh.ufo\/glyphs\/edieresis.glif":"\/keplerstd-cnsubh.ufo\/glyphs\/edieresis.glif","\/keplerstd-cnsubh.ufo\/glyphs\/edieresis.sc.glif":"\/keplerstd-cnsubh.ufo\/glyphs\/edieresis.sc.glif","\/keplerstd-cnsubh.ufo\/glyphs\/egrave.glif":"\/keplerstd-cnsubh.ufo\/glyphs\/egrave.glif","\/keplerstd-cnsubh.ufo\/glyphs\/egrave.sc.glif":"\/keplerstd-cnsubh.ufo\/glyphs\/egrave.sc.glif","\/keplerstd-cnsubh.ufo\/glyphs\/egrave.superior.glif":"\/keplerstd-cnsubh.ufo\/glyphs\/egrave.superior.glif","\/keplerstd-cnsubh.ufo\/glyphs\/eight.denominator.glif":"\/keplerstd-cnsubh.ufo\/glyphs\/eight.denominator.glif","\/keplerstd-cnsubh.ufo\/glyphs\/eight.fitted.glif":"\/keplerstd-cnsubh.ufo\/glyphs\/eight.fitted.glif","\/keplerstd-cnsubh.ufo\/glyphs\/eight.glif":"\/keplerstd-cnsubh.ufo\/glyphs\/eight.glif","\/keplerstd-cnsubh.ufo\/glyphs\/eight.inferior.glif":"\/keplerstd-cnsubh.ufo\/glyphs\/eight.inferior.glif","\/keplerstd-cnsubh.ufo\/glyphs\/eight.numerator.glif":"\/keplerstd-cnsubh.ufo\/glyphs\/eight.numerator.glif","\/keplerstd-cnsubh.ufo\/glyphs\/eight.oldstyle.glif":"\/keplerstd-cnsubh.ufo\/glyphs\/eight.oldstyle.glif","\/keplerstd-cnsubh.ufo\/glyphs\/eight.superior.glif":"\/keplerstd-cnsubh.ufo\/glyphs\/eight.superior.glif","\/keplerstd-cnsubh.ufo\/glyphs\/eight.taboldstyle.glif":"\/keplerstd-cnsubh.ufo\/glyphs\/eight.taboldstyle.glif","\/keplerstd-cnsubh.ufo\/glyphs\/ellipsis.glif":"\/keplerstd-cnsubh.ufo\/glyphs\/ellipsis.glif","\/keplerstd-cnsubh.ufo\/glyphs\/emdash.alt.glif":"\/keplerstd-cnsubh.ufo\/glyphs\/emdash.alt.glif","\/keplerstd-cnsubh.ufo\/glyphs\/emdash.cap.glif":"\/keplerstd-cnsubh.ufo\/glyphs\/emdash.cap.glif","\/keplerstd-cnsubh.ufo\/glyphs\/emdash.glif":"\/keplerstd-cnsubh.ufo\/glyphs\/emdash.glif","\/keplerstd-cnsubh.ufo\/glyphs\/endash.cap.glif":"\/keplerstd-cnsubh.ufo\/glyphs\/endash.cap.glif","\/keplerstd-cnsubh.ufo\/glyphs\/endash.glif":"\/keplerstd-cnsubh.ufo\/glyphs\/endash.glif","\/keplerstd-cnsubh.ufo\/glyphs\/equal.glif":"\/keplerstd-cnsubh.ufo\/glyphs\/equal.glif","\/keplerstd-cnsubh.ufo\/glyphs\/estimated.glif":"\/keplerstd-cnsubh.ufo\/glyphs\/estimated.glif","\/keplerstd-cnsubh.ufo\/glyphs\/eth.glif":"\/keplerstd-cnsubh.ufo\/glyphs\/eth.glif","\/keplerstd-cnsubh.ufo\/glyphs\/eth.sc.glif":"\/keplerstd-cnsubh.ufo\/glyphs\/eth.sc.glif","\/keplerstd-cnsubh.ufo\/glyphs\/exclam.glif":"\/keplerstd-cnsubh.ufo\/glyphs\/exclam.glif","\/keplerstd-cnsubh.ufo\/glyphs\/exclam.sc.glif":"\/keplerstd-cnsubh.ufo\/glyphs\/exclam.sc.glif","\/keplerstd-cnsubh.ufo\/glyphs\/exclamdown.cap.glif":"\/keplerstd-cnsubh.ufo\/glyphs\/exclamdown.cap.glif","\/keplerstd-cnsubh.ufo\/glyphs\/exclamdown.glif":"\/keplerstd-cnsubh.ufo\/glyphs\/exclamdown.glif","\/keplerstd-cnsubh.ufo\/glyphs\/exclamdown.sc.glif":"\/keplerstd-cnsubh.ufo\/glyphs\/exclamdown.sc.glif","\/keplerstd-cnsubh.ufo\/glyphs\/f.glif":"\/keplerstd-cnsubh.ufo\/glyphs\/f.glif","\/keplerstd-cnsubh.ufo\/glyphs\/f.sc.glif":"\/keplerstd-cnsubh.ufo\/glyphs\/f.sc.glif","\/keplerstd-cnsubh.ufo\/glyphs\/f_f.glif":"\/keplerstd-cnsubh.ufo\/glyphs\/f_f.glif","\/keplerstd-cnsubh.ufo\/glyphs\/f_f_i.glif":"\/keplerstd-cnsubh.ufo\/glyphs\/f_f_i.glif","\/keplerstd-cnsubh.ufo\/glyphs\/f_f_l.glif":"\/keplerstd-cnsubh.ufo\/glyphs\/f_f_l.glif","\/keplerstd-cnsubh.ufo\/glyphs\/f_i.glif":"\/keplerstd-cnsubh.ufo\/glyphs\/f_i.glif","\/keplerstd-cnsubh.ufo\/glyphs\/f_l.glif":"\/keplerstd-cnsubh.ufo\/glyphs\/f_l.glif","\/keplerstd-cnsubh.ufo\/glyphs\/fi.glif":"\/keplerstd-cnsubh.ufo\/glyphs\/fi.glif","\/keplerstd-cnsubh.ufo\/glyphs\/fi.sc.glif":"\/keplerstd-cnsubh.ufo\/glyphs\/fi.sc.glif","\/keplerstd-cnsubh.ufo\/glyphs\/figuredash.glif":"\/keplerstd-cnsubh.ufo\/glyphs\/figuredash.glif","\/keplerstd-cnsubh.ufo\/glyphs\/five.denominator.glif":"\/keplerstd-cnsubh.ufo\/glyphs\/five.denominator.glif","\/keplerstd-cnsubh.ufo\/glyphs\/five.fitted.glif":"\/keplerstd-cnsubh.ufo\/glyphs\/five.fitted.glif","\/keplerstd-cnsubh.ufo\/glyphs\/five.glif":"\/keplerstd-cnsubh.ufo\/glyphs\/five.glif","\/keplerstd-cnsubh.ufo\/glyphs\/five.inferior.glif":"\/keplerstd-cnsubh.ufo\/glyphs\/five.inferior.glif","\/keplerstd-cnsubh.ufo\/glyphs\/five.numerator.glif":"\/keplerstd-cnsubh.ufo\/glyphs\/five.numerator.glif","\/keplerstd-cnsubh.ufo\/glyphs\/five.oldstyle.glif":"\/keplerstd-cnsubh.ufo\/glyphs\/five.oldstyle.glif","\/keplerstd-cnsubh.ufo\/glyphs\/five.superior.glif":"\/keplerstd-cnsubh.ufo\/glyphs\/five.superior.glif","\/keplerstd-cnsubh.ufo\/glyphs\/five.taboldstyle.glif":"\/keplerstd-cnsubh.ufo\/glyphs\/five.taboldstyle.glif","\/keplerstd-cnsubh.ufo\/glyphs\/fiveeighths.glif":"\/keplerstd-cnsubh.ufo\/glyphs\/fiveeighths.glif","\/keplerstd-cnsubh.ufo\/glyphs\/fl.glif":"\/keplerstd-cnsubh.ufo\/glyphs\/fl.glif","\/keplerstd-cnsubh.ufo\/glyphs\/fl.sc.glif":"\/keplerstd-cnsubh.ufo\/glyphs\/fl.sc.glif","\/keplerstd-cnsubh.ufo\/glyphs\/florin.fitted.glif":"\/keplerstd-cnsubh.ufo\/glyphs\/florin.fitted.glif","\/keplerstd-cnsubh.ufo\/glyphs\/florin.glif":"\/keplerstd-cnsubh.ufo\/glyphs\/florin.glif","\/keplerstd-cnsubh.ufo\/glyphs\/florin.oldstyle.glif":"\/keplerstd-cnsubh.ufo\/glyphs\/florin.oldstyle.glif","\/keplerstd-cnsubh.ufo\/glyphs\/florin.taboldstyle.glif":"\/keplerstd-cnsubh.ufo\/glyphs\/florin.taboldstyle.glif","\/keplerstd-cnsubh.ufo\/glyphs\/four.denominator.glif":"\/keplerstd-cnsubh.ufo\/glyphs\/four.denominator.glif","\/keplerstd-cnsubh.ufo\/glyphs\/four.fitted.glif":"\/keplerstd-cnsubh.ufo\/glyphs\/four.fitted.glif","\/keplerstd-cnsubh.ufo\/glyphs\/four.glif":"\/keplerstd-cnsubh.ufo\/glyphs\/four.glif","\/keplerstd-cnsubh.ufo\/glyphs\/four.inferior.glif":"\/keplerstd-cnsubh.ufo\/glyphs\/four.inferior.glif","\/keplerstd-cnsubh.ufo\/glyphs\/four.numerator.glif":"\/keplerstd-cnsubh.ufo\/glyphs\/four.numerator.glif","\/keplerstd-cnsubh.ufo\/glyphs\/four.oldstyle.glif":"\/keplerstd-cnsubh.ufo\/glyphs\/four.oldstyle.glif","\/keplerstd-cnsubh.ufo\/glyphs\/four.superior.glif":"\/keplerstd-cnsubh.ufo\/glyphs\/four.superior.glif","\/keplerstd-cnsubh.ufo\/glyphs\/four.taboldstyle.glif":"\/keplerstd-cnsubh.ufo\/glyphs\/four.taboldstyle.glif","\/keplerstd-cnsubh.ufo\/glyphs\/fraction.glif":"\/keplerstd-cnsubh.ufo\/glyphs\/fraction.glif","\/keplerstd-cnsubh.ufo\/glyphs\/g.glif":"\/keplerstd-cnsubh.ufo\/glyphs\/g.glif","\/keplerstd-cnsubh.ufo\/glyphs\/g.sc.glif":"\/keplerstd-cnsubh.ufo\/glyphs\/g.sc.glif","\/keplerstd-cnsubh.ufo\/glyphs\/g.superior.glif":"\/keplerstd-cnsubh.ufo\/glyphs\/g.superior.glif","\/keplerstd-cnsubh.ufo\/glyphs\/germandbls.glif":"\/keplerstd-cnsubh.ufo\/glyphs\/germandbls.glif","\/keplerstd-cnsubh.ufo\/glyphs\/germandbls.sc.glif":"\/keplerstd-cnsubh.ufo\/glyphs\/germandbls.sc.glif","\/keplerstd-cnsubh.ufo\/glyphs\/grave.cap.glif":"\/keplerstd-cnsubh.ufo\/glyphs\/grave.cap.glif","\/keplerstd-cnsubh.ufo\/glyphs\/grave.glif":"\/keplerstd-cnsubh.ufo\/glyphs\/grave.glif","\/keplerstd-cnsubh.ufo\/glyphs\/grave.sc.glif":"\/keplerstd-cnsubh.ufo\/glyphs\/grave.sc.glif","\/keplerstd-cnsubh.ufo\/glyphs\/greater.glif":"\/keplerstd-cnsubh.ufo\/glyphs\/greater.glif","\/keplerstd-cnsubh.ufo\/glyphs\/greaterequal.glif":"\/keplerstd-cnsubh.ufo\/glyphs\/greaterequal.glif","\/keplerstd-cnsubh.ufo\/glyphs\/guillemotleft.cap.glif":"\/keplerstd-cnsubh.ufo\/glyphs\/guillemotleft.cap.glif","\/keplerstd-cnsubh.ufo\/glyphs\/guillemotleft.glif":"\/keplerstd-cnsubh.ufo\/glyphs\/guillemotleft.glif","\/keplerstd-cnsubh.ufo\/glyphs\/guillemotright.cap.glif":"\/keplerstd-cnsubh.ufo\/glyphs\/guillemotright.cap.glif","\/keplerstd-cnsubh.ufo\/glyphs\/guillemotright.glif":"\/keplerstd-cnsubh.ufo\/glyphs\/guillemotright.glif","\/keplerstd-cnsubh.ufo\/glyphs\/guilsinglleft.cap.glif":"\/keplerstd-cnsubh.ufo\/glyphs\/guilsinglleft.cap.glif","\/keplerstd-cnsubh.ufo\/glyphs\/guilsinglleft.glif":"\/keplerstd-cnsubh.ufo\/glyphs\/guilsinglleft.glif","\/keplerstd-cnsubh.ufo\/glyphs\/guilsinglright.cap.glif":"\/keplerstd-cnsubh.ufo\/glyphs\/guilsinglright.cap.glif","\/keplerstd-cnsubh.ufo\/glyphs\/guilsinglright.glif":"\/keplerstd-cnsubh.ufo\/glyphs\/guilsinglright.glif","\/keplerstd-cnsubh.ufo\/glyphs\/h.glif":"\/keplerstd-cnsubh.ufo\/glyphs\/h.glif","\/keplerstd-cnsubh.ufo\/glyphs\/h.sc.glif":"\/keplerstd-cnsubh.ufo\/glyphs\/h.sc.glif","\/keplerstd-cnsubh.ufo\/glyphs\/h.superior.glif":"\/keplerstd-cnsubh.ufo\/glyphs\/h.superior.glif","\/keplerstd-cnsubh.ufo\/glyphs\/hungarumlaut.cap.glif":"\/keplerstd-cnsubh.ufo\/glyphs\/hungarumlaut.cap.glif","\/keplerstd-cnsubh.ufo\/glyphs\/hungarumlaut.glif":"\/keplerstd-cnsubh.ufo\/glyphs\/hungarumlaut.glif","\/keplerstd-cnsubh.ufo\/glyphs\/hungarumlaut.sc.glif":"\/keplerstd-cnsubh.ufo\/glyphs\/hungarumlaut.sc.glif","\/keplerstd-cnsubh.ufo\/glyphs\/hyphen.cap.glif":"\/keplerstd-cnsubh.ufo\/glyphs\/hyphen.cap.glif","\/keplerstd-cnsubh.ufo\/glyphs\/hyphen.denominator.glif":"\/keplerstd-cnsubh.ufo\/glyphs\/hyphen.denominator.glif","\/keplerstd-cnsubh.ufo\/glyphs\/hyphen.glif":"\/keplerstd-cnsubh.ufo\/glyphs\/hyphen.glif","\/keplerstd-cnsubh.ufo\/glyphs\/hyphen.inferior.glif":"\/keplerstd-cnsubh.ufo\/glyphs\/hyphen.inferior.glif","\/keplerstd-cnsubh.ufo\/glyphs\/hyphen.numerator.glif":"\/keplerstd-cnsubh.ufo\/glyphs\/hyphen.numerator.glif","\/keplerstd-cnsubh.ufo\/glyphs\/hyphen.superior.glif":"\/keplerstd-cnsubh.ufo\/glyphs\/hyphen.superior.glif","\/keplerstd-cnsubh.ufo\/glyphs\/i.glif":"\/keplerstd-cnsubh.ufo\/glyphs\/i.glif","\/keplerstd-cnsubh.ufo\/glyphs\/i.sc.glif":"\/keplerstd-cnsubh.ufo\/glyphs\/i.sc.glif","\/keplerstd-cnsubh.ufo\/glyphs\/i.superior.glif":"\/keplerstd-cnsubh.ufo\/glyphs\/i.superior.glif","\/keplerstd-cnsubh.ufo\/glyphs\/iacute.glif":"\/keplerstd-cnsubh.ufo\/glyphs\/iacute.glif","\/keplerstd-cnsubh.ufo\/glyphs\/iacute.sc.glif":"\/keplerstd-cnsubh.ufo\/glyphs\/iacute.sc.glif","\/keplerstd-cnsubh.ufo\/glyphs\/icircumflex.glif":"\/keplerstd-cnsubh.ufo\/glyphs\/icircumflex.glif","\/keplerstd-cnsubh.ufo\/glyphs\/icircumflex.sc.glif":"\/keplerstd-cnsubh.ufo\/glyphs\/icircumflex.sc.glif","\/keplerstd-cnsubh.ufo\/glyphs\/idieresis.glif":"\/keplerstd-cnsubh.ufo\/glyphs\/idieresis.glif","\/keplerstd-cnsubh.ufo\/glyphs\/idieresis.sc.glif":"\/keplerstd-cnsubh.ufo\/glyphs\/idieresis.sc.glif","\/keplerstd-cnsubh.ufo\/glyphs\/igrave.glif":"\/keplerstd-cnsubh.ufo\/glyphs\/igrave.glif","\/keplerstd-cnsubh.ufo\/glyphs\/igrave.sc.glif":"\/keplerstd-cnsubh.ufo\/glyphs\/igrave.sc.glif","\/keplerstd-cnsubh.ufo\/glyphs\/infinity.glif":"\/keplerstd-cnsubh.ufo\/glyphs\/infinity.glif","\/keplerstd-cnsubh.ufo\/glyphs\/integral.glif":"\/keplerstd-cnsubh.ufo\/glyphs\/integral.glif","\/keplerstd-cnsubh.ufo\/glyphs\/j.glif":"\/keplerstd-cnsubh.ufo\/glyphs\/j.glif","\/keplerstd-cnsubh.ufo\/glyphs\/j.sc.glif":"\/keplerstd-cnsubh.ufo\/glyphs\/j.sc.glif","\/keplerstd-cnsubh.ufo\/glyphs\/k.glif":"\/keplerstd-cnsubh.ufo\/glyphs\/k.glif","\/keplerstd-cnsubh.ufo\/glyphs\/k.sc.glif":"\/keplerstd-cnsubh.ufo\/glyphs\/k.sc.glif","\/keplerstd-cnsubh.ufo\/glyphs\/l.glif":"\/keplerstd-cnsubh.ufo\/glyphs\/l.glif","\/keplerstd-cnsubh.ufo\/glyphs\/l.sc.glif":"\/keplerstd-cnsubh.ufo\/glyphs\/l.sc.glif","\/keplerstd-cnsubh.ufo\/glyphs\/l.superior.glif":"\/keplerstd-cnsubh.ufo\/glyphs\/l.superior.glif","\/keplerstd-cnsubh.ufo\/glyphs\/less.glif":"\/keplerstd-cnsubh.ufo\/glyphs\/less.glif","\/keplerstd-cnsubh.ufo\/glyphs\/lessequal.glif":"\/keplerstd-cnsubh.ufo\/glyphs\/lessequal.glif","\/keplerstd-cnsubh.ufo\/glyphs\/logicalnot.glif":"\/keplerstd-cnsubh.ufo\/glyphs\/logicalnot.glif","\/keplerstd-cnsubh.ufo\/glyphs\/longs.glif":"\/keplerstd-cnsubh.ufo\/glyphs\/longs.glif","\/keplerstd-cnsubh.ufo\/glyphs\/lozenge.glif":"\/keplerstd-cnsubh.ufo\/glyphs\/lozenge.glif","\/keplerstd-cnsubh.ufo\/glyphs\/lslash.glif":"\/keplerstd-cnsubh.ufo\/glyphs\/lslash.glif","\/keplerstd-cnsubh.ufo\/glyphs\/lslash.sc.glif":"\/keplerstd-cnsubh.ufo\/glyphs\/lslash.sc.glif","\/keplerstd-cnsubh.ufo\/glyphs\/m.glif":"\/keplerstd-cnsubh.ufo\/glyphs\/m.glif","\/keplerstd-cnsubh.ufo\/glyphs\/m.sc.glif":"\/keplerstd-cnsubh.ufo\/glyphs\/m.sc.glif","\/keplerstd-cnsubh.ufo\/glyphs\/m.superior.glif":"\/keplerstd-cnsubh.ufo\/glyphs\/m.superior.glif","\/keplerstd-cnsubh.ufo\/glyphs\/macron.cap.glif":"\/keplerstd-cnsubh.ufo\/glyphs\/macron.cap.glif","\/keplerstd-cnsubh.ufo\/glyphs\/macron.glif":"\/keplerstd-cnsubh.ufo\/glyphs\/macron.glif","\/keplerstd-cnsubh.ufo\/glyphs\/macron.sc.glif":"\/keplerstd-cnsubh.ufo\/glyphs\/macron.sc.glif","\/keplerstd-cnsubh.ufo\/glyphs\/minus.glif":"\/keplerstd-cnsubh.ufo\/glyphs\/minus.glif","\/keplerstd-cnsubh.ufo\/glyphs\/mu.glif":"\/keplerstd-cnsubh.ufo\/glyphs\/mu.glif","\/keplerstd-cnsubh.ufo\/glyphs\/multiply.glif":"\/keplerstd-cnsubh.ufo\/glyphs\/multiply.glif","\/keplerstd-cnsubh.ufo\/glyphs\/n.glif":"\/keplerstd-cnsubh.ufo\/glyphs\/n.glif","\/keplerstd-cnsubh.ufo\/glyphs\/n.sc.glif":"\/keplerstd-cnsubh.ufo\/glyphs\/n.sc.glif","\/keplerstd-cnsubh.ufo\/glyphs\/n.superior.glif":"\/keplerstd-cnsubh.ufo\/glyphs\/n.superior.glif","\/keplerstd-cnsubh.ufo\/glyphs\/nine.denominator.glif":"\/keplerstd-cnsubh.ufo\/glyphs\/nine.denominator.glif","\/keplerstd-cnsubh.ufo\/glyphs\/nine.fitted.glif":"\/keplerstd-cnsubh.ufo\/glyphs\/nine.fitted.glif","\/keplerstd-cnsubh.ufo\/glyphs\/nine.glif":"\/keplerstd-cnsubh.ufo\/glyphs\/nine.glif","\/keplerstd-cnsubh.ufo\/glyphs\/nine.inferior.glif":"\/keplerstd-cnsubh.ufo\/glyphs\/nine.inferior.glif","\/keplerstd-cnsubh.ufo\/glyphs\/nine.numerator.glif":"\/keplerstd-cnsubh.ufo\/glyphs\/nine.numerator.glif","\/keplerstd-cnsubh.ufo\/glyphs\/nine.oldstyle.glif":"\/keplerstd-cnsubh.ufo\/glyphs\/nine.oldstyle.glif","\/keplerstd-cnsubh.ufo\/glyphs\/nine.superior.glif":"\/keplerstd-cnsubh.ufo\/glyphs\/nine.superior.glif","\/keplerstd-cnsubh.ufo\/glyphs\/nine.taboldstyle.glif":"\/keplerstd-cnsubh.ufo\/glyphs\/nine.taboldstyle.glif","\/keplerstd-cnsubh.ufo\/glyphs\/notequal.glif":"\/keplerstd-cnsubh.ufo\/glyphs\/notequal.glif","\/keplerstd-cnsubh.ufo\/glyphs\/ntilde.glif":"\/keplerstd-cnsubh.ufo\/glyphs\/ntilde.glif","\/keplerstd-cnsubh.ufo\/glyphs\/ntilde.sc.glif":"\/keplerstd-cnsubh.ufo\/glyphs\/ntilde.sc.glif","\/keplerstd-cnsubh.ufo\/glyphs\/numbersign.glif":"\/keplerstd-cnsubh.ufo\/glyphs\/numbersign.glif","\/keplerstd-cnsubh.ufo\/glyphs\/numbersign.oldstyle.glif":"\/keplerstd-cnsubh.ufo\/glyphs\/numbersign.oldstyle.glif","\/keplerstd-cnsubh.ufo\/glyphs\/numbersign.taboldstyle.glif":"\/keplerstd-cnsubh.ufo\/glyphs\/numbersign.taboldstyle.glif","\/keplerstd-cnsubh.ufo\/glyphs\/o.glif":"\/keplerstd-cnsubh.ufo\/glyphs\/o.glif","\/keplerstd-cnsubh.ufo\/glyphs\/o.sc.glif":"\/keplerstd-cnsubh.ufo\/glyphs\/o.sc.glif","\/keplerstd-cnsubh.ufo\/glyphs\/o.superior.glif":"\/keplerstd-cnsubh.ufo\/glyphs\/o.superior.glif","\/keplerstd-cnsubh.ufo\/glyphs\/oacute.glif":"\/keplerstd-cnsubh.ufo\/glyphs\/oacute.glif","\/keplerstd-cnsubh.ufo\/glyphs\/oacute.sc.glif":"\/keplerstd-cnsubh.ufo\/glyphs\/oacute.sc.glif","\/keplerstd-cnsubh.ufo\/glyphs\/ocircumflex.glif":"\/keplerstd-cnsubh.ufo\/glyphs\/ocircumflex.glif","\/keplerstd-cnsubh.ufo\/glyphs\/ocircumflex.sc.glif":"\/keplerstd-cnsubh.ufo\/glyphs\/ocircumflex.sc.glif","\/keplerstd-cnsubh.ufo\/glyphs\/odieresis.glif":"\/keplerstd-cnsubh.ufo\/glyphs\/odieresis.glif","\/keplerstd-cnsubh.ufo\/glyphs\/odieresis.sc.glif":"\/keplerstd-cnsubh.ufo\/glyphs\/odieresis.sc.glif","\/keplerstd-cnsubh.ufo\/glyphs\/oe.glif":"\/keplerstd-cnsubh.ufo\/glyphs\/oe.glif","\/keplerstd-cnsubh.ufo\/glyphs\/oe.sc.glif":"\/keplerstd-cnsubh.ufo\/glyphs\/oe.sc.glif","\/keplerstd-cnsubh.ufo\/glyphs\/ogonek.cap.glif":"\/keplerstd-cnsubh.ufo\/glyphs\/ogonek.cap.glif","\/keplerstd-cnsubh.ufo\/glyphs\/ogonek.glif":"\/keplerstd-cnsubh.ufo\/glyphs\/ogonek.glif","\/keplerstd-cnsubh.ufo\/glyphs\/ogonek.sc.glif":"\/keplerstd-cnsubh.ufo\/glyphs\/ogonek.sc.glif","\/keplerstd-cnsubh.ufo\/glyphs\/ograve.glif":"\/keplerstd-cnsubh.ufo\/glyphs\/ograve.glif","\/keplerstd-cnsubh.ufo\/glyphs\/ograve.sc.glif":"\/keplerstd-cnsubh.ufo\/glyphs\/ograve.sc.glif","\/keplerstd-cnsubh.ufo\/glyphs\/one.denominator.glif":"\/keplerstd-cnsubh.ufo\/glyphs\/one.denominator.glif","\/keplerstd-cnsubh.ufo\/glyphs\/one.fitted.glif":"\/keplerstd-cnsubh.ufo\/glyphs\/one.fitted.glif","\/keplerstd-cnsubh.ufo\/glyphs\/one.glif":"\/keplerstd-cnsubh.ufo\/glyphs\/one.glif","\/keplerstd-cnsubh.ufo\/glyphs\/one.inferior.glif":"\/keplerstd-cnsubh.ufo\/glyphs\/one.inferior.glif","\/keplerstd-cnsubh.ufo\/glyphs\/one.numerator.glif":"\/keplerstd-cnsubh.ufo\/glyphs\/one.numerator.glif","\/keplerstd-cnsubh.ufo\/glyphs\/one.oldstyle.glif":"\/keplerstd-cnsubh.ufo\/glyphs\/one.oldstyle.glif","\/keplerstd-cnsubh.ufo\/glyphs\/one.superior.glif":"\/keplerstd-cnsubh.ufo\/glyphs\/one.superior.glif","\/keplerstd-cnsubh.ufo\/glyphs\/one.taboldstyle.glif":"\/keplerstd-cnsubh.ufo\/glyphs\/one.taboldstyle.glif","\/keplerstd-cnsubh.ufo\/glyphs\/onedotenleader.glif":"\/keplerstd-cnsubh.ufo\/glyphs\/onedotenleader.glif","\/keplerstd-cnsubh.ufo\/glyphs\/oneeighth.glif":"\/keplerstd-cnsubh.ufo\/glyphs\/oneeighth.glif","\/keplerstd-cnsubh.ufo\/glyphs\/onehalf.glif":"\/keplerstd-cnsubh.ufo\/glyphs\/onehalf.glif","\/keplerstd-cnsubh.ufo\/glyphs\/onequarter.glif":"\/keplerstd-cnsubh.ufo\/glyphs\/onequarter.glif","\/keplerstd-cnsubh.ufo\/glyphs\/onesuperior.glif":"\/keplerstd-cnsubh.ufo\/glyphs\/onesuperior.glif","\/keplerstd-cnsubh.ufo\/glyphs\/onethird.glif":"\/keplerstd-cnsubh.ufo\/glyphs\/onethird.glif","\/keplerstd-cnsubh.ufo\/glyphs\/ordfeminine.glif":"\/keplerstd-cnsubh.ufo\/glyphs\/ordfeminine.glif","\/keplerstd-cnsubh.ufo\/glyphs\/ordmasculine.glif":"\/keplerstd-cnsubh.ufo\/glyphs\/ordmasculine.glif","\/keplerstd-cnsubh.ufo\/glyphs\/oslash.glif":"\/keplerstd-cnsubh.ufo\/glyphs\/oslash.glif","\/keplerstd-cnsubh.ufo\/glyphs\/oslash.sc.glif":"\/keplerstd-cnsubh.ufo\/glyphs\/oslash.sc.glif","\/keplerstd-cnsubh.ufo\/glyphs\/otilde.glif":"\/keplerstd-cnsubh.ufo\/glyphs\/otilde.glif","\/keplerstd-cnsubh.ufo\/glyphs\/otilde.sc.glif":"\/keplerstd-cnsubh.ufo\/glyphs\/otilde.sc.glif","\/keplerstd-cnsubh.ufo\/glyphs\/p.glif":"\/keplerstd-cnsubh.ufo\/glyphs\/p.glif","\/keplerstd-cnsubh.ufo\/glyphs\/p.sc.glif":"\/keplerstd-cnsubh.ufo\/glyphs\/p.sc.glif","\/keplerstd-cnsubh.ufo\/glyphs\/paragraph.glif":"\/keplerstd-cnsubh.ufo\/glyphs\/paragraph.glif","\/keplerstd-cnsubh.ufo\/glyphs\/parenleft.cap.glif":"\/keplerstd-cnsubh.ufo\/glyphs\/parenleft.cap.glif","\/keplerstd-cnsubh.ufo\/glyphs\/parenleft.denominator.glif":"\/keplerstd-cnsubh.ufo\/glyphs\/parenleft.denominator.glif","\/keplerstd-cnsubh.ufo\/glyphs\/parenleft.glif":"\/keplerstd-cnsubh.ufo\/glyphs\/parenleft.glif","\/keplerstd-cnsubh.ufo\/glyphs\/parenleft.inferior.glif":"\/keplerstd-cnsubh.ufo\/glyphs\/parenleft.inferior.glif","\/keplerstd-cnsubh.ufo\/glyphs\/parenleft.numerator.glif":"\/keplerstd-cnsubh.ufo\/glyphs\/parenleft.numerator.glif","\/keplerstd-cnsubh.ufo\/glyphs\/parenleft.superior.glif":"\/keplerstd-cnsubh.ufo\/glyphs\/parenleft.superior.glif","\/keplerstd-cnsubh.ufo\/glyphs\/parenright.cap.glif":"\/keplerstd-cnsubh.ufo\/glyphs\/parenright.cap.glif","\/keplerstd-cnsubh.ufo\/glyphs\/parenright.denominator.glif":"\/keplerstd-cnsubh.ufo\/glyphs\/parenright.denominator.glif","\/keplerstd-cnsubh.ufo\/glyphs\/parenright.glif":"\/keplerstd-cnsubh.ufo\/glyphs\/parenright.glif","\/keplerstd-cnsubh.ufo\/glyphs\/parenright.inferior.glif":"\/keplerstd-cnsubh.ufo\/glyphs\/parenright.inferior.glif","\/keplerstd-cnsubh.ufo\/glyphs\/parenright.numerator.glif":"\/keplerstd-cnsubh.ufo\/glyphs\/parenright.numerator.glif","\/keplerstd-cnsubh.ufo\/glyphs\/parenright.superior.glif":"\/keplerstd-cnsubh.ufo\/glyphs\/parenright.superior.glif","\/keplerstd-cnsubh.ufo\/glyphs\/partialdiff.glif":"\/keplerstd-cnsubh.ufo\/glyphs\/partialdiff.glif","\/keplerstd-cnsubh.ufo\/glyphs\/percent.glif":"\/keplerstd-cnsubh.ufo\/glyphs\/percent.glif","\/keplerstd-cnsubh.ufo\/glyphs\/percent.oldstyle.glif":"\/keplerstd-cnsubh.ufo\/glyphs\/percent.oldstyle.glif","\/keplerstd-cnsubh.ufo\/glyphs\/period.denominator.glif":"\/keplerstd-cnsubh.ufo\/glyphs\/period.denominator.glif","\/keplerstd-cnsubh.ufo\/glyphs\/period.glif":"\/keplerstd-cnsubh.ufo\/glyphs\/period.glif","\/keplerstd-cnsubh.ufo\/glyphs\/period.inferior.glif":"\/keplerstd-cnsubh.ufo\/glyphs\/period.inferior.glif","\/keplerstd-cnsubh.ufo\/glyphs\/period.numerator.glif":"\/keplerstd-cnsubh.ufo\/glyphs\/period.numerator.glif","\/keplerstd-cnsubh.ufo\/glyphs\/period.superior.glif":"\/keplerstd-cnsubh.ufo\/glyphs\/period.superior.glif","\/keplerstd-cnsubh.ufo\/glyphs\/periodcentered.cap.glif":"\/keplerstd-cnsubh.ufo\/glyphs\/periodcentered.cap.glif","\/keplerstd-cnsubh.ufo\/glyphs\/periodcentered.glif":"\/keplerstd-cnsubh.ufo\/glyphs\/periodcentered.glif","\/keplerstd-cnsubh.ufo\/glyphs\/perthousand.glif":"\/keplerstd-cnsubh.ufo\/glyphs\/perthousand.glif","\/keplerstd-cnsubh.ufo\/glyphs\/perthousand.oldstyle.glif":"\/keplerstd-cnsubh.ufo\/glyphs\/perthousand.oldstyle.glif","\/keplerstd-cnsubh.ufo\/glyphs\/pi.glif":"\/keplerstd-cnsubh.ufo\/glyphs\/pi.glif","\/keplerstd-cnsubh.ufo\/glyphs\/plus.glif":"\/keplerstd-cnsubh.ufo\/glyphs\/plus.glif","\/keplerstd-cnsubh.ufo\/glyphs\/plusminus.glif":"\/keplerstd-cnsubh.ufo\/glyphs\/plusminus.glif","\/keplerstd-cnsubh.ufo\/glyphs\/product.glif":"\/keplerstd-cnsubh.ufo\/glyphs\/product.glif","\/keplerstd-cnsubh.ufo\/glyphs\/q.glif":"\/keplerstd-cnsubh.ufo\/glyphs\/q.glif","\/keplerstd-cnsubh.ufo\/glyphs\/q.sc.glif":"\/keplerstd-cnsubh.ufo\/glyphs\/q.sc.glif","\/keplerstd-cnsubh.ufo\/glyphs\/q.scalt.glif":"\/keplerstd-cnsubh.ufo\/glyphs\/q.scalt.glif","\/keplerstd-cnsubh.ufo\/glyphs\/question.glif":"\/keplerstd-cnsubh.ufo\/glyphs\/question.glif","\/keplerstd-cnsubh.ufo\/glyphs\/question.sc.glif":"\/keplerstd-cnsubh.ufo\/glyphs\/question.sc.glif","\/keplerstd-cnsubh.ufo\/glyphs\/questiondown.cap.glif":"\/keplerstd-cnsubh.ufo\/glyphs\/questiondown.cap.glif","\/keplerstd-cnsubh.ufo\/glyphs\/questiondown.glif":"\/keplerstd-cnsubh.ufo\/glyphs\/questiondown.glif","\/keplerstd-cnsubh.ufo\/glyphs\/questiondown.sc.glif":"\/keplerstd-cnsubh.ufo\/glyphs\/questiondown.sc.glif","\/keplerstd-cnsubh.ufo\/glyphs\/quotedbl.glif":"\/keplerstd-cnsubh.ufo\/glyphs\/quotedbl.glif","\/keplerstd-cnsubh.ufo\/glyphs\/quotedblbase.glif":"\/keplerstd-cnsubh.ufo\/glyphs\/quotedblbase.glif","\/keplerstd-cnsubh.ufo\/glyphs\/quotedblleft.glif":"\/keplerstd-cnsubh.ufo\/glyphs\/quotedblleft.glif","\/keplerstd-cnsubh.ufo\/glyphs\/quotedblright.glif":"\/keplerstd-cnsubh.ufo\/glyphs\/quotedblright.glif","\/keplerstd-cnsubh.ufo\/glyphs\/quoteleft.glif":"\/keplerstd-cnsubh.ufo\/glyphs\/quoteleft.glif","\/keplerstd-cnsubh.ufo\/glyphs\/quoteright.glif":"\/keplerstd-cnsubh.ufo\/glyphs\/quoteright.glif","\/keplerstd-cnsubh.ufo\/glyphs\/quotesinglbase.glif":"\/keplerstd-cnsubh.ufo\/glyphs\/quotesinglbase.glif","\/keplerstd-cnsubh.ufo\/glyphs\/quotesingle.glif":"\/keplerstd-cnsubh.ufo\/glyphs\/quotesingle.glif","\/keplerstd-cnsubh.ufo\/glyphs\/r.glif":"\/keplerstd-cnsubh.ufo\/glyphs\/r.glif","\/keplerstd-cnsubh.ufo\/glyphs\/r.sc.glif":"\/keplerstd-cnsubh.ufo\/glyphs\/r.sc.glif","\/keplerstd-cnsubh.ufo\/glyphs\/r.superior.glif":"\/keplerstd-cnsubh.ufo\/glyphs\/r.superior.glif","\/keplerstd-cnsubh.ufo\/glyphs\/radical.glif":"\/keplerstd-cnsubh.ufo\/glyphs\/radical.glif","\/keplerstd-cnsubh.ufo\/glyphs\/registered.glif":"\/keplerstd-cnsubh.ufo\/glyphs\/registered.glif","\/keplerstd-cnsubh.ufo\/glyphs\/ring.cap.glif":"\/keplerstd-cnsubh.ufo\/glyphs\/ring.cap.glif","\/keplerstd-cnsubh.ufo\/glyphs\/ring.glif":"\/keplerstd-cnsubh.ufo\/glyphs\/ring.glif","\/keplerstd-cnsubh.ufo\/glyphs\/ring.sc.glif":"\/keplerstd-cnsubh.ufo\/glyphs\/ring.sc.glif","\/keplerstd-cnsubh.ufo\/glyphs\/s.glif":"\/keplerstd-cnsubh.ufo\/glyphs\/s.glif","\/keplerstd-cnsubh.ufo\/glyphs\/s.sc.glif":"\/keplerstd-cnsubh.ufo\/glyphs\/s.sc.glif","\/keplerstd-cnsubh.ufo\/glyphs\/s.superior.glif":"\/keplerstd-cnsubh.ufo\/glyphs\/s.superior.glif","\/keplerstd-cnsubh.ufo\/glyphs\/s_t.glif":"\/keplerstd-cnsubh.ufo\/glyphs\/s_t.glif","\/keplerstd-cnsubh.ufo\/glyphs\/scaron.glif":"\/keplerstd-cnsubh.ufo\/glyphs\/scaron.glif","\/keplerstd-cnsubh.ufo\/glyphs\/scaron.sc.glif":"\/keplerstd-cnsubh.ufo\/glyphs\/scaron.sc.glif","\/keplerstd-cnsubh.ufo\/glyphs\/section.glif":"\/keplerstd-cnsubh.ufo\/glyphs\/section.glif","\/keplerstd-cnsubh.ufo\/glyphs\/semicolon.glif":"\/keplerstd-cnsubh.ufo\/glyphs\/semicolon.glif","\/keplerstd-cnsubh.ufo\/glyphs\/seven.denominator.glif":"\/keplerstd-cnsubh.ufo\/glyphs\/seven.denominator.glif","\/keplerstd-cnsubh.ufo\/glyphs\/seven.fitted.glif":"\/keplerstd-cnsubh.ufo\/glyphs\/seven.fitted.glif","\/keplerstd-cnsubh.ufo\/glyphs\/seven.glif":"\/keplerstd-cnsubh.ufo\/glyphs\/seven.glif","\/keplerstd-cnsubh.ufo\/glyphs\/seven.inferior.glif":"\/keplerstd-cnsubh.ufo\/glyphs\/seven.inferior.glif","\/keplerstd-cnsubh.ufo\/glyphs\/seven.numerator.glif":"\/keplerstd-cnsubh.ufo\/glyphs\/seven.numerator.glif","\/keplerstd-cnsubh.ufo\/glyphs\/seven.oldstyle.glif":"\/keplerstd-cnsubh.ufo\/glyphs\/seven.oldstyle.glif","\/keplerstd-cnsubh.ufo\/glyphs\/seven.superior.glif":"\/keplerstd-cnsubh.ufo\/glyphs\/seven.superior.glif","\/keplerstd-cnsubh.ufo\/glyphs\/seven.taboldstyle.glif":"\/keplerstd-cnsubh.ufo\/glyphs\/seven.taboldstyle.glif","\/keplerstd-cnsubh.ufo\/glyphs\/seveneighths.glif":"\/keplerstd-cnsubh.ufo\/glyphs\/seveneighths.glif","\/keplerstd-cnsubh.ufo\/glyphs\/six.denominator.glif":"\/keplerstd-cnsubh.ufo\/glyphs\/six.denominator.glif","\/keplerstd-cnsubh.ufo\/glyphs\/six.fitted.glif":"\/keplerstd-cnsubh.ufo\/glyphs\/six.fitted.glif","\/keplerstd-cnsubh.ufo\/glyphs\/six.glif":"\/keplerstd-cnsubh.ufo\/glyphs\/six.glif","\/keplerstd-cnsubh.ufo\/glyphs\/six.inferior.glif":"\/keplerstd-cnsubh.ufo\/glyphs\/six.inferior.glif","\/keplerstd-cnsubh.ufo\/glyphs\/six.numerator.glif":"\/keplerstd-cnsubh.ufo\/glyphs\/six.numerator.glif","\/keplerstd-cnsubh.ufo\/glyphs\/six.oldstyle.glif":"\/keplerstd-cnsubh.ufo\/glyphs\/six.oldstyle.glif","\/keplerstd-cnsubh.ufo\/glyphs\/six.superior.glif":"\/keplerstd-cnsubh.ufo\/glyphs\/six.superior.glif","\/keplerstd-cnsubh.ufo\/glyphs\/six.taboldstyle.glif":"\/keplerstd-cnsubh.ufo\/glyphs\/six.taboldstyle.glif","\/keplerstd-cnsubh.ufo\/glyphs\/slash.frac.glif":"\/keplerstd-cnsubh.ufo\/glyphs\/slash.frac.glif","\/keplerstd-cnsubh.ufo\/glyphs\/slash.glif":"\/keplerstd-cnsubh.ufo\/glyphs\/slash.glif","\/keplerstd-cnsubh.ufo\/glyphs\/space.frac.glif":"\/keplerstd-cnsubh.ufo\/glyphs\/space.frac.glif","\/keplerstd-cnsubh.ufo\/glyphs\/space.glif":"\/keplerstd-cnsubh.ufo\/glyphs\/space.glif","\/keplerstd-cnsubh.ufo\/glyphs\/space_uni0326.glif":"\/keplerstd-cnsubh.ufo\/glyphs\/space_uni0326.glif","\/keplerstd-cnsubh.ufo\/glyphs\/sterling.fitted.glif":"\/keplerstd-cnsubh.ufo\/glyphs\/sterling.fitted.glif","\/keplerstd-cnsubh.ufo\/glyphs\/sterling.glif":"\/keplerstd-cnsubh.ufo\/glyphs\/sterling.glif","\/keplerstd-cnsubh.ufo\/glyphs\/sterling.oldstyle.glif":"\/keplerstd-cnsubh.ufo\/glyphs\/sterling.oldstyle.glif","\/keplerstd-cnsubh.ufo\/glyphs\/sterling.taboldstyle.glif":"\/keplerstd-cnsubh.ufo\/glyphs\/sterling.taboldstyle.glif","\/keplerstd-cnsubh.ufo\/glyphs\/summation.glif":"\/keplerstd-cnsubh.ufo\/glyphs\/summation.glif","\/keplerstd-cnsubh.ufo\/glyphs\/t.glif":"\/keplerstd-cnsubh.ufo\/glyphs\/t.glif","\/keplerstd-cnsubh.ufo\/glyphs\/t.sc.glif":"\/keplerstd-cnsubh.ufo\/glyphs\/t.sc.glif","\/keplerstd-cnsubh.ufo\/glyphs\/t.superior.glif":"\/keplerstd-cnsubh.ufo\/glyphs\/t.superior.glif","\/keplerstd-cnsubh.ufo\/glyphs\/thorn.glif":"\/keplerstd-cnsubh.ufo\/glyphs\/thorn.glif","\/keplerstd-cnsubh.ufo\/glyphs\/thorn.sc.glif":"\/keplerstd-cnsubh.ufo\/glyphs\/thorn.sc.glif","\/keplerstd-cnsubh.ufo\/glyphs\/three.denominator.glif":"\/keplerstd-cnsubh.ufo\/glyphs\/three.denominator.glif","\/keplerstd-cnsubh.ufo\/glyphs\/three.fitted.glif":"\/keplerstd-cnsubh.ufo\/glyphs\/three.fitted.glif","\/keplerstd-cnsubh.ufo\/glyphs\/three.glif":"\/keplerstd-cnsubh.ufo\/glyphs\/three.glif","\/keplerstd-cnsubh.ufo\/glyphs\/three.inferior.glif":"\/keplerstd-cnsubh.ufo\/glyphs\/three.inferior.glif","\/keplerstd-cnsubh.ufo\/glyphs\/three.numerator.glif":"\/keplerstd-cnsubh.ufo\/glyphs\/three.numerator.glif","\/keplerstd-cnsubh.ufo\/glyphs\/three.oldstyle.glif":"\/keplerstd-cnsubh.ufo\/glyphs\/three.oldstyle.glif","\/keplerstd-cnsubh.ufo\/glyphs\/three.superior.glif":"\/keplerstd-cnsubh.ufo\/glyphs\/three.superior.glif","\/keplerstd-cnsubh.ufo\/glyphs\/three.taboldstyle.glif":"\/keplerstd-cnsubh.ufo\/glyphs\/three.taboldstyle.glif","\/keplerstd-cnsubh.ufo\/glyphs\/threeeighths.glif":"\/keplerstd-cnsubh.ufo\/glyphs\/threeeighths.glif","\/keplerstd-cnsubh.ufo\/glyphs\/threequarters.glif":"\/keplerstd-cnsubh.ufo\/glyphs\/threequarters.glif","\/keplerstd-cnsubh.ufo\/glyphs\/threesuperior.glif":"\/keplerstd-cnsubh.ufo\/glyphs\/threesuperior.glif","\/keplerstd-cnsubh.ufo\/glyphs\/tilde.cap.glif":"\/keplerstd-cnsubh.ufo\/glyphs\/tilde.cap.glif","\/keplerstd-cnsubh.ufo\/glyphs\/tilde.glif":"\/keplerstd-cnsubh.ufo\/glyphs\/tilde.glif","\/keplerstd-cnsubh.ufo\/glyphs\/tilde.sc.glif":"\/keplerstd-cnsubh.ufo\/glyphs\/tilde.sc.glif","\/keplerstd-cnsubh.ufo\/glyphs\/trademark.glif":"\/keplerstd-cnsubh.ufo\/glyphs\/trademark.glif","\/keplerstd-cnsubh.ufo\/glyphs\/two.denominator.glif":"\/keplerstd-cnsubh.ufo\/glyphs\/two.denominator.glif","\/keplerstd-cnsubh.ufo\/glyphs\/two.fitted.glif":"\/keplerstd-cnsubh.ufo\/glyphs\/two.fitted.glif","\/keplerstd-cnsubh.ufo\/glyphs\/two.glif":"\/keplerstd-cnsubh.ufo\/glyphs\/two.glif","\/keplerstd-cnsubh.ufo\/glyphs\/two.inferior.glif":"\/keplerstd-cnsubh.ufo\/glyphs\/two.inferior.glif","\/keplerstd-cnsubh.ufo\/glyphs\/two.numerator.glif":"\/keplerstd-cnsubh.ufo\/glyphs\/two.numerator.glif","\/keplerstd-cnsubh.ufo\/glyphs\/two.oldstyle.glif":"\/keplerstd-cnsubh.ufo\/glyphs\/two.oldstyle.glif","\/keplerstd-cnsubh.ufo\/glyphs\/two.superior.glif":"\/keplerstd-cnsubh.ufo\/glyphs\/two.superior.glif","\/keplerstd-cnsubh.ufo\/glyphs\/two.taboldstyle.glif":"\/keplerstd-cnsubh.ufo\/glyphs\/two.taboldstyle.glif","\/keplerstd-cnsubh.ufo\/glyphs\/twodotenleader.glif":"\/keplerstd-cnsubh.ufo\/glyphs\/twodotenleader.glif","\/keplerstd-cnsubh.ufo\/glyphs\/twosuperior.glif":"\/keplerstd-cnsubh.ufo\/glyphs\/twosuperior.glif","\/keplerstd-cnsubh.ufo\/glyphs\/twothirds.glif":"\/keplerstd-cnsubh.ufo\/glyphs\/twothirds.glif","\/keplerstd-cnsubh.ufo\/glyphs\/u.glif":"\/keplerstd-cnsubh.ufo\/glyphs\/u.glif","\/keplerstd-cnsubh.ufo\/glyphs\/u.sc.glif":"\/keplerstd-cnsubh.ufo\/glyphs\/u.sc.glif","\/keplerstd-cnsubh.ufo\/glyphs\/uacute.glif":"\/keplerstd-cnsubh.ufo\/glyphs\/uacute.glif","\/keplerstd-cnsubh.ufo\/glyphs\/uacute.sc.glif":"\/keplerstd-cnsubh.ufo\/glyphs\/uacute.sc.glif","\/keplerstd-cnsubh.ufo\/glyphs\/ucircumflex.glif":"\/keplerstd-cnsubh.ufo\/glyphs\/ucircumflex.glif","\/keplerstd-cnsubh.ufo\/glyphs\/ucircumflex.sc.glif":"\/keplerstd-cnsubh.ufo\/glyphs\/ucircumflex.sc.glif","\/keplerstd-cnsubh.ufo\/glyphs\/udieresis.glif":"\/keplerstd-cnsubh.ufo\/glyphs\/udieresis.glif","\/keplerstd-cnsubh.ufo\/glyphs\/udieresis.sc.glif":"\/keplerstd-cnsubh.ufo\/glyphs\/udieresis.sc.glif","\/keplerstd-cnsubh.ufo\/glyphs\/ugrave.glif":"\/keplerstd-cnsubh.ufo\/glyphs\/ugrave.glif","\/keplerstd-cnsubh.ufo\/glyphs\/ugrave.sc.glif":"\/keplerstd-cnsubh.ufo\/glyphs\/ugrave.sc.glif","\/keplerstd-cnsubh.ufo\/glyphs\/underscore.glif":"\/keplerstd-cnsubh.ufo\/glyphs\/underscore.glif","\/keplerstd-cnsubh.ufo\/glyphs\/uni00A_0.frac.glif":"\/keplerstd-cnsubh.ufo\/glyphs\/uni00A_0.frac.glif","\/keplerstd-cnsubh.ufo\/glyphs\/uni00A_0.glif":"\/keplerstd-cnsubh.ufo\/glyphs\/uni00A_0.glif","\/keplerstd-cnsubh.ufo\/glyphs\/uni00A_D_.glif":"\/keplerstd-cnsubh.ufo\/glyphs\/uni00A_D_.glif","\/keplerstd-cnsubh.ufo\/glyphs\/uni02C_9.glif":"\/keplerstd-cnsubh.ufo\/glyphs\/uni02C_9.glif","\/keplerstd-cnsubh.ufo\/glyphs\/uni2010.glif":"\/keplerstd-cnsubh.ufo\/glyphs\/uni2010.glif","\/keplerstd-cnsubh.ufo\/glyphs\/uni2113.glif":"\/keplerstd-cnsubh.ufo\/glyphs\/uni2113.glif","\/keplerstd-cnsubh.ufo\/glyphs\/uni2190.alt1.glif":"\/keplerstd-cnsubh.ufo\/glyphs\/uni2190.alt1.glif","\/keplerstd-cnsubh.ufo\/glyphs\/uni2190.alt2.glif":"\/keplerstd-cnsubh.ufo\/glyphs\/uni2190.alt2.glif","\/keplerstd-cnsubh.ufo\/glyphs\/uni2190.glif":"\/keplerstd-cnsubh.ufo\/glyphs\/uni2190.glif","\/keplerstd-cnsubh.ufo\/glyphs\/uni2192.alt1.glif":"\/keplerstd-cnsubh.ufo\/glyphs\/uni2192.alt1.glif","\/keplerstd-cnsubh.ufo\/glyphs\/uni2192.alt2.glif":"\/keplerstd-cnsubh.ufo\/glyphs\/uni2192.alt2.glif","\/keplerstd-cnsubh.ufo\/glyphs\/uni2192.glif":"\/keplerstd-cnsubh.ufo\/glyphs\/uni2192.glif","\/keplerstd-cnsubh.ufo\/glyphs\/uni2215.glif":"\/keplerstd-cnsubh.ufo\/glyphs\/uni2215.glif","\/keplerstd-cnsubh.ufo\/glyphs\/uni2219.glif":"\/keplerstd-cnsubh.ufo\/glyphs\/uni2219.glif","\/keplerstd-cnsubh.ufo\/glyphs\/uni25A_0.glif":"\/keplerstd-cnsubh.ufo\/glyphs\/uni25A_0.glif","\/keplerstd-cnsubh.ufo\/glyphs\/uni25B_6.glif":"\/keplerstd-cnsubh.ufo\/glyphs\/uni25B_6.glif","\/keplerstd-cnsubh.ufo\/glyphs\/uni25B_7.glif":"\/keplerstd-cnsubh.ufo\/glyphs\/uni25B_7.glif","\/keplerstd-cnsubh.ufo\/glyphs\/uni25C_0.glif":"\/keplerstd-cnsubh.ufo\/glyphs\/uni25C_0.glif","\/keplerstd-cnsubh.ufo\/glyphs\/uni25C_1.glif":"\/keplerstd-cnsubh.ufo\/glyphs\/uni25C_1.glif","\/keplerstd-cnsubh.ufo\/glyphs\/uni25C_6.glif":"\/keplerstd-cnsubh.ufo\/glyphs\/uni25C_6.glif","\/keplerstd-cnsubh.ufo\/glyphs\/uni25C_9.glif":"\/keplerstd-cnsubh.ufo\/glyphs\/uni25C_9.glif","\/keplerstd-cnsubh.ufo\/glyphs\/uni2610.glif":"\/keplerstd-cnsubh.ufo\/glyphs\/uni2610.glif","\/keplerstd-cnsubh.ufo\/glyphs\/uni2611.glif":"\/keplerstd-cnsubh.ufo\/glyphs\/uni2611.glif","\/keplerstd-cnsubh.ufo\/glyphs\/v.glif":"\/keplerstd-cnsubh.ufo\/glyphs\/v.glif","\/keplerstd-cnsubh.ufo\/glyphs\/v.sc.glif":"\/keplerstd-cnsubh.ufo\/glyphs\/v.sc.glif","\/keplerstd-cnsubh.ufo\/glyphs\/w.glif":"\/keplerstd-cnsubh.ufo\/glyphs\/w.glif","\/keplerstd-cnsubh.ufo\/glyphs\/w.sc.glif":"\/keplerstd-cnsubh.ufo\/glyphs\/w.sc.glif","\/keplerstd-cnsubh.ufo\/glyphs\/x.glif":"\/keplerstd-cnsubh.ufo\/glyphs\/x.glif","\/keplerstd-cnsubh.ufo\/glyphs\/x.sc.glif":"\/keplerstd-cnsubh.ufo\/glyphs\/x.sc.glif","\/keplerstd-cnsubh.ufo\/glyphs\/y.glif":"\/keplerstd-cnsubh.ufo\/glyphs\/y.glif","\/keplerstd-cnsubh.ufo\/glyphs\/y.sc.glif":"\/keplerstd-cnsubh.ufo\/glyphs\/y.sc.glif","\/keplerstd-cnsubh.ufo\/glyphs\/yacute.glif":"\/keplerstd-cnsubh.ufo\/glyphs\/yacute.glif","\/keplerstd-cnsubh.ufo\/glyphs\/yacute.sc.glif":"\/keplerstd-cnsubh.ufo\/glyphs\/yacute.sc.glif","\/keplerstd-cnsubh.ufo\/glyphs\/ydieresis.glif":"\/keplerstd-cnsubh.ufo\/glyphs\/ydieresis.glif","\/keplerstd-cnsubh.ufo\/glyphs\/ydieresis.sc.glif":"\/keplerstd-cnsubh.ufo\/glyphs\/ydieresis.sc.glif","\/keplerstd-cnsubh.ufo\/glyphs\/yen.fitted.glif":"\/keplerstd-cnsubh.ufo\/glyphs\/yen.fitted.glif","\/keplerstd-cnsubh.ufo\/glyphs\/yen.glif":"\/keplerstd-cnsubh.ufo\/glyphs\/yen.glif","\/keplerstd-cnsubh.ufo\/glyphs\/yen.oldstyle.glif":"\/keplerstd-cnsubh.ufo\/glyphs\/yen.oldstyle.glif","\/keplerstd-cnsubh.ufo\/glyphs\/yen.taboldstyle.glif":"\/keplerstd-cnsubh.ufo\/glyphs\/yen.taboldstyle.glif","\/keplerstd-cnsubh.ufo\/glyphs\/z.glif":"\/keplerstd-cnsubh.ufo\/glyphs\/z.glif","\/keplerstd-cnsubh.ufo\/glyphs\/z.sc.glif":"\/keplerstd-cnsubh.ufo\/glyphs\/z.sc.glif","\/keplerstd-cnsubh.ufo\/glyphs\/zcaron.glif":"\/keplerstd-cnsubh.ufo\/glyphs\/zcaron.glif","\/keplerstd-cnsubh.ufo\/glyphs\/zcaron.sc.glif":"\/keplerstd-cnsubh.ufo\/glyphs\/zcaron.sc.glif","\/keplerstd-cnsubh.ufo\/glyphs\/zero.denominator.glif":"\/keplerstd-cnsubh.ufo\/glyphs\/zero.denominator.glif","\/keplerstd-cnsubh.ufo\/glyphs\/zero.fitted.glif":"\/keplerstd-cnsubh.ufo\/glyphs\/zero.fitted.glif","\/keplerstd-cnsubh.ufo\/glyphs\/zero.glif":"\/keplerstd-cnsubh.ufo\/glyphs\/zero.glif","\/keplerstd-cnsubh.ufo\/glyphs\/zero.inferior.glif":"\/keplerstd-cnsubh.ufo\/glyphs\/zero.inferior.glif","\/keplerstd-cnsubh.ufo\/glyphs\/zero.numerator.glif":"\/keplerstd-cnsubh.ufo\/glyphs\/zero.numerator.glif","\/keplerstd-cnsubh.ufo\/glyphs\/zero.oldstyle.glif":"\/keplerstd-cnsubh.ufo\/glyphs\/zero.oldstyle.glif","\/keplerstd-cnsubh.ufo\/glyphs\/zero.slash.glif":"\/keplerstd-cnsubh.ufo\/glyphs\/zero.slash.glif","\/keplerstd-cnsubh.ufo\/glyphs\/zero.superior.glif":"\/keplerstd-cnsubh.ufo\/glyphs\/zero.superior.glif","\/keplerstd-cnsubh.ufo\/glyphs\/zero.taboldstyle.glif":"\/keplerstd-cnsubh.ufo\/glyphs\/zero.taboldstyle.glif"},"Font":{"uploaded":1474257890.2441,"licence":"gpl3","company":"Chronolabs Cooperative","title":"Kepler Std Cn Subh","version":3.002,"date":"Sun Aug 28 07:49:44 2016","creator":"root","type":"1","matrix":"0.001 0 0 0.001 0 0","named":"KeplerStd-CnSubh","painttype":"0","info":"11 dict dup","name":"Kepler Std Condensed Subhead","family":"Kepler Std","weight":"Regular","fstype":"8","italicangle":"0","underlineposition":"","underlinethickness":""},"Licences":{"":false},"Table":{"FFTM":{"entryLength":16,"tag":"FFTM","checksum":1947015616,"offset":176588,"length":28},"GDEF":{"entryLength":16,"tag":"GDEF","checksum":50987014,"offset":176556,"length":32},"OS\/2":{"entryLength":16,"tag":"OS\/2","checksum":3074177367,"offset":344,"length":86},"cmap":{"entryLength":16,"tag":"cmap","checksum":3287402612,"offset":3364,"length":1144},"gasp":{"entryLength":16,"tag":"gasp","checksum":4294901763,"offset":176548,"length":8},"glyf":{"entryLength":16,"tag":"glyf","checksum":2468885312,"offset":7444,"length":160808},"head":{"entryLength":16,"tag":"head","checksum":346061493,"offset":220,"length":54},"hhea":{"entryLength":16,"tag":"hhea","checksum":289345247,"offset":276,"length":36},"hmtx":{"entryLength":16,"tag":"hmtx","checksum":2432125278,"offset":432,"length":2932},"loca":{"entryLength":16,"tag":"loca","checksum":51213460,"offset":4508,"length":2936},"maxp":{"entryLength":16,"tag":"maxp","checksum":54854332,"offset":312,"length":32},"name":{"entryLength":16,"tag":"name","checksum":172805275,"offset":168252,"length":1182},"post":{"entryLength":16,"tag":"post","checksum":1359863359,"offset":169436,"length":7109}},"UnicodeCharMap":{"32":3,"33":4,"34":5,"35":6,"36":7,"37":8,"38":9,"39":10,"40":11,"41":12,"42":13,"43":14,"44":15,"45":16,"46":17,"47":18,"48":19,"49":20,"50":21,"51":22,"52":23,"53":24,"54":25,"55":26,"56":27,"57":28,"58":29,"59":30,"60":31,"61":32,"62":33,"63":34,"64":35,"65":36,"66":37,"67":38,"68":39,"69":40,"70":41,"71":42,"72":43,"73":44,"74":45,"75":46,"76":47,"77":48,"78":49,"79":50,"80":51,"81":52,"82":53,"83":54,"84":55,"85":56,"86":57,"87":58,"88":59,"89":60,"90":61,"91":62,"92":63,"93":64,"94":65,"95":66,"96":67,"97":68,"98":69,"99":70,"100":71,"101":72,"102":73,"103":74,"104":75,"105":76,"106":77,"107":78,"108":79,"109":80,"110":81,"111":82,"112":83,"113":84,"114":85,"115":86,"116":87,"117":88,"118":89,"119":90,"120":91,"121":92,"122":93,"123":94,"124":95,"125":96,"126":97,"160":98,"161":99,"162":100,"163":101,"164":102,"165":103,"166":104,"167":105,"168":106,"169":107,"170":108,"171":109,"172":110,"173":111,"174":112,"175":113,"176":114,"177":115,"178":116,"179":117,"180":118,"182":120,"183":121,"184":122,"185":123,"186":124,"187":125,"188":126,"189":127,"190":128,"191":129,"192":130,"193":131,"194":132,"195":133,"196":134,"197":135,"198":136,"199":137,"200":138,"201":139,"202":140,"203":141,"204":142,"205":143,"206":144,"207":145,"208":146,"209":147,"210":148,"211":149,"212":150,"213":151,"214":152,"215":153,"216":154,"217":155,"218":156,"219":157,"220":158,"221":159,"222":160,"223":161,"224":162,"225":163,"226":164,"227":165,"228":166,"229":167,"230":168,"231":169,"232":170,"233":171,"234":172,"235":173,"236":174,"237":175,"238":176,"239":177,"240":178,"241":179,"242":180,"243":181,"244":182,"245":183,"246":184,"247":185,"248":186,"249":187,"250":188,"251":189,"252":190,"253":191,"254":192,"255":193,"305":221,"321":219,"322":222,"338":220,"339":223,"352":226,"353":229,"376":227,"381":228,"382":230,"383":244,"402":197,"710":210,"711":217,"713":721,"728":212,"729":213,"730":214,"731":216,"732":211,"733":215,"916":639,"937":640,"956":119,"960":641,"8208":439,"8210":234,"8211":201,"8212":218,"8216":195,"8217":194,"8218":205,"8220":198,"8221":207,"8222":206,"8224":202,"8225":203,"8226":204,"8228":232,"8229":231,"8230":208,"8240":209,"8249":199,"8250":200,"8260":196,"8304":365,"8308":369,"8309":370,"8310":371,"8311":372,"8312":373,"8313":374,"8317":380,"8318":381,"8319":360,"8320":382,"8321":383,"8322":384,"8323":385,"8324":386,"8325":387,"8326":388,"8327":389,"8328":390,"8329":391,"8333":397,"8334":398,"8353":233,"8364":256,"8467":440,"8482":224,"8494":643,"8531":239,"8532":240,"8539":235,"8540":236,"8541":237,"8542":238,"8592":644,"8594":647,"8706":635,"8719":636,"8721":638,"8722":225,"8725":722,"8729":723,"8730":637,"8734":632,"8747":634,"8776":631,"8800":630,"8804":628,"8805":629,"9632":436,"9654":241,"9655":286,"9664":287,"9665":433,"9670":435,"9673":434,"9674":633,"9744":657,"9745":658,"64256":249,"64257":437,"64258":438,"64259":247,"64260":248,"64262":252},"Reserves":{"fontname":"Kepler Std Condensed Subhead"},"Names":{"Kepler Std Condensed Subhead":{"name":"Kepler Std Condensed Subhead","longitude":"0.00000001","latitude":"0.00000001","country":"","region":"","city":""}},"Nodes":{"ke":{"type":"typal","node":"ke","usage":1,"weight":1},"er":{"type":"typal","node":"er","usage":1,"weight":1},"st":{"type":"typal","node":"st","usage":1,"weight":1},"td":{"type":"typal","node":"td","usage":1,"weight":1},"co":{"type":"typal","node":"co","usage":1,"weight":1},"ed":{"type":"typal","node":"ed","usage":1,"weight":1},"su":{"type":"typal","node":"su","usage":1,"weight":1},"ad":{"type":"typal","node":"ad","usage":1,"weight":1},"kep":{"type":"typal","node":"kep","usage":1,"weight":1},"ler":{"type":"typal","node":"ler","usage":1,"weight":1},"con":{"type":"typal","node":"con","usage":1,"weight":1},"sed":{"type":"typal","node":"sed","usage":1,"weight":1},"sub":{"type":"typal","node":"sub","usage":1,"weight":1},"ead":{"type":"typal","node":"ead","usage":1,"weight":1},"kepl":{"type":"keys","node":"kepl","usage":1,"weight":1},"pler":{"type":"keys","node":"pler","usage":1,"weight":1},"cond":{"type":"keys","node":"cond","usage":1,"weight":1},"nsed":{"type":"keys","node":"nsed","usage":1,"weight":1},"subh":{"type":"keys","node":"subh","usage":1,"weight":1},"head":{"type":"keys","node":"head","usage":1,"weight":1},"keple":{"type":"keys","node":"keple","usage":1,"weight":1},"epler":{"type":"keys","node":"epler","usage":1,"weight":1},"conde":{"type":"keys","node":"conde","usage":1,"weight":1},"ensed":{"type":"keys","node":"ensed","usage":1,"weight":1},"subhe":{"type":"keys","node":"subhe","usage":1,"weight":1},"bhead":{"type":"keys","node":"bhead","usage":1,"weight":1},"kepler":{"type":"fixes","node":"kepler","usage":1,"weight":1},"std":{"type":"fixes","node":"std","usage":1,"weight":1},"condensed":{"type":"fixes","node":"condensed","usage":1,"weight":1},"subhead":{"type":"fixes","node":"subhead","usage":1,"weight":1}},"Contributors":[],"FontIdentity":"thatcher0:8c0da62a34f8788ac0465c","Bytes":null,"Networking":[],"barcode":"12wkwi987owy4o","referee":"miaqyo"}