{"CSS":{"Technobats":"crash99:66993921af3090e5b9545f1a.css"},"FontType":"TrueType","FontCopyright":"Generated by Fontographer 3.5","FontName":"Technobats","FontSubfamily":"Book","FontSubfamilyID":"FontForge 2.0 : Technobats : 28-8-2016","FontFullName":"Technobats","FontVersion":"Version 001.000 ","FontWeight":null,"FontPostscriptName":"Technobats","Files":{"\/Technobats.css":"\/Technobats.css","\/font-resource.json":"\/font-resource.json","\/technobats.afm":"\/technobats.afm","\/technobats.cef":"\/technobats.cef","\/technobats.cff":"\/technobats.cff","\/technobats.eot":"\/technobats.eot","\/technobats.gai":"\/technobats.gai","\/technobats.gsf":"\/technobats.gsf","\/technobats.otf":"\/technobats.otf","\/technobats.pf3":"\/technobats.pf3","\/technobats.pfa":"\/technobats.pfa","\/technobats.pfb":"\/technobats.pfb","\/technobats.php":"\/technobats.php","\/technobats.pt3":"\/technobats.pt3","\/technobats.sfd":"\/technobats.sfd","\/technobats.svg":"\/technobats.svg","\/technobats.t42":"\/technobats.t42","\/technobats.ttd":"\/technobats.ttd","\/technobats.ttf":"\/technobats.ttf","\/technobats.ttg":"\/technobats.ttg","\/technobats.ufm":"\/technobats.ufm","\/technobats.woff":"\/technobats.woff","\/technobats.z":"\/technobats.z","\/technobats.ufo\/feature.fea":"\/technobats.ufo\/feature.fea","\/technobats.ufo\/fontinfo.plist":"\/technobats.ufo\/fontinfo.plist","\/technobats.ufo\/groups.plist":"\/technobats.ufo\/groups.plist","\/technobats.ufo\/kerning.plist":"\/technobats.ufo\/kerning.plist","\/technobats.ufo\/metainfo.plist":"\/technobats.ufo\/metainfo.plist","\/technobats.ufo\/glyphs\/A_.glif":"\/technobats.ufo\/glyphs\/A_.glif","\/technobats.ufo\/glyphs\/B_.glif":"\/technobats.ufo\/glyphs\/B_.glif","\/technobats.ufo\/glyphs\/C_.glif":"\/technobats.ufo\/glyphs\/C_.glif","\/technobats.ufo\/glyphs\/D_.glif":"\/technobats.ufo\/glyphs\/D_.glif","\/technobats.ufo\/glyphs\/E_.glif":"\/technobats.ufo\/glyphs\/E_.glif","\/technobats.ufo\/glyphs\/F_.glif":"\/technobats.ufo\/glyphs\/F_.glif","\/technobats.ufo\/glyphs\/G_.glif":"\/technobats.ufo\/glyphs\/G_.glif","\/technobats.ufo\/glyphs\/H_.glif":"\/technobats.ufo\/glyphs\/H_.glif","\/technobats.ufo\/glyphs\/I_.glif":"\/technobats.ufo\/glyphs\/I_.glif","\/technobats.ufo\/glyphs\/J_.glif":"\/technobats.ufo\/glyphs\/J_.glif","\/technobats.ufo\/glyphs\/K_.glif":"\/technobats.ufo\/glyphs\/K_.glif","\/technobats.ufo\/glyphs\/L_.glif":"\/technobats.ufo\/glyphs\/L_.glif","\/technobats.ufo\/glyphs\/M_.glif":"\/technobats.ufo\/glyphs\/M_.glif","\/technobats.ufo\/glyphs\/N_.glif":"\/technobats.ufo\/glyphs\/N_.glif","\/technobats.ufo\/glyphs\/O_.glif":"\/technobats.ufo\/glyphs\/O_.glif","\/technobats.ufo\/glyphs\/P_.glif":"\/technobats.ufo\/glyphs\/P_.glif","\/technobats.ufo\/glyphs\/Q_.glif":"\/technobats.ufo\/glyphs\/Q_.glif","\/technobats.ufo\/glyphs\/R_.glif":"\/technobats.ufo\/glyphs\/R_.glif","\/technobats.ufo\/glyphs\/S_.glif":"\/technobats.ufo\/glyphs\/S_.glif","\/technobats.ufo\/glyphs\/T_.glif":"\/technobats.ufo\/glyphs\/T_.glif","\/technobats.ufo\/glyphs\/U_.glif":"\/technobats.ufo\/glyphs\/U_.glif","\/technobats.ufo\/glyphs\/V_.glif":"\/technobats.ufo\/glyphs\/V_.glif","\/technobats.ufo\/glyphs\/W_.glif":"\/technobats.ufo\/glyphs\/W_.glif","\/technobats.ufo\/glyphs\/X_.glif":"\/technobats.ufo\/glyphs\/X_.glif","\/technobats.ufo\/glyphs\/Y_.glif":"\/technobats.ufo\/glyphs\/Y_.glif","\/technobats.ufo\/glyphs\/Z_.glif":"\/technobats.ufo\/glyphs\/Z_.glif","\/technobats.ufo\/glyphs\/_notdef.glif":"\/technobats.ufo\/glyphs\/_notdef.glif","\/technobats.ufo\/glyphs\/_null.glif":"\/technobats.ufo\/glyphs\/_null.glif","\/technobats.ufo\/glyphs\/a.glif":"\/technobats.ufo\/glyphs\/a.glif","\/technobats.ufo\/glyphs\/b.glif":"\/technobats.ufo\/glyphs\/b.glif","\/technobats.ufo\/glyphs\/braceleft.glif":"\/technobats.ufo\/glyphs\/braceleft.glif","\/technobats.ufo\/glyphs\/bracketleft.glif":"\/technobats.ufo\/glyphs\/bracketleft.glif","\/technobats.ufo\/glyphs\/bracketright.glif":"\/technobats.ufo\/glyphs\/bracketright.glif","\/technobats.ufo\/glyphs\/c.glif":"\/technobats.ufo\/glyphs\/c.glif","\/technobats.ufo\/glyphs\/contents.plist":"\/technobats.ufo\/glyphs\/contents.plist","\/technobats.ufo\/glyphs\/d.glif":"\/technobats.ufo\/glyphs\/d.glif","\/technobats.ufo\/glyphs\/e.glif":"\/technobats.ufo\/glyphs\/e.glif","\/technobats.ufo\/glyphs\/f.glif":"\/technobats.ufo\/glyphs\/f.glif","\/technobats.ufo\/glyphs\/g.glif":"\/technobats.ufo\/glyphs\/g.glif","\/technobats.ufo\/glyphs\/h.glif":"\/technobats.ufo\/glyphs\/h.glif","\/technobats.ufo\/glyphs\/i.glif":"\/technobats.ufo\/glyphs\/i.glif","\/technobats.ufo\/glyphs\/j.glif":"\/technobats.ufo\/glyphs\/j.glif","\/technobats.ufo\/glyphs\/k.glif":"\/technobats.ufo\/glyphs\/k.glif","\/technobats.ufo\/glyphs\/l.glif":"\/technobats.ufo\/glyphs\/l.glif","\/technobats.ufo\/glyphs\/m.glif":"\/technobats.ufo\/glyphs\/m.glif","\/technobats.ufo\/glyphs\/n.glif":"\/technobats.ufo\/glyphs\/n.glif","\/technobats.ufo\/glyphs\/nonmarkingreturn.glif":"\/technobats.ufo\/glyphs\/nonmarkingreturn.glif","\/technobats.ufo\/glyphs\/o.glif":"\/technobats.ufo\/glyphs\/o.glif","\/technobats.ufo\/glyphs\/p.glif":"\/technobats.ufo\/glyphs\/p.glif","\/technobats.ufo\/glyphs\/q.glif":"\/technobats.ufo\/glyphs\/q.glif","\/technobats.ufo\/glyphs\/r.glif":"\/technobats.ufo\/glyphs\/r.glif","\/technobats.ufo\/glyphs\/s.glif":"\/technobats.ufo\/glyphs\/s.glif","\/technobats.ufo\/glyphs\/space.glif":"\/technobats.ufo\/glyphs\/space.glif","\/technobats.ufo\/glyphs\/t.glif":"\/technobats.ufo\/glyphs\/t.glif","\/technobats.ufo\/glyphs\/u.glif":"\/technobats.ufo\/glyphs\/u.glif","\/technobats.ufo\/glyphs\/v.glif":"\/technobats.ufo\/glyphs\/v.glif","\/technobats.ufo\/glyphs\/w.glif":"\/technobats.ufo\/glyphs\/w.glif","\/technobats.ufo\/glyphs\/x.glif":"\/technobats.ufo\/glyphs\/x.glif","\/technobats.ufo\/glyphs\/y.glif":"\/technobats.ufo\/glyphs\/y.glif","\/technobats.ufo\/glyphs\/z.glif":"\/technobats.ufo\/glyphs\/z.glif"},"Font":{"uploaded":1472370216.8793,"licence":"gpl3","company":"Chronolabs Cooperative","title":"Technobats","version":3.002,"date":"Sun Aug 28 07:49:12 2016","creator":"root","type":"1","matrix":"0.000488281 0 0 0.000488281 0 0","named":"Technobats","painttype":"0","info":"10 dict dup","name":"Technobats","family":"Technobats","weight":"Book","fstype":"0","italicangle":"0","underlineposition":"","underlinethickness":""},"Licences":{"":false},"Table":{"FFTM":{"entryLength":16,"tag":"FFTM","checksum":1947015552,"offset":42252,"length":28},"GDEF":{"entryLength":16,"tag":"GDEF","checksum":6815748,"offset":42220,"length":32},"OS\/2":{"entryLength":16,"tag":"OS\/2","checksum":1672834889,"offset":344,"length":86},"cmap":{"entryLength":16,"tag":"cmap","checksum":3038084408,"offset":668,"length":362},"gasp":{"entryLength":16,"tag":"gasp","checksum":4294901763,"offset":42212,"length":8},"glyf":{"entryLength":16,"tag":"glyf","checksum":2885715846,"offset":1152,"length":40360},"head":{"entryLength":16,"tag":"head","checksum":581362472,"offset":220,"length":54},"hhea":{"entryLength":16,"tag":"hhea","checksum":591338270,"offset":276,"length":36},"hmtx":{"entryLength":16,"tag":"hmtx","checksum":713364494,"offset":432,"length":236},"loca":{"entryLength":16,"tag":"loca","checksum":3699117120,"offset":1032,"length":120},"maxp":{"entryLength":16,"tag":"maxp","checksum":11863189,"offset":312,"length":32},"name":{"entryLength":16,"tag":"name","checksum":1311304484,"offset":41512,"length":546},"post":{"entryLength":16,"tag":"post","checksum":111937327,"offset":42060,"length":152}},"UnicodeCharMap":{"0":1,"13":2,"32":3,"65":4,"66":5,"67":6,"68":7,"69":8,"70":9,"71":10,"72":11,"73":12,"74":13,"75":14,"76":15,"77":16,"78":17,"79":18,"80":19,"81":20,"82":21,"83":22,"84":23,"85":24,"86":25,"87":26,"88":27,"89":28,"90":29,"91":30,"93":31,"97":32,"98":33,"99":34,"100":35,"101":36,"102":37,"103":38,"104":39,"105":40,"106":41,"107":42,"108":43,"109":44,"110":45,"111":46,"112":47,"113":48,"114":49,"115":50,"116":51,"117":52,"118":53,"119":54,"120":55,"121":56,"122":57,"123":58},"Reserves":{"fontname":"Technobats"},"Names":{"Technobats":{"name":"Technobats","longitude":"0.00000001","latitude":"0.00000001","country":"","region":"","city":""}},"Nodes":{"te":{"type":"typal","node":"te","usage":1,"weight":1},"ts":{"type":"typal","node":"ts","usage":1,"weight":1},"tec":{"type":"typal","node":"tec","usage":1,"weight":1},"ats":{"type":"typal","node":"ats","usage":1,"weight":1},"tech":{"type":"keys","node":"tech","usage":1,"weight":1},"bats":{"type":"keys","node":"bats","usage":1,"weight":1},"techn":{"type":"keys","node":"techn","usage":1,"weight":1},"obats":{"type":"keys","node":"obats","usage":1,"weight":1},"technobats":{"type":"fixes","node":"technobats","usage":1,"weight":1}},"Contributors":[],"FontIdentity":"crash99:66993921af3090e5b9545f1a","Bytes":null,"Networking":[],"barcode":"qkeyeqa7mq24e","referee":"iy72w"}