{"CSS":{"Jerusalem":"Jerusalem.css"},"FontType":"TrueType","FontCopyright":"2003 Iconian Fonts - www.iconian.com","FontName":"Jerusalem","FontSubfamily":"Book","FontSubfamilyID":"FontForge 2.0 : Jerusalem : 20-12-2016","FontFullName":"Jerusalem","FontVersion":"Version 2 ","FontWeight":null,"FontPostscriptName":"Jerusalem","Files":{"jeruf.afm":"jeruf.afm","jeruf.bin":"jeruf.bin","jeruf.cef":"jeruf.cef","jeruf.cff":"jeruf.cff","jeruf.cid":"jeruf.cid","jeruf.dfont":"jeruf.dfont","jeruf.eot":"jeruf.eot","jeruf.fon":"jeruf.fon","jeruf.gai":"jeruf.gai","jeruf.gsf":"jeruf.gsf","jeruf.hqx":"jeruf.hqx","jeruf.ik":"jeruf.ik","jeruf.mf":"jeruf.mf","jeruf.otf":"jeruf.otf","jeruf.pcf":"jeruf.pcf","jeruf.pf3":"jeruf.pf3","jeruf.pfa":"jeruf.pfa","jeruf.pfb":"jeruf.pfb","jeruf.php":"jeruf.php","jeruf.pmf":"jeruf.pmf","jeruf.pt3":"jeruf.pt3","jeruf.sfd":"jeruf.sfd","jeruf.svg":"jeruf.svg","jeruf.t42":"jeruf.t42","jeruf.ttd":"jeruf.ttd","jeruf.ttf":"jeruf.ttf","jeruf.ttg":"jeruf.ttg","jeruf.ufm":"jeruf.ufm","jeruf.woff":"jeruf.woff","jeruf.z":"jeruf.z","":{"jeruf.afm":"jeruf.afm","jeruf.bin":"jeruf.bin","jeruf.cef":"jeruf.cef","jeruf.cff":"jeruf.cff","jeruf.cid":"jeruf.cid","jeruf.dfont":"jeruf.dfont","jeruf.eot":"jeruf.eot","jeruf.fon":"jeruf.fon","jeruf.gai":"jeruf.gai","jeruf.gsf":"jeruf.gsf","jeruf.hqx":"jeruf.hqx","jeruf.ik":"jeruf.ik","jeruf.mf":"jeruf.mf","jeruf.otf":"jeruf.otf","jeruf.pcf":"jeruf.pcf","jeruf.pf3":"jeruf.pf3","jeruf.pfa":"jeruf.pfa","jeruf.pfb":"jeruf.pfb","jeruf.php":"jeruf.php","jeruf.pmf":"jeruf.pmf","jeruf.pt3":"jeruf.pt3","jeruf.sfd":"jeruf.sfd","jeruf.svg":"jeruf.svg","jeruf.t42":"jeruf.t42","jeruf.ttd":"jeruf.ttd","jeruf.ttf":"jeruf.ttf","jeruf.ttg":"jeruf.ttg","jeruf.ufm":"jeruf.ufm","jeruf.woff":"jeruf.woff","jeruf.z":"jeruf.z"},"\/jeruf.ufo":{"feature.fea":"feature.fea","fontinfo.plist":"fontinfo.plist","groups.plist":"groups.plist","kerning.plist":"kerning.plist","metainfo.plist":"metainfo.plist"},"\/jeruf.ufo\/glyphs":{"A_.glif":"A_.glif","B_.glif":"B_.glif","C_.glif":"C_.glif","D_.glif":"D_.glif","E_.glif":"E_.glif","F_.glif":"F_.glif","F_L_0020h.glif":"F_L_0020h.glif","F_L_0023h.glif":"F_L_0023h.glif","F_L_0024h.glif":"F_L_0024h.glif","F_L_0025h.glif":"F_L_0025h.glif","F_L_002A_h.glif":"F_L_002A_h.glif","F_L_003F_h.glif":"F_L_003F_h.glif","F_L_0040h.glif":"F_L_0040h.glif","F_L_005E_h.glif":"F_L_005E_h.glif","F_L_005F_h.glif":"F_L_005F_h.glif","F_L_0060h.glif":"F_L_0060h.glif","F_L_007E_h.glif":"F_L_007E_h.glif","F_L_00A_0h.glif":"F_L_00A_0h.glif","F_L_00A_1h.glif":"F_L_00A_1h.glif","F_L_00A_2h.glif":"F_L_00A_2h.glif","F_L_00A_3h.glif":"F_L_00A_3h.glif","F_L_00A_4h.glif":"F_L_00A_4h.glif","F_L_00A_5h.glif":"F_L_00A_5h.glif","F_L_00A_6h.glif":"F_L_00A_6h.glif","F_L_00A_7h.glif":"F_L_00A_7h.glif","F_L_00A_8h.glif":"F_L_00A_8h.glif","F_L_00A_9h.glif":"F_L_00A_9h.glif","F_L_00A_A_h.glif":"F_L_00A_A_h.glif","F_L_00A_B_h.glif":"F_L_00A_B_h.glif","F_L_00A_C_h.glif":"F_L_00A_C_h.glif","F_L_00A_D_h.glif":"F_L_00A_D_h.glif","F_L_00A_E_h.glif":"F_L_00A_E_h.glif","F_L_00A_F_h.glif":"F_L_00A_F_h.glif","F_L_00B_0h.glif":"F_L_00B_0h.glif","F_L_00B_1h.glif":"F_L_00B_1h.glif","F_L_00B_2h.glif":"F_L_00B_2h.glif","F_L_00B_3h.glif":"F_L_00B_3h.glif","F_L_00B_4h.glif":"F_L_00B_4h.glif","F_L_00B_5h.glif":"F_L_00B_5h.glif","F_L_00B_6h.glif":"F_L_00B_6h.glif","F_L_00B_7h.glif":"F_L_00B_7h.glif","F_L_00B_8h.glif":"F_L_00B_8h.glif","F_L_00B_9h.glif":"F_L_00B_9h.glif","F_L_00B_A_h.glif":"F_L_00B_A_h.glif","F_L_00B_B_h.glif":"F_L_00B_B_h.glif","F_L_00B_C_h.glif":"F_L_00B_C_h.glif","F_L_00B_D_h.glif":"F_L_00B_D_h.glif","F_L_00B_E_h.glif":"F_L_00B_E_h.glif","F_L_00B_F_h.glif":"F_L_00B_F_h.glif","F_L_00C_1h.glif":"F_L_00C_1h.glif","F_L_00C_2h.glif":"F_L_00C_2h.glif","F_L_00C_3h.glif":"F_L_00C_3h.glif","F_L_00C_4h.glif":"F_L_00C_4h.glif","F_L_00C_5h.glif":"F_L_00C_5h.glif","F_L_00C_6h.glif":"F_L_00C_6h.glif","F_L_00C_7h.glif":"F_L_00C_7h.glif","F_L_00C_8h.glif":"F_L_00C_8h.glif","F_L_00C_9h.glif":"F_L_00C_9h.glif","F_L_00C_A_h.glif":"F_L_00C_A_h.glif","F_L_00C_B_h.glif":"F_L_00C_B_h.glif","F_L_00C_C_h.glif":"F_L_00C_C_h.glif","F_L_00C_D_h.glif":"F_L_00C_D_h.glif","F_L_00C_E_h.glif":"F_L_00C_E_h.glif","F_L_00C_F_h.glif":"F_L_00C_F_h.glif","F_L_00D_0h.glif":"F_L_00D_0h.glif","F_L_00D_1h.glif":"F_L_00D_1h.glif","F_L_00D_2h.glif":"F_L_00D_2h.glif","F_L_00D_3h.glif":"F_L_00D_3h.glif","F_L_00D_4h.glif":"F_L_00D_4h.glif","F_L_00D_5h.glif":"F_L_00D_5h.glif","F_L_00D_6h.glif":"F_L_00D_6h.glif","F_L_00D_7h.glif":"F_L_00D_7h.glif","F_L_00D_8h.glif":"F_L_00D_8h.glif","F_L_00D_A_h.glif":"F_L_00D_A_h.glif","F_L_00D_B_h.glif":"F_L_00D_B_h.glif","F_L_00D_C_h.glif":"F_L_00D_C_h.glif","F_L_00D_D_h.glif":"F_L_00D_D_h.glif","F_L_00D_E_h.glif":"F_L_00D_E_h.glif","F_L_00D_F_h.glif":"F_L_00D_F_h.glif","F_L_00E_0h.glif":"F_L_00E_0h.glif","F_L_00E_1h.glif":"F_L_00E_1h.glif","F_L_00E_2h.glif":"F_L_00E_2h.glif","F_L_00E_4h.glif":"F_L_00E_4h.glif","F_L_00E_5h.glif":"F_L_00E_5h.glif","F_L_00E_6h.glif":"F_L_00E_6h.glif","F_L_00E_7h.glif":"F_L_00E_7h.glif","F_L_00E_8h.glif":"F_L_00E_8h.glif","F_L_00E_9h.glif":"F_L_00E_9h.glif","F_L_00E_A_h.glif":"F_L_00E_A_h.glif","F_L_00E_B_h.glif":"F_L_00E_B_h.glif","F_L_00E_C_h.glif":"F_L_00E_C_h.glif","F_L_00E_D_h.glif":"F_L_00E_D_h.glif","F_L_00E_E_h.glif":"F_L_00E_E_h.glif","F_L_00E_F_h.glif":"F_L_00E_F_h.glif","F_L_00F_0h.glif":"F_L_00F_0h.glif","F_L_00F_1h.glif":"F_L_00F_1h.glif","F_L_00F_2h.glif":"F_L_00F_2h.glif","F_L_00F_3h.glif":"F_L_00F_3h.glif","F_L_00F_4h.glif":"F_L_00F_4h.glif","F_L_00F_5h.glif":"F_L_00F_5h.glif","F_L_00F_6h.glif":"F_L_00F_6h.glif","F_L_00F_7h.glif":"F_L_00F_7h.glif","F_L_00F_8h.glif":"F_L_00F_8h.glif","F_L_00F_9h.glif":"F_L_00F_9h.glif","F_L_00F_A_h.glif":"F_L_00F_A_h.glif","F_L_00F_B_h.glif":"F_L_00F_B_h.glif","F_L_00F_C_h.glif":"F_L_00F_C_h.glif","F_L_00F_D_h.glif":"F_L_00F_D_h.glif","F_L_00F_E_h.glif":"F_L_00F_E_h.glif","F_L_00F_F_h.glif":"F_L_00F_F_h.glif","F_L_0152h.glif":"F_L_0152h.glif","F_L_0153h.glif":"F_L_0153h.glif","F_L_0160h.glif":"F_L_0160h.glif","F_L_0161h.glif":"F_L_0161h.glif","F_L_0178h.glif":"F_L_0178h.glif","F_L_017D_h.glif":"F_L_017D_h.glif","F_L_017E_h.glif":"F_L_017E_h.glif","F_L_0192h.glif":"F_L_0192h.glif","F_L_02C_6h.glif":"F_L_02C_6h.glif","F_L_02D_C_h.glif":"F_L_02D_C_h.glif","F_L_2013h.glif":"F_L_2013h.glif","F_L_2014h.glif":"F_L_2014h.glif","F_L_2018h.glif":"F_L_2018h.glif","F_L_2019h.glif":"F_L_2019h.glif","F_L_201A_h.glif":"F_L_201A_h.glif","F_L_201C_h.glif":"F_L_201C_h.glif","F_L_201D_h.glif":"F_L_201D_h.glif","F_L_201E_h.glif":"F_L_201E_h.glif","F_L_2020h.glif":"F_L_2020h.glif","F_L_2021h.glif":"F_L_2021h.glif","F_L_2022h.glif":"F_L_2022h.glif","F_L_2026h.glif":"F_L_2026h.glif","F_L_2030h.glif":"F_L_2030h.glif","F_L_2039h.glif":"F_L_2039h.glif","F_L_203A_h.glif":"F_L_203A_h.glif","F_L_20A_C_h.glif":"F_L_20A_C_h.glif","F_L_2122h.glif":"F_L_2122h.glif","G_.glif":"G_.glif","H_.glif":"H_.glif","I_.glif":"I_.glif","J_.glif":"J_.glif","K_.glif":"K_.glif","L_.glif":"L_.glif","M_.glif":"M_.glif","N_.glif":"N_.glif","O_.glif":"O_.glif","P_.glif":"P_.glif","Q_.glif":"Q_.glif","R_.glif":"R_.glif","S_.glif":"S_.glif","T_.glif":"T_.glif","U_.glif":"U_.glif","V_.glif":"V_.glif","W_.glif":"W_.glif","X_.glif":"X_.glif","Y_.glif":"Y_.glif","Z_.glif":"Z_.glif","_notdef.glif":"_notdef.glif","_null.glif":"_null.glif","a.glif":"a.glif","ampersand.glif":"ampersand.glif","b.glif":"b.glif","backslash.glif":"backslash.glif","bar.glif":"bar.glif","braceleft.glif":"braceleft.glif","braceright.glif":"braceright.glif","bracketleft.glif":"bracketleft.glif","bracketright.glif":"bracketright.glif","c.glif":"c.glif","colon.glif":"colon.glif","comma.glif":"comma.glif","contents.plist":"contents.plist","d.glif":"d.glif","e.glif":"e.glif","eight.glif":"eight.glif","equal.glif":"equal.glif","exclam.glif":"exclam.glif","f.glif":"f.glif","five.glif":"five.glif","four.glif":"four.glif","g.glif":"g.glif","grave.glif":"grave.glif","greater.glif":"greater.glif","h.glif":"h.glif","hyphen.glif":"hyphen.glif","i.glif":"i.glif","j.glif":"j.glif","k.glif":"k.glif","l.glif":"l.glif","less.glif":"less.glif","m.glif":"m.glif","n.glif":"n.glif","nine.glif":"nine.glif","nonmarkingreturn.glif":"nonmarkingreturn.glif","o.glif":"o.glif","one.glif":"one.glif","p.glif":"p.glif","parenleft.glif":"parenleft.glif","parenright.glif":"parenright.glif","period.glif":"period.glif","plus.glif":"plus.glif","q.glif":"q.glif","question.glif":"question.glif","quotedbl.glif":"quotedbl.glif","quotesingle.glif":"quotesingle.glif","r.glif":"r.glif","s.glif":"s.glif","semicolon.glif":"semicolon.glif","seven.glif":"seven.glif","six.glif":"six.glif","slash.glif":"slash.glif","t.glif":"t.glif","three.glif":"three.glif","two.glif":"two.glif","u.glif":"u.glif","underscore.glif":"underscore.glif","v.glif":"v.glif","w.glif":"w.glif","x.glif":"x.glif","y.glif":"y.glif","z.glif":"z.glif","zero.glif":"zero.glif"}},"Font":{"uploaded":1482172083.8924,"licence":"gpl3","company":"Chronolabs Cooperative","title":"Jerusalem","version":2.001,"date":"Fri Oct 14 23:36:16 2016","creator":"root","type":"1","matrix":"0.001 0 0 0.001 0 0","named":"Jerusalem","painttype":"0","info":"10 dict dup","name":"Jerusalem","family":"Jerusalem","weight":"Book","fstype":"0","italicangle":"0","underlineposition":"","underlinethickness":""},"Table":{"FFTM":{"entryLength":16,"tag":"FFTM","checksum":1955243600,"offset":55620,"length":28},"GDEF":{"entryLength":16,"tag":"GDEF","checksum":17432580,"offset":55588,"length":32},"OS\/2":{"entryLength":16,"tag":"OS\/2","checksum":1446993743,"offset":344,"length":86},"cmap":{"entryLength":16,"tag":"cmap","checksum":641063680,"offset":1316,"length":474},"gasp":{"entryLength":16,"tag":"gasp","checksum":4294901763,"offset":55580,"length":8},"glyf":{"entryLength":16,"tag":"glyf","checksum":3772409526,"offset":2236,"length":51280},"head":{"entryLength":16,"tag":"head","checksum":232059254,"offset":220,"length":54},"hhea":{"entryLength":16,"tag":"hhea","checksum":153617905,"offset":276,"length":36},"hmtx":{"entryLength":16,"tag":"hmtx","checksum":1785072682,"offset":432,"length":884},"loca":{"entryLength":16,"tag":"loca","checksum":2186130406,"offset":1792,"length":444},"maxp":{"entryLength":16,"tag":"maxp","checksum":19661017,"offset":312,"length":32},"name":{"entryLength":16,"tag":"name","checksum":4270015478,"offset":53516,"length":540},"post":{"entryLength":16,"tag":"post","checksum":3550559844,"offset":54056,"length":1524}},"UnicodeCharMap":{"0":1,"13":2,"33":4,"34":5,"38":9,"39":10,"40":11,"41":12,"43":14,"44":15,"45":16,"46":17,"47":18,"48":19,"49":20,"50":21,"51":22,"52":23,"53":24,"54":25,"55":26,"56":27,"57":28,"58":29,"59":30,"60":31,"61":32,"62":33,"63":129,"65":36,"66":37,"67":38,"68":39,"69":40,"70":41,"71":42,"72":43,"73":44,"74":45,"75":46,"76":47,"77":48,"78":49,"79":50,"80":51,"81":52,"82":53,"83":54,"84":55,"85":56,"86":57,"87":58,"88":59,"89":60,"90":61,"91":62,"92":63,"93":64,"95":164,"96":162,"97":68,"98":69,"99":70,"100":71,"101":72,"102":73,"103":74,"104":75,"105":76,"106":77,"107":78,"108":79,"109":80,"110":81,"111":82,"112":83,"113":84,"114":85,"115":86,"116":87,"117":88,"118":89,"119":90,"120":91,"121":92,"122":93,"123":94,"124":95,"125":96},"Reserves":null,"Names":[],"Nodes":{"je":{"type":"typal","node":"je","usage":1,"weight":1},"em":{"type":"typal","node":"em","usage":1,"weight":1},"jer":{"type":"typal","node":"jer","usage":1,"weight":1},"lem":{"type":"typal","node":"lem","usage":1,"weight":1},"jeru":{"type":"keys","node":"jeru","usage":1,"weight":1},"alem":{"type":"keys","node":"alem","usage":1,"weight":1},"jerus":{"type":"keys","node":"jerus","usage":1,"weight":1},"salem":{"type":"keys","node":"salem","usage":1,"weight":1},"jerusalem":{"type":"fixes","node":"jerusalem","usage":1,"weight":1}},"Contributors":[],"FontIdentity":"a7c3fa5924625a2cb7a0453f95f2981d","Bytes":4714920,"Networking":[],"barcode":"skuSeGOWeW5Kq","referee":"eysaw"}