{"CSS":{"Sari-MediumCapsExp":"Sari-MediumCapsExp.css"},"FontType":"TrueType","FontCopyright":"< info@fontfont.de > Copyright Hans Reichel, 1999. Published by FontShop International.  FontFont Release 24","FontName":"Sari","FontSubfamily":"MediumCapsExp","FontSubfamilyID":"FontForge 2.0 : Sari-MediumCapsExp : 19-8-2016","FontFullName":"Sari Medium Caps Exp","FontVersion":"Version 001.000 ","FontWeight":null,"FontPostscriptName":"Sari-MediumCapsExp","Files":{"sari-mediumcapsexp.afm":"sari-mediumcapsexp.afm","sari-mediumcapsexp.bin":"sari-mediumcapsexp.bin","sari-mediumcapsexp.cef":"sari-mediumcapsexp.cef","sari-mediumcapsexp.cff":"sari-mediumcapsexp.cff","sari-mediumcapsexp.cid":"sari-mediumcapsexp.cid","sari-mediumcapsexp.dfont":"sari-mediumcapsexp.dfont","sari-mediumcapsexp.eot":"sari-mediumcapsexp.eot","sari-mediumcapsexp.fon":"sari-mediumcapsexp.fon","sari-mediumcapsexp.gai":"sari-mediumcapsexp.gai","sari-mediumcapsexp.gsf":"sari-mediumcapsexp.gsf","sari-mediumcapsexp.hqx":"sari-mediumcapsexp.hqx","sari-mediumcapsexp.ik":"sari-mediumcapsexp.ik","sari-mediumcapsexp.mf":"sari-mediumcapsexp.mf","sari-mediumcapsexp.otf":"sari-mediumcapsexp.otf","sari-mediumcapsexp.pcf":"sari-mediumcapsexp.pcf","sari-mediumcapsexp.pf3":"sari-mediumcapsexp.pf3","sari-mediumcapsexp.pfa":"sari-mediumcapsexp.pfa","sari-mediumcapsexp.pfb":"sari-mediumcapsexp.pfb","sari-mediumcapsexp.php":"sari-mediumcapsexp.php","sari-mediumcapsexp.pmf":"sari-mediumcapsexp.pmf","sari-mediumcapsexp.pt3":"sari-mediumcapsexp.pt3","sari-mediumcapsexp.sfd":"sari-mediumcapsexp.sfd","sari-mediumcapsexp.svg":"sari-mediumcapsexp.svg","sari-mediumcapsexp.t42":"sari-mediumcapsexp.t42","sari-mediumcapsexp.ttd":"sari-mediumcapsexp.ttd","sari-mediumcapsexp.ttf":"sari-mediumcapsexp.ttf","sari-mediumcapsexp.ttg":"sari-mediumcapsexp.ttg","sari-mediumcapsexp.ufm":"sari-mediumcapsexp.ufm","sari-mediumcapsexp.woff":"sari-mediumcapsexp.woff","sari-mediumcapsexp.z":"sari-mediumcapsexp.z","":{"sari-mediumcapsexp.afm":"sari-mediumcapsexp.afm","sari-mediumcapsexp.bin":"sari-mediumcapsexp.bin","sari-mediumcapsexp.cef":"sari-mediumcapsexp.cef","sari-mediumcapsexp.cff":"sari-mediumcapsexp.cff","sari-mediumcapsexp.cid":"sari-mediumcapsexp.cid","sari-mediumcapsexp.dfont":"sari-mediumcapsexp.dfont","sari-mediumcapsexp.eot":"sari-mediumcapsexp.eot","sari-mediumcapsexp.fon":"sari-mediumcapsexp.fon","sari-mediumcapsexp.gai":"sari-mediumcapsexp.gai","sari-mediumcapsexp.gsf":"sari-mediumcapsexp.gsf","sari-mediumcapsexp.hqx":"sari-mediumcapsexp.hqx","sari-mediumcapsexp.ik":"sari-mediumcapsexp.ik","sari-mediumcapsexp.mf":"sari-mediumcapsexp.mf","sari-mediumcapsexp.otf":"sari-mediumcapsexp.otf","sari-mediumcapsexp.pcf":"sari-mediumcapsexp.pcf","sari-mediumcapsexp.pf3":"sari-mediumcapsexp.pf3","sari-mediumcapsexp.pfa":"sari-mediumcapsexp.pfa","sari-mediumcapsexp.pfb":"sari-mediumcapsexp.pfb","sari-mediumcapsexp.php":"sari-mediumcapsexp.php","sari-mediumcapsexp.pmf":"sari-mediumcapsexp.pmf","sari-mediumcapsexp.pt3":"sari-mediumcapsexp.pt3","sari-mediumcapsexp.sfd":"sari-mediumcapsexp.sfd","sari-mediumcapsexp.svg":"sari-mediumcapsexp.svg","sari-mediumcapsexp.t42":"sari-mediumcapsexp.t42","sari-mediumcapsexp.ttd":"sari-mediumcapsexp.ttd","sari-mediumcapsexp.ttf":"sari-mediumcapsexp.ttf","sari-mediumcapsexp.ttg":"sari-mediumcapsexp.ttg","sari-mediumcapsexp.ufm":"sari-mediumcapsexp.ufm","sari-mediumcapsexp.woff":"sari-mediumcapsexp.woff","sari-mediumcapsexp.z":"sari-mediumcapsexp.z"},"\/sari-mediumcapsexp.ufo":{"feature.fea":"feature.fea","fontinfo.plist":"fontinfo.plist","groups.plist":"groups.plist","kerning.plist":"kerning.plist","metainfo.plist":"metainfo.plist"},"\/sari-mediumcapsexp.ufo\/glyphs":{"A_.glif":"A_.glif","A_E_.glif":"A_E_.glif","A_acute.glif":"A_acute.glif","A_circumflex.glif":"A_circumflex.glif","A_dieresis.glif":"A_dieresis.glif","A_grave.glif":"A_grave.glif","A_ring.glif":"A_ring.glif","A_tilde.glif":"A_tilde.glif","B_.glif":"B_.glif","C_.glif":"C_.glif","C_cedilla.glif":"C_cedilla.glif","D_.glif":"D_.glif","D_elta.glif":"D_elta.glif","E_.glif":"E_.glif","E_acute.glif":"E_acute.glif","E_circumflex.glif":"E_circumflex.glif","E_dieresis.glif":"E_dieresis.glif","E_grave.glif":"E_grave.glif","E_th.glif":"E_th.glif","F_.glif":"F_.glif","G_.glif":"G_.glif","H_.glif":"H_.glif","I_.glif":"I_.glif","I_acute.glif":"I_acute.glif","I_circumflex.glif":"I_circumflex.glif","I_dieresis.glif":"I_dieresis.glif","I_grave.glif":"I_grave.glif","J_.glif":"J_.glif","K_.glif":"K_.glif","L_.glif":"L_.glif","L_slash.glif":"L_slash.glif","M_.glif":"M_.glif","N_.glif":"N_.glif","N_tilde.glif":"N_tilde.glif","O_.glif":"O_.glif","O_E_.glif":"O_E_.glif","O_acute.glif":"O_acute.glif","O_circumflex.glif":"O_circumflex.glif","O_dieresis.glif":"O_dieresis.glif","O_grave.glif":"O_grave.glif","O_mega.glif":"O_mega.glif","O_slash.glif":"O_slash.glif","O_tilde.glif":"O_tilde.glif","P_.glif":"P_.glif","Q_.glif":"Q_.glif","R_.glif":"R_.glif","S_.glif":"S_.glif","S_caron.glif":"S_caron.glif","T_.glif":"T_.glif","T_horn.glif":"T_horn.glif","U_.glif":"U_.glif","U_acute.glif":"U_acute.glif","U_circumflex.glif":"U_circumflex.glif","U_dieresis.glif":"U_dieresis.glif","U_grave.glif":"U_grave.glif","V_.glif":"V_.glif","W_.glif":"W_.glif","X_.glif":"X_.glif","Y_.glif":"Y_.glif","Y_acute.glif":"Y_acute.glif","Y_dieresis.glif":"Y_dieresis.glif","Z_.glif":"Z_.glif","Z_caron.glif":"Z_caron.glif","a.glif":"a.glif","aacute.glif":"aacute.glif","acircumflex.glif":"acircumflex.glif","acute.glif":"acute.glif","adieresis.glif":"adieresis.glif","ae.glif":"ae.glif","agrave.glif":"agrave.glif","ampersand.glif":"ampersand.glif","apple.glif":"apple.glif","approxequal.glif":"approxequal.glif","aring.glif":"aring.glif","asciicircum.glif":"asciicircum.glif","asciitilde.glif":"asciitilde.glif","asterisk.glif":"asterisk.glif","at.glif":"at.glif","atilde.glif":"atilde.glif","b.glif":"b.glif","backslash.glif":"backslash.glif","bar.glif":"bar.glif","braceleft.glif":"braceleft.glif","braceright.glif":"braceright.glif","bracketleft.glif":"bracketleft.glif","bracketright.glif":"bracketright.glif","breve.glif":"breve.glif","brokenbar.glif":"brokenbar.glif","bullet.glif":"bullet.glif","c.glif":"c.glif","caron.glif":"caron.glif","ccedilla.glif":"ccedilla.glif","cedilla.glif":"cedilla.glif","cent.glif":"cent.glif","circumflex.glif":"circumflex.glif","colon.glif":"colon.glif","comma.glif":"comma.glif","contents.plist":"contents.plist","copyright.glif":"copyright.glif","currency.glif":"currency.glif","d.glif":"d.glif","dagger.glif":"dagger.glif","daggerdbl.glif":"daggerdbl.glif","degree.glif":"degree.glif","dieresis.glif":"dieresis.glif","divide.glif":"divide.glif","dollar.glif":"dollar.glif","dotaccent.glif":"dotaccent.glif","dotlessi.glif":"dotlessi.glif","e.glif":"e.glif","eacute.glif":"eacute.glif","ecircumflex.glif":"ecircumflex.glif","edieresis.glif":"edieresis.glif","egrave.glif":"egrave.glif","eight.glif":"eight.glif","ellipsis.glif":"ellipsis.glif","emdash.glif":"emdash.glif","endash.glif":"endash.glif","equal.glif":"equal.glif","eth.glif":"eth.glif","exclam.glif":"exclam.glif","exclamdown.glif":"exclamdown.glif","f.glif":"f.glif","fi.glif":"fi.glif","five.glif":"five.glif","fl.glif":"fl.glif","florin.glif":"florin.glif","four.glif":"four.glif","fraction.glif":"fraction.glif","g.glif":"g.glif","germandbls.glif":"germandbls.glif","grave.glif":"grave.glif","greater.glif":"greater.glif","greaterequal.glif":"greaterequal.glif","guillemotleft.glif":"guillemotleft.glif","guillemotright.glif":"guillemotright.glif","guilsinglleft.glif":"guilsinglleft.glif","guilsinglright.glif":"guilsinglright.glif","h.glif":"h.glif","hungarumlaut.glif":"hungarumlaut.glif","hyphen.glif":"hyphen.glif","i.glif":"i.glif","iacute.glif":"iacute.glif","icircumflex.glif":"icircumflex.glif","idieresis.glif":"idieresis.glif","igrave.glif":"igrave.glif","infinity.glif":"infinity.glif","integral.glif":"integral.glif","j.glif":"j.glif","k.glif":"k.glif","l.glif":"l.glif","less.glif":"less.glif","lessequal.glif":"lessequal.glif","logicalnot.glif":"logicalnot.glif","lozenge.glif":"lozenge.glif","lslash.glif":"lslash.glif","m.glif":"m.glif","macron.glif":"macron.glif","minus.glif":"minus.glif","mu.glif":"mu.glif","multiply.glif":"multiply.glif","n.glif":"n.glif","nbspace.glif":"nbspace.glif","nine.glif":"nine.glif","notequal.glif":"notequal.glif","ntilde.glif":"ntilde.glif","numbersign.glif":"numbersign.glif","o.glif":"o.glif","oacute.glif":"oacute.glif","ocircumflex.glif":"ocircumflex.glif","odieresis.glif":"odieresis.glif","oe.glif":"oe.glif","ogonek.glif":"ogonek.glif","ograve.glif":"ograve.glif","one.glif":"one.glif","onehalf.glif":"onehalf.glif","onequarter.glif":"onequarter.glif","onesuperior.glif":"onesuperior.glif","ordfeminine.glif":"ordfeminine.glif","ordmasculine.glif":"ordmasculine.glif","oslash.glif":"oslash.glif","otilde.glif":"otilde.glif","p.glif":"p.glif","paragraph.glif":"paragraph.glif","parenleft.glif":"parenleft.glif","parenright.glif":"parenright.glif","partialdiff.glif":"partialdiff.glif","percent.glif":"percent.glif","period.glif":"period.glif","periodcentered.glif":"periodcentered.glif","perthousand.glif":"perthousand.glif","pi.glif":"pi.glif","plus.glif":"plus.glif","plusminus.glif":"plusminus.glif","product.glif":"product.glif","q.glif":"q.glif","question.glif":"question.glif","questiondown.glif":"questiondown.glif","quotedbl.glif":"quotedbl.glif","quotedblbase.glif":"quotedblbase.glif","quotedblleft.glif":"quotedblleft.glif","quotedblright.glif":"quotedblright.glif","quoteleft.glif":"quoteleft.glif","quoteright.glif":"quoteright.glif","quotesinglbase.glif":"quotesinglbase.glif","quotesingle.glif":"quotesingle.glif","r.glif":"r.glif","radical.glif":"radical.glif","registered.glif":"registered.glif","ring.glif":"ring.glif","s.glif":"s.glif","scaron.glif":"scaron.glif","section.glif":"section.glif","semicolon.glif":"semicolon.glif","seven.glif":"seven.glif","six.glif":"six.glif","slash.glif":"slash.glif","space.glif":"space.glif","sterling.glif":"sterling.glif","summation.glif":"summation.glif","t.glif":"t.glif","thorn.glif":"thorn.glif","three.glif":"three.glif","threequarters.glif":"threequarters.glif","threesuperior.glif":"threesuperior.glif","tilde.glif":"tilde.glif","trademark.glif":"trademark.glif","two.glif":"two.glif","twosuperior.glif":"twosuperior.glif","u.glif":"u.glif","uacute.glif":"uacute.glif","ucircumflex.glif":"ucircumflex.glif","udieresis.glif":"udieresis.glif","ugrave.glif":"ugrave.glif","underscore.glif":"underscore.glif","v.glif":"v.glif","w.glif":"w.glif","x.glif":"x.glif","y.glif":"y.glif","yacute.glif":"yacute.glif","ydieresis.glif":"ydieresis.glif","yen.glif":"yen.glif","z.glif":"z.glif","zcaron.glif":"zcaron.glif","zero.glif":"zero.glif"}},"Font":{"uploaded":1471574808.4657,"licence":"gpl3","company":"Chronolabs Cooperative","title":"Serifa Std Italic","version":2.001,"date":"Fri Aug 12 07:03:14 2016","creator":"root","type":"1","matrix":"0.001 0 0 0.001 0 0","named":"SerifaStd-Italic","painttype":"0","info":"11 dict dup","name":"Serifa Std 56 Italic","family":"Serifa Std","weight":"Roman","fstype":"8","italicangle":"-12","underlineposition":"","underlinethickness":""},"Table":{"FFTM":{"entryLength":16,"tag":"FFTM","checksum":1944345120,"offset":16140,"length":28},"GDEF":{"entryLength":16,"tag":"GDEF","checksum":19136518,"offset":16108,"length":32},"OS\/2":{"entryLength":16,"tag":"OS\/2","checksum":2009676596,"offset":344,"length":86},"cmap":{"entryLength":16,"tag":"cmap","checksum":1161108347,"offset":1420,"length":1046},"gasp":{"entryLength":16,"tag":"gasp","checksum":4294901763,"offset":16100,"length":8},"glyf":{"entryLength":16,"tag":"glyf","checksum":411688321,"offset":2964,"length":11736},"head":{"entryLength":16,"tag":"head","checksum":170713842,"offset":220,"length":54},"hhea":{"entryLength":16,"tag":"hhea","checksum":118227822,"offset":276,"length":36},"hmtx":{"entryLength":16,"tag":"hmtx","checksum":2031030251,"offset":432,"length":988},"loca":{"entryLength":16,"tag":"loca","checksum":2946480808,"offset":2468,"length":496},"maxp":{"entryLength":16,"tag":"maxp","checksum":21496010,"offset":312,"length":32},"name":{"entryLength":16,"tag":"name","checksum":2363652571,"offset":14700,"length":864},"post":{"entryLength":16,"tag":"post","checksum":3010527720,"offset":15564,"length":536}},"UnicodeCharMap":{"32":3,"33":4,"34":5,"35":6,"36":7,"37":8,"38":9,"39":106,"40":11,"41":12,"42":13,"43":14,"44":15,"45":16,"46":17,"47":18,"48":19,"49":20,"50":21,"51":22,"52":23,"53":24,"54":25,"55":26,"56":27,"57":28,"58":29,"59":30,"60":31,"61":32,"62":33,"63":34,"64":35,"65":36,"66":37,"67":38,"68":39,"69":40,"70":41,"71":42,"72":43,"73":44,"74":45,"75":46,"76":47,"77":48,"78":49,"79":50,"80":51,"81":52,"82":53,"83":54,"84":55,"85":56,"86":57,"87":58,"88":59,"89":60,"90":61,"91":62,"92":63,"93":64,"94":65,"95":66,"96":126,"97":68,"98":69,"99":70,"100":71,"101":72,"102":73,"103":74,"104":75,"105":76,"106":77,"107":78,"108":79,"109":80,"110":81,"111":82,"112":83,"113":84,"114":85,"115":86,"116":87,"117":88,"118":89,"119":90,"120":91,"121":92,"122":93,"123":94,"124":95,"125":96,"126":97,"160":222,"161":98,"162":99,"163":100,"164":105,"165":102,"166":167,"167":104,"168":133,"169":204,"170":141,"171":108,"172":218,"174":203,"175":130,"176":202,"177":208,"178":166,"179":165,"180":127,"182":117,"183":116,"184":135,"185":163,"186":145,"187":122,"188":162,"189":161,"190":164,"191":125,"192":223,"193":232,"194":230,"195":224,"196":170,"197":171,"198":140,"199":172,"200":234,"201":173,"202":231,"203":233,"204":238,"205":235,"206":236,"207":237,"208":246,"209":174,"210":242,"211":239,"212":240,"213":225,"214":175,"215":169,"216":143,"217":245,"218":243,"219":244,"220":176,"221":155,"222":157,"223":151,"224":178,"225":177,"226":179,"227":181,"228":180,"229":182,"230":146,"231":183,"232":185,"233":184,"234":186,"235":187,"236":189,"237":188,"238":190,"239":191,"240":152,"241":192,"242":194,"243":193,"244":195,"245":197,"246":196,"247":226,"248":149,"249":199,"250":198,"251":200,"252":201,"253":156,"254":158,"255":228,"305":147,"321":142,"322":148,"338":144,"339":150,"352":153,"353":154,"376":229,"381":159,"382":160,"402":103,"710":128,"711":138,"728":131,"729":132,"730":134,"731":137,"732":129,"733":136,"916":221,"937":217,"956":211,"960":215,"8211":113,"8212":139,"8216":67,"8217":10,"8218":119,"8220":107,"8221":121,"8222":120,"8224":114,"8225":115,"8226":118,"8230":123,"8240":124,"8249":109,"8250":110,"8260":101,"8482":205,"8706":212,"8719":214,"8721":213,"8722":168,"8730":219,"8734":207,"8747":216,"8776":220,"8800":206,"8804":209,"8805":210,"9674":227,"64257":111,"64258":112},"Reserves":null,"Names":[],"Nodes":{"sa":{"type":"typal","node":"sa","usage":1,"weight":1},"ri":{"type":"typal","node":"ri","usage":1,"weight":1},"sar":{"type":"typal","node":"sar","usage":1,"weight":1},"ari":{"type":"typal","node":"ari","usage":1,"weight":1},"sari":{"type":"fixes","node":"sari","usage":1,"weight":1}},"Contributors":[],"FontIdentity":"0bebe922c6454db2470190261af94262","Bytes":1672481,"Networking":[],"barcode":"12GyOammGaAWa","referee":"yo5qiq0o"}