{"CSS":{"Schootz Regular":"Schootz+Regular.css"},"FontType":"TrueType","FontCopyright":"Generated by Metamorphosis Professional 2.03","FontName":"Schootz","FontSubfamily":"Regular","FontSubfamilyID":"FontForge 2.0 : Schootz Regular : 25-12-2016","FontFullName":"Schootz Regular","FontVersion":"Version Altsys Metamorphosis ","FontWeight":null,"FontPostscriptName":"SchootzRegular","Files":{"schootz.afm":"schootz.afm","schootz.bin":"schootz.bin","schootz.cef":"schootz.cef","schootz.cff":"schootz.cff","schootz.cid":"schootz.cid","schootz.dfont":"schootz.dfont","schootz.eot":"schootz.eot","schootz.fon":"schootz.fon","schootz.gai":"schootz.gai","schootz.gsf":"schootz.gsf","schootz.hqx":"schootz.hqx","schootz.ik":"schootz.ik","schootz.mf":"schootz.mf","schootz.otf":"schootz.otf","schootz.pcf":"schootz.pcf","schootz.pf3":"schootz.pf3","schootz.pfa":"schootz.pfa","schootz.pfb":"schootz.pfb","schootz.php":"schootz.php","schootz.pmf":"schootz.pmf","schootz.pt3":"schootz.pt3","schootz.sfd":"schootz.sfd","schootz.svg":"schootz.svg","schootz.t42":"schootz.t42","schootz.ttd":"schootz.ttd","schootz.ttf":"schootz.ttf","schootz.ttg":"schootz.ttg","schootz.ufm":"schootz.ufm","schootz.woff":"schootz.woff","schootz.z":"schootz.z","":{"schootz.afm":"schootz.afm","schootz.bin":"schootz.bin","schootz.cef":"schootz.cef","schootz.cff":"schootz.cff","schootz.cid":"schootz.cid","schootz.dfont":"schootz.dfont","schootz.eot":"schootz.eot","schootz.fon":"schootz.fon","schootz.gai":"schootz.gai","schootz.gsf":"schootz.gsf","schootz.hqx":"schootz.hqx","schootz.ik":"schootz.ik","schootz.mf":"schootz.mf","schootz.otf":"schootz.otf","schootz.pcf":"schootz.pcf","schootz.pf3":"schootz.pf3","schootz.pfa":"schootz.pfa","schootz.pfb":"schootz.pfb","schootz.php":"schootz.php","schootz.pmf":"schootz.pmf","schootz.pt3":"schootz.pt3","schootz.sfd":"schootz.sfd","schootz.svg":"schootz.svg","schootz.t42":"schootz.t42","schootz.ttd":"schootz.ttd","schootz.ttf":"schootz.ttf","schootz.ttg":"schootz.ttg","schootz.ufm":"schootz.ufm","schootz.woff":"schootz.woff","schootz.z":"schootz.z"},"\/schootz.ufo":{"feature.fea":"feature.fea","fontinfo.plist":"fontinfo.plist","groups.plist":"groups.plist","kerning.plist":"kerning.plist","metainfo.plist":"metainfo.plist"},"\/schootz.ufo\/glyphs":{"A_.glif":"A_.glif","B_.glif":"B_.glif","C_.glif":"C_.glif","D_.glif":"D_.glif","D_elta.glif":"D_elta.glif","E_.glif":"E_.glif","F_.glif":"F_.glif","G_.glif":"G_.glif","H_.glif":"H_.glif","I_.glif":"I_.glif","J_.glif":"J_.glif","K_.glif":"K_.glif","L_.glif":"L_.glif","M_.glif":"M_.glif","N_.glif":"N_.glif","O_.glif":"O_.glif","O_mega.glif":"O_mega.glif","P_.glif":"P_.glif","Q_.glif":"Q_.glif","R_.glif":"R_.glif","S_.glif":"S_.glif","T_.glif":"T_.glif","U_.glif":"U_.glif","V_.glif":"V_.glif","W_.glif":"W_.glif","X_.glif":"X_.glif","Y_.glif":"Y_.glif","Z_.glif":"Z_.glif","_notdef.glif":"_notdef.glif","_null.glif":"_null.glif","a.glif":"a.glif","ampersand.glif":"ampersand.glif","approxequal.glif":"approxequal.glif","asciicircum.glif":"asciicircum.glif","asciitilde.glif":"asciitilde.glif","asterisk.glif":"asterisk.glif","at.glif":"at.glif","b.glif":"b.glif","backslash.glif":"backslash.glif","bar.glif":"bar.glif","braceleft.glif":"braceleft.glif","braceright.glif":"braceright.glif","bracketleft.glif":"bracketleft.glif","bracketright.glif":"bracketright.glif","bullet.glif":"bullet.glif","c.glif":"c.glif","colon.glif":"colon.glif","comma.glif":"comma.glif","contents.plist":"contents.plist","copyright.glif":"copyright.glif","d.glif":"d.glif","divide.glif":"divide.glif","dollar.glif":"dollar.glif","e.glif":"e.glif","eight.glif":"eight.glif","emdash.glif":"emdash.glif","endash.glif":"endash.glif","equal.glif":"equal.glif","exclam.glif":"exclam.glif","f.glif":"f.glif","five.glif":"five.glif","four.glif":"four.glif","g.glif":"g.glif","grave.glif":"grave.glif","greater.glif":"greater.glif","greaterequal.glif":"greaterequal.glif","h.glif":"h.glif","hyphen.glif":"hyphen.glif","i.glif":"i.glif","infinity.glif":"infinity.glif","integral.glif":"integral.glif","j.glif":"j.glif","k.glif":"k.glif","l.glif":"l.glif","less.glif":"less.glif","lessequal.glif":"lessequal.glif","lozenge.glif":"lozenge.glif","m.glif":"m.glif","mu.glif":"mu.glif","n.glif":"n.glif","nine.glif":"nine.glif","nonbreakingspace.glif":"nonbreakingspace.glif","nonmarkingreturn.glif":"nonmarkingreturn.glif","notequal.glif":"notequal.glif","numbersign.glif":"numbersign.glif","o.glif":"o.glif","one.glif":"one.glif","p.glif":"p.glif","parenleft.glif":"parenleft.glif","parenright.glif":"parenright.glif","partialdiff.glif":"partialdiff.glif","percent.glif":"percent.glif","period.glif":"period.glif","pi.glif":"pi.glif","plus.glif":"plus.glif","plusminus.glif":"plusminus.glif","product.glif":"product.glif","q.glif":"q.glif","question.glif":"question.glif","quotedbl.glif":"quotedbl.glif","quotedblleft.glif":"quotedblleft.glif","quotedblright.glif":"quotedblright.glif","quoteleft.glif":"quoteleft.glif","quoteright.glif":"quoteright.glif","quotesingle.glif":"quotesingle.glif","r.glif":"r.glif","radical.glif":"radical.glif","s.glif":"s.glif","semicolon.glif":"semicolon.glif","seven.glif":"seven.glif","six.glif":"six.glif","slash.glif":"slash.glif","space.glif":"space.glif","sterling.glif":"sterling.glif","summation.glif":"summation.glif","t.glif":"t.glif","three.glif":"three.glif","trademark.glif":"trademark.glif","two.glif":"two.glif","u.glif":"u.glif","underscore.glif":"underscore.glif","v.glif":"v.glif","w.glif":"w.glif","x.glif":"x.glif","y.glif":"y.glif","z.glif":"z.glif","zero.glif":"zero.glif"}},"Font":{"uploaded":1482614240.7333,"licence":"gpl3","company":"Chronolabs Cooperative","title":"Schootz Regular","version":2.001,"date":"Sun Aug 28 08:00:11 2016","creator":"root","type":"1","matrix":"0.001 0 0 0.001 0 0","named":"SchootzRegular","painttype":"0","info":"10 dict dup","name":"Schootz Regular","family":"Schootz","weight":"Thin","fstype":"0","italicangle":"0","underlineposition":"","underlinethickness":""},"Table":{"FFTM":{"entryLength":16,"tag":"FFTM","checksum":1947016872,"offset":18932,"length":28},"GDEF":{"entryLength":16,"tag":"GDEF","checksum":11206660,"offset":18900,"length":32},"OS\/2":{"entryLength":16,"tag":"OS\/2","checksum":1982726680,"offset":344,"length":86},"cmap":{"entryLength":16,"tag":"cmap","checksum":3230241068,"offset":936,"length":530},"gasp":{"entryLength":16,"tag":"gasp","checksum":4294901763,"offset":18892,"length":8},"glyf":{"entryLength":16,"tag":"glyf","checksum":642167354,"offset":1724,"length":16204},"head":{"entryLength":16,"tag":"head","checksum":205942789,"offset":220,"length":54},"hhea":{"entryLength":16,"tag":"hhea","checksum":135070592,"offset":276,"length":36},"hmtx":{"entryLength":16,"tag":"hmtx","checksum":336723742,"offset":432,"length":504},"loca":{"entryLength":16,"tag":"loca","checksum":3852981760,"offset":1468,"length":254},"maxp":{"entryLength":16,"tag":"maxp","checksum":12845180,"offset":312,"length":32},"name":{"entryLength":16,"tag":"name","checksum":3555304530,"offset":17928,"length":675},"post":{"entryLength":16,"tag":"post","checksum":307171840,"offset":18604,"length":286}},"UnicodeCharMap":{"0":1,"13":2,"32":3,"33":4,"34":5,"35":6,"36":7,"37":8,"38":9,"39":10,"40":11,"41":12,"42":13,"43":14,"44":15,"45":16,"46":17,"47":18,"48":19,"49":20,"50":21,"51":22,"52":23,"53":24,"54":25,"55":26,"56":27,"57":28,"58":29,"59":30,"60":31,"61":32,"62":33,"63":34,"64":35,"65":36,"66":37,"67":38,"68":39,"69":40,"70":41,"71":42,"72":43,"73":44,"74":45,"75":46,"76":47,"77":48,"78":49,"79":50,"80":51,"81":52,"82":53,"83":54,"84":55,"85":56,"86":57,"87":58,"88":59,"89":60,"90":61,"91":62,"92":63,"93":64,"94":65,"95":66,"96":67,"97":68,"98":69,"99":70,"100":71,"101":72,"102":73,"103":74,"104":75,"105":76,"106":77,"107":78,"108":79,"109":80,"110":81,"111":82,"112":83,"113":84,"114":85,"115":86,"116":87,"117":88,"118":89,"119":90,"120":91,"121":92,"122":93,"123":94,"124":95,"125":96,"126":97,"160":98,"163":99,"169":100,"177":101,"247":103,"916":118,"937":115,"956":102,"960":113,"8211":119,"8212":120,"8216":123,"8217":124,"8220":121,"8221":122,"8226":104,"8482":105,"8706":110,"8719":112,"8721":111,"8730":116,"8734":107,"8747":114,"8776":117,"8800":106,"8804":108,"8805":109,"9674":125},"Reserves":null,"Names":[],"Nodes":{"sc":{"type":"typal","node":"sc","usage":1,"weight":1},"tz":{"type":"typal","node":"tz","usage":1,"weight":1},"sch":{"type":"typal","node":"sch","usage":1,"weight":1},"otz":{"type":"typal","node":"otz","usage":1,"weight":1},"scho":{"type":"keys","node":"scho","usage":1,"weight":1},"ootz":{"type":"keys","node":"ootz","usage":1,"weight":1},"schoo":{"type":"keys","node":"schoo","usage":1,"weight":1},"hootz":{"type":"keys","node":"hootz","usage":1,"weight":1},"schootz":{"type":"fixes","node":"schootz","usage":1,"weight":1}},"Contributors":[],"FontIdentity":"c8ea3bc801d5573965fbc6a7b9fd8455","Bytes":2049333,"Networking":[],"barcode":"s742oaaksuga6","referee":"uaqeqeug"}