{"CSS":{"Zeroes":"buddha0:d1def9697c34efd273fdabe2.css"},"FontType":"TrueType","FontCopyright":"(C) 1999 Ray Larabie - rlarabie@hotmail.com","FontName":"Zeroes","FontSubfamily":"Book","FontSubfamilyID":"FontForge 2.0 : Zeroes : 17-10-2016","FontFullName":"Zeroes","FontVersion":"Version 1.00 ","FontWeight":null,"FontPostscriptName":"Zeroes","Files":{"\/Zeroes.css":"\/Zeroes.css","\/font-resource.json":"\/font-resource.json","\/zeroes.afm":"\/zeroes.afm","\/zeroes.cef":"\/zeroes.cef","\/zeroes.cff":"\/zeroes.cff","\/zeroes.eot":"\/zeroes.eot","\/zeroes.gai":"\/zeroes.gai","\/zeroes.gsf":"\/zeroes.gsf","\/zeroes.otf":"\/zeroes.otf","\/zeroes.pf3":"\/zeroes.pf3","\/zeroes.pfa":"\/zeroes.pfa","\/zeroes.pfb":"\/zeroes.pfb","\/zeroes.php":"\/zeroes.php","\/zeroes.pt3":"\/zeroes.pt3","\/zeroes.sfd":"\/zeroes.sfd","\/zeroes.svg":"\/zeroes.svg","\/zeroes.t42":"\/zeroes.t42","\/zeroes.ttd":"\/zeroes.ttd","\/zeroes.ttf":"\/zeroes.ttf","\/zeroes.ttg":"\/zeroes.ttg","\/zeroes.ufm":"\/zeroes.ufm","\/zeroes.woff":"\/zeroes.woff","\/zeroes.z":"\/zeroes.z","\/zeroes.ufo\/feature.fea":"\/zeroes.ufo\/feature.fea","\/zeroes.ufo\/fontinfo.plist":"\/zeroes.ufo\/fontinfo.plist","\/zeroes.ufo\/groups.plist":"\/zeroes.ufo\/groups.plist","\/zeroes.ufo\/kerning.plist":"\/zeroes.ufo\/kerning.plist","\/zeroes.ufo\/metainfo.plist":"\/zeroes.ufo\/metainfo.plist","\/zeroes.ufo\/glyphs\/A_.glif":"\/zeroes.ufo\/glyphs\/A_.glif","\/zeroes.ufo\/glyphs\/A_E_.glif":"\/zeroes.ufo\/glyphs\/A_E_.glif","\/zeroes.ufo\/glyphs\/A_E_acute.glif":"\/zeroes.ufo\/glyphs\/A_E_acute.glif","\/zeroes.ufo\/glyphs\/A_acute.glif":"\/zeroes.ufo\/glyphs\/A_acute.glif","\/zeroes.ufo\/glyphs\/A_breve.glif":"\/zeroes.ufo\/glyphs\/A_breve.glif","\/zeroes.ufo\/glyphs\/A_circumflex.glif":"\/zeroes.ufo\/glyphs\/A_circumflex.glif","\/zeroes.ufo\/glyphs\/A_dieresis.glif":"\/zeroes.ufo\/glyphs\/A_dieresis.glif","\/zeroes.ufo\/glyphs\/A_grave.glif":"\/zeroes.ufo\/glyphs\/A_grave.glif","\/zeroes.ufo\/glyphs\/A_lpha.glif":"\/zeroes.ufo\/glyphs\/A_lpha.glif","\/zeroes.ufo\/glyphs\/A_lphatonos.glif":"\/zeroes.ufo\/glyphs\/A_lphatonos.glif","\/zeroes.ufo\/glyphs\/A_macron.glif":"\/zeroes.ufo\/glyphs\/A_macron.glif","\/zeroes.ufo\/glyphs\/A_ogonek.glif":"\/zeroes.ufo\/glyphs\/A_ogonek.glif","\/zeroes.ufo\/glyphs\/A_ring.glif":"\/zeroes.ufo\/glyphs\/A_ring.glif","\/zeroes.ufo\/glyphs\/A_ringacute.glif":"\/zeroes.ufo\/glyphs\/A_ringacute.glif","\/zeroes.ufo\/glyphs\/A_tilde.glif":"\/zeroes.ufo\/glyphs\/A_tilde.glif","\/zeroes.ufo\/glyphs\/B_.glif":"\/zeroes.ufo\/glyphs\/B_.glif","\/zeroes.ufo\/glyphs\/B_eta.glif":"\/zeroes.ufo\/glyphs\/B_eta.glif","\/zeroes.ufo\/glyphs\/C_.glif":"\/zeroes.ufo\/glyphs\/C_.glif","\/zeroes.ufo\/glyphs\/C_acute.glif":"\/zeroes.ufo\/glyphs\/C_acute.glif","\/zeroes.ufo\/glyphs\/C_caron.glif":"\/zeroes.ufo\/glyphs\/C_caron.glif","\/zeroes.ufo\/glyphs\/C_cedilla.glif":"\/zeroes.ufo\/glyphs\/C_cedilla.glif","\/zeroes.ufo\/glyphs\/C_circumflex.glif":"\/zeroes.ufo\/glyphs\/C_circumflex.glif","\/zeroes.ufo\/glyphs\/C_dot.glif":"\/zeroes.ufo\/glyphs\/C_dot.glif","\/zeroes.ufo\/glyphs\/C_hi.glif":"\/zeroes.ufo\/glyphs\/C_hi.glif","\/zeroes.ufo\/glyphs\/D_.glif":"\/zeroes.ufo\/glyphs\/D_.glif","\/zeroes.ufo\/glyphs\/D_caron.glif":"\/zeroes.ufo\/glyphs\/D_caron.glif","\/zeroes.ufo\/glyphs\/D_elta.glif":"\/zeroes.ufo\/glyphs\/D_elta.glif","\/zeroes.ufo\/glyphs\/D_slash.glif":"\/zeroes.ufo\/glyphs\/D_slash.glif","\/zeroes.ufo\/glyphs\/E_.glif":"\/zeroes.ufo\/glyphs\/E_.glif","\/zeroes.ufo\/glyphs\/E_acute.glif":"\/zeroes.ufo\/glyphs\/E_acute.glif","\/zeroes.ufo\/glyphs\/E_breve.glif":"\/zeroes.ufo\/glyphs\/E_breve.glif","\/zeroes.ufo\/glyphs\/E_caron.glif":"\/zeroes.ufo\/glyphs\/E_caron.glif","\/zeroes.ufo\/glyphs\/E_circumflex.glif":"\/zeroes.ufo\/glyphs\/E_circumflex.glif","\/zeroes.ufo\/glyphs\/E_dieresis.glif":"\/zeroes.ufo\/glyphs\/E_dieresis.glif","\/zeroes.ufo\/glyphs\/E_dot.glif":"\/zeroes.ufo\/glyphs\/E_dot.glif","\/zeroes.ufo\/glyphs\/E_grave.glif":"\/zeroes.ufo\/glyphs\/E_grave.glif","\/zeroes.ufo\/glyphs\/E_macron.glif":"\/zeroes.ufo\/glyphs\/E_macron.glif","\/zeroes.ufo\/glyphs\/E_ng.glif":"\/zeroes.ufo\/glyphs\/E_ng.glif","\/zeroes.ufo\/glyphs\/E_ogonek.glif":"\/zeroes.ufo\/glyphs\/E_ogonek.glif","\/zeroes.ufo\/glyphs\/E_psilon.glif":"\/zeroes.ufo\/glyphs\/E_psilon.glif","\/zeroes.ufo\/glyphs\/E_psilontonos.glif":"\/zeroes.ufo\/glyphs\/E_psilontonos.glif","\/zeroes.ufo\/glyphs\/E_ta.glif":"\/zeroes.ufo\/glyphs\/E_ta.glif","\/zeroes.ufo\/glyphs\/E_tatonos.glif":"\/zeroes.ufo\/glyphs\/E_tatonos.glif","\/zeroes.ufo\/glyphs\/F_.glif":"\/zeroes.ufo\/glyphs\/F_.glif","\/zeroes.ufo\/glyphs\/G_.glif":"\/zeroes.ufo\/glyphs\/G_.glif","\/zeroes.ufo\/glyphs\/G_amma.glif":"\/zeroes.ufo\/glyphs\/G_amma.glif","\/zeroes.ufo\/glyphs\/G_breve.glif":"\/zeroes.ufo\/glyphs\/G_breve.glif","\/zeroes.ufo\/glyphs\/G_cedilla.glif":"\/zeroes.ufo\/glyphs\/G_cedilla.glif","\/zeroes.ufo\/glyphs\/G_circumflex.glif":"\/zeroes.ufo\/glyphs\/G_circumflex.glif","\/zeroes.ufo\/glyphs\/G_dot.glif":"\/zeroes.ufo\/glyphs\/G_dot.glif","\/zeroes.ufo\/glyphs\/H_.glif":"\/zeroes.ufo\/glyphs\/H_.glif","\/zeroes.ufo\/glyphs\/H_bar.glif":"\/zeroes.ufo\/glyphs\/H_bar.glif","\/zeroes.ufo\/glyphs\/H_circumflex.glif":"\/zeroes.ufo\/glyphs\/H_circumflex.glif","\/zeroes.ufo\/glyphs\/I_.glif":"\/zeroes.ufo\/glyphs\/I_.glif","\/zeroes.ufo\/glyphs\/I_J_.glif":"\/zeroes.ufo\/glyphs\/I_J_.glif","\/zeroes.ufo\/glyphs\/I_acute.glif":"\/zeroes.ufo\/glyphs\/I_acute.glif","\/zeroes.ufo\/glyphs\/I_breve.glif":"\/zeroes.ufo\/glyphs\/I_breve.glif","\/zeroes.ufo\/glyphs\/I_circumflex.glif":"\/zeroes.ufo\/glyphs\/I_circumflex.glif","\/zeroes.ufo\/glyphs\/I_dieresis.glif":"\/zeroes.ufo\/glyphs\/I_dieresis.glif","\/zeroes.ufo\/glyphs\/I_dotaccent.glif":"\/zeroes.ufo\/glyphs\/I_dotaccent.glif","\/zeroes.ufo\/glyphs\/I_grave.glif":"\/zeroes.ufo\/glyphs\/I_grave.glif","\/zeroes.ufo\/glyphs\/I_macron.glif":"\/zeroes.ufo\/glyphs\/I_macron.glif","\/zeroes.ufo\/glyphs\/I_ogonek.glif":"\/zeroes.ufo\/glyphs\/I_ogonek.glif","\/zeroes.ufo\/glyphs\/I_ota.glif":"\/zeroes.ufo\/glyphs\/I_ota.glif","\/zeroes.ufo\/glyphs\/I_otadieresis.glif":"\/zeroes.ufo\/glyphs\/I_otadieresis.glif","\/zeroes.ufo\/glyphs\/I_otatonos.glif":"\/zeroes.ufo\/glyphs\/I_otatonos.glif","\/zeroes.ufo\/glyphs\/I_tilde.glif":"\/zeroes.ufo\/glyphs\/I_tilde.glif","\/zeroes.ufo\/glyphs\/J_.glif":"\/zeroes.ufo\/glyphs\/J_.glif","\/zeroes.ufo\/glyphs\/J_circumflex.glif":"\/zeroes.ufo\/glyphs\/J_circumflex.glif","\/zeroes.ufo\/glyphs\/K_.glif":"\/zeroes.ufo\/glyphs\/K_.glif","\/zeroes.ufo\/glyphs\/K_appa.glif":"\/zeroes.ufo\/glyphs\/K_appa.glif","\/zeroes.ufo\/glyphs\/K_cedilla.glif":"\/zeroes.ufo\/glyphs\/K_cedilla.glif","\/zeroes.ufo\/glyphs\/L_.glif":"\/zeroes.ufo\/glyphs\/L_.glif","\/zeroes.ufo\/glyphs\/L_acute.glif":"\/zeroes.ufo\/glyphs\/L_acute.glif","\/zeroes.ufo\/glyphs\/L_ambda.glif":"\/zeroes.ufo\/glyphs\/L_ambda.glif","\/zeroes.ufo\/glyphs\/L_caron.glif":"\/zeroes.ufo\/glyphs\/L_caron.glif","\/zeroes.ufo\/glyphs\/L_cedilla.glif":"\/zeroes.ufo\/glyphs\/L_cedilla.glif","\/zeroes.ufo\/glyphs\/L_dot.glif":"\/zeroes.ufo\/glyphs\/L_dot.glif","\/zeroes.ufo\/glyphs\/L_slash.glif":"\/zeroes.ufo\/glyphs\/L_slash.glif","\/zeroes.ufo\/glyphs\/M_.glif":"\/zeroes.ufo\/glyphs\/M_.glif","\/zeroes.ufo\/glyphs\/M_u.glif":"\/zeroes.ufo\/glyphs\/M_u.glif","\/zeroes.ufo\/glyphs\/N_.glif":"\/zeroes.ufo\/glyphs\/N_.glif","\/zeroes.ufo\/glyphs\/N_acute.glif":"\/zeroes.ufo\/glyphs\/N_acute.glif","\/zeroes.ufo\/glyphs\/N_caron.glif":"\/zeroes.ufo\/glyphs\/N_caron.glif","\/zeroes.ufo\/glyphs\/N_cedilla.glif":"\/zeroes.ufo\/glyphs\/N_cedilla.glif","\/zeroes.ufo\/glyphs\/N_tilde.glif":"\/zeroes.ufo\/glyphs\/N_tilde.glif","\/zeroes.ufo\/glyphs\/N_u.glif":"\/zeroes.ufo\/glyphs\/N_u.glif","\/zeroes.ufo\/glyphs\/O_.glif":"\/zeroes.ufo\/glyphs\/O_.glif","\/zeroes.ufo\/glyphs\/O_E_.glif":"\/zeroes.ufo\/glyphs\/O_E_.glif","\/zeroes.ufo\/glyphs\/O_acute.glif":"\/zeroes.ufo\/glyphs\/O_acute.glif","\/zeroes.ufo\/glyphs\/O_breve.glif":"\/zeroes.ufo\/glyphs\/O_breve.glif","\/zeroes.ufo\/glyphs\/O_circumflex.glif":"\/zeroes.ufo\/glyphs\/O_circumflex.glif","\/zeroes.ufo\/glyphs\/O_dblacute.glif":"\/zeroes.ufo\/glyphs\/O_dblacute.glif","\/zeroes.ufo\/glyphs\/O_dieresis.glif":"\/zeroes.ufo\/glyphs\/O_dieresis.glif","\/zeroes.ufo\/glyphs\/O_grave.glif":"\/zeroes.ufo\/glyphs\/O_grave.glif","\/zeroes.ufo\/glyphs\/O_macron.glif":"\/zeroes.ufo\/glyphs\/O_macron.glif","\/zeroes.ufo\/glyphs\/O_mega.glif":"\/zeroes.ufo\/glyphs\/O_mega.glif","\/zeroes.ufo\/glyphs\/O_megatonos.glif":"\/zeroes.ufo\/glyphs\/O_megatonos.glif","\/zeroes.ufo\/glyphs\/O_micron.glif":"\/zeroes.ufo\/glyphs\/O_micron.glif","\/zeroes.ufo\/glyphs\/O_microntonos.glif":"\/zeroes.ufo\/glyphs\/O_microntonos.glif","\/zeroes.ufo\/glyphs\/O_slash.glif":"\/zeroes.ufo\/glyphs\/O_slash.glif","\/zeroes.ufo\/glyphs\/O_slashacute.glif":"\/zeroes.ufo\/glyphs\/O_slashacute.glif","\/zeroes.ufo\/glyphs\/O_tilde.glif":"\/zeroes.ufo\/glyphs\/O_tilde.glif","\/zeroes.ufo\/glyphs\/P_.glif":"\/zeroes.ufo\/glyphs\/P_.glif","\/zeroes.ufo\/glyphs\/P_hi.glif":"\/zeroes.ufo\/glyphs\/P_hi.glif","\/zeroes.ufo\/glyphs\/P_i.glif":"\/zeroes.ufo\/glyphs\/P_i.glif","\/zeroes.ufo\/glyphs\/P_si.glif":"\/zeroes.ufo\/glyphs\/P_si.glif","\/zeroes.ufo\/glyphs\/Q_.glif":"\/zeroes.ufo\/glyphs\/Q_.glif","\/zeroes.ufo\/glyphs\/R_.glif":"\/zeroes.ufo\/glyphs\/R_.glif","\/zeroes.ufo\/glyphs\/R_acute.glif":"\/zeroes.ufo\/glyphs\/R_acute.glif","\/zeroes.ufo\/glyphs\/R_caron.glif":"\/zeroes.ufo\/glyphs\/R_caron.glif","\/zeroes.ufo\/glyphs\/R_cedilla.glif":"\/zeroes.ufo\/glyphs\/R_cedilla.glif","\/zeroes.ufo\/glyphs\/R_ho.glif":"\/zeroes.ufo\/glyphs\/R_ho.glif","\/zeroes.ufo\/glyphs\/S_.glif":"\/zeroes.ufo\/glyphs\/S_.glif","\/zeroes.ufo\/glyphs\/S_acute.glif":"\/zeroes.ufo\/glyphs\/S_acute.glif","\/zeroes.ufo\/glyphs\/S_caron.glif":"\/zeroes.ufo\/glyphs\/S_caron.glif","\/zeroes.ufo\/glyphs\/S_cedilla.glif":"\/zeroes.ufo\/glyphs\/S_cedilla.glif","\/zeroes.ufo\/glyphs\/S_circumflex.glif":"\/zeroes.ufo\/glyphs\/S_circumflex.glif","\/zeroes.ufo\/glyphs\/S_igma.glif":"\/zeroes.ufo\/glyphs\/S_igma.glif","\/zeroes.ufo\/glyphs\/T_.glif":"\/zeroes.ufo\/glyphs\/T_.glif","\/zeroes.ufo\/glyphs\/T_au.glif":"\/zeroes.ufo\/glyphs\/T_au.glif","\/zeroes.ufo\/glyphs\/T_bar.glif":"\/zeroes.ufo\/glyphs\/T_bar.glif","\/zeroes.ufo\/glyphs\/T_caron.glif":"\/zeroes.ufo\/glyphs\/T_caron.glif","\/zeroes.ufo\/glyphs\/T_cedilla.glif":"\/zeroes.ufo\/glyphs\/T_cedilla.glif","\/zeroes.ufo\/glyphs\/T_heta.glif":"\/zeroes.ufo\/glyphs\/T_heta.glif","\/zeroes.ufo\/glyphs\/T_horn.glif":"\/zeroes.ufo\/glyphs\/T_horn.glif","\/zeroes.ufo\/glyphs\/U_.glif":"\/zeroes.ufo\/glyphs\/U_.glif","\/zeroes.ufo\/glyphs\/U_acute.glif":"\/zeroes.ufo\/glyphs\/U_acute.glif","\/zeroes.ufo\/glyphs\/U_breve.glif":"\/zeroes.ufo\/glyphs\/U_breve.glif","\/zeroes.ufo\/glyphs\/U_circumflex.glif":"\/zeroes.ufo\/glyphs\/U_circumflex.glif","\/zeroes.ufo\/glyphs\/U_dblacute.glif":"\/zeroes.ufo\/glyphs\/U_dblacute.glif","\/zeroes.ufo\/glyphs\/U_dieresis.glif":"\/zeroes.ufo\/glyphs\/U_dieresis.glif","\/zeroes.ufo\/glyphs\/U_grave.glif":"\/zeroes.ufo\/glyphs\/U_grave.glif","\/zeroes.ufo\/glyphs\/U_macron.glif":"\/zeroes.ufo\/glyphs\/U_macron.glif","\/zeroes.ufo\/glyphs\/U_ogonek.glif":"\/zeroes.ufo\/glyphs\/U_ogonek.glif","\/zeroes.ufo\/glyphs\/U_psilon.glif":"\/zeroes.ufo\/glyphs\/U_psilon.glif","\/zeroes.ufo\/glyphs\/U_psilondieresis.glif":"\/zeroes.ufo\/glyphs\/U_psilondieresis.glif","\/zeroes.ufo\/glyphs\/U_psilontonos.glif":"\/zeroes.ufo\/glyphs\/U_psilontonos.glif","\/zeroes.ufo\/glyphs\/U_ring.glif":"\/zeroes.ufo\/glyphs\/U_ring.glif","\/zeroes.ufo\/glyphs\/U_tilde.glif":"\/zeroes.ufo\/glyphs\/U_tilde.glif","\/zeroes.ufo\/glyphs\/V_.glif":"\/zeroes.ufo\/glyphs\/V_.glif","\/zeroes.ufo\/glyphs\/W_.glif":"\/zeroes.ufo\/glyphs\/W_.glif","\/zeroes.ufo\/glyphs\/W_acute.glif":"\/zeroes.ufo\/glyphs\/W_acute.glif","\/zeroes.ufo\/glyphs\/W_circumflex.glif":"\/zeroes.ufo\/glyphs\/W_circumflex.glif","\/zeroes.ufo\/glyphs\/W_dieresis.glif":"\/zeroes.ufo\/glyphs\/W_dieresis.glif","\/zeroes.ufo\/glyphs\/W_grave.glif":"\/zeroes.ufo\/glyphs\/W_grave.glif","\/zeroes.ufo\/glyphs\/X_.glif":"\/zeroes.ufo\/glyphs\/X_.glif","\/zeroes.ufo\/glyphs\/X_i.glif":"\/zeroes.ufo\/glyphs\/X_i.glif","\/zeroes.ufo\/glyphs\/Y_.glif":"\/zeroes.ufo\/glyphs\/Y_.glif","\/zeroes.ufo\/glyphs\/Y_acute.glif":"\/zeroes.ufo\/glyphs\/Y_acute.glif","\/zeroes.ufo\/glyphs\/Y_circumflex.glif":"\/zeroes.ufo\/glyphs\/Y_circumflex.glif","\/zeroes.ufo\/glyphs\/Y_dieresis.glif":"\/zeroes.ufo\/glyphs\/Y_dieresis.glif","\/zeroes.ufo\/glyphs\/Y_grave.glif":"\/zeroes.ufo\/glyphs\/Y_grave.glif","\/zeroes.ufo\/glyphs\/Z_.glif":"\/zeroes.ufo\/glyphs\/Z_.glif","\/zeroes.ufo\/glyphs\/Z_acute.glif":"\/zeroes.ufo\/glyphs\/Z_acute.glif","\/zeroes.ufo\/glyphs\/Z_caron.glif":"\/zeroes.ufo\/glyphs\/Z_caron.glif","\/zeroes.ufo\/glyphs\/Z_dot.glif":"\/zeroes.ufo\/glyphs\/Z_dot.glif","\/zeroes.ufo\/glyphs\/Z_eta.glif":"\/zeroes.ufo\/glyphs\/Z_eta.glif","\/zeroes.ufo\/glyphs\/_notdef.glif":"\/zeroes.ufo\/glyphs\/_notdef.glif","\/zeroes.ufo\/glyphs\/_null.glif":"\/zeroes.ufo\/glyphs\/_null.glif","\/zeroes.ufo\/glyphs\/a.glif":"\/zeroes.ufo\/glyphs\/a.glif","\/zeroes.ufo\/glyphs\/aacute.glif":"\/zeroes.ufo\/glyphs\/aacute.glif","\/zeroes.ufo\/glyphs\/abreve.glif":"\/zeroes.ufo\/glyphs\/abreve.glif","\/zeroes.ufo\/glyphs\/acircumflex.glif":"\/zeroes.ufo\/glyphs\/acircumflex.glif","\/zeroes.ufo\/glyphs\/acute.glif":"\/zeroes.ufo\/glyphs\/acute.glif","\/zeroes.ufo\/glyphs\/adieresis.glif":"\/zeroes.ufo\/glyphs\/adieresis.glif","\/zeroes.ufo\/glyphs\/ae.glif":"\/zeroes.ufo\/glyphs\/ae.glif","\/zeroes.ufo\/glyphs\/aeacute.glif":"\/zeroes.ufo\/glyphs\/aeacute.glif","\/zeroes.ufo\/glyphs\/afii00208.glif":"\/zeroes.ufo\/glyphs\/afii00208.glif","\/zeroes.ufo\/glyphs\/afii10017.glif":"\/zeroes.ufo\/glyphs\/afii10017.glif","\/zeroes.ufo\/glyphs\/afii10018.glif":"\/zeroes.ufo\/glyphs\/afii10018.glif","\/zeroes.ufo\/glyphs\/afii10019.glif":"\/zeroes.ufo\/glyphs\/afii10019.glif","\/zeroes.ufo\/glyphs\/afii10020.glif":"\/zeroes.ufo\/glyphs\/afii10020.glif","\/zeroes.ufo\/glyphs\/afii10021.glif":"\/zeroes.ufo\/glyphs\/afii10021.glif","\/zeroes.ufo\/glyphs\/afii10022.glif":"\/zeroes.ufo\/glyphs\/afii10022.glif","\/zeroes.ufo\/glyphs\/afii10023.glif":"\/zeroes.ufo\/glyphs\/afii10023.glif","\/zeroes.ufo\/glyphs\/afii10024.glif":"\/zeroes.ufo\/glyphs\/afii10024.glif","\/zeroes.ufo\/glyphs\/afii10025.glif":"\/zeroes.ufo\/glyphs\/afii10025.glif","\/zeroes.ufo\/glyphs\/afii10026.glif":"\/zeroes.ufo\/glyphs\/afii10026.glif","\/zeroes.ufo\/glyphs\/afii10027.glif":"\/zeroes.ufo\/glyphs\/afii10027.glif","\/zeroes.ufo\/glyphs\/afii10028.glif":"\/zeroes.ufo\/glyphs\/afii10028.glif","\/zeroes.ufo\/glyphs\/afii10029.glif":"\/zeroes.ufo\/glyphs\/afii10029.glif","\/zeroes.ufo\/glyphs\/afii10030.glif":"\/zeroes.ufo\/glyphs\/afii10030.glif","\/zeroes.ufo\/glyphs\/afii10031.glif":"\/zeroes.ufo\/glyphs\/afii10031.glif","\/zeroes.ufo\/glyphs\/afii10032.glif":"\/zeroes.ufo\/glyphs\/afii10032.glif","\/zeroes.ufo\/glyphs\/afii10033.glif":"\/zeroes.ufo\/glyphs\/afii10033.glif","\/zeroes.ufo\/glyphs\/afii10034.glif":"\/zeroes.ufo\/glyphs\/afii10034.glif","\/zeroes.ufo\/glyphs\/afii10035.glif":"\/zeroes.ufo\/glyphs\/afii10035.glif","\/zeroes.ufo\/glyphs\/afii10036.glif":"\/zeroes.ufo\/glyphs\/afii10036.glif","\/zeroes.ufo\/glyphs\/afii10037.glif":"\/zeroes.ufo\/glyphs\/afii10037.glif","\/zeroes.ufo\/glyphs\/afii10038.glif":"\/zeroes.ufo\/glyphs\/afii10038.glif","\/zeroes.ufo\/glyphs\/afii10039.glif":"\/zeroes.ufo\/glyphs\/afii10039.glif","\/zeroes.ufo\/glyphs\/afii10040.glif":"\/zeroes.ufo\/glyphs\/afii10040.glif","\/zeroes.ufo\/glyphs\/afii10041.glif":"\/zeroes.ufo\/glyphs\/afii10041.glif","\/zeroes.ufo\/glyphs\/afii10042.glif":"\/zeroes.ufo\/glyphs\/afii10042.glif","\/zeroes.ufo\/glyphs\/afii10043.glif":"\/zeroes.ufo\/glyphs\/afii10043.glif","\/zeroes.ufo\/glyphs\/afii10044.glif":"\/zeroes.ufo\/glyphs\/afii10044.glif","\/zeroes.ufo\/glyphs\/afii10045.glif":"\/zeroes.ufo\/glyphs\/afii10045.glif","\/zeroes.ufo\/glyphs\/afii10046.glif":"\/zeroes.ufo\/glyphs\/afii10046.glif","\/zeroes.ufo\/glyphs\/afii10047.glif":"\/zeroes.ufo\/glyphs\/afii10047.glif","\/zeroes.ufo\/glyphs\/afii10048.glif":"\/zeroes.ufo\/glyphs\/afii10048.glif","\/zeroes.ufo\/glyphs\/afii10049.glif":"\/zeroes.ufo\/glyphs\/afii10049.glif","\/zeroes.ufo\/glyphs\/afii10050.glif":"\/zeroes.ufo\/glyphs\/afii10050.glif","\/zeroes.ufo\/glyphs\/afii10051.glif":"\/zeroes.ufo\/glyphs\/afii10051.glif","\/zeroes.ufo\/glyphs\/afii10052.glif":"\/zeroes.ufo\/glyphs\/afii10052.glif","\/zeroes.ufo\/glyphs\/afii10053.glif":"\/zeroes.ufo\/glyphs\/afii10053.glif","\/zeroes.ufo\/glyphs\/afii10054.glif":"\/zeroes.ufo\/glyphs\/afii10054.glif","\/zeroes.ufo\/glyphs\/afii10055.glif":"\/zeroes.ufo\/glyphs\/afii10055.glif","\/zeroes.ufo\/glyphs\/afii10056.glif":"\/zeroes.ufo\/glyphs\/afii10056.glif","\/zeroes.ufo\/glyphs\/afii10057.glif":"\/zeroes.ufo\/glyphs\/afii10057.glif","\/zeroes.ufo\/glyphs\/afii10058.glif":"\/zeroes.ufo\/glyphs\/afii10058.glif","\/zeroes.ufo\/glyphs\/afii10059.glif":"\/zeroes.ufo\/glyphs\/afii10059.glif","\/zeroes.ufo\/glyphs\/afii10060.glif":"\/zeroes.ufo\/glyphs\/afii10060.glif","\/zeroes.ufo\/glyphs\/afii10061.glif":"\/zeroes.ufo\/glyphs\/afii10061.glif","\/zeroes.ufo\/glyphs\/afii10062.glif":"\/zeroes.ufo\/glyphs\/afii10062.glif","\/zeroes.ufo\/glyphs\/afii10065.glif":"\/zeroes.ufo\/glyphs\/afii10065.glif","\/zeroes.ufo\/glyphs\/afii10066.glif":"\/zeroes.ufo\/glyphs\/afii10066.glif","\/zeroes.ufo\/glyphs\/afii10067.glif":"\/zeroes.ufo\/glyphs\/afii10067.glif","\/zeroes.ufo\/glyphs\/afii10068.glif":"\/zeroes.ufo\/glyphs\/afii10068.glif","\/zeroes.ufo\/glyphs\/afii10069.glif":"\/zeroes.ufo\/glyphs\/afii10069.glif","\/zeroes.ufo\/glyphs\/afii10070.glif":"\/zeroes.ufo\/glyphs\/afii10070.glif","\/zeroes.ufo\/glyphs\/afii10071.glif":"\/zeroes.ufo\/glyphs\/afii10071.glif","\/zeroes.ufo\/glyphs\/afii10072.glif":"\/zeroes.ufo\/glyphs\/afii10072.glif","\/zeroes.ufo\/glyphs\/afii10073.glif":"\/zeroes.ufo\/glyphs\/afii10073.glif","\/zeroes.ufo\/glyphs\/afii10074.glif":"\/zeroes.ufo\/glyphs\/afii10074.glif","\/zeroes.ufo\/glyphs\/afii10075.glif":"\/zeroes.ufo\/glyphs\/afii10075.glif","\/zeroes.ufo\/glyphs\/afii10076.glif":"\/zeroes.ufo\/glyphs\/afii10076.glif","\/zeroes.ufo\/glyphs\/afii10077.glif":"\/zeroes.ufo\/glyphs\/afii10077.glif","\/zeroes.ufo\/glyphs\/afii10078.glif":"\/zeroes.ufo\/glyphs\/afii10078.glif","\/zeroes.ufo\/glyphs\/afii10079.glif":"\/zeroes.ufo\/glyphs\/afii10079.glif","\/zeroes.ufo\/glyphs\/afii10080.glif":"\/zeroes.ufo\/glyphs\/afii10080.glif","\/zeroes.ufo\/glyphs\/afii10081.glif":"\/zeroes.ufo\/glyphs\/afii10081.glif","\/zeroes.ufo\/glyphs\/afii10082.glif":"\/zeroes.ufo\/glyphs\/afii10082.glif","\/zeroes.ufo\/glyphs\/afii10083.glif":"\/zeroes.ufo\/glyphs\/afii10083.glif","\/zeroes.ufo\/glyphs\/afii10084.glif":"\/zeroes.ufo\/glyphs\/afii10084.glif","\/zeroes.ufo\/glyphs\/afii10085.glif":"\/zeroes.ufo\/glyphs\/afii10085.glif","\/zeroes.ufo\/glyphs\/afii10086.glif":"\/zeroes.ufo\/glyphs\/afii10086.glif","\/zeroes.ufo\/glyphs\/afii10087.glif":"\/zeroes.ufo\/glyphs\/afii10087.glif","\/zeroes.ufo\/glyphs\/afii10088.glif":"\/zeroes.ufo\/glyphs\/afii10088.glif","\/zeroes.ufo\/glyphs\/afii10089.glif":"\/zeroes.ufo\/glyphs\/afii10089.glif","\/zeroes.ufo\/glyphs\/afii10090.glif":"\/zeroes.ufo\/glyphs\/afii10090.glif","\/zeroes.ufo\/glyphs\/afii10091.glif":"\/zeroes.ufo\/glyphs\/afii10091.glif","\/zeroes.ufo\/glyphs\/afii10092.glif":"\/zeroes.ufo\/glyphs\/afii10092.glif","\/zeroes.ufo\/glyphs\/afii10093.glif":"\/zeroes.ufo\/glyphs\/afii10093.glif","\/zeroes.ufo\/glyphs\/afii10094.glif":"\/zeroes.ufo\/glyphs\/afii10094.glif","\/zeroes.ufo\/glyphs\/afii10095.glif":"\/zeroes.ufo\/glyphs\/afii10095.glif","\/zeroes.ufo\/glyphs\/afii10096.glif":"\/zeroes.ufo\/glyphs\/afii10096.glif","\/zeroes.ufo\/glyphs\/afii10097.glif":"\/zeroes.ufo\/glyphs\/afii10097.glif","\/zeroes.ufo\/glyphs\/afii10098.glif":"\/zeroes.ufo\/glyphs\/afii10098.glif","\/zeroes.ufo\/glyphs\/afii10099.glif":"\/zeroes.ufo\/glyphs\/afii10099.glif","\/zeroes.ufo\/glyphs\/afii10100.glif":"\/zeroes.ufo\/glyphs\/afii10100.glif","\/zeroes.ufo\/glyphs\/afii10101.glif":"\/zeroes.ufo\/glyphs\/afii10101.glif","\/zeroes.ufo\/glyphs\/afii10102.glif":"\/zeroes.ufo\/glyphs\/afii10102.glif","\/zeroes.ufo\/glyphs\/afii10103.glif":"\/zeroes.ufo\/glyphs\/afii10103.glif","\/zeroes.ufo\/glyphs\/afii10104.glif":"\/zeroes.ufo\/glyphs\/afii10104.glif","\/zeroes.ufo\/glyphs\/afii10105.glif":"\/zeroes.ufo\/glyphs\/afii10105.glif","\/zeroes.ufo\/glyphs\/afii10106.glif":"\/zeroes.ufo\/glyphs\/afii10106.glif","\/zeroes.ufo\/glyphs\/afii10107.glif":"\/zeroes.ufo\/glyphs\/afii10107.glif","\/zeroes.ufo\/glyphs\/afii10108.glif":"\/zeroes.ufo\/glyphs\/afii10108.glif","\/zeroes.ufo\/glyphs\/afii10109.glif":"\/zeroes.ufo\/glyphs\/afii10109.glif","\/zeroes.ufo\/glyphs\/afii10110.glif":"\/zeroes.ufo\/glyphs\/afii10110.glif","\/zeroes.ufo\/glyphs\/afii10145.glif":"\/zeroes.ufo\/glyphs\/afii10145.glif","\/zeroes.ufo\/glyphs\/afii10193.glif":"\/zeroes.ufo\/glyphs\/afii10193.glif","\/zeroes.ufo\/glyphs\/agrave.glif":"\/zeroes.ufo\/glyphs\/agrave.glif","\/zeroes.ufo\/glyphs\/alpha.glif":"\/zeroes.ufo\/glyphs\/alpha.glif","\/zeroes.ufo\/glyphs\/alphatonos.glif":"\/zeroes.ufo\/glyphs\/alphatonos.glif","\/zeroes.ufo\/glyphs\/amacron.glif":"\/zeroes.ufo\/glyphs\/amacron.glif","\/zeroes.ufo\/glyphs\/ampersand.glif":"\/zeroes.ufo\/glyphs\/ampersand.glif","\/zeroes.ufo\/glyphs\/anoteleia.glif":"\/zeroes.ufo\/glyphs\/anoteleia.glif","\/zeroes.ufo\/glyphs\/aogonek.glif":"\/zeroes.ufo\/glyphs\/aogonek.glif","\/zeroes.ufo\/glyphs\/aring.glif":"\/zeroes.ufo\/glyphs\/aring.glif","\/zeroes.ufo\/glyphs\/aringacute.glif":"\/zeroes.ufo\/glyphs\/aringacute.glif","\/zeroes.ufo\/glyphs\/asterisk.glif":"\/zeroes.ufo\/glyphs\/asterisk.glif","\/zeroes.ufo\/glyphs\/at.glif":"\/zeroes.ufo\/glyphs\/at.glif","\/zeroes.ufo\/glyphs\/atilde.glif":"\/zeroes.ufo\/glyphs\/atilde.glif","\/zeroes.ufo\/glyphs\/b.glif":"\/zeroes.ufo\/glyphs\/b.glif","\/zeroes.ufo\/glyphs\/backslash.glif":"\/zeroes.ufo\/glyphs\/backslash.glif","\/zeroes.ufo\/glyphs\/bar.glif":"\/zeroes.ufo\/glyphs\/bar.glif","\/zeroes.ufo\/glyphs\/beta.glif":"\/zeroes.ufo\/glyphs\/beta.glif","\/zeroes.ufo\/glyphs\/bracketleft.glif":"\/zeroes.ufo\/glyphs\/bracketleft.glif","\/zeroes.ufo\/glyphs\/bracketright.glif":"\/zeroes.ufo\/glyphs\/bracketright.glif","\/zeroes.ufo\/glyphs\/breve.glif":"\/zeroes.ufo\/glyphs\/breve.glif","\/zeroes.ufo\/glyphs\/bullet.glif":"\/zeroes.ufo\/glyphs\/bullet.glif","\/zeroes.ufo\/glyphs\/c.glif":"\/zeroes.ufo\/glyphs\/c.glif","\/zeroes.ufo\/glyphs\/cacute.glif":"\/zeroes.ufo\/glyphs\/cacute.glif","\/zeroes.ufo\/glyphs\/caron.glif":"\/zeroes.ufo\/glyphs\/caron.glif","\/zeroes.ufo\/glyphs\/ccaron.glif":"\/zeroes.ufo\/glyphs\/ccaron.glif","\/zeroes.ufo\/glyphs\/ccedilla.glif":"\/zeroes.ufo\/glyphs\/ccedilla.glif","\/zeroes.ufo\/glyphs\/ccircumflex.glif":"\/zeroes.ufo\/glyphs\/ccircumflex.glif","\/zeroes.ufo\/glyphs\/cdot.glif":"\/zeroes.ufo\/glyphs\/cdot.glif","\/zeroes.ufo\/glyphs\/cedilla.glif":"\/zeroes.ufo\/glyphs\/cedilla.glif","\/zeroes.ufo\/glyphs\/chi.glif":"\/zeroes.ufo\/glyphs\/chi.glif","\/zeroes.ufo\/glyphs\/circumflex.glif":"\/zeroes.ufo\/glyphs\/circumflex.glif","\/zeroes.ufo\/glyphs\/colon.glif":"\/zeroes.ufo\/glyphs\/colon.glif","\/zeroes.ufo\/glyphs\/comma.glif":"\/zeroes.ufo\/glyphs\/comma.glif","\/zeroes.ufo\/glyphs\/contents.plist":"\/zeroes.ufo\/glyphs\/contents.plist","\/zeroes.ufo\/glyphs\/currency.glif":"\/zeroes.ufo\/glyphs\/currency.glif","\/zeroes.ufo\/glyphs\/d.glif":"\/zeroes.ufo\/glyphs\/d.glif","\/zeroes.ufo\/glyphs\/dagger.glif":"\/zeroes.ufo\/glyphs\/dagger.glif","\/zeroes.ufo\/glyphs\/daggerdbl.glif":"\/zeroes.ufo\/glyphs\/daggerdbl.glif","\/zeroes.ufo\/glyphs\/dcaron.glif":"\/zeroes.ufo\/glyphs\/dcaron.glif","\/zeroes.ufo\/glyphs\/dcroat.glif":"\/zeroes.ufo\/glyphs\/dcroat.glif","\/zeroes.ufo\/glyphs\/delta.glif":"\/zeroes.ufo\/glyphs\/delta.glif","\/zeroes.ufo\/glyphs\/dieresis.glif":"\/zeroes.ufo\/glyphs\/dieresis.glif","\/zeroes.ufo\/glyphs\/dieresistonos.glif":"\/zeroes.ufo\/glyphs\/dieresistonos.glif","\/zeroes.ufo\/glyphs\/dollar.glif":"\/zeroes.ufo\/glyphs\/dollar.glif","\/zeroes.ufo\/glyphs\/dotaccent.glif":"\/zeroes.ufo\/glyphs\/dotaccent.glif","\/zeroes.ufo\/glyphs\/e.glif":"\/zeroes.ufo\/glyphs\/e.glif","\/zeroes.ufo\/glyphs\/eacute.glif":"\/zeroes.ufo\/glyphs\/eacute.glif","\/zeroes.ufo\/glyphs\/ebreve.glif":"\/zeroes.ufo\/glyphs\/ebreve.glif","\/zeroes.ufo\/glyphs\/ecaron.glif":"\/zeroes.ufo\/glyphs\/ecaron.glif","\/zeroes.ufo\/glyphs\/ecircumflex.glif":"\/zeroes.ufo\/glyphs\/ecircumflex.glif","\/zeroes.ufo\/glyphs\/edieresis.glif":"\/zeroes.ufo\/glyphs\/edieresis.glif","\/zeroes.ufo\/glyphs\/edot.glif":"\/zeroes.ufo\/glyphs\/edot.glif","\/zeroes.ufo\/glyphs\/egrave.glif":"\/zeroes.ufo\/glyphs\/egrave.glif","\/zeroes.ufo\/glyphs\/eight.glif":"\/zeroes.ufo\/glyphs\/eight.glif","\/zeroes.ufo\/glyphs\/ellipsis.glif":"\/zeroes.ufo\/glyphs\/ellipsis.glif","\/zeroes.ufo\/glyphs\/emacron.glif":"\/zeroes.ufo\/glyphs\/emacron.glif","\/zeroes.ufo\/glyphs\/emdash.glif":"\/zeroes.ufo\/glyphs\/emdash.glif","\/zeroes.ufo\/glyphs\/endash.glif":"\/zeroes.ufo\/glyphs\/endash.glif","\/zeroes.ufo\/glyphs\/eng.glif":"\/zeroes.ufo\/glyphs\/eng.glif","\/zeroes.ufo\/glyphs\/eogonek.glif":"\/zeroes.ufo\/glyphs\/eogonek.glif","\/zeroes.ufo\/glyphs\/epsilon.glif":"\/zeroes.ufo\/glyphs\/epsilon.glif","\/zeroes.ufo\/glyphs\/epsilontonos.glif":"\/zeroes.ufo\/glyphs\/epsilontonos.glif","\/zeroes.ufo\/glyphs\/equal.glif":"\/zeroes.ufo\/glyphs\/equal.glif","\/zeroes.ufo\/glyphs\/eta.glif":"\/zeroes.ufo\/glyphs\/eta.glif","\/zeroes.ufo\/glyphs\/etatonos.glif":"\/zeroes.ufo\/glyphs\/etatonos.glif","\/zeroes.ufo\/glyphs\/eth.glif":"\/zeroes.ufo\/glyphs\/eth.glif","\/zeroes.ufo\/glyphs\/exclam.glif":"\/zeroes.ufo\/glyphs\/exclam.glif","\/zeroes.ufo\/glyphs\/exclamdown.glif":"\/zeroes.ufo\/glyphs\/exclamdown.glif","\/zeroes.ufo\/glyphs\/f.glif":"\/zeroes.ufo\/glyphs\/f.glif","\/zeroes.ufo\/glyphs\/five.glif":"\/zeroes.ufo\/glyphs\/five.glif","\/zeroes.ufo\/glyphs\/florin.glif":"\/zeroes.ufo\/glyphs\/florin.glif","\/zeroes.ufo\/glyphs\/four.glif":"\/zeroes.ufo\/glyphs\/four.glif","\/zeroes.ufo\/glyphs\/g.glif":"\/zeroes.ufo\/glyphs\/g.glif","\/zeroes.ufo\/glyphs\/gamma.glif":"\/zeroes.ufo\/glyphs\/gamma.glif","\/zeroes.ufo\/glyphs\/gbreve.glif":"\/zeroes.ufo\/glyphs\/gbreve.glif","\/zeroes.ufo\/glyphs\/gcedilla.glif":"\/zeroes.ufo\/glyphs\/gcedilla.glif","\/zeroes.ufo\/glyphs\/gcircumflex.glif":"\/zeroes.ufo\/glyphs\/gcircumflex.glif","\/zeroes.ufo\/glyphs\/gdot.glif":"\/zeroes.ufo\/glyphs\/gdot.glif","\/zeroes.ufo\/glyphs\/germandbls.glif":"\/zeroes.ufo\/glyphs\/germandbls.glif","\/zeroes.ufo\/glyphs\/glyph107.glif":"\/zeroes.ufo\/glyphs\/glyph107.glif","\/zeroes.ufo\/glyphs\/glyph309.glif":"\/zeroes.ufo\/glyphs\/glyph309.glif","\/zeroes.ufo\/glyphs\/glyph326.glif":"\/zeroes.ufo\/glyphs\/glyph326.glif","\/zeroes.ufo\/glyphs\/glyph399.glif":"\/zeroes.ufo\/glyphs\/glyph399.glif","\/zeroes.ufo\/glyphs\/glyph4.glif":"\/zeroes.ufo\/glyphs\/glyph4.glif","\/zeroes.ufo\/glyphs\/glyph494.glif":"\/zeroes.ufo\/glyphs\/glyph494.glif","\/zeroes.ufo\/glyphs\/glyph5.glif":"\/zeroes.ufo\/glyphs\/glyph5.glif","\/zeroes.ufo\/glyphs\/glyph503.glif":"\/zeroes.ufo\/glyphs\/glyph503.glif","\/zeroes.ufo\/glyphs\/glyph515.glif":"\/zeroes.ufo\/glyphs\/glyph515.glif","\/zeroes.ufo\/glyphs\/glyph6.glif":"\/zeroes.ufo\/glyphs\/glyph6.glif","\/zeroes.ufo\/glyphs\/glyph7.glif":"\/zeroes.ufo\/glyphs\/glyph7.glif","\/zeroes.ufo\/glyphs\/glyph8.glif":"\/zeroes.ufo\/glyphs\/glyph8.glif","\/zeroes.ufo\/glyphs\/grave.glif":"\/zeroes.ufo\/glyphs\/grave.glif","\/zeroes.ufo\/glyphs\/greater.glif":"\/zeroes.ufo\/glyphs\/greater.glif","\/zeroes.ufo\/glyphs\/guillemotleft.glif":"\/zeroes.ufo\/glyphs\/guillemotleft.glif","\/zeroes.ufo\/glyphs\/guillemotright.glif":"\/zeroes.ufo\/glyphs\/guillemotright.glif","\/zeroes.ufo\/glyphs\/h.glif":"\/zeroes.ufo\/glyphs\/h.glif","\/zeroes.ufo\/glyphs\/hbar.glif":"\/zeroes.ufo\/glyphs\/hbar.glif","\/zeroes.ufo\/glyphs\/hcircumflex.glif":"\/zeroes.ufo\/glyphs\/hcircumflex.glif","\/zeroes.ufo\/glyphs\/hungarumlaut.glif":"\/zeroes.ufo\/glyphs\/hungarumlaut.glif","\/zeroes.ufo\/glyphs\/hyphen.glif":"\/zeroes.ufo\/glyphs\/hyphen.glif","\/zeroes.ufo\/glyphs\/i.glif":"\/zeroes.ufo\/glyphs\/i.glif","\/zeroes.ufo\/glyphs\/iacute.glif":"\/zeroes.ufo\/glyphs\/iacute.glif","\/zeroes.ufo\/glyphs\/ibreve.glif":"\/zeroes.ufo\/glyphs\/ibreve.glif","\/zeroes.ufo\/glyphs\/icircumflex.glif":"\/zeroes.ufo\/glyphs\/icircumflex.glif","\/zeroes.ufo\/glyphs\/idieresis.glif":"\/zeroes.ufo\/glyphs\/idieresis.glif","\/zeroes.ufo\/glyphs\/igrave.glif":"\/zeroes.ufo\/glyphs\/igrave.glif","\/zeroes.ufo\/glyphs\/ij.glif":"\/zeroes.ufo\/glyphs\/ij.glif","\/zeroes.ufo\/glyphs\/imacron.glif":"\/zeroes.ufo\/glyphs\/imacron.glif","\/zeroes.ufo\/glyphs\/iogonek.glif":"\/zeroes.ufo\/glyphs\/iogonek.glif","\/zeroes.ufo\/glyphs\/iota.glif":"\/zeroes.ufo\/glyphs\/iota.glif","\/zeroes.ufo\/glyphs\/iotadieresis.glif":"\/zeroes.ufo\/glyphs\/iotadieresis.glif","\/zeroes.ufo\/glyphs\/iotadieresistonos.glif":"\/zeroes.ufo\/glyphs\/iotadieresistonos.glif","\/zeroes.ufo\/glyphs\/iotatonos.glif":"\/zeroes.ufo\/glyphs\/iotatonos.glif","\/zeroes.ufo\/glyphs\/itilde.glif":"\/zeroes.ufo\/glyphs\/itilde.glif","\/zeroes.ufo\/glyphs\/j.glif":"\/zeroes.ufo\/glyphs\/j.glif","\/zeroes.ufo\/glyphs\/jcircumflex.glif":"\/zeroes.ufo\/glyphs\/jcircumflex.glif","\/zeroes.ufo\/glyphs\/k.glif":"\/zeroes.ufo\/glyphs\/k.glif","\/zeroes.ufo\/glyphs\/kappa.glif":"\/zeroes.ufo\/glyphs\/kappa.glif","\/zeroes.ufo\/glyphs\/kcedilla.glif":"\/zeroes.ufo\/glyphs\/kcedilla.glif","\/zeroes.ufo\/glyphs\/kgreenlandic.glif":"\/zeroes.ufo\/glyphs\/kgreenlandic.glif","\/zeroes.ufo\/glyphs\/l.glif":"\/zeroes.ufo\/glyphs\/l.glif","\/zeroes.ufo\/glyphs\/lacute.glif":"\/zeroes.ufo\/glyphs\/lacute.glif","\/zeroes.ufo\/glyphs\/lambda.glif":"\/zeroes.ufo\/glyphs\/lambda.glif","\/zeroes.ufo\/glyphs\/lcaron.glif":"\/zeroes.ufo\/glyphs\/lcaron.glif","\/zeroes.ufo\/glyphs\/lcedilla.glif":"\/zeroes.ufo\/glyphs\/lcedilla.glif","\/zeroes.ufo\/glyphs\/ldot.glif":"\/zeroes.ufo\/glyphs\/ldot.glif","\/zeroes.ufo\/glyphs\/less.glif":"\/zeroes.ufo\/glyphs\/less.glif","\/zeroes.ufo\/glyphs\/logicalnot.glif":"\/zeroes.ufo\/glyphs\/logicalnot.glif","\/zeroes.ufo\/glyphs\/longs.glif":"\/zeroes.ufo\/glyphs\/longs.glif","\/zeroes.ufo\/glyphs\/lslash.glif":"\/zeroes.ufo\/glyphs\/lslash.glif","\/zeroes.ufo\/glyphs\/m.glif":"\/zeroes.ufo\/glyphs\/m.glif","\/zeroes.ufo\/glyphs\/macron.glif":"\/zeroes.ufo\/glyphs\/macron.glif","\/zeroes.ufo\/glyphs\/middot.glif":"\/zeroes.ufo\/glyphs\/middot.glif","\/zeroes.ufo\/glyphs\/mu.glif":"\/zeroes.ufo\/glyphs\/mu.glif","\/zeroes.ufo\/glyphs\/mu1.glif":"\/zeroes.ufo\/glyphs\/mu1.glif","\/zeroes.ufo\/glyphs\/n.glif":"\/zeroes.ufo\/glyphs\/n.glif","\/zeroes.ufo\/glyphs\/nacute.glif":"\/zeroes.ufo\/glyphs\/nacute.glif","\/zeroes.ufo\/glyphs\/napostrophe.glif":"\/zeroes.ufo\/glyphs\/napostrophe.glif","\/zeroes.ufo\/glyphs\/ncaron.glif":"\/zeroes.ufo\/glyphs\/ncaron.glif","\/zeroes.ufo\/glyphs\/ncedilla.glif":"\/zeroes.ufo\/glyphs\/ncedilla.glif","\/zeroes.ufo\/glyphs\/nine.glif":"\/zeroes.ufo\/glyphs\/nine.glif","\/zeroes.ufo\/glyphs\/nonmarkingreturn.glif":"\/zeroes.ufo\/glyphs\/nonmarkingreturn.glif","\/zeroes.ufo\/glyphs\/ntilde.glif":"\/zeroes.ufo\/glyphs\/ntilde.glif","\/zeroes.ufo\/glyphs\/nu.glif":"\/zeroes.ufo\/glyphs\/nu.glif","\/zeroes.ufo\/glyphs\/numbersign.glif":"\/zeroes.ufo\/glyphs\/numbersign.glif","\/zeroes.ufo\/glyphs\/o.glif":"\/zeroes.ufo\/glyphs\/o.glif","\/zeroes.ufo\/glyphs\/oacute.glif":"\/zeroes.ufo\/glyphs\/oacute.glif","\/zeroes.ufo\/glyphs\/obreve.glif":"\/zeroes.ufo\/glyphs\/obreve.glif","\/zeroes.ufo\/glyphs\/ocircumflex.glif":"\/zeroes.ufo\/glyphs\/ocircumflex.glif","\/zeroes.ufo\/glyphs\/odblacute.glif":"\/zeroes.ufo\/glyphs\/odblacute.glif","\/zeroes.ufo\/glyphs\/odieresis.glif":"\/zeroes.ufo\/glyphs\/odieresis.glif","\/zeroes.ufo\/glyphs\/oe.glif":"\/zeroes.ufo\/glyphs\/oe.glif","\/zeroes.ufo\/glyphs\/ogonek.glif":"\/zeroes.ufo\/glyphs\/ogonek.glif","\/zeroes.ufo\/glyphs\/ograve.glif":"\/zeroes.ufo\/glyphs\/ograve.glif","\/zeroes.ufo\/glyphs\/omacron.glif":"\/zeroes.ufo\/glyphs\/omacron.glif","\/zeroes.ufo\/glyphs\/omega.glif":"\/zeroes.ufo\/glyphs\/omega.glif","\/zeroes.ufo\/glyphs\/omegatonos.glif":"\/zeroes.ufo\/glyphs\/omegatonos.glif","\/zeroes.ufo\/glyphs\/omicron.glif":"\/zeroes.ufo\/glyphs\/omicron.glif","\/zeroes.ufo\/glyphs\/omicrontonos.glif":"\/zeroes.ufo\/glyphs\/omicrontonos.glif","\/zeroes.ufo\/glyphs\/one.glif":"\/zeroes.ufo\/glyphs\/one.glif","\/zeroes.ufo\/glyphs\/onehalf.glif":"\/zeroes.ufo\/glyphs\/onehalf.glif","\/zeroes.ufo\/glyphs\/onequarter.glif":"\/zeroes.ufo\/glyphs\/onequarter.glif","\/zeroes.ufo\/glyphs\/onesuperior.glif":"\/zeroes.ufo\/glyphs\/onesuperior.glif","\/zeroes.ufo\/glyphs\/ordfeminine.glif":"\/zeroes.ufo\/glyphs\/ordfeminine.glif","\/zeroes.ufo\/glyphs\/oslash.glif":"\/zeroes.ufo\/glyphs\/oslash.glif","\/zeroes.ufo\/glyphs\/oslashacute.glif":"\/zeroes.ufo\/glyphs\/oslashacute.glif","\/zeroes.ufo\/glyphs\/otilde.glif":"\/zeroes.ufo\/glyphs\/otilde.glif","\/zeroes.ufo\/glyphs\/overscore.glif":"\/zeroes.ufo\/glyphs\/overscore.glif","\/zeroes.ufo\/glyphs\/p.glif":"\/zeroes.ufo\/glyphs\/p.glif","\/zeroes.ufo\/glyphs\/parenleft.glif":"\/zeroes.ufo\/glyphs\/parenleft.glif","\/zeroes.ufo\/glyphs\/parenright.glif":"\/zeroes.ufo\/glyphs\/parenright.glif","\/zeroes.ufo\/glyphs\/percent.glif":"\/zeroes.ufo\/glyphs\/percent.glif","\/zeroes.ufo\/glyphs\/period.glif":"\/zeroes.ufo\/glyphs\/period.glif","\/zeroes.ufo\/glyphs\/phi.glif":"\/zeroes.ufo\/glyphs\/phi.glif","\/zeroes.ufo\/glyphs\/pi.glif":"\/zeroes.ufo\/glyphs\/pi.glif","\/zeroes.ufo\/glyphs\/plus.glif":"\/zeroes.ufo\/glyphs\/plus.glif","\/zeroes.ufo\/glyphs\/plusminus.glif":"\/zeroes.ufo\/glyphs\/plusminus.glif","\/zeroes.ufo\/glyphs\/psi.glif":"\/zeroes.ufo\/glyphs\/psi.glif","\/zeroes.ufo\/glyphs\/q.glif":"\/zeroes.ufo\/glyphs\/q.glif","\/zeroes.ufo\/glyphs\/question.glif":"\/zeroes.ufo\/glyphs\/question.glif","\/zeroes.ufo\/glyphs\/questiondown.glif":"\/zeroes.ufo\/glyphs\/questiondown.glif","\/zeroes.ufo\/glyphs\/quotedbl.glif":"\/zeroes.ufo\/glyphs\/quotedbl.glif","\/zeroes.ufo\/glyphs\/quotedblbase.glif":"\/zeroes.ufo\/glyphs\/quotedblbase.glif","\/zeroes.ufo\/glyphs\/quotedblleft.glif":"\/zeroes.ufo\/glyphs\/quotedblleft.glif","\/zeroes.ufo\/glyphs\/quotedblright.glif":"\/zeroes.ufo\/glyphs\/quotedblright.glif","\/zeroes.ufo\/glyphs\/quoteleft.glif":"\/zeroes.ufo\/glyphs\/quoteleft.glif","\/zeroes.ufo\/glyphs\/quotereversed.glif":"\/zeroes.ufo\/glyphs\/quotereversed.glif","\/zeroes.ufo\/glyphs\/quoteright.glif":"\/zeroes.ufo\/glyphs\/quoteright.glif","\/zeroes.ufo\/glyphs\/quotesinglbase.glif":"\/zeroes.ufo\/glyphs\/quotesinglbase.glif","\/zeroes.ufo\/glyphs\/quotesingle.glif":"\/zeroes.ufo\/glyphs\/quotesingle.glif","\/zeroes.ufo\/glyphs\/r.glif":"\/zeroes.ufo\/glyphs\/r.glif","\/zeroes.ufo\/glyphs\/racute.glif":"\/zeroes.ufo\/glyphs\/racute.glif","\/zeroes.ufo\/glyphs\/rcaron.glif":"\/zeroes.ufo\/glyphs\/rcaron.glif","\/zeroes.ufo\/glyphs\/rcedilla.glif":"\/zeroes.ufo\/glyphs\/rcedilla.glif","\/zeroes.ufo\/glyphs\/rho.glif":"\/zeroes.ufo\/glyphs\/rho.glif","\/zeroes.ufo\/glyphs\/ring.glif":"\/zeroes.ufo\/glyphs\/ring.glif","\/zeroes.ufo\/glyphs\/s.glif":"\/zeroes.ufo\/glyphs\/s.glif","\/zeroes.ufo\/glyphs\/sacute.glif":"\/zeroes.ufo\/glyphs\/sacute.glif","\/zeroes.ufo\/glyphs\/scaron.glif":"\/zeroes.ufo\/glyphs\/scaron.glif","\/zeroes.ufo\/glyphs\/scedilla.glif":"\/zeroes.ufo\/glyphs\/scedilla.glif","\/zeroes.ufo\/glyphs\/scircumflex.glif":"\/zeroes.ufo\/glyphs\/scircumflex.glif","\/zeroes.ufo\/glyphs\/section.glif":"\/zeroes.ufo\/glyphs\/section.glif","\/zeroes.ufo\/glyphs\/semicolon.glif":"\/zeroes.ufo\/glyphs\/semicolon.glif","\/zeroes.ufo\/glyphs\/seven.glif":"\/zeroes.ufo\/glyphs\/seven.glif","\/zeroes.ufo\/glyphs\/sigma.glif":"\/zeroes.ufo\/glyphs\/sigma.glif","\/zeroes.ufo\/glyphs\/sigma1.glif":"\/zeroes.ufo\/glyphs\/sigma1.glif","\/zeroes.ufo\/glyphs\/six.glif":"\/zeroes.ufo\/glyphs\/six.glif","\/zeroes.ufo\/glyphs\/slash.glif":"\/zeroes.ufo\/glyphs\/slash.glif","\/zeroes.ufo\/glyphs\/space.glif":"\/zeroes.ufo\/glyphs\/space.glif","\/zeroes.ufo\/glyphs\/sterling.glif":"\/zeroes.ufo\/glyphs\/sterling.glif","\/zeroes.ufo\/glyphs\/t.glif":"\/zeroes.ufo\/glyphs\/t.glif","\/zeroes.ufo\/glyphs\/tau.glif":"\/zeroes.ufo\/glyphs\/tau.glif","\/zeroes.ufo\/glyphs\/tbar.glif":"\/zeroes.ufo\/glyphs\/tbar.glif","\/zeroes.ufo\/glyphs\/tcaron.glif":"\/zeroes.ufo\/glyphs\/tcaron.glif","\/zeroes.ufo\/glyphs\/tcedilla.glif":"\/zeroes.ufo\/glyphs\/tcedilla.glif","\/zeroes.ufo\/glyphs\/theta.glif":"\/zeroes.ufo\/glyphs\/theta.glif","\/zeroes.ufo\/glyphs\/thorn.glif":"\/zeroes.ufo\/glyphs\/thorn.glif","\/zeroes.ufo\/glyphs\/three.glif":"\/zeroes.ufo\/glyphs\/three.glif","\/zeroes.ufo\/glyphs\/threequarters.glif":"\/zeroes.ufo\/glyphs\/threequarters.glif","\/zeroes.ufo\/glyphs\/threesuperior.glif":"\/zeroes.ufo\/glyphs\/threesuperior.glif","\/zeroes.ufo\/glyphs\/tilde.glif":"\/zeroes.ufo\/glyphs\/tilde.glif","\/zeroes.ufo\/glyphs\/tonos.glif":"\/zeroes.ufo\/glyphs\/tonos.glif","\/zeroes.ufo\/glyphs\/two.glif":"\/zeroes.ufo\/glyphs\/two.glif","\/zeroes.ufo\/glyphs\/twosuperior.glif":"\/zeroes.ufo\/glyphs\/twosuperior.glif","\/zeroes.ufo\/glyphs\/u.glif":"\/zeroes.ufo\/glyphs\/u.glif","\/zeroes.ufo\/glyphs\/uacute.glif":"\/zeroes.ufo\/glyphs\/uacute.glif","\/zeroes.ufo\/glyphs\/ubreve.glif":"\/zeroes.ufo\/glyphs\/ubreve.glif","\/zeroes.ufo\/glyphs\/ucircumflex.glif":"\/zeroes.ufo\/glyphs\/ucircumflex.glif","\/zeroes.ufo\/glyphs\/udblacute.glif":"\/zeroes.ufo\/glyphs\/udblacute.glif","\/zeroes.ufo\/glyphs\/udieresis.glif":"\/zeroes.ufo\/glyphs\/udieresis.glif","\/zeroes.ufo\/glyphs\/ugrave.glif":"\/zeroes.ufo\/glyphs\/ugrave.glif","\/zeroes.ufo\/glyphs\/umacron.glif":"\/zeroes.ufo\/glyphs\/umacron.glif","\/zeroes.ufo\/glyphs\/underscore.glif":"\/zeroes.ufo\/glyphs\/underscore.glif","\/zeroes.ufo\/glyphs\/underscoredbl.glif":"\/zeroes.ufo\/glyphs\/underscoredbl.glif","\/zeroes.ufo\/glyphs\/uogonek.glif":"\/zeroes.ufo\/glyphs\/uogonek.glif","\/zeroes.ufo\/glyphs\/upsilon.glif":"\/zeroes.ufo\/glyphs\/upsilon.glif","\/zeroes.ufo\/glyphs\/upsilondieresis.glif":"\/zeroes.ufo\/glyphs\/upsilondieresis.glif","\/zeroes.ufo\/glyphs\/upsilondieresistonos.glif":"\/zeroes.ufo\/glyphs\/upsilondieresistonos.glif","\/zeroes.ufo\/glyphs\/upsilontonos.glif":"\/zeroes.ufo\/glyphs\/upsilontonos.glif","\/zeroes.ufo\/glyphs\/uring.glif":"\/zeroes.ufo\/glyphs\/uring.glif","\/zeroes.ufo\/glyphs\/utilde.glif":"\/zeroes.ufo\/glyphs\/utilde.glif","\/zeroes.ufo\/glyphs\/v.glif":"\/zeroes.ufo\/glyphs\/v.glif","\/zeroes.ufo\/glyphs\/w.glif":"\/zeroes.ufo\/glyphs\/w.glif","\/zeroes.ufo\/glyphs\/wacute.glif":"\/zeroes.ufo\/glyphs\/wacute.glif","\/zeroes.ufo\/glyphs\/wcircumflex.glif":"\/zeroes.ufo\/glyphs\/wcircumflex.glif","\/zeroes.ufo\/glyphs\/wdieresis.glif":"\/zeroes.ufo\/glyphs\/wdieresis.glif","\/zeroes.ufo\/glyphs\/wgrave.glif":"\/zeroes.ufo\/glyphs\/wgrave.glif","\/zeroes.ufo\/glyphs\/x.glif":"\/zeroes.ufo\/glyphs\/x.glif","\/zeroes.ufo\/glyphs\/xi.glif":"\/zeroes.ufo\/glyphs\/xi.glif","\/zeroes.ufo\/glyphs\/y.glif":"\/zeroes.ufo\/glyphs\/y.glif","\/zeroes.ufo\/glyphs\/ycircumflex.glif":"\/zeroes.ufo\/glyphs\/ycircumflex.glif","\/zeroes.ufo\/glyphs\/ydieresis.glif":"\/zeroes.ufo\/glyphs\/ydieresis.glif","\/zeroes.ufo\/glyphs\/ygrave.glif":"\/zeroes.ufo\/glyphs\/ygrave.glif","\/zeroes.ufo\/glyphs\/z.glif":"\/zeroes.ufo\/glyphs\/z.glif","\/zeroes.ufo\/glyphs\/zacute.glif":"\/zeroes.ufo\/glyphs\/zacute.glif","\/zeroes.ufo\/glyphs\/zcaron.glif":"\/zeroes.ufo\/glyphs\/zcaron.glif","\/zeroes.ufo\/glyphs\/zdot.glif":"\/zeroes.ufo\/glyphs\/zdot.glif","\/zeroes.ufo\/glyphs\/zero.glif":"\/zeroes.ufo\/glyphs\/zero.glif","\/zeroes.ufo\/glyphs\/zeta.glif":"\/zeroes.ufo\/glyphs\/zeta.glif"},"Font":{"uploaded":1477189356.6423,"licence":"gpl3","company":"Chronolabs Cooperative","title":"Zeroes","version":3.002,"date":"Fri Oct 14 23:27:39 2016","creator":"root","type":"1","matrix":"0.001 0 0 0.001 0 0","named":"Zeroes","painttype":"0","info":"10 dict dup","name":"Zeroes","family":"Zeroes","weight":"Book","fstype":"0","italicangle":"0","underlineposition":"","underlinethickness":""},"Licences":{"":false},"Table":{"FFTM":{"entryLength":16,"tag":"FFTM","checksum":1955350566,"offset":17300,"length":28},"GDEF":{"entryLength":16,"tag":"GDEF","checksum":37027844,"offset":17268,"length":32},"OS\/2":{"entryLength":16,"tag":"OS\/2","checksum":1492983672,"offset":344,"length":86},"cmap":{"entryLength":16,"tag":"cmap","checksum":3527925043,"offset":2512,"length":972},"gasp":{"entryLength":16,"tag":"gasp","checksum":4294901763,"offset":17260,"length":8},"glyf":{"entryLength":16,"tag":"glyf","checksum":1686884572,"offset":4528,"length":8528},"head":{"entryLength":16,"tag":"head","checksum":197364346,"offset":220,"length":54},"hhea":{"entryLength":16,"tag":"hhea","checksum":129435022,"offset":276,"length":36},"hmtx":{"entryLength":16,"tag":"hmtx","checksum":610409735,"offset":432,"length":2080},"loca":{"entryLength":16,"tag":"loca","checksum":216335530,"offset":3484,"length":1042},"maxp":{"entryLength":16,"tag":"maxp","checksum":39125121,"offset":312,"length":32},"name":{"entryLength":16,"tag":"name","checksum":1205403450,"offset":13056,"length":534},"post":{"entryLength":16,"tag":"post","checksum":3620660232,"offset":13592,"length":3665}},"UnicodeCharMap":{"0":1,"13":2,"32":3,"33":4,"34":5,"35":6,"36":7,"37":8,"38":9,"39":10,"40":11,"41":12,"42":13,"43":14,"44":15,"45":16,"46":17,"47":18,"48":19,"49":20,"50":21,"51":22,"52":23,"53":24,"54":25,"55":26,"56":27,"57":28,"58":29,"59":30,"60":31,"61":32,"62":33,"63":34,"64":35,"65":36,"66":37,"67":38,"68":39,"69":40,"70":41,"71":42,"72":43,"73":44,"74":45,"75":46,"76":47,"77":48,"78":49,"79":50,"80":51,"81":52,"82":53,"83":54,"84":55,"85":56,"86":57,"87":58,"88":59,"89":60,"90":61,"91":62,"92":63,"93":64,"95":65,"96":66,"97":67,"98":68,"99":69,"100":70,"101":71,"102":72,"103":73,"104":74,"105":75,"106":76,"107":77,"108":78,"109":79,"110":80,"111":81,"112":82,"113":83,"114":84,"115":85,"116":86,"117":87,"118":88,"119":89,"120":90,"121":91,"122":92,"124":93,"161":94,"163":95,"164":96,"167":97,"168":98,"170":99,"171":100,"172":101,"175":319,"177":103,"178":104,"179":105,"180":106,"181":107,"183":108,"184":109,"185":110,"187":111,"188":112,"189":113,"190":114,"191":115,"192":116,"193":117,"194":118,"195":119,"196":120,"197":121,"198":122,"199":123,"200":124,"201":125,"202":126,"203":127,"204":128,"205":129,"206":130,"207":131,"209":132,"210":133,"211":134,"212":135,"213":136,"214":137,"216":138,"217":139,"218":140,"219":141,"220":142,"221":143,"222":144,"223":145,"224":146,"225":147,"226":148,"227":149,"228":150,"229":151,"230":152,"231":153,"232":154,"233":155,"234":156,"235":157,"236":158,"237":159,"238":160,"239":161,"240":162,"241":163,"242":164,"243":165,"244":166,"245":167,"246":168,"248":169,"249":170,"250":171,"251":172,"252":173,"254":174,"255":175,"256":182,"257":183,"258":184,"259":185,"260":186,"261":187,"262":188,"263":189,"264":190,"265":191,"266":192,"267":193,"268":194,"269":195,"270":196,"271":197,"272":198,"273":199,"274":200,"275":201,"276":202,"277":203,"278":204,"279":205,"280":206,"281":207,"282":208,"283":209,"284":210,"285":211,"286":212,"287":213,"288":214,"289":215,"290":216,"291":217,"292":218,"293":219,"294":220,"295":221,"296":222,"297":223,"298":224,"299":225,"300":226,"301":227,"302":228,"303":229,"304":230,"306":231,"307":232,"308":233,"309":234,"310":235,"311":236,"312":237,"313":238,"314":239,"315":240,"316":241,"317":242,"318":243,"319":244,"320":245,"321":246,"322":247,"323":248,"324":249,"325":250,"326":251,"327":252,"328":253,"329":254,"330":255,"331":256,"332":257,"333":258,"334":259,"335":260,"336":261,"337":262,"338":263,"339":264,"340":265,"341":266,"342":267,"343":268,"344":269,"345":270,"346":271,"347":272,"348":273,"349":274,"350":275,"351":276,"352":277,"353":278,"354":279,"355":280,"356":281,"357":282,"358":283,"359":284,"360":285,"361":286,"362":287,"363":288,"364":289,"365":290,"366":291,"367":292,"368":293,"369":294,"370":295,"371":296,"372":297,"373":298,"374":299,"375":300,"376":301,"377":302,"378":303,"379":304,"380":305,"381":306,"382":307,"383":308,"402":310,"506":311,"507":312,"508":313,"509":314,"510":315,"511":316,"710":317,"711":318,"728":320,"729":321,"730":322,"731":323,"732":324,"733":325,"900":327,"901":328,"902":329,"903":330,"904":331,"905":332,"906":333,"908":334,"910":335,"911":336,"912":337,"913":338,"914":339,"915":340,"916":341,"917":342,"918":343,"919":344,"920":345,"921":346,"922":347,"923":348,"924":349,"925":350,"926":351,"927":352,"928":353,"929":354,"931":355,"932":356,"933":357,"934":358,"935":359,"936":360,"937":361,"938":362,"939":363,"940":364,"941":365,"942":366,"943":367,"944":368,"945":369,"946":370,"947":371,"948":372,"949":373,"950":374,"951":375,"952":376,"953":377,"954":378,"955":379,"956":380,"957":381,"958":382,"959":383,"960":384,"961":385,"962":386,"963":387,"964":388,"965":389,"966":390,"967":391,"968":392,"969":393,"970":394,"971":395,"972":396,"973":397,"974":398,"1025":400,"1026":401,"1027":402,"1028":403,"1029":404,"1030":405,"1031":406,"1032":407,"1033":408,"1034":409,"1035":410,"1036":411,"1038":412,"1039":413,"1040":414,"1041":415,"1042":416,"1043":417,"1044":418,"1045":419,"1046":420,"1047":421,"1048":422,"1049":423,"1050":424,"1051":425,"1052":426,"1053":427,"1054":428,"1055":429,"1056":430,"1057":431,"1058":432,"1059":433,"1060":434,"1061":435,"1062":436,"1063":437,"1064":438,"1065":439,"1066":440,"1067":441,"1068":442,"1069":443,"1070":444,"1071":445,"1072":446,"1073":447,"1074":448,"1075":449,"1076":450,"1077":451,"1078":452,"1079":453,"1080":454,"1081":455,"1082":456,"1083":457,"1084":458,"1085":459,"1086":460,"1087":461,"1088":462,"1089":463,"1090":464,"1091":465,"1092":466,"1093":467,"1094":468,"1095":469,"1096":470,"1097":471,"1098":472,"1099":473,"1100":474,"1101":475,"1102":476,"1103":477,"1105":478,"1106":479,"1107":480,"1108":481,"1109":482,"1110":483,"1111":484,"1112":485,"1113":486,"1114":487,"1115":488,"1116":489,"1118":490,"1119":491,"1168":492,"1169":493,"7808":495,"7809":496,"7810":497,"7811":498,"7812":499,"7813":500,"7922":501,"7923":502,"8211":504,"8212":505,"8213":506,"8215":507,"8216":508,"8217":509,"8218":510,"8219":511,"8220":512,"8221":513,"8222":514,"8224":516,"8225":517,"8226":518,"8230":519},"Reserves":{"fontname":"Zeroes"},"Names":{"Zeroes":{"name":"Zeroes","longitude":"0.00000001","latitude":"0.00000001","country":"","region":"","city":""}},"Nodes":{"ze":{"type":"typal","node":"ze","usage":1,"weight":1},"es":{"type":"typal","node":"es","usage":1,"weight":1},"zer":{"type":"typal","node":"zer","usage":1,"weight":1},"oes":{"type":"typal","node":"oes","usage":1,"weight":1},"zero":{"type":"keys","node":"zero","usage":1,"weight":1},"roes":{"type":"keys","node":"roes","usage":1,"weight":1},"zeroe":{"type":"keys","node":"zeroe","usage":1,"weight":1},"eroes":{"type":"keys","node":"eroes","usage":1,"weight":1},"zeroes":{"type":"fixes","node":"zeroes","usage":1,"weight":1}},"Contributors":[],"FontIdentity":"buddha0:d1def9697c34efd273fdabe2","Bytes":null,"Networking":[],"barcode":"siwm9ogoq5ag","referee":"iwo6-5"}