{"CSS":{"Zwo-Corr-w-4":"Zwo-Corr-w-4.css","Zwo Corr w 4":"b957424883e6ff45ebf2176c151ca70d.css"},"FontType":"TrueType","FontCopyright":null,"FontName":"Zwo-Corr","FontSubfamily":"Corr-w-4","FontSubfamilyID":"FontForge 2.0 : Zwo-Corr-w-4 : 27-5-2016","FontFullName":"Zwo Corr w 4","FontVersion":"Version 1.0","FontWeight":null,"FontPostscriptName":"Zwo-Corr-w-4","Files":null,"Table":{"FFTM":{"entryLength":16,"tag":"FFTM","checksum":1930924004,"offset":23852,"length":28},"GDEF":{"entryLength":16,"tag":"GDEF","checksum":18087942,"offset":21900,"length":32},"GPOS":{"entryLength":16,"tag":"GPOS","checksum":1523364647,"offset":21964,"length":1886},"GSUB":{"entryLength":16,"tag":"GSUB","checksum":1821471887,"offset":21932,"length":32},"OS\/2":{"entryLength":16,"tag":"OS\/2","checksum":1430787544,"offset":376,"length":86},"cmap":{"entryLength":16,"tag":"cmap","checksum":2691456020,"offset":1388,"length":936},"gasp":{"entryLength":16,"tag":"gasp","checksum":4294901763,"offset":21892,"length":8},"glyf":{"entryLength":16,"tag":"glyf","checksum":3756919267,"offset":2788,"length":18156},"head":{"entryLength":16,"tag":"head","checksum":164507814,"offset":252,"length":54},"hhea":{"entryLength":16,"tag":"hhea","checksum":130155518,"offset":308,"length":36},"hmtx":{"entryLength":16,"tag":"hmtx","checksum":3859430018,"offset":464,"length":924},"loca":{"entryLength":16,"tag":"loca","checksum":2033289874,"offset":2324,"length":464},"maxp":{"entryLength":16,"tag":"maxp","checksum":19923028,"offset":344,"length":32},"name":{"entryLength":16,"tag":"name","checksum":2360131688,"offset":20944,"length":441},"post":{"entryLength":16,"tag":"post","checksum":2854005972,"offset":21388,"length":501}},"UnicodeCharMap":{"33":3,"34":4,"35":5,"36":6,"37":7,"38":8,"39":105,"40":10,"41":11,"42":12,"43":13,"44":14,"45":15,"46":16,"47":17,"48":18,"49":19,"50":20,"51":21,"52":22,"53":23,"54":24,"55":25,"56":26,"57":27,"58":28,"59":29,"60":30,"61":31,"62":32,"63":33,"64":34,"65":35,"66":36,"67":37,"68":38,"69":39,"70":40,"71":41,"72":42,"73":43,"74":44,"75":45,"76":46,"77":47,"78":48,"79":49,"80":50,"81":51,"82":52,"83":53,"84":54,"85":55,"86":56,"87":57,"88":58,"89":59,"90":60,"91":61,"92":62,"93":63,"94":64,"95":65,"96":125,"97":67,"98":68,"99":69,"100":70,"101":71,"102":72,"103":73,"104":74,"105":75,"106":76,"107":77,"108":78,"109":79,"110":80,"111":81,"112":82,"113":83,"114":84,"115":85,"116":86,"117":87,"118":88,"119":89,"120":90,"121":91,"122":92,"123":93,"124":94,"125":95,"126":96,"161":97,"162":98,"163":99,"164":104,"165":101,"166":166,"167":103,"168":132,"169":203,"170":140,"171":107,"172":207,"174":202,"175":129,"176":201,"177":205,"178":165,"179":164,"180":126,"181":206,"182":116,"183":115,"184":134,"185":162,"186":144,"187":121,"188":161,"189":160,"190":163,"191":124,"192":208,"193":217,"194":215,"195":209,"196":169,"197":170,"198":139,"199":171,"200":219,"201":172,"202":216,"203":218,"204":223,"205":220,"206":221,"207":222,"208":230,"209":173,"210":226,"211":224,"212":225,"213":210,"214":174,"215":168,"216":142,"217":229,"218":227,"219":228,"220":175,"221":154,"222":156,"223":150,"224":177,"225":176,"226":178,"227":180,"228":179,"229":181,"230":145,"231":182,"232":184,"233":183,"234":185,"235":186,"236":188,"237":187,"238":189,"239":190,"240":151,"241":191,"242":193,"243":192,"244":194,"245":196,"246":195,"247":211,"248":148,"249":198,"250":197,"251":199,"252":200,"253":155,"254":157,"255":212,"305":146,"321":141,"322":147,"338":143,"339":149,"352":152,"353":153,"376":213,"381":158,"382":159,"402":102,"710":127,"711":137,"728":130,"729":131,"730":133,"731":136,"732":128,"733":135,"8211":112,"8212":138,"8216":66,"8217":9,"8218":118,"8220":106,"8221":120,"8222":119,"8224":113,"8225":114,"8226":117,"8230":122,"8240":123,"8249":108,"8250":109,"8260":100,"8364":214,"8482":204,"8722":167,"64257":110,"64258":111},"Reserves":{"fontname":"Zwo Corr w 4"},"Names":{"Zwo Corr w 4":{"name":"Zwo Corr w 4","longitude":"0.00000001","latitude":"0.00000001","country":"","region":"","city":""}},"Nodes":{"zw":{"type":"typal","node":"zw","usage":1,"weight":1},"wo":{"type":"typal","node":"wo","usage":1,"weight":1},"co":{"type":"typal","node":"co","usage":1,"weight":1},"rr":{"type":"typal","node":"rr","usage":1,"weight":1},"cor":{"type":"typal","node":"cor","usage":1,"weight":1},"orr":{"type":"typal","node":"orr","usage":1,"weight":1},"zwo":{"type":"fixes","node":"zwo","usage":1,"weight":1},"corr":{"type":"fixes","node":"corr","usage":1,"weight":1},"w":{"type":"fixes","node":"w","usage":1,"weight":1},"4":{"type":"fixes","node":4,"usage":1,"weight":1}},"Contributors":[],"FontIdentity":"b957424883e6ff45ebf2176c151ca70d","Bytes":null,"Networking":[]}