{"CSS":{"SimianDisplay-ChimpanzeeAlt":"SimianDisplay-ChimpanzeeAlt.css"},"FontType":"TrueType","FontCopyright":"(c) 2001 House Industries\/Brand Design Co. and The Font Bureau, Inc. Designed by Christian Schwartz.","FontName":"SimianDisplay","FontSubfamily":"ChimpanzeeAlt","FontSubfamilyID":"FontForge 2.0 : SimianDisplay-ChimpanzeeAlt : 13-5-2017","FontFullName":"Simian Display Chimpanzee Alt","FontVersion":"Version 001.000 ","FontWeight":null,"FontPostscriptName":"SimianDisplay-ChimpanzeeAlt","Files":{"simiandisplay-chimpanzeealt.afm":"simiandisplay-chimpanzeealt.afm","simiandisplay-chimpanzeealt.bin":"simiandisplay-chimpanzeealt.bin","simiandisplay-chimpanzeealt.cef":"simiandisplay-chimpanzeealt.cef","simiandisplay-chimpanzeealt.cff":"simiandisplay-chimpanzeealt.cff","simiandisplay-chimpanzeealt.cid":"simiandisplay-chimpanzeealt.cid","simiandisplay-chimpanzeealt.dfont":"simiandisplay-chimpanzeealt.dfont","simiandisplay-chimpanzeealt.eot":"simiandisplay-chimpanzeealt.eot","simiandisplay-chimpanzeealt.fon":"simiandisplay-chimpanzeealt.fon","simiandisplay-chimpanzeealt.gai":"simiandisplay-chimpanzeealt.gai","simiandisplay-chimpanzeealt.gsf":"simiandisplay-chimpanzeealt.gsf","simiandisplay-chimpanzeealt.hqx":"simiandisplay-chimpanzeealt.hqx","simiandisplay-chimpanzeealt.ik":"simiandisplay-chimpanzeealt.ik","simiandisplay-chimpanzeealt.mf":"simiandisplay-chimpanzeealt.mf","simiandisplay-chimpanzeealt.otf":"simiandisplay-chimpanzeealt.otf","simiandisplay-chimpanzeealt.pcf":"simiandisplay-chimpanzeealt.pcf","simiandisplay-chimpanzeealt.pf3":"simiandisplay-chimpanzeealt.pf3","simiandisplay-chimpanzeealt.pfa":"simiandisplay-chimpanzeealt.pfa","simiandisplay-chimpanzeealt.pfb":"simiandisplay-chimpanzeealt.pfb","simiandisplay-chimpanzeealt.php":"simiandisplay-chimpanzeealt.php","simiandisplay-chimpanzeealt.pmf":"simiandisplay-chimpanzeealt.pmf","simiandisplay-chimpanzeealt.pt3":"simiandisplay-chimpanzeealt.pt3","simiandisplay-chimpanzeealt.sfd":"simiandisplay-chimpanzeealt.sfd","simiandisplay-chimpanzeealt.svg":"simiandisplay-chimpanzeealt.svg","simiandisplay-chimpanzeealt.t42":"simiandisplay-chimpanzeealt.t42","simiandisplay-chimpanzeealt.ttd":"simiandisplay-chimpanzeealt.ttd","simiandisplay-chimpanzeealt.ttf":"simiandisplay-chimpanzeealt.ttf","simiandisplay-chimpanzeealt.ttg":"simiandisplay-chimpanzeealt.ttg","simiandisplay-chimpanzeealt.ufm":"simiandisplay-chimpanzeealt.ufm","simiandisplay-chimpanzeealt.woff":"simiandisplay-chimpanzeealt.woff","simiandisplay-chimpanzeealt.z":"simiandisplay-chimpanzeealt.z","":{"simiandisplay-chimpanzeealt.afm":"simiandisplay-chimpanzeealt.afm","simiandisplay-chimpanzeealt.bin":"simiandisplay-chimpanzeealt.bin","simiandisplay-chimpanzeealt.cef":"simiandisplay-chimpanzeealt.cef","simiandisplay-chimpanzeealt.cff":"simiandisplay-chimpanzeealt.cff","simiandisplay-chimpanzeealt.cid":"simiandisplay-chimpanzeealt.cid","simiandisplay-chimpanzeealt.dfont":"simiandisplay-chimpanzeealt.dfont","simiandisplay-chimpanzeealt.eot":"simiandisplay-chimpanzeealt.eot","simiandisplay-chimpanzeealt.fon":"simiandisplay-chimpanzeealt.fon","simiandisplay-chimpanzeealt.gai":"simiandisplay-chimpanzeealt.gai","simiandisplay-chimpanzeealt.gsf":"simiandisplay-chimpanzeealt.gsf","simiandisplay-chimpanzeealt.hqx":"simiandisplay-chimpanzeealt.hqx","simiandisplay-chimpanzeealt.ik":"simiandisplay-chimpanzeealt.ik","simiandisplay-chimpanzeealt.mf":"simiandisplay-chimpanzeealt.mf","simiandisplay-chimpanzeealt.otf":"simiandisplay-chimpanzeealt.otf","simiandisplay-chimpanzeealt.pcf":"simiandisplay-chimpanzeealt.pcf","simiandisplay-chimpanzeealt.pf3":"simiandisplay-chimpanzeealt.pf3","simiandisplay-chimpanzeealt.pfa":"simiandisplay-chimpanzeealt.pfa","simiandisplay-chimpanzeealt.pfb":"simiandisplay-chimpanzeealt.pfb","simiandisplay-chimpanzeealt.php":"simiandisplay-chimpanzeealt.php","simiandisplay-chimpanzeealt.pmf":"simiandisplay-chimpanzeealt.pmf","simiandisplay-chimpanzeealt.pt3":"simiandisplay-chimpanzeealt.pt3","simiandisplay-chimpanzeealt.sfd":"simiandisplay-chimpanzeealt.sfd","simiandisplay-chimpanzeealt.svg":"simiandisplay-chimpanzeealt.svg","simiandisplay-chimpanzeealt.t42":"simiandisplay-chimpanzeealt.t42","simiandisplay-chimpanzeealt.ttd":"simiandisplay-chimpanzeealt.ttd","simiandisplay-chimpanzeealt.ttf":"simiandisplay-chimpanzeealt.ttf","simiandisplay-chimpanzeealt.ttg":"simiandisplay-chimpanzeealt.ttg","simiandisplay-chimpanzeealt.ufm":"simiandisplay-chimpanzeealt.ufm","simiandisplay-chimpanzeealt.woff":"simiandisplay-chimpanzeealt.woff","simiandisplay-chimpanzeealt.z":"simiandisplay-chimpanzeealt.z"},"\/simiandisplay-chimpanzeealt.ufo":{"features.fea":"features.fea","fontinfo.plist":"fontinfo.plist","metainfo.plist":"metainfo.plist"},"\/simiandisplay-chimpanzeealt.ufo\/glyphs":{"A_.glif":"A_.glif","A_E_.glif":"A_E_.glif","A_acute.glif":"A_acute.glif","A_circumflex.glif":"A_circumflex.glif","A_dieresis.glif":"A_dieresis.glif","A_grave.glif":"A_grave.glif","A_ring.glif":"A_ring.glif","A_tilde.glif":"A_tilde.glif","B_.glif":"B_.glif","C_.glif":"C_.glif","C_cedilla.glif":"C_cedilla.glif","D_.glif":"D_.glif","D_elta.glif":"D_elta.glif","E_.glif":"E_.glif","E_acute.glif":"E_acute.glif","E_circumflex.glif":"E_circumflex.glif","E_dieresis.glif":"E_dieresis.glif","E_grave.glif":"E_grave.glif","E_th.glif":"E_th.glif","F_.glif":"F_.glif","G_.glif":"G_.glif","H_.glif":"H_.glif","I_.glif":"I_.glif","I_acute.glif":"I_acute.glif","I_circumflex.glif":"I_circumflex.glif","I_dieresis.glif":"I_dieresis.glif","I_grave.glif":"I_grave.glif","J_.glif":"J_.glif","K_.glif":"K_.glif","L_.glif":"L_.glif","L_slash.glif":"L_slash.glif","M_.glif":"M_.glif","N_.glif":"N_.glif","N_tilde.glif":"N_tilde.glif","O_.glif":"O_.glif","O_E_.glif":"O_E_.glif","O_acute.glif":"O_acute.glif","O_circumflex.glif":"O_circumflex.glif","O_dieresis.glif":"O_dieresis.glif","O_grave.glif":"O_grave.glif","O_mega.glif":"O_mega.glif","O_slash.glif":"O_slash.glif","O_tilde.glif":"O_tilde.glif","P_.glif":"P_.glif","Q_.glif":"Q_.glif","R_.glif":"R_.glif","S_.glif":"S_.glif","S_caron.glif":"S_caron.glif","T_.glif":"T_.glif","T_horn.glif":"T_horn.glif","U_.glif":"U_.glif","U_acute.glif":"U_acute.glif","U_circumflex.glif":"U_circumflex.glif","U_dieresis.glif":"U_dieresis.glif","U_grave.glif":"U_grave.glif","V_.glif":"V_.glif","W_.glif":"W_.glif","X_.glif":"X_.glif","Y_.glif":"Y_.glif","Y_acute.glif":"Y_acute.glif","Y_dieresis.glif":"Y_dieresis.glif","Z_.glif":"Z_.glif","Z_caron.glif":"Z_caron.glif","a.glif":"a.glif","aacute.glif":"aacute.glif","acircumflex.glif":"acircumflex.glif","acute.glif":"acute.glif","adieresis.glif":"adieresis.glif","ae.glif":"ae.glif","agrave.glif":"agrave.glif","ampersand.glif":"ampersand.glif","apple.glif":"apple.glif","approxequal.glif":"approxequal.glif","aring.glif":"aring.glif","asciicircum.glif":"asciicircum.glif","asciitilde.glif":"asciitilde.glif","asterisk.glif":"asterisk.glif","at.glif":"at.glif","atilde.glif":"atilde.glif","b.glif":"b.glif","backslash.glif":"backslash.glif","bar.glif":"bar.glif","braceleft.glif":"braceleft.glif","braceright.glif":"braceright.glif","bracketleft.glif":"bracketleft.glif","bracketright.glif":"bracketright.glif","breve.glif":"breve.glif","brokenbar.glif":"brokenbar.glif","bullet.glif":"bullet.glif","c.glif":"c.glif","caron.glif":"caron.glif","ccedilla.glif":"ccedilla.glif","cedilla.glif":"cedilla.glif","cent.glif":"cent.glif","circumflex.glif":"circumflex.glif","colon.glif":"colon.glif","comma.glif":"comma.glif","contents.plist":"contents.plist","copyright.glif":"copyright.glif","currency.glif":"currency.glif","d.glif":"d.glif","dagger.glif":"dagger.glif","daggerdbl.glif":"daggerdbl.glif","degree.glif":"degree.glif","dieresis.glif":"dieresis.glif","divide.glif":"divide.glif","dollar.glif":"dollar.glif","dotaccent.glif":"dotaccent.glif","dotlessi.glif":"dotlessi.glif","e.glif":"e.glif","eacute.glif":"eacute.glif","ecircumflex.glif":"ecircumflex.glif","edieresis.glif":"edieresis.glif","egrave.glif":"egrave.glif","eight.glif":"eight.glif","ellipsis.glif":"ellipsis.glif","emdash.glif":"emdash.glif","endash.glif":"endash.glif","equal.glif":"equal.glif","eth.glif":"eth.glif","exclam.glif":"exclam.glif","exclamdown.glif":"exclamdown.glif","f.glif":"f.glif","fi.glif":"fi.glif","five.glif":"five.glif","fl.glif":"fl.glif","florin.glif":"florin.glif","four.glif":"four.glif","fraction.glif":"fraction.glif","g.glif":"g.glif","germandbls.glif":"germandbls.glif","grave.glif":"grave.glif","greater.glif":"greater.glif","greaterequal.glif":"greaterequal.glif","guillemotleft.glif":"guillemotleft.glif","guillemotright.glif":"guillemotright.glif","guilsinglleft.glif":"guilsinglleft.glif","guilsinglright.glif":"guilsinglright.glif","h.glif":"h.glif","hungarumlaut.glif":"hungarumlaut.glif","hyphen.glif":"hyphen.glif","i.glif":"i.glif","iacute.glif":"iacute.glif","icircumflex.glif":"icircumflex.glif","idieresis.glif":"idieresis.glif","igrave.glif":"igrave.glif","infinity.glif":"infinity.glif","integral.glif":"integral.glif","j.glif":"j.glif","k.glif":"k.glif","l.glif":"l.glif","less.glif":"less.glif","lessequal.glif":"lessequal.glif","logicalnot.glif":"logicalnot.glif","lozenge.glif":"lozenge.glif","lslash.glif":"lslash.glif","m.glif":"m.glif","macron.glif":"macron.glif","minus.glif":"minus.glif","mu.glif":"mu.glif","multiply.glif":"multiply.glif","n.glif":"n.glif","nbspace.glif":"nbspace.glif","nine.glif":"nine.glif","notequal.glif":"notequal.glif","ntilde.glif":"ntilde.glif","numbersign.glif":"numbersign.glif","o.glif":"o.glif","oacute.glif":"oacute.glif","ocircumflex.glif":"ocircumflex.glif","odieresis.glif":"odieresis.glif","oe.glif":"oe.glif","ogonek.glif":"ogonek.glif","ograve.glif":"ograve.glif","one.glif":"one.glif","onehalf.glif":"onehalf.glif","onequarter.glif":"onequarter.glif","onesuperior.glif":"onesuperior.glif","ordfeminine.glif":"ordfeminine.glif","ordmasculine.glif":"ordmasculine.glif","oslash.glif":"oslash.glif","otilde.glif":"otilde.glif","p.glif":"p.glif","paragraph.glif":"paragraph.glif","parenleft.glif":"parenleft.glif","parenright.glif":"parenright.glif","partialdiff.glif":"partialdiff.glif","percent.glif":"percent.glif","period.glif":"period.glif","periodcentered.glif":"periodcentered.glif","perthousand.glif":"perthousand.glif","pi.glif":"pi.glif","plus.glif":"plus.glif","plusminus.glif":"plusminus.glif","product.glif":"product.glif","q.glif":"q.glif","question.glif":"question.glif","questiondown.glif":"questiondown.glif","quotedbl.glif":"quotedbl.glif","quotedblbase.glif":"quotedblbase.glif","quotedblleft.glif":"quotedblleft.glif","quotedblright.glif":"quotedblright.glif","quoteleft.glif":"quoteleft.glif","quoteright.glif":"quoteright.glif","quotesinglbase.glif":"quotesinglbase.glif","quotesingle.glif":"quotesingle.glif","r.glif":"r.glif","radical.glif":"radical.glif","registered.glif":"registered.glif","ring.glif":"ring.glif","s.glif":"s.glif","scaron.glif":"scaron.glif","section.glif":"section.glif","semicolon.glif":"semicolon.glif","seven.glif":"seven.glif","six.glif":"six.glif","slash.glif":"slash.glif","space.glif":"space.glif","sterling.glif":"sterling.glif","summation.glif":"summation.glif","t.glif":"t.glif","thorn.glif":"thorn.glif","three.glif":"three.glif","threequarters.glif":"threequarters.glif","threesuperior.glif":"threesuperior.glif","tilde.glif":"tilde.glif","trademark.glif":"trademark.glif","two.glif":"two.glif","twosuperior.glif":"twosuperior.glif","u.glif":"u.glif","uacute.glif":"uacute.glif","ucircumflex.glif":"ucircumflex.glif","udieresis.glif":"udieresis.glif","ugrave.glif":"ugrave.glif","underscore.glif":"underscore.glif","v.glif":"v.glif","w.glif":"w.glif","x.glif":"x.glif","y.glif":"y.glif","yacute.glif":"yacute.glif","ydieresis.glif":"ydieresis.glif","yen.glif":"yen.glif","z.glif":"z.glif","zcaron.glif":"zcaron.glif","zero.glif":"zero.glif"}},"Font":{"uploaded":1494624716.6234,"licence":"gpl3","company":"Chronolabs Cooperative","title":"Simian Display Chimpanzee Alt","version":2.001,"date":"Fri Aug 12 11:11:46 2016","creator":"root","type":"1","matrix":"0.001 0 0 0.001 0 0","named":"SimianDisplay-ChimpanzeeAlt","painttype":"0","info":"9 dict dup","name":"SimianDisplay-ChimpanzeeAlt","family":"SimianDisplay","weight":"Medium","italicangle":"0","underlineposition":"","underlinethickness":""},"Table":{"FFTM":{"entryLength":16,"tag":"FFTM","checksum":2076851981,"offset":18572,"length":28},"GDEF":{"entryLength":16,"tag":"GDEF","checksum":2687229,"offset":18540,"length":30},"OS\/2":{"entryLength":16,"tag":"OS\/2","checksum":2007251703,"offset":344,"length":86},"cmap":{"entryLength":16,"tag":"cmap","checksum":3608592445,"offset":1416,"length":1032},"gasp":{"entryLength":16,"tag":"gasp","checksum":4294901763,"offset":18532,"length":8},"glyf":{"entryLength":16,"tag":"glyf","checksum":3524292935,"offset":2944,"length":14104},"head":{"entryLength":16,"tag":"head","checksum":211609863,"offset":220,"length":54},"hhea":{"entryLength":16,"tag":"hhea","checksum":159581713,"offset":276,"length":36},"hmtx":{"entryLength":16,"tag":"hmtx","checksum":118562605,"offset":432,"length":984},"loca":{"entryLength":16,"tag":"loca","checksum":502082574,"offset":2448,"length":496},"maxp":{"entryLength":16,"tag":"maxp","checksum":21365180,"offset":312,"length":32},"name":{"entryLength":16,"tag":"name","checksum":1933741935,"offset":17048,"length":948},"post":{"entryLength":16,"tag":"post","checksum":3012428187,"offset":17996,"length":536}},"UnicodeCharMap":{"32":3,"33":4,"34":5,"35":6,"36":7,"37":8,"38":9,"39":106,"40":11,"41":12,"42":13,"43":14,"44":15,"45":16,"46":17,"47":18,"48":19,"49":20,"50":21,"51":22,"52":23,"53":24,"54":25,"55":26,"56":27,"57":28,"58":29,"59":30,"60":31,"61":32,"62":33,"63":34,"64":35,"65":36,"66":37,"67":38,"68":39,"69":40,"70":41,"71":42,"72":43,"73":44,"74":45,"75":46,"76":47,"77":48,"78":49,"79":50,"80":51,"81":52,"82":53,"83":54,"84":55,"85":56,"86":57,"87":58,"88":59,"89":60,"90":61,"91":62,"92":63,"93":64,"94":65,"95":66,"96":126,"97":68,"98":69,"99":70,"100":71,"101":72,"102":73,"103":74,"104":75,"105":76,"106":77,"107":78,"108":79,"109":80,"110":81,"111":82,"112":83,"113":84,"114":85,"115":86,"116":87,"117":88,"118":89,"119":90,"120":91,"121":92,"122":93,"123":94,"124":95,"125":96,"126":97,"160":223,"161":98,"162":99,"163":100,"164":105,"165":102,"166":168,"167":104,"168":133,"169":205,"170":141,"171":108,"172":219,"174":204,"175":130,"176":203,"177":209,"178":167,"179":166,"180":127,"181":212,"182":117,"183":116,"184":135,"185":164,"186":145,"187":122,"188":163,"189":162,"190":165,"191":125,"192":224,"193":233,"194":231,"195":225,"196":171,"197":172,"198":140,"199":173,"200":235,"201":174,"202":232,"203":234,"204":239,"205":236,"206":237,"207":238,"208":152,"209":175,"210":243,"211":240,"212":241,"213":226,"214":176,"215":170,"216":143,"217":246,"218":244,"219":245,"220":177,"221":156,"222":158,"223":151,"224":179,"225":178,"226":180,"227":182,"228":181,"229":183,"230":146,"231":184,"232":186,"233":185,"234":187,"235":188,"236":190,"237":189,"238":191,"239":192,"240":153,"241":193,"242":195,"243":194,"244":196,"245":198,"246":197,"247":227,"248":149,"249":200,"250":199,"251":201,"252":202,"253":157,"254":159,"255":229,"305":147,"321":142,"322":148,"338":144,"339":150,"352":154,"353":155,"376":230,"381":160,"382":161,"402":103,"710":128,"711":138,"728":131,"729":132,"730":134,"731":137,"732":129,"733":136,"960":216,"8211":113,"8212":139,"8216":67,"8217":10,"8218":119,"8220":107,"8221":121,"8222":120,"8224":114,"8225":115,"8226":118,"8230":123,"8240":124,"8249":109,"8250":110,"8260":101,"8482":206,"8486":218,"8706":213,"8710":222,"8719":215,"8721":214,"8722":169,"8730":220,"8734":208,"8747":217,"8776":221,"8800":207,"8804":210,"8805":211,"9674":228,"64257":111,"64258":112},"Reserves":null,"Names":[],"Nodes":{"si":{"type":"typal","node":"si","usage":1,"weight":1},"an":{"type":"typal","node":"an","usage":1,"weight":1},"di":{"type":"typal","node":"di","usage":1,"weight":1},"ay":{"type":"typal","node":"ay","usage":1,"weight":1},"sim":{"type":"typal","node":"sim","usage":1,"weight":1},"ian":{"type":"typal","node":"ian","usage":1,"weight":1},"dis":{"type":"typal","node":"dis","usage":1,"weight":1},"lay":{"type":"typal","node":"lay","usage":1,"weight":1},"simi":{"type":"keys","node":"simi","usage":1,"weight":1},"mian":{"type":"keys","node":"mian","usage":1,"weight":1},"disp":{"type":"keys","node":"disp","usage":1,"weight":1},"play":{"type":"keys","node":"play","usage":1,"weight":1},"simia":{"type":"keys","node":"simia","usage":1,"weight":1},"imian":{"type":"keys","node":"imian","usage":1,"weight":1},"displ":{"type":"keys","node":"displ","usage":1,"weight":1},"splay":{"type":"keys","node":"splay","usage":1,"weight":1},"simian":{"type":"fixes","node":"simian","usage":1,"weight":1},"display":{"type":"fixes","node":"display","usage":1,"weight":1}},"Contributors":[],"FontIdentity":"7a812504bb564a1338fbe68140fdfb18","Bytes":1808496,"Networking":[],"barcode":"yqsmug8mmqeyc","referee":"qgaggoc"}