{"CSS":{"Fago No Bold Expert":"labscoop:fb5125d3600e6859653b234.css"},"FontType":"TrueType","FontCopyright":"< info@fontfont.de > Copyright Ole Schaefer, 1999. Published by FontShop International for  FontFont Release 25, Fago is a trademark of FSI Fonts and Software GmbH.","FontName":"FagoNoBold","FontSubfamily":"Expert","FontSubfamilyID":"FontForge 2.0 : Fago No Bold Expert : 3-1-2017","FontFullName":"Fago No Bold Expert","FontVersion":"Version 001.000 ","FontWeight":null,"FontPostscriptName":"FagoNoBoldExpert","Files":{"\/Fago No Bold Expert.css":"\/Fago No Bold Expert.css","\/fagonoboldexpert.afm":"\/fagonoboldexpert.afm","\/fagonoboldexpert.cef":"\/fagonoboldexpert.cef","\/fagonoboldexpert.cff":"\/fagonoboldexpert.cff","\/fagonoboldexpert.eot":"\/fagonoboldexpert.eot","\/fagonoboldexpert.gai":"\/fagonoboldexpert.gai","\/fagonoboldexpert.gsf":"\/fagonoboldexpert.gsf","\/fagonoboldexpert.otf":"\/fagonoboldexpert.otf","\/fagonoboldexpert.pf3":"\/fagonoboldexpert.pf3","\/fagonoboldexpert.pfa":"\/fagonoboldexpert.pfa","\/fagonoboldexpert.pfb":"\/fagonoboldexpert.pfb","\/fagonoboldexpert.php":"\/fagonoboldexpert.php","\/fagonoboldexpert.pt3":"\/fagonoboldexpert.pt3","\/fagonoboldexpert.sfd":"\/fagonoboldexpert.sfd","\/fagonoboldexpert.svg":"\/fagonoboldexpert.svg","\/fagonoboldexpert.t42":"\/fagonoboldexpert.t42","\/fagonoboldexpert.ttd":"\/fagonoboldexpert.ttd","\/fagonoboldexpert.ttf":"\/fagonoboldexpert.ttf","\/fagonoboldexpert.ttg":"\/fagonoboldexpert.ttg","\/fagonoboldexpert.ufm":"\/fagonoboldexpert.ufm","\/fagonoboldexpert.woff":"\/fagonoboldexpert.woff","\/fagonoboldexpert.z":"\/fagonoboldexpert.z","\/font-resource.json":"\/font-resource.json","\/labscoop:fb5125d3600e6859653b234.css":"\/labscoop:fb5125d3600e6859653b234.css","\/fagonoboldexpert.ufo\/feature.fea":"\/fagonoboldexpert.ufo\/feature.fea","\/fagonoboldexpert.ufo\/fontinfo.plist":"\/fagonoboldexpert.ufo\/fontinfo.plist","\/fagonoboldexpert.ufo\/groups.plist":"\/fagonoboldexpert.ufo\/groups.plist","\/fagonoboldexpert.ufo\/kerning.plist":"\/fagonoboldexpert.ufo\/kerning.plist","\/fagonoboldexpert.ufo\/metainfo.plist":"\/fagonoboldexpert.ufo\/metainfo.plist","\/fagonoboldexpert.ufo\/glyphs\/A_.glif":"\/fagonoboldexpert.ufo\/glyphs\/A_.glif","\/fagonoboldexpert.ufo\/glyphs\/A_E_.glif":"\/fagonoboldexpert.ufo\/glyphs\/A_E_.glif","\/fagonoboldexpert.ufo\/glyphs\/A_acute.glif":"\/fagonoboldexpert.ufo\/glyphs\/A_acute.glif","\/fagonoboldexpert.ufo\/glyphs\/A_circumflex.glif":"\/fagonoboldexpert.ufo\/glyphs\/A_circumflex.glif","\/fagonoboldexpert.ufo\/glyphs\/A_dieresis.glif":"\/fagonoboldexpert.ufo\/glyphs\/A_dieresis.glif","\/fagonoboldexpert.ufo\/glyphs\/A_grave.glif":"\/fagonoboldexpert.ufo\/glyphs\/A_grave.glif","\/fagonoboldexpert.ufo\/glyphs\/A_ring.glif":"\/fagonoboldexpert.ufo\/glyphs\/A_ring.glif","\/fagonoboldexpert.ufo\/glyphs\/A_tilde.glif":"\/fagonoboldexpert.ufo\/glyphs\/A_tilde.glif","\/fagonoboldexpert.ufo\/glyphs\/B_.glif":"\/fagonoboldexpert.ufo\/glyphs\/B_.glif","\/fagonoboldexpert.ufo\/glyphs\/C_.glif":"\/fagonoboldexpert.ufo\/glyphs\/C_.glif","\/fagonoboldexpert.ufo\/glyphs\/C_cedilla.glif":"\/fagonoboldexpert.ufo\/glyphs\/C_cedilla.glif","\/fagonoboldexpert.ufo\/glyphs\/D_.glif":"\/fagonoboldexpert.ufo\/glyphs\/D_.glif","\/fagonoboldexpert.ufo\/glyphs\/E_.glif":"\/fagonoboldexpert.ufo\/glyphs\/E_.glif","\/fagonoboldexpert.ufo\/glyphs\/E_acute.glif":"\/fagonoboldexpert.ufo\/glyphs\/E_acute.glif","\/fagonoboldexpert.ufo\/glyphs\/E_circumflex.glif":"\/fagonoboldexpert.ufo\/glyphs\/E_circumflex.glif","\/fagonoboldexpert.ufo\/glyphs\/E_dieresis.glif":"\/fagonoboldexpert.ufo\/glyphs\/E_dieresis.glif","\/fagonoboldexpert.ufo\/glyphs\/E_grave.glif":"\/fagonoboldexpert.ufo\/glyphs\/E_grave.glif","\/fagonoboldexpert.ufo\/glyphs\/E_th.glif":"\/fagonoboldexpert.ufo\/glyphs\/E_th.glif","\/fagonoboldexpert.ufo\/glyphs\/F_.glif":"\/fagonoboldexpert.ufo\/glyphs\/F_.glif","\/fagonoboldexpert.ufo\/glyphs\/G_.glif":"\/fagonoboldexpert.ufo\/glyphs\/G_.glif","\/fagonoboldexpert.ufo\/glyphs\/H_.glif":"\/fagonoboldexpert.ufo\/glyphs\/H_.glif","\/fagonoboldexpert.ufo\/glyphs\/I_.glif":"\/fagonoboldexpert.ufo\/glyphs\/I_.glif","\/fagonoboldexpert.ufo\/glyphs\/I_acute.glif":"\/fagonoboldexpert.ufo\/glyphs\/I_acute.glif","\/fagonoboldexpert.ufo\/glyphs\/I_circumflex.glif":"\/fagonoboldexpert.ufo\/glyphs\/I_circumflex.glif","\/fagonoboldexpert.ufo\/glyphs\/I_dieresis.glif":"\/fagonoboldexpert.ufo\/glyphs\/I_dieresis.glif","\/fagonoboldexpert.ufo\/glyphs\/I_grave.glif":"\/fagonoboldexpert.ufo\/glyphs\/I_grave.glif","\/fagonoboldexpert.ufo\/glyphs\/J_.glif":"\/fagonoboldexpert.ufo\/glyphs\/J_.glif","\/fagonoboldexpert.ufo\/glyphs\/K_.glif":"\/fagonoboldexpert.ufo\/glyphs\/K_.glif","\/fagonoboldexpert.ufo\/glyphs\/L_.glif":"\/fagonoboldexpert.ufo\/glyphs\/L_.glif","\/fagonoboldexpert.ufo\/glyphs\/L_slash.glif":"\/fagonoboldexpert.ufo\/glyphs\/L_slash.glif","\/fagonoboldexpert.ufo\/glyphs\/M_.glif":"\/fagonoboldexpert.ufo\/glyphs\/M_.glif","\/fagonoboldexpert.ufo\/glyphs\/N_.glif":"\/fagonoboldexpert.ufo\/glyphs\/N_.glif","\/fagonoboldexpert.ufo\/glyphs\/N_tilde.glif":"\/fagonoboldexpert.ufo\/glyphs\/N_tilde.glif","\/fagonoboldexpert.ufo\/glyphs\/O_.glif":"\/fagonoboldexpert.ufo\/glyphs\/O_.glif","\/fagonoboldexpert.ufo\/glyphs\/O_E_.glif":"\/fagonoboldexpert.ufo\/glyphs\/O_E_.glif","\/fagonoboldexpert.ufo\/glyphs\/O_acute.glif":"\/fagonoboldexpert.ufo\/glyphs\/O_acute.glif","\/fagonoboldexpert.ufo\/glyphs\/O_circumflex.glif":"\/fagonoboldexpert.ufo\/glyphs\/O_circumflex.glif","\/fagonoboldexpert.ufo\/glyphs\/O_dieresis.glif":"\/fagonoboldexpert.ufo\/glyphs\/O_dieresis.glif","\/fagonoboldexpert.ufo\/glyphs\/O_grave.glif":"\/fagonoboldexpert.ufo\/glyphs\/O_grave.glif","\/fagonoboldexpert.ufo\/glyphs\/O_slash.glif":"\/fagonoboldexpert.ufo\/glyphs\/O_slash.glif","\/fagonoboldexpert.ufo\/glyphs\/O_tilde.glif":"\/fagonoboldexpert.ufo\/glyphs\/O_tilde.glif","\/fagonoboldexpert.ufo\/glyphs\/P_.glif":"\/fagonoboldexpert.ufo\/glyphs\/P_.glif","\/fagonoboldexpert.ufo\/glyphs\/Q_.glif":"\/fagonoboldexpert.ufo\/glyphs\/Q_.glif","\/fagonoboldexpert.ufo\/glyphs\/R_.glif":"\/fagonoboldexpert.ufo\/glyphs\/R_.glif","\/fagonoboldexpert.ufo\/glyphs\/S_.glif":"\/fagonoboldexpert.ufo\/glyphs\/S_.glif","\/fagonoboldexpert.ufo\/glyphs\/S_caron.glif":"\/fagonoboldexpert.ufo\/glyphs\/S_caron.glif","\/fagonoboldexpert.ufo\/glyphs\/T_.glif":"\/fagonoboldexpert.ufo\/glyphs\/T_.glif","\/fagonoboldexpert.ufo\/glyphs\/T_horn.glif":"\/fagonoboldexpert.ufo\/glyphs\/T_horn.glif","\/fagonoboldexpert.ufo\/glyphs\/U_.glif":"\/fagonoboldexpert.ufo\/glyphs\/U_.glif","\/fagonoboldexpert.ufo\/glyphs\/U_acute.glif":"\/fagonoboldexpert.ufo\/glyphs\/U_acute.glif","\/fagonoboldexpert.ufo\/glyphs\/U_circumflex.glif":"\/fagonoboldexpert.ufo\/glyphs\/U_circumflex.glif","\/fagonoboldexpert.ufo\/glyphs\/U_dieresis.glif":"\/fagonoboldexpert.ufo\/glyphs\/U_dieresis.glif","\/fagonoboldexpert.ufo\/glyphs\/U_grave.glif":"\/fagonoboldexpert.ufo\/glyphs\/U_grave.glif","\/fagonoboldexpert.ufo\/glyphs\/V_.glif":"\/fagonoboldexpert.ufo\/glyphs\/V_.glif","\/fagonoboldexpert.ufo\/glyphs\/W_.glif":"\/fagonoboldexpert.ufo\/glyphs\/W_.glif","\/fagonoboldexpert.ufo\/glyphs\/X_.glif":"\/fagonoboldexpert.ufo\/glyphs\/X_.glif","\/fagonoboldexpert.ufo\/glyphs\/Y_.glif":"\/fagonoboldexpert.ufo\/glyphs\/Y_.glif","\/fagonoboldexpert.ufo\/glyphs\/Y_acute.glif":"\/fagonoboldexpert.ufo\/glyphs\/Y_acute.glif","\/fagonoboldexpert.ufo\/glyphs\/Y_dieresis.glif":"\/fagonoboldexpert.ufo\/glyphs\/Y_dieresis.glif","\/fagonoboldexpert.ufo\/glyphs\/Z_.glif":"\/fagonoboldexpert.ufo\/glyphs\/Z_.glif","\/fagonoboldexpert.ufo\/glyphs\/Z_caron.glif":"\/fagonoboldexpert.ufo\/glyphs\/Z_caron.glif","\/fagonoboldexpert.ufo\/glyphs\/a.glif":"\/fagonoboldexpert.ufo\/glyphs\/a.glif","\/fagonoboldexpert.ufo\/glyphs\/aacute.glif":"\/fagonoboldexpert.ufo\/glyphs\/aacute.glif","\/fagonoboldexpert.ufo\/glyphs\/acircumflex.glif":"\/fagonoboldexpert.ufo\/glyphs\/acircumflex.glif","\/fagonoboldexpert.ufo\/glyphs\/acute.glif":"\/fagonoboldexpert.ufo\/glyphs\/acute.glif","\/fagonoboldexpert.ufo\/glyphs\/adieresis.glif":"\/fagonoboldexpert.ufo\/glyphs\/adieresis.glif","\/fagonoboldexpert.ufo\/glyphs\/ae.glif":"\/fagonoboldexpert.ufo\/glyphs\/ae.glif","\/fagonoboldexpert.ufo\/glyphs\/agrave.glif":"\/fagonoboldexpert.ufo\/glyphs\/agrave.glif","\/fagonoboldexpert.ufo\/glyphs\/ampersand.glif":"\/fagonoboldexpert.ufo\/glyphs\/ampersand.glif","\/fagonoboldexpert.ufo\/glyphs\/aring.glif":"\/fagonoboldexpert.ufo\/glyphs\/aring.glif","\/fagonoboldexpert.ufo\/glyphs\/asciicircum.glif":"\/fagonoboldexpert.ufo\/glyphs\/asciicircum.glif","\/fagonoboldexpert.ufo\/glyphs\/asciitilde.glif":"\/fagonoboldexpert.ufo\/glyphs\/asciitilde.glif","\/fagonoboldexpert.ufo\/glyphs\/asterisk.glif":"\/fagonoboldexpert.ufo\/glyphs\/asterisk.glif","\/fagonoboldexpert.ufo\/glyphs\/at.glif":"\/fagonoboldexpert.ufo\/glyphs\/at.glif","\/fagonoboldexpert.ufo\/glyphs\/atilde.glif":"\/fagonoboldexpert.ufo\/glyphs\/atilde.glif","\/fagonoboldexpert.ufo\/glyphs\/b.glif":"\/fagonoboldexpert.ufo\/glyphs\/b.glif","\/fagonoboldexpert.ufo\/glyphs\/backslash.glif":"\/fagonoboldexpert.ufo\/glyphs\/backslash.glif","\/fagonoboldexpert.ufo\/glyphs\/bar.glif":"\/fagonoboldexpert.ufo\/glyphs\/bar.glif","\/fagonoboldexpert.ufo\/glyphs\/braceleft.glif":"\/fagonoboldexpert.ufo\/glyphs\/braceleft.glif","\/fagonoboldexpert.ufo\/glyphs\/braceright.glif":"\/fagonoboldexpert.ufo\/glyphs\/braceright.glif","\/fagonoboldexpert.ufo\/glyphs\/bracketleft.glif":"\/fagonoboldexpert.ufo\/glyphs\/bracketleft.glif","\/fagonoboldexpert.ufo\/glyphs\/bracketright.glif":"\/fagonoboldexpert.ufo\/glyphs\/bracketright.glif","\/fagonoboldexpert.ufo\/glyphs\/breve.glif":"\/fagonoboldexpert.ufo\/glyphs\/breve.glif","\/fagonoboldexpert.ufo\/glyphs\/brokenbar.glif":"\/fagonoboldexpert.ufo\/glyphs\/brokenbar.glif","\/fagonoboldexpert.ufo\/glyphs\/bullet.glif":"\/fagonoboldexpert.ufo\/glyphs\/bullet.glif","\/fagonoboldexpert.ufo\/glyphs\/c.glif":"\/fagonoboldexpert.ufo\/glyphs\/c.glif","\/fagonoboldexpert.ufo\/glyphs\/caron.glif":"\/fagonoboldexpert.ufo\/glyphs\/caron.glif","\/fagonoboldexpert.ufo\/glyphs\/ccedilla.glif":"\/fagonoboldexpert.ufo\/glyphs\/ccedilla.glif","\/fagonoboldexpert.ufo\/glyphs\/cedilla.glif":"\/fagonoboldexpert.ufo\/glyphs\/cedilla.glif","\/fagonoboldexpert.ufo\/glyphs\/cent.glif":"\/fagonoboldexpert.ufo\/glyphs\/cent.glif","\/fagonoboldexpert.ufo\/glyphs\/circumflex.glif":"\/fagonoboldexpert.ufo\/glyphs\/circumflex.glif","\/fagonoboldexpert.ufo\/glyphs\/colon.glif":"\/fagonoboldexpert.ufo\/glyphs\/colon.glif","\/fagonoboldexpert.ufo\/glyphs\/comma.glif":"\/fagonoboldexpert.ufo\/glyphs\/comma.glif","\/fagonoboldexpert.ufo\/glyphs\/contents.plist":"\/fagonoboldexpert.ufo\/glyphs\/contents.plist","\/fagonoboldexpert.ufo\/glyphs\/copyright.glif":"\/fagonoboldexpert.ufo\/glyphs\/copyright.glif","\/fagonoboldexpert.ufo\/glyphs\/currency.glif":"\/fagonoboldexpert.ufo\/glyphs\/currency.glif","\/fagonoboldexpert.ufo\/glyphs\/d.glif":"\/fagonoboldexpert.ufo\/glyphs\/d.glif","\/fagonoboldexpert.ufo\/glyphs\/dagger.glif":"\/fagonoboldexpert.ufo\/glyphs\/dagger.glif","\/fagonoboldexpert.ufo\/glyphs\/daggerdbl.glif":"\/fagonoboldexpert.ufo\/glyphs\/daggerdbl.glif","\/fagonoboldexpert.ufo\/glyphs\/degree.glif":"\/fagonoboldexpert.ufo\/glyphs\/degree.glif","\/fagonoboldexpert.ufo\/glyphs\/dieresis.glif":"\/fagonoboldexpert.ufo\/glyphs\/dieresis.glif","\/fagonoboldexpert.ufo\/glyphs\/divide.glif":"\/fagonoboldexpert.ufo\/glyphs\/divide.glif","\/fagonoboldexpert.ufo\/glyphs\/dollar.glif":"\/fagonoboldexpert.ufo\/glyphs\/dollar.glif","\/fagonoboldexpert.ufo\/glyphs\/dotaccent.glif":"\/fagonoboldexpert.ufo\/glyphs\/dotaccent.glif","\/fagonoboldexpert.ufo\/glyphs\/dotlessi.glif":"\/fagonoboldexpert.ufo\/glyphs\/dotlessi.glif","\/fagonoboldexpert.ufo\/glyphs\/e.glif":"\/fagonoboldexpert.ufo\/glyphs\/e.glif","\/fagonoboldexpert.ufo\/glyphs\/eacute.glif":"\/fagonoboldexpert.ufo\/glyphs\/eacute.glif","\/fagonoboldexpert.ufo\/glyphs\/ecircumflex.glif":"\/fagonoboldexpert.ufo\/glyphs\/ecircumflex.glif","\/fagonoboldexpert.ufo\/glyphs\/edieresis.glif":"\/fagonoboldexpert.ufo\/glyphs\/edieresis.glif","\/fagonoboldexpert.ufo\/glyphs\/egrave.glif":"\/fagonoboldexpert.ufo\/glyphs\/egrave.glif","\/fagonoboldexpert.ufo\/glyphs\/eight.glif":"\/fagonoboldexpert.ufo\/glyphs\/eight.glif","\/fagonoboldexpert.ufo\/glyphs\/ellipsis.glif":"\/fagonoboldexpert.ufo\/glyphs\/ellipsis.glif","\/fagonoboldexpert.ufo\/glyphs\/emdash.glif":"\/fagonoboldexpert.ufo\/glyphs\/emdash.glif","\/fagonoboldexpert.ufo\/glyphs\/endash.glif":"\/fagonoboldexpert.ufo\/glyphs\/endash.glif","\/fagonoboldexpert.ufo\/glyphs\/equal.glif":"\/fagonoboldexpert.ufo\/glyphs\/equal.glif","\/fagonoboldexpert.ufo\/glyphs\/eth.glif":"\/fagonoboldexpert.ufo\/glyphs\/eth.glif","\/fagonoboldexpert.ufo\/glyphs\/exclam.glif":"\/fagonoboldexpert.ufo\/glyphs\/exclam.glif","\/fagonoboldexpert.ufo\/glyphs\/exclamdown.glif":"\/fagonoboldexpert.ufo\/glyphs\/exclamdown.glif","\/fagonoboldexpert.ufo\/glyphs\/f.glif":"\/fagonoboldexpert.ufo\/glyphs\/f.glif","\/fagonoboldexpert.ufo\/glyphs\/fi.glif":"\/fagonoboldexpert.ufo\/glyphs\/fi.glif","\/fagonoboldexpert.ufo\/glyphs\/five.glif":"\/fagonoboldexpert.ufo\/glyphs\/five.glif","\/fagonoboldexpert.ufo\/glyphs\/fl.glif":"\/fagonoboldexpert.ufo\/glyphs\/fl.glif","\/fagonoboldexpert.ufo\/glyphs\/florin.glif":"\/fagonoboldexpert.ufo\/glyphs\/florin.glif","\/fagonoboldexpert.ufo\/glyphs\/four.glif":"\/fagonoboldexpert.ufo\/glyphs\/four.glif","\/fagonoboldexpert.ufo\/glyphs\/fraction.glif":"\/fagonoboldexpert.ufo\/glyphs\/fraction.glif","\/fagonoboldexpert.ufo\/glyphs\/g.glif":"\/fagonoboldexpert.ufo\/glyphs\/g.glif","\/fagonoboldexpert.ufo\/glyphs\/germandbls.glif":"\/fagonoboldexpert.ufo\/glyphs\/germandbls.glif","\/fagonoboldexpert.ufo\/glyphs\/grave.glif":"\/fagonoboldexpert.ufo\/glyphs\/grave.glif","\/fagonoboldexpert.ufo\/glyphs\/greater.glif":"\/fagonoboldexpert.ufo\/glyphs\/greater.glif","\/fagonoboldexpert.ufo\/glyphs\/guillemotleft.glif":"\/fagonoboldexpert.ufo\/glyphs\/guillemotleft.glif","\/fagonoboldexpert.ufo\/glyphs\/guillemotright.glif":"\/fagonoboldexpert.ufo\/glyphs\/guillemotright.glif","\/fagonoboldexpert.ufo\/glyphs\/guilsinglleft.glif":"\/fagonoboldexpert.ufo\/glyphs\/guilsinglleft.glif","\/fagonoboldexpert.ufo\/glyphs\/guilsinglright.glif":"\/fagonoboldexpert.ufo\/glyphs\/guilsinglright.glif","\/fagonoboldexpert.ufo\/glyphs\/h.glif":"\/fagonoboldexpert.ufo\/glyphs\/h.glif","\/fagonoboldexpert.ufo\/glyphs\/hungarumlaut.glif":"\/fagonoboldexpert.ufo\/glyphs\/hungarumlaut.glif","\/fagonoboldexpert.ufo\/glyphs\/hyphen.glif":"\/fagonoboldexpert.ufo\/glyphs\/hyphen.glif","\/fagonoboldexpert.ufo\/glyphs\/i.glif":"\/fagonoboldexpert.ufo\/glyphs\/i.glif","\/fagonoboldexpert.ufo\/glyphs\/iacute.glif":"\/fagonoboldexpert.ufo\/glyphs\/iacute.glif","\/fagonoboldexpert.ufo\/glyphs\/icircumflex.glif":"\/fagonoboldexpert.ufo\/glyphs\/icircumflex.glif","\/fagonoboldexpert.ufo\/glyphs\/idieresis.glif":"\/fagonoboldexpert.ufo\/glyphs\/idieresis.glif","\/fagonoboldexpert.ufo\/glyphs\/igrave.glif":"\/fagonoboldexpert.ufo\/glyphs\/igrave.glif","\/fagonoboldexpert.ufo\/glyphs\/j.glif":"\/fagonoboldexpert.ufo\/glyphs\/j.glif","\/fagonoboldexpert.ufo\/glyphs\/k.glif":"\/fagonoboldexpert.ufo\/glyphs\/k.glif","\/fagonoboldexpert.ufo\/glyphs\/l.glif":"\/fagonoboldexpert.ufo\/glyphs\/l.glif","\/fagonoboldexpert.ufo\/glyphs\/less.glif":"\/fagonoboldexpert.ufo\/glyphs\/less.glif","\/fagonoboldexpert.ufo\/glyphs\/logicalnot.glif":"\/fagonoboldexpert.ufo\/glyphs\/logicalnot.glif","\/fagonoboldexpert.ufo\/glyphs\/lslash.glif":"\/fagonoboldexpert.ufo\/glyphs\/lslash.glif","\/fagonoboldexpert.ufo\/glyphs\/m.glif":"\/fagonoboldexpert.ufo\/glyphs\/m.glif","\/fagonoboldexpert.ufo\/glyphs\/macron.glif":"\/fagonoboldexpert.ufo\/glyphs\/macron.glif","\/fagonoboldexpert.ufo\/glyphs\/minus.glif":"\/fagonoboldexpert.ufo\/glyphs\/minus.glif","\/fagonoboldexpert.ufo\/glyphs\/mu.glif":"\/fagonoboldexpert.ufo\/glyphs\/mu.glif","\/fagonoboldexpert.ufo\/glyphs\/multiply.glif":"\/fagonoboldexpert.ufo\/glyphs\/multiply.glif","\/fagonoboldexpert.ufo\/glyphs\/n.glif":"\/fagonoboldexpert.ufo\/glyphs\/n.glif","\/fagonoboldexpert.ufo\/glyphs\/nine.glif":"\/fagonoboldexpert.ufo\/glyphs\/nine.glif","\/fagonoboldexpert.ufo\/glyphs\/ntilde.glif":"\/fagonoboldexpert.ufo\/glyphs\/ntilde.glif","\/fagonoboldexpert.ufo\/glyphs\/numbersign.glif":"\/fagonoboldexpert.ufo\/glyphs\/numbersign.glif","\/fagonoboldexpert.ufo\/glyphs\/o.glif":"\/fagonoboldexpert.ufo\/glyphs\/o.glif","\/fagonoboldexpert.ufo\/glyphs\/oacute.glif":"\/fagonoboldexpert.ufo\/glyphs\/oacute.glif","\/fagonoboldexpert.ufo\/glyphs\/ocircumflex.glif":"\/fagonoboldexpert.ufo\/glyphs\/ocircumflex.glif","\/fagonoboldexpert.ufo\/glyphs\/odieresis.glif":"\/fagonoboldexpert.ufo\/glyphs\/odieresis.glif","\/fagonoboldexpert.ufo\/glyphs\/oe.glif":"\/fagonoboldexpert.ufo\/glyphs\/oe.glif","\/fagonoboldexpert.ufo\/glyphs\/ogonek.glif":"\/fagonoboldexpert.ufo\/glyphs\/ogonek.glif","\/fagonoboldexpert.ufo\/glyphs\/ograve.glif":"\/fagonoboldexpert.ufo\/glyphs\/ograve.glif","\/fagonoboldexpert.ufo\/glyphs\/one.glif":"\/fagonoboldexpert.ufo\/glyphs\/one.glif","\/fagonoboldexpert.ufo\/glyphs\/onehalf.glif":"\/fagonoboldexpert.ufo\/glyphs\/onehalf.glif","\/fagonoboldexpert.ufo\/glyphs\/onequarter.glif":"\/fagonoboldexpert.ufo\/glyphs\/onequarter.glif","\/fagonoboldexpert.ufo\/glyphs\/onesuperior.glif":"\/fagonoboldexpert.ufo\/glyphs\/onesuperior.glif","\/fagonoboldexpert.ufo\/glyphs\/ordfeminine.glif":"\/fagonoboldexpert.ufo\/glyphs\/ordfeminine.glif","\/fagonoboldexpert.ufo\/glyphs\/ordmasculine.glif":"\/fagonoboldexpert.ufo\/glyphs\/ordmasculine.glif","\/fagonoboldexpert.ufo\/glyphs\/oslash.glif":"\/fagonoboldexpert.ufo\/glyphs\/oslash.glif","\/fagonoboldexpert.ufo\/glyphs\/otilde.glif":"\/fagonoboldexpert.ufo\/glyphs\/otilde.glif","\/fagonoboldexpert.ufo\/glyphs\/p.glif":"\/fagonoboldexpert.ufo\/glyphs\/p.glif","\/fagonoboldexpert.ufo\/glyphs\/paragraph.glif":"\/fagonoboldexpert.ufo\/glyphs\/paragraph.glif","\/fagonoboldexpert.ufo\/glyphs\/parenleft.glif":"\/fagonoboldexpert.ufo\/glyphs\/parenleft.glif","\/fagonoboldexpert.ufo\/glyphs\/parenright.glif":"\/fagonoboldexpert.ufo\/glyphs\/parenright.glif","\/fagonoboldexpert.ufo\/glyphs\/percent.glif":"\/fagonoboldexpert.ufo\/glyphs\/percent.glif","\/fagonoboldexpert.ufo\/glyphs\/period.glif":"\/fagonoboldexpert.ufo\/glyphs\/period.glif","\/fagonoboldexpert.ufo\/glyphs\/periodcentered.glif":"\/fagonoboldexpert.ufo\/glyphs\/periodcentered.glif","\/fagonoboldexpert.ufo\/glyphs\/perthousand.glif":"\/fagonoboldexpert.ufo\/glyphs\/perthousand.glif","\/fagonoboldexpert.ufo\/glyphs\/plus.glif":"\/fagonoboldexpert.ufo\/glyphs\/plus.glif","\/fagonoboldexpert.ufo\/glyphs\/plusminus.glif":"\/fagonoboldexpert.ufo\/glyphs\/plusminus.glif","\/fagonoboldexpert.ufo\/glyphs\/q.glif":"\/fagonoboldexpert.ufo\/glyphs\/q.glif","\/fagonoboldexpert.ufo\/glyphs\/question.glif":"\/fagonoboldexpert.ufo\/glyphs\/question.glif","\/fagonoboldexpert.ufo\/glyphs\/questiondown.glif":"\/fagonoboldexpert.ufo\/glyphs\/questiondown.glif","\/fagonoboldexpert.ufo\/glyphs\/quotedbl.glif":"\/fagonoboldexpert.ufo\/glyphs\/quotedbl.glif","\/fagonoboldexpert.ufo\/glyphs\/quotedblbase.glif":"\/fagonoboldexpert.ufo\/glyphs\/quotedblbase.glif","\/fagonoboldexpert.ufo\/glyphs\/quotedblleft.glif":"\/fagonoboldexpert.ufo\/glyphs\/quotedblleft.glif","\/fagonoboldexpert.ufo\/glyphs\/quotedblright.glif":"\/fagonoboldexpert.ufo\/glyphs\/quotedblright.glif","\/fagonoboldexpert.ufo\/glyphs\/quoteleft.glif":"\/fagonoboldexpert.ufo\/glyphs\/quoteleft.glif","\/fagonoboldexpert.ufo\/glyphs\/quoteright.glif":"\/fagonoboldexpert.ufo\/glyphs\/quoteright.glif","\/fagonoboldexpert.ufo\/glyphs\/quotesinglbase.glif":"\/fagonoboldexpert.ufo\/glyphs\/quotesinglbase.glif","\/fagonoboldexpert.ufo\/glyphs\/quotesingle.glif":"\/fagonoboldexpert.ufo\/glyphs\/quotesingle.glif","\/fagonoboldexpert.ufo\/glyphs\/r.glif":"\/fagonoboldexpert.ufo\/glyphs\/r.glif","\/fagonoboldexpert.ufo\/glyphs\/registered.glif":"\/fagonoboldexpert.ufo\/glyphs\/registered.glif","\/fagonoboldexpert.ufo\/glyphs\/ring.glif":"\/fagonoboldexpert.ufo\/glyphs\/ring.glif","\/fagonoboldexpert.ufo\/glyphs\/s.glif":"\/fagonoboldexpert.ufo\/glyphs\/s.glif","\/fagonoboldexpert.ufo\/glyphs\/scaron.glif":"\/fagonoboldexpert.ufo\/glyphs\/scaron.glif","\/fagonoboldexpert.ufo\/glyphs\/section.glif":"\/fagonoboldexpert.ufo\/glyphs\/section.glif","\/fagonoboldexpert.ufo\/glyphs\/semicolon.glif":"\/fagonoboldexpert.ufo\/glyphs\/semicolon.glif","\/fagonoboldexpert.ufo\/glyphs\/seven.glif":"\/fagonoboldexpert.ufo\/glyphs\/seven.glif","\/fagonoboldexpert.ufo\/glyphs\/six.glif":"\/fagonoboldexpert.ufo\/glyphs\/six.glif","\/fagonoboldexpert.ufo\/glyphs\/slash.glif":"\/fagonoboldexpert.ufo\/glyphs\/slash.glif","\/fagonoboldexpert.ufo\/glyphs\/space.glif":"\/fagonoboldexpert.ufo\/glyphs\/space.glif","\/fagonoboldexpert.ufo\/glyphs\/sterling.glif":"\/fagonoboldexpert.ufo\/glyphs\/sterling.glif","\/fagonoboldexpert.ufo\/glyphs\/t.glif":"\/fagonoboldexpert.ufo\/glyphs\/t.glif","\/fagonoboldexpert.ufo\/glyphs\/thorn.glif":"\/fagonoboldexpert.ufo\/glyphs\/thorn.glif","\/fagonoboldexpert.ufo\/glyphs\/three.glif":"\/fagonoboldexpert.ufo\/glyphs\/three.glif","\/fagonoboldexpert.ufo\/glyphs\/threequarters.glif":"\/fagonoboldexpert.ufo\/glyphs\/threequarters.glif","\/fagonoboldexpert.ufo\/glyphs\/threesuperior.glif":"\/fagonoboldexpert.ufo\/glyphs\/threesuperior.glif","\/fagonoboldexpert.ufo\/glyphs\/tilde.glif":"\/fagonoboldexpert.ufo\/glyphs\/tilde.glif","\/fagonoboldexpert.ufo\/glyphs\/trademark.glif":"\/fagonoboldexpert.ufo\/glyphs\/trademark.glif","\/fagonoboldexpert.ufo\/glyphs\/two.glif":"\/fagonoboldexpert.ufo\/glyphs\/two.glif","\/fagonoboldexpert.ufo\/glyphs\/twosuperior.glif":"\/fagonoboldexpert.ufo\/glyphs\/twosuperior.glif","\/fagonoboldexpert.ufo\/glyphs\/u.glif":"\/fagonoboldexpert.ufo\/glyphs\/u.glif","\/fagonoboldexpert.ufo\/glyphs\/uacute.glif":"\/fagonoboldexpert.ufo\/glyphs\/uacute.glif","\/fagonoboldexpert.ufo\/glyphs\/ucircumflex.glif":"\/fagonoboldexpert.ufo\/glyphs\/ucircumflex.glif","\/fagonoboldexpert.ufo\/glyphs\/udieresis.glif":"\/fagonoboldexpert.ufo\/glyphs\/udieresis.glif","\/fagonoboldexpert.ufo\/glyphs\/ugrave.glif":"\/fagonoboldexpert.ufo\/glyphs\/ugrave.glif","\/fagonoboldexpert.ufo\/glyphs\/underscore.glif":"\/fagonoboldexpert.ufo\/glyphs\/underscore.glif","\/fagonoboldexpert.ufo\/glyphs\/v.glif":"\/fagonoboldexpert.ufo\/glyphs\/v.glif","\/fagonoboldexpert.ufo\/glyphs\/w.glif":"\/fagonoboldexpert.ufo\/glyphs\/w.glif","\/fagonoboldexpert.ufo\/glyphs\/x.glif":"\/fagonoboldexpert.ufo\/glyphs\/x.glif","\/fagonoboldexpert.ufo\/glyphs\/y.glif":"\/fagonoboldexpert.ufo\/glyphs\/y.glif","\/fagonoboldexpert.ufo\/glyphs\/yacute.glif":"\/fagonoboldexpert.ufo\/glyphs\/yacute.glif","\/fagonoboldexpert.ufo\/glyphs\/ydieresis.glif":"\/fagonoboldexpert.ufo\/glyphs\/ydieresis.glif","\/fagonoboldexpert.ufo\/glyphs\/yen.glif":"\/fagonoboldexpert.ufo\/glyphs\/yen.glif","\/fagonoboldexpert.ufo\/glyphs\/z.glif":"\/fagonoboldexpert.ufo\/glyphs\/z.glif","\/fagonoboldexpert.ufo\/glyphs\/zcaron.glif":"\/fagonoboldexpert.ufo\/glyphs\/zcaron.glif","\/fagonoboldexpert.ufo\/glyphs\/zero.glif":"\/fagonoboldexpert.ufo\/glyphs\/zero.glif"},"Font":{"uploaded":1489149294.13,"licence":"gpl3","company":"Chronolabs Cooperative","title":"Fago No Bold Expert","version":3.002,"date":"Thu Dec 29 09:37:47 2016","creator":"root","type":"1","matrix":"0.001 0 0 0.001 0 0","named":"FagoNoBoldExpert","painttype":"0","info":"10 dict dup","name":"Fago No Bold Expert","family":"FagoNoBold","weight":"Medium","fstype":"0","italicangle":"-12","underlineposition":"","underlinethickness":""},"Licences":{"":false},"Table":{"FFTM":{"entryLength":16,"tag":"FFTM","checksum":1968275784,"offset":16400,"length":28},"GDEF":{"entryLength":16,"tag":"GDEF","checksum":18087942,"offset":16368,"length":32},"OS\/2":{"entryLength":16,"tag":"OS\/2","checksum":1483349292,"offset":344,"length":86},"cmap":{"entryLength":16,"tag":"cmap","checksum":3835567031,"offset":1284,"length":562},"gasp":{"entryLength":16,"tag":"gasp","checksum":4294901763,"offset":16360,"length":8},"glyf":{"entryLength":16,"tag":"glyf","checksum":513539144,"offset":2312,"length":12524},"head":{"entryLength":16,"tag":"head","checksum":199738504,"offset":220,"length":54},"hhea":{"entryLength":16,"tag":"hhea","checksum":122028819,"offset":276,"length":36},"hmtx":{"entryLength":16,"tag":"hmtx","checksum":1699497998,"offset":432,"length":852},"loca":{"entryLength":16,"tag":"loca","checksum":2001241080,"offset":1848,"length":464},"maxp":{"entryLength":16,"tag":"maxp","checksum":19726403,"offset":312,"length":32},"name":{"entryLength":16,"tag":"name","checksum":2533396472,"offset":14836,"length":1026},"post":{"entryLength":16,"tag":"post","checksum":918959740,"offset":15864,"length":496}},"UnicodeCharMap":{"32":3,"33":4,"34":5,"35":6,"36":7,"37":8,"38":9,"39":10,"40":11,"41":12,"42":13,"43":14,"44":15,"45":16,"46":17,"47":18,"48":19,"49":20,"50":21,"51":22,"52":23,"53":24,"54":25,"55":26,"56":27,"57":28,"58":29,"59":30,"60":31,"61":32,"62":33,"63":34,"64":35,"65":36,"66":37,"67":38,"68":39,"69":40,"70":41,"71":42,"72":43,"73":44,"74":45,"75":46,"76":47,"77":48,"78":49,"79":50,"80":51,"81":52,"82":53,"83":54,"84":55,"85":56,"86":57,"87":58,"88":59,"89":60,"90":61,"91":62,"92":63,"93":64,"94":65,"95":66,"96":67,"97":68,"98":69,"99":70,"100":71,"101":72,"102":73,"103":74,"104":75,"105":76,"106":77,"107":78,"108":79,"109":80,"110":81,"111":82,"112":83,"113":84,"114":85,"115":86,"116":87,"117":88,"118":89,"119":90,"120":91,"121":92,"122":93,"123":94,"124":95,"125":96,"126":97,"161":98,"162":99,"163":100,"164":101,"165":102,"166":103,"167":104,"168":105,"169":106,"170":107,"171":108,"172":109,"174":110,"175":111,"176":112,"177":113,"178":114,"179":115,"180":116,"182":118,"183":119,"184":120,"185":121,"186":122,"187":123,"188":124,"189":125,"190":126,"191":127,"192":128,"193":129,"194":130,"195":131,"196":132,"197":133,"198":134,"199":135,"200":136,"201":137,"202":138,"203":139,"204":140,"205":141,"206":142,"207":143,"208":144,"209":145,"210":146,"211":147,"212":148,"213":149,"214":150,"215":151,"216":152,"217":153,"218":154,"219":155,"220":156,"221":157,"222":158,"223":159,"224":160,"225":161,"226":162,"227":163,"228":164,"229":165,"230":166,"231":167,"232":168,"233":169,"234":170,"235":171,"236":172,"237":173,"238":174,"239":175,"240":176,"241":177,"242":178,"243":179,"244":180,"245":181,"246":182,"247":183,"248":184,"249":185,"250":186,"251":187,"252":188,"253":189,"254":190,"255":191,"305":221,"321":219,"322":222,"338":220,"339":223,"352":229,"353":228,"376":224,"381":227,"382":226,"402":195,"710":210,"711":217,"728":212,"729":213,"730":214,"731":216,"732":211,"733":215,"956":117,"8211":201,"8212":218,"8216":193,"8217":192,"8218":205,"8220":196,"8221":207,"8222":206,"8224":202,"8225":203,"8226":204,"8230":208,"8240":209,"8249":197,"8250":198,"8260":194,"8482":225,"8722":230,"64257":199,"64258":200},"Reserves":{"fontname":"Fago No Bold Expert"},"Names":{"Fago No Bold Expert":{"name":"Fago No Bold Expert","longitude":"0.00000001","latitude":"0.00000001","country":"","region":"","city":""}},"Nodes":{"fa":{"type":"typal","node":"fa","usage":1,"weight":1},"go":{"type":"typal","node":"go","usage":1,"weight":1},"bo":{"type":"typal","node":"bo","usage":1,"weight":1},"ld":{"type":"typal","node":"ld","usage":1,"weight":1},"ex":{"type":"typal","node":"ex","usage":1,"weight":1},"rt":{"type":"typal","node":"rt","usage":1,"weight":1},"fag":{"type":"typal","node":"fag","usage":1,"weight":1},"ago":{"type":"typal","node":"ago","usage":1,"weight":1},"bol":{"type":"typal","node":"bol","usage":1,"weight":1},"old":{"type":"typal","node":"old","usage":1,"weight":1},"exp":{"type":"typal","node":"exp","usage":1,"weight":1},"ert":{"type":"typal","node":"ert","usage":1,"weight":1},"expe":{"type":"keys","node":"expe","usage":1,"weight":1},"pert":{"type":"keys","node":"pert","usage":1,"weight":1},"exper":{"type":"keys","node":"exper","usage":1,"weight":1},"xpert":{"type":"keys","node":"xpert","usage":1,"weight":1},"fago":{"type":"fixes","node":"fago","usage":1,"weight":1},"no":{"type":"fixes","node":"no","usage":1,"weight":1},"bold":{"type":"fixes","node":"bold","usage":1,"weight":1},"expert":{"type":"fixes","node":"expert","usage":1,"weight":1}},"Contributors":[],"FontIdentity":"labscoop:fb5125d3600e6859653b234","Bytes":null,"Networking":[],"barcode":"cuqae6gioyagm","referee":"qi4ug0m"}