{"CSS":{"OblongA":"OblongA.css"},"FontType":"TrueType","FontCopyright":"Copr.1990 Emigre Graphics","FontName":"Oblong","FontSubfamily":"A","FontSubfamilyID":"FontForge 2.0 : OblongA : 27-8-2016","FontFullName":"Oblong A","FontVersion":"Version 1.000 ","FontWeight":null,"FontPostscriptName":"OblongA","Files":{"oblonga.afm":"oblonga.afm","oblonga.bin":"oblonga.bin","oblonga.cef":"oblonga.cef","oblonga.cff":"oblonga.cff","oblonga.cid":"oblonga.cid","oblonga.dfont":"oblonga.dfont","oblonga.eot":"oblonga.eot","oblonga.fon":"oblonga.fon","oblonga.gai":"oblonga.gai","oblonga.gsf":"oblonga.gsf","oblonga.hqx":"oblonga.hqx","oblonga.ik":"oblonga.ik","oblonga.mf":"oblonga.mf","oblonga.otf":"oblonga.otf","oblonga.pcf":"oblonga.pcf","oblonga.pf3":"oblonga.pf3","oblonga.pfa":"oblonga.pfa","oblonga.pfb":"oblonga.pfb","oblonga.php":"oblonga.php","oblonga.pmf":"oblonga.pmf","oblonga.pt3":"oblonga.pt3","oblonga.sfd":"oblonga.sfd","oblonga.svg":"oblonga.svg","oblonga.t42":"oblonga.t42","oblonga.ttd":"oblonga.ttd","oblonga.ttf":"oblonga.ttf","oblonga.ttg":"oblonga.ttg","oblonga.ufm":"oblonga.ufm","oblonga.woff":"oblonga.woff","oblonga.z":"oblonga.z","":{"oblonga.afm":"oblonga.afm","oblonga.bin":"oblonga.bin","oblonga.cef":"oblonga.cef","oblonga.cff":"oblonga.cff","oblonga.cid":"oblonga.cid","oblonga.dfont":"oblonga.dfont","oblonga.eot":"oblonga.eot","oblonga.fon":"oblonga.fon","oblonga.gai":"oblonga.gai","oblonga.gsf":"oblonga.gsf","oblonga.hqx":"oblonga.hqx","oblonga.ik":"oblonga.ik","oblonga.mf":"oblonga.mf","oblonga.otf":"oblonga.otf","oblonga.pcf":"oblonga.pcf","oblonga.pf3":"oblonga.pf3","oblonga.pfa":"oblonga.pfa","oblonga.pfb":"oblonga.pfb","oblonga.php":"oblonga.php","oblonga.pmf":"oblonga.pmf","oblonga.pt3":"oblonga.pt3","oblonga.sfd":"oblonga.sfd","oblonga.svg":"oblonga.svg","oblonga.t42":"oblonga.t42","oblonga.ttd":"oblonga.ttd","oblonga.ttf":"oblonga.ttf","oblonga.ttg":"oblonga.ttg","oblonga.ufm":"oblonga.ufm","oblonga.woff":"oblonga.woff","oblonga.z":"oblonga.z"},"\/oblonga.ufo":{"feature.fea":"feature.fea","fontinfo.plist":"fontinfo.plist","groups.plist":"groups.plist","kerning.plist":"kerning.plist","metainfo.plist":"metainfo.plist"},"\/oblonga.ufo\/glyphs":{"A_.glif":"A_.glif","A_E_.glif":"A_E_.glif","A_acute.glif":"A_acute.glif","A_circumflex.glif":"A_circumflex.glif","A_dieresis.glif":"A_dieresis.glif","A_grave.glif":"A_grave.glif","A_ring.glif":"A_ring.glif","A_tilde.glif":"A_tilde.glif","B_.glif":"B_.glif","C_.glif":"C_.glif","C_cedilla.glif":"C_cedilla.glif","D_.glif":"D_.glif","E_.glif":"E_.glif","E_acute.glif":"E_acute.glif","E_circumflex.glif":"E_circumflex.glif","E_dieresis.glif":"E_dieresis.glif","E_grave.glif":"E_grave.glif","E_th.glif":"E_th.glif","F_.glif":"F_.glif","G_.glif":"G_.glif","H_.glif":"H_.glif","I_.glif":"I_.glif","I_acute.glif":"I_acute.glif","I_circumflex.glif":"I_circumflex.glif","I_dieresis.glif":"I_dieresis.glif","I_grave.glif":"I_grave.glif","J_.glif":"J_.glif","K_.glif":"K_.glif","L_.glif":"L_.glif","L_slash.glif":"L_slash.glif","M_.glif":"M_.glif","N_.glif":"N_.glif","N_tilde.glif":"N_tilde.glif","O_.glif":"O_.glif","O_E_.glif":"O_E_.glif","O_acute.glif":"O_acute.glif","O_circumflex.glif":"O_circumflex.glif","O_dieresis.glif":"O_dieresis.glif","O_grave.glif":"O_grave.glif","O_slash.glif":"O_slash.glif","O_tilde.glif":"O_tilde.glif","P_.glif":"P_.glif","Q_.glif":"Q_.glif","R_.glif":"R_.glif","S_.glif":"S_.glif","S_caron.glif":"S_caron.glif","T_.glif":"T_.glif","T_horn.glif":"T_horn.glif","U_.glif":"U_.glif","U_acute.glif":"U_acute.glif","U_circumflex.glif":"U_circumflex.glif","U_dieresis.glif":"U_dieresis.glif","U_grave.glif":"U_grave.glif","V_.glif":"V_.glif","W_.glif":"W_.glif","X_.glif":"X_.glif","Y_.glif":"Y_.glif","Y_acute.glif":"Y_acute.glif","Y_dieresis.glif":"Y_dieresis.glif","Z_.glif":"Z_.glif","Z_caron.glif":"Z_caron.glif","a.glif":"a.glif","aacute.glif":"aacute.glif","acircumflex.glif":"acircumflex.glif","acute.glif":"acute.glif","adieresis.glif":"adieresis.glif","ae.glif":"ae.glif","agrave.glif":"agrave.glif","ampersand.glif":"ampersand.glif","aring.glif":"aring.glif","asciicircum.glif":"asciicircum.glif","asciitilde.glif":"asciitilde.glif","asterisk.glif":"asterisk.glif","at.glif":"at.glif","atilde.glif":"atilde.glif","b.glif":"b.glif","braceleft.glif":"braceleft.glif","braceright.glif":"braceright.glif","bracketleft.glif":"bracketleft.glif","bracketright.glif":"bracketright.glif","breve.glif":"breve.glif","brokenbar.glif":"brokenbar.glif","bullet.glif":"bullet.glif","c.glif":"c.glif","caron.glif":"caron.glif","ccedilla.glif":"ccedilla.glif","cedilla.glif":"cedilla.glif","cent.glif":"cent.glif","circumflex.glif":"circumflex.glif","colon.glif":"colon.glif","comma.glif":"comma.glif","contents.plist":"contents.plist","copyright.glif":"copyright.glif","currency.glif":"currency.glif","d.glif":"d.glif","dagger.glif":"dagger.glif","daggerdbl.glif":"daggerdbl.glif","degree.glif":"degree.glif","dieresis.glif":"dieresis.glif","dollar.glif":"dollar.glif","dotaccent.glif":"dotaccent.glif","dotlessi.glif":"dotlessi.glif","e.glif":"e.glif","eacute.glif":"eacute.glif","ecircumflex.glif":"ecircumflex.glif","edieresis.glif":"edieresis.glif","egrave.glif":"egrave.glif","eight.glif":"eight.glif","ellipsis.glif":"ellipsis.glif","emdash.glif":"emdash.glif","endash.glif":"endash.glif","equal.glif":"equal.glif","eth.glif":"eth.glif","exclam.glif":"exclam.glif","exclamdown.glif":"exclamdown.glif","f.glif":"f.glif","fi.glif":"fi.glif","five.glif":"five.glif","fl.glif":"fl.glif","florin.glif":"florin.glif","four.glif":"four.glif","fraction.glif":"fraction.glif","g.glif":"g.glif","germandbls.glif":"germandbls.glif","grave.glif":"grave.glif","greater.glif":"greater.glif","guillemotleft.glif":"guillemotleft.glif","guillemotright.glif":"guillemotright.glif","guilsinglleft.glif":"guilsinglleft.glif","guilsinglright.glif":"guilsinglright.glif","h.glif":"h.glif","hungarumlaut.glif":"hungarumlaut.glif","hyphen.glif":"hyphen.glif","i.glif":"i.glif","iacute.glif":"iacute.glif","icircumflex.glif":"icircumflex.glif","idieresis.glif":"idieresis.glif","igrave.glif":"igrave.glif","infinity.glif":"infinity.glif","j.glif":"j.glif","k.glif":"k.glif","l.glif":"l.glif","less.glif":"less.glif","lslash.glif":"lslash.glif","m.glif":"m.glif","macron.glif":"macron.glif","minus.glif":"minus.glif","mu.glif":"mu.glif","multiply.glif":"multiply.glif","n.glif":"n.glif","nine.glif":"nine.glif","ntilde.glif":"ntilde.glif","numbersign.glif":"numbersign.glif","o.glif":"o.glif","oacute.glif":"oacute.glif","ocircumflex.glif":"ocircumflex.glif","odieresis.glif":"odieresis.glif","oe.glif":"oe.glif","ogonek.glif":"ogonek.glif","ograve.glif":"ograve.glif","one.glif":"one.glif","onehalf.glif":"onehalf.glif","onequarter.glif":"onequarter.glif","onesuperior.glif":"onesuperior.glif","oslash.glif":"oslash.glif","otilde.glif":"otilde.glif","p.glif":"p.glif","paragraph.glif":"paragraph.glif","parenleft.glif":"parenleft.glif","parenright.glif":"parenright.glif","partialdiff.glif":"partialdiff.glif","percent.glif":"percent.glif","period.glif":"period.glif","periodcentered.glif":"periodcentered.glif","perthousand.glif":"perthousand.glif","plus.glif":"plus.glif","q.glif":"q.glif","question.glif":"question.glif","questiondown.glif":"questiondown.glif","quotedbl.glif":"quotedbl.glif","quotedblbase.glif":"quotedblbase.glif","quotedblleft.glif":"quotedblleft.glif","quotedblright.glif":"quotedblright.glif","quoteleft.glif":"quoteleft.glif","quoteright.glif":"quoteright.glif","quotesinglbase.glif":"quotesinglbase.glif","quotesingle.glif":"quotesingle.glif","r.glif":"r.glif","registered.glif":"registered.glif","ring.glif":"ring.glif","s.glif":"s.glif","scaron.glif":"scaron.glif","section.glif":"section.glif","semicolon.glif":"semicolon.glif","seven.glif":"seven.glif","six.glif":"six.glif","slash.glif":"slash.glif","space.glif":"space.glif","sterling.glif":"sterling.glif","t.glif":"t.glif","thorn.glif":"thorn.glif","three.glif":"three.glif","threequarters.glif":"threequarters.glif","threesuperior.glif":"threesuperior.glif","tilde.glif":"tilde.glif","trademark.glif":"trademark.glif","two.glif":"two.glif","twosuperior.glif":"twosuperior.glif","u.glif":"u.glif","uacute.glif":"uacute.glif","ucircumflex.glif":"ucircumflex.glif","udieresis.glif":"udieresis.glif","ugrave.glif":"ugrave.glif","underscore.glif":"underscore.glif","v.glif":"v.glif","w.glif":"w.glif","x.glif":"x.glif","y.glif":"y.glif","yacute.glif":"yacute.glif","ydieresis.glif":"ydieresis.glif","yen.glif":"yen.glif","z.glif":"z.glif","zcaron.glif":"zcaron.glif","zero.glif":"zero.glif"}},"Font":{"uploaded":1472279185.5019,"licence":"gpl3","company":"Chronolabs Cooperative","title":"Oblong A","version":2.001,"date":"Fri Aug 12 10:02:56 2016","creator":"root","type":"1","matrix":"0.001 0 0 0.001 0 0","named":"OblongA","painttype":"0","info":"10 dict dup","name":"OblongA","family":"Oblong","weight":"Normal","fstype":"0","italicangle":"0","underlineposition":"","underlinethickness":""},"Table":{"FFTM":{"entryLength":16,"tag":"FFTM","checksum":1944266800,"offset":15344,"length":28},"GDEF":{"entryLength":16,"tag":"GDEF","checksum":17760262,"offset":15312,"length":32},"OS\/2":{"entryLength":16,"tag":"OS\/2","checksum":1461131523,"offset":344,"length":86},"cmap":{"entryLength":16,"tag":"cmap","checksum":577723829,"offset":1336,"length":618},"gasp":{"entryLength":16,"tag":"gasp","checksum":4294901763,"offset":15304,"length":8},"glyf":{"entryLength":16,"tag":"glyf","checksum":679479335,"offset":2412,"length":11924},"head":{"entryLength":16,"tag":"head","checksum":152635699,"offset":220,"length":54},"hhea":{"entryLength":16,"tag":"hhea","checksum":89850583,"offset":276,"length":36},"hmtx":{"entryLength":16,"tag":"hmtx","checksum":4272693536,"offset":432,"length":904},"loca":{"entryLength":16,"tag":"loca","checksum":3986743880,"offset":1956,"length":454},"maxp":{"entryLength":16,"tag":"maxp","checksum":19529769,"offset":312,"length":32},"name":{"entryLength":16,"tag":"name","checksum":358957966,"offset":14336,"length":480},"post":{"entryLength":16,"tag":"post","checksum":897856839,"offset":14816,"length":486}},"UnicodeCharMap":{"32":3,"33":4,"34":5,"35":6,"36":7,"37":8,"38":9,"39":10,"40":11,"41":12,"42":13,"43":14,"44":15,"45":16,"46":17,"47":18,"48":19,"49":20,"50":21,"51":22,"52":23,"53":24,"54":25,"55":26,"56":27,"57":28,"58":29,"59":30,"60":31,"61":32,"62":33,"63":34,"64":35,"65":36,"66":37,"67":38,"68":39,"69":40,"70":41,"71":42,"72":43,"73":44,"74":45,"75":46,"76":47,"77":48,"78":49,"79":50,"80":51,"81":52,"82":53,"83":54,"84":55,"85":56,"86":57,"87":58,"88":59,"89":60,"90":61,"91":62,"93":63,"94":64,"95":65,"96":66,"97":67,"98":68,"99":69,"100":70,"101":71,"102":72,"103":73,"104":74,"105":75,"106":76,"107":77,"108":78,"109":79,"110":80,"111":81,"112":82,"113":83,"114":84,"115":85,"116":86,"117":87,"118":88,"119":89,"120":90,"121":91,"122":92,"123":93,"125":94,"126":95,"161":96,"162":97,"163":98,"164":99,"165":100,"166":101,"167":102,"168":103,"169":104,"171":105,"174":106,"175":107,"176":108,"178":109,"179":110,"180":111,"182":113,"183":114,"184":115,"185":116,"187":117,"188":118,"189":119,"190":120,"191":121,"192":122,"193":123,"194":124,"195":125,"196":126,"197":127,"198":128,"199":129,"200":130,"201":131,"202":132,"203":133,"204":134,"205":135,"206":136,"207":137,"208":138,"209":139,"210":140,"211":141,"212":142,"213":143,"214":144,"215":145,"216":146,"217":147,"218":148,"219":149,"220":150,"221":151,"222":152,"223":153,"224":154,"225":155,"226":156,"227":157,"228":158,"229":159,"230":160,"231":161,"232":162,"233":163,"234":164,"235":165,"236":166,"237":167,"238":168,"239":169,"240":170,"241":171,"242":172,"243":173,"244":174,"245":175,"246":176,"248":177,"249":178,"250":179,"251":180,"252":181,"253":182,"254":183,"255":184,"305":214,"321":212,"322":215,"338":213,"339":216,"352":217,"353":218,"376":225,"381":219,"382":220,"402":188,"710":203,"711":210,"728":205,"729":206,"730":207,"731":209,"732":204,"733":208,"956":112,"8211":194,"8212":211,"8216":186,"8217":185,"8218":198,"8220":189,"8221":200,"8222":199,"8224":195,"8225":196,"8226":197,"8230":201,"8240":202,"8249":190,"8250":191,"8260":187,"8482":222,"8706":224,"8722":221,"8734":223,"64257":192,"64258":193},"Reserves":null,"Names":[],"Nodes":{"ob":{"type":"typal","node":"ob","usage":1,"weight":1},"ng":{"type":"typal","node":"ng","usage":1,"weight":1},"obl":{"type":"typal","node":"obl","usage":1,"weight":1},"ong":{"type":"typal","node":"ong","usage":1,"weight":1},"oblo":{"type":"keys","node":"oblo","usage":1,"weight":1},"long":{"type":"keys","node":"long","usage":1,"weight":1},"oblon":{"type":"keys","node":"oblon","usage":1,"weight":1},"blong":{"type":"keys","node":"blong","usage":1,"weight":1},"oblong":{"type":"fixes","node":"oblong","usage":1,"weight":1}},"Contributors":[],"FontIdentity":"dc6f6daf934291dfc0ad4b1f8730880a","Bytes":1815310,"Networking":[],"barcode":"a62ugq8ku6ogo","referee":"oiucoew"}