{"CSS":{"Milo":"Milo.css"},"FontType":"TrueType","FontCopyright":" ","FontName":"Milo","FontSubfamily":"Book","FontSubfamilyID":"FontForge 2.0 : Milo : 29-12-2016","FontFullName":"Milo","FontVersion":"Version Converted from C:TTF ","FontWeight":null,"FontPostscriptName":"Milo","Files":{"milo.afm":"milo.afm","milo.bin":"milo.bin","milo.cef":"milo.cef","milo.cff":"milo.cff","milo.cid":"milo.cid","milo.dfont":"milo.dfont","milo.eot":"milo.eot","milo.fon":"milo.fon","milo.gai":"milo.gai","milo.gsf":"milo.gsf","milo.hqx":"milo.hqx","milo.ik":"milo.ik","milo.mf":"milo.mf","milo.otf":"milo.otf","milo.pcf":"milo.pcf","milo.pf3":"milo.pf3","milo.pfa":"milo.pfa","milo.pfb":"milo.pfb","milo.php":"milo.php","milo.pmf":"milo.pmf","milo.pt3":"milo.pt3","milo.sfd":"milo.sfd","milo.svg":"milo.svg","milo.t42":"milo.t42","milo.ttd":"milo.ttd","milo.ttf":"milo.ttf","milo.ttg":"milo.ttg","milo.ufm":"milo.ufm","milo.woff":"milo.woff","milo.z":"milo.z","":{"milo.afm":"milo.afm","milo.bin":"milo.bin","milo.cef":"milo.cef","milo.cff":"milo.cff","milo.cid":"milo.cid","milo.dfont":"milo.dfont","milo.eot":"milo.eot","milo.fon":"milo.fon","milo.gai":"milo.gai","milo.gsf":"milo.gsf","milo.hqx":"milo.hqx","milo.ik":"milo.ik","milo.mf":"milo.mf","milo.otf":"milo.otf","milo.pcf":"milo.pcf","milo.pf3":"milo.pf3","milo.pfa":"milo.pfa","milo.pfb":"milo.pfb","milo.php":"milo.php","milo.pmf":"milo.pmf","milo.pt3":"milo.pt3","milo.sfd":"milo.sfd","milo.svg":"milo.svg","milo.t42":"milo.t42","milo.ttd":"milo.ttd","milo.ttf":"milo.ttf","milo.ttg":"milo.ttg","milo.ufm":"milo.ufm","milo.woff":"milo.woff","milo.z":"milo.z"},"\/milo.ufo":{"feature.fea":"feature.fea","fontinfo.plist":"fontinfo.plist","groups.plist":"groups.plist","kerning.plist":"kerning.plist","metainfo.plist":"metainfo.plist"},"\/milo.ufo\/glyphs":{"2500.glif":"2500.glif","2502.glif":"2502.glif","250c.glif":"250c.glif","2510.glif":"2510.glif","2514.glif":"2514.glif","2518.glif":"2518.glif","251c.glif":"251c.glif","2524.glif":"2524.glif","252c.glif":"252c.glif","2534.glif":"2534.glif","253c.glif":"253c.glif","2550.glif":"2550.glif","2551.glif":"2551.glif","2552.glif":"2552.glif","2553.glif":"2553.glif","2554.glif":"2554.glif","2555.glif":"2555.glif","2556.glif":"2556.glif","2557.glif":"2557.glif","2558.glif":"2558.glif","2559.glif":"2559.glif","255a.glif":"255a.glif","255b.glif":"255b.glif","255c.glif":"255c.glif","255d.glif":"255d.glif","255e.glif":"255e.glif","255f.glif":"255f.glif","2560.glif":"2560.glif","2561.glif":"2561.glif","2562.glif":"2562.glif","2563.glif":"2563.glif","2564.glif":"2564.glif","2565.glif":"2565.glif","2566.glif":"2566.glif","2567.glif":"2567.glif","2568.glif":"2568.glif","2569.glif":"2569.glif","256a.glif":"256a.glif","256b.glif":"256b.glif","256c.glif":"256c.glif","A_.glif":"A_.glif","A_E_.glif":"A_E_.glif","A_acute.glif":"A_acute.glif","A_breve.glif":"A_breve.glif","A_circumflex.glif":"A_circumflex.glif","A_dieresis.glif":"A_dieresis.glif","A_grave.glif":"A_grave.glif","A_ogonek.glif":"A_ogonek.glif","A_ring.glif":"A_ring.glif","A_tilde.glif":"A_tilde.glif","B_.glif":"B_.glif","C_.glif":"C_.glif","C_acute.glif":"C_acute.glif","C_caron.glif":"C_caron.glif","C_cedilla.glif":"C_cedilla.glif","D_.glif":"D_.glif","D_caron.glif":"D_caron.glif","D_elta.glif":"D_elta.glif","D_slash.glif":"D_slash.glif","E_.glif":"E_.glif","E_acute.glif":"E_acute.glif","E_caron.glif":"E_caron.glif","E_circumflex.glif":"E_circumflex.glif","E_dieresis.glif":"E_dieresis.glif","E_grave.glif":"E_grave.glif","E_ogonek.glif":"E_ogonek.glif","E_th.glif":"E_th.glif","F_.glif":"F_.glif","G_.glif":"G_.glif","G_amma.glif":"G_amma.glif","G_breve.glif":"G_breve.glif","H_.glif":"H_.glif","I_.glif":"I_.glif","I_acute.glif":"I_acute.glif","I_circumflex.glif":"I_circumflex.glif","I_dieresis.glif":"I_dieresis.glif","I_dot.glif":"I_dot.glif","I_grave.glif":"I_grave.glif","J_.glif":"J_.glif","K_.glif":"K_.glif","L_.glif":"L_.glif","L_acute.glif":"L_acute.glif","L_caron.glif":"L_caron.glif","L_dot.glif":"L_dot.glif","L_slash.glif":"L_slash.glif","M_.glif":"M_.glif","N_.glif":"N_.glif","N_acute.glif":"N_acute.glif","N_caron.glif":"N_caron.glif","N_tilde.glif":"N_tilde.glif","O_.glif":"O_.glif","O_E_.glif":"O_E_.glif","O_acute.glif":"O_acute.glif","O_circumflex.glif":"O_circumflex.glif","O_dblacute.glif":"O_dblacute.glif","O_dieresis.glif":"O_dieresis.glif","O_grave.glif":"O_grave.glif","O_mega.glif":"O_mega.glif","O_slash.glif":"O_slash.glif","O_tilde.glif":"O_tilde.glif","P_.glif":"P_.glif","P_hi.glif":"P_hi.glif","Q_.glif":"Q_.glif","R_.glif":"R_.glif","R_acute.glif":"R_acute.glif","R_caron.glif":"R_caron.glif","S_.glif":"S_.glif","S_acute.glif":"S_acute.glif","S_caron.glif":"S_caron.glif","S_cedilla.glif":"S_cedilla.glif","T_.glif":"T_.glif","T_caron.glif":"T_caron.glif","T_cedilla.glif":"T_cedilla.glif","T_heta.glif":"T_heta.glif","T_horn.glif":"T_horn.glif","U_.glif":"U_.glif","U_acute.glif":"U_acute.glif","U_circumflex.glif":"U_circumflex.glif","U_dblacute.glif":"U_dblacute.glif","U_dieresis.glif":"U_dieresis.glif","U_grave.glif":"U_grave.glif","U_ring.glif":"U_ring.glif","V_.glif":"V_.glif","W_.glif":"W_.glif","X_.glif":"X_.glif","Y_.glif":"Y_.glif","Y_acute.glif":"Y_acute.glif","Y_dieresis.glif":"Y_dieresis.glif","Z_.glif":"Z_.glif","Z_acute.glif":"Z_acute.glif","Z_caron.glif":"Z_caron.glif","Z_dot.glif":"Z_dot.glif","a.glif":"a.glif","aacute.glif":"aacute.glif","abreve.glif":"abreve.glif","acircumflex.glif":"acircumflex.glif","acute.glif":"acute.glif","adieresis.glif":"adieresis.glif","ae.glif":"ae.glif","agrave.glif":"agrave.glif","alpha.glif":"alpha.glif","ampersand.glif":"ampersand.glif","aogonek.glif":"aogonek.glif","apple.glif":"apple.glif","approxequal.glif":"approxequal.glif","aring.glif":"aring.glif","arrowboth.glif":"arrowboth.glif","arrowdown.glif":"arrowdown.glif","arrowleft.glif":"arrowleft.glif","arrowright.glif":"arrowright.glif","arrowup.glif":"arrowup.glif","arrowupdn.glif":"arrowupdn.glif","arrowupdnbase.glif":"arrowupdnbase.glif","asciicircum.glif":"asciicircum.glif","asciitilde.glif":"asciitilde.glif","asterisk.glif":"asterisk.glif","at.glif":"at.glif","atilde.glif":"atilde.glif","b.glif":"b.glif","backslash.glif":"backslash.glif","bar.glif":"bar.glif","block.glif":"block.glif","braceleft.glif":"braceleft.glif","braceright.glif":"braceright.glif","bracketleft.glif":"bracketleft.glif","bracketright.glif":"bracketright.glif","breve.glif":"breve.glif","brokenbar.glif":"brokenbar.glif","bullet.glif":"bullet.glif","c.glif":"c.glif","cacute.glif":"cacute.glif","caron.glif":"caron.glif","ccaron.glif":"ccaron.glif","ccedilla.glif":"ccedilla.glif","cedilla.glif":"cedilla.glif","cent.glif":"cent.glif","circle.glif":"circle.glif","circumflex.glif":"circumflex.glif","club.glif":"club.glif","colon.glif":"colon.glif","comma.glif":"comma.glif","contents.plist":"contents.plist","copyright.glif":"copyright.glif","currency.glif":"currency.glif","d.glif":"d.glif","dagger.glif":"dagger.glif","daggerdbl.glif":"daggerdbl.glif","dcaron.glif":"dcaron.glif","degree.glif":"degree.glif","delta.glif":"delta.glif","diamond.glif":"diamond.glif","dieresis.glif":"dieresis.glif","divide.glif":"divide.glif","dkshade.glif":"dkshade.glif","dnblock.glif":"dnblock.glif","dollar.glif":"dollar.glif","dotaccent.glif":"dotaccent.glif","dotlessi.glif":"dotlessi.glif","dslash.glif":"dslash.glif","e.glif":"e.glif","eacute.glif":"eacute.glif","ecaron.glif":"ecaron.glif","ecircumflex.glif":"ecircumflex.glif","edieresis.glif":"edieresis.glif","egrave.glif":"egrave.glif","eight.glif":"eight.glif","ellipsis.glif":"ellipsis.glif","emdash.glif":"emdash.glif","endash.glif":"endash.glif","eogonek.glif":"eogonek.glif","epsilon.glif":"epsilon.glif","equal.glif":"equal.glif","equivalence.glif":"equivalence.glif","eth.glif":"eth.glif","exclam.glif":"exclam.glif","exclamdbl.glif":"exclamdbl.glif","exclamdown.glif":"exclamdown.glif","f.glif":"f.glif","female.glif":"female.glif","fi.glif":"fi.glif","filledbox.glif":"filledbox.glif","filledrect.glif":"filledrect.glif","five.glif":"five.glif","fl.glif":"fl.glif","florin.glif":"florin.glif","four.glif":"four.glif","fraction.glif":"fraction.glif","franc.glif":"franc.glif","g.glif":"g.glif","gbreve.glif":"gbreve.glif","germandbls.glif":"germandbls.glif","glyph1.glif":"glyph1.glif","glyph2.glif":"glyph2.glif","grave.glif":"grave.glif","greater.glif":"greater.glif","greaterequal.glif":"greaterequal.glif","guillemotleft.glif":"guillemotleft.glif","guillemotright.glif":"guillemotright.glif","guilsinglleft.glif":"guilsinglleft.glif","guilsinglright.glif":"guilsinglright.glif","h.glif":"h.glif","heart.glif":"heart.glif","house.glif":"house.glif","hungarumlaut.glif":"hungarumlaut.glif","hyphen.glif":"hyphen.glif","i.glif":"i.glif","iacute.glif":"iacute.glif","icircumflex.glif":"icircumflex.glif","idieresis.glif":"idieresis.glif","igrave.glif":"igrave.glif","infinity.glif":"infinity.glif","integral.glif":"integral.glif","integralbt.glif":"integralbt.glif","integraltp.glif":"integraltp.glif","intersection.glif":"intersection.glif","invbullet.glif":"invbullet.glif","invcircle.glif":"invcircle.glif","invsmileface.glif":"invsmileface.glif","j.glif":"j.glif","k.glif":"k.glif","l.glif":"l.glif","lacute.glif":"lacute.glif","lcaron.glif":"lcaron.glif","ldot.glif":"ldot.glif","less.glif":"less.glif","lessequal.glif":"lessequal.glif","lfblock.glif":"lfblock.glif","logicalnot.glif":"logicalnot.glif","lozenge.glif":"lozenge.glif","lslash.glif":"lslash.glif","ltshade.glif":"ltshade.glif","m.glif":"m.glif","macron.glif":"macron.glif","male.glif":"male.glif","middot.glif":"middot.glif","minus.glif":"minus.glif","mu.glif":"mu.glif","multiply.glif":"multiply.glif","musicalnote.glif":"musicalnote.glif","musicalnotedbl.glif":"musicalnotedbl.glif","n.glif":"n.glif","nacute.glif":"nacute.glif","ncaron.glif":"ncaron.glif","nine.glif":"nine.glif","notequal.glif":"notequal.glif","nsuperior.glif":"nsuperior.glif","ntilde.glif":"ntilde.glif","numbersign.glif":"numbersign.glif","o.glif":"o.glif","oacute.glif":"oacute.glif","ocircumflex.glif":"ocircumflex.glif","odblacute.glif":"odblacute.glif","odieresis.glif":"odieresis.glif","oe.glif":"oe.glif","ogonek.glif":"ogonek.glif","ograve.glif":"ograve.glif","one.glif":"one.glif","onehalf.glif":"onehalf.glif","onequarter.glif":"onequarter.glif","onesuperior.glif":"onesuperior.glif","ordfeminine.glif":"ordfeminine.glif","ordmasculine.glif":"ordmasculine.glif","orthogonal.glif":"orthogonal.glif","oslash.glif":"oslash.glif","otilde.glif":"otilde.glif","overstore.glif":"overstore.glif","p.glif":"p.glif","paragraph.glif":"paragraph.glif","parenleft.glif":"parenleft.glif","parenright.glif":"parenright.glif","partialdiff.glif":"partialdiff.glif","percent.glif":"percent.glif","period.glif":"period.glif","periodcentered.glif":"periodcentered.glif","perthousand.glif":"perthousand.glif","peseta.glif":"peseta.glif","phi.glif":"phi.glif","pi.glif":"pi.glif","plus.glif":"plus.glif","plusminus.glif":"plusminus.glif","product.glif":"product.glif","q.glif":"q.glif","question.glif":"question.glif","questiondown.glif":"questiondown.glif","quotedbl.glif":"quotedbl.glif","quotedblbase.glif":"quotedblbase.glif","quotedblleft.glif":"quotedblleft.glif","quotedblright.glif":"quotedblright.glif","quoteleft.glif":"quoteleft.glif","quoteright.glif":"quoteright.glif","quotesinglbase.glif":"quotesinglbase.glif","quotesingle.glif":"quotesingle.glif","r.glif":"r.glif","racute.glif":"racute.glif","radical.glif":"radical.glif","rcaron.glif":"rcaron.glif","registered.glif":"registered.glif","revlogicalnot.glif":"revlogicalnot.glif","ring.glif":"ring.glif","rtblock.glif":"rtblock.glif","s.glif":"s.glif","sacute.glif":"sacute.glif","scaron.glif":"scaron.glif","scedilla.glif":"scedilla.glif","section.glif":"section.glif","semicolon.glif":"semicolon.glif","seven.glif":"seven.glif","sfthyphen.glif":"sfthyphen.glif","shade.glif":"shade.glif","sigma.glif":"sigma.glif","six.glif":"six.glif","slash.glif":"slash.glif","smileface.glif":"smileface.glif","space.glif":"space.glif","spade.glif":"spade.glif","sterling.glif":"sterling.glif","summation.glif":"summation.glif","sun.glif":"sun.glif","t.glif":"t.glif","tau.glif":"tau.glif","tcaron.glif":"tcaron.glif","tcedilla.glif":"tcedilla.glif","thorn.glif":"thorn.glif","three.glif":"three.glif","threequarters.glif":"threequarters.glif","threesuperior.glif":"threesuperior.glif","tilde.glif":"tilde.glif","trademark.glif":"trademark.glif","triagdn.glif":"triagdn.glif","triaglf.glif":"triaglf.glif","triagrt.glif":"triagrt.glif","triagup.glif":"triagup.glif","two.glif":"two.glif","twosuperior.glif":"twosuperior.glif","u.glif":"u.glif","uacute.glif":"uacute.glif","ucircumflex.glif":"ucircumflex.glif","udblacute.glif":"udblacute.glif","udieresis.glif":"udieresis.glif","ugrave.glif":"ugrave.glif","underscore.glif":"underscore.glif","underscoredbl.glif":"underscoredbl.glif","upblock.glif":"upblock.glif","uring.glif":"uring.glif","v.glif":"v.glif","w.glif":"w.glif","x.glif":"x.glif","y.glif":"y.glif","yacute.glif":"yacute.glif","ydieresis.glif":"ydieresis.glif","yen.glif":"yen.glif","z.glif":"z.glif","zacute.glif":"zacute.glif","zcaron.glif":"zcaron.glif","zdot.glif":"zdot.glif","zero.glif":"zero.glif"}},"Font":{"uploaded":1482930196.7603,"licence":"gpl3","company":"Chronolabs Cooperative","title":"Milo","version":2.001,"date":"Sat Oct 15 02:25:22 2016","creator":"root","type":"1","matrix":"0.001 0 0 0.001 0 0","named":"Milo","painttype":"0","info":"10 dict dup","name":"Milo","family":"Milo","weight":"Book","fstype":"4","italicangle":"0","underlineposition":"","underlinethickness":""},"Table":{"FFTM":{"entryLength":16,"tag":"FFTM","checksum":1955263892,"offset":25792,"length":28},"GDEF":{"entryLength":16,"tag":"GDEF","checksum":29097988,"offset":25760,"length":32},"OS\/2":{"entryLength":16,"tag":"OS\/2","checksum":3355998530,"offset":344,"length":86},"cmap":{"entryLength":16,"tag":"cmap","checksum":4150414206,"offset":2028,"length":1136},"gasp":{"entryLength":16,"tag":"gasp","checksum":4294901763,"offset":25752,"length":8},"glyf":{"entryLength":16,"tag":"glyf","checksum":1715821002,"offset":3964,"length":19500},"head":{"entryLength":16,"tag":"head","checksum":192287732,"offset":220,"length":54},"hhea":{"entryLength":16,"tag":"hhea","checksum":107283508,"offset":276,"length":36},"hmtx":{"entryLength":16,"tag":"hmtx","checksum":1454899673,"offset":432,"length":1596},"loca":{"entryLength":16,"tag":"loca","checksum":2910831376,"offset":3164,"length":800},"maxp":{"entryLength":16,"tag":"maxp","checksum":30671254,"offset":312,"length":32},"name":{"entryLength":16,"tag":"name","checksum":1180034763,"offset":23464,"length":432},"post":{"entryLength":16,"tag":"post","checksum":316579886,"offset":23896,"length":1855}},"UnicodeCharMap":{"32":3,"33":4,"34":5,"35":6,"36":7,"37":8,"38":9,"39":10,"40":11,"41":12,"42":13,"43":14,"44":15,"45":16,"46":17,"47":18,"48":19,"49":20,"50":21,"51":22,"52":23,"53":24,"54":25,"55":26,"56":27,"57":28,"58":29,"59":30,"60":31,"61":32,"62":33,"63":34,"64":35,"65":36,"66":37,"67":38,"68":39,"69":40,"70":41,"71":42,"72":43,"73":44,"74":45,"75":46,"76":47,"77":48,"78":49,"79":50,"80":51,"81":52,"82":53,"83":54,"84":55,"85":56,"86":57,"87":58,"88":59,"89":60,"90":61,"91":62,"92":63,"93":64,"94":65,"95":66,"96":67,"97":68,"98":69,"99":70,"100":71,"101":72,"102":73,"103":74,"104":75,"105":76,"106":77,"107":78,"108":79,"109":80,"110":81,"111":82,"112":83,"113":84,"114":85,"115":86,"116":87,"117":88,"118":89,"119":90,"120":91,"121":92,"122":93,"123":94,"124":95,"125":96,"126":97,"161":98,"162":99,"163":100,"164":101,"165":102,"166":103,"167":104,"168":105,"169":106,"170":107,"171":108,"172":109,"173":110,"174":111,"175":235,"176":398,"177":114,"178":115,"179":116,"180":117,"182":119,"183":120,"184":121,"185":122,"186":123,"187":124,"188":125,"189":126,"190":127,"191":128,"192":129,"193":130,"194":131,"195":132,"196":133,"197":134,"198":135,"199":136,"200":137,"201":138,"202":139,"203":140,"204":141,"205":142,"206":143,"207":144,"208":145,"209":146,"210":147,"211":148,"212":149,"213":150,"214":151,"215":152,"216":153,"217":154,"218":155,"219":156,"220":157,"221":158,"222":159,"223":160,"224":161,"225":162,"226":163,"227":164,"228":165,"229":166,"230":167,"231":168,"232":169,"233":170,"234":171,"235":172,"236":173,"237":174,"238":175,"239":176,"240":177,"241":178,"242":179,"243":180,"244":181,"245":182,"246":183,"247":184,"248":185,"249":186,"250":187,"251":188,"252":189,"253":190,"254":191,"255":192,"258":318,"259":319,"260":320,"261":321,"262":255,"263":256,"268":257,"269":258,"270":322,"271":323,"272":324,"273":259,"280":325,"281":326,"282":327,"283":328,"286":250,"287":251,"304":252,"305":232,"313":329,"314":330,"317":331,"318":332,"319":356,"320":357,"321":242,"322":243,"323":333,"324":334,"327":335,"328":336,"336":337,"337":338,"338":211,"339":212,"340":339,"341":340,"344":298,"345":341,"346":342,"347":343,"350":253,"351":254,"352":244,"353":245,"354":344,"355":345,"356":346,"357":347,"366":348,"367":349,"368":350,"369":351,"376":220,"377":352,"378":353,"379":354,"380":355,"381":246,"382":247,"402":207,"710":233,"711":241,"728":236,"729":237,"730":238,"731":240,"732":234,"733":239,"915":269,"916":209,"920":270,"934":271,"937":205,"945":272,"948":273,"949":274,"956":118,"960":203,"963":275,"964":276,"966":277,"8211":262,"8212":214,"8215":265,"8216":217,"8217":218,"8218":228,"8220":215,"8221":216,"8222":229,"8224":193,"8225":226,"8226":264,"8230":210,"8240":230,"8249":222,"8250":223,"8252":266,"8260":221,"8319":267,"8355":249,"8359":268,"8482":195,"8592":278,"8593":279,"8594":260,"8595":280,"8596":281,"8597":282,"8706":200,"8719":202,"8721":201,"8722":248,"8730":206,"8734":197,"8735":284,"8745":285,"8747":204,"8776":208,"8800":196,"8801":286,"8804":198,"8805":199,"8962":261,"8976":287,"8992":288,"8993":289,"9600":299,"9604":300,"9608":301,"9612":302,"9616":303,"9617":304,"9618":305,"9619":306,"9632":263,"9644":290,"9650":292,"9658":293,"9660":294,"9668":295,"9674":219,"9675":291,"9688":296,"9689":297,"9786":307,"9787":308,"9788":309,"9792":310,"9794":311,"9824":312,"9827":313,"9829":314,"9830":315,"9834":316,"9835":317,"64257":224,"64258":225},"Reserves":null,"Names":[],"Nodes":{"mi":{"type":"typal","node":"mi","usage":1,"weight":1},"lo":{"type":"typal","node":"lo","usage":1,"weight":1},"mil":{"type":"typal","node":"mil","usage":1,"weight":1},"ilo":{"type":"typal","node":"ilo","usage":1,"weight":1},"milo":{"type":"fixes","node":"milo","usage":1,"weight":1}},"Contributors":[],"FontIdentity":"f48710dff8b4d9f0b3a0de4b8630c776","Bytes":2822382,"Networking":[],"barcode":"8ogyueqa4io4c","referee":"easia"}