{"CSS":{"SaintFrancis-Normal":"SaintFrancis-Normal.css"},"FontType":"TrueType","FontCopyright":"Converted by ALLTYPE","FontName":"SaintFrancis-Normal","FontSubfamily":"Normal","FontSubfamilyID":"FontForge 2.0 : SaintFrancis-Normal : 28-10-2016","FontFullName":"Saint Francis Normal","FontVersion":"Version Converted from C:WIN ","FontWeight":null,"FontPostscriptName":"SaintFrancis-Normal","Files":{"\/fonts\/Unpacking\/955ed5981911c1016d544a6177a13e79a7c61dca\/LICENCE":"\/fonts\/Unpacking\/955ed5981911c1016d544a6177a13e79a7c61dca\/LICENCE","\/fonts\/Unpacking\/955ed5981911c1016d544a6177a13e79a7c61dca\/saintfra.afm":"\/fonts\/Unpacking\/955ed5981911c1016d544a6177a13e79a7c61dca\/saintfra.afm","\/fonts\/Unpacking\/955ed5981911c1016d544a6177a13e79a7c61dca\/saintfra.bin":"\/fonts\/Unpacking\/955ed5981911c1016d544a6177a13e79a7c61dca\/saintfra.bin","\/fonts\/Unpacking\/955ed5981911c1016d544a6177a13e79a7c61dca\/saintfra.cef":"\/fonts\/Unpacking\/955ed5981911c1016d544a6177a13e79a7c61dca\/saintfra.cef","\/fonts\/Unpacking\/955ed5981911c1016d544a6177a13e79a7c61dca\/saintfra.cff":"\/fonts\/Unpacking\/955ed5981911c1016d544a6177a13e79a7c61dca\/saintfra.cff","\/fonts\/Unpacking\/955ed5981911c1016d544a6177a13e79a7c61dca\/saintfra.cid":"\/fonts\/Unpacking\/955ed5981911c1016d544a6177a13e79a7c61dca\/saintfra.cid","\/fonts\/Unpacking\/955ed5981911c1016d544a6177a13e79a7c61dca\/saintfra.dfont":"\/fonts\/Unpacking\/955ed5981911c1016d544a6177a13e79a7c61dca\/saintfra.dfont","\/fonts\/Unpacking\/955ed5981911c1016d544a6177a13e79a7c61dca\/saintfra.eot":"\/fonts\/Unpacking\/955ed5981911c1016d544a6177a13e79a7c61dca\/saintfra.eot","\/fonts\/Unpacking\/955ed5981911c1016d544a6177a13e79a7c61dca\/saintfra.fon":"\/fonts\/Unpacking\/955ed5981911c1016d544a6177a13e79a7c61dca\/saintfra.fon","\/fonts\/Unpacking\/955ed5981911c1016d544a6177a13e79a7c61dca\/saintfra.gai":"\/fonts\/Unpacking\/955ed5981911c1016d544a6177a13e79a7c61dca\/saintfra.gai","\/fonts\/Unpacking\/955ed5981911c1016d544a6177a13e79a7c61dca\/saintfra.gsf":"\/fonts\/Unpacking\/955ed5981911c1016d544a6177a13e79a7c61dca\/saintfra.gsf","\/fonts\/Unpacking\/955ed5981911c1016d544a6177a13e79a7c61dca\/saintfra.hqx":"\/fonts\/Unpacking\/955ed5981911c1016d544a6177a13e79a7c61dca\/saintfra.hqx","\/fonts\/Unpacking\/955ed5981911c1016d544a6177a13e79a7c61dca\/saintfra.ik":"\/fonts\/Unpacking\/955ed5981911c1016d544a6177a13e79a7c61dca\/saintfra.ik","\/fonts\/Unpacking\/955ed5981911c1016d544a6177a13e79a7c61dca\/saintfra.mf":"\/fonts\/Unpacking\/955ed5981911c1016d544a6177a13e79a7c61dca\/saintfra.mf","\/fonts\/Unpacking\/955ed5981911c1016d544a6177a13e79a7c61dca\/saintfra.otf":"\/fonts\/Unpacking\/955ed5981911c1016d544a6177a13e79a7c61dca\/saintfra.otf","\/fonts\/Unpacking\/955ed5981911c1016d544a6177a13e79a7c61dca\/saintfra.pcf":"\/fonts\/Unpacking\/955ed5981911c1016d544a6177a13e79a7c61dca\/saintfra.pcf","\/fonts\/Unpacking\/955ed5981911c1016d544a6177a13e79a7c61dca\/saintfra.pf3":"\/fonts\/Unpacking\/955ed5981911c1016d544a6177a13e79a7c61dca\/saintfra.pf3","\/fonts\/Unpacking\/955ed5981911c1016d544a6177a13e79a7c61dca\/saintfra.pfa":"\/fonts\/Unpacking\/955ed5981911c1016d544a6177a13e79a7c61dca\/saintfra.pfa","\/fonts\/Unpacking\/955ed5981911c1016d544a6177a13e79a7c61dca\/saintfra.pfb":"\/fonts\/Unpacking\/955ed5981911c1016d544a6177a13e79a7c61dca\/saintfra.pfb","\/fonts\/Unpacking\/955ed5981911c1016d544a6177a13e79a7c61dca\/saintfra.php":"\/fonts\/Unpacking\/955ed5981911c1016d544a6177a13e79a7c61dca\/saintfra.php","\/fonts\/Unpacking\/955ed5981911c1016d544a6177a13e79a7c61dca\/saintfra.pmf":"\/fonts\/Unpacking\/955ed5981911c1016d544a6177a13e79a7c61dca\/saintfra.pmf","\/fonts\/Unpacking\/955ed5981911c1016d544a6177a13e79a7c61dca\/saintfra.pt3":"\/fonts\/Unpacking\/955ed5981911c1016d544a6177a13e79a7c61dca\/saintfra.pt3","\/fonts\/Unpacking\/955ed5981911c1016d544a6177a13e79a7c61dca\/saintfra.sfd":"\/fonts\/Unpacking\/955ed5981911c1016d544a6177a13e79a7c61dca\/saintfra.sfd","\/fonts\/Unpacking\/955ed5981911c1016d544a6177a13e79a7c61dca\/saintfra.svg":"\/fonts\/Unpacking\/955ed5981911c1016d544a6177a13e79a7c61dca\/saintfra.svg","\/fonts\/Unpacking\/955ed5981911c1016d544a6177a13e79a7c61dca\/saintfra.t42":"\/fonts\/Unpacking\/955ed5981911c1016d544a6177a13e79a7c61dca\/saintfra.t42","\/fonts\/Unpacking\/955ed5981911c1016d544a6177a13e79a7c61dca\/saintfra.ttd":"\/fonts\/Unpacking\/955ed5981911c1016d544a6177a13e79a7c61dca\/saintfra.ttd","\/fonts\/Unpacking\/955ed5981911c1016d544a6177a13e79a7c61dca\/saintfra.ttf":"\/fonts\/Unpacking\/955ed5981911c1016d544a6177a13e79a7c61dca\/saintfra.ttf","\/fonts\/Unpacking\/955ed5981911c1016d544a6177a13e79a7c61dca\/saintfra.ttg":"\/fonts\/Unpacking\/955ed5981911c1016d544a6177a13e79a7c61dca\/saintfra.ttg","\/fonts\/Unpacking\/955ed5981911c1016d544a6177a13e79a7c61dca\/saintfra.ufm":"\/fonts\/Unpacking\/955ed5981911c1016d544a6177a13e79a7c61dca\/saintfra.ufm","\/fonts\/Unpacking\/955ed5981911c1016d544a6177a13e79a7c61dca\/saintfra.woff":"\/fonts\/Unpacking\/955ed5981911c1016d544a6177a13e79a7c61dca\/saintfra.woff","\/fonts\/Unpacking\/955ed5981911c1016d544a6177a13e79a7c61dca\/saintfra.z":"\/fonts\/Unpacking\/955ed5981911c1016d544a6177a13e79a7c61dca\/saintfra.z","\/fonts\/Unpacking\/955ed5981911c1016d544a6177a13e79a7c61dca\/saintfra.ufo\/feature.fea":"\/fonts\/Unpacking\/955ed5981911c1016d544a6177a13e79a7c61dca\/saintfra.ufo\/feature.fea","\/fonts\/Unpacking\/955ed5981911c1016d544a6177a13e79a7c61dca\/saintfra.ufo\/fontinfo.plist":"\/fonts\/Unpacking\/955ed5981911c1016d544a6177a13e79a7c61dca\/saintfra.ufo\/fontinfo.plist","\/fonts\/Unpacking\/955ed5981911c1016d544a6177a13e79a7c61dca\/saintfra.ufo\/groups.plist":"\/fonts\/Unpacking\/955ed5981911c1016d544a6177a13e79a7c61dca\/saintfra.ufo\/groups.plist","\/fonts\/Unpacking\/955ed5981911c1016d544a6177a13e79a7c61dca\/saintfra.ufo\/kerning.plist":"\/fonts\/Unpacking\/955ed5981911c1016d544a6177a13e79a7c61dca\/saintfra.ufo\/kerning.plist","\/fonts\/Unpacking\/955ed5981911c1016d544a6177a13e79a7c61dca\/saintfra.ufo\/metainfo.plist":"\/fonts\/Unpacking\/955ed5981911c1016d544a6177a13e79a7c61dca\/saintfra.ufo\/metainfo.plist","\/fonts\/Unpacking\/955ed5981911c1016d544a6177a13e79a7c61dca\/saintfra.ufo\/glyphs\/A_.glif":"\/fonts\/Unpacking\/955ed5981911c1016d544a6177a13e79a7c61dca\/saintfra.ufo\/glyphs\/A_.glif","\/fonts\/Unpacking\/955ed5981911c1016d544a6177a13e79a7c61dca\/saintfra.ufo\/glyphs\/A_E_.glif":"\/fonts\/Unpacking\/955ed5981911c1016d544a6177a13e79a7c61dca\/saintfra.ufo\/glyphs\/A_E_.glif","\/fonts\/Unpacking\/955ed5981911c1016d544a6177a13e79a7c61dca\/saintfra.ufo\/glyphs\/A_acute.glif":"\/fonts\/Unpacking\/955ed5981911c1016d544a6177a13e79a7c61dca\/saintfra.ufo\/glyphs\/A_acute.glif","\/fonts\/Unpacking\/955ed5981911c1016d544a6177a13e79a7c61dca\/saintfra.ufo\/glyphs\/A_breve.glif":"\/fonts\/Unpacking\/955ed5981911c1016d544a6177a13e79a7c61dca\/saintfra.ufo\/glyphs\/A_breve.glif","\/fonts\/Unpacking\/955ed5981911c1016d544a6177a13e79a7c61dca\/saintfra.ufo\/glyphs\/A_circumflex.glif":"\/fonts\/Unpacking\/955ed5981911c1016d544a6177a13e79a7c61dca\/saintfra.ufo\/glyphs\/A_circumflex.glif","\/fonts\/Unpacking\/955ed5981911c1016d544a6177a13e79a7c61dca\/saintfra.ufo\/glyphs\/A_dieresis.glif":"\/fonts\/Unpacking\/955ed5981911c1016d544a6177a13e79a7c61dca\/saintfra.ufo\/glyphs\/A_dieresis.glif","\/fonts\/Unpacking\/955ed5981911c1016d544a6177a13e79a7c61dca\/saintfra.ufo\/glyphs\/A_grave.glif":"\/fonts\/Unpacking\/955ed5981911c1016d544a6177a13e79a7c61dca\/saintfra.ufo\/glyphs\/A_grave.glif","\/fonts\/Unpacking\/955ed5981911c1016d544a6177a13e79a7c61dca\/saintfra.ufo\/glyphs\/A_ogonek.glif":"\/fonts\/Unpacking\/955ed5981911c1016d544a6177a13e79a7c61dca\/saintfra.ufo\/glyphs\/A_ogonek.glif","\/fonts\/Unpacking\/955ed5981911c1016d544a6177a13e79a7c61dca\/saintfra.ufo\/glyphs\/A_ring.glif":"\/fonts\/Unpacking\/955ed5981911c1016d544a6177a13e79a7c61dca\/saintfra.ufo\/glyphs\/A_ring.glif","\/fonts\/Unpacking\/955ed5981911c1016d544a6177a13e79a7c61dca\/saintfra.ufo\/glyphs\/A_tilde.glif":"\/fonts\/Unpacking\/955ed5981911c1016d544a6177a13e79a7c61dca\/saintfra.ufo\/glyphs\/A_tilde.glif","\/fonts\/Unpacking\/955ed5981911c1016d544a6177a13e79a7c61dca\/saintfra.ufo\/glyphs\/B_.glif":"\/fonts\/Unpacking\/955ed5981911c1016d544a6177a13e79a7c61dca\/saintfra.ufo\/glyphs\/B_.glif","\/fonts\/Unpacking\/955ed5981911c1016d544a6177a13e79a7c61dca\/saintfra.ufo\/glyphs\/C_.glif":"\/fonts\/Unpacking\/955ed5981911c1016d544a6177a13e79a7c61dca\/saintfra.ufo\/glyphs\/C_.glif","\/fonts\/Unpacking\/955ed5981911c1016d544a6177a13e79a7c61dca\/saintfra.ufo\/glyphs\/C_acute.glif":"\/fonts\/Unpacking\/955ed5981911c1016d544a6177a13e79a7c61dca\/saintfra.ufo\/glyphs\/C_acute.glif","\/fonts\/Unpacking\/955ed5981911c1016d544a6177a13e79a7c61dca\/saintfra.ufo\/glyphs\/C_caron.glif":"\/fonts\/Unpacking\/955ed5981911c1016d544a6177a13e79a7c61dca\/saintfra.ufo\/glyphs\/C_caron.glif","\/fonts\/Unpacking\/955ed5981911c1016d544a6177a13e79a7c61dca\/saintfra.ufo\/glyphs\/C_cedilla.glif":"\/fonts\/Unpacking\/955ed5981911c1016d544a6177a13e79a7c61dca\/saintfra.ufo\/glyphs\/C_cedilla.glif","\/fonts\/Unpacking\/955ed5981911c1016d544a6177a13e79a7c61dca\/saintfra.ufo\/glyphs\/D_.glif":"\/fonts\/Unpacking\/955ed5981911c1016d544a6177a13e79a7c61dca\/saintfra.ufo\/glyphs\/D_.glif","\/fonts\/Unpacking\/955ed5981911c1016d544a6177a13e79a7c61dca\/saintfra.ufo\/glyphs\/D_caron.glif":"\/fonts\/Unpacking\/955ed5981911c1016d544a6177a13e79a7c61dca\/saintfra.ufo\/glyphs\/D_caron.glif","\/fonts\/Unpacking\/955ed5981911c1016d544a6177a13e79a7c61dca\/saintfra.ufo\/glyphs\/D_croat.glif":"\/fonts\/Unpacking\/955ed5981911c1016d544a6177a13e79a7c61dca\/saintfra.ufo\/glyphs\/D_croat.glif","\/fonts\/Unpacking\/955ed5981911c1016d544a6177a13e79a7c61dca\/saintfra.ufo\/glyphs\/E_.glif":"\/fonts\/Unpacking\/955ed5981911c1016d544a6177a13e79a7c61dca\/saintfra.ufo\/glyphs\/E_.glif","\/fonts\/Unpacking\/955ed5981911c1016d544a6177a13e79a7c61dca\/saintfra.ufo\/glyphs\/E_acute.glif":"\/fonts\/Unpacking\/955ed5981911c1016d544a6177a13e79a7c61dca\/saintfra.ufo\/glyphs\/E_acute.glif","\/fonts\/Unpacking\/955ed5981911c1016d544a6177a13e79a7c61dca\/saintfra.ufo\/glyphs\/E_caron.glif":"\/fonts\/Unpacking\/955ed5981911c1016d544a6177a13e79a7c61dca\/saintfra.ufo\/glyphs\/E_caron.glif","\/fonts\/Unpacking\/955ed5981911c1016d544a6177a13e79a7c61dca\/saintfra.ufo\/glyphs\/E_circumflex.glif":"\/fonts\/Unpacking\/955ed5981911c1016d544a6177a13e79a7c61dca\/saintfra.ufo\/glyphs\/E_circumflex.glif","\/fonts\/Unpacking\/955ed5981911c1016d544a6177a13e79a7c61dca\/saintfra.ufo\/glyphs\/E_dieresis.glif":"\/fonts\/Unpacking\/955ed5981911c1016d544a6177a13e79a7c61dca\/saintfra.ufo\/glyphs\/E_dieresis.glif","\/fonts\/Unpacking\/955ed5981911c1016d544a6177a13e79a7c61dca\/saintfra.ufo\/glyphs\/E_grave.glif":"\/fonts\/Unpacking\/955ed5981911c1016d544a6177a13e79a7c61dca\/saintfra.ufo\/glyphs\/E_grave.glif","\/fonts\/Unpacking\/955ed5981911c1016d544a6177a13e79a7c61dca\/saintfra.ufo\/glyphs\/E_ogonek.glif":"\/fonts\/Unpacking\/955ed5981911c1016d544a6177a13e79a7c61dca\/saintfra.ufo\/glyphs\/E_ogonek.glif","\/fonts\/Unpacking\/955ed5981911c1016d544a6177a13e79a7c61dca\/saintfra.ufo\/glyphs\/E_th.glif":"\/fonts\/Unpacking\/955ed5981911c1016d544a6177a13e79a7c61dca\/saintfra.ufo\/glyphs\/E_th.glif","\/fonts\/Unpacking\/955ed5981911c1016d544a6177a13e79a7c61dca\/saintfra.ufo\/glyphs\/F_.glif":"\/fonts\/Unpacking\/955ed5981911c1016d544a6177a13e79a7c61dca\/saintfra.ufo\/glyphs\/F_.glif","\/fonts\/Unpacking\/955ed5981911c1016d544a6177a13e79a7c61dca\/saintfra.ufo\/glyphs\/G_.glif":"\/fonts\/Unpacking\/955ed5981911c1016d544a6177a13e79a7c61dca\/saintfra.ufo\/glyphs\/G_.glif","\/fonts\/Unpacking\/955ed5981911c1016d544a6177a13e79a7c61dca\/saintfra.ufo\/glyphs\/G_amma.glif":"\/fonts\/Unpacking\/955ed5981911c1016d544a6177a13e79a7c61dca\/saintfra.ufo\/glyphs\/G_amma.glif","\/fonts\/Unpacking\/955ed5981911c1016d544a6177a13e79a7c61dca\/saintfra.ufo\/glyphs\/G_breve.glif":"\/fonts\/Unpacking\/955ed5981911c1016d544a6177a13e79a7c61dca\/saintfra.ufo\/glyphs\/G_breve.glif","\/fonts\/Unpacking\/955ed5981911c1016d544a6177a13e79a7c61dca\/saintfra.ufo\/glyphs\/H_.glif":"\/fonts\/Unpacking\/955ed5981911c1016d544a6177a13e79a7c61dca\/saintfra.ufo\/glyphs\/H_.glif","\/fonts\/Unpacking\/955ed5981911c1016d544a6177a13e79a7c61dca\/saintfra.ufo\/glyphs\/I_.glif":"\/fonts\/Unpacking\/955ed5981911c1016d544a6177a13e79a7c61dca\/saintfra.ufo\/glyphs\/I_.glif","\/fonts\/Unpacking\/955ed5981911c1016d544a6177a13e79a7c61dca\/saintfra.ufo\/glyphs\/I_acute.glif":"\/fonts\/Unpacking\/955ed5981911c1016d544a6177a13e79a7c61dca\/saintfra.ufo\/glyphs\/I_acute.glif","\/fonts\/Unpacking\/955ed5981911c1016d544a6177a13e79a7c61dca\/saintfra.ufo\/glyphs\/I_circumflex.glif":"\/fonts\/Unpacking\/955ed5981911c1016d544a6177a13e79a7c61dca\/saintfra.ufo\/glyphs\/I_circumflex.glif","\/fonts\/Unpacking\/955ed5981911c1016d544a6177a13e79a7c61dca\/saintfra.ufo\/glyphs\/I_dieresis.glif":"\/fonts\/Unpacking\/955ed5981911c1016d544a6177a13e79a7c61dca\/saintfra.ufo\/glyphs\/I_dieresis.glif","\/fonts\/Unpacking\/955ed5981911c1016d544a6177a13e79a7c61dca\/saintfra.ufo\/glyphs\/I_dotaccent.glif":"\/fonts\/Unpacking\/955ed5981911c1016d544a6177a13e79a7c61dca\/saintfra.ufo\/glyphs\/I_dotaccent.glif","\/fonts\/Unpacking\/955ed5981911c1016d544a6177a13e79a7c61dca\/saintfra.ufo\/glyphs\/I_grave.glif":"\/fonts\/Unpacking\/955ed5981911c1016d544a6177a13e79a7c61dca\/saintfra.ufo\/glyphs\/I_grave.glif","\/fonts\/Unpacking\/955ed5981911c1016d544a6177a13e79a7c61dca\/saintfra.ufo\/glyphs\/J_.glif":"\/fonts\/Unpacking\/955ed5981911c1016d544a6177a13e79a7c61dca\/saintfra.ufo\/glyphs\/J_.glif","\/fonts\/Unpacking\/955ed5981911c1016d544a6177a13e79a7c61dca\/saintfra.ufo\/glyphs\/K_.glif":"\/fonts\/Unpacking\/955ed5981911c1016d544a6177a13e79a7c61dca\/saintfra.ufo\/glyphs\/K_.glif","\/fonts\/Unpacking\/955ed5981911c1016d544a6177a13e79a7c61dca\/saintfra.ufo\/glyphs\/L_.glif":"\/fonts\/Unpacking\/955ed5981911c1016d544a6177a13e79a7c61dca\/saintfra.ufo\/glyphs\/L_.glif","\/fonts\/Unpacking\/955ed5981911c1016d544a6177a13e79a7c61dca\/saintfra.ufo\/glyphs\/L_acute.glif":"\/fonts\/Unpacking\/955ed5981911c1016d544a6177a13e79a7c61dca\/saintfra.ufo\/glyphs\/L_acute.glif","\/fonts\/Unpacking\/955ed5981911c1016d544a6177a13e79a7c61dca\/saintfra.ufo\/glyphs\/L_caron.glif":"\/fonts\/Unpacking\/955ed5981911c1016d544a6177a13e79a7c61dca\/saintfra.ufo\/glyphs\/L_caron.glif","\/fonts\/Unpacking\/955ed5981911c1016d544a6177a13e79a7c61dca\/saintfra.ufo\/glyphs\/L_dot.glif":"\/fonts\/Unpacking\/955ed5981911c1016d544a6177a13e79a7c61dca\/saintfra.ufo\/glyphs\/L_dot.glif","\/fonts\/Unpacking\/955ed5981911c1016d544a6177a13e79a7c61dca\/saintfra.ufo\/glyphs\/L_slash.glif":"\/fonts\/Unpacking\/955ed5981911c1016d544a6177a13e79a7c61dca\/saintfra.ufo\/glyphs\/L_slash.glif","\/fonts\/Unpacking\/955ed5981911c1016d544a6177a13e79a7c61dca\/saintfra.ufo\/glyphs\/M_.glif":"\/fonts\/Unpacking\/955ed5981911c1016d544a6177a13e79a7c61dca\/saintfra.ufo\/glyphs\/M_.glif","\/fonts\/Unpacking\/955ed5981911c1016d544a6177a13e79a7c61dca\/saintfra.ufo\/glyphs\/N_.glif":"\/fonts\/Unpacking\/955ed5981911c1016d544a6177a13e79a7c61dca\/saintfra.ufo\/glyphs\/N_.glif","\/fonts\/Unpacking\/955ed5981911c1016d544a6177a13e79a7c61dca\/saintfra.ufo\/glyphs\/N_acute.glif":"\/fonts\/Unpacking\/955ed5981911c1016d544a6177a13e79a7c61dca\/saintfra.ufo\/glyphs\/N_acute.glif","\/fonts\/Unpacking\/955ed5981911c1016d544a6177a13e79a7c61dca\/saintfra.ufo\/glyphs\/N_caron.glif":"\/fonts\/Unpacking\/955ed5981911c1016d544a6177a13e79a7c61dca\/saintfra.ufo\/glyphs\/N_caron.glif","\/fonts\/Unpacking\/955ed5981911c1016d544a6177a13e79a7c61dca\/saintfra.ufo\/glyphs\/N_tilde.glif":"\/fonts\/Unpacking\/955ed5981911c1016d544a6177a13e79a7c61dca\/saintfra.ufo\/glyphs\/N_tilde.glif","\/fonts\/Unpacking\/955ed5981911c1016d544a6177a13e79a7c61dca\/saintfra.ufo\/glyphs\/O_.glif":"\/fonts\/Unpacking\/955ed5981911c1016d544a6177a13e79a7c61dca\/saintfra.ufo\/glyphs\/O_.glif","\/fonts\/Unpacking\/955ed5981911c1016d544a6177a13e79a7c61dca\/saintfra.ufo\/glyphs\/O_E_.glif":"\/fonts\/Unpacking\/955ed5981911c1016d544a6177a13e79a7c61dca\/saintfra.ufo\/glyphs\/O_E_.glif","\/fonts\/Unpacking\/955ed5981911c1016d544a6177a13e79a7c61dca\/saintfra.ufo\/glyphs\/O_acute.glif":"\/fonts\/Unpacking\/955ed5981911c1016d544a6177a13e79a7c61dca\/saintfra.ufo\/glyphs\/O_acute.glif","\/fonts\/Unpacking\/955ed5981911c1016d544a6177a13e79a7c61dca\/saintfra.ufo\/glyphs\/O_circumflex.glif":"\/fonts\/Unpacking\/955ed5981911c1016d544a6177a13e79a7c61dca\/saintfra.ufo\/glyphs\/O_circumflex.glif","\/fonts\/Unpacking\/955ed5981911c1016d544a6177a13e79a7c61dca\/saintfra.ufo\/glyphs\/O_dieresis.glif":"\/fonts\/Unpacking\/955ed5981911c1016d544a6177a13e79a7c61dca\/saintfra.ufo\/glyphs\/O_dieresis.glif","\/fonts\/Unpacking\/955ed5981911c1016d544a6177a13e79a7c61dca\/saintfra.ufo\/glyphs\/O_grave.glif":"\/fonts\/Unpacking\/955ed5981911c1016d544a6177a13e79a7c61dca\/saintfra.ufo\/glyphs\/O_grave.glif","\/fonts\/Unpacking\/955ed5981911c1016d544a6177a13e79a7c61dca\/saintfra.ufo\/glyphs\/O_hungarumlaut.glif":"\/fonts\/Unpacking\/955ed5981911c1016d544a6177a13e79a7c61dca\/saintfra.ufo\/glyphs\/O_hungarumlaut.glif","\/fonts\/Unpacking\/955ed5981911c1016d544a6177a13e79a7c61dca\/saintfra.ufo\/glyphs\/O_slash.glif":"\/fonts\/Unpacking\/955ed5981911c1016d544a6177a13e79a7c61dca\/saintfra.ufo\/glyphs\/O_slash.glif","\/fonts\/Unpacking\/955ed5981911c1016d544a6177a13e79a7c61dca\/saintfra.ufo\/glyphs\/O_tilde.glif":"\/fonts\/Unpacking\/955ed5981911c1016d544a6177a13e79a7c61dca\/saintfra.ufo\/glyphs\/O_tilde.glif","\/fonts\/Unpacking\/955ed5981911c1016d544a6177a13e79a7c61dca\/saintfra.ufo\/glyphs\/P_.glif":"\/fonts\/Unpacking\/955ed5981911c1016d544a6177a13e79a7c61dca\/saintfra.ufo\/glyphs\/P_.glif","\/fonts\/Unpacking\/955ed5981911c1016d544a6177a13e79a7c61dca\/saintfra.ufo\/glyphs\/P_hi.glif":"\/fonts\/Unpacking\/955ed5981911c1016d544a6177a13e79a7c61dca\/saintfra.ufo\/glyphs\/P_hi.glif","\/fonts\/Unpacking\/955ed5981911c1016d544a6177a13e79a7c61dca\/saintfra.ufo\/glyphs\/Q_.glif":"\/fonts\/Unpacking\/955ed5981911c1016d544a6177a13e79a7c61dca\/saintfra.ufo\/glyphs\/Q_.glif","\/fonts\/Unpacking\/955ed5981911c1016d544a6177a13e79a7c61dca\/saintfra.ufo\/glyphs\/R_.glif":"\/fonts\/Unpacking\/955ed5981911c1016d544a6177a13e79a7c61dca\/saintfra.ufo\/glyphs\/R_.glif","\/fonts\/Unpacking\/955ed5981911c1016d544a6177a13e79a7c61dca\/saintfra.ufo\/glyphs\/R_acute.glif":"\/fonts\/Unpacking\/955ed5981911c1016d544a6177a13e79a7c61dca\/saintfra.ufo\/glyphs\/R_acute.glif","\/fonts\/Unpacking\/955ed5981911c1016d544a6177a13e79a7c61dca\/saintfra.ufo\/glyphs\/R_caron.glif":"\/fonts\/Unpacking\/955ed5981911c1016d544a6177a13e79a7c61dca\/saintfra.ufo\/glyphs\/R_caron.glif","\/fonts\/Unpacking\/955ed5981911c1016d544a6177a13e79a7c61dca\/saintfra.ufo\/glyphs\/S_.glif":"\/fonts\/Unpacking\/955ed5981911c1016d544a6177a13e79a7c61dca\/saintfra.ufo\/glyphs\/S_.glif","\/fonts\/Unpacking\/955ed5981911c1016d544a6177a13e79a7c61dca\/saintfra.ufo\/glyphs\/S_F_010000.glif":"\/fonts\/Unpacking\/955ed5981911c1016d544a6177a13e79a7c61dca\/saintfra.ufo\/glyphs\/S_F_010000.glif","\/fonts\/Unpacking\/955ed5981911c1016d544a6177a13e79a7c61dca\/saintfra.ufo\/glyphs\/S_F_020000.glif":"\/fonts\/Unpacking\/955ed5981911c1016d544a6177a13e79a7c61dca\/saintfra.ufo\/glyphs\/S_F_020000.glif","\/fonts\/Unpacking\/955ed5981911c1016d544a6177a13e79a7c61dca\/saintfra.ufo\/glyphs\/S_F_030000.glif":"\/fonts\/Unpacking\/955ed5981911c1016d544a6177a13e79a7c61dca\/saintfra.ufo\/glyphs\/S_F_030000.glif","\/fonts\/Unpacking\/955ed5981911c1016d544a6177a13e79a7c61dca\/saintfra.ufo\/glyphs\/S_F_040000.glif":"\/fonts\/Unpacking\/955ed5981911c1016d544a6177a13e79a7c61dca\/saintfra.ufo\/glyphs\/S_F_040000.glif","\/fonts\/Unpacking\/955ed5981911c1016d544a6177a13e79a7c61dca\/saintfra.ufo\/glyphs\/S_F_050000.glif":"\/fonts\/Unpacking\/955ed5981911c1016d544a6177a13e79a7c61dca\/saintfra.ufo\/glyphs\/S_F_050000.glif","\/fonts\/Unpacking\/955ed5981911c1016d544a6177a13e79a7c61dca\/saintfra.ufo\/glyphs\/S_F_060000.glif":"\/fonts\/Unpacking\/955ed5981911c1016d544a6177a13e79a7c61dca\/saintfra.ufo\/glyphs\/S_F_060000.glif","\/fonts\/Unpacking\/955ed5981911c1016d544a6177a13e79a7c61dca\/saintfra.ufo\/glyphs\/S_F_070000.glif":"\/fonts\/Unpacking\/955ed5981911c1016d544a6177a13e79a7c61dca\/saintfra.ufo\/glyphs\/S_F_070000.glif","\/fonts\/Unpacking\/955ed5981911c1016d544a6177a13e79a7c61dca\/saintfra.ufo\/glyphs\/S_F_080000.glif":"\/fonts\/Unpacking\/955ed5981911c1016d544a6177a13e79a7c61dca\/saintfra.ufo\/glyphs\/S_F_080000.glif","\/fonts\/Unpacking\/955ed5981911c1016d544a6177a13e79a7c61dca\/saintfra.ufo\/glyphs\/S_F_090000.glif":"\/fonts\/Unpacking\/955ed5981911c1016d544a6177a13e79a7c61dca\/saintfra.ufo\/glyphs\/S_F_090000.glif","\/fonts\/Unpacking\/955ed5981911c1016d544a6177a13e79a7c61dca\/saintfra.ufo\/glyphs\/S_F_100000.glif":"\/fonts\/Unpacking\/955ed5981911c1016d544a6177a13e79a7c61dca\/saintfra.ufo\/glyphs\/S_F_100000.glif","\/fonts\/Unpacking\/955ed5981911c1016d544a6177a13e79a7c61dca\/saintfra.ufo\/glyphs\/S_F_110000.glif":"\/fonts\/Unpacking\/955ed5981911c1016d544a6177a13e79a7c61dca\/saintfra.ufo\/glyphs\/S_F_110000.glif","\/fonts\/Unpacking\/955ed5981911c1016d544a6177a13e79a7c61dca\/saintfra.ufo\/glyphs\/S_F_190000.glif":"\/fonts\/Unpacking\/955ed5981911c1016d544a6177a13e79a7c61dca\/saintfra.ufo\/glyphs\/S_F_190000.glif","\/fonts\/Unpacking\/955ed5981911c1016d544a6177a13e79a7c61dca\/saintfra.ufo\/glyphs\/S_F_200000.glif":"\/fonts\/Unpacking\/955ed5981911c1016d544a6177a13e79a7c61dca\/saintfra.ufo\/glyphs\/S_F_200000.glif","\/fonts\/Unpacking\/955ed5981911c1016d544a6177a13e79a7c61dca\/saintfra.ufo\/glyphs\/S_F_210000.glif":"\/fonts\/Unpacking\/955ed5981911c1016d544a6177a13e79a7c61dca\/saintfra.ufo\/glyphs\/S_F_210000.glif","\/fonts\/Unpacking\/955ed5981911c1016d544a6177a13e79a7c61dca\/saintfra.ufo\/glyphs\/S_F_220000.glif":"\/fonts\/Unpacking\/955ed5981911c1016d544a6177a13e79a7c61dca\/saintfra.ufo\/glyphs\/S_F_220000.glif","\/fonts\/Unpacking\/955ed5981911c1016d544a6177a13e79a7c61dca\/saintfra.ufo\/glyphs\/S_F_230000.glif":"\/fonts\/Unpacking\/955ed5981911c1016d544a6177a13e79a7c61dca\/saintfra.ufo\/glyphs\/S_F_230000.glif","\/fonts\/Unpacking\/955ed5981911c1016d544a6177a13e79a7c61dca\/saintfra.ufo\/glyphs\/S_F_240000.glif":"\/fonts\/Unpacking\/955ed5981911c1016d544a6177a13e79a7c61dca\/saintfra.ufo\/glyphs\/S_F_240000.glif","\/fonts\/Unpacking\/955ed5981911c1016d544a6177a13e79a7c61dca\/saintfra.ufo\/glyphs\/S_F_250000.glif":"\/fonts\/Unpacking\/955ed5981911c1016d544a6177a13e79a7c61dca\/saintfra.ufo\/glyphs\/S_F_250000.glif","\/fonts\/Unpacking\/955ed5981911c1016d544a6177a13e79a7c61dca\/saintfra.ufo\/glyphs\/S_F_260000.glif":"\/fonts\/Unpacking\/955ed5981911c1016d544a6177a13e79a7c61dca\/saintfra.ufo\/glyphs\/S_F_260000.glif","\/fonts\/Unpacking\/955ed5981911c1016d544a6177a13e79a7c61dca\/saintfra.ufo\/glyphs\/S_F_270000.glif":"\/fonts\/Unpacking\/955ed5981911c1016d544a6177a13e79a7c61dca\/saintfra.ufo\/glyphs\/S_F_270000.glif","\/fonts\/Unpacking\/955ed5981911c1016d544a6177a13e79a7c61dca\/saintfra.ufo\/glyphs\/S_F_280000.glif":"\/fonts\/Unpacking\/955ed5981911c1016d544a6177a13e79a7c61dca\/saintfra.ufo\/glyphs\/S_F_280000.glif","\/fonts\/Unpacking\/955ed5981911c1016d544a6177a13e79a7c61dca\/saintfra.ufo\/glyphs\/S_F_360000.glif":"\/fonts\/Unpacking\/955ed5981911c1016d544a6177a13e79a7c61dca\/saintfra.ufo\/glyphs\/S_F_360000.glif","\/fonts\/Unpacking\/955ed5981911c1016d544a6177a13e79a7c61dca\/saintfra.ufo\/glyphs\/S_F_370000.glif":"\/fonts\/Unpacking\/955ed5981911c1016d544a6177a13e79a7c61dca\/saintfra.ufo\/glyphs\/S_F_370000.glif","\/fonts\/Unpacking\/955ed5981911c1016d544a6177a13e79a7c61dca\/saintfra.ufo\/glyphs\/S_F_380000.glif":"\/fonts\/Unpacking\/955ed5981911c1016d544a6177a13e79a7c61dca\/saintfra.ufo\/glyphs\/S_F_380000.glif","\/fonts\/Unpacking\/955ed5981911c1016d544a6177a13e79a7c61dca\/saintfra.ufo\/glyphs\/S_F_390000.glif":"\/fonts\/Unpacking\/955ed5981911c1016d544a6177a13e79a7c61dca\/saintfra.ufo\/glyphs\/S_F_390000.glif","\/fonts\/Unpacking\/955ed5981911c1016d544a6177a13e79a7c61dca\/saintfra.ufo\/glyphs\/S_F_400000.glif":"\/fonts\/Unpacking\/955ed5981911c1016d544a6177a13e79a7c61dca\/saintfra.ufo\/glyphs\/S_F_400000.glif","\/fonts\/Unpacking\/955ed5981911c1016d544a6177a13e79a7c61dca\/saintfra.ufo\/glyphs\/S_F_410000.glif":"\/fonts\/Unpacking\/955ed5981911c1016d544a6177a13e79a7c61dca\/saintfra.ufo\/glyphs\/S_F_410000.glif","\/fonts\/Unpacking\/955ed5981911c1016d544a6177a13e79a7c61dca\/saintfra.ufo\/glyphs\/S_F_420000.glif":"\/fonts\/Unpacking\/955ed5981911c1016d544a6177a13e79a7c61dca\/saintfra.ufo\/glyphs\/S_F_420000.glif","\/fonts\/Unpacking\/955ed5981911c1016d544a6177a13e79a7c61dca\/saintfra.ufo\/glyphs\/S_F_430000.glif":"\/fonts\/Unpacking\/955ed5981911c1016d544a6177a13e79a7c61dca\/saintfra.ufo\/glyphs\/S_F_430000.glif","\/fonts\/Unpacking\/955ed5981911c1016d544a6177a13e79a7c61dca\/saintfra.ufo\/glyphs\/S_F_440000.glif":"\/fonts\/Unpacking\/955ed5981911c1016d544a6177a13e79a7c61dca\/saintfra.ufo\/glyphs\/S_F_440000.glif","\/fonts\/Unpacking\/955ed5981911c1016d544a6177a13e79a7c61dca\/saintfra.ufo\/glyphs\/S_F_450000.glif":"\/fonts\/Unpacking\/955ed5981911c1016d544a6177a13e79a7c61dca\/saintfra.ufo\/glyphs\/S_F_450000.glif","\/fonts\/Unpacking\/955ed5981911c1016d544a6177a13e79a7c61dca\/saintfra.ufo\/glyphs\/S_F_460000.glif":"\/fonts\/Unpacking\/955ed5981911c1016d544a6177a13e79a7c61dca\/saintfra.ufo\/glyphs\/S_F_460000.glif","\/fonts\/Unpacking\/955ed5981911c1016d544a6177a13e79a7c61dca\/saintfra.ufo\/glyphs\/S_F_470000.glif":"\/fonts\/Unpacking\/955ed5981911c1016d544a6177a13e79a7c61dca\/saintfra.ufo\/glyphs\/S_F_470000.glif","\/fonts\/Unpacking\/955ed5981911c1016d544a6177a13e79a7c61dca\/saintfra.ufo\/glyphs\/S_F_480000.glif":"\/fonts\/Unpacking\/955ed5981911c1016d544a6177a13e79a7c61dca\/saintfra.ufo\/glyphs\/S_F_480000.glif","\/fonts\/Unpacking\/955ed5981911c1016d544a6177a13e79a7c61dca\/saintfra.ufo\/glyphs\/S_F_490000.glif":"\/fonts\/Unpacking\/955ed5981911c1016d544a6177a13e79a7c61dca\/saintfra.ufo\/glyphs\/S_F_490000.glif","\/fonts\/Unpacking\/955ed5981911c1016d544a6177a13e79a7c61dca\/saintfra.ufo\/glyphs\/S_F_500000.glif":"\/fonts\/Unpacking\/955ed5981911c1016d544a6177a13e79a7c61dca\/saintfra.ufo\/glyphs\/S_F_500000.glif","\/fonts\/Unpacking\/955ed5981911c1016d544a6177a13e79a7c61dca\/saintfra.ufo\/glyphs\/S_F_510000.glif":"\/fonts\/Unpacking\/955ed5981911c1016d544a6177a13e79a7c61dca\/saintfra.ufo\/glyphs\/S_F_510000.glif","\/fonts\/Unpacking\/955ed5981911c1016d544a6177a13e79a7c61dca\/saintfra.ufo\/glyphs\/S_F_520000.glif":"\/fonts\/Unpacking\/955ed5981911c1016d544a6177a13e79a7c61dca\/saintfra.ufo\/glyphs\/S_F_520000.glif","\/fonts\/Unpacking\/955ed5981911c1016d544a6177a13e79a7c61dca\/saintfra.ufo\/glyphs\/S_F_530000.glif":"\/fonts\/Unpacking\/955ed5981911c1016d544a6177a13e79a7c61dca\/saintfra.ufo\/glyphs\/S_F_530000.glif","\/fonts\/Unpacking\/955ed5981911c1016d544a6177a13e79a7c61dca\/saintfra.ufo\/glyphs\/S_F_540000.glif":"\/fonts\/Unpacking\/955ed5981911c1016d544a6177a13e79a7c61dca\/saintfra.ufo\/glyphs\/S_F_540000.glif","\/fonts\/Unpacking\/955ed5981911c1016d544a6177a13e79a7c61dca\/saintfra.ufo\/glyphs\/S_acute.glif":"\/fonts\/Unpacking\/955ed5981911c1016d544a6177a13e79a7c61dca\/saintfra.ufo\/glyphs\/S_acute.glif","\/fonts\/Unpacking\/955ed5981911c1016d544a6177a13e79a7c61dca\/saintfra.ufo\/glyphs\/S_caron.glif":"\/fonts\/Unpacking\/955ed5981911c1016d544a6177a13e79a7c61dca\/saintfra.ufo\/glyphs\/S_caron.glif","\/fonts\/Unpacking\/955ed5981911c1016d544a6177a13e79a7c61dca\/saintfra.ufo\/glyphs\/S_cedilla.glif":"\/fonts\/Unpacking\/955ed5981911c1016d544a6177a13e79a7c61dca\/saintfra.ufo\/glyphs\/S_cedilla.glif","\/fonts\/Unpacking\/955ed5981911c1016d544a6177a13e79a7c61dca\/saintfra.ufo\/glyphs\/T_.glif":"\/fonts\/Unpacking\/955ed5981911c1016d544a6177a13e79a7c61dca\/saintfra.ufo\/glyphs\/T_.glif","\/fonts\/Unpacking\/955ed5981911c1016d544a6177a13e79a7c61dca\/saintfra.ufo\/glyphs\/T_caron.glif":"\/fonts\/Unpacking\/955ed5981911c1016d544a6177a13e79a7c61dca\/saintfra.ufo\/glyphs\/T_caron.glif","\/fonts\/Unpacking\/955ed5981911c1016d544a6177a13e79a7c61dca\/saintfra.ufo\/glyphs\/T_commaaccent.glif":"\/fonts\/Unpacking\/955ed5981911c1016d544a6177a13e79a7c61dca\/saintfra.ufo\/glyphs\/T_commaaccent.glif","\/fonts\/Unpacking\/955ed5981911c1016d544a6177a13e79a7c61dca\/saintfra.ufo\/glyphs\/T_heta.glif":"\/fonts\/Unpacking\/955ed5981911c1016d544a6177a13e79a7c61dca\/saintfra.ufo\/glyphs\/T_heta.glif","\/fonts\/Unpacking\/955ed5981911c1016d544a6177a13e79a7c61dca\/saintfra.ufo\/glyphs\/T_horn.glif":"\/fonts\/Unpacking\/955ed5981911c1016d544a6177a13e79a7c61dca\/saintfra.ufo\/glyphs\/T_horn.glif","\/fonts\/Unpacking\/955ed5981911c1016d544a6177a13e79a7c61dca\/saintfra.ufo\/glyphs\/U_.glif":"\/fonts\/Unpacking\/955ed5981911c1016d544a6177a13e79a7c61dca\/saintfra.ufo\/glyphs\/U_.glif","\/fonts\/Unpacking\/955ed5981911c1016d544a6177a13e79a7c61dca\/saintfra.ufo\/glyphs\/U_acute.glif":"\/fonts\/Unpacking\/955ed5981911c1016d544a6177a13e79a7c61dca\/saintfra.ufo\/glyphs\/U_acute.glif","\/fonts\/Unpacking\/955ed5981911c1016d544a6177a13e79a7c61dca\/saintfra.ufo\/glyphs\/U_circumflex.glif":"\/fonts\/Unpacking\/955ed5981911c1016d544a6177a13e79a7c61dca\/saintfra.ufo\/glyphs\/U_circumflex.glif","\/fonts\/Unpacking\/955ed5981911c1016d544a6177a13e79a7c61dca\/saintfra.ufo\/glyphs\/U_dieresis.glif":"\/fonts\/Unpacking\/955ed5981911c1016d544a6177a13e79a7c61dca\/saintfra.ufo\/glyphs\/U_dieresis.glif","\/fonts\/Unpacking\/955ed5981911c1016d544a6177a13e79a7c61dca\/saintfra.ufo\/glyphs\/U_grave.glif":"\/fonts\/Unpacking\/955ed5981911c1016d544a6177a13e79a7c61dca\/saintfra.ufo\/glyphs\/U_grave.glif","\/fonts\/Unpacking\/955ed5981911c1016d544a6177a13e79a7c61dca\/saintfra.ufo\/glyphs\/U_hungarumlaut.glif":"\/fonts\/Unpacking\/955ed5981911c1016d544a6177a13e79a7c61dca\/saintfra.ufo\/glyphs\/U_hungarumlaut.glif","\/fonts\/Unpacking\/955ed5981911c1016d544a6177a13e79a7c61dca\/saintfra.ufo\/glyphs\/U_ring.glif":"\/fonts\/Unpacking\/955ed5981911c1016d544a6177a13e79a7c61dca\/saintfra.ufo\/glyphs\/U_ring.glif","\/fonts\/Unpacking\/955ed5981911c1016d544a6177a13e79a7c61dca\/saintfra.ufo\/glyphs\/V_.glif":"\/fonts\/Unpacking\/955ed5981911c1016d544a6177a13e79a7c61dca\/saintfra.ufo\/glyphs\/V_.glif","\/fonts\/Unpacking\/955ed5981911c1016d544a6177a13e79a7c61dca\/saintfra.ufo\/glyphs\/W_.glif":"\/fonts\/Unpacking\/955ed5981911c1016d544a6177a13e79a7c61dca\/saintfra.ufo\/glyphs\/W_.glif","\/fonts\/Unpacking\/955ed5981911c1016d544a6177a13e79a7c61dca\/saintfra.ufo\/glyphs\/X_.glif":"\/fonts\/Unpacking\/955ed5981911c1016d544a6177a13e79a7c61dca\/saintfra.ufo\/glyphs\/X_.glif","\/fonts\/Unpacking\/955ed5981911c1016d544a6177a13e79a7c61dca\/saintfra.ufo\/glyphs\/Y_.glif":"\/fonts\/Unpacking\/955ed5981911c1016d544a6177a13e79a7c61dca\/saintfra.ufo\/glyphs\/Y_.glif","\/fonts\/Unpacking\/955ed5981911c1016d544a6177a13e79a7c61dca\/saintfra.ufo\/glyphs\/Y_acute.glif":"\/fonts\/Unpacking\/955ed5981911c1016d544a6177a13e79a7c61dca\/saintfra.ufo\/glyphs\/Y_acute.glif","\/fonts\/Unpacking\/955ed5981911c1016d544a6177a13e79a7c61dca\/saintfra.ufo\/glyphs\/Y_dieresis.glif":"\/fonts\/Unpacking\/955ed5981911c1016d544a6177a13e79a7c61dca\/saintfra.ufo\/glyphs\/Y_dieresis.glif","\/fonts\/Unpacking\/955ed5981911c1016d544a6177a13e79a7c61dca\/saintfra.ufo\/glyphs\/Z_.glif":"\/fonts\/Unpacking\/955ed5981911c1016d544a6177a13e79a7c61dca\/saintfra.ufo\/glyphs\/Z_.glif","\/fonts\/Unpacking\/955ed5981911c1016d544a6177a13e79a7c61dca\/saintfra.ufo\/glyphs\/Z_acute.glif":"\/fonts\/Unpacking\/955ed5981911c1016d544a6177a13e79a7c61dca\/saintfra.ufo\/glyphs\/Z_acute.glif","\/fonts\/Unpacking\/955ed5981911c1016d544a6177a13e79a7c61dca\/saintfra.ufo\/glyphs\/Z_caron.glif":"\/fonts\/Unpacking\/955ed5981911c1016d544a6177a13e79a7c61dca\/saintfra.ufo\/glyphs\/Z_caron.glif","\/fonts\/Unpacking\/955ed5981911c1016d544a6177a13e79a7c61dca\/saintfra.ufo\/glyphs\/Z_dotaccent.glif":"\/fonts\/Unpacking\/955ed5981911c1016d544a6177a13e79a7c61dca\/saintfra.ufo\/glyphs\/Z_dotaccent.glif","\/fonts\/Unpacking\/955ed5981911c1016d544a6177a13e79a7c61dca\/saintfra.ufo\/glyphs\/a.glif":"\/fonts\/Unpacking\/955ed5981911c1016d544a6177a13e79a7c61dca\/saintfra.ufo\/glyphs\/a.glif","\/fonts\/Unpacking\/955ed5981911c1016d544a6177a13e79a7c61dca\/saintfra.ufo\/glyphs\/aacute.glif":"\/fonts\/Unpacking\/955ed5981911c1016d544a6177a13e79a7c61dca\/saintfra.ufo\/glyphs\/aacute.glif","\/fonts\/Unpacking\/955ed5981911c1016d544a6177a13e79a7c61dca\/saintfra.ufo\/glyphs\/abreve.glif":"\/fonts\/Unpacking\/955ed5981911c1016d544a6177a13e79a7c61dca\/saintfra.ufo\/glyphs\/abreve.glif","\/fonts\/Unpacking\/955ed5981911c1016d544a6177a13e79a7c61dca\/saintfra.ufo\/glyphs\/acircumflex.glif":"\/fonts\/Unpacking\/955ed5981911c1016d544a6177a13e79a7c61dca\/saintfra.ufo\/glyphs\/acircumflex.glif","\/fonts\/Unpacking\/955ed5981911c1016d544a6177a13e79a7c61dca\/saintfra.ufo\/glyphs\/acute.glif":"\/fonts\/Unpacking\/955ed5981911c1016d544a6177a13e79a7c61dca\/saintfra.ufo\/glyphs\/acute.glif","\/fonts\/Unpacking\/955ed5981911c1016d544a6177a13e79a7c61dca\/saintfra.ufo\/glyphs\/adieresis.glif":"\/fonts\/Unpacking\/955ed5981911c1016d544a6177a13e79a7c61dca\/saintfra.ufo\/glyphs\/adieresis.glif","\/fonts\/Unpacking\/955ed5981911c1016d544a6177a13e79a7c61dca\/saintfra.ufo\/glyphs\/ae.glif":"\/fonts\/Unpacking\/955ed5981911c1016d544a6177a13e79a7c61dca\/saintfra.ufo\/glyphs\/ae.glif","\/fonts\/Unpacking\/955ed5981911c1016d544a6177a13e79a7c61dca\/saintfra.ufo\/glyphs\/agrave.glif":"\/fonts\/Unpacking\/955ed5981911c1016d544a6177a13e79a7c61dca\/saintfra.ufo\/glyphs\/agrave.glif","\/fonts\/Unpacking\/955ed5981911c1016d544a6177a13e79a7c61dca\/saintfra.ufo\/glyphs\/alpha.glif":"\/fonts\/Unpacking\/955ed5981911c1016d544a6177a13e79a7c61dca\/saintfra.ufo\/glyphs\/alpha.glif","\/fonts\/Unpacking\/955ed5981911c1016d544a6177a13e79a7c61dca\/saintfra.ufo\/glyphs\/ampersand.glif":"\/fonts\/Unpacking\/955ed5981911c1016d544a6177a13e79a7c61dca\/saintfra.ufo\/glyphs\/ampersand.glif","\/fonts\/Unpacking\/955ed5981911c1016d544a6177a13e79a7c61dca\/saintfra.ufo\/glyphs\/aogonek.glif":"\/fonts\/Unpacking\/955ed5981911c1016d544a6177a13e79a7c61dca\/saintfra.ufo\/glyphs\/aogonek.glif","\/fonts\/Unpacking\/955ed5981911c1016d544a6177a13e79a7c61dca\/saintfra.ufo\/glyphs\/aring.glif":"\/fonts\/Unpacking\/955ed5981911c1016d544a6177a13e79a7c61dca\/saintfra.ufo\/glyphs\/aring.glif","\/fonts\/Unpacking\/955ed5981911c1016d544a6177a13e79a7c61dca\/saintfra.ufo\/glyphs\/arrowboth.glif":"\/fonts\/Unpacking\/955ed5981911c1016d544a6177a13e79a7c61dca\/saintfra.ufo\/glyphs\/arrowboth.glif","\/fonts\/Unpacking\/955ed5981911c1016d544a6177a13e79a7c61dca\/saintfra.ufo\/glyphs\/arrowdown.glif":"\/fonts\/Unpacking\/955ed5981911c1016d544a6177a13e79a7c61dca\/saintfra.ufo\/glyphs\/arrowdown.glif","\/fonts\/Unpacking\/955ed5981911c1016d544a6177a13e79a7c61dca\/saintfra.ufo\/glyphs\/arrowleft.glif":"\/fonts\/Unpacking\/955ed5981911c1016d544a6177a13e79a7c61dca\/saintfra.ufo\/glyphs\/arrowleft.glif","\/fonts\/Unpacking\/955ed5981911c1016d544a6177a13e79a7c61dca\/saintfra.ufo\/glyphs\/arrowright.glif":"\/fonts\/Unpacking\/955ed5981911c1016d544a6177a13e79a7c61dca\/saintfra.ufo\/glyphs\/arrowright.glif","\/fonts\/Unpacking\/955ed5981911c1016d544a6177a13e79a7c61dca\/saintfra.ufo\/glyphs\/arrowup.glif":"\/fonts\/Unpacking\/955ed5981911c1016d544a6177a13e79a7c61dca\/saintfra.ufo\/glyphs\/arrowup.glif","\/fonts\/Unpacking\/955ed5981911c1016d544a6177a13e79a7c61dca\/saintfra.ufo\/glyphs\/arrowupdn.glif":"\/fonts\/Unpacking\/955ed5981911c1016d544a6177a13e79a7c61dca\/saintfra.ufo\/glyphs\/arrowupdn.glif","\/fonts\/Unpacking\/955ed5981911c1016d544a6177a13e79a7c61dca\/saintfra.ufo\/glyphs\/arrowupdnbse.glif":"\/fonts\/Unpacking\/955ed5981911c1016d544a6177a13e79a7c61dca\/saintfra.ufo\/glyphs\/arrowupdnbse.glif","\/fonts\/Unpacking\/955ed5981911c1016d544a6177a13e79a7c61dca\/saintfra.ufo\/glyphs\/asciicircum.glif":"\/fonts\/Unpacking\/955ed5981911c1016d544a6177a13e79a7c61dca\/saintfra.ufo\/glyphs\/asciicircum.glif","\/fonts\/Unpacking\/955ed5981911c1016d544a6177a13e79a7c61dca\/saintfra.ufo\/glyphs\/asciitilde.glif":"\/fonts\/Unpacking\/955ed5981911c1016d544a6177a13e79a7c61dca\/saintfra.ufo\/glyphs\/asciitilde.glif","\/fonts\/Unpacking\/955ed5981911c1016d544a6177a13e79a7c61dca\/saintfra.ufo\/glyphs\/asterisk.glif":"\/fonts\/Unpacking\/955ed5981911c1016d544a6177a13e79a7c61dca\/saintfra.ufo\/glyphs\/asterisk.glif","\/fonts\/Unpacking\/955ed5981911c1016d544a6177a13e79a7c61dca\/saintfra.ufo\/glyphs\/at.glif":"\/fonts\/Unpacking\/955ed5981911c1016d544a6177a13e79a7c61dca\/saintfra.ufo\/glyphs\/at.glif","\/fonts\/Unpacking\/955ed5981911c1016d544a6177a13e79a7c61dca\/saintfra.ufo\/glyphs\/atilde.glif":"\/fonts\/Unpacking\/955ed5981911c1016d544a6177a13e79a7c61dca\/saintfra.ufo\/glyphs\/atilde.glif","\/fonts\/Unpacking\/955ed5981911c1016d544a6177a13e79a7c61dca\/saintfra.ufo\/glyphs\/b.glif":"\/fonts\/Unpacking\/955ed5981911c1016d544a6177a13e79a7c61dca\/saintfra.ufo\/glyphs\/b.glif","\/fonts\/Unpacking\/955ed5981911c1016d544a6177a13e79a7c61dca\/saintfra.ufo\/glyphs\/backslash.glif":"\/fonts\/Unpacking\/955ed5981911c1016d544a6177a13e79a7c61dca\/saintfra.ufo\/glyphs\/backslash.glif","\/fonts\/Unpacking\/955ed5981911c1016d544a6177a13e79a7c61dca\/saintfra.ufo\/glyphs\/bar.glif":"\/fonts\/Unpacking\/955ed5981911c1016d544a6177a13e79a7c61dca\/saintfra.ufo\/glyphs\/bar.glif","\/fonts\/Unpacking\/955ed5981911c1016d544a6177a13e79a7c61dca\/saintfra.ufo\/glyphs\/block.glif":"\/fonts\/Unpacking\/955ed5981911c1016d544a6177a13e79a7c61dca\/saintfra.ufo\/glyphs\/block.glif","\/fonts\/Unpacking\/955ed5981911c1016d544a6177a13e79a7c61dca\/saintfra.ufo\/glyphs\/braceleft.glif":"\/fonts\/Unpacking\/955ed5981911c1016d544a6177a13e79a7c61dca\/saintfra.ufo\/glyphs\/braceleft.glif","\/fonts\/Unpacking\/955ed5981911c1016d544a6177a13e79a7c61dca\/saintfra.ufo\/glyphs\/braceright.glif":"\/fonts\/Unpacking\/955ed5981911c1016d544a6177a13e79a7c61dca\/saintfra.ufo\/glyphs\/braceright.glif","\/fonts\/Unpacking\/955ed5981911c1016d544a6177a13e79a7c61dca\/saintfra.ufo\/glyphs\/bracketleft.glif":"\/fonts\/Unpacking\/955ed5981911c1016d544a6177a13e79a7c61dca\/saintfra.ufo\/glyphs\/bracketleft.glif","\/fonts\/Unpacking\/955ed5981911c1016d544a6177a13e79a7c61dca\/saintfra.ufo\/glyphs\/bracketright.glif":"\/fonts\/Unpacking\/955ed5981911c1016d544a6177a13e79a7c61dca\/saintfra.ufo\/glyphs\/bracketright.glif","\/fonts\/Unpacking\/955ed5981911c1016d544a6177a13e79a7c61dca\/saintfra.ufo\/glyphs\/breve.glif":"\/fonts\/Unpacking\/955ed5981911c1016d544a6177a13e79a7c61dca\/saintfra.ufo\/glyphs\/breve.glif","\/fonts\/Unpacking\/955ed5981911c1016d544a6177a13e79a7c61dca\/saintfra.ufo\/glyphs\/brokenbar.glif":"\/fonts\/Unpacking\/955ed5981911c1016d544a6177a13e79a7c61dca\/saintfra.ufo\/glyphs\/brokenbar.glif","\/fonts\/Unpacking\/955ed5981911c1016d544a6177a13e79a7c61dca\/saintfra.ufo\/glyphs\/bullet.glif":"\/fonts\/Unpacking\/955ed5981911c1016d544a6177a13e79a7c61dca\/saintfra.ufo\/glyphs\/bullet.glif","\/fonts\/Unpacking\/955ed5981911c1016d544a6177a13e79a7c61dca\/saintfra.ufo\/glyphs\/c.glif":"\/fonts\/Unpacking\/955ed5981911c1016d544a6177a13e79a7c61dca\/saintfra.ufo\/glyphs\/c.glif","\/fonts\/Unpacking\/955ed5981911c1016d544a6177a13e79a7c61dca\/saintfra.ufo\/glyphs\/cacute.glif":"\/fonts\/Unpacking\/955ed5981911c1016d544a6177a13e79a7c61dca\/saintfra.ufo\/glyphs\/cacute.glif","\/fonts\/Unpacking\/955ed5981911c1016d544a6177a13e79a7c61dca\/saintfra.ufo\/glyphs\/caron.glif":"\/fonts\/Unpacking\/955ed5981911c1016d544a6177a13e79a7c61dca\/saintfra.ufo\/glyphs\/caron.glif","\/fonts\/Unpacking\/955ed5981911c1016d544a6177a13e79a7c61dca\/saintfra.ufo\/glyphs\/ccaron.glif":"\/fonts\/Unpacking\/955ed5981911c1016d544a6177a13e79a7c61dca\/saintfra.ufo\/glyphs\/ccaron.glif","\/fonts\/Unpacking\/955ed5981911c1016d544a6177a13e79a7c61dca\/saintfra.ufo\/glyphs\/ccedilla.glif":"\/fonts\/Unpacking\/955ed5981911c1016d544a6177a13e79a7c61dca\/saintfra.ufo\/glyphs\/ccedilla.glif","\/fonts\/Unpacking\/955ed5981911c1016d544a6177a13e79a7c61dca\/saintfra.ufo\/glyphs\/cedilla.glif":"\/fonts\/Unpacking\/955ed5981911c1016d544a6177a13e79a7c61dca\/saintfra.ufo\/glyphs\/cedilla.glif","\/fonts\/Unpacking\/955ed5981911c1016d544a6177a13e79a7c61dca\/saintfra.ufo\/glyphs\/cent.glif":"\/fonts\/Unpacking\/955ed5981911c1016d544a6177a13e79a7c61dca\/saintfra.ufo\/glyphs\/cent.glif","\/fonts\/Unpacking\/955ed5981911c1016d544a6177a13e79a7c61dca\/saintfra.ufo\/glyphs\/circle.glif":"\/fonts\/Unpacking\/955ed5981911c1016d544a6177a13e79a7c61dca\/saintfra.ufo\/glyphs\/circle.glif","\/fonts\/Unpacking\/955ed5981911c1016d544a6177a13e79a7c61dca\/saintfra.ufo\/glyphs\/circumflex.glif":"\/fonts\/Unpacking\/955ed5981911c1016d544a6177a13e79a7c61dca\/saintfra.ufo\/glyphs\/circumflex.glif","\/fonts\/Unpacking\/955ed5981911c1016d544a6177a13e79a7c61dca\/saintfra.ufo\/glyphs\/club.glif":"\/fonts\/Unpacking\/955ed5981911c1016d544a6177a13e79a7c61dca\/saintfra.ufo\/glyphs\/club.glif","\/fonts\/Unpacking\/955ed5981911c1016d544a6177a13e79a7c61dca\/saintfra.ufo\/glyphs\/colon.glif":"\/fonts\/Unpacking\/955ed5981911c1016d544a6177a13e79a7c61dca\/saintfra.ufo\/glyphs\/colon.glif","\/fonts\/Unpacking\/955ed5981911c1016d544a6177a13e79a7c61dca\/saintfra.ufo\/glyphs\/comma.glif":"\/fonts\/Unpacking\/955ed5981911c1016d544a6177a13e79a7c61dca\/saintfra.ufo\/glyphs\/comma.glif","\/fonts\/Unpacking\/955ed5981911c1016d544a6177a13e79a7c61dca\/saintfra.ufo\/glyphs\/contents.plist":"\/fonts\/Unpacking\/955ed5981911c1016d544a6177a13e79a7c61dca\/saintfra.ufo\/glyphs\/contents.plist","\/fonts\/Unpacking\/955ed5981911c1016d544a6177a13e79a7c61dca\/saintfra.ufo\/glyphs\/copyright.glif":"\/fonts\/Unpacking\/955ed5981911c1016d544a6177a13e79a7c61dca\/saintfra.ufo\/glyphs\/copyright.glif","\/fonts\/Unpacking\/955ed5981911c1016d544a6177a13e79a7c61dca\/saintfra.ufo\/glyphs\/currency.glif":"\/fonts\/Unpacking\/955ed5981911c1016d544a6177a13e79a7c61dca\/saintfra.ufo\/glyphs\/currency.glif","\/fonts\/Unpacking\/955ed5981911c1016d544a6177a13e79a7c61dca\/saintfra.ufo\/glyphs\/d.glif":"\/fonts\/Unpacking\/955ed5981911c1016d544a6177a13e79a7c61dca\/saintfra.ufo\/glyphs\/d.glif","\/fonts\/Unpacking\/955ed5981911c1016d544a6177a13e79a7c61dca\/saintfra.ufo\/glyphs\/dagger.glif":"\/fonts\/Unpacking\/955ed5981911c1016d544a6177a13e79a7c61dca\/saintfra.ufo\/glyphs\/dagger.glif","\/fonts\/Unpacking\/955ed5981911c1016d544a6177a13e79a7c61dca\/saintfra.ufo\/glyphs\/daggerdbl.glif":"\/fonts\/Unpacking\/955ed5981911c1016d544a6177a13e79a7c61dca\/saintfra.ufo\/glyphs\/daggerdbl.glif","\/fonts\/Unpacking\/955ed5981911c1016d544a6177a13e79a7c61dca\/saintfra.ufo\/glyphs\/dcaron.glif":"\/fonts\/Unpacking\/955ed5981911c1016d544a6177a13e79a7c61dca\/saintfra.ufo\/glyphs\/dcaron.glif","\/fonts\/Unpacking\/955ed5981911c1016d544a6177a13e79a7c61dca\/saintfra.ufo\/glyphs\/dcroat.glif":"\/fonts\/Unpacking\/955ed5981911c1016d544a6177a13e79a7c61dca\/saintfra.ufo\/glyphs\/dcroat.glif","\/fonts\/Unpacking\/955ed5981911c1016d544a6177a13e79a7c61dca\/saintfra.ufo\/glyphs\/degree.glif":"\/fonts\/Unpacking\/955ed5981911c1016d544a6177a13e79a7c61dca\/saintfra.ufo\/glyphs\/degree.glif","\/fonts\/Unpacking\/955ed5981911c1016d544a6177a13e79a7c61dca\/saintfra.ufo\/glyphs\/delta.glif":"\/fonts\/Unpacking\/955ed5981911c1016d544a6177a13e79a7c61dca\/saintfra.ufo\/glyphs\/delta.glif","\/fonts\/Unpacking\/955ed5981911c1016d544a6177a13e79a7c61dca\/saintfra.ufo\/glyphs\/diamond.glif":"\/fonts\/Unpacking\/955ed5981911c1016d544a6177a13e79a7c61dca\/saintfra.ufo\/glyphs\/diamond.glif","\/fonts\/Unpacking\/955ed5981911c1016d544a6177a13e79a7c61dca\/saintfra.ufo\/glyphs\/dieresis.glif":"\/fonts\/Unpacking\/955ed5981911c1016d544a6177a13e79a7c61dca\/saintfra.ufo\/glyphs\/dieresis.glif","\/fonts\/Unpacking\/955ed5981911c1016d544a6177a13e79a7c61dca\/saintfra.ufo\/glyphs\/dkshade.glif":"\/fonts\/Unpacking\/955ed5981911c1016d544a6177a13e79a7c61dca\/saintfra.ufo\/glyphs\/dkshade.glif","\/fonts\/Unpacking\/955ed5981911c1016d544a6177a13e79a7c61dca\/saintfra.ufo\/glyphs\/dnblock.glif":"\/fonts\/Unpacking\/955ed5981911c1016d544a6177a13e79a7c61dca\/saintfra.ufo\/glyphs\/dnblock.glif","\/fonts\/Unpacking\/955ed5981911c1016d544a6177a13e79a7c61dca\/saintfra.ufo\/glyphs\/dollar.glif":"\/fonts\/Unpacking\/955ed5981911c1016d544a6177a13e79a7c61dca\/saintfra.ufo\/glyphs\/dollar.glif","\/fonts\/Unpacking\/955ed5981911c1016d544a6177a13e79a7c61dca\/saintfra.ufo\/glyphs\/dotaccent.glif":"\/fonts\/Unpacking\/955ed5981911c1016d544a6177a13e79a7c61dca\/saintfra.ufo\/glyphs\/dotaccent.glif","\/fonts\/Unpacking\/955ed5981911c1016d544a6177a13e79a7c61dca\/saintfra.ufo\/glyphs\/dotlessi.glif":"\/fonts\/Unpacking\/955ed5981911c1016d544a6177a13e79a7c61dca\/saintfra.ufo\/glyphs\/dotlessi.glif","\/fonts\/Unpacking\/955ed5981911c1016d544a6177a13e79a7c61dca\/saintfra.ufo\/glyphs\/e.glif":"\/fonts\/Unpacking\/955ed5981911c1016d544a6177a13e79a7c61dca\/saintfra.ufo\/glyphs\/e.glif","\/fonts\/Unpacking\/955ed5981911c1016d544a6177a13e79a7c61dca\/saintfra.ufo\/glyphs\/eacute.glif":"\/fonts\/Unpacking\/955ed5981911c1016d544a6177a13e79a7c61dca\/saintfra.ufo\/glyphs\/eacute.glif","\/fonts\/Unpacking\/955ed5981911c1016d544a6177a13e79a7c61dca\/saintfra.ufo\/glyphs\/ecaron.glif":"\/fonts\/Unpacking\/955ed5981911c1016d544a6177a13e79a7c61dca\/saintfra.ufo\/glyphs\/ecaron.glif","\/fonts\/Unpacking\/955ed5981911c1016d544a6177a13e79a7c61dca\/saintfra.ufo\/glyphs\/ecircumflex.glif":"\/fonts\/Unpacking\/955ed5981911c1016d544a6177a13e79a7c61dca\/saintfra.ufo\/glyphs\/ecircumflex.glif","\/fonts\/Unpacking\/955ed5981911c1016d544a6177a13e79a7c61dca\/saintfra.ufo\/glyphs\/edieresis.glif":"\/fonts\/Unpacking\/955ed5981911c1016d544a6177a13e79a7c61dca\/saintfra.ufo\/glyphs\/edieresis.glif","\/fonts\/Unpacking\/955ed5981911c1016d544a6177a13e79a7c61dca\/saintfra.ufo\/glyphs\/egrave.glif":"\/fonts\/Unpacking\/955ed5981911c1016d544a6177a13e79a7c61dca\/saintfra.ufo\/glyphs\/egrave.glif","\/fonts\/Unpacking\/955ed5981911c1016d544a6177a13e79a7c61dca\/saintfra.ufo\/glyphs\/eight.glif":"\/fonts\/Unpacking\/955ed5981911c1016d544a6177a13e79a7c61dca\/saintfra.ufo\/glyphs\/eight.glif","\/fonts\/Unpacking\/955ed5981911c1016d544a6177a13e79a7c61dca\/saintfra.ufo\/glyphs\/ellipsis.glif":"\/fonts\/Unpacking\/955ed5981911c1016d544a6177a13e79a7c61dca\/saintfra.ufo\/glyphs\/ellipsis.glif","\/fonts\/Unpacking\/955ed5981911c1016d544a6177a13e79a7c61dca\/saintfra.ufo\/glyphs\/emdash.glif":"\/fonts\/Unpacking\/955ed5981911c1016d544a6177a13e79a7c61dca\/saintfra.ufo\/glyphs\/emdash.glif","\/fonts\/Unpacking\/955ed5981911c1016d544a6177a13e79a7c61dca\/saintfra.ufo\/glyphs\/endash.glif":"\/fonts\/Unpacking\/955ed5981911c1016d544a6177a13e79a7c61dca\/saintfra.ufo\/glyphs\/endash.glif","\/fonts\/Unpacking\/955ed5981911c1016d544a6177a13e79a7c61dca\/saintfra.ufo\/glyphs\/eogonek.glif":"\/fonts\/Unpacking\/955ed5981911c1016d544a6177a13e79a7c61dca\/saintfra.ufo\/glyphs\/eogonek.glif","\/fonts\/Unpacking\/955ed5981911c1016d544a6177a13e79a7c61dca\/saintfra.ufo\/glyphs\/epsilon.glif":"\/fonts\/Unpacking\/955ed5981911c1016d544a6177a13e79a7c61dca\/saintfra.ufo\/glyphs\/epsilon.glif","\/fonts\/Unpacking\/955ed5981911c1016d544a6177a13e79a7c61dca\/saintfra.ufo\/glyphs\/equal.glif":"\/fonts\/Unpacking\/955ed5981911c1016d544a6177a13e79a7c61dca\/saintfra.ufo\/glyphs\/equal.glif","\/fonts\/Unpacking\/955ed5981911c1016d544a6177a13e79a7c61dca\/saintfra.ufo\/glyphs\/equivalence.glif":"\/fonts\/Unpacking\/955ed5981911c1016d544a6177a13e79a7c61dca\/saintfra.ufo\/glyphs\/equivalence.glif","\/fonts\/Unpacking\/955ed5981911c1016d544a6177a13e79a7c61dca\/saintfra.ufo\/glyphs\/eth.glif":"\/fonts\/Unpacking\/955ed5981911c1016d544a6177a13e79a7c61dca\/saintfra.ufo\/glyphs\/eth.glif","\/fonts\/Unpacking\/955ed5981911c1016d544a6177a13e79a7c61dca\/saintfra.ufo\/glyphs\/exclam.glif":"\/fonts\/Unpacking\/955ed5981911c1016d544a6177a13e79a7c61dca\/saintfra.ufo\/glyphs\/exclam.glif","\/fonts\/Unpacking\/955ed5981911c1016d544a6177a13e79a7c61dca\/saintfra.ufo\/glyphs\/exclamdbl.glif":"\/fonts\/Unpacking\/955ed5981911c1016d544a6177a13e79a7c61dca\/saintfra.ufo\/glyphs\/exclamdbl.glif","\/fonts\/Unpacking\/955ed5981911c1016d544a6177a13e79a7c61dca\/saintfra.ufo\/glyphs\/exclamdown.glif":"\/fonts\/Unpacking\/955ed5981911c1016d544a6177a13e79a7c61dca\/saintfra.ufo\/glyphs\/exclamdown.glif","\/fonts\/Unpacking\/955ed5981911c1016d544a6177a13e79a7c61dca\/saintfra.ufo\/glyphs\/f.glif":"\/fonts\/Unpacking\/955ed5981911c1016d544a6177a13e79a7c61dca\/saintfra.ufo\/glyphs\/f.glif","\/fonts\/Unpacking\/955ed5981911c1016d544a6177a13e79a7c61dca\/saintfra.ufo\/glyphs\/female.glif":"\/fonts\/Unpacking\/955ed5981911c1016d544a6177a13e79a7c61dca\/saintfra.ufo\/glyphs\/female.glif","\/fonts\/Unpacking\/955ed5981911c1016d544a6177a13e79a7c61dca\/saintfra.ufo\/glyphs\/fi.glif":"\/fonts\/Unpacking\/955ed5981911c1016d544a6177a13e79a7c61dca\/saintfra.ufo\/glyphs\/fi.glif","\/fonts\/Unpacking\/955ed5981911c1016d544a6177a13e79a7c61dca\/saintfra.ufo\/glyphs\/filledbox.glif":"\/fonts\/Unpacking\/955ed5981911c1016d544a6177a13e79a7c61dca\/saintfra.ufo\/glyphs\/filledbox.glif","\/fonts\/Unpacking\/955ed5981911c1016d544a6177a13e79a7c61dca\/saintfra.ufo\/glyphs\/filledrect.glif":"\/fonts\/Unpacking\/955ed5981911c1016d544a6177a13e79a7c61dca\/saintfra.ufo\/glyphs\/filledrect.glif","\/fonts\/Unpacking\/955ed5981911c1016d544a6177a13e79a7c61dca\/saintfra.ufo\/glyphs\/five.glif":"\/fonts\/Unpacking\/955ed5981911c1016d544a6177a13e79a7c61dca\/saintfra.ufo\/glyphs\/five.glif","\/fonts\/Unpacking\/955ed5981911c1016d544a6177a13e79a7c61dca\/saintfra.ufo\/glyphs\/fl.glif":"\/fonts\/Unpacking\/955ed5981911c1016d544a6177a13e79a7c61dca\/saintfra.ufo\/glyphs\/fl.glif","\/fonts\/Unpacking\/955ed5981911c1016d544a6177a13e79a7c61dca\/saintfra.ufo\/glyphs\/florin.glif":"\/fonts\/Unpacking\/955ed5981911c1016d544a6177a13e79a7c61dca\/saintfra.ufo\/glyphs\/florin.glif","\/fonts\/Unpacking\/955ed5981911c1016d544a6177a13e79a7c61dca\/saintfra.ufo\/glyphs\/four.glif":"\/fonts\/Unpacking\/955ed5981911c1016d544a6177a13e79a7c61dca\/saintfra.ufo\/glyphs\/four.glif","\/fonts\/Unpacking\/955ed5981911c1016d544a6177a13e79a7c61dca\/saintfra.ufo\/glyphs\/fraction.glif":"\/fonts\/Unpacking\/955ed5981911c1016d544a6177a13e79a7c61dca\/saintfra.ufo\/glyphs\/fraction.glif","\/fonts\/Unpacking\/955ed5981911c1016d544a6177a13e79a7c61dca\/saintfra.ufo\/glyphs\/franc.glif":"\/fonts\/Unpacking\/955ed5981911c1016d544a6177a13e79a7c61dca\/saintfra.ufo\/glyphs\/franc.glif","\/fonts\/Unpacking\/955ed5981911c1016d544a6177a13e79a7c61dca\/saintfra.ufo\/glyphs\/g.glif":"\/fonts\/Unpacking\/955ed5981911c1016d544a6177a13e79a7c61dca\/saintfra.ufo\/glyphs\/g.glif","\/fonts\/Unpacking\/955ed5981911c1016d544a6177a13e79a7c61dca\/saintfra.ufo\/glyphs\/gbreve.glif":"\/fonts\/Unpacking\/955ed5981911c1016d544a6177a13e79a7c61dca\/saintfra.ufo\/glyphs\/gbreve.glif","\/fonts\/Unpacking\/955ed5981911c1016d544a6177a13e79a7c61dca\/saintfra.ufo\/glyphs\/germandbls.glif":"\/fonts\/Unpacking\/955ed5981911c1016d544a6177a13e79a7c61dca\/saintfra.ufo\/glyphs\/germandbls.glif","\/fonts\/Unpacking\/955ed5981911c1016d544a6177a13e79a7c61dca\/saintfra.ufo\/glyphs\/glyph1.glif":"\/fonts\/Unpacking\/955ed5981911c1016d544a6177a13e79a7c61dca\/saintfra.ufo\/glyphs\/glyph1.glif","\/fonts\/Unpacking\/955ed5981911c1016d544a6177a13e79a7c61dca\/saintfra.ufo\/glyphs\/glyph2.glif":"\/fonts\/Unpacking\/955ed5981911c1016d544a6177a13e79a7c61dca\/saintfra.ufo\/glyphs\/glyph2.glif","\/fonts\/Unpacking\/955ed5981911c1016d544a6177a13e79a7c61dca\/saintfra.ufo\/glyphs\/glyph223.glif":"\/fonts\/Unpacking\/955ed5981911c1016d544a6177a13e79a7c61dca\/saintfra.ufo\/glyphs\/glyph223.glif","\/fonts\/Unpacking\/955ed5981911c1016d544a6177a13e79a7c61dca\/saintfra.ufo\/glyphs\/glyph224.glif":"\/fonts\/Unpacking\/955ed5981911c1016d544a6177a13e79a7c61dca\/saintfra.ufo\/glyphs\/glyph224.glif","\/fonts\/Unpacking\/955ed5981911c1016d544a6177a13e79a7c61dca\/saintfra.ufo\/glyphs\/glyph225.glif":"\/fonts\/Unpacking\/955ed5981911c1016d544a6177a13e79a7c61dca\/saintfra.ufo\/glyphs\/glyph225.glif","\/fonts\/Unpacking\/955ed5981911c1016d544a6177a13e79a7c61dca\/saintfra.ufo\/glyphs\/glyph226.glif":"\/fonts\/Unpacking\/955ed5981911c1016d544a6177a13e79a7c61dca\/saintfra.ufo\/glyphs\/glyph226.glif","\/fonts\/Unpacking\/955ed5981911c1016d544a6177a13e79a7c61dca\/saintfra.ufo\/glyphs\/glyph227.glif":"\/fonts\/Unpacking\/955ed5981911c1016d544a6177a13e79a7c61dca\/saintfra.ufo\/glyphs\/glyph227.glif","\/fonts\/Unpacking\/955ed5981911c1016d544a6177a13e79a7c61dca\/saintfra.ufo\/glyphs\/glyph228.glif":"\/fonts\/Unpacking\/955ed5981911c1016d544a6177a13e79a7c61dca\/saintfra.ufo\/glyphs\/glyph228.glif","\/fonts\/Unpacking\/955ed5981911c1016d544a6177a13e79a7c61dca\/saintfra.ufo\/glyphs\/glyph232.glif":"\/fonts\/Unpacking\/955ed5981911c1016d544a6177a13e79a7c61dca\/saintfra.ufo\/glyphs\/glyph232.glif","\/fonts\/Unpacking\/955ed5981911c1016d544a6177a13e79a7c61dca\/saintfra.ufo\/glyphs\/glyph233.glif":"\/fonts\/Unpacking\/955ed5981911c1016d544a6177a13e79a7c61dca\/saintfra.ufo\/glyphs\/glyph233.glif","\/fonts\/Unpacking\/955ed5981911c1016d544a6177a13e79a7c61dca\/saintfra.ufo\/glyphs\/glyph236.glif":"\/fonts\/Unpacking\/955ed5981911c1016d544a6177a13e79a7c61dca\/saintfra.ufo\/glyphs\/glyph236.glif","\/fonts\/Unpacking\/955ed5981911c1016d544a6177a13e79a7c61dca\/saintfra.ufo\/glyphs\/glyph237.glif":"\/fonts\/Unpacking\/955ed5981911c1016d544a6177a13e79a7c61dca\/saintfra.ufo\/glyphs\/glyph237.glif","\/fonts\/Unpacking\/955ed5981911c1016d544a6177a13e79a7c61dca\/saintfra.ufo\/glyphs\/glyph243.glif":"\/fonts\/Unpacking\/955ed5981911c1016d544a6177a13e79a7c61dca\/saintfra.ufo\/glyphs\/glyph243.glif","\/fonts\/Unpacking\/955ed5981911c1016d544a6177a13e79a7c61dca\/saintfra.ufo\/glyphs\/glyph257.glif":"\/fonts\/Unpacking\/955ed5981911c1016d544a6177a13e79a7c61dca\/saintfra.ufo\/glyphs\/glyph257.glif","\/fonts\/Unpacking\/955ed5981911c1016d544a6177a13e79a7c61dca\/saintfra.ufo\/glyphs\/glyph258.glif":"\/fonts\/Unpacking\/955ed5981911c1016d544a6177a13e79a7c61dca\/saintfra.ufo\/glyphs\/glyph258.glif","\/fonts\/Unpacking\/955ed5981911c1016d544a6177a13e79a7c61dca\/saintfra.ufo\/glyphs\/glyph259.glif":"\/fonts\/Unpacking\/955ed5981911c1016d544a6177a13e79a7c61dca\/saintfra.ufo\/glyphs\/glyph259.glif","\/fonts\/Unpacking\/955ed5981911c1016d544a6177a13e79a7c61dca\/saintfra.ufo\/glyphs\/glyph261.glif":"\/fonts\/Unpacking\/955ed5981911c1016d544a6177a13e79a7c61dca\/saintfra.ufo\/glyphs\/glyph261.glif","\/fonts\/Unpacking\/955ed5981911c1016d544a6177a13e79a7c61dca\/saintfra.ufo\/glyphs\/glyph262.glif":"\/fonts\/Unpacking\/955ed5981911c1016d544a6177a13e79a7c61dca\/saintfra.ufo\/glyphs\/glyph262.glif","\/fonts\/Unpacking\/955ed5981911c1016d544a6177a13e79a7c61dca\/saintfra.ufo\/glyphs\/glyph263.glif":"\/fonts\/Unpacking\/955ed5981911c1016d544a6177a13e79a7c61dca\/saintfra.ufo\/glyphs\/glyph263.glif","\/fonts\/Unpacking\/955ed5981911c1016d544a6177a13e79a7c61dca\/saintfra.ufo\/glyphs\/glyph264.glif":"\/fonts\/Unpacking\/955ed5981911c1016d544a6177a13e79a7c61dca\/saintfra.ufo\/glyphs\/glyph264.glif","\/fonts\/Unpacking\/955ed5981911c1016d544a6177a13e79a7c61dca\/saintfra.ufo\/glyphs\/glyph265.glif":"\/fonts\/Unpacking\/955ed5981911c1016d544a6177a13e79a7c61dca\/saintfra.ufo\/glyphs\/glyph265.glif","\/fonts\/Unpacking\/955ed5981911c1016d544a6177a13e79a7c61dca\/saintfra.ufo\/glyphs\/grave.glif":"\/fonts\/Unpacking\/955ed5981911c1016d544a6177a13e79a7c61dca\/saintfra.ufo\/glyphs\/grave.glif","\/fonts\/Unpacking\/955ed5981911c1016d544a6177a13e79a7c61dca\/saintfra.ufo\/glyphs\/greater.glif":"\/fonts\/Unpacking\/955ed5981911c1016d544a6177a13e79a7c61dca\/saintfra.ufo\/glyphs\/greater.glif","\/fonts\/Unpacking\/955ed5981911c1016d544a6177a13e79a7c61dca\/saintfra.ufo\/glyphs\/guillemotleft.glif":"\/fonts\/Unpacking\/955ed5981911c1016d544a6177a13e79a7c61dca\/saintfra.ufo\/glyphs\/guillemotleft.glif","\/fonts\/Unpacking\/955ed5981911c1016d544a6177a13e79a7c61dca\/saintfra.ufo\/glyphs\/guillemotright.glif":"\/fonts\/Unpacking\/955ed5981911c1016d544a6177a13e79a7c61dca\/saintfra.ufo\/glyphs\/guillemotright.glif","\/fonts\/Unpacking\/955ed5981911c1016d544a6177a13e79a7c61dca\/saintfra.ufo\/glyphs\/guilsinglleft.glif":"\/fonts\/Unpacking\/955ed5981911c1016d544a6177a13e79a7c61dca\/saintfra.ufo\/glyphs\/guilsinglleft.glif","\/fonts\/Unpacking\/955ed5981911c1016d544a6177a13e79a7c61dca\/saintfra.ufo\/glyphs\/guilsinglright.glif":"\/fonts\/Unpacking\/955ed5981911c1016d544a6177a13e79a7c61dca\/saintfra.ufo\/glyphs\/guilsinglright.glif","\/fonts\/Unpacking\/955ed5981911c1016d544a6177a13e79a7c61dca\/saintfra.ufo\/glyphs\/h.glif":"\/fonts\/Unpacking\/955ed5981911c1016d544a6177a13e79a7c61dca\/saintfra.ufo\/glyphs\/h.glif","\/fonts\/Unpacking\/955ed5981911c1016d544a6177a13e79a7c61dca\/saintfra.ufo\/glyphs\/heart.glif":"\/fonts\/Unpacking\/955ed5981911c1016d544a6177a13e79a7c61dca\/saintfra.ufo\/glyphs\/heart.glif","\/fonts\/Unpacking\/955ed5981911c1016d544a6177a13e79a7c61dca\/saintfra.ufo\/glyphs\/house.glif":"\/fonts\/Unpacking\/955ed5981911c1016d544a6177a13e79a7c61dca\/saintfra.ufo\/glyphs\/house.glif","\/fonts\/Unpacking\/955ed5981911c1016d544a6177a13e79a7c61dca\/saintfra.ufo\/glyphs\/hungarumlaut.glif":"\/fonts\/Unpacking\/955ed5981911c1016d544a6177a13e79a7c61dca\/saintfra.ufo\/glyphs\/hungarumlaut.glif","\/fonts\/Unpacking\/955ed5981911c1016d544a6177a13e79a7c61dca\/saintfra.ufo\/glyphs\/hyphen.glif":"\/fonts\/Unpacking\/955ed5981911c1016d544a6177a13e79a7c61dca\/saintfra.ufo\/glyphs\/hyphen.glif","\/fonts\/Unpacking\/955ed5981911c1016d544a6177a13e79a7c61dca\/saintfra.ufo\/glyphs\/i.glif":"\/fonts\/Unpacking\/955ed5981911c1016d544a6177a13e79a7c61dca\/saintfra.ufo\/glyphs\/i.glif","\/fonts\/Unpacking\/955ed5981911c1016d544a6177a13e79a7c61dca\/saintfra.ufo\/glyphs\/iacute.glif":"\/fonts\/Unpacking\/955ed5981911c1016d544a6177a13e79a7c61dca\/saintfra.ufo\/glyphs\/iacute.glif","\/fonts\/Unpacking\/955ed5981911c1016d544a6177a13e79a7c61dca\/saintfra.ufo\/glyphs\/icircumflex.glif":"\/fonts\/Unpacking\/955ed5981911c1016d544a6177a13e79a7c61dca\/saintfra.ufo\/glyphs\/icircumflex.glif","\/fonts\/Unpacking\/955ed5981911c1016d544a6177a13e79a7c61dca\/saintfra.ufo\/glyphs\/idieresis.glif":"\/fonts\/Unpacking\/955ed5981911c1016d544a6177a13e79a7c61dca\/saintfra.ufo\/glyphs\/idieresis.glif","\/fonts\/Unpacking\/955ed5981911c1016d544a6177a13e79a7c61dca\/saintfra.ufo\/glyphs\/igrave.glif":"\/fonts\/Unpacking\/955ed5981911c1016d544a6177a13e79a7c61dca\/saintfra.ufo\/glyphs\/igrave.glif","\/fonts\/Unpacking\/955ed5981911c1016d544a6177a13e79a7c61dca\/saintfra.ufo\/glyphs\/integralbt.glif":"\/fonts\/Unpacking\/955ed5981911c1016d544a6177a13e79a7c61dca\/saintfra.ufo\/glyphs\/integralbt.glif","\/fonts\/Unpacking\/955ed5981911c1016d544a6177a13e79a7c61dca\/saintfra.ufo\/glyphs\/integraltp.glif":"\/fonts\/Unpacking\/955ed5981911c1016d544a6177a13e79a7c61dca\/saintfra.ufo\/glyphs\/integraltp.glif","\/fonts\/Unpacking\/955ed5981911c1016d544a6177a13e79a7c61dca\/saintfra.ufo\/glyphs\/intersection.glif":"\/fonts\/Unpacking\/955ed5981911c1016d544a6177a13e79a7c61dca\/saintfra.ufo\/glyphs\/intersection.glif","\/fonts\/Unpacking\/955ed5981911c1016d544a6177a13e79a7c61dca\/saintfra.ufo\/glyphs\/invbullet.glif":"\/fonts\/Unpacking\/955ed5981911c1016d544a6177a13e79a7c61dca\/saintfra.ufo\/glyphs\/invbullet.glif","\/fonts\/Unpacking\/955ed5981911c1016d544a6177a13e79a7c61dca\/saintfra.ufo\/glyphs\/invcircle.glif":"\/fonts\/Unpacking\/955ed5981911c1016d544a6177a13e79a7c61dca\/saintfra.ufo\/glyphs\/invcircle.glif","\/fonts\/Unpacking\/955ed5981911c1016d544a6177a13e79a7c61dca\/saintfra.ufo\/glyphs\/invsmileface.glif":"\/fonts\/Unpacking\/955ed5981911c1016d544a6177a13e79a7c61dca\/saintfra.ufo\/glyphs\/invsmileface.glif","\/fonts\/Unpacking\/955ed5981911c1016d544a6177a13e79a7c61dca\/saintfra.ufo\/glyphs\/j.glif":"\/fonts\/Unpacking\/955ed5981911c1016d544a6177a13e79a7c61dca\/saintfra.ufo\/glyphs\/j.glif","\/fonts\/Unpacking\/955ed5981911c1016d544a6177a13e79a7c61dca\/saintfra.ufo\/glyphs\/k.glif":"\/fonts\/Unpacking\/955ed5981911c1016d544a6177a13e79a7c61dca\/saintfra.ufo\/glyphs\/k.glif","\/fonts\/Unpacking\/955ed5981911c1016d544a6177a13e79a7c61dca\/saintfra.ufo\/glyphs\/l.glif":"\/fonts\/Unpacking\/955ed5981911c1016d544a6177a13e79a7c61dca\/saintfra.ufo\/glyphs\/l.glif","\/fonts\/Unpacking\/955ed5981911c1016d544a6177a13e79a7c61dca\/saintfra.ufo\/glyphs\/lacute.glif":"\/fonts\/Unpacking\/955ed5981911c1016d544a6177a13e79a7c61dca\/saintfra.ufo\/glyphs\/lacute.glif","\/fonts\/Unpacking\/955ed5981911c1016d544a6177a13e79a7c61dca\/saintfra.ufo\/glyphs\/lcaron.glif":"\/fonts\/Unpacking\/955ed5981911c1016d544a6177a13e79a7c61dca\/saintfra.ufo\/glyphs\/lcaron.glif","\/fonts\/Unpacking\/955ed5981911c1016d544a6177a13e79a7c61dca\/saintfra.ufo\/glyphs\/ldot.glif":"\/fonts\/Unpacking\/955ed5981911c1016d544a6177a13e79a7c61dca\/saintfra.ufo\/glyphs\/ldot.glif","\/fonts\/Unpacking\/955ed5981911c1016d544a6177a13e79a7c61dca\/saintfra.ufo\/glyphs\/less.glif":"\/fonts\/Unpacking\/955ed5981911c1016d544a6177a13e79a7c61dca\/saintfra.ufo\/glyphs\/less.glif","\/fonts\/Unpacking\/955ed5981911c1016d544a6177a13e79a7c61dca\/saintfra.ufo\/glyphs\/lfblock.glif":"\/fonts\/Unpacking\/955ed5981911c1016d544a6177a13e79a7c61dca\/saintfra.ufo\/glyphs\/lfblock.glif","\/fonts\/Unpacking\/955ed5981911c1016d544a6177a13e79a7c61dca\/saintfra.ufo\/glyphs\/lslash.glif":"\/fonts\/Unpacking\/955ed5981911c1016d544a6177a13e79a7c61dca\/saintfra.ufo\/glyphs\/lslash.glif","\/fonts\/Unpacking\/955ed5981911c1016d544a6177a13e79a7c61dca\/saintfra.ufo\/glyphs\/ltshade.glif":"\/fonts\/Unpacking\/955ed5981911c1016d544a6177a13e79a7c61dca\/saintfra.ufo\/glyphs\/ltshade.glif","\/fonts\/Unpacking\/955ed5981911c1016d544a6177a13e79a7c61dca\/saintfra.ufo\/glyphs\/m.glif":"\/fonts\/Unpacking\/955ed5981911c1016d544a6177a13e79a7c61dca\/saintfra.ufo\/glyphs\/m.glif","\/fonts\/Unpacking\/955ed5981911c1016d544a6177a13e79a7c61dca\/saintfra.ufo\/glyphs\/macron.glif":"\/fonts\/Unpacking\/955ed5981911c1016d544a6177a13e79a7c61dca\/saintfra.ufo\/glyphs\/macron.glif","\/fonts\/Unpacking\/955ed5981911c1016d544a6177a13e79a7c61dca\/saintfra.ufo\/glyphs\/male.glif":"\/fonts\/Unpacking\/955ed5981911c1016d544a6177a13e79a7c61dca\/saintfra.ufo\/glyphs\/male.glif","\/fonts\/Unpacking\/955ed5981911c1016d544a6177a13e79a7c61dca\/saintfra.ufo\/glyphs\/minus.glif":"\/fonts\/Unpacking\/955ed5981911c1016d544a6177a13e79a7c61dca\/saintfra.ufo\/glyphs\/minus.glif","\/fonts\/Unpacking\/955ed5981911c1016d544a6177a13e79a7c61dca\/saintfra.ufo\/glyphs\/mu.glif":"\/fonts\/Unpacking\/955ed5981911c1016d544a6177a13e79a7c61dca\/saintfra.ufo\/glyphs\/mu.glif","\/fonts\/Unpacking\/955ed5981911c1016d544a6177a13e79a7c61dca\/saintfra.ufo\/glyphs\/multiply.glif":"\/fonts\/Unpacking\/955ed5981911c1016d544a6177a13e79a7c61dca\/saintfra.ufo\/glyphs\/multiply.glif","\/fonts\/Unpacking\/955ed5981911c1016d544a6177a13e79a7c61dca\/saintfra.ufo\/glyphs\/musicalnote.glif":"\/fonts\/Unpacking\/955ed5981911c1016d544a6177a13e79a7c61dca\/saintfra.ufo\/glyphs\/musicalnote.glif","\/fonts\/Unpacking\/955ed5981911c1016d544a6177a13e79a7c61dca\/saintfra.ufo\/glyphs\/musicalnotedbl.glif":"\/fonts\/Unpacking\/955ed5981911c1016d544a6177a13e79a7c61dca\/saintfra.ufo\/glyphs\/musicalnotedbl.glif","\/fonts\/Unpacking\/955ed5981911c1016d544a6177a13e79a7c61dca\/saintfra.ufo\/glyphs\/n.glif":"\/fonts\/Unpacking\/955ed5981911c1016d544a6177a13e79a7c61dca\/saintfra.ufo\/glyphs\/n.glif","\/fonts\/Unpacking\/955ed5981911c1016d544a6177a13e79a7c61dca\/saintfra.ufo\/glyphs\/nacute.glif":"\/fonts\/Unpacking\/955ed5981911c1016d544a6177a13e79a7c61dca\/saintfra.ufo\/glyphs\/nacute.glif","\/fonts\/Unpacking\/955ed5981911c1016d544a6177a13e79a7c61dca\/saintfra.ufo\/glyphs\/ncaron.glif":"\/fonts\/Unpacking\/955ed5981911c1016d544a6177a13e79a7c61dca\/saintfra.ufo\/glyphs\/ncaron.glif","\/fonts\/Unpacking\/955ed5981911c1016d544a6177a13e79a7c61dca\/saintfra.ufo\/glyphs\/nine.glif":"\/fonts\/Unpacking\/955ed5981911c1016d544a6177a13e79a7c61dca\/saintfra.ufo\/glyphs\/nine.glif","\/fonts\/Unpacking\/955ed5981911c1016d544a6177a13e79a7c61dca\/saintfra.ufo\/glyphs\/ntilde.glif":"\/fonts\/Unpacking\/955ed5981911c1016d544a6177a13e79a7c61dca\/saintfra.ufo\/glyphs\/ntilde.glif","\/fonts\/Unpacking\/955ed5981911c1016d544a6177a13e79a7c61dca\/saintfra.ufo\/glyphs\/numbersign.glif":"\/fonts\/Unpacking\/955ed5981911c1016d544a6177a13e79a7c61dca\/saintfra.ufo\/glyphs\/numbersign.glif","\/fonts\/Unpacking\/955ed5981911c1016d544a6177a13e79a7c61dca\/saintfra.ufo\/glyphs\/o.glif":"\/fonts\/Unpacking\/955ed5981911c1016d544a6177a13e79a7c61dca\/saintfra.ufo\/glyphs\/o.glif","\/fonts\/Unpacking\/955ed5981911c1016d544a6177a13e79a7c61dca\/saintfra.ufo\/glyphs\/oacute.glif":"\/fonts\/Unpacking\/955ed5981911c1016d544a6177a13e79a7c61dca\/saintfra.ufo\/glyphs\/oacute.glif","\/fonts\/Unpacking\/955ed5981911c1016d544a6177a13e79a7c61dca\/saintfra.ufo\/glyphs\/ocircumflex.glif":"\/fonts\/Unpacking\/955ed5981911c1016d544a6177a13e79a7c61dca\/saintfra.ufo\/glyphs\/ocircumflex.glif","\/fonts\/Unpacking\/955ed5981911c1016d544a6177a13e79a7c61dca\/saintfra.ufo\/glyphs\/odieresis.glif":"\/fonts\/Unpacking\/955ed5981911c1016d544a6177a13e79a7c61dca\/saintfra.ufo\/glyphs\/odieresis.glif","\/fonts\/Unpacking\/955ed5981911c1016d544a6177a13e79a7c61dca\/saintfra.ufo\/glyphs\/oe.glif":"\/fonts\/Unpacking\/955ed5981911c1016d544a6177a13e79a7c61dca\/saintfra.ufo\/glyphs\/oe.glif","\/fonts\/Unpacking\/955ed5981911c1016d544a6177a13e79a7c61dca\/saintfra.ufo\/glyphs\/ogonek.glif":"\/fonts\/Unpacking\/955ed5981911c1016d544a6177a13e79a7c61dca\/saintfra.ufo\/glyphs\/ogonek.glif","\/fonts\/Unpacking\/955ed5981911c1016d544a6177a13e79a7c61dca\/saintfra.ufo\/glyphs\/ograve.glif":"\/fonts\/Unpacking\/955ed5981911c1016d544a6177a13e79a7c61dca\/saintfra.ufo\/glyphs\/ograve.glif","\/fonts\/Unpacking\/955ed5981911c1016d544a6177a13e79a7c61dca\/saintfra.ufo\/glyphs\/ohungarumlaut.glif":"\/fonts\/Unpacking\/955ed5981911c1016d544a6177a13e79a7c61dca\/saintfra.ufo\/glyphs\/ohungarumlaut.glif","\/fonts\/Unpacking\/955ed5981911c1016d544a6177a13e79a7c61dca\/saintfra.ufo\/glyphs\/one.glif":"\/fonts\/Unpacking\/955ed5981911c1016d544a6177a13e79a7c61dca\/saintfra.ufo\/glyphs\/one.glif","\/fonts\/Unpacking\/955ed5981911c1016d544a6177a13e79a7c61dca\/saintfra.ufo\/glyphs\/onehalf.glif":"\/fonts\/Unpacking\/955ed5981911c1016d544a6177a13e79a7c61dca\/saintfra.ufo\/glyphs\/onehalf.glif","\/fonts\/Unpacking\/955ed5981911c1016d544a6177a13e79a7c61dca\/saintfra.ufo\/glyphs\/onequarter.glif":"\/fonts\/Unpacking\/955ed5981911c1016d544a6177a13e79a7c61dca\/saintfra.ufo\/glyphs\/onequarter.glif","\/fonts\/Unpacking\/955ed5981911c1016d544a6177a13e79a7c61dca\/saintfra.ufo\/glyphs\/ordfeminine.glif":"\/fonts\/Unpacking\/955ed5981911c1016d544a6177a13e79a7c61dca\/saintfra.ufo\/glyphs\/ordfeminine.glif","\/fonts\/Unpacking\/955ed5981911c1016d544a6177a13e79a7c61dca\/saintfra.ufo\/glyphs\/ordmasculine.glif":"\/fonts\/Unpacking\/955ed5981911c1016d544a6177a13e79a7c61dca\/saintfra.ufo\/glyphs\/ordmasculine.glif","\/fonts\/Unpacking\/955ed5981911c1016d544a6177a13e79a7c61dca\/saintfra.ufo\/glyphs\/orthogonal.glif":"\/fonts\/Unpacking\/955ed5981911c1016d544a6177a13e79a7c61dca\/saintfra.ufo\/glyphs\/orthogonal.glif","\/fonts\/Unpacking\/955ed5981911c1016d544a6177a13e79a7c61dca\/saintfra.ufo\/glyphs\/oslash.glif":"\/fonts\/Unpacking\/955ed5981911c1016d544a6177a13e79a7c61dca\/saintfra.ufo\/glyphs\/oslash.glif","\/fonts\/Unpacking\/955ed5981911c1016d544a6177a13e79a7c61dca\/saintfra.ufo\/glyphs\/otilde.glif":"\/fonts\/Unpacking\/955ed5981911c1016d544a6177a13e79a7c61dca\/saintfra.ufo\/glyphs\/otilde.glif","\/fonts\/Unpacking\/955ed5981911c1016d544a6177a13e79a7c61dca\/saintfra.ufo\/glyphs\/p.glif":"\/fonts\/Unpacking\/955ed5981911c1016d544a6177a13e79a7c61dca\/saintfra.ufo\/glyphs\/p.glif","\/fonts\/Unpacking\/955ed5981911c1016d544a6177a13e79a7c61dca\/saintfra.ufo\/glyphs\/paragraph.glif":"\/fonts\/Unpacking\/955ed5981911c1016d544a6177a13e79a7c61dca\/saintfra.ufo\/glyphs\/paragraph.glif","\/fonts\/Unpacking\/955ed5981911c1016d544a6177a13e79a7c61dca\/saintfra.ufo\/glyphs\/parenleft.glif":"\/fonts\/Unpacking\/955ed5981911c1016d544a6177a13e79a7c61dca\/saintfra.ufo\/glyphs\/parenleft.glif","\/fonts\/Unpacking\/955ed5981911c1016d544a6177a13e79a7c61dca\/saintfra.ufo\/glyphs\/parenright.glif":"\/fonts\/Unpacking\/955ed5981911c1016d544a6177a13e79a7c61dca\/saintfra.ufo\/glyphs\/parenright.glif","\/fonts\/Unpacking\/955ed5981911c1016d544a6177a13e79a7c61dca\/saintfra.ufo\/glyphs\/percent.glif":"\/fonts\/Unpacking\/955ed5981911c1016d544a6177a13e79a7c61dca\/saintfra.ufo\/glyphs\/percent.glif","\/fonts\/Unpacking\/955ed5981911c1016d544a6177a13e79a7c61dca\/saintfra.ufo\/glyphs\/period.glif":"\/fonts\/Unpacking\/955ed5981911c1016d544a6177a13e79a7c61dca\/saintfra.ufo\/glyphs\/period.glif","\/fonts\/Unpacking\/955ed5981911c1016d544a6177a13e79a7c61dca\/saintfra.ufo\/glyphs\/periodcentered.glif":"\/fonts\/Unpacking\/955ed5981911c1016d544a6177a13e79a7c61dca\/saintfra.ufo\/glyphs\/periodcentered.glif","\/fonts\/Unpacking\/955ed5981911c1016d544a6177a13e79a7c61dca\/saintfra.ufo\/glyphs\/perthousand.glif":"\/fonts\/Unpacking\/955ed5981911c1016d544a6177a13e79a7c61dca\/saintfra.ufo\/glyphs\/perthousand.glif","\/fonts\/Unpacking\/955ed5981911c1016d544a6177a13e79a7c61dca\/saintfra.ufo\/glyphs\/peseta.glif":"\/fonts\/Unpacking\/955ed5981911c1016d544a6177a13e79a7c61dca\/saintfra.ufo\/glyphs\/peseta.glif","\/fonts\/Unpacking\/955ed5981911c1016d544a6177a13e79a7c61dca\/saintfra.ufo\/glyphs\/phi.glif":"\/fonts\/Unpacking\/955ed5981911c1016d544a6177a13e79a7c61dca\/saintfra.ufo\/glyphs\/phi.glif","\/fonts\/Unpacking\/955ed5981911c1016d544a6177a13e79a7c61dca\/saintfra.ufo\/glyphs\/plus.glif":"\/fonts\/Unpacking\/955ed5981911c1016d544a6177a13e79a7c61dca\/saintfra.ufo\/glyphs\/plus.glif","\/fonts\/Unpacking\/955ed5981911c1016d544a6177a13e79a7c61dca\/saintfra.ufo\/glyphs\/plusminus.glif":"\/fonts\/Unpacking\/955ed5981911c1016d544a6177a13e79a7c61dca\/saintfra.ufo\/glyphs\/plusminus.glif","\/fonts\/Unpacking\/955ed5981911c1016d544a6177a13e79a7c61dca\/saintfra.ufo\/glyphs\/q.glif":"\/fonts\/Unpacking\/955ed5981911c1016d544a6177a13e79a7c61dca\/saintfra.ufo\/glyphs\/q.glif","\/fonts\/Unpacking\/955ed5981911c1016d544a6177a13e79a7c61dca\/saintfra.ufo\/glyphs\/question.glif":"\/fonts\/Unpacking\/955ed5981911c1016d544a6177a13e79a7c61dca\/saintfra.ufo\/glyphs\/question.glif","\/fonts\/Unpacking\/955ed5981911c1016d544a6177a13e79a7c61dca\/saintfra.ufo\/glyphs\/questiondown.glif":"\/fonts\/Unpacking\/955ed5981911c1016d544a6177a13e79a7c61dca\/saintfra.ufo\/glyphs\/questiondown.glif","\/fonts\/Unpacking\/955ed5981911c1016d544a6177a13e79a7c61dca\/saintfra.ufo\/glyphs\/quotedbl.glif":"\/fonts\/Unpacking\/955ed5981911c1016d544a6177a13e79a7c61dca\/saintfra.ufo\/glyphs\/quotedbl.glif","\/fonts\/Unpacking\/955ed5981911c1016d544a6177a13e79a7c61dca\/saintfra.ufo\/glyphs\/quotedblbase.glif":"\/fonts\/Unpacking\/955ed5981911c1016d544a6177a13e79a7c61dca\/saintfra.ufo\/glyphs\/quotedblbase.glif","\/fonts\/Unpacking\/955ed5981911c1016d544a6177a13e79a7c61dca\/saintfra.ufo\/glyphs\/quotedblleft.glif":"\/fonts\/Unpacking\/955ed5981911c1016d544a6177a13e79a7c61dca\/saintfra.ufo\/glyphs\/quotedblleft.glif","\/fonts\/Unpacking\/955ed5981911c1016d544a6177a13e79a7c61dca\/saintfra.ufo\/glyphs\/quotedblright.glif":"\/fonts\/Unpacking\/955ed5981911c1016d544a6177a13e79a7c61dca\/saintfra.ufo\/glyphs\/quotedblright.glif","\/fonts\/Unpacking\/955ed5981911c1016d544a6177a13e79a7c61dca\/saintfra.ufo\/glyphs\/quoteleft.glif":"\/fonts\/Unpacking\/955ed5981911c1016d544a6177a13e79a7c61dca\/saintfra.ufo\/glyphs\/quoteleft.glif","\/fonts\/Unpacking\/955ed5981911c1016d544a6177a13e79a7c61dca\/saintfra.ufo\/glyphs\/quoteright.glif":"\/fonts\/Unpacking\/955ed5981911c1016d544a6177a13e79a7c61dca\/saintfra.ufo\/glyphs\/quoteright.glif","\/fonts\/Unpacking\/955ed5981911c1016d544a6177a13e79a7c61dca\/saintfra.ufo\/glyphs\/quotesingle.glif":"\/fonts\/Unpacking\/955ed5981911c1016d544a6177a13e79a7c61dca\/saintfra.ufo\/glyphs\/quotesingle.glif","\/fonts\/Unpacking\/955ed5981911c1016d544a6177a13e79a7c61dca\/saintfra.ufo\/glyphs\/r.glif":"\/fonts\/Unpacking\/955ed5981911c1016d544a6177a13e79a7c61dca\/saintfra.ufo\/glyphs\/r.glif","\/fonts\/Unpacking\/955ed5981911c1016d544a6177a13e79a7c61dca\/saintfra.ufo\/glyphs\/racute.glif":"\/fonts\/Unpacking\/955ed5981911c1016d544a6177a13e79a7c61dca\/saintfra.ufo\/glyphs\/racute.glif","\/fonts\/Unpacking\/955ed5981911c1016d544a6177a13e79a7c61dca\/saintfra.ufo\/glyphs\/rcaron.glif":"\/fonts\/Unpacking\/955ed5981911c1016d544a6177a13e79a7c61dca\/saintfra.ufo\/glyphs\/rcaron.glif","\/fonts\/Unpacking\/955ed5981911c1016d544a6177a13e79a7c61dca\/saintfra.ufo\/glyphs\/registered.glif":"\/fonts\/Unpacking\/955ed5981911c1016d544a6177a13e79a7c61dca\/saintfra.ufo\/glyphs\/registered.glif","\/fonts\/Unpacking\/955ed5981911c1016d544a6177a13e79a7c61dca\/saintfra.ufo\/glyphs\/revlogicalnot.glif":"\/fonts\/Unpacking\/955ed5981911c1016d544a6177a13e79a7c61dca\/saintfra.ufo\/glyphs\/revlogicalnot.glif","\/fonts\/Unpacking\/955ed5981911c1016d544a6177a13e79a7c61dca\/saintfra.ufo\/glyphs\/ring.glif":"\/fonts\/Unpacking\/955ed5981911c1016d544a6177a13e79a7c61dca\/saintfra.ufo\/glyphs\/ring.glif","\/fonts\/Unpacking\/955ed5981911c1016d544a6177a13e79a7c61dca\/saintfra.ufo\/glyphs\/rtblock.glif":"\/fonts\/Unpacking\/955ed5981911c1016d544a6177a13e79a7c61dca\/saintfra.ufo\/glyphs\/rtblock.glif","\/fonts\/Unpacking\/955ed5981911c1016d544a6177a13e79a7c61dca\/saintfra.ufo\/glyphs\/s.glif":"\/fonts\/Unpacking\/955ed5981911c1016d544a6177a13e79a7c61dca\/saintfra.ufo\/glyphs\/s.glif","\/fonts\/Unpacking\/955ed5981911c1016d544a6177a13e79a7c61dca\/saintfra.ufo\/glyphs\/sacute.glif":"\/fonts\/Unpacking\/955ed5981911c1016d544a6177a13e79a7c61dca\/saintfra.ufo\/glyphs\/sacute.glif","\/fonts\/Unpacking\/955ed5981911c1016d544a6177a13e79a7c61dca\/saintfra.ufo\/glyphs\/scaron.glif":"\/fonts\/Unpacking\/955ed5981911c1016d544a6177a13e79a7c61dca\/saintfra.ufo\/glyphs\/scaron.glif","\/fonts\/Unpacking\/955ed5981911c1016d544a6177a13e79a7c61dca\/saintfra.ufo\/glyphs\/scedilla.glif":"\/fonts\/Unpacking\/955ed5981911c1016d544a6177a13e79a7c61dca\/saintfra.ufo\/glyphs\/scedilla.glif","\/fonts\/Unpacking\/955ed5981911c1016d544a6177a13e79a7c61dca\/saintfra.ufo\/glyphs\/section.glif":"\/fonts\/Unpacking\/955ed5981911c1016d544a6177a13e79a7c61dca\/saintfra.ufo\/glyphs\/section.glif","\/fonts\/Unpacking\/955ed5981911c1016d544a6177a13e79a7c61dca\/saintfra.ufo\/glyphs\/semicolon.glif":"\/fonts\/Unpacking\/955ed5981911c1016d544a6177a13e79a7c61dca\/saintfra.ufo\/glyphs\/semicolon.glif","\/fonts\/Unpacking\/955ed5981911c1016d544a6177a13e79a7c61dca\/saintfra.ufo\/glyphs\/seven.glif":"\/fonts\/Unpacking\/955ed5981911c1016d544a6177a13e79a7c61dca\/saintfra.ufo\/glyphs\/seven.glif","\/fonts\/Unpacking\/955ed5981911c1016d544a6177a13e79a7c61dca\/saintfra.ufo\/glyphs\/sfthyphen.glif":"\/fonts\/Unpacking\/955ed5981911c1016d544a6177a13e79a7c61dca\/saintfra.ufo\/glyphs\/sfthyphen.glif","\/fonts\/Unpacking\/955ed5981911c1016d544a6177a13e79a7c61dca\/saintfra.ufo\/glyphs\/shade.glif":"\/fonts\/Unpacking\/955ed5981911c1016d544a6177a13e79a7c61dca\/saintfra.ufo\/glyphs\/shade.glif","\/fonts\/Unpacking\/955ed5981911c1016d544a6177a13e79a7c61dca\/saintfra.ufo\/glyphs\/sigma.glif":"\/fonts\/Unpacking\/955ed5981911c1016d544a6177a13e79a7c61dca\/saintfra.ufo\/glyphs\/sigma.glif","\/fonts\/Unpacking\/955ed5981911c1016d544a6177a13e79a7c61dca\/saintfra.ufo\/glyphs\/six.glif":"\/fonts\/Unpacking\/955ed5981911c1016d544a6177a13e79a7c61dca\/saintfra.ufo\/glyphs\/six.glif","\/fonts\/Unpacking\/955ed5981911c1016d544a6177a13e79a7c61dca\/saintfra.ufo\/glyphs\/slash.glif":"\/fonts\/Unpacking\/955ed5981911c1016d544a6177a13e79a7c61dca\/saintfra.ufo\/glyphs\/slash.glif","\/fonts\/Unpacking\/955ed5981911c1016d544a6177a13e79a7c61dca\/saintfra.ufo\/glyphs\/smileface.glif":"\/fonts\/Unpacking\/955ed5981911c1016d544a6177a13e79a7c61dca\/saintfra.ufo\/glyphs\/smileface.glif","\/fonts\/Unpacking\/955ed5981911c1016d544a6177a13e79a7c61dca\/saintfra.ufo\/glyphs\/space.glif":"\/fonts\/Unpacking\/955ed5981911c1016d544a6177a13e79a7c61dca\/saintfra.ufo\/glyphs\/space.glif","\/fonts\/Unpacking\/955ed5981911c1016d544a6177a13e79a7c61dca\/saintfra.ufo\/glyphs\/spade.glif":"\/fonts\/Unpacking\/955ed5981911c1016d544a6177a13e79a7c61dca\/saintfra.ufo\/glyphs\/spade.glif","\/fonts\/Unpacking\/955ed5981911c1016d544a6177a13e79a7c61dca\/saintfra.ufo\/glyphs\/sterling.glif":"\/fonts\/Unpacking\/955ed5981911c1016d544a6177a13e79a7c61dca\/saintfra.ufo\/glyphs\/sterling.glif","\/fonts\/Unpacking\/955ed5981911c1016d544a6177a13e79a7c61dca\/saintfra.ufo\/glyphs\/sun.glif":"\/fonts\/Unpacking\/955ed5981911c1016d544a6177a13e79a7c61dca\/saintfra.ufo\/glyphs\/sun.glif","\/fonts\/Unpacking\/955ed5981911c1016d544a6177a13e79a7c61dca\/saintfra.ufo\/glyphs\/t.glif":"\/fonts\/Unpacking\/955ed5981911c1016d544a6177a13e79a7c61dca\/saintfra.ufo\/glyphs\/t.glif","\/fonts\/Unpacking\/955ed5981911c1016d544a6177a13e79a7c61dca\/saintfra.ufo\/glyphs\/tau.glif":"\/fonts\/Unpacking\/955ed5981911c1016d544a6177a13e79a7c61dca\/saintfra.ufo\/glyphs\/tau.glif","\/fonts\/Unpacking\/955ed5981911c1016d544a6177a13e79a7c61dca\/saintfra.ufo\/glyphs\/tcaron.glif":"\/fonts\/Unpacking\/955ed5981911c1016d544a6177a13e79a7c61dca\/saintfra.ufo\/glyphs\/tcaron.glif","\/fonts\/Unpacking\/955ed5981911c1016d544a6177a13e79a7c61dca\/saintfra.ufo\/glyphs\/tcommaaccent.glif":"\/fonts\/Unpacking\/955ed5981911c1016d544a6177a13e79a7c61dca\/saintfra.ufo\/glyphs\/tcommaaccent.glif","\/fonts\/Unpacking\/955ed5981911c1016d544a6177a13e79a7c61dca\/saintfra.ufo\/glyphs\/thorn.glif":"\/fonts\/Unpacking\/955ed5981911c1016d544a6177a13e79a7c61dca\/saintfra.ufo\/glyphs\/thorn.glif","\/fonts\/Unpacking\/955ed5981911c1016d544a6177a13e79a7c61dca\/saintfra.ufo\/glyphs\/three.glif":"\/fonts\/Unpacking\/955ed5981911c1016d544a6177a13e79a7c61dca\/saintfra.ufo\/glyphs\/three.glif","\/fonts\/Unpacking\/955ed5981911c1016d544a6177a13e79a7c61dca\/saintfra.ufo\/glyphs\/threequarters.glif":"\/fonts\/Unpacking\/955ed5981911c1016d544a6177a13e79a7c61dca\/saintfra.ufo\/glyphs\/threequarters.glif","\/fonts\/Unpacking\/955ed5981911c1016d544a6177a13e79a7c61dca\/saintfra.ufo\/glyphs\/tilde.glif":"\/fonts\/Unpacking\/955ed5981911c1016d544a6177a13e79a7c61dca\/saintfra.ufo\/glyphs\/tilde.glif","\/fonts\/Unpacking\/955ed5981911c1016d544a6177a13e79a7c61dca\/saintfra.ufo\/glyphs\/trademark.glif":"\/fonts\/Unpacking\/955ed5981911c1016d544a6177a13e79a7c61dca\/saintfra.ufo\/glyphs\/trademark.glif","\/fonts\/Unpacking\/955ed5981911c1016d544a6177a13e79a7c61dca\/saintfra.ufo\/glyphs\/triagdn.glif":"\/fonts\/Unpacking\/955ed5981911c1016d544a6177a13e79a7c61dca\/saintfra.ufo\/glyphs\/triagdn.glif","\/fonts\/Unpacking\/955ed5981911c1016d544a6177a13e79a7c61dca\/saintfra.ufo\/glyphs\/triaglf.glif":"\/fonts\/Unpacking\/955ed5981911c1016d544a6177a13e79a7c61dca\/saintfra.ufo\/glyphs\/triaglf.glif","\/fonts\/Unpacking\/955ed5981911c1016d544a6177a13e79a7c61dca\/saintfra.ufo\/glyphs\/triagrt.glif":"\/fonts\/Unpacking\/955ed5981911c1016d544a6177a13e79a7c61dca\/saintfra.ufo\/glyphs\/triagrt.glif","\/fonts\/Unpacking\/955ed5981911c1016d544a6177a13e79a7c61dca\/saintfra.ufo\/glyphs\/triagup.glif":"\/fonts\/Unpacking\/955ed5981911c1016d544a6177a13e79a7c61dca\/saintfra.ufo\/glyphs\/triagup.glif","\/fonts\/Unpacking\/955ed5981911c1016d544a6177a13e79a7c61dca\/saintfra.ufo\/glyphs\/two.glif":"\/fonts\/Unpacking\/955ed5981911c1016d544a6177a13e79a7c61dca\/saintfra.ufo\/glyphs\/two.glif","\/fonts\/Unpacking\/955ed5981911c1016d544a6177a13e79a7c61dca\/saintfra.ufo\/glyphs\/u.glif":"\/fonts\/Unpacking\/955ed5981911c1016d544a6177a13e79a7c61dca\/saintfra.ufo\/glyphs\/u.glif","\/fonts\/Unpacking\/955ed5981911c1016d544a6177a13e79a7c61dca\/saintfra.ufo\/glyphs\/uacute.glif":"\/fonts\/Unpacking\/955ed5981911c1016d544a6177a13e79a7c61dca\/saintfra.ufo\/glyphs\/uacute.glif","\/fonts\/Unpacking\/955ed5981911c1016d544a6177a13e79a7c61dca\/saintfra.ufo\/glyphs\/ucircumflex.glif":"\/fonts\/Unpacking\/955ed5981911c1016d544a6177a13e79a7c61dca\/saintfra.ufo\/glyphs\/ucircumflex.glif","\/fonts\/Unpacking\/955ed5981911c1016d544a6177a13e79a7c61dca\/saintfra.ufo\/glyphs\/udieresis.glif":"\/fonts\/Unpacking\/955ed5981911c1016d544a6177a13e79a7c61dca\/saintfra.ufo\/glyphs\/udieresis.glif","\/fonts\/Unpacking\/955ed5981911c1016d544a6177a13e79a7c61dca\/saintfra.ufo\/glyphs\/ugrave.glif":"\/fonts\/Unpacking\/955ed5981911c1016d544a6177a13e79a7c61dca\/saintfra.ufo\/glyphs\/ugrave.glif","\/fonts\/Unpacking\/955ed5981911c1016d544a6177a13e79a7c61dca\/saintfra.ufo\/glyphs\/uhungarumlaut.glif":"\/fonts\/Unpacking\/955ed5981911c1016d544a6177a13e79a7c61dca\/saintfra.ufo\/glyphs\/uhungarumlaut.glif","\/fonts\/Unpacking\/955ed5981911c1016d544a6177a13e79a7c61dca\/saintfra.ufo\/glyphs\/underscore.glif":"\/fonts\/Unpacking\/955ed5981911c1016d544a6177a13e79a7c61dca\/saintfra.ufo\/glyphs\/underscore.glif","\/fonts\/Unpacking\/955ed5981911c1016d544a6177a13e79a7c61dca\/saintfra.ufo\/glyphs\/underscoredbl.glif":"\/fonts\/Unpacking\/955ed5981911c1016d544a6177a13e79a7c61dca\/saintfra.ufo\/glyphs\/underscoredbl.glif","\/fonts\/Unpacking\/955ed5981911c1016d544a6177a13e79a7c61dca\/saintfra.ufo\/glyphs\/uni00A_D_.glif":"\/fonts\/Unpacking\/955ed5981911c1016d544a6177a13e79a7c61dca\/saintfra.ufo\/glyphs\/uni00A_D_.glif","\/fonts\/Unpacking\/955ed5981911c1016d544a6177a13e79a7c61dca\/saintfra.ufo\/glyphs\/uni00B_2.glif":"\/fonts\/Unpacking\/955ed5981911c1016d544a6177a13e79a7c61dca\/saintfra.ufo\/glyphs\/uni00B_2.glif","\/fonts\/Unpacking\/955ed5981911c1016d544a6177a13e79a7c61dca\/saintfra.ufo\/glyphs\/uni00B_3.glif":"\/fonts\/Unpacking\/955ed5981911c1016d544a6177a13e79a7c61dca\/saintfra.ufo\/glyphs\/uni00B_3.glif","\/fonts\/Unpacking\/955ed5981911c1016d544a6177a13e79a7c61dca\/saintfra.ufo\/glyphs\/uni00B_9.glif":"\/fonts\/Unpacking\/955ed5981911c1016d544a6177a13e79a7c61dca\/saintfra.ufo\/glyphs\/uni00B_9.glif","\/fonts\/Unpacking\/955ed5981911c1016d544a6177a13e79a7c61dca\/saintfra.ufo\/glyphs\/uni02B_A_.glif":"\/fonts\/Unpacking\/955ed5981911c1016d544a6177a13e79a7c61dca\/saintfra.ufo\/glyphs\/uni02B_A_.glif","\/fonts\/Unpacking\/955ed5981911c1016d544a6177a13e79a7c61dca\/saintfra.ufo\/glyphs\/uni207F_.glif":"\/fonts\/Unpacking\/955ed5981911c1016d544a6177a13e79a7c61dca\/saintfra.ufo\/glyphs\/uni207F_.glif","\/fonts\/Unpacking\/955ed5981911c1016d544a6177a13e79a7c61dca\/saintfra.ufo\/glyphs\/upblock.glif":"\/fonts\/Unpacking\/955ed5981911c1016d544a6177a13e79a7c61dca\/saintfra.ufo\/glyphs\/upblock.glif","\/fonts\/Unpacking\/955ed5981911c1016d544a6177a13e79a7c61dca\/saintfra.ufo\/glyphs\/uring.glif":"\/fonts\/Unpacking\/955ed5981911c1016d544a6177a13e79a7c61dca\/saintfra.ufo\/glyphs\/uring.glif","\/fonts\/Unpacking\/955ed5981911c1016d544a6177a13e79a7c61dca\/saintfra.ufo\/glyphs\/v.glif":"\/fonts\/Unpacking\/955ed5981911c1016d544a6177a13e79a7c61dca\/saintfra.ufo\/glyphs\/v.glif","\/fonts\/Unpacking\/955ed5981911c1016d544a6177a13e79a7c61dca\/saintfra.ufo\/glyphs\/w.glif":"\/fonts\/Unpacking\/955ed5981911c1016d544a6177a13e79a7c61dca\/saintfra.ufo\/glyphs\/w.glif","\/fonts\/Unpacking\/955ed5981911c1016d544a6177a13e79a7c61dca\/saintfra.ufo\/glyphs\/x.glif":"\/fonts\/Unpacking\/955ed5981911c1016d544a6177a13e79a7c61dca\/saintfra.ufo\/glyphs\/x.glif","\/fonts\/Unpacking\/955ed5981911c1016d544a6177a13e79a7c61dca\/saintfra.ufo\/glyphs\/y.glif":"\/fonts\/Unpacking\/955ed5981911c1016d544a6177a13e79a7c61dca\/saintfra.ufo\/glyphs\/y.glif","\/fonts\/Unpacking\/955ed5981911c1016d544a6177a13e79a7c61dca\/saintfra.ufo\/glyphs\/yacute.glif":"\/fonts\/Unpacking\/955ed5981911c1016d544a6177a13e79a7c61dca\/saintfra.ufo\/glyphs\/yacute.glif","\/fonts\/Unpacking\/955ed5981911c1016d544a6177a13e79a7c61dca\/saintfra.ufo\/glyphs\/ydieresis.glif":"\/fonts\/Unpacking\/955ed5981911c1016d544a6177a13e79a7c61dca\/saintfra.ufo\/glyphs\/ydieresis.glif","\/fonts\/Unpacking\/955ed5981911c1016d544a6177a13e79a7c61dca\/saintfra.ufo\/glyphs\/yen.glif":"\/fonts\/Unpacking\/955ed5981911c1016d544a6177a13e79a7c61dca\/saintfra.ufo\/glyphs\/yen.glif","\/fonts\/Unpacking\/955ed5981911c1016d544a6177a13e79a7c61dca\/saintfra.ufo\/glyphs\/z.glif":"\/fonts\/Unpacking\/955ed5981911c1016d544a6177a13e79a7c61dca\/saintfra.ufo\/glyphs\/z.glif","\/fonts\/Unpacking\/955ed5981911c1016d544a6177a13e79a7c61dca\/saintfra.ufo\/glyphs\/zacute.glif":"\/fonts\/Unpacking\/955ed5981911c1016d544a6177a13e79a7c61dca\/saintfra.ufo\/glyphs\/zacute.glif","\/fonts\/Unpacking\/955ed5981911c1016d544a6177a13e79a7c61dca\/saintfra.ufo\/glyphs\/zcaron.glif":"\/fonts\/Unpacking\/955ed5981911c1016d544a6177a13e79a7c61dca\/saintfra.ufo\/glyphs\/zcaron.glif","\/fonts\/Unpacking\/955ed5981911c1016d544a6177a13e79a7c61dca\/saintfra.ufo\/glyphs\/zdotaccent.glif":"\/fonts\/Unpacking\/955ed5981911c1016d544a6177a13e79a7c61dca\/saintfra.ufo\/glyphs\/zdotaccent.glif","\/fonts\/Unpacking\/955ed5981911c1016d544a6177a13e79a7c61dca\/saintfra.ufo\/glyphs\/zero.glif":"\/fonts\/Unpacking\/955ed5981911c1016d544a6177a13e79a7c61dca\/saintfra.ufo\/glyphs\/zero.glif"},"Font":null,"Licences":{"":false},"Table":{"FFTM":{"entryLength":16,"tag":"FFTM","checksum":1947117688,"offset":23548,"length":28},"GDEF":{"entryLength":16,"tag":"GDEF","checksum":29097988,"offset":23516,"length":32},"OS\/2":{"entryLength":16,"tag":"OS\/2","checksum":3469089806,"offset":344,"length":86},"cmap":{"entryLength":16,"tag":"cmap","checksum":1503553658,"offset":1760,"length":1334},"gasp":{"entryLength":16,"tag":"gasp","checksum":4294901763,"offset":23508,"length":8},"glyf":{"entryLength":16,"tag":"glyf","checksum":2135261073,"offset":3896,"length":16704},"head":{"entryLength":16,"tag":"head","checksum":209131389,"offset":220,"length":54},"hhea":{"entryLength":16,"tag":"hhea","checksum":127272038,"offset":276,"length":36},"hmtx":{"entryLength":16,"tag":"hmtx","checksum":1656230662,"offset":432,"length":1328},"loca":{"entryLength":16,"tag":"loca","checksum":3668962822,"offset":3096,"length":800},"maxp":{"entryLength":16,"tag":"maxp","checksum":31064423,"offset":312,"length":32},"name":{"entryLength":16,"tag":"name","checksum":3044856058,"offset":20600,"length":675},"post":{"entryLength":16,"tag":"post","checksum":3958963437,"offset":21276,"length":2230}},"UnicodeCharMap":{"32":3,"33":4,"34":5,"35":6,"36":7,"37":8,"38":9,"39":10,"40":11,"41":12,"42":13,"43":14,"44":15,"45":16,"46":17,"47":18,"48":19,"49":20,"50":21,"51":22,"52":23,"53":24,"54":25,"55":26,"56":27,"57":28,"58":29,"59":30,"60":31,"61":32,"62":33,"63":34,"64":35,"65":36,"66":37,"67":38,"68":39,"69":40,"70":41,"71":42,"72":43,"73":44,"74":45,"75":46,"76":47,"77":48,"78":49,"79":50,"80":51,"81":52,"82":53,"83":54,"84":55,"85":56,"86":57,"87":58,"88":59,"89":60,"90":61,"91":62,"92":63,"93":64,"94":65,"95":66,"96":67,"97":68,"98":69,"99":70,"100":71,"101":72,"102":73,"103":74,"104":75,"105":76,"106":77,"107":78,"108":79,"109":80,"110":81,"111":82,"112":83,"113":84,"114":85,"115":86,"116":87,"117":88,"118":89,"119":90,"120":91,"121":92,"122":93,"123":94,"124":95,"125":96,"126":97,"161":201,"162":99,"163":100,"164":129,"165":197,"166":103,"167":104,"168":105,"169":106,"170":198,"171":203,"173":110,"174":111,"175":139,"176":194,"177":153,"178":115,"179":116,"180":117,"182":119,"183":214,"184":142,"185":122,"186":199,"187":204,"188":125,"189":233,"190":127,"191":200,"192":123,"193":184,"194":217,"195":205,"196":133,"197":134,"198":196,"199":136,"200":192,"201":138,"202":218,"203":219,"204":222,"205":220,"206":221,"207":101,"208":155,"209":146,"210":225,"211":223,"212":224,"213":167,"214":151,"215":152,"216":135,"217":228,"218":226,"219":227,"220":157,"221":158,"222":154,"223":160,"224":161,"225":162,"226":163,"227":164,"228":165,"229":166,"230":102,"231":168,"232":169,"233":170,"234":171,"235":172,"236":173,"237":174,"238":175,"239":176,"240":156,"241":178,"242":179,"243":180,"244":181,"245":182,"246":183,"248":118,"249":186,"250":187,"251":188,"252":189,"253":190,"254":232,"255":108,"258":317,"259":318,"260":319,"261":320,"262":254,"263":255,"268":256,"269":257,"270":321,"271":322,"272":323,"273":258,"280":324,"281":325,"282":326,"283":327,"286":249,"287":250,"304":251,"305":229,"313":328,"314":329,"317":330,"318":331,"319":355,"320":356,"321":148,"322":149,"323":332,"324":333,"327":334,"328":335,"336":336,"337":337,"338":185,"339":128,"340":338,"341":339,"344":297,"345":340,"346":341,"347":342,"350":252,"351":253,"352":231,"353":147,"354":343,"355":344,"356":345,"357":346,"366":347,"367":348,"368":350,"369":349,"376":124,"377":351,"378":352,"379":353,"380":354,"381":245,"382":246,"402":202,"698":238,"710":230,"711":141,"728":130,"729":140,"730":137,"731":144,"732":131,"733":143,"915":268,"920":269,"934":270,"945":271,"948":272,"949":273,"956":114,"963":274,"964":275,"966":276,"8211":397,"8212":109,"8215":264,"8216":208,"8217":209,"8220":206,"8221":207,"8222":215,"8224":193,"8225":213,"8226":398,"8230":107,"8240":216,"8249":132,"8250":150,"8252":265,"8260":210,"8319":266,"8355":248,"8359":267,"8482":195,"8592":277,"8593":278,"8594":234,"8595":279,"8596":280,"8597":281,"8616":282,"8722":247,"8735":283,"8745":284,"8801":285,"8962":235,"8976":286,"8992":287,"8993":288,"9472":357,"9474":358,"9484":359,"9488":360,"9492":361,"9496":362,"9500":363,"9508":364,"9516":365,"9524":366,"9532":367,"9552":368,"9553":369,"9554":370,"9555":371,"9556":372,"9557":373,"9558":374,"9559":375,"9560":376,"9561":377,"9562":378,"9563":379,"9564":380,"9565":381,"9566":382,"9567":383,"9568":384,"9569":385,"9570":386,"9571":387,"9572":388,"9573":389,"9574":390,"9575":391,"9576":392,"9577":393,"9578":394,"9579":395,"9580":396,"9600":298,"9604":299,"9608":300,"9612":301,"9616":302,"9617":303,"9618":304,"9619":305,"9632":237,"9644":289,"9650":291,"9658":292,"9660":293,"9668":294,"9675":290,"9688":295,"9689":296,"9786":306,"9787":307,"9788":308,"9792":309,"9794":310,"9824":311,"9827":312,"9829":313,"9830":314,"9834":315,"9835":316,"64257":211,"64258":212},"Reserves":null,"Names":[],"Nodes":[],"Contributors":[],"FontIdentity":"6aba5f54a6a33379a4d8e1ea4120b064","Bytes":2678305,"Networking":null,"barcode":null,"referee":null}