{"CSS":{"Zupiter":"Zupiter.css"},"FontType":"TrueType","FontCopyright":"(c) Typodermic, 2003. All rights reserved. Do not distribute. Report piracy to piracy@typodermic.com","FontName":"Zupiter","FontSubfamily":"Book","FontSubfamilyID":"FontForge 2.0 : Zupiter : 6-5-2017","FontFullName":"Zupiter","FontVersion":"Version 2.000 ","FontWeight":null,"FontPostscriptName":"Zupiter","Files":{"zupiter.afm":"zupiter.afm","zupiter.bin":"zupiter.bin","zupiter.cef":"zupiter.cef","zupiter.cff":"zupiter.cff","zupiter.cid":"zupiter.cid","zupiter.dfont":"zupiter.dfont","zupiter.eot":"zupiter.eot","zupiter.fon":"zupiter.fon","zupiter.gai":"zupiter.gai","zupiter.gsf":"zupiter.gsf","zupiter.hqx":"zupiter.hqx","zupiter.ik":"zupiter.ik","zupiter.mf":"zupiter.mf","zupiter.otf":"zupiter.otf","zupiter.pcf":"zupiter.pcf","zupiter.pf3":"zupiter.pf3","zupiter.pfa":"zupiter.pfa","zupiter.pfb":"zupiter.pfb","zupiter.php":"zupiter.php","zupiter.pmf":"zupiter.pmf","zupiter.pt3":"zupiter.pt3","zupiter.sfd":"zupiter.sfd","zupiter.svg":"zupiter.svg","zupiter.t42":"zupiter.t42","zupiter.ttd":"zupiter.ttd","zupiter.ttf":"zupiter.ttf","zupiter.ttg":"zupiter.ttg","zupiter.ufm":"zupiter.ufm","zupiter.woff":"zupiter.woff","zupiter.z":"zupiter.z","":{"zupiter.afm":"zupiter.afm","zupiter.bin":"zupiter.bin","zupiter.cef":"zupiter.cef","zupiter.cff":"zupiter.cff","zupiter.cid":"zupiter.cid","zupiter.dfont":"zupiter.dfont","zupiter.eot":"zupiter.eot","zupiter.fon":"zupiter.fon","zupiter.gai":"zupiter.gai","zupiter.gsf":"zupiter.gsf","zupiter.hqx":"zupiter.hqx","zupiter.ik":"zupiter.ik","zupiter.mf":"zupiter.mf","zupiter.otf":"zupiter.otf","zupiter.pcf":"zupiter.pcf","zupiter.pf3":"zupiter.pf3","zupiter.pfa":"zupiter.pfa","zupiter.pfb":"zupiter.pfb","zupiter.php":"zupiter.php","zupiter.pmf":"zupiter.pmf","zupiter.pt3":"zupiter.pt3","zupiter.sfd":"zupiter.sfd","zupiter.svg":"zupiter.svg","zupiter.t42":"zupiter.t42","zupiter.ttd":"zupiter.ttd","zupiter.ttf":"zupiter.ttf","zupiter.ttg":"zupiter.ttg","zupiter.ufm":"zupiter.ufm","zupiter.woff":"zupiter.woff","zupiter.z":"zupiter.z"},"\/zupiter.ufo":{"features.fea":"features.fea","fontinfo.plist":"fontinfo.plist","metainfo.plist":"metainfo.plist"},"\/zupiter.ufo\/glyphs":{"A_.glif":"A_.glif","A_E_.glif":"A_E_.glif","A_acute.glif":"A_acute.glif","A_circumflex.glif":"A_circumflex.glif","A_dieresis.glif":"A_dieresis.glif","A_grave.glif":"A_grave.glif","A_ring.glif":"A_ring.glif","A_tilde.glif":"A_tilde.glif","B_.glif":"B_.glif","C_.glif":"C_.glif","C_cedilla.glif":"C_cedilla.glif","D_.glif":"D_.glif","E_.glif":"E_.glif","E_acute.glif":"E_acute.glif","E_circumflex.glif":"E_circumflex.glif","E_dieresis.glif":"E_dieresis.glif","E_grave.glif":"E_grave.glif","E_th.glif":"E_th.glif","E_uro.glif":"E_uro.glif","F_.glif":"F_.glif","G_.glif":"G_.glif","H_.glif":"H_.glif","I_.glif":"I_.glif","I_acute.glif":"I_acute.glif","I_circumflex.glif":"I_circumflex.glif","I_dieresis.glif":"I_dieresis.glif","I_grave.glif":"I_grave.glif","J_.glif":"J_.glif","K_.glif":"K_.glif","L_.glif":"L_.glif","L_slash.glif":"L_slash.glif","M_.glif":"M_.glif","N_.glif":"N_.glif","N_tilde.glif":"N_tilde.glif","O_.glif":"O_.glif","O_E_.glif":"O_E_.glif","O_acute.glif":"O_acute.glif","O_circumflex.glif":"O_circumflex.glif","O_dieresis.glif":"O_dieresis.glif","O_grave.glif":"O_grave.glif","O_slash.glif":"O_slash.glif","O_tilde.glif":"O_tilde.glif","P_.glif":"P_.glif","Q_.glif":"Q_.glif","R_.glif":"R_.glif","S_.glif":"S_.glif","S_caron.glif":"S_caron.glif","T_.glif":"T_.glif","T_horn.glif":"T_horn.glif","U_.glif":"U_.glif","U_acute.glif":"U_acute.glif","U_circumflex.glif":"U_circumflex.glif","U_dieresis.glif":"U_dieresis.glif","U_grave.glif":"U_grave.glif","V_.glif":"V_.glif","W_.glif":"W_.glif","X_.glif":"X_.glif","Y_.glif":"Y_.glif","Y_acute.glif":"Y_acute.glif","Y_dieresis.glif":"Y_dieresis.glif","Z_.glif":"Z_.glif","Z_caron.glif":"Z_caron.glif","_notdef.glif":"_notdef.glif","_null.glif":"_null.glif","a.glif":"a.glif","aacute.glif":"aacute.glif","acircumflex.glif":"acircumflex.glif","acute.glif":"acute.glif","adieresis.glif":"adieresis.glif","ae.glif":"ae.glif","agrave.glif":"agrave.glif","ampersand.glif":"ampersand.glif","aring.glif":"aring.glif","asciicircum.glif":"asciicircum.glif","asciitilde.glif":"asciitilde.glif","asterisk.glif":"asterisk.glif","at.glif":"at.glif","atilde.glif":"atilde.glif","b.glif":"b.glif","backslash.glif":"backslash.glif","bar.glif":"bar.glif","braceleft.glif":"braceleft.glif","braceright.glif":"braceright.glif","bracketleft.glif":"bracketleft.glif","bracketright.glif":"bracketright.glif","bullet.glif":"bullet.glif","c.glif":"c.glif","caron.glif":"caron.glif","ccedilla.glif":"ccedilla.glif","cedilla.glif":"cedilla.glif","cent.glif":"cent.glif","circumflex.glif":"circumflex.glif","colon.glif":"colon.glif","comma.glif":"comma.glif","contents.plist":"contents.plist","copyright.glif":"copyright.glif","d.glif":"d.glif","dieresis.glif":"dieresis.glif","dollar.glif":"dollar.glif","dotlessi.glif":"dotlessi.glif","e.glif":"e.glif","eacute.glif":"eacute.glif","ecircumflex.glif":"ecircumflex.glif","edieresis.glif":"edieresis.glif","egrave.glif":"egrave.glif","eight.glif":"eight.glif","ellipsis.glif":"ellipsis.glif","emdash.glif":"emdash.glif","endash.glif":"endash.glif","equal.glif":"equal.glif","eth.glif":"eth.glif","exclam.glif":"exclam.glif","exclamdown.glif":"exclamdown.glif","f.glif":"f.glif","fi.glif":"fi.glif","five.glif":"five.glif","fl.glif":"fl.glif","four.glif":"four.glif","fraction.glif":"fraction.glif","g.glif":"g.glif","germandbls.glif":"germandbls.glif","grave.glif":"grave.glif","greater.glif":"greater.glif","guillemotleft.glif":"guillemotleft.glif","guillemotright.glif":"guillemotright.glif","guilsinglleft.glif":"guilsinglleft.glif","guilsinglright.glif":"guilsinglright.glif","h.glif":"h.glif","hyphen.glif":"hyphen.glif","i.glif":"i.glif","iacute.glif":"iacute.glif","icircumflex.glif":"icircumflex.glif","idieresis.glif":"idieresis.glif","igrave.glif":"igrave.glif","j.glif":"j.glif","k.glif":"k.glif","l.glif":"l.glif","less.glif":"less.glif","lslash.glif":"lslash.glif","m.glif":"m.glif","minus.glif":"minus.glif","n.glif":"n.glif","nine.glif":"nine.glif","nonmarkingreturn.glif":"nonmarkingreturn.glif","ntilde.glif":"ntilde.glif","numbersign.glif":"numbersign.glif","o.glif":"o.glif","oacute.glif":"oacute.glif","ocircumflex.glif":"ocircumflex.glif","odieresis.glif":"odieresis.glif","oe.glif":"oe.glif","ograve.glif":"ograve.glif","one.glif":"one.glif","oslash.glif":"oslash.glif","otilde.glif":"otilde.glif","p.glif":"p.glif","parenleft.glif":"parenleft.glif","parenright.glif":"parenright.glif","percent.glif":"percent.glif","period.glif":"period.glif","periodcentered.glif":"periodcentered.glif","perthousand.glif":"perthousand.glif","plus.glif":"plus.glif","q.glif":"q.glif","question.glif":"question.glif","questiondown.glif":"questiondown.glif","quotedbl.glif":"quotedbl.glif","quotedblbase.glif":"quotedblbase.glif","quotedblleft.glif":"quotedblleft.glif","quotedblright.glif":"quotedblright.glif","quoteleft.glif":"quoteleft.glif","quoteright.glif":"quoteright.glif","quotesinglbase.glif":"quotesinglbase.glif","quotesingle.glif":"quotesingle.glif","r.glif":"r.glif","registered.glif":"registered.glif","ring.glif":"ring.glif","s.glif":"s.glif","scaron.glif":"scaron.glif","section.glif":"section.glif","semicolon.glif":"semicolon.glif","seven.glif":"seven.glif","six.glif":"six.glif","slash.glif":"slash.glif","space.glif":"space.glif","sterling.glif":"sterling.glif","t.glif":"t.glif","thorn.glif":"thorn.glif","three.glif":"three.glif","tilde.glif":"tilde.glif","trademark.glif":"trademark.glif","two.glif":"two.glif","u.glif":"u.glif","uacute.glif":"uacute.glif","ucircumflex.glif":"ucircumflex.glif","udieresis.glif":"udieresis.glif","ugrave.glif":"ugrave.glif","underscore.glif":"underscore.glif","v.glif":"v.glif","w.glif":"w.glif","x.glif":"x.glif","y.glif":"y.glif","yacute.glif":"yacute.glif","ydieresis.glif":"ydieresis.glif","yen.glif":"yen.glif","z.glif":"z.glif","zcaron.glif":"zcaron.glif","zero.glif":"zero.glif"}},"Font":{"uploaded":1494051940.0013,"licence":"gpl3","company":"Chronolabs Cooperative","title":"Zupiter","version":2.001,"date":"Sat Oct 15 01:13:19 2016","creator":"root","type":"1","matrix":"0.001 0 0 0.001 0 0","named":"Zupiter","painttype":"0","info":"11 dict dup","name":"Zupiter","family":"Zupiter","weight":"Book","fstype":"0","italicangle":"0","underlineposition":"","underlinethickness":""},"Table":{"FFTM":{"entryLength":16,"tag":"FFTM","checksum":2087832169,"offset":45092,"length":28},"GDEF":{"entryLength":16,"tag":"GDEF","checksum":2556117,"offset":45060,"length":30},"OS\/2":{"entryLength":16,"tag":"OS\/2","checksum":1459100004,"offset":344,"length":86},"cmap":{"entryLength":16,"tag":"cmap","checksum":692947718,"offset":1260,"length":594},"gasp":{"entryLength":16,"tag":"gasp","checksum":4294901763,"offset":45052,"length":8},"glyf":{"entryLength":16,"tag":"glyf","checksum":3743195151,"offset":2272,"length":41608},"head":{"entryLength":16,"tag":"head","checksum":175469525,"offset":220,"length":54},"hhea":{"entryLength":16,"tag":"hhea","checksum":112526028,"offset":276,"length":36},"hmtx":{"entryLength":16,"tag":"hmtx","checksum":1779698949,"offset":432,"length":828},"loca":{"entryLength":16,"tag":"loca","checksum":840391616,"offset":1856,"length":416},"maxp":{"entryLength":16,"tag":"maxp","checksum":18743699,"offset":312,"length":32},"name":{"entryLength":16,"tag":"name","checksum":4250591015,"offset":43880,"length":714},"post":{"entryLength":16,"tag":"post","checksum":2684724147,"offset":44596,"length":453}},"UnicodeCharMap":{"0":1,"13":2,"32":3,"33":4,"34":5,"35":6,"36":7,"37":8,"38":9,"39":10,"40":11,"41":12,"42":13,"43":14,"44":15,"45":16,"46":17,"47":18,"48":19,"49":20,"50":21,"51":22,"52":23,"53":24,"54":25,"55":26,"56":27,"57":28,"58":29,"59":30,"60":31,"61":32,"62":33,"63":34,"64":35,"65":36,"66":37,"67":38,"68":39,"69":40,"70":41,"71":42,"72":43,"73":44,"74":45,"75":46,"76":47,"77":48,"78":49,"79":50,"80":51,"81":52,"82":53,"83":54,"84":55,"85":56,"86":57,"87":58,"88":59,"89":60,"90":61,"91":62,"92":63,"93":64,"94":65,"95":66,"96":67,"97":68,"98":69,"99":70,"100":71,"101":72,"102":73,"103":74,"104":75,"105":76,"106":77,"107":78,"108":79,"109":80,"110":81,"111":82,"112":83,"113":84,"114":85,"115":86,"116":87,"117":88,"118":89,"119":90,"120":91,"121":92,"122":93,"123":94,"124":95,"125":96,"126":97,"161":98,"162":99,"163":100,"165":101,"167":102,"168":103,"169":104,"171":105,"174":106,"180":107,"183":108,"184":109,"187":110,"191":111,"192":112,"193":113,"194":114,"195":115,"196":116,"197":117,"198":118,"199":119,"200":120,"201":121,"202":122,"203":123,"204":124,"205":125,"206":126,"207":127,"208":128,"209":129,"210":130,"211":131,"212":132,"213":133,"214":134,"216":135,"217":136,"218":137,"219":138,"220":139,"221":140,"222":141,"223":142,"224":143,"225":144,"226":145,"227":146,"228":147,"229":148,"230":149,"231":150,"232":151,"233":152,"234":153,"235":154,"236":155,"237":156,"238":157,"239":158,"240":159,"241":160,"242":161,"243":162,"244":163,"245":164,"246":165,"248":166,"249":167,"250":168,"251":169,"252":170,"253":171,"254":172,"255":173,"305":174,"321":175,"322":176,"338":177,"339":178,"352":179,"353":180,"376":181,"381":182,"382":183,"710":184,"711":185,"730":186,"732":187,"8211":188,"8212":189,"8216":190,"8217":191,"8218":192,"8220":193,"8221":194,"8222":195,"8226":196,"8230":197,"8240":198,"8249":199,"8250":200,"8260":201,"8364":202,"8482":203,"8722":204,"64257":205,"64258":206},"Reserves":null,"Names":[],"Nodes":{"zu":{"type":"typal","node":"zu","usage":1,"weight":1},"er":{"type":"typal","node":"er","usage":1,"weight":1},"zup":{"type":"typal","node":"zup","usage":1,"weight":1},"ter":{"type":"typal","node":"ter","usage":1,"weight":1},"zupi":{"type":"keys","node":"zupi","usage":1,"weight":1},"iter":{"type":"keys","node":"iter","usage":1,"weight":1},"zupit":{"type":"keys","node":"zupit","usage":1,"weight":1},"piter":{"type":"keys","node":"piter","usage":1,"weight":1},"zupiter":{"type":"fixes","node":"zupiter","usage":1,"weight":1}},"Contributors":[],"FontIdentity":"6491e42eae449624cde7247fef131868","Bytes":4568766,"Networking":[],"barcode":"3mOSq4SimamGq","referee":"eawea"}