{"CSS":{"ITC Officina Sans Cyrillic":"wagovau:dd333a62dd47614898a27d45.css"},"FontType":"TrueType","FontCopyright":"Copyright (c) ParaGraph Intl, 1990-1994. All Rights Reserved. Officina Sans is a registered trade mark of International Typeface Corporation.","FontName":"OfficinaSansC","FontSubfamily":"Book","FontSubfamilyID":"FontForge 2.0 : ITC Officina Sans Cyrillic : 12-8-2016","FontFullName":"ITC Officina Sans Cyrillic","FontVersion":"Version 001.000 ","FontWeight":null,"FontPostscriptName":"OfficinaSansC-Book","Files":{"\/ITC Officina Sans Cyrillic.css":"\/ITC Officina Sans Cyrillic.css","\/font-resource.json":"\/font-resource.json","\/officinasansc-book.afm":"\/officinasansc-book.afm","\/officinasansc-book.cef":"\/officinasansc-book.cef","\/officinasansc-book.cff":"\/officinasansc-book.cff","\/officinasansc-book.eot":"\/officinasansc-book.eot","\/officinasansc-book.gai":"\/officinasansc-book.gai","\/officinasansc-book.gsf":"\/officinasansc-book.gsf","\/officinasansc-book.otf":"\/officinasansc-book.otf","\/officinasansc-book.pf3":"\/officinasansc-book.pf3","\/officinasansc-book.pfa":"\/officinasansc-book.pfa","\/officinasansc-book.pfb":"\/officinasansc-book.pfb","\/officinasansc-book.php":"\/officinasansc-book.php","\/officinasansc-book.pt3":"\/officinasansc-book.pt3","\/officinasansc-book.sfd":"\/officinasansc-book.sfd","\/officinasansc-book.svg":"\/officinasansc-book.svg","\/officinasansc-book.t42":"\/officinasansc-book.t42","\/officinasansc-book.ttd":"\/officinasansc-book.ttd","\/officinasansc-book.ttf":"\/officinasansc-book.ttf","\/officinasansc-book.ttg":"\/officinasansc-book.ttg","\/officinasansc-book.ufm":"\/officinasansc-book.ufm","\/officinasansc-book.woff":"\/officinasansc-book.woff","\/officinasansc-book.z":"\/officinasansc-book.z","\/wagovau:dd333a62dd47614898a27d45.css":"\/wagovau:dd333a62dd47614898a27d45.css","\/officinasansc-book.ufo\/feature.fea":"\/officinasansc-book.ufo\/feature.fea","\/officinasansc-book.ufo\/fontinfo.plist":"\/officinasansc-book.ufo\/fontinfo.plist","\/officinasansc-book.ufo\/groups.plist":"\/officinasansc-book.ufo\/groups.plist","\/officinasansc-book.ufo\/kerning.plist":"\/officinasansc-book.ufo\/kerning.plist","\/officinasansc-book.ufo\/metainfo.plist":"\/officinasansc-book.ufo\/metainfo.plist","\/officinasansc-book.ufo\/glyphs\/A_.glif":"\/officinasansc-book.ufo\/glyphs\/A_.glif","\/officinasansc-book.ufo\/glyphs\/B_.glif":"\/officinasansc-book.ufo\/glyphs\/B_.glif","\/officinasansc-book.ufo\/glyphs\/C_.glif":"\/officinasansc-book.ufo\/glyphs\/C_.glif","\/officinasansc-book.ufo\/glyphs\/D_.glif":"\/officinasansc-book.ufo\/glyphs\/D_.glif","\/officinasansc-book.ufo\/glyphs\/E_.glif":"\/officinasansc-book.ufo\/glyphs\/E_.glif","\/officinasansc-book.ufo\/glyphs\/F_.glif":"\/officinasansc-book.ufo\/glyphs\/F_.glif","\/officinasansc-book.ufo\/glyphs\/G_.glif":"\/officinasansc-book.ufo\/glyphs\/G_.glif","\/officinasansc-book.ufo\/glyphs\/H_.glif":"\/officinasansc-book.ufo\/glyphs\/H_.glif","\/officinasansc-book.ufo\/glyphs\/I_.glif":"\/officinasansc-book.ufo\/glyphs\/I_.glif","\/officinasansc-book.ufo\/glyphs\/J_.glif":"\/officinasansc-book.ufo\/glyphs\/J_.glif","\/officinasansc-book.ufo\/glyphs\/K_.glif":"\/officinasansc-book.ufo\/glyphs\/K_.glif","\/officinasansc-book.ufo\/glyphs\/L_.glif":"\/officinasansc-book.ufo\/glyphs\/L_.glif","\/officinasansc-book.ufo\/glyphs\/M_.glif":"\/officinasansc-book.ufo\/glyphs\/M_.glif","\/officinasansc-book.ufo\/glyphs\/N_.glif":"\/officinasansc-book.ufo\/glyphs\/N_.glif","\/officinasansc-book.ufo\/glyphs\/O_.glif":"\/officinasansc-book.ufo\/glyphs\/O_.glif","\/officinasansc-book.ufo\/glyphs\/P_.glif":"\/officinasansc-book.ufo\/glyphs\/P_.glif","\/officinasansc-book.ufo\/glyphs\/Q_.glif":"\/officinasansc-book.ufo\/glyphs\/Q_.glif","\/officinasansc-book.ufo\/glyphs\/R_.glif":"\/officinasansc-book.ufo\/glyphs\/R_.glif","\/officinasansc-book.ufo\/glyphs\/S_.glif":"\/officinasansc-book.ufo\/glyphs\/S_.glif","\/officinasansc-book.ufo\/glyphs\/T_.glif":"\/officinasansc-book.ufo\/glyphs\/T_.glif","\/officinasansc-book.ufo\/glyphs\/U_.glif":"\/officinasansc-book.ufo\/glyphs\/U_.glif","\/officinasansc-book.ufo\/glyphs\/V_.glif":"\/officinasansc-book.ufo\/glyphs\/V_.glif","\/officinasansc-book.ufo\/glyphs\/W_.glif":"\/officinasansc-book.ufo\/glyphs\/W_.glif","\/officinasansc-book.ufo\/glyphs\/X_.glif":"\/officinasansc-book.ufo\/glyphs\/X_.glif","\/officinasansc-book.ufo\/glyphs\/Y_.glif":"\/officinasansc-book.ufo\/glyphs\/Y_.glif","\/officinasansc-book.ufo\/glyphs\/Z_.glif":"\/officinasansc-book.ufo\/glyphs\/Z_.glif","\/officinasansc-book.ufo\/glyphs\/a.glif":"\/officinasansc-book.ufo\/glyphs\/a.glif","\/officinasansc-book.ufo\/glyphs\/afii10017.glif":"\/officinasansc-book.ufo\/glyphs\/afii10017.glif","\/officinasansc-book.ufo\/glyphs\/afii10018.glif":"\/officinasansc-book.ufo\/glyphs\/afii10018.glif","\/officinasansc-book.ufo\/glyphs\/afii10019.glif":"\/officinasansc-book.ufo\/glyphs\/afii10019.glif","\/officinasansc-book.ufo\/glyphs\/afii10020.glif":"\/officinasansc-book.ufo\/glyphs\/afii10020.glif","\/officinasansc-book.ufo\/glyphs\/afii10021.glif":"\/officinasansc-book.ufo\/glyphs\/afii10021.glif","\/officinasansc-book.ufo\/glyphs\/afii10022.glif":"\/officinasansc-book.ufo\/glyphs\/afii10022.glif","\/officinasansc-book.ufo\/glyphs\/afii10023.glif":"\/officinasansc-book.ufo\/glyphs\/afii10023.glif","\/officinasansc-book.ufo\/glyphs\/afii10024.glif":"\/officinasansc-book.ufo\/glyphs\/afii10024.glif","\/officinasansc-book.ufo\/glyphs\/afii10025.glif":"\/officinasansc-book.ufo\/glyphs\/afii10025.glif","\/officinasansc-book.ufo\/glyphs\/afii10026.glif":"\/officinasansc-book.ufo\/glyphs\/afii10026.glif","\/officinasansc-book.ufo\/glyphs\/afii10027.glif":"\/officinasansc-book.ufo\/glyphs\/afii10027.glif","\/officinasansc-book.ufo\/glyphs\/afii10028.glif":"\/officinasansc-book.ufo\/glyphs\/afii10028.glif","\/officinasansc-book.ufo\/glyphs\/afii10029.glif":"\/officinasansc-book.ufo\/glyphs\/afii10029.glif","\/officinasansc-book.ufo\/glyphs\/afii10030.glif":"\/officinasansc-book.ufo\/glyphs\/afii10030.glif","\/officinasansc-book.ufo\/glyphs\/afii10031.glif":"\/officinasansc-book.ufo\/glyphs\/afii10031.glif","\/officinasansc-book.ufo\/glyphs\/afii10032.glif":"\/officinasansc-book.ufo\/glyphs\/afii10032.glif","\/officinasansc-book.ufo\/glyphs\/afii10033.glif":"\/officinasansc-book.ufo\/glyphs\/afii10033.glif","\/officinasansc-book.ufo\/glyphs\/afii10034.glif":"\/officinasansc-book.ufo\/glyphs\/afii10034.glif","\/officinasansc-book.ufo\/glyphs\/afii10035.glif":"\/officinasansc-book.ufo\/glyphs\/afii10035.glif","\/officinasansc-book.ufo\/glyphs\/afii10036.glif":"\/officinasansc-book.ufo\/glyphs\/afii10036.glif","\/officinasansc-book.ufo\/glyphs\/afii10037.glif":"\/officinasansc-book.ufo\/glyphs\/afii10037.glif","\/officinasansc-book.ufo\/glyphs\/afii10038.glif":"\/officinasansc-book.ufo\/glyphs\/afii10038.glif","\/officinasansc-book.ufo\/glyphs\/afii10039.glif":"\/officinasansc-book.ufo\/glyphs\/afii10039.glif","\/officinasansc-book.ufo\/glyphs\/afii10040.glif":"\/officinasansc-book.ufo\/glyphs\/afii10040.glif","\/officinasansc-book.ufo\/glyphs\/afii10041.glif":"\/officinasansc-book.ufo\/glyphs\/afii10041.glif","\/officinasansc-book.ufo\/glyphs\/afii10042.glif":"\/officinasansc-book.ufo\/glyphs\/afii10042.glif","\/officinasansc-book.ufo\/glyphs\/afii10043.glif":"\/officinasansc-book.ufo\/glyphs\/afii10043.glif","\/officinasansc-book.ufo\/glyphs\/afii10044.glif":"\/officinasansc-book.ufo\/glyphs\/afii10044.glif","\/officinasansc-book.ufo\/glyphs\/afii10045.glif":"\/officinasansc-book.ufo\/glyphs\/afii10045.glif","\/officinasansc-book.ufo\/glyphs\/afii10046.glif":"\/officinasansc-book.ufo\/glyphs\/afii10046.glif","\/officinasansc-book.ufo\/glyphs\/afii10047.glif":"\/officinasansc-book.ufo\/glyphs\/afii10047.glif","\/officinasansc-book.ufo\/glyphs\/afii10048.glif":"\/officinasansc-book.ufo\/glyphs\/afii10048.glif","\/officinasansc-book.ufo\/glyphs\/afii10049.glif":"\/officinasansc-book.ufo\/glyphs\/afii10049.glif","\/officinasansc-book.ufo\/glyphs\/afii10050.glif":"\/officinasansc-book.ufo\/glyphs\/afii10050.glif","\/officinasansc-book.ufo\/glyphs\/afii10051.glif":"\/officinasansc-book.ufo\/glyphs\/afii10051.glif","\/officinasansc-book.ufo\/glyphs\/afii10052.glif":"\/officinasansc-book.ufo\/glyphs\/afii10052.glif","\/officinasansc-book.ufo\/glyphs\/afii10053.glif":"\/officinasansc-book.ufo\/glyphs\/afii10053.glif","\/officinasansc-book.ufo\/glyphs\/afii10054.glif":"\/officinasansc-book.ufo\/glyphs\/afii10054.glif","\/officinasansc-book.ufo\/glyphs\/afii10055.glif":"\/officinasansc-book.ufo\/glyphs\/afii10055.glif","\/officinasansc-book.ufo\/glyphs\/afii10056.glif":"\/officinasansc-book.ufo\/glyphs\/afii10056.glif","\/officinasansc-book.ufo\/glyphs\/afii10057.glif":"\/officinasansc-book.ufo\/glyphs\/afii10057.glif","\/officinasansc-book.ufo\/glyphs\/afii10058.glif":"\/officinasansc-book.ufo\/glyphs\/afii10058.glif","\/officinasansc-book.ufo\/glyphs\/afii10059.glif":"\/officinasansc-book.ufo\/glyphs\/afii10059.glif","\/officinasansc-book.ufo\/glyphs\/afii10060.glif":"\/officinasansc-book.ufo\/glyphs\/afii10060.glif","\/officinasansc-book.ufo\/glyphs\/afii10061.glif":"\/officinasansc-book.ufo\/glyphs\/afii10061.glif","\/officinasansc-book.ufo\/glyphs\/afii10062.glif":"\/officinasansc-book.ufo\/glyphs\/afii10062.glif","\/officinasansc-book.ufo\/glyphs\/afii10065.glif":"\/officinasansc-book.ufo\/glyphs\/afii10065.glif","\/officinasansc-book.ufo\/glyphs\/afii10066.glif":"\/officinasansc-book.ufo\/glyphs\/afii10066.glif","\/officinasansc-book.ufo\/glyphs\/afii10067.glif":"\/officinasansc-book.ufo\/glyphs\/afii10067.glif","\/officinasansc-book.ufo\/glyphs\/afii10068.glif":"\/officinasansc-book.ufo\/glyphs\/afii10068.glif","\/officinasansc-book.ufo\/glyphs\/afii10069.glif":"\/officinasansc-book.ufo\/glyphs\/afii10069.glif","\/officinasansc-book.ufo\/glyphs\/afii10070.glif":"\/officinasansc-book.ufo\/glyphs\/afii10070.glif","\/officinasansc-book.ufo\/glyphs\/afii10071.glif":"\/officinasansc-book.ufo\/glyphs\/afii10071.glif","\/officinasansc-book.ufo\/glyphs\/afii10072.glif":"\/officinasansc-book.ufo\/glyphs\/afii10072.glif","\/officinasansc-book.ufo\/glyphs\/afii10073.glif":"\/officinasansc-book.ufo\/glyphs\/afii10073.glif","\/officinasansc-book.ufo\/glyphs\/afii10074.glif":"\/officinasansc-book.ufo\/glyphs\/afii10074.glif","\/officinasansc-book.ufo\/glyphs\/afii10075.glif":"\/officinasansc-book.ufo\/glyphs\/afii10075.glif","\/officinasansc-book.ufo\/glyphs\/afii10076.glif":"\/officinasansc-book.ufo\/glyphs\/afii10076.glif","\/officinasansc-book.ufo\/glyphs\/afii10077.glif":"\/officinasansc-book.ufo\/glyphs\/afii10077.glif","\/officinasansc-book.ufo\/glyphs\/afii10078.glif":"\/officinasansc-book.ufo\/glyphs\/afii10078.glif","\/officinasansc-book.ufo\/glyphs\/afii10079.glif":"\/officinasansc-book.ufo\/glyphs\/afii10079.glif","\/officinasansc-book.ufo\/glyphs\/afii10080.glif":"\/officinasansc-book.ufo\/glyphs\/afii10080.glif","\/officinasansc-book.ufo\/glyphs\/afii10081.glif":"\/officinasansc-book.ufo\/glyphs\/afii10081.glif","\/officinasansc-book.ufo\/glyphs\/afii10082.glif":"\/officinasansc-book.ufo\/glyphs\/afii10082.glif","\/officinasansc-book.ufo\/glyphs\/afii10083.glif":"\/officinasansc-book.ufo\/glyphs\/afii10083.glif","\/officinasansc-book.ufo\/glyphs\/afii10084.glif":"\/officinasansc-book.ufo\/glyphs\/afii10084.glif","\/officinasansc-book.ufo\/glyphs\/afii10085.glif":"\/officinasansc-book.ufo\/glyphs\/afii10085.glif","\/officinasansc-book.ufo\/glyphs\/afii10086.glif":"\/officinasansc-book.ufo\/glyphs\/afii10086.glif","\/officinasansc-book.ufo\/glyphs\/afii10087.glif":"\/officinasansc-book.ufo\/glyphs\/afii10087.glif","\/officinasansc-book.ufo\/glyphs\/afii10088.glif":"\/officinasansc-book.ufo\/glyphs\/afii10088.glif","\/officinasansc-book.ufo\/glyphs\/afii10089.glif":"\/officinasansc-book.ufo\/glyphs\/afii10089.glif","\/officinasansc-book.ufo\/glyphs\/afii10090.glif":"\/officinasansc-book.ufo\/glyphs\/afii10090.glif","\/officinasansc-book.ufo\/glyphs\/afii10091.glif":"\/officinasansc-book.ufo\/glyphs\/afii10091.glif","\/officinasansc-book.ufo\/glyphs\/afii10092.glif":"\/officinasansc-book.ufo\/glyphs\/afii10092.glif","\/officinasansc-book.ufo\/glyphs\/afii10093.glif":"\/officinasansc-book.ufo\/glyphs\/afii10093.glif","\/officinasansc-book.ufo\/glyphs\/afii10094.glif":"\/officinasansc-book.ufo\/glyphs\/afii10094.glif","\/officinasansc-book.ufo\/glyphs\/afii10095.glif":"\/officinasansc-book.ufo\/glyphs\/afii10095.glif","\/officinasansc-book.ufo\/glyphs\/afii10096.glif":"\/officinasansc-book.ufo\/glyphs\/afii10096.glif","\/officinasansc-book.ufo\/glyphs\/afii10097.glif":"\/officinasansc-book.ufo\/glyphs\/afii10097.glif","\/officinasansc-book.ufo\/glyphs\/afii10098.glif":"\/officinasansc-book.ufo\/glyphs\/afii10098.glif","\/officinasansc-book.ufo\/glyphs\/afii10099.glif":"\/officinasansc-book.ufo\/glyphs\/afii10099.glif","\/officinasansc-book.ufo\/glyphs\/afii10100.glif":"\/officinasansc-book.ufo\/glyphs\/afii10100.glif","\/officinasansc-book.ufo\/glyphs\/afii10101.glif":"\/officinasansc-book.ufo\/glyphs\/afii10101.glif","\/officinasansc-book.ufo\/glyphs\/afii10102.glif":"\/officinasansc-book.ufo\/glyphs\/afii10102.glif","\/officinasansc-book.ufo\/glyphs\/afii10103.glif":"\/officinasansc-book.ufo\/glyphs\/afii10103.glif","\/officinasansc-book.ufo\/glyphs\/afii10104.glif":"\/officinasansc-book.ufo\/glyphs\/afii10104.glif","\/officinasansc-book.ufo\/glyphs\/afii10105.glif":"\/officinasansc-book.ufo\/glyphs\/afii10105.glif","\/officinasansc-book.ufo\/glyphs\/afii10106.glif":"\/officinasansc-book.ufo\/glyphs\/afii10106.glif","\/officinasansc-book.ufo\/glyphs\/afii10107.glif":"\/officinasansc-book.ufo\/glyphs\/afii10107.glif","\/officinasansc-book.ufo\/glyphs\/afii10108.glif":"\/officinasansc-book.ufo\/glyphs\/afii10108.glif","\/officinasansc-book.ufo\/glyphs\/afii10109.glif":"\/officinasansc-book.ufo\/glyphs\/afii10109.glif","\/officinasansc-book.ufo\/glyphs\/afii10110.glif":"\/officinasansc-book.ufo\/glyphs\/afii10110.glif","\/officinasansc-book.ufo\/glyphs\/afii10145.glif":"\/officinasansc-book.ufo\/glyphs\/afii10145.glif","\/officinasansc-book.ufo\/glyphs\/afii10193.glif":"\/officinasansc-book.ufo\/glyphs\/afii10193.glif","\/officinasansc-book.ufo\/glyphs\/ampersand.glif":"\/officinasansc-book.ufo\/glyphs\/ampersand.glif","\/officinasansc-book.ufo\/glyphs\/asciicircum.glif":"\/officinasansc-book.ufo\/glyphs\/asciicircum.glif","\/officinasansc-book.ufo\/glyphs\/asciitilde.glif":"\/officinasansc-book.ufo\/glyphs\/asciitilde.glif","\/officinasansc-book.ufo\/glyphs\/asterisk.glif":"\/officinasansc-book.ufo\/glyphs\/asterisk.glif","\/officinasansc-book.ufo\/glyphs\/at.glif":"\/officinasansc-book.ufo\/glyphs\/at.glif","\/officinasansc-book.ufo\/glyphs\/b.glif":"\/officinasansc-book.ufo\/glyphs\/b.glif","\/officinasansc-book.ufo\/glyphs\/backslash.glif":"\/officinasansc-book.ufo\/glyphs\/backslash.glif","\/officinasansc-book.ufo\/glyphs\/bar.glif":"\/officinasansc-book.ufo\/glyphs\/bar.glif","\/officinasansc-book.ufo\/glyphs\/braceleft.glif":"\/officinasansc-book.ufo\/glyphs\/braceleft.glif","\/officinasansc-book.ufo\/glyphs\/braceright.glif":"\/officinasansc-book.ufo\/glyphs\/braceright.glif","\/officinasansc-book.ufo\/glyphs\/bracketleft.glif":"\/officinasansc-book.ufo\/glyphs\/bracketleft.glif","\/officinasansc-book.ufo\/glyphs\/bracketright.glif":"\/officinasansc-book.ufo\/glyphs\/bracketright.glif","\/officinasansc-book.ufo\/glyphs\/brokenbar.glif":"\/officinasansc-book.ufo\/glyphs\/brokenbar.glif","\/officinasansc-book.ufo\/glyphs\/bullet.glif":"\/officinasansc-book.ufo\/glyphs\/bullet.glif","\/officinasansc-book.ufo\/glyphs\/c.glif":"\/officinasansc-book.ufo\/glyphs\/c.glif","\/officinasansc-book.ufo\/glyphs\/circumflex.glif":"\/officinasansc-book.ufo\/glyphs\/circumflex.glif","\/officinasansc-book.ufo\/glyphs\/colon.glif":"\/officinasansc-book.ufo\/glyphs\/colon.glif","\/officinasansc-book.ufo\/glyphs\/comma.glif":"\/officinasansc-book.ufo\/glyphs\/comma.glif","\/officinasansc-book.ufo\/glyphs\/contents.plist":"\/officinasansc-book.ufo\/glyphs\/contents.plist","\/officinasansc-book.ufo\/glyphs\/copyright.glif":"\/officinasansc-book.ufo\/glyphs\/copyright.glif","\/officinasansc-book.ufo\/glyphs\/currency.glif":"\/officinasansc-book.ufo\/glyphs\/currency.glif","\/officinasansc-book.ufo\/glyphs\/d.glif":"\/officinasansc-book.ufo\/glyphs\/d.glif","\/officinasansc-book.ufo\/glyphs\/dagger.glif":"\/officinasansc-book.ufo\/glyphs\/dagger.glif","\/officinasansc-book.ufo\/glyphs\/daggerdbl.glif":"\/officinasansc-book.ufo\/glyphs\/daggerdbl.glif","\/officinasansc-book.ufo\/glyphs\/degree.glif":"\/officinasansc-book.ufo\/glyphs\/degree.glif","\/officinasansc-book.ufo\/glyphs\/dollar.glif":"\/officinasansc-book.ufo\/glyphs\/dollar.glif","\/officinasansc-book.ufo\/glyphs\/e.glif":"\/officinasansc-book.ufo\/glyphs\/e.glif","\/officinasansc-book.ufo\/glyphs\/eight.glif":"\/officinasansc-book.ufo\/glyphs\/eight.glif","\/officinasansc-book.ufo\/glyphs\/ellipsis.glif":"\/officinasansc-book.ufo\/glyphs\/ellipsis.glif","\/officinasansc-book.ufo\/glyphs\/emdash.glif":"\/officinasansc-book.ufo\/glyphs\/emdash.glif","\/officinasansc-book.ufo\/glyphs\/endash.glif":"\/officinasansc-book.ufo\/glyphs\/endash.glif","\/officinasansc-book.ufo\/glyphs\/equal.glif":"\/officinasansc-book.ufo\/glyphs\/equal.glif","\/officinasansc-book.ufo\/glyphs\/exclam.glif":"\/officinasansc-book.ufo\/glyphs\/exclam.glif","\/officinasansc-book.ufo\/glyphs\/f.glif":"\/officinasansc-book.ufo\/glyphs\/f.glif","\/officinasansc-book.ufo\/glyphs\/five.glif":"\/officinasansc-book.ufo\/glyphs\/five.glif","\/officinasansc-book.ufo\/glyphs\/four.glif":"\/officinasansc-book.ufo\/glyphs\/four.glif","\/officinasansc-book.ufo\/glyphs\/g.glif":"\/officinasansc-book.ufo\/glyphs\/g.glif","\/officinasansc-book.ufo\/glyphs\/grave.glif":"\/officinasansc-book.ufo\/glyphs\/grave.glif","\/officinasansc-book.ufo\/glyphs\/greater.glif":"\/officinasansc-book.ufo\/glyphs\/greater.glif","\/officinasansc-book.ufo\/glyphs\/guillemotleft.glif":"\/officinasansc-book.ufo\/glyphs\/guillemotleft.glif","\/officinasansc-book.ufo\/glyphs\/guillemotright.glif":"\/officinasansc-book.ufo\/glyphs\/guillemotright.glif","\/officinasansc-book.ufo\/glyphs\/h.glif":"\/officinasansc-book.ufo\/glyphs\/h.glif","\/officinasansc-book.ufo\/glyphs\/hyphen.glif":"\/officinasansc-book.ufo\/glyphs\/hyphen.glif","\/officinasansc-book.ufo\/glyphs\/hyphenminus.glif":"\/officinasansc-book.ufo\/glyphs\/hyphenminus.glif","\/officinasansc-book.ufo\/glyphs\/i.glif":"\/officinasansc-book.ufo\/glyphs\/i.glif","\/officinasansc-book.ufo\/glyphs\/j.glif":"\/officinasansc-book.ufo\/glyphs\/j.glif","\/officinasansc-book.ufo\/glyphs\/k.glif":"\/officinasansc-book.ufo\/glyphs\/k.glif","\/officinasansc-book.ufo\/glyphs\/l.glif":"\/officinasansc-book.ufo\/glyphs\/l.glif","\/officinasansc-book.ufo\/glyphs\/less.glif":"\/officinasansc-book.ufo\/glyphs\/less.glif","\/officinasansc-book.ufo\/glyphs\/logicalnot.glif":"\/officinasansc-book.ufo\/glyphs\/logicalnot.glif","\/officinasansc-book.ufo\/glyphs\/m.glif":"\/officinasansc-book.ufo\/glyphs\/m.glif","\/officinasansc-book.ufo\/glyphs\/mu.glif":"\/officinasansc-book.ufo\/glyphs\/mu.glif","\/officinasansc-book.ufo\/glyphs\/n.glif":"\/officinasansc-book.ufo\/glyphs\/n.glif","\/officinasansc-book.ufo\/glyphs\/nine.glif":"\/officinasansc-book.ufo\/glyphs\/nine.glif","\/officinasansc-book.ufo\/glyphs\/numbersign.glif":"\/officinasansc-book.ufo\/glyphs\/numbersign.glif","\/officinasansc-book.ufo\/glyphs\/numero.glif":"\/officinasansc-book.ufo\/glyphs\/numero.glif","\/officinasansc-book.ufo\/glyphs\/o.glif":"\/officinasansc-book.ufo\/glyphs\/o.glif","\/officinasansc-book.ufo\/glyphs\/one.glif":"\/officinasansc-book.ufo\/glyphs\/one.glif","\/officinasansc-book.ufo\/glyphs\/p.glif":"\/officinasansc-book.ufo\/glyphs\/p.glif","\/officinasansc-book.ufo\/glyphs\/paragraph.glif":"\/officinasansc-book.ufo\/glyphs\/paragraph.glif","\/officinasansc-book.ufo\/glyphs\/parenleft.glif":"\/officinasansc-book.ufo\/glyphs\/parenleft.glif","\/officinasansc-book.ufo\/glyphs\/parenright.glif":"\/officinasansc-book.ufo\/glyphs\/parenright.glif","\/officinasansc-book.ufo\/glyphs\/percent.glif":"\/officinasansc-book.ufo\/glyphs\/percent.glif","\/officinasansc-book.ufo\/glyphs\/period.glif":"\/officinasansc-book.ufo\/glyphs\/period.glif","\/officinasansc-book.ufo\/glyphs\/periodcentered.glif":"\/officinasansc-book.ufo\/glyphs\/periodcentered.glif","\/officinasansc-book.ufo\/glyphs\/perthousand.glif":"\/officinasansc-book.ufo\/glyphs\/perthousand.glif","\/officinasansc-book.ufo\/glyphs\/plus.glif":"\/officinasansc-book.ufo\/glyphs\/plus.glif","\/officinasansc-book.ufo\/glyphs\/plusminus.glif":"\/officinasansc-book.ufo\/glyphs\/plusminus.glif","\/officinasansc-book.ufo\/glyphs\/q.glif":"\/officinasansc-book.ufo\/glyphs\/q.glif","\/officinasansc-book.ufo\/glyphs\/question.glif":"\/officinasansc-book.ufo\/glyphs\/question.glif","\/officinasansc-book.ufo\/glyphs\/quilsinglleft.glif":"\/officinasansc-book.ufo\/glyphs\/quilsinglleft.glif","\/officinasansc-book.ufo\/glyphs\/quilsinglright.glif":"\/officinasansc-book.ufo\/glyphs\/quilsinglright.glif","\/officinasansc-book.ufo\/glyphs\/quotedbl.glif":"\/officinasansc-book.ufo\/glyphs\/quotedbl.glif","\/officinasansc-book.ufo\/glyphs\/quotedblbase.glif":"\/officinasansc-book.ufo\/glyphs\/quotedblbase.glif","\/officinasansc-book.ufo\/glyphs\/quotedblleft.glif":"\/officinasansc-book.ufo\/glyphs\/quotedblleft.glif","\/officinasansc-book.ufo\/glyphs\/quotedblright.glif":"\/officinasansc-book.ufo\/glyphs\/quotedblright.glif","\/officinasansc-book.ufo\/glyphs\/quoteleft.glif":"\/officinasansc-book.ufo\/glyphs\/quoteleft.glif","\/officinasansc-book.ufo\/glyphs\/quoteright.glif":"\/officinasansc-book.ufo\/glyphs\/quoteright.glif","\/officinasansc-book.ufo\/glyphs\/quotesinglbase.glif":"\/officinasansc-book.ufo\/glyphs\/quotesinglbase.glif","\/officinasansc-book.ufo\/glyphs\/quotesingle.glif":"\/officinasansc-book.ufo\/glyphs\/quotesingle.glif","\/officinasansc-book.ufo\/glyphs\/r.glif":"\/officinasansc-book.ufo\/glyphs\/r.glif","\/officinasansc-book.ufo\/glyphs\/registered.glif":"\/officinasansc-book.ufo\/glyphs\/registered.glif","\/officinasansc-book.ufo\/glyphs\/s.glif":"\/officinasansc-book.ufo\/glyphs\/s.glif","\/officinasansc-book.ufo\/glyphs\/section.glif":"\/officinasansc-book.ufo\/glyphs\/section.glif","\/officinasansc-book.ufo\/glyphs\/semicolon.glif":"\/officinasansc-book.ufo\/glyphs\/semicolon.glif","\/officinasansc-book.ufo\/glyphs\/seven.glif":"\/officinasansc-book.ufo\/glyphs\/seven.glif","\/officinasansc-book.ufo\/glyphs\/six.glif":"\/officinasansc-book.ufo\/glyphs\/six.glif","\/officinasansc-book.ufo\/glyphs\/slash.glif":"\/officinasansc-book.ufo\/glyphs\/slash.glif","\/officinasansc-book.ufo\/glyphs\/space.glif":"\/officinasansc-book.ufo\/glyphs\/space.glif","\/officinasansc-book.ufo\/glyphs\/t.glif":"\/officinasansc-book.ufo\/glyphs\/t.glif","\/officinasansc-book.ufo\/glyphs\/three.glif":"\/officinasansc-book.ufo\/glyphs\/three.glif","\/officinasansc-book.ufo\/glyphs\/tilde.glif":"\/officinasansc-book.ufo\/glyphs\/tilde.glif","\/officinasansc-book.ufo\/glyphs\/trademark.glif":"\/officinasansc-book.ufo\/glyphs\/trademark.glif","\/officinasansc-book.ufo\/glyphs\/two.glif":"\/officinasansc-book.ufo\/glyphs\/two.glif","\/officinasansc-book.ufo\/glyphs\/u.glif":"\/officinasansc-book.ufo\/glyphs\/u.glif","\/officinasansc-book.ufo\/glyphs\/underscore.glif":"\/officinasansc-book.ufo\/glyphs\/underscore.glif","\/officinasansc-book.ufo\/glyphs\/v.glif":"\/officinasansc-book.ufo\/glyphs\/v.glif","\/officinasansc-book.ufo\/glyphs\/w.glif":"\/officinasansc-book.ufo\/glyphs\/w.glif","\/officinasansc-book.ufo\/glyphs\/x.glif":"\/officinasansc-book.ufo\/glyphs\/x.glif","\/officinasansc-book.ufo\/glyphs\/y.glif":"\/officinasansc-book.ufo\/glyphs\/y.glif","\/officinasansc-book.ufo\/glyphs\/z.glif":"\/officinasansc-book.ufo\/glyphs\/z.glif","\/officinasansc-book.ufo\/glyphs\/zero.glif":"\/officinasansc-book.ufo\/glyphs\/zero.glif"},"Font":{"uploaded":1471069320.3705,"licence":"gpl3","company":"Chronolabs Cooperative","title":"Officina Sans C Book","version":3.002,"date":"Fri Aug 12 09:55:25 2016","creator":"root","type":"1","matrix":"0.001 0 0 0.001 0 0","named":"OfficinaSansC-Book","painttype":"0","info":"10 dict dup","name":"ITC Officina Sans Cyrillic","family":"OfficinaSansC","weight":"Book","fstype":"0","italicangle":"0","underlineposition":"","underlinethickness":""},"Licences":{"":false},"Table":{"FFTM":{"entryLength":16,"tag":"FFTM","checksum":1944366698,"offset":32140,"length":28},"GDEF":{"entryLength":16,"tag":"GDEF","checksum":17694726,"offset":32108,"length":32},"OS\/2":{"entryLength":16,"tag":"OS\/2","checksum":1495269456,"offset":344,"length":86},"cmap":{"entryLength":16,"tag":"cmap","checksum":3336139940,"offset":1332,"length":910},"gasp":{"entryLength":16,"tag":"gasp","checksum":4294901763,"offset":32100,"length":8},"glyf":{"entryLength":16,"tag":"glyf","checksum":4023504760,"offset":2696,"length":26920},"head":{"entryLength":16,"tag":"head","checksum":178123648,"offset":220,"length":54},"hhea":{"entryLength":16,"tag":"hhea","checksum":128254995,"offset":276,"length":36},"hmtx":{"entryLength":16,"tag":"hmtx","checksum":3016568311,"offset":432,"length":900},"loca":{"entryLength":16,"tag":"loca","checksum":131670476,"offset":2244,"length":452},"maxp":{"entryLength":16,"tag":"maxp","checksum":19529864,"offset":312,"length":32},"name":{"entryLength":16,"tag":"name","checksum":3500352784,"offset":29616,"length":1011},"post":{"entryLength":16,"tag":"post","checksum":1636977295,"offset":30628,"length":1472}},"UnicodeCharMap":{"32":3,"33":4,"34":5,"35":6,"36":7,"37":8,"38":9,"39":10,"40":11,"41":12,"42":13,"43":14,"44":15,"45":142,"46":17,"47":18,"48":19,"49":20,"50":21,"51":22,"52":23,"53":24,"54":25,"55":26,"56":27,"57":28,"58":29,"59":30,"60":31,"61":32,"62":33,"63":34,"64":35,"65":36,"66":37,"67":38,"68":39,"69":40,"70":41,"71":42,"72":43,"73":44,"74":45,"75":46,"76":47,"77":48,"78":49,"79":50,"80":51,"81":52,"82":53,"83":54,"84":55,"85":56,"86":57,"87":58,"88":59,"89":60,"90":61,"91":62,"92":63,"93":64,"94":65,"95":66,"96":67,"97":68,"98":69,"99":70,"100":71,"101":72,"102":73,"103":74,"104":75,"105":76,"106":77,"107":78,"108":79,"109":80,"110":81,"111":82,"112":83,"113":84,"114":85,"115":86,"116":87,"117":88,"118":89,"119":90,"120":91,"121":92,"122":93,"123":94,"124":95,"125":96,"126":97,"164":133,"166":135,"167":136,"169":138,"171":140,"172":141,"174":143,"176":145,"177":146,"182":151,"183":152,"187":156,"710":106,"732":122,"956":150,"1025":137,"1026":98,"1027":99,"1028":139,"1029":158,"1030":147,"1031":144,"1032":132,"1033":108,"1034":110,"1035":112,"1036":111,"1038":130,"1039":113,"1040":161,"1041":162,"1042":163,"1043":164,"1044":165,"1045":166,"1046":167,"1047":168,"1048":169,"1049":170,"1050":171,"1051":172,"1052":173,"1053":174,"1054":175,"1055":176,"1056":177,"1057":178,"1058":179,"1059":180,"1060":181,"1061":182,"1062":183,"1063":184,"1064":185,"1065":186,"1066":187,"1067":188,"1068":189,"1069":190,"1070":191,"1071":192,"1072":193,"1073":194,"1074":195,"1075":196,"1076":197,"1077":198,"1078":199,"1079":200,"1080":201,"1081":202,"1082":203,"1083":204,"1084":205,"1085":206,"1086":207,"1087":208,"1088":209,"1089":210,"1090":211,"1091":212,"1092":213,"1093":214,"1094":215,"1095":216,"1096":217,"1097":218,"1098":219,"1099":220,"1100":221,"1101":222,"1102":223,"1103":224,"1105":153,"1106":114,"1107":101,"1108":155,"1109":159,"1110":148,"1111":160,"1112":157,"1113":124,"1114":126,"1115":128,"1116":127,"1118":131,"1119":129,"1168":134,"1169":149,"8211":120,"8212":121,"8216":115,"8217":116,"8218":100,"8220":117,"8221":118,"8222":102,"8224":104,"8225":105,"8226":119,"8230":103,"8240":107,"8470":154,"8482":123},"Reserves":{"fontname":"ITC Officina Sans Cyrillic"},"Names":{"ITC Officina Sans Cyrillic":{"name":"ITC Officina Sans Cyrillic","longitude":"0.00000001","latitude":"0.00000001","country":"","region":"","city":""}},"Nodes":{"it":{"type":"typal","node":"it","usage":1,"weight":1},"tc":{"type":"typal","node":"tc","usage":1,"weight":1},"of":{"type":"typal","node":"of","usage":1,"weight":1},"na":{"type":"typal","node":"na","usage":1,"weight":1},"sa":{"type":"typal","node":"sa","usage":1,"weight":1},"ns":{"type":"typal","node":"ns","usage":1,"weight":1},"cy":{"type":"typal","node":"cy","usage":1,"weight":1},"ic":{"type":"typal","node":"ic","usage":1,"weight":1},"off":{"type":"typal","node":"off","usage":1,"weight":1},"ina":{"type":"typal","node":"ina","usage":1,"weight":1},"san":{"type":"typal","node":"san","usage":1,"weight":1},"ans":{"type":"typal","node":"ans","usage":1,"weight":1},"cyr":{"type":"typal","node":"cyr","usage":1,"weight":1},"lic":{"type":"typal","node":"lic","usage":1,"weight":1},"offi":{"type":"keys","node":"offi","usage":1,"weight":1},"cina":{"type":"keys","node":"cina","usage":1,"weight":1},"cyri":{"type":"keys","node":"cyri","usage":1,"weight":1},"llic":{"type":"keys","node":"llic","usage":1,"weight":1},"offic":{"type":"keys","node":"offic","usage":1,"weight":1},"icina":{"type":"keys","node":"icina","usage":1,"weight":1},"cyril":{"type":"keys","node":"cyril","usage":1,"weight":1},"illic":{"type":"keys","node":"illic","usage":1,"weight":1},"itc":{"type":"fixes","node":"itc","usage":1,"weight":1},"officina":{"type":"fixes","node":"officina","usage":1,"weight":1},"sans":{"type":"fixes","node":"sans","usage":1,"weight":1},"cyrillic":{"type":"fixes","node":"cyrillic","usage":1,"weight":1}},"Contributors":[],"FontIdentity":"wagovau:dd333a62dd47614898a27d45","Bytes":null,"Networking":[],"barcode":"yoywiy86ougek","referee":"aqyc83ug"}