{"CSS":{"Savannah Fat":"Savannah+Fat.css"},"FontType":"TrueType","FontCopyright":null,"FontName":"Savannah Fat","FontSubfamily":"Book","FontSubfamilyID":"FontForge 2.0 : Savannah Fat : 23-10-2016","FontFullName":"Savannah Fat","FontVersion":"Version 001.001 ","FontWeight":null,"FontPostscriptName":"SavannahFat","Files":{"\/fonts\/Unpacking\/1057e7f2750f0b64e6d76cbb6f2dbdbbc906ec7b\/savannah.afm":"\/fonts\/Unpacking\/1057e7f2750f0b64e6d76cbb6f2dbdbbc906ec7b\/savannah.afm","\/fonts\/Unpacking\/1057e7f2750f0b64e6d76cbb6f2dbdbbc906ec7b\/savannah.bin":"\/fonts\/Unpacking\/1057e7f2750f0b64e6d76cbb6f2dbdbbc906ec7b\/savannah.bin","\/fonts\/Unpacking\/1057e7f2750f0b64e6d76cbb6f2dbdbbc906ec7b\/savannah.cef":"\/fonts\/Unpacking\/1057e7f2750f0b64e6d76cbb6f2dbdbbc906ec7b\/savannah.cef","\/fonts\/Unpacking\/1057e7f2750f0b64e6d76cbb6f2dbdbbc906ec7b\/savannah.cff":"\/fonts\/Unpacking\/1057e7f2750f0b64e6d76cbb6f2dbdbbc906ec7b\/savannah.cff","\/fonts\/Unpacking\/1057e7f2750f0b64e6d76cbb6f2dbdbbc906ec7b\/savannah.cid":"\/fonts\/Unpacking\/1057e7f2750f0b64e6d76cbb6f2dbdbbc906ec7b\/savannah.cid","\/fonts\/Unpacking\/1057e7f2750f0b64e6d76cbb6f2dbdbbc906ec7b\/savannah.dfont":"\/fonts\/Unpacking\/1057e7f2750f0b64e6d76cbb6f2dbdbbc906ec7b\/savannah.dfont","\/fonts\/Unpacking\/1057e7f2750f0b64e6d76cbb6f2dbdbbc906ec7b\/savannah.eot":"\/fonts\/Unpacking\/1057e7f2750f0b64e6d76cbb6f2dbdbbc906ec7b\/savannah.eot","\/fonts\/Unpacking\/1057e7f2750f0b64e6d76cbb6f2dbdbbc906ec7b\/savannah.fon":"\/fonts\/Unpacking\/1057e7f2750f0b64e6d76cbb6f2dbdbbc906ec7b\/savannah.fon","\/fonts\/Unpacking\/1057e7f2750f0b64e6d76cbb6f2dbdbbc906ec7b\/savannah.gai":"\/fonts\/Unpacking\/1057e7f2750f0b64e6d76cbb6f2dbdbbc906ec7b\/savannah.gai","\/fonts\/Unpacking\/1057e7f2750f0b64e6d76cbb6f2dbdbbc906ec7b\/savannah.gsf":"\/fonts\/Unpacking\/1057e7f2750f0b64e6d76cbb6f2dbdbbc906ec7b\/savannah.gsf","\/fonts\/Unpacking\/1057e7f2750f0b64e6d76cbb6f2dbdbbc906ec7b\/savannah.hqx":"\/fonts\/Unpacking\/1057e7f2750f0b64e6d76cbb6f2dbdbbc906ec7b\/savannah.hqx","\/fonts\/Unpacking\/1057e7f2750f0b64e6d76cbb6f2dbdbbc906ec7b\/savannah.ik":"\/fonts\/Unpacking\/1057e7f2750f0b64e6d76cbb6f2dbdbbc906ec7b\/savannah.ik","\/fonts\/Unpacking\/1057e7f2750f0b64e6d76cbb6f2dbdbbc906ec7b\/savannah.mf":"\/fonts\/Unpacking\/1057e7f2750f0b64e6d76cbb6f2dbdbbc906ec7b\/savannah.mf","\/fonts\/Unpacking\/1057e7f2750f0b64e6d76cbb6f2dbdbbc906ec7b\/savannah.otf":"\/fonts\/Unpacking\/1057e7f2750f0b64e6d76cbb6f2dbdbbc906ec7b\/savannah.otf","\/fonts\/Unpacking\/1057e7f2750f0b64e6d76cbb6f2dbdbbc906ec7b\/savannah.pcf":"\/fonts\/Unpacking\/1057e7f2750f0b64e6d76cbb6f2dbdbbc906ec7b\/savannah.pcf","\/fonts\/Unpacking\/1057e7f2750f0b64e6d76cbb6f2dbdbbc906ec7b\/savannah.pf3":"\/fonts\/Unpacking\/1057e7f2750f0b64e6d76cbb6f2dbdbbc906ec7b\/savannah.pf3","\/fonts\/Unpacking\/1057e7f2750f0b64e6d76cbb6f2dbdbbc906ec7b\/savannah.pfa":"\/fonts\/Unpacking\/1057e7f2750f0b64e6d76cbb6f2dbdbbc906ec7b\/savannah.pfa","\/fonts\/Unpacking\/1057e7f2750f0b64e6d76cbb6f2dbdbbc906ec7b\/savannah.pfb":"\/fonts\/Unpacking\/1057e7f2750f0b64e6d76cbb6f2dbdbbc906ec7b\/savannah.pfb","\/fonts\/Unpacking\/1057e7f2750f0b64e6d76cbb6f2dbdbbc906ec7b\/savannah.php":"\/fonts\/Unpacking\/1057e7f2750f0b64e6d76cbb6f2dbdbbc906ec7b\/savannah.php","\/fonts\/Unpacking\/1057e7f2750f0b64e6d76cbb6f2dbdbbc906ec7b\/savannah.pmf":"\/fonts\/Unpacking\/1057e7f2750f0b64e6d76cbb6f2dbdbbc906ec7b\/savannah.pmf","\/fonts\/Unpacking\/1057e7f2750f0b64e6d76cbb6f2dbdbbc906ec7b\/savannah.pt3":"\/fonts\/Unpacking\/1057e7f2750f0b64e6d76cbb6f2dbdbbc906ec7b\/savannah.pt3","\/fonts\/Unpacking\/1057e7f2750f0b64e6d76cbb6f2dbdbbc906ec7b\/savannah.sfd":"\/fonts\/Unpacking\/1057e7f2750f0b64e6d76cbb6f2dbdbbc906ec7b\/savannah.sfd","\/fonts\/Unpacking\/1057e7f2750f0b64e6d76cbb6f2dbdbbc906ec7b\/savannah.svg":"\/fonts\/Unpacking\/1057e7f2750f0b64e6d76cbb6f2dbdbbc906ec7b\/savannah.svg","\/fonts\/Unpacking\/1057e7f2750f0b64e6d76cbb6f2dbdbbc906ec7b\/savannah.t42":"\/fonts\/Unpacking\/1057e7f2750f0b64e6d76cbb6f2dbdbbc906ec7b\/savannah.t42","\/fonts\/Unpacking\/1057e7f2750f0b64e6d76cbb6f2dbdbbc906ec7b\/savannah.ttd":"\/fonts\/Unpacking\/1057e7f2750f0b64e6d76cbb6f2dbdbbc906ec7b\/savannah.ttd","\/fonts\/Unpacking\/1057e7f2750f0b64e6d76cbb6f2dbdbbc906ec7b\/savannah.ttf":"\/fonts\/Unpacking\/1057e7f2750f0b64e6d76cbb6f2dbdbbc906ec7b\/savannah.ttf","\/fonts\/Unpacking\/1057e7f2750f0b64e6d76cbb6f2dbdbbc906ec7b\/savannah.ttg":"\/fonts\/Unpacking\/1057e7f2750f0b64e6d76cbb6f2dbdbbc906ec7b\/savannah.ttg","\/fonts\/Unpacking\/1057e7f2750f0b64e6d76cbb6f2dbdbbc906ec7b\/savannah.ufm":"\/fonts\/Unpacking\/1057e7f2750f0b64e6d76cbb6f2dbdbbc906ec7b\/savannah.ufm","\/fonts\/Unpacking\/1057e7f2750f0b64e6d76cbb6f2dbdbbc906ec7b\/savannah.woff":"\/fonts\/Unpacking\/1057e7f2750f0b64e6d76cbb6f2dbdbbc906ec7b\/savannah.woff","\/fonts\/Unpacking\/1057e7f2750f0b64e6d76cbb6f2dbdbbc906ec7b\/savannah.z":"\/fonts\/Unpacking\/1057e7f2750f0b64e6d76cbb6f2dbdbbc906ec7b\/savannah.z","\/fonts\/Unpacking\/1057e7f2750f0b64e6d76cbb6f2dbdbbc906ec7b\/savannah.ufo\/feature.fea":"\/fonts\/Unpacking\/1057e7f2750f0b64e6d76cbb6f2dbdbbc906ec7b\/savannah.ufo\/feature.fea","\/fonts\/Unpacking\/1057e7f2750f0b64e6d76cbb6f2dbdbbc906ec7b\/savannah.ufo\/fontinfo.plist":"\/fonts\/Unpacking\/1057e7f2750f0b64e6d76cbb6f2dbdbbc906ec7b\/savannah.ufo\/fontinfo.plist","\/fonts\/Unpacking\/1057e7f2750f0b64e6d76cbb6f2dbdbbc906ec7b\/savannah.ufo\/groups.plist":"\/fonts\/Unpacking\/1057e7f2750f0b64e6d76cbb6f2dbdbbc906ec7b\/savannah.ufo\/groups.plist","\/fonts\/Unpacking\/1057e7f2750f0b64e6d76cbb6f2dbdbbc906ec7b\/savannah.ufo\/kerning.plist":"\/fonts\/Unpacking\/1057e7f2750f0b64e6d76cbb6f2dbdbbc906ec7b\/savannah.ufo\/kerning.plist","\/fonts\/Unpacking\/1057e7f2750f0b64e6d76cbb6f2dbdbbc906ec7b\/savannah.ufo\/metainfo.plist":"\/fonts\/Unpacking\/1057e7f2750f0b64e6d76cbb6f2dbdbbc906ec7b\/savannah.ufo\/metainfo.plist","\/fonts\/Unpacking\/1057e7f2750f0b64e6d76cbb6f2dbdbbc906ec7b\/savannah.ufo\/glyphs\/A_.glif":"\/fonts\/Unpacking\/1057e7f2750f0b64e6d76cbb6f2dbdbbc906ec7b\/savannah.ufo\/glyphs\/A_.glif","\/fonts\/Unpacking\/1057e7f2750f0b64e6d76cbb6f2dbdbbc906ec7b\/savannah.ufo\/glyphs\/B_.glif":"\/fonts\/Unpacking\/1057e7f2750f0b64e6d76cbb6f2dbdbbc906ec7b\/savannah.ufo\/glyphs\/B_.glif","\/fonts\/Unpacking\/1057e7f2750f0b64e6d76cbb6f2dbdbbc906ec7b\/savannah.ufo\/glyphs\/C_.glif":"\/fonts\/Unpacking\/1057e7f2750f0b64e6d76cbb6f2dbdbbc906ec7b\/savannah.ufo\/glyphs\/C_.glif","\/fonts\/Unpacking\/1057e7f2750f0b64e6d76cbb6f2dbdbbc906ec7b\/savannah.ufo\/glyphs\/D_.glif":"\/fonts\/Unpacking\/1057e7f2750f0b64e6d76cbb6f2dbdbbc906ec7b\/savannah.ufo\/glyphs\/D_.glif","\/fonts\/Unpacking\/1057e7f2750f0b64e6d76cbb6f2dbdbbc906ec7b\/savannah.ufo\/glyphs\/E_.glif":"\/fonts\/Unpacking\/1057e7f2750f0b64e6d76cbb6f2dbdbbc906ec7b\/savannah.ufo\/glyphs\/E_.glif","\/fonts\/Unpacking\/1057e7f2750f0b64e6d76cbb6f2dbdbbc906ec7b\/savannah.ufo\/glyphs\/F_.glif":"\/fonts\/Unpacking\/1057e7f2750f0b64e6d76cbb6f2dbdbbc906ec7b\/savannah.ufo\/glyphs\/F_.glif","\/fonts\/Unpacking\/1057e7f2750f0b64e6d76cbb6f2dbdbbc906ec7b\/savannah.ufo\/glyphs\/G_.glif":"\/fonts\/Unpacking\/1057e7f2750f0b64e6d76cbb6f2dbdbbc906ec7b\/savannah.ufo\/glyphs\/G_.glif","\/fonts\/Unpacking\/1057e7f2750f0b64e6d76cbb6f2dbdbbc906ec7b\/savannah.ufo\/glyphs\/H_.glif":"\/fonts\/Unpacking\/1057e7f2750f0b64e6d76cbb6f2dbdbbc906ec7b\/savannah.ufo\/glyphs\/H_.glif","\/fonts\/Unpacking\/1057e7f2750f0b64e6d76cbb6f2dbdbbc906ec7b\/savannah.ufo\/glyphs\/I_.glif":"\/fonts\/Unpacking\/1057e7f2750f0b64e6d76cbb6f2dbdbbc906ec7b\/savannah.ufo\/glyphs\/I_.glif","\/fonts\/Unpacking\/1057e7f2750f0b64e6d76cbb6f2dbdbbc906ec7b\/savannah.ufo\/glyphs\/J_.glif":"\/fonts\/Unpacking\/1057e7f2750f0b64e6d76cbb6f2dbdbbc906ec7b\/savannah.ufo\/glyphs\/J_.glif","\/fonts\/Unpacking\/1057e7f2750f0b64e6d76cbb6f2dbdbbc906ec7b\/savannah.ufo\/glyphs\/K_.glif":"\/fonts\/Unpacking\/1057e7f2750f0b64e6d76cbb6f2dbdbbc906ec7b\/savannah.ufo\/glyphs\/K_.glif","\/fonts\/Unpacking\/1057e7f2750f0b64e6d76cbb6f2dbdbbc906ec7b\/savannah.ufo\/glyphs\/L_.glif":"\/fonts\/Unpacking\/1057e7f2750f0b64e6d76cbb6f2dbdbbc906ec7b\/savannah.ufo\/glyphs\/L_.glif","\/fonts\/Unpacking\/1057e7f2750f0b64e6d76cbb6f2dbdbbc906ec7b\/savannah.ufo\/glyphs\/M_.glif":"\/fonts\/Unpacking\/1057e7f2750f0b64e6d76cbb6f2dbdbbc906ec7b\/savannah.ufo\/glyphs\/M_.glif","\/fonts\/Unpacking\/1057e7f2750f0b64e6d76cbb6f2dbdbbc906ec7b\/savannah.ufo\/glyphs\/N_.glif":"\/fonts\/Unpacking\/1057e7f2750f0b64e6d76cbb6f2dbdbbc906ec7b\/savannah.ufo\/glyphs\/N_.glif","\/fonts\/Unpacking\/1057e7f2750f0b64e6d76cbb6f2dbdbbc906ec7b\/savannah.ufo\/glyphs\/O_.glif":"\/fonts\/Unpacking\/1057e7f2750f0b64e6d76cbb6f2dbdbbc906ec7b\/savannah.ufo\/glyphs\/O_.glif","\/fonts\/Unpacking\/1057e7f2750f0b64e6d76cbb6f2dbdbbc906ec7b\/savannah.ufo\/glyphs\/P_.glif":"\/fonts\/Unpacking\/1057e7f2750f0b64e6d76cbb6f2dbdbbc906ec7b\/savannah.ufo\/glyphs\/P_.glif","\/fonts\/Unpacking\/1057e7f2750f0b64e6d76cbb6f2dbdbbc906ec7b\/savannah.ufo\/glyphs\/Q_.glif":"\/fonts\/Unpacking\/1057e7f2750f0b64e6d76cbb6f2dbdbbc906ec7b\/savannah.ufo\/glyphs\/Q_.glif","\/fonts\/Unpacking\/1057e7f2750f0b64e6d76cbb6f2dbdbbc906ec7b\/savannah.ufo\/glyphs\/R_.glif":"\/fonts\/Unpacking\/1057e7f2750f0b64e6d76cbb6f2dbdbbc906ec7b\/savannah.ufo\/glyphs\/R_.glif","\/fonts\/Unpacking\/1057e7f2750f0b64e6d76cbb6f2dbdbbc906ec7b\/savannah.ufo\/glyphs\/S_.glif":"\/fonts\/Unpacking\/1057e7f2750f0b64e6d76cbb6f2dbdbbc906ec7b\/savannah.ufo\/glyphs\/S_.glif","\/fonts\/Unpacking\/1057e7f2750f0b64e6d76cbb6f2dbdbbc906ec7b\/savannah.ufo\/glyphs\/T_.glif":"\/fonts\/Unpacking\/1057e7f2750f0b64e6d76cbb6f2dbdbbc906ec7b\/savannah.ufo\/glyphs\/T_.glif","\/fonts\/Unpacking\/1057e7f2750f0b64e6d76cbb6f2dbdbbc906ec7b\/savannah.ufo\/glyphs\/U_.glif":"\/fonts\/Unpacking\/1057e7f2750f0b64e6d76cbb6f2dbdbbc906ec7b\/savannah.ufo\/glyphs\/U_.glif","\/fonts\/Unpacking\/1057e7f2750f0b64e6d76cbb6f2dbdbbc906ec7b\/savannah.ufo\/glyphs\/V_.glif":"\/fonts\/Unpacking\/1057e7f2750f0b64e6d76cbb6f2dbdbbc906ec7b\/savannah.ufo\/glyphs\/V_.glif","\/fonts\/Unpacking\/1057e7f2750f0b64e6d76cbb6f2dbdbbc906ec7b\/savannah.ufo\/glyphs\/W_.glif":"\/fonts\/Unpacking\/1057e7f2750f0b64e6d76cbb6f2dbdbbc906ec7b\/savannah.ufo\/glyphs\/W_.glif","\/fonts\/Unpacking\/1057e7f2750f0b64e6d76cbb6f2dbdbbc906ec7b\/savannah.ufo\/glyphs\/X_.glif":"\/fonts\/Unpacking\/1057e7f2750f0b64e6d76cbb6f2dbdbbc906ec7b\/savannah.ufo\/glyphs\/X_.glif","\/fonts\/Unpacking\/1057e7f2750f0b64e6d76cbb6f2dbdbbc906ec7b\/savannah.ufo\/glyphs\/Y_.glif":"\/fonts\/Unpacking\/1057e7f2750f0b64e6d76cbb6f2dbdbbc906ec7b\/savannah.ufo\/glyphs\/Y_.glif","\/fonts\/Unpacking\/1057e7f2750f0b64e6d76cbb6f2dbdbbc906ec7b\/savannah.ufo\/glyphs\/Z_.glif":"\/fonts\/Unpacking\/1057e7f2750f0b64e6d76cbb6f2dbdbbc906ec7b\/savannah.ufo\/glyphs\/Z_.glif","\/fonts\/Unpacking\/1057e7f2750f0b64e6d76cbb6f2dbdbbc906ec7b\/savannah.ufo\/glyphs\/_notdef.glif":"\/fonts\/Unpacking\/1057e7f2750f0b64e6d76cbb6f2dbdbbc906ec7b\/savannah.ufo\/glyphs\/_notdef.glif","\/fonts\/Unpacking\/1057e7f2750f0b64e6d76cbb6f2dbdbbc906ec7b\/savannah.ufo\/glyphs\/_null.glif":"\/fonts\/Unpacking\/1057e7f2750f0b64e6d76cbb6f2dbdbbc906ec7b\/savannah.ufo\/glyphs\/_null.glif","\/fonts\/Unpacking\/1057e7f2750f0b64e6d76cbb6f2dbdbbc906ec7b\/savannah.ufo\/glyphs\/a.glif":"\/fonts\/Unpacking\/1057e7f2750f0b64e6d76cbb6f2dbdbbc906ec7b\/savannah.ufo\/glyphs\/a.glif","\/fonts\/Unpacking\/1057e7f2750f0b64e6d76cbb6f2dbdbbc906ec7b\/savannah.ufo\/glyphs\/b.glif":"\/fonts\/Unpacking\/1057e7f2750f0b64e6d76cbb6f2dbdbbc906ec7b\/savannah.ufo\/glyphs\/b.glif","\/fonts\/Unpacking\/1057e7f2750f0b64e6d76cbb6f2dbdbbc906ec7b\/savannah.ufo\/glyphs\/c.glif":"\/fonts\/Unpacking\/1057e7f2750f0b64e6d76cbb6f2dbdbbc906ec7b\/savannah.ufo\/glyphs\/c.glif","\/fonts\/Unpacking\/1057e7f2750f0b64e6d76cbb6f2dbdbbc906ec7b\/savannah.ufo\/glyphs\/colon.glif":"\/fonts\/Unpacking\/1057e7f2750f0b64e6d76cbb6f2dbdbbc906ec7b\/savannah.ufo\/glyphs\/colon.glif","\/fonts\/Unpacking\/1057e7f2750f0b64e6d76cbb6f2dbdbbc906ec7b\/savannah.ufo\/glyphs\/comma.glif":"\/fonts\/Unpacking\/1057e7f2750f0b64e6d76cbb6f2dbdbbc906ec7b\/savannah.ufo\/glyphs\/comma.glif","\/fonts\/Unpacking\/1057e7f2750f0b64e6d76cbb6f2dbdbbc906ec7b\/savannah.ufo\/glyphs\/contents.plist":"\/fonts\/Unpacking\/1057e7f2750f0b64e6d76cbb6f2dbdbbc906ec7b\/savannah.ufo\/glyphs\/contents.plist","\/fonts\/Unpacking\/1057e7f2750f0b64e6d76cbb6f2dbdbbc906ec7b\/savannah.ufo\/glyphs\/d.glif":"\/fonts\/Unpacking\/1057e7f2750f0b64e6d76cbb6f2dbdbbc906ec7b\/savannah.ufo\/glyphs\/d.glif","\/fonts\/Unpacking\/1057e7f2750f0b64e6d76cbb6f2dbdbbc906ec7b\/savannah.ufo\/glyphs\/e.glif":"\/fonts\/Unpacking\/1057e7f2750f0b64e6d76cbb6f2dbdbbc906ec7b\/savannah.ufo\/glyphs\/e.glif","\/fonts\/Unpacking\/1057e7f2750f0b64e6d76cbb6f2dbdbbc906ec7b\/savannah.ufo\/glyphs\/eight.glif":"\/fonts\/Unpacking\/1057e7f2750f0b64e6d76cbb6f2dbdbbc906ec7b\/savannah.ufo\/glyphs\/eight.glif","\/fonts\/Unpacking\/1057e7f2750f0b64e6d76cbb6f2dbdbbc906ec7b\/savannah.ufo\/glyphs\/exclam.glif":"\/fonts\/Unpacking\/1057e7f2750f0b64e6d76cbb6f2dbdbbc906ec7b\/savannah.ufo\/glyphs\/exclam.glif","\/fonts\/Unpacking\/1057e7f2750f0b64e6d76cbb6f2dbdbbc906ec7b\/savannah.ufo\/glyphs\/f.glif":"\/fonts\/Unpacking\/1057e7f2750f0b64e6d76cbb6f2dbdbbc906ec7b\/savannah.ufo\/glyphs\/f.glif","\/fonts\/Unpacking\/1057e7f2750f0b64e6d76cbb6f2dbdbbc906ec7b\/savannah.ufo\/glyphs\/five.glif":"\/fonts\/Unpacking\/1057e7f2750f0b64e6d76cbb6f2dbdbbc906ec7b\/savannah.ufo\/glyphs\/five.glif","\/fonts\/Unpacking\/1057e7f2750f0b64e6d76cbb6f2dbdbbc906ec7b\/savannah.ufo\/glyphs\/four.glif":"\/fonts\/Unpacking\/1057e7f2750f0b64e6d76cbb6f2dbdbbc906ec7b\/savannah.ufo\/glyphs\/four.glif","\/fonts\/Unpacking\/1057e7f2750f0b64e6d76cbb6f2dbdbbc906ec7b\/savannah.ufo\/glyphs\/g.glif":"\/fonts\/Unpacking\/1057e7f2750f0b64e6d76cbb6f2dbdbbc906ec7b\/savannah.ufo\/glyphs\/g.glif","\/fonts\/Unpacking\/1057e7f2750f0b64e6d76cbb6f2dbdbbc906ec7b\/savannah.ufo\/glyphs\/h.glif":"\/fonts\/Unpacking\/1057e7f2750f0b64e6d76cbb6f2dbdbbc906ec7b\/savannah.ufo\/glyphs\/h.glif","\/fonts\/Unpacking\/1057e7f2750f0b64e6d76cbb6f2dbdbbc906ec7b\/savannah.ufo\/glyphs\/hyphen.glif":"\/fonts\/Unpacking\/1057e7f2750f0b64e6d76cbb6f2dbdbbc906ec7b\/savannah.ufo\/glyphs\/hyphen.glif","\/fonts\/Unpacking\/1057e7f2750f0b64e6d76cbb6f2dbdbbc906ec7b\/savannah.ufo\/glyphs\/i.glif":"\/fonts\/Unpacking\/1057e7f2750f0b64e6d76cbb6f2dbdbbc906ec7b\/savannah.ufo\/glyphs\/i.glif","\/fonts\/Unpacking\/1057e7f2750f0b64e6d76cbb6f2dbdbbc906ec7b\/savannah.ufo\/glyphs\/j.glif":"\/fonts\/Unpacking\/1057e7f2750f0b64e6d76cbb6f2dbdbbc906ec7b\/savannah.ufo\/glyphs\/j.glif","\/fonts\/Unpacking\/1057e7f2750f0b64e6d76cbb6f2dbdbbc906ec7b\/savannah.ufo\/glyphs\/k.glif":"\/fonts\/Unpacking\/1057e7f2750f0b64e6d76cbb6f2dbdbbc906ec7b\/savannah.ufo\/glyphs\/k.glif","\/fonts\/Unpacking\/1057e7f2750f0b64e6d76cbb6f2dbdbbc906ec7b\/savannah.ufo\/glyphs\/l.glif":"\/fonts\/Unpacking\/1057e7f2750f0b64e6d76cbb6f2dbdbbc906ec7b\/savannah.ufo\/glyphs\/l.glif","\/fonts\/Unpacking\/1057e7f2750f0b64e6d76cbb6f2dbdbbc906ec7b\/savannah.ufo\/glyphs\/m.glif":"\/fonts\/Unpacking\/1057e7f2750f0b64e6d76cbb6f2dbdbbc906ec7b\/savannah.ufo\/glyphs\/m.glif","\/fonts\/Unpacking\/1057e7f2750f0b64e6d76cbb6f2dbdbbc906ec7b\/savannah.ufo\/glyphs\/n.glif":"\/fonts\/Unpacking\/1057e7f2750f0b64e6d76cbb6f2dbdbbc906ec7b\/savannah.ufo\/glyphs\/n.glif","\/fonts\/Unpacking\/1057e7f2750f0b64e6d76cbb6f2dbdbbc906ec7b\/savannah.ufo\/glyphs\/nine.glif":"\/fonts\/Unpacking\/1057e7f2750f0b64e6d76cbb6f2dbdbbc906ec7b\/savannah.ufo\/glyphs\/nine.glif","\/fonts\/Unpacking\/1057e7f2750f0b64e6d76cbb6f2dbdbbc906ec7b\/savannah.ufo\/glyphs\/nonbreakingspace.glif":"\/fonts\/Unpacking\/1057e7f2750f0b64e6d76cbb6f2dbdbbc906ec7b\/savannah.ufo\/glyphs\/nonbreakingspace.glif","\/fonts\/Unpacking\/1057e7f2750f0b64e6d76cbb6f2dbdbbc906ec7b\/savannah.ufo\/glyphs\/nonmarkingreturn.glif":"\/fonts\/Unpacking\/1057e7f2750f0b64e6d76cbb6f2dbdbbc906ec7b\/savannah.ufo\/glyphs\/nonmarkingreturn.glif","\/fonts\/Unpacking\/1057e7f2750f0b64e6d76cbb6f2dbdbbc906ec7b\/savannah.ufo\/glyphs\/o.glif":"\/fonts\/Unpacking\/1057e7f2750f0b64e6d76cbb6f2dbdbbc906ec7b\/savannah.ufo\/glyphs\/o.glif","\/fonts\/Unpacking\/1057e7f2750f0b64e6d76cbb6f2dbdbbc906ec7b\/savannah.ufo\/glyphs\/one.glif":"\/fonts\/Unpacking\/1057e7f2750f0b64e6d76cbb6f2dbdbbc906ec7b\/savannah.ufo\/glyphs\/one.glif","\/fonts\/Unpacking\/1057e7f2750f0b64e6d76cbb6f2dbdbbc906ec7b\/savannah.ufo\/glyphs\/p.glif":"\/fonts\/Unpacking\/1057e7f2750f0b64e6d76cbb6f2dbdbbc906ec7b\/savannah.ufo\/glyphs\/p.glif","\/fonts\/Unpacking\/1057e7f2750f0b64e6d76cbb6f2dbdbbc906ec7b\/savannah.ufo\/glyphs\/period.glif":"\/fonts\/Unpacking\/1057e7f2750f0b64e6d76cbb6f2dbdbbc906ec7b\/savannah.ufo\/glyphs\/period.glif","\/fonts\/Unpacking\/1057e7f2750f0b64e6d76cbb6f2dbdbbc906ec7b\/savannah.ufo\/glyphs\/q.glif":"\/fonts\/Unpacking\/1057e7f2750f0b64e6d76cbb6f2dbdbbc906ec7b\/savannah.ufo\/glyphs\/q.glif","\/fonts\/Unpacking\/1057e7f2750f0b64e6d76cbb6f2dbdbbc906ec7b\/savannah.ufo\/glyphs\/question.glif":"\/fonts\/Unpacking\/1057e7f2750f0b64e6d76cbb6f2dbdbbc906ec7b\/savannah.ufo\/glyphs\/question.glif","\/fonts\/Unpacking\/1057e7f2750f0b64e6d76cbb6f2dbdbbc906ec7b\/savannah.ufo\/glyphs\/quotedbl.glif":"\/fonts\/Unpacking\/1057e7f2750f0b64e6d76cbb6f2dbdbbc906ec7b\/savannah.ufo\/glyphs\/quotedbl.glif","\/fonts\/Unpacking\/1057e7f2750f0b64e6d76cbb6f2dbdbbc906ec7b\/savannah.ufo\/glyphs\/quotedblleft.glif":"\/fonts\/Unpacking\/1057e7f2750f0b64e6d76cbb6f2dbdbbc906ec7b\/savannah.ufo\/glyphs\/quotedblleft.glif","\/fonts\/Unpacking\/1057e7f2750f0b64e6d76cbb6f2dbdbbc906ec7b\/savannah.ufo\/glyphs\/quotedblright.glif":"\/fonts\/Unpacking\/1057e7f2750f0b64e6d76cbb6f2dbdbbc906ec7b\/savannah.ufo\/glyphs\/quotedblright.glif","\/fonts\/Unpacking\/1057e7f2750f0b64e6d76cbb6f2dbdbbc906ec7b\/savannah.ufo\/glyphs\/r.glif":"\/fonts\/Unpacking\/1057e7f2750f0b64e6d76cbb6f2dbdbbc906ec7b\/savannah.ufo\/glyphs\/r.glif","\/fonts\/Unpacking\/1057e7f2750f0b64e6d76cbb6f2dbdbbc906ec7b\/savannah.ufo\/glyphs\/s.glif":"\/fonts\/Unpacking\/1057e7f2750f0b64e6d76cbb6f2dbdbbc906ec7b\/savannah.ufo\/glyphs\/s.glif","\/fonts\/Unpacking\/1057e7f2750f0b64e6d76cbb6f2dbdbbc906ec7b\/savannah.ufo\/glyphs\/semicolon.glif":"\/fonts\/Unpacking\/1057e7f2750f0b64e6d76cbb6f2dbdbbc906ec7b\/savannah.ufo\/glyphs\/semicolon.glif","\/fonts\/Unpacking\/1057e7f2750f0b64e6d76cbb6f2dbdbbc906ec7b\/savannah.ufo\/glyphs\/seven.glif":"\/fonts\/Unpacking\/1057e7f2750f0b64e6d76cbb6f2dbdbbc906ec7b\/savannah.ufo\/glyphs\/seven.glif","\/fonts\/Unpacking\/1057e7f2750f0b64e6d76cbb6f2dbdbbc906ec7b\/savannah.ufo\/glyphs\/six.glif":"\/fonts\/Unpacking\/1057e7f2750f0b64e6d76cbb6f2dbdbbc906ec7b\/savannah.ufo\/glyphs\/six.glif","\/fonts\/Unpacking\/1057e7f2750f0b64e6d76cbb6f2dbdbbc906ec7b\/savannah.ufo\/glyphs\/space.glif":"\/fonts\/Unpacking\/1057e7f2750f0b64e6d76cbb6f2dbdbbc906ec7b\/savannah.ufo\/glyphs\/space.glif","\/fonts\/Unpacking\/1057e7f2750f0b64e6d76cbb6f2dbdbbc906ec7b\/savannah.ufo\/glyphs\/t.glif":"\/fonts\/Unpacking\/1057e7f2750f0b64e6d76cbb6f2dbdbbc906ec7b\/savannah.ufo\/glyphs\/t.glif","\/fonts\/Unpacking\/1057e7f2750f0b64e6d76cbb6f2dbdbbc906ec7b\/savannah.ufo\/glyphs\/three.glif":"\/fonts\/Unpacking\/1057e7f2750f0b64e6d76cbb6f2dbdbbc906ec7b\/savannah.ufo\/glyphs\/three.glif","\/fonts\/Unpacking\/1057e7f2750f0b64e6d76cbb6f2dbdbbc906ec7b\/savannah.ufo\/glyphs\/two.glif":"\/fonts\/Unpacking\/1057e7f2750f0b64e6d76cbb6f2dbdbbc906ec7b\/savannah.ufo\/glyphs\/two.glif","\/fonts\/Unpacking\/1057e7f2750f0b64e6d76cbb6f2dbdbbc906ec7b\/savannah.ufo\/glyphs\/u.glif":"\/fonts\/Unpacking\/1057e7f2750f0b64e6d76cbb6f2dbdbbc906ec7b\/savannah.ufo\/glyphs\/u.glif","\/fonts\/Unpacking\/1057e7f2750f0b64e6d76cbb6f2dbdbbc906ec7b\/savannah.ufo\/glyphs\/v.glif":"\/fonts\/Unpacking\/1057e7f2750f0b64e6d76cbb6f2dbdbbc906ec7b\/savannah.ufo\/glyphs\/v.glif","\/fonts\/Unpacking\/1057e7f2750f0b64e6d76cbb6f2dbdbbc906ec7b\/savannah.ufo\/glyphs\/w.glif":"\/fonts\/Unpacking\/1057e7f2750f0b64e6d76cbb6f2dbdbbc906ec7b\/savannah.ufo\/glyphs\/w.glif","\/fonts\/Unpacking\/1057e7f2750f0b64e6d76cbb6f2dbdbbc906ec7b\/savannah.ufo\/glyphs\/x.glif":"\/fonts\/Unpacking\/1057e7f2750f0b64e6d76cbb6f2dbdbbc906ec7b\/savannah.ufo\/glyphs\/x.glif","\/fonts\/Unpacking\/1057e7f2750f0b64e6d76cbb6f2dbdbbc906ec7b\/savannah.ufo\/glyphs\/y.glif":"\/fonts\/Unpacking\/1057e7f2750f0b64e6d76cbb6f2dbdbbc906ec7b\/savannah.ufo\/glyphs\/y.glif","\/fonts\/Unpacking\/1057e7f2750f0b64e6d76cbb6f2dbdbbc906ec7b\/savannah.ufo\/glyphs\/z.glif":"\/fonts\/Unpacking\/1057e7f2750f0b64e6d76cbb6f2dbdbbc906ec7b\/savannah.ufo\/glyphs\/z.glif","\/fonts\/Unpacking\/1057e7f2750f0b64e6d76cbb6f2dbdbbc906ec7b\/savannah.ufo\/glyphs\/zero.glif":"\/fonts\/Unpacking\/1057e7f2750f0b64e6d76cbb6f2dbdbbc906ec7b\/savannah.ufo\/glyphs\/zero.glif"},"Font":null,"Licences":{"":false},"Table":{"FFTM":{"entryLength":16,"tag":"FFTM","checksum":1947117748,"offset":20964,"length":28},"GDEF":{"entryLength":16,"tag":"GDEF","checksum":7995396,"offset":20932,"length":32},"OS\/2":{"entryLength":16,"tag":"OS\/2","checksum":2107186754,"offset":344,"length":86},"cmap":{"entryLength":16,"tag":"cmap","checksum":3006224703,"offset":740,"length":394},"gasp":{"entryLength":16,"tag":"gasp","checksum":4294901763,"offset":20924,"length":8},"glyf":{"entryLength":16,"tag":"glyf","checksum":1323602254,"offset":1292,"length":18988},"head":{"entryLength":16,"tag":"head","checksum":350218683,"offset":220,"length":54},"hhea":{"entryLength":16,"tag":"hhea","checksum":458949611,"offset":276,"length":36},"hmtx":{"entryLength":16,"tag":"hmtx","checksum":3847422738,"offset":432,"length":308},"loca":{"entryLength":16,"tag":"loca","checksum":3414482828,"offset":1136,"length":156},"maxp":{"entryLength":16,"tag":"maxp","checksum":9961680,"offset":312,"length":32},"name":{"entryLength":16,"tag":"name","checksum":790317831,"offset":20280,"length":456},"post":{"entryLength":16,"tag":"post","checksum":135268529,"offset":20736,"length":188}},"UnicodeCharMap":{"0":1,"13":2,"32":3,"33":4,"34":5,"44":6,"45":7,"46":8,"48":9,"49":10,"50":11,"51":12,"52":13,"53":14,"54":15,"55":16,"56":17,"57":18,"58":19,"59":20,"63":21,"65":22,"66":23,"67":24,"68":25,"69":26,"70":27,"71":28,"72":29,"73":30,"74":31,"75":32,"76":33,"77":34,"78":35,"79":36,"80":37,"81":38,"82":39,"83":40,"84":41,"85":42,"86":43,"87":44,"88":45,"89":46,"90":47,"97":48,"98":49,"99":50,"100":51,"101":52,"102":53,"103":54,"104":55,"105":56,"106":57,"107":58,"108":59,"109":60,"110":61,"111":62,"112":63,"113":64,"114":65,"115":66,"116":67,"117":68,"118":69,"119":70,"120":71,"121":72,"122":73,"160":74,"8220":75,"8221":76},"Reserves":null,"Names":[],"Nodes":[],"Contributors":[],"FontIdentity":"a53d3f575a5518c2d99f64dcf3d6cfd7","Bytes":1937525,"Networking":null,"barcode":null,"referee":null}