{"CSS":{"Bionic Type Malfunction":"tibbsbones:64183f5b1706c46435b61.css"},"FontType":"TrueType","FontCopyright":"2002 Iconian Fonts - www.iconian.com","FontName":"Bionic Type Malfunction","FontSubfamily":"Book","FontSubfamilyID":"FontForge 2.0 : Bionic Type Malfunction : 28-8-2016","FontFullName":"Bionic Type Malfunction","FontVersion":"Version 1 ","FontWeight":null,"FontPostscriptName":"BionicTypeMalfunction","Files":{"\/Bionic Type Malfunction.css":"\/Bionic Type Malfunction.css","\/biotypm.afm":"\/biotypm.afm","\/biotypm.cef":"\/biotypm.cef","\/biotypm.cff":"\/biotypm.cff","\/biotypm.eot":"\/biotypm.eot","\/biotypm.gai":"\/biotypm.gai","\/biotypm.gsf":"\/biotypm.gsf","\/biotypm.otf":"\/biotypm.otf","\/biotypm.pf3":"\/biotypm.pf3","\/biotypm.pfa":"\/biotypm.pfa","\/biotypm.pfb":"\/biotypm.pfb","\/biotypm.php":"\/biotypm.php","\/biotypm.pt3":"\/biotypm.pt3","\/biotypm.sfd":"\/biotypm.sfd","\/biotypm.svg":"\/biotypm.svg","\/biotypm.t42":"\/biotypm.t42","\/biotypm.ttd":"\/biotypm.ttd","\/biotypm.ttf":"\/biotypm.ttf","\/biotypm.ttg":"\/biotypm.ttg","\/biotypm.ufm":"\/biotypm.ufm","\/biotypm.woff":"\/biotypm.woff","\/biotypm.z":"\/biotypm.z","\/font-resource.json":"\/font-resource.json","\/tibbsbones:64183f5b1706c46435b61.css":"\/tibbsbones:64183f5b1706c46435b61.css","\/biotypm.ufo\/feature.fea":"\/biotypm.ufo\/feature.fea","\/biotypm.ufo\/fontinfo.plist":"\/biotypm.ufo\/fontinfo.plist","\/biotypm.ufo\/groups.plist":"\/biotypm.ufo\/groups.plist","\/biotypm.ufo\/kerning.plist":"\/biotypm.ufo\/kerning.plist","\/biotypm.ufo\/metainfo.plist":"\/biotypm.ufo\/metainfo.plist","\/biotypm.ufo\/glyphs\/A_.glif":"\/biotypm.ufo\/glyphs\/A_.glif","\/biotypm.ufo\/glyphs\/B_.glif":"\/biotypm.ufo\/glyphs\/B_.glif","\/biotypm.ufo\/glyphs\/C_.glif":"\/biotypm.ufo\/glyphs\/C_.glif","\/biotypm.ufo\/glyphs\/D_.glif":"\/biotypm.ufo\/glyphs\/D_.glif","\/biotypm.ufo\/glyphs\/E_.glif":"\/biotypm.ufo\/glyphs\/E_.glif","\/biotypm.ufo\/glyphs\/F_.glif":"\/biotypm.ufo\/glyphs\/F_.glif","\/biotypm.ufo\/glyphs\/F_L_0023h.glif":"\/biotypm.ufo\/glyphs\/F_L_0023h.glif","\/biotypm.ufo\/glyphs\/F_L_0026h.glif":"\/biotypm.ufo\/glyphs\/F_L_0026h.glif","\/biotypm.ufo\/glyphs\/F_L_2018h.glif":"\/biotypm.ufo\/glyphs\/F_L_2018h.glif","\/biotypm.ufo\/glyphs\/F_L_2019h.glif":"\/biotypm.ufo\/glyphs\/F_L_2019h.glif","\/biotypm.ufo\/glyphs\/F_L_201C_h.glif":"\/biotypm.ufo\/glyphs\/F_L_201C_h.glif","\/biotypm.ufo\/glyphs\/F_L_201D_h.glif":"\/biotypm.ufo\/glyphs\/F_L_201D_h.glif","\/biotypm.ufo\/glyphs\/G_.glif":"\/biotypm.ufo\/glyphs\/G_.glif","\/biotypm.ufo\/glyphs\/H_.glif":"\/biotypm.ufo\/glyphs\/H_.glif","\/biotypm.ufo\/glyphs\/I_.glif":"\/biotypm.ufo\/glyphs\/I_.glif","\/biotypm.ufo\/glyphs\/J_.glif":"\/biotypm.ufo\/glyphs\/J_.glif","\/biotypm.ufo\/glyphs\/K_.glif":"\/biotypm.ufo\/glyphs\/K_.glif","\/biotypm.ufo\/glyphs\/L_.glif":"\/biotypm.ufo\/glyphs\/L_.glif","\/biotypm.ufo\/glyphs\/M_.glif":"\/biotypm.ufo\/glyphs\/M_.glif","\/biotypm.ufo\/glyphs\/N_.glif":"\/biotypm.ufo\/glyphs\/N_.glif","\/biotypm.ufo\/glyphs\/O_.glif":"\/biotypm.ufo\/glyphs\/O_.glif","\/biotypm.ufo\/glyphs\/P_.glif":"\/biotypm.ufo\/glyphs\/P_.glif","\/biotypm.ufo\/glyphs\/Q_.glif":"\/biotypm.ufo\/glyphs\/Q_.glif","\/biotypm.ufo\/glyphs\/R_.glif":"\/biotypm.ufo\/glyphs\/R_.glif","\/biotypm.ufo\/glyphs\/S_.glif":"\/biotypm.ufo\/glyphs\/S_.glif","\/biotypm.ufo\/glyphs\/T_.glif":"\/biotypm.ufo\/glyphs\/T_.glif","\/biotypm.ufo\/glyphs\/U_.glif":"\/biotypm.ufo\/glyphs\/U_.glif","\/biotypm.ufo\/glyphs\/V_.glif":"\/biotypm.ufo\/glyphs\/V_.glif","\/biotypm.ufo\/glyphs\/W_.glif":"\/biotypm.ufo\/glyphs\/W_.glif","\/biotypm.ufo\/glyphs\/X_.glif":"\/biotypm.ufo\/glyphs\/X_.glif","\/biotypm.ufo\/glyphs\/Y_.glif":"\/biotypm.ufo\/glyphs\/Y_.glif","\/biotypm.ufo\/glyphs\/Z_.glif":"\/biotypm.ufo\/glyphs\/Z_.glif","\/biotypm.ufo\/glyphs\/_null.glif":"\/biotypm.ufo\/glyphs\/_null.glif","\/biotypm.ufo\/glyphs\/a.glif":"\/biotypm.ufo\/glyphs\/a.glif","\/biotypm.ufo\/glyphs\/asciicircum.glif":"\/biotypm.ufo\/glyphs\/asciicircum.glif","\/biotypm.ufo\/glyphs\/asterisk.glif":"\/biotypm.ufo\/glyphs\/asterisk.glif","\/biotypm.ufo\/glyphs\/at.glif":"\/biotypm.ufo\/glyphs\/at.glif","\/biotypm.ufo\/glyphs\/b.glif":"\/biotypm.ufo\/glyphs\/b.glif","\/biotypm.ufo\/glyphs\/backslash.glif":"\/biotypm.ufo\/glyphs\/backslash.glif","\/biotypm.ufo\/glyphs\/bar.glif":"\/biotypm.ufo\/glyphs\/bar.glif","\/biotypm.ufo\/glyphs\/braceleft.glif":"\/biotypm.ufo\/glyphs\/braceleft.glif","\/biotypm.ufo\/glyphs\/braceright.glif":"\/biotypm.ufo\/glyphs\/braceright.glif","\/biotypm.ufo\/glyphs\/bracketleft.glif":"\/biotypm.ufo\/glyphs\/bracketleft.glif","\/biotypm.ufo\/glyphs\/bracketright.glif":"\/biotypm.ufo\/glyphs\/bracketright.glif","\/biotypm.ufo\/glyphs\/c.glif":"\/biotypm.ufo\/glyphs\/c.glif","\/biotypm.ufo\/glyphs\/colon.glif":"\/biotypm.ufo\/glyphs\/colon.glif","\/biotypm.ufo\/glyphs\/comma.glif":"\/biotypm.ufo\/glyphs\/comma.glif","\/biotypm.ufo\/glyphs\/contents.plist":"\/biotypm.ufo\/glyphs\/contents.plist","\/biotypm.ufo\/glyphs\/d.glif":"\/biotypm.ufo\/glyphs\/d.glif","\/biotypm.ufo\/glyphs\/dollar.glif":"\/biotypm.ufo\/glyphs\/dollar.glif","\/biotypm.ufo\/glyphs\/e.glif":"\/biotypm.ufo\/glyphs\/e.glif","\/biotypm.ufo\/glyphs\/eight.glif":"\/biotypm.ufo\/glyphs\/eight.glif","\/biotypm.ufo\/glyphs\/ellipsis.glif":"\/biotypm.ufo\/glyphs\/ellipsis.glif","\/biotypm.ufo\/glyphs\/equal.glif":"\/biotypm.ufo\/glyphs\/equal.glif","\/biotypm.ufo\/glyphs\/exclam.glif":"\/biotypm.ufo\/glyphs\/exclam.glif","\/biotypm.ufo\/glyphs\/f.glif":"\/biotypm.ufo\/glyphs\/f.glif","\/biotypm.ufo\/glyphs\/five.glif":"\/biotypm.ufo\/glyphs\/five.glif","\/biotypm.ufo\/glyphs\/four.glif":"\/biotypm.ufo\/glyphs\/four.glif","\/biotypm.ufo\/glyphs\/g.glif":"\/biotypm.ufo\/glyphs\/g.glif","\/biotypm.ufo\/glyphs\/grave.glif":"\/biotypm.ufo\/glyphs\/grave.glif","\/biotypm.ufo\/glyphs\/greater.glif":"\/biotypm.ufo\/glyphs\/greater.glif","\/biotypm.ufo\/glyphs\/h.glif":"\/biotypm.ufo\/glyphs\/h.glif","\/biotypm.ufo\/glyphs\/i.glif":"\/biotypm.ufo\/glyphs\/i.glif","\/biotypm.ufo\/glyphs\/j.glif":"\/biotypm.ufo\/glyphs\/j.glif","\/biotypm.ufo\/glyphs\/k.glif":"\/biotypm.ufo\/glyphs\/k.glif","\/biotypm.ufo\/glyphs\/l.glif":"\/biotypm.ufo\/glyphs\/l.glif","\/biotypm.ufo\/glyphs\/less.glif":"\/biotypm.ufo\/glyphs\/less.glif","\/biotypm.ufo\/glyphs\/m.glif":"\/biotypm.ufo\/glyphs\/m.glif","\/biotypm.ufo\/glyphs\/minus.glif":"\/biotypm.ufo\/glyphs\/minus.glif","\/biotypm.ufo\/glyphs\/n.glif":"\/biotypm.ufo\/glyphs\/n.glif","\/biotypm.ufo\/glyphs\/nine.glif":"\/biotypm.ufo\/glyphs\/nine.glif","\/biotypm.ufo\/glyphs\/nonmarkingreturn.glif":"\/biotypm.ufo\/glyphs\/nonmarkingreturn.glif","\/biotypm.ufo\/glyphs\/o.glif":"\/biotypm.ufo\/glyphs\/o.glif","\/biotypm.ufo\/glyphs\/one.glif":"\/biotypm.ufo\/glyphs\/one.glif","\/biotypm.ufo\/glyphs\/p.glif":"\/biotypm.ufo\/glyphs\/p.glif","\/biotypm.ufo\/glyphs\/parenleft.glif":"\/biotypm.ufo\/glyphs\/parenleft.glif","\/biotypm.ufo\/glyphs\/parenright.glif":"\/biotypm.ufo\/glyphs\/parenright.glif","\/biotypm.ufo\/glyphs\/percent.glif":"\/biotypm.ufo\/glyphs\/percent.glif","\/biotypm.ufo\/glyphs\/period.glif":"\/biotypm.ufo\/glyphs\/period.glif","\/biotypm.ufo\/glyphs\/plus.glif":"\/biotypm.ufo\/glyphs\/plus.glif","\/biotypm.ufo\/glyphs\/q.glif":"\/biotypm.ufo\/glyphs\/q.glif","\/biotypm.ufo\/glyphs\/question.glif":"\/biotypm.ufo\/glyphs\/question.glif","\/biotypm.ufo\/glyphs\/quotedbl.glif":"\/biotypm.ufo\/glyphs\/quotedbl.glif","\/biotypm.ufo\/glyphs\/quotesingle.glif":"\/biotypm.ufo\/glyphs\/quotesingle.glif","\/biotypm.ufo\/glyphs\/r.glif":"\/biotypm.ufo\/glyphs\/r.glif","\/biotypm.ufo\/glyphs\/s.glif":"\/biotypm.ufo\/glyphs\/s.glif","\/biotypm.ufo\/glyphs\/semicolon.glif":"\/biotypm.ufo\/glyphs\/semicolon.glif","\/biotypm.ufo\/glyphs\/seven.glif":"\/biotypm.ufo\/glyphs\/seven.glif","\/biotypm.ufo\/glyphs\/six.glif":"\/biotypm.ufo\/glyphs\/six.glif","\/biotypm.ufo\/glyphs\/slash.glif":"\/biotypm.ufo\/glyphs\/slash.glif","\/biotypm.ufo\/glyphs\/space.glif":"\/biotypm.ufo\/glyphs\/space.glif","\/biotypm.ufo\/glyphs\/t.glif":"\/biotypm.ufo\/glyphs\/t.glif","\/biotypm.ufo\/glyphs\/three.glif":"\/biotypm.ufo\/glyphs\/three.glif","\/biotypm.ufo\/glyphs\/two.glif":"\/biotypm.ufo\/glyphs\/two.glif","\/biotypm.ufo\/glyphs\/u.glif":"\/biotypm.ufo\/glyphs\/u.glif","\/biotypm.ufo\/glyphs\/underscore.glif":"\/biotypm.ufo\/glyphs\/underscore.glif","\/biotypm.ufo\/glyphs\/v.glif":"\/biotypm.ufo\/glyphs\/v.glif","\/biotypm.ufo\/glyphs\/w.glif":"\/biotypm.ufo\/glyphs\/w.glif","\/biotypm.ufo\/glyphs\/x.glif":"\/biotypm.ufo\/glyphs\/x.glif","\/biotypm.ufo\/glyphs\/y.glif":"\/biotypm.ufo\/glyphs\/y.glif","\/biotypm.ufo\/glyphs\/z.glif":"\/biotypm.ufo\/glyphs\/z.glif","\/biotypm.ufo\/glyphs\/zero.glif":"\/biotypm.ufo\/glyphs\/zero.glif"},"Font":{"uploaded":1472395583.2782,"licence":"gpl3","company":"Chronolabs Cooperative","title":"Bionic Type Malfunction","version":3.002,"date":"Sun Aug 28 07:52:15 2016","creator":"root","type":"1","matrix":"0.001 0 0 0.001 0 0","named":"BionicTypeMalfunction","painttype":"0","info":"10 dict dup","name":"Bionic Type Malfunction","family":"Bionic Type Malfunction","weight":"Book","fstype":"0","italicangle":"0","underlineposition":"","underlinethickness":""},"Licences":{"":false},"Table":{"FFTM":{"entryLength":16,"tag":"FFTM","checksum":1947015918,"offset":7620,"length":28},"GDEF":{"entryLength":16,"tag":"GDEF","checksum":9633796,"offset":7588,"length":32},"OS\/2":{"entryLength":16,"tag":"OS\/2","checksum":1449197964,"offset":344,"length":86},"cmap":{"entryLength":16,"tag":"cmap","checksum":2278670276,"offset":840,"length":378},"gasp":{"entryLength":16,"tag":"gasp","checksum":4294901763,"offset":7580,"length":8},"glyf":{"entryLength":16,"tag":"glyf","checksum":2441335826,"offset":1428,"length":5164},"head":{"entryLength":16,"tag":"head","checksum":164882567,"offset":220,"length":54},"hhea":{"entryLength":16,"tag":"hhea","checksum":108135105,"offset":276,"length":36},"hmtx":{"entryLength":16,"tag":"hmtx","checksum":3265069866,"offset":432,"length":406},"loca":{"entryLength":16,"tag":"loca","checksum":21953610,"offset":1220,"length":206},"maxp":{"entryLength":16,"tag":"maxp","checksum":11272219,"offset":312,"length":32},"name":{"entryLength":16,"tag":"name","checksum":948045316,"offset":6592,"length":699},"post":{"entryLength":16,"tag":"post","checksum":961436179,"offset":7292,"length":286}},"UnicodeCharMap":{"0":1,"13":2,"32":3,"33":4,"34":5,"36":7,"37":8,"39":10,"40":11,"41":12,"42":13,"43":14,"44":15,"46":17,"47":18,"48":19,"49":20,"50":21,"51":22,"52":23,"53":24,"54":25,"55":26,"56":27,"57":28,"58":29,"59":30,"60":31,"61":32,"62":33,"63":34,"64":35,"65":36,"66":37,"67":38,"68":39,"69":40,"70":41,"71":42,"72":43,"73":44,"74":45,"75":46,"76":47,"77":48,"78":49,"79":50,"80":51,"81":52,"82":53,"83":54,"84":55,"85":56,"86":57,"87":58,"88":59,"89":60,"90":61,"91":62,"92":63,"93":64,"94":65,"95":66,"96":67,"97":68,"98":69,"99":70,"100":71,"101":72,"102":73,"103":74,"104":75,"105":76,"106":77,"107":78,"108":79,"109":80,"110":81,"111":82,"112":83,"113":84,"114":85,"115":86,"116":87,"117":88,"118":89,"119":90,"120":91,"121":92,"122":93,"123":94,"124":95,"125":96,"8230":97,"8722":16},"Reserves":{"fontname":"Bionic Type Malfunction"},"Names":{"Bionic Type Malfunction":{"name":"Bionic Type Malfunction","longitude":"0.00000001","latitude":"0.00000001","country":"","region":"","city":""}},"Nodes":{"bi":{"type":"typal","node":"bi","usage":1,"weight":1},"ic":{"type":"typal","node":"ic","usage":1,"weight":1},"ty":{"type":"typal","node":"ty","usage":1,"weight":1},"pe":{"type":"typal","node":"pe","usage":1,"weight":1},"ma":{"type":"typal","node":"ma","usage":1,"weight":1},"on":{"type":"typal","node":"on","usage":1,"weight":1},"bio":{"type":"typal","node":"bio","usage":1,"weight":1},"nic":{"type":"typal","node":"nic","usage":1,"weight":1},"typ":{"type":"typal","node":"typ","usage":1,"weight":1},"ype":{"type":"typal","node":"ype","usage":1,"weight":1},"mal":{"type":"typal","node":"mal","usage":1,"weight":1},"ion":{"type":"typal","node":"ion","usage":1,"weight":1},"bion":{"type":"keys","node":"bion","usage":1,"weight":1},"onic":{"type":"keys","node":"onic","usage":1,"weight":1},"malf":{"type":"keys","node":"malf","usage":1,"weight":1},"tion":{"type":"keys","node":"tion","usage":1,"weight":1},"bioni":{"type":"keys","node":"bioni","usage":1,"weight":1},"ionic":{"type":"keys","node":"ionic","usage":1,"weight":1},"malfu":{"type":"keys","node":"malfu","usage":1,"weight":1},"ction":{"type":"keys","node":"ction","usage":1,"weight":1},"bionic":{"type":"fixes","node":"bionic","usage":1,"weight":1},"type":{"type":"fixes","node":"type","usage":1,"weight":1},"malfunction":{"type":"fixes","node":"malfunction","usage":1,"weight":1}},"Contributors":[],"FontIdentity":"tibbsbones:64183f5b1706c46435b61","Bytes":null,"Networking":[],"barcode":"ea3iCAemm2agi","referee":"wo5iu6ug"}