{"CSS":{"Escape-Bold":"Escape-Bold.css"},"FontType":"TrueType","FontCopyright":"Generated by Fontographer 3.6","FontName":"Escape","FontSubfamily":"Bold","FontSubfamilyID":"FontForge 2.0 : Escape-Bold : 28-8-2016","FontFullName":"Escape Bold","FontVersion":"Version 001.000 ","FontWeight":null,"FontPostscriptName":"Escape-Bold","Files":{"escape-bold.afm":"escape-bold.afm","escape-bold.bin":"escape-bold.bin","escape-bold.cef":"escape-bold.cef","escape-bold.cff":"escape-bold.cff","escape-bold.cid":"escape-bold.cid","escape-bold.dfont":"escape-bold.dfont","escape-bold.eot":"escape-bold.eot","escape-bold.fon":"escape-bold.fon","escape-bold.gai":"escape-bold.gai","escape-bold.gsf":"escape-bold.gsf","escape-bold.hqx":"escape-bold.hqx","escape-bold.ik":"escape-bold.ik","escape-bold.mf":"escape-bold.mf","escape-bold.otf":"escape-bold.otf","escape-bold.pcf":"escape-bold.pcf","escape-bold.pf3":"escape-bold.pf3","escape-bold.pfa":"escape-bold.pfa","escape-bold.pfb":"escape-bold.pfb","escape-bold.php":"escape-bold.php","escape-bold.pmf":"escape-bold.pmf","escape-bold.pt3":"escape-bold.pt3","escape-bold.sfd":"escape-bold.sfd","escape-bold.svg":"escape-bold.svg","escape-bold.t42":"escape-bold.t42","escape-bold.ttd":"escape-bold.ttd","escape-bold.ttf":"escape-bold.ttf","escape-bold.ttg":"escape-bold.ttg","escape-bold.ufm":"escape-bold.ufm","escape-bold.woff":"escape-bold.woff","escape-bold.z":"escape-bold.z","":{"escape-bold.afm":"escape-bold.afm","escape-bold.bin":"escape-bold.bin","escape-bold.cef":"escape-bold.cef","escape-bold.cff":"escape-bold.cff","escape-bold.cid":"escape-bold.cid","escape-bold.dfont":"escape-bold.dfont","escape-bold.eot":"escape-bold.eot","escape-bold.fon":"escape-bold.fon","escape-bold.gai":"escape-bold.gai","escape-bold.gsf":"escape-bold.gsf","escape-bold.hqx":"escape-bold.hqx","escape-bold.ik":"escape-bold.ik","escape-bold.mf":"escape-bold.mf","escape-bold.otf":"escape-bold.otf","escape-bold.pcf":"escape-bold.pcf","escape-bold.pf3":"escape-bold.pf3","escape-bold.pfa":"escape-bold.pfa","escape-bold.pfb":"escape-bold.pfb","escape-bold.php":"escape-bold.php","escape-bold.pmf":"escape-bold.pmf","escape-bold.pt3":"escape-bold.pt3","escape-bold.sfd":"escape-bold.sfd","escape-bold.svg":"escape-bold.svg","escape-bold.t42":"escape-bold.t42","escape-bold.ttd":"escape-bold.ttd","escape-bold.ttf":"escape-bold.ttf","escape-bold.ttg":"escape-bold.ttg","escape-bold.ufm":"escape-bold.ufm","escape-bold.woff":"escape-bold.woff","escape-bold.z":"escape-bold.z"},"\/escape-bold.ufo":{"feature.fea":"feature.fea","fontinfo.plist":"fontinfo.plist","groups.plist":"groups.plist","kerning.plist":"kerning.plist","metainfo.plist":"metainfo.plist"},"\/escape-bold.ufo\/glyphs":{"A_.glif":"A_.glif","A_E_.glif":"A_E_.glif","A_acute.glif":"A_acute.glif","A_circumflex.glif":"A_circumflex.glif","A_dieresis.glif":"A_dieresis.glif","A_grave.glif":"A_grave.glif","A_ring.glif":"A_ring.glif","A_tilde.glif":"A_tilde.glif","B_.glif":"B_.glif","C_.glif":"C_.glif","C_cedilla.glif":"C_cedilla.glif","D_.glif":"D_.glif","D_E_L_.glif":"D_E_L_.glif","D_elta.glif":"D_elta.glif","E_.glif":"E_.glif","E_acute.glif":"E_acute.glif","E_circumflex.glif":"E_circumflex.glif","E_dieresis.glif":"E_dieresis.glif","E_grave.glif":"E_grave.glif","F_.glif":"F_.glif","G_.glif":"G_.glif","H_.glif":"H_.glif","I_.glif":"I_.glif","I_acute.glif":"I_acute.glif","I_circumflex.glif":"I_circumflex.glif","I_dieresis.glif":"I_dieresis.glif","I_grave.glif":"I_grave.glif","J_.glif":"J_.glif","K_.glif":"K_.glif","L_.glif":"L_.glif","M_.glif":"M_.glif","N_.glif":"N_.glif","N_tilde.glif":"N_tilde.glif","O_.glif":"O_.glif","O_E_.glif":"O_E_.glif","O_acute.glif":"O_acute.glif","O_circumflex.glif":"O_circumflex.glif","O_dieresis.glif":"O_dieresis.glif","O_grave.glif":"O_grave.glif","O_mega.glif":"O_mega.glif","O_slash.glif":"O_slash.glif","O_tilde.glif":"O_tilde.glif","P_.glif":"P_.glif","Q_.glif":"Q_.glif","R_.glif":"R_.glif","S_.glif":"S_.glif","T_.glif":"T_.glif","U_.glif":"U_.glif","U_acute.glif":"U_acute.glif","U_circumflex.glif":"U_circumflex.glif","U_dieresis.glif":"U_dieresis.glif","U_grave.glif":"U_grave.glif","V_.glif":"V_.glif","W_.glif":"W_.glif","X_.glif":"X_.glif","Y_.glif":"Y_.glif","Y_dieresis.glif":"Y_dieresis.glif","Z_.glif":"Z_.glif","a.glif":"a.glif","aacute.glif":"aacute.glif","acircumflex.glif":"acircumflex.glif","acute.glif":"acute.glif","adieresis.glif":"adieresis.glif","ae.glif":"ae.glif","agrave.glif":"agrave.glif","ampersand.glif":"ampersand.glif","apple.glif":"apple.glif","approxequal.glif":"approxequal.glif","aring.glif":"aring.glif","asciicircum.glif":"asciicircum.glif","asciitilde.glif":"asciitilde.glif","asterisk.glif":"asterisk.glif","at.glif":"at.glif","atilde.glif":"atilde.glif","b.glif":"b.glif","backslash.glif":"backslash.glif","bar.glif":"bar.glif","braceleft.glif":"braceleft.glif","braceright.glif":"braceright.glif","bracketleft.glif":"bracketleft.glif","bracketright.glif":"bracketright.glif","breve.glif":"breve.glif","bullet.glif":"bullet.glif","c.glif":"c.glif","caron.glif":"caron.glif","ccedilla.glif":"ccedilla.glif","cedilla.glif":"cedilla.glif","cent.glif":"cent.glif","circumflex.glif":"circumflex.glif","colon.glif":"colon.glif","comma.glif":"comma.glif","contents.plist":"contents.plist","copyright.glif":"copyright.glif","currency.glif":"currency.glif","d.glif":"d.glif","dagger.glif":"dagger.glif","daggerdbl.glif":"daggerdbl.glif","degree.glif":"degree.glif","dieresis.glif":"dieresis.glif","divide.glif":"divide.glif","dollar.glif":"dollar.glif","dotaccent.glif":"dotaccent.glif","dotlessi.glif":"dotlessi.glif","e.glif":"e.glif","eacute.glif":"eacute.glif","ecircumflex.glif":"ecircumflex.glif","edieresis.glif":"edieresis.glif","egrave.glif":"egrave.glif","eight.glif":"eight.glif","ellipsis.glif":"ellipsis.glif","emdash.glif":"emdash.glif","endash.glif":"endash.glif","equal.glif":"equal.glif","exclam.glif":"exclam.glif","exclamdown.glif":"exclamdown.glif","f.glif":"f.glif","fi.glif":"fi.glif","five.glif":"five.glif","fl.glif":"fl.glif","florin.glif":"florin.glif","four.glif":"four.glif","fraction.glif":"fraction.glif","g.glif":"g.glif","germandbls.glif":"germandbls.glif","grave.glif":"grave.glif","greater.glif":"greater.glif","greaterequal.glif":"greaterequal.glif","guillemotleft.glif":"guillemotleft.glif","guillemotright.glif":"guillemotright.glif","guilsinglleft.glif":"guilsinglleft.glif","guilsinglright.glif":"guilsinglright.glif","h.glif":"h.glif","hungarumlaut.glif":"hungarumlaut.glif","hyphen.glif":"hyphen.glif","i.glif":"i.glif","iacute.glif":"iacute.glif","icircumflex.glif":"icircumflex.glif","idieresis.glif":"idieresis.glif","igrave.glif":"igrave.glif","infinity.glif":"infinity.glif","integral.glif":"integral.glif","j.glif":"j.glif","k.glif":"k.glif","l.glif":"l.glif","less.glif":"less.glif","lessequal.glif":"lessequal.glif","logicalnot.glif":"logicalnot.glif","lozenge.glif":"lozenge.glif","m.glif":"m.glif","macron.glif":"macron.glif","mu.glif":"mu.glif","n.glif":"n.glif","nbspace.glif":"nbspace.glif","nine.glif":"nine.glif","notequal.glif":"notequal.glif","ntilde.glif":"ntilde.glif","numbersign.glif":"numbersign.glif","o.glif":"o.glif","oacute.glif":"oacute.glif","ocircumflex.glif":"ocircumflex.glif","odieresis.glif":"odieresis.glif","oe.glif":"oe.glif","ogonek.glif":"ogonek.glif","ograve.glif":"ograve.glif","one.glif":"one.glif","ordfeminine.glif":"ordfeminine.glif","ordmasculine.glif":"ordmasculine.glif","oslash.glif":"oslash.glif","otilde.glif":"otilde.glif","p.glif":"p.glif","paragraph.glif":"paragraph.glif","parenleft.glif":"parenleft.glif","parenright.glif":"parenright.glif","partialdiff.glif":"partialdiff.glif","percent.glif":"percent.glif","period.glif":"period.glif","periodcentered.glif":"periodcentered.glif","perthousand.glif":"perthousand.glif","pi.glif":"pi.glif","plus.glif":"plus.glif","plusminus.glif":"plusminus.glif","product.glif":"product.glif","q.glif":"q.glif","question.glif":"question.glif","questiondown.glif":"questiondown.glif","quotedbl.glif":"quotedbl.glif","quotedblbase.glif":"quotedblbase.glif","quotedblleft.glif":"quotedblleft.glif","quotedblright.glif":"quotedblright.glif","quoteleft.glif":"quoteleft.glif","quoteright.glif":"quoteright.glif","quotesinglbase.glif":"quotesinglbase.glif","quotesingle.glif":"quotesingle.glif","r.glif":"r.glif","radical.glif":"radical.glif","registered.glif":"registered.glif","ring.glif":"ring.glif","s.glif":"s.glif","section.glif":"section.glif","semicolon.glif":"semicolon.glif","seven.glif":"seven.glif","six.glif":"six.glif","slash.glif":"slash.glif","sterling.glif":"sterling.glif","summation.glif":"summation.glif","t.glif":"t.glif","three.glif":"three.glif","tilde.glif":"tilde.glif","trademark.glif":"trademark.glif","two.glif":"two.glif","u.glif":"u.glif","uacute.glif":"uacute.glif","ucircumflex.glif":"ucircumflex.glif","udieresis.glif":"udieresis.glif","ugrave.glif":"ugrave.glif","underscore.glif":"underscore.glif","v.glif":"v.glif","w.glif":"w.glif","x.glif":"x.glif","y.glif":"y.glif","ydieresis.glif":"ydieresis.glif","yen.glif":"yen.glif","z.glif":"z.glif","zero.glif":"zero.glif"}},"Font":{"uploaded":1472329774.9593,"licence":"gpl3","company":"Chronolabs Cooperative","title":"Escape Bold","version":2.001,"date":"Fri Aug 12 15:37:58 2016","creator":"root","type":"1","matrix":"0.001 0 0 0.001 0 0","named":"Escape-Bold","painttype":"0","info":"10 dict dup","name":"Escape-Bold","family":"Escape","weight":"Bold","fstype":"0","italicangle":"0","underlineposition":"","underlinethickness":""},"Table":{"FFTM":{"entryLength":16,"tag":"FFTM","checksum":1944307004,"offset":33436,"length":28},"GDEF":{"entryLength":16,"tag":"GDEF","checksum":17760262,"offset":33404,"length":32},"OS\/2":{"entryLength":16,"tag":"OS\/2","checksum":2019892659,"offset":344,"length":86},"cmap":{"entryLength":16,"tag":"cmap","checksum":852651148,"offset":1092,"length":694},"gasp":{"entryLength":16,"tag":"gasp","checksum":4294901763,"offset":33396,"length":8},"glyf":{"entryLength":16,"tag":"glyf","checksum":3992703816,"offset":2244,"length":30108},"head":{"entryLength":16,"tag":"head","checksum":175543317,"offset":220,"length":54},"hhea":{"entryLength":16,"tag":"hhea","checksum":113312531,"offset":276,"length":36},"hmtx":{"entryLength":16,"tag":"hmtx","checksum":753547650,"offset":432,"length":660},"loca":{"entryLength":16,"tag":"loca","checksum":1431648164,"offset":1788,"length":454},"maxp":{"entryLength":16,"tag":"maxp","checksum":19464315,"offset":312,"length":32},"name":{"entryLength":16,"tag":"name","checksum":466757952,"offset":32352,"length":543},"post":{"entryLength":16,"tag":"post","checksum":1045015836,"offset":32896,"length":498}},"UnicodeCharMap":{"33":3,"34":4,"35":5,"36":6,"37":7,"38":8,"39":9,"40":10,"41":11,"42":12,"43":13,"44":14,"45":15,"46":16,"47":17,"48":18,"49":19,"50":20,"51":21,"52":22,"53":23,"54":24,"55":25,"56":26,"57":27,"58":28,"59":29,"60":30,"61":31,"62":32,"63":33,"64":34,"65":35,"66":36,"67":37,"68":38,"69":39,"70":40,"71":41,"72":42,"73":43,"74":44,"75":45,"76":46,"77":47,"78":48,"79":49,"80":50,"81":51,"82":52,"83":53,"84":54,"85":55,"86":56,"87":57,"88":58,"89":59,"90":60,"91":61,"92":62,"93":63,"94":64,"95":65,"96":66,"97":67,"98":68,"99":69,"100":70,"101":71,"102":72,"103":73,"104":74,"105":75,"106":76,"107":77,"108":78,"109":79,"110":80,"111":81,"112":82,"113":83,"114":84,"115":85,"116":86,"117":87,"118":88,"119":89,"120":90,"121":91,"122":92,"123":93,"124":94,"125":95,"126":96,"160":97,"161":98,"162":99,"163":100,"164":101,"165":102,"167":103,"168":104,"169":105,"170":106,"171":107,"172":108,"174":109,"175":110,"176":111,"177":112,"180":113,"182":115,"183":116,"184":117,"186":118,"187":119,"191":120,"192":121,"193":122,"194":123,"195":124,"196":125,"197":126,"198":127,"199":128,"200":129,"201":130,"202":131,"203":132,"204":133,"205":134,"206":135,"207":136,"209":137,"210":138,"211":139,"212":140,"213":141,"214":142,"216":143,"217":144,"218":145,"219":146,"220":147,"223":148,"224":149,"225":150,"226":151,"227":152,"228":153,"229":154,"230":155,"231":156,"232":157,"233":158,"234":159,"235":160,"236":161,"237":162,"238":163,"239":164,"241":165,"242":166,"243":167,"244":168,"245":169,"246":170,"247":171,"248":172,"249":173,"250":174,"251":175,"252":176,"255":177,"305":206,"338":205,"339":207,"376":224,"402":181,"710":196,"711":203,"728":198,"729":199,"730":200,"731":202,"732":197,"733":201,"916":222,"937":219,"956":114,"960":217,"8211":187,"8212":204,"8216":179,"8217":178,"8218":191,"8220":182,"8221":193,"8222":192,"8224":188,"8225":189,"8226":190,"8230":194,"8240":195,"8249":183,"8250":184,"8260":180,"8482":209,"8706":214,"8719":216,"8721":215,"8730":220,"8734":211,"8747":218,"8776":221,"8800":210,"8804":212,"8805":213,"9674":223,"64257":185,"64258":186},"Reserves":null,"Names":[],"Nodes":{"es":{"type":"typal","node":"es","usage":1,"weight":1},"pe":{"type":"typal","node":"pe","usage":1,"weight":1},"esc":{"type":"typal","node":"esc","usage":1,"weight":1},"ape":{"type":"typal","node":"ape","usage":1,"weight":1},"esca":{"type":"keys","node":"esca","usage":1,"weight":1},"cape":{"type":"keys","node":"cape","usage":1,"weight":1},"escap":{"type":"keys","node":"escap","usage":1,"weight":1},"scape":{"type":"keys","node":"scape","usage":1,"weight":1},"escape":{"type":"fixes","node":"escape","usage":1,"weight":1}},"Contributors":[],"FontIdentity":"5076809f8280fd7cce11eeafeb770109","Bytes":2644125,"Networking":[],"barcode":"qsi10yamywaqua","referee":"ysasqg"}