{"CSS":{"VeljovicBold":"VeljovicBold.css"},"FontType":"TrueType","FontCopyright":"Copyright Copr.1992 Image Club Graphics, Inc.","FontName":"Veljovic","FontSubfamily":"Bold","FontSubfamilyID":"FontForge 2.0 : VeljovicBold : 27-8-2016","FontFullName":"Veljovic Bold","FontVersion":"Version 001.000 ","FontWeight":null,"FontPostscriptName":"VeljovicBold","Files":{"veljovicbold.afm":"veljovicbold.afm","veljovicbold.bin":"veljovicbold.bin","veljovicbold.cef":"veljovicbold.cef","veljovicbold.cff":"veljovicbold.cff","veljovicbold.cid":"veljovicbold.cid","veljovicbold.dfont":"veljovicbold.dfont","veljovicbold.eot":"veljovicbold.eot","veljovicbold.fon":"veljovicbold.fon","veljovicbold.gai":"veljovicbold.gai","veljovicbold.gsf":"veljovicbold.gsf","veljovicbold.hqx":"veljovicbold.hqx","veljovicbold.ik":"veljovicbold.ik","veljovicbold.mf":"veljovicbold.mf","veljovicbold.otf":"veljovicbold.otf","veljovicbold.pcf":"veljovicbold.pcf","veljovicbold.pf3":"veljovicbold.pf3","veljovicbold.pfa":"veljovicbold.pfa","veljovicbold.pfb":"veljovicbold.pfb","veljovicbold.php":"veljovicbold.php","veljovicbold.pmf":"veljovicbold.pmf","veljovicbold.pt3":"veljovicbold.pt3","veljovicbold.sfd":"veljovicbold.sfd","veljovicbold.svg":"veljovicbold.svg","veljovicbold.t42":"veljovicbold.t42","veljovicbold.ttd":"veljovicbold.ttd","veljovicbold.ttf":"veljovicbold.ttf","veljovicbold.ttg":"veljovicbold.ttg","veljovicbold.ufm":"veljovicbold.ufm","veljovicbold.woff":"veljovicbold.woff","veljovicbold.z":"veljovicbold.z","":{"veljovicbold.afm":"veljovicbold.afm","veljovicbold.bin":"veljovicbold.bin","veljovicbold.cef":"veljovicbold.cef","veljovicbold.cff":"veljovicbold.cff","veljovicbold.cid":"veljovicbold.cid","veljovicbold.dfont":"veljovicbold.dfont","veljovicbold.eot":"veljovicbold.eot","veljovicbold.fon":"veljovicbold.fon","veljovicbold.gai":"veljovicbold.gai","veljovicbold.gsf":"veljovicbold.gsf","veljovicbold.hqx":"veljovicbold.hqx","veljovicbold.ik":"veljovicbold.ik","veljovicbold.mf":"veljovicbold.mf","veljovicbold.otf":"veljovicbold.otf","veljovicbold.pcf":"veljovicbold.pcf","veljovicbold.pf3":"veljovicbold.pf3","veljovicbold.pfa":"veljovicbold.pfa","veljovicbold.pfb":"veljovicbold.pfb","veljovicbold.php":"veljovicbold.php","veljovicbold.pmf":"veljovicbold.pmf","veljovicbold.pt3":"veljovicbold.pt3","veljovicbold.sfd":"veljovicbold.sfd","veljovicbold.svg":"veljovicbold.svg","veljovicbold.t42":"veljovicbold.t42","veljovicbold.ttd":"veljovicbold.ttd","veljovicbold.ttf":"veljovicbold.ttf","veljovicbold.ttg":"veljovicbold.ttg","veljovicbold.ufm":"veljovicbold.ufm","veljovicbold.woff":"veljovicbold.woff","veljovicbold.z":"veljovicbold.z"},"\/veljovicbold.ufo":{"feature.fea":"feature.fea","fontinfo.plist":"fontinfo.plist","groups.plist":"groups.plist","kerning.plist":"kerning.plist","metainfo.plist":"metainfo.plist"},"\/veljovicbold.ufo\/glyphs":{"A_.glif":"A_.glif","A_E_.glif":"A_E_.glif","A_acute.glif":"A_acute.glif","A_circumflex.glif":"A_circumflex.glif","A_dieresis.glif":"A_dieresis.glif","A_grave.glif":"A_grave.glif","A_ring.glif":"A_ring.glif","A_tilde.glif":"A_tilde.glif","B_.glif":"B_.glif","C_.glif":"C_.glif","C_cedilla.glif":"C_cedilla.glif","D_.glif":"D_.glif","D_elta.glif":"D_elta.glif","E_.glif":"E_.glif","E_acute.glif":"E_acute.glif","E_circumflex.glif":"E_circumflex.glif","E_dieresis.glif":"E_dieresis.glif","E_grave.glif":"E_grave.glif","F_.glif":"F_.glif","G_.glif":"G_.glif","H_.glif":"H_.glif","I_.glif":"I_.glif","I_acute.glif":"I_acute.glif","I_circumflex.glif":"I_circumflex.glif","I_dieresis.glif":"I_dieresis.glif","I_grave.glif":"I_grave.glif","J_.glif":"J_.glif","K_.glif":"K_.glif","L_.glif":"L_.glif","M_.glif":"M_.glif","N_.glif":"N_.glif","N_tilde.glif":"N_tilde.glif","O_.glif":"O_.glif","O_E_.glif":"O_E_.glif","O_acute.glif":"O_acute.glif","O_circumflex.glif":"O_circumflex.glif","O_dieresis.glif":"O_dieresis.glif","O_grave.glif":"O_grave.glif","O_mega.glif":"O_mega.glif","O_slash.glif":"O_slash.glif","O_tilde.glif":"O_tilde.glif","P_.glif":"P_.glif","Q_.glif":"Q_.glif","R_.glif":"R_.glif","S_.glif":"S_.glif","T_.glif":"T_.glif","U_.glif":"U_.glif","U_acute.glif":"U_acute.glif","U_circumflex.glif":"U_circumflex.glif","U_dieresis.glif":"U_dieresis.glif","U_grave.glif":"U_grave.glif","V_.glif":"V_.glif","W_.glif":"W_.glif","X_.glif":"X_.glif","Y_.glif":"Y_.glif","Y_dieresis.glif":"Y_dieresis.glif","Z_.glif":"Z_.glif","a.glif":"a.glif","aacute.glif":"aacute.glif","acircumflex.glif":"acircumflex.glif","acute.glif":"acute.glif","adieresis.glif":"adieresis.glif","ae.glif":"ae.glif","agrave.glif":"agrave.glif","ampersand.glif":"ampersand.glif","approxequal.glif":"approxequal.glif","aring.glif":"aring.glif","asciicircum.glif":"asciicircum.glif","asciitilde.glif":"asciitilde.glif","asterisk.glif":"asterisk.glif","at.glif":"at.glif","atilde.glif":"atilde.glif","b.glif":"b.glif","backslash.glif":"backslash.glif","bar.glif":"bar.glif","braceleft.glif":"braceleft.glif","braceright.glif":"braceright.glif","bracketleft.glif":"bracketleft.glif","bracketright.glif":"bracketright.glif","bullet.glif":"bullet.glif","c.glif":"c.glif","ccedilla.glif":"ccedilla.glif","cent.glif":"cent.glif","colon.glif":"colon.glif","comma.glif":"comma.glif","contents.plist":"contents.plist","copyright.glif":"copyright.glif","d.glif":"d.glif","dagger.glif":"dagger.glif","degree.glif":"degree.glif","dieresis.glif":"dieresis.glif","divide.glif":"divide.glif","dollar.glif":"dollar.glif","e.glif":"e.glif","eacute.glif":"eacute.glif","ecircumflex.glif":"ecircumflex.glif","edieresis.glif":"edieresis.glif","egrave.glif":"egrave.glif","eight.glif":"eight.glif","ellipsis.glif":"ellipsis.glif","emdash.glif":"emdash.glif","endash.glif":"endash.glif","equal.glif":"equal.glif","exclam.glif":"exclam.glif","exclamdown.glif":"exclamdown.glif","f.glif":"f.glif","five.glif":"five.glif","florin.glif":"florin.glif","four.glif":"four.glif","g.glif":"g.glif","germandbls.glif":"germandbls.glif","grave.glif":"grave.glif","greater.glif":"greater.glif","greaterequal.glif":"greaterequal.glif","guillemotleft.glif":"guillemotleft.glif","guillemotright.glif":"guillemotright.glif","h.glif":"h.glif","hyphen.glif":"hyphen.glif","i.glif":"i.glif","iacute.glif":"iacute.glif","icircumflex.glif":"icircumflex.glif","idieresis.glif":"idieresis.glif","igrave.glif":"igrave.glif","infinity.glif":"infinity.glif","integral.glif":"integral.glif","j.glif":"j.glif","k.glif":"k.glif","l.glif":"l.glif","less.glif":"less.glif","lessequal.glif":"lessequal.glif","logicalnot.glif":"logicalnot.glif","lozenge.glif":"lozenge.glif","m.glif":"m.glif","mu.glif":"mu.glif","n.glif":"n.glif","nbspace.glif":"nbspace.glif","nine.glif":"nine.glif","notequal.glif":"notequal.glif","ntilde.glif":"ntilde.glif","numbersign.glif":"numbersign.glif","o.glif":"o.glif","oacute.glif":"oacute.glif","ocircumflex.glif":"ocircumflex.glif","odieresis.glif":"odieresis.glif","oe.glif":"oe.glif","ograve.glif":"ograve.glif","one.glif":"one.glif","ordfeminine.glif":"ordfeminine.glif","ordmasculine.glif":"ordmasculine.glif","oslash.glif":"oslash.glif","otilde.glif":"otilde.glif","p.glif":"p.glif","paragraph.glif":"paragraph.glif","parenleft.glif":"parenleft.glif","parenright.glif":"parenright.glif","partialdiff.glif":"partialdiff.glif","percent.glif":"percent.glif","period.glif":"period.glif","periodcentered.glif":"periodcentered.glif","pi.glif":"pi.glif","plus.glif":"plus.glif","plusminus.glif":"plusminus.glif","product.glif":"product.glif","q.glif":"q.glif","question.glif":"question.glif","questiondown.glif":"questiondown.glif","quotedbl.glif":"quotedbl.glif","quotedblbase.glif":"quotedblbase.glif","quotedblleft.glif":"quotedblleft.glif","quotedblright.glif":"quotedblright.glif","quoteleft.glif":"quoteleft.glif","quoteright.glif":"quoteright.glif","quotesinglbase.glif":"quotesinglbase.glif","quotesingle.glif":"quotesingle.glif","r.glif":"r.glif","radical.glif":"radical.glif","registered.glif":"registered.glif","s.glif":"s.glif","section.glif":"section.glif","semicolon.glif":"semicolon.glif","seven.glif":"seven.glif","six.glif":"six.glif","slash.glif":"slash.glif","space.glif":"space.glif","sterling.glif":"sterling.glif","summation.glif":"summation.glif","t.glif":"t.glif","three.glif":"three.glif","trademark.glif":"trademark.glif","two.glif":"two.glif","u.glif":"u.glif","uacute.glif":"uacute.glif","ucircumflex.glif":"ucircumflex.glif","udieresis.glif":"udieresis.glif","ugrave.glif":"ugrave.glif","underscore.glif":"underscore.glif","v.glif":"v.glif","w.glif":"w.glif","x.glif":"x.glif","y.glif":"y.glif","ydieresis.glif":"ydieresis.glif","yen.glif":"yen.glif","z.glif":"z.glif","zero.glif":"zero.glif"}},"Font":{"uploaded":1472233320.6878,"licence":"gpl3","company":"Chronolabs Cooperative","title":"Vatikan","version":2.001,"date":"Fri Aug 12 10:18:37 2016","creator":"root","type":"1","matrix":"0.001 0 0 0.001 0 0","named":"Vatikan","painttype":"0","info":"10 dict dup","name":"Vatikan","family":"Vatikan","weight":"Medium","fstype":"0","italicangle":"0","underlineposition":"","underlinethickness":""},"Table":{"FFTM":{"entryLength":16,"tag":"FFTM","checksum":1944268644,"offset":27676,"length":28},"GDEF":{"entryLength":16,"tag":"GDEF","checksum":16449542,"offset":27644,"length":32},"OS\/2":{"entryLength":16,"tag":"OS\/2","checksum":2021525791,"offset":344,"length":86},"cmap":{"entryLength":16,"tag":"cmap","checksum":3477073084,"offset":1256,"length":642},"gasp":{"entryLength":16,"tag":"gasp","checksum":4294901763,"offset":27636,"length":8},"glyf":{"entryLength":16,"tag":"glyf","checksum":572591983,"offset":2316,"length":24256},"head":{"entryLength":16,"tag":"head","checksum":196126065,"offset":220,"length":54},"hhea":{"entryLength":16,"tag":"hhea","checksum":152306695,"offset":276,"length":36},"hmtx":{"entryLength":16,"tag":"hmtx","checksum":341579888,"offset":432,"length":824},"loca":{"entryLength":16,"tag":"loca","checksum":4157661296,"offset":1900,"length":414},"maxp":{"entryLength":16,"tag":"maxp","checksum":18153609,"offset":312,"length":32},"name":{"entryLength":16,"tag":"name","checksum":3491025542,"offset":26572,"length":606},"post":{"entryLength":16,"tag":"post","checksum":4030374211,"offset":27180,"length":454}},"UnicodeCharMap":{"32":3,"33":4,"34":5,"35":6,"36":7,"37":8,"38":9,"39":10,"40":11,"41":12,"42":13,"43":14,"44":15,"45":16,"46":17,"47":18,"48":19,"49":20,"50":21,"51":22,"52":23,"53":24,"54":25,"55":26,"56":27,"57":28,"58":29,"59":30,"60":31,"61":32,"62":33,"63":34,"64":35,"65":36,"66":37,"67":38,"68":39,"69":40,"70":41,"71":42,"72":43,"73":44,"74":45,"75":46,"76":47,"77":48,"78":49,"79":50,"80":51,"81":52,"82":53,"83":54,"84":55,"85":56,"86":57,"87":58,"88":59,"89":60,"90":61,"91":62,"92":63,"93":64,"94":65,"95":66,"96":67,"97":68,"98":69,"99":70,"100":71,"101":72,"102":73,"103":74,"104":75,"105":76,"106":77,"107":78,"108":79,"109":80,"110":81,"111":82,"112":83,"113":84,"114":85,"115":86,"116":87,"117":88,"118":89,"119":90,"120":91,"121":92,"122":93,"123":94,"124":95,"125":96,"126":97,"160":98,"161":99,"162":100,"163":101,"165":102,"167":103,"168":104,"169":105,"170":106,"171":107,"172":108,"174":109,"176":110,"177":111,"180":112,"182":114,"183":115,"186":116,"187":117,"191":118,"192":119,"193":120,"194":121,"195":122,"196":123,"197":124,"198":125,"199":126,"200":127,"201":128,"202":129,"203":130,"204":131,"205":132,"206":133,"207":134,"209":135,"210":136,"211":137,"212":138,"213":139,"214":140,"216":141,"217":142,"218":143,"219":144,"220":145,"223":146,"224":147,"225":148,"226":149,"227":150,"228":151,"229":152,"230":153,"231":154,"232":155,"233":156,"234":157,"235":158,"236":159,"237":160,"238":161,"239":162,"241":163,"242":164,"243":165,"244":166,"245":167,"246":168,"247":169,"248":170,"249":171,"250":172,"251":173,"252":174,"255":175,"338":188,"339":189,"376":205,"402":178,"916":203,"937":200,"956":113,"960":198,"8211":180,"8212":187,"8216":177,"8217":176,"8218":183,"8220":179,"8221":185,"8222":184,"8224":181,"8226":182,"8230":186,"8482":190,"8706":195,"8719":197,"8721":196,"8730":201,"8734":192,"8747":199,"8776":202,"8800":191,"8804":193,"8805":194,"9674":204},"Reserves":null,"Names":[],"Nodes":{"ve":{"type":"typal","node":"ve","usage":1,"weight":1},"ic":{"type":"typal","node":"ic","usage":1,"weight":1},"vel":{"type":"typal","node":"vel","usage":1,"weight":1},"vic":{"type":"typal","node":"vic","usage":1,"weight":1},"velj":{"type":"keys","node":"velj","usage":1,"weight":1},"ovic":{"type":"keys","node":"ovic","usage":1,"weight":1},"veljo":{"type":"keys","node":"veljo","usage":1,"weight":1},"jovic":{"type":"keys","node":"jovic","usage":1,"weight":1},"veljovic":{"type":"fixes","node":"veljovic","usage":1,"weight":1}},"Contributors":[],"FontIdentity":"3160a5e7d7e8d75db622818b77ea3db2","Bytes":2486542,"Networking":[],"barcode":"8eamaem7aequa","referee":"ami2uia"}