{"CSS":{"Oneleigh-SmallCapsExpert":"Oneleigh-SmallCapsExpert.css","Oneleigh Small Caps Expert":"wagovau:4136815e517e6c85cb9642df.css"},"FontType":"TrueType","FontCopyright":"< info@fontfont.de > Copyright Nick Shinn, 1999. Published by FontShop International.  FontFont Release 24","FontName":"Oneleigh","FontSubfamily":"SmallCapsExpert","FontSubfamilyID":"FontForge 2.0 : Oneleigh-SmallCapsExpert : 12-8-2016","FontFullName":"Oneleigh Small Caps Expert","FontVersion":"Version 001.000 ","FontWeight":null,"FontPostscriptName":"Oneleigh-SmallCapsExpert","Files":{"\/Oneleigh-SmallCapsExpert.css":"\/Oneleigh-SmallCapsExpert.css","\/font-resource.json":"\/font-resource.json","\/oneleigh-smallcapsexpert.afm":"\/oneleigh-smallcapsexpert.afm","\/oneleigh-smallcapsexpert.cef":"\/oneleigh-smallcapsexpert.cef","\/oneleigh-smallcapsexpert.cff":"\/oneleigh-smallcapsexpert.cff","\/oneleigh-smallcapsexpert.eot":"\/oneleigh-smallcapsexpert.eot","\/oneleigh-smallcapsexpert.gai":"\/oneleigh-smallcapsexpert.gai","\/oneleigh-smallcapsexpert.gsf":"\/oneleigh-smallcapsexpert.gsf","\/oneleigh-smallcapsexpert.otf":"\/oneleigh-smallcapsexpert.otf","\/oneleigh-smallcapsexpert.pf3":"\/oneleigh-smallcapsexpert.pf3","\/oneleigh-smallcapsexpert.pfa":"\/oneleigh-smallcapsexpert.pfa","\/oneleigh-smallcapsexpert.pfb":"\/oneleigh-smallcapsexpert.pfb","\/oneleigh-smallcapsexpert.php":"\/oneleigh-smallcapsexpert.php","\/oneleigh-smallcapsexpert.pt3":"\/oneleigh-smallcapsexpert.pt3","\/oneleigh-smallcapsexpert.sfd":"\/oneleigh-smallcapsexpert.sfd","\/oneleigh-smallcapsexpert.svg":"\/oneleigh-smallcapsexpert.svg","\/oneleigh-smallcapsexpert.t42":"\/oneleigh-smallcapsexpert.t42","\/oneleigh-smallcapsexpert.ttd":"\/oneleigh-smallcapsexpert.ttd","\/oneleigh-smallcapsexpert.ttf":"\/oneleigh-smallcapsexpert.ttf","\/oneleigh-smallcapsexpert.ttg":"\/oneleigh-smallcapsexpert.ttg","\/oneleigh-smallcapsexpert.ufm":"\/oneleigh-smallcapsexpert.ufm","\/oneleigh-smallcapsexpert.woff":"\/oneleigh-smallcapsexpert.woff","\/oneleigh-smallcapsexpert.z":"\/oneleigh-smallcapsexpert.z","\/oneleigh-smallcapsexpert.ufo\/feature.fea":"\/oneleigh-smallcapsexpert.ufo\/feature.fea","\/oneleigh-smallcapsexpert.ufo\/fontinfo.plist":"\/oneleigh-smallcapsexpert.ufo\/fontinfo.plist","\/oneleigh-smallcapsexpert.ufo\/groups.plist":"\/oneleigh-smallcapsexpert.ufo\/groups.plist","\/oneleigh-smallcapsexpert.ufo\/kerning.plist":"\/oneleigh-smallcapsexpert.ufo\/kerning.plist","\/oneleigh-smallcapsexpert.ufo\/metainfo.plist":"\/oneleigh-smallcapsexpert.ufo\/metainfo.plist","\/oneleigh-smallcapsexpert.ufo\/glyphs\/A_.glif":"\/oneleigh-smallcapsexpert.ufo\/glyphs\/A_.glif","\/oneleigh-smallcapsexpert.ufo\/glyphs\/A_E_.glif":"\/oneleigh-smallcapsexpert.ufo\/glyphs\/A_E_.glif","\/oneleigh-smallcapsexpert.ufo\/glyphs\/A_acute.glif":"\/oneleigh-smallcapsexpert.ufo\/glyphs\/A_acute.glif","\/oneleigh-smallcapsexpert.ufo\/glyphs\/A_circumflex.glif":"\/oneleigh-smallcapsexpert.ufo\/glyphs\/A_circumflex.glif","\/oneleigh-smallcapsexpert.ufo\/glyphs\/A_dieresis.glif":"\/oneleigh-smallcapsexpert.ufo\/glyphs\/A_dieresis.glif","\/oneleigh-smallcapsexpert.ufo\/glyphs\/A_grave.glif":"\/oneleigh-smallcapsexpert.ufo\/glyphs\/A_grave.glif","\/oneleigh-smallcapsexpert.ufo\/glyphs\/A_ring.glif":"\/oneleigh-smallcapsexpert.ufo\/glyphs\/A_ring.glif","\/oneleigh-smallcapsexpert.ufo\/glyphs\/A_tilde.glif":"\/oneleigh-smallcapsexpert.ufo\/glyphs\/A_tilde.glif","\/oneleigh-smallcapsexpert.ufo\/glyphs\/B_.glif":"\/oneleigh-smallcapsexpert.ufo\/glyphs\/B_.glif","\/oneleigh-smallcapsexpert.ufo\/glyphs\/C_.glif":"\/oneleigh-smallcapsexpert.ufo\/glyphs\/C_.glif","\/oneleigh-smallcapsexpert.ufo\/glyphs\/C_cedilla.glif":"\/oneleigh-smallcapsexpert.ufo\/glyphs\/C_cedilla.glif","\/oneleigh-smallcapsexpert.ufo\/glyphs\/D_.glif":"\/oneleigh-smallcapsexpert.ufo\/glyphs\/D_.glif","\/oneleigh-smallcapsexpert.ufo\/glyphs\/D_elta.glif":"\/oneleigh-smallcapsexpert.ufo\/glyphs\/D_elta.glif","\/oneleigh-smallcapsexpert.ufo\/glyphs\/E_.glif":"\/oneleigh-smallcapsexpert.ufo\/glyphs\/E_.glif","\/oneleigh-smallcapsexpert.ufo\/glyphs\/E_acute.glif":"\/oneleigh-smallcapsexpert.ufo\/glyphs\/E_acute.glif","\/oneleigh-smallcapsexpert.ufo\/glyphs\/E_circumflex.glif":"\/oneleigh-smallcapsexpert.ufo\/glyphs\/E_circumflex.glif","\/oneleigh-smallcapsexpert.ufo\/glyphs\/E_dieresis.glif":"\/oneleigh-smallcapsexpert.ufo\/glyphs\/E_dieresis.glif","\/oneleigh-smallcapsexpert.ufo\/glyphs\/E_grave.glif":"\/oneleigh-smallcapsexpert.ufo\/glyphs\/E_grave.glif","\/oneleigh-smallcapsexpert.ufo\/glyphs\/E_th.glif":"\/oneleigh-smallcapsexpert.ufo\/glyphs\/E_th.glif","\/oneleigh-smallcapsexpert.ufo\/glyphs\/F_.glif":"\/oneleigh-smallcapsexpert.ufo\/glyphs\/F_.glif","\/oneleigh-smallcapsexpert.ufo\/glyphs\/G_.glif":"\/oneleigh-smallcapsexpert.ufo\/glyphs\/G_.glif","\/oneleigh-smallcapsexpert.ufo\/glyphs\/H_.glif":"\/oneleigh-smallcapsexpert.ufo\/glyphs\/H_.glif","\/oneleigh-smallcapsexpert.ufo\/glyphs\/I_.glif":"\/oneleigh-smallcapsexpert.ufo\/glyphs\/I_.glif","\/oneleigh-smallcapsexpert.ufo\/glyphs\/I_acute.glif":"\/oneleigh-smallcapsexpert.ufo\/glyphs\/I_acute.glif","\/oneleigh-smallcapsexpert.ufo\/glyphs\/I_circumflex.glif":"\/oneleigh-smallcapsexpert.ufo\/glyphs\/I_circumflex.glif","\/oneleigh-smallcapsexpert.ufo\/glyphs\/I_dieresis.glif":"\/oneleigh-smallcapsexpert.ufo\/glyphs\/I_dieresis.glif","\/oneleigh-smallcapsexpert.ufo\/glyphs\/I_grave.glif":"\/oneleigh-smallcapsexpert.ufo\/glyphs\/I_grave.glif","\/oneleigh-smallcapsexpert.ufo\/glyphs\/J_.glif":"\/oneleigh-smallcapsexpert.ufo\/glyphs\/J_.glif","\/oneleigh-smallcapsexpert.ufo\/glyphs\/K_.glif":"\/oneleigh-smallcapsexpert.ufo\/glyphs\/K_.glif","\/oneleigh-smallcapsexpert.ufo\/glyphs\/L_.glif":"\/oneleigh-smallcapsexpert.ufo\/glyphs\/L_.glif","\/oneleigh-smallcapsexpert.ufo\/glyphs\/L_slash.glif":"\/oneleigh-smallcapsexpert.ufo\/glyphs\/L_slash.glif","\/oneleigh-smallcapsexpert.ufo\/glyphs\/M_.glif":"\/oneleigh-smallcapsexpert.ufo\/glyphs\/M_.glif","\/oneleigh-smallcapsexpert.ufo\/glyphs\/N_.glif":"\/oneleigh-smallcapsexpert.ufo\/glyphs\/N_.glif","\/oneleigh-smallcapsexpert.ufo\/glyphs\/N_tilde.glif":"\/oneleigh-smallcapsexpert.ufo\/glyphs\/N_tilde.glif","\/oneleigh-smallcapsexpert.ufo\/glyphs\/O_.glif":"\/oneleigh-smallcapsexpert.ufo\/glyphs\/O_.glif","\/oneleigh-smallcapsexpert.ufo\/glyphs\/O_E_.glif":"\/oneleigh-smallcapsexpert.ufo\/glyphs\/O_E_.glif","\/oneleigh-smallcapsexpert.ufo\/glyphs\/O_acute.glif":"\/oneleigh-smallcapsexpert.ufo\/glyphs\/O_acute.glif","\/oneleigh-smallcapsexpert.ufo\/glyphs\/O_circumflex.glif":"\/oneleigh-smallcapsexpert.ufo\/glyphs\/O_circumflex.glif","\/oneleigh-smallcapsexpert.ufo\/glyphs\/O_dieresis.glif":"\/oneleigh-smallcapsexpert.ufo\/glyphs\/O_dieresis.glif","\/oneleigh-smallcapsexpert.ufo\/glyphs\/O_grave.glif":"\/oneleigh-smallcapsexpert.ufo\/glyphs\/O_grave.glif","\/oneleigh-smallcapsexpert.ufo\/glyphs\/O_mega.glif":"\/oneleigh-smallcapsexpert.ufo\/glyphs\/O_mega.glif","\/oneleigh-smallcapsexpert.ufo\/glyphs\/O_slash.glif":"\/oneleigh-smallcapsexpert.ufo\/glyphs\/O_slash.glif","\/oneleigh-smallcapsexpert.ufo\/glyphs\/O_tilde.glif":"\/oneleigh-smallcapsexpert.ufo\/glyphs\/O_tilde.glif","\/oneleigh-smallcapsexpert.ufo\/glyphs\/P_.glif":"\/oneleigh-smallcapsexpert.ufo\/glyphs\/P_.glif","\/oneleigh-smallcapsexpert.ufo\/glyphs\/Q_.glif":"\/oneleigh-smallcapsexpert.ufo\/glyphs\/Q_.glif","\/oneleigh-smallcapsexpert.ufo\/glyphs\/R_.glif":"\/oneleigh-smallcapsexpert.ufo\/glyphs\/R_.glif","\/oneleigh-smallcapsexpert.ufo\/glyphs\/S_.glif":"\/oneleigh-smallcapsexpert.ufo\/glyphs\/S_.glif","\/oneleigh-smallcapsexpert.ufo\/glyphs\/S_caron.glif":"\/oneleigh-smallcapsexpert.ufo\/glyphs\/S_caron.glif","\/oneleigh-smallcapsexpert.ufo\/glyphs\/T_.glif":"\/oneleigh-smallcapsexpert.ufo\/glyphs\/T_.glif","\/oneleigh-smallcapsexpert.ufo\/glyphs\/T_horn.glif":"\/oneleigh-smallcapsexpert.ufo\/glyphs\/T_horn.glif","\/oneleigh-smallcapsexpert.ufo\/glyphs\/U_.glif":"\/oneleigh-smallcapsexpert.ufo\/glyphs\/U_.glif","\/oneleigh-smallcapsexpert.ufo\/glyphs\/U_acute.glif":"\/oneleigh-smallcapsexpert.ufo\/glyphs\/U_acute.glif","\/oneleigh-smallcapsexpert.ufo\/glyphs\/U_circumflex.glif":"\/oneleigh-smallcapsexpert.ufo\/glyphs\/U_circumflex.glif","\/oneleigh-smallcapsexpert.ufo\/glyphs\/U_dieresis.glif":"\/oneleigh-smallcapsexpert.ufo\/glyphs\/U_dieresis.glif","\/oneleigh-smallcapsexpert.ufo\/glyphs\/U_grave.glif":"\/oneleigh-smallcapsexpert.ufo\/glyphs\/U_grave.glif","\/oneleigh-smallcapsexpert.ufo\/glyphs\/V_.glif":"\/oneleigh-smallcapsexpert.ufo\/glyphs\/V_.glif","\/oneleigh-smallcapsexpert.ufo\/glyphs\/W_.glif":"\/oneleigh-smallcapsexpert.ufo\/glyphs\/W_.glif","\/oneleigh-smallcapsexpert.ufo\/glyphs\/X_.glif":"\/oneleigh-smallcapsexpert.ufo\/glyphs\/X_.glif","\/oneleigh-smallcapsexpert.ufo\/glyphs\/Y_.glif":"\/oneleigh-smallcapsexpert.ufo\/glyphs\/Y_.glif","\/oneleigh-smallcapsexpert.ufo\/glyphs\/Y_acute.glif":"\/oneleigh-smallcapsexpert.ufo\/glyphs\/Y_acute.glif","\/oneleigh-smallcapsexpert.ufo\/glyphs\/Y_dieresis.glif":"\/oneleigh-smallcapsexpert.ufo\/glyphs\/Y_dieresis.glif","\/oneleigh-smallcapsexpert.ufo\/glyphs\/Z_.glif":"\/oneleigh-smallcapsexpert.ufo\/glyphs\/Z_.glif","\/oneleigh-smallcapsexpert.ufo\/glyphs\/Z_caron.glif":"\/oneleigh-smallcapsexpert.ufo\/glyphs\/Z_caron.glif","\/oneleigh-smallcapsexpert.ufo\/glyphs\/a.glif":"\/oneleigh-smallcapsexpert.ufo\/glyphs\/a.glif","\/oneleigh-smallcapsexpert.ufo\/glyphs\/aacute.glif":"\/oneleigh-smallcapsexpert.ufo\/glyphs\/aacute.glif","\/oneleigh-smallcapsexpert.ufo\/glyphs\/acircumflex.glif":"\/oneleigh-smallcapsexpert.ufo\/glyphs\/acircumflex.glif","\/oneleigh-smallcapsexpert.ufo\/glyphs\/acute.glif":"\/oneleigh-smallcapsexpert.ufo\/glyphs\/acute.glif","\/oneleigh-smallcapsexpert.ufo\/glyphs\/adieresis.glif":"\/oneleigh-smallcapsexpert.ufo\/glyphs\/adieresis.glif","\/oneleigh-smallcapsexpert.ufo\/glyphs\/ae.glif":"\/oneleigh-smallcapsexpert.ufo\/glyphs\/ae.glif","\/oneleigh-smallcapsexpert.ufo\/glyphs\/agrave.glif":"\/oneleigh-smallcapsexpert.ufo\/glyphs\/agrave.glif","\/oneleigh-smallcapsexpert.ufo\/glyphs\/ampersand.glif":"\/oneleigh-smallcapsexpert.ufo\/glyphs\/ampersand.glif","\/oneleigh-smallcapsexpert.ufo\/glyphs\/approxequal.glif":"\/oneleigh-smallcapsexpert.ufo\/glyphs\/approxequal.glif","\/oneleigh-smallcapsexpert.ufo\/glyphs\/aring.glif":"\/oneleigh-smallcapsexpert.ufo\/glyphs\/aring.glif","\/oneleigh-smallcapsexpert.ufo\/glyphs\/asciicircum.glif":"\/oneleigh-smallcapsexpert.ufo\/glyphs\/asciicircum.glif","\/oneleigh-smallcapsexpert.ufo\/glyphs\/asciitilde.glif":"\/oneleigh-smallcapsexpert.ufo\/glyphs\/asciitilde.glif","\/oneleigh-smallcapsexpert.ufo\/glyphs\/asterisk.glif":"\/oneleigh-smallcapsexpert.ufo\/glyphs\/asterisk.glif","\/oneleigh-smallcapsexpert.ufo\/glyphs\/at.glif":"\/oneleigh-smallcapsexpert.ufo\/glyphs\/at.glif","\/oneleigh-smallcapsexpert.ufo\/glyphs\/atilde.glif":"\/oneleigh-smallcapsexpert.ufo\/glyphs\/atilde.glif","\/oneleigh-smallcapsexpert.ufo\/glyphs\/b.glif":"\/oneleigh-smallcapsexpert.ufo\/glyphs\/b.glif","\/oneleigh-smallcapsexpert.ufo\/glyphs\/backslash.glif":"\/oneleigh-smallcapsexpert.ufo\/glyphs\/backslash.glif","\/oneleigh-smallcapsexpert.ufo\/glyphs\/bar.glif":"\/oneleigh-smallcapsexpert.ufo\/glyphs\/bar.glif","\/oneleigh-smallcapsexpert.ufo\/glyphs\/braceleft.glif":"\/oneleigh-smallcapsexpert.ufo\/glyphs\/braceleft.glif","\/oneleigh-smallcapsexpert.ufo\/glyphs\/braceright.glif":"\/oneleigh-smallcapsexpert.ufo\/glyphs\/braceright.glif","\/oneleigh-smallcapsexpert.ufo\/glyphs\/bracketleft.glif":"\/oneleigh-smallcapsexpert.ufo\/glyphs\/bracketleft.glif","\/oneleigh-smallcapsexpert.ufo\/glyphs\/bracketright.glif":"\/oneleigh-smallcapsexpert.ufo\/glyphs\/bracketright.glif","\/oneleigh-smallcapsexpert.ufo\/glyphs\/breve.glif":"\/oneleigh-smallcapsexpert.ufo\/glyphs\/breve.glif","\/oneleigh-smallcapsexpert.ufo\/glyphs\/brokenbar.glif":"\/oneleigh-smallcapsexpert.ufo\/glyphs\/brokenbar.glif","\/oneleigh-smallcapsexpert.ufo\/glyphs\/bullet.glif":"\/oneleigh-smallcapsexpert.ufo\/glyphs\/bullet.glif","\/oneleigh-smallcapsexpert.ufo\/glyphs\/c.glif":"\/oneleigh-smallcapsexpert.ufo\/glyphs\/c.glif","\/oneleigh-smallcapsexpert.ufo\/glyphs\/caron.glif":"\/oneleigh-smallcapsexpert.ufo\/glyphs\/caron.glif","\/oneleigh-smallcapsexpert.ufo\/glyphs\/ccedilla.glif":"\/oneleigh-smallcapsexpert.ufo\/glyphs\/ccedilla.glif","\/oneleigh-smallcapsexpert.ufo\/glyphs\/cedilla.glif":"\/oneleigh-smallcapsexpert.ufo\/glyphs\/cedilla.glif","\/oneleigh-smallcapsexpert.ufo\/glyphs\/cent.glif":"\/oneleigh-smallcapsexpert.ufo\/glyphs\/cent.glif","\/oneleigh-smallcapsexpert.ufo\/glyphs\/circumflex.glif":"\/oneleigh-smallcapsexpert.ufo\/glyphs\/circumflex.glif","\/oneleigh-smallcapsexpert.ufo\/glyphs\/colon.glif":"\/oneleigh-smallcapsexpert.ufo\/glyphs\/colon.glif","\/oneleigh-smallcapsexpert.ufo\/glyphs\/comma.glif":"\/oneleigh-smallcapsexpert.ufo\/glyphs\/comma.glif","\/oneleigh-smallcapsexpert.ufo\/glyphs\/contents.plist":"\/oneleigh-smallcapsexpert.ufo\/glyphs\/contents.plist","\/oneleigh-smallcapsexpert.ufo\/glyphs\/copyright.glif":"\/oneleigh-smallcapsexpert.ufo\/glyphs\/copyright.glif","\/oneleigh-smallcapsexpert.ufo\/glyphs\/currency.glif":"\/oneleigh-smallcapsexpert.ufo\/glyphs\/currency.glif","\/oneleigh-smallcapsexpert.ufo\/glyphs\/d.glif":"\/oneleigh-smallcapsexpert.ufo\/glyphs\/d.glif","\/oneleigh-smallcapsexpert.ufo\/glyphs\/dagger.glif":"\/oneleigh-smallcapsexpert.ufo\/glyphs\/dagger.glif","\/oneleigh-smallcapsexpert.ufo\/glyphs\/daggerdbl.glif":"\/oneleigh-smallcapsexpert.ufo\/glyphs\/daggerdbl.glif","\/oneleigh-smallcapsexpert.ufo\/glyphs\/degree.glif":"\/oneleigh-smallcapsexpert.ufo\/glyphs\/degree.glif","\/oneleigh-smallcapsexpert.ufo\/glyphs\/dieresis.glif":"\/oneleigh-smallcapsexpert.ufo\/glyphs\/dieresis.glif","\/oneleigh-smallcapsexpert.ufo\/glyphs\/divide.glif":"\/oneleigh-smallcapsexpert.ufo\/glyphs\/divide.glif","\/oneleigh-smallcapsexpert.ufo\/glyphs\/dollar.glif":"\/oneleigh-smallcapsexpert.ufo\/glyphs\/dollar.glif","\/oneleigh-smallcapsexpert.ufo\/glyphs\/dotaccent.glif":"\/oneleigh-smallcapsexpert.ufo\/glyphs\/dotaccent.glif","\/oneleigh-smallcapsexpert.ufo\/glyphs\/dotlessi.glif":"\/oneleigh-smallcapsexpert.ufo\/glyphs\/dotlessi.glif","\/oneleigh-smallcapsexpert.ufo\/glyphs\/e.glif":"\/oneleigh-smallcapsexpert.ufo\/glyphs\/e.glif","\/oneleigh-smallcapsexpert.ufo\/glyphs\/eacute.glif":"\/oneleigh-smallcapsexpert.ufo\/glyphs\/eacute.glif","\/oneleigh-smallcapsexpert.ufo\/glyphs\/ecircumflex.glif":"\/oneleigh-smallcapsexpert.ufo\/glyphs\/ecircumflex.glif","\/oneleigh-smallcapsexpert.ufo\/glyphs\/edieresis.glif":"\/oneleigh-smallcapsexpert.ufo\/glyphs\/edieresis.glif","\/oneleigh-smallcapsexpert.ufo\/glyphs\/egrave.glif":"\/oneleigh-smallcapsexpert.ufo\/glyphs\/egrave.glif","\/oneleigh-smallcapsexpert.ufo\/glyphs\/eight.glif":"\/oneleigh-smallcapsexpert.ufo\/glyphs\/eight.glif","\/oneleigh-smallcapsexpert.ufo\/glyphs\/ellipsis.glif":"\/oneleigh-smallcapsexpert.ufo\/glyphs\/ellipsis.glif","\/oneleigh-smallcapsexpert.ufo\/glyphs\/emdash.glif":"\/oneleigh-smallcapsexpert.ufo\/glyphs\/emdash.glif","\/oneleigh-smallcapsexpert.ufo\/glyphs\/endash.glif":"\/oneleigh-smallcapsexpert.ufo\/glyphs\/endash.glif","\/oneleigh-smallcapsexpert.ufo\/glyphs\/equal.glif":"\/oneleigh-smallcapsexpert.ufo\/glyphs\/equal.glif","\/oneleigh-smallcapsexpert.ufo\/glyphs\/eth.glif":"\/oneleigh-smallcapsexpert.ufo\/glyphs\/eth.glif","\/oneleigh-smallcapsexpert.ufo\/glyphs\/exclam.glif":"\/oneleigh-smallcapsexpert.ufo\/glyphs\/exclam.glif","\/oneleigh-smallcapsexpert.ufo\/glyphs\/exclamdown.glif":"\/oneleigh-smallcapsexpert.ufo\/glyphs\/exclamdown.glif","\/oneleigh-smallcapsexpert.ufo\/glyphs\/f.glif":"\/oneleigh-smallcapsexpert.ufo\/glyphs\/f.glif","\/oneleigh-smallcapsexpert.ufo\/glyphs\/fi.glif":"\/oneleigh-smallcapsexpert.ufo\/glyphs\/fi.glif","\/oneleigh-smallcapsexpert.ufo\/glyphs\/five.glif":"\/oneleigh-smallcapsexpert.ufo\/glyphs\/five.glif","\/oneleigh-smallcapsexpert.ufo\/glyphs\/fl.glif":"\/oneleigh-smallcapsexpert.ufo\/glyphs\/fl.glif","\/oneleigh-smallcapsexpert.ufo\/glyphs\/florin.glif":"\/oneleigh-smallcapsexpert.ufo\/glyphs\/florin.glif","\/oneleigh-smallcapsexpert.ufo\/glyphs\/four.glif":"\/oneleigh-smallcapsexpert.ufo\/glyphs\/four.glif","\/oneleigh-smallcapsexpert.ufo\/glyphs\/fraction.glif":"\/oneleigh-smallcapsexpert.ufo\/glyphs\/fraction.glif","\/oneleigh-smallcapsexpert.ufo\/glyphs\/g.glif":"\/oneleigh-smallcapsexpert.ufo\/glyphs\/g.glif","\/oneleigh-smallcapsexpert.ufo\/glyphs\/germandbls.glif":"\/oneleigh-smallcapsexpert.ufo\/glyphs\/germandbls.glif","\/oneleigh-smallcapsexpert.ufo\/glyphs\/grave.glif":"\/oneleigh-smallcapsexpert.ufo\/glyphs\/grave.glif","\/oneleigh-smallcapsexpert.ufo\/glyphs\/greater.glif":"\/oneleigh-smallcapsexpert.ufo\/glyphs\/greater.glif","\/oneleigh-smallcapsexpert.ufo\/glyphs\/greaterequal.glif":"\/oneleigh-smallcapsexpert.ufo\/glyphs\/greaterequal.glif","\/oneleigh-smallcapsexpert.ufo\/glyphs\/guillemotleft.glif":"\/oneleigh-smallcapsexpert.ufo\/glyphs\/guillemotleft.glif","\/oneleigh-smallcapsexpert.ufo\/glyphs\/guillemotright.glif":"\/oneleigh-smallcapsexpert.ufo\/glyphs\/guillemotright.glif","\/oneleigh-smallcapsexpert.ufo\/glyphs\/guilsinglleft.glif":"\/oneleigh-smallcapsexpert.ufo\/glyphs\/guilsinglleft.glif","\/oneleigh-smallcapsexpert.ufo\/glyphs\/guilsinglright.glif":"\/oneleigh-smallcapsexpert.ufo\/glyphs\/guilsinglright.glif","\/oneleigh-smallcapsexpert.ufo\/glyphs\/h.glif":"\/oneleigh-smallcapsexpert.ufo\/glyphs\/h.glif","\/oneleigh-smallcapsexpert.ufo\/glyphs\/hungarumlaut.glif":"\/oneleigh-smallcapsexpert.ufo\/glyphs\/hungarumlaut.glif","\/oneleigh-smallcapsexpert.ufo\/glyphs\/hyphen.glif":"\/oneleigh-smallcapsexpert.ufo\/glyphs\/hyphen.glif","\/oneleigh-smallcapsexpert.ufo\/glyphs\/i.glif":"\/oneleigh-smallcapsexpert.ufo\/glyphs\/i.glif","\/oneleigh-smallcapsexpert.ufo\/glyphs\/iacute.glif":"\/oneleigh-smallcapsexpert.ufo\/glyphs\/iacute.glif","\/oneleigh-smallcapsexpert.ufo\/glyphs\/icircumflex.glif":"\/oneleigh-smallcapsexpert.ufo\/glyphs\/icircumflex.glif","\/oneleigh-smallcapsexpert.ufo\/glyphs\/idieresis.glif":"\/oneleigh-smallcapsexpert.ufo\/glyphs\/idieresis.glif","\/oneleigh-smallcapsexpert.ufo\/glyphs\/igrave.glif":"\/oneleigh-smallcapsexpert.ufo\/glyphs\/igrave.glif","\/oneleigh-smallcapsexpert.ufo\/glyphs\/infinity.glif":"\/oneleigh-smallcapsexpert.ufo\/glyphs\/infinity.glif","\/oneleigh-smallcapsexpert.ufo\/glyphs\/integral.glif":"\/oneleigh-smallcapsexpert.ufo\/glyphs\/integral.glif","\/oneleigh-smallcapsexpert.ufo\/glyphs\/j.glif":"\/oneleigh-smallcapsexpert.ufo\/glyphs\/j.glif","\/oneleigh-smallcapsexpert.ufo\/glyphs\/k.glif":"\/oneleigh-smallcapsexpert.ufo\/glyphs\/k.glif","\/oneleigh-smallcapsexpert.ufo\/glyphs\/l.glif":"\/oneleigh-smallcapsexpert.ufo\/glyphs\/l.glif","\/oneleigh-smallcapsexpert.ufo\/glyphs\/less.glif":"\/oneleigh-smallcapsexpert.ufo\/glyphs\/less.glif","\/oneleigh-smallcapsexpert.ufo\/glyphs\/lessequal.glif":"\/oneleigh-smallcapsexpert.ufo\/glyphs\/lessequal.glif","\/oneleigh-smallcapsexpert.ufo\/glyphs\/logicalnot.glif":"\/oneleigh-smallcapsexpert.ufo\/glyphs\/logicalnot.glif","\/oneleigh-smallcapsexpert.ufo\/glyphs\/lozenge.glif":"\/oneleigh-smallcapsexpert.ufo\/glyphs\/lozenge.glif","\/oneleigh-smallcapsexpert.ufo\/glyphs\/lslash.glif":"\/oneleigh-smallcapsexpert.ufo\/glyphs\/lslash.glif","\/oneleigh-smallcapsexpert.ufo\/glyphs\/m.glif":"\/oneleigh-smallcapsexpert.ufo\/glyphs\/m.glif","\/oneleigh-smallcapsexpert.ufo\/glyphs\/macron.glif":"\/oneleigh-smallcapsexpert.ufo\/glyphs\/macron.glif","\/oneleigh-smallcapsexpert.ufo\/glyphs\/minus.glif":"\/oneleigh-smallcapsexpert.ufo\/glyphs\/minus.glif","\/oneleigh-smallcapsexpert.ufo\/glyphs\/mu.glif":"\/oneleigh-smallcapsexpert.ufo\/glyphs\/mu.glif","\/oneleigh-smallcapsexpert.ufo\/glyphs\/multiply.glif":"\/oneleigh-smallcapsexpert.ufo\/glyphs\/multiply.glif","\/oneleigh-smallcapsexpert.ufo\/glyphs\/n.glif":"\/oneleigh-smallcapsexpert.ufo\/glyphs\/n.glif","\/oneleigh-smallcapsexpert.ufo\/glyphs\/nbspace.glif":"\/oneleigh-smallcapsexpert.ufo\/glyphs\/nbspace.glif","\/oneleigh-smallcapsexpert.ufo\/glyphs\/nine.glif":"\/oneleigh-smallcapsexpert.ufo\/glyphs\/nine.glif","\/oneleigh-smallcapsexpert.ufo\/glyphs\/notequal.glif":"\/oneleigh-smallcapsexpert.ufo\/glyphs\/notequal.glif","\/oneleigh-smallcapsexpert.ufo\/glyphs\/ntilde.glif":"\/oneleigh-smallcapsexpert.ufo\/glyphs\/ntilde.glif","\/oneleigh-smallcapsexpert.ufo\/glyphs\/numbersign.glif":"\/oneleigh-smallcapsexpert.ufo\/glyphs\/numbersign.glif","\/oneleigh-smallcapsexpert.ufo\/glyphs\/o.glif":"\/oneleigh-smallcapsexpert.ufo\/glyphs\/o.glif","\/oneleigh-smallcapsexpert.ufo\/glyphs\/oacute.glif":"\/oneleigh-smallcapsexpert.ufo\/glyphs\/oacute.glif","\/oneleigh-smallcapsexpert.ufo\/glyphs\/ocircumflex.glif":"\/oneleigh-smallcapsexpert.ufo\/glyphs\/ocircumflex.glif","\/oneleigh-smallcapsexpert.ufo\/glyphs\/odieresis.glif":"\/oneleigh-smallcapsexpert.ufo\/glyphs\/odieresis.glif","\/oneleigh-smallcapsexpert.ufo\/glyphs\/oe.glif":"\/oneleigh-smallcapsexpert.ufo\/glyphs\/oe.glif","\/oneleigh-smallcapsexpert.ufo\/glyphs\/ogonek.glif":"\/oneleigh-smallcapsexpert.ufo\/glyphs\/ogonek.glif","\/oneleigh-smallcapsexpert.ufo\/glyphs\/ograve.glif":"\/oneleigh-smallcapsexpert.ufo\/glyphs\/ograve.glif","\/oneleigh-smallcapsexpert.ufo\/glyphs\/one.glif":"\/oneleigh-smallcapsexpert.ufo\/glyphs\/one.glif","\/oneleigh-smallcapsexpert.ufo\/glyphs\/onehalf.glif":"\/oneleigh-smallcapsexpert.ufo\/glyphs\/onehalf.glif","\/oneleigh-smallcapsexpert.ufo\/glyphs\/onequarter.glif":"\/oneleigh-smallcapsexpert.ufo\/glyphs\/onequarter.glif","\/oneleigh-smallcapsexpert.ufo\/glyphs\/onesuperior.glif":"\/oneleigh-smallcapsexpert.ufo\/glyphs\/onesuperior.glif","\/oneleigh-smallcapsexpert.ufo\/glyphs\/ordfeminine.glif":"\/oneleigh-smallcapsexpert.ufo\/glyphs\/ordfeminine.glif","\/oneleigh-smallcapsexpert.ufo\/glyphs\/ordmasculine.glif":"\/oneleigh-smallcapsexpert.ufo\/glyphs\/ordmasculine.glif","\/oneleigh-smallcapsexpert.ufo\/glyphs\/oslash.glif":"\/oneleigh-smallcapsexpert.ufo\/glyphs\/oslash.glif","\/oneleigh-smallcapsexpert.ufo\/glyphs\/otilde.glif":"\/oneleigh-smallcapsexpert.ufo\/glyphs\/otilde.glif","\/oneleigh-smallcapsexpert.ufo\/glyphs\/p.glif":"\/oneleigh-smallcapsexpert.ufo\/glyphs\/p.glif","\/oneleigh-smallcapsexpert.ufo\/glyphs\/paragraph.glif":"\/oneleigh-smallcapsexpert.ufo\/glyphs\/paragraph.glif","\/oneleigh-smallcapsexpert.ufo\/glyphs\/parenleft.glif":"\/oneleigh-smallcapsexpert.ufo\/glyphs\/parenleft.glif","\/oneleigh-smallcapsexpert.ufo\/glyphs\/parenright.glif":"\/oneleigh-smallcapsexpert.ufo\/glyphs\/parenright.glif","\/oneleigh-smallcapsexpert.ufo\/glyphs\/partialdiff.glif":"\/oneleigh-smallcapsexpert.ufo\/glyphs\/partialdiff.glif","\/oneleigh-smallcapsexpert.ufo\/glyphs\/percent.glif":"\/oneleigh-smallcapsexpert.ufo\/glyphs\/percent.glif","\/oneleigh-smallcapsexpert.ufo\/glyphs\/period.glif":"\/oneleigh-smallcapsexpert.ufo\/glyphs\/period.glif","\/oneleigh-smallcapsexpert.ufo\/glyphs\/periodcentered.glif":"\/oneleigh-smallcapsexpert.ufo\/glyphs\/periodcentered.glif","\/oneleigh-smallcapsexpert.ufo\/glyphs\/perthousand.glif":"\/oneleigh-smallcapsexpert.ufo\/glyphs\/perthousand.glif","\/oneleigh-smallcapsexpert.ufo\/glyphs\/pi.glif":"\/oneleigh-smallcapsexpert.ufo\/glyphs\/pi.glif","\/oneleigh-smallcapsexpert.ufo\/glyphs\/plus.glif":"\/oneleigh-smallcapsexpert.ufo\/glyphs\/plus.glif","\/oneleigh-smallcapsexpert.ufo\/glyphs\/plusminus.glif":"\/oneleigh-smallcapsexpert.ufo\/glyphs\/plusminus.glif","\/oneleigh-smallcapsexpert.ufo\/glyphs\/product.glif":"\/oneleigh-smallcapsexpert.ufo\/glyphs\/product.glif","\/oneleigh-smallcapsexpert.ufo\/glyphs\/q.glif":"\/oneleigh-smallcapsexpert.ufo\/glyphs\/q.glif","\/oneleigh-smallcapsexpert.ufo\/glyphs\/question.glif":"\/oneleigh-smallcapsexpert.ufo\/glyphs\/question.glif","\/oneleigh-smallcapsexpert.ufo\/glyphs\/questiondown.glif":"\/oneleigh-smallcapsexpert.ufo\/glyphs\/questiondown.glif","\/oneleigh-smallcapsexpert.ufo\/glyphs\/quotedbl.glif":"\/oneleigh-smallcapsexpert.ufo\/glyphs\/quotedbl.glif","\/oneleigh-smallcapsexpert.ufo\/glyphs\/quotedblbase.glif":"\/oneleigh-smallcapsexpert.ufo\/glyphs\/quotedblbase.glif","\/oneleigh-smallcapsexpert.ufo\/glyphs\/quotedblleft.glif":"\/oneleigh-smallcapsexpert.ufo\/glyphs\/quotedblleft.glif","\/oneleigh-smallcapsexpert.ufo\/glyphs\/quotedblright.glif":"\/oneleigh-smallcapsexpert.ufo\/glyphs\/quotedblright.glif","\/oneleigh-smallcapsexpert.ufo\/glyphs\/quoteleft.glif":"\/oneleigh-smallcapsexpert.ufo\/glyphs\/quoteleft.glif","\/oneleigh-smallcapsexpert.ufo\/glyphs\/quoteright.glif":"\/oneleigh-smallcapsexpert.ufo\/glyphs\/quoteright.glif","\/oneleigh-smallcapsexpert.ufo\/glyphs\/quotesinglbase.glif":"\/oneleigh-smallcapsexpert.ufo\/glyphs\/quotesinglbase.glif","\/oneleigh-smallcapsexpert.ufo\/glyphs\/quotesingle.glif":"\/oneleigh-smallcapsexpert.ufo\/glyphs\/quotesingle.glif","\/oneleigh-smallcapsexpert.ufo\/glyphs\/r.glif":"\/oneleigh-smallcapsexpert.ufo\/glyphs\/r.glif","\/oneleigh-smallcapsexpert.ufo\/glyphs\/radical.glif":"\/oneleigh-smallcapsexpert.ufo\/glyphs\/radical.glif","\/oneleigh-smallcapsexpert.ufo\/glyphs\/registered.glif":"\/oneleigh-smallcapsexpert.ufo\/glyphs\/registered.glif","\/oneleigh-smallcapsexpert.ufo\/glyphs\/ring.glif":"\/oneleigh-smallcapsexpert.ufo\/glyphs\/ring.glif","\/oneleigh-smallcapsexpert.ufo\/glyphs\/s.glif":"\/oneleigh-smallcapsexpert.ufo\/glyphs\/s.glif","\/oneleigh-smallcapsexpert.ufo\/glyphs\/scaron.glif":"\/oneleigh-smallcapsexpert.ufo\/glyphs\/scaron.glif","\/oneleigh-smallcapsexpert.ufo\/glyphs\/section.glif":"\/oneleigh-smallcapsexpert.ufo\/glyphs\/section.glif","\/oneleigh-smallcapsexpert.ufo\/glyphs\/semicolon.glif":"\/oneleigh-smallcapsexpert.ufo\/glyphs\/semicolon.glif","\/oneleigh-smallcapsexpert.ufo\/glyphs\/seven.glif":"\/oneleigh-smallcapsexpert.ufo\/glyphs\/seven.glif","\/oneleigh-smallcapsexpert.ufo\/glyphs\/six.glif":"\/oneleigh-smallcapsexpert.ufo\/glyphs\/six.glif","\/oneleigh-smallcapsexpert.ufo\/glyphs\/slash.glif":"\/oneleigh-smallcapsexpert.ufo\/glyphs\/slash.glif","\/oneleigh-smallcapsexpert.ufo\/glyphs\/space.glif":"\/oneleigh-smallcapsexpert.ufo\/glyphs\/space.glif","\/oneleigh-smallcapsexpert.ufo\/glyphs\/sterling.glif":"\/oneleigh-smallcapsexpert.ufo\/glyphs\/sterling.glif","\/oneleigh-smallcapsexpert.ufo\/glyphs\/summation.glif":"\/oneleigh-smallcapsexpert.ufo\/glyphs\/summation.glif","\/oneleigh-smallcapsexpert.ufo\/glyphs\/t.glif":"\/oneleigh-smallcapsexpert.ufo\/glyphs\/t.glif","\/oneleigh-smallcapsexpert.ufo\/glyphs\/thorn.glif":"\/oneleigh-smallcapsexpert.ufo\/glyphs\/thorn.glif","\/oneleigh-smallcapsexpert.ufo\/glyphs\/three.glif":"\/oneleigh-smallcapsexpert.ufo\/glyphs\/three.glif","\/oneleigh-smallcapsexpert.ufo\/glyphs\/threequarters.glif":"\/oneleigh-smallcapsexpert.ufo\/glyphs\/threequarters.glif","\/oneleigh-smallcapsexpert.ufo\/glyphs\/threesuperior.glif":"\/oneleigh-smallcapsexpert.ufo\/glyphs\/threesuperior.glif","\/oneleigh-smallcapsexpert.ufo\/glyphs\/tilde.glif":"\/oneleigh-smallcapsexpert.ufo\/glyphs\/tilde.glif","\/oneleigh-smallcapsexpert.ufo\/glyphs\/trademark.glif":"\/oneleigh-smallcapsexpert.ufo\/glyphs\/trademark.glif","\/oneleigh-smallcapsexpert.ufo\/glyphs\/two.glif":"\/oneleigh-smallcapsexpert.ufo\/glyphs\/two.glif","\/oneleigh-smallcapsexpert.ufo\/glyphs\/twosuperior.glif":"\/oneleigh-smallcapsexpert.ufo\/glyphs\/twosuperior.glif","\/oneleigh-smallcapsexpert.ufo\/glyphs\/u.glif":"\/oneleigh-smallcapsexpert.ufo\/glyphs\/u.glif","\/oneleigh-smallcapsexpert.ufo\/glyphs\/uacute.glif":"\/oneleigh-smallcapsexpert.ufo\/glyphs\/uacute.glif","\/oneleigh-smallcapsexpert.ufo\/glyphs\/ucircumflex.glif":"\/oneleigh-smallcapsexpert.ufo\/glyphs\/ucircumflex.glif","\/oneleigh-smallcapsexpert.ufo\/glyphs\/udieresis.glif":"\/oneleigh-smallcapsexpert.ufo\/glyphs\/udieresis.glif","\/oneleigh-smallcapsexpert.ufo\/glyphs\/ugrave.glif":"\/oneleigh-smallcapsexpert.ufo\/glyphs\/ugrave.glif","\/oneleigh-smallcapsexpert.ufo\/glyphs\/underscore.glif":"\/oneleigh-smallcapsexpert.ufo\/glyphs\/underscore.glif","\/oneleigh-smallcapsexpert.ufo\/glyphs\/v.glif":"\/oneleigh-smallcapsexpert.ufo\/glyphs\/v.glif","\/oneleigh-smallcapsexpert.ufo\/glyphs\/w.glif":"\/oneleigh-smallcapsexpert.ufo\/glyphs\/w.glif","\/oneleigh-smallcapsexpert.ufo\/glyphs\/x.glif":"\/oneleigh-smallcapsexpert.ufo\/glyphs\/x.glif","\/oneleigh-smallcapsexpert.ufo\/glyphs\/y.glif":"\/oneleigh-smallcapsexpert.ufo\/glyphs\/y.glif","\/oneleigh-smallcapsexpert.ufo\/glyphs\/yacute.glif":"\/oneleigh-smallcapsexpert.ufo\/glyphs\/yacute.glif","\/oneleigh-smallcapsexpert.ufo\/glyphs\/ydieresis.glif":"\/oneleigh-smallcapsexpert.ufo\/glyphs\/ydieresis.glif","\/oneleigh-smallcapsexpert.ufo\/glyphs\/yen.glif":"\/oneleigh-smallcapsexpert.ufo\/glyphs\/yen.glif","\/oneleigh-smallcapsexpert.ufo\/glyphs\/z.glif":"\/oneleigh-smallcapsexpert.ufo\/glyphs\/z.glif","\/oneleigh-smallcapsexpert.ufo\/glyphs\/zcaron.glif":"\/oneleigh-smallcapsexpert.ufo\/glyphs\/zcaron.glif","\/oneleigh-smallcapsexpert.ufo\/glyphs\/zero.glif":"\/oneleigh-smallcapsexpert.ufo\/glyphs\/zero.glif"},"Font":{"uploaded":1471042040.9144,"licence":"gpl3","company":"Chronolabs Cooperative","title":"Oneleigh Small Caps Expert","version":3.002,"date":"Fri Aug 12 10:02:52 2016","creator":"root","type":"1","matrix":"0.001 0 0 0.001 0 0","named":"Oneleigh-SmallCapsExpert","painttype":"0","info":"10 dict dup","name":"Oneleigh-SmallCapsExpert","family":"Oneleigh","weight":"SmallCapsExpert","fstype":"0","italicangle":"0","underlineposition":"","underlinethickness":""},"Licences":{"":false},"Table":{"FFTM":{"entryLength":16,"tag":"FFTM","checksum":1944367594,"offset":21824,"length":28},"GDEF":{"entryLength":16,"tag":"GDEF","checksum":19070982,"offset":21792,"length":32},"OS\/2":{"entryLength":16,"tag":"OS\/2","checksum":2002074118,"offset":344,"length":86},"cmap":{"entryLength":16,"tag":"cmap","checksum":3833775820,"offset":1416,"length":654},"gasp":{"entryLength":16,"tag":"gasp","checksum":4294901763,"offset":21784,"length":8},"glyf":{"entryLength":16,"tag":"glyf","checksum":3592752251,"offset":2568,"length":17748},"head":{"entryLength":16,"tag":"head","checksum":151238054,"offset":220,"length":54},"hhea":{"entryLength":16,"tag":"hhea","checksum":99746453,"offset":276,"length":36},"hmtx":{"entryLength":16,"tag":"hmtx","checksum":1373965639,"offset":432,"length":984},"loca":{"entryLength":16,"tag":"loca","checksum":3667183846,"offset":2072,"length":494},"maxp":{"entryLength":16,"tag":"maxp","checksum":20709514,"offset":312,"length":32},"name":{"entryLength":16,"tag":"name","checksum":1851555187,"offset":20316,"length":930},"post":{"entryLength":16,"tag":"post","checksum":14791517,"offset":21248,"length":534}},"UnicodeCharMap":{"32":3,"33":4,"34":5,"35":6,"36":7,"37":8,"38":9,"39":10,"40":11,"41":12,"42":13,"43":14,"44":15,"45":16,"46":17,"47":18,"48":19,"49":20,"50":21,"51":22,"52":23,"53":24,"54":25,"55":26,"56":27,"57":28,"58":29,"59":30,"60":31,"61":32,"62":33,"63":34,"64":35,"65":36,"66":37,"67":38,"68":39,"69":40,"70":41,"71":42,"72":43,"73":44,"74":45,"75":46,"76":47,"77":48,"78":49,"79":50,"80":51,"81":52,"82":53,"83":54,"84":55,"85":56,"86":57,"87":58,"88":59,"89":60,"90":61,"91":62,"92":63,"93":64,"94":65,"95":66,"96":67,"97":68,"98":69,"99":70,"100":71,"101":72,"102":73,"103":74,"104":75,"105":76,"106":77,"107":78,"108":79,"109":80,"110":81,"111":82,"112":83,"113":84,"114":85,"115":86,"116":87,"117":88,"118":89,"119":90,"120":91,"121":92,"122":93,"123":94,"124":95,"125":96,"126":97,"160":98,"161":99,"162":100,"163":101,"164":102,"165":103,"166":104,"167":105,"168":106,"169":107,"170":108,"171":109,"172":110,"174":111,"175":112,"176":113,"177":114,"178":115,"179":116,"180":117,"182":119,"183":120,"184":121,"185":122,"186":123,"187":124,"188":125,"189":126,"190":127,"191":128,"192":129,"193":130,"194":131,"195":132,"196":133,"197":134,"198":135,"199":136,"200":137,"201":138,"202":139,"203":140,"204":141,"205":142,"206":143,"207":144,"208":145,"209":146,"210":147,"211":148,"212":149,"213":150,"214":151,"215":152,"216":153,"217":154,"218":155,"219":156,"220":157,"221":158,"222":159,"223":160,"224":161,"225":162,"226":163,"227":164,"228":165,"229":166,"230":167,"231":168,"232":169,"233":170,"234":171,"235":172,"236":173,"237":174,"238":175,"239":176,"240":177,"241":178,"242":179,"243":180,"244":181,"245":182,"246":183,"247":184,"248":185,"249":186,"250":187,"251":188,"252":189,"253":190,"254":191,"255":192,"305":222,"321":220,"322":223,"338":221,"339":224,"352":225,"353":226,"376":245,"381":227,"382":228,"402":196,"710":211,"711":218,"728":213,"729":214,"730":215,"731":217,"732":212,"733":216,"916":243,"937":240,"956":118,"960":238,"8211":202,"8212":219,"8216":194,"8217":193,"8218":206,"8220":197,"8221":208,"8222":207,"8224":203,"8225":204,"8226":205,"8230":209,"8240":210,"8249":198,"8250":199,"8260":195,"8482":230,"8706":235,"8719":237,"8721":236,"8722":229,"8730":241,"8734":232,"8747":239,"8776":242,"8800":231,"8804":233,"8805":234,"9674":244,"64257":200,"64258":201},"Reserves":{"fontname":"Oneleigh Small Caps Expert"},"Names":{"Oneleigh Small Caps Expert":{"name":"Oneleigh Small Caps Expert","longitude":"0.00000001","latitude":"0.00000001","country":"","region":"","city":""}},"Nodes":{"on":{"type":"typal","node":"on","usage":1,"weight":1},"gh":{"type":"typal","node":"gh","usage":1,"weight":1},"sm":{"type":"typal","node":"sm","usage":1,"weight":1},"ll":{"type":"typal","node":"ll","usage":1,"weight":1},"ca":{"type":"typal","node":"ca","usage":1,"weight":1},"ps":{"type":"typal","node":"ps","usage":1,"weight":1},"ex":{"type":"typal","node":"ex","usage":1,"weight":1},"rt":{"type":"typal","node":"rt","usage":1,"weight":1},"one":{"type":"typal","node":"one","usage":1,"weight":1},"igh":{"type":"typal","node":"igh","usage":1,"weight":1},"sma":{"type":"typal","node":"sma","usage":1,"weight":1},"all":{"type":"typal","node":"all","usage":1,"weight":1},"cap":{"type":"typal","node":"cap","usage":1,"weight":1},"aps":{"type":"typal","node":"aps","usage":1,"weight":1},"exp":{"type":"typal","node":"exp","usage":1,"weight":1},"ert":{"type":"typal","node":"ert","usage":1,"weight":1},"onel":{"type":"keys","node":"onel","usage":1,"weight":1},"eigh":{"type":"keys","node":"eigh","usage":1,"weight":1},"smal":{"type":"keys","node":"smal","usage":1,"weight":1},"mall":{"type":"keys","node":"mall","usage":1,"weight":1},"expe":{"type":"keys","node":"expe","usage":1,"weight":1},"pert":{"type":"keys","node":"pert","usage":1,"weight":1},"onele":{"type":"keys","node":"onele","usage":1,"weight":1},"leigh":{"type":"keys","node":"leigh","usage":1,"weight":1},"exper":{"type":"keys","node":"exper","usage":1,"weight":1},"xpert":{"type":"keys","node":"xpert","usage":1,"weight":1},"oneleigh":{"type":"fixes","node":"oneleigh","usage":1,"weight":1},"small":{"type":"fixes","node":"small","usage":1,"weight":1},"caps":{"type":"fixes","node":"caps","usage":1,"weight":1},"expert":{"type":"fixes","node":"expert","usage":1,"weight":1}},"Contributors":[],"FontIdentity":"wagovau:4136815e517e6c85cb9642df","Bytes":null,"Networking":[],"barcode":"aumiyciio5w4","referee":"KSmme"}