{"CSS":{"Harlem Normal":"Harlem+Normal.css"},"FontType":"TrueType","FontCopyright":"Copr. 1993 FontShop International. Designed by Neville Brody.","FontName":"Harlem","FontSubfamily":"Normal","FontSubfamilyID":"FontForge 2.0 : Harlem Normal : 23-2-2017","FontFullName":"Harlem Normal","FontVersion":"Version 001.000 ","FontWeight":null,"FontPostscriptName":"Harlem-Normal","Files":{"harlem-normal.afm":"harlem-normal.afm","harlem-normal.bin":"harlem-normal.bin","harlem-normal.cef":"harlem-normal.cef","harlem-normal.cff":"harlem-normal.cff","harlem-normal.cid":"harlem-normal.cid","harlem-normal.dfont":"harlem-normal.dfont","harlem-normal.eot":"harlem-normal.eot","harlem-normal.fon":"harlem-normal.fon","harlem-normal.gai":"harlem-normal.gai","harlem-normal.gsf":"harlem-normal.gsf","harlem-normal.hqx":"harlem-normal.hqx","harlem-normal.ik":"harlem-normal.ik","harlem-normal.mf":"harlem-normal.mf","harlem-normal.otf":"harlem-normal.otf","harlem-normal.pcf":"harlem-normal.pcf","harlem-normal.pf3":"harlem-normal.pf3","harlem-normal.pfa":"harlem-normal.pfa","harlem-normal.pfb":"harlem-normal.pfb","harlem-normal.php":"harlem-normal.php","harlem-normal.pmf":"harlem-normal.pmf","harlem-normal.pt3":"harlem-normal.pt3","harlem-normal.sfd":"harlem-normal.sfd","harlem-normal.svg":"harlem-normal.svg","harlem-normal.t42":"harlem-normal.t42","harlem-normal.ttd":"harlem-normal.ttd","harlem-normal.ttf":"harlem-normal.ttf","harlem-normal.ttg":"harlem-normal.ttg","harlem-normal.ufm":"harlem-normal.ufm","harlem-normal.woff":"harlem-normal.woff","harlem-normal.z":"harlem-normal.z","":{"harlem-normal.afm":"harlem-normal.afm","harlem-normal.bin":"harlem-normal.bin","harlem-normal.cef":"harlem-normal.cef","harlem-normal.cff":"harlem-normal.cff","harlem-normal.cid":"harlem-normal.cid","harlem-normal.dfont":"harlem-normal.dfont","harlem-normal.eot":"harlem-normal.eot","harlem-normal.fon":"harlem-normal.fon","harlem-normal.gai":"harlem-normal.gai","harlem-normal.gsf":"harlem-normal.gsf","harlem-normal.hqx":"harlem-normal.hqx","harlem-normal.ik":"harlem-normal.ik","harlem-normal.mf":"harlem-normal.mf","harlem-normal.otf":"harlem-normal.otf","harlem-normal.pcf":"harlem-normal.pcf","harlem-normal.pf3":"harlem-normal.pf3","harlem-normal.pfa":"harlem-normal.pfa","harlem-normal.pfb":"harlem-normal.pfb","harlem-normal.php":"harlem-normal.php","harlem-normal.pmf":"harlem-normal.pmf","harlem-normal.pt3":"harlem-normal.pt3","harlem-normal.sfd":"harlem-normal.sfd","harlem-normal.svg":"harlem-normal.svg","harlem-normal.t42":"harlem-normal.t42","harlem-normal.ttd":"harlem-normal.ttd","harlem-normal.ttf":"harlem-normal.ttf","harlem-normal.ttg":"harlem-normal.ttg","harlem-normal.ufm":"harlem-normal.ufm","harlem-normal.woff":"harlem-normal.woff","harlem-normal.z":"harlem-normal.z"},"\/harlem-normal.ufo":{"feature.fea":"feature.fea","fontinfo.plist":"fontinfo.plist","groups.plist":"groups.plist","kerning.plist":"kerning.plist","metainfo.plist":"metainfo.plist"},"\/harlem-normal.ufo\/glyphs":{"A_.glif":"A_.glif","A_E_.glif":"A_E_.glif","A_acute.glif":"A_acute.glif","A_circumflex.glif":"A_circumflex.glif","A_dieresis.glif":"A_dieresis.glif","A_grave.glif":"A_grave.glif","A_ring.glif":"A_ring.glif","A_tilde.glif":"A_tilde.glif","B_.glif":"B_.glif","C_.glif":"C_.glif","C_cedilla.glif":"C_cedilla.glif","D_.glif":"D_.glif","D_elta.glif":"D_elta.glif","E_.glif":"E_.glif","E_acute.glif":"E_acute.glif","E_circumflex.glif":"E_circumflex.glif","E_dieresis.glif":"E_dieresis.glif","E_grave.glif":"E_grave.glif","E_th.glif":"E_th.glif","F_.glif":"F_.glif","G_.glif":"G_.glif","H_.glif":"H_.glif","I_.glif":"I_.glif","I_acute.glif":"I_acute.glif","I_circumflex.glif":"I_circumflex.glif","I_dieresis.glif":"I_dieresis.glif","I_grave.glif":"I_grave.glif","J_.glif":"J_.glif","K_.glif":"K_.glif","L_.glif":"L_.glif","L_slash.glif":"L_slash.glif","M_.glif":"M_.glif","N_.glif":"N_.glif","N_U_L_.glif":"N_U_L_.glif","N_tilde.glif":"N_tilde.glif","O_.glif":"O_.glif","O_E_.glif":"O_E_.glif","O_acute.glif":"O_acute.glif","O_circumflex.glif":"O_circumflex.glif","O_dieresis.glif":"O_dieresis.glif","O_grave.glif":"O_grave.glif","O_mega.glif":"O_mega.glif","O_slash.glif":"O_slash.glif","O_tilde.glif":"O_tilde.glif","P_.glif":"P_.glif","Q_.glif":"Q_.glif","R_.glif":"R_.glif","S_.glif":"S_.glif","S_caron.glif":"S_caron.glif","T_.glif":"T_.glif","T_horn.glif":"T_horn.glif","U_.glif":"U_.glif","U_acute.glif":"U_acute.glif","U_circumflex.glif":"U_circumflex.glif","U_dieresis.glif":"U_dieresis.glif","U_grave.glif":"U_grave.glif","V_.glif":"V_.glif","W_.glif":"W_.glif","X_.glif":"X_.glif","Y_.glif":"Y_.glif","Y_acute.glif":"Y_acute.glif","Y_dieresis.glif":"Y_dieresis.glif","Z_.glif":"Z_.glif","Z_caron.glif":"Z_caron.glif","a.glif":"a.glif","aacute.glif":"aacute.glif","acircumflex.glif":"acircumflex.glif","acute.glif":"acute.glif","adieresis.glif":"adieresis.glif","ae.glif":"ae.glif","agrave.glif":"agrave.glif","ampersand.glif":"ampersand.glif","apple.glif":"apple.glif","approxequal.glif":"approxequal.glif","aring.glif":"aring.glif","asciicircum.glif":"asciicircum.glif","asciitilde.glif":"asciitilde.glif","asterisk.glif":"asterisk.glif","at.glif":"at.glif","atilde.glif":"atilde.glif","b.glif":"b.glif","backslash.glif":"backslash.glif","bar.glif":"bar.glif","braceleft.glif":"braceleft.glif","braceright.glif":"braceright.glif","bracketleft.glif":"bracketleft.glif","bracketright.glif":"bracketright.glif","breve.glif":"breve.glif","brokenbar.glif":"brokenbar.glif","bullet.glif":"bullet.glif","c.glif":"c.glif","caron.glif":"caron.glif","ccedilla.glif":"ccedilla.glif","cedilla.glif":"cedilla.glif","cent.glif":"cent.glif","circumflex.glif":"circumflex.glif","colon.glif":"colon.glif","comma.glif":"comma.glif","contents.plist":"contents.plist","copyright.glif":"copyright.glif","currency.glif":"currency.glif","d.glif":"d.glif","dagger.glif":"dagger.glif","daggerdbl.glif":"daggerdbl.glif","degree.glif":"degree.glif","dieresis.glif":"dieresis.glif","divide.glif":"divide.glif","dollar.glif":"dollar.glif","dotaccent.glif":"dotaccent.glif","dotlessi.glif":"dotlessi.glif","e.glif":"e.glif","eacute.glif":"eacute.glif","ecircumflex.glif":"ecircumflex.glif","edieresis.glif":"edieresis.glif","egrave.glif":"egrave.glif","eight.glif":"eight.glif","ellipsis.glif":"ellipsis.glif","emdash.glif":"emdash.glif","endash.glif":"endash.glif","equal.glif":"equal.glif","eth.glif":"eth.glif","exclam.glif":"exclam.glif","exclamdown.glif":"exclamdown.glif","f.glif":"f.glif","fi.glif":"fi.glif","five.glif":"five.glif","fl.glif":"fl.glif","florin.glif":"florin.glif","four.glif":"four.glif","fraction.glif":"fraction.glif","g.glif":"g.glif","germandbls.glif":"germandbls.glif","grave.glif":"grave.glif","greater.glif":"greater.glif","greaterequal.glif":"greaterequal.glif","guillemotleft.glif":"guillemotleft.glif","guillemotright.glif":"guillemotright.glif","guilsinglleft.glif":"guilsinglleft.glif","guilsinglright.glif":"guilsinglright.glif","h.glif":"h.glif","hungarumlaut.glif":"hungarumlaut.glif","hyphen.glif":"hyphen.glif","i.glif":"i.glif","iacute.glif":"iacute.glif","icircumflex.glif":"icircumflex.glif","idieresis.glif":"idieresis.glif","igrave.glif":"igrave.glif","infinity.glif":"infinity.glif","integral.glif":"integral.glif","j.glif":"j.glif","k.glif":"k.glif","l.glif":"l.glif","less.glif":"less.glif","lessequal.glif":"lessequal.glif","logicalnot.glif":"logicalnot.glif","lozenge.glif":"lozenge.glif","lslash.glif":"lslash.glif","m.glif":"m.glif","macron.glif":"macron.glif","minus.glif":"minus.glif","mu.glif":"mu.glif","multiply.glif":"multiply.glif","n.glif":"n.glif","nbspace.glif":"nbspace.glif","nine.glif":"nine.glif","notequal.glif":"notequal.glif","ntilde.glif":"ntilde.glif","numbersign.glif":"numbersign.glif","o.glif":"o.glif","oacute.glif":"oacute.glif","ocircumflex.glif":"ocircumflex.glif","odieresis.glif":"odieresis.glif","oe.glif":"oe.glif","ogonek.glif":"ogonek.glif","ograve.glif":"ograve.glif","one.glif":"one.glif","onehalf.glif":"onehalf.glif","onequarter.glif":"onequarter.glif","onesuperior.glif":"onesuperior.glif","ordfeminine.glif":"ordfeminine.glif","ordmasculine.glif":"ordmasculine.glif","oslash.glif":"oslash.glif","otilde.glif":"otilde.glif","p.glif":"p.glif","paragraph.glif":"paragraph.glif","parenleft.glif":"parenleft.glif","parenright.glif":"parenright.glif","partialdiff.glif":"partialdiff.glif","percent.glif":"percent.glif","period.glif":"period.glif","periodcentered.glif":"periodcentered.glif","perthousand.glif":"perthousand.glif","pi.glif":"pi.glif","plus.glif":"plus.glif","plusminus.glif":"plusminus.glif","product.glif":"product.glif","q.glif":"q.glif","question.glif":"question.glif","questiondown.glif":"questiondown.glif","quotedbl.glif":"quotedbl.glif","quotedblbase.glif":"quotedblbase.glif","quotedblleft.glif":"quotedblleft.glif","quotedblright.glif":"quotedblright.glif","quoteleft.glif":"quoteleft.glif","quoteright.glif":"quoteright.glif","quotesinglbase.glif":"quotesinglbase.glif","quotesingle.glif":"quotesingle.glif","r.glif":"r.glif","radical.glif":"radical.glif","registered.glif":"registered.glif","ring.glif":"ring.glif","s.glif":"s.glif","scaron.glif":"scaron.glif","section.glif":"section.glif","semicolon.glif":"semicolon.glif","seven.glif":"seven.glif","six.glif":"six.glif","slash.glif":"slash.glif","space.glif":"space.glif","sterling.glif":"sterling.glif","summation.glif":"summation.glif","t.glif":"t.glif","thorn.glif":"thorn.glif","three.glif":"three.glif","threequarters.glif":"threequarters.glif","threesuperior.glif":"threesuperior.glif","tilde.glif":"tilde.glif","trademark.glif":"trademark.glif","two.glif":"two.glif","twosuperior.glif":"twosuperior.glif","u.glif":"u.glif","uacute.glif":"uacute.glif","ucircumflex.glif":"ucircumflex.glif","udieresis.glif":"udieresis.glif","ugrave.glif":"ugrave.glif","underscore.glif":"underscore.glif","v.glif":"v.glif","w.glif":"w.glif","x.glif":"x.glif","y.glif":"y.glif","yacute.glif":"yacute.glif","ydieresis.glif":"ydieresis.glif","yen.glif":"yen.glif","z.glif":"z.glif","zcaron.glif":"zcaron.glif","zero.glif":"zero.glif"}},"Font":null,"Table":{"FFTM":{"entryLength":16,"tag":"FFTM","checksum":1944304964,"offset":25952,"length":28},"GDEF":{"entryLength":16,"tag":"GDEF","checksum":19202054,"offset":25920,"length":32},"OS\/2":{"entryLength":16,"tag":"OS\/2","checksum":2007186283,"offset":344,"length":86},"cmap":{"entryLength":16,"tag":"cmap","checksum":1806777250,"offset":1420,"length":1046},"gasp":{"entryLength":16,"tag":"gasp","checksum":4294901763,"offset":25912,"length":8},"glyf":{"entryLength":16,"tag":"glyf","checksum":2982566374,"offset":2968,"length":21736},"head":{"entryLength":16,"tag":"head","checksum":209708650,"offset":220,"length":54},"hhea":{"entryLength":16,"tag":"hhea","checksum":142017551,"offset":276,"length":36},"hmtx":{"entryLength":16,"tag":"hmtx","checksum":1237517565,"offset":432,"length":988},"loca":{"entryLength":16,"tag":"loca","checksum":3275009664,"offset":2468,"length":498},"maxp":{"entryLength":16,"tag":"maxp","checksum":21889431,"offset":312,"length":32},"name":{"entryLength":16,"tag":"name","checksum":2833221383,"offset":24704,"length":663},"post":{"entryLength":16,"tag":"post","checksum":1469953833,"offset":25368,"length":542}},"UnicodeCharMap":{"32":3,"33":4,"34":5,"35":6,"36":7,"37":8,"38":9,"39":106,"40":11,"41":12,"42":13,"43":14,"44":15,"45":16,"46":17,"47":18,"48":19,"49":20,"50":21,"51":22,"52":23,"53":24,"54":25,"55":26,"56":27,"57":28,"58":29,"59":30,"60":31,"61":32,"62":33,"63":34,"64":35,"65":36,"66":37,"67":38,"68":39,"69":40,"70":41,"71":42,"72":43,"73":44,"74":45,"75":46,"76":47,"77":48,"78":49,"79":50,"80":51,"81":52,"82":53,"83":54,"84":55,"85":56,"86":57,"87":58,"88":59,"89":60,"90":61,"91":62,"92":63,"93":64,"94":65,"95":66,"96":126,"97":68,"98":69,"99":70,"100":71,"101":72,"102":73,"103":74,"104":75,"105":76,"106":77,"107":78,"108":79,"109":80,"110":81,"111":82,"112":83,"113":84,"114":85,"115":86,"116":87,"117":88,"118":89,"119":90,"120":91,"121":92,"122":93,"123":94,"124":95,"125":96,"126":97,"160":224,"161":98,"162":99,"163":100,"164":105,"165":102,"166":169,"167":104,"168":133,"169":206,"170":141,"171":108,"172":220,"174":205,"175":130,"176":204,"177":210,"178":168,"179":167,"180":127,"182":117,"183":116,"184":135,"185":165,"186":145,"187":122,"188":164,"189":163,"190":166,"191":125,"192":225,"193":234,"194":232,"195":226,"196":172,"197":173,"198":140,"199":174,"200":236,"201":175,"202":233,"203":235,"204":240,"205":237,"206":238,"207":239,"208":153,"209":176,"210":244,"211":241,"212":242,"213":227,"214":177,"215":171,"216":143,"217":247,"218":245,"219":246,"220":178,"221":157,"222":159,"223":151,"224":180,"225":179,"226":181,"227":183,"228":182,"229":184,"230":146,"231":185,"232":187,"233":186,"234":188,"235":189,"236":191,"237":190,"238":192,"239":193,"240":154,"241":194,"242":196,"243":195,"244":197,"245":199,"246":198,"247":228,"248":149,"249":201,"250":200,"251":202,"252":203,"253":158,"254":160,"255":230,"305":147,"321":142,"322":148,"338":144,"339":150,"352":155,"353":156,"376":231,"381":161,"382":162,"402":103,"710":128,"711":138,"728":131,"729":132,"730":134,"731":137,"732":129,"733":136,"916":223,"937":219,"956":213,"960":217,"8211":113,"8212":139,"8216":67,"8217":10,"8218":119,"8220":107,"8221":121,"8222":120,"8224":114,"8225":115,"8226":118,"8230":123,"8240":124,"8249":109,"8250":110,"8260":101,"8482":207,"8706":214,"8719":216,"8721":215,"8722":170,"8730":221,"8734":209,"8747":218,"8776":222,"8800":208,"8804":211,"8805":212,"9674":229,"64257":111,"64258":112},"Reserves":null,"Names":[],"Nodes":{"ha":{"type":"typal","node":"ha","usage":1,"weight":1},"em":{"type":"typal","node":"em","usage":1,"weight":1},"har":{"type":"typal","node":"har","usage":1,"weight":1},"lem":{"type":"typal","node":"lem","usage":1,"weight":1},"harl":{"type":"keys","node":"harl","usage":1,"weight":1},"rlem":{"type":"keys","node":"rlem","usage":1,"weight":1},"harle":{"type":"keys","node":"harle","usage":1,"weight":1},"arlem":{"type":"keys","node":"arlem","usage":1,"weight":1},"harlem":{"type":"fixes","node":"harlem","usage":1,"weight":1}},"Contributors":[],"FontIdentity":"694afe7107598267f4321306a1a1084a","Bytes":2277126,"Networking":[],"barcode":"AWA7aGOqiuWCm","referee":"wi3qgia"}