{"CSS":{"NesobriteBl-Regular":"NesobriteBl-Regular.css","Nesobrite Bl Regular":"doofeu1:e2a3c82ad1b5df2275299b63.css"},"FontType":"TrueType","FontCopyright":"(c) 2007 Typodermic Do not distribute. Report piracy to piracy@typodermic.com. Visit www.typodermic.com and www.larabiefonts.com","FontName":"Nesobrite Bl","FontSubfamily":"Regular","FontSubfamilyID":"FontForge 2.0 : NesobriteBl-Regular : 29-11-2016","FontFullName":"Nesobrite Bl Regular","FontVersion":"Version 1.000 ","FontWeight":null,"FontPostscriptName":"NesobriteBl-Regular","Files":{"\/NesobriteBl-Regular.css":"\/NesobriteBl-Regular.css","\/doofeu1:e2a3c82ad1b5df2275299b63.css":"\/doofeu1:e2a3c82ad1b5df2275299b63.css","\/font-resource.json":"\/font-resource.json","\/nesobritebl-regular.afm":"\/nesobritebl-regular.afm","\/nesobritebl-regular.cef":"\/nesobritebl-regular.cef","\/nesobritebl-regular.cff":"\/nesobritebl-regular.cff","\/nesobritebl-regular.eot":"\/nesobritebl-regular.eot","\/nesobritebl-regular.gai":"\/nesobritebl-regular.gai","\/nesobritebl-regular.gsf":"\/nesobritebl-regular.gsf","\/nesobritebl-regular.otf":"\/nesobritebl-regular.otf","\/nesobritebl-regular.pf3":"\/nesobritebl-regular.pf3","\/nesobritebl-regular.pfa":"\/nesobritebl-regular.pfa","\/nesobritebl-regular.pfb":"\/nesobritebl-regular.pfb","\/nesobritebl-regular.php":"\/nesobritebl-regular.php","\/nesobritebl-regular.pt3":"\/nesobritebl-regular.pt3","\/nesobritebl-regular.sfd":"\/nesobritebl-regular.sfd","\/nesobritebl-regular.svg":"\/nesobritebl-regular.svg","\/nesobritebl-regular.t42":"\/nesobritebl-regular.t42","\/nesobritebl-regular.ttd":"\/nesobritebl-regular.ttd","\/nesobritebl-regular.ttf":"\/nesobritebl-regular.ttf","\/nesobritebl-regular.ttg":"\/nesobritebl-regular.ttg","\/nesobritebl-regular.ufm":"\/nesobritebl-regular.ufm","\/nesobritebl-regular.woff":"\/nesobritebl-regular.woff","\/nesobritebl-regular.z":"\/nesobritebl-regular.z","\/nesobritebl-regular.ufo\/feature.fea":"\/nesobritebl-regular.ufo\/feature.fea","\/nesobritebl-regular.ufo\/fontinfo.plist":"\/nesobritebl-regular.ufo\/fontinfo.plist","\/nesobritebl-regular.ufo\/groups.plist":"\/nesobritebl-regular.ufo\/groups.plist","\/nesobritebl-regular.ufo\/kerning.plist":"\/nesobritebl-regular.ufo\/kerning.plist","\/nesobritebl-regular.ufo\/metainfo.plist":"\/nesobritebl-regular.ufo\/metainfo.plist","\/nesobritebl-regular.ufo\/glyphs\/A_.glif":"\/nesobritebl-regular.ufo\/glyphs\/A_.glif","\/nesobritebl-regular.ufo\/glyphs\/A_E_.glif":"\/nesobritebl-regular.ufo\/glyphs\/A_E_.glif","\/nesobritebl-regular.ufo\/glyphs\/A_E_small.glif":"\/nesobritebl-regular.ufo\/glyphs\/A_E_small.glif","\/nesobritebl-regular.ufo\/glyphs\/A_acute.glif":"\/nesobritebl-regular.ufo\/glyphs\/A_acute.glif","\/nesobritebl-regular.ufo\/glyphs\/A_circumflex.glif":"\/nesobritebl-regular.ufo\/glyphs\/A_circumflex.glif","\/nesobritebl-regular.ufo\/glyphs\/A_dieresis.glif":"\/nesobritebl-regular.ufo\/glyphs\/A_dieresis.glif","\/nesobritebl-regular.ufo\/glyphs\/A_grave.glif":"\/nesobritebl-regular.ufo\/glyphs\/A_grave.glif","\/nesobritebl-regular.ufo\/glyphs\/A_ring.glif":"\/nesobritebl-regular.ufo\/glyphs\/A_ring.glif","\/nesobritebl-regular.ufo\/glyphs\/A_small.glif":"\/nesobritebl-regular.ufo\/glyphs\/A_small.glif","\/nesobritebl-regular.ufo\/glyphs\/A_smallacute.glif":"\/nesobritebl-regular.ufo\/glyphs\/A_smallacute.glif","\/nesobritebl-regular.ufo\/glyphs\/A_smallcircumflex.glif":"\/nesobritebl-regular.ufo\/glyphs\/A_smallcircumflex.glif","\/nesobritebl-regular.ufo\/glyphs\/A_smalldieresis.glif":"\/nesobritebl-regular.ufo\/glyphs\/A_smalldieresis.glif","\/nesobritebl-regular.ufo\/glyphs\/A_smallgrave.glif":"\/nesobritebl-regular.ufo\/glyphs\/A_smallgrave.glif","\/nesobritebl-regular.ufo\/glyphs\/A_smallring.glif":"\/nesobritebl-regular.ufo\/glyphs\/A_smallring.glif","\/nesobritebl-regular.ufo\/glyphs\/A_smalltilde.glif":"\/nesobritebl-regular.ufo\/glyphs\/A_smalltilde.glif","\/nesobritebl-regular.ufo\/glyphs\/A_tilde.glif":"\/nesobritebl-regular.ufo\/glyphs\/A_tilde.glif","\/nesobritebl-regular.ufo\/glyphs\/B_.glif":"\/nesobritebl-regular.ufo\/glyphs\/B_.glif","\/nesobritebl-regular.ufo\/glyphs\/B_small.glif":"\/nesobritebl-regular.ufo\/glyphs\/B_small.glif","\/nesobritebl-regular.ufo\/glyphs\/C_.glif":"\/nesobritebl-regular.ufo\/glyphs\/C_.glif","\/nesobritebl-regular.ufo\/glyphs\/C_cedilla.glif":"\/nesobritebl-regular.ufo\/glyphs\/C_cedilla.glif","\/nesobritebl-regular.ufo\/glyphs\/C_small.glif":"\/nesobritebl-regular.ufo\/glyphs\/C_small.glif","\/nesobritebl-regular.ufo\/glyphs\/C_smallcedilla.glif":"\/nesobritebl-regular.ufo\/glyphs\/C_smallcedilla.glif","\/nesobritebl-regular.ufo\/glyphs\/D_.glif":"\/nesobritebl-regular.ufo\/glyphs\/D_.glif","\/nesobritebl-regular.ufo\/glyphs\/D_small.glif":"\/nesobritebl-regular.ufo\/glyphs\/D_small.glif","\/nesobritebl-regular.ufo\/glyphs\/E_.glif":"\/nesobritebl-regular.ufo\/glyphs\/E_.glif","\/nesobritebl-regular.ufo\/glyphs\/E_acute.glif":"\/nesobritebl-regular.ufo\/glyphs\/E_acute.glif","\/nesobritebl-regular.ufo\/glyphs\/E_circumflex.glif":"\/nesobritebl-regular.ufo\/glyphs\/E_circumflex.glif","\/nesobritebl-regular.ufo\/glyphs\/E_dieresis.glif":"\/nesobritebl-regular.ufo\/glyphs\/E_dieresis.glif","\/nesobritebl-regular.ufo\/glyphs\/E_grave.glif":"\/nesobritebl-regular.ufo\/glyphs\/E_grave.glif","\/nesobritebl-regular.ufo\/glyphs\/E_small.glif":"\/nesobritebl-regular.ufo\/glyphs\/E_small.glif","\/nesobritebl-regular.ufo\/glyphs\/E_smallacute.glif":"\/nesobritebl-regular.ufo\/glyphs\/E_smallacute.glif","\/nesobritebl-regular.ufo\/glyphs\/E_smallcircumflex.glif":"\/nesobritebl-regular.ufo\/glyphs\/E_smallcircumflex.glif","\/nesobritebl-regular.ufo\/glyphs\/E_smalldieresis.glif":"\/nesobritebl-regular.ufo\/glyphs\/E_smalldieresis.glif","\/nesobritebl-regular.ufo\/glyphs\/E_smallgrave.glif":"\/nesobritebl-regular.ufo\/glyphs\/E_smallgrave.glif","\/nesobritebl-regular.ufo\/glyphs\/E_th.glif":"\/nesobritebl-regular.ufo\/glyphs\/E_th.glif","\/nesobritebl-regular.ufo\/glyphs\/E_thsmall.glif":"\/nesobritebl-regular.ufo\/glyphs\/E_thsmall.glif","\/nesobritebl-regular.ufo\/glyphs\/E_uro.glif":"\/nesobritebl-regular.ufo\/glyphs\/E_uro.glif","\/nesobritebl-regular.ufo\/glyphs\/F_.glif":"\/nesobritebl-regular.ufo\/glyphs\/F_.glif","\/nesobritebl-regular.ufo\/glyphs\/F_small.glif":"\/nesobritebl-regular.ufo\/glyphs\/F_small.glif","\/nesobritebl-regular.ufo\/glyphs\/G_.glif":"\/nesobritebl-regular.ufo\/glyphs\/G_.glif","\/nesobritebl-regular.ufo\/glyphs\/G_small.glif":"\/nesobritebl-regular.ufo\/glyphs\/G_small.glif","\/nesobritebl-regular.ufo\/glyphs\/H_.glif":"\/nesobritebl-regular.ufo\/glyphs\/H_.glif","\/nesobritebl-regular.ufo\/glyphs\/H_small.glif":"\/nesobritebl-regular.ufo\/glyphs\/H_small.glif","\/nesobritebl-regular.ufo\/glyphs\/I_.glif":"\/nesobritebl-regular.ufo\/glyphs\/I_.glif","\/nesobritebl-regular.ufo\/glyphs\/I_acute.glif":"\/nesobritebl-regular.ufo\/glyphs\/I_acute.glif","\/nesobritebl-regular.ufo\/glyphs\/I_circumflex.glif":"\/nesobritebl-regular.ufo\/glyphs\/I_circumflex.glif","\/nesobritebl-regular.ufo\/glyphs\/I_dieresis.glif":"\/nesobritebl-regular.ufo\/glyphs\/I_dieresis.glif","\/nesobritebl-regular.ufo\/glyphs\/I_grave.glif":"\/nesobritebl-regular.ufo\/glyphs\/I_grave.glif","\/nesobritebl-regular.ufo\/glyphs\/I_small.glif":"\/nesobritebl-regular.ufo\/glyphs\/I_small.glif","\/nesobritebl-regular.ufo\/glyphs\/I_smallacute.glif":"\/nesobritebl-regular.ufo\/glyphs\/I_smallacute.glif","\/nesobritebl-regular.ufo\/glyphs\/I_smallcircumflex.glif":"\/nesobritebl-regular.ufo\/glyphs\/I_smallcircumflex.glif","\/nesobritebl-regular.ufo\/glyphs\/I_smalldieresis.glif":"\/nesobritebl-regular.ufo\/glyphs\/I_smalldieresis.glif","\/nesobritebl-regular.ufo\/glyphs\/I_smallgrave.glif":"\/nesobritebl-regular.ufo\/glyphs\/I_smallgrave.glif","\/nesobritebl-regular.ufo\/glyphs\/J_.glif":"\/nesobritebl-regular.ufo\/glyphs\/J_.glif","\/nesobritebl-regular.ufo\/glyphs\/J_small.glif":"\/nesobritebl-regular.ufo\/glyphs\/J_small.glif","\/nesobritebl-regular.ufo\/glyphs\/K_.glif":"\/nesobritebl-regular.ufo\/glyphs\/K_.glif","\/nesobritebl-regular.ufo\/glyphs\/K_small.glif":"\/nesobritebl-regular.ufo\/glyphs\/K_small.glif","\/nesobritebl-regular.ufo\/glyphs\/L_.glif":"\/nesobritebl-regular.ufo\/glyphs\/L_.glif","\/nesobritebl-regular.ufo\/glyphs\/L_slash.glif":"\/nesobritebl-regular.ufo\/glyphs\/L_slash.glif","\/nesobritebl-regular.ufo\/glyphs\/L_small.glif":"\/nesobritebl-regular.ufo\/glyphs\/L_small.glif","\/nesobritebl-regular.ufo\/glyphs\/L_smallslash.glif":"\/nesobritebl-regular.ufo\/glyphs\/L_smallslash.glif","\/nesobritebl-regular.ufo\/glyphs\/M_.glif":"\/nesobritebl-regular.ufo\/glyphs\/M_.glif","\/nesobritebl-regular.ufo\/glyphs\/M_small.glif":"\/nesobritebl-regular.ufo\/glyphs\/M_small.glif","\/nesobritebl-regular.ufo\/glyphs\/N_.glif":"\/nesobritebl-regular.ufo\/glyphs\/N_.glif","\/nesobritebl-regular.ufo\/glyphs\/N_small.glif":"\/nesobritebl-regular.ufo\/glyphs\/N_small.glif","\/nesobritebl-regular.ufo\/glyphs\/N_smalltilde.glif":"\/nesobritebl-regular.ufo\/glyphs\/N_smalltilde.glif","\/nesobritebl-regular.ufo\/glyphs\/N_tilde.glif":"\/nesobritebl-regular.ufo\/glyphs\/N_tilde.glif","\/nesobritebl-regular.ufo\/glyphs\/O_.glif":"\/nesobritebl-regular.ufo\/glyphs\/O_.glif","\/nesobritebl-regular.ufo\/glyphs\/O_E_.glif":"\/nesobritebl-regular.ufo\/glyphs\/O_E_.glif","\/nesobritebl-regular.ufo\/glyphs\/O_E_small.glif":"\/nesobritebl-regular.ufo\/glyphs\/O_E_small.glif","\/nesobritebl-regular.ufo\/glyphs\/O_acute.glif":"\/nesobritebl-regular.ufo\/glyphs\/O_acute.glif","\/nesobritebl-regular.ufo\/glyphs\/O_circumflex.glif":"\/nesobritebl-regular.ufo\/glyphs\/O_circumflex.glif","\/nesobritebl-regular.ufo\/glyphs\/O_dieresis.glif":"\/nesobritebl-regular.ufo\/glyphs\/O_dieresis.glif","\/nesobritebl-regular.ufo\/glyphs\/O_grave.glif":"\/nesobritebl-regular.ufo\/glyphs\/O_grave.glif","\/nesobritebl-regular.ufo\/glyphs\/O_slash.glif":"\/nesobritebl-regular.ufo\/glyphs\/O_slash.glif","\/nesobritebl-regular.ufo\/glyphs\/O_small.glif":"\/nesobritebl-regular.ufo\/glyphs\/O_small.glif","\/nesobritebl-regular.ufo\/glyphs\/O_smallacute.glif":"\/nesobritebl-regular.ufo\/glyphs\/O_smallacute.glif","\/nesobritebl-regular.ufo\/glyphs\/O_smallcircumflex.glif":"\/nesobritebl-regular.ufo\/glyphs\/O_smallcircumflex.glif","\/nesobritebl-regular.ufo\/glyphs\/O_smalldieresis.glif":"\/nesobritebl-regular.ufo\/glyphs\/O_smalldieresis.glif","\/nesobritebl-regular.ufo\/glyphs\/O_smallgrave.glif":"\/nesobritebl-regular.ufo\/glyphs\/O_smallgrave.glif","\/nesobritebl-regular.ufo\/glyphs\/O_smallslash.glif":"\/nesobritebl-regular.ufo\/glyphs\/O_smallslash.glif","\/nesobritebl-regular.ufo\/glyphs\/O_smalltilde.glif":"\/nesobritebl-regular.ufo\/glyphs\/O_smalltilde.glif","\/nesobritebl-regular.ufo\/glyphs\/O_tilde.glif":"\/nesobritebl-regular.ufo\/glyphs\/O_tilde.glif","\/nesobritebl-regular.ufo\/glyphs\/P_.glif":"\/nesobritebl-regular.ufo\/glyphs\/P_.glif","\/nesobritebl-regular.ufo\/glyphs\/P_small.glif":"\/nesobritebl-regular.ufo\/glyphs\/P_small.glif","\/nesobritebl-regular.ufo\/glyphs\/Q_.glif":"\/nesobritebl-regular.ufo\/glyphs\/Q_.glif","\/nesobritebl-regular.ufo\/glyphs\/Q_small.glif":"\/nesobritebl-regular.ufo\/glyphs\/Q_small.glif","\/nesobritebl-regular.ufo\/glyphs\/R_.glif":"\/nesobritebl-regular.ufo\/glyphs\/R_.glif","\/nesobritebl-regular.ufo\/glyphs\/R_small.glif":"\/nesobritebl-regular.ufo\/glyphs\/R_small.glif","\/nesobritebl-regular.ufo\/glyphs\/S_.glif":"\/nesobritebl-regular.ufo\/glyphs\/S_.glif","\/nesobritebl-regular.ufo\/glyphs\/S_S_small.glif":"\/nesobritebl-regular.ufo\/glyphs\/S_S_small.glif","\/nesobritebl-regular.ufo\/glyphs\/S_caron.glif":"\/nesobritebl-regular.ufo\/glyphs\/S_caron.glif","\/nesobritebl-regular.ufo\/glyphs\/S_small.glif":"\/nesobritebl-regular.ufo\/glyphs\/S_small.glif","\/nesobritebl-regular.ufo\/glyphs\/S_smallcaron.glif":"\/nesobritebl-regular.ufo\/glyphs\/S_smallcaron.glif","\/nesobritebl-regular.ufo\/glyphs\/T_.glif":"\/nesobritebl-regular.ufo\/glyphs\/T_.glif","\/nesobritebl-regular.ufo\/glyphs\/T_horn.glif":"\/nesobritebl-regular.ufo\/glyphs\/T_horn.glif","\/nesobritebl-regular.ufo\/glyphs\/T_hornsmall.glif":"\/nesobritebl-regular.ufo\/glyphs\/T_hornsmall.glif","\/nesobritebl-regular.ufo\/glyphs\/T_small.glif":"\/nesobritebl-regular.ufo\/glyphs\/T_small.glif","\/nesobritebl-regular.ufo\/glyphs\/U_.glif":"\/nesobritebl-regular.ufo\/glyphs\/U_.glif","\/nesobritebl-regular.ufo\/glyphs\/U_acute.glif":"\/nesobritebl-regular.ufo\/glyphs\/U_acute.glif","\/nesobritebl-regular.ufo\/glyphs\/U_circumflex.glif":"\/nesobritebl-regular.ufo\/glyphs\/U_circumflex.glif","\/nesobritebl-regular.ufo\/glyphs\/U_dieresis.glif":"\/nesobritebl-regular.ufo\/glyphs\/U_dieresis.glif","\/nesobritebl-regular.ufo\/glyphs\/U_grave.glif":"\/nesobritebl-regular.ufo\/glyphs\/U_grave.glif","\/nesobritebl-regular.ufo\/glyphs\/U_small.glif":"\/nesobritebl-regular.ufo\/glyphs\/U_small.glif","\/nesobritebl-regular.ufo\/glyphs\/U_smallacute.glif":"\/nesobritebl-regular.ufo\/glyphs\/U_smallacute.glif","\/nesobritebl-regular.ufo\/glyphs\/U_smallcircumflex.glif":"\/nesobritebl-regular.ufo\/glyphs\/U_smallcircumflex.glif","\/nesobritebl-regular.ufo\/glyphs\/U_smalldieresis.glif":"\/nesobritebl-regular.ufo\/glyphs\/U_smalldieresis.glif","\/nesobritebl-regular.ufo\/glyphs\/U_smallgrave.glif":"\/nesobritebl-regular.ufo\/glyphs\/U_smallgrave.glif","\/nesobritebl-regular.ufo\/glyphs\/V_.glif":"\/nesobritebl-regular.ufo\/glyphs\/V_.glif","\/nesobritebl-regular.ufo\/glyphs\/V_small.glif":"\/nesobritebl-regular.ufo\/glyphs\/V_small.glif","\/nesobritebl-regular.ufo\/glyphs\/W_.glif":"\/nesobritebl-regular.ufo\/glyphs\/W_.glif","\/nesobritebl-regular.ufo\/glyphs\/W_small.glif":"\/nesobritebl-regular.ufo\/glyphs\/W_small.glif","\/nesobritebl-regular.ufo\/glyphs\/X_.glif":"\/nesobritebl-regular.ufo\/glyphs\/X_.glif","\/nesobritebl-regular.ufo\/glyphs\/X_small.glif":"\/nesobritebl-regular.ufo\/glyphs\/X_small.glif","\/nesobritebl-regular.ufo\/glyphs\/Y_.glif":"\/nesobritebl-regular.ufo\/glyphs\/Y_.glif","\/nesobritebl-regular.ufo\/glyphs\/Y_acute.glif":"\/nesobritebl-regular.ufo\/glyphs\/Y_acute.glif","\/nesobritebl-regular.ufo\/glyphs\/Y_dieresis.glif":"\/nesobritebl-regular.ufo\/glyphs\/Y_dieresis.glif","\/nesobritebl-regular.ufo\/glyphs\/Y_small.glif":"\/nesobritebl-regular.ufo\/glyphs\/Y_small.glif","\/nesobritebl-regular.ufo\/glyphs\/Y_smallacute.glif":"\/nesobritebl-regular.ufo\/glyphs\/Y_smallacute.glif","\/nesobritebl-regular.ufo\/glyphs\/Y_smalldieresis.glif":"\/nesobritebl-regular.ufo\/glyphs\/Y_smalldieresis.glif","\/nesobritebl-regular.ufo\/glyphs\/Z_.glif":"\/nesobritebl-regular.ufo\/glyphs\/Z_.glif","\/nesobritebl-regular.ufo\/glyphs\/Z_caron.glif":"\/nesobritebl-regular.ufo\/glyphs\/Z_caron.glif","\/nesobritebl-regular.ufo\/glyphs\/Z_small.glif":"\/nesobritebl-regular.ufo\/glyphs\/Z_small.glif","\/nesobritebl-regular.ufo\/glyphs\/Z_smallcaron.glif":"\/nesobritebl-regular.ufo\/glyphs\/Z_smallcaron.glif","\/nesobritebl-regular.ufo\/glyphs\/_notdef.glif":"\/nesobritebl-regular.ufo\/glyphs\/_notdef.glif","\/nesobritebl-regular.ufo\/glyphs\/_null.glif":"\/nesobritebl-regular.ufo\/glyphs\/_null.glif","\/nesobritebl-regular.ufo\/glyphs\/a.glif":"\/nesobritebl-regular.ufo\/glyphs\/a.glif","\/nesobritebl-regular.ufo\/glyphs\/aacute.glif":"\/nesobritebl-regular.ufo\/glyphs\/aacute.glif","\/nesobritebl-regular.ufo\/glyphs\/acircumflex.glif":"\/nesobritebl-regular.ufo\/glyphs\/acircumflex.glif","\/nesobritebl-regular.ufo\/glyphs\/acute.glif":"\/nesobritebl-regular.ufo\/glyphs\/acute.glif","\/nesobritebl-regular.ufo\/glyphs\/adieresis.glif":"\/nesobritebl-regular.ufo\/glyphs\/adieresis.glif","\/nesobritebl-regular.ufo\/glyphs\/ae.glif":"\/nesobritebl-regular.ufo\/glyphs\/ae.glif","\/nesobritebl-regular.ufo\/glyphs\/agrave.glif":"\/nesobritebl-regular.ufo\/glyphs\/agrave.glif","\/nesobritebl-regular.ufo\/glyphs\/ampersand.glif":"\/nesobritebl-regular.ufo\/glyphs\/ampersand.glif","\/nesobritebl-regular.ufo\/glyphs\/aring.glif":"\/nesobritebl-regular.ufo\/glyphs\/aring.glif","\/nesobritebl-regular.ufo\/glyphs\/asciicircum.glif":"\/nesobritebl-regular.ufo\/glyphs\/asciicircum.glif","\/nesobritebl-regular.ufo\/glyphs\/asciitilde.glif":"\/nesobritebl-regular.ufo\/glyphs\/asciitilde.glif","\/nesobritebl-regular.ufo\/glyphs\/asterisk.glif":"\/nesobritebl-regular.ufo\/glyphs\/asterisk.glif","\/nesobritebl-regular.ufo\/glyphs\/asuperior.glif":"\/nesobritebl-regular.ufo\/glyphs\/asuperior.glif","\/nesobritebl-regular.ufo\/glyphs\/at.glif":"\/nesobritebl-regular.ufo\/glyphs\/at.glif","\/nesobritebl-regular.ufo\/glyphs\/atilde.glif":"\/nesobritebl-regular.ufo\/glyphs\/atilde.glif","\/nesobritebl-regular.ufo\/glyphs\/b.glif":"\/nesobritebl-regular.ufo\/glyphs\/b.glif","\/nesobritebl-regular.ufo\/glyphs\/backslash.glif":"\/nesobritebl-regular.ufo\/glyphs\/backslash.glif","\/nesobritebl-regular.ufo\/glyphs\/bar.glif":"\/nesobritebl-regular.ufo\/glyphs\/bar.glif","\/nesobritebl-regular.ufo\/glyphs\/braceleft.glif":"\/nesobritebl-regular.ufo\/glyphs\/braceleft.glif","\/nesobritebl-regular.ufo\/glyphs\/braceright.glif":"\/nesobritebl-regular.ufo\/glyphs\/braceright.glif","\/nesobritebl-regular.ufo\/glyphs\/bracketleft.glif":"\/nesobritebl-regular.ufo\/glyphs\/bracketleft.glif","\/nesobritebl-regular.ufo\/glyphs\/bracketright.glif":"\/nesobritebl-regular.ufo\/glyphs\/bracketright.glif","\/nesobritebl-regular.ufo\/glyphs\/brokenbar.glif":"\/nesobritebl-regular.ufo\/glyphs\/brokenbar.glif","\/nesobritebl-regular.ufo\/glyphs\/bsuperior.glif":"\/nesobritebl-regular.ufo\/glyphs\/bsuperior.glif","\/nesobritebl-regular.ufo\/glyphs\/bullet.glif":"\/nesobritebl-regular.ufo\/glyphs\/bullet.glif","\/nesobritebl-regular.ufo\/glyphs\/c.glif":"\/nesobritebl-regular.ufo\/glyphs\/c.glif","\/nesobritebl-regular.ufo\/glyphs\/caron.glif":"\/nesobritebl-regular.ufo\/glyphs\/caron.glif","\/nesobritebl-regular.ufo\/glyphs\/ccedilla.glif":"\/nesobritebl-regular.ufo\/glyphs\/ccedilla.glif","\/nesobritebl-regular.ufo\/glyphs\/cedilla.glif":"\/nesobritebl-regular.ufo\/glyphs\/cedilla.glif","\/nesobritebl-regular.ufo\/glyphs\/cent.glif":"\/nesobritebl-regular.ufo\/glyphs\/cent.glif","\/nesobritebl-regular.ufo\/glyphs\/circumflex.glif":"\/nesobritebl-regular.ufo\/glyphs\/circumflex.glif","\/nesobritebl-regular.ufo\/glyphs\/colon.glif":"\/nesobritebl-regular.ufo\/glyphs\/colon.glif","\/nesobritebl-regular.ufo\/glyphs\/comma.glif":"\/nesobritebl-regular.ufo\/glyphs\/comma.glif","\/nesobritebl-regular.ufo\/glyphs\/contents.plist":"\/nesobritebl-regular.ufo\/glyphs\/contents.plist","\/nesobritebl-regular.ufo\/glyphs\/copyright.glif":"\/nesobritebl-regular.ufo\/glyphs\/copyright.glif","\/nesobritebl-regular.ufo\/glyphs\/d.glif":"\/nesobritebl-regular.ufo\/glyphs\/d.glif","\/nesobritebl-regular.ufo\/glyphs\/dagger.glif":"\/nesobritebl-regular.ufo\/glyphs\/dagger.glif","\/nesobritebl-regular.ufo\/glyphs\/daggerdbl.glif":"\/nesobritebl-regular.ufo\/glyphs\/daggerdbl.glif","\/nesobritebl-regular.ufo\/glyphs\/degree.glif":"\/nesobritebl-regular.ufo\/glyphs\/degree.glif","\/nesobritebl-regular.ufo\/glyphs\/dieresis.glif":"\/nesobritebl-regular.ufo\/glyphs\/dieresis.glif","\/nesobritebl-regular.ufo\/glyphs\/divide.glif":"\/nesobritebl-regular.ufo\/glyphs\/divide.glif","\/nesobritebl-regular.ufo\/glyphs\/dollar.glif":"\/nesobritebl-regular.ufo\/glyphs\/dollar.glif","\/nesobritebl-regular.ufo\/glyphs\/dotlessi.glif":"\/nesobritebl-regular.ufo\/glyphs\/dotlessi.glif","\/nesobritebl-regular.ufo\/glyphs\/dsuperior.glif":"\/nesobritebl-regular.ufo\/glyphs\/dsuperior.glif","\/nesobritebl-regular.ufo\/glyphs\/e.glif":"\/nesobritebl-regular.ufo\/glyphs\/e.glif","\/nesobritebl-regular.ufo\/glyphs\/eacute.glif":"\/nesobritebl-regular.ufo\/glyphs\/eacute.glif","\/nesobritebl-regular.ufo\/glyphs\/ecircumflex.glif":"\/nesobritebl-regular.ufo\/glyphs\/ecircumflex.glif","\/nesobritebl-regular.ufo\/glyphs\/edieresis.glif":"\/nesobritebl-regular.ufo\/glyphs\/edieresis.glif","\/nesobritebl-regular.ufo\/glyphs\/egrave.glif":"\/nesobritebl-regular.ufo\/glyphs\/egrave.glif","\/nesobritebl-regular.ufo\/glyphs\/eight.glif":"\/nesobritebl-regular.ufo\/glyphs\/eight.glif","\/nesobritebl-regular.ufo\/glyphs\/eightinferior.glif":"\/nesobritebl-regular.ufo\/glyphs\/eightinferior.glif","\/nesobritebl-regular.ufo\/glyphs\/eightoldstyle.glif":"\/nesobritebl-regular.ufo\/glyphs\/eightoldstyle.glif","\/nesobritebl-regular.ufo\/glyphs\/eightsuperior.glif":"\/nesobritebl-regular.ufo\/glyphs\/eightsuperior.glif","\/nesobritebl-regular.ufo\/glyphs\/ellipsis.glif":"\/nesobritebl-regular.ufo\/glyphs\/ellipsis.glif","\/nesobritebl-regular.ufo\/glyphs\/emdash.glif":"\/nesobritebl-regular.ufo\/glyphs\/emdash.glif","\/nesobritebl-regular.ufo\/glyphs\/endash.glif":"\/nesobritebl-regular.ufo\/glyphs\/endash.glif","\/nesobritebl-regular.ufo\/glyphs\/equal.glif":"\/nesobritebl-regular.ufo\/glyphs\/equal.glif","\/nesobritebl-regular.ufo\/glyphs\/esuperior.glif":"\/nesobritebl-regular.ufo\/glyphs\/esuperior.glif","\/nesobritebl-regular.ufo\/glyphs\/eth.glif":"\/nesobritebl-regular.ufo\/glyphs\/eth.glif","\/nesobritebl-regular.ufo\/glyphs\/exclam.glif":"\/nesobritebl-regular.ufo\/glyphs\/exclam.glif","\/nesobritebl-regular.ufo\/glyphs\/exclamdown.glif":"\/nesobritebl-regular.ufo\/glyphs\/exclamdown.glif","\/nesobritebl-regular.ufo\/glyphs\/f.glif":"\/nesobritebl-regular.ufo\/glyphs\/f.glif","\/nesobritebl-regular.ufo\/glyphs\/five.glif":"\/nesobritebl-regular.ufo\/glyphs\/five.glif","\/nesobritebl-regular.ufo\/glyphs\/fiveeighths.glif":"\/nesobritebl-regular.ufo\/glyphs\/fiveeighths.glif","\/nesobritebl-regular.ufo\/glyphs\/fiveinferior.glif":"\/nesobritebl-regular.ufo\/glyphs\/fiveinferior.glif","\/nesobritebl-regular.ufo\/glyphs\/fiveoldstyle.glif":"\/nesobritebl-regular.ufo\/glyphs\/fiveoldstyle.glif","\/nesobritebl-regular.ufo\/glyphs\/fivesuperior.glif":"\/nesobritebl-regular.ufo\/glyphs\/fivesuperior.glif","\/nesobritebl-regular.ufo\/glyphs\/four.glif":"\/nesobritebl-regular.ufo\/glyphs\/four.glif","\/nesobritebl-regular.ufo\/glyphs\/fourinferior.glif":"\/nesobritebl-regular.ufo\/glyphs\/fourinferior.glif","\/nesobritebl-regular.ufo\/glyphs\/fouroldstyle.glif":"\/nesobritebl-regular.ufo\/glyphs\/fouroldstyle.glif","\/nesobritebl-regular.ufo\/glyphs\/foursuperior.glif":"\/nesobritebl-regular.ufo\/glyphs\/foursuperior.glif","\/nesobritebl-regular.ufo\/glyphs\/fraction.glif":"\/nesobritebl-regular.ufo\/glyphs\/fraction.glif","\/nesobritebl-regular.ufo\/glyphs\/g.glif":"\/nesobritebl-regular.ufo\/glyphs\/g.glif","\/nesobritebl-regular.ufo\/glyphs\/germandbls.glif":"\/nesobritebl-regular.ufo\/glyphs\/germandbls.glif","\/nesobritebl-regular.ufo\/glyphs\/grave.glif":"\/nesobritebl-regular.ufo\/glyphs\/grave.glif","\/nesobritebl-regular.ufo\/glyphs\/greater.glif":"\/nesobritebl-regular.ufo\/glyphs\/greater.glif","\/nesobritebl-regular.ufo\/glyphs\/guillemotleft.glif":"\/nesobritebl-regular.ufo\/glyphs\/guillemotleft.glif","\/nesobritebl-regular.ufo\/glyphs\/guillemotright.glif":"\/nesobritebl-regular.ufo\/glyphs\/guillemotright.glif","\/nesobritebl-regular.ufo\/glyphs\/guilsinglleft.glif":"\/nesobritebl-regular.ufo\/glyphs\/guilsinglleft.glif","\/nesobritebl-regular.ufo\/glyphs\/guilsinglright.glif":"\/nesobritebl-regular.ufo\/glyphs\/guilsinglright.glif","\/nesobritebl-regular.ufo\/glyphs\/h.glif":"\/nesobritebl-regular.ufo\/glyphs\/h.glif","\/nesobritebl-regular.ufo\/glyphs\/hyphen.glif":"\/nesobritebl-regular.ufo\/glyphs\/hyphen.glif","\/nesobritebl-regular.ufo\/glyphs\/i.glif":"\/nesobritebl-regular.ufo\/glyphs\/i.glif","\/nesobritebl-regular.ufo\/glyphs\/iacute.glif":"\/nesobritebl-regular.ufo\/glyphs\/iacute.glif","\/nesobritebl-regular.ufo\/glyphs\/icircumflex.glif":"\/nesobritebl-regular.ufo\/glyphs\/icircumflex.glif","\/nesobritebl-regular.ufo\/glyphs\/idieresis.glif":"\/nesobritebl-regular.ufo\/glyphs\/idieresis.glif","\/nesobritebl-regular.ufo\/glyphs\/igrave.glif":"\/nesobritebl-regular.ufo\/glyphs\/igrave.glif","\/nesobritebl-regular.ufo\/glyphs\/isuperior.glif":"\/nesobritebl-regular.ufo\/glyphs\/isuperior.glif","\/nesobritebl-regular.ufo\/glyphs\/j.glif":"\/nesobritebl-regular.ufo\/glyphs\/j.glif","\/nesobritebl-regular.ufo\/glyphs\/k.glif":"\/nesobritebl-regular.ufo\/glyphs\/k.glif","\/nesobritebl-regular.ufo\/glyphs\/l.glif":"\/nesobritebl-regular.ufo\/glyphs\/l.glif","\/nesobritebl-regular.ufo\/glyphs\/less.glif":"\/nesobritebl-regular.ufo\/glyphs\/less.glif","\/nesobritebl-regular.ufo\/glyphs\/lslash.glif":"\/nesobritebl-regular.ufo\/glyphs\/lslash.glif","\/nesobritebl-regular.ufo\/glyphs\/lsuperior.glif":"\/nesobritebl-regular.ufo\/glyphs\/lsuperior.glif","\/nesobritebl-regular.ufo\/glyphs\/m.glif":"\/nesobritebl-regular.ufo\/glyphs\/m.glif","\/nesobritebl-regular.ufo\/glyphs\/minus.glif":"\/nesobritebl-regular.ufo\/glyphs\/minus.glif","\/nesobritebl-regular.ufo\/glyphs\/msuperior.glif":"\/nesobritebl-regular.ufo\/glyphs\/msuperior.glif","\/nesobritebl-regular.ufo\/glyphs\/mu.glif":"\/nesobritebl-regular.ufo\/glyphs\/mu.glif","\/nesobritebl-regular.ufo\/glyphs\/multiply.glif":"\/nesobritebl-regular.ufo\/glyphs\/multiply.glif","\/nesobritebl-regular.ufo\/glyphs\/n.glif":"\/nesobritebl-regular.ufo\/glyphs\/n.glif","\/nesobritebl-regular.ufo\/glyphs\/nine.glif":"\/nesobritebl-regular.ufo\/glyphs\/nine.glif","\/nesobritebl-regular.ufo\/glyphs\/nineinferior.glif":"\/nesobritebl-regular.ufo\/glyphs\/nineinferior.glif","\/nesobritebl-regular.ufo\/glyphs\/nineoldstyle.glif":"\/nesobritebl-regular.ufo\/glyphs\/nineoldstyle.glif","\/nesobritebl-regular.ufo\/glyphs\/ninesuperior.glif":"\/nesobritebl-regular.ufo\/glyphs\/ninesuperior.glif","\/nesobritebl-regular.ufo\/glyphs\/nonmarkingreturn.glif":"\/nesobritebl-regular.ufo\/glyphs\/nonmarkingreturn.glif","\/nesobritebl-regular.ufo\/glyphs\/nsuperior.glif":"\/nesobritebl-regular.ufo\/glyphs\/nsuperior.glif","\/nesobritebl-regular.ufo\/glyphs\/ntilde.glif":"\/nesobritebl-regular.ufo\/glyphs\/ntilde.glif","\/nesobritebl-regular.ufo\/glyphs\/numbersign.glif":"\/nesobritebl-regular.ufo\/glyphs\/numbersign.glif","\/nesobritebl-regular.ufo\/glyphs\/o.glif":"\/nesobritebl-regular.ufo\/glyphs\/o.glif","\/nesobritebl-regular.ufo\/glyphs\/oacute.glif":"\/nesobritebl-regular.ufo\/glyphs\/oacute.glif","\/nesobritebl-regular.ufo\/glyphs\/ocircumflex.glif":"\/nesobritebl-regular.ufo\/glyphs\/ocircumflex.glif","\/nesobritebl-regular.ufo\/glyphs\/odieresis.glif":"\/nesobritebl-regular.ufo\/glyphs\/odieresis.glif","\/nesobritebl-regular.ufo\/glyphs\/oe.glif":"\/nesobritebl-regular.ufo\/glyphs\/oe.glif","\/nesobritebl-regular.ufo\/glyphs\/ograve.glif":"\/nesobritebl-regular.ufo\/glyphs\/ograve.glif","\/nesobritebl-regular.ufo\/glyphs\/one.glif":"\/nesobritebl-regular.ufo\/glyphs\/one.glif","\/nesobritebl-regular.ufo\/glyphs\/oneeighth.glif":"\/nesobritebl-regular.ufo\/glyphs\/oneeighth.glif","\/nesobritebl-regular.ufo\/glyphs\/onehalf.glif":"\/nesobritebl-regular.ufo\/glyphs\/onehalf.glif","\/nesobritebl-regular.ufo\/glyphs\/oneinferior.glif":"\/nesobritebl-regular.ufo\/glyphs\/oneinferior.glif","\/nesobritebl-regular.ufo\/glyphs\/oneoldstyle.glif":"\/nesobritebl-regular.ufo\/glyphs\/oneoldstyle.glif","\/nesobritebl-regular.ufo\/glyphs\/onequarter.glif":"\/nesobritebl-regular.ufo\/glyphs\/onequarter.glif","\/nesobritebl-regular.ufo\/glyphs\/onesuperior.glif":"\/nesobritebl-regular.ufo\/glyphs\/onesuperior.glif","\/nesobritebl-regular.ufo\/glyphs\/onethird.glif":"\/nesobritebl-regular.ufo\/glyphs\/onethird.glif","\/nesobritebl-regular.ufo\/glyphs\/ordfeminine.glif":"\/nesobritebl-regular.ufo\/glyphs\/ordfeminine.glif","\/nesobritebl-regular.ufo\/glyphs\/ordmasculine.glif":"\/nesobritebl-regular.ufo\/glyphs\/ordmasculine.glif","\/nesobritebl-regular.ufo\/glyphs\/oslash.glif":"\/nesobritebl-regular.ufo\/glyphs\/oslash.glif","\/nesobritebl-regular.ufo\/glyphs\/osuperior.glif":"\/nesobritebl-regular.ufo\/glyphs\/osuperior.glif","\/nesobritebl-regular.ufo\/glyphs\/otilde.glif":"\/nesobritebl-regular.ufo\/glyphs\/otilde.glif","\/nesobritebl-regular.ufo\/glyphs\/p.glif":"\/nesobritebl-regular.ufo\/glyphs\/p.glif","\/nesobritebl-regular.ufo\/glyphs\/paragraph.glif":"\/nesobritebl-regular.ufo\/glyphs\/paragraph.glif","\/nesobritebl-regular.ufo\/glyphs\/parenleft.glif":"\/nesobritebl-regular.ufo\/glyphs\/parenleft.glif","\/nesobritebl-regular.ufo\/glyphs\/parenleftinferior.glif":"\/nesobritebl-regular.ufo\/glyphs\/parenleftinferior.glif","\/nesobritebl-regular.ufo\/glyphs\/parenleftsuperior.glif":"\/nesobritebl-regular.ufo\/glyphs\/parenleftsuperior.glif","\/nesobritebl-regular.ufo\/glyphs\/parenright.glif":"\/nesobritebl-regular.ufo\/glyphs\/parenright.glif","\/nesobritebl-regular.ufo\/glyphs\/parenrightinferior.glif":"\/nesobritebl-regular.ufo\/glyphs\/parenrightinferior.glif","\/nesobritebl-regular.ufo\/glyphs\/parenrightsuperior.glif":"\/nesobritebl-regular.ufo\/glyphs\/parenrightsuperior.glif","\/nesobritebl-regular.ufo\/glyphs\/percent.glif":"\/nesobritebl-regular.ufo\/glyphs\/percent.glif","\/nesobritebl-regular.ufo\/glyphs\/period.glif":"\/nesobritebl-regular.ufo\/glyphs\/period.glif","\/nesobritebl-regular.ufo\/glyphs\/periodcentered.glif":"\/nesobritebl-regular.ufo\/glyphs\/periodcentered.glif","\/nesobritebl-regular.ufo\/glyphs\/perthousand.glif":"\/nesobritebl-regular.ufo\/glyphs\/perthousand.glif","\/nesobritebl-regular.ufo\/glyphs\/plus.glif":"\/nesobritebl-regular.ufo\/glyphs\/plus.glif","\/nesobritebl-regular.ufo\/glyphs\/plusminus.glif":"\/nesobritebl-regular.ufo\/glyphs\/plusminus.glif","\/nesobritebl-regular.ufo\/glyphs\/q.glif":"\/nesobritebl-regular.ufo\/glyphs\/q.glif","\/nesobritebl-regular.ufo\/glyphs\/question.glif":"\/nesobritebl-regular.ufo\/glyphs\/question.glif","\/nesobritebl-regular.ufo\/glyphs\/questiondown.glif":"\/nesobritebl-regular.ufo\/glyphs\/questiondown.glif","\/nesobritebl-regular.ufo\/glyphs\/quotedbl.glif":"\/nesobritebl-regular.ufo\/glyphs\/quotedbl.glif","\/nesobritebl-regular.ufo\/glyphs\/quotedblbase.glif":"\/nesobritebl-regular.ufo\/glyphs\/quotedblbase.glif","\/nesobritebl-regular.ufo\/glyphs\/quotedblleft.glif":"\/nesobritebl-regular.ufo\/glyphs\/quotedblleft.glif","\/nesobritebl-regular.ufo\/glyphs\/quotedblright.glif":"\/nesobritebl-regular.ufo\/glyphs\/quotedblright.glif","\/nesobritebl-regular.ufo\/glyphs\/quoteleft.glif":"\/nesobritebl-regular.ufo\/glyphs\/quoteleft.glif","\/nesobritebl-regular.ufo\/glyphs\/quoteright.glif":"\/nesobritebl-regular.ufo\/glyphs\/quoteright.glif","\/nesobritebl-regular.ufo\/glyphs\/quotesinglbase.glif":"\/nesobritebl-regular.ufo\/glyphs\/quotesinglbase.glif","\/nesobritebl-regular.ufo\/glyphs\/quotesingle.glif":"\/nesobritebl-regular.ufo\/glyphs\/quotesingle.glif","\/nesobritebl-regular.ufo\/glyphs\/r.glif":"\/nesobritebl-regular.ufo\/glyphs\/r.glif","\/nesobritebl-regular.ufo\/glyphs\/registered.glif":"\/nesobritebl-regular.ufo\/glyphs\/registered.glif","\/nesobritebl-regular.ufo\/glyphs\/ring.glif":"\/nesobritebl-regular.ufo\/glyphs\/ring.glif","\/nesobritebl-regular.ufo\/glyphs\/rsuperior.glif":"\/nesobritebl-regular.ufo\/glyphs\/rsuperior.glif","\/nesobritebl-regular.ufo\/glyphs\/s.glif":"\/nesobritebl-regular.ufo\/glyphs\/s.glif","\/nesobritebl-regular.ufo\/glyphs\/scaron.glif":"\/nesobritebl-regular.ufo\/glyphs\/scaron.glif","\/nesobritebl-regular.ufo\/glyphs\/section.glif":"\/nesobritebl-regular.ufo\/glyphs\/section.glif","\/nesobritebl-regular.ufo\/glyphs\/semicolon.glif":"\/nesobritebl-regular.ufo\/glyphs\/semicolon.glif","\/nesobritebl-regular.ufo\/glyphs\/seven.glif":"\/nesobritebl-regular.ufo\/glyphs\/seven.glif","\/nesobritebl-regular.ufo\/glyphs\/seveneighths.glif":"\/nesobritebl-regular.ufo\/glyphs\/seveneighths.glif","\/nesobritebl-regular.ufo\/glyphs\/seveninferior.glif":"\/nesobritebl-regular.ufo\/glyphs\/seveninferior.glif","\/nesobritebl-regular.ufo\/glyphs\/sevenoldstyle.glif":"\/nesobritebl-regular.ufo\/glyphs\/sevenoldstyle.glif","\/nesobritebl-regular.ufo\/glyphs\/sevensuperior.glif":"\/nesobritebl-regular.ufo\/glyphs\/sevensuperior.glif","\/nesobritebl-regular.ufo\/glyphs\/six.glif":"\/nesobritebl-regular.ufo\/glyphs\/six.glif","\/nesobritebl-regular.ufo\/glyphs\/sixinferior.glif":"\/nesobritebl-regular.ufo\/glyphs\/sixinferior.glif","\/nesobritebl-regular.ufo\/glyphs\/sixoldstyle.glif":"\/nesobritebl-regular.ufo\/glyphs\/sixoldstyle.glif","\/nesobritebl-regular.ufo\/glyphs\/sixsuperior.glif":"\/nesobritebl-regular.ufo\/glyphs\/sixsuperior.glif","\/nesobritebl-regular.ufo\/glyphs\/slash.glif":"\/nesobritebl-regular.ufo\/glyphs\/slash.glif","\/nesobritebl-regular.ufo\/glyphs\/space.glif":"\/nesobritebl-regular.ufo\/glyphs\/space.glif","\/nesobritebl-regular.ufo\/glyphs\/ssuperior.glif":"\/nesobritebl-regular.ufo\/glyphs\/ssuperior.glif","\/nesobritebl-regular.ufo\/glyphs\/sterling.glif":"\/nesobritebl-regular.ufo\/glyphs\/sterling.glif","\/nesobritebl-regular.ufo\/glyphs\/t.glif":"\/nesobritebl-regular.ufo\/glyphs\/t.glif","\/nesobritebl-regular.ufo\/glyphs\/thorn.glif":"\/nesobritebl-regular.ufo\/glyphs\/thorn.glif","\/nesobritebl-regular.ufo\/glyphs\/three.glif":"\/nesobritebl-regular.ufo\/glyphs\/three.glif","\/nesobritebl-regular.ufo\/glyphs\/threeeighths.glif":"\/nesobritebl-regular.ufo\/glyphs\/threeeighths.glif","\/nesobritebl-regular.ufo\/glyphs\/threeinferior.glif":"\/nesobritebl-regular.ufo\/glyphs\/threeinferior.glif","\/nesobritebl-regular.ufo\/glyphs\/threeoldstyle.glif":"\/nesobritebl-regular.ufo\/glyphs\/threeoldstyle.glif","\/nesobritebl-regular.ufo\/glyphs\/threequarters.glif":"\/nesobritebl-regular.ufo\/glyphs\/threequarters.glif","\/nesobritebl-regular.ufo\/glyphs\/threesuperior.glif":"\/nesobritebl-regular.ufo\/glyphs\/threesuperior.glif","\/nesobritebl-regular.ufo\/glyphs\/tilde.glif":"\/nesobritebl-regular.ufo\/glyphs\/tilde.glif","\/nesobritebl-regular.ufo\/glyphs\/trademark.glif":"\/nesobritebl-regular.ufo\/glyphs\/trademark.glif","\/nesobritebl-regular.ufo\/glyphs\/tsuperior.glif":"\/nesobritebl-regular.ufo\/glyphs\/tsuperior.glif","\/nesobritebl-regular.ufo\/glyphs\/two.glif":"\/nesobritebl-regular.ufo\/glyphs\/two.glif","\/nesobritebl-regular.ufo\/glyphs\/twoinferior.glif":"\/nesobritebl-regular.ufo\/glyphs\/twoinferior.glif","\/nesobritebl-regular.ufo\/glyphs\/twooldstyle.glif":"\/nesobritebl-regular.ufo\/glyphs\/twooldstyle.glif","\/nesobritebl-regular.ufo\/glyphs\/twosuperior.glif":"\/nesobritebl-regular.ufo\/glyphs\/twosuperior.glif","\/nesobritebl-regular.ufo\/glyphs\/twothirds.glif":"\/nesobritebl-regular.ufo\/glyphs\/twothirds.glif","\/nesobritebl-regular.ufo\/glyphs\/u.glif":"\/nesobritebl-regular.ufo\/glyphs\/u.glif","\/nesobritebl-regular.ufo\/glyphs\/uacute.glif":"\/nesobritebl-regular.ufo\/glyphs\/uacute.glif","\/nesobritebl-regular.ufo\/glyphs\/ucircumflex.glif":"\/nesobritebl-regular.ufo\/glyphs\/ucircumflex.glif","\/nesobritebl-regular.ufo\/glyphs\/udieresis.glif":"\/nesobritebl-regular.ufo\/glyphs\/udieresis.glif","\/nesobritebl-regular.ufo\/glyphs\/ugrave.glif":"\/nesobritebl-regular.ufo\/glyphs\/ugrave.glif","\/nesobritebl-regular.ufo\/glyphs\/underscore.glif":"\/nesobritebl-regular.ufo\/glyphs\/underscore.glif","\/nesobritebl-regular.ufo\/glyphs\/uni2117.glif":"\/nesobritebl-regular.ufo\/glyphs\/uni2117.glif","\/nesobritebl-regular.ufo\/glyphs\/v.glif":"\/nesobritebl-regular.ufo\/glyphs\/v.glif","\/nesobritebl-regular.ufo\/glyphs\/w.glif":"\/nesobritebl-regular.ufo\/glyphs\/w.glif","\/nesobritebl-regular.ufo\/glyphs\/x.glif":"\/nesobritebl-regular.ufo\/glyphs\/x.glif","\/nesobritebl-regular.ufo\/glyphs\/y.glif":"\/nesobritebl-regular.ufo\/glyphs\/y.glif","\/nesobritebl-regular.ufo\/glyphs\/yacute.glif":"\/nesobritebl-regular.ufo\/glyphs\/yacute.glif","\/nesobritebl-regular.ufo\/glyphs\/ydieresis.glif":"\/nesobritebl-regular.ufo\/glyphs\/ydieresis.glif","\/nesobritebl-regular.ufo\/glyphs\/yen.glif":"\/nesobritebl-regular.ufo\/glyphs\/yen.glif","\/nesobritebl-regular.ufo\/glyphs\/z.glif":"\/nesobritebl-regular.ufo\/glyphs\/z.glif","\/nesobritebl-regular.ufo\/glyphs\/zcaron.glif":"\/nesobritebl-regular.ufo\/glyphs\/zcaron.glif","\/nesobritebl-regular.ufo\/glyphs\/zero.glif":"\/nesobritebl-regular.ufo\/glyphs\/zero.glif","\/nesobritebl-regular.ufo\/glyphs\/zeroinferior.glif":"\/nesobritebl-regular.ufo\/glyphs\/zeroinferior.glif","\/nesobritebl-regular.ufo\/glyphs\/zerooldstyle.glif":"\/nesobritebl-regular.ufo\/glyphs\/zerooldstyle.glif","\/nesobritebl-regular.ufo\/glyphs\/zerosuperior.glif":"\/nesobritebl-regular.ufo\/glyphs\/zerosuperior.glif"},"Font":{"uploaded":1480701716.4008,"licence":"gpl3","company":"Chronolabs Cooperative","title":"Nesobrite Bl Regular","version":3.002,"date":"Tue Nov 29 04:11:19 2016","creator":"root","type":"1","matrix":"0.001 0 0 0.001 0 0","named":"NesobriteBl-Regular","painttype":"0","info":"11 dict dup","name":"NesobriteBl-Regular","family":"Nesobrite Bl","weight":"Black","fstype":"0","italicangle":"0","underlineposition":"","underlinethickness":""},"Licences":{"":false},"Table":{"FFTM":{"entryLength":16,"tag":"FFTM","checksum":1963052606,"offset":26336,"length":28},"GDEF":{"entryLength":16,"tag":"GDEF","checksum":24838148,"offset":26304,"length":32},"OS\/2":{"entryLength":16,"tag":"OS\/2","checksum":1494615562,"offset":344,"length":86},"cmap":{"entryLength":16,"tag":"cmap","checksum":589317638,"offset":1768,"length":602},"gasp":{"entryLength":16,"tag":"gasp","checksum":4294901763,"offset":26296,"length":8},"glyf":{"entryLength":16,"tag":"glyf","checksum":2581540389,"offset":3044,"length":20344},"head":{"entryLength":16,"tag":"head","checksum":194255341,"offset":220,"length":54},"hhea":{"entryLength":16,"tag":"hhea","checksum":126157873,"offset":276,"length":36},"hmtx":{"entryLength":16,"tag":"hmtx","checksum":1503865106,"offset":432,"length":1336},"loca":{"entryLength":16,"tag":"loca","checksum":1138372484,"offset":2372,"length":670},"maxp":{"entryLength":16,"tag":"maxp","checksum":27066528,"offset":312,"length":32},"name":{"entryLength":16,"tag":"name","checksum":1365645248,"offset":23388,"length":936},"post":{"entryLength":16,"tag":"post","checksum":960002266,"offset":24324,"length":1970}},"UnicodeCharMap":{"0":1,"13":2,"32":3,"33":4,"34":5,"35":6,"36":7,"37":8,"38":9,"39":10,"40":11,"41":12,"42":13,"43":14,"44":15,"45":16,"46":17,"47":18,"48":19,"49":20,"50":21,"51":22,"52":23,"53":24,"54":25,"55":26,"56":27,"57":28,"58":29,"59":30,"60":31,"61":32,"62":33,"63":34,"64":35,"65":36,"66":37,"67":38,"68":39,"69":40,"70":41,"71":42,"72":43,"73":44,"74":45,"75":46,"76":47,"77":48,"78":49,"79":50,"80":51,"81":52,"82":53,"83":54,"84":55,"85":56,"86":57,"87":58,"88":59,"89":60,"90":61,"91":62,"92":63,"93":64,"94":65,"95":66,"96":67,"97":68,"98":69,"99":70,"100":71,"101":72,"102":73,"103":74,"104":75,"105":76,"106":77,"107":78,"108":79,"109":80,"110":81,"111":82,"112":83,"113":84,"114":85,"115":86,"116":87,"117":88,"118":89,"119":90,"120":91,"121":92,"122":93,"123":94,"124":95,"125":96,"126":97,"161":98,"162":99,"163":100,"165":101,"166":102,"167":103,"168":104,"169":105,"170":106,"171":107,"174":108,"176":109,"177":110,"178":111,"179":112,"180":113,"182":115,"183":116,"184":117,"185":118,"186":119,"187":120,"188":121,"189":122,"190":123,"191":124,"192":125,"193":126,"194":127,"195":128,"196":129,"197":130,"198":131,"199":132,"200":133,"201":134,"202":135,"203":136,"204":137,"205":138,"206":139,"207":140,"208":141,"209":142,"210":143,"211":144,"212":145,"213":146,"214":147,"215":148,"216":149,"217":150,"218":151,"219":152,"220":153,"221":154,"222":155,"223":156,"224":157,"225":158,"226":159,"227":160,"228":161,"229":162,"230":163,"231":164,"232":165,"233":166,"234":167,"235":168,"236":169,"237":170,"238":171,"239":172,"240":173,"241":174,"242":175,"243":176,"244":177,"245":178,"246":179,"247":180,"248":181,"249":182,"250":183,"251":184,"252":185,"253":186,"254":187,"255":188,"305":189,"321":190,"322":191,"338":192,"339":193,"352":194,"353":195,"376":196,"381":197,"382":198,"710":199,"711":200,"730":201,"732":202,"956":114,"8211":203,"8212":204,"8216":205,"8217":206,"8218":207,"8220":208,"8221":209,"8222":210,"8224":211,"8225":212,"8226":213,"8230":214,"8240":215,"8249":216,"8250":217,"8260":218,"8304":219,"8308":220,"8309":221,"8310":222,"8311":223,"8312":224,"8313":225,"8317":226,"8318":227,"8319":228,"8320":229,"8321":230,"8322":231,"8323":232,"8324":233,"8325":234,"8326":235,"8327":236,"8328":237,"8329":238,"8333":239,"8334":240,"8364":241,"8471":242,"8482":243,"8531":244,"8532":245,"8539":246,"8540":247,"8541":248,"8542":249,"8722":250},"Reserves":{"fontname":"Nesobrite Bl Regular"},"Names":{"Nesobrite Bl Regular":{"name":"Nesobrite Bl Regular","longitude":"0.00000001","latitude":"0.00000001","country":"","region":"","city":""}},"Nodes":{"ne":{"type":"typal","node":"ne","usage":1,"weight":1},"te":{"type":"typal","node":"te","usage":1,"weight":1},"re":{"type":"typal","node":"re","usage":1,"weight":1},"ar":{"type":"typal","node":"ar","usage":1,"weight":1},"nes":{"type":"typal","node":"nes","usage":1,"weight":1},"ite":{"type":"typal","node":"ite","usage":1,"weight":1},"reg":{"type":"typal","node":"reg","usage":1,"weight":1},"lar":{"type":"typal","node":"lar","usage":1,"weight":1},"neso":{"type":"keys","node":"neso","usage":1,"weight":1},"rite":{"type":"keys","node":"rite","usage":1,"weight":1},"regu":{"type":"keys","node":"regu","usage":1,"weight":1},"ular":{"type":"keys","node":"ular","usage":1,"weight":1},"nesob":{"type":"keys","node":"nesob","usage":1,"weight":1},"brite":{"type":"keys","node":"brite","usage":1,"weight":1},"regul":{"type":"keys","node":"regul","usage":1,"weight":1},"gular":{"type":"keys","node":"gular","usage":1,"weight":1},"nesobrite":{"type":"fixes","node":"nesobrite","usage":1,"weight":1},"bl":{"type":"fixes","node":"bl","usage":1,"weight":1},"regular":{"type":"fixes","node":"regular","usage":1,"weight":1}},"Contributors":[],"FontIdentity":"doofeu1:e2a3c82ad1b5df2275299b63","Bytes":null,"Networking":[],"barcode":"cak2kaiua6ow3","referee":"ia753oc"}