{"CSS":{"Yellowjacket Condensed":"zinc1:1729635704c8f31d183189f021.css"},"FontType":"TrueType","FontCopyright":"2002 Iconian Fonts","FontName":"Yellowjacket Condensed","FontSubfamily":"Condensed","FontSubfamilyID":"FontForge 2.0 : Yellowjacket Condensed : 28-10-2016","FontFullName":"Yellowjacket Condensed","FontVersion":"Version 1 ","FontWeight":null,"FontPostscriptName":"YellowjacketCondensed","Files":{"\/Yellowjacket Condensed.css":"\/Yellowjacket Condensed.css","\/font-resource.json":"\/font-resource.json","\/yellowc.afm":"\/yellowc.afm","\/yellowc.cef":"\/yellowc.cef","\/yellowc.cff":"\/yellowc.cff","\/yellowc.eot":"\/yellowc.eot","\/yellowc.gai":"\/yellowc.gai","\/yellowc.gsf":"\/yellowc.gsf","\/yellowc.otf":"\/yellowc.otf","\/yellowc.pf3":"\/yellowc.pf3","\/yellowc.pfa":"\/yellowc.pfa","\/yellowc.pfb":"\/yellowc.pfb","\/yellowc.php":"\/yellowc.php","\/yellowc.pt3":"\/yellowc.pt3","\/yellowc.sfd":"\/yellowc.sfd","\/yellowc.svg":"\/yellowc.svg","\/yellowc.t42":"\/yellowc.t42","\/yellowc.ttd":"\/yellowc.ttd","\/yellowc.ttf":"\/yellowc.ttf","\/yellowc.ttg":"\/yellowc.ttg","\/yellowc.ufm":"\/yellowc.ufm","\/yellowc.woff":"\/yellowc.woff","\/yellowc.z":"\/yellowc.z","\/yellowc.ufo\/feature.fea":"\/yellowc.ufo\/feature.fea","\/yellowc.ufo\/fontinfo.plist":"\/yellowc.ufo\/fontinfo.plist","\/yellowc.ufo\/groups.plist":"\/yellowc.ufo\/groups.plist","\/yellowc.ufo\/kerning.plist":"\/yellowc.ufo\/kerning.plist","\/yellowc.ufo\/metainfo.plist":"\/yellowc.ufo\/metainfo.plist","\/yellowc.ufo\/glyphs\/A_.glif":"\/yellowc.ufo\/glyphs\/A_.glif","\/yellowc.ufo\/glyphs\/B_.glif":"\/yellowc.ufo\/glyphs\/B_.glif","\/yellowc.ufo\/glyphs\/C_.glif":"\/yellowc.ufo\/glyphs\/C_.glif","\/yellowc.ufo\/glyphs\/D_.glif":"\/yellowc.ufo\/glyphs\/D_.glif","\/yellowc.ufo\/glyphs\/E_.glif":"\/yellowc.ufo\/glyphs\/E_.glif","\/yellowc.ufo\/glyphs\/F_.glif":"\/yellowc.ufo\/glyphs\/F_.glif","\/yellowc.ufo\/glyphs\/F_L_0021h.glif":"\/yellowc.ufo\/glyphs\/F_L_0021h.glif","\/yellowc.ufo\/glyphs\/F_L_0023h.glif":"\/yellowc.ufo\/glyphs\/F_L_0023h.glif","\/yellowc.ufo\/glyphs\/F_L_0025h.glif":"\/yellowc.ufo\/glyphs\/F_L_0025h.glif","\/yellowc.ufo\/glyphs\/F_L_0026h.glif":"\/yellowc.ufo\/glyphs\/F_L_0026h.glif","\/yellowc.ufo\/glyphs\/F_L_002A_h.glif":"\/yellowc.ufo\/glyphs\/F_L_002A_h.glif","\/yellowc.ufo\/glyphs\/F_L_0032h.glif":"\/yellowc.ufo\/glyphs\/F_L_0032h.glif","\/yellowc.ufo\/glyphs\/F_L_0036h.glif":"\/yellowc.ufo\/glyphs\/F_L_0036h.glif","\/yellowc.ufo\/glyphs\/F_L_0039h.glif":"\/yellowc.ufo\/glyphs\/F_L_0039h.glif","\/yellowc.ufo\/glyphs\/F_L_005B_h.glif":"\/yellowc.ufo\/glyphs\/F_L_005B_h.glif","\/yellowc.ufo\/glyphs\/F_L_005D_h.glif":"\/yellowc.ufo\/glyphs\/F_L_005D_h.glif","\/yellowc.ufo\/glyphs\/F_L_007B_h.glif":"\/yellowc.ufo\/glyphs\/F_L_007B_h.glif","\/yellowc.ufo\/glyphs\/F_L_007D_h.glif":"\/yellowc.ufo\/glyphs\/F_L_007D_h.glif","\/yellowc.ufo\/glyphs\/F_L_007E_h.glif":"\/yellowc.ufo\/glyphs\/F_L_007E_h.glif","\/yellowc.ufo\/glyphs\/F_L_00A_0h.glif":"\/yellowc.ufo\/glyphs\/F_L_00A_0h.glif","\/yellowc.ufo\/glyphs\/F_L_00A_1h.glif":"\/yellowc.ufo\/glyphs\/F_L_00A_1h.glif","\/yellowc.ufo\/glyphs\/F_L_00A_2h.glif":"\/yellowc.ufo\/glyphs\/F_L_00A_2h.glif","\/yellowc.ufo\/glyphs\/F_L_00A_3h.glif":"\/yellowc.ufo\/glyphs\/F_L_00A_3h.glif","\/yellowc.ufo\/glyphs\/F_L_00A_4h.glif":"\/yellowc.ufo\/glyphs\/F_L_00A_4h.glif","\/yellowc.ufo\/glyphs\/F_L_00A_5h.glif":"\/yellowc.ufo\/glyphs\/F_L_00A_5h.glif","\/yellowc.ufo\/glyphs\/F_L_00A_6h.glif":"\/yellowc.ufo\/glyphs\/F_L_00A_6h.glif","\/yellowc.ufo\/glyphs\/F_L_00A_7h.glif":"\/yellowc.ufo\/glyphs\/F_L_00A_7h.glif","\/yellowc.ufo\/glyphs\/F_L_00A_8h.glif":"\/yellowc.ufo\/glyphs\/F_L_00A_8h.glif","\/yellowc.ufo\/glyphs\/F_L_00A_9h.glif":"\/yellowc.ufo\/glyphs\/F_L_00A_9h.glif","\/yellowc.ufo\/glyphs\/F_L_00A_A_h.glif":"\/yellowc.ufo\/glyphs\/F_L_00A_A_h.glif","\/yellowc.ufo\/glyphs\/F_L_00A_B_h.glif":"\/yellowc.ufo\/glyphs\/F_L_00A_B_h.glif","\/yellowc.ufo\/glyphs\/F_L_00A_C_h.glif":"\/yellowc.ufo\/glyphs\/F_L_00A_C_h.glif","\/yellowc.ufo\/glyphs\/F_L_00A_D_h.glif":"\/yellowc.ufo\/glyphs\/F_L_00A_D_h.glif","\/yellowc.ufo\/glyphs\/F_L_00A_E_h.glif":"\/yellowc.ufo\/glyphs\/F_L_00A_E_h.glif","\/yellowc.ufo\/glyphs\/F_L_00A_F_h.glif":"\/yellowc.ufo\/glyphs\/F_L_00A_F_h.glif","\/yellowc.ufo\/glyphs\/F_L_00B_0h.glif":"\/yellowc.ufo\/glyphs\/F_L_00B_0h.glif","\/yellowc.ufo\/glyphs\/F_L_00B_1h.glif":"\/yellowc.ufo\/glyphs\/F_L_00B_1h.glif","\/yellowc.ufo\/glyphs\/F_L_00B_2h.glif":"\/yellowc.ufo\/glyphs\/F_L_00B_2h.glif","\/yellowc.ufo\/glyphs\/F_L_00B_3h.glif":"\/yellowc.ufo\/glyphs\/F_L_00B_3h.glif","\/yellowc.ufo\/glyphs\/F_L_00B_4h.glif":"\/yellowc.ufo\/glyphs\/F_L_00B_4h.glif","\/yellowc.ufo\/glyphs\/F_L_00B_5h.glif":"\/yellowc.ufo\/glyphs\/F_L_00B_5h.glif","\/yellowc.ufo\/glyphs\/F_L_00B_6h.glif":"\/yellowc.ufo\/glyphs\/F_L_00B_6h.glif","\/yellowc.ufo\/glyphs\/F_L_00B_7h.glif":"\/yellowc.ufo\/glyphs\/F_L_00B_7h.glif","\/yellowc.ufo\/glyphs\/F_L_00B_8h.glif":"\/yellowc.ufo\/glyphs\/F_L_00B_8h.glif","\/yellowc.ufo\/glyphs\/F_L_00B_9h.glif":"\/yellowc.ufo\/glyphs\/F_L_00B_9h.glif","\/yellowc.ufo\/glyphs\/F_L_00B_A_h.glif":"\/yellowc.ufo\/glyphs\/F_L_00B_A_h.glif","\/yellowc.ufo\/glyphs\/F_L_00B_B_h.glif":"\/yellowc.ufo\/glyphs\/F_L_00B_B_h.glif","\/yellowc.ufo\/glyphs\/F_L_00B_C_h.glif":"\/yellowc.ufo\/glyphs\/F_L_00B_C_h.glif","\/yellowc.ufo\/glyphs\/F_L_00B_D_h.glif":"\/yellowc.ufo\/glyphs\/F_L_00B_D_h.glif","\/yellowc.ufo\/glyphs\/F_L_00B_E_h.glif":"\/yellowc.ufo\/glyphs\/F_L_00B_E_h.glif","\/yellowc.ufo\/glyphs\/F_L_00B_F_h.glif":"\/yellowc.ufo\/glyphs\/F_L_00B_F_h.glif","\/yellowc.ufo\/glyphs\/F_L_00C_0h.glif":"\/yellowc.ufo\/glyphs\/F_L_00C_0h.glif","\/yellowc.ufo\/glyphs\/F_L_00C_1h.glif":"\/yellowc.ufo\/glyphs\/F_L_00C_1h.glif","\/yellowc.ufo\/glyphs\/F_L_00C_2h.glif":"\/yellowc.ufo\/glyphs\/F_L_00C_2h.glif","\/yellowc.ufo\/glyphs\/F_L_00C_3h.glif":"\/yellowc.ufo\/glyphs\/F_L_00C_3h.glif","\/yellowc.ufo\/glyphs\/F_L_00C_4h.glif":"\/yellowc.ufo\/glyphs\/F_L_00C_4h.glif","\/yellowc.ufo\/glyphs\/F_L_00C_5h.glif":"\/yellowc.ufo\/glyphs\/F_L_00C_5h.glif","\/yellowc.ufo\/glyphs\/F_L_00C_6h.glif":"\/yellowc.ufo\/glyphs\/F_L_00C_6h.glif","\/yellowc.ufo\/glyphs\/F_L_00C_7h.glif":"\/yellowc.ufo\/glyphs\/F_L_00C_7h.glif","\/yellowc.ufo\/glyphs\/F_L_00C_8h.glif":"\/yellowc.ufo\/glyphs\/F_L_00C_8h.glif","\/yellowc.ufo\/glyphs\/F_L_00C_9h.glif":"\/yellowc.ufo\/glyphs\/F_L_00C_9h.glif","\/yellowc.ufo\/glyphs\/F_L_00C_A_h.glif":"\/yellowc.ufo\/glyphs\/F_L_00C_A_h.glif","\/yellowc.ufo\/glyphs\/F_L_00C_B_h.glif":"\/yellowc.ufo\/glyphs\/F_L_00C_B_h.glif","\/yellowc.ufo\/glyphs\/F_L_00C_C_h.glif":"\/yellowc.ufo\/glyphs\/F_L_00C_C_h.glif","\/yellowc.ufo\/glyphs\/F_L_00C_D_h.glif":"\/yellowc.ufo\/glyphs\/F_L_00C_D_h.glif","\/yellowc.ufo\/glyphs\/F_L_00C_E_h.glif":"\/yellowc.ufo\/glyphs\/F_L_00C_E_h.glif","\/yellowc.ufo\/glyphs\/F_L_00C_F_h.glif":"\/yellowc.ufo\/glyphs\/F_L_00C_F_h.glif","\/yellowc.ufo\/glyphs\/F_L_00D_0h.glif":"\/yellowc.ufo\/glyphs\/F_L_00D_0h.glif","\/yellowc.ufo\/glyphs\/F_L_00D_1h.glif":"\/yellowc.ufo\/glyphs\/F_L_00D_1h.glif","\/yellowc.ufo\/glyphs\/F_L_00D_2h.glif":"\/yellowc.ufo\/glyphs\/F_L_00D_2h.glif","\/yellowc.ufo\/glyphs\/F_L_00D_3h.glif":"\/yellowc.ufo\/glyphs\/F_L_00D_3h.glif","\/yellowc.ufo\/glyphs\/F_L_00D_4h.glif":"\/yellowc.ufo\/glyphs\/F_L_00D_4h.glif","\/yellowc.ufo\/glyphs\/F_L_00D_5h.glif":"\/yellowc.ufo\/glyphs\/F_L_00D_5h.glif","\/yellowc.ufo\/glyphs\/F_L_00D_6h.glif":"\/yellowc.ufo\/glyphs\/F_L_00D_6h.glif","\/yellowc.ufo\/glyphs\/F_L_00D_7h.glif":"\/yellowc.ufo\/glyphs\/F_L_00D_7h.glif","\/yellowc.ufo\/glyphs\/F_L_00D_8h.glif":"\/yellowc.ufo\/glyphs\/F_L_00D_8h.glif","\/yellowc.ufo\/glyphs\/F_L_00D_9h.glif":"\/yellowc.ufo\/glyphs\/F_L_00D_9h.glif","\/yellowc.ufo\/glyphs\/F_L_00D_A_h.glif":"\/yellowc.ufo\/glyphs\/F_L_00D_A_h.glif","\/yellowc.ufo\/glyphs\/F_L_00D_B_h.glif":"\/yellowc.ufo\/glyphs\/F_L_00D_B_h.glif","\/yellowc.ufo\/glyphs\/F_L_00D_C_h.glif":"\/yellowc.ufo\/glyphs\/F_L_00D_C_h.glif","\/yellowc.ufo\/glyphs\/F_L_00D_D_h.glif":"\/yellowc.ufo\/glyphs\/F_L_00D_D_h.glif","\/yellowc.ufo\/glyphs\/F_L_00D_E_h.glif":"\/yellowc.ufo\/glyphs\/F_L_00D_E_h.glif","\/yellowc.ufo\/glyphs\/F_L_00D_F_h.glif":"\/yellowc.ufo\/glyphs\/F_L_00D_F_h.glif","\/yellowc.ufo\/glyphs\/F_L_00E_0h.glif":"\/yellowc.ufo\/glyphs\/F_L_00E_0h.glif","\/yellowc.ufo\/glyphs\/F_L_00E_1h.glif":"\/yellowc.ufo\/glyphs\/F_L_00E_1h.glif","\/yellowc.ufo\/glyphs\/F_L_00E_2h.glif":"\/yellowc.ufo\/glyphs\/F_L_00E_2h.glif","\/yellowc.ufo\/glyphs\/F_L_00E_3h.glif":"\/yellowc.ufo\/glyphs\/F_L_00E_3h.glif","\/yellowc.ufo\/glyphs\/F_L_00E_4h.glif":"\/yellowc.ufo\/glyphs\/F_L_00E_4h.glif","\/yellowc.ufo\/glyphs\/F_L_00E_5h.glif":"\/yellowc.ufo\/glyphs\/F_L_00E_5h.glif","\/yellowc.ufo\/glyphs\/F_L_00E_6h.glif":"\/yellowc.ufo\/glyphs\/F_L_00E_6h.glif","\/yellowc.ufo\/glyphs\/F_L_00E_7h.glif":"\/yellowc.ufo\/glyphs\/F_L_00E_7h.glif","\/yellowc.ufo\/glyphs\/F_L_00E_8h.glif":"\/yellowc.ufo\/glyphs\/F_L_00E_8h.glif","\/yellowc.ufo\/glyphs\/F_L_00E_9h.glif":"\/yellowc.ufo\/glyphs\/F_L_00E_9h.glif","\/yellowc.ufo\/glyphs\/F_L_00E_A_h.glif":"\/yellowc.ufo\/glyphs\/F_L_00E_A_h.glif","\/yellowc.ufo\/glyphs\/F_L_00E_B_h.glif":"\/yellowc.ufo\/glyphs\/F_L_00E_B_h.glif","\/yellowc.ufo\/glyphs\/F_L_00E_C_h.glif":"\/yellowc.ufo\/glyphs\/F_L_00E_C_h.glif","\/yellowc.ufo\/glyphs\/F_L_00E_D_h.glif":"\/yellowc.ufo\/glyphs\/F_L_00E_D_h.glif","\/yellowc.ufo\/glyphs\/F_L_00E_E_h.glif":"\/yellowc.ufo\/glyphs\/F_L_00E_E_h.glif","\/yellowc.ufo\/glyphs\/F_L_00E_F_h.glif":"\/yellowc.ufo\/glyphs\/F_L_00E_F_h.glif","\/yellowc.ufo\/glyphs\/F_L_00F_0h.glif":"\/yellowc.ufo\/glyphs\/F_L_00F_0h.glif","\/yellowc.ufo\/glyphs\/F_L_00F_1h.glif":"\/yellowc.ufo\/glyphs\/F_L_00F_1h.glif","\/yellowc.ufo\/glyphs\/F_L_00F_2h.glif":"\/yellowc.ufo\/glyphs\/F_L_00F_2h.glif","\/yellowc.ufo\/glyphs\/F_L_00F_3h.glif":"\/yellowc.ufo\/glyphs\/F_L_00F_3h.glif","\/yellowc.ufo\/glyphs\/F_L_00F_4h.glif":"\/yellowc.ufo\/glyphs\/F_L_00F_4h.glif","\/yellowc.ufo\/glyphs\/F_L_00F_5h.glif":"\/yellowc.ufo\/glyphs\/F_L_00F_5h.glif","\/yellowc.ufo\/glyphs\/F_L_00F_6h.glif":"\/yellowc.ufo\/glyphs\/F_L_00F_6h.glif","\/yellowc.ufo\/glyphs\/F_L_00F_8h.glif":"\/yellowc.ufo\/glyphs\/F_L_00F_8h.glif","\/yellowc.ufo\/glyphs\/F_L_00F_9h.glif":"\/yellowc.ufo\/glyphs\/F_L_00F_9h.glif","\/yellowc.ufo\/glyphs\/F_L_00F_A_h.glif":"\/yellowc.ufo\/glyphs\/F_L_00F_A_h.glif","\/yellowc.ufo\/glyphs\/F_L_00F_B_h.glif":"\/yellowc.ufo\/glyphs\/F_L_00F_B_h.glif","\/yellowc.ufo\/glyphs\/F_L_00F_C_h.glif":"\/yellowc.ufo\/glyphs\/F_L_00F_C_h.glif","\/yellowc.ufo\/glyphs\/F_L_00F_D_h.glif":"\/yellowc.ufo\/glyphs\/F_L_00F_D_h.glif","\/yellowc.ufo\/glyphs\/F_L_00F_E_h.glif":"\/yellowc.ufo\/glyphs\/F_L_00F_E_h.glif","\/yellowc.ufo\/glyphs\/F_L_00F_F_h.glif":"\/yellowc.ufo\/glyphs\/F_L_00F_F_h.glif","\/yellowc.ufo\/glyphs\/F_L_0152h.glif":"\/yellowc.ufo\/glyphs\/F_L_0152h.glif","\/yellowc.ufo\/glyphs\/F_L_0153h.glif":"\/yellowc.ufo\/glyphs\/F_L_0153h.glif","\/yellowc.ufo\/glyphs\/F_L_0160h.glif":"\/yellowc.ufo\/glyphs\/F_L_0160h.glif","\/yellowc.ufo\/glyphs\/F_L_0161h.glif":"\/yellowc.ufo\/glyphs\/F_L_0161h.glif","\/yellowc.ufo\/glyphs\/F_L_0178h.glif":"\/yellowc.ufo\/glyphs\/F_L_0178h.glif","\/yellowc.ufo\/glyphs\/F_L_017D_h.glif":"\/yellowc.ufo\/glyphs\/F_L_017D_h.glif","\/yellowc.ufo\/glyphs\/F_L_017E_h.glif":"\/yellowc.ufo\/glyphs\/F_L_017E_h.glif","\/yellowc.ufo\/glyphs\/F_L_0192h.glif":"\/yellowc.ufo\/glyphs\/F_L_0192h.glif","\/yellowc.ufo\/glyphs\/F_L_0283h.glif":"\/yellowc.ufo\/glyphs\/F_L_0283h.glif","\/yellowc.ufo\/glyphs\/F_L_02C_6h.glif":"\/yellowc.ufo\/glyphs\/F_L_02C_6h.glif","\/yellowc.ufo\/glyphs\/F_L_02D_C_h.glif":"\/yellowc.ufo\/glyphs\/F_L_02D_C_h.glif","\/yellowc.ufo\/glyphs\/F_L_2013h.glif":"\/yellowc.ufo\/glyphs\/F_L_2013h.glif","\/yellowc.ufo\/glyphs\/F_L_2014h.glif":"\/yellowc.ufo\/glyphs\/F_L_2014h.glif","\/yellowc.ufo\/glyphs\/F_L_2018h.glif":"\/yellowc.ufo\/glyphs\/F_L_2018h.glif","\/yellowc.ufo\/glyphs\/F_L_2019h.glif":"\/yellowc.ufo\/glyphs\/F_L_2019h.glif","\/yellowc.ufo\/glyphs\/F_L_201A_h.glif":"\/yellowc.ufo\/glyphs\/F_L_201A_h.glif","\/yellowc.ufo\/glyphs\/F_L_201C_h.glif":"\/yellowc.ufo\/glyphs\/F_L_201C_h.glif","\/yellowc.ufo\/glyphs\/F_L_201D_h.glif":"\/yellowc.ufo\/glyphs\/F_L_201D_h.glif","\/yellowc.ufo\/glyphs\/F_L_201E_h.glif":"\/yellowc.ufo\/glyphs\/F_L_201E_h.glif","\/yellowc.ufo\/glyphs\/F_L_2020h.glif":"\/yellowc.ufo\/glyphs\/F_L_2020h.glif","\/yellowc.ufo\/glyphs\/F_L_2021h.glif":"\/yellowc.ufo\/glyphs\/F_L_2021h.glif","\/yellowc.ufo\/glyphs\/F_L_2022h.glif":"\/yellowc.ufo\/glyphs\/F_L_2022h.glif","\/yellowc.ufo\/glyphs\/F_L_2026h.glif":"\/yellowc.ufo\/glyphs\/F_L_2026h.glif","\/yellowc.ufo\/glyphs\/F_L_2030h.glif":"\/yellowc.ufo\/glyphs\/F_L_2030h.glif","\/yellowc.ufo\/glyphs\/F_L_2039h.glif":"\/yellowc.ufo\/glyphs\/F_L_2039h.glif","\/yellowc.ufo\/glyphs\/F_L_203A_h.glif":"\/yellowc.ufo\/glyphs\/F_L_203A_h.glif","\/yellowc.ufo\/glyphs\/F_L_20A_C_h.glif":"\/yellowc.ufo\/glyphs\/F_L_20A_C_h.glif","\/yellowc.ufo\/glyphs\/F_L_2122h.glif":"\/yellowc.ufo\/glyphs\/F_L_2122h.glif","\/yellowc.ufo\/glyphs\/G_.glif":"\/yellowc.ufo\/glyphs\/G_.glif","\/yellowc.ufo\/glyphs\/H_.glif":"\/yellowc.ufo\/glyphs\/H_.glif","\/yellowc.ufo\/glyphs\/I_.glif":"\/yellowc.ufo\/glyphs\/I_.glif","\/yellowc.ufo\/glyphs\/J_.glif":"\/yellowc.ufo\/glyphs\/J_.glif","\/yellowc.ufo\/glyphs\/K_.glif":"\/yellowc.ufo\/glyphs\/K_.glif","\/yellowc.ufo\/glyphs\/L_.glif":"\/yellowc.ufo\/glyphs\/L_.glif","\/yellowc.ufo\/glyphs\/M_.glif":"\/yellowc.ufo\/glyphs\/M_.glif","\/yellowc.ufo\/glyphs\/N_.glif":"\/yellowc.ufo\/glyphs\/N_.glif","\/yellowc.ufo\/glyphs\/O_.glif":"\/yellowc.ufo\/glyphs\/O_.glif","\/yellowc.ufo\/glyphs\/P_.glif":"\/yellowc.ufo\/glyphs\/P_.glif","\/yellowc.ufo\/glyphs\/Q_.glif":"\/yellowc.ufo\/glyphs\/Q_.glif","\/yellowc.ufo\/glyphs\/R_.glif":"\/yellowc.ufo\/glyphs\/R_.glif","\/yellowc.ufo\/glyphs\/S_.glif":"\/yellowc.ufo\/glyphs\/S_.glif","\/yellowc.ufo\/glyphs\/T_.glif":"\/yellowc.ufo\/glyphs\/T_.glif","\/yellowc.ufo\/glyphs\/U_.glif":"\/yellowc.ufo\/glyphs\/U_.glif","\/yellowc.ufo\/glyphs\/V_.glif":"\/yellowc.ufo\/glyphs\/V_.glif","\/yellowc.ufo\/glyphs\/W_.glif":"\/yellowc.ufo\/glyphs\/W_.glif","\/yellowc.ufo\/glyphs\/X_.glif":"\/yellowc.ufo\/glyphs\/X_.glif","\/yellowc.ufo\/glyphs\/Y_.glif":"\/yellowc.ufo\/glyphs\/Y_.glif","\/yellowc.ufo\/glyphs\/Z_.glif":"\/yellowc.ufo\/glyphs\/Z_.glif","\/yellowc.ufo\/glyphs\/_null.glif":"\/yellowc.ufo\/glyphs\/_null.glif","\/yellowc.ufo\/glyphs\/a.glif":"\/yellowc.ufo\/glyphs\/a.glif","\/yellowc.ufo\/glyphs\/asciicircum.glif":"\/yellowc.ufo\/glyphs\/asciicircum.glif","\/yellowc.ufo\/glyphs\/at.glif":"\/yellowc.ufo\/glyphs\/at.glif","\/yellowc.ufo\/glyphs\/b.glif":"\/yellowc.ufo\/glyphs\/b.glif","\/yellowc.ufo\/glyphs\/backslash.glif":"\/yellowc.ufo\/glyphs\/backslash.glif","\/yellowc.ufo\/glyphs\/bar.glif":"\/yellowc.ufo\/glyphs\/bar.glif","\/yellowc.ufo\/glyphs\/c.glif":"\/yellowc.ufo\/glyphs\/c.glif","\/yellowc.ufo\/glyphs\/colon.glif":"\/yellowc.ufo\/glyphs\/colon.glif","\/yellowc.ufo\/glyphs\/comma.glif":"\/yellowc.ufo\/glyphs\/comma.glif","\/yellowc.ufo\/glyphs\/contents.plist":"\/yellowc.ufo\/glyphs\/contents.plist","\/yellowc.ufo\/glyphs\/d.glif":"\/yellowc.ufo\/glyphs\/d.glif","\/yellowc.ufo\/glyphs\/dollar.glif":"\/yellowc.ufo\/glyphs\/dollar.glif","\/yellowc.ufo\/glyphs\/e.glif":"\/yellowc.ufo\/glyphs\/e.glif","\/yellowc.ufo\/glyphs\/eight.glif":"\/yellowc.ufo\/glyphs\/eight.glif","\/yellowc.ufo\/glyphs\/equal.glif":"\/yellowc.ufo\/glyphs\/equal.glif","\/yellowc.ufo\/glyphs\/f.glif":"\/yellowc.ufo\/glyphs\/f.glif","\/yellowc.ufo\/glyphs\/five.glif":"\/yellowc.ufo\/glyphs\/five.glif","\/yellowc.ufo\/glyphs\/four.glif":"\/yellowc.ufo\/glyphs\/four.glif","\/yellowc.ufo\/glyphs\/g.glif":"\/yellowc.ufo\/glyphs\/g.glif","\/yellowc.ufo\/glyphs\/grave.glif":"\/yellowc.ufo\/glyphs\/grave.glif","\/yellowc.ufo\/glyphs\/greater.glif":"\/yellowc.ufo\/glyphs\/greater.glif","\/yellowc.ufo\/glyphs\/h.glif":"\/yellowc.ufo\/glyphs\/h.glif","\/yellowc.ufo\/glyphs\/i.glif":"\/yellowc.ufo\/glyphs\/i.glif","\/yellowc.ufo\/glyphs\/j.glif":"\/yellowc.ufo\/glyphs\/j.glif","\/yellowc.ufo\/glyphs\/k.glif":"\/yellowc.ufo\/glyphs\/k.glif","\/yellowc.ufo\/glyphs\/l.glif":"\/yellowc.ufo\/glyphs\/l.glif","\/yellowc.ufo\/glyphs\/less.glif":"\/yellowc.ufo\/glyphs\/less.glif","\/yellowc.ufo\/glyphs\/m.glif":"\/yellowc.ufo\/glyphs\/m.glif","\/yellowc.ufo\/glyphs\/minus.glif":"\/yellowc.ufo\/glyphs\/minus.glif","\/yellowc.ufo\/glyphs\/n.glif":"\/yellowc.ufo\/glyphs\/n.glif","\/yellowc.ufo\/glyphs\/nonmarkingreturn.glif":"\/yellowc.ufo\/glyphs\/nonmarkingreturn.glif","\/yellowc.ufo\/glyphs\/o.glif":"\/yellowc.ufo\/glyphs\/o.glif","\/yellowc.ufo\/glyphs\/one.glif":"\/yellowc.ufo\/glyphs\/one.glif","\/yellowc.ufo\/glyphs\/p.glif":"\/yellowc.ufo\/glyphs\/p.glif","\/yellowc.ufo\/glyphs\/parenleft.glif":"\/yellowc.ufo\/glyphs\/parenleft.glif","\/yellowc.ufo\/glyphs\/parenright.glif":"\/yellowc.ufo\/glyphs\/parenright.glif","\/yellowc.ufo\/glyphs\/period.glif":"\/yellowc.ufo\/glyphs\/period.glif","\/yellowc.ufo\/glyphs\/plus.glif":"\/yellowc.ufo\/glyphs\/plus.glif","\/yellowc.ufo\/glyphs\/q.glif":"\/yellowc.ufo\/glyphs\/q.glif","\/yellowc.ufo\/glyphs\/question.glif":"\/yellowc.ufo\/glyphs\/question.glif","\/yellowc.ufo\/glyphs\/quotedbl.glif":"\/yellowc.ufo\/glyphs\/quotedbl.glif","\/yellowc.ufo\/glyphs\/quotesingle.glif":"\/yellowc.ufo\/glyphs\/quotesingle.glif","\/yellowc.ufo\/glyphs\/r.glif":"\/yellowc.ufo\/glyphs\/r.glif","\/yellowc.ufo\/glyphs\/s.glif":"\/yellowc.ufo\/glyphs\/s.glif","\/yellowc.ufo\/glyphs\/semicolon.glif":"\/yellowc.ufo\/glyphs\/semicolon.glif","\/yellowc.ufo\/glyphs\/seven.glif":"\/yellowc.ufo\/glyphs\/seven.glif","\/yellowc.ufo\/glyphs\/slash.glif":"\/yellowc.ufo\/glyphs\/slash.glif","\/yellowc.ufo\/glyphs\/space.glif":"\/yellowc.ufo\/glyphs\/space.glif","\/yellowc.ufo\/glyphs\/t.glif":"\/yellowc.ufo\/glyphs\/t.glif","\/yellowc.ufo\/glyphs\/three.glif":"\/yellowc.ufo\/glyphs\/three.glif","\/yellowc.ufo\/glyphs\/u.glif":"\/yellowc.ufo\/glyphs\/u.glif","\/yellowc.ufo\/glyphs\/underscore.glif":"\/yellowc.ufo\/glyphs\/underscore.glif","\/yellowc.ufo\/glyphs\/v.glif":"\/yellowc.ufo\/glyphs\/v.glif","\/yellowc.ufo\/glyphs\/w.glif":"\/yellowc.ufo\/glyphs\/w.glif","\/yellowc.ufo\/glyphs\/x.glif":"\/yellowc.ufo\/glyphs\/x.glif","\/yellowc.ufo\/glyphs\/y.glif":"\/yellowc.ufo\/glyphs\/y.glif","\/yellowc.ufo\/glyphs\/z.glif":"\/yellowc.ufo\/glyphs\/z.glif","\/yellowc.ufo\/glyphs\/zero.glif":"\/yellowc.ufo\/glyphs\/zero.glif"},"Font":{"uploaded":1477957442.8015,"licence":"gpl3","company":"Chronolabs Cooperative","title":"Yellowjacket Condensed","version":3.002,"date":"Fri Oct 28 05:41:12 2016","creator":"root","type":"1","matrix":"0.001 0 0 0.001 0 0","named":"YellowjacketCondensed","painttype":"0","info":"10 dict dup","name":"Yellowjacket Condensed","family":"Yellowjacket Condensed","weight":"Book","fstype":"0","italicangle":"0","underlineposition":"","underlinethickness":""},"Licences":{"":false},"Table":{"FFTM":{"entryLength":16,"tag":"FFTM","checksum":1957641792,"offset":83788,"length":28},"GDEF":{"entryLength":16,"tag":"GDEF","checksum":17432580,"offset":83756,"length":32},"OS\/2":{"entryLength":16,"tag":"OS\/2","checksum":1458471427,"offset":344,"length":86},"cmap":{"entryLength":16,"tag":"cmap","checksum":692438247,"offset":1316,"length":434},"gasp":{"entryLength":16,"tag":"gasp","checksum":4294901763,"offset":83748,"length":8},"glyf":{"entryLength":16,"tag":"glyf","checksum":1538314275,"offset":2196,"length":79332},"head":{"entryLength":16,"tag":"head","checksum":173875093,"offset":220,"length":54},"hhea":{"entryLength":16,"tag":"hhea","checksum":120652340,"offset":276,"length":36},"hmtx":{"entryLength":16,"tag":"hmtx","checksum":1358562326,"offset":432,"length":884},"loca":{"entryLength":16,"tag":"loca","checksum":1798224416,"offset":1752,"length":444},"maxp":{"entryLength":16,"tag":"maxp","checksum":19267883,"offset":312,"length":32},"name":{"entryLength":16,"tag":"name","checksum":2886381870,"offset":81528,"length":654},"post":{"entryLength":16,"tag":"post","checksum":3949845345,"offset":82184,"length":1564}},"UnicodeCharMap":{"0":1,"13":2,"32":3,"34":5,"36":7,"39":10,"40":11,"41":12,"43":14,"44":15,"46":17,"47":18,"48":19,"49":20,"51":22,"52":23,"53":24,"55":26,"56":27,"58":29,"59":30,"60":31,"61":32,"62":33,"63":34,"64":35,"65":36,"66":37,"67":38,"68":39,"69":40,"70":41,"71":42,"72":43,"73":44,"74":45,"75":46,"76":47,"77":48,"78":49,"79":50,"80":51,"81":52,"82":53,"83":54,"84":55,"85":56,"86":57,"87":58,"88":59,"89":60,"90":61,"92":63,"94":65,"95":66,"96":67,"97":68,"98":69,"99":70,"100":71,"101":72,"102":73,"103":74,"104":75,"105":76,"106":77,"107":78,"108":79,"109":80,"110":81,"111":82,"112":83,"113":84,"114":85,"115":86,"116":87,"117":88,"118":89,"119":90,"120":91,"121":92,"122":93,"124":95,"8722":16},"Reserves":{"fontname":"Yellowjacket Condensed"},"Names":{"Yellowjacket Condensed":{"name":"Yellowjacket Condensed","longitude":"0.00000001","latitude":"0.00000001","country":"","region":"","city":""}},"Nodes":{"ye":{"type":"typal","node":"ye","usage":1,"weight":1},"et":{"type":"typal","node":"et","usage":1,"weight":1},"co":{"type":"typal","node":"co","usage":1,"weight":1},"ed":{"type":"typal","node":"ed","usage":1,"weight":1},"yel":{"type":"typal","node":"yel","usage":1,"weight":1},"ket":{"type":"typal","node":"ket","usage":1,"weight":1},"con":{"type":"typal","node":"con","usage":1,"weight":1},"sed":{"type":"typal","node":"sed","usage":1,"weight":1},"yell":{"type":"keys","node":"yell","usage":1,"weight":1},"cket":{"type":"keys","node":"cket","usage":1,"weight":1},"cond":{"type":"keys","node":"cond","usage":1,"weight":1},"nsed":{"type":"keys","node":"nsed","usage":1,"weight":1},"yello":{"type":"keys","node":"yello","usage":1,"weight":1},"acket":{"type":"keys","node":"acket","usage":1,"weight":1},"conde":{"type":"keys","node":"conde","usage":1,"weight":1},"ensed":{"type":"keys","node":"ensed","usage":1,"weight":1},"yellowjacket":{"type":"fixes","node":"yellowjacket","usage":1,"weight":1},"condensed":{"type":"fixes","node":"condensed","usage":1,"weight":1}},"Contributors":[],"FontIdentity":"zinc1:1729635704c8f31d183189f021","Bytes":null,"Networking":[],"barcode":"12wiasemsasye","referee":"oauum"}