{"CSS":{"Knotwork":"Knotwork.css"},"FontType":"TrueType","FontCopyright":"Knotworka v1.0 - Copyright 1997, David F. Nalle               Scriptorium Font Library","FontName":"Knotwork","FontSubfamily":"Medium","FontSubfamilyID":"FontForge 2.0 : Knotwork : 15-8-2016","FontFullName":"Knotwork","FontVersion":"Version 001.000 ","FontWeight":null,"FontPostscriptName":"Knotwork","Files":{"\/fonts\/Unpacking\/c72ca4e167b0535c4398aac5ae725afc7d1060e2\/LICENCE":"\/fonts\/Unpacking\/c72ca4e167b0535c4398aac5ae725afc7d1060e2\/LICENCE","\/fonts\/Unpacking\/c72ca4e167b0535c4398aac5ae725afc7d1060e2\/knotwork.afm":"\/fonts\/Unpacking\/c72ca4e167b0535c4398aac5ae725afc7d1060e2\/knotwork.afm","\/fonts\/Unpacking\/c72ca4e167b0535c4398aac5ae725afc7d1060e2\/knotwork.bin":"\/fonts\/Unpacking\/c72ca4e167b0535c4398aac5ae725afc7d1060e2\/knotwork.bin","\/fonts\/Unpacking\/c72ca4e167b0535c4398aac5ae725afc7d1060e2\/knotwork.cef":"\/fonts\/Unpacking\/c72ca4e167b0535c4398aac5ae725afc7d1060e2\/knotwork.cef","\/fonts\/Unpacking\/c72ca4e167b0535c4398aac5ae725afc7d1060e2\/knotwork.cff":"\/fonts\/Unpacking\/c72ca4e167b0535c4398aac5ae725afc7d1060e2\/knotwork.cff","\/fonts\/Unpacking\/c72ca4e167b0535c4398aac5ae725afc7d1060e2\/knotwork.cid":"\/fonts\/Unpacking\/c72ca4e167b0535c4398aac5ae725afc7d1060e2\/knotwork.cid","\/fonts\/Unpacking\/c72ca4e167b0535c4398aac5ae725afc7d1060e2\/knotwork.dfont":"\/fonts\/Unpacking\/c72ca4e167b0535c4398aac5ae725afc7d1060e2\/knotwork.dfont","\/fonts\/Unpacking\/c72ca4e167b0535c4398aac5ae725afc7d1060e2\/knotwork.eot":"\/fonts\/Unpacking\/c72ca4e167b0535c4398aac5ae725afc7d1060e2\/knotwork.eot","\/fonts\/Unpacking\/c72ca4e167b0535c4398aac5ae725afc7d1060e2\/knotwork.fon":"\/fonts\/Unpacking\/c72ca4e167b0535c4398aac5ae725afc7d1060e2\/knotwork.fon","\/fonts\/Unpacking\/c72ca4e167b0535c4398aac5ae725afc7d1060e2\/knotwork.gai":"\/fonts\/Unpacking\/c72ca4e167b0535c4398aac5ae725afc7d1060e2\/knotwork.gai","\/fonts\/Unpacking\/c72ca4e167b0535c4398aac5ae725afc7d1060e2\/knotwork.gsf":"\/fonts\/Unpacking\/c72ca4e167b0535c4398aac5ae725afc7d1060e2\/knotwork.gsf","\/fonts\/Unpacking\/c72ca4e167b0535c4398aac5ae725afc7d1060e2\/knotwork.hqx":"\/fonts\/Unpacking\/c72ca4e167b0535c4398aac5ae725afc7d1060e2\/knotwork.hqx","\/fonts\/Unpacking\/c72ca4e167b0535c4398aac5ae725afc7d1060e2\/knotwork.ik":"\/fonts\/Unpacking\/c72ca4e167b0535c4398aac5ae725afc7d1060e2\/knotwork.ik","\/fonts\/Unpacking\/c72ca4e167b0535c4398aac5ae725afc7d1060e2\/knotwork.mf":"\/fonts\/Unpacking\/c72ca4e167b0535c4398aac5ae725afc7d1060e2\/knotwork.mf","\/fonts\/Unpacking\/c72ca4e167b0535c4398aac5ae725afc7d1060e2\/knotwork.otf":"\/fonts\/Unpacking\/c72ca4e167b0535c4398aac5ae725afc7d1060e2\/knotwork.otf","\/fonts\/Unpacking\/c72ca4e167b0535c4398aac5ae725afc7d1060e2\/knotwork.pcf":"\/fonts\/Unpacking\/c72ca4e167b0535c4398aac5ae725afc7d1060e2\/knotwork.pcf","\/fonts\/Unpacking\/c72ca4e167b0535c4398aac5ae725afc7d1060e2\/knotwork.pf3":"\/fonts\/Unpacking\/c72ca4e167b0535c4398aac5ae725afc7d1060e2\/knotwork.pf3","\/fonts\/Unpacking\/c72ca4e167b0535c4398aac5ae725afc7d1060e2\/knotwork.pfa":"\/fonts\/Unpacking\/c72ca4e167b0535c4398aac5ae725afc7d1060e2\/knotwork.pfa","\/fonts\/Unpacking\/c72ca4e167b0535c4398aac5ae725afc7d1060e2\/knotwork.pfb":"\/fonts\/Unpacking\/c72ca4e167b0535c4398aac5ae725afc7d1060e2\/knotwork.pfb","\/fonts\/Unpacking\/c72ca4e167b0535c4398aac5ae725afc7d1060e2\/knotwork.php":"\/fonts\/Unpacking\/c72ca4e167b0535c4398aac5ae725afc7d1060e2\/knotwork.php","\/fonts\/Unpacking\/c72ca4e167b0535c4398aac5ae725afc7d1060e2\/knotwork.pmf":"\/fonts\/Unpacking\/c72ca4e167b0535c4398aac5ae725afc7d1060e2\/knotwork.pmf","\/fonts\/Unpacking\/c72ca4e167b0535c4398aac5ae725afc7d1060e2\/knotwork.pt3":"\/fonts\/Unpacking\/c72ca4e167b0535c4398aac5ae725afc7d1060e2\/knotwork.pt3","\/fonts\/Unpacking\/c72ca4e167b0535c4398aac5ae725afc7d1060e2\/knotwork.sfd":"\/fonts\/Unpacking\/c72ca4e167b0535c4398aac5ae725afc7d1060e2\/knotwork.sfd","\/fonts\/Unpacking\/c72ca4e167b0535c4398aac5ae725afc7d1060e2\/knotwork.svg":"\/fonts\/Unpacking\/c72ca4e167b0535c4398aac5ae725afc7d1060e2\/knotwork.svg","\/fonts\/Unpacking\/c72ca4e167b0535c4398aac5ae725afc7d1060e2\/knotwork.t42":"\/fonts\/Unpacking\/c72ca4e167b0535c4398aac5ae725afc7d1060e2\/knotwork.t42","\/fonts\/Unpacking\/c72ca4e167b0535c4398aac5ae725afc7d1060e2\/knotwork.ttd":"\/fonts\/Unpacking\/c72ca4e167b0535c4398aac5ae725afc7d1060e2\/knotwork.ttd","\/fonts\/Unpacking\/c72ca4e167b0535c4398aac5ae725afc7d1060e2\/knotwork.ttf":"\/fonts\/Unpacking\/c72ca4e167b0535c4398aac5ae725afc7d1060e2\/knotwork.ttf","\/fonts\/Unpacking\/c72ca4e167b0535c4398aac5ae725afc7d1060e2\/knotwork.ttg":"\/fonts\/Unpacking\/c72ca4e167b0535c4398aac5ae725afc7d1060e2\/knotwork.ttg","\/fonts\/Unpacking\/c72ca4e167b0535c4398aac5ae725afc7d1060e2\/knotwork.ufm":"\/fonts\/Unpacking\/c72ca4e167b0535c4398aac5ae725afc7d1060e2\/knotwork.ufm","\/fonts\/Unpacking\/c72ca4e167b0535c4398aac5ae725afc7d1060e2\/knotwork.woff":"\/fonts\/Unpacking\/c72ca4e167b0535c4398aac5ae725afc7d1060e2\/knotwork.woff","\/fonts\/Unpacking\/c72ca4e167b0535c4398aac5ae725afc7d1060e2\/knotwork.z":"\/fonts\/Unpacking\/c72ca4e167b0535c4398aac5ae725afc7d1060e2\/knotwork.z","\/fonts\/Unpacking\/c72ca4e167b0535c4398aac5ae725afc7d1060e2\/knotwork.ufo\/feature.fea":"\/fonts\/Unpacking\/c72ca4e167b0535c4398aac5ae725afc7d1060e2\/knotwork.ufo\/feature.fea","\/fonts\/Unpacking\/c72ca4e167b0535c4398aac5ae725afc7d1060e2\/knotwork.ufo\/fontinfo.plist":"\/fonts\/Unpacking\/c72ca4e167b0535c4398aac5ae725afc7d1060e2\/knotwork.ufo\/fontinfo.plist","\/fonts\/Unpacking\/c72ca4e167b0535c4398aac5ae725afc7d1060e2\/knotwork.ufo\/groups.plist":"\/fonts\/Unpacking\/c72ca4e167b0535c4398aac5ae725afc7d1060e2\/knotwork.ufo\/groups.plist","\/fonts\/Unpacking\/c72ca4e167b0535c4398aac5ae725afc7d1060e2\/knotwork.ufo\/kerning.plist":"\/fonts\/Unpacking\/c72ca4e167b0535c4398aac5ae725afc7d1060e2\/knotwork.ufo\/kerning.plist","\/fonts\/Unpacking\/c72ca4e167b0535c4398aac5ae725afc7d1060e2\/knotwork.ufo\/metainfo.plist":"\/fonts\/Unpacking\/c72ca4e167b0535c4398aac5ae725afc7d1060e2\/knotwork.ufo\/metainfo.plist","\/fonts\/Unpacking\/c72ca4e167b0535c4398aac5ae725afc7d1060e2\/knotwork.ufo\/glyphs\/A_.glif":"\/fonts\/Unpacking\/c72ca4e167b0535c4398aac5ae725afc7d1060e2\/knotwork.ufo\/glyphs\/A_.glif","\/fonts\/Unpacking\/c72ca4e167b0535c4398aac5ae725afc7d1060e2\/knotwork.ufo\/glyphs\/B_.glif":"\/fonts\/Unpacking\/c72ca4e167b0535c4398aac5ae725afc7d1060e2\/knotwork.ufo\/glyphs\/B_.glif","\/fonts\/Unpacking\/c72ca4e167b0535c4398aac5ae725afc7d1060e2\/knotwork.ufo\/glyphs\/C_.glif":"\/fonts\/Unpacking\/c72ca4e167b0535c4398aac5ae725afc7d1060e2\/knotwork.ufo\/glyphs\/C_.glif","\/fonts\/Unpacking\/c72ca4e167b0535c4398aac5ae725afc7d1060e2\/knotwork.ufo\/glyphs\/C_R_.glif":"\/fonts\/Unpacking\/c72ca4e167b0535c4398aac5ae725afc7d1060e2\/knotwork.ufo\/glyphs\/C_R_.glif","\/fonts\/Unpacking\/c72ca4e167b0535c4398aac5ae725afc7d1060e2\/knotwork.ufo\/glyphs\/D_.glif":"\/fonts\/Unpacking\/c72ca4e167b0535c4398aac5ae725afc7d1060e2\/knotwork.ufo\/glyphs\/D_.glif","\/fonts\/Unpacking\/c72ca4e167b0535c4398aac5ae725afc7d1060e2\/knotwork.ufo\/glyphs\/E_.glif":"\/fonts\/Unpacking\/c72ca4e167b0535c4398aac5ae725afc7d1060e2\/knotwork.ufo\/glyphs\/E_.glif","\/fonts\/Unpacking\/c72ca4e167b0535c4398aac5ae725afc7d1060e2\/knotwork.ufo\/glyphs\/F_.glif":"\/fonts\/Unpacking\/c72ca4e167b0535c4398aac5ae725afc7d1060e2\/knotwork.ufo\/glyphs\/F_.glif","\/fonts\/Unpacking\/c72ca4e167b0535c4398aac5ae725afc7d1060e2\/knotwork.ufo\/glyphs\/G_.glif":"\/fonts\/Unpacking\/c72ca4e167b0535c4398aac5ae725afc7d1060e2\/knotwork.ufo\/glyphs\/G_.glif","\/fonts\/Unpacking\/c72ca4e167b0535c4398aac5ae725afc7d1060e2\/knotwork.ufo\/glyphs\/H_.glif":"\/fonts\/Unpacking\/c72ca4e167b0535c4398aac5ae725afc7d1060e2\/knotwork.ufo\/glyphs\/H_.glif","\/fonts\/Unpacking\/c72ca4e167b0535c4398aac5ae725afc7d1060e2\/knotwork.ufo\/glyphs\/H_T_.glif":"\/fonts\/Unpacking\/c72ca4e167b0535c4398aac5ae725afc7d1060e2\/knotwork.ufo\/glyphs\/H_T_.glif","\/fonts\/Unpacking\/c72ca4e167b0535c4398aac5ae725afc7d1060e2\/knotwork.ufo\/glyphs\/I_.glif":"\/fonts\/Unpacking\/c72ca4e167b0535c4398aac5ae725afc7d1060e2\/knotwork.ufo\/glyphs\/I_.glif","\/fonts\/Unpacking\/c72ca4e167b0535c4398aac5ae725afc7d1060e2\/knotwork.ufo\/glyphs\/J_.glif":"\/fonts\/Unpacking\/c72ca4e167b0535c4398aac5ae725afc7d1060e2\/knotwork.ufo\/glyphs\/J_.glif","\/fonts\/Unpacking\/c72ca4e167b0535c4398aac5ae725afc7d1060e2\/knotwork.ufo\/glyphs\/K_.glif":"\/fonts\/Unpacking\/c72ca4e167b0535c4398aac5ae725afc7d1060e2\/knotwork.ufo\/glyphs\/K_.glif","\/fonts\/Unpacking\/c72ca4e167b0535c4398aac5ae725afc7d1060e2\/knotwork.ufo\/glyphs\/L_.glif":"\/fonts\/Unpacking\/c72ca4e167b0535c4398aac5ae725afc7d1060e2\/knotwork.ufo\/glyphs\/L_.glif","\/fonts\/Unpacking\/c72ca4e167b0535c4398aac5ae725afc7d1060e2\/knotwork.ufo\/glyphs\/M_.glif":"\/fonts\/Unpacking\/c72ca4e167b0535c4398aac5ae725afc7d1060e2\/knotwork.ufo\/glyphs\/M_.glif","\/fonts\/Unpacking\/c72ca4e167b0535c4398aac5ae725afc7d1060e2\/knotwork.ufo\/glyphs\/N_.glif":"\/fonts\/Unpacking\/c72ca4e167b0535c4398aac5ae725afc7d1060e2\/knotwork.ufo\/glyphs\/N_.glif","\/fonts\/Unpacking\/c72ca4e167b0535c4398aac5ae725afc7d1060e2\/knotwork.ufo\/glyphs\/O_.glif":"\/fonts\/Unpacking\/c72ca4e167b0535c4398aac5ae725afc7d1060e2\/knotwork.ufo\/glyphs\/O_.glif","\/fonts\/Unpacking\/c72ca4e167b0535c4398aac5ae725afc7d1060e2\/knotwork.ufo\/glyphs\/P_.glif":"\/fonts\/Unpacking\/c72ca4e167b0535c4398aac5ae725afc7d1060e2\/knotwork.ufo\/glyphs\/P_.glif","\/fonts\/Unpacking\/c72ca4e167b0535c4398aac5ae725afc7d1060e2\/knotwork.ufo\/glyphs\/Q_.glif":"\/fonts\/Unpacking\/c72ca4e167b0535c4398aac5ae725afc7d1060e2\/knotwork.ufo\/glyphs\/Q_.glif","\/fonts\/Unpacking\/c72ca4e167b0535c4398aac5ae725afc7d1060e2\/knotwork.ufo\/glyphs\/R_.glif":"\/fonts\/Unpacking\/c72ca4e167b0535c4398aac5ae725afc7d1060e2\/knotwork.ufo\/glyphs\/R_.glif","\/fonts\/Unpacking\/c72ca4e167b0535c4398aac5ae725afc7d1060e2\/knotwork.ufo\/glyphs\/S_.glif":"\/fonts\/Unpacking\/c72ca4e167b0535c4398aac5ae725afc7d1060e2\/knotwork.ufo\/glyphs\/S_.glif","\/fonts\/Unpacking\/c72ca4e167b0535c4398aac5ae725afc7d1060e2\/knotwork.ufo\/glyphs\/T_.glif":"\/fonts\/Unpacking\/c72ca4e167b0535c4398aac5ae725afc7d1060e2\/knotwork.ufo\/glyphs\/T_.glif","\/fonts\/Unpacking\/c72ca4e167b0535c4398aac5ae725afc7d1060e2\/knotwork.ufo\/glyphs\/U_.glif":"\/fonts\/Unpacking\/c72ca4e167b0535c4398aac5ae725afc7d1060e2\/knotwork.ufo\/glyphs\/U_.glif","\/fonts\/Unpacking\/c72ca4e167b0535c4398aac5ae725afc7d1060e2\/knotwork.ufo\/glyphs\/V_.glif":"\/fonts\/Unpacking\/c72ca4e167b0535c4398aac5ae725afc7d1060e2\/knotwork.ufo\/glyphs\/V_.glif","\/fonts\/Unpacking\/c72ca4e167b0535c4398aac5ae725afc7d1060e2\/knotwork.ufo\/glyphs\/W_.glif":"\/fonts\/Unpacking\/c72ca4e167b0535c4398aac5ae725afc7d1060e2\/knotwork.ufo\/glyphs\/W_.glif","\/fonts\/Unpacking\/c72ca4e167b0535c4398aac5ae725afc7d1060e2\/knotwork.ufo\/glyphs\/X_.glif":"\/fonts\/Unpacking\/c72ca4e167b0535c4398aac5ae725afc7d1060e2\/knotwork.ufo\/glyphs\/X_.glif","\/fonts\/Unpacking\/c72ca4e167b0535c4398aac5ae725afc7d1060e2\/knotwork.ufo\/glyphs\/Y_.glif":"\/fonts\/Unpacking\/c72ca4e167b0535c4398aac5ae725afc7d1060e2\/knotwork.ufo\/glyphs\/Y_.glif","\/fonts\/Unpacking\/c72ca4e167b0535c4398aac5ae725afc7d1060e2\/knotwork.ufo\/glyphs\/Z_.glif":"\/fonts\/Unpacking\/c72ca4e167b0535c4398aac5ae725afc7d1060e2\/knotwork.ufo\/glyphs\/Z_.glif","\/fonts\/Unpacking\/c72ca4e167b0535c4398aac5ae725afc7d1060e2\/knotwork.ufo\/glyphs\/asciitilde.glif":"\/fonts\/Unpacking\/c72ca4e167b0535c4398aac5ae725afc7d1060e2\/knotwork.ufo\/glyphs\/asciitilde.glif","\/fonts\/Unpacking\/c72ca4e167b0535c4398aac5ae725afc7d1060e2\/knotwork.ufo\/glyphs\/backslash.glif":"\/fonts\/Unpacking\/c72ca4e167b0535c4398aac5ae725afc7d1060e2\/knotwork.ufo\/glyphs\/backslash.glif","\/fonts\/Unpacking\/c72ca4e167b0535c4398aac5ae725afc7d1060e2\/knotwork.ufo\/glyphs\/colon.glif":"\/fonts\/Unpacking\/c72ca4e167b0535c4398aac5ae725afc7d1060e2\/knotwork.ufo\/glyphs\/colon.glif","\/fonts\/Unpacking\/c72ca4e167b0535c4398aac5ae725afc7d1060e2\/knotwork.ufo\/glyphs\/comma.glif":"\/fonts\/Unpacking\/c72ca4e167b0535c4398aac5ae725afc7d1060e2\/knotwork.ufo\/glyphs\/comma.glif","\/fonts\/Unpacking\/c72ca4e167b0535c4398aac5ae725afc7d1060e2\/knotwork.ufo\/glyphs\/contents.plist":"\/fonts\/Unpacking\/c72ca4e167b0535c4398aac5ae725afc7d1060e2\/knotwork.ufo\/glyphs\/contents.plist","\/fonts\/Unpacking\/c72ca4e167b0535c4398aac5ae725afc7d1060e2\/knotwork.ufo\/glyphs\/exclam.glif":"\/fonts\/Unpacking\/c72ca4e167b0535c4398aac5ae725afc7d1060e2\/knotwork.ufo\/glyphs\/exclam.glif","\/fonts\/Unpacking\/c72ca4e167b0535c4398aac5ae725afc7d1060e2\/knotwork.ufo\/glyphs\/hyphen.glif":"\/fonts\/Unpacking\/c72ca4e167b0535c4398aac5ae725afc7d1060e2\/knotwork.ufo\/glyphs\/hyphen.glif","\/fonts\/Unpacking\/c72ca4e167b0535c4398aac5ae725afc7d1060e2\/knotwork.ufo\/glyphs\/nbspace.glif":"\/fonts\/Unpacking\/c72ca4e167b0535c4398aac5ae725afc7d1060e2\/knotwork.ufo\/glyphs\/nbspace.glif","\/fonts\/Unpacking\/c72ca4e167b0535c4398aac5ae725afc7d1060e2\/knotwork.ufo\/glyphs\/period.glif":"\/fonts\/Unpacking\/c72ca4e167b0535c4398aac5ae725afc7d1060e2\/knotwork.ufo\/glyphs\/period.glif","\/fonts\/Unpacking\/c72ca4e167b0535c4398aac5ae725afc7d1060e2\/knotwork.ufo\/glyphs\/question.glif":"\/fonts\/Unpacking\/c72ca4e167b0535c4398aac5ae725afc7d1060e2\/knotwork.ufo\/glyphs\/question.glif","\/fonts\/Unpacking\/c72ca4e167b0535c4398aac5ae725afc7d1060e2\/knotwork.ufo\/glyphs\/quotedbl.glif":"\/fonts\/Unpacking\/c72ca4e167b0535c4398aac5ae725afc7d1060e2\/knotwork.ufo\/glyphs\/quotedbl.glif","\/fonts\/Unpacking\/c72ca4e167b0535c4398aac5ae725afc7d1060e2\/knotwork.ufo\/glyphs\/quotesingle.glif":"\/fonts\/Unpacking\/c72ca4e167b0535c4398aac5ae725afc7d1060e2\/knotwork.ufo\/glyphs\/quotesingle.glif","\/fonts\/Unpacking\/c72ca4e167b0535c4398aac5ae725afc7d1060e2\/knotwork.ufo\/glyphs\/semicolon.glif":"\/fonts\/Unpacking\/c72ca4e167b0535c4398aac5ae725afc7d1060e2\/knotwork.ufo\/glyphs\/semicolon.glif","\/fonts\/Unpacking\/c72ca4e167b0535c4398aac5ae725afc7d1060e2\/knotwork.ufo\/glyphs\/slash.glif":"\/fonts\/Unpacking\/c72ca4e167b0535c4398aac5ae725afc7d1060e2\/knotwork.ufo\/glyphs\/slash.glif","\/fonts\/Unpacking\/c72ca4e167b0535c4398aac5ae725afc7d1060e2\/knotwork.ufo\/glyphs\/space.glif":"\/fonts\/Unpacking\/c72ca4e167b0535c4398aac5ae725afc7d1060e2\/knotwork.ufo\/glyphs\/space.glif"},"Font":null,"Licences":{"":false},"Table":{"FFTM":{"entryLength":16,"tag":"FFTM","checksum":1944345232,"offset":24360,"length":28},"GDEF":{"entryLength":16,"tag":"GDEF","checksum":5898246,"offset":24328,"length":32},"OS\/2":{"entryLength":16,"tag":"OS\/2","checksum":1497589227,"offset":344,"length":86},"cmap":{"entryLength":16,"tag":"cmap","checksum":3420321549,"offset":608,"length":828},"gasp":{"entryLength":16,"tag":"gasp","checksum":4294901763,"offset":24320,"length":8},"glyf":{"entryLength":16,"tag":"glyf","checksum":522667078,"offset":1528,"length":21952},"head":{"entryLength":16,"tag":"head","checksum":209491545,"offset":220,"length":54},"hhea":{"entryLength":16,"tag":"hhea","checksum":186647645,"offset":276,"length":36},"hmtx":{"entryLength":16,"tag":"hmtx","checksum":2205942796,"offset":432,"length":176},"loca":{"entryLength":16,"tag":"loca","checksum":3071658952,"offset":1436,"length":92},"maxp":{"entryLength":16,"tag":"maxp","checksum":8651494,"offset":312,"length":32},"name":{"entryLength":16,"tag":"name","checksum":3822459962,"offset":23480,"length":699},"post":{"entryLength":16,"tag":"post","checksum":253219118,"offset":24180,"length":138}},"UnicodeCharMap":{"32":3,"33":4,"34":5,"39":41,"44":6,"45":7,"46":8,"47":9,"58":10,"59":11,"63":12,"65":13,"66":14,"67":15,"68":16,"69":17,"70":18,"71":19,"72":20,"73":21,"74":22,"75":23,"76":24,"77":25,"78":26,"79":27,"80":28,"81":29,"82":30,"83":31,"84":32,"85":33,"86":34,"87":35,"88":36,"89":37,"90":38,"92":39,"126":40,"160":44},"Reserves":null,"Names":[],"Nodes":[],"Contributors":[],"FontIdentity":"035376dab3c10cdcbd850bb86f2e4e17","Bytes":2297938,"Networking":null,"barcode":null,"referee":null}