{"CSS":{"Mason":"zinc77:15c14ede5f45a6df9e29bbddf.css"},"FontType":"TrueType","FontCopyright":"Copyright (C) 1993 Emigre Graphics; Designed by Jonathan Barnbrook","FontName":"Mason","FontSubfamily":"Book","FontSubfamilyID":"FontForge 2.0 : Mason : 26-11-2016","FontFullName":"Mason","FontVersion":"Version 1.00 ","FontWeight":null,"FontPostscriptName":"Mason","Files":{"\/Mason.css":"\/Mason.css","\/font-resource.json":"\/font-resource.json","\/masonregular.afm":"\/masonregular.afm","\/masonregular.cef":"\/masonregular.cef","\/masonregular.cff":"\/masonregular.cff","\/masonregular.eot":"\/masonregular.eot","\/masonregular.gai":"\/masonregular.gai","\/masonregular.gsf":"\/masonregular.gsf","\/masonregular.otf":"\/masonregular.otf","\/masonregular.pf3":"\/masonregular.pf3","\/masonregular.pfa":"\/masonregular.pfa","\/masonregular.pfb":"\/masonregular.pfb","\/masonregular.php":"\/masonregular.php","\/masonregular.pt3":"\/masonregular.pt3","\/masonregular.sfd":"\/masonregular.sfd","\/masonregular.svg":"\/masonregular.svg","\/masonregular.t42":"\/masonregular.t42","\/masonregular.ttd":"\/masonregular.ttd","\/masonregular.ttf":"\/masonregular.ttf","\/masonregular.ttg":"\/masonregular.ttg","\/masonregular.ufm":"\/masonregular.ufm","\/masonregular.woff":"\/masonregular.woff","\/masonregular.z":"\/masonregular.z","\/masonregular.ufo\/feature.fea":"\/masonregular.ufo\/feature.fea","\/masonregular.ufo\/fontinfo.plist":"\/masonregular.ufo\/fontinfo.plist","\/masonregular.ufo\/groups.plist":"\/masonregular.ufo\/groups.plist","\/masonregular.ufo\/kerning.plist":"\/masonregular.ufo\/kerning.plist","\/masonregular.ufo\/metainfo.plist":"\/masonregular.ufo\/metainfo.plist","\/masonregular.ufo\/glyphs\/A_.glif":"\/masonregular.ufo\/glyphs\/A_.glif","\/masonregular.ufo\/glyphs\/A_E_.glif":"\/masonregular.ufo\/glyphs\/A_E_.glif","\/masonregular.ufo\/glyphs\/A_acute.glif":"\/masonregular.ufo\/glyphs\/A_acute.glif","\/masonregular.ufo\/glyphs\/A_circumflex.glif":"\/masonregular.ufo\/glyphs\/A_circumflex.glif","\/masonregular.ufo\/glyphs\/A_dieresis.glif":"\/masonregular.ufo\/glyphs\/A_dieresis.glif","\/masonregular.ufo\/glyphs\/A_grave.glif":"\/masonregular.ufo\/glyphs\/A_grave.glif","\/masonregular.ufo\/glyphs\/A_ring.glif":"\/masonregular.ufo\/glyphs\/A_ring.glif","\/masonregular.ufo\/glyphs\/A_tilde.glif":"\/masonregular.ufo\/glyphs\/A_tilde.glif","\/masonregular.ufo\/glyphs\/B_.glif":"\/masonregular.ufo\/glyphs\/B_.glif","\/masonregular.ufo\/glyphs\/C_.glif":"\/masonregular.ufo\/glyphs\/C_.glif","\/masonregular.ufo\/glyphs\/C_cedilla.glif":"\/masonregular.ufo\/glyphs\/C_cedilla.glif","\/masonregular.ufo\/glyphs\/D_.glif":"\/masonregular.ufo\/glyphs\/D_.glif","\/masonregular.ufo\/glyphs\/E_.glif":"\/masonregular.ufo\/glyphs\/E_.glif","\/masonregular.ufo\/glyphs\/E_acute.glif":"\/masonregular.ufo\/glyphs\/E_acute.glif","\/masonregular.ufo\/glyphs\/E_circumflex.glif":"\/masonregular.ufo\/glyphs\/E_circumflex.glif","\/masonregular.ufo\/glyphs\/E_dieresis.glif":"\/masonregular.ufo\/glyphs\/E_dieresis.glif","\/masonregular.ufo\/glyphs\/E_grave.glif":"\/masonregular.ufo\/glyphs\/E_grave.glif","\/masonregular.ufo\/glyphs\/E_th.glif":"\/masonregular.ufo\/glyphs\/E_th.glif","\/masonregular.ufo\/glyphs\/F_.glif":"\/masonregular.ufo\/glyphs\/F_.glif","\/masonregular.ufo\/glyphs\/G_.glif":"\/masonregular.ufo\/glyphs\/G_.glif","\/masonregular.ufo\/glyphs\/H_.glif":"\/masonregular.ufo\/glyphs\/H_.glif","\/masonregular.ufo\/glyphs\/I_.glif":"\/masonregular.ufo\/glyphs\/I_.glif","\/masonregular.ufo\/glyphs\/I_acute.glif":"\/masonregular.ufo\/glyphs\/I_acute.glif","\/masonregular.ufo\/glyphs\/I_circumflex.glif":"\/masonregular.ufo\/glyphs\/I_circumflex.glif","\/masonregular.ufo\/glyphs\/I_dieresis.glif":"\/masonregular.ufo\/glyphs\/I_dieresis.glif","\/masonregular.ufo\/glyphs\/I_grave.glif":"\/masonregular.ufo\/glyphs\/I_grave.glif","\/masonregular.ufo\/glyphs\/J_.glif":"\/masonregular.ufo\/glyphs\/J_.glif","\/masonregular.ufo\/glyphs\/K_.glif":"\/masonregular.ufo\/glyphs\/K_.glif","\/masonregular.ufo\/glyphs\/L_.glif":"\/masonregular.ufo\/glyphs\/L_.glif","\/masonregular.ufo\/glyphs\/M_.glif":"\/masonregular.ufo\/glyphs\/M_.glif","\/masonregular.ufo\/glyphs\/N_.glif":"\/masonregular.ufo\/glyphs\/N_.glif","\/masonregular.ufo\/glyphs\/N_tilde.glif":"\/masonregular.ufo\/glyphs\/N_tilde.glif","\/masonregular.ufo\/glyphs\/O_.glif":"\/masonregular.ufo\/glyphs\/O_.glif","\/masonregular.ufo\/glyphs\/O_E_.glif":"\/masonregular.ufo\/glyphs\/O_E_.glif","\/masonregular.ufo\/glyphs\/O_acute.glif":"\/masonregular.ufo\/glyphs\/O_acute.glif","\/masonregular.ufo\/glyphs\/O_circumflex.glif":"\/masonregular.ufo\/glyphs\/O_circumflex.glif","\/masonregular.ufo\/glyphs\/O_dieresis.glif":"\/masonregular.ufo\/glyphs\/O_dieresis.glif","\/masonregular.ufo\/glyphs\/O_grave.glif":"\/masonregular.ufo\/glyphs\/O_grave.glif","\/masonregular.ufo\/glyphs\/O_slash.glif":"\/masonregular.ufo\/glyphs\/O_slash.glif","\/masonregular.ufo\/glyphs\/O_tilde.glif":"\/masonregular.ufo\/glyphs\/O_tilde.glif","\/masonregular.ufo\/glyphs\/P_.glif":"\/masonregular.ufo\/glyphs\/P_.glif","\/masonregular.ufo\/glyphs\/Q_.glif":"\/masonregular.ufo\/glyphs\/Q_.glif","\/masonregular.ufo\/glyphs\/R_.glif":"\/masonregular.ufo\/glyphs\/R_.glif","\/masonregular.ufo\/glyphs\/S_.glif":"\/masonregular.ufo\/glyphs\/S_.glif","\/masonregular.ufo\/glyphs\/S_caron.glif":"\/masonregular.ufo\/glyphs\/S_caron.glif","\/masonregular.ufo\/glyphs\/T_.glif":"\/masonregular.ufo\/glyphs\/T_.glif","\/masonregular.ufo\/glyphs\/T_horn.glif":"\/masonregular.ufo\/glyphs\/T_horn.glif","\/masonregular.ufo\/glyphs\/U_.glif":"\/masonregular.ufo\/glyphs\/U_.glif","\/masonregular.ufo\/glyphs\/U_acute.glif":"\/masonregular.ufo\/glyphs\/U_acute.glif","\/masonregular.ufo\/glyphs\/U_circumflex.glif":"\/masonregular.ufo\/glyphs\/U_circumflex.glif","\/masonregular.ufo\/glyphs\/U_dieresis.glif":"\/masonregular.ufo\/glyphs\/U_dieresis.glif","\/masonregular.ufo\/glyphs\/U_grave.glif":"\/masonregular.ufo\/glyphs\/U_grave.glif","\/masonregular.ufo\/glyphs\/V_.glif":"\/masonregular.ufo\/glyphs\/V_.glif","\/masonregular.ufo\/glyphs\/W_.glif":"\/masonregular.ufo\/glyphs\/W_.glif","\/masonregular.ufo\/glyphs\/X_.glif":"\/masonregular.ufo\/glyphs\/X_.glif","\/masonregular.ufo\/glyphs\/Y_.glif":"\/masonregular.ufo\/glyphs\/Y_.glif","\/masonregular.ufo\/glyphs\/Y_acute.glif":"\/masonregular.ufo\/glyphs\/Y_acute.glif","\/masonregular.ufo\/glyphs\/Y_dieresis.glif":"\/masonregular.ufo\/glyphs\/Y_dieresis.glif","\/masonregular.ufo\/glyphs\/Z_.glif":"\/masonregular.ufo\/glyphs\/Z_.glif","\/masonregular.ufo\/glyphs\/_notdef.glif":"\/masonregular.ufo\/glyphs\/_notdef.glif","\/masonregular.ufo\/glyphs\/a.glif":"\/masonregular.ufo\/glyphs\/a.glif","\/masonregular.ufo\/glyphs\/aacute.glif":"\/masonregular.ufo\/glyphs\/aacute.glif","\/masonregular.ufo\/glyphs\/acircumflex.glif":"\/masonregular.ufo\/glyphs\/acircumflex.glif","\/masonregular.ufo\/glyphs\/acute.glif":"\/masonregular.ufo\/glyphs\/acute.glif","\/masonregular.ufo\/glyphs\/adieresis.glif":"\/masonregular.ufo\/glyphs\/adieresis.glif","\/masonregular.ufo\/glyphs\/ae.glif":"\/masonregular.ufo\/glyphs\/ae.glif","\/masonregular.ufo\/glyphs\/agrave.glif":"\/masonregular.ufo\/glyphs\/agrave.glif","\/masonregular.ufo\/glyphs\/ampersand.glif":"\/masonregular.ufo\/glyphs\/ampersand.glif","\/masonregular.ufo\/glyphs\/aring.glif":"\/masonregular.ufo\/glyphs\/aring.glif","\/masonregular.ufo\/glyphs\/asciicircum.glif":"\/masonregular.ufo\/glyphs\/asciicircum.glif","\/masonregular.ufo\/glyphs\/asciitilde.glif":"\/masonregular.ufo\/glyphs\/asciitilde.glif","\/masonregular.ufo\/glyphs\/asterisk.glif":"\/masonregular.ufo\/glyphs\/asterisk.glif","\/masonregular.ufo\/glyphs\/at.glif":"\/masonregular.ufo\/glyphs\/at.glif","\/masonregular.ufo\/glyphs\/atilde.glif":"\/masonregular.ufo\/glyphs\/atilde.glif","\/masonregular.ufo\/glyphs\/b.glif":"\/masonregular.ufo\/glyphs\/b.glif","\/masonregular.ufo\/glyphs\/backslash.glif":"\/masonregular.ufo\/glyphs\/backslash.glif","\/masonregular.ufo\/glyphs\/bar.glif":"\/masonregular.ufo\/glyphs\/bar.glif","\/masonregular.ufo\/glyphs\/braceleft.glif":"\/masonregular.ufo\/glyphs\/braceleft.glif","\/masonregular.ufo\/glyphs\/braceright.glif":"\/masonregular.ufo\/glyphs\/braceright.glif","\/masonregular.ufo\/glyphs\/bracketleft.glif":"\/masonregular.ufo\/glyphs\/bracketleft.glif","\/masonregular.ufo\/glyphs\/bracketright.glif":"\/masonregular.ufo\/glyphs\/bracketright.glif","\/masonregular.ufo\/glyphs\/brokenbar.glif":"\/masonregular.ufo\/glyphs\/brokenbar.glif","\/masonregular.ufo\/glyphs\/bullet.glif":"\/masonregular.ufo\/glyphs\/bullet.glif","\/masonregular.ufo\/glyphs\/c.glif":"\/masonregular.ufo\/glyphs\/c.glif","\/masonregular.ufo\/glyphs\/ccedilla.glif":"\/masonregular.ufo\/glyphs\/ccedilla.glif","\/masonregular.ufo\/glyphs\/cedilla.glif":"\/masonregular.ufo\/glyphs\/cedilla.glif","\/masonregular.ufo\/glyphs\/cent.glif":"\/masonregular.ufo\/glyphs\/cent.glif","\/masonregular.ufo\/glyphs\/circumflex.glif":"\/masonregular.ufo\/glyphs\/circumflex.glif","\/masonregular.ufo\/glyphs\/colon.glif":"\/masonregular.ufo\/glyphs\/colon.glif","\/masonregular.ufo\/glyphs\/comma.glif":"\/masonregular.ufo\/glyphs\/comma.glif","\/masonregular.ufo\/glyphs\/contents.plist":"\/masonregular.ufo\/glyphs\/contents.plist","\/masonregular.ufo\/glyphs\/copyright.glif":"\/masonregular.ufo\/glyphs\/copyright.glif","\/masonregular.ufo\/glyphs\/currency.glif":"\/masonregular.ufo\/glyphs\/currency.glif","\/masonregular.ufo\/glyphs\/d.glif":"\/masonregular.ufo\/glyphs\/d.glif","\/masonregular.ufo\/glyphs\/dagger.glif":"\/masonregular.ufo\/glyphs\/dagger.glif","\/masonregular.ufo\/glyphs\/daggerdbl.glif":"\/masonregular.ufo\/glyphs\/daggerdbl.glif","\/masonregular.ufo\/glyphs\/degree.glif":"\/masonregular.ufo\/glyphs\/degree.glif","\/masonregular.ufo\/glyphs\/dieresis.glif":"\/masonregular.ufo\/glyphs\/dieresis.glif","\/masonregular.ufo\/glyphs\/divide.glif":"\/masonregular.ufo\/glyphs\/divide.glif","\/masonregular.ufo\/glyphs\/dollar.glif":"\/masonregular.ufo\/glyphs\/dollar.glif","\/masonregular.ufo\/glyphs\/e.glif":"\/masonregular.ufo\/glyphs\/e.glif","\/masonregular.ufo\/glyphs\/eacute.glif":"\/masonregular.ufo\/glyphs\/eacute.glif","\/masonregular.ufo\/glyphs\/ecircumflex.glif":"\/masonregular.ufo\/glyphs\/ecircumflex.glif","\/masonregular.ufo\/glyphs\/edieresis.glif":"\/masonregular.ufo\/glyphs\/edieresis.glif","\/masonregular.ufo\/glyphs\/egrave.glif":"\/masonregular.ufo\/glyphs\/egrave.glif","\/masonregular.ufo\/glyphs\/eight.glif":"\/masonregular.ufo\/glyphs\/eight.glif","\/masonregular.ufo\/glyphs\/ellipsis.glif":"\/masonregular.ufo\/glyphs\/ellipsis.glif","\/masonregular.ufo\/glyphs\/emdash.glif":"\/masonregular.ufo\/glyphs\/emdash.glif","\/masonregular.ufo\/glyphs\/endash.glif":"\/masonregular.ufo\/glyphs\/endash.glif","\/masonregular.ufo\/glyphs\/equal.glif":"\/masonregular.ufo\/glyphs\/equal.glif","\/masonregular.ufo\/glyphs\/eth.glif":"\/masonregular.ufo\/glyphs\/eth.glif","\/masonregular.ufo\/glyphs\/exclam.glif":"\/masonregular.ufo\/glyphs\/exclam.glif","\/masonregular.ufo\/glyphs\/exclamdown.glif":"\/masonregular.ufo\/glyphs\/exclamdown.glif","\/masonregular.ufo\/glyphs\/f.glif":"\/masonregular.ufo\/glyphs\/f.glif","\/masonregular.ufo\/glyphs\/five.glif":"\/masonregular.ufo\/glyphs\/five.glif","\/masonregular.ufo\/glyphs\/florin.glif":"\/masonregular.ufo\/glyphs\/florin.glif","\/masonregular.ufo\/glyphs\/four.glif":"\/masonregular.ufo\/glyphs\/four.glif","\/masonregular.ufo\/glyphs\/g.glif":"\/masonregular.ufo\/glyphs\/g.glif","\/masonregular.ufo\/glyphs\/germandbls.glif":"\/masonregular.ufo\/glyphs\/germandbls.glif","\/masonregular.ufo\/glyphs\/grave.glif":"\/masonregular.ufo\/glyphs\/grave.glif","\/masonregular.ufo\/glyphs\/greater.glif":"\/masonregular.ufo\/glyphs\/greater.glif","\/masonregular.ufo\/glyphs\/guillemotleft.glif":"\/masonregular.ufo\/glyphs\/guillemotleft.glif","\/masonregular.ufo\/glyphs\/guillemotright.glif":"\/masonregular.ufo\/glyphs\/guillemotright.glif","\/masonregular.ufo\/glyphs\/guilsinglleft.glif":"\/masonregular.ufo\/glyphs\/guilsinglleft.glif","\/masonregular.ufo\/glyphs\/guilsinglright.glif":"\/masonregular.ufo\/glyphs\/guilsinglright.glif","\/masonregular.ufo\/glyphs\/h.glif":"\/masonregular.ufo\/glyphs\/h.glif","\/masonregular.ufo\/glyphs\/hyphen.glif":"\/masonregular.ufo\/glyphs\/hyphen.glif","\/masonregular.ufo\/glyphs\/i.glif":"\/masonregular.ufo\/glyphs\/i.glif","\/masonregular.ufo\/glyphs\/iacute.glif":"\/masonregular.ufo\/glyphs\/iacute.glif","\/masonregular.ufo\/glyphs\/icircumflex.glif":"\/masonregular.ufo\/glyphs\/icircumflex.glif","\/masonregular.ufo\/glyphs\/idieresis.glif":"\/masonregular.ufo\/glyphs\/idieresis.glif","\/masonregular.ufo\/glyphs\/igrave.glif":"\/masonregular.ufo\/glyphs\/igrave.glif","\/masonregular.ufo\/glyphs\/j.glif":"\/masonregular.ufo\/glyphs\/j.glif","\/masonregular.ufo\/glyphs\/k.glif":"\/masonregular.ufo\/glyphs\/k.glif","\/masonregular.ufo\/glyphs\/l.glif":"\/masonregular.ufo\/glyphs\/l.glif","\/masonregular.ufo\/glyphs\/less.glif":"\/masonregular.ufo\/glyphs\/less.glif","\/masonregular.ufo\/glyphs\/logicalnot.glif":"\/masonregular.ufo\/glyphs\/logicalnot.glif","\/masonregular.ufo\/glyphs\/m.glif":"\/masonregular.ufo\/glyphs\/m.glif","\/masonregular.ufo\/glyphs\/macron.glif":"\/masonregular.ufo\/glyphs\/macron.glif","\/masonregular.ufo\/glyphs\/minus.glif":"\/masonregular.ufo\/glyphs\/minus.glif","\/masonregular.ufo\/glyphs\/mu.glif":"\/masonregular.ufo\/glyphs\/mu.glif","\/masonregular.ufo\/glyphs\/multiply.glif":"\/masonregular.ufo\/glyphs\/multiply.glif","\/masonregular.ufo\/glyphs\/n.glif":"\/masonregular.ufo\/glyphs\/n.glif","\/masonregular.ufo\/glyphs\/nbspace.glif":"\/masonregular.ufo\/glyphs\/nbspace.glif","\/masonregular.ufo\/glyphs\/nine.glif":"\/masonregular.ufo\/glyphs\/nine.glif","\/masonregular.ufo\/glyphs\/ntilde.glif":"\/masonregular.ufo\/glyphs\/ntilde.glif","\/masonregular.ufo\/glyphs\/numbersign.glif":"\/masonregular.ufo\/glyphs\/numbersign.glif","\/masonregular.ufo\/glyphs\/o.glif":"\/masonregular.ufo\/glyphs\/o.glif","\/masonregular.ufo\/glyphs\/oacute.glif":"\/masonregular.ufo\/glyphs\/oacute.glif","\/masonregular.ufo\/glyphs\/ocircumflex.glif":"\/masonregular.ufo\/glyphs\/ocircumflex.glif","\/masonregular.ufo\/glyphs\/odieresis.glif":"\/masonregular.ufo\/glyphs\/odieresis.glif","\/masonregular.ufo\/glyphs\/oe.glif":"\/masonregular.ufo\/glyphs\/oe.glif","\/masonregular.ufo\/glyphs\/ograve.glif":"\/masonregular.ufo\/glyphs\/ograve.glif","\/masonregular.ufo\/glyphs\/one.glif":"\/masonregular.ufo\/glyphs\/one.glif","\/masonregular.ufo\/glyphs\/onehalf.glif":"\/masonregular.ufo\/glyphs\/onehalf.glif","\/masonregular.ufo\/glyphs\/onequarter.glif":"\/masonregular.ufo\/glyphs\/onequarter.glif","\/masonregular.ufo\/glyphs\/onesuperior.glif":"\/masonregular.ufo\/glyphs\/onesuperior.glif","\/masonregular.ufo\/glyphs\/ordfeminine.glif":"\/masonregular.ufo\/glyphs\/ordfeminine.glif","\/masonregular.ufo\/glyphs\/ordmasculine.glif":"\/masonregular.ufo\/glyphs\/ordmasculine.glif","\/masonregular.ufo\/glyphs\/oslash.glif":"\/masonregular.ufo\/glyphs\/oslash.glif","\/masonregular.ufo\/glyphs\/otilde.glif":"\/masonregular.ufo\/glyphs\/otilde.glif","\/masonregular.ufo\/glyphs\/p.glif":"\/masonregular.ufo\/glyphs\/p.glif","\/masonregular.ufo\/glyphs\/paragraph.glif":"\/masonregular.ufo\/glyphs\/paragraph.glif","\/masonregular.ufo\/glyphs\/parenleft.glif":"\/masonregular.ufo\/glyphs\/parenleft.glif","\/masonregular.ufo\/glyphs\/parenright.glif":"\/masonregular.ufo\/glyphs\/parenright.glif","\/masonregular.ufo\/glyphs\/percent.glif":"\/masonregular.ufo\/glyphs\/percent.glif","\/masonregular.ufo\/glyphs\/period.glif":"\/masonregular.ufo\/glyphs\/period.glif","\/masonregular.ufo\/glyphs\/periodcentered.glif":"\/masonregular.ufo\/glyphs\/periodcentered.glif","\/masonregular.ufo\/glyphs\/perthousand.glif":"\/masonregular.ufo\/glyphs\/perthousand.glif","\/masonregular.ufo\/glyphs\/plus.glif":"\/masonregular.ufo\/glyphs\/plus.glif","\/masonregular.ufo\/glyphs\/plusminus.glif":"\/masonregular.ufo\/glyphs\/plusminus.glif","\/masonregular.ufo\/glyphs\/q.glif":"\/masonregular.ufo\/glyphs\/q.glif","\/masonregular.ufo\/glyphs\/question.glif":"\/masonregular.ufo\/glyphs\/question.glif","\/masonregular.ufo\/glyphs\/questiondown.glif":"\/masonregular.ufo\/glyphs\/questiondown.glif","\/masonregular.ufo\/glyphs\/quotedbl.glif":"\/masonregular.ufo\/glyphs\/quotedbl.glif","\/masonregular.ufo\/glyphs\/quotedblbase.glif":"\/masonregular.ufo\/glyphs\/quotedblbase.glif","\/masonregular.ufo\/glyphs\/quotedblleft.glif":"\/masonregular.ufo\/glyphs\/quotedblleft.glif","\/masonregular.ufo\/glyphs\/quotedblright.glif":"\/masonregular.ufo\/glyphs\/quotedblright.glif","\/masonregular.ufo\/glyphs\/quoteleft.glif":"\/masonregular.ufo\/glyphs\/quoteleft.glif","\/masonregular.ufo\/glyphs\/quoteright.glif":"\/masonregular.ufo\/glyphs\/quoteright.glif","\/masonregular.ufo\/glyphs\/quotesinglbase.glif":"\/masonregular.ufo\/glyphs\/quotesinglbase.glif","\/masonregular.ufo\/glyphs\/quotesingle.glif":"\/masonregular.ufo\/glyphs\/quotesingle.glif","\/masonregular.ufo\/glyphs\/r.glif":"\/masonregular.ufo\/glyphs\/r.glif","\/masonregular.ufo\/glyphs\/registered.glif":"\/masonregular.ufo\/glyphs\/registered.glif","\/masonregular.ufo\/glyphs\/s.glif":"\/masonregular.ufo\/glyphs\/s.glif","\/masonregular.ufo\/glyphs\/scaron.glif":"\/masonregular.ufo\/glyphs\/scaron.glif","\/masonregular.ufo\/glyphs\/section.glif":"\/masonregular.ufo\/glyphs\/section.glif","\/masonregular.ufo\/glyphs\/semicolon.glif":"\/masonregular.ufo\/glyphs\/semicolon.glif","\/masonregular.ufo\/glyphs\/seven.glif":"\/masonregular.ufo\/glyphs\/seven.glif","\/masonregular.ufo\/glyphs\/six.glif":"\/masonregular.ufo\/glyphs\/six.glif","\/masonregular.ufo\/glyphs\/slash.glif":"\/masonregular.ufo\/glyphs\/slash.glif","\/masonregular.ufo\/glyphs\/space.glif":"\/masonregular.ufo\/glyphs\/space.glif","\/masonregular.ufo\/glyphs\/sterling.glif":"\/masonregular.ufo\/glyphs\/sterling.glif","\/masonregular.ufo\/glyphs\/t.glif":"\/masonregular.ufo\/glyphs\/t.glif","\/masonregular.ufo\/glyphs\/thorn.glif":"\/masonregular.ufo\/glyphs\/thorn.glif","\/masonregular.ufo\/glyphs\/three.glif":"\/masonregular.ufo\/glyphs\/three.glif","\/masonregular.ufo\/glyphs\/threequarters.glif":"\/masonregular.ufo\/glyphs\/threequarters.glif","\/masonregular.ufo\/glyphs\/threesuperior.glif":"\/masonregular.ufo\/glyphs\/threesuperior.glif","\/masonregular.ufo\/glyphs\/tilde.glif":"\/masonregular.ufo\/glyphs\/tilde.glif","\/masonregular.ufo\/glyphs\/trademark.glif":"\/masonregular.ufo\/glyphs\/trademark.glif","\/masonregular.ufo\/glyphs\/two.glif":"\/masonregular.ufo\/glyphs\/two.glif","\/masonregular.ufo\/glyphs\/twosuperior.glif":"\/masonregular.ufo\/glyphs\/twosuperior.glif","\/masonregular.ufo\/glyphs\/u.glif":"\/masonregular.ufo\/glyphs\/u.glif","\/masonregular.ufo\/glyphs\/uacute.glif":"\/masonregular.ufo\/glyphs\/uacute.glif","\/masonregular.ufo\/glyphs\/ucircumflex.glif":"\/masonregular.ufo\/glyphs\/ucircumflex.glif","\/masonregular.ufo\/glyphs\/udieresis.glif":"\/masonregular.ufo\/glyphs\/udieresis.glif","\/masonregular.ufo\/glyphs\/ugrave.glif":"\/masonregular.ufo\/glyphs\/ugrave.glif","\/masonregular.ufo\/glyphs\/underscore.glif":"\/masonregular.ufo\/glyphs\/underscore.glif","\/masonregular.ufo\/glyphs\/v.glif":"\/masonregular.ufo\/glyphs\/v.glif","\/masonregular.ufo\/glyphs\/w.glif":"\/masonregular.ufo\/glyphs\/w.glif","\/masonregular.ufo\/glyphs\/x.glif":"\/masonregular.ufo\/glyphs\/x.glif","\/masonregular.ufo\/glyphs\/y.glif":"\/masonregular.ufo\/glyphs\/y.glif","\/masonregular.ufo\/glyphs\/yacute.glif":"\/masonregular.ufo\/glyphs\/yacute.glif","\/masonregular.ufo\/glyphs\/ydieresis.glif":"\/masonregular.ufo\/glyphs\/ydieresis.glif","\/masonregular.ufo\/glyphs\/yen.glif":"\/masonregular.ufo\/glyphs\/yen.glif","\/masonregular.ufo\/glyphs\/z.glif":"\/masonregular.ufo\/glyphs\/z.glif","\/masonregular.ufo\/glyphs\/zero.glif":"\/masonregular.ufo\/glyphs\/zero.glif"},"Font":{"uploaded":1480133408.0932,"licence":"gpl3","company":"Chronolabs Cooperative","title":"Mason","version":3.002,"date":"Fri Nov 25 22:16:50 2016","creator":"root","type":"1","matrix":"0.001 0 0 0.001 0 0","named":"Mason","painttype":"0","info":"10 dict dup","name":"Mason","family":"Mason","weight":"Book","fstype":"0","italicangle":"0","underlineposition":"","underlinethickness":""},"Licences":{"":false},"Table":{"FFTM":{"entryLength":16,"tag":"FFTM","checksum":1962491668,"offset":46728,"length":28},"GDEF":{"entryLength":16,"tag":"GDEF","checksum":17235974,"offset":46696,"length":32},"OS\/2":{"entryLength":16,"tag":"OS\/2","checksum":1468596638,"offset":344,"length":86},"cmap":{"entryLength":16,"tag":"cmap","checksum":2195243471,"offset":1304,"length":504},"gasp":{"entryLength":16,"tag":"gasp","checksum":4294901763,"offset":46688,"length":8},"glyf":{"entryLength":16,"tag":"glyf","checksum":207098038,"offset":2248,"length":43368},"head":{"entryLength":16,"tag":"head","checksum":217804466,"offset":220,"length":54},"hhea":{"entryLength":16,"tag":"hhea","checksum":150667841,"offset":276,"length":36},"hmtx":{"entryLength":16,"tag":"hmtx","checksum":3805753902,"offset":432,"length":872},"loca":{"entryLength":16,"tag":"loca","checksum":12375362,"offset":1808,"length":438},"maxp":{"entryLength":16,"tag":"maxp","checksum":19071148,"offset":312,"length":32},"name":{"entryLength":16,"tag":"name","checksum":2722643288,"offset":45616,"length":591},"post":{"entryLength":16,"tag":"post","checksum":4134840679,"offset":46208,"length":478}},"UnicodeCharMap":{"32":3,"33":4,"34":5,"35":6,"36":7,"37":8,"38":9,"39":10,"40":11,"41":12,"42":13,"43":14,"44":15,"45":16,"46":17,"47":18,"48":19,"49":20,"50":21,"51":22,"52":23,"53":24,"54":25,"55":26,"56":27,"57":28,"58":29,"59":30,"60":31,"61":32,"62":33,"63":34,"64":35,"65":36,"66":37,"67":38,"68":39,"69":40,"70":41,"71":42,"72":43,"73":44,"74":45,"75":46,"76":47,"77":48,"78":49,"79":50,"80":51,"81":52,"82":53,"83":54,"84":55,"85":56,"86":57,"87":58,"88":59,"89":60,"90":61,"91":62,"92":63,"93":64,"94":65,"95":66,"96":67,"97":68,"98":69,"99":70,"100":71,"101":72,"102":73,"103":74,"104":75,"105":76,"106":77,"107":78,"108":79,"109":80,"110":81,"111":82,"112":83,"113":84,"114":85,"115":86,"116":87,"117":88,"118":89,"119":90,"120":91,"121":92,"122":93,"123":94,"124":95,"125":96,"126":97,"160":98,"161":99,"162":100,"163":101,"164":102,"165":103,"166":104,"167":105,"168":106,"169":107,"170":108,"171":109,"172":110,"174":112,"175":113,"176":114,"177":115,"178":116,"179":117,"180":118,"182":120,"183":121,"184":122,"185":123,"186":124,"187":125,"188":126,"189":127,"190":128,"191":129,"192":130,"193":131,"194":132,"195":133,"196":134,"197":135,"198":136,"199":137,"200":138,"201":139,"202":140,"203":141,"204":142,"205":143,"206":144,"207":145,"208":146,"209":147,"210":148,"211":149,"212":150,"213":151,"214":152,"215":153,"216":154,"217":155,"218":156,"219":157,"220":158,"221":159,"222":160,"223":161,"224":162,"225":163,"226":164,"227":165,"228":166,"229":167,"230":168,"231":169,"232":170,"233":171,"234":172,"235":173,"236":174,"237":175,"238":176,"239":177,"240":178,"241":179,"242":180,"243":181,"244":182,"245":183,"246":184,"247":185,"248":186,"249":187,"250":188,"251":189,"252":190,"253":191,"254":192,"255":193,"338":204,"339":216,"352":202,"353":214,"376":217,"402":195,"710":200,"732":212,"956":119,"8211":210,"8212":211,"8216":205,"8217":206,"8218":194,"8220":207,"8221":208,"8222":196,"8224":198,"8225":199,"8226":209,"8230":197,"8240":201,"8249":203,"8250":215,"8482":213,"8722":111},"Reserves":{"fontname":"Mason"},"Names":{"Mason":{"name":"Mason","longitude":"0.00000001","latitude":"0.00000001","country":"","region":"","city":""}},"Nodes":{"ma":{"type":"typal","node":"ma","usage":1,"weight":1},"on":{"type":"typal","node":"on","usage":1,"weight":1},"mas":{"type":"typal","node":"mas","usage":1,"weight":1},"son":{"type":"typal","node":"son","usage":1,"weight":1},"maso":{"type":"keys","node":"maso","usage":1,"weight":1},"ason":{"type":"keys","node":"ason","usage":1,"weight":1},"mason":{"type":"fixes","node":"mason","usage":1,"weight":1}},"Contributors":[],"FontIdentity":"zinc77:15c14ede5f45a6df9e29bbddf","Bytes":null,"Networking":[],"barcode":"aaqgeg7ci8aci","referee":"CK0ii"}