{"CSS":{"BakerScript":"BakerScript.css","Baker Script":"toriquine:31ac3cf7a8c8ddd5d523df.css"},"FontType":"TrueType","FontCopyright":"\\251 2000 [T-26] a digital type foundry 1110 N. Milwaukee Ave. Chicago, IL 60622 USA \\245 T0637 \\245\\312ID#5106315 \\245 Designer: Eric Stevens \\245\\312All rights reserved.","FontName":"BakerScript","FontSubfamily":"Book","FontSubfamilyID":"FontForge 2.0 : BakerScript : 16-10-2016","FontFullName":"Baker Script","FontVersion":"Version 001.000 ","FontWeight":null,"FontPostscriptName":"BakerScript","Files":{"\/BakerScript.css":"\/BakerScript.css","\/bakerscript.afm":"\/bakerscript.afm","\/bakerscript.cef":"\/bakerscript.cef","\/bakerscript.cff":"\/bakerscript.cff","\/bakerscript.eot":"\/bakerscript.eot","\/bakerscript.gai":"\/bakerscript.gai","\/bakerscript.gsf":"\/bakerscript.gsf","\/bakerscript.otf":"\/bakerscript.otf","\/bakerscript.pf3":"\/bakerscript.pf3","\/bakerscript.pfa":"\/bakerscript.pfa","\/bakerscript.pfb":"\/bakerscript.pfb","\/bakerscript.php":"\/bakerscript.php","\/bakerscript.pt3":"\/bakerscript.pt3","\/bakerscript.sfd":"\/bakerscript.sfd","\/bakerscript.svg":"\/bakerscript.svg","\/bakerscript.t42":"\/bakerscript.t42","\/bakerscript.ttd":"\/bakerscript.ttd","\/bakerscript.ttf":"\/bakerscript.ttf","\/bakerscript.ttg":"\/bakerscript.ttg","\/bakerscript.ufm":"\/bakerscript.ufm","\/bakerscript.woff":"\/bakerscript.woff","\/bakerscript.z":"\/bakerscript.z","\/font-resource.json":"\/font-resource.json","\/bakerscript.ufo\/feature.fea":"\/bakerscript.ufo\/feature.fea","\/bakerscript.ufo\/fontinfo.plist":"\/bakerscript.ufo\/fontinfo.plist","\/bakerscript.ufo\/groups.plist":"\/bakerscript.ufo\/groups.plist","\/bakerscript.ufo\/kerning.plist":"\/bakerscript.ufo\/kerning.plist","\/bakerscript.ufo\/metainfo.plist":"\/bakerscript.ufo\/metainfo.plist","\/bakerscript.ufo\/glyphs\/A_.glif":"\/bakerscript.ufo\/glyphs\/A_.glif","\/bakerscript.ufo\/glyphs\/A_E_.glif":"\/bakerscript.ufo\/glyphs\/A_E_.glif","\/bakerscript.ufo\/glyphs\/A_acute.glif":"\/bakerscript.ufo\/glyphs\/A_acute.glif","\/bakerscript.ufo\/glyphs\/A_circumflex.glif":"\/bakerscript.ufo\/glyphs\/A_circumflex.glif","\/bakerscript.ufo\/glyphs\/A_dieresis.glif":"\/bakerscript.ufo\/glyphs\/A_dieresis.glif","\/bakerscript.ufo\/glyphs\/A_grave.glif":"\/bakerscript.ufo\/glyphs\/A_grave.glif","\/bakerscript.ufo\/glyphs\/A_ring.glif":"\/bakerscript.ufo\/glyphs\/A_ring.glif","\/bakerscript.ufo\/glyphs\/A_tilde.glif":"\/bakerscript.ufo\/glyphs\/A_tilde.glif","\/bakerscript.ufo\/glyphs\/B_.glif":"\/bakerscript.ufo\/glyphs\/B_.glif","\/bakerscript.ufo\/glyphs\/C_.glif":"\/bakerscript.ufo\/glyphs\/C_.glif","\/bakerscript.ufo\/glyphs\/C_cedilla.glif":"\/bakerscript.ufo\/glyphs\/C_cedilla.glif","\/bakerscript.ufo\/glyphs\/D_.glif":"\/bakerscript.ufo\/glyphs\/D_.glif","\/bakerscript.ufo\/glyphs\/D_C_1.glif":"\/bakerscript.ufo\/glyphs\/D_C_1.glif","\/bakerscript.ufo\/glyphs\/D_elta.glif":"\/bakerscript.ufo\/glyphs\/D_elta.glif","\/bakerscript.ufo\/glyphs\/E_.glif":"\/bakerscript.ufo\/glyphs\/E_.glif","\/bakerscript.ufo\/glyphs\/E_acute.glif":"\/bakerscript.ufo\/glyphs\/E_acute.glif","\/bakerscript.ufo\/glyphs\/E_circumflex.glif":"\/bakerscript.ufo\/glyphs\/E_circumflex.glif","\/bakerscript.ufo\/glyphs\/E_dieresis.glif":"\/bakerscript.ufo\/glyphs\/E_dieresis.glif","\/bakerscript.ufo\/glyphs\/E_grave.glif":"\/bakerscript.ufo\/glyphs\/E_grave.glif","\/bakerscript.ufo\/glyphs\/E_th.glif":"\/bakerscript.ufo\/glyphs\/E_th.glif","\/bakerscript.ufo\/glyphs\/F_.glif":"\/bakerscript.ufo\/glyphs\/F_.glif","\/bakerscript.ufo\/glyphs\/G_.glif":"\/bakerscript.ufo\/glyphs\/G_.glif","\/bakerscript.ufo\/glyphs\/H_.glif":"\/bakerscript.ufo\/glyphs\/H_.glif","\/bakerscript.ufo\/glyphs\/I_.glif":"\/bakerscript.ufo\/glyphs\/I_.glif","\/bakerscript.ufo\/glyphs\/I_acute.glif":"\/bakerscript.ufo\/glyphs\/I_acute.glif","\/bakerscript.ufo\/glyphs\/I_circumflex.glif":"\/bakerscript.ufo\/glyphs\/I_circumflex.glif","\/bakerscript.ufo\/glyphs\/I_dieresis.glif":"\/bakerscript.ufo\/glyphs\/I_dieresis.glif","\/bakerscript.ufo\/glyphs\/I_grave.glif":"\/bakerscript.ufo\/glyphs\/I_grave.glif","\/bakerscript.ufo\/glyphs\/J_.glif":"\/bakerscript.ufo\/glyphs\/J_.glif","\/bakerscript.ufo\/glyphs\/K_.glif":"\/bakerscript.ufo\/glyphs\/K_.glif","\/bakerscript.ufo\/glyphs\/L_.glif":"\/bakerscript.ufo\/glyphs\/L_.glif","\/bakerscript.ufo\/glyphs\/L_slash.glif":"\/bakerscript.ufo\/glyphs\/L_slash.glif","\/bakerscript.ufo\/glyphs\/M_.glif":"\/bakerscript.ufo\/glyphs\/M_.glif","\/bakerscript.ufo\/glyphs\/N_.glif":"\/bakerscript.ufo\/glyphs\/N_.glif","\/bakerscript.ufo\/glyphs\/N_tilde.glif":"\/bakerscript.ufo\/glyphs\/N_tilde.glif","\/bakerscript.ufo\/glyphs\/O_.glif":"\/bakerscript.ufo\/glyphs\/O_.glif","\/bakerscript.ufo\/glyphs\/O_E_.glif":"\/bakerscript.ufo\/glyphs\/O_E_.glif","\/bakerscript.ufo\/glyphs\/O_acute.glif":"\/bakerscript.ufo\/glyphs\/O_acute.glif","\/bakerscript.ufo\/glyphs\/O_circumflex.glif":"\/bakerscript.ufo\/glyphs\/O_circumflex.glif","\/bakerscript.ufo\/glyphs\/O_dieresis.glif":"\/bakerscript.ufo\/glyphs\/O_dieresis.glif","\/bakerscript.ufo\/glyphs\/O_grave.glif":"\/bakerscript.ufo\/glyphs\/O_grave.glif","\/bakerscript.ufo\/glyphs\/O_mega.glif":"\/bakerscript.ufo\/glyphs\/O_mega.glif","\/bakerscript.ufo\/glyphs\/O_slash.glif":"\/bakerscript.ufo\/glyphs\/O_slash.glif","\/bakerscript.ufo\/glyphs\/O_tilde.glif":"\/bakerscript.ufo\/glyphs\/O_tilde.glif","\/bakerscript.ufo\/glyphs\/P_.glif":"\/bakerscript.ufo\/glyphs\/P_.glif","\/bakerscript.ufo\/glyphs\/Q_.glif":"\/bakerscript.ufo\/glyphs\/Q_.glif","\/bakerscript.ufo\/glyphs\/R_.glif":"\/bakerscript.ufo\/glyphs\/R_.glif","\/bakerscript.ufo\/glyphs\/S_.glif":"\/bakerscript.ufo\/glyphs\/S_.glif","\/bakerscript.ufo\/glyphs\/S_caron.glif":"\/bakerscript.ufo\/glyphs\/S_caron.glif","\/bakerscript.ufo\/glyphs\/T_.glif":"\/bakerscript.ufo\/glyphs\/T_.glif","\/bakerscript.ufo\/glyphs\/T_horn.glif":"\/bakerscript.ufo\/glyphs\/T_horn.glif","\/bakerscript.ufo\/glyphs\/U_.glif":"\/bakerscript.ufo\/glyphs\/U_.glif","\/bakerscript.ufo\/glyphs\/U_acute.glif":"\/bakerscript.ufo\/glyphs\/U_acute.glif","\/bakerscript.ufo\/glyphs\/U_circumflex.glif":"\/bakerscript.ufo\/glyphs\/U_circumflex.glif","\/bakerscript.ufo\/glyphs\/U_dieresis.glif":"\/bakerscript.ufo\/glyphs\/U_dieresis.glif","\/bakerscript.ufo\/glyphs\/U_grave.glif":"\/bakerscript.ufo\/glyphs\/U_grave.glif","\/bakerscript.ufo\/glyphs\/V_.glif":"\/bakerscript.ufo\/glyphs\/V_.glif","\/bakerscript.ufo\/glyphs\/W_.glif":"\/bakerscript.ufo\/glyphs\/W_.glif","\/bakerscript.ufo\/glyphs\/X_.glif":"\/bakerscript.ufo\/glyphs\/X_.glif","\/bakerscript.ufo\/glyphs\/Y_.glif":"\/bakerscript.ufo\/glyphs\/Y_.glif","\/bakerscript.ufo\/glyphs\/Y_acute.glif":"\/bakerscript.ufo\/glyphs\/Y_acute.glif","\/bakerscript.ufo\/glyphs\/Y_dieresis.glif":"\/bakerscript.ufo\/glyphs\/Y_dieresis.glif","\/bakerscript.ufo\/glyphs\/Z_.glif":"\/bakerscript.ufo\/glyphs\/Z_.glif","\/bakerscript.ufo\/glyphs\/Z_caron.glif":"\/bakerscript.ufo\/glyphs\/Z_caron.glif","\/bakerscript.ufo\/glyphs\/_null.glif":"\/bakerscript.ufo\/glyphs\/_null.glif","\/bakerscript.ufo\/glyphs\/a.glif":"\/bakerscript.ufo\/glyphs\/a.glif","\/bakerscript.ufo\/glyphs\/aacute.glif":"\/bakerscript.ufo\/glyphs\/aacute.glif","\/bakerscript.ufo\/glyphs\/acircumflex.glif":"\/bakerscript.ufo\/glyphs\/acircumflex.glif","\/bakerscript.ufo\/glyphs\/acute.glif":"\/bakerscript.ufo\/glyphs\/acute.glif","\/bakerscript.ufo\/glyphs\/adieresis.glif":"\/bakerscript.ufo\/glyphs\/adieresis.glif","\/bakerscript.ufo\/glyphs\/ae.glif":"\/bakerscript.ufo\/glyphs\/ae.glif","\/bakerscript.ufo\/glyphs\/agrave.glif":"\/bakerscript.ufo\/glyphs\/agrave.glif","\/bakerscript.ufo\/glyphs\/ampersand.glif":"\/bakerscript.ufo\/glyphs\/ampersand.glif","\/bakerscript.ufo\/glyphs\/apple.glif":"\/bakerscript.ufo\/glyphs\/apple.glif","\/bakerscript.ufo\/glyphs\/approxequal.glif":"\/bakerscript.ufo\/glyphs\/approxequal.glif","\/bakerscript.ufo\/glyphs\/aring.glif":"\/bakerscript.ufo\/glyphs\/aring.glif","\/bakerscript.ufo\/glyphs\/asciicircum.glif":"\/bakerscript.ufo\/glyphs\/asciicircum.glif","\/bakerscript.ufo\/glyphs\/asciitilde.glif":"\/bakerscript.ufo\/glyphs\/asciitilde.glif","\/bakerscript.ufo\/glyphs\/asterisk.glif":"\/bakerscript.ufo\/glyphs\/asterisk.glif","\/bakerscript.ufo\/glyphs\/at.glif":"\/bakerscript.ufo\/glyphs\/at.glif","\/bakerscript.ufo\/glyphs\/atilde.glif":"\/bakerscript.ufo\/glyphs\/atilde.glif","\/bakerscript.ufo\/glyphs\/b.glif":"\/bakerscript.ufo\/glyphs\/b.glif","\/bakerscript.ufo\/glyphs\/backslash.glif":"\/bakerscript.ufo\/glyphs\/backslash.glif","\/bakerscript.ufo\/glyphs\/braceleft.glif":"\/bakerscript.ufo\/glyphs\/braceleft.glif","\/bakerscript.ufo\/glyphs\/braceright.glif":"\/bakerscript.ufo\/glyphs\/braceright.glif","\/bakerscript.ufo\/glyphs\/bracketleft.glif":"\/bakerscript.ufo\/glyphs\/bracketleft.glif","\/bakerscript.ufo\/glyphs\/bracketright.glif":"\/bakerscript.ufo\/glyphs\/bracketright.glif","\/bakerscript.ufo\/glyphs\/breve.glif":"\/bakerscript.ufo\/glyphs\/breve.glif","\/bakerscript.ufo\/glyphs\/bullet.glif":"\/bakerscript.ufo\/glyphs\/bullet.glif","\/bakerscript.ufo\/glyphs\/c.glif":"\/bakerscript.ufo\/glyphs\/c.glif","\/bakerscript.ufo\/glyphs\/caron.glif":"\/bakerscript.ufo\/glyphs\/caron.glif","\/bakerscript.ufo\/glyphs\/ccedilla.glif":"\/bakerscript.ufo\/glyphs\/ccedilla.glif","\/bakerscript.ufo\/glyphs\/cedilla.glif":"\/bakerscript.ufo\/glyphs\/cedilla.glif","\/bakerscript.ufo\/glyphs\/cent.glif":"\/bakerscript.ufo\/glyphs\/cent.glif","\/bakerscript.ufo\/glyphs\/circumflex.glif":"\/bakerscript.ufo\/glyphs\/circumflex.glif","\/bakerscript.ufo\/glyphs\/colon.glif":"\/bakerscript.ufo\/glyphs\/colon.glif","\/bakerscript.ufo\/glyphs\/comma.glif":"\/bakerscript.ufo\/glyphs\/comma.glif","\/bakerscript.ufo\/glyphs\/contents.plist":"\/bakerscript.ufo\/glyphs\/contents.plist","\/bakerscript.ufo\/glyphs\/copyright.glif":"\/bakerscript.ufo\/glyphs\/copyright.glif","\/bakerscript.ufo\/glyphs\/d.glif":"\/bakerscript.ufo\/glyphs\/d.glif","\/bakerscript.ufo\/glyphs\/dagger.glif":"\/bakerscript.ufo\/glyphs\/dagger.glif","\/bakerscript.ufo\/glyphs\/daggerdbl.glif":"\/bakerscript.ufo\/glyphs\/daggerdbl.glif","\/bakerscript.ufo\/glyphs\/degree.glif":"\/bakerscript.ufo\/glyphs\/degree.glif","\/bakerscript.ufo\/glyphs\/dieresis.glif":"\/bakerscript.ufo\/glyphs\/dieresis.glif","\/bakerscript.ufo\/glyphs\/divide.glif":"\/bakerscript.ufo\/glyphs\/divide.glif","\/bakerscript.ufo\/glyphs\/dollar.glif":"\/bakerscript.ufo\/glyphs\/dollar.glif","\/bakerscript.ufo\/glyphs\/dotaccent.glif":"\/bakerscript.ufo\/glyphs\/dotaccent.glif","\/bakerscript.ufo\/glyphs\/dotlessi.glif":"\/bakerscript.ufo\/glyphs\/dotlessi.glif","\/bakerscript.ufo\/glyphs\/e.glif":"\/bakerscript.ufo\/glyphs\/e.glif","\/bakerscript.ufo\/glyphs\/eacute.glif":"\/bakerscript.ufo\/glyphs\/eacute.glif","\/bakerscript.ufo\/glyphs\/ecircumflex.glif":"\/bakerscript.ufo\/glyphs\/ecircumflex.glif","\/bakerscript.ufo\/glyphs\/edieresis.glif":"\/bakerscript.ufo\/glyphs\/edieresis.glif","\/bakerscript.ufo\/glyphs\/egrave.glif":"\/bakerscript.ufo\/glyphs\/egrave.glif","\/bakerscript.ufo\/glyphs\/eight.glif":"\/bakerscript.ufo\/glyphs\/eight.glif","\/bakerscript.ufo\/glyphs\/ellipsis.glif":"\/bakerscript.ufo\/glyphs\/ellipsis.glif","\/bakerscript.ufo\/glyphs\/emdash.glif":"\/bakerscript.ufo\/glyphs\/emdash.glif","\/bakerscript.ufo\/glyphs\/endash.glif":"\/bakerscript.ufo\/glyphs\/endash.glif","\/bakerscript.ufo\/glyphs\/equal.glif":"\/bakerscript.ufo\/glyphs\/equal.glif","\/bakerscript.ufo\/glyphs\/eth.glif":"\/bakerscript.ufo\/glyphs\/eth.glif","\/bakerscript.ufo\/glyphs\/exclam.glif":"\/bakerscript.ufo\/glyphs\/exclam.glif","\/bakerscript.ufo\/glyphs\/exclamdown.glif":"\/bakerscript.ufo\/glyphs\/exclamdown.glif","\/bakerscript.ufo\/glyphs\/f.glif":"\/bakerscript.ufo\/glyphs\/f.glif","\/bakerscript.ufo\/glyphs\/fi.glif":"\/bakerscript.ufo\/glyphs\/fi.glif","\/bakerscript.ufo\/glyphs\/five.glif":"\/bakerscript.ufo\/glyphs\/five.glif","\/bakerscript.ufo\/glyphs\/fl.glif":"\/bakerscript.ufo\/glyphs\/fl.glif","\/bakerscript.ufo\/glyphs\/florin.glif":"\/bakerscript.ufo\/glyphs\/florin.glif","\/bakerscript.ufo\/glyphs\/four.glif":"\/bakerscript.ufo\/glyphs\/four.glif","\/bakerscript.ufo\/glyphs\/fraction.glif":"\/bakerscript.ufo\/glyphs\/fraction.glif","\/bakerscript.ufo\/glyphs\/g.glif":"\/bakerscript.ufo\/glyphs\/g.glif","\/bakerscript.ufo\/glyphs\/germandbls.glif":"\/bakerscript.ufo\/glyphs\/germandbls.glif","\/bakerscript.ufo\/glyphs\/grave.glif":"\/bakerscript.ufo\/glyphs\/grave.glif","\/bakerscript.ufo\/glyphs\/greater.glif":"\/bakerscript.ufo\/glyphs\/greater.glif","\/bakerscript.ufo\/glyphs\/greaterequal.glif":"\/bakerscript.ufo\/glyphs\/greaterequal.glif","\/bakerscript.ufo\/glyphs\/guillemotleft.glif":"\/bakerscript.ufo\/glyphs\/guillemotleft.glif","\/bakerscript.ufo\/glyphs\/guillemotright.glif":"\/bakerscript.ufo\/glyphs\/guillemotright.glif","\/bakerscript.ufo\/glyphs\/guilsinglleft.glif":"\/bakerscript.ufo\/glyphs\/guilsinglleft.glif","\/bakerscript.ufo\/glyphs\/guilsinglright.glif":"\/bakerscript.ufo\/glyphs\/guilsinglright.glif","\/bakerscript.ufo\/glyphs\/h.glif":"\/bakerscript.ufo\/glyphs\/h.glif","\/bakerscript.ufo\/glyphs\/hungarumlaut.glif":"\/bakerscript.ufo\/glyphs\/hungarumlaut.glif","\/bakerscript.ufo\/glyphs\/hyphen.glif":"\/bakerscript.ufo\/glyphs\/hyphen.glif","\/bakerscript.ufo\/glyphs\/i.glif":"\/bakerscript.ufo\/glyphs\/i.glif","\/bakerscript.ufo\/glyphs\/iacute.glif":"\/bakerscript.ufo\/glyphs\/iacute.glif","\/bakerscript.ufo\/glyphs\/icircumflex.glif":"\/bakerscript.ufo\/glyphs\/icircumflex.glif","\/bakerscript.ufo\/glyphs\/idieresis.glif":"\/bakerscript.ufo\/glyphs\/idieresis.glif","\/bakerscript.ufo\/glyphs\/igrave.glif":"\/bakerscript.ufo\/glyphs\/igrave.glif","\/bakerscript.ufo\/glyphs\/infinity.glif":"\/bakerscript.ufo\/glyphs\/infinity.glif","\/bakerscript.ufo\/glyphs\/integral.glif":"\/bakerscript.ufo\/glyphs\/integral.glif","\/bakerscript.ufo\/glyphs\/j.glif":"\/bakerscript.ufo\/glyphs\/j.glif","\/bakerscript.ufo\/glyphs\/k.glif":"\/bakerscript.ufo\/glyphs\/k.glif","\/bakerscript.ufo\/glyphs\/l.glif":"\/bakerscript.ufo\/glyphs\/l.glif","\/bakerscript.ufo\/glyphs\/less.glif":"\/bakerscript.ufo\/glyphs\/less.glif","\/bakerscript.ufo\/glyphs\/lessequal.glif":"\/bakerscript.ufo\/glyphs\/lessequal.glif","\/bakerscript.ufo\/glyphs\/logicalnot.glif":"\/bakerscript.ufo\/glyphs\/logicalnot.glif","\/bakerscript.ufo\/glyphs\/lozenge.glif":"\/bakerscript.ufo\/glyphs\/lozenge.glif","\/bakerscript.ufo\/glyphs\/lslash.glif":"\/bakerscript.ufo\/glyphs\/lslash.glif","\/bakerscript.ufo\/glyphs\/m.glif":"\/bakerscript.ufo\/glyphs\/m.glif","\/bakerscript.ufo\/glyphs\/macron.glif":"\/bakerscript.ufo\/glyphs\/macron.glif","\/bakerscript.ufo\/glyphs\/mu.glif":"\/bakerscript.ufo\/glyphs\/mu.glif","\/bakerscript.ufo\/glyphs\/n.glif":"\/bakerscript.ufo\/glyphs\/n.glif","\/bakerscript.ufo\/glyphs\/nine.glif":"\/bakerscript.ufo\/glyphs\/nine.glif","\/bakerscript.ufo\/glyphs\/nonbreakingspace.glif":"\/bakerscript.ufo\/glyphs\/nonbreakingspace.glif","\/bakerscript.ufo\/glyphs\/nonmarkingreturn.glif":"\/bakerscript.ufo\/glyphs\/nonmarkingreturn.glif","\/bakerscript.ufo\/glyphs\/ntilde.glif":"\/bakerscript.ufo\/glyphs\/ntilde.glif","\/bakerscript.ufo\/glyphs\/numbersign.glif":"\/bakerscript.ufo\/glyphs\/numbersign.glif","\/bakerscript.ufo\/glyphs\/o.glif":"\/bakerscript.ufo\/glyphs\/o.glif","\/bakerscript.ufo\/glyphs\/oacute.glif":"\/bakerscript.ufo\/glyphs\/oacute.glif","\/bakerscript.ufo\/glyphs\/ocircumflex.glif":"\/bakerscript.ufo\/glyphs\/ocircumflex.glif","\/bakerscript.ufo\/glyphs\/odieresis.glif":"\/bakerscript.ufo\/glyphs\/odieresis.glif","\/bakerscript.ufo\/glyphs\/oe.glif":"\/bakerscript.ufo\/glyphs\/oe.glif","\/bakerscript.ufo\/glyphs\/ogonek.glif":"\/bakerscript.ufo\/glyphs\/ogonek.glif","\/bakerscript.ufo\/glyphs\/ograve.glif":"\/bakerscript.ufo\/glyphs\/ograve.glif","\/bakerscript.ufo\/glyphs\/one.glif":"\/bakerscript.ufo\/glyphs\/one.glif","\/bakerscript.ufo\/glyphs\/onehalf.glif":"\/bakerscript.ufo\/glyphs\/onehalf.glif","\/bakerscript.ufo\/glyphs\/onequarter.glif":"\/bakerscript.ufo\/glyphs\/onequarter.glif","\/bakerscript.ufo\/glyphs\/onesuperior.glif":"\/bakerscript.ufo\/glyphs\/onesuperior.glif","\/bakerscript.ufo\/glyphs\/ordfeminine.glif":"\/bakerscript.ufo\/glyphs\/ordfeminine.glif","\/bakerscript.ufo\/glyphs\/ordmasculine.glif":"\/bakerscript.ufo\/glyphs\/ordmasculine.glif","\/bakerscript.ufo\/glyphs\/oslash.glif":"\/bakerscript.ufo\/glyphs\/oslash.glif","\/bakerscript.ufo\/glyphs\/otilde.glif":"\/bakerscript.ufo\/glyphs\/otilde.glif","\/bakerscript.ufo\/glyphs\/p.glif":"\/bakerscript.ufo\/glyphs\/p.glif","\/bakerscript.ufo\/glyphs\/paragraph.glif":"\/bakerscript.ufo\/glyphs\/paragraph.glif","\/bakerscript.ufo\/glyphs\/parenleft.glif":"\/bakerscript.ufo\/glyphs\/parenleft.glif","\/bakerscript.ufo\/glyphs\/parenright.glif":"\/bakerscript.ufo\/glyphs\/parenright.glif","\/bakerscript.ufo\/glyphs\/partialdiff.glif":"\/bakerscript.ufo\/glyphs\/partialdiff.glif","\/bakerscript.ufo\/glyphs\/percent.glif":"\/bakerscript.ufo\/glyphs\/percent.glif","\/bakerscript.ufo\/glyphs\/period.glif":"\/bakerscript.ufo\/glyphs\/period.glif","\/bakerscript.ufo\/glyphs\/periodcentered.glif":"\/bakerscript.ufo\/glyphs\/periodcentered.glif","\/bakerscript.ufo\/glyphs\/perthousand.glif":"\/bakerscript.ufo\/glyphs\/perthousand.glif","\/bakerscript.ufo\/glyphs\/pi.glif":"\/bakerscript.ufo\/glyphs\/pi.glif","\/bakerscript.ufo\/glyphs\/plus.glif":"\/bakerscript.ufo\/glyphs\/plus.glif","\/bakerscript.ufo\/glyphs\/plusminus.glif":"\/bakerscript.ufo\/glyphs\/plusminus.glif","\/bakerscript.ufo\/glyphs\/product.glif":"\/bakerscript.ufo\/glyphs\/product.glif","\/bakerscript.ufo\/glyphs\/q.glif":"\/bakerscript.ufo\/glyphs\/q.glif","\/bakerscript.ufo\/glyphs\/question.glif":"\/bakerscript.ufo\/glyphs\/question.glif","\/bakerscript.ufo\/glyphs\/questiondown.glif":"\/bakerscript.ufo\/glyphs\/questiondown.glif","\/bakerscript.ufo\/glyphs\/quotedbl.glif":"\/bakerscript.ufo\/glyphs\/quotedbl.glif","\/bakerscript.ufo\/glyphs\/quotedblbase.glif":"\/bakerscript.ufo\/glyphs\/quotedblbase.glif","\/bakerscript.ufo\/glyphs\/quotedblleft.glif":"\/bakerscript.ufo\/glyphs\/quotedblleft.glif","\/bakerscript.ufo\/glyphs\/quotedblright.glif":"\/bakerscript.ufo\/glyphs\/quotedblright.glif","\/bakerscript.ufo\/glyphs\/quoteleft.glif":"\/bakerscript.ufo\/glyphs\/quoteleft.glif","\/bakerscript.ufo\/glyphs\/quoteright.glif":"\/bakerscript.ufo\/glyphs\/quoteright.glif","\/bakerscript.ufo\/glyphs\/quotesinglbase.glif":"\/bakerscript.ufo\/glyphs\/quotesinglbase.glif","\/bakerscript.ufo\/glyphs\/quotesingle.glif":"\/bakerscript.ufo\/glyphs\/quotesingle.glif","\/bakerscript.ufo\/glyphs\/r.glif":"\/bakerscript.ufo\/glyphs\/r.glif","\/bakerscript.ufo\/glyphs\/radical.glif":"\/bakerscript.ufo\/glyphs\/radical.glif","\/bakerscript.ufo\/glyphs\/registered.glif":"\/bakerscript.ufo\/glyphs\/registered.glif","\/bakerscript.ufo\/glyphs\/ring.glif":"\/bakerscript.ufo\/glyphs\/ring.glif","\/bakerscript.ufo\/glyphs\/s.glif":"\/bakerscript.ufo\/glyphs\/s.glif","\/bakerscript.ufo\/glyphs\/scaron.glif":"\/bakerscript.ufo\/glyphs\/scaron.glif","\/bakerscript.ufo\/glyphs\/section.glif":"\/bakerscript.ufo\/glyphs\/section.glif","\/bakerscript.ufo\/glyphs\/semicolon.glif":"\/bakerscript.ufo\/glyphs\/semicolon.glif","\/bakerscript.ufo\/glyphs\/seven.glif":"\/bakerscript.ufo\/glyphs\/seven.glif","\/bakerscript.ufo\/glyphs\/six.glif":"\/bakerscript.ufo\/glyphs\/six.glif","\/bakerscript.ufo\/glyphs\/slash.glif":"\/bakerscript.ufo\/glyphs\/slash.glif","\/bakerscript.ufo\/glyphs\/space.glif":"\/bakerscript.ufo\/glyphs\/space.glif","\/bakerscript.ufo\/glyphs\/sterling.glif":"\/bakerscript.ufo\/glyphs\/sterling.glif","\/bakerscript.ufo\/glyphs\/summation.glif":"\/bakerscript.ufo\/glyphs\/summation.glif","\/bakerscript.ufo\/glyphs\/t.glif":"\/bakerscript.ufo\/glyphs\/t.glif","\/bakerscript.ufo\/glyphs\/thorn.glif":"\/bakerscript.ufo\/glyphs\/thorn.glif","\/bakerscript.ufo\/glyphs\/three.glif":"\/bakerscript.ufo\/glyphs\/three.glif","\/bakerscript.ufo\/glyphs\/threequarters.glif":"\/bakerscript.ufo\/glyphs\/threequarters.glif","\/bakerscript.ufo\/glyphs\/threesuperior.glif":"\/bakerscript.ufo\/glyphs\/threesuperior.glif","\/bakerscript.ufo\/glyphs\/tilde.glif":"\/bakerscript.ufo\/glyphs\/tilde.glif","\/bakerscript.ufo\/glyphs\/trademark.glif":"\/bakerscript.ufo\/glyphs\/trademark.glif","\/bakerscript.ufo\/glyphs\/two.glif":"\/bakerscript.ufo\/glyphs\/two.glif","\/bakerscript.ufo\/glyphs\/twosuperior.glif":"\/bakerscript.ufo\/glyphs\/twosuperior.glif","\/bakerscript.ufo\/glyphs\/u.glif":"\/bakerscript.ufo\/glyphs\/u.glif","\/bakerscript.ufo\/glyphs\/uacute.glif":"\/bakerscript.ufo\/glyphs\/uacute.glif","\/bakerscript.ufo\/glyphs\/ucircumflex.glif":"\/bakerscript.ufo\/glyphs\/ucircumflex.glif","\/bakerscript.ufo\/glyphs\/udieresis.glif":"\/bakerscript.ufo\/glyphs\/udieresis.glif","\/bakerscript.ufo\/glyphs\/ugrave.glif":"\/bakerscript.ufo\/glyphs\/ugrave.glif","\/bakerscript.ufo\/glyphs\/underscore.glif":"\/bakerscript.ufo\/glyphs\/underscore.glif","\/bakerscript.ufo\/glyphs\/v.glif":"\/bakerscript.ufo\/glyphs\/v.glif","\/bakerscript.ufo\/glyphs\/w.glif":"\/bakerscript.ufo\/glyphs\/w.glif","\/bakerscript.ufo\/glyphs\/x.glif":"\/bakerscript.ufo\/glyphs\/x.glif","\/bakerscript.ufo\/glyphs\/y.glif":"\/bakerscript.ufo\/glyphs\/y.glif","\/bakerscript.ufo\/glyphs\/yacute.glif":"\/bakerscript.ufo\/glyphs\/yacute.glif","\/bakerscript.ufo\/glyphs\/ydieresis.glif":"\/bakerscript.ufo\/glyphs\/ydieresis.glif","\/bakerscript.ufo\/glyphs\/yen.glif":"\/bakerscript.ufo\/glyphs\/yen.glif","\/bakerscript.ufo\/glyphs\/z.glif":"\/bakerscript.ufo\/glyphs\/z.glif","\/bakerscript.ufo\/glyphs\/zcaron.glif":"\/bakerscript.ufo\/glyphs\/zcaron.glif","\/bakerscript.ufo\/glyphs\/zero.glif":"\/bakerscript.ufo\/glyphs\/zero.glif"},"Font":{"uploaded":1476874921.1194,"licence":"gpl3","company":"Chronolabs Cooperative","title":"Baker Script","version":3.002,"date":"Fri Oct 14 23:30:13 2016","creator":"root","type":"1","matrix":"0.001 0 0 0.001 0 0","named":"BakerScript","painttype":"0","info":"10 dict dup","name":"BakerScript","family":"BakerScript","weight":"Book","fstype":"0","italicangle":"0","underlineposition":"","underlinethickness":""},"Licences":{"":false},"Table":{"FFTM":{"entryLength":16,"tag":"FFTM","checksum":1955350874,"offset":213292,"length":28},"GDEF":{"entryLength":16,"tag":"GDEF","checksum":18808836,"offset":213260,"length":32},"OS\/2":{"entryLength":16,"tag":"OS\/2","checksum":2084445358,"offset":344,"length":86},"cmap":{"entryLength":16,"tag":"cmap","checksum":904625881,"offset":1400,"length":688},"gasp":{"entryLength":16,"tag":"gasp","checksum":4294901763,"offset":213252,"length":8},"glyf":{"entryLength":16,"tag":"glyf","checksum":3904373827,"offset":3060,"length":208680},"head":{"entryLength":16,"tag":"head","checksum":209991467,"offset":220,"length":54},"hhea":{"entryLength":16,"tag":"hhea","checksum":184876673,"offset":276,"length":36},"hmtx":{"entryLength":16,"tag":"hmtx","checksum":2415129389,"offset":432,"length":968},"loca":{"entryLength":16,"tag":"loca","checksum":24650424,"offset":2088,"length":972},"maxp":{"entryLength":16,"tag":"maxp","checksum":20775902,"offset":312,"length":32},"name":{"entryLength":16,"tag":"name","checksum":1533660785,"offset":211740,"length":987},"post":{"entryLength":16,"tag":"post","checksum":2102410479,"offset":212728,"length":522}},"UnicodeCharMap":{"0":1,"13":2,"32":3,"33":4,"34":5,"35":6,"36":7,"37":8,"38":9,"39":10,"40":11,"41":12,"42":13,"43":14,"44":15,"45":16,"46":17,"47":18,"48":19,"49":20,"50":21,"51":22,"52":23,"53":24,"54":25,"55":26,"56":27,"57":28,"58":29,"59":30,"60":31,"61":32,"62":33,"63":34,"64":35,"65":36,"66":37,"67":38,"68":39,"69":40,"70":41,"71":42,"72":43,"73":44,"74":45,"75":46,"76":47,"77":48,"78":49,"79":50,"80":51,"81":52,"82":53,"83":54,"84":55,"85":56,"86":57,"87":58,"88":59,"89":60,"90":61,"91":62,"92":63,"93":64,"94":65,"95":66,"96":67,"97":68,"98":69,"99":70,"100":71,"101":72,"102":73,"103":74,"104":75,"105":76,"106":77,"107":78,"108":79,"109":80,"110":81,"111":82,"112":83,"113":84,"114":85,"115":86,"116":87,"117":88,"118":89,"119":90,"120":91,"121":92,"122":93,"123":94,"125":95,"126":96,"160":97,"161":98,"162":99,"163":100,"165":101,"167":102,"168":103,"169":104,"170":105,"171":106,"172":107,"174":108,"175":109,"176":110,"177":111,"178":112,"179":113,"180":114,"182":116,"183":117,"184":118,"185":119,"186":120,"187":121,"188":122,"189":123,"190":124,"191":125,"192":126,"193":127,"194":128,"195":129,"196":130,"197":131,"198":132,"199":133,"200":134,"201":135,"202":136,"203":137,"204":138,"205":139,"206":140,"207":141,"208":142,"209":143,"210":144,"211":145,"212":146,"213":147,"214":148,"216":149,"217":150,"218":151,"219":152,"220":153,"221":154,"222":155,"223":156,"224":157,"225":158,"226":159,"227":160,"228":161,"229":162,"230":163,"231":164,"232":165,"233":166,"234":167,"235":168,"236":169,"237":170,"238":171,"239":172,"240":173,"241":174,"242":175,"243":176,"244":177,"245":178,"246":179,"247":180,"248":181,"249":182,"250":183,"251":184,"252":185,"253":186,"254":187,"255":188,"305":232,"321":241,"322":194,"338":212,"339":213,"352":189,"353":190,"376":221,"381":191,"382":192,"402":208,"710":233,"711":240,"728":235,"729":236,"730":237,"731":239,"732":234,"733":238,"916":210,"937":206,"956":115,"960":204,"8211":214,"8212":215,"8216":218,"8217":219,"8218":228,"8220":216,"8221":217,"8222":229,"8224":195,"8225":227,"8226":196,"8230":211,"8240":230,"8249":223,"8250":224,"8260":222,"8482":197,"8706":201,"8719":203,"8721":202,"8730":207,"8734":198,"8747":205,"8776":209,"8804":199,"8805":200,"9674":220,"64257":225,"64258":226},"Reserves":{"fontname":"Baker Script"},"Names":{"Baker Script":{"name":"Baker Script","longitude":"0.00000001","latitude":"0.00000001","country":"","region":"","city":""}},"Nodes":{"ba":{"type":"typal","node":"ba","usage":1,"weight":1},"er":{"type":"typal","node":"er","usage":1,"weight":1},"sc":{"type":"typal","node":"sc","usage":1,"weight":1},"pt":{"type":"typal","node":"pt","usage":1,"weight":1},"bak":{"type":"typal","node":"bak","usage":1,"weight":1},"ker":{"type":"typal","node":"ker","usage":1,"weight":1},"scr":{"type":"typal","node":"scr","usage":1,"weight":1},"ipt":{"type":"typal","node":"ipt","usage":1,"weight":1},"bake":{"type":"keys","node":"bake","usage":1,"weight":1},"aker":{"type":"keys","node":"aker","usage":1,"weight":1},"scri":{"type":"keys","node":"scri","usage":1,"weight":1},"ript":{"type":"keys","node":"ript","usage":1,"weight":1},"scrip":{"type":"keys","node":"scrip","usage":1,"weight":1},"cript":{"type":"keys","node":"cript","usage":1,"weight":1},"baker":{"type":"fixes","node":"baker","usage":1,"weight":1},"script":{"type":"fixes","node":"script","usage":1,"weight":1}},"Contributors":[],"FontIdentity":"toriquine:31ac3cf7a8c8ddd5d523df","Bytes":null,"Networking":[],"barcode":"cqeaqi8gmwaya","referee":"kg0sk"}