{"CSS":{"OPTIBinderStyle-Light":"OPTIBinderStyle-Light.css","OPTIBinder Style Light":"wagovau:a24626c5556c29395a2332d2.css"},"FontType":"TrueType","FontCopyright":"1.2, Copyright Copr. Castcraft Software, Inc. 1990-1991.","FontName":"OPTIBinderStyle","FontSubfamily":"Light","FontSubfamilyID":"FontForge 2.0 : OPTIBinderStyle-Light : 12-8-2016","FontFullName":"OPTIBinder Style Light","FontVersion":"Version 001.000 ","FontWeight":null,"FontPostscriptName":"OPTIBinderStyle-Light","Files":{"\/OPTIBinderStyle-Light.css":"\/OPTIBinderStyle-Light.css","\/font-resource.json":"\/font-resource.json","\/optibinderstyle-light.afm":"\/optibinderstyle-light.afm","\/optibinderstyle-light.cef":"\/optibinderstyle-light.cef","\/optibinderstyle-light.cff":"\/optibinderstyle-light.cff","\/optibinderstyle-light.eot":"\/optibinderstyle-light.eot","\/optibinderstyle-light.gai":"\/optibinderstyle-light.gai","\/optibinderstyle-light.gsf":"\/optibinderstyle-light.gsf","\/optibinderstyle-light.otf":"\/optibinderstyle-light.otf","\/optibinderstyle-light.pf3":"\/optibinderstyle-light.pf3","\/optibinderstyle-light.pfa":"\/optibinderstyle-light.pfa","\/optibinderstyle-light.pfb":"\/optibinderstyle-light.pfb","\/optibinderstyle-light.php":"\/optibinderstyle-light.php","\/optibinderstyle-light.pt3":"\/optibinderstyle-light.pt3","\/optibinderstyle-light.sfd":"\/optibinderstyle-light.sfd","\/optibinderstyle-light.svg":"\/optibinderstyle-light.svg","\/optibinderstyle-light.t42":"\/optibinderstyle-light.t42","\/optibinderstyle-light.ttd":"\/optibinderstyle-light.ttd","\/optibinderstyle-light.ttf":"\/optibinderstyle-light.ttf","\/optibinderstyle-light.ttg":"\/optibinderstyle-light.ttg","\/optibinderstyle-light.ufm":"\/optibinderstyle-light.ufm","\/optibinderstyle-light.woff":"\/optibinderstyle-light.woff","\/optibinderstyle-light.z":"\/optibinderstyle-light.z","\/optibinderstyle-light.ufo\/feature.fea":"\/optibinderstyle-light.ufo\/feature.fea","\/optibinderstyle-light.ufo\/fontinfo.plist":"\/optibinderstyle-light.ufo\/fontinfo.plist","\/optibinderstyle-light.ufo\/groups.plist":"\/optibinderstyle-light.ufo\/groups.plist","\/optibinderstyle-light.ufo\/kerning.plist":"\/optibinderstyle-light.ufo\/kerning.plist","\/optibinderstyle-light.ufo\/metainfo.plist":"\/optibinderstyle-light.ufo\/metainfo.plist","\/optibinderstyle-light.ufo\/glyphs\/A_.glif":"\/optibinderstyle-light.ufo\/glyphs\/A_.glif","\/optibinderstyle-light.ufo\/glyphs\/A_E_.glif":"\/optibinderstyle-light.ufo\/glyphs\/A_E_.glif","\/optibinderstyle-light.ufo\/glyphs\/A_acute.glif":"\/optibinderstyle-light.ufo\/glyphs\/A_acute.glif","\/optibinderstyle-light.ufo\/glyphs\/A_circumflex.glif":"\/optibinderstyle-light.ufo\/glyphs\/A_circumflex.glif","\/optibinderstyle-light.ufo\/glyphs\/A_dieresis.glif":"\/optibinderstyle-light.ufo\/glyphs\/A_dieresis.glif","\/optibinderstyle-light.ufo\/glyphs\/A_grave.glif":"\/optibinderstyle-light.ufo\/glyphs\/A_grave.glif","\/optibinderstyle-light.ufo\/glyphs\/A_ring.glif":"\/optibinderstyle-light.ufo\/glyphs\/A_ring.glif","\/optibinderstyle-light.ufo\/glyphs\/A_tilde.glif":"\/optibinderstyle-light.ufo\/glyphs\/A_tilde.glif","\/optibinderstyle-light.ufo\/glyphs\/B_.glif":"\/optibinderstyle-light.ufo\/glyphs\/B_.glif","\/optibinderstyle-light.ufo\/glyphs\/C_.glif":"\/optibinderstyle-light.ufo\/glyphs\/C_.glif","\/optibinderstyle-light.ufo\/glyphs\/C_cedilla.glif":"\/optibinderstyle-light.ufo\/glyphs\/C_cedilla.glif","\/optibinderstyle-light.ufo\/glyphs\/D_.glif":"\/optibinderstyle-light.ufo\/glyphs\/D_.glif","\/optibinderstyle-light.ufo\/glyphs\/E_.glif":"\/optibinderstyle-light.ufo\/glyphs\/E_.glif","\/optibinderstyle-light.ufo\/glyphs\/E_acute.glif":"\/optibinderstyle-light.ufo\/glyphs\/E_acute.glif","\/optibinderstyle-light.ufo\/glyphs\/E_circumflex.glif":"\/optibinderstyle-light.ufo\/glyphs\/E_circumflex.glif","\/optibinderstyle-light.ufo\/glyphs\/E_dieresis.glif":"\/optibinderstyle-light.ufo\/glyphs\/E_dieresis.glif","\/optibinderstyle-light.ufo\/glyphs\/E_grave.glif":"\/optibinderstyle-light.ufo\/glyphs\/E_grave.glif","\/optibinderstyle-light.ufo\/glyphs\/F_.glif":"\/optibinderstyle-light.ufo\/glyphs\/F_.glif","\/optibinderstyle-light.ufo\/glyphs\/G_.glif":"\/optibinderstyle-light.ufo\/glyphs\/G_.glif","\/optibinderstyle-light.ufo\/glyphs\/H_.glif":"\/optibinderstyle-light.ufo\/glyphs\/H_.glif","\/optibinderstyle-light.ufo\/glyphs\/I_.glif":"\/optibinderstyle-light.ufo\/glyphs\/I_.glif","\/optibinderstyle-light.ufo\/glyphs\/I_acute.glif":"\/optibinderstyle-light.ufo\/glyphs\/I_acute.glif","\/optibinderstyle-light.ufo\/glyphs\/I_circumflex.glif":"\/optibinderstyle-light.ufo\/glyphs\/I_circumflex.glif","\/optibinderstyle-light.ufo\/glyphs\/I_dieresis.glif":"\/optibinderstyle-light.ufo\/glyphs\/I_dieresis.glif","\/optibinderstyle-light.ufo\/glyphs\/I_grave.glif":"\/optibinderstyle-light.ufo\/glyphs\/I_grave.glif","\/optibinderstyle-light.ufo\/glyphs\/J_.glif":"\/optibinderstyle-light.ufo\/glyphs\/J_.glif","\/optibinderstyle-light.ufo\/glyphs\/K_.glif":"\/optibinderstyle-light.ufo\/glyphs\/K_.glif","\/optibinderstyle-light.ufo\/glyphs\/L_.glif":"\/optibinderstyle-light.ufo\/glyphs\/L_.glif","\/optibinderstyle-light.ufo\/glyphs\/M_.glif":"\/optibinderstyle-light.ufo\/glyphs\/M_.glif","\/optibinderstyle-light.ufo\/glyphs\/N_.glif":"\/optibinderstyle-light.ufo\/glyphs\/N_.glif","\/optibinderstyle-light.ufo\/glyphs\/N_tilde.glif":"\/optibinderstyle-light.ufo\/glyphs\/N_tilde.glif","\/optibinderstyle-light.ufo\/glyphs\/O_.glif":"\/optibinderstyle-light.ufo\/glyphs\/O_.glif","\/optibinderstyle-light.ufo\/glyphs\/O_E_.glif":"\/optibinderstyle-light.ufo\/glyphs\/O_E_.glif","\/optibinderstyle-light.ufo\/glyphs\/O_acute.glif":"\/optibinderstyle-light.ufo\/glyphs\/O_acute.glif","\/optibinderstyle-light.ufo\/glyphs\/O_circumflex.glif":"\/optibinderstyle-light.ufo\/glyphs\/O_circumflex.glif","\/optibinderstyle-light.ufo\/glyphs\/O_dieresis.glif":"\/optibinderstyle-light.ufo\/glyphs\/O_dieresis.glif","\/optibinderstyle-light.ufo\/glyphs\/O_grave.glif":"\/optibinderstyle-light.ufo\/glyphs\/O_grave.glif","\/optibinderstyle-light.ufo\/glyphs\/O_slash.glif":"\/optibinderstyle-light.ufo\/glyphs\/O_slash.glif","\/optibinderstyle-light.ufo\/glyphs\/O_tilde.glif":"\/optibinderstyle-light.ufo\/glyphs\/O_tilde.glif","\/optibinderstyle-light.ufo\/glyphs\/P_.glif":"\/optibinderstyle-light.ufo\/glyphs\/P_.glif","\/optibinderstyle-light.ufo\/glyphs\/Q_.glif":"\/optibinderstyle-light.ufo\/glyphs\/Q_.glif","\/optibinderstyle-light.ufo\/glyphs\/R_.glif":"\/optibinderstyle-light.ufo\/glyphs\/R_.glif","\/optibinderstyle-light.ufo\/glyphs\/S_.glif":"\/optibinderstyle-light.ufo\/glyphs\/S_.glif","\/optibinderstyle-light.ufo\/glyphs\/T_.glif":"\/optibinderstyle-light.ufo\/glyphs\/T_.glif","\/optibinderstyle-light.ufo\/glyphs\/U_.glif":"\/optibinderstyle-light.ufo\/glyphs\/U_.glif","\/optibinderstyle-light.ufo\/glyphs\/U_acute.glif":"\/optibinderstyle-light.ufo\/glyphs\/U_acute.glif","\/optibinderstyle-light.ufo\/glyphs\/U_circumflex.glif":"\/optibinderstyle-light.ufo\/glyphs\/U_circumflex.glif","\/optibinderstyle-light.ufo\/glyphs\/U_dieresis.glif":"\/optibinderstyle-light.ufo\/glyphs\/U_dieresis.glif","\/optibinderstyle-light.ufo\/glyphs\/U_grave.glif":"\/optibinderstyle-light.ufo\/glyphs\/U_grave.glif","\/optibinderstyle-light.ufo\/glyphs\/V_.glif":"\/optibinderstyle-light.ufo\/glyphs\/V_.glif","\/optibinderstyle-light.ufo\/glyphs\/W_.glif":"\/optibinderstyle-light.ufo\/glyphs\/W_.glif","\/optibinderstyle-light.ufo\/glyphs\/X_.glif":"\/optibinderstyle-light.ufo\/glyphs\/X_.glif","\/optibinderstyle-light.ufo\/glyphs\/Y_.glif":"\/optibinderstyle-light.ufo\/glyphs\/Y_.glif","\/optibinderstyle-light.ufo\/glyphs\/Y_dieresis.glif":"\/optibinderstyle-light.ufo\/glyphs\/Y_dieresis.glif","\/optibinderstyle-light.ufo\/glyphs\/Z_.glif":"\/optibinderstyle-light.ufo\/glyphs\/Z_.glif","\/optibinderstyle-light.ufo\/glyphs\/a.glif":"\/optibinderstyle-light.ufo\/glyphs\/a.glif","\/optibinderstyle-light.ufo\/glyphs\/aacute.glif":"\/optibinderstyle-light.ufo\/glyphs\/aacute.glif","\/optibinderstyle-light.ufo\/glyphs\/acircumflex.glif":"\/optibinderstyle-light.ufo\/glyphs\/acircumflex.glif","\/optibinderstyle-light.ufo\/glyphs\/acute.glif":"\/optibinderstyle-light.ufo\/glyphs\/acute.glif","\/optibinderstyle-light.ufo\/glyphs\/adieresis.glif":"\/optibinderstyle-light.ufo\/glyphs\/adieresis.glif","\/optibinderstyle-light.ufo\/glyphs\/ae.glif":"\/optibinderstyle-light.ufo\/glyphs\/ae.glif","\/optibinderstyle-light.ufo\/glyphs\/agrave.glif":"\/optibinderstyle-light.ufo\/glyphs\/agrave.glif","\/optibinderstyle-light.ufo\/glyphs\/ampersand.glif":"\/optibinderstyle-light.ufo\/glyphs\/ampersand.glif","\/optibinderstyle-light.ufo\/glyphs\/aring.glif":"\/optibinderstyle-light.ufo\/glyphs\/aring.glif","\/optibinderstyle-light.ufo\/glyphs\/asciicircum.glif":"\/optibinderstyle-light.ufo\/glyphs\/asciicircum.glif","\/optibinderstyle-light.ufo\/glyphs\/asciitilde.glif":"\/optibinderstyle-light.ufo\/glyphs\/asciitilde.glif","\/optibinderstyle-light.ufo\/glyphs\/asterisk.glif":"\/optibinderstyle-light.ufo\/glyphs\/asterisk.glif","\/optibinderstyle-light.ufo\/glyphs\/at.glif":"\/optibinderstyle-light.ufo\/glyphs\/at.glif","\/optibinderstyle-light.ufo\/glyphs\/atilde.glif":"\/optibinderstyle-light.ufo\/glyphs\/atilde.glif","\/optibinderstyle-light.ufo\/glyphs\/b.glif":"\/optibinderstyle-light.ufo\/glyphs\/b.glif","\/optibinderstyle-light.ufo\/glyphs\/backslash.glif":"\/optibinderstyle-light.ufo\/glyphs\/backslash.glif","\/optibinderstyle-light.ufo\/glyphs\/bar.glif":"\/optibinderstyle-light.ufo\/glyphs\/bar.glif","\/optibinderstyle-light.ufo\/glyphs\/braceleft.glif":"\/optibinderstyle-light.ufo\/glyphs\/braceleft.glif","\/optibinderstyle-light.ufo\/glyphs\/braceright.glif":"\/optibinderstyle-light.ufo\/glyphs\/braceright.glif","\/optibinderstyle-light.ufo\/glyphs\/bracketleft.glif":"\/optibinderstyle-light.ufo\/glyphs\/bracketleft.glif","\/optibinderstyle-light.ufo\/glyphs\/bracketright.glif":"\/optibinderstyle-light.ufo\/glyphs\/bracketright.glif","\/optibinderstyle-light.ufo\/glyphs\/bullet.glif":"\/optibinderstyle-light.ufo\/glyphs\/bullet.glif","\/optibinderstyle-light.ufo\/glyphs\/c.glif":"\/optibinderstyle-light.ufo\/glyphs\/c.glif","\/optibinderstyle-light.ufo\/glyphs\/ccedilla.glif":"\/optibinderstyle-light.ufo\/glyphs\/ccedilla.glif","\/optibinderstyle-light.ufo\/glyphs\/cent.glif":"\/optibinderstyle-light.ufo\/glyphs\/cent.glif","\/optibinderstyle-light.ufo\/glyphs\/circumflex.glif":"\/optibinderstyle-light.ufo\/glyphs\/circumflex.glif","\/optibinderstyle-light.ufo\/glyphs\/colon.glif":"\/optibinderstyle-light.ufo\/glyphs\/colon.glif","\/optibinderstyle-light.ufo\/glyphs\/comma.glif":"\/optibinderstyle-light.ufo\/glyphs\/comma.glif","\/optibinderstyle-light.ufo\/glyphs\/contents.plist":"\/optibinderstyle-light.ufo\/glyphs\/contents.plist","\/optibinderstyle-light.ufo\/glyphs\/d.glif":"\/optibinderstyle-light.ufo\/glyphs\/d.glif","\/optibinderstyle-light.ufo\/glyphs\/dieresis.glif":"\/optibinderstyle-light.ufo\/glyphs\/dieresis.glif","\/optibinderstyle-light.ufo\/glyphs\/dollar.glif":"\/optibinderstyle-light.ufo\/glyphs\/dollar.glif","\/optibinderstyle-light.ufo\/glyphs\/dotlessi.glif":"\/optibinderstyle-light.ufo\/glyphs\/dotlessi.glif","\/optibinderstyle-light.ufo\/glyphs\/e.glif":"\/optibinderstyle-light.ufo\/glyphs\/e.glif","\/optibinderstyle-light.ufo\/glyphs\/eacute.glif":"\/optibinderstyle-light.ufo\/glyphs\/eacute.glif","\/optibinderstyle-light.ufo\/glyphs\/ecircumflex.glif":"\/optibinderstyle-light.ufo\/glyphs\/ecircumflex.glif","\/optibinderstyle-light.ufo\/glyphs\/edieresis.glif":"\/optibinderstyle-light.ufo\/glyphs\/edieresis.glif","\/optibinderstyle-light.ufo\/glyphs\/egrave.glif":"\/optibinderstyle-light.ufo\/glyphs\/egrave.glif","\/optibinderstyle-light.ufo\/glyphs\/eight.glif":"\/optibinderstyle-light.ufo\/glyphs\/eight.glif","\/optibinderstyle-light.ufo\/glyphs\/emdash.glif":"\/optibinderstyle-light.ufo\/glyphs\/emdash.glif","\/optibinderstyle-light.ufo\/glyphs\/endash.glif":"\/optibinderstyle-light.ufo\/glyphs\/endash.glif","\/optibinderstyle-light.ufo\/glyphs\/equal.glif":"\/optibinderstyle-light.ufo\/glyphs\/equal.glif","\/optibinderstyle-light.ufo\/glyphs\/exclam.glif":"\/optibinderstyle-light.ufo\/glyphs\/exclam.glif","\/optibinderstyle-light.ufo\/glyphs\/f.glif":"\/optibinderstyle-light.ufo\/glyphs\/f.glif","\/optibinderstyle-light.ufo\/glyphs\/five.glif":"\/optibinderstyle-light.ufo\/glyphs\/five.glif","\/optibinderstyle-light.ufo\/glyphs\/four.glif":"\/optibinderstyle-light.ufo\/glyphs\/four.glif","\/optibinderstyle-light.ufo\/glyphs\/fraction.glif":"\/optibinderstyle-light.ufo\/glyphs\/fraction.glif","\/optibinderstyle-light.ufo\/glyphs\/g.glif":"\/optibinderstyle-light.ufo\/glyphs\/g.glif","\/optibinderstyle-light.ufo\/glyphs\/germandbls.glif":"\/optibinderstyle-light.ufo\/glyphs\/germandbls.glif","\/optibinderstyle-light.ufo\/glyphs\/grave.glif":"\/optibinderstyle-light.ufo\/glyphs\/grave.glif","\/optibinderstyle-light.ufo\/glyphs\/greater.glif":"\/optibinderstyle-light.ufo\/glyphs\/greater.glif","\/optibinderstyle-light.ufo\/glyphs\/guilsinglleft.glif":"\/optibinderstyle-light.ufo\/glyphs\/guilsinglleft.glif","\/optibinderstyle-light.ufo\/glyphs\/guilsinglright.glif":"\/optibinderstyle-light.ufo\/glyphs\/guilsinglright.glif","\/optibinderstyle-light.ufo\/glyphs\/h.glif":"\/optibinderstyle-light.ufo\/glyphs\/h.glif","\/optibinderstyle-light.ufo\/glyphs\/hyphen.glif":"\/optibinderstyle-light.ufo\/glyphs\/hyphen.glif","\/optibinderstyle-light.ufo\/glyphs\/i.glif":"\/optibinderstyle-light.ufo\/glyphs\/i.glif","\/optibinderstyle-light.ufo\/glyphs\/iacute.glif":"\/optibinderstyle-light.ufo\/glyphs\/iacute.glif","\/optibinderstyle-light.ufo\/glyphs\/icircumflex.glif":"\/optibinderstyle-light.ufo\/glyphs\/icircumflex.glif","\/optibinderstyle-light.ufo\/glyphs\/idieresis.glif":"\/optibinderstyle-light.ufo\/glyphs\/idieresis.glif","\/optibinderstyle-light.ufo\/glyphs\/igrave.glif":"\/optibinderstyle-light.ufo\/glyphs\/igrave.glif","\/optibinderstyle-light.ufo\/glyphs\/infinity.glif":"\/optibinderstyle-light.ufo\/glyphs\/infinity.glif","\/optibinderstyle-light.ufo\/glyphs\/j.glif":"\/optibinderstyle-light.ufo\/glyphs\/j.glif","\/optibinderstyle-light.ufo\/glyphs\/k.glif":"\/optibinderstyle-light.ufo\/glyphs\/k.glif","\/optibinderstyle-light.ufo\/glyphs\/l.glif":"\/optibinderstyle-light.ufo\/glyphs\/l.glif","\/optibinderstyle-light.ufo\/glyphs\/less.glif":"\/optibinderstyle-light.ufo\/glyphs\/less.glif","\/optibinderstyle-light.ufo\/glyphs\/m.glif":"\/optibinderstyle-light.ufo\/glyphs\/m.glif","\/optibinderstyle-light.ufo\/glyphs\/n.glif":"\/optibinderstyle-light.ufo\/glyphs\/n.glif","\/optibinderstyle-light.ufo\/glyphs\/nine.glif":"\/optibinderstyle-light.ufo\/glyphs\/nine.glif","\/optibinderstyle-light.ufo\/glyphs\/ntilde.glif":"\/optibinderstyle-light.ufo\/glyphs\/ntilde.glif","\/optibinderstyle-light.ufo\/glyphs\/numbersign.glif":"\/optibinderstyle-light.ufo\/glyphs\/numbersign.glif","\/optibinderstyle-light.ufo\/glyphs\/o.glif":"\/optibinderstyle-light.ufo\/glyphs\/o.glif","\/optibinderstyle-light.ufo\/glyphs\/oacute.glif":"\/optibinderstyle-light.ufo\/glyphs\/oacute.glif","\/optibinderstyle-light.ufo\/glyphs\/ocircumflex.glif":"\/optibinderstyle-light.ufo\/glyphs\/ocircumflex.glif","\/optibinderstyle-light.ufo\/glyphs\/odieresis.glif":"\/optibinderstyle-light.ufo\/glyphs\/odieresis.glif","\/optibinderstyle-light.ufo\/glyphs\/oe.glif":"\/optibinderstyle-light.ufo\/glyphs\/oe.glif","\/optibinderstyle-light.ufo\/glyphs\/ograve.glif":"\/optibinderstyle-light.ufo\/glyphs\/ograve.glif","\/optibinderstyle-light.ufo\/glyphs\/one.glif":"\/optibinderstyle-light.ufo\/glyphs\/one.glif","\/optibinderstyle-light.ufo\/glyphs\/oslash.glif":"\/optibinderstyle-light.ufo\/glyphs\/oslash.glif","\/optibinderstyle-light.ufo\/glyphs\/otilde.glif":"\/optibinderstyle-light.ufo\/glyphs\/otilde.glif","\/optibinderstyle-light.ufo\/glyphs\/p.glif":"\/optibinderstyle-light.ufo\/glyphs\/p.glif","\/optibinderstyle-light.ufo\/glyphs\/parenleft.glif":"\/optibinderstyle-light.ufo\/glyphs\/parenleft.glif","\/optibinderstyle-light.ufo\/glyphs\/parenright.glif":"\/optibinderstyle-light.ufo\/glyphs\/parenright.glif","\/optibinderstyle-light.ufo\/glyphs\/percent.glif":"\/optibinderstyle-light.ufo\/glyphs\/percent.glif","\/optibinderstyle-light.ufo\/glyphs\/period.glif":"\/optibinderstyle-light.ufo\/glyphs\/period.glif","\/optibinderstyle-light.ufo\/glyphs\/periodcentered.glif":"\/optibinderstyle-light.ufo\/glyphs\/periodcentered.glif","\/optibinderstyle-light.ufo\/glyphs\/plus.glif":"\/optibinderstyle-light.ufo\/glyphs\/plus.glif","\/optibinderstyle-light.ufo\/glyphs\/q.glif":"\/optibinderstyle-light.ufo\/glyphs\/q.glif","\/optibinderstyle-light.ufo\/glyphs\/question.glif":"\/optibinderstyle-light.ufo\/glyphs\/question.glif","\/optibinderstyle-light.ufo\/glyphs\/quotedbl.glif":"\/optibinderstyle-light.ufo\/glyphs\/quotedbl.glif","\/optibinderstyle-light.ufo\/glyphs\/quotedblleft.glif":"\/optibinderstyle-light.ufo\/glyphs\/quotedblleft.glif","\/optibinderstyle-light.ufo\/glyphs\/quotedblright.glif":"\/optibinderstyle-light.ufo\/glyphs\/quotedblright.glif","\/optibinderstyle-light.ufo\/glyphs\/quoteleft.glif":"\/optibinderstyle-light.ufo\/glyphs\/quoteleft.glif","\/optibinderstyle-light.ufo\/glyphs\/quoteright.glif":"\/optibinderstyle-light.ufo\/glyphs\/quoteright.glif","\/optibinderstyle-light.ufo\/glyphs\/quotesingle.glif":"\/optibinderstyle-light.ufo\/glyphs\/quotesingle.glif","\/optibinderstyle-light.ufo\/glyphs\/r.glif":"\/optibinderstyle-light.ufo\/glyphs\/r.glif","\/optibinderstyle-light.ufo\/glyphs\/ring.glif":"\/optibinderstyle-light.ufo\/glyphs\/ring.glif","\/optibinderstyle-light.ufo\/glyphs\/s.glif":"\/optibinderstyle-light.ufo\/glyphs\/s.glif","\/optibinderstyle-light.ufo\/glyphs\/semicolon.glif":"\/optibinderstyle-light.ufo\/glyphs\/semicolon.glif","\/optibinderstyle-light.ufo\/glyphs\/seven.glif":"\/optibinderstyle-light.ufo\/glyphs\/seven.glif","\/optibinderstyle-light.ufo\/glyphs\/six.glif":"\/optibinderstyle-light.ufo\/glyphs\/six.glif","\/optibinderstyle-light.ufo\/glyphs\/slash.glif":"\/optibinderstyle-light.ufo\/glyphs\/slash.glif","\/optibinderstyle-light.ufo\/glyphs\/space.glif":"\/optibinderstyle-light.ufo\/glyphs\/space.glif","\/optibinderstyle-light.ufo\/glyphs\/sterling.glif":"\/optibinderstyle-light.ufo\/glyphs\/sterling.glif","\/optibinderstyle-light.ufo\/glyphs\/t.glif":"\/optibinderstyle-light.ufo\/glyphs\/t.glif","\/optibinderstyle-light.ufo\/glyphs\/three.glif":"\/optibinderstyle-light.ufo\/glyphs\/three.glif","\/optibinderstyle-light.ufo\/glyphs\/tilde.glif":"\/optibinderstyle-light.ufo\/glyphs\/tilde.glif","\/optibinderstyle-light.ufo\/glyphs\/two.glif":"\/optibinderstyle-light.ufo\/glyphs\/two.glif","\/optibinderstyle-light.ufo\/glyphs\/u.glif":"\/optibinderstyle-light.ufo\/glyphs\/u.glif","\/optibinderstyle-light.ufo\/glyphs\/uacute.glif":"\/optibinderstyle-light.ufo\/glyphs\/uacute.glif","\/optibinderstyle-light.ufo\/glyphs\/ucircumflex.glif":"\/optibinderstyle-light.ufo\/glyphs\/ucircumflex.glif","\/optibinderstyle-light.ufo\/glyphs\/udieresis.glif":"\/optibinderstyle-light.ufo\/glyphs\/udieresis.glif","\/optibinderstyle-light.ufo\/glyphs\/ugrave.glif":"\/optibinderstyle-light.ufo\/glyphs\/ugrave.glif","\/optibinderstyle-light.ufo\/glyphs\/underscore.glif":"\/optibinderstyle-light.ufo\/glyphs\/underscore.glif","\/optibinderstyle-light.ufo\/glyphs\/v.glif":"\/optibinderstyle-light.ufo\/glyphs\/v.glif","\/optibinderstyle-light.ufo\/glyphs\/w.glif":"\/optibinderstyle-light.ufo\/glyphs\/w.glif","\/optibinderstyle-light.ufo\/glyphs\/x.glif":"\/optibinderstyle-light.ufo\/glyphs\/x.glif","\/optibinderstyle-light.ufo\/glyphs\/y.glif":"\/optibinderstyle-light.ufo\/glyphs\/y.glif","\/optibinderstyle-light.ufo\/glyphs\/ydieresis.glif":"\/optibinderstyle-light.ufo\/glyphs\/ydieresis.glif","\/optibinderstyle-light.ufo\/glyphs\/z.glif":"\/optibinderstyle-light.ufo\/glyphs\/z.glif","\/optibinderstyle-light.ufo\/glyphs\/zero.glif":"\/optibinderstyle-light.ufo\/glyphs\/zero.glif"},"Font":{"uploaded":1471026441.0165,"licence":"gpl3","company":"Chronolabs Cooperative","title":"OPTIBinder Style Light","version":3.002,"date":"Fri Aug 12 10:03:29 2016","creator":"root","type":"1","matrix":"0.001 0 0 0.001 0 0","named":"OPTIBinderStyle-Light","painttype":"0","info":"10 dict dup","name":"OPTIBinderStyle-Light","family":"OPTIBinderStyle","weight":"Medium","fstype":"0","italicangle":"0","underlineposition":"","underlinethickness":""},"Licences":{"":false},"Table":{"FFTM":{"entryLength":16,"tag":"FFTM","checksum":1944367666,"offset":15500,"length":28},"GDEF":{"entryLength":16,"tag":"GDEF","checksum":14548998,"offset":15468,"length":32},"OS\/2":{"entryLength":16,"tag":"OS\/2","checksum":1437335346,"offset":344,"length":86},"cmap":{"entryLength":16,"tag":"cmap","checksum":2995193441,"offset":1140,"length":530},"gasp":{"entryLength":16,"tag":"gasp","checksum":4294901763,"offset":15460,"length":8},"glyf":{"entryLength":16,"tag":"glyf","checksum":2508813004,"offset":2028,"length":12300},"head":{"entryLength":16,"tag":"head","checksum":166119096,"offset":220,"length":54},"hhea":{"entryLength":16,"tag":"hhea","checksum":128385986,"offset":276,"length":36},"hmtx":{"entryLength":16,"tag":"hmtx","checksum":3645706038,"offset":432,"length":708},"loca":{"entryLength":16,"tag":"loca","checksum":4122739194,"offset":1672,"length":356},"maxp":{"entryLength":16,"tag":"maxp","checksum":16253017,"offset":312,"length":32},"name":{"entryLength":16,"tag":"name","checksum":1121823054,"offset":14328,"length":744},"post":{"entryLength":16,"tag":"post","checksum":558178742,"offset":15072,"length":388}},"UnicodeCharMap":{"32":3,"33":4,"34":5,"35":6,"36":7,"37":8,"38":9,"39":10,"40":11,"41":12,"42":13,"43":14,"44":15,"45":16,"46":17,"47":18,"48":19,"49":20,"50":21,"51":22,"52":23,"53":24,"54":25,"55":26,"56":27,"57":28,"58":29,"59":30,"60":31,"61":32,"62":33,"63":34,"64":35,"65":36,"66":37,"67":38,"68":39,"69":40,"70":41,"71":42,"72":43,"73":44,"74":45,"75":46,"76":47,"77":48,"78":49,"79":50,"80":51,"81":52,"82":53,"83":54,"84":55,"85":56,"86":57,"87":58,"88":59,"89":60,"90":61,"91":62,"92":63,"93":64,"94":65,"95":66,"96":67,"97":68,"98":69,"99":70,"100":71,"101":72,"102":73,"103":74,"104":75,"105":76,"106":77,"107":78,"108":79,"109":80,"110":81,"111":82,"112":83,"113":84,"114":85,"115":86,"116":87,"117":88,"118":89,"119":90,"120":91,"121":92,"122":93,"123":94,"124":95,"125":96,"126":97,"162":98,"163":99,"168":100,"180":101,"183":102,"192":103,"193":104,"194":105,"195":106,"196":107,"197":108,"198":109,"199":110,"200":111,"201":112,"202":113,"203":114,"204":115,"205":116,"206":117,"207":118,"209":119,"210":120,"211":121,"212":122,"213":123,"214":124,"216":125,"217":126,"218":127,"219":128,"220":129,"223":130,"224":131,"225":132,"226":133,"227":134,"228":135,"229":136,"230":137,"231":138,"232":139,"233":140,"234":141,"235":142,"236":143,"237":144,"238":145,"239":146,"241":147,"242":148,"243":149,"244":150,"245":151,"246":152,"248":153,"249":154,"250":155,"251":156,"252":157,"255":158,"305":173,"338":172,"339":174,"376":176,"710":168,"730":170,"732":169,"8211":165,"8212":171,"8216":160,"8217":159,"8220":162,"8221":167,"8226":166,"8249":163,"8250":164,"8260":161,"8734":175},"Reserves":{"fontname":"OPTIBinder Style Light"},"Names":{"OPTIBinder Style Light":{"name":"OPTIBinder Style Light","longitude":"0.00000001","latitude":"0.00000001","country":"","region":"","city":""}},"Nodes":{"op":{"type":"typal","node":"op","usage":1,"weight":1},"er":{"type":"typal","node":"er","usage":1,"weight":1},"st":{"type":"typal","node":"st","usage":1,"weight":1},"le":{"type":"typal","node":"le","usage":1,"weight":1},"li":{"type":"typal","node":"li","usage":1,"weight":1},"ht":{"type":"typal","node":"ht","usage":1,"weight":1},"opt":{"type":"typal","node":"opt","usage":1,"weight":1},"der":{"type":"typal","node":"der","usage":1,"weight":1},"sty":{"type":"typal","node":"sty","usage":1,"weight":1},"yle":{"type":"typal","node":"yle","usage":1,"weight":1},"lig":{"type":"typal","node":"lig","usage":1,"weight":1},"ght":{"type":"typal","node":"ght","usage":1,"weight":1},"opti":{"type":"keys","node":"opti","usage":1,"weight":1},"nder":{"type":"keys","node":"nder","usage":1,"weight":1},"styl":{"type":"keys","node":"styl","usage":1,"weight":1},"tyle":{"type":"keys","node":"tyle","usage":1,"weight":1},"ligh":{"type":"keys","node":"ligh","usage":1,"weight":1},"ight":{"type":"keys","node":"ight","usage":1,"weight":1},"optib":{"type":"keys","node":"optib","usage":1,"weight":1},"inder":{"type":"keys","node":"inder","usage":1,"weight":1},"optibinder":{"type":"fixes","node":"optibinder","usage":1,"weight":1},"style":{"type":"fixes","node":"style","usage":1,"weight":1},"light":{"type":"fixes","node":"light","usage":1,"weight":1}},"Contributors":[],"FontIdentity":"wagovau:a24626c5556c29395a2332d2","Bytes":null,"Networking":[],"barcode":"yoywiy87aesou","referee":"a5ueCmK"}