{"CSS":{"Chinese":"aphgovau:0eb573c582d40a0b715299b.css"},"FontType":"TrueType","FontCopyright":"Generated by Fontographer 3.5","FontName":"Chinese","FontSubfamily":"Book","FontSubfamilyID":"FontForge 2.0 : Chinese : 28-8-2016","FontFullName":"Chinese","FontVersion":"Version 1.0 Tue Aug 12 11:55 ","FontWeight":null,"FontPostscriptName":"Chinese","Files":{"\/Chinese.css":"\/Chinese.css","\/chinese.afm":"\/chinese.afm","\/chinese.cef":"\/chinese.cef","\/chinese.cff":"\/chinese.cff","\/chinese.eot":"\/chinese.eot","\/chinese.gai":"\/chinese.gai","\/chinese.gsf":"\/chinese.gsf","\/chinese.otf":"\/chinese.otf","\/chinese.pf3":"\/chinese.pf3","\/chinese.pfa":"\/chinese.pfa","\/chinese.pfb":"\/chinese.pfb","\/chinese.php":"\/chinese.php","\/chinese.pt3":"\/chinese.pt3","\/chinese.sfd":"\/chinese.sfd","\/chinese.svg":"\/chinese.svg","\/chinese.t42":"\/chinese.t42","\/chinese.ttd":"\/chinese.ttd","\/chinese.ttf":"\/chinese.ttf","\/chinese.ttg":"\/chinese.ttg","\/chinese.ufm":"\/chinese.ufm","\/chinese.woff":"\/chinese.woff","\/chinese.z":"\/chinese.z","\/font-resource.json":"\/font-resource.json","\/chinese.ufo\/feature.fea":"\/chinese.ufo\/feature.fea","\/chinese.ufo\/fontinfo.plist":"\/chinese.ufo\/fontinfo.plist","\/chinese.ufo\/groups.plist":"\/chinese.ufo\/groups.plist","\/chinese.ufo\/kerning.plist":"\/chinese.ufo\/kerning.plist","\/chinese.ufo\/metainfo.plist":"\/chinese.ufo\/metainfo.plist","\/chinese.ufo\/glyphs\/A_.glif":"\/chinese.ufo\/glyphs\/A_.glif","\/chinese.ufo\/glyphs\/A_E_.glif":"\/chinese.ufo\/glyphs\/A_E_.glif","\/chinese.ufo\/glyphs\/A_grave.glif":"\/chinese.ufo\/glyphs\/A_grave.glif","\/chinese.ufo\/glyphs\/A_tilde.glif":"\/chinese.ufo\/glyphs\/A_tilde.glif","\/chinese.ufo\/glyphs\/B_.glif":"\/chinese.ufo\/glyphs\/B_.glif","\/chinese.ufo\/glyphs\/C_.glif":"\/chinese.ufo\/glyphs\/C_.glif","\/chinese.ufo\/glyphs\/D_.glif":"\/chinese.ufo\/glyphs\/D_.glif","\/chinese.ufo\/glyphs\/E_.glif":"\/chinese.ufo\/glyphs\/E_.glif","\/chinese.ufo\/glyphs\/E_acute.glif":"\/chinese.ufo\/glyphs\/E_acute.glif","\/chinese.ufo\/glyphs\/F_.glif":"\/chinese.ufo\/glyphs\/F_.glif","\/chinese.ufo\/glyphs\/G_.glif":"\/chinese.ufo\/glyphs\/G_.glif","\/chinese.ufo\/glyphs\/H_.glif":"\/chinese.ufo\/glyphs\/H_.glif","\/chinese.ufo\/glyphs\/I_.glif":"\/chinese.ufo\/glyphs\/I_.glif","\/chinese.ufo\/glyphs\/J_.glif":"\/chinese.ufo\/glyphs\/J_.glif","\/chinese.ufo\/glyphs\/K_.glif":"\/chinese.ufo\/glyphs\/K_.glif","\/chinese.ufo\/glyphs\/L_.glif":"\/chinese.ufo\/glyphs\/L_.glif","\/chinese.ufo\/glyphs\/M_.glif":"\/chinese.ufo\/glyphs\/M_.glif","\/chinese.ufo\/glyphs\/N_.glif":"\/chinese.ufo\/glyphs\/N_.glif","\/chinese.ufo\/glyphs\/O_.glif":"\/chinese.ufo\/glyphs\/O_.glif","\/chinese.ufo\/glyphs\/O_E_.glif":"\/chinese.ufo\/glyphs\/O_E_.glif","\/chinese.ufo\/glyphs\/O_slash.glif":"\/chinese.ufo\/glyphs\/O_slash.glif","\/chinese.ufo\/glyphs\/O_tilde.glif":"\/chinese.ufo\/glyphs\/O_tilde.glif","\/chinese.ufo\/glyphs\/P_.glif":"\/chinese.ufo\/glyphs\/P_.glif","\/chinese.ufo\/glyphs\/Q_.glif":"\/chinese.ufo\/glyphs\/Q_.glif","\/chinese.ufo\/glyphs\/R_.glif":"\/chinese.ufo\/glyphs\/R_.glif","\/chinese.ufo\/glyphs\/S_.glif":"\/chinese.ufo\/glyphs\/S_.glif","\/chinese.ufo\/glyphs\/T_.glif":"\/chinese.ufo\/glyphs\/T_.glif","\/chinese.ufo\/glyphs\/U_.glif":"\/chinese.ufo\/glyphs\/U_.glif","\/chinese.ufo\/glyphs\/V_.glif":"\/chinese.ufo\/glyphs\/V_.glif","\/chinese.ufo\/glyphs\/W_.glif":"\/chinese.ufo\/glyphs\/W_.glif","\/chinese.ufo\/glyphs\/X_.glif":"\/chinese.ufo\/glyphs\/X_.glif","\/chinese.ufo\/glyphs\/Y_.glif":"\/chinese.ufo\/glyphs\/Y_.glif","\/chinese.ufo\/glyphs\/Z_.glif":"\/chinese.ufo\/glyphs\/Z_.glif","\/chinese.ufo\/glyphs\/_notdef.glif":"\/chinese.ufo\/glyphs\/_notdef.glif","\/chinese.ufo\/glyphs\/_null.glif":"\/chinese.ufo\/glyphs\/_null.glif","\/chinese.ufo\/glyphs\/a.glif":"\/chinese.ufo\/glyphs\/a.glif","\/chinese.ufo\/glyphs\/aacute.glif":"\/chinese.ufo\/glyphs\/aacute.glif","\/chinese.ufo\/glyphs\/acircumflex.glif":"\/chinese.ufo\/glyphs\/acircumflex.glif","\/chinese.ufo\/glyphs\/adieresis.glif":"\/chinese.ufo\/glyphs\/adieresis.glif","\/chinese.ufo\/glyphs\/ae.glif":"\/chinese.ufo\/glyphs\/ae.glif","\/chinese.ufo\/glyphs\/agrave.glif":"\/chinese.ufo\/glyphs\/agrave.glif","\/chinese.ufo\/glyphs\/ampersand.glif":"\/chinese.ufo\/glyphs\/ampersand.glif","\/chinese.ufo\/glyphs\/asciitilde.glif":"\/chinese.ufo\/glyphs\/asciitilde.glif","\/chinese.ufo\/glyphs\/asterisk.glif":"\/chinese.ufo\/glyphs\/asterisk.glif","\/chinese.ufo\/glyphs\/at.glif":"\/chinese.ufo\/glyphs\/at.glif","\/chinese.ufo\/glyphs\/atilde.glif":"\/chinese.ufo\/glyphs\/atilde.glif","\/chinese.ufo\/glyphs\/b.glif":"\/chinese.ufo\/glyphs\/b.glif","\/chinese.ufo\/glyphs\/backslash.glif":"\/chinese.ufo\/glyphs\/backslash.glif","\/chinese.ufo\/glyphs\/braceleft.glif":"\/chinese.ufo\/glyphs\/braceleft.glif","\/chinese.ufo\/glyphs\/braceright.glif":"\/chinese.ufo\/glyphs\/braceright.glif","\/chinese.ufo\/glyphs\/bracketleft.glif":"\/chinese.ufo\/glyphs\/bracketleft.glif","\/chinese.ufo\/glyphs\/bracketright.glif":"\/chinese.ufo\/glyphs\/bracketright.glif","\/chinese.ufo\/glyphs\/bullet.glif":"\/chinese.ufo\/glyphs\/bullet.glif","\/chinese.ufo\/glyphs\/c.glif":"\/chinese.ufo\/glyphs\/c.glif","\/chinese.ufo\/glyphs\/ccedilla.glif":"\/chinese.ufo\/glyphs\/ccedilla.glif","\/chinese.ufo\/glyphs\/cent.glif":"\/chinese.ufo\/glyphs\/cent.glif","\/chinese.ufo\/glyphs\/colon.glif":"\/chinese.ufo\/glyphs\/colon.glif","\/chinese.ufo\/glyphs\/comma.glif":"\/chinese.ufo\/glyphs\/comma.glif","\/chinese.ufo\/glyphs\/contents.plist":"\/chinese.ufo\/glyphs\/contents.plist","\/chinese.ufo\/glyphs\/copyright.glif":"\/chinese.ufo\/glyphs\/copyright.glif","\/chinese.ufo\/glyphs\/d.glif":"\/chinese.ufo\/glyphs\/d.glif","\/chinese.ufo\/glyphs\/dagger.glif":"\/chinese.ufo\/glyphs\/dagger.glif","\/chinese.ufo\/glyphs\/degree.glif":"\/chinese.ufo\/glyphs\/degree.glif","\/chinese.ufo\/glyphs\/divide.glif":"\/chinese.ufo\/glyphs\/divide.glif","\/chinese.ufo\/glyphs\/dollar.glif":"\/chinese.ufo\/glyphs\/dollar.glif","\/chinese.ufo\/glyphs\/e.glif":"\/chinese.ufo\/glyphs\/e.glif","\/chinese.ufo\/glyphs\/eacute.glif":"\/chinese.ufo\/glyphs\/eacute.glif","\/chinese.ufo\/glyphs\/ecircumflex.glif":"\/chinese.ufo\/glyphs\/ecircumflex.glif","\/chinese.ufo\/glyphs\/edieresis.glif":"\/chinese.ufo\/glyphs\/edieresis.glif","\/chinese.ufo\/glyphs\/egrave.glif":"\/chinese.ufo\/glyphs\/egrave.glif","\/chinese.ufo\/glyphs\/eight.glif":"\/chinese.ufo\/glyphs\/eight.glif","\/chinese.ufo\/glyphs\/ellipsis.glif":"\/chinese.ufo\/glyphs\/ellipsis.glif","\/chinese.ufo\/glyphs\/emdash.glif":"\/chinese.ufo\/glyphs\/emdash.glif","\/chinese.ufo\/glyphs\/endash.glif":"\/chinese.ufo\/glyphs\/endash.glif","\/chinese.ufo\/glyphs\/equal.glif":"\/chinese.ufo\/glyphs\/equal.glif","\/chinese.ufo\/glyphs\/exclam.glif":"\/chinese.ufo\/glyphs\/exclam.glif","\/chinese.ufo\/glyphs\/exclamdown.glif":"\/chinese.ufo\/glyphs\/exclamdown.glif","\/chinese.ufo\/glyphs\/f.glif":"\/chinese.ufo\/glyphs\/f.glif","\/chinese.ufo\/glyphs\/five.glif":"\/chinese.ufo\/glyphs\/five.glif","\/chinese.ufo\/glyphs\/four.glif":"\/chinese.ufo\/glyphs\/four.glif","\/chinese.ufo\/glyphs\/g.glif":"\/chinese.ufo\/glyphs\/g.glif","\/chinese.ufo\/glyphs\/germandbls.glif":"\/chinese.ufo\/glyphs\/germandbls.glif","\/chinese.ufo\/glyphs\/guillemotleft.glif":"\/chinese.ufo\/glyphs\/guillemotleft.glif","\/chinese.ufo\/glyphs\/guillemotright.glif":"\/chinese.ufo\/glyphs\/guillemotright.glif","\/chinese.ufo\/glyphs\/guilsinglleft.glif":"\/chinese.ufo\/glyphs\/guilsinglleft.glif","\/chinese.ufo\/glyphs\/guilsinglright.glif":"\/chinese.ufo\/glyphs\/guilsinglright.glif","\/chinese.ufo\/glyphs\/h.glif":"\/chinese.ufo\/glyphs\/h.glif","\/chinese.ufo\/glyphs\/hyphen.glif":"\/chinese.ufo\/glyphs\/hyphen.glif","\/chinese.ufo\/glyphs\/i.glif":"\/chinese.ufo\/glyphs\/i.glif","\/chinese.ufo\/glyphs\/iacute.glif":"\/chinese.ufo\/glyphs\/iacute.glif","\/chinese.ufo\/glyphs\/idieresis.glif":"\/chinese.ufo\/glyphs\/idieresis.glif","\/chinese.ufo\/glyphs\/igrave.glif":"\/chinese.ufo\/glyphs\/igrave.glif","\/chinese.ufo\/glyphs\/j.glif":"\/chinese.ufo\/glyphs\/j.glif","\/chinese.ufo\/glyphs\/k.glif":"\/chinese.ufo\/glyphs\/k.glif","\/chinese.ufo\/glyphs\/l.glif":"\/chinese.ufo\/glyphs\/l.glif","\/chinese.ufo\/glyphs\/m.glif":"\/chinese.ufo\/glyphs\/m.glif","\/chinese.ufo\/glyphs\/n.glif":"\/chinese.ufo\/glyphs\/n.glif","\/chinese.ufo\/glyphs\/nine.glif":"\/chinese.ufo\/glyphs\/nine.glif","\/chinese.ufo\/glyphs\/nonbreakingspace.glif":"\/chinese.ufo\/glyphs\/nonbreakingspace.glif","\/chinese.ufo\/glyphs\/nonmarkingreturn.glif":"\/chinese.ufo\/glyphs\/nonmarkingreturn.glif","\/chinese.ufo\/glyphs\/ntilde.glif":"\/chinese.ufo\/glyphs\/ntilde.glif","\/chinese.ufo\/glyphs\/numbersign.glif":"\/chinese.ufo\/glyphs\/numbersign.glif","\/chinese.ufo\/glyphs\/o.glif":"\/chinese.ufo\/glyphs\/o.glif","\/chinese.ufo\/glyphs\/oacute.glif":"\/chinese.ufo\/glyphs\/oacute.glif","\/chinese.ufo\/glyphs\/ocircumflex.glif":"\/chinese.ufo\/glyphs\/ocircumflex.glif","\/chinese.ufo\/glyphs\/odieresis.glif":"\/chinese.ufo\/glyphs\/odieresis.glif","\/chinese.ufo\/glyphs\/oe.glif":"\/chinese.ufo\/glyphs\/oe.glif","\/chinese.ufo\/glyphs\/ograve.glif":"\/chinese.ufo\/glyphs\/ograve.glif","\/chinese.ufo\/glyphs\/one.glif":"\/chinese.ufo\/glyphs\/one.glif","\/chinese.ufo\/glyphs\/oslash.glif":"\/chinese.ufo\/glyphs\/oslash.glif","\/chinese.ufo\/glyphs\/otilde.glif":"\/chinese.ufo\/glyphs\/otilde.glif","\/chinese.ufo\/glyphs\/p.glif":"\/chinese.ufo\/glyphs\/p.glif","\/chinese.ufo\/glyphs\/paragraph.glif":"\/chinese.ufo\/glyphs\/paragraph.glif","\/chinese.ufo\/glyphs\/parenleft.glif":"\/chinese.ufo\/glyphs\/parenleft.glif","\/chinese.ufo\/glyphs\/parenright.glif":"\/chinese.ufo\/glyphs\/parenright.glif","\/chinese.ufo\/glyphs\/percent.glif":"\/chinese.ufo\/glyphs\/percent.glif","\/chinese.ufo\/glyphs\/period.glif":"\/chinese.ufo\/glyphs\/period.glif","\/chinese.ufo\/glyphs\/plus.glif":"\/chinese.ufo\/glyphs\/plus.glif","\/chinese.ufo\/glyphs\/plusminus.glif":"\/chinese.ufo\/glyphs\/plusminus.glif","\/chinese.ufo\/glyphs\/q.glif":"\/chinese.ufo\/glyphs\/q.glif","\/chinese.ufo\/glyphs\/question.glif":"\/chinese.ufo\/glyphs\/question.glif","\/chinese.ufo\/glyphs\/questiondown.glif":"\/chinese.ufo\/glyphs\/questiondown.glif","\/chinese.ufo\/glyphs\/quotedbl.glif":"\/chinese.ufo\/glyphs\/quotedbl.glif","\/chinese.ufo\/glyphs\/quotedblleft.glif":"\/chinese.ufo\/glyphs\/quotedblleft.glif","\/chinese.ufo\/glyphs\/quotedblright.glif":"\/chinese.ufo\/glyphs\/quotedblright.glif","\/chinese.ufo\/glyphs\/quoteleft.glif":"\/chinese.ufo\/glyphs\/quoteleft.glif","\/chinese.ufo\/glyphs\/quoteright.glif":"\/chinese.ufo\/glyphs\/quoteright.glif","\/chinese.ufo\/glyphs\/quotesingle.glif":"\/chinese.ufo\/glyphs\/quotesingle.glif","\/chinese.ufo\/glyphs\/r.glif":"\/chinese.ufo\/glyphs\/r.glif","\/chinese.ufo\/glyphs\/registered.glif":"\/chinese.ufo\/glyphs\/registered.glif","\/chinese.ufo\/glyphs\/s.glif":"\/chinese.ufo\/glyphs\/s.glif","\/chinese.ufo\/glyphs\/semicolon.glif":"\/chinese.ufo\/glyphs\/semicolon.glif","\/chinese.ufo\/glyphs\/seven.glif":"\/chinese.ufo\/glyphs\/seven.glif","\/chinese.ufo\/glyphs\/six.glif":"\/chinese.ufo\/glyphs\/six.glif","\/chinese.ufo\/glyphs\/slash.glif":"\/chinese.ufo\/glyphs\/slash.glif","\/chinese.ufo\/glyphs\/space.glif":"\/chinese.ufo\/glyphs\/space.glif","\/chinese.ufo\/glyphs\/sterling.glif":"\/chinese.ufo\/glyphs\/sterling.glif","\/chinese.ufo\/glyphs\/t.glif":"\/chinese.ufo\/glyphs\/t.glif","\/chinese.ufo\/glyphs\/three.glif":"\/chinese.ufo\/glyphs\/three.glif","\/chinese.ufo\/glyphs\/trademark.glif":"\/chinese.ufo\/glyphs\/trademark.glif","\/chinese.ufo\/glyphs\/two.glif":"\/chinese.ufo\/glyphs\/two.glif","\/chinese.ufo\/glyphs\/u.glif":"\/chinese.ufo\/glyphs\/u.glif","\/chinese.ufo\/glyphs\/uacute.glif":"\/chinese.ufo\/glyphs\/uacute.glif","\/chinese.ufo\/glyphs\/ucircumflex.glif":"\/chinese.ufo\/glyphs\/ucircumflex.glif","\/chinese.ufo\/glyphs\/udieresis.glif":"\/chinese.ufo\/glyphs\/udieresis.glif","\/chinese.ufo\/glyphs\/ugrave.glif":"\/chinese.ufo\/glyphs\/ugrave.glif","\/chinese.ufo\/glyphs\/underscore.glif":"\/chinese.ufo\/glyphs\/underscore.glif","\/chinese.ufo\/glyphs\/v.glif":"\/chinese.ufo\/glyphs\/v.glif","\/chinese.ufo\/glyphs\/w.glif":"\/chinese.ufo\/glyphs\/w.glif","\/chinese.ufo\/glyphs\/x.glif":"\/chinese.ufo\/glyphs\/x.glif","\/chinese.ufo\/glyphs\/y.glif":"\/chinese.ufo\/glyphs\/y.glif","\/chinese.ufo\/glyphs\/ydieresis.glif":"\/chinese.ufo\/glyphs\/ydieresis.glif","\/chinese.ufo\/glyphs\/z.glif":"\/chinese.ufo\/glyphs\/z.glif","\/chinese.ufo\/glyphs\/zero.glif":"\/chinese.ufo\/glyphs\/zero.glif"},"Font":{"uploaded":1472434922.9141,"licence":"gpl3","company":"Chronolabs Cooperative","title":"Chinese","version":3.002,"date":"Sun Aug 28 08:12:15 2016","creator":"root","type":"1","matrix":"0.001 0 0 0.001 0 0","named":"Chinese","painttype":"0","info":"10 dict dup","name":"Chinese","family":"Chinese","weight":"Book","fstype":"1","italicangle":"0","underlineposition":"","underlinethickness":""},"Licences":{"":false},"Table":{"FFTM":{"entryLength":16,"tag":"FFTM","checksum":1947018318,"offset":31720,"length":28},"GDEF":{"entryLength":16,"tag":"GDEF","checksum":12976132,"offset":31688,"length":32},"OS\/2":{"entryLength":16,"tag":"OS\/2","checksum":1445265280,"offset":344,"length":86},"cmap":{"entryLength":16,"tag":"cmap","checksum":17679625,"offset":1044,"length":602},"gasp":{"entryLength":16,"tag":"gasp","checksum":4294901763,"offset":31680,"length":8},"glyf":{"entryLength":16,"tag":"glyf","checksum":4025409666,"offset":1956,"length":28832},"head":{"entryLength":16,"tag":"head","checksum":180000015,"offset":220,"length":54},"hhea":{"entryLength":16,"tag":"hhea","checksum":123208586,"offset":276,"length":36},"hmtx":{"entryLength":16,"tag":"hmtx","checksum":3505653807,"offset":432,"length":612},"loca":{"entryLength":16,"tag":"loca","checksum":220474112,"offset":1648,"length":308},"maxp":{"entryLength":16,"tag":"maxp","checksum":14745921,"offset":312,"length":32},"name":{"entryLength":16,"tag":"name","checksum":293784897,"offset":30788,"length":549},"post":{"entryLength":16,"tag":"post","checksum":439294313,"offset":31340,"length":340}},"UnicodeCharMap":{"0":1,"13":2,"32":3,"33":4,"34":5,"35":6,"36":7,"37":8,"38":9,"39":10,"40":11,"41":12,"42":13,"43":14,"44":15,"45":16,"46":17,"47":18,"48":19,"49":20,"50":21,"51":22,"52":23,"53":24,"54":25,"55":26,"56":27,"57":28,"58":29,"59":30,"61":31,"63":32,"64":33,"65":34,"66":35,"67":36,"68":37,"69":38,"70":39,"71":40,"72":41,"73":42,"74":43,"75":44,"76":45,"77":46,"78":47,"79":48,"80":49,"81":50,"82":51,"83":52,"84":53,"85":54,"86":55,"87":56,"88":57,"89":58,"90":59,"91":60,"92":61,"93":62,"95":63,"97":64,"98":65,"99":66,"100":67,"101":68,"102":69,"103":70,"104":71,"105":72,"106":73,"107":74,"108":75,"109":76,"110":77,"111":78,"112":79,"113":80,"114":81,"115":82,"116":83,"117":84,"118":85,"119":86,"120":87,"121":88,"122":89,"123":90,"125":91,"126":92,"160":93,"161":94,"162":95,"163":96,"169":97,"171":98,"174":99,"176":100,"177":101,"182":102,"187":103,"191":104,"192":105,"195":106,"198":107,"201":108,"213":109,"216":110,"223":111,"224":112,"225":113,"226":114,"227":115,"228":116,"230":117,"231":118,"232":119,"233":120,"234":121,"235":122,"236":123,"237":124,"239":125,"241":126,"242":127,"243":128,"244":129,"245":130,"246":131,"247":132,"248":133,"249":134,"250":135,"251":136,"252":137,"255":138,"338":142,"339":152,"8211":148,"8212":149,"8216":143,"8217":144,"8220":145,"8221":146,"8224":140,"8226":147,"8230":139,"8249":141,"8250":151,"8482":150},"Reserves":{"fontname":"Chinese"},"Names":{"Chinese":{"name":"Chinese","longitude":"0.00000001","latitude":"0.00000001","country":"","region":"","city":""}},"Nodes":{"ch":{"type":"typal","node":"ch","usage":1,"weight":1},"se":{"type":"typal","node":"se","usage":1,"weight":1},"chi":{"type":"typal","node":"chi","usage":1,"weight":1},"ese":{"type":"typal","node":"ese","usage":1,"weight":1},"chin":{"type":"keys","node":"chin","usage":1,"weight":1},"nese":{"type":"keys","node":"nese","usage":1,"weight":1},"chine":{"type":"keys","node":"chine","usage":1,"weight":1},"inese":{"type":"keys","node":"inese","usage":1,"weight":1},"chinese":{"type":"fixes","node":"chinese","usage":1,"weight":1}},"Contributors":[],"FontIdentity":"aphgovau:0eb573c582d40a0b715299b","Bytes":null,"Networking":[],"barcode":"a5WeSaguWyeyc","referee":"2Cui2o0q"}