{"CSS":{"CgPhenixAmerican":"CgPhenixAmerican.css","Cg Phenix American":"aphgovau:3d9afce8783323aa4edb7b0.css"},"FontType":"TrueType","FontCopyright":null,"FontName":"CgPhenixAmerican","FontSubfamily":"Medium","FontSubfamilyID":"FontForge 2.0 : CgPhenixAmerican : 16-9-2016","FontFullName":"Cg Phenix American","FontVersion":"Version 001.001 ","FontWeight":null,"FontPostscriptName":"CgPhenixAmerican","Files":{"\/CgPhenixAmerican.css":"\/CgPhenixAmerican.css","\/cgphenixamerican.afm":"\/cgphenixamerican.afm","\/cgphenixamerican.cef":"\/cgphenixamerican.cef","\/cgphenixamerican.cff":"\/cgphenixamerican.cff","\/cgphenixamerican.eot":"\/cgphenixamerican.eot","\/cgphenixamerican.gai":"\/cgphenixamerican.gai","\/cgphenixamerican.gsf":"\/cgphenixamerican.gsf","\/cgphenixamerican.otf":"\/cgphenixamerican.otf","\/cgphenixamerican.pf3":"\/cgphenixamerican.pf3","\/cgphenixamerican.pfa":"\/cgphenixamerican.pfa","\/cgphenixamerican.pfb":"\/cgphenixamerican.pfb","\/cgphenixamerican.php":"\/cgphenixamerican.php","\/cgphenixamerican.pt3":"\/cgphenixamerican.pt3","\/cgphenixamerican.sfd":"\/cgphenixamerican.sfd","\/cgphenixamerican.svg":"\/cgphenixamerican.svg","\/cgphenixamerican.t42":"\/cgphenixamerican.t42","\/cgphenixamerican.ttd":"\/cgphenixamerican.ttd","\/cgphenixamerican.ttf":"\/cgphenixamerican.ttf","\/cgphenixamerican.ttg":"\/cgphenixamerican.ttg","\/cgphenixamerican.ufm":"\/cgphenixamerican.ufm","\/cgphenixamerican.woff":"\/cgphenixamerican.woff","\/cgphenixamerican.z":"\/cgphenixamerican.z","\/font-resource.json":"\/font-resource.json","\/cgphenixamerican.ufo\/feature.fea":"\/cgphenixamerican.ufo\/feature.fea","\/cgphenixamerican.ufo\/fontinfo.plist":"\/cgphenixamerican.ufo\/fontinfo.plist","\/cgphenixamerican.ufo\/groups.plist":"\/cgphenixamerican.ufo\/groups.plist","\/cgphenixamerican.ufo\/kerning.plist":"\/cgphenixamerican.ufo\/kerning.plist","\/cgphenixamerican.ufo\/metainfo.plist":"\/cgphenixamerican.ufo\/metainfo.plist","\/cgphenixamerican.ufo\/glyphs\/A_.glif":"\/cgphenixamerican.ufo\/glyphs\/A_.glif","\/cgphenixamerican.ufo\/glyphs\/A_E_.glif":"\/cgphenixamerican.ufo\/glyphs\/A_E_.glif","\/cgphenixamerican.ufo\/glyphs\/A_acute.glif":"\/cgphenixamerican.ufo\/glyphs\/A_acute.glif","\/cgphenixamerican.ufo\/glyphs\/A_circumflex.glif":"\/cgphenixamerican.ufo\/glyphs\/A_circumflex.glif","\/cgphenixamerican.ufo\/glyphs\/A_dieresis.glif":"\/cgphenixamerican.ufo\/glyphs\/A_dieresis.glif","\/cgphenixamerican.ufo\/glyphs\/A_grave.glif":"\/cgphenixamerican.ufo\/glyphs\/A_grave.glif","\/cgphenixamerican.ufo\/glyphs\/A_ring.glif":"\/cgphenixamerican.ufo\/glyphs\/A_ring.glif","\/cgphenixamerican.ufo\/glyphs\/A_tilde.glif":"\/cgphenixamerican.ufo\/glyphs\/A_tilde.glif","\/cgphenixamerican.ufo\/glyphs\/B_.glif":"\/cgphenixamerican.ufo\/glyphs\/B_.glif","\/cgphenixamerican.ufo\/glyphs\/C_.glif":"\/cgphenixamerican.ufo\/glyphs\/C_.glif","\/cgphenixamerican.ufo\/glyphs\/C_cedilla.glif":"\/cgphenixamerican.ufo\/glyphs\/C_cedilla.glif","\/cgphenixamerican.ufo\/glyphs\/D_.glif":"\/cgphenixamerican.ufo\/glyphs\/D_.glif","\/cgphenixamerican.ufo\/glyphs\/D_elta.glif":"\/cgphenixamerican.ufo\/glyphs\/D_elta.glif","\/cgphenixamerican.ufo\/glyphs\/E_.glif":"\/cgphenixamerican.ufo\/glyphs\/E_.glif","\/cgphenixamerican.ufo\/glyphs\/E_acute.glif":"\/cgphenixamerican.ufo\/glyphs\/E_acute.glif","\/cgphenixamerican.ufo\/glyphs\/E_circumflex.glif":"\/cgphenixamerican.ufo\/glyphs\/E_circumflex.glif","\/cgphenixamerican.ufo\/glyphs\/E_dieresis.glif":"\/cgphenixamerican.ufo\/glyphs\/E_dieresis.glif","\/cgphenixamerican.ufo\/glyphs\/E_grave.glif":"\/cgphenixamerican.ufo\/glyphs\/E_grave.glif","\/cgphenixamerican.ufo\/glyphs\/F_.glif":"\/cgphenixamerican.ufo\/glyphs\/F_.glif","\/cgphenixamerican.ufo\/glyphs\/G_.glif":"\/cgphenixamerican.ufo\/glyphs\/G_.glif","\/cgphenixamerican.ufo\/glyphs\/H_.glif":"\/cgphenixamerican.ufo\/glyphs\/H_.glif","\/cgphenixamerican.ufo\/glyphs\/I_.glif":"\/cgphenixamerican.ufo\/glyphs\/I_.glif","\/cgphenixamerican.ufo\/glyphs\/I_acute.glif":"\/cgphenixamerican.ufo\/glyphs\/I_acute.glif","\/cgphenixamerican.ufo\/glyphs\/I_circumflex.glif":"\/cgphenixamerican.ufo\/glyphs\/I_circumflex.glif","\/cgphenixamerican.ufo\/glyphs\/I_dieresis.glif":"\/cgphenixamerican.ufo\/glyphs\/I_dieresis.glif","\/cgphenixamerican.ufo\/glyphs\/I_grave.glif":"\/cgphenixamerican.ufo\/glyphs\/I_grave.glif","\/cgphenixamerican.ufo\/glyphs\/J_.glif":"\/cgphenixamerican.ufo\/glyphs\/J_.glif","\/cgphenixamerican.ufo\/glyphs\/K_.glif":"\/cgphenixamerican.ufo\/glyphs\/K_.glif","\/cgphenixamerican.ufo\/glyphs\/L_.glif":"\/cgphenixamerican.ufo\/glyphs\/L_.glif","\/cgphenixamerican.ufo\/glyphs\/M_.glif":"\/cgphenixamerican.ufo\/glyphs\/M_.glif","\/cgphenixamerican.ufo\/glyphs\/N_.glif":"\/cgphenixamerican.ufo\/glyphs\/N_.glif","\/cgphenixamerican.ufo\/glyphs\/N_tilde.glif":"\/cgphenixamerican.ufo\/glyphs\/N_tilde.glif","\/cgphenixamerican.ufo\/glyphs\/O_.glif":"\/cgphenixamerican.ufo\/glyphs\/O_.glif","\/cgphenixamerican.ufo\/glyphs\/O_E_.glif":"\/cgphenixamerican.ufo\/glyphs\/O_E_.glif","\/cgphenixamerican.ufo\/glyphs\/O_acute.glif":"\/cgphenixamerican.ufo\/glyphs\/O_acute.glif","\/cgphenixamerican.ufo\/glyphs\/O_circumflex.glif":"\/cgphenixamerican.ufo\/glyphs\/O_circumflex.glif","\/cgphenixamerican.ufo\/glyphs\/O_dieresis.glif":"\/cgphenixamerican.ufo\/glyphs\/O_dieresis.glif","\/cgphenixamerican.ufo\/glyphs\/O_grave.glif":"\/cgphenixamerican.ufo\/glyphs\/O_grave.glif","\/cgphenixamerican.ufo\/glyphs\/O_mega.glif":"\/cgphenixamerican.ufo\/glyphs\/O_mega.glif","\/cgphenixamerican.ufo\/glyphs\/O_slash.glif":"\/cgphenixamerican.ufo\/glyphs\/O_slash.glif","\/cgphenixamerican.ufo\/glyphs\/O_tilde.glif":"\/cgphenixamerican.ufo\/glyphs\/O_tilde.glif","\/cgphenixamerican.ufo\/glyphs\/P_.glif":"\/cgphenixamerican.ufo\/glyphs\/P_.glif","\/cgphenixamerican.ufo\/glyphs\/Q_.glif":"\/cgphenixamerican.ufo\/glyphs\/Q_.glif","\/cgphenixamerican.ufo\/glyphs\/R_.glif":"\/cgphenixamerican.ufo\/glyphs\/R_.glif","\/cgphenixamerican.ufo\/glyphs\/S_.glif":"\/cgphenixamerican.ufo\/glyphs\/S_.glif","\/cgphenixamerican.ufo\/glyphs\/T_.glif":"\/cgphenixamerican.ufo\/glyphs\/T_.glif","\/cgphenixamerican.ufo\/glyphs\/U_.glif":"\/cgphenixamerican.ufo\/glyphs\/U_.glif","\/cgphenixamerican.ufo\/glyphs\/U_acute.glif":"\/cgphenixamerican.ufo\/glyphs\/U_acute.glif","\/cgphenixamerican.ufo\/glyphs\/U_circumflex.glif":"\/cgphenixamerican.ufo\/glyphs\/U_circumflex.glif","\/cgphenixamerican.ufo\/glyphs\/U_dieresis.glif":"\/cgphenixamerican.ufo\/glyphs\/U_dieresis.glif","\/cgphenixamerican.ufo\/glyphs\/U_grave.glif":"\/cgphenixamerican.ufo\/glyphs\/U_grave.glif","\/cgphenixamerican.ufo\/glyphs\/V_.glif":"\/cgphenixamerican.ufo\/glyphs\/V_.glif","\/cgphenixamerican.ufo\/glyphs\/W_.glif":"\/cgphenixamerican.ufo\/glyphs\/W_.glif","\/cgphenixamerican.ufo\/glyphs\/X_.glif":"\/cgphenixamerican.ufo\/glyphs\/X_.glif","\/cgphenixamerican.ufo\/glyphs\/Y_.glif":"\/cgphenixamerican.ufo\/glyphs\/Y_.glif","\/cgphenixamerican.ufo\/glyphs\/Y_dieresis.glif":"\/cgphenixamerican.ufo\/glyphs\/Y_dieresis.glif","\/cgphenixamerican.ufo\/glyphs\/Z_.glif":"\/cgphenixamerican.ufo\/glyphs\/Z_.glif","\/cgphenixamerican.ufo\/glyphs\/a.glif":"\/cgphenixamerican.ufo\/glyphs\/a.glif","\/cgphenixamerican.ufo\/glyphs\/aacute.glif":"\/cgphenixamerican.ufo\/glyphs\/aacute.glif","\/cgphenixamerican.ufo\/glyphs\/acircumflex.glif":"\/cgphenixamerican.ufo\/glyphs\/acircumflex.glif","\/cgphenixamerican.ufo\/glyphs\/acute.glif":"\/cgphenixamerican.ufo\/glyphs\/acute.glif","\/cgphenixamerican.ufo\/glyphs\/adieresis.glif":"\/cgphenixamerican.ufo\/glyphs\/adieresis.glif","\/cgphenixamerican.ufo\/glyphs\/ae.glif":"\/cgphenixamerican.ufo\/glyphs\/ae.glif","\/cgphenixamerican.ufo\/glyphs\/agrave.glif":"\/cgphenixamerican.ufo\/glyphs\/agrave.glif","\/cgphenixamerican.ufo\/glyphs\/ampersand.glif":"\/cgphenixamerican.ufo\/glyphs\/ampersand.glif","\/cgphenixamerican.ufo\/glyphs\/apple.glif":"\/cgphenixamerican.ufo\/glyphs\/apple.glif","\/cgphenixamerican.ufo\/glyphs\/approxequal.glif":"\/cgphenixamerican.ufo\/glyphs\/approxequal.glif","\/cgphenixamerican.ufo\/glyphs\/aring.glif":"\/cgphenixamerican.ufo\/glyphs\/aring.glif","\/cgphenixamerican.ufo\/glyphs\/asciicircum.glif":"\/cgphenixamerican.ufo\/glyphs\/asciicircum.glif","\/cgphenixamerican.ufo\/glyphs\/asciitilde.glif":"\/cgphenixamerican.ufo\/glyphs\/asciitilde.glif","\/cgphenixamerican.ufo\/glyphs\/asterisk.glif":"\/cgphenixamerican.ufo\/glyphs\/asterisk.glif","\/cgphenixamerican.ufo\/glyphs\/at.glif":"\/cgphenixamerican.ufo\/glyphs\/at.glif","\/cgphenixamerican.ufo\/glyphs\/atilde.glif":"\/cgphenixamerican.ufo\/glyphs\/atilde.glif","\/cgphenixamerican.ufo\/glyphs\/b.glif":"\/cgphenixamerican.ufo\/glyphs\/b.glif","\/cgphenixamerican.ufo\/glyphs\/backslash.glif":"\/cgphenixamerican.ufo\/glyphs\/backslash.glif","\/cgphenixamerican.ufo\/glyphs\/bar.glif":"\/cgphenixamerican.ufo\/glyphs\/bar.glif","\/cgphenixamerican.ufo\/glyphs\/braceleft.glif":"\/cgphenixamerican.ufo\/glyphs\/braceleft.glif","\/cgphenixamerican.ufo\/glyphs\/braceright.glif":"\/cgphenixamerican.ufo\/glyphs\/braceright.glif","\/cgphenixamerican.ufo\/glyphs\/bracketleft.glif":"\/cgphenixamerican.ufo\/glyphs\/bracketleft.glif","\/cgphenixamerican.ufo\/glyphs\/bracketright.glif":"\/cgphenixamerican.ufo\/glyphs\/bracketright.glif","\/cgphenixamerican.ufo\/glyphs\/bullet.glif":"\/cgphenixamerican.ufo\/glyphs\/bullet.glif","\/cgphenixamerican.ufo\/glyphs\/c.glif":"\/cgphenixamerican.ufo\/glyphs\/c.glif","\/cgphenixamerican.ufo\/glyphs\/ccedilla.glif":"\/cgphenixamerican.ufo\/glyphs\/ccedilla.glif","\/cgphenixamerican.ufo\/glyphs\/cedilla.glif":"\/cgphenixamerican.ufo\/glyphs\/cedilla.glif","\/cgphenixamerican.ufo\/glyphs\/cent.glif":"\/cgphenixamerican.ufo\/glyphs\/cent.glif","\/cgphenixamerican.ufo\/glyphs\/circumflex.glif":"\/cgphenixamerican.ufo\/glyphs\/circumflex.glif","\/cgphenixamerican.ufo\/glyphs\/colon.glif":"\/cgphenixamerican.ufo\/glyphs\/colon.glif","\/cgphenixamerican.ufo\/glyphs\/comma.glif":"\/cgphenixamerican.ufo\/glyphs\/comma.glif","\/cgphenixamerican.ufo\/glyphs\/contents.plist":"\/cgphenixamerican.ufo\/glyphs\/contents.plist","\/cgphenixamerican.ufo\/glyphs\/copyright.glif":"\/cgphenixamerican.ufo\/glyphs\/copyright.glif","\/cgphenixamerican.ufo\/glyphs\/currency.glif":"\/cgphenixamerican.ufo\/glyphs\/currency.glif","\/cgphenixamerican.ufo\/glyphs\/d.glif":"\/cgphenixamerican.ufo\/glyphs\/d.glif","\/cgphenixamerican.ufo\/glyphs\/dagger.glif":"\/cgphenixamerican.ufo\/glyphs\/dagger.glif","\/cgphenixamerican.ufo\/glyphs\/daggerdbl.glif":"\/cgphenixamerican.ufo\/glyphs\/daggerdbl.glif","\/cgphenixamerican.ufo\/glyphs\/degree.glif":"\/cgphenixamerican.ufo\/glyphs\/degree.glif","\/cgphenixamerican.ufo\/glyphs\/dieresis.glif":"\/cgphenixamerican.ufo\/glyphs\/dieresis.glif","\/cgphenixamerican.ufo\/glyphs\/divide.glif":"\/cgphenixamerican.ufo\/glyphs\/divide.glif","\/cgphenixamerican.ufo\/glyphs\/dollar.glif":"\/cgphenixamerican.ufo\/glyphs\/dollar.glif","\/cgphenixamerican.ufo\/glyphs\/dotlessi.glif":"\/cgphenixamerican.ufo\/glyphs\/dotlessi.glif","\/cgphenixamerican.ufo\/glyphs\/e.glif":"\/cgphenixamerican.ufo\/glyphs\/e.glif","\/cgphenixamerican.ufo\/glyphs\/eacute.glif":"\/cgphenixamerican.ufo\/glyphs\/eacute.glif","\/cgphenixamerican.ufo\/glyphs\/ecircumflex.glif":"\/cgphenixamerican.ufo\/glyphs\/ecircumflex.glif","\/cgphenixamerican.ufo\/glyphs\/edieresis.glif":"\/cgphenixamerican.ufo\/glyphs\/edieresis.glif","\/cgphenixamerican.ufo\/glyphs\/egrave.glif":"\/cgphenixamerican.ufo\/glyphs\/egrave.glif","\/cgphenixamerican.ufo\/glyphs\/eight.glif":"\/cgphenixamerican.ufo\/glyphs\/eight.glif","\/cgphenixamerican.ufo\/glyphs\/ellipsis.glif":"\/cgphenixamerican.ufo\/glyphs\/ellipsis.glif","\/cgphenixamerican.ufo\/glyphs\/emdash.glif":"\/cgphenixamerican.ufo\/glyphs\/emdash.glif","\/cgphenixamerican.ufo\/glyphs\/endash.glif":"\/cgphenixamerican.ufo\/glyphs\/endash.glif","\/cgphenixamerican.ufo\/glyphs\/equal.glif":"\/cgphenixamerican.ufo\/glyphs\/equal.glif","\/cgphenixamerican.ufo\/glyphs\/exclam.glif":"\/cgphenixamerican.ufo\/glyphs\/exclam.glif","\/cgphenixamerican.ufo\/glyphs\/exclamdown.glif":"\/cgphenixamerican.ufo\/glyphs\/exclamdown.glif","\/cgphenixamerican.ufo\/glyphs\/f.glif":"\/cgphenixamerican.ufo\/glyphs\/f.glif","\/cgphenixamerican.ufo\/glyphs\/fi.glif":"\/cgphenixamerican.ufo\/glyphs\/fi.glif","\/cgphenixamerican.ufo\/glyphs\/five.glif":"\/cgphenixamerican.ufo\/glyphs\/five.glif","\/cgphenixamerican.ufo\/glyphs\/fl.glif":"\/cgphenixamerican.ufo\/glyphs\/fl.glif","\/cgphenixamerican.ufo\/glyphs\/florin.glif":"\/cgphenixamerican.ufo\/glyphs\/florin.glif","\/cgphenixamerican.ufo\/glyphs\/four.glif":"\/cgphenixamerican.ufo\/glyphs\/four.glif","\/cgphenixamerican.ufo\/glyphs\/fraction.glif":"\/cgphenixamerican.ufo\/glyphs\/fraction.glif","\/cgphenixamerican.ufo\/glyphs\/g.glif":"\/cgphenixamerican.ufo\/glyphs\/g.glif","\/cgphenixamerican.ufo\/glyphs\/germandbls.glif":"\/cgphenixamerican.ufo\/glyphs\/germandbls.glif","\/cgphenixamerican.ufo\/glyphs\/grave.glif":"\/cgphenixamerican.ufo\/glyphs\/grave.glif","\/cgphenixamerican.ufo\/glyphs\/greater.glif":"\/cgphenixamerican.ufo\/glyphs\/greater.glif","\/cgphenixamerican.ufo\/glyphs\/greaterequal.glif":"\/cgphenixamerican.ufo\/glyphs\/greaterequal.glif","\/cgphenixamerican.ufo\/glyphs\/guillemotleft.glif":"\/cgphenixamerican.ufo\/glyphs\/guillemotleft.glif","\/cgphenixamerican.ufo\/glyphs\/guillemotright.glif":"\/cgphenixamerican.ufo\/glyphs\/guillemotright.glif","\/cgphenixamerican.ufo\/glyphs\/guilsinglleft.glif":"\/cgphenixamerican.ufo\/glyphs\/guilsinglleft.glif","\/cgphenixamerican.ufo\/glyphs\/guilsinglright.glif":"\/cgphenixamerican.ufo\/glyphs\/guilsinglright.glif","\/cgphenixamerican.ufo\/glyphs\/h.glif":"\/cgphenixamerican.ufo\/glyphs\/h.glif","\/cgphenixamerican.ufo\/glyphs\/hyphen.glif":"\/cgphenixamerican.ufo\/glyphs\/hyphen.glif","\/cgphenixamerican.ufo\/glyphs\/i.glif":"\/cgphenixamerican.ufo\/glyphs\/i.glif","\/cgphenixamerican.ufo\/glyphs\/iacute.glif":"\/cgphenixamerican.ufo\/glyphs\/iacute.glif","\/cgphenixamerican.ufo\/glyphs\/icircumflex.glif":"\/cgphenixamerican.ufo\/glyphs\/icircumflex.glif","\/cgphenixamerican.ufo\/glyphs\/idieresis.glif":"\/cgphenixamerican.ufo\/glyphs\/idieresis.glif","\/cgphenixamerican.ufo\/glyphs\/igrave.glif":"\/cgphenixamerican.ufo\/glyphs\/igrave.glif","\/cgphenixamerican.ufo\/glyphs\/infinity.glif":"\/cgphenixamerican.ufo\/glyphs\/infinity.glif","\/cgphenixamerican.ufo\/glyphs\/integral.glif":"\/cgphenixamerican.ufo\/glyphs\/integral.glif","\/cgphenixamerican.ufo\/glyphs\/j.glif":"\/cgphenixamerican.ufo\/glyphs\/j.glif","\/cgphenixamerican.ufo\/glyphs\/k.glif":"\/cgphenixamerican.ufo\/glyphs\/k.glif","\/cgphenixamerican.ufo\/glyphs\/l.glif":"\/cgphenixamerican.ufo\/glyphs\/l.glif","\/cgphenixamerican.ufo\/glyphs\/less.glif":"\/cgphenixamerican.ufo\/glyphs\/less.glif","\/cgphenixamerican.ufo\/glyphs\/lessequal.glif":"\/cgphenixamerican.ufo\/glyphs\/lessequal.glif","\/cgphenixamerican.ufo\/glyphs\/logicalnot.glif":"\/cgphenixamerican.ufo\/glyphs\/logicalnot.glif","\/cgphenixamerican.ufo\/glyphs\/lozenge.glif":"\/cgphenixamerican.ufo\/glyphs\/lozenge.glif","\/cgphenixamerican.ufo\/glyphs\/m.glif":"\/cgphenixamerican.ufo\/glyphs\/m.glif","\/cgphenixamerican.ufo\/glyphs\/mu.glif":"\/cgphenixamerican.ufo\/glyphs\/mu.glif","\/cgphenixamerican.ufo\/glyphs\/n.glif":"\/cgphenixamerican.ufo\/glyphs\/n.glif","\/cgphenixamerican.ufo\/glyphs\/nine.glif":"\/cgphenixamerican.ufo\/glyphs\/nine.glif","\/cgphenixamerican.ufo\/glyphs\/nonbreakingspace.glif":"\/cgphenixamerican.ufo\/glyphs\/nonbreakingspace.glif","\/cgphenixamerican.ufo\/glyphs\/notequal.glif":"\/cgphenixamerican.ufo\/glyphs\/notequal.glif","\/cgphenixamerican.ufo\/glyphs\/ntilde.glif":"\/cgphenixamerican.ufo\/glyphs\/ntilde.glif","\/cgphenixamerican.ufo\/glyphs\/numbersign.glif":"\/cgphenixamerican.ufo\/glyphs\/numbersign.glif","\/cgphenixamerican.ufo\/glyphs\/o.glif":"\/cgphenixamerican.ufo\/glyphs\/o.glif","\/cgphenixamerican.ufo\/glyphs\/oacute.glif":"\/cgphenixamerican.ufo\/glyphs\/oacute.glif","\/cgphenixamerican.ufo\/glyphs\/ocircumflex.glif":"\/cgphenixamerican.ufo\/glyphs\/ocircumflex.glif","\/cgphenixamerican.ufo\/glyphs\/odieresis.glif":"\/cgphenixamerican.ufo\/glyphs\/odieresis.glif","\/cgphenixamerican.ufo\/glyphs\/oe.glif":"\/cgphenixamerican.ufo\/glyphs\/oe.glif","\/cgphenixamerican.ufo\/glyphs\/ograve.glif":"\/cgphenixamerican.ufo\/glyphs\/ograve.glif","\/cgphenixamerican.ufo\/glyphs\/one.glif":"\/cgphenixamerican.ufo\/glyphs\/one.glif","\/cgphenixamerican.ufo\/glyphs\/ordfeminine.glif":"\/cgphenixamerican.ufo\/glyphs\/ordfeminine.glif","\/cgphenixamerican.ufo\/glyphs\/ordmasculine.glif":"\/cgphenixamerican.ufo\/glyphs\/ordmasculine.glif","\/cgphenixamerican.ufo\/glyphs\/oslash.glif":"\/cgphenixamerican.ufo\/glyphs\/oslash.glif","\/cgphenixamerican.ufo\/glyphs\/otilde.glif":"\/cgphenixamerican.ufo\/glyphs\/otilde.glif","\/cgphenixamerican.ufo\/glyphs\/p.glif":"\/cgphenixamerican.ufo\/glyphs\/p.glif","\/cgphenixamerican.ufo\/glyphs\/paragraph.glif":"\/cgphenixamerican.ufo\/glyphs\/paragraph.glif","\/cgphenixamerican.ufo\/glyphs\/parenleft.glif":"\/cgphenixamerican.ufo\/glyphs\/parenleft.glif","\/cgphenixamerican.ufo\/glyphs\/parenright.glif":"\/cgphenixamerican.ufo\/glyphs\/parenright.glif","\/cgphenixamerican.ufo\/glyphs\/partialdiff.glif":"\/cgphenixamerican.ufo\/glyphs\/partialdiff.glif","\/cgphenixamerican.ufo\/glyphs\/percent.glif":"\/cgphenixamerican.ufo\/glyphs\/percent.glif","\/cgphenixamerican.ufo\/glyphs\/period.glif":"\/cgphenixamerican.ufo\/glyphs\/period.glif","\/cgphenixamerican.ufo\/glyphs\/periodcentered.glif":"\/cgphenixamerican.ufo\/glyphs\/periodcentered.glif","\/cgphenixamerican.ufo\/glyphs\/perthousand.glif":"\/cgphenixamerican.ufo\/glyphs\/perthousand.glif","\/cgphenixamerican.ufo\/glyphs\/pi.glif":"\/cgphenixamerican.ufo\/glyphs\/pi.glif","\/cgphenixamerican.ufo\/glyphs\/plus.glif":"\/cgphenixamerican.ufo\/glyphs\/plus.glif","\/cgphenixamerican.ufo\/glyphs\/plusminus.glif":"\/cgphenixamerican.ufo\/glyphs\/plusminus.glif","\/cgphenixamerican.ufo\/glyphs\/product.glif":"\/cgphenixamerican.ufo\/glyphs\/product.glif","\/cgphenixamerican.ufo\/glyphs\/q.glif":"\/cgphenixamerican.ufo\/glyphs\/q.glif","\/cgphenixamerican.ufo\/glyphs\/question.glif":"\/cgphenixamerican.ufo\/glyphs\/question.glif","\/cgphenixamerican.ufo\/glyphs\/questiondown.glif":"\/cgphenixamerican.ufo\/glyphs\/questiondown.glif","\/cgphenixamerican.ufo\/glyphs\/quotedbl.glif":"\/cgphenixamerican.ufo\/glyphs\/quotedbl.glif","\/cgphenixamerican.ufo\/glyphs\/quotedblbase.glif":"\/cgphenixamerican.ufo\/glyphs\/quotedblbase.glif","\/cgphenixamerican.ufo\/glyphs\/quotedblleft.glif":"\/cgphenixamerican.ufo\/glyphs\/quotedblleft.glif","\/cgphenixamerican.ufo\/glyphs\/quotedblright.glif":"\/cgphenixamerican.ufo\/glyphs\/quotedblright.glif","\/cgphenixamerican.ufo\/glyphs\/quoteleft.glif":"\/cgphenixamerican.ufo\/glyphs\/quoteleft.glif","\/cgphenixamerican.ufo\/glyphs\/quoteright.glif":"\/cgphenixamerican.ufo\/glyphs\/quoteright.glif","\/cgphenixamerican.ufo\/glyphs\/quotesinglbase.glif":"\/cgphenixamerican.ufo\/glyphs\/quotesinglbase.glif","\/cgphenixamerican.ufo\/glyphs\/quotesingle.glif":"\/cgphenixamerican.ufo\/glyphs\/quotesingle.glif","\/cgphenixamerican.ufo\/glyphs\/r.glif":"\/cgphenixamerican.ufo\/glyphs\/r.glif","\/cgphenixamerican.ufo\/glyphs\/radical.glif":"\/cgphenixamerican.ufo\/glyphs\/radical.glif","\/cgphenixamerican.ufo\/glyphs\/registered.glif":"\/cgphenixamerican.ufo\/glyphs\/registered.glif","\/cgphenixamerican.ufo\/glyphs\/ring.glif":"\/cgphenixamerican.ufo\/glyphs\/ring.glif","\/cgphenixamerican.ufo\/glyphs\/s.glif":"\/cgphenixamerican.ufo\/glyphs\/s.glif","\/cgphenixamerican.ufo\/glyphs\/section.glif":"\/cgphenixamerican.ufo\/glyphs\/section.glif","\/cgphenixamerican.ufo\/glyphs\/semicolon.glif":"\/cgphenixamerican.ufo\/glyphs\/semicolon.glif","\/cgphenixamerican.ufo\/glyphs\/seven.glif":"\/cgphenixamerican.ufo\/glyphs\/seven.glif","\/cgphenixamerican.ufo\/glyphs\/six.glif":"\/cgphenixamerican.ufo\/glyphs\/six.glif","\/cgphenixamerican.ufo\/glyphs\/slash.glif":"\/cgphenixamerican.ufo\/glyphs\/slash.glif","\/cgphenixamerican.ufo\/glyphs\/space.glif":"\/cgphenixamerican.ufo\/glyphs\/space.glif","\/cgphenixamerican.ufo\/glyphs\/sterling.glif":"\/cgphenixamerican.ufo\/glyphs\/sterling.glif","\/cgphenixamerican.ufo\/glyphs\/summation.glif":"\/cgphenixamerican.ufo\/glyphs\/summation.glif","\/cgphenixamerican.ufo\/glyphs\/t.glif":"\/cgphenixamerican.ufo\/glyphs\/t.glif","\/cgphenixamerican.ufo\/glyphs\/three.glif":"\/cgphenixamerican.ufo\/glyphs\/three.glif","\/cgphenixamerican.ufo\/glyphs\/tilde.glif":"\/cgphenixamerican.ufo\/glyphs\/tilde.glif","\/cgphenixamerican.ufo\/glyphs\/trademark.glif":"\/cgphenixamerican.ufo\/glyphs\/trademark.glif","\/cgphenixamerican.ufo\/glyphs\/two.glif":"\/cgphenixamerican.ufo\/glyphs\/two.glif","\/cgphenixamerican.ufo\/glyphs\/u.glif":"\/cgphenixamerican.ufo\/glyphs\/u.glif","\/cgphenixamerican.ufo\/glyphs\/uacute.glif":"\/cgphenixamerican.ufo\/glyphs\/uacute.glif","\/cgphenixamerican.ufo\/glyphs\/ucircumflex.glif":"\/cgphenixamerican.ufo\/glyphs\/ucircumflex.glif","\/cgphenixamerican.ufo\/glyphs\/udieresis.glif":"\/cgphenixamerican.ufo\/glyphs\/udieresis.glif","\/cgphenixamerican.ufo\/glyphs\/ugrave.glif":"\/cgphenixamerican.ufo\/glyphs\/ugrave.glif","\/cgphenixamerican.ufo\/glyphs\/underscore.glif":"\/cgphenixamerican.ufo\/glyphs\/underscore.glif","\/cgphenixamerican.ufo\/glyphs\/v.glif":"\/cgphenixamerican.ufo\/glyphs\/v.glif","\/cgphenixamerican.ufo\/glyphs\/w.glif":"\/cgphenixamerican.ufo\/glyphs\/w.glif","\/cgphenixamerican.ufo\/glyphs\/x.glif":"\/cgphenixamerican.ufo\/glyphs\/x.glif","\/cgphenixamerican.ufo\/glyphs\/y.glif":"\/cgphenixamerican.ufo\/glyphs\/y.glif","\/cgphenixamerican.ufo\/glyphs\/ydieresis.glif":"\/cgphenixamerican.ufo\/glyphs\/ydieresis.glif","\/cgphenixamerican.ufo\/glyphs\/yen.glif":"\/cgphenixamerican.ufo\/glyphs\/yen.glif","\/cgphenixamerican.ufo\/glyphs\/z.glif":"\/cgphenixamerican.ufo\/glyphs\/z.glif","\/cgphenixamerican.ufo\/glyphs\/zero.glif":"\/cgphenixamerican.ufo\/glyphs\/zero.glif"},"Font":{"uploaded":1475708641.1231,"licence":"gpl3","company":"Chronolabs Cooperative","title":"Cg Phenix American","version":3.002,"date":"Sun Aug 28 08:13:54 2016","creator":"root","type":"1","matrix":"0.001 0 0 0.001 0 0","named":"CgPhenixAmerican","painttype":"0","info":"9 dict dup","name":"CgPhenixAmerican","family":"CgPhenixAmerican","weight":"Medium","fstype":"0","italicangle":"0","underlineposition":"","underlinethickness":""},"Licences":{"":false},"Table":{"FFTM":{"entryLength":16,"tag":"FFTM","checksum":1947018516,"offset":28372,"length":28},"GDEF":{"entryLength":16,"tag":"GDEF","checksum":17367046,"offset":28340,"length":32},"OS\/2":{"entryLength":16,"tag":"OS\/2","checksum":2009414375,"offset":344,"length":86},"cmap":{"entryLength":16,"tag":"cmap","checksum":332225530,"offset":1312,"length":712},"gasp":{"entryLength":16,"tag":"gasp","checksum":4294901763,"offset":28332,"length":8},"glyf":{"entryLength":16,"tag":"glyf","checksum":1388263847,"offset":2468,"length":24876},"head":{"entryLength":16,"tag":"head","checksum":177846111,"offset":220,"length":54},"hhea":{"entryLength":16,"tag":"hhea","checksum":127075046,"offset":276,"length":36},"hmtx":{"entryLength":16,"tag":"hmtx","checksum":958801178,"offset":432,"length":878},"loca":{"entryLength":16,"tag":"loca","checksum":227407262,"offset":2024,"length":442},"maxp":{"entryLength":16,"tag":"maxp","checksum":19202226,"offset":312,"length":32},"name":{"entryLength":16,"tag":"name","checksum":1434143722,"offset":27344,"length":510},"post":{"entryLength":16,"tag":"post","checksum":815672878,"offset":27856,"length":474}},"UnicodeCharMap":{"32":8,"33":9,"34":10,"35":11,"36":12,"37":13,"38":14,"39":15,"40":16,"41":17,"42":18,"43":19,"44":20,"45":21,"46":22,"47":23,"48":24,"49":25,"50":26,"51":27,"52":28,"53":29,"54":30,"55":31,"56":32,"57":33,"58":34,"59":35,"60":36,"61":37,"62":38,"63":39,"64":40,"65":41,"66":42,"67":43,"68":44,"69":45,"70":46,"71":47,"72":48,"73":49,"74":50,"75":51,"76":52,"77":53,"78":54,"79":55,"80":56,"81":57,"82":58,"83":59,"84":60,"85":61,"86":62,"87":63,"88":64,"89":65,"90":66,"91":67,"92":68,"93":69,"94":70,"95":71,"96":72,"97":73,"98":74,"99":75,"100":76,"101":77,"102":78,"103":79,"104":80,"105":81,"106":82,"107":83,"108":84,"109":85,"110":86,"111":87,"112":88,"113":89,"114":90,"115":91,"116":92,"117":93,"118":94,"119":95,"120":96,"121":97,"122":98,"123":99,"124":100,"125":101,"126":102,"160":217,"161":103,"162":104,"163":105,"164":106,"165":107,"167":108,"168":109,"169":110,"170":111,"171":112,"172":113,"174":114,"176":115,"177":116,"180":117,"182":119,"183":120,"184":121,"186":122,"187":123,"191":124,"192":125,"193":126,"194":127,"195":128,"196":129,"197":130,"198":131,"199":132,"200":133,"201":134,"202":135,"203":136,"204":137,"205":138,"206":139,"207":140,"209":141,"210":142,"211":143,"212":144,"213":145,"214":146,"216":147,"217":148,"218":149,"219":150,"220":151,"223":152,"224":153,"225":154,"226":155,"227":156,"228":157,"229":158,"230":159,"231":160,"232":161,"233":162,"234":163,"235":164,"236":165,"237":166,"238":167,"239":168,"241":169,"242":170,"243":171,"244":172,"245":173,"246":174,"247":175,"248":176,"249":177,"250":178,"251":179,"252":180,"255":181,"305":4,"338":191,"339":202,"376":203,"402":183,"710":188,"730":3,"732":199,"916":216,"937":213,"956":118,"960":211,"8211":197,"8212":198,"8216":192,"8217":193,"8218":182,"8220":194,"8221":195,"8222":184,"8224":186,"8225":187,"8226":196,"8230":185,"8240":189,"8249":190,"8250":201,"8260":5,"8482":200,"8706":208,"8719":210,"8721":209,"8730":214,"8734":205,"8747":212,"8776":215,"8800":204,"8804":206,"8805":207,"9674":218,"64257":6,"64258":7},"Reserves":{"fontname":"Cg Phenix American"},"Names":{"Cg Phenix American":{"name":"Cg Phenix American","longitude":"0.00000001","latitude":"0.00000001","country":"","region":"","city":""}},"Nodes":{"ph":{"type":"typal","node":"ph","usage":1,"weight":1},"ix":{"type":"typal","node":"ix","usage":1,"weight":1},"am":{"type":"typal","node":"am","usage":1,"weight":1},"an":{"type":"typal","node":"an","usage":1,"weight":1},"phe":{"type":"typal","node":"phe","usage":1,"weight":1},"nix":{"type":"typal","node":"nix","usage":1,"weight":1},"ame":{"type":"typal","node":"ame","usage":1,"weight":1},"can":{"type":"typal","node":"can","usage":1,"weight":1},"phen":{"type":"keys","node":"phen","usage":1,"weight":1},"enix":{"type":"keys","node":"enix","usage":1,"weight":1},"amer":{"type":"keys","node":"amer","usage":1,"weight":1},"ican":{"type":"keys","node":"ican","usage":1,"weight":1},"pheni":{"type":"keys","node":"pheni","usage":1,"weight":1},"henix":{"type":"keys","node":"henix","usage":1,"weight":1},"ameri":{"type":"keys","node":"ameri","usage":1,"weight":1},"rican":{"type":"keys","node":"rican","usage":1,"weight":1},"cg":{"type":"fixes","node":"cg","usage":1,"weight":1},"phenix":{"type":"fixes","node":"phenix","usage":1,"weight":1},"american":{"type":"fixes","node":"american","usage":1,"weight":1}},"Contributors":[],"FontIdentity":"aphgovau:3d9afce8783323aa4edb7b0","Bytes":null,"Networking":[],"barcode":"wgwe6qwyccqw3","referee":"6au2qym"}