{"CSS":{"Bembo Std Bold Italic":"Bembo+Std+Bold+Italic.css"},"FontType":"TrueType","FontCopyright":"Copyright 1990, 2002 Adobe Systems Incorporated. All rights reserved. Copyright 1990, 2002 The Monotype Corporation PLC. All rights reserved. Bembo is a trademark of The Monotype Corporation registered in the U.S. Patent and Trademark Office and which may be registered in certain other jurisdictions.","FontName":"Bembo Std","FontSubfamily":"BoldItalic","FontSubfamilyID":"FontForge 2.0 : Bembo Std Bold Italic : 16-8-2016","FontFullName":"Bembo Std Bold Italic","FontVersion":"Version 002.000 ","FontWeight":null,"FontPostscriptName":"BemboStd-BoldItalic","Files":{"bembostd-bolditalic.afm":"bembostd-bolditalic.afm","bembostd-bolditalic.bin":"bembostd-bolditalic.bin","bembostd-bolditalic.cef":"bembostd-bolditalic.cef","bembostd-bolditalic.cff":"bembostd-bolditalic.cff","bembostd-bolditalic.cid":"bembostd-bolditalic.cid","bembostd-bolditalic.dfont":"bembostd-bolditalic.dfont","bembostd-bolditalic.eot":"bembostd-bolditalic.eot","bembostd-bolditalic.fon":"bembostd-bolditalic.fon","bembostd-bolditalic.gai":"bembostd-bolditalic.gai","bembostd-bolditalic.gsf":"bembostd-bolditalic.gsf","bembostd-bolditalic.hqx":"bembostd-bolditalic.hqx","bembostd-bolditalic.ik":"bembostd-bolditalic.ik","bembostd-bolditalic.mf":"bembostd-bolditalic.mf","bembostd-bolditalic.otf":"bembostd-bolditalic.otf","bembostd-bolditalic.pcf":"bembostd-bolditalic.pcf","bembostd-bolditalic.pf3":"bembostd-bolditalic.pf3","bembostd-bolditalic.pfa":"bembostd-bolditalic.pfa","bembostd-bolditalic.pfb":"bembostd-bolditalic.pfb","bembostd-bolditalic.php":"bembostd-bolditalic.php","bembostd-bolditalic.pmf":"bembostd-bolditalic.pmf","bembostd-bolditalic.pt3":"bembostd-bolditalic.pt3","bembostd-bolditalic.sfd":"bembostd-bolditalic.sfd","bembostd-bolditalic.svg":"bembostd-bolditalic.svg","bembostd-bolditalic.t42":"bembostd-bolditalic.t42","bembostd-bolditalic.ttd":"bembostd-bolditalic.ttd","bembostd-bolditalic.ttf":"bembostd-bolditalic.ttf","bembostd-bolditalic.ttg":"bembostd-bolditalic.ttg","bembostd-bolditalic.ufm":"bembostd-bolditalic.ufm","bembostd-bolditalic.woff":"bembostd-bolditalic.woff","bembostd-bolditalic.z":"bembostd-bolditalic.z","":{"bembostd-bolditalic.afm":"bembostd-bolditalic.afm","bembostd-bolditalic.bin":"bembostd-bolditalic.bin","bembostd-bolditalic.cef":"bembostd-bolditalic.cef","bembostd-bolditalic.cff":"bembostd-bolditalic.cff","bembostd-bolditalic.cid":"bembostd-bolditalic.cid","bembostd-bolditalic.dfont":"bembostd-bolditalic.dfont","bembostd-bolditalic.eot":"bembostd-bolditalic.eot","bembostd-bolditalic.fon":"bembostd-bolditalic.fon","bembostd-bolditalic.gai":"bembostd-bolditalic.gai","bembostd-bolditalic.gsf":"bembostd-bolditalic.gsf","bembostd-bolditalic.hqx":"bembostd-bolditalic.hqx","bembostd-bolditalic.ik":"bembostd-bolditalic.ik","bembostd-bolditalic.mf":"bembostd-bolditalic.mf","bembostd-bolditalic.otf":"bembostd-bolditalic.otf","bembostd-bolditalic.pcf":"bembostd-bolditalic.pcf","bembostd-bolditalic.pf3":"bembostd-bolditalic.pf3","bembostd-bolditalic.pfa":"bembostd-bolditalic.pfa","bembostd-bolditalic.pfb":"bembostd-bolditalic.pfb","bembostd-bolditalic.php":"bembostd-bolditalic.php","bembostd-bolditalic.pmf":"bembostd-bolditalic.pmf","bembostd-bolditalic.pt3":"bembostd-bolditalic.pt3","bembostd-bolditalic.sfd":"bembostd-bolditalic.sfd","bembostd-bolditalic.svg":"bembostd-bolditalic.svg","bembostd-bolditalic.t42":"bembostd-bolditalic.t42","bembostd-bolditalic.ttd":"bembostd-bolditalic.ttd","bembostd-bolditalic.ttf":"bembostd-bolditalic.ttf","bembostd-bolditalic.ttg":"bembostd-bolditalic.ttg","bembostd-bolditalic.ufm":"bembostd-bolditalic.ufm","bembostd-bolditalic.woff":"bembostd-bolditalic.woff","bembostd-bolditalic.z":"bembostd-bolditalic.z"},"\/bembostd-bolditalic.ufo":{"feature.fea":"feature.fea","fontinfo.plist":"fontinfo.plist","groups.plist":"groups.plist","kerning.plist":"kerning.plist","metainfo.plist":"metainfo.plist"},"\/bembostd-bolditalic.ufo\/glyphs":{"A_.glif":"A_.glif","A_E_.glif":"A_E_.glif","A_acute.glif":"A_acute.glif","A_circumflex.glif":"A_circumflex.glif","A_dieresis.glif":"A_dieresis.glif","A_grave.glif":"A_grave.glif","A_ring.glif":"A_ring.glif","A_tilde.glif":"A_tilde.glif","B_.glif":"B_.glif","C_.glif":"C_.glif","C_cedilla.glif":"C_cedilla.glif","D_.glif":"D_.glif","D_elta.glif":"D_elta.glif","E_.glif":"E_.glif","E_acute.glif":"E_acute.glif","E_circumflex.glif":"E_circumflex.glif","E_dieresis.glif":"E_dieresis.glif","E_grave.glif":"E_grave.glif","E_th.glif":"E_th.glif","E_uro.glif":"E_uro.glif","F_.glif":"F_.glif","G_.glif":"G_.glif","H_.glif":"H_.glif","I_.glif":"I_.glif","I_acute.glif":"I_acute.glif","I_circumflex.glif":"I_circumflex.glif","I_dieresis.glif":"I_dieresis.glif","I_grave.glif":"I_grave.glif","J_.glif":"J_.glif","K_.glif":"K_.glif","L_.glif":"L_.glif","L_slash.glif":"L_slash.glif","M_.glif":"M_.glif","N_.glif":"N_.glif","N_tilde.glif":"N_tilde.glif","O_.glif":"O_.glif","O_E_.glif":"O_E_.glif","O_acute.glif":"O_acute.glif","O_circumflex.glif":"O_circumflex.glif","O_dieresis.glif":"O_dieresis.glif","O_grave.glif":"O_grave.glif","O_mega.glif":"O_mega.glif","O_slash.glif":"O_slash.glif","O_tilde.glif":"O_tilde.glif","P_.glif":"P_.glif","Q_.glif":"Q_.glif","R_.alt.glif":"R_.alt.glif","R_.glif":"R_.glif","R__p.glif":"R__p.glif","S_.glif":"S_.glif","S_caron.glif":"S_caron.glif","T_.glif":"T_.glif","T_horn.glif":"T_horn.glif","U_.glif":"U_.glif","U_acute.glif":"U_acute.glif","U_circumflex.glif":"U_circumflex.glif","U_dieresis.glif":"U_dieresis.glif","U_grave.glif":"U_grave.glif","V_.glif":"V_.glif","W_.glif":"W_.glif","X_.glif":"X_.glif","Y_.glif":"Y_.glif","Y_acute.glif":"Y_acute.glif","Y_dieresis.glif":"Y_dieresis.glif","Z_.glif":"Z_.glif","Z_caron.glif":"Z_caron.glif","_notdef.glif":"_notdef.glif","a.glif":"a.glif","a.superior.glif":"a.superior.glif","aacute.glif":"aacute.glif","acircumflex.glif":"acircumflex.glif","acute.glif":"acute.glif","adieresis.glif":"adieresis.glif","ae.glif":"ae.glif","afii61289.glif":"afii61289.glif","agrave.glif":"agrave.glif","ampersand.glif":"ampersand.glif","approxequal.glif":"approxequal.glif","aring.glif":"aring.glif","asciicircum.glif":"asciicircum.glif","asciitilde.glif":"asciitilde.glif","asterisk.glif":"asterisk.glif","at.glif":"at.glif","atilde.glif":"atilde.glif","b.glif":"b.glif","b.superior.glif":"b.superior.glif","backslash.glif":"backslash.glif","bar.glif":"bar.glif","braceleft.glif":"braceleft.glif","braceright.glif":"braceright.glif","bracketleft.glif":"bracketleft.glif","bracketright.glif":"bracketright.glif","breve.glif":"breve.glif","brokenbar.glif":"brokenbar.glif","bullet.glif":"bullet.glif","c.glif":"c.glif","caron.glif":"caron.glif","ccedilla.glif":"ccedilla.glif","cedilla.glif":"cedilla.glif","cent.glif":"cent.glif","cent.inferior.glif":"cent.inferior.glif","cent.superior.glif":"cent.superior.glif","cent.taboldstyle.glif":"cent.taboldstyle.glif","circumflex.glif":"circumflex.glif","colon.glif":"colon.glif","colonmonetary.glif":"colonmonetary.glif","comma.glif":"comma.glif","comma.inferior.glif":"comma.inferior.glif","comma.superior.glif":"comma.superior.glif","contents.plist":"contents.plist","copyright.glif":"copyright.glif","currency.glif":"currency.glif","d.glif":"d.glif","d.superior.glif":"d.superior.glif","dagger.glif":"dagger.glif","daggerdbl.glif":"daggerdbl.glif","degree.glif":"degree.glif","dieresis.glif":"dieresis.glif","divide.glif":"divide.glif","dollar.glif":"dollar.glif","dollar.inferior.glif":"dollar.inferior.glif","dollar.superior.glif":"dollar.superior.glif","dollar.taboldstyle.glif":"dollar.taboldstyle.glif","dotaccent.glif":"dotaccent.glif","dotlessi.glif":"dotlessi.glif","e.glif":"e.glif","e.superior.glif":"e.superior.glif","eacute.glif":"eacute.glif","ecircumflex.glif":"ecircumflex.glif","edieresis.glif":"edieresis.glif","egrave.glif":"egrave.glif","eight.denominator.glif":"eight.denominator.glif","eight.glif":"eight.glif","eight.inferior.glif":"eight.inferior.glif","eight.numerator.glif":"eight.numerator.glif","eight.superior.glif":"eight.superior.glif","eight.taboldstyle.glif":"eight.taboldstyle.glif","ellipsis.glif":"ellipsis.glif","emdash.alt.glif":"emdash.alt.glif","emdash.glif":"emdash.glif","endash.glif":"endash.glif","equal.glif":"equal.glif","estimated.glif":"estimated.glif","eth.glif":"eth.glif","exclam.glif":"exclam.glif","exclamdown.glif":"exclamdown.glif","f.glif":"f.glif","f_f.glif":"f_f.glif","f_f_i.glif":"f_f_i.glif","f_f_l.glif":"f_f_l.glif","f_i.glif":"f_i.glif","f_l.glif":"f_l.glif","fi.glif":"fi.glif","figuredash.glif":"figuredash.glif","five.denominator.glif":"five.denominator.glif","five.glif":"five.glif","five.inferior.glif":"five.inferior.glif","five.numerator.glif":"five.numerator.glif","five.superior.glif":"five.superior.glif","five.taboldstyle.glif":"five.taboldstyle.glif","fiveeighths.glif":"fiveeighths.glif","fl.glif":"fl.glif","florin.glif":"florin.glif","four.denominator.glif":"four.denominator.glif","four.glif":"four.glif","four.inferior.glif":"four.inferior.glif","four.numerator.glif":"four.numerator.glif","four.superior.glif":"four.superior.glif","four.taboldstyle.glif":"four.taboldstyle.glif","fraction.glif":"fraction.glif","g.glif":"g.glif","germandbls.glif":"germandbls.glif","grave.glif":"grave.glif","greater.glif":"greater.glif","greaterequal.glif":"greaterequal.glif","guillemotleft.glif":"guillemotleft.glif","guillemotright.glif":"guillemotright.glif","guilsinglleft.glif":"guilsinglleft.glif","guilsinglright.glif":"guilsinglright.glif","h.glif":"h.glif","hungarumlaut.glif":"hungarumlaut.glif","hyphen.glif":"hyphen.glif","hyphen.inferior.glif":"hyphen.inferior.glif","hyphen.superior.glif":"hyphen.superior.glif","i.glif":"i.glif","i.superior.glif":"i.superior.glif","iacute.glif":"iacute.glif","icircumflex.glif":"icircumflex.glif","idieresis.glif":"idieresis.glif","igrave.glif":"igrave.glif","infinity.glif":"infinity.glif","integral.glif":"integral.glif","j.glif":"j.glif","k.glif":"k.glif","l.glif":"l.glif","l.superior.glif":"l.superior.glif","less.glif":"less.glif","lessequal.glif":"lessequal.glif","logicalnot.glif":"logicalnot.glif","lozenge.glif":"lozenge.glif","lslash.glif":"lslash.glif","m.glif":"m.glif","m.superior.glif":"m.superior.glif","macron.glif":"macron.glif","minus.glif":"minus.glif","mu.glif":"mu.glif","multiply.glif":"multiply.glif","n.glif":"n.glif","n.superior.glif":"n.superior.glif","nine.denominator.glif":"nine.denominator.glif","nine.glif":"nine.glif","nine.inferior.glif":"nine.inferior.glif","nine.numerator.glif":"nine.numerator.glif","nine.superior.glif":"nine.superior.glif","nine.taboldstyle.glif":"nine.taboldstyle.glif","notequal.glif":"notequal.glif","ntilde.glif":"ntilde.glif","numbersign.glif":"numbersign.glif","o.glif":"o.glif","o.superior.glif":"o.superior.glif","oacute.glif":"oacute.glif","ocircumflex.glif":"ocircumflex.glif","odieresis.glif":"odieresis.glif","oe.glif":"oe.glif","ogonek.glif":"ogonek.glif","ograve.glif":"ograve.glif","one.denominator.glif":"one.denominator.glif","one.fitted.glif":"one.fitted.glif","one.glif":"one.glif","one.inferior.glif":"one.inferior.glif","one.numerator.glif":"one.numerator.glif","one.superior.glif":"one.superior.glif","one.taboldstyle.glif":"one.taboldstyle.glif","onedotenleader.glif":"onedotenleader.glif","oneeighth.glif":"oneeighth.glif","onehalf.glif":"onehalf.glif","onequarter.glif":"onequarter.glif","onesuperior.glif":"onesuperior.glif","onethird.glif":"onethird.glif","ordfeminine.glif":"ordfeminine.glif","ordmasculine.glif":"ordmasculine.glif","oslash.glif":"oslash.glif","otilde.glif":"otilde.glif","p.glif":"p.glif","paragraph.glif":"paragraph.glif","parenleft.glif":"parenleft.glif","parenleft.inferior.glif":"parenleft.inferior.glif","parenleft.superior.glif":"parenleft.superior.glif","parenright.glif":"parenright.glif","parenright.inferior.glif":"parenright.inferior.glif","parenright.superior.glif":"parenright.superior.glif","partialdiff.glif":"partialdiff.glif","percent.glif":"percent.glif","period.glif":"period.glif","period.inferior.glif":"period.inferior.glif","period.superior.glif":"period.superior.glif","periodcentered.glif":"periodcentered.glif","perthousand.glif":"perthousand.glif","pi.glif":"pi.glif","plus.glif":"plus.glif","plusminus.glif":"plusminus.glif","product.glif":"product.glif","q.glif":"q.glif","question.glif":"question.glif","questiondown.glif":"questiondown.glif","quotedbl.glif":"quotedbl.glif","quotedblbase.glif":"quotedblbase.glif","quotedblleft.glif":"quotedblleft.glif","quotedblright.glif":"quotedblright.glif","quoteleft.glif":"quoteleft.glif","quoteright.glif":"quoteright.glif","quotesinglbase.glif":"quotesinglbase.glif","quotesingle.glif":"quotesingle.glif","r.glif":"r.glif","r.superior.glif":"r.superior.glif","radical.glif":"radical.glif","registered.glif":"registered.glif","ring.glif":"ring.glif","s.glif":"s.glif","s.superior.glif":"s.superior.glif","scaron.glif":"scaron.glif","section.glif":"section.glif","semicolon.glif":"semicolon.glif","seven.denominator.glif":"seven.denominator.glif","seven.glif":"seven.glif","seven.inferior.glif":"seven.inferior.glif","seven.numerator.glif":"seven.numerator.glif","seven.superior.glif":"seven.superior.glif","seven.taboldstyle.glif":"seven.taboldstyle.glif","seveneighths.glif":"seveneighths.glif","six.denominator.glif":"six.denominator.glif","six.glif":"six.glif","six.inferior.glif":"six.inferior.glif","six.numerator.glif":"six.numerator.glif","six.superior.glif":"six.superior.glif","six.taboldstyle.glif":"six.taboldstyle.glif","slash.frac.glif":"slash.frac.glif","slash.glif":"slash.glif","space.frac.glif":"space.frac.glif","space.glif":"space.glif","sterling.glif":"sterling.glif","summation.glif":"summation.glif","t.glif":"t.glif","t.superior.glif":"t.superior.glif","thorn.glif":"thorn.glif","three.denominator.glif":"three.denominator.glif","three.glif":"three.glif","three.inferior.glif":"three.inferior.glif","three.numerator.glif":"three.numerator.glif","three.superior.glif":"three.superior.glif","three.taboldstyle.glif":"three.taboldstyle.glif","threeeighths.glif":"threeeighths.glif","threequarters.glif":"threequarters.glif","threesuperior.glif":"threesuperior.glif","tilde.glif":"tilde.glif","trademark.glif":"trademark.glif","two.denominator.glif":"two.denominator.glif","two.glif":"two.glif","two.inferior.glif":"two.inferior.glif","two.numerator.glif":"two.numerator.glif","two.superior.glif":"two.superior.glif","two.taboldstyle.glif":"two.taboldstyle.glif","twodotenleader.glif":"twodotenleader.glif","twosuperior.glif":"twosuperior.glif","twothirds.glif":"twothirds.glif","u.glif":"u.glif","uacute.glif":"uacute.glif","ucircumflex.glif":"ucircumflex.glif","udieresis.glif":"udieresis.glif","ugrave.glif":"ugrave.glif","underscore.glif":"underscore.glif","uni00A_0.frac.glif":"uni00A_0.frac.glif","uni00A_0.glif":"uni00A_0.glif","uni00A_D_.glif":"uni00A_D_.glif","uni02C_9.glif":"uni02C_9.glif","uni03A_9.glif":"uni03A_9.glif","uni03B_C_.glif":"uni03B_C_.glif","uni2010.glif":"uni2010.glif","uni2215.glif":"uni2215.glif","uni2219.glif":"uni2219.glif","v.glif":"v.glif","w.glif":"w.glif","x.glif":"x.glif","y.glif":"y.glif","yacute.glif":"yacute.glif","ydieresis.glif":"ydieresis.glif","yen.glif":"yen.glif","z.glif":"z.glif","zcaron.glif":"zcaron.glif","zero.denominator.glif":"zero.denominator.glif","zero.glif":"zero.glif","zero.inferior.glif":"zero.inferior.glif","zero.numerator.glif":"zero.numerator.glif","zero.superior.glif":"zero.superior.glif","zero.taboldstyle.glif":"zero.taboldstyle.glif"}},"Font":{"uploaded":1471363248.0572,"licence":"gpl3","company":"Chronolabs Cooperative","title":"Bembo Std Bold Italic","version":2.001,"date":"Fri Aug 12 07:02:56 2016","creator":"root","type":"1","matrix":"0.001 0 0 0.001 0 0","named":"BemboStd-BoldItalic","painttype":"0","info":"11 dict dup","name":"Bembo Std Bold Italic","family":"Bembo Std","weight":"Bold","fstype":"4","italicangle":"-11.5","underlineposition":"","underlinethickness":""},"Table":{"FFTM":{"entryLength":16,"tag":"FFTM","checksum":1944346000,"offset":45468,"length":28},"GDEF":{"entryLength":16,"tag":"GDEF","checksum":26279942,"offset":45436,"length":32},"OS\/2":{"entryLength":16,"tag":"OS\/2","checksum":2014919725,"offset":344,"length":86},"cmap":{"entryLength":16,"tag":"cmap","checksum":223062484,"offset":1856,"length":1062},"gasp":{"entryLength":16,"tag":"gasp","checksum":4294901763,"offset":45428,"length":8},"glyf":{"entryLength":16,"tag":"glyf","checksum":382319820,"offset":3636,"length":38100},"head":{"entryLength":16,"tag":"head","checksum":178591165,"offset":220,"length":54},"hhea":{"entryLength":16,"tag":"hhea","checksum":127927442,"offset":276,"length":36},"hmtx":{"entryLength":16,"tag":"hmtx","checksum":2692168104,"offset":432,"length":1422},"loca":{"entryLength":16,"tag":"loca","checksum":3514411874,"offset":2920,"length":714},"maxp":{"entryLength":16,"tag":"maxp","checksum":28115064,"offset":312,"length":32},"name":{"entryLength":16,"tag":"name","checksum":1276690282,"offset":41736,"length":1470},"post":{"entryLength":16,"tag":"post","checksum":2447958670,"offset":43208,"length":2218}},"UnicodeCharMap":{"32":3,"33":4,"34":5,"35":6,"36":7,"37":8,"38":9,"39":10,"40":11,"41":12,"42":13,"43":14,"44":15,"45":16,"46":17,"47":18,"48":19,"49":20,"50":21,"51":22,"52":23,"53":24,"54":25,"55":26,"56":27,"57":28,"58":29,"59":30,"60":31,"61":32,"62":33,"63":34,"64":35,"65":36,"66":37,"67":38,"68":39,"69":40,"70":41,"71":42,"72":43,"73":44,"74":45,"75":46,"76":47,"77":48,"78":49,"79":50,"80":51,"81":52,"82":53,"83":54,"84":55,"85":56,"86":57,"87":58,"88":59,"89":60,"90":61,"91":62,"92":63,"93":64,"94":65,"95":66,"96":67,"97":68,"98":69,"99":70,"100":71,"101":72,"102":73,"103":74,"104":75,"105":76,"106":77,"107":78,"108":79,"109":80,"110":81,"111":82,"112":83,"113":84,"114":85,"115":86,"116":87,"117":88,"118":89,"119":90,"120":91,"121":92,"122":93,"123":94,"124":95,"125":96,"126":97,"160":98,"161":99,"162":100,"163":101,"164":102,"165":103,"166":104,"167":105,"168":106,"169":107,"170":108,"171":109,"172":110,"173":111,"174":112,"175":113,"176":114,"177":115,"178":116,"179":117,"180":118,"182":120,"183":121,"184":122,"185":123,"186":124,"187":125,"188":126,"189":127,"190":128,"191":129,"192":130,"193":131,"194":132,"195":133,"196":134,"197":135,"198":136,"199":137,"200":138,"201":139,"202":140,"203":141,"204":142,"205":143,"206":144,"207":145,"208":146,"209":147,"210":148,"211":149,"212":150,"213":151,"214":152,"215":153,"216":154,"217":155,"218":156,"219":157,"220":158,"221":159,"222":160,"223":161,"224":162,"225":163,"226":164,"227":165,"228":166,"229":167,"230":168,"231":169,"232":170,"233":171,"234":172,"235":173,"236":174,"237":175,"238":176,"239":177,"240":178,"241":179,"242":180,"243":181,"244":182,"245":183,"246":184,"247":185,"248":186,"249":187,"250":188,"251":189,"252":190,"253":191,"254":192,"255":193,"305":221,"321":219,"322":222,"338":220,"339":223,"352":226,"353":229,"376":227,"381":228,"382":230,"402":197,"710":210,"711":217,"713":314,"728":212,"729":213,"730":214,"731":216,"732":211,"733":215,"916":295,"937":349,"956":297,"960":298,"8208":351,"8210":234,"8211":201,"8212":218,"8216":195,"8217":194,"8218":205,"8220":198,"8221":207,"8222":206,"8224":202,"8225":203,"8226":204,"8228":232,"8229":231,"8230":208,"8240":209,"8249":199,"8250":200,"8260":196,"8304":271,"8308":275,"8309":276,"8310":277,"8311":278,"8312":279,"8313":280,"8317":244,"8318":245,"8319":257,"8320":281,"8321":282,"8322":283,"8323":284,"8324":285,"8325":286,"8326":287,"8327":288,"8328":289,"8329":290,"8333":265,"8334":266,"8353":233,"8364":299,"8467":300,"8482":224,"8494":301,"8531":239,"8532":240,"8539":235,"8540":236,"8541":237,"8542":238,"8706":302,"8719":303,"8721":304,"8722":225,"8725":348,"8729":305,"8730":306,"8734":307,"8747":308,"8776":309,"8800":310,"8804":311,"8805":312,"9674":313,"64256":262,"64257":247,"64258":350,"64259":263,"64260":264},"Reserves":null,"Names":[],"Nodes":{"be":{"type":"typal","node":"be","usage":1,"weight":1},"bo":{"type":"typal","node":"bo","usage":1,"weight":1},"st":{"type":"typal","node":"st","usage":1,"weight":1},"td":{"type":"typal","node":"td","usage":1,"weight":1},"bem":{"type":"typal","node":"bem","usage":1,"weight":1},"mbo":{"type":"typal","node":"mbo","usage":1,"weight":1},"bemb":{"type":"keys","node":"bemb","usage":1,"weight":1},"embo":{"type":"keys","node":"embo","usage":1,"weight":1},"bembo":{"type":"fixes","node":"bembo","usage":1,"weight":1},"std":{"type":"fixes","node":"std","usage":1,"weight":1}},"Contributors":[],"FontIdentity":"98c2f56c164aed23075e493c80027bc5","Bytes":3383661,"Networking":[],"barcode":"wwsIkAMYYkkAI","referee":"maWSk"}