{"CSS":{"MrsEavesItalic":"MrsEavesItalic.css"},"FontType":"TrueType","FontCopyright":"Copyright (C) 1996 Emigre Graphics, Designed by Zuzana Licko","FontName":"MrsEaves","FontSubfamily":"Italic","FontSubfamilyID":"FontForge 2.0 : MrsEavesItalic : 27-8-2016","FontFullName":"Mrs Eaves Italic","FontVersion":"Version 001.000 ","FontWeight":null,"FontPostscriptName":"MrsEavesItalic","Files":{"mrseavesitalic.afm":"mrseavesitalic.afm","mrseavesitalic.bin":"mrseavesitalic.bin","mrseavesitalic.cef":"mrseavesitalic.cef","mrseavesitalic.cff":"mrseavesitalic.cff","mrseavesitalic.cid":"mrseavesitalic.cid","mrseavesitalic.dfont":"mrseavesitalic.dfont","mrseavesitalic.eot":"mrseavesitalic.eot","mrseavesitalic.fon":"mrseavesitalic.fon","mrseavesitalic.gai":"mrseavesitalic.gai","mrseavesitalic.gsf":"mrseavesitalic.gsf","mrseavesitalic.hqx":"mrseavesitalic.hqx","mrseavesitalic.ik":"mrseavesitalic.ik","mrseavesitalic.mf":"mrseavesitalic.mf","mrseavesitalic.otf":"mrseavesitalic.otf","mrseavesitalic.pcf":"mrseavesitalic.pcf","mrseavesitalic.pf3":"mrseavesitalic.pf3","mrseavesitalic.pfa":"mrseavesitalic.pfa","mrseavesitalic.pfb":"mrseavesitalic.pfb","mrseavesitalic.php":"mrseavesitalic.php","mrseavesitalic.pmf":"mrseavesitalic.pmf","mrseavesitalic.pt3":"mrseavesitalic.pt3","mrseavesitalic.sfd":"mrseavesitalic.sfd","mrseavesitalic.svg":"mrseavesitalic.svg","mrseavesitalic.t42":"mrseavesitalic.t42","mrseavesitalic.ttd":"mrseavesitalic.ttd","mrseavesitalic.ttf":"mrseavesitalic.ttf","mrseavesitalic.ttg":"mrseavesitalic.ttg","mrseavesitalic.ufm":"mrseavesitalic.ufm","mrseavesitalic.woff":"mrseavesitalic.woff","mrseavesitalic.z":"mrseavesitalic.z","":{"mrseavesitalic.afm":"mrseavesitalic.afm","mrseavesitalic.bin":"mrseavesitalic.bin","mrseavesitalic.cef":"mrseavesitalic.cef","mrseavesitalic.cff":"mrseavesitalic.cff","mrseavesitalic.cid":"mrseavesitalic.cid","mrseavesitalic.dfont":"mrseavesitalic.dfont","mrseavesitalic.eot":"mrseavesitalic.eot","mrseavesitalic.fon":"mrseavesitalic.fon","mrseavesitalic.gai":"mrseavesitalic.gai","mrseavesitalic.gsf":"mrseavesitalic.gsf","mrseavesitalic.hqx":"mrseavesitalic.hqx","mrseavesitalic.ik":"mrseavesitalic.ik","mrseavesitalic.mf":"mrseavesitalic.mf","mrseavesitalic.otf":"mrseavesitalic.otf","mrseavesitalic.pcf":"mrseavesitalic.pcf","mrseavesitalic.pf3":"mrseavesitalic.pf3","mrseavesitalic.pfa":"mrseavesitalic.pfa","mrseavesitalic.pfb":"mrseavesitalic.pfb","mrseavesitalic.php":"mrseavesitalic.php","mrseavesitalic.pmf":"mrseavesitalic.pmf","mrseavesitalic.pt3":"mrseavesitalic.pt3","mrseavesitalic.sfd":"mrseavesitalic.sfd","mrseavesitalic.svg":"mrseavesitalic.svg","mrseavesitalic.t42":"mrseavesitalic.t42","mrseavesitalic.ttd":"mrseavesitalic.ttd","mrseavesitalic.ttf":"mrseavesitalic.ttf","mrseavesitalic.ttg":"mrseavesitalic.ttg","mrseavesitalic.ufm":"mrseavesitalic.ufm","mrseavesitalic.woff":"mrseavesitalic.woff","mrseavesitalic.z":"mrseavesitalic.z"},"\/mrseavesitalic.ufo":{"feature.fea":"feature.fea","fontinfo.plist":"fontinfo.plist","groups.plist":"groups.plist","kerning.plist":"kerning.plist","metainfo.plist":"metainfo.plist"},"\/mrseavesitalic.ufo\/glyphs":{"A_.glif":"A_.glif","A_E_.glif":"A_E_.glif","A_acute.glif":"A_acute.glif","A_circumflex.glif":"A_circumflex.glif","A_dieresis.glif":"A_dieresis.glif","A_grave.glif":"A_grave.glif","A_ring.glif":"A_ring.glif","A_tilde.glif":"A_tilde.glif","B_.glif":"B_.glif","C_.glif":"C_.glif","C_R_.glif":"C_R_.glif","C_cedilla.glif":"C_cedilla.glif","D_.glif":"D_.glif","D_C_1.glif":"D_C_1.glif","D_C_2.glif":"D_C_2.glif","D_C_3.glif":"D_C_3.glif","D_C_4.glif":"D_C_4.glif","D_E_L_.glif":"D_E_L_.glif","D_L_E_.glif":"D_L_E_.glif","D_elta.glif":"D_elta.glif","E_.glif":"E_.glif","E_acute.glif":"E_acute.glif","E_circumflex.glif":"E_circumflex.glif","E_dieresis.glif":"E_dieresis.glif","E_grave.glif":"E_grave.glif","E_th.glif":"E_th.glif","F_.glif":"F_.glif","G_.glif":"G_.glif","H_.glif":"H_.glif","H_T_.glif":"H_T_.glif","I_.glif":"I_.glif","I_acute.glif":"I_acute.glif","I_circumflex.glif":"I_circumflex.glif","I_dieresis.glif":"I_dieresis.glif","I_grave.glif":"I_grave.glif","J_.glif":"J_.glif","K_.glif":"K_.glif","L_.glif":"L_.glif","L_F_.glif":"L_F_.glif","L_slash.glif":"L_slash.glif","M_.glif":"M_.glif","N_.glif":"N_.glif","N_U_L_.glif":"N_U_L_.glif","N_tilde.glif":"N_tilde.glif","O_.glif":"O_.glif","O_E_.glif":"O_E_.glif","O_acute.glif":"O_acute.glif","O_circumflex.glif":"O_circumflex.glif","O_dieresis.glif":"O_dieresis.glif","O_grave.glif":"O_grave.glif","O_mega.glif":"O_mega.glif","O_slash.glif":"O_slash.glif","O_tilde.glif":"O_tilde.glif","P_.glif":"P_.glif","Q_.glif":"Q_.glif","R_.glif":"R_.glif","R_S_.glif":"R_S_.glif","S_.glif":"S_.glif","S_caron.glif":"S_caron.glif","T_.glif":"T_.glif","T_horn.glif":"T_horn.glif","U_.glif":"U_.glif","U_S_.glif":"U_S_.glif","U_acute.glif":"U_acute.glif","U_circumflex.glif":"U_circumflex.glif","U_dieresis.glif":"U_dieresis.glif","U_grave.glif":"U_grave.glif","V_.glif":"V_.glif","W_.glif":"W_.glif","X_.glif":"X_.glif","Y_.glif":"Y_.glif","Y_acute.glif":"Y_acute.glif","Y_dieresis.glif":"Y_dieresis.glif","Z_.glif":"Z_.glif","Z_caron.glif":"Z_caron.glif","a.glif":"a.glif","aacute.glif":"aacute.glif","acircumflex.glif":"acircumflex.glif","acute.glif":"acute.glif","adieresis.glif":"adieresis.glif","ae.glif":"ae.glif","agrave.glif":"agrave.glif","ampersand.glif":"ampersand.glif","apple.glif":"apple.glif","approxequal.glif":"approxequal.glif","aring.glif":"aring.glif","asciicircum.glif":"asciicircum.glif","asciitilde.glif":"asciitilde.glif","asterisk.glif":"asterisk.glif","at.glif":"at.glif","atilde.glif":"atilde.glif","b.glif":"b.glif","backslash.glif":"backslash.glif","bar.glif":"bar.glif","braceleft.glif":"braceleft.glif","braceright.glif":"braceright.glif","bracketleft.glif":"bracketleft.glif","bracketright.glif":"bracketright.glif","breve.glif":"breve.glif","brokenbar.glif":"brokenbar.glif","bullet.glif":"bullet.glif","c.glif":"c.glif","caron.glif":"caron.glif","ccedilla.glif":"ccedilla.glif","cedilla.glif":"cedilla.glif","cent.glif":"cent.glif","circumflex.glif":"circumflex.glif","colon.glif":"colon.glif","comma.glif":"comma.glif","contents.plist":"contents.plist","copyright.glif":"copyright.glif","currency.glif":"currency.glif","d.glif":"d.glif","dagger.glif":"dagger.glif","daggerdbl.glif":"daggerdbl.glif","degree.glif":"degree.glif","dieresis.glif":"dieresis.glif","divide.glif":"divide.glif","dollar.glif":"dollar.glif","dotaccent.glif":"dotaccent.glif","dotlessi.glif":"dotlessi.glif","e.glif":"e.glif","eacute.glif":"eacute.glif","ecircumflex.glif":"ecircumflex.glif","edieresis.glif":"edieresis.glif","egrave.glif":"egrave.glif","eight.glif":"eight.glif","ellipsis.glif":"ellipsis.glif","emdash.glif":"emdash.glif","endash.glif":"endash.glif","equal.glif":"equal.glif","eth.glif":"eth.glif","exclam.glif":"exclam.glif","exclamdown.glif":"exclamdown.glif","f.glif":"f.glif","fi.glif":"fi.glif","five.glif":"five.glif","fl.glif":"fl.glif","florin.glif":"florin.glif","four.glif":"four.glif","fraction.glif":"fraction.glif","g.glif":"g.glif","germandbls.glif":"germandbls.glif","grave.glif":"grave.glif","greater.glif":"greater.glif","greaterequal.glif":"greaterequal.glif","guillemotleft.glif":"guillemotleft.glif","guillemotright.glif":"guillemotright.glif","guilsinglleft.glif":"guilsinglleft.glif","guilsinglright.glif":"guilsinglright.glif","h.glif":"h.glif","hungarumlaut.glif":"hungarumlaut.glif","hyphen.glif":"hyphen.glif","i.glif":"i.glif","iacute.glif":"iacute.glif","icircumflex.glif":"icircumflex.glif","idieresis.glif":"idieresis.glif","igrave.glif":"igrave.glif","infinity.glif":"infinity.glif","integral.glif":"integral.glif","j.glif":"j.glif","k.glif":"k.glif","l.glif":"l.glif","less.glif":"less.glif","lessequal.glif":"lessequal.glif","logicalnot.glif":"logicalnot.glif","lozenge.glif":"lozenge.glif","lslash.glif":"lslash.glif","m.glif":"m.glif","macron.glif":"macron.glif","minus.glif":"minus.glif","mu.glif":"mu.glif","multiply.glif":"multiply.glif","n.glif":"n.glif","nbspace.glif":"nbspace.glif","nine.glif":"nine.glif","notequal.glif":"notequal.glif","ntilde.glif":"ntilde.glif","numbersign.glif":"numbersign.glif","o.glif":"o.glif","oacute.glif":"oacute.glif","ocircumflex.glif":"ocircumflex.glif","odieresis.glif":"odieresis.glif","oe.glif":"oe.glif","ogonek.glif":"ogonek.glif","ograve.glif":"ograve.glif","one.glif":"one.glif","onehalf.glif":"onehalf.glif","onequarter.glif":"onequarter.glif","onesuperior.glif":"onesuperior.glif","ordfeminine.glif":"ordfeminine.glif","ordmasculine.glif":"ordmasculine.glif","oslash.glif":"oslash.glif","otilde.glif":"otilde.glif","p.glif":"p.glif","paragraph.glif":"paragraph.glif","parenleft.glif":"parenleft.glif","parenright.glif":"parenright.glif","partialdiff.glif":"partialdiff.glif","percent.glif":"percent.glif","period.glif":"period.glif","periodcentered.glif":"periodcentered.glif","perthousand.glif":"perthousand.glif","pi.glif":"pi.glif","plus.glif":"plus.glif","plusminus.glif":"plusminus.glif","product.glif":"product.glif","q.glif":"q.glif","question.glif":"question.glif","questiondown.glif":"questiondown.glif","quotedbl.glif":"quotedbl.glif","quotedblbase.glif":"quotedblbase.glif","quotedblleft.glif":"quotedblleft.glif","quotedblright.glif":"quotedblright.glif","quoteleft.glif":"quoteleft.glif","quoteright.glif":"quoteright.glif","quotesinglbase.glif":"quotesinglbase.glif","quotesingle.glif":"quotesingle.glif","r.glif":"r.glif","radical.glif":"radical.glif","registered.glif":"registered.glif","ring.glif":"ring.glif","s.glif":"s.glif","scaron.glif":"scaron.glif","section.glif":"section.glif","semicolon.glif":"semicolon.glif","seven.glif":"seven.glif","six.glif":"six.glif","slash.glif":"slash.glif","space.glif":"space.glif","sterling.glif":"sterling.glif","summation.glif":"summation.glif","t.glif":"t.glif","thorn.glif":"thorn.glif","three.glif":"three.glif","threequarters.glif":"threequarters.glif","threesuperior.glif":"threesuperior.glif","tilde.glif":"tilde.glif","trademark.glif":"trademark.glif","two.glif":"two.glif","twosuperior.glif":"twosuperior.glif","u.glif":"u.glif","uacute.glif":"uacute.glif","ucircumflex.glif":"ucircumflex.glif","udieresis.glif":"udieresis.glif","ugrave.glif":"ugrave.glif","underscore.glif":"underscore.glif","v.glif":"v.glif","w.glif":"w.glif","x.glif":"x.glif","y.glif":"y.glif","yacute.glif":"yacute.glif","ydieresis.glif":"ydieresis.glif","yen.glif":"yen.glif","z.glif":"z.glif","zcaron.glif":"zcaron.glif","zero.glif":"zero.glif"}},"Font":{"uploaded":1472260879.443,"licence":"gpl3","company":"Chronolabs Cooperative","title":"Mrs Eaves Italic","version":2.001,"date":"Fri Aug 12 15:19:43 2016","creator":"root","type":"1","matrix":"0.001 0 0 0.001 0 0","named":"MrsEavesItalic","painttype":"0","info":"10 dict dup","name":"MrsEavesItalic","family":"MrsEaves","weight":"Medium","italicangle":"-12","underlineposition":"","underlinethickness":""},"Table":{"FFTM":{"entryLength":16,"tag":"FFTM","checksum":1944304816,"offset":25724,"length":28},"GDEF":{"entryLength":16,"tag":"GDEF","checksum":19922950,"offset":25692,"length":32},"OS\/2":{"entryLength":16,"tag":"OS\/2","checksum":2005154236,"offset":344,"length":86},"cmap":{"entryLength":16,"tag":"cmap","checksum":1124651129,"offset":1468,"length":1302},"gasp":{"entryLength":16,"tag":"gasp","checksum":4294901763,"offset":25684,"length":8},"glyf":{"entryLength":16,"tag":"glyf","checksum":922390208,"offset":3292,"length":21112},"head":{"entryLength":16,"tag":"head","checksum":169310783,"offset":220,"length":54},"hhea":{"entryLength":16,"tag":"hhea","checksum":115475488,"offset":276,"length":36},"hmtx":{"entryLength":16,"tag":"hmtx","checksum":2525438827,"offset":432,"length":1036},"loca":{"entryLength":16,"tag":"loca","checksum":4248441204,"offset":2772,"length":520},"maxp":{"entryLength":16,"tag":"maxp","checksum":22151335,"offset":312,"length":32},"name":{"entryLength":16,"tag":"name","checksum":4275948275,"offset":24404,"length":675},"post":{"entryLength":16,"tag":"post","checksum":194448520,"offset":25080,"length":603}},"UnicodeCharMap":{"32":3,"33":4,"34":5,"35":6,"36":7,"37":8,"38":9,"39":106,"40":11,"41":12,"42":13,"43":14,"44":15,"45":16,"46":17,"47":18,"48":19,"49":20,"50":21,"51":22,"52":23,"53":24,"54":25,"55":26,"56":27,"57":28,"58":29,"59":30,"60":31,"61":32,"62":33,"63":34,"64":35,"65":36,"66":37,"67":38,"68":39,"69":40,"70":41,"71":42,"72":43,"73":44,"74":45,"75":46,"76":47,"77":48,"78":49,"79":50,"80":51,"81":52,"82":53,"83":54,"84":55,"85":56,"86":57,"87":58,"88":59,"89":60,"90":61,"91":62,"92":63,"93":64,"94":65,"95":66,"96":126,"97":68,"98":69,"99":70,"100":71,"101":72,"102":73,"103":74,"104":75,"105":76,"106":77,"107":78,"108":79,"109":80,"110":81,"111":82,"112":83,"113":84,"114":85,"115":86,"116":87,"117":88,"118":89,"119":90,"120":91,"121":92,"122":93,"123":94,"124":95,"125":96,"126":97,"160":257,"161":98,"162":99,"163":100,"164":105,"165":102,"166":152,"167":104,"168":133,"169":153,"170":141,"171":108,"172":154,"174":155,"175":130,"176":156,"177":157,"178":158,"179":159,"180":127,"182":117,"183":116,"184":135,"185":160,"186":145,"187":122,"188":161,"189":162,"190":163,"191":125,"192":164,"193":165,"194":166,"195":167,"196":168,"197":169,"198":140,"199":170,"200":171,"201":172,"202":173,"203":174,"204":175,"205":176,"206":177,"207":178,"208":179,"209":180,"210":181,"211":182,"212":183,"213":184,"214":185,"215":186,"216":143,"217":187,"218":188,"219":189,"220":190,"221":191,"222":192,"223":151,"224":193,"225":194,"226":195,"227":196,"228":197,"229":198,"230":146,"231":199,"232":200,"233":201,"234":202,"235":203,"236":204,"237":205,"238":206,"239":207,"240":208,"241":209,"242":210,"243":211,"244":212,"245":213,"246":214,"247":215,"248":149,"249":216,"250":217,"251":218,"252":219,"253":220,"254":221,"255":222,"305":147,"321":142,"322":148,"338":144,"339":150,"352":223,"353":224,"376":225,"381":226,"382":227,"402":103,"710":128,"711":138,"728":131,"729":132,"730":134,"731":137,"732":129,"733":136,"916":228,"937":229,"956":230,"960":231,"8211":113,"8212":139,"8216":67,"8217":10,"8218":119,"8220":107,"8221":121,"8222":120,"8224":114,"8225":115,"8226":118,"8230":123,"8240":124,"8249":109,"8250":110,"8260":101,"8482":232,"8706":233,"8719":234,"8721":235,"8722":236,"8730":237,"8734":238,"8747":239,"8776":240,"8800":241,"8804":242,"8805":243,"9674":244,"64257":111,"64258":112},"Reserves":null,"Names":[],"Nodes":{"mr":{"type":"typal","node":"mr","usage":1,"weight":1},"rs":{"type":"typal","node":"rs","usage":1,"weight":1},"ea":{"type":"typal","node":"ea","usage":1,"weight":1},"es":{"type":"typal","node":"es","usage":1,"weight":1},"eav":{"type":"typal","node":"eav","usage":1,"weight":1},"ves":{"type":"typal","node":"ves","usage":1,"weight":1},"eave":{"type":"keys","node":"eave","usage":1,"weight":1},"aves":{"type":"keys","node":"aves","usage":1,"weight":1},"mrs":{"type":"fixes","node":"mrs","usage":1,"weight":1},"eaves":{"type":"fixes","node":"eaves","usage":1,"weight":1}},"Contributors":[],"FontIdentity":"cb0467667fe0523fea173275e52e51ff","Bytes":2197844,"Networking":[],"barcode":"yewm9os8kimou","referee":"imyoc5"}