{"CSS":{"Grotten":"doofeu1:e2af16c265a5dcc9053cd1ea.css"},"FontType":"TrueType","FontCopyright":null,"FontName":"Grotten","FontSubfamily":"Regular","FontSubfamilyID":"FontForge 2.0 : Grotten : 28-8-2016","FontFullName":"Grotten","FontVersion":"Version 1.0 ","FontWeight":null,"FontPostscriptName":"GrottenRegular","Files":{"\/Grotten.css":"\/Grotten.css","\/font-resource.json":"\/font-resource.json","\/grotten.afm":"\/grotten.afm","\/grotten.cef":"\/grotten.cef","\/grotten.cff":"\/grotten.cff","\/grotten.eot":"\/grotten.eot","\/grotten.gai":"\/grotten.gai","\/grotten.gsf":"\/grotten.gsf","\/grotten.otf":"\/grotten.otf","\/grotten.pf3":"\/grotten.pf3","\/grotten.pfa":"\/grotten.pfa","\/grotten.pfb":"\/grotten.pfb","\/grotten.php":"\/grotten.php","\/grotten.pt3":"\/grotten.pt3","\/grotten.sfd":"\/grotten.sfd","\/grotten.svg":"\/grotten.svg","\/grotten.t42":"\/grotten.t42","\/grotten.ttd":"\/grotten.ttd","\/grotten.ttf":"\/grotten.ttf","\/grotten.ttg":"\/grotten.ttg","\/grotten.ufm":"\/grotten.ufm","\/grotten.woff":"\/grotten.woff","\/grotten.z":"\/grotten.z","\/grotten.ufo\/feature.fea":"\/grotten.ufo\/feature.fea","\/grotten.ufo\/fontinfo.plist":"\/grotten.ufo\/fontinfo.plist","\/grotten.ufo\/groups.plist":"\/grotten.ufo\/groups.plist","\/grotten.ufo\/kerning.plist":"\/grotten.ufo\/kerning.plist","\/grotten.ufo\/metainfo.plist":"\/grotten.ufo\/metainfo.plist","\/grotten.ufo\/glyphs\/_notdef.glif":"\/grotten.ufo\/glyphs\/_notdef.glif","\/grotten.ufo\/glyphs\/_null.glif":"\/grotten.ufo\/glyphs\/_null.glif","\/grotten.ufo\/glyphs\/a.glif":"\/grotten.ufo\/glyphs\/a.glif","\/grotten.ufo\/glyphs\/b.glif":"\/grotten.ufo\/glyphs\/b.glif","\/grotten.ufo\/glyphs\/c.glif":"\/grotten.ufo\/glyphs\/c.glif","\/grotten.ufo\/glyphs\/comma.glif":"\/grotten.ufo\/glyphs\/comma.glif","\/grotten.ufo\/glyphs\/contents.plist":"\/grotten.ufo\/glyphs\/contents.plist","\/grotten.ufo\/glyphs\/d.glif":"\/grotten.ufo\/glyphs\/d.glif","\/grotten.ufo\/glyphs\/e.glif":"\/grotten.ufo\/glyphs\/e.glif","\/grotten.ufo\/glyphs\/eight.glif":"\/grotten.ufo\/glyphs\/eight.glif","\/grotten.ufo\/glyphs\/f.glif":"\/grotten.ufo\/glyphs\/f.glif","\/grotten.ufo\/glyphs\/five.glif":"\/grotten.ufo\/glyphs\/five.glif","\/grotten.ufo\/glyphs\/four.glif":"\/grotten.ufo\/glyphs\/four.glif","\/grotten.ufo\/glyphs\/g.glif":"\/grotten.ufo\/glyphs\/g.glif","\/grotten.ufo\/glyphs\/grave.glif":"\/grotten.ufo\/glyphs\/grave.glif","\/grotten.ufo\/glyphs\/h.glif":"\/grotten.ufo\/glyphs\/h.glif","\/grotten.ufo\/glyphs\/i.glif":"\/grotten.ufo\/glyphs\/i.glif","\/grotten.ufo\/glyphs\/j.glif":"\/grotten.ufo\/glyphs\/j.glif","\/grotten.ufo\/glyphs\/k.glif":"\/grotten.ufo\/glyphs\/k.glif","\/grotten.ufo\/glyphs\/l.glif":"\/grotten.ufo\/glyphs\/l.glif","\/grotten.ufo\/glyphs\/m.glif":"\/grotten.ufo\/glyphs\/m.glif","\/grotten.ufo\/glyphs\/n.glif":"\/grotten.ufo\/glyphs\/n.glif","\/grotten.ufo\/glyphs\/nine.glif":"\/grotten.ufo\/glyphs\/nine.glif","\/grotten.ufo\/glyphs\/nonbreakingspace.glif":"\/grotten.ufo\/glyphs\/nonbreakingspace.glif","\/grotten.ufo\/glyphs\/nonmarkingreturn.glif":"\/grotten.ufo\/glyphs\/nonmarkingreturn.glif","\/grotten.ufo\/glyphs\/o.glif":"\/grotten.ufo\/glyphs\/o.glif","\/grotten.ufo\/glyphs\/one.glif":"\/grotten.ufo\/glyphs\/one.glif","\/grotten.ufo\/glyphs\/p.glif":"\/grotten.ufo\/glyphs\/p.glif","\/grotten.ufo\/glyphs\/q.glif":"\/grotten.ufo\/glyphs\/q.glif","\/grotten.ufo\/glyphs\/r.glif":"\/grotten.ufo\/glyphs\/r.glif","\/grotten.ufo\/glyphs\/s.glif":"\/grotten.ufo\/glyphs\/s.glif","\/grotten.ufo\/glyphs\/seven.glif":"\/grotten.ufo\/glyphs\/seven.glif","\/grotten.ufo\/glyphs\/six.glif":"\/grotten.ufo\/glyphs\/six.glif","\/grotten.ufo\/glyphs\/space.glif":"\/grotten.ufo\/glyphs\/space.glif","\/grotten.ufo\/glyphs\/t.glif":"\/grotten.ufo\/glyphs\/t.glif","\/grotten.ufo\/glyphs\/three.glif":"\/grotten.ufo\/glyphs\/three.glif","\/grotten.ufo\/glyphs\/two.glif":"\/grotten.ufo\/glyphs\/two.glif","\/grotten.ufo\/glyphs\/u.glif":"\/grotten.ufo\/glyphs\/u.glif","\/grotten.ufo\/glyphs\/v.glif":"\/grotten.ufo\/glyphs\/v.glif","\/grotten.ufo\/glyphs\/w.glif":"\/grotten.ufo\/glyphs\/w.glif","\/grotten.ufo\/glyphs\/x.glif":"\/grotten.ufo\/glyphs\/x.glif","\/grotten.ufo\/glyphs\/y.glif":"\/grotten.ufo\/glyphs\/y.glif","\/grotten.ufo\/glyphs\/z.glif":"\/grotten.ufo\/glyphs\/z.glif","\/grotten.ufo\/glyphs\/zero.glif":"\/grotten.ufo\/glyphs\/zero.glif"},"Font":{"uploaded":1472375923.105,"licence":"gpl3","company":"Chronolabs Cooperative","title":"Grotten Regular","version":3.002,"date":"Sun Aug 28 07:54:50 2016","creator":"root","type":"1","matrix":"0.001 0 0 0.001 0 0","named":"GrottenRegular","painttype":"0","info":"9 dict dup","name":"Grotten","family":"Grotten","weight":"Medium","fstype":"0","italicangle":"0","underlineposition":"","underlinethickness":""},"Licences":{"":false},"Table":{"FFTM":{"entryLength":16,"tag":"FFTM","checksum":1947016230,"offset":9052,"length":28},"GDEF":{"entryLength":16,"tag":"GDEF","checksum":5767172,"offset":9020,"length":32},"OS\/2":{"entryLength":16,"tag":"OS\/2","checksum":1450860945,"offset":344,"length":86},"cmap":{"entryLength":16,"tag":"cmap","checksum":146662665,"offset":604,"length":370},"gasp":{"entryLength":16,"tag":"gasp","checksum":4294901763,"offset":9012,"length":8},"glyf":{"entryLength":16,"tag":"glyf","checksum":791268475,"offset":1064,"length":7412},"head":{"entryLength":16,"tag":"head","checksum":300177046,"offset":220,"length":54},"hhea":{"entryLength":16,"tag":"hhea","checksum":241109606,"offset":276,"length":36},"hmtx":{"entryLength":16,"tag":"hmtx","checksum":2059273422,"offset":432,"length":172},"loca":{"entryLength":16,"tag":"loca","checksum":2700125766,"offset":976,"length":88},"maxp":{"entryLength":16,"tag":"maxp","checksum":9568982,"offset":312,"length":32},"name":{"entryLength":16,"tag":"name","checksum":3915966574,"offset":8476,"length":414},"post":{"entryLength":16,"tag":"post","checksum":84149586,"offset":8892,"length":120}},"UnicodeCharMap":{"0":1,"13":2,"32":3,"44":4,"48":5,"49":6,"50":7,"51":8,"52":9,"53":10,"54":11,"55":12,"56":13,"57":14,"96":15,"97":16,"98":17,"99":18,"100":19,"101":20,"102":21,"103":22,"104":23,"105":24,"106":25,"107":26,"108":27,"109":28,"110":29,"111":30,"112":31,"113":32,"114":33,"115":34,"116":35,"117":36,"118":37,"119":38,"120":39,"121":40,"122":41,"160":42},"Reserves":{"fontname":"Grotten"},"Names":{"Grotten":{"name":"Grotten","longitude":"0.00000001","latitude":"0.00000001","country":"","region":"","city":""}},"Nodes":{"gr":{"type":"typal","node":"gr","usage":1,"weight":1},"en":{"type":"typal","node":"en","usage":1,"weight":1},"gro":{"type":"typal","node":"gro","usage":1,"weight":1},"ten":{"type":"typal","node":"ten","usage":1,"weight":1},"grot":{"type":"keys","node":"grot","usage":1,"weight":1},"tten":{"type":"keys","node":"tten","usage":1,"weight":1},"grott":{"type":"keys","node":"grott","usage":1,"weight":1},"otten":{"type":"keys","node":"otten","usage":1,"weight":1},"grotten":{"type":"fixes","node":"grotten","usage":1,"weight":1}},"Contributors":[],"FontIdentity":"doofeu1:e2af16c265a5dcc9053cd1ea","Bytes":null,"Networking":[],"barcode":"kg11m9kyiiqygm","referee":"yuG2WGy"}