{"CSS":{"English 111 Presto":"English+111+Presto.css","English 1 Presto":"wagovau:125cee59d43d597c9986b6ad.css"},"FontType":"TrueType","FontCopyright":"Copyright 1990-1999 as an unpublished work by Bitstream Inc.  All rights reserved.  Confidential.","FontName":"English 111","FontSubfamily":"Regular","FontSubfamilyID":"FontForge 2.0 : English 111 Presto : 12-8-2016","FontFullName":"English 1 Presto","FontVersion":"Version 003.001 ","FontWeight":null,"FontPostscriptName":"English111PrestoBT-Regular","Files":{"\/English 111 Presto.css":"\/English 111 Presto.css","\/english111prestobt-regular.afm":"\/english111prestobt-regular.afm","\/english111prestobt-regular.cef":"\/english111prestobt-regular.cef","\/english111prestobt-regular.cff":"\/english111prestobt-regular.cff","\/english111prestobt-regular.eot":"\/english111prestobt-regular.eot","\/english111prestobt-regular.gai":"\/english111prestobt-regular.gai","\/english111prestobt-regular.gsf":"\/english111prestobt-regular.gsf","\/english111prestobt-regular.otf":"\/english111prestobt-regular.otf","\/english111prestobt-regular.pf3":"\/english111prestobt-regular.pf3","\/english111prestobt-regular.pfa":"\/english111prestobt-regular.pfa","\/english111prestobt-regular.pfb":"\/english111prestobt-regular.pfb","\/english111prestobt-regular.php":"\/english111prestobt-regular.php","\/english111prestobt-regular.pt3":"\/english111prestobt-regular.pt3","\/english111prestobt-regular.sfd":"\/english111prestobt-regular.sfd","\/english111prestobt-regular.svg":"\/english111prestobt-regular.svg","\/english111prestobt-regular.t42":"\/english111prestobt-regular.t42","\/english111prestobt-regular.ttd":"\/english111prestobt-regular.ttd","\/english111prestobt-regular.ttf":"\/english111prestobt-regular.ttf","\/english111prestobt-regular.ttg":"\/english111prestobt-regular.ttg","\/english111prestobt-regular.ufm":"\/english111prestobt-regular.ufm","\/english111prestobt-regular.woff":"\/english111prestobt-regular.woff","\/english111prestobt-regular.z":"\/english111prestobt-regular.z","\/font-resource.json":"\/font-resource.json","\/english111prestobt-regular.ufo\/feature.fea":"\/english111prestobt-regular.ufo\/feature.fea","\/english111prestobt-regular.ufo\/fontinfo.plist":"\/english111prestobt-regular.ufo\/fontinfo.plist","\/english111prestobt-regular.ufo\/groups.plist":"\/english111prestobt-regular.ufo\/groups.plist","\/english111prestobt-regular.ufo\/kerning.plist":"\/english111prestobt-regular.ufo\/kerning.plist","\/english111prestobt-regular.ufo\/metainfo.plist":"\/english111prestobt-regular.ufo\/metainfo.plist","\/english111prestobt-regular.ufo\/glyphs\/A_.glif":"\/english111prestobt-regular.ufo\/glyphs\/A_.glif","\/english111prestobt-regular.ufo\/glyphs\/A_E_.glif":"\/english111prestobt-regular.ufo\/glyphs\/A_E_.glif","\/english111prestobt-regular.ufo\/glyphs\/A_acute.glif":"\/english111prestobt-regular.ufo\/glyphs\/A_acute.glif","\/english111prestobt-regular.ufo\/glyphs\/A_circumflex.glif":"\/english111prestobt-regular.ufo\/glyphs\/A_circumflex.glif","\/english111prestobt-regular.ufo\/glyphs\/A_dieresis.glif":"\/english111prestobt-regular.ufo\/glyphs\/A_dieresis.glif","\/english111prestobt-regular.ufo\/glyphs\/A_grave.glif":"\/english111prestobt-regular.ufo\/glyphs\/A_grave.glif","\/english111prestobt-regular.ufo\/glyphs\/A_ring.glif":"\/english111prestobt-regular.ufo\/glyphs\/A_ring.glif","\/english111prestobt-regular.ufo\/glyphs\/A_tilde.glif":"\/english111prestobt-regular.ufo\/glyphs\/A_tilde.glif","\/english111prestobt-regular.ufo\/glyphs\/B_.glif":"\/english111prestobt-regular.ufo\/glyphs\/B_.glif","\/english111prestobt-regular.ufo\/glyphs\/C_.glif":"\/english111prestobt-regular.ufo\/glyphs\/C_.glif","\/english111prestobt-regular.ufo\/glyphs\/C_cedilla.glif":"\/english111prestobt-regular.ufo\/glyphs\/C_cedilla.glif","\/english111prestobt-regular.ufo\/glyphs\/D_.glif":"\/english111prestobt-regular.ufo\/glyphs\/D_.glif","\/english111prestobt-regular.ufo\/glyphs\/E_.glif":"\/english111prestobt-regular.ufo\/glyphs\/E_.glif","\/english111prestobt-regular.ufo\/glyphs\/E_acute.glif":"\/english111prestobt-regular.ufo\/glyphs\/E_acute.glif","\/english111prestobt-regular.ufo\/glyphs\/E_circumflex.glif":"\/english111prestobt-regular.ufo\/glyphs\/E_circumflex.glif","\/english111prestobt-regular.ufo\/glyphs\/E_dieresis.glif":"\/english111prestobt-regular.ufo\/glyphs\/E_dieresis.glif","\/english111prestobt-regular.ufo\/glyphs\/E_grave.glif":"\/english111prestobt-regular.ufo\/glyphs\/E_grave.glif","\/english111prestobt-regular.ufo\/glyphs\/E_th.glif":"\/english111prestobt-regular.ufo\/glyphs\/E_th.glif","\/english111prestobt-regular.ufo\/glyphs\/E_uro.glif":"\/english111prestobt-regular.ufo\/glyphs\/E_uro.glif","\/english111prestobt-regular.ufo\/glyphs\/F_.glif":"\/english111prestobt-regular.ufo\/glyphs\/F_.glif","\/english111prestobt-regular.ufo\/glyphs\/G_.glif":"\/english111prestobt-regular.ufo\/glyphs\/G_.glif","\/english111prestobt-regular.ufo\/glyphs\/H_.glif":"\/english111prestobt-regular.ufo\/glyphs\/H_.glif","\/english111prestobt-regular.ufo\/glyphs\/I_.glif":"\/english111prestobt-regular.ufo\/glyphs\/I_.glif","\/english111prestobt-regular.ufo\/glyphs\/I_acute.glif":"\/english111prestobt-regular.ufo\/glyphs\/I_acute.glif","\/english111prestobt-regular.ufo\/glyphs\/I_circumflex.glif":"\/english111prestobt-regular.ufo\/glyphs\/I_circumflex.glif","\/english111prestobt-regular.ufo\/glyphs\/I_dieresis.glif":"\/english111prestobt-regular.ufo\/glyphs\/I_dieresis.glif","\/english111prestobt-regular.ufo\/glyphs\/I_grave.glif":"\/english111prestobt-regular.ufo\/glyphs\/I_grave.glif","\/english111prestobt-regular.ufo\/glyphs\/J_.glif":"\/english111prestobt-regular.ufo\/glyphs\/J_.glif","\/english111prestobt-regular.ufo\/glyphs\/K_.glif":"\/english111prestobt-regular.ufo\/glyphs\/K_.glif","\/english111prestobt-regular.ufo\/glyphs\/L_.glif":"\/english111prestobt-regular.ufo\/glyphs\/L_.glif","\/english111prestobt-regular.ufo\/glyphs\/L_slash.glif":"\/english111prestobt-regular.ufo\/glyphs\/L_slash.glif","\/english111prestobt-regular.ufo\/glyphs\/M_.glif":"\/english111prestobt-regular.ufo\/glyphs\/M_.glif","\/english111prestobt-regular.ufo\/glyphs\/N_.glif":"\/english111prestobt-regular.ufo\/glyphs\/N_.glif","\/english111prestobt-regular.ufo\/glyphs\/N_tilde.glif":"\/english111prestobt-regular.ufo\/glyphs\/N_tilde.glif","\/english111prestobt-regular.ufo\/glyphs\/O_.glif":"\/english111prestobt-regular.ufo\/glyphs\/O_.glif","\/english111prestobt-regular.ufo\/glyphs\/O_E_.glif":"\/english111prestobt-regular.ufo\/glyphs\/O_E_.glif","\/english111prestobt-regular.ufo\/glyphs\/O_acute.glif":"\/english111prestobt-regular.ufo\/glyphs\/O_acute.glif","\/english111prestobt-regular.ufo\/glyphs\/O_circumflex.glif":"\/english111prestobt-regular.ufo\/glyphs\/O_circumflex.glif","\/english111prestobt-regular.ufo\/glyphs\/O_dieresis.glif":"\/english111prestobt-regular.ufo\/glyphs\/O_dieresis.glif","\/english111prestobt-regular.ufo\/glyphs\/O_grave.glif":"\/english111prestobt-regular.ufo\/glyphs\/O_grave.glif","\/english111prestobt-regular.ufo\/glyphs\/O_slash.glif":"\/english111prestobt-regular.ufo\/glyphs\/O_slash.glif","\/english111prestobt-regular.ufo\/glyphs\/O_tilde.glif":"\/english111prestobt-regular.ufo\/glyphs\/O_tilde.glif","\/english111prestobt-regular.ufo\/glyphs\/P_.glif":"\/english111prestobt-regular.ufo\/glyphs\/P_.glif","\/english111prestobt-regular.ufo\/glyphs\/Q_.glif":"\/english111prestobt-regular.ufo\/glyphs\/Q_.glif","\/english111prestobt-regular.ufo\/glyphs\/R_.glif":"\/english111prestobt-regular.ufo\/glyphs\/R_.glif","\/english111prestobt-regular.ufo\/glyphs\/S_.glif":"\/english111prestobt-regular.ufo\/glyphs\/S_.glif","\/english111prestobt-regular.ufo\/glyphs\/S_caron.glif":"\/english111prestobt-regular.ufo\/glyphs\/S_caron.glif","\/english111prestobt-regular.ufo\/glyphs\/T_.glif":"\/english111prestobt-regular.ufo\/glyphs\/T_.glif","\/english111prestobt-regular.ufo\/glyphs\/T_horn.glif":"\/english111prestobt-regular.ufo\/glyphs\/T_horn.glif","\/english111prestobt-regular.ufo\/glyphs\/U_.glif":"\/english111prestobt-regular.ufo\/glyphs\/U_.glif","\/english111prestobt-regular.ufo\/glyphs\/U_acute.glif":"\/english111prestobt-regular.ufo\/glyphs\/U_acute.glif","\/english111prestobt-regular.ufo\/glyphs\/U_circumflex.glif":"\/english111prestobt-regular.ufo\/glyphs\/U_circumflex.glif","\/english111prestobt-regular.ufo\/glyphs\/U_dieresis.glif":"\/english111prestobt-regular.ufo\/glyphs\/U_dieresis.glif","\/english111prestobt-regular.ufo\/glyphs\/U_grave.glif":"\/english111prestobt-regular.ufo\/glyphs\/U_grave.glif","\/english111prestobt-regular.ufo\/glyphs\/V_.glif":"\/english111prestobt-regular.ufo\/glyphs\/V_.glif","\/english111prestobt-regular.ufo\/glyphs\/W_.glif":"\/english111prestobt-regular.ufo\/glyphs\/W_.glif","\/english111prestobt-regular.ufo\/glyphs\/X_.glif":"\/english111prestobt-regular.ufo\/glyphs\/X_.glif","\/english111prestobt-regular.ufo\/glyphs\/Y_.glif":"\/english111prestobt-regular.ufo\/glyphs\/Y_.glif","\/english111prestobt-regular.ufo\/glyphs\/Y_acute.glif":"\/english111prestobt-regular.ufo\/glyphs\/Y_acute.glif","\/english111prestobt-regular.ufo\/glyphs\/Y_dieresis.glif":"\/english111prestobt-regular.ufo\/glyphs\/Y_dieresis.glif","\/english111prestobt-regular.ufo\/glyphs\/Z_.glif":"\/english111prestobt-regular.ufo\/glyphs\/Z_.glif","\/english111prestobt-regular.ufo\/glyphs\/Z_caron.glif":"\/english111prestobt-regular.ufo\/glyphs\/Z_caron.glif","\/english111prestobt-regular.ufo\/glyphs\/a.glif":"\/english111prestobt-regular.ufo\/glyphs\/a.glif","\/english111prestobt-regular.ufo\/glyphs\/aacute.glif":"\/english111prestobt-regular.ufo\/glyphs\/aacute.glif","\/english111prestobt-regular.ufo\/glyphs\/acircumflex.glif":"\/english111prestobt-regular.ufo\/glyphs\/acircumflex.glif","\/english111prestobt-regular.ufo\/glyphs\/acute.glif":"\/english111prestobt-regular.ufo\/glyphs\/acute.glif","\/english111prestobt-regular.ufo\/glyphs\/adieresis.glif":"\/english111prestobt-regular.ufo\/glyphs\/adieresis.glif","\/english111prestobt-regular.ufo\/glyphs\/ae.glif":"\/english111prestobt-regular.ufo\/glyphs\/ae.glif","\/english111prestobt-regular.ufo\/glyphs\/agrave.glif":"\/english111prestobt-regular.ufo\/glyphs\/agrave.glif","\/english111prestobt-regular.ufo\/glyphs\/ampersand.glif":"\/english111prestobt-regular.ufo\/glyphs\/ampersand.glif","\/english111prestobt-regular.ufo\/glyphs\/aring.glif":"\/english111prestobt-regular.ufo\/glyphs\/aring.glif","\/english111prestobt-regular.ufo\/glyphs\/asciicircum.glif":"\/english111prestobt-regular.ufo\/glyphs\/asciicircum.glif","\/english111prestobt-regular.ufo\/glyphs\/asciitilde.glif":"\/english111prestobt-regular.ufo\/glyphs\/asciitilde.glif","\/english111prestobt-regular.ufo\/glyphs\/asterisk.glif":"\/english111prestobt-regular.ufo\/glyphs\/asterisk.glif","\/english111prestobt-regular.ufo\/glyphs\/at.glif":"\/english111prestobt-regular.ufo\/glyphs\/at.glif","\/english111prestobt-regular.ufo\/glyphs\/atilde.glif":"\/english111prestobt-regular.ufo\/glyphs\/atilde.glif","\/english111prestobt-regular.ufo\/glyphs\/b.glif":"\/english111prestobt-regular.ufo\/glyphs\/b.glif","\/english111prestobt-regular.ufo\/glyphs\/backslash.glif":"\/english111prestobt-regular.ufo\/glyphs\/backslash.glif","\/english111prestobt-regular.ufo\/glyphs\/bar.glif":"\/english111prestobt-regular.ufo\/glyphs\/bar.glif","\/english111prestobt-regular.ufo\/glyphs\/braceleft.glif":"\/english111prestobt-regular.ufo\/glyphs\/braceleft.glif","\/english111prestobt-regular.ufo\/glyphs\/braceright.glif":"\/english111prestobt-regular.ufo\/glyphs\/braceright.glif","\/english111prestobt-regular.ufo\/glyphs\/bracketleft.glif":"\/english111prestobt-regular.ufo\/glyphs\/bracketleft.glif","\/english111prestobt-regular.ufo\/glyphs\/bracketright.glif":"\/english111prestobt-regular.ufo\/glyphs\/bracketright.glif","\/english111prestobt-regular.ufo\/glyphs\/breve.glif":"\/english111prestobt-regular.ufo\/glyphs\/breve.glif","\/english111prestobt-regular.ufo\/glyphs\/brokenbar.glif":"\/english111prestobt-regular.ufo\/glyphs\/brokenbar.glif","\/english111prestobt-regular.ufo\/glyphs\/bullet.glif":"\/english111prestobt-regular.ufo\/glyphs\/bullet.glif","\/english111prestobt-regular.ufo\/glyphs\/c.glif":"\/english111prestobt-regular.ufo\/glyphs\/c.glif","\/english111prestobt-regular.ufo\/glyphs\/caron.glif":"\/english111prestobt-regular.ufo\/glyphs\/caron.glif","\/english111prestobt-regular.ufo\/glyphs\/ccedilla.glif":"\/english111prestobt-regular.ufo\/glyphs\/ccedilla.glif","\/english111prestobt-regular.ufo\/glyphs\/cedilla.glif":"\/english111prestobt-regular.ufo\/glyphs\/cedilla.glif","\/english111prestobt-regular.ufo\/glyphs\/cent.glif":"\/english111prestobt-regular.ufo\/glyphs\/cent.glif","\/english111prestobt-regular.ufo\/glyphs\/circumflex.glif":"\/english111prestobt-regular.ufo\/glyphs\/circumflex.glif","\/english111prestobt-regular.ufo\/glyphs\/colon.glif":"\/english111prestobt-regular.ufo\/glyphs\/colon.glif","\/english111prestobt-regular.ufo\/glyphs\/comma.glif":"\/english111prestobt-regular.ufo\/glyphs\/comma.glif","\/english111prestobt-regular.ufo\/glyphs\/contents.plist":"\/english111prestobt-regular.ufo\/glyphs\/contents.plist","\/english111prestobt-regular.ufo\/glyphs\/copyright.glif":"\/english111prestobt-regular.ufo\/glyphs\/copyright.glif","\/english111prestobt-regular.ufo\/glyphs\/currency.glif":"\/english111prestobt-regular.ufo\/glyphs\/currency.glif","\/english111prestobt-regular.ufo\/glyphs\/d.glif":"\/english111prestobt-regular.ufo\/glyphs\/d.glif","\/english111prestobt-regular.ufo\/glyphs\/dagger.glif":"\/english111prestobt-regular.ufo\/glyphs\/dagger.glif","\/english111prestobt-regular.ufo\/glyphs\/daggerdbl.glif":"\/english111prestobt-regular.ufo\/glyphs\/daggerdbl.glif","\/english111prestobt-regular.ufo\/glyphs\/degree.glif":"\/english111prestobt-regular.ufo\/glyphs\/degree.glif","\/english111prestobt-regular.ufo\/glyphs\/dieresis.glif":"\/english111prestobt-regular.ufo\/glyphs\/dieresis.glif","\/english111prestobt-regular.ufo\/glyphs\/divide.glif":"\/english111prestobt-regular.ufo\/glyphs\/divide.glif","\/english111prestobt-regular.ufo\/glyphs\/dollar.glif":"\/english111prestobt-regular.ufo\/glyphs\/dollar.glif","\/english111prestobt-regular.ufo\/glyphs\/dotaccent.glif":"\/english111prestobt-regular.ufo\/glyphs\/dotaccent.glif","\/english111prestobt-regular.ufo\/glyphs\/dotlessi.glif":"\/english111prestobt-regular.ufo\/glyphs\/dotlessi.glif","\/english111prestobt-regular.ufo\/glyphs\/e.glif":"\/english111prestobt-regular.ufo\/glyphs\/e.glif","\/english111prestobt-regular.ufo\/glyphs\/eacute.glif":"\/english111prestobt-regular.ufo\/glyphs\/eacute.glif","\/english111prestobt-regular.ufo\/glyphs\/ecircumflex.glif":"\/english111prestobt-regular.ufo\/glyphs\/ecircumflex.glif","\/english111prestobt-regular.ufo\/glyphs\/edieresis.glif":"\/english111prestobt-regular.ufo\/glyphs\/edieresis.glif","\/english111prestobt-regular.ufo\/glyphs\/egrave.glif":"\/english111prestobt-regular.ufo\/glyphs\/egrave.glif","\/english111prestobt-regular.ufo\/glyphs\/eight.glif":"\/english111prestobt-regular.ufo\/glyphs\/eight.glif","\/english111prestobt-regular.ufo\/glyphs\/ellipsis.glif":"\/english111prestobt-regular.ufo\/glyphs\/ellipsis.glif","\/english111prestobt-regular.ufo\/glyphs\/emdash.glif":"\/english111prestobt-regular.ufo\/glyphs\/emdash.glif","\/english111prestobt-regular.ufo\/glyphs\/endash.glif":"\/english111prestobt-regular.ufo\/glyphs\/endash.glif","\/english111prestobt-regular.ufo\/glyphs\/equal.glif":"\/english111prestobt-regular.ufo\/glyphs\/equal.glif","\/english111prestobt-regular.ufo\/glyphs\/eth.glif":"\/english111prestobt-regular.ufo\/glyphs\/eth.glif","\/english111prestobt-regular.ufo\/glyphs\/exclam.glif":"\/english111prestobt-regular.ufo\/glyphs\/exclam.glif","\/english111prestobt-regular.ufo\/glyphs\/exclamdown.glif":"\/english111prestobt-regular.ufo\/glyphs\/exclamdown.glif","\/english111prestobt-regular.ufo\/glyphs\/f.glif":"\/english111prestobt-regular.ufo\/glyphs\/f.glif","\/english111prestobt-regular.ufo\/glyphs\/fi.glif":"\/english111prestobt-regular.ufo\/glyphs\/fi.glif","\/english111prestobt-regular.ufo\/glyphs\/five.glif":"\/english111prestobt-regular.ufo\/glyphs\/five.glif","\/english111prestobt-regular.ufo\/glyphs\/fl.glif":"\/english111prestobt-regular.ufo\/glyphs\/fl.glif","\/english111prestobt-regular.ufo\/glyphs\/florin.glif":"\/english111prestobt-regular.ufo\/glyphs\/florin.glif","\/english111prestobt-regular.ufo\/glyphs\/four.glif":"\/english111prestobt-regular.ufo\/glyphs\/four.glif","\/english111prestobt-regular.ufo\/glyphs\/fraction.glif":"\/english111prestobt-regular.ufo\/glyphs\/fraction.glif","\/english111prestobt-regular.ufo\/glyphs\/g.glif":"\/english111prestobt-regular.ufo\/glyphs\/g.glif","\/english111prestobt-regular.ufo\/glyphs\/germandbls.glif":"\/english111prestobt-regular.ufo\/glyphs\/germandbls.glif","\/english111prestobt-regular.ufo\/glyphs\/grave.glif":"\/english111prestobt-regular.ufo\/glyphs\/grave.glif","\/english111prestobt-regular.ufo\/glyphs\/greater.glif":"\/english111prestobt-regular.ufo\/glyphs\/greater.glif","\/english111prestobt-regular.ufo\/glyphs\/guillemotleft.glif":"\/english111prestobt-regular.ufo\/glyphs\/guillemotleft.glif","\/english111prestobt-regular.ufo\/glyphs\/guillemotright.glif":"\/english111prestobt-regular.ufo\/glyphs\/guillemotright.glif","\/english111prestobt-regular.ufo\/glyphs\/guilsinglleft.glif":"\/english111prestobt-regular.ufo\/glyphs\/guilsinglleft.glif","\/english111prestobt-regular.ufo\/glyphs\/guilsinglright.glif":"\/english111prestobt-regular.ufo\/glyphs\/guilsinglright.glif","\/english111prestobt-regular.ufo\/glyphs\/h.glif":"\/english111prestobt-regular.ufo\/glyphs\/h.glif","\/english111prestobt-regular.ufo\/glyphs\/hungarumlaut.glif":"\/english111prestobt-regular.ufo\/glyphs\/hungarumlaut.glif","\/english111prestobt-regular.ufo\/glyphs\/hyphen.glif":"\/english111prestobt-regular.ufo\/glyphs\/hyphen.glif","\/english111prestobt-regular.ufo\/glyphs\/i.glif":"\/english111prestobt-regular.ufo\/glyphs\/i.glif","\/english111prestobt-regular.ufo\/glyphs\/iacute.glif":"\/english111prestobt-regular.ufo\/glyphs\/iacute.glif","\/english111prestobt-regular.ufo\/glyphs\/icircumflex.glif":"\/english111prestobt-regular.ufo\/glyphs\/icircumflex.glif","\/english111prestobt-regular.ufo\/glyphs\/idieresis.glif":"\/english111prestobt-regular.ufo\/glyphs\/idieresis.glif","\/english111prestobt-regular.ufo\/glyphs\/igrave.glif":"\/english111prestobt-regular.ufo\/glyphs\/igrave.glif","\/english111prestobt-regular.ufo\/glyphs\/j.glif":"\/english111prestobt-regular.ufo\/glyphs\/j.glif","\/english111prestobt-regular.ufo\/glyphs\/k.glif":"\/english111prestobt-regular.ufo\/glyphs\/k.glif","\/english111prestobt-regular.ufo\/glyphs\/l.glif":"\/english111prestobt-regular.ufo\/glyphs\/l.glif","\/english111prestobt-regular.ufo\/glyphs\/less.glif":"\/english111prestobt-regular.ufo\/glyphs\/less.glif","\/english111prestobt-regular.ufo\/glyphs\/logicalnot.glif":"\/english111prestobt-regular.ufo\/glyphs\/logicalnot.glif","\/english111prestobt-regular.ufo\/glyphs\/lslash.glif":"\/english111prestobt-regular.ufo\/glyphs\/lslash.glif","\/english111prestobt-regular.ufo\/glyphs\/m.glif":"\/english111prestobt-regular.ufo\/glyphs\/m.glif","\/english111prestobt-regular.ufo\/glyphs\/macron.glif":"\/english111prestobt-regular.ufo\/glyphs\/macron.glif","\/english111prestobt-regular.ufo\/glyphs\/minus.glif":"\/english111prestobt-regular.ufo\/glyphs\/minus.glif","\/english111prestobt-regular.ufo\/glyphs\/mu.glif":"\/english111prestobt-regular.ufo\/glyphs\/mu.glif","\/english111prestobt-regular.ufo\/glyphs\/multiply.glif":"\/english111prestobt-regular.ufo\/glyphs\/multiply.glif","\/english111prestobt-regular.ufo\/glyphs\/n.glif":"\/english111prestobt-regular.ufo\/glyphs\/n.glif","\/english111prestobt-regular.ufo\/glyphs\/nine.glif":"\/english111prestobt-regular.ufo\/glyphs\/nine.glif","\/english111prestobt-regular.ufo\/glyphs\/ntilde.glif":"\/english111prestobt-regular.ufo\/glyphs\/ntilde.glif","\/english111prestobt-regular.ufo\/glyphs\/numbersign.glif":"\/english111prestobt-regular.ufo\/glyphs\/numbersign.glif","\/english111prestobt-regular.ufo\/glyphs\/o.glif":"\/english111prestobt-regular.ufo\/glyphs\/o.glif","\/english111prestobt-regular.ufo\/glyphs\/oacute.glif":"\/english111prestobt-regular.ufo\/glyphs\/oacute.glif","\/english111prestobt-regular.ufo\/glyphs\/ocircumflex.glif":"\/english111prestobt-regular.ufo\/glyphs\/ocircumflex.glif","\/english111prestobt-regular.ufo\/glyphs\/odieresis.glif":"\/english111prestobt-regular.ufo\/glyphs\/odieresis.glif","\/english111prestobt-regular.ufo\/glyphs\/oe.glif":"\/english111prestobt-regular.ufo\/glyphs\/oe.glif","\/english111prestobt-regular.ufo\/glyphs\/ogonek.glif":"\/english111prestobt-regular.ufo\/glyphs\/ogonek.glif","\/english111prestobt-regular.ufo\/glyphs\/ograve.glif":"\/english111prestobt-regular.ufo\/glyphs\/ograve.glif","\/english111prestobt-regular.ufo\/glyphs\/one.glif":"\/english111prestobt-regular.ufo\/glyphs\/one.glif","\/english111prestobt-regular.ufo\/glyphs\/onehalf.glif":"\/english111prestobt-regular.ufo\/glyphs\/onehalf.glif","\/english111prestobt-regular.ufo\/glyphs\/onequarter.glif":"\/english111prestobt-regular.ufo\/glyphs\/onequarter.glif","\/english111prestobt-regular.ufo\/glyphs\/onesuperior.glif":"\/english111prestobt-regular.ufo\/glyphs\/onesuperior.glif","\/english111prestobt-regular.ufo\/glyphs\/ordfeminine.glif":"\/english111prestobt-regular.ufo\/glyphs\/ordfeminine.glif","\/english111prestobt-regular.ufo\/glyphs\/ordmasculine.glif":"\/english111prestobt-regular.ufo\/glyphs\/ordmasculine.glif","\/english111prestobt-regular.ufo\/glyphs\/oslash.glif":"\/english111prestobt-regular.ufo\/glyphs\/oslash.glif","\/english111prestobt-regular.ufo\/glyphs\/otilde.glif":"\/english111prestobt-regular.ufo\/glyphs\/otilde.glif","\/english111prestobt-regular.ufo\/glyphs\/p.glif":"\/english111prestobt-regular.ufo\/glyphs\/p.glif","\/english111prestobt-regular.ufo\/glyphs\/paragraph.glif":"\/english111prestobt-regular.ufo\/glyphs\/paragraph.glif","\/english111prestobt-regular.ufo\/glyphs\/parenleft.glif":"\/english111prestobt-regular.ufo\/glyphs\/parenleft.glif","\/english111prestobt-regular.ufo\/glyphs\/parenright.glif":"\/english111prestobt-regular.ufo\/glyphs\/parenright.glif","\/english111prestobt-regular.ufo\/glyphs\/percent.glif":"\/english111prestobt-regular.ufo\/glyphs\/percent.glif","\/english111prestobt-regular.ufo\/glyphs\/period.glif":"\/english111prestobt-regular.ufo\/glyphs\/period.glif","\/english111prestobt-regular.ufo\/glyphs\/periodcentered.glif":"\/english111prestobt-regular.ufo\/glyphs\/periodcentered.glif","\/english111prestobt-regular.ufo\/glyphs\/perthousand.glif":"\/english111prestobt-regular.ufo\/glyphs\/perthousand.glif","\/english111prestobt-regular.ufo\/glyphs\/plus.glif":"\/english111prestobt-regular.ufo\/glyphs\/plus.glif","\/english111prestobt-regular.ufo\/glyphs\/plusminus.glif":"\/english111prestobt-regular.ufo\/glyphs\/plusminus.glif","\/english111prestobt-regular.ufo\/glyphs\/q.glif":"\/english111prestobt-regular.ufo\/glyphs\/q.glif","\/english111prestobt-regular.ufo\/glyphs\/question.glif":"\/english111prestobt-regular.ufo\/glyphs\/question.glif","\/english111prestobt-regular.ufo\/glyphs\/questiondown.glif":"\/english111prestobt-regular.ufo\/glyphs\/questiondown.glif","\/english111prestobt-regular.ufo\/glyphs\/quotedbl.glif":"\/english111prestobt-regular.ufo\/glyphs\/quotedbl.glif","\/english111prestobt-regular.ufo\/glyphs\/quotedblbase.glif":"\/english111prestobt-regular.ufo\/glyphs\/quotedblbase.glif","\/english111prestobt-regular.ufo\/glyphs\/quotedblleft.glif":"\/english111prestobt-regular.ufo\/glyphs\/quotedblleft.glif","\/english111prestobt-regular.ufo\/glyphs\/quotedblright.glif":"\/english111prestobt-regular.ufo\/glyphs\/quotedblright.glif","\/english111prestobt-regular.ufo\/glyphs\/quoteleft.glif":"\/english111prestobt-regular.ufo\/glyphs\/quoteleft.glif","\/english111prestobt-regular.ufo\/glyphs\/quoteright.glif":"\/english111prestobt-regular.ufo\/glyphs\/quoteright.glif","\/english111prestobt-regular.ufo\/glyphs\/quotesinglbase.glif":"\/english111prestobt-regular.ufo\/glyphs\/quotesinglbase.glif","\/english111prestobt-regular.ufo\/glyphs\/quotesingle.glif":"\/english111prestobt-regular.ufo\/glyphs\/quotesingle.glif","\/english111prestobt-regular.ufo\/glyphs\/r.glif":"\/english111prestobt-regular.ufo\/glyphs\/r.glif","\/english111prestobt-regular.ufo\/glyphs\/registered.glif":"\/english111prestobt-regular.ufo\/glyphs\/registered.glif","\/english111prestobt-regular.ufo\/glyphs\/ring.glif":"\/english111prestobt-regular.ufo\/glyphs\/ring.glif","\/english111prestobt-regular.ufo\/glyphs\/s.glif":"\/english111prestobt-regular.ufo\/glyphs\/s.glif","\/english111prestobt-regular.ufo\/glyphs\/scaron.glif":"\/english111prestobt-regular.ufo\/glyphs\/scaron.glif","\/english111prestobt-regular.ufo\/glyphs\/section.glif":"\/english111prestobt-regular.ufo\/glyphs\/section.glif","\/english111prestobt-regular.ufo\/glyphs\/semicolon.glif":"\/english111prestobt-regular.ufo\/glyphs\/semicolon.glif","\/english111prestobt-regular.ufo\/glyphs\/seven.glif":"\/english111prestobt-regular.ufo\/glyphs\/seven.glif","\/english111prestobt-regular.ufo\/glyphs\/six.glif":"\/english111prestobt-regular.ufo\/glyphs\/six.glif","\/english111prestobt-regular.ufo\/glyphs\/slash.glif":"\/english111prestobt-regular.ufo\/glyphs\/slash.glif","\/english111prestobt-regular.ufo\/glyphs\/space.glif":"\/english111prestobt-regular.ufo\/glyphs\/space.glif","\/english111prestobt-regular.ufo\/glyphs\/sterling.glif":"\/english111prestobt-regular.ufo\/glyphs\/sterling.glif","\/english111prestobt-regular.ufo\/glyphs\/t.glif":"\/english111prestobt-regular.ufo\/glyphs\/t.glif","\/english111prestobt-regular.ufo\/glyphs\/thorn.glif":"\/english111prestobt-regular.ufo\/glyphs\/thorn.glif","\/english111prestobt-regular.ufo\/glyphs\/three.glif":"\/english111prestobt-regular.ufo\/glyphs\/three.glif","\/english111prestobt-regular.ufo\/glyphs\/threequarters.glif":"\/english111prestobt-regular.ufo\/glyphs\/threequarters.glif","\/english111prestobt-regular.ufo\/glyphs\/threesuperior.glif":"\/english111prestobt-regular.ufo\/glyphs\/threesuperior.glif","\/english111prestobt-regular.ufo\/glyphs\/tilde.glif":"\/english111prestobt-regular.ufo\/glyphs\/tilde.glif","\/english111prestobt-regular.ufo\/glyphs\/trademark.glif":"\/english111prestobt-regular.ufo\/glyphs\/trademark.glif","\/english111prestobt-regular.ufo\/glyphs\/two.glif":"\/english111prestobt-regular.ufo\/glyphs\/two.glif","\/english111prestobt-regular.ufo\/glyphs\/twosuperior.glif":"\/english111prestobt-regular.ufo\/glyphs\/twosuperior.glif","\/english111prestobt-regular.ufo\/glyphs\/u.glif":"\/english111prestobt-regular.ufo\/glyphs\/u.glif","\/english111prestobt-regular.ufo\/glyphs\/uacute.glif":"\/english111prestobt-regular.ufo\/glyphs\/uacute.glif","\/english111prestobt-regular.ufo\/glyphs\/ucircumflex.glif":"\/english111prestobt-regular.ufo\/glyphs\/ucircumflex.glif","\/english111prestobt-regular.ufo\/glyphs\/udieresis.glif":"\/english111prestobt-regular.ufo\/glyphs\/udieresis.glif","\/english111prestobt-regular.ufo\/glyphs\/ugrave.glif":"\/english111prestobt-regular.ufo\/glyphs\/ugrave.glif","\/english111prestobt-regular.ufo\/glyphs\/underscore.glif":"\/english111prestobt-regular.ufo\/glyphs\/underscore.glif","\/english111prestobt-regular.ufo\/glyphs\/v.glif":"\/english111prestobt-regular.ufo\/glyphs\/v.glif","\/english111prestobt-regular.ufo\/glyphs\/w.glif":"\/english111prestobt-regular.ufo\/glyphs\/w.glif","\/english111prestobt-regular.ufo\/glyphs\/x.glif":"\/english111prestobt-regular.ufo\/glyphs\/x.glif","\/english111prestobt-regular.ufo\/glyphs\/y.glif":"\/english111prestobt-regular.ufo\/glyphs\/y.glif","\/english111prestobt-regular.ufo\/glyphs\/yacute.glif":"\/english111prestobt-regular.ufo\/glyphs\/yacute.glif","\/english111prestobt-regular.ufo\/glyphs\/ydieresis.glif":"\/english111prestobt-regular.ufo\/glyphs\/ydieresis.glif","\/english111prestobt-regular.ufo\/glyphs\/yen.glif":"\/english111prestobt-regular.ufo\/glyphs\/yen.glif","\/english111prestobt-regular.ufo\/glyphs\/z.glif":"\/english111prestobt-regular.ufo\/glyphs\/z.glif","\/english111prestobt-regular.ufo\/glyphs\/zcaron.glif":"\/english111prestobt-regular.ufo\/glyphs\/zcaron.glif","\/english111prestobt-regular.ufo\/glyphs\/zero.glif":"\/english111prestobt-regular.ufo\/glyphs\/zero.glif"},"Font":{"uploaded":1471077733.1521,"licence":"gpl3","company":"Chronolabs Cooperative","title":"English 1 Presto BT Regular","version":3.002,"date":"Fri Aug 12 16:01:18 2016","creator":"root","type":"1","matrix":"0.001 0 0 0.001 0 0","named":"English111PrestoBT-Regular","painttype":"0","info":"10 dict dup","name":"English 111 Presto","family":"English 111","weight":"Normal","fstype":"0","italicangle":"-28","underlineposition":"","underlinethickness":""},"Licences":{"":false},"Table":{"FFTM":{"entryLength":16,"tag":"FFTM","checksum":1944410604,"offset":44532,"length":28},"GDEF":{"entryLength":16,"tag":"GDEF","checksum":18153478,"offset":44500,"length":32},"OS\/2":{"entryLength":16,"tag":"OS\/2","checksum":1471093041,"offset":344,"length":86},"cmap":{"entryLength":16,"tag":"cmap","checksum":3239798485,"offset":1360,"length":570},"gasp":{"entryLength":16,"tag":"gasp","checksum":4294901763,"offset":44492,"length":8},"glyf":{"entryLength":16,"tag":"glyf","checksum":3504453000,"offset":2400,"length":40728},"head":{"entryLength":16,"tag":"head","checksum":200900472,"offset":220,"length":54},"hhea":{"entryLength":16,"tag":"hhea","checksum":158466930,"offset":276,"length":36},"hmtx":{"entryLength":16,"tag":"hmtx","checksum":4075298054,"offset":432,"length":928},"loca":{"entryLength":16,"tag":"loca","checksum":2595844714,"offset":1932,"length":466},"maxp":{"entryLength":16,"tag":"maxp","checksum":19988654,"offset":312,"length":32},"name":{"entryLength":16,"tag":"name","checksum":463763731,"offset":43128,"length":858},"post":{"entryLength":16,"tag":"post","checksum":2907285875,"offset":43988,"length":503}},"UnicodeCharMap":{"32":3,"33":4,"34":5,"35":6,"36":7,"37":8,"38":9,"39":10,"40":11,"41":12,"42":13,"43":14,"44":15,"45":16,"46":17,"47":18,"48":19,"49":20,"50":21,"51":22,"52":23,"53":24,"54":25,"55":26,"56":27,"57":28,"58":29,"59":30,"60":31,"61":32,"62":33,"63":34,"64":35,"65":36,"66":37,"67":38,"68":39,"69":40,"70":41,"71":42,"72":43,"73":44,"74":45,"75":46,"76":47,"77":48,"78":49,"79":50,"80":51,"81":52,"82":53,"83":54,"84":55,"85":56,"86":57,"87":58,"88":59,"89":60,"90":61,"91":62,"92":63,"93":64,"94":65,"95":66,"96":67,"97":68,"98":69,"99":70,"100":71,"101":72,"102":73,"103":74,"104":75,"105":76,"106":77,"107":78,"108":79,"109":80,"110":81,"111":82,"112":83,"113":84,"114":85,"115":86,"116":87,"117":88,"118":89,"119":90,"120":91,"121":92,"122":93,"123":94,"124":95,"125":96,"126":97,"161":98,"162":99,"163":100,"164":101,"165":102,"166":103,"167":104,"168":105,"169":106,"170":107,"171":108,"172":109,"174":110,"175":111,"176":112,"177":113,"178":114,"179":115,"180":116,"182":118,"183":119,"184":120,"185":121,"186":122,"187":123,"188":124,"189":125,"190":126,"191":127,"192":128,"193":129,"194":130,"195":131,"196":132,"197":133,"198":134,"199":135,"200":136,"201":137,"202":138,"203":139,"204":140,"205":141,"206":142,"207":143,"208":144,"209":145,"210":146,"211":147,"212":148,"213":149,"214":150,"215":151,"216":152,"217":153,"218":154,"219":155,"220":156,"221":157,"222":158,"223":159,"224":160,"225":161,"226":162,"227":163,"228":164,"229":165,"230":166,"231":167,"232":168,"233":169,"234":170,"235":171,"236":172,"237":173,"238":174,"239":175,"240":176,"241":177,"242":178,"243":179,"244":180,"245":181,"246":182,"247":183,"248":184,"249":185,"250":186,"251":187,"252":188,"253":189,"254":190,"255":191,"305":221,"321":219,"322":222,"338":220,"339":223,"352":225,"353":229,"376":226,"381":227,"382":231,"402":195,"710":210,"711":217,"728":212,"729":213,"730":214,"731":216,"732":211,"733":215,"956":117,"8211":201,"8212":218,"8216":193,"8217":192,"8218":205,"8220":196,"8221":207,"8222":206,"8224":202,"8225":203,"8226":204,"8230":208,"8240":209,"8249":197,"8250":198,"8260":194,"8364":224,"8482":230,"8722":228,"64257":199,"64258":200},"Reserves":{"fontname":"English 1 Presto"},"Names":{"English 1 Presto":{"name":"English 1 Presto","longitude":"0.00000001","latitude":"0.00000001","country":"","region":"","city":""}},"Nodes":{"en":{"type":"typal","node":"en","usage":1,"weight":1},"sh":{"type":"typal","node":"sh","usage":1,"weight":1},"pr":{"type":"typal","node":"pr","usage":1,"weight":1},"to":{"type":"typal","node":"to","usage":1,"weight":1},"eng":{"type":"typal","node":"eng","usage":1,"weight":1},"ish":{"type":"typal","node":"ish","usage":1,"weight":1},"pre":{"type":"typal","node":"pre","usage":1,"weight":1},"sto":{"type":"typal","node":"sto","usage":1,"weight":1},"engl":{"type":"keys","node":"engl","usage":1,"weight":1},"lish":{"type":"keys","node":"lish","usage":1,"weight":1},"pres":{"type":"keys","node":"pres","usage":1,"weight":1},"esto":{"type":"keys","node":"esto","usage":1,"weight":1},"engli":{"type":"keys","node":"engli","usage":1,"weight":1},"glish":{"type":"keys","node":"glish","usage":1,"weight":1},"prest":{"type":"keys","node":"prest","usage":1,"weight":1},"resto":{"type":"keys","node":"resto","usage":1,"weight":1},"english":{"type":"fixes","node":"english","usage":1,"weight":1},"1":{"type":"fixes","node":1,"usage":1,"weight":1},"presto":{"type":"fixes","node":"presto","usage":1,"weight":1}},"Contributors":[],"FontIdentity":"wagovau:125cee59d43d597c9986b6ad","Bytes":null,"Networking":[],"barcode":"yo11ukwa4sa53k","referee":"aIoQQoc"}