{"CSS":{"Zapf Intl ITC Std Heavy":"1f0283430898dd8b4afc498b9f2b77d3.css"},"FontType":"TrueType","FontCopyright":"Copyright 2002 International Typeface Corporation. All rights reserved. \"ITC Zapf International\" is a trademark of International Typeface Corporation Registered in U.S. Patent & Trademark Office and may be registered in certain other jurisdictions.","FontName":"Zapf Intl ITC Std Medium","FontSubfamily":"Heavy","FontSubfamilyID":"FontForge 2.0 : Zapf Intl ITC Std Heavy : 26-5-2016","FontFullName":"Zapf Intl ITC Std Heavy","FontVersion":"Version 001.000 ","FontWeight":null,"FontPostscriptName":"ZapfIntlITCStd-Heavy","Files":null,"Table":{"FFTM":{"entryLength":16,"tag":"FFTM","checksum":1930804310,"offset":54392,"length":28},"GDEF":{"entryLength":16,"tag":"GDEF","checksum":36307210,"offset":52032,"length":38},"GPOS":{"entryLength":16,"tag":"GPOS","checksum":648872384,"offset":52176,"length":2214},"GSUB":{"entryLength":16,"tag":"GSUB","checksum":652354096,"offset":52072,"length":104},"OS\/2":{"entryLength":16,"tag":"OS\/2","checksum":2030452431,"offset":376,"length":86},"cmap":{"entryLength":16,"tag":"cmap","checksum":1747088708,"offset":1484,"length":642},"gasp":{"entryLength":16,"tag":"gasp","checksum":4294901763,"offset":52024,"length":8},"glyf":{"entryLength":16,"tag":"glyf","checksum":631894260,"offset":2640,"length":47396},"head":{"entryLength":16,"tag":"head","checksum":159866107,"offset":252,"length":54},"hhea":{"entryLength":16,"tag":"hhea","checksum":124650494,"offset":308,"length":36},"hmtx":{"entryLength":16,"tag":"hmtx","checksum":1997546345,"offset":464,"length":1020},"loca":{"entryLength":16,"tag":"loca","checksum":543247740,"offset":2128,"length":512},"maxp":{"entryLength":16,"tag":"maxp","checksum":21495998,"offset":344,"length":32},"name":{"entryLength":16,"tag":"name","checksum":1118213210,"offset":50036,"length":1356},"post":{"entryLength":16,"tag":"post","checksum":2323316148,"offset":51392,"length":629}},"UnicodeCharMap":{"32":3,"33":4,"34":5,"35":6,"36":7,"37":8,"38":9,"39":10,"40":11,"41":12,"42":13,"43":14,"44":15,"45":16,"46":17,"47":18,"48":19,"49":20,"50":21,"51":22,"52":23,"53":24,"54":25,"55":26,"56":27,"57":28,"58":29,"59":30,"60":31,"61":32,"62":33,"63":34,"64":35,"65":36,"66":37,"67":38,"68":39,"69":40,"70":41,"71":42,"72":43,"73":44,"74":45,"75":46,"76":47,"77":48,"78":49,"79":50,"80":51,"81":52,"82":53,"83":54,"84":55,"85":56,"86":57,"87":58,"88":59,"89":60,"90":61,"91":62,"92":63,"93":64,"94":65,"95":66,"96":67,"97":68,"98":69,"99":70,"100":71,"101":72,"102":73,"103":74,"104":75,"105":76,"106":77,"107":78,"108":79,"109":80,"110":81,"111":82,"112":83,"113":84,"114":85,"115":86,"116":87,"117":88,"118":89,"119":90,"120":91,"121":92,"122":93,"123":94,"124":95,"125":96,"126":97,"160":98,"161":99,"162":100,"163":101,"164":102,"165":103,"166":104,"167":105,"168":106,"169":107,"170":108,"171":109,"172":110,"173":111,"174":112,"175":113,"176":114,"177":115,"178":116,"179":117,"180":118,"182":120,"183":121,"184":122,"185":123,"186":124,"187":125,"188":126,"189":127,"190":128,"191":129,"192":130,"193":131,"194":132,"195":133,"196":134,"197":135,"198":136,"199":137,"200":138,"201":139,"202":140,"203":141,"204":142,"205":143,"206":144,"207":145,"208":146,"209":147,"210":148,"211":149,"212":150,"213":151,"214":152,"215":153,"216":154,"217":155,"218":156,"219":157,"220":158,"221":159,"222":160,"223":161,"224":162,"225":163,"226":164,"227":165,"228":166,"229":167,"230":168,"231":169,"232":170,"233":171,"234":172,"235":173,"236":174,"237":175,"238":176,"239":177,"240":178,"241":179,"242":180,"243":181,"244":182,"245":183,"246":184,"247":185,"248":186,"249":187,"250":188,"251":189,"252":190,"253":191,"254":192,"255":193,"305":194,"321":195,"322":196,"338":197,"339":198,"352":199,"353":200,"376":201,"381":202,"382":203,"402":204,"710":205,"711":206,"713":207,"728":208,"729":209,"730":210,"731":211,"732":212,"733":213,"916":239,"937":236,"956":215,"960":216,"8211":217,"8212":218,"8216":219,"8217":220,"8218":221,"8220":222,"8221":223,"8222":224,"8224":225,"8225":226,"8226":227,"8230":228,"8240":229,"8249":230,"8250":231,"8260":232,"8364":233,"8467":234,"8482":235,"8494":237,"8706":238,"8719":240,"8721":241,"8722":242,"8725":243,"8729":244,"8730":245,"8734":246,"8747":247,"8776":248,"8800":249,"8804":250,"8805":251,"9674":252,"64257":253,"64258":254},"Reserves":{"fontname":"Zapf Intl ITC Std Heavy"},"Names":{"Zapf Intl ITC Std Heavy":{"name":"Zapf Intl ITC Std Heavy","longitude":"0.00000001","latitude":"0.00000001","country":"","region":"","city":""}},"Nodes":{"za":{"type":"typal","node":"za","usage":1,"weight":1},"pf":{"type":"typal","node":"pf","usage":1,"weight":1},"in":{"type":"typal","node":"in","usage":1,"weight":1},"tl":{"type":"typal","node":"tl","usage":1,"weight":1},"it":{"type":"typal","node":"it","usage":1,"weight":1},"tc":{"type":"typal","node":"tc","usage":1,"weight":1},"st":{"type":"typal","node":"st","usage":1,"weight":1},"td":{"type":"typal","node":"td","usage":1,"weight":1},"he":{"type":"typal","node":"he","usage":1,"weight":1},"vy":{"type":"typal","node":"vy","usage":1,"weight":1},"zap":{"type":"typal","node":"zap","usage":1,"weight":1},"apf":{"type":"typal","node":"apf","usage":1,"weight":1},"int":{"type":"typal","node":"int","usage":1,"weight":1},"ntl":{"type":"typal","node":"ntl","usage":1,"weight":1},"hea":{"type":"typal","node":"hea","usage":1,"weight":1},"avy":{"type":"typal","node":"avy","usage":1,"weight":1},"heav":{"type":"keys","node":"heav","usage":1,"weight":1},"eavy":{"type":"keys","node":"eavy","usage":1,"weight":1},"zapf":{"type":"fixes","node":"zapf","usage":1,"weight":1},"intl":{"type":"fixes","node":"intl","usage":1,"weight":1},"itc":{"type":"fixes","node":"itc","usage":1,"weight":1},"std":{"type":"fixes","node":"std","usage":1,"weight":1},"heavy":{"type":"fixes","node":"heavy","usage":1,"weight":1}},"Contributors":[],"FontIdentity":"1f0283430898dd8b4afc498b9f2b77d3","Bytes":null,"Networking":[]}