{"CSS":{"ModPassenger":"ModPassenger.css"},"FontType":"TrueType","FontCopyright":"Rail Modern Passenger (C) 1994 Benn Coifman zephyr@cory.eecs.berkeley.edu","FontName":"ModPassenger","FontSubfamily":"Book","FontSubfamilyID":"FontForge 2.0 : ModPassenger : 19-10-2016","FontFullName":"Mod Passenger","FontVersion":"Version Altsys Fontographer  ","FontWeight":null,"FontPostscriptName":"ModPassenger","Files":{"\/fonts\/Unpacking\/83cfde35f292022e86ffda1465b1e6809133fc2a\/LICENCE":"\/fonts\/Unpacking\/83cfde35f292022e86ffda1465b1e6809133fc2a\/LICENCE","\/fonts\/Unpacking\/83cfde35f292022e86ffda1465b1e6809133fc2a\/modpassenger.afm":"\/fonts\/Unpacking\/83cfde35f292022e86ffda1465b1e6809133fc2a\/modpassenger.afm","\/fonts\/Unpacking\/83cfde35f292022e86ffda1465b1e6809133fc2a\/modpassenger.bin":"\/fonts\/Unpacking\/83cfde35f292022e86ffda1465b1e6809133fc2a\/modpassenger.bin","\/fonts\/Unpacking\/83cfde35f292022e86ffda1465b1e6809133fc2a\/modpassenger.cef":"\/fonts\/Unpacking\/83cfde35f292022e86ffda1465b1e6809133fc2a\/modpassenger.cef","\/fonts\/Unpacking\/83cfde35f292022e86ffda1465b1e6809133fc2a\/modpassenger.cff":"\/fonts\/Unpacking\/83cfde35f292022e86ffda1465b1e6809133fc2a\/modpassenger.cff","\/fonts\/Unpacking\/83cfde35f292022e86ffda1465b1e6809133fc2a\/modpassenger.cid":"\/fonts\/Unpacking\/83cfde35f292022e86ffda1465b1e6809133fc2a\/modpassenger.cid","\/fonts\/Unpacking\/83cfde35f292022e86ffda1465b1e6809133fc2a\/modpassenger.dfont":"\/fonts\/Unpacking\/83cfde35f292022e86ffda1465b1e6809133fc2a\/modpassenger.dfont","\/fonts\/Unpacking\/83cfde35f292022e86ffda1465b1e6809133fc2a\/modpassenger.eot":"\/fonts\/Unpacking\/83cfde35f292022e86ffda1465b1e6809133fc2a\/modpassenger.eot","\/fonts\/Unpacking\/83cfde35f292022e86ffda1465b1e6809133fc2a\/modpassenger.fon":"\/fonts\/Unpacking\/83cfde35f292022e86ffda1465b1e6809133fc2a\/modpassenger.fon","\/fonts\/Unpacking\/83cfde35f292022e86ffda1465b1e6809133fc2a\/modpassenger.gai":"\/fonts\/Unpacking\/83cfde35f292022e86ffda1465b1e6809133fc2a\/modpassenger.gai","\/fonts\/Unpacking\/83cfde35f292022e86ffda1465b1e6809133fc2a\/modpassenger.gsf":"\/fonts\/Unpacking\/83cfde35f292022e86ffda1465b1e6809133fc2a\/modpassenger.gsf","\/fonts\/Unpacking\/83cfde35f292022e86ffda1465b1e6809133fc2a\/modpassenger.hqx":"\/fonts\/Unpacking\/83cfde35f292022e86ffda1465b1e6809133fc2a\/modpassenger.hqx","\/fonts\/Unpacking\/83cfde35f292022e86ffda1465b1e6809133fc2a\/modpassenger.ik":"\/fonts\/Unpacking\/83cfde35f292022e86ffda1465b1e6809133fc2a\/modpassenger.ik","\/fonts\/Unpacking\/83cfde35f292022e86ffda1465b1e6809133fc2a\/modpassenger.mf":"\/fonts\/Unpacking\/83cfde35f292022e86ffda1465b1e6809133fc2a\/modpassenger.mf","\/fonts\/Unpacking\/83cfde35f292022e86ffda1465b1e6809133fc2a\/modpassenger.otf":"\/fonts\/Unpacking\/83cfde35f292022e86ffda1465b1e6809133fc2a\/modpassenger.otf","\/fonts\/Unpacking\/83cfde35f292022e86ffda1465b1e6809133fc2a\/modpassenger.pcf":"\/fonts\/Unpacking\/83cfde35f292022e86ffda1465b1e6809133fc2a\/modpassenger.pcf","\/fonts\/Unpacking\/83cfde35f292022e86ffda1465b1e6809133fc2a\/modpassenger.pf3":"\/fonts\/Unpacking\/83cfde35f292022e86ffda1465b1e6809133fc2a\/modpassenger.pf3","\/fonts\/Unpacking\/83cfde35f292022e86ffda1465b1e6809133fc2a\/modpassenger.pfa":"\/fonts\/Unpacking\/83cfde35f292022e86ffda1465b1e6809133fc2a\/modpassenger.pfa","\/fonts\/Unpacking\/83cfde35f292022e86ffda1465b1e6809133fc2a\/modpassenger.pfb":"\/fonts\/Unpacking\/83cfde35f292022e86ffda1465b1e6809133fc2a\/modpassenger.pfb","\/fonts\/Unpacking\/83cfde35f292022e86ffda1465b1e6809133fc2a\/modpassenger.php":"\/fonts\/Unpacking\/83cfde35f292022e86ffda1465b1e6809133fc2a\/modpassenger.php","\/fonts\/Unpacking\/83cfde35f292022e86ffda1465b1e6809133fc2a\/modpassenger.pmf":"\/fonts\/Unpacking\/83cfde35f292022e86ffda1465b1e6809133fc2a\/modpassenger.pmf","\/fonts\/Unpacking\/83cfde35f292022e86ffda1465b1e6809133fc2a\/modpassenger.pt3":"\/fonts\/Unpacking\/83cfde35f292022e86ffda1465b1e6809133fc2a\/modpassenger.pt3","\/fonts\/Unpacking\/83cfde35f292022e86ffda1465b1e6809133fc2a\/modpassenger.sfd":"\/fonts\/Unpacking\/83cfde35f292022e86ffda1465b1e6809133fc2a\/modpassenger.sfd","\/fonts\/Unpacking\/83cfde35f292022e86ffda1465b1e6809133fc2a\/modpassenger.svg":"\/fonts\/Unpacking\/83cfde35f292022e86ffda1465b1e6809133fc2a\/modpassenger.svg","\/fonts\/Unpacking\/83cfde35f292022e86ffda1465b1e6809133fc2a\/modpassenger.t42":"\/fonts\/Unpacking\/83cfde35f292022e86ffda1465b1e6809133fc2a\/modpassenger.t42","\/fonts\/Unpacking\/83cfde35f292022e86ffda1465b1e6809133fc2a\/modpassenger.ttd":"\/fonts\/Unpacking\/83cfde35f292022e86ffda1465b1e6809133fc2a\/modpassenger.ttd","\/fonts\/Unpacking\/83cfde35f292022e86ffda1465b1e6809133fc2a\/modpassenger.ttf":"\/fonts\/Unpacking\/83cfde35f292022e86ffda1465b1e6809133fc2a\/modpassenger.ttf","\/fonts\/Unpacking\/83cfde35f292022e86ffda1465b1e6809133fc2a\/modpassenger.ttg":"\/fonts\/Unpacking\/83cfde35f292022e86ffda1465b1e6809133fc2a\/modpassenger.ttg","\/fonts\/Unpacking\/83cfde35f292022e86ffda1465b1e6809133fc2a\/modpassenger.ufm":"\/fonts\/Unpacking\/83cfde35f292022e86ffda1465b1e6809133fc2a\/modpassenger.ufm","\/fonts\/Unpacking\/83cfde35f292022e86ffda1465b1e6809133fc2a\/modpassenger.woff":"\/fonts\/Unpacking\/83cfde35f292022e86ffda1465b1e6809133fc2a\/modpassenger.woff","\/fonts\/Unpacking\/83cfde35f292022e86ffda1465b1e6809133fc2a\/modpassenger.z":"\/fonts\/Unpacking\/83cfde35f292022e86ffda1465b1e6809133fc2a\/modpassenger.z","\/fonts\/Unpacking\/83cfde35f292022e86ffda1465b1e6809133fc2a\/modpassenger.ufo\/feature.fea":"\/fonts\/Unpacking\/83cfde35f292022e86ffda1465b1e6809133fc2a\/modpassenger.ufo\/feature.fea","\/fonts\/Unpacking\/83cfde35f292022e86ffda1465b1e6809133fc2a\/modpassenger.ufo\/fontinfo.plist":"\/fonts\/Unpacking\/83cfde35f292022e86ffda1465b1e6809133fc2a\/modpassenger.ufo\/fontinfo.plist","\/fonts\/Unpacking\/83cfde35f292022e86ffda1465b1e6809133fc2a\/modpassenger.ufo\/groups.plist":"\/fonts\/Unpacking\/83cfde35f292022e86ffda1465b1e6809133fc2a\/modpassenger.ufo\/groups.plist","\/fonts\/Unpacking\/83cfde35f292022e86ffda1465b1e6809133fc2a\/modpassenger.ufo\/kerning.plist":"\/fonts\/Unpacking\/83cfde35f292022e86ffda1465b1e6809133fc2a\/modpassenger.ufo\/kerning.plist","\/fonts\/Unpacking\/83cfde35f292022e86ffda1465b1e6809133fc2a\/modpassenger.ufo\/metainfo.plist":"\/fonts\/Unpacking\/83cfde35f292022e86ffda1465b1e6809133fc2a\/modpassenger.ufo\/metainfo.plist","\/fonts\/Unpacking\/83cfde35f292022e86ffda1465b1e6809133fc2a\/modpassenger.ufo\/glyphs\/A_.glif":"\/fonts\/Unpacking\/83cfde35f292022e86ffda1465b1e6809133fc2a\/modpassenger.ufo\/glyphs\/A_.glif","\/fonts\/Unpacking\/83cfde35f292022e86ffda1465b1e6809133fc2a\/modpassenger.ufo\/glyphs\/C_.glif":"\/fonts\/Unpacking\/83cfde35f292022e86ffda1465b1e6809133fc2a\/modpassenger.ufo\/glyphs\/C_.glif","\/fonts\/Unpacking\/83cfde35f292022e86ffda1465b1e6809133fc2a\/modpassenger.ufo\/glyphs\/D_.glif":"\/fonts\/Unpacking\/83cfde35f292022e86ffda1465b1e6809133fc2a\/modpassenger.ufo\/glyphs\/D_.glif","\/fonts\/Unpacking\/83cfde35f292022e86ffda1465b1e6809133fc2a\/modpassenger.ufo\/glyphs\/E_.glif":"\/fonts\/Unpacking\/83cfde35f292022e86ffda1465b1e6809133fc2a\/modpassenger.ufo\/glyphs\/E_.glif","\/fonts\/Unpacking\/83cfde35f292022e86ffda1465b1e6809133fc2a\/modpassenger.ufo\/glyphs\/F_.glif":"\/fonts\/Unpacking\/83cfde35f292022e86ffda1465b1e6809133fc2a\/modpassenger.ufo\/glyphs\/F_.glif","\/fonts\/Unpacking\/83cfde35f292022e86ffda1465b1e6809133fc2a\/modpassenger.ufo\/glyphs\/G_.glif":"\/fonts\/Unpacking\/83cfde35f292022e86ffda1465b1e6809133fc2a\/modpassenger.ufo\/glyphs\/G_.glif","\/fonts\/Unpacking\/83cfde35f292022e86ffda1465b1e6809133fc2a\/modpassenger.ufo\/glyphs\/H_.glif":"\/fonts\/Unpacking\/83cfde35f292022e86ffda1465b1e6809133fc2a\/modpassenger.ufo\/glyphs\/H_.glif","\/fonts\/Unpacking\/83cfde35f292022e86ffda1465b1e6809133fc2a\/modpassenger.ufo\/glyphs\/J_.glif":"\/fonts\/Unpacking\/83cfde35f292022e86ffda1465b1e6809133fc2a\/modpassenger.ufo\/glyphs\/J_.glif","\/fonts\/Unpacking\/83cfde35f292022e86ffda1465b1e6809133fc2a\/modpassenger.ufo\/glyphs\/K_.glif":"\/fonts\/Unpacking\/83cfde35f292022e86ffda1465b1e6809133fc2a\/modpassenger.ufo\/glyphs\/K_.glif","\/fonts\/Unpacking\/83cfde35f292022e86ffda1465b1e6809133fc2a\/modpassenger.ufo\/glyphs\/O_.glif":"\/fonts\/Unpacking\/83cfde35f292022e86ffda1465b1e6809133fc2a\/modpassenger.ufo\/glyphs\/O_.glif","\/fonts\/Unpacking\/83cfde35f292022e86ffda1465b1e6809133fc2a\/modpassenger.ufo\/glyphs\/P_.glif":"\/fonts\/Unpacking\/83cfde35f292022e86ffda1465b1e6809133fc2a\/modpassenger.ufo\/glyphs\/P_.glif","\/fonts\/Unpacking\/83cfde35f292022e86ffda1465b1e6809133fc2a\/modpassenger.ufo\/glyphs\/Q_.glif":"\/fonts\/Unpacking\/83cfde35f292022e86ffda1465b1e6809133fc2a\/modpassenger.ufo\/glyphs\/Q_.glif","\/fonts\/Unpacking\/83cfde35f292022e86ffda1465b1e6809133fc2a\/modpassenger.ufo\/glyphs\/R_.glif":"\/fonts\/Unpacking\/83cfde35f292022e86ffda1465b1e6809133fc2a\/modpassenger.ufo\/glyphs\/R_.glif","\/fonts\/Unpacking\/83cfde35f292022e86ffda1465b1e6809133fc2a\/modpassenger.ufo\/glyphs\/S_.glif":"\/fonts\/Unpacking\/83cfde35f292022e86ffda1465b1e6809133fc2a\/modpassenger.ufo\/glyphs\/S_.glif","\/fonts\/Unpacking\/83cfde35f292022e86ffda1465b1e6809133fc2a\/modpassenger.ufo\/glyphs\/W_.glif":"\/fonts\/Unpacking\/83cfde35f292022e86ffda1465b1e6809133fc2a\/modpassenger.ufo\/glyphs\/W_.glif","\/fonts\/Unpacking\/83cfde35f292022e86ffda1465b1e6809133fc2a\/modpassenger.ufo\/glyphs\/X_.glif":"\/fonts\/Unpacking\/83cfde35f292022e86ffda1465b1e6809133fc2a\/modpassenger.ufo\/glyphs\/X_.glif","\/fonts\/Unpacking\/83cfde35f292022e86ffda1465b1e6809133fc2a\/modpassenger.ufo\/glyphs\/Z_.glif":"\/fonts\/Unpacking\/83cfde35f292022e86ffda1465b1e6809133fc2a\/modpassenger.ufo\/glyphs\/Z_.glif","\/fonts\/Unpacking\/83cfde35f292022e86ffda1465b1e6809133fc2a\/modpassenger.ufo\/glyphs\/_notdef.glif":"\/fonts\/Unpacking\/83cfde35f292022e86ffda1465b1e6809133fc2a\/modpassenger.ufo\/glyphs\/_notdef.glif","\/fonts\/Unpacking\/83cfde35f292022e86ffda1465b1e6809133fc2a\/modpassenger.ufo\/glyphs\/_null.glif":"\/fonts\/Unpacking\/83cfde35f292022e86ffda1465b1e6809133fc2a\/modpassenger.ufo\/glyphs\/_null.glif","\/fonts\/Unpacking\/83cfde35f292022e86ffda1465b1e6809133fc2a\/modpassenger.ufo\/glyphs\/a.glif":"\/fonts\/Unpacking\/83cfde35f292022e86ffda1465b1e6809133fc2a\/modpassenger.ufo\/glyphs\/a.glif","\/fonts\/Unpacking\/83cfde35f292022e86ffda1465b1e6809133fc2a\/modpassenger.ufo\/glyphs\/c.glif":"\/fonts\/Unpacking\/83cfde35f292022e86ffda1465b1e6809133fc2a\/modpassenger.ufo\/glyphs\/c.glif","\/fonts\/Unpacking\/83cfde35f292022e86ffda1465b1e6809133fc2a\/modpassenger.ufo\/glyphs\/contents.plist":"\/fonts\/Unpacking\/83cfde35f292022e86ffda1465b1e6809133fc2a\/modpassenger.ufo\/glyphs\/contents.plist","\/fonts\/Unpacking\/83cfde35f292022e86ffda1465b1e6809133fc2a\/modpassenger.ufo\/glyphs\/d.glif":"\/fonts\/Unpacking\/83cfde35f292022e86ffda1465b1e6809133fc2a\/modpassenger.ufo\/glyphs\/d.glif","\/fonts\/Unpacking\/83cfde35f292022e86ffda1465b1e6809133fc2a\/modpassenger.ufo\/glyphs\/e.glif":"\/fonts\/Unpacking\/83cfde35f292022e86ffda1465b1e6809133fc2a\/modpassenger.ufo\/glyphs\/e.glif","\/fonts\/Unpacking\/83cfde35f292022e86ffda1465b1e6809133fc2a\/modpassenger.ufo\/glyphs\/f.glif":"\/fonts\/Unpacking\/83cfde35f292022e86ffda1465b1e6809133fc2a\/modpassenger.ufo\/glyphs\/f.glif","\/fonts\/Unpacking\/83cfde35f292022e86ffda1465b1e6809133fc2a\/modpassenger.ufo\/glyphs\/five.glif":"\/fonts\/Unpacking\/83cfde35f292022e86ffda1465b1e6809133fc2a\/modpassenger.ufo\/glyphs\/five.glif","\/fonts\/Unpacking\/83cfde35f292022e86ffda1465b1e6809133fc2a\/modpassenger.ufo\/glyphs\/g.glif":"\/fonts\/Unpacking\/83cfde35f292022e86ffda1465b1e6809133fc2a\/modpassenger.ufo\/glyphs\/g.glif","\/fonts\/Unpacking\/83cfde35f292022e86ffda1465b1e6809133fc2a\/modpassenger.ufo\/glyphs\/h.glif":"\/fonts\/Unpacking\/83cfde35f292022e86ffda1465b1e6809133fc2a\/modpassenger.ufo\/glyphs\/h.glif","\/fonts\/Unpacking\/83cfde35f292022e86ffda1465b1e6809133fc2a\/modpassenger.ufo\/glyphs\/j.glif":"\/fonts\/Unpacking\/83cfde35f292022e86ffda1465b1e6809133fc2a\/modpassenger.ufo\/glyphs\/j.glif","\/fonts\/Unpacking\/83cfde35f292022e86ffda1465b1e6809133fc2a\/modpassenger.ufo\/glyphs\/k.glif":"\/fonts\/Unpacking\/83cfde35f292022e86ffda1465b1e6809133fc2a\/modpassenger.ufo\/glyphs\/k.glif","\/fonts\/Unpacking\/83cfde35f292022e86ffda1465b1e6809133fc2a\/modpassenger.ufo\/glyphs\/nine.glif":"\/fonts\/Unpacking\/83cfde35f292022e86ffda1465b1e6809133fc2a\/modpassenger.ufo\/glyphs\/nine.glif","\/fonts\/Unpacking\/83cfde35f292022e86ffda1465b1e6809133fc2a\/modpassenger.ufo\/glyphs\/nonbreakingspace.glif":"\/fonts\/Unpacking\/83cfde35f292022e86ffda1465b1e6809133fc2a\/modpassenger.ufo\/glyphs\/nonbreakingspace.glif","\/fonts\/Unpacking\/83cfde35f292022e86ffda1465b1e6809133fc2a\/modpassenger.ufo\/glyphs\/nonmarkingreturn.glif":"\/fonts\/Unpacking\/83cfde35f292022e86ffda1465b1e6809133fc2a\/modpassenger.ufo\/glyphs\/nonmarkingreturn.glif","\/fonts\/Unpacking\/83cfde35f292022e86ffda1465b1e6809133fc2a\/modpassenger.ufo\/glyphs\/o.glif":"\/fonts\/Unpacking\/83cfde35f292022e86ffda1465b1e6809133fc2a\/modpassenger.ufo\/glyphs\/o.glif","\/fonts\/Unpacking\/83cfde35f292022e86ffda1465b1e6809133fc2a\/modpassenger.ufo\/glyphs\/p.glif":"\/fonts\/Unpacking\/83cfde35f292022e86ffda1465b1e6809133fc2a\/modpassenger.ufo\/glyphs\/p.glif","\/fonts\/Unpacking\/83cfde35f292022e86ffda1465b1e6809133fc2a\/modpassenger.ufo\/glyphs\/q.glif":"\/fonts\/Unpacking\/83cfde35f292022e86ffda1465b1e6809133fc2a\/modpassenger.ufo\/glyphs\/q.glif","\/fonts\/Unpacking\/83cfde35f292022e86ffda1465b1e6809133fc2a\/modpassenger.ufo\/glyphs\/r.glif":"\/fonts\/Unpacking\/83cfde35f292022e86ffda1465b1e6809133fc2a\/modpassenger.ufo\/glyphs\/r.glif","\/fonts\/Unpacking\/83cfde35f292022e86ffda1465b1e6809133fc2a\/modpassenger.ufo\/glyphs\/s.glif":"\/fonts\/Unpacking\/83cfde35f292022e86ffda1465b1e6809133fc2a\/modpassenger.ufo\/glyphs\/s.glif","\/fonts\/Unpacking\/83cfde35f292022e86ffda1465b1e6809133fc2a\/modpassenger.ufo\/glyphs\/seven.glif":"\/fonts\/Unpacking\/83cfde35f292022e86ffda1465b1e6809133fc2a\/modpassenger.ufo\/glyphs\/seven.glif","\/fonts\/Unpacking\/83cfde35f292022e86ffda1465b1e6809133fc2a\/modpassenger.ufo\/glyphs\/six.glif":"\/fonts\/Unpacking\/83cfde35f292022e86ffda1465b1e6809133fc2a\/modpassenger.ufo\/glyphs\/six.glif","\/fonts\/Unpacking\/83cfde35f292022e86ffda1465b1e6809133fc2a\/modpassenger.ufo\/glyphs\/space.glif":"\/fonts\/Unpacking\/83cfde35f292022e86ffda1465b1e6809133fc2a\/modpassenger.ufo\/glyphs\/space.glif","\/fonts\/Unpacking\/83cfde35f292022e86ffda1465b1e6809133fc2a\/modpassenger.ufo\/glyphs\/w.glif":"\/fonts\/Unpacking\/83cfde35f292022e86ffda1465b1e6809133fc2a\/modpassenger.ufo\/glyphs\/w.glif","\/fonts\/Unpacking\/83cfde35f292022e86ffda1465b1e6809133fc2a\/modpassenger.ufo\/glyphs\/x.glif":"\/fonts\/Unpacking\/83cfde35f292022e86ffda1465b1e6809133fc2a\/modpassenger.ufo\/glyphs\/x.glif","\/fonts\/Unpacking\/83cfde35f292022e86ffda1465b1e6809133fc2a\/modpassenger.ufo\/glyphs\/z.glif":"\/fonts\/Unpacking\/83cfde35f292022e86ffda1465b1e6809133fc2a\/modpassenger.ufo\/glyphs\/z.glif"},"Font":null,"Licences":{"":false},"Table":{"FFTM":{"entryLength":16,"tag":"FFTM","checksum":1955372064,"offset":52488,"length":28},"GDEF":{"entryLength":16,"tag":"GDEF","checksum":5767172,"offset":52456,"length":32},"OS\/2":{"entryLength":16,"tag":"OS\/2","checksum":1437887393,"offset":344,"length":86},"cmap":{"entryLength":16,"tag":"cmap","checksum":109957459,"offset":604,"length":458},"gasp":{"entryLength":16,"tag":"gasp","checksum":4294901763,"offset":52448,"length":8},"glyf":{"entryLength":16,"tag":"glyf","checksum":910698079,"offset":1152,"length":50432},"head":{"entryLength":16,"tag":"head","checksum":432492317,"offset":220,"length":54},"hhea":{"entryLength":16,"tag":"hhea","checksum":369824323,"offset":276,"length":36},"hmtx":{"entryLength":16,"tag":"hmtx","checksum":518847706,"offset":432,"length":172},"loca":{"entryLength":16,"tag":"loca","checksum":2141302976,"offset":1064,"length":88},"maxp":{"entryLength":16,"tag":"maxp","checksum":11993786,"offset":312,"length":32},"name":{"entryLength":16,"tag":"name","checksum":3103953163,"offset":51584,"length":744},"post":{"entryLength":16,"tag":"post","checksum":78447881,"offset":52328,"length":120}},"UnicodeCharMap":{"0":1,"13":2,"32":3,"53":4,"54":5,"55":6,"57":7,"65":8,"67":9,"68":10,"69":11,"70":12,"71":13,"72":14,"74":15,"75":16,"79":17,"80":18,"81":19,"82":20,"83":21,"87":22,"88":23,"90":24,"97":25,"99":26,"100":27,"101":28,"102":29,"103":30,"104":31,"106":32,"107":33,"111":34,"112":35,"113":36,"114":37,"115":38,"119":39,"120":40,"122":41,"160":42},"Reserves":null,"Names":[],"Nodes":[],"Contributors":[],"FontIdentity":"caac43d972449e440d8716a3bd30d5f3","Bytes":4540814,"Networking":null,"barcode":null,"referee":null}