{"CSS":{"Techtonic":"Techtonic.css"},"FontType":"TrueType","FontCopyright":"(c) SnatchSoft INC. 1998 *shareware* please register for full version","FontName":"Techtonic","FontSubfamily":"Book","FontSubfamilyID":"FontForge 2.0 : Techtonic : 1-9-2016","FontFullName":"Techtonic","FontVersion":"Version 1.0 Fri Nov 27 13:20 ","FontWeight":null,"FontPostscriptName":"Techtonic","Files":{"techtonic.afm":"techtonic.afm","techtonic.bin":"techtonic.bin","techtonic.cef":"techtonic.cef","techtonic.cff":"techtonic.cff","techtonic.cid":"techtonic.cid","techtonic.dfont":"techtonic.dfont","techtonic.eot":"techtonic.eot","techtonic.fon":"techtonic.fon","techtonic.gai":"techtonic.gai","techtonic.gsf":"techtonic.gsf","techtonic.hqx":"techtonic.hqx","techtonic.ik":"techtonic.ik","techtonic.mf":"techtonic.mf","techtonic.otf":"techtonic.otf","techtonic.pcf":"techtonic.pcf","techtonic.pf3":"techtonic.pf3","techtonic.pfa":"techtonic.pfa","techtonic.pfb":"techtonic.pfb","techtonic.php":"techtonic.php","techtonic.pmf":"techtonic.pmf","techtonic.pt3":"techtonic.pt3","techtonic.sfd":"techtonic.sfd","techtonic.svg":"techtonic.svg","techtonic.t42":"techtonic.t42","techtonic.ttd":"techtonic.ttd","techtonic.ttf":"techtonic.ttf","techtonic.ttg":"techtonic.ttg","techtonic.ufm":"techtonic.ufm","techtonic.woff":"techtonic.woff","techtonic.z":"techtonic.z","":{"techtonic.afm":"techtonic.afm","techtonic.bin":"techtonic.bin","techtonic.cef":"techtonic.cef","techtonic.cff":"techtonic.cff","techtonic.cid":"techtonic.cid","techtonic.dfont":"techtonic.dfont","techtonic.eot":"techtonic.eot","techtonic.fon":"techtonic.fon","techtonic.gai":"techtonic.gai","techtonic.gsf":"techtonic.gsf","techtonic.hqx":"techtonic.hqx","techtonic.ik":"techtonic.ik","techtonic.mf":"techtonic.mf","techtonic.otf":"techtonic.otf","techtonic.pcf":"techtonic.pcf","techtonic.pf3":"techtonic.pf3","techtonic.pfa":"techtonic.pfa","techtonic.pfb":"techtonic.pfb","techtonic.php":"techtonic.php","techtonic.pmf":"techtonic.pmf","techtonic.pt3":"techtonic.pt3","techtonic.sfd":"techtonic.sfd","techtonic.svg":"techtonic.svg","techtonic.t42":"techtonic.t42","techtonic.ttd":"techtonic.ttd","techtonic.ttf":"techtonic.ttf","techtonic.ttg":"techtonic.ttg","techtonic.ufm":"techtonic.ufm","techtonic.woff":"techtonic.woff","techtonic.z":"techtonic.z"},"\/techtonic.ufo":{"feature.fea":"feature.fea","fontinfo.plist":"fontinfo.plist","groups.plist":"groups.plist","kerning.plist":"kerning.plist","metainfo.plist":"metainfo.plist"},"\/techtonic.ufo\/glyphs":{"A_.glif":"A_.glif","C_.glif":"C_.glif","D_.glif":"D_.glif","E_.glif":"E_.glif","F_.glif":"F_.glif","G_.glif":"G_.glif","H_.glif":"H_.glif","I_.glif":"I_.glif","J_.glif":"J_.glif","K_.glif":"K_.glif","L_.glif":"L_.glif","M_.glif":"M_.glif","N_.glif":"N_.glif","O_.glif":"O_.glif","P_.glif":"P_.glif","Q_.glif":"Q_.glif","R_.glif":"R_.glif","S_.glif":"S_.glif","T_.glif":"T_.glif","U_.glif":"U_.glif","V_.glif":"V_.glif","_notdef.glif":"_notdef.glif","_null.glif":"_null.glif","a.glif":"a.glif","b.glif":"b.glif","c.glif":"c.glif","contents.plist":"contents.plist","d.glif":"d.glif","g.glif":"g.glif","m.glif":"m.glif","n.glif":"n.glif","nonmarkingreturn.glif":"nonmarkingreturn.glif","o.glif":"o.glif","p.glif":"p.glif","r.glif":"r.glif","s.glif":"s.glif","space.glif":"space.glif","u.glif":"u.glif","v.glif":"v.glif"}},"Font":{"uploaded":1472683082.1158,"licence":"gpl3","company":"Chronolabs Cooperative","title":"Techtonic","version":2.001,"date":"Sun Aug 28 07:53:50 2016","creator":"root","type":"1","matrix":"0.001 0 0 0.001 0 0","named":"Techtonic","painttype":"0","info":"10 dict dup","name":"Techtonic","family":"Techtonic","weight":"Book","fstype":"1","italicangle":"0","underlineposition":"","underlinethickness":""},"Table":{"FFTM":{"entryLength":16,"tag":"FFTM","checksum":1947016108,"offset":8528,"length":28},"GDEF":{"entryLength":16,"tag":"GDEF","checksum":5439492,"offset":8496,"length":32},"OS\/2":{"entryLength":16,"tag":"OS\/2","checksum":1447321720,"offset":344,"length":86},"cmap":{"entryLength":16,"tag":"cmap","checksum":3430833802,"offset":584,"length":842},"gasp":{"entryLength":16,"tag":"gasp","checksum":4294901763,"offset":8488,"length":8},"glyf":{"entryLength":16,"tag":"glyf","checksum":1668286573,"offset":1508,"length":6176},"head":{"entryLength":16,"tag":"head","checksum":191061165,"offset":220,"length":54},"hhea":{"entryLength":16,"tag":"hhea","checksum":132383678,"offset":276,"length":36},"hmtx":{"entryLength":16,"tag":"hmtx","checksum":1692533502,"offset":432,"length":152},"loca":{"entryLength":16,"tag":"loca","checksum":1749574108,"offset":1428,"length":78},"maxp":{"entryLength":16,"tag":"maxp","checksum":7078020,"offset":312,"length":32},"name":{"entryLength":16,"tag":"name","checksum":2496770317,"offset":7684,"length":690},"post":{"entryLength":16,"tag":"post","checksum":61080565,"offset":8376,"length":110}},"UnicodeCharMap":{"0":1,"13":2,"32":3,"65":4,"67":5,"68":6,"69":7,"70":8,"71":9,"72":10,"73":11,"74":12,"75":13,"76":14,"77":15,"78":16,"79":17,"80":18,"81":19,"82":20,"83":21,"84":22,"85":23,"86":24,"97":25,"98":26,"99":27,"100":28,"103":29,"109":30,"110":31,"111":32,"112":33,"114":34,"115":35,"117":36,"118":37},"Reserves":null,"Names":[],"Nodes":{"te":{"type":"typal","node":"te","usage":1,"weight":1},"ic":{"type":"typal","node":"ic","usage":1,"weight":1},"tec":{"type":"typal","node":"tec","usage":1,"weight":1},"nic":{"type":"typal","node":"nic","usage":1,"weight":1},"tech":{"type":"keys","node":"tech","usage":1,"weight":1},"onic":{"type":"keys","node":"onic","usage":1,"weight":1},"techt":{"type":"keys","node":"techt","usage":1,"weight":1},"tonic":{"type":"keys","node":"tonic","usage":1,"weight":1},"techtonic":{"type":"fixes","node":"techtonic","usage":1,"weight":1}},"Contributors":[],"FontIdentity":"d4323a03c4997b05eb462ebb5144a908","Bytes":774573,"Networking":[],"barcode":"qiawi3gq2emou","referee":"wg3q063"}