{"CSS":{"AstuteSSi Bold":"AstuteSSi Bold.css"},"FontType":"TrueType","FontCopyright":"Copyright 1992 Southern Software, Inc. All Rights Reserved","FontName":"AstuteSSi","FontSubfamily":"Bold","FontSubfamilyID":"Macromedia Fontographer 4.1 AstuteSSi Bold","FontFullName":"AstuteSSi Bold","FontVersion":"Macromedia Fontographer 4.1 7\/25\/95","FontWeight":null,"FontPostscriptName":"AstuteSSiBold","Files":{"0a136c669fcd828b02e3165ae84ec6de.afm":"0a136c669fcd828b02e3165ae84ec6de.afm","0a136c669fcd828b02e3165ae84ec6de.bin":"0a136c669fcd828b02e3165ae84ec6de.bin","0a136c669fcd828b02e3165ae84ec6de.cef":"0a136c669fcd828b02e3165ae84ec6de.cef","0a136c669fcd828b02e3165ae84ec6de.cff":"0a136c669fcd828b02e3165ae84ec6de.cff","0a136c669fcd828b02e3165ae84ec6de.dfont":"0a136c669fcd828b02e3165ae84ec6de.dfont","0a136c669fcd828b02e3165ae84ec6de.eot":"0a136c669fcd828b02e3165ae84ec6de.eot","0a136c669fcd828b02e3165ae84ec6de.fon":"0a136c669fcd828b02e3165ae84ec6de.fon","0a136c669fcd828b02e3165ae84ec6de.gai":"0a136c669fcd828b02e3165ae84ec6de.gai","0a136c669fcd828b02e3165ae84ec6de.gsf":"0a136c669fcd828b02e3165ae84ec6de.gsf","0a136c669fcd828b02e3165ae84ec6de.hqx":"0a136c669fcd828b02e3165ae84ec6de.hqx","0a136c669fcd828b02e3165ae84ec6de.ik":"0a136c669fcd828b02e3165ae84ec6de.ik","0a136c669fcd828b02e3165ae84ec6de.mf":"0a136c669fcd828b02e3165ae84ec6de.mf","0a136c669fcd828b02e3165ae84ec6de.otf":"0a136c669fcd828b02e3165ae84ec6de.otf","0a136c669fcd828b02e3165ae84ec6de.pcf":"0a136c669fcd828b02e3165ae84ec6de.pcf","0a136c669fcd828b02e3165ae84ec6de.pf3":"0a136c669fcd828b02e3165ae84ec6de.pf3","0a136c669fcd828b02e3165ae84ec6de.pfa":"0a136c669fcd828b02e3165ae84ec6de.pfa","0a136c669fcd828b02e3165ae84ec6de.pfb":"0a136c669fcd828b02e3165ae84ec6de.pfb","0a136c669fcd828b02e3165ae84ec6de.pmf":"0a136c669fcd828b02e3165ae84ec6de.pmf","0a136c669fcd828b02e3165ae84ec6de.pt3":"0a136c669fcd828b02e3165ae84ec6de.pt3","0a136c669fcd828b02e3165ae84ec6de.sfd":"0a136c669fcd828b02e3165ae84ec6de.sfd","0a136c669fcd828b02e3165ae84ec6de.svg":"0a136c669fcd828b02e3165ae84ec6de.svg","0a136c669fcd828b02e3165ae84ec6de.t42":"0a136c669fcd828b02e3165ae84ec6de.t42","0a136c669fcd828b02e3165ae84ec6de.ttf":"0a136c669fcd828b02e3165ae84ec6de.ttf","0a136c669fcd828b02e3165ae84ec6de.woff":"0a136c669fcd828b02e3165ae84ec6de.woff","AxiomaticSSi Italic.css":"AxiomaticSSi Italic.css","font-resource.json":"font-resource.json","\/fonts\/Converting\/simon@staff.labs.coop\/0a136c669fcd828b02e3165ae84ec6de":{"0a136c669fcd828b02e3165ae84ec6de.afm":"0a136c669fcd828b02e3165ae84ec6de.afm","0a136c669fcd828b02e3165ae84ec6de.bin":"0a136c669fcd828b02e3165ae84ec6de.bin","0a136c669fcd828b02e3165ae84ec6de.cef":"0a136c669fcd828b02e3165ae84ec6de.cef","0a136c669fcd828b02e3165ae84ec6de.cff":"0a136c669fcd828b02e3165ae84ec6de.cff","0a136c669fcd828b02e3165ae84ec6de.dfont":"0a136c669fcd828b02e3165ae84ec6de.dfont","0a136c669fcd828b02e3165ae84ec6de.eot":"0a136c669fcd828b02e3165ae84ec6de.eot","0a136c669fcd828b02e3165ae84ec6de.fon":"0a136c669fcd828b02e3165ae84ec6de.fon","0a136c669fcd828b02e3165ae84ec6de.gai":"0a136c669fcd828b02e3165ae84ec6de.gai","0a136c669fcd828b02e3165ae84ec6de.gsf":"0a136c669fcd828b02e3165ae84ec6de.gsf","0a136c669fcd828b02e3165ae84ec6de.hqx":"0a136c669fcd828b02e3165ae84ec6de.hqx","0a136c669fcd828b02e3165ae84ec6de.ik":"0a136c669fcd828b02e3165ae84ec6de.ik","0a136c669fcd828b02e3165ae84ec6de.mf":"0a136c669fcd828b02e3165ae84ec6de.mf","0a136c669fcd828b02e3165ae84ec6de.otf":"0a136c669fcd828b02e3165ae84ec6de.otf","0a136c669fcd828b02e3165ae84ec6de.pcf":"0a136c669fcd828b02e3165ae84ec6de.pcf","0a136c669fcd828b02e3165ae84ec6de.pf3":"0a136c669fcd828b02e3165ae84ec6de.pf3","0a136c669fcd828b02e3165ae84ec6de.pfa":"0a136c669fcd828b02e3165ae84ec6de.pfa","0a136c669fcd828b02e3165ae84ec6de.pfb":"0a136c669fcd828b02e3165ae84ec6de.pfb","0a136c669fcd828b02e3165ae84ec6de.pmf":"0a136c669fcd828b02e3165ae84ec6de.pmf","0a136c669fcd828b02e3165ae84ec6de.pt3":"0a136c669fcd828b02e3165ae84ec6de.pt3","0a136c669fcd828b02e3165ae84ec6de.sfd":"0a136c669fcd828b02e3165ae84ec6de.sfd","0a136c669fcd828b02e3165ae84ec6de.svg":"0a136c669fcd828b02e3165ae84ec6de.svg","0a136c669fcd828b02e3165ae84ec6de.t42":"0a136c669fcd828b02e3165ae84ec6de.t42","0a136c669fcd828b02e3165ae84ec6de.ttf":"0a136c669fcd828b02e3165ae84ec6de.ttf","0a136c669fcd828b02e3165ae84ec6de.woff":"0a136c669fcd828b02e3165ae84ec6de.woff","AxiomaticSSi Italic.css":"AxiomaticSSi Italic.css","font-resource.json":"font-resource.json"},"0a136c669fcd828b02e3165ae84ec6de.ufo":{"feature.fea":"feature.fea","fontinfo.plist":"fontinfo.plist","groups.plist":"groups.plist","kerning.plist":"kerning.plist","metainfo.plist":"metainfo.plist"},"0a136c669fcd828b02e3165ae84ec6de.ufo\/glyphs":{"A_.glif":"A_.glif","A_E_.glif":"A_E_.glif","A_acute.glif":"A_acute.glif","A_circumflex.glif":"A_circumflex.glif","A_dieresis.glif":"A_dieresis.glif","A_grave.glif":"A_grave.glif","A_ring.glif":"A_ring.glif","A_tilde.glif":"A_tilde.glif","B_.glif":"B_.glif","C_.glif":"C_.glif","C_cedilla.glif":"C_cedilla.glif","D_.glif":"D_.glif","D_elta.glif":"D_elta.glif","E_.glif":"E_.glif","E_acute.glif":"E_acute.glif","E_circumflex.glif":"E_circumflex.glif","E_dieresis.glif":"E_dieresis.glif","E_grave.glif":"E_grave.glif","E_th.glif":"E_th.glif","F_.glif":"F_.glif","G_.glif":"G_.glif","H_.glif":"H_.glif","I_.glif":"I_.glif","I_acute.glif":"I_acute.glif","I_circumflex.glif":"I_circumflex.glif","I_dieresis.glif":"I_dieresis.glif","I_grave.glif":"I_grave.glif","J_.glif":"J_.glif","K_.glif":"K_.glif","L_.glif":"L_.glif","L_slash.glif":"L_slash.glif","M_.glif":"M_.glif","N_.glif":"N_.glif","N_tilde.glif":"N_tilde.glif","O_.glif":"O_.glif","O_E_.glif":"O_E_.glif","O_acute.glif":"O_acute.glif","O_circumflex.glif":"O_circumflex.glif","O_dieresis.glif":"O_dieresis.glif","O_grave.glif":"O_grave.glif","O_mega.glif":"O_mega.glif","O_slash.glif":"O_slash.glif","O_tilde.glif":"O_tilde.glif","P_.glif":"P_.glif","Q_.glif":"Q_.glif","R_.glif":"R_.glif","S_.glif":"S_.glif","S_caron.glif":"S_caron.glif","T_.glif":"T_.glif","T_horn.glif":"T_horn.glif","U_.glif":"U_.glif","U_acute.glif":"U_acute.glif","U_circumflex.glif":"U_circumflex.glif","U_dieresis.glif":"U_dieresis.glif","U_grave.glif":"U_grave.glif","V_.glif":"V_.glif","W_.glif":"W_.glif","X_.glif":"X_.glif","Y_.glif":"Y_.glif","Y_acute.glif":"Y_acute.glif","Y_dieresis.glif":"Y_dieresis.glif","Z_.glif":"Z_.glif","Z_caron.glif":"Z_caron.glif","_notdef.glif":"_notdef.glif","_null.glif":"_null.glif","a.glif":"a.glif","aacute.glif":"aacute.glif","acircumflex.glif":"acircumflex.glif","acute.glif":"acute.glif","adieresis.glif":"adieresis.glif","ae.glif":"ae.glif","agrave.glif":"agrave.glif","ampersand.glif":"ampersand.glif","apple.glif":"apple.glif","approxequal.glif":"approxequal.glif","aring.glif":"aring.glif","asciicircum.glif":"asciicircum.glif","asciitilde.glif":"asciitilde.glif","asterisk.glif":"asterisk.glif","at.glif":"at.glif","atilde.glif":"atilde.glif","b.glif":"b.glif","backslash.glif":"backslash.glif","bar.glif":"bar.glif","braceleft.glif":"braceleft.glif","braceright.glif":"braceright.glif","bracketleft.glif":"bracketleft.glif","bracketright.glif":"bracketright.glif","breve.glif":"breve.glif","brokenbar.glif":"brokenbar.glif","bullet.glif":"bullet.glif","c.glif":"c.glif","caron.glif":"caron.glif","ccedilla.glif":"ccedilla.glif","cedilla.glif":"cedilla.glif","cent.glif":"cent.glif","circumflex.glif":"circumflex.glif","colon.glif":"colon.glif","comma.glif":"comma.glif","contents.plist":"contents.plist","copyright.glif":"copyright.glif","currency.glif":"currency.glif","d.glif":"d.glif","dagger.glif":"dagger.glif","daggerdbl.glif":"daggerdbl.glif","degree.glif":"degree.glif","dieresis.glif":"dieresis.glif","divide.glif":"divide.glif","dollar.glif":"dollar.glif","dotaccent.glif":"dotaccent.glif","dotlessi.glif":"dotlessi.glif","e.glif":"e.glif","eacute.glif":"eacute.glif","ecircumflex.glif":"ecircumflex.glif","edieresis.glif":"edieresis.glif","egrave.glif":"egrave.glif","eight.glif":"eight.glif","ellipsis.glif":"ellipsis.glif","emdash.glif":"emdash.glif","endash.glif":"endash.glif","equal.glif":"equal.glif","eth.glif":"eth.glif","exclam.glif":"exclam.glif","exclamdown.glif":"exclamdown.glif","f.glif":"f.glif","fi.glif":"fi.glif","five.glif":"five.glif","fl.glif":"fl.glif","florin.glif":"florin.glif","four.glif":"four.glif","fraction.glif":"fraction.glif","g.glif":"g.glif","germandbls.glif":"germandbls.glif","grave.glif":"grave.glif","greater.glif":"greater.glif","greaterequal.glif":"greaterequal.glif","guillemotleft.glif":"guillemotleft.glif","guillemotright.glif":"guillemotright.glif","guilsinglleft.glif":"guilsinglleft.glif","guilsinglright.glif":"guilsinglright.glif","h.glif":"h.glif","hungarumlaut.glif":"hungarumlaut.glif","hyphen.glif":"hyphen.glif","i.glif":"i.glif","iacute.glif":"iacute.glif","icircumflex.glif":"icircumflex.glif","idieresis.glif":"idieresis.glif","igrave.glif":"igrave.glif","infinity.glif":"infinity.glif","integral.glif":"integral.glif","j.glif":"j.glif","k.glif":"k.glif","l.glif":"l.glif","less.glif":"less.glif","lessequal.glif":"lessequal.glif","logicalnot.glif":"logicalnot.glif","lozenge.glif":"lozenge.glif","lslash.glif":"lslash.glif","m.glif":"m.glif","macron.glif":"macron.glif","minus.glif":"minus.glif","mu.glif":"mu.glif","multiply.glif":"multiply.glif","n.glif":"n.glif","nine.glif":"nine.glif","nonbreakingspace.glif":"nonbreakingspace.glif","nonmarkingreturn.glif":"nonmarkingreturn.glif","notequal.glif":"notequal.glif","ntilde.glif":"ntilde.glif","numbersign.glif":"numbersign.glif","o.glif":"o.glif","oacute.glif":"oacute.glif","ocircumflex.glif":"ocircumflex.glif","odieresis.glif":"odieresis.glif","oe.glif":"oe.glif","ogonek.glif":"ogonek.glif","ograve.glif":"ograve.glif","one.glif":"one.glif","onehalf.glif":"onehalf.glif","onequarter.glif":"onequarter.glif","onesuperior.glif":"onesuperior.glif","ordfeminine.glif":"ordfeminine.glif","ordmasculine.glif":"ordmasculine.glif","oslash.glif":"oslash.glif","otilde.glif":"otilde.glif","p.glif":"p.glif","paragraph.glif":"paragraph.glif","parenleft.glif":"parenleft.glif","parenright.glif":"parenright.glif","partialdiff.glif":"partialdiff.glif","percent.glif":"percent.glif","period.glif":"period.glif","periodcentered.glif":"periodcentered.glif","perthousand.glif":"perthousand.glif","pi.glif":"pi.glif","plus.glif":"plus.glif","plusminus.glif":"plusminus.glif","product.glif":"product.glif","q.glif":"q.glif","question.glif":"question.glif","questiondown.glif":"questiondown.glif","quotedbl.glif":"quotedbl.glif","quotedblbase.glif":"quotedblbase.glif","quotedblleft.glif":"quotedblleft.glif","quotedblright.glif":"quotedblright.glif","quoteleft.glif":"quoteleft.glif","quoteright.glif":"quoteright.glif","quotesinglbase.glif":"quotesinglbase.glif","quotesingle.glif":"quotesingle.glif","r.glif":"r.glif","radical.glif":"radical.glif","registered.glif":"registered.glif","ring.glif":"ring.glif","s.glif":"s.glif","scaron.glif":"scaron.glif","section.glif":"section.glif","semicolon.glif":"semicolon.glif","seven.glif":"seven.glif","six.glif":"six.glif","slash.glif":"slash.glif","space.glif":"space.glif","sterling.glif":"sterling.glif","summation.glif":"summation.glif","t.glif":"t.glif","thorn.glif":"thorn.glif","three.glif":"three.glif","threequarters.glif":"threequarters.glif","threesuperior.glif":"threesuperior.glif","tilde.glif":"tilde.glif","trademark.glif":"trademark.glif","two.glif":"two.glif","twosuperior.glif":"twosuperior.glif","u.glif":"u.glif","uacute.glif":"uacute.glif","ucircumflex.glif":"ucircumflex.glif","udieresis.glif":"udieresis.glif","ugrave.glif":"ugrave.glif","underscore.glif":"underscore.glif","v.glif":"v.glif","w.glif":"w.glif","x.glif":"x.glif","y.glif":"y.glif","yacute.glif":"yacute.glif","ydieresis.glif":"ydieresis.glif","yen.glif":"yen.glif","z.glif":"z.glif","zcaron.glif":"zcaron.glif","zero.glif":"zero.glif"}},"Table":{"FFTM":{"entryLength":16,"tag":"FFTM","checksum":622812165,"offset":58880,"length":28},"GDEF":{"entryLength":16,"tag":"GDEF","checksum":19136516,"offset":54992,"length":32},"GPOS":{"entryLength":16,"tag":"GPOS","checksum":2627504240,"offset":55072,"length":3806},"GSUB":{"entryLength":16,"tag":"GSUB","checksum":3103766782,"offset":55024,"length":48},"OS\/2":{"entryLength":16,"tag":"OS\/2","checksum":2267211154,"offset":408,"length":96},"cmap":{"entryLength":16,"tag":"cmap","checksum":3694910298,"offset":1492,"length":642},"cvt ":{"entryLength":16,"tag":"cvt ","checksum":90085,"offset":2284,"length":72},"fpgm":{"entryLength":16,"tag":"fpgm","checksum":2201207375,"offset":2136,"length":20},"glyf":{"entryLength":16,"tag":"glyf","checksum":2275257731,"offset":2852,"length":50892},"head":{"entryLength":16,"tag":"head","checksum":132696431,"offset":284,"length":54},"hhea":{"entryLength":16,"tag":"hhea","checksum":119079813,"offset":340,"length":36},"hmtx":{"entryLength":16,"tag":"hmtx","checksum":513086624,"offset":504,"length":988},"loca":{"entryLength":16,"tag":"loca","checksum":446778642,"offset":2356,"length":496},"maxp":{"entryLength":16,"tag":"maxp","checksum":31523381,"offset":376,"length":32},"name":{"entryLength":16,"tag":"name","checksum":997835730,"offset":53744,"length":720},"post":{"entryLength":16,"tag":"post","checksum":999570400,"offset":54464,"length":528},"prep":{"entryLength":16,"tag":"prep","checksum":82965699,"offset":2156,"length":127}},"UnicodeCharMap":{"32":3,"33":4,"34":5,"35":6,"36":7,"37":8,"38":9,"39":10,"40":11,"41":12,"42":13,"43":14,"44":15,"45":16,"46":17,"47":18,"48":19,"49":20,"50":21,"51":22,"52":23,"53":24,"54":25,"55":26,"56":27,"57":28,"58":29,"59":30,"60":31,"61":32,"62":33,"63":34,"64":35,"65":36,"66":37,"67":38,"68":39,"69":40,"70":41,"71":42,"72":43,"73":44,"74":45,"75":46,"76":47,"77":48,"78":49,"79":50,"80":51,"81":52,"82":53,"83":54,"84":55,"85":56,"86":57,"87":58,"88":59,"89":60,"90":61,"91":62,"92":63,"93":64,"94":65,"95":66,"96":67,"97":68,"98":69,"99":70,"100":71,"101":72,"102":73,"103":74,"104":75,"105":76,"106":77,"107":78,"108":79,"109":80,"110":81,"111":82,"112":83,"113":84,"114":85,"115":86,"116":87,"117":88,"118":89,"119":90,"120":91,"121":92,"122":93,"123":94,"124":95,"125":96,"126":97,"160":98,"161":99,"162":100,"163":101,"164":102,"165":103,"166":104,"167":105,"168":106,"169":107,"170":108,"171":109,"172":110,"173":111,"174":112,"175":113,"176":114,"177":115,"178":116,"179":117,"180":118,"181":119,"182":120,"183":121,"184":122,"185":123,"186":124,"187":125,"188":126,"189":127,"190":128,"191":129,"192":130,"193":131,"194":132,"195":133,"196":134,"197":135,"198":136,"199":137,"200":138,"201":139,"202":140,"203":141,"204":142,"205":143,"206":144,"207":145,"208":146,"209":147,"210":148,"211":149,"212":150,"213":151,"214":152,"215":153,"216":154,"217":155,"218":156,"219":157,"220":158,"221":159,"222":160,"223":161,"224":162,"225":163,"226":164,"227":165,"228":166,"229":167,"230":168,"231":169,"232":170,"233":171,"234":172,"235":173,"236":174,"237":175,"238":176,"239":177,"240":178,"241":179,"242":180,"243":181,"244":182,"245":183,"246":184,"247":185,"248":186,"249":187,"250":188,"251":189,"252":190,"253":191,"254":192,"255":193,"305":194,"321":195,"322":196,"338":197,"339":198,"352":199,"353":200,"376":201,"381":202,"382":203,"402":204,"710":205,"711":206,"713":113,"728":207,"729":208,"730":209,"731":210,"732":211,"733":212,"916":213,"937":214,"956":119,"960":215,"8208":16,"8211":216,"8212":217,"8216":218,"8217":219,"8218":220,"8220":221,"8221":222,"8222":223,"8224":224,"8225":225,"8226":226,"8230":227,"8240":228,"8249":229,"8250":230,"8260":231,"8482":232,"8486":214,"8706":233,"8710":213,"8719":234,"8721":235,"8722":111,"8729":121,"8730":236,"8734":237,"8747":238,"8776":239,"8800":240,"8804":241,"8805":242,"8946":239,"9674":243,"61440":244,"61441":245,"61442":246},"Reserves":{"fontname":"AstuteSSi Bold"},"Names":{"AstuteSSi Bold":{"name":"AstuteSSi Bold","longitude":null,"latitude":null,"country":"","region":"","city":""}},"Nodes":{"as":{"type":"typal","node":"as","usage":1,"weight":1},"si":{"type":"typal","node":"si","usage":1,"weight":1},"bo":{"type":"typal","node":"bo","usage":1,"weight":1},"ld":{"type":"typal","node":"ld","usage":1,"weight":1},"ast":{"type":"typal","node":"ast","usage":1,"weight":1},"ssi":{"type":"typal","node":"ssi","usage":1,"weight":1},"bol":{"type":"typal","node":"bol","usage":1,"weight":1},"old":{"type":"typal","node":"old","usage":1,"weight":1},"astu":{"type":"keys","node":"astu","usage":1,"weight":1},"essi":{"type":"keys","node":"essi","usage":1,"weight":1},"astut":{"type":"keys","node":"astut","usage":1,"weight":1},"tessi":{"type":"keys","node":"tessi","usage":1,"weight":1},"astutessi":{"type":"fixes","node":"astutessi","usage":1,"weight":1},"bold":{"type":"fixes","node":"bold","usage":1,"weight":1}},"Contributors":[],"FontIdentity":"57264862cd7637ca7325ff65310151e2","Bytes":null,"Networking":[]}