{"CSS":{"Wyvern":"Wyvern.css"},"FontType":"TrueType","FontCopyright":"Copyright (c) Typodermic, 2001. All rights reserved. Do not distribute. Report to piracy@typodermic.com","FontName":"Wyvern","FontSubfamily":"Book","FontSubfamilyID":"FontForge 2.0 : Wyvern : 7-5-2017","FontFullName":"Wyvern","FontVersion":"Version 1.02 2001 ","FontWeight":null,"FontPostscriptName":"Wyvern","Files":{"wyvern.afm":"wyvern.afm","wyvern.bin":"wyvern.bin","wyvern.cef":"wyvern.cef","wyvern.cff":"wyvern.cff","wyvern.cid":"wyvern.cid","wyvern.dfont":"wyvern.dfont","wyvern.eot":"wyvern.eot","wyvern.fon":"wyvern.fon","wyvern.gai":"wyvern.gai","wyvern.gsf":"wyvern.gsf","wyvern.hqx":"wyvern.hqx","wyvern.ik":"wyvern.ik","wyvern.mf":"wyvern.mf","wyvern.otf":"wyvern.otf","wyvern.pcf":"wyvern.pcf","wyvern.pf3":"wyvern.pf3","wyvern.pfa":"wyvern.pfa","wyvern.pfb":"wyvern.pfb","wyvern.php":"wyvern.php","wyvern.pmf":"wyvern.pmf","wyvern.pt3":"wyvern.pt3","wyvern.sfd":"wyvern.sfd","wyvern.svg":"wyvern.svg","wyvern.t42":"wyvern.t42","wyvern.ttd":"wyvern.ttd","wyvern.ttf":"wyvern.ttf","wyvern.ttg":"wyvern.ttg","wyvern.ufm":"wyvern.ufm","wyvern.woff":"wyvern.woff","wyvern.z":"wyvern.z","":{"wyvern.afm":"wyvern.afm","wyvern.bin":"wyvern.bin","wyvern.cef":"wyvern.cef","wyvern.cff":"wyvern.cff","wyvern.cid":"wyvern.cid","wyvern.dfont":"wyvern.dfont","wyvern.eot":"wyvern.eot","wyvern.fon":"wyvern.fon","wyvern.gai":"wyvern.gai","wyvern.gsf":"wyvern.gsf","wyvern.hqx":"wyvern.hqx","wyvern.ik":"wyvern.ik","wyvern.mf":"wyvern.mf","wyvern.otf":"wyvern.otf","wyvern.pcf":"wyvern.pcf","wyvern.pf3":"wyvern.pf3","wyvern.pfa":"wyvern.pfa","wyvern.pfb":"wyvern.pfb","wyvern.php":"wyvern.php","wyvern.pmf":"wyvern.pmf","wyvern.pt3":"wyvern.pt3","wyvern.sfd":"wyvern.sfd","wyvern.svg":"wyvern.svg","wyvern.t42":"wyvern.t42","wyvern.ttd":"wyvern.ttd","wyvern.ttf":"wyvern.ttf","wyvern.ttg":"wyvern.ttg","wyvern.ufm":"wyvern.ufm","wyvern.woff":"wyvern.woff","wyvern.z":"wyvern.z"},"\/wyvern.ufo":{"features.fea":"features.fea","fontinfo.plist":"fontinfo.plist","metainfo.plist":"metainfo.plist"},"\/wyvern.ufo\/glyphs":{"A_.glif":"A_.glif","A_E_.glif":"A_E_.glif","A_acute.glif":"A_acute.glif","A_circumflex.glif":"A_circumflex.glif","A_dieresis.glif":"A_dieresis.glif","A_grave.glif":"A_grave.glif","A_ring.glif":"A_ring.glif","A_tilde.glif":"A_tilde.glif","B_.glif":"B_.glif","C_.glif":"C_.glif","C_cedilla.glif":"C_cedilla.glif","D_.glif":"D_.glif","E_.glif":"E_.glif","E_acute.glif":"E_acute.glif","E_circumflex.glif":"E_circumflex.glif","E_dieresis.glif":"E_dieresis.glif","E_grave.glif":"E_grave.glif","E_th.glif":"E_th.glif","E_uro.glif":"E_uro.glif","F_.glif":"F_.glif","G_.glif":"G_.glif","H_.glif":"H_.glif","I_.glif":"I_.glif","I_acute.glif":"I_acute.glif","I_circumflex.glif":"I_circumflex.glif","I_dieresis.glif":"I_dieresis.glif","I_grave.glif":"I_grave.glif","J_.glif":"J_.glif","K_.glif":"K_.glif","L_.glif":"L_.glif","L_slash.glif":"L_slash.glif","M_.glif":"M_.glif","N_.glif":"N_.glif","N_tilde.glif":"N_tilde.glif","O_.glif":"O_.glif","O_E_.glif":"O_E_.glif","O_acute.glif":"O_acute.glif","O_circumflex.glif":"O_circumflex.glif","O_dieresis.glif":"O_dieresis.glif","O_grave.glif":"O_grave.glif","O_slash.glif":"O_slash.glif","O_tilde.glif":"O_tilde.glif","P_.glif":"P_.glif","Q_.glif":"Q_.glif","R_.glif":"R_.glif","S_.glif":"S_.glif","S_caron.glif":"S_caron.glif","T_.glif":"T_.glif","T_horn.glif":"T_horn.glif","U_.glif":"U_.glif","U_acute.glif":"U_acute.glif","U_circumflex.glif":"U_circumflex.glif","U_dieresis.glif":"U_dieresis.glif","U_grave.glif":"U_grave.glif","V_.glif":"V_.glif","W_.glif":"W_.glif","X_.glif":"X_.glif","Y_.glif":"Y_.glif","Y_acute.glif":"Y_acute.glif","Y_dieresis.glif":"Y_dieresis.glif","Z_.glif":"Z_.glif","Z_caron.glif":"Z_caron.glif","_null.glif":"_null.glif","a.glif":"a.glif","aacute.glif":"aacute.glif","acircumflex.glif":"acircumflex.glif","acute.glif":"acute.glif","adieresis.glif":"adieresis.glif","ae.glif":"ae.glif","agrave.glif":"agrave.glif","ampersand.glif":"ampersand.glif","aring.glif":"aring.glif","asciicircum.glif":"asciicircum.glif","asciitilde.glif":"asciitilde.glif","asterisk.glif":"asterisk.glif","at.glif":"at.glif","atilde.glif":"atilde.glif","b.glif":"b.glif","backslash.glif":"backslash.glif","bar.glif":"bar.glif","braceleft.glif":"braceleft.glif","braceright.glif":"braceright.glif","bracketleft.glif":"bracketleft.glif","bracketright.glif":"bracketright.glif","breve.glif":"breve.glif","brokenbar.glif":"brokenbar.glif","bullet.glif":"bullet.glif","c.glif":"c.glif","caron.glif":"caron.glif","ccedilla.glif":"ccedilla.glif","cedilla.glif":"cedilla.glif","cent.glif":"cent.glif","circumflex.glif":"circumflex.glif","colon.glif":"colon.glif","comma.glif":"comma.glif","contents.plist":"contents.plist","copyright.glif":"copyright.glif","currency.glif":"currency.glif","d.glif":"d.glif","dagger.glif":"dagger.glif","daggerdbl.glif":"daggerdbl.glif","degree.glif":"degree.glif","dieresis.glif":"dieresis.glif","dollar.glif":"dollar.glif","dotaccent.glif":"dotaccent.glif","dotlessi.glif":"dotlessi.glif","e.glif":"e.glif","eacute.glif":"eacute.glif","ecircumflex.glif":"ecircumflex.glif","edieresis.glif":"edieresis.glif","egrave.glif":"egrave.glif","eight.glif":"eight.glif","ellipsis.glif":"ellipsis.glif","emdash.glif":"emdash.glif","endash.glif":"endash.glif","equal.glif":"equal.glif","eth.glif":"eth.glif","exclam.glif":"exclam.glif","exclamdown.glif":"exclamdown.glif","f.glif":"f.glif","fi.glif":"fi.glif","five.glif":"five.glif","fl.glif":"fl.glif","florin.glif":"florin.glif","four.glif":"four.glif","fraction.glif":"fraction.glif","g.glif":"g.glif","germandbls.glif":"germandbls.glif","grave.glif":"grave.glif","greater.glif":"greater.glif","guillemotleft.glif":"guillemotleft.glif","guillemotright.glif":"guillemotright.glif","guilsinglleft.glif":"guilsinglleft.glif","guilsinglright.glif":"guilsinglright.glif","h.glif":"h.glif","hungarumlaut.glif":"hungarumlaut.glif","hyphen.glif":"hyphen.glif","i.glif":"i.glif","iacute.glif":"iacute.glif","icircumflex.glif":"icircumflex.glif","idieresis.glif":"idieresis.glif","igrave.glif":"igrave.glif","j.glif":"j.glif","k.glif":"k.glif","l.glif":"l.glif","less.glif":"less.glif","lslash.glif":"lslash.glif","m.glif":"m.glif","macron.glif":"macron.glif","mu.glif":"mu.glif","n.glif":"n.glif","nine.glif":"nine.glif","nonmarkingreturn.glif":"nonmarkingreturn.glif","ntilde.glif":"ntilde.glif","numbersign.glif":"numbersign.glif","o.glif":"o.glif","oacute.glif":"oacute.glif","ocircumflex.glif":"ocircumflex.glif","odieresis.glif":"odieresis.glif","oe.glif":"oe.glif","ogonek.glif":"ogonek.glif","ograve.glif":"ograve.glif","one.glif":"one.glif","onehalf.glif":"onehalf.glif","onequarter.glif":"onequarter.glif","onesuperior.glif":"onesuperior.glif","ordfeminine.glif":"ordfeminine.glif","ordmasculine.glif":"ordmasculine.glif","oslash.glif":"oslash.glif","otilde.glif":"otilde.glif","p.glif":"p.glif","paragraph.glif":"paragraph.glif","parenleft.glif":"parenleft.glif","parenright.glif":"parenright.glif","percent.glif":"percent.glif","period.glif":"period.glif","periodcentered.glif":"periodcentered.glif","perthousand.glif":"perthousand.glif","plus.glif":"plus.glif","q.glif":"q.glif","question.glif":"question.glif","questiondown.glif":"questiondown.glif","quotedbl.glif":"quotedbl.glif","quotedblbase.glif":"quotedblbase.glif","quotedblleft.glif":"quotedblleft.glif","quotedblright.glif":"quotedblright.glif","quoteleft.glif":"quoteleft.glif","quoteright.glif":"quoteright.glif","quotesinglbase.glif":"quotesinglbase.glif","quotesingle.glif":"quotesingle.glif","r.glif":"r.glif","registered.glif":"registered.glif","ring.glif":"ring.glif","s.glif":"s.glif","scaron.glif":"scaron.glif","section.glif":"section.glif","semicolon.glif":"semicolon.glif","seven.glif":"seven.glif","six.glif":"six.glif","slash.glif":"slash.glif","space.glif":"space.glif","sterling.glif":"sterling.glif","t.glif":"t.glif","thorn.glif":"thorn.glif","three.glif":"three.glif","threequarters.glif":"threequarters.glif","threesuperior.glif":"threesuperior.glif","tilde.glif":"tilde.glif","trademark.glif":"trademark.glif","two.glif":"two.glif","twosuperior.glif":"twosuperior.glif","u.glif":"u.glif","uacute.glif":"uacute.glif","ucircumflex.glif":"ucircumflex.glif","udieresis.glif":"udieresis.glif","ugrave.glif":"ugrave.glif","underscore.glif":"underscore.glif","v.glif":"v.glif","w.glif":"w.glif","x.glif":"x.glif","y.glif":"y.glif","yacute.glif":"yacute.glif","ydieresis.glif":"ydieresis.glif","yen.glif":"yen.glif","z.glif":"z.glif","zcaron.glif":"zcaron.glif","zero.glif":"zero.glif"}},"Font":{"uploaded":1494125576.9538,"licence":"gpl3","company":"Chronolabs Cooperative","title":"Wyvern","version":2.001,"date":"Sat Oct 15 01:05:56 2016","creator":"root","type":"1","matrix":"0.001 0 0 0.001 0 0","named":"Wyvern","painttype":"0","info":"10 dict dup","name":"Wyvern","family":"Wyvern","weight":"Book","fstype":"0","italicangle":"0","underlineposition":"","underlinethickness":""},"Table":{"FFTM":{"entryLength":16,"tag":"FFTM","checksum":2087831281,"offset":30740,"length":28},"GDEF":{"entryLength":16,"tag":"GDEF","checksum":2556137,"offset":30708,"length":30},"OS\/2":{"entryLength":16,"tag":"OS\/2","checksum":1450449506,"offset":344,"length":86},"cmap":{"entryLength":16,"tag":"cmap","checksum":997253992,"offset":1340,"length":562},"gasp":{"entryLength":16,"tag":"gasp","checksum":4294901763,"offset":30700,"length":8},"glyf":{"entryLength":16,"tag":"glyf","checksum":1579862408,"offset":2360,"length":27120},"head":{"entryLength":16,"tag":"head","checksum":182285938,"offset":220,"length":54},"hhea":{"entryLength":16,"tag":"hhea","checksum":127337493,"offset":276,"length":36},"hmtx":{"entryLength":16,"tag":"hmtx","checksum":2795186800,"offset":432,"length":908},"loca":{"entryLength":16,"tag":"loca","checksum":1168597236,"offset":1904,"length":456},"maxp":{"entryLength":16,"tag":"maxp","checksum":19660923,"offset":312,"length":32},"name":{"entryLength":16,"tag":"name","checksum":1899804889,"offset":29480,"length":723},"post":{"entryLength":16,"tag":"post","checksum":2821368612,"offset":30204,"length":493}},"UnicodeCharMap":{"0":1,"13":2,"32":3,"33":4,"34":5,"35":6,"36":7,"37":8,"38":9,"39":10,"40":11,"41":12,"42":13,"43":14,"44":15,"45":16,"46":17,"47":18,"48":19,"49":20,"50":21,"51":22,"52":23,"53":24,"54":25,"55":26,"56":27,"57":28,"58":29,"59":30,"60":31,"61":32,"62":33,"63":34,"64":35,"65":36,"66":37,"67":38,"68":39,"69":40,"70":41,"71":42,"72":43,"73":44,"74":45,"75":46,"76":47,"77":48,"78":49,"79":50,"80":51,"81":52,"82":53,"83":54,"84":55,"85":56,"86":57,"87":58,"88":59,"89":60,"90":61,"91":62,"92":63,"93":64,"94":65,"95":66,"96":67,"97":68,"98":69,"99":70,"100":71,"101":72,"102":73,"103":74,"104":75,"105":76,"106":77,"107":78,"108":79,"109":80,"110":81,"111":82,"112":83,"113":84,"114":85,"115":86,"116":87,"117":88,"118":89,"119":90,"120":91,"121":92,"122":93,"123":94,"124":95,"125":96,"126":97,"161":98,"162":99,"163":100,"164":101,"165":102,"166":103,"167":104,"168":105,"169":106,"170":107,"171":108,"174":109,"175":110,"176":111,"178":112,"179":113,"180":114,"181":115,"182":116,"183":117,"184":118,"185":119,"186":120,"187":121,"188":122,"189":123,"190":124,"191":125,"192":126,"193":127,"194":128,"195":129,"196":130,"197":131,"198":132,"199":133,"200":134,"201":135,"202":136,"203":137,"204":138,"205":139,"206":140,"207":141,"208":142,"209":143,"210":144,"211":145,"212":146,"213":147,"214":148,"216":149,"217":150,"218":151,"219":152,"220":153,"221":154,"222":155,"223":156,"224":157,"225":158,"226":159,"227":160,"228":161,"229":162,"230":163,"231":164,"232":165,"233":166,"234":167,"235":168,"236":169,"237":170,"238":171,"239":172,"240":173,"241":174,"242":175,"243":176,"244":177,"245":178,"246":179,"248":180,"249":181,"250":182,"251":183,"252":184,"253":185,"254":186,"255":187,"305":216,"321":222,"322":223,"338":207,"339":208,"352":219,"353":220,"376":221,"381":224,"382":225,"402":194,"710":210,"711":211,"728":212,"729":213,"730":214,"731":217,"732":218,"733":215,"8211":196,"8212":197,"8216":192,"8217":193,"8218":188,"8220":191,"8221":190,"8222":189,"8224":202,"8225":203,"8226":204,"8230":195,"8240":199,"8249":200,"8250":201,"8260":198,"8364":226,"8482":209,"64257":205,"64258":206},"Reserves":null,"Names":[],"Nodes":{"wy":{"type":"typal","node":"wy","usage":1,"weight":1},"rn":{"type":"typal","node":"rn","usage":1,"weight":1},"wyv":{"type":"typal","node":"wyv","usage":1,"weight":1},"ern":{"type":"typal","node":"ern","usage":1,"weight":1},"wyve":{"type":"keys","node":"wyve","usage":1,"weight":1},"vern":{"type":"keys","node":"vern","usage":1,"weight":1},"wyver":{"type":"keys","node":"wyver","usage":1,"weight":1},"yvern":{"type":"keys","node":"yvern","usage":1,"weight":1},"wyvern":{"type":"fixes","node":"wyvern","usage":1,"weight":1}},"Contributors":[],"FontIdentity":"40c6ac08829e4b235b53f578abd80de0","Bytes":3017642,"Networking":[],"barcode":"wUUEeoMgwo8Ye","referee":"QgQ5o"}