{"CSS":{"Holy Empire":"Holy+Empire.css"},"FontType":"TrueType","FontCopyright":"1999 - Iconian Fonts: http:\/\/members.xoom.com\/iconianfonts\/","FontName":"Holy Empire","FontSubfamily":"Book","FontSubfamilyID":"FontForge 2.0 : Holy Empire : 25-11-2016","FontFullName":"Holy Empire","FontVersion":"Version 1 ","FontWeight":null,"FontPostscriptName":"HolyEmpire","Files":{"holy.afm":"holy.afm","holy.bin":"holy.bin","holy.cef":"holy.cef","holy.cff":"holy.cff","holy.cid":"holy.cid","holy.dfont":"holy.dfont","holy.eot":"holy.eot","holy.fon":"holy.fon","holy.gai":"holy.gai","holy.gsf":"holy.gsf","holy.hqx":"holy.hqx","holy.ik":"holy.ik","holy.mf":"holy.mf","holy.otf":"holy.otf","holy.pcf":"holy.pcf","holy.pf3":"holy.pf3","holy.pfa":"holy.pfa","holy.pfb":"holy.pfb","holy.php":"holy.php","holy.pmf":"holy.pmf","holy.pt3":"holy.pt3","holy.sfd":"holy.sfd","holy.svg":"holy.svg","holy.t42":"holy.t42","holy.ttd":"holy.ttd","holy.ttf":"holy.ttf","holy.ttg":"holy.ttg","holy.ufm":"holy.ufm","holy.woff":"holy.woff","holy.z":"holy.z","":{"holy.afm":"holy.afm","holy.bin":"holy.bin","holy.cef":"holy.cef","holy.cff":"holy.cff","holy.cid":"holy.cid","holy.dfont":"holy.dfont","holy.eot":"holy.eot","holy.fon":"holy.fon","holy.gai":"holy.gai","holy.gsf":"holy.gsf","holy.hqx":"holy.hqx","holy.ik":"holy.ik","holy.mf":"holy.mf","holy.otf":"holy.otf","holy.pcf":"holy.pcf","holy.pf3":"holy.pf3","holy.pfa":"holy.pfa","holy.pfb":"holy.pfb","holy.php":"holy.php","holy.pmf":"holy.pmf","holy.pt3":"holy.pt3","holy.sfd":"holy.sfd","holy.svg":"holy.svg","holy.t42":"holy.t42","holy.ttd":"holy.ttd","holy.ttf":"holy.ttf","holy.ttg":"holy.ttg","holy.ufm":"holy.ufm","holy.woff":"holy.woff","holy.z":"holy.z"},"\/holy.ufo":{"feature.fea":"feature.fea","fontinfo.plist":"fontinfo.plist","groups.plist":"groups.plist","kerning.plist":"kerning.plist","metainfo.plist":"metainfo.plist"},"\/holy.ufo\/glyphs":{"A_.glif":"A_.glif","A_dieresis.glif":"A_dieresis.glif","A_ring.glif":"A_ring.glif","B_.glif":"B_.glif","C_.glif":"C_.glif","C_cedilla.glif":"C_cedilla.glif","D_.glif":"D_.glif","E_.glif":"E_.glif","E_acute.glif":"E_acute.glif","F_.glif":"F_.glif","G_.glif":"G_.glif","H_.glif":"H_.glif","I_.glif":"I_.glif","J_.glif":"J_.glif","K_.glif":"K_.glif","L_.glif":"L_.glif","M_.glif":"M_.glif","N_.glif":"N_.glif","N_tilde.glif":"N_tilde.glif","O_.glif":"O_.glif","O_dieresis.glif":"O_dieresis.glif","P_.glif":"P_.glif","Q_.glif":"Q_.glif","R_.glif":"R_.glif","S_.glif":"S_.glif","T_.glif":"T_.glif","U_.glif":"U_.glif","U_dieresis.glif":"U_dieresis.glif","V_.glif":"V_.glif","W_.glif":"W_.glif","X_.glif":"X_.glif","Y_.glif":"Y_.glif","Z_.glif":"Z_.glif","_notdef.glif":"_notdef.glif","_null.glif":"_null.glif","a.glif":"a.glif","aacute.glif":"aacute.glif","acircumflex.glif":"acircumflex.glif","adieresis.glif":"adieresis.glif","agrave.glif":"agrave.glif","ampersand.glif":"ampersand.glif","aring.glif":"aring.glif","asciicircum.glif":"asciicircum.glif","asciitilde.glif":"asciitilde.glif","asterisk.glif":"asterisk.glif","at.glif":"at.glif","atilde.glif":"atilde.glif","b.glif":"b.glif","backslash.glif":"backslash.glif","bar.glif":"bar.glif","braceleft.glif":"braceleft.glif","braceright.glif":"braceright.glif","bracketleft.glif":"bracketleft.glif","bracketright.glif":"bracketright.glif","c.glif":"c.glif","ccedilla.glif":"ccedilla.glif","colon.glif":"colon.glif","comma.glif":"comma.glif","contents.plist":"contents.plist","d.glif":"d.glif","dollar.glif":"dollar.glif","e.glif":"e.glif","eacute.glif":"eacute.glif","ecircumflex.glif":"ecircumflex.glif","edieresis.glif":"edieresis.glif","egrave.glif":"egrave.glif","eight.glif":"eight.glif","equal.glif":"equal.glif","exclam.glif":"exclam.glif","f.glif":"f.glif","five.glif":"five.glif","four.glif":"four.glif","g.glif":"g.glif","glyph2.glif":"glyph2.glif","grave.glif":"grave.glif","greater.glif":"greater.glif","h.glif":"h.glif","hyphen.glif":"hyphen.glif","i.glif":"i.glif","iacute.glif":"iacute.glif","icircumflex.glif":"icircumflex.glif","idieresis.glif":"idieresis.glif","igrave.glif":"igrave.glif","j.glif":"j.glif","k.glif":"k.glif","l.glif":"l.glif","less.glif":"less.glif","m.glif":"m.glif","n.glif":"n.glif","nine.glif":"nine.glif","ntilde.glif":"ntilde.glif","numbersign.glif":"numbersign.glif","o.glif":"o.glif","oacute.glif":"oacute.glif","one.glif":"one.glif","p.glif":"p.glif","parenleft.glif":"parenleft.glif","parenright.glif":"parenright.glif","percent.glif":"percent.glif","period.glif":"period.glif","plus.glif":"plus.glif","q.glif":"q.glif","question.glif":"question.glif","quotedbl.glif":"quotedbl.glif","quotesingle.glif":"quotesingle.glif","r.glif":"r.glif","s.glif":"s.glif","semicolon.glif":"semicolon.glif","seven.glif":"seven.glif","six.glif":"six.glif","slash.glif":"slash.glif","space.glif":"space.glif","t.glif":"t.glif","three.glif":"three.glif","two.glif":"two.glif","u.glif":"u.glif","underscore.glif":"underscore.glif","v.glif":"v.glif","w.glif":"w.glif","x.glif":"x.glif","y.glif":"y.glif","z.glif":"z.glif","zero.glif":"zero.glif"}},"Font":{"uploaded":1480041383.1616,"licence":"gpl3","company":"Chronolabs Cooperative","title":"Holy Empire","version":2.001,"date":"Sun Aug 28 08:04:56 2016","creator":"root","type":"1","matrix":"0.001 0 0 0.001 0 0","named":"HolyEmpire","painttype":"0","info":"10 dict dup","name":"Holy Empire","family":"Holy Empire","weight":"Book","fstype":"1","italicangle":"0","underlineposition":"","underlinethickness":""},"Table":{"FFTM":{"entryLength":16,"tag":"FFTM","checksum":1947017440,"offset":37924,"length":28},"GDEF":{"entryLength":16,"tag":"GDEF","checksum":10944516,"offset":37892,"length":32},"OS\/2":{"entryLength":16,"tag":"OS\/2","checksum":1464230348,"offset":344,"length":86},"cmap":{"entryLength":16,"tag":"cmap","checksum":899772011,"offset":920,"length":440},"gasp":{"entryLength":16,"tag":"gasp","checksum":4294901763,"offset":37884,"length":8},"glyf":{"entryLength":16,"tag":"glyf","checksum":3659642737,"offset":1608,"length":35356},"head":{"entryLength":16,"tag":"head","checksum":190704428,"offset":220,"length":54},"hhea":{"entryLength":16,"tag":"hhea","checksum":130417229,"offset":276,"length":36},"hmtx":{"entryLength":16,"tag":"hmtx","checksum":482412226,"offset":432,"length":488},"loca":{"entryLength":16,"tag":"loca","checksum":1621310874,"offset":1360,"length":246},"maxp":{"entryLength":16,"tag":"maxp","checksum":12583152,"offset":312,"length":32},"name":{"entryLength":16,"tag":"name","checksum":748090571,"offset":36964,"length":630},"post":{"entryLength":16,"tag":"post","checksum":2897643055,"offset":37596,"length":285}},"UnicodeCharMap":{"0":1,"32":3,"33":4,"34":5,"35":6,"36":7,"37":8,"38":9,"39":10,"40":11,"41":12,"42":13,"43":14,"44":15,"45":16,"46":17,"47":18,"48":19,"49":20,"50":21,"51":22,"52":23,"53":24,"54":25,"55":26,"56":27,"57":28,"58":29,"59":30,"60":31,"61":32,"62":33,"63":34,"64":35,"65":36,"66":37,"67":38,"68":39,"69":40,"70":41,"71":42,"72":43,"73":44,"74":45,"75":46,"76":47,"77":48,"78":49,"79":50,"80":51,"81":52,"82":53,"83":54,"84":55,"85":56,"86":57,"87":58,"88":59,"89":60,"90":61,"91":62,"92":63,"93":64,"94":65,"95":66,"96":67,"97":68,"98":69,"99":70,"100":71,"101":72,"102":73,"103":74,"104":75,"105":76,"106":77,"107":78,"108":79,"109":80,"110":81,"111":82,"112":83,"113":84,"114":85,"115":86,"116":87,"117":88,"118":89,"119":90,"120":91,"121":92,"122":93,"123":94,"124":95,"125":96,"126":97,"196":98,"197":99,"199":100,"201":101,"209":102,"214":103,"220":104,"224":106,"225":105,"226":107,"227":109,"228":108,"229":110,"231":111,"232":113,"233":112,"234":114,"235":115,"236":117,"237":116,"238":118,"239":119,"241":120,"243":121},"Reserves":null,"Names":[],"Nodes":{"ho":{"type":"typal","node":"ho","usage":1,"weight":1},"ly":{"type":"typal","node":"ly","usage":1,"weight":1},"em":{"type":"typal","node":"em","usage":1,"weight":1},"re":{"type":"typal","node":"re","usage":1,"weight":1},"hol":{"type":"typal","node":"hol","usage":1,"weight":1},"oly":{"type":"typal","node":"oly","usage":1,"weight":1},"emp":{"type":"typal","node":"emp","usage":1,"weight":1},"ire":{"type":"typal","node":"ire","usage":1,"weight":1},"empi":{"type":"keys","node":"empi","usage":1,"weight":1},"pire":{"type":"keys","node":"pire","usage":1,"weight":1},"empir":{"type":"keys","node":"empir","usage":1,"weight":1},"mpire":{"type":"keys","node":"mpire","usage":1,"weight":1},"holy":{"type":"fixes","node":"holy","usage":1,"weight":1},"empire":{"type":"fixes","node":"empire","usage":1,"weight":1}},"Contributors":[],"FontIdentity":"a8ee426bd3b1a6252a54630fca6cf9b7","Bytes":3317158,"Networking":[],"barcode":"wwIwsIsY2w5Q2","referee":"mg5ui-4"}