{"CSS":{"Galleria":"doofeu1:6b2aa2fc9df3b2369121f236.css"},"FontType":"TrueType","FontCopyright":"Copyright (c) 1992 Corel Corporation. All Rights Reserved.","FontName":"Galleria","FontSubfamily":"Book","FontSubfamilyID":"FontForge 2.0 : Galleria : 28-8-2016","FontFullName":"Galleria","FontVersion":"Version 1.0 ","FontWeight":null,"FontPostscriptName":"Galleria","Files":{"\/Galleria.css":"\/Galleria.css","\/font-resource.json":"\/font-resource.json","\/gallerin.afm":"\/gallerin.afm","\/gallerin.cef":"\/gallerin.cef","\/gallerin.cff":"\/gallerin.cff","\/gallerin.eot":"\/gallerin.eot","\/gallerin.gai":"\/gallerin.gai","\/gallerin.gsf":"\/gallerin.gsf","\/gallerin.otf":"\/gallerin.otf","\/gallerin.pf3":"\/gallerin.pf3","\/gallerin.pfa":"\/gallerin.pfa","\/gallerin.pfb":"\/gallerin.pfb","\/gallerin.php":"\/gallerin.php","\/gallerin.pt3":"\/gallerin.pt3","\/gallerin.sfd":"\/gallerin.sfd","\/gallerin.svg":"\/gallerin.svg","\/gallerin.t42":"\/gallerin.t42","\/gallerin.ttd":"\/gallerin.ttd","\/gallerin.ttf":"\/gallerin.ttf","\/gallerin.ttg":"\/gallerin.ttg","\/gallerin.ufm":"\/gallerin.ufm","\/gallerin.woff":"\/gallerin.woff","\/gallerin.z":"\/gallerin.z","\/gallerin.ufo\/feature.fea":"\/gallerin.ufo\/feature.fea","\/gallerin.ufo\/fontinfo.plist":"\/gallerin.ufo\/fontinfo.plist","\/gallerin.ufo\/groups.plist":"\/gallerin.ufo\/groups.plist","\/gallerin.ufo\/kerning.plist":"\/gallerin.ufo\/kerning.plist","\/gallerin.ufo\/metainfo.plist":"\/gallerin.ufo\/metainfo.plist","\/gallerin.ufo\/glyphs\/A_.glif":"\/gallerin.ufo\/glyphs\/A_.glif","\/gallerin.ufo\/glyphs\/A_E_.glif":"\/gallerin.ufo\/glyphs\/A_E_.glif","\/gallerin.ufo\/glyphs\/A_acute.glif":"\/gallerin.ufo\/glyphs\/A_acute.glif","\/gallerin.ufo\/glyphs\/A_circumflex.glif":"\/gallerin.ufo\/glyphs\/A_circumflex.glif","\/gallerin.ufo\/glyphs\/A_dieresis.glif":"\/gallerin.ufo\/glyphs\/A_dieresis.glif","\/gallerin.ufo\/glyphs\/A_grave.glif":"\/gallerin.ufo\/glyphs\/A_grave.glif","\/gallerin.ufo\/glyphs\/A_ring.glif":"\/gallerin.ufo\/glyphs\/A_ring.glif","\/gallerin.ufo\/glyphs\/A_tilde.glif":"\/gallerin.ufo\/glyphs\/A_tilde.glif","\/gallerin.ufo\/glyphs\/B_.glif":"\/gallerin.ufo\/glyphs\/B_.glif","\/gallerin.ufo\/glyphs\/C_.glif":"\/gallerin.ufo\/glyphs\/C_.glif","\/gallerin.ufo\/glyphs\/C_cedilla.glif":"\/gallerin.ufo\/glyphs\/C_cedilla.glif","\/gallerin.ufo\/glyphs\/D_.glif":"\/gallerin.ufo\/glyphs\/D_.glif","\/gallerin.ufo\/glyphs\/E_.glif":"\/gallerin.ufo\/glyphs\/E_.glif","\/gallerin.ufo\/glyphs\/E_acute.glif":"\/gallerin.ufo\/glyphs\/E_acute.glif","\/gallerin.ufo\/glyphs\/E_circumflex.glif":"\/gallerin.ufo\/glyphs\/E_circumflex.glif","\/gallerin.ufo\/glyphs\/E_dieresis.glif":"\/gallerin.ufo\/glyphs\/E_dieresis.glif","\/gallerin.ufo\/glyphs\/E_grave.glif":"\/gallerin.ufo\/glyphs\/E_grave.glif","\/gallerin.ufo\/glyphs\/F_.glif":"\/gallerin.ufo\/glyphs\/F_.glif","\/gallerin.ufo\/glyphs\/G_.glif":"\/gallerin.ufo\/glyphs\/G_.glif","\/gallerin.ufo\/glyphs\/H_.glif":"\/gallerin.ufo\/glyphs\/H_.glif","\/gallerin.ufo\/glyphs\/I_.glif":"\/gallerin.ufo\/glyphs\/I_.glif","\/gallerin.ufo\/glyphs\/I_acute.glif":"\/gallerin.ufo\/glyphs\/I_acute.glif","\/gallerin.ufo\/glyphs\/I_circumflex.glif":"\/gallerin.ufo\/glyphs\/I_circumflex.glif","\/gallerin.ufo\/glyphs\/I_dieresis.glif":"\/gallerin.ufo\/glyphs\/I_dieresis.glif","\/gallerin.ufo\/glyphs\/I_grave.glif":"\/gallerin.ufo\/glyphs\/I_grave.glif","\/gallerin.ufo\/glyphs\/J_.glif":"\/gallerin.ufo\/glyphs\/J_.glif","\/gallerin.ufo\/glyphs\/K_.glif":"\/gallerin.ufo\/glyphs\/K_.glif","\/gallerin.ufo\/glyphs\/L_.glif":"\/gallerin.ufo\/glyphs\/L_.glif","\/gallerin.ufo\/glyphs\/M_.glif":"\/gallerin.ufo\/glyphs\/M_.glif","\/gallerin.ufo\/glyphs\/N_.glif":"\/gallerin.ufo\/glyphs\/N_.glif","\/gallerin.ufo\/glyphs\/N_tilde.glif":"\/gallerin.ufo\/glyphs\/N_tilde.glif","\/gallerin.ufo\/glyphs\/O_.glif":"\/gallerin.ufo\/glyphs\/O_.glif","\/gallerin.ufo\/glyphs\/O_E_.glif":"\/gallerin.ufo\/glyphs\/O_E_.glif","\/gallerin.ufo\/glyphs\/O_acute.glif":"\/gallerin.ufo\/glyphs\/O_acute.glif","\/gallerin.ufo\/glyphs\/O_circumflex.glif":"\/gallerin.ufo\/glyphs\/O_circumflex.glif","\/gallerin.ufo\/glyphs\/O_dieresis.glif":"\/gallerin.ufo\/glyphs\/O_dieresis.glif","\/gallerin.ufo\/glyphs\/O_grave.glif":"\/gallerin.ufo\/glyphs\/O_grave.glif","\/gallerin.ufo\/glyphs\/O_slash.glif":"\/gallerin.ufo\/glyphs\/O_slash.glif","\/gallerin.ufo\/glyphs\/O_tilde.glif":"\/gallerin.ufo\/glyphs\/O_tilde.glif","\/gallerin.ufo\/glyphs\/P_.glif":"\/gallerin.ufo\/glyphs\/P_.glif","\/gallerin.ufo\/glyphs\/Q_.glif":"\/gallerin.ufo\/glyphs\/Q_.glif","\/gallerin.ufo\/glyphs\/R_.glif":"\/gallerin.ufo\/glyphs\/R_.glif","\/gallerin.ufo\/glyphs\/S_.glif":"\/gallerin.ufo\/glyphs\/S_.glif","\/gallerin.ufo\/glyphs\/T_.glif":"\/gallerin.ufo\/glyphs\/T_.glif","\/gallerin.ufo\/glyphs\/U_.glif":"\/gallerin.ufo\/glyphs\/U_.glif","\/gallerin.ufo\/glyphs\/U_acute.glif":"\/gallerin.ufo\/glyphs\/U_acute.glif","\/gallerin.ufo\/glyphs\/U_circumflex.glif":"\/gallerin.ufo\/glyphs\/U_circumflex.glif","\/gallerin.ufo\/glyphs\/U_dieresis.glif":"\/gallerin.ufo\/glyphs\/U_dieresis.glif","\/gallerin.ufo\/glyphs\/U_grave.glif":"\/gallerin.ufo\/glyphs\/U_grave.glif","\/gallerin.ufo\/glyphs\/V_.glif":"\/gallerin.ufo\/glyphs\/V_.glif","\/gallerin.ufo\/glyphs\/W_.glif":"\/gallerin.ufo\/glyphs\/W_.glif","\/gallerin.ufo\/glyphs\/X_.glif":"\/gallerin.ufo\/glyphs\/X_.glif","\/gallerin.ufo\/glyphs\/Y_.glif":"\/gallerin.ufo\/glyphs\/Y_.glif","\/gallerin.ufo\/glyphs\/Y_acute.glif":"\/gallerin.ufo\/glyphs\/Y_acute.glif","\/gallerin.ufo\/glyphs\/Z_.glif":"\/gallerin.ufo\/glyphs\/Z_.glif","\/gallerin.ufo\/glyphs\/_notdef.glif":"\/gallerin.ufo\/glyphs\/_notdef.glif","\/gallerin.ufo\/glyphs\/_null.glif":"\/gallerin.ufo\/glyphs\/_null.glif","\/gallerin.ufo\/glyphs\/a.glif":"\/gallerin.ufo\/glyphs\/a.glif","\/gallerin.ufo\/glyphs\/aacute.glif":"\/gallerin.ufo\/glyphs\/aacute.glif","\/gallerin.ufo\/glyphs\/acircumflex.glif":"\/gallerin.ufo\/glyphs\/acircumflex.glif","\/gallerin.ufo\/glyphs\/acute.glif":"\/gallerin.ufo\/glyphs\/acute.glif","\/gallerin.ufo\/glyphs\/adieresis.glif":"\/gallerin.ufo\/glyphs\/adieresis.glif","\/gallerin.ufo\/glyphs\/ae.glif":"\/gallerin.ufo\/glyphs\/ae.glif","\/gallerin.ufo\/glyphs\/agrave.glif":"\/gallerin.ufo\/glyphs\/agrave.glif","\/gallerin.ufo\/glyphs\/ampersand.glif":"\/gallerin.ufo\/glyphs\/ampersand.glif","\/gallerin.ufo\/glyphs\/aring.glif":"\/gallerin.ufo\/glyphs\/aring.glif","\/gallerin.ufo\/glyphs\/asciicircum.glif":"\/gallerin.ufo\/glyphs\/asciicircum.glif","\/gallerin.ufo\/glyphs\/asciitilde.glif":"\/gallerin.ufo\/glyphs\/asciitilde.glif","\/gallerin.ufo\/glyphs\/asterisk.glif":"\/gallerin.ufo\/glyphs\/asterisk.glif","\/gallerin.ufo\/glyphs\/at.glif":"\/gallerin.ufo\/glyphs\/at.glif","\/gallerin.ufo\/glyphs\/atilde.glif":"\/gallerin.ufo\/glyphs\/atilde.glif","\/gallerin.ufo\/glyphs\/b.glif":"\/gallerin.ufo\/glyphs\/b.glif","\/gallerin.ufo\/glyphs\/backslash.glif":"\/gallerin.ufo\/glyphs\/backslash.glif","\/gallerin.ufo\/glyphs\/bar.glif":"\/gallerin.ufo\/glyphs\/bar.glif","\/gallerin.ufo\/glyphs\/braceleft.glif":"\/gallerin.ufo\/glyphs\/braceleft.glif","\/gallerin.ufo\/glyphs\/braceright.glif":"\/gallerin.ufo\/glyphs\/braceright.glif","\/gallerin.ufo\/glyphs\/bracketleft.glif":"\/gallerin.ufo\/glyphs\/bracketleft.glif","\/gallerin.ufo\/glyphs\/bracketright.glif":"\/gallerin.ufo\/glyphs\/bracketright.glif","\/gallerin.ufo\/glyphs\/brokenbar.glif":"\/gallerin.ufo\/glyphs\/brokenbar.glif","\/gallerin.ufo\/glyphs\/c.glif":"\/gallerin.ufo\/glyphs\/c.glif","\/gallerin.ufo\/glyphs\/ccedilla.glif":"\/gallerin.ufo\/glyphs\/ccedilla.glif","\/gallerin.ufo\/glyphs\/cent.glif":"\/gallerin.ufo\/glyphs\/cent.glif","\/gallerin.ufo\/glyphs\/circumflex.glif":"\/gallerin.ufo\/glyphs\/circumflex.glif","\/gallerin.ufo\/glyphs\/colon.glif":"\/gallerin.ufo\/glyphs\/colon.glif","\/gallerin.ufo\/glyphs\/comma.glif":"\/gallerin.ufo\/glyphs\/comma.glif","\/gallerin.ufo\/glyphs\/contents.plist":"\/gallerin.ufo\/glyphs\/contents.plist","\/gallerin.ufo\/glyphs\/copyright.glif":"\/gallerin.ufo\/glyphs\/copyright.glif","\/gallerin.ufo\/glyphs\/d.glif":"\/gallerin.ufo\/glyphs\/d.glif","\/gallerin.ufo\/glyphs\/dagger.glif":"\/gallerin.ufo\/glyphs\/dagger.glif","\/gallerin.ufo\/glyphs\/dieresis.glif":"\/gallerin.ufo\/glyphs\/dieresis.glif","\/gallerin.ufo\/glyphs\/dollar.glif":"\/gallerin.ufo\/glyphs\/dollar.glif","\/gallerin.ufo\/glyphs\/e.glif":"\/gallerin.ufo\/glyphs\/e.glif","\/gallerin.ufo\/glyphs\/eacute.glif":"\/gallerin.ufo\/glyphs\/eacute.glif","\/gallerin.ufo\/glyphs\/ecircumflex.glif":"\/gallerin.ufo\/glyphs\/ecircumflex.glif","\/gallerin.ufo\/glyphs\/edieresis.glif":"\/gallerin.ufo\/glyphs\/edieresis.glif","\/gallerin.ufo\/glyphs\/egrave.glif":"\/gallerin.ufo\/glyphs\/egrave.glif","\/gallerin.ufo\/glyphs\/eight.glif":"\/gallerin.ufo\/glyphs\/eight.glif","\/gallerin.ufo\/glyphs\/ellipsis.glif":"\/gallerin.ufo\/glyphs\/ellipsis.glif","\/gallerin.ufo\/glyphs\/emdash.glif":"\/gallerin.ufo\/glyphs\/emdash.glif","\/gallerin.ufo\/glyphs\/endash.glif":"\/gallerin.ufo\/glyphs\/endash.glif","\/gallerin.ufo\/glyphs\/equal.glif":"\/gallerin.ufo\/glyphs\/equal.glif","\/gallerin.ufo\/glyphs\/exclam.glif":"\/gallerin.ufo\/glyphs\/exclam.glif","\/gallerin.ufo\/glyphs\/exclamdown.glif":"\/gallerin.ufo\/glyphs\/exclamdown.glif","\/gallerin.ufo\/glyphs\/f.glif":"\/gallerin.ufo\/glyphs\/f.glif","\/gallerin.ufo\/glyphs\/five.glif":"\/gallerin.ufo\/glyphs\/five.glif","\/gallerin.ufo\/glyphs\/florin.glif":"\/gallerin.ufo\/glyphs\/florin.glif","\/gallerin.ufo\/glyphs\/four.glif":"\/gallerin.ufo\/glyphs\/four.glif","\/gallerin.ufo\/glyphs\/g.glif":"\/gallerin.ufo\/glyphs\/g.glif","\/gallerin.ufo\/glyphs\/germandbls.glif":"\/gallerin.ufo\/glyphs\/germandbls.glif","\/gallerin.ufo\/glyphs\/grave.glif":"\/gallerin.ufo\/glyphs\/grave.glif","\/gallerin.ufo\/glyphs\/greater.glif":"\/gallerin.ufo\/glyphs\/greater.glif","\/gallerin.ufo\/glyphs\/guillemotleft.glif":"\/gallerin.ufo\/glyphs\/guillemotleft.glif","\/gallerin.ufo\/glyphs\/guillemotright.glif":"\/gallerin.ufo\/glyphs\/guillemotright.glif","\/gallerin.ufo\/glyphs\/h.glif":"\/gallerin.ufo\/glyphs\/h.glif","\/gallerin.ufo\/glyphs\/hyphen.glif":"\/gallerin.ufo\/glyphs\/hyphen.glif","\/gallerin.ufo\/glyphs\/i.glif":"\/gallerin.ufo\/glyphs\/i.glif","\/gallerin.ufo\/glyphs\/iacute.glif":"\/gallerin.ufo\/glyphs\/iacute.glif","\/gallerin.ufo\/glyphs\/icircumflex.glif":"\/gallerin.ufo\/glyphs\/icircumflex.glif","\/gallerin.ufo\/glyphs\/idieresis.glif":"\/gallerin.ufo\/glyphs\/idieresis.glif","\/gallerin.ufo\/glyphs\/igrave.glif":"\/gallerin.ufo\/glyphs\/igrave.glif","\/gallerin.ufo\/glyphs\/j.glif":"\/gallerin.ufo\/glyphs\/j.glif","\/gallerin.ufo\/glyphs\/k.glif":"\/gallerin.ufo\/glyphs\/k.glif","\/gallerin.ufo\/glyphs\/l.glif":"\/gallerin.ufo\/glyphs\/l.glif","\/gallerin.ufo\/glyphs\/less.glif":"\/gallerin.ufo\/glyphs\/less.glif","\/gallerin.ufo\/glyphs\/logicalnot.glif":"\/gallerin.ufo\/glyphs\/logicalnot.glif","\/gallerin.ufo\/glyphs\/m.glif":"\/gallerin.ufo\/glyphs\/m.glif","\/gallerin.ufo\/glyphs\/mu.glif":"\/gallerin.ufo\/glyphs\/mu.glif","\/gallerin.ufo\/glyphs\/n.glif":"\/gallerin.ufo\/glyphs\/n.glif","\/gallerin.ufo\/glyphs\/nine.glif":"\/gallerin.ufo\/glyphs\/nine.glif","\/gallerin.ufo\/glyphs\/nonmarkingreturn.glif":"\/gallerin.ufo\/glyphs\/nonmarkingreturn.glif","\/gallerin.ufo\/glyphs\/ntilde.glif":"\/gallerin.ufo\/glyphs\/ntilde.glif","\/gallerin.ufo\/glyphs\/numbersign.glif":"\/gallerin.ufo\/glyphs\/numbersign.glif","\/gallerin.ufo\/glyphs\/o.glif":"\/gallerin.ufo\/glyphs\/o.glif","\/gallerin.ufo\/glyphs\/oacute.glif":"\/gallerin.ufo\/glyphs\/oacute.glif","\/gallerin.ufo\/glyphs\/ocircumflex.glif":"\/gallerin.ufo\/glyphs\/ocircumflex.glif","\/gallerin.ufo\/glyphs\/odieresis.glif":"\/gallerin.ufo\/glyphs\/odieresis.glif","\/gallerin.ufo\/glyphs\/oe.glif":"\/gallerin.ufo\/glyphs\/oe.glif","\/gallerin.ufo\/glyphs\/ograve.glif":"\/gallerin.ufo\/glyphs\/ograve.glif","\/gallerin.ufo\/glyphs\/one.glif":"\/gallerin.ufo\/glyphs\/one.glif","\/gallerin.ufo\/glyphs\/ordfeminine.glif":"\/gallerin.ufo\/glyphs\/ordfeminine.glif","\/gallerin.ufo\/glyphs\/ordmasculine.glif":"\/gallerin.ufo\/glyphs\/ordmasculine.glif","\/gallerin.ufo\/glyphs\/oslash.glif":"\/gallerin.ufo\/glyphs\/oslash.glif","\/gallerin.ufo\/glyphs\/otilde.glif":"\/gallerin.ufo\/glyphs\/otilde.glif","\/gallerin.ufo\/glyphs\/p.glif":"\/gallerin.ufo\/glyphs\/p.glif","\/gallerin.ufo\/glyphs\/paragraph.glif":"\/gallerin.ufo\/glyphs\/paragraph.glif","\/gallerin.ufo\/glyphs\/parenleft.glif":"\/gallerin.ufo\/glyphs\/parenleft.glif","\/gallerin.ufo\/glyphs\/parenright.glif":"\/gallerin.ufo\/glyphs\/parenright.glif","\/gallerin.ufo\/glyphs\/percent.glif":"\/gallerin.ufo\/glyphs\/percent.glif","\/gallerin.ufo\/glyphs\/period.glif":"\/gallerin.ufo\/glyphs\/period.glif","\/gallerin.ufo\/glyphs\/periodcentered.glif":"\/gallerin.ufo\/glyphs\/periodcentered.glif","\/gallerin.ufo\/glyphs\/plus.glif":"\/gallerin.ufo\/glyphs\/plus.glif","\/gallerin.ufo\/glyphs\/plusminus.glif":"\/gallerin.ufo\/glyphs\/plusminus.glif","\/gallerin.ufo\/glyphs\/q.glif":"\/gallerin.ufo\/glyphs\/q.glif","\/gallerin.ufo\/glyphs\/question.glif":"\/gallerin.ufo\/glyphs\/question.glif","\/gallerin.ufo\/glyphs\/questiondown.glif":"\/gallerin.ufo\/glyphs\/questiondown.glif","\/gallerin.ufo\/glyphs\/quotedbl.glif":"\/gallerin.ufo\/glyphs\/quotedbl.glif","\/gallerin.ufo\/glyphs\/quotedblleft.glif":"\/gallerin.ufo\/glyphs\/quotedblleft.glif","\/gallerin.ufo\/glyphs\/quotedblright.glif":"\/gallerin.ufo\/glyphs\/quotedblright.glif","\/gallerin.ufo\/glyphs\/quoteleft.glif":"\/gallerin.ufo\/glyphs\/quoteleft.glif","\/gallerin.ufo\/glyphs\/quoteright.glif":"\/gallerin.ufo\/glyphs\/quoteright.glif","\/gallerin.ufo\/glyphs\/quotesingle.glif":"\/gallerin.ufo\/glyphs\/quotesingle.glif","\/gallerin.ufo\/glyphs\/r.glif":"\/gallerin.ufo\/glyphs\/r.glif","\/gallerin.ufo\/glyphs\/registered.glif":"\/gallerin.ufo\/glyphs\/registered.glif","\/gallerin.ufo\/glyphs\/ring.glif":"\/gallerin.ufo\/glyphs\/ring.glif","\/gallerin.ufo\/glyphs\/s.glif":"\/gallerin.ufo\/glyphs\/s.glif","\/gallerin.ufo\/glyphs\/section.glif":"\/gallerin.ufo\/glyphs\/section.glif","\/gallerin.ufo\/glyphs\/semicolon.glif":"\/gallerin.ufo\/glyphs\/semicolon.glif","\/gallerin.ufo\/glyphs\/seven.glif":"\/gallerin.ufo\/glyphs\/seven.glif","\/gallerin.ufo\/glyphs\/six.glif":"\/gallerin.ufo\/glyphs\/six.glif","\/gallerin.ufo\/glyphs\/slash.glif":"\/gallerin.ufo\/glyphs\/slash.glif","\/gallerin.ufo\/glyphs\/space.glif":"\/gallerin.ufo\/glyphs\/space.glif","\/gallerin.ufo\/glyphs\/sterling.glif":"\/gallerin.ufo\/glyphs\/sterling.glif","\/gallerin.ufo\/glyphs\/t.glif":"\/gallerin.ufo\/glyphs\/t.glif","\/gallerin.ufo\/glyphs\/three.glif":"\/gallerin.ufo\/glyphs\/three.glif","\/gallerin.ufo\/glyphs\/tilde.glif":"\/gallerin.ufo\/glyphs\/tilde.glif","\/gallerin.ufo\/glyphs\/trademark.glif":"\/gallerin.ufo\/glyphs\/trademark.glif","\/gallerin.ufo\/glyphs\/two.glif":"\/gallerin.ufo\/glyphs\/two.glif","\/gallerin.ufo\/glyphs\/u.glif":"\/gallerin.ufo\/glyphs\/u.glif","\/gallerin.ufo\/glyphs\/uacute.glif":"\/gallerin.ufo\/glyphs\/uacute.glif","\/gallerin.ufo\/glyphs\/ucircumflex.glif":"\/gallerin.ufo\/glyphs\/ucircumflex.glif","\/gallerin.ufo\/glyphs\/udieresis.glif":"\/gallerin.ufo\/glyphs\/udieresis.glif","\/gallerin.ufo\/glyphs\/ugrave.glif":"\/gallerin.ufo\/glyphs\/ugrave.glif","\/gallerin.ufo\/glyphs\/underscore.glif":"\/gallerin.ufo\/glyphs\/underscore.glif","\/gallerin.ufo\/glyphs\/v.glif":"\/gallerin.ufo\/glyphs\/v.glif","\/gallerin.ufo\/glyphs\/w.glif":"\/gallerin.ufo\/glyphs\/w.glif","\/gallerin.ufo\/glyphs\/x.glif":"\/gallerin.ufo\/glyphs\/x.glif","\/gallerin.ufo\/glyphs\/y.glif":"\/gallerin.ufo\/glyphs\/y.glif","\/gallerin.ufo\/glyphs\/yacute.glif":"\/gallerin.ufo\/glyphs\/yacute.glif","\/gallerin.ufo\/glyphs\/ydieresis.glif":"\/gallerin.ufo\/glyphs\/ydieresis.glif","\/gallerin.ufo\/glyphs\/yen.glif":"\/gallerin.ufo\/glyphs\/yen.glif","\/gallerin.ufo\/glyphs\/z.glif":"\/gallerin.ufo\/glyphs\/z.glif","\/gallerin.ufo\/glyphs\/zero.glif":"\/gallerin.ufo\/glyphs\/zero.glif"},"Font":{"uploaded":1472388727.8318,"licence":"gpl3","company":"Chronolabs Cooperative","title":"Galleria","version":3.002,"date":"Sun Aug 28 07:55:21 2016","creator":"root","type":"1","matrix":"0.000244141 0 0 0.000244141 0 0","named":"Galleria","painttype":"0","info":"10 dict dup","name":"Galleria","family":"Galleria","weight":"Book","fstype":"3","italicangle":"0","underlineposition":"","underlinethickness":""},"Licences":{"":false},"Table":{"FFTM":{"entryLength":16,"tag":"FFTM","checksum":1947016290,"offset":56176,"length":28},"GDEF":{"entryLength":16,"tag":"GDEF","checksum":15466500,"offset":56144,"length":32},"OS\/2":{"entryLength":16,"tag":"OS\/2","checksum":2155489548,"offset":344,"length":86},"cmap":{"entryLength":16,"tag":"cmap","checksum":1841727508,"offset":1196,"length":550},"gasp":{"entryLength":16,"tag":"gasp","checksum":4294901763,"offset":56136,"length":8},"glyf":{"entryLength":16,"tag":"glyf","checksum":2104146905,"offset":2132,"length":52988},"head":{"entryLength":16,"tag":"head","checksum":444909862,"offset":220,"length":54},"hhea":{"entryLength":16,"tag":"hhea","checksum":660279774,"offset":276,"length":36},"hmtx":{"entryLength":16,"tag":"hmtx","checksum":1210078523,"offset":432,"length":764},"loca":{"entryLength":16,"tag":"loca","checksum":3410623876,"offset":1748,"length":384},"maxp":{"entryLength":16,"tag":"maxp","checksum":17498335,"offset":312,"length":32},"name":{"entryLength":16,"tag":"name","checksum":1861338224,"offset":55120,"length":597},"post":{"entryLength":16,"tag":"post","checksum":628041263,"offset":55720,"length":416}},"UnicodeCharMap":{"0":1,"13":2,"32":3,"33":4,"34":5,"35":6,"36":7,"37":8,"38":9,"39":10,"40":11,"41":12,"42":13,"43":14,"44":15,"45":16,"46":17,"47":18,"48":19,"49":20,"50":21,"51":22,"52":23,"53":24,"54":25,"55":26,"56":27,"57":28,"58":29,"59":30,"60":31,"61":32,"62":33,"63":34,"64":35,"65":36,"66":37,"67":38,"68":39,"69":40,"70":41,"71":42,"72":43,"73":44,"74":45,"75":46,"76":47,"77":48,"78":49,"79":50,"80":51,"81":52,"82":53,"83":54,"84":55,"85":56,"86":57,"87":58,"88":59,"89":60,"90":61,"91":62,"92":63,"93":64,"94":65,"95":66,"96":67,"97":68,"98":69,"99":70,"100":71,"101":72,"102":73,"103":74,"104":75,"105":76,"106":77,"107":78,"108":79,"109":80,"110":81,"111":82,"112":83,"113":84,"114":85,"115":86,"116":87,"117":88,"118":89,"119":90,"120":91,"121":92,"122":93,"123":94,"124":95,"125":96,"126":97,"161":98,"162":99,"163":100,"165":101,"166":102,"167":103,"168":104,"169":105,"170":106,"171":107,"172":108,"174":109,"177":110,"180":111,"182":113,"183":114,"186":115,"187":116,"191":117,"192":118,"193":119,"194":120,"195":121,"196":122,"197":123,"198":124,"199":125,"200":126,"201":127,"202":128,"203":129,"204":130,"205":131,"206":132,"207":133,"209":134,"210":135,"211":136,"212":137,"213":138,"214":139,"216":140,"217":141,"218":142,"219":143,"220":144,"221":145,"223":146,"224":147,"225":148,"226":149,"227":150,"228":151,"229":152,"230":153,"231":154,"232":155,"233":156,"234":157,"235":158,"236":159,"237":160,"238":161,"239":162,"241":163,"242":164,"243":165,"244":166,"245":167,"246":168,"248":169,"249":170,"250":171,"251":172,"252":173,"253":174,"255":175,"338":180,"339":181,"402":178,"710":188,"730":190,"732":189,"956":112,"8211":183,"8212":182,"8216":186,"8217":187,"8220":184,"8221":185,"8224":176,"8230":179,"8482":177},"Reserves":{"fontname":"Galleria"},"Names":{"Galleria":{"name":"Galleria","longitude":"0.00000001","latitude":"0.00000001","country":"","region":"","city":""}},"Nodes":{"ga":{"type":"typal","node":"ga","usage":1,"weight":1},"ia":{"type":"typal","node":"ia","usage":1,"weight":1},"gal":{"type":"typal","node":"gal","usage":1,"weight":1},"ria":{"type":"typal","node":"ria","usage":1,"weight":1},"gall":{"type":"keys","node":"gall","usage":1,"weight":1},"eria":{"type":"keys","node":"eria","usage":1,"weight":1},"galle":{"type":"keys","node":"galle","usage":1,"weight":1},"leria":{"type":"keys","node":"leria","usage":1,"weight":1},"galleria":{"type":"fixes","node":"galleria","usage":1,"weight":1}},"Contributors":[],"FontIdentity":"doofeu1:6b2aa2fc9df3b2369121f236","Bytes":null,"Networking":[],"barcode":"cak2kaiiiyaci","referee":"wq5qeugw"}