{"CSS":{"Century Schoolbook":"Century+Schoolbook.css"},"FontType":"TrueType","FontCopyright":"Typeface (c) The Monotype Corporation plc. Data (c) The Monotype Corporation plc \/ Type Solutions Inc. 1990-91 All Rights Reserved.","FontName":"Century Schoolbook","FontSubfamily":"Book","FontSubfamilyID":"FontForge 2.0 : Century Schoolbook : 21-12-2016","FontFullName":"Century Schoolbook","FontVersion":"Version 2.35 ","FontWeight":null,"FontPostscriptName":"CenturySchoolbook","Files":{"censcbk.afm":"censcbk.afm","censcbk.bin":"censcbk.bin","censcbk.cef":"censcbk.cef","censcbk.cff":"censcbk.cff","censcbk.cid":"censcbk.cid","censcbk.dfont":"censcbk.dfont","censcbk.eot":"censcbk.eot","censcbk.fon":"censcbk.fon","censcbk.gai":"censcbk.gai","censcbk.gsf":"censcbk.gsf","censcbk.hqx":"censcbk.hqx","censcbk.ik":"censcbk.ik","censcbk.mf":"censcbk.mf","censcbk.otf":"censcbk.otf","censcbk.pcf":"censcbk.pcf","censcbk.pf3":"censcbk.pf3","censcbk.pfa":"censcbk.pfa","censcbk.pfb":"censcbk.pfb","censcbk.php":"censcbk.php","censcbk.pmf":"censcbk.pmf","censcbk.pt3":"censcbk.pt3","censcbk.sfd":"censcbk.sfd","censcbk.svg":"censcbk.svg","censcbk.t42":"censcbk.t42","censcbk.ttd":"censcbk.ttd","censcbk.ttf":"censcbk.ttf","censcbk.ttg":"censcbk.ttg","censcbk.ufm":"censcbk.ufm","censcbk.woff":"censcbk.woff","censcbk.z":"censcbk.z","":{"censcbk.afm":"censcbk.afm","censcbk.bin":"censcbk.bin","censcbk.cef":"censcbk.cef","censcbk.cff":"censcbk.cff","censcbk.cid":"censcbk.cid","censcbk.dfont":"censcbk.dfont","censcbk.eot":"censcbk.eot","censcbk.fon":"censcbk.fon","censcbk.gai":"censcbk.gai","censcbk.gsf":"censcbk.gsf","censcbk.hqx":"censcbk.hqx","censcbk.ik":"censcbk.ik","censcbk.mf":"censcbk.mf","censcbk.otf":"censcbk.otf","censcbk.pcf":"censcbk.pcf","censcbk.pf3":"censcbk.pf3","censcbk.pfa":"censcbk.pfa","censcbk.pfb":"censcbk.pfb","censcbk.php":"censcbk.php","censcbk.pmf":"censcbk.pmf","censcbk.pt3":"censcbk.pt3","censcbk.sfd":"censcbk.sfd","censcbk.svg":"censcbk.svg","censcbk.t42":"censcbk.t42","censcbk.ttd":"censcbk.ttd","censcbk.ttf":"censcbk.ttf","censcbk.ttg":"censcbk.ttg","censcbk.ufm":"censcbk.ufm","censcbk.woff":"censcbk.woff","censcbk.z":"censcbk.z"},"\/censcbk.ufo":{"feature.fea":"feature.fea","fontinfo.plist":"fontinfo.plist","groups.plist":"groups.plist","kerning.plist":"kerning.plist","metainfo.plist":"metainfo.plist"},"\/censcbk.ufo\/glyphs":{"A_.glif":"A_.glif","A_E_.glif":"A_E_.glif","A_E_acute.glif":"A_E_acute.glif","A_acute.glif":"A_acute.glif","A_breve.glif":"A_breve.glif","A_circumflex.glif":"A_circumflex.glif","A_dieresis.glif":"A_dieresis.glif","A_grave.glif":"A_grave.glif","A_lpha.glif":"A_lpha.glif","A_lphatonos.glif":"A_lphatonos.glif","A_macron.glif":"A_macron.glif","A_ogonek.glif":"A_ogonek.glif","A_ring.glif":"A_ring.glif","A_ringacute.glif":"A_ringacute.glif","A_tilde.glif":"A_tilde.glif","B_.glif":"B_.glif","B_eta.glif":"B_eta.glif","C_.glif":"C_.glif","C_acute.glif":"C_acute.glif","C_caron.glif":"C_caron.glif","C_cedilla.glif":"C_cedilla.glif","C_circumflex.glif":"C_circumflex.glif","C_dot.glif":"C_dot.glif","C_hi.glif":"C_hi.glif","D_.glif":"D_.glif","D_caron.glif":"D_caron.glif","D_elta.glif":"D_elta.glif","D_slash.glif":"D_slash.glif","E_.glif":"E_.glif","E_acute.glif":"E_acute.glif","E_breve.glif":"E_breve.glif","E_caron.glif":"E_caron.glif","E_circumflex.glif":"E_circumflex.glif","E_dieresis.glif":"E_dieresis.glif","E_dot.glif":"E_dot.glif","E_grave.glif":"E_grave.glif","E_macron.glif":"E_macron.glif","E_ng.glif":"E_ng.glif","E_ogonek.glif":"E_ogonek.glif","E_psilon.glif":"E_psilon.glif","E_psilontonos.glif":"E_psilontonos.glif","E_ta.glif":"E_ta.glif","E_tatonos.glif":"E_tatonos.glif","E_th.glif":"E_th.glif","E_uro.glif":"E_uro.glif","F_.glif":"F_.glif","G_.glif":"G_.glif","G_amma.glif":"G_amma.glif","G_breve.glif":"G_breve.glif","G_cedilla.glif":"G_cedilla.glif","G_circumflex.glif":"G_circumflex.glif","G_dot.glif":"G_dot.glif","H_.glif":"H_.glif","H_18533.glif":"H_18533.glif","H_18543.glif":"H_18543.glif","H_18551.glif":"H_18551.glif","H_22073.glif":"H_22073.glif","H_bar.glif":"H_bar.glif","H_circumflex.glif":"H_circumflex.glif","I_.glif":"I_.glif","I_J_.glif":"I_J_.glif","I_acute.glif":"I_acute.glif","I_breve.glif":"I_breve.glif","I_circumflex.glif":"I_circumflex.glif","I_dieresis.glif":"I_dieresis.glif","I_dot.glif":"I_dot.glif","I_grave.glif":"I_grave.glif","I_macron.glif":"I_macron.glif","I_ogonek.glif":"I_ogonek.glif","I_ota.glif":"I_ota.glif","I_otadieresis.glif":"I_otadieresis.glif","I_otatonos.glif":"I_otatonos.glif","I_tilde.glif":"I_tilde.glif","J_.glif":"J_.glif","J_circumflex.glif":"J_circumflex.glif","K_.glif":"K_.glif","K_appa.glif":"K_appa.glif","K_cedilla.glif":"K_cedilla.glif","L_.glif":"L_.glif","L_acute.glif":"L_acute.glif","L_ambda.glif":"L_ambda.glif","L_caron.glif":"L_caron.glif","L_cedilla.glif":"L_cedilla.glif","L_dot.glif":"L_dot.glif","L_slash.glif":"L_slash.glif","M_.glif":"M_.glif","M_u.glif":"M_u.glif","N_.glif":"N_.glif","N_acute.glif":"N_acute.glif","N_caron.glif":"N_caron.glif","N_cedilla.glif":"N_cedilla.glif","N_tilde.glif":"N_tilde.glif","N_u.glif":"N_u.glif","O_.glif":"O_.glif","O_E_.glif":"O_E_.glif","O_acute.glif":"O_acute.glif","O_breve.glif":"O_breve.glif","O_circumflex.glif":"O_circumflex.glif","O_dblacute.glif":"O_dblacute.glif","O_dieresis.glif":"O_dieresis.glif","O_grave.glif":"O_grave.glif","O_hm.glif":"O_hm.glif","O_macron.glif":"O_macron.glif","O_mega.glif":"O_mega.glif","O_megatonos.glif":"O_megatonos.glif","O_micron.glif":"O_micron.glif","O_microntonos.glif":"O_microntonos.glif","O_slash.glif":"O_slash.glif","O_slashacute.glif":"O_slashacute.glif","O_tilde.glif":"O_tilde.glif","P_.glif":"P_.glif","P_hi.glif":"P_hi.glif","P_i.glif":"P_i.glif","P_si.glif":"P_si.glif","Q_.glif":"Q_.glif","R_.glif":"R_.glif","R_acute.glif":"R_acute.glif","R_caron.glif":"R_caron.glif","R_cedilla.glif":"R_cedilla.glif","R_ho.glif":"R_ho.glif","S_.glif":"S_.glif","S_F_010000.glif":"S_F_010000.glif","S_F_020000.glif":"S_F_020000.glif","S_F_030000.glif":"S_F_030000.glif","S_F_040000.glif":"S_F_040000.glif","S_F_050000.glif":"S_F_050000.glif","S_F_060000.glif":"S_F_060000.glif","S_F_070000.glif":"S_F_070000.glif","S_F_080000.glif":"S_F_080000.glif","S_F_090000.glif":"S_F_090000.glif","S_F_100000.glif":"S_F_100000.glif","S_F_110000.glif":"S_F_110000.glif","S_F_190000.glif":"S_F_190000.glif","S_F_200000.glif":"S_F_200000.glif","S_F_210000.glif":"S_F_210000.glif","S_F_220000.glif":"S_F_220000.glif","S_F_230000.glif":"S_F_230000.glif","S_F_240000.glif":"S_F_240000.glif","S_F_250000.glif":"S_F_250000.glif","S_F_260000.glif":"S_F_260000.glif","S_F_270000.glif":"S_F_270000.glif","S_F_280000.glif":"S_F_280000.glif","S_F_360000.glif":"S_F_360000.glif","S_F_370000.glif":"S_F_370000.glif","S_F_380000.glif":"S_F_380000.glif","S_F_390000.glif":"S_F_390000.glif","S_F_400000.glif":"S_F_400000.glif","S_F_410000.glif":"S_F_410000.glif","S_F_420000.glif":"S_F_420000.glif","S_F_430000.glif":"S_F_430000.glif","S_F_440000.glif":"S_F_440000.glif","S_F_450000.glif":"S_F_450000.glif","S_F_460000.glif":"S_F_460000.glif","S_F_470000.glif":"S_F_470000.glif","S_F_480000.glif":"S_F_480000.glif","S_F_490000.glif":"S_F_490000.glif","S_F_500000.glif":"S_F_500000.glif","S_F_510000.glif":"S_F_510000.glif","S_F_520000.glif":"S_F_520000.glif","S_F_530000.glif":"S_F_530000.glif","S_F_540000.glif":"S_F_540000.glif","S_acute.glif":"S_acute.glif","S_caron.glif":"S_caron.glif","S_cedilla.glif":"S_cedilla.glif","S_circumflex.glif":"S_circumflex.glif","S_igma.glif":"S_igma.glif","T_.glif":"T_.glif","T_au.glif":"T_au.glif","T_bar.glif":"T_bar.glif","T_caron.glif":"T_caron.glif","T_cedilla.glif":"T_cedilla.glif","T_heta.glif":"T_heta.glif","T_horn.glif":"T_horn.glif","U_.glif":"U_.glif","U_acute.glif":"U_acute.glif","U_breve.glif":"U_breve.glif","U_circumflex.glif":"U_circumflex.glif","U_dblacute.glif":"U_dblacute.glif","U_dieresis.glif":"U_dieresis.glif","U_grave.glif":"U_grave.glif","U_macron.glif":"U_macron.glif","U_ogonek.glif":"U_ogonek.glif","U_psilon.glif":"U_psilon.glif","U_psilondieresis.glif":"U_psilondieresis.glif","U_psilontonos.glif":"U_psilontonos.glif","U_ring.glif":"U_ring.glif","U_tilde.glif":"U_tilde.glif","V_.glif":"V_.glif","W_.glif":"W_.glif","W_acute.glif":"W_acute.glif","W_circumflex.glif":"W_circumflex.glif","W_dieresis.glif":"W_dieresis.glif","W_grave.glif":"W_grave.glif","X_.glif":"X_.glif","X_i.glif":"X_i.glif","Y_.glif":"Y_.glif","Y_acute.glif":"Y_acute.glif","Y_circumflex.glif":"Y_circumflex.glif","Y_dieresis.glif":"Y_dieresis.glif","Y_grave.glif":"Y_grave.glif","Z_.glif":"Z_.glif","Z_acute.glif":"Z_acute.glif","Z_caron.glif":"Z_caron.glif","Z_dot.glif":"Z_dot.glif","Z_eta.glif":"Z_eta.glif","_notdef.glif":"_notdef.glif","_null.glif":"_null.glif","a.glif":"a.glif","aacute.glif":"aacute.glif","abreve.glif":"abreve.glif","acircumflex.glif":"acircumflex.glif","acute.glif":"acute.glif","adieresis.glif":"adieresis.glif","ae.glif":"ae.glif","aeacute.glif":"aeacute.glif","afii00208.glif":"afii00208.glif","afii08941.glif":"afii08941.glif","afii10017.glif":"afii10017.glif","afii10018.glif":"afii10018.glif","afii10019.glif":"afii10019.glif","afii10020.glif":"afii10020.glif","afii10021.glif":"afii10021.glif","afii10022.glif":"afii10022.glif","afii10023.glif":"afii10023.glif","afii10024.glif":"afii10024.glif","afii10025.glif":"afii10025.glif","afii10026.glif":"afii10026.glif","afii10027.glif":"afii10027.glif","afii10028.glif":"afii10028.glif","afii10029.glif":"afii10029.glif","afii10030.glif":"afii10030.glif","afii10031.glif":"afii10031.glif","afii10032.glif":"afii10032.glif","afii10033.glif":"afii10033.glif","afii10034.glif":"afii10034.glif","afii10035.glif":"afii10035.glif","afii10036.glif":"afii10036.glif","afii10037.glif":"afii10037.glif","afii10038.glif":"afii10038.glif","afii10039.glif":"afii10039.glif","afii10040.glif":"afii10040.glif","afii10041.glif":"afii10041.glif","afii10042.glif":"afii10042.glif","afii10043.glif":"afii10043.glif","afii10044.glif":"afii10044.glif","afii10045.glif":"afii10045.glif","afii10046.glif":"afii10046.glif","afii10047.glif":"afii10047.glif","afii10048.glif":"afii10048.glif","afii10049.glif":"afii10049.glif","afii10050.glif":"afii10050.glif","afii10051.glif":"afii10051.glif","afii10052.glif":"afii10052.glif","afii10053.glif":"afii10053.glif","afii10054.glif":"afii10054.glif","afii10055.glif":"afii10055.glif","afii10056.glif":"afii10056.glif","afii10057.glif":"afii10057.glif","afii10058.glif":"afii10058.glif","afii10059.glif":"afii10059.glif","afii10060.glif":"afii10060.glif","afii10061.glif":"afii10061.glif","afii10062.glif":"afii10062.glif","afii10065.glif":"afii10065.glif","afii10066.glif":"afii10066.glif","afii10067.glif":"afii10067.glif","afii10068.glif":"afii10068.glif","afii10069.glif":"afii10069.glif","afii10070.glif":"afii10070.glif","afii10071.glif":"afii10071.glif","afii10072.glif":"afii10072.glif","afii10073.glif":"afii10073.glif","afii10074.glif":"afii10074.glif","afii10075.glif":"afii10075.glif","afii10076.glif":"afii10076.glif","afii10077.glif":"afii10077.glif","afii10078.glif":"afii10078.glif","afii10079.glif":"afii10079.glif","afii10080.glif":"afii10080.glif","afii10081.glif":"afii10081.glif","afii10082.glif":"afii10082.glif","afii10083.glif":"afii10083.glif","afii10084.glif":"afii10084.glif","afii10085.glif":"afii10085.glif","afii10086.glif":"afii10086.glif","afii10087.glif":"afii10087.glif","afii10088.glif":"afii10088.glif","afii10089.glif":"afii10089.glif","afii10090.glif":"afii10090.glif","afii10091.glif":"afii10091.glif","afii10092.glif":"afii10092.glif","afii10093.glif":"afii10093.glif","afii10094.glif":"afii10094.glif","afii10095.glif":"afii10095.glif","afii10096.glif":"afii10096.glif","afii10097.glif":"afii10097.glif","afii10098.glif":"afii10098.glif","afii10099.glif":"afii10099.glif","afii10100.glif":"afii10100.glif","afii10101.glif":"afii10101.glif","afii10102.glif":"afii10102.glif","afii10103.glif":"afii10103.glif","afii10104.glif":"afii10104.glif","afii10105.glif":"afii10105.glif","afii10106.glif":"afii10106.glif","afii10107.glif":"afii10107.glif","afii10108.glif":"afii10108.glif","afii10109.glif":"afii10109.glif","afii10110.glif":"afii10110.glif","afii10145.glif":"afii10145.glif","afii10193.glif":"afii10193.glif","afii61248.glif":"afii61248.glif","afii61289.glif":"afii61289.glif","afii61352.glif":"afii61352.glif","agrave.glif":"agrave.glif","alpha.glif":"alpha.glif","alphatonos.glif":"alphatonos.glif","amacron.glif":"amacron.glif","ampersand.glif":"ampersand.glif","anoteleia.glif":"anoteleia.glif","aogonek.glif":"aogonek.glif","apple.glif":"apple.glif","approxequal.glif":"approxequal.glif","aring.glif":"aring.glif","aringacute.glif":"aringacute.glif","arrowboth.glif":"arrowboth.glif","arrowdown.glif":"arrowdown.glif","arrowleft.glif":"arrowleft.glif","arrowright.glif":"arrowright.glif","arrowup.glif":"arrowup.glif","arrowupdn.glif":"arrowupdn.glif","arrowupdnbse.glif":"arrowupdnbse.glif","asciicircum.glif":"asciicircum.glif","asciitilde.glif":"asciitilde.glif","asterisk.glif":"asterisk.glif","at.glif":"at.glif","atilde.glif":"atilde.glif","b.glif":"b.glif","backslash.glif":"backslash.glif","bar.glif":"bar.glif","beta.glif":"beta.glif","block.glif":"block.glif","braceleft.glif":"braceleft.glif","braceright.glif":"braceright.glif","bracketleft.glif":"bracketleft.glif","bracketright.glif":"bracketright.glif","breve.glif":"breve.glif","brokenbar.glif":"brokenbar.glif","bullet.glif":"bullet.glif","c.glif":"c.glif","cacute.glif":"cacute.glif","caron.glif":"caron.glif","ccaron.glif":"ccaron.glif","ccedilla.glif":"ccedilla.glif","ccircumflex.glif":"ccircumflex.glif","cdot.glif":"cdot.glif","cedilla.glif":"cedilla.glif","cent.glif":"cent.glif","chi.glif":"chi.glif","circle.glif":"circle.glif","circumflex.glif":"circumflex.glif","club.glif":"club.glif","colon.glif":"colon.glif","comma.glif":"comma.glif","commaaccent.glif":"commaaccent.glif","contents.plist":"contents.plist","copyright.glif":"copyright.glif","currency.glif":"currency.glif","d.glif":"d.glif","dagger.glif":"dagger.glif","daggerdbl.glif":"daggerdbl.glif","dcaron.glif":"dcaron.glif","degree.glif":"degree.glif","delta.glif":"delta.glif","diamond.glif":"diamond.glif","dieresis.glif":"dieresis.glif","dieresistonos.glif":"dieresistonos.glif","divide.glif":"divide.glif","dkshade.glif":"dkshade.glif","dmacron.glif":"dmacron.glif","dnblock.glif":"dnblock.glif","dollar.glif":"dollar.glif","dotaccent.glif":"dotaccent.glif","dotlessi.glif":"dotlessi.glif","e.glif":"e.glif","eacute.glif":"eacute.glif","ebreve.glif":"ebreve.glif","ecaron.glif":"ecaron.glif","ecircumflex.glif":"ecircumflex.glif","edieresis.glif":"edieresis.glif","edot.glif":"edot.glif","egrave.glif":"egrave.glif","eight.glif":"eight.glif","eightsuperior.glif":"eightsuperior.glif","ellipsis.glif":"ellipsis.glif","emacron.glif":"emacron.glif","emdash.glif":"emdash.glif","endash.glif":"endash.glif","eng.glif":"eng.glif","eogonek.glif":"eogonek.glif","epsilon.glif":"epsilon.glif","epsilontonos.glif":"epsilontonos.glif","equal.glif":"equal.glif","equivalence.glif":"equivalence.glif","estimated.glif":"estimated.glif","eta.glif":"eta.glif","etatonos.glif":"etatonos.glif","eth.glif":"eth.glif","exclam.glif":"exclam.glif","exclamdbl.glif":"exclamdbl.glif","exclamdown.glif":"exclamdown.glif","f.glif":"f.glif","female.glif":"female.glif","fi.glif":"fi.glif","filledbox.glif":"filledbox.glif","filledrect.glif":"filledrect.glif","five.glif":"five.glif","fiveeighths.glif":"fiveeighths.glif","fivesuperior.glif":"fivesuperior.glif","fl.glif":"fl.glif","florin.glif":"florin.glif","four.glif":"four.glif","foursuperior.glif":"foursuperior.glif","fraction.glif":"fraction.glif","franc.glif":"franc.glif","g.glif":"g.glif","gamma.glif":"gamma.glif","gbreve.glif":"gbreve.glif","gcedilla.glif":"gcedilla.glif","gcircumflex.glif":"gcircumflex.glif","gdot.glif":"gdot.glif","germandbls.glif":"germandbls.glif","grave.glif":"grave.glif","greater.glif":"greater.glif","greaterequal.glif":"greaterequal.glif","guillemotleft.glif":"guillemotleft.glif","guillemotright.glif":"guillemotright.glif","guilsinglleft.glif":"guilsinglleft.glif","guilsinglright.glif":"guilsinglright.glif","h.glif":"h.glif","hbar.glif":"hbar.glif","hcircumflex.glif":"hcircumflex.glif","heart.glif":"heart.glif","house.glif":"house.glif","hungarumlaut.glif":"hungarumlaut.glif","hyphen.glif":"hyphen.glif","i.glif":"i.glif","iacute.glif":"iacute.glif","ibreve.glif":"ibreve.glif","icircumflex.glif":"icircumflex.glif","idieresis.glif":"idieresis.glif","igrave.glif":"igrave.glif","ij.glif":"ij.glif","imacron.glif":"imacron.glif","increment.glif":"increment.glif","infinity.glif":"infinity.glif","integral.glif":"integral.glif","integralbt.glif":"integralbt.glif","integraltp.glif":"integraltp.glif","intersection.glif":"intersection.glif","invbullet.glif":"invbullet.glif","invcircle.glif":"invcircle.glif","invsmileface.glif":"invsmileface.glif","iogonek.glif":"iogonek.glif","iota.glif":"iota.glif","iotadieresis.glif":"iotadieresis.glif","iotadieresistonos.glif":"iotadieresistonos.glif","iotatonos.glif":"iotatonos.glif","itilde.glif":"itilde.glif","j.glif":"j.glif","jcircumflex.glif":"jcircumflex.glif","k.glif":"k.glif","kappa.glif":"kappa.glif","kcedilla.glif":"kcedilla.glif","kgreenlandic.glif":"kgreenlandic.glif","l.glif":"l.glif","lacute.glif":"lacute.glif","lambda.glif":"lambda.glif","lcaron.glif":"lcaron.glif","lcedilla.glif":"lcedilla.glif","ldot.glif":"ldot.glif","less.glif":"less.glif","lessequal.glif":"lessequal.glif","lfblock.glif":"lfblock.glif","logicalnot.glif":"logicalnot.glif","longs.glif":"longs.glif","lozenge.glif":"lozenge.glif","lslash.glif":"lslash.glif","ltshade.glif":"ltshade.glif","m.glif":"m.glif","macron.glif":"macron.glif","male.glif":"male.glif","middot.glif":"middot.glif","minus.glif":"minus.glif","minute.glif":"minute.glif","mu.glif":"mu.glif","mu1.glif":"mu1.glif","multiply.glif":"multiply.glif","musicalnote.glif":"musicalnote.glif","musicalnotedbl.glif":"musicalnotedbl.glif","n.glif":"n.glif","nacute.glif":"nacute.glif","napostrophe.glif":"napostrophe.glif","nbspace.glif":"nbspace.glif","ncaron.glif":"ncaron.glif","ncedilla.glif":"ncedilla.glif","nine.glif":"nine.glif","noG_amma.glif":"noG_amma.glif","noP_hi.glif":"noP_hi.glif","noT_heta.glif":"noT_heta.glif","noalpha.glif":"noalpha.glif","nodelta.glif":"nodelta.glif","noepsilon.glif":"noepsilon.glif","nonmarkingreturn.glif":"nonmarkingreturn.glif","nophi.glif":"nophi.glif","nosigma.glif":"nosigma.glif","notau.glif":"notau.glif","notequal.glif":"notequal.glif","nsuperior.glif":"nsuperior.glif","ntilde.glif":"ntilde.glif","nu.glif":"nu.glif","numbersign.glif":"numbersign.glif","o.glif":"o.glif","oacute.glif":"oacute.glif","obreve.glif":"obreve.glif","ocircumflex.glif":"ocircumflex.glif","odblacute.glif":"odblacute.glif","odieresis.glif":"odieresis.glif","oe.glif":"oe.glif","ogonek.glif":"ogonek.glif","ograve.glif":"ograve.glif","omacron.glif":"omacron.glif","omega.glif":"omega.glif","omegatonos.glif":"omegatonos.glif","omicron.glif":"omicron.glif","omicrontonos.glif":"omicrontonos.glif","one.glif":"one.glif","oneeighth.glif":"oneeighth.glif","onehalf.glif":"onehalf.glif","onequarter.glif":"onequarter.glif","onesuperior.glif":"onesuperior.glif","openbullet.glif":"openbullet.glif","ordfeminine.glif":"ordfeminine.glif","ordmasculine.glif":"ordmasculine.glif","orthogonal.glif":"orthogonal.glif","oslash.glif":"oslash.glif","oslashacute.glif":"oslashacute.glif","otilde.glif":"otilde.glif","overscore.glif":"overscore.glif","p.glif":"p.glif","paragraph.glif":"paragraph.glif","parenleft.glif":"parenleft.glif","parenright.glif":"parenright.glif","partialdiff.glif":"partialdiff.glif","percent.glif":"percent.glif","period.glif":"period.glif","periodcentered.glif":"periodcentered.glif","perthousand.glif":"perthousand.glif","peseta.glif":"peseta.glif","phi.glif":"phi.glif","pi.glif":"pi.glif","pi1.glif":"pi1.glif","plus.glif":"plus.glif","plusminus.glif":"plusminus.glif","product.glif":"product.glif","psi.glif":"psi.glif","q.glif":"q.glif","question.glif":"question.glif","questiondown.glif":"questiondown.glif","quotedbl.glif":"quotedbl.glif","quotedblbase.glif":"quotedblbase.glif","quotedblleft.glif":"quotedblleft.glif","quotedblright.glif":"quotedblright.glif","quoteleft.glif":"quoteleft.glif","quotereversed.glif":"quotereversed.glif","quoteright.glif":"quoteright.glif","quotesinglbase.glif":"quotesinglbase.glif","quotesingle.glif":"quotesingle.glif","r.glif":"r.glif","racute.glif":"racute.glif","radical.glif":"radical.glif","radicalex.glif":"radicalex.glif","rcaron.glif":"rcaron.glif","rcedilla.glif":"rcedilla.glif","registered.glif":"registered.glif","revlogicalnot.glif":"revlogicalnot.glif","rho.glif":"rho.glif","ring.glif":"ring.glif","rtblock.glif":"rtblock.glif","s.glif":"s.glif","sacute.glif":"sacute.glif","scaron.glif":"scaron.glif","scedilla.glif":"scedilla.glif","scircumflex.glif":"scircumflex.glif","second.glif":"second.glif","section.glif":"section.glif","semicolon.glif":"semicolon.glif","seven.glif":"seven.glif","seveneighths.glif":"seveneighths.glif","sevensuperior.glif":"sevensuperior.glif","shade.glif":"shade.glif","sigma.glif":"sigma.glif","sigma1.glif":"sigma1.glif","six.glif":"six.glif","slash.glif":"slash.glif","smileface.glif":"smileface.glif","space.glif":"space.glif","spade.glif":"spade.glif","sterling.glif":"sterling.glif","summation.glif":"summation.glif","sun.glif":"sun.glif","t.glif":"t.glif","tau.glif":"tau.glif","tbar.glif":"tbar.glif","tcaron.glif":"tcaron.glif","tcedilla.glif":"tcedilla.glif","theta.glif":"theta.glif","thorn.glif":"thorn.glif","three.glif":"three.glif","threeeighths.glif":"threeeighths.glif","threequarters.glif":"threequarters.glif","threesuperior.glif":"threesuperior.glif","tilde.glif":"tilde.glif","tonos.glif":"tonos.glif","trademark.glif":"trademark.glif","triagdn.glif":"triagdn.glif","triaglf.glif":"triaglf.glif","triagrt.glif":"triagrt.glif","triagup.glif":"triagup.glif","two.glif":"two.glif","twosuperior.glif":"twosuperior.glif","u.glif":"u.glif","uacute.glif":"uacute.glif","ubreve.glif":"ubreve.glif","ucircumflex.glif":"ucircumflex.glif","udblacute.glif":"udblacute.glif","udieresis.glif":"udieresis.glif","ugrave.glif":"ugrave.glif","umacron.glif":"umacron.glif","undercommaaccent.glif":"undercommaaccent.glif","underscore.glif":"underscore.glif","underscoredbl.glif":"underscoredbl.glif","uogonek.glif":"uogonek.glif","upblock.glif":"upblock.glif","upsilon.glif":"upsilon.glif","upsilondieresis.glif":"upsilondieresis.glif","upsilondieresistonos.glif":"upsilondieresistonos.glif","upsilontonos.glif":"upsilontonos.glif","uring.glif":"uring.glif","utilde.glif":"utilde.glif","v.glif":"v.glif","w.glif":"w.glif","wacute.glif":"wacute.glif","wcircumflex.glif":"wcircumflex.glif","wdieresis.glif":"wdieresis.glif","wgrave.glif":"wgrave.glif","x.glif":"x.glif","xi.glif":"xi.glif","y.glif":"y.glif","yacute.glif":"yacute.glif","ycircumflex.glif":"ycircumflex.glif","ydieresis.glif":"ydieresis.glif","yen.glif":"yen.glif","ygrave.glif":"ygrave.glif","z.glif":"z.glif","zacute.glif":"zacute.glif","zcaron.glif":"zcaron.glif","zdot.glif":"zdot.glif","zero.glif":"zero.glif","zeta.glif":"zeta.glif"}},"Font":{"uploaded":1482302965.0775,"licence":"gpl3","company":"Chronolabs Cooperative","title":"Century Schoolbook","version":2.001,"date":"Sun Aug 28 08:14:06 2016","creator":"root","type":"1","matrix":"0.000488281 0 0 0.000488281 0 0","named":"CenturySchoolbook","painttype":"0","info":"10 dict dup","name":"Century Schoolbook","family":"Century Schoolbook","weight":"Book","fstype":"0","italicangle":"0","underlineposition":"","underlinethickness":""},"Table":{"FFTM":{"entryLength":16,"tag":"FFTM","checksum":1947018540,"offset":79152,"length":28},"GDEF":{"entryLength":16,"tag":"GDEF","checksum":46792708,"offset":79120,"length":32},"OS\/2":{"entryLength":16,"tag":"OS\/2","checksum":3775760140,"offset":344,"length":86},"cmap":{"entryLength":16,"tag":"cmap","checksum":1235225703,"offset":3104,"length":1912},"gasp":{"entryLength":16,"tag":"gasp","checksum":4294901763,"offset":79112,"length":8},"glyf":{"entryLength":16,"tag":"glyf","checksum":482458988,"offset":6356,"length":66824},"head":{"entryLength":16,"tag":"head","checksum":281367208,"offset":220,"length":54},"hhea":{"entryLength":16,"tag":"hhea","checksum":318507276,"offset":276,"length":36},"hmtx":{"entryLength":16,"tag":"hmtx","checksum":3392133401,"offset":432,"length":2670},"loca":{"entryLength":16,"tag":"loca","checksum":2165555718,"offset":5016,"length":1340},"maxp":{"entryLength":16,"tag":"maxp","checksum":52494704,"offset":312,"length":32},"name":{"entryLength":16,"tag":"name","checksum":1402574109,"offset":73180,"length":939},"post":{"entryLength":16,"tag":"post","checksum":3194757663,"offset":74120,"length":4989}},"UnicodeCharMap":{"0":1,"13":2,"32":3,"33":4,"34":5,"35":6,"36":7,"37":8,"38":9,"39":10,"40":11,"41":12,"42":13,"43":14,"44":15,"45":16,"46":17,"47":18,"48":19,"49":20,"50":21,"51":22,"52":23,"53":24,"54":25,"55":26,"56":27,"57":28,"58":29,"59":30,"60":31,"61":32,"62":33,"63":34,"64":35,"65":36,"66":37,"67":38,"68":39,"69":40,"70":41,"71":42,"72":43,"73":44,"74":45,"75":46,"76":47,"77":48,"78":49,"79":50,"80":51,"81":52,"82":53,"83":54,"84":55,"85":56,"86":57,"87":58,"88":59,"89":60,"90":61,"91":62,"92":63,"93":64,"94":65,"95":66,"96":67,"97":68,"98":69,"99":70,"100":71,"101":72,"102":73,"103":74,"104":75,"105":76,"106":77,"107":78,"108":79,"109":80,"110":81,"111":82,"112":83,"113":84,"114":85,"115":86,"116":87,"117":88,"118":89,"119":90,"120":91,"121":92,"122":93,"123":94,"124":95,"125":96,"126":97,"160":98,"161":99,"162":100,"163":101,"164":102,"165":103,"166":104,"167":105,"168":106,"169":107,"170":108,"171":109,"172":110,"174":111,"175":112,"176":113,"177":114,"178":115,"179":116,"180":117,"181":118,"182":119,"183":120,"184":121,"185":122,"186":123,"187":124,"188":125,"189":126,"190":127,"191":128,"192":129,"193":130,"194":131,"195":132,"196":133,"197":134,"198":135,"199":136,"200":137,"201":138,"202":139,"203":140,"204":141,"205":142,"206":143,"207":144,"208":145,"209":146,"210":147,"211":148,"212":149,"213":150,"214":151,"215":152,"216":153,"217":154,"218":155,"219":156,"220":157,"221":158,"222":159,"223":160,"224":161,"225":162,"226":163,"227":164,"228":165,"229":166,"230":167,"231":168,"232":169,"233":170,"234":171,"235":172,"236":173,"237":174,"238":175,"239":176,"240":177,"241":178,"242":179,"243":180,"244":181,"245":182,"246":183,"247":184,"248":185,"249":186,"250":187,"251":188,"252":189,"253":190,"254":191,"255":192,"256":339,"257":340,"258":262,"259":263,"260":264,"261":265,"262":256,"263":257,"264":341,"265":342,"266":343,"267":344,"268":258,"269":259,"270":266,"271":267,"272":268,"273":260,"274":345,"275":346,"276":347,"277":348,"278":349,"279":350,"280":269,"281":270,"282":271,"283":272,"284":351,"285":352,"286":251,"287":252,"288":353,"289":354,"290":355,"291":356,"292":357,"293":358,"294":359,"295":360,"296":361,"297":362,"298":363,"299":364,"300":365,"301":366,"302":367,"303":368,"304":253,"305":233,"306":273,"307":274,"308":369,"309":370,"310":371,"311":372,"312":373,"313":275,"314":276,"315":374,"316":375,"317":277,"318":278,"319":279,"320":280,"321":243,"322":244,"323":281,"324":282,"325":376,"326":377,"327":283,"328":284,"329":285,"330":378,"331":379,"332":380,"333":381,"334":382,"335":383,"336":286,"337":287,"338":211,"339":212,"340":288,"341":289,"342":384,"343":385,"344":290,"345":291,"346":292,"347":293,"348":386,"349":387,"350":254,"351":255,"352":245,"353":246,"354":294,"355":295,"356":296,"357":297,"358":388,"359":389,"360":390,"361":391,"362":392,"363":393,"364":394,"365":395,"366":298,"367":299,"368":300,"369":301,"370":396,"371":397,"372":398,"373":399,"374":400,"375":401,"376":220,"377":302,"378":303,"379":304,"380":305,"381":247,"382":248,"383":402,"402":207,"506":403,"507":404,"508":405,"509":406,"510":407,"511":408,"710":234,"711":242,"728":237,"729":238,"730":239,"731":241,"732":235,"733":240,"900":409,"901":410,"902":411,"903":412,"904":413,"905":414,"906":415,"908":416,"910":417,"911":418,"912":419,"913":420,"914":421,"915":422,"916":423,"917":424,"918":425,"919":426,"920":427,"921":428,"922":429,"923":430,"924":431,"925":432,"926":433,"927":434,"928":435,"929":436,"931":437,"932":438,"933":439,"934":440,"935":441,"936":442,"937":443,"938":444,"939":445,"940":446,"941":447,"942":448,"943":449,"944":450,"945":451,"946":452,"947":453,"948":454,"949":455,"950":456,"951":457,"952":458,"953":459,"954":460,"955":461,"956":462,"957":463,"958":464,"959":465,"960":203,"961":467,"962":468,"963":469,"964":470,"965":471,"966":472,"967":473,"968":474,"969":475,"970":476,"971":477,"972":478,"973":479,"974":480,"982":466,"1025":481,"1026":482,"1027":483,"1028":484,"1029":485,"1030":486,"1031":487,"1032":488,"1033":489,"1034":490,"1035":491,"1036":492,"1038":493,"1039":494,"1040":495,"1041":496,"1042":497,"1043":498,"1044":499,"1045":500,"1046":501,"1047":502,"1048":503,"1049":504,"1050":505,"1051":506,"1052":507,"1053":508,"1054":509,"1055":510,"1056":511,"1057":512,"1058":513,"1059":514,"1060":515,"1061":516,"1062":517,"1063":518,"1064":519,"1065":520,"1066":521,"1067":522,"1068":523,"1069":524,"1070":525,"1071":526,"1072":527,"1073":528,"1074":529,"1075":530,"1076":531,"1077":532,"1078":533,"1079":534,"1080":535,"1081":536,"1082":537,"1083":538,"1084":539,"1085":540,"1086":541,"1087":542,"1088":543,"1089":544,"1090":545,"1091":546,"1092":547,"1093":548,"1094":549,"1095":550,"1096":551,"1097":552,"1098":553,"1099":554,"1100":555,"1101":556,"1102":557,"1103":558,"1105":559,"1106":560,"1107":561,"1108":562,"1109":563,"1110":564,"1111":565,"1112":566,"1113":567,"1114":568,"1115":569,"1116":570,"1118":571,"1119":572,"1168":573,"1169":574,"7808":575,"7809":576,"7810":577,"7811":578,"7812":579,"7813":580,"7922":581,"7923":582,"8211":213,"8212":214,"8213":583,"8215":315,"8216":217,"8217":218,"8218":229,"8219":584,"8220":215,"8221":216,"8222":230,"8224":193,"8225":227,"8226":194,"8230":210,"8240":231,"8242":316,"8243":317,"8249":223,"8250":224,"8252":318,"8260":221,"8308":261,"8309":666,"8311":667,"8312":668,"8319":319,"8355":250,"8356":586,"8359":320,"8364":222,"8453":321,"8467":322,"8470":587,"8482":195,"8486":205,"8494":588,"8539":589,"8540":590,"8541":591,"8542":592,"8592":323,"8593":324,"8594":325,"8595":326,"8596":327,"8597":328,"8616":329,"8706":200,"8710":209,"8719":202,"8721":201,"8722":249,"8730":206,"8734":197,"8735":330,"8745":331,"8747":204,"8776":208,"8800":196,"8801":332,"8804":198,"8805":199,"8962":593,"8976":594,"8992":595,"8993":596,"9472":597,"9474":598,"9484":599,"9488":600,"9492":601,"9496":602,"9500":603,"9508":604,"9516":605,"9524":606,"9532":607,"9552":608,"9553":609,"9554":610,"9555":611,"9556":612,"9557":613,"9558":614,"9559":615,"9560":616,"9561":617,"9562":618,"9563":619,"9564":620,"9565":621,"9566":622,"9567":623,"9568":624,"9569":625,"9570":626,"9571":627,"9572":628,"9573":629,"9574":630,"9575":631,"9576":632,"9577":633,"9578":634,"9579":635,"9580":636,"9600":637,"9604":638,"9608":639,"9612":640,"9616":641,"9617":642,"9618":643,"9619":644,"9632":645,"9633":333,"9642":334,"9643":335,"9644":646,"9650":647,"9658":648,"9660":649,"9668":650,"9674":219,"9675":651,"9679":336,"9688":652,"9689":653,"9702":337,"9786":654,"9787":655,"9788":656,"9792":657,"9794":658,"9824":659,"9827":660,"9829":661,"9830":662,"9834":663,"9835":664,"64257":225,"64258":226},"Reserves":null,"Names":[],"Nodes":{"ce":{"type":"typal","node":"ce","usage":1,"weight":1},"ry":{"type":"typal","node":"ry","usage":1,"weight":1},"sc":{"type":"typal","node":"sc","usage":1,"weight":1},"ok":{"type":"typal","node":"ok","usage":1,"weight":1},"cen":{"type":"typal","node":"cen","usage":1,"weight":1},"ury":{"type":"typal","node":"ury","usage":1,"weight":1},"sch":{"type":"typal","node":"sch","usage":1,"weight":1},"ook":{"type":"typal","node":"ook","usage":1,"weight":1},"cent":{"type":"keys","node":"cent","usage":1,"weight":1},"tury":{"type":"keys","node":"tury","usage":1,"weight":1},"scho":{"type":"keys","node":"scho","usage":1,"weight":1},"book":{"type":"keys","node":"book","usage":1,"weight":1},"centu":{"type":"keys","node":"centu","usage":1,"weight":1},"ntury":{"type":"keys","node":"ntury","usage":1,"weight":1},"schoo":{"type":"keys","node":"schoo","usage":1,"weight":1},"lbook":{"type":"keys","node":"lbook","usage":1,"weight":1},"century":{"type":"fixes","node":"century","usage":1,"weight":1},"schoolbook":{"type":"fixes","node":"schoolbook","usage":1,"weight":1}},"Contributors":[],"FontIdentity":"14c703a241c419cab5a74e2cc9757e25","Bytes":5685338,"Networking":[],"barcode":"qmmgkua7qquac","referee":"ommcwm"}