{"CSS":{"Hatchett":"Hatchett.css"},"FontType":"TrueType","FontCopyright":"Copyright (c) 1995 Solotech Design. All Rights Reserved.","FontName":"Hatchett","FontSubfamily":"Medium","FontSubfamilyID":"FontForge 2.0 : Hatchett : 27-8-2016","FontFullName":"Hatchett","FontVersion":"Version 001.000 ","FontWeight":null,"FontPostscriptName":"Hatchett","Files":{"hatchett.afm":"hatchett.afm","hatchett.bin":"hatchett.bin","hatchett.cef":"hatchett.cef","hatchett.cff":"hatchett.cff","hatchett.cid":"hatchett.cid","hatchett.dfont":"hatchett.dfont","hatchett.eot":"hatchett.eot","hatchett.fon":"hatchett.fon","hatchett.gai":"hatchett.gai","hatchett.gsf":"hatchett.gsf","hatchett.hqx":"hatchett.hqx","hatchett.ik":"hatchett.ik","hatchett.mf":"hatchett.mf","hatchett.otf":"hatchett.otf","hatchett.pcf":"hatchett.pcf","hatchett.pf3":"hatchett.pf3","hatchett.pfa":"hatchett.pfa","hatchett.pfb":"hatchett.pfb","hatchett.php":"hatchett.php","hatchett.pmf":"hatchett.pmf","hatchett.pt3":"hatchett.pt3","hatchett.sfd":"hatchett.sfd","hatchett.svg":"hatchett.svg","hatchett.t42":"hatchett.t42","hatchett.ttd":"hatchett.ttd","hatchett.ttf":"hatchett.ttf","hatchett.ttg":"hatchett.ttg","hatchett.ufm":"hatchett.ufm","hatchett.woff":"hatchett.woff","hatchett.z":"hatchett.z","":{"hatchett.afm":"hatchett.afm","hatchett.bin":"hatchett.bin","hatchett.cef":"hatchett.cef","hatchett.cff":"hatchett.cff","hatchett.cid":"hatchett.cid","hatchett.dfont":"hatchett.dfont","hatchett.eot":"hatchett.eot","hatchett.fon":"hatchett.fon","hatchett.gai":"hatchett.gai","hatchett.gsf":"hatchett.gsf","hatchett.hqx":"hatchett.hqx","hatchett.ik":"hatchett.ik","hatchett.mf":"hatchett.mf","hatchett.otf":"hatchett.otf","hatchett.pcf":"hatchett.pcf","hatchett.pf3":"hatchett.pf3","hatchett.pfa":"hatchett.pfa","hatchett.pfb":"hatchett.pfb","hatchett.php":"hatchett.php","hatchett.pmf":"hatchett.pmf","hatchett.pt3":"hatchett.pt3","hatchett.sfd":"hatchett.sfd","hatchett.svg":"hatchett.svg","hatchett.t42":"hatchett.t42","hatchett.ttd":"hatchett.ttd","hatchett.ttf":"hatchett.ttf","hatchett.ttg":"hatchett.ttg","hatchett.ufm":"hatchett.ufm","hatchett.woff":"hatchett.woff","hatchett.z":"hatchett.z"},"\/hatchett.ufo":{"feature.fea":"feature.fea","fontinfo.plist":"fontinfo.plist","groups.plist":"groups.plist","kerning.plist":"kerning.plist","metainfo.plist":"metainfo.plist"},"\/hatchett.ufo\/glyphs":{"A_.glif":"A_.glif","B_.glif":"B_.glif","C_.glif":"C_.glif","D_.glif":"D_.glif","E_.glif":"E_.glif","F_.glif":"F_.glif","G_.glif":"G_.glif","H_.glif":"H_.glif","I_.glif":"I_.glif","J_.glif":"J_.glif","K_.glif":"K_.glif","L_.glif":"L_.glif","M_.glif":"M_.glif","N_.glif":"N_.glif","O_.glif":"O_.glif","P_.glif":"P_.glif","Q_.glif":"Q_.glif","R_.glif":"R_.glif","S_.glif":"S_.glif","T_.glif":"T_.glif","U_.glif":"U_.glif","V_.glif":"V_.glif","W_.glif":"W_.glif","X_.glif":"X_.glif","Y_.glif":"Y_.glif","Z_.glif":"Z_.glif","a.glif":"a.glif","ampersand.glif":"ampersand.glif","asterisk.glif":"asterisk.glif","at.glif":"at.glif","b.glif":"b.glif","bracketleft.glif":"bracketleft.glif","bracketright.glif":"bracketright.glif","c.glif":"c.glif","colon.glif":"colon.glif","comma.glif":"comma.glif","contents.plist":"contents.plist","d.glif":"d.glif","dollar.glif":"dollar.glif","e.glif":"e.glif","eight.glif":"eight.glif","emdash.glif":"emdash.glif","exclam.glif":"exclam.glif","f.glif":"f.glif","five.glif":"five.glif","four.glif":"four.glif","g.glif":"g.glif","h.glif":"h.glif","hyphen.glif":"hyphen.glif","i.glif":"i.glif","j.glif":"j.glif","k.glif":"k.glif","l.glif":"l.glif","m.glif":"m.glif","n.glif":"n.glif","nbspace.glif":"nbspace.glif","nine.glif":"nine.glif","numbersign.glif":"numbersign.glif","o.glif":"o.glif","one.glif":"one.glif","p.glif":"p.glif","parenleft.glif":"parenleft.glif","parenright.glif":"parenright.glif","percent.glif":"percent.glif","period.glif":"period.glif","q.glif":"q.glif","question.glif":"question.glif","quotedbl.glif":"quotedbl.glif","quotedblleft.glif":"quotedblleft.glif","quotedblright.glif":"quotedblright.glif","quoteleft.glif":"quoteleft.glif","quoteright.glif":"quoteright.glif","quotesingle.glif":"quotesingle.glif","r.glif":"r.glif","s.glif":"s.glif","semicolon.glif":"semicolon.glif","seven.glif":"seven.glif","six.glif":"six.glif","slash.glif":"slash.glif","space.glif":"space.glif","t.glif":"t.glif","three.glif":"three.glif","two.glif":"two.glif","u.glif":"u.glif","v.glif":"v.glif","w.glif":"w.glif","x.glif":"x.glif","y.glif":"y.glif","z.glif":"z.glif","zero.glif":"zero.glif"}},"Font":{"uploaded":1472277182.4122,"licence":"gpl3","company":"Chronolabs Cooperative","title":"Hombre","version":2.001,"date":"Fri Aug 12 10:15:27 2016","creator":"root","type":"1","matrix":"0.001 0 0 0.001 0 0","named":"Hombre","painttype":"0","info":"10 dict dup","name":"Hombre","family":"Hombre","weight":"Medium","fstype":"0","italicangle":"0","underlineposition":"","underlinethickness":""},"Table":{"FFTM":{"entryLength":16,"tag":"FFTM","checksum":1944268320,"offset":66456,"length":28},"GDEF":{"entryLength":16,"tag":"GDEF","checksum":8978438,"offset":66424,"length":32},"OS\/2":{"entryLength":16,"tag":"OS\/2","checksum":1456537802,"offset":344,"length":86},"cmap":{"entryLength":16,"tag":"cmap","checksum":2192771854,"offset":800,"length":390},"gasp":{"entryLength":16,"tag":"gasp","checksum":4294901763,"offset":66416,"length":8},"glyf":{"entryLength":16,"tag":"glyf","checksum":4153037619,"offset":1380,"length":64196},"head":{"entryLength":16,"tag":"head","checksum":181205663,"offset":220,"length":54},"hhea":{"entryLength":16,"tag":"hhea","checksum":126026633,"offset":276,"length":36},"hmtx":{"entryLength":16,"tag":"hmtx","checksum":3688037163,"offset":432,"length":368},"loca":{"entryLength":16,"tag":"loca","checksum":1609507402,"offset":1192,"length":186},"maxp":{"entryLength":16,"tag":"maxp","checksum":10682860,"offset":312,"length":32},"name":{"entryLength":16,"tag":"name","checksum":1072003336,"offset":65576,"length":609},"post":{"entryLength":16,"tag":"post","checksum":3484779018,"offset":66188,"length":226}},"UnicodeCharMap":{"32":3,"33":4,"34":5,"35":6,"36":7,"37":8,"38":9,"39":10,"40":11,"41":12,"42":13,"44":14,"45":15,"46":16,"47":17,"48":18,"49":19,"50":20,"51":21,"52":22,"53":23,"54":24,"55":25,"56":26,"57":27,"58":28,"59":29,"63":30,"64":31,"65":32,"66":33,"67":34,"68":35,"69":36,"70":37,"71":38,"72":39,"73":40,"74":41,"75":42,"76":43,"77":44,"78":45,"79":46,"80":47,"81":48,"82":49,"83":50,"84":51,"85":52,"86":53,"87":54,"88":55,"89":56,"90":57,"91":58,"93":59,"97":60,"98":61,"99":62,"100":63,"101":64,"102":65,"103":66,"104":67,"105":68,"106":69,"107":70,"108":71,"109":72,"110":73,"111":74,"112":75,"113":76,"114":77,"115":78,"116":79,"117":80,"118":81,"119":82,"120":83,"121":84,"122":85,"160":86,"8212":91,"8216":88,"8217":87,"8220":89,"8221":90},"Reserves":null,"Names":[],"Nodes":{"ha":{"type":"typal","node":"ha","usage":1,"weight":1},"tt":{"type":"typal","node":"tt","usage":1,"weight":1},"hat":{"type":"typal","node":"hat","usage":1,"weight":1},"ett":{"type":"typal","node":"ett","usage":1,"weight":1},"hatc":{"type":"keys","node":"hatc","usage":1,"weight":1},"hett":{"type":"keys","node":"hett","usage":1,"weight":1},"hatch":{"type":"keys","node":"hatch","usage":1,"weight":1},"chett":{"type":"keys","node":"chett","usage":1,"weight":1},"hatchett":{"type":"fixes","node":"hatchett","usage":1,"weight":1}},"Contributors":[],"FontIdentity":"c0f8e5f0f24f8f555b43ff144389b844","Bytes":4068530,"Networking":[],"barcode":"q5aka8ye5wuo","referee":"soeoeum"}