{"CSS":{"Hatchett":"wagovau:fd359aa7d4c7383f99c057f2.css"},"FontType":"TrueType","FontCopyright":"Copyright (c) 1995 Solotech Design. All Rights Reserved.","FontName":"Hatchett","FontSubfamily":"Medium","FontSubfamilyID":"FontForge 2.0 : Hatchett : 12-8-2016","FontFullName":"Hatchett","FontVersion":"Version 001.000 ","FontWeight":null,"FontPostscriptName":"Hatchett","Files":{"\/Hatchett.css":"\/Hatchett.css","\/font-resource.json":"\/font-resource.json","\/hatchett.afm":"\/hatchett.afm","\/hatchett.cef":"\/hatchett.cef","\/hatchett.cff":"\/hatchett.cff","\/hatchett.eot":"\/hatchett.eot","\/hatchett.gai":"\/hatchett.gai","\/hatchett.gsf":"\/hatchett.gsf","\/hatchett.otf":"\/hatchett.otf","\/hatchett.pf3":"\/hatchett.pf3","\/hatchett.pfa":"\/hatchett.pfa","\/hatchett.pfb":"\/hatchett.pfb","\/hatchett.php":"\/hatchett.php","\/hatchett.pt3":"\/hatchett.pt3","\/hatchett.sfd":"\/hatchett.sfd","\/hatchett.svg":"\/hatchett.svg","\/hatchett.t42":"\/hatchett.t42","\/hatchett.ttd":"\/hatchett.ttd","\/hatchett.ttf":"\/hatchett.ttf","\/hatchett.ttg":"\/hatchett.ttg","\/hatchett.ufm":"\/hatchett.ufm","\/hatchett.woff":"\/hatchett.woff","\/hatchett.z":"\/hatchett.z","\/hatchett.ufo\/feature.fea":"\/hatchett.ufo\/feature.fea","\/hatchett.ufo\/fontinfo.plist":"\/hatchett.ufo\/fontinfo.plist","\/hatchett.ufo\/groups.plist":"\/hatchett.ufo\/groups.plist","\/hatchett.ufo\/kerning.plist":"\/hatchett.ufo\/kerning.plist","\/hatchett.ufo\/metainfo.plist":"\/hatchett.ufo\/metainfo.plist","\/hatchett.ufo\/glyphs\/A_.glif":"\/hatchett.ufo\/glyphs\/A_.glif","\/hatchett.ufo\/glyphs\/B_.glif":"\/hatchett.ufo\/glyphs\/B_.glif","\/hatchett.ufo\/glyphs\/C_.glif":"\/hatchett.ufo\/glyphs\/C_.glif","\/hatchett.ufo\/glyphs\/D_.glif":"\/hatchett.ufo\/glyphs\/D_.glif","\/hatchett.ufo\/glyphs\/E_.glif":"\/hatchett.ufo\/glyphs\/E_.glif","\/hatchett.ufo\/glyphs\/F_.glif":"\/hatchett.ufo\/glyphs\/F_.glif","\/hatchett.ufo\/glyphs\/G_.glif":"\/hatchett.ufo\/glyphs\/G_.glif","\/hatchett.ufo\/glyphs\/H_.glif":"\/hatchett.ufo\/glyphs\/H_.glif","\/hatchett.ufo\/glyphs\/I_.glif":"\/hatchett.ufo\/glyphs\/I_.glif","\/hatchett.ufo\/glyphs\/J_.glif":"\/hatchett.ufo\/glyphs\/J_.glif","\/hatchett.ufo\/glyphs\/K_.glif":"\/hatchett.ufo\/glyphs\/K_.glif","\/hatchett.ufo\/glyphs\/L_.glif":"\/hatchett.ufo\/glyphs\/L_.glif","\/hatchett.ufo\/glyphs\/M_.glif":"\/hatchett.ufo\/glyphs\/M_.glif","\/hatchett.ufo\/glyphs\/N_.glif":"\/hatchett.ufo\/glyphs\/N_.glif","\/hatchett.ufo\/glyphs\/O_.glif":"\/hatchett.ufo\/glyphs\/O_.glif","\/hatchett.ufo\/glyphs\/P_.glif":"\/hatchett.ufo\/glyphs\/P_.glif","\/hatchett.ufo\/glyphs\/Q_.glif":"\/hatchett.ufo\/glyphs\/Q_.glif","\/hatchett.ufo\/glyphs\/R_.glif":"\/hatchett.ufo\/glyphs\/R_.glif","\/hatchett.ufo\/glyphs\/S_.glif":"\/hatchett.ufo\/glyphs\/S_.glif","\/hatchett.ufo\/glyphs\/T_.glif":"\/hatchett.ufo\/glyphs\/T_.glif","\/hatchett.ufo\/glyphs\/U_.glif":"\/hatchett.ufo\/glyphs\/U_.glif","\/hatchett.ufo\/glyphs\/V_.glif":"\/hatchett.ufo\/glyphs\/V_.glif","\/hatchett.ufo\/glyphs\/W_.glif":"\/hatchett.ufo\/glyphs\/W_.glif","\/hatchett.ufo\/glyphs\/X_.glif":"\/hatchett.ufo\/glyphs\/X_.glif","\/hatchett.ufo\/glyphs\/Y_.glif":"\/hatchett.ufo\/glyphs\/Y_.glif","\/hatchett.ufo\/glyphs\/Z_.glif":"\/hatchett.ufo\/glyphs\/Z_.glif","\/hatchett.ufo\/glyphs\/a.glif":"\/hatchett.ufo\/glyphs\/a.glif","\/hatchett.ufo\/glyphs\/ampersand.glif":"\/hatchett.ufo\/glyphs\/ampersand.glif","\/hatchett.ufo\/glyphs\/asterisk.glif":"\/hatchett.ufo\/glyphs\/asterisk.glif","\/hatchett.ufo\/glyphs\/at.glif":"\/hatchett.ufo\/glyphs\/at.glif","\/hatchett.ufo\/glyphs\/b.glif":"\/hatchett.ufo\/glyphs\/b.glif","\/hatchett.ufo\/glyphs\/bracketleft.glif":"\/hatchett.ufo\/glyphs\/bracketleft.glif","\/hatchett.ufo\/glyphs\/bracketright.glif":"\/hatchett.ufo\/glyphs\/bracketright.glif","\/hatchett.ufo\/glyphs\/c.glif":"\/hatchett.ufo\/glyphs\/c.glif","\/hatchett.ufo\/glyphs\/colon.glif":"\/hatchett.ufo\/glyphs\/colon.glif","\/hatchett.ufo\/glyphs\/comma.glif":"\/hatchett.ufo\/glyphs\/comma.glif","\/hatchett.ufo\/glyphs\/contents.plist":"\/hatchett.ufo\/glyphs\/contents.plist","\/hatchett.ufo\/glyphs\/d.glif":"\/hatchett.ufo\/glyphs\/d.glif","\/hatchett.ufo\/glyphs\/dollar.glif":"\/hatchett.ufo\/glyphs\/dollar.glif","\/hatchett.ufo\/glyphs\/e.glif":"\/hatchett.ufo\/glyphs\/e.glif","\/hatchett.ufo\/glyphs\/eight.glif":"\/hatchett.ufo\/glyphs\/eight.glif","\/hatchett.ufo\/glyphs\/emdash.glif":"\/hatchett.ufo\/glyphs\/emdash.glif","\/hatchett.ufo\/glyphs\/exclam.glif":"\/hatchett.ufo\/glyphs\/exclam.glif","\/hatchett.ufo\/glyphs\/f.glif":"\/hatchett.ufo\/glyphs\/f.glif","\/hatchett.ufo\/glyphs\/five.glif":"\/hatchett.ufo\/glyphs\/five.glif","\/hatchett.ufo\/glyphs\/four.glif":"\/hatchett.ufo\/glyphs\/four.glif","\/hatchett.ufo\/glyphs\/g.glif":"\/hatchett.ufo\/glyphs\/g.glif","\/hatchett.ufo\/glyphs\/h.glif":"\/hatchett.ufo\/glyphs\/h.glif","\/hatchett.ufo\/glyphs\/hyphen.glif":"\/hatchett.ufo\/glyphs\/hyphen.glif","\/hatchett.ufo\/glyphs\/i.glif":"\/hatchett.ufo\/glyphs\/i.glif","\/hatchett.ufo\/glyphs\/j.glif":"\/hatchett.ufo\/glyphs\/j.glif","\/hatchett.ufo\/glyphs\/k.glif":"\/hatchett.ufo\/glyphs\/k.glif","\/hatchett.ufo\/glyphs\/l.glif":"\/hatchett.ufo\/glyphs\/l.glif","\/hatchett.ufo\/glyphs\/m.glif":"\/hatchett.ufo\/glyphs\/m.glif","\/hatchett.ufo\/glyphs\/n.glif":"\/hatchett.ufo\/glyphs\/n.glif","\/hatchett.ufo\/glyphs\/nbspace.glif":"\/hatchett.ufo\/glyphs\/nbspace.glif","\/hatchett.ufo\/glyphs\/nine.glif":"\/hatchett.ufo\/glyphs\/nine.glif","\/hatchett.ufo\/glyphs\/numbersign.glif":"\/hatchett.ufo\/glyphs\/numbersign.glif","\/hatchett.ufo\/glyphs\/o.glif":"\/hatchett.ufo\/glyphs\/o.glif","\/hatchett.ufo\/glyphs\/one.glif":"\/hatchett.ufo\/glyphs\/one.glif","\/hatchett.ufo\/glyphs\/p.glif":"\/hatchett.ufo\/glyphs\/p.glif","\/hatchett.ufo\/glyphs\/parenleft.glif":"\/hatchett.ufo\/glyphs\/parenleft.glif","\/hatchett.ufo\/glyphs\/parenright.glif":"\/hatchett.ufo\/glyphs\/parenright.glif","\/hatchett.ufo\/glyphs\/percent.glif":"\/hatchett.ufo\/glyphs\/percent.glif","\/hatchett.ufo\/glyphs\/period.glif":"\/hatchett.ufo\/glyphs\/period.glif","\/hatchett.ufo\/glyphs\/q.glif":"\/hatchett.ufo\/glyphs\/q.glif","\/hatchett.ufo\/glyphs\/question.glif":"\/hatchett.ufo\/glyphs\/question.glif","\/hatchett.ufo\/glyphs\/quotedbl.glif":"\/hatchett.ufo\/glyphs\/quotedbl.glif","\/hatchett.ufo\/glyphs\/quotedblleft.glif":"\/hatchett.ufo\/glyphs\/quotedblleft.glif","\/hatchett.ufo\/glyphs\/quotedblright.glif":"\/hatchett.ufo\/glyphs\/quotedblright.glif","\/hatchett.ufo\/glyphs\/quoteleft.glif":"\/hatchett.ufo\/glyphs\/quoteleft.glif","\/hatchett.ufo\/glyphs\/quoteright.glif":"\/hatchett.ufo\/glyphs\/quoteright.glif","\/hatchett.ufo\/glyphs\/quotesingle.glif":"\/hatchett.ufo\/glyphs\/quotesingle.glif","\/hatchett.ufo\/glyphs\/r.glif":"\/hatchett.ufo\/glyphs\/r.glif","\/hatchett.ufo\/glyphs\/s.glif":"\/hatchett.ufo\/glyphs\/s.glif","\/hatchett.ufo\/glyphs\/semicolon.glif":"\/hatchett.ufo\/glyphs\/semicolon.glif","\/hatchett.ufo\/glyphs\/seven.glif":"\/hatchett.ufo\/glyphs\/seven.glif","\/hatchett.ufo\/glyphs\/six.glif":"\/hatchett.ufo\/glyphs\/six.glif","\/hatchett.ufo\/glyphs\/slash.glif":"\/hatchett.ufo\/glyphs\/slash.glif","\/hatchett.ufo\/glyphs\/space.glif":"\/hatchett.ufo\/glyphs\/space.glif","\/hatchett.ufo\/glyphs\/t.glif":"\/hatchett.ufo\/glyphs\/t.glif","\/hatchett.ufo\/glyphs\/three.glif":"\/hatchett.ufo\/glyphs\/three.glif","\/hatchett.ufo\/glyphs\/two.glif":"\/hatchett.ufo\/glyphs\/two.glif","\/hatchett.ufo\/glyphs\/u.glif":"\/hatchett.ufo\/glyphs\/u.glif","\/hatchett.ufo\/glyphs\/v.glif":"\/hatchett.ufo\/glyphs\/v.glif","\/hatchett.ufo\/glyphs\/w.glif":"\/hatchett.ufo\/glyphs\/w.glif","\/hatchett.ufo\/glyphs\/x.glif":"\/hatchett.ufo\/glyphs\/x.glif","\/hatchett.ufo\/glyphs\/y.glif":"\/hatchett.ufo\/glyphs\/y.glif","\/hatchett.ufo\/glyphs\/z.glif":"\/hatchett.ufo\/glyphs\/z.glif","\/hatchett.ufo\/glyphs\/zero.glif":"\/hatchett.ufo\/glyphs\/zero.glif"},"Font":{"uploaded":1471019795.0051,"licence":"gpl3","company":"Chronolabs Cooperative","title":"Hatchett","version":3.002,"date":"Fri Aug 12 10:15:36 2016","creator":"root","type":"1","matrix":"0.001 0 0 0.001 0 0","named":"Hatchett","painttype":"0","info":"10 dict dup","name":"Hatchett","family":"Hatchett","weight":"Medium","fstype":"0","italicangle":"0","underlineposition":"","underlinethickness":""},"Licences":{"":false},"Table":{"FFTM":{"entryLength":16,"tag":"FFTM","checksum":1944369120,"offset":66456,"length":28},"GDEF":{"entryLength":16,"tag":"GDEF","checksum":8978438,"offset":66424,"length":32},"OS\/2":{"entryLength":16,"tag":"OS\/2","checksum":1456537802,"offset":344,"length":86},"cmap":{"entryLength":16,"tag":"cmap","checksum":2192771854,"offset":800,"length":390},"gasp":{"entryLength":16,"tag":"gasp","checksum":4294901763,"offset":66416,"length":8},"glyf":{"entryLength":16,"tag":"glyf","checksum":4153037619,"offset":1380,"length":64196},"head":{"entryLength":16,"tag":"head","checksum":178690153,"offset":220,"length":54},"hhea":{"entryLength":16,"tag":"hhea","checksum":126026633,"offset":276,"length":36},"hmtx":{"entryLength":16,"tag":"hmtx","checksum":3688037163,"offset":432,"length":368},"loca":{"entryLength":16,"tag":"loca","checksum":1609507402,"offset":1192,"length":186},"maxp":{"entryLength":16,"tag":"maxp","checksum":10682860,"offset":312,"length":32},"name":{"entryLength":16,"tag":"name","checksum":1055224579,"offset":65576,"length":609},"post":{"entryLength":16,"tag":"post","checksum":3484779018,"offset":66188,"length":226}},"UnicodeCharMap":{"32":3,"33":4,"34":5,"35":6,"36":7,"37":8,"38":9,"39":10,"40":11,"41":12,"42":13,"44":14,"45":15,"46":16,"47":17,"48":18,"49":19,"50":20,"51":21,"52":22,"53":23,"54":24,"55":25,"56":26,"57":27,"58":28,"59":29,"63":30,"64":31,"65":32,"66":33,"67":34,"68":35,"69":36,"70":37,"71":38,"72":39,"73":40,"74":41,"75":42,"76":43,"77":44,"78":45,"79":46,"80":47,"81":48,"82":49,"83":50,"84":51,"85":52,"86":53,"87":54,"88":55,"89":56,"90":57,"91":58,"93":59,"97":60,"98":61,"99":62,"100":63,"101":64,"102":65,"103":66,"104":67,"105":68,"106":69,"107":70,"108":71,"109":72,"110":73,"111":74,"112":75,"113":76,"114":77,"115":78,"116":79,"117":80,"118":81,"119":82,"120":83,"121":84,"122":85,"160":86,"8212":91,"8216":88,"8217":87,"8220":89,"8221":90},"Reserves":{"fontname":"Hatchett"},"Names":{"Hatchett":{"name":"Hatchett","longitude":"0.00000001","latitude":"0.00000001","country":"","region":"","city":""}},"Nodes":{"ha":{"type":"typal","node":"ha","usage":1,"weight":1},"tt":{"type":"typal","node":"tt","usage":1,"weight":1},"hat":{"type":"typal","node":"hat","usage":1,"weight":1},"ett":{"type":"typal","node":"ett","usage":1,"weight":1},"hatc":{"type":"keys","node":"hatc","usage":1,"weight":1},"hett":{"type":"keys","node":"hett","usage":1,"weight":1},"hatch":{"type":"keys","node":"hatch","usage":1,"weight":1},"chett":{"type":"keys","node":"chett","usage":1,"weight":1},"hatchett":{"type":"fixes","node":"hatchett","usage":1,"weight":1}},"Contributors":[],"FontIdentity":"wagovau:fd359aa7d4c7383f99c057f2","Bytes":null,"Networking":[],"barcode":"AK3qW7Oqmqekm","referee":"auiq2oa-2"}