{"CSS":{"Tamago":"Tamago.css"},"FontType":"TrueType","FontCopyright":"Copyright 1994 NovelFonts! Corporation","FontName":"Tamago","FontSubfamily":"Book","FontSubfamilyID":"FontForge 2.0 : Tamago : 23-10-2016","FontFullName":"Tamago","FontVersion":"Version Altsys Fontographer  ","FontWeight":null,"FontPostscriptName":"Tamago","Files":{"tamago.afm":"tamago.afm","tamago.bin":"tamago.bin","tamago.cef":"tamago.cef","tamago.cff":"tamago.cff","tamago.cid":"tamago.cid","tamago.dfont":"tamago.dfont","tamago.eot":"tamago.eot","tamago.fon":"tamago.fon","tamago.gai":"tamago.gai","tamago.gsf":"tamago.gsf","tamago.hqx":"tamago.hqx","tamago.ik":"tamago.ik","tamago.mf":"tamago.mf","tamago.otf":"tamago.otf","tamago.pcf":"tamago.pcf","tamago.pf3":"tamago.pf3","tamago.pfa":"tamago.pfa","tamago.pfb":"tamago.pfb","tamago.php":"tamago.php","tamago.pmf":"tamago.pmf","tamago.pt3":"tamago.pt3","tamago.sfd":"tamago.sfd","tamago.svg":"tamago.svg","tamago.t42":"tamago.t42","tamago.ttd":"tamago.ttd","tamago.ttf":"tamago.ttf","tamago.ttg":"tamago.ttg","tamago.ufm":"tamago.ufm","tamago.woff":"tamago.woff","tamago.z":"tamago.z","":{"tamago.afm":"tamago.afm","tamago.bin":"tamago.bin","tamago.cef":"tamago.cef","tamago.cff":"tamago.cff","tamago.cid":"tamago.cid","tamago.dfont":"tamago.dfont","tamago.eot":"tamago.eot","tamago.fon":"tamago.fon","tamago.gai":"tamago.gai","tamago.gsf":"tamago.gsf","tamago.hqx":"tamago.hqx","tamago.ik":"tamago.ik","tamago.mf":"tamago.mf","tamago.otf":"tamago.otf","tamago.pcf":"tamago.pcf","tamago.pf3":"tamago.pf3","tamago.pfa":"tamago.pfa","tamago.pfb":"tamago.pfb","tamago.php":"tamago.php","tamago.pmf":"tamago.pmf","tamago.pt3":"tamago.pt3","tamago.sfd":"tamago.sfd","tamago.svg":"tamago.svg","tamago.t42":"tamago.t42","tamago.ttd":"tamago.ttd","tamago.ttf":"tamago.ttf","tamago.ttg":"tamago.ttg","tamago.ufm":"tamago.ufm","tamago.woff":"tamago.woff","tamago.z":"tamago.z"},"\/tamago.ufo":{"feature.fea":"feature.fea","fontinfo.plist":"fontinfo.plist","groups.plist":"groups.plist","kerning.plist":"kerning.plist","metainfo.plist":"metainfo.plist"},"\/tamago.ufo\/glyphs":{"A_.glif":"A_.glif","A_E_.glif":"A_E_.glif","A_acute.glif":"A_acute.glif","A_circumflex.glif":"A_circumflex.glif","A_dieresis.glif":"A_dieresis.glif","A_grave.glif":"A_grave.glif","A_ring.glif":"A_ring.glif","A_tilde.glif":"A_tilde.glif","B_.glif":"B_.glif","C_.glif":"C_.glif","C_cedilla.glif":"C_cedilla.glif","D_.glif":"D_.glif","E_.glif":"E_.glif","E_acute.glif":"E_acute.glif","E_circumflex.glif":"E_circumflex.glif","E_dieresis.glif":"E_dieresis.glif","E_grave.glif":"E_grave.glif","F_.glif":"F_.glif","G_.glif":"G_.glif","H_.glif":"H_.glif","I_.glif":"I_.glif","I_acute.glif":"I_acute.glif","I_circumflex.glif":"I_circumflex.glif","I_dieresis.glif":"I_dieresis.glif","I_grave.glif":"I_grave.glif","J_.glif":"J_.glif","K_.glif":"K_.glif","L_.glif":"L_.glif","M_.glif":"M_.glif","N_.glif":"N_.glif","N_tilde.glif":"N_tilde.glif","O_.glif":"O_.glif","O_E_.glif":"O_E_.glif","O_acute.glif":"O_acute.glif","O_circumflex.glif":"O_circumflex.glif","O_dieresis.glif":"O_dieresis.glif","O_grave.glif":"O_grave.glif","O_slash.glif":"O_slash.glif","O_tilde.glif":"O_tilde.glif","P_.glif":"P_.glif","Q_.glif":"Q_.glif","R_.glif":"R_.glif","S_.glif":"S_.glif","T_.glif":"T_.glif","U_.glif":"U_.glif","U_acute.glif":"U_acute.glif","U_circumflex.glif":"U_circumflex.glif","U_dieresis.glif":"U_dieresis.glif","U_grave.glif":"U_grave.glif","V_.glif":"V_.glif","W_.glif":"W_.glif","X_.glif":"X_.glif","Y_.glif":"Y_.glif","Y_dieresis.glif":"Y_dieresis.glif","Z_.glif":"Z_.glif","_notdef.glif":"_notdef.glif","_null.glif":"_null.glif","a.glif":"a.glif","aacute.glif":"aacute.glif","acircumflex.glif":"acircumflex.glif","acute.glif":"acute.glif","adieresis.glif":"adieresis.glif","ae.glif":"ae.glif","agrave.glif":"agrave.glif","ampersand.glif":"ampersand.glif","apple.glif":"apple.glif","aring.glif":"aring.glif","asciicircum.glif":"asciicircum.glif","asciitilde.glif":"asciitilde.glif","asterisk.glif":"asterisk.glif","at.glif":"at.glif","atilde.glif":"atilde.glif","b.glif":"b.glif","backslash.glif":"backslash.glif","bar.glif":"bar.glif","braceleft.glif":"braceleft.glif","braceright.glif":"braceright.glif","bracketleft.glif":"bracketleft.glif","bracketright.glif":"bracketright.glif","bullet.glif":"bullet.glif","c.glif":"c.glif","caron.glif":"caron.glif","ccedilla.glif":"ccedilla.glif","cedilla.glif":"cedilla.glif","cent.glif":"cent.glif","circumflex.glif":"circumflex.glif","colon.glif":"colon.glif","comma.glif":"comma.glif","contents.plist":"contents.plist","copyright.glif":"copyright.glif","d.glif":"d.glif","dieresis.glif":"dieresis.glif","dollar.glif":"dollar.glif","dotlessi.glif":"dotlessi.glif","e.glif":"e.glif","eacute.glif":"eacute.glif","ecircumflex.glif":"ecircumflex.glif","edieresis.glif":"edieresis.glif","egrave.glif":"egrave.glif","eight.glif":"eight.glif","emdash.glif":"emdash.glif","endash.glif":"endash.glif","equal.glif":"equal.glif","exclam.glif":"exclam.glif","exclamdown.glif":"exclamdown.glif","f.glif":"f.glif","five.glif":"five.glif","four.glif":"four.glif","fraction.glif":"fraction.glif","g.glif":"g.glif","germandbls.glif":"germandbls.glif","grave.glif":"grave.glif","greater.glif":"greater.glif","greaterequal.glif":"greaterequal.glif","h.glif":"h.glif","hyphen.glif":"hyphen.glif","i.glif":"i.glif","iacute.glif":"iacute.glif","icircumflex.glif":"icircumflex.glif","idieresis.glif":"idieresis.glif","igrave.glif":"igrave.glif","infinity.glif":"infinity.glif","j.glif":"j.glif","k.glif":"k.glif","l.glif":"l.glif","less.glif":"less.glif","lessequal.glif":"lessequal.glif","m.glif":"m.glif","n.glif":"n.glif","nine.glif":"nine.glif","nonbreakingspace.glif":"nonbreakingspace.glif","nonmarkingreturn.glif":"nonmarkingreturn.glif","ntilde.glif":"ntilde.glif","numbersign.glif":"numbersign.glif","o.glif":"o.glif","oacute.glif":"oacute.glif","ocircumflex.glif":"ocircumflex.glif","odieresis.glif":"odieresis.glif","oe.glif":"oe.glif","ograve.glif":"ograve.glif","one.glif":"one.glif","oslash.glif":"oslash.glif","otilde.glif":"otilde.glif","p.glif":"p.glif","parenleft.glif":"parenleft.glif","parenright.glif":"parenright.glif","percent.glif":"percent.glif","period.glif":"period.glif","periodcentered.glif":"periodcentered.glif","perthousand.glif":"perthousand.glif","plus.glif":"plus.glif","q.glif":"q.glif","question.glif":"question.glif","questiondown.glif":"questiondown.glif","quotedbl.glif":"quotedbl.glif","quotedblleft.glif":"quotedblleft.glif","quotedblright.glif":"quotedblright.glif","quoteleft.glif":"quoteleft.glif","quoteright.glif":"quoteright.glif","quotesingle.glif":"quotesingle.glif","r.glif":"r.glif","radical.glif":"radical.glif","ring.glif":"ring.glif","s.glif":"s.glif","semicolon.glif":"semicolon.glif","seven.glif":"seven.glif","six.glif":"six.glif","slash.glif":"slash.glif","space.glif":"space.glif","sterling.glif":"sterling.glif","t.glif":"t.glif","three.glif":"three.glif","tilde.glif":"tilde.glif","two.glif":"two.glif","u.glif":"u.glif","uacute.glif":"uacute.glif","ucircumflex.glif":"ucircumflex.glif","udieresis.glif":"udieresis.glif","ugrave.glif":"ugrave.glif","underscore.glif":"underscore.glif","v.glif":"v.glif","w.glif":"w.glif","x.glif":"x.glif","y.glif":"y.glif","ydieresis.glif":"ydieresis.glif","yen.glif":"yen.glif","z.glif":"z.glif","zero.glif":"zero.glif"}},"Font":{"uploaded":1477191126.9558,"licence":"gpl3","company":"Chronolabs Cooperative","title":"Xtraordinary","version":2.001,"date":"Sat Oct 15 01:09:17 2016","creator":"root","type":"1","matrix":"0.001 0 0 0.001 0 0","named":"Xtraordinary","painttype":"0","info":"10 dict dup","name":"Xtraordinary","family":"Xtraordinary","weight":"Book","fstype":"0","italicangle":"0","underlineposition":"","underlinethickness":""},"Table":{"FFTM":{"entryLength":16,"tag":"FFTM","checksum":1947116376,"offset":20396,"length":28},"GDEF":{"entryLength":16,"tag":"GDEF","checksum":15204356,"offset":20364,"length":32},"OS\/2":{"entryLength":16,"tag":"OS\/2","checksum":1454375442,"offset":344,"length":86},"cmap":{"entryLength":16,"tag":"cmap","checksum":1428710530,"offset":1180,"length":562},"gasp":{"entryLength":16,"tag":"gasp","checksum":4294901763,"offset":20356,"length":8},"glyf":{"entryLength":16,"tag":"glyf","checksum":3332316021,"offset":2120,"length":17260},"head":{"entryLength":16,"tag":"head","checksum":178478205,"offset":220,"length":54},"hhea":{"entryLength":16,"tag":"hhea","checksum":120914709,"offset":276,"length":36},"hmtx":{"entryLength":16,"tag":"hmtx","checksum":2168267292,"offset":432,"length":748},"loca":{"entryLength":16,"tag":"loca","checksum":3436961324,"offset":1744,"length":376},"maxp":{"entryLength":16,"tag":"maxp","checksum":16908370,"offset":312,"length":32},"name":{"entryLength":16,"tag":"name","checksum":1612801968,"offset":19380,"length":567},"post":{"entryLength":16,"tag":"post","checksum":613819692,"offset":19948,"length":408}},"UnicodeCharMap":{"0":1,"13":2,"32":3,"33":4,"34":5,"35":6,"36":7,"37":8,"38":9,"39":10,"40":11,"41":12,"42":13,"43":14,"44":15,"45":16,"46":17,"47":18,"48":19,"49":20,"50":21,"51":22,"52":23,"53":24,"54":25,"55":26,"56":27,"57":28,"58":29,"59":30,"60":31,"61":32,"62":33,"63":34,"64":35,"65":36,"66":37,"67":38,"68":39,"69":40,"70":41,"71":42,"72":43,"73":44,"74":45,"75":46,"76":47,"77":48,"78":49,"79":50,"80":51,"81":52,"82":53,"83":54,"84":55,"85":56,"86":57,"87":58,"88":59,"89":60,"90":61,"91":62,"92":63,"93":64,"94":65,"95":66,"96":67,"97":68,"98":69,"99":70,"100":71,"101":72,"102":73,"103":74,"104":75,"105":76,"106":77,"107":78,"108":79,"109":80,"110":81,"111":82,"112":83,"113":84,"114":85,"115":86,"116":87,"117":88,"118":89,"119":90,"120":91,"121":92,"122":93,"123":94,"124":95,"125":96,"126":97,"160":98,"161":99,"162":100,"163":101,"165":102,"168":103,"169":104,"180":105,"183":174,"184":106,"191":107,"192":108,"193":109,"194":110,"195":111,"196":112,"197":113,"198":114,"199":115,"200":116,"201":117,"202":118,"203":119,"204":120,"205":121,"206":122,"207":123,"209":124,"210":125,"211":126,"212":127,"213":128,"214":129,"216":130,"217":131,"218":132,"219":133,"220":134,"223":135,"224":136,"225":137,"226":138,"227":139,"228":140,"229":141,"230":142,"231":143,"232":144,"233":145,"234":146,"235":147,"236":148,"237":149,"238":150,"239":151,"241":152,"242":153,"243":154,"244":155,"245":156,"246":157,"248":158,"249":159,"250":160,"251":161,"252":162,"255":163,"305":184,"338":165,"339":166,"376":173,"710":176,"711":186,"730":185,"732":177,"8211":167,"8212":168,"8216":171,"8217":172,"8220":169,"8221":170,"8226":164,"8240":175,"8260":182,"8730":181,"8734":178,"8804":179,"8805":180},"Reserves":null,"Names":[],"Nodes":{"ta":{"type":"typal","node":"ta","usage":1,"weight":1},"go":{"type":"typal","node":"go","usage":1,"weight":1},"tam":{"type":"typal","node":"tam","usage":1,"weight":1},"ago":{"type":"typal","node":"ago","usage":1,"weight":1},"tama":{"type":"keys","node":"tama","usage":1,"weight":1},"mago":{"type":"keys","node":"mago","usage":1,"weight":1},"tamag":{"type":"keys","node":"tamag","usage":1,"weight":1},"amago":{"type":"keys","node":"amago","usage":1,"weight":1},"tamago":{"type":"fixes","node":"tamago","usage":1,"weight":1}},"Contributors":[],"FontIdentity":"633d11442893aed6b0d7235dcb89a5d2","Bytes":2082054,"Networking":[],"barcode":"qiwouoq7g7aci","referee":"gcyyq"}