{"CSS":{"Celtic Bold":"Celtic+Bold.css"},"FontType":"TrueType","FontCopyright":"FREEWARE!","FontName":"Celtic","FontSubfamily":"Bold","FontSubfamilyID":"FontForge 2.0 : Celtic Bold : 29-11-2016","FontFullName":"Celtic Bold","FontVersion":"Version 1.0 ","FontWeight":null,"FontPostscriptName":"CelticBold","Files":{"celtic.afm":"celtic.afm","celtic.bin":"celtic.bin","celtic.cef":"celtic.cef","celtic.cff":"celtic.cff","celtic.cid":"celtic.cid","celtic.dfont":"celtic.dfont","celtic.eot":"celtic.eot","celtic.fon":"celtic.fon","celtic.gai":"celtic.gai","celtic.gsf":"celtic.gsf","celtic.hqx":"celtic.hqx","celtic.ik":"celtic.ik","celtic.mf":"celtic.mf","celtic.otf":"celtic.otf","celtic.pcf":"celtic.pcf","celtic.pf3":"celtic.pf3","celtic.pfa":"celtic.pfa","celtic.pfb":"celtic.pfb","celtic.php":"celtic.php","celtic.pmf":"celtic.pmf","celtic.pt3":"celtic.pt3","celtic.sfd":"celtic.sfd","celtic.svg":"celtic.svg","celtic.t42":"celtic.t42","celtic.ttd":"celtic.ttd","celtic.ttf":"celtic.ttf","celtic.ttg":"celtic.ttg","celtic.ufm":"celtic.ufm","celtic.woff":"celtic.woff","celtic.z":"celtic.z","":{"celtic.afm":"celtic.afm","celtic.bin":"celtic.bin","celtic.cef":"celtic.cef","celtic.cff":"celtic.cff","celtic.cid":"celtic.cid","celtic.dfont":"celtic.dfont","celtic.eot":"celtic.eot","celtic.fon":"celtic.fon","celtic.gai":"celtic.gai","celtic.gsf":"celtic.gsf","celtic.hqx":"celtic.hqx","celtic.ik":"celtic.ik","celtic.mf":"celtic.mf","celtic.otf":"celtic.otf","celtic.pcf":"celtic.pcf","celtic.pf3":"celtic.pf3","celtic.pfa":"celtic.pfa","celtic.pfb":"celtic.pfb","celtic.php":"celtic.php","celtic.pmf":"celtic.pmf","celtic.pt3":"celtic.pt3","celtic.sfd":"celtic.sfd","celtic.svg":"celtic.svg","celtic.t42":"celtic.t42","celtic.ttd":"celtic.ttd","celtic.ttf":"celtic.ttf","celtic.ttg":"celtic.ttg","celtic.ufm":"celtic.ufm","celtic.woff":"celtic.woff","celtic.z":"celtic.z"},"\/celtic.ufo":{"feature.fea":"feature.fea","fontinfo.plist":"fontinfo.plist","groups.plist":"groups.plist","kerning.plist":"kerning.plist","metainfo.plist":"metainfo.plist"},"\/celtic.ufo\/glyphs":{"A_.glif":"A_.glif","B_.glif":"B_.glif","C_.glif":"C_.glif","D_.glif":"D_.glif","E_.glif":"E_.glif","F_.glif":"F_.glif","G_.glif":"G_.glif","H_.glif":"H_.glif","I_.glif":"I_.glif","J_.glif":"J_.glif","K_.glif":"K_.glif","L_.glif":"L_.glif","M_.glif":"M_.glif","N_.glif":"N_.glif","O_.glif":"O_.glif","P_.glif":"P_.glif","Q_.glif":"Q_.glif","R_.glif":"R_.glif","S_.glif":"S_.glif","T_.glif":"T_.glif","U_.glif":"U_.glif","V_.glif":"V_.glif","W_.glif":"W_.glif","X_.glif":"X_.glif","Y_.glif":"Y_.glif","Z_.glif":"Z_.glif","_notdef.glif":"_notdef.glif","_null.glif":"_null.glif","a.glif":"a.glif","ampersand.glif":"ampersand.glif","asciicircum.glif":"asciicircum.glif","asciitilde.glif":"asciitilde.glif","asterisk.glif":"asterisk.glif","at.glif":"at.glif","b.glif":"b.glif","backslash.glif":"backslash.glif","bar.glif":"bar.glif","braceleft.glif":"braceleft.glif","braceright.glif":"braceright.glif","bracketleft.glif":"bracketleft.glif","bracketright.glif":"bracketright.glif","c.glif":"c.glif","colon.glif":"colon.glif","comma.glif":"comma.glif","contents.plist":"contents.plist","d.glif":"d.glif","dollar.glif":"dollar.glif","e.glif":"e.glif","eight.glif":"eight.glif","equal.glif":"equal.glif","exclam.glif":"exclam.glif","f.glif":"f.glif","five.glif":"five.glif","four.glif":"four.glif","g.glif":"g.glif","grave.glif":"grave.glif","greater.glif":"greater.glif","h.glif":"h.glif","hyphen.glif":"hyphen.glif","i.glif":"i.glif","j.glif":"j.glif","k.glif":"k.glif","l.glif":"l.glif","less.glif":"less.glif","m.glif":"m.glif","n.glif":"n.glif","nine.glif":"nine.glif","nonmarkingreturn.glif":"nonmarkingreturn.glif","numbersign.glif":"numbersign.glif","o.glif":"o.glif","one.glif":"one.glif","p.glif":"p.glif","parenleft.glif":"parenleft.glif","parenright.glif":"parenright.glif","percent.glif":"percent.glif","period.glif":"period.glif","plus.glif":"plus.glif","q.glif":"q.glif","question.glif":"question.glif","quotedbl.glif":"quotedbl.glif","quotesingle.glif":"quotesingle.glif","r.glif":"r.glif","s.glif":"s.glif","semicolon.glif":"semicolon.glif","seven.glif":"seven.glif","six.glif":"six.glif","slash.glif":"slash.glif","space.glif":"space.glif","t.glif":"t.glif","three.glif":"three.glif","two.glif":"two.glif","u.glif":"u.glif","underscore.glif":"underscore.glif","v.glif":"v.glif","w.glif":"w.glif","x.glif":"x.glif","y.glif":"y.glif","z.glif":"z.glif","zero.glif":"zero.glif"}},"Font":{"uploaded":1480390754.1454,"licence":"gpl3","company":"Chronolabs Cooperative","title":"Celtic Bold","version":2.001,"date":"Sun Aug 28 08:13:18 2016","creator":"root","type":"1","matrix":"0.000488281 0 0 0.000488281 0 0","named":"CelticBold","painttype":"0","info":"10 dict dup","name":"Celtic Bold","family":"Celtic","weight":"Book","fstype":"0","italicangle":"0","underlineposition":"","underlinethickness":""},"Table":{"FFTM":{"entryLength":16,"tag":"FFTM","checksum":1947018444,"offset":31320,"length":28},"GDEF":{"entryLength":16,"tag":"GDEF","checksum":9371652,"offset":31288,"length":32},"OS\/2":{"entryLength":16,"tag":"OS\/2","checksum":1704881680,"offset":344,"length":86},"cmap":{"entryLength":16,"tag":"cmap","checksum":3433341184,"offset":824,"length":338},"gasp":{"entryLength":16,"tag":"gasp","checksum":4294901763,"offset":31280,"length":8},"glyf":{"entryLength":16,"tag":"glyf","checksum":325217675,"offset":1364,"length":29212},"head":{"entryLength":16,"tag":"head","checksum":323328842,"offset":220,"length":54},"hhea":{"entryLength":16,"tag":"hhea","checksum":314771846,"offset":276,"length":36},"hmtx":{"entryLength":16,"tag":"hmtx","checksum":529733941,"offset":432,"length":392},"loca":{"entryLength":16,"tag":"loca","checksum":592644012,"offset":1164,"length":198},"maxp":{"entryLength":16,"tag":"maxp","checksum":11075821,"offset":312,"length":32},"name":{"entryLength":16,"tag":"name","checksum":941393088,"offset":30576,"length":471},"post":{"entryLength":16,"tag":"post","checksum":157354338,"offset":31048,"length":230}},"UnicodeCharMap":{"0":1,"13":2,"32":3,"33":4,"34":5,"35":6,"36":7,"37":8,"38":9,"39":10,"40":11,"41":12,"42":13,"43":14,"44":15,"45":16,"46":17,"47":18,"48":19,"49":20,"50":21,"51":22,"52":23,"53":24,"54":25,"55":26,"56":27,"57":28,"58":29,"59":30,"60":31,"61":32,"62":33,"63":34,"64":35,"65":36,"66":37,"67":38,"68":39,"69":40,"70":41,"71":42,"72":43,"73":44,"74":45,"75":46,"76":47,"77":48,"78":49,"79":50,"80":51,"81":52,"82":53,"83":54,"84":55,"85":56,"86":57,"87":58,"88":59,"89":60,"90":61,"91":62,"92":63,"93":64,"94":65,"95":66,"96":67,"97":68,"98":69,"99":70,"100":71,"101":72,"102":73,"103":74,"104":75,"105":76,"106":77,"107":78,"108":79,"109":80,"110":81,"111":82,"112":83,"113":84,"114":85,"115":86,"116":87,"117":88,"118":89,"119":90,"120":91,"121":92,"122":93,"123":94,"124":95,"125":96,"126":97},"Reserves":null,"Names":[],"Nodes":{"ce":{"type":"typal","node":"ce","usage":1,"weight":1},"ic":{"type":"typal","node":"ic","usage":1,"weight":1},"cel":{"type":"typal","node":"cel","usage":1,"weight":1},"tic":{"type":"typal","node":"tic","usage":1,"weight":1},"celt":{"type":"keys","node":"celt","usage":1,"weight":1},"ltic":{"type":"keys","node":"ltic","usage":1,"weight":1},"celti":{"type":"keys","node":"celti","usage":1,"weight":1},"eltic":{"type":"keys","node":"eltic","usage":1,"weight":1},"celtic":{"type":"fixes","node":"celtic","usage":1,"weight":1}},"Contributors":[],"FontIdentity":"acfea7973693e494e743379e85caa54d","Bytes":3262591,"Networking":[],"barcode":"yqgos8kioya","referee":"yi5OOySG"}