{"CSS":{"%fontnamespaced%":"%25fontnamespaced%25.css"},"FontType":"TrueType","FontCopyright":null,"FontName":"%fontnamespaced%","FontSubfamily":"Medium","FontSubfamilyID":"FontForge 2.0 : %fontnamespaced% : 9-8-2016","FontFullName":"fontnamespaced","FontVersion":"Version 1.0","FontWeight":null,"FontPostscriptName":"%fontnamespaced%","Files":{"\/fonts\/Unpacking\/e2aaf593e1faa44ed3881b2a0d06520841528599\/pixeldub.afm":"\/fonts\/Unpacking\/e2aaf593e1faa44ed3881b2a0d06520841528599\/pixeldub.afm","\/fonts\/Unpacking\/e2aaf593e1faa44ed3881b2a0d06520841528599\/pixeldub.bin":"\/fonts\/Unpacking\/e2aaf593e1faa44ed3881b2a0d06520841528599\/pixeldub.bin","\/fonts\/Unpacking\/e2aaf593e1faa44ed3881b2a0d06520841528599\/pixeldub.cef":"\/fonts\/Unpacking\/e2aaf593e1faa44ed3881b2a0d06520841528599\/pixeldub.cef","\/fonts\/Unpacking\/e2aaf593e1faa44ed3881b2a0d06520841528599\/pixeldub.cff":"\/fonts\/Unpacking\/e2aaf593e1faa44ed3881b2a0d06520841528599\/pixeldub.cff","\/fonts\/Unpacking\/e2aaf593e1faa44ed3881b2a0d06520841528599\/pixeldub.cid":"\/fonts\/Unpacking\/e2aaf593e1faa44ed3881b2a0d06520841528599\/pixeldub.cid","\/fonts\/Unpacking\/e2aaf593e1faa44ed3881b2a0d06520841528599\/pixeldub.dfont":"\/fonts\/Unpacking\/e2aaf593e1faa44ed3881b2a0d06520841528599\/pixeldub.dfont","\/fonts\/Unpacking\/e2aaf593e1faa44ed3881b2a0d06520841528599\/pixeldub.eot":"\/fonts\/Unpacking\/e2aaf593e1faa44ed3881b2a0d06520841528599\/pixeldub.eot","\/fonts\/Unpacking\/e2aaf593e1faa44ed3881b2a0d06520841528599\/pixeldub.fon":"\/fonts\/Unpacking\/e2aaf593e1faa44ed3881b2a0d06520841528599\/pixeldub.fon","\/fonts\/Unpacking\/e2aaf593e1faa44ed3881b2a0d06520841528599\/pixeldub.gai":"\/fonts\/Unpacking\/e2aaf593e1faa44ed3881b2a0d06520841528599\/pixeldub.gai","\/fonts\/Unpacking\/e2aaf593e1faa44ed3881b2a0d06520841528599\/pixeldub.gsf":"\/fonts\/Unpacking\/e2aaf593e1faa44ed3881b2a0d06520841528599\/pixeldub.gsf","\/fonts\/Unpacking\/e2aaf593e1faa44ed3881b2a0d06520841528599\/pixeldub.hqx":"\/fonts\/Unpacking\/e2aaf593e1faa44ed3881b2a0d06520841528599\/pixeldub.hqx","\/fonts\/Unpacking\/e2aaf593e1faa44ed3881b2a0d06520841528599\/pixeldub.ik":"\/fonts\/Unpacking\/e2aaf593e1faa44ed3881b2a0d06520841528599\/pixeldub.ik","\/fonts\/Unpacking\/e2aaf593e1faa44ed3881b2a0d06520841528599\/pixeldub.mf":"\/fonts\/Unpacking\/e2aaf593e1faa44ed3881b2a0d06520841528599\/pixeldub.mf","\/fonts\/Unpacking\/e2aaf593e1faa44ed3881b2a0d06520841528599\/pixeldub.otf":"\/fonts\/Unpacking\/e2aaf593e1faa44ed3881b2a0d06520841528599\/pixeldub.otf","\/fonts\/Unpacking\/e2aaf593e1faa44ed3881b2a0d06520841528599\/pixeldub.pcf":"\/fonts\/Unpacking\/e2aaf593e1faa44ed3881b2a0d06520841528599\/pixeldub.pcf","\/fonts\/Unpacking\/e2aaf593e1faa44ed3881b2a0d06520841528599\/pixeldub.pf3":"\/fonts\/Unpacking\/e2aaf593e1faa44ed3881b2a0d06520841528599\/pixeldub.pf3","\/fonts\/Unpacking\/e2aaf593e1faa44ed3881b2a0d06520841528599\/pixeldub.pfa":"\/fonts\/Unpacking\/e2aaf593e1faa44ed3881b2a0d06520841528599\/pixeldub.pfa","\/fonts\/Unpacking\/e2aaf593e1faa44ed3881b2a0d06520841528599\/pixeldub.pfb":"\/fonts\/Unpacking\/e2aaf593e1faa44ed3881b2a0d06520841528599\/pixeldub.pfb","\/fonts\/Unpacking\/e2aaf593e1faa44ed3881b2a0d06520841528599\/pixeldub.php":"\/fonts\/Unpacking\/e2aaf593e1faa44ed3881b2a0d06520841528599\/pixeldub.php","\/fonts\/Unpacking\/e2aaf593e1faa44ed3881b2a0d06520841528599\/pixeldub.pmf":"\/fonts\/Unpacking\/e2aaf593e1faa44ed3881b2a0d06520841528599\/pixeldub.pmf","\/fonts\/Unpacking\/e2aaf593e1faa44ed3881b2a0d06520841528599\/pixeldub.pt3":"\/fonts\/Unpacking\/e2aaf593e1faa44ed3881b2a0d06520841528599\/pixeldub.pt3","\/fonts\/Unpacking\/e2aaf593e1faa44ed3881b2a0d06520841528599\/pixeldub.sfd":"\/fonts\/Unpacking\/e2aaf593e1faa44ed3881b2a0d06520841528599\/pixeldub.sfd","\/fonts\/Unpacking\/e2aaf593e1faa44ed3881b2a0d06520841528599\/pixeldub.svg":"\/fonts\/Unpacking\/e2aaf593e1faa44ed3881b2a0d06520841528599\/pixeldub.svg","\/fonts\/Unpacking\/e2aaf593e1faa44ed3881b2a0d06520841528599\/pixeldub.t42":"\/fonts\/Unpacking\/e2aaf593e1faa44ed3881b2a0d06520841528599\/pixeldub.t42","\/fonts\/Unpacking\/e2aaf593e1faa44ed3881b2a0d06520841528599\/pixeldub.ttd":"\/fonts\/Unpacking\/e2aaf593e1faa44ed3881b2a0d06520841528599\/pixeldub.ttd","\/fonts\/Unpacking\/e2aaf593e1faa44ed3881b2a0d06520841528599\/pixeldub.ttf":"\/fonts\/Unpacking\/e2aaf593e1faa44ed3881b2a0d06520841528599\/pixeldub.ttf","\/fonts\/Unpacking\/e2aaf593e1faa44ed3881b2a0d06520841528599\/pixeldub.ttg":"\/fonts\/Unpacking\/e2aaf593e1faa44ed3881b2a0d06520841528599\/pixeldub.ttg","\/fonts\/Unpacking\/e2aaf593e1faa44ed3881b2a0d06520841528599\/pixeldub.ufm":"\/fonts\/Unpacking\/e2aaf593e1faa44ed3881b2a0d06520841528599\/pixeldub.ufm","\/fonts\/Unpacking\/e2aaf593e1faa44ed3881b2a0d06520841528599\/pixeldub.woff":"\/fonts\/Unpacking\/e2aaf593e1faa44ed3881b2a0d06520841528599\/pixeldub.woff","\/fonts\/Unpacking\/e2aaf593e1faa44ed3881b2a0d06520841528599\/pixeldub.z":"\/fonts\/Unpacking\/e2aaf593e1faa44ed3881b2a0d06520841528599\/pixeldub.z","\/fonts\/Unpacking\/e2aaf593e1faa44ed3881b2a0d06520841528599\/pixeldub.ufo\/feature.fea":"\/fonts\/Unpacking\/e2aaf593e1faa44ed3881b2a0d06520841528599\/pixeldub.ufo\/feature.fea","\/fonts\/Unpacking\/e2aaf593e1faa44ed3881b2a0d06520841528599\/pixeldub.ufo\/fontinfo.plist":"\/fonts\/Unpacking\/e2aaf593e1faa44ed3881b2a0d06520841528599\/pixeldub.ufo\/fontinfo.plist","\/fonts\/Unpacking\/e2aaf593e1faa44ed3881b2a0d06520841528599\/pixeldub.ufo\/groups.plist":"\/fonts\/Unpacking\/e2aaf593e1faa44ed3881b2a0d06520841528599\/pixeldub.ufo\/groups.plist","\/fonts\/Unpacking\/e2aaf593e1faa44ed3881b2a0d06520841528599\/pixeldub.ufo\/kerning.plist":"\/fonts\/Unpacking\/e2aaf593e1faa44ed3881b2a0d06520841528599\/pixeldub.ufo\/kerning.plist","\/fonts\/Unpacking\/e2aaf593e1faa44ed3881b2a0d06520841528599\/pixeldub.ufo\/metainfo.plist":"\/fonts\/Unpacking\/e2aaf593e1faa44ed3881b2a0d06520841528599\/pixeldub.ufo\/metainfo.plist","\/fonts\/Unpacking\/e2aaf593e1faa44ed3881b2a0d06520841528599\/pixeldub.ufo\/glyphs\/contents.plist":"\/fonts\/Unpacking\/e2aaf593e1faa44ed3881b2a0d06520841528599\/pixeldub.ufo\/glyphs\/contents.plist"},"Font":null,"Licences":{"":false},"Table":{"FFTM":{"entryLength":16,"tag":"FFTM","checksum":1943870816,"offset":1844,"length":28},"GDEF":{"entryLength":16,"tag":"GDEF","checksum":2162696,"offset":1816,"length":26},"OS\/2":{"entryLength":16,"tag":"OS\/2","checksum":1438276895,"offset":344,"length":86},"cmap":{"entryLength":16,"tag":"cmap","checksum":4199274080,"offset":444,"length":826},"gasp":{"entryLength":16,"tag":"gasp","checksum":4294901763,"offset":1808,"length":8},"glyf":{"entryLength":16,"tag":"glyf","checksum":0,"offset":1280,"length":0},"head":{"entryLength":16,"tag":"head","checksum":113097589,"offset":220,"length":54},"hhea":{"entryLength":16,"tag":"hhea","checksum":58588982,"offset":276,"length":36},"hmtx":{"entryLength":16,"tag":"hmtx","checksum":21823488,"offset":432,"length":12},"loca":{"entryLength":16,"tag":"loca","checksum":0,"offset":1272,"length":8},"maxp":{"entryLength":16,"tag":"maxp","checksum":4521987,"offset":312,"length":32},"name":{"entryLength":16,"tag":"name","checksum":1095527804,"offset":1280,"length":492},"post":{"entryLength":16,"tag":"post","checksum":196608,"offset":1772,"length":36}},"UnicodeCharMap":[],"Reserves":null,"Names":[],"Nodes":[],"Contributors":[],"FontIdentity":"0428a80583eb7774a3f5b7dd349df783","Bytes":111156,"Networking":null,"barcode":null,"referee":null}