{"CSS":{"Glypha LT Std 45 Light":"Glypha+LT+Std+45+Light.css","Glypha LT Std 4 5 Light":"thatcher0:5054c1385eeb71d17d484a.css"},"FontType":"TrueType","FontCopyright":" The digitally encoded machine readable software for producing the\n Typefaces licensed to you is copyrighted (c) 1990, 1992, 2002 Adobe Systems.\n All Rights Reserved. This software is the property of Adobe Systems\n Incorporated and its licensors, and may not be reproduced, used, \n displayed, modified, disclosed or transferred without the express \n written approval of Adobe.\n \n The digitally encoded machine readable outline data for producing the Typefaces \n provided as part of your laser printer is copyrighted (c) 1981, 2002 Heidelberger Druckmaschinen AG. \n All rights reserved. This data is the property of Heidelberger Druckmaschinen AG, \n and may not be reproduced, used, displayed, modified, disclosed or transferred \n without the express written approval of Heidelberger Druckmaschinen AG. ","FontName":"Glypha LT Std","FontSubfamily":"Light","FontSubfamilyID":"FontForge 2.0 : Glypha LT Std 45 Light : 28-8-2016","FontFullName":"Glypha LT Std 4 5 Light","FontVersion":"Version 002.000 ","FontWeight":null,"FontPostscriptName":"GlyphaLTStd-Light","Files":{"\/Glypha LT Std 45 Light.css":"\/Glypha LT Std 45 Light.css","\/font-resource.json":"\/font-resource.json","\/glyphaltstd-light.afm":"\/glyphaltstd-light.afm","\/glyphaltstd-light.cef":"\/glyphaltstd-light.cef","\/glyphaltstd-light.cff":"\/glyphaltstd-light.cff","\/glyphaltstd-light.eot":"\/glyphaltstd-light.eot","\/glyphaltstd-light.gai":"\/glyphaltstd-light.gai","\/glyphaltstd-light.gsf":"\/glyphaltstd-light.gsf","\/glyphaltstd-light.otf":"\/glyphaltstd-light.otf","\/glyphaltstd-light.pf3":"\/glyphaltstd-light.pf3","\/glyphaltstd-light.pfa":"\/glyphaltstd-light.pfa","\/glyphaltstd-light.pfb":"\/glyphaltstd-light.pfb","\/glyphaltstd-light.php":"\/glyphaltstd-light.php","\/glyphaltstd-light.pt3":"\/glyphaltstd-light.pt3","\/glyphaltstd-light.sfd":"\/glyphaltstd-light.sfd","\/glyphaltstd-light.svg":"\/glyphaltstd-light.svg","\/glyphaltstd-light.t42":"\/glyphaltstd-light.t42","\/glyphaltstd-light.ttd":"\/glyphaltstd-light.ttd","\/glyphaltstd-light.ttf":"\/glyphaltstd-light.ttf","\/glyphaltstd-light.ttg":"\/glyphaltstd-light.ttg","\/glyphaltstd-light.ufm":"\/glyphaltstd-light.ufm","\/glyphaltstd-light.woff":"\/glyphaltstd-light.woff","\/glyphaltstd-light.z":"\/glyphaltstd-light.z","\/thatcher0:5054c1385eeb71d17d484a.css":"\/thatcher0:5054c1385eeb71d17d484a.css","\/glyphaltstd-light.ufo\/feature.fea":"\/glyphaltstd-light.ufo\/feature.fea","\/glyphaltstd-light.ufo\/fontinfo.plist":"\/glyphaltstd-light.ufo\/fontinfo.plist","\/glyphaltstd-light.ufo\/groups.plist":"\/glyphaltstd-light.ufo\/groups.plist","\/glyphaltstd-light.ufo\/kerning.plist":"\/glyphaltstd-light.ufo\/kerning.plist","\/glyphaltstd-light.ufo\/metainfo.plist":"\/glyphaltstd-light.ufo\/metainfo.plist","\/glyphaltstd-light.ufo\/glyphs\/A_.glif":"\/glyphaltstd-light.ufo\/glyphs\/A_.glif","\/glyphaltstd-light.ufo\/glyphs\/A_E_.glif":"\/glyphaltstd-light.ufo\/glyphs\/A_E_.glif","\/glyphaltstd-light.ufo\/glyphs\/A_acute.glif":"\/glyphaltstd-light.ufo\/glyphs\/A_acute.glif","\/glyphaltstd-light.ufo\/glyphs\/A_circumflex.glif":"\/glyphaltstd-light.ufo\/glyphs\/A_circumflex.glif","\/glyphaltstd-light.ufo\/glyphs\/A_dieresis.glif":"\/glyphaltstd-light.ufo\/glyphs\/A_dieresis.glif","\/glyphaltstd-light.ufo\/glyphs\/A_grave.glif":"\/glyphaltstd-light.ufo\/glyphs\/A_grave.glif","\/glyphaltstd-light.ufo\/glyphs\/A_ring.glif":"\/glyphaltstd-light.ufo\/glyphs\/A_ring.glif","\/glyphaltstd-light.ufo\/glyphs\/A_tilde.glif":"\/glyphaltstd-light.ufo\/glyphs\/A_tilde.glif","\/glyphaltstd-light.ufo\/glyphs\/B_.glif":"\/glyphaltstd-light.ufo\/glyphs\/B_.glif","\/glyphaltstd-light.ufo\/glyphs\/C_.glif":"\/glyphaltstd-light.ufo\/glyphs\/C_.glif","\/glyphaltstd-light.ufo\/glyphs\/C_cedilla.glif":"\/glyphaltstd-light.ufo\/glyphs\/C_cedilla.glif","\/glyphaltstd-light.ufo\/glyphs\/D_.glif":"\/glyphaltstd-light.ufo\/glyphs\/D_.glif","\/glyphaltstd-light.ufo\/glyphs\/D_elta.glif":"\/glyphaltstd-light.ufo\/glyphs\/D_elta.glif","\/glyphaltstd-light.ufo\/glyphs\/E_.glif":"\/glyphaltstd-light.ufo\/glyphs\/E_.glif","\/glyphaltstd-light.ufo\/glyphs\/E_acute.glif":"\/glyphaltstd-light.ufo\/glyphs\/E_acute.glif","\/glyphaltstd-light.ufo\/glyphs\/E_circumflex.glif":"\/glyphaltstd-light.ufo\/glyphs\/E_circumflex.glif","\/glyphaltstd-light.ufo\/glyphs\/E_dieresis.glif":"\/glyphaltstd-light.ufo\/glyphs\/E_dieresis.glif","\/glyphaltstd-light.ufo\/glyphs\/E_grave.glif":"\/glyphaltstd-light.ufo\/glyphs\/E_grave.glif","\/glyphaltstd-light.ufo\/glyphs\/E_th.glif":"\/glyphaltstd-light.ufo\/glyphs\/E_th.glif","\/glyphaltstd-light.ufo\/glyphs\/E_uro.glif":"\/glyphaltstd-light.ufo\/glyphs\/E_uro.glif","\/glyphaltstd-light.ufo\/glyphs\/F_.glif":"\/glyphaltstd-light.ufo\/glyphs\/F_.glif","\/glyphaltstd-light.ufo\/glyphs\/G_.glif":"\/glyphaltstd-light.ufo\/glyphs\/G_.glif","\/glyphaltstd-light.ufo\/glyphs\/H_.glif":"\/glyphaltstd-light.ufo\/glyphs\/H_.glif","\/glyphaltstd-light.ufo\/glyphs\/I_.glif":"\/glyphaltstd-light.ufo\/glyphs\/I_.glif","\/glyphaltstd-light.ufo\/glyphs\/I_acute.glif":"\/glyphaltstd-light.ufo\/glyphs\/I_acute.glif","\/glyphaltstd-light.ufo\/glyphs\/I_circumflex.glif":"\/glyphaltstd-light.ufo\/glyphs\/I_circumflex.glif","\/glyphaltstd-light.ufo\/glyphs\/I_dieresis.glif":"\/glyphaltstd-light.ufo\/glyphs\/I_dieresis.glif","\/glyphaltstd-light.ufo\/glyphs\/I_grave.glif":"\/glyphaltstd-light.ufo\/glyphs\/I_grave.glif","\/glyphaltstd-light.ufo\/glyphs\/J_.glif":"\/glyphaltstd-light.ufo\/glyphs\/J_.glif","\/glyphaltstd-light.ufo\/glyphs\/K_.glif":"\/glyphaltstd-light.ufo\/glyphs\/K_.glif","\/glyphaltstd-light.ufo\/glyphs\/L_.glif":"\/glyphaltstd-light.ufo\/glyphs\/L_.glif","\/glyphaltstd-light.ufo\/glyphs\/L_slash.glif":"\/glyphaltstd-light.ufo\/glyphs\/L_slash.glif","\/glyphaltstd-light.ufo\/glyphs\/M_.glif":"\/glyphaltstd-light.ufo\/glyphs\/M_.glif","\/glyphaltstd-light.ufo\/glyphs\/N_.glif":"\/glyphaltstd-light.ufo\/glyphs\/N_.glif","\/glyphaltstd-light.ufo\/glyphs\/N_tilde.glif":"\/glyphaltstd-light.ufo\/glyphs\/N_tilde.glif","\/glyphaltstd-light.ufo\/glyphs\/O_.glif":"\/glyphaltstd-light.ufo\/glyphs\/O_.glif","\/glyphaltstd-light.ufo\/glyphs\/O_E_.glif":"\/glyphaltstd-light.ufo\/glyphs\/O_E_.glif","\/glyphaltstd-light.ufo\/glyphs\/O_acute.glif":"\/glyphaltstd-light.ufo\/glyphs\/O_acute.glif","\/glyphaltstd-light.ufo\/glyphs\/O_circumflex.glif":"\/glyphaltstd-light.ufo\/glyphs\/O_circumflex.glif","\/glyphaltstd-light.ufo\/glyphs\/O_dieresis.glif":"\/glyphaltstd-light.ufo\/glyphs\/O_dieresis.glif","\/glyphaltstd-light.ufo\/glyphs\/O_grave.glif":"\/glyphaltstd-light.ufo\/glyphs\/O_grave.glif","\/glyphaltstd-light.ufo\/glyphs\/O_mega.glif":"\/glyphaltstd-light.ufo\/glyphs\/O_mega.glif","\/glyphaltstd-light.ufo\/glyphs\/O_slash.glif":"\/glyphaltstd-light.ufo\/glyphs\/O_slash.glif","\/glyphaltstd-light.ufo\/glyphs\/O_tilde.glif":"\/glyphaltstd-light.ufo\/glyphs\/O_tilde.glif","\/glyphaltstd-light.ufo\/glyphs\/P_.glif":"\/glyphaltstd-light.ufo\/glyphs\/P_.glif","\/glyphaltstd-light.ufo\/glyphs\/Q_.glif":"\/glyphaltstd-light.ufo\/glyphs\/Q_.glif","\/glyphaltstd-light.ufo\/glyphs\/R_.glif":"\/glyphaltstd-light.ufo\/glyphs\/R_.glif","\/glyphaltstd-light.ufo\/glyphs\/S_.glif":"\/glyphaltstd-light.ufo\/glyphs\/S_.glif","\/glyphaltstd-light.ufo\/glyphs\/S_caron.glif":"\/glyphaltstd-light.ufo\/glyphs\/S_caron.glif","\/glyphaltstd-light.ufo\/glyphs\/T_.glif":"\/glyphaltstd-light.ufo\/glyphs\/T_.glif","\/glyphaltstd-light.ufo\/glyphs\/T_horn.glif":"\/glyphaltstd-light.ufo\/glyphs\/T_horn.glif","\/glyphaltstd-light.ufo\/glyphs\/U_.glif":"\/glyphaltstd-light.ufo\/glyphs\/U_.glif","\/glyphaltstd-light.ufo\/glyphs\/U_acute.glif":"\/glyphaltstd-light.ufo\/glyphs\/U_acute.glif","\/glyphaltstd-light.ufo\/glyphs\/U_circumflex.glif":"\/glyphaltstd-light.ufo\/glyphs\/U_circumflex.glif","\/glyphaltstd-light.ufo\/glyphs\/U_dieresis.glif":"\/glyphaltstd-light.ufo\/glyphs\/U_dieresis.glif","\/glyphaltstd-light.ufo\/glyphs\/U_grave.glif":"\/glyphaltstd-light.ufo\/glyphs\/U_grave.glif","\/glyphaltstd-light.ufo\/glyphs\/V_.glif":"\/glyphaltstd-light.ufo\/glyphs\/V_.glif","\/glyphaltstd-light.ufo\/glyphs\/W_.glif":"\/glyphaltstd-light.ufo\/glyphs\/W_.glif","\/glyphaltstd-light.ufo\/glyphs\/X_.glif":"\/glyphaltstd-light.ufo\/glyphs\/X_.glif","\/glyphaltstd-light.ufo\/glyphs\/Y_.glif":"\/glyphaltstd-light.ufo\/glyphs\/Y_.glif","\/glyphaltstd-light.ufo\/glyphs\/Y_acute.glif":"\/glyphaltstd-light.ufo\/glyphs\/Y_acute.glif","\/glyphaltstd-light.ufo\/glyphs\/Y_dieresis.glif":"\/glyphaltstd-light.ufo\/glyphs\/Y_dieresis.glif","\/glyphaltstd-light.ufo\/glyphs\/Z_.glif":"\/glyphaltstd-light.ufo\/glyphs\/Z_.glif","\/glyphaltstd-light.ufo\/glyphs\/Z_caron.glif":"\/glyphaltstd-light.ufo\/glyphs\/Z_caron.glif","\/glyphaltstd-light.ufo\/glyphs\/_notdef.glif":"\/glyphaltstd-light.ufo\/glyphs\/_notdef.glif","\/glyphaltstd-light.ufo\/glyphs\/a.glif":"\/glyphaltstd-light.ufo\/glyphs\/a.glif","\/glyphaltstd-light.ufo\/glyphs\/a.superior.glif":"\/glyphaltstd-light.ufo\/glyphs\/a.superior.glif","\/glyphaltstd-light.ufo\/glyphs\/aacute.glif":"\/glyphaltstd-light.ufo\/glyphs\/aacute.glif","\/glyphaltstd-light.ufo\/glyphs\/acircumflex.glif":"\/glyphaltstd-light.ufo\/glyphs\/acircumflex.glif","\/glyphaltstd-light.ufo\/glyphs\/acute.glif":"\/glyphaltstd-light.ufo\/glyphs\/acute.glif","\/glyphaltstd-light.ufo\/glyphs\/adieresis.glif":"\/glyphaltstd-light.ufo\/glyphs\/adieresis.glif","\/glyphaltstd-light.ufo\/glyphs\/ae.glif":"\/glyphaltstd-light.ufo\/glyphs\/ae.glif","\/glyphaltstd-light.ufo\/glyphs\/afii61289.glif":"\/glyphaltstd-light.ufo\/glyphs\/afii61289.glif","\/glyphaltstd-light.ufo\/glyphs\/agrave.glif":"\/glyphaltstd-light.ufo\/glyphs\/agrave.glif","\/glyphaltstd-light.ufo\/glyphs\/ampersand.glif":"\/glyphaltstd-light.ufo\/glyphs\/ampersand.glif","\/glyphaltstd-light.ufo\/glyphs\/approxequal.glif":"\/glyphaltstd-light.ufo\/glyphs\/approxequal.glif","\/glyphaltstd-light.ufo\/glyphs\/aring.glif":"\/glyphaltstd-light.ufo\/glyphs\/aring.glif","\/glyphaltstd-light.ufo\/glyphs\/asciicircum.glif":"\/glyphaltstd-light.ufo\/glyphs\/asciicircum.glif","\/glyphaltstd-light.ufo\/glyphs\/asciitilde.glif":"\/glyphaltstd-light.ufo\/glyphs\/asciitilde.glif","\/glyphaltstd-light.ufo\/glyphs\/asterisk.glif":"\/glyphaltstd-light.ufo\/glyphs\/asterisk.glif","\/glyphaltstd-light.ufo\/glyphs\/at.glif":"\/glyphaltstd-light.ufo\/glyphs\/at.glif","\/glyphaltstd-light.ufo\/glyphs\/atilde.glif":"\/glyphaltstd-light.ufo\/glyphs\/atilde.glif","\/glyphaltstd-light.ufo\/glyphs\/b.glif":"\/glyphaltstd-light.ufo\/glyphs\/b.glif","\/glyphaltstd-light.ufo\/glyphs\/backslash.glif":"\/glyphaltstd-light.ufo\/glyphs\/backslash.glif","\/glyphaltstd-light.ufo\/glyphs\/bar.glif":"\/glyphaltstd-light.ufo\/glyphs\/bar.glif","\/glyphaltstd-light.ufo\/glyphs\/braceleft.glif":"\/glyphaltstd-light.ufo\/glyphs\/braceleft.glif","\/glyphaltstd-light.ufo\/glyphs\/braceright.glif":"\/glyphaltstd-light.ufo\/glyphs\/braceright.glif","\/glyphaltstd-light.ufo\/glyphs\/bracketleft.glif":"\/glyphaltstd-light.ufo\/glyphs\/bracketleft.glif","\/glyphaltstd-light.ufo\/glyphs\/bracketright.glif":"\/glyphaltstd-light.ufo\/glyphs\/bracketright.glif","\/glyphaltstd-light.ufo\/glyphs\/breve.glif":"\/glyphaltstd-light.ufo\/glyphs\/breve.glif","\/glyphaltstd-light.ufo\/glyphs\/brokenbar.glif":"\/glyphaltstd-light.ufo\/glyphs\/brokenbar.glif","\/glyphaltstd-light.ufo\/glyphs\/bullet.glif":"\/glyphaltstd-light.ufo\/glyphs\/bullet.glif","\/glyphaltstd-light.ufo\/glyphs\/c.glif":"\/glyphaltstd-light.ufo\/glyphs\/c.glif","\/glyphaltstd-light.ufo\/glyphs\/caron.glif":"\/glyphaltstd-light.ufo\/glyphs\/caron.glif","\/glyphaltstd-light.ufo\/glyphs\/ccedilla.glif":"\/glyphaltstd-light.ufo\/glyphs\/ccedilla.glif","\/glyphaltstd-light.ufo\/glyphs\/cedilla.glif":"\/glyphaltstd-light.ufo\/glyphs\/cedilla.glif","\/glyphaltstd-light.ufo\/glyphs\/cent.glif":"\/glyphaltstd-light.ufo\/glyphs\/cent.glif","\/glyphaltstd-light.ufo\/glyphs\/circumflex.glif":"\/glyphaltstd-light.ufo\/glyphs\/circumflex.glif","\/glyphaltstd-light.ufo\/glyphs\/colon.glif":"\/glyphaltstd-light.ufo\/glyphs\/colon.glif","\/glyphaltstd-light.ufo\/glyphs\/comma.glif":"\/glyphaltstd-light.ufo\/glyphs\/comma.glif","\/glyphaltstd-light.ufo\/glyphs\/contents.plist":"\/glyphaltstd-light.ufo\/glyphs\/contents.plist","\/glyphaltstd-light.ufo\/glyphs\/copyright.glif":"\/glyphaltstd-light.ufo\/glyphs\/copyright.glif","\/glyphaltstd-light.ufo\/glyphs\/currency.glif":"\/glyphaltstd-light.ufo\/glyphs\/currency.glif","\/glyphaltstd-light.ufo\/glyphs\/d.glif":"\/glyphaltstd-light.ufo\/glyphs\/d.glif","\/glyphaltstd-light.ufo\/glyphs\/dagger.glif":"\/glyphaltstd-light.ufo\/glyphs\/dagger.glif","\/glyphaltstd-light.ufo\/glyphs\/daggerdbl.glif":"\/glyphaltstd-light.ufo\/glyphs\/daggerdbl.glif","\/glyphaltstd-light.ufo\/glyphs\/degree.glif":"\/glyphaltstd-light.ufo\/glyphs\/degree.glif","\/glyphaltstd-light.ufo\/glyphs\/dieresis.glif":"\/glyphaltstd-light.ufo\/glyphs\/dieresis.glif","\/glyphaltstd-light.ufo\/glyphs\/divide.glif":"\/glyphaltstd-light.ufo\/glyphs\/divide.glif","\/glyphaltstd-light.ufo\/glyphs\/dollar.glif":"\/glyphaltstd-light.ufo\/glyphs\/dollar.glif","\/glyphaltstd-light.ufo\/glyphs\/dotaccent.glif":"\/glyphaltstd-light.ufo\/glyphs\/dotaccent.glif","\/glyphaltstd-light.ufo\/glyphs\/dotlessi.glif":"\/glyphaltstd-light.ufo\/glyphs\/dotlessi.glif","\/glyphaltstd-light.ufo\/glyphs\/e.glif":"\/glyphaltstd-light.ufo\/glyphs\/e.glif","\/glyphaltstd-light.ufo\/glyphs\/eacute.glif":"\/glyphaltstd-light.ufo\/glyphs\/eacute.glif","\/glyphaltstd-light.ufo\/glyphs\/ecircumflex.glif":"\/glyphaltstd-light.ufo\/glyphs\/ecircumflex.glif","\/glyphaltstd-light.ufo\/glyphs\/edieresis.glif":"\/glyphaltstd-light.ufo\/glyphs\/edieresis.glif","\/glyphaltstd-light.ufo\/glyphs\/egrave.glif":"\/glyphaltstd-light.ufo\/glyphs\/egrave.glif","\/glyphaltstd-light.ufo\/glyphs\/eight.glif":"\/glyphaltstd-light.ufo\/glyphs\/eight.glif","\/glyphaltstd-light.ufo\/glyphs\/ellipsis.glif":"\/glyphaltstd-light.ufo\/glyphs\/ellipsis.glif","\/glyphaltstd-light.ufo\/glyphs\/emdash.glif":"\/glyphaltstd-light.ufo\/glyphs\/emdash.glif","\/glyphaltstd-light.ufo\/glyphs\/endash.glif":"\/glyphaltstd-light.ufo\/glyphs\/endash.glif","\/glyphaltstd-light.ufo\/glyphs\/equal.glif":"\/glyphaltstd-light.ufo\/glyphs\/equal.glif","\/glyphaltstd-light.ufo\/glyphs\/estimated.glif":"\/glyphaltstd-light.ufo\/glyphs\/estimated.glif","\/glyphaltstd-light.ufo\/glyphs\/eth.glif":"\/glyphaltstd-light.ufo\/glyphs\/eth.glif","\/glyphaltstd-light.ufo\/glyphs\/exclam.glif":"\/glyphaltstd-light.ufo\/glyphs\/exclam.glif","\/glyphaltstd-light.ufo\/glyphs\/exclamdown.glif":"\/glyphaltstd-light.ufo\/glyphs\/exclamdown.glif","\/glyphaltstd-light.ufo\/glyphs\/f.glif":"\/glyphaltstd-light.ufo\/glyphs\/f.glif","\/glyphaltstd-light.ufo\/glyphs\/f_i.glif":"\/glyphaltstd-light.ufo\/glyphs\/f_i.glif","\/glyphaltstd-light.ufo\/glyphs\/f_l.glif":"\/glyphaltstd-light.ufo\/glyphs\/f_l.glif","\/glyphaltstd-light.ufo\/glyphs\/fi.glif":"\/glyphaltstd-light.ufo\/glyphs\/fi.glif","\/glyphaltstd-light.ufo\/glyphs\/five.glif":"\/glyphaltstd-light.ufo\/glyphs\/five.glif","\/glyphaltstd-light.ufo\/glyphs\/fl.glif":"\/glyphaltstd-light.ufo\/glyphs\/fl.glif","\/glyphaltstd-light.ufo\/glyphs\/florin.glif":"\/glyphaltstd-light.ufo\/glyphs\/florin.glif","\/glyphaltstd-light.ufo\/glyphs\/four.glif":"\/glyphaltstd-light.ufo\/glyphs\/four.glif","\/glyphaltstd-light.ufo\/glyphs\/fraction.glif":"\/glyphaltstd-light.ufo\/glyphs\/fraction.glif","\/glyphaltstd-light.ufo\/glyphs\/g.glif":"\/glyphaltstd-light.ufo\/glyphs\/g.glif","\/glyphaltstd-light.ufo\/glyphs\/germandbls.glif":"\/glyphaltstd-light.ufo\/glyphs\/germandbls.glif","\/glyphaltstd-light.ufo\/glyphs\/grave.glif":"\/glyphaltstd-light.ufo\/glyphs\/grave.glif","\/glyphaltstd-light.ufo\/glyphs\/greater.glif":"\/glyphaltstd-light.ufo\/glyphs\/greater.glif","\/glyphaltstd-light.ufo\/glyphs\/greaterequal.glif":"\/glyphaltstd-light.ufo\/glyphs\/greaterequal.glif","\/glyphaltstd-light.ufo\/glyphs\/guillemotleft.glif":"\/glyphaltstd-light.ufo\/glyphs\/guillemotleft.glif","\/glyphaltstd-light.ufo\/glyphs\/guillemotright.glif":"\/glyphaltstd-light.ufo\/glyphs\/guillemotright.glif","\/glyphaltstd-light.ufo\/glyphs\/guilsinglleft.glif":"\/glyphaltstd-light.ufo\/glyphs\/guilsinglleft.glif","\/glyphaltstd-light.ufo\/glyphs\/guilsinglright.glif":"\/glyphaltstd-light.ufo\/glyphs\/guilsinglright.glif","\/glyphaltstd-light.ufo\/glyphs\/h.glif":"\/glyphaltstd-light.ufo\/glyphs\/h.glif","\/glyphaltstd-light.ufo\/glyphs\/hungarumlaut.glif":"\/glyphaltstd-light.ufo\/glyphs\/hungarumlaut.glif","\/glyphaltstd-light.ufo\/glyphs\/hyphen.glif":"\/glyphaltstd-light.ufo\/glyphs\/hyphen.glif","\/glyphaltstd-light.ufo\/glyphs\/i.glif":"\/glyphaltstd-light.ufo\/glyphs\/i.glif","\/glyphaltstd-light.ufo\/glyphs\/iacute.glif":"\/glyphaltstd-light.ufo\/glyphs\/iacute.glif","\/glyphaltstd-light.ufo\/glyphs\/icircumflex.glif":"\/glyphaltstd-light.ufo\/glyphs\/icircumflex.glif","\/glyphaltstd-light.ufo\/glyphs\/idieresis.glif":"\/glyphaltstd-light.ufo\/glyphs\/idieresis.glif","\/glyphaltstd-light.ufo\/glyphs\/igrave.glif":"\/glyphaltstd-light.ufo\/glyphs\/igrave.glif","\/glyphaltstd-light.ufo\/glyphs\/infinity.glif":"\/glyphaltstd-light.ufo\/glyphs\/infinity.glif","\/glyphaltstd-light.ufo\/glyphs\/integral.glif":"\/glyphaltstd-light.ufo\/glyphs\/integral.glif","\/glyphaltstd-light.ufo\/glyphs\/j.glif":"\/glyphaltstd-light.ufo\/glyphs\/j.glif","\/glyphaltstd-light.ufo\/glyphs\/k.glif":"\/glyphaltstd-light.ufo\/glyphs\/k.glif","\/glyphaltstd-light.ufo\/glyphs\/l.glif":"\/glyphaltstd-light.ufo\/glyphs\/l.glif","\/glyphaltstd-light.ufo\/glyphs\/less.glif":"\/glyphaltstd-light.ufo\/glyphs\/less.glif","\/glyphaltstd-light.ufo\/glyphs\/lessequal.glif":"\/glyphaltstd-light.ufo\/glyphs\/lessequal.glif","\/glyphaltstd-light.ufo\/glyphs\/logicalnot.glif":"\/glyphaltstd-light.ufo\/glyphs\/logicalnot.glif","\/glyphaltstd-light.ufo\/glyphs\/lozenge.glif":"\/glyphaltstd-light.ufo\/glyphs\/lozenge.glif","\/glyphaltstd-light.ufo\/glyphs\/lslash.glif":"\/glyphaltstd-light.ufo\/glyphs\/lslash.glif","\/glyphaltstd-light.ufo\/glyphs\/m.glif":"\/glyphaltstd-light.ufo\/glyphs\/m.glif","\/glyphaltstd-light.ufo\/glyphs\/macron.glif":"\/glyphaltstd-light.ufo\/glyphs\/macron.glif","\/glyphaltstd-light.ufo\/glyphs\/minus.glif":"\/glyphaltstd-light.ufo\/glyphs\/minus.glif","\/glyphaltstd-light.ufo\/glyphs\/mu.glif":"\/glyphaltstd-light.ufo\/glyphs\/mu.glif","\/glyphaltstd-light.ufo\/glyphs\/multiply.glif":"\/glyphaltstd-light.ufo\/glyphs\/multiply.glif","\/glyphaltstd-light.ufo\/glyphs\/n.glif":"\/glyphaltstd-light.ufo\/glyphs\/n.glif","\/glyphaltstd-light.ufo\/glyphs\/nine.glif":"\/glyphaltstd-light.ufo\/glyphs\/nine.glif","\/glyphaltstd-light.ufo\/glyphs\/notequal.glif":"\/glyphaltstd-light.ufo\/glyphs\/notequal.glif","\/glyphaltstd-light.ufo\/glyphs\/ntilde.glif":"\/glyphaltstd-light.ufo\/glyphs\/ntilde.glif","\/glyphaltstd-light.ufo\/glyphs\/numbersign.glif":"\/glyphaltstd-light.ufo\/glyphs\/numbersign.glif","\/glyphaltstd-light.ufo\/glyphs\/o.glif":"\/glyphaltstd-light.ufo\/glyphs\/o.glif","\/glyphaltstd-light.ufo\/glyphs\/o.superior.glif":"\/glyphaltstd-light.ufo\/glyphs\/o.superior.glif","\/glyphaltstd-light.ufo\/glyphs\/oacute.glif":"\/glyphaltstd-light.ufo\/glyphs\/oacute.glif","\/glyphaltstd-light.ufo\/glyphs\/ocircumflex.glif":"\/glyphaltstd-light.ufo\/glyphs\/ocircumflex.glif","\/glyphaltstd-light.ufo\/glyphs\/odieresis.glif":"\/glyphaltstd-light.ufo\/glyphs\/odieresis.glif","\/glyphaltstd-light.ufo\/glyphs\/oe.glif":"\/glyphaltstd-light.ufo\/glyphs\/oe.glif","\/glyphaltstd-light.ufo\/glyphs\/ogonek.glif":"\/glyphaltstd-light.ufo\/glyphs\/ogonek.glif","\/glyphaltstd-light.ufo\/glyphs\/ograve.glif":"\/glyphaltstd-light.ufo\/glyphs\/ograve.glif","\/glyphaltstd-light.ufo\/glyphs\/one.glif":"\/glyphaltstd-light.ufo\/glyphs\/one.glif","\/glyphaltstd-light.ufo\/glyphs\/one.superior.glif":"\/glyphaltstd-light.ufo\/glyphs\/one.superior.glif","\/glyphaltstd-light.ufo\/glyphs\/onehalf.glif":"\/glyphaltstd-light.ufo\/glyphs\/onehalf.glif","\/glyphaltstd-light.ufo\/glyphs\/onequarter.glif":"\/glyphaltstd-light.ufo\/glyphs\/onequarter.glif","\/glyphaltstd-light.ufo\/glyphs\/onesuperior.glif":"\/glyphaltstd-light.ufo\/glyphs\/onesuperior.glif","\/glyphaltstd-light.ufo\/glyphs\/ordfeminine.glif":"\/glyphaltstd-light.ufo\/glyphs\/ordfeminine.glif","\/glyphaltstd-light.ufo\/glyphs\/ordmasculine.glif":"\/glyphaltstd-light.ufo\/glyphs\/ordmasculine.glif","\/glyphaltstd-light.ufo\/glyphs\/oslash.glif":"\/glyphaltstd-light.ufo\/glyphs\/oslash.glif","\/glyphaltstd-light.ufo\/glyphs\/otilde.glif":"\/glyphaltstd-light.ufo\/glyphs\/otilde.glif","\/glyphaltstd-light.ufo\/glyphs\/p.glif":"\/glyphaltstd-light.ufo\/glyphs\/p.glif","\/glyphaltstd-light.ufo\/glyphs\/paragraph.glif":"\/glyphaltstd-light.ufo\/glyphs\/paragraph.glif","\/glyphaltstd-light.ufo\/glyphs\/parenleft.glif":"\/glyphaltstd-light.ufo\/glyphs\/parenleft.glif","\/glyphaltstd-light.ufo\/glyphs\/parenright.glif":"\/glyphaltstd-light.ufo\/glyphs\/parenright.glif","\/glyphaltstd-light.ufo\/glyphs\/partialdiff.glif":"\/glyphaltstd-light.ufo\/glyphs\/partialdiff.glif","\/glyphaltstd-light.ufo\/glyphs\/percent.glif":"\/glyphaltstd-light.ufo\/glyphs\/percent.glif","\/glyphaltstd-light.ufo\/glyphs\/period.glif":"\/glyphaltstd-light.ufo\/glyphs\/period.glif","\/glyphaltstd-light.ufo\/glyphs\/periodcentered.glif":"\/glyphaltstd-light.ufo\/glyphs\/periodcentered.glif","\/glyphaltstd-light.ufo\/glyphs\/perthousand.glif":"\/glyphaltstd-light.ufo\/glyphs\/perthousand.glif","\/glyphaltstd-light.ufo\/glyphs\/pi.glif":"\/glyphaltstd-light.ufo\/glyphs\/pi.glif","\/glyphaltstd-light.ufo\/glyphs\/plus.glif":"\/glyphaltstd-light.ufo\/glyphs\/plus.glif","\/glyphaltstd-light.ufo\/glyphs\/plusminus.glif":"\/glyphaltstd-light.ufo\/glyphs\/plusminus.glif","\/glyphaltstd-light.ufo\/glyphs\/product.glif":"\/glyphaltstd-light.ufo\/glyphs\/product.glif","\/glyphaltstd-light.ufo\/glyphs\/q.glif":"\/glyphaltstd-light.ufo\/glyphs\/q.glif","\/glyphaltstd-light.ufo\/glyphs\/question.glif":"\/glyphaltstd-light.ufo\/glyphs\/question.glif","\/glyphaltstd-light.ufo\/glyphs\/questiondown.glif":"\/glyphaltstd-light.ufo\/glyphs\/questiondown.glif","\/glyphaltstd-light.ufo\/glyphs\/quotedbl.glif":"\/glyphaltstd-light.ufo\/glyphs\/quotedbl.glif","\/glyphaltstd-light.ufo\/glyphs\/quotedblbase.glif":"\/glyphaltstd-light.ufo\/glyphs\/quotedblbase.glif","\/glyphaltstd-light.ufo\/glyphs\/quotedblleft.glif":"\/glyphaltstd-light.ufo\/glyphs\/quotedblleft.glif","\/glyphaltstd-light.ufo\/glyphs\/quotedblright.glif":"\/glyphaltstd-light.ufo\/glyphs\/quotedblright.glif","\/glyphaltstd-light.ufo\/glyphs\/quoteleft.glif":"\/glyphaltstd-light.ufo\/glyphs\/quoteleft.glif","\/glyphaltstd-light.ufo\/glyphs\/quoteright.glif":"\/glyphaltstd-light.ufo\/glyphs\/quoteright.glif","\/glyphaltstd-light.ufo\/glyphs\/quotesinglbase.glif":"\/glyphaltstd-light.ufo\/glyphs\/quotesinglbase.glif","\/glyphaltstd-light.ufo\/glyphs\/quotesingle.glif":"\/glyphaltstd-light.ufo\/glyphs\/quotesingle.glif","\/glyphaltstd-light.ufo\/glyphs\/r.glif":"\/glyphaltstd-light.ufo\/glyphs\/r.glif","\/glyphaltstd-light.ufo\/glyphs\/radical.glif":"\/glyphaltstd-light.ufo\/glyphs\/radical.glif","\/glyphaltstd-light.ufo\/glyphs\/registered.glif":"\/glyphaltstd-light.ufo\/glyphs\/registered.glif","\/glyphaltstd-light.ufo\/glyphs\/ring.glif":"\/glyphaltstd-light.ufo\/glyphs\/ring.glif","\/glyphaltstd-light.ufo\/glyphs\/s.glif":"\/glyphaltstd-light.ufo\/glyphs\/s.glif","\/glyphaltstd-light.ufo\/glyphs\/scaron.glif":"\/glyphaltstd-light.ufo\/glyphs\/scaron.glif","\/glyphaltstd-light.ufo\/glyphs\/section.glif":"\/glyphaltstd-light.ufo\/glyphs\/section.glif","\/glyphaltstd-light.ufo\/glyphs\/semicolon.glif":"\/glyphaltstd-light.ufo\/glyphs\/semicolon.glif","\/glyphaltstd-light.ufo\/glyphs\/seven.glif":"\/glyphaltstd-light.ufo\/glyphs\/seven.glif","\/glyphaltstd-light.ufo\/glyphs\/six.glif":"\/glyphaltstd-light.ufo\/glyphs\/six.glif","\/glyphaltstd-light.ufo\/glyphs\/slash.glif":"\/glyphaltstd-light.ufo\/glyphs\/slash.glif","\/glyphaltstd-light.ufo\/glyphs\/space.glif":"\/glyphaltstd-light.ufo\/glyphs\/space.glif","\/glyphaltstd-light.ufo\/glyphs\/sterling.glif":"\/glyphaltstd-light.ufo\/glyphs\/sterling.glif","\/glyphaltstd-light.ufo\/glyphs\/summation.glif":"\/glyphaltstd-light.ufo\/glyphs\/summation.glif","\/glyphaltstd-light.ufo\/glyphs\/t.glif":"\/glyphaltstd-light.ufo\/glyphs\/t.glif","\/glyphaltstd-light.ufo\/glyphs\/thorn.glif":"\/glyphaltstd-light.ufo\/glyphs\/thorn.glif","\/glyphaltstd-light.ufo\/glyphs\/three.glif":"\/glyphaltstd-light.ufo\/glyphs\/three.glif","\/glyphaltstd-light.ufo\/glyphs\/three.superior.glif":"\/glyphaltstd-light.ufo\/glyphs\/three.superior.glif","\/glyphaltstd-light.ufo\/glyphs\/threequarters.glif":"\/glyphaltstd-light.ufo\/glyphs\/threequarters.glif","\/glyphaltstd-light.ufo\/glyphs\/threesuperior.glif":"\/glyphaltstd-light.ufo\/glyphs\/threesuperior.glif","\/glyphaltstd-light.ufo\/glyphs\/tilde.glif":"\/glyphaltstd-light.ufo\/glyphs\/tilde.glif","\/glyphaltstd-light.ufo\/glyphs\/trademark.glif":"\/glyphaltstd-light.ufo\/glyphs\/trademark.glif","\/glyphaltstd-light.ufo\/glyphs\/two.glif":"\/glyphaltstd-light.ufo\/glyphs\/two.glif","\/glyphaltstd-light.ufo\/glyphs\/two.superior.glif":"\/glyphaltstd-light.ufo\/glyphs\/two.superior.glif","\/glyphaltstd-light.ufo\/glyphs\/twosuperior.glif":"\/glyphaltstd-light.ufo\/glyphs\/twosuperior.glif","\/glyphaltstd-light.ufo\/glyphs\/u.glif":"\/glyphaltstd-light.ufo\/glyphs\/u.glif","\/glyphaltstd-light.ufo\/glyphs\/uacute.glif":"\/glyphaltstd-light.ufo\/glyphs\/uacute.glif","\/glyphaltstd-light.ufo\/glyphs\/ucircumflex.glif":"\/glyphaltstd-light.ufo\/glyphs\/ucircumflex.glif","\/glyphaltstd-light.ufo\/glyphs\/udieresis.glif":"\/glyphaltstd-light.ufo\/glyphs\/udieresis.glif","\/glyphaltstd-light.ufo\/glyphs\/ugrave.glif":"\/glyphaltstd-light.ufo\/glyphs\/ugrave.glif","\/glyphaltstd-light.ufo\/glyphs\/underscore.glif":"\/glyphaltstd-light.ufo\/glyphs\/underscore.glif","\/glyphaltstd-light.ufo\/glyphs\/uni00A_0.glif":"\/glyphaltstd-light.ufo\/glyphs\/uni00A_0.glif","\/glyphaltstd-light.ufo\/glyphs\/uni00A_D_.glif":"\/glyphaltstd-light.ufo\/glyphs\/uni00A_D_.glif","\/glyphaltstd-light.ufo\/glyphs\/uni02C_9.glif":"\/glyphaltstd-light.ufo\/glyphs\/uni02C_9.glif","\/glyphaltstd-light.ufo\/glyphs\/uni03A_9.glif":"\/glyphaltstd-light.ufo\/glyphs\/uni03A_9.glif","\/glyphaltstd-light.ufo\/glyphs\/uni03B_C_.glif":"\/glyphaltstd-light.ufo\/glyphs\/uni03B_C_.glif","\/glyphaltstd-light.ufo\/glyphs\/uni2010.glif":"\/glyphaltstd-light.ufo\/glyphs\/uni2010.glif","\/glyphaltstd-light.ufo\/glyphs\/uni2215.glif":"\/glyphaltstd-light.ufo\/glyphs\/uni2215.glif","\/glyphaltstd-light.ufo\/glyphs\/uni2219.glif":"\/glyphaltstd-light.ufo\/glyphs\/uni2219.glif","\/glyphaltstd-light.ufo\/glyphs\/v.glif":"\/glyphaltstd-light.ufo\/glyphs\/v.glif","\/glyphaltstd-light.ufo\/glyphs\/w.glif":"\/glyphaltstd-light.ufo\/glyphs\/w.glif","\/glyphaltstd-light.ufo\/glyphs\/x.glif":"\/glyphaltstd-light.ufo\/glyphs\/x.glif","\/glyphaltstd-light.ufo\/glyphs\/y.glif":"\/glyphaltstd-light.ufo\/glyphs\/y.glif","\/glyphaltstd-light.ufo\/glyphs\/yacute.glif":"\/glyphaltstd-light.ufo\/glyphs\/yacute.glif","\/glyphaltstd-light.ufo\/glyphs\/ydieresis.glif":"\/glyphaltstd-light.ufo\/glyphs\/ydieresis.glif","\/glyphaltstd-light.ufo\/glyphs\/yen.glif":"\/glyphaltstd-light.ufo\/glyphs\/yen.glif","\/glyphaltstd-light.ufo\/glyphs\/z.glif":"\/glyphaltstd-light.ufo\/glyphs\/z.glif","\/glyphaltstd-light.ufo\/glyphs\/zcaron.glif":"\/glyphaltstd-light.ufo\/glyphs\/zcaron.glif","\/glyphaltstd-light.ufo\/glyphs\/zero.glif":"\/glyphaltstd-light.ufo\/glyphs\/zero.glif"},"Font":{"uploaded":1472376029.249,"licence":"gpl3","company":"Chronolabs Cooperative","title":"Glypha LTStd Light","version":3.002,"date":"Sun Aug 28 07:51:51 2016","creator":"root","type":"1","matrix":"0.001 0 0 0.001 0 0","named":"GlyphaLTStd-Light","painttype":"0","info":"11 dict dup","name":"Glypha LT Std 45 Light","family":"Glypha LT Std","weight":"Light","fstype":"4","italicangle":"0","underlineposition":"","underlinethickness":""},"Licences":{"":false},"Table":{"FFTM":{"entryLength":16,"tag":"FFTM","checksum":1947015870,"offset":27412,"length":28},"GDEF":{"entryLength":16,"tag":"GDEF","checksum":20185094,"offset":27380,"length":32},"OS\/2":{"entryLength":16,"tag":"OS\/2","checksum":1984968671,"offset":344,"length":86},"cmap":{"entryLength":16,"tag":"cmap","checksum":2350608698,"offset":1484,"length":892},"gasp":{"entryLength":16,"tag":"gasp","checksum":4294901763,"offset":27372,"length":8},"glyf":{"entryLength":16,"tag":"glyf","checksum":518549149,"offset":2904,"length":20776},"head":{"entryLength":16,"tag":"head","checksum":171019053,"offset":220,"length":54},"hhea":{"entryLength":16,"tag":"hhea","checksum":120980303,"offset":276,"length":36},"hmtx":{"entryLength":16,"tag":"hmtx","checksum":87630700,"offset":432,"length":1052},"loca":{"entryLength":16,"tag":"loca","checksum":629946762,"offset":2376,"length":528},"maxp":{"entryLength":16,"tag":"maxp","checksum":22020163,"offset":312,"length":32},"name":{"entryLength":16,"tag":"name","checksum":3316979555,"offset":23680,"length":2970},"post":{"entryLength":16,"tag":"post","checksum":1417751161,"offset":26652,"length":720}},"UnicodeCharMap":{"32":3,"33":4,"34":5,"35":6,"36":7,"37":8,"38":9,"39":10,"40":11,"41":12,"42":13,"43":14,"44":15,"45":16,"46":17,"47":18,"48":19,"49":20,"50":21,"51":22,"52":23,"53":24,"54":25,"55":26,"56":27,"57":28,"58":29,"59":30,"60":31,"61":32,"62":33,"63":34,"64":35,"65":36,"66":37,"67":38,"68":39,"69":40,"70":41,"71":42,"72":43,"73":44,"74":45,"75":46,"76":47,"77":48,"78":49,"79":50,"80":51,"81":52,"82":53,"83":54,"84":55,"85":56,"86":57,"87":58,"88":59,"89":60,"90":61,"91":62,"92":63,"93":64,"94":65,"95":66,"96":67,"97":68,"98":69,"99":70,"100":71,"101":72,"102":73,"103":74,"104":75,"105":76,"106":77,"107":78,"108":79,"109":80,"110":81,"111":82,"112":83,"113":84,"114":85,"115":86,"116":87,"117":88,"118":89,"119":90,"120":91,"121":92,"122":93,"123":94,"124":95,"125":96,"126":97,"160":98,"161":99,"162":100,"163":101,"164":102,"165":103,"166":104,"167":105,"168":106,"169":107,"170":108,"171":109,"172":110,"173":111,"174":112,"175":113,"176":114,"177":115,"178":260,"179":261,"180":118,"182":120,"183":121,"184":122,"185":259,"186":124,"187":125,"188":126,"189":127,"190":128,"191":129,"192":130,"193":131,"194":132,"195":133,"196":134,"197":135,"198":136,"199":137,"200":138,"201":139,"202":140,"203":141,"204":142,"205":143,"206":144,"207":145,"208":146,"209":147,"210":148,"211":149,"212":150,"213":151,"214":152,"215":153,"216":154,"217":155,"218":156,"219":157,"220":158,"221":159,"222":160,"223":161,"224":162,"225":163,"226":164,"227":165,"228":166,"229":167,"230":168,"231":169,"232":170,"233":171,"234":172,"235":173,"236":174,"237":175,"238":176,"239":177,"240":178,"241":179,"242":180,"243":181,"244":182,"245":183,"246":184,"247":185,"248":186,"249":187,"250":188,"251":189,"252":190,"253":191,"254":192,"255":193,"305":223,"321":221,"322":224,"338":222,"339":225,"352":228,"353":231,"376":229,"381":230,"382":232,"402":197,"710":212,"711":219,"713":252,"728":214,"729":215,"730":216,"731":218,"732":213,"733":217,"916":233,"937":253,"956":235,"960":236,"8208":262,"8211":203,"8212":220,"8216":195,"8217":194,"8218":207,"8220":198,"8221":209,"8222":208,"8224":204,"8225":205,"8226":206,"8230":210,"8240":211,"8249":199,"8250":200,"8260":196,"8364":237,"8467":238,"8482":226,"8494":239,"8706":240,"8719":241,"8721":242,"8722":227,"8725":254,"8729":243,"8730":244,"8734":245,"8747":246,"8776":247,"8800":248,"8804":249,"8805":250,"9674":251,"64257":255,"64258":256},"Reserves":{"fontname":"Glypha LT Std 4 5 Light"},"Names":{"Glypha LT Std 4 5 Light":{"name":"Glypha LT Std 4 5 Light","longitude":"0.00000001","latitude":"0.00000001","country":"","region":"","city":""}},"Nodes":{"gl":{"type":"typal","node":"gl","usage":1,"weight":1},"ha":{"type":"typal","node":"ha","usage":1,"weight":1},"st":{"type":"typal","node":"st","usage":1,"weight":1},"td":{"type":"typal","node":"td","usage":1,"weight":1},"li":{"type":"typal","node":"li","usage":1,"weight":1},"ht":{"type":"typal","node":"ht","usage":1,"weight":1},"gly":{"type":"typal","node":"gly","usage":1,"weight":1},"pha":{"type":"typal","node":"pha","usage":1,"weight":1},"lig":{"type":"typal","node":"lig","usage":1,"weight":1},"ght":{"type":"typal","node":"ght","usage":1,"weight":1},"glyp":{"type":"keys","node":"glyp","usage":1,"weight":1},"ypha":{"type":"keys","node":"ypha","usage":1,"weight":1},"ligh":{"type":"keys","node":"ligh","usage":1,"weight":1},"ight":{"type":"keys","node":"ight","usage":1,"weight":1},"glyph":{"type":"keys","node":"glyph","usage":1,"weight":1},"lypha":{"type":"keys","node":"lypha","usage":1,"weight":1},"glypha":{"type":"fixes","node":"glypha","usage":1,"weight":1},"lt":{"type":"fixes","node":"lt","usage":1,"weight":1},"std":{"type":"fixes","node":"std","usage":1,"weight":1},"4":{"type":"fixes","node":4,"usage":1,"weight":1},"5":{"type":"fixes","node":5,"usage":1,"weight":1},"light":{"type":"fixes","node":"light","usage":1,"weight":1}},"Contributors":[],"FontIdentity":"thatcher0:5054c1385eeb71d17d484a","Bytes":null,"Networking":[],"barcode":"12wogycekyeuou","referee":"m2o42"}