{"CSS":{"ZineSlabDis Medium Roman Exp":"ZineSlabDis+Medium+Roman+Exp.css","Zine Slab Dis Medium Roman Exp":"buddha0:2ee6d10a304c11d19c2dca7a.css"},"FontType":"TrueType","FontCopyright":"2001 Ole Schaefer, published by FontShop International for the FontFont library.","FontName":"ZineSlabDis","FontSubfamily":"MediumRomanExp","FontSubfamilyID":"FontForge 2.0 : ZineSlabDis Medium Roman Exp : 15-10-2016","FontFullName":"Zine Slab Dis Medium Roman Exp","FontVersion":"Version 004.301 ","FontWeight":null,"FontPostscriptName":"ZineSlabDis-MediumRomanExp","Files":{"\/ZineSlabDis Medium Roman Exp.css":"\/ZineSlabDis Medium Roman Exp.css","\/font-resource.json":"\/font-resource.json","\/zineslabdis-mediumromanexp.afm":"\/zineslabdis-mediumromanexp.afm","\/zineslabdis-mediumromanexp.cef":"\/zineslabdis-mediumromanexp.cef","\/zineslabdis-mediumromanexp.cff":"\/zineslabdis-mediumromanexp.cff","\/zineslabdis-mediumromanexp.eot":"\/zineslabdis-mediumromanexp.eot","\/zineslabdis-mediumromanexp.gai":"\/zineslabdis-mediumromanexp.gai","\/zineslabdis-mediumromanexp.gsf":"\/zineslabdis-mediumromanexp.gsf","\/zineslabdis-mediumromanexp.otf":"\/zineslabdis-mediumromanexp.otf","\/zineslabdis-mediumromanexp.pf3":"\/zineslabdis-mediumromanexp.pf3","\/zineslabdis-mediumromanexp.pfa":"\/zineslabdis-mediumromanexp.pfa","\/zineslabdis-mediumromanexp.pfb":"\/zineslabdis-mediumromanexp.pfb","\/zineslabdis-mediumromanexp.php":"\/zineslabdis-mediumromanexp.php","\/zineslabdis-mediumromanexp.pt3":"\/zineslabdis-mediumromanexp.pt3","\/zineslabdis-mediumromanexp.sfd":"\/zineslabdis-mediumromanexp.sfd","\/zineslabdis-mediumromanexp.svg":"\/zineslabdis-mediumromanexp.svg","\/zineslabdis-mediumromanexp.t42":"\/zineslabdis-mediumromanexp.t42","\/zineslabdis-mediumromanexp.ttd":"\/zineslabdis-mediumromanexp.ttd","\/zineslabdis-mediumromanexp.ttf":"\/zineslabdis-mediumromanexp.ttf","\/zineslabdis-mediumromanexp.ttg":"\/zineslabdis-mediumromanexp.ttg","\/zineslabdis-mediumromanexp.ufm":"\/zineslabdis-mediumromanexp.ufm","\/zineslabdis-mediumromanexp.woff":"\/zineslabdis-mediumromanexp.woff","\/zineslabdis-mediumromanexp.z":"\/zineslabdis-mediumromanexp.z","\/zineslabdis-mediumromanexp.ufo\/feature.fea":"\/zineslabdis-mediumromanexp.ufo\/feature.fea","\/zineslabdis-mediumromanexp.ufo\/fontinfo.plist":"\/zineslabdis-mediumromanexp.ufo\/fontinfo.plist","\/zineslabdis-mediumromanexp.ufo\/groups.plist":"\/zineslabdis-mediumromanexp.ufo\/groups.plist","\/zineslabdis-mediumromanexp.ufo\/kerning.plist":"\/zineslabdis-mediumromanexp.ufo\/kerning.plist","\/zineslabdis-mediumromanexp.ufo\/metainfo.plist":"\/zineslabdis-mediumromanexp.ufo\/metainfo.plist","\/zineslabdis-mediumromanexp.ufo\/glyphs\/A_.glif":"\/zineslabdis-mediumromanexp.ufo\/glyphs\/A_.glif","\/zineslabdis-mediumromanexp.ufo\/glyphs\/A_E_.glif":"\/zineslabdis-mediumromanexp.ufo\/glyphs\/A_E_.glif","\/zineslabdis-mediumromanexp.ufo\/glyphs\/A_acute.glif":"\/zineslabdis-mediumromanexp.ufo\/glyphs\/A_acute.glif","\/zineslabdis-mediumromanexp.ufo\/glyphs\/A_circumflex.glif":"\/zineslabdis-mediumromanexp.ufo\/glyphs\/A_circumflex.glif","\/zineslabdis-mediumromanexp.ufo\/glyphs\/A_dieresis.glif":"\/zineslabdis-mediumromanexp.ufo\/glyphs\/A_dieresis.glif","\/zineslabdis-mediumromanexp.ufo\/glyphs\/A_grave.glif":"\/zineslabdis-mediumromanexp.ufo\/glyphs\/A_grave.glif","\/zineslabdis-mediumromanexp.ufo\/glyphs\/A_ring.glif":"\/zineslabdis-mediumromanexp.ufo\/glyphs\/A_ring.glif","\/zineslabdis-mediumromanexp.ufo\/glyphs\/A_tilde.glif":"\/zineslabdis-mediumromanexp.ufo\/glyphs\/A_tilde.glif","\/zineslabdis-mediumromanexp.ufo\/glyphs\/B_.glif":"\/zineslabdis-mediumromanexp.ufo\/glyphs\/B_.glif","\/zineslabdis-mediumromanexp.ufo\/glyphs\/C_.glif":"\/zineslabdis-mediumromanexp.ufo\/glyphs\/C_.glif","\/zineslabdis-mediumromanexp.ufo\/glyphs\/C_cedilla.glif":"\/zineslabdis-mediumromanexp.ufo\/glyphs\/C_cedilla.glif","\/zineslabdis-mediumromanexp.ufo\/glyphs\/D_.glif":"\/zineslabdis-mediumromanexp.ufo\/glyphs\/D_.glif","\/zineslabdis-mediumromanexp.ufo\/glyphs\/E_.glif":"\/zineslabdis-mediumromanexp.ufo\/glyphs\/E_.glif","\/zineslabdis-mediumromanexp.ufo\/glyphs\/E_acute.glif":"\/zineslabdis-mediumromanexp.ufo\/glyphs\/E_acute.glif","\/zineslabdis-mediumromanexp.ufo\/glyphs\/E_circumflex.glif":"\/zineslabdis-mediumromanexp.ufo\/glyphs\/E_circumflex.glif","\/zineslabdis-mediumromanexp.ufo\/glyphs\/E_dieresis.glif":"\/zineslabdis-mediumromanexp.ufo\/glyphs\/E_dieresis.glif","\/zineslabdis-mediumromanexp.ufo\/glyphs\/E_grave.glif":"\/zineslabdis-mediumromanexp.ufo\/glyphs\/E_grave.glif","\/zineslabdis-mediumromanexp.ufo\/glyphs\/E_th.glif":"\/zineslabdis-mediumromanexp.ufo\/glyphs\/E_th.glif","\/zineslabdis-mediumromanexp.ufo\/glyphs\/E_uro.glif":"\/zineslabdis-mediumromanexp.ufo\/glyphs\/E_uro.glif","\/zineslabdis-mediumromanexp.ufo\/glyphs\/F_.glif":"\/zineslabdis-mediumromanexp.ufo\/glyphs\/F_.glif","\/zineslabdis-mediumromanexp.ufo\/glyphs\/G_.glif":"\/zineslabdis-mediumromanexp.ufo\/glyphs\/G_.glif","\/zineslabdis-mediumromanexp.ufo\/glyphs\/H_.glif":"\/zineslabdis-mediumromanexp.ufo\/glyphs\/H_.glif","\/zineslabdis-mediumromanexp.ufo\/glyphs\/I_.glif":"\/zineslabdis-mediumromanexp.ufo\/glyphs\/I_.glif","\/zineslabdis-mediumromanexp.ufo\/glyphs\/I_acute.glif":"\/zineslabdis-mediumromanexp.ufo\/glyphs\/I_acute.glif","\/zineslabdis-mediumromanexp.ufo\/glyphs\/I_circumflex.glif":"\/zineslabdis-mediumromanexp.ufo\/glyphs\/I_circumflex.glif","\/zineslabdis-mediumromanexp.ufo\/glyphs\/I_dieresis.glif":"\/zineslabdis-mediumromanexp.ufo\/glyphs\/I_dieresis.glif","\/zineslabdis-mediumromanexp.ufo\/glyphs\/I_grave.glif":"\/zineslabdis-mediumromanexp.ufo\/glyphs\/I_grave.glif","\/zineslabdis-mediumromanexp.ufo\/glyphs\/J_.glif":"\/zineslabdis-mediumromanexp.ufo\/glyphs\/J_.glif","\/zineslabdis-mediumromanexp.ufo\/glyphs\/K_.glif":"\/zineslabdis-mediumromanexp.ufo\/glyphs\/K_.glif","\/zineslabdis-mediumromanexp.ufo\/glyphs\/L_.glif":"\/zineslabdis-mediumromanexp.ufo\/glyphs\/L_.glif","\/zineslabdis-mediumromanexp.ufo\/glyphs\/L_slash.glif":"\/zineslabdis-mediumromanexp.ufo\/glyphs\/L_slash.glif","\/zineslabdis-mediumromanexp.ufo\/glyphs\/M_.glif":"\/zineslabdis-mediumromanexp.ufo\/glyphs\/M_.glif","\/zineslabdis-mediumromanexp.ufo\/glyphs\/N_.glif":"\/zineslabdis-mediumromanexp.ufo\/glyphs\/N_.glif","\/zineslabdis-mediumromanexp.ufo\/glyphs\/N_tilde.glif":"\/zineslabdis-mediumromanexp.ufo\/glyphs\/N_tilde.glif","\/zineslabdis-mediumromanexp.ufo\/glyphs\/O_.glif":"\/zineslabdis-mediumromanexp.ufo\/glyphs\/O_.glif","\/zineslabdis-mediumromanexp.ufo\/glyphs\/O_E_.glif":"\/zineslabdis-mediumromanexp.ufo\/glyphs\/O_E_.glif","\/zineslabdis-mediumromanexp.ufo\/glyphs\/O_acute.glif":"\/zineslabdis-mediumromanexp.ufo\/glyphs\/O_acute.glif","\/zineslabdis-mediumromanexp.ufo\/glyphs\/O_circumflex.glif":"\/zineslabdis-mediumromanexp.ufo\/glyphs\/O_circumflex.glif","\/zineslabdis-mediumromanexp.ufo\/glyphs\/O_dieresis.glif":"\/zineslabdis-mediumromanexp.ufo\/glyphs\/O_dieresis.glif","\/zineslabdis-mediumromanexp.ufo\/glyphs\/O_grave.glif":"\/zineslabdis-mediumromanexp.ufo\/glyphs\/O_grave.glif","\/zineslabdis-mediumromanexp.ufo\/glyphs\/O_slash.glif":"\/zineslabdis-mediumromanexp.ufo\/glyphs\/O_slash.glif","\/zineslabdis-mediumromanexp.ufo\/glyphs\/O_tilde.glif":"\/zineslabdis-mediumromanexp.ufo\/glyphs\/O_tilde.glif","\/zineslabdis-mediumromanexp.ufo\/glyphs\/P_.glif":"\/zineslabdis-mediumromanexp.ufo\/glyphs\/P_.glif","\/zineslabdis-mediumromanexp.ufo\/glyphs\/Q_.glif":"\/zineslabdis-mediumromanexp.ufo\/glyphs\/Q_.glif","\/zineslabdis-mediumromanexp.ufo\/glyphs\/R_.glif":"\/zineslabdis-mediumromanexp.ufo\/glyphs\/R_.glif","\/zineslabdis-mediumromanexp.ufo\/glyphs\/S_.glif":"\/zineslabdis-mediumromanexp.ufo\/glyphs\/S_.glif","\/zineslabdis-mediumromanexp.ufo\/glyphs\/S_caron.glif":"\/zineslabdis-mediumromanexp.ufo\/glyphs\/S_caron.glif","\/zineslabdis-mediumromanexp.ufo\/glyphs\/T_.glif":"\/zineslabdis-mediumromanexp.ufo\/glyphs\/T_.glif","\/zineslabdis-mediumromanexp.ufo\/glyphs\/T_horn.glif":"\/zineslabdis-mediumromanexp.ufo\/glyphs\/T_horn.glif","\/zineslabdis-mediumromanexp.ufo\/glyphs\/U_.glif":"\/zineslabdis-mediumromanexp.ufo\/glyphs\/U_.glif","\/zineslabdis-mediumromanexp.ufo\/glyphs\/U_acute.glif":"\/zineslabdis-mediumromanexp.ufo\/glyphs\/U_acute.glif","\/zineslabdis-mediumromanexp.ufo\/glyphs\/U_circumflex.glif":"\/zineslabdis-mediumromanexp.ufo\/glyphs\/U_circumflex.glif","\/zineslabdis-mediumromanexp.ufo\/glyphs\/U_dieresis.glif":"\/zineslabdis-mediumromanexp.ufo\/glyphs\/U_dieresis.glif","\/zineslabdis-mediumromanexp.ufo\/glyphs\/U_grave.glif":"\/zineslabdis-mediumromanexp.ufo\/glyphs\/U_grave.glif","\/zineslabdis-mediumromanexp.ufo\/glyphs\/V_.glif":"\/zineslabdis-mediumromanexp.ufo\/glyphs\/V_.glif","\/zineslabdis-mediumromanexp.ufo\/glyphs\/W_.glif":"\/zineslabdis-mediumromanexp.ufo\/glyphs\/W_.glif","\/zineslabdis-mediumromanexp.ufo\/glyphs\/X_.glif":"\/zineslabdis-mediumromanexp.ufo\/glyphs\/X_.glif","\/zineslabdis-mediumromanexp.ufo\/glyphs\/Y_.glif":"\/zineslabdis-mediumromanexp.ufo\/glyphs\/Y_.glif","\/zineslabdis-mediumromanexp.ufo\/glyphs\/Y_acute.glif":"\/zineslabdis-mediumromanexp.ufo\/glyphs\/Y_acute.glif","\/zineslabdis-mediumromanexp.ufo\/glyphs\/Y_dieresis.glif":"\/zineslabdis-mediumromanexp.ufo\/glyphs\/Y_dieresis.glif","\/zineslabdis-mediumromanexp.ufo\/glyphs\/Z_.glif":"\/zineslabdis-mediumromanexp.ufo\/glyphs\/Z_.glif","\/zineslabdis-mediumromanexp.ufo\/glyphs\/Z_caron.glif":"\/zineslabdis-mediumromanexp.ufo\/glyphs\/Z_caron.glif","\/zineslabdis-mediumromanexp.ufo\/glyphs\/a.glif":"\/zineslabdis-mediumromanexp.ufo\/glyphs\/a.glif","\/zineslabdis-mediumromanexp.ufo\/glyphs\/aacute.glif":"\/zineslabdis-mediumromanexp.ufo\/glyphs\/aacute.glif","\/zineslabdis-mediumromanexp.ufo\/glyphs\/acircumflex.glif":"\/zineslabdis-mediumromanexp.ufo\/glyphs\/acircumflex.glif","\/zineslabdis-mediumromanexp.ufo\/glyphs\/acute.glif":"\/zineslabdis-mediumromanexp.ufo\/glyphs\/acute.glif","\/zineslabdis-mediumromanexp.ufo\/glyphs\/adieresis.glif":"\/zineslabdis-mediumromanexp.ufo\/glyphs\/adieresis.glif","\/zineslabdis-mediumromanexp.ufo\/glyphs\/ae.glif":"\/zineslabdis-mediumromanexp.ufo\/glyphs\/ae.glif","\/zineslabdis-mediumromanexp.ufo\/glyphs\/agrave.glif":"\/zineslabdis-mediumromanexp.ufo\/glyphs\/agrave.glif","\/zineslabdis-mediumromanexp.ufo\/glyphs\/ampersand.glif":"\/zineslabdis-mediumromanexp.ufo\/glyphs\/ampersand.glif","\/zineslabdis-mediumromanexp.ufo\/glyphs\/aring.glif":"\/zineslabdis-mediumromanexp.ufo\/glyphs\/aring.glif","\/zineslabdis-mediumromanexp.ufo\/glyphs\/asciicircum.glif":"\/zineslabdis-mediumromanexp.ufo\/glyphs\/asciicircum.glif","\/zineslabdis-mediumromanexp.ufo\/glyphs\/asciitilde.glif":"\/zineslabdis-mediumromanexp.ufo\/glyphs\/asciitilde.glif","\/zineslabdis-mediumromanexp.ufo\/glyphs\/asterisk.glif":"\/zineslabdis-mediumromanexp.ufo\/glyphs\/asterisk.glif","\/zineslabdis-mediumromanexp.ufo\/glyphs\/at.glif":"\/zineslabdis-mediumromanexp.ufo\/glyphs\/at.glif","\/zineslabdis-mediumromanexp.ufo\/glyphs\/atilde.glif":"\/zineslabdis-mediumromanexp.ufo\/glyphs\/atilde.glif","\/zineslabdis-mediumromanexp.ufo\/glyphs\/b.glif":"\/zineslabdis-mediumromanexp.ufo\/glyphs\/b.glif","\/zineslabdis-mediumromanexp.ufo\/glyphs\/backslash.glif":"\/zineslabdis-mediumromanexp.ufo\/glyphs\/backslash.glif","\/zineslabdis-mediumromanexp.ufo\/glyphs\/bar.glif":"\/zineslabdis-mediumromanexp.ufo\/glyphs\/bar.glif","\/zineslabdis-mediumromanexp.ufo\/glyphs\/braceleft.glif":"\/zineslabdis-mediumromanexp.ufo\/glyphs\/braceleft.glif","\/zineslabdis-mediumromanexp.ufo\/glyphs\/braceright.glif":"\/zineslabdis-mediumromanexp.ufo\/glyphs\/braceright.glif","\/zineslabdis-mediumromanexp.ufo\/glyphs\/bracketleft.glif":"\/zineslabdis-mediumromanexp.ufo\/glyphs\/bracketleft.glif","\/zineslabdis-mediumromanexp.ufo\/glyphs\/bracketright.glif":"\/zineslabdis-mediumromanexp.ufo\/glyphs\/bracketright.glif","\/zineslabdis-mediumromanexp.ufo\/glyphs\/breve.glif":"\/zineslabdis-mediumromanexp.ufo\/glyphs\/breve.glif","\/zineslabdis-mediumromanexp.ufo\/glyphs\/brokenbar.glif":"\/zineslabdis-mediumromanexp.ufo\/glyphs\/brokenbar.glif","\/zineslabdis-mediumromanexp.ufo\/glyphs\/bullet.glif":"\/zineslabdis-mediumromanexp.ufo\/glyphs\/bullet.glif","\/zineslabdis-mediumromanexp.ufo\/glyphs\/c.glif":"\/zineslabdis-mediumromanexp.ufo\/glyphs\/c.glif","\/zineslabdis-mediumromanexp.ufo\/glyphs\/caron.glif":"\/zineslabdis-mediumromanexp.ufo\/glyphs\/caron.glif","\/zineslabdis-mediumromanexp.ufo\/glyphs\/ccedilla.glif":"\/zineslabdis-mediumromanexp.ufo\/glyphs\/ccedilla.glif","\/zineslabdis-mediumromanexp.ufo\/glyphs\/cedilla.glif":"\/zineslabdis-mediumromanexp.ufo\/glyphs\/cedilla.glif","\/zineslabdis-mediumromanexp.ufo\/glyphs\/cent.glif":"\/zineslabdis-mediumromanexp.ufo\/glyphs\/cent.glif","\/zineslabdis-mediumromanexp.ufo\/glyphs\/circumflex.glif":"\/zineslabdis-mediumromanexp.ufo\/glyphs\/circumflex.glif","\/zineslabdis-mediumromanexp.ufo\/glyphs\/colon.glif":"\/zineslabdis-mediumromanexp.ufo\/glyphs\/colon.glif","\/zineslabdis-mediumromanexp.ufo\/glyphs\/comma.glif":"\/zineslabdis-mediumromanexp.ufo\/glyphs\/comma.glif","\/zineslabdis-mediumromanexp.ufo\/glyphs\/contents.plist":"\/zineslabdis-mediumromanexp.ufo\/glyphs\/contents.plist","\/zineslabdis-mediumromanexp.ufo\/glyphs\/copyright.glif":"\/zineslabdis-mediumromanexp.ufo\/glyphs\/copyright.glif","\/zineslabdis-mediumromanexp.ufo\/glyphs\/currency.glif":"\/zineslabdis-mediumromanexp.ufo\/glyphs\/currency.glif","\/zineslabdis-mediumromanexp.ufo\/glyphs\/d.glif":"\/zineslabdis-mediumromanexp.ufo\/glyphs\/d.glif","\/zineslabdis-mediumromanexp.ufo\/glyphs\/dagger.glif":"\/zineslabdis-mediumromanexp.ufo\/glyphs\/dagger.glif","\/zineslabdis-mediumromanexp.ufo\/glyphs\/daggerdbl.glif":"\/zineslabdis-mediumromanexp.ufo\/glyphs\/daggerdbl.glif","\/zineslabdis-mediumromanexp.ufo\/glyphs\/degree.glif":"\/zineslabdis-mediumromanexp.ufo\/glyphs\/degree.glif","\/zineslabdis-mediumromanexp.ufo\/glyphs\/dieresis.glif":"\/zineslabdis-mediumromanexp.ufo\/glyphs\/dieresis.glif","\/zineslabdis-mediumromanexp.ufo\/glyphs\/divide.glif":"\/zineslabdis-mediumromanexp.ufo\/glyphs\/divide.glif","\/zineslabdis-mediumromanexp.ufo\/glyphs\/dollar.glif":"\/zineslabdis-mediumromanexp.ufo\/glyphs\/dollar.glif","\/zineslabdis-mediumromanexp.ufo\/glyphs\/dotaccent.glif":"\/zineslabdis-mediumromanexp.ufo\/glyphs\/dotaccent.glif","\/zineslabdis-mediumromanexp.ufo\/glyphs\/dotlessi.glif":"\/zineslabdis-mediumromanexp.ufo\/glyphs\/dotlessi.glif","\/zineslabdis-mediumromanexp.ufo\/glyphs\/e.glif":"\/zineslabdis-mediumromanexp.ufo\/glyphs\/e.glif","\/zineslabdis-mediumromanexp.ufo\/glyphs\/eacute.glif":"\/zineslabdis-mediumromanexp.ufo\/glyphs\/eacute.glif","\/zineslabdis-mediumromanexp.ufo\/glyphs\/ecircumflex.glif":"\/zineslabdis-mediumromanexp.ufo\/glyphs\/ecircumflex.glif","\/zineslabdis-mediumromanexp.ufo\/glyphs\/edieresis.glif":"\/zineslabdis-mediumromanexp.ufo\/glyphs\/edieresis.glif","\/zineslabdis-mediumromanexp.ufo\/glyphs\/egrave.glif":"\/zineslabdis-mediumromanexp.ufo\/glyphs\/egrave.glif","\/zineslabdis-mediumromanexp.ufo\/glyphs\/eight.glif":"\/zineslabdis-mediumromanexp.ufo\/glyphs\/eight.glif","\/zineslabdis-mediumromanexp.ufo\/glyphs\/ellipsis.glif":"\/zineslabdis-mediumromanexp.ufo\/glyphs\/ellipsis.glif","\/zineslabdis-mediumromanexp.ufo\/glyphs\/emdash.glif":"\/zineslabdis-mediumromanexp.ufo\/glyphs\/emdash.glif","\/zineslabdis-mediumromanexp.ufo\/glyphs\/endash.glif":"\/zineslabdis-mediumromanexp.ufo\/glyphs\/endash.glif","\/zineslabdis-mediumromanexp.ufo\/glyphs\/equal.glif":"\/zineslabdis-mediumromanexp.ufo\/glyphs\/equal.glif","\/zineslabdis-mediumromanexp.ufo\/glyphs\/eth.glif":"\/zineslabdis-mediumromanexp.ufo\/glyphs\/eth.glif","\/zineslabdis-mediumromanexp.ufo\/glyphs\/exclam.glif":"\/zineslabdis-mediumromanexp.ufo\/glyphs\/exclam.glif","\/zineslabdis-mediumromanexp.ufo\/glyphs\/exclamdown.glif":"\/zineslabdis-mediumromanexp.ufo\/glyphs\/exclamdown.glif","\/zineslabdis-mediumromanexp.ufo\/glyphs\/f.glif":"\/zineslabdis-mediumromanexp.ufo\/glyphs\/f.glif","\/zineslabdis-mediumromanexp.ufo\/glyphs\/fi.glif":"\/zineslabdis-mediumromanexp.ufo\/glyphs\/fi.glif","\/zineslabdis-mediumromanexp.ufo\/glyphs\/five.glif":"\/zineslabdis-mediumromanexp.ufo\/glyphs\/five.glif","\/zineslabdis-mediumromanexp.ufo\/glyphs\/fl.glif":"\/zineslabdis-mediumromanexp.ufo\/glyphs\/fl.glif","\/zineslabdis-mediumromanexp.ufo\/glyphs\/florin.glif":"\/zineslabdis-mediumromanexp.ufo\/glyphs\/florin.glif","\/zineslabdis-mediumromanexp.ufo\/glyphs\/four.glif":"\/zineslabdis-mediumromanexp.ufo\/glyphs\/four.glif","\/zineslabdis-mediumromanexp.ufo\/glyphs\/fraction.glif":"\/zineslabdis-mediumromanexp.ufo\/glyphs\/fraction.glif","\/zineslabdis-mediumromanexp.ufo\/glyphs\/g.glif":"\/zineslabdis-mediumromanexp.ufo\/glyphs\/g.glif","\/zineslabdis-mediumromanexp.ufo\/glyphs\/germandbls.glif":"\/zineslabdis-mediumromanexp.ufo\/glyphs\/germandbls.glif","\/zineslabdis-mediumromanexp.ufo\/glyphs\/grave.glif":"\/zineslabdis-mediumromanexp.ufo\/glyphs\/grave.glif","\/zineslabdis-mediumromanexp.ufo\/glyphs\/greater.glif":"\/zineslabdis-mediumromanexp.ufo\/glyphs\/greater.glif","\/zineslabdis-mediumromanexp.ufo\/glyphs\/guillemotleft.glif":"\/zineslabdis-mediumromanexp.ufo\/glyphs\/guillemotleft.glif","\/zineslabdis-mediumromanexp.ufo\/glyphs\/guillemotright.glif":"\/zineslabdis-mediumromanexp.ufo\/glyphs\/guillemotright.glif","\/zineslabdis-mediumromanexp.ufo\/glyphs\/guilsinglleft.glif":"\/zineslabdis-mediumromanexp.ufo\/glyphs\/guilsinglleft.glif","\/zineslabdis-mediumromanexp.ufo\/glyphs\/guilsinglright.glif":"\/zineslabdis-mediumromanexp.ufo\/glyphs\/guilsinglright.glif","\/zineslabdis-mediumromanexp.ufo\/glyphs\/h.glif":"\/zineslabdis-mediumromanexp.ufo\/glyphs\/h.glif","\/zineslabdis-mediumromanexp.ufo\/glyphs\/hungarumlaut.glif":"\/zineslabdis-mediumromanexp.ufo\/glyphs\/hungarumlaut.glif","\/zineslabdis-mediumromanexp.ufo\/glyphs\/hyphen.glif":"\/zineslabdis-mediumromanexp.ufo\/glyphs\/hyphen.glif","\/zineslabdis-mediumromanexp.ufo\/glyphs\/i.glif":"\/zineslabdis-mediumromanexp.ufo\/glyphs\/i.glif","\/zineslabdis-mediumromanexp.ufo\/glyphs\/iacute.glif":"\/zineslabdis-mediumromanexp.ufo\/glyphs\/iacute.glif","\/zineslabdis-mediumromanexp.ufo\/glyphs\/icircumflex.glif":"\/zineslabdis-mediumromanexp.ufo\/glyphs\/icircumflex.glif","\/zineslabdis-mediumromanexp.ufo\/glyphs\/idieresis.glif":"\/zineslabdis-mediumromanexp.ufo\/glyphs\/idieresis.glif","\/zineslabdis-mediumromanexp.ufo\/glyphs\/igrave.glif":"\/zineslabdis-mediumromanexp.ufo\/glyphs\/igrave.glif","\/zineslabdis-mediumromanexp.ufo\/glyphs\/j.glif":"\/zineslabdis-mediumromanexp.ufo\/glyphs\/j.glif","\/zineslabdis-mediumromanexp.ufo\/glyphs\/k.glif":"\/zineslabdis-mediumromanexp.ufo\/glyphs\/k.glif","\/zineslabdis-mediumromanexp.ufo\/glyphs\/l.glif":"\/zineslabdis-mediumromanexp.ufo\/glyphs\/l.glif","\/zineslabdis-mediumromanexp.ufo\/glyphs\/less.glif":"\/zineslabdis-mediumromanexp.ufo\/glyphs\/less.glif","\/zineslabdis-mediumromanexp.ufo\/glyphs\/logicalnot.glif":"\/zineslabdis-mediumromanexp.ufo\/glyphs\/logicalnot.glif","\/zineslabdis-mediumromanexp.ufo\/glyphs\/lslash.glif":"\/zineslabdis-mediumromanexp.ufo\/glyphs\/lslash.glif","\/zineslabdis-mediumromanexp.ufo\/glyphs\/m.glif":"\/zineslabdis-mediumromanexp.ufo\/glyphs\/m.glif","\/zineslabdis-mediumromanexp.ufo\/glyphs\/macron.glif":"\/zineslabdis-mediumromanexp.ufo\/glyphs\/macron.glif","\/zineslabdis-mediumromanexp.ufo\/glyphs\/minus.glif":"\/zineslabdis-mediumromanexp.ufo\/glyphs\/minus.glif","\/zineslabdis-mediumromanexp.ufo\/glyphs\/mu.glif":"\/zineslabdis-mediumromanexp.ufo\/glyphs\/mu.glif","\/zineslabdis-mediumromanexp.ufo\/glyphs\/multiply.glif":"\/zineslabdis-mediumromanexp.ufo\/glyphs\/multiply.glif","\/zineslabdis-mediumromanexp.ufo\/glyphs\/n.glif":"\/zineslabdis-mediumromanexp.ufo\/glyphs\/n.glif","\/zineslabdis-mediumromanexp.ufo\/glyphs\/nbspace.glif":"\/zineslabdis-mediumromanexp.ufo\/glyphs\/nbspace.glif","\/zineslabdis-mediumromanexp.ufo\/glyphs\/nine.glif":"\/zineslabdis-mediumromanexp.ufo\/glyphs\/nine.glif","\/zineslabdis-mediumromanexp.ufo\/glyphs\/ntilde.glif":"\/zineslabdis-mediumromanexp.ufo\/glyphs\/ntilde.glif","\/zineslabdis-mediumromanexp.ufo\/glyphs\/numbersign.glif":"\/zineslabdis-mediumromanexp.ufo\/glyphs\/numbersign.glif","\/zineslabdis-mediumromanexp.ufo\/glyphs\/o.glif":"\/zineslabdis-mediumromanexp.ufo\/glyphs\/o.glif","\/zineslabdis-mediumromanexp.ufo\/glyphs\/oacute.glif":"\/zineslabdis-mediumromanexp.ufo\/glyphs\/oacute.glif","\/zineslabdis-mediumromanexp.ufo\/glyphs\/ocircumflex.glif":"\/zineslabdis-mediumromanexp.ufo\/glyphs\/ocircumflex.glif","\/zineslabdis-mediumromanexp.ufo\/glyphs\/odieresis.glif":"\/zineslabdis-mediumromanexp.ufo\/glyphs\/odieresis.glif","\/zineslabdis-mediumromanexp.ufo\/glyphs\/oe.glif":"\/zineslabdis-mediumromanexp.ufo\/glyphs\/oe.glif","\/zineslabdis-mediumromanexp.ufo\/glyphs\/ogonek.glif":"\/zineslabdis-mediumromanexp.ufo\/glyphs\/ogonek.glif","\/zineslabdis-mediumromanexp.ufo\/glyphs\/ograve.glif":"\/zineslabdis-mediumromanexp.ufo\/glyphs\/ograve.glif","\/zineslabdis-mediumromanexp.ufo\/glyphs\/one.glif":"\/zineslabdis-mediumromanexp.ufo\/glyphs\/one.glif","\/zineslabdis-mediumromanexp.ufo\/glyphs\/onehalf.glif":"\/zineslabdis-mediumromanexp.ufo\/glyphs\/onehalf.glif","\/zineslabdis-mediumromanexp.ufo\/glyphs\/onequarter.glif":"\/zineslabdis-mediumromanexp.ufo\/glyphs\/onequarter.glif","\/zineslabdis-mediumromanexp.ufo\/glyphs\/onesuperior.glif":"\/zineslabdis-mediumromanexp.ufo\/glyphs\/onesuperior.glif","\/zineslabdis-mediumromanexp.ufo\/glyphs\/ordfeminine.glif":"\/zineslabdis-mediumromanexp.ufo\/glyphs\/ordfeminine.glif","\/zineslabdis-mediumromanexp.ufo\/glyphs\/ordmasculine.glif":"\/zineslabdis-mediumromanexp.ufo\/glyphs\/ordmasculine.glif","\/zineslabdis-mediumromanexp.ufo\/glyphs\/oslash.glif":"\/zineslabdis-mediumromanexp.ufo\/glyphs\/oslash.glif","\/zineslabdis-mediumromanexp.ufo\/glyphs\/otilde.glif":"\/zineslabdis-mediumromanexp.ufo\/glyphs\/otilde.glif","\/zineslabdis-mediumromanexp.ufo\/glyphs\/p.glif":"\/zineslabdis-mediumromanexp.ufo\/glyphs\/p.glif","\/zineslabdis-mediumromanexp.ufo\/glyphs\/paragraph.glif":"\/zineslabdis-mediumromanexp.ufo\/glyphs\/paragraph.glif","\/zineslabdis-mediumromanexp.ufo\/glyphs\/parenleft.glif":"\/zineslabdis-mediumromanexp.ufo\/glyphs\/parenleft.glif","\/zineslabdis-mediumromanexp.ufo\/glyphs\/parenright.glif":"\/zineslabdis-mediumromanexp.ufo\/glyphs\/parenright.glif","\/zineslabdis-mediumromanexp.ufo\/glyphs\/percent.glif":"\/zineslabdis-mediumromanexp.ufo\/glyphs\/percent.glif","\/zineslabdis-mediumromanexp.ufo\/glyphs\/period.glif":"\/zineslabdis-mediumromanexp.ufo\/glyphs\/period.glif","\/zineslabdis-mediumromanexp.ufo\/glyphs\/periodcentered.glif":"\/zineslabdis-mediumromanexp.ufo\/glyphs\/periodcentered.glif","\/zineslabdis-mediumromanexp.ufo\/glyphs\/perthousand.glif":"\/zineslabdis-mediumromanexp.ufo\/glyphs\/perthousand.glif","\/zineslabdis-mediumromanexp.ufo\/glyphs\/plus.glif":"\/zineslabdis-mediumromanexp.ufo\/glyphs\/plus.glif","\/zineslabdis-mediumromanexp.ufo\/glyphs\/plusminus.glif":"\/zineslabdis-mediumromanexp.ufo\/glyphs\/plusminus.glif","\/zineslabdis-mediumromanexp.ufo\/glyphs\/q.glif":"\/zineslabdis-mediumromanexp.ufo\/glyphs\/q.glif","\/zineslabdis-mediumromanexp.ufo\/glyphs\/question.glif":"\/zineslabdis-mediumromanexp.ufo\/glyphs\/question.glif","\/zineslabdis-mediumromanexp.ufo\/glyphs\/questiondown.glif":"\/zineslabdis-mediumromanexp.ufo\/glyphs\/questiondown.glif","\/zineslabdis-mediumromanexp.ufo\/glyphs\/quotedbl.glif":"\/zineslabdis-mediumromanexp.ufo\/glyphs\/quotedbl.glif","\/zineslabdis-mediumromanexp.ufo\/glyphs\/quotedblbase.glif":"\/zineslabdis-mediumromanexp.ufo\/glyphs\/quotedblbase.glif","\/zineslabdis-mediumromanexp.ufo\/glyphs\/quotedblleft.glif":"\/zineslabdis-mediumromanexp.ufo\/glyphs\/quotedblleft.glif","\/zineslabdis-mediumromanexp.ufo\/glyphs\/quotedblright.glif":"\/zineslabdis-mediumromanexp.ufo\/glyphs\/quotedblright.glif","\/zineslabdis-mediumromanexp.ufo\/glyphs\/quoteleft.glif":"\/zineslabdis-mediumromanexp.ufo\/glyphs\/quoteleft.glif","\/zineslabdis-mediumromanexp.ufo\/glyphs\/quoteright.glif":"\/zineslabdis-mediumromanexp.ufo\/glyphs\/quoteright.glif","\/zineslabdis-mediumromanexp.ufo\/glyphs\/quotesinglbase.glif":"\/zineslabdis-mediumromanexp.ufo\/glyphs\/quotesinglbase.glif","\/zineslabdis-mediumromanexp.ufo\/glyphs\/quotesingle.glif":"\/zineslabdis-mediumromanexp.ufo\/glyphs\/quotesingle.glif","\/zineslabdis-mediumromanexp.ufo\/glyphs\/r.glif":"\/zineslabdis-mediumromanexp.ufo\/glyphs\/r.glif","\/zineslabdis-mediumromanexp.ufo\/glyphs\/registered.glif":"\/zineslabdis-mediumromanexp.ufo\/glyphs\/registered.glif","\/zineslabdis-mediumromanexp.ufo\/glyphs\/ring.glif":"\/zineslabdis-mediumromanexp.ufo\/glyphs\/ring.glif","\/zineslabdis-mediumromanexp.ufo\/glyphs\/s.glif":"\/zineslabdis-mediumromanexp.ufo\/glyphs\/s.glif","\/zineslabdis-mediumromanexp.ufo\/glyphs\/scaron.glif":"\/zineslabdis-mediumromanexp.ufo\/glyphs\/scaron.glif","\/zineslabdis-mediumromanexp.ufo\/glyphs\/section.glif":"\/zineslabdis-mediumromanexp.ufo\/glyphs\/section.glif","\/zineslabdis-mediumromanexp.ufo\/glyphs\/semicolon.glif":"\/zineslabdis-mediumromanexp.ufo\/glyphs\/semicolon.glif","\/zineslabdis-mediumromanexp.ufo\/glyphs\/seven.glif":"\/zineslabdis-mediumromanexp.ufo\/glyphs\/seven.glif","\/zineslabdis-mediumromanexp.ufo\/glyphs\/six.glif":"\/zineslabdis-mediumromanexp.ufo\/glyphs\/six.glif","\/zineslabdis-mediumromanexp.ufo\/glyphs\/slash.glif":"\/zineslabdis-mediumromanexp.ufo\/glyphs\/slash.glif","\/zineslabdis-mediumromanexp.ufo\/glyphs\/space.glif":"\/zineslabdis-mediumromanexp.ufo\/glyphs\/space.glif","\/zineslabdis-mediumromanexp.ufo\/glyphs\/sterling.glif":"\/zineslabdis-mediumromanexp.ufo\/glyphs\/sterling.glif","\/zineslabdis-mediumromanexp.ufo\/glyphs\/t.glif":"\/zineslabdis-mediumromanexp.ufo\/glyphs\/t.glif","\/zineslabdis-mediumromanexp.ufo\/glyphs\/thorn.glif":"\/zineslabdis-mediumromanexp.ufo\/glyphs\/thorn.glif","\/zineslabdis-mediumromanexp.ufo\/glyphs\/three.glif":"\/zineslabdis-mediumromanexp.ufo\/glyphs\/three.glif","\/zineslabdis-mediumromanexp.ufo\/glyphs\/threequarters.glif":"\/zineslabdis-mediumromanexp.ufo\/glyphs\/threequarters.glif","\/zineslabdis-mediumromanexp.ufo\/glyphs\/threesuperior.glif":"\/zineslabdis-mediumromanexp.ufo\/glyphs\/threesuperior.glif","\/zineslabdis-mediumromanexp.ufo\/glyphs\/tilde.glif":"\/zineslabdis-mediumromanexp.ufo\/glyphs\/tilde.glif","\/zineslabdis-mediumromanexp.ufo\/glyphs\/trademark.glif":"\/zineslabdis-mediumromanexp.ufo\/glyphs\/trademark.glif","\/zineslabdis-mediumromanexp.ufo\/glyphs\/two.glif":"\/zineslabdis-mediumromanexp.ufo\/glyphs\/two.glif","\/zineslabdis-mediumromanexp.ufo\/glyphs\/twosuperior.glif":"\/zineslabdis-mediumromanexp.ufo\/glyphs\/twosuperior.glif","\/zineslabdis-mediumromanexp.ufo\/glyphs\/u.glif":"\/zineslabdis-mediumromanexp.ufo\/glyphs\/u.glif","\/zineslabdis-mediumromanexp.ufo\/glyphs\/uacute.glif":"\/zineslabdis-mediumromanexp.ufo\/glyphs\/uacute.glif","\/zineslabdis-mediumromanexp.ufo\/glyphs\/ucircumflex.glif":"\/zineslabdis-mediumromanexp.ufo\/glyphs\/ucircumflex.glif","\/zineslabdis-mediumromanexp.ufo\/glyphs\/udieresis.glif":"\/zineslabdis-mediumromanexp.ufo\/glyphs\/udieresis.glif","\/zineslabdis-mediumromanexp.ufo\/glyphs\/ugrave.glif":"\/zineslabdis-mediumromanexp.ufo\/glyphs\/ugrave.glif","\/zineslabdis-mediumromanexp.ufo\/glyphs\/underscore.glif":"\/zineslabdis-mediumromanexp.ufo\/glyphs\/underscore.glif","\/zineslabdis-mediumromanexp.ufo\/glyphs\/v.glif":"\/zineslabdis-mediumromanexp.ufo\/glyphs\/v.glif","\/zineslabdis-mediumromanexp.ufo\/glyphs\/w.glif":"\/zineslabdis-mediumromanexp.ufo\/glyphs\/w.glif","\/zineslabdis-mediumromanexp.ufo\/glyphs\/x.glif":"\/zineslabdis-mediumromanexp.ufo\/glyphs\/x.glif","\/zineslabdis-mediumromanexp.ufo\/glyphs\/y.glif":"\/zineslabdis-mediumromanexp.ufo\/glyphs\/y.glif","\/zineslabdis-mediumromanexp.ufo\/glyphs\/yacute.glif":"\/zineslabdis-mediumromanexp.ufo\/glyphs\/yacute.glif","\/zineslabdis-mediumromanexp.ufo\/glyphs\/ydieresis.glif":"\/zineslabdis-mediumromanexp.ufo\/glyphs\/ydieresis.glif","\/zineslabdis-mediumromanexp.ufo\/glyphs\/yen.glif":"\/zineslabdis-mediumromanexp.ufo\/glyphs\/yen.glif","\/zineslabdis-mediumromanexp.ufo\/glyphs\/z.glif":"\/zineslabdis-mediumromanexp.ufo\/glyphs\/z.glif","\/zineslabdis-mediumromanexp.ufo\/glyphs\/zcaron.glif":"\/zineslabdis-mediumromanexp.ufo\/glyphs\/zcaron.glif","\/zineslabdis-mediumromanexp.ufo\/glyphs\/zero.glif":"\/zineslabdis-mediumromanexp.ufo\/glyphs\/zero.glif"},"Font":{"uploaded":1477056158.1035,"licence":"gpl3","company":"Chronolabs Cooperative","title":"Zine Slab Dis Medium Roman Exp","version":3.002,"date":"Fri Oct 14 23:24:26 2016","creator":"root","type":"1","matrix":"0.001 0 0 0.001 0 0","named":"ZineSlabDis-MediumRomanExp","painttype":"0","info":"10 dict dup","name":"ZineSlabDis Medium Roman Exp","family":"ZineSlabDis","weight":"Regular","fstype":"0","italicangle":"0","underlineposition":"","underlinethickness":""},"Licences":{"":false},"Table":{"FFTM":{"entryLength":16,"tag":"FFTM","checksum":1955350180,"offset":12632,"length":28},"GDEF":{"entryLength":16,"tag":"GDEF","checksum":18219014,"offset":12600,"length":32},"OS\/2":{"entryLength":16,"tag":"OS\/2","checksum":1470634979,"offset":344,"length":86},"cmap":{"entryLength":16,"tag":"cmap","checksum":962364407,"offset":1364,"length":570},"gasp":{"entryLength":16,"tag":"gasp","checksum":4294901763,"offset":12592,"length":8},"glyf":{"entryLength":16,"tag":"glyf","checksum":660195389,"offset":2404,"length":8780},"head":{"entryLength":16,"tag":"head","checksum":185472831,"offset":220,"length":54},"hhea":{"entryLength":16,"tag":"hhea","checksum":113902516,"offset":276,"length":36},"hmtx":{"entryLength":16,"tag":"hmtx","checksum":1268792366,"offset":432,"length":932},"loca":{"entryLength":16,"tag":"loca","checksum":2120124210,"offset":1936,"length":468},"maxp":{"entryLength":16,"tag":"maxp","checksum":19923002,"offset":312,"length":32},"name":{"entryLength":16,"tag":"name","checksum":676385611,"offset":11184,"length":891},"post":{"entryLength":16,"tag":"post","checksum":571962269,"offset":12076,"length":513}},"UnicodeCharMap":{"32":3,"33":4,"34":5,"35":6,"36":7,"37":8,"38":9,"39":10,"40":11,"41":12,"42":13,"43":14,"44":15,"45":16,"46":17,"47":18,"48":19,"49":20,"50":21,"51":22,"52":23,"53":24,"54":25,"55":26,"56":27,"57":28,"58":29,"59":30,"60":31,"61":32,"62":33,"63":34,"64":35,"65":36,"66":37,"67":38,"68":39,"69":40,"70":41,"71":42,"72":43,"73":44,"74":45,"75":46,"76":47,"77":48,"78":49,"79":50,"80":51,"81":52,"82":53,"83":54,"84":55,"85":56,"86":57,"87":58,"88":59,"89":60,"90":61,"91":62,"92":63,"93":64,"94":65,"95":66,"96":67,"97":68,"98":69,"99":70,"100":71,"101":72,"102":73,"103":74,"104":75,"105":76,"106":77,"107":78,"108":79,"109":80,"110":81,"111":82,"112":83,"113":84,"114":85,"115":86,"116":87,"117":88,"118":89,"119":90,"120":91,"121":92,"122":93,"123":94,"124":95,"125":96,"126":97,"160":98,"161":99,"162":100,"163":101,"164":102,"165":103,"166":104,"167":105,"168":106,"169":107,"170":108,"171":109,"172":110,"174":111,"175":112,"176":113,"177":114,"178":115,"179":116,"180":117,"182":119,"183":120,"184":121,"185":122,"186":123,"187":124,"188":125,"189":126,"190":127,"191":128,"192":129,"193":130,"194":131,"195":132,"196":133,"197":134,"198":135,"199":136,"200":137,"201":138,"202":139,"203":140,"204":141,"205":142,"206":143,"207":144,"208":145,"209":146,"210":147,"211":148,"212":149,"213":150,"214":151,"215":152,"216":153,"217":154,"218":155,"219":156,"220":157,"221":158,"222":159,"223":160,"224":161,"225":162,"226":163,"227":164,"228":165,"229":166,"230":167,"231":168,"232":169,"233":170,"234":171,"235":172,"236":173,"237":174,"238":175,"239":176,"240":177,"241":178,"242":179,"243":180,"244":181,"245":182,"246":183,"247":184,"248":185,"249":186,"250":187,"251":188,"252":189,"253":190,"254":191,"255":192,"305":222,"321":220,"322":223,"338":221,"339":224,"352":230,"353":229,"376":225,"381":228,"382":227,"402":196,"710":211,"711":218,"728":213,"729":214,"730":215,"731":217,"732":212,"733":216,"956":118,"8211":202,"8212":219,"8216":194,"8217":193,"8218":206,"8220":197,"8221":208,"8222":207,"8224":203,"8225":204,"8226":205,"8230":209,"8240":210,"8249":198,"8250":199,"8260":195,"8364":232,"8482":226,"8722":231,"64257":200,"64258":201},"Reserves":{"fontname":"Zine Slab Dis Medium Roman Exp"},"Names":{"Zine Slab Dis Medium Roman Exp":{"name":"Zine Slab Dis Medium Roman Exp","longitude":"0.00000001","latitude":"0.00000001","country":"","region":"","city":""}},"Nodes":{"zi":{"type":"typal","node":"zi","usage":1,"weight":1},"ne":{"type":"typal","node":"ne","usage":1,"weight":1},"sl":{"type":"typal","node":"sl","usage":1,"weight":1},"ab":{"type":"typal","node":"ab","usage":1,"weight":1},"di":{"type":"typal","node":"di","usage":1,"weight":1},"is":{"type":"typal","node":"is","usage":1,"weight":1},"me":{"type":"typal","node":"me","usage":1,"weight":1},"um":{"type":"typal","node":"um","usage":1,"weight":1},"ro":{"type":"typal","node":"ro","usage":1,"weight":1},"an":{"type":"typal","node":"an","usage":1,"weight":1},"ex":{"type":"typal","node":"ex","usage":1,"weight":1},"xp":{"type":"typal","node":"xp","usage":1,"weight":1},"zin":{"type":"typal","node":"zin","usage":1,"weight":1},"ine":{"type":"typal","node":"ine","usage":1,"weight":1},"sla":{"type":"typal","node":"sla","usage":1,"weight":1},"lab":{"type":"typal","node":"lab","usage":1,"weight":1},"med":{"type":"typal","node":"med","usage":1,"weight":1},"ium":{"type":"typal","node":"ium","usage":1,"weight":1},"rom":{"type":"typal","node":"rom","usage":1,"weight":1},"man":{"type":"typal","node":"man","usage":1,"weight":1},"medi":{"type":"keys","node":"medi","usage":1,"weight":1},"dium":{"type":"keys","node":"dium","usage":1,"weight":1},"roma":{"type":"keys","node":"roma","usage":1,"weight":1},"oman":{"type":"keys","node":"oman","usage":1,"weight":1},"mediu":{"type":"keys","node":"mediu","usage":1,"weight":1},"edium":{"type":"keys","node":"edium","usage":1,"weight":1},"zine":{"type":"fixes","node":"zine","usage":1,"weight":1},"slab":{"type":"fixes","node":"slab","usage":1,"weight":1},"dis":{"type":"fixes","node":"dis","usage":1,"weight":1},"medium":{"type":"fixes","node":"medium","usage":1,"weight":1},"roman":{"type":"fixes","node":"roman","usage":1,"weight":1},"exp":{"type":"fixes","node":"exp","usage":1,"weight":1}},"Contributors":[],"FontIdentity":"buddha0:2ee6d10a304c11d19c2dca7a","Bytes":null,"Networking":[],"barcode":"6KWmi9Ci1GOq3","referee":"6ueueseu"}