{"CSS":{"ML-NILA04":"ML-NILA04.css","ML NILA0 4":"hotshot1:1bc5cab8c0a0dabdbb3b3b1.css"},"FontType":"TrueType","FontCopyright":"2004 C-DIT@CLT","FontName":"ML-NILA04","FontSubfamily":"NILA04","FontSubfamilyID":"FontForge 2.0 : ML-NILA04 : 3-1-2017","FontFullName":"ML NILA0 4","FontVersion":"Version 1.0_2004 ","FontWeight":null,"FontPostscriptName":"ML-NILA04","Files":{"\/ML-NILA04.css":"\/ML-NILA04.css","\/font-resource.json":"\/font-resource.json","\/ml-nila04.afm":"\/ml-nila04.afm","\/ml-nila04.cef":"\/ml-nila04.cef","\/ml-nila04.cff":"\/ml-nila04.cff","\/ml-nila04.eot":"\/ml-nila04.eot","\/ml-nila04.gai":"\/ml-nila04.gai","\/ml-nila04.gsf":"\/ml-nila04.gsf","\/ml-nila04.otf":"\/ml-nila04.otf","\/ml-nila04.pf3":"\/ml-nila04.pf3","\/ml-nila04.pfa":"\/ml-nila04.pfa","\/ml-nila04.pfb":"\/ml-nila04.pfb","\/ml-nila04.php":"\/ml-nila04.php","\/ml-nila04.pt3":"\/ml-nila04.pt3","\/ml-nila04.sfd":"\/ml-nila04.sfd","\/ml-nila04.svg":"\/ml-nila04.svg","\/ml-nila04.t42":"\/ml-nila04.t42","\/ml-nila04.ttd":"\/ml-nila04.ttd","\/ml-nila04.ttf":"\/ml-nila04.ttf","\/ml-nila04.ttg":"\/ml-nila04.ttg","\/ml-nila04.ufm":"\/ml-nila04.ufm","\/ml-nila04.woff":"\/ml-nila04.woff","\/ml-nila04.z":"\/ml-nila04.z","\/ml-nila04.ufo\/feature.fea":"\/ml-nila04.ufo\/feature.fea","\/ml-nila04.ufo\/fontinfo.plist":"\/ml-nila04.ufo\/fontinfo.plist","\/ml-nila04.ufo\/groups.plist":"\/ml-nila04.ufo\/groups.plist","\/ml-nila04.ufo\/kerning.plist":"\/ml-nila04.ufo\/kerning.plist","\/ml-nila04.ufo\/metainfo.plist":"\/ml-nila04.ufo\/metainfo.plist","\/ml-nila04.ufo\/glyphs\/A_.glif":"\/ml-nila04.ufo\/glyphs\/A_.glif","\/ml-nila04.ufo\/glyphs\/O_slash.glif":"\/ml-nila04.ufo\/glyphs\/O_slash.glif","\/ml-nila04.ufo\/glyphs\/_notdef.glif":"\/ml-nila04.ufo\/glyphs\/_notdef.glif","\/ml-nila04.ufo\/glyphs\/_null.glif":"\/ml-nila04.ufo\/glyphs\/_null.glif","\/ml-nila04.ufo\/glyphs\/aacute.glif":"\/ml-nila04.ufo\/glyphs\/aacute.glif","\/ml-nila04.ufo\/glyphs\/acute.glif":"\/ml-nila04.ufo\/glyphs\/acute.glif","\/ml-nila04.ufo\/glyphs\/afii301.glif":"\/ml-nila04.ufo\/glyphs\/afii301.glif","\/ml-nila04.ufo\/glyphs\/afii61664.glif":"\/ml-nila04.ufo\/glyphs\/afii61664.glif","\/ml-nila04.ufo\/glyphs\/ampersand.glif":"\/ml-nila04.ufo\/glyphs\/ampersand.glif","\/ml-nila04.ufo\/glyphs\/asterisk.glif":"\/ml-nila04.ufo\/glyphs\/asterisk.glif","\/ml-nila04.ufo\/glyphs\/at.glif":"\/ml-nila04.ufo\/glyphs\/at.glif","\/ml-nila04.ufo\/glyphs\/colon.glif":"\/ml-nila04.ufo\/glyphs\/colon.glif","\/ml-nila04.ufo\/glyphs\/comma.glif":"\/ml-nila04.ufo\/glyphs\/comma.glif","\/ml-nila04.ufo\/glyphs\/contents.plist":"\/ml-nila04.ufo\/glyphs\/contents.plist","\/ml-nila04.ufo\/glyphs\/dollar.glif":"\/ml-nila04.ufo\/glyphs\/dollar.glif","\/ml-nila04.ufo\/glyphs\/eight.glif":"\/ml-nila04.ufo\/glyphs\/eight.glif","\/ml-nila04.ufo\/glyphs\/equal.glif":"\/ml-nila04.ufo\/glyphs\/equal.glif","\/ml-nila04.ufo\/glyphs\/exclam.glif":"\/ml-nila04.ufo\/glyphs\/exclam.glif","\/ml-nila04.ufo\/glyphs\/five.glif":"\/ml-nila04.ufo\/glyphs\/five.glif","\/ml-nila04.ufo\/glyphs\/four.glif":"\/ml-nila04.ufo\/glyphs\/four.glif","\/ml-nila04.ufo\/glyphs\/glyph182.glif":"\/ml-nila04.ufo\/glyphs\/glyph182.glif","\/ml-nila04.ufo\/glyphs\/glyph190.glif":"\/ml-nila04.ufo\/glyphs\/glyph190.glif","\/ml-nila04.ufo\/glyphs\/greater.glif":"\/ml-nila04.ufo\/glyphs\/greater.glif","\/ml-nila04.ufo\/glyphs\/hyphen.glif":"\/ml-nila04.ufo\/glyphs\/hyphen.glif","\/ml-nila04.ufo\/glyphs\/less.glif":"\/ml-nila04.ufo\/glyphs\/less.glif","\/ml-nila04.ufo\/glyphs\/nine.glif":"\/ml-nila04.ufo\/glyphs\/nine.glif","\/ml-nila04.ufo\/glyphs\/nonmarkingreturn.glif":"\/ml-nila04.ufo\/glyphs\/nonmarkingreturn.glif","\/ml-nila04.ufo\/glyphs\/numbersign.glif":"\/ml-nila04.ufo\/glyphs\/numbersign.glif","\/ml-nila04.ufo\/glyphs\/one.glif":"\/ml-nila04.ufo\/glyphs\/one.glif","\/ml-nila04.ufo\/glyphs\/p.glif":"\/ml-nila04.ufo\/glyphs\/p.glif","\/ml-nila04.ufo\/glyphs\/parenleft.glif":"\/ml-nila04.ufo\/glyphs\/parenleft.glif","\/ml-nila04.ufo\/glyphs\/parenright.glif":"\/ml-nila04.ufo\/glyphs\/parenright.glif","\/ml-nila04.ufo\/glyphs\/percent.glif":"\/ml-nila04.ufo\/glyphs\/percent.glif","\/ml-nila04.ufo\/glyphs\/period.glif":"\/ml-nila04.ufo\/glyphs\/period.glif","\/ml-nila04.ufo\/glyphs\/plus.glif":"\/ml-nila04.ufo\/glyphs\/plus.glif","\/ml-nila04.ufo\/glyphs\/question.glif":"\/ml-nila04.ufo\/glyphs\/question.glif","\/ml-nila04.ufo\/glyphs\/questiondown.glif":"\/ml-nila04.ufo\/glyphs\/questiondown.glif","\/ml-nila04.ufo\/glyphs\/quotedbl.glif":"\/ml-nila04.ufo\/glyphs\/quotedbl.glif","\/ml-nila04.ufo\/glyphs\/quotesingle.glif":"\/ml-nila04.ufo\/glyphs\/quotesingle.glif","\/ml-nila04.ufo\/glyphs\/semicolon.glif":"\/ml-nila04.ufo\/glyphs\/semicolon.glif","\/ml-nila04.ufo\/glyphs\/seven.glif":"\/ml-nila04.ufo\/glyphs\/seven.glif","\/ml-nila04.ufo\/glyphs\/six.glif":"\/ml-nila04.ufo\/glyphs\/six.glif","\/ml-nila04.ufo\/glyphs\/slash.glif":"\/ml-nila04.ufo\/glyphs\/slash.glif","\/ml-nila04.ufo\/glyphs\/space.glif":"\/ml-nila04.ufo\/glyphs\/space.glif","\/ml-nila04.ufo\/glyphs\/three.glif":"\/ml-nila04.ufo\/glyphs\/three.glif","\/ml-nila04.ufo\/glyphs\/threequarters.glif":"\/ml-nila04.ufo\/glyphs\/threequarters.glif","\/ml-nila04.ufo\/glyphs\/two.glif":"\/ml-nila04.ufo\/glyphs\/two.glif","\/ml-nila04.ufo\/glyphs\/twosuperior.glif":"\/ml-nila04.ufo\/glyphs\/twosuperior.glif","\/ml-nila04.ufo\/glyphs\/uni0D_02.glif":"\/ml-nila04.ufo\/glyphs\/uni0D_02.glif","\/ml-nila04.ufo\/glyphs\/uni0D_03.glif":"\/ml-nila04.ufo\/glyphs\/uni0D_03.glif","\/ml-nila04.ufo\/glyphs\/uni0D_06.glif":"\/ml-nila04.ufo\/glyphs\/uni0D_06.glif","\/ml-nila04.ufo\/glyphs\/uni0D_07.glif":"\/ml-nila04.ufo\/glyphs\/uni0D_07.glif","\/ml-nila04.ufo\/glyphs\/uni0D_08.glif":"\/ml-nila04.ufo\/glyphs\/uni0D_08.glif","\/ml-nila04.ufo\/glyphs\/uni0D_09.glif":"\/ml-nila04.ufo\/glyphs\/uni0D_09.glif","\/ml-nila04.ufo\/glyphs\/uni0D_0A_.glif":"\/ml-nila04.ufo\/glyphs\/uni0D_0A_.glif","\/ml-nila04.ufo\/glyphs\/uni0D_0B_.glif":"\/ml-nila04.ufo\/glyphs\/uni0D_0B_.glif","\/ml-nila04.ufo\/glyphs\/uni0D_0C_.glif":"\/ml-nila04.ufo\/glyphs\/uni0D_0C_.glif","\/ml-nila04.ufo\/glyphs\/uni0D_0E_.glif":"\/ml-nila04.ufo\/glyphs\/uni0D_0E_.glif","\/ml-nila04.ufo\/glyphs\/uni0D_0F_.glif":"\/ml-nila04.ufo\/glyphs\/uni0D_0F_.glif","\/ml-nila04.ufo\/glyphs\/uni0D_10.glif":"\/ml-nila04.ufo\/glyphs\/uni0D_10.glif","\/ml-nila04.ufo\/glyphs\/uni0D_12.glif":"\/ml-nila04.ufo\/glyphs\/uni0D_12.glif","\/ml-nila04.ufo\/glyphs\/uni0D_13.glif":"\/ml-nila04.ufo\/glyphs\/uni0D_13.glif","\/ml-nila04.ufo\/glyphs\/uni0D_14.glif":"\/ml-nila04.ufo\/glyphs\/uni0D_14.glif","\/ml-nila04.ufo\/glyphs\/uni0D_15.glif":"\/ml-nila04.ufo\/glyphs\/uni0D_15.glif","\/ml-nila04.ufo\/glyphs\/uni0D_15_uni0D_32_uni0D_4D_.blws.glif":"\/ml-nila04.ufo\/glyphs\/uni0D_15_uni0D_32_uni0D_4D_.blws.glif","\/ml-nila04.ufo\/glyphs\/uni0D_15_uni0D_4D__uni0D_15.akhn.glif":"\/ml-nila04.ufo\/glyphs\/uni0D_15_uni0D_4D__uni0D_15.akhn.glif","\/ml-nila04.ufo\/glyphs\/uni0D_15_uni0D_4D__uni0D_1F_.akhn.glif":"\/ml-nila04.ufo\/glyphs\/uni0D_15_uni0D_4D__uni0D_1F_.akhn.glif","\/ml-nila04.ufo\/glyphs\/uni0D_15_uni0D_4D__uni0D_24.akhn.glif":"\/ml-nila04.ufo\/glyphs\/uni0D_15_uni0D_4D__uni0D_24.akhn.glif","\/ml-nila04.ufo\/glyphs\/uni0D_15_uni0D_4D__uni0D_37.akhn.glif":"\/ml-nila04.ufo\/glyphs\/uni0D_15_uni0D_4D__uni0D_37.akhn.glif","\/ml-nila04.ufo\/glyphs\/uni0D_16.glif":"\/ml-nila04.ufo\/glyphs\/uni0D_16.glif","\/ml-nila04.ufo\/glyphs\/uni0D_17.glif":"\/ml-nila04.ufo\/glyphs\/uni0D_17.glif","\/ml-nila04.ufo\/glyphs\/uni0D_17_uni0D_32_uni0D_4D_.blws.glif":"\/ml-nila04.ufo\/glyphs\/uni0D_17_uni0D_32_uni0D_4D_.blws.glif","\/ml-nila04.ufo\/glyphs\/uni0D_17_uni0D_4D__uni0D_17.akhn.glif":"\/ml-nila04.ufo\/glyphs\/uni0D_17_uni0D_4D__uni0D_17.akhn.glif","\/ml-nila04.ufo\/glyphs\/uni0D_17_uni0D_4D__uni0D_2E_.akhn.glif":"\/ml-nila04.ufo\/glyphs\/uni0D_17_uni0D_4D__uni0D_2E_.akhn.glif","\/ml-nila04.ufo\/glyphs\/uni0D_18.glif":"\/ml-nila04.ufo\/glyphs\/uni0D_18.glif","\/ml-nila04.ufo\/glyphs\/uni0D_19.glif":"\/ml-nila04.ufo\/glyphs\/uni0D_19.glif","\/ml-nila04.ufo\/glyphs\/uni0D_19_uni0D_4D__uni0D_15.akhn.glif":"\/ml-nila04.ufo\/glyphs\/uni0D_19_uni0D_4D__uni0D_15.akhn.glif","\/ml-nila04.ufo\/glyphs\/uni0D_19_uni0D_4D__uni0D_19.akhn.glif":"\/ml-nila04.ufo\/glyphs\/uni0D_19_uni0D_4D__uni0D_19.akhn.glif","\/ml-nila04.ufo\/glyphs\/uni0D_1A_.glif":"\/ml-nila04.ufo\/glyphs\/uni0D_1A_.glif","\/ml-nila04.ufo\/glyphs\/uni0D_1A__uni0D_4D__uni0D_1A_.akhn.glif":"\/ml-nila04.ufo\/glyphs\/uni0D_1A__uni0D_4D__uni0D_1A_.akhn.glif","\/ml-nila04.ufo\/glyphs\/uni0D_1A__uni0D_4D__uni0D_1B_.akhn.glif":"\/ml-nila04.ufo\/glyphs\/uni0D_1A__uni0D_4D__uni0D_1B_.akhn.glif","\/ml-nila04.ufo\/glyphs\/uni0D_1B_.glif":"\/ml-nila04.ufo\/glyphs\/uni0D_1B_.glif","\/ml-nila04.ufo\/glyphs\/uni0D_1C_.glif":"\/ml-nila04.ufo\/glyphs\/uni0D_1C_.glif","\/ml-nila04.ufo\/glyphs\/uni0D_1C__uni0D_4D__uni0D_1C_.akhn.glif":"\/ml-nila04.ufo\/glyphs\/uni0D_1C__uni0D_4D__uni0D_1C_.akhn.glif","\/ml-nila04.ufo\/glyphs\/uni0D_1C__uni0D_4D__uni0D_1E_.akhn.glif":"\/ml-nila04.ufo\/glyphs\/uni0D_1C__uni0D_4D__uni0D_1E_.akhn.glif","\/ml-nila04.ufo\/glyphs\/uni0D_1D_.glif":"\/ml-nila04.ufo\/glyphs\/uni0D_1D_.glif","\/ml-nila04.ufo\/glyphs\/uni0D_1E_.glif":"\/ml-nila04.ufo\/glyphs\/uni0D_1E_.glif","\/ml-nila04.ufo\/glyphs\/uni0D_1E__uni0D_4D__uni0D_1A_.akhn.glif":"\/ml-nila04.ufo\/glyphs\/uni0D_1E__uni0D_4D__uni0D_1A_.akhn.glif","\/ml-nila04.ufo\/glyphs\/uni0D_1E__uni0D_4D__uni0D_1E_.akhn.glif":"\/ml-nila04.ufo\/glyphs\/uni0D_1E__uni0D_4D__uni0D_1E_.akhn.glif","\/ml-nila04.ufo\/glyphs\/uni0D_1F_.glif":"\/ml-nila04.ufo\/glyphs\/uni0D_1F_.glif","\/ml-nila04.ufo\/glyphs\/uni0D_1F__uni0D_4D__uni0D_1F_.akhn.glif":"\/ml-nila04.ufo\/glyphs\/uni0D_1F__uni0D_4D__uni0D_1F_.akhn.glif","\/ml-nila04.ufo\/glyphs\/uni0D_20.glif":"\/ml-nila04.ufo\/glyphs\/uni0D_20.glif","\/ml-nila04.ufo\/glyphs\/uni0D_21.glif":"\/ml-nila04.ufo\/glyphs\/uni0D_21.glif","\/ml-nila04.ufo\/glyphs\/uni0D_21_uni0D_4D__uni0D_21.akhn.glif":"\/ml-nila04.ufo\/glyphs\/uni0D_21_uni0D_4D__uni0D_21.akhn.glif","\/ml-nila04.ufo\/glyphs\/uni0D_22.glif":"\/ml-nila04.ufo\/glyphs\/uni0D_22.glif","\/ml-nila04.ufo\/glyphs\/uni0D_23.glif":"\/ml-nila04.ufo\/glyphs\/uni0D_23.glif","\/ml-nila04.ufo\/glyphs\/uni0D_23_uni0D_4D__afii301.akhn.glif":"\/ml-nila04.ufo\/glyphs\/uni0D_23_uni0D_4D__afii301.akhn.glif","\/ml-nila04.ufo\/glyphs\/uni0D_23_uni0D_4D__uni0D_1F_.akhn.glif":"\/ml-nila04.ufo\/glyphs\/uni0D_23_uni0D_4D__uni0D_1F_.akhn.glif","\/ml-nila04.ufo\/glyphs\/uni0D_23_uni0D_4D__uni0D_21.akhn.glif":"\/ml-nila04.ufo\/glyphs\/uni0D_23_uni0D_4D__uni0D_21.akhn.glif","\/ml-nila04.ufo\/glyphs\/uni0D_23_uni0D_4D__uni0D_23.akhn.glif":"\/ml-nila04.ufo\/glyphs\/uni0D_23_uni0D_4D__uni0D_23.akhn.glif","\/ml-nila04.ufo\/glyphs\/uni0D_23_uni0D_4D__uni0D_2E_.akhn.glif":"\/ml-nila04.ufo\/glyphs\/uni0D_23_uni0D_4D__uni0D_2E_.akhn.glif","\/ml-nila04.ufo\/glyphs\/uni0D_24.glif":"\/ml-nila04.ufo\/glyphs\/uni0D_24.glif","\/ml-nila04.ufo\/glyphs\/uni0D_24_uni0D_4D__uni0D_24.akhn.glif":"\/ml-nila04.ufo\/glyphs\/uni0D_24_uni0D_4D__uni0D_24.akhn.glif","\/ml-nila04.ufo\/glyphs\/uni0D_24_uni0D_4D__uni0D_25.akhn.glif":"\/ml-nila04.ufo\/glyphs\/uni0D_24_uni0D_4D__uni0D_25.akhn.glif","\/ml-nila04.ufo\/glyphs\/uni0D_24_uni0D_4D__uni0D_2D_.akhn.glif":"\/ml-nila04.ufo\/glyphs\/uni0D_24_uni0D_4D__uni0D_2D_.akhn.glif","\/ml-nila04.ufo\/glyphs\/uni0D_24_uni0D_4D__uni0D_2E_.akhn.glif":"\/ml-nila04.ufo\/glyphs\/uni0D_24_uni0D_4D__uni0D_2E_.akhn.glif","\/ml-nila04.ufo\/glyphs\/uni0D_24_uni0D_4D__uni0D_38.akhn.glif":"\/ml-nila04.ufo\/glyphs\/uni0D_24_uni0D_4D__uni0D_38.akhn.glif","\/ml-nila04.ufo\/glyphs\/uni0D_25.glif":"\/ml-nila04.ufo\/glyphs\/uni0D_25.glif","\/ml-nila04.ufo\/glyphs\/uni0D_26.glif":"\/ml-nila04.ufo\/glyphs\/uni0D_26.glif","\/ml-nila04.ufo\/glyphs\/uni0D_26_uni0D_4D__uni0D_26.akhn.glif":"\/ml-nila04.ufo\/glyphs\/uni0D_26_uni0D_4D__uni0D_26.akhn.glif","\/ml-nila04.ufo\/glyphs\/uni0D_27.glif":"\/ml-nila04.ufo\/glyphs\/uni0D_27.glif","\/ml-nila04.ufo\/glyphs\/uni0D_28.glif":"\/ml-nila04.ufo\/glyphs\/uni0D_28.glif","\/ml-nila04.ufo\/glyphs\/uni0D_28_uni0D_4D__afii301.akhn.glif":"\/ml-nila04.ufo\/glyphs\/uni0D_28_uni0D_4D__afii301.akhn.glif","\/ml-nila04.ufo\/glyphs\/uni0D_28_uni0D_4D__afii301_uni0D_31.akhn.glif":"\/ml-nila04.ufo\/glyphs\/uni0D_28_uni0D_4D__afii301_uni0D_31.akhn.glif","\/ml-nila04.ufo\/glyphs\/uni0D_28_uni0D_4D__uni0D_25.akhn.glif":"\/ml-nila04.ufo\/glyphs\/uni0D_28_uni0D_4D__uni0D_25.akhn.glif","\/ml-nila04.ufo\/glyphs\/uni0D_28_uni0D_4D__uni0D_26.akhn.glif":"\/ml-nila04.ufo\/glyphs\/uni0D_28_uni0D_4D__uni0D_26.akhn.glif","\/ml-nila04.ufo\/glyphs\/uni0D_28_uni0D_4D__uni0D_27.akhn.glif":"\/ml-nila04.ufo\/glyphs\/uni0D_28_uni0D_4D__uni0D_27.akhn.glif","\/ml-nila04.ufo\/glyphs\/uni0D_28_uni0D_4D__uni0D_28.akhn.glif":"\/ml-nila04.ufo\/glyphs\/uni0D_28_uni0D_4D__uni0D_28.akhn.glif","\/ml-nila04.ufo\/glyphs\/uni0D_28_uni0D_4D__uni0D_2A_.akhn.glif":"\/ml-nila04.ufo\/glyphs\/uni0D_28_uni0D_4D__uni0D_2A_.akhn.glif","\/ml-nila04.ufo\/glyphs\/uni0D_28_uni0D_4D__uni0D_2E_.akhn.glif":"\/ml-nila04.ufo\/glyphs\/uni0D_28_uni0D_4D__uni0D_2E_.akhn.glif","\/ml-nila04.ufo\/glyphs\/uni0D_2A_.glif":"\/ml-nila04.ufo\/glyphs\/uni0D_2A_.glif","\/ml-nila04.ufo\/glyphs\/uni0D_2A__uni0D_32_uni0D_4D_.blws.glif":"\/ml-nila04.ufo\/glyphs\/uni0D_2A__uni0D_32_uni0D_4D_.blws.glif","\/ml-nila04.ufo\/glyphs\/uni0D_2A__uni0D_4D__uni0D_2A_.akhn.glif":"\/ml-nila04.ufo\/glyphs\/uni0D_2A__uni0D_4D__uni0D_2A_.akhn.glif","\/ml-nila04.ufo\/glyphs\/uni0D_2B_.glif":"\/ml-nila04.ufo\/glyphs\/uni0D_2B_.glif","\/ml-nila04.ufo\/glyphs\/uni0D_2B__uni0D_32_uni0D_4D_.blws.glif":"\/ml-nila04.ufo\/glyphs\/uni0D_2B__uni0D_32_uni0D_4D_.blws.glif","\/ml-nila04.ufo\/glyphs\/uni0D_2C_.glif":"\/ml-nila04.ufo\/glyphs\/uni0D_2C_.glif","\/ml-nila04.ufo\/glyphs\/uni0D_2C__uni0D_32_uni0D_4D_.blws.glif":"\/ml-nila04.ufo\/glyphs\/uni0D_2C__uni0D_32_uni0D_4D_.blws.glif","\/ml-nila04.ufo\/glyphs\/uni0D_2C__uni0D_4D__uni0D_26.akhn.glif":"\/ml-nila04.ufo\/glyphs\/uni0D_2C__uni0D_4D__uni0D_26.akhn.glif","\/ml-nila04.ufo\/glyphs\/uni0D_2C__uni0D_4D__uni0D_27.akhn.glif":"\/ml-nila04.ufo\/glyphs\/uni0D_2C__uni0D_4D__uni0D_27.akhn.glif","\/ml-nila04.ufo\/glyphs\/uni0D_2C__uni0D_4D__uni0D_2C_.akhn.glif":"\/ml-nila04.ufo\/glyphs\/uni0D_2C__uni0D_4D__uni0D_2C_.akhn.glif","\/ml-nila04.ufo\/glyphs\/uni0D_2D_.glif":"\/ml-nila04.ufo\/glyphs\/uni0D_2D_.glif","\/ml-nila04.ufo\/glyphs\/uni0D_2E_.glif":"\/ml-nila04.ufo\/glyphs\/uni0D_2E_.glif","\/ml-nila04.ufo\/glyphs\/uni0D_2E__uni0D_4D__uni0D_2E_.akhn.glif":"\/ml-nila04.ufo\/glyphs\/uni0D_2E__uni0D_4D__uni0D_2E_.akhn.glif","\/ml-nila04.ufo\/glyphs\/uni0D_2F_.glif":"\/ml-nila04.ufo\/glyphs\/uni0D_2F_.glif","\/ml-nila04.ufo\/glyphs\/uni0D_2F__uni0D_4D_.pstf.glif":"\/ml-nila04.ufo\/glyphs\/uni0D_2F__uni0D_4D_.pstf.glif","\/ml-nila04.ufo\/glyphs\/uni0D_30.glif":"\/ml-nila04.ufo\/glyphs\/uni0D_30.glif","\/ml-nila04.ufo\/glyphs\/uni0D_30_uni0D_4D_.pstf.glif":"\/ml-nila04.ufo\/glyphs\/uni0D_30_uni0D_4D_.pstf.glif","\/ml-nila04.ufo\/glyphs\/uni0D_30_uni0D_4D__afii301.akhn.glif":"\/ml-nila04.ufo\/glyphs\/uni0D_30_uni0D_4D__afii301.akhn.glif","\/ml-nila04.ufo\/glyphs\/uni0D_31.glif":"\/ml-nila04.ufo\/glyphs\/uni0D_31.glif","\/ml-nila04.ufo\/glyphs\/uni0D_31_uni0D_4D__uni0D_31.akhn.glif":"\/ml-nila04.ufo\/glyphs\/uni0D_31_uni0D_4D__uni0D_31.akhn.glif","\/ml-nila04.ufo\/glyphs\/uni0D_32.glif":"\/ml-nila04.ufo\/glyphs\/uni0D_32.glif","\/ml-nila04.ufo\/glyphs\/uni0D_32_uni0D_32_uni0D_4D_.blws.glif":"\/ml-nila04.ufo\/glyphs\/uni0D_32_uni0D_32_uni0D_4D_.blws.glif","\/ml-nila04.ufo\/glyphs\/uni0D_32_uni0D_4D__afii301.akhn.glif":"\/ml-nila04.ufo\/glyphs\/uni0D_32_uni0D_4D__afii301.akhn.glif","\/ml-nila04.ufo\/glyphs\/uni0D_33.glif":"\/ml-nila04.ufo\/glyphs\/uni0D_33.glif","\/ml-nila04.ufo\/glyphs\/uni0D_33_uni0D_4D__afii301.akhn.glif":"\/ml-nila04.ufo\/glyphs\/uni0D_33_uni0D_4D__afii301.akhn.glif","\/ml-nila04.ufo\/glyphs\/uni0D_33_uni0D_4D__uni0D_33.akhn.glif":"\/ml-nila04.ufo\/glyphs\/uni0D_33_uni0D_4D__uni0D_33.akhn.glif","\/ml-nila04.ufo\/glyphs\/uni0D_34.glif":"\/ml-nila04.ufo\/glyphs\/uni0D_34.glif","\/ml-nila04.ufo\/glyphs\/uni0D_35.glif":"\/ml-nila04.ufo\/glyphs\/uni0D_35.glif","\/ml-nila04.ufo\/glyphs\/uni0D_35_uni0D_35_uni0D_4D_.pstf.psts.glif":"\/ml-nila04.ufo\/glyphs\/uni0D_35_uni0D_35_uni0D_4D_.pstf.psts.glif","\/ml-nila04.ufo\/glyphs\/uni0D_35_uni0D_4D_.pstf.glif":"\/ml-nila04.ufo\/glyphs\/uni0D_35_uni0D_4D_.pstf.glif","\/ml-nila04.ufo\/glyphs\/uni0D_36.glif":"\/ml-nila04.ufo\/glyphs\/uni0D_36.glif","\/ml-nila04.ufo\/glyphs\/uni0D_36_uni0D_32_uni0D_4D_.blws.glif":"\/ml-nila04.ufo\/glyphs\/uni0D_36_uni0D_32_uni0D_4D_.blws.glif","\/ml-nila04.ufo\/glyphs\/uni0D_36_uni0D_4D__uni0D_1A_.akhn.glif":"\/ml-nila04.ufo\/glyphs\/uni0D_36_uni0D_4D__uni0D_1A_.akhn.glif","\/ml-nila04.ufo\/glyphs\/uni0D_36_uni0D_4D__uni0D_36.akhn.glif":"\/ml-nila04.ufo\/glyphs\/uni0D_36_uni0D_4D__uni0D_36.akhn.glif","\/ml-nila04.ufo\/glyphs\/uni0D_37.glif":"\/ml-nila04.ufo\/glyphs\/uni0D_37.glif","\/ml-nila04.ufo\/glyphs\/uni0D_37_uni0D_4D__uni0D_1F_.akhn.glif":"\/ml-nila04.ufo\/glyphs\/uni0D_37_uni0D_4D__uni0D_1F_.akhn.glif","\/ml-nila04.ufo\/glyphs\/uni0D_38.glif":"\/ml-nila04.ufo\/glyphs\/uni0D_38.glif","\/ml-nila04.ufo\/glyphs\/uni0D_38_uni0D_32_uni0D_4D_.blws.glif":"\/ml-nila04.ufo\/glyphs\/uni0D_38_uni0D_32_uni0D_4D_.blws.glif","\/ml-nila04.ufo\/glyphs\/uni0D_38_uni0D_4D__uni0D_31_uni0D_4D__uni0D_31.akhn.glif":"\/ml-nila04.ufo\/glyphs\/uni0D_38_uni0D_4D__uni0D_31_uni0D_4D__uni0D_31.akhn.glif","\/ml-nila04.ufo\/glyphs\/uni0D_38_uni0D_4D__uni0D_38.akhn.glif":"\/ml-nila04.ufo\/glyphs\/uni0D_38_uni0D_4D__uni0D_38.akhn.glif","\/ml-nila04.ufo\/glyphs\/uni0D_39.glif":"\/ml-nila04.ufo\/glyphs\/uni0D_39.glif","\/ml-nila04.ufo\/glyphs\/uni0D_39_uni0D_32_uni0D_4D_.blws.glif":"\/ml-nila04.ufo\/glyphs\/uni0D_39_uni0D_32_uni0D_4D_.blws.glif","\/ml-nila04.ufo\/glyphs\/uni0D_39_uni0D_4D__uni0D_28.akhn.glif":"\/ml-nila04.ufo\/glyphs\/uni0D_39_uni0D_4D__uni0D_28.akhn.glif","\/ml-nila04.ufo\/glyphs\/uni0D_39_uni0D_4D__uni0D_2E_.akhn.glif":"\/ml-nila04.ufo\/glyphs\/uni0D_39_uni0D_4D__uni0D_2E_.akhn.glif","\/ml-nila04.ufo\/glyphs\/uni0D_3E_.glif":"\/ml-nila04.ufo\/glyphs\/uni0D_3E_.glif","\/ml-nila04.ufo\/glyphs\/uni0D_3F_.glif":"\/ml-nila04.ufo\/glyphs\/uni0D_3F_.glif","\/ml-nila04.ufo\/glyphs\/uni0D_40.glif":"\/ml-nila04.ufo\/glyphs\/uni0D_40.glif","\/ml-nila04.ufo\/glyphs\/uni0D_42.glif":"\/ml-nila04.ufo\/glyphs\/uni0D_42.glif","\/ml-nila04.ufo\/glyphs\/uni0D_43.glif":"\/ml-nila04.ufo\/glyphs\/uni0D_43.glif","\/ml-nila04.ufo\/glyphs\/uni0D_46.glif":"\/ml-nila04.ufo\/glyphs\/uni0D_46.glif","\/ml-nila04.ufo\/glyphs\/uni0D_47.glif":"\/ml-nila04.ufo\/glyphs\/uni0D_47.glif","\/ml-nila04.ufo\/glyphs\/uni0D_48.glif":"\/ml-nila04.ufo\/glyphs\/uni0D_48.glif","\/ml-nila04.ufo\/glyphs\/uni0D_4A_.glif":"\/ml-nila04.ufo\/glyphs\/uni0D_4A_.glif","\/ml-nila04.ufo\/glyphs\/uni0D_4B_.glif":"\/ml-nila04.ufo\/glyphs\/uni0D_4B_.glif","\/ml-nila04.ufo\/glyphs\/uni0D_4C_.glif":"\/ml-nila04.ufo\/glyphs\/uni0D_4C_.glif","\/ml-nila04.ufo\/glyphs\/uni0D_4D_.glif":"\/ml-nila04.ufo\/glyphs\/uni0D_4D_.glif","\/ml-nila04.ufo\/glyphs\/uni0D_57.glif":"\/ml-nila04.ufo\/glyphs\/uni0D_57.glif","\/ml-nila04.ufo\/glyphs\/uni0D_60.glif":"\/ml-nila04.ufo\/glyphs\/uni0D_60.glif","\/ml-nila04.ufo\/glyphs\/uni0D_61.glif":"\/ml-nila04.ufo\/glyphs\/uni0D_61.glif","\/ml-nila04.ufo\/glyphs\/uni0D_66.glif":"\/ml-nila04.ufo\/glyphs\/uni0D_66.glif","\/ml-nila04.ufo\/glyphs\/uni0D_67.glif":"\/ml-nila04.ufo\/glyphs\/uni0D_67.glif","\/ml-nila04.ufo\/glyphs\/uni0D_68.glif":"\/ml-nila04.ufo\/glyphs\/uni0D_68.glif","\/ml-nila04.ufo\/glyphs\/uni0D_69.glif":"\/ml-nila04.ufo\/glyphs\/uni0D_69.glif","\/ml-nila04.ufo\/glyphs\/uni0D_6A_.glif":"\/ml-nila04.ufo\/glyphs\/uni0D_6A_.glif","\/ml-nila04.ufo\/glyphs\/uni0D_6B_.glif":"\/ml-nila04.ufo\/glyphs\/uni0D_6B_.glif","\/ml-nila04.ufo\/glyphs\/uni0D_6C_.glif":"\/ml-nila04.ufo\/glyphs\/uni0D_6C_.glif","\/ml-nila04.ufo\/glyphs\/uni0D_6D_.glif":"\/ml-nila04.ufo\/glyphs\/uni0D_6D_.glif","\/ml-nila04.ufo\/glyphs\/uni0D_6E_.glif":"\/ml-nila04.ufo\/glyphs\/uni0D_6E_.glif","\/ml-nila04.ufo\/glyphs\/uni0D_6F_.glif":"\/ml-nila04.ufo\/glyphs\/uni0D_6F_.glif","\/ml-nila04.ufo\/glyphs\/uni200B_.glif":"\/ml-nila04.ufo\/glyphs\/uni200B_.glif","\/ml-nila04.ufo\/glyphs\/uni25C_C_.glif":"\/ml-nila04.ufo\/glyphs\/uni25C_C_.glif","\/ml-nila04.ufo\/glyphs\/zero.glif":"\/ml-nila04.ufo\/glyphs\/zero.glif"},"Font":{"uploaded":1489158994.0916,"licence":"gpl3","company":"Chronolabs Cooperative","title":"ML NILA0 4","version":3.002,"date":"Thu Dec 29 07:50:46 2016","creator":"root","type":"1","matrix":"0.001 0 0 0.001 0 0","named":"ML-NILA04","painttype":"0","info":"10 dict dup","name":"ML-NILA04","family":"ML-NILA04","weight":"Book","fstype":"0","italicangle":"0","underlineposition":"","underlinethickness":""},"Licences":{"":false},"Table":{"FFTM":{"entryLength":16,"tag":"FFTM","checksum":1968262942,"offset":82992,"length":28},"GDEF":{"entryLength":16,"tag":"GDEF","checksum":15466500,"offset":82960,"length":32},"OS\/2":{"entryLength":16,"tag":"OS\/2","checksum":1997604545,"offset":344,"length":86},"cmap":{"entryLength":16,"tag":"cmap","checksum":254457284,"offset":1196,"length":566},"gasp":{"entryLength":16,"tag":"gasp","checksum":4294901763,"offset":82952,"length":8},"glyf":{"entryLength":16,"tag":"glyf","checksum":3119621681,"offset":2148,"length":77340},"head":{"entryLength":16,"tag":"head","checksum":256524918,"offset":220,"length":54},"hhea":{"entryLength":16,"tag":"hhea","checksum":180291137,"offset":276,"length":36},"hmtx":{"entryLength":16,"tag":"hmtx","checksum":2248616499,"offset":432,"length":764},"loca":{"entryLength":16,"tag":"loca","checksum":2590959272,"offset":1764,"length":384},"maxp":{"entryLength":16,"tag":"maxp","checksum":17629641,"offset":312,"length":32},"name":{"entryLength":16,"tag":"name","checksum":876599819,"offset":79488,"length":495},"post":{"entryLength":16,"tag":"post","checksum":4015916328,"offset":79984,"length":2966}},"UnicodeCharMap":{"0":1,"13":2,"32":3,"33":4,"34":5,"35":6,"36":7,"37":8,"38":9,"39":10,"40":11,"41":12,"42":13,"43":14,"44":15,"45":16,"46":17,"47":18,"48":19,"49":20,"50":21,"51":22,"52":23,"53":24,"54":25,"55":26,"56":27,"57":28,"58":29,"59":30,"60":31,"61":32,"62":33,"63":34,"64":35,"65":44,"112":97,"178":36,"180":37,"190":38,"191":39,"216":40,"225":41,"3330":42,"3331":43,"3334":45,"3335":46,"3336":47,"3337":48,"3338":49,"3339":50,"3340":51,"3342":52,"3343":53,"3344":54,"3346":55,"3347":56,"3348":57,"3349":58,"3350":59,"3351":60,"3352":61,"3353":62,"3354":63,"3355":64,"3356":65,"3357":66,"3358":67,"3359":68,"3360":69,"3361":70,"3362":71,"3363":72,"3364":73,"3365":74,"3366":75,"3367":76,"3368":77,"3370":78,"3371":79,"3372":80,"3373":81,"3374":82,"3375":83,"3376":84,"3377":85,"3378":86,"3379":87,"3380":88,"3381":89,"3382":90,"3383":91,"3384":92,"3385":93,"3390":94,"3391":95,"3392":96,"3394":98,"3395":99,"3398":100,"3399":101,"3400":102,"3402":103,"3403":104,"3404":105,"3405":106,"3415":107,"3424":108,"3425":109,"3430":110,"3431":111,"3432":112,"3433":113,"3434":114,"3435":115,"3436":116,"3437":117,"3438":118,"3439":119,"8203":120,"8204":121,"8205":122,"9676":123},"Reserves":{"fontname":"ML NILA0 4"},"Names":{"ML NILA0 4":{"name":"ML NILA0 4","longitude":"0.00000001","latitude":"0.00000001","country":"","region":"","city":""}},"Nodes":{"ni":{"type":"typal","node":"ni","usage":1,"weight":1},"a0":{"type":"typal","node":"a0","usage":1,"weight":1},"nil":{"type":"typal","node":"nil","usage":1,"weight":1},"la0":{"type":"typal","node":"la0","usage":1,"weight":1},"nila":{"type":"keys","node":"nila","usage":1,"weight":1},"ila0":{"type":"keys","node":"ila0","usage":1,"weight":1},"ml":{"type":"fixes","node":"ml","usage":1,"weight":1},"nila0":{"type":"fixes","node":"nila0","usage":1,"weight":1},"4":{"type":"fixes","node":4,"usage":1,"weight":1}},"Contributors":[],"FontIdentity":"hotshot1:1bc5cab8c0a0dabdbb3b3b1","Bytes":null,"Networking":[],"barcode":"aaW10ui8iqmmKS","referee":"wkEQo6Ew"}