{"CSS":{"Hassle BRK":"unews9:f26dce49a1996cc821c1d3049.css"},"FontType":"TrueType","FontCopyright":"NIGMA FONTS   [e-mail]  kentpw@norwich.net","FontName":"Hassle BRK","FontSubfamily":"Book","FontSubfamilyID":"FontForge 2.0 : Hassle BRK : 28-8-2016","FontFullName":"Hassle BRK","FontVersion":"Version 2.01 ","FontWeight":null,"FontPostscriptName":"HassleBRK","Files":{"\/Hassle BRK.css":"\/Hassle BRK.css","\/font-resource.json":"\/font-resource.json","\/hassle.afm":"\/hassle.afm","\/hassle.cef":"\/hassle.cef","\/hassle.cff":"\/hassle.cff","\/hassle.eot":"\/hassle.eot","\/hassle.gai":"\/hassle.gai","\/hassle.gsf":"\/hassle.gsf","\/hassle.otf":"\/hassle.otf","\/hassle.pf3":"\/hassle.pf3","\/hassle.pfa":"\/hassle.pfa","\/hassle.pfb":"\/hassle.pfb","\/hassle.php":"\/hassle.php","\/hassle.pt3":"\/hassle.pt3","\/hassle.sfd":"\/hassle.sfd","\/hassle.svg":"\/hassle.svg","\/hassle.t42":"\/hassle.t42","\/hassle.ttd":"\/hassle.ttd","\/hassle.ttf":"\/hassle.ttf","\/hassle.ttg":"\/hassle.ttg","\/hassle.ufm":"\/hassle.ufm","\/hassle.woff":"\/hassle.woff","\/hassle.z":"\/hassle.z","\/hassle.ufo\/feature.fea":"\/hassle.ufo\/feature.fea","\/hassle.ufo\/fontinfo.plist":"\/hassle.ufo\/fontinfo.plist","\/hassle.ufo\/groups.plist":"\/hassle.ufo\/groups.plist","\/hassle.ufo\/kerning.plist":"\/hassle.ufo\/kerning.plist","\/hassle.ufo\/metainfo.plist":"\/hassle.ufo\/metainfo.plist","\/hassle.ufo\/glyphs\/A_.glif":"\/hassle.ufo\/glyphs\/A_.glif","\/hassle.ufo\/glyphs\/A_E_.glif":"\/hassle.ufo\/glyphs\/A_E_.glif","\/hassle.ufo\/glyphs\/B_.glif":"\/hassle.ufo\/glyphs\/B_.glif","\/hassle.ufo\/glyphs\/C_.glif":"\/hassle.ufo\/glyphs\/C_.glif","\/hassle.ufo\/glyphs\/D_.glif":"\/hassle.ufo\/glyphs\/D_.glif","\/hassle.ufo\/glyphs\/E_.glif":"\/hassle.ufo\/glyphs\/E_.glif","\/hassle.ufo\/glyphs\/F_.glif":"\/hassle.ufo\/glyphs\/F_.glif","\/hassle.ufo\/glyphs\/G_.glif":"\/hassle.ufo\/glyphs\/G_.glif","\/hassle.ufo\/glyphs\/H_.glif":"\/hassle.ufo\/glyphs\/H_.glif","\/hassle.ufo\/glyphs\/I_.glif":"\/hassle.ufo\/glyphs\/I_.glif","\/hassle.ufo\/glyphs\/J_.glif":"\/hassle.ufo\/glyphs\/J_.glif","\/hassle.ufo\/glyphs\/K_.glif":"\/hassle.ufo\/glyphs\/K_.glif","\/hassle.ufo\/glyphs\/L_.glif":"\/hassle.ufo\/glyphs\/L_.glif","\/hassle.ufo\/glyphs\/M_.glif":"\/hassle.ufo\/glyphs\/M_.glif","\/hassle.ufo\/glyphs\/N_.glif":"\/hassle.ufo\/glyphs\/N_.glif","\/hassle.ufo\/glyphs\/O_.glif":"\/hassle.ufo\/glyphs\/O_.glif","\/hassle.ufo\/glyphs\/P_.glif":"\/hassle.ufo\/glyphs\/P_.glif","\/hassle.ufo\/glyphs\/Q_.glif":"\/hassle.ufo\/glyphs\/Q_.glif","\/hassle.ufo\/glyphs\/R_.glif":"\/hassle.ufo\/glyphs\/R_.glif","\/hassle.ufo\/glyphs\/S_.glif":"\/hassle.ufo\/glyphs\/S_.glif","\/hassle.ufo\/glyphs\/T_.glif":"\/hassle.ufo\/glyphs\/T_.glif","\/hassle.ufo\/glyphs\/U_.glif":"\/hassle.ufo\/glyphs\/U_.glif","\/hassle.ufo\/glyphs\/V_.glif":"\/hassle.ufo\/glyphs\/V_.glif","\/hassle.ufo\/glyphs\/W_.glif":"\/hassle.ufo\/glyphs\/W_.glif","\/hassle.ufo\/glyphs\/X_.glif":"\/hassle.ufo\/glyphs\/X_.glif","\/hassle.ufo\/glyphs\/Y_.glif":"\/hassle.ufo\/glyphs\/Y_.glif","\/hassle.ufo\/glyphs\/Z_.glif":"\/hassle.ufo\/glyphs\/Z_.glif","\/hassle.ufo\/glyphs\/_notdef.glif":"\/hassle.ufo\/glyphs\/_notdef.glif","\/hassle.ufo\/glyphs\/_null.glif":"\/hassle.ufo\/glyphs\/_null.glif","\/hassle.ufo\/glyphs\/a.glif":"\/hassle.ufo\/glyphs\/a.glif","\/hassle.ufo\/glyphs\/ae.glif":"\/hassle.ufo\/glyphs\/ae.glif","\/hassle.ufo\/glyphs\/ampersand.glif":"\/hassle.ufo\/glyphs\/ampersand.glif","\/hassle.ufo\/glyphs\/asciicircum.glif":"\/hassle.ufo\/glyphs\/asciicircum.glif","\/hassle.ufo\/glyphs\/asciitilde.glif":"\/hassle.ufo\/glyphs\/asciitilde.glif","\/hassle.ufo\/glyphs\/asterisk.glif":"\/hassle.ufo\/glyphs\/asterisk.glif","\/hassle.ufo\/glyphs\/at.glif":"\/hassle.ufo\/glyphs\/at.glif","\/hassle.ufo\/glyphs\/b.glif":"\/hassle.ufo\/glyphs\/b.glif","\/hassle.ufo\/glyphs\/backslash.glif":"\/hassle.ufo\/glyphs\/backslash.glif","\/hassle.ufo\/glyphs\/bar.glif":"\/hassle.ufo\/glyphs\/bar.glif","\/hassle.ufo\/glyphs\/braceleft.glif":"\/hassle.ufo\/glyphs\/braceleft.glif","\/hassle.ufo\/glyphs\/braceright.glif":"\/hassle.ufo\/glyphs\/braceright.glif","\/hassle.ufo\/glyphs\/bracketleft.glif":"\/hassle.ufo\/glyphs\/bracketleft.glif","\/hassle.ufo\/glyphs\/bracketright.glif":"\/hassle.ufo\/glyphs\/bracketright.glif","\/hassle.ufo\/glyphs\/c.glif":"\/hassle.ufo\/glyphs\/c.glif","\/hassle.ufo\/glyphs\/colon.glif":"\/hassle.ufo\/glyphs\/colon.glif","\/hassle.ufo\/glyphs\/comma.glif":"\/hassle.ufo\/glyphs\/comma.glif","\/hassle.ufo\/glyphs\/contents.plist":"\/hassle.ufo\/glyphs\/contents.plist","\/hassle.ufo\/glyphs\/d.glif":"\/hassle.ufo\/glyphs\/d.glif","\/hassle.ufo\/glyphs\/dollar.glif":"\/hassle.ufo\/glyphs\/dollar.glif","\/hassle.ufo\/glyphs\/e.glif":"\/hassle.ufo\/glyphs\/e.glif","\/hassle.ufo\/glyphs\/eight.glif":"\/hassle.ufo\/glyphs\/eight.glif","\/hassle.ufo\/glyphs\/equal.glif":"\/hassle.ufo\/glyphs\/equal.glif","\/hassle.ufo\/glyphs\/exclam.glif":"\/hassle.ufo\/glyphs\/exclam.glif","\/hassle.ufo\/glyphs\/f.glif":"\/hassle.ufo\/glyphs\/f.glif","\/hassle.ufo\/glyphs\/five.glif":"\/hassle.ufo\/glyphs\/five.glif","\/hassle.ufo\/glyphs\/four.glif":"\/hassle.ufo\/glyphs\/four.glif","\/hassle.ufo\/glyphs\/g.glif":"\/hassle.ufo\/glyphs\/g.glif","\/hassle.ufo\/glyphs\/grave.glif":"\/hassle.ufo\/glyphs\/grave.glif","\/hassle.ufo\/glyphs\/greater.glif":"\/hassle.ufo\/glyphs\/greater.glif","\/hassle.ufo\/glyphs\/h.glif":"\/hassle.ufo\/glyphs\/h.glif","\/hassle.ufo\/glyphs\/i.glif":"\/hassle.ufo\/glyphs\/i.glif","\/hassle.ufo\/glyphs\/j.glif":"\/hassle.ufo\/glyphs\/j.glif","\/hassle.ufo\/glyphs\/k.glif":"\/hassle.ufo\/glyphs\/k.glif","\/hassle.ufo\/glyphs\/l.glif":"\/hassle.ufo\/glyphs\/l.glif","\/hassle.ufo\/glyphs\/less.glif":"\/hassle.ufo\/glyphs\/less.glif","\/hassle.ufo\/glyphs\/m.glif":"\/hassle.ufo\/glyphs\/m.glif","\/hassle.ufo\/glyphs\/minus.glif":"\/hassle.ufo\/glyphs\/minus.glif","\/hassle.ufo\/glyphs\/n.glif":"\/hassle.ufo\/glyphs\/n.glif","\/hassle.ufo\/glyphs\/nine.glif":"\/hassle.ufo\/glyphs\/nine.glif","\/hassle.ufo\/glyphs\/nonmarkingreturn.glif":"\/hassle.ufo\/glyphs\/nonmarkingreturn.glif","\/hassle.ufo\/glyphs\/numbersign.glif":"\/hassle.ufo\/glyphs\/numbersign.glif","\/hassle.ufo\/glyphs\/o.glif":"\/hassle.ufo\/glyphs\/o.glif","\/hassle.ufo\/glyphs\/one.glif":"\/hassle.ufo\/glyphs\/one.glif","\/hassle.ufo\/glyphs\/p.glif":"\/hassle.ufo\/glyphs\/p.glif","\/hassle.ufo\/glyphs\/parenleft.glif":"\/hassle.ufo\/glyphs\/parenleft.glif","\/hassle.ufo\/glyphs\/parenright.glif":"\/hassle.ufo\/glyphs\/parenright.glif","\/hassle.ufo\/glyphs\/percent.glif":"\/hassle.ufo\/glyphs\/percent.glif","\/hassle.ufo\/glyphs\/period.glif":"\/hassle.ufo\/glyphs\/period.glif","\/hassle.ufo\/glyphs\/plus.glif":"\/hassle.ufo\/glyphs\/plus.glif","\/hassle.ufo\/glyphs\/q.glif":"\/hassle.ufo\/glyphs\/q.glif","\/hassle.ufo\/glyphs\/question.glif":"\/hassle.ufo\/glyphs\/question.glif","\/hassle.ufo\/glyphs\/quotedbl.glif":"\/hassle.ufo\/glyphs\/quotedbl.glif","\/hassle.ufo\/glyphs\/quotesingle.glif":"\/hassle.ufo\/glyphs\/quotesingle.glif","\/hassle.ufo\/glyphs\/r.glif":"\/hassle.ufo\/glyphs\/r.glif","\/hassle.ufo\/glyphs\/s.glif":"\/hassle.ufo\/glyphs\/s.glif","\/hassle.ufo\/glyphs\/semicolon.glif":"\/hassle.ufo\/glyphs\/semicolon.glif","\/hassle.ufo\/glyphs\/seven.glif":"\/hassle.ufo\/glyphs\/seven.glif","\/hassle.ufo\/glyphs\/six.glif":"\/hassle.ufo\/glyphs\/six.glif","\/hassle.ufo\/glyphs\/slash.glif":"\/hassle.ufo\/glyphs\/slash.glif","\/hassle.ufo\/glyphs\/space.glif":"\/hassle.ufo\/glyphs\/space.glif","\/hassle.ufo\/glyphs\/t.glif":"\/hassle.ufo\/glyphs\/t.glif","\/hassle.ufo\/glyphs\/three.glif":"\/hassle.ufo\/glyphs\/three.glif","\/hassle.ufo\/glyphs\/two.glif":"\/hassle.ufo\/glyphs\/two.glif","\/hassle.ufo\/glyphs\/u.glif":"\/hassle.ufo\/glyphs\/u.glif","\/hassle.ufo\/glyphs\/v.glif":"\/hassle.ufo\/glyphs\/v.glif","\/hassle.ufo\/glyphs\/w.glif":"\/hassle.ufo\/glyphs\/w.glif","\/hassle.ufo\/glyphs\/x.glif":"\/hassle.ufo\/glyphs\/x.glif","\/hassle.ufo\/glyphs\/y.glif":"\/hassle.ufo\/glyphs\/y.glif","\/hassle.ufo\/glyphs\/z.glif":"\/hassle.ufo\/glyphs\/z.glif","\/hassle.ufo\/glyphs\/zero.glif":"\/hassle.ufo\/glyphs\/zero.glif"},"Font":{"uploaded":1472932996.2112,"licence":"gpl3","company":"Chronolabs Cooperative","title":"Hassle BRK","version":3.002,"date":"Sun Aug 28 07:54:57 2016","creator":"root","type":"1","matrix":"0.001 0 0 0.001 0 0","named":"HassleBRK","painttype":"0","info":"10 dict dup","name":"Hassle BRK","family":"Hassle BRK","weight":"Book","fstype":"0","italicangle":"0","underlineposition":"","underlinethickness":""},"Licences":{"":false},"Table":{"FFTM":{"entryLength":16,"tag":"FFTM","checksum":1947016242,"offset":104436,"length":28},"GDEF":{"entryLength":16,"tag":"GDEF","checksum":9437188,"offset":104404,"length":32},"OS\/2":{"entryLength":16,"tag":"OS\/2","checksum":1449296245,"offset":344,"length":86},"cmap":{"entryLength":16,"tag":"cmap","checksum":3438442792,"offset":828,"length":378},"gasp":{"entryLength":16,"tag":"gasp","checksum":4294901763,"offset":104396,"length":8},"glyf":{"entryLength":16,"tag":"glyf","checksum":2384619441,"offset":1408,"length":102180},"head":{"entryLength":16,"tag":"head","checksum":179621276,"offset":220,"length":54},"hhea":{"entryLength":16,"tag":"hhea","checksum":121176931,"offset":276,"length":36},"hmtx":{"entryLength":16,"tag":"hmtx","checksum":3653370738,"offset":432,"length":396},"loca":{"entryLength":16,"tag":"loca","checksum":3496817356,"offset":1208,"length":200},"maxp":{"entryLength":16,"tag":"maxp","checksum":12780495,"offset":312,"length":32},"name":{"entryLength":16,"tag":"name","checksum":2873937704,"offset":103588,"length":573},"post":{"entryLength":16,"tag":"post","checksum":161483505,"offset":104164,"length":232}},"UnicodeCharMap":{"0":1,"13":2,"32":3,"33":4,"34":5,"35":6,"36":7,"37":8,"38":9,"39":10,"40":11,"41":12,"42":13,"43":14,"44":15,"46":17,"47":18,"48":19,"49":20,"50":21,"51":22,"52":23,"53":24,"54":25,"55":26,"56":27,"57":28,"58":29,"59":30,"60":31,"61":32,"62":33,"63":34,"64":35,"65":36,"66":37,"67":38,"68":39,"69":40,"70":41,"71":42,"72":43,"73":44,"74":45,"75":46,"76":47,"77":48,"78":49,"79":50,"80":51,"81":52,"82":53,"83":54,"84":55,"85":56,"86":57,"87":58,"88":59,"89":60,"90":61,"91":62,"92":63,"93":64,"94":65,"96":66,"97":67,"98":68,"99":69,"100":70,"101":71,"102":72,"103":73,"104":74,"105":75,"106":76,"107":77,"108":78,"109":79,"110":80,"111":81,"112":82,"113":83,"114":84,"115":85,"116":86,"117":87,"118":88,"119":89,"120":90,"121":91,"122":92,"123":93,"124":94,"125":95,"126":96,"198":97,"230":98,"8722":16},"Reserves":{"fontname":"Hassle BRK"},"Names":{"Hassle BRK":{"name":"Hassle BRK","longitude":"0.00000001","latitude":"0.00000001","country":"","region":"","city":""}},"Nodes":{"ha":{"type":"typal","node":"ha","usage":1,"weight":1},"le":{"type":"typal","node":"le","usage":1,"weight":1},"br":{"type":"typal","node":"br","usage":1,"weight":1},"rk":{"type":"typal","node":"rk","usage":1,"weight":1},"has":{"type":"typal","node":"has","usage":1,"weight":1},"sle":{"type":"typal","node":"sle","usage":1,"weight":1},"hass":{"type":"keys","node":"hass","usage":1,"weight":1},"ssle":{"type":"keys","node":"ssle","usage":1,"weight":1},"hassl":{"type":"keys","node":"hassl","usage":1,"weight":1},"assle":{"type":"keys","node":"assle","usage":1,"weight":1},"hassle":{"type":"fixes","node":"hassle","usage":1,"weight":1},"brk":{"type":"fixes","node":"brk","usage":1,"weight":1}},"Contributors":[],"FontIdentity":"unews9:f26dce49a1996cc821c1d3049","Bytes":null,"Networking":[],"barcode":"qissem2m7qoqw","referee":"5oesm"}