{"CSS":{"Helvetica LT Std Roman":"Helvetica+LT+Std+Roman.css"},"FontType":"TrueType","FontCopyright":" The digitally encoded machine readable software for producing the\n Typefaces licensed to you is copyrighted (c) 1985, 1987, 1989, 1990,\n 1997, 1998, 1999, 2002 Adobe Systems.\n All Rights Reserved. This software is the property of Adobe Systems\n Incorporated and its licensors, and may not be reproduced, used,\n displayed, modified, disclosed or transferred without the express\n written approval of Adobe.\n \n The digitally encoded machine readable outline data for producing the Typefaces \n provided as part of your laser printer is copyrighted (c) 1981, 1999, 2002 Heidelberger Druckmaschinen AG. \n All rights reserved. This data is the property of Heidelberger Druckmaschinen AG, \n and may not be reproduced, used, displayed, modified, disclosed or transferred \n without the express written approval of Heidelberger Druckmaschinen AG. ","FontName":"Helvetica LT Std","FontSubfamily":"Roman","FontSubfamilyID":"FontForge 2.0 : Helvetica LT Std Roman : 27-8-2016","FontFullName":"Helvetica LT Std Roman","FontVersion":"Version 003.002 ","FontWeight":null,"FontPostscriptName":"HelveticaLTStd-Roman","Files":{"helveticaltstd-roman.afm":"helveticaltstd-roman.afm","helveticaltstd-roman.bin":"helveticaltstd-roman.bin","helveticaltstd-roman.cef":"helveticaltstd-roman.cef","helveticaltstd-roman.cff":"helveticaltstd-roman.cff","helveticaltstd-roman.cid":"helveticaltstd-roman.cid","helveticaltstd-roman.dfont":"helveticaltstd-roman.dfont","helveticaltstd-roman.eot":"helveticaltstd-roman.eot","helveticaltstd-roman.fon":"helveticaltstd-roman.fon","helveticaltstd-roman.gai":"helveticaltstd-roman.gai","helveticaltstd-roman.gsf":"helveticaltstd-roman.gsf","helveticaltstd-roman.hqx":"helveticaltstd-roman.hqx","helveticaltstd-roman.ik":"helveticaltstd-roman.ik","helveticaltstd-roman.mf":"helveticaltstd-roman.mf","helveticaltstd-roman.otf":"helveticaltstd-roman.otf","helveticaltstd-roman.pcf":"helveticaltstd-roman.pcf","helveticaltstd-roman.pf3":"helveticaltstd-roman.pf3","helveticaltstd-roman.pfa":"helveticaltstd-roman.pfa","helveticaltstd-roman.pfb":"helveticaltstd-roman.pfb","helveticaltstd-roman.php":"helveticaltstd-roman.php","helveticaltstd-roman.pmf":"helveticaltstd-roman.pmf","helveticaltstd-roman.pt3":"helveticaltstd-roman.pt3","helveticaltstd-roman.sfd":"helveticaltstd-roman.sfd","helveticaltstd-roman.svg":"helveticaltstd-roman.svg","helveticaltstd-roman.t42":"helveticaltstd-roman.t42","helveticaltstd-roman.ttd":"helveticaltstd-roman.ttd","helveticaltstd-roman.ttf":"helveticaltstd-roman.ttf","helveticaltstd-roman.ttg":"helveticaltstd-roman.ttg","helveticaltstd-roman.ufm":"helveticaltstd-roman.ufm","helveticaltstd-roman.woff":"helveticaltstd-roman.woff","helveticaltstd-roman.z":"helveticaltstd-roman.z","":{"helveticaltstd-roman.afm":"helveticaltstd-roman.afm","helveticaltstd-roman.bin":"helveticaltstd-roman.bin","helveticaltstd-roman.cef":"helveticaltstd-roman.cef","helveticaltstd-roman.cff":"helveticaltstd-roman.cff","helveticaltstd-roman.cid":"helveticaltstd-roman.cid","helveticaltstd-roman.dfont":"helveticaltstd-roman.dfont","helveticaltstd-roman.eot":"helveticaltstd-roman.eot","helveticaltstd-roman.fon":"helveticaltstd-roman.fon","helveticaltstd-roman.gai":"helveticaltstd-roman.gai","helveticaltstd-roman.gsf":"helveticaltstd-roman.gsf","helveticaltstd-roman.hqx":"helveticaltstd-roman.hqx","helveticaltstd-roman.ik":"helveticaltstd-roman.ik","helveticaltstd-roman.mf":"helveticaltstd-roman.mf","helveticaltstd-roman.otf":"helveticaltstd-roman.otf","helveticaltstd-roman.pcf":"helveticaltstd-roman.pcf","helveticaltstd-roman.pf3":"helveticaltstd-roman.pf3","helveticaltstd-roman.pfa":"helveticaltstd-roman.pfa","helveticaltstd-roman.pfb":"helveticaltstd-roman.pfb","helveticaltstd-roman.php":"helveticaltstd-roman.php","helveticaltstd-roman.pmf":"helveticaltstd-roman.pmf","helveticaltstd-roman.pt3":"helveticaltstd-roman.pt3","helveticaltstd-roman.sfd":"helveticaltstd-roman.sfd","helveticaltstd-roman.svg":"helveticaltstd-roman.svg","helveticaltstd-roman.t42":"helveticaltstd-roman.t42","helveticaltstd-roman.ttd":"helveticaltstd-roman.ttd","helveticaltstd-roman.ttf":"helveticaltstd-roman.ttf","helveticaltstd-roman.ttg":"helveticaltstd-roman.ttg","helveticaltstd-roman.ufm":"helveticaltstd-roman.ufm","helveticaltstd-roman.woff":"helveticaltstd-roman.woff","helveticaltstd-roman.z":"helveticaltstd-roman.z"},"\/helveticaltstd-roman.ufo":{"feature.fea":"feature.fea","fontinfo.plist":"fontinfo.plist","groups.plist":"groups.plist","kerning.plist":"kerning.plist","metainfo.plist":"metainfo.plist"},"\/helveticaltstd-roman.ufo\/glyphs":{"A_.glif":"A_.glif","A_E_.glif":"A_E_.glif","A_acute.glif":"A_acute.glif","A_circumflex.glif":"A_circumflex.glif","A_dieresis.glif":"A_dieresis.glif","A_grave.glif":"A_grave.glif","A_ring.glif":"A_ring.glif","A_tilde.glif":"A_tilde.glif","B_.glif":"B_.glif","C_.glif":"C_.glif","C_cedilla.glif":"C_cedilla.glif","D_.glif":"D_.glif","D_elta.glif":"D_elta.glif","E_.glif":"E_.glif","E_acute.glif":"E_acute.glif","E_circumflex.glif":"E_circumflex.glif","E_dieresis.glif":"E_dieresis.glif","E_grave.glif":"E_grave.glif","E_th.glif":"E_th.glif","E_uro.glif":"E_uro.glif","F_.glif":"F_.glif","G_.glif":"G_.glif","H_.glif":"H_.glif","I_.glif":"I_.glif","I_acute.glif":"I_acute.glif","I_circumflex.glif":"I_circumflex.glif","I_dieresis.glif":"I_dieresis.glif","I_grave.glif":"I_grave.glif","J_.glif":"J_.glif","K_.glif":"K_.glif","L_.glif":"L_.glif","L_slash.glif":"L_slash.glif","M_.glif":"M_.glif","N_.glif":"N_.glif","N_tilde.glif":"N_tilde.glif","O_.glif":"O_.glif","O_E_.glif":"O_E_.glif","O_acute.glif":"O_acute.glif","O_circumflex.glif":"O_circumflex.glif","O_dieresis.glif":"O_dieresis.glif","O_grave.glif":"O_grave.glif","O_mega.glif":"O_mega.glif","O_slash.glif":"O_slash.glif","O_tilde.glif":"O_tilde.glif","P_.glif":"P_.glif","Q_.glif":"Q_.glif","R_.glif":"R_.glif","S_.glif":"S_.glif","S_caron.glif":"S_caron.glif","T_.glif":"T_.glif","T_horn.glif":"T_horn.glif","U_.glif":"U_.glif","U_acute.glif":"U_acute.glif","U_circumflex.glif":"U_circumflex.glif","U_dieresis.glif":"U_dieresis.glif","U_grave.glif":"U_grave.glif","V_.glif":"V_.glif","W_.glif":"W_.glif","X_.glif":"X_.glif","Y_.glif":"Y_.glif","Y_acute.glif":"Y_acute.glif","Y_dieresis.glif":"Y_dieresis.glif","Z_.glif":"Z_.glif","Z_caron.glif":"Z_caron.glif","_notdef.glif":"_notdef.glif","a.glif":"a.glif","aacute.glif":"aacute.glif","acircumflex.glif":"acircumflex.glif","acute.cap.glif":"acute.cap.glif","acute.glif":"acute.glif","adieresis.glif":"adieresis.glif","ae.glif":"ae.glif","afii10017.glif":"afii10017.glif","afii10018.glif":"afii10018.glif","afii10019.glif":"afii10019.glif","afii10020.glif":"afii10020.glif","afii10021.glif":"afii10021.glif","afii10022.glif":"afii10022.glif","afii10023.glif":"afii10023.glif","afii10024.glif":"afii10024.glif","afii10025.glif":"afii10025.glif","afii10026.glif":"afii10026.glif","afii10027.glif":"afii10027.glif","afii10028.glif":"afii10028.glif","afii10029.glif":"afii10029.glif","afii10030.glif":"afii10030.glif","afii10031.glif":"afii10031.glif","afii10032.glif":"afii10032.glif","afii10033.glif":"afii10033.glif","afii10034.glif":"afii10034.glif","afii10035.glif":"afii10035.glif","afii10036.glif":"afii10036.glif","afii10037.glif":"afii10037.glif","afii10038.glif":"afii10038.glif","afii10039.glif":"afii10039.glif","afii10040.glif":"afii10040.glif","afii10041.glif":"afii10041.glif","afii10042.glif":"afii10042.glif","afii10043.glif":"afii10043.glif","afii10044.glif":"afii10044.glif","afii10045.glif":"afii10045.glif","afii10046.glif":"afii10046.glif","afii10047.glif":"afii10047.glif","afii10048.glif":"afii10048.glif","afii10049.glif":"afii10049.glif","afii10050.glif":"afii10050.glif","afii10051.glif":"afii10051.glif","afii10052.glif":"afii10052.glif","afii10053.glif":"afii10053.glif","afii10054.glif":"afii10054.glif","afii10055.glif":"afii10055.glif","afii10056.glif":"afii10056.glif","afii10057.glif":"afii10057.glif","afii10058.glif":"afii10058.glif","afii10059.glif":"afii10059.glif","afii10060.glif":"afii10060.glif","afii10061.glif":"afii10061.glif","afii10062.glif":"afii10062.glif","afii10065.glif":"afii10065.glif","afii10066.glif":"afii10066.glif","afii10066.ital.glif":"afii10066.ital.glif","afii10067.glif":"afii10067.glif","afii10068.glif":"afii10068.glif","afii10069.glif":"afii10069.glif","afii10070.glif":"afii10070.glif","afii10071.glif":"afii10071.glif","afii10072.glif":"afii10072.glif","afii10073.glif":"afii10073.glif","afii10074.glif":"afii10074.glif","afii10075.glif":"afii10075.glif","afii10076.glif":"afii10076.glif","afii10077.glif":"afii10077.glif","afii10078.glif":"afii10078.glif","afii10079.glif":"afii10079.glif","afii10080.glif":"afii10080.glif","afii10081.glif":"afii10081.glif","afii10082.glif":"afii10082.glif","afii10083.glif":"afii10083.glif","afii10084.glif":"afii10084.glif","afii10085.glif":"afii10085.glif","afii10086.glif":"afii10086.glif","afii10087.glif":"afii10087.glif","afii10088.glif":"afii10088.glif","afii10089.glif":"afii10089.glif","afii10090.glif":"afii10090.glif","afii10091.glif":"afii10091.glif","afii10092.glif":"afii10092.glif","afii10093.glif":"afii10093.glif","afii10094.glif":"afii10094.glif","afii10095.glif":"afii10095.glif","afii10096.glif":"afii10096.glif","afii10097.glif":"afii10097.glif","afii10098.glif":"afii10098.glif","afii10099.glif":"afii10099.glif","afii10100.glif":"afii10100.glif","afii10101.glif":"afii10101.glif","afii10102.glif":"afii10102.glif","afii10103.glif":"afii10103.glif","afii10104.glif":"afii10104.glif","afii10105.glif":"afii10105.glif","afii10106.glif":"afii10106.glif","afii10107.glif":"afii10107.glif","afii10108.glif":"afii10108.glif","afii10109.glif":"afii10109.glif","afii10110.glif":"afii10110.glif","afii10145.glif":"afii10145.glif","afii10146.glif":"afii10146.glif","afii10147.glif":"afii10147.glif","afii10148.glif":"afii10148.glif","afii10193.glif":"afii10193.glif","afii10194.glif":"afii10194.glif","afii10195.glif":"afii10195.glif","afii10196.glif":"afii10196.glif","afii10846.glif":"afii10846.glif","afii61289.glif":"afii61289.glif","afii61352.glif":"afii61352.glif","agrave.glif":"agrave.glif","ampersand.glif":"ampersand.glif","approxequal.glif":"approxequal.glif","aring.glif":"aring.glif","asciicircum.glif":"asciicircum.glif","asciitilde.glif":"asciitilde.glif","asterisk.glif":"asterisk.glif","at.glif":"at.glif","atilde.glif":"atilde.glif","b.glif":"b.glif","backslash.glif":"backslash.glif","bar.glif":"bar.glif","braceleft.glif":"braceleft.glif","braceright.glif":"braceright.glif","bracketleft.glif":"bracketleft.glif","bracketright.glif":"bracketright.glif","breve.cyr.glif":"breve.cyr.glif","breve.cyrcap.glif":"breve.cyrcap.glif","breve.glif":"breve.glif","brokenbar.glif":"brokenbar.glif","bullet.glif":"bullet.glif","c.glif":"c.glif","caron.cap.glif":"caron.cap.glif","caron.glif":"caron.glif","ccedilla.glif":"ccedilla.glif","cedilla.glif":"cedilla.glif","cent.glif":"cent.glif","circumflex.cyr.glif":"circumflex.cyr.glif","circumflex.cyrcap.glif":"circumflex.cyrcap.glif","circumflex.glif":"circumflex.glif","colon.glif":"colon.glif","comma.glif":"comma.glif","contents.plist":"contents.plist","copyright.glif":"copyright.glif","currency.glif":"currency.glif","d.glif":"d.glif","dagger.glif":"dagger.glif","daggerdbl.glif":"daggerdbl.glif","degree.glif":"degree.glif","dieresis.cap.glif":"dieresis.cap.glif","dieresis.glif":"dieresis.glif","divide.glif":"divide.glif","dollar.glif":"dollar.glif","dotaccent.glif":"dotaccent.glif","dotlessi.glif":"dotlessi.glif","e.glif":"e.glif","eacute.glif":"eacute.glif","ecircumflex.glif":"ecircumflex.glif","edieresis.glif":"edieresis.glif","egrave.glif":"egrave.glif","eight.glif":"eight.glif","ellipsis.glif":"ellipsis.glif","emdash.glif":"emdash.glif","endash.glif":"endash.glif","equal.glif":"equal.glif","estimated.glif":"estimated.glif","eth.glif":"eth.glif","exclam.glif":"exclam.glif","exclamdown.glif":"exclamdown.glif","f.glif":"f.glif","f_i.glif":"f_i.glif","f_l.glif":"f_l.glif","five.glif":"five.glif","florin.glif":"florin.glif","four.glif":"four.glif","fraction.glif":"fraction.glif","g.glif":"g.glif","germandbls.glif":"germandbls.glif","grave.cap.glif":"grave.cap.glif","grave.glif":"grave.glif","greater.glif":"greater.glif","greaterequal.glif":"greaterequal.glif","guillemotleft.glif":"guillemotleft.glif","guillemotright.glif":"guillemotright.glif","guilsinglleft.glif":"guilsinglleft.glif","guilsinglright.glif":"guilsinglright.glif","h.glif":"h.glif","hungarumlaut.cap.glif":"hungarumlaut.cap.glif","hungarumlaut.glif":"hungarumlaut.glif","hyphen.glif":"hyphen.glif","i.glif":"i.glif","iacute.glif":"iacute.glif","icircumflex.glif":"icircumflex.glif","idieresis.glif":"idieresis.glif","igrave.glif":"igrave.glif","infinity.glif":"infinity.glif","integral.glif":"integral.glif","j.glif":"j.glif","k.glif":"k.glif","l.glif":"l.glif","less.glif":"less.glif","lessequal.glif":"lessequal.glif","logicalnot.glif":"logicalnot.glif","lozenge.glif":"lozenge.glif","lslash.glif":"lslash.glif","m.glif":"m.glif","macron.cap.glif":"macron.cap.glif","macron.glif":"macron.glif","minus.glif":"minus.glif","mu.glif":"mu.glif","multiply.glif":"multiply.glif","n.glif":"n.glif","nine.glif":"nine.glif","notequal.glif":"notequal.glif","ntilde.glif":"ntilde.glif","numbersign.glif":"numbersign.glif","o.glif":"o.glif","oacute.glif":"oacute.glif","ocircumflex.glif":"ocircumflex.glif","odieresis.glif":"odieresis.glif","oe.glif":"oe.glif","ogonek.glif":"ogonek.glif","ograve.glif":"ograve.glif","one.glif":"one.glif","one.superior.glif":"one.superior.glif","onehalf.glif":"onehalf.glif","onequarter.glif":"onequarter.glif","ordfeminine.glif":"ordfeminine.glif","ordmasculine.glif":"ordmasculine.glif","oslash.glif":"oslash.glif","otilde.glif":"otilde.glif","p.glif":"p.glif","paragraph.glif":"paragraph.glif","parenleft.glif":"parenleft.glif","parenright.glif":"parenright.glif","partialdiff.glif":"partialdiff.glif","percent.glif":"percent.glif","period.glif":"period.glif","periodcentered.glif":"periodcentered.glif","perthousand.glif":"perthousand.glif","pi.glif":"pi.glif","plus.glif":"plus.glif","plusminus.glif":"plusminus.glif","product.glif":"product.glif","q.glif":"q.glif","question.glif":"question.glif","questiondown.glif":"questiondown.glif","quotedbl.glif":"quotedbl.glif","quotedblbase.glif":"quotedblbase.glif","quotedblleft.glif":"quotedblleft.glif","quotedblright.glif":"quotedblright.glif","quoteleft.glif":"quoteleft.glif","quoteright.glif":"quoteright.glif","quotesinglbase.glif":"quotesinglbase.glif","quotesingle.glif":"quotesingle.glif","r.glif":"r.glif","radical.glif":"radical.glif","registered.glif":"registered.glif","ring.glif":"ring.glif","s.glif":"s.glif","scaron.glif":"scaron.glif","section.glif":"section.glif","semicolon.glif":"semicolon.glif","seven.glif":"seven.glif","six.glif":"six.glif","slash.glif":"slash.glif","space.glif":"space.glif","space_uni0308_uni0300.cap.glif":"space_uni0308_uni0300.cap.glif","space_uni0308_uni0300.glif":"space_uni0308_uni0300.glif","space_uni0308_uni0301.cap.glif":"space_uni0308_uni0301.cap.glif","space_uni0308_uni0301.glif":"space_uni0308_uni0301.glif","space_uni030F_.cap.glif":"space_uni030F_.cap.glif","space_uni030F_.glif":"space_uni030F_.glif","sterling.glif":"sterling.glif","summation.glif":"summation.glif","t.glif":"t.glif","thorn.glif":"thorn.glif","three.glif":"three.glif","three.superior.glif":"three.superior.glif","threequarters.glif":"threequarters.glif","tilde.glif":"tilde.glif","trademark.glif":"trademark.glif","two.glif":"two.glif","two.superior.glif":"two.superior.glif","u.glif":"u.glif","uacute.glif":"uacute.glif","ucircumflex.glif":"ucircumflex.glif","udieresis.glif":"udieresis.glif","ugrave.glif":"ugrave.glif","underscore.glif":"underscore.glif","uni00A_0.glif":"uni00A_0.glif","uni00A_D_.glif":"uni00A_D_.glif","uni02C_9.glif":"uni02C_9.glif","uni03A_9.glif":"uni03A_9.glif","uni03B_C_.glif":"uni03B_C_.glif","uni2215.glif":"uni2215.glif","uni2219.glif":"uni2219.glif","v.glif":"v.glif","w.glif":"w.glif","x.glif":"x.glif","y.glif":"y.glif","yacute.glif":"yacute.glif","ydieresis.glif":"ydieresis.glif","yen.glif":"yen.glif","z.glif":"z.glif","zcaron.glif":"zcaron.glif","zero.glif":"zero.glif"}},"Font":{"uploaded":1472271385.6548,"licence":"gpl3","company":"Chronolabs Cooperative","title":"Helvetica LTStd Roman","version":2.001,"date":"Fri Aug 12 10:15:43 2016","creator":"root","type":"1","matrix":"0.001 0 0 0.001 0 0","named":"HelveticaLTStd-Roman","painttype":"0","info":"11 dict dup","name":"Helvetica LT Std Roman","family":"Helvetica LT Std","weight":"Medium","fstype":"4","italicangle":"0","underlineposition":"","underlinethickness":""},"Table":{"FFTM":{"entryLength":16,"tag":"FFTM","checksum":1944268336,"offset":37884,"length":28},"GDEF":{"entryLength":16,"tag":"GDEF","checksum":27459590,"offset":37852,"length":32},"OS\/2":{"entryLength":16,"tag":"OS\/2","checksum":2036939575,"offset":344,"length":86},"cmap":{"entryLength":16,"tag":"cmap","checksum":1963563398,"offset":1928,"length":1174},"gasp":{"entryLength":16,"tag":"gasp","checksum":4294901763,"offset":37844,"length":8},"glyf":{"entryLength":16,"tag":"glyf","checksum":1313130203,"offset":3856,"length":28688},"head":{"entryLength":16,"tag":"head","checksum":170970460,"offset":220,"length":54},"hhea":{"entryLength":16,"tag":"hhea","checksum":121766887,"offset":276,"length":36},"hmtx":{"entryLength":16,"tag":"hmtx","checksum":606484633,"offset":432,"length":1496},"loca":{"entryLength":16,"tag":"loca","checksum":3563108392,"offset":3104,"length":750},"maxp":{"entryLength":16,"tag":"maxp","checksum":29294672,"offset":312,"length":32},"name":{"entryLength":16,"tag":"name","checksum":4210117089,"offset":32544,"length":3093},"post":{"entryLength":16,"tag":"post","checksum":376877542,"offset":35640,"length":2202}},"UnicodeCharMap":{"32":3,"33":4,"34":5,"35":6,"36":7,"37":8,"38":9,"39":10,"40":11,"41":12,"42":13,"43":14,"44":15,"45":16,"46":17,"47":18,"48":19,"49":20,"50":21,"51":22,"52":23,"53":24,"54":25,"55":26,"56":27,"57":28,"58":29,"59":30,"60":31,"61":32,"62":33,"63":34,"64":35,"65":36,"66":37,"67":38,"68":39,"69":40,"70":41,"71":42,"72":43,"73":44,"74":45,"75":46,"76":47,"77":48,"78":49,"79":50,"80":51,"81":52,"82":53,"83":54,"84":55,"85":56,"86":57,"87":58,"88":59,"89":60,"90":61,"91":62,"92":63,"93":64,"94":65,"95":66,"96":67,"97":68,"98":69,"99":70,"100":71,"101":72,"102":73,"103":74,"104":75,"105":76,"106":77,"107":78,"108":79,"109":80,"110":81,"111":82,"112":83,"113":84,"114":85,"115":86,"116":87,"117":88,"118":89,"119":90,"120":91,"121":92,"122":93,"123":94,"124":95,"125":96,"126":97,"160":98,"161":99,"162":100,"163":101,"164":102,"165":103,"166":104,"167":105,"168":106,"169":107,"170":108,"171":109,"172":110,"173":111,"174":112,"175":113,"176":114,"177":115,"178":116,"179":117,"180":118,"182":120,"183":121,"184":122,"185":123,"186":124,"187":125,"188":126,"189":127,"190":128,"191":129,"192":130,"193":131,"194":132,"195":133,"196":134,"197":135,"198":136,"199":137,"200":138,"201":139,"202":140,"203":141,"204":142,"205":143,"206":144,"207":145,"208":146,"209":147,"210":148,"211":149,"212":150,"213":151,"214":152,"215":153,"216":154,"217":155,"218":156,"219":157,"220":158,"221":159,"222":160,"223":161,"224":162,"225":163,"226":164,"227":165,"228":166,"229":167,"230":168,"231":169,"232":170,"233":171,"234":172,"235":173,"236":174,"237":175,"238":176,"239":177,"240":178,"241":179,"242":180,"243":181,"244":182,"245":183,"246":184,"247":185,"248":186,"249":187,"250":188,"251":189,"252":190,"253":191,"254":192,"255":193,"305":221,"321":219,"322":222,"338":220,"339":223,"352":226,"353":229,"376":227,"381":228,"382":230,"402":197,"710":210,"711":217,"713":354,"728":212,"729":213,"730":214,"731":216,"732":211,"733":215,"916":233,"937":373,"956":235,"960":236,"1025":270,"1026":271,"1027":272,"1028":273,"1029":274,"1030":275,"1031":276,"1032":277,"1033":278,"1034":279,"1035":280,"1036":281,"1038":282,"1039":283,"1040":237,"1041":238,"1042":239,"1043":240,"1044":242,"1045":243,"1046":244,"1047":245,"1048":246,"1049":247,"1050":248,"1051":249,"1052":250,"1053":251,"1054":252,"1055":253,"1056":254,"1057":255,"1058":256,"1059":257,"1060":258,"1061":259,"1062":260,"1063":261,"1064":262,"1065":263,"1066":264,"1067":265,"1068":266,"1069":267,"1070":268,"1071":269,"1072":287,"1073":288,"1074":289,"1075":290,"1076":292,"1077":293,"1078":294,"1079":295,"1080":296,"1081":297,"1082":298,"1083":299,"1084":300,"1085":301,"1086":302,"1087":303,"1088":304,"1089":305,"1090":306,"1091":307,"1092":308,"1093":309,"1094":310,"1095":311,"1096":312,"1097":313,"1098":314,"1099":315,"1100":316,"1101":317,"1102":318,"1103":319,"1105":320,"1106":321,"1107":322,"1108":323,"1109":324,"1110":325,"1111":326,"1112":327,"1113":328,"1114":329,"1115":330,"1116":331,"1118":332,"1119":333,"1122":284,"1123":334,"1138":285,"1139":335,"1140":286,"1141":336,"1168":241,"1169":291,"1241":337,"8211":201,"8212":218,"8216":195,"8217":194,"8218":205,"8220":198,"8221":207,"8222":206,"8224":202,"8225":203,"8226":204,"8230":208,"8240":209,"8249":199,"8250":200,"8260":196,"8364":338,"8467":339,"8470":340,"8482":224,"8494":341,"8706":342,"8719":343,"8721":344,"8722":225,"8725":372,"8729":345,"8730":346,"8734":347,"8747":348,"8776":349,"8800":350,"8804":351,"8805":352,"9674":353,"64257":231,"64258":232},"Reserves":null,"Names":[],"Nodes":{"he":{"type":"typal","node":"he","usage":1,"weight":1},"ca":{"type":"typal","node":"ca","usage":1,"weight":1},"st":{"type":"typal","node":"st","usage":1,"weight":1},"td":{"type":"typal","node":"td","usage":1,"weight":1},"hel":{"type":"typal","node":"hel","usage":1,"weight":1},"ica":{"type":"typal","node":"ica","usage":1,"weight":1},"helv":{"type":"keys","node":"helv","usage":1,"weight":1},"tica":{"type":"keys","node":"tica","usage":1,"weight":1},"helve":{"type":"keys","node":"helve","usage":1,"weight":1},"etica":{"type":"keys","node":"etica","usage":1,"weight":1},"helvetica":{"type":"fixes","node":"helvetica","usage":1,"weight":1},"lt":{"type":"fixes","node":"lt","usage":1,"weight":1},"std":{"type":"fixes","node":"std","usage":1,"weight":1}},"Contributors":[],"FontIdentity":"3d2544aedd41def2799537a1b8193175","Bytes":4095576,"Networking":[],"barcode":"amkcisisqymqw","referee":"Wm30iyWK"}