{"CSS":{"ITC Franklin Gothic Std Demi Extra Compressed":"thatcher0:c844b4a5ead28d5aab3d9e.css"},"FontType":"TrueType","FontCopyright":"Copyright 1995, 2002 Adobe Systems Incorporated. All rights reserved. ITC is a trademark of International Typeface Corporation registered in the U.S. Patent and Trademark Office and may be registered in certain other jurisdictions. Franklin Gothic is a trademark of International Typeface Corporation and may be registered in certain jurisdictions.","FontName":"ITC Franklin Gothic Std","FontSubfamily":"DmXCp","FontSubfamilyID":"FontForge 2.0 : ITC Franklin Gothic Std Demi Extra Compressed : 28-8-2016","FontFullName":"ITC Franklin Gothic Std Demi Extra Compressed","FontVersion":"Version 002.000 ","FontWeight":null,"FontPostscriptName":"ITCFranklinGothicStd-DmXCp","Files":{"\/ITC Franklin Gothic Std Demi Extra Compressed.css":"\/ITC Franklin Gothic Std Demi Extra Compressed.css","\/font-resource.json":"\/font-resource.json","\/itcfranklingothicstd-dmxcp.afm":"\/itcfranklingothicstd-dmxcp.afm","\/itcfranklingothicstd-dmxcp.cef":"\/itcfranklingothicstd-dmxcp.cef","\/itcfranklingothicstd-dmxcp.cff":"\/itcfranklingothicstd-dmxcp.cff","\/itcfranklingothicstd-dmxcp.eot":"\/itcfranklingothicstd-dmxcp.eot","\/itcfranklingothicstd-dmxcp.gai":"\/itcfranklingothicstd-dmxcp.gai","\/itcfranklingothicstd-dmxcp.gsf":"\/itcfranklingothicstd-dmxcp.gsf","\/itcfranklingothicstd-dmxcp.otf":"\/itcfranklingothicstd-dmxcp.otf","\/itcfranklingothicstd-dmxcp.pf3":"\/itcfranklingothicstd-dmxcp.pf3","\/itcfranklingothicstd-dmxcp.pfa":"\/itcfranklingothicstd-dmxcp.pfa","\/itcfranklingothicstd-dmxcp.pfb":"\/itcfranklingothicstd-dmxcp.pfb","\/itcfranklingothicstd-dmxcp.php":"\/itcfranklingothicstd-dmxcp.php","\/itcfranklingothicstd-dmxcp.pt3":"\/itcfranklingothicstd-dmxcp.pt3","\/itcfranklingothicstd-dmxcp.sfd":"\/itcfranklingothicstd-dmxcp.sfd","\/itcfranklingothicstd-dmxcp.svg":"\/itcfranklingothicstd-dmxcp.svg","\/itcfranklingothicstd-dmxcp.t42":"\/itcfranklingothicstd-dmxcp.t42","\/itcfranklingothicstd-dmxcp.ttd":"\/itcfranklingothicstd-dmxcp.ttd","\/itcfranklingothicstd-dmxcp.ttf":"\/itcfranklingothicstd-dmxcp.ttf","\/itcfranklingothicstd-dmxcp.ttg":"\/itcfranklingothicstd-dmxcp.ttg","\/itcfranklingothicstd-dmxcp.ufm":"\/itcfranklingothicstd-dmxcp.ufm","\/itcfranklingothicstd-dmxcp.woff":"\/itcfranklingothicstd-dmxcp.woff","\/itcfranklingothicstd-dmxcp.z":"\/itcfranklingothicstd-dmxcp.z","\/thatcher0:c844b4a5ead28d5aab3d9e.css":"\/thatcher0:c844b4a5ead28d5aab3d9e.css","\/itcfranklingothicstd-dmxcp.ufo\/feature.fea":"\/itcfranklingothicstd-dmxcp.ufo\/feature.fea","\/itcfranklingothicstd-dmxcp.ufo\/fontinfo.plist":"\/itcfranklingothicstd-dmxcp.ufo\/fontinfo.plist","\/itcfranklingothicstd-dmxcp.ufo\/groups.plist":"\/itcfranklingothicstd-dmxcp.ufo\/groups.plist","\/itcfranklingothicstd-dmxcp.ufo\/kerning.plist":"\/itcfranklingothicstd-dmxcp.ufo\/kerning.plist","\/itcfranklingothicstd-dmxcp.ufo\/metainfo.plist":"\/itcfranklingothicstd-dmxcp.ufo\/metainfo.plist","\/itcfranklingothicstd-dmxcp.ufo\/glyphs\/A_.glif":"\/itcfranklingothicstd-dmxcp.ufo\/glyphs\/A_.glif","\/itcfranklingothicstd-dmxcp.ufo\/glyphs\/A_E_.glif":"\/itcfranklingothicstd-dmxcp.ufo\/glyphs\/A_E_.glif","\/itcfranklingothicstd-dmxcp.ufo\/glyphs\/A_acute.glif":"\/itcfranklingothicstd-dmxcp.ufo\/glyphs\/A_acute.glif","\/itcfranklingothicstd-dmxcp.ufo\/glyphs\/A_circumflex.glif":"\/itcfranklingothicstd-dmxcp.ufo\/glyphs\/A_circumflex.glif","\/itcfranklingothicstd-dmxcp.ufo\/glyphs\/A_dieresis.glif":"\/itcfranklingothicstd-dmxcp.ufo\/glyphs\/A_dieresis.glif","\/itcfranklingothicstd-dmxcp.ufo\/glyphs\/A_grave.glif":"\/itcfranklingothicstd-dmxcp.ufo\/glyphs\/A_grave.glif","\/itcfranklingothicstd-dmxcp.ufo\/glyphs\/A_ring.glif":"\/itcfranklingothicstd-dmxcp.ufo\/glyphs\/A_ring.glif","\/itcfranklingothicstd-dmxcp.ufo\/glyphs\/A_tilde.glif":"\/itcfranklingothicstd-dmxcp.ufo\/glyphs\/A_tilde.glif","\/itcfranklingothicstd-dmxcp.ufo\/glyphs\/B_.glif":"\/itcfranklingothicstd-dmxcp.ufo\/glyphs\/B_.glif","\/itcfranklingothicstd-dmxcp.ufo\/glyphs\/C_.glif":"\/itcfranklingothicstd-dmxcp.ufo\/glyphs\/C_.glif","\/itcfranklingothicstd-dmxcp.ufo\/glyphs\/C_cedilla.glif":"\/itcfranklingothicstd-dmxcp.ufo\/glyphs\/C_cedilla.glif","\/itcfranklingothicstd-dmxcp.ufo\/glyphs\/D_.glif":"\/itcfranklingothicstd-dmxcp.ufo\/glyphs\/D_.glif","\/itcfranklingothicstd-dmxcp.ufo\/glyphs\/E_.glif":"\/itcfranklingothicstd-dmxcp.ufo\/glyphs\/E_.glif","\/itcfranklingothicstd-dmxcp.ufo\/glyphs\/E_acute.glif":"\/itcfranklingothicstd-dmxcp.ufo\/glyphs\/E_acute.glif","\/itcfranklingothicstd-dmxcp.ufo\/glyphs\/E_circumflex.glif":"\/itcfranklingothicstd-dmxcp.ufo\/glyphs\/E_circumflex.glif","\/itcfranklingothicstd-dmxcp.ufo\/glyphs\/E_dieresis.glif":"\/itcfranklingothicstd-dmxcp.ufo\/glyphs\/E_dieresis.glif","\/itcfranklingothicstd-dmxcp.ufo\/glyphs\/E_grave.glif":"\/itcfranklingothicstd-dmxcp.ufo\/glyphs\/E_grave.glif","\/itcfranklingothicstd-dmxcp.ufo\/glyphs\/E_th.glif":"\/itcfranklingothicstd-dmxcp.ufo\/glyphs\/E_th.glif","\/itcfranklingothicstd-dmxcp.ufo\/glyphs\/E_uro.glif":"\/itcfranklingothicstd-dmxcp.ufo\/glyphs\/E_uro.glif","\/itcfranklingothicstd-dmxcp.ufo\/glyphs\/F_.glif":"\/itcfranklingothicstd-dmxcp.ufo\/glyphs\/F_.glif","\/itcfranklingothicstd-dmxcp.ufo\/glyphs\/G_.glif":"\/itcfranklingothicstd-dmxcp.ufo\/glyphs\/G_.glif","\/itcfranklingothicstd-dmxcp.ufo\/glyphs\/H_.glif":"\/itcfranklingothicstd-dmxcp.ufo\/glyphs\/H_.glif","\/itcfranklingothicstd-dmxcp.ufo\/glyphs\/I_.glif":"\/itcfranklingothicstd-dmxcp.ufo\/glyphs\/I_.glif","\/itcfranklingothicstd-dmxcp.ufo\/glyphs\/I_acute.glif":"\/itcfranklingothicstd-dmxcp.ufo\/glyphs\/I_acute.glif","\/itcfranklingothicstd-dmxcp.ufo\/glyphs\/I_circumflex.glif":"\/itcfranklingothicstd-dmxcp.ufo\/glyphs\/I_circumflex.glif","\/itcfranklingothicstd-dmxcp.ufo\/glyphs\/I_dieresis.glif":"\/itcfranklingothicstd-dmxcp.ufo\/glyphs\/I_dieresis.glif","\/itcfranklingothicstd-dmxcp.ufo\/glyphs\/I_grave.glif":"\/itcfranklingothicstd-dmxcp.ufo\/glyphs\/I_grave.glif","\/itcfranklingothicstd-dmxcp.ufo\/glyphs\/J_.glif":"\/itcfranklingothicstd-dmxcp.ufo\/glyphs\/J_.glif","\/itcfranklingothicstd-dmxcp.ufo\/glyphs\/K_.glif":"\/itcfranklingothicstd-dmxcp.ufo\/glyphs\/K_.glif","\/itcfranklingothicstd-dmxcp.ufo\/glyphs\/L_.glif":"\/itcfranklingothicstd-dmxcp.ufo\/glyphs\/L_.glif","\/itcfranklingothicstd-dmxcp.ufo\/glyphs\/L_slash.glif":"\/itcfranklingothicstd-dmxcp.ufo\/glyphs\/L_slash.glif","\/itcfranklingothicstd-dmxcp.ufo\/glyphs\/M_.glif":"\/itcfranklingothicstd-dmxcp.ufo\/glyphs\/M_.glif","\/itcfranklingothicstd-dmxcp.ufo\/glyphs\/N_.glif":"\/itcfranklingothicstd-dmxcp.ufo\/glyphs\/N_.glif","\/itcfranklingothicstd-dmxcp.ufo\/glyphs\/N_tilde.glif":"\/itcfranklingothicstd-dmxcp.ufo\/glyphs\/N_tilde.glif","\/itcfranklingothicstd-dmxcp.ufo\/glyphs\/O_.glif":"\/itcfranklingothicstd-dmxcp.ufo\/glyphs\/O_.glif","\/itcfranklingothicstd-dmxcp.ufo\/glyphs\/O_E_.glif":"\/itcfranklingothicstd-dmxcp.ufo\/glyphs\/O_E_.glif","\/itcfranklingothicstd-dmxcp.ufo\/glyphs\/O_acute.glif":"\/itcfranklingothicstd-dmxcp.ufo\/glyphs\/O_acute.glif","\/itcfranklingothicstd-dmxcp.ufo\/glyphs\/O_circumflex.glif":"\/itcfranklingothicstd-dmxcp.ufo\/glyphs\/O_circumflex.glif","\/itcfranklingothicstd-dmxcp.ufo\/glyphs\/O_dieresis.glif":"\/itcfranklingothicstd-dmxcp.ufo\/glyphs\/O_dieresis.glif","\/itcfranklingothicstd-dmxcp.ufo\/glyphs\/O_grave.glif":"\/itcfranklingothicstd-dmxcp.ufo\/glyphs\/O_grave.glif","\/itcfranklingothicstd-dmxcp.ufo\/glyphs\/O_mega.glif":"\/itcfranklingothicstd-dmxcp.ufo\/glyphs\/O_mega.glif","\/itcfranklingothicstd-dmxcp.ufo\/glyphs\/O_slash.glif":"\/itcfranklingothicstd-dmxcp.ufo\/glyphs\/O_slash.glif","\/itcfranklingothicstd-dmxcp.ufo\/glyphs\/O_tilde.glif":"\/itcfranklingothicstd-dmxcp.ufo\/glyphs\/O_tilde.glif","\/itcfranklingothicstd-dmxcp.ufo\/glyphs\/P_.glif":"\/itcfranklingothicstd-dmxcp.ufo\/glyphs\/P_.glif","\/itcfranklingothicstd-dmxcp.ufo\/glyphs\/Q_.glif":"\/itcfranklingothicstd-dmxcp.ufo\/glyphs\/Q_.glif","\/itcfranklingothicstd-dmxcp.ufo\/glyphs\/R_.glif":"\/itcfranklingothicstd-dmxcp.ufo\/glyphs\/R_.glif","\/itcfranklingothicstd-dmxcp.ufo\/glyphs\/S_.glif":"\/itcfranklingothicstd-dmxcp.ufo\/glyphs\/S_.glif","\/itcfranklingothicstd-dmxcp.ufo\/glyphs\/S_caron.glif":"\/itcfranklingothicstd-dmxcp.ufo\/glyphs\/S_caron.glif","\/itcfranklingothicstd-dmxcp.ufo\/glyphs\/T_.glif":"\/itcfranklingothicstd-dmxcp.ufo\/glyphs\/T_.glif","\/itcfranklingothicstd-dmxcp.ufo\/glyphs\/T_horn.glif":"\/itcfranklingothicstd-dmxcp.ufo\/glyphs\/T_horn.glif","\/itcfranklingothicstd-dmxcp.ufo\/glyphs\/U_.glif":"\/itcfranklingothicstd-dmxcp.ufo\/glyphs\/U_.glif","\/itcfranklingothicstd-dmxcp.ufo\/glyphs\/U_acute.glif":"\/itcfranklingothicstd-dmxcp.ufo\/glyphs\/U_acute.glif","\/itcfranklingothicstd-dmxcp.ufo\/glyphs\/U_circumflex.glif":"\/itcfranklingothicstd-dmxcp.ufo\/glyphs\/U_circumflex.glif","\/itcfranklingothicstd-dmxcp.ufo\/glyphs\/U_dieresis.glif":"\/itcfranklingothicstd-dmxcp.ufo\/glyphs\/U_dieresis.glif","\/itcfranklingothicstd-dmxcp.ufo\/glyphs\/U_grave.glif":"\/itcfranklingothicstd-dmxcp.ufo\/glyphs\/U_grave.glif","\/itcfranklingothicstd-dmxcp.ufo\/glyphs\/V_.glif":"\/itcfranklingothicstd-dmxcp.ufo\/glyphs\/V_.glif","\/itcfranklingothicstd-dmxcp.ufo\/glyphs\/W_.glif":"\/itcfranklingothicstd-dmxcp.ufo\/glyphs\/W_.glif","\/itcfranklingothicstd-dmxcp.ufo\/glyphs\/X_.glif":"\/itcfranklingothicstd-dmxcp.ufo\/glyphs\/X_.glif","\/itcfranklingothicstd-dmxcp.ufo\/glyphs\/Y_.glif":"\/itcfranklingothicstd-dmxcp.ufo\/glyphs\/Y_.glif","\/itcfranklingothicstd-dmxcp.ufo\/glyphs\/Y_acute.glif":"\/itcfranklingothicstd-dmxcp.ufo\/glyphs\/Y_acute.glif","\/itcfranklingothicstd-dmxcp.ufo\/glyphs\/Y_dieresis.glif":"\/itcfranklingothicstd-dmxcp.ufo\/glyphs\/Y_dieresis.glif","\/itcfranklingothicstd-dmxcp.ufo\/glyphs\/Z_.glif":"\/itcfranklingothicstd-dmxcp.ufo\/glyphs\/Z_.glif","\/itcfranklingothicstd-dmxcp.ufo\/glyphs\/Z_caron.glif":"\/itcfranklingothicstd-dmxcp.ufo\/glyphs\/Z_caron.glif","\/itcfranklingothicstd-dmxcp.ufo\/glyphs\/_notdef.glif":"\/itcfranklingothicstd-dmxcp.ufo\/glyphs\/_notdef.glif","\/itcfranklingothicstd-dmxcp.ufo\/glyphs\/a.glif":"\/itcfranklingothicstd-dmxcp.ufo\/glyphs\/a.glif","\/itcfranklingothicstd-dmxcp.ufo\/glyphs\/a.superior.glif":"\/itcfranklingothicstd-dmxcp.ufo\/glyphs\/a.superior.glif","\/itcfranklingothicstd-dmxcp.ufo\/glyphs\/aacute.glif":"\/itcfranklingothicstd-dmxcp.ufo\/glyphs\/aacute.glif","\/itcfranklingothicstd-dmxcp.ufo\/glyphs\/acircumflex.glif":"\/itcfranklingothicstd-dmxcp.ufo\/glyphs\/acircumflex.glif","\/itcfranklingothicstd-dmxcp.ufo\/glyphs\/acute.glif":"\/itcfranklingothicstd-dmxcp.ufo\/glyphs\/acute.glif","\/itcfranklingothicstd-dmxcp.ufo\/glyphs\/adieresis.glif":"\/itcfranklingothicstd-dmxcp.ufo\/glyphs\/adieresis.glif","\/itcfranklingothicstd-dmxcp.ufo\/glyphs\/ae.glif":"\/itcfranklingothicstd-dmxcp.ufo\/glyphs\/ae.glif","\/itcfranklingothicstd-dmxcp.ufo\/glyphs\/afii61289.glif":"\/itcfranklingothicstd-dmxcp.ufo\/glyphs\/afii61289.glif","\/itcfranklingothicstd-dmxcp.ufo\/glyphs\/agrave.glif":"\/itcfranklingothicstd-dmxcp.ufo\/glyphs\/agrave.glif","\/itcfranklingothicstd-dmxcp.ufo\/glyphs\/ampersand.glif":"\/itcfranklingothicstd-dmxcp.ufo\/glyphs\/ampersand.glif","\/itcfranklingothicstd-dmxcp.ufo\/glyphs\/approxequal.glif":"\/itcfranklingothicstd-dmxcp.ufo\/glyphs\/approxequal.glif","\/itcfranklingothicstd-dmxcp.ufo\/glyphs\/aring.glif":"\/itcfranklingothicstd-dmxcp.ufo\/glyphs\/aring.glif","\/itcfranklingothicstd-dmxcp.ufo\/glyphs\/asciicircum.glif":"\/itcfranklingothicstd-dmxcp.ufo\/glyphs\/asciicircum.glif","\/itcfranklingothicstd-dmxcp.ufo\/glyphs\/asciitilde.glif":"\/itcfranklingothicstd-dmxcp.ufo\/glyphs\/asciitilde.glif","\/itcfranklingothicstd-dmxcp.ufo\/glyphs\/asterisk.glif":"\/itcfranklingothicstd-dmxcp.ufo\/glyphs\/asterisk.glif","\/itcfranklingothicstd-dmxcp.ufo\/glyphs\/at.glif":"\/itcfranklingothicstd-dmxcp.ufo\/glyphs\/at.glif","\/itcfranklingothicstd-dmxcp.ufo\/glyphs\/atilde.glif":"\/itcfranklingothicstd-dmxcp.ufo\/glyphs\/atilde.glif","\/itcfranklingothicstd-dmxcp.ufo\/glyphs\/b.glif":"\/itcfranklingothicstd-dmxcp.ufo\/glyphs\/b.glif","\/itcfranklingothicstd-dmxcp.ufo\/glyphs\/backslash.glif":"\/itcfranklingothicstd-dmxcp.ufo\/glyphs\/backslash.glif","\/itcfranklingothicstd-dmxcp.ufo\/glyphs\/bar.glif":"\/itcfranklingothicstd-dmxcp.ufo\/glyphs\/bar.glif","\/itcfranklingothicstd-dmxcp.ufo\/glyphs\/braceleft.glif":"\/itcfranklingothicstd-dmxcp.ufo\/glyphs\/braceleft.glif","\/itcfranklingothicstd-dmxcp.ufo\/glyphs\/braceright.glif":"\/itcfranklingothicstd-dmxcp.ufo\/glyphs\/braceright.glif","\/itcfranklingothicstd-dmxcp.ufo\/glyphs\/bracketleft.glif":"\/itcfranklingothicstd-dmxcp.ufo\/glyphs\/bracketleft.glif","\/itcfranklingothicstd-dmxcp.ufo\/glyphs\/bracketright.glif":"\/itcfranklingothicstd-dmxcp.ufo\/glyphs\/bracketright.glif","\/itcfranklingothicstd-dmxcp.ufo\/glyphs\/breve.glif":"\/itcfranklingothicstd-dmxcp.ufo\/glyphs\/breve.glif","\/itcfranklingothicstd-dmxcp.ufo\/glyphs\/brokenbar.glif":"\/itcfranklingothicstd-dmxcp.ufo\/glyphs\/brokenbar.glif","\/itcfranklingothicstd-dmxcp.ufo\/glyphs\/bullet.glif":"\/itcfranklingothicstd-dmxcp.ufo\/glyphs\/bullet.glif","\/itcfranklingothicstd-dmxcp.ufo\/glyphs\/c.glif":"\/itcfranklingothicstd-dmxcp.ufo\/glyphs\/c.glif","\/itcfranklingothicstd-dmxcp.ufo\/glyphs\/caron.glif":"\/itcfranklingothicstd-dmxcp.ufo\/glyphs\/caron.glif","\/itcfranklingothicstd-dmxcp.ufo\/glyphs\/ccedilla.glif":"\/itcfranklingothicstd-dmxcp.ufo\/glyphs\/ccedilla.glif","\/itcfranklingothicstd-dmxcp.ufo\/glyphs\/cedilla.glif":"\/itcfranklingothicstd-dmxcp.ufo\/glyphs\/cedilla.glif","\/itcfranklingothicstd-dmxcp.ufo\/glyphs\/cent.glif":"\/itcfranklingothicstd-dmxcp.ufo\/glyphs\/cent.glif","\/itcfranklingothicstd-dmxcp.ufo\/glyphs\/circumflex.glif":"\/itcfranklingothicstd-dmxcp.ufo\/glyphs\/circumflex.glif","\/itcfranklingothicstd-dmxcp.ufo\/glyphs\/colon.glif":"\/itcfranklingothicstd-dmxcp.ufo\/glyphs\/colon.glif","\/itcfranklingothicstd-dmxcp.ufo\/glyphs\/comma.glif":"\/itcfranklingothicstd-dmxcp.ufo\/glyphs\/comma.glif","\/itcfranklingothicstd-dmxcp.ufo\/glyphs\/contents.plist":"\/itcfranklingothicstd-dmxcp.ufo\/glyphs\/contents.plist","\/itcfranklingothicstd-dmxcp.ufo\/glyphs\/copyright.glif":"\/itcfranklingothicstd-dmxcp.ufo\/glyphs\/copyright.glif","\/itcfranklingothicstd-dmxcp.ufo\/glyphs\/currency.glif":"\/itcfranklingothicstd-dmxcp.ufo\/glyphs\/currency.glif","\/itcfranklingothicstd-dmxcp.ufo\/glyphs\/d.glif":"\/itcfranklingothicstd-dmxcp.ufo\/glyphs\/d.glif","\/itcfranklingothicstd-dmxcp.ufo\/glyphs\/dagger.glif":"\/itcfranklingothicstd-dmxcp.ufo\/glyphs\/dagger.glif","\/itcfranklingothicstd-dmxcp.ufo\/glyphs\/daggerdbl.glif":"\/itcfranklingothicstd-dmxcp.ufo\/glyphs\/daggerdbl.glif","\/itcfranklingothicstd-dmxcp.ufo\/glyphs\/degree.glif":"\/itcfranklingothicstd-dmxcp.ufo\/glyphs\/degree.glif","\/itcfranklingothicstd-dmxcp.ufo\/glyphs\/dieresis.glif":"\/itcfranklingothicstd-dmxcp.ufo\/glyphs\/dieresis.glif","\/itcfranklingothicstd-dmxcp.ufo\/glyphs\/divide.glif":"\/itcfranklingothicstd-dmxcp.ufo\/glyphs\/divide.glif","\/itcfranklingothicstd-dmxcp.ufo\/glyphs\/dollar.glif":"\/itcfranklingothicstd-dmxcp.ufo\/glyphs\/dollar.glif","\/itcfranklingothicstd-dmxcp.ufo\/glyphs\/dotaccent.glif":"\/itcfranklingothicstd-dmxcp.ufo\/glyphs\/dotaccent.glif","\/itcfranklingothicstd-dmxcp.ufo\/glyphs\/dotlessi.glif":"\/itcfranklingothicstd-dmxcp.ufo\/glyphs\/dotlessi.glif","\/itcfranklingothicstd-dmxcp.ufo\/glyphs\/e.glif":"\/itcfranklingothicstd-dmxcp.ufo\/glyphs\/e.glif","\/itcfranklingothicstd-dmxcp.ufo\/glyphs\/eacute.glif":"\/itcfranklingothicstd-dmxcp.ufo\/glyphs\/eacute.glif","\/itcfranklingothicstd-dmxcp.ufo\/glyphs\/ecircumflex.glif":"\/itcfranklingothicstd-dmxcp.ufo\/glyphs\/ecircumflex.glif","\/itcfranklingothicstd-dmxcp.ufo\/glyphs\/edieresis.glif":"\/itcfranklingothicstd-dmxcp.ufo\/glyphs\/edieresis.glif","\/itcfranklingothicstd-dmxcp.ufo\/glyphs\/egrave.glif":"\/itcfranklingothicstd-dmxcp.ufo\/glyphs\/egrave.glif","\/itcfranklingothicstd-dmxcp.ufo\/glyphs\/eight.glif":"\/itcfranklingothicstd-dmxcp.ufo\/glyphs\/eight.glif","\/itcfranklingothicstd-dmxcp.ufo\/glyphs\/ellipsis.glif":"\/itcfranklingothicstd-dmxcp.ufo\/glyphs\/ellipsis.glif","\/itcfranklingothicstd-dmxcp.ufo\/glyphs\/emdash.glif":"\/itcfranklingothicstd-dmxcp.ufo\/glyphs\/emdash.glif","\/itcfranklingothicstd-dmxcp.ufo\/glyphs\/endash.glif":"\/itcfranklingothicstd-dmxcp.ufo\/glyphs\/endash.glif","\/itcfranklingothicstd-dmxcp.ufo\/glyphs\/equal.glif":"\/itcfranklingothicstd-dmxcp.ufo\/glyphs\/equal.glif","\/itcfranklingothicstd-dmxcp.ufo\/glyphs\/estimated.glif":"\/itcfranklingothicstd-dmxcp.ufo\/glyphs\/estimated.glif","\/itcfranklingothicstd-dmxcp.ufo\/glyphs\/eth.glif":"\/itcfranklingothicstd-dmxcp.ufo\/glyphs\/eth.glif","\/itcfranklingothicstd-dmxcp.ufo\/glyphs\/exclam.glif":"\/itcfranklingothicstd-dmxcp.ufo\/glyphs\/exclam.glif","\/itcfranklingothicstd-dmxcp.ufo\/glyphs\/exclamdown.glif":"\/itcfranklingothicstd-dmxcp.ufo\/glyphs\/exclamdown.glif","\/itcfranklingothicstd-dmxcp.ufo\/glyphs\/f.glif":"\/itcfranklingothicstd-dmxcp.ufo\/glyphs\/f.glif","\/itcfranklingothicstd-dmxcp.ufo\/glyphs\/f_i.glif":"\/itcfranklingothicstd-dmxcp.ufo\/glyphs\/f_i.glif","\/itcfranklingothicstd-dmxcp.ufo\/glyphs\/f_l.glif":"\/itcfranklingothicstd-dmxcp.ufo\/glyphs\/f_l.glif","\/itcfranklingothicstd-dmxcp.ufo\/glyphs\/fi.glif":"\/itcfranklingothicstd-dmxcp.ufo\/glyphs\/fi.glif","\/itcfranklingothicstd-dmxcp.ufo\/glyphs\/five.glif":"\/itcfranklingothicstd-dmxcp.ufo\/glyphs\/five.glif","\/itcfranklingothicstd-dmxcp.ufo\/glyphs\/fl.glif":"\/itcfranklingothicstd-dmxcp.ufo\/glyphs\/fl.glif","\/itcfranklingothicstd-dmxcp.ufo\/glyphs\/florin.glif":"\/itcfranklingothicstd-dmxcp.ufo\/glyphs\/florin.glif","\/itcfranklingothicstd-dmxcp.ufo\/glyphs\/four.glif":"\/itcfranklingothicstd-dmxcp.ufo\/glyphs\/four.glif","\/itcfranklingothicstd-dmxcp.ufo\/glyphs\/fraction.glif":"\/itcfranklingothicstd-dmxcp.ufo\/glyphs\/fraction.glif","\/itcfranklingothicstd-dmxcp.ufo\/glyphs\/g.glif":"\/itcfranklingothicstd-dmxcp.ufo\/glyphs\/g.glif","\/itcfranklingothicstd-dmxcp.ufo\/glyphs\/germandbls.glif":"\/itcfranklingothicstd-dmxcp.ufo\/glyphs\/germandbls.glif","\/itcfranklingothicstd-dmxcp.ufo\/glyphs\/grave.glif":"\/itcfranklingothicstd-dmxcp.ufo\/glyphs\/grave.glif","\/itcfranklingothicstd-dmxcp.ufo\/glyphs\/greater.glif":"\/itcfranklingothicstd-dmxcp.ufo\/glyphs\/greater.glif","\/itcfranklingothicstd-dmxcp.ufo\/glyphs\/greaterequal.glif":"\/itcfranklingothicstd-dmxcp.ufo\/glyphs\/greaterequal.glif","\/itcfranklingothicstd-dmxcp.ufo\/glyphs\/guillemotleft.glif":"\/itcfranklingothicstd-dmxcp.ufo\/glyphs\/guillemotleft.glif","\/itcfranklingothicstd-dmxcp.ufo\/glyphs\/guillemotright.glif":"\/itcfranklingothicstd-dmxcp.ufo\/glyphs\/guillemotright.glif","\/itcfranklingothicstd-dmxcp.ufo\/glyphs\/guilsinglleft.glif":"\/itcfranklingothicstd-dmxcp.ufo\/glyphs\/guilsinglleft.glif","\/itcfranklingothicstd-dmxcp.ufo\/glyphs\/guilsinglright.glif":"\/itcfranklingothicstd-dmxcp.ufo\/glyphs\/guilsinglright.glif","\/itcfranklingothicstd-dmxcp.ufo\/glyphs\/h.glif":"\/itcfranklingothicstd-dmxcp.ufo\/glyphs\/h.glif","\/itcfranklingothicstd-dmxcp.ufo\/glyphs\/hungarumlaut.glif":"\/itcfranklingothicstd-dmxcp.ufo\/glyphs\/hungarumlaut.glif","\/itcfranklingothicstd-dmxcp.ufo\/glyphs\/hyphen.glif":"\/itcfranklingothicstd-dmxcp.ufo\/glyphs\/hyphen.glif","\/itcfranklingothicstd-dmxcp.ufo\/glyphs\/i.glif":"\/itcfranklingothicstd-dmxcp.ufo\/glyphs\/i.glif","\/itcfranklingothicstd-dmxcp.ufo\/glyphs\/iacute.glif":"\/itcfranklingothicstd-dmxcp.ufo\/glyphs\/iacute.glif","\/itcfranklingothicstd-dmxcp.ufo\/glyphs\/icircumflex.glif":"\/itcfranklingothicstd-dmxcp.ufo\/glyphs\/icircumflex.glif","\/itcfranklingothicstd-dmxcp.ufo\/glyphs\/idieresis.glif":"\/itcfranklingothicstd-dmxcp.ufo\/glyphs\/idieresis.glif","\/itcfranklingothicstd-dmxcp.ufo\/glyphs\/igrave.glif":"\/itcfranklingothicstd-dmxcp.ufo\/glyphs\/igrave.glif","\/itcfranklingothicstd-dmxcp.ufo\/glyphs\/infinity.glif":"\/itcfranklingothicstd-dmxcp.ufo\/glyphs\/infinity.glif","\/itcfranklingothicstd-dmxcp.ufo\/glyphs\/integral.glif":"\/itcfranklingothicstd-dmxcp.ufo\/glyphs\/integral.glif","\/itcfranklingothicstd-dmxcp.ufo\/glyphs\/j.glif":"\/itcfranklingothicstd-dmxcp.ufo\/glyphs\/j.glif","\/itcfranklingothicstd-dmxcp.ufo\/glyphs\/k.glif":"\/itcfranklingothicstd-dmxcp.ufo\/glyphs\/k.glif","\/itcfranklingothicstd-dmxcp.ufo\/glyphs\/l.glif":"\/itcfranklingothicstd-dmxcp.ufo\/glyphs\/l.glif","\/itcfranklingothicstd-dmxcp.ufo\/glyphs\/less.glif":"\/itcfranklingothicstd-dmxcp.ufo\/glyphs\/less.glif","\/itcfranklingothicstd-dmxcp.ufo\/glyphs\/lessequal.glif":"\/itcfranklingothicstd-dmxcp.ufo\/glyphs\/lessequal.glif","\/itcfranklingothicstd-dmxcp.ufo\/glyphs\/logicalnot.glif":"\/itcfranklingothicstd-dmxcp.ufo\/glyphs\/logicalnot.glif","\/itcfranklingothicstd-dmxcp.ufo\/glyphs\/lozenge.glif":"\/itcfranklingothicstd-dmxcp.ufo\/glyphs\/lozenge.glif","\/itcfranklingothicstd-dmxcp.ufo\/glyphs\/lslash.glif":"\/itcfranklingothicstd-dmxcp.ufo\/glyphs\/lslash.glif","\/itcfranklingothicstd-dmxcp.ufo\/glyphs\/m.glif":"\/itcfranklingothicstd-dmxcp.ufo\/glyphs\/m.glif","\/itcfranklingothicstd-dmxcp.ufo\/glyphs\/macron.glif":"\/itcfranklingothicstd-dmxcp.ufo\/glyphs\/macron.glif","\/itcfranklingothicstd-dmxcp.ufo\/glyphs\/minus.glif":"\/itcfranklingothicstd-dmxcp.ufo\/glyphs\/minus.glif","\/itcfranklingothicstd-dmxcp.ufo\/glyphs\/mu.glif":"\/itcfranklingothicstd-dmxcp.ufo\/glyphs\/mu.glif","\/itcfranklingothicstd-dmxcp.ufo\/glyphs\/multiply.glif":"\/itcfranklingothicstd-dmxcp.ufo\/glyphs\/multiply.glif","\/itcfranklingothicstd-dmxcp.ufo\/glyphs\/n.glif":"\/itcfranklingothicstd-dmxcp.ufo\/glyphs\/n.glif","\/itcfranklingothicstd-dmxcp.ufo\/glyphs\/nine.glif":"\/itcfranklingothicstd-dmxcp.ufo\/glyphs\/nine.glif","\/itcfranklingothicstd-dmxcp.ufo\/glyphs\/notequal.glif":"\/itcfranklingothicstd-dmxcp.ufo\/glyphs\/notequal.glif","\/itcfranklingothicstd-dmxcp.ufo\/glyphs\/ntilde.glif":"\/itcfranklingothicstd-dmxcp.ufo\/glyphs\/ntilde.glif","\/itcfranklingothicstd-dmxcp.ufo\/glyphs\/numbersign.glif":"\/itcfranklingothicstd-dmxcp.ufo\/glyphs\/numbersign.glif","\/itcfranklingothicstd-dmxcp.ufo\/glyphs\/o.glif":"\/itcfranklingothicstd-dmxcp.ufo\/glyphs\/o.glif","\/itcfranklingothicstd-dmxcp.ufo\/glyphs\/o.superior.glif":"\/itcfranklingothicstd-dmxcp.ufo\/glyphs\/o.superior.glif","\/itcfranklingothicstd-dmxcp.ufo\/glyphs\/oacute.glif":"\/itcfranklingothicstd-dmxcp.ufo\/glyphs\/oacute.glif","\/itcfranklingothicstd-dmxcp.ufo\/glyphs\/ocircumflex.glif":"\/itcfranklingothicstd-dmxcp.ufo\/glyphs\/ocircumflex.glif","\/itcfranklingothicstd-dmxcp.ufo\/glyphs\/odieresis.glif":"\/itcfranklingothicstd-dmxcp.ufo\/glyphs\/odieresis.glif","\/itcfranklingothicstd-dmxcp.ufo\/glyphs\/oe.glif":"\/itcfranklingothicstd-dmxcp.ufo\/glyphs\/oe.glif","\/itcfranklingothicstd-dmxcp.ufo\/glyphs\/ogonek.glif":"\/itcfranklingothicstd-dmxcp.ufo\/glyphs\/ogonek.glif","\/itcfranklingothicstd-dmxcp.ufo\/glyphs\/ograve.glif":"\/itcfranklingothicstd-dmxcp.ufo\/glyphs\/ograve.glif","\/itcfranklingothicstd-dmxcp.ufo\/glyphs\/one.glif":"\/itcfranklingothicstd-dmxcp.ufo\/glyphs\/one.glif","\/itcfranklingothicstd-dmxcp.ufo\/glyphs\/one.superior.glif":"\/itcfranklingothicstd-dmxcp.ufo\/glyphs\/one.superior.glif","\/itcfranklingothicstd-dmxcp.ufo\/glyphs\/onehalf.glif":"\/itcfranklingothicstd-dmxcp.ufo\/glyphs\/onehalf.glif","\/itcfranklingothicstd-dmxcp.ufo\/glyphs\/onequarter.glif":"\/itcfranklingothicstd-dmxcp.ufo\/glyphs\/onequarter.glif","\/itcfranklingothicstd-dmxcp.ufo\/glyphs\/onesuperior.glif":"\/itcfranklingothicstd-dmxcp.ufo\/glyphs\/onesuperior.glif","\/itcfranklingothicstd-dmxcp.ufo\/glyphs\/ordfeminine.glif":"\/itcfranklingothicstd-dmxcp.ufo\/glyphs\/ordfeminine.glif","\/itcfranklingothicstd-dmxcp.ufo\/glyphs\/ordmasculine.glif":"\/itcfranklingothicstd-dmxcp.ufo\/glyphs\/ordmasculine.glif","\/itcfranklingothicstd-dmxcp.ufo\/glyphs\/oslash.glif":"\/itcfranklingothicstd-dmxcp.ufo\/glyphs\/oslash.glif","\/itcfranklingothicstd-dmxcp.ufo\/glyphs\/otilde.glif":"\/itcfranklingothicstd-dmxcp.ufo\/glyphs\/otilde.glif","\/itcfranklingothicstd-dmxcp.ufo\/glyphs\/p.glif":"\/itcfranklingothicstd-dmxcp.ufo\/glyphs\/p.glif","\/itcfranklingothicstd-dmxcp.ufo\/glyphs\/paragraph.glif":"\/itcfranklingothicstd-dmxcp.ufo\/glyphs\/paragraph.glif","\/itcfranklingothicstd-dmxcp.ufo\/glyphs\/parenleft.glif":"\/itcfranklingothicstd-dmxcp.ufo\/glyphs\/parenleft.glif","\/itcfranklingothicstd-dmxcp.ufo\/glyphs\/parenright.glif":"\/itcfranklingothicstd-dmxcp.ufo\/glyphs\/parenright.glif","\/itcfranklingothicstd-dmxcp.ufo\/glyphs\/partialdiff.glif":"\/itcfranklingothicstd-dmxcp.ufo\/glyphs\/partialdiff.glif","\/itcfranklingothicstd-dmxcp.ufo\/glyphs\/percent.glif":"\/itcfranklingothicstd-dmxcp.ufo\/glyphs\/percent.glif","\/itcfranklingothicstd-dmxcp.ufo\/glyphs\/period.glif":"\/itcfranklingothicstd-dmxcp.ufo\/glyphs\/period.glif","\/itcfranklingothicstd-dmxcp.ufo\/glyphs\/periodcentered.glif":"\/itcfranklingothicstd-dmxcp.ufo\/glyphs\/periodcentered.glif","\/itcfranklingothicstd-dmxcp.ufo\/glyphs\/perthousand.glif":"\/itcfranklingothicstd-dmxcp.ufo\/glyphs\/perthousand.glif","\/itcfranklingothicstd-dmxcp.ufo\/glyphs\/pi.glif":"\/itcfranklingothicstd-dmxcp.ufo\/glyphs\/pi.glif","\/itcfranklingothicstd-dmxcp.ufo\/glyphs\/plus.glif":"\/itcfranklingothicstd-dmxcp.ufo\/glyphs\/plus.glif","\/itcfranklingothicstd-dmxcp.ufo\/glyphs\/plusminus.glif":"\/itcfranklingothicstd-dmxcp.ufo\/glyphs\/plusminus.glif","\/itcfranklingothicstd-dmxcp.ufo\/glyphs\/product.glif":"\/itcfranklingothicstd-dmxcp.ufo\/glyphs\/product.glif","\/itcfranklingothicstd-dmxcp.ufo\/glyphs\/q.glif":"\/itcfranklingothicstd-dmxcp.ufo\/glyphs\/q.glif","\/itcfranklingothicstd-dmxcp.ufo\/glyphs\/question.glif":"\/itcfranklingothicstd-dmxcp.ufo\/glyphs\/question.glif","\/itcfranklingothicstd-dmxcp.ufo\/glyphs\/questiondown.glif":"\/itcfranklingothicstd-dmxcp.ufo\/glyphs\/questiondown.glif","\/itcfranklingothicstd-dmxcp.ufo\/glyphs\/quotedbl.glif":"\/itcfranklingothicstd-dmxcp.ufo\/glyphs\/quotedbl.glif","\/itcfranklingothicstd-dmxcp.ufo\/glyphs\/quotedblbase.glif":"\/itcfranklingothicstd-dmxcp.ufo\/glyphs\/quotedblbase.glif","\/itcfranklingothicstd-dmxcp.ufo\/glyphs\/quotedblleft.glif":"\/itcfranklingothicstd-dmxcp.ufo\/glyphs\/quotedblleft.glif","\/itcfranklingothicstd-dmxcp.ufo\/glyphs\/quotedblright.glif":"\/itcfranklingothicstd-dmxcp.ufo\/glyphs\/quotedblright.glif","\/itcfranklingothicstd-dmxcp.ufo\/glyphs\/quoteleft.glif":"\/itcfranklingothicstd-dmxcp.ufo\/glyphs\/quoteleft.glif","\/itcfranklingothicstd-dmxcp.ufo\/glyphs\/quoteright.glif":"\/itcfranklingothicstd-dmxcp.ufo\/glyphs\/quoteright.glif","\/itcfranklingothicstd-dmxcp.ufo\/glyphs\/quotesinglbase.glif":"\/itcfranklingothicstd-dmxcp.ufo\/glyphs\/quotesinglbase.glif","\/itcfranklingothicstd-dmxcp.ufo\/glyphs\/quotesingle.glif":"\/itcfranklingothicstd-dmxcp.ufo\/glyphs\/quotesingle.glif","\/itcfranklingothicstd-dmxcp.ufo\/glyphs\/r.glif":"\/itcfranklingothicstd-dmxcp.ufo\/glyphs\/r.glif","\/itcfranklingothicstd-dmxcp.ufo\/glyphs\/radical.glif":"\/itcfranklingothicstd-dmxcp.ufo\/glyphs\/radical.glif","\/itcfranklingothicstd-dmxcp.ufo\/glyphs\/registered.glif":"\/itcfranklingothicstd-dmxcp.ufo\/glyphs\/registered.glif","\/itcfranklingothicstd-dmxcp.ufo\/glyphs\/ring.glif":"\/itcfranklingothicstd-dmxcp.ufo\/glyphs\/ring.glif","\/itcfranklingothicstd-dmxcp.ufo\/glyphs\/s.glif":"\/itcfranklingothicstd-dmxcp.ufo\/glyphs\/s.glif","\/itcfranklingothicstd-dmxcp.ufo\/glyphs\/scaron.glif":"\/itcfranklingothicstd-dmxcp.ufo\/glyphs\/scaron.glif","\/itcfranklingothicstd-dmxcp.ufo\/glyphs\/section.glif":"\/itcfranklingothicstd-dmxcp.ufo\/glyphs\/section.glif","\/itcfranklingothicstd-dmxcp.ufo\/glyphs\/semicolon.glif":"\/itcfranklingothicstd-dmxcp.ufo\/glyphs\/semicolon.glif","\/itcfranklingothicstd-dmxcp.ufo\/glyphs\/seven.glif":"\/itcfranklingothicstd-dmxcp.ufo\/glyphs\/seven.glif","\/itcfranklingothicstd-dmxcp.ufo\/glyphs\/six.glif":"\/itcfranklingothicstd-dmxcp.ufo\/glyphs\/six.glif","\/itcfranklingothicstd-dmxcp.ufo\/glyphs\/slash.glif":"\/itcfranklingothicstd-dmxcp.ufo\/glyphs\/slash.glif","\/itcfranklingothicstd-dmxcp.ufo\/glyphs\/space.glif":"\/itcfranklingothicstd-dmxcp.ufo\/glyphs\/space.glif","\/itcfranklingothicstd-dmxcp.ufo\/glyphs\/sterling.glif":"\/itcfranklingothicstd-dmxcp.ufo\/glyphs\/sterling.glif","\/itcfranklingothicstd-dmxcp.ufo\/glyphs\/summation.glif":"\/itcfranklingothicstd-dmxcp.ufo\/glyphs\/summation.glif","\/itcfranklingothicstd-dmxcp.ufo\/glyphs\/t.glif":"\/itcfranklingothicstd-dmxcp.ufo\/glyphs\/t.glif","\/itcfranklingothicstd-dmxcp.ufo\/glyphs\/thorn.glif":"\/itcfranklingothicstd-dmxcp.ufo\/glyphs\/thorn.glif","\/itcfranklingothicstd-dmxcp.ufo\/glyphs\/three.glif":"\/itcfranklingothicstd-dmxcp.ufo\/glyphs\/three.glif","\/itcfranklingothicstd-dmxcp.ufo\/glyphs\/three.superior.glif":"\/itcfranklingothicstd-dmxcp.ufo\/glyphs\/three.superior.glif","\/itcfranklingothicstd-dmxcp.ufo\/glyphs\/threequarters.glif":"\/itcfranklingothicstd-dmxcp.ufo\/glyphs\/threequarters.glif","\/itcfranklingothicstd-dmxcp.ufo\/glyphs\/threesuperior.glif":"\/itcfranklingothicstd-dmxcp.ufo\/glyphs\/threesuperior.glif","\/itcfranklingothicstd-dmxcp.ufo\/glyphs\/tilde.glif":"\/itcfranklingothicstd-dmxcp.ufo\/glyphs\/tilde.glif","\/itcfranklingothicstd-dmxcp.ufo\/glyphs\/trademark.glif":"\/itcfranklingothicstd-dmxcp.ufo\/glyphs\/trademark.glif","\/itcfranklingothicstd-dmxcp.ufo\/glyphs\/two.glif":"\/itcfranklingothicstd-dmxcp.ufo\/glyphs\/two.glif","\/itcfranklingothicstd-dmxcp.ufo\/glyphs\/two.superior.glif":"\/itcfranklingothicstd-dmxcp.ufo\/glyphs\/two.superior.glif","\/itcfranklingothicstd-dmxcp.ufo\/glyphs\/twosuperior.glif":"\/itcfranklingothicstd-dmxcp.ufo\/glyphs\/twosuperior.glif","\/itcfranklingothicstd-dmxcp.ufo\/glyphs\/u.glif":"\/itcfranklingothicstd-dmxcp.ufo\/glyphs\/u.glif","\/itcfranklingothicstd-dmxcp.ufo\/glyphs\/uacute.glif":"\/itcfranklingothicstd-dmxcp.ufo\/glyphs\/uacute.glif","\/itcfranklingothicstd-dmxcp.ufo\/glyphs\/ucircumflex.glif":"\/itcfranklingothicstd-dmxcp.ufo\/glyphs\/ucircumflex.glif","\/itcfranklingothicstd-dmxcp.ufo\/glyphs\/udieresis.glif":"\/itcfranklingothicstd-dmxcp.ufo\/glyphs\/udieresis.glif","\/itcfranklingothicstd-dmxcp.ufo\/glyphs\/ugrave.glif":"\/itcfranklingothicstd-dmxcp.ufo\/glyphs\/ugrave.glif","\/itcfranklingothicstd-dmxcp.ufo\/glyphs\/underscore.glif":"\/itcfranklingothicstd-dmxcp.ufo\/glyphs\/underscore.glif","\/itcfranklingothicstd-dmxcp.ufo\/glyphs\/uni00A_0.glif":"\/itcfranklingothicstd-dmxcp.ufo\/glyphs\/uni00A_0.glif","\/itcfranklingothicstd-dmxcp.ufo\/glyphs\/uni00A_D_.glif":"\/itcfranklingothicstd-dmxcp.ufo\/glyphs\/uni00A_D_.glif","\/itcfranklingothicstd-dmxcp.ufo\/glyphs\/uni02C_9.glif":"\/itcfranklingothicstd-dmxcp.ufo\/glyphs\/uni02C_9.glif","\/itcfranklingothicstd-dmxcp.ufo\/glyphs\/uni03A_9.glif":"\/itcfranklingothicstd-dmxcp.ufo\/glyphs\/uni03A_9.glif","\/itcfranklingothicstd-dmxcp.ufo\/glyphs\/uni03B_C_.glif":"\/itcfranklingothicstd-dmxcp.ufo\/glyphs\/uni03B_C_.glif","\/itcfranklingothicstd-dmxcp.ufo\/glyphs\/uni2010.glif":"\/itcfranklingothicstd-dmxcp.ufo\/glyphs\/uni2010.glif","\/itcfranklingothicstd-dmxcp.ufo\/glyphs\/uni2206.glif":"\/itcfranklingothicstd-dmxcp.ufo\/glyphs\/uni2206.glif","\/itcfranklingothicstd-dmxcp.ufo\/glyphs\/uni2215.glif":"\/itcfranklingothicstd-dmxcp.ufo\/glyphs\/uni2215.glif","\/itcfranklingothicstd-dmxcp.ufo\/glyphs\/uni2219.glif":"\/itcfranklingothicstd-dmxcp.ufo\/glyphs\/uni2219.glif","\/itcfranklingothicstd-dmxcp.ufo\/glyphs\/v.glif":"\/itcfranklingothicstd-dmxcp.ufo\/glyphs\/v.glif","\/itcfranklingothicstd-dmxcp.ufo\/glyphs\/w.glif":"\/itcfranklingothicstd-dmxcp.ufo\/glyphs\/w.glif","\/itcfranklingothicstd-dmxcp.ufo\/glyphs\/x.glif":"\/itcfranklingothicstd-dmxcp.ufo\/glyphs\/x.glif","\/itcfranklingothicstd-dmxcp.ufo\/glyphs\/y.glif":"\/itcfranklingothicstd-dmxcp.ufo\/glyphs\/y.glif","\/itcfranklingothicstd-dmxcp.ufo\/glyphs\/yacute.glif":"\/itcfranklingothicstd-dmxcp.ufo\/glyphs\/yacute.glif","\/itcfranklingothicstd-dmxcp.ufo\/glyphs\/ydieresis.glif":"\/itcfranklingothicstd-dmxcp.ufo\/glyphs\/ydieresis.glif","\/itcfranklingothicstd-dmxcp.ufo\/glyphs\/yen.glif":"\/itcfranklingothicstd-dmxcp.ufo\/glyphs\/yen.glif","\/itcfranklingothicstd-dmxcp.ufo\/glyphs\/z.glif":"\/itcfranklingothicstd-dmxcp.ufo\/glyphs\/z.glif","\/itcfranklingothicstd-dmxcp.ufo\/glyphs\/zcaron.glif":"\/itcfranklingothicstd-dmxcp.ufo\/glyphs\/zcaron.glif","\/itcfranklingothicstd-dmxcp.ufo\/glyphs\/zero.glif":"\/itcfranklingothicstd-dmxcp.ufo\/glyphs\/zero.glif"},"Font":{"uploaded":1475696129.3432,"licence":"gpl3","company":"Chronolabs Cooperative","title":"ITCFranklin Gothic Std Dm XCp","version":3.002,"date":"Sun Aug 28 08:05:43 2016","creator":"root","type":"1","matrix":"0.001 0 0 0.001 0 0","named":"ITCFranklinGothicStd-DmXCp","painttype":"0","info":"11 dict dup","name":"ITC Franklin Gothic Std Demi Extra Compressed","family":"ITC Franklin Gothic Std","weight":"Demi","fstype":"4","italicangle":"0","underlineposition":"","underlinethickness":""},"Licences":{"":false},"Table":{"FFTM":{"entryLength":16,"tag":"FFTM","checksum":1947017534,"offset":27048,"length":28},"GDEF":{"entryLength":16,"tag":"GDEF","checksum":20185094,"offset":27016,"length":32},"OS\/2":{"entryLength":16,"tag":"OS\/2","checksum":2009217773,"offset":344,"length":86},"cmap":{"entryLength":16,"tag":"cmap","checksum":228950523,"offset":1484,"length":962},"gasp":{"entryLength":16,"tag":"gasp","checksum":4294901763,"offset":27008,"length":8},"glyf":{"entryLength":16,"tag":"glyf","checksum":2808844502,"offset":2976,"length":21500},"head":{"entryLength":16,"tag":"head","checksum":163452105,"offset":220,"length":54},"hhea":{"entryLength":16,"tag":"hhea","checksum":110101235,"offset":276,"length":36},"hmtx":{"entryLength":16,"tag":"hmtx","checksum":941365770,"offset":432,"length":1052},"loca":{"entryLength":16,"tag":"loca","checksum":1562407602,"offset":2448,"length":528},"maxp":{"entryLength":16,"tag":"maxp","checksum":22020200,"offset":312,"length":32},"name":{"entryLength":16,"tag":"name","checksum":603955515,"offset":24476,"length":1803},"post":{"entryLength":16,"tag":"post","checksum":3409029943,"offset":26280,"length":728}},"UnicodeCharMap":{"32":3,"33":4,"34":5,"35":6,"36":7,"37":8,"38":9,"39":10,"40":11,"41":12,"42":13,"43":14,"44":15,"45":16,"46":17,"47":18,"48":19,"49":20,"50":21,"51":22,"52":23,"53":24,"54":25,"55":26,"56":27,"57":28,"58":29,"59":30,"60":31,"61":32,"62":33,"63":34,"64":35,"65":36,"66":37,"67":38,"68":39,"69":40,"70":41,"71":42,"72":43,"73":44,"74":45,"75":46,"76":47,"77":48,"78":49,"79":50,"80":51,"81":52,"82":53,"83":54,"84":55,"85":56,"86":57,"87":58,"88":59,"89":60,"90":61,"91":62,"92":63,"93":64,"94":65,"95":66,"96":67,"97":68,"98":69,"99":70,"100":71,"101":72,"102":73,"103":74,"104":75,"105":76,"106":77,"107":78,"108":79,"109":80,"110":81,"111":82,"112":83,"113":84,"114":85,"115":86,"116":87,"117":88,"118":89,"119":90,"120":91,"121":92,"122":93,"123":94,"124":95,"125":96,"126":97,"160":98,"161":99,"162":100,"163":101,"164":102,"165":103,"166":104,"167":105,"168":106,"169":107,"170":108,"171":109,"172":110,"173":111,"174":112,"175":113,"176":114,"177":115,"178":116,"179":117,"180":118,"182":120,"183":121,"184":122,"185":123,"186":124,"187":125,"188":126,"189":127,"190":128,"191":129,"192":130,"193":131,"194":132,"195":133,"196":134,"197":135,"198":136,"199":137,"200":138,"201":139,"202":140,"203":141,"204":142,"205":143,"206":144,"207":145,"208":146,"209":147,"210":148,"211":149,"212":150,"213":151,"214":152,"215":153,"216":154,"217":155,"218":156,"219":157,"220":158,"221":159,"222":160,"223":161,"224":162,"225":163,"226":164,"227":165,"228":166,"229":167,"230":168,"231":169,"232":170,"233":171,"234":172,"235":173,"236":174,"237":175,"238":176,"239":177,"240":178,"241":179,"242":180,"243":181,"244":182,"245":183,"246":184,"247":185,"248":186,"249":187,"250":188,"251":189,"252":190,"253":191,"254":192,"255":193,"305":221,"321":219,"322":222,"338":220,"339":223,"352":226,"353":229,"376":227,"381":228,"382":230,"402":197,"710":210,"711":217,"713":255,"728":212,"729":213,"730":214,"731":216,"732":211,"733":215,"937":257,"956":238,"960":239,"8208":262,"8211":201,"8212":218,"8216":195,"8217":194,"8218":205,"8220":198,"8221":207,"8222":206,"8224":202,"8225":203,"8226":204,"8230":208,"8240":209,"8249":199,"8250":200,"8260":196,"8364":240,"8467":241,"8482":224,"8494":242,"8706":243,"8710":259,"8719":244,"8721":245,"8722":225,"8725":256,"8729":246,"8730":247,"8734":248,"8747":249,"8776":250,"8800":251,"8804":252,"8805":253,"9674":254,"64257":260,"64258":261},"Reserves":{"fontname":"ITC Franklin Gothic Std Demi Extra Compressed"},"Names":{"ITC Franklin Gothic Std Demi Extra Compressed":{"name":"ITC Franklin Gothic Std Demi Extra Compressed","longitude":"0.00000001","latitude":"0.00000001","country":"","region":"","city":""}},"Nodes":{"it":{"type":"typal","node":"it","usage":1,"weight":1},"tc":{"type":"typal","node":"tc","usage":1,"weight":1},"fr":{"type":"typal","node":"fr","usage":1,"weight":1},"in":{"type":"typal","node":"in","usage":1,"weight":1},"go":{"type":"typal","node":"go","usage":1,"weight":1},"ic":{"type":"typal","node":"ic","usage":1,"weight":1},"st":{"type":"typal","node":"st","usage":1,"weight":1},"td":{"type":"typal","node":"td","usage":1,"weight":1},"de":{"type":"typal","node":"de","usage":1,"weight":1},"mi":{"type":"typal","node":"mi","usage":1,"weight":1},"ex":{"type":"typal","node":"ex","usage":1,"weight":1},"ra":{"type":"typal","node":"ra","usage":1,"weight":1},"co":{"type":"typal","node":"co","usage":1,"weight":1},"ed":{"type":"typal","node":"ed","usage":1,"weight":1},"fra":{"type":"typal","node":"fra","usage":1,"weight":1},"lin":{"type":"typal","node":"lin","usage":1,"weight":1},"got":{"type":"typal","node":"got","usage":1,"weight":1},"hic":{"type":"typal","node":"hic","usage":1,"weight":1},"dem":{"type":"typal","node":"dem","usage":1,"weight":1},"emi":{"type":"typal","node":"emi","usage":1,"weight":1},"ext":{"type":"typal","node":"ext","usage":1,"weight":1},"tra":{"type":"typal","node":"tra","usage":1,"weight":1},"com":{"type":"typal","node":"com","usage":1,"weight":1},"sed":{"type":"typal","node":"sed","usage":1,"weight":1},"fran":{"type":"keys","node":"fran","usage":1,"weight":1},"klin":{"type":"keys","node":"klin","usage":1,"weight":1},"goth":{"type":"keys","node":"goth","usage":1,"weight":1},"thic":{"type":"keys","node":"thic","usage":1,"weight":1},"extr":{"type":"keys","node":"extr","usage":1,"weight":1},"xtra":{"type":"keys","node":"xtra","usage":1,"weight":1},"comp":{"type":"keys","node":"comp","usage":1,"weight":1},"ssed":{"type":"keys","node":"ssed","usage":1,"weight":1},"frank":{"type":"keys","node":"frank","usage":1,"weight":1},"nklin":{"type":"keys","node":"nklin","usage":1,"weight":1},"gothi":{"type":"keys","node":"gothi","usage":1,"weight":1},"othic":{"type":"keys","node":"othic","usage":1,"weight":1},"compr":{"type":"keys","node":"compr","usage":1,"weight":1},"essed":{"type":"keys","node":"essed","usage":1,"weight":1},"itc":{"type":"fixes","node":"itc","usage":1,"weight":1},"franklin":{"type":"fixes","node":"franklin","usage":1,"weight":1},"gothic":{"type":"fixes","node":"gothic","usage":1,"weight":1},"std":{"type":"fixes","node":"std","usage":1,"weight":1},"demi":{"type":"fixes","node":"demi","usage":1,"weight":1},"extra":{"type":"fixes","node":"extra","usage":1,"weight":1},"compressed":{"type":"fixes","node":"compressed","usage":1,"weight":1}},"Contributors":[],"FontIdentity":"thatcher0:c844b4a5ead28d5aab3d9e","Bytes":null,"Networking":[],"barcode":"12s11u9osiqoyqw","referee":"keq0ga"}