{"CSS":{"Quickmark":"Quickmark.css"},"FontType":"TrueType","FontCopyright":"2004 Iconian Fonts - www.iconian.com","FontName":"Quickmark","FontSubfamily":"Book","FontSubfamilyID":"FontForge 2.0 : Quickmark : 2-5-2017","FontFullName":"Quickmark","FontVersion":"Version 1 ","FontWeight":null,"FontPostscriptName":"Quickmark","Files":{"\/mnt\/6c2b8804-6e70-4305-a356-bcf16c433701\/fonts-api\/Unpacking\/b53b1ea606140f78df9ac3e9fa64baaaeafd130c\/quickmark.afm":"\/mnt\/6c2b8804-6e70-4305-a356-bcf16c433701\/fonts-api\/Unpacking\/b53b1ea606140f78df9ac3e9fa64baaaeafd130c\/quickmark.afm","\/mnt\/6c2b8804-6e70-4305-a356-bcf16c433701\/fonts-api\/Unpacking\/b53b1ea606140f78df9ac3e9fa64baaaeafd130c\/quickmark.bin":"\/mnt\/6c2b8804-6e70-4305-a356-bcf16c433701\/fonts-api\/Unpacking\/b53b1ea606140f78df9ac3e9fa64baaaeafd130c\/quickmark.bin","\/mnt\/6c2b8804-6e70-4305-a356-bcf16c433701\/fonts-api\/Unpacking\/b53b1ea606140f78df9ac3e9fa64baaaeafd130c\/quickmark.cef":"\/mnt\/6c2b8804-6e70-4305-a356-bcf16c433701\/fonts-api\/Unpacking\/b53b1ea606140f78df9ac3e9fa64baaaeafd130c\/quickmark.cef","\/mnt\/6c2b8804-6e70-4305-a356-bcf16c433701\/fonts-api\/Unpacking\/b53b1ea606140f78df9ac3e9fa64baaaeafd130c\/quickmark.cff":"\/mnt\/6c2b8804-6e70-4305-a356-bcf16c433701\/fonts-api\/Unpacking\/b53b1ea606140f78df9ac3e9fa64baaaeafd130c\/quickmark.cff","\/mnt\/6c2b8804-6e70-4305-a356-bcf16c433701\/fonts-api\/Unpacking\/b53b1ea606140f78df9ac3e9fa64baaaeafd130c\/quickmark.cid":"\/mnt\/6c2b8804-6e70-4305-a356-bcf16c433701\/fonts-api\/Unpacking\/b53b1ea606140f78df9ac3e9fa64baaaeafd130c\/quickmark.cid","\/mnt\/6c2b8804-6e70-4305-a356-bcf16c433701\/fonts-api\/Unpacking\/b53b1ea606140f78df9ac3e9fa64baaaeafd130c\/quickmark.dfont":"\/mnt\/6c2b8804-6e70-4305-a356-bcf16c433701\/fonts-api\/Unpacking\/b53b1ea606140f78df9ac3e9fa64baaaeafd130c\/quickmark.dfont","\/mnt\/6c2b8804-6e70-4305-a356-bcf16c433701\/fonts-api\/Unpacking\/b53b1ea606140f78df9ac3e9fa64baaaeafd130c\/quickmark.eot":"\/mnt\/6c2b8804-6e70-4305-a356-bcf16c433701\/fonts-api\/Unpacking\/b53b1ea606140f78df9ac3e9fa64baaaeafd130c\/quickmark.eot","\/mnt\/6c2b8804-6e70-4305-a356-bcf16c433701\/fonts-api\/Unpacking\/b53b1ea606140f78df9ac3e9fa64baaaeafd130c\/quickmark.fon":"\/mnt\/6c2b8804-6e70-4305-a356-bcf16c433701\/fonts-api\/Unpacking\/b53b1ea606140f78df9ac3e9fa64baaaeafd130c\/quickmark.fon","\/mnt\/6c2b8804-6e70-4305-a356-bcf16c433701\/fonts-api\/Unpacking\/b53b1ea606140f78df9ac3e9fa64baaaeafd130c\/quickmark.gai":"\/mnt\/6c2b8804-6e70-4305-a356-bcf16c433701\/fonts-api\/Unpacking\/b53b1ea606140f78df9ac3e9fa64baaaeafd130c\/quickmark.gai","\/mnt\/6c2b8804-6e70-4305-a356-bcf16c433701\/fonts-api\/Unpacking\/b53b1ea606140f78df9ac3e9fa64baaaeafd130c\/quickmark.gsf":"\/mnt\/6c2b8804-6e70-4305-a356-bcf16c433701\/fonts-api\/Unpacking\/b53b1ea606140f78df9ac3e9fa64baaaeafd130c\/quickmark.gsf","\/mnt\/6c2b8804-6e70-4305-a356-bcf16c433701\/fonts-api\/Unpacking\/b53b1ea606140f78df9ac3e9fa64baaaeafd130c\/quickmark.hqx":"\/mnt\/6c2b8804-6e70-4305-a356-bcf16c433701\/fonts-api\/Unpacking\/b53b1ea606140f78df9ac3e9fa64baaaeafd130c\/quickmark.hqx","\/mnt\/6c2b8804-6e70-4305-a356-bcf16c433701\/fonts-api\/Unpacking\/b53b1ea606140f78df9ac3e9fa64baaaeafd130c\/quickmark.ik":"\/mnt\/6c2b8804-6e70-4305-a356-bcf16c433701\/fonts-api\/Unpacking\/b53b1ea606140f78df9ac3e9fa64baaaeafd130c\/quickmark.ik","\/mnt\/6c2b8804-6e70-4305-a356-bcf16c433701\/fonts-api\/Unpacking\/b53b1ea606140f78df9ac3e9fa64baaaeafd130c\/quickmark.mf":"\/mnt\/6c2b8804-6e70-4305-a356-bcf16c433701\/fonts-api\/Unpacking\/b53b1ea606140f78df9ac3e9fa64baaaeafd130c\/quickmark.mf","\/mnt\/6c2b8804-6e70-4305-a356-bcf16c433701\/fonts-api\/Unpacking\/b53b1ea606140f78df9ac3e9fa64baaaeafd130c\/quickmark.otf":"\/mnt\/6c2b8804-6e70-4305-a356-bcf16c433701\/fonts-api\/Unpacking\/b53b1ea606140f78df9ac3e9fa64baaaeafd130c\/quickmark.otf","\/mnt\/6c2b8804-6e70-4305-a356-bcf16c433701\/fonts-api\/Unpacking\/b53b1ea606140f78df9ac3e9fa64baaaeafd130c\/quickmark.pcf":"\/mnt\/6c2b8804-6e70-4305-a356-bcf16c433701\/fonts-api\/Unpacking\/b53b1ea606140f78df9ac3e9fa64baaaeafd130c\/quickmark.pcf","\/mnt\/6c2b8804-6e70-4305-a356-bcf16c433701\/fonts-api\/Unpacking\/b53b1ea606140f78df9ac3e9fa64baaaeafd130c\/quickmark.pf3":"\/mnt\/6c2b8804-6e70-4305-a356-bcf16c433701\/fonts-api\/Unpacking\/b53b1ea606140f78df9ac3e9fa64baaaeafd130c\/quickmark.pf3","\/mnt\/6c2b8804-6e70-4305-a356-bcf16c433701\/fonts-api\/Unpacking\/b53b1ea606140f78df9ac3e9fa64baaaeafd130c\/quickmark.pfa":"\/mnt\/6c2b8804-6e70-4305-a356-bcf16c433701\/fonts-api\/Unpacking\/b53b1ea606140f78df9ac3e9fa64baaaeafd130c\/quickmark.pfa","\/mnt\/6c2b8804-6e70-4305-a356-bcf16c433701\/fonts-api\/Unpacking\/b53b1ea606140f78df9ac3e9fa64baaaeafd130c\/quickmark.pfb":"\/mnt\/6c2b8804-6e70-4305-a356-bcf16c433701\/fonts-api\/Unpacking\/b53b1ea606140f78df9ac3e9fa64baaaeafd130c\/quickmark.pfb","\/mnt\/6c2b8804-6e70-4305-a356-bcf16c433701\/fonts-api\/Unpacking\/b53b1ea606140f78df9ac3e9fa64baaaeafd130c\/quickmark.php":"\/mnt\/6c2b8804-6e70-4305-a356-bcf16c433701\/fonts-api\/Unpacking\/b53b1ea606140f78df9ac3e9fa64baaaeafd130c\/quickmark.php","\/mnt\/6c2b8804-6e70-4305-a356-bcf16c433701\/fonts-api\/Unpacking\/b53b1ea606140f78df9ac3e9fa64baaaeafd130c\/quickmark.pmf":"\/mnt\/6c2b8804-6e70-4305-a356-bcf16c433701\/fonts-api\/Unpacking\/b53b1ea606140f78df9ac3e9fa64baaaeafd130c\/quickmark.pmf","\/mnt\/6c2b8804-6e70-4305-a356-bcf16c433701\/fonts-api\/Unpacking\/b53b1ea606140f78df9ac3e9fa64baaaeafd130c\/quickmark.pt3":"\/mnt\/6c2b8804-6e70-4305-a356-bcf16c433701\/fonts-api\/Unpacking\/b53b1ea606140f78df9ac3e9fa64baaaeafd130c\/quickmark.pt3","\/mnt\/6c2b8804-6e70-4305-a356-bcf16c433701\/fonts-api\/Unpacking\/b53b1ea606140f78df9ac3e9fa64baaaeafd130c\/quickmark.sfd":"\/mnt\/6c2b8804-6e70-4305-a356-bcf16c433701\/fonts-api\/Unpacking\/b53b1ea606140f78df9ac3e9fa64baaaeafd130c\/quickmark.sfd","\/mnt\/6c2b8804-6e70-4305-a356-bcf16c433701\/fonts-api\/Unpacking\/b53b1ea606140f78df9ac3e9fa64baaaeafd130c\/quickmark.svg":"\/mnt\/6c2b8804-6e70-4305-a356-bcf16c433701\/fonts-api\/Unpacking\/b53b1ea606140f78df9ac3e9fa64baaaeafd130c\/quickmark.svg","\/mnt\/6c2b8804-6e70-4305-a356-bcf16c433701\/fonts-api\/Unpacking\/b53b1ea606140f78df9ac3e9fa64baaaeafd130c\/quickmark.t42":"\/mnt\/6c2b8804-6e70-4305-a356-bcf16c433701\/fonts-api\/Unpacking\/b53b1ea606140f78df9ac3e9fa64baaaeafd130c\/quickmark.t42","\/mnt\/6c2b8804-6e70-4305-a356-bcf16c433701\/fonts-api\/Unpacking\/b53b1ea606140f78df9ac3e9fa64baaaeafd130c\/quickmark.ttd":"\/mnt\/6c2b8804-6e70-4305-a356-bcf16c433701\/fonts-api\/Unpacking\/b53b1ea606140f78df9ac3e9fa64baaaeafd130c\/quickmark.ttd","\/mnt\/6c2b8804-6e70-4305-a356-bcf16c433701\/fonts-api\/Unpacking\/b53b1ea606140f78df9ac3e9fa64baaaeafd130c\/quickmark.ttf":"\/mnt\/6c2b8804-6e70-4305-a356-bcf16c433701\/fonts-api\/Unpacking\/b53b1ea606140f78df9ac3e9fa64baaaeafd130c\/quickmark.ttf","\/mnt\/6c2b8804-6e70-4305-a356-bcf16c433701\/fonts-api\/Unpacking\/b53b1ea606140f78df9ac3e9fa64baaaeafd130c\/quickmark.ttg":"\/mnt\/6c2b8804-6e70-4305-a356-bcf16c433701\/fonts-api\/Unpacking\/b53b1ea606140f78df9ac3e9fa64baaaeafd130c\/quickmark.ttg","\/mnt\/6c2b8804-6e70-4305-a356-bcf16c433701\/fonts-api\/Unpacking\/b53b1ea606140f78df9ac3e9fa64baaaeafd130c\/quickmark.ufm":"\/mnt\/6c2b8804-6e70-4305-a356-bcf16c433701\/fonts-api\/Unpacking\/b53b1ea606140f78df9ac3e9fa64baaaeafd130c\/quickmark.ufm","\/mnt\/6c2b8804-6e70-4305-a356-bcf16c433701\/fonts-api\/Unpacking\/b53b1ea606140f78df9ac3e9fa64baaaeafd130c\/quickmark.woff":"\/mnt\/6c2b8804-6e70-4305-a356-bcf16c433701\/fonts-api\/Unpacking\/b53b1ea606140f78df9ac3e9fa64baaaeafd130c\/quickmark.woff","\/mnt\/6c2b8804-6e70-4305-a356-bcf16c433701\/fonts-api\/Unpacking\/b53b1ea606140f78df9ac3e9fa64baaaeafd130c\/quickmark.z":"\/mnt\/6c2b8804-6e70-4305-a356-bcf16c433701\/fonts-api\/Unpacking\/b53b1ea606140f78df9ac3e9fa64baaaeafd130c\/quickmark.z","\/mnt\/6c2b8804-6e70-4305-a356-bcf16c433701\/fonts-api\/Unpacking\/b53b1ea606140f78df9ac3e9fa64baaaeafd130c\/quickmark.ufo\/features.fea":"\/mnt\/6c2b8804-6e70-4305-a356-bcf16c433701\/fonts-api\/Unpacking\/b53b1ea606140f78df9ac3e9fa64baaaeafd130c\/quickmark.ufo\/features.fea","\/mnt\/6c2b8804-6e70-4305-a356-bcf16c433701\/fonts-api\/Unpacking\/b53b1ea606140f78df9ac3e9fa64baaaeafd130c\/quickmark.ufo\/fontinfo.plist":"\/mnt\/6c2b8804-6e70-4305-a356-bcf16c433701\/fonts-api\/Unpacking\/b53b1ea606140f78df9ac3e9fa64baaaeafd130c\/quickmark.ufo\/fontinfo.plist","\/mnt\/6c2b8804-6e70-4305-a356-bcf16c433701\/fonts-api\/Unpacking\/b53b1ea606140f78df9ac3e9fa64baaaeafd130c\/quickmark.ufo\/metainfo.plist":"\/mnt\/6c2b8804-6e70-4305-a356-bcf16c433701\/fonts-api\/Unpacking\/b53b1ea606140f78df9ac3e9fa64baaaeafd130c\/quickmark.ufo\/metainfo.plist","\/mnt\/6c2b8804-6e70-4305-a356-bcf16c433701\/fonts-api\/Unpacking\/b53b1ea606140f78df9ac3e9fa64baaaeafd130c\/quickmark.ufo\/glyphs\/A_.glif":"\/mnt\/6c2b8804-6e70-4305-a356-bcf16c433701\/fonts-api\/Unpacking\/b53b1ea606140f78df9ac3e9fa64baaaeafd130c\/quickmark.ufo\/glyphs\/A_.glif","\/mnt\/6c2b8804-6e70-4305-a356-bcf16c433701\/fonts-api\/Unpacking\/b53b1ea606140f78df9ac3e9fa64baaaeafd130c\/quickmark.ufo\/glyphs\/B_.glif":"\/mnt\/6c2b8804-6e70-4305-a356-bcf16c433701\/fonts-api\/Unpacking\/b53b1ea606140f78df9ac3e9fa64baaaeafd130c\/quickmark.ufo\/glyphs\/B_.glif","\/mnt\/6c2b8804-6e70-4305-a356-bcf16c433701\/fonts-api\/Unpacking\/b53b1ea606140f78df9ac3e9fa64baaaeafd130c\/quickmark.ufo\/glyphs\/E_.glif":"\/mnt\/6c2b8804-6e70-4305-a356-bcf16c433701\/fonts-api\/Unpacking\/b53b1ea606140f78df9ac3e9fa64baaaeafd130c\/quickmark.ufo\/glyphs\/E_.glif","\/mnt\/6c2b8804-6e70-4305-a356-bcf16c433701\/fonts-api\/Unpacking\/b53b1ea606140f78df9ac3e9fa64baaaeafd130c\/quickmark.ufo\/glyphs\/F_L_0021h.glif":"\/mnt\/6c2b8804-6e70-4305-a356-bcf16c433701\/fonts-api\/Unpacking\/b53b1ea606140f78df9ac3e9fa64baaaeafd130c\/quickmark.ufo\/glyphs\/F_L_0021h.glif","\/mnt\/6c2b8804-6e70-4305-a356-bcf16c433701\/fonts-api\/Unpacking\/b53b1ea606140f78df9ac3e9fa64baaaeafd130c\/quickmark.ufo\/glyphs\/F_L_0025h.glif":"\/mnt\/6c2b8804-6e70-4305-a356-bcf16c433701\/fonts-api\/Unpacking\/b53b1ea606140f78df9ac3e9fa64baaaeafd130c\/quickmark.ufo\/glyphs\/F_L_0025h.glif","\/mnt\/6c2b8804-6e70-4305-a356-bcf16c433701\/fonts-api\/Unpacking\/b53b1ea606140f78df9ac3e9fa64baaaeafd130c\/quickmark.ufo\/glyphs\/F_L_0026h.glif":"\/mnt\/6c2b8804-6e70-4305-a356-bcf16c433701\/fonts-api\/Unpacking\/b53b1ea606140f78df9ac3e9fa64baaaeafd130c\/quickmark.ufo\/glyphs\/F_L_0026h.glif","\/mnt\/6c2b8804-6e70-4305-a356-bcf16c433701\/fonts-api\/Unpacking\/b53b1ea606140f78df9ac3e9fa64baaaeafd130c\/quickmark.ufo\/glyphs\/F_L_002A_h.glif":"\/mnt\/6c2b8804-6e70-4305-a356-bcf16c433701\/fonts-api\/Unpacking\/b53b1ea606140f78df9ac3e9fa64baaaeafd130c\/quickmark.ufo\/glyphs\/F_L_002A_h.glif","\/mnt\/6c2b8804-6e70-4305-a356-bcf16c433701\/fonts-api\/Unpacking\/b53b1ea606140f78df9ac3e9fa64baaaeafd130c\/quickmark.ufo\/glyphs\/F_L_002B_h.glif":"\/mnt\/6c2b8804-6e70-4305-a356-bcf16c433701\/fonts-api\/Unpacking\/b53b1ea606140f78df9ac3e9fa64baaaeafd130c\/quickmark.ufo\/glyphs\/F_L_002B_h.glif","\/mnt\/6c2b8804-6e70-4305-a356-bcf16c433701\/fonts-api\/Unpacking\/b53b1ea606140f78df9ac3e9fa64baaaeafd130c\/quickmark.ufo\/glyphs\/F_L_002D_h.glif":"\/mnt\/6c2b8804-6e70-4305-a356-bcf16c433701\/fonts-api\/Unpacking\/b53b1ea606140f78df9ac3e9fa64baaaeafd130c\/quickmark.ufo\/glyphs\/F_L_002D_h.glif","\/mnt\/6c2b8804-6e70-4305-a356-bcf16c433701\/fonts-api\/Unpacking\/b53b1ea606140f78df9ac3e9fa64baaaeafd130c\/quickmark.ufo\/glyphs\/F_L_002F_h.glif":"\/mnt\/6c2b8804-6e70-4305-a356-bcf16c433701\/fonts-api\/Unpacking\/b53b1ea606140f78df9ac3e9fa64baaaeafd130c\/quickmark.ufo\/glyphs\/F_L_002F_h.glif","\/mnt\/6c2b8804-6e70-4305-a356-bcf16c433701\/fonts-api\/Unpacking\/b53b1ea606140f78df9ac3e9fa64baaaeafd130c\/quickmark.ufo\/glyphs\/F_L_0030h.glif":"\/mnt\/6c2b8804-6e70-4305-a356-bcf16c433701\/fonts-api\/Unpacking\/b53b1ea606140f78df9ac3e9fa64baaaeafd130c\/quickmark.ufo\/glyphs\/F_L_0030h.glif","\/mnt\/6c2b8804-6e70-4305-a356-bcf16c433701\/fonts-api\/Unpacking\/b53b1ea606140f78df9ac3e9fa64baaaeafd130c\/quickmark.ufo\/glyphs\/F_L_003C_h.glif":"\/mnt\/6c2b8804-6e70-4305-a356-bcf16c433701\/fonts-api\/Unpacking\/b53b1ea606140f78df9ac3e9fa64baaaeafd130c\/quickmark.ufo\/glyphs\/F_L_003C_h.glif","\/mnt\/6c2b8804-6e70-4305-a356-bcf16c433701\/fonts-api\/Unpacking\/b53b1ea606140f78df9ac3e9fa64baaaeafd130c\/quickmark.ufo\/glyphs\/F_L_003E_h.glif":"\/mnt\/6c2b8804-6e70-4305-a356-bcf16c433701\/fonts-api\/Unpacking\/b53b1ea606140f78df9ac3e9fa64baaaeafd130c\/quickmark.ufo\/glyphs\/F_L_003E_h.glif","\/mnt\/6c2b8804-6e70-4305-a356-bcf16c433701\/fonts-api\/Unpacking\/b53b1ea606140f78df9ac3e9fa64baaaeafd130c\/quickmark.ufo\/glyphs\/F_L_0040h.glif":"\/mnt\/6c2b8804-6e70-4305-a356-bcf16c433701\/fonts-api\/Unpacking\/b53b1ea606140f78df9ac3e9fa64baaaeafd130c\/quickmark.ufo\/glyphs\/F_L_0040h.glif","\/mnt\/6c2b8804-6e70-4305-a356-bcf16c433701\/fonts-api\/Unpacking\/b53b1ea606140f78df9ac3e9fa64baaaeafd130c\/quickmark.ufo\/glyphs\/F_L_0043h.glif":"\/mnt\/6c2b8804-6e70-4305-a356-bcf16c433701\/fonts-api\/Unpacking\/b53b1ea606140f78df9ac3e9fa64baaaeafd130c\/quickmark.ufo\/glyphs\/F_L_0043h.glif","\/mnt\/6c2b8804-6e70-4305-a356-bcf16c433701\/fonts-api\/Unpacking\/b53b1ea606140f78df9ac3e9fa64baaaeafd130c\/quickmark.ufo\/glyphs\/F_L_0044h.glif":"\/mnt\/6c2b8804-6e70-4305-a356-bcf16c433701\/fonts-api\/Unpacking\/b53b1ea606140f78df9ac3e9fa64baaaeafd130c\/quickmark.ufo\/glyphs\/F_L_0044h.glif","\/mnt\/6c2b8804-6e70-4305-a356-bcf16c433701\/fonts-api\/Unpacking\/b53b1ea606140f78df9ac3e9fa64baaaeafd130c\/quickmark.ufo\/glyphs\/F_L_0046h.glif":"\/mnt\/6c2b8804-6e70-4305-a356-bcf16c433701\/fonts-api\/Unpacking\/b53b1ea606140f78df9ac3e9fa64baaaeafd130c\/quickmark.ufo\/glyphs\/F_L_0046h.glif","\/mnt\/6c2b8804-6e70-4305-a356-bcf16c433701\/fonts-api\/Unpacking\/b53b1ea606140f78df9ac3e9fa64baaaeafd130c\/quickmark.ufo\/glyphs\/F_L_0047h.glif":"\/mnt\/6c2b8804-6e70-4305-a356-bcf16c433701\/fonts-api\/Unpacking\/b53b1ea606140f78df9ac3e9fa64baaaeafd130c\/quickmark.ufo\/glyphs\/F_L_0047h.glif","\/mnt\/6c2b8804-6e70-4305-a356-bcf16c433701\/fonts-api\/Unpacking\/b53b1ea606140f78df9ac3e9fa64baaaeafd130c\/quickmark.ufo\/glyphs\/F_L_0048h.glif":"\/mnt\/6c2b8804-6e70-4305-a356-bcf16c433701\/fonts-api\/Unpacking\/b53b1ea606140f78df9ac3e9fa64baaaeafd130c\/quickmark.ufo\/glyphs\/F_L_0048h.glif","\/mnt\/6c2b8804-6e70-4305-a356-bcf16c433701\/fonts-api\/Unpacking\/b53b1ea606140f78df9ac3e9fa64baaaeafd130c\/quickmark.ufo\/glyphs\/F_L_0049h.glif":"\/mnt\/6c2b8804-6e70-4305-a356-bcf16c433701\/fonts-api\/Unpacking\/b53b1ea606140f78df9ac3e9fa64baaaeafd130c\/quickmark.ufo\/glyphs\/F_L_0049h.glif","\/mnt\/6c2b8804-6e70-4305-a356-bcf16c433701\/fonts-api\/Unpacking\/b53b1ea606140f78df9ac3e9fa64baaaeafd130c\/quickmark.ufo\/glyphs\/F_L_004A_h.glif":"\/mnt\/6c2b8804-6e70-4305-a356-bcf16c433701\/fonts-api\/Unpacking\/b53b1ea606140f78df9ac3e9fa64baaaeafd130c\/quickmark.ufo\/glyphs\/F_L_004A_h.glif","\/mnt\/6c2b8804-6e70-4305-a356-bcf16c433701\/fonts-api\/Unpacking\/b53b1ea606140f78df9ac3e9fa64baaaeafd130c\/quickmark.ufo\/glyphs\/F_L_004B_h.glif":"\/mnt\/6c2b8804-6e70-4305-a356-bcf16c433701\/fonts-api\/Unpacking\/b53b1ea606140f78df9ac3e9fa64baaaeafd130c\/quickmark.ufo\/glyphs\/F_L_004B_h.glif","\/mnt\/6c2b8804-6e70-4305-a356-bcf16c433701\/fonts-api\/Unpacking\/b53b1ea606140f78df9ac3e9fa64baaaeafd130c\/quickmark.ufo\/glyphs\/F_L_004C_h.glif":"\/mnt\/6c2b8804-6e70-4305-a356-bcf16c433701\/fonts-api\/Unpacking\/b53b1ea606140f78df9ac3e9fa64baaaeafd130c\/quickmark.ufo\/glyphs\/F_L_004C_h.glif","\/mnt\/6c2b8804-6e70-4305-a356-bcf16c433701\/fonts-api\/Unpacking\/b53b1ea606140f78df9ac3e9fa64baaaeafd130c\/quickmark.ufo\/glyphs\/F_L_004D_h.glif":"\/mnt\/6c2b8804-6e70-4305-a356-bcf16c433701\/fonts-api\/Unpacking\/b53b1ea606140f78df9ac3e9fa64baaaeafd130c\/quickmark.ufo\/glyphs\/F_L_004D_h.glif","\/mnt\/6c2b8804-6e70-4305-a356-bcf16c433701\/fonts-api\/Unpacking\/b53b1ea606140f78df9ac3e9fa64baaaeafd130c\/quickmark.ufo\/glyphs\/F_L_004E_h.glif":"\/mnt\/6c2b8804-6e70-4305-a356-bcf16c433701\/fonts-api\/Unpacking\/b53b1ea606140f78df9ac3e9fa64baaaeafd130c\/quickmark.ufo\/glyphs\/F_L_004E_h.glif","\/mnt\/6c2b8804-6e70-4305-a356-bcf16c433701\/fonts-api\/Unpacking\/b53b1ea606140f78df9ac3e9fa64baaaeafd130c\/quickmark.ufo\/glyphs\/F_L_004F_h.glif":"\/mnt\/6c2b8804-6e70-4305-a356-bcf16c433701\/fonts-api\/Unpacking\/b53b1ea606140f78df9ac3e9fa64baaaeafd130c\/quickmark.ufo\/glyphs\/F_L_004F_h.glif","\/mnt\/6c2b8804-6e70-4305-a356-bcf16c433701\/fonts-api\/Unpacking\/b53b1ea606140f78df9ac3e9fa64baaaeafd130c\/quickmark.ufo\/glyphs\/F_L_0051h.glif":"\/mnt\/6c2b8804-6e70-4305-a356-bcf16c433701\/fonts-api\/Unpacking\/b53b1ea606140f78df9ac3e9fa64baaaeafd130c\/quickmark.ufo\/glyphs\/F_L_0051h.glif","\/mnt\/6c2b8804-6e70-4305-a356-bcf16c433701\/fonts-api\/Unpacking\/b53b1ea606140f78df9ac3e9fa64baaaeafd130c\/quickmark.ufo\/glyphs\/F_L_0054h.glif":"\/mnt\/6c2b8804-6e70-4305-a356-bcf16c433701\/fonts-api\/Unpacking\/b53b1ea606140f78df9ac3e9fa64baaaeafd130c\/quickmark.ufo\/glyphs\/F_L_0054h.glif","\/mnt\/6c2b8804-6e70-4305-a356-bcf16c433701\/fonts-api\/Unpacking\/b53b1ea606140f78df9ac3e9fa64baaaeafd130c\/quickmark.ufo\/glyphs\/F_L_0055h.glif":"\/mnt\/6c2b8804-6e70-4305-a356-bcf16c433701\/fonts-api\/Unpacking\/b53b1ea606140f78df9ac3e9fa64baaaeafd130c\/quickmark.ufo\/glyphs\/F_L_0055h.glif","\/mnt\/6c2b8804-6e70-4305-a356-bcf16c433701\/fonts-api\/Unpacking\/b53b1ea606140f78df9ac3e9fa64baaaeafd130c\/quickmark.ufo\/glyphs\/F_L_0056h.glif":"\/mnt\/6c2b8804-6e70-4305-a356-bcf16c433701\/fonts-api\/Unpacking\/b53b1ea606140f78df9ac3e9fa64baaaeafd130c\/quickmark.ufo\/glyphs\/F_L_0056h.glif","\/mnt\/6c2b8804-6e70-4305-a356-bcf16c433701\/fonts-api\/Unpacking\/b53b1ea606140f78df9ac3e9fa64baaaeafd130c\/quickmark.ufo\/glyphs\/F_L_0057h.glif":"\/mnt\/6c2b8804-6e70-4305-a356-bcf16c433701\/fonts-api\/Unpacking\/b53b1ea606140f78df9ac3e9fa64baaaeafd130c\/quickmark.ufo\/glyphs\/F_L_0057h.glif","\/mnt\/6c2b8804-6e70-4305-a356-bcf16c433701\/fonts-api\/Unpacking\/b53b1ea606140f78df9ac3e9fa64baaaeafd130c\/quickmark.ufo\/glyphs\/F_L_0059h.glif":"\/mnt\/6c2b8804-6e70-4305-a356-bcf16c433701\/fonts-api\/Unpacking\/b53b1ea606140f78df9ac3e9fa64baaaeafd130c\/quickmark.ufo\/glyphs\/F_L_0059h.glif","\/mnt\/6c2b8804-6e70-4305-a356-bcf16c433701\/fonts-api\/Unpacking\/b53b1ea606140f78df9ac3e9fa64baaaeafd130c\/quickmark.ufo\/glyphs\/F_L_005C_h.glif":"\/mnt\/6c2b8804-6e70-4305-a356-bcf16c433701\/fonts-api\/Unpacking\/b53b1ea606140f78df9ac3e9fa64baaaeafd130c\/quickmark.ufo\/glyphs\/F_L_005C_h.glif","\/mnt\/6c2b8804-6e70-4305-a356-bcf16c433701\/fonts-api\/Unpacking\/b53b1ea606140f78df9ac3e9fa64baaaeafd130c\/quickmark.ufo\/glyphs\/F_L_005D_h.glif":"\/mnt\/6c2b8804-6e70-4305-a356-bcf16c433701\/fonts-api\/Unpacking\/b53b1ea606140f78df9ac3e9fa64baaaeafd130c\/quickmark.ufo\/glyphs\/F_L_005D_h.glif","\/mnt\/6c2b8804-6e70-4305-a356-bcf16c433701\/fonts-api\/Unpacking\/b53b1ea606140f78df9ac3e9fa64baaaeafd130c\/quickmark.ufo\/glyphs\/F_L_005E_h.glif":"\/mnt\/6c2b8804-6e70-4305-a356-bcf16c433701\/fonts-api\/Unpacking\/b53b1ea606140f78df9ac3e9fa64baaaeafd130c\/quickmark.ufo\/glyphs\/F_L_005E_h.glif","\/mnt\/6c2b8804-6e70-4305-a356-bcf16c433701\/fonts-api\/Unpacking\/b53b1ea606140f78df9ac3e9fa64baaaeafd130c\/quickmark.ufo\/glyphs\/F_L_0060h.glif":"\/mnt\/6c2b8804-6e70-4305-a356-bcf16c433701\/fonts-api\/Unpacking\/b53b1ea606140f78df9ac3e9fa64baaaeafd130c\/quickmark.ufo\/glyphs\/F_L_0060h.glif","\/mnt\/6c2b8804-6e70-4305-a356-bcf16c433701\/fonts-api\/Unpacking\/b53b1ea606140f78df9ac3e9fa64baaaeafd130c\/quickmark.ufo\/glyphs\/F_L_006C_h.glif":"\/mnt\/6c2b8804-6e70-4305-a356-bcf16c433701\/fonts-api\/Unpacking\/b53b1ea606140f78df9ac3e9fa64baaaeafd130c\/quickmark.ufo\/glyphs\/F_L_006C_h.glif","\/mnt\/6c2b8804-6e70-4305-a356-bcf16c433701\/fonts-api\/Unpacking\/b53b1ea606140f78df9ac3e9fa64baaaeafd130c\/quickmark.ufo\/glyphs\/F_L_007B_h.glif":"\/mnt\/6c2b8804-6e70-4305-a356-bcf16c433701\/fonts-api\/Unpacking\/b53b1ea606140f78df9ac3e9fa64baaaeafd130c\/quickmark.ufo\/glyphs\/F_L_007B_h.glif","\/mnt\/6c2b8804-6e70-4305-a356-bcf16c433701\/fonts-api\/Unpacking\/b53b1ea606140f78df9ac3e9fa64baaaeafd130c\/quickmark.ufo\/glyphs\/F_L_007C_h.glif":"\/mnt\/6c2b8804-6e70-4305-a356-bcf16c433701\/fonts-api\/Unpacking\/b53b1ea606140f78df9ac3e9fa64baaaeafd130c\/quickmark.ufo\/glyphs\/F_L_007C_h.glif","\/mnt\/6c2b8804-6e70-4305-a356-bcf16c433701\/fonts-api\/Unpacking\/b53b1ea606140f78df9ac3e9fa64baaaeafd130c\/quickmark.ufo\/glyphs\/F_L_007D_h.glif":"\/mnt\/6c2b8804-6e70-4305-a356-bcf16c433701\/fonts-api\/Unpacking\/b53b1ea606140f78df9ac3e9fa64baaaeafd130c\/quickmark.ufo\/glyphs\/F_L_007D_h.glif","\/mnt\/6c2b8804-6e70-4305-a356-bcf16c433701\/fonts-api\/Unpacking\/b53b1ea606140f78df9ac3e9fa64baaaeafd130c\/quickmark.ufo\/glyphs\/F_L_007E_h.glif":"\/mnt\/6c2b8804-6e70-4305-a356-bcf16c433701\/fonts-api\/Unpacking\/b53b1ea606140f78df9ac3e9fa64baaaeafd130c\/quickmark.ufo\/glyphs\/F_L_007E_h.glif","\/mnt\/6c2b8804-6e70-4305-a356-bcf16c433701\/fonts-api\/Unpacking\/b53b1ea606140f78df9ac3e9fa64baaaeafd130c\/quickmark.ufo\/glyphs\/F_L_00A_0h.glif":"\/mnt\/6c2b8804-6e70-4305-a356-bcf16c433701\/fonts-api\/Unpacking\/b53b1ea606140f78df9ac3e9fa64baaaeafd130c\/quickmark.ufo\/glyphs\/F_L_00A_0h.glif","\/mnt\/6c2b8804-6e70-4305-a356-bcf16c433701\/fonts-api\/Unpacking\/b53b1ea606140f78df9ac3e9fa64baaaeafd130c\/quickmark.ufo\/glyphs\/F_L_00A_1h.glif":"\/mnt\/6c2b8804-6e70-4305-a356-bcf16c433701\/fonts-api\/Unpacking\/b53b1ea606140f78df9ac3e9fa64baaaeafd130c\/quickmark.ufo\/glyphs\/F_L_00A_1h.glif","\/mnt\/6c2b8804-6e70-4305-a356-bcf16c433701\/fonts-api\/Unpacking\/b53b1ea606140f78df9ac3e9fa64baaaeafd130c\/quickmark.ufo\/glyphs\/F_L_00A_2h.glif":"\/mnt\/6c2b8804-6e70-4305-a356-bcf16c433701\/fonts-api\/Unpacking\/b53b1ea606140f78df9ac3e9fa64baaaeafd130c\/quickmark.ufo\/glyphs\/F_L_00A_2h.glif","\/mnt\/6c2b8804-6e70-4305-a356-bcf16c433701\/fonts-api\/Unpacking\/b53b1ea606140f78df9ac3e9fa64baaaeafd130c\/quickmark.ufo\/glyphs\/F_L_00A_3h.glif":"\/mnt\/6c2b8804-6e70-4305-a356-bcf16c433701\/fonts-api\/Unpacking\/b53b1ea606140f78df9ac3e9fa64baaaeafd130c\/quickmark.ufo\/glyphs\/F_L_00A_3h.glif","\/mnt\/6c2b8804-6e70-4305-a356-bcf16c433701\/fonts-api\/Unpacking\/b53b1ea606140f78df9ac3e9fa64baaaeafd130c\/quickmark.ufo\/glyphs\/F_L_00A_4h.glif":"\/mnt\/6c2b8804-6e70-4305-a356-bcf16c433701\/fonts-api\/Unpacking\/b53b1ea606140f78df9ac3e9fa64baaaeafd130c\/quickmark.ufo\/glyphs\/F_L_00A_4h.glif","\/mnt\/6c2b8804-6e70-4305-a356-bcf16c433701\/fonts-api\/Unpacking\/b53b1ea606140f78df9ac3e9fa64baaaeafd130c\/quickmark.ufo\/glyphs\/F_L_00A_5h.glif":"\/mnt\/6c2b8804-6e70-4305-a356-bcf16c433701\/fonts-api\/Unpacking\/b53b1ea606140f78df9ac3e9fa64baaaeafd130c\/quickmark.ufo\/glyphs\/F_L_00A_5h.glif","\/mnt\/6c2b8804-6e70-4305-a356-bcf16c433701\/fonts-api\/Unpacking\/b53b1ea606140f78df9ac3e9fa64baaaeafd130c\/quickmark.ufo\/glyphs\/F_L_00A_6h.glif":"\/mnt\/6c2b8804-6e70-4305-a356-bcf16c433701\/fonts-api\/Unpacking\/b53b1ea606140f78df9ac3e9fa64baaaeafd130c\/quickmark.ufo\/glyphs\/F_L_00A_6h.glif","\/mnt\/6c2b8804-6e70-4305-a356-bcf16c433701\/fonts-api\/Unpacking\/b53b1ea606140f78df9ac3e9fa64baaaeafd130c\/quickmark.ufo\/glyphs\/F_L_00A_7h.glif":"\/mnt\/6c2b8804-6e70-4305-a356-bcf16c433701\/fonts-api\/Unpacking\/b53b1ea606140f78df9ac3e9fa64baaaeafd130c\/quickmark.ufo\/glyphs\/F_L_00A_7h.glif","\/mnt\/6c2b8804-6e70-4305-a356-bcf16c433701\/fonts-api\/Unpacking\/b53b1ea606140f78df9ac3e9fa64baaaeafd130c\/quickmark.ufo\/glyphs\/F_L_00A_8h.glif":"\/mnt\/6c2b8804-6e70-4305-a356-bcf16c433701\/fonts-api\/Unpacking\/b53b1ea606140f78df9ac3e9fa64baaaeafd130c\/quickmark.ufo\/glyphs\/F_L_00A_8h.glif","\/mnt\/6c2b8804-6e70-4305-a356-bcf16c433701\/fonts-api\/Unpacking\/b53b1ea606140f78df9ac3e9fa64baaaeafd130c\/quickmark.ufo\/glyphs\/F_L_00A_9h.glif":"\/mnt\/6c2b8804-6e70-4305-a356-bcf16c433701\/fonts-api\/Unpacking\/b53b1ea606140f78df9ac3e9fa64baaaeafd130c\/quickmark.ufo\/glyphs\/F_L_00A_9h.glif","\/mnt\/6c2b8804-6e70-4305-a356-bcf16c433701\/fonts-api\/Unpacking\/b53b1ea606140f78df9ac3e9fa64baaaeafd130c\/quickmark.ufo\/glyphs\/F_L_00A_A_h.glif":"\/mnt\/6c2b8804-6e70-4305-a356-bcf16c433701\/fonts-api\/Unpacking\/b53b1ea606140f78df9ac3e9fa64baaaeafd130c\/quickmark.ufo\/glyphs\/F_L_00A_A_h.glif","\/mnt\/6c2b8804-6e70-4305-a356-bcf16c433701\/fonts-api\/Unpacking\/b53b1ea606140f78df9ac3e9fa64baaaeafd130c\/quickmark.ufo\/glyphs\/F_L_00A_B_h.glif":"\/mnt\/6c2b8804-6e70-4305-a356-bcf16c433701\/fonts-api\/Unpacking\/b53b1ea606140f78df9ac3e9fa64baaaeafd130c\/quickmark.ufo\/glyphs\/F_L_00A_B_h.glif","\/mnt\/6c2b8804-6e70-4305-a356-bcf16c433701\/fonts-api\/Unpacking\/b53b1ea606140f78df9ac3e9fa64baaaeafd130c\/quickmark.ufo\/glyphs\/F_L_00A_C_h.glif":"\/mnt\/6c2b8804-6e70-4305-a356-bcf16c433701\/fonts-api\/Unpacking\/b53b1ea606140f78df9ac3e9fa64baaaeafd130c\/quickmark.ufo\/glyphs\/F_L_00A_C_h.glif","\/mnt\/6c2b8804-6e70-4305-a356-bcf16c433701\/fonts-api\/Unpacking\/b53b1ea606140f78df9ac3e9fa64baaaeafd130c\/quickmark.ufo\/glyphs\/F_L_00A_D_h.glif":"\/mnt\/6c2b8804-6e70-4305-a356-bcf16c433701\/fonts-api\/Unpacking\/b53b1ea606140f78df9ac3e9fa64baaaeafd130c\/quickmark.ufo\/glyphs\/F_L_00A_D_h.glif","\/mnt\/6c2b8804-6e70-4305-a356-bcf16c433701\/fonts-api\/Unpacking\/b53b1ea606140f78df9ac3e9fa64baaaeafd130c\/quickmark.ufo\/glyphs\/F_L_00A_E_h.glif":"\/mnt\/6c2b8804-6e70-4305-a356-bcf16c433701\/fonts-api\/Unpacking\/b53b1ea606140f78df9ac3e9fa64baaaeafd130c\/quickmark.ufo\/glyphs\/F_L_00A_E_h.glif","\/mnt\/6c2b8804-6e70-4305-a356-bcf16c433701\/fonts-api\/Unpacking\/b53b1ea606140f78df9ac3e9fa64baaaeafd130c\/quickmark.ufo\/glyphs\/F_L_00A_F_h.glif":"\/mnt\/6c2b8804-6e70-4305-a356-bcf16c433701\/fonts-api\/Unpacking\/b53b1ea606140f78df9ac3e9fa64baaaeafd130c\/quickmark.ufo\/glyphs\/F_L_00A_F_h.glif","\/mnt\/6c2b8804-6e70-4305-a356-bcf16c433701\/fonts-api\/Unpacking\/b53b1ea606140f78df9ac3e9fa64baaaeafd130c\/quickmark.ufo\/glyphs\/F_L_00B_0h.glif":"\/mnt\/6c2b8804-6e70-4305-a356-bcf16c433701\/fonts-api\/Unpacking\/b53b1ea606140f78df9ac3e9fa64baaaeafd130c\/quickmark.ufo\/glyphs\/F_L_00B_0h.glif","\/mnt\/6c2b8804-6e70-4305-a356-bcf16c433701\/fonts-api\/Unpacking\/b53b1ea606140f78df9ac3e9fa64baaaeafd130c\/quickmark.ufo\/glyphs\/F_L_00B_1h.glif":"\/mnt\/6c2b8804-6e70-4305-a356-bcf16c433701\/fonts-api\/Unpacking\/b53b1ea606140f78df9ac3e9fa64baaaeafd130c\/quickmark.ufo\/glyphs\/F_L_00B_1h.glif","\/mnt\/6c2b8804-6e70-4305-a356-bcf16c433701\/fonts-api\/Unpacking\/b53b1ea606140f78df9ac3e9fa64baaaeafd130c\/quickmark.ufo\/glyphs\/F_L_00B_2h.glif":"\/mnt\/6c2b8804-6e70-4305-a356-bcf16c433701\/fonts-api\/Unpacking\/b53b1ea606140f78df9ac3e9fa64baaaeafd130c\/quickmark.ufo\/glyphs\/F_L_00B_2h.glif","\/mnt\/6c2b8804-6e70-4305-a356-bcf16c433701\/fonts-api\/Unpacking\/b53b1ea606140f78df9ac3e9fa64baaaeafd130c\/quickmark.ufo\/glyphs\/F_L_00B_3h.glif":"\/mnt\/6c2b8804-6e70-4305-a356-bcf16c433701\/fonts-api\/Unpacking\/b53b1ea606140f78df9ac3e9fa64baaaeafd130c\/quickmark.ufo\/glyphs\/F_L_00B_3h.glif","\/mnt\/6c2b8804-6e70-4305-a356-bcf16c433701\/fonts-api\/Unpacking\/b53b1ea606140f78df9ac3e9fa64baaaeafd130c\/quickmark.ufo\/glyphs\/F_L_00B_4h.glif":"\/mnt\/6c2b8804-6e70-4305-a356-bcf16c433701\/fonts-api\/Unpacking\/b53b1ea606140f78df9ac3e9fa64baaaeafd130c\/quickmark.ufo\/glyphs\/F_L_00B_4h.glif","\/mnt\/6c2b8804-6e70-4305-a356-bcf16c433701\/fonts-api\/Unpacking\/b53b1ea606140f78df9ac3e9fa64baaaeafd130c\/quickmark.ufo\/glyphs\/F_L_00B_5h.glif":"\/mnt\/6c2b8804-6e70-4305-a356-bcf16c433701\/fonts-api\/Unpacking\/b53b1ea606140f78df9ac3e9fa64baaaeafd130c\/quickmark.ufo\/glyphs\/F_L_00B_5h.glif","\/mnt\/6c2b8804-6e70-4305-a356-bcf16c433701\/fonts-api\/Unpacking\/b53b1ea606140f78df9ac3e9fa64baaaeafd130c\/quickmark.ufo\/glyphs\/F_L_00B_6h.glif":"\/mnt\/6c2b8804-6e70-4305-a356-bcf16c433701\/fonts-api\/Unpacking\/b53b1ea606140f78df9ac3e9fa64baaaeafd130c\/quickmark.ufo\/glyphs\/F_L_00B_6h.glif","\/mnt\/6c2b8804-6e70-4305-a356-bcf16c433701\/fonts-api\/Unpacking\/b53b1ea606140f78df9ac3e9fa64baaaeafd130c\/quickmark.ufo\/glyphs\/F_L_00B_7h.glif":"\/mnt\/6c2b8804-6e70-4305-a356-bcf16c433701\/fonts-api\/Unpacking\/b53b1ea606140f78df9ac3e9fa64baaaeafd130c\/quickmark.ufo\/glyphs\/F_L_00B_7h.glif","\/mnt\/6c2b8804-6e70-4305-a356-bcf16c433701\/fonts-api\/Unpacking\/b53b1ea606140f78df9ac3e9fa64baaaeafd130c\/quickmark.ufo\/glyphs\/F_L_00B_8h.glif":"\/mnt\/6c2b8804-6e70-4305-a356-bcf16c433701\/fonts-api\/Unpacking\/b53b1ea606140f78df9ac3e9fa64baaaeafd130c\/quickmark.ufo\/glyphs\/F_L_00B_8h.glif","\/mnt\/6c2b8804-6e70-4305-a356-bcf16c433701\/fonts-api\/Unpacking\/b53b1ea606140f78df9ac3e9fa64baaaeafd130c\/quickmark.ufo\/glyphs\/F_L_00B_9h.glif":"\/mnt\/6c2b8804-6e70-4305-a356-bcf16c433701\/fonts-api\/Unpacking\/b53b1ea606140f78df9ac3e9fa64baaaeafd130c\/quickmark.ufo\/glyphs\/F_L_00B_9h.glif","\/mnt\/6c2b8804-6e70-4305-a356-bcf16c433701\/fonts-api\/Unpacking\/b53b1ea606140f78df9ac3e9fa64baaaeafd130c\/quickmark.ufo\/glyphs\/F_L_00B_A_h.glif":"\/mnt\/6c2b8804-6e70-4305-a356-bcf16c433701\/fonts-api\/Unpacking\/b53b1ea606140f78df9ac3e9fa64baaaeafd130c\/quickmark.ufo\/glyphs\/F_L_00B_A_h.glif","\/mnt\/6c2b8804-6e70-4305-a356-bcf16c433701\/fonts-api\/Unpacking\/b53b1ea606140f78df9ac3e9fa64baaaeafd130c\/quickmark.ufo\/glyphs\/F_L_00B_B_h.glif":"\/mnt\/6c2b8804-6e70-4305-a356-bcf16c433701\/fonts-api\/Unpacking\/b53b1ea606140f78df9ac3e9fa64baaaeafd130c\/quickmark.ufo\/glyphs\/F_L_00B_B_h.glif","\/mnt\/6c2b8804-6e70-4305-a356-bcf16c433701\/fonts-api\/Unpacking\/b53b1ea606140f78df9ac3e9fa64baaaeafd130c\/quickmark.ufo\/glyphs\/F_L_00B_C_h.glif":"\/mnt\/6c2b8804-6e70-4305-a356-bcf16c433701\/fonts-api\/Unpacking\/b53b1ea606140f78df9ac3e9fa64baaaeafd130c\/quickmark.ufo\/glyphs\/F_L_00B_C_h.glif","\/mnt\/6c2b8804-6e70-4305-a356-bcf16c433701\/fonts-api\/Unpacking\/b53b1ea606140f78df9ac3e9fa64baaaeafd130c\/quickmark.ufo\/glyphs\/F_L_00B_D_h.glif":"\/mnt\/6c2b8804-6e70-4305-a356-bcf16c433701\/fonts-api\/Unpacking\/b53b1ea606140f78df9ac3e9fa64baaaeafd130c\/quickmark.ufo\/glyphs\/F_L_00B_D_h.glif","\/mnt\/6c2b8804-6e70-4305-a356-bcf16c433701\/fonts-api\/Unpacking\/b53b1ea606140f78df9ac3e9fa64baaaeafd130c\/quickmark.ufo\/glyphs\/F_L_00B_F_h.glif":"\/mnt\/6c2b8804-6e70-4305-a356-bcf16c433701\/fonts-api\/Unpacking\/b53b1ea606140f78df9ac3e9fa64baaaeafd130c\/quickmark.ufo\/glyphs\/F_L_00B_F_h.glif","\/mnt\/6c2b8804-6e70-4305-a356-bcf16c433701\/fonts-api\/Unpacking\/b53b1ea606140f78df9ac3e9fa64baaaeafd130c\/quickmark.ufo\/glyphs\/F_L_00C_0h.glif":"\/mnt\/6c2b8804-6e70-4305-a356-bcf16c433701\/fonts-api\/Unpacking\/b53b1ea606140f78df9ac3e9fa64baaaeafd130c\/quickmark.ufo\/glyphs\/F_L_00C_0h.glif","\/mnt\/6c2b8804-6e70-4305-a356-bcf16c433701\/fonts-api\/Unpacking\/b53b1ea606140f78df9ac3e9fa64baaaeafd130c\/quickmark.ufo\/glyphs\/F_L_00C_1h.glif":"\/mnt\/6c2b8804-6e70-4305-a356-bcf16c433701\/fonts-api\/Unpacking\/b53b1ea606140f78df9ac3e9fa64baaaeafd130c\/quickmark.ufo\/glyphs\/F_L_00C_1h.glif","\/mnt\/6c2b8804-6e70-4305-a356-bcf16c433701\/fonts-api\/Unpacking\/b53b1ea606140f78df9ac3e9fa64baaaeafd130c\/quickmark.ufo\/glyphs\/F_L_00C_2h.glif":"\/mnt\/6c2b8804-6e70-4305-a356-bcf16c433701\/fonts-api\/Unpacking\/b53b1ea606140f78df9ac3e9fa64baaaeafd130c\/quickmark.ufo\/glyphs\/F_L_00C_2h.glif","\/mnt\/6c2b8804-6e70-4305-a356-bcf16c433701\/fonts-api\/Unpacking\/b53b1ea606140f78df9ac3e9fa64baaaeafd130c\/quickmark.ufo\/glyphs\/F_L_00C_3h.glif":"\/mnt\/6c2b8804-6e70-4305-a356-bcf16c433701\/fonts-api\/Unpacking\/b53b1ea606140f78df9ac3e9fa64baaaeafd130c\/quickmark.ufo\/glyphs\/F_L_00C_3h.glif","\/mnt\/6c2b8804-6e70-4305-a356-bcf16c433701\/fonts-api\/Unpacking\/b53b1ea606140f78df9ac3e9fa64baaaeafd130c\/quickmark.ufo\/glyphs\/F_L_00C_4h.glif":"\/mnt\/6c2b8804-6e70-4305-a356-bcf16c433701\/fonts-api\/Unpacking\/b53b1ea606140f78df9ac3e9fa64baaaeafd130c\/quickmark.ufo\/glyphs\/F_L_00C_4h.glif","\/mnt\/6c2b8804-6e70-4305-a356-bcf16c433701\/fonts-api\/Unpacking\/b53b1ea606140f78df9ac3e9fa64baaaeafd130c\/quickmark.ufo\/glyphs\/F_L_00C_5h.glif":"\/mnt\/6c2b8804-6e70-4305-a356-bcf16c433701\/fonts-api\/Unpacking\/b53b1ea606140f78df9ac3e9fa64baaaeafd130c\/quickmark.ufo\/glyphs\/F_L_00C_5h.glif","\/mnt\/6c2b8804-6e70-4305-a356-bcf16c433701\/fonts-api\/Unpacking\/b53b1ea606140f78df9ac3e9fa64baaaeafd130c\/quickmark.ufo\/glyphs\/F_L_00C_6h.glif":"\/mnt\/6c2b8804-6e70-4305-a356-bcf16c433701\/fonts-api\/Unpacking\/b53b1ea606140f78df9ac3e9fa64baaaeafd130c\/quickmark.ufo\/glyphs\/F_L_00C_6h.glif","\/mnt\/6c2b8804-6e70-4305-a356-bcf16c433701\/fonts-api\/Unpacking\/b53b1ea606140f78df9ac3e9fa64baaaeafd130c\/quickmark.ufo\/glyphs\/F_L_00C_7h.glif":"\/mnt\/6c2b8804-6e70-4305-a356-bcf16c433701\/fonts-api\/Unpacking\/b53b1ea606140f78df9ac3e9fa64baaaeafd130c\/quickmark.ufo\/glyphs\/F_L_00C_7h.glif","\/mnt\/6c2b8804-6e70-4305-a356-bcf16c433701\/fonts-api\/Unpacking\/b53b1ea606140f78df9ac3e9fa64baaaeafd130c\/quickmark.ufo\/glyphs\/F_L_00C_8h.glif":"\/mnt\/6c2b8804-6e70-4305-a356-bcf16c433701\/fonts-api\/Unpacking\/b53b1ea606140f78df9ac3e9fa64baaaeafd130c\/quickmark.ufo\/glyphs\/F_L_00C_8h.glif","\/mnt\/6c2b8804-6e70-4305-a356-bcf16c433701\/fonts-api\/Unpacking\/b53b1ea606140f78df9ac3e9fa64baaaeafd130c\/quickmark.ufo\/glyphs\/F_L_00C_9h.glif":"\/mnt\/6c2b8804-6e70-4305-a356-bcf16c433701\/fonts-api\/Unpacking\/b53b1ea606140f78df9ac3e9fa64baaaeafd130c\/quickmark.ufo\/glyphs\/F_L_00C_9h.glif","\/mnt\/6c2b8804-6e70-4305-a356-bcf16c433701\/fonts-api\/Unpacking\/b53b1ea606140f78df9ac3e9fa64baaaeafd130c\/quickmark.ufo\/glyphs\/F_L_00C_A_h.glif":"\/mnt\/6c2b8804-6e70-4305-a356-bcf16c433701\/fonts-api\/Unpacking\/b53b1ea606140f78df9ac3e9fa64baaaeafd130c\/quickmark.ufo\/glyphs\/F_L_00C_A_h.glif","\/mnt\/6c2b8804-6e70-4305-a356-bcf16c433701\/fonts-api\/Unpacking\/b53b1ea606140f78df9ac3e9fa64baaaeafd130c\/quickmark.ufo\/glyphs\/F_L_00C_B_h.glif":"\/mnt\/6c2b8804-6e70-4305-a356-bcf16c433701\/fonts-api\/Unpacking\/b53b1ea606140f78df9ac3e9fa64baaaeafd130c\/quickmark.ufo\/glyphs\/F_L_00C_B_h.glif","\/mnt\/6c2b8804-6e70-4305-a356-bcf16c433701\/fonts-api\/Unpacking\/b53b1ea606140f78df9ac3e9fa64baaaeafd130c\/quickmark.ufo\/glyphs\/F_L_00C_C_h.glif":"\/mnt\/6c2b8804-6e70-4305-a356-bcf16c433701\/fonts-api\/Unpacking\/b53b1ea606140f78df9ac3e9fa64baaaeafd130c\/quickmark.ufo\/glyphs\/F_L_00C_C_h.glif","\/mnt\/6c2b8804-6e70-4305-a356-bcf16c433701\/fonts-api\/Unpacking\/b53b1ea606140f78df9ac3e9fa64baaaeafd130c\/quickmark.ufo\/glyphs\/F_L_00C_D_h.glif":"\/mnt\/6c2b8804-6e70-4305-a356-bcf16c433701\/fonts-api\/Unpacking\/b53b1ea606140f78df9ac3e9fa64baaaeafd130c\/quickmark.ufo\/glyphs\/F_L_00C_D_h.glif","\/mnt\/6c2b8804-6e70-4305-a356-bcf16c433701\/fonts-api\/Unpacking\/b53b1ea606140f78df9ac3e9fa64baaaeafd130c\/quickmark.ufo\/glyphs\/F_L_00C_E_h.glif":"\/mnt\/6c2b8804-6e70-4305-a356-bcf16c433701\/fonts-api\/Unpacking\/b53b1ea606140f78df9ac3e9fa64baaaeafd130c\/quickmark.ufo\/glyphs\/F_L_00C_E_h.glif","\/mnt\/6c2b8804-6e70-4305-a356-bcf16c433701\/fonts-api\/Unpacking\/b53b1ea606140f78df9ac3e9fa64baaaeafd130c\/quickmark.ufo\/glyphs\/F_L_00C_F_h.glif":"\/mnt\/6c2b8804-6e70-4305-a356-bcf16c433701\/fonts-api\/Unpacking\/b53b1ea606140f78df9ac3e9fa64baaaeafd130c\/quickmark.ufo\/glyphs\/F_L_00C_F_h.glif","\/mnt\/6c2b8804-6e70-4305-a356-bcf16c433701\/fonts-api\/Unpacking\/b53b1ea606140f78df9ac3e9fa64baaaeafd130c\/quickmark.ufo\/glyphs\/F_L_00D_0h.glif":"\/mnt\/6c2b8804-6e70-4305-a356-bcf16c433701\/fonts-api\/Unpacking\/b53b1ea606140f78df9ac3e9fa64baaaeafd130c\/quickmark.ufo\/glyphs\/F_L_00D_0h.glif","\/mnt\/6c2b8804-6e70-4305-a356-bcf16c433701\/fonts-api\/Unpacking\/b53b1ea606140f78df9ac3e9fa64baaaeafd130c\/quickmark.ufo\/glyphs\/F_L_00D_1h.glif":"\/mnt\/6c2b8804-6e70-4305-a356-bcf16c433701\/fonts-api\/Unpacking\/b53b1ea606140f78df9ac3e9fa64baaaeafd130c\/quickmark.ufo\/glyphs\/F_L_00D_1h.glif","\/mnt\/6c2b8804-6e70-4305-a356-bcf16c433701\/fonts-api\/Unpacking\/b53b1ea606140f78df9ac3e9fa64baaaeafd130c\/quickmark.ufo\/glyphs\/F_L_00D_2h.glif":"\/mnt\/6c2b8804-6e70-4305-a356-bcf16c433701\/fonts-api\/Unpacking\/b53b1ea606140f78df9ac3e9fa64baaaeafd130c\/quickmark.ufo\/glyphs\/F_L_00D_2h.glif","\/mnt\/6c2b8804-6e70-4305-a356-bcf16c433701\/fonts-api\/Unpacking\/b53b1ea606140f78df9ac3e9fa64baaaeafd130c\/quickmark.ufo\/glyphs\/F_L_00D_3h.glif":"\/mnt\/6c2b8804-6e70-4305-a356-bcf16c433701\/fonts-api\/Unpacking\/b53b1ea606140f78df9ac3e9fa64baaaeafd130c\/quickmark.ufo\/glyphs\/F_L_00D_3h.glif","\/mnt\/6c2b8804-6e70-4305-a356-bcf16c433701\/fonts-api\/Unpacking\/b53b1ea606140f78df9ac3e9fa64baaaeafd130c\/quickmark.ufo\/glyphs\/F_L_00D_4h.glif":"\/mnt\/6c2b8804-6e70-4305-a356-bcf16c433701\/fonts-api\/Unpacking\/b53b1ea606140f78df9ac3e9fa64baaaeafd130c\/quickmark.ufo\/glyphs\/F_L_00D_4h.glif","\/mnt\/6c2b8804-6e70-4305-a356-bcf16c433701\/fonts-api\/Unpacking\/b53b1ea606140f78df9ac3e9fa64baaaeafd130c\/quickmark.ufo\/glyphs\/F_L_00D_5h.glif":"\/mnt\/6c2b8804-6e70-4305-a356-bcf16c433701\/fonts-api\/Unpacking\/b53b1ea606140f78df9ac3e9fa64baaaeafd130c\/quickmark.ufo\/glyphs\/F_L_00D_5h.glif","\/mnt\/6c2b8804-6e70-4305-a356-bcf16c433701\/fonts-api\/Unpacking\/b53b1ea606140f78df9ac3e9fa64baaaeafd130c\/quickmark.ufo\/glyphs\/F_L_00D_6h.glif":"\/mnt\/6c2b8804-6e70-4305-a356-bcf16c433701\/fonts-api\/Unpacking\/b53b1ea606140f78df9ac3e9fa64baaaeafd130c\/quickmark.ufo\/glyphs\/F_L_00D_6h.glif","\/mnt\/6c2b8804-6e70-4305-a356-bcf16c433701\/fonts-api\/Unpacking\/b53b1ea606140f78df9ac3e9fa64baaaeafd130c\/quickmark.ufo\/glyphs\/F_L_00D_7h.glif":"\/mnt\/6c2b8804-6e70-4305-a356-bcf16c433701\/fonts-api\/Unpacking\/b53b1ea606140f78df9ac3e9fa64baaaeafd130c\/quickmark.ufo\/glyphs\/F_L_00D_7h.glif","\/mnt\/6c2b8804-6e70-4305-a356-bcf16c433701\/fonts-api\/Unpacking\/b53b1ea606140f78df9ac3e9fa64baaaeafd130c\/quickmark.ufo\/glyphs\/F_L_00D_8h.glif":"\/mnt\/6c2b8804-6e70-4305-a356-bcf16c433701\/fonts-api\/Unpacking\/b53b1ea606140f78df9ac3e9fa64baaaeafd130c\/quickmark.ufo\/glyphs\/F_L_00D_8h.glif","\/mnt\/6c2b8804-6e70-4305-a356-bcf16c433701\/fonts-api\/Unpacking\/b53b1ea606140f78df9ac3e9fa64baaaeafd130c\/quickmark.ufo\/glyphs\/F_L_00D_9h.glif":"\/mnt\/6c2b8804-6e70-4305-a356-bcf16c433701\/fonts-api\/Unpacking\/b53b1ea606140f78df9ac3e9fa64baaaeafd130c\/quickmark.ufo\/glyphs\/F_L_00D_9h.glif","\/mnt\/6c2b8804-6e70-4305-a356-bcf16c433701\/fonts-api\/Unpacking\/b53b1ea606140f78df9ac3e9fa64baaaeafd130c\/quickmark.ufo\/glyphs\/F_L_00D_A_h.glif":"\/mnt\/6c2b8804-6e70-4305-a356-bcf16c433701\/fonts-api\/Unpacking\/b53b1ea606140f78df9ac3e9fa64baaaeafd130c\/quickmark.ufo\/glyphs\/F_L_00D_A_h.glif","\/mnt\/6c2b8804-6e70-4305-a356-bcf16c433701\/fonts-api\/Unpacking\/b53b1ea606140f78df9ac3e9fa64baaaeafd130c\/quickmark.ufo\/glyphs\/F_L_00D_B_h.glif":"\/mnt\/6c2b8804-6e70-4305-a356-bcf16c433701\/fonts-api\/Unpacking\/b53b1ea606140f78df9ac3e9fa64baaaeafd130c\/quickmark.ufo\/glyphs\/F_L_00D_B_h.glif","\/mnt\/6c2b8804-6e70-4305-a356-bcf16c433701\/fonts-api\/Unpacking\/b53b1ea606140f78df9ac3e9fa64baaaeafd130c\/quickmark.ufo\/glyphs\/F_L_00D_C_h.glif":"\/mnt\/6c2b8804-6e70-4305-a356-bcf16c433701\/fonts-api\/Unpacking\/b53b1ea606140f78df9ac3e9fa64baaaeafd130c\/quickmark.ufo\/glyphs\/F_L_00D_C_h.glif","\/mnt\/6c2b8804-6e70-4305-a356-bcf16c433701\/fonts-api\/Unpacking\/b53b1ea606140f78df9ac3e9fa64baaaeafd130c\/quickmark.ufo\/glyphs\/F_L_00D_D_h.glif":"\/mnt\/6c2b8804-6e70-4305-a356-bcf16c433701\/fonts-api\/Unpacking\/b53b1ea606140f78df9ac3e9fa64baaaeafd130c\/quickmark.ufo\/glyphs\/F_L_00D_D_h.glif","\/mnt\/6c2b8804-6e70-4305-a356-bcf16c433701\/fonts-api\/Unpacking\/b53b1ea606140f78df9ac3e9fa64baaaeafd130c\/quickmark.ufo\/glyphs\/F_L_00D_F_h.glif":"\/mnt\/6c2b8804-6e70-4305-a356-bcf16c433701\/fonts-api\/Unpacking\/b53b1ea606140f78df9ac3e9fa64baaaeafd130c\/quickmark.ufo\/glyphs\/F_L_00D_F_h.glif","\/mnt\/6c2b8804-6e70-4305-a356-bcf16c433701\/fonts-api\/Unpacking\/b53b1ea606140f78df9ac3e9fa64baaaeafd130c\/quickmark.ufo\/glyphs\/F_L_00E_0h.glif":"\/mnt\/6c2b8804-6e70-4305-a356-bcf16c433701\/fonts-api\/Unpacking\/b53b1ea606140f78df9ac3e9fa64baaaeafd130c\/quickmark.ufo\/glyphs\/F_L_00E_0h.glif","\/mnt\/6c2b8804-6e70-4305-a356-bcf16c433701\/fonts-api\/Unpacking\/b53b1ea606140f78df9ac3e9fa64baaaeafd130c\/quickmark.ufo\/glyphs\/F_L_00E_1h.glif":"\/mnt\/6c2b8804-6e70-4305-a356-bcf16c433701\/fonts-api\/Unpacking\/b53b1ea606140f78df9ac3e9fa64baaaeafd130c\/quickmark.ufo\/glyphs\/F_L_00E_1h.glif","\/mnt\/6c2b8804-6e70-4305-a356-bcf16c433701\/fonts-api\/Unpacking\/b53b1ea606140f78df9ac3e9fa64baaaeafd130c\/quickmark.ufo\/glyphs\/F_L_00E_2h.glif":"\/mnt\/6c2b8804-6e70-4305-a356-bcf16c433701\/fonts-api\/Unpacking\/b53b1ea606140f78df9ac3e9fa64baaaeafd130c\/quickmark.ufo\/glyphs\/F_L_00E_2h.glif","\/mnt\/6c2b8804-6e70-4305-a356-bcf16c433701\/fonts-api\/Unpacking\/b53b1ea606140f78df9ac3e9fa64baaaeafd130c\/quickmark.ufo\/glyphs\/F_L_00E_3h.glif":"\/mnt\/6c2b8804-6e70-4305-a356-bcf16c433701\/fonts-api\/Unpacking\/b53b1ea606140f78df9ac3e9fa64baaaeafd130c\/quickmark.ufo\/glyphs\/F_L_00E_3h.glif","\/mnt\/6c2b8804-6e70-4305-a356-bcf16c433701\/fonts-api\/Unpacking\/b53b1ea606140f78df9ac3e9fa64baaaeafd130c\/quickmark.ufo\/glyphs\/F_L_00E_4h.glif":"\/mnt\/6c2b8804-6e70-4305-a356-bcf16c433701\/fonts-api\/Unpacking\/b53b1ea606140f78df9ac3e9fa64baaaeafd130c\/quickmark.ufo\/glyphs\/F_L_00E_4h.glif","\/mnt\/6c2b8804-6e70-4305-a356-bcf16c433701\/fonts-api\/Unpacking\/b53b1ea606140f78df9ac3e9fa64baaaeafd130c\/quickmark.ufo\/glyphs\/F_L_00E_5h.glif":"\/mnt\/6c2b8804-6e70-4305-a356-bcf16c433701\/fonts-api\/Unpacking\/b53b1ea606140f78df9ac3e9fa64baaaeafd130c\/quickmark.ufo\/glyphs\/F_L_00E_5h.glif","\/mnt\/6c2b8804-6e70-4305-a356-bcf16c433701\/fonts-api\/Unpacking\/b53b1ea606140f78df9ac3e9fa64baaaeafd130c\/quickmark.ufo\/glyphs\/F_L_00E_6h.glif":"\/mnt\/6c2b8804-6e70-4305-a356-bcf16c433701\/fonts-api\/Unpacking\/b53b1ea606140f78df9ac3e9fa64baaaeafd130c\/quickmark.ufo\/glyphs\/F_L_00E_6h.glif","\/mnt\/6c2b8804-6e70-4305-a356-bcf16c433701\/fonts-api\/Unpacking\/b53b1ea606140f78df9ac3e9fa64baaaeafd130c\/quickmark.ufo\/glyphs\/F_L_00E_7h.glif":"\/mnt\/6c2b8804-6e70-4305-a356-bcf16c433701\/fonts-api\/Unpacking\/b53b1ea606140f78df9ac3e9fa64baaaeafd130c\/quickmark.ufo\/glyphs\/F_L_00E_7h.glif","\/mnt\/6c2b8804-6e70-4305-a356-bcf16c433701\/fonts-api\/Unpacking\/b53b1ea606140f78df9ac3e9fa64baaaeafd130c\/quickmark.ufo\/glyphs\/F_L_00E_8h.glif":"\/mnt\/6c2b8804-6e70-4305-a356-bcf16c433701\/fonts-api\/Unpacking\/b53b1ea606140f78df9ac3e9fa64baaaeafd130c\/quickmark.ufo\/glyphs\/F_L_00E_8h.glif","\/mnt\/6c2b8804-6e70-4305-a356-bcf16c433701\/fonts-api\/Unpacking\/b53b1ea606140f78df9ac3e9fa64baaaeafd130c\/quickmark.ufo\/glyphs\/F_L_00E_9h.glif":"\/mnt\/6c2b8804-6e70-4305-a356-bcf16c433701\/fonts-api\/Unpacking\/b53b1ea606140f78df9ac3e9fa64baaaeafd130c\/quickmark.ufo\/glyphs\/F_L_00E_9h.glif","\/mnt\/6c2b8804-6e70-4305-a356-bcf16c433701\/fonts-api\/Unpacking\/b53b1ea606140f78df9ac3e9fa64baaaeafd130c\/quickmark.ufo\/glyphs\/F_L_00E_A_h.glif":"\/mnt\/6c2b8804-6e70-4305-a356-bcf16c433701\/fonts-api\/Unpacking\/b53b1ea606140f78df9ac3e9fa64baaaeafd130c\/quickmark.ufo\/glyphs\/F_L_00E_A_h.glif","\/mnt\/6c2b8804-6e70-4305-a356-bcf16c433701\/fonts-api\/Unpacking\/b53b1ea606140f78df9ac3e9fa64baaaeafd130c\/quickmark.ufo\/glyphs\/F_L_00E_B_h.glif":"\/mnt\/6c2b8804-6e70-4305-a356-bcf16c433701\/fonts-api\/Unpacking\/b53b1ea606140f78df9ac3e9fa64baaaeafd130c\/quickmark.ufo\/glyphs\/F_L_00E_B_h.glif","\/mnt\/6c2b8804-6e70-4305-a356-bcf16c433701\/fonts-api\/Unpacking\/b53b1ea606140f78df9ac3e9fa64baaaeafd130c\/quickmark.ufo\/glyphs\/F_L_00E_C_h.glif":"\/mnt\/6c2b8804-6e70-4305-a356-bcf16c433701\/fonts-api\/Unpacking\/b53b1ea606140f78df9ac3e9fa64baaaeafd130c\/quickmark.ufo\/glyphs\/F_L_00E_C_h.glif","\/mnt\/6c2b8804-6e70-4305-a356-bcf16c433701\/fonts-api\/Unpacking\/b53b1ea606140f78df9ac3e9fa64baaaeafd130c\/quickmark.ufo\/glyphs\/F_L_00E_D_h.glif":"\/mnt\/6c2b8804-6e70-4305-a356-bcf16c433701\/fonts-api\/Unpacking\/b53b1ea606140f78df9ac3e9fa64baaaeafd130c\/quickmark.ufo\/glyphs\/F_L_00E_D_h.glif","\/mnt\/6c2b8804-6e70-4305-a356-bcf16c433701\/fonts-api\/Unpacking\/b53b1ea606140f78df9ac3e9fa64baaaeafd130c\/quickmark.ufo\/glyphs\/F_L_00E_E_h.glif":"\/mnt\/6c2b8804-6e70-4305-a356-bcf16c433701\/fonts-api\/Unpacking\/b53b1ea606140f78df9ac3e9fa64baaaeafd130c\/quickmark.ufo\/glyphs\/F_L_00E_E_h.glif","\/mnt\/6c2b8804-6e70-4305-a356-bcf16c433701\/fonts-api\/Unpacking\/b53b1ea606140f78df9ac3e9fa64baaaeafd130c\/quickmark.ufo\/glyphs\/F_L_00E_F_h.glif":"\/mnt\/6c2b8804-6e70-4305-a356-bcf16c433701\/fonts-api\/Unpacking\/b53b1ea606140f78df9ac3e9fa64baaaeafd130c\/quickmark.ufo\/glyphs\/F_L_00E_F_h.glif","\/mnt\/6c2b8804-6e70-4305-a356-bcf16c433701\/fonts-api\/Unpacking\/b53b1ea606140f78df9ac3e9fa64baaaeafd130c\/quickmark.ufo\/glyphs\/F_L_00F_0h.glif":"\/mnt\/6c2b8804-6e70-4305-a356-bcf16c433701\/fonts-api\/Unpacking\/b53b1ea606140f78df9ac3e9fa64baaaeafd130c\/quickmark.ufo\/glyphs\/F_L_00F_0h.glif","\/mnt\/6c2b8804-6e70-4305-a356-bcf16c433701\/fonts-api\/Unpacking\/b53b1ea606140f78df9ac3e9fa64baaaeafd130c\/quickmark.ufo\/glyphs\/F_L_00F_1h.glif":"\/mnt\/6c2b8804-6e70-4305-a356-bcf16c433701\/fonts-api\/Unpacking\/b53b1ea606140f78df9ac3e9fa64baaaeafd130c\/quickmark.ufo\/glyphs\/F_L_00F_1h.glif","\/mnt\/6c2b8804-6e70-4305-a356-bcf16c433701\/fonts-api\/Unpacking\/b53b1ea606140f78df9ac3e9fa64baaaeafd130c\/quickmark.ufo\/glyphs\/F_L_00F_2h.glif":"\/mnt\/6c2b8804-6e70-4305-a356-bcf16c433701\/fonts-api\/Unpacking\/b53b1ea606140f78df9ac3e9fa64baaaeafd130c\/quickmark.ufo\/glyphs\/F_L_00F_2h.glif","\/mnt\/6c2b8804-6e70-4305-a356-bcf16c433701\/fonts-api\/Unpacking\/b53b1ea606140f78df9ac3e9fa64baaaeafd130c\/quickmark.ufo\/glyphs\/F_L_00F_3h.glif":"\/mnt\/6c2b8804-6e70-4305-a356-bcf16c433701\/fonts-api\/Unpacking\/b53b1ea606140f78df9ac3e9fa64baaaeafd130c\/quickmark.ufo\/glyphs\/F_L_00F_3h.glif","\/mnt\/6c2b8804-6e70-4305-a356-bcf16c433701\/fonts-api\/Unpacking\/b53b1ea606140f78df9ac3e9fa64baaaeafd130c\/quickmark.ufo\/glyphs\/F_L_00F_4h.glif":"\/mnt\/6c2b8804-6e70-4305-a356-bcf16c433701\/fonts-api\/Unpacking\/b53b1ea606140f78df9ac3e9fa64baaaeafd130c\/quickmark.ufo\/glyphs\/F_L_00F_4h.glif","\/mnt\/6c2b8804-6e70-4305-a356-bcf16c433701\/fonts-api\/Unpacking\/b53b1ea606140f78df9ac3e9fa64baaaeafd130c\/quickmark.ufo\/glyphs\/F_L_00F_5h.glif":"\/mnt\/6c2b8804-6e70-4305-a356-bcf16c433701\/fonts-api\/Unpacking\/b53b1ea606140f78df9ac3e9fa64baaaeafd130c\/quickmark.ufo\/glyphs\/F_L_00F_5h.glif","\/mnt\/6c2b8804-6e70-4305-a356-bcf16c433701\/fonts-api\/Unpacking\/b53b1ea606140f78df9ac3e9fa64baaaeafd130c\/quickmark.ufo\/glyphs\/F_L_00F_6h.glif":"\/mnt\/6c2b8804-6e70-4305-a356-bcf16c433701\/fonts-api\/Unpacking\/b53b1ea606140f78df9ac3e9fa64baaaeafd130c\/quickmark.ufo\/glyphs\/F_L_00F_6h.glif","\/mnt\/6c2b8804-6e70-4305-a356-bcf16c433701\/fonts-api\/Unpacking\/b53b1ea606140f78df9ac3e9fa64baaaeafd130c\/quickmark.ufo\/glyphs\/F_L_00F_7h.glif":"\/mnt\/6c2b8804-6e70-4305-a356-bcf16c433701\/fonts-api\/Unpacking\/b53b1ea606140f78df9ac3e9fa64baaaeafd130c\/quickmark.ufo\/glyphs\/F_L_00F_7h.glif","\/mnt\/6c2b8804-6e70-4305-a356-bcf16c433701\/fonts-api\/Unpacking\/b53b1ea606140f78df9ac3e9fa64baaaeafd130c\/quickmark.ufo\/glyphs\/F_L_00F_8h.glif":"\/mnt\/6c2b8804-6e70-4305-a356-bcf16c433701\/fonts-api\/Unpacking\/b53b1ea606140f78df9ac3e9fa64baaaeafd130c\/quickmark.ufo\/glyphs\/F_L_00F_8h.glif","\/mnt\/6c2b8804-6e70-4305-a356-bcf16c433701\/fonts-api\/Unpacking\/b53b1ea606140f78df9ac3e9fa64baaaeafd130c\/quickmark.ufo\/glyphs\/F_L_00F_9h.glif":"\/mnt\/6c2b8804-6e70-4305-a356-bcf16c433701\/fonts-api\/Unpacking\/b53b1ea606140f78df9ac3e9fa64baaaeafd130c\/quickmark.ufo\/glyphs\/F_L_00F_9h.glif","\/mnt\/6c2b8804-6e70-4305-a356-bcf16c433701\/fonts-api\/Unpacking\/b53b1ea606140f78df9ac3e9fa64baaaeafd130c\/quickmark.ufo\/glyphs\/F_L_00F_A_h.glif":"\/mnt\/6c2b8804-6e70-4305-a356-bcf16c433701\/fonts-api\/Unpacking\/b53b1ea606140f78df9ac3e9fa64baaaeafd130c\/quickmark.ufo\/glyphs\/F_L_00F_A_h.glif","\/mnt\/6c2b8804-6e70-4305-a356-bcf16c433701\/fonts-api\/Unpacking\/b53b1ea606140f78df9ac3e9fa64baaaeafd130c\/quickmark.ufo\/glyphs\/F_L_00F_B_h.glif":"\/mnt\/6c2b8804-6e70-4305-a356-bcf16c433701\/fonts-api\/Unpacking\/b53b1ea606140f78df9ac3e9fa64baaaeafd130c\/quickmark.ufo\/glyphs\/F_L_00F_B_h.glif","\/mnt\/6c2b8804-6e70-4305-a356-bcf16c433701\/fonts-api\/Unpacking\/b53b1ea606140f78df9ac3e9fa64baaaeafd130c\/quickmark.ufo\/glyphs\/F_L_00F_C_h.glif":"\/mnt\/6c2b8804-6e70-4305-a356-bcf16c433701\/fonts-api\/Unpacking\/b53b1ea606140f78df9ac3e9fa64baaaeafd130c\/quickmark.ufo\/glyphs\/F_L_00F_C_h.glif","\/mnt\/6c2b8804-6e70-4305-a356-bcf16c433701\/fonts-api\/Unpacking\/b53b1ea606140f78df9ac3e9fa64baaaeafd130c\/quickmark.ufo\/glyphs\/F_L_00F_D_h.glif":"\/mnt\/6c2b8804-6e70-4305-a356-bcf16c433701\/fonts-api\/Unpacking\/b53b1ea606140f78df9ac3e9fa64baaaeafd130c\/quickmark.ufo\/glyphs\/F_L_00F_D_h.glif","\/mnt\/6c2b8804-6e70-4305-a356-bcf16c433701\/fonts-api\/Unpacking\/b53b1ea606140f78df9ac3e9fa64baaaeafd130c\/quickmark.ufo\/glyphs\/F_L_00F_E_h.glif":"\/mnt\/6c2b8804-6e70-4305-a356-bcf16c433701\/fonts-api\/Unpacking\/b53b1ea606140f78df9ac3e9fa64baaaeafd130c\/quickmark.ufo\/glyphs\/F_L_00F_E_h.glif","\/mnt\/6c2b8804-6e70-4305-a356-bcf16c433701\/fonts-api\/Unpacking\/b53b1ea606140f78df9ac3e9fa64baaaeafd130c\/quickmark.ufo\/glyphs\/F_L_00F_F_h.glif":"\/mnt\/6c2b8804-6e70-4305-a356-bcf16c433701\/fonts-api\/Unpacking\/b53b1ea606140f78df9ac3e9fa64baaaeafd130c\/quickmark.ufo\/glyphs\/F_L_00F_F_h.glif","\/mnt\/6c2b8804-6e70-4305-a356-bcf16c433701\/fonts-api\/Unpacking\/b53b1ea606140f78df9ac3e9fa64baaaeafd130c\/quickmark.ufo\/glyphs\/F_L_0101h.glif":"\/mnt\/6c2b8804-6e70-4305-a356-bcf16c433701\/fonts-api\/Unpacking\/b53b1ea606140f78df9ac3e9fa64baaaeafd130c\/quickmark.ufo\/glyphs\/F_L_0101h.glif","\/mnt\/6c2b8804-6e70-4305-a356-bcf16c433701\/fonts-api\/Unpacking\/b53b1ea606140f78df9ac3e9fa64baaaeafd130c\/quickmark.ufo\/glyphs\/F_L_0152h.glif":"\/mnt\/6c2b8804-6e70-4305-a356-bcf16c433701\/fonts-api\/Unpacking\/b53b1ea606140f78df9ac3e9fa64baaaeafd130c\/quickmark.ufo\/glyphs\/F_L_0152h.glif","\/mnt\/6c2b8804-6e70-4305-a356-bcf16c433701\/fonts-api\/Unpacking\/b53b1ea606140f78df9ac3e9fa64baaaeafd130c\/quickmark.ufo\/glyphs\/F_L_0153h.glif":"\/mnt\/6c2b8804-6e70-4305-a356-bcf16c433701\/fonts-api\/Unpacking\/b53b1ea606140f78df9ac3e9fa64baaaeafd130c\/quickmark.ufo\/glyphs\/F_L_0153h.glif","\/mnt\/6c2b8804-6e70-4305-a356-bcf16c433701\/fonts-api\/Unpacking\/b53b1ea606140f78df9ac3e9fa64baaaeafd130c\/quickmark.ufo\/glyphs\/F_L_0160h.glif":"\/mnt\/6c2b8804-6e70-4305-a356-bcf16c433701\/fonts-api\/Unpacking\/b53b1ea606140f78df9ac3e9fa64baaaeafd130c\/quickmark.ufo\/glyphs\/F_L_0160h.glif","\/mnt\/6c2b8804-6e70-4305-a356-bcf16c433701\/fonts-api\/Unpacking\/b53b1ea606140f78df9ac3e9fa64baaaeafd130c\/quickmark.ufo\/glyphs\/F_L_0161h.glif":"\/mnt\/6c2b8804-6e70-4305-a356-bcf16c433701\/fonts-api\/Unpacking\/b53b1ea606140f78df9ac3e9fa64baaaeafd130c\/quickmark.ufo\/glyphs\/F_L_0161h.glif","\/mnt\/6c2b8804-6e70-4305-a356-bcf16c433701\/fonts-api\/Unpacking\/b53b1ea606140f78df9ac3e9fa64baaaeafd130c\/quickmark.ufo\/glyphs\/F_L_0178h.glif":"\/mnt\/6c2b8804-6e70-4305-a356-bcf16c433701\/fonts-api\/Unpacking\/b53b1ea606140f78df9ac3e9fa64baaaeafd130c\/quickmark.ufo\/glyphs\/F_L_0178h.glif","\/mnt\/6c2b8804-6e70-4305-a356-bcf16c433701\/fonts-api\/Unpacking\/b53b1ea606140f78df9ac3e9fa64baaaeafd130c\/quickmark.ufo\/glyphs\/F_L_017D_h.glif":"\/mnt\/6c2b8804-6e70-4305-a356-bcf16c433701\/fonts-api\/Unpacking\/b53b1ea606140f78df9ac3e9fa64baaaeafd130c\/quickmark.ufo\/glyphs\/F_L_017D_h.glif","\/mnt\/6c2b8804-6e70-4305-a356-bcf16c433701\/fonts-api\/Unpacking\/b53b1ea606140f78df9ac3e9fa64baaaeafd130c\/quickmark.ufo\/glyphs\/F_L_017E_h.glif":"\/mnt\/6c2b8804-6e70-4305-a356-bcf16c433701\/fonts-api\/Unpacking\/b53b1ea606140f78df9ac3e9fa64baaaeafd130c\/quickmark.ufo\/glyphs\/F_L_017E_h.glif","\/mnt\/6c2b8804-6e70-4305-a356-bcf16c433701\/fonts-api\/Unpacking\/b53b1ea606140f78df9ac3e9fa64baaaeafd130c\/quickmark.ufo\/glyphs\/F_L_0192h.glif":"\/mnt\/6c2b8804-6e70-4305-a356-bcf16c433701\/fonts-api\/Unpacking\/b53b1ea606140f78df9ac3e9fa64baaaeafd130c\/quickmark.ufo\/glyphs\/F_L_0192h.glif","\/mnt\/6c2b8804-6e70-4305-a356-bcf16c433701\/fonts-api\/Unpacking\/b53b1ea606140f78df9ac3e9fa64baaaeafd130c\/quickmark.ufo\/glyphs\/F_L_02C_6h.glif":"\/mnt\/6c2b8804-6e70-4305-a356-bcf16c433701\/fonts-api\/Unpacking\/b53b1ea606140f78df9ac3e9fa64baaaeafd130c\/quickmark.ufo\/glyphs\/F_L_02C_6h.glif","\/mnt\/6c2b8804-6e70-4305-a356-bcf16c433701\/fonts-api\/Unpacking\/b53b1ea606140f78df9ac3e9fa64baaaeafd130c\/quickmark.ufo\/glyphs\/F_L_02D_C_h.glif":"\/mnt\/6c2b8804-6e70-4305-a356-bcf16c433701\/fonts-api\/Unpacking\/b53b1ea606140f78df9ac3e9fa64baaaeafd130c\/quickmark.ufo\/glyphs\/F_L_02D_C_h.glif","\/mnt\/6c2b8804-6e70-4305-a356-bcf16c433701\/fonts-api\/Unpacking\/b53b1ea606140f78df9ac3e9fa64baaaeafd130c\/quickmark.ufo\/glyphs\/F_L_083B_h.glif":"\/mnt\/6c2b8804-6e70-4305-a356-bcf16c433701\/fonts-api\/Unpacking\/b53b1ea606140f78df9ac3e9fa64baaaeafd130c\/quickmark.ufo\/glyphs\/F_L_083B_h.glif","\/mnt\/6c2b8804-6e70-4305-a356-bcf16c433701\/fonts-api\/Unpacking\/b53b1ea606140f78df9ac3e9fa64baaaeafd130c\/quickmark.ufo\/glyphs\/F_L_2013h.glif":"\/mnt\/6c2b8804-6e70-4305-a356-bcf16c433701\/fonts-api\/Unpacking\/b53b1ea606140f78df9ac3e9fa64baaaeafd130c\/quickmark.ufo\/glyphs\/F_L_2013h.glif","\/mnt\/6c2b8804-6e70-4305-a356-bcf16c433701\/fonts-api\/Unpacking\/b53b1ea606140f78df9ac3e9fa64baaaeafd130c\/quickmark.ufo\/glyphs\/F_L_2014h.glif":"\/mnt\/6c2b8804-6e70-4305-a356-bcf16c433701\/fonts-api\/Unpacking\/b53b1ea606140f78df9ac3e9fa64baaaeafd130c\/quickmark.ufo\/glyphs\/F_L_2014h.glif","\/mnt\/6c2b8804-6e70-4305-a356-bcf16c433701\/fonts-api\/Unpacking\/b53b1ea606140f78df9ac3e9fa64baaaeafd130c\/quickmark.ufo\/glyphs\/F_L_2018h.glif":"\/mnt\/6c2b8804-6e70-4305-a356-bcf16c433701\/fonts-api\/Unpacking\/b53b1ea606140f78df9ac3e9fa64baaaeafd130c\/quickmark.ufo\/glyphs\/F_L_2018h.glif","\/mnt\/6c2b8804-6e70-4305-a356-bcf16c433701\/fonts-api\/Unpacking\/b53b1ea606140f78df9ac3e9fa64baaaeafd130c\/quickmark.ufo\/glyphs\/F_L_2019h.glif":"\/mnt\/6c2b8804-6e70-4305-a356-bcf16c433701\/fonts-api\/Unpacking\/b53b1ea606140f78df9ac3e9fa64baaaeafd130c\/quickmark.ufo\/glyphs\/F_L_2019h.glif","\/mnt\/6c2b8804-6e70-4305-a356-bcf16c433701\/fonts-api\/Unpacking\/b53b1ea606140f78df9ac3e9fa64baaaeafd130c\/quickmark.ufo\/glyphs\/F_L_201A_h.glif":"\/mnt\/6c2b8804-6e70-4305-a356-bcf16c433701\/fonts-api\/Unpacking\/b53b1ea606140f78df9ac3e9fa64baaaeafd130c\/quickmark.ufo\/glyphs\/F_L_201A_h.glif","\/mnt\/6c2b8804-6e70-4305-a356-bcf16c433701\/fonts-api\/Unpacking\/b53b1ea606140f78df9ac3e9fa64baaaeafd130c\/quickmark.ufo\/glyphs\/F_L_201C_h.glif":"\/mnt\/6c2b8804-6e70-4305-a356-bcf16c433701\/fonts-api\/Unpacking\/b53b1ea606140f78df9ac3e9fa64baaaeafd130c\/quickmark.ufo\/glyphs\/F_L_201C_h.glif","\/mnt\/6c2b8804-6e70-4305-a356-bcf16c433701\/fonts-api\/Unpacking\/b53b1ea606140f78df9ac3e9fa64baaaeafd130c\/quickmark.ufo\/glyphs\/F_L_201D_h.glif":"\/mnt\/6c2b8804-6e70-4305-a356-bcf16c433701\/fonts-api\/Unpacking\/b53b1ea606140f78df9ac3e9fa64baaaeafd130c\/quickmark.ufo\/glyphs\/F_L_201D_h.glif","\/mnt\/6c2b8804-6e70-4305-a356-bcf16c433701\/fonts-api\/Unpacking\/b53b1ea606140f78df9ac3e9fa64baaaeafd130c\/quickmark.ufo\/glyphs\/F_L_201E_h.glif":"\/mnt\/6c2b8804-6e70-4305-a356-bcf16c433701\/fonts-api\/Unpacking\/b53b1ea606140f78df9ac3e9fa64baaaeafd130c\/quickmark.ufo\/glyphs\/F_L_201E_h.glif","\/mnt\/6c2b8804-6e70-4305-a356-bcf16c433701\/fonts-api\/Unpacking\/b53b1ea606140f78df9ac3e9fa64baaaeafd130c\/quickmark.ufo\/glyphs\/F_L_2020h.glif":"\/mnt\/6c2b8804-6e70-4305-a356-bcf16c433701\/fonts-api\/Unpacking\/b53b1ea606140f78df9ac3e9fa64baaaeafd130c\/quickmark.ufo\/glyphs\/F_L_2020h.glif","\/mnt\/6c2b8804-6e70-4305-a356-bcf16c433701\/fonts-api\/Unpacking\/b53b1ea606140f78df9ac3e9fa64baaaeafd130c\/quickmark.ufo\/glyphs\/F_L_2021h.glif":"\/mnt\/6c2b8804-6e70-4305-a356-bcf16c433701\/fonts-api\/Unpacking\/b53b1ea606140f78df9ac3e9fa64baaaeafd130c\/quickmark.ufo\/glyphs\/F_L_2021h.glif","\/mnt\/6c2b8804-6e70-4305-a356-bcf16c433701\/fonts-api\/Unpacking\/b53b1ea606140f78df9ac3e9fa64baaaeafd130c\/quickmark.ufo\/glyphs\/F_L_2022h.glif":"\/mnt\/6c2b8804-6e70-4305-a356-bcf16c433701\/fonts-api\/Unpacking\/b53b1ea606140f78df9ac3e9fa64baaaeafd130c\/quickmark.ufo\/glyphs\/F_L_2022h.glif","\/mnt\/6c2b8804-6e70-4305-a356-bcf16c433701\/fonts-api\/Unpacking\/b53b1ea606140f78df9ac3e9fa64baaaeafd130c\/quickmark.ufo\/glyphs\/F_L_2026h.glif":"\/mnt\/6c2b8804-6e70-4305-a356-bcf16c433701\/fonts-api\/Unpacking\/b53b1ea606140f78df9ac3e9fa64baaaeafd130c\/quickmark.ufo\/glyphs\/F_L_2026h.glif","\/mnt\/6c2b8804-6e70-4305-a356-bcf16c433701\/fonts-api\/Unpacking\/b53b1ea606140f78df9ac3e9fa64baaaeafd130c\/quickmark.ufo\/glyphs\/F_L_2030h.glif":"\/mnt\/6c2b8804-6e70-4305-a356-bcf16c433701\/fonts-api\/Unpacking\/b53b1ea606140f78df9ac3e9fa64baaaeafd130c\/quickmark.ufo\/glyphs\/F_L_2030h.glif","\/mnt\/6c2b8804-6e70-4305-a356-bcf16c433701\/fonts-api\/Unpacking\/b53b1ea606140f78df9ac3e9fa64baaaeafd130c\/quickmark.ufo\/glyphs\/F_L_2039h.glif":"\/mnt\/6c2b8804-6e70-4305-a356-bcf16c433701\/fonts-api\/Unpacking\/b53b1ea606140f78df9ac3e9fa64baaaeafd130c\/quickmark.ufo\/glyphs\/F_L_2039h.glif","\/mnt\/6c2b8804-6e70-4305-a356-bcf16c433701\/fonts-api\/Unpacking\/b53b1ea606140f78df9ac3e9fa64baaaeafd130c\/quickmark.ufo\/glyphs\/F_L_203A_h.glif":"\/mnt\/6c2b8804-6e70-4305-a356-bcf16c433701\/fonts-api\/Unpacking\/b53b1ea606140f78df9ac3e9fa64baaaeafd130c\/quickmark.ufo\/glyphs\/F_L_203A_h.glif","\/mnt\/6c2b8804-6e70-4305-a356-bcf16c433701\/fonts-api\/Unpacking\/b53b1ea606140f78df9ac3e9fa64baaaeafd130c\/quickmark.ufo\/glyphs\/F_L_20A_C_h.glif":"\/mnt\/6c2b8804-6e70-4305-a356-bcf16c433701\/fonts-api\/Unpacking\/b53b1ea606140f78df9ac3e9fa64baaaeafd130c\/quickmark.ufo\/glyphs\/F_L_20A_C_h.glif","\/mnt\/6c2b8804-6e70-4305-a356-bcf16c433701\/fonts-api\/Unpacking\/b53b1ea606140f78df9ac3e9fa64baaaeafd130c\/quickmark.ufo\/glyphs\/F_L_2122h.glif":"\/mnt\/6c2b8804-6e70-4305-a356-bcf16c433701\/fonts-api\/Unpacking\/b53b1ea606140f78df9ac3e9fa64baaaeafd130c\/quickmark.ufo\/glyphs\/F_L_2122h.glif","\/mnt\/6c2b8804-6e70-4305-a356-bcf16c433701\/fonts-api\/Unpacking\/b53b1ea606140f78df9ac3e9fa64baaaeafd130c\/quickmark.ufo\/glyphs\/P_.glif":"\/mnt\/6c2b8804-6e70-4305-a356-bcf16c433701\/fonts-api\/Unpacking\/b53b1ea606140f78df9ac3e9fa64baaaeafd130c\/quickmark.ufo\/glyphs\/P_.glif","\/mnt\/6c2b8804-6e70-4305-a356-bcf16c433701\/fonts-api\/Unpacking\/b53b1ea606140f78df9ac3e9fa64baaaeafd130c\/quickmark.ufo\/glyphs\/R_.glif":"\/mnt\/6c2b8804-6e70-4305-a356-bcf16c433701\/fonts-api\/Unpacking\/b53b1ea606140f78df9ac3e9fa64baaaeafd130c\/quickmark.ufo\/glyphs\/R_.glif","\/mnt\/6c2b8804-6e70-4305-a356-bcf16c433701\/fonts-api\/Unpacking\/b53b1ea606140f78df9ac3e9fa64baaaeafd130c\/quickmark.ufo\/glyphs\/S_.glif":"\/mnt\/6c2b8804-6e70-4305-a356-bcf16c433701\/fonts-api\/Unpacking\/b53b1ea606140f78df9ac3e9fa64baaaeafd130c\/quickmark.ufo\/glyphs\/S_.glif","\/mnt\/6c2b8804-6e70-4305-a356-bcf16c433701\/fonts-api\/Unpacking\/b53b1ea606140f78df9ac3e9fa64baaaeafd130c\/quickmark.ufo\/glyphs\/X_.glif":"\/mnt\/6c2b8804-6e70-4305-a356-bcf16c433701\/fonts-api\/Unpacking\/b53b1ea606140f78df9ac3e9fa64baaaeafd130c\/quickmark.ufo\/glyphs\/X_.glif","\/mnt\/6c2b8804-6e70-4305-a356-bcf16c433701\/fonts-api\/Unpacking\/b53b1ea606140f78df9ac3e9fa64baaaeafd130c\/quickmark.ufo\/glyphs\/Z_.glif":"\/mnt\/6c2b8804-6e70-4305-a356-bcf16c433701\/fonts-api\/Unpacking\/b53b1ea606140f78df9ac3e9fa64baaaeafd130c\/quickmark.ufo\/glyphs\/Z_.glif","\/mnt\/6c2b8804-6e70-4305-a356-bcf16c433701\/fonts-api\/Unpacking\/b53b1ea606140f78df9ac3e9fa64baaaeafd130c\/quickmark.ufo\/glyphs\/_notdef.glif":"\/mnt\/6c2b8804-6e70-4305-a356-bcf16c433701\/fonts-api\/Unpacking\/b53b1ea606140f78df9ac3e9fa64baaaeafd130c\/quickmark.ufo\/glyphs\/_notdef.glif","\/mnt\/6c2b8804-6e70-4305-a356-bcf16c433701\/fonts-api\/Unpacking\/b53b1ea606140f78df9ac3e9fa64baaaeafd130c\/quickmark.ufo\/glyphs\/_null.glif":"\/mnt\/6c2b8804-6e70-4305-a356-bcf16c433701\/fonts-api\/Unpacking\/b53b1ea606140f78df9ac3e9fa64baaaeafd130c\/quickmark.ufo\/glyphs\/_null.glif","\/mnt\/6c2b8804-6e70-4305-a356-bcf16c433701\/fonts-api\/Unpacking\/b53b1ea606140f78df9ac3e9fa64baaaeafd130c\/quickmark.ufo\/glyphs\/_null000000000000001.glif":"\/mnt\/6c2b8804-6e70-4305-a356-bcf16c433701\/fonts-api\/Unpacking\/b53b1ea606140f78df9ac3e9fa64baaaeafd130c\/quickmark.ufo\/glyphs\/_null000000000000001.glif","\/mnt\/6c2b8804-6e70-4305-a356-bcf16c433701\/fonts-api\/Unpacking\/b53b1ea606140f78df9ac3e9fa64baaaeafd130c\/quickmark.ufo\/glyphs\/a.glif":"\/mnt\/6c2b8804-6e70-4305-a356-bcf16c433701\/fonts-api\/Unpacking\/b53b1ea606140f78df9ac3e9fa64baaaeafd130c\/quickmark.ufo\/glyphs\/a.glif","\/mnt\/6c2b8804-6e70-4305-a356-bcf16c433701\/fonts-api\/Unpacking\/b53b1ea606140f78df9ac3e9fa64baaaeafd130c\/quickmark.ufo\/glyphs\/b.glif":"\/mnt\/6c2b8804-6e70-4305-a356-bcf16c433701\/fonts-api\/Unpacking\/b53b1ea606140f78df9ac3e9fa64baaaeafd130c\/quickmark.ufo\/glyphs\/b.glif","\/mnt\/6c2b8804-6e70-4305-a356-bcf16c433701\/fonts-api\/Unpacking\/b53b1ea606140f78df9ac3e9fa64baaaeafd130c\/quickmark.ufo\/glyphs\/bracketleft.glif":"\/mnt\/6c2b8804-6e70-4305-a356-bcf16c433701\/fonts-api\/Unpacking\/b53b1ea606140f78df9ac3e9fa64baaaeafd130c\/quickmark.ufo\/glyphs\/bracketleft.glif","\/mnt\/6c2b8804-6e70-4305-a356-bcf16c433701\/fonts-api\/Unpacking\/b53b1ea606140f78df9ac3e9fa64baaaeafd130c\/quickmark.ufo\/glyphs\/c.glif":"\/mnt\/6c2b8804-6e70-4305-a356-bcf16c433701\/fonts-api\/Unpacking\/b53b1ea606140f78df9ac3e9fa64baaaeafd130c\/quickmark.ufo\/glyphs\/c.glif","\/mnt\/6c2b8804-6e70-4305-a356-bcf16c433701\/fonts-api\/Unpacking\/b53b1ea606140f78df9ac3e9fa64baaaeafd130c\/quickmark.ufo\/glyphs\/colon.glif":"\/mnt\/6c2b8804-6e70-4305-a356-bcf16c433701\/fonts-api\/Unpacking\/b53b1ea606140f78df9ac3e9fa64baaaeafd130c\/quickmark.ufo\/glyphs\/colon.glif","\/mnt\/6c2b8804-6e70-4305-a356-bcf16c433701\/fonts-api\/Unpacking\/b53b1ea606140f78df9ac3e9fa64baaaeafd130c\/quickmark.ufo\/glyphs\/comma.glif":"\/mnt\/6c2b8804-6e70-4305-a356-bcf16c433701\/fonts-api\/Unpacking\/b53b1ea606140f78df9ac3e9fa64baaaeafd130c\/quickmark.ufo\/glyphs\/comma.glif","\/mnt\/6c2b8804-6e70-4305-a356-bcf16c433701\/fonts-api\/Unpacking\/b53b1ea606140f78df9ac3e9fa64baaaeafd130c\/quickmark.ufo\/glyphs\/contents.plist":"\/mnt\/6c2b8804-6e70-4305-a356-bcf16c433701\/fonts-api\/Unpacking\/b53b1ea606140f78df9ac3e9fa64baaaeafd130c\/quickmark.ufo\/glyphs\/contents.plist","\/mnt\/6c2b8804-6e70-4305-a356-bcf16c433701\/fonts-api\/Unpacking\/b53b1ea606140f78df9ac3e9fa64baaaeafd130c\/quickmark.ufo\/glyphs\/d.glif":"\/mnt\/6c2b8804-6e70-4305-a356-bcf16c433701\/fonts-api\/Unpacking\/b53b1ea606140f78df9ac3e9fa64baaaeafd130c\/quickmark.ufo\/glyphs\/d.glif","\/mnt\/6c2b8804-6e70-4305-a356-bcf16c433701\/fonts-api\/Unpacking\/b53b1ea606140f78df9ac3e9fa64baaaeafd130c\/quickmark.ufo\/glyphs\/dollar.glif":"\/mnt\/6c2b8804-6e70-4305-a356-bcf16c433701\/fonts-api\/Unpacking\/b53b1ea606140f78df9ac3e9fa64baaaeafd130c\/quickmark.ufo\/glyphs\/dollar.glif","\/mnt\/6c2b8804-6e70-4305-a356-bcf16c433701\/fonts-api\/Unpacking\/b53b1ea606140f78df9ac3e9fa64baaaeafd130c\/quickmark.ufo\/glyphs\/e.glif":"\/mnt\/6c2b8804-6e70-4305-a356-bcf16c433701\/fonts-api\/Unpacking\/b53b1ea606140f78df9ac3e9fa64baaaeafd130c\/quickmark.ufo\/glyphs\/e.glif","\/mnt\/6c2b8804-6e70-4305-a356-bcf16c433701\/fonts-api\/Unpacking\/b53b1ea606140f78df9ac3e9fa64baaaeafd130c\/quickmark.ufo\/glyphs\/eight.glif":"\/mnt\/6c2b8804-6e70-4305-a356-bcf16c433701\/fonts-api\/Unpacking\/b53b1ea606140f78df9ac3e9fa64baaaeafd130c\/quickmark.ufo\/glyphs\/eight.glif","\/mnt\/6c2b8804-6e70-4305-a356-bcf16c433701\/fonts-api\/Unpacking\/b53b1ea606140f78df9ac3e9fa64baaaeafd130c\/quickmark.ufo\/glyphs\/equal.glif":"\/mnt\/6c2b8804-6e70-4305-a356-bcf16c433701\/fonts-api\/Unpacking\/b53b1ea606140f78df9ac3e9fa64baaaeafd130c\/quickmark.ufo\/glyphs\/equal.glif","\/mnt\/6c2b8804-6e70-4305-a356-bcf16c433701\/fonts-api\/Unpacking\/b53b1ea606140f78df9ac3e9fa64baaaeafd130c\/quickmark.ufo\/glyphs\/f.glif":"\/mnt\/6c2b8804-6e70-4305-a356-bcf16c433701\/fonts-api\/Unpacking\/b53b1ea606140f78df9ac3e9fa64baaaeafd130c\/quickmark.ufo\/glyphs\/f.glif","\/mnt\/6c2b8804-6e70-4305-a356-bcf16c433701\/fonts-api\/Unpacking\/b53b1ea606140f78df9ac3e9fa64baaaeafd130c\/quickmark.ufo\/glyphs\/five.glif":"\/mnt\/6c2b8804-6e70-4305-a356-bcf16c433701\/fonts-api\/Unpacking\/b53b1ea606140f78df9ac3e9fa64baaaeafd130c\/quickmark.ufo\/glyphs\/five.glif","\/mnt\/6c2b8804-6e70-4305-a356-bcf16c433701\/fonts-api\/Unpacking\/b53b1ea606140f78df9ac3e9fa64baaaeafd130c\/quickmark.ufo\/glyphs\/four.glif":"\/mnt\/6c2b8804-6e70-4305-a356-bcf16c433701\/fonts-api\/Unpacking\/b53b1ea606140f78df9ac3e9fa64baaaeafd130c\/quickmark.ufo\/glyphs\/four.glif","\/mnt\/6c2b8804-6e70-4305-a356-bcf16c433701\/fonts-api\/Unpacking\/b53b1ea606140f78df9ac3e9fa64baaaeafd130c\/quickmark.ufo\/glyphs\/g.glif":"\/mnt\/6c2b8804-6e70-4305-a356-bcf16c433701\/fonts-api\/Unpacking\/b53b1ea606140f78df9ac3e9fa64baaaeafd130c\/quickmark.ufo\/glyphs\/g.glif","\/mnt\/6c2b8804-6e70-4305-a356-bcf16c433701\/fonts-api\/Unpacking\/b53b1ea606140f78df9ac3e9fa64baaaeafd130c\/quickmark.ufo\/glyphs\/greaterequal.glif":"\/mnt\/6c2b8804-6e70-4305-a356-bcf16c433701\/fonts-api\/Unpacking\/b53b1ea606140f78df9ac3e9fa64baaaeafd130c\/quickmark.ufo\/glyphs\/greaterequal.glif","\/mnt\/6c2b8804-6e70-4305-a356-bcf16c433701\/fonts-api\/Unpacking\/b53b1ea606140f78df9ac3e9fa64baaaeafd130c\/quickmark.ufo\/glyphs\/h.glif":"\/mnt\/6c2b8804-6e70-4305-a356-bcf16c433701\/fonts-api\/Unpacking\/b53b1ea606140f78df9ac3e9fa64baaaeafd130c\/quickmark.ufo\/glyphs\/h.glif","\/mnt\/6c2b8804-6e70-4305-a356-bcf16c433701\/fonts-api\/Unpacking\/b53b1ea606140f78df9ac3e9fa64baaaeafd130c\/quickmark.ufo\/glyphs\/i.glif":"\/mnt\/6c2b8804-6e70-4305-a356-bcf16c433701\/fonts-api\/Unpacking\/b53b1ea606140f78df9ac3e9fa64baaaeafd130c\/quickmark.ufo\/glyphs\/i.glif","\/mnt\/6c2b8804-6e70-4305-a356-bcf16c433701\/fonts-api\/Unpacking\/b53b1ea606140f78df9ac3e9fa64baaaeafd130c\/quickmark.ufo\/glyphs\/j.glif":"\/mnt\/6c2b8804-6e70-4305-a356-bcf16c433701\/fonts-api\/Unpacking\/b53b1ea606140f78df9ac3e9fa64baaaeafd130c\/quickmark.ufo\/glyphs\/j.glif","\/mnt\/6c2b8804-6e70-4305-a356-bcf16c433701\/fonts-api\/Unpacking\/b53b1ea606140f78df9ac3e9fa64baaaeafd130c\/quickmark.ufo\/glyphs\/k.glif":"\/mnt\/6c2b8804-6e70-4305-a356-bcf16c433701\/fonts-api\/Unpacking\/b53b1ea606140f78df9ac3e9fa64baaaeafd130c\/quickmark.ufo\/glyphs\/k.glif","\/mnt\/6c2b8804-6e70-4305-a356-bcf16c433701\/fonts-api\/Unpacking\/b53b1ea606140f78df9ac3e9fa64baaaeafd130c\/quickmark.ufo\/glyphs\/lessequal.glif":"\/mnt\/6c2b8804-6e70-4305-a356-bcf16c433701\/fonts-api\/Unpacking\/b53b1ea606140f78df9ac3e9fa64baaaeafd130c\/quickmark.ufo\/glyphs\/lessequal.glif","\/mnt\/6c2b8804-6e70-4305-a356-bcf16c433701\/fonts-api\/Unpacking\/b53b1ea606140f78df9ac3e9fa64baaaeafd130c\/quickmark.ufo\/glyphs\/m.glif":"\/mnt\/6c2b8804-6e70-4305-a356-bcf16c433701\/fonts-api\/Unpacking\/b53b1ea606140f78df9ac3e9fa64baaaeafd130c\/quickmark.ufo\/glyphs\/m.glif","\/mnt\/6c2b8804-6e70-4305-a356-bcf16c433701\/fonts-api\/Unpacking\/b53b1ea606140f78df9ac3e9fa64baaaeafd130c\/quickmark.ufo\/glyphs\/mu.glif":"\/mnt\/6c2b8804-6e70-4305-a356-bcf16c433701\/fonts-api\/Unpacking\/b53b1ea606140f78df9ac3e9fa64baaaeafd130c\/quickmark.ufo\/glyphs\/mu.glif","\/mnt\/6c2b8804-6e70-4305-a356-bcf16c433701\/fonts-api\/Unpacking\/b53b1ea606140f78df9ac3e9fa64baaaeafd130c\/quickmark.ufo\/glyphs\/n.glif":"\/mnt\/6c2b8804-6e70-4305-a356-bcf16c433701\/fonts-api\/Unpacking\/b53b1ea606140f78df9ac3e9fa64baaaeafd130c\/quickmark.ufo\/glyphs\/n.glif","\/mnt\/6c2b8804-6e70-4305-a356-bcf16c433701\/fonts-api\/Unpacking\/b53b1ea606140f78df9ac3e9fa64baaaeafd130c\/quickmark.ufo\/glyphs\/nine.glif":"\/mnt\/6c2b8804-6e70-4305-a356-bcf16c433701\/fonts-api\/Unpacking\/b53b1ea606140f78df9ac3e9fa64baaaeafd130c\/quickmark.ufo\/glyphs\/nine.glif","\/mnt\/6c2b8804-6e70-4305-a356-bcf16c433701\/fonts-api\/Unpacking\/b53b1ea606140f78df9ac3e9fa64baaaeafd130c\/quickmark.ufo\/glyphs\/nonmarkingreturn.glif":"\/mnt\/6c2b8804-6e70-4305-a356-bcf16c433701\/fonts-api\/Unpacking\/b53b1ea606140f78df9ac3e9fa64baaaeafd130c\/quickmark.ufo\/glyphs\/nonmarkingreturn.glif","\/mnt\/6c2b8804-6e70-4305-a356-bcf16c433701\/fonts-api\/Unpacking\/b53b1ea606140f78df9ac3e9fa64baaaeafd130c\/quickmark.ufo\/glyphs\/numbersign.glif":"\/mnt\/6c2b8804-6e70-4305-a356-bcf16c433701\/fonts-api\/Unpacking\/b53b1ea606140f78df9ac3e9fa64baaaeafd130c\/quickmark.ufo\/glyphs\/numbersign.glif","\/mnt\/6c2b8804-6e70-4305-a356-bcf16c433701\/fonts-api\/Unpacking\/b53b1ea606140f78df9ac3e9fa64baaaeafd130c\/quickmark.ufo\/glyphs\/o.glif":"\/mnt\/6c2b8804-6e70-4305-a356-bcf16c433701\/fonts-api\/Unpacking\/b53b1ea606140f78df9ac3e9fa64baaaeafd130c\/quickmark.ufo\/glyphs\/o.glif","\/mnt\/6c2b8804-6e70-4305-a356-bcf16c433701\/fonts-api\/Unpacking\/b53b1ea606140f78df9ac3e9fa64baaaeafd130c\/quickmark.ufo\/glyphs\/one.glif":"\/mnt\/6c2b8804-6e70-4305-a356-bcf16c433701\/fonts-api\/Unpacking\/b53b1ea606140f78df9ac3e9fa64baaaeafd130c\/quickmark.ufo\/glyphs\/one.glif","\/mnt\/6c2b8804-6e70-4305-a356-bcf16c433701\/fonts-api\/Unpacking\/b53b1ea606140f78df9ac3e9fa64baaaeafd130c\/quickmark.ufo\/glyphs\/p.glif":"\/mnt\/6c2b8804-6e70-4305-a356-bcf16c433701\/fonts-api\/Unpacking\/b53b1ea606140f78df9ac3e9fa64baaaeafd130c\/quickmark.ufo\/glyphs\/p.glif","\/mnt\/6c2b8804-6e70-4305-a356-bcf16c433701\/fonts-api\/Unpacking\/b53b1ea606140f78df9ac3e9fa64baaaeafd130c\/quickmark.ufo\/glyphs\/parenleft.glif":"\/mnt\/6c2b8804-6e70-4305-a356-bcf16c433701\/fonts-api\/Unpacking\/b53b1ea606140f78df9ac3e9fa64baaaeafd130c\/quickmark.ufo\/glyphs\/parenleft.glif","\/mnt\/6c2b8804-6e70-4305-a356-bcf16c433701\/fonts-api\/Unpacking\/b53b1ea606140f78df9ac3e9fa64baaaeafd130c\/quickmark.ufo\/glyphs\/parenright.glif":"\/mnt\/6c2b8804-6e70-4305-a356-bcf16c433701\/fonts-api\/Unpacking\/b53b1ea606140f78df9ac3e9fa64baaaeafd130c\/quickmark.ufo\/glyphs\/parenright.glif","\/mnt\/6c2b8804-6e70-4305-a356-bcf16c433701\/fonts-api\/Unpacking\/b53b1ea606140f78df9ac3e9fa64baaaeafd130c\/quickmark.ufo\/glyphs\/period.glif":"\/mnt\/6c2b8804-6e70-4305-a356-bcf16c433701\/fonts-api\/Unpacking\/b53b1ea606140f78df9ac3e9fa64baaaeafd130c\/quickmark.ufo\/glyphs\/period.glif","\/mnt\/6c2b8804-6e70-4305-a356-bcf16c433701\/fonts-api\/Unpacking\/b53b1ea606140f78df9ac3e9fa64baaaeafd130c\/quickmark.ufo\/glyphs\/q.glif":"\/mnt\/6c2b8804-6e70-4305-a356-bcf16c433701\/fonts-api\/Unpacking\/b53b1ea606140f78df9ac3e9fa64baaaeafd130c\/quickmark.ufo\/glyphs\/q.glif","\/mnt\/6c2b8804-6e70-4305-a356-bcf16c433701\/fonts-api\/Unpacking\/b53b1ea606140f78df9ac3e9fa64baaaeafd130c\/quickmark.ufo\/glyphs\/question.glif":"\/mnt\/6c2b8804-6e70-4305-a356-bcf16c433701\/fonts-api\/Unpacking\/b53b1ea606140f78df9ac3e9fa64baaaeafd130c\/quickmark.ufo\/glyphs\/question.glif","\/mnt\/6c2b8804-6e70-4305-a356-bcf16c433701\/fonts-api\/Unpacking\/b53b1ea606140f78df9ac3e9fa64baaaeafd130c\/quickmark.ufo\/glyphs\/quotedbl.glif":"\/mnt\/6c2b8804-6e70-4305-a356-bcf16c433701\/fonts-api\/Unpacking\/b53b1ea606140f78df9ac3e9fa64baaaeafd130c\/quickmark.ufo\/glyphs\/quotedbl.glif","\/mnt\/6c2b8804-6e70-4305-a356-bcf16c433701\/fonts-api\/Unpacking\/b53b1ea606140f78df9ac3e9fa64baaaeafd130c\/quickmark.ufo\/glyphs\/quotesingle.glif":"\/mnt\/6c2b8804-6e70-4305-a356-bcf16c433701\/fonts-api\/Unpacking\/b53b1ea606140f78df9ac3e9fa64baaaeafd130c\/quickmark.ufo\/glyphs\/quotesingle.glif","\/mnt\/6c2b8804-6e70-4305-a356-bcf16c433701\/fonts-api\/Unpacking\/b53b1ea606140f78df9ac3e9fa64baaaeafd130c\/quickmark.ufo\/glyphs\/r.glif":"\/mnt\/6c2b8804-6e70-4305-a356-bcf16c433701\/fonts-api\/Unpacking\/b53b1ea606140f78df9ac3e9fa64baaaeafd130c\/quickmark.ufo\/glyphs\/r.glif","\/mnt\/6c2b8804-6e70-4305-a356-bcf16c433701\/fonts-api\/Unpacking\/b53b1ea606140f78df9ac3e9fa64baaaeafd130c\/quickmark.ufo\/glyphs\/s.glif":"\/mnt\/6c2b8804-6e70-4305-a356-bcf16c433701\/fonts-api\/Unpacking\/b53b1ea606140f78df9ac3e9fa64baaaeafd130c\/quickmark.ufo\/glyphs\/s.glif","\/mnt\/6c2b8804-6e70-4305-a356-bcf16c433701\/fonts-api\/Unpacking\/b53b1ea606140f78df9ac3e9fa64baaaeafd130c\/quickmark.ufo\/glyphs\/semicolon.glif":"\/mnt\/6c2b8804-6e70-4305-a356-bcf16c433701\/fonts-api\/Unpacking\/b53b1ea606140f78df9ac3e9fa64baaaeafd130c\/quickmark.ufo\/glyphs\/semicolon.glif","\/mnt\/6c2b8804-6e70-4305-a356-bcf16c433701\/fonts-api\/Unpacking\/b53b1ea606140f78df9ac3e9fa64baaaeafd130c\/quickmark.ufo\/glyphs\/seven.glif":"\/mnt\/6c2b8804-6e70-4305-a356-bcf16c433701\/fonts-api\/Unpacking\/b53b1ea606140f78df9ac3e9fa64baaaeafd130c\/quickmark.ufo\/glyphs\/seven.glif","\/mnt\/6c2b8804-6e70-4305-a356-bcf16c433701\/fonts-api\/Unpacking\/b53b1ea606140f78df9ac3e9fa64baaaeafd130c\/quickmark.ufo\/glyphs\/six.glif":"\/mnt\/6c2b8804-6e70-4305-a356-bcf16c433701\/fonts-api\/Unpacking\/b53b1ea606140f78df9ac3e9fa64baaaeafd130c\/quickmark.ufo\/glyphs\/six.glif","\/mnt\/6c2b8804-6e70-4305-a356-bcf16c433701\/fonts-api\/Unpacking\/b53b1ea606140f78df9ac3e9fa64baaaeafd130c\/quickmark.ufo\/glyphs\/space.glif":"\/mnt\/6c2b8804-6e70-4305-a356-bcf16c433701\/fonts-api\/Unpacking\/b53b1ea606140f78df9ac3e9fa64baaaeafd130c\/quickmark.ufo\/glyphs\/space.glif","\/mnt\/6c2b8804-6e70-4305-a356-bcf16c433701\/fonts-api\/Unpacking\/b53b1ea606140f78df9ac3e9fa64baaaeafd130c\/quickmark.ufo\/glyphs\/t.glif":"\/mnt\/6c2b8804-6e70-4305-a356-bcf16c433701\/fonts-api\/Unpacking\/b53b1ea606140f78df9ac3e9fa64baaaeafd130c\/quickmark.ufo\/glyphs\/t.glif","\/mnt\/6c2b8804-6e70-4305-a356-bcf16c433701\/fonts-api\/Unpacking\/b53b1ea606140f78df9ac3e9fa64baaaeafd130c\/quickmark.ufo\/glyphs\/three.glif":"\/mnt\/6c2b8804-6e70-4305-a356-bcf16c433701\/fonts-api\/Unpacking\/b53b1ea606140f78df9ac3e9fa64baaaeafd130c\/quickmark.ufo\/glyphs\/three.glif","\/mnt\/6c2b8804-6e70-4305-a356-bcf16c433701\/fonts-api\/Unpacking\/b53b1ea606140f78df9ac3e9fa64baaaeafd130c\/quickmark.ufo\/glyphs\/two.glif":"\/mnt\/6c2b8804-6e70-4305-a356-bcf16c433701\/fonts-api\/Unpacking\/b53b1ea606140f78df9ac3e9fa64baaaeafd130c\/quickmark.ufo\/glyphs\/two.glif","\/mnt\/6c2b8804-6e70-4305-a356-bcf16c433701\/fonts-api\/Unpacking\/b53b1ea606140f78df9ac3e9fa64baaaeafd130c\/quickmark.ufo\/glyphs\/u.glif":"\/mnt\/6c2b8804-6e70-4305-a356-bcf16c433701\/fonts-api\/Unpacking\/b53b1ea606140f78df9ac3e9fa64baaaeafd130c\/quickmark.ufo\/glyphs\/u.glif","\/mnt\/6c2b8804-6e70-4305-a356-bcf16c433701\/fonts-api\/Unpacking\/b53b1ea606140f78df9ac3e9fa64baaaeafd130c\/quickmark.ufo\/glyphs\/underscore.glif":"\/mnt\/6c2b8804-6e70-4305-a356-bcf16c433701\/fonts-api\/Unpacking\/b53b1ea606140f78df9ac3e9fa64baaaeafd130c\/quickmark.ufo\/glyphs\/underscore.glif","\/mnt\/6c2b8804-6e70-4305-a356-bcf16c433701\/fonts-api\/Unpacking\/b53b1ea606140f78df9ac3e9fa64baaaeafd130c\/quickmark.ufo\/glyphs\/v.glif":"\/mnt\/6c2b8804-6e70-4305-a356-bcf16c433701\/fonts-api\/Unpacking\/b53b1ea606140f78df9ac3e9fa64baaaeafd130c\/quickmark.ufo\/glyphs\/v.glif","\/mnt\/6c2b8804-6e70-4305-a356-bcf16c433701\/fonts-api\/Unpacking\/b53b1ea606140f78df9ac3e9fa64baaaeafd130c\/quickmark.ufo\/glyphs\/w.glif":"\/mnt\/6c2b8804-6e70-4305-a356-bcf16c433701\/fonts-api\/Unpacking\/b53b1ea606140f78df9ac3e9fa64baaaeafd130c\/quickmark.ufo\/glyphs\/w.glif","\/mnt\/6c2b8804-6e70-4305-a356-bcf16c433701\/fonts-api\/Unpacking\/b53b1ea606140f78df9ac3e9fa64baaaeafd130c\/quickmark.ufo\/glyphs\/x.glif":"\/mnt\/6c2b8804-6e70-4305-a356-bcf16c433701\/fonts-api\/Unpacking\/b53b1ea606140f78df9ac3e9fa64baaaeafd130c\/quickmark.ufo\/glyphs\/x.glif","\/mnt\/6c2b8804-6e70-4305-a356-bcf16c433701\/fonts-api\/Unpacking\/b53b1ea606140f78df9ac3e9fa64baaaeafd130c\/quickmark.ufo\/glyphs\/y.glif":"\/mnt\/6c2b8804-6e70-4305-a356-bcf16c433701\/fonts-api\/Unpacking\/b53b1ea606140f78df9ac3e9fa64baaaeafd130c\/quickmark.ufo\/glyphs\/y.glif","\/mnt\/6c2b8804-6e70-4305-a356-bcf16c433701\/fonts-api\/Unpacking\/b53b1ea606140f78df9ac3e9fa64baaaeafd130c\/quickmark.ufo\/glyphs\/yen.glif":"\/mnt\/6c2b8804-6e70-4305-a356-bcf16c433701\/fonts-api\/Unpacking\/b53b1ea606140f78df9ac3e9fa64baaaeafd130c\/quickmark.ufo\/glyphs\/yen.glif","\/mnt\/6c2b8804-6e70-4305-a356-bcf16c433701\/fonts-api\/Unpacking\/b53b1ea606140f78df9ac3e9fa64baaaeafd130c\/quickmark.ufo\/glyphs\/z.glif":"\/mnt\/6c2b8804-6e70-4305-a356-bcf16c433701\/fonts-api\/Unpacking\/b53b1ea606140f78df9ac3e9fa64baaaeafd130c\/quickmark.ufo\/glyphs\/z.glif"},"Font":null,"Licences":{"":false},"Table":{"FFTM":{"entryLength":16,"tag":"FFTM","checksum":2122023769,"offset":18984,"length":28},"GDEF":{"entryLength":16,"tag":"GDEF","checksum":2556136,"offset":18952,"length":30},"OS\/2":{"entryLength":16,"tag":"OS\/2","checksum":1452508084,"offset":344,"length":86},"cmap":{"entryLength":16,"tag":"cmap","checksum":1520838398,"offset":1336,"length":490},"gasp":{"entryLength":16,"tag":"gasp","checksum":4294901763,"offset":18944,"length":8},"glyf":{"entryLength":16,"tag":"glyf","checksum":1243017337,"offset":2284,"length":14348},"head":{"entryLength":16,"tag":"head","checksum":284241272,"offset":220,"length":54},"hhea":{"entryLength":16,"tag":"hhea","checksum":192153542,"offset":276,"length":36},"hmtx":{"entryLength":16,"tag":"hmtx","checksum":1055860496,"offset":432,"length":904},"loca":{"entryLength":16,"tag":"loca","checksum":4160088850,"offset":1828,"length":454},"maxp":{"entryLength":16,"tag":"maxp","checksum":19988697,"offset":312,"length":32},"name":{"entryLength":16,"tag":"name","checksum":3419753191,"offset":16632,"length":534},"post":{"entryLength":16,"tag":"post","checksum":1234596012,"offset":17168,"length":1774}},"UnicodeCharMap":{"0":225,"13":2,"32":3,"34":5,"35":6,"36":7,"39":10,"40":11,"41":12,"44":15,"46":17,"49":20,"50":21,"51":22,"52":23,"53":24,"54":25,"55":26,"56":27,"57":28,"58":29,"59":30,"61":32,"63":34,"65":36,"66":37,"69":40,"80":51,"82":53,"83":54,"88":59,"90":61,"91":62,"95":66,"97":68,"98":69,"99":70,"100":71,"101":72,"102":73,"103":74,"104":75,"105":76,"106":77,"107":78,"109":80,"110":81,"111":82,"112":83,"113":84,"114":85,"115":86,"116":87,"117":88,"118":89,"119":90,"120":91,"121":92,"122":93,"165":223,"181":224,"8804":221,"8805":222},"Reserves":null,"Names":[],"Nodes":[],"Contributors":[],"FontIdentity":"3db6b730fda0b6e7c3004a6d49c77c55","Bytes":1757328,"Networking":null,"barcode":null,"referee":null}