{"CSS":{"Archer-ExtraLightItalic":"Archer-ExtraLightItalic.css"},"FontType":"TrueType","FontCopyright":"Copyright (C) 2000, 2007 Hoefler & Frere-Jones. http:\/\/www.typography.com","FontName":"Archer Extra Light","FontSubfamily":"Italic","FontSubfamilyID":"H&FJ: Archer Extra Light Italic: 1.200","FontFullName":"Archer-ExtraLightItalic","FontVersion":"Version 1.200 Pro","FontWeight":null,"FontPostscriptName":"Archer-ExtraLightItalic","Files":{"Font Preview for .gif":"Font Preview for .gif","Font Preview for .jpg":"Font Preview for .jpg","Font Preview for .png":"Font Preview for .png","Tulpen One.css":"Tulpen One.css","font-name-banner.gif":"font-name-banner.gif","font-name-banner.jpg":"font-name-banner.jpg","font-name-banner.png":"font-name-banner.png","font-resource.json":"font-resource.json","tulpenone-regular.afm":"tulpenone-regular.afm","tulpenone-regular.bin":"tulpenone-regular.bin","tulpenone-regular.cef":"tulpenone-regular.cef","tulpenone-regular.cff":"tulpenone-regular.cff","tulpenone-regular.dfont":"tulpenone-regular.dfont","tulpenone-regular.eot":"tulpenone-regular.eot","tulpenone-regular.fon":"tulpenone-regular.fon","tulpenone-regular.gai":"tulpenone-regular.gai","tulpenone-regular.gsf":"tulpenone-regular.gsf","tulpenone-regular.hqx":"tulpenone-regular.hqx","tulpenone-regular.ik":"tulpenone-regular.ik","tulpenone-regular.mf":"tulpenone-regular.mf","tulpenone-regular.otf":"tulpenone-regular.otf","tulpenone-regular.pcf":"tulpenone-regular.pcf","tulpenone-regular.pf3":"tulpenone-regular.pf3","tulpenone-regular.pfa":"tulpenone-regular.pfa","tulpenone-regular.pfb":"tulpenone-regular.pfb","tulpenone-regular.pmf":"tulpenone-regular.pmf","tulpenone-regular.pt3":"tulpenone-regular.pt3","tulpenone-regular.sfd":"tulpenone-regular.sfd","tulpenone-regular.svg":"tulpenone-regular.svg","tulpenone-regular.t42":"tulpenone-regular.t42","tulpenone-regular.ttd":"tulpenone-regular.ttd","tulpenone-regular.ttf":"tulpenone-regular.ttf","tulpenone-regular.ttg":"tulpenone-regular.ttg","tulpenone-regular.woff":"tulpenone-regular.woff"},"Table":{"FFTM":{"entryLength":16,"tag":"FFTM","checksum":1403008952,"offset":99884,"length":28},"GDEF":{"entryLength":16,"tag":"GDEF","checksum":207948280,"offset":67968,"length":80},"GPOS":{"entryLength":16,"tag":"GPOS","checksum":1631448802,"offset":71868,"length":28014},"GSUB":{"entryLength":16,"tag":"GSUB","checksum":2184346303,"offset":68048,"length":3818},"OS\/2":{"entryLength":16,"tag":"OS\/2","checksum":1492528890,"offset":376,"length":96},"cmap":{"entryLength":16,"tag":"cmap","checksum":2964639381,"offset":2656,"length":926},"gasp":{"entryLength":16,"tag":"gasp","checksum":4294901763,"offset":67960,"length":8},"glyf":{"entryLength":16,"tag":"glyf","checksum":4105416699,"offset":4744,"length":56504},"head":{"entryLength":16,"tag":"head","checksum":148514338,"offset":252,"length":54},"hhea":{"entryLength":16,"tag":"hhea","checksum":127075652,"offset":308,"length":36},"hmtx":{"entryLength":16,"tag":"hmtx","checksum":4080164833,"offset":472,"length":2182},"loca":{"entryLength":16,"tag":"loca","checksum":3829902606,"offset":3584,"length":1158},"maxp":{"entryLength":16,"tag":"maxp","checksum":43253955,"offset":344,"length":32},"name":{"entryLength":16,"tag":"name","checksum":3267441679,"offset":61248,"length":2148},"post":{"entryLength":16,"tag":"post","checksum":1821102470,"offset":63396,"length":4562}},"UnicodeCharMap":{"32":3,"33":4,"34":5,"35":6,"36":7,"37":8,"38":9,"39":10,"40":11,"41":12,"42":13,"43":14,"44":15,"45":16,"46":17,"47":18,"48":19,"49":20,"50":21,"51":22,"52":23,"53":24,"54":25,"55":26,"56":27,"57":28,"58":29,"59":30,"60":31,"61":32,"62":33,"63":34,"64":35,"65":36,"66":37,"67":38,"68":39,"69":40,"70":41,"71":42,"72":43,"73":44,"74":45,"75":46,"76":47,"77":48,"78":49,"79":50,"80":51,"81":52,"82":53,"83":54,"84":55,"85":56,"86":57,"87":58,"88":59,"89":60,"90":61,"91":62,"92":63,"93":64,"94":65,"95":66,"96":67,"97":68,"98":69,"99":70,"100":71,"101":72,"102":73,"103":74,"104":75,"105":76,"106":77,"107":78,"108":79,"109":80,"110":81,"111":82,"112":83,"113":84,"114":85,"115":86,"116":87,"117":88,"118":89,"119":90,"120":91,"121":92,"122":93,"123":94,"124":95,"125":96,"126":97,"160":98,"161":99,"162":100,"163":101,"165":102,"167":103,"168":104,"169":105,"170":106,"171":107,"174":108,"175":109,"176":110,"177":111,"178":112,"179":113,"180":114,"182":115,"183":116,"184":117,"185":118,"186":119,"187":120,"188":121,"189":122,"190":123,"191":124,"192":125,"193":126,"194":127,"195":128,"196":129,"197":130,"198":131,"199":132,"200":133,"201":134,"202":135,"203":136,"204":137,"205":138,"206":139,"207":140,"208":141,"209":142,"210":143,"211":144,"212":145,"213":146,"214":147,"215":148,"216":149,"217":150,"218":151,"219":152,"220":153,"221":154,"222":155,"223":156,"224":157,"225":158,"226":159,"227":160,"228":161,"229":162,"230":163,"231":164,"232":165,"233":166,"234":167,"235":168,"236":169,"237":170,"238":171,"239":172,"240":173,"241":174,"242":175,"243":176,"244":177,"245":178,"246":179,"247":180,"248":181,"249":182,"250":183,"251":184,"252":185,"253":186,"254":187,"255":188,"256":189,"257":190,"258":191,"259":192,"260":193,"261":194,"262":195,"263":196,"266":197,"267":198,"268":199,"269":200,"270":201,"271":202,"272":203,"273":204,"274":205,"275":206,"276":207,"277":208,"278":209,"279":210,"280":211,"281":212,"282":213,"283":214,"286":215,"287":216,"288":217,"289":218,"290":219,"291":220,"294":221,"295":222,"298":223,"299":224,"300":225,"301":226,"302":227,"303":228,"304":229,"305":230,"310":231,"311":232,"313":233,"314":234,"315":235,"316":236,"317":237,"318":238,"319":239,"320":240,"321":241,"322":242,"323":243,"324":244,"325":245,"326":246,"327":247,"328":248,"332":249,"333":250,"334":251,"335":252,"336":253,"337":254,"338":255,"339":256,"340":257,"341":258,"342":259,"343":260,"344":261,"345":262,"346":263,"347":264,"350":265,"351":266,"352":267,"353":268,"354":269,"355":270,"356":271,"357":272,"362":273,"363":274,"364":275,"365":276,"366":277,"367":278,"368":279,"369":280,"370":281,"371":282,"372":283,"373":284,"374":285,"375":286,"376":287,"377":288,"378":289,"379":290,"380":291,"381":292,"382":293,"506":294,"507":295,"508":296,"509":297,"510":298,"511":299,"536":300,"537":301,"601":302,"710":303,"711":304,"728":305,"729":306,"730":307,"731":308,"732":309,"733":310,"806":311,"7808":312,"7809":313,"7810":314,"7811":315,"7812":316,"7813":317,"7922":318,"7923":319,"8194":320,"8195":321,"8196":322,"8197":323,"8199":324,"8201":325,"8202":326,"8211":327,"8212":328,"8216":329,"8217":330,"8218":331,"8220":332,"8221":333,"8222":334,"8224":335,"8225":336,"8226":337,"8230":338,"8240":339,"8249":340,"8250":341,"8260":342,"8304":343,"8308":344,"8309":345,"8310":346,"8311":347,"8312":348,"8313":349,"8320":350,"8321":351,"8322":352,"8323":353,"8324":354,"8325":355,"8326":356,"8327":357,"8328":358,"8329":359,"8364":360,"8471":361,"8480":362,"8482":363,"8531":364,"8532":365,"8533":366,"8534":367,"8535":368,"8536":369,"8537":370,"8538":371,"8539":372,"8540":373,"8541":374,"8542":375,"8722":376,"64256":377,"64257":378,"64258":379,"64259":380,"64260":381},"Reserves":{"fontname":"Archer-ExtraLightItalic"},"Names":{"Archer-ExtraLightItalic":{"name":"Archer-ExtraLightItalic","longitude":null,"latitude":null,"country":"","region":"","city":""}},"Nodes":{"ar":{"type":"typal","node":"ar","usage":1,"weight":1},"er":{"type":"typal","node":"er","usage":1,"weight":1},"ex":{"type":"typal","node":"ex","usage":1,"weight":1},"ic":{"type":"typal","node":"ic","usage":1,"weight":1},"arc":{"type":"typal","node":"arc","usage":1,"weight":1},"her":{"type":"typal","node":"her","usage":1,"weight":1},"ext":{"type":"typal","node":"ext","usage":1,"weight":1},"lic":{"type":"typal","node":"lic","usage":1,"weight":1},"arch":{"type":"keys","node":"arch","usage":1,"weight":1},"cher":{"type":"keys","node":"cher","usage":1,"weight":1},"extr":{"type":"keys","node":"extr","usage":1,"weight":1},"alic":{"type":"keys","node":"alic","usage":1,"weight":1},"arche":{"type":"keys","node":"arche","usage":1,"weight":1},"rcher":{"type":"keys","node":"rcher","usage":1,"weight":1},"extra":{"type":"keys","node":"extra","usage":1,"weight":1},"talic":{"type":"keys","node":"talic","usage":1,"weight":1},"archer":{"type":"fixes","node":"archer","usage":1,"weight":1},"extralightitalic":{"type":"fixes","node":"extralightitalic","usage":1,"weight":1}},"Contributors":[],"FontIdentity":"b0e06303be0e0ac5332ded53e7d52427","Bytes":null,"Networking":[]}