{"CSS":{"Briem Script Std Regular":"thatcher0:4d81dc5c4a505fcf0cdb3b.css"},"FontType":"TrueType","FontCopyright":"Copyright 1996, 2002 Adobe Systems Incorporated. All rights reserved. Briem is a registered trademark of Gunnlaugur SE Briem.","FontName":"Briem Script Std Regular","FontSubfamily":"Regular","FontSubfamilyID":"FontForge 2.0 : Briem Script Std Regular : 28-8-2016","FontFullName":"Briem Script Std Regular","FontVersion":"Version 002.000 ","FontWeight":null,"FontPostscriptName":"BriemScriptStd-Regular","Files":{"\/Briem Script Std Regular.css":"\/Briem Script Std Regular.css","\/briemscriptstd-regular.afm":"\/briemscriptstd-regular.afm","\/briemscriptstd-regular.cef":"\/briemscriptstd-regular.cef","\/briemscriptstd-regular.cff":"\/briemscriptstd-regular.cff","\/briemscriptstd-regular.eot":"\/briemscriptstd-regular.eot","\/briemscriptstd-regular.gai":"\/briemscriptstd-regular.gai","\/briemscriptstd-regular.gsf":"\/briemscriptstd-regular.gsf","\/briemscriptstd-regular.otf":"\/briemscriptstd-regular.otf","\/briemscriptstd-regular.pf3":"\/briemscriptstd-regular.pf3","\/briemscriptstd-regular.pfa":"\/briemscriptstd-regular.pfa","\/briemscriptstd-regular.pfb":"\/briemscriptstd-regular.pfb","\/briemscriptstd-regular.php":"\/briemscriptstd-regular.php","\/briemscriptstd-regular.pt3":"\/briemscriptstd-regular.pt3","\/briemscriptstd-regular.sfd":"\/briemscriptstd-regular.sfd","\/briemscriptstd-regular.svg":"\/briemscriptstd-regular.svg","\/briemscriptstd-regular.t42":"\/briemscriptstd-regular.t42","\/briemscriptstd-regular.ttd":"\/briemscriptstd-regular.ttd","\/briemscriptstd-regular.ttf":"\/briemscriptstd-regular.ttf","\/briemscriptstd-regular.ttg":"\/briemscriptstd-regular.ttg","\/briemscriptstd-regular.ufm":"\/briemscriptstd-regular.ufm","\/briemscriptstd-regular.woff":"\/briemscriptstd-regular.woff","\/briemscriptstd-regular.z":"\/briemscriptstd-regular.z","\/font-resource.json":"\/font-resource.json","\/briemscriptstd-regular.ufo\/feature.fea":"\/briemscriptstd-regular.ufo\/feature.fea","\/briemscriptstd-regular.ufo\/fontinfo.plist":"\/briemscriptstd-regular.ufo\/fontinfo.plist","\/briemscriptstd-regular.ufo\/groups.plist":"\/briemscriptstd-regular.ufo\/groups.plist","\/briemscriptstd-regular.ufo\/kerning.plist":"\/briemscriptstd-regular.ufo\/kerning.plist","\/briemscriptstd-regular.ufo\/metainfo.plist":"\/briemscriptstd-regular.ufo\/metainfo.plist","\/briemscriptstd-regular.ufo\/glyphs\/A_.glif":"\/briemscriptstd-regular.ufo\/glyphs\/A_.glif","\/briemscriptstd-regular.ufo\/glyphs\/A_.sc.glif":"\/briemscriptstd-regular.ufo\/glyphs\/A_.sc.glif","\/briemscriptstd-regular.ufo\/glyphs\/A_E_.glif":"\/briemscriptstd-regular.ufo\/glyphs\/A_E_.glif","\/briemscriptstd-regular.ufo\/glyphs\/A_E_.sc.glif":"\/briemscriptstd-regular.ufo\/glyphs\/A_E_.sc.glif","\/briemscriptstd-regular.ufo\/glyphs\/A_acute.glif":"\/briemscriptstd-regular.ufo\/glyphs\/A_acute.glif","\/briemscriptstd-regular.ufo\/glyphs\/A_acute.sc.glif":"\/briemscriptstd-regular.ufo\/glyphs\/A_acute.sc.glif","\/briemscriptstd-regular.ufo\/glyphs\/A_circumflex.glif":"\/briemscriptstd-regular.ufo\/glyphs\/A_circumflex.glif","\/briemscriptstd-regular.ufo\/glyphs\/A_circumflex.sc.glif":"\/briemscriptstd-regular.ufo\/glyphs\/A_circumflex.sc.glif","\/briemscriptstd-regular.ufo\/glyphs\/A_dieresis.glif":"\/briemscriptstd-regular.ufo\/glyphs\/A_dieresis.glif","\/briemscriptstd-regular.ufo\/glyphs\/A_dieresis.sc.glif":"\/briemscriptstd-regular.ufo\/glyphs\/A_dieresis.sc.glif","\/briemscriptstd-regular.ufo\/glyphs\/A_grave.glif":"\/briemscriptstd-regular.ufo\/glyphs\/A_grave.glif","\/briemscriptstd-regular.ufo\/glyphs\/A_grave.sc.glif":"\/briemscriptstd-regular.ufo\/glyphs\/A_grave.sc.glif","\/briemscriptstd-regular.ufo\/glyphs\/A_ring.glif":"\/briemscriptstd-regular.ufo\/glyphs\/A_ring.glif","\/briemscriptstd-regular.ufo\/glyphs\/A_ring.sc.glif":"\/briemscriptstd-regular.ufo\/glyphs\/A_ring.sc.glif","\/briemscriptstd-regular.ufo\/glyphs\/A_tilde.glif":"\/briemscriptstd-regular.ufo\/glyphs\/A_tilde.glif","\/briemscriptstd-regular.ufo\/glyphs\/A_tilde.sc.glif":"\/briemscriptstd-regular.ufo\/glyphs\/A_tilde.sc.glif","\/briemscriptstd-regular.ufo\/glyphs\/B_.glif":"\/briemscriptstd-regular.ufo\/glyphs\/B_.glif","\/briemscriptstd-regular.ufo\/glyphs\/B_.sc.glif":"\/briemscriptstd-regular.ufo\/glyphs\/B_.sc.glif","\/briemscriptstd-regular.ufo\/glyphs\/C_.glif":"\/briemscriptstd-regular.ufo\/glyphs\/C_.glif","\/briemscriptstd-regular.ufo\/glyphs\/C_.sc.glif":"\/briemscriptstd-regular.ufo\/glyphs\/C_.sc.glif","\/briemscriptstd-regular.ufo\/glyphs\/C_cedilla.glif":"\/briemscriptstd-regular.ufo\/glyphs\/C_cedilla.glif","\/briemscriptstd-regular.ufo\/glyphs\/C_cedilla.sc.glif":"\/briemscriptstd-regular.ufo\/glyphs\/C_cedilla.sc.glif","\/briemscriptstd-regular.ufo\/glyphs\/D_.glif":"\/briemscriptstd-regular.ufo\/glyphs\/D_.glif","\/briemscriptstd-regular.ufo\/glyphs\/D_.sc.glif":"\/briemscriptstd-regular.ufo\/glyphs\/D_.sc.glif","\/briemscriptstd-regular.ufo\/glyphs\/D_elta.glif":"\/briemscriptstd-regular.ufo\/glyphs\/D_elta.glif","\/briemscriptstd-regular.ufo\/glyphs\/E_.glif":"\/briemscriptstd-regular.ufo\/glyphs\/E_.glif","\/briemscriptstd-regular.ufo\/glyphs\/E_.sc.glif":"\/briemscriptstd-regular.ufo\/glyphs\/E_.sc.glif","\/briemscriptstd-regular.ufo\/glyphs\/E_acute.glif":"\/briemscriptstd-regular.ufo\/glyphs\/E_acute.glif","\/briemscriptstd-regular.ufo\/glyphs\/E_acute.sc.glif":"\/briemscriptstd-regular.ufo\/glyphs\/E_acute.sc.glif","\/briemscriptstd-regular.ufo\/glyphs\/E_circumflex.glif":"\/briemscriptstd-regular.ufo\/glyphs\/E_circumflex.glif","\/briemscriptstd-regular.ufo\/glyphs\/E_circumflex.sc.glif":"\/briemscriptstd-regular.ufo\/glyphs\/E_circumflex.sc.glif","\/briemscriptstd-regular.ufo\/glyphs\/E_dieresis.glif":"\/briemscriptstd-regular.ufo\/glyphs\/E_dieresis.glif","\/briemscriptstd-regular.ufo\/glyphs\/E_dieresis.sc.glif":"\/briemscriptstd-regular.ufo\/glyphs\/E_dieresis.sc.glif","\/briemscriptstd-regular.ufo\/glyphs\/E_grave.glif":"\/briemscriptstd-regular.ufo\/glyphs\/E_grave.glif","\/briemscriptstd-regular.ufo\/glyphs\/E_grave.sc.glif":"\/briemscriptstd-regular.ufo\/glyphs\/E_grave.sc.glif","\/briemscriptstd-regular.ufo\/glyphs\/E_th.glif":"\/briemscriptstd-regular.ufo\/glyphs\/E_th.glif","\/briemscriptstd-regular.ufo\/glyphs\/E_th.sc.glif":"\/briemscriptstd-regular.ufo\/glyphs\/E_th.sc.glif","\/briemscriptstd-regular.ufo\/glyphs\/E_uro.glif":"\/briemscriptstd-regular.ufo\/glyphs\/E_uro.glif","\/briemscriptstd-regular.ufo\/glyphs\/F_.glif":"\/briemscriptstd-regular.ufo\/glyphs\/F_.glif","\/briemscriptstd-regular.ufo\/glyphs\/F_.sc.glif":"\/briemscriptstd-regular.ufo\/glyphs\/F_.sc.glif","\/briemscriptstd-regular.ufo\/glyphs\/G_.glif":"\/briemscriptstd-regular.ufo\/glyphs\/G_.glif","\/briemscriptstd-regular.ufo\/glyphs\/G_.sc.glif":"\/briemscriptstd-regular.ufo\/glyphs\/G_.sc.glif","\/briemscriptstd-regular.ufo\/glyphs\/H_.glif":"\/briemscriptstd-regular.ufo\/glyphs\/H_.glif","\/briemscriptstd-regular.ufo\/glyphs\/H_.sc.glif":"\/briemscriptstd-regular.ufo\/glyphs\/H_.sc.glif","\/briemscriptstd-regular.ufo\/glyphs\/I_.glif":"\/briemscriptstd-regular.ufo\/glyphs\/I_.glif","\/briemscriptstd-regular.ufo\/glyphs\/I_.sc.glif":"\/briemscriptstd-regular.ufo\/glyphs\/I_.sc.glif","\/briemscriptstd-regular.ufo\/glyphs\/I_acute.glif":"\/briemscriptstd-regular.ufo\/glyphs\/I_acute.glif","\/briemscriptstd-regular.ufo\/glyphs\/I_acute.sc.glif":"\/briemscriptstd-regular.ufo\/glyphs\/I_acute.sc.glif","\/briemscriptstd-regular.ufo\/glyphs\/I_circumflex.glif":"\/briemscriptstd-regular.ufo\/glyphs\/I_circumflex.glif","\/briemscriptstd-regular.ufo\/glyphs\/I_circumflex.sc.glif":"\/briemscriptstd-regular.ufo\/glyphs\/I_circumflex.sc.glif","\/briemscriptstd-regular.ufo\/glyphs\/I_dieresis.glif":"\/briemscriptstd-regular.ufo\/glyphs\/I_dieresis.glif","\/briemscriptstd-regular.ufo\/glyphs\/I_dieresis.sc.glif":"\/briemscriptstd-regular.ufo\/glyphs\/I_dieresis.sc.glif","\/briemscriptstd-regular.ufo\/glyphs\/I_grave.glif":"\/briemscriptstd-regular.ufo\/glyphs\/I_grave.glif","\/briemscriptstd-regular.ufo\/glyphs\/I_grave.sc.glif":"\/briemscriptstd-regular.ufo\/glyphs\/I_grave.sc.glif","\/briemscriptstd-regular.ufo\/glyphs\/J_.glif":"\/briemscriptstd-regular.ufo\/glyphs\/J_.glif","\/briemscriptstd-regular.ufo\/glyphs\/J_.sc.glif":"\/briemscriptstd-regular.ufo\/glyphs\/J_.sc.glif","\/briemscriptstd-regular.ufo\/glyphs\/K_.glif":"\/briemscriptstd-regular.ufo\/glyphs\/K_.glif","\/briemscriptstd-regular.ufo\/glyphs\/K_.sc.glif":"\/briemscriptstd-regular.ufo\/glyphs\/K_.sc.glif","\/briemscriptstd-regular.ufo\/glyphs\/L_.glif":"\/briemscriptstd-regular.ufo\/glyphs\/L_.glif","\/briemscriptstd-regular.ufo\/glyphs\/L_.sc.glif":"\/briemscriptstd-regular.ufo\/glyphs\/L_.sc.glif","\/briemscriptstd-regular.ufo\/glyphs\/L_slash.glif":"\/briemscriptstd-regular.ufo\/glyphs\/L_slash.glif","\/briemscriptstd-regular.ufo\/glyphs\/L_slash.sc.glif":"\/briemscriptstd-regular.ufo\/glyphs\/L_slash.sc.glif","\/briemscriptstd-regular.ufo\/glyphs\/M_.glif":"\/briemscriptstd-regular.ufo\/glyphs\/M_.glif","\/briemscriptstd-regular.ufo\/glyphs\/M_.sc.glif":"\/briemscriptstd-regular.ufo\/glyphs\/M_.sc.glif","\/briemscriptstd-regular.ufo\/glyphs\/N_.glif":"\/briemscriptstd-regular.ufo\/glyphs\/N_.glif","\/briemscriptstd-regular.ufo\/glyphs\/N_.sc.glif":"\/briemscriptstd-regular.ufo\/glyphs\/N_.sc.glif","\/briemscriptstd-regular.ufo\/glyphs\/N_tilde.glif":"\/briemscriptstd-regular.ufo\/glyphs\/N_tilde.glif","\/briemscriptstd-regular.ufo\/glyphs\/N_tilde.sc.glif":"\/briemscriptstd-regular.ufo\/glyphs\/N_tilde.sc.glif","\/briemscriptstd-regular.ufo\/glyphs\/O_.glif":"\/briemscriptstd-regular.ufo\/glyphs\/O_.glif","\/briemscriptstd-regular.ufo\/glyphs\/O_.sc.glif":"\/briemscriptstd-regular.ufo\/glyphs\/O_.sc.glif","\/briemscriptstd-regular.ufo\/glyphs\/O_E_.glif":"\/briemscriptstd-regular.ufo\/glyphs\/O_E_.glif","\/briemscriptstd-regular.ufo\/glyphs\/O_E_.sc.glif":"\/briemscriptstd-regular.ufo\/glyphs\/O_E_.sc.glif","\/briemscriptstd-regular.ufo\/glyphs\/O_acute.glif":"\/briemscriptstd-regular.ufo\/glyphs\/O_acute.glif","\/briemscriptstd-regular.ufo\/glyphs\/O_acute.sc.glif":"\/briemscriptstd-regular.ufo\/glyphs\/O_acute.sc.glif","\/briemscriptstd-regular.ufo\/glyphs\/O_circumflex.glif":"\/briemscriptstd-regular.ufo\/glyphs\/O_circumflex.glif","\/briemscriptstd-regular.ufo\/glyphs\/O_circumflex.sc.glif":"\/briemscriptstd-regular.ufo\/glyphs\/O_circumflex.sc.glif","\/briemscriptstd-regular.ufo\/glyphs\/O_dieresis.glif":"\/briemscriptstd-regular.ufo\/glyphs\/O_dieresis.glif","\/briemscriptstd-regular.ufo\/glyphs\/O_dieresis.sc.glif":"\/briemscriptstd-regular.ufo\/glyphs\/O_dieresis.sc.glif","\/briemscriptstd-regular.ufo\/glyphs\/O_grave.glif":"\/briemscriptstd-regular.ufo\/glyphs\/O_grave.glif","\/briemscriptstd-regular.ufo\/glyphs\/O_grave.sc.glif":"\/briemscriptstd-regular.ufo\/glyphs\/O_grave.sc.glif","\/briemscriptstd-regular.ufo\/glyphs\/O_mega.glif":"\/briemscriptstd-regular.ufo\/glyphs\/O_mega.glif","\/briemscriptstd-regular.ufo\/glyphs\/O_slash.glif":"\/briemscriptstd-regular.ufo\/glyphs\/O_slash.glif","\/briemscriptstd-regular.ufo\/glyphs\/O_slash.sc.glif":"\/briemscriptstd-regular.ufo\/glyphs\/O_slash.sc.glif","\/briemscriptstd-regular.ufo\/glyphs\/O_tilde.glif":"\/briemscriptstd-regular.ufo\/glyphs\/O_tilde.glif","\/briemscriptstd-regular.ufo\/glyphs\/O_tilde.sc.glif":"\/briemscriptstd-regular.ufo\/glyphs\/O_tilde.sc.glif","\/briemscriptstd-regular.ufo\/glyphs\/P_.glif":"\/briemscriptstd-regular.ufo\/glyphs\/P_.glif","\/briemscriptstd-regular.ufo\/glyphs\/P_.sc.glif":"\/briemscriptstd-regular.ufo\/glyphs\/P_.sc.glif","\/briemscriptstd-regular.ufo\/glyphs\/Q_.glif":"\/briemscriptstd-regular.ufo\/glyphs\/Q_.glif","\/briemscriptstd-regular.ufo\/glyphs\/Q_.sc.glif":"\/briemscriptstd-regular.ufo\/glyphs\/Q_.sc.glif","\/briemscriptstd-regular.ufo\/glyphs\/R_.glif":"\/briemscriptstd-regular.ufo\/glyphs\/R_.glif","\/briemscriptstd-regular.ufo\/glyphs\/R_.sc.glif":"\/briemscriptstd-regular.ufo\/glyphs\/R_.sc.glif","\/briemscriptstd-regular.ufo\/glyphs\/R__p.glif":"\/briemscriptstd-regular.ufo\/glyphs\/R__p.glif","\/briemscriptstd-regular.ufo\/glyphs\/S_.glif":"\/briemscriptstd-regular.ufo\/glyphs\/S_.glif","\/briemscriptstd-regular.ufo\/glyphs\/S_.sc.glif":"\/briemscriptstd-regular.ufo\/glyphs\/S_.sc.glif","\/briemscriptstd-regular.ufo\/glyphs\/S_caron.glif":"\/briemscriptstd-regular.ufo\/glyphs\/S_caron.glif","\/briemscriptstd-regular.ufo\/glyphs\/S_caron.sc.glif":"\/briemscriptstd-regular.ufo\/glyphs\/S_caron.sc.glif","\/briemscriptstd-regular.ufo\/glyphs\/T_.glif":"\/briemscriptstd-regular.ufo\/glyphs\/T_.glif","\/briemscriptstd-regular.ufo\/glyphs\/T_.sc.glif":"\/briemscriptstd-regular.ufo\/glyphs\/T_.sc.glif","\/briemscriptstd-regular.ufo\/glyphs\/T_horn.glif":"\/briemscriptstd-regular.ufo\/glyphs\/T_horn.glif","\/briemscriptstd-regular.ufo\/glyphs\/T_horn.sc.glif":"\/briemscriptstd-regular.ufo\/glyphs\/T_horn.sc.glif","\/briemscriptstd-regular.ufo\/glyphs\/U_.glif":"\/briemscriptstd-regular.ufo\/glyphs\/U_.glif","\/briemscriptstd-regular.ufo\/glyphs\/U_.sc.glif":"\/briemscriptstd-regular.ufo\/glyphs\/U_.sc.glif","\/briemscriptstd-regular.ufo\/glyphs\/U_acute.glif":"\/briemscriptstd-regular.ufo\/glyphs\/U_acute.glif","\/briemscriptstd-regular.ufo\/glyphs\/U_acute.sc.glif":"\/briemscriptstd-regular.ufo\/glyphs\/U_acute.sc.glif","\/briemscriptstd-regular.ufo\/glyphs\/U_circumflex.glif":"\/briemscriptstd-regular.ufo\/glyphs\/U_circumflex.glif","\/briemscriptstd-regular.ufo\/glyphs\/U_circumflex.sc.glif":"\/briemscriptstd-regular.ufo\/glyphs\/U_circumflex.sc.glif","\/briemscriptstd-regular.ufo\/glyphs\/U_dieresis.glif":"\/briemscriptstd-regular.ufo\/glyphs\/U_dieresis.glif","\/briemscriptstd-regular.ufo\/glyphs\/U_dieresis.sc.glif":"\/briemscriptstd-regular.ufo\/glyphs\/U_dieresis.sc.glif","\/briemscriptstd-regular.ufo\/glyphs\/U_grave.glif":"\/briemscriptstd-regular.ufo\/glyphs\/U_grave.glif","\/briemscriptstd-regular.ufo\/glyphs\/U_grave.sc.glif":"\/briemscriptstd-regular.ufo\/glyphs\/U_grave.sc.glif","\/briemscriptstd-regular.ufo\/glyphs\/V_.glif":"\/briemscriptstd-regular.ufo\/glyphs\/V_.glif","\/briemscriptstd-regular.ufo\/glyphs\/V_.sc.glif":"\/briemscriptstd-regular.ufo\/glyphs\/V_.sc.glif","\/briemscriptstd-regular.ufo\/glyphs\/W_.glif":"\/briemscriptstd-regular.ufo\/glyphs\/W_.glif","\/briemscriptstd-regular.ufo\/glyphs\/W_.sc.glif":"\/briemscriptstd-regular.ufo\/glyphs\/W_.sc.glif","\/briemscriptstd-regular.ufo\/glyphs\/X_.glif":"\/briemscriptstd-regular.ufo\/glyphs\/X_.glif","\/briemscriptstd-regular.ufo\/glyphs\/X_.sc.glif":"\/briemscriptstd-regular.ufo\/glyphs\/X_.sc.glif","\/briemscriptstd-regular.ufo\/glyphs\/Y_.glif":"\/briemscriptstd-regular.ufo\/glyphs\/Y_.glif","\/briemscriptstd-regular.ufo\/glyphs\/Y_.sc.glif":"\/briemscriptstd-regular.ufo\/glyphs\/Y_.sc.glif","\/briemscriptstd-regular.ufo\/glyphs\/Y_acute.glif":"\/briemscriptstd-regular.ufo\/glyphs\/Y_acute.glif","\/briemscriptstd-regular.ufo\/glyphs\/Y_acute.sc.glif":"\/briemscriptstd-regular.ufo\/glyphs\/Y_acute.sc.glif","\/briemscriptstd-regular.ufo\/glyphs\/Y_dieresis.glif":"\/briemscriptstd-regular.ufo\/glyphs\/Y_dieresis.glif","\/briemscriptstd-regular.ufo\/glyphs\/Y_dieresis.sc.glif":"\/briemscriptstd-regular.ufo\/glyphs\/Y_dieresis.sc.glif","\/briemscriptstd-regular.ufo\/glyphs\/Z_.glif":"\/briemscriptstd-regular.ufo\/glyphs\/Z_.glif","\/briemscriptstd-regular.ufo\/glyphs\/Z_.sc.glif":"\/briemscriptstd-regular.ufo\/glyphs\/Z_.sc.glif","\/briemscriptstd-regular.ufo\/glyphs\/Z_caron.glif":"\/briemscriptstd-regular.ufo\/glyphs\/Z_caron.glif","\/briemscriptstd-regular.ufo\/glyphs\/Z_caron.sc.glif":"\/briemscriptstd-regular.ufo\/glyphs\/Z_caron.sc.glif","\/briemscriptstd-regular.ufo\/glyphs\/_notdef.glif":"\/briemscriptstd-regular.ufo\/glyphs\/_notdef.glif","\/briemscriptstd-regular.ufo\/glyphs\/a.glif":"\/briemscriptstd-regular.ufo\/glyphs\/a.glif","\/briemscriptstd-regular.ufo\/glyphs\/a.sc.glif":"\/briemscriptstd-regular.ufo\/glyphs\/a.sc.glif","\/briemscriptstd-regular.ufo\/glyphs\/a.superior.glif":"\/briemscriptstd-regular.ufo\/glyphs\/a.superior.glif","\/briemscriptstd-regular.ufo\/glyphs\/aacute.glif":"\/briemscriptstd-regular.ufo\/glyphs\/aacute.glif","\/briemscriptstd-regular.ufo\/glyphs\/aacute.sc.glif":"\/briemscriptstd-regular.ufo\/glyphs\/aacute.sc.glif","\/briemscriptstd-regular.ufo\/glyphs\/acircumflex.glif":"\/briemscriptstd-regular.ufo\/glyphs\/acircumflex.glif","\/briemscriptstd-regular.ufo\/glyphs\/acircumflex.sc.glif":"\/briemscriptstd-regular.ufo\/glyphs\/acircumflex.sc.glif","\/briemscriptstd-regular.ufo\/glyphs\/acute.glif":"\/briemscriptstd-regular.ufo\/glyphs\/acute.glif","\/briemscriptstd-regular.ufo\/glyphs\/acute.sc.glif":"\/briemscriptstd-regular.ufo\/glyphs\/acute.sc.glif","\/briemscriptstd-regular.ufo\/glyphs\/adieresis.glif":"\/briemscriptstd-regular.ufo\/glyphs\/adieresis.glif","\/briemscriptstd-regular.ufo\/glyphs\/adieresis.sc.glif":"\/briemscriptstd-regular.ufo\/glyphs\/adieresis.sc.glif","\/briemscriptstd-regular.ufo\/glyphs\/ae.glif":"\/briemscriptstd-regular.ufo\/glyphs\/ae.glif","\/briemscriptstd-regular.ufo\/glyphs\/ae.sc.glif":"\/briemscriptstd-regular.ufo\/glyphs\/ae.sc.glif","\/briemscriptstd-regular.ufo\/glyphs\/afii61289.glif":"\/briemscriptstd-regular.ufo\/glyphs\/afii61289.glif","\/briemscriptstd-regular.ufo\/glyphs\/agrave.glif":"\/briemscriptstd-regular.ufo\/glyphs\/agrave.glif","\/briemscriptstd-regular.ufo\/glyphs\/agrave.sc.glif":"\/briemscriptstd-regular.ufo\/glyphs\/agrave.sc.glif","\/briemscriptstd-regular.ufo\/glyphs\/ampersand.glif":"\/briemscriptstd-regular.ufo\/glyphs\/ampersand.glif","\/briemscriptstd-regular.ufo\/glyphs\/ampersand.sc.glif":"\/briemscriptstd-regular.ufo\/glyphs\/ampersand.sc.glif","\/briemscriptstd-regular.ufo\/glyphs\/approxequal.glif":"\/briemscriptstd-regular.ufo\/glyphs\/approxequal.glif","\/briemscriptstd-regular.ufo\/glyphs\/aring.glif":"\/briemscriptstd-regular.ufo\/glyphs\/aring.glif","\/briemscriptstd-regular.ufo\/glyphs\/aring.sc.glif":"\/briemscriptstd-regular.ufo\/glyphs\/aring.sc.glif","\/briemscriptstd-regular.ufo\/glyphs\/asciicircum.glif":"\/briemscriptstd-regular.ufo\/glyphs\/asciicircum.glif","\/briemscriptstd-regular.ufo\/glyphs\/asciitilde.glif":"\/briemscriptstd-regular.ufo\/glyphs\/asciitilde.glif","\/briemscriptstd-regular.ufo\/glyphs\/asterisk.glif":"\/briemscriptstd-regular.ufo\/glyphs\/asterisk.glif","\/briemscriptstd-regular.ufo\/glyphs\/at.glif":"\/briemscriptstd-regular.ufo\/glyphs\/at.glif","\/briemscriptstd-regular.ufo\/glyphs\/atilde.glif":"\/briemscriptstd-regular.ufo\/glyphs\/atilde.glif","\/briemscriptstd-regular.ufo\/glyphs\/atilde.sc.glif":"\/briemscriptstd-regular.ufo\/glyphs\/atilde.sc.glif","\/briemscriptstd-regular.ufo\/glyphs\/b.glif":"\/briemscriptstd-regular.ufo\/glyphs\/b.glif","\/briemscriptstd-regular.ufo\/glyphs\/b.sc.glif":"\/briemscriptstd-regular.ufo\/glyphs\/b.sc.glif","\/briemscriptstd-regular.ufo\/glyphs\/b.superior.glif":"\/briemscriptstd-regular.ufo\/glyphs\/b.superior.glif","\/briemscriptstd-regular.ufo\/glyphs\/backslash.glif":"\/briemscriptstd-regular.ufo\/glyphs\/backslash.glif","\/briemscriptstd-regular.ufo\/glyphs\/bar.glif":"\/briemscriptstd-regular.ufo\/glyphs\/bar.glif","\/briemscriptstd-regular.ufo\/glyphs\/braceleft.glif":"\/briemscriptstd-regular.ufo\/glyphs\/braceleft.glif","\/briemscriptstd-regular.ufo\/glyphs\/braceright.glif":"\/briemscriptstd-regular.ufo\/glyphs\/braceright.glif","\/briemscriptstd-regular.ufo\/glyphs\/bracketleft.glif":"\/briemscriptstd-regular.ufo\/glyphs\/bracketleft.glif","\/briemscriptstd-regular.ufo\/glyphs\/bracketright.glif":"\/briemscriptstd-regular.ufo\/glyphs\/bracketright.glif","\/briemscriptstd-regular.ufo\/glyphs\/breve.glif":"\/briemscriptstd-regular.ufo\/glyphs\/breve.glif","\/briemscriptstd-regular.ufo\/glyphs\/breve.sc.glif":"\/briemscriptstd-regular.ufo\/glyphs\/breve.sc.glif","\/briemscriptstd-regular.ufo\/glyphs\/brokenbar.glif":"\/briemscriptstd-regular.ufo\/glyphs\/brokenbar.glif","\/briemscriptstd-regular.ufo\/glyphs\/bullet.glif":"\/briemscriptstd-regular.ufo\/glyphs\/bullet.glif","\/briemscriptstd-regular.ufo\/glyphs\/c.glif":"\/briemscriptstd-regular.ufo\/glyphs\/c.glif","\/briemscriptstd-regular.ufo\/glyphs\/c.sc.glif":"\/briemscriptstd-regular.ufo\/glyphs\/c.sc.glif","\/briemscriptstd-regular.ufo\/glyphs\/caron.glif":"\/briemscriptstd-regular.ufo\/glyphs\/caron.glif","\/briemscriptstd-regular.ufo\/glyphs\/caron.sc.glif":"\/briemscriptstd-regular.ufo\/glyphs\/caron.sc.glif","\/briemscriptstd-regular.ufo\/glyphs\/ccedilla.glif":"\/briemscriptstd-regular.ufo\/glyphs\/ccedilla.glif","\/briemscriptstd-regular.ufo\/glyphs\/ccedilla.sc.glif":"\/briemscriptstd-regular.ufo\/glyphs\/ccedilla.sc.glif","\/briemscriptstd-regular.ufo\/glyphs\/cedilla.glif":"\/briemscriptstd-regular.ufo\/glyphs\/cedilla.glif","\/briemscriptstd-regular.ufo\/glyphs\/cedilla.sc.glif":"\/briemscriptstd-regular.ufo\/glyphs\/cedilla.sc.glif","\/briemscriptstd-regular.ufo\/glyphs\/cent.glif":"\/briemscriptstd-regular.ufo\/glyphs\/cent.glif","\/briemscriptstd-regular.ufo\/glyphs\/cent.inferior.glif":"\/briemscriptstd-regular.ufo\/glyphs\/cent.inferior.glif","\/briemscriptstd-regular.ufo\/glyphs\/cent.superior.glif":"\/briemscriptstd-regular.ufo\/glyphs\/cent.superior.glif","\/briemscriptstd-regular.ufo\/glyphs\/cent.taboldstyle.glif":"\/briemscriptstd-regular.ufo\/glyphs\/cent.taboldstyle.glif","\/briemscriptstd-regular.ufo\/glyphs\/circumflex.glif":"\/briemscriptstd-regular.ufo\/glyphs\/circumflex.glif","\/briemscriptstd-regular.ufo\/glyphs\/circumflex.sc.glif":"\/briemscriptstd-regular.ufo\/glyphs\/circumflex.sc.glif","\/briemscriptstd-regular.ufo\/glyphs\/colon.glif":"\/briemscriptstd-regular.ufo\/glyphs\/colon.glif","\/briemscriptstd-regular.ufo\/glyphs\/colonmonetary.glif":"\/briemscriptstd-regular.ufo\/glyphs\/colonmonetary.glif","\/briemscriptstd-regular.ufo\/glyphs\/comma.glif":"\/briemscriptstd-regular.ufo\/glyphs\/comma.glif","\/briemscriptstd-regular.ufo\/glyphs\/comma.inferior.glif":"\/briemscriptstd-regular.ufo\/glyphs\/comma.inferior.glif","\/briemscriptstd-regular.ufo\/glyphs\/comma.superior.glif":"\/briemscriptstd-regular.ufo\/glyphs\/comma.superior.glif","\/briemscriptstd-regular.ufo\/glyphs\/contents.plist":"\/briemscriptstd-regular.ufo\/glyphs\/contents.plist","\/briemscriptstd-regular.ufo\/glyphs\/copyright.glif":"\/briemscriptstd-regular.ufo\/glyphs\/copyright.glif","\/briemscriptstd-regular.ufo\/glyphs\/currency.glif":"\/briemscriptstd-regular.ufo\/glyphs\/currency.glif","\/briemscriptstd-regular.ufo\/glyphs\/d.glif":"\/briemscriptstd-regular.ufo\/glyphs\/d.glif","\/briemscriptstd-regular.ufo\/glyphs\/d.sc.glif":"\/briemscriptstd-regular.ufo\/glyphs\/d.sc.glif","\/briemscriptstd-regular.ufo\/glyphs\/d.superior.glif":"\/briemscriptstd-regular.ufo\/glyphs\/d.superior.glif","\/briemscriptstd-regular.ufo\/glyphs\/dagger.glif":"\/briemscriptstd-regular.ufo\/glyphs\/dagger.glif","\/briemscriptstd-regular.ufo\/glyphs\/daggerdbl.glif":"\/briemscriptstd-regular.ufo\/glyphs\/daggerdbl.glif","\/briemscriptstd-regular.ufo\/glyphs\/degree.glif":"\/briemscriptstd-regular.ufo\/glyphs\/degree.glif","\/briemscriptstd-regular.ufo\/glyphs\/dieresis.glif":"\/briemscriptstd-regular.ufo\/glyphs\/dieresis.glif","\/briemscriptstd-regular.ufo\/glyphs\/dieresis.sc.glif":"\/briemscriptstd-regular.ufo\/glyphs\/dieresis.sc.glif","\/briemscriptstd-regular.ufo\/glyphs\/divide.glif":"\/briemscriptstd-regular.ufo\/glyphs\/divide.glif","\/briemscriptstd-regular.ufo\/glyphs\/dollar.glif":"\/briemscriptstd-regular.ufo\/glyphs\/dollar.glif","\/briemscriptstd-regular.ufo\/glyphs\/dollar.inferior.glif":"\/briemscriptstd-regular.ufo\/glyphs\/dollar.inferior.glif","\/briemscriptstd-regular.ufo\/glyphs\/dollar.superior.glif":"\/briemscriptstd-regular.ufo\/glyphs\/dollar.superior.glif","\/briemscriptstd-regular.ufo\/glyphs\/dollar.taboldstyle.glif":"\/briemscriptstd-regular.ufo\/glyphs\/dollar.taboldstyle.glif","\/briemscriptstd-regular.ufo\/glyphs\/dotaccent.glif":"\/briemscriptstd-regular.ufo\/glyphs\/dotaccent.glif","\/briemscriptstd-regular.ufo\/glyphs\/dotaccent.sc.glif":"\/briemscriptstd-regular.ufo\/glyphs\/dotaccent.sc.glif","\/briemscriptstd-regular.ufo\/glyphs\/dotlessi.glif":"\/briemscriptstd-regular.ufo\/glyphs\/dotlessi.glif","\/briemscriptstd-regular.ufo\/glyphs\/dotlessi.sc.glif":"\/briemscriptstd-regular.ufo\/glyphs\/dotlessi.sc.glif","\/briemscriptstd-regular.ufo\/glyphs\/e.glif":"\/briemscriptstd-regular.ufo\/glyphs\/e.glif","\/briemscriptstd-regular.ufo\/glyphs\/e.sc.glif":"\/briemscriptstd-regular.ufo\/glyphs\/e.sc.glif","\/briemscriptstd-regular.ufo\/glyphs\/e.superior.glif":"\/briemscriptstd-regular.ufo\/glyphs\/e.superior.glif","\/briemscriptstd-regular.ufo\/glyphs\/eacute.glif":"\/briemscriptstd-regular.ufo\/glyphs\/eacute.glif","\/briemscriptstd-regular.ufo\/glyphs\/eacute.sc.glif":"\/briemscriptstd-regular.ufo\/glyphs\/eacute.sc.glif","\/briemscriptstd-regular.ufo\/glyphs\/ecircumflex.glif":"\/briemscriptstd-regular.ufo\/glyphs\/ecircumflex.glif","\/briemscriptstd-regular.ufo\/glyphs\/ecircumflex.sc.glif":"\/briemscriptstd-regular.ufo\/glyphs\/ecircumflex.sc.glif","\/briemscriptstd-regular.ufo\/glyphs\/edieresis.glif":"\/briemscriptstd-regular.ufo\/glyphs\/edieresis.glif","\/briemscriptstd-regular.ufo\/glyphs\/edieresis.sc.glif":"\/briemscriptstd-regular.ufo\/glyphs\/edieresis.sc.glif","\/briemscriptstd-regular.ufo\/glyphs\/egrave.glif":"\/briemscriptstd-regular.ufo\/glyphs\/egrave.glif","\/briemscriptstd-regular.ufo\/glyphs\/egrave.sc.glif":"\/briemscriptstd-regular.ufo\/glyphs\/egrave.sc.glif","\/briemscriptstd-regular.ufo\/glyphs\/eight.denominator.glif":"\/briemscriptstd-regular.ufo\/glyphs\/eight.denominator.glif","\/briemscriptstd-regular.ufo\/glyphs\/eight.glif":"\/briemscriptstd-regular.ufo\/glyphs\/eight.glif","\/briemscriptstd-regular.ufo\/glyphs\/eight.inferior.glif":"\/briemscriptstd-regular.ufo\/glyphs\/eight.inferior.glif","\/briemscriptstd-regular.ufo\/glyphs\/eight.numerator.glif":"\/briemscriptstd-regular.ufo\/glyphs\/eight.numerator.glif","\/briemscriptstd-regular.ufo\/glyphs\/eight.superior.glif":"\/briemscriptstd-regular.ufo\/glyphs\/eight.superior.glif","\/briemscriptstd-regular.ufo\/glyphs\/eight.taboldstyle.glif":"\/briemscriptstd-regular.ufo\/glyphs\/eight.taboldstyle.glif","\/briemscriptstd-regular.ufo\/glyphs\/ellipsis.glif":"\/briemscriptstd-regular.ufo\/glyphs\/ellipsis.glif","\/briemscriptstd-regular.ufo\/glyphs\/emdash.alt.glif":"\/briemscriptstd-regular.ufo\/glyphs\/emdash.alt.glif","\/briemscriptstd-regular.ufo\/glyphs\/emdash.glif":"\/briemscriptstd-regular.ufo\/glyphs\/emdash.glif","\/briemscriptstd-regular.ufo\/glyphs\/endash.glif":"\/briemscriptstd-regular.ufo\/glyphs\/endash.glif","\/briemscriptstd-regular.ufo\/glyphs\/equal.glif":"\/briemscriptstd-regular.ufo\/glyphs\/equal.glif","\/briemscriptstd-regular.ufo\/glyphs\/estimated.glif":"\/briemscriptstd-regular.ufo\/glyphs\/estimated.glif","\/briemscriptstd-regular.ufo\/glyphs\/eth.glif":"\/briemscriptstd-regular.ufo\/glyphs\/eth.glif","\/briemscriptstd-regular.ufo\/glyphs\/eth.sc.glif":"\/briemscriptstd-regular.ufo\/glyphs\/eth.sc.glif","\/briemscriptstd-regular.ufo\/glyphs\/exclam.glif":"\/briemscriptstd-regular.ufo\/glyphs\/exclam.glif","\/briemscriptstd-regular.ufo\/glyphs\/exclam.sc.glif":"\/briemscriptstd-regular.ufo\/glyphs\/exclam.sc.glif","\/briemscriptstd-regular.ufo\/glyphs\/exclamdown.glif":"\/briemscriptstd-regular.ufo\/glyphs\/exclamdown.glif","\/briemscriptstd-regular.ufo\/glyphs\/exclamdown.sc.glif":"\/briemscriptstd-regular.ufo\/glyphs\/exclamdown.sc.glif","\/briemscriptstd-regular.ufo\/glyphs\/f.glif":"\/briemscriptstd-regular.ufo\/glyphs\/f.glif","\/briemscriptstd-regular.ufo\/glyphs\/f.sc.glif":"\/briemscriptstd-regular.ufo\/glyphs\/f.sc.glif","\/briemscriptstd-regular.ufo\/glyphs\/f_f.glif":"\/briemscriptstd-regular.ufo\/glyphs\/f_f.glif","\/briemscriptstd-regular.ufo\/glyphs\/f_f_i.glif":"\/briemscriptstd-regular.ufo\/glyphs\/f_f_i.glif","\/briemscriptstd-regular.ufo\/glyphs\/f_f_l.glif":"\/briemscriptstd-regular.ufo\/glyphs\/f_f_l.glif","\/briemscriptstd-regular.ufo\/glyphs\/f_i.glif":"\/briemscriptstd-regular.ufo\/glyphs\/f_i.glif","\/briemscriptstd-regular.ufo\/glyphs\/f_l.glif":"\/briemscriptstd-regular.ufo\/glyphs\/f_l.glif","\/briemscriptstd-regular.ufo\/glyphs\/fi.glif":"\/briemscriptstd-regular.ufo\/glyphs\/fi.glif","\/briemscriptstd-regular.ufo\/glyphs\/fi.sc.glif":"\/briemscriptstd-regular.ufo\/glyphs\/fi.sc.glif","\/briemscriptstd-regular.ufo\/glyphs\/figuredash.glif":"\/briemscriptstd-regular.ufo\/glyphs\/figuredash.glif","\/briemscriptstd-regular.ufo\/glyphs\/five.denominator.glif":"\/briemscriptstd-regular.ufo\/glyphs\/five.denominator.glif","\/briemscriptstd-regular.ufo\/glyphs\/five.glif":"\/briemscriptstd-regular.ufo\/glyphs\/five.glif","\/briemscriptstd-regular.ufo\/glyphs\/five.inferior.glif":"\/briemscriptstd-regular.ufo\/glyphs\/five.inferior.glif","\/briemscriptstd-regular.ufo\/glyphs\/five.numerator.glif":"\/briemscriptstd-regular.ufo\/glyphs\/five.numerator.glif","\/briemscriptstd-regular.ufo\/glyphs\/five.superior.glif":"\/briemscriptstd-regular.ufo\/glyphs\/five.superior.glif","\/briemscriptstd-regular.ufo\/glyphs\/five.taboldstyle.glif":"\/briemscriptstd-regular.ufo\/glyphs\/five.taboldstyle.glif","\/briemscriptstd-regular.ufo\/glyphs\/fiveeighths.glif":"\/briemscriptstd-regular.ufo\/glyphs\/fiveeighths.glif","\/briemscriptstd-regular.ufo\/glyphs\/fl.glif":"\/briemscriptstd-regular.ufo\/glyphs\/fl.glif","\/briemscriptstd-regular.ufo\/glyphs\/fl.sc.glif":"\/briemscriptstd-regular.ufo\/glyphs\/fl.sc.glif","\/briemscriptstd-regular.ufo\/glyphs\/florin.glif":"\/briemscriptstd-regular.ufo\/glyphs\/florin.glif","\/briemscriptstd-regular.ufo\/glyphs\/four.denominator.glif":"\/briemscriptstd-regular.ufo\/glyphs\/four.denominator.glif","\/briemscriptstd-regular.ufo\/glyphs\/four.glif":"\/briemscriptstd-regular.ufo\/glyphs\/four.glif","\/briemscriptstd-regular.ufo\/glyphs\/four.inferior.glif":"\/briemscriptstd-regular.ufo\/glyphs\/four.inferior.glif","\/briemscriptstd-regular.ufo\/glyphs\/four.numerator.glif":"\/briemscriptstd-regular.ufo\/glyphs\/four.numerator.glif","\/briemscriptstd-regular.ufo\/glyphs\/four.superior.glif":"\/briemscriptstd-regular.ufo\/glyphs\/four.superior.glif","\/briemscriptstd-regular.ufo\/glyphs\/four.taboldstyle.glif":"\/briemscriptstd-regular.ufo\/glyphs\/four.taboldstyle.glif","\/briemscriptstd-regular.ufo\/glyphs\/fraction.frac.glif":"\/briemscriptstd-regular.ufo\/glyphs\/fraction.frac.glif","\/briemscriptstd-regular.ufo\/glyphs\/fraction.glif":"\/briemscriptstd-regular.ufo\/glyphs\/fraction.glif","\/briemscriptstd-regular.ufo\/glyphs\/g.glif":"\/briemscriptstd-regular.ufo\/glyphs\/g.glif","\/briemscriptstd-regular.ufo\/glyphs\/g.sc.glif":"\/briemscriptstd-regular.ufo\/glyphs\/g.sc.glif","\/briemscriptstd-regular.ufo\/glyphs\/germandbls.glif":"\/briemscriptstd-regular.ufo\/glyphs\/germandbls.glif","\/briemscriptstd-regular.ufo\/glyphs\/germandbls.sc.glif":"\/briemscriptstd-regular.ufo\/glyphs\/germandbls.sc.glif","\/briemscriptstd-regular.ufo\/glyphs\/grave.glif":"\/briemscriptstd-regular.ufo\/glyphs\/grave.glif","\/briemscriptstd-regular.ufo\/glyphs\/grave.sc.glif":"\/briemscriptstd-regular.ufo\/glyphs\/grave.sc.glif","\/briemscriptstd-regular.ufo\/glyphs\/greater.glif":"\/briemscriptstd-regular.ufo\/glyphs\/greater.glif","\/briemscriptstd-regular.ufo\/glyphs\/greaterequal.glif":"\/briemscriptstd-regular.ufo\/glyphs\/greaterequal.glif","\/briemscriptstd-regular.ufo\/glyphs\/guillemotleft.glif":"\/briemscriptstd-regular.ufo\/glyphs\/guillemotleft.glif","\/briemscriptstd-regular.ufo\/glyphs\/guillemotright.glif":"\/briemscriptstd-regular.ufo\/glyphs\/guillemotright.glif","\/briemscriptstd-regular.ufo\/glyphs\/guilsinglleft.glif":"\/briemscriptstd-regular.ufo\/glyphs\/guilsinglleft.glif","\/briemscriptstd-regular.ufo\/glyphs\/guilsinglright.glif":"\/briemscriptstd-regular.ufo\/glyphs\/guilsinglright.glif","\/briemscriptstd-regular.ufo\/glyphs\/h.glif":"\/briemscriptstd-regular.ufo\/glyphs\/h.glif","\/briemscriptstd-regular.ufo\/glyphs\/h.sc.glif":"\/briemscriptstd-regular.ufo\/glyphs\/h.sc.glif","\/briemscriptstd-regular.ufo\/glyphs\/hungarumlaut.glif":"\/briemscriptstd-regular.ufo\/glyphs\/hungarumlaut.glif","\/briemscriptstd-regular.ufo\/glyphs\/hungarumlaut.sc.glif":"\/briemscriptstd-regular.ufo\/glyphs\/hungarumlaut.sc.glif","\/briemscriptstd-regular.ufo\/glyphs\/hyphen.glif":"\/briemscriptstd-regular.ufo\/glyphs\/hyphen.glif","\/briemscriptstd-regular.ufo\/glyphs\/hyphen.inferior.glif":"\/briemscriptstd-regular.ufo\/glyphs\/hyphen.inferior.glif","\/briemscriptstd-regular.ufo\/glyphs\/hyphen.superior.glif":"\/briemscriptstd-regular.ufo\/glyphs\/hyphen.superior.glif","\/briemscriptstd-regular.ufo\/glyphs\/i.glif":"\/briemscriptstd-regular.ufo\/glyphs\/i.glif","\/briemscriptstd-regular.ufo\/glyphs\/i.sc.glif":"\/briemscriptstd-regular.ufo\/glyphs\/i.sc.glif","\/briemscriptstd-regular.ufo\/glyphs\/i.superior.glif":"\/briemscriptstd-regular.ufo\/glyphs\/i.superior.glif","\/briemscriptstd-regular.ufo\/glyphs\/iacute.glif":"\/briemscriptstd-regular.ufo\/glyphs\/iacute.glif","\/briemscriptstd-regular.ufo\/glyphs\/iacute.sc.glif":"\/briemscriptstd-regular.ufo\/glyphs\/iacute.sc.glif","\/briemscriptstd-regular.ufo\/glyphs\/icircumflex.glif":"\/briemscriptstd-regular.ufo\/glyphs\/icircumflex.glif","\/briemscriptstd-regular.ufo\/glyphs\/icircumflex.sc.glif":"\/briemscriptstd-regular.ufo\/glyphs\/icircumflex.sc.glif","\/briemscriptstd-regular.ufo\/glyphs\/idieresis.glif":"\/briemscriptstd-regular.ufo\/glyphs\/idieresis.glif","\/briemscriptstd-regular.ufo\/glyphs\/idieresis.sc.glif":"\/briemscriptstd-regular.ufo\/glyphs\/idieresis.sc.glif","\/briemscriptstd-regular.ufo\/glyphs\/igrave.glif":"\/briemscriptstd-regular.ufo\/glyphs\/igrave.glif","\/briemscriptstd-regular.ufo\/glyphs\/igrave.sc.glif":"\/briemscriptstd-regular.ufo\/glyphs\/igrave.sc.glif","\/briemscriptstd-regular.ufo\/glyphs\/infinity.glif":"\/briemscriptstd-regular.ufo\/glyphs\/infinity.glif","\/briemscriptstd-regular.ufo\/glyphs\/integral.glif":"\/briemscriptstd-regular.ufo\/glyphs\/integral.glif","\/briemscriptstd-regular.ufo\/glyphs\/j.glif":"\/briemscriptstd-regular.ufo\/glyphs\/j.glif","\/briemscriptstd-regular.ufo\/glyphs\/j.sc.glif":"\/briemscriptstd-regular.ufo\/glyphs\/j.sc.glif","\/briemscriptstd-regular.ufo\/glyphs\/k.glif":"\/briemscriptstd-regular.ufo\/glyphs\/k.glif","\/briemscriptstd-regular.ufo\/glyphs\/k.sc.glif":"\/briemscriptstd-regular.ufo\/glyphs\/k.sc.glif","\/briemscriptstd-regular.ufo\/glyphs\/l.glif":"\/briemscriptstd-regular.ufo\/glyphs\/l.glif","\/briemscriptstd-regular.ufo\/glyphs\/l.sc.glif":"\/briemscriptstd-regular.ufo\/glyphs\/l.sc.glif","\/briemscriptstd-regular.ufo\/glyphs\/l.superior.glif":"\/briemscriptstd-regular.ufo\/glyphs\/l.superior.glif","\/briemscriptstd-regular.ufo\/glyphs\/less.glif":"\/briemscriptstd-regular.ufo\/glyphs\/less.glif","\/briemscriptstd-regular.ufo\/glyphs\/lessequal.glif":"\/briemscriptstd-regular.ufo\/glyphs\/lessequal.glif","\/briemscriptstd-regular.ufo\/glyphs\/logicalnot.glif":"\/briemscriptstd-regular.ufo\/glyphs\/logicalnot.glif","\/briemscriptstd-regular.ufo\/glyphs\/lozenge.glif":"\/briemscriptstd-regular.ufo\/glyphs\/lozenge.glif","\/briemscriptstd-regular.ufo\/glyphs\/lslash.glif":"\/briemscriptstd-regular.ufo\/glyphs\/lslash.glif","\/briemscriptstd-regular.ufo\/glyphs\/lslash.sc.glif":"\/briemscriptstd-regular.ufo\/glyphs\/lslash.sc.glif","\/briemscriptstd-regular.ufo\/glyphs\/m.glif":"\/briemscriptstd-regular.ufo\/glyphs\/m.glif","\/briemscriptstd-regular.ufo\/glyphs\/m.sc.glif":"\/briemscriptstd-regular.ufo\/glyphs\/m.sc.glif","\/briemscriptstd-regular.ufo\/glyphs\/m.superior.glif":"\/briemscriptstd-regular.ufo\/glyphs\/m.superior.glif","\/briemscriptstd-regular.ufo\/glyphs\/macron.glif":"\/briemscriptstd-regular.ufo\/glyphs\/macron.glif","\/briemscriptstd-regular.ufo\/glyphs\/macron.sc.glif":"\/briemscriptstd-regular.ufo\/glyphs\/macron.sc.glif","\/briemscriptstd-regular.ufo\/glyphs\/minus.glif":"\/briemscriptstd-regular.ufo\/glyphs\/minus.glif","\/briemscriptstd-regular.ufo\/glyphs\/mu.glif":"\/briemscriptstd-regular.ufo\/glyphs\/mu.glif","\/briemscriptstd-regular.ufo\/glyphs\/multiply.glif":"\/briemscriptstd-regular.ufo\/glyphs\/multiply.glif","\/briemscriptstd-regular.ufo\/glyphs\/n.glif":"\/briemscriptstd-regular.ufo\/glyphs\/n.glif","\/briemscriptstd-regular.ufo\/glyphs\/n.sc.glif":"\/briemscriptstd-regular.ufo\/glyphs\/n.sc.glif","\/briemscriptstd-regular.ufo\/glyphs\/n.superior.glif":"\/briemscriptstd-regular.ufo\/glyphs\/n.superior.glif","\/briemscriptstd-regular.ufo\/glyphs\/nine.denominator.glif":"\/briemscriptstd-regular.ufo\/glyphs\/nine.denominator.glif","\/briemscriptstd-regular.ufo\/glyphs\/nine.glif":"\/briemscriptstd-regular.ufo\/glyphs\/nine.glif","\/briemscriptstd-regular.ufo\/glyphs\/nine.inferior.glif":"\/briemscriptstd-regular.ufo\/glyphs\/nine.inferior.glif","\/briemscriptstd-regular.ufo\/glyphs\/nine.numerator.glif":"\/briemscriptstd-regular.ufo\/glyphs\/nine.numerator.glif","\/briemscriptstd-regular.ufo\/glyphs\/nine.superior.glif":"\/briemscriptstd-regular.ufo\/glyphs\/nine.superior.glif","\/briemscriptstd-regular.ufo\/glyphs\/nine.taboldstyle.glif":"\/briemscriptstd-regular.ufo\/glyphs\/nine.taboldstyle.glif","\/briemscriptstd-regular.ufo\/glyphs\/notequal.glif":"\/briemscriptstd-regular.ufo\/glyphs\/notequal.glif","\/briemscriptstd-regular.ufo\/glyphs\/ntilde.glif":"\/briemscriptstd-regular.ufo\/glyphs\/ntilde.glif","\/briemscriptstd-regular.ufo\/glyphs\/ntilde.sc.glif":"\/briemscriptstd-regular.ufo\/glyphs\/ntilde.sc.glif","\/briemscriptstd-regular.ufo\/glyphs\/numbersign.glif":"\/briemscriptstd-regular.ufo\/glyphs\/numbersign.glif","\/briemscriptstd-regular.ufo\/glyphs\/o.glif":"\/briemscriptstd-regular.ufo\/glyphs\/o.glif","\/briemscriptstd-regular.ufo\/glyphs\/o.sc.glif":"\/briemscriptstd-regular.ufo\/glyphs\/o.sc.glif","\/briemscriptstd-regular.ufo\/glyphs\/o.superior.glif":"\/briemscriptstd-regular.ufo\/glyphs\/o.superior.glif","\/briemscriptstd-regular.ufo\/glyphs\/oacute.glif":"\/briemscriptstd-regular.ufo\/glyphs\/oacute.glif","\/briemscriptstd-regular.ufo\/glyphs\/oacute.sc.glif":"\/briemscriptstd-regular.ufo\/glyphs\/oacute.sc.glif","\/briemscriptstd-regular.ufo\/glyphs\/ocircumflex.glif":"\/briemscriptstd-regular.ufo\/glyphs\/ocircumflex.glif","\/briemscriptstd-regular.ufo\/glyphs\/ocircumflex.sc.glif":"\/briemscriptstd-regular.ufo\/glyphs\/ocircumflex.sc.glif","\/briemscriptstd-regular.ufo\/glyphs\/odieresis.glif":"\/briemscriptstd-regular.ufo\/glyphs\/odieresis.glif","\/briemscriptstd-regular.ufo\/glyphs\/odieresis.sc.glif":"\/briemscriptstd-regular.ufo\/glyphs\/odieresis.sc.glif","\/briemscriptstd-regular.ufo\/glyphs\/oe.glif":"\/briemscriptstd-regular.ufo\/glyphs\/oe.glif","\/briemscriptstd-regular.ufo\/glyphs\/oe.sc.glif":"\/briemscriptstd-regular.ufo\/glyphs\/oe.sc.glif","\/briemscriptstd-regular.ufo\/glyphs\/ogonek.glif":"\/briemscriptstd-regular.ufo\/glyphs\/ogonek.glif","\/briemscriptstd-regular.ufo\/glyphs\/ogonek.sc.glif":"\/briemscriptstd-regular.ufo\/glyphs\/ogonek.sc.glif","\/briemscriptstd-regular.ufo\/glyphs\/ograve.glif":"\/briemscriptstd-regular.ufo\/glyphs\/ograve.glif","\/briemscriptstd-regular.ufo\/glyphs\/ograve.sc.glif":"\/briemscriptstd-regular.ufo\/glyphs\/ograve.sc.glif","\/briemscriptstd-regular.ufo\/glyphs\/one.denominator.glif":"\/briemscriptstd-regular.ufo\/glyphs\/one.denominator.glif","\/briemscriptstd-regular.ufo\/glyphs\/one.fitted.glif":"\/briemscriptstd-regular.ufo\/glyphs\/one.fitted.glif","\/briemscriptstd-regular.ufo\/glyphs\/one.glif":"\/briemscriptstd-regular.ufo\/glyphs\/one.glif","\/briemscriptstd-regular.ufo\/glyphs\/one.inferior.glif":"\/briemscriptstd-regular.ufo\/glyphs\/one.inferior.glif","\/briemscriptstd-regular.ufo\/glyphs\/one.numerator.glif":"\/briemscriptstd-regular.ufo\/glyphs\/one.numerator.glif","\/briemscriptstd-regular.ufo\/glyphs\/one.superior.glif":"\/briemscriptstd-regular.ufo\/glyphs\/one.superior.glif","\/briemscriptstd-regular.ufo\/glyphs\/one.taboldstyle.glif":"\/briemscriptstd-regular.ufo\/glyphs\/one.taboldstyle.glif","\/briemscriptstd-regular.ufo\/glyphs\/onedotenleader.glif":"\/briemscriptstd-regular.ufo\/glyphs\/onedotenleader.glif","\/briemscriptstd-regular.ufo\/glyphs\/oneeighth.glif":"\/briemscriptstd-regular.ufo\/glyphs\/oneeighth.glif","\/briemscriptstd-regular.ufo\/glyphs\/onehalf.glif":"\/briemscriptstd-regular.ufo\/glyphs\/onehalf.glif","\/briemscriptstd-regular.ufo\/glyphs\/onequarter.glif":"\/briemscriptstd-regular.ufo\/glyphs\/onequarter.glif","\/briemscriptstd-regular.ufo\/glyphs\/onesuperior.glif":"\/briemscriptstd-regular.ufo\/glyphs\/onesuperior.glif","\/briemscriptstd-regular.ufo\/glyphs\/onethird.glif":"\/briemscriptstd-regular.ufo\/glyphs\/onethird.glif","\/briemscriptstd-regular.ufo\/glyphs\/ordfeminine.glif":"\/briemscriptstd-regular.ufo\/glyphs\/ordfeminine.glif","\/briemscriptstd-regular.ufo\/glyphs\/ordmasculine.glif":"\/briemscriptstd-regular.ufo\/glyphs\/ordmasculine.glif","\/briemscriptstd-regular.ufo\/glyphs\/oslash.glif":"\/briemscriptstd-regular.ufo\/glyphs\/oslash.glif","\/briemscriptstd-regular.ufo\/glyphs\/oslash.sc.glif":"\/briemscriptstd-regular.ufo\/glyphs\/oslash.sc.glif","\/briemscriptstd-regular.ufo\/glyphs\/otilde.glif":"\/briemscriptstd-regular.ufo\/glyphs\/otilde.glif","\/briemscriptstd-regular.ufo\/glyphs\/otilde.sc.glif":"\/briemscriptstd-regular.ufo\/glyphs\/otilde.sc.glif","\/briemscriptstd-regular.ufo\/glyphs\/p.glif":"\/briemscriptstd-regular.ufo\/glyphs\/p.glif","\/briemscriptstd-regular.ufo\/glyphs\/p.sc.glif":"\/briemscriptstd-regular.ufo\/glyphs\/p.sc.glif","\/briemscriptstd-regular.ufo\/glyphs\/paragraph.glif":"\/briemscriptstd-regular.ufo\/glyphs\/paragraph.glif","\/briemscriptstd-regular.ufo\/glyphs\/parenleft.glif":"\/briemscriptstd-regular.ufo\/glyphs\/parenleft.glif","\/briemscriptstd-regular.ufo\/glyphs\/parenleft.inferior.glif":"\/briemscriptstd-regular.ufo\/glyphs\/parenleft.inferior.glif","\/briemscriptstd-regular.ufo\/glyphs\/parenleft.superior.glif":"\/briemscriptstd-regular.ufo\/glyphs\/parenleft.superior.glif","\/briemscriptstd-regular.ufo\/glyphs\/parenright.glif":"\/briemscriptstd-regular.ufo\/glyphs\/parenright.glif","\/briemscriptstd-regular.ufo\/glyphs\/parenright.inferior.glif":"\/briemscriptstd-regular.ufo\/glyphs\/parenright.inferior.glif","\/briemscriptstd-regular.ufo\/glyphs\/parenright.superior.glif":"\/briemscriptstd-regular.ufo\/glyphs\/parenright.superior.glif","\/briemscriptstd-regular.ufo\/glyphs\/partialdiff.glif":"\/briemscriptstd-regular.ufo\/glyphs\/partialdiff.glif","\/briemscriptstd-regular.ufo\/glyphs\/percent.glif":"\/briemscriptstd-regular.ufo\/glyphs\/percent.glif","\/briemscriptstd-regular.ufo\/glyphs\/period.glif":"\/briemscriptstd-regular.ufo\/glyphs\/period.glif","\/briemscriptstd-regular.ufo\/glyphs\/period.inferior.glif":"\/briemscriptstd-regular.ufo\/glyphs\/period.inferior.glif","\/briemscriptstd-regular.ufo\/glyphs\/period.superior.glif":"\/briemscriptstd-regular.ufo\/glyphs\/period.superior.glif","\/briemscriptstd-regular.ufo\/glyphs\/periodcentered.glif":"\/briemscriptstd-regular.ufo\/glyphs\/periodcentered.glif","\/briemscriptstd-regular.ufo\/glyphs\/perthousand.glif":"\/briemscriptstd-regular.ufo\/glyphs\/perthousand.glif","\/briemscriptstd-regular.ufo\/glyphs\/pi.glif":"\/briemscriptstd-regular.ufo\/glyphs\/pi.glif","\/briemscriptstd-regular.ufo\/glyphs\/plus.glif":"\/briemscriptstd-regular.ufo\/glyphs\/plus.glif","\/briemscriptstd-regular.ufo\/glyphs\/plusminus.glif":"\/briemscriptstd-regular.ufo\/glyphs\/plusminus.glif","\/briemscriptstd-regular.ufo\/glyphs\/product.glif":"\/briemscriptstd-regular.ufo\/glyphs\/product.glif","\/briemscriptstd-regular.ufo\/glyphs\/q.glif":"\/briemscriptstd-regular.ufo\/glyphs\/q.glif","\/briemscriptstd-regular.ufo\/glyphs\/q.sc.glif":"\/briemscriptstd-regular.ufo\/glyphs\/q.sc.glif","\/briemscriptstd-regular.ufo\/glyphs\/question.glif":"\/briemscriptstd-regular.ufo\/glyphs\/question.glif","\/briemscriptstd-regular.ufo\/glyphs\/question.sc.glif":"\/briemscriptstd-regular.ufo\/glyphs\/question.sc.glif","\/briemscriptstd-regular.ufo\/glyphs\/questiondown.glif":"\/briemscriptstd-regular.ufo\/glyphs\/questiondown.glif","\/briemscriptstd-regular.ufo\/glyphs\/questiondown.sc.glif":"\/briemscriptstd-regular.ufo\/glyphs\/questiondown.sc.glif","\/briemscriptstd-regular.ufo\/glyphs\/quotedbl.glif":"\/briemscriptstd-regular.ufo\/glyphs\/quotedbl.glif","\/briemscriptstd-regular.ufo\/glyphs\/quotedblbase.glif":"\/briemscriptstd-regular.ufo\/glyphs\/quotedblbase.glif","\/briemscriptstd-regular.ufo\/glyphs\/quotedblleft.glif":"\/briemscriptstd-regular.ufo\/glyphs\/quotedblleft.glif","\/briemscriptstd-regular.ufo\/glyphs\/quotedblright.glif":"\/briemscriptstd-regular.ufo\/glyphs\/quotedblright.glif","\/briemscriptstd-regular.ufo\/glyphs\/quoteleft.glif":"\/briemscriptstd-regular.ufo\/glyphs\/quoteleft.glif","\/briemscriptstd-regular.ufo\/glyphs\/quoteright.glif":"\/briemscriptstd-regular.ufo\/glyphs\/quoteright.glif","\/briemscriptstd-regular.ufo\/glyphs\/quotesinglbase.glif":"\/briemscriptstd-regular.ufo\/glyphs\/quotesinglbase.glif","\/briemscriptstd-regular.ufo\/glyphs\/quotesingle.glif":"\/briemscriptstd-regular.ufo\/glyphs\/quotesingle.glif","\/briemscriptstd-regular.ufo\/glyphs\/r.glif":"\/briemscriptstd-regular.ufo\/glyphs\/r.glif","\/briemscriptstd-regular.ufo\/glyphs\/r.sc.glif":"\/briemscriptstd-regular.ufo\/glyphs\/r.sc.glif","\/briemscriptstd-regular.ufo\/glyphs\/r.superior.glif":"\/briemscriptstd-regular.ufo\/glyphs\/r.superior.glif","\/briemscriptstd-regular.ufo\/glyphs\/radical.glif":"\/briemscriptstd-regular.ufo\/glyphs\/radical.glif","\/briemscriptstd-regular.ufo\/glyphs\/registered.glif":"\/briemscriptstd-regular.ufo\/glyphs\/registered.glif","\/briemscriptstd-regular.ufo\/glyphs\/ring.glif":"\/briemscriptstd-regular.ufo\/glyphs\/ring.glif","\/briemscriptstd-regular.ufo\/glyphs\/ring.sc.glif":"\/briemscriptstd-regular.ufo\/glyphs\/ring.sc.glif","\/briemscriptstd-regular.ufo\/glyphs\/s.glif":"\/briemscriptstd-regular.ufo\/glyphs\/s.glif","\/briemscriptstd-regular.ufo\/glyphs\/s.sc.glif":"\/briemscriptstd-regular.ufo\/glyphs\/s.sc.glif","\/briemscriptstd-regular.ufo\/glyphs\/s.superior.glif":"\/briemscriptstd-regular.ufo\/glyphs\/s.superior.glif","\/briemscriptstd-regular.ufo\/glyphs\/scaron.glif":"\/briemscriptstd-regular.ufo\/glyphs\/scaron.glif","\/briemscriptstd-regular.ufo\/glyphs\/scaron.sc.glif":"\/briemscriptstd-regular.ufo\/glyphs\/scaron.sc.glif","\/briemscriptstd-regular.ufo\/glyphs\/section.glif":"\/briemscriptstd-regular.ufo\/glyphs\/section.glif","\/briemscriptstd-regular.ufo\/glyphs\/semicolon.glif":"\/briemscriptstd-regular.ufo\/glyphs\/semicolon.glif","\/briemscriptstd-regular.ufo\/glyphs\/seven.denominator.glif":"\/briemscriptstd-regular.ufo\/glyphs\/seven.denominator.glif","\/briemscriptstd-regular.ufo\/glyphs\/seven.glif":"\/briemscriptstd-regular.ufo\/glyphs\/seven.glif","\/briemscriptstd-regular.ufo\/glyphs\/seven.inferior.glif":"\/briemscriptstd-regular.ufo\/glyphs\/seven.inferior.glif","\/briemscriptstd-regular.ufo\/glyphs\/seven.numerator.glif":"\/briemscriptstd-regular.ufo\/glyphs\/seven.numerator.glif","\/briemscriptstd-regular.ufo\/glyphs\/seven.superior.glif":"\/briemscriptstd-regular.ufo\/glyphs\/seven.superior.glif","\/briemscriptstd-regular.ufo\/glyphs\/seven.taboldstyle.glif":"\/briemscriptstd-regular.ufo\/glyphs\/seven.taboldstyle.glif","\/briemscriptstd-regular.ufo\/glyphs\/seveneighths.glif":"\/briemscriptstd-regular.ufo\/glyphs\/seveneighths.glif","\/briemscriptstd-regular.ufo\/glyphs\/six.denominator.glif":"\/briemscriptstd-regular.ufo\/glyphs\/six.denominator.glif","\/briemscriptstd-regular.ufo\/glyphs\/six.glif":"\/briemscriptstd-regular.ufo\/glyphs\/six.glif","\/briemscriptstd-regular.ufo\/glyphs\/six.inferior.glif":"\/briemscriptstd-regular.ufo\/glyphs\/six.inferior.glif","\/briemscriptstd-regular.ufo\/glyphs\/six.numerator.glif":"\/briemscriptstd-regular.ufo\/glyphs\/six.numerator.glif","\/briemscriptstd-regular.ufo\/glyphs\/six.superior.glif":"\/briemscriptstd-regular.ufo\/glyphs\/six.superior.glif","\/briemscriptstd-regular.ufo\/glyphs\/six.taboldstyle.glif":"\/briemscriptstd-regular.ufo\/glyphs\/six.taboldstyle.glif","\/briemscriptstd-regular.ufo\/glyphs\/slash.frac.glif":"\/briemscriptstd-regular.ufo\/glyphs\/slash.frac.glif","\/briemscriptstd-regular.ufo\/glyphs\/slash.glif":"\/briemscriptstd-regular.ufo\/glyphs\/slash.glif","\/briemscriptstd-regular.ufo\/glyphs\/space.frac.glif":"\/briemscriptstd-regular.ufo\/glyphs\/space.frac.glif","\/briemscriptstd-regular.ufo\/glyphs\/space.glif":"\/briemscriptstd-regular.ufo\/glyphs\/space.glif","\/briemscriptstd-regular.ufo\/glyphs\/sterling.glif":"\/briemscriptstd-regular.ufo\/glyphs\/sterling.glif","\/briemscriptstd-regular.ufo\/glyphs\/summation.glif":"\/briemscriptstd-regular.ufo\/glyphs\/summation.glif","\/briemscriptstd-regular.ufo\/glyphs\/t.glif":"\/briemscriptstd-regular.ufo\/glyphs\/t.glif","\/briemscriptstd-regular.ufo\/glyphs\/t.sc.glif":"\/briemscriptstd-regular.ufo\/glyphs\/t.sc.glif","\/briemscriptstd-regular.ufo\/glyphs\/t.superior.glif":"\/briemscriptstd-regular.ufo\/glyphs\/t.superior.glif","\/briemscriptstd-regular.ufo\/glyphs\/thorn.glif":"\/briemscriptstd-regular.ufo\/glyphs\/thorn.glif","\/briemscriptstd-regular.ufo\/glyphs\/thorn.sc.glif":"\/briemscriptstd-regular.ufo\/glyphs\/thorn.sc.glif","\/briemscriptstd-regular.ufo\/glyphs\/three.denominator.glif":"\/briemscriptstd-regular.ufo\/glyphs\/three.denominator.glif","\/briemscriptstd-regular.ufo\/glyphs\/three.glif":"\/briemscriptstd-regular.ufo\/glyphs\/three.glif","\/briemscriptstd-regular.ufo\/glyphs\/three.inferior.glif":"\/briemscriptstd-regular.ufo\/glyphs\/three.inferior.glif","\/briemscriptstd-regular.ufo\/glyphs\/three.numerator.glif":"\/briemscriptstd-regular.ufo\/glyphs\/three.numerator.glif","\/briemscriptstd-regular.ufo\/glyphs\/three.superior.glif":"\/briemscriptstd-regular.ufo\/glyphs\/three.superior.glif","\/briemscriptstd-regular.ufo\/glyphs\/three.taboldstyle.glif":"\/briemscriptstd-regular.ufo\/glyphs\/three.taboldstyle.glif","\/briemscriptstd-regular.ufo\/glyphs\/threeeighths.glif":"\/briemscriptstd-regular.ufo\/glyphs\/threeeighths.glif","\/briemscriptstd-regular.ufo\/glyphs\/threequarters.glif":"\/briemscriptstd-regular.ufo\/glyphs\/threequarters.glif","\/briemscriptstd-regular.ufo\/glyphs\/threesuperior.glif":"\/briemscriptstd-regular.ufo\/glyphs\/threesuperior.glif","\/briemscriptstd-regular.ufo\/glyphs\/tilde.glif":"\/briemscriptstd-regular.ufo\/glyphs\/tilde.glif","\/briemscriptstd-regular.ufo\/glyphs\/tilde.sc.glif":"\/briemscriptstd-regular.ufo\/glyphs\/tilde.sc.glif","\/briemscriptstd-regular.ufo\/glyphs\/trademark.glif":"\/briemscriptstd-regular.ufo\/glyphs\/trademark.glif","\/briemscriptstd-regular.ufo\/glyphs\/two.denominator.glif":"\/briemscriptstd-regular.ufo\/glyphs\/two.denominator.glif","\/briemscriptstd-regular.ufo\/glyphs\/two.glif":"\/briemscriptstd-regular.ufo\/glyphs\/two.glif","\/briemscriptstd-regular.ufo\/glyphs\/two.inferior.glif":"\/briemscriptstd-regular.ufo\/glyphs\/two.inferior.glif","\/briemscriptstd-regular.ufo\/glyphs\/two.numerator.glif":"\/briemscriptstd-regular.ufo\/glyphs\/two.numerator.glif","\/briemscriptstd-regular.ufo\/glyphs\/two.superior.glif":"\/briemscriptstd-regular.ufo\/glyphs\/two.superior.glif","\/briemscriptstd-regular.ufo\/glyphs\/two.taboldstyle.glif":"\/briemscriptstd-regular.ufo\/glyphs\/two.taboldstyle.glif","\/briemscriptstd-regular.ufo\/glyphs\/twodotenleader.glif":"\/briemscriptstd-regular.ufo\/glyphs\/twodotenleader.glif","\/briemscriptstd-regular.ufo\/glyphs\/twosuperior.glif":"\/briemscriptstd-regular.ufo\/glyphs\/twosuperior.glif","\/briemscriptstd-regular.ufo\/glyphs\/twothirds.glif":"\/briemscriptstd-regular.ufo\/glyphs\/twothirds.glif","\/briemscriptstd-regular.ufo\/glyphs\/u.glif":"\/briemscriptstd-regular.ufo\/glyphs\/u.glif","\/briemscriptstd-regular.ufo\/glyphs\/u.sc.glif":"\/briemscriptstd-regular.ufo\/glyphs\/u.sc.glif","\/briemscriptstd-regular.ufo\/glyphs\/uacute.glif":"\/briemscriptstd-regular.ufo\/glyphs\/uacute.glif","\/briemscriptstd-regular.ufo\/glyphs\/uacute.sc.glif":"\/briemscriptstd-regular.ufo\/glyphs\/uacute.sc.glif","\/briemscriptstd-regular.ufo\/glyphs\/ucircumflex.glif":"\/briemscriptstd-regular.ufo\/glyphs\/ucircumflex.glif","\/briemscriptstd-regular.ufo\/glyphs\/ucircumflex.sc.glif":"\/briemscriptstd-regular.ufo\/glyphs\/ucircumflex.sc.glif","\/briemscriptstd-regular.ufo\/glyphs\/udieresis.glif":"\/briemscriptstd-regular.ufo\/glyphs\/udieresis.glif","\/briemscriptstd-regular.ufo\/glyphs\/udieresis.sc.glif":"\/briemscriptstd-regular.ufo\/glyphs\/udieresis.sc.glif","\/briemscriptstd-regular.ufo\/glyphs\/ugrave.glif":"\/briemscriptstd-regular.ufo\/glyphs\/ugrave.glif","\/briemscriptstd-regular.ufo\/glyphs\/ugrave.sc.glif":"\/briemscriptstd-regular.ufo\/glyphs\/ugrave.sc.glif","\/briemscriptstd-regular.ufo\/glyphs\/underscore.glif":"\/briemscriptstd-regular.ufo\/glyphs\/underscore.glif","\/briemscriptstd-regular.ufo\/glyphs\/uni00A_0.frac.glif":"\/briemscriptstd-regular.ufo\/glyphs\/uni00A_0.frac.glif","\/briemscriptstd-regular.ufo\/glyphs\/uni00A_0.glif":"\/briemscriptstd-regular.ufo\/glyphs\/uni00A_0.glif","\/briemscriptstd-regular.ufo\/glyphs\/uni00A_D_.glif":"\/briemscriptstd-regular.ufo\/glyphs\/uni00A_D_.glif","\/briemscriptstd-regular.ufo\/glyphs\/uni02C_9.glif":"\/briemscriptstd-regular.ufo\/glyphs\/uni02C_9.glif","\/briemscriptstd-regular.ufo\/glyphs\/uni03A_9.glif":"\/briemscriptstd-regular.ufo\/glyphs\/uni03A_9.glif","\/briemscriptstd-regular.ufo\/glyphs\/uni03B_C_.glif":"\/briemscriptstd-regular.ufo\/glyphs\/uni03B_C_.glif","\/briemscriptstd-regular.ufo\/glyphs\/uni2010.glif":"\/briemscriptstd-regular.ufo\/glyphs\/uni2010.glif","\/briemscriptstd-regular.ufo\/glyphs\/uni2215.frac.glif":"\/briemscriptstd-regular.ufo\/glyphs\/uni2215.frac.glif","\/briemscriptstd-regular.ufo\/glyphs\/uni2215.glif":"\/briemscriptstd-regular.ufo\/glyphs\/uni2215.glif","\/briemscriptstd-regular.ufo\/glyphs\/uni2219.glif":"\/briemscriptstd-regular.ufo\/glyphs\/uni2219.glif","\/briemscriptstd-regular.ufo\/glyphs\/v.glif":"\/briemscriptstd-regular.ufo\/glyphs\/v.glif","\/briemscriptstd-regular.ufo\/glyphs\/v.sc.glif":"\/briemscriptstd-regular.ufo\/glyphs\/v.sc.glif","\/briemscriptstd-regular.ufo\/glyphs\/w.glif":"\/briemscriptstd-regular.ufo\/glyphs\/w.glif","\/briemscriptstd-regular.ufo\/glyphs\/w.sc.glif":"\/briemscriptstd-regular.ufo\/glyphs\/w.sc.glif","\/briemscriptstd-regular.ufo\/glyphs\/x.glif":"\/briemscriptstd-regular.ufo\/glyphs\/x.glif","\/briemscriptstd-regular.ufo\/glyphs\/x.sc.glif":"\/briemscriptstd-regular.ufo\/glyphs\/x.sc.glif","\/briemscriptstd-regular.ufo\/glyphs\/y.glif":"\/briemscriptstd-regular.ufo\/glyphs\/y.glif","\/briemscriptstd-regular.ufo\/glyphs\/y.sc.glif":"\/briemscriptstd-regular.ufo\/glyphs\/y.sc.glif","\/briemscriptstd-regular.ufo\/glyphs\/yacute.glif":"\/briemscriptstd-regular.ufo\/glyphs\/yacute.glif","\/briemscriptstd-regular.ufo\/glyphs\/yacute.sc.glif":"\/briemscriptstd-regular.ufo\/glyphs\/yacute.sc.glif","\/briemscriptstd-regular.ufo\/glyphs\/ydieresis.glif":"\/briemscriptstd-regular.ufo\/glyphs\/ydieresis.glif","\/briemscriptstd-regular.ufo\/glyphs\/ydieresis.sc.glif":"\/briemscriptstd-regular.ufo\/glyphs\/ydieresis.sc.glif","\/briemscriptstd-regular.ufo\/glyphs\/yen.glif":"\/briemscriptstd-regular.ufo\/glyphs\/yen.glif","\/briemscriptstd-regular.ufo\/glyphs\/z.glif":"\/briemscriptstd-regular.ufo\/glyphs\/z.glif","\/briemscriptstd-regular.ufo\/glyphs\/z.sc.glif":"\/briemscriptstd-regular.ufo\/glyphs\/z.sc.glif","\/briemscriptstd-regular.ufo\/glyphs\/zcaron.glif":"\/briemscriptstd-regular.ufo\/glyphs\/zcaron.glif","\/briemscriptstd-regular.ufo\/glyphs\/zcaron.sc.glif":"\/briemscriptstd-regular.ufo\/glyphs\/zcaron.sc.glif","\/briemscriptstd-regular.ufo\/glyphs\/zero.denominator.glif":"\/briemscriptstd-regular.ufo\/glyphs\/zero.denominator.glif","\/briemscriptstd-regular.ufo\/glyphs\/zero.glif":"\/briemscriptstd-regular.ufo\/glyphs\/zero.glif","\/briemscriptstd-regular.ufo\/glyphs\/zero.inferior.glif":"\/briemscriptstd-regular.ufo\/glyphs\/zero.inferior.glif","\/briemscriptstd-regular.ufo\/glyphs\/zero.numerator.glif":"\/briemscriptstd-regular.ufo\/glyphs\/zero.numerator.glif","\/briemscriptstd-regular.ufo\/glyphs\/zero.superior.glif":"\/briemscriptstd-regular.ufo\/glyphs\/zero.superior.glif","\/briemscriptstd-regular.ufo\/glyphs\/zero.taboldstyle.glif":"\/briemscriptstd-regular.ufo\/glyphs\/zero.taboldstyle.glif"},"Font":{"uploaded":1472353011.7542,"licence":"gpl3","company":"Chronolabs Cooperative","title":"Briem Script Std Regular","version":3.002,"date":"Sun Aug 28 07:48:57 2016","creator":"root","type":"1","matrix":"0.001 0 0 0.001 0 0","named":"BriemScriptStd-Regular","painttype":"0","info":"11 dict dup","name":"Briem Script Std Regular","family":"Briem Script Std Regular","weight":"329","fstype":"4","italicangle":"-3","underlineposition":"","underlinethickness":""},"Licences":{"":false},"Table":{"FFTM":{"entryLength":16,"tag":"FFTM","checksum":1947015522,"offset":76148,"length":28},"GDEF":{"entryLength":16,"tag":"GDEF","checksum":35782662,"offset":76116,"length":32},"OS\/2":{"entryLength":16,"tag":"OS\/2","checksum":2018261515,"offset":344,"length":86},"cmap":{"entryLength":16,"tag":"cmap","checksum":351645820,"offset":2436,"length":1062},"gasp":{"entryLength":16,"tag":"gasp","checksum":4294901763,"offset":76108,"length":8},"glyf":{"entryLength":16,"tag":"glyf","checksum":1639612317,"offset":4504,"length":66800},"head":{"entryLength":16,"tag":"head","checksum":190527990,"offset":220,"length":54},"hhea":{"entryLength":16,"tag":"hhea","checksum":138937926,"offset":276,"length":36},"hmtx":{"entryLength":16,"tag":"hmtx","checksum":4034814725,"offset":432,"length":2004},"loca":{"entryLength":16,"tag":"loca","checksum":2217592178,"offset":3500,"length":1004},"maxp":{"entryLength":16,"tag":"maxp","checksum":37617802,"offset":312,"length":32},"name":{"entryLength":16,"tag":"name","checksum":4175533283,"offset":71304,"length":1005},"post":{"entryLength":16,"tag":"post","checksum":2324153080,"offset":72312,"length":3795}},"UnicodeCharMap":{"32":3,"33":4,"34":5,"35":6,"36":7,"37":8,"38":9,"39":10,"40":11,"41":12,"42":13,"43":14,"44":15,"45":16,"46":17,"47":18,"48":19,"49":20,"50":21,"51":22,"52":23,"53":24,"54":25,"55":26,"56":27,"57":28,"58":29,"59":30,"60":31,"61":32,"62":33,"63":34,"64":35,"65":36,"66":37,"67":38,"68":39,"69":40,"70":41,"71":42,"72":43,"73":44,"74":45,"75":46,"76":47,"77":48,"78":49,"79":50,"80":51,"81":52,"82":53,"83":54,"84":55,"85":56,"86":57,"87":58,"88":59,"89":60,"90":61,"91":62,"92":63,"93":64,"94":65,"95":66,"96":67,"97":68,"98":69,"99":70,"100":71,"101":72,"102":73,"103":74,"104":75,"105":76,"106":77,"107":78,"108":79,"109":80,"110":81,"111":82,"112":83,"113":84,"114":85,"115":86,"116":87,"117":88,"118":89,"119":90,"120":91,"121":92,"122":93,"123":94,"124":95,"125":96,"126":97,"160":98,"161":99,"162":100,"163":101,"164":102,"165":103,"166":104,"167":105,"168":106,"169":107,"170":108,"171":109,"172":110,"173":111,"174":112,"175":113,"176":114,"177":115,"178":116,"179":117,"180":118,"182":120,"183":121,"184":122,"185":123,"186":124,"187":125,"188":126,"189":127,"190":128,"191":129,"192":130,"193":131,"194":132,"195":133,"196":134,"197":135,"198":136,"199":137,"200":138,"201":139,"202":140,"203":141,"204":142,"205":143,"206":144,"207":145,"208":146,"209":147,"210":148,"211":149,"212":150,"213":151,"214":152,"215":153,"216":154,"217":155,"218":156,"219":157,"220":158,"221":159,"222":160,"223":161,"224":162,"225":163,"226":164,"227":165,"228":166,"229":167,"230":168,"231":169,"232":170,"233":171,"234":172,"235":173,"236":174,"237":175,"238":176,"239":177,"240":178,"241":179,"242":180,"243":181,"244":182,"245":183,"246":184,"247":185,"248":186,"249":187,"250":188,"251":189,"252":190,"253":191,"254":192,"255":193,"305":221,"321":219,"322":222,"338":220,"339":223,"352":226,"353":229,"376":227,"381":228,"382":230,"402":197,"710":210,"711":217,"713":393,"728":212,"729":213,"730":214,"731":216,"732":211,"733":215,"916":374,"937":491,"956":376,"960":377,"8208":492,"8210":234,"8211":201,"8212":218,"8216":195,"8217":194,"8218":205,"8220":198,"8221":207,"8222":206,"8224":202,"8225":203,"8226":204,"8228":232,"8229":231,"8230":208,"8240":209,"8249":199,"8250":200,"8260":196,"8304":318,"8308":322,"8309":323,"8310":324,"8311":325,"8312":326,"8313":327,"8317":248,"8318":249,"8319":262,"8320":328,"8321":329,"8322":330,"8323":331,"8324":332,"8325":333,"8326":334,"8327":335,"8328":336,"8329":337,"8333":270,"8334":271,"8353":233,"8364":378,"8467":379,"8482":224,"8494":380,"8531":239,"8532":240,"8539":235,"8540":236,"8541":237,"8542":238,"8706":381,"8719":382,"8721":383,"8722":225,"8725":429,"8729":384,"8730":385,"8734":386,"8747":387,"8776":388,"8800":389,"8804":390,"8805":391,"9674":392,"64256":267,"64257":426,"64258":427,"64259":268,"64260":269},"Reserves":{"fontname":"Briem Script Std Regular"},"Names":{"Briem Script Std Regular":{"name":"Briem Script Std Regular","longitude":"0.00000001","latitude":"0.00000001","country":"","region":"","city":""}},"Nodes":{"br":{"type":"typal","node":"br","usage":1,"weight":1},"em":{"type":"typal","node":"em","usage":1,"weight":1},"sc":{"type":"typal","node":"sc","usage":1,"weight":1},"pt":{"type":"typal","node":"pt","usage":1,"weight":1},"st":{"type":"typal","node":"st","usage":1,"weight":1},"td":{"type":"typal","node":"td","usage":1,"weight":1},"re":{"type":"typal","node":"re","usage":1,"weight":1},"ar":{"type":"typal","node":"ar","usage":1,"weight":1},"bri":{"type":"typal","node":"bri","usage":1,"weight":1},"iem":{"type":"typal","node":"iem","usage":1,"weight":1},"scr":{"type":"typal","node":"scr","usage":1,"weight":1},"ipt":{"type":"typal","node":"ipt","usage":1,"weight":1},"reg":{"type":"typal","node":"reg","usage":1,"weight":1},"lar":{"type":"typal","node":"lar","usage":1,"weight":1},"brie":{"type":"keys","node":"brie","usage":1,"weight":1},"riem":{"type":"keys","node":"riem","usage":1,"weight":1},"scri":{"type":"keys","node":"scri","usage":1,"weight":1},"ript":{"type":"keys","node":"ript","usage":1,"weight":1},"regu":{"type":"keys","node":"regu","usage":1,"weight":1},"ular":{"type":"keys","node":"ular","usage":1,"weight":1},"scrip":{"type":"keys","node":"scrip","usage":1,"weight":1},"cript":{"type":"keys","node":"cript","usage":1,"weight":1},"regul":{"type":"keys","node":"regul","usage":1,"weight":1},"gular":{"type":"keys","node":"gular","usage":1,"weight":1},"briem":{"type":"fixes","node":"briem","usage":1,"weight":1},"script":{"type":"fixes","node":"script","usage":1,"weight":1},"std":{"type":"fixes","node":"std","usage":1,"weight":1},"regular":{"type":"fixes","node":"regular","usage":1,"weight":1}},"Contributors":[],"FontIdentity":"thatcher0:4d81dc5c4a505fcf0cdb3b","Bytes":null,"Networking":[],"barcode":"12wogycekycici","referee":"m2o42"}