{"CSS":{"Village-RomanTitling":"Village-RomanTitling.css"},"FontType":"TrueType","FontCopyright":"Copr.1990, 1992, 1993, 1994 The Font Bureau, Inc.","FontName":"Village","FontSubfamily":"RomanTitling","FontSubfamilyID":"FontForge 2.0 : Village-RomanTitling : 27-8-2016","FontFullName":"Village Roman Titling","FontVersion":"Version 001.000 ","FontWeight":null,"FontPostscriptName":"Village-RomanTitling","Files":{"\/fonts\/Unpacking\/9c974f52145647cead4710acb49a127ba0bd0e3f\/LICENCE":"\/fonts\/Unpacking\/9c974f52145647cead4710acb49a127ba0bd0e3f\/LICENCE","\/fonts\/Unpacking\/9c974f52145647cead4710acb49a127ba0bd0e3f\/village-romantitling.afm":"\/fonts\/Unpacking\/9c974f52145647cead4710acb49a127ba0bd0e3f\/village-romantitling.afm","\/fonts\/Unpacking\/9c974f52145647cead4710acb49a127ba0bd0e3f\/village-romantitling.bin":"\/fonts\/Unpacking\/9c974f52145647cead4710acb49a127ba0bd0e3f\/village-romantitling.bin","\/fonts\/Unpacking\/9c974f52145647cead4710acb49a127ba0bd0e3f\/village-romantitling.cef":"\/fonts\/Unpacking\/9c974f52145647cead4710acb49a127ba0bd0e3f\/village-romantitling.cef","\/fonts\/Unpacking\/9c974f52145647cead4710acb49a127ba0bd0e3f\/village-romantitling.cff":"\/fonts\/Unpacking\/9c974f52145647cead4710acb49a127ba0bd0e3f\/village-romantitling.cff","\/fonts\/Unpacking\/9c974f52145647cead4710acb49a127ba0bd0e3f\/village-romantitling.cid":"\/fonts\/Unpacking\/9c974f52145647cead4710acb49a127ba0bd0e3f\/village-romantitling.cid","\/fonts\/Unpacking\/9c974f52145647cead4710acb49a127ba0bd0e3f\/village-romantitling.dfont":"\/fonts\/Unpacking\/9c974f52145647cead4710acb49a127ba0bd0e3f\/village-romantitling.dfont","\/fonts\/Unpacking\/9c974f52145647cead4710acb49a127ba0bd0e3f\/village-romantitling.eot":"\/fonts\/Unpacking\/9c974f52145647cead4710acb49a127ba0bd0e3f\/village-romantitling.eot","\/fonts\/Unpacking\/9c974f52145647cead4710acb49a127ba0bd0e3f\/village-romantitling.fon":"\/fonts\/Unpacking\/9c974f52145647cead4710acb49a127ba0bd0e3f\/village-romantitling.fon","\/fonts\/Unpacking\/9c974f52145647cead4710acb49a127ba0bd0e3f\/village-romantitling.gai":"\/fonts\/Unpacking\/9c974f52145647cead4710acb49a127ba0bd0e3f\/village-romantitling.gai","\/fonts\/Unpacking\/9c974f52145647cead4710acb49a127ba0bd0e3f\/village-romantitling.gsf":"\/fonts\/Unpacking\/9c974f52145647cead4710acb49a127ba0bd0e3f\/village-romantitling.gsf","\/fonts\/Unpacking\/9c974f52145647cead4710acb49a127ba0bd0e3f\/village-romantitling.hqx":"\/fonts\/Unpacking\/9c974f52145647cead4710acb49a127ba0bd0e3f\/village-romantitling.hqx","\/fonts\/Unpacking\/9c974f52145647cead4710acb49a127ba0bd0e3f\/village-romantitling.ik":"\/fonts\/Unpacking\/9c974f52145647cead4710acb49a127ba0bd0e3f\/village-romantitling.ik","\/fonts\/Unpacking\/9c974f52145647cead4710acb49a127ba0bd0e3f\/village-romantitling.mf":"\/fonts\/Unpacking\/9c974f52145647cead4710acb49a127ba0bd0e3f\/village-romantitling.mf","\/fonts\/Unpacking\/9c974f52145647cead4710acb49a127ba0bd0e3f\/village-romantitling.otf":"\/fonts\/Unpacking\/9c974f52145647cead4710acb49a127ba0bd0e3f\/village-romantitling.otf","\/fonts\/Unpacking\/9c974f52145647cead4710acb49a127ba0bd0e3f\/village-romantitling.pcf":"\/fonts\/Unpacking\/9c974f52145647cead4710acb49a127ba0bd0e3f\/village-romantitling.pcf","\/fonts\/Unpacking\/9c974f52145647cead4710acb49a127ba0bd0e3f\/village-romantitling.pf3":"\/fonts\/Unpacking\/9c974f52145647cead4710acb49a127ba0bd0e3f\/village-romantitling.pf3","\/fonts\/Unpacking\/9c974f52145647cead4710acb49a127ba0bd0e3f\/village-romantitling.pfa":"\/fonts\/Unpacking\/9c974f52145647cead4710acb49a127ba0bd0e3f\/village-romantitling.pfa","\/fonts\/Unpacking\/9c974f52145647cead4710acb49a127ba0bd0e3f\/village-romantitling.pfb":"\/fonts\/Unpacking\/9c974f52145647cead4710acb49a127ba0bd0e3f\/village-romantitling.pfb","\/fonts\/Unpacking\/9c974f52145647cead4710acb49a127ba0bd0e3f\/village-romantitling.php":"\/fonts\/Unpacking\/9c974f52145647cead4710acb49a127ba0bd0e3f\/village-romantitling.php","\/fonts\/Unpacking\/9c974f52145647cead4710acb49a127ba0bd0e3f\/village-romantitling.pmf":"\/fonts\/Unpacking\/9c974f52145647cead4710acb49a127ba0bd0e3f\/village-romantitling.pmf","\/fonts\/Unpacking\/9c974f52145647cead4710acb49a127ba0bd0e3f\/village-romantitling.pt3":"\/fonts\/Unpacking\/9c974f52145647cead4710acb49a127ba0bd0e3f\/village-romantitling.pt3","\/fonts\/Unpacking\/9c974f52145647cead4710acb49a127ba0bd0e3f\/village-romantitling.sfd":"\/fonts\/Unpacking\/9c974f52145647cead4710acb49a127ba0bd0e3f\/village-romantitling.sfd","\/fonts\/Unpacking\/9c974f52145647cead4710acb49a127ba0bd0e3f\/village-romantitling.svg":"\/fonts\/Unpacking\/9c974f52145647cead4710acb49a127ba0bd0e3f\/village-romantitling.svg","\/fonts\/Unpacking\/9c974f52145647cead4710acb49a127ba0bd0e3f\/village-romantitling.t42":"\/fonts\/Unpacking\/9c974f52145647cead4710acb49a127ba0bd0e3f\/village-romantitling.t42","\/fonts\/Unpacking\/9c974f52145647cead4710acb49a127ba0bd0e3f\/village-romantitling.ttd":"\/fonts\/Unpacking\/9c974f52145647cead4710acb49a127ba0bd0e3f\/village-romantitling.ttd","\/fonts\/Unpacking\/9c974f52145647cead4710acb49a127ba0bd0e3f\/village-romantitling.ttf":"\/fonts\/Unpacking\/9c974f52145647cead4710acb49a127ba0bd0e3f\/village-romantitling.ttf","\/fonts\/Unpacking\/9c974f52145647cead4710acb49a127ba0bd0e3f\/village-romantitling.ttg":"\/fonts\/Unpacking\/9c974f52145647cead4710acb49a127ba0bd0e3f\/village-romantitling.ttg","\/fonts\/Unpacking\/9c974f52145647cead4710acb49a127ba0bd0e3f\/village-romantitling.ufm":"\/fonts\/Unpacking\/9c974f52145647cead4710acb49a127ba0bd0e3f\/village-romantitling.ufm","\/fonts\/Unpacking\/9c974f52145647cead4710acb49a127ba0bd0e3f\/village-romantitling.woff":"\/fonts\/Unpacking\/9c974f52145647cead4710acb49a127ba0bd0e3f\/village-romantitling.woff","\/fonts\/Unpacking\/9c974f52145647cead4710acb49a127ba0bd0e3f\/village-romantitling.z":"\/fonts\/Unpacking\/9c974f52145647cead4710acb49a127ba0bd0e3f\/village-romantitling.z","\/fonts\/Unpacking\/9c974f52145647cead4710acb49a127ba0bd0e3f\/village-romantitling.ufo\/feature.fea":"\/fonts\/Unpacking\/9c974f52145647cead4710acb49a127ba0bd0e3f\/village-romantitling.ufo\/feature.fea","\/fonts\/Unpacking\/9c974f52145647cead4710acb49a127ba0bd0e3f\/village-romantitling.ufo\/fontinfo.plist":"\/fonts\/Unpacking\/9c974f52145647cead4710acb49a127ba0bd0e3f\/village-romantitling.ufo\/fontinfo.plist","\/fonts\/Unpacking\/9c974f52145647cead4710acb49a127ba0bd0e3f\/village-romantitling.ufo\/groups.plist":"\/fonts\/Unpacking\/9c974f52145647cead4710acb49a127ba0bd0e3f\/village-romantitling.ufo\/groups.plist","\/fonts\/Unpacking\/9c974f52145647cead4710acb49a127ba0bd0e3f\/village-romantitling.ufo\/kerning.plist":"\/fonts\/Unpacking\/9c974f52145647cead4710acb49a127ba0bd0e3f\/village-romantitling.ufo\/kerning.plist","\/fonts\/Unpacking\/9c974f52145647cead4710acb49a127ba0bd0e3f\/village-romantitling.ufo\/metainfo.plist":"\/fonts\/Unpacking\/9c974f52145647cead4710acb49a127ba0bd0e3f\/village-romantitling.ufo\/metainfo.plist","\/fonts\/Unpacking\/9c974f52145647cead4710acb49a127ba0bd0e3f\/village-romantitling.ufo\/glyphs\/A_.glif":"\/fonts\/Unpacking\/9c974f52145647cead4710acb49a127ba0bd0e3f\/village-romantitling.ufo\/glyphs\/A_.glif","\/fonts\/Unpacking\/9c974f52145647cead4710acb49a127ba0bd0e3f\/village-romantitling.ufo\/glyphs\/A_E_.glif":"\/fonts\/Unpacking\/9c974f52145647cead4710acb49a127ba0bd0e3f\/village-romantitling.ufo\/glyphs\/A_E_.glif","\/fonts\/Unpacking\/9c974f52145647cead4710acb49a127ba0bd0e3f\/village-romantitling.ufo\/glyphs\/A_acute.glif":"\/fonts\/Unpacking\/9c974f52145647cead4710acb49a127ba0bd0e3f\/village-romantitling.ufo\/glyphs\/A_acute.glif","\/fonts\/Unpacking\/9c974f52145647cead4710acb49a127ba0bd0e3f\/village-romantitling.ufo\/glyphs\/A_circumflex.glif":"\/fonts\/Unpacking\/9c974f52145647cead4710acb49a127ba0bd0e3f\/village-romantitling.ufo\/glyphs\/A_circumflex.glif","\/fonts\/Unpacking\/9c974f52145647cead4710acb49a127ba0bd0e3f\/village-romantitling.ufo\/glyphs\/A_dieresis.glif":"\/fonts\/Unpacking\/9c974f52145647cead4710acb49a127ba0bd0e3f\/village-romantitling.ufo\/glyphs\/A_dieresis.glif","\/fonts\/Unpacking\/9c974f52145647cead4710acb49a127ba0bd0e3f\/village-romantitling.ufo\/glyphs\/A_grave.glif":"\/fonts\/Unpacking\/9c974f52145647cead4710acb49a127ba0bd0e3f\/village-romantitling.ufo\/glyphs\/A_grave.glif","\/fonts\/Unpacking\/9c974f52145647cead4710acb49a127ba0bd0e3f\/village-romantitling.ufo\/glyphs\/A_ring.glif":"\/fonts\/Unpacking\/9c974f52145647cead4710acb49a127ba0bd0e3f\/village-romantitling.ufo\/glyphs\/A_ring.glif","\/fonts\/Unpacking\/9c974f52145647cead4710acb49a127ba0bd0e3f\/village-romantitling.ufo\/glyphs\/A_tilde.glif":"\/fonts\/Unpacking\/9c974f52145647cead4710acb49a127ba0bd0e3f\/village-romantitling.ufo\/glyphs\/A_tilde.glif","\/fonts\/Unpacking\/9c974f52145647cead4710acb49a127ba0bd0e3f\/village-romantitling.ufo\/glyphs\/B_.glif":"\/fonts\/Unpacking\/9c974f52145647cead4710acb49a127ba0bd0e3f\/village-romantitling.ufo\/glyphs\/B_.glif","\/fonts\/Unpacking\/9c974f52145647cead4710acb49a127ba0bd0e3f\/village-romantitling.ufo\/glyphs\/C_.glif":"\/fonts\/Unpacking\/9c974f52145647cead4710acb49a127ba0bd0e3f\/village-romantitling.ufo\/glyphs\/C_.glif","\/fonts\/Unpacking\/9c974f52145647cead4710acb49a127ba0bd0e3f\/village-romantitling.ufo\/glyphs\/C_cedilla.glif":"\/fonts\/Unpacking\/9c974f52145647cead4710acb49a127ba0bd0e3f\/village-romantitling.ufo\/glyphs\/C_cedilla.glif","\/fonts\/Unpacking\/9c974f52145647cead4710acb49a127ba0bd0e3f\/village-romantitling.ufo\/glyphs\/D_.glif":"\/fonts\/Unpacking\/9c974f52145647cead4710acb49a127ba0bd0e3f\/village-romantitling.ufo\/glyphs\/D_.glif","\/fonts\/Unpacking\/9c974f52145647cead4710acb49a127ba0bd0e3f\/village-romantitling.ufo\/glyphs\/D_elta.glif":"\/fonts\/Unpacking\/9c974f52145647cead4710acb49a127ba0bd0e3f\/village-romantitling.ufo\/glyphs\/D_elta.glif","\/fonts\/Unpacking\/9c974f52145647cead4710acb49a127ba0bd0e3f\/village-romantitling.ufo\/glyphs\/E_.glif":"\/fonts\/Unpacking\/9c974f52145647cead4710acb49a127ba0bd0e3f\/village-romantitling.ufo\/glyphs\/E_.glif","\/fonts\/Unpacking\/9c974f52145647cead4710acb49a127ba0bd0e3f\/village-romantitling.ufo\/glyphs\/E_acute.glif":"\/fonts\/Unpacking\/9c974f52145647cead4710acb49a127ba0bd0e3f\/village-romantitling.ufo\/glyphs\/E_acute.glif","\/fonts\/Unpacking\/9c974f52145647cead4710acb49a127ba0bd0e3f\/village-romantitling.ufo\/glyphs\/E_circumflex.glif":"\/fonts\/Unpacking\/9c974f52145647cead4710acb49a127ba0bd0e3f\/village-romantitling.ufo\/glyphs\/E_circumflex.glif","\/fonts\/Unpacking\/9c974f52145647cead4710acb49a127ba0bd0e3f\/village-romantitling.ufo\/glyphs\/E_dieresis.glif":"\/fonts\/Unpacking\/9c974f52145647cead4710acb49a127ba0bd0e3f\/village-romantitling.ufo\/glyphs\/E_dieresis.glif","\/fonts\/Unpacking\/9c974f52145647cead4710acb49a127ba0bd0e3f\/village-romantitling.ufo\/glyphs\/E_grave.glif":"\/fonts\/Unpacking\/9c974f52145647cead4710acb49a127ba0bd0e3f\/village-romantitling.ufo\/glyphs\/E_grave.glif","\/fonts\/Unpacking\/9c974f52145647cead4710acb49a127ba0bd0e3f\/village-romantitling.ufo\/glyphs\/E_th.glif":"\/fonts\/Unpacking\/9c974f52145647cead4710acb49a127ba0bd0e3f\/village-romantitling.ufo\/glyphs\/E_th.glif","\/fonts\/Unpacking\/9c974f52145647cead4710acb49a127ba0bd0e3f\/village-romantitling.ufo\/glyphs\/F_.glif":"\/fonts\/Unpacking\/9c974f52145647cead4710acb49a127ba0bd0e3f\/village-romantitling.ufo\/glyphs\/F_.glif","\/fonts\/Unpacking\/9c974f52145647cead4710acb49a127ba0bd0e3f\/village-romantitling.ufo\/glyphs\/G_.glif":"\/fonts\/Unpacking\/9c974f52145647cead4710acb49a127ba0bd0e3f\/village-romantitling.ufo\/glyphs\/G_.glif","\/fonts\/Unpacking\/9c974f52145647cead4710acb49a127ba0bd0e3f\/village-romantitling.ufo\/glyphs\/H_.glif":"\/fonts\/Unpacking\/9c974f52145647cead4710acb49a127ba0bd0e3f\/village-romantitling.ufo\/glyphs\/H_.glif","\/fonts\/Unpacking\/9c974f52145647cead4710acb49a127ba0bd0e3f\/village-romantitling.ufo\/glyphs\/I_.glif":"\/fonts\/Unpacking\/9c974f52145647cead4710acb49a127ba0bd0e3f\/village-romantitling.ufo\/glyphs\/I_.glif","\/fonts\/Unpacking\/9c974f52145647cead4710acb49a127ba0bd0e3f\/village-romantitling.ufo\/glyphs\/I_acute.glif":"\/fonts\/Unpacking\/9c974f52145647cead4710acb49a127ba0bd0e3f\/village-romantitling.ufo\/glyphs\/I_acute.glif","\/fonts\/Unpacking\/9c974f52145647cead4710acb49a127ba0bd0e3f\/village-romantitling.ufo\/glyphs\/I_circumflex.glif":"\/fonts\/Unpacking\/9c974f52145647cead4710acb49a127ba0bd0e3f\/village-romantitling.ufo\/glyphs\/I_circumflex.glif","\/fonts\/Unpacking\/9c974f52145647cead4710acb49a127ba0bd0e3f\/village-romantitling.ufo\/glyphs\/I_dieresis.glif":"\/fonts\/Unpacking\/9c974f52145647cead4710acb49a127ba0bd0e3f\/village-romantitling.ufo\/glyphs\/I_dieresis.glif","\/fonts\/Unpacking\/9c974f52145647cead4710acb49a127ba0bd0e3f\/village-romantitling.ufo\/glyphs\/I_grave.glif":"\/fonts\/Unpacking\/9c974f52145647cead4710acb49a127ba0bd0e3f\/village-romantitling.ufo\/glyphs\/I_grave.glif","\/fonts\/Unpacking\/9c974f52145647cead4710acb49a127ba0bd0e3f\/village-romantitling.ufo\/glyphs\/J_.glif":"\/fonts\/Unpacking\/9c974f52145647cead4710acb49a127ba0bd0e3f\/village-romantitling.ufo\/glyphs\/J_.glif","\/fonts\/Unpacking\/9c974f52145647cead4710acb49a127ba0bd0e3f\/village-romantitling.ufo\/glyphs\/K_.glif":"\/fonts\/Unpacking\/9c974f52145647cead4710acb49a127ba0bd0e3f\/village-romantitling.ufo\/glyphs\/K_.glif","\/fonts\/Unpacking\/9c974f52145647cead4710acb49a127ba0bd0e3f\/village-romantitling.ufo\/glyphs\/L_.glif":"\/fonts\/Unpacking\/9c974f52145647cead4710acb49a127ba0bd0e3f\/village-romantitling.ufo\/glyphs\/L_.glif","\/fonts\/Unpacking\/9c974f52145647cead4710acb49a127ba0bd0e3f\/village-romantitling.ufo\/glyphs\/L_slash.glif":"\/fonts\/Unpacking\/9c974f52145647cead4710acb49a127ba0bd0e3f\/village-romantitling.ufo\/glyphs\/L_slash.glif","\/fonts\/Unpacking\/9c974f52145647cead4710acb49a127ba0bd0e3f\/village-romantitling.ufo\/glyphs\/M_.glif":"\/fonts\/Unpacking\/9c974f52145647cead4710acb49a127ba0bd0e3f\/village-romantitling.ufo\/glyphs\/M_.glif","\/fonts\/Unpacking\/9c974f52145647cead4710acb49a127ba0bd0e3f\/village-romantitling.ufo\/glyphs\/N_.glif":"\/fonts\/Unpacking\/9c974f52145647cead4710acb49a127ba0bd0e3f\/village-romantitling.ufo\/glyphs\/N_.glif","\/fonts\/Unpacking\/9c974f52145647cead4710acb49a127ba0bd0e3f\/village-romantitling.ufo\/glyphs\/N_U_L_.glif":"\/fonts\/Unpacking\/9c974f52145647cead4710acb49a127ba0bd0e3f\/village-romantitling.ufo\/glyphs\/N_U_L_.glif","\/fonts\/Unpacking\/9c974f52145647cead4710acb49a127ba0bd0e3f\/village-romantitling.ufo\/glyphs\/N_tilde.glif":"\/fonts\/Unpacking\/9c974f52145647cead4710acb49a127ba0bd0e3f\/village-romantitling.ufo\/glyphs\/N_tilde.glif","\/fonts\/Unpacking\/9c974f52145647cead4710acb49a127ba0bd0e3f\/village-romantitling.ufo\/glyphs\/O_.glif":"\/fonts\/Unpacking\/9c974f52145647cead4710acb49a127ba0bd0e3f\/village-romantitling.ufo\/glyphs\/O_.glif","\/fonts\/Unpacking\/9c974f52145647cead4710acb49a127ba0bd0e3f\/village-romantitling.ufo\/glyphs\/O_E_.glif":"\/fonts\/Unpacking\/9c974f52145647cead4710acb49a127ba0bd0e3f\/village-romantitling.ufo\/glyphs\/O_E_.glif","\/fonts\/Unpacking\/9c974f52145647cead4710acb49a127ba0bd0e3f\/village-romantitling.ufo\/glyphs\/O_acute.glif":"\/fonts\/Unpacking\/9c974f52145647cead4710acb49a127ba0bd0e3f\/village-romantitling.ufo\/glyphs\/O_acute.glif","\/fonts\/Unpacking\/9c974f52145647cead4710acb49a127ba0bd0e3f\/village-romantitling.ufo\/glyphs\/O_circumflex.glif":"\/fonts\/Unpacking\/9c974f52145647cead4710acb49a127ba0bd0e3f\/village-romantitling.ufo\/glyphs\/O_circumflex.glif","\/fonts\/Unpacking\/9c974f52145647cead4710acb49a127ba0bd0e3f\/village-romantitling.ufo\/glyphs\/O_dieresis.glif":"\/fonts\/Unpacking\/9c974f52145647cead4710acb49a127ba0bd0e3f\/village-romantitling.ufo\/glyphs\/O_dieresis.glif","\/fonts\/Unpacking\/9c974f52145647cead4710acb49a127ba0bd0e3f\/village-romantitling.ufo\/glyphs\/O_grave.glif":"\/fonts\/Unpacking\/9c974f52145647cead4710acb49a127ba0bd0e3f\/village-romantitling.ufo\/glyphs\/O_grave.glif","\/fonts\/Unpacking\/9c974f52145647cead4710acb49a127ba0bd0e3f\/village-romantitling.ufo\/glyphs\/O_mega.glif":"\/fonts\/Unpacking\/9c974f52145647cead4710acb49a127ba0bd0e3f\/village-romantitling.ufo\/glyphs\/O_mega.glif","\/fonts\/Unpacking\/9c974f52145647cead4710acb49a127ba0bd0e3f\/village-romantitling.ufo\/glyphs\/O_slash.glif":"\/fonts\/Unpacking\/9c974f52145647cead4710acb49a127ba0bd0e3f\/village-romantitling.ufo\/glyphs\/O_slash.glif","\/fonts\/Unpacking\/9c974f52145647cead4710acb49a127ba0bd0e3f\/village-romantitling.ufo\/glyphs\/O_tilde.glif":"\/fonts\/Unpacking\/9c974f52145647cead4710acb49a127ba0bd0e3f\/village-romantitling.ufo\/glyphs\/O_tilde.glif","\/fonts\/Unpacking\/9c974f52145647cead4710acb49a127ba0bd0e3f\/village-romantitling.ufo\/glyphs\/P_.glif":"\/fonts\/Unpacking\/9c974f52145647cead4710acb49a127ba0bd0e3f\/village-romantitling.ufo\/glyphs\/P_.glif","\/fonts\/Unpacking\/9c974f52145647cead4710acb49a127ba0bd0e3f\/village-romantitling.ufo\/glyphs\/Q_.glif":"\/fonts\/Unpacking\/9c974f52145647cead4710acb49a127ba0bd0e3f\/village-romantitling.ufo\/glyphs\/Q_.glif","\/fonts\/Unpacking\/9c974f52145647cead4710acb49a127ba0bd0e3f\/village-romantitling.ufo\/glyphs\/R_.glif":"\/fonts\/Unpacking\/9c974f52145647cead4710acb49a127ba0bd0e3f\/village-romantitling.ufo\/glyphs\/R_.glif","\/fonts\/Unpacking\/9c974f52145647cead4710acb49a127ba0bd0e3f\/village-romantitling.ufo\/glyphs\/S_.glif":"\/fonts\/Unpacking\/9c974f52145647cead4710acb49a127ba0bd0e3f\/village-romantitling.ufo\/glyphs\/S_.glif","\/fonts\/Unpacking\/9c974f52145647cead4710acb49a127ba0bd0e3f\/village-romantitling.ufo\/glyphs\/S_caron.glif":"\/fonts\/Unpacking\/9c974f52145647cead4710acb49a127ba0bd0e3f\/village-romantitling.ufo\/glyphs\/S_caron.glif","\/fonts\/Unpacking\/9c974f52145647cead4710acb49a127ba0bd0e3f\/village-romantitling.ufo\/glyphs\/T_.glif":"\/fonts\/Unpacking\/9c974f52145647cead4710acb49a127ba0bd0e3f\/village-romantitling.ufo\/glyphs\/T_.glif","\/fonts\/Unpacking\/9c974f52145647cead4710acb49a127ba0bd0e3f\/village-romantitling.ufo\/glyphs\/T_horn.glif":"\/fonts\/Unpacking\/9c974f52145647cead4710acb49a127ba0bd0e3f\/village-romantitling.ufo\/glyphs\/T_horn.glif","\/fonts\/Unpacking\/9c974f52145647cead4710acb49a127ba0bd0e3f\/village-romantitling.ufo\/glyphs\/U_.glif":"\/fonts\/Unpacking\/9c974f52145647cead4710acb49a127ba0bd0e3f\/village-romantitling.ufo\/glyphs\/U_.glif","\/fonts\/Unpacking\/9c974f52145647cead4710acb49a127ba0bd0e3f\/village-romantitling.ufo\/glyphs\/U_acute.glif":"\/fonts\/Unpacking\/9c974f52145647cead4710acb49a127ba0bd0e3f\/village-romantitling.ufo\/glyphs\/U_acute.glif","\/fonts\/Unpacking\/9c974f52145647cead4710acb49a127ba0bd0e3f\/village-romantitling.ufo\/glyphs\/U_circumflex.glif":"\/fonts\/Unpacking\/9c974f52145647cead4710acb49a127ba0bd0e3f\/village-romantitling.ufo\/glyphs\/U_circumflex.glif","\/fonts\/Unpacking\/9c974f52145647cead4710acb49a127ba0bd0e3f\/village-romantitling.ufo\/glyphs\/U_dieresis.glif":"\/fonts\/Unpacking\/9c974f52145647cead4710acb49a127ba0bd0e3f\/village-romantitling.ufo\/glyphs\/U_dieresis.glif","\/fonts\/Unpacking\/9c974f52145647cead4710acb49a127ba0bd0e3f\/village-romantitling.ufo\/glyphs\/U_grave.glif":"\/fonts\/Unpacking\/9c974f52145647cead4710acb49a127ba0bd0e3f\/village-romantitling.ufo\/glyphs\/U_grave.glif","\/fonts\/Unpacking\/9c974f52145647cead4710acb49a127ba0bd0e3f\/village-romantitling.ufo\/glyphs\/V_.glif":"\/fonts\/Unpacking\/9c974f52145647cead4710acb49a127ba0bd0e3f\/village-romantitling.ufo\/glyphs\/V_.glif","\/fonts\/Unpacking\/9c974f52145647cead4710acb49a127ba0bd0e3f\/village-romantitling.ufo\/glyphs\/W_.glif":"\/fonts\/Unpacking\/9c974f52145647cead4710acb49a127ba0bd0e3f\/village-romantitling.ufo\/glyphs\/W_.glif","\/fonts\/Unpacking\/9c974f52145647cead4710acb49a127ba0bd0e3f\/village-romantitling.ufo\/glyphs\/X_.glif":"\/fonts\/Unpacking\/9c974f52145647cead4710acb49a127ba0bd0e3f\/village-romantitling.ufo\/glyphs\/X_.glif","\/fonts\/Unpacking\/9c974f52145647cead4710acb49a127ba0bd0e3f\/village-romantitling.ufo\/glyphs\/Y_.glif":"\/fonts\/Unpacking\/9c974f52145647cead4710acb49a127ba0bd0e3f\/village-romantitling.ufo\/glyphs\/Y_.glif","\/fonts\/Unpacking\/9c974f52145647cead4710acb49a127ba0bd0e3f\/village-romantitling.ufo\/glyphs\/Y_acute.glif":"\/fonts\/Unpacking\/9c974f52145647cead4710acb49a127ba0bd0e3f\/village-romantitling.ufo\/glyphs\/Y_acute.glif","\/fonts\/Unpacking\/9c974f52145647cead4710acb49a127ba0bd0e3f\/village-romantitling.ufo\/glyphs\/Y_dieresis.glif":"\/fonts\/Unpacking\/9c974f52145647cead4710acb49a127ba0bd0e3f\/village-romantitling.ufo\/glyphs\/Y_dieresis.glif","\/fonts\/Unpacking\/9c974f52145647cead4710acb49a127ba0bd0e3f\/village-romantitling.ufo\/glyphs\/Z_.glif":"\/fonts\/Unpacking\/9c974f52145647cead4710acb49a127ba0bd0e3f\/village-romantitling.ufo\/glyphs\/Z_.glif","\/fonts\/Unpacking\/9c974f52145647cead4710acb49a127ba0bd0e3f\/village-romantitling.ufo\/glyphs\/Z_caron.glif":"\/fonts\/Unpacking\/9c974f52145647cead4710acb49a127ba0bd0e3f\/village-romantitling.ufo\/glyphs\/Z_caron.glif","\/fonts\/Unpacking\/9c974f52145647cead4710acb49a127ba0bd0e3f\/village-romantitling.ufo\/glyphs\/a.glif":"\/fonts\/Unpacking\/9c974f52145647cead4710acb49a127ba0bd0e3f\/village-romantitling.ufo\/glyphs\/a.glif","\/fonts\/Unpacking\/9c974f52145647cead4710acb49a127ba0bd0e3f\/village-romantitling.ufo\/glyphs\/aacute.glif":"\/fonts\/Unpacking\/9c974f52145647cead4710acb49a127ba0bd0e3f\/village-romantitling.ufo\/glyphs\/aacute.glif","\/fonts\/Unpacking\/9c974f52145647cead4710acb49a127ba0bd0e3f\/village-romantitling.ufo\/glyphs\/acircumflex.glif":"\/fonts\/Unpacking\/9c974f52145647cead4710acb49a127ba0bd0e3f\/village-romantitling.ufo\/glyphs\/acircumflex.glif","\/fonts\/Unpacking\/9c974f52145647cead4710acb49a127ba0bd0e3f\/village-romantitling.ufo\/glyphs\/acute.glif":"\/fonts\/Unpacking\/9c974f52145647cead4710acb49a127ba0bd0e3f\/village-romantitling.ufo\/glyphs\/acute.glif","\/fonts\/Unpacking\/9c974f52145647cead4710acb49a127ba0bd0e3f\/village-romantitling.ufo\/glyphs\/adieresis.glif":"\/fonts\/Unpacking\/9c974f52145647cead4710acb49a127ba0bd0e3f\/village-romantitling.ufo\/glyphs\/adieresis.glif","\/fonts\/Unpacking\/9c974f52145647cead4710acb49a127ba0bd0e3f\/village-romantitling.ufo\/glyphs\/ae.glif":"\/fonts\/Unpacking\/9c974f52145647cead4710acb49a127ba0bd0e3f\/village-romantitling.ufo\/glyphs\/ae.glif","\/fonts\/Unpacking\/9c974f52145647cead4710acb49a127ba0bd0e3f\/village-romantitling.ufo\/glyphs\/agrave.glif":"\/fonts\/Unpacking\/9c974f52145647cead4710acb49a127ba0bd0e3f\/village-romantitling.ufo\/glyphs\/agrave.glif","\/fonts\/Unpacking\/9c974f52145647cead4710acb49a127ba0bd0e3f\/village-romantitling.ufo\/glyphs\/ampersand.glif":"\/fonts\/Unpacking\/9c974f52145647cead4710acb49a127ba0bd0e3f\/village-romantitling.ufo\/glyphs\/ampersand.glif","\/fonts\/Unpacking\/9c974f52145647cead4710acb49a127ba0bd0e3f\/village-romantitling.ufo\/glyphs\/apple.glif":"\/fonts\/Unpacking\/9c974f52145647cead4710acb49a127ba0bd0e3f\/village-romantitling.ufo\/glyphs\/apple.glif","\/fonts\/Unpacking\/9c974f52145647cead4710acb49a127ba0bd0e3f\/village-romantitling.ufo\/glyphs\/approxequal.glif":"\/fonts\/Unpacking\/9c974f52145647cead4710acb49a127ba0bd0e3f\/village-romantitling.ufo\/glyphs\/approxequal.glif","\/fonts\/Unpacking\/9c974f52145647cead4710acb49a127ba0bd0e3f\/village-romantitling.ufo\/glyphs\/aring.glif":"\/fonts\/Unpacking\/9c974f52145647cead4710acb49a127ba0bd0e3f\/village-romantitling.ufo\/glyphs\/aring.glif","\/fonts\/Unpacking\/9c974f52145647cead4710acb49a127ba0bd0e3f\/village-romantitling.ufo\/glyphs\/asciicircum.glif":"\/fonts\/Unpacking\/9c974f52145647cead4710acb49a127ba0bd0e3f\/village-romantitling.ufo\/glyphs\/asciicircum.glif","\/fonts\/Unpacking\/9c974f52145647cead4710acb49a127ba0bd0e3f\/village-romantitling.ufo\/glyphs\/asciitilde.glif":"\/fonts\/Unpacking\/9c974f52145647cead4710acb49a127ba0bd0e3f\/village-romantitling.ufo\/glyphs\/asciitilde.glif","\/fonts\/Unpacking\/9c974f52145647cead4710acb49a127ba0bd0e3f\/village-romantitling.ufo\/glyphs\/asterisk.glif":"\/fonts\/Unpacking\/9c974f52145647cead4710acb49a127ba0bd0e3f\/village-romantitling.ufo\/glyphs\/asterisk.glif","\/fonts\/Unpacking\/9c974f52145647cead4710acb49a127ba0bd0e3f\/village-romantitling.ufo\/glyphs\/at.glif":"\/fonts\/Unpacking\/9c974f52145647cead4710acb49a127ba0bd0e3f\/village-romantitling.ufo\/glyphs\/at.glif","\/fonts\/Unpacking\/9c974f52145647cead4710acb49a127ba0bd0e3f\/village-romantitling.ufo\/glyphs\/atilde.glif":"\/fonts\/Unpacking\/9c974f52145647cead4710acb49a127ba0bd0e3f\/village-romantitling.ufo\/glyphs\/atilde.glif","\/fonts\/Unpacking\/9c974f52145647cead4710acb49a127ba0bd0e3f\/village-romantitling.ufo\/glyphs\/b.glif":"\/fonts\/Unpacking\/9c974f52145647cead4710acb49a127ba0bd0e3f\/village-romantitling.ufo\/glyphs\/b.glif","\/fonts\/Unpacking\/9c974f52145647cead4710acb49a127ba0bd0e3f\/village-romantitling.ufo\/glyphs\/backslash.glif":"\/fonts\/Unpacking\/9c974f52145647cead4710acb49a127ba0bd0e3f\/village-romantitling.ufo\/glyphs\/backslash.glif","\/fonts\/Unpacking\/9c974f52145647cead4710acb49a127ba0bd0e3f\/village-romantitling.ufo\/glyphs\/bar.glif":"\/fonts\/Unpacking\/9c974f52145647cead4710acb49a127ba0bd0e3f\/village-romantitling.ufo\/glyphs\/bar.glif","\/fonts\/Unpacking\/9c974f52145647cead4710acb49a127ba0bd0e3f\/village-romantitling.ufo\/glyphs\/braceleft.glif":"\/fonts\/Unpacking\/9c974f52145647cead4710acb49a127ba0bd0e3f\/village-romantitling.ufo\/glyphs\/braceleft.glif","\/fonts\/Unpacking\/9c974f52145647cead4710acb49a127ba0bd0e3f\/village-romantitling.ufo\/glyphs\/braceright.glif":"\/fonts\/Unpacking\/9c974f52145647cead4710acb49a127ba0bd0e3f\/village-romantitling.ufo\/glyphs\/braceright.glif","\/fonts\/Unpacking\/9c974f52145647cead4710acb49a127ba0bd0e3f\/village-romantitling.ufo\/glyphs\/bracketleft.glif":"\/fonts\/Unpacking\/9c974f52145647cead4710acb49a127ba0bd0e3f\/village-romantitling.ufo\/glyphs\/bracketleft.glif","\/fonts\/Unpacking\/9c974f52145647cead4710acb49a127ba0bd0e3f\/village-romantitling.ufo\/glyphs\/bracketright.glif":"\/fonts\/Unpacking\/9c974f52145647cead4710acb49a127ba0bd0e3f\/village-romantitling.ufo\/glyphs\/bracketright.glif","\/fonts\/Unpacking\/9c974f52145647cead4710acb49a127ba0bd0e3f\/village-romantitling.ufo\/glyphs\/breve.glif":"\/fonts\/Unpacking\/9c974f52145647cead4710acb49a127ba0bd0e3f\/village-romantitling.ufo\/glyphs\/breve.glif","\/fonts\/Unpacking\/9c974f52145647cead4710acb49a127ba0bd0e3f\/village-romantitling.ufo\/glyphs\/brokenbar.glif":"\/fonts\/Unpacking\/9c974f52145647cead4710acb49a127ba0bd0e3f\/village-romantitling.ufo\/glyphs\/brokenbar.glif","\/fonts\/Unpacking\/9c974f52145647cead4710acb49a127ba0bd0e3f\/village-romantitling.ufo\/glyphs\/bullet.glif":"\/fonts\/Unpacking\/9c974f52145647cead4710acb49a127ba0bd0e3f\/village-romantitling.ufo\/glyphs\/bullet.glif","\/fonts\/Unpacking\/9c974f52145647cead4710acb49a127ba0bd0e3f\/village-romantitling.ufo\/glyphs\/c.glif":"\/fonts\/Unpacking\/9c974f52145647cead4710acb49a127ba0bd0e3f\/village-romantitling.ufo\/glyphs\/c.glif","\/fonts\/Unpacking\/9c974f52145647cead4710acb49a127ba0bd0e3f\/village-romantitling.ufo\/glyphs\/caron.glif":"\/fonts\/Unpacking\/9c974f52145647cead4710acb49a127ba0bd0e3f\/village-romantitling.ufo\/glyphs\/caron.glif","\/fonts\/Unpacking\/9c974f52145647cead4710acb49a127ba0bd0e3f\/village-romantitling.ufo\/glyphs\/ccedilla.glif":"\/fonts\/Unpacking\/9c974f52145647cead4710acb49a127ba0bd0e3f\/village-romantitling.ufo\/glyphs\/ccedilla.glif","\/fonts\/Unpacking\/9c974f52145647cead4710acb49a127ba0bd0e3f\/village-romantitling.ufo\/glyphs\/cedilla.glif":"\/fonts\/Unpacking\/9c974f52145647cead4710acb49a127ba0bd0e3f\/village-romantitling.ufo\/glyphs\/cedilla.glif","\/fonts\/Unpacking\/9c974f52145647cead4710acb49a127ba0bd0e3f\/village-romantitling.ufo\/glyphs\/cent.glif":"\/fonts\/Unpacking\/9c974f52145647cead4710acb49a127ba0bd0e3f\/village-romantitling.ufo\/glyphs\/cent.glif","\/fonts\/Unpacking\/9c974f52145647cead4710acb49a127ba0bd0e3f\/village-romantitling.ufo\/glyphs\/circumflex.glif":"\/fonts\/Unpacking\/9c974f52145647cead4710acb49a127ba0bd0e3f\/village-romantitling.ufo\/glyphs\/circumflex.glif","\/fonts\/Unpacking\/9c974f52145647cead4710acb49a127ba0bd0e3f\/village-romantitling.ufo\/glyphs\/colon.glif":"\/fonts\/Unpacking\/9c974f52145647cead4710acb49a127ba0bd0e3f\/village-romantitling.ufo\/glyphs\/colon.glif","\/fonts\/Unpacking\/9c974f52145647cead4710acb49a127ba0bd0e3f\/village-romantitling.ufo\/glyphs\/comma.glif":"\/fonts\/Unpacking\/9c974f52145647cead4710acb49a127ba0bd0e3f\/village-romantitling.ufo\/glyphs\/comma.glif","\/fonts\/Unpacking\/9c974f52145647cead4710acb49a127ba0bd0e3f\/village-romantitling.ufo\/glyphs\/contents.plist":"\/fonts\/Unpacking\/9c974f52145647cead4710acb49a127ba0bd0e3f\/village-romantitling.ufo\/glyphs\/contents.plist","\/fonts\/Unpacking\/9c974f52145647cead4710acb49a127ba0bd0e3f\/village-romantitling.ufo\/glyphs\/copyright.glif":"\/fonts\/Unpacking\/9c974f52145647cead4710acb49a127ba0bd0e3f\/village-romantitling.ufo\/glyphs\/copyright.glif","\/fonts\/Unpacking\/9c974f52145647cead4710acb49a127ba0bd0e3f\/village-romantitling.ufo\/glyphs\/currency.glif":"\/fonts\/Unpacking\/9c974f52145647cead4710acb49a127ba0bd0e3f\/village-romantitling.ufo\/glyphs\/currency.glif","\/fonts\/Unpacking\/9c974f52145647cead4710acb49a127ba0bd0e3f\/village-romantitling.ufo\/glyphs\/d.glif":"\/fonts\/Unpacking\/9c974f52145647cead4710acb49a127ba0bd0e3f\/village-romantitling.ufo\/glyphs\/d.glif","\/fonts\/Unpacking\/9c974f52145647cead4710acb49a127ba0bd0e3f\/village-romantitling.ufo\/glyphs\/dagger.glif":"\/fonts\/Unpacking\/9c974f52145647cead4710acb49a127ba0bd0e3f\/village-romantitling.ufo\/glyphs\/dagger.glif","\/fonts\/Unpacking\/9c974f52145647cead4710acb49a127ba0bd0e3f\/village-romantitling.ufo\/glyphs\/daggerdbl.glif":"\/fonts\/Unpacking\/9c974f52145647cead4710acb49a127ba0bd0e3f\/village-romantitling.ufo\/glyphs\/daggerdbl.glif","\/fonts\/Unpacking\/9c974f52145647cead4710acb49a127ba0bd0e3f\/village-romantitling.ufo\/glyphs\/degree.glif":"\/fonts\/Unpacking\/9c974f52145647cead4710acb49a127ba0bd0e3f\/village-romantitling.ufo\/glyphs\/degree.glif","\/fonts\/Unpacking\/9c974f52145647cead4710acb49a127ba0bd0e3f\/village-romantitling.ufo\/glyphs\/dieresis.glif":"\/fonts\/Unpacking\/9c974f52145647cead4710acb49a127ba0bd0e3f\/village-romantitling.ufo\/glyphs\/dieresis.glif","\/fonts\/Unpacking\/9c974f52145647cead4710acb49a127ba0bd0e3f\/village-romantitling.ufo\/glyphs\/divide.glif":"\/fonts\/Unpacking\/9c974f52145647cead4710acb49a127ba0bd0e3f\/village-romantitling.ufo\/glyphs\/divide.glif","\/fonts\/Unpacking\/9c974f52145647cead4710acb49a127ba0bd0e3f\/village-romantitling.ufo\/glyphs\/dollar.glif":"\/fonts\/Unpacking\/9c974f52145647cead4710acb49a127ba0bd0e3f\/village-romantitling.ufo\/glyphs\/dollar.glif","\/fonts\/Unpacking\/9c974f52145647cead4710acb49a127ba0bd0e3f\/village-romantitling.ufo\/glyphs\/dotaccent.glif":"\/fonts\/Unpacking\/9c974f52145647cead4710acb49a127ba0bd0e3f\/village-romantitling.ufo\/glyphs\/dotaccent.glif","\/fonts\/Unpacking\/9c974f52145647cead4710acb49a127ba0bd0e3f\/village-romantitling.ufo\/glyphs\/dotlessi.glif":"\/fonts\/Unpacking\/9c974f52145647cead4710acb49a127ba0bd0e3f\/village-romantitling.ufo\/glyphs\/dotlessi.glif","\/fonts\/Unpacking\/9c974f52145647cead4710acb49a127ba0bd0e3f\/village-romantitling.ufo\/glyphs\/e.glif":"\/fonts\/Unpacking\/9c974f52145647cead4710acb49a127ba0bd0e3f\/village-romantitling.ufo\/glyphs\/e.glif","\/fonts\/Unpacking\/9c974f52145647cead4710acb49a127ba0bd0e3f\/village-romantitling.ufo\/glyphs\/eacute.glif":"\/fonts\/Unpacking\/9c974f52145647cead4710acb49a127ba0bd0e3f\/village-romantitling.ufo\/glyphs\/eacute.glif","\/fonts\/Unpacking\/9c974f52145647cead4710acb49a127ba0bd0e3f\/village-romantitling.ufo\/glyphs\/ecircumflex.glif":"\/fonts\/Unpacking\/9c974f52145647cead4710acb49a127ba0bd0e3f\/village-romantitling.ufo\/glyphs\/ecircumflex.glif","\/fonts\/Unpacking\/9c974f52145647cead4710acb49a127ba0bd0e3f\/village-romantitling.ufo\/glyphs\/edieresis.glif":"\/fonts\/Unpacking\/9c974f52145647cead4710acb49a127ba0bd0e3f\/village-romantitling.ufo\/glyphs\/edieresis.glif","\/fonts\/Unpacking\/9c974f52145647cead4710acb49a127ba0bd0e3f\/village-romantitling.ufo\/glyphs\/egrave.glif":"\/fonts\/Unpacking\/9c974f52145647cead4710acb49a127ba0bd0e3f\/village-romantitling.ufo\/glyphs\/egrave.glif","\/fonts\/Unpacking\/9c974f52145647cead4710acb49a127ba0bd0e3f\/village-romantitling.ufo\/glyphs\/eight.glif":"\/fonts\/Unpacking\/9c974f52145647cead4710acb49a127ba0bd0e3f\/village-romantitling.ufo\/glyphs\/eight.glif","\/fonts\/Unpacking\/9c974f52145647cead4710acb49a127ba0bd0e3f\/village-romantitling.ufo\/glyphs\/ellipsis.glif":"\/fonts\/Unpacking\/9c974f52145647cead4710acb49a127ba0bd0e3f\/village-romantitling.ufo\/glyphs\/ellipsis.glif","\/fonts\/Unpacking\/9c974f52145647cead4710acb49a127ba0bd0e3f\/village-romantitling.ufo\/glyphs\/emdash.glif":"\/fonts\/Unpacking\/9c974f52145647cead4710acb49a127ba0bd0e3f\/village-romantitling.ufo\/glyphs\/emdash.glif","\/fonts\/Unpacking\/9c974f52145647cead4710acb49a127ba0bd0e3f\/village-romantitling.ufo\/glyphs\/endash.glif":"\/fonts\/Unpacking\/9c974f52145647cead4710acb49a127ba0bd0e3f\/village-romantitling.ufo\/glyphs\/endash.glif","\/fonts\/Unpacking\/9c974f52145647cead4710acb49a127ba0bd0e3f\/village-romantitling.ufo\/glyphs\/equal.glif":"\/fonts\/Unpacking\/9c974f52145647cead4710acb49a127ba0bd0e3f\/village-romantitling.ufo\/glyphs\/equal.glif","\/fonts\/Unpacking\/9c974f52145647cead4710acb49a127ba0bd0e3f\/village-romantitling.ufo\/glyphs\/eth.glif":"\/fonts\/Unpacking\/9c974f52145647cead4710acb49a127ba0bd0e3f\/village-romantitling.ufo\/glyphs\/eth.glif","\/fonts\/Unpacking\/9c974f52145647cead4710acb49a127ba0bd0e3f\/village-romantitling.ufo\/glyphs\/exclam.glif":"\/fonts\/Unpacking\/9c974f52145647cead4710acb49a127ba0bd0e3f\/village-romantitling.ufo\/glyphs\/exclam.glif","\/fonts\/Unpacking\/9c974f52145647cead4710acb49a127ba0bd0e3f\/village-romantitling.ufo\/glyphs\/exclamdown.glif":"\/fonts\/Unpacking\/9c974f52145647cead4710acb49a127ba0bd0e3f\/village-romantitling.ufo\/glyphs\/exclamdown.glif","\/fonts\/Unpacking\/9c974f52145647cead4710acb49a127ba0bd0e3f\/village-romantitling.ufo\/glyphs\/f.glif":"\/fonts\/Unpacking\/9c974f52145647cead4710acb49a127ba0bd0e3f\/village-romantitling.ufo\/glyphs\/f.glif","\/fonts\/Unpacking\/9c974f52145647cead4710acb49a127ba0bd0e3f\/village-romantitling.ufo\/glyphs\/fi.glif":"\/fonts\/Unpacking\/9c974f52145647cead4710acb49a127ba0bd0e3f\/village-romantitling.ufo\/glyphs\/fi.glif","\/fonts\/Unpacking\/9c974f52145647cead4710acb49a127ba0bd0e3f\/village-romantitling.ufo\/glyphs\/five.glif":"\/fonts\/Unpacking\/9c974f52145647cead4710acb49a127ba0bd0e3f\/village-romantitling.ufo\/glyphs\/five.glif","\/fonts\/Unpacking\/9c974f52145647cead4710acb49a127ba0bd0e3f\/village-romantitling.ufo\/glyphs\/fl.glif":"\/fonts\/Unpacking\/9c974f52145647cead4710acb49a127ba0bd0e3f\/village-romantitling.ufo\/glyphs\/fl.glif","\/fonts\/Unpacking\/9c974f52145647cead4710acb49a127ba0bd0e3f\/village-romantitling.ufo\/glyphs\/florin.glif":"\/fonts\/Unpacking\/9c974f52145647cead4710acb49a127ba0bd0e3f\/village-romantitling.ufo\/glyphs\/florin.glif","\/fonts\/Unpacking\/9c974f52145647cead4710acb49a127ba0bd0e3f\/village-romantitling.ufo\/glyphs\/four.glif":"\/fonts\/Unpacking\/9c974f52145647cead4710acb49a127ba0bd0e3f\/village-romantitling.ufo\/glyphs\/four.glif","\/fonts\/Unpacking\/9c974f52145647cead4710acb49a127ba0bd0e3f\/village-romantitling.ufo\/glyphs\/fraction.glif":"\/fonts\/Unpacking\/9c974f52145647cead4710acb49a127ba0bd0e3f\/village-romantitling.ufo\/glyphs\/fraction.glif","\/fonts\/Unpacking\/9c974f52145647cead4710acb49a127ba0bd0e3f\/village-romantitling.ufo\/glyphs\/g.glif":"\/fonts\/Unpacking\/9c974f52145647cead4710acb49a127ba0bd0e3f\/village-romantitling.ufo\/glyphs\/g.glif","\/fonts\/Unpacking\/9c974f52145647cead4710acb49a127ba0bd0e3f\/village-romantitling.ufo\/glyphs\/germandbls.glif":"\/fonts\/Unpacking\/9c974f52145647cead4710acb49a127ba0bd0e3f\/village-romantitling.ufo\/glyphs\/germandbls.glif","\/fonts\/Unpacking\/9c974f52145647cead4710acb49a127ba0bd0e3f\/village-romantitling.ufo\/glyphs\/grave.glif":"\/fonts\/Unpacking\/9c974f52145647cead4710acb49a127ba0bd0e3f\/village-romantitling.ufo\/glyphs\/grave.glif","\/fonts\/Unpacking\/9c974f52145647cead4710acb49a127ba0bd0e3f\/village-romantitling.ufo\/glyphs\/greater.glif":"\/fonts\/Unpacking\/9c974f52145647cead4710acb49a127ba0bd0e3f\/village-romantitling.ufo\/glyphs\/greater.glif","\/fonts\/Unpacking\/9c974f52145647cead4710acb49a127ba0bd0e3f\/village-romantitling.ufo\/glyphs\/greaterequal.glif":"\/fonts\/Unpacking\/9c974f52145647cead4710acb49a127ba0bd0e3f\/village-romantitling.ufo\/glyphs\/greaterequal.glif","\/fonts\/Unpacking\/9c974f52145647cead4710acb49a127ba0bd0e3f\/village-romantitling.ufo\/glyphs\/guillemotleft.glif":"\/fonts\/Unpacking\/9c974f52145647cead4710acb49a127ba0bd0e3f\/village-romantitling.ufo\/glyphs\/guillemotleft.glif","\/fonts\/Unpacking\/9c974f52145647cead4710acb49a127ba0bd0e3f\/village-romantitling.ufo\/glyphs\/guillemotright.glif":"\/fonts\/Unpacking\/9c974f52145647cead4710acb49a127ba0bd0e3f\/village-romantitling.ufo\/glyphs\/guillemotright.glif","\/fonts\/Unpacking\/9c974f52145647cead4710acb49a127ba0bd0e3f\/village-romantitling.ufo\/glyphs\/guilsinglleft.glif":"\/fonts\/Unpacking\/9c974f52145647cead4710acb49a127ba0bd0e3f\/village-romantitling.ufo\/glyphs\/guilsinglleft.glif","\/fonts\/Unpacking\/9c974f52145647cead4710acb49a127ba0bd0e3f\/village-romantitling.ufo\/glyphs\/guilsinglright.glif":"\/fonts\/Unpacking\/9c974f52145647cead4710acb49a127ba0bd0e3f\/village-romantitling.ufo\/glyphs\/guilsinglright.glif","\/fonts\/Unpacking\/9c974f52145647cead4710acb49a127ba0bd0e3f\/village-romantitling.ufo\/glyphs\/h.glif":"\/fonts\/Unpacking\/9c974f52145647cead4710acb49a127ba0bd0e3f\/village-romantitling.ufo\/glyphs\/h.glif","\/fonts\/Unpacking\/9c974f52145647cead4710acb49a127ba0bd0e3f\/village-romantitling.ufo\/glyphs\/hungarumlaut.glif":"\/fonts\/Unpacking\/9c974f52145647cead4710acb49a127ba0bd0e3f\/village-romantitling.ufo\/glyphs\/hungarumlaut.glif","\/fonts\/Unpacking\/9c974f52145647cead4710acb49a127ba0bd0e3f\/village-romantitling.ufo\/glyphs\/hyphen.glif":"\/fonts\/Unpacking\/9c974f52145647cead4710acb49a127ba0bd0e3f\/village-romantitling.ufo\/glyphs\/hyphen.glif","\/fonts\/Unpacking\/9c974f52145647cead4710acb49a127ba0bd0e3f\/village-romantitling.ufo\/glyphs\/i.glif":"\/fonts\/Unpacking\/9c974f52145647cead4710acb49a127ba0bd0e3f\/village-romantitling.ufo\/glyphs\/i.glif","\/fonts\/Unpacking\/9c974f52145647cead4710acb49a127ba0bd0e3f\/village-romantitling.ufo\/glyphs\/iacute.glif":"\/fonts\/Unpacking\/9c974f52145647cead4710acb49a127ba0bd0e3f\/village-romantitling.ufo\/glyphs\/iacute.glif","\/fonts\/Unpacking\/9c974f52145647cead4710acb49a127ba0bd0e3f\/village-romantitling.ufo\/glyphs\/icircumflex.glif":"\/fonts\/Unpacking\/9c974f52145647cead4710acb49a127ba0bd0e3f\/village-romantitling.ufo\/glyphs\/icircumflex.glif","\/fonts\/Unpacking\/9c974f52145647cead4710acb49a127ba0bd0e3f\/village-romantitling.ufo\/glyphs\/idieresis.glif":"\/fonts\/Unpacking\/9c974f52145647cead4710acb49a127ba0bd0e3f\/village-romantitling.ufo\/glyphs\/idieresis.glif","\/fonts\/Unpacking\/9c974f52145647cead4710acb49a127ba0bd0e3f\/village-romantitling.ufo\/glyphs\/igrave.glif":"\/fonts\/Unpacking\/9c974f52145647cead4710acb49a127ba0bd0e3f\/village-romantitling.ufo\/glyphs\/igrave.glif","\/fonts\/Unpacking\/9c974f52145647cead4710acb49a127ba0bd0e3f\/village-romantitling.ufo\/glyphs\/infinity.glif":"\/fonts\/Unpacking\/9c974f52145647cead4710acb49a127ba0bd0e3f\/village-romantitling.ufo\/glyphs\/infinity.glif","\/fonts\/Unpacking\/9c974f52145647cead4710acb49a127ba0bd0e3f\/village-romantitling.ufo\/glyphs\/integral.glif":"\/fonts\/Unpacking\/9c974f52145647cead4710acb49a127ba0bd0e3f\/village-romantitling.ufo\/glyphs\/integral.glif","\/fonts\/Unpacking\/9c974f52145647cead4710acb49a127ba0bd0e3f\/village-romantitling.ufo\/glyphs\/j.glif":"\/fonts\/Unpacking\/9c974f52145647cead4710acb49a127ba0bd0e3f\/village-romantitling.ufo\/glyphs\/j.glif","\/fonts\/Unpacking\/9c974f52145647cead4710acb49a127ba0bd0e3f\/village-romantitling.ufo\/glyphs\/k.glif":"\/fonts\/Unpacking\/9c974f52145647cead4710acb49a127ba0bd0e3f\/village-romantitling.ufo\/glyphs\/k.glif","\/fonts\/Unpacking\/9c974f52145647cead4710acb49a127ba0bd0e3f\/village-romantitling.ufo\/glyphs\/l.glif":"\/fonts\/Unpacking\/9c974f52145647cead4710acb49a127ba0bd0e3f\/village-romantitling.ufo\/glyphs\/l.glif","\/fonts\/Unpacking\/9c974f52145647cead4710acb49a127ba0bd0e3f\/village-romantitling.ufo\/glyphs\/less.glif":"\/fonts\/Unpacking\/9c974f52145647cead4710acb49a127ba0bd0e3f\/village-romantitling.ufo\/glyphs\/less.glif","\/fonts\/Unpacking\/9c974f52145647cead4710acb49a127ba0bd0e3f\/village-romantitling.ufo\/glyphs\/lessequal.glif":"\/fonts\/Unpacking\/9c974f52145647cead4710acb49a127ba0bd0e3f\/village-romantitling.ufo\/glyphs\/lessequal.glif","\/fonts\/Unpacking\/9c974f52145647cead4710acb49a127ba0bd0e3f\/village-romantitling.ufo\/glyphs\/logicalnot.glif":"\/fonts\/Unpacking\/9c974f52145647cead4710acb49a127ba0bd0e3f\/village-romantitling.ufo\/glyphs\/logicalnot.glif","\/fonts\/Unpacking\/9c974f52145647cead4710acb49a127ba0bd0e3f\/village-romantitling.ufo\/glyphs\/lozenge.glif":"\/fonts\/Unpacking\/9c974f52145647cead4710acb49a127ba0bd0e3f\/village-romantitling.ufo\/glyphs\/lozenge.glif","\/fonts\/Unpacking\/9c974f52145647cead4710acb49a127ba0bd0e3f\/village-romantitling.ufo\/glyphs\/lslash.glif":"\/fonts\/Unpacking\/9c974f52145647cead4710acb49a127ba0bd0e3f\/village-romantitling.ufo\/glyphs\/lslash.glif","\/fonts\/Unpacking\/9c974f52145647cead4710acb49a127ba0bd0e3f\/village-romantitling.ufo\/glyphs\/m.glif":"\/fonts\/Unpacking\/9c974f52145647cead4710acb49a127ba0bd0e3f\/village-romantitling.ufo\/glyphs\/m.glif","\/fonts\/Unpacking\/9c974f52145647cead4710acb49a127ba0bd0e3f\/village-romantitling.ufo\/glyphs\/macron.glif":"\/fonts\/Unpacking\/9c974f52145647cead4710acb49a127ba0bd0e3f\/village-romantitling.ufo\/glyphs\/macron.glif","\/fonts\/Unpacking\/9c974f52145647cead4710acb49a127ba0bd0e3f\/village-romantitling.ufo\/glyphs\/minus.glif":"\/fonts\/Unpacking\/9c974f52145647cead4710acb49a127ba0bd0e3f\/village-romantitling.ufo\/glyphs\/minus.glif","\/fonts\/Unpacking\/9c974f52145647cead4710acb49a127ba0bd0e3f\/village-romantitling.ufo\/glyphs\/mu.glif":"\/fonts\/Unpacking\/9c974f52145647cead4710acb49a127ba0bd0e3f\/village-romantitling.ufo\/glyphs\/mu.glif","\/fonts\/Unpacking\/9c974f52145647cead4710acb49a127ba0bd0e3f\/village-romantitling.ufo\/glyphs\/multiply.glif":"\/fonts\/Unpacking\/9c974f52145647cead4710acb49a127ba0bd0e3f\/village-romantitling.ufo\/glyphs\/multiply.glif","\/fonts\/Unpacking\/9c974f52145647cead4710acb49a127ba0bd0e3f\/village-romantitling.ufo\/glyphs\/n.glif":"\/fonts\/Unpacking\/9c974f52145647cead4710acb49a127ba0bd0e3f\/village-romantitling.ufo\/glyphs\/n.glif","\/fonts\/Unpacking\/9c974f52145647cead4710acb49a127ba0bd0e3f\/village-romantitling.ufo\/glyphs\/nbspace.glif":"\/fonts\/Unpacking\/9c974f52145647cead4710acb49a127ba0bd0e3f\/village-romantitling.ufo\/glyphs\/nbspace.glif","\/fonts\/Unpacking\/9c974f52145647cead4710acb49a127ba0bd0e3f\/village-romantitling.ufo\/glyphs\/nine.glif":"\/fonts\/Unpacking\/9c974f52145647cead4710acb49a127ba0bd0e3f\/village-romantitling.ufo\/glyphs\/nine.glif","\/fonts\/Unpacking\/9c974f52145647cead4710acb49a127ba0bd0e3f\/village-romantitling.ufo\/glyphs\/notequal.glif":"\/fonts\/Unpacking\/9c974f52145647cead4710acb49a127ba0bd0e3f\/village-romantitling.ufo\/glyphs\/notequal.glif","\/fonts\/Unpacking\/9c974f52145647cead4710acb49a127ba0bd0e3f\/village-romantitling.ufo\/glyphs\/ntilde.glif":"\/fonts\/Unpacking\/9c974f52145647cead4710acb49a127ba0bd0e3f\/village-romantitling.ufo\/glyphs\/ntilde.glif","\/fonts\/Unpacking\/9c974f52145647cead4710acb49a127ba0bd0e3f\/village-romantitling.ufo\/glyphs\/numbersign.glif":"\/fonts\/Unpacking\/9c974f52145647cead4710acb49a127ba0bd0e3f\/village-romantitling.ufo\/glyphs\/numbersign.glif","\/fonts\/Unpacking\/9c974f52145647cead4710acb49a127ba0bd0e3f\/village-romantitling.ufo\/glyphs\/o.glif":"\/fonts\/Unpacking\/9c974f52145647cead4710acb49a127ba0bd0e3f\/village-romantitling.ufo\/glyphs\/o.glif","\/fonts\/Unpacking\/9c974f52145647cead4710acb49a127ba0bd0e3f\/village-romantitling.ufo\/glyphs\/oacute.glif":"\/fonts\/Unpacking\/9c974f52145647cead4710acb49a127ba0bd0e3f\/village-romantitling.ufo\/glyphs\/oacute.glif","\/fonts\/Unpacking\/9c974f52145647cead4710acb49a127ba0bd0e3f\/village-romantitling.ufo\/glyphs\/ocircumflex.glif":"\/fonts\/Unpacking\/9c974f52145647cead4710acb49a127ba0bd0e3f\/village-romantitling.ufo\/glyphs\/ocircumflex.glif","\/fonts\/Unpacking\/9c974f52145647cead4710acb49a127ba0bd0e3f\/village-romantitling.ufo\/glyphs\/odieresis.glif":"\/fonts\/Unpacking\/9c974f52145647cead4710acb49a127ba0bd0e3f\/village-romantitling.ufo\/glyphs\/odieresis.glif","\/fonts\/Unpacking\/9c974f52145647cead4710acb49a127ba0bd0e3f\/village-romantitling.ufo\/glyphs\/oe.glif":"\/fonts\/Unpacking\/9c974f52145647cead4710acb49a127ba0bd0e3f\/village-romantitling.ufo\/glyphs\/oe.glif","\/fonts\/Unpacking\/9c974f52145647cead4710acb49a127ba0bd0e3f\/village-romantitling.ufo\/glyphs\/ogonek.glif":"\/fonts\/Unpacking\/9c974f52145647cead4710acb49a127ba0bd0e3f\/village-romantitling.ufo\/glyphs\/ogonek.glif","\/fonts\/Unpacking\/9c974f52145647cead4710acb49a127ba0bd0e3f\/village-romantitling.ufo\/glyphs\/ograve.glif":"\/fonts\/Unpacking\/9c974f52145647cead4710acb49a127ba0bd0e3f\/village-romantitling.ufo\/glyphs\/ograve.glif","\/fonts\/Unpacking\/9c974f52145647cead4710acb49a127ba0bd0e3f\/village-romantitling.ufo\/glyphs\/one.glif":"\/fonts\/Unpacking\/9c974f52145647cead4710acb49a127ba0bd0e3f\/village-romantitling.ufo\/glyphs\/one.glif","\/fonts\/Unpacking\/9c974f52145647cead4710acb49a127ba0bd0e3f\/village-romantitling.ufo\/glyphs\/onehalf.glif":"\/fonts\/Unpacking\/9c974f52145647cead4710acb49a127ba0bd0e3f\/village-romantitling.ufo\/glyphs\/onehalf.glif","\/fonts\/Unpacking\/9c974f52145647cead4710acb49a127ba0bd0e3f\/village-romantitling.ufo\/glyphs\/onequarter.glif":"\/fonts\/Unpacking\/9c974f52145647cead4710acb49a127ba0bd0e3f\/village-romantitling.ufo\/glyphs\/onequarter.glif","\/fonts\/Unpacking\/9c974f52145647cead4710acb49a127ba0bd0e3f\/village-romantitling.ufo\/glyphs\/onesuperior.glif":"\/fonts\/Unpacking\/9c974f52145647cead4710acb49a127ba0bd0e3f\/village-romantitling.ufo\/glyphs\/onesuperior.glif","\/fonts\/Unpacking\/9c974f52145647cead4710acb49a127ba0bd0e3f\/village-romantitling.ufo\/glyphs\/ordfeminine.glif":"\/fonts\/Unpacking\/9c974f52145647cead4710acb49a127ba0bd0e3f\/village-romantitling.ufo\/glyphs\/ordfeminine.glif","\/fonts\/Unpacking\/9c974f52145647cead4710acb49a127ba0bd0e3f\/village-romantitling.ufo\/glyphs\/ordmasculine.glif":"\/fonts\/Unpacking\/9c974f52145647cead4710acb49a127ba0bd0e3f\/village-romantitling.ufo\/glyphs\/ordmasculine.glif","\/fonts\/Unpacking\/9c974f52145647cead4710acb49a127ba0bd0e3f\/village-romantitling.ufo\/glyphs\/oslash.glif":"\/fonts\/Unpacking\/9c974f52145647cead4710acb49a127ba0bd0e3f\/village-romantitling.ufo\/glyphs\/oslash.glif","\/fonts\/Unpacking\/9c974f52145647cead4710acb49a127ba0bd0e3f\/village-romantitling.ufo\/glyphs\/otilde.glif":"\/fonts\/Unpacking\/9c974f52145647cead4710acb49a127ba0bd0e3f\/village-romantitling.ufo\/glyphs\/otilde.glif","\/fonts\/Unpacking\/9c974f52145647cead4710acb49a127ba0bd0e3f\/village-romantitling.ufo\/glyphs\/p.glif":"\/fonts\/Unpacking\/9c974f52145647cead4710acb49a127ba0bd0e3f\/village-romantitling.ufo\/glyphs\/p.glif","\/fonts\/Unpacking\/9c974f52145647cead4710acb49a127ba0bd0e3f\/village-romantitling.ufo\/glyphs\/paragraph.glif":"\/fonts\/Unpacking\/9c974f52145647cead4710acb49a127ba0bd0e3f\/village-romantitling.ufo\/glyphs\/paragraph.glif","\/fonts\/Unpacking\/9c974f52145647cead4710acb49a127ba0bd0e3f\/village-romantitling.ufo\/glyphs\/parenleft.glif":"\/fonts\/Unpacking\/9c974f52145647cead4710acb49a127ba0bd0e3f\/village-romantitling.ufo\/glyphs\/parenleft.glif","\/fonts\/Unpacking\/9c974f52145647cead4710acb49a127ba0bd0e3f\/village-romantitling.ufo\/glyphs\/parenright.glif":"\/fonts\/Unpacking\/9c974f52145647cead4710acb49a127ba0bd0e3f\/village-romantitling.ufo\/glyphs\/parenright.glif","\/fonts\/Unpacking\/9c974f52145647cead4710acb49a127ba0bd0e3f\/village-romantitling.ufo\/glyphs\/partialdiff.glif":"\/fonts\/Unpacking\/9c974f52145647cead4710acb49a127ba0bd0e3f\/village-romantitling.ufo\/glyphs\/partialdiff.glif","\/fonts\/Unpacking\/9c974f52145647cead4710acb49a127ba0bd0e3f\/village-romantitling.ufo\/glyphs\/percent.glif":"\/fonts\/Unpacking\/9c974f52145647cead4710acb49a127ba0bd0e3f\/village-romantitling.ufo\/glyphs\/percent.glif","\/fonts\/Unpacking\/9c974f52145647cead4710acb49a127ba0bd0e3f\/village-romantitling.ufo\/glyphs\/period.glif":"\/fonts\/Unpacking\/9c974f52145647cead4710acb49a127ba0bd0e3f\/village-romantitling.ufo\/glyphs\/period.glif","\/fonts\/Unpacking\/9c974f52145647cead4710acb49a127ba0bd0e3f\/village-romantitling.ufo\/glyphs\/periodcentered.glif":"\/fonts\/Unpacking\/9c974f52145647cead4710acb49a127ba0bd0e3f\/village-romantitling.ufo\/glyphs\/periodcentered.glif","\/fonts\/Unpacking\/9c974f52145647cead4710acb49a127ba0bd0e3f\/village-romantitling.ufo\/glyphs\/perthousand.glif":"\/fonts\/Unpacking\/9c974f52145647cead4710acb49a127ba0bd0e3f\/village-romantitling.ufo\/glyphs\/perthousand.glif","\/fonts\/Unpacking\/9c974f52145647cead4710acb49a127ba0bd0e3f\/village-romantitling.ufo\/glyphs\/pi.glif":"\/fonts\/Unpacking\/9c974f52145647cead4710acb49a127ba0bd0e3f\/village-romantitling.ufo\/glyphs\/pi.glif","\/fonts\/Unpacking\/9c974f52145647cead4710acb49a127ba0bd0e3f\/village-romantitling.ufo\/glyphs\/plus.glif":"\/fonts\/Unpacking\/9c974f52145647cead4710acb49a127ba0bd0e3f\/village-romantitling.ufo\/glyphs\/plus.glif","\/fonts\/Unpacking\/9c974f52145647cead4710acb49a127ba0bd0e3f\/village-romantitling.ufo\/glyphs\/plusminus.glif":"\/fonts\/Unpacking\/9c974f52145647cead4710acb49a127ba0bd0e3f\/village-romantitling.ufo\/glyphs\/plusminus.glif","\/fonts\/Unpacking\/9c974f52145647cead4710acb49a127ba0bd0e3f\/village-romantitling.ufo\/glyphs\/product.glif":"\/fonts\/Unpacking\/9c974f52145647cead4710acb49a127ba0bd0e3f\/village-romantitling.ufo\/glyphs\/product.glif","\/fonts\/Unpacking\/9c974f52145647cead4710acb49a127ba0bd0e3f\/village-romantitling.ufo\/glyphs\/q.glif":"\/fonts\/Unpacking\/9c974f52145647cead4710acb49a127ba0bd0e3f\/village-romantitling.ufo\/glyphs\/q.glif","\/fonts\/Unpacking\/9c974f52145647cead4710acb49a127ba0bd0e3f\/village-romantitling.ufo\/glyphs\/question.glif":"\/fonts\/Unpacking\/9c974f52145647cead4710acb49a127ba0bd0e3f\/village-romantitling.ufo\/glyphs\/question.glif","\/fonts\/Unpacking\/9c974f52145647cead4710acb49a127ba0bd0e3f\/village-romantitling.ufo\/glyphs\/questiondown.glif":"\/fonts\/Unpacking\/9c974f52145647cead4710acb49a127ba0bd0e3f\/village-romantitling.ufo\/glyphs\/questiondown.glif","\/fonts\/Unpacking\/9c974f52145647cead4710acb49a127ba0bd0e3f\/village-romantitling.ufo\/glyphs\/quotedbl.glif":"\/fonts\/Unpacking\/9c974f52145647cead4710acb49a127ba0bd0e3f\/village-romantitling.ufo\/glyphs\/quotedbl.glif","\/fonts\/Unpacking\/9c974f52145647cead4710acb49a127ba0bd0e3f\/village-romantitling.ufo\/glyphs\/quotedblbase.glif":"\/fonts\/Unpacking\/9c974f52145647cead4710acb49a127ba0bd0e3f\/village-romantitling.ufo\/glyphs\/quotedblbase.glif","\/fonts\/Unpacking\/9c974f52145647cead4710acb49a127ba0bd0e3f\/village-romantitling.ufo\/glyphs\/quotedblleft.glif":"\/fonts\/Unpacking\/9c974f52145647cead4710acb49a127ba0bd0e3f\/village-romantitling.ufo\/glyphs\/quotedblleft.glif","\/fonts\/Unpacking\/9c974f52145647cead4710acb49a127ba0bd0e3f\/village-romantitling.ufo\/glyphs\/quotedblright.glif":"\/fonts\/Unpacking\/9c974f52145647cead4710acb49a127ba0bd0e3f\/village-romantitling.ufo\/glyphs\/quotedblright.glif","\/fonts\/Unpacking\/9c974f52145647cead4710acb49a127ba0bd0e3f\/village-romantitling.ufo\/glyphs\/quoteleft.glif":"\/fonts\/Unpacking\/9c974f52145647cead4710acb49a127ba0bd0e3f\/village-romantitling.ufo\/glyphs\/quoteleft.glif","\/fonts\/Unpacking\/9c974f52145647cead4710acb49a127ba0bd0e3f\/village-romantitling.ufo\/glyphs\/quoteright.glif":"\/fonts\/Unpacking\/9c974f52145647cead4710acb49a127ba0bd0e3f\/village-romantitling.ufo\/glyphs\/quoteright.glif","\/fonts\/Unpacking\/9c974f52145647cead4710acb49a127ba0bd0e3f\/village-romantitling.ufo\/glyphs\/quotesinglbase.glif":"\/fonts\/Unpacking\/9c974f52145647cead4710acb49a127ba0bd0e3f\/village-romantitling.ufo\/glyphs\/quotesinglbase.glif","\/fonts\/Unpacking\/9c974f52145647cead4710acb49a127ba0bd0e3f\/village-romantitling.ufo\/glyphs\/quotesingle.glif":"\/fonts\/Unpacking\/9c974f52145647cead4710acb49a127ba0bd0e3f\/village-romantitling.ufo\/glyphs\/quotesingle.glif","\/fonts\/Unpacking\/9c974f52145647cead4710acb49a127ba0bd0e3f\/village-romantitling.ufo\/glyphs\/r.glif":"\/fonts\/Unpacking\/9c974f52145647cead4710acb49a127ba0bd0e3f\/village-romantitling.ufo\/glyphs\/r.glif","\/fonts\/Unpacking\/9c974f52145647cead4710acb49a127ba0bd0e3f\/village-romantitling.ufo\/glyphs\/radical.glif":"\/fonts\/Unpacking\/9c974f52145647cead4710acb49a127ba0bd0e3f\/village-romantitling.ufo\/glyphs\/radical.glif","\/fonts\/Unpacking\/9c974f52145647cead4710acb49a127ba0bd0e3f\/village-romantitling.ufo\/glyphs\/registered.glif":"\/fonts\/Unpacking\/9c974f52145647cead4710acb49a127ba0bd0e3f\/village-romantitling.ufo\/glyphs\/registered.glif","\/fonts\/Unpacking\/9c974f52145647cead4710acb49a127ba0bd0e3f\/village-romantitling.ufo\/glyphs\/ring.glif":"\/fonts\/Unpacking\/9c974f52145647cead4710acb49a127ba0bd0e3f\/village-romantitling.ufo\/glyphs\/ring.glif","\/fonts\/Unpacking\/9c974f52145647cead4710acb49a127ba0bd0e3f\/village-romantitling.ufo\/glyphs\/s.glif":"\/fonts\/Unpacking\/9c974f52145647cead4710acb49a127ba0bd0e3f\/village-romantitling.ufo\/glyphs\/s.glif","\/fonts\/Unpacking\/9c974f52145647cead4710acb49a127ba0bd0e3f\/village-romantitling.ufo\/glyphs\/scaron.glif":"\/fonts\/Unpacking\/9c974f52145647cead4710acb49a127ba0bd0e3f\/village-romantitling.ufo\/glyphs\/scaron.glif","\/fonts\/Unpacking\/9c974f52145647cead4710acb49a127ba0bd0e3f\/village-romantitling.ufo\/glyphs\/section.glif":"\/fonts\/Unpacking\/9c974f52145647cead4710acb49a127ba0bd0e3f\/village-romantitling.ufo\/glyphs\/section.glif","\/fonts\/Unpacking\/9c974f52145647cead4710acb49a127ba0bd0e3f\/village-romantitling.ufo\/glyphs\/semicolon.glif":"\/fonts\/Unpacking\/9c974f52145647cead4710acb49a127ba0bd0e3f\/village-romantitling.ufo\/glyphs\/semicolon.glif","\/fonts\/Unpacking\/9c974f52145647cead4710acb49a127ba0bd0e3f\/village-romantitling.ufo\/glyphs\/seven.glif":"\/fonts\/Unpacking\/9c974f52145647cead4710acb49a127ba0bd0e3f\/village-romantitling.ufo\/glyphs\/seven.glif","\/fonts\/Unpacking\/9c974f52145647cead4710acb49a127ba0bd0e3f\/village-romantitling.ufo\/glyphs\/six.glif":"\/fonts\/Unpacking\/9c974f52145647cead4710acb49a127ba0bd0e3f\/village-romantitling.ufo\/glyphs\/six.glif","\/fonts\/Unpacking\/9c974f52145647cead4710acb49a127ba0bd0e3f\/village-romantitling.ufo\/glyphs\/slash.glif":"\/fonts\/Unpacking\/9c974f52145647cead4710acb49a127ba0bd0e3f\/village-romantitling.ufo\/glyphs\/slash.glif","\/fonts\/Unpacking\/9c974f52145647cead4710acb49a127ba0bd0e3f\/village-romantitling.ufo\/glyphs\/space.glif":"\/fonts\/Unpacking\/9c974f52145647cead4710acb49a127ba0bd0e3f\/village-romantitling.ufo\/glyphs\/space.glif","\/fonts\/Unpacking\/9c974f52145647cead4710acb49a127ba0bd0e3f\/village-romantitling.ufo\/glyphs\/sterling.glif":"\/fonts\/Unpacking\/9c974f52145647cead4710acb49a127ba0bd0e3f\/village-romantitling.ufo\/glyphs\/sterling.glif","\/fonts\/Unpacking\/9c974f52145647cead4710acb49a127ba0bd0e3f\/village-romantitling.ufo\/glyphs\/summation.glif":"\/fonts\/Unpacking\/9c974f52145647cead4710acb49a127ba0bd0e3f\/village-romantitling.ufo\/glyphs\/summation.glif","\/fonts\/Unpacking\/9c974f52145647cead4710acb49a127ba0bd0e3f\/village-romantitling.ufo\/glyphs\/t.glif":"\/fonts\/Unpacking\/9c974f52145647cead4710acb49a127ba0bd0e3f\/village-romantitling.ufo\/glyphs\/t.glif","\/fonts\/Unpacking\/9c974f52145647cead4710acb49a127ba0bd0e3f\/village-romantitling.ufo\/glyphs\/thorn.glif":"\/fonts\/Unpacking\/9c974f52145647cead4710acb49a127ba0bd0e3f\/village-romantitling.ufo\/glyphs\/thorn.glif","\/fonts\/Unpacking\/9c974f52145647cead4710acb49a127ba0bd0e3f\/village-romantitling.ufo\/glyphs\/three.glif":"\/fonts\/Unpacking\/9c974f52145647cead4710acb49a127ba0bd0e3f\/village-romantitling.ufo\/glyphs\/three.glif","\/fonts\/Unpacking\/9c974f52145647cead4710acb49a127ba0bd0e3f\/village-romantitling.ufo\/glyphs\/threequarters.glif":"\/fonts\/Unpacking\/9c974f52145647cead4710acb49a127ba0bd0e3f\/village-romantitling.ufo\/glyphs\/threequarters.glif","\/fonts\/Unpacking\/9c974f52145647cead4710acb49a127ba0bd0e3f\/village-romantitling.ufo\/glyphs\/threesuperior.glif":"\/fonts\/Unpacking\/9c974f52145647cead4710acb49a127ba0bd0e3f\/village-romantitling.ufo\/glyphs\/threesuperior.glif","\/fonts\/Unpacking\/9c974f52145647cead4710acb49a127ba0bd0e3f\/village-romantitling.ufo\/glyphs\/tilde.glif":"\/fonts\/Unpacking\/9c974f52145647cead4710acb49a127ba0bd0e3f\/village-romantitling.ufo\/glyphs\/tilde.glif","\/fonts\/Unpacking\/9c974f52145647cead4710acb49a127ba0bd0e3f\/village-romantitling.ufo\/glyphs\/trademark.glif":"\/fonts\/Unpacking\/9c974f52145647cead4710acb49a127ba0bd0e3f\/village-romantitling.ufo\/glyphs\/trademark.glif","\/fonts\/Unpacking\/9c974f52145647cead4710acb49a127ba0bd0e3f\/village-romantitling.ufo\/glyphs\/two.glif":"\/fonts\/Unpacking\/9c974f52145647cead4710acb49a127ba0bd0e3f\/village-romantitling.ufo\/glyphs\/two.glif","\/fonts\/Unpacking\/9c974f52145647cead4710acb49a127ba0bd0e3f\/village-romantitling.ufo\/glyphs\/twosuperior.glif":"\/fonts\/Unpacking\/9c974f52145647cead4710acb49a127ba0bd0e3f\/village-romantitling.ufo\/glyphs\/twosuperior.glif","\/fonts\/Unpacking\/9c974f52145647cead4710acb49a127ba0bd0e3f\/village-romantitling.ufo\/glyphs\/u.glif":"\/fonts\/Unpacking\/9c974f52145647cead4710acb49a127ba0bd0e3f\/village-romantitling.ufo\/glyphs\/u.glif","\/fonts\/Unpacking\/9c974f52145647cead4710acb49a127ba0bd0e3f\/village-romantitling.ufo\/glyphs\/uacute.glif":"\/fonts\/Unpacking\/9c974f52145647cead4710acb49a127ba0bd0e3f\/village-romantitling.ufo\/glyphs\/uacute.glif","\/fonts\/Unpacking\/9c974f52145647cead4710acb49a127ba0bd0e3f\/village-romantitling.ufo\/glyphs\/ucircumflex.glif":"\/fonts\/Unpacking\/9c974f52145647cead4710acb49a127ba0bd0e3f\/village-romantitling.ufo\/glyphs\/ucircumflex.glif","\/fonts\/Unpacking\/9c974f52145647cead4710acb49a127ba0bd0e3f\/village-romantitling.ufo\/glyphs\/udieresis.glif":"\/fonts\/Unpacking\/9c974f52145647cead4710acb49a127ba0bd0e3f\/village-romantitling.ufo\/glyphs\/udieresis.glif","\/fonts\/Unpacking\/9c974f52145647cead4710acb49a127ba0bd0e3f\/village-romantitling.ufo\/glyphs\/ugrave.glif":"\/fonts\/Unpacking\/9c974f52145647cead4710acb49a127ba0bd0e3f\/village-romantitling.ufo\/glyphs\/ugrave.glif","\/fonts\/Unpacking\/9c974f52145647cead4710acb49a127ba0bd0e3f\/village-romantitling.ufo\/glyphs\/underscore.glif":"\/fonts\/Unpacking\/9c974f52145647cead4710acb49a127ba0bd0e3f\/village-romantitling.ufo\/glyphs\/underscore.glif","\/fonts\/Unpacking\/9c974f52145647cead4710acb49a127ba0bd0e3f\/village-romantitling.ufo\/glyphs\/v.glif":"\/fonts\/Unpacking\/9c974f52145647cead4710acb49a127ba0bd0e3f\/village-romantitling.ufo\/glyphs\/v.glif","\/fonts\/Unpacking\/9c974f52145647cead4710acb49a127ba0bd0e3f\/village-romantitling.ufo\/glyphs\/w.glif":"\/fonts\/Unpacking\/9c974f52145647cead4710acb49a127ba0bd0e3f\/village-romantitling.ufo\/glyphs\/w.glif","\/fonts\/Unpacking\/9c974f52145647cead4710acb49a127ba0bd0e3f\/village-romantitling.ufo\/glyphs\/x.glif":"\/fonts\/Unpacking\/9c974f52145647cead4710acb49a127ba0bd0e3f\/village-romantitling.ufo\/glyphs\/x.glif","\/fonts\/Unpacking\/9c974f52145647cead4710acb49a127ba0bd0e3f\/village-romantitling.ufo\/glyphs\/y.glif":"\/fonts\/Unpacking\/9c974f52145647cead4710acb49a127ba0bd0e3f\/village-romantitling.ufo\/glyphs\/y.glif","\/fonts\/Unpacking\/9c974f52145647cead4710acb49a127ba0bd0e3f\/village-romantitling.ufo\/glyphs\/yacute.glif":"\/fonts\/Unpacking\/9c974f52145647cead4710acb49a127ba0bd0e3f\/village-romantitling.ufo\/glyphs\/yacute.glif","\/fonts\/Unpacking\/9c974f52145647cead4710acb49a127ba0bd0e3f\/village-romantitling.ufo\/glyphs\/ydieresis.glif":"\/fonts\/Unpacking\/9c974f52145647cead4710acb49a127ba0bd0e3f\/village-romantitling.ufo\/glyphs\/ydieresis.glif","\/fonts\/Unpacking\/9c974f52145647cead4710acb49a127ba0bd0e3f\/village-romantitling.ufo\/glyphs\/yen.glif":"\/fonts\/Unpacking\/9c974f52145647cead4710acb49a127ba0bd0e3f\/village-romantitling.ufo\/glyphs\/yen.glif","\/fonts\/Unpacking\/9c974f52145647cead4710acb49a127ba0bd0e3f\/village-romantitling.ufo\/glyphs\/z.glif":"\/fonts\/Unpacking\/9c974f52145647cead4710acb49a127ba0bd0e3f\/village-romantitling.ufo\/glyphs\/z.glif","\/fonts\/Unpacking\/9c974f52145647cead4710acb49a127ba0bd0e3f\/village-romantitling.ufo\/glyphs\/zcaron.glif":"\/fonts\/Unpacking\/9c974f52145647cead4710acb49a127ba0bd0e3f\/village-romantitling.ufo\/glyphs\/zcaron.glif","\/fonts\/Unpacking\/9c974f52145647cead4710acb49a127ba0bd0e3f\/village-romantitling.ufo\/glyphs\/zero.glif":"\/fonts\/Unpacking\/9c974f52145647cead4710acb49a127ba0bd0e3f\/village-romantitling.ufo\/glyphs\/zero.glif"},"Font":null,"Licences":{"":false},"Table":{"FFTM":{"entryLength":16,"tag":"FFTM","checksum":1944268652,"offset":53504,"length":28},"GDEF":{"entryLength":16,"tag":"GDEF","checksum":19202054,"offset":53472,"length":32},"OS\/2":{"entryLength":16,"tag":"OS\/2","checksum":2013871022,"offset":344,"length":86},"cmap":{"entryLength":16,"tag":"cmap","checksum":3901671643,"offset":1424,"length":654},"gasp":{"entryLength":16,"tag":"gasp","checksum":4294901763,"offset":53464,"length":8},"glyf":{"entryLength":16,"tag":"glyf","checksum":249898895,"offset":2580,"length":49628},"head":{"entryLength":16,"tag":"head","checksum":189010954,"offset":220,"length":54},"hhea":{"entryLength":16,"tag":"hhea","checksum":141230878,"offset":276,"length":36},"hmtx":{"entryLength":16,"tag":"hmtx","checksum":499980770,"offset":432,"length":992},"loca":{"entryLength":16,"tag":"loca","checksum":2558421098,"offset":2080,"length":498},"maxp":{"entryLength":16,"tag":"maxp","checksum":21037255,"offset":312,"length":32},"name":{"entryLength":16,"tag":"name","checksum":695745584,"offset":52208,"length":711},"post":{"entryLength":16,"tag":"post","checksum":1462089643,"offset":52920,"length":542}},"UnicodeCharMap":{"32":3,"33":4,"34":5,"35":6,"36":7,"37":8,"38":9,"39":10,"40":11,"41":12,"42":13,"43":14,"44":15,"45":16,"46":17,"47":18,"48":19,"49":20,"50":21,"51":22,"52":23,"53":24,"54":25,"55":26,"56":27,"57":28,"58":29,"59":30,"60":31,"61":32,"62":33,"63":34,"64":35,"65":36,"66":37,"67":38,"68":39,"69":40,"70":41,"71":42,"72":43,"73":44,"74":45,"75":46,"76":47,"77":48,"78":49,"79":50,"80":51,"81":52,"82":53,"83":54,"84":55,"85":56,"86":57,"87":58,"88":59,"89":60,"90":61,"91":62,"92":63,"93":64,"94":65,"95":66,"96":67,"97":68,"98":69,"99":70,"100":71,"101":72,"102":73,"103":74,"104":75,"105":76,"106":77,"107":78,"108":79,"109":80,"110":81,"111":82,"112":83,"113":84,"114":85,"115":86,"116":87,"117":88,"118":89,"119":90,"120":91,"121":92,"122":93,"123":94,"124":95,"125":96,"126":97,"160":98,"161":99,"162":100,"163":101,"164":102,"165":103,"166":104,"167":105,"168":106,"169":107,"170":108,"171":109,"172":110,"174":111,"175":112,"176":113,"177":114,"178":115,"179":116,"180":117,"182":119,"183":120,"184":121,"185":122,"186":123,"187":124,"188":125,"189":126,"190":127,"191":128,"192":129,"193":130,"194":131,"195":132,"196":133,"197":134,"198":135,"199":136,"200":137,"201":138,"202":139,"203":140,"204":141,"205":142,"206":143,"207":144,"208":145,"209":146,"210":147,"211":148,"212":149,"213":150,"214":151,"215":152,"216":153,"217":154,"218":155,"219":156,"220":157,"221":158,"222":159,"223":160,"224":161,"225":162,"226":163,"227":164,"228":165,"229":166,"230":167,"231":168,"232":169,"233":170,"234":171,"235":172,"236":173,"237":174,"238":175,"239":176,"240":177,"241":178,"242":179,"243":180,"244":181,"245":182,"246":183,"247":184,"248":185,"249":186,"250":187,"251":188,"252":189,"253":190,"254":191,"255":192,"305":222,"321":220,"322":223,"338":221,"339":224,"352":226,"353":227,"376":246,"381":228,"382":229,"402":196,"710":211,"711":218,"728":213,"729":214,"730":215,"731":217,"732":212,"733":216,"916":244,"937":241,"956":118,"960":239,"8211":202,"8212":219,"8216":194,"8217":193,"8218":206,"8220":197,"8221":208,"8222":207,"8224":203,"8225":204,"8226":205,"8230":209,"8240":210,"8249":198,"8250":199,"8260":195,"8482":231,"8706":236,"8719":238,"8721":237,"8722":230,"8730":242,"8734":233,"8747":240,"8776":243,"8800":232,"8804":234,"8805":235,"9674":245,"64257":200,"64258":201},"Reserves":null,"Names":[],"Nodes":[],"Contributors":[],"FontIdentity":"f6a051b1c19ed323c6a611f61ce49341","Bytes":4450460,"Networking":null,"barcode":null,"referee":null}