{"CSS":{"Wilke 56 Italic":"Wilke+56+Italic.css","Wilke 5 6 Italic":"e2047c8022bf7845d16ca72037931376.css"},"FontType":"TrueType","FontCopyright":" The digitally encoded machine readable software for producing the\r Typefaces licensed to you is copyrighted (c) 1991 Adobe Systems.\r All Rights Reserved. This software is the property of Adobe Systems\r Incorporated and its licensors, and may not be reproduced, used, \r displayed, modified, disclosed or transferred without the express \r written approval of Adobe.\r \r The digitally encoded machine readable outline data for producing\r the Typefaces licensed to you is copyrighted (c) 1981 Linotype-Hell AG\r and\/or its subsidiaries. All Rights Reserved.\r This data is the property of Linotype-Hell AG and\/or its subsidiaries\r and may not be reproduced, used, displayed, modified, disclosed or \r transferred without the express written approval of Linotype-Hell AG \r and\/or its subsidiaries.\r 12 Wilke* 56 Italic 13412 ","FontName":"Wilke","FontSubfamily":"Italic","FontSubfamilyID":"FontForge 2.0 : Wilke 56 Italic : 28-5-2016","FontFullName":"Wilke 5 6 Italic","FontVersion":"Version 001.000 ","FontWeight":null,"FontPostscriptName":"Wilke-Italic","Files":{"\/Wilke 56 Italic.css":"\/Wilke 56 Italic.css","\/font-resource.json":"\/font-resource.json","\/wilke-italic.afm":"\/wilke-italic.afm","\/wilke-italic.bin":"\/wilke-italic.bin","\/wilke-italic.cef":"\/wilke-italic.cef","\/wilke-italic.cff":"\/wilke-italic.cff","\/wilke-italic.dfont":"\/wilke-italic.dfont","\/wilke-italic.eot":"\/wilke-italic.eot","\/wilke-italic.fon":"\/wilke-italic.fon","\/wilke-italic.gai":"\/wilke-italic.gai","\/wilke-italic.gsf":"\/wilke-italic.gsf","\/wilke-italic.hqx":"\/wilke-italic.hqx","\/wilke-italic.ik":"\/wilke-italic.ik","\/wilke-italic.mf":"\/wilke-italic.mf","\/wilke-italic.otf":"\/wilke-italic.otf","\/wilke-italic.pcf":"\/wilke-italic.pcf","\/wilke-italic.pf3":"\/wilke-italic.pf3","\/wilke-italic.pfa":"\/wilke-italic.pfa","\/wilke-italic.pfb":"\/wilke-italic.pfb","\/wilke-italic.php":"\/wilke-italic.php","\/wilke-italic.pmf":"\/wilke-italic.pmf","\/wilke-italic.pt3":"\/wilke-italic.pt3","\/wilke-italic.sfd":"\/wilke-italic.sfd","\/wilke-italic.svg":"\/wilke-italic.svg","\/wilke-italic.t42":"\/wilke-italic.t42","\/wilke-italic.ttd":"\/wilke-italic.ttd","\/wilke-italic.ttf":"\/wilke-italic.ttf","\/wilke-italic.ttg":"\/wilke-italic.ttg","\/wilke-italic.ufm":"\/wilke-italic.ufm","\/wilke-italic.woff":"\/wilke-italic.woff","\/wilke-italic.z":"\/wilke-italic.z","\/wilke-italic.ufo\/feature.fea":"\/wilke-italic.ufo\/feature.fea","\/wilke-italic.ufo\/fontinfo.plist":"\/wilke-italic.ufo\/fontinfo.plist","\/wilke-italic.ufo\/groups.plist":"\/wilke-italic.ufo\/groups.plist","\/wilke-italic.ufo\/kerning.plist":"\/wilke-italic.ufo\/kerning.plist","\/wilke-italic.ufo\/metainfo.plist":"\/wilke-italic.ufo\/metainfo.plist","\/wilke-italic.ufo\/glyphs\/A_.glif":"\/wilke-italic.ufo\/glyphs\/A_.glif","\/wilke-italic.ufo\/glyphs\/A_E_.glif":"\/wilke-italic.ufo\/glyphs\/A_E_.glif","\/wilke-italic.ufo\/glyphs\/A_acute.glif":"\/wilke-italic.ufo\/glyphs\/A_acute.glif","\/wilke-italic.ufo\/glyphs\/A_circumflex.glif":"\/wilke-italic.ufo\/glyphs\/A_circumflex.glif","\/wilke-italic.ufo\/glyphs\/A_dieresis.glif":"\/wilke-italic.ufo\/glyphs\/A_dieresis.glif","\/wilke-italic.ufo\/glyphs\/A_grave.glif":"\/wilke-italic.ufo\/glyphs\/A_grave.glif","\/wilke-italic.ufo\/glyphs\/A_ring.glif":"\/wilke-italic.ufo\/glyphs\/A_ring.glif","\/wilke-italic.ufo\/glyphs\/A_tilde.glif":"\/wilke-italic.ufo\/glyphs\/A_tilde.glif","\/wilke-italic.ufo\/glyphs\/B_.glif":"\/wilke-italic.ufo\/glyphs\/B_.glif","\/wilke-italic.ufo\/glyphs\/C_.glif":"\/wilke-italic.ufo\/glyphs\/C_.glif","\/wilke-italic.ufo\/glyphs\/C_cedilla.glif":"\/wilke-italic.ufo\/glyphs\/C_cedilla.glif","\/wilke-italic.ufo\/glyphs\/D_.glif":"\/wilke-italic.ufo\/glyphs\/D_.glif","\/wilke-italic.ufo\/glyphs\/E_.glif":"\/wilke-italic.ufo\/glyphs\/E_.glif","\/wilke-italic.ufo\/glyphs\/E_acute.glif":"\/wilke-italic.ufo\/glyphs\/E_acute.glif","\/wilke-italic.ufo\/glyphs\/E_circumflex.glif":"\/wilke-italic.ufo\/glyphs\/E_circumflex.glif","\/wilke-italic.ufo\/glyphs\/E_dieresis.glif":"\/wilke-italic.ufo\/glyphs\/E_dieresis.glif","\/wilke-italic.ufo\/glyphs\/E_grave.glif":"\/wilke-italic.ufo\/glyphs\/E_grave.glif","\/wilke-italic.ufo\/glyphs\/E_th.glif":"\/wilke-italic.ufo\/glyphs\/E_th.glif","\/wilke-italic.ufo\/glyphs\/F_.glif":"\/wilke-italic.ufo\/glyphs\/F_.glif","\/wilke-italic.ufo\/glyphs\/G_.glif":"\/wilke-italic.ufo\/glyphs\/G_.glif","\/wilke-italic.ufo\/glyphs\/H_.glif":"\/wilke-italic.ufo\/glyphs\/H_.glif","\/wilke-italic.ufo\/glyphs\/I_.glif":"\/wilke-italic.ufo\/glyphs\/I_.glif","\/wilke-italic.ufo\/glyphs\/I_acute.glif":"\/wilke-italic.ufo\/glyphs\/I_acute.glif","\/wilke-italic.ufo\/glyphs\/I_circumflex.glif":"\/wilke-italic.ufo\/glyphs\/I_circumflex.glif","\/wilke-italic.ufo\/glyphs\/I_dieresis.glif":"\/wilke-italic.ufo\/glyphs\/I_dieresis.glif","\/wilke-italic.ufo\/glyphs\/I_grave.glif":"\/wilke-italic.ufo\/glyphs\/I_grave.glif","\/wilke-italic.ufo\/glyphs\/J_.glif":"\/wilke-italic.ufo\/glyphs\/J_.glif","\/wilke-italic.ufo\/glyphs\/K_.glif":"\/wilke-italic.ufo\/glyphs\/K_.glif","\/wilke-italic.ufo\/glyphs\/L_.glif":"\/wilke-italic.ufo\/glyphs\/L_.glif","\/wilke-italic.ufo\/glyphs\/L_slash.glif":"\/wilke-italic.ufo\/glyphs\/L_slash.glif","\/wilke-italic.ufo\/glyphs\/M_.glif":"\/wilke-italic.ufo\/glyphs\/M_.glif","\/wilke-italic.ufo\/glyphs\/N_.glif":"\/wilke-italic.ufo\/glyphs\/N_.glif","\/wilke-italic.ufo\/glyphs\/N_tilde.glif":"\/wilke-italic.ufo\/glyphs\/N_tilde.glif","\/wilke-italic.ufo\/glyphs\/O_.glif":"\/wilke-italic.ufo\/glyphs\/O_.glif","\/wilke-italic.ufo\/glyphs\/O_E_.glif":"\/wilke-italic.ufo\/glyphs\/O_E_.glif","\/wilke-italic.ufo\/glyphs\/O_acute.glif":"\/wilke-italic.ufo\/glyphs\/O_acute.glif","\/wilke-italic.ufo\/glyphs\/O_circumflex.glif":"\/wilke-italic.ufo\/glyphs\/O_circumflex.glif","\/wilke-italic.ufo\/glyphs\/O_dieresis.glif":"\/wilke-italic.ufo\/glyphs\/O_dieresis.glif","\/wilke-italic.ufo\/glyphs\/O_grave.glif":"\/wilke-italic.ufo\/glyphs\/O_grave.glif","\/wilke-italic.ufo\/glyphs\/O_slash.glif":"\/wilke-italic.ufo\/glyphs\/O_slash.glif","\/wilke-italic.ufo\/glyphs\/O_tilde.glif":"\/wilke-italic.ufo\/glyphs\/O_tilde.glif","\/wilke-italic.ufo\/glyphs\/P_.glif":"\/wilke-italic.ufo\/glyphs\/P_.glif","\/wilke-italic.ufo\/glyphs\/Q_.glif":"\/wilke-italic.ufo\/glyphs\/Q_.glif","\/wilke-italic.ufo\/glyphs\/R_.glif":"\/wilke-italic.ufo\/glyphs\/R_.glif","\/wilke-italic.ufo\/glyphs\/S_.glif":"\/wilke-italic.ufo\/glyphs\/S_.glif","\/wilke-italic.ufo\/glyphs\/S_caron.glif":"\/wilke-italic.ufo\/glyphs\/S_caron.glif","\/wilke-italic.ufo\/glyphs\/T_.glif":"\/wilke-italic.ufo\/glyphs\/T_.glif","\/wilke-italic.ufo\/glyphs\/T_horn.glif":"\/wilke-italic.ufo\/glyphs\/T_horn.glif","\/wilke-italic.ufo\/glyphs\/U_.glif":"\/wilke-italic.ufo\/glyphs\/U_.glif","\/wilke-italic.ufo\/glyphs\/U_acute.glif":"\/wilke-italic.ufo\/glyphs\/U_acute.glif","\/wilke-italic.ufo\/glyphs\/U_circumflex.glif":"\/wilke-italic.ufo\/glyphs\/U_circumflex.glif","\/wilke-italic.ufo\/glyphs\/U_dieresis.glif":"\/wilke-italic.ufo\/glyphs\/U_dieresis.glif","\/wilke-italic.ufo\/glyphs\/U_grave.glif":"\/wilke-italic.ufo\/glyphs\/U_grave.glif","\/wilke-italic.ufo\/glyphs\/V_.glif":"\/wilke-italic.ufo\/glyphs\/V_.glif","\/wilke-italic.ufo\/glyphs\/W_.glif":"\/wilke-italic.ufo\/glyphs\/W_.glif","\/wilke-italic.ufo\/glyphs\/X_.glif":"\/wilke-italic.ufo\/glyphs\/X_.glif","\/wilke-italic.ufo\/glyphs\/Y_.glif":"\/wilke-italic.ufo\/glyphs\/Y_.glif","\/wilke-italic.ufo\/glyphs\/Y_acute.glif":"\/wilke-italic.ufo\/glyphs\/Y_acute.glif","\/wilke-italic.ufo\/glyphs\/Y_dieresis.glif":"\/wilke-italic.ufo\/glyphs\/Y_dieresis.glif","\/wilke-italic.ufo\/glyphs\/Z_.glif":"\/wilke-italic.ufo\/glyphs\/Z_.glif","\/wilke-italic.ufo\/glyphs\/Z_caron.glif":"\/wilke-italic.ufo\/glyphs\/Z_caron.glif","\/wilke-italic.ufo\/glyphs\/a.glif":"\/wilke-italic.ufo\/glyphs\/a.glif","\/wilke-italic.ufo\/glyphs\/aacute.glif":"\/wilke-italic.ufo\/glyphs\/aacute.glif","\/wilke-italic.ufo\/glyphs\/acircumflex.glif":"\/wilke-italic.ufo\/glyphs\/acircumflex.glif","\/wilke-italic.ufo\/glyphs\/acute.glif":"\/wilke-italic.ufo\/glyphs\/acute.glif","\/wilke-italic.ufo\/glyphs\/adieresis.glif":"\/wilke-italic.ufo\/glyphs\/adieresis.glif","\/wilke-italic.ufo\/glyphs\/ae.glif":"\/wilke-italic.ufo\/glyphs\/ae.glif","\/wilke-italic.ufo\/glyphs\/agrave.glif":"\/wilke-italic.ufo\/glyphs\/agrave.glif","\/wilke-italic.ufo\/glyphs\/ampersand.glif":"\/wilke-italic.ufo\/glyphs\/ampersand.glif","\/wilke-italic.ufo\/glyphs\/aring.glif":"\/wilke-italic.ufo\/glyphs\/aring.glif","\/wilke-italic.ufo\/glyphs\/asciicircum.glif":"\/wilke-italic.ufo\/glyphs\/asciicircum.glif","\/wilke-italic.ufo\/glyphs\/asciitilde.glif":"\/wilke-italic.ufo\/glyphs\/asciitilde.glif","\/wilke-italic.ufo\/glyphs\/asterisk.glif":"\/wilke-italic.ufo\/glyphs\/asterisk.glif","\/wilke-italic.ufo\/glyphs\/at.glif":"\/wilke-italic.ufo\/glyphs\/at.glif","\/wilke-italic.ufo\/glyphs\/atilde.glif":"\/wilke-italic.ufo\/glyphs\/atilde.glif","\/wilke-italic.ufo\/glyphs\/b.glif":"\/wilke-italic.ufo\/glyphs\/b.glif","\/wilke-italic.ufo\/glyphs\/backslash.glif":"\/wilke-italic.ufo\/glyphs\/backslash.glif","\/wilke-italic.ufo\/glyphs\/bar.glif":"\/wilke-italic.ufo\/glyphs\/bar.glif","\/wilke-italic.ufo\/glyphs\/braceleft.glif":"\/wilke-italic.ufo\/glyphs\/braceleft.glif","\/wilke-italic.ufo\/glyphs\/braceright.glif":"\/wilke-italic.ufo\/glyphs\/braceright.glif","\/wilke-italic.ufo\/glyphs\/bracketleft.glif":"\/wilke-italic.ufo\/glyphs\/bracketleft.glif","\/wilke-italic.ufo\/glyphs\/bracketright.glif":"\/wilke-italic.ufo\/glyphs\/bracketright.glif","\/wilke-italic.ufo\/glyphs\/breve.glif":"\/wilke-italic.ufo\/glyphs\/breve.glif","\/wilke-italic.ufo\/glyphs\/brokenbar.glif":"\/wilke-italic.ufo\/glyphs\/brokenbar.glif","\/wilke-italic.ufo\/glyphs\/bullet.glif":"\/wilke-italic.ufo\/glyphs\/bullet.glif","\/wilke-italic.ufo\/glyphs\/c.glif":"\/wilke-italic.ufo\/glyphs\/c.glif","\/wilke-italic.ufo\/glyphs\/caron.glif":"\/wilke-italic.ufo\/glyphs\/caron.glif","\/wilke-italic.ufo\/glyphs\/ccedilla.glif":"\/wilke-italic.ufo\/glyphs\/ccedilla.glif","\/wilke-italic.ufo\/glyphs\/cedilla.glif":"\/wilke-italic.ufo\/glyphs\/cedilla.glif","\/wilke-italic.ufo\/glyphs\/cent.glif":"\/wilke-italic.ufo\/glyphs\/cent.glif","\/wilke-italic.ufo\/glyphs\/circumflex.glif":"\/wilke-italic.ufo\/glyphs\/circumflex.glif","\/wilke-italic.ufo\/glyphs\/colon.glif":"\/wilke-italic.ufo\/glyphs\/colon.glif","\/wilke-italic.ufo\/glyphs\/comma.glif":"\/wilke-italic.ufo\/glyphs\/comma.glif","\/wilke-italic.ufo\/glyphs\/contents.plist":"\/wilke-italic.ufo\/glyphs\/contents.plist","\/wilke-italic.ufo\/glyphs\/copyright.glif":"\/wilke-italic.ufo\/glyphs\/copyright.glif","\/wilke-italic.ufo\/glyphs\/currency.glif":"\/wilke-italic.ufo\/glyphs\/currency.glif","\/wilke-italic.ufo\/glyphs\/d.glif":"\/wilke-italic.ufo\/glyphs\/d.glif","\/wilke-italic.ufo\/glyphs\/dagger.glif":"\/wilke-italic.ufo\/glyphs\/dagger.glif","\/wilke-italic.ufo\/glyphs\/daggerdbl.glif":"\/wilke-italic.ufo\/glyphs\/daggerdbl.glif","\/wilke-italic.ufo\/glyphs\/degree.glif":"\/wilke-italic.ufo\/glyphs\/degree.glif","\/wilke-italic.ufo\/glyphs\/dieresis.glif":"\/wilke-italic.ufo\/glyphs\/dieresis.glif","\/wilke-italic.ufo\/glyphs\/divide.glif":"\/wilke-italic.ufo\/glyphs\/divide.glif","\/wilke-italic.ufo\/glyphs\/dollar.glif":"\/wilke-italic.ufo\/glyphs\/dollar.glif","\/wilke-italic.ufo\/glyphs\/dotaccent.glif":"\/wilke-italic.ufo\/glyphs\/dotaccent.glif","\/wilke-italic.ufo\/glyphs\/dotlessi.glif":"\/wilke-italic.ufo\/glyphs\/dotlessi.glif","\/wilke-italic.ufo\/glyphs\/e.glif":"\/wilke-italic.ufo\/glyphs\/e.glif","\/wilke-italic.ufo\/glyphs\/eacute.glif":"\/wilke-italic.ufo\/glyphs\/eacute.glif","\/wilke-italic.ufo\/glyphs\/ecircumflex.glif":"\/wilke-italic.ufo\/glyphs\/ecircumflex.glif","\/wilke-italic.ufo\/glyphs\/edieresis.glif":"\/wilke-italic.ufo\/glyphs\/edieresis.glif","\/wilke-italic.ufo\/glyphs\/egrave.glif":"\/wilke-italic.ufo\/glyphs\/egrave.glif","\/wilke-italic.ufo\/glyphs\/eight.glif":"\/wilke-italic.ufo\/glyphs\/eight.glif","\/wilke-italic.ufo\/glyphs\/ellipsis.glif":"\/wilke-italic.ufo\/glyphs\/ellipsis.glif","\/wilke-italic.ufo\/glyphs\/emdash.glif":"\/wilke-italic.ufo\/glyphs\/emdash.glif","\/wilke-italic.ufo\/glyphs\/endash.glif":"\/wilke-italic.ufo\/glyphs\/endash.glif","\/wilke-italic.ufo\/glyphs\/equal.glif":"\/wilke-italic.ufo\/glyphs\/equal.glif","\/wilke-italic.ufo\/glyphs\/eth.glif":"\/wilke-italic.ufo\/glyphs\/eth.glif","\/wilke-italic.ufo\/glyphs\/exclam.glif":"\/wilke-italic.ufo\/glyphs\/exclam.glif","\/wilke-italic.ufo\/glyphs\/exclamdown.glif":"\/wilke-italic.ufo\/glyphs\/exclamdown.glif","\/wilke-italic.ufo\/glyphs\/f.glif":"\/wilke-italic.ufo\/glyphs\/f.glif","\/wilke-italic.ufo\/glyphs\/fi.glif":"\/wilke-italic.ufo\/glyphs\/fi.glif","\/wilke-italic.ufo\/glyphs\/five.glif":"\/wilke-italic.ufo\/glyphs\/five.glif","\/wilke-italic.ufo\/glyphs\/fl.glif":"\/wilke-italic.ufo\/glyphs\/fl.glif","\/wilke-italic.ufo\/glyphs\/florin.glif":"\/wilke-italic.ufo\/glyphs\/florin.glif","\/wilke-italic.ufo\/glyphs\/four.glif":"\/wilke-italic.ufo\/glyphs\/four.glif","\/wilke-italic.ufo\/glyphs\/fraction.glif":"\/wilke-italic.ufo\/glyphs\/fraction.glif","\/wilke-italic.ufo\/glyphs\/g.glif":"\/wilke-italic.ufo\/glyphs\/g.glif","\/wilke-italic.ufo\/glyphs\/germandbls.glif":"\/wilke-italic.ufo\/glyphs\/germandbls.glif","\/wilke-italic.ufo\/glyphs\/grave.glif":"\/wilke-italic.ufo\/glyphs\/grave.glif","\/wilke-italic.ufo\/glyphs\/greater.glif":"\/wilke-italic.ufo\/glyphs\/greater.glif","\/wilke-italic.ufo\/glyphs\/guillemotleft.glif":"\/wilke-italic.ufo\/glyphs\/guillemotleft.glif","\/wilke-italic.ufo\/glyphs\/guillemotright.glif":"\/wilke-italic.ufo\/glyphs\/guillemotright.glif","\/wilke-italic.ufo\/glyphs\/guilsinglleft.glif":"\/wilke-italic.ufo\/glyphs\/guilsinglleft.glif","\/wilke-italic.ufo\/glyphs\/guilsinglright.glif":"\/wilke-italic.ufo\/glyphs\/guilsinglright.glif","\/wilke-italic.ufo\/glyphs\/h.glif":"\/wilke-italic.ufo\/glyphs\/h.glif","\/wilke-italic.ufo\/glyphs\/hungarumlaut.glif":"\/wilke-italic.ufo\/glyphs\/hungarumlaut.glif","\/wilke-italic.ufo\/glyphs\/hyphen.glif":"\/wilke-italic.ufo\/glyphs\/hyphen.glif","\/wilke-italic.ufo\/glyphs\/i.glif":"\/wilke-italic.ufo\/glyphs\/i.glif","\/wilke-italic.ufo\/glyphs\/iacute.glif":"\/wilke-italic.ufo\/glyphs\/iacute.glif","\/wilke-italic.ufo\/glyphs\/icircumflex.glif":"\/wilke-italic.ufo\/glyphs\/icircumflex.glif","\/wilke-italic.ufo\/glyphs\/idieresis.glif":"\/wilke-italic.ufo\/glyphs\/idieresis.glif","\/wilke-italic.ufo\/glyphs\/igrave.glif":"\/wilke-italic.ufo\/glyphs\/igrave.glif","\/wilke-italic.ufo\/glyphs\/j.glif":"\/wilke-italic.ufo\/glyphs\/j.glif","\/wilke-italic.ufo\/glyphs\/k.glif":"\/wilke-italic.ufo\/glyphs\/k.glif","\/wilke-italic.ufo\/glyphs\/l.glif":"\/wilke-italic.ufo\/glyphs\/l.glif","\/wilke-italic.ufo\/glyphs\/less.glif":"\/wilke-italic.ufo\/glyphs\/less.glif","\/wilke-italic.ufo\/glyphs\/logicalnot.glif":"\/wilke-italic.ufo\/glyphs\/logicalnot.glif","\/wilke-italic.ufo\/glyphs\/lslash.glif":"\/wilke-italic.ufo\/glyphs\/lslash.glif","\/wilke-italic.ufo\/glyphs\/m.glif":"\/wilke-italic.ufo\/glyphs\/m.glif","\/wilke-italic.ufo\/glyphs\/macron.glif":"\/wilke-italic.ufo\/glyphs\/macron.glif","\/wilke-italic.ufo\/glyphs\/minus.glif":"\/wilke-italic.ufo\/glyphs\/minus.glif","\/wilke-italic.ufo\/glyphs\/mu.glif":"\/wilke-italic.ufo\/glyphs\/mu.glif","\/wilke-italic.ufo\/glyphs\/multiply.glif":"\/wilke-italic.ufo\/glyphs\/multiply.glif","\/wilke-italic.ufo\/glyphs\/n.glif":"\/wilke-italic.ufo\/glyphs\/n.glif","\/wilke-italic.ufo\/glyphs\/nine.glif":"\/wilke-italic.ufo\/glyphs\/nine.glif","\/wilke-italic.ufo\/glyphs\/ntilde.glif":"\/wilke-italic.ufo\/glyphs\/ntilde.glif","\/wilke-italic.ufo\/glyphs\/numbersign.glif":"\/wilke-italic.ufo\/glyphs\/numbersign.glif","\/wilke-italic.ufo\/glyphs\/o.glif":"\/wilke-italic.ufo\/glyphs\/o.glif","\/wilke-italic.ufo\/glyphs\/oacute.glif":"\/wilke-italic.ufo\/glyphs\/oacute.glif","\/wilke-italic.ufo\/glyphs\/ocircumflex.glif":"\/wilke-italic.ufo\/glyphs\/ocircumflex.glif","\/wilke-italic.ufo\/glyphs\/odieresis.glif":"\/wilke-italic.ufo\/glyphs\/odieresis.glif","\/wilke-italic.ufo\/glyphs\/oe.glif":"\/wilke-italic.ufo\/glyphs\/oe.glif","\/wilke-italic.ufo\/glyphs\/ogonek.glif":"\/wilke-italic.ufo\/glyphs\/ogonek.glif","\/wilke-italic.ufo\/glyphs\/ograve.glif":"\/wilke-italic.ufo\/glyphs\/ograve.glif","\/wilke-italic.ufo\/glyphs\/one.glif":"\/wilke-italic.ufo\/glyphs\/one.glif","\/wilke-italic.ufo\/glyphs\/onehalf.glif":"\/wilke-italic.ufo\/glyphs\/onehalf.glif","\/wilke-italic.ufo\/glyphs\/onequarter.glif":"\/wilke-italic.ufo\/glyphs\/onequarter.glif","\/wilke-italic.ufo\/glyphs\/onesuperior.glif":"\/wilke-italic.ufo\/glyphs\/onesuperior.glif","\/wilke-italic.ufo\/glyphs\/ordfeminine.glif":"\/wilke-italic.ufo\/glyphs\/ordfeminine.glif","\/wilke-italic.ufo\/glyphs\/ordmasculine.glif":"\/wilke-italic.ufo\/glyphs\/ordmasculine.glif","\/wilke-italic.ufo\/glyphs\/oslash.glif":"\/wilke-italic.ufo\/glyphs\/oslash.glif","\/wilke-italic.ufo\/glyphs\/otilde.glif":"\/wilke-italic.ufo\/glyphs\/otilde.glif","\/wilke-italic.ufo\/glyphs\/p.glif":"\/wilke-italic.ufo\/glyphs\/p.glif","\/wilke-italic.ufo\/glyphs\/paragraph.glif":"\/wilke-italic.ufo\/glyphs\/paragraph.glif","\/wilke-italic.ufo\/glyphs\/parenleft.glif":"\/wilke-italic.ufo\/glyphs\/parenleft.glif","\/wilke-italic.ufo\/glyphs\/parenright.glif":"\/wilke-italic.ufo\/glyphs\/parenright.glif","\/wilke-italic.ufo\/glyphs\/percent.glif":"\/wilke-italic.ufo\/glyphs\/percent.glif","\/wilke-italic.ufo\/glyphs\/period.glif":"\/wilke-italic.ufo\/glyphs\/period.glif","\/wilke-italic.ufo\/glyphs\/periodcentered.glif":"\/wilke-italic.ufo\/glyphs\/periodcentered.glif","\/wilke-italic.ufo\/glyphs\/perthousand.glif":"\/wilke-italic.ufo\/glyphs\/perthousand.glif","\/wilke-italic.ufo\/glyphs\/plus.glif":"\/wilke-italic.ufo\/glyphs\/plus.glif","\/wilke-italic.ufo\/glyphs\/plusminus.glif":"\/wilke-italic.ufo\/glyphs\/plusminus.glif","\/wilke-italic.ufo\/glyphs\/q.glif":"\/wilke-italic.ufo\/glyphs\/q.glif","\/wilke-italic.ufo\/glyphs\/question.glif":"\/wilke-italic.ufo\/glyphs\/question.glif","\/wilke-italic.ufo\/glyphs\/questiondown.glif":"\/wilke-italic.ufo\/glyphs\/questiondown.glif","\/wilke-italic.ufo\/glyphs\/quotedbl.glif":"\/wilke-italic.ufo\/glyphs\/quotedbl.glif","\/wilke-italic.ufo\/glyphs\/quotedblbase.glif":"\/wilke-italic.ufo\/glyphs\/quotedblbase.glif","\/wilke-italic.ufo\/glyphs\/quotedblleft.glif":"\/wilke-italic.ufo\/glyphs\/quotedblleft.glif","\/wilke-italic.ufo\/glyphs\/quotedblright.glif":"\/wilke-italic.ufo\/glyphs\/quotedblright.glif","\/wilke-italic.ufo\/glyphs\/quoteleft.glif":"\/wilke-italic.ufo\/glyphs\/quoteleft.glif","\/wilke-italic.ufo\/glyphs\/quoteright.glif":"\/wilke-italic.ufo\/glyphs\/quoteright.glif","\/wilke-italic.ufo\/glyphs\/quotesinglbase.glif":"\/wilke-italic.ufo\/glyphs\/quotesinglbase.glif","\/wilke-italic.ufo\/glyphs\/quotesingle.glif":"\/wilke-italic.ufo\/glyphs\/quotesingle.glif","\/wilke-italic.ufo\/glyphs\/r.glif":"\/wilke-italic.ufo\/glyphs\/r.glif","\/wilke-italic.ufo\/glyphs\/registered.glif":"\/wilke-italic.ufo\/glyphs\/registered.glif","\/wilke-italic.ufo\/glyphs\/ring.glif":"\/wilke-italic.ufo\/glyphs\/ring.glif","\/wilke-italic.ufo\/glyphs\/s.glif":"\/wilke-italic.ufo\/glyphs\/s.glif","\/wilke-italic.ufo\/glyphs\/scaron.glif":"\/wilke-italic.ufo\/glyphs\/scaron.glif","\/wilke-italic.ufo\/glyphs\/section.glif":"\/wilke-italic.ufo\/glyphs\/section.glif","\/wilke-italic.ufo\/glyphs\/semicolon.glif":"\/wilke-italic.ufo\/glyphs\/semicolon.glif","\/wilke-italic.ufo\/glyphs\/seven.glif":"\/wilke-italic.ufo\/glyphs\/seven.glif","\/wilke-italic.ufo\/glyphs\/six.glif":"\/wilke-italic.ufo\/glyphs\/six.glif","\/wilke-italic.ufo\/glyphs\/slash.glif":"\/wilke-italic.ufo\/glyphs\/slash.glif","\/wilke-italic.ufo\/glyphs\/space.glif":"\/wilke-italic.ufo\/glyphs\/space.glif","\/wilke-italic.ufo\/glyphs\/sterling.glif":"\/wilke-italic.ufo\/glyphs\/sterling.glif","\/wilke-italic.ufo\/glyphs\/t.glif":"\/wilke-italic.ufo\/glyphs\/t.glif","\/wilke-italic.ufo\/glyphs\/thorn.glif":"\/wilke-italic.ufo\/glyphs\/thorn.glif","\/wilke-italic.ufo\/glyphs\/three.glif":"\/wilke-italic.ufo\/glyphs\/three.glif","\/wilke-italic.ufo\/glyphs\/threequarters.glif":"\/wilke-italic.ufo\/glyphs\/threequarters.glif","\/wilke-italic.ufo\/glyphs\/threesuperior.glif":"\/wilke-italic.ufo\/glyphs\/threesuperior.glif","\/wilke-italic.ufo\/glyphs\/tilde.glif":"\/wilke-italic.ufo\/glyphs\/tilde.glif","\/wilke-italic.ufo\/glyphs\/trademark.glif":"\/wilke-italic.ufo\/glyphs\/trademark.glif","\/wilke-italic.ufo\/glyphs\/two.glif":"\/wilke-italic.ufo\/glyphs\/two.glif","\/wilke-italic.ufo\/glyphs\/twosuperior.glif":"\/wilke-italic.ufo\/glyphs\/twosuperior.glif","\/wilke-italic.ufo\/glyphs\/u.glif":"\/wilke-italic.ufo\/glyphs\/u.glif","\/wilke-italic.ufo\/glyphs\/uacute.glif":"\/wilke-italic.ufo\/glyphs\/uacute.glif","\/wilke-italic.ufo\/glyphs\/ucircumflex.glif":"\/wilke-italic.ufo\/glyphs\/ucircumflex.glif","\/wilke-italic.ufo\/glyphs\/udieresis.glif":"\/wilke-italic.ufo\/glyphs\/udieresis.glif","\/wilke-italic.ufo\/glyphs\/ugrave.glif":"\/wilke-italic.ufo\/glyphs\/ugrave.glif","\/wilke-italic.ufo\/glyphs\/underscore.glif":"\/wilke-italic.ufo\/glyphs\/underscore.glif","\/wilke-italic.ufo\/glyphs\/v.glif":"\/wilke-italic.ufo\/glyphs\/v.glif","\/wilke-italic.ufo\/glyphs\/w.glif":"\/wilke-italic.ufo\/glyphs\/w.glif","\/wilke-italic.ufo\/glyphs\/x.glif":"\/wilke-italic.ufo\/glyphs\/x.glif","\/wilke-italic.ufo\/glyphs\/y.glif":"\/wilke-italic.ufo\/glyphs\/y.glif","\/wilke-italic.ufo\/glyphs\/yacute.glif":"\/wilke-italic.ufo\/glyphs\/yacute.glif","\/wilke-italic.ufo\/glyphs\/ydieresis.glif":"\/wilke-italic.ufo\/glyphs\/ydieresis.glif","\/wilke-italic.ufo\/glyphs\/yen.glif":"\/wilke-italic.ufo\/glyphs\/yen.glif","\/wilke-italic.ufo\/glyphs\/z.glif":"\/wilke-italic.ufo\/glyphs\/z.glif","\/wilke-italic.ufo\/glyphs\/zcaron.glif":"\/wilke-italic.ufo\/glyphs\/zcaron.glif","\/wilke-italic.ufo\/glyphs\/zero.glif":"\/wilke-italic.ufo\/glyphs\/zero.glif"},"Font":{"uploaded":1465608739.3643,"licence":"gpl3","title":"Wilke Italic","version":2.001,"date":"Sat May 28 09:11:51 2016","creator":"root","type":"1","matrix":"0.001 0 0 0.001 0 0","named":"Wilke-Italic","painttype":"0","info":"10 dict dup","name":"Wilke 56 Italic","family":"Wilke","weight":"Roman","fstype":"0","italicangle":"-12","underlineposition":"","underlinethickness":""},"Licences":{"":false},"Table":{"FFTM":{"entryLength":16,"tag":"FFTM","checksum":1931127874,"offset":28036,"length":28},"GDEF":{"entryLength":16,"tag":"GDEF","checksum":18087940,"offset":28004,"length":32},"OS\/2":{"entryLength":16,"tag":"OS\/2","checksum":1466636820,"offset":344,"length":86},"cmap":{"entryLength":16,"tag":"cmap","checksum":3163833116,"offset":1356,"length":522},"gasp":{"entryLength":16,"tag":"gasp","checksum":4294901763,"offset":27996,"length":8},"glyf":{"entryLength":16,"tag":"glyf","checksum":2804131612,"offset":2344,"length":22216},"head":{"entryLength":16,"tag":"head","checksum":156519763,"offset":220,"length":54},"hhea":{"entryLength":16,"tag":"hhea","checksum":126223226,"offset":276,"length":36},"hmtx":{"entryLength":16,"tag":"hmtx","checksum":3550815650,"offset":432,"length":922},"loca":{"entryLength":16,"tag":"loca","checksum":3223377284,"offset":1880,"length":464},"maxp":{"entryLength":16,"tag":"maxp","checksum":20316380,"offset":312,"length":32},"name":{"entryLength":16,"tag":"name","checksum":2199307131,"offset":24560,"length":2937},"post":{"entryLength":16,"tag":"post","checksum":922105395,"offset":27500,"length":496}},"UnicodeCharMap":{"32":3,"33":4,"34":5,"35":6,"36":7,"37":8,"38":9,"39":10,"40":11,"41":12,"42":13,"43":14,"44":15,"45":16,"46":17,"47":18,"48":19,"49":20,"50":21,"51":22,"52":23,"53":24,"54":25,"55":26,"56":27,"57":28,"58":29,"59":30,"60":31,"61":32,"62":33,"63":34,"64":35,"65":36,"66":37,"67":38,"68":39,"69":40,"70":41,"71":42,"72":43,"73":44,"74":45,"75":46,"76":47,"77":48,"78":49,"79":50,"80":51,"81":52,"82":53,"83":54,"84":55,"85":56,"86":57,"87":58,"88":59,"89":60,"90":61,"91":62,"92":63,"93":64,"94":65,"95":66,"96":67,"97":68,"98":69,"99":70,"100":71,"101":72,"102":73,"103":74,"104":75,"105":76,"106":77,"107":78,"108":79,"109":80,"110":81,"111":82,"112":83,"113":84,"114":85,"115":86,"116":87,"117":88,"118":89,"119":90,"120":91,"121":92,"122":93,"123":94,"124":95,"125":96,"126":97,"161":98,"162":99,"163":100,"164":101,"165":102,"166":103,"167":104,"168":105,"169":106,"170":107,"171":108,"172":109,"174":110,"175":111,"176":112,"177":113,"178":114,"179":115,"180":116,"182":117,"183":118,"184":119,"185":120,"186":121,"187":122,"188":123,"189":124,"190":125,"191":126,"192":127,"193":128,"194":129,"195":130,"196":131,"197":132,"198":133,"199":134,"200":135,"201":136,"202":137,"203":138,"204":139,"205":140,"206":141,"207":142,"208":143,"209":144,"210":145,"211":146,"212":147,"213":148,"214":149,"215":150,"216":151,"217":152,"218":153,"219":154,"220":155,"221":156,"222":157,"223":158,"224":159,"225":160,"226":161,"227":162,"228":163,"229":164,"230":165,"231":166,"232":167,"233":168,"234":169,"235":170,"236":171,"237":172,"238":173,"239":174,"240":175,"241":176,"242":177,"243":178,"244":179,"245":180,"246":181,"247":182,"248":183,"249":184,"250":185,"251":186,"252":187,"253":188,"254":189,"255":190,"305":191,"321":192,"322":193,"338":194,"339":195,"352":196,"353":197,"376":198,"381":199,"382":200,"402":201,"710":202,"711":203,"728":204,"729":205,"730":206,"731":207,"732":208,"733":209,"956":210,"8211":211,"8212":212,"8216":213,"8217":214,"8218":215,"8220":216,"8221":217,"8222":218,"8224":219,"8225":220,"8226":221,"8230":222,"8240":223,"8249":224,"8250":225,"8260":226,"8482":227,"8722":228,"64257":229,"64258":230},"Reserves":{"fontname":"Wilke 5 6 Italic"},"Names":{"Wilke 5 6 Italic":{"name":"Wilke 5 6 Italic","longitude":"0.00000001","latitude":"0.00000001","country":"","region":"","city":""}},"Nodes":{"wi":{"type":"typal","node":"wi","usage":1,"weight":1},"ke":{"type":"typal","node":"ke","usage":1,"weight":1},"it":{"type":"typal","node":"it","usage":1,"weight":1},"ic":{"type":"typal","node":"ic","usage":1,"weight":1},"wil":{"type":"typal","node":"wil","usage":1,"weight":1},"lke":{"type":"typal","node":"lke","usage":1,"weight":1},"ita":{"type":"typal","node":"ita","usage":1,"weight":1},"lic":{"type":"typal","node":"lic","usage":1,"weight":1},"wilk":{"type":"keys","node":"wilk","usage":1,"weight":1},"ilke":{"type":"keys","node":"ilke","usage":1,"weight":1},"ital":{"type":"keys","node":"ital","usage":1,"weight":1},"alic":{"type":"keys","node":"alic","usage":1,"weight":1},"itali":{"type":"keys","node":"itali","usage":1,"weight":1},"talic":{"type":"keys","node":"talic","usage":1,"weight":1},"wilke":{"type":"fixes","node":"wilke","usage":1,"weight":1},"5":{"type":"fixes","node":5,"usage":1,"weight":1},"6":{"type":"fixes","node":6,"usage":1,"weight":1},"italic":{"type":"fixes","node":"italic","usage":1,"weight":1}},"Contributors":[],"FontIdentity":"e2047c8022bf7845d16ca72037931376","Bytes":null,"Networking":[]}