{"CSS":{"Horsham-Heavy":"Horsham-Heavy.css"},"FontType":"TrueType","FontCopyright":"(C) 1993 B & P Graphics, Ltd.","FontName":"Horsham-Heavy","FontSubfamily":"Heavy","FontSubfamilyID":"FontForge 2.0 : Horsham-Heavy : 27-12-2016","FontFullName":"Horsham Heavy","FontVersion":"Version B & P Graphics Ltd.: ","FontWeight":null,"FontPostscriptName":"Horsham-Heavy","Files":{"horsham-heavy.afm":"horsham-heavy.afm","horsham-heavy.bin":"horsham-heavy.bin","horsham-heavy.cef":"horsham-heavy.cef","horsham-heavy.cff":"horsham-heavy.cff","horsham-heavy.cid":"horsham-heavy.cid","horsham-heavy.dfont":"horsham-heavy.dfont","horsham-heavy.eot":"horsham-heavy.eot","horsham-heavy.fon":"horsham-heavy.fon","horsham-heavy.gai":"horsham-heavy.gai","horsham-heavy.gsf":"horsham-heavy.gsf","horsham-heavy.hqx":"horsham-heavy.hqx","horsham-heavy.ik":"horsham-heavy.ik","horsham-heavy.mf":"horsham-heavy.mf","horsham-heavy.otf":"horsham-heavy.otf","horsham-heavy.pcf":"horsham-heavy.pcf","horsham-heavy.pf3":"horsham-heavy.pf3","horsham-heavy.pfa":"horsham-heavy.pfa","horsham-heavy.pfb":"horsham-heavy.pfb","horsham-heavy.php":"horsham-heavy.php","horsham-heavy.pmf":"horsham-heavy.pmf","horsham-heavy.pt3":"horsham-heavy.pt3","horsham-heavy.sfd":"horsham-heavy.sfd","horsham-heavy.svg":"horsham-heavy.svg","horsham-heavy.t42":"horsham-heavy.t42","horsham-heavy.ttd":"horsham-heavy.ttd","horsham-heavy.ttf":"horsham-heavy.ttf","horsham-heavy.ttg":"horsham-heavy.ttg","horsham-heavy.ufm":"horsham-heavy.ufm","horsham-heavy.woff":"horsham-heavy.woff","horsham-heavy.z":"horsham-heavy.z","":{"horsham-heavy.afm":"horsham-heavy.afm","horsham-heavy.bin":"horsham-heavy.bin","horsham-heavy.cef":"horsham-heavy.cef","horsham-heavy.cff":"horsham-heavy.cff","horsham-heavy.cid":"horsham-heavy.cid","horsham-heavy.dfont":"horsham-heavy.dfont","horsham-heavy.eot":"horsham-heavy.eot","horsham-heavy.fon":"horsham-heavy.fon","horsham-heavy.gai":"horsham-heavy.gai","horsham-heavy.gsf":"horsham-heavy.gsf","horsham-heavy.hqx":"horsham-heavy.hqx","horsham-heavy.ik":"horsham-heavy.ik","horsham-heavy.mf":"horsham-heavy.mf","horsham-heavy.otf":"horsham-heavy.otf","horsham-heavy.pcf":"horsham-heavy.pcf","horsham-heavy.pf3":"horsham-heavy.pf3","horsham-heavy.pfa":"horsham-heavy.pfa","horsham-heavy.pfb":"horsham-heavy.pfb","horsham-heavy.php":"horsham-heavy.php","horsham-heavy.pmf":"horsham-heavy.pmf","horsham-heavy.pt3":"horsham-heavy.pt3","horsham-heavy.sfd":"horsham-heavy.sfd","horsham-heavy.svg":"horsham-heavy.svg","horsham-heavy.t42":"horsham-heavy.t42","horsham-heavy.ttd":"horsham-heavy.ttd","horsham-heavy.ttf":"horsham-heavy.ttf","horsham-heavy.ttg":"horsham-heavy.ttg","horsham-heavy.ufm":"horsham-heavy.ufm","horsham-heavy.woff":"horsham-heavy.woff","horsham-heavy.z":"horsham-heavy.z"},"\/horsham-heavy.ufo":{"feature.fea":"feature.fea","fontinfo.plist":"fontinfo.plist","groups.plist":"groups.plist","kerning.plist":"kerning.plist","metainfo.plist":"metainfo.plist"},"\/horsham-heavy.ufo\/glyphs":{"A_.glif":"A_.glif","A_E_.glif":"A_E_.glif","A_acute.glif":"A_acute.glif","A_circumflex.glif":"A_circumflex.glif","A_dieresis.glif":"A_dieresis.glif","A_grave.glif":"A_grave.glif","A_ring.glif":"A_ring.glif","A_tilde.glif":"A_tilde.glif","B_.glif":"B_.glif","C_.glif":"C_.glif","C_cedilla.glif":"C_cedilla.glif","D_.glif":"D_.glif","D_elta.glif":"D_elta.glif","E_.glif":"E_.glif","E_acute.glif":"E_acute.glif","E_circumflex.glif":"E_circumflex.glif","E_dieresis.glif":"E_dieresis.glif","E_grave.glif":"E_grave.glif","F_.glif":"F_.glif","G_.glif":"G_.glif","H_.glif":"H_.glif","I_.glif":"I_.glif","I_acute.glif":"I_acute.glif","I_circumflex.glif":"I_circumflex.glif","I_dieresis.glif":"I_dieresis.glif","I_grave.glif":"I_grave.glif","J_.glif":"J_.glif","K_.glif":"K_.glif","L_.glif":"L_.glif","M_.glif":"M_.glif","N_.glif":"N_.glif","N_tilde.glif":"N_tilde.glif","O_.glif":"O_.glif","O_E_.glif":"O_E_.glif","O_acute.glif":"O_acute.glif","O_circumflex.glif":"O_circumflex.glif","O_dieresis.glif":"O_dieresis.glif","O_grave.glif":"O_grave.glif","O_mega.glif":"O_mega.glif","O_slash.glif":"O_slash.glif","O_tilde.glif":"O_tilde.glif","P_.glif":"P_.glif","Q_.glif":"Q_.glif","R_.glif":"R_.glif","S_.glif":"S_.glif","T_.glif":"T_.glif","U_.glif":"U_.glif","U_acute.glif":"U_acute.glif","U_circumflex.glif":"U_circumflex.glif","U_dieresis.glif":"U_dieresis.glif","U_grave.glif":"U_grave.glif","V_.glif":"V_.glif","W_.glif":"W_.glif","X_.glif":"X_.glif","Y_.glif":"Y_.glif","Y_dieresis.glif":"Y_dieresis.glif","Z_.glif":"Z_.glif","_notdef.glif":"_notdef.glif","_null.glif":"_null.glif","a.glif":"a.glif","aacute.glif":"aacute.glif","acircumflex.glif":"acircumflex.glif","acute.glif":"acute.glif","adieresis.glif":"adieresis.glif","ae.glif":"ae.glif","agrave.glif":"agrave.glif","ampersand.glif":"ampersand.glif","apple.glif":"apple.glif","approxequal.glif":"approxequal.glif","aring.glif":"aring.glif","asciicircum.glif":"asciicircum.glif","asciitilde.glif":"asciitilde.glif","asterisk.glif":"asterisk.glif","at.glif":"at.glif","atilde.glif":"atilde.glif","b.glif":"b.glif","backslash.glif":"backslash.glif","bar.glif":"bar.glif","braceleft.glif":"braceleft.glif","braceright.glif":"braceright.glif","bracketleft.glif":"bracketleft.glif","bracketright.glif":"bracketright.glif","breve.glif":"breve.glif","bullet.glif":"bullet.glif","c.glif":"c.glif","c128.glif":"c128.glif","c293.glif":"c293.glif","c294.glif":"c294.glif","c295.glif":"c295.glif","c296.glif":"c296.glif","caron.glif":"caron.glif","ccedilla.glif":"ccedilla.glif","cedilla.glif":"cedilla.glif","cent.glif":"cent.glif","circumflex.glif":"circumflex.glif","colon.glif":"colon.glif","comma.glif":"comma.glif","contents.plist":"contents.plist","copyright.glif":"copyright.glif","currency.glif":"currency.glif","d.glif":"d.glif","dagger.glif":"dagger.glif","daggerdbl.glif":"daggerdbl.glif","dieresis.glif":"dieresis.glif","divide.glif":"divide.glif","dollar.glif":"dollar.glif","dotaccent.glif":"dotaccent.glif","dotlessi.glif":"dotlessi.glif","e.glif":"e.glif","eacute.glif":"eacute.glif","ecircumflex.glif":"ecircumflex.glif","edieresis.glif":"edieresis.glif","egrave.glif":"egrave.glif","eight.glif":"eight.glif","ellipsis.glif":"ellipsis.glif","emdash.glif":"emdash.glif","endash.glif":"endash.glif","equal.glif":"equal.glif","exclam.glif":"exclam.glif","exclamdown.glif":"exclamdown.glif","f.glif":"f.glif","fi.glif":"fi.glif","five.glif":"five.glif","fl.glif":"fl.glif","florin.glif":"florin.glif","four.glif":"four.glif","fraction.glif":"fraction.glif","g.glif":"g.glif","germandbls.glif":"germandbls.glif","grave.glif":"grave.glif","greater.glif":"greater.glif","greaterequal.glif":"greaterequal.glif","guillemotleft.glif":"guillemotleft.glif","guillemotright.glif":"guillemotright.glif","guilsinglleft.glif":"guilsinglleft.glif","guilsinglright.glif":"guilsinglright.glif","h.glif":"h.glif","hungarumlaut.glif":"hungarumlaut.glif","hyphen.glif":"hyphen.glif","i.glif":"i.glif","iacute.glif":"iacute.glif","icircumflex.glif":"icircumflex.glif","idieresis.glif":"idieresis.glif","igrave.glif":"igrave.glif","infinity.glif":"infinity.glif","integral.glif":"integral.glif","j.glif":"j.glif","k.glif":"k.glif","l.glif":"l.glif","less.glif":"less.glif","lessequal.glif":"lessequal.glif","logicalnot.glif":"logicalnot.glif","lozenge.glif":"lozenge.glif","m.glif":"m.glif","macron.glif":"macron.glif","mu.glif":"mu.glif","n.glif":"n.glif","nine.glif":"nine.glif","nonbreakingspace.glif":"nonbreakingspace.glif","nonmarkingreturn.glif":"nonmarkingreturn.glif","notequal.glif":"notequal.glif","ntilde.glif":"ntilde.glif","numbersign.glif":"numbersign.glif","o.glif":"o.glif","oacute.glif":"oacute.glif","ocircumflex.glif":"ocircumflex.glif","odieresis.glif":"odieresis.glif","oe.glif":"oe.glif","ogonek.glif":"ogonek.glif","ograve.glif":"ograve.glif","one.glif":"one.glif","ordfeminine.glif":"ordfeminine.glif","ordmasculine.glif":"ordmasculine.glif","oslash.glif":"oslash.glif","otilde.glif":"otilde.glif","p.glif":"p.glif","paragraph.glif":"paragraph.glif","parenleft.glif":"parenleft.glif","parenright.glif":"parenright.glif","partialdiff.glif":"partialdiff.glif","percent.glif":"percent.glif","period.glif":"period.glif","periodcentered.glif":"periodcentered.glif","perthousand.glif":"perthousand.glif","pi.glif":"pi.glif","plus.glif":"plus.glif","plusminus.glif":"plusminus.glif","product.glif":"product.glif","q.glif":"q.glif","question.glif":"question.glif","questiondown.glif":"questiondown.glif","quotedbl.glif":"quotedbl.glif","quotedblbase.glif":"quotedblbase.glif","quotedblleft.glif":"quotedblleft.glif","quotedblright.glif":"quotedblright.glif","quoteleft.glif":"quoteleft.glif","quoteright.glif":"quoteright.glif","quotesinglbase.glif":"quotesinglbase.glif","quotesingle.glif":"quotesingle.glif","r.glif":"r.glif","radical.glif":"radical.glif","registered.glif":"registered.glif","ring.glif":"ring.glif","s.glif":"s.glif","section.glif":"section.glif","semicolon.glif":"semicolon.glif","seven.glif":"seven.glif","six.glif":"six.glif","slash.glif":"slash.glif","space.glif":"space.glif","sterling.glif":"sterling.glif","summation.glif":"summation.glif","t.glif":"t.glif","three.glif":"three.glif","tilde.glif":"tilde.glif","trademark.glif":"trademark.glif","two.glif":"two.glif","u.glif":"u.glif","uacute.glif":"uacute.glif","ucircumflex.glif":"ucircumflex.glif","udieresis.glif":"udieresis.glif","ugrave.glif":"ugrave.glif","underscore.glif":"underscore.glif","v.glif":"v.glif","w.glif":"w.glif","x.glif":"x.glif","y.glif":"y.glif","ydieresis.glif":"ydieresis.glif","yen.glif":"yen.glif","z.glif":"z.glif","zero.glif":"zero.glif"}},"Font":{"uploaded":1482757360.8065,"licence":"gpl3","company":"Chronolabs Cooperative","title":"Horsham Heavy","version":2.001,"date":"Sun Aug 28 07:55:09 2016","creator":"root","type":"1","matrix":"0.001 0 0 0.001 0 0","named":"Horsham-Heavy","painttype":"0","info":"10 dict dup","name":"Horsham-Heavy","family":"Horsham-Heavy","weight":"Thin","fstype":"0","italicangle":"0","underlineposition":"","underlinethickness":""},"Table":{"FFTM":{"entryLength":16,"tag":"FFTM","checksum":1947016268,"offset":30892,"length":28},"GDEF":{"entryLength":16,"tag":"GDEF","checksum":18022404,"offset":30860,"length":32},"OS\/2":{"entryLength":16,"tag":"OS\/2","checksum":2031894278,"offset":344,"length":86},"cmap":{"entryLength":16,"tag":"cmap","checksum":1891738539,"offset":1352,"length":734},"gasp":{"entryLength":16,"tag":"gasp","checksum":4294901763,"offset":30852,"length":8},"glyf":{"entryLength":16,"tag":"glyf","checksum":502868563,"offset":2552,"length":27152},"head":{"entryLength":16,"tag":"head","checksum":206425707,"offset":220,"length":54},"hhea":{"entryLength":16,"tag":"hhea","checksum":140444622,"offset":276,"length":36},"hmtx":{"entryLength":16,"tag":"hmtx","checksum":977144087,"offset":432,"length":920},"loca":{"entryLength":16,"tag":"loca","checksum":1907447254,"offset":2088,"length":462},"maxp":{"entryLength":16,"tag":"maxp","checksum":20250862,"offset":312,"length":32},"name":{"entryLength":16,"tag":"name","checksum":3735449565,"offset":29704,"length":627},"post":{"entryLength":16,"tag":"post","checksum":1816295928,"offset":30332,"length":519}},"UnicodeCharMap":{"0":1,"13":2,"32":3,"33":4,"34":5,"35":6,"36":7,"37":8,"38":9,"39":10,"40":11,"41":12,"42":13,"43":14,"44":15,"45":16,"46":17,"47":18,"48":19,"49":20,"50":21,"51":22,"52":23,"53":24,"54":25,"55":26,"56":27,"57":28,"58":29,"59":30,"60":31,"61":32,"62":33,"63":34,"64":35,"65":36,"66":37,"67":38,"68":39,"69":40,"70":41,"71":42,"72":43,"73":44,"74":45,"75":46,"76":47,"77":48,"78":49,"79":50,"80":51,"81":52,"82":53,"83":54,"84":55,"85":56,"86":57,"87":58,"88":59,"89":60,"90":61,"91":62,"92":63,"93":64,"94":65,"95":66,"96":67,"97":68,"98":69,"99":70,"100":71,"101":72,"102":73,"103":74,"104":75,"105":76,"106":77,"107":78,"108":79,"109":80,"110":81,"111":82,"112":83,"113":84,"114":85,"115":86,"116":87,"117":88,"118":89,"119":90,"120":91,"121":92,"122":93,"123":94,"124":95,"125":96,"126":97,"160":119,"161":120,"162":121,"163":122,"164":123,"165":124,"167":125,"168":126,"169":127,"170":128,"171":129,"172":130,"174":131,"175":220,"177":132,"180":133,"182":135,"183":215,"184":136,"186":137,"187":138,"191":139,"192":140,"193":141,"194":142,"195":143,"196":144,"197":145,"198":146,"199":147,"200":148,"201":149,"202":150,"203":151,"204":152,"205":153,"206":154,"207":155,"209":156,"210":157,"211":158,"212":159,"213":160,"214":161,"216":162,"217":163,"218":164,"219":165,"220":166,"223":167,"224":168,"225":169,"226":170,"227":171,"228":172,"229":173,"230":174,"231":175,"232":176,"233":177,"234":178,"235":179,"236":180,"237":181,"238":182,"239":183,"241":184,"242":185,"243":186,"244":187,"245":188,"246":189,"247":190,"248":191,"249":192,"250":193,"251":194,"252":195,"255":196,"305":199,"338":107,"339":117,"376":118,"402":100,"710":221,"711":202,"728":197,"729":198,"730":200,"731":201,"732":222,"733":219,"916":205,"937":224,"956":134,"960":203,"8211":113,"8212":114,"8216":108,"8217":109,"8218":99,"8220":110,"8221":111,"8222":101,"8224":103,"8225":104,"8226":112,"8230":102,"8240":105,"8249":106,"8250":116,"8260":216,"8482":115,"8706":204,"8719":206,"8721":223,"8730":207,"8734":208,"8747":209,"8776":210,"8800":211,"8804":212,"8805":213,"9674":214,"64257":217,"64258":218},"Reserves":null,"Names":[],"Nodes":{"ho":{"type":"typal","node":"ho","usage":1,"weight":1},"am":{"type":"typal","node":"am","usage":1,"weight":1},"he":{"type":"typal","node":"he","usage":1,"weight":1},"vy":{"type":"typal","node":"vy","usage":1,"weight":1},"hor":{"type":"typal","node":"hor","usage":1,"weight":1},"ham":{"type":"typal","node":"ham","usage":1,"weight":1},"hea":{"type":"typal","node":"hea","usage":1,"weight":1},"avy":{"type":"typal","node":"avy","usage":1,"weight":1},"hors":{"type":"keys","node":"hors","usage":1,"weight":1},"sham":{"type":"keys","node":"sham","usage":1,"weight":1},"heav":{"type":"keys","node":"heav","usage":1,"weight":1},"eavy":{"type":"keys","node":"eavy","usage":1,"weight":1},"horsh":{"type":"keys","node":"horsh","usage":1,"weight":1},"rsham":{"type":"keys","node":"rsham","usage":1,"weight":1},"horsham":{"type":"fixes","node":"horsham","usage":1,"weight":1},"heavy":{"type":"fixes","node":"heavy","usage":1,"weight":1}},"Contributors":[],"FontIdentity":"664d15017a64c71d3c7bdd73634dfc9e","Bytes":3293442,"Networking":[],"barcode":"qiasgycm66eqw","referee":"egum"}