{"CSS":{"PenicillinAOE":"PenicillinAOE.css"},"FontType":"TrueType","FontCopyright":"created by Astigmatic One Eye Foundry(c) 2000, All Rights Reserved.                                                           http:\/\/www.astigmatic.com\/       mailto: astigma@astigmatic.com           ID#BT Odyssey CD","FontName":"PenicillinAOE","FontSubfamily":"Medium","FontSubfamilyID":"FontForge 2.0 : PenicillinAOE : 16-8-2016","FontFullName":"Penicillin AOE","FontVersion":"Version 001.000 ","FontWeight":null,"FontPostscriptName":"PenicillinAOE","Files":{"penicillinaoe.afm":"penicillinaoe.afm","penicillinaoe.bin":"penicillinaoe.bin","penicillinaoe.cef":"penicillinaoe.cef","penicillinaoe.cff":"penicillinaoe.cff","penicillinaoe.cid":"penicillinaoe.cid","penicillinaoe.dfont":"penicillinaoe.dfont","penicillinaoe.eot":"penicillinaoe.eot","penicillinaoe.fon":"penicillinaoe.fon","penicillinaoe.gai":"penicillinaoe.gai","penicillinaoe.gsf":"penicillinaoe.gsf","penicillinaoe.hqx":"penicillinaoe.hqx","penicillinaoe.ik":"penicillinaoe.ik","penicillinaoe.mf":"penicillinaoe.mf","penicillinaoe.otf":"penicillinaoe.otf","penicillinaoe.pcf":"penicillinaoe.pcf","penicillinaoe.pf3":"penicillinaoe.pf3","penicillinaoe.pfa":"penicillinaoe.pfa","penicillinaoe.pfb":"penicillinaoe.pfb","penicillinaoe.php":"penicillinaoe.php","penicillinaoe.pmf":"penicillinaoe.pmf","penicillinaoe.pt3":"penicillinaoe.pt3","penicillinaoe.sfd":"penicillinaoe.sfd","penicillinaoe.svg":"penicillinaoe.svg","penicillinaoe.t42":"penicillinaoe.t42","penicillinaoe.ttd":"penicillinaoe.ttd","penicillinaoe.ttf":"penicillinaoe.ttf","penicillinaoe.ttg":"penicillinaoe.ttg","penicillinaoe.ufm":"penicillinaoe.ufm","penicillinaoe.woff":"penicillinaoe.woff","penicillinaoe.z":"penicillinaoe.z","":{"penicillinaoe.afm":"penicillinaoe.afm","penicillinaoe.bin":"penicillinaoe.bin","penicillinaoe.cef":"penicillinaoe.cef","penicillinaoe.cff":"penicillinaoe.cff","penicillinaoe.cid":"penicillinaoe.cid","penicillinaoe.dfont":"penicillinaoe.dfont","penicillinaoe.eot":"penicillinaoe.eot","penicillinaoe.fon":"penicillinaoe.fon","penicillinaoe.gai":"penicillinaoe.gai","penicillinaoe.gsf":"penicillinaoe.gsf","penicillinaoe.hqx":"penicillinaoe.hqx","penicillinaoe.ik":"penicillinaoe.ik","penicillinaoe.mf":"penicillinaoe.mf","penicillinaoe.otf":"penicillinaoe.otf","penicillinaoe.pcf":"penicillinaoe.pcf","penicillinaoe.pf3":"penicillinaoe.pf3","penicillinaoe.pfa":"penicillinaoe.pfa","penicillinaoe.pfb":"penicillinaoe.pfb","penicillinaoe.php":"penicillinaoe.php","penicillinaoe.pmf":"penicillinaoe.pmf","penicillinaoe.pt3":"penicillinaoe.pt3","penicillinaoe.sfd":"penicillinaoe.sfd","penicillinaoe.svg":"penicillinaoe.svg","penicillinaoe.t42":"penicillinaoe.t42","penicillinaoe.ttd":"penicillinaoe.ttd","penicillinaoe.ttf":"penicillinaoe.ttf","penicillinaoe.ttg":"penicillinaoe.ttg","penicillinaoe.ufm":"penicillinaoe.ufm","penicillinaoe.woff":"penicillinaoe.woff","penicillinaoe.z":"penicillinaoe.z"},"\/penicillinaoe.ufo":{"feature.fea":"feature.fea","fontinfo.plist":"fontinfo.plist","groups.plist":"groups.plist","kerning.plist":"kerning.plist","metainfo.plist":"metainfo.plist"},"\/penicillinaoe.ufo\/glyphs":{"A_.glif":"A_.glif","A_E_.glif":"A_E_.glif","A_acute.glif":"A_acute.glif","A_circumflex.glif":"A_circumflex.glif","A_dieresis.glif":"A_dieresis.glif","A_grave.glif":"A_grave.glif","A_ring.glif":"A_ring.glif","A_tilde.glif":"A_tilde.glif","B_.glif":"B_.glif","C_.glif":"C_.glif","C_cedilla.glif":"C_cedilla.glif","D_.glif":"D_.glif","D_elta.glif":"D_elta.glif","E_.glif":"E_.glif","E_acute.glif":"E_acute.glif","E_circumflex.glif":"E_circumflex.glif","E_dieresis.glif":"E_dieresis.glif","E_grave.glif":"E_grave.glif","E_th.glif":"E_th.glif","F_.glif":"F_.glif","G_.glif":"G_.glif","H_.glif":"H_.glif","H_T_.glif":"H_T_.glif","I_.glif":"I_.glif","I_acute.glif":"I_acute.glif","I_circumflex.glif":"I_circumflex.glif","I_dieresis.glif":"I_dieresis.glif","I_grave.glif":"I_grave.glif","J_.glif":"J_.glif","K_.glif":"K_.glif","L_.glif":"L_.glif","L_slash.glif":"L_slash.glif","M_.glif":"M_.glif","N_.glif":"N_.glif","N_tilde.glif":"N_tilde.glif","O_.glif":"O_.glif","O_E_.glif":"O_E_.glif","O_acute.glif":"O_acute.glif","O_circumflex.glif":"O_circumflex.glif","O_dieresis.glif":"O_dieresis.glif","O_grave.glif":"O_grave.glif","O_mega.glif":"O_mega.glif","O_slash.glif":"O_slash.glif","O_tilde.glif":"O_tilde.glif","P_.glif":"P_.glif","Q_.glif":"Q_.glif","R_.glif":"R_.glif","S_.glif":"S_.glif","S_caron.glif":"S_caron.glif","T_.glif":"T_.glif","T_horn.glif":"T_horn.glif","U_.glif":"U_.glif","U_acute.glif":"U_acute.glif","U_circumflex.glif":"U_circumflex.glif","U_dieresis.glif":"U_dieresis.glif","U_grave.glif":"U_grave.glif","V_.glif":"V_.glif","W_.glif":"W_.glif","X_.glif":"X_.glif","Y_.glif":"Y_.glif","Y_acute.glif":"Y_acute.glif","Y_dieresis.glif":"Y_dieresis.glif","Z_.glif":"Z_.glif","Z_caron.glif":"Z_caron.glif","a.glif":"a.glif","aacute.glif":"aacute.glif","acircumflex.glif":"acircumflex.glif","acute.glif":"acute.glif","adieresis.glif":"adieresis.glif","ae.glif":"ae.glif","agrave.glif":"agrave.glif","ampersand.glif":"ampersand.glif","apple.glif":"apple.glif","approxequal.glif":"approxequal.glif","aring.glif":"aring.glif","asciicircum.glif":"asciicircum.glif","asciitilde.glif":"asciitilde.glif","asterisk.glif":"asterisk.glif","at.glif":"at.glif","atilde.glif":"atilde.glif","b.glif":"b.glif","backslash.glif":"backslash.glif","bar.glif":"bar.glif","braceleft.glif":"braceleft.glif","braceright.glif":"braceright.glif","bracketleft.glif":"bracketleft.glif","bracketright.glif":"bracketright.glif","breve.glif":"breve.glif","brokenbar.glif":"brokenbar.glif","bullet.glif":"bullet.glif","c.glif":"c.glif","caron.glif":"caron.glif","ccedilla.glif":"ccedilla.glif","cedilla.glif":"cedilla.glif","cent.glif":"cent.glif","circumflex.glif":"circumflex.glif","colon.glif":"colon.glif","comma.glif":"comma.glif","contents.plist":"contents.plist","copyright.glif":"copyright.glif","currency.glif":"currency.glif","d.glif":"d.glif","dagger.glif":"dagger.glif","daggerdbl.glif":"daggerdbl.glif","degree.glif":"degree.glif","dieresis.glif":"dieresis.glif","divide.glif":"divide.glif","dollar.glif":"dollar.glif","dotaccent.glif":"dotaccent.glif","dotlessi.glif":"dotlessi.glif","e.glif":"e.glif","eacute.glif":"eacute.glif","ecircumflex.glif":"ecircumflex.glif","edieresis.glif":"edieresis.glif","egrave.glif":"egrave.glif","eight.glif":"eight.glif","ellipsis.glif":"ellipsis.glif","emdash.glif":"emdash.glif","endash.glif":"endash.glif","equal.glif":"equal.glif","eth.glif":"eth.glif","exclam.glif":"exclam.glif","exclamdown.glif":"exclamdown.glif","f.glif":"f.glif","fi.glif":"fi.glif","five.glif":"five.glif","fl.glif":"fl.glif","florin.glif":"florin.glif","four.glif":"four.glif","fraction.glif":"fraction.glif","g.glif":"g.glif","germandbls.glif":"germandbls.glif","grave.glif":"grave.glif","greater.glif":"greater.glif","greaterequal.glif":"greaterequal.glif","guillemotleft.glif":"guillemotleft.glif","guillemotright.glif":"guillemotright.glif","guilsinglleft.glif":"guilsinglleft.glif","guilsinglright.glif":"guilsinglright.glif","h.glif":"h.glif","hungarumlaut.glif":"hungarumlaut.glif","hyphen.glif":"hyphen.glif","i.glif":"i.glif","iacute.glif":"iacute.glif","icircumflex.glif":"icircumflex.glif","idieresis.glif":"idieresis.glif","igrave.glif":"igrave.glif","infinity.glif":"infinity.glif","integral.glif":"integral.glif","j.glif":"j.glif","k.glif":"k.glif","l.glif":"l.glif","less.glif":"less.glif","lessequal.glif":"lessequal.glif","logicalnot.glif":"logicalnot.glif","lozenge.glif":"lozenge.glif","lslash.glif":"lslash.glif","m.glif":"m.glif","macron.glif":"macron.glif","minus.glif":"minus.glif","mu.glif":"mu.glif","multiply.glif":"multiply.glif","n.glif":"n.glif","nbspace.glif":"nbspace.glif","nine.glif":"nine.glif","notequal.glif":"notequal.glif","ntilde.glif":"ntilde.glif","numbersign.glif":"numbersign.glif","o.glif":"o.glif","oacute.glif":"oacute.glif","ocircumflex.glif":"ocircumflex.glif","odieresis.glif":"odieresis.glif","oe.glif":"oe.glif","ogonek.glif":"ogonek.glif","ograve.glif":"ograve.glif","one.glif":"one.glif","onehalf.glif":"onehalf.glif","onequarter.glif":"onequarter.glif","onesuperior.glif":"onesuperior.glif","ordfeminine.glif":"ordfeminine.glif","ordmasculine.glif":"ordmasculine.glif","oslash.glif":"oslash.glif","otilde.glif":"otilde.glif","p.glif":"p.glif","paragraph.glif":"paragraph.glif","parenleft.glif":"parenleft.glif","parenright.glif":"parenright.glif","partialdiff.glif":"partialdiff.glif","percent.glif":"percent.glif","period.glif":"period.glif","periodcentered.glif":"periodcentered.glif","perthousand.glif":"perthousand.glif","pi.glif":"pi.glif","plus.glif":"plus.glif","plusminus.glif":"plusminus.glif","product.glif":"product.glif","q.glif":"q.glif","question.glif":"question.glif","questiondown.glif":"questiondown.glif","quotedbl.glif":"quotedbl.glif","quotedblbase.glif":"quotedblbase.glif","quotedblleft.glif":"quotedblleft.glif","quotedblright.glif":"quotedblright.glif","quoteleft.glif":"quoteleft.glif","quoteright.glif":"quoteright.glif","quotesinglbase.glif":"quotesinglbase.glif","quotesingle.glif":"quotesingle.glif","r.glif":"r.glif","radical.glif":"radical.glif","registered.glif":"registered.glif","ring.glif":"ring.glif","s.glif":"s.glif","scaron.glif":"scaron.glif","section.glif":"section.glif","semicolon.glif":"semicolon.glif","seven.glif":"seven.glif","six.glif":"six.glif","slash.glif":"slash.glif","space.glif":"space.glif","sterling.glif":"sterling.glif","summation.glif":"summation.glif","t.glif":"t.glif","thorn.glif":"thorn.glif","three.glif":"three.glif","threequarters.glif":"threequarters.glif","threesuperior.glif":"threesuperior.glif","tilde.glif":"tilde.glif","trademark.glif":"trademark.glif","two.glif":"two.glif","twosuperior.glif":"twosuperior.glif","u.glif":"u.glif","uacute.glif":"uacute.glif","ucircumflex.glif":"ucircumflex.glif","udieresis.glif":"udieresis.glif","ugrave.glif":"ugrave.glif","underscore.glif":"underscore.glif","v.glif":"v.glif","w.glif":"w.glif","x.glif":"x.glif","y.glif":"y.glif","yacute.glif":"yacute.glif","ydieresis.glif":"ydieresis.glif","yen.glif":"yen.glif","z.glif":"z.glif","zcaron.glif":"zcaron.glif","zero.glif":"zero.glif"}},"Font":null,"Table":{"FFTM":{"entryLength":16,"tag":"FFTM","checksum":1944375752,"offset":55052,"length":28},"GDEF":{"entryLength":16,"tag":"GDEF","checksum":19202054,"offset":55020,"length":32},"OS\/2":{"entryLength":16,"tag":"OS\/2","checksum":2007251707,"offset":344,"length":86},"cmap":{"entryLength":16,"tag":"cmap","checksum":2175006152,"offset":1424,"length":660},"gasp":{"entryLength":16,"tag":"gasp","checksum":4294901763,"offset":55012,"length":8},"glyf":{"entryLength":16,"tag":"glyf","checksum":699261485,"offset":2584,"length":50732},"head":{"entryLength":16,"tag":"head","checksum":168226073,"offset":220,"length":54},"hhea":{"entryLength":16,"tag":"hhea","checksum":121504620,"offset":276,"length":36},"hmtx":{"entryLength":16,"tag":"hmtx","checksum":1342245608,"offset":432,"length":992},"loca":{"entryLength":16,"tag":"loca","checksum":775028980,"offset":2084,"length":498},"maxp":{"entryLength":16,"tag":"maxp","checksum":24905059,"offset":312,"length":32},"name":{"entryLength":16,"tag":"name","checksum":2793807206,"offset":53316,"length":1149},"post":{"entryLength":16,"tag":"post","checksum":1433777919,"offset":54468,"length":541}},"UnicodeCharMap":{"32":3,"33":4,"34":5,"35":6,"36":7,"37":8,"38":9,"39":10,"40":11,"41":12,"42":13,"43":14,"44":15,"45":16,"46":17,"47":18,"48":19,"49":20,"50":21,"51":22,"52":23,"53":24,"54":25,"55":26,"56":27,"57":28,"58":29,"59":30,"60":31,"61":32,"62":33,"63":34,"64":35,"65":36,"66":37,"67":38,"68":39,"69":40,"70":41,"71":42,"72":43,"73":44,"74":45,"75":46,"76":47,"77":48,"78":49,"79":50,"80":51,"81":52,"82":53,"83":54,"84":55,"85":56,"86":57,"87":58,"88":59,"89":60,"90":61,"91":62,"92":63,"93":64,"94":65,"95":66,"96":67,"97":68,"98":69,"99":70,"100":71,"101":72,"102":73,"103":74,"104":75,"105":76,"106":77,"107":78,"108":79,"109":80,"110":81,"111":82,"112":83,"113":84,"114":85,"115":86,"116":87,"117":88,"118":89,"119":90,"120":91,"121":92,"122":93,"123":94,"124":95,"125":96,"126":97,"160":122,"161":123,"162":124,"163":125,"164":126,"165":127,"166":128,"167":129,"168":130,"169":131,"170":132,"171":133,"172":134,"174":136,"175":137,"176":138,"177":139,"178":140,"179":141,"180":142,"182":144,"183":145,"184":146,"185":147,"186":148,"187":149,"188":150,"189":151,"190":152,"191":153,"192":154,"193":155,"194":156,"195":157,"196":158,"197":159,"198":160,"199":161,"200":162,"201":163,"202":164,"203":165,"204":166,"205":167,"206":168,"207":169,"208":170,"209":171,"210":172,"211":173,"212":174,"213":175,"214":176,"215":177,"216":178,"217":179,"218":180,"219":181,"220":182,"221":183,"222":184,"223":185,"224":186,"225":187,"226":188,"227":189,"228":190,"229":191,"230":192,"231":193,"232":194,"233":195,"234":196,"235":197,"236":198,"237":199,"238":200,"239":201,"240":202,"241":203,"242":204,"243":205,"244":206,"245":207,"246":208,"247":209,"248":210,"249":211,"250":212,"251":213,"252":214,"253":215,"254":216,"255":217,"305":241,"321":218,"322":219,"338":108,"339":120,"352":106,"353":118,"376":121,"381":221,"382":222,"402":99,"710":104,"711":247,"728":242,"729":243,"730":244,"731":246,"732":116,"733":245,"916":235,"937":232,"956":143,"960":230,"8211":114,"8212":115,"8216":109,"8217":110,"8218":98,"8220":111,"8221":112,"8222":100,"8224":102,"8225":103,"8226":113,"8230":101,"8240":105,"8249":107,"8250":119,"8260":237,"8482":117,"8706":227,"8719":229,"8721":228,"8722":135,"8730":233,"8734":224,"8747":231,"8776":234,"8800":223,"8804":225,"8805":226,"9674":236,"64257":238,"64258":239},"Reserves":null,"Names":[],"Nodes":{"pe":{"type":"typal","node":"pe","usage":1,"weight":1},"in":{"type":"typal","node":"in","usage":1,"weight":1},"ao":{"type":"typal","node":"ao","usage":1,"weight":1},"oe":{"type":"typal","node":"oe","usage":1,"weight":1},"pen":{"type":"typal","node":"pen","usage":1,"weight":1},"lin":{"type":"typal","node":"lin","usage":1,"weight":1},"peni":{"type":"keys","node":"peni","usage":1,"weight":1},"llin":{"type":"keys","node":"llin","usage":1,"weight":1},"penic":{"type":"keys","node":"penic","usage":1,"weight":1},"illin":{"type":"keys","node":"illin","usage":1,"weight":1},"penicillin":{"type":"fixes","node":"penicillin","usage":1,"weight":1},"aoe":{"type":"fixes","node":"aoe","usage":1,"weight":1}},"Contributors":[],"FontIdentity":"9b0efe05cbe1c6b6b863b1cf65747a8f","Bytes":4938120,"Networking":[],"barcode":"y6mycoy6gaa6","referee":"me8skwk"}