{"CSS":{"ITC Officina Sans Bold Italic Cyrillic":"ITC+Officina+Sans+Bold+Italic+Cyrillic.css"},"FontType":"TrueType","FontCopyright":"Copyright (c) ParaGraph Intl, 1990-1994. All Rights Reserved. Officina Sans is a registered trade mark of International Typeface Corporation.","FontName":"OfficinaSansC","FontSubfamily":"BoldItalic","FontSubfamilyID":"FontForge 2.0 : ITC Officina Sans Bold Italic Cyrillic : 26-8-2016","FontFullName":"ITC Officina Sans Bold Italic Cyrillic","FontVersion":"Version 001.000 ","FontWeight":null,"FontPostscriptName":"OfficinaSansC-BoldItalic","Files":{"officinasansc-bolditalic.afm":"officinasansc-bolditalic.afm","officinasansc-bolditalic.bin":"officinasansc-bolditalic.bin","officinasansc-bolditalic.cef":"officinasansc-bolditalic.cef","officinasansc-bolditalic.cff":"officinasansc-bolditalic.cff","officinasansc-bolditalic.cid":"officinasansc-bolditalic.cid","officinasansc-bolditalic.dfont":"officinasansc-bolditalic.dfont","officinasansc-bolditalic.eot":"officinasansc-bolditalic.eot","officinasansc-bolditalic.fon":"officinasansc-bolditalic.fon","officinasansc-bolditalic.gai":"officinasansc-bolditalic.gai","officinasansc-bolditalic.gsf":"officinasansc-bolditalic.gsf","officinasansc-bolditalic.hqx":"officinasansc-bolditalic.hqx","officinasansc-bolditalic.ik":"officinasansc-bolditalic.ik","officinasansc-bolditalic.mf":"officinasansc-bolditalic.mf","officinasansc-bolditalic.otf":"officinasansc-bolditalic.otf","officinasansc-bolditalic.pcf":"officinasansc-bolditalic.pcf","officinasansc-bolditalic.pf3":"officinasansc-bolditalic.pf3","officinasansc-bolditalic.pfa":"officinasansc-bolditalic.pfa","officinasansc-bolditalic.pfb":"officinasansc-bolditalic.pfb","officinasansc-bolditalic.php":"officinasansc-bolditalic.php","officinasansc-bolditalic.pmf":"officinasansc-bolditalic.pmf","officinasansc-bolditalic.pt3":"officinasansc-bolditalic.pt3","officinasansc-bolditalic.sfd":"officinasansc-bolditalic.sfd","officinasansc-bolditalic.svg":"officinasansc-bolditalic.svg","officinasansc-bolditalic.t42":"officinasansc-bolditalic.t42","officinasansc-bolditalic.ttd":"officinasansc-bolditalic.ttd","officinasansc-bolditalic.ttf":"officinasansc-bolditalic.ttf","officinasansc-bolditalic.ttg":"officinasansc-bolditalic.ttg","officinasansc-bolditalic.ufm":"officinasansc-bolditalic.ufm","officinasansc-bolditalic.woff":"officinasansc-bolditalic.woff","officinasansc-bolditalic.z":"officinasansc-bolditalic.z","":{"officinasansc-bolditalic.afm":"officinasansc-bolditalic.afm","officinasansc-bolditalic.bin":"officinasansc-bolditalic.bin","officinasansc-bolditalic.cef":"officinasansc-bolditalic.cef","officinasansc-bolditalic.cff":"officinasansc-bolditalic.cff","officinasansc-bolditalic.cid":"officinasansc-bolditalic.cid","officinasansc-bolditalic.dfont":"officinasansc-bolditalic.dfont","officinasansc-bolditalic.eot":"officinasansc-bolditalic.eot","officinasansc-bolditalic.fon":"officinasansc-bolditalic.fon","officinasansc-bolditalic.gai":"officinasansc-bolditalic.gai","officinasansc-bolditalic.gsf":"officinasansc-bolditalic.gsf","officinasansc-bolditalic.hqx":"officinasansc-bolditalic.hqx","officinasansc-bolditalic.ik":"officinasansc-bolditalic.ik","officinasansc-bolditalic.mf":"officinasansc-bolditalic.mf","officinasansc-bolditalic.otf":"officinasansc-bolditalic.otf","officinasansc-bolditalic.pcf":"officinasansc-bolditalic.pcf","officinasansc-bolditalic.pf3":"officinasansc-bolditalic.pf3","officinasansc-bolditalic.pfa":"officinasansc-bolditalic.pfa","officinasansc-bolditalic.pfb":"officinasansc-bolditalic.pfb","officinasansc-bolditalic.php":"officinasansc-bolditalic.php","officinasansc-bolditalic.pmf":"officinasansc-bolditalic.pmf","officinasansc-bolditalic.pt3":"officinasansc-bolditalic.pt3","officinasansc-bolditalic.sfd":"officinasansc-bolditalic.sfd","officinasansc-bolditalic.svg":"officinasansc-bolditalic.svg","officinasansc-bolditalic.t42":"officinasansc-bolditalic.t42","officinasansc-bolditalic.ttd":"officinasansc-bolditalic.ttd","officinasansc-bolditalic.ttf":"officinasansc-bolditalic.ttf","officinasansc-bolditalic.ttg":"officinasansc-bolditalic.ttg","officinasansc-bolditalic.ufm":"officinasansc-bolditalic.ufm","officinasansc-bolditalic.woff":"officinasansc-bolditalic.woff","officinasansc-bolditalic.z":"officinasansc-bolditalic.z"},"\/officinasansc-bolditalic.ufo":{"feature.fea":"feature.fea","fontinfo.plist":"fontinfo.plist","groups.plist":"groups.plist","kerning.plist":"kerning.plist","metainfo.plist":"metainfo.plist"},"\/officinasansc-bolditalic.ufo\/glyphs":{"A_.glif":"A_.glif","B_.glif":"B_.glif","C_.glif":"C_.glif","D_.glif":"D_.glif","E_.glif":"E_.glif","F_.glif":"F_.glif","G_.glif":"G_.glif","H_.glif":"H_.glif","I_.glif":"I_.glif","J_.glif":"J_.glif","K_.glif":"K_.glif","L_.glif":"L_.glif","M_.glif":"M_.glif","N_.glif":"N_.glif","O_.glif":"O_.glif","P_.glif":"P_.glif","Q_.glif":"Q_.glif","R_.glif":"R_.glif","S_.glif":"S_.glif","T_.glif":"T_.glif","U_.glif":"U_.glif","V_.glif":"V_.glif","W_.glif":"W_.glif","X_.glif":"X_.glif","Y_.glif":"Y_.glif","Z_.glif":"Z_.glif","a.glif":"a.glif","afii10017.glif":"afii10017.glif","afii10018.glif":"afii10018.glif","afii10019.glif":"afii10019.glif","afii10020.glif":"afii10020.glif","afii10021.glif":"afii10021.glif","afii10022.glif":"afii10022.glif","afii10023.glif":"afii10023.glif","afii10024.glif":"afii10024.glif","afii10025.glif":"afii10025.glif","afii10026.glif":"afii10026.glif","afii10027.glif":"afii10027.glif","afii10028.glif":"afii10028.glif","afii10029.glif":"afii10029.glif","afii10030.glif":"afii10030.glif","afii10031.glif":"afii10031.glif","afii10032.glif":"afii10032.glif","afii10033.glif":"afii10033.glif","afii10034.glif":"afii10034.glif","afii10035.glif":"afii10035.glif","afii10036.glif":"afii10036.glif","afii10037.glif":"afii10037.glif","afii10038.glif":"afii10038.glif","afii10039.glif":"afii10039.glif","afii10040.glif":"afii10040.glif","afii10041.glif":"afii10041.glif","afii10042.glif":"afii10042.glif","afii10043.glif":"afii10043.glif","afii10044.glif":"afii10044.glif","afii10045.glif":"afii10045.glif","afii10046.glif":"afii10046.glif","afii10047.glif":"afii10047.glif","afii10048.glif":"afii10048.glif","afii10049.glif":"afii10049.glif","afii10050.glif":"afii10050.glif","afii10051.glif":"afii10051.glif","afii10052.glif":"afii10052.glif","afii10053.glif":"afii10053.glif","afii10054.glif":"afii10054.glif","afii10055.glif":"afii10055.glif","afii10056.glif":"afii10056.glif","afii10057.glif":"afii10057.glif","afii10058.glif":"afii10058.glif","afii10059.glif":"afii10059.glif","afii10060.glif":"afii10060.glif","afii10061.glif":"afii10061.glif","afii10062.glif":"afii10062.glif","afii10065.glif":"afii10065.glif","afii10066.glif":"afii10066.glif","afii10067.glif":"afii10067.glif","afii10068.glif":"afii10068.glif","afii10069.glif":"afii10069.glif","afii10070.glif":"afii10070.glif","afii10071.glif":"afii10071.glif","afii10072.glif":"afii10072.glif","afii10073.glif":"afii10073.glif","afii10074.glif":"afii10074.glif","afii10075.glif":"afii10075.glif","afii10076.glif":"afii10076.glif","afii10077.glif":"afii10077.glif","afii10078.glif":"afii10078.glif","afii10079.glif":"afii10079.glif","afii10080.glif":"afii10080.glif","afii10081.glif":"afii10081.glif","afii10082.glif":"afii10082.glif","afii10083.glif":"afii10083.glif","afii10084.glif":"afii10084.glif","afii10085.glif":"afii10085.glif","afii10086.glif":"afii10086.glif","afii10087.glif":"afii10087.glif","afii10088.glif":"afii10088.glif","afii10089.glif":"afii10089.glif","afii10090.glif":"afii10090.glif","afii10091.glif":"afii10091.glif","afii10092.glif":"afii10092.glif","afii10093.glif":"afii10093.glif","afii10094.glif":"afii10094.glif","afii10095.glif":"afii10095.glif","afii10096.glif":"afii10096.glif","afii10097.glif":"afii10097.glif","afii10098.glif":"afii10098.glif","afii10099.glif":"afii10099.glif","afii10100.glif":"afii10100.glif","afii10101.glif":"afii10101.glif","afii10102.glif":"afii10102.glif","afii10103.glif":"afii10103.glif","afii10104.glif":"afii10104.glif","afii10105.glif":"afii10105.glif","afii10106.glif":"afii10106.glif","afii10107.glif":"afii10107.glif","afii10108.glif":"afii10108.glif","afii10109.glif":"afii10109.glif","afii10110.glif":"afii10110.glif","afii10145.glif":"afii10145.glif","afii10193.glif":"afii10193.glif","ampersand.glif":"ampersand.glif","asciicircum.glif":"asciicircum.glif","asciitilde.glif":"asciitilde.glif","asterisk.glif":"asterisk.glif","at.glif":"at.glif","b.glif":"b.glif","backslash.glif":"backslash.glif","bar.glif":"bar.glif","braceleft.glif":"braceleft.glif","braceright.glif":"braceright.glif","bracketleft.glif":"bracketleft.glif","bracketright.glif":"bracketright.glif","brokenbar.glif":"brokenbar.glif","bullet.glif":"bullet.glif","c.glif":"c.glif","circumflex.glif":"circumflex.glif","colon.glif":"colon.glif","comma.glif":"comma.glif","contents.plist":"contents.plist","copyright.glif":"copyright.glif","currency.glif":"currency.glif","d.glif":"d.glif","dagger.glif":"dagger.glif","daggerdbl.glif":"daggerdbl.glif","degree.glif":"degree.glif","dollar.glif":"dollar.glif","e.glif":"e.glif","eight.glif":"eight.glif","ellipsis.glif":"ellipsis.glif","emdash.glif":"emdash.glif","endash.glif":"endash.glif","equal.glif":"equal.glif","exclam.glif":"exclam.glif","f.glif":"f.glif","five.glif":"five.glif","four.glif":"four.glif","g.glif":"g.glif","grave.glif":"grave.glif","greater.glif":"greater.glif","guillemotleft.glif":"guillemotleft.glif","guillemotright.glif":"guillemotright.glif","h.glif":"h.glif","hyphen.glif":"hyphen.glif","hyphenminus.glif":"hyphenminus.glif","i.glif":"i.glif","j.glif":"j.glif","k.glif":"k.glif","l.glif":"l.glif","less.glif":"less.glif","logicalnot.glif":"logicalnot.glif","m.glif":"m.glif","mu.glif":"mu.glif","n.glif":"n.glif","nine.glif":"nine.glif","numbersign.glif":"numbersign.glif","numero.glif":"numero.glif","o.glif":"o.glif","one.glif":"one.glif","p.glif":"p.glif","paragraph.glif":"paragraph.glif","parenleft.glif":"parenleft.glif","parenright.glif":"parenright.glif","percent.glif":"percent.glif","period.glif":"period.glif","periodcentered.glif":"periodcentered.glif","perthousand.glif":"perthousand.glif","plus.glif":"plus.glif","plusminus.glif":"plusminus.glif","q.glif":"q.glif","question.glif":"question.glif","quilsinglleft.glif":"quilsinglleft.glif","quilsinglright.glif":"quilsinglright.glif","quotedbl.glif":"quotedbl.glif","quotedblbase.glif":"quotedblbase.glif","quotedblleft.glif":"quotedblleft.glif","quotedblright.glif":"quotedblright.glif","quoteleft.glif":"quoteleft.glif","quoteright.glif":"quoteright.glif","quotesinglbase.glif":"quotesinglbase.glif","quotesingle.glif":"quotesingle.glif","r.glif":"r.glif","registered.glif":"registered.glif","s.glif":"s.glif","section.glif":"section.glif","semicolon.glif":"semicolon.glif","seven.glif":"seven.glif","six.glif":"six.glif","slash.glif":"slash.glif","space.glif":"space.glif","t.glif":"t.glif","three.glif":"three.glif","tilde.glif":"tilde.glif","trademark.glif":"trademark.glif","two.glif":"two.glif","u.glif":"u.glif","underscore.glif":"underscore.glif","v.glif":"v.glif","w.glif":"w.glif","x.glif":"x.glif","y.glif":"y.glif","z.glif":"z.glif","zero.glif":"zero.glif"}},"Font":{"uploaded":1472218425.197,"licence":"gpl3","company":"Chronolabs Cooperative","title":"Officina Sans C Bold","version":2.001,"date":"Fri Aug 12 10:01:36 2016","creator":"root","type":"1","matrix":"0.001 0 0 0.001 0 0","named":"OfficinaSansC-Bold","painttype":"0","info":"10 dict dup","name":"ITC Officina Sans Bold Cyrillic","family":"OfficinaSansC","weight":"Bold","fstype":"0","italicangle":"0","underlineposition":"","underlinethickness":""},"Table":{"FFTM":{"entryLength":16,"tag":"FFTM","checksum":1944266644,"offset":36724,"length":28},"GDEF":{"entryLength":16,"tag":"GDEF","checksum":17694726,"offset":36692,"length":32},"OS\/2":{"entryLength":16,"tag":"OS\/2","checksum":1515586320,"offset":344,"length":86},"cmap":{"entryLength":16,"tag":"cmap","checksum":3336139940,"offset":1332,"length":910},"gasp":{"entryLength":16,"tag":"gasp","checksum":4294901763,"offset":36684,"length":8},"glyf":{"entryLength":16,"tag":"glyf","checksum":1010326548,"offset":2696,"length":31396},"head":{"entryLength":16,"tag":"head","checksum":180694826,"offset":220,"length":54},"hhea":{"entryLength":16,"tag":"hhea","checksum":131138658,"offset":276,"length":36},"hmtx":{"entryLength":16,"tag":"hmtx","checksum":3483572719,"offset":432,"length":900},"loca":{"entryLength":16,"tag":"loca","checksum":2079103668,"offset":2244,"length":452},"maxp":{"entryLength":16,"tag":"maxp","checksum":19529858,"offset":312,"length":32},"name":{"entryLength":16,"tag":"name","checksum":3087836058,"offset":34092,"length":1119},"post":{"entryLength":16,"tag":"post","checksum":1636190863,"offset":35212,"length":1472}},"UnicodeCharMap":{"32":3,"33":4,"34":5,"35":6,"36":7,"37":8,"38":9,"39":10,"40":11,"41":12,"42":13,"43":14,"44":15,"45":142,"46":17,"47":18,"48":19,"49":20,"50":21,"51":22,"52":23,"53":24,"54":25,"55":26,"56":27,"57":28,"58":29,"59":30,"60":31,"61":32,"62":33,"63":34,"64":35,"65":36,"66":37,"67":38,"68":39,"69":40,"70":41,"71":42,"72":43,"73":44,"74":45,"75":46,"76":47,"77":48,"78":49,"79":50,"80":51,"81":52,"82":53,"83":54,"84":55,"85":56,"86":57,"87":58,"88":59,"89":60,"90":61,"91":62,"92":63,"93":64,"94":65,"95":66,"96":67,"97":68,"98":69,"99":70,"100":71,"101":72,"102":73,"103":74,"104":75,"105":76,"106":77,"107":78,"108":79,"109":80,"110":81,"111":82,"112":83,"113":84,"114":85,"115":86,"116":87,"117":88,"118":89,"119":90,"120":91,"121":92,"122":93,"123":94,"124":95,"125":96,"126":97,"164":133,"166":135,"167":136,"169":138,"171":140,"172":141,"174":143,"176":145,"177":146,"182":151,"183":152,"187":156,"710":106,"732":122,"956":150,"1025":137,"1026":98,"1027":99,"1028":139,"1029":158,"1030":147,"1031":144,"1032":132,"1033":108,"1034":110,"1035":112,"1036":111,"1038":130,"1039":113,"1040":161,"1041":162,"1042":163,"1043":164,"1044":165,"1045":166,"1046":167,"1047":168,"1048":169,"1049":170,"1050":171,"1051":172,"1052":173,"1053":174,"1054":175,"1055":176,"1056":177,"1057":178,"1058":179,"1059":180,"1060":181,"1061":182,"1062":183,"1063":184,"1064":185,"1065":186,"1066":187,"1067":188,"1068":189,"1069":190,"1070":191,"1071":192,"1072":193,"1073":194,"1074":195,"1075":196,"1076":197,"1077":198,"1078":199,"1079":200,"1080":201,"1081":202,"1082":203,"1083":204,"1084":205,"1085":206,"1086":207,"1087":208,"1088":209,"1089":210,"1090":211,"1091":212,"1092":213,"1093":214,"1094":215,"1095":216,"1096":217,"1097":218,"1098":219,"1099":220,"1100":221,"1101":222,"1102":223,"1103":224,"1105":153,"1106":114,"1107":101,"1108":155,"1109":159,"1110":148,"1111":160,"1112":157,"1113":124,"1114":126,"1115":128,"1116":127,"1118":131,"1119":129,"1168":134,"1169":149,"8211":120,"8212":121,"8216":115,"8217":116,"8218":100,"8220":117,"8221":118,"8222":102,"8224":104,"8225":105,"8226":119,"8230":103,"8240":107,"8470":154,"8482":123},"Reserves":null,"Names":[],"Nodes":{"of":{"type":"typal","node":"of","usage":1,"weight":1},"na":{"type":"typal","node":"na","usage":1,"weight":1},"sa":{"type":"typal","node":"sa","usage":1,"weight":1},"ns":{"type":"typal","node":"ns","usage":1,"weight":1},"off":{"type":"typal","node":"off","usage":1,"weight":1},"ina":{"type":"typal","node":"ina","usage":1,"weight":1},"san":{"type":"typal","node":"san","usage":1,"weight":1},"ans":{"type":"typal","node":"ans","usage":1,"weight":1},"offi":{"type":"keys","node":"offi","usage":1,"weight":1},"cina":{"type":"keys","node":"cina","usage":1,"weight":1},"offic":{"type":"keys","node":"offic","usage":1,"weight":1},"icina":{"type":"keys","node":"icina","usage":1,"weight":1},"officina":{"type":"fixes","node":"officina","usage":1,"weight":1},"sans":{"type":"fixes","node":"sans","usage":1,"weight":1},"c":{"type":"fixes","node":"c","usage":1,"weight":1}},"Contributors":[],"FontIdentity":"cb1c5f9a0ae2229562711aa7fb5637c8","Bytes":3539243,"Networking":[],"barcode":"ym3ykwcmos3ag","referee":"i8meK5C"}