{"CSS":{"Mangal":"Mangal.css"},"FontType":"TrueType","FontCopyright":"(c) 2001 Microsoft Corporation. All rights reserved.","FontName":"Mangal","FontSubfamily":"Regular","FontSubfamilyID":"FontForge 2.0 : Mangal : 18-10-2016","FontFullName":"Mangal","FontVersion":"Version 1.20 ","FontWeight":null,"FontPostscriptName":"Mangal-Regular","Files":{"mangal.afm":"mangal.afm","mangal.bin":"mangal.bin","mangal.cef":"mangal.cef","mangal.cff":"mangal.cff","mangal.cid":"mangal.cid","mangal.dfont":"mangal.dfont","mangal.eot":"mangal.eot","mangal.fon":"mangal.fon","mangal.gai":"mangal.gai","mangal.gsf":"mangal.gsf","mangal.hqx":"mangal.hqx","mangal.ik":"mangal.ik","mangal.mf":"mangal.mf","mangal.otf":"mangal.otf","mangal.pcf":"mangal.pcf","mangal.pf3":"mangal.pf3","mangal.pfa":"mangal.pfa","mangal.pfb":"mangal.pfb","mangal.php":"mangal.php","mangal.pmf":"mangal.pmf","mangal.pt3":"mangal.pt3","mangal.sfd":"mangal.sfd","mangal.svg":"mangal.svg","mangal.t42":"mangal.t42","mangal.ttd":"mangal.ttd","mangal.ttf":"mangal.ttf","mangal.ttg":"mangal.ttg","mangal.ufm":"mangal.ufm","mangal.woff":"mangal.woff","mangal.z":"mangal.z","":{"mangal.afm":"mangal.afm","mangal.bin":"mangal.bin","mangal.cef":"mangal.cef","mangal.cff":"mangal.cff","mangal.cid":"mangal.cid","mangal.dfont":"mangal.dfont","mangal.eot":"mangal.eot","mangal.fon":"mangal.fon","mangal.gai":"mangal.gai","mangal.gsf":"mangal.gsf","mangal.hqx":"mangal.hqx","mangal.ik":"mangal.ik","mangal.mf":"mangal.mf","mangal.otf":"mangal.otf","mangal.pcf":"mangal.pcf","mangal.pf3":"mangal.pf3","mangal.pfa":"mangal.pfa","mangal.pfb":"mangal.pfb","mangal.php":"mangal.php","mangal.pmf":"mangal.pmf","mangal.pt3":"mangal.pt3","mangal.sfd":"mangal.sfd","mangal.svg":"mangal.svg","mangal.t42":"mangal.t42","mangal.ttd":"mangal.ttd","mangal.ttf":"mangal.ttf","mangal.ttg":"mangal.ttg","mangal.ufm":"mangal.ufm","mangal.woff":"mangal.woff","mangal.z":"mangal.z"},"\/mangal.ufo":{"feature.fea":"feature.fea","fontinfo.plist":"fontinfo.plist","groups.plist":"groups.plist","kerning.plist":"kerning.plist","metainfo.plist":"metainfo.plist"},"\/mangal.ufo\/glyphs":{"E_acute.glif":"E_acute.glif","E_th.glif":"E_th.glif","N_tilde.glif":"N_tilde.glif","O_circumflex.glif":"O_circumflex.glif","O_dieresis.glif":"O_dieresis.glif","O_slash.glif":"O_slash.glif","O_tilde.glif":"O_tilde.glif","_notdef.glif":"_notdef.glif","afii301.glif":"afii301.glif","afii61664.glif":"afii61664.glif","ampersand.glif":"ampersand.glif","asciicircum.glif":"asciicircum.glif","asciitilde.glif":"asciitilde.glif","asterisk.glif":"asterisk.glif","at.glif":"at.glif","backslash.glif":"backslash.glif","bar.glif":"bar.glif","braceleft.glif":"braceleft.glif","braceright.glif":"braceright.glif","bracketleft.glif":"bracketleft.glif","bracketright.glif":"bracketright.glif","colon.glif":"colon.glif","comma.glif":"comma.glif","contents.plist":"contents.plist","eight.glif":"eight.glif","equal.glif":"equal.glif","exclam.glif":"exclam.glif","five.glif":"five.glif","four.glif":"four.glif","glyph110.glif":"glyph110.glif","glyph111.glif":"glyph111.glif","glyph126.glif":"glyph126.glif","glyph127.glif":"glyph127.glif","glyph198.glif":"glyph198.glif","glyph199.glif":"glyph199.glif","glyph2.glif":"glyph2.glif","glyph334.glif":"glyph334.glif","glyph342.glif":"glyph342.glif","glyph343.glif":"glyph343.glif","glyph370.glif":"glyph370.glif","glyph406.glif":"glyph406.glif","glyph414.glif":"glyph414.glif","glyph415.glif":"glyph415.glif","glyph447.glif":"glyph447.glif","glyph449.glif":"glyph449.glif","glyph459.glif":"glyph459.glif","glyph460.glif":"glyph460.glif","glyph461.glif":"glyph461.glif","glyph462.glif":"glyph462.glif","glyph463.glif":"glyph463.glif","glyph464.glif":"glyph464.glif","glyph465.glif":"glyph465.glif","glyph466.glif":"glyph466.glif","glyph468.glif":"glyph468.glif","glyph470.glif":"glyph470.glif","glyph472.glif":"glyph472.glif","glyph474.glif":"glyph474.glif","glyph476.glif":"glyph476.glif","glyph52.glif":"glyph52.glif","glyph53.glif":"glyph53.glif","glyph54.glif":"glyph54.glif","glyph547.glif":"glyph547.glif","glyph548.glif":"glyph548.glif","glyph549.glif":"glyph549.glif","glyph55.glif":"glyph55.glif","glyph550.glif":"glyph550.glif","glyph551.glif":"glyph551.glif","glyph56.glif":"glyph56.glif","glyph569.glif":"glyph569.glif","glyph57.glif":"glyph57.glif","glyph570.glif":"glyph570.glif","glyph571.glif":"glyph571.glif","glyph572.glif":"glyph572.glif","glyph573.glif":"glyph573.glif","glyph58.glif":"glyph58.glif","glyph59.glif":"glyph59.glif","glyph595.glif":"glyph595.glif","glyph596.glif":"glyph596.glif","glyph597.glif":"glyph597.glif","glyph598.glif":"glyph598.glif","glyph599.glif":"glyph599.glif","glyph60.glif":"glyph60.glif","glyph601.glif":"glyph601.glif","glyph602.glif":"glyph602.glif","glyph603.glif":"glyph603.glif","glyph604.glif":"glyph604.glif","glyph605.glif":"glyph605.glif","glyph61.glif":"glyph61.glif","glyph62.glif":"glyph62.glif","glyph63.glif":"glyph63.glif","glyph669.glif":"glyph669.glif","glyph670.glif":"glyph670.glif","glyph79.glif":"glyph79.glif","glyph82.glif":"glyph82.glif","glyph83.glif":"glyph83.glif","glyph84.glif":"glyph84.glif","glyph85.glif":"glyph85.glif","glyph86.glif":"glyph86.glif","glyph87.glif":"glyph87.glif","glyph88.glif":"glyph88.glif","glyph90.glif":"glyph90.glif","greater.glif":"greater.glif","hyphen.glif":"hyphen.glif","less.glif":"less.glif","multiply.glif":"multiply.glif","nine.glif":"nine.glif","numbersign.glif":"numbersign.glif","one.glif":"one.glif","parenleft.glif":"parenleft.glif","parenright.glif":"parenright.glif","percent.glif":"percent.glif","period.glif":"period.glif","plus.glif":"plus.glif","question.glif":"question.glif","quotedbl.glif":"quotedbl.glif","quotesingle.glif":"quotesingle.glif","semicolon.glif":"semicolon.glif","seven.glif":"seven.glif","six.glif":"six.glif","slash.glif":"slash.glif","space.glif":"space.glif","three.glif":"three.glif","two.glif":"two.glif","u0901.glif":"u0901.glif","u0901_uni091A_.pres.glif":"u0901_uni091A_.pres.glif","u0901_uni091A__uni094D_.half.pres.glif":"u0901_uni091A__uni094D_.half.pres.glif","u0901_uni0928.pres.glif":"u0901_uni0928.pres.glif","u0901_uni0928_uni094D_.half.pres.glif":"u0901_uni0928_uni094D_.half.pres.glif","u0901_uni0930_uni094D_.blwf.vatu.glif":"u0901_uni0930_uni094D_.blwf.vatu.glif","u0901_uni0932.pres.glif":"u0901_uni0932.pres.glif","u0901_uni0932_uni094D_.half.pres.glif":"u0901_uni0932_uni094D_.half.pres.glif","u0901_uni0935.pres.glif":"u0901_uni0935.pres.glif","u0901_uni0935_uni094D_.half.pres.glif":"u0901_uni0935_uni094D_.half.pres.glif","u0902.glif":"u0902.glif","u0902_u0936.pres.glif":"u0902_u0936.pres.glif","u0902_u0936.pres_uni0941.blws.glif":"u0902_u0936.pres_uni0941.blws.glif","u0902_u0936.pres_uni0942.blws.glif":"u0902_u0936.pres_uni0942.blws.glif","u0902_u0936.pres_uni0943.blws.glif":"u0902_u0936.pres_uni0943.blws.glif","u0902_u0936.pres_uni0944.blws.glif":"u0902_u0936.pres_uni0944.blws.glif","u0902_u0936.pres_uni094D_.haln.glif":"u0902_u0936.pres_uni094D_.haln.glif","u0902_u0937.pres.glif":"u0902_u0937.pres.glif","u0902_u0937.pres_uni0941.blws.glif":"u0902_u0937.pres_uni0941.blws.glif","u0902_u0937.pres_uni0942.blws.glif":"u0902_u0937.pres_uni0942.blws.glif","u0902_u0937.pres_uni0943.blws.glif":"u0902_u0937.pres_uni0943.blws.glif","u0902_u0937.pres_uni0944.blws.glif":"u0902_u0937.pres_uni0944.blws.glif","u0902_u0937.pres_uni094D_.haln.glif":"u0902_u0937.pres_uni094D_.haln.glif","u0902_uni091F_.pres.glif":"u0902_uni091F_.pres.glif","u0902_uni091F_.pres_uni0901.abvs.glif":"u0902_uni091F_.pres_uni0901.abvs.glif","u0902_uni091F_.pres_uni094D_.haln.glif":"u0902_uni091F_.pres_uni094D_.haln.glif","u0902_uni0920.pres.glif":"u0902_uni0920.pres.glif","u0902_uni0920.pres_uni0901.abvs.glif":"u0902_uni0920.pres_uni0901.abvs.glif","u0902_uni0920.pres_uni094D_.haln.glif":"u0902_uni0920.pres_uni094D_.haln.glif","u0902_uni0930_uni094D_.blwf.vatu.glif":"u0902_uni0930_uni094D_.blwf.vatu.glif","u0903.glif":"u0903.glif","u0903_u093D_.pres.glif":"u0903_u093D_.pres.glif","u0903_uni0924_uni094D_.half_uni0930_uni094D_.blwf.vatu.pres.glif":"u0903_uni0924_uni094D_.half_uni0930_uni094D_.blwf.vatu.pres.glif","u0903_uni0930_uni094D_.blwf.vatu.glif":"u0903_uni0930_uni094D_.blwf.vatu.glif","u0905.glif":"u0905.glif","u0905_uni0923.pres.glif":"u0905_uni0923.pres.glif","u0905_uni0923.pres_uni094D_.haln.glif":"u0905_uni0923.pres_uni094D_.haln.glif","u0905_uni0928.pres.glif":"u0905_uni0928.pres.glif","u0905_uni0928.pres_uni094D_.haln.glif":"u0905_uni0928.pres_uni094D_.haln.glif","u0905_uni092E_.pres.glif":"u0905_uni092E_.pres.glif","u0905_uni092F_.pres.glif":"u0905_uni092F_.pres.glif","u0905_uni0930_uni094D_.blwf.vatu.glif":"u0905_uni0930_uni094D_.blwf.vatu.glif","u0905_uni0932.pres.glif":"u0905_uni0932.pres.glif","u0905_uni0932.pres_uni094D_.haln.glif":"u0905_uni0932.pres_uni094D_.haln.glif","u0905_uni0935.pres.glif":"u0905_uni0935.pres.glif","u0905_uni0935.pres_uni094D_.haln.glif":"u0905_uni0935.pres_uni094D_.haln.glif","u0906.glif":"u0906.glif","u0906_uni0930_uni094D_.blwf.vatu.glif":"u0906_uni0930_uni094D_.blwf.vatu.glif","u0907.glif":"u0907.glif","u0907_uni0930_uni094D_.blwf.vatu.glif":"u0907_uni0930_uni094D_.blwf.vatu.glif","u0908.glif":"u0908.glif","u0908_uni0930_uni094D_.blwf.vatu.glif":"u0908_uni0930_uni094D_.blwf.vatu.glif","u0909.glif":"u0909.glif","u0909_uni0930_uni094D_.blwf.vatu.glif":"u0909_uni0930_uni094D_.blwf.vatu.glif","u090A_.glif":"u090A_.glif","u090A__uni0930_uni094D_.blwf.vatu.glif":"u090A__uni0930_uni094D_.blwf.vatu.glif","u090B_.glif":"u090B_.glif","u090B__uni0930_uni094D_.blwf.vatu.glif":"u090B__uni0930_uni094D_.blwf.vatu.glif","u090C_.glif":"u090C_.glif","u090C__uni0930_uni094D_.blwf.vatu.glif":"u090C__uni0930_uni094D_.blwf.vatu.glif","u090D_.glif":"u090D_.glif","u090D__uni0930_uni094D_.blwf.vatu.glif":"u090D__uni0930_uni094D_.blwf.vatu.glif","u090F_.glif":"u090F_.glif","u090F__uni0930_uni094D_.blwf.vatu.glif":"u090F__uni0930_uni094D_.blwf.vatu.glif","u0910.glif":"u0910.glif","u0910_uni0930_uni094D_.blwf.vatu.glif":"u0910_uni0930_uni094D_.blwf.vatu.glif","u0911.glif":"u0911.glif","u0911_uni0930_uni094D_.blwf.vatu.glif":"u0911_uni0930_uni094D_.blwf.vatu.glif","u0912.glif":"u0912.glif","u0912_uni0930_uni094D_.blwf.vatu.glif":"u0912_uni0930_uni094D_.blwf.vatu.glif","u0913.glif":"u0913.glif","u0913_uni0930_uni094D_.blwf.vatu.glif":"u0913_uni0930_uni094D_.blwf.vatu.glif","u0914.glif":"u0914.glif","u0914_uni0930_uni094D_.blwf.vatu.glif":"u0914_uni0930_uni094D_.blwf.vatu.glif","u0915.glif":"u0915.glif","u0915_uni0930_uni094D_.blwf.vatu.glif":"u0915_uni0930_uni094D_.blwf.vatu.glif","u0916.glif":"u0916.glif","u0916_uni0930_uni094D_.blwf.vatu.glif":"u0916_uni0930_uni094D_.blwf.vatu.glif","u0917.glif":"u0917.glif","u0917_uni0930_uni094D_.blwf.vatu.glif":"u0917_uni0930_uni094D_.blwf.vatu.glif","u0918.glif":"u0918.glif","u0918_uni0930_uni094D_.blwf.vatu.glif":"u0918_uni0930_uni094D_.blwf.vatu.glif","u0919.glif":"u0919.glif","u0919_uni0930_uni094D_.blwf.vatu.glif":"u0919_uni0930_uni094D_.blwf.vatu.glif","u091A_.glif":"u091A_.glif","u091A__uni0930_uni094D_.blwf.vatu.glif":"u091A__uni0930_uni094D_.blwf.vatu.glif","u091B_.glif":"u091B_.glif","u091B__uni0930_uni094D_.blwf.vatu.glif":"u091B__uni0930_uni094D_.blwf.vatu.glif","u091C_.glif":"u091C_.glif","u091C__uni0930_uni094D_.blwf.vatu.glif":"u091C__uni0930_uni094D_.blwf.vatu.glif","u091D_.glif":"u091D_.glif","u091D__uni0930_uni094D_.blwf.vatu.glif":"u091D__uni0930_uni094D_.blwf.vatu.glif","u091E_.glif":"u091E_.glif","u091E__uni0930_uni094D_.blwf.vatu.glif":"u091E__uni0930_uni094D_.blwf.vatu.glif","u091F_.glif":"u091F_.glif","u091F__uni0930_uni094D_.blwf.vatu.glif":"u091F__uni0930_uni094D_.blwf.vatu.glif","u0920.glif":"u0920.glif","u0920_uni0930_uni094D_.blwf.vatu.glif":"u0920_uni0930_uni094D_.blwf.vatu.glif","u0921.glif":"u0921.glif","u0921_uni0930_uni094D_.blwf.vatu.glif":"u0921_uni0930_uni094D_.blwf.vatu.glif","u0922.glif":"u0922.glif","u0923.glif":"u0923.glif","u0923_uni0930_uni094D_.blwf.vatu.glif":"u0923_uni0930_uni094D_.blwf.vatu.glif","u0924.glif":"u0924.glif","u0924_uni0930_uni094D_.blwf.vatu.glif":"u0924_uni0930_uni094D_.blwf.vatu.glif","u0925.glif":"u0925.glif","u0925_uni0930_uni094D_.blwf.vatu.glif":"u0925_uni0930_uni094D_.blwf.vatu.glif","u0926.glif":"u0926.glif","u0926_uni0930_uni094D_.blwf.vatu.glif":"u0926_uni0930_uni094D_.blwf.vatu.glif","u0927.glif":"u0927.glif","u0927_uni0930_uni094D_.blwf.vatu.glif":"u0927_uni0930_uni094D_.blwf.vatu.glif","u0928.glif":"u0928.glif","u0928_uni0930_uni094D_.blwf.vatu.glif":"u0928_uni0930_uni094D_.blwf.vatu.glif","u0929.glif":"u0929.glif","u0929_uni0930_uni094D_.blwf.vatu.glif":"u0929_uni0930_uni094D_.blwf.vatu.glif","u092A_.glif":"u092A_.glif","u092B_.glif":"u092B_.glif","u092C_.glif":"u092C_.glif","u092D_.glif":"u092D_.glif","u092E_.glif":"u092E_.glif","u092F_.glif":"u092F_.glif","u0930.glif":"u0930.glif","u0930_uni0941.blws.glif":"u0930_uni0941.blws.glif","u0930_uni0942.blws.glif":"u0930_uni0942.blws.glif","u0930_uni0943.blws.glif":"u0930_uni0943.blws.glif","u0930_uni0944.blws.glif":"u0930_uni0944.blws.glif","u0930_uni094D_.haln.glif":"u0930_uni094D_.haln.glif","u0931.glif":"u0931.glif","u0932.glif":"u0932.glif","u0932_uni0941.blws.glif":"u0932_uni0941.blws.glif","u0932_uni0942.blws.glif":"u0932_uni0942.blws.glif","u0932_uni0943.blws.glif":"u0932_uni0943.blws.glif","u0932_uni0944.blws.glif":"u0932_uni0944.blws.glif","u0932_uni094D_.haln.glif":"u0932_uni094D_.haln.glif","u0933.glif":"u0933.glif","u0934.glif":"u0934.glif","u0935.glif":"u0935.glif","u0936.glif":"u0936.glif","u0936_uni0941.blws.glif":"u0936_uni0941.blws.glif","u0936_uni0942.blws.glif":"u0936_uni0942.blws.glif","u0936_uni0943.blws.glif":"u0936_uni0943.blws.glif","u0936_uni0944.blws.glif":"u0936_uni0944.blws.glif","u0936_uni094D_.haln.glif":"u0936_uni094D_.haln.glif","u0937.glif":"u0937.glif","u0937_uni0941.blws.glif":"u0937_uni0941.blws.glif","u0937_uni0942.blws.glif":"u0937_uni0942.blws.glif","u0937_uni0943.blws.glif":"u0937_uni0943.blws.glif","u0937_uni0944.blws.glif":"u0937_uni0944.blws.glif","u0937_uni094D_.haln.glif":"u0937_uni094D_.haln.glif","u0938.glif":"u0938.glif","u0938_uni0941.blws.glif":"u0938_uni0941.blws.glif","u0938_uni0942.blws.glif":"u0938_uni0942.blws.glif","u0938_uni0943.blws.glif":"u0938_uni0943.blws.glif","u0938_uni0944.blws.glif":"u0938_uni0944.blws.glif","u0938_uni094D_.haln.glif":"u0938_uni094D_.haln.glif","u0939.glif":"u0939.glif","u0939_uni0941.blws.glif":"u0939_uni0941.blws.glif","u0939_uni0942.blws.glif":"u0939_uni0942.blws.glif","u0939_uni0943.blws.glif":"u0939_uni0943.blws.glif","u0939_uni0944.blws.glif":"u0939_uni0944.blws.glif","u0939_uni094D_.haln.glif":"u0939_uni094D_.haln.glif","u093C_.glif":"u093C_.glif","u093D_.glif":"u093D_.glif","u093E_.glif":"u093E_.glif","u093F_.glif":"u093F_.glif","u093F__uni094D_.haln.glif":"u093F__uni094D_.haln.glif","u0940.glif":"u0940.glif","u0941.glif":"u0941.glif","u0942.glif":"u0942.glif","u0943.glif":"u0943.glif","u0944.glif":"u0944.glif","u0945.glif":"u0945.glif","u0946.glif":"u0946.glif","u0947.glif":"u0947.glif","u0948.glif":"u0948.glif","u0949.glif":"u0949.glif","u094A_.glif":"u094A_.glif","u094B_.glif":"u094B_.glif","u094C_.glif":"u094C_.glif","u094D_.glif":"u094D_.glif","u0950.glif":"u0950.glif","u0951.glif":"u0951.glif","u0951_uni094D_.haln.glif":"u0951_uni094D_.haln.glif","u0952.glif":"u0952.glif","u0953.glif":"u0953.glif","u0954.glif":"u0954.glif","u0958.glif":"u0958.glif","u0959.glif":"u0959.glif","u095A_.glif":"u095A_.glif","u095B_.glif":"u095B_.glif","u095B__uni0941.blws.glif":"u095B__uni0941.blws.glif","u095B__uni0942.blws.glif":"u095B__uni0942.blws.glif","u095B__uni0943.blws.glif":"u095B__uni0943.blws.glif","u095B__uni0944.blws.glif":"u095B__uni0944.blws.glif","u095B__uni094D_.haln.glif":"u095B__uni094D_.haln.glif","u095C_.glif":"u095C_.glif","u095D_.glif":"u095D_.glif","u095D__uni0941.blws.glif":"u095D__uni0941.blws.glif","u095D__uni0942.blws.glif":"u095D__uni0942.blws.glif","u095D__uni0943.blws.glif":"u095D__uni0943.blws.glif","u095D__uni0944.blws.glif":"u095D__uni0944.blws.glif","u095D__uni094D_.haln.glif":"u095D__uni094D_.haln.glif","u095E_.glif":"u095E_.glif","u095F_.glif":"u095F_.glif","u0960.glif":"u0960.glif","u0961.glif":"u0961.glif","u0961_uni0941.blws.glif":"u0961_uni0941.blws.glif","u0961_uni0942.blws.glif":"u0961_uni0942.blws.glif","u0961_uni0943.blws.glif":"u0961_uni0943.blws.glif","u0961_uni0944.blws.glif":"u0961_uni0944.blws.glif","u0961_uni094D_.haln.glif":"u0961_uni094D_.haln.glif","u0962.glif":"u0962.glif","u0962_uni0941.blws.glif":"u0962_uni0941.blws.glif","u0962_uni0942.blws.glif":"u0962_uni0942.blws.glif","u0962_uni0943.blws.glif":"u0962_uni0943.blws.glif","u0962_uni0944.blws.glif":"u0962_uni0944.blws.glif","u0962_uni094D_.haln.glif":"u0962_uni094D_.haln.glif","u0963.glif":"u0963.glif","u0963_uni0941.blws.glif":"u0963_uni0941.blws.glif","u0963_uni0942.blws.glif":"u0963_uni0942.blws.glif","u0963_uni0943.blws.glif":"u0963_uni0943.blws.glif","u0963_uni0944.blws.glif":"u0963_uni0944.blws.glif","u0963_uni094D_.haln.glif":"u0963_uni094D_.haln.glif","u0964.glif":"u0964.glif","u0964_uni0941.blws.glif":"u0964_uni0941.blws.glif","u0964_uni0942.blws.glif":"u0964_uni0942.blws.glif","u0964_uni0943.blws.glif":"u0964_uni0943.blws.glif","u0964_uni0944.blws.glif":"u0964_uni0944.blws.glif","u0964_uni094D_.haln.glif":"u0964_uni094D_.haln.glif","u0965.glif":"u0965.glif","u0966.glif":"u0966.glif","u0967.glif":"u0967.glif","u0968.glif":"u0968.glif","u0968_uni094D_.haln.glif":"u0968_uni094D_.haln.glif","u0969.glif":"u0969.glif","u096A_.glif":"u096A_.glif","u096B_.glif":"u096B_.glif","u096C_.glif":"u096C_.glif","u096D_.glif":"u096D_.glif","u096E_.glif":"u096E_.glif","u096F_.glif":"u096F_.glif","u0970.glif":"u0970.glif","underscore.glif":"underscore.glif","uni0901.glif":"uni0901.glif","uni0902.glif":"uni0902.glif","uni0903.glif":"uni0903.glif","uni0905.glif":"uni0905.glif","uni0905_uni093C_.nukt.glif":"uni0905_uni093C_.nukt.glif","uni0906.glif":"uni0906.glif","uni0906_uni093C_.nukt.glif":"uni0906_uni093C_.nukt.glif","uni0907.glif":"uni0907.glif","uni0907_uni093C_.nukt.glif":"uni0907_uni093C_.nukt.glif","uni0908.glif":"uni0908.glif","uni0908_uni0901.abvs.glif":"uni0908_uni0901.abvs.glif","uni0908_uni0902.abvs.glif":"uni0908_uni0902.abvs.glif","uni0908_uni093C_.nukt.glif":"uni0908_uni093C_.nukt.glif","uni0909.glif":"uni0909.glif","uni0909_uni093C_.nukt.glif":"uni0909_uni093C_.nukt.glif","uni090A_.glif":"uni090A_.glif","uni090A__uni093C_.nukt.glif":"uni090A__uni093C_.nukt.glif","uni090B_.glif":"uni090B_.glif","uni090C_.glif":"uni090C_.glif","uni090D_.glif":"uni090D_.glif","uni090D__uni093C_.nukt.glif":"uni090D__uni093C_.nukt.glif","uni090E_.glif":"uni090E_.glif","uni090E__uni093C_.nukt.glif":"uni090E__uni093C_.nukt.glif","uni090F_.glif":"uni090F_.glif","uni090F__uni093C_.nukt.glif":"uni090F__uni093C_.nukt.glif","uni0910.glif":"uni0910.glif","uni0910_uni093C_.nukt.glif":"uni0910_uni093C_.nukt.glif","uni0911.glif":"uni0911.glif","uni0911_uni093C_.nukt.glif":"uni0911_uni093C_.nukt.glif","uni0912.glif":"uni0912.glif","uni0912_uni093C_.nukt.glif":"uni0912_uni093C_.nukt.glif","uni0913.glif":"uni0913.glif","uni0913_uni093C_.nukt.glif":"uni0913_uni093C_.nukt.glif","uni0914.glif":"uni0914.glif","uni0914_uni093C_.nukt.glif":"uni0914_uni093C_.nukt.glif","uni0915.glif":"uni0915.glif","uni0915_uni094D_.half.glif":"uni0915_uni094D_.half.glif","uni0915_uni094D_.half_uni0924.pres.glif":"uni0915_uni094D_.half_uni0924.pres.glif","uni0915_uni094D_.half_uni0930_uni094D_.blwf.vatu.glif":"uni0915_uni094D_.half_uni0930_uni094D_.blwf.vatu.glif","uni0915_uni094D__uni0937.akhn.glif":"uni0915_uni094D__uni0937.akhn.glif","uni0915_uni0962.blws.glif":"uni0915_uni0962.blws.glif","uni0915_uni0963.blws.glif":"uni0915_uni0963.blws.glif","uni0916.glif":"uni0916.glif","uni0916_uni094D_.half.glif":"uni0916_uni094D_.half.glif","uni0916_uni094D_.half_uni0928.pres.glif":"uni0916_uni094D_.half_uni0928.pres.glif","uni0916_uni094D_.half_uni0928_uni094D_.half.pres.glif":"uni0916_uni094D_.half_uni0928_uni094D_.half.pres.glif","uni0916_uni094D_.half_uni0930_uni094D_.blwf.vatu.glif":"uni0916_uni094D_.half_uni0930_uni094D_.blwf.vatu.glif","uni0917.glif":"uni0917.glif","uni0917_uni094D_.half.glif":"uni0917_uni094D_.half.glif","uni0917_uni094D_.half_uni0930_uni094D_.blwf.vatu.glif":"uni0917_uni094D_.half_uni0930_uni094D_.blwf.vatu.glif","uni0918.glif":"uni0918.glif","uni0918_uni093C_.nukt.glif":"uni0918_uni093C_.nukt.glif","uni0918_uni094D_.half.glif":"uni0918_uni094D_.half.glif","uni0918_uni094D_.half_uni0930_uni094D_.blwf.vatu.glif":"uni0918_uni094D_.half_uni0930_uni094D_.blwf.vatu.glif","uni0919.glif":"uni0919.glif","uni0919_uni093C_.nukt.glif":"uni0919_uni093C_.nukt.glif","uni0919_uni093C_.nukt_uni094D_.haln.glif":"uni0919_uni093C_.nukt_uni094D_.haln.glif","uni0919_uni094D_.half.glif":"uni0919_uni094D_.half.glif","uni0919_uni094D_.half_uni092E_.pres.glif":"uni0919_uni094D_.half_uni092E_.pres.glif","uni0919_uni094D_.half_uni0930_uni094D_.blwf.vatu.glif":"uni0919_uni094D_.half_uni0930_uni094D_.blwf.vatu.glif","uni0919_uni094D_.haln.glif":"uni0919_uni094D_.haln.glif","uni091A_.glif":"uni091A_.glif","uni091A__uni093C_.nukt.glif":"uni091A__uni093C_.nukt.glif","uni091A__uni094D_.half.glif":"uni091A__uni094D_.half.glif","uni091A__uni094D_.half_uni0930_uni094D_.blwf.vatu.glif":"uni091A__uni094D_.half_uni0930_uni094D_.blwf.vatu.glif","uni091B_.glif":"uni091B_.glif","uni091B__uni093C_.nukt.glif":"uni091B__uni093C_.nukt.glif","uni091B__uni093C_.nukt_uni094D_.half.glif":"uni091B__uni093C_.nukt_uni094D_.half.glif","uni091B__uni093C_.nukt_uni094D_.half_uni0930_uni094D_.blwf.vatu.glif":"uni091B__uni093C_.nukt_uni094D_.half_uni0930_uni094D_.blwf.vatu.glif","uni091B__uni093C_.nukt_uni094D_.haln.glif":"uni091B__uni093C_.nukt_uni094D_.haln.glif","uni091B__uni094D_.half.glif":"uni091B__uni094D_.half.glif","uni091B__uni094D_.half_uni0930_uni094D_.blwf.vatu.glif":"uni091B__uni094D_.half_uni0930_uni094D_.blwf.vatu.glif","uni091B__uni094D_.haln.glif":"uni091B__uni094D_.haln.glif","uni091C_.glif":"uni091C_.glif","uni091C__uni094D_.half.glif":"uni091C__uni094D_.half.glif","uni091C__uni094D_.half_uni0930_uni094D_.blwf.vatu.glif":"uni091C__uni094D_.half_uni0930_uni094D_.blwf.vatu.glif","uni091C__uni094D__uni091E_.akhn.glif":"uni091C__uni094D__uni091E_.akhn.glif","uni091D_.glif":"uni091D_.glif","uni091D__uni093C_.nukt.glif":"uni091D__uni093C_.nukt.glif","uni091D__uni094D_.half.glif":"uni091D__uni094D_.half.glif","uni091D__uni094D_.half_uni0930_uni094D_.blwf.vatu.glif":"uni091D__uni094D_.half_uni0930_uni094D_.blwf.vatu.glif","uni091E_.glif":"uni091E_.glif","uni091E__uni093C_.nukt.glif":"uni091E__uni093C_.nukt.glif","uni091E__uni094D_.half.glif":"uni091E__uni094D_.half.glif","uni091E__uni094D_.half_uni0930_uni094D_.blwf.vatu.glif":"uni091E__uni094D_.half_uni0930_uni094D_.blwf.vatu.glif","uni091F_.glif":"uni091F_.glif","uni091F__uni093C_.nukt.glif":"uni091F__uni093C_.nukt.glif","uni091F__uni093C_.nukt_uni094D_.haln.glif":"uni091F__uni093C_.nukt_uni094D_.haln.glif","uni091F__uni094D_.half.glif":"uni091F__uni094D_.half.glif","uni091F__uni094D_.half_uni0930_uni094D_.blwf.vatu.glif":"uni091F__uni094D_.half_uni0930_uni094D_.blwf.vatu.glif","uni091F__uni094D_.haln.glif":"uni091F__uni094D_.haln.glif","uni0920.glif":"uni0920.glif","uni0920_uni093C_.nukt.glif":"uni0920_uni093C_.nukt.glif","uni0920_uni093C_.nukt_uni094D_.haln.glif":"uni0920_uni093C_.nukt_uni094D_.haln.glif","uni0920_uni094D_.half.glif":"uni0920_uni094D_.half.glif","uni0920_uni094D_.half_uni0930_uni094D_.blwf.vatu.glif":"uni0920_uni094D_.half_uni0930_uni094D_.blwf.vatu.glif","uni0920_uni094D_.haln.glif":"uni0920_uni094D_.haln.glif","uni0921.glif":"uni0921.glif","uni0921_uni094D_.half.glif":"uni0921_uni094D_.half.glif","uni0921_uni094D_.half_uni0930_uni094D_.blwf.vatu.glif":"uni0921_uni094D_.half_uni0930_uni094D_.blwf.vatu.glif","uni0921_uni094D_.haln.glif":"uni0921_uni094D_.haln.glif","uni0922.glif":"uni0922.glif","uni0922_uni094D_.half.glif":"uni0922_uni094D_.half.glif","uni0922_uni094D_.half_uni0930_uni094D_.blwf.vatu.glif":"uni0922_uni094D_.half_uni0930_uni094D_.blwf.vatu.glif","uni0922_uni094D_.haln.glif":"uni0922_uni094D_.haln.glif","uni0923.glif":"uni0923.glif","uni0923_uni093C_.nukt.glif":"uni0923_uni093C_.nukt.glif","uni0923_uni094D_.half.glif":"uni0923_uni094D_.half.glif","uni0923_uni094D_.half_uni0930_uni094D_.blwf.vatu.glif":"uni0923_uni094D_.half_uni0930_uni094D_.blwf.vatu.glif","uni0924.glif":"uni0924.glif","uni0924_uni093C_.nukt.glif":"uni0924_uni093C_.nukt.glif","uni0924_uni094D_.half.glif":"uni0924_uni094D_.half.glif","uni0924_uni094D_.half_uni0924.pres.glif":"uni0924_uni094D_.half_uni0924.pres.glif","uni0924_uni094D_.half_uni0924_uni094D_.half.pres.glif":"uni0924_uni094D_.half_uni0924_uni094D_.half.pres.glif","uni0924_uni094D_.half_uni0928.pres.glif":"uni0924_uni094D_.half_uni0928.pres.glif","uni0924_uni094D_.half_uni0928_uni094D_.half.pres.glif":"uni0924_uni094D_.half_uni0928_uni094D_.half.pres.glif","uni0924_uni094D_.half_uni0930_uni094D_.blwf.vatu.glif":"uni0924_uni094D_.half_uni0930_uni094D_.blwf.vatu.glif","uni0925.glif":"uni0925.glif","uni0925_uni093C_.nukt.glif":"uni0925_uni093C_.nukt.glif","uni0925_uni094D_.half.glif":"uni0925_uni094D_.half.glif","uni0925_uni094D_.half_uni0930_uni094D_.blwf.vatu.glif":"uni0925_uni094D_.half_uni0930_uni094D_.blwf.vatu.glif","uni0926.glif":"uni0926.glif","uni0926_uni093C_.nukt.glif":"uni0926_uni093C_.nukt.glif","uni0926_uni093C_.nukt_uni094D_.haln.glif":"uni0926_uni093C_.nukt_uni094D_.haln.glif","uni0926_uni0943.blws.glif":"uni0926_uni0943.blws.glif","uni0926_uni094D_.half.glif":"uni0926_uni094D_.half.glif","uni0926_uni094D_.half_uni0917.pres.glif":"uni0926_uni094D_.half_uni0917.pres.glif","uni0926_uni094D_.half_uni0917.pres_uni094D_.haln.glif":"uni0926_uni094D_.half_uni0917.pres_uni094D_.haln.glif","uni0926_uni094D_.half_uni0918.pres.glif":"uni0926_uni094D_.half_uni0918.pres.glif","uni0926_uni094D_.half_uni0918.pres_uni094D_.haln.glif":"uni0926_uni094D_.half_uni0918.pres_uni094D_.haln.glif","uni0926_uni094D_.half_uni0926.pres.glif":"uni0926_uni094D_.half_uni0926.pres.glif","uni0926_uni094D_.half_uni0926.pres_uni094D_.haln.glif":"uni0926_uni094D_.half_uni0926.pres_uni094D_.haln.glif","uni0926_uni094D_.half_uni0927.pres.glif":"uni0926_uni094D_.half_uni0927.pres.glif","uni0926_uni094D_.half_uni0927.pres_uni094D_.haln.glif":"uni0926_uni094D_.half_uni0927.pres_uni094D_.haln.glif","uni0926_uni094D_.half_uni0928.pres.glif":"uni0926_uni094D_.half_uni0928.pres.glif","uni0926_uni094D_.half_uni0928.pres_uni094D_.haln.glif":"uni0926_uni094D_.half_uni0928.pres_uni094D_.haln.glif","uni0926_uni094D_.half_uni092C_.pres.glif":"uni0926_uni094D_.half_uni092C_.pres.glif","uni0926_uni094D_.half_uni092C_.pres_uni094D_.haln.glif":"uni0926_uni094D_.half_uni092C_.pres_uni094D_.haln.glif","uni0926_uni094D_.half_uni092D_.pres.glif":"uni0926_uni094D_.half_uni092D_.pres.glif","uni0926_uni094D_.half_uni092D_.pres_uni094D_.haln.glif":"uni0926_uni094D_.half_uni092D_.pres_uni094D_.haln.glif","uni0926_uni094D_.half_uni092E_.pres.glif":"uni0926_uni094D_.half_uni092E_.pres.glif","uni0926_uni094D_.half_uni092E_.pres_uni094D_.haln.glif":"uni0926_uni094D_.half_uni092E_.pres_uni094D_.haln.glif","uni0926_uni094D_.half_uni092E__uni094D_.half.pres.glif":"uni0926_uni094D_.half_uni092E__uni094D_.half.pres.glif","uni0926_uni094D_.half_uni092F_.pres.glif":"uni0926_uni094D_.half_uni092F_.pres.glif","uni0926_uni094D_.half_uni092F_.pres_uni094D_.haln.glif":"uni0926_uni094D_.half_uni092F_.pres_uni094D_.haln.glif","uni0926_uni094D_.half_uni0930_uni094D_.blwf.vatu.glif":"uni0926_uni094D_.half_uni0930_uni094D_.blwf.vatu.glif","uni0926_uni094D_.half_uni0935.pres.glif":"uni0926_uni094D_.half_uni0935.pres.glif","uni0926_uni094D_.half_uni0935.pres_uni094D_.haln.glif":"uni0926_uni094D_.half_uni0935.pres_uni094D_.haln.glif","uni0926_uni094D_.haln.glif":"uni0926_uni094D_.haln.glif","uni0927.glif":"uni0927.glif","uni0927_uni093C_.nukt.glif":"uni0927_uni093C_.nukt.glif","uni0927_uni094D_.half.glif":"uni0927_uni094D_.half.glif","uni0927_uni094D_.half_uni0930_uni094D_.blwf.vatu.glif":"uni0927_uni094D_.half_uni0930_uni094D_.blwf.vatu.glif","uni0928.glif":"uni0928.glif","uni0928_uni094D_.half.glif":"uni0928_uni094D_.half.glif","uni0928_uni094D_.half_uni0930_uni094D_.blwf.vatu.glif":"uni0928_uni094D_.half_uni0930_uni094D_.blwf.vatu.glif","uni0929.glif":"uni0929.glif","uni092A_.glif":"uni092A_.glif","uni092A__uni093C_.nukt.glif":"uni092A__uni093C_.nukt.glif","uni092A__uni094D_.half.glif":"uni092A__uni094D_.half.glif","uni092A__uni094D_.half_uni0924.pres.glif":"uni092A__uni094D_.half_uni0924.pres.glif","uni092A__uni094D_.half_uni0924_uni094D_.half.pres.glif":"uni092A__uni094D_.half_uni0924_uni094D_.half.pres.glif","uni092A__uni094D_.half_uni0930_uni094D_.blwf.vatu.glif":"uni092A__uni094D_.half_uni0930_uni094D_.blwf.vatu.glif","uni092A__uni0962.blws.glif":"uni092A__uni0962.blws.glif","uni092A__uni0963.blws.glif":"uni092A__uni0963.blws.glif","uni092B_.glif":"uni092B_.glif","uni092B__uni094D_.half.glif":"uni092B__uni094D_.half.glif","uni092B__uni094D_.half_uni0930_uni094D_.blwf.vatu.glif":"uni092B__uni094D_.half_uni0930_uni094D_.blwf.vatu.glif","uni092C_.glif":"uni092C_.glif","uni092C__uni093C_.nukt.glif":"uni092C__uni093C_.nukt.glif","uni092C__uni094D_.half.glif":"uni092C__uni094D_.half.glif","uni092C__uni094D_.half_uni0930_uni094D_.blwf.vatu.glif":"uni092C__uni094D_.half_uni0930_uni094D_.blwf.vatu.glif","uni092D_.glif":"uni092D_.glif","uni092D__uni093C_.nukt.glif":"uni092D__uni093C_.nukt.glif","uni092D__uni094D_.half.glif":"uni092D__uni094D_.half.glif","uni092D__uni094D_.half_uni0930_uni094D_.blwf.vatu.glif":"uni092D__uni094D_.half_uni0930_uni094D_.blwf.vatu.glif","uni092E_.glif":"uni092E_.glif","uni092E__uni093C_.nukt.glif":"uni092E__uni093C_.nukt.glif","uni092E__uni094D_.half.glif":"uni092E__uni094D_.half.glif","uni092E__uni094D_.half_uni0930_uni094D_.blwf.vatu.glif":"uni092E__uni094D_.half_uni0930_uni094D_.blwf.vatu.glif","uni092F_.glif":"uni092F_.glif","uni092F__uni094D_.half.glif":"uni092F__uni094D_.half.glif","uni092F__uni094D_.half_uni0930_uni094D_.blwf.vatu.glif":"uni092F__uni094D_.half_uni0930_uni094D_.blwf.vatu.glif","uni0930.glif":"uni0930.glif","uni0930_uni0941.blws.glif":"uni0930_uni0941.blws.glif","uni0930_uni0942.blws.glif":"uni0930_uni0942.blws.glif","uni0930_uni094D_.blwf.glif":"uni0930_uni094D_.blwf.glif","uni0930_uni094D_.half.glif":"uni0930_uni094D_.half.glif","uni0930_uni094D_.rphf.glif":"uni0930_uni094D_.rphf.glif","uni0930_uni094D_.rphf_uni0901.abvs.glif":"uni0930_uni094D_.rphf_uni0901.abvs.glif","uni0930_uni094D_.rphf_uni0902.abvs.glif":"uni0930_uni094D_.rphf_uni0902.abvs.glif","uni0931.glif":"uni0931.glif","uni0931_uni0941.blws.glif":"uni0931_uni0941.blws.glif","uni0931_uni0942.blws.glif":"uni0931_uni0942.blws.glif","uni0932.glif":"uni0932.glif","uni0932_uni093C_.nukt.glif":"uni0932_uni093C_.nukt.glif","uni0932_uni093C_.nukt_uni0930_uni094D_.blwf.vatu.glif":"uni0932_uni093C_.nukt_uni0930_uni094D_.blwf.vatu.glif","uni0932_uni094D_.half.glif":"uni0932_uni094D_.half.glif","uni0932_uni094D_.half_uni0930_uni094D_.blwf.vatu.glif":"uni0932_uni094D_.half_uni0930_uni094D_.blwf.vatu.glif","uni0933.glif":"uni0933.glif","uni0933_uni094D_.half.glif":"uni0933_uni094D_.half.glif","uni0933_uni094D_.half_uni0930_uni094D_.blwf.vatu.glif":"uni0933_uni094D_.half_uni0930_uni094D_.blwf.vatu.glif","uni0934.glif":"uni0934.glif","uni0934_uni0930_uni094D_.blwf.vatu.glif":"uni0934_uni0930_uni094D_.blwf.vatu.glif","uni0935.glif":"uni0935.glif","uni0935_uni093C_.nukt.glif":"uni0935_uni093C_.nukt.glif","uni0935_uni093C_.nukt_uni0930_uni094D_.blwf.vatu.glif":"uni0935_uni093C_.nukt_uni0930_uni094D_.blwf.vatu.glif","uni0935_uni094D_.half.glif":"uni0935_uni094D_.half.glif","uni0935_uni094D_.half_uni0930_uni094D_.blwf.vatu.glif":"uni0935_uni094D_.half_uni0930_uni094D_.blwf.vatu.glif","uni0936.glif":"uni0936.glif","uni0936_uni093C_.nukt.glif":"uni0936_uni093C_.nukt.glif","uni0936_uni093C_.nukt_uni0930_uni094D_.blwf.vatu.glif":"uni0936_uni093C_.nukt_uni0930_uni094D_.blwf.vatu.glif","uni0937.glif":"uni0937.glif","uni0937_uni093C_.nukt.glif":"uni0937_uni093C_.nukt.glif","uni0937_uni093C_.nukt_uni0930_uni094D_.blwf.vatu.glif":"uni0937_uni093C_.nukt_uni0930_uni094D_.blwf.vatu.glif","uni0938.glif":"uni0938.glif","uni0938_uni093C_.nukt.glif":"uni0938_uni093C_.nukt.glif","uni0938_uni093C_.nukt_uni0930_uni094D_.blwf.vatu.glif":"uni0938_uni093C_.nukt_uni0930_uni094D_.blwf.vatu.glif","uni0939.glif":"uni0939.glif","uni0939_uni093C_.nukt.glif":"uni0939_uni093C_.nukt.glif","uni0939_uni093C_.nukt_uni0930_uni094D_.blwf.vatu.glif":"uni0939_uni093C_.nukt_uni0930_uni094D_.blwf.vatu.glif","uni0939_uni093C_.nukt_uni0930_uni094D_.blwf.vatu_uni094D_.haln.glif":"uni0939_uni093C_.nukt_uni0930_uni094D_.blwf.vatu_uni094D_.haln.glif","uni0939_uni093C_.nukt_uni094D_.haln.glif":"uni0939_uni093C_.nukt_uni094D_.haln.glif","uni0939_uni0943.blws.glif":"uni0939_uni0943.blws.glif","uni0939_uni0944.blws.glif":"uni0939_uni0944.blws.glif","uni0939_uni094D_.haln.glif":"uni0939_uni094D_.haln.glif","uni093C_.glif":"uni093C_.glif","uni093D_.glif":"uni093D_.glif","uni093E_.glif":"uni093E_.glif","uni093F_.glif":"uni093F_.glif","uni0940.glif":"uni0940.glif","uni0940_uni0930_uni094D_.rphf.abvs.glif":"uni0940_uni0930_uni094D_.rphf.abvs.glif","uni0940_uni0930_uni094D_.rphf.abvs_uni0901.abvs.glif":"uni0940_uni0930_uni094D_.rphf.abvs_uni0901.abvs.glif","uni0940_uni0930_uni094D_.rphf.abvs_uni0902.abvs.glif":"uni0940_uni0930_uni094D_.rphf.abvs_uni0902.abvs.glif","uni0941.glif":"uni0941.glif","uni0942.glif":"uni0942.glif","uni0943.glif":"uni0943.glif","uni0944.glif":"uni0944.glif","uni0945.glif":"uni0945.glif","uni0945_uni0901.abvs.glif":"uni0945_uni0901.abvs.glif","uni0945_uni0902.abvs.glif":"uni0945_uni0902.abvs.glif","uni0946.glif":"uni0946.glif","uni0946_uni0930_uni094D_.rphf.abvs.glif":"uni0946_uni0930_uni094D_.rphf.abvs.glif","uni0946_uni0930_uni094D_.rphf.abvs_uni0901.abvs.glif":"uni0946_uni0930_uni094D_.rphf.abvs_uni0901.abvs.glif","uni0946_uni0930_uni094D_.rphf.abvs_uni0902.abvs.glif":"uni0946_uni0930_uni094D_.rphf.abvs_uni0902.abvs.glif","uni0947.glif":"uni0947.glif","uni0947_uni0901.abvs.glif":"uni0947_uni0901.abvs.glif","uni0947_uni0902.abvs.glif":"uni0947_uni0902.abvs.glif","uni0947_uni0930_uni094D_.rphf.abvs.glif":"uni0947_uni0930_uni094D_.rphf.abvs.glif","uni0947_uni0930_uni094D_.rphf.abvs_uni0901.abvs.glif":"uni0947_uni0930_uni094D_.rphf.abvs_uni0901.abvs.glif","uni0947_uni0930_uni094D_.rphf.abvs_uni0902.abvs.glif":"uni0947_uni0930_uni094D_.rphf.abvs_uni0902.abvs.glif","uni0948.glif":"uni0948.glif","uni0948_uni0901.abvs.glif":"uni0948_uni0901.abvs.glif","uni0948_uni0902.abvs.glif":"uni0948_uni0902.abvs.glif","uni0948_uni0930_uni094D_.rphf.abvs.glif":"uni0948_uni0930_uni094D_.rphf.abvs.glif","uni0948_uni0930_uni094D_.rphf.abvs_uni0901.abvs.glif":"uni0948_uni0930_uni094D_.rphf.abvs_uni0901.abvs.glif","uni0948_uni0930_uni094D_.rphf.abvs_uni0902.abvs.glif":"uni0948_uni0930_uni094D_.rphf.abvs_uni0902.abvs.glif","uni0949.glif":"uni0949.glif","uni094A_.glif":"uni094A_.glif","uni094A__uni0930_uni094D_.rphf.abvs.glif":"uni094A__uni0930_uni094D_.rphf.abvs.glif","uni094A__uni0930_uni094D_.rphf.abvs_uni0901.abvs.glif":"uni094A__uni0930_uni094D_.rphf.abvs_uni0901.abvs.glif","uni094A__uni0930_uni094D_.rphf.abvs_uni0902.abvs.glif":"uni094A__uni0930_uni094D_.rphf.abvs_uni0902.abvs.glif","uni094B_.glif":"uni094B_.glif","uni094B__uni0901.abvs.glif":"uni094B__uni0901.abvs.glif","uni094B__uni0902.abvs.glif":"uni094B__uni0902.abvs.glif","uni094B__uni0930_uni094D_.rphf.abvs.glif":"uni094B__uni0930_uni094D_.rphf.abvs.glif","uni094B__uni0930_uni094D_.rphf.abvs_uni0901.abvs.glif":"uni094B__uni0930_uni094D_.rphf.abvs_uni0901.abvs.glif","uni094B__uni0930_uni094D_.rphf.abvs_uni0902.abvs.glif":"uni094B__uni0930_uni094D_.rphf.abvs_uni0902.abvs.glif","uni094C_.glif":"uni094C_.glif","uni094C__uni0901.abvs.glif":"uni094C__uni0901.abvs.glif","uni094C__uni0902.abvs.glif":"uni094C__uni0902.abvs.glif","uni094C__uni0930_uni094D_.rphf.abvs.glif":"uni094C__uni0930_uni094D_.rphf.abvs.glif","uni094C__uni0930_uni094D_.rphf.abvs_uni0901.abvs.glif":"uni094C__uni0930_uni094D_.rphf.abvs_uni0901.abvs.glif","uni094C__uni0930_uni094D_.rphf.abvs_uni0902.abvs.glif":"uni094C__uni0930_uni094D_.rphf.abvs_uni0902.abvs.glif","uni094D_.glif":"uni094D_.glif","uni0950.glif":"uni0950.glif","uni0951.glif":"uni0951.glif","uni0952.glif":"uni0952.glif","uni0953.glif":"uni0953.glif","uni0954.glif":"uni0954.glif","uni0958.glif":"uni0958.glif","uni0959.glif":"uni0959.glif","uni095A_.glif":"uni095A_.glif","uni095B_.glif":"uni095B_.glif","uni095C_.glif":"uni095C_.glif","uni095C__uni094D_.haln.glif":"uni095C__uni094D_.haln.glif","uni095D_.glif":"uni095D_.glif","uni095D__uni094D_.haln.glif":"uni095D__uni094D_.haln.glif","uni095E_.glif":"uni095E_.glif","uni095F_.glif":"uni095F_.glif","uni0960.glif":"uni0960.glif","uni0961.glif":"uni0961.glif","uni0962.glif":"uni0962.glif","uni0963.glif":"uni0963.glif","uni0964.glif":"uni0964.glif","uni0965.glif":"uni0965.glif","uni0966.glif":"uni0966.glif","uni0967.glif":"uni0967.glif","uni0968.glif":"uni0968.glif","uni0969.glif":"uni0969.glif","uni096A_.glif":"uni096A_.glif","uni096B_.glif":"uni096B_.glif","uni096C_.glif":"uni096C_.glif","uni096D_.glif":"uni096D_.glif","uni096E_.glif":"uni096E_.glif","uni096F_.glif":"uni096F_.glif","uni0970.glif":"uni0970.glif","uni200B_.glif":"uni200B_.glif","uni25C_C_.glif":"uni25C_C_.glif","zero.glif":"zero.glif"}},"Font":{"uploaded":1476827322.1294,"licence":"gpl3","company":"Chronolabs Cooperative","title":"Mangal Regular","version":2.001,"date":"Sat Oct 15 02:18:37 2016","creator":"root","type":"1","matrix":"0.000488281 0 0 0.000488281 0 0","named":"Mangal-Regular","painttype":"0","info":"10 dict dup","name":"Mangal","family":"Mangal","weight":"Book","fstype":"8","italicangle":"0","underlineposition":"","underlinethickness":""},"Table":{"FFTM":{"entryLength":16,"tag":"FFTM","checksum":1955371084,"offset":126640,"length":28},"GDEF":{"entryLength":16,"tag":"GDEF","checksum":47251461,"offset":126608,"length":32},"OS\/2":{"entryLength":16,"tag":"OS\/2","checksum":107615322,"offset":344,"length":86},"cmap":{"entryLength":16,"tag":"cmap","checksum":2965352816,"offset":3136,"length":650},"gasp":{"entryLength":16,"tag":"gasp","checksum":4294901763,"offset":126600,"length":8},"glyf":{"entryLength":16,"tag":"glyf","checksum":4201314151,"offset":5144,"length":107480},"head":{"entryLength":16,"tag":"head","checksum":177213799,"offset":220,"length":54},"hhea":{"entryLength":16,"tag":"hhea","checksum":243925369,"offset":276,"length":36},"hmtx":{"entryLength":16,"tag":"hmtx","checksum":2195733495,"offset":432,"length":2704},"loca":{"entryLength":16,"tag":"loca","checksum":1719859828,"offset":3788,"length":1354},"maxp":{"entryLength":16,"tag":"maxp","checksum":49414288,"offset":312,"length":32},"name":{"entryLength":16,"tag":"name","checksum":1603046411,"offset":112624,"length":594},"post":{"entryLength":16,"tag":"post","checksum":1199050354,"offset":113220,"length":13379}},"UnicodeCharMap":{"32":3,"33":4,"34":5,"35":6,"37":7,"38":8,"39":9,"40":10,"41":11,"42":12,"43":13,"44":14,"45":15,"46":16,"47":17,"48":18,"49":19,"50":20,"51":21,"52":22,"53":23,"54":24,"55":25,"56":26,"57":27,"58":28,"59":29,"60":30,"61":31,"62":32,"63":33,"64":34,"91":35,"92":36,"93":37,"94":38,"95":39,"123":40,"124":41,"125":42,"126":43,"201":47,"208":48,"209":49,"212":50,"213":51,"214":45,"215":52,"216":44,"2305":562,"2306":563,"2307":557,"2309":234,"2310":235,"2311":236,"2312":237,"2313":238,"2314":239,"2315":240,"2316":241,"2317":242,"2318":102,"2319":244,"2320":245,"2321":246,"2322":247,"2323":248,"2324":249,"2325":250,"2326":251,"2327":252,"2328":253,"2329":254,"2330":255,"2331":256,"2332":257,"2333":258,"2334":259,"2335":260,"2336":261,"2337":262,"2338":263,"2339":264,"2340":265,"2341":266,"2342":267,"2343":268,"2344":269,"2345":270,"2346":271,"2347":272,"2348":273,"2349":274,"2350":275,"2351":276,"2352":277,"2353":278,"2354":279,"2355":280,"2356":281,"2357":282,"2358":283,"2359":284,"2360":285,"2361":286,"2364":287,"2365":288,"2366":546,"2367":468,"2368":547,"2369":470,"2370":472,"2371":474,"2372":476,"2373":558,"2374":559,"2375":560,"2376":561,"2377":553,"2378":554,"2379":555,"2380":556,"2381":304,"2384":305,"2385":564,"2386":480,"2387":565,"2388":566,"2392":310,"2393":311,"2394":312,"2395":313,"2396":314,"2397":315,"2398":316,"2399":317,"2400":318,"2401":319,"2402":478,"2403":479,"2404":322,"2405":323,"2406":324,"2407":325,"2408":326,"2409":327,"2410":328,"2411":329,"2412":330,"2413":331,"2414":332,"2415":333,"2416":334,"8203":46,"8204":667,"8205":668,"9676":669},"Reserves":null,"Names":[],"Nodes":{"ma":{"type":"typal","node":"ma","usage":1,"weight":1},"al":{"type":"typal","node":"al","usage":1,"weight":1},"man":{"type":"typal","node":"man","usage":1,"weight":1},"gal":{"type":"typal","node":"gal","usage":1,"weight":1},"mang":{"type":"keys","node":"mang","usage":1,"weight":1},"ngal":{"type":"keys","node":"ngal","usage":1,"weight":1},"manga":{"type":"keys","node":"manga","usage":1,"weight":1},"angal":{"type":"keys","node":"angal","usage":1,"weight":1},"mangal":{"type":"fixes","node":"mangal","usage":1,"weight":1}},"Contributors":[],"FontIdentity":"75b5bfa499ad74d897e00311ccf8db5d","Bytes":9190405,"Networking":[],"barcode":"qmgs9qeowaiq","referee":"eUEkyggw"}