{"CSS":{"CupidSSK":"CupidSSK.css","Cupid SSK":"aphgovau:805cc3d8e5087bf110c19a8.css"},"FontType":"TrueType","FontCopyright":"Copyright 1995 Southern Software, Inc., All Rights Reserved","FontName":"CupidSSK","FontSubfamily":"Book","FontSubfamilyID":"FontForge 2.0 : CupidSSK : 28-8-2016","FontFullName":"Cupid SSK","FontVersion":"Version Macromedia Fontograp ","FontWeight":null,"FontPostscriptName":"CupidSSK","Files":{"\/CupidSSK.css":"\/CupidSSK.css","\/cupidssk.afm":"\/cupidssk.afm","\/cupidssk.cef":"\/cupidssk.cef","\/cupidssk.cff":"\/cupidssk.cff","\/cupidssk.eot":"\/cupidssk.eot","\/cupidssk.gai":"\/cupidssk.gai","\/cupidssk.gsf":"\/cupidssk.gsf","\/cupidssk.otf":"\/cupidssk.otf","\/cupidssk.pf3":"\/cupidssk.pf3","\/cupidssk.pfa":"\/cupidssk.pfa","\/cupidssk.pfb":"\/cupidssk.pfb","\/cupidssk.php":"\/cupidssk.php","\/cupidssk.pt3":"\/cupidssk.pt3","\/cupidssk.sfd":"\/cupidssk.sfd","\/cupidssk.svg":"\/cupidssk.svg","\/cupidssk.t42":"\/cupidssk.t42","\/cupidssk.ttd":"\/cupidssk.ttd","\/cupidssk.ttf":"\/cupidssk.ttf","\/cupidssk.ttg":"\/cupidssk.ttg","\/cupidssk.ufm":"\/cupidssk.ufm","\/cupidssk.woff":"\/cupidssk.woff","\/cupidssk.z":"\/cupidssk.z","\/font-resource.json":"\/font-resource.json","\/cupidssk.ufo\/feature.fea":"\/cupidssk.ufo\/feature.fea","\/cupidssk.ufo\/fontinfo.plist":"\/cupidssk.ufo\/fontinfo.plist","\/cupidssk.ufo\/groups.plist":"\/cupidssk.ufo\/groups.plist","\/cupidssk.ufo\/kerning.plist":"\/cupidssk.ufo\/kerning.plist","\/cupidssk.ufo\/metainfo.plist":"\/cupidssk.ufo\/metainfo.plist","\/cupidssk.ufo\/glyphs\/A_.glif":"\/cupidssk.ufo\/glyphs\/A_.glif","\/cupidssk.ufo\/glyphs\/B_.glif":"\/cupidssk.ufo\/glyphs\/B_.glif","\/cupidssk.ufo\/glyphs\/C_.glif":"\/cupidssk.ufo\/glyphs\/C_.glif","\/cupidssk.ufo\/glyphs\/D_.glif":"\/cupidssk.ufo\/glyphs\/D_.glif","\/cupidssk.ufo\/glyphs\/E_.glif":"\/cupidssk.ufo\/glyphs\/E_.glif","\/cupidssk.ufo\/glyphs\/F_.glif":"\/cupidssk.ufo\/glyphs\/F_.glif","\/cupidssk.ufo\/glyphs\/G_.glif":"\/cupidssk.ufo\/glyphs\/G_.glif","\/cupidssk.ufo\/glyphs\/H_.glif":"\/cupidssk.ufo\/glyphs\/H_.glif","\/cupidssk.ufo\/glyphs\/I_.glif":"\/cupidssk.ufo\/glyphs\/I_.glif","\/cupidssk.ufo\/glyphs\/J_.glif":"\/cupidssk.ufo\/glyphs\/J_.glif","\/cupidssk.ufo\/glyphs\/K_.glif":"\/cupidssk.ufo\/glyphs\/K_.glif","\/cupidssk.ufo\/glyphs\/L_.glif":"\/cupidssk.ufo\/glyphs\/L_.glif","\/cupidssk.ufo\/glyphs\/M_.glif":"\/cupidssk.ufo\/glyphs\/M_.glif","\/cupidssk.ufo\/glyphs\/N_.glif":"\/cupidssk.ufo\/glyphs\/N_.glif","\/cupidssk.ufo\/glyphs\/O_.glif":"\/cupidssk.ufo\/glyphs\/O_.glif","\/cupidssk.ufo\/glyphs\/P_.glif":"\/cupidssk.ufo\/glyphs\/P_.glif","\/cupidssk.ufo\/glyphs\/Q_.glif":"\/cupidssk.ufo\/glyphs\/Q_.glif","\/cupidssk.ufo\/glyphs\/R_.glif":"\/cupidssk.ufo\/glyphs\/R_.glif","\/cupidssk.ufo\/glyphs\/S_.glif":"\/cupidssk.ufo\/glyphs\/S_.glif","\/cupidssk.ufo\/glyphs\/T_.glif":"\/cupidssk.ufo\/glyphs\/T_.glif","\/cupidssk.ufo\/glyphs\/U_.glif":"\/cupidssk.ufo\/glyphs\/U_.glif","\/cupidssk.ufo\/glyphs\/V_.glif":"\/cupidssk.ufo\/glyphs\/V_.glif","\/cupidssk.ufo\/glyphs\/W_.glif":"\/cupidssk.ufo\/glyphs\/W_.glif","\/cupidssk.ufo\/glyphs\/X_.glif":"\/cupidssk.ufo\/glyphs\/X_.glif","\/cupidssk.ufo\/glyphs\/Y_.glif":"\/cupidssk.ufo\/glyphs\/Y_.glif","\/cupidssk.ufo\/glyphs\/Z_.glif":"\/cupidssk.ufo\/glyphs\/Z_.glif","\/cupidssk.ufo\/glyphs\/_notdef.glif":"\/cupidssk.ufo\/glyphs\/_notdef.glif","\/cupidssk.ufo\/glyphs\/_null.glif":"\/cupidssk.ufo\/glyphs\/_null.glif","\/cupidssk.ufo\/glyphs\/a.glif":"\/cupidssk.ufo\/glyphs\/a.glif","\/cupidssk.ufo\/glyphs\/asciicircum.glif":"\/cupidssk.ufo\/glyphs\/asciicircum.glif","\/cupidssk.ufo\/glyphs\/asterisk.glif":"\/cupidssk.ufo\/glyphs\/asterisk.glif","\/cupidssk.ufo\/glyphs\/at.glif":"\/cupidssk.ufo\/glyphs\/at.glif","\/cupidssk.ufo\/glyphs\/b.glif":"\/cupidssk.ufo\/glyphs\/b.glif","\/cupidssk.ufo\/glyphs\/backslash.glif":"\/cupidssk.ufo\/glyphs\/backslash.glif","\/cupidssk.ufo\/glyphs\/braceleft.glif":"\/cupidssk.ufo\/glyphs\/braceleft.glif","\/cupidssk.ufo\/glyphs\/braceright.glif":"\/cupidssk.ufo\/glyphs\/braceright.glif","\/cupidssk.ufo\/glyphs\/c.glif":"\/cupidssk.ufo\/glyphs\/c.glif","\/cupidssk.ufo\/glyphs\/colon.glif":"\/cupidssk.ufo\/glyphs\/colon.glif","\/cupidssk.ufo\/glyphs\/comma.glif":"\/cupidssk.ufo\/glyphs\/comma.glif","\/cupidssk.ufo\/glyphs\/contents.plist":"\/cupidssk.ufo\/glyphs\/contents.plist","\/cupidssk.ufo\/glyphs\/d.glif":"\/cupidssk.ufo\/glyphs\/d.glif","\/cupidssk.ufo\/glyphs\/e.glif":"\/cupidssk.ufo\/glyphs\/e.glif","\/cupidssk.ufo\/glyphs\/eight.glif":"\/cupidssk.ufo\/glyphs\/eight.glif","\/cupidssk.ufo\/glyphs\/equal.glif":"\/cupidssk.ufo\/glyphs\/equal.glif","\/cupidssk.ufo\/glyphs\/exclam.glif":"\/cupidssk.ufo\/glyphs\/exclam.glif","\/cupidssk.ufo\/glyphs\/f.glif":"\/cupidssk.ufo\/glyphs\/f.glif","\/cupidssk.ufo\/glyphs\/five.glif":"\/cupidssk.ufo\/glyphs\/five.glif","\/cupidssk.ufo\/glyphs\/four.glif":"\/cupidssk.ufo\/glyphs\/four.glif","\/cupidssk.ufo\/glyphs\/g.glif":"\/cupidssk.ufo\/glyphs\/g.glif","\/cupidssk.ufo\/glyphs\/grave.glif":"\/cupidssk.ufo\/glyphs\/grave.glif","\/cupidssk.ufo\/glyphs\/greater.glif":"\/cupidssk.ufo\/glyphs\/greater.glif","\/cupidssk.ufo\/glyphs\/h.glif":"\/cupidssk.ufo\/glyphs\/h.glif","\/cupidssk.ufo\/glyphs\/hyphen.glif":"\/cupidssk.ufo\/glyphs\/hyphen.glif","\/cupidssk.ufo\/glyphs\/i.glif":"\/cupidssk.ufo\/glyphs\/i.glif","\/cupidssk.ufo\/glyphs\/j.glif":"\/cupidssk.ufo\/glyphs\/j.glif","\/cupidssk.ufo\/glyphs\/k.glif":"\/cupidssk.ufo\/glyphs\/k.glif","\/cupidssk.ufo\/glyphs\/l.glif":"\/cupidssk.ufo\/glyphs\/l.glif","\/cupidssk.ufo\/glyphs\/less.glif":"\/cupidssk.ufo\/glyphs\/less.glif","\/cupidssk.ufo\/glyphs\/m.glif":"\/cupidssk.ufo\/glyphs\/m.glif","\/cupidssk.ufo\/glyphs\/n.glif":"\/cupidssk.ufo\/glyphs\/n.glif","\/cupidssk.ufo\/glyphs\/nine.glif":"\/cupidssk.ufo\/glyphs\/nine.glif","\/cupidssk.ufo\/glyphs\/nonbreakingspace.glif":"\/cupidssk.ufo\/glyphs\/nonbreakingspace.glif","\/cupidssk.ufo\/glyphs\/nonmarkingreturn.glif":"\/cupidssk.ufo\/glyphs\/nonmarkingreturn.glif","\/cupidssk.ufo\/glyphs\/numbersign.glif":"\/cupidssk.ufo\/glyphs\/numbersign.glif","\/cupidssk.ufo\/glyphs\/o.glif":"\/cupidssk.ufo\/glyphs\/o.glif","\/cupidssk.ufo\/glyphs\/one.glif":"\/cupidssk.ufo\/glyphs\/one.glif","\/cupidssk.ufo\/glyphs\/p.glif":"\/cupidssk.ufo\/glyphs\/p.glif","\/cupidssk.ufo\/glyphs\/parenleft.glif":"\/cupidssk.ufo\/glyphs\/parenleft.glif","\/cupidssk.ufo\/glyphs\/parenright.glif":"\/cupidssk.ufo\/glyphs\/parenright.glif","\/cupidssk.ufo\/glyphs\/period.glif":"\/cupidssk.ufo\/glyphs\/period.glif","\/cupidssk.ufo\/glyphs\/plus.glif":"\/cupidssk.ufo\/glyphs\/plus.glif","\/cupidssk.ufo\/glyphs\/q.glif":"\/cupidssk.ufo\/glyphs\/q.glif","\/cupidssk.ufo\/glyphs\/question.glif":"\/cupidssk.ufo\/glyphs\/question.glif","\/cupidssk.ufo\/glyphs\/quotedbl.glif":"\/cupidssk.ufo\/glyphs\/quotedbl.glif","\/cupidssk.ufo\/glyphs\/quotesingle.glif":"\/cupidssk.ufo\/glyphs\/quotesingle.glif","\/cupidssk.ufo\/glyphs\/r.glif":"\/cupidssk.ufo\/glyphs\/r.glif","\/cupidssk.ufo\/glyphs\/s.glif":"\/cupidssk.ufo\/glyphs\/s.glif","\/cupidssk.ufo\/glyphs\/semicolon.glif":"\/cupidssk.ufo\/glyphs\/semicolon.glif","\/cupidssk.ufo\/glyphs\/seven.glif":"\/cupidssk.ufo\/glyphs\/seven.glif","\/cupidssk.ufo\/glyphs\/six.glif":"\/cupidssk.ufo\/glyphs\/six.glif","\/cupidssk.ufo\/glyphs\/slash.glif":"\/cupidssk.ufo\/glyphs\/slash.glif","\/cupidssk.ufo\/glyphs\/space.glif":"\/cupidssk.ufo\/glyphs\/space.glif","\/cupidssk.ufo\/glyphs\/t.glif":"\/cupidssk.ufo\/glyphs\/t.glif","\/cupidssk.ufo\/glyphs\/three.glif":"\/cupidssk.ufo\/glyphs\/three.glif","\/cupidssk.ufo\/glyphs\/two.glif":"\/cupidssk.ufo\/glyphs\/two.glif","\/cupidssk.ufo\/glyphs\/u.glif":"\/cupidssk.ufo\/glyphs\/u.glif","\/cupidssk.ufo\/glyphs\/v.glif":"\/cupidssk.ufo\/glyphs\/v.glif","\/cupidssk.ufo\/glyphs\/w.glif":"\/cupidssk.ufo\/glyphs\/w.glif","\/cupidssk.ufo\/glyphs\/x.glif":"\/cupidssk.ufo\/glyphs\/x.glif","\/cupidssk.ufo\/glyphs\/y.glif":"\/cupidssk.ufo\/glyphs\/y.glif","\/cupidssk.ufo\/glyphs\/z.glif":"\/cupidssk.ufo\/glyphs\/z.glif","\/cupidssk.ufo\/glyphs\/zero.glif":"\/cupidssk.ufo\/glyphs\/zero.glif"},"Font":{"uploaded":1472567788.7357,"licence":"gpl3","company":"Chronolabs Cooperative","title":"Cupid SSK","version":3.002,"date":"Sun Aug 28 08:35:32 2016","creator":"root","type":"1","matrix":"0.001 0 0 0.001 0 0","named":"CupidSSK","painttype":"0","info":"10 dict dup","name":"CupidSSK","family":"CupidSSK","weight":"Book","fstype":"1","italicangle":"0","underlineposition":"","underlinethickness":""},"Licences":{"":false},"Table":{"FFTM":{"entryLength":16,"tag":"FFTM","checksum":1947021112,"offset":15204,"length":28},"GDEF":{"entryLength":16,"tag":"GDEF","checksum":8912900,"offset":15172,"length":32},"OS\/2":{"entryLength":16,"tag":"OS\/2","checksum":1448173754,"offset":344,"length":86},"cmap":{"entryLength":16,"tag":"cmap","checksum":1743316869,"offset":796,"length":386},"gasp":{"entryLength":16,"tag":"gasp","checksum":4294901763,"offset":15164,"length":8},"glyf":{"entryLength":16,"tag":"glyf","checksum":20063200,"offset":1368,"length":12928},"head":{"entryLength":16,"tag":"head","checksum":193968526,"offset":220,"length":54},"hhea":{"entryLength":16,"tag":"hhea","checksum":137561080,"offset":276,"length":36},"hmtx":{"entryLength":16,"tag":"hmtx","checksum":4081129726,"offset":432,"length":364},"loca":{"entryLength":16,"tag":"loca","checksum":4289858710,"offset":1184,"length":184},"maxp":{"entryLength":16,"tag":"maxp","checksum":10682470,"offset":312,"length":32},"name":{"entryLength":16,"tag":"name","checksum":1280420404,"offset":14296,"length":651},"post":{"entryLength":16,"tag":"post","checksum":141429027,"offset":14948,"length":216}},"UnicodeCharMap":{"0":1,"13":2,"32":3,"33":4,"34":5,"35":6,"39":7,"40":8,"41":9,"42":10,"43":11,"44":12,"45":13,"46":14,"47":15,"48":16,"49":17,"50":18,"51":19,"52":20,"53":21,"54":22,"55":23,"56":24,"57":25,"58":26,"59":27,"60":28,"61":29,"62":30,"63":31,"64":32,"65":33,"66":34,"67":35,"68":36,"69":37,"70":38,"71":39,"72":40,"73":41,"74":42,"75":43,"76":44,"77":45,"78":46,"79":47,"80":48,"81":49,"82":50,"83":51,"84":52,"85":53,"86":54,"87":55,"88":56,"89":57,"90":58,"92":59,"94":60,"96":61,"97":62,"98":63,"99":64,"100":65,"101":66,"102":67,"103":68,"104":69,"105":70,"106":71,"107":72,"108":73,"109":74,"110":75,"111":76,"112":77,"113":78,"114":79,"115":80,"116":81,"117":82,"118":83,"119":84,"120":85,"121":86,"122":87,"123":88,"125":89,"160":90},"Reserves":{"fontname":"Cupid SSK"},"Names":{"Cupid SSK":{"name":"Cupid SSK","longitude":"0.00000001","latitude":"0.00000001","country":"","region":"","city":""}},"Nodes":{"cu":{"type":"typal","node":"cu","usage":1,"weight":1},"ss":{"type":"typal","node":"ss","usage":1,"weight":1},"sk":{"type":"typal","node":"sk","usage":1,"weight":1},"cup":{"type":"typal","node":"cup","usage":1,"weight":1},"pid":{"type":"typal","node":"pid","usage":1,"weight":1},"cupi":{"type":"keys","node":"cupi","usage":1,"weight":1},"upid":{"type":"keys","node":"upid","usage":1,"weight":1},"cupid":{"type":"fixes","node":"cupid","usage":1,"weight":1},"ssk":{"type":"fixes","node":"ssk","usage":1,"weight":1}},"Contributors":[],"FontIdentity":"aphgovau:805cc3d8e5087bf110c19a8","Bytes":null,"Networking":[],"barcode":"scsi2msucou4o","referee":"ium5y"}