{"CSS":{"CenturyLightCondSSK":"CenturyLightCondSSK.css","Century Light Cond SSK":"aphgovau:9d8df3bb0d7072a8b38994b.css"},"FontType":"TrueType","FontCopyright":"Copyright 1992 Southern Software, Inc. All Rights Reserved","FontName":"CenturyLightCondSSK","FontSubfamily":"LightCondSSK","FontSubfamilyID":"FontForge 2.0 : CenturyLightCondSSK : 28-8-2016","FontFullName":"Century Light Cond SSK","FontVersion":"Version Macromedia Fontograp ","FontWeight":null,"FontPostscriptName":"CenturyLightCondSSK","Files":{"\/CenturyLightCondSSK.css":"\/CenturyLightCondSSK.css","\/centurylightcondssk.afm":"\/centurylightcondssk.afm","\/centurylightcondssk.cef":"\/centurylightcondssk.cef","\/centurylightcondssk.cff":"\/centurylightcondssk.cff","\/centurylightcondssk.eot":"\/centurylightcondssk.eot","\/centurylightcondssk.gai":"\/centurylightcondssk.gai","\/centurylightcondssk.gsf":"\/centurylightcondssk.gsf","\/centurylightcondssk.otf":"\/centurylightcondssk.otf","\/centurylightcondssk.pf3":"\/centurylightcondssk.pf3","\/centurylightcondssk.pfa":"\/centurylightcondssk.pfa","\/centurylightcondssk.pfb":"\/centurylightcondssk.pfb","\/centurylightcondssk.php":"\/centurylightcondssk.php","\/centurylightcondssk.pt3":"\/centurylightcondssk.pt3","\/centurylightcondssk.sfd":"\/centurylightcondssk.sfd","\/centurylightcondssk.svg":"\/centurylightcondssk.svg","\/centurylightcondssk.t42":"\/centurylightcondssk.t42","\/centurylightcondssk.ttd":"\/centurylightcondssk.ttd","\/centurylightcondssk.ttf":"\/centurylightcondssk.ttf","\/centurylightcondssk.ttg":"\/centurylightcondssk.ttg","\/centurylightcondssk.ufm":"\/centurylightcondssk.ufm","\/centurylightcondssk.woff":"\/centurylightcondssk.woff","\/centurylightcondssk.z":"\/centurylightcondssk.z","\/font-resource.json":"\/font-resource.json","\/centurylightcondssk.ufo\/feature.fea":"\/centurylightcondssk.ufo\/feature.fea","\/centurylightcondssk.ufo\/fontinfo.plist":"\/centurylightcondssk.ufo\/fontinfo.plist","\/centurylightcondssk.ufo\/groups.plist":"\/centurylightcondssk.ufo\/groups.plist","\/centurylightcondssk.ufo\/kerning.plist":"\/centurylightcondssk.ufo\/kerning.plist","\/centurylightcondssk.ufo\/metainfo.plist":"\/centurylightcondssk.ufo\/metainfo.plist","\/centurylightcondssk.ufo\/glyphs\/A_.glif":"\/centurylightcondssk.ufo\/glyphs\/A_.glif","\/centurylightcondssk.ufo\/glyphs\/A_E_.glif":"\/centurylightcondssk.ufo\/glyphs\/A_E_.glif","\/centurylightcondssk.ufo\/glyphs\/A_acute.glif":"\/centurylightcondssk.ufo\/glyphs\/A_acute.glif","\/centurylightcondssk.ufo\/glyphs\/A_circumflex.glif":"\/centurylightcondssk.ufo\/glyphs\/A_circumflex.glif","\/centurylightcondssk.ufo\/glyphs\/A_dieresis.glif":"\/centurylightcondssk.ufo\/glyphs\/A_dieresis.glif","\/centurylightcondssk.ufo\/glyphs\/A_grave.glif":"\/centurylightcondssk.ufo\/glyphs\/A_grave.glif","\/centurylightcondssk.ufo\/glyphs\/A_ring.glif":"\/centurylightcondssk.ufo\/glyphs\/A_ring.glif","\/centurylightcondssk.ufo\/glyphs\/A_tilde.glif":"\/centurylightcondssk.ufo\/glyphs\/A_tilde.glif","\/centurylightcondssk.ufo\/glyphs\/B_.glif":"\/centurylightcondssk.ufo\/glyphs\/B_.glif","\/centurylightcondssk.ufo\/glyphs\/C_.glif":"\/centurylightcondssk.ufo\/glyphs\/C_.glif","\/centurylightcondssk.ufo\/glyphs\/C_cedilla.glif":"\/centurylightcondssk.ufo\/glyphs\/C_cedilla.glif","\/centurylightcondssk.ufo\/glyphs\/D_.glif":"\/centurylightcondssk.ufo\/glyphs\/D_.glif","\/centurylightcondssk.ufo\/glyphs\/D_elta.glif":"\/centurylightcondssk.ufo\/glyphs\/D_elta.glif","\/centurylightcondssk.ufo\/glyphs\/E_.glif":"\/centurylightcondssk.ufo\/glyphs\/E_.glif","\/centurylightcondssk.ufo\/glyphs\/E_acute.glif":"\/centurylightcondssk.ufo\/glyphs\/E_acute.glif","\/centurylightcondssk.ufo\/glyphs\/E_circumflex.glif":"\/centurylightcondssk.ufo\/glyphs\/E_circumflex.glif","\/centurylightcondssk.ufo\/glyphs\/E_dieresis.glif":"\/centurylightcondssk.ufo\/glyphs\/E_dieresis.glif","\/centurylightcondssk.ufo\/glyphs\/E_grave.glif":"\/centurylightcondssk.ufo\/glyphs\/E_grave.glif","\/centurylightcondssk.ufo\/glyphs\/E_th.glif":"\/centurylightcondssk.ufo\/glyphs\/E_th.glif","\/centurylightcondssk.ufo\/glyphs\/F_.glif":"\/centurylightcondssk.ufo\/glyphs\/F_.glif","\/centurylightcondssk.ufo\/glyphs\/G_.glif":"\/centurylightcondssk.ufo\/glyphs\/G_.glif","\/centurylightcondssk.ufo\/glyphs\/H_.glif":"\/centurylightcondssk.ufo\/glyphs\/H_.glif","\/centurylightcondssk.ufo\/glyphs\/I_.glif":"\/centurylightcondssk.ufo\/glyphs\/I_.glif","\/centurylightcondssk.ufo\/glyphs\/I_acute.glif":"\/centurylightcondssk.ufo\/glyphs\/I_acute.glif","\/centurylightcondssk.ufo\/glyphs\/I_circumflex.glif":"\/centurylightcondssk.ufo\/glyphs\/I_circumflex.glif","\/centurylightcondssk.ufo\/glyphs\/I_dieresis.glif":"\/centurylightcondssk.ufo\/glyphs\/I_dieresis.glif","\/centurylightcondssk.ufo\/glyphs\/I_grave.glif":"\/centurylightcondssk.ufo\/glyphs\/I_grave.glif","\/centurylightcondssk.ufo\/glyphs\/J_.glif":"\/centurylightcondssk.ufo\/glyphs\/J_.glif","\/centurylightcondssk.ufo\/glyphs\/K_.glif":"\/centurylightcondssk.ufo\/glyphs\/K_.glif","\/centurylightcondssk.ufo\/glyphs\/L_.glif":"\/centurylightcondssk.ufo\/glyphs\/L_.glif","\/centurylightcondssk.ufo\/glyphs\/L_slash.glif":"\/centurylightcondssk.ufo\/glyphs\/L_slash.glif","\/centurylightcondssk.ufo\/glyphs\/M_.glif":"\/centurylightcondssk.ufo\/glyphs\/M_.glif","\/centurylightcondssk.ufo\/glyphs\/N_.glif":"\/centurylightcondssk.ufo\/glyphs\/N_.glif","\/centurylightcondssk.ufo\/glyphs\/N_tilde.glif":"\/centurylightcondssk.ufo\/glyphs\/N_tilde.glif","\/centurylightcondssk.ufo\/glyphs\/O_.glif":"\/centurylightcondssk.ufo\/glyphs\/O_.glif","\/centurylightcondssk.ufo\/glyphs\/O_E_.glif":"\/centurylightcondssk.ufo\/glyphs\/O_E_.glif","\/centurylightcondssk.ufo\/glyphs\/O_acute.glif":"\/centurylightcondssk.ufo\/glyphs\/O_acute.glif","\/centurylightcondssk.ufo\/glyphs\/O_circumflex.glif":"\/centurylightcondssk.ufo\/glyphs\/O_circumflex.glif","\/centurylightcondssk.ufo\/glyphs\/O_dieresis.glif":"\/centurylightcondssk.ufo\/glyphs\/O_dieresis.glif","\/centurylightcondssk.ufo\/glyphs\/O_grave.glif":"\/centurylightcondssk.ufo\/glyphs\/O_grave.glif","\/centurylightcondssk.ufo\/glyphs\/O_mega.glif":"\/centurylightcondssk.ufo\/glyphs\/O_mega.glif","\/centurylightcondssk.ufo\/glyphs\/O_slash.glif":"\/centurylightcondssk.ufo\/glyphs\/O_slash.glif","\/centurylightcondssk.ufo\/glyphs\/O_tilde.glif":"\/centurylightcondssk.ufo\/glyphs\/O_tilde.glif","\/centurylightcondssk.ufo\/glyphs\/P_.glif":"\/centurylightcondssk.ufo\/glyphs\/P_.glif","\/centurylightcondssk.ufo\/glyphs\/Q_.glif":"\/centurylightcondssk.ufo\/glyphs\/Q_.glif","\/centurylightcondssk.ufo\/glyphs\/R_.glif":"\/centurylightcondssk.ufo\/glyphs\/R_.glif","\/centurylightcondssk.ufo\/glyphs\/S_.glif":"\/centurylightcondssk.ufo\/glyphs\/S_.glif","\/centurylightcondssk.ufo\/glyphs\/S_caron.glif":"\/centurylightcondssk.ufo\/glyphs\/S_caron.glif","\/centurylightcondssk.ufo\/glyphs\/T_.glif":"\/centurylightcondssk.ufo\/glyphs\/T_.glif","\/centurylightcondssk.ufo\/glyphs\/T_horn.glif":"\/centurylightcondssk.ufo\/glyphs\/T_horn.glif","\/centurylightcondssk.ufo\/glyphs\/U_.glif":"\/centurylightcondssk.ufo\/glyphs\/U_.glif","\/centurylightcondssk.ufo\/glyphs\/U_acute.glif":"\/centurylightcondssk.ufo\/glyphs\/U_acute.glif","\/centurylightcondssk.ufo\/glyphs\/U_circumflex.glif":"\/centurylightcondssk.ufo\/glyphs\/U_circumflex.glif","\/centurylightcondssk.ufo\/glyphs\/U_dieresis.glif":"\/centurylightcondssk.ufo\/glyphs\/U_dieresis.glif","\/centurylightcondssk.ufo\/glyphs\/U_grave.glif":"\/centurylightcondssk.ufo\/glyphs\/U_grave.glif","\/centurylightcondssk.ufo\/glyphs\/V_.glif":"\/centurylightcondssk.ufo\/glyphs\/V_.glif","\/centurylightcondssk.ufo\/glyphs\/W_.glif":"\/centurylightcondssk.ufo\/glyphs\/W_.glif","\/centurylightcondssk.ufo\/glyphs\/X_.glif":"\/centurylightcondssk.ufo\/glyphs\/X_.glif","\/centurylightcondssk.ufo\/glyphs\/Y_.glif":"\/centurylightcondssk.ufo\/glyphs\/Y_.glif","\/centurylightcondssk.ufo\/glyphs\/Y_acute.glif":"\/centurylightcondssk.ufo\/glyphs\/Y_acute.glif","\/centurylightcondssk.ufo\/glyphs\/Y_dieresis.glif":"\/centurylightcondssk.ufo\/glyphs\/Y_dieresis.glif","\/centurylightcondssk.ufo\/glyphs\/Z_.glif":"\/centurylightcondssk.ufo\/glyphs\/Z_.glif","\/centurylightcondssk.ufo\/glyphs\/Z_caron.glif":"\/centurylightcondssk.ufo\/glyphs\/Z_caron.glif","\/centurylightcondssk.ufo\/glyphs\/_notdef.glif":"\/centurylightcondssk.ufo\/glyphs\/_notdef.glif","\/centurylightcondssk.ufo\/glyphs\/_null.glif":"\/centurylightcondssk.ufo\/glyphs\/_null.glif","\/centurylightcondssk.ufo\/glyphs\/a.glif":"\/centurylightcondssk.ufo\/glyphs\/a.glif","\/centurylightcondssk.ufo\/glyphs\/aacute.glif":"\/centurylightcondssk.ufo\/glyphs\/aacute.glif","\/centurylightcondssk.ufo\/glyphs\/acircumflex.glif":"\/centurylightcondssk.ufo\/glyphs\/acircumflex.glif","\/centurylightcondssk.ufo\/glyphs\/acute.glif":"\/centurylightcondssk.ufo\/glyphs\/acute.glif","\/centurylightcondssk.ufo\/glyphs\/adieresis.glif":"\/centurylightcondssk.ufo\/glyphs\/adieresis.glif","\/centurylightcondssk.ufo\/glyphs\/ae.glif":"\/centurylightcondssk.ufo\/glyphs\/ae.glif","\/centurylightcondssk.ufo\/glyphs\/agrave.glif":"\/centurylightcondssk.ufo\/glyphs\/agrave.glif","\/centurylightcondssk.ufo\/glyphs\/ampersand.glif":"\/centurylightcondssk.ufo\/glyphs\/ampersand.glif","\/centurylightcondssk.ufo\/glyphs\/apple.glif":"\/centurylightcondssk.ufo\/glyphs\/apple.glif","\/centurylightcondssk.ufo\/glyphs\/approxequal.glif":"\/centurylightcondssk.ufo\/glyphs\/approxequal.glif","\/centurylightcondssk.ufo\/glyphs\/aring.glif":"\/centurylightcondssk.ufo\/glyphs\/aring.glif","\/centurylightcondssk.ufo\/glyphs\/asciicircum.glif":"\/centurylightcondssk.ufo\/glyphs\/asciicircum.glif","\/centurylightcondssk.ufo\/glyphs\/asciitilde.glif":"\/centurylightcondssk.ufo\/glyphs\/asciitilde.glif","\/centurylightcondssk.ufo\/glyphs\/asterisk.glif":"\/centurylightcondssk.ufo\/glyphs\/asterisk.glif","\/centurylightcondssk.ufo\/glyphs\/at.glif":"\/centurylightcondssk.ufo\/glyphs\/at.glif","\/centurylightcondssk.ufo\/glyphs\/atilde.glif":"\/centurylightcondssk.ufo\/glyphs\/atilde.glif","\/centurylightcondssk.ufo\/glyphs\/b.glif":"\/centurylightcondssk.ufo\/glyphs\/b.glif","\/centurylightcondssk.ufo\/glyphs\/backslash.glif":"\/centurylightcondssk.ufo\/glyphs\/backslash.glif","\/centurylightcondssk.ufo\/glyphs\/bar.glif":"\/centurylightcondssk.ufo\/glyphs\/bar.glif","\/centurylightcondssk.ufo\/glyphs\/braceleft.glif":"\/centurylightcondssk.ufo\/glyphs\/braceleft.glif","\/centurylightcondssk.ufo\/glyphs\/braceright.glif":"\/centurylightcondssk.ufo\/glyphs\/braceright.glif","\/centurylightcondssk.ufo\/glyphs\/bracketleft.glif":"\/centurylightcondssk.ufo\/glyphs\/bracketleft.glif","\/centurylightcondssk.ufo\/glyphs\/bracketright.glif":"\/centurylightcondssk.ufo\/glyphs\/bracketright.glif","\/centurylightcondssk.ufo\/glyphs\/breve.glif":"\/centurylightcondssk.ufo\/glyphs\/breve.glif","\/centurylightcondssk.ufo\/glyphs\/brokenbar.glif":"\/centurylightcondssk.ufo\/glyphs\/brokenbar.glif","\/centurylightcondssk.ufo\/glyphs\/bullet.glif":"\/centurylightcondssk.ufo\/glyphs\/bullet.glif","\/centurylightcondssk.ufo\/glyphs\/c.glif":"\/centurylightcondssk.ufo\/glyphs\/c.glif","\/centurylightcondssk.ufo\/glyphs\/caron.glif":"\/centurylightcondssk.ufo\/glyphs\/caron.glif","\/centurylightcondssk.ufo\/glyphs\/ccedilla.glif":"\/centurylightcondssk.ufo\/glyphs\/ccedilla.glif","\/centurylightcondssk.ufo\/glyphs\/cedilla.glif":"\/centurylightcondssk.ufo\/glyphs\/cedilla.glif","\/centurylightcondssk.ufo\/glyphs\/cent.glif":"\/centurylightcondssk.ufo\/glyphs\/cent.glif","\/centurylightcondssk.ufo\/glyphs\/circumflex.glif":"\/centurylightcondssk.ufo\/glyphs\/circumflex.glif","\/centurylightcondssk.ufo\/glyphs\/colon.glif":"\/centurylightcondssk.ufo\/glyphs\/colon.glif","\/centurylightcondssk.ufo\/glyphs\/comma.glif":"\/centurylightcondssk.ufo\/glyphs\/comma.glif","\/centurylightcondssk.ufo\/glyphs\/contents.plist":"\/centurylightcondssk.ufo\/glyphs\/contents.plist","\/centurylightcondssk.ufo\/glyphs\/copyright.glif":"\/centurylightcondssk.ufo\/glyphs\/copyright.glif","\/centurylightcondssk.ufo\/glyphs\/currency.glif":"\/centurylightcondssk.ufo\/glyphs\/currency.glif","\/centurylightcondssk.ufo\/glyphs\/d.glif":"\/centurylightcondssk.ufo\/glyphs\/d.glif","\/centurylightcondssk.ufo\/glyphs\/dagger.glif":"\/centurylightcondssk.ufo\/glyphs\/dagger.glif","\/centurylightcondssk.ufo\/glyphs\/daggerdbl.glif":"\/centurylightcondssk.ufo\/glyphs\/daggerdbl.glif","\/centurylightcondssk.ufo\/glyphs\/degree.glif":"\/centurylightcondssk.ufo\/glyphs\/degree.glif","\/centurylightcondssk.ufo\/glyphs\/dieresis.glif":"\/centurylightcondssk.ufo\/glyphs\/dieresis.glif","\/centurylightcondssk.ufo\/glyphs\/divide.glif":"\/centurylightcondssk.ufo\/glyphs\/divide.glif","\/centurylightcondssk.ufo\/glyphs\/dollar.glif":"\/centurylightcondssk.ufo\/glyphs\/dollar.glif","\/centurylightcondssk.ufo\/glyphs\/dotaccent.glif":"\/centurylightcondssk.ufo\/glyphs\/dotaccent.glif","\/centurylightcondssk.ufo\/glyphs\/dotlessi.glif":"\/centurylightcondssk.ufo\/glyphs\/dotlessi.glif","\/centurylightcondssk.ufo\/glyphs\/e.glif":"\/centurylightcondssk.ufo\/glyphs\/e.glif","\/centurylightcondssk.ufo\/glyphs\/eacute.glif":"\/centurylightcondssk.ufo\/glyphs\/eacute.glif","\/centurylightcondssk.ufo\/glyphs\/ecircumflex.glif":"\/centurylightcondssk.ufo\/glyphs\/ecircumflex.glif","\/centurylightcondssk.ufo\/glyphs\/edieresis.glif":"\/centurylightcondssk.ufo\/glyphs\/edieresis.glif","\/centurylightcondssk.ufo\/glyphs\/egrave.glif":"\/centurylightcondssk.ufo\/glyphs\/egrave.glif","\/centurylightcondssk.ufo\/glyphs\/eight.glif":"\/centurylightcondssk.ufo\/glyphs\/eight.glif","\/centurylightcondssk.ufo\/glyphs\/ellipsis.glif":"\/centurylightcondssk.ufo\/glyphs\/ellipsis.glif","\/centurylightcondssk.ufo\/glyphs\/emdash.glif":"\/centurylightcondssk.ufo\/glyphs\/emdash.glif","\/centurylightcondssk.ufo\/glyphs\/endash.glif":"\/centurylightcondssk.ufo\/glyphs\/endash.glif","\/centurylightcondssk.ufo\/glyphs\/equal.glif":"\/centurylightcondssk.ufo\/glyphs\/equal.glif","\/centurylightcondssk.ufo\/glyphs\/eth.glif":"\/centurylightcondssk.ufo\/glyphs\/eth.glif","\/centurylightcondssk.ufo\/glyphs\/exclam.glif":"\/centurylightcondssk.ufo\/glyphs\/exclam.glif","\/centurylightcondssk.ufo\/glyphs\/exclamdown.glif":"\/centurylightcondssk.ufo\/glyphs\/exclamdown.glif","\/centurylightcondssk.ufo\/glyphs\/f.glif":"\/centurylightcondssk.ufo\/glyphs\/f.glif","\/centurylightcondssk.ufo\/glyphs\/fi.glif":"\/centurylightcondssk.ufo\/glyphs\/fi.glif","\/centurylightcondssk.ufo\/glyphs\/five.glif":"\/centurylightcondssk.ufo\/glyphs\/five.glif","\/centurylightcondssk.ufo\/glyphs\/fl.glif":"\/centurylightcondssk.ufo\/glyphs\/fl.glif","\/centurylightcondssk.ufo\/glyphs\/florin.glif":"\/centurylightcondssk.ufo\/glyphs\/florin.glif","\/centurylightcondssk.ufo\/glyphs\/four.glif":"\/centurylightcondssk.ufo\/glyphs\/four.glif","\/centurylightcondssk.ufo\/glyphs\/fraction.glif":"\/centurylightcondssk.ufo\/glyphs\/fraction.glif","\/centurylightcondssk.ufo\/glyphs\/g.glif":"\/centurylightcondssk.ufo\/glyphs\/g.glif","\/centurylightcondssk.ufo\/glyphs\/germandbls.glif":"\/centurylightcondssk.ufo\/glyphs\/germandbls.glif","\/centurylightcondssk.ufo\/glyphs\/grave.glif":"\/centurylightcondssk.ufo\/glyphs\/grave.glif","\/centurylightcondssk.ufo\/glyphs\/greater.glif":"\/centurylightcondssk.ufo\/glyphs\/greater.glif","\/centurylightcondssk.ufo\/glyphs\/greaterequal.glif":"\/centurylightcondssk.ufo\/glyphs\/greaterequal.glif","\/centurylightcondssk.ufo\/glyphs\/guillemotleft.glif":"\/centurylightcondssk.ufo\/glyphs\/guillemotleft.glif","\/centurylightcondssk.ufo\/glyphs\/guillemotright.glif":"\/centurylightcondssk.ufo\/glyphs\/guillemotright.glif","\/centurylightcondssk.ufo\/glyphs\/guilsinglleft.glif":"\/centurylightcondssk.ufo\/glyphs\/guilsinglleft.glif","\/centurylightcondssk.ufo\/glyphs\/guilsinglright.glif":"\/centurylightcondssk.ufo\/glyphs\/guilsinglright.glif","\/centurylightcondssk.ufo\/glyphs\/h.glif":"\/centurylightcondssk.ufo\/glyphs\/h.glif","\/centurylightcondssk.ufo\/glyphs\/hungarumlaut.glif":"\/centurylightcondssk.ufo\/glyphs\/hungarumlaut.glif","\/centurylightcondssk.ufo\/glyphs\/hyphen.glif":"\/centurylightcondssk.ufo\/glyphs\/hyphen.glif","\/centurylightcondssk.ufo\/glyphs\/i.glif":"\/centurylightcondssk.ufo\/glyphs\/i.glif","\/centurylightcondssk.ufo\/glyphs\/iacute.glif":"\/centurylightcondssk.ufo\/glyphs\/iacute.glif","\/centurylightcondssk.ufo\/glyphs\/icircumflex.glif":"\/centurylightcondssk.ufo\/glyphs\/icircumflex.glif","\/centurylightcondssk.ufo\/glyphs\/idieresis.glif":"\/centurylightcondssk.ufo\/glyphs\/idieresis.glif","\/centurylightcondssk.ufo\/glyphs\/igrave.glif":"\/centurylightcondssk.ufo\/glyphs\/igrave.glif","\/centurylightcondssk.ufo\/glyphs\/infinity.glif":"\/centurylightcondssk.ufo\/glyphs\/infinity.glif","\/centurylightcondssk.ufo\/glyphs\/integral.glif":"\/centurylightcondssk.ufo\/glyphs\/integral.glif","\/centurylightcondssk.ufo\/glyphs\/j.glif":"\/centurylightcondssk.ufo\/glyphs\/j.glif","\/centurylightcondssk.ufo\/glyphs\/k.glif":"\/centurylightcondssk.ufo\/glyphs\/k.glif","\/centurylightcondssk.ufo\/glyphs\/l.glif":"\/centurylightcondssk.ufo\/glyphs\/l.glif","\/centurylightcondssk.ufo\/glyphs\/less.glif":"\/centurylightcondssk.ufo\/glyphs\/less.glif","\/centurylightcondssk.ufo\/glyphs\/lessequal.glif":"\/centurylightcondssk.ufo\/glyphs\/lessequal.glif","\/centurylightcondssk.ufo\/glyphs\/logicalnot.glif":"\/centurylightcondssk.ufo\/glyphs\/logicalnot.glif","\/centurylightcondssk.ufo\/glyphs\/lozenge.glif":"\/centurylightcondssk.ufo\/glyphs\/lozenge.glif","\/centurylightcondssk.ufo\/glyphs\/lslash.glif":"\/centurylightcondssk.ufo\/glyphs\/lslash.glif","\/centurylightcondssk.ufo\/glyphs\/m.glif":"\/centurylightcondssk.ufo\/glyphs\/m.glif","\/centurylightcondssk.ufo\/glyphs\/macron.glif":"\/centurylightcondssk.ufo\/glyphs\/macron.glif","\/centurylightcondssk.ufo\/glyphs\/minus.glif":"\/centurylightcondssk.ufo\/glyphs\/minus.glif","\/centurylightcondssk.ufo\/glyphs\/mu.glif":"\/centurylightcondssk.ufo\/glyphs\/mu.glif","\/centurylightcondssk.ufo\/glyphs\/multiply.glif":"\/centurylightcondssk.ufo\/glyphs\/multiply.glif","\/centurylightcondssk.ufo\/glyphs\/n.glif":"\/centurylightcondssk.ufo\/glyphs\/n.glif","\/centurylightcondssk.ufo\/glyphs\/nine.glif":"\/centurylightcondssk.ufo\/glyphs\/nine.glif","\/centurylightcondssk.ufo\/glyphs\/nonbreakingspace.glif":"\/centurylightcondssk.ufo\/glyphs\/nonbreakingspace.glif","\/centurylightcondssk.ufo\/glyphs\/nonmarkingreturn.glif":"\/centurylightcondssk.ufo\/glyphs\/nonmarkingreturn.glif","\/centurylightcondssk.ufo\/glyphs\/notequal.glif":"\/centurylightcondssk.ufo\/glyphs\/notequal.glif","\/centurylightcondssk.ufo\/glyphs\/ntilde.glif":"\/centurylightcondssk.ufo\/glyphs\/ntilde.glif","\/centurylightcondssk.ufo\/glyphs\/numbersign.glif":"\/centurylightcondssk.ufo\/glyphs\/numbersign.glif","\/centurylightcondssk.ufo\/glyphs\/o.glif":"\/centurylightcondssk.ufo\/glyphs\/o.glif","\/centurylightcondssk.ufo\/glyphs\/oacute.glif":"\/centurylightcondssk.ufo\/glyphs\/oacute.glif","\/centurylightcondssk.ufo\/glyphs\/ocircumflex.glif":"\/centurylightcondssk.ufo\/glyphs\/ocircumflex.glif","\/centurylightcondssk.ufo\/glyphs\/odieresis.glif":"\/centurylightcondssk.ufo\/glyphs\/odieresis.glif","\/centurylightcondssk.ufo\/glyphs\/oe.glif":"\/centurylightcondssk.ufo\/glyphs\/oe.glif","\/centurylightcondssk.ufo\/glyphs\/ogonek.glif":"\/centurylightcondssk.ufo\/glyphs\/ogonek.glif","\/centurylightcondssk.ufo\/glyphs\/ograve.glif":"\/centurylightcondssk.ufo\/glyphs\/ograve.glif","\/centurylightcondssk.ufo\/glyphs\/one.glif":"\/centurylightcondssk.ufo\/glyphs\/one.glif","\/centurylightcondssk.ufo\/glyphs\/onehalf.glif":"\/centurylightcondssk.ufo\/glyphs\/onehalf.glif","\/centurylightcondssk.ufo\/glyphs\/onequarter.glif":"\/centurylightcondssk.ufo\/glyphs\/onequarter.glif","\/centurylightcondssk.ufo\/glyphs\/onesuperior.glif":"\/centurylightcondssk.ufo\/glyphs\/onesuperior.glif","\/centurylightcondssk.ufo\/glyphs\/ordfeminine.glif":"\/centurylightcondssk.ufo\/glyphs\/ordfeminine.glif","\/centurylightcondssk.ufo\/glyphs\/ordmasculine.glif":"\/centurylightcondssk.ufo\/glyphs\/ordmasculine.glif","\/centurylightcondssk.ufo\/glyphs\/oslash.glif":"\/centurylightcondssk.ufo\/glyphs\/oslash.glif","\/centurylightcondssk.ufo\/glyphs\/otilde.glif":"\/centurylightcondssk.ufo\/glyphs\/otilde.glif","\/centurylightcondssk.ufo\/glyphs\/p.glif":"\/centurylightcondssk.ufo\/glyphs\/p.glif","\/centurylightcondssk.ufo\/glyphs\/paragraph.glif":"\/centurylightcondssk.ufo\/glyphs\/paragraph.glif","\/centurylightcondssk.ufo\/glyphs\/parenleft.glif":"\/centurylightcondssk.ufo\/glyphs\/parenleft.glif","\/centurylightcondssk.ufo\/glyphs\/parenright.glif":"\/centurylightcondssk.ufo\/glyphs\/parenright.glif","\/centurylightcondssk.ufo\/glyphs\/partialdiff.glif":"\/centurylightcondssk.ufo\/glyphs\/partialdiff.glif","\/centurylightcondssk.ufo\/glyphs\/percent.glif":"\/centurylightcondssk.ufo\/glyphs\/percent.glif","\/centurylightcondssk.ufo\/glyphs\/period.glif":"\/centurylightcondssk.ufo\/glyphs\/period.glif","\/centurylightcondssk.ufo\/glyphs\/periodcentered.glif":"\/centurylightcondssk.ufo\/glyphs\/periodcentered.glif","\/centurylightcondssk.ufo\/glyphs\/perthousand.glif":"\/centurylightcondssk.ufo\/glyphs\/perthousand.glif","\/centurylightcondssk.ufo\/glyphs\/pi.glif":"\/centurylightcondssk.ufo\/glyphs\/pi.glif","\/centurylightcondssk.ufo\/glyphs\/plus.glif":"\/centurylightcondssk.ufo\/glyphs\/plus.glif","\/centurylightcondssk.ufo\/glyphs\/plusminus.glif":"\/centurylightcondssk.ufo\/glyphs\/plusminus.glif","\/centurylightcondssk.ufo\/glyphs\/product.glif":"\/centurylightcondssk.ufo\/glyphs\/product.glif","\/centurylightcondssk.ufo\/glyphs\/q.glif":"\/centurylightcondssk.ufo\/glyphs\/q.glif","\/centurylightcondssk.ufo\/glyphs\/question.glif":"\/centurylightcondssk.ufo\/glyphs\/question.glif","\/centurylightcondssk.ufo\/glyphs\/questiondown.glif":"\/centurylightcondssk.ufo\/glyphs\/questiondown.glif","\/centurylightcondssk.ufo\/glyphs\/quotedbl.glif":"\/centurylightcondssk.ufo\/glyphs\/quotedbl.glif","\/centurylightcondssk.ufo\/glyphs\/quotedblbase.glif":"\/centurylightcondssk.ufo\/glyphs\/quotedblbase.glif","\/centurylightcondssk.ufo\/glyphs\/quotedblleft.glif":"\/centurylightcondssk.ufo\/glyphs\/quotedblleft.glif","\/centurylightcondssk.ufo\/glyphs\/quotedblright.glif":"\/centurylightcondssk.ufo\/glyphs\/quotedblright.glif","\/centurylightcondssk.ufo\/glyphs\/quoteleft.glif":"\/centurylightcondssk.ufo\/glyphs\/quoteleft.glif","\/centurylightcondssk.ufo\/glyphs\/quoteright.glif":"\/centurylightcondssk.ufo\/glyphs\/quoteright.glif","\/centurylightcondssk.ufo\/glyphs\/quotesinglbase.glif":"\/centurylightcondssk.ufo\/glyphs\/quotesinglbase.glif","\/centurylightcondssk.ufo\/glyphs\/quotesingle.glif":"\/centurylightcondssk.ufo\/glyphs\/quotesingle.glif","\/centurylightcondssk.ufo\/glyphs\/r.glif":"\/centurylightcondssk.ufo\/glyphs\/r.glif","\/centurylightcondssk.ufo\/glyphs\/radical.glif":"\/centurylightcondssk.ufo\/glyphs\/radical.glif","\/centurylightcondssk.ufo\/glyphs\/registered.glif":"\/centurylightcondssk.ufo\/glyphs\/registered.glif","\/centurylightcondssk.ufo\/glyphs\/ring.glif":"\/centurylightcondssk.ufo\/glyphs\/ring.glif","\/centurylightcondssk.ufo\/glyphs\/s.glif":"\/centurylightcondssk.ufo\/glyphs\/s.glif","\/centurylightcondssk.ufo\/glyphs\/scaron.glif":"\/centurylightcondssk.ufo\/glyphs\/scaron.glif","\/centurylightcondssk.ufo\/glyphs\/section.glif":"\/centurylightcondssk.ufo\/glyphs\/section.glif","\/centurylightcondssk.ufo\/glyphs\/semicolon.glif":"\/centurylightcondssk.ufo\/glyphs\/semicolon.glif","\/centurylightcondssk.ufo\/glyphs\/seven.glif":"\/centurylightcondssk.ufo\/glyphs\/seven.glif","\/centurylightcondssk.ufo\/glyphs\/six.glif":"\/centurylightcondssk.ufo\/glyphs\/six.glif","\/centurylightcondssk.ufo\/glyphs\/slash.glif":"\/centurylightcondssk.ufo\/glyphs\/slash.glif","\/centurylightcondssk.ufo\/glyphs\/space.glif":"\/centurylightcondssk.ufo\/glyphs\/space.glif","\/centurylightcondssk.ufo\/glyphs\/sterling.glif":"\/centurylightcondssk.ufo\/glyphs\/sterling.glif","\/centurylightcondssk.ufo\/glyphs\/summation.glif":"\/centurylightcondssk.ufo\/glyphs\/summation.glif","\/centurylightcondssk.ufo\/glyphs\/t.glif":"\/centurylightcondssk.ufo\/glyphs\/t.glif","\/centurylightcondssk.ufo\/glyphs\/thorn.glif":"\/centurylightcondssk.ufo\/glyphs\/thorn.glif","\/centurylightcondssk.ufo\/glyphs\/three.glif":"\/centurylightcondssk.ufo\/glyphs\/three.glif","\/centurylightcondssk.ufo\/glyphs\/threequarters.glif":"\/centurylightcondssk.ufo\/glyphs\/threequarters.glif","\/centurylightcondssk.ufo\/glyphs\/threesuperior.glif":"\/centurylightcondssk.ufo\/glyphs\/threesuperior.glif","\/centurylightcondssk.ufo\/glyphs\/tilde.glif":"\/centurylightcondssk.ufo\/glyphs\/tilde.glif","\/centurylightcondssk.ufo\/glyphs\/trademark.glif":"\/centurylightcondssk.ufo\/glyphs\/trademark.glif","\/centurylightcondssk.ufo\/glyphs\/two.glif":"\/centurylightcondssk.ufo\/glyphs\/two.glif","\/centurylightcondssk.ufo\/glyphs\/twosuperior.glif":"\/centurylightcondssk.ufo\/glyphs\/twosuperior.glif","\/centurylightcondssk.ufo\/glyphs\/u.glif":"\/centurylightcondssk.ufo\/glyphs\/u.glif","\/centurylightcondssk.ufo\/glyphs\/uacute.glif":"\/centurylightcondssk.ufo\/glyphs\/uacute.glif","\/centurylightcondssk.ufo\/glyphs\/ucircumflex.glif":"\/centurylightcondssk.ufo\/glyphs\/ucircumflex.glif","\/centurylightcondssk.ufo\/glyphs\/udieresis.glif":"\/centurylightcondssk.ufo\/glyphs\/udieresis.glif","\/centurylightcondssk.ufo\/glyphs\/ugrave.glif":"\/centurylightcondssk.ufo\/glyphs\/ugrave.glif","\/centurylightcondssk.ufo\/glyphs\/underscore.glif":"\/centurylightcondssk.ufo\/glyphs\/underscore.glif","\/centurylightcondssk.ufo\/glyphs\/v.glif":"\/centurylightcondssk.ufo\/glyphs\/v.glif","\/centurylightcondssk.ufo\/glyphs\/w.glif":"\/centurylightcondssk.ufo\/glyphs\/w.glif","\/centurylightcondssk.ufo\/glyphs\/x.glif":"\/centurylightcondssk.ufo\/glyphs\/x.glif","\/centurylightcondssk.ufo\/glyphs\/y.glif":"\/centurylightcondssk.ufo\/glyphs\/y.glif","\/centurylightcondssk.ufo\/glyphs\/yacute.glif":"\/centurylightcondssk.ufo\/glyphs\/yacute.glif","\/centurylightcondssk.ufo\/glyphs\/ydieresis.glif":"\/centurylightcondssk.ufo\/glyphs\/ydieresis.glif","\/centurylightcondssk.ufo\/glyphs\/yen.glif":"\/centurylightcondssk.ufo\/glyphs\/yen.glif","\/centurylightcondssk.ufo\/glyphs\/z.glif":"\/centurylightcondssk.ufo\/glyphs\/z.glif","\/centurylightcondssk.ufo\/glyphs\/zcaron.glif":"\/centurylightcondssk.ufo\/glyphs\/zcaron.glif","\/centurylightcondssk.ufo\/glyphs\/zero.glif":"\/centurylightcondssk.ufo\/glyphs\/zero.glif"},"Font":{"uploaded":1474574506.5055,"licence":"gpl3","company":"Chronolabs Cooperative","title":"Century Light Cond SSK","version":3.002,"date":"Sun Aug 28 08:36:09 2016","creator":"root","type":"1","matrix":"0.001 0 0 0.001 0 0","named":"CenturyLightCondSSK","painttype":"0","info":"10 dict dup","name":"CenturyLightCondSSK","family":"CenturyLightCondSSK","weight":"Book","fstype":"1","italicangle":"0","underlineposition":"","underlinethickness":""},"Licences":{"":false},"Table":{"FFTM":{"entryLength":16,"tag":"FFTM","checksum":1947021186,"offset":31628,"length":28},"GDEF":{"entryLength":16,"tag":"GDEF","checksum":19136516,"offset":31596,"length":32},"OS\/2":{"entryLength":16,"tag":"OS\/2","checksum":1987131408,"offset":344,"length":86},"cmap":{"entryLength":16,"tag":"cmap","checksum":578087892,"offset":1420,"length":664},"gasp":{"entryLength":16,"tag":"gasp","checksum":4294901763,"offset":31588,"length":8},"glyf":{"entryLength":16,"tag":"glyf","checksum":274662520,"offset":2580,"length":27676},"head":{"entryLength":16,"tag":"head","checksum":171626547,"offset":220,"length":54},"hhea":{"entryLength":16,"tag":"hhea","checksum":120128345,"offset":276,"length":36},"hmtx":{"entryLength":16,"tag":"hmtx","checksum":2891781981,"offset":432,"length":988},"loca":{"entryLength":16,"tag":"loca","checksum":3271482742,"offset":2084,"length":496},"maxp":{"entryLength":16,"tag":"maxp","checksum":20971667,"offset":312,"length":32},"name":{"entryLength":16,"tag":"name","checksum":1673870678,"offset":30256,"length":804},"post":{"entryLength":16,"tag":"post","checksum":999832540,"offset":31060,"length":528}},"UnicodeCharMap":{"0":1,"13":2,"32":3,"33":4,"34":5,"35":6,"36":7,"37":8,"38":9,"39":10,"40":11,"41":12,"42":13,"43":14,"44":15,"45":16,"46":17,"47":18,"48":19,"49":20,"50":21,"51":22,"52":23,"53":24,"54":25,"55":26,"56":27,"57":28,"58":29,"59":30,"60":31,"61":32,"62":33,"63":34,"64":35,"65":36,"66":37,"67":38,"68":39,"69":40,"70":41,"71":42,"72":43,"73":44,"74":45,"75":46,"76":47,"77":48,"78":49,"79":50,"80":51,"81":52,"82":53,"83":54,"84":55,"85":56,"86":57,"87":58,"88":59,"89":60,"90":61,"91":62,"92":63,"93":64,"94":65,"95":66,"96":67,"97":68,"98":69,"99":70,"100":71,"101":72,"102":73,"103":74,"104":75,"105":76,"106":77,"107":78,"108":79,"109":80,"110":81,"111":82,"112":83,"113":84,"114":85,"115":86,"116":87,"117":88,"118":89,"119":90,"120":91,"121":92,"122":93,"123":94,"124":95,"125":96,"126":97,"160":98,"161":99,"162":100,"163":101,"164":102,"165":103,"166":104,"167":105,"168":106,"169":107,"170":108,"171":109,"172":110,"174":112,"175":113,"176":114,"177":115,"178":116,"179":117,"180":118,"182":120,"183":121,"184":122,"185":123,"186":124,"187":125,"188":126,"189":127,"190":128,"191":129,"192":130,"193":131,"194":132,"195":133,"196":134,"197":135,"198":136,"199":137,"200":138,"201":139,"202":140,"203":141,"204":142,"205":143,"206":144,"207":145,"208":146,"209":147,"210":148,"211":149,"212":150,"213":151,"214":152,"215":153,"216":154,"217":155,"218":156,"219":157,"220":158,"221":159,"222":160,"223":161,"224":162,"225":163,"226":164,"227":165,"228":166,"229":167,"230":168,"231":169,"232":170,"233":171,"234":172,"235":173,"236":174,"237":175,"238":176,"239":177,"240":178,"241":179,"242":180,"243":181,"244":182,"245":183,"246":184,"247":185,"248":186,"249":187,"250":188,"251":189,"252":190,"253":191,"254":192,"255":193,"305":240,"321":218,"322":219,"338":199,"339":200,"352":216,"353":217,"376":207,"381":220,"382":221,"402":197,"710":214,"711":246,"728":241,"729":242,"730":243,"731":245,"732":215,"733":244,"916":234,"937":231,"956":119,"960":229,"8211":201,"8212":202,"8216":205,"8217":206,"8218":211,"8220":203,"8221":204,"8222":212,"8224":194,"8225":210,"8226":195,"8230":198,"8240":213,"8249":208,"8250":209,"8260":236,"8482":196,"8706":226,"8719":228,"8721":227,"8722":111,"8730":232,"8734":223,"8747":230,"8776":233,"8800":222,"8804":224,"8805":225,"9674":235,"64257":237,"64258":238},"Reserves":{"fontname":"Century Light Cond SSK"},"Names":{"Century Light Cond SSK":{"name":"Century Light Cond SSK","longitude":"0.00000001","latitude":"0.00000001","country":"","region":"","city":""}},"Nodes":{"ce":{"type":"typal","node":"ce","usage":1,"weight":1},"ry":{"type":"typal","node":"ry","usage":1,"weight":1},"li":{"type":"typal","node":"li","usage":1,"weight":1},"ht":{"type":"typal","node":"ht","usage":1,"weight":1},"co":{"type":"typal","node":"co","usage":1,"weight":1},"nd":{"type":"typal","node":"nd","usage":1,"weight":1},"ss":{"type":"typal","node":"ss","usage":1,"weight":1},"sk":{"type":"typal","node":"sk","usage":1,"weight":1},"cen":{"type":"typal","node":"cen","usage":1,"weight":1},"ury":{"type":"typal","node":"ury","usage":1,"weight":1},"lig":{"type":"typal","node":"lig","usage":1,"weight":1},"ght":{"type":"typal","node":"ght","usage":1,"weight":1},"con":{"type":"typal","node":"con","usage":1,"weight":1},"ond":{"type":"typal","node":"ond","usage":1,"weight":1},"cent":{"type":"keys","node":"cent","usage":1,"weight":1},"tury":{"type":"keys","node":"tury","usage":1,"weight":1},"ligh":{"type":"keys","node":"ligh","usage":1,"weight":1},"ight":{"type":"keys","node":"ight","usage":1,"weight":1},"centu":{"type":"keys","node":"centu","usage":1,"weight":1},"ntury":{"type":"keys","node":"ntury","usage":1,"weight":1},"century":{"type":"fixes","node":"century","usage":1,"weight":1},"light":{"type":"fixes","node":"light","usage":1,"weight":1},"cond":{"type":"fixes","node":"cond","usage":1,"weight":1},"ssk":{"type":"fixes","node":"ssk","usage":1,"weight":1}},"Contributors":[],"FontIdentity":"aphgovau:9d8df3bb0d7072a8b38994b","Bytes":null,"Networking":[],"barcode":"scsi2msueequa","referee":"iuoey"}