{"CSS":{"Omnia":"wagovau:6a46f70a1179892bbe1cf958.css"},"FontType":"TrueType","FontCopyright":"Copyright (c) 1990 Adobe Systems Incorporated.  All Rights Reserved.Omnia is a trademark of Linotype AG and\/or its subsidiaries.","FontName":"Omnia","FontSubfamily":"Roman","FontSubfamilyID":"FontForge 2.0 : Omnia : 12-8-2016","FontFullName":"Omnia","FontVersion":"Version 001.000 ","FontWeight":null,"FontPostscriptName":"Omnia","Files":{"\/Omnia.css":"\/Omnia.css","\/font-resource.json":"\/font-resource.json","\/omnia.afm":"\/omnia.afm","\/omnia.cef":"\/omnia.cef","\/omnia.cff":"\/omnia.cff","\/omnia.eot":"\/omnia.eot","\/omnia.gai":"\/omnia.gai","\/omnia.gsf":"\/omnia.gsf","\/omnia.otf":"\/omnia.otf","\/omnia.pf3":"\/omnia.pf3","\/omnia.pfa":"\/omnia.pfa","\/omnia.pfb":"\/omnia.pfb","\/omnia.php":"\/omnia.php","\/omnia.pt3":"\/omnia.pt3","\/omnia.sfd":"\/omnia.sfd","\/omnia.svg":"\/omnia.svg","\/omnia.t42":"\/omnia.t42","\/omnia.ttd":"\/omnia.ttd","\/omnia.ttf":"\/omnia.ttf","\/omnia.ttg":"\/omnia.ttg","\/omnia.ufm":"\/omnia.ufm","\/omnia.woff":"\/omnia.woff","\/omnia.z":"\/omnia.z","\/wagovau:6a46f70a1179892bbe1cf958.css":"\/wagovau:6a46f70a1179892bbe1cf958.css","\/omnia.ufo\/feature.fea":"\/omnia.ufo\/feature.fea","\/omnia.ufo\/fontinfo.plist":"\/omnia.ufo\/fontinfo.plist","\/omnia.ufo\/groups.plist":"\/omnia.ufo\/groups.plist","\/omnia.ufo\/kerning.plist":"\/omnia.ufo\/kerning.plist","\/omnia.ufo\/metainfo.plist":"\/omnia.ufo\/metainfo.plist","\/omnia.ufo\/glyphs\/A_.glif":"\/omnia.ufo\/glyphs\/A_.glif","\/omnia.ufo\/glyphs\/A_E_.glif":"\/omnia.ufo\/glyphs\/A_E_.glif","\/omnia.ufo\/glyphs\/A_acute.glif":"\/omnia.ufo\/glyphs\/A_acute.glif","\/omnia.ufo\/glyphs\/A_circumflex.glif":"\/omnia.ufo\/glyphs\/A_circumflex.glif","\/omnia.ufo\/glyphs\/A_dieresis.glif":"\/omnia.ufo\/glyphs\/A_dieresis.glif","\/omnia.ufo\/glyphs\/A_grave.glif":"\/omnia.ufo\/glyphs\/A_grave.glif","\/omnia.ufo\/glyphs\/A_ring.glif":"\/omnia.ufo\/glyphs\/A_ring.glif","\/omnia.ufo\/glyphs\/A_tilde.glif":"\/omnia.ufo\/glyphs\/A_tilde.glif","\/omnia.ufo\/glyphs\/B_.glif":"\/omnia.ufo\/glyphs\/B_.glif","\/omnia.ufo\/glyphs\/C_.glif":"\/omnia.ufo\/glyphs\/C_.glif","\/omnia.ufo\/glyphs\/C_cedilla.glif":"\/omnia.ufo\/glyphs\/C_cedilla.glif","\/omnia.ufo\/glyphs\/D_.glif":"\/omnia.ufo\/glyphs\/D_.glif","\/omnia.ufo\/glyphs\/E_.glif":"\/omnia.ufo\/glyphs\/E_.glif","\/omnia.ufo\/glyphs\/E_acute.glif":"\/omnia.ufo\/glyphs\/E_acute.glif","\/omnia.ufo\/glyphs\/E_circumflex.glif":"\/omnia.ufo\/glyphs\/E_circumflex.glif","\/omnia.ufo\/glyphs\/E_dieresis.glif":"\/omnia.ufo\/glyphs\/E_dieresis.glif","\/omnia.ufo\/glyphs\/E_grave.glif":"\/omnia.ufo\/glyphs\/E_grave.glif","\/omnia.ufo\/glyphs\/E_th.glif":"\/omnia.ufo\/glyphs\/E_th.glif","\/omnia.ufo\/glyphs\/F_.glif":"\/omnia.ufo\/glyphs\/F_.glif","\/omnia.ufo\/glyphs\/G_.glif":"\/omnia.ufo\/glyphs\/G_.glif","\/omnia.ufo\/glyphs\/H_.glif":"\/omnia.ufo\/glyphs\/H_.glif","\/omnia.ufo\/glyphs\/I_.glif":"\/omnia.ufo\/glyphs\/I_.glif","\/omnia.ufo\/glyphs\/I_acute.glif":"\/omnia.ufo\/glyphs\/I_acute.glif","\/omnia.ufo\/glyphs\/I_circumflex.glif":"\/omnia.ufo\/glyphs\/I_circumflex.glif","\/omnia.ufo\/glyphs\/I_dieresis.glif":"\/omnia.ufo\/glyphs\/I_dieresis.glif","\/omnia.ufo\/glyphs\/I_grave.glif":"\/omnia.ufo\/glyphs\/I_grave.glif","\/omnia.ufo\/glyphs\/J_.glif":"\/omnia.ufo\/glyphs\/J_.glif","\/omnia.ufo\/glyphs\/K_.glif":"\/omnia.ufo\/glyphs\/K_.glif","\/omnia.ufo\/glyphs\/L_.glif":"\/omnia.ufo\/glyphs\/L_.glif","\/omnia.ufo\/glyphs\/L_slash.glif":"\/omnia.ufo\/glyphs\/L_slash.glif","\/omnia.ufo\/glyphs\/M_.glif":"\/omnia.ufo\/glyphs\/M_.glif","\/omnia.ufo\/glyphs\/N_.glif":"\/omnia.ufo\/glyphs\/N_.glif","\/omnia.ufo\/glyphs\/N_tilde.glif":"\/omnia.ufo\/glyphs\/N_tilde.glif","\/omnia.ufo\/glyphs\/O_.glif":"\/omnia.ufo\/glyphs\/O_.glif","\/omnia.ufo\/glyphs\/O_E_.glif":"\/omnia.ufo\/glyphs\/O_E_.glif","\/omnia.ufo\/glyphs\/O_acute.glif":"\/omnia.ufo\/glyphs\/O_acute.glif","\/omnia.ufo\/glyphs\/O_circumflex.glif":"\/omnia.ufo\/glyphs\/O_circumflex.glif","\/omnia.ufo\/glyphs\/O_dieresis.glif":"\/omnia.ufo\/glyphs\/O_dieresis.glif","\/omnia.ufo\/glyphs\/O_grave.glif":"\/omnia.ufo\/glyphs\/O_grave.glif","\/omnia.ufo\/glyphs\/O_slash.glif":"\/omnia.ufo\/glyphs\/O_slash.glif","\/omnia.ufo\/glyphs\/O_tilde.glif":"\/omnia.ufo\/glyphs\/O_tilde.glif","\/omnia.ufo\/glyphs\/P_.glif":"\/omnia.ufo\/glyphs\/P_.glif","\/omnia.ufo\/glyphs\/Q_.glif":"\/omnia.ufo\/glyphs\/Q_.glif","\/omnia.ufo\/glyphs\/R_.glif":"\/omnia.ufo\/glyphs\/R_.glif","\/omnia.ufo\/glyphs\/S_.glif":"\/omnia.ufo\/glyphs\/S_.glif","\/omnia.ufo\/glyphs\/S_caron.glif":"\/omnia.ufo\/glyphs\/S_caron.glif","\/omnia.ufo\/glyphs\/T_.glif":"\/omnia.ufo\/glyphs\/T_.glif","\/omnia.ufo\/glyphs\/T_horn.glif":"\/omnia.ufo\/glyphs\/T_horn.glif","\/omnia.ufo\/glyphs\/U_.glif":"\/omnia.ufo\/glyphs\/U_.glif","\/omnia.ufo\/glyphs\/U_acute.glif":"\/omnia.ufo\/glyphs\/U_acute.glif","\/omnia.ufo\/glyphs\/U_circumflex.glif":"\/omnia.ufo\/glyphs\/U_circumflex.glif","\/omnia.ufo\/glyphs\/U_dieresis.glif":"\/omnia.ufo\/glyphs\/U_dieresis.glif","\/omnia.ufo\/glyphs\/U_grave.glif":"\/omnia.ufo\/glyphs\/U_grave.glif","\/omnia.ufo\/glyphs\/V_.glif":"\/omnia.ufo\/glyphs\/V_.glif","\/omnia.ufo\/glyphs\/W_.glif":"\/omnia.ufo\/glyphs\/W_.glif","\/omnia.ufo\/glyphs\/X_.glif":"\/omnia.ufo\/glyphs\/X_.glif","\/omnia.ufo\/glyphs\/Y_.glif":"\/omnia.ufo\/glyphs\/Y_.glif","\/omnia.ufo\/glyphs\/Y_acute.glif":"\/omnia.ufo\/glyphs\/Y_acute.glif","\/omnia.ufo\/glyphs\/Y_dieresis.glif":"\/omnia.ufo\/glyphs\/Y_dieresis.glif","\/omnia.ufo\/glyphs\/Z_.glif":"\/omnia.ufo\/glyphs\/Z_.glif","\/omnia.ufo\/glyphs\/Z_caron.glif":"\/omnia.ufo\/glyphs\/Z_caron.glif","\/omnia.ufo\/glyphs\/a.glif":"\/omnia.ufo\/glyphs\/a.glif","\/omnia.ufo\/glyphs\/aacute.glif":"\/omnia.ufo\/glyphs\/aacute.glif","\/omnia.ufo\/glyphs\/acircumflex.glif":"\/omnia.ufo\/glyphs\/acircumflex.glif","\/omnia.ufo\/glyphs\/acute.glif":"\/omnia.ufo\/glyphs\/acute.glif","\/omnia.ufo\/glyphs\/adieresis.glif":"\/omnia.ufo\/glyphs\/adieresis.glif","\/omnia.ufo\/glyphs\/ae.glif":"\/omnia.ufo\/glyphs\/ae.glif","\/omnia.ufo\/glyphs\/agrave.glif":"\/omnia.ufo\/glyphs\/agrave.glif","\/omnia.ufo\/glyphs\/ampersand.glif":"\/omnia.ufo\/glyphs\/ampersand.glif","\/omnia.ufo\/glyphs\/aring.glif":"\/omnia.ufo\/glyphs\/aring.glif","\/omnia.ufo\/glyphs\/asterisk.glif":"\/omnia.ufo\/glyphs\/asterisk.glif","\/omnia.ufo\/glyphs\/atilde.glif":"\/omnia.ufo\/glyphs\/atilde.glif","\/omnia.ufo\/glyphs\/b.glif":"\/omnia.ufo\/glyphs\/b.glif","\/omnia.ufo\/glyphs\/braceleft.glif":"\/omnia.ufo\/glyphs\/braceleft.glif","\/omnia.ufo\/glyphs\/braceright.glif":"\/omnia.ufo\/glyphs\/braceright.glif","\/omnia.ufo\/glyphs\/bracketleft.glif":"\/omnia.ufo\/glyphs\/bracketleft.glif","\/omnia.ufo\/glyphs\/bracketright.glif":"\/omnia.ufo\/glyphs\/bracketright.glif","\/omnia.ufo\/glyphs\/breve.glif":"\/omnia.ufo\/glyphs\/breve.glif","\/omnia.ufo\/glyphs\/bullet.glif":"\/omnia.ufo\/glyphs\/bullet.glif","\/omnia.ufo\/glyphs\/c.glif":"\/omnia.ufo\/glyphs\/c.glif","\/omnia.ufo\/glyphs\/caron.glif":"\/omnia.ufo\/glyphs\/caron.glif","\/omnia.ufo\/glyphs\/ccedilla.glif":"\/omnia.ufo\/glyphs\/ccedilla.glif","\/omnia.ufo\/glyphs\/cedilla.glif":"\/omnia.ufo\/glyphs\/cedilla.glif","\/omnia.ufo\/glyphs\/cent.glif":"\/omnia.ufo\/glyphs\/cent.glif","\/omnia.ufo\/glyphs\/circumflex.glif":"\/omnia.ufo\/glyphs\/circumflex.glif","\/omnia.ufo\/glyphs\/colon.glif":"\/omnia.ufo\/glyphs\/colon.glif","\/omnia.ufo\/glyphs\/comma.glif":"\/omnia.ufo\/glyphs\/comma.glif","\/omnia.ufo\/glyphs\/contents.plist":"\/omnia.ufo\/glyphs\/contents.plist","\/omnia.ufo\/glyphs\/copyright.glif":"\/omnia.ufo\/glyphs\/copyright.glif","\/omnia.ufo\/glyphs\/d.glif":"\/omnia.ufo\/glyphs\/d.glif","\/omnia.ufo\/glyphs\/dagger.glif":"\/omnia.ufo\/glyphs\/dagger.glif","\/omnia.ufo\/glyphs\/daggerdbl.glif":"\/omnia.ufo\/glyphs\/daggerdbl.glif","\/omnia.ufo\/glyphs\/dieresis.glif":"\/omnia.ufo\/glyphs\/dieresis.glif","\/omnia.ufo\/glyphs\/dollar.glif":"\/omnia.ufo\/glyphs\/dollar.glif","\/omnia.ufo\/glyphs\/dotaccent.glif":"\/omnia.ufo\/glyphs\/dotaccent.glif","\/omnia.ufo\/glyphs\/dotlessi.glif":"\/omnia.ufo\/glyphs\/dotlessi.glif","\/omnia.ufo\/glyphs\/e.glif":"\/omnia.ufo\/glyphs\/e.glif","\/omnia.ufo\/glyphs\/eacute.glif":"\/omnia.ufo\/glyphs\/eacute.glif","\/omnia.ufo\/glyphs\/ecircumflex.glif":"\/omnia.ufo\/glyphs\/ecircumflex.glif","\/omnia.ufo\/glyphs\/edieresis.glif":"\/omnia.ufo\/glyphs\/edieresis.glif","\/omnia.ufo\/glyphs\/egrave.glif":"\/omnia.ufo\/glyphs\/egrave.glif","\/omnia.ufo\/glyphs\/eight.glif":"\/omnia.ufo\/glyphs\/eight.glif","\/omnia.ufo\/glyphs\/ellipsis.glif":"\/omnia.ufo\/glyphs\/ellipsis.glif","\/omnia.ufo\/glyphs\/emdash.glif":"\/omnia.ufo\/glyphs\/emdash.glif","\/omnia.ufo\/glyphs\/endash.glif":"\/omnia.ufo\/glyphs\/endash.glif","\/omnia.ufo\/glyphs\/eth.glif":"\/omnia.ufo\/glyphs\/eth.glif","\/omnia.ufo\/glyphs\/exclam.glif":"\/omnia.ufo\/glyphs\/exclam.glif","\/omnia.ufo\/glyphs\/exclamdown.glif":"\/omnia.ufo\/glyphs\/exclamdown.glif","\/omnia.ufo\/glyphs\/f.glif":"\/omnia.ufo\/glyphs\/f.glif","\/omnia.ufo\/glyphs\/fi.glif":"\/omnia.ufo\/glyphs\/fi.glif","\/omnia.ufo\/glyphs\/five.glif":"\/omnia.ufo\/glyphs\/five.glif","\/omnia.ufo\/glyphs\/fl.glif":"\/omnia.ufo\/glyphs\/fl.glif","\/omnia.ufo\/glyphs\/florin.glif":"\/omnia.ufo\/glyphs\/florin.glif","\/omnia.ufo\/glyphs\/four.glif":"\/omnia.ufo\/glyphs\/four.glif","\/omnia.ufo\/glyphs\/fraction.glif":"\/omnia.ufo\/glyphs\/fraction.glif","\/omnia.ufo\/glyphs\/g.glif":"\/omnia.ufo\/glyphs\/g.glif","\/omnia.ufo\/glyphs\/germandbls.glif":"\/omnia.ufo\/glyphs\/germandbls.glif","\/omnia.ufo\/glyphs\/grave.glif":"\/omnia.ufo\/glyphs\/grave.glif","\/omnia.ufo\/glyphs\/guillemotleft.glif":"\/omnia.ufo\/glyphs\/guillemotleft.glif","\/omnia.ufo\/glyphs\/guillemotright.glif":"\/omnia.ufo\/glyphs\/guillemotright.glif","\/omnia.ufo\/glyphs\/guilsinglleft.glif":"\/omnia.ufo\/glyphs\/guilsinglleft.glif","\/omnia.ufo\/glyphs\/guilsinglright.glif":"\/omnia.ufo\/glyphs\/guilsinglright.glif","\/omnia.ufo\/glyphs\/h.glif":"\/omnia.ufo\/glyphs\/h.glif","\/omnia.ufo\/glyphs\/hungarumlaut.glif":"\/omnia.ufo\/glyphs\/hungarumlaut.glif","\/omnia.ufo\/glyphs\/hyphen.glif":"\/omnia.ufo\/glyphs\/hyphen.glif","\/omnia.ufo\/glyphs\/i.glif":"\/omnia.ufo\/glyphs\/i.glif","\/omnia.ufo\/glyphs\/iacute.glif":"\/omnia.ufo\/glyphs\/iacute.glif","\/omnia.ufo\/glyphs\/icircumflex.glif":"\/omnia.ufo\/glyphs\/icircumflex.glif","\/omnia.ufo\/glyphs\/idieresis.glif":"\/omnia.ufo\/glyphs\/idieresis.glif","\/omnia.ufo\/glyphs\/igrave.glif":"\/omnia.ufo\/glyphs\/igrave.glif","\/omnia.ufo\/glyphs\/j.glif":"\/omnia.ufo\/glyphs\/j.glif","\/omnia.ufo\/glyphs\/k.glif":"\/omnia.ufo\/glyphs\/k.glif","\/omnia.ufo\/glyphs\/l.glif":"\/omnia.ufo\/glyphs\/l.glif","\/omnia.ufo\/glyphs\/lslash.glif":"\/omnia.ufo\/glyphs\/lslash.glif","\/omnia.ufo\/glyphs\/m.glif":"\/omnia.ufo\/glyphs\/m.glif","\/omnia.ufo\/glyphs\/macron.glif":"\/omnia.ufo\/glyphs\/macron.glif","\/omnia.ufo\/glyphs\/mu.glif":"\/omnia.ufo\/glyphs\/mu.glif","\/omnia.ufo\/glyphs\/n.glif":"\/omnia.ufo\/glyphs\/n.glif","\/omnia.ufo\/glyphs\/nine.glif":"\/omnia.ufo\/glyphs\/nine.glif","\/omnia.ufo\/glyphs\/ntilde.glif":"\/omnia.ufo\/glyphs\/ntilde.glif","\/omnia.ufo\/glyphs\/o.glif":"\/omnia.ufo\/glyphs\/o.glif","\/omnia.ufo\/glyphs\/oacute.glif":"\/omnia.ufo\/glyphs\/oacute.glif","\/omnia.ufo\/glyphs\/ocircumflex.glif":"\/omnia.ufo\/glyphs\/ocircumflex.glif","\/omnia.ufo\/glyphs\/odieresis.glif":"\/omnia.ufo\/glyphs\/odieresis.glif","\/omnia.ufo\/glyphs\/oe.glif":"\/omnia.ufo\/glyphs\/oe.glif","\/omnia.ufo\/glyphs\/ogonek.glif":"\/omnia.ufo\/glyphs\/ogonek.glif","\/omnia.ufo\/glyphs\/ograve.glif":"\/omnia.ufo\/glyphs\/ograve.glif","\/omnia.ufo\/glyphs\/one.glif":"\/omnia.ufo\/glyphs\/one.glif","\/omnia.ufo\/glyphs\/onesuperior.glif":"\/omnia.ufo\/glyphs\/onesuperior.glif","\/omnia.ufo\/glyphs\/ordfeminine.glif":"\/omnia.ufo\/glyphs\/ordfeminine.glif","\/omnia.ufo\/glyphs\/ordmasculine.glif":"\/omnia.ufo\/glyphs\/ordmasculine.glif","\/omnia.ufo\/glyphs\/oslash.glif":"\/omnia.ufo\/glyphs\/oslash.glif","\/omnia.ufo\/glyphs\/otilde.glif":"\/omnia.ufo\/glyphs\/otilde.glif","\/omnia.ufo\/glyphs\/p.glif":"\/omnia.ufo\/glyphs\/p.glif","\/omnia.ufo\/glyphs\/parenleft.glif":"\/omnia.ufo\/glyphs\/parenleft.glif","\/omnia.ufo\/glyphs\/parenright.glif":"\/omnia.ufo\/glyphs\/parenright.glif","\/omnia.ufo\/glyphs\/percent.glif":"\/omnia.ufo\/glyphs\/percent.glif","\/omnia.ufo\/glyphs\/period.glif":"\/omnia.ufo\/glyphs\/period.glif","\/omnia.ufo\/glyphs\/periodcentered.glif":"\/omnia.ufo\/glyphs\/periodcentered.glif","\/omnia.ufo\/glyphs\/perthousand.glif":"\/omnia.ufo\/glyphs\/perthousand.glif","\/omnia.ufo\/glyphs\/q.glif":"\/omnia.ufo\/glyphs\/q.glif","\/omnia.ufo\/glyphs\/question.glif":"\/omnia.ufo\/glyphs\/question.glif","\/omnia.ufo\/glyphs\/questiondown.glif":"\/omnia.ufo\/glyphs\/questiondown.glif","\/omnia.ufo\/glyphs\/quotedblbase.glif":"\/omnia.ufo\/glyphs\/quotedblbase.glif","\/omnia.ufo\/glyphs\/quotedblleft.glif":"\/omnia.ufo\/glyphs\/quotedblleft.glif","\/omnia.ufo\/glyphs\/quotedblright.glif":"\/omnia.ufo\/glyphs\/quotedblright.glif","\/omnia.ufo\/glyphs\/quoteleft.glif":"\/omnia.ufo\/glyphs\/quoteleft.glif","\/omnia.ufo\/glyphs\/quoteright.glif":"\/omnia.ufo\/glyphs\/quoteright.glif","\/omnia.ufo\/glyphs\/quotesinglbase.glif":"\/omnia.ufo\/glyphs\/quotesinglbase.glif","\/omnia.ufo\/glyphs\/r.glif":"\/omnia.ufo\/glyphs\/r.glif","\/omnia.ufo\/glyphs\/registered.glif":"\/omnia.ufo\/glyphs\/registered.glif","\/omnia.ufo\/glyphs\/ring.glif":"\/omnia.ufo\/glyphs\/ring.glif","\/omnia.ufo\/glyphs\/s.glif":"\/omnia.ufo\/glyphs\/s.glif","\/omnia.ufo\/glyphs\/scaron.glif":"\/omnia.ufo\/glyphs\/scaron.glif","\/omnia.ufo\/glyphs\/section.glif":"\/omnia.ufo\/glyphs\/section.glif","\/omnia.ufo\/glyphs\/semicolon.glif":"\/omnia.ufo\/glyphs\/semicolon.glif","\/omnia.ufo\/glyphs\/seven.glif":"\/omnia.ufo\/glyphs\/seven.glif","\/omnia.ufo\/glyphs\/six.glif":"\/omnia.ufo\/glyphs\/six.glif","\/omnia.ufo\/glyphs\/slash.glif":"\/omnia.ufo\/glyphs\/slash.glif","\/omnia.ufo\/glyphs\/space.glif":"\/omnia.ufo\/glyphs\/space.glif","\/omnia.ufo\/glyphs\/sterling.glif":"\/omnia.ufo\/glyphs\/sterling.glif","\/omnia.ufo\/glyphs\/t.glif":"\/omnia.ufo\/glyphs\/t.glif","\/omnia.ufo\/glyphs\/thorn.glif":"\/omnia.ufo\/glyphs\/thorn.glif","\/omnia.ufo\/glyphs\/three.glif":"\/omnia.ufo\/glyphs\/three.glif","\/omnia.ufo\/glyphs\/threesuperior.glif":"\/omnia.ufo\/glyphs\/threesuperior.glif","\/omnia.ufo\/glyphs\/tilde.glif":"\/omnia.ufo\/glyphs\/tilde.glif","\/omnia.ufo\/glyphs\/trademark.glif":"\/omnia.ufo\/glyphs\/trademark.glif","\/omnia.ufo\/glyphs\/two.glif":"\/omnia.ufo\/glyphs\/two.glif","\/omnia.ufo\/glyphs\/twosuperior.glif":"\/omnia.ufo\/glyphs\/twosuperior.glif","\/omnia.ufo\/glyphs\/u.glif":"\/omnia.ufo\/glyphs\/u.glif","\/omnia.ufo\/glyphs\/uacute.glif":"\/omnia.ufo\/glyphs\/uacute.glif","\/omnia.ufo\/glyphs\/ucircumflex.glif":"\/omnia.ufo\/glyphs\/ucircumflex.glif","\/omnia.ufo\/glyphs\/udieresis.glif":"\/omnia.ufo\/glyphs\/udieresis.glif","\/omnia.ufo\/glyphs\/ugrave.glif":"\/omnia.ufo\/glyphs\/ugrave.glif","\/omnia.ufo\/glyphs\/underscore.glif":"\/omnia.ufo\/glyphs\/underscore.glif","\/omnia.ufo\/glyphs\/v.glif":"\/omnia.ufo\/glyphs\/v.glif","\/omnia.ufo\/glyphs\/w.glif":"\/omnia.ufo\/glyphs\/w.glif","\/omnia.ufo\/glyphs\/x.glif":"\/omnia.ufo\/glyphs\/x.glif","\/omnia.ufo\/glyphs\/y.glif":"\/omnia.ufo\/glyphs\/y.glif","\/omnia.ufo\/glyphs\/yacute.glif":"\/omnia.ufo\/glyphs\/yacute.glif","\/omnia.ufo\/glyphs\/ydieresis.glif":"\/omnia.ufo\/glyphs\/ydieresis.glif","\/omnia.ufo\/glyphs\/yen.glif":"\/omnia.ufo\/glyphs\/yen.glif","\/omnia.ufo\/glyphs\/z.glif":"\/omnia.ufo\/glyphs\/z.glif","\/omnia.ufo\/glyphs\/zcaron.glif":"\/omnia.ufo\/glyphs\/zcaron.glif","\/omnia.ufo\/glyphs\/zero.glif":"\/omnia.ufo\/glyphs\/zero.glif"},"Font":{"uploaded":1471176895.6315,"licence":"gpl3","company":"Chronolabs Cooperative","title":"Omnia","version":3.002,"date":"Fri Aug 12 10:03:44 2016","creator":"root","type":"1","matrix":"0.001 0 0 0.001 0 0","named":"Omnia","painttype":"0","info":"10 dict dup","name":"Omnia","family":"Omnia","weight":"Roman","fstype":"0","italicangle":"0","underlineposition":"","underlinethickness":""},"Licences":{"":false},"Table":{"FFTM":{"entryLength":16,"tag":"FFTM","checksum":1944367696,"offset":28576,"length":28},"GDEF":{"entryLength":16,"tag":"GDEF","checksum":16515078,"offset":28544,"length":32},"OS\/2":{"entryLength":16,"tag":"OS\/2","checksum":1455626729,"offset":344,"length":86},"cmap":{"entryLength":16,"tag":"cmap","checksum":2570816365,"offset":1260,"length":666},"gasp":{"entryLength":16,"tag":"gasp","checksum":4294901763,"offset":28536,"length":8},"glyf":{"entryLength":16,"tag":"glyf","checksum":609495515,"offset":2344,"length":24956},"head":{"entryLength":16,"tag":"head","checksum":177496764,"offset":220,"length":54},"hhea":{"entryLength":16,"tag":"hhea","checksum":112329785,"offset":276,"length":36},"hmtx":{"entryLength":16,"tag":"hmtx","checksum":3128497008,"offset":432,"length":828},"loca":{"entryLength":16,"tag":"loca","checksum":1820820716,"offset":1928,"length":416},"maxp":{"entryLength":16,"tag":"maxp","checksum":18350191,"offset":312,"length":32},"name":{"entryLength":16,"tag":"name","checksum":3844390511,"offset":27300,"length":786},"post":{"entryLength":16,"tag":"post","checksum":816787780,"offset":28088,"length":448}},"UnicodeCharMap":{"32":3,"33":4,"36":5,"37":6,"38":7,"40":8,"41":9,"42":10,"44":11,"45":12,"46":13,"47":14,"48":15,"49":16,"50":17,"51":18,"52":19,"53":20,"54":21,"55":22,"56":23,"57":24,"58":25,"59":26,"63":27,"65":28,"66":29,"67":30,"68":31,"69":32,"70":33,"71":34,"72":35,"73":36,"74":37,"75":38,"76":39,"77":40,"78":41,"79":42,"80":43,"81":44,"82":45,"83":46,"84":47,"85":48,"86":49,"87":50,"88":51,"89":52,"90":53,"91":54,"93":55,"95":56,"96":57,"97":58,"98":59,"99":60,"100":61,"101":62,"102":63,"103":64,"104":65,"105":66,"106":67,"107":68,"108":69,"109":70,"110":71,"111":72,"112":73,"113":74,"114":75,"115":76,"116":77,"117":78,"118":79,"119":80,"120":81,"121":82,"122":83,"123":84,"125":85,"161":86,"162":87,"163":88,"165":89,"167":90,"168":91,"169":92,"170":93,"171":94,"174":95,"175":96,"178":97,"179":98,"180":99,"183":101,"184":102,"185":103,"186":104,"187":105,"191":106,"192":107,"193":108,"194":109,"195":110,"196":111,"197":112,"198":113,"199":114,"200":115,"201":116,"202":117,"203":118,"204":119,"205":120,"206":121,"207":122,"208":123,"209":124,"210":125,"211":126,"212":127,"213":128,"214":129,"216":130,"217":131,"218":132,"219":133,"220":134,"221":135,"222":136,"223":137,"224":138,"225":139,"226":140,"227":141,"228":142,"229":143,"230":144,"231":145,"232":146,"233":147,"234":148,"235":149,"236":150,"237":151,"238":152,"239":153,"240":154,"241":155,"242":156,"243":157,"244":158,"245":159,"246":160,"248":161,"249":162,"250":163,"251":164,"252":165,"253":166,"254":167,"255":168,"305":198,"321":196,"322":199,"338":197,"339":200,"352":202,"353":205,"376":203,"381":204,"382":206,"402":172,"710":187,"711":194,"728":189,"729":190,"730":191,"731":193,"732":188,"733":192,"956":100,"8211":178,"8212":195,"8216":170,"8217":169,"8218":182,"8220":173,"8221":184,"8222":183,"8224":179,"8225":180,"8226":181,"8230":185,"8240":186,"8249":174,"8250":175,"8260":171,"8482":201,"64257":176,"64258":177},"Reserves":{"fontname":"Omnia"},"Names":{"Omnia":{"name":"Omnia","longitude":"0.00000001","latitude":"0.00000001","country":"","region":"","city":""}},"Nodes":{"om":{"type":"typal","node":"om","usage":1,"weight":1},"ia":{"type":"typal","node":"ia","usage":1,"weight":1},"omn":{"type":"typal","node":"omn","usage":1,"weight":1},"nia":{"type":"typal","node":"nia","usage":1,"weight":1},"omni":{"type":"keys","node":"omni","usage":1,"weight":1},"mnia":{"type":"keys","node":"mnia","usage":1,"weight":1},"omnia":{"type":"fixes","node":"omnia","usage":1,"weight":1}},"Contributors":[],"FontIdentity":"wagovau:6a46f70a1179892bbe1cf958","Bytes":null,"Networking":[],"barcode":"12oao3koyeosei","referee":"scu75"}