{"CSS":{"OPTIModern-Blackletter":"OPTIModern-Blackletter.css"},"FontType":"TrueType","FontCopyright":"1.2, Copyright Copr. Castcraft Software, Inc. 1990-1991.","FontName":"OPTIModern","FontSubfamily":"Blackletter","FontSubfamilyID":"FontForge 2.0 : OPTIModern-Blackletter : 24-12-2016","FontFullName":"OPTIModern Blackletter","FontVersion":"Version 001.000 ","FontWeight":null,"FontPostscriptName":"OPTIModern-Blackletter","Files":{"optimodern-blackletter.afm":"optimodern-blackletter.afm","optimodern-blackletter.bin":"optimodern-blackletter.bin","optimodern-blackletter.cef":"optimodern-blackletter.cef","optimodern-blackletter.cff":"optimodern-blackletter.cff","optimodern-blackletter.cid":"optimodern-blackletter.cid","optimodern-blackletter.dfont":"optimodern-blackletter.dfont","optimodern-blackletter.eot":"optimodern-blackletter.eot","optimodern-blackletter.fon":"optimodern-blackletter.fon","optimodern-blackletter.gai":"optimodern-blackletter.gai","optimodern-blackletter.gsf":"optimodern-blackletter.gsf","optimodern-blackletter.hqx":"optimodern-blackletter.hqx","optimodern-blackletter.ik":"optimodern-blackletter.ik","optimodern-blackletter.mf":"optimodern-blackletter.mf","optimodern-blackletter.otf":"optimodern-blackletter.otf","optimodern-blackletter.pcf":"optimodern-blackletter.pcf","optimodern-blackletter.pf3":"optimodern-blackletter.pf3","optimodern-blackletter.pfa":"optimodern-blackletter.pfa","optimodern-blackletter.pfb":"optimodern-blackletter.pfb","optimodern-blackletter.php":"optimodern-blackletter.php","optimodern-blackletter.pmf":"optimodern-blackletter.pmf","optimodern-blackletter.pt3":"optimodern-blackletter.pt3","optimodern-blackletter.sfd":"optimodern-blackletter.sfd","optimodern-blackletter.svg":"optimodern-blackletter.svg","optimodern-blackletter.t42":"optimodern-blackletter.t42","optimodern-blackletter.ttd":"optimodern-blackletter.ttd","optimodern-blackletter.ttf":"optimodern-blackletter.ttf","optimodern-blackletter.ttg":"optimodern-blackletter.ttg","optimodern-blackletter.ufm":"optimodern-blackletter.ufm","optimodern-blackletter.woff":"optimodern-blackletter.woff","optimodern-blackletter.z":"optimodern-blackletter.z","":{"optimodern-blackletter.afm":"optimodern-blackletter.afm","optimodern-blackletter.bin":"optimodern-blackletter.bin","optimodern-blackletter.cef":"optimodern-blackletter.cef","optimodern-blackletter.cff":"optimodern-blackletter.cff","optimodern-blackletter.cid":"optimodern-blackletter.cid","optimodern-blackletter.dfont":"optimodern-blackletter.dfont","optimodern-blackletter.eot":"optimodern-blackletter.eot","optimodern-blackletter.fon":"optimodern-blackletter.fon","optimodern-blackletter.gai":"optimodern-blackletter.gai","optimodern-blackletter.gsf":"optimodern-blackletter.gsf","optimodern-blackletter.hqx":"optimodern-blackletter.hqx","optimodern-blackletter.ik":"optimodern-blackletter.ik","optimodern-blackletter.mf":"optimodern-blackletter.mf","optimodern-blackletter.otf":"optimodern-blackletter.otf","optimodern-blackletter.pcf":"optimodern-blackletter.pcf","optimodern-blackletter.pf3":"optimodern-blackletter.pf3","optimodern-blackletter.pfa":"optimodern-blackletter.pfa","optimodern-blackletter.pfb":"optimodern-blackletter.pfb","optimodern-blackletter.php":"optimodern-blackletter.php","optimodern-blackletter.pmf":"optimodern-blackletter.pmf","optimodern-blackletter.pt3":"optimodern-blackletter.pt3","optimodern-blackletter.sfd":"optimodern-blackletter.sfd","optimodern-blackletter.svg":"optimodern-blackletter.svg","optimodern-blackletter.t42":"optimodern-blackletter.t42","optimodern-blackletter.ttd":"optimodern-blackletter.ttd","optimodern-blackletter.ttf":"optimodern-blackletter.ttf","optimodern-blackletter.ttg":"optimodern-blackletter.ttg","optimodern-blackletter.ufm":"optimodern-blackletter.ufm","optimodern-blackletter.woff":"optimodern-blackletter.woff","optimodern-blackletter.z":"optimodern-blackletter.z"},"\/optimodern-blackletter.ufo":{"feature.fea":"feature.fea","fontinfo.plist":"fontinfo.plist","groups.plist":"groups.plist","kerning.plist":"kerning.plist","metainfo.plist":"metainfo.plist"},"\/optimodern-blackletter.ufo\/glyphs":{"A_.glif":"A_.glif","A_E_.glif":"A_E_.glif","A_acute.glif":"A_acute.glif","A_circumflex.glif":"A_circumflex.glif","A_dieresis.glif":"A_dieresis.glif","A_grave.glif":"A_grave.glif","A_ring.glif":"A_ring.glif","A_tilde.glif":"A_tilde.glif","B_.glif":"B_.glif","C_.glif":"C_.glif","C_cedilla.glif":"C_cedilla.glif","D_.glif":"D_.glif","E_.glif":"E_.glif","E_acute.glif":"E_acute.glif","E_circumflex.glif":"E_circumflex.glif","E_dieresis.glif":"E_dieresis.glif","E_grave.glif":"E_grave.glif","F_.glif":"F_.glif","G_.glif":"G_.glif","H_.glif":"H_.glif","I_.glif":"I_.glif","I_acute.glif":"I_acute.glif","I_circumflex.glif":"I_circumflex.glif","I_dieresis.glif":"I_dieresis.glif","I_grave.glif":"I_grave.glif","J_.glif":"J_.glif","K_.glif":"K_.glif","L_.glif":"L_.glif","M_.glif":"M_.glif","N_.glif":"N_.glif","N_tilde.glif":"N_tilde.glif","O_.glif":"O_.glif","O_E_.glif":"O_E_.glif","O_acute.glif":"O_acute.glif","O_circumflex.glif":"O_circumflex.glif","O_dieresis.glif":"O_dieresis.glif","O_grave.glif":"O_grave.glif","O_slash.glif":"O_slash.glif","O_tilde.glif":"O_tilde.glif","P_.glif":"P_.glif","Q_.glif":"Q_.glif","R_.glif":"R_.glif","S_.glif":"S_.glif","T_.glif":"T_.glif","U_.glif":"U_.glif","U_acute.glif":"U_acute.glif","U_circumflex.glif":"U_circumflex.glif","U_dieresis.glif":"U_dieresis.glif","U_grave.glif":"U_grave.glif","V_.glif":"V_.glif","W_.glif":"W_.glif","X_.glif":"X_.glif","Y_.glif":"Y_.glif","Y_dieresis.glif":"Y_dieresis.glif","Z_.glif":"Z_.glif","a.glif":"a.glif","aacute.glif":"aacute.glif","acircumflex.glif":"acircumflex.glif","acute.glif":"acute.glif","adieresis.glif":"adieresis.glif","ae.glif":"ae.glif","agrave.glif":"agrave.glif","ampersand.glif":"ampersand.glif","aring.glif":"aring.glif","asciicircum.glif":"asciicircum.glif","asciitilde.glif":"asciitilde.glif","asterisk.glif":"asterisk.glif","at.glif":"at.glif","atilde.glif":"atilde.glif","b.glif":"b.glif","backslash.glif":"backslash.glif","bar.glif":"bar.glif","braceleft.glif":"braceleft.glif","braceright.glif":"braceright.glif","bracketleft.glif":"bracketleft.glif","bracketright.glif":"bracketright.glif","bullet.glif":"bullet.glif","c.glif":"c.glif","ccedilla.glif":"ccedilla.glif","cent.glif":"cent.glif","circumflex.glif":"circumflex.glif","colon.glif":"colon.glif","comma.glif":"comma.glif","contents.plist":"contents.plist","copyright.glif":"copyright.glif","d.glif":"d.glif","dieresis.glif":"dieresis.glif","dollar.glif":"dollar.glif","dotlessi.glif":"dotlessi.glif","e.glif":"e.glif","eacute.glif":"eacute.glif","ecircumflex.glif":"ecircumflex.glif","edieresis.glif":"edieresis.glif","egrave.glif":"egrave.glif","eight.glif":"eight.glif","emdash.glif":"emdash.glif","endash.glif":"endash.glif","equal.glif":"equal.glif","exclam.glif":"exclam.glif","f.glif":"f.glif","five.glif":"five.glif","four.glif":"four.glif","fraction.glif":"fraction.glif","g.glif":"g.glif","germandbls.glif":"germandbls.glif","grave.glif":"grave.glif","greater.glif":"greater.glif","h.glif":"h.glif","hyphen.glif":"hyphen.glif","i.glif":"i.glif","iacute.glif":"iacute.glif","icircumflex.glif":"icircumflex.glif","idieresis.glif":"idieresis.glif","igrave.glif":"igrave.glif","infinity.glif":"infinity.glif","j.glif":"j.glif","k.glif":"k.glif","l.glif":"l.glif","less.glif":"less.glif","m.glif":"m.glif","n.glif":"n.glif","nine.glif":"nine.glif","ntilde.glif":"ntilde.glif","numbersign.glif":"numbersign.glif","o.glif":"o.glif","oacute.glif":"oacute.glif","ocircumflex.glif":"ocircumflex.glif","odieresis.glif":"odieresis.glif","oe.glif":"oe.glif","ograve.glif":"ograve.glif","one.glif":"one.glif","oslash.glif":"oslash.glif","otilde.glif":"otilde.glif","p.glif":"p.glif","parenleft.glif":"parenleft.glif","parenright.glif":"parenright.glif","percent.glif":"percent.glif","period.glif":"period.glif","periodcentered.glif":"periodcentered.glif","plus.glif":"plus.glif","q.glif":"q.glif","question.glif":"question.glif","quotedbl.glif":"quotedbl.glif","quotedblleft.glif":"quotedblleft.glif","quotedblright.glif":"quotedblright.glif","quoteleft.glif":"quoteleft.glif","quoteright.glif":"quoteright.glif","quotesingle.glif":"quotesingle.glif","r.glif":"r.glif","radical.glif":"radical.glif","registered.glif":"registered.glif","ring.glif":"ring.glif","s.glif":"s.glif","semicolon.glif":"semicolon.glif","seven.glif":"seven.glif","six.glif":"six.glif","slash.glif":"slash.glif","space.glif":"space.glif","sterling.glif":"sterling.glif","t.glif":"t.glif","three.glif":"three.glif","tilde.glif":"tilde.glif","trademark.glif":"trademark.glif","two.glif":"two.glif","u.glif":"u.glif","uacute.glif":"uacute.glif","ucircumflex.glif":"ucircumflex.glif","udieresis.glif":"udieresis.glif","ugrave.glif":"ugrave.glif","underscore.glif":"underscore.glif","v.glif":"v.glif","w.glif":"w.glif","x.glif":"x.glif","y.glif":"y.glif","ydieresis.glif":"ydieresis.glif","z.glif":"z.glif","zero.glif":"zero.glif"}},"Font":{"uploaded":1482517427.818,"licence":"gpl3","company":"Chronolabs Cooperative","title":"OPTIModern Blackletter","version":2.001,"date":"Fri Aug 12 10:03:36 2016","creator":"root","type":"1","matrix":"0.001 0 0 0.001 0 0","named":"OPTIModern-Blackletter","painttype":"0","info":"10 dict dup","name":"OPTIModern-Blackletter","family":"OPTIModern","weight":"Medium","fstype":"0","italicangle":"0","underlineposition":"","underlinethickness":""},"Table":{"FFTM":{"entryLength":16,"tag":"FFTM","checksum":1944266880,"offset":31092,"length":28},"GDEF":{"entryLength":16,"tag":"GDEF","checksum":14680070,"offset":31060,"length":32},"OS\/2":{"entryLength":16,"tag":"OS\/2","checksum":1487799957,"offset":344,"length":86},"cmap":{"entryLength":16,"tag":"cmap","checksum":2225015071,"offset":1148,"length":546},"gasp":{"entryLength":16,"tag":"gasp","checksum":4294901763,"offset":31052,"length":8},"glyf":{"entryLength":16,"tag":"glyf","checksum":229937810,"offset":2056,"length":27844},"head":{"entryLength":16,"tag":"head","checksum":205880422,"offset":220,"length":54},"hhea":{"entryLength":16,"tag":"hhea","checksum":140379008,"offset":276,"length":36},"hmtx":{"entryLength":16,"tag":"hmtx","checksum":1777476477,"offset":432,"length":716},"loca":{"entryLength":16,"tag":"loca","checksum":729368292,"offset":1696,"length":360},"maxp":{"entryLength":16,"tag":"maxp","checksum":16384130,"offset":312,"length":32},"name":{"entryLength":16,"tag":"name","checksum":1032122555,"offset":29900,"length":759},"post":{"entryLength":16,"tag":"post","checksum":565977614,"offset":30660,"length":392}},"UnicodeCharMap":{"32":3,"33":4,"34":5,"35":6,"36":7,"37":8,"38":9,"39":10,"40":11,"41":12,"42":13,"43":14,"44":15,"45":16,"46":17,"47":18,"48":19,"49":20,"50":21,"51":22,"52":23,"53":24,"54":25,"55":26,"56":27,"57":28,"58":29,"59":30,"60":31,"61":32,"62":33,"63":34,"64":35,"65":36,"66":37,"67":38,"68":39,"69":40,"70":41,"71":42,"72":43,"73":44,"74":45,"75":46,"76":47,"77":48,"78":49,"79":50,"80":51,"81":52,"82":53,"83":54,"84":55,"85":56,"86":57,"87":58,"88":59,"89":60,"90":61,"91":62,"92":63,"93":64,"94":65,"95":66,"96":67,"97":68,"98":69,"99":70,"100":71,"101":72,"102":73,"103":74,"104":75,"105":76,"106":77,"107":78,"108":79,"109":80,"110":81,"111":82,"112":83,"113":84,"114":85,"115":86,"116":87,"117":88,"118":89,"119":90,"120":91,"121":92,"122":93,"123":94,"124":95,"125":96,"126":97,"162":98,"163":99,"168":100,"169":101,"174":102,"180":103,"183":104,"192":105,"193":106,"194":107,"195":108,"196":109,"197":110,"198":111,"199":112,"200":113,"201":114,"202":115,"203":116,"204":117,"205":118,"206":119,"207":120,"209":121,"210":122,"211":123,"212":124,"213":125,"214":126,"216":127,"217":128,"218":129,"219":130,"220":131,"223":132,"224":133,"225":134,"226":135,"227":136,"228":137,"229":138,"230":139,"231":140,"232":141,"233":142,"234":143,"235":144,"236":145,"237":146,"238":147,"239":148,"241":149,"242":150,"243":151,"244":152,"245":153,"246":154,"248":155,"249":156,"250":157,"251":158,"252":159,"255":160,"305":173,"338":172,"339":174,"376":178,"710":168,"730":170,"732":169,"8211":165,"8212":171,"8216":162,"8217":161,"8220":164,"8221":167,"8226":166,"8260":163,"8482":175,"8730":177,"8734":176},"Reserves":null,"Names":[],"Nodes":{"op":{"type":"typal","node":"op","usage":1,"weight":1},"rn":{"type":"typal","node":"rn","usage":1,"weight":1},"opt":{"type":"typal","node":"opt","usage":1,"weight":1},"ern":{"type":"typal","node":"ern","usage":1,"weight":1},"opti":{"type":"keys","node":"opti","usage":1,"weight":1},"dern":{"type":"keys","node":"dern","usage":1,"weight":1},"optim":{"type":"keys","node":"optim","usage":1,"weight":1},"odern":{"type":"keys","node":"odern","usage":1,"weight":1},"optimodern":{"type":"fixes","node":"optimodern","usage":1,"weight":1}},"Contributors":[],"FontIdentity":"af9fcbd972100b0a8e5bb1ace7b2e805","Bytes":2624655,"Networking":[],"barcode":"yqiuaouca7aw4","referee":"4GOA4au"}