{"CSS":{"Lletraparits":"Lletraparits.css"},"FontType":"TrueType","FontCopyright":"(c) Joan M. Mas, 2000 -a dingbat made only with type characters.","FontName":"Lletraparits","FontSubfamily":"Medium","FontSubfamilyID":"FontForge 2.0 : Lletraparits : 14-8-2016","FontFullName":"Lletraparits","FontVersion":"Version 1 ","FontWeight":null,"FontPostscriptName":"Lletraparits","Files":{"\/fonts\/Unpacking\/d2d0558b047a16486e697c67d91f86ae347a22bd\/lletraparits.afm":"\/fonts\/Unpacking\/d2d0558b047a16486e697c67d91f86ae347a22bd\/lletraparits.afm","\/fonts\/Unpacking\/d2d0558b047a16486e697c67d91f86ae347a22bd\/lletraparits.bin":"\/fonts\/Unpacking\/d2d0558b047a16486e697c67d91f86ae347a22bd\/lletraparits.bin","\/fonts\/Unpacking\/d2d0558b047a16486e697c67d91f86ae347a22bd\/lletraparits.cef":"\/fonts\/Unpacking\/d2d0558b047a16486e697c67d91f86ae347a22bd\/lletraparits.cef","\/fonts\/Unpacking\/d2d0558b047a16486e697c67d91f86ae347a22bd\/lletraparits.cff":"\/fonts\/Unpacking\/d2d0558b047a16486e697c67d91f86ae347a22bd\/lletraparits.cff","\/fonts\/Unpacking\/d2d0558b047a16486e697c67d91f86ae347a22bd\/lletraparits.cid":"\/fonts\/Unpacking\/d2d0558b047a16486e697c67d91f86ae347a22bd\/lletraparits.cid","\/fonts\/Unpacking\/d2d0558b047a16486e697c67d91f86ae347a22bd\/lletraparits.dfont":"\/fonts\/Unpacking\/d2d0558b047a16486e697c67d91f86ae347a22bd\/lletraparits.dfont","\/fonts\/Unpacking\/d2d0558b047a16486e697c67d91f86ae347a22bd\/lletraparits.eot":"\/fonts\/Unpacking\/d2d0558b047a16486e697c67d91f86ae347a22bd\/lletraparits.eot","\/fonts\/Unpacking\/d2d0558b047a16486e697c67d91f86ae347a22bd\/lletraparits.fon":"\/fonts\/Unpacking\/d2d0558b047a16486e697c67d91f86ae347a22bd\/lletraparits.fon","\/fonts\/Unpacking\/d2d0558b047a16486e697c67d91f86ae347a22bd\/lletraparits.gai":"\/fonts\/Unpacking\/d2d0558b047a16486e697c67d91f86ae347a22bd\/lletraparits.gai","\/fonts\/Unpacking\/d2d0558b047a16486e697c67d91f86ae347a22bd\/lletraparits.gsf":"\/fonts\/Unpacking\/d2d0558b047a16486e697c67d91f86ae347a22bd\/lletraparits.gsf","\/fonts\/Unpacking\/d2d0558b047a16486e697c67d91f86ae347a22bd\/lletraparits.hqx":"\/fonts\/Unpacking\/d2d0558b047a16486e697c67d91f86ae347a22bd\/lletraparits.hqx","\/fonts\/Unpacking\/d2d0558b047a16486e697c67d91f86ae347a22bd\/lletraparits.ik":"\/fonts\/Unpacking\/d2d0558b047a16486e697c67d91f86ae347a22bd\/lletraparits.ik","\/fonts\/Unpacking\/d2d0558b047a16486e697c67d91f86ae347a22bd\/lletraparits.mf":"\/fonts\/Unpacking\/d2d0558b047a16486e697c67d91f86ae347a22bd\/lletraparits.mf","\/fonts\/Unpacking\/d2d0558b047a16486e697c67d91f86ae347a22bd\/lletraparits.otf":"\/fonts\/Unpacking\/d2d0558b047a16486e697c67d91f86ae347a22bd\/lletraparits.otf","\/fonts\/Unpacking\/d2d0558b047a16486e697c67d91f86ae347a22bd\/lletraparits.pcf":"\/fonts\/Unpacking\/d2d0558b047a16486e697c67d91f86ae347a22bd\/lletraparits.pcf","\/fonts\/Unpacking\/d2d0558b047a16486e697c67d91f86ae347a22bd\/lletraparits.pf3":"\/fonts\/Unpacking\/d2d0558b047a16486e697c67d91f86ae347a22bd\/lletraparits.pf3","\/fonts\/Unpacking\/d2d0558b047a16486e697c67d91f86ae347a22bd\/lletraparits.pfa":"\/fonts\/Unpacking\/d2d0558b047a16486e697c67d91f86ae347a22bd\/lletraparits.pfa","\/fonts\/Unpacking\/d2d0558b047a16486e697c67d91f86ae347a22bd\/lletraparits.pfb":"\/fonts\/Unpacking\/d2d0558b047a16486e697c67d91f86ae347a22bd\/lletraparits.pfb","\/fonts\/Unpacking\/d2d0558b047a16486e697c67d91f86ae347a22bd\/lletraparits.php":"\/fonts\/Unpacking\/d2d0558b047a16486e697c67d91f86ae347a22bd\/lletraparits.php","\/fonts\/Unpacking\/d2d0558b047a16486e697c67d91f86ae347a22bd\/lletraparits.pmf":"\/fonts\/Unpacking\/d2d0558b047a16486e697c67d91f86ae347a22bd\/lletraparits.pmf","\/fonts\/Unpacking\/d2d0558b047a16486e697c67d91f86ae347a22bd\/lletraparits.pt3":"\/fonts\/Unpacking\/d2d0558b047a16486e697c67d91f86ae347a22bd\/lletraparits.pt3","\/fonts\/Unpacking\/d2d0558b047a16486e697c67d91f86ae347a22bd\/lletraparits.sfd":"\/fonts\/Unpacking\/d2d0558b047a16486e697c67d91f86ae347a22bd\/lletraparits.sfd","\/fonts\/Unpacking\/d2d0558b047a16486e697c67d91f86ae347a22bd\/lletraparits.svg":"\/fonts\/Unpacking\/d2d0558b047a16486e697c67d91f86ae347a22bd\/lletraparits.svg","\/fonts\/Unpacking\/d2d0558b047a16486e697c67d91f86ae347a22bd\/lletraparits.t42":"\/fonts\/Unpacking\/d2d0558b047a16486e697c67d91f86ae347a22bd\/lletraparits.t42","\/fonts\/Unpacking\/d2d0558b047a16486e697c67d91f86ae347a22bd\/lletraparits.ttd":"\/fonts\/Unpacking\/d2d0558b047a16486e697c67d91f86ae347a22bd\/lletraparits.ttd","\/fonts\/Unpacking\/d2d0558b047a16486e697c67d91f86ae347a22bd\/lletraparits.ttf":"\/fonts\/Unpacking\/d2d0558b047a16486e697c67d91f86ae347a22bd\/lletraparits.ttf","\/fonts\/Unpacking\/d2d0558b047a16486e697c67d91f86ae347a22bd\/lletraparits.ttg":"\/fonts\/Unpacking\/d2d0558b047a16486e697c67d91f86ae347a22bd\/lletraparits.ttg","\/fonts\/Unpacking\/d2d0558b047a16486e697c67d91f86ae347a22bd\/lletraparits.ufm":"\/fonts\/Unpacking\/d2d0558b047a16486e697c67d91f86ae347a22bd\/lletraparits.ufm","\/fonts\/Unpacking\/d2d0558b047a16486e697c67d91f86ae347a22bd\/lletraparits.woff":"\/fonts\/Unpacking\/d2d0558b047a16486e697c67d91f86ae347a22bd\/lletraparits.woff","\/fonts\/Unpacking\/d2d0558b047a16486e697c67d91f86ae347a22bd\/lletraparits.z":"\/fonts\/Unpacking\/d2d0558b047a16486e697c67d91f86ae347a22bd\/lletraparits.z","\/fonts\/Unpacking\/d2d0558b047a16486e697c67d91f86ae347a22bd\/lletraparits.ufo\/feature.fea":"\/fonts\/Unpacking\/d2d0558b047a16486e697c67d91f86ae347a22bd\/lletraparits.ufo\/feature.fea","\/fonts\/Unpacking\/d2d0558b047a16486e697c67d91f86ae347a22bd\/lletraparits.ufo\/fontinfo.plist":"\/fonts\/Unpacking\/d2d0558b047a16486e697c67d91f86ae347a22bd\/lletraparits.ufo\/fontinfo.plist","\/fonts\/Unpacking\/d2d0558b047a16486e697c67d91f86ae347a22bd\/lletraparits.ufo\/groups.plist":"\/fonts\/Unpacking\/d2d0558b047a16486e697c67d91f86ae347a22bd\/lletraparits.ufo\/groups.plist","\/fonts\/Unpacking\/d2d0558b047a16486e697c67d91f86ae347a22bd\/lletraparits.ufo\/kerning.plist":"\/fonts\/Unpacking\/d2d0558b047a16486e697c67d91f86ae347a22bd\/lletraparits.ufo\/kerning.plist","\/fonts\/Unpacking\/d2d0558b047a16486e697c67d91f86ae347a22bd\/lletraparits.ufo\/metainfo.plist":"\/fonts\/Unpacking\/d2d0558b047a16486e697c67d91f86ae347a22bd\/lletraparits.ufo\/metainfo.plist","\/fonts\/Unpacking\/d2d0558b047a16486e697c67d91f86ae347a22bd\/lletraparits.ufo\/glyphs\/_null.glif":"\/fonts\/Unpacking\/d2d0558b047a16486e697c67d91f86ae347a22bd\/lletraparits.ufo\/glyphs\/_null.glif","\/fonts\/Unpacking\/d2d0558b047a16486e697c67d91f86ae347a22bd\/lletraparits.ufo\/glyphs\/a.glif":"\/fonts\/Unpacking\/d2d0558b047a16486e697c67d91f86ae347a22bd\/lletraparits.ufo\/glyphs\/a.glif","\/fonts\/Unpacking\/d2d0558b047a16486e697c67d91f86ae347a22bd\/lletraparits.ufo\/glyphs\/b.glif":"\/fonts\/Unpacking\/d2d0558b047a16486e697c67d91f86ae347a22bd\/lletraparits.ufo\/glyphs\/b.glif","\/fonts\/Unpacking\/d2d0558b047a16486e697c67d91f86ae347a22bd\/lletraparits.ufo\/glyphs\/c.glif":"\/fonts\/Unpacking\/d2d0558b047a16486e697c67d91f86ae347a22bd\/lletraparits.ufo\/glyphs\/c.glif","\/fonts\/Unpacking\/d2d0558b047a16486e697c67d91f86ae347a22bd\/lletraparits.ufo\/glyphs\/contents.plist":"\/fonts\/Unpacking\/d2d0558b047a16486e697c67d91f86ae347a22bd\/lletraparits.ufo\/glyphs\/contents.plist","\/fonts\/Unpacking\/d2d0558b047a16486e697c67d91f86ae347a22bd\/lletraparits.ufo\/glyphs\/d.glif":"\/fonts\/Unpacking\/d2d0558b047a16486e697c67d91f86ae347a22bd\/lletraparits.ufo\/glyphs\/d.glif","\/fonts\/Unpacking\/d2d0558b047a16486e697c67d91f86ae347a22bd\/lletraparits.ufo\/glyphs\/e.glif":"\/fonts\/Unpacking\/d2d0558b047a16486e697c67d91f86ae347a22bd\/lletraparits.ufo\/glyphs\/e.glif","\/fonts\/Unpacking\/d2d0558b047a16486e697c67d91f86ae347a22bd\/lletraparits.ufo\/glyphs\/f.glif":"\/fonts\/Unpacking\/d2d0558b047a16486e697c67d91f86ae347a22bd\/lletraparits.ufo\/glyphs\/f.glif","\/fonts\/Unpacking\/d2d0558b047a16486e697c67d91f86ae347a22bd\/lletraparits.ufo\/glyphs\/g.glif":"\/fonts\/Unpacking\/d2d0558b047a16486e697c67d91f86ae347a22bd\/lletraparits.ufo\/glyphs\/g.glif","\/fonts\/Unpacking\/d2d0558b047a16486e697c67d91f86ae347a22bd\/lletraparits.ufo\/glyphs\/h.glif":"\/fonts\/Unpacking\/d2d0558b047a16486e697c67d91f86ae347a22bd\/lletraparits.ufo\/glyphs\/h.glif","\/fonts\/Unpacking\/d2d0558b047a16486e697c67d91f86ae347a22bd\/lletraparits.ufo\/glyphs\/i.glif":"\/fonts\/Unpacking\/d2d0558b047a16486e697c67d91f86ae347a22bd\/lletraparits.ufo\/glyphs\/i.glif","\/fonts\/Unpacking\/d2d0558b047a16486e697c67d91f86ae347a22bd\/lletraparits.ufo\/glyphs\/j.glif":"\/fonts\/Unpacking\/d2d0558b047a16486e697c67d91f86ae347a22bd\/lletraparits.ufo\/glyphs\/j.glif","\/fonts\/Unpacking\/d2d0558b047a16486e697c67d91f86ae347a22bd\/lletraparits.ufo\/glyphs\/k.glif":"\/fonts\/Unpacking\/d2d0558b047a16486e697c67d91f86ae347a22bd\/lletraparits.ufo\/glyphs\/k.glif","\/fonts\/Unpacking\/d2d0558b047a16486e697c67d91f86ae347a22bd\/lletraparits.ufo\/glyphs\/l.glif":"\/fonts\/Unpacking\/d2d0558b047a16486e697c67d91f86ae347a22bd\/lletraparits.ufo\/glyphs\/l.glif","\/fonts\/Unpacking\/d2d0558b047a16486e697c67d91f86ae347a22bd\/lletraparits.ufo\/glyphs\/m.glif":"\/fonts\/Unpacking\/d2d0558b047a16486e697c67d91f86ae347a22bd\/lletraparits.ufo\/glyphs\/m.glif","\/fonts\/Unpacking\/d2d0558b047a16486e697c67d91f86ae347a22bd\/lletraparits.ufo\/glyphs\/n.glif":"\/fonts\/Unpacking\/d2d0558b047a16486e697c67d91f86ae347a22bd\/lletraparits.ufo\/glyphs\/n.glif","\/fonts\/Unpacking\/d2d0558b047a16486e697c67d91f86ae347a22bd\/lletraparits.ufo\/glyphs\/nonmarkingreturn.glif":"\/fonts\/Unpacking\/d2d0558b047a16486e697c67d91f86ae347a22bd\/lletraparits.ufo\/glyphs\/nonmarkingreturn.glif","\/fonts\/Unpacking\/d2d0558b047a16486e697c67d91f86ae347a22bd\/lletraparits.ufo\/glyphs\/o.glif":"\/fonts\/Unpacking\/d2d0558b047a16486e697c67d91f86ae347a22bd\/lletraparits.ufo\/glyphs\/o.glif","\/fonts\/Unpacking\/d2d0558b047a16486e697c67d91f86ae347a22bd\/lletraparits.ufo\/glyphs\/p.glif":"\/fonts\/Unpacking\/d2d0558b047a16486e697c67d91f86ae347a22bd\/lletraparits.ufo\/glyphs\/p.glif","\/fonts\/Unpacking\/d2d0558b047a16486e697c67d91f86ae347a22bd\/lletraparits.ufo\/glyphs\/q.glif":"\/fonts\/Unpacking\/d2d0558b047a16486e697c67d91f86ae347a22bd\/lletraparits.ufo\/glyphs\/q.glif","\/fonts\/Unpacking\/d2d0558b047a16486e697c67d91f86ae347a22bd\/lletraparits.ufo\/glyphs\/r.glif":"\/fonts\/Unpacking\/d2d0558b047a16486e697c67d91f86ae347a22bd\/lletraparits.ufo\/glyphs\/r.glif","\/fonts\/Unpacking\/d2d0558b047a16486e697c67d91f86ae347a22bd\/lletraparits.ufo\/glyphs\/s.glif":"\/fonts\/Unpacking\/d2d0558b047a16486e697c67d91f86ae347a22bd\/lletraparits.ufo\/glyphs\/s.glif","\/fonts\/Unpacking\/d2d0558b047a16486e697c67d91f86ae347a22bd\/lletraparits.ufo\/glyphs\/space.glif":"\/fonts\/Unpacking\/d2d0558b047a16486e697c67d91f86ae347a22bd\/lletraparits.ufo\/glyphs\/space.glif","\/fonts\/Unpacking\/d2d0558b047a16486e697c67d91f86ae347a22bd\/lletraparits.ufo\/glyphs\/t.glif":"\/fonts\/Unpacking\/d2d0558b047a16486e697c67d91f86ae347a22bd\/lletraparits.ufo\/glyphs\/t.glif","\/fonts\/Unpacking\/d2d0558b047a16486e697c67d91f86ae347a22bd\/lletraparits.ufo\/glyphs\/u.glif":"\/fonts\/Unpacking\/d2d0558b047a16486e697c67d91f86ae347a22bd\/lletraparits.ufo\/glyphs\/u.glif","\/fonts\/Unpacking\/d2d0558b047a16486e697c67d91f86ae347a22bd\/lletraparits.ufo\/glyphs\/v.glif":"\/fonts\/Unpacking\/d2d0558b047a16486e697c67d91f86ae347a22bd\/lletraparits.ufo\/glyphs\/v.glif","\/fonts\/Unpacking\/d2d0558b047a16486e697c67d91f86ae347a22bd\/lletraparits.ufo\/glyphs\/w.glif":"\/fonts\/Unpacking\/d2d0558b047a16486e697c67d91f86ae347a22bd\/lletraparits.ufo\/glyphs\/w.glif","\/fonts\/Unpacking\/d2d0558b047a16486e697c67d91f86ae347a22bd\/lletraparits.ufo\/glyphs\/x.glif":"\/fonts\/Unpacking\/d2d0558b047a16486e697c67d91f86ae347a22bd\/lletraparits.ufo\/glyphs\/x.glif","\/fonts\/Unpacking\/d2d0558b047a16486e697c67d91f86ae347a22bd\/lletraparits.ufo\/glyphs\/y.glif":"\/fonts\/Unpacking\/d2d0558b047a16486e697c67d91f86ae347a22bd\/lletraparits.ufo\/glyphs\/y.glif","\/fonts\/Unpacking\/d2d0558b047a16486e697c67d91f86ae347a22bd\/lletraparits.ufo\/glyphs\/z.glif":"\/fonts\/Unpacking\/d2d0558b047a16486e697c67d91f86ae347a22bd\/lletraparits.ufo\/glyphs\/z.glif"},"Font":null,"Licences":{"":false},"Table":{"FFTM":{"entryLength":16,"tag":"FFTM","checksum":1944368972,"offset":53148,"length":28},"GDEF":{"entryLength":16,"tag":"GDEF","checksum":4915204,"offset":53116,"length":32},"OS\/2":{"entryLength":16,"tag":"OS\/2","checksum":1438998834,"offset":344,"length":86},"cmap":{"entryLength":16,"tag":"cmap","checksum":1923891386,"offset":552,"length":842},"gasp":{"entryLength":16,"tag":"gasp","checksum":4294901763,"offset":53108,"length":8},"glyf":{"entryLength":16,"tag":"glyf","checksum":138983999,"offset":1460,"length":50888},"head":{"entryLength":16,"tag":"head","checksum":166629397,"offset":220,"length":54},"hhea":{"entryLength":16,"tag":"hhea","checksum":112526330,"offset":276,"length":36},"hmtx":{"entryLength":16,"tag":"hmtx","checksum":1198064400,"offset":432,"length":120},"loca":{"entryLength":16,"tag":"loca","checksum":2570478762,"offset":1396,"length":62},"maxp":{"entryLength":16,"tag":"maxp","checksum":8586686,"offset":312,"length":32},"name":{"entryLength":16,"tag":"name","checksum":2471947146,"offset":52348,"length":663},"post":{"entryLength":16,"tag":"post","checksum":64816196,"offset":53012,"length":94}},"UnicodeCharMap":{"0":1,"13":2,"32":3,"97":4,"98":5,"99":6,"100":7,"101":8,"102":9,"103":10,"104":11,"105":12,"106":13,"107":14,"108":15,"109":16,"110":17,"111":18,"112":19,"113":20,"114":21,"115":22,"116":23,"117":24,"118":25,"119":26,"120":27,"121":28,"122":29},"Reserves":null,"Names":[],"Nodes":[],"Contributors":[],"FontIdentity":"14feb37e5d049455c656f452f320d5e4","Bytes":5566621,"Networking":null,"barcode":null,"referee":null}