{"CSS":{"EuropeDemi Italic":"EuropeDemi+Italic.css"},"FontType":"TrueType","FontCopyright":"Copyright (C) 1993; Type Market Ltd. Moscow, 119136, Box 20; phone:(095)2071022; Created by A.Kustov","FontName":"EuropeDemi","FontSubfamily":"Italic","FontSubfamilyID":"FontForge 2.0 : EuropeDemi Italic : 25-11-2016","FontFullName":"Europe Demi Italic","FontVersion":"Version 004.001 ","FontWeight":null,"FontPostscriptName":"EuropeDemi-Italic","Files":{"europedemi-italic.afm":"europedemi-italic.afm","europedemi-italic.bin":"europedemi-italic.bin","europedemi-italic.cef":"europedemi-italic.cef","europedemi-italic.cff":"europedemi-italic.cff","europedemi-italic.cid":"europedemi-italic.cid","europedemi-italic.dfont":"europedemi-italic.dfont","europedemi-italic.eot":"europedemi-italic.eot","europedemi-italic.fon":"europedemi-italic.fon","europedemi-italic.gai":"europedemi-italic.gai","europedemi-italic.gsf":"europedemi-italic.gsf","europedemi-italic.hqx":"europedemi-italic.hqx","europedemi-italic.ik":"europedemi-italic.ik","europedemi-italic.mf":"europedemi-italic.mf","europedemi-italic.otf":"europedemi-italic.otf","europedemi-italic.pcf":"europedemi-italic.pcf","europedemi-italic.pf3":"europedemi-italic.pf3","europedemi-italic.pfa":"europedemi-italic.pfa","europedemi-italic.pfb":"europedemi-italic.pfb","europedemi-italic.php":"europedemi-italic.php","europedemi-italic.pmf":"europedemi-italic.pmf","europedemi-italic.pt3":"europedemi-italic.pt3","europedemi-italic.sfd":"europedemi-italic.sfd","europedemi-italic.svg":"europedemi-italic.svg","europedemi-italic.t42":"europedemi-italic.t42","europedemi-italic.ttd":"europedemi-italic.ttd","europedemi-italic.ttf":"europedemi-italic.ttf","europedemi-italic.ttg":"europedemi-italic.ttg","europedemi-italic.ufm":"europedemi-italic.ufm","europedemi-italic.woff":"europedemi-italic.woff","europedemi-italic.z":"europedemi-italic.z","":{"europedemi-italic.afm":"europedemi-italic.afm","europedemi-italic.bin":"europedemi-italic.bin","europedemi-italic.cef":"europedemi-italic.cef","europedemi-italic.cff":"europedemi-italic.cff","europedemi-italic.cid":"europedemi-italic.cid","europedemi-italic.dfont":"europedemi-italic.dfont","europedemi-italic.eot":"europedemi-italic.eot","europedemi-italic.fon":"europedemi-italic.fon","europedemi-italic.gai":"europedemi-italic.gai","europedemi-italic.gsf":"europedemi-italic.gsf","europedemi-italic.hqx":"europedemi-italic.hqx","europedemi-italic.ik":"europedemi-italic.ik","europedemi-italic.mf":"europedemi-italic.mf","europedemi-italic.otf":"europedemi-italic.otf","europedemi-italic.pcf":"europedemi-italic.pcf","europedemi-italic.pf3":"europedemi-italic.pf3","europedemi-italic.pfa":"europedemi-italic.pfa","europedemi-italic.pfb":"europedemi-italic.pfb","europedemi-italic.php":"europedemi-italic.php","europedemi-italic.pmf":"europedemi-italic.pmf","europedemi-italic.pt3":"europedemi-italic.pt3","europedemi-italic.sfd":"europedemi-italic.sfd","europedemi-italic.svg":"europedemi-italic.svg","europedemi-italic.t42":"europedemi-italic.t42","europedemi-italic.ttd":"europedemi-italic.ttd","europedemi-italic.ttf":"europedemi-italic.ttf","europedemi-italic.ttg":"europedemi-italic.ttg","europedemi-italic.ufm":"europedemi-italic.ufm","europedemi-italic.woff":"europedemi-italic.woff","europedemi-italic.z":"europedemi-italic.z"},"\/europedemi-italic.ufo":{"feature.fea":"feature.fea","fontinfo.plist":"fontinfo.plist","groups.plist":"groups.plist","kerning.plist":"kerning.plist","metainfo.plist":"metainfo.plist"},"\/europedemi-italic.ufo\/glyphs":{"A_.glif":"A_.glif","B_.glif":"B_.glif","C_.glif":"C_.glif","D_.glif":"D_.glif","E_.glif":"E_.glif","F_.glif":"F_.glif","G_.glif":"G_.glif","H_.glif":"H_.glif","I_.glif":"I_.glif","J_.glif":"J_.glif","K_.glif":"K_.glif","L_.glif":"L_.glif","M_.glif":"M_.glif","N_.glif":"N_.glif","O_.glif":"O_.glif","P_.glif":"P_.glif","Q_.glif":"Q_.glif","R_.glif":"R_.glif","S_.glif":"S_.glif","T_.glif":"T_.glif","U_.glif":"U_.glif","V_.glif":"V_.glif","W_.glif":"W_.glif","X_.glif":"X_.glif","Y_.glif":"Y_.glif","Z_.glif":"Z_.glif","a.glif":"a.glif","afii10017.glif":"afii10017.glif","afii10018.glif":"afii10018.glif","afii10019.glif":"afii10019.glif","afii10020.glif":"afii10020.glif","afii10021.glif":"afii10021.glif","afii10022.glif":"afii10022.glif","afii10023.glif":"afii10023.glif","afii10024.glif":"afii10024.glif","afii10025.glif":"afii10025.glif","afii10026.glif":"afii10026.glif","afii10027.glif":"afii10027.glif","afii10028.glif":"afii10028.glif","afii10029.glif":"afii10029.glif","afii10030.glif":"afii10030.glif","afii10031.glif":"afii10031.glif","afii10032.glif":"afii10032.glif","afii10033.glif":"afii10033.glif","afii10034.glif":"afii10034.glif","afii10035.glif":"afii10035.glif","afii10036.glif":"afii10036.glif","afii10037.glif":"afii10037.glif","afii10038.glif":"afii10038.glif","afii10039.glif":"afii10039.glif","afii10040.glif":"afii10040.glif","afii10041.glif":"afii10041.glif","afii10042.glif":"afii10042.glif","afii10043.glif":"afii10043.glif","afii10044.glif":"afii10044.glif","afii10045.glif":"afii10045.glif","afii10046.glif":"afii10046.glif","afii10047.glif":"afii10047.glif","afii10048.glif":"afii10048.glif","afii10049.glif":"afii10049.glif","afii10050.glif":"afii10050.glif","afii10051.glif":"afii10051.glif","afii10052.glif":"afii10052.glif","afii10053.glif":"afii10053.glif","afii10054.glif":"afii10054.glif","afii10055.glif":"afii10055.glif","afii10056.glif":"afii10056.glif","afii10057.glif":"afii10057.glif","afii10058.glif":"afii10058.glif","afii10059.glif":"afii10059.glif","afii10060.glif":"afii10060.glif","afii10061.glif":"afii10061.glif","afii10062.glif":"afii10062.glif","afii10065.glif":"afii10065.glif","afii10066.glif":"afii10066.glif","afii10067.glif":"afii10067.glif","afii10068.glif":"afii10068.glif","afii10069.glif":"afii10069.glif","afii10070.glif":"afii10070.glif","afii10071.glif":"afii10071.glif","afii10072.glif":"afii10072.glif","afii10073.glif":"afii10073.glif","afii10074.glif":"afii10074.glif","afii10075.glif":"afii10075.glif","afii10076.glif":"afii10076.glif","afii10077.glif":"afii10077.glif","afii10078.glif":"afii10078.glif","afii10079.glif":"afii10079.glif","afii10080.glif":"afii10080.glif","afii10081.glif":"afii10081.glif","afii10082.glif":"afii10082.glif","afii10083.glif":"afii10083.glif","afii10084.glif":"afii10084.glif","afii10085.glif":"afii10085.glif","afii10086.glif":"afii10086.glif","afii10087.glif":"afii10087.glif","afii10088.glif":"afii10088.glif","afii10089.glif":"afii10089.glif","afii10090.glif":"afii10090.glif","afii10091.glif":"afii10091.glif","afii10092.glif":"afii10092.glif","afii10093.glif":"afii10093.glif","afii10094.glif":"afii10094.glif","afii10095.glif":"afii10095.glif","afii10096.glif":"afii10096.glif","afii10097.glif":"afii10097.glif","afii10098.glif":"afii10098.glif","afii10099.glif":"afii10099.glif","afii10100.glif":"afii10100.glif","afii10101.glif":"afii10101.glif","afii10102.glif":"afii10102.glif","afii10103.glif":"afii10103.glif","afii10104.glif":"afii10104.glif","afii10105.glif":"afii10105.glif","afii10106.glif":"afii10106.glif","afii10107.glif":"afii10107.glif","afii10108.glif":"afii10108.glif","afii10109.glif":"afii10109.glif","afii10110.glif":"afii10110.glif","afii10145.glif":"afii10145.glif","afii10193.glif":"afii10193.glif","afii61352.glif":"afii61352.glif","ampersand.glif":"ampersand.glif","asciicircum.glif":"asciicircum.glif","asciitilde.glif":"asciitilde.glif","asterisk.glif":"asterisk.glif","at.glif":"at.glif","b.glif":"b.glif","backslash.glif":"backslash.glif","bar.glif":"bar.glif","braceleft.glif":"braceleft.glif","braceright.glif":"braceright.glif","bracketleft.glif":"bracketleft.glif","bracketright.glif":"bracketright.glif","brokenbar.glif":"brokenbar.glif","bullet.glif":"bullet.glif","c.glif":"c.glif","colon.glif":"colon.glif","comma.glif":"comma.glif","contents.plist":"contents.plist","copyright.glif":"copyright.glif","currency.glif":"currency.glif","d.glif":"d.glif","dagger.glif":"dagger.glif","daggerdbl.glif":"daggerdbl.glif","degree.glif":"degree.glif","dollar.glif":"dollar.glif","e.glif":"e.glif","eight.glif":"eight.glif","ellipsis.glif":"ellipsis.glif","emdash.glif":"emdash.glif","endash.glif":"endash.glif","equal.glif":"equal.glif","exclam.glif":"exclam.glif","f.glif":"f.glif","five.glif":"five.glif","four.glif":"four.glif","g.glif":"g.glif","grave.glif":"grave.glif","greater.glif":"greater.glif","guillemotleft.glif":"guillemotleft.glif","guillemotright.glif":"guillemotright.glif","guilsinglleft.glif":"guilsinglleft.glif","guilsinglright.glif":"guilsinglright.glif","h.glif":"h.glif","hyphenminus.glif":"hyphenminus.glif","i.glif":"i.glif","j.glif":"j.glif","k.glif":"k.glif","l.glif":"l.glif","less.glif":"less.glif","logicalnot.glif":"logicalnot.glif","m.glif":"m.glif","mu.glif":"mu.glif","n.glif":"n.glif","nine.glif":"nine.glif","numbersign.glif":"numbersign.glif","o.glif":"o.glif","one.glif":"one.glif","p.glif":"p.glif","paragraph.glif":"paragraph.glif","parenleft.glif":"parenleft.glif","parenright.glif":"parenright.glif","percent.glif":"percent.glif","period.glif":"period.glif","periodcentered.glif":"periodcentered.glif","perthousand.glif":"perthousand.glif","plus.glif":"plus.glif","plusminus.glif":"plusminus.glif","q.glif":"q.glif","question.glif":"question.glif","quotedbl.glif":"quotedbl.glif","quotedblbase.glif":"quotedblbase.glif","quotedblleft.glif":"quotedblleft.glif","quotedblright.glif":"quotedblright.glif","quoteleft.glif":"quoteleft.glif","quoteright.glif":"quoteright.glif","quotesinglbase.glif":"quotesinglbase.glif","quotesingle.glif":"quotesingle.glif","r.glif":"r.glif","registered.glif":"registered.glif","s.glif":"s.glif","section.glif":"section.glif","semicolon.glif":"semicolon.glif","seven.glif":"seven.glif","six.glif":"six.glif","slash.glif":"slash.glif","space.glif":"space.glif","t.glif":"t.glif","three.glif":"three.glif","trademark.glif":"trademark.glif","two.glif":"two.glif","u.glif":"u.glif","underscore.glif":"underscore.glif","v.glif":"v.glif","w.glif":"w.glif","x.glif":"x.glif","y.glif":"y.glif","z.glif":"z.glif","zero.glif":"zero.glif"}},"Font":{"uploaded":1479999908.7654,"licence":"gpl3","company":"Chronolabs Cooperative","title":"Europe Demi Italic","version":2.001,"date":"Fri Aug 12 15:52:31 2016","creator":"root","type":"1","matrix":"0.001 0 0 0.001 0 0","named":"EuropeDemi-Italic","painttype":"0","info":"10 dict dup","name":"EuropeDemi Italic","family":"EuropeDemi","weight":"Normal","fstype":"0","italicangle":"-10","underlineposition":"","underlinethickness":""},"Table":{"FFTM":{"entryLength":16,"tag":"FFTM","checksum":1944308752,"offset":23084,"length":28},"GDEF":{"entryLength":16,"tag":"GDEF","checksum":17498118,"offset":23052,"length":32},"OS\/2":{"entryLength":16,"tag":"OS\/2","checksum":1505297020,"offset":344,"length":86},"cmap":{"entryLength":16,"tag":"cmap","checksum":612312501,"offset":1320,"length":716},"gasp":{"entryLength":16,"tag":"gasp","checksum":4294901763,"offset":23044,"length":8},"glyf":{"entryLength":16,"tag":"glyf","checksum":4067912748,"offset":2484,"length":18288},"head":{"entryLength":16,"tag":"head","checksum":208119875,"offset":220,"length":54},"hhea":{"entryLength":16,"tag":"hhea","checksum":146277642,"offset":276,"length":36},"hmtx":{"entryLength":16,"tag":"hmtx","checksum":630526338,"offset":432,"length":888},"loca":{"entryLength":16,"tag":"loca","checksum":2886572874,"offset":2036,"length":446},"maxp":{"entryLength":16,"tag":"maxp","checksum":19333223,"offset":312,"length":32},"name":{"entryLength":16,"tag":"name","checksum":1454256595,"offset":20772,"length":831},"post":{"entryLength":16,"tag":"post","checksum":2878354864,"offset":21604,"length":1440}},"UnicodeCharMap":{"32":3,"33":4,"34":5,"35":6,"36":7,"37":8,"38":9,"39":10,"40":11,"41":12,"42":13,"43":14,"44":15,"45":16,"46":17,"47":18,"48":19,"49":20,"50":21,"51":22,"52":23,"53":24,"54":25,"55":26,"56":27,"57":28,"58":29,"59":30,"60":31,"61":32,"62":33,"63":34,"64":35,"65":36,"66":37,"67":38,"68":39,"69":40,"70":41,"71":42,"72":43,"73":44,"74":45,"75":46,"76":47,"77":48,"78":49,"79":50,"80":51,"81":52,"82":53,"83":54,"84":55,"85":56,"86":57,"87":58,"88":59,"89":60,"90":61,"91":62,"92":63,"93":64,"94":65,"95":66,"96":67,"97":68,"98":69,"99":70,"100":71,"101":72,"102":73,"103":74,"104":75,"105":76,"106":77,"107":78,"108":79,"109":80,"110":81,"111":82,"112":83,"113":84,"114":85,"115":86,"116":87,"117":88,"118":89,"119":90,"120":91,"121":92,"122":93,"123":94,"124":95,"125":96,"126":97,"164":131,"166":133,"167":134,"169":136,"171":138,"172":139,"174":140,"176":142,"177":143,"182":148,"183":149,"187":153,"956":147,"1025":135,"1026":98,"1027":99,"1028":137,"1029":155,"1030":144,"1031":141,"1032":130,"1033":107,"1034":109,"1035":111,"1036":110,"1038":128,"1039":112,"1040":158,"1041":159,"1042":160,"1043":161,"1044":162,"1045":163,"1046":164,"1047":165,"1048":166,"1049":167,"1050":168,"1051":169,"1052":170,"1053":171,"1054":172,"1055":173,"1056":174,"1057":175,"1058":176,"1059":177,"1060":178,"1061":179,"1062":180,"1063":181,"1064":182,"1065":183,"1066":184,"1067":185,"1068":186,"1069":187,"1070":188,"1071":189,"1072":190,"1073":191,"1074":192,"1075":193,"1076":194,"1077":195,"1078":196,"1079":197,"1080":198,"1081":199,"1082":200,"1083":201,"1084":202,"1085":203,"1086":204,"1087":205,"1088":206,"1089":207,"1090":208,"1091":209,"1092":210,"1093":211,"1094":212,"1095":213,"1096":214,"1097":215,"1098":216,"1099":217,"1100":218,"1101":219,"1102":220,"1103":221,"1105":150,"1106":113,"1107":101,"1108":152,"1109":156,"1110":145,"1111":157,"1112":154,"1113":122,"1114":124,"1115":126,"1116":125,"1118":129,"1119":127,"1168":132,"1169":146,"8211":119,"8212":120,"8216":114,"8217":115,"8218":100,"8220":116,"8221":117,"8222":102,"8224":104,"8225":105,"8226":118,"8230":103,"8240":106,"8249":108,"8250":123,"8470":151,"8482":121},"Reserves":null,"Names":[],"Nodes":{"eu":{"type":"typal","node":"eu","usage":1,"weight":1},"pe":{"type":"typal","node":"pe","usage":1,"weight":1},"de":{"type":"typal","node":"de","usage":1,"weight":1},"mi":{"type":"typal","node":"mi","usage":1,"weight":1},"eur":{"type":"typal","node":"eur","usage":1,"weight":1},"ope":{"type":"typal","node":"ope","usage":1,"weight":1},"dem":{"type":"typal","node":"dem","usage":1,"weight":1},"emi":{"type":"typal","node":"emi","usage":1,"weight":1},"euro":{"type":"keys","node":"euro","usage":1,"weight":1},"rope":{"type":"keys","node":"rope","usage":1,"weight":1},"europ":{"type":"keys","node":"europ","usage":1,"weight":1},"urope":{"type":"keys","node":"urope","usage":1,"weight":1},"europe":{"type":"fixes","node":"europe","usage":1,"weight":1},"demi":{"type":"fixes","node":"demi","usage":1,"weight":1}},"Contributors":[],"FontIdentity":"175c6f75ee395b87f10bf509ea933d4b","Bytes":2284755,"Networking":[],"barcode":"8sgucswc72e4o","referee":"y6uc6saq"}