{"CSS":{"American Garamond Bold BT":"American+Garamond+Bold+BT.css"},"FontType":"TrueType","FontCopyright":"Copyright 1990-1993 Bitstream Inc.  All rights reserved.","FontName":"AmeriGarmnd BT","FontSubfamily":"Bold","FontSubfamilyID":"FontForge 2.0 : American Garamond Bold BT : 25-11-2016","FontFullName":"American Garamond Bold BT","FontVersion":"Version mfgpctt-v1.53 Friday ","FontWeight":null,"FontPostscriptName":"AmericanGaramondBT-Bold","Files":{"tt0045m_.afm":"tt0045m_.afm","tt0045m_.bin":"tt0045m_.bin","tt0045m_.cef":"tt0045m_.cef","tt0045m_.cff":"tt0045m_.cff","tt0045m_.cid":"tt0045m_.cid","tt0045m_.dfont":"tt0045m_.dfont","tt0045m_.eot":"tt0045m_.eot","tt0045m_.fon":"tt0045m_.fon","tt0045m_.gai":"tt0045m_.gai","tt0045m_.gsf":"tt0045m_.gsf","tt0045m_.hqx":"tt0045m_.hqx","tt0045m_.ik":"tt0045m_.ik","tt0045m_.mf":"tt0045m_.mf","tt0045m_.otf":"tt0045m_.otf","tt0045m_.pcf":"tt0045m_.pcf","tt0045m_.pf3":"tt0045m_.pf3","tt0045m_.pfa":"tt0045m_.pfa","tt0045m_.pfb":"tt0045m_.pfb","tt0045m_.php":"tt0045m_.php","tt0045m_.pmf":"tt0045m_.pmf","tt0045m_.pt3":"tt0045m_.pt3","tt0045m_.sfd":"tt0045m_.sfd","tt0045m_.svg":"tt0045m_.svg","tt0045m_.t42":"tt0045m_.t42","tt0045m_.ttd":"tt0045m_.ttd","tt0045m_.ttf":"tt0045m_.ttf","tt0045m_.ttg":"tt0045m_.ttg","tt0045m_.ufm":"tt0045m_.ufm","tt0045m_.woff":"tt0045m_.woff","tt0045m_.z":"tt0045m_.z","":{"tt0045m_.afm":"tt0045m_.afm","tt0045m_.bin":"tt0045m_.bin","tt0045m_.cef":"tt0045m_.cef","tt0045m_.cff":"tt0045m_.cff","tt0045m_.cid":"tt0045m_.cid","tt0045m_.dfont":"tt0045m_.dfont","tt0045m_.eot":"tt0045m_.eot","tt0045m_.fon":"tt0045m_.fon","tt0045m_.gai":"tt0045m_.gai","tt0045m_.gsf":"tt0045m_.gsf","tt0045m_.hqx":"tt0045m_.hqx","tt0045m_.ik":"tt0045m_.ik","tt0045m_.mf":"tt0045m_.mf","tt0045m_.otf":"tt0045m_.otf","tt0045m_.pcf":"tt0045m_.pcf","tt0045m_.pf3":"tt0045m_.pf3","tt0045m_.pfa":"tt0045m_.pfa","tt0045m_.pfb":"tt0045m_.pfb","tt0045m_.php":"tt0045m_.php","tt0045m_.pmf":"tt0045m_.pmf","tt0045m_.pt3":"tt0045m_.pt3","tt0045m_.sfd":"tt0045m_.sfd","tt0045m_.svg":"tt0045m_.svg","tt0045m_.t42":"tt0045m_.t42","tt0045m_.ttd":"tt0045m_.ttd","tt0045m_.ttf":"tt0045m_.ttf","tt0045m_.ttg":"tt0045m_.ttg","tt0045m_.ufm":"tt0045m_.ufm","tt0045m_.woff":"tt0045m_.woff","tt0045m_.z":"tt0045m_.z"},"\/tt0045m_.ufo":{"feature.fea":"feature.fea","fontinfo.plist":"fontinfo.plist","groups.plist":"groups.plist","kerning.plist":"kerning.plist","metainfo.plist":"metainfo.plist"},"\/tt0045m_.ufo\/glyphs":{"A_.glif":"A_.glif","A_E_.glif":"A_E_.glif","A_acute.glif":"A_acute.glif","A_circumflex.glif":"A_circumflex.glif","A_dieresis.glif":"A_dieresis.glif","A_grave.glif":"A_grave.glif","A_ring.glif":"A_ring.glif","A_tilde.glif":"A_tilde.glif","B_.glif":"B_.glif","C_.glif":"C_.glif","C_acute.glif":"C_acute.glif","C_caron.glif":"C_caron.glif","C_cedilla.glif":"C_cedilla.glif","D_.glif":"D_.glif","D_elta.glif":"D_elta.glif","E_.glif":"E_.glif","E_acute.glif":"E_acute.glif","E_circumflex.glif":"E_circumflex.glif","E_dieresis.glif":"E_dieresis.glif","E_grave.glif":"E_grave.glif","E_th.glif":"E_th.glif","F_.glif":"F_.glif","G_.glif":"G_.glif","G_breve.glif":"G_breve.glif","H_.glif":"H_.glif","I_.glif":"I_.glif","I_acute.glif":"I_acute.glif","I_circumflex.glif":"I_circumflex.glif","I_dieresis.glif":"I_dieresis.glif","I_dotaccent.glif":"I_dotaccent.glif","I_grave.glif":"I_grave.glif","J_.glif":"J_.glif","K_.glif":"K_.glif","L_.glif":"L_.glif","L_slash.glif":"L_slash.glif","M_.glif":"M_.glif","N_.glif":"N_.glif","N_tilde.glif":"N_tilde.glif","O_.glif":"O_.glif","O_E_.glif":"O_E_.glif","O_acute.glif":"O_acute.glif","O_circumflex.glif":"O_circumflex.glif","O_dieresis.glif":"O_dieresis.glif","O_grave.glif":"O_grave.glif","O_mega.glif":"O_mega.glif","O_slash.glif":"O_slash.glif","O_tilde.glif":"O_tilde.glif","P_.glif":"P_.glif","Q_.glif":"Q_.glif","R_.glif":"R_.glif","S_.glif":"S_.glif","S_caron.glif":"S_caron.glif","S_cedilla.glif":"S_cedilla.glif","T_.glif":"T_.glif","T_horn.glif":"T_horn.glif","U_.glif":"U_.glif","U_acute.glif":"U_acute.glif","U_circumflex.glif":"U_circumflex.glif","U_dieresis.glif":"U_dieresis.glif","U_grave.glif":"U_grave.glif","V_.glif":"V_.glif","W_.glif":"W_.glif","X_.glif":"X_.glif","Y_.glif":"Y_.glif","Y_acute.glif":"Y_acute.glif","Y_dieresis.glif":"Y_dieresis.glif","Z_.glif":"Z_.glif","Z_caron.glif":"Z_caron.glif","_notdef.glif":"_notdef.glif","_null.glif":"_null.glif","a.glif":"a.glif","aacute.glif":"aacute.glif","acircumflex.glif":"acircumflex.glif","acute.glif":"acute.glif","adieresis.glif":"adieresis.glif","ae.glif":"ae.glif","agrave.glif":"agrave.glif","ampersand.glif":"ampersand.glif","apple.glif":"apple.glif","approxequal.glif":"approxequal.glif","aring.glif":"aring.glif","asciicircum.glif":"asciicircum.glif","asciitilde.glif":"asciitilde.glif","asterisk.glif":"asterisk.glif","at.glif":"at.glif","atilde.glif":"atilde.glif","b.glif":"b.glif","backslash.glif":"backslash.glif","bar.glif":"bar.glif","braceleft.glif":"braceleft.glif","braceright.glif":"braceright.glif","bracketleft.glif":"bracketleft.glif","bracketright.glif":"bracketright.glif","breve.glif":"breve.glif","brokenbar.glif":"brokenbar.glif","bullet.glif":"bullet.glif","c.glif":"c.glif","cacute.glif":"cacute.glif","caron.glif":"caron.glif","ccaron.glif":"ccaron.glif","ccedilla.glif":"ccedilla.glif","cedilla.glif":"cedilla.glif","cent.glif":"cent.glif","circumflex.glif":"circumflex.glif","colon.glif":"colon.glif","comma.glif":"comma.glif","contents.plist":"contents.plist","copyright.glif":"copyright.glif","currency.glif":"currency.glif","d.glif":"d.glif","dagger.glif":"dagger.glif","daggerdbl.glif":"daggerdbl.glif","dcroat.glif":"dcroat.glif","degree.glif":"degree.glif","dieresis.glif":"dieresis.glif","divide.glif":"divide.glif","dollar.glif":"dollar.glif","dotaccent.glif":"dotaccent.glif","dotlessi.glif":"dotlessi.glif","e.glif":"e.glif","eacute.glif":"eacute.glif","ecircumflex.glif":"ecircumflex.glif","edieresis.glif":"edieresis.glif","egrave.glif":"egrave.glif","eight.glif":"eight.glif","ellipsis.glif":"ellipsis.glif","emdash.glif":"emdash.glif","endash.glif":"endash.glif","equal.glif":"equal.glif","eth.glif":"eth.glif","exclam.glif":"exclam.glif","exclamdown.glif":"exclamdown.glif","f.glif":"f.glif","fi.glif":"fi.glif","five.glif":"five.glif","fl.glif":"fl.glif","florin.glif":"florin.glif","four.glif":"four.glif","fraction.glif":"fraction.glif","franc.glif":"franc.glif","g.glif":"g.glif","gbreve.glif":"gbreve.glif","germandbls.glif":"germandbls.glif","grave.glif":"grave.glif","greater.glif":"greater.glif","greaterequal.glif":"greaterequal.glif","guillemotleft.glif":"guillemotleft.glif","guillemotright.glif":"guillemotright.glif","guilsinglleft.glif":"guilsinglleft.glif","guilsinglright.glif":"guilsinglright.glif","h.glif":"h.glif","hungarumlaut.glif":"hungarumlaut.glif","hyphen.glif":"hyphen.glif","i.glif":"i.glif","iacute.glif":"iacute.glif","icircumflex.glif":"icircumflex.glif","idieresis.glif":"idieresis.glif","igrave.glif":"igrave.glif","infinity.glif":"infinity.glif","integral.glif":"integral.glif","j.glif":"j.glif","k.glif":"k.glif","l.glif":"l.glif","less.glif":"less.glif","lessequal.glif":"lessequal.glif","logicalnot.glif":"logicalnot.glif","lozenge.glif":"lozenge.glif","lslash.glif":"lslash.glif","m.glif":"m.glif","macron.glif":"macron.glif","minus.glif":"minus.glif","mu.glif":"mu.glif","multiply.glif":"multiply.glif","n.glif":"n.glif","nine.glif":"nine.glif","nonbreakingspace.glif":"nonbreakingspace.glif","nonmarkingreturn.glif":"nonmarkingreturn.glif","notequal.glif":"notequal.glif","ntilde.glif":"ntilde.glif","numbersign.glif":"numbersign.glif","o.glif":"o.glif","oacute.glif":"oacute.glif","ocircumflex.glif":"ocircumflex.glif","odieresis.glif":"odieresis.glif","oe.glif":"oe.glif","ogonek.glif":"ogonek.glif","ograve.glif":"ograve.glif","one.glif":"one.glif","onehalf.glif":"onehalf.glif","onequarter.glif":"onequarter.glif","onesuperior.glif":"onesuperior.glif","ordfeminine.glif":"ordfeminine.glif","ordmasculine.glif":"ordmasculine.glif","oslash.glif":"oslash.glif","otilde.glif":"otilde.glif","p.glif":"p.glif","paragraph.glif":"paragraph.glif","parenleft.glif":"parenleft.glif","parenright.glif":"parenright.glif","partialdiff.glif":"partialdiff.glif","percent.glif":"percent.glif","period.glif":"period.glif","periodcentered.glif":"periodcentered.glif","perthousand.glif":"perthousand.glif","pi.glif":"pi.glif","plus.glif":"plus.glif","plusminus.glif":"plusminus.glif","product.glif":"product.glif","q.glif":"q.glif","question.glif":"question.glif","questiondown.glif":"questiondown.glif","quotedbl.glif":"quotedbl.glif","quotedblbase.glif":"quotedblbase.glif","quotedblleft.glif":"quotedblleft.glif","quotedblright.glif":"quotedblright.glif","quoteleft.glif":"quoteleft.glif","quoteright.glif":"quoteright.glif","quotesinglbase.glif":"quotesinglbase.glif","quotesingle.glif":"quotesingle.glif","r.glif":"r.glif","radical.glif":"radical.glif","registered.glif":"registered.glif","ring.glif":"ring.glif","s.glif":"s.glif","scaron.glif":"scaron.glif","scedilla.glif":"scedilla.glif","section.glif":"section.glif","semicolon.glif":"semicolon.glif","seven.glif":"seven.glif","sfthyphen.glif":"sfthyphen.glif","six.glif":"six.glif","slash.glif":"slash.glif","space.glif":"space.glif","sterling.glif":"sterling.glif","summation.glif":"summation.glif","t.glif":"t.glif","thorn.glif":"thorn.glif","three.glif":"three.glif","threequarters.glif":"threequarters.glif","threesuperior.glif":"threesuperior.glif","tilde.glif":"tilde.glif","trademark.glif":"trademark.glif","two.glif":"two.glif","twosuperior.glif":"twosuperior.glif","u.glif":"u.glif","uacute.glif":"uacute.glif","ucircumflex.glif":"ucircumflex.glif","udieresis.glif":"udieresis.glif","ugrave.glif":"ugrave.glif","underscore.glif":"underscore.glif","v.glif":"v.glif","w.glif":"w.glif","x.glif":"x.glif","y.glif":"y.glif","yacute.glif":"yacute.glif","ydieresis.glif":"ydieresis.glif","yen.glif":"yen.glif","z.glif":"z.glif","zcaron.glif":"zcaron.glif","zero.glif":"zero.glif"}},"Font":{"uploaded":1480022784.6421,"licence":"gpl3","company":"Chronolabs Cooperative","title":"American Garamond BT Bold","version":2.001,"date":"Sun Aug 28 07:51:58 2016","creator":"root","type":"1","matrix":"0.000488281 0 0 0.000488281 0 0","named":"AmericanGaramondBT-Bold","painttype":"0","info":"10 dict dup","name":"American Garamond Bold BT","family":"AmeriGarmnd BT","weight":"Bold","fstype":"14","italicangle":"0","underlineposition":"","underlinethickness":""},"Table":{"FFTM":{"entryLength":16,"tag":"FFTM","checksum":1947015884,"offset":48080,"length":28},"GDEF":{"entryLength":16,"tag":"GDEF","checksum":19988484,"offset":48048,"length":32},"OS\/2":{"entryLength":16,"tag":"OS\/2","checksum":2254980970,"offset":344,"length":86},"cmap":{"entryLength":16,"tag":"cmap","checksum":1225595561,"offset":1472,"length":856},"gasp":{"entryLength":16,"tag":"gasp","checksum":4294901763,"offset":48040,"length":8},"glyf":{"entryLength":16,"tag":"glyf","checksum":3014019818,"offset":2852,"length":43812},"head":{"entryLength":16,"tag":"head","checksum":267577632,"offset":220,"length":54},"hhea":{"entryLength":16,"tag":"hhea","checksum":271255442,"offset":276,"length":36},"hmtx":{"entryLength":16,"tag":"hmtx","checksum":1889489950,"offset":432,"length":1040},"loca":{"entryLength":16,"tag":"loca","checksum":4232762220,"offset":2328,"length":522},"maxp":{"entryLength":16,"tag":"maxp","checksum":22151589,"offset":312,"length":32},"name":{"entryLength":16,"tag":"name","checksum":1467648551,"offset":46664,"length":810},"post":{"entryLength":16,"tag":"post","checksum":413276549,"offset":47476,"length":564}},"UnicodeCharMap":{"0":1,"13":2,"32":3,"33":4,"34":5,"35":6,"36":7,"37":8,"38":9,"39":10,"40":11,"41":12,"42":13,"43":14,"44":15,"45":16,"46":17,"47":18,"48":19,"49":20,"50":21,"51":22,"52":23,"53":24,"54":25,"55":26,"56":27,"57":28,"58":29,"59":30,"60":31,"61":32,"62":33,"63":34,"64":35,"65":36,"66":37,"67":38,"68":39,"69":40,"70":41,"71":42,"72":43,"73":44,"74":45,"75":46,"76":47,"77":48,"78":49,"79":50,"80":51,"81":52,"82":53,"83":54,"84":55,"85":56,"86":57,"87":58,"88":59,"89":60,"90":61,"91":62,"92":63,"93":64,"94":65,"95":66,"96":67,"97":68,"98":69,"99":70,"100":71,"101":72,"102":73,"103":74,"104":75,"105":76,"106":77,"107":78,"108":79,"109":80,"110":81,"111":82,"112":83,"113":84,"114":85,"115":86,"116":87,"117":88,"118":89,"119":90,"120":91,"121":92,"122":93,"123":94,"124":95,"125":96,"126":97,"160":98,"161":99,"162":100,"163":101,"164":102,"165":103,"166":104,"167":105,"168":106,"169":107,"170":108,"171":109,"172":110,"173":111,"174":112,"175":113,"176":114,"177":115,"178":116,"179":117,"180":118,"182":120,"183":259,"184":122,"185":123,"186":124,"187":125,"188":126,"189":127,"190":128,"191":129,"192":130,"193":131,"194":132,"195":133,"196":134,"197":135,"198":136,"199":137,"200":138,"201":139,"202":140,"203":141,"204":142,"205":143,"206":144,"207":145,"208":146,"209":147,"210":148,"211":149,"212":150,"213":151,"214":152,"215":153,"216":154,"217":155,"218":156,"219":157,"220":158,"221":159,"222":160,"223":161,"224":162,"225":163,"226":164,"227":165,"228":166,"229":167,"230":168,"231":169,"232":170,"233":171,"234":172,"235":173,"236":174,"237":175,"238":176,"239":177,"240":178,"241":179,"242":180,"243":181,"244":182,"245":183,"246":184,"247":185,"248":186,"249":187,"250":188,"251":189,"252":190,"253":191,"254":192,"255":193,"262":254,"263":255,"268":256,"269":257,"273":258,"286":249,"287":250,"304":251,"305":232,"321":241,"322":242,"338":212,"339":213,"350":252,"351":253,"352":243,"353":244,"376":221,"381":245,"382":246,"402":208,"710":233,"711":240,"728":235,"729":236,"730":237,"731":239,"732":234,"733":238,"916":210,"937":206,"956":119,"960":204,"8211":214,"8212":215,"8216":218,"8217":219,"8218":228,"8220":216,"8221":217,"8222":229,"8224":194,"8225":227,"8226":195,"8230":211,"8240":230,"8249":223,"8250":224,"8260":222,"8355":248,"8482":196,"8706":201,"8719":203,"8721":202,"8722":247,"8730":207,"8734":198,"8747":205,"8776":209,"8800":197,"8804":199,"8805":200,"9674":220,"64257":225,"64258":226},"Reserves":null,"Names":[],"Nodes":{"am":{"type":"typal","node":"am","usage":1,"weight":1},"ri":{"type":"typal","node":"ri","usage":1,"weight":1},"ga":{"type":"typal","node":"ga","usage":1,"weight":1},"nd":{"type":"typal","node":"nd","usage":1,"weight":1},"ame":{"type":"typal","node":"ame","usage":1,"weight":1},"eri":{"type":"typal","node":"eri","usage":1,"weight":1},"gar":{"type":"typal","node":"gar","usage":1,"weight":1},"mnd":{"type":"typal","node":"mnd","usage":1,"weight":1},"amer":{"type":"keys","node":"amer","usage":1,"weight":1},"meri":{"type":"keys","node":"meri","usage":1,"weight":1},"garm":{"type":"keys","node":"garm","usage":1,"weight":1},"rmnd":{"type":"keys","node":"rmnd","usage":1,"weight":1},"garmn":{"type":"keys","node":"garmn","usage":1,"weight":1},"armnd":{"type":"keys","node":"armnd","usage":1,"weight":1},"ameri":{"type":"fixes","node":"ameri","usage":1,"weight":1},"garmnd":{"type":"fixes","node":"garmnd","usage":1,"weight":1},"bt":{"type":"fixes","node":"bt","usage":1,"weight":1}},"Contributors":[],"FontIdentity":"e804a6f37167c69b20ba9ebbbbb52155","Bytes":5281340,"Networking":[],"barcode":"soeqckksaosac","referee":"ue2uiym"}