{"CSS":{"VariatorTwo":"VariatorTwo.css"},"FontType":"TrueType","FontCopyright":"Copr.1993, T-26 Chicago, IL- Jim Marcus, Designer","FontName":"Variator","FontSubfamily":"Two","FontSubfamilyID":"FontForge 2.0 : VariatorTwo : 28-10-2016","FontFullName":"Variator Two","FontVersion":"Version 001.000 ","FontWeight":null,"FontPostscriptName":"VariatorTwo","Files":{"variatortwo.afm":"variatortwo.afm","variatortwo.bin":"variatortwo.bin","variatortwo.cef":"variatortwo.cef","variatortwo.cff":"variatortwo.cff","variatortwo.cid":"variatortwo.cid","variatortwo.dfont":"variatortwo.dfont","variatortwo.eot":"variatortwo.eot","variatortwo.fon":"variatortwo.fon","variatortwo.gai":"variatortwo.gai","variatortwo.gsf":"variatortwo.gsf","variatortwo.hqx":"variatortwo.hqx","variatortwo.ik":"variatortwo.ik","variatortwo.mf":"variatortwo.mf","variatortwo.otf":"variatortwo.otf","variatortwo.pcf":"variatortwo.pcf","variatortwo.pf3":"variatortwo.pf3","variatortwo.pfa":"variatortwo.pfa","variatortwo.pfb":"variatortwo.pfb","variatortwo.php":"variatortwo.php","variatortwo.pmf":"variatortwo.pmf","variatortwo.pt3":"variatortwo.pt3","variatortwo.sfd":"variatortwo.sfd","variatortwo.svg":"variatortwo.svg","variatortwo.t42":"variatortwo.t42","variatortwo.ttd":"variatortwo.ttd","variatortwo.ttf":"variatortwo.ttf","variatortwo.ttg":"variatortwo.ttg","variatortwo.ufm":"variatortwo.ufm","variatortwo.woff":"variatortwo.woff","variatortwo.z":"variatortwo.z","":{"variatortwo.afm":"variatortwo.afm","variatortwo.bin":"variatortwo.bin","variatortwo.cef":"variatortwo.cef","variatortwo.cff":"variatortwo.cff","variatortwo.cid":"variatortwo.cid","variatortwo.dfont":"variatortwo.dfont","variatortwo.eot":"variatortwo.eot","variatortwo.fon":"variatortwo.fon","variatortwo.gai":"variatortwo.gai","variatortwo.gsf":"variatortwo.gsf","variatortwo.hqx":"variatortwo.hqx","variatortwo.ik":"variatortwo.ik","variatortwo.mf":"variatortwo.mf","variatortwo.otf":"variatortwo.otf","variatortwo.pcf":"variatortwo.pcf","variatortwo.pf3":"variatortwo.pf3","variatortwo.pfa":"variatortwo.pfa","variatortwo.pfb":"variatortwo.pfb","variatortwo.php":"variatortwo.php","variatortwo.pmf":"variatortwo.pmf","variatortwo.pt3":"variatortwo.pt3","variatortwo.sfd":"variatortwo.sfd","variatortwo.svg":"variatortwo.svg","variatortwo.t42":"variatortwo.t42","variatortwo.ttd":"variatortwo.ttd","variatortwo.ttf":"variatortwo.ttf","variatortwo.ttg":"variatortwo.ttg","variatortwo.ufm":"variatortwo.ufm","variatortwo.woff":"variatortwo.woff","variatortwo.z":"variatortwo.z"},"\/variatortwo.ufo":{"feature.fea":"feature.fea","fontinfo.plist":"fontinfo.plist","groups.plist":"groups.plist","kerning.plist":"kerning.plist","metainfo.plist":"metainfo.plist"},"\/variatortwo.ufo\/glyphs":{"A_.glif":"A_.glif","B_.glif":"B_.glif","C_.glif":"C_.glif","D_.glif":"D_.glif","D_elta.glif":"D_elta.glif","E_.glif":"E_.glif","F_.glif":"F_.glif","G_.glif":"G_.glif","H_.glif":"H_.glif","I_.glif":"I_.glif","J_.glif":"J_.glif","K_.glif":"K_.glif","L_.glif":"L_.glif","M_.glif":"M_.glif","N_.glif":"N_.glif","O_.glif":"O_.glif","P_.glif":"P_.glif","Q_.glif":"Q_.glif","R_.glif":"R_.glif","S_.glif":"S_.glif","T_.glif":"T_.glif","U_.glif":"U_.glif","V_.glif":"V_.glif","W_.glif":"W_.glif","X_.glif":"X_.glif","Y_.glif":"Y_.glif","Z_.glif":"Z_.glif","a.glif":"a.glif","asterisk.glif":"asterisk.glif","b.glif":"b.glif","c.glif":"c.glif","colon.glif":"colon.glif","comma.glif":"comma.glif","contents.plist":"contents.plist","d.glif":"d.glif","e.glif":"e.glif","eight.glif":"eight.glif","equal.glif":"equal.glif","exclam.glif":"exclam.glif","f.glif":"f.glif","five.glif":"five.glif","four.glif":"four.glif","g.glif":"g.glif","grave.glif":"grave.glif","h.glif":"h.glif","hyphen.glif":"hyphen.glif","i.glif":"i.glif","j.glif":"j.glif","k.glif":"k.glif","l.glif":"l.glif","m.glif":"m.glif","n.glif":"n.glif","nbspace.glif":"nbspace.glif","nine.glif":"nine.glif","o.glif":"o.glif","one.glif":"one.glif","p.glif":"p.glif","parenleft.glif":"parenleft.glif","parenright.glif":"parenright.glif","period.glif":"period.glif","plus.glif":"plus.glif","q.glif":"q.glif","question.glif":"question.glif","quotedbl.glif":"quotedbl.glif","quotedblleft.glif":"quotedblleft.glif","quotedblright.glif":"quotedblright.glif","quoteleft.glif":"quoteleft.glif","quoteright.glif":"quoteright.glif","quotesingle.glif":"quotesingle.glif","r.glif":"r.glif","s.glif":"s.glif","semicolon.glif":"semicolon.glif","seven.glif":"seven.glif","six.glif":"six.glif","space.glif":"space.glif","t.glif":"t.glif","three.glif":"three.glif","two.glif":"two.glif","u.glif":"u.glif","underscore.glif":"underscore.glif","v.glif":"v.glif","w.glif":"w.glif","x.glif":"x.glif","y.glif":"y.glif","z.glif":"z.glif","zero.glif":"zero.glif"}},"Font":null,"Table":{"FFTM":{"entryLength":16,"tag":"FFTM","checksum":1944369456,"offset":18708,"length":28},"GDEF":{"entryLength":16,"tag":"GDEF","checksum":8716294,"offset":18676,"length":32},"OS\/2":{"entryLength":16,"tag":"OS\/2","checksum":1461845759,"offset":344,"length":86},"cmap":{"entryLength":16,"tag":"cmap","checksum":646297569,"offset":784,"length":406},"gasp":{"entryLength":16,"tag":"gasp","checksum":4294901763,"offset":18668,"length":8},"glyf":{"entryLength":16,"tag":"glyf","checksum":1935166559,"offset":1372,"length":16464},"head":{"entryLength":16,"tag":"head","checksum":173319010,"offset":220,"length":54},"hhea":{"entryLength":16,"tag":"hhea","checksum":101843431,"offset":276,"length":36},"hmtx":{"entryLength":16,"tag":"hmtx","checksum":2543650284,"offset":432,"length":352},"loca":{"entryLength":16,"tag":"loca","checksum":2544142136,"offset":1192,"length":178},"maxp":{"entryLength":16,"tag":"maxp","checksum":10551477,"offset":312,"length":32},"name":{"entryLength":16,"tag":"name","checksum":2561155194,"offset":17836,"length":609},"post":{"entryLength":16,"tag":"post","checksum":3482747388,"offset":18448,"length":218}},"UnicodeCharMap":{"32":3,"33":4,"34":5,"39":6,"40":7,"41":8,"42":9,"43":10,"44":11,"45":12,"46":13,"48":14,"49":15,"50":16,"51":17,"52":18,"53":19,"54":20,"55":21,"56":22,"57":23,"58":24,"59":25,"61":26,"63":27,"65":28,"66":29,"67":30,"68":31,"69":32,"70":33,"71":34,"72":35,"73":36,"74":37,"75":38,"76":39,"77":40,"78":41,"79":42,"80":43,"81":44,"82":45,"83":46,"84":47,"85":48,"86":49,"87":50,"88":51,"89":52,"90":53,"95":54,"96":55,"97":56,"98":57,"99":58,"100":59,"101":60,"102":61,"103":62,"104":63,"105":64,"106":65,"107":66,"108":67,"109":68,"110":69,"111":70,"112":71,"113":72,"114":73,"115":74,"116":75,"117":76,"118":77,"119":78,"120":79,"121":80,"122":81,"160":82,"916":87,"8216":84,"8217":83,"8220":85,"8221":86},"Reserves":null,"Names":[],"Nodes":{"va":{"type":"typal","node":"va","usage":1,"weight":1},"or":{"type":"typal","node":"or","usage":1,"weight":1},"var":{"type":"typal","node":"var","usage":1,"weight":1},"tor":{"type":"typal","node":"tor","usage":1,"weight":1},"vari":{"type":"keys","node":"vari","usage":1,"weight":1},"ator":{"type":"keys","node":"ator","usage":1,"weight":1},"varia":{"type":"keys","node":"varia","usage":1,"weight":1},"iator":{"type":"keys","node":"iator","usage":1,"weight":1},"variator":{"type":"fixes","node":"variator","usage":1,"weight":1}},"Contributors":[],"FontIdentity":"cf2422ad96deba10130b4864618fd018","Bytes":1616811,"Networking":[],"barcode":"ysseu5yaeccmy","referee":"6kwo5e"}