{"CSS":{"Zapfino Forte LT One":"buddha0:d4f2569aa166e5f62963d1b6.css"},"FontType":"TrueType","FontCopyright":"Copyright (c) 2003 Linotype Library GmbH, www.linotype.com. All rights reserved. This software may not be reproduced, used, displayed, modified, disclosed or transferred without the express written approval of Linotype Library GmbH. Zapfino is a trademark of Heidelberger Druckmaschinen AG, exclusively licensed through Linotype Library GmbH, and may be registered in certain jurisdictions. The typeface is original artwork of Hermann Zapf. The design may be protected in certain jurisdictions.","FontName":"Zapfino Forte LT","FontSubfamily":"One","FontSubfamilyID":"FontForge 2.0 : Zapfino Forte LT One : 15-10-2016","FontFullName":"Zapfino Forte LT One","FontVersion":"Version 001.000 ","FontWeight":null,"FontPostscriptName":"ZapfinoForteLT-One","Files":{"\/Zapfino Forte LT One.css":"\/Zapfino Forte LT One.css","\/font-resource.json":"\/font-resource.json","\/zapfinofortelt-one.afm":"\/zapfinofortelt-one.afm","\/zapfinofortelt-one.cef":"\/zapfinofortelt-one.cef","\/zapfinofortelt-one.cff":"\/zapfinofortelt-one.cff","\/zapfinofortelt-one.eot":"\/zapfinofortelt-one.eot","\/zapfinofortelt-one.gai":"\/zapfinofortelt-one.gai","\/zapfinofortelt-one.gsf":"\/zapfinofortelt-one.gsf","\/zapfinofortelt-one.otf":"\/zapfinofortelt-one.otf","\/zapfinofortelt-one.pf3":"\/zapfinofortelt-one.pf3","\/zapfinofortelt-one.pfa":"\/zapfinofortelt-one.pfa","\/zapfinofortelt-one.pfb":"\/zapfinofortelt-one.pfb","\/zapfinofortelt-one.php":"\/zapfinofortelt-one.php","\/zapfinofortelt-one.pt3":"\/zapfinofortelt-one.pt3","\/zapfinofortelt-one.sfd":"\/zapfinofortelt-one.sfd","\/zapfinofortelt-one.svg":"\/zapfinofortelt-one.svg","\/zapfinofortelt-one.t42":"\/zapfinofortelt-one.t42","\/zapfinofortelt-one.ttd":"\/zapfinofortelt-one.ttd","\/zapfinofortelt-one.ttf":"\/zapfinofortelt-one.ttf","\/zapfinofortelt-one.ttg":"\/zapfinofortelt-one.ttg","\/zapfinofortelt-one.ufm":"\/zapfinofortelt-one.ufm","\/zapfinofortelt-one.woff":"\/zapfinofortelt-one.woff","\/zapfinofortelt-one.z":"\/zapfinofortelt-one.z","\/zapfinofortelt-one.ufo\/feature.fea":"\/zapfinofortelt-one.ufo\/feature.fea","\/zapfinofortelt-one.ufo\/fontinfo.plist":"\/zapfinofortelt-one.ufo\/fontinfo.plist","\/zapfinofortelt-one.ufo\/groups.plist":"\/zapfinofortelt-one.ufo\/groups.plist","\/zapfinofortelt-one.ufo\/kerning.plist":"\/zapfinofortelt-one.ufo\/kerning.plist","\/zapfinofortelt-one.ufo\/metainfo.plist":"\/zapfinofortelt-one.ufo\/metainfo.plist","\/zapfinofortelt-one.ufo\/glyphs\/A_.glif":"\/zapfinofortelt-one.ufo\/glyphs\/A_.glif","\/zapfinofortelt-one.ufo\/glyphs\/A_E_.glif":"\/zapfinofortelt-one.ufo\/glyphs\/A_E_.glif","\/zapfinofortelt-one.ufo\/glyphs\/A_acute.glif":"\/zapfinofortelt-one.ufo\/glyphs\/A_acute.glif","\/zapfinofortelt-one.ufo\/glyphs\/A_breve.glif":"\/zapfinofortelt-one.ufo\/glyphs\/A_breve.glif","\/zapfinofortelt-one.ufo\/glyphs\/A_circumflex.glif":"\/zapfinofortelt-one.ufo\/glyphs\/A_circumflex.glif","\/zapfinofortelt-one.ufo\/glyphs\/A_dieresis.glif":"\/zapfinofortelt-one.ufo\/glyphs\/A_dieresis.glif","\/zapfinofortelt-one.ufo\/glyphs\/A_grave.glif":"\/zapfinofortelt-one.ufo\/glyphs\/A_grave.glif","\/zapfinofortelt-one.ufo\/glyphs\/A_macron.glif":"\/zapfinofortelt-one.ufo\/glyphs\/A_macron.glif","\/zapfinofortelt-one.ufo\/glyphs\/A_ogonek.glif":"\/zapfinofortelt-one.ufo\/glyphs\/A_ogonek.glif","\/zapfinofortelt-one.ufo\/glyphs\/A_ring.glif":"\/zapfinofortelt-one.ufo\/glyphs\/A_ring.glif","\/zapfinofortelt-one.ufo\/glyphs\/A_tilde.glif":"\/zapfinofortelt-one.ufo\/glyphs\/A_tilde.glif","\/zapfinofortelt-one.ufo\/glyphs\/B_.glif":"\/zapfinofortelt-one.ufo\/glyphs\/B_.glif","\/zapfinofortelt-one.ufo\/glyphs\/C_.glif":"\/zapfinofortelt-one.ufo\/glyphs\/C_.glif","\/zapfinofortelt-one.ufo\/glyphs\/C_R_.glif":"\/zapfinofortelt-one.ufo\/glyphs\/C_R_.glif","\/zapfinofortelt-one.ufo\/glyphs\/C_acute.glif":"\/zapfinofortelt-one.ufo\/glyphs\/C_acute.glif","\/zapfinofortelt-one.ufo\/glyphs\/C_caron.glif":"\/zapfinofortelt-one.ufo\/glyphs\/C_caron.glif","\/zapfinofortelt-one.ufo\/glyphs\/C_cedilla.glif":"\/zapfinofortelt-one.ufo\/glyphs\/C_cedilla.glif","\/zapfinofortelt-one.ufo\/glyphs\/C_circumflex.glif":"\/zapfinofortelt-one.ufo\/glyphs\/C_circumflex.glif","\/zapfinofortelt-one.ufo\/glyphs\/C_dotaccent.glif":"\/zapfinofortelt-one.ufo\/glyphs\/C_dotaccent.glif","\/zapfinofortelt-one.ufo\/glyphs\/D_.glif":"\/zapfinofortelt-one.ufo\/glyphs\/D_.glif","\/zapfinofortelt-one.ufo\/glyphs\/D_caron.glif":"\/zapfinofortelt-one.ufo\/glyphs\/D_caron.glif","\/zapfinofortelt-one.ufo\/glyphs\/D_croat.glif":"\/zapfinofortelt-one.ufo\/glyphs\/D_croat.glif","\/zapfinofortelt-one.ufo\/glyphs\/D_elta.glif":"\/zapfinofortelt-one.ufo\/glyphs\/D_elta.glif","\/zapfinofortelt-one.ufo\/glyphs\/E_.glif":"\/zapfinofortelt-one.ufo\/glyphs\/E_.glif","\/zapfinofortelt-one.ufo\/glyphs\/E_acute.glif":"\/zapfinofortelt-one.ufo\/glyphs\/E_acute.glif","\/zapfinofortelt-one.ufo\/glyphs\/E_breve.glif":"\/zapfinofortelt-one.ufo\/glyphs\/E_breve.glif","\/zapfinofortelt-one.ufo\/glyphs\/E_caron.glif":"\/zapfinofortelt-one.ufo\/glyphs\/E_caron.glif","\/zapfinofortelt-one.ufo\/glyphs\/E_circumflex.glif":"\/zapfinofortelt-one.ufo\/glyphs\/E_circumflex.glif","\/zapfinofortelt-one.ufo\/glyphs\/E_dieresis.glif":"\/zapfinofortelt-one.ufo\/glyphs\/E_dieresis.glif","\/zapfinofortelt-one.ufo\/glyphs\/E_dotaccent.glif":"\/zapfinofortelt-one.ufo\/glyphs\/E_dotaccent.glif","\/zapfinofortelt-one.ufo\/glyphs\/E_grave.glif":"\/zapfinofortelt-one.ufo\/glyphs\/E_grave.glif","\/zapfinofortelt-one.ufo\/glyphs\/E_macron.glif":"\/zapfinofortelt-one.ufo\/glyphs\/E_macron.glif","\/zapfinofortelt-one.ufo\/glyphs\/E_ogonek.glif":"\/zapfinofortelt-one.ufo\/glyphs\/E_ogonek.glif","\/zapfinofortelt-one.ufo\/glyphs\/E_th.glif":"\/zapfinofortelt-one.ufo\/glyphs\/E_th.glif","\/zapfinofortelt-one.ufo\/glyphs\/E_uro.glif":"\/zapfinofortelt-one.ufo\/glyphs\/E_uro.glif","\/zapfinofortelt-one.ufo\/glyphs\/F_.glif":"\/zapfinofortelt-one.ufo\/glyphs\/F_.glif","\/zapfinofortelt-one.ufo\/glyphs\/G_.glif":"\/zapfinofortelt-one.ufo\/glyphs\/G_.glif","\/zapfinofortelt-one.ufo\/glyphs\/G_breve.glif":"\/zapfinofortelt-one.ufo\/glyphs\/G_breve.glif","\/zapfinofortelt-one.ufo\/glyphs\/G_circumflex.glif":"\/zapfinofortelt-one.ufo\/glyphs\/G_circumflex.glif","\/zapfinofortelt-one.ufo\/glyphs\/G_commaaccent.glif":"\/zapfinofortelt-one.ufo\/glyphs\/G_commaaccent.glif","\/zapfinofortelt-one.ufo\/glyphs\/G_dotaccent.glif":"\/zapfinofortelt-one.ufo\/glyphs\/G_dotaccent.glif","\/zapfinofortelt-one.ufo\/glyphs\/H_.glif":"\/zapfinofortelt-one.ufo\/glyphs\/H_.glif","\/zapfinofortelt-one.ufo\/glyphs\/H_bar.glif":"\/zapfinofortelt-one.ufo\/glyphs\/H_bar.glif","\/zapfinofortelt-one.ufo\/glyphs\/H_circumflex.glif":"\/zapfinofortelt-one.ufo\/glyphs\/H_circumflex.glif","\/zapfinofortelt-one.ufo\/glyphs\/I_.glif":"\/zapfinofortelt-one.ufo\/glyphs\/I_.glif","\/zapfinofortelt-one.ufo\/glyphs\/I_J_.glif":"\/zapfinofortelt-one.ufo\/glyphs\/I_J_.glif","\/zapfinofortelt-one.ufo\/glyphs\/I_acute.glif":"\/zapfinofortelt-one.ufo\/glyphs\/I_acute.glif","\/zapfinofortelt-one.ufo\/glyphs\/I_circumflex.glif":"\/zapfinofortelt-one.ufo\/glyphs\/I_circumflex.glif","\/zapfinofortelt-one.ufo\/glyphs\/I_dieresis.glif":"\/zapfinofortelt-one.ufo\/glyphs\/I_dieresis.glif","\/zapfinofortelt-one.ufo\/glyphs\/I_dotaccent.glif":"\/zapfinofortelt-one.ufo\/glyphs\/I_dotaccent.glif","\/zapfinofortelt-one.ufo\/glyphs\/I_grave.glif":"\/zapfinofortelt-one.ufo\/glyphs\/I_grave.glif","\/zapfinofortelt-one.ufo\/glyphs\/I_macron.glif":"\/zapfinofortelt-one.ufo\/glyphs\/I_macron.glif","\/zapfinofortelt-one.ufo\/glyphs\/I_ogonek.glif":"\/zapfinofortelt-one.ufo\/glyphs\/I_ogonek.glif","\/zapfinofortelt-one.ufo\/glyphs\/I_tilde.glif":"\/zapfinofortelt-one.ufo\/glyphs\/I_tilde.glif","\/zapfinofortelt-one.ufo\/glyphs\/J_.glif":"\/zapfinofortelt-one.ufo\/glyphs\/J_.glif","\/zapfinofortelt-one.ufo\/glyphs\/J_circumflex.glif":"\/zapfinofortelt-one.ufo\/glyphs\/J_circumflex.glif","\/zapfinofortelt-one.ufo\/glyphs\/K_.glif":"\/zapfinofortelt-one.ufo\/glyphs\/K_.glif","\/zapfinofortelt-one.ufo\/glyphs\/K_commaaccent.glif":"\/zapfinofortelt-one.ufo\/glyphs\/K_commaaccent.glif","\/zapfinofortelt-one.ufo\/glyphs\/L_.glif":"\/zapfinofortelt-one.ufo\/glyphs\/L_.glif","\/zapfinofortelt-one.ufo\/glyphs\/L_acute.glif":"\/zapfinofortelt-one.ufo\/glyphs\/L_acute.glif","\/zapfinofortelt-one.ufo\/glyphs\/L_caron.glif":"\/zapfinofortelt-one.ufo\/glyphs\/L_caron.glif","\/zapfinofortelt-one.ufo\/glyphs\/L_commaaccent.glif":"\/zapfinofortelt-one.ufo\/glyphs\/L_commaaccent.glif","\/zapfinofortelt-one.ufo\/glyphs\/L_dot.glif":"\/zapfinofortelt-one.ufo\/glyphs\/L_dot.glif","\/zapfinofortelt-one.ufo\/glyphs\/L_slash.glif":"\/zapfinofortelt-one.ufo\/glyphs\/L_slash.glif","\/zapfinofortelt-one.ufo\/glyphs\/M_.glif":"\/zapfinofortelt-one.ufo\/glyphs\/M_.glif","\/zapfinofortelt-one.ufo\/glyphs\/N_.glif":"\/zapfinofortelt-one.ufo\/glyphs\/N_.glif","\/zapfinofortelt-one.ufo\/glyphs\/N_acute.glif":"\/zapfinofortelt-one.ufo\/glyphs\/N_acute.glif","\/zapfinofortelt-one.ufo\/glyphs\/N_caron.glif":"\/zapfinofortelt-one.ufo\/glyphs\/N_caron.glif","\/zapfinofortelt-one.ufo\/glyphs\/N_commaaccent.glif":"\/zapfinofortelt-one.ufo\/glyphs\/N_commaaccent.glif","\/zapfinofortelt-one.ufo\/glyphs\/N_tilde.glif":"\/zapfinofortelt-one.ufo\/glyphs\/N_tilde.glif","\/zapfinofortelt-one.ufo\/glyphs\/O_.glif":"\/zapfinofortelt-one.ufo\/glyphs\/O_.glif","\/zapfinofortelt-one.ufo\/glyphs\/O_E_.glif":"\/zapfinofortelt-one.ufo\/glyphs\/O_E_.glif","\/zapfinofortelt-one.ufo\/glyphs\/O_acute.glif":"\/zapfinofortelt-one.ufo\/glyphs\/O_acute.glif","\/zapfinofortelt-one.ufo\/glyphs\/O_breve.glif":"\/zapfinofortelt-one.ufo\/glyphs\/O_breve.glif","\/zapfinofortelt-one.ufo\/glyphs\/O_circumflex.glif":"\/zapfinofortelt-one.ufo\/glyphs\/O_circumflex.glif","\/zapfinofortelt-one.ufo\/glyphs\/O_dieresis.glif":"\/zapfinofortelt-one.ufo\/glyphs\/O_dieresis.glif","\/zapfinofortelt-one.ufo\/glyphs\/O_grave.glif":"\/zapfinofortelt-one.ufo\/glyphs\/O_grave.glif","\/zapfinofortelt-one.ufo\/glyphs\/O_hungarumlaut.glif":"\/zapfinofortelt-one.ufo\/glyphs\/O_hungarumlaut.glif","\/zapfinofortelt-one.ufo\/glyphs\/O_macron.glif":"\/zapfinofortelt-one.ufo\/glyphs\/O_macron.glif","\/zapfinofortelt-one.ufo\/glyphs\/O_mega.glif":"\/zapfinofortelt-one.ufo\/glyphs\/O_mega.glif","\/zapfinofortelt-one.ufo\/glyphs\/O_slash.glif":"\/zapfinofortelt-one.ufo\/glyphs\/O_slash.glif","\/zapfinofortelt-one.ufo\/glyphs\/O_tilde.glif":"\/zapfinofortelt-one.ufo\/glyphs\/O_tilde.glif","\/zapfinofortelt-one.ufo\/glyphs\/P_.glif":"\/zapfinofortelt-one.ufo\/glyphs\/P_.glif","\/zapfinofortelt-one.ufo\/glyphs\/Q_.glif":"\/zapfinofortelt-one.ufo\/glyphs\/Q_.glif","\/zapfinofortelt-one.ufo\/glyphs\/R_.glif":"\/zapfinofortelt-one.ufo\/glyphs\/R_.glif","\/zapfinofortelt-one.ufo\/glyphs\/R_acute.glif":"\/zapfinofortelt-one.ufo\/glyphs\/R_acute.glif","\/zapfinofortelt-one.ufo\/glyphs\/R_caron.glif":"\/zapfinofortelt-one.ufo\/glyphs\/R_caron.glif","\/zapfinofortelt-one.ufo\/glyphs\/R_commaaccent.glif":"\/zapfinofortelt-one.ufo\/glyphs\/R_commaaccent.glif","\/zapfinofortelt-one.ufo\/glyphs\/S_.glif":"\/zapfinofortelt-one.ufo\/glyphs\/S_.glif","\/zapfinofortelt-one.ufo\/glyphs\/S_acute.glif":"\/zapfinofortelt-one.ufo\/glyphs\/S_acute.glif","\/zapfinofortelt-one.ufo\/glyphs\/S_caron.glif":"\/zapfinofortelt-one.ufo\/glyphs\/S_caron.glif","\/zapfinofortelt-one.ufo\/glyphs\/S_cedilla.glif":"\/zapfinofortelt-one.ufo\/glyphs\/S_cedilla.glif","\/zapfinofortelt-one.ufo\/glyphs\/S_circumflex.glif":"\/zapfinofortelt-one.ufo\/glyphs\/S_circumflex.glif","\/zapfinofortelt-one.ufo\/glyphs\/S_commaaccent.glif":"\/zapfinofortelt-one.ufo\/glyphs\/S_commaaccent.glif","\/zapfinofortelt-one.ufo\/glyphs\/T_.glif":"\/zapfinofortelt-one.ufo\/glyphs\/T_.glif","\/zapfinofortelt-one.ufo\/glyphs\/T_bar.glif":"\/zapfinofortelt-one.ufo\/glyphs\/T_bar.glif","\/zapfinofortelt-one.ufo\/glyphs\/T_caron.glif":"\/zapfinofortelt-one.ufo\/glyphs\/T_caron.glif","\/zapfinofortelt-one.ufo\/glyphs\/T_commaaccent.glif":"\/zapfinofortelt-one.ufo\/glyphs\/T_commaaccent.glif","\/zapfinofortelt-one.ufo\/glyphs\/T_horn.glif":"\/zapfinofortelt-one.ufo\/glyphs\/T_horn.glif","\/zapfinofortelt-one.ufo\/glyphs\/U_.glif":"\/zapfinofortelt-one.ufo\/glyphs\/U_.glif","\/zapfinofortelt-one.ufo\/glyphs\/U_acute.glif":"\/zapfinofortelt-one.ufo\/glyphs\/U_acute.glif","\/zapfinofortelt-one.ufo\/glyphs\/U_breve.glif":"\/zapfinofortelt-one.ufo\/glyphs\/U_breve.glif","\/zapfinofortelt-one.ufo\/glyphs\/U_circumflex.glif":"\/zapfinofortelt-one.ufo\/glyphs\/U_circumflex.glif","\/zapfinofortelt-one.ufo\/glyphs\/U_dieresis.glif":"\/zapfinofortelt-one.ufo\/glyphs\/U_dieresis.glif","\/zapfinofortelt-one.ufo\/glyphs\/U_grave.glif":"\/zapfinofortelt-one.ufo\/glyphs\/U_grave.glif","\/zapfinofortelt-one.ufo\/glyphs\/U_hungarumlaut.glif":"\/zapfinofortelt-one.ufo\/glyphs\/U_hungarumlaut.glif","\/zapfinofortelt-one.ufo\/glyphs\/U_macron.glif":"\/zapfinofortelt-one.ufo\/glyphs\/U_macron.glif","\/zapfinofortelt-one.ufo\/glyphs\/U_ogonek.glif":"\/zapfinofortelt-one.ufo\/glyphs\/U_ogonek.glif","\/zapfinofortelt-one.ufo\/glyphs\/U_ring.glif":"\/zapfinofortelt-one.ufo\/glyphs\/U_ring.glif","\/zapfinofortelt-one.ufo\/glyphs\/U_tilde.glif":"\/zapfinofortelt-one.ufo\/glyphs\/U_tilde.glif","\/zapfinofortelt-one.ufo\/glyphs\/V_.glif":"\/zapfinofortelt-one.ufo\/glyphs\/V_.glif","\/zapfinofortelt-one.ufo\/glyphs\/W_.glif":"\/zapfinofortelt-one.ufo\/glyphs\/W_.glif","\/zapfinofortelt-one.ufo\/glyphs\/W_circumflex.glif":"\/zapfinofortelt-one.ufo\/glyphs\/W_circumflex.glif","\/zapfinofortelt-one.ufo\/glyphs\/X_.glif":"\/zapfinofortelt-one.ufo\/glyphs\/X_.glif","\/zapfinofortelt-one.ufo\/glyphs\/Y_.glif":"\/zapfinofortelt-one.ufo\/glyphs\/Y_.glif","\/zapfinofortelt-one.ufo\/glyphs\/Y_acute.glif":"\/zapfinofortelt-one.ufo\/glyphs\/Y_acute.glif","\/zapfinofortelt-one.ufo\/glyphs\/Y_circumflex.glif":"\/zapfinofortelt-one.ufo\/glyphs\/Y_circumflex.glif","\/zapfinofortelt-one.ufo\/glyphs\/Y_dieresis.glif":"\/zapfinofortelt-one.ufo\/glyphs\/Y_dieresis.glif","\/zapfinofortelt-one.ufo\/glyphs\/Z_.glif":"\/zapfinofortelt-one.ufo\/glyphs\/Z_.glif","\/zapfinofortelt-one.ufo\/glyphs\/Z_acute.glif":"\/zapfinofortelt-one.ufo\/glyphs\/Z_acute.glif","\/zapfinofortelt-one.ufo\/glyphs\/Z_caron.glif":"\/zapfinofortelt-one.ufo\/glyphs\/Z_caron.glif","\/zapfinofortelt-one.ufo\/glyphs\/Z_dotaccent.glif":"\/zapfinofortelt-one.ufo\/glyphs\/Z_dotaccent.glif","\/zapfinofortelt-one.ufo\/glyphs\/_null.glif":"\/zapfinofortelt-one.ufo\/glyphs\/_null.glif","\/zapfinofortelt-one.ufo\/glyphs\/a.glif":"\/zapfinofortelt-one.ufo\/glyphs\/a.glif","\/zapfinofortelt-one.ufo\/glyphs\/aacute.glif":"\/zapfinofortelt-one.ufo\/glyphs\/aacute.glif","\/zapfinofortelt-one.ufo\/glyphs\/abreve.glif":"\/zapfinofortelt-one.ufo\/glyphs\/abreve.glif","\/zapfinofortelt-one.ufo\/glyphs\/acircumflex.glif":"\/zapfinofortelt-one.ufo\/glyphs\/acircumflex.glif","\/zapfinofortelt-one.ufo\/glyphs\/acute.cap.glif":"\/zapfinofortelt-one.ufo\/glyphs\/acute.cap.glif","\/zapfinofortelt-one.ufo\/glyphs\/acute.glif":"\/zapfinofortelt-one.ufo\/glyphs\/acute.glif","\/zapfinofortelt-one.ufo\/glyphs\/adieresis.glif":"\/zapfinofortelt-one.ufo\/glyphs\/adieresis.glif","\/zapfinofortelt-one.ufo\/glyphs\/ae.glif":"\/zapfinofortelt-one.ufo\/glyphs\/ae.glif","\/zapfinofortelt-one.ufo\/glyphs\/afii61289.glif":"\/zapfinofortelt-one.ufo\/glyphs\/afii61289.glif","\/zapfinofortelt-one.ufo\/glyphs\/agrave.glif":"\/zapfinofortelt-one.ufo\/glyphs\/agrave.glif","\/zapfinofortelt-one.ufo\/glyphs\/amacron.glif":"\/zapfinofortelt-one.ufo\/glyphs\/amacron.glif","\/zapfinofortelt-one.ufo\/glyphs\/ampersand.glif":"\/zapfinofortelt-one.ufo\/glyphs\/ampersand.glif","\/zapfinofortelt-one.ufo\/glyphs\/aogonek.glif":"\/zapfinofortelt-one.ufo\/glyphs\/aogonek.glif","\/zapfinofortelt-one.ufo\/glyphs\/approxequal.glif":"\/zapfinofortelt-one.ufo\/glyphs\/approxequal.glif","\/zapfinofortelt-one.ufo\/glyphs\/aring.glif":"\/zapfinofortelt-one.ufo\/glyphs\/aring.glif","\/zapfinofortelt-one.ufo\/glyphs\/asciicircum.glif":"\/zapfinofortelt-one.ufo\/glyphs\/asciicircum.glif","\/zapfinofortelt-one.ufo\/glyphs\/asciitilde.glif":"\/zapfinofortelt-one.ufo\/glyphs\/asciitilde.glif","\/zapfinofortelt-one.ufo\/glyphs\/asterisk.glif":"\/zapfinofortelt-one.ufo\/glyphs\/asterisk.glif","\/zapfinofortelt-one.ufo\/glyphs\/at.glif":"\/zapfinofortelt-one.ufo\/glyphs\/at.glif","\/zapfinofortelt-one.ufo\/glyphs\/atilde.glif":"\/zapfinofortelt-one.ufo\/glyphs\/atilde.glif","\/zapfinofortelt-one.ufo\/glyphs\/b.glif":"\/zapfinofortelt-one.ufo\/glyphs\/b.glif","\/zapfinofortelt-one.ufo\/glyphs\/backslash.glif":"\/zapfinofortelt-one.ufo\/glyphs\/backslash.glif","\/zapfinofortelt-one.ufo\/glyphs\/bar.glif":"\/zapfinofortelt-one.ufo\/glyphs\/bar.glif","\/zapfinofortelt-one.ufo\/glyphs\/braceleft.glif":"\/zapfinofortelt-one.ufo\/glyphs\/braceleft.glif","\/zapfinofortelt-one.ufo\/glyphs\/braceright.glif":"\/zapfinofortelt-one.ufo\/glyphs\/braceright.glif","\/zapfinofortelt-one.ufo\/glyphs\/bracketleft.glif":"\/zapfinofortelt-one.ufo\/glyphs\/bracketleft.glif","\/zapfinofortelt-one.ufo\/glyphs\/bracketright.glif":"\/zapfinofortelt-one.ufo\/glyphs\/bracketright.glif","\/zapfinofortelt-one.ufo\/glyphs\/breve.cap.glif":"\/zapfinofortelt-one.ufo\/glyphs\/breve.cap.glif","\/zapfinofortelt-one.ufo\/glyphs\/breve.glif":"\/zapfinofortelt-one.ufo\/glyphs\/breve.glif","\/zapfinofortelt-one.ufo\/glyphs\/brokenbar.glif":"\/zapfinofortelt-one.ufo\/glyphs\/brokenbar.glif","\/zapfinofortelt-one.ufo\/glyphs\/bullet.glif":"\/zapfinofortelt-one.ufo\/glyphs\/bullet.glif","\/zapfinofortelt-one.ufo\/glyphs\/c.glif":"\/zapfinofortelt-one.ufo\/glyphs\/c.glif","\/zapfinofortelt-one.ufo\/glyphs\/cacute.glif":"\/zapfinofortelt-one.ufo\/glyphs\/cacute.glif","\/zapfinofortelt-one.ufo\/glyphs\/caron.alt.glif":"\/zapfinofortelt-one.ufo\/glyphs\/caron.alt.glif","\/zapfinofortelt-one.ufo\/glyphs\/caron.cap.glif":"\/zapfinofortelt-one.ufo\/glyphs\/caron.cap.glif","\/zapfinofortelt-one.ufo\/glyphs\/caron.glif":"\/zapfinofortelt-one.ufo\/glyphs\/caron.glif","\/zapfinofortelt-one.ufo\/glyphs\/ccaron.glif":"\/zapfinofortelt-one.ufo\/glyphs\/ccaron.glif","\/zapfinofortelt-one.ufo\/glyphs\/ccedilla.glif":"\/zapfinofortelt-one.ufo\/glyphs\/ccedilla.glif","\/zapfinofortelt-one.ufo\/glyphs\/ccircumflex.glif":"\/zapfinofortelt-one.ufo\/glyphs\/ccircumflex.glif","\/zapfinofortelt-one.ufo\/glyphs\/cdotaccent.glif":"\/zapfinofortelt-one.ufo\/glyphs\/cdotaccent.glif","\/zapfinofortelt-one.ufo\/glyphs\/cedilla.glif":"\/zapfinofortelt-one.ufo\/glyphs\/cedilla.glif","\/zapfinofortelt-one.ufo\/glyphs\/cent.glif":"\/zapfinofortelt-one.ufo\/glyphs\/cent.glif","\/zapfinofortelt-one.ufo\/glyphs\/circumflex.cap.glif":"\/zapfinofortelt-one.ufo\/glyphs\/circumflex.cap.glif","\/zapfinofortelt-one.ufo\/glyphs\/circumflex.glif":"\/zapfinofortelt-one.ufo\/glyphs\/circumflex.glif","\/zapfinofortelt-one.ufo\/glyphs\/colon.glif":"\/zapfinofortelt-one.ufo\/glyphs\/colon.glif","\/zapfinofortelt-one.ufo\/glyphs\/comma.glif":"\/zapfinofortelt-one.ufo\/glyphs\/comma.glif","\/zapfinofortelt-one.ufo\/glyphs\/commaaccent.alt.glif":"\/zapfinofortelt-one.ufo\/glyphs\/commaaccent.alt.glif","\/zapfinofortelt-one.ufo\/glyphs\/commaaccent.glif":"\/zapfinofortelt-one.ufo\/glyphs\/commaaccent.glif","\/zapfinofortelt-one.ufo\/glyphs\/contents.plist":"\/zapfinofortelt-one.ufo\/glyphs\/contents.plist","\/zapfinofortelt-one.ufo\/glyphs\/copyright.glif":"\/zapfinofortelt-one.ufo\/glyphs\/copyright.glif","\/zapfinofortelt-one.ufo\/glyphs\/currency.glif":"\/zapfinofortelt-one.ufo\/glyphs\/currency.glif","\/zapfinofortelt-one.ufo\/glyphs\/d.glif":"\/zapfinofortelt-one.ufo\/glyphs\/d.glif","\/zapfinofortelt-one.ufo\/glyphs\/dagger.glif":"\/zapfinofortelt-one.ufo\/glyphs\/dagger.glif","\/zapfinofortelt-one.ufo\/glyphs\/daggerdbl.glif":"\/zapfinofortelt-one.ufo\/glyphs\/daggerdbl.glif","\/zapfinofortelt-one.ufo\/glyphs\/dcaron.glif":"\/zapfinofortelt-one.ufo\/glyphs\/dcaron.glif","\/zapfinofortelt-one.ufo\/glyphs\/dcroat.glif":"\/zapfinofortelt-one.ufo\/glyphs\/dcroat.glif","\/zapfinofortelt-one.ufo\/glyphs\/degree.glif":"\/zapfinofortelt-one.ufo\/glyphs\/degree.glif","\/zapfinofortelt-one.ufo\/glyphs\/dieresis.cap.glif":"\/zapfinofortelt-one.ufo\/glyphs\/dieresis.cap.glif","\/zapfinofortelt-one.ufo\/glyphs\/dieresis.glif":"\/zapfinofortelt-one.ufo\/glyphs\/dieresis.glif","\/zapfinofortelt-one.ufo\/glyphs\/divide.glif":"\/zapfinofortelt-one.ufo\/glyphs\/divide.glif","\/zapfinofortelt-one.ufo\/glyphs\/dollar.glif":"\/zapfinofortelt-one.ufo\/glyphs\/dollar.glif","\/zapfinofortelt-one.ufo\/glyphs\/dotaccent.cap.glif":"\/zapfinofortelt-one.ufo\/glyphs\/dotaccent.cap.glif","\/zapfinofortelt-one.ufo\/glyphs\/dotaccent.glif":"\/zapfinofortelt-one.ufo\/glyphs\/dotaccent.glif","\/zapfinofortelt-one.ufo\/glyphs\/dotlessi.glif":"\/zapfinofortelt-one.ufo\/glyphs\/dotlessi.glif","\/zapfinofortelt-one.ufo\/glyphs\/dotlessj.glif":"\/zapfinofortelt-one.ufo\/glyphs\/dotlessj.glif","\/zapfinofortelt-one.ufo\/glyphs\/e.glif":"\/zapfinofortelt-one.ufo\/glyphs\/e.glif","\/zapfinofortelt-one.ufo\/glyphs\/eacute.glif":"\/zapfinofortelt-one.ufo\/glyphs\/eacute.glif","\/zapfinofortelt-one.ufo\/glyphs\/ebreve.glif":"\/zapfinofortelt-one.ufo\/glyphs\/ebreve.glif","\/zapfinofortelt-one.ufo\/glyphs\/ecaron.glif":"\/zapfinofortelt-one.ufo\/glyphs\/ecaron.glif","\/zapfinofortelt-one.ufo\/glyphs\/ecircumflex.glif":"\/zapfinofortelt-one.ufo\/glyphs\/ecircumflex.glif","\/zapfinofortelt-one.ufo\/glyphs\/edieresis.glif":"\/zapfinofortelt-one.ufo\/glyphs\/edieresis.glif","\/zapfinofortelt-one.ufo\/glyphs\/edotaccent.glif":"\/zapfinofortelt-one.ufo\/glyphs\/edotaccent.glif","\/zapfinofortelt-one.ufo\/glyphs\/egrave.glif":"\/zapfinofortelt-one.ufo\/glyphs\/egrave.glif","\/zapfinofortelt-one.ufo\/glyphs\/eight.glif":"\/zapfinofortelt-one.ufo\/glyphs\/eight.glif","\/zapfinofortelt-one.ufo\/glyphs\/ellipsis.glif":"\/zapfinofortelt-one.ufo\/glyphs\/ellipsis.glif","\/zapfinofortelt-one.ufo\/glyphs\/emacron.glif":"\/zapfinofortelt-one.ufo\/glyphs\/emacron.glif","\/zapfinofortelt-one.ufo\/glyphs\/emdash.glif":"\/zapfinofortelt-one.ufo\/glyphs\/emdash.glif","\/zapfinofortelt-one.ufo\/glyphs\/endash.glif":"\/zapfinofortelt-one.ufo\/glyphs\/endash.glif","\/zapfinofortelt-one.ufo\/glyphs\/eogonek.glif":"\/zapfinofortelt-one.ufo\/glyphs\/eogonek.glif","\/zapfinofortelt-one.ufo\/glyphs\/equal.glif":"\/zapfinofortelt-one.ufo\/glyphs\/equal.glif","\/zapfinofortelt-one.ufo\/glyphs\/estimated.glif":"\/zapfinofortelt-one.ufo\/glyphs\/estimated.glif","\/zapfinofortelt-one.ufo\/glyphs\/eth.glif":"\/zapfinofortelt-one.ufo\/glyphs\/eth.glif","\/zapfinofortelt-one.ufo\/glyphs\/exclam.glif":"\/zapfinofortelt-one.ufo\/glyphs\/exclam.glif","\/zapfinofortelt-one.ufo\/glyphs\/exclamdown.glif":"\/zapfinofortelt-one.ufo\/glyphs\/exclamdown.glif","\/zapfinofortelt-one.ufo\/glyphs\/f.glif":"\/zapfinofortelt-one.ufo\/glyphs\/f.glif","\/zapfinofortelt-one.ufo\/glyphs\/fi.glif":"\/zapfinofortelt-one.ufo\/glyphs\/fi.glif","\/zapfinofortelt-one.ufo\/glyphs\/five.glif":"\/zapfinofortelt-one.ufo\/glyphs\/five.glif","\/zapfinofortelt-one.ufo\/glyphs\/fl.glif":"\/zapfinofortelt-one.ufo\/glyphs\/fl.glif","\/zapfinofortelt-one.ufo\/glyphs\/florin.glif":"\/zapfinofortelt-one.ufo\/glyphs\/florin.glif","\/zapfinofortelt-one.ufo\/glyphs\/four.glif":"\/zapfinofortelt-one.ufo\/glyphs\/four.glif","\/zapfinofortelt-one.ufo\/glyphs\/fraction.glif":"\/zapfinofortelt-one.ufo\/glyphs\/fraction.glif","\/zapfinofortelt-one.ufo\/glyphs\/g.glif":"\/zapfinofortelt-one.ufo\/glyphs\/g.glif","\/zapfinofortelt-one.ufo\/glyphs\/gbreve.glif":"\/zapfinofortelt-one.ufo\/glyphs\/gbreve.glif","\/zapfinofortelt-one.ufo\/glyphs\/gcircumflex.glif":"\/zapfinofortelt-one.ufo\/glyphs\/gcircumflex.glif","\/zapfinofortelt-one.ufo\/glyphs\/gcommaaccent.glif":"\/zapfinofortelt-one.ufo\/glyphs\/gcommaaccent.glif","\/zapfinofortelt-one.ufo\/glyphs\/gdotaccent.glif":"\/zapfinofortelt-one.ufo\/glyphs\/gdotaccent.glif","\/zapfinofortelt-one.ufo\/glyphs\/germandbls.glif":"\/zapfinofortelt-one.ufo\/glyphs\/germandbls.glif","\/zapfinofortelt-one.ufo\/glyphs\/grave.cap.glif":"\/zapfinofortelt-one.ufo\/glyphs\/grave.cap.glif","\/zapfinofortelt-one.ufo\/glyphs\/grave.glif":"\/zapfinofortelt-one.ufo\/glyphs\/grave.glif","\/zapfinofortelt-one.ufo\/glyphs\/greater.glif":"\/zapfinofortelt-one.ufo\/glyphs\/greater.glif","\/zapfinofortelt-one.ufo\/glyphs\/greaterequal.glif":"\/zapfinofortelt-one.ufo\/glyphs\/greaterequal.glif","\/zapfinofortelt-one.ufo\/glyphs\/guillemotleft.glif":"\/zapfinofortelt-one.ufo\/glyphs\/guillemotleft.glif","\/zapfinofortelt-one.ufo\/glyphs\/guillemotright.glif":"\/zapfinofortelt-one.ufo\/glyphs\/guillemotright.glif","\/zapfinofortelt-one.ufo\/glyphs\/guilsinglleft.glif":"\/zapfinofortelt-one.ufo\/glyphs\/guilsinglleft.glif","\/zapfinofortelt-one.ufo\/glyphs\/guilsinglright.glif":"\/zapfinofortelt-one.ufo\/glyphs\/guilsinglright.glif","\/zapfinofortelt-one.ufo\/glyphs\/h.glif":"\/zapfinofortelt-one.ufo\/glyphs\/h.glif","\/zapfinofortelt-one.ufo\/glyphs\/hbar.glif":"\/zapfinofortelt-one.ufo\/glyphs\/hbar.glif","\/zapfinofortelt-one.ufo\/glyphs\/hcircumflex.glif":"\/zapfinofortelt-one.ufo\/glyphs\/hcircumflex.glif","\/zapfinofortelt-one.ufo\/glyphs\/hungarumlaut.cap.glif":"\/zapfinofortelt-one.ufo\/glyphs\/hungarumlaut.cap.glif","\/zapfinofortelt-one.ufo\/glyphs\/hungarumlaut.glif":"\/zapfinofortelt-one.ufo\/glyphs\/hungarumlaut.glif","\/zapfinofortelt-one.ufo\/glyphs\/hyphen.glif":"\/zapfinofortelt-one.ufo\/glyphs\/hyphen.glif","\/zapfinofortelt-one.ufo\/glyphs\/i.glif":"\/zapfinofortelt-one.ufo\/glyphs\/i.glif","\/zapfinofortelt-one.ufo\/glyphs\/iacute.glif":"\/zapfinofortelt-one.ufo\/glyphs\/iacute.glif","\/zapfinofortelt-one.ufo\/glyphs\/icircumflex.glif":"\/zapfinofortelt-one.ufo\/glyphs\/icircumflex.glif","\/zapfinofortelt-one.ufo\/glyphs\/idieresis.glif":"\/zapfinofortelt-one.ufo\/glyphs\/idieresis.glif","\/zapfinofortelt-one.ufo\/glyphs\/igrave.glif":"\/zapfinofortelt-one.ufo\/glyphs\/igrave.glif","\/zapfinofortelt-one.ufo\/glyphs\/ij.glif":"\/zapfinofortelt-one.ufo\/glyphs\/ij.glif","\/zapfinofortelt-one.ufo\/glyphs\/imacron.glif":"\/zapfinofortelt-one.ufo\/glyphs\/imacron.glif","\/zapfinofortelt-one.ufo\/glyphs\/infinity.glif":"\/zapfinofortelt-one.ufo\/glyphs\/infinity.glif","\/zapfinofortelt-one.ufo\/glyphs\/integral.glif":"\/zapfinofortelt-one.ufo\/glyphs\/integral.glif","\/zapfinofortelt-one.ufo\/glyphs\/iogonek.glif":"\/zapfinofortelt-one.ufo\/glyphs\/iogonek.glif","\/zapfinofortelt-one.ufo\/glyphs\/itilde.glif":"\/zapfinofortelt-one.ufo\/glyphs\/itilde.glif","\/zapfinofortelt-one.ufo\/glyphs\/j.glif":"\/zapfinofortelt-one.ufo\/glyphs\/j.glif","\/zapfinofortelt-one.ufo\/glyphs\/jcircumflex.glif":"\/zapfinofortelt-one.ufo\/glyphs\/jcircumflex.glif","\/zapfinofortelt-one.ufo\/glyphs\/k.glif":"\/zapfinofortelt-one.ufo\/glyphs\/k.glif","\/zapfinofortelt-one.ufo\/glyphs\/kcommaaccent.glif":"\/zapfinofortelt-one.ufo\/glyphs\/kcommaaccent.glif","\/zapfinofortelt-one.ufo\/glyphs\/l.glif":"\/zapfinofortelt-one.ufo\/glyphs\/l.glif","\/zapfinofortelt-one.ufo\/glyphs\/lacute.glif":"\/zapfinofortelt-one.ufo\/glyphs\/lacute.glif","\/zapfinofortelt-one.ufo\/glyphs\/lcaron.glif":"\/zapfinofortelt-one.ufo\/glyphs\/lcaron.glif","\/zapfinofortelt-one.ufo\/glyphs\/lcommaaccent.glif":"\/zapfinofortelt-one.ufo\/glyphs\/lcommaaccent.glif","\/zapfinofortelt-one.ufo\/glyphs\/ldot.glif":"\/zapfinofortelt-one.ufo\/glyphs\/ldot.glif","\/zapfinofortelt-one.ufo\/glyphs\/less.glif":"\/zapfinofortelt-one.ufo\/glyphs\/less.glif","\/zapfinofortelt-one.ufo\/glyphs\/lessequal.glif":"\/zapfinofortelt-one.ufo\/glyphs\/lessequal.glif","\/zapfinofortelt-one.ufo\/glyphs\/logicalnot.glif":"\/zapfinofortelt-one.ufo\/glyphs\/logicalnot.glif","\/zapfinofortelt-one.ufo\/glyphs\/lozenge.glif":"\/zapfinofortelt-one.ufo\/glyphs\/lozenge.glif","\/zapfinofortelt-one.ufo\/glyphs\/lslash.glif":"\/zapfinofortelt-one.ufo\/glyphs\/lslash.glif","\/zapfinofortelt-one.ufo\/glyphs\/m.glif":"\/zapfinofortelt-one.ufo\/glyphs\/m.glif","\/zapfinofortelt-one.ufo\/glyphs\/macron.cap.glif":"\/zapfinofortelt-one.ufo\/glyphs\/macron.cap.glif","\/zapfinofortelt-one.ufo\/glyphs\/macron.glif":"\/zapfinofortelt-one.ufo\/glyphs\/macron.glif","\/zapfinofortelt-one.ufo\/glyphs\/minus.glif":"\/zapfinofortelt-one.ufo\/glyphs\/minus.glif","\/zapfinofortelt-one.ufo\/glyphs\/mu.glif":"\/zapfinofortelt-one.ufo\/glyphs\/mu.glif","\/zapfinofortelt-one.ufo\/glyphs\/multiply.glif":"\/zapfinofortelt-one.ufo\/glyphs\/multiply.glif","\/zapfinofortelt-one.ufo\/glyphs\/n.glif":"\/zapfinofortelt-one.ufo\/glyphs\/n.glif","\/zapfinofortelt-one.ufo\/glyphs\/nacute.glif":"\/zapfinofortelt-one.ufo\/glyphs\/nacute.glif","\/zapfinofortelt-one.ufo\/glyphs\/napostrophe.glif":"\/zapfinofortelt-one.ufo\/glyphs\/napostrophe.glif","\/zapfinofortelt-one.ufo\/glyphs\/ncaron.glif":"\/zapfinofortelt-one.ufo\/glyphs\/ncaron.glif","\/zapfinofortelt-one.ufo\/glyphs\/ncommaaccent.glif":"\/zapfinofortelt-one.ufo\/glyphs\/ncommaaccent.glif","\/zapfinofortelt-one.ufo\/glyphs\/nine.glif":"\/zapfinofortelt-one.ufo\/glyphs\/nine.glif","\/zapfinofortelt-one.ufo\/glyphs\/notequal.glif":"\/zapfinofortelt-one.ufo\/glyphs\/notequal.glif","\/zapfinofortelt-one.ufo\/glyphs\/ntilde.glif":"\/zapfinofortelt-one.ufo\/glyphs\/ntilde.glif","\/zapfinofortelt-one.ufo\/glyphs\/numbersign.glif":"\/zapfinofortelt-one.ufo\/glyphs\/numbersign.glif","\/zapfinofortelt-one.ufo\/glyphs\/o.glif":"\/zapfinofortelt-one.ufo\/glyphs\/o.glif","\/zapfinofortelt-one.ufo\/glyphs\/oacute.glif":"\/zapfinofortelt-one.ufo\/glyphs\/oacute.glif","\/zapfinofortelt-one.ufo\/glyphs\/obreve.glif":"\/zapfinofortelt-one.ufo\/glyphs\/obreve.glif","\/zapfinofortelt-one.ufo\/glyphs\/ocircumflex.glif":"\/zapfinofortelt-one.ufo\/glyphs\/ocircumflex.glif","\/zapfinofortelt-one.ufo\/glyphs\/odieresis.glif":"\/zapfinofortelt-one.ufo\/glyphs\/odieresis.glif","\/zapfinofortelt-one.ufo\/glyphs\/oe.glif":"\/zapfinofortelt-one.ufo\/glyphs\/oe.glif","\/zapfinofortelt-one.ufo\/glyphs\/ogonek.glif":"\/zapfinofortelt-one.ufo\/glyphs\/ogonek.glif","\/zapfinofortelt-one.ufo\/glyphs\/ograve.glif":"\/zapfinofortelt-one.ufo\/glyphs\/ograve.glif","\/zapfinofortelt-one.ufo\/glyphs\/ohungarumlaut.glif":"\/zapfinofortelt-one.ufo\/glyphs\/ohungarumlaut.glif","\/zapfinofortelt-one.ufo\/glyphs\/omacron.glif":"\/zapfinofortelt-one.ufo\/glyphs\/omacron.glif","\/zapfinofortelt-one.ufo\/glyphs\/one.glif":"\/zapfinofortelt-one.ufo\/glyphs\/one.glif","\/zapfinofortelt-one.ufo\/glyphs\/onehalf.glif":"\/zapfinofortelt-one.ufo\/glyphs\/onehalf.glif","\/zapfinofortelt-one.ufo\/glyphs\/onequarter.glif":"\/zapfinofortelt-one.ufo\/glyphs\/onequarter.glif","\/zapfinofortelt-one.ufo\/glyphs\/onesuperior.glif":"\/zapfinofortelt-one.ufo\/glyphs\/onesuperior.glif","\/zapfinofortelt-one.ufo\/glyphs\/ordfeminine.glif":"\/zapfinofortelt-one.ufo\/glyphs\/ordfeminine.glif","\/zapfinofortelt-one.ufo\/glyphs\/ordmasculine.glif":"\/zapfinofortelt-one.ufo\/glyphs\/ordmasculine.glif","\/zapfinofortelt-one.ufo\/glyphs\/oslash.glif":"\/zapfinofortelt-one.ufo\/glyphs\/oslash.glif","\/zapfinofortelt-one.ufo\/glyphs\/otilde.glif":"\/zapfinofortelt-one.ufo\/glyphs\/otilde.glif","\/zapfinofortelt-one.ufo\/glyphs\/p.glif":"\/zapfinofortelt-one.ufo\/glyphs\/p.glif","\/zapfinofortelt-one.ufo\/glyphs\/paragraph.glif":"\/zapfinofortelt-one.ufo\/glyphs\/paragraph.glif","\/zapfinofortelt-one.ufo\/glyphs\/parenleft.glif":"\/zapfinofortelt-one.ufo\/glyphs\/parenleft.glif","\/zapfinofortelt-one.ufo\/glyphs\/parenright.glif":"\/zapfinofortelt-one.ufo\/glyphs\/parenright.glif","\/zapfinofortelt-one.ufo\/glyphs\/partialdiff.glif":"\/zapfinofortelt-one.ufo\/glyphs\/partialdiff.glif","\/zapfinofortelt-one.ufo\/glyphs\/percent.glif":"\/zapfinofortelt-one.ufo\/glyphs\/percent.glif","\/zapfinofortelt-one.ufo\/glyphs\/period.glif":"\/zapfinofortelt-one.ufo\/glyphs\/period.glif","\/zapfinofortelt-one.ufo\/glyphs\/periodcentered.glif":"\/zapfinofortelt-one.ufo\/glyphs\/periodcentered.glif","\/zapfinofortelt-one.ufo\/glyphs\/perthousand.glif":"\/zapfinofortelt-one.ufo\/glyphs\/perthousand.glif","\/zapfinofortelt-one.ufo\/glyphs\/pi.glif":"\/zapfinofortelt-one.ufo\/glyphs\/pi.glif","\/zapfinofortelt-one.ufo\/glyphs\/plus.glif":"\/zapfinofortelt-one.ufo\/glyphs\/plus.glif","\/zapfinofortelt-one.ufo\/glyphs\/plusminus.glif":"\/zapfinofortelt-one.ufo\/glyphs\/plusminus.glif","\/zapfinofortelt-one.ufo\/glyphs\/product.glif":"\/zapfinofortelt-one.ufo\/glyphs\/product.glif","\/zapfinofortelt-one.ufo\/glyphs\/q.glif":"\/zapfinofortelt-one.ufo\/glyphs\/q.glif","\/zapfinofortelt-one.ufo\/glyphs\/question.glif":"\/zapfinofortelt-one.ufo\/glyphs\/question.glif","\/zapfinofortelt-one.ufo\/glyphs\/questiondown.glif":"\/zapfinofortelt-one.ufo\/glyphs\/questiondown.glif","\/zapfinofortelt-one.ufo\/glyphs\/quotedbl.glif":"\/zapfinofortelt-one.ufo\/glyphs\/quotedbl.glif","\/zapfinofortelt-one.ufo\/glyphs\/quotedblbase.glif":"\/zapfinofortelt-one.ufo\/glyphs\/quotedblbase.glif","\/zapfinofortelt-one.ufo\/glyphs\/quotedblleft.glif":"\/zapfinofortelt-one.ufo\/glyphs\/quotedblleft.glif","\/zapfinofortelt-one.ufo\/glyphs\/quotedblright.glif":"\/zapfinofortelt-one.ufo\/glyphs\/quotedblright.glif","\/zapfinofortelt-one.ufo\/glyphs\/quoteleft.glif":"\/zapfinofortelt-one.ufo\/glyphs\/quoteleft.glif","\/zapfinofortelt-one.ufo\/glyphs\/quoteright.glif":"\/zapfinofortelt-one.ufo\/glyphs\/quoteright.glif","\/zapfinofortelt-one.ufo\/glyphs\/quotesinglbase.glif":"\/zapfinofortelt-one.ufo\/glyphs\/quotesinglbase.glif","\/zapfinofortelt-one.ufo\/glyphs\/quotesingle.glif":"\/zapfinofortelt-one.ufo\/glyphs\/quotesingle.glif","\/zapfinofortelt-one.ufo\/glyphs\/r.glif":"\/zapfinofortelt-one.ufo\/glyphs\/r.glif","\/zapfinofortelt-one.ufo\/glyphs\/racute.glif":"\/zapfinofortelt-one.ufo\/glyphs\/racute.glif","\/zapfinofortelt-one.ufo\/glyphs\/radical.glif":"\/zapfinofortelt-one.ufo\/glyphs\/radical.glif","\/zapfinofortelt-one.ufo\/glyphs\/rcaron.glif":"\/zapfinofortelt-one.ufo\/glyphs\/rcaron.glif","\/zapfinofortelt-one.ufo\/glyphs\/rcommaaccent.glif":"\/zapfinofortelt-one.ufo\/glyphs\/rcommaaccent.glif","\/zapfinofortelt-one.ufo\/glyphs\/registered.glif":"\/zapfinofortelt-one.ufo\/glyphs\/registered.glif","\/zapfinofortelt-one.ufo\/glyphs\/ring.cap.glif":"\/zapfinofortelt-one.ufo\/glyphs\/ring.cap.glif","\/zapfinofortelt-one.ufo\/glyphs\/ring.glif":"\/zapfinofortelt-one.ufo\/glyphs\/ring.glif","\/zapfinofortelt-one.ufo\/glyphs\/s.glif":"\/zapfinofortelt-one.ufo\/glyphs\/s.glif","\/zapfinofortelt-one.ufo\/glyphs\/sacute.glif":"\/zapfinofortelt-one.ufo\/glyphs\/sacute.glif","\/zapfinofortelt-one.ufo\/glyphs\/scaron.glif":"\/zapfinofortelt-one.ufo\/glyphs\/scaron.glif","\/zapfinofortelt-one.ufo\/glyphs\/scedilla.glif":"\/zapfinofortelt-one.ufo\/glyphs\/scedilla.glif","\/zapfinofortelt-one.ufo\/glyphs\/scircumflex.glif":"\/zapfinofortelt-one.ufo\/glyphs\/scircumflex.glif","\/zapfinofortelt-one.ufo\/glyphs\/scommaaccent.glif":"\/zapfinofortelt-one.ufo\/glyphs\/scommaaccent.glif","\/zapfinofortelt-one.ufo\/glyphs\/section.glif":"\/zapfinofortelt-one.ufo\/glyphs\/section.glif","\/zapfinofortelt-one.ufo\/glyphs\/semicolon.glif":"\/zapfinofortelt-one.ufo\/glyphs\/semicolon.glif","\/zapfinofortelt-one.ufo\/glyphs\/seven.glif":"\/zapfinofortelt-one.ufo\/glyphs\/seven.glif","\/zapfinofortelt-one.ufo\/glyphs\/six.glif":"\/zapfinofortelt-one.ufo\/glyphs\/six.glif","\/zapfinofortelt-one.ufo\/glyphs\/slash.glif":"\/zapfinofortelt-one.ufo\/glyphs\/slash.glif","\/zapfinofortelt-one.ufo\/glyphs\/space.glif":"\/zapfinofortelt-one.ufo\/glyphs\/space.glif","\/zapfinofortelt-one.ufo\/glyphs\/sterling.glif":"\/zapfinofortelt-one.ufo\/glyphs\/sterling.glif","\/zapfinofortelt-one.ufo\/glyphs\/summation.glif":"\/zapfinofortelt-one.ufo\/glyphs\/summation.glif","\/zapfinofortelt-one.ufo\/glyphs\/t.glif":"\/zapfinofortelt-one.ufo\/glyphs\/t.glif","\/zapfinofortelt-one.ufo\/glyphs\/tbar.glif":"\/zapfinofortelt-one.ufo\/glyphs\/tbar.glif","\/zapfinofortelt-one.ufo\/glyphs\/tcaron.glif":"\/zapfinofortelt-one.ufo\/glyphs\/tcaron.glif","\/zapfinofortelt-one.ufo\/glyphs\/tcommaaccent.glif":"\/zapfinofortelt-one.ufo\/glyphs\/tcommaaccent.glif","\/zapfinofortelt-one.ufo\/glyphs\/thorn.glif":"\/zapfinofortelt-one.ufo\/glyphs\/thorn.glif","\/zapfinofortelt-one.ufo\/glyphs\/three.glif":"\/zapfinofortelt-one.ufo\/glyphs\/three.glif","\/zapfinofortelt-one.ufo\/glyphs\/threequarters.glif":"\/zapfinofortelt-one.ufo\/glyphs\/threequarters.glif","\/zapfinofortelt-one.ufo\/glyphs\/threesuperior.glif":"\/zapfinofortelt-one.ufo\/glyphs\/threesuperior.glif","\/zapfinofortelt-one.ufo\/glyphs\/tilde.cap.glif":"\/zapfinofortelt-one.ufo\/glyphs\/tilde.cap.glif","\/zapfinofortelt-one.ufo\/glyphs\/tilde.glif":"\/zapfinofortelt-one.ufo\/glyphs\/tilde.glif","\/zapfinofortelt-one.ufo\/glyphs\/trademark.glif":"\/zapfinofortelt-one.ufo\/glyphs\/trademark.glif","\/zapfinofortelt-one.ufo\/glyphs\/two.glif":"\/zapfinofortelt-one.ufo\/glyphs\/two.glif","\/zapfinofortelt-one.ufo\/glyphs\/twosuperior.glif":"\/zapfinofortelt-one.ufo\/glyphs\/twosuperior.glif","\/zapfinofortelt-one.ufo\/glyphs\/u.glif":"\/zapfinofortelt-one.ufo\/glyphs\/u.glif","\/zapfinofortelt-one.ufo\/glyphs\/uacute.glif":"\/zapfinofortelt-one.ufo\/glyphs\/uacute.glif","\/zapfinofortelt-one.ufo\/glyphs\/ubreve.glif":"\/zapfinofortelt-one.ufo\/glyphs\/ubreve.glif","\/zapfinofortelt-one.ufo\/glyphs\/ucircumflex.glif":"\/zapfinofortelt-one.ufo\/glyphs\/ucircumflex.glif","\/zapfinofortelt-one.ufo\/glyphs\/udieresis.glif":"\/zapfinofortelt-one.ufo\/glyphs\/udieresis.glif","\/zapfinofortelt-one.ufo\/glyphs\/ugrave.glif":"\/zapfinofortelt-one.ufo\/glyphs\/ugrave.glif","\/zapfinofortelt-one.ufo\/glyphs\/uhungarumlaut.glif":"\/zapfinofortelt-one.ufo\/glyphs\/uhungarumlaut.glif","\/zapfinofortelt-one.ufo\/glyphs\/umacron.glif":"\/zapfinofortelt-one.ufo\/glyphs\/umacron.glif","\/zapfinofortelt-one.ufo\/glyphs\/underscore.glif":"\/zapfinofortelt-one.ufo\/glyphs\/underscore.glif","\/zapfinofortelt-one.ufo\/glyphs\/uni00A_0.glif":"\/zapfinofortelt-one.ufo\/glyphs\/uni00A_0.glif","\/zapfinofortelt-one.ufo\/glyphs\/uni00A_D_.glif":"\/zapfinofortelt-one.ufo\/glyphs\/uni00A_D_.glif","\/zapfinofortelt-one.ufo\/glyphs\/uni021A_.glif":"\/zapfinofortelt-one.ufo\/glyphs\/uni021A_.glif","\/zapfinofortelt-one.ufo\/glyphs\/uni021B_.glif":"\/zapfinofortelt-one.ufo\/glyphs\/uni021B_.glif","\/zapfinofortelt-one.ufo\/glyphs\/uni02C_9.glif":"\/zapfinofortelt-one.ufo\/glyphs\/uni02C_9.glif","\/zapfinofortelt-one.ufo\/glyphs\/uni0394.glif":"\/zapfinofortelt-one.ufo\/glyphs\/uni0394.glif","\/zapfinofortelt-one.ufo\/glyphs\/uni03A_9.glif":"\/zapfinofortelt-one.ufo\/glyphs\/uni03A_9.glif","\/zapfinofortelt-one.ufo\/glyphs\/uni03B_C_.glif":"\/zapfinofortelt-one.ufo\/glyphs\/uni03B_C_.glif","\/zapfinofortelt-one.ufo\/glyphs\/uni2215.glif":"\/zapfinofortelt-one.ufo\/glyphs\/uni2215.glif","\/zapfinofortelt-one.ufo\/glyphs\/uni2219.glif":"\/zapfinofortelt-one.ufo\/glyphs\/uni2219.glif","\/zapfinofortelt-one.ufo\/glyphs\/uniF_8F_F_.glif":"\/zapfinofortelt-one.ufo\/glyphs\/uniF_8F_F_.glif","\/zapfinofortelt-one.ufo\/glyphs\/uogonek.glif":"\/zapfinofortelt-one.ufo\/glyphs\/uogonek.glif","\/zapfinofortelt-one.ufo\/glyphs\/uring.glif":"\/zapfinofortelt-one.ufo\/glyphs\/uring.glif","\/zapfinofortelt-one.ufo\/glyphs\/utilde.glif":"\/zapfinofortelt-one.ufo\/glyphs\/utilde.glif","\/zapfinofortelt-one.ufo\/glyphs\/v.glif":"\/zapfinofortelt-one.ufo\/glyphs\/v.glif","\/zapfinofortelt-one.ufo\/glyphs\/w.glif":"\/zapfinofortelt-one.ufo\/glyphs\/w.glif","\/zapfinofortelt-one.ufo\/glyphs\/wcircumflex.glif":"\/zapfinofortelt-one.ufo\/glyphs\/wcircumflex.glif","\/zapfinofortelt-one.ufo\/glyphs\/x.glif":"\/zapfinofortelt-one.ufo\/glyphs\/x.glif","\/zapfinofortelt-one.ufo\/glyphs\/y.glif":"\/zapfinofortelt-one.ufo\/glyphs\/y.glif","\/zapfinofortelt-one.ufo\/glyphs\/yacute.glif":"\/zapfinofortelt-one.ufo\/glyphs\/yacute.glif","\/zapfinofortelt-one.ufo\/glyphs\/ycircumflex.glif":"\/zapfinofortelt-one.ufo\/glyphs\/ycircumflex.glif","\/zapfinofortelt-one.ufo\/glyphs\/ydieresis.glif":"\/zapfinofortelt-one.ufo\/glyphs\/ydieresis.glif","\/zapfinofortelt-one.ufo\/glyphs\/yen.glif":"\/zapfinofortelt-one.ufo\/glyphs\/yen.glif","\/zapfinofortelt-one.ufo\/glyphs\/z.glif":"\/zapfinofortelt-one.ufo\/glyphs\/z.glif","\/zapfinofortelt-one.ufo\/glyphs\/zacute.glif":"\/zapfinofortelt-one.ufo\/glyphs\/zacute.glif","\/zapfinofortelt-one.ufo\/glyphs\/zcaron.glif":"\/zapfinofortelt-one.ufo\/glyphs\/zcaron.glif","\/zapfinofortelt-one.ufo\/glyphs\/zdotaccent.glif":"\/zapfinofortelt-one.ufo\/glyphs\/zdotaccent.glif","\/zapfinofortelt-one.ufo\/glyphs\/zero.glif":"\/zapfinofortelt-one.ufo\/glyphs\/zero.glif"},"Font":{"uploaded":1477176246.6967,"licence":"gpl3","company":"Chronolabs Cooperative","title":"Zapfino Forte LT One","version":3.002,"date":"Fri Oct 14 23:24:02 2016","creator":"root","type":"1","matrix":"0.001 0 0 0.001 0 0","named":"ZapfinoForteLT-One","painttype":"0","info":"10 dict dup","name":"Zapfino Forte LT One","family":"Zapfino Forte LT","weight":"One","fstype":"4","italicangle":"0","underlineposition":"","underlinethickness":""},"Licences":{"":false},"Table":{"FFTM":{"entryLength":16,"tag":"FFTM","checksum":1955350132,"offset":67080,"length":28},"GDEF":{"entryLength":16,"tag":"GDEF","checksum":28442628,"offset":67048,"length":32},"OS\/2":{"entryLength":16,"tag":"OS\/2","checksum":2035501352,"offset":344,"length":86},"cmap":{"entryLength":16,"tag":"cmap","checksum":3426454248,"offset":1988,"length":1352},"gasp":{"entryLength":16,"tag":"gasp","checksum":4294901763,"offset":67040,"length":8},"glyf":{"entryLength":16,"tag":"glyf","checksum":3992921407,"offset":4120,"length":58828},"head":{"entryLength":16,"tag":"head","checksum":151416364,"offset":220,"length":54},"hhea":{"entryLength":16,"tag":"hhea","checksum":83820826,"offset":276,"length":36},"hmtx":{"entryLength":16,"tag":"hmtx","checksum":726086129,"offset":432,"length":1556},"loca":{"entryLength":16,"tag":"loca","checksum":1469353998,"offset":3340,"length":780},"maxp":{"entryLength":16,"tag":"maxp","checksum":30474481,"offset":312,"length":32},"name":{"entryLength":16,"tag":"name","checksum":2986657762,"offset":62948,"length":2043},"post":{"entryLength":16,"tag":"post","checksum":2675081226,"offset":64992,"length":2047}},"UnicodeCharMap":{"0":1,"32":4,"33":5,"34":6,"35":7,"36":8,"37":9,"38":10,"39":11,"40":12,"41":13,"42":14,"43":15,"44":16,"45":17,"46":18,"47":19,"48":20,"49":21,"50":22,"51":23,"52":24,"53":25,"54":26,"55":27,"56":28,"57":29,"58":30,"59":31,"60":32,"61":33,"62":34,"63":35,"64":36,"65":37,"66":38,"67":39,"68":40,"69":41,"70":42,"71":43,"72":44,"73":45,"74":46,"75":47,"76":48,"77":49,"78":50,"79":51,"80":52,"81":53,"82":54,"83":55,"84":56,"85":57,"86":58,"87":59,"88":60,"89":61,"90":62,"91":63,"92":64,"93":65,"94":66,"95":67,"96":68,"97":69,"98":70,"99":71,"100":72,"101":73,"102":74,"103":75,"104":76,"105":77,"106":78,"107":79,"108":80,"109":81,"110":82,"111":83,"112":84,"113":85,"114":86,"115":87,"116":88,"117":89,"118":90,"119":91,"120":92,"121":93,"122":94,"123":95,"124":96,"125":97,"126":98,"160":99,"161":100,"162":101,"163":102,"164":103,"165":104,"166":105,"167":106,"168":107,"169":108,"170":109,"171":110,"172":111,"173":112,"174":113,"175":114,"176":115,"177":116,"178":117,"179":118,"180":119,"182":121,"183":122,"184":123,"185":124,"186":125,"187":126,"188":127,"189":128,"190":129,"191":130,"192":131,"193":132,"194":133,"195":134,"196":135,"197":136,"198":137,"199":138,"200":139,"201":140,"202":141,"203":142,"204":143,"205":144,"206":145,"207":146,"208":147,"209":148,"210":149,"211":150,"212":151,"213":152,"214":153,"215":154,"216":155,"217":156,"218":157,"219":158,"220":159,"221":160,"222":161,"223":162,"224":163,"225":164,"226":165,"227":166,"228":167,"229":168,"230":169,"231":170,"232":171,"233":172,"234":173,"235":174,"236":175,"237":176,"238":177,"239":178,"240":179,"241":180,"242":181,"243":182,"244":183,"245":184,"246":185,"247":186,"248":187,"249":188,"250":189,"251":190,"252":191,"253":192,"254":193,"255":194,"256":195,"257":257,"258":196,"259":258,"260":197,"261":259,"262":198,"263":260,"264":199,"265":261,"266":201,"267":263,"268":200,"269":262,"270":202,"271":264,"272":203,"273":265,"274":205,"275":267,"276":206,"277":268,"278":207,"279":269,"280":208,"281":270,"282":204,"283":266,"284":209,"285":271,"286":210,"287":272,"288":211,"289":273,"290":212,"291":274,"292":213,"293":275,"294":214,"295":276,"296":215,"297":278,"298":216,"299":279,"302":218,"303":280,"304":217,"305":277,"306":320,"307":323,"308":219,"309":282,"310":220,"311":283,"313":221,"314":284,"315":223,"316":286,"317":222,"318":285,"319":225,"320":288,"321":224,"322":287,"323":226,"324":289,"325":228,"326":291,"327":227,"328":290,"329":292,"332":229,"333":293,"334":230,"335":294,"336":231,"337":295,"338":232,"339":296,"340":233,"341":297,"342":235,"343":298,"344":234,"345":299,"346":236,"347":300,"348":237,"349":301,"350":239,"351":303,"352":238,"353":302,"354":242,"355":306,"356":241,"357":305,"358":244,"359":308,"360":245,"361":309,"362":246,"363":310,"364":247,"365":311,"366":248,"367":312,"368":249,"369":313,"370":250,"371":314,"372":251,"373":315,"374":252,"375":316,"376":253,"377":254,"378":317,"379":256,"380":319,"381":255,"382":318,"402":364,"536":240,"537":304,"538":243,"539":307,"567":281,"710":326,"711":328,"713":335,"728":336,"729":342,"730":338,"731":344,"732":331,"733":340,"916":374,"937":376,"956":377,"960":378,"8211":356,"8212":357,"8216":348,"8217":349,"8218":352,"8220":350,"8221":351,"8222":353,"8224":360,"8225":361,"8226":358,"8230":347,"8240":367,"8249":354,"8250":355,"8260":365,"8364":363,"8467":379,"8482":362,"8494":380,"8706":382,"8719":386,"8721":385,"8722":368,"8725":366,"8729":359,"8730":384,"8734":381,"8747":383,"8776":370,"8800":369,"8804":371,"8805":372,"9674":387,"63743":388,"64257":321,"64258":322},"Reserves":{"fontname":"Zapfino Forte LT One"},"Names":{"Zapfino Forte LT One":{"name":"Zapfino Forte LT One","longitude":"0.00000001","latitude":"0.00000001","country":"","region":"","city":""}},"Nodes":{"za":{"type":"typal","node":"za","usage":1,"weight":1},"no":{"type":"typal","node":"no","usage":1,"weight":1},"fo":{"type":"typal","node":"fo","usage":1,"weight":1},"te":{"type":"typal","node":"te","usage":1,"weight":1},"on":{"type":"typal","node":"on","usage":1,"weight":1},"ne":{"type":"typal","node":"ne","usage":1,"weight":1},"zap":{"type":"typal","node":"zap","usage":1,"weight":1},"ino":{"type":"typal","node":"ino","usage":1,"weight":1},"for":{"type":"typal","node":"for","usage":1,"weight":1},"rte":{"type":"typal","node":"rte","usage":1,"weight":1},"zapf":{"type":"keys","node":"zapf","usage":1,"weight":1},"fino":{"type":"keys","node":"fino","usage":1,"weight":1},"fort":{"type":"keys","node":"fort","usage":1,"weight":1},"orte":{"type":"keys","node":"orte","usage":1,"weight":1},"zapfi":{"type":"keys","node":"zapfi","usage":1,"weight":1},"pfino":{"type":"keys","node":"pfino","usage":1,"weight":1},"zapfino":{"type":"fixes","node":"zapfino","usage":1,"weight":1},"forte":{"type":"fixes","node":"forte","usage":1,"weight":1},"lt":{"type":"fixes","node":"lt","usage":1,"weight":1},"one":{"type":"fixes","node":"one","usage":1,"weight":1}},"Contributors":[],"FontIdentity":"buddha0:d4f2569aa166e5f62963d1b6","Bytes":null,"Networking":[],"barcode":"uAiimmiWWuaOu","referee":"umyq2oaq"}