{"CSS":{"International Super Hero Light":"zinc77:fc924184114f01793b9321078.css"},"FontType":"TrueType","FontCopyright":"2002 Iconian Fonts - www.iconian.com","FontName":"International Super Hero Light","FontSubfamily":"Light","FontSubfamilyID":"FontForge 2.0 : International Super Hero Light : 4-12-2016","FontFullName":"International Super Hero Light","FontVersion":"Version 1 ","FontWeight":null,"FontPostscriptName":"InternationalSuperHeroLight","Files":{"\/International Super Hero Light.css":"\/International Super Hero Light.css","\/font-resource.json":"\/font-resource.json","\/intshl.afm":"\/intshl.afm","\/intshl.cef":"\/intshl.cef","\/intshl.cff":"\/intshl.cff","\/intshl.eot":"\/intshl.eot","\/intshl.gai":"\/intshl.gai","\/intshl.gsf":"\/intshl.gsf","\/intshl.otf":"\/intshl.otf","\/intshl.pf3":"\/intshl.pf3","\/intshl.pfa":"\/intshl.pfa","\/intshl.pfb":"\/intshl.pfb","\/intshl.php":"\/intshl.php","\/intshl.pt3":"\/intshl.pt3","\/intshl.sfd":"\/intshl.sfd","\/intshl.svg":"\/intshl.svg","\/intshl.t42":"\/intshl.t42","\/intshl.ttd":"\/intshl.ttd","\/intshl.ttf":"\/intshl.ttf","\/intshl.ttg":"\/intshl.ttg","\/intshl.ufm":"\/intshl.ufm","\/intshl.woff":"\/intshl.woff","\/intshl.z":"\/intshl.z","\/zinc77:fc924184114f01793b9321078.css":"\/zinc77:fc924184114f01793b9321078.css","\/intshl.ufo\/feature.fea":"\/intshl.ufo\/feature.fea","\/intshl.ufo\/fontinfo.plist":"\/intshl.ufo\/fontinfo.plist","\/intshl.ufo\/groups.plist":"\/intshl.ufo\/groups.plist","\/intshl.ufo\/kerning.plist":"\/intshl.ufo\/kerning.plist","\/intshl.ufo\/metainfo.plist":"\/intshl.ufo\/metainfo.plist","\/intshl.ufo\/glyphs\/A_.glif":"\/intshl.ufo\/glyphs\/A_.glif","\/intshl.ufo\/glyphs\/B_.glif":"\/intshl.ufo\/glyphs\/B_.glif","\/intshl.ufo\/glyphs\/C_.glif":"\/intshl.ufo\/glyphs\/C_.glif","\/intshl.ufo\/glyphs\/D_.glif":"\/intshl.ufo\/glyphs\/D_.glif","\/intshl.ufo\/glyphs\/E_.glif":"\/intshl.ufo\/glyphs\/E_.glif","\/intshl.ufo\/glyphs\/F_.glif":"\/intshl.ufo\/glyphs\/F_.glif","\/intshl.ufo\/glyphs\/F_L_0021h.glif":"\/intshl.ufo\/glyphs\/F_L_0021h.glif","\/intshl.ufo\/glyphs\/F_L_0023h.glif":"\/intshl.ufo\/glyphs\/F_L_0023h.glif","\/intshl.ufo\/glyphs\/F_L_0025h.glif":"\/intshl.ufo\/glyphs\/F_L_0025h.glif","\/intshl.ufo\/glyphs\/F_L_0026h.glif":"\/intshl.ufo\/glyphs\/F_L_0026h.glif","\/intshl.ufo\/glyphs\/F_L_002A_h.glif":"\/intshl.ufo\/glyphs\/F_L_002A_h.glif","\/intshl.ufo\/glyphs\/F_L_002F_h.glif":"\/intshl.ufo\/glyphs\/F_L_002F_h.glif","\/intshl.ufo\/glyphs\/F_L_0036h.glif":"\/intshl.ufo\/glyphs\/F_L_0036h.glif","\/intshl.ufo\/glyphs\/F_L_0037h.glif":"\/intshl.ufo\/glyphs\/F_L_0037h.glif","\/intshl.ufo\/glyphs\/F_L_0039h.glif":"\/intshl.ufo\/glyphs\/F_L_0039h.glif","\/intshl.ufo\/glyphs\/F_L_0040h.glif":"\/intshl.ufo\/glyphs\/F_L_0040h.glif","\/intshl.ufo\/glyphs\/F_L_005C_h.glif":"\/intshl.ufo\/glyphs\/F_L_005C_h.glif","\/intshl.ufo\/glyphs\/F_L_007B_h.glif":"\/intshl.ufo\/glyphs\/F_L_007B_h.glif","\/intshl.ufo\/glyphs\/F_L_007D_h.glif":"\/intshl.ufo\/glyphs\/F_L_007D_h.glif","\/intshl.ufo\/glyphs\/F_L_00A_1h.glif":"\/intshl.ufo\/glyphs\/F_L_00A_1h.glif","\/intshl.ufo\/glyphs\/F_L_00B_F_h.glif":"\/intshl.ufo\/glyphs\/F_L_00B_F_h.glif","\/intshl.ufo\/glyphs\/F_L_02C_6h.glif":"\/intshl.ufo\/glyphs\/F_L_02C_6h.glif","\/intshl.ufo\/glyphs\/F_L_2013h.glif":"\/intshl.ufo\/glyphs\/F_L_2013h.glif","\/intshl.ufo\/glyphs\/F_L_2014h.glif":"\/intshl.ufo\/glyphs\/F_L_2014h.glif","\/intshl.ufo\/glyphs\/F_L_2018h.glif":"\/intshl.ufo\/glyphs\/F_L_2018h.glif","\/intshl.ufo\/glyphs\/F_L_2019h.glif":"\/intshl.ufo\/glyphs\/F_L_2019h.glif","\/intshl.ufo\/glyphs\/F_L_201C_h.glif":"\/intshl.ufo\/glyphs\/F_L_201C_h.glif","\/intshl.ufo\/glyphs\/F_L_201D_h.glif":"\/intshl.ufo\/glyphs\/F_L_201D_h.glif","\/intshl.ufo\/glyphs\/F_L_2026h.glif":"\/intshl.ufo\/glyphs\/F_L_2026h.glif","\/intshl.ufo\/glyphs\/G_.glif":"\/intshl.ufo\/glyphs\/G_.glif","\/intshl.ufo\/glyphs\/H_.glif":"\/intshl.ufo\/glyphs\/H_.glif","\/intshl.ufo\/glyphs\/I_.glif":"\/intshl.ufo\/glyphs\/I_.glif","\/intshl.ufo\/glyphs\/J_.glif":"\/intshl.ufo\/glyphs\/J_.glif","\/intshl.ufo\/glyphs\/K_.glif":"\/intshl.ufo\/glyphs\/K_.glif","\/intshl.ufo\/glyphs\/L_.glif":"\/intshl.ufo\/glyphs\/L_.glif","\/intshl.ufo\/glyphs\/M_.glif":"\/intshl.ufo\/glyphs\/M_.glif","\/intshl.ufo\/glyphs\/N_.glif":"\/intshl.ufo\/glyphs\/N_.glif","\/intshl.ufo\/glyphs\/O_.glif":"\/intshl.ufo\/glyphs\/O_.glif","\/intshl.ufo\/glyphs\/P_.glif":"\/intshl.ufo\/glyphs\/P_.glif","\/intshl.ufo\/glyphs\/Q_.glif":"\/intshl.ufo\/glyphs\/Q_.glif","\/intshl.ufo\/glyphs\/R_.glif":"\/intshl.ufo\/glyphs\/R_.glif","\/intshl.ufo\/glyphs\/S_.glif":"\/intshl.ufo\/glyphs\/S_.glif","\/intshl.ufo\/glyphs\/T_.glif":"\/intshl.ufo\/glyphs\/T_.glif","\/intshl.ufo\/glyphs\/U_.glif":"\/intshl.ufo\/glyphs\/U_.glif","\/intshl.ufo\/glyphs\/V_.glif":"\/intshl.ufo\/glyphs\/V_.glif","\/intshl.ufo\/glyphs\/W_.glif":"\/intshl.ufo\/glyphs\/W_.glif","\/intshl.ufo\/glyphs\/X_.glif":"\/intshl.ufo\/glyphs\/X_.glif","\/intshl.ufo\/glyphs\/Y_.glif":"\/intshl.ufo\/glyphs\/Y_.glif","\/intshl.ufo\/glyphs\/Z_.glif":"\/intshl.ufo\/glyphs\/Z_.glif","\/intshl.ufo\/glyphs\/_null.glif":"\/intshl.ufo\/glyphs\/_null.glif","\/intshl.ufo\/glyphs\/a.glif":"\/intshl.ufo\/glyphs\/a.glif","\/intshl.ufo\/glyphs\/asciicircum.glif":"\/intshl.ufo\/glyphs\/asciicircum.glif","\/intshl.ufo\/glyphs\/b.glif":"\/intshl.ufo\/glyphs\/b.glif","\/intshl.ufo\/glyphs\/bar.glif":"\/intshl.ufo\/glyphs\/bar.glif","\/intshl.ufo\/glyphs\/bracketleft.glif":"\/intshl.ufo\/glyphs\/bracketleft.glif","\/intshl.ufo\/glyphs\/bracketright.glif":"\/intshl.ufo\/glyphs\/bracketright.glif","\/intshl.ufo\/glyphs\/c.glif":"\/intshl.ufo\/glyphs\/c.glif","\/intshl.ufo\/glyphs\/colon.glif":"\/intshl.ufo\/glyphs\/colon.glif","\/intshl.ufo\/glyphs\/comma.glif":"\/intshl.ufo\/glyphs\/comma.glif","\/intshl.ufo\/glyphs\/contents.plist":"\/intshl.ufo\/glyphs\/contents.plist","\/intshl.ufo\/glyphs\/d.glif":"\/intshl.ufo\/glyphs\/d.glif","\/intshl.ufo\/glyphs\/dollar.glif":"\/intshl.ufo\/glyphs\/dollar.glif","\/intshl.ufo\/glyphs\/e.glif":"\/intshl.ufo\/glyphs\/e.glif","\/intshl.ufo\/glyphs\/eight.glif":"\/intshl.ufo\/glyphs\/eight.glif","\/intshl.ufo\/glyphs\/equal.glif":"\/intshl.ufo\/glyphs\/equal.glif","\/intshl.ufo\/glyphs\/f.glif":"\/intshl.ufo\/glyphs\/f.glif","\/intshl.ufo\/glyphs\/five.glif":"\/intshl.ufo\/glyphs\/five.glif","\/intshl.ufo\/glyphs\/four.glif":"\/intshl.ufo\/glyphs\/four.glif","\/intshl.ufo\/glyphs\/g.glif":"\/intshl.ufo\/glyphs\/g.glif","\/intshl.ufo\/glyphs\/grave.glif":"\/intshl.ufo\/glyphs\/grave.glif","\/intshl.ufo\/glyphs\/greater.glif":"\/intshl.ufo\/glyphs\/greater.glif","\/intshl.ufo\/glyphs\/h.glif":"\/intshl.ufo\/glyphs\/h.glif","\/intshl.ufo\/glyphs\/i.glif":"\/intshl.ufo\/glyphs\/i.glif","\/intshl.ufo\/glyphs\/j.glif":"\/intshl.ufo\/glyphs\/j.glif","\/intshl.ufo\/glyphs\/k.glif":"\/intshl.ufo\/glyphs\/k.glif","\/intshl.ufo\/glyphs\/l.glif":"\/intshl.ufo\/glyphs\/l.glif","\/intshl.ufo\/glyphs\/less.glif":"\/intshl.ufo\/glyphs\/less.glif","\/intshl.ufo\/glyphs\/m.glif":"\/intshl.ufo\/glyphs\/m.glif","\/intshl.ufo\/glyphs\/minus.glif":"\/intshl.ufo\/glyphs\/minus.glif","\/intshl.ufo\/glyphs\/n.glif":"\/intshl.ufo\/glyphs\/n.glif","\/intshl.ufo\/glyphs\/nonmarkingreturn.glif":"\/intshl.ufo\/glyphs\/nonmarkingreturn.glif","\/intshl.ufo\/glyphs\/o.glif":"\/intshl.ufo\/glyphs\/o.glif","\/intshl.ufo\/glyphs\/one.glif":"\/intshl.ufo\/glyphs\/one.glif","\/intshl.ufo\/glyphs\/p.glif":"\/intshl.ufo\/glyphs\/p.glif","\/intshl.ufo\/glyphs\/parenleft.glif":"\/intshl.ufo\/glyphs\/parenleft.glif","\/intshl.ufo\/glyphs\/parenright.glif":"\/intshl.ufo\/glyphs\/parenright.glif","\/intshl.ufo\/glyphs\/period.glif":"\/intshl.ufo\/glyphs\/period.glif","\/intshl.ufo\/glyphs\/plus.glif":"\/intshl.ufo\/glyphs\/plus.glif","\/intshl.ufo\/glyphs\/q.glif":"\/intshl.ufo\/glyphs\/q.glif","\/intshl.ufo\/glyphs\/question.glif":"\/intshl.ufo\/glyphs\/question.glif","\/intshl.ufo\/glyphs\/quotedbl.glif":"\/intshl.ufo\/glyphs\/quotedbl.glif","\/intshl.ufo\/glyphs\/quotesingle.glif":"\/intshl.ufo\/glyphs\/quotesingle.glif","\/intshl.ufo\/glyphs\/r.glif":"\/intshl.ufo\/glyphs\/r.glif","\/intshl.ufo\/glyphs\/s.glif":"\/intshl.ufo\/glyphs\/s.glif","\/intshl.ufo\/glyphs\/semicolon.glif":"\/intshl.ufo\/glyphs\/semicolon.glif","\/intshl.ufo\/glyphs\/space.glif":"\/intshl.ufo\/glyphs\/space.glif","\/intshl.ufo\/glyphs\/t.glif":"\/intshl.ufo\/glyphs\/t.glif","\/intshl.ufo\/glyphs\/three.glif":"\/intshl.ufo\/glyphs\/three.glif","\/intshl.ufo\/glyphs\/two.glif":"\/intshl.ufo\/glyphs\/two.glif","\/intshl.ufo\/glyphs\/u.glif":"\/intshl.ufo\/glyphs\/u.glif","\/intshl.ufo\/glyphs\/underscore.glif":"\/intshl.ufo\/glyphs\/underscore.glif","\/intshl.ufo\/glyphs\/v.glif":"\/intshl.ufo\/glyphs\/v.glif","\/intshl.ufo\/glyphs\/w.glif":"\/intshl.ufo\/glyphs\/w.glif","\/intshl.ufo\/glyphs\/x.glif":"\/intshl.ufo\/glyphs\/x.glif","\/intshl.ufo\/glyphs\/y.glif":"\/intshl.ufo\/glyphs\/y.glif","\/intshl.ufo\/glyphs\/z.glif":"\/intshl.ufo\/glyphs\/z.glif","\/intshl.ufo\/glyphs\/zero.glif":"\/intshl.ufo\/glyphs\/zero.glif"},"Font":{"uploaded":1489260643.0581,"licence":"gpl3","company":"Chronolabs Cooperative","title":"International Super Hero Light","version":3.002,"date":"Fri Nov 25 22:28:46 2016","creator":"root","type":"1","matrix":"0.001 0 0 0.001 0 0","named":"InternationalSuperHeroLight","painttype":"0","info":"10 dict dup","name":"International Super Hero Light","family":"International Super Hero Light","weight":"Light","fstype":"0","italicangle":"0","underlineposition":"","underlinethickness":""},"Licences":{"":false},"Table":{"FFTM":{"entryLength":16,"tag":"FFTM","checksum":1962493100,"offset":32612,"length":28},"GDEF":{"entryLength":16,"tag":"GDEF","checksum":9961476,"offset":32580,"length":32},"OS\/2":{"entryLength":16,"tag":"OS\/2","checksum":1436057257,"offset":344,"length":86},"cmap":{"entryLength":16,"tag":"cmap","checksum":1045390066,"offset":860,"length":434},"gasp":{"entryLength":16,"tag":"gasp","checksum":4294901763,"offset":32572,"length":8},"glyf":{"entryLength":16,"tag":"glyf","checksum":3007332381,"offset":1512,"length":29844},"head":{"entryLength":16,"tag":"head","checksum":173891593,"offset":220,"length":54},"hhea":{"entryLength":16,"tag":"hhea","checksum":100205078,"offset":276,"length":36},"hmtx":{"entryLength":16,"tag":"hmtx","checksum":2778925988,"offset":432,"length":426},"loca":{"entryLength":16,"tag":"loca","checksum":62136356,"offset":1296,"length":216},"maxp":{"entryLength":16,"tag":"maxp","checksum":11665620,"offset":312,"length":32},"name":{"entryLength":16,"tag":"name","checksum":194447785,"offset":31356,"length":783},"post":{"entryLength":16,"tag":"post","checksum":286338945,"offset":32140,"length":432}},"UnicodeCharMap":{"0":1,"13":2,"32":3,"34":5,"36":7,"39":10,"40":11,"41":12,"43":14,"44":15,"46":17,"48":19,"49":20,"50":21,"51":22,"52":23,"53":24,"56":27,"58":29,"59":30,"60":31,"61":32,"62":33,"63":34,"65":36,"66":37,"67":38,"68":39,"69":40,"70":41,"71":42,"72":43,"73":44,"74":45,"75":46,"76":47,"77":48,"78":49,"79":50,"80":51,"81":52,"82":53,"83":54,"84":55,"85":56,"86":57,"87":58,"88":59,"89":60,"90":61,"91":62,"93":64,"94":65,"95":66,"96":67,"97":68,"98":69,"99":70,"100":71,"101":72,"102":73,"103":74,"104":75,"105":76,"106":77,"107":78,"108":79,"109":80,"110":81,"111":82,"112":83,"113":84,"114":85,"115":86,"116":87,"117":88,"118":89,"119":90,"120":91,"121":92,"122":93,"124":95,"8722":16},"Reserves":{"fontname":"International Super Hero Light"},"Names":{"International Super Hero Light":{"name":"International Super Hero Light","longitude":"0.00000001","latitude":"0.00000001","country":"","region":"","city":""}},"Nodes":{"in":{"type":"typal","node":"in","usage":1,"weight":1},"al":{"type":"typal","node":"al","usage":1,"weight":1},"su":{"type":"typal","node":"su","usage":1,"weight":1},"er":{"type":"typal","node":"er","usage":1,"weight":1},"he":{"type":"typal","node":"he","usage":1,"weight":1},"ro":{"type":"typal","node":"ro","usage":1,"weight":1},"li":{"type":"typal","node":"li","usage":1,"weight":1},"ht":{"type":"typal","node":"ht","usage":1,"weight":1},"int":{"type":"typal","node":"int","usage":1,"weight":1},"nal":{"type":"typal","node":"nal","usage":1,"weight":1},"sup":{"type":"typal","node":"sup","usage":1,"weight":1},"per":{"type":"typal","node":"per","usage":1,"weight":1},"her":{"type":"typal","node":"her","usage":1,"weight":1},"ero":{"type":"typal","node":"ero","usage":1,"weight":1},"lig":{"type":"typal","node":"lig","usage":1,"weight":1},"ght":{"type":"typal","node":"ght","usage":1,"weight":1},"inte":{"type":"keys","node":"inte","usage":1,"weight":1},"onal":{"type":"keys","node":"onal","usage":1,"weight":1},"supe":{"type":"keys","node":"supe","usage":1,"weight":1},"uper":{"type":"keys","node":"uper","usage":1,"weight":1},"ligh":{"type":"keys","node":"ligh","usage":1,"weight":1},"ight":{"type":"keys","node":"ight","usage":1,"weight":1},"inter":{"type":"keys","node":"inter","usage":1,"weight":1},"ional":{"type":"keys","node":"ional","usage":1,"weight":1},"international":{"type":"fixes","node":"international","usage":1,"weight":1},"super":{"type":"fixes","node":"super","usage":1,"weight":1},"hero":{"type":"fixes","node":"hero","usage":1,"weight":1},"light":{"type":"fixes","node":"light","usage":1,"weight":1}},"Contributors":[],"FontIdentity":"zinc77:fc924184114f01793b9321078","Bytes":null,"Networking":[],"barcode":"wkKy4We4uaoKq","referee":"ygamaooa"}