{"CSS":{"HardlyWorthit":"HardlyWorthit.css","Hardly Worthit":"nswhealth:8b6f69cfda0a89f28151a6.css"},"FontType":"TrueType","FontCopyright":"Copyright )c) 2001 Nick Curtis. All Rights Reserved.","FontName":"HardlyWorthit","FontSubfamily":"Book","FontSubfamilyID":"FontForge 2.0 : HardlyWorthit : 27-10-2016","FontFullName":"Hardly Worthit","FontVersion":"Version 1.00 7\/29\/2001 ","FontWeight":null,"FontPostscriptName":"HardlyWorthit","Files":{"\/HardlyWorthit.css":"\/HardlyWorthit.css","\/font-resource.json":"\/font-resource.json","\/hardlyworthit.afm":"\/hardlyworthit.afm","\/hardlyworthit.cef":"\/hardlyworthit.cef","\/hardlyworthit.cff":"\/hardlyworthit.cff","\/hardlyworthit.eot":"\/hardlyworthit.eot","\/hardlyworthit.gai":"\/hardlyworthit.gai","\/hardlyworthit.gsf":"\/hardlyworthit.gsf","\/hardlyworthit.otf":"\/hardlyworthit.otf","\/hardlyworthit.pf3":"\/hardlyworthit.pf3","\/hardlyworthit.pfa":"\/hardlyworthit.pfa","\/hardlyworthit.pfb":"\/hardlyworthit.pfb","\/hardlyworthit.php":"\/hardlyworthit.php","\/hardlyworthit.pt3":"\/hardlyworthit.pt3","\/hardlyworthit.sfd":"\/hardlyworthit.sfd","\/hardlyworthit.svg":"\/hardlyworthit.svg","\/hardlyworthit.t42":"\/hardlyworthit.t42","\/hardlyworthit.ttd":"\/hardlyworthit.ttd","\/hardlyworthit.ttf":"\/hardlyworthit.ttf","\/hardlyworthit.ttg":"\/hardlyworthit.ttg","\/hardlyworthit.ufm":"\/hardlyworthit.ufm","\/hardlyworthit.woff":"\/hardlyworthit.woff","\/hardlyworthit.z":"\/hardlyworthit.z","\/hardlyworthit.ufo\/feature.fea":"\/hardlyworthit.ufo\/feature.fea","\/hardlyworthit.ufo\/fontinfo.plist":"\/hardlyworthit.ufo\/fontinfo.plist","\/hardlyworthit.ufo\/groups.plist":"\/hardlyworthit.ufo\/groups.plist","\/hardlyworthit.ufo\/kerning.plist":"\/hardlyworthit.ufo\/kerning.plist","\/hardlyworthit.ufo\/metainfo.plist":"\/hardlyworthit.ufo\/metainfo.plist","\/hardlyworthit.ufo\/glyphs\/A_.glif":"\/hardlyworthit.ufo\/glyphs\/A_.glif","\/hardlyworthit.ufo\/glyphs\/A_E_.glif":"\/hardlyworthit.ufo\/glyphs\/A_E_.glif","\/hardlyworthit.ufo\/glyphs\/A_acute.glif":"\/hardlyworthit.ufo\/glyphs\/A_acute.glif","\/hardlyworthit.ufo\/glyphs\/A_circumflex.glif":"\/hardlyworthit.ufo\/glyphs\/A_circumflex.glif","\/hardlyworthit.ufo\/glyphs\/A_dieresis.glif":"\/hardlyworthit.ufo\/glyphs\/A_dieresis.glif","\/hardlyworthit.ufo\/glyphs\/A_grave.glif":"\/hardlyworthit.ufo\/glyphs\/A_grave.glif","\/hardlyworthit.ufo\/glyphs\/A_ring.glif":"\/hardlyworthit.ufo\/glyphs\/A_ring.glif","\/hardlyworthit.ufo\/glyphs\/A_tilde.glif":"\/hardlyworthit.ufo\/glyphs\/A_tilde.glif","\/hardlyworthit.ufo\/glyphs\/B_.glif":"\/hardlyworthit.ufo\/glyphs\/B_.glif","\/hardlyworthit.ufo\/glyphs\/C_.glif":"\/hardlyworthit.ufo\/glyphs\/C_.glif","\/hardlyworthit.ufo\/glyphs\/C_cedilla.glif":"\/hardlyworthit.ufo\/glyphs\/C_cedilla.glif","\/hardlyworthit.ufo\/glyphs\/D_.glif":"\/hardlyworthit.ufo\/glyphs\/D_.glif","\/hardlyworthit.ufo\/glyphs\/E_.glif":"\/hardlyworthit.ufo\/glyphs\/E_.glif","\/hardlyworthit.ufo\/glyphs\/E_acute.glif":"\/hardlyworthit.ufo\/glyphs\/E_acute.glif","\/hardlyworthit.ufo\/glyphs\/E_circumflex.glif":"\/hardlyworthit.ufo\/glyphs\/E_circumflex.glif","\/hardlyworthit.ufo\/glyphs\/E_dieresis.glif":"\/hardlyworthit.ufo\/glyphs\/E_dieresis.glif","\/hardlyworthit.ufo\/glyphs\/E_grave.glif":"\/hardlyworthit.ufo\/glyphs\/E_grave.glif","\/hardlyworthit.ufo\/glyphs\/E_th.glif":"\/hardlyworthit.ufo\/glyphs\/E_th.glif","\/hardlyworthit.ufo\/glyphs\/F_.glif":"\/hardlyworthit.ufo\/glyphs\/F_.glif","\/hardlyworthit.ufo\/glyphs\/G_.glif":"\/hardlyworthit.ufo\/glyphs\/G_.glif","\/hardlyworthit.ufo\/glyphs\/H_.glif":"\/hardlyworthit.ufo\/glyphs\/H_.glif","\/hardlyworthit.ufo\/glyphs\/I_.glif":"\/hardlyworthit.ufo\/glyphs\/I_.glif","\/hardlyworthit.ufo\/glyphs\/I_acute.glif":"\/hardlyworthit.ufo\/glyphs\/I_acute.glif","\/hardlyworthit.ufo\/glyphs\/I_circumflex.glif":"\/hardlyworthit.ufo\/glyphs\/I_circumflex.glif","\/hardlyworthit.ufo\/glyphs\/I_dieresis.glif":"\/hardlyworthit.ufo\/glyphs\/I_dieresis.glif","\/hardlyworthit.ufo\/glyphs\/I_grave.glif":"\/hardlyworthit.ufo\/glyphs\/I_grave.glif","\/hardlyworthit.ufo\/glyphs\/J_.glif":"\/hardlyworthit.ufo\/glyphs\/J_.glif","\/hardlyworthit.ufo\/glyphs\/K_.glif":"\/hardlyworthit.ufo\/glyphs\/K_.glif","\/hardlyworthit.ufo\/glyphs\/L_.glif":"\/hardlyworthit.ufo\/glyphs\/L_.glif","\/hardlyworthit.ufo\/glyphs\/M_.glif":"\/hardlyworthit.ufo\/glyphs\/M_.glif","\/hardlyworthit.ufo\/glyphs\/N_.glif":"\/hardlyworthit.ufo\/glyphs\/N_.glif","\/hardlyworthit.ufo\/glyphs\/N_tilde.glif":"\/hardlyworthit.ufo\/glyphs\/N_tilde.glif","\/hardlyworthit.ufo\/glyphs\/O_.glif":"\/hardlyworthit.ufo\/glyphs\/O_.glif","\/hardlyworthit.ufo\/glyphs\/O_E_.glif":"\/hardlyworthit.ufo\/glyphs\/O_E_.glif","\/hardlyworthit.ufo\/glyphs\/O_acute.glif":"\/hardlyworthit.ufo\/glyphs\/O_acute.glif","\/hardlyworthit.ufo\/glyphs\/O_circumflex.glif":"\/hardlyworthit.ufo\/glyphs\/O_circumflex.glif","\/hardlyworthit.ufo\/glyphs\/O_dieresis.glif":"\/hardlyworthit.ufo\/glyphs\/O_dieresis.glif","\/hardlyworthit.ufo\/glyphs\/O_grave.glif":"\/hardlyworthit.ufo\/glyphs\/O_grave.glif","\/hardlyworthit.ufo\/glyphs\/O_slash.glif":"\/hardlyworthit.ufo\/glyphs\/O_slash.glif","\/hardlyworthit.ufo\/glyphs\/O_tilde.glif":"\/hardlyworthit.ufo\/glyphs\/O_tilde.glif","\/hardlyworthit.ufo\/glyphs\/P_.glif":"\/hardlyworthit.ufo\/glyphs\/P_.glif","\/hardlyworthit.ufo\/glyphs\/Q_.glif":"\/hardlyworthit.ufo\/glyphs\/Q_.glif","\/hardlyworthit.ufo\/glyphs\/R_.glif":"\/hardlyworthit.ufo\/glyphs\/R_.glif","\/hardlyworthit.ufo\/glyphs\/S_.glif":"\/hardlyworthit.ufo\/glyphs\/S_.glif","\/hardlyworthit.ufo\/glyphs\/S_caron.glif":"\/hardlyworthit.ufo\/glyphs\/S_caron.glif","\/hardlyworthit.ufo\/glyphs\/T_.glif":"\/hardlyworthit.ufo\/glyphs\/T_.glif","\/hardlyworthit.ufo\/glyphs\/T_horn.glif":"\/hardlyworthit.ufo\/glyphs\/T_horn.glif","\/hardlyworthit.ufo\/glyphs\/U_.glif":"\/hardlyworthit.ufo\/glyphs\/U_.glif","\/hardlyworthit.ufo\/glyphs\/U_acute.glif":"\/hardlyworthit.ufo\/glyphs\/U_acute.glif","\/hardlyworthit.ufo\/glyphs\/U_circumflex.glif":"\/hardlyworthit.ufo\/glyphs\/U_circumflex.glif","\/hardlyworthit.ufo\/glyphs\/U_dieresis.glif":"\/hardlyworthit.ufo\/glyphs\/U_dieresis.glif","\/hardlyworthit.ufo\/glyphs\/U_grave.glif":"\/hardlyworthit.ufo\/glyphs\/U_grave.glif","\/hardlyworthit.ufo\/glyphs\/V_.glif":"\/hardlyworthit.ufo\/glyphs\/V_.glif","\/hardlyworthit.ufo\/glyphs\/W_.glif":"\/hardlyworthit.ufo\/glyphs\/W_.glif","\/hardlyworthit.ufo\/glyphs\/X_.glif":"\/hardlyworthit.ufo\/glyphs\/X_.glif","\/hardlyworthit.ufo\/glyphs\/Y_.glif":"\/hardlyworthit.ufo\/glyphs\/Y_.glif","\/hardlyworthit.ufo\/glyphs\/Y_acute.glif":"\/hardlyworthit.ufo\/glyphs\/Y_acute.glif","\/hardlyworthit.ufo\/glyphs\/Y_dieresis.glif":"\/hardlyworthit.ufo\/glyphs\/Y_dieresis.glif","\/hardlyworthit.ufo\/glyphs\/Z_.glif":"\/hardlyworthit.ufo\/glyphs\/Z_.glif","\/hardlyworthit.ufo\/glyphs\/_notdef.glif":"\/hardlyworthit.ufo\/glyphs\/_notdef.glif","\/hardlyworthit.ufo\/glyphs\/_null.glif":"\/hardlyworthit.ufo\/glyphs\/_null.glif","\/hardlyworthit.ufo\/glyphs\/a.glif":"\/hardlyworthit.ufo\/glyphs\/a.glif","\/hardlyworthit.ufo\/glyphs\/aacute.glif":"\/hardlyworthit.ufo\/glyphs\/aacute.glif","\/hardlyworthit.ufo\/glyphs\/acircumflex.glif":"\/hardlyworthit.ufo\/glyphs\/acircumflex.glif","\/hardlyworthit.ufo\/glyphs\/acute.glif":"\/hardlyworthit.ufo\/glyphs\/acute.glif","\/hardlyworthit.ufo\/glyphs\/adieresis.glif":"\/hardlyworthit.ufo\/glyphs\/adieresis.glif","\/hardlyworthit.ufo\/glyphs\/ae.glif":"\/hardlyworthit.ufo\/glyphs\/ae.glif","\/hardlyworthit.ufo\/glyphs\/agrave.glif":"\/hardlyworthit.ufo\/glyphs\/agrave.glif","\/hardlyworthit.ufo\/glyphs\/ampersand.glif":"\/hardlyworthit.ufo\/glyphs\/ampersand.glif","\/hardlyworthit.ufo\/glyphs\/aring.glif":"\/hardlyworthit.ufo\/glyphs\/aring.glif","\/hardlyworthit.ufo\/glyphs\/asterisk.glif":"\/hardlyworthit.ufo\/glyphs\/asterisk.glif","\/hardlyworthit.ufo\/glyphs\/at.glif":"\/hardlyworthit.ufo\/glyphs\/at.glif","\/hardlyworthit.ufo\/glyphs\/atilde.glif":"\/hardlyworthit.ufo\/glyphs\/atilde.glif","\/hardlyworthit.ufo\/glyphs\/b.glif":"\/hardlyworthit.ufo\/glyphs\/b.glif","\/hardlyworthit.ufo\/glyphs\/backslash.glif":"\/hardlyworthit.ufo\/glyphs\/backslash.glif","\/hardlyworthit.ufo\/glyphs\/breve.glif":"\/hardlyworthit.ufo\/glyphs\/breve.glif","\/hardlyworthit.ufo\/glyphs\/bullet.glif":"\/hardlyworthit.ufo\/glyphs\/bullet.glif","\/hardlyworthit.ufo\/glyphs\/c.glif":"\/hardlyworthit.ufo\/glyphs\/c.glif","\/hardlyworthit.ufo\/glyphs\/caron.glif":"\/hardlyworthit.ufo\/glyphs\/caron.glif","\/hardlyworthit.ufo\/glyphs\/ccedilla.glif":"\/hardlyworthit.ufo\/glyphs\/ccedilla.glif","\/hardlyworthit.ufo\/glyphs\/cedilla.glif":"\/hardlyworthit.ufo\/glyphs\/cedilla.glif","\/hardlyworthit.ufo\/glyphs\/cent.glif":"\/hardlyworthit.ufo\/glyphs\/cent.glif","\/hardlyworthit.ufo\/glyphs\/circumflex.glif":"\/hardlyworthit.ufo\/glyphs\/circumflex.glif","\/hardlyworthit.ufo\/glyphs\/colon.glif":"\/hardlyworthit.ufo\/glyphs\/colon.glif","\/hardlyworthit.ufo\/glyphs\/comma.glif":"\/hardlyworthit.ufo\/glyphs\/comma.glif","\/hardlyworthit.ufo\/glyphs\/contents.plist":"\/hardlyworthit.ufo\/glyphs\/contents.plist","\/hardlyworthit.ufo\/glyphs\/currency.glif":"\/hardlyworthit.ufo\/glyphs\/currency.glif","\/hardlyworthit.ufo\/glyphs\/d.glif":"\/hardlyworthit.ufo\/glyphs\/d.glif","\/hardlyworthit.ufo\/glyphs\/dieresis.glif":"\/hardlyworthit.ufo\/glyphs\/dieresis.glif","\/hardlyworthit.ufo\/glyphs\/dollar.glif":"\/hardlyworthit.ufo\/glyphs\/dollar.glif","\/hardlyworthit.ufo\/glyphs\/dotaccent.glif":"\/hardlyworthit.ufo\/glyphs\/dotaccent.glif","\/hardlyworthit.ufo\/glyphs\/dotlessi.glif":"\/hardlyworthit.ufo\/glyphs\/dotlessi.glif","\/hardlyworthit.ufo\/glyphs\/e.glif":"\/hardlyworthit.ufo\/glyphs\/e.glif","\/hardlyworthit.ufo\/glyphs\/eacute.glif":"\/hardlyworthit.ufo\/glyphs\/eacute.glif","\/hardlyworthit.ufo\/glyphs\/ecircumflex.glif":"\/hardlyworthit.ufo\/glyphs\/ecircumflex.glif","\/hardlyworthit.ufo\/glyphs\/edieresis.glif":"\/hardlyworthit.ufo\/glyphs\/edieresis.glif","\/hardlyworthit.ufo\/glyphs\/egrave.glif":"\/hardlyworthit.ufo\/glyphs\/egrave.glif","\/hardlyworthit.ufo\/glyphs\/eight.glif":"\/hardlyworthit.ufo\/glyphs\/eight.glif","\/hardlyworthit.ufo\/glyphs\/ellipsis.glif":"\/hardlyworthit.ufo\/glyphs\/ellipsis.glif","\/hardlyworthit.ufo\/glyphs\/emdash.glif":"\/hardlyworthit.ufo\/glyphs\/emdash.glif","\/hardlyworthit.ufo\/glyphs\/endash.glif":"\/hardlyworthit.ufo\/glyphs\/endash.glif","\/hardlyworthit.ufo\/glyphs\/eth.glif":"\/hardlyworthit.ufo\/glyphs\/eth.glif","\/hardlyworthit.ufo\/glyphs\/exclam.glif":"\/hardlyworthit.ufo\/glyphs\/exclam.glif","\/hardlyworthit.ufo\/glyphs\/exclamdown.glif":"\/hardlyworthit.ufo\/glyphs\/exclamdown.glif","\/hardlyworthit.ufo\/glyphs\/f.glif":"\/hardlyworthit.ufo\/glyphs\/f.glif","\/hardlyworthit.ufo\/glyphs\/five.glif":"\/hardlyworthit.ufo\/glyphs\/five.glif","\/hardlyworthit.ufo\/glyphs\/florin.glif":"\/hardlyworthit.ufo\/glyphs\/florin.glif","\/hardlyworthit.ufo\/glyphs\/four.glif":"\/hardlyworthit.ufo\/glyphs\/four.glif","\/hardlyworthit.ufo\/glyphs\/g.glif":"\/hardlyworthit.ufo\/glyphs\/g.glif","\/hardlyworthit.ufo\/glyphs\/germandbls.glif":"\/hardlyworthit.ufo\/glyphs\/germandbls.glif","\/hardlyworthit.ufo\/glyphs\/grave.glif":"\/hardlyworthit.ufo\/glyphs\/grave.glif","\/hardlyworthit.ufo\/glyphs\/greater.glif":"\/hardlyworthit.ufo\/glyphs\/greater.glif","\/hardlyworthit.ufo\/glyphs\/guillemotleft.glif":"\/hardlyworthit.ufo\/glyphs\/guillemotleft.glif","\/hardlyworthit.ufo\/glyphs\/guillemotright.glif":"\/hardlyworthit.ufo\/glyphs\/guillemotright.glif","\/hardlyworthit.ufo\/glyphs\/guilsinglleft.glif":"\/hardlyworthit.ufo\/glyphs\/guilsinglleft.glif","\/hardlyworthit.ufo\/glyphs\/guilsinglright.glif":"\/hardlyworthit.ufo\/glyphs\/guilsinglright.glif","\/hardlyworthit.ufo\/glyphs\/h.glif":"\/hardlyworthit.ufo\/glyphs\/h.glif","\/hardlyworthit.ufo\/glyphs\/hungarumlaut.glif":"\/hardlyworthit.ufo\/glyphs\/hungarumlaut.glif","\/hardlyworthit.ufo\/glyphs\/hyphen.glif":"\/hardlyworthit.ufo\/glyphs\/hyphen.glif","\/hardlyworthit.ufo\/glyphs\/i.glif":"\/hardlyworthit.ufo\/glyphs\/i.glif","\/hardlyworthit.ufo\/glyphs\/iacute.glif":"\/hardlyworthit.ufo\/glyphs\/iacute.glif","\/hardlyworthit.ufo\/glyphs\/icircumflex.glif":"\/hardlyworthit.ufo\/glyphs\/icircumflex.glif","\/hardlyworthit.ufo\/glyphs\/idieresis.glif":"\/hardlyworthit.ufo\/glyphs\/idieresis.glif","\/hardlyworthit.ufo\/glyphs\/igrave.glif":"\/hardlyworthit.ufo\/glyphs\/igrave.glif","\/hardlyworthit.ufo\/glyphs\/j.glif":"\/hardlyworthit.ufo\/glyphs\/j.glif","\/hardlyworthit.ufo\/glyphs\/k.glif":"\/hardlyworthit.ufo\/glyphs\/k.glif","\/hardlyworthit.ufo\/glyphs\/l.glif":"\/hardlyworthit.ufo\/glyphs\/l.glif","\/hardlyworthit.ufo\/glyphs\/less.glif":"\/hardlyworthit.ufo\/glyphs\/less.glif","\/hardlyworthit.ufo\/glyphs\/m.glif":"\/hardlyworthit.ufo\/glyphs\/m.glif","\/hardlyworthit.ufo\/glyphs\/n.glif":"\/hardlyworthit.ufo\/glyphs\/n.glif","\/hardlyworthit.ufo\/glyphs\/nine.glif":"\/hardlyworthit.ufo\/glyphs\/nine.glif","\/hardlyworthit.ufo\/glyphs\/nonbreakingspace.glif":"\/hardlyworthit.ufo\/glyphs\/nonbreakingspace.glif","\/hardlyworthit.ufo\/glyphs\/nonmarkingreturn.glif":"\/hardlyworthit.ufo\/glyphs\/nonmarkingreturn.glif","\/hardlyworthit.ufo\/glyphs\/ntilde.glif":"\/hardlyworthit.ufo\/glyphs\/ntilde.glif","\/hardlyworthit.ufo\/glyphs\/numbersign.glif":"\/hardlyworthit.ufo\/glyphs\/numbersign.glif","\/hardlyworthit.ufo\/glyphs\/o.glif":"\/hardlyworthit.ufo\/glyphs\/o.glif","\/hardlyworthit.ufo\/glyphs\/oacute.glif":"\/hardlyworthit.ufo\/glyphs\/oacute.glif","\/hardlyworthit.ufo\/glyphs\/ocircumflex.glif":"\/hardlyworthit.ufo\/glyphs\/ocircumflex.glif","\/hardlyworthit.ufo\/glyphs\/odieresis.glif":"\/hardlyworthit.ufo\/glyphs\/odieresis.glif","\/hardlyworthit.ufo\/glyphs\/oe.glif":"\/hardlyworthit.ufo\/glyphs\/oe.glif","\/hardlyworthit.ufo\/glyphs\/ogonek.glif":"\/hardlyworthit.ufo\/glyphs\/ogonek.glif","\/hardlyworthit.ufo\/glyphs\/ograve.glif":"\/hardlyworthit.ufo\/glyphs\/ograve.glif","\/hardlyworthit.ufo\/glyphs\/one.glif":"\/hardlyworthit.ufo\/glyphs\/one.glif","\/hardlyworthit.ufo\/glyphs\/ordfeminine.glif":"\/hardlyworthit.ufo\/glyphs\/ordfeminine.glif","\/hardlyworthit.ufo\/glyphs\/ordmasculine.glif":"\/hardlyworthit.ufo\/glyphs\/ordmasculine.glif","\/hardlyworthit.ufo\/glyphs\/oslash.glif":"\/hardlyworthit.ufo\/glyphs\/oslash.glif","\/hardlyworthit.ufo\/glyphs\/otilde.glif":"\/hardlyworthit.ufo\/glyphs\/otilde.glif","\/hardlyworthit.ufo\/glyphs\/p.glif":"\/hardlyworthit.ufo\/glyphs\/p.glif","\/hardlyworthit.ufo\/glyphs\/parenleft.glif":"\/hardlyworthit.ufo\/glyphs\/parenleft.glif","\/hardlyworthit.ufo\/glyphs\/parenright.glif":"\/hardlyworthit.ufo\/glyphs\/parenright.glif","\/hardlyworthit.ufo\/glyphs\/period.glif":"\/hardlyworthit.ufo\/glyphs\/period.glif","\/hardlyworthit.ufo\/glyphs\/periodcentered.glif":"\/hardlyworthit.ufo\/glyphs\/periodcentered.glif","\/hardlyworthit.ufo\/glyphs\/q.glif":"\/hardlyworthit.ufo\/glyphs\/q.glif","\/hardlyworthit.ufo\/glyphs\/question.glif":"\/hardlyworthit.ufo\/glyphs\/question.glif","\/hardlyworthit.ufo\/glyphs\/questiondown.glif":"\/hardlyworthit.ufo\/glyphs\/questiondown.glif","\/hardlyworthit.ufo\/glyphs\/quotedbl.glif":"\/hardlyworthit.ufo\/glyphs\/quotedbl.glif","\/hardlyworthit.ufo\/glyphs\/quotedblbase.glif":"\/hardlyworthit.ufo\/glyphs\/quotedblbase.glif","\/hardlyworthit.ufo\/glyphs\/quotedblleft.glif":"\/hardlyworthit.ufo\/glyphs\/quotedblleft.glif","\/hardlyworthit.ufo\/glyphs\/quotedblright.glif":"\/hardlyworthit.ufo\/glyphs\/quotedblright.glif","\/hardlyworthit.ufo\/glyphs\/quoteleft.glif":"\/hardlyworthit.ufo\/glyphs\/quoteleft.glif","\/hardlyworthit.ufo\/glyphs\/quoteright.glif":"\/hardlyworthit.ufo\/glyphs\/quoteright.glif","\/hardlyworthit.ufo\/glyphs\/quotesinglbase.glif":"\/hardlyworthit.ufo\/glyphs\/quotesinglbase.glif","\/hardlyworthit.ufo\/glyphs\/quotesingle.glif":"\/hardlyworthit.ufo\/glyphs\/quotesingle.glif","\/hardlyworthit.ufo\/glyphs\/r.glif":"\/hardlyworthit.ufo\/glyphs\/r.glif","\/hardlyworthit.ufo\/glyphs\/ring.glif":"\/hardlyworthit.ufo\/glyphs\/ring.glif","\/hardlyworthit.ufo\/glyphs\/s.glif":"\/hardlyworthit.ufo\/glyphs\/s.glif","\/hardlyworthit.ufo\/glyphs\/scaron.glif":"\/hardlyworthit.ufo\/glyphs\/scaron.glif","\/hardlyworthit.ufo\/glyphs\/semicolon.glif":"\/hardlyworthit.ufo\/glyphs\/semicolon.glif","\/hardlyworthit.ufo\/glyphs\/seven.glif":"\/hardlyworthit.ufo\/glyphs\/seven.glif","\/hardlyworthit.ufo\/glyphs\/six.glif":"\/hardlyworthit.ufo\/glyphs\/six.glif","\/hardlyworthit.ufo\/glyphs\/slash.glif":"\/hardlyworthit.ufo\/glyphs\/slash.glif","\/hardlyworthit.ufo\/glyphs\/space.glif":"\/hardlyworthit.ufo\/glyphs\/space.glif","\/hardlyworthit.ufo\/glyphs\/sterling.glif":"\/hardlyworthit.ufo\/glyphs\/sterling.glif","\/hardlyworthit.ufo\/glyphs\/t.glif":"\/hardlyworthit.ufo\/glyphs\/t.glif","\/hardlyworthit.ufo\/glyphs\/thorn.glif":"\/hardlyworthit.ufo\/glyphs\/thorn.glif","\/hardlyworthit.ufo\/glyphs\/three.glif":"\/hardlyworthit.ufo\/glyphs\/three.glif","\/hardlyworthit.ufo\/glyphs\/tilde.glif":"\/hardlyworthit.ufo\/glyphs\/tilde.glif","\/hardlyworthit.ufo\/glyphs\/two.glif":"\/hardlyworthit.ufo\/glyphs\/two.glif","\/hardlyworthit.ufo\/glyphs\/u.glif":"\/hardlyworthit.ufo\/glyphs\/u.glif","\/hardlyworthit.ufo\/glyphs\/uacute.glif":"\/hardlyworthit.ufo\/glyphs\/uacute.glif","\/hardlyworthit.ufo\/glyphs\/ucircumflex.glif":"\/hardlyworthit.ufo\/glyphs\/ucircumflex.glif","\/hardlyworthit.ufo\/glyphs\/udieresis.glif":"\/hardlyworthit.ufo\/glyphs\/udieresis.glif","\/hardlyworthit.ufo\/glyphs\/ugrave.glif":"\/hardlyworthit.ufo\/glyphs\/ugrave.glif","\/hardlyworthit.ufo\/glyphs\/underscore.glif":"\/hardlyworthit.ufo\/glyphs\/underscore.glif","\/hardlyworthit.ufo\/glyphs\/v.glif":"\/hardlyworthit.ufo\/glyphs\/v.glif","\/hardlyworthit.ufo\/glyphs\/w.glif":"\/hardlyworthit.ufo\/glyphs\/w.glif","\/hardlyworthit.ufo\/glyphs\/x.glif":"\/hardlyworthit.ufo\/glyphs\/x.glif","\/hardlyworthit.ufo\/glyphs\/y.glif":"\/hardlyworthit.ufo\/glyphs\/y.glif","\/hardlyworthit.ufo\/glyphs\/yacute.glif":"\/hardlyworthit.ufo\/glyphs\/yacute.glif","\/hardlyworthit.ufo\/glyphs\/ydieresis.glif":"\/hardlyworthit.ufo\/glyphs\/ydieresis.glif","\/hardlyworthit.ufo\/glyphs\/yen.glif":"\/hardlyworthit.ufo\/glyphs\/yen.glif","\/hardlyworthit.ufo\/glyphs\/z.glif":"\/hardlyworthit.ufo\/glyphs\/z.glif","\/hardlyworthit.ufo\/glyphs\/zero.glif":"\/hardlyworthit.ufo\/glyphs\/zero.glif"},"Font":{"uploaded":1478246464.6203,"licence":"gpl3","company":"Chronolabs Cooperative","title":"Hardly Worthit","version":3.002,"date":"Thu Oct 27 12:20:50 2016","creator":"root","type":"1","matrix":"0.001 0 0 0.001 0 0","named":"HardlyWorthit","painttype":"0","info":"10 dict dup","name":"HardlyWorthit","family":"HardlyWorthit","weight":"Book","fstype":"1","italicangle":"0","underlineposition":"","underlinethickness":""},"Licences":{"":false},"Table":{"FFTM":{"entryLength":16,"tag":"FFTM","checksum":1957516948,"offset":16720,"length":28},"GDEF":{"entryLength":16,"tag":"GDEF","checksum":15532036,"offset":16688,"length":32},"OS\/2":{"entryLength":16,"tag":"OS\/2","checksum":1449328734,"offset":344,"length":86},"cmap":{"entryLength":16,"tag":"cmap","checksum":2759425287,"offset":1200,"length":594},"gasp":{"entryLength":16,"tag":"gasp","checksum":4294901763,"offset":16680,"length":8},"glyf":{"entryLength":16,"tag":"glyf","checksum":1680030487,"offset":2184,"length":13400},"head":{"entryLength":16,"tag":"head","checksum":193777636,"offset":220,"length":54},"hhea":{"entryLength":16,"tag":"hhea","checksum":137692223,"offset":276,"length":36},"hmtx":{"entryLength":16,"tag":"hmtx","checksum":3096251158,"offset":432,"length":766},"loca":{"entryLength":16,"tag":"loca","checksum":2204464782,"offset":1796,"length":386},"maxp":{"entryLength":16,"tag":"maxp","checksum":17629363,"offset":312,"length":32},"name":{"entryLength":16,"tag":"name","checksum":2545831185,"offset":15584,"length":675},"post":{"entryLength":16,"tag":"post","checksum":717171067,"offset":16260,"length":418}},"UnicodeCharMap":{"0":1,"13":2,"32":3,"33":4,"34":5,"35":6,"36":7,"38":8,"39":9,"40":10,"41":11,"42":12,"44":13,"45":14,"46":15,"47":16,"48":17,"49":18,"50":19,"51":20,"52":21,"53":22,"54":23,"55":24,"56":25,"57":26,"58":27,"59":28,"60":29,"62":30,"63":31,"64":32,"65":33,"66":34,"67":35,"68":36,"69":37,"70":38,"71":39,"72":40,"73":41,"74":42,"75":43,"76":44,"77":45,"78":46,"79":47,"80":48,"81":49,"82":50,"83":51,"84":52,"85":53,"86":54,"87":55,"88":56,"89":57,"90":58,"92":59,"95":60,"96":61,"97":62,"98":63,"99":64,"100":65,"101":66,"102":67,"103":68,"104":69,"105":70,"106":71,"107":72,"108":73,"109":74,"110":75,"111":76,"112":77,"113":78,"114":79,"115":80,"116":81,"117":82,"118":83,"119":84,"120":85,"121":86,"122":87,"160":88,"161":89,"162":90,"163":91,"164":92,"165":93,"168":94,"170":95,"171":96,"180":97,"183":98,"184":99,"186":100,"187":101,"191":102,"192":103,"193":104,"194":105,"195":106,"196":107,"197":108,"198":109,"199":110,"200":111,"201":112,"202":113,"203":114,"204":115,"205":116,"206":117,"207":118,"208":119,"209":120,"210":121,"211":122,"212":123,"213":124,"214":125,"216":126,"217":127,"218":128,"219":129,"220":130,"221":131,"222":132,"223":133,"224":134,"225":135,"226":136,"227":137,"228":138,"229":139,"230":140,"231":141,"232":142,"233":143,"234":144,"235":145,"236":146,"237":147,"238":148,"239":149,"240":150,"241":151,"242":152,"243":153,"244":154,"245":155,"246":156,"248":157,"249":158,"250":159,"251":160,"252":161,"253":162,"254":163,"255":164,"305":185,"338":172,"339":183,"352":170,"353":181,"376":184,"402":166,"710":169,"711":186,"728":187,"729":188,"730":189,"731":190,"732":180,"733":191,"8211":178,"8212":179,"8216":173,"8217":174,"8218":165,"8220":175,"8221":176,"8222":167,"8226":177,"8230":168,"8249":171,"8250":182},"Reserves":{"fontname":"Hardly Worthit"},"Names":{"Hardly Worthit":{"name":"Hardly Worthit","longitude":"0.00000001","latitude":"0.00000001","country":"","region":"","city":""}},"Nodes":{"ha":{"type":"typal","node":"ha","usage":1,"weight":1},"ly":{"type":"typal","node":"ly","usage":1,"weight":1},"wo":{"type":"typal","node":"wo","usage":1,"weight":1},"it":{"type":"typal","node":"it","usage":1,"weight":1},"har":{"type":"typal","node":"har","usage":1,"weight":1},"dly":{"type":"typal","node":"dly","usage":1,"weight":1},"wor":{"type":"typal","node":"wor","usage":1,"weight":1},"hit":{"type":"typal","node":"hit","usage":1,"weight":1},"hard":{"type":"keys","node":"hard","usage":1,"weight":1},"rdly":{"type":"keys","node":"rdly","usage":1,"weight":1},"wort":{"type":"keys","node":"wort","usage":1,"weight":1},"thit":{"type":"keys","node":"thit","usage":1,"weight":1},"hardl":{"type":"keys","node":"hardl","usage":1,"weight":1},"ardly":{"type":"keys","node":"ardly","usage":1,"weight":1},"worth":{"type":"keys","node":"worth","usage":1,"weight":1},"rthit":{"type":"keys","node":"rthit","usage":1,"weight":1},"hardly":{"type":"fixes","node":"hardly","usage":1,"weight":1},"worthit":{"type":"fixes","node":"worthit","usage":1,"weight":1}},"Contributors":[],"FontIdentity":"nswhealth:8b6f69cfda0a89f28151a6","Bytes":null,"Networking":[],"barcode":"qme8gwgsu4icm","referee":"ieog8"}