{"CSS":{"Verve Std Regular":"Verve+Std+Regular.css"},"FontType":"TrueType","FontCopyright":"Copyright 1998, 2002 Adobe Systems Incorporated. All rights reserved. Verve is a trademark of Brian Sooy.","FontName":"Verve Std Regular","FontSubfamily":"Regular","FontSubfamilyID":"FontForge 2.0 : Verve Std Regular : 14-8-2016","FontFullName":"Verve Std Regular","FontVersion":"Version 002.000 ","FontWeight":null,"FontPostscriptName":"VerveStd-Regular","Files":{"\/fonts\/Unpacking\/62589f264873a3b83fa7d508bb4fa5f1670038b5\/vervestd-regular.afm":"\/fonts\/Unpacking\/62589f264873a3b83fa7d508bb4fa5f1670038b5\/vervestd-regular.afm","\/fonts\/Unpacking\/62589f264873a3b83fa7d508bb4fa5f1670038b5\/vervestd-regular.bin":"\/fonts\/Unpacking\/62589f264873a3b83fa7d508bb4fa5f1670038b5\/vervestd-regular.bin","\/fonts\/Unpacking\/62589f264873a3b83fa7d508bb4fa5f1670038b5\/vervestd-regular.cef":"\/fonts\/Unpacking\/62589f264873a3b83fa7d508bb4fa5f1670038b5\/vervestd-regular.cef","\/fonts\/Unpacking\/62589f264873a3b83fa7d508bb4fa5f1670038b5\/vervestd-regular.cff":"\/fonts\/Unpacking\/62589f264873a3b83fa7d508bb4fa5f1670038b5\/vervestd-regular.cff","\/fonts\/Unpacking\/62589f264873a3b83fa7d508bb4fa5f1670038b5\/vervestd-regular.cid":"\/fonts\/Unpacking\/62589f264873a3b83fa7d508bb4fa5f1670038b5\/vervestd-regular.cid","\/fonts\/Unpacking\/62589f264873a3b83fa7d508bb4fa5f1670038b5\/vervestd-regular.dfont":"\/fonts\/Unpacking\/62589f264873a3b83fa7d508bb4fa5f1670038b5\/vervestd-regular.dfont","\/fonts\/Unpacking\/62589f264873a3b83fa7d508bb4fa5f1670038b5\/vervestd-regular.eot":"\/fonts\/Unpacking\/62589f264873a3b83fa7d508bb4fa5f1670038b5\/vervestd-regular.eot","\/fonts\/Unpacking\/62589f264873a3b83fa7d508bb4fa5f1670038b5\/vervestd-regular.fon":"\/fonts\/Unpacking\/62589f264873a3b83fa7d508bb4fa5f1670038b5\/vervestd-regular.fon","\/fonts\/Unpacking\/62589f264873a3b83fa7d508bb4fa5f1670038b5\/vervestd-regular.gai":"\/fonts\/Unpacking\/62589f264873a3b83fa7d508bb4fa5f1670038b5\/vervestd-regular.gai","\/fonts\/Unpacking\/62589f264873a3b83fa7d508bb4fa5f1670038b5\/vervestd-regular.gsf":"\/fonts\/Unpacking\/62589f264873a3b83fa7d508bb4fa5f1670038b5\/vervestd-regular.gsf","\/fonts\/Unpacking\/62589f264873a3b83fa7d508bb4fa5f1670038b5\/vervestd-regular.hqx":"\/fonts\/Unpacking\/62589f264873a3b83fa7d508bb4fa5f1670038b5\/vervestd-regular.hqx","\/fonts\/Unpacking\/62589f264873a3b83fa7d508bb4fa5f1670038b5\/vervestd-regular.ik":"\/fonts\/Unpacking\/62589f264873a3b83fa7d508bb4fa5f1670038b5\/vervestd-regular.ik","\/fonts\/Unpacking\/62589f264873a3b83fa7d508bb4fa5f1670038b5\/vervestd-regular.mf":"\/fonts\/Unpacking\/62589f264873a3b83fa7d508bb4fa5f1670038b5\/vervestd-regular.mf","\/fonts\/Unpacking\/62589f264873a3b83fa7d508bb4fa5f1670038b5\/vervestd-regular.otf":"\/fonts\/Unpacking\/62589f264873a3b83fa7d508bb4fa5f1670038b5\/vervestd-regular.otf","\/fonts\/Unpacking\/62589f264873a3b83fa7d508bb4fa5f1670038b5\/vervestd-regular.pcf":"\/fonts\/Unpacking\/62589f264873a3b83fa7d508bb4fa5f1670038b5\/vervestd-regular.pcf","\/fonts\/Unpacking\/62589f264873a3b83fa7d508bb4fa5f1670038b5\/vervestd-regular.pf3":"\/fonts\/Unpacking\/62589f264873a3b83fa7d508bb4fa5f1670038b5\/vervestd-regular.pf3","\/fonts\/Unpacking\/62589f264873a3b83fa7d508bb4fa5f1670038b5\/vervestd-regular.pfa":"\/fonts\/Unpacking\/62589f264873a3b83fa7d508bb4fa5f1670038b5\/vervestd-regular.pfa","\/fonts\/Unpacking\/62589f264873a3b83fa7d508bb4fa5f1670038b5\/vervestd-regular.pfb":"\/fonts\/Unpacking\/62589f264873a3b83fa7d508bb4fa5f1670038b5\/vervestd-regular.pfb","\/fonts\/Unpacking\/62589f264873a3b83fa7d508bb4fa5f1670038b5\/vervestd-regular.php":"\/fonts\/Unpacking\/62589f264873a3b83fa7d508bb4fa5f1670038b5\/vervestd-regular.php","\/fonts\/Unpacking\/62589f264873a3b83fa7d508bb4fa5f1670038b5\/vervestd-regular.pmf":"\/fonts\/Unpacking\/62589f264873a3b83fa7d508bb4fa5f1670038b5\/vervestd-regular.pmf","\/fonts\/Unpacking\/62589f264873a3b83fa7d508bb4fa5f1670038b5\/vervestd-regular.pt3":"\/fonts\/Unpacking\/62589f264873a3b83fa7d508bb4fa5f1670038b5\/vervestd-regular.pt3","\/fonts\/Unpacking\/62589f264873a3b83fa7d508bb4fa5f1670038b5\/vervestd-regular.sfd":"\/fonts\/Unpacking\/62589f264873a3b83fa7d508bb4fa5f1670038b5\/vervestd-regular.sfd","\/fonts\/Unpacking\/62589f264873a3b83fa7d508bb4fa5f1670038b5\/vervestd-regular.svg":"\/fonts\/Unpacking\/62589f264873a3b83fa7d508bb4fa5f1670038b5\/vervestd-regular.svg","\/fonts\/Unpacking\/62589f264873a3b83fa7d508bb4fa5f1670038b5\/vervestd-regular.t42":"\/fonts\/Unpacking\/62589f264873a3b83fa7d508bb4fa5f1670038b5\/vervestd-regular.t42","\/fonts\/Unpacking\/62589f264873a3b83fa7d508bb4fa5f1670038b5\/vervestd-regular.ttd":"\/fonts\/Unpacking\/62589f264873a3b83fa7d508bb4fa5f1670038b5\/vervestd-regular.ttd","\/fonts\/Unpacking\/62589f264873a3b83fa7d508bb4fa5f1670038b5\/vervestd-regular.ttf":"\/fonts\/Unpacking\/62589f264873a3b83fa7d508bb4fa5f1670038b5\/vervestd-regular.ttf","\/fonts\/Unpacking\/62589f264873a3b83fa7d508bb4fa5f1670038b5\/vervestd-regular.ttg":"\/fonts\/Unpacking\/62589f264873a3b83fa7d508bb4fa5f1670038b5\/vervestd-regular.ttg","\/fonts\/Unpacking\/62589f264873a3b83fa7d508bb4fa5f1670038b5\/vervestd-regular.ufm":"\/fonts\/Unpacking\/62589f264873a3b83fa7d508bb4fa5f1670038b5\/vervestd-regular.ufm","\/fonts\/Unpacking\/62589f264873a3b83fa7d508bb4fa5f1670038b5\/vervestd-regular.woff":"\/fonts\/Unpacking\/62589f264873a3b83fa7d508bb4fa5f1670038b5\/vervestd-regular.woff","\/fonts\/Unpacking\/62589f264873a3b83fa7d508bb4fa5f1670038b5\/vervestd-regular.z":"\/fonts\/Unpacking\/62589f264873a3b83fa7d508bb4fa5f1670038b5\/vervestd-regular.z","\/fonts\/Unpacking\/62589f264873a3b83fa7d508bb4fa5f1670038b5\/vervestd-regular.ufo\/feature.fea":"\/fonts\/Unpacking\/62589f264873a3b83fa7d508bb4fa5f1670038b5\/vervestd-regular.ufo\/feature.fea","\/fonts\/Unpacking\/62589f264873a3b83fa7d508bb4fa5f1670038b5\/vervestd-regular.ufo\/fontinfo.plist":"\/fonts\/Unpacking\/62589f264873a3b83fa7d508bb4fa5f1670038b5\/vervestd-regular.ufo\/fontinfo.plist","\/fonts\/Unpacking\/62589f264873a3b83fa7d508bb4fa5f1670038b5\/vervestd-regular.ufo\/groups.plist":"\/fonts\/Unpacking\/62589f264873a3b83fa7d508bb4fa5f1670038b5\/vervestd-regular.ufo\/groups.plist","\/fonts\/Unpacking\/62589f264873a3b83fa7d508bb4fa5f1670038b5\/vervestd-regular.ufo\/kerning.plist":"\/fonts\/Unpacking\/62589f264873a3b83fa7d508bb4fa5f1670038b5\/vervestd-regular.ufo\/kerning.plist","\/fonts\/Unpacking\/62589f264873a3b83fa7d508bb4fa5f1670038b5\/vervestd-regular.ufo\/metainfo.plist":"\/fonts\/Unpacking\/62589f264873a3b83fa7d508bb4fa5f1670038b5\/vervestd-regular.ufo\/metainfo.plist","\/fonts\/Unpacking\/62589f264873a3b83fa7d508bb4fa5f1670038b5\/vervestd-regular.ufo\/glyphs\/A_.glif":"\/fonts\/Unpacking\/62589f264873a3b83fa7d508bb4fa5f1670038b5\/vervestd-regular.ufo\/glyphs\/A_.glif","\/fonts\/Unpacking\/62589f264873a3b83fa7d508bb4fa5f1670038b5\/vervestd-regular.ufo\/glyphs\/A_E_.glif":"\/fonts\/Unpacking\/62589f264873a3b83fa7d508bb4fa5f1670038b5\/vervestd-regular.ufo\/glyphs\/A_E_.glif","\/fonts\/Unpacking\/62589f264873a3b83fa7d508bb4fa5f1670038b5\/vervestd-regular.ufo\/glyphs\/A_acute.glif":"\/fonts\/Unpacking\/62589f264873a3b83fa7d508bb4fa5f1670038b5\/vervestd-regular.ufo\/glyphs\/A_acute.glif","\/fonts\/Unpacking\/62589f264873a3b83fa7d508bb4fa5f1670038b5\/vervestd-regular.ufo\/glyphs\/A_circumflex.glif":"\/fonts\/Unpacking\/62589f264873a3b83fa7d508bb4fa5f1670038b5\/vervestd-regular.ufo\/glyphs\/A_circumflex.glif","\/fonts\/Unpacking\/62589f264873a3b83fa7d508bb4fa5f1670038b5\/vervestd-regular.ufo\/glyphs\/A_dieresis.glif":"\/fonts\/Unpacking\/62589f264873a3b83fa7d508bb4fa5f1670038b5\/vervestd-regular.ufo\/glyphs\/A_dieresis.glif","\/fonts\/Unpacking\/62589f264873a3b83fa7d508bb4fa5f1670038b5\/vervestd-regular.ufo\/glyphs\/A_grave.glif":"\/fonts\/Unpacking\/62589f264873a3b83fa7d508bb4fa5f1670038b5\/vervestd-regular.ufo\/glyphs\/A_grave.glif","\/fonts\/Unpacking\/62589f264873a3b83fa7d508bb4fa5f1670038b5\/vervestd-regular.ufo\/glyphs\/A_ring.glif":"\/fonts\/Unpacking\/62589f264873a3b83fa7d508bb4fa5f1670038b5\/vervestd-regular.ufo\/glyphs\/A_ring.glif","\/fonts\/Unpacking\/62589f264873a3b83fa7d508bb4fa5f1670038b5\/vervestd-regular.ufo\/glyphs\/A_tilde.glif":"\/fonts\/Unpacking\/62589f264873a3b83fa7d508bb4fa5f1670038b5\/vervestd-regular.ufo\/glyphs\/A_tilde.glif","\/fonts\/Unpacking\/62589f264873a3b83fa7d508bb4fa5f1670038b5\/vervestd-regular.ufo\/glyphs\/B_.glif":"\/fonts\/Unpacking\/62589f264873a3b83fa7d508bb4fa5f1670038b5\/vervestd-regular.ufo\/glyphs\/B_.glif","\/fonts\/Unpacking\/62589f264873a3b83fa7d508bb4fa5f1670038b5\/vervestd-regular.ufo\/glyphs\/C_.glif":"\/fonts\/Unpacking\/62589f264873a3b83fa7d508bb4fa5f1670038b5\/vervestd-regular.ufo\/glyphs\/C_.glif","\/fonts\/Unpacking\/62589f264873a3b83fa7d508bb4fa5f1670038b5\/vervestd-regular.ufo\/glyphs\/C_cedilla.glif":"\/fonts\/Unpacking\/62589f264873a3b83fa7d508bb4fa5f1670038b5\/vervestd-regular.ufo\/glyphs\/C_cedilla.glif","\/fonts\/Unpacking\/62589f264873a3b83fa7d508bb4fa5f1670038b5\/vervestd-regular.ufo\/glyphs\/D_.glif":"\/fonts\/Unpacking\/62589f264873a3b83fa7d508bb4fa5f1670038b5\/vervestd-regular.ufo\/glyphs\/D_.glif","\/fonts\/Unpacking\/62589f264873a3b83fa7d508bb4fa5f1670038b5\/vervestd-regular.ufo\/glyphs\/D_elta.glif":"\/fonts\/Unpacking\/62589f264873a3b83fa7d508bb4fa5f1670038b5\/vervestd-regular.ufo\/glyphs\/D_elta.glif","\/fonts\/Unpacking\/62589f264873a3b83fa7d508bb4fa5f1670038b5\/vervestd-regular.ufo\/glyphs\/E_.glif":"\/fonts\/Unpacking\/62589f264873a3b83fa7d508bb4fa5f1670038b5\/vervestd-regular.ufo\/glyphs\/E_.glif","\/fonts\/Unpacking\/62589f264873a3b83fa7d508bb4fa5f1670038b5\/vervestd-regular.ufo\/glyphs\/E_acute.glif":"\/fonts\/Unpacking\/62589f264873a3b83fa7d508bb4fa5f1670038b5\/vervestd-regular.ufo\/glyphs\/E_acute.glif","\/fonts\/Unpacking\/62589f264873a3b83fa7d508bb4fa5f1670038b5\/vervestd-regular.ufo\/glyphs\/E_circumflex.glif":"\/fonts\/Unpacking\/62589f264873a3b83fa7d508bb4fa5f1670038b5\/vervestd-regular.ufo\/glyphs\/E_circumflex.glif","\/fonts\/Unpacking\/62589f264873a3b83fa7d508bb4fa5f1670038b5\/vervestd-regular.ufo\/glyphs\/E_dieresis.glif":"\/fonts\/Unpacking\/62589f264873a3b83fa7d508bb4fa5f1670038b5\/vervestd-regular.ufo\/glyphs\/E_dieresis.glif","\/fonts\/Unpacking\/62589f264873a3b83fa7d508bb4fa5f1670038b5\/vervestd-regular.ufo\/glyphs\/E_grave.glif":"\/fonts\/Unpacking\/62589f264873a3b83fa7d508bb4fa5f1670038b5\/vervestd-regular.ufo\/glyphs\/E_grave.glif","\/fonts\/Unpacking\/62589f264873a3b83fa7d508bb4fa5f1670038b5\/vervestd-regular.ufo\/glyphs\/E_th.glif":"\/fonts\/Unpacking\/62589f264873a3b83fa7d508bb4fa5f1670038b5\/vervestd-regular.ufo\/glyphs\/E_th.glif","\/fonts\/Unpacking\/62589f264873a3b83fa7d508bb4fa5f1670038b5\/vervestd-regular.ufo\/glyphs\/E_uro.glif":"\/fonts\/Unpacking\/62589f264873a3b83fa7d508bb4fa5f1670038b5\/vervestd-regular.ufo\/glyphs\/E_uro.glif","\/fonts\/Unpacking\/62589f264873a3b83fa7d508bb4fa5f1670038b5\/vervestd-regular.ufo\/glyphs\/F_.alt.glif":"\/fonts\/Unpacking\/62589f264873a3b83fa7d508bb4fa5f1670038b5\/vervestd-regular.ufo\/glyphs\/F_.alt.glif","\/fonts\/Unpacking\/62589f264873a3b83fa7d508bb4fa5f1670038b5\/vervestd-regular.ufo\/glyphs\/F_.glif":"\/fonts\/Unpacking\/62589f264873a3b83fa7d508bb4fa5f1670038b5\/vervestd-regular.ufo\/glyphs\/F_.glif","\/fonts\/Unpacking\/62589f264873a3b83fa7d508bb4fa5f1670038b5\/vervestd-regular.ufo\/glyphs\/G_.glif":"\/fonts\/Unpacking\/62589f264873a3b83fa7d508bb4fa5f1670038b5\/vervestd-regular.ufo\/glyphs\/G_.glif","\/fonts\/Unpacking\/62589f264873a3b83fa7d508bb4fa5f1670038b5\/vervestd-regular.ufo\/glyphs\/H_.glif":"\/fonts\/Unpacking\/62589f264873a3b83fa7d508bb4fa5f1670038b5\/vervestd-regular.ufo\/glyphs\/H_.glif","\/fonts\/Unpacking\/62589f264873a3b83fa7d508bb4fa5f1670038b5\/vervestd-regular.ufo\/glyphs\/I_.glif":"\/fonts\/Unpacking\/62589f264873a3b83fa7d508bb4fa5f1670038b5\/vervestd-regular.ufo\/glyphs\/I_.glif","\/fonts\/Unpacking\/62589f264873a3b83fa7d508bb4fa5f1670038b5\/vervestd-regular.ufo\/glyphs\/I_acute.glif":"\/fonts\/Unpacking\/62589f264873a3b83fa7d508bb4fa5f1670038b5\/vervestd-regular.ufo\/glyphs\/I_acute.glif","\/fonts\/Unpacking\/62589f264873a3b83fa7d508bb4fa5f1670038b5\/vervestd-regular.ufo\/glyphs\/I_circumflex.glif":"\/fonts\/Unpacking\/62589f264873a3b83fa7d508bb4fa5f1670038b5\/vervestd-regular.ufo\/glyphs\/I_circumflex.glif","\/fonts\/Unpacking\/62589f264873a3b83fa7d508bb4fa5f1670038b5\/vervestd-regular.ufo\/glyphs\/I_dieresis.glif":"\/fonts\/Unpacking\/62589f264873a3b83fa7d508bb4fa5f1670038b5\/vervestd-regular.ufo\/glyphs\/I_dieresis.glif","\/fonts\/Unpacking\/62589f264873a3b83fa7d508bb4fa5f1670038b5\/vervestd-regular.ufo\/glyphs\/I_grave.glif":"\/fonts\/Unpacking\/62589f264873a3b83fa7d508bb4fa5f1670038b5\/vervestd-regular.ufo\/glyphs\/I_grave.glif","\/fonts\/Unpacking\/62589f264873a3b83fa7d508bb4fa5f1670038b5\/vervestd-regular.ufo\/glyphs\/J_.glif":"\/fonts\/Unpacking\/62589f264873a3b83fa7d508bb4fa5f1670038b5\/vervestd-regular.ufo\/glyphs\/J_.glif","\/fonts\/Unpacking\/62589f264873a3b83fa7d508bb4fa5f1670038b5\/vervestd-regular.ufo\/glyphs\/K_.glif":"\/fonts\/Unpacking\/62589f264873a3b83fa7d508bb4fa5f1670038b5\/vervestd-regular.ufo\/glyphs\/K_.glif","\/fonts\/Unpacking\/62589f264873a3b83fa7d508bb4fa5f1670038b5\/vervestd-regular.ufo\/glyphs\/L_.glif":"\/fonts\/Unpacking\/62589f264873a3b83fa7d508bb4fa5f1670038b5\/vervestd-regular.ufo\/glyphs\/L_.glif","\/fonts\/Unpacking\/62589f264873a3b83fa7d508bb4fa5f1670038b5\/vervestd-regular.ufo\/glyphs\/L_slash.glif":"\/fonts\/Unpacking\/62589f264873a3b83fa7d508bb4fa5f1670038b5\/vervestd-regular.ufo\/glyphs\/L_slash.glif","\/fonts\/Unpacking\/62589f264873a3b83fa7d508bb4fa5f1670038b5\/vervestd-regular.ufo\/glyphs\/M_.glif":"\/fonts\/Unpacking\/62589f264873a3b83fa7d508bb4fa5f1670038b5\/vervestd-regular.ufo\/glyphs\/M_.glif","\/fonts\/Unpacking\/62589f264873a3b83fa7d508bb4fa5f1670038b5\/vervestd-regular.ufo\/glyphs\/N_.glif":"\/fonts\/Unpacking\/62589f264873a3b83fa7d508bb4fa5f1670038b5\/vervestd-regular.ufo\/glyphs\/N_.glif","\/fonts\/Unpacking\/62589f264873a3b83fa7d508bb4fa5f1670038b5\/vervestd-regular.ufo\/glyphs\/N_tilde.glif":"\/fonts\/Unpacking\/62589f264873a3b83fa7d508bb4fa5f1670038b5\/vervestd-regular.ufo\/glyphs\/N_tilde.glif","\/fonts\/Unpacking\/62589f264873a3b83fa7d508bb4fa5f1670038b5\/vervestd-regular.ufo\/glyphs\/O_.glif":"\/fonts\/Unpacking\/62589f264873a3b83fa7d508bb4fa5f1670038b5\/vervestd-regular.ufo\/glyphs\/O_.glif","\/fonts\/Unpacking\/62589f264873a3b83fa7d508bb4fa5f1670038b5\/vervestd-regular.ufo\/glyphs\/O_E_.glif":"\/fonts\/Unpacking\/62589f264873a3b83fa7d508bb4fa5f1670038b5\/vervestd-regular.ufo\/glyphs\/O_E_.glif","\/fonts\/Unpacking\/62589f264873a3b83fa7d508bb4fa5f1670038b5\/vervestd-regular.ufo\/glyphs\/O_acute.glif":"\/fonts\/Unpacking\/62589f264873a3b83fa7d508bb4fa5f1670038b5\/vervestd-regular.ufo\/glyphs\/O_acute.glif","\/fonts\/Unpacking\/62589f264873a3b83fa7d508bb4fa5f1670038b5\/vervestd-regular.ufo\/glyphs\/O_circumflex.glif":"\/fonts\/Unpacking\/62589f264873a3b83fa7d508bb4fa5f1670038b5\/vervestd-regular.ufo\/glyphs\/O_circumflex.glif","\/fonts\/Unpacking\/62589f264873a3b83fa7d508bb4fa5f1670038b5\/vervestd-regular.ufo\/glyphs\/O_dieresis.glif":"\/fonts\/Unpacking\/62589f264873a3b83fa7d508bb4fa5f1670038b5\/vervestd-regular.ufo\/glyphs\/O_dieresis.glif","\/fonts\/Unpacking\/62589f264873a3b83fa7d508bb4fa5f1670038b5\/vervestd-regular.ufo\/glyphs\/O_grave.glif":"\/fonts\/Unpacking\/62589f264873a3b83fa7d508bb4fa5f1670038b5\/vervestd-regular.ufo\/glyphs\/O_grave.glif","\/fonts\/Unpacking\/62589f264873a3b83fa7d508bb4fa5f1670038b5\/vervestd-regular.ufo\/glyphs\/O_mega.glif":"\/fonts\/Unpacking\/62589f264873a3b83fa7d508bb4fa5f1670038b5\/vervestd-regular.ufo\/glyphs\/O_mega.glif","\/fonts\/Unpacking\/62589f264873a3b83fa7d508bb4fa5f1670038b5\/vervestd-regular.ufo\/glyphs\/O_slash.glif":"\/fonts\/Unpacking\/62589f264873a3b83fa7d508bb4fa5f1670038b5\/vervestd-regular.ufo\/glyphs\/O_slash.glif","\/fonts\/Unpacking\/62589f264873a3b83fa7d508bb4fa5f1670038b5\/vervestd-regular.ufo\/glyphs\/O_tilde.glif":"\/fonts\/Unpacking\/62589f264873a3b83fa7d508bb4fa5f1670038b5\/vervestd-regular.ufo\/glyphs\/O_tilde.glif","\/fonts\/Unpacking\/62589f264873a3b83fa7d508bb4fa5f1670038b5\/vervestd-regular.ufo\/glyphs\/P_.glif":"\/fonts\/Unpacking\/62589f264873a3b83fa7d508bb4fa5f1670038b5\/vervestd-regular.ufo\/glyphs\/P_.glif","\/fonts\/Unpacking\/62589f264873a3b83fa7d508bb4fa5f1670038b5\/vervestd-regular.ufo\/glyphs\/Q_.glif":"\/fonts\/Unpacking\/62589f264873a3b83fa7d508bb4fa5f1670038b5\/vervestd-regular.ufo\/glyphs\/Q_.glif","\/fonts\/Unpacking\/62589f264873a3b83fa7d508bb4fa5f1670038b5\/vervestd-regular.ufo\/glyphs\/R_.glif":"\/fonts\/Unpacking\/62589f264873a3b83fa7d508bb4fa5f1670038b5\/vervestd-regular.ufo\/glyphs\/R_.glif","\/fonts\/Unpacking\/62589f264873a3b83fa7d508bb4fa5f1670038b5\/vervestd-regular.ufo\/glyphs\/S_.alt.glif":"\/fonts\/Unpacking\/62589f264873a3b83fa7d508bb4fa5f1670038b5\/vervestd-regular.ufo\/glyphs\/S_.alt.glif","\/fonts\/Unpacking\/62589f264873a3b83fa7d508bb4fa5f1670038b5\/vervestd-regular.ufo\/glyphs\/S_.glif":"\/fonts\/Unpacking\/62589f264873a3b83fa7d508bb4fa5f1670038b5\/vervestd-regular.ufo\/glyphs\/S_.glif","\/fonts\/Unpacking\/62589f264873a3b83fa7d508bb4fa5f1670038b5\/vervestd-regular.ufo\/glyphs\/S_caron.glif":"\/fonts\/Unpacking\/62589f264873a3b83fa7d508bb4fa5f1670038b5\/vervestd-regular.ufo\/glyphs\/S_caron.glif","\/fonts\/Unpacking\/62589f264873a3b83fa7d508bb4fa5f1670038b5\/vervestd-regular.ufo\/glyphs\/T_.alt.glif":"\/fonts\/Unpacking\/62589f264873a3b83fa7d508bb4fa5f1670038b5\/vervestd-regular.ufo\/glyphs\/T_.alt.glif","\/fonts\/Unpacking\/62589f264873a3b83fa7d508bb4fa5f1670038b5\/vervestd-regular.ufo\/glyphs\/T_.glif":"\/fonts\/Unpacking\/62589f264873a3b83fa7d508bb4fa5f1670038b5\/vervestd-regular.ufo\/glyphs\/T_.glif","\/fonts\/Unpacking\/62589f264873a3b83fa7d508bb4fa5f1670038b5\/vervestd-regular.ufo\/glyphs\/T_horn.glif":"\/fonts\/Unpacking\/62589f264873a3b83fa7d508bb4fa5f1670038b5\/vervestd-regular.ufo\/glyphs\/T_horn.glif","\/fonts\/Unpacking\/62589f264873a3b83fa7d508bb4fa5f1670038b5\/vervestd-regular.ufo\/glyphs\/U_.glif":"\/fonts\/Unpacking\/62589f264873a3b83fa7d508bb4fa5f1670038b5\/vervestd-regular.ufo\/glyphs\/U_.glif","\/fonts\/Unpacking\/62589f264873a3b83fa7d508bb4fa5f1670038b5\/vervestd-regular.ufo\/glyphs\/U_acute.glif":"\/fonts\/Unpacking\/62589f264873a3b83fa7d508bb4fa5f1670038b5\/vervestd-regular.ufo\/glyphs\/U_acute.glif","\/fonts\/Unpacking\/62589f264873a3b83fa7d508bb4fa5f1670038b5\/vervestd-regular.ufo\/glyphs\/U_circumflex.glif":"\/fonts\/Unpacking\/62589f264873a3b83fa7d508bb4fa5f1670038b5\/vervestd-regular.ufo\/glyphs\/U_circumflex.glif","\/fonts\/Unpacking\/62589f264873a3b83fa7d508bb4fa5f1670038b5\/vervestd-regular.ufo\/glyphs\/U_dieresis.glif":"\/fonts\/Unpacking\/62589f264873a3b83fa7d508bb4fa5f1670038b5\/vervestd-regular.ufo\/glyphs\/U_dieresis.glif","\/fonts\/Unpacking\/62589f264873a3b83fa7d508bb4fa5f1670038b5\/vervestd-regular.ufo\/glyphs\/U_grave.glif":"\/fonts\/Unpacking\/62589f264873a3b83fa7d508bb4fa5f1670038b5\/vervestd-regular.ufo\/glyphs\/U_grave.glif","\/fonts\/Unpacking\/62589f264873a3b83fa7d508bb4fa5f1670038b5\/vervestd-regular.ufo\/glyphs\/V_.glif":"\/fonts\/Unpacking\/62589f264873a3b83fa7d508bb4fa5f1670038b5\/vervestd-regular.ufo\/glyphs\/V_.glif","\/fonts\/Unpacking\/62589f264873a3b83fa7d508bb4fa5f1670038b5\/vervestd-regular.ufo\/glyphs\/W_.glif":"\/fonts\/Unpacking\/62589f264873a3b83fa7d508bb4fa5f1670038b5\/vervestd-regular.ufo\/glyphs\/W_.glif","\/fonts\/Unpacking\/62589f264873a3b83fa7d508bb4fa5f1670038b5\/vervestd-regular.ufo\/glyphs\/X_.glif":"\/fonts\/Unpacking\/62589f264873a3b83fa7d508bb4fa5f1670038b5\/vervestd-regular.ufo\/glyphs\/X_.glif","\/fonts\/Unpacking\/62589f264873a3b83fa7d508bb4fa5f1670038b5\/vervestd-regular.ufo\/glyphs\/Y_.alt.glif":"\/fonts\/Unpacking\/62589f264873a3b83fa7d508bb4fa5f1670038b5\/vervestd-regular.ufo\/glyphs\/Y_.alt.glif","\/fonts\/Unpacking\/62589f264873a3b83fa7d508bb4fa5f1670038b5\/vervestd-regular.ufo\/glyphs\/Y_.glif":"\/fonts\/Unpacking\/62589f264873a3b83fa7d508bb4fa5f1670038b5\/vervestd-regular.ufo\/glyphs\/Y_.glif","\/fonts\/Unpacking\/62589f264873a3b83fa7d508bb4fa5f1670038b5\/vervestd-regular.ufo\/glyphs\/Y_acute.glif":"\/fonts\/Unpacking\/62589f264873a3b83fa7d508bb4fa5f1670038b5\/vervestd-regular.ufo\/glyphs\/Y_acute.glif","\/fonts\/Unpacking\/62589f264873a3b83fa7d508bb4fa5f1670038b5\/vervestd-regular.ufo\/glyphs\/Y_dieresis.glif":"\/fonts\/Unpacking\/62589f264873a3b83fa7d508bb4fa5f1670038b5\/vervestd-regular.ufo\/glyphs\/Y_dieresis.glif","\/fonts\/Unpacking\/62589f264873a3b83fa7d508bb4fa5f1670038b5\/vervestd-regular.ufo\/glyphs\/Z_.glif":"\/fonts\/Unpacking\/62589f264873a3b83fa7d508bb4fa5f1670038b5\/vervestd-regular.ufo\/glyphs\/Z_.glif","\/fonts\/Unpacking\/62589f264873a3b83fa7d508bb4fa5f1670038b5\/vervestd-regular.ufo\/glyphs\/Z_caron.glif":"\/fonts\/Unpacking\/62589f264873a3b83fa7d508bb4fa5f1670038b5\/vervestd-regular.ufo\/glyphs\/Z_caron.glif","\/fonts\/Unpacking\/62589f264873a3b83fa7d508bb4fa5f1670038b5\/vervestd-regular.ufo\/glyphs\/_notdef.glif":"\/fonts\/Unpacking\/62589f264873a3b83fa7d508bb4fa5f1670038b5\/vervestd-regular.ufo\/glyphs\/_notdef.glif","\/fonts\/Unpacking\/62589f264873a3b83fa7d508bb4fa5f1670038b5\/vervestd-regular.ufo\/glyphs\/a.glif":"\/fonts\/Unpacking\/62589f264873a3b83fa7d508bb4fa5f1670038b5\/vervestd-regular.ufo\/glyphs\/a.glif","\/fonts\/Unpacking\/62589f264873a3b83fa7d508bb4fa5f1670038b5\/vervestd-regular.ufo\/glyphs\/a.superior.glif":"\/fonts\/Unpacking\/62589f264873a3b83fa7d508bb4fa5f1670038b5\/vervestd-regular.ufo\/glyphs\/a.superior.glif","\/fonts\/Unpacking\/62589f264873a3b83fa7d508bb4fa5f1670038b5\/vervestd-regular.ufo\/glyphs\/aacute.glif":"\/fonts\/Unpacking\/62589f264873a3b83fa7d508bb4fa5f1670038b5\/vervestd-regular.ufo\/glyphs\/aacute.glif","\/fonts\/Unpacking\/62589f264873a3b83fa7d508bb4fa5f1670038b5\/vervestd-regular.ufo\/glyphs\/acircumflex.glif":"\/fonts\/Unpacking\/62589f264873a3b83fa7d508bb4fa5f1670038b5\/vervestd-regular.ufo\/glyphs\/acircumflex.glif","\/fonts\/Unpacking\/62589f264873a3b83fa7d508bb4fa5f1670038b5\/vervestd-regular.ufo\/glyphs\/acute.glif":"\/fonts\/Unpacking\/62589f264873a3b83fa7d508bb4fa5f1670038b5\/vervestd-regular.ufo\/glyphs\/acute.glif","\/fonts\/Unpacking\/62589f264873a3b83fa7d508bb4fa5f1670038b5\/vervestd-regular.ufo\/glyphs\/adieresis.glif":"\/fonts\/Unpacking\/62589f264873a3b83fa7d508bb4fa5f1670038b5\/vervestd-regular.ufo\/glyphs\/adieresis.glif","\/fonts\/Unpacking\/62589f264873a3b83fa7d508bb4fa5f1670038b5\/vervestd-regular.ufo\/glyphs\/ae.glif":"\/fonts\/Unpacking\/62589f264873a3b83fa7d508bb4fa5f1670038b5\/vervestd-regular.ufo\/glyphs\/ae.glif","\/fonts\/Unpacking\/62589f264873a3b83fa7d508bb4fa5f1670038b5\/vervestd-regular.ufo\/glyphs\/afii61289.glif":"\/fonts\/Unpacking\/62589f264873a3b83fa7d508bb4fa5f1670038b5\/vervestd-regular.ufo\/glyphs\/afii61289.glif","\/fonts\/Unpacking\/62589f264873a3b83fa7d508bb4fa5f1670038b5\/vervestd-regular.ufo\/glyphs\/agrave.glif":"\/fonts\/Unpacking\/62589f264873a3b83fa7d508bb4fa5f1670038b5\/vervestd-regular.ufo\/glyphs\/agrave.glif","\/fonts\/Unpacking\/62589f264873a3b83fa7d508bb4fa5f1670038b5\/vervestd-regular.ufo\/glyphs\/ampersand.glif":"\/fonts\/Unpacking\/62589f264873a3b83fa7d508bb4fa5f1670038b5\/vervestd-regular.ufo\/glyphs\/ampersand.glif","\/fonts\/Unpacking\/62589f264873a3b83fa7d508bb4fa5f1670038b5\/vervestd-regular.ufo\/glyphs\/approxequal.glif":"\/fonts\/Unpacking\/62589f264873a3b83fa7d508bb4fa5f1670038b5\/vervestd-regular.ufo\/glyphs\/approxequal.glif","\/fonts\/Unpacking\/62589f264873a3b83fa7d508bb4fa5f1670038b5\/vervestd-regular.ufo\/glyphs\/aring.glif":"\/fonts\/Unpacking\/62589f264873a3b83fa7d508bb4fa5f1670038b5\/vervestd-regular.ufo\/glyphs\/aring.glif","\/fonts\/Unpacking\/62589f264873a3b83fa7d508bb4fa5f1670038b5\/vervestd-regular.ufo\/glyphs\/asciicircum.glif":"\/fonts\/Unpacking\/62589f264873a3b83fa7d508bb4fa5f1670038b5\/vervestd-regular.ufo\/glyphs\/asciicircum.glif","\/fonts\/Unpacking\/62589f264873a3b83fa7d508bb4fa5f1670038b5\/vervestd-regular.ufo\/glyphs\/asciitilde.glif":"\/fonts\/Unpacking\/62589f264873a3b83fa7d508bb4fa5f1670038b5\/vervestd-regular.ufo\/glyphs\/asciitilde.glif","\/fonts\/Unpacking\/62589f264873a3b83fa7d508bb4fa5f1670038b5\/vervestd-regular.ufo\/glyphs\/asterisk.glif":"\/fonts\/Unpacking\/62589f264873a3b83fa7d508bb4fa5f1670038b5\/vervestd-regular.ufo\/glyphs\/asterisk.glif","\/fonts\/Unpacking\/62589f264873a3b83fa7d508bb4fa5f1670038b5\/vervestd-regular.ufo\/glyphs\/at.glif":"\/fonts\/Unpacking\/62589f264873a3b83fa7d508bb4fa5f1670038b5\/vervestd-regular.ufo\/glyphs\/at.glif","\/fonts\/Unpacking\/62589f264873a3b83fa7d508bb4fa5f1670038b5\/vervestd-regular.ufo\/glyphs\/atilde.glif":"\/fonts\/Unpacking\/62589f264873a3b83fa7d508bb4fa5f1670038b5\/vervestd-regular.ufo\/glyphs\/atilde.glif","\/fonts\/Unpacking\/62589f264873a3b83fa7d508bb4fa5f1670038b5\/vervestd-regular.ufo\/glyphs\/b.glif":"\/fonts\/Unpacking\/62589f264873a3b83fa7d508bb4fa5f1670038b5\/vervestd-regular.ufo\/glyphs\/b.glif","\/fonts\/Unpacking\/62589f264873a3b83fa7d508bb4fa5f1670038b5\/vervestd-regular.ufo\/glyphs\/backslash.glif":"\/fonts\/Unpacking\/62589f264873a3b83fa7d508bb4fa5f1670038b5\/vervestd-regular.ufo\/glyphs\/backslash.glif","\/fonts\/Unpacking\/62589f264873a3b83fa7d508bb4fa5f1670038b5\/vervestd-regular.ufo\/glyphs\/bar.glif":"\/fonts\/Unpacking\/62589f264873a3b83fa7d508bb4fa5f1670038b5\/vervestd-regular.ufo\/glyphs\/bar.glif","\/fonts\/Unpacking\/62589f264873a3b83fa7d508bb4fa5f1670038b5\/vervestd-regular.ufo\/glyphs\/braceleft.glif":"\/fonts\/Unpacking\/62589f264873a3b83fa7d508bb4fa5f1670038b5\/vervestd-regular.ufo\/glyphs\/braceleft.glif","\/fonts\/Unpacking\/62589f264873a3b83fa7d508bb4fa5f1670038b5\/vervestd-regular.ufo\/glyphs\/braceright.glif":"\/fonts\/Unpacking\/62589f264873a3b83fa7d508bb4fa5f1670038b5\/vervestd-regular.ufo\/glyphs\/braceright.glif","\/fonts\/Unpacking\/62589f264873a3b83fa7d508bb4fa5f1670038b5\/vervestd-regular.ufo\/glyphs\/bracketleft.glif":"\/fonts\/Unpacking\/62589f264873a3b83fa7d508bb4fa5f1670038b5\/vervestd-regular.ufo\/glyphs\/bracketleft.glif","\/fonts\/Unpacking\/62589f264873a3b83fa7d508bb4fa5f1670038b5\/vervestd-regular.ufo\/glyphs\/bracketright.glif":"\/fonts\/Unpacking\/62589f264873a3b83fa7d508bb4fa5f1670038b5\/vervestd-regular.ufo\/glyphs\/bracketright.glif","\/fonts\/Unpacking\/62589f264873a3b83fa7d508bb4fa5f1670038b5\/vervestd-regular.ufo\/glyphs\/breve.glif":"\/fonts\/Unpacking\/62589f264873a3b83fa7d508bb4fa5f1670038b5\/vervestd-regular.ufo\/glyphs\/breve.glif","\/fonts\/Unpacking\/62589f264873a3b83fa7d508bb4fa5f1670038b5\/vervestd-regular.ufo\/glyphs\/brokenbar.glif":"\/fonts\/Unpacking\/62589f264873a3b83fa7d508bb4fa5f1670038b5\/vervestd-regular.ufo\/glyphs\/brokenbar.glif","\/fonts\/Unpacking\/62589f264873a3b83fa7d508bb4fa5f1670038b5\/vervestd-regular.ufo\/glyphs\/bullet.glif":"\/fonts\/Unpacking\/62589f264873a3b83fa7d508bb4fa5f1670038b5\/vervestd-regular.ufo\/glyphs\/bullet.glif","\/fonts\/Unpacking\/62589f264873a3b83fa7d508bb4fa5f1670038b5\/vervestd-regular.ufo\/glyphs\/c.glif":"\/fonts\/Unpacking\/62589f264873a3b83fa7d508bb4fa5f1670038b5\/vervestd-regular.ufo\/glyphs\/c.glif","\/fonts\/Unpacking\/62589f264873a3b83fa7d508bb4fa5f1670038b5\/vervestd-regular.ufo\/glyphs\/caron.glif":"\/fonts\/Unpacking\/62589f264873a3b83fa7d508bb4fa5f1670038b5\/vervestd-regular.ufo\/glyphs\/caron.glif","\/fonts\/Unpacking\/62589f264873a3b83fa7d508bb4fa5f1670038b5\/vervestd-regular.ufo\/glyphs\/ccedilla.glif":"\/fonts\/Unpacking\/62589f264873a3b83fa7d508bb4fa5f1670038b5\/vervestd-regular.ufo\/glyphs\/ccedilla.glif","\/fonts\/Unpacking\/62589f264873a3b83fa7d508bb4fa5f1670038b5\/vervestd-regular.ufo\/glyphs\/cedilla.glif":"\/fonts\/Unpacking\/62589f264873a3b83fa7d508bb4fa5f1670038b5\/vervestd-regular.ufo\/glyphs\/cedilla.glif","\/fonts\/Unpacking\/62589f264873a3b83fa7d508bb4fa5f1670038b5\/vervestd-regular.ufo\/glyphs\/cent.glif":"\/fonts\/Unpacking\/62589f264873a3b83fa7d508bb4fa5f1670038b5\/vervestd-regular.ufo\/glyphs\/cent.glif","\/fonts\/Unpacking\/62589f264873a3b83fa7d508bb4fa5f1670038b5\/vervestd-regular.ufo\/glyphs\/circumflex.glif":"\/fonts\/Unpacking\/62589f264873a3b83fa7d508bb4fa5f1670038b5\/vervestd-regular.ufo\/glyphs\/circumflex.glif","\/fonts\/Unpacking\/62589f264873a3b83fa7d508bb4fa5f1670038b5\/vervestd-regular.ufo\/glyphs\/colon.glif":"\/fonts\/Unpacking\/62589f264873a3b83fa7d508bb4fa5f1670038b5\/vervestd-regular.ufo\/glyphs\/colon.glif","\/fonts\/Unpacking\/62589f264873a3b83fa7d508bb4fa5f1670038b5\/vervestd-regular.ufo\/glyphs\/comma.glif":"\/fonts\/Unpacking\/62589f264873a3b83fa7d508bb4fa5f1670038b5\/vervestd-regular.ufo\/glyphs\/comma.glif","\/fonts\/Unpacking\/62589f264873a3b83fa7d508bb4fa5f1670038b5\/vervestd-regular.ufo\/glyphs\/contents.plist":"\/fonts\/Unpacking\/62589f264873a3b83fa7d508bb4fa5f1670038b5\/vervestd-regular.ufo\/glyphs\/contents.plist","\/fonts\/Unpacking\/62589f264873a3b83fa7d508bb4fa5f1670038b5\/vervestd-regular.ufo\/glyphs\/copyright.glif":"\/fonts\/Unpacking\/62589f264873a3b83fa7d508bb4fa5f1670038b5\/vervestd-regular.ufo\/glyphs\/copyright.glif","\/fonts\/Unpacking\/62589f264873a3b83fa7d508bb4fa5f1670038b5\/vervestd-regular.ufo\/glyphs\/currency.glif":"\/fonts\/Unpacking\/62589f264873a3b83fa7d508bb4fa5f1670038b5\/vervestd-regular.ufo\/glyphs\/currency.glif","\/fonts\/Unpacking\/62589f264873a3b83fa7d508bb4fa5f1670038b5\/vervestd-regular.ufo\/glyphs\/d.glif":"\/fonts\/Unpacking\/62589f264873a3b83fa7d508bb4fa5f1670038b5\/vervestd-regular.ufo\/glyphs\/d.glif","\/fonts\/Unpacking\/62589f264873a3b83fa7d508bb4fa5f1670038b5\/vervestd-regular.ufo\/glyphs\/dagger.glif":"\/fonts\/Unpacking\/62589f264873a3b83fa7d508bb4fa5f1670038b5\/vervestd-regular.ufo\/glyphs\/dagger.glif","\/fonts\/Unpacking\/62589f264873a3b83fa7d508bb4fa5f1670038b5\/vervestd-regular.ufo\/glyphs\/daggerdbl.glif":"\/fonts\/Unpacking\/62589f264873a3b83fa7d508bb4fa5f1670038b5\/vervestd-regular.ufo\/glyphs\/daggerdbl.glif","\/fonts\/Unpacking\/62589f264873a3b83fa7d508bb4fa5f1670038b5\/vervestd-regular.ufo\/glyphs\/degree.glif":"\/fonts\/Unpacking\/62589f264873a3b83fa7d508bb4fa5f1670038b5\/vervestd-regular.ufo\/glyphs\/degree.glif","\/fonts\/Unpacking\/62589f264873a3b83fa7d508bb4fa5f1670038b5\/vervestd-regular.ufo\/glyphs\/dieresis.glif":"\/fonts\/Unpacking\/62589f264873a3b83fa7d508bb4fa5f1670038b5\/vervestd-regular.ufo\/glyphs\/dieresis.glif","\/fonts\/Unpacking\/62589f264873a3b83fa7d508bb4fa5f1670038b5\/vervestd-regular.ufo\/glyphs\/divide.glif":"\/fonts\/Unpacking\/62589f264873a3b83fa7d508bb4fa5f1670038b5\/vervestd-regular.ufo\/glyphs\/divide.glif","\/fonts\/Unpacking\/62589f264873a3b83fa7d508bb4fa5f1670038b5\/vervestd-regular.ufo\/glyphs\/dollar.glif":"\/fonts\/Unpacking\/62589f264873a3b83fa7d508bb4fa5f1670038b5\/vervestd-regular.ufo\/glyphs\/dollar.glif","\/fonts\/Unpacking\/62589f264873a3b83fa7d508bb4fa5f1670038b5\/vervestd-regular.ufo\/glyphs\/dotaccent.glif":"\/fonts\/Unpacking\/62589f264873a3b83fa7d508bb4fa5f1670038b5\/vervestd-regular.ufo\/glyphs\/dotaccent.glif","\/fonts\/Unpacking\/62589f264873a3b83fa7d508bb4fa5f1670038b5\/vervestd-regular.ufo\/glyphs\/dotlessi.glif":"\/fonts\/Unpacking\/62589f264873a3b83fa7d508bb4fa5f1670038b5\/vervestd-regular.ufo\/glyphs\/dotlessi.glif","\/fonts\/Unpacking\/62589f264873a3b83fa7d508bb4fa5f1670038b5\/vervestd-regular.ufo\/glyphs\/e.glif":"\/fonts\/Unpacking\/62589f264873a3b83fa7d508bb4fa5f1670038b5\/vervestd-regular.ufo\/glyphs\/e.glif","\/fonts\/Unpacking\/62589f264873a3b83fa7d508bb4fa5f1670038b5\/vervestd-regular.ufo\/glyphs\/eacute.glif":"\/fonts\/Unpacking\/62589f264873a3b83fa7d508bb4fa5f1670038b5\/vervestd-regular.ufo\/glyphs\/eacute.glif","\/fonts\/Unpacking\/62589f264873a3b83fa7d508bb4fa5f1670038b5\/vervestd-regular.ufo\/glyphs\/ecircumflex.glif":"\/fonts\/Unpacking\/62589f264873a3b83fa7d508bb4fa5f1670038b5\/vervestd-regular.ufo\/glyphs\/ecircumflex.glif","\/fonts\/Unpacking\/62589f264873a3b83fa7d508bb4fa5f1670038b5\/vervestd-regular.ufo\/glyphs\/edieresis.glif":"\/fonts\/Unpacking\/62589f264873a3b83fa7d508bb4fa5f1670038b5\/vervestd-regular.ufo\/glyphs\/edieresis.glif","\/fonts\/Unpacking\/62589f264873a3b83fa7d508bb4fa5f1670038b5\/vervestd-regular.ufo\/glyphs\/egrave.glif":"\/fonts\/Unpacking\/62589f264873a3b83fa7d508bb4fa5f1670038b5\/vervestd-regular.ufo\/glyphs\/egrave.glif","\/fonts\/Unpacking\/62589f264873a3b83fa7d508bb4fa5f1670038b5\/vervestd-regular.ufo\/glyphs\/eight.glif":"\/fonts\/Unpacking\/62589f264873a3b83fa7d508bb4fa5f1670038b5\/vervestd-regular.ufo\/glyphs\/eight.glif","\/fonts\/Unpacking\/62589f264873a3b83fa7d508bb4fa5f1670038b5\/vervestd-regular.ufo\/glyphs\/ellipsis.glif":"\/fonts\/Unpacking\/62589f264873a3b83fa7d508bb4fa5f1670038b5\/vervestd-regular.ufo\/glyphs\/ellipsis.glif","\/fonts\/Unpacking\/62589f264873a3b83fa7d508bb4fa5f1670038b5\/vervestd-regular.ufo\/glyphs\/emdash.glif":"\/fonts\/Unpacking\/62589f264873a3b83fa7d508bb4fa5f1670038b5\/vervestd-regular.ufo\/glyphs\/emdash.glif","\/fonts\/Unpacking\/62589f264873a3b83fa7d508bb4fa5f1670038b5\/vervestd-regular.ufo\/glyphs\/endash.glif":"\/fonts\/Unpacking\/62589f264873a3b83fa7d508bb4fa5f1670038b5\/vervestd-regular.ufo\/glyphs\/endash.glif","\/fonts\/Unpacking\/62589f264873a3b83fa7d508bb4fa5f1670038b5\/vervestd-regular.ufo\/glyphs\/equal.glif":"\/fonts\/Unpacking\/62589f264873a3b83fa7d508bb4fa5f1670038b5\/vervestd-regular.ufo\/glyphs\/equal.glif","\/fonts\/Unpacking\/62589f264873a3b83fa7d508bb4fa5f1670038b5\/vervestd-regular.ufo\/glyphs\/estimated.glif":"\/fonts\/Unpacking\/62589f264873a3b83fa7d508bb4fa5f1670038b5\/vervestd-regular.ufo\/glyphs\/estimated.glif","\/fonts\/Unpacking\/62589f264873a3b83fa7d508bb4fa5f1670038b5\/vervestd-regular.ufo\/glyphs\/eth.glif":"\/fonts\/Unpacking\/62589f264873a3b83fa7d508bb4fa5f1670038b5\/vervestd-regular.ufo\/glyphs\/eth.glif","\/fonts\/Unpacking\/62589f264873a3b83fa7d508bb4fa5f1670038b5\/vervestd-regular.ufo\/glyphs\/exclam.glif":"\/fonts\/Unpacking\/62589f264873a3b83fa7d508bb4fa5f1670038b5\/vervestd-regular.ufo\/glyphs\/exclam.glif","\/fonts\/Unpacking\/62589f264873a3b83fa7d508bb4fa5f1670038b5\/vervestd-regular.ufo\/glyphs\/exclamdown.glif":"\/fonts\/Unpacking\/62589f264873a3b83fa7d508bb4fa5f1670038b5\/vervestd-regular.ufo\/glyphs\/exclamdown.glif","\/fonts\/Unpacking\/62589f264873a3b83fa7d508bb4fa5f1670038b5\/vervestd-regular.ufo\/glyphs\/f.alt.glif":"\/fonts\/Unpacking\/62589f264873a3b83fa7d508bb4fa5f1670038b5\/vervestd-regular.ufo\/glyphs\/f.alt.glif","\/fonts\/Unpacking\/62589f264873a3b83fa7d508bb4fa5f1670038b5\/vervestd-regular.ufo\/glyphs\/f.glif":"\/fonts\/Unpacking\/62589f264873a3b83fa7d508bb4fa5f1670038b5\/vervestd-regular.ufo\/glyphs\/f.glif","\/fonts\/Unpacking\/62589f264873a3b83fa7d508bb4fa5f1670038b5\/vervestd-regular.ufo\/glyphs\/f_i.glif":"\/fonts\/Unpacking\/62589f264873a3b83fa7d508bb4fa5f1670038b5\/vervestd-regular.ufo\/glyphs\/f_i.glif","\/fonts\/Unpacking\/62589f264873a3b83fa7d508bb4fa5f1670038b5\/vervestd-regular.ufo\/glyphs\/f_l.glif":"\/fonts\/Unpacking\/62589f264873a3b83fa7d508bb4fa5f1670038b5\/vervestd-regular.ufo\/glyphs\/f_l.glif","\/fonts\/Unpacking\/62589f264873a3b83fa7d508bb4fa5f1670038b5\/vervestd-regular.ufo\/glyphs\/fi.glif":"\/fonts\/Unpacking\/62589f264873a3b83fa7d508bb4fa5f1670038b5\/vervestd-regular.ufo\/glyphs\/fi.glif","\/fonts\/Unpacking\/62589f264873a3b83fa7d508bb4fa5f1670038b5\/vervestd-regular.ufo\/glyphs\/five.glif":"\/fonts\/Unpacking\/62589f264873a3b83fa7d508bb4fa5f1670038b5\/vervestd-regular.ufo\/glyphs\/five.glif","\/fonts\/Unpacking\/62589f264873a3b83fa7d508bb4fa5f1670038b5\/vervestd-regular.ufo\/glyphs\/fl.glif":"\/fonts\/Unpacking\/62589f264873a3b83fa7d508bb4fa5f1670038b5\/vervestd-regular.ufo\/glyphs\/fl.glif","\/fonts\/Unpacking\/62589f264873a3b83fa7d508bb4fa5f1670038b5\/vervestd-regular.ufo\/glyphs\/florin.glif":"\/fonts\/Unpacking\/62589f264873a3b83fa7d508bb4fa5f1670038b5\/vervestd-regular.ufo\/glyphs\/florin.glif","\/fonts\/Unpacking\/62589f264873a3b83fa7d508bb4fa5f1670038b5\/vervestd-regular.ufo\/glyphs\/four.glif":"\/fonts\/Unpacking\/62589f264873a3b83fa7d508bb4fa5f1670038b5\/vervestd-regular.ufo\/glyphs\/four.glif","\/fonts\/Unpacking\/62589f264873a3b83fa7d508bb4fa5f1670038b5\/vervestd-regular.ufo\/glyphs\/fraction.glif":"\/fonts\/Unpacking\/62589f264873a3b83fa7d508bb4fa5f1670038b5\/vervestd-regular.ufo\/glyphs\/fraction.glif","\/fonts\/Unpacking\/62589f264873a3b83fa7d508bb4fa5f1670038b5\/vervestd-regular.ufo\/glyphs\/g.glif":"\/fonts\/Unpacking\/62589f264873a3b83fa7d508bb4fa5f1670038b5\/vervestd-regular.ufo\/glyphs\/g.glif","\/fonts\/Unpacking\/62589f264873a3b83fa7d508bb4fa5f1670038b5\/vervestd-regular.ufo\/glyphs\/germandbls.glif":"\/fonts\/Unpacking\/62589f264873a3b83fa7d508bb4fa5f1670038b5\/vervestd-regular.ufo\/glyphs\/germandbls.glif","\/fonts\/Unpacking\/62589f264873a3b83fa7d508bb4fa5f1670038b5\/vervestd-regular.ufo\/glyphs\/grave.glif":"\/fonts\/Unpacking\/62589f264873a3b83fa7d508bb4fa5f1670038b5\/vervestd-regular.ufo\/glyphs\/grave.glif","\/fonts\/Unpacking\/62589f264873a3b83fa7d508bb4fa5f1670038b5\/vervestd-regular.ufo\/glyphs\/greater.glif":"\/fonts\/Unpacking\/62589f264873a3b83fa7d508bb4fa5f1670038b5\/vervestd-regular.ufo\/glyphs\/greater.glif","\/fonts\/Unpacking\/62589f264873a3b83fa7d508bb4fa5f1670038b5\/vervestd-regular.ufo\/glyphs\/greaterequal.glif":"\/fonts\/Unpacking\/62589f264873a3b83fa7d508bb4fa5f1670038b5\/vervestd-regular.ufo\/glyphs\/greaterequal.glif","\/fonts\/Unpacking\/62589f264873a3b83fa7d508bb4fa5f1670038b5\/vervestd-regular.ufo\/glyphs\/guillemotleft.glif":"\/fonts\/Unpacking\/62589f264873a3b83fa7d508bb4fa5f1670038b5\/vervestd-regular.ufo\/glyphs\/guillemotleft.glif","\/fonts\/Unpacking\/62589f264873a3b83fa7d508bb4fa5f1670038b5\/vervestd-regular.ufo\/glyphs\/guillemotright.glif":"\/fonts\/Unpacking\/62589f264873a3b83fa7d508bb4fa5f1670038b5\/vervestd-regular.ufo\/glyphs\/guillemotright.glif","\/fonts\/Unpacking\/62589f264873a3b83fa7d508bb4fa5f1670038b5\/vervestd-regular.ufo\/glyphs\/guilsinglleft.glif":"\/fonts\/Unpacking\/62589f264873a3b83fa7d508bb4fa5f1670038b5\/vervestd-regular.ufo\/glyphs\/guilsinglleft.glif","\/fonts\/Unpacking\/62589f264873a3b83fa7d508bb4fa5f1670038b5\/vervestd-regular.ufo\/glyphs\/guilsinglright.glif":"\/fonts\/Unpacking\/62589f264873a3b83fa7d508bb4fa5f1670038b5\/vervestd-regular.ufo\/glyphs\/guilsinglright.glif","\/fonts\/Unpacking\/62589f264873a3b83fa7d508bb4fa5f1670038b5\/vervestd-regular.ufo\/glyphs\/h.alt.glif":"\/fonts\/Unpacking\/62589f264873a3b83fa7d508bb4fa5f1670038b5\/vervestd-regular.ufo\/glyphs\/h.alt.glif","\/fonts\/Unpacking\/62589f264873a3b83fa7d508bb4fa5f1670038b5\/vervestd-regular.ufo\/glyphs\/h.glif":"\/fonts\/Unpacking\/62589f264873a3b83fa7d508bb4fa5f1670038b5\/vervestd-regular.ufo\/glyphs\/h.glif","\/fonts\/Unpacking\/62589f264873a3b83fa7d508bb4fa5f1670038b5\/vervestd-regular.ufo\/glyphs\/hungarumlaut.glif":"\/fonts\/Unpacking\/62589f264873a3b83fa7d508bb4fa5f1670038b5\/vervestd-regular.ufo\/glyphs\/hungarumlaut.glif","\/fonts\/Unpacking\/62589f264873a3b83fa7d508bb4fa5f1670038b5\/vervestd-regular.ufo\/glyphs\/hyphen.glif":"\/fonts\/Unpacking\/62589f264873a3b83fa7d508bb4fa5f1670038b5\/vervestd-regular.ufo\/glyphs\/hyphen.glif","\/fonts\/Unpacking\/62589f264873a3b83fa7d508bb4fa5f1670038b5\/vervestd-regular.ufo\/glyphs\/i.glif":"\/fonts\/Unpacking\/62589f264873a3b83fa7d508bb4fa5f1670038b5\/vervestd-regular.ufo\/glyphs\/i.glif","\/fonts\/Unpacking\/62589f264873a3b83fa7d508bb4fa5f1670038b5\/vervestd-regular.ufo\/glyphs\/iacute.glif":"\/fonts\/Unpacking\/62589f264873a3b83fa7d508bb4fa5f1670038b5\/vervestd-regular.ufo\/glyphs\/iacute.glif","\/fonts\/Unpacking\/62589f264873a3b83fa7d508bb4fa5f1670038b5\/vervestd-regular.ufo\/glyphs\/icircumflex.glif":"\/fonts\/Unpacking\/62589f264873a3b83fa7d508bb4fa5f1670038b5\/vervestd-regular.ufo\/glyphs\/icircumflex.glif","\/fonts\/Unpacking\/62589f264873a3b83fa7d508bb4fa5f1670038b5\/vervestd-regular.ufo\/glyphs\/idieresis.glif":"\/fonts\/Unpacking\/62589f264873a3b83fa7d508bb4fa5f1670038b5\/vervestd-regular.ufo\/glyphs\/idieresis.glif","\/fonts\/Unpacking\/62589f264873a3b83fa7d508bb4fa5f1670038b5\/vervestd-regular.ufo\/glyphs\/igrave.glif":"\/fonts\/Unpacking\/62589f264873a3b83fa7d508bb4fa5f1670038b5\/vervestd-regular.ufo\/glyphs\/igrave.glif","\/fonts\/Unpacking\/62589f264873a3b83fa7d508bb4fa5f1670038b5\/vervestd-regular.ufo\/glyphs\/infinity.glif":"\/fonts\/Unpacking\/62589f264873a3b83fa7d508bb4fa5f1670038b5\/vervestd-regular.ufo\/glyphs\/infinity.glif","\/fonts\/Unpacking\/62589f264873a3b83fa7d508bb4fa5f1670038b5\/vervestd-regular.ufo\/glyphs\/integral.glif":"\/fonts\/Unpacking\/62589f264873a3b83fa7d508bb4fa5f1670038b5\/vervestd-regular.ufo\/glyphs\/integral.glif","\/fonts\/Unpacking\/62589f264873a3b83fa7d508bb4fa5f1670038b5\/vervestd-regular.ufo\/glyphs\/j.alt.glif":"\/fonts\/Unpacking\/62589f264873a3b83fa7d508bb4fa5f1670038b5\/vervestd-regular.ufo\/glyphs\/j.alt.glif","\/fonts\/Unpacking\/62589f264873a3b83fa7d508bb4fa5f1670038b5\/vervestd-regular.ufo\/glyphs\/j.glif":"\/fonts\/Unpacking\/62589f264873a3b83fa7d508bb4fa5f1670038b5\/vervestd-regular.ufo\/glyphs\/j.glif","\/fonts\/Unpacking\/62589f264873a3b83fa7d508bb4fa5f1670038b5\/vervestd-regular.ufo\/glyphs\/k.alt.glif":"\/fonts\/Unpacking\/62589f264873a3b83fa7d508bb4fa5f1670038b5\/vervestd-regular.ufo\/glyphs\/k.alt.glif","\/fonts\/Unpacking\/62589f264873a3b83fa7d508bb4fa5f1670038b5\/vervestd-regular.ufo\/glyphs\/k.glif":"\/fonts\/Unpacking\/62589f264873a3b83fa7d508bb4fa5f1670038b5\/vervestd-regular.ufo\/glyphs\/k.glif","\/fonts\/Unpacking\/62589f264873a3b83fa7d508bb4fa5f1670038b5\/vervestd-regular.ufo\/glyphs\/l.glif":"\/fonts\/Unpacking\/62589f264873a3b83fa7d508bb4fa5f1670038b5\/vervestd-regular.ufo\/glyphs\/l.glif","\/fonts\/Unpacking\/62589f264873a3b83fa7d508bb4fa5f1670038b5\/vervestd-regular.ufo\/glyphs\/less.glif":"\/fonts\/Unpacking\/62589f264873a3b83fa7d508bb4fa5f1670038b5\/vervestd-regular.ufo\/glyphs\/less.glif","\/fonts\/Unpacking\/62589f264873a3b83fa7d508bb4fa5f1670038b5\/vervestd-regular.ufo\/glyphs\/lessequal.glif":"\/fonts\/Unpacking\/62589f264873a3b83fa7d508bb4fa5f1670038b5\/vervestd-regular.ufo\/glyphs\/lessequal.glif","\/fonts\/Unpacking\/62589f264873a3b83fa7d508bb4fa5f1670038b5\/vervestd-regular.ufo\/glyphs\/logicalnot.glif":"\/fonts\/Unpacking\/62589f264873a3b83fa7d508bb4fa5f1670038b5\/vervestd-regular.ufo\/glyphs\/logicalnot.glif","\/fonts\/Unpacking\/62589f264873a3b83fa7d508bb4fa5f1670038b5\/vervestd-regular.ufo\/glyphs\/lozenge.glif":"\/fonts\/Unpacking\/62589f264873a3b83fa7d508bb4fa5f1670038b5\/vervestd-regular.ufo\/glyphs\/lozenge.glif","\/fonts\/Unpacking\/62589f264873a3b83fa7d508bb4fa5f1670038b5\/vervestd-regular.ufo\/glyphs\/lslash.glif":"\/fonts\/Unpacking\/62589f264873a3b83fa7d508bb4fa5f1670038b5\/vervestd-regular.ufo\/glyphs\/lslash.glif","\/fonts\/Unpacking\/62589f264873a3b83fa7d508bb4fa5f1670038b5\/vervestd-regular.ufo\/glyphs\/m.alt.glif":"\/fonts\/Unpacking\/62589f264873a3b83fa7d508bb4fa5f1670038b5\/vervestd-regular.ufo\/glyphs\/m.alt.glif","\/fonts\/Unpacking\/62589f264873a3b83fa7d508bb4fa5f1670038b5\/vervestd-regular.ufo\/glyphs\/m.glif":"\/fonts\/Unpacking\/62589f264873a3b83fa7d508bb4fa5f1670038b5\/vervestd-regular.ufo\/glyphs\/m.glif","\/fonts\/Unpacking\/62589f264873a3b83fa7d508bb4fa5f1670038b5\/vervestd-regular.ufo\/glyphs\/macron.glif":"\/fonts\/Unpacking\/62589f264873a3b83fa7d508bb4fa5f1670038b5\/vervestd-regular.ufo\/glyphs\/macron.glif","\/fonts\/Unpacking\/62589f264873a3b83fa7d508bb4fa5f1670038b5\/vervestd-regular.ufo\/glyphs\/minus.glif":"\/fonts\/Unpacking\/62589f264873a3b83fa7d508bb4fa5f1670038b5\/vervestd-regular.ufo\/glyphs\/minus.glif","\/fonts\/Unpacking\/62589f264873a3b83fa7d508bb4fa5f1670038b5\/vervestd-regular.ufo\/glyphs\/mu.glif":"\/fonts\/Unpacking\/62589f264873a3b83fa7d508bb4fa5f1670038b5\/vervestd-regular.ufo\/glyphs\/mu.glif","\/fonts\/Unpacking\/62589f264873a3b83fa7d508bb4fa5f1670038b5\/vervestd-regular.ufo\/glyphs\/multiply.glif":"\/fonts\/Unpacking\/62589f264873a3b83fa7d508bb4fa5f1670038b5\/vervestd-regular.ufo\/glyphs\/multiply.glif","\/fonts\/Unpacking\/62589f264873a3b83fa7d508bb4fa5f1670038b5\/vervestd-regular.ufo\/glyphs\/n.alt.glif":"\/fonts\/Unpacking\/62589f264873a3b83fa7d508bb4fa5f1670038b5\/vervestd-regular.ufo\/glyphs\/n.alt.glif","\/fonts\/Unpacking\/62589f264873a3b83fa7d508bb4fa5f1670038b5\/vervestd-regular.ufo\/glyphs\/n.glif":"\/fonts\/Unpacking\/62589f264873a3b83fa7d508bb4fa5f1670038b5\/vervestd-regular.ufo\/glyphs\/n.glif","\/fonts\/Unpacking\/62589f264873a3b83fa7d508bb4fa5f1670038b5\/vervestd-regular.ufo\/glyphs\/nine.glif":"\/fonts\/Unpacking\/62589f264873a3b83fa7d508bb4fa5f1670038b5\/vervestd-regular.ufo\/glyphs\/nine.glif","\/fonts\/Unpacking\/62589f264873a3b83fa7d508bb4fa5f1670038b5\/vervestd-regular.ufo\/glyphs\/notequal.glif":"\/fonts\/Unpacking\/62589f264873a3b83fa7d508bb4fa5f1670038b5\/vervestd-regular.ufo\/glyphs\/notequal.glif","\/fonts\/Unpacking\/62589f264873a3b83fa7d508bb4fa5f1670038b5\/vervestd-regular.ufo\/glyphs\/ntilde.glif":"\/fonts\/Unpacking\/62589f264873a3b83fa7d508bb4fa5f1670038b5\/vervestd-regular.ufo\/glyphs\/ntilde.glif","\/fonts\/Unpacking\/62589f264873a3b83fa7d508bb4fa5f1670038b5\/vervestd-regular.ufo\/glyphs\/numbersign.glif":"\/fonts\/Unpacking\/62589f264873a3b83fa7d508bb4fa5f1670038b5\/vervestd-regular.ufo\/glyphs\/numbersign.glif","\/fonts\/Unpacking\/62589f264873a3b83fa7d508bb4fa5f1670038b5\/vervestd-regular.ufo\/glyphs\/o.glif":"\/fonts\/Unpacking\/62589f264873a3b83fa7d508bb4fa5f1670038b5\/vervestd-regular.ufo\/glyphs\/o.glif","\/fonts\/Unpacking\/62589f264873a3b83fa7d508bb4fa5f1670038b5\/vervestd-regular.ufo\/glyphs\/o.superior.glif":"\/fonts\/Unpacking\/62589f264873a3b83fa7d508bb4fa5f1670038b5\/vervestd-regular.ufo\/glyphs\/o.superior.glif","\/fonts\/Unpacking\/62589f264873a3b83fa7d508bb4fa5f1670038b5\/vervestd-regular.ufo\/glyphs\/oacute.glif":"\/fonts\/Unpacking\/62589f264873a3b83fa7d508bb4fa5f1670038b5\/vervestd-regular.ufo\/glyphs\/oacute.glif","\/fonts\/Unpacking\/62589f264873a3b83fa7d508bb4fa5f1670038b5\/vervestd-regular.ufo\/glyphs\/ocircumflex.glif":"\/fonts\/Unpacking\/62589f264873a3b83fa7d508bb4fa5f1670038b5\/vervestd-regular.ufo\/glyphs\/ocircumflex.glif","\/fonts\/Unpacking\/62589f264873a3b83fa7d508bb4fa5f1670038b5\/vervestd-regular.ufo\/glyphs\/odieresis.glif":"\/fonts\/Unpacking\/62589f264873a3b83fa7d508bb4fa5f1670038b5\/vervestd-regular.ufo\/glyphs\/odieresis.glif","\/fonts\/Unpacking\/62589f264873a3b83fa7d508bb4fa5f1670038b5\/vervestd-regular.ufo\/glyphs\/oe.glif":"\/fonts\/Unpacking\/62589f264873a3b83fa7d508bb4fa5f1670038b5\/vervestd-regular.ufo\/glyphs\/oe.glif","\/fonts\/Unpacking\/62589f264873a3b83fa7d508bb4fa5f1670038b5\/vervestd-regular.ufo\/glyphs\/ogonek.glif":"\/fonts\/Unpacking\/62589f264873a3b83fa7d508bb4fa5f1670038b5\/vervestd-regular.ufo\/glyphs\/ogonek.glif","\/fonts\/Unpacking\/62589f264873a3b83fa7d508bb4fa5f1670038b5\/vervestd-regular.ufo\/glyphs\/ograve.glif":"\/fonts\/Unpacking\/62589f264873a3b83fa7d508bb4fa5f1670038b5\/vervestd-regular.ufo\/glyphs\/ograve.glif","\/fonts\/Unpacking\/62589f264873a3b83fa7d508bb4fa5f1670038b5\/vervestd-regular.ufo\/glyphs\/one.glif":"\/fonts\/Unpacking\/62589f264873a3b83fa7d508bb4fa5f1670038b5\/vervestd-regular.ufo\/glyphs\/one.glif","\/fonts\/Unpacking\/62589f264873a3b83fa7d508bb4fa5f1670038b5\/vervestd-regular.ufo\/glyphs\/one.superior.glif":"\/fonts\/Unpacking\/62589f264873a3b83fa7d508bb4fa5f1670038b5\/vervestd-regular.ufo\/glyphs\/one.superior.glif","\/fonts\/Unpacking\/62589f264873a3b83fa7d508bb4fa5f1670038b5\/vervestd-regular.ufo\/glyphs\/onehalf.glif":"\/fonts\/Unpacking\/62589f264873a3b83fa7d508bb4fa5f1670038b5\/vervestd-regular.ufo\/glyphs\/onehalf.glif","\/fonts\/Unpacking\/62589f264873a3b83fa7d508bb4fa5f1670038b5\/vervestd-regular.ufo\/glyphs\/onequarter.glif":"\/fonts\/Unpacking\/62589f264873a3b83fa7d508bb4fa5f1670038b5\/vervestd-regular.ufo\/glyphs\/onequarter.glif","\/fonts\/Unpacking\/62589f264873a3b83fa7d508bb4fa5f1670038b5\/vervestd-regular.ufo\/glyphs\/onesuperior.glif":"\/fonts\/Unpacking\/62589f264873a3b83fa7d508bb4fa5f1670038b5\/vervestd-regular.ufo\/glyphs\/onesuperior.glif","\/fonts\/Unpacking\/62589f264873a3b83fa7d508bb4fa5f1670038b5\/vervestd-regular.ufo\/glyphs\/ordfeminine.glif":"\/fonts\/Unpacking\/62589f264873a3b83fa7d508bb4fa5f1670038b5\/vervestd-regular.ufo\/glyphs\/ordfeminine.glif","\/fonts\/Unpacking\/62589f264873a3b83fa7d508bb4fa5f1670038b5\/vervestd-regular.ufo\/glyphs\/ordmasculine.glif":"\/fonts\/Unpacking\/62589f264873a3b83fa7d508bb4fa5f1670038b5\/vervestd-regular.ufo\/glyphs\/ordmasculine.glif","\/fonts\/Unpacking\/62589f264873a3b83fa7d508bb4fa5f1670038b5\/vervestd-regular.ufo\/glyphs\/oslash.glif":"\/fonts\/Unpacking\/62589f264873a3b83fa7d508bb4fa5f1670038b5\/vervestd-regular.ufo\/glyphs\/oslash.glif","\/fonts\/Unpacking\/62589f264873a3b83fa7d508bb4fa5f1670038b5\/vervestd-regular.ufo\/glyphs\/otilde.glif":"\/fonts\/Unpacking\/62589f264873a3b83fa7d508bb4fa5f1670038b5\/vervestd-regular.ufo\/glyphs\/otilde.glif","\/fonts\/Unpacking\/62589f264873a3b83fa7d508bb4fa5f1670038b5\/vervestd-regular.ufo\/glyphs\/p.glif":"\/fonts\/Unpacking\/62589f264873a3b83fa7d508bb4fa5f1670038b5\/vervestd-regular.ufo\/glyphs\/p.glif","\/fonts\/Unpacking\/62589f264873a3b83fa7d508bb4fa5f1670038b5\/vervestd-regular.ufo\/glyphs\/paragraph.glif":"\/fonts\/Unpacking\/62589f264873a3b83fa7d508bb4fa5f1670038b5\/vervestd-regular.ufo\/glyphs\/paragraph.glif","\/fonts\/Unpacking\/62589f264873a3b83fa7d508bb4fa5f1670038b5\/vervestd-regular.ufo\/glyphs\/parenleft.glif":"\/fonts\/Unpacking\/62589f264873a3b83fa7d508bb4fa5f1670038b5\/vervestd-regular.ufo\/glyphs\/parenleft.glif","\/fonts\/Unpacking\/62589f264873a3b83fa7d508bb4fa5f1670038b5\/vervestd-regular.ufo\/glyphs\/parenright.glif":"\/fonts\/Unpacking\/62589f264873a3b83fa7d508bb4fa5f1670038b5\/vervestd-regular.ufo\/glyphs\/parenright.glif","\/fonts\/Unpacking\/62589f264873a3b83fa7d508bb4fa5f1670038b5\/vervestd-regular.ufo\/glyphs\/partialdiff.glif":"\/fonts\/Unpacking\/62589f264873a3b83fa7d508bb4fa5f1670038b5\/vervestd-regular.ufo\/glyphs\/partialdiff.glif","\/fonts\/Unpacking\/62589f264873a3b83fa7d508bb4fa5f1670038b5\/vervestd-regular.ufo\/glyphs\/percent.glif":"\/fonts\/Unpacking\/62589f264873a3b83fa7d508bb4fa5f1670038b5\/vervestd-regular.ufo\/glyphs\/percent.glif","\/fonts\/Unpacking\/62589f264873a3b83fa7d508bb4fa5f1670038b5\/vervestd-regular.ufo\/glyphs\/period.glif":"\/fonts\/Unpacking\/62589f264873a3b83fa7d508bb4fa5f1670038b5\/vervestd-regular.ufo\/glyphs\/period.glif","\/fonts\/Unpacking\/62589f264873a3b83fa7d508bb4fa5f1670038b5\/vervestd-regular.ufo\/glyphs\/periodcentered.glif":"\/fonts\/Unpacking\/62589f264873a3b83fa7d508bb4fa5f1670038b5\/vervestd-regular.ufo\/glyphs\/periodcentered.glif","\/fonts\/Unpacking\/62589f264873a3b83fa7d508bb4fa5f1670038b5\/vervestd-regular.ufo\/glyphs\/perthousand.glif":"\/fonts\/Unpacking\/62589f264873a3b83fa7d508bb4fa5f1670038b5\/vervestd-regular.ufo\/glyphs\/perthousand.glif","\/fonts\/Unpacking\/62589f264873a3b83fa7d508bb4fa5f1670038b5\/vervestd-regular.ufo\/glyphs\/pi.glif":"\/fonts\/Unpacking\/62589f264873a3b83fa7d508bb4fa5f1670038b5\/vervestd-regular.ufo\/glyphs\/pi.glif","\/fonts\/Unpacking\/62589f264873a3b83fa7d508bb4fa5f1670038b5\/vervestd-regular.ufo\/glyphs\/plus.glif":"\/fonts\/Unpacking\/62589f264873a3b83fa7d508bb4fa5f1670038b5\/vervestd-regular.ufo\/glyphs\/plus.glif","\/fonts\/Unpacking\/62589f264873a3b83fa7d508bb4fa5f1670038b5\/vervestd-regular.ufo\/glyphs\/plusminus.glif":"\/fonts\/Unpacking\/62589f264873a3b83fa7d508bb4fa5f1670038b5\/vervestd-regular.ufo\/glyphs\/plusminus.glif","\/fonts\/Unpacking\/62589f264873a3b83fa7d508bb4fa5f1670038b5\/vervestd-regular.ufo\/glyphs\/product.glif":"\/fonts\/Unpacking\/62589f264873a3b83fa7d508bb4fa5f1670038b5\/vervestd-regular.ufo\/glyphs\/product.glif","\/fonts\/Unpacking\/62589f264873a3b83fa7d508bb4fa5f1670038b5\/vervestd-regular.ufo\/glyphs\/q.glif":"\/fonts\/Unpacking\/62589f264873a3b83fa7d508bb4fa5f1670038b5\/vervestd-regular.ufo\/glyphs\/q.glif","\/fonts\/Unpacking\/62589f264873a3b83fa7d508bb4fa5f1670038b5\/vervestd-regular.ufo\/glyphs\/question.glif":"\/fonts\/Unpacking\/62589f264873a3b83fa7d508bb4fa5f1670038b5\/vervestd-regular.ufo\/glyphs\/question.glif","\/fonts\/Unpacking\/62589f264873a3b83fa7d508bb4fa5f1670038b5\/vervestd-regular.ufo\/glyphs\/questiondown.glif":"\/fonts\/Unpacking\/62589f264873a3b83fa7d508bb4fa5f1670038b5\/vervestd-regular.ufo\/glyphs\/questiondown.glif","\/fonts\/Unpacking\/62589f264873a3b83fa7d508bb4fa5f1670038b5\/vervestd-regular.ufo\/glyphs\/quotedbl.glif":"\/fonts\/Unpacking\/62589f264873a3b83fa7d508bb4fa5f1670038b5\/vervestd-regular.ufo\/glyphs\/quotedbl.glif","\/fonts\/Unpacking\/62589f264873a3b83fa7d508bb4fa5f1670038b5\/vervestd-regular.ufo\/glyphs\/quotedblbase.glif":"\/fonts\/Unpacking\/62589f264873a3b83fa7d508bb4fa5f1670038b5\/vervestd-regular.ufo\/glyphs\/quotedblbase.glif","\/fonts\/Unpacking\/62589f264873a3b83fa7d508bb4fa5f1670038b5\/vervestd-regular.ufo\/glyphs\/quotedblleft.glif":"\/fonts\/Unpacking\/62589f264873a3b83fa7d508bb4fa5f1670038b5\/vervestd-regular.ufo\/glyphs\/quotedblleft.glif","\/fonts\/Unpacking\/62589f264873a3b83fa7d508bb4fa5f1670038b5\/vervestd-regular.ufo\/glyphs\/quotedblright.glif":"\/fonts\/Unpacking\/62589f264873a3b83fa7d508bb4fa5f1670038b5\/vervestd-regular.ufo\/glyphs\/quotedblright.glif","\/fonts\/Unpacking\/62589f264873a3b83fa7d508bb4fa5f1670038b5\/vervestd-regular.ufo\/glyphs\/quoteleft.glif":"\/fonts\/Unpacking\/62589f264873a3b83fa7d508bb4fa5f1670038b5\/vervestd-regular.ufo\/glyphs\/quoteleft.glif","\/fonts\/Unpacking\/62589f264873a3b83fa7d508bb4fa5f1670038b5\/vervestd-regular.ufo\/glyphs\/quoteright.glif":"\/fonts\/Unpacking\/62589f264873a3b83fa7d508bb4fa5f1670038b5\/vervestd-regular.ufo\/glyphs\/quoteright.glif","\/fonts\/Unpacking\/62589f264873a3b83fa7d508bb4fa5f1670038b5\/vervestd-regular.ufo\/glyphs\/quotesinglbase.glif":"\/fonts\/Unpacking\/62589f264873a3b83fa7d508bb4fa5f1670038b5\/vervestd-regular.ufo\/glyphs\/quotesinglbase.glif","\/fonts\/Unpacking\/62589f264873a3b83fa7d508bb4fa5f1670038b5\/vervestd-regular.ufo\/glyphs\/quotesingle.glif":"\/fonts\/Unpacking\/62589f264873a3b83fa7d508bb4fa5f1670038b5\/vervestd-regular.ufo\/glyphs\/quotesingle.glif","\/fonts\/Unpacking\/62589f264873a3b83fa7d508bb4fa5f1670038b5\/vervestd-regular.ufo\/glyphs\/r.alt.glif":"\/fonts\/Unpacking\/62589f264873a3b83fa7d508bb4fa5f1670038b5\/vervestd-regular.ufo\/glyphs\/r.alt.glif","\/fonts\/Unpacking\/62589f264873a3b83fa7d508bb4fa5f1670038b5\/vervestd-regular.ufo\/glyphs\/r.glif":"\/fonts\/Unpacking\/62589f264873a3b83fa7d508bb4fa5f1670038b5\/vervestd-regular.ufo\/glyphs\/r.glif","\/fonts\/Unpacking\/62589f264873a3b83fa7d508bb4fa5f1670038b5\/vervestd-regular.ufo\/glyphs\/radical.glif":"\/fonts\/Unpacking\/62589f264873a3b83fa7d508bb4fa5f1670038b5\/vervestd-regular.ufo\/glyphs\/radical.glif","\/fonts\/Unpacking\/62589f264873a3b83fa7d508bb4fa5f1670038b5\/vervestd-regular.ufo\/glyphs\/registered.glif":"\/fonts\/Unpacking\/62589f264873a3b83fa7d508bb4fa5f1670038b5\/vervestd-regular.ufo\/glyphs\/registered.glif","\/fonts\/Unpacking\/62589f264873a3b83fa7d508bb4fa5f1670038b5\/vervestd-regular.ufo\/glyphs\/ring.glif":"\/fonts\/Unpacking\/62589f264873a3b83fa7d508bb4fa5f1670038b5\/vervestd-regular.ufo\/glyphs\/ring.glif","\/fonts\/Unpacking\/62589f264873a3b83fa7d508bb4fa5f1670038b5\/vervestd-regular.ufo\/glyphs\/s.glif":"\/fonts\/Unpacking\/62589f264873a3b83fa7d508bb4fa5f1670038b5\/vervestd-regular.ufo\/glyphs\/s.glif","\/fonts\/Unpacking\/62589f264873a3b83fa7d508bb4fa5f1670038b5\/vervestd-regular.ufo\/glyphs\/scaron.glif":"\/fonts\/Unpacking\/62589f264873a3b83fa7d508bb4fa5f1670038b5\/vervestd-regular.ufo\/glyphs\/scaron.glif","\/fonts\/Unpacking\/62589f264873a3b83fa7d508bb4fa5f1670038b5\/vervestd-regular.ufo\/glyphs\/section.glif":"\/fonts\/Unpacking\/62589f264873a3b83fa7d508bb4fa5f1670038b5\/vervestd-regular.ufo\/glyphs\/section.glif","\/fonts\/Unpacking\/62589f264873a3b83fa7d508bb4fa5f1670038b5\/vervestd-regular.ufo\/glyphs\/semicolon.glif":"\/fonts\/Unpacking\/62589f264873a3b83fa7d508bb4fa5f1670038b5\/vervestd-regular.ufo\/glyphs\/semicolon.glif","\/fonts\/Unpacking\/62589f264873a3b83fa7d508bb4fa5f1670038b5\/vervestd-regular.ufo\/glyphs\/seven.glif":"\/fonts\/Unpacking\/62589f264873a3b83fa7d508bb4fa5f1670038b5\/vervestd-regular.ufo\/glyphs\/seven.glif","\/fonts\/Unpacking\/62589f264873a3b83fa7d508bb4fa5f1670038b5\/vervestd-regular.ufo\/glyphs\/six.glif":"\/fonts\/Unpacking\/62589f264873a3b83fa7d508bb4fa5f1670038b5\/vervestd-regular.ufo\/glyphs\/six.glif","\/fonts\/Unpacking\/62589f264873a3b83fa7d508bb4fa5f1670038b5\/vervestd-regular.ufo\/glyphs\/slash.glif":"\/fonts\/Unpacking\/62589f264873a3b83fa7d508bb4fa5f1670038b5\/vervestd-regular.ufo\/glyphs\/slash.glif","\/fonts\/Unpacking\/62589f264873a3b83fa7d508bb4fa5f1670038b5\/vervestd-regular.ufo\/glyphs\/space.glif":"\/fonts\/Unpacking\/62589f264873a3b83fa7d508bb4fa5f1670038b5\/vervestd-regular.ufo\/glyphs\/space.glif","\/fonts\/Unpacking\/62589f264873a3b83fa7d508bb4fa5f1670038b5\/vervestd-regular.ufo\/glyphs\/sterling.glif":"\/fonts\/Unpacking\/62589f264873a3b83fa7d508bb4fa5f1670038b5\/vervestd-regular.ufo\/glyphs\/sterling.glif","\/fonts\/Unpacking\/62589f264873a3b83fa7d508bb4fa5f1670038b5\/vervestd-regular.ufo\/glyphs\/summation.glif":"\/fonts\/Unpacking\/62589f264873a3b83fa7d508bb4fa5f1670038b5\/vervestd-regular.ufo\/glyphs\/summation.glif","\/fonts\/Unpacking\/62589f264873a3b83fa7d508bb4fa5f1670038b5\/vervestd-regular.ufo\/glyphs\/t.glif":"\/fonts\/Unpacking\/62589f264873a3b83fa7d508bb4fa5f1670038b5\/vervestd-regular.ufo\/glyphs\/t.glif","\/fonts\/Unpacking\/62589f264873a3b83fa7d508bb4fa5f1670038b5\/vervestd-regular.ufo\/glyphs\/thorn.glif":"\/fonts\/Unpacking\/62589f264873a3b83fa7d508bb4fa5f1670038b5\/vervestd-regular.ufo\/glyphs\/thorn.glif","\/fonts\/Unpacking\/62589f264873a3b83fa7d508bb4fa5f1670038b5\/vervestd-regular.ufo\/glyphs\/three.glif":"\/fonts\/Unpacking\/62589f264873a3b83fa7d508bb4fa5f1670038b5\/vervestd-regular.ufo\/glyphs\/three.glif","\/fonts\/Unpacking\/62589f264873a3b83fa7d508bb4fa5f1670038b5\/vervestd-regular.ufo\/glyphs\/three.superior.glif":"\/fonts\/Unpacking\/62589f264873a3b83fa7d508bb4fa5f1670038b5\/vervestd-regular.ufo\/glyphs\/three.superior.glif","\/fonts\/Unpacking\/62589f264873a3b83fa7d508bb4fa5f1670038b5\/vervestd-regular.ufo\/glyphs\/threequarters.glif":"\/fonts\/Unpacking\/62589f264873a3b83fa7d508bb4fa5f1670038b5\/vervestd-regular.ufo\/glyphs\/threequarters.glif","\/fonts\/Unpacking\/62589f264873a3b83fa7d508bb4fa5f1670038b5\/vervestd-regular.ufo\/glyphs\/threesuperior.glif":"\/fonts\/Unpacking\/62589f264873a3b83fa7d508bb4fa5f1670038b5\/vervestd-regular.ufo\/glyphs\/threesuperior.glif","\/fonts\/Unpacking\/62589f264873a3b83fa7d508bb4fa5f1670038b5\/vervestd-regular.ufo\/glyphs\/tilde.glif":"\/fonts\/Unpacking\/62589f264873a3b83fa7d508bb4fa5f1670038b5\/vervestd-regular.ufo\/glyphs\/tilde.glif","\/fonts\/Unpacking\/62589f264873a3b83fa7d508bb4fa5f1670038b5\/vervestd-regular.ufo\/glyphs\/trademark.glif":"\/fonts\/Unpacking\/62589f264873a3b83fa7d508bb4fa5f1670038b5\/vervestd-regular.ufo\/glyphs\/trademark.glif","\/fonts\/Unpacking\/62589f264873a3b83fa7d508bb4fa5f1670038b5\/vervestd-regular.ufo\/glyphs\/two.glif":"\/fonts\/Unpacking\/62589f264873a3b83fa7d508bb4fa5f1670038b5\/vervestd-regular.ufo\/glyphs\/two.glif","\/fonts\/Unpacking\/62589f264873a3b83fa7d508bb4fa5f1670038b5\/vervestd-regular.ufo\/glyphs\/two.superior.glif":"\/fonts\/Unpacking\/62589f264873a3b83fa7d508bb4fa5f1670038b5\/vervestd-regular.ufo\/glyphs\/two.superior.glif","\/fonts\/Unpacking\/62589f264873a3b83fa7d508bb4fa5f1670038b5\/vervestd-regular.ufo\/glyphs\/twosuperior.glif":"\/fonts\/Unpacking\/62589f264873a3b83fa7d508bb4fa5f1670038b5\/vervestd-regular.ufo\/glyphs\/twosuperior.glif","\/fonts\/Unpacking\/62589f264873a3b83fa7d508bb4fa5f1670038b5\/vervestd-regular.ufo\/glyphs\/u.glif":"\/fonts\/Unpacking\/62589f264873a3b83fa7d508bb4fa5f1670038b5\/vervestd-regular.ufo\/glyphs\/u.glif","\/fonts\/Unpacking\/62589f264873a3b83fa7d508bb4fa5f1670038b5\/vervestd-regular.ufo\/glyphs\/uacute.glif":"\/fonts\/Unpacking\/62589f264873a3b83fa7d508bb4fa5f1670038b5\/vervestd-regular.ufo\/glyphs\/uacute.glif","\/fonts\/Unpacking\/62589f264873a3b83fa7d508bb4fa5f1670038b5\/vervestd-regular.ufo\/glyphs\/ucircumflex.glif":"\/fonts\/Unpacking\/62589f264873a3b83fa7d508bb4fa5f1670038b5\/vervestd-regular.ufo\/glyphs\/ucircumflex.glif","\/fonts\/Unpacking\/62589f264873a3b83fa7d508bb4fa5f1670038b5\/vervestd-regular.ufo\/glyphs\/udieresis.glif":"\/fonts\/Unpacking\/62589f264873a3b83fa7d508bb4fa5f1670038b5\/vervestd-regular.ufo\/glyphs\/udieresis.glif","\/fonts\/Unpacking\/62589f264873a3b83fa7d508bb4fa5f1670038b5\/vervestd-regular.ufo\/glyphs\/ugrave.glif":"\/fonts\/Unpacking\/62589f264873a3b83fa7d508bb4fa5f1670038b5\/vervestd-regular.ufo\/glyphs\/ugrave.glif","\/fonts\/Unpacking\/62589f264873a3b83fa7d508bb4fa5f1670038b5\/vervestd-regular.ufo\/glyphs\/underscore.glif":"\/fonts\/Unpacking\/62589f264873a3b83fa7d508bb4fa5f1670038b5\/vervestd-regular.ufo\/glyphs\/underscore.glif","\/fonts\/Unpacking\/62589f264873a3b83fa7d508bb4fa5f1670038b5\/vervestd-regular.ufo\/glyphs\/uni00A_0.glif":"\/fonts\/Unpacking\/62589f264873a3b83fa7d508bb4fa5f1670038b5\/vervestd-regular.ufo\/glyphs\/uni00A_0.glif","\/fonts\/Unpacking\/62589f264873a3b83fa7d508bb4fa5f1670038b5\/vervestd-regular.ufo\/glyphs\/uni00A_D_.glif":"\/fonts\/Unpacking\/62589f264873a3b83fa7d508bb4fa5f1670038b5\/vervestd-regular.ufo\/glyphs\/uni00A_D_.glif","\/fonts\/Unpacking\/62589f264873a3b83fa7d508bb4fa5f1670038b5\/vervestd-regular.ufo\/glyphs\/uni02C_9.glif":"\/fonts\/Unpacking\/62589f264873a3b83fa7d508bb4fa5f1670038b5\/vervestd-regular.ufo\/glyphs\/uni02C_9.glif","\/fonts\/Unpacking\/62589f264873a3b83fa7d508bb4fa5f1670038b5\/vervestd-regular.ufo\/glyphs\/uni03A_9.glif":"\/fonts\/Unpacking\/62589f264873a3b83fa7d508bb4fa5f1670038b5\/vervestd-regular.ufo\/glyphs\/uni03A_9.glif","\/fonts\/Unpacking\/62589f264873a3b83fa7d508bb4fa5f1670038b5\/vervestd-regular.ufo\/glyphs\/uni03B_C_.glif":"\/fonts\/Unpacking\/62589f264873a3b83fa7d508bb4fa5f1670038b5\/vervestd-regular.ufo\/glyphs\/uni03B_C_.glif","\/fonts\/Unpacking\/62589f264873a3b83fa7d508bb4fa5f1670038b5\/vervestd-regular.ufo\/glyphs\/uni2010.glif":"\/fonts\/Unpacking\/62589f264873a3b83fa7d508bb4fa5f1670038b5\/vervestd-regular.ufo\/glyphs\/uni2010.glif","\/fonts\/Unpacking\/62589f264873a3b83fa7d508bb4fa5f1670038b5\/vervestd-regular.ufo\/glyphs\/uni2215.glif":"\/fonts\/Unpacking\/62589f264873a3b83fa7d508bb4fa5f1670038b5\/vervestd-regular.ufo\/glyphs\/uni2215.glif","\/fonts\/Unpacking\/62589f264873a3b83fa7d508bb4fa5f1670038b5\/vervestd-regular.ufo\/glyphs\/uni2219.glif":"\/fonts\/Unpacking\/62589f264873a3b83fa7d508bb4fa5f1670038b5\/vervestd-regular.ufo\/glyphs\/uni2219.glif","\/fonts\/Unpacking\/62589f264873a3b83fa7d508bb4fa5f1670038b5\/vervestd-regular.ufo\/glyphs\/v.glif":"\/fonts\/Unpacking\/62589f264873a3b83fa7d508bb4fa5f1670038b5\/vervestd-regular.ufo\/glyphs\/v.glif","\/fonts\/Unpacking\/62589f264873a3b83fa7d508bb4fa5f1670038b5\/vervestd-regular.ufo\/glyphs\/w.glif":"\/fonts\/Unpacking\/62589f264873a3b83fa7d508bb4fa5f1670038b5\/vervestd-regular.ufo\/glyphs\/w.glif","\/fonts\/Unpacking\/62589f264873a3b83fa7d508bb4fa5f1670038b5\/vervestd-regular.ufo\/glyphs\/x.glif":"\/fonts\/Unpacking\/62589f264873a3b83fa7d508bb4fa5f1670038b5\/vervestd-regular.ufo\/glyphs\/x.glif","\/fonts\/Unpacking\/62589f264873a3b83fa7d508bb4fa5f1670038b5\/vervestd-regular.ufo\/glyphs\/y.glif":"\/fonts\/Unpacking\/62589f264873a3b83fa7d508bb4fa5f1670038b5\/vervestd-regular.ufo\/glyphs\/y.glif","\/fonts\/Unpacking\/62589f264873a3b83fa7d508bb4fa5f1670038b5\/vervestd-regular.ufo\/glyphs\/yacute.glif":"\/fonts\/Unpacking\/62589f264873a3b83fa7d508bb4fa5f1670038b5\/vervestd-regular.ufo\/glyphs\/yacute.glif","\/fonts\/Unpacking\/62589f264873a3b83fa7d508bb4fa5f1670038b5\/vervestd-regular.ufo\/glyphs\/ydieresis.glif":"\/fonts\/Unpacking\/62589f264873a3b83fa7d508bb4fa5f1670038b5\/vervestd-regular.ufo\/glyphs\/ydieresis.glif","\/fonts\/Unpacking\/62589f264873a3b83fa7d508bb4fa5f1670038b5\/vervestd-regular.ufo\/glyphs\/yen.glif":"\/fonts\/Unpacking\/62589f264873a3b83fa7d508bb4fa5f1670038b5\/vervestd-regular.ufo\/glyphs\/yen.glif","\/fonts\/Unpacking\/62589f264873a3b83fa7d508bb4fa5f1670038b5\/vervestd-regular.ufo\/glyphs\/z.glif":"\/fonts\/Unpacking\/62589f264873a3b83fa7d508bb4fa5f1670038b5\/vervestd-regular.ufo\/glyphs\/z.glif","\/fonts\/Unpacking\/62589f264873a3b83fa7d508bb4fa5f1670038b5\/vervestd-regular.ufo\/glyphs\/zcaron.glif":"\/fonts\/Unpacking\/62589f264873a3b83fa7d508bb4fa5f1670038b5\/vervestd-regular.ufo\/glyphs\/zcaron.glif","\/fonts\/Unpacking\/62589f264873a3b83fa7d508bb4fa5f1670038b5\/vervestd-regular.ufo\/glyphs\/zero.glif":"\/fonts\/Unpacking\/62589f264873a3b83fa7d508bb4fa5f1670038b5\/vervestd-regular.ufo\/glyphs\/zero.glif"},"Font":null,"Licences":{"":false},"Table":{"FFTM":{"entryLength":16,"tag":"FFTM","checksum":1944346076,"offset":35440,"length":28},"GDEF":{"entryLength":16,"tag":"GDEF","checksum":20905990,"offset":35408,"length":32},"OS\/2":{"entryLength":16,"tag":"OS\/2","checksum":1999649232,"offset":344,"length":86},"cmap":{"entryLength":16,"tag":"cmap","checksum":2222346298,"offset":1528,"length":702},"gasp":{"entryLength":16,"tag":"gasp","checksum":4294901763,"offset":35400,"length":8},"glyf":{"entryLength":16,"tag":"glyf","checksum":2345284368,"offset":2784,"length":30944},"head":{"entryLength":16,"tag":"head","checksum":173463617,"offset":220,"length":54},"hhea":{"entryLength":16,"tag":"hhea","checksum":127992855,"offset":276,"length":36},"hmtx":{"entryLength":16,"tag":"hmtx","checksum":1590106957,"offset":432,"length":1096},"loca":{"entryLength":16,"tag":"loca","checksum":257683934,"offset":2232,"length":550},"maxp":{"entryLength":16,"tag":"maxp","checksum":22741113,"offset":312,"length":32},"name":{"entryLength":16,"tag":"name","checksum":338226220,"offset":33728,"length":864},"post":{"entryLength":16,"tag":"post","checksum":1237518506,"offset":34592,"length":808}},"UnicodeCharMap":{"32":3,"33":4,"34":5,"35":6,"36":7,"37":8,"38":9,"39":10,"40":11,"41":12,"42":13,"43":14,"44":15,"45":16,"46":17,"47":18,"48":19,"49":20,"50":21,"51":22,"52":23,"53":24,"54":25,"55":26,"56":27,"57":28,"58":29,"59":30,"60":31,"61":32,"62":33,"63":34,"64":35,"65":36,"66":37,"67":38,"68":39,"69":40,"70":41,"71":42,"72":43,"73":44,"74":45,"75":46,"76":47,"77":48,"78":49,"79":50,"80":51,"81":52,"82":53,"83":54,"84":55,"85":56,"86":57,"87":58,"88":59,"89":60,"90":61,"91":62,"92":63,"93":64,"94":65,"95":66,"96":67,"97":68,"98":69,"99":70,"100":71,"101":72,"102":73,"103":74,"104":75,"105":76,"106":77,"107":78,"108":79,"109":80,"110":81,"111":82,"112":83,"113":84,"114":85,"115":86,"116":87,"117":88,"118":89,"119":90,"120":91,"121":92,"122":93,"123":94,"124":95,"125":96,"126":97,"160":98,"161":99,"162":100,"163":101,"164":102,"165":103,"166":104,"167":105,"168":106,"169":107,"170":108,"171":109,"172":110,"173":111,"174":112,"175":113,"176":114,"177":115,"178":116,"179":117,"180":118,"182":120,"183":121,"184":122,"185":123,"186":124,"187":125,"188":126,"189":127,"190":128,"191":129,"192":130,"193":131,"194":132,"195":133,"196":134,"197":135,"198":136,"199":137,"200":138,"201":139,"202":140,"203":141,"204":142,"205":143,"206":144,"207":145,"208":146,"209":147,"210":148,"211":149,"212":150,"213":151,"214":152,"215":153,"216":154,"217":155,"218":156,"219":157,"220":158,"221":159,"222":160,"223":161,"224":162,"225":163,"226":164,"227":165,"228":166,"229":167,"230":168,"231":169,"232":170,"233":171,"234":172,"235":173,"236":174,"237":175,"238":176,"239":177,"240":178,"241":179,"242":180,"243":181,"244":182,"245":183,"246":184,"247":185,"248":186,"249":187,"250":188,"251":189,"252":190,"253":191,"254":192,"255":193,"305":221,"321":219,"322":222,"338":220,"339":223,"352":226,"353":229,"376":227,"381":228,"382":230,"402":197,"710":210,"711":217,"713":255,"728":212,"729":213,"730":214,"731":216,"732":211,"733":215,"916":236,"937":268,"956":238,"960":239,"8208":273,"8211":201,"8212":218,"8216":195,"8217":194,"8218":205,"8220":198,"8221":207,"8222":206,"8224":202,"8225":203,"8226":204,"8230":208,"8240":209,"8249":199,"8250":200,"8260":196,"8364":240,"8467":241,"8482":224,"8494":242,"8706":243,"8719":244,"8721":245,"8722":225,"8725":267,"8729":246,"8730":247,"8734":248,"8747":249,"8776":250,"8800":251,"8804":252,"8805":253,"9674":254,"64257":271,"64258":272},"Reserves":null,"Names":[],"Nodes":[],"Contributors":[],"FontIdentity":"dd33c2414af3f35b3005318f338d1c11","Bytes":3195240,"Networking":null,"barcode":null,"referee":null}