{"CSS":{"HeavyHeavyFat":"HeavyHeavyFat.css","Heavy Fat":"wagovau:f4c3e840e5a72e751373c305.css"},"FontType":"TrueType","FontCopyright":"Copr.Pat Snyder 1797 Ross Inlet, Coos Bay OR 97420 Shware $7","FontName":"Heavy","FontSubfamily":"HeavyFat","FontSubfamilyID":"FontForge 2.0 : HeavyHeavyFat : 12-8-2016","FontFullName":"Heavy Fat","FontVersion":"Version 001.000 ","FontWeight":null,"FontPostscriptName":"HeavyHeavyFat","Files":{"\/HeavyHeavyFat.css":"\/HeavyHeavyFat.css","\/font-resource.json":"\/font-resource.json","\/heavyheavyfat.afm":"\/heavyheavyfat.afm","\/heavyheavyfat.cef":"\/heavyheavyfat.cef","\/heavyheavyfat.cff":"\/heavyheavyfat.cff","\/heavyheavyfat.eot":"\/heavyheavyfat.eot","\/heavyheavyfat.gai":"\/heavyheavyfat.gai","\/heavyheavyfat.gsf":"\/heavyheavyfat.gsf","\/heavyheavyfat.otf":"\/heavyheavyfat.otf","\/heavyheavyfat.pf3":"\/heavyheavyfat.pf3","\/heavyheavyfat.pfa":"\/heavyheavyfat.pfa","\/heavyheavyfat.pfb":"\/heavyheavyfat.pfb","\/heavyheavyfat.php":"\/heavyheavyfat.php","\/heavyheavyfat.pt3":"\/heavyheavyfat.pt3","\/heavyheavyfat.sfd":"\/heavyheavyfat.sfd","\/heavyheavyfat.svg":"\/heavyheavyfat.svg","\/heavyheavyfat.t42":"\/heavyheavyfat.t42","\/heavyheavyfat.ttd":"\/heavyheavyfat.ttd","\/heavyheavyfat.ttf":"\/heavyheavyfat.ttf","\/heavyheavyfat.ttg":"\/heavyheavyfat.ttg","\/heavyheavyfat.ufm":"\/heavyheavyfat.ufm","\/heavyheavyfat.woff":"\/heavyheavyfat.woff","\/heavyheavyfat.z":"\/heavyheavyfat.z","\/heavyheavyfat.ufo\/feature.fea":"\/heavyheavyfat.ufo\/feature.fea","\/heavyheavyfat.ufo\/fontinfo.plist":"\/heavyheavyfat.ufo\/fontinfo.plist","\/heavyheavyfat.ufo\/groups.plist":"\/heavyheavyfat.ufo\/groups.plist","\/heavyheavyfat.ufo\/kerning.plist":"\/heavyheavyfat.ufo\/kerning.plist","\/heavyheavyfat.ufo\/metainfo.plist":"\/heavyheavyfat.ufo\/metainfo.plist","\/heavyheavyfat.ufo\/glyphs\/A_.glif":"\/heavyheavyfat.ufo\/glyphs\/A_.glif","\/heavyheavyfat.ufo\/glyphs\/A_E_.glif":"\/heavyheavyfat.ufo\/glyphs\/A_E_.glif","\/heavyheavyfat.ufo\/glyphs\/A_acute.glif":"\/heavyheavyfat.ufo\/glyphs\/A_acute.glif","\/heavyheavyfat.ufo\/glyphs\/A_circumflex.glif":"\/heavyheavyfat.ufo\/glyphs\/A_circumflex.glif","\/heavyheavyfat.ufo\/glyphs\/A_dieresis.glif":"\/heavyheavyfat.ufo\/glyphs\/A_dieresis.glif","\/heavyheavyfat.ufo\/glyphs\/A_grave.glif":"\/heavyheavyfat.ufo\/glyphs\/A_grave.glif","\/heavyheavyfat.ufo\/glyphs\/A_ring.glif":"\/heavyheavyfat.ufo\/glyphs\/A_ring.glif","\/heavyheavyfat.ufo\/glyphs\/A_tilde.glif":"\/heavyheavyfat.ufo\/glyphs\/A_tilde.glif","\/heavyheavyfat.ufo\/glyphs\/B_.glif":"\/heavyheavyfat.ufo\/glyphs\/B_.glif","\/heavyheavyfat.ufo\/glyphs\/C_.glif":"\/heavyheavyfat.ufo\/glyphs\/C_.glif","\/heavyheavyfat.ufo\/glyphs\/C_cedilla.glif":"\/heavyheavyfat.ufo\/glyphs\/C_cedilla.glif","\/heavyheavyfat.ufo\/glyphs\/D_.glif":"\/heavyheavyfat.ufo\/glyphs\/D_.glif","\/heavyheavyfat.ufo\/glyphs\/E_.glif":"\/heavyheavyfat.ufo\/glyphs\/E_.glif","\/heavyheavyfat.ufo\/glyphs\/E_acute.glif":"\/heavyheavyfat.ufo\/glyphs\/E_acute.glif","\/heavyheavyfat.ufo\/glyphs\/E_circumflex.glif":"\/heavyheavyfat.ufo\/glyphs\/E_circumflex.glif","\/heavyheavyfat.ufo\/glyphs\/E_dieresis.glif":"\/heavyheavyfat.ufo\/glyphs\/E_dieresis.glif","\/heavyheavyfat.ufo\/glyphs\/E_grave.glif":"\/heavyheavyfat.ufo\/glyphs\/E_grave.glif","\/heavyheavyfat.ufo\/glyphs\/F_.glif":"\/heavyheavyfat.ufo\/glyphs\/F_.glif","\/heavyheavyfat.ufo\/glyphs\/G_.glif":"\/heavyheavyfat.ufo\/glyphs\/G_.glif","\/heavyheavyfat.ufo\/glyphs\/H_.glif":"\/heavyheavyfat.ufo\/glyphs\/H_.glif","\/heavyheavyfat.ufo\/glyphs\/I_.glif":"\/heavyheavyfat.ufo\/glyphs\/I_.glif","\/heavyheavyfat.ufo\/glyphs\/I_acute.glif":"\/heavyheavyfat.ufo\/glyphs\/I_acute.glif","\/heavyheavyfat.ufo\/glyphs\/I_circumflex.glif":"\/heavyheavyfat.ufo\/glyphs\/I_circumflex.glif","\/heavyheavyfat.ufo\/glyphs\/I_dieresis.glif":"\/heavyheavyfat.ufo\/glyphs\/I_dieresis.glif","\/heavyheavyfat.ufo\/glyphs\/I_grave.glif":"\/heavyheavyfat.ufo\/glyphs\/I_grave.glif","\/heavyheavyfat.ufo\/glyphs\/J_.glif":"\/heavyheavyfat.ufo\/glyphs\/J_.glif","\/heavyheavyfat.ufo\/glyphs\/K_.glif":"\/heavyheavyfat.ufo\/glyphs\/K_.glif","\/heavyheavyfat.ufo\/glyphs\/L_.glif":"\/heavyheavyfat.ufo\/glyphs\/L_.glif","\/heavyheavyfat.ufo\/glyphs\/M_.glif":"\/heavyheavyfat.ufo\/glyphs\/M_.glif","\/heavyheavyfat.ufo\/glyphs\/N_.glif":"\/heavyheavyfat.ufo\/glyphs\/N_.glif","\/heavyheavyfat.ufo\/glyphs\/N_tilde.glif":"\/heavyheavyfat.ufo\/glyphs\/N_tilde.glif","\/heavyheavyfat.ufo\/glyphs\/O_.glif":"\/heavyheavyfat.ufo\/glyphs\/O_.glif","\/heavyheavyfat.ufo\/glyphs\/O_E_.glif":"\/heavyheavyfat.ufo\/glyphs\/O_E_.glif","\/heavyheavyfat.ufo\/glyphs\/O_acute.glif":"\/heavyheavyfat.ufo\/glyphs\/O_acute.glif","\/heavyheavyfat.ufo\/glyphs\/O_circumflex.glif":"\/heavyheavyfat.ufo\/glyphs\/O_circumflex.glif","\/heavyheavyfat.ufo\/glyphs\/O_dieresis.glif":"\/heavyheavyfat.ufo\/glyphs\/O_dieresis.glif","\/heavyheavyfat.ufo\/glyphs\/O_grave.glif":"\/heavyheavyfat.ufo\/glyphs\/O_grave.glif","\/heavyheavyfat.ufo\/glyphs\/O_tilde.glif":"\/heavyheavyfat.ufo\/glyphs\/O_tilde.glif","\/heavyheavyfat.ufo\/glyphs\/P_.glif":"\/heavyheavyfat.ufo\/glyphs\/P_.glif","\/heavyheavyfat.ufo\/glyphs\/Q_.glif":"\/heavyheavyfat.ufo\/glyphs\/Q_.glif","\/heavyheavyfat.ufo\/glyphs\/R_.glif":"\/heavyheavyfat.ufo\/glyphs\/R_.glif","\/heavyheavyfat.ufo\/glyphs\/S_.glif":"\/heavyheavyfat.ufo\/glyphs\/S_.glif","\/heavyheavyfat.ufo\/glyphs\/T_.glif":"\/heavyheavyfat.ufo\/glyphs\/T_.glif","\/heavyheavyfat.ufo\/glyphs\/U_.glif":"\/heavyheavyfat.ufo\/glyphs\/U_.glif","\/heavyheavyfat.ufo\/glyphs\/U_acute.glif":"\/heavyheavyfat.ufo\/glyphs\/U_acute.glif","\/heavyheavyfat.ufo\/glyphs\/U_circumflex.glif":"\/heavyheavyfat.ufo\/glyphs\/U_circumflex.glif","\/heavyheavyfat.ufo\/glyphs\/U_dieresis.glif":"\/heavyheavyfat.ufo\/glyphs\/U_dieresis.glif","\/heavyheavyfat.ufo\/glyphs\/U_grave.glif":"\/heavyheavyfat.ufo\/glyphs\/U_grave.glif","\/heavyheavyfat.ufo\/glyphs\/V_.glif":"\/heavyheavyfat.ufo\/glyphs\/V_.glif","\/heavyheavyfat.ufo\/glyphs\/W_.glif":"\/heavyheavyfat.ufo\/glyphs\/W_.glif","\/heavyheavyfat.ufo\/glyphs\/X_.glif":"\/heavyheavyfat.ufo\/glyphs\/X_.glif","\/heavyheavyfat.ufo\/glyphs\/Y_.glif":"\/heavyheavyfat.ufo\/glyphs\/Y_.glif","\/heavyheavyfat.ufo\/glyphs\/Y_dieresis.glif":"\/heavyheavyfat.ufo\/glyphs\/Y_dieresis.glif","\/heavyheavyfat.ufo\/glyphs\/Z_.glif":"\/heavyheavyfat.ufo\/glyphs\/Z_.glif","\/heavyheavyfat.ufo\/glyphs\/a.glif":"\/heavyheavyfat.ufo\/glyphs\/a.glif","\/heavyheavyfat.ufo\/glyphs\/aacute.glif":"\/heavyheavyfat.ufo\/glyphs\/aacute.glif","\/heavyheavyfat.ufo\/glyphs\/acircumflex.glif":"\/heavyheavyfat.ufo\/glyphs\/acircumflex.glif","\/heavyheavyfat.ufo\/glyphs\/acute.glif":"\/heavyheavyfat.ufo\/glyphs\/acute.glif","\/heavyheavyfat.ufo\/glyphs\/adieresis.glif":"\/heavyheavyfat.ufo\/glyphs\/adieresis.glif","\/heavyheavyfat.ufo\/glyphs\/ae.glif":"\/heavyheavyfat.ufo\/glyphs\/ae.glif","\/heavyheavyfat.ufo\/glyphs\/agrave.glif":"\/heavyheavyfat.ufo\/glyphs\/agrave.glif","\/heavyheavyfat.ufo\/glyphs\/ampersand.glif":"\/heavyheavyfat.ufo\/glyphs\/ampersand.glif","\/heavyheavyfat.ufo\/glyphs\/aring.glif":"\/heavyheavyfat.ufo\/glyphs\/aring.glif","\/heavyheavyfat.ufo\/glyphs\/asciicircum.glif":"\/heavyheavyfat.ufo\/glyphs\/asciicircum.glif","\/heavyheavyfat.ufo\/glyphs\/asciitilde.glif":"\/heavyheavyfat.ufo\/glyphs\/asciitilde.glif","\/heavyheavyfat.ufo\/glyphs\/asterisk.glif":"\/heavyheavyfat.ufo\/glyphs\/asterisk.glif","\/heavyheavyfat.ufo\/glyphs\/at.glif":"\/heavyheavyfat.ufo\/glyphs\/at.glif","\/heavyheavyfat.ufo\/glyphs\/atilde.glif":"\/heavyheavyfat.ufo\/glyphs\/atilde.glif","\/heavyheavyfat.ufo\/glyphs\/b.glif":"\/heavyheavyfat.ufo\/glyphs\/b.glif","\/heavyheavyfat.ufo\/glyphs\/backslash.glif":"\/heavyheavyfat.ufo\/glyphs\/backslash.glif","\/heavyheavyfat.ufo\/glyphs\/bar.glif":"\/heavyheavyfat.ufo\/glyphs\/bar.glif","\/heavyheavyfat.ufo\/glyphs\/braceleft.glif":"\/heavyheavyfat.ufo\/glyphs\/braceleft.glif","\/heavyheavyfat.ufo\/glyphs\/braceright.glif":"\/heavyheavyfat.ufo\/glyphs\/braceright.glif","\/heavyheavyfat.ufo\/glyphs\/bracketleft.glif":"\/heavyheavyfat.ufo\/glyphs\/bracketleft.glif","\/heavyheavyfat.ufo\/glyphs\/bracketright.glif":"\/heavyheavyfat.ufo\/glyphs\/bracketright.glif","\/heavyheavyfat.ufo\/glyphs\/bullet.glif":"\/heavyheavyfat.ufo\/glyphs\/bullet.glif","\/heavyheavyfat.ufo\/glyphs\/c.glif":"\/heavyheavyfat.ufo\/glyphs\/c.glif","\/heavyheavyfat.ufo\/glyphs\/ccedilla.glif":"\/heavyheavyfat.ufo\/glyphs\/ccedilla.glif","\/heavyheavyfat.ufo\/glyphs\/cent.glif":"\/heavyheavyfat.ufo\/glyphs\/cent.glif","\/heavyheavyfat.ufo\/glyphs\/colon.glif":"\/heavyheavyfat.ufo\/glyphs\/colon.glif","\/heavyheavyfat.ufo\/glyphs\/comma.glif":"\/heavyheavyfat.ufo\/glyphs\/comma.glif","\/heavyheavyfat.ufo\/glyphs\/contents.plist":"\/heavyheavyfat.ufo\/glyphs\/contents.plist","\/heavyheavyfat.ufo\/glyphs\/copyright.glif":"\/heavyheavyfat.ufo\/glyphs\/copyright.glif","\/heavyheavyfat.ufo\/glyphs\/d.glif":"\/heavyheavyfat.ufo\/glyphs\/d.glif","\/heavyheavyfat.ufo\/glyphs\/dagger.glif":"\/heavyheavyfat.ufo\/glyphs\/dagger.glif","\/heavyheavyfat.ufo\/glyphs\/daggerdbl.glif":"\/heavyheavyfat.ufo\/glyphs\/daggerdbl.glif","\/heavyheavyfat.ufo\/glyphs\/degree.glif":"\/heavyheavyfat.ufo\/glyphs\/degree.glif","\/heavyheavyfat.ufo\/glyphs\/dieresis.glif":"\/heavyheavyfat.ufo\/glyphs\/dieresis.glif","\/heavyheavyfat.ufo\/glyphs\/divide.glif":"\/heavyheavyfat.ufo\/glyphs\/divide.glif","\/heavyheavyfat.ufo\/glyphs\/dollar.glif":"\/heavyheavyfat.ufo\/glyphs\/dollar.glif","\/heavyheavyfat.ufo\/glyphs\/e.glif":"\/heavyheavyfat.ufo\/glyphs\/e.glif","\/heavyheavyfat.ufo\/glyphs\/eacute.glif":"\/heavyheavyfat.ufo\/glyphs\/eacute.glif","\/heavyheavyfat.ufo\/glyphs\/ecircumflex.glif":"\/heavyheavyfat.ufo\/glyphs\/ecircumflex.glif","\/heavyheavyfat.ufo\/glyphs\/edieresis.glif":"\/heavyheavyfat.ufo\/glyphs\/edieresis.glif","\/heavyheavyfat.ufo\/glyphs\/egrave.glif":"\/heavyheavyfat.ufo\/glyphs\/egrave.glif","\/heavyheavyfat.ufo\/glyphs\/eight.glif":"\/heavyheavyfat.ufo\/glyphs\/eight.glif","\/heavyheavyfat.ufo\/glyphs\/ellipsis.glif":"\/heavyheavyfat.ufo\/glyphs\/ellipsis.glif","\/heavyheavyfat.ufo\/glyphs\/emdash.glif":"\/heavyheavyfat.ufo\/glyphs\/emdash.glif","\/heavyheavyfat.ufo\/glyphs\/endash.glif":"\/heavyheavyfat.ufo\/glyphs\/endash.glif","\/heavyheavyfat.ufo\/glyphs\/equal.glif":"\/heavyheavyfat.ufo\/glyphs\/equal.glif","\/heavyheavyfat.ufo\/glyphs\/exclam.glif":"\/heavyheavyfat.ufo\/glyphs\/exclam.glif","\/heavyheavyfat.ufo\/glyphs\/exclamdown.glif":"\/heavyheavyfat.ufo\/glyphs\/exclamdown.glif","\/heavyheavyfat.ufo\/glyphs\/f.glif":"\/heavyheavyfat.ufo\/glyphs\/f.glif","\/heavyheavyfat.ufo\/glyphs\/fi.glif":"\/heavyheavyfat.ufo\/glyphs\/fi.glif","\/heavyheavyfat.ufo\/glyphs\/five.glif":"\/heavyheavyfat.ufo\/glyphs\/five.glif","\/heavyheavyfat.ufo\/glyphs\/fl.glif":"\/heavyheavyfat.ufo\/glyphs\/fl.glif","\/heavyheavyfat.ufo\/glyphs\/florin.glif":"\/heavyheavyfat.ufo\/glyphs\/florin.glif","\/heavyheavyfat.ufo\/glyphs\/four.glif":"\/heavyheavyfat.ufo\/glyphs\/four.glif","\/heavyheavyfat.ufo\/glyphs\/g.glif":"\/heavyheavyfat.ufo\/glyphs\/g.glif","\/heavyheavyfat.ufo\/glyphs\/grave.glif":"\/heavyheavyfat.ufo\/glyphs\/grave.glif","\/heavyheavyfat.ufo\/glyphs\/greater.glif":"\/heavyheavyfat.ufo\/glyphs\/greater.glif","\/heavyheavyfat.ufo\/glyphs\/guilsinglleft.glif":"\/heavyheavyfat.ufo\/glyphs\/guilsinglleft.glif","\/heavyheavyfat.ufo\/glyphs\/guilsinglright.glif":"\/heavyheavyfat.ufo\/glyphs\/guilsinglright.glif","\/heavyheavyfat.ufo\/glyphs\/h.glif":"\/heavyheavyfat.ufo\/glyphs\/h.glif","\/heavyheavyfat.ufo\/glyphs\/hyphen.glif":"\/heavyheavyfat.ufo\/glyphs\/hyphen.glif","\/heavyheavyfat.ufo\/glyphs\/i.glif":"\/heavyheavyfat.ufo\/glyphs\/i.glif","\/heavyheavyfat.ufo\/glyphs\/iacute.glif":"\/heavyheavyfat.ufo\/glyphs\/iacute.glif","\/heavyheavyfat.ufo\/glyphs\/icircumflex.glif":"\/heavyheavyfat.ufo\/glyphs\/icircumflex.glif","\/heavyheavyfat.ufo\/glyphs\/idieresis.glif":"\/heavyheavyfat.ufo\/glyphs\/idieresis.glif","\/heavyheavyfat.ufo\/glyphs\/igrave.glif":"\/heavyheavyfat.ufo\/glyphs\/igrave.glif","\/heavyheavyfat.ufo\/glyphs\/integral.glif":"\/heavyheavyfat.ufo\/glyphs\/integral.glif","\/heavyheavyfat.ufo\/glyphs\/j.glif":"\/heavyheavyfat.ufo\/glyphs\/j.glif","\/heavyheavyfat.ufo\/glyphs\/k.glif":"\/heavyheavyfat.ufo\/glyphs\/k.glif","\/heavyheavyfat.ufo\/glyphs\/l.glif":"\/heavyheavyfat.ufo\/glyphs\/l.glif","\/heavyheavyfat.ufo\/glyphs\/less.glif":"\/heavyheavyfat.ufo\/glyphs\/less.glif","\/heavyheavyfat.ufo\/glyphs\/m.glif":"\/heavyheavyfat.ufo\/glyphs\/m.glif","\/heavyheavyfat.ufo\/glyphs\/n.glif":"\/heavyheavyfat.ufo\/glyphs\/n.glif","\/heavyheavyfat.ufo\/glyphs\/nine.glif":"\/heavyheavyfat.ufo\/glyphs\/nine.glif","\/heavyheavyfat.ufo\/glyphs\/notequal.glif":"\/heavyheavyfat.ufo\/glyphs\/notequal.glif","\/heavyheavyfat.ufo\/glyphs\/ntilde.glif":"\/heavyheavyfat.ufo\/glyphs\/ntilde.glif","\/heavyheavyfat.ufo\/glyphs\/numbersign.glif":"\/heavyheavyfat.ufo\/glyphs\/numbersign.glif","\/heavyheavyfat.ufo\/glyphs\/o.glif":"\/heavyheavyfat.ufo\/glyphs\/o.glif","\/heavyheavyfat.ufo\/glyphs\/oacute.glif":"\/heavyheavyfat.ufo\/glyphs\/oacute.glif","\/heavyheavyfat.ufo\/glyphs\/ocircumflex.glif":"\/heavyheavyfat.ufo\/glyphs\/ocircumflex.glif","\/heavyheavyfat.ufo\/glyphs\/odieresis.glif":"\/heavyheavyfat.ufo\/glyphs\/odieresis.glif","\/heavyheavyfat.ufo\/glyphs\/oe.glif":"\/heavyheavyfat.ufo\/glyphs\/oe.glif","\/heavyheavyfat.ufo\/glyphs\/ograve.glif":"\/heavyheavyfat.ufo\/glyphs\/ograve.glif","\/heavyheavyfat.ufo\/glyphs\/one.glif":"\/heavyheavyfat.ufo\/glyphs\/one.glif","\/heavyheavyfat.ufo\/glyphs\/otilde.glif":"\/heavyheavyfat.ufo\/glyphs\/otilde.glif","\/heavyheavyfat.ufo\/glyphs\/p.glif":"\/heavyheavyfat.ufo\/glyphs\/p.glif","\/heavyheavyfat.ufo\/glyphs\/parenleft.glif":"\/heavyheavyfat.ufo\/glyphs\/parenleft.glif","\/heavyheavyfat.ufo\/glyphs\/parenright.glif":"\/heavyheavyfat.ufo\/glyphs\/parenright.glif","\/heavyheavyfat.ufo\/glyphs\/percent.glif":"\/heavyheavyfat.ufo\/glyphs\/percent.glif","\/heavyheavyfat.ufo\/glyphs\/period.glif":"\/heavyheavyfat.ufo\/glyphs\/period.glif","\/heavyheavyfat.ufo\/glyphs\/perthousand.glif":"\/heavyheavyfat.ufo\/glyphs\/perthousand.glif","\/heavyheavyfat.ufo\/glyphs\/plus.glif":"\/heavyheavyfat.ufo\/glyphs\/plus.glif","\/heavyheavyfat.ufo\/glyphs\/plusminus.glif":"\/heavyheavyfat.ufo\/glyphs\/plusminus.glif","\/heavyheavyfat.ufo\/glyphs\/q.glif":"\/heavyheavyfat.ufo\/glyphs\/q.glif","\/heavyheavyfat.ufo\/glyphs\/question.glif":"\/heavyheavyfat.ufo\/glyphs\/question.glif","\/heavyheavyfat.ufo\/glyphs\/questiondown.glif":"\/heavyheavyfat.ufo\/glyphs\/questiondown.glif","\/heavyheavyfat.ufo\/glyphs\/quotedbl.glif":"\/heavyheavyfat.ufo\/glyphs\/quotedbl.glif","\/heavyheavyfat.ufo\/glyphs\/quotedblleft.glif":"\/heavyheavyfat.ufo\/glyphs\/quotedblleft.glif","\/heavyheavyfat.ufo\/glyphs\/quotedblright.glif":"\/heavyheavyfat.ufo\/glyphs\/quotedblright.glif","\/heavyheavyfat.ufo\/glyphs\/quoteleft.glif":"\/heavyheavyfat.ufo\/glyphs\/quoteleft.glif","\/heavyheavyfat.ufo\/glyphs\/quoteright.glif":"\/heavyheavyfat.ufo\/glyphs\/quoteright.glif","\/heavyheavyfat.ufo\/glyphs\/quotesingle.glif":"\/heavyheavyfat.ufo\/glyphs\/quotesingle.glif","\/heavyheavyfat.ufo\/glyphs\/r.glif":"\/heavyheavyfat.ufo\/glyphs\/r.glif","\/heavyheavyfat.ufo\/glyphs\/registered.glif":"\/heavyheavyfat.ufo\/glyphs\/registered.glif","\/heavyheavyfat.ufo\/glyphs\/s.glif":"\/heavyheavyfat.ufo\/glyphs\/s.glif","\/heavyheavyfat.ufo\/glyphs\/semicolon.glif":"\/heavyheavyfat.ufo\/glyphs\/semicolon.glif","\/heavyheavyfat.ufo\/glyphs\/seven.glif":"\/heavyheavyfat.ufo\/glyphs\/seven.glif","\/heavyheavyfat.ufo\/glyphs\/six.glif":"\/heavyheavyfat.ufo\/glyphs\/six.glif","\/heavyheavyfat.ufo\/glyphs\/slash.glif":"\/heavyheavyfat.ufo\/glyphs\/slash.glif","\/heavyheavyfat.ufo\/glyphs\/space.glif":"\/heavyheavyfat.ufo\/glyphs\/space.glif","\/heavyheavyfat.ufo\/glyphs\/t.glif":"\/heavyheavyfat.ufo\/glyphs\/t.glif","\/heavyheavyfat.ufo\/glyphs\/three.glif":"\/heavyheavyfat.ufo\/glyphs\/three.glif","\/heavyheavyfat.ufo\/glyphs\/trademark.glif":"\/heavyheavyfat.ufo\/glyphs\/trademark.glif","\/heavyheavyfat.ufo\/glyphs\/two.glif":"\/heavyheavyfat.ufo\/glyphs\/two.glif","\/heavyheavyfat.ufo\/glyphs\/u.glif":"\/heavyheavyfat.ufo\/glyphs\/u.glif","\/heavyheavyfat.ufo\/glyphs\/uacute.glif":"\/heavyheavyfat.ufo\/glyphs\/uacute.glif","\/heavyheavyfat.ufo\/glyphs\/ucircumflex.glif":"\/heavyheavyfat.ufo\/glyphs\/ucircumflex.glif","\/heavyheavyfat.ufo\/glyphs\/udieresis.glif":"\/heavyheavyfat.ufo\/glyphs\/udieresis.glif","\/heavyheavyfat.ufo\/glyphs\/ugrave.glif":"\/heavyheavyfat.ufo\/glyphs\/ugrave.glif","\/heavyheavyfat.ufo\/glyphs\/underscore.glif":"\/heavyheavyfat.ufo\/glyphs\/underscore.glif","\/heavyheavyfat.ufo\/glyphs\/v.glif":"\/heavyheavyfat.ufo\/glyphs\/v.glif","\/heavyheavyfat.ufo\/glyphs\/w.glif":"\/heavyheavyfat.ufo\/glyphs\/w.glif","\/heavyheavyfat.ufo\/glyphs\/x.glif":"\/heavyheavyfat.ufo\/glyphs\/x.glif","\/heavyheavyfat.ufo\/glyphs\/y.glif":"\/heavyheavyfat.ufo\/glyphs\/y.glif","\/heavyheavyfat.ufo\/glyphs\/ydieresis.glif":"\/heavyheavyfat.ufo\/glyphs\/ydieresis.glif","\/heavyheavyfat.ufo\/glyphs\/z.glif":"\/heavyheavyfat.ufo\/glyphs\/z.glif","\/heavyheavyfat.ufo\/glyphs\/zero.glif":"\/heavyheavyfat.ufo\/glyphs\/zero.glif"},"Font":{"uploaded":1471020769.9038,"licence":"gpl3","company":"Chronolabs Cooperative","title":"Heavy Fat","version":3.002,"date":"Fri Aug 12 10:15:23 2016","creator":"root","type":"1","matrix":"0.001 0 0 0.001 0 0","named":"HeavyHeavyFat","painttype":"0","info":"9 dict dup","name":"HeavyHeavyFat","family":"Heavy","weight":"Medium","fstype":"0","italicangle":"0","underlinethickness":""},"Licences":{"":false},"Table":{"FFTM":{"entryLength":16,"tag":"FFTM","checksum":1944369094,"offset":17008,"length":28},"GDEF":{"entryLength":16,"tag":"GDEF","checksum":14942214,"offset":16976,"length":32},"OS\/2":{"entryLength":16,"tag":"OS\/2","checksum":1479024246,"offset":344,"length":86},"cmap":{"entryLength":16,"tag":"cmap","checksum":2152273160,"offset":1164,"length":542},"gasp":{"entryLength":16,"tag":"gasp","checksum":4294901763,"offset":16968,"length":8},"glyf":{"entryLength":16,"tag":"glyf","checksum":3967656197,"offset":2076,"length":13828},"head":{"entryLength":16,"tag":"head","checksum":178822488,"offset":220,"length":54},"hhea":{"entryLength":16,"tag":"hhea","checksum":124847150,"offset":276,"length":36},"hmtx":{"entryLength":16,"tag":"hmtx","checksum":2892430575,"offset":432,"length":732},"loca":{"entryLength":16,"tag":"loca","checksum":3001860186,"offset":1708,"length":368},"maxp":{"entryLength":16,"tag":"maxp","checksum":16777691,"offset":312,"length":32},"name":{"entryLength":16,"tag":"name","checksum":2372764081,"offset":15904,"length":663},"post":{"entryLength":16,"tag":"post","checksum":597172957,"offset":16568,"length":400}},"UnicodeCharMap":{"32":3,"33":4,"34":5,"35":6,"36":7,"37":8,"38":9,"39":10,"40":11,"41":12,"42":13,"43":14,"44":15,"45":16,"46":17,"47":18,"48":19,"49":20,"50":21,"51":22,"52":23,"53":24,"54":25,"55":26,"56":27,"57":28,"58":29,"59":30,"60":31,"61":32,"62":33,"63":34,"64":35,"65":36,"66":37,"67":38,"68":39,"69":40,"70":41,"71":42,"72":43,"73":44,"74":45,"75":46,"76":47,"77":48,"78":49,"79":50,"80":51,"81":52,"82":53,"83":54,"84":55,"85":56,"86":57,"87":58,"88":59,"89":60,"90":61,"91":62,"92":63,"93":64,"94":65,"95":66,"96":67,"97":68,"98":69,"99":70,"100":71,"101":72,"102":73,"103":74,"104":75,"105":76,"106":77,"107":78,"108":79,"109":80,"110":81,"111":82,"112":83,"113":84,"114":85,"115":86,"116":87,"117":88,"118":89,"119":90,"120":91,"121":92,"122":93,"123":94,"124":95,"125":96,"126":97,"161":98,"162":99,"168":100,"169":101,"174":102,"176":103,"177":104,"180":105,"191":106,"192":107,"193":108,"194":109,"195":110,"196":111,"197":112,"198":113,"199":114,"200":115,"201":116,"202":117,"203":118,"204":119,"205":120,"206":121,"207":122,"209":123,"210":124,"211":125,"212":126,"213":127,"214":128,"217":129,"218":130,"219":131,"220":132,"224":133,"225":134,"226":135,"227":136,"228":137,"229":138,"230":139,"231":140,"232":141,"233":142,"234":143,"235":144,"236":145,"237":146,"238":147,"239":148,"241":149,"242":150,"243":151,"244":152,"245":153,"246":154,"247":155,"249":156,"250":157,"251":158,"252":159,"255":160,"338":177,"339":178,"376":182,"402":163,"8211":169,"8212":176,"8216":162,"8217":161,"8220":164,"8221":173,"8224":170,"8225":171,"8226":172,"8230":174,"8240":175,"8249":165,"8250":166,"8482":179,"8747":181,"8800":180,"64257":167,"64258":168},"Reserves":{"fontname":"Heavy Fat"},"Names":{"Heavy Fat":{"name":"Heavy Fat","longitude":"0.00000001","latitude":"0.00000001","country":"","region":"","city":""}},"Nodes":{"he":{"type":"typal","node":"he","usage":1,"weight":1},"vy":{"type":"typal","node":"vy","usage":1,"weight":1},"fa":{"type":"typal","node":"fa","usage":1,"weight":1},"at":{"type":"typal","node":"at","usage":1,"weight":1},"hea":{"type":"typal","node":"hea","usage":1,"weight":1},"avy":{"type":"typal","node":"avy","usage":1,"weight":1},"heav":{"type":"keys","node":"heav","usage":1,"weight":1},"eavy":{"type":"keys","node":"eavy","usage":1,"weight":1},"heavy":{"type":"fixes","node":"heavy","usage":1,"weight":1},"fat":{"type":"fixes","node":"fat","usage":1,"weight":1}},"Contributors":[],"FontIdentity":"wagovau:f4c3e840e5a72e751373c305","Bytes":null,"Networking":[],"barcode":"csaq8os7eeuya","referee":"skqau"}