{"CSS":{"Zipty Do Std Regular":"779da5a64baf6bc35edd65a52b38e522.css"},"FontType":"TrueType","FontCopyright":"Copyright 1997, 2001, 2002 Adobe Systems Incorporated. All Rights Reserved. Zipty Do is a trademark of Robert Alonso.","FontName":"Zipty Do Std","FontSubfamily":"Regular","FontSubfamilyID":"FontForge 2.0 : Zipty Do Std Regular : 26-5-2016","FontFullName":"Zipty Do Std Regular","FontVersion":"Version 001.001 ","FontWeight":null,"FontPostscriptName":"ZiptyDoStd","Files":null,"Table":{"FFTM":{"entryLength":16,"tag":"FFTM","checksum":1930764224,"offset":65264,"length":28},"GDEF":{"entryLength":16,"tag":"GDEF","checksum":19660806,"offset":55480,"length":32},"GPOS":{"entryLength":16,"tag":"GPOS","checksum":3324505771,"offset":55560,"length":9702},"GSUB":{"entryLength":16,"tag":"GSUB","checksum":3103766782,"offset":55512,"length":48},"OS\/2":{"entryLength":16,"tag":"OS\/2","checksum":1997879728,"offset":376,"length":86},"cmap":{"entryLength":16,"tag":"cmap","checksum":1370247727,"offset":1484,"length":694},"gasp":{"entryLength":16,"tag":"gasp","checksum":4294901763,"offset":55472,"length":8},"glyf":{"entryLength":16,"tag":"glyf","checksum":1570717181,"offset":2692,"length":51216},"head":{"entryLength":16,"tag":"head","checksum":158744185,"offset":252,"length":54},"hhea":{"entryLength":16,"tag":"hhea","checksum":125371250,"offset":308,"length":36},"hmtx":{"entryLength":16,"tag":"hmtx","checksum":3352696999,"offset":464,"length":1020},"loca":{"entryLength":16,"tag":"loca","checksum":1600426228,"offset":2180,"length":512},"maxp":{"entryLength":16,"tag":"maxp","checksum":21430449,"offset":344,"length":32},"name":{"entryLength":16,"tag":"name","checksum":3667285330,"offset":53908,"length":885},"post":{"entryLength":16,"tag":"post","checksum":830937492,"offset":54796,"length":674}},"UnicodeCharMap":{"32":3,"33":4,"34":5,"35":6,"36":7,"37":8,"38":9,"39":10,"40":11,"41":12,"42":13,"43":14,"44":15,"45":16,"46":17,"47":18,"48":19,"49":20,"50":21,"51":22,"52":23,"53":24,"54":25,"55":26,"56":27,"57":28,"58":29,"59":30,"60":31,"61":32,"62":33,"63":34,"64":35,"65":36,"66":37,"67":38,"68":39,"69":40,"70":41,"71":42,"72":43,"73":44,"74":45,"75":46,"76":47,"77":48,"78":49,"79":50,"80":51,"81":52,"82":53,"83":54,"84":55,"85":56,"86":57,"87":58,"88":59,"89":60,"90":61,"91":62,"92":63,"93":64,"94":65,"95":66,"96":67,"97":68,"98":69,"99":70,"100":71,"101":72,"102":73,"103":74,"104":75,"105":76,"106":77,"107":78,"108":79,"109":80,"110":81,"111":82,"112":83,"113":84,"114":85,"115":86,"116":87,"117":88,"118":89,"119":90,"120":91,"121":92,"122":93,"123":94,"124":95,"125":96,"126":97,"160":98,"161":99,"162":100,"163":101,"164":102,"165":103,"166":104,"167":105,"168":106,"169":107,"170":108,"171":109,"172":110,"173":111,"174":112,"175":113,"176":114,"177":115,"178":116,"179":117,"180":118,"182":120,"183":121,"184":122,"185":123,"186":124,"187":125,"188":126,"189":127,"190":128,"191":129,"192":130,"193":131,"194":132,"195":133,"196":134,"197":135,"198":136,"199":137,"200":138,"201":139,"202":140,"203":141,"204":142,"205":143,"206":144,"207":145,"208":146,"209":147,"210":148,"211":149,"212":150,"213":151,"214":152,"215":153,"216":154,"217":155,"218":156,"219":157,"220":158,"221":159,"222":160,"223":161,"224":162,"225":163,"226":164,"227":165,"228":166,"229":167,"230":168,"231":169,"232":170,"233":171,"234":172,"235":173,"236":174,"237":175,"238":176,"239":177,"240":178,"241":179,"242":180,"243":181,"244":182,"245":183,"246":184,"247":185,"248":186,"249":187,"250":188,"251":189,"252":190,"253":191,"254":192,"255":193,"305":221,"321":219,"322":222,"338":220,"339":223,"352":226,"353":229,"376":227,"381":228,"382":230,"402":197,"710":210,"711":217,"713":252,"728":212,"729":213,"730":214,"731":216,"732":211,"733":215,"916":233,"937":254,"956":235,"960":236,"8211":201,"8212":218,"8216":195,"8217":194,"8218":205,"8220":198,"8221":207,"8222":206,"8224":202,"8225":203,"8226":204,"8230":208,"8240":209,"8249":199,"8250":200,"8260":196,"8364":237,"8467":238,"8482":224,"8494":239,"8706":240,"8719":241,"8721":242,"8722":225,"8725":253,"8729":243,"8730":244,"8734":245,"8747":246,"8776":247,"8800":248,"8804":249,"8805":250,"9674":251,"64257":231,"64258":232},"Reserves":{"fontname":"Zipty Do Std Regular"},"Names":{"Zipty Do Std Regular":{"name":"Zipty Do Std Regular","longitude":"0.00000001","latitude":"0.00000001","country":"","region":"","city":""}},"Nodes":{"zi":{"type":"typal","node":"zi","usage":1,"weight":1},"ty":{"type":"typal","node":"ty","usage":1,"weight":1},"st":{"type":"typal","node":"st","usage":1,"weight":1},"td":{"type":"typal","node":"td","usage":1,"weight":1},"re":{"type":"typal","node":"re","usage":1,"weight":1},"ar":{"type":"typal","node":"ar","usage":1,"weight":1},"zip":{"type":"typal","node":"zip","usage":1,"weight":1},"pty":{"type":"typal","node":"pty","usage":1,"weight":1},"reg":{"type":"typal","node":"reg","usage":1,"weight":1},"lar":{"type":"typal","node":"lar","usage":1,"weight":1},"zipt":{"type":"keys","node":"zipt","usage":1,"weight":1},"ipty":{"type":"keys","node":"ipty","usage":1,"weight":1},"regu":{"type":"keys","node":"regu","usage":1,"weight":1},"ular":{"type":"keys","node":"ular","usage":1,"weight":1},"regul":{"type":"keys","node":"regul","usage":1,"weight":1},"gular":{"type":"keys","node":"gular","usage":1,"weight":1},"zipty":{"type":"fixes","node":"zipty","usage":1,"weight":1},"do":{"type":"fixes","node":"do","usage":1,"weight":1},"std":{"type":"fixes","node":"std","usage":1,"weight":1},"regular":{"type":"fixes","node":"regular","usage":1,"weight":1}},"Contributors":[],"FontIdentity":"779da5a64baf6bc35edd65a52b38e522","Bytes":null,"Networking":[]}