{"CSS":{"Garth Graphic Std Extra Bold":"thatcher0:826f5524da579a8ddbfab1.css"},"FontType":"TrueType","FontCopyright":"Copyright 1990, 2002, 2005 Adobe Systems Incorporated. All rights reserved. Garth Graphic is a trademark of Monotype Imaging Inc. registered in the U.S. Patent and Trademark Office and may be registered in certain other jurisdictions.","FontName":"Garth Graphic Std","FontSubfamily":"ExtraBold","FontSubfamilyID":"FontForge 2.0 : Garth Graphic Std Extra Bold : 14-9-2016","FontFullName":"Garth Graphic Std Extra Bold","FontVersion":"Version 002.000 ","FontWeight":null,"FontPostscriptName":"GarthGraphicStd-ExtraBold","Files":{"\/Garth Graphic Std Extra Bold.css":"\/Garth Graphic Std Extra Bold.css","\/font-resource.json":"\/font-resource.json","\/garthgraphicstd-extrabold.afm":"\/garthgraphicstd-extrabold.afm","\/garthgraphicstd-extrabold.cef":"\/garthgraphicstd-extrabold.cef","\/garthgraphicstd-extrabold.cff":"\/garthgraphicstd-extrabold.cff","\/garthgraphicstd-extrabold.eot":"\/garthgraphicstd-extrabold.eot","\/garthgraphicstd-extrabold.gai":"\/garthgraphicstd-extrabold.gai","\/garthgraphicstd-extrabold.gsf":"\/garthgraphicstd-extrabold.gsf","\/garthgraphicstd-extrabold.otf":"\/garthgraphicstd-extrabold.otf","\/garthgraphicstd-extrabold.pf3":"\/garthgraphicstd-extrabold.pf3","\/garthgraphicstd-extrabold.pfa":"\/garthgraphicstd-extrabold.pfa","\/garthgraphicstd-extrabold.pfb":"\/garthgraphicstd-extrabold.pfb","\/garthgraphicstd-extrabold.php":"\/garthgraphicstd-extrabold.php","\/garthgraphicstd-extrabold.pt3":"\/garthgraphicstd-extrabold.pt3","\/garthgraphicstd-extrabold.sfd":"\/garthgraphicstd-extrabold.sfd","\/garthgraphicstd-extrabold.svg":"\/garthgraphicstd-extrabold.svg","\/garthgraphicstd-extrabold.t42":"\/garthgraphicstd-extrabold.t42","\/garthgraphicstd-extrabold.ttd":"\/garthgraphicstd-extrabold.ttd","\/garthgraphicstd-extrabold.ttf":"\/garthgraphicstd-extrabold.ttf","\/garthgraphicstd-extrabold.ttg":"\/garthgraphicstd-extrabold.ttg","\/garthgraphicstd-extrabold.ufm":"\/garthgraphicstd-extrabold.ufm","\/garthgraphicstd-extrabold.woff":"\/garthgraphicstd-extrabold.woff","\/garthgraphicstd-extrabold.z":"\/garthgraphicstd-extrabold.z","\/garthgraphicstd-extrabold.ufo\/feature.fea":"\/garthgraphicstd-extrabold.ufo\/feature.fea","\/garthgraphicstd-extrabold.ufo\/fontinfo.plist":"\/garthgraphicstd-extrabold.ufo\/fontinfo.plist","\/garthgraphicstd-extrabold.ufo\/groups.plist":"\/garthgraphicstd-extrabold.ufo\/groups.plist","\/garthgraphicstd-extrabold.ufo\/kerning.plist":"\/garthgraphicstd-extrabold.ufo\/kerning.plist","\/garthgraphicstd-extrabold.ufo\/metainfo.plist":"\/garthgraphicstd-extrabold.ufo\/metainfo.plist","\/garthgraphicstd-extrabold.ufo\/glyphs\/A_.glif":"\/garthgraphicstd-extrabold.ufo\/glyphs\/A_.glif","\/garthgraphicstd-extrabold.ufo\/glyphs\/A_E_.glif":"\/garthgraphicstd-extrabold.ufo\/glyphs\/A_E_.glif","\/garthgraphicstd-extrabold.ufo\/glyphs\/A_acute.glif":"\/garthgraphicstd-extrabold.ufo\/glyphs\/A_acute.glif","\/garthgraphicstd-extrabold.ufo\/glyphs\/A_circumflex.glif":"\/garthgraphicstd-extrabold.ufo\/glyphs\/A_circumflex.glif","\/garthgraphicstd-extrabold.ufo\/glyphs\/A_dieresis.glif":"\/garthgraphicstd-extrabold.ufo\/glyphs\/A_dieresis.glif","\/garthgraphicstd-extrabold.ufo\/glyphs\/A_grave.glif":"\/garthgraphicstd-extrabold.ufo\/glyphs\/A_grave.glif","\/garthgraphicstd-extrabold.ufo\/glyphs\/A_ring.glif":"\/garthgraphicstd-extrabold.ufo\/glyphs\/A_ring.glif","\/garthgraphicstd-extrabold.ufo\/glyphs\/A_tilde.glif":"\/garthgraphicstd-extrabold.ufo\/glyphs\/A_tilde.glif","\/garthgraphicstd-extrabold.ufo\/glyphs\/B_.glif":"\/garthgraphicstd-extrabold.ufo\/glyphs\/B_.glif","\/garthgraphicstd-extrabold.ufo\/glyphs\/C_.glif":"\/garthgraphicstd-extrabold.ufo\/glyphs\/C_.glif","\/garthgraphicstd-extrabold.ufo\/glyphs\/C_cedilla.glif":"\/garthgraphicstd-extrabold.ufo\/glyphs\/C_cedilla.glif","\/garthgraphicstd-extrabold.ufo\/glyphs\/D_.glif":"\/garthgraphicstd-extrabold.ufo\/glyphs\/D_.glif","\/garthgraphicstd-extrabold.ufo\/glyphs\/D_elta.glif":"\/garthgraphicstd-extrabold.ufo\/glyphs\/D_elta.glif","\/garthgraphicstd-extrabold.ufo\/glyphs\/E_.glif":"\/garthgraphicstd-extrabold.ufo\/glyphs\/E_.glif","\/garthgraphicstd-extrabold.ufo\/glyphs\/E_acute.glif":"\/garthgraphicstd-extrabold.ufo\/glyphs\/E_acute.glif","\/garthgraphicstd-extrabold.ufo\/glyphs\/E_circumflex.glif":"\/garthgraphicstd-extrabold.ufo\/glyphs\/E_circumflex.glif","\/garthgraphicstd-extrabold.ufo\/glyphs\/E_dieresis.glif":"\/garthgraphicstd-extrabold.ufo\/glyphs\/E_dieresis.glif","\/garthgraphicstd-extrabold.ufo\/glyphs\/E_grave.glif":"\/garthgraphicstd-extrabold.ufo\/glyphs\/E_grave.glif","\/garthgraphicstd-extrabold.ufo\/glyphs\/E_th.glif":"\/garthgraphicstd-extrabold.ufo\/glyphs\/E_th.glif","\/garthgraphicstd-extrabold.ufo\/glyphs\/E_uro.glif":"\/garthgraphicstd-extrabold.ufo\/glyphs\/E_uro.glif","\/garthgraphicstd-extrabold.ufo\/glyphs\/F_.glif":"\/garthgraphicstd-extrabold.ufo\/glyphs\/F_.glif","\/garthgraphicstd-extrabold.ufo\/glyphs\/G_.glif":"\/garthgraphicstd-extrabold.ufo\/glyphs\/G_.glif","\/garthgraphicstd-extrabold.ufo\/glyphs\/H_.glif":"\/garthgraphicstd-extrabold.ufo\/glyphs\/H_.glif","\/garthgraphicstd-extrabold.ufo\/glyphs\/I_.glif":"\/garthgraphicstd-extrabold.ufo\/glyphs\/I_.glif","\/garthgraphicstd-extrabold.ufo\/glyphs\/I_acute.glif":"\/garthgraphicstd-extrabold.ufo\/glyphs\/I_acute.glif","\/garthgraphicstd-extrabold.ufo\/glyphs\/I_circumflex.glif":"\/garthgraphicstd-extrabold.ufo\/glyphs\/I_circumflex.glif","\/garthgraphicstd-extrabold.ufo\/glyphs\/I_dieresis.glif":"\/garthgraphicstd-extrabold.ufo\/glyphs\/I_dieresis.glif","\/garthgraphicstd-extrabold.ufo\/glyphs\/I_grave.glif":"\/garthgraphicstd-extrabold.ufo\/glyphs\/I_grave.glif","\/garthgraphicstd-extrabold.ufo\/glyphs\/J_.glif":"\/garthgraphicstd-extrabold.ufo\/glyphs\/J_.glif","\/garthgraphicstd-extrabold.ufo\/glyphs\/K_.glif":"\/garthgraphicstd-extrabold.ufo\/glyphs\/K_.glif","\/garthgraphicstd-extrabold.ufo\/glyphs\/L_.glif":"\/garthgraphicstd-extrabold.ufo\/glyphs\/L_.glif","\/garthgraphicstd-extrabold.ufo\/glyphs\/L_slash.glif":"\/garthgraphicstd-extrabold.ufo\/glyphs\/L_slash.glif","\/garthgraphicstd-extrabold.ufo\/glyphs\/M_.glif":"\/garthgraphicstd-extrabold.ufo\/glyphs\/M_.glif","\/garthgraphicstd-extrabold.ufo\/glyphs\/N_.glif":"\/garthgraphicstd-extrabold.ufo\/glyphs\/N_.glif","\/garthgraphicstd-extrabold.ufo\/glyphs\/N_tilde.glif":"\/garthgraphicstd-extrabold.ufo\/glyphs\/N_tilde.glif","\/garthgraphicstd-extrabold.ufo\/glyphs\/O_.glif":"\/garthgraphicstd-extrabold.ufo\/glyphs\/O_.glif","\/garthgraphicstd-extrabold.ufo\/glyphs\/O_E_.glif":"\/garthgraphicstd-extrabold.ufo\/glyphs\/O_E_.glif","\/garthgraphicstd-extrabold.ufo\/glyphs\/O_acute.glif":"\/garthgraphicstd-extrabold.ufo\/glyphs\/O_acute.glif","\/garthgraphicstd-extrabold.ufo\/glyphs\/O_circumflex.glif":"\/garthgraphicstd-extrabold.ufo\/glyphs\/O_circumflex.glif","\/garthgraphicstd-extrabold.ufo\/glyphs\/O_dieresis.glif":"\/garthgraphicstd-extrabold.ufo\/glyphs\/O_dieresis.glif","\/garthgraphicstd-extrabold.ufo\/glyphs\/O_grave.glif":"\/garthgraphicstd-extrabold.ufo\/glyphs\/O_grave.glif","\/garthgraphicstd-extrabold.ufo\/glyphs\/O_mega.glif":"\/garthgraphicstd-extrabold.ufo\/glyphs\/O_mega.glif","\/garthgraphicstd-extrabold.ufo\/glyphs\/O_slash.glif":"\/garthgraphicstd-extrabold.ufo\/glyphs\/O_slash.glif","\/garthgraphicstd-extrabold.ufo\/glyphs\/O_tilde.glif":"\/garthgraphicstd-extrabold.ufo\/glyphs\/O_tilde.glif","\/garthgraphicstd-extrabold.ufo\/glyphs\/P_.glif":"\/garthgraphicstd-extrabold.ufo\/glyphs\/P_.glif","\/garthgraphicstd-extrabold.ufo\/glyphs\/Q_.glif":"\/garthgraphicstd-extrabold.ufo\/glyphs\/Q_.glif","\/garthgraphicstd-extrabold.ufo\/glyphs\/R_.glif":"\/garthgraphicstd-extrabold.ufo\/glyphs\/R_.glif","\/garthgraphicstd-extrabold.ufo\/glyphs\/S_.glif":"\/garthgraphicstd-extrabold.ufo\/glyphs\/S_.glif","\/garthgraphicstd-extrabold.ufo\/glyphs\/S_caron.glif":"\/garthgraphicstd-extrabold.ufo\/glyphs\/S_caron.glif","\/garthgraphicstd-extrabold.ufo\/glyphs\/T_.glif":"\/garthgraphicstd-extrabold.ufo\/glyphs\/T_.glif","\/garthgraphicstd-extrabold.ufo\/glyphs\/T_horn.glif":"\/garthgraphicstd-extrabold.ufo\/glyphs\/T_horn.glif","\/garthgraphicstd-extrabold.ufo\/glyphs\/U_.glif":"\/garthgraphicstd-extrabold.ufo\/glyphs\/U_.glif","\/garthgraphicstd-extrabold.ufo\/glyphs\/U_acute.glif":"\/garthgraphicstd-extrabold.ufo\/glyphs\/U_acute.glif","\/garthgraphicstd-extrabold.ufo\/glyphs\/U_circumflex.glif":"\/garthgraphicstd-extrabold.ufo\/glyphs\/U_circumflex.glif","\/garthgraphicstd-extrabold.ufo\/glyphs\/U_dieresis.glif":"\/garthgraphicstd-extrabold.ufo\/glyphs\/U_dieresis.glif","\/garthgraphicstd-extrabold.ufo\/glyphs\/U_grave.glif":"\/garthgraphicstd-extrabold.ufo\/glyphs\/U_grave.glif","\/garthgraphicstd-extrabold.ufo\/glyphs\/V_.glif":"\/garthgraphicstd-extrabold.ufo\/glyphs\/V_.glif","\/garthgraphicstd-extrabold.ufo\/glyphs\/W_.glif":"\/garthgraphicstd-extrabold.ufo\/glyphs\/W_.glif","\/garthgraphicstd-extrabold.ufo\/glyphs\/X_.glif":"\/garthgraphicstd-extrabold.ufo\/glyphs\/X_.glif","\/garthgraphicstd-extrabold.ufo\/glyphs\/Y_.glif":"\/garthgraphicstd-extrabold.ufo\/glyphs\/Y_.glif","\/garthgraphicstd-extrabold.ufo\/glyphs\/Y_acute.glif":"\/garthgraphicstd-extrabold.ufo\/glyphs\/Y_acute.glif","\/garthgraphicstd-extrabold.ufo\/glyphs\/Y_dieresis.glif":"\/garthgraphicstd-extrabold.ufo\/glyphs\/Y_dieresis.glif","\/garthgraphicstd-extrabold.ufo\/glyphs\/Z_.glif":"\/garthgraphicstd-extrabold.ufo\/glyphs\/Z_.glif","\/garthgraphicstd-extrabold.ufo\/glyphs\/Z_caron.glif":"\/garthgraphicstd-extrabold.ufo\/glyphs\/Z_caron.glif","\/garthgraphicstd-extrabold.ufo\/glyphs\/_notdef.glif":"\/garthgraphicstd-extrabold.ufo\/glyphs\/_notdef.glif","\/garthgraphicstd-extrabold.ufo\/glyphs\/a.glif":"\/garthgraphicstd-extrabold.ufo\/glyphs\/a.glif","\/garthgraphicstd-extrabold.ufo\/glyphs\/a.superior.glif":"\/garthgraphicstd-extrabold.ufo\/glyphs\/a.superior.glif","\/garthgraphicstd-extrabold.ufo\/glyphs\/aacute.glif":"\/garthgraphicstd-extrabold.ufo\/glyphs\/aacute.glif","\/garthgraphicstd-extrabold.ufo\/glyphs\/acircumflex.glif":"\/garthgraphicstd-extrabold.ufo\/glyphs\/acircumflex.glif","\/garthgraphicstd-extrabold.ufo\/glyphs\/acute.glif":"\/garthgraphicstd-extrabold.ufo\/glyphs\/acute.glif","\/garthgraphicstd-extrabold.ufo\/glyphs\/adieresis.glif":"\/garthgraphicstd-extrabold.ufo\/glyphs\/adieresis.glif","\/garthgraphicstd-extrabold.ufo\/glyphs\/ae.glif":"\/garthgraphicstd-extrabold.ufo\/glyphs\/ae.glif","\/garthgraphicstd-extrabold.ufo\/glyphs\/afii61289.glif":"\/garthgraphicstd-extrabold.ufo\/glyphs\/afii61289.glif","\/garthgraphicstd-extrabold.ufo\/glyphs\/agrave.glif":"\/garthgraphicstd-extrabold.ufo\/glyphs\/agrave.glif","\/garthgraphicstd-extrabold.ufo\/glyphs\/ampersand.glif":"\/garthgraphicstd-extrabold.ufo\/glyphs\/ampersand.glif","\/garthgraphicstd-extrabold.ufo\/glyphs\/approxequal.glif":"\/garthgraphicstd-extrabold.ufo\/glyphs\/approxequal.glif","\/garthgraphicstd-extrabold.ufo\/glyphs\/aring.glif":"\/garthgraphicstd-extrabold.ufo\/glyphs\/aring.glif","\/garthgraphicstd-extrabold.ufo\/glyphs\/asciicircum.glif":"\/garthgraphicstd-extrabold.ufo\/glyphs\/asciicircum.glif","\/garthgraphicstd-extrabold.ufo\/glyphs\/asciitilde.glif":"\/garthgraphicstd-extrabold.ufo\/glyphs\/asciitilde.glif","\/garthgraphicstd-extrabold.ufo\/glyphs\/asterisk.glif":"\/garthgraphicstd-extrabold.ufo\/glyphs\/asterisk.glif","\/garthgraphicstd-extrabold.ufo\/glyphs\/at.glif":"\/garthgraphicstd-extrabold.ufo\/glyphs\/at.glif","\/garthgraphicstd-extrabold.ufo\/glyphs\/atilde.glif":"\/garthgraphicstd-extrabold.ufo\/glyphs\/atilde.glif","\/garthgraphicstd-extrabold.ufo\/glyphs\/b.glif":"\/garthgraphicstd-extrabold.ufo\/glyphs\/b.glif","\/garthgraphicstd-extrabold.ufo\/glyphs\/backslash.glif":"\/garthgraphicstd-extrabold.ufo\/glyphs\/backslash.glif","\/garthgraphicstd-extrabold.ufo\/glyphs\/bar.glif":"\/garthgraphicstd-extrabold.ufo\/glyphs\/bar.glif","\/garthgraphicstd-extrabold.ufo\/glyphs\/braceleft.glif":"\/garthgraphicstd-extrabold.ufo\/glyphs\/braceleft.glif","\/garthgraphicstd-extrabold.ufo\/glyphs\/braceright.glif":"\/garthgraphicstd-extrabold.ufo\/glyphs\/braceright.glif","\/garthgraphicstd-extrabold.ufo\/glyphs\/bracketleft.glif":"\/garthgraphicstd-extrabold.ufo\/glyphs\/bracketleft.glif","\/garthgraphicstd-extrabold.ufo\/glyphs\/bracketright.glif":"\/garthgraphicstd-extrabold.ufo\/glyphs\/bracketright.glif","\/garthgraphicstd-extrabold.ufo\/glyphs\/breve.glif":"\/garthgraphicstd-extrabold.ufo\/glyphs\/breve.glif","\/garthgraphicstd-extrabold.ufo\/glyphs\/brokenbar.glif":"\/garthgraphicstd-extrabold.ufo\/glyphs\/brokenbar.glif","\/garthgraphicstd-extrabold.ufo\/glyphs\/bullet.glif":"\/garthgraphicstd-extrabold.ufo\/glyphs\/bullet.glif","\/garthgraphicstd-extrabold.ufo\/glyphs\/c.glif":"\/garthgraphicstd-extrabold.ufo\/glyphs\/c.glif","\/garthgraphicstd-extrabold.ufo\/glyphs\/caron.glif":"\/garthgraphicstd-extrabold.ufo\/glyphs\/caron.glif","\/garthgraphicstd-extrabold.ufo\/glyphs\/ccedilla.glif":"\/garthgraphicstd-extrabold.ufo\/glyphs\/ccedilla.glif","\/garthgraphicstd-extrabold.ufo\/glyphs\/cedilla.glif":"\/garthgraphicstd-extrabold.ufo\/glyphs\/cedilla.glif","\/garthgraphicstd-extrabold.ufo\/glyphs\/cent.glif":"\/garthgraphicstd-extrabold.ufo\/glyphs\/cent.glif","\/garthgraphicstd-extrabold.ufo\/glyphs\/circumflex.glif":"\/garthgraphicstd-extrabold.ufo\/glyphs\/circumflex.glif","\/garthgraphicstd-extrabold.ufo\/glyphs\/colon.glif":"\/garthgraphicstd-extrabold.ufo\/glyphs\/colon.glif","\/garthgraphicstd-extrabold.ufo\/glyphs\/comma.glif":"\/garthgraphicstd-extrabold.ufo\/glyphs\/comma.glif","\/garthgraphicstd-extrabold.ufo\/glyphs\/contents.plist":"\/garthgraphicstd-extrabold.ufo\/glyphs\/contents.plist","\/garthgraphicstd-extrabold.ufo\/glyphs\/copyright.glif":"\/garthgraphicstd-extrabold.ufo\/glyphs\/copyright.glif","\/garthgraphicstd-extrabold.ufo\/glyphs\/currency.glif":"\/garthgraphicstd-extrabold.ufo\/glyphs\/currency.glif","\/garthgraphicstd-extrabold.ufo\/glyphs\/d.glif":"\/garthgraphicstd-extrabold.ufo\/glyphs\/d.glif","\/garthgraphicstd-extrabold.ufo\/glyphs\/dagger.glif":"\/garthgraphicstd-extrabold.ufo\/glyphs\/dagger.glif","\/garthgraphicstd-extrabold.ufo\/glyphs\/daggerdbl.glif":"\/garthgraphicstd-extrabold.ufo\/glyphs\/daggerdbl.glif","\/garthgraphicstd-extrabold.ufo\/glyphs\/degree.glif":"\/garthgraphicstd-extrabold.ufo\/glyphs\/degree.glif","\/garthgraphicstd-extrabold.ufo\/glyphs\/dieresis.glif":"\/garthgraphicstd-extrabold.ufo\/glyphs\/dieresis.glif","\/garthgraphicstd-extrabold.ufo\/glyphs\/divide.glif":"\/garthgraphicstd-extrabold.ufo\/glyphs\/divide.glif","\/garthgraphicstd-extrabold.ufo\/glyphs\/dollar.glif":"\/garthgraphicstd-extrabold.ufo\/glyphs\/dollar.glif","\/garthgraphicstd-extrabold.ufo\/glyphs\/dotaccent.glif":"\/garthgraphicstd-extrabold.ufo\/glyphs\/dotaccent.glif","\/garthgraphicstd-extrabold.ufo\/glyphs\/dotlessi.glif":"\/garthgraphicstd-extrabold.ufo\/glyphs\/dotlessi.glif","\/garthgraphicstd-extrabold.ufo\/glyphs\/e.glif":"\/garthgraphicstd-extrabold.ufo\/glyphs\/e.glif","\/garthgraphicstd-extrabold.ufo\/glyphs\/eacute.glif":"\/garthgraphicstd-extrabold.ufo\/glyphs\/eacute.glif","\/garthgraphicstd-extrabold.ufo\/glyphs\/ecircumflex.glif":"\/garthgraphicstd-extrabold.ufo\/glyphs\/ecircumflex.glif","\/garthgraphicstd-extrabold.ufo\/glyphs\/edieresis.glif":"\/garthgraphicstd-extrabold.ufo\/glyphs\/edieresis.glif","\/garthgraphicstd-extrabold.ufo\/glyphs\/egrave.glif":"\/garthgraphicstd-extrabold.ufo\/glyphs\/egrave.glif","\/garthgraphicstd-extrabold.ufo\/glyphs\/eight.glif":"\/garthgraphicstd-extrabold.ufo\/glyphs\/eight.glif","\/garthgraphicstd-extrabold.ufo\/glyphs\/ellipsis.glif":"\/garthgraphicstd-extrabold.ufo\/glyphs\/ellipsis.glif","\/garthgraphicstd-extrabold.ufo\/glyphs\/emdash.glif":"\/garthgraphicstd-extrabold.ufo\/glyphs\/emdash.glif","\/garthgraphicstd-extrabold.ufo\/glyphs\/endash.glif":"\/garthgraphicstd-extrabold.ufo\/glyphs\/endash.glif","\/garthgraphicstd-extrabold.ufo\/glyphs\/equal.glif":"\/garthgraphicstd-extrabold.ufo\/glyphs\/equal.glif","\/garthgraphicstd-extrabold.ufo\/glyphs\/estimated.glif":"\/garthgraphicstd-extrabold.ufo\/glyphs\/estimated.glif","\/garthgraphicstd-extrabold.ufo\/glyphs\/eth.glif":"\/garthgraphicstd-extrabold.ufo\/glyphs\/eth.glif","\/garthgraphicstd-extrabold.ufo\/glyphs\/exclam.glif":"\/garthgraphicstd-extrabold.ufo\/glyphs\/exclam.glif","\/garthgraphicstd-extrabold.ufo\/glyphs\/exclamdown.glif":"\/garthgraphicstd-extrabold.ufo\/glyphs\/exclamdown.glif","\/garthgraphicstd-extrabold.ufo\/glyphs\/f.glif":"\/garthgraphicstd-extrabold.ufo\/glyphs\/f.glif","\/garthgraphicstd-extrabold.ufo\/glyphs\/f_i.glif":"\/garthgraphicstd-extrabold.ufo\/glyphs\/f_i.glif","\/garthgraphicstd-extrabold.ufo\/glyphs\/f_l.glif":"\/garthgraphicstd-extrabold.ufo\/glyphs\/f_l.glif","\/garthgraphicstd-extrabold.ufo\/glyphs\/fi.glif":"\/garthgraphicstd-extrabold.ufo\/glyphs\/fi.glif","\/garthgraphicstd-extrabold.ufo\/glyphs\/five.glif":"\/garthgraphicstd-extrabold.ufo\/glyphs\/five.glif","\/garthgraphicstd-extrabold.ufo\/glyphs\/fl.glif":"\/garthgraphicstd-extrabold.ufo\/glyphs\/fl.glif","\/garthgraphicstd-extrabold.ufo\/glyphs\/florin.glif":"\/garthgraphicstd-extrabold.ufo\/glyphs\/florin.glif","\/garthgraphicstd-extrabold.ufo\/glyphs\/four.glif":"\/garthgraphicstd-extrabold.ufo\/glyphs\/four.glif","\/garthgraphicstd-extrabold.ufo\/glyphs\/fraction.glif":"\/garthgraphicstd-extrabold.ufo\/glyphs\/fraction.glif","\/garthgraphicstd-extrabold.ufo\/glyphs\/g.glif":"\/garthgraphicstd-extrabold.ufo\/glyphs\/g.glif","\/garthgraphicstd-extrabold.ufo\/glyphs\/germandbls.glif":"\/garthgraphicstd-extrabold.ufo\/glyphs\/germandbls.glif","\/garthgraphicstd-extrabold.ufo\/glyphs\/grave.glif":"\/garthgraphicstd-extrabold.ufo\/glyphs\/grave.glif","\/garthgraphicstd-extrabold.ufo\/glyphs\/greater.glif":"\/garthgraphicstd-extrabold.ufo\/glyphs\/greater.glif","\/garthgraphicstd-extrabold.ufo\/glyphs\/greaterequal.glif":"\/garthgraphicstd-extrabold.ufo\/glyphs\/greaterequal.glif","\/garthgraphicstd-extrabold.ufo\/glyphs\/guillemotleft.glif":"\/garthgraphicstd-extrabold.ufo\/glyphs\/guillemotleft.glif","\/garthgraphicstd-extrabold.ufo\/glyphs\/guillemotright.glif":"\/garthgraphicstd-extrabold.ufo\/glyphs\/guillemotright.glif","\/garthgraphicstd-extrabold.ufo\/glyphs\/guilsinglleft.glif":"\/garthgraphicstd-extrabold.ufo\/glyphs\/guilsinglleft.glif","\/garthgraphicstd-extrabold.ufo\/glyphs\/guilsinglright.glif":"\/garthgraphicstd-extrabold.ufo\/glyphs\/guilsinglright.glif","\/garthgraphicstd-extrabold.ufo\/glyphs\/h.glif":"\/garthgraphicstd-extrabold.ufo\/glyphs\/h.glif","\/garthgraphicstd-extrabold.ufo\/glyphs\/hungarumlaut.glif":"\/garthgraphicstd-extrabold.ufo\/glyphs\/hungarumlaut.glif","\/garthgraphicstd-extrabold.ufo\/glyphs\/hyphen.glif":"\/garthgraphicstd-extrabold.ufo\/glyphs\/hyphen.glif","\/garthgraphicstd-extrabold.ufo\/glyphs\/i.glif":"\/garthgraphicstd-extrabold.ufo\/glyphs\/i.glif","\/garthgraphicstd-extrabold.ufo\/glyphs\/iacute.glif":"\/garthgraphicstd-extrabold.ufo\/glyphs\/iacute.glif","\/garthgraphicstd-extrabold.ufo\/glyphs\/icircumflex.glif":"\/garthgraphicstd-extrabold.ufo\/glyphs\/icircumflex.glif","\/garthgraphicstd-extrabold.ufo\/glyphs\/idieresis.glif":"\/garthgraphicstd-extrabold.ufo\/glyphs\/idieresis.glif","\/garthgraphicstd-extrabold.ufo\/glyphs\/igrave.glif":"\/garthgraphicstd-extrabold.ufo\/glyphs\/igrave.glif","\/garthgraphicstd-extrabold.ufo\/glyphs\/infinity.glif":"\/garthgraphicstd-extrabold.ufo\/glyphs\/infinity.glif","\/garthgraphicstd-extrabold.ufo\/glyphs\/integral.glif":"\/garthgraphicstd-extrabold.ufo\/glyphs\/integral.glif","\/garthgraphicstd-extrabold.ufo\/glyphs\/j.glif":"\/garthgraphicstd-extrabold.ufo\/glyphs\/j.glif","\/garthgraphicstd-extrabold.ufo\/glyphs\/k.glif":"\/garthgraphicstd-extrabold.ufo\/glyphs\/k.glif","\/garthgraphicstd-extrabold.ufo\/glyphs\/l.glif":"\/garthgraphicstd-extrabold.ufo\/glyphs\/l.glif","\/garthgraphicstd-extrabold.ufo\/glyphs\/less.glif":"\/garthgraphicstd-extrabold.ufo\/glyphs\/less.glif","\/garthgraphicstd-extrabold.ufo\/glyphs\/lessequal.glif":"\/garthgraphicstd-extrabold.ufo\/glyphs\/lessequal.glif","\/garthgraphicstd-extrabold.ufo\/glyphs\/logicalnot.glif":"\/garthgraphicstd-extrabold.ufo\/glyphs\/logicalnot.glif","\/garthgraphicstd-extrabold.ufo\/glyphs\/lozenge.glif":"\/garthgraphicstd-extrabold.ufo\/glyphs\/lozenge.glif","\/garthgraphicstd-extrabold.ufo\/glyphs\/lslash.glif":"\/garthgraphicstd-extrabold.ufo\/glyphs\/lslash.glif","\/garthgraphicstd-extrabold.ufo\/glyphs\/m.glif":"\/garthgraphicstd-extrabold.ufo\/glyphs\/m.glif","\/garthgraphicstd-extrabold.ufo\/glyphs\/macron.glif":"\/garthgraphicstd-extrabold.ufo\/glyphs\/macron.glif","\/garthgraphicstd-extrabold.ufo\/glyphs\/minus.glif":"\/garthgraphicstd-extrabold.ufo\/glyphs\/minus.glif","\/garthgraphicstd-extrabold.ufo\/glyphs\/mu.glif":"\/garthgraphicstd-extrabold.ufo\/glyphs\/mu.glif","\/garthgraphicstd-extrabold.ufo\/glyphs\/multiply.glif":"\/garthgraphicstd-extrabold.ufo\/glyphs\/multiply.glif","\/garthgraphicstd-extrabold.ufo\/glyphs\/n.glif":"\/garthgraphicstd-extrabold.ufo\/glyphs\/n.glif","\/garthgraphicstd-extrabold.ufo\/glyphs\/nine.glif":"\/garthgraphicstd-extrabold.ufo\/glyphs\/nine.glif","\/garthgraphicstd-extrabold.ufo\/glyphs\/notequal.glif":"\/garthgraphicstd-extrabold.ufo\/glyphs\/notequal.glif","\/garthgraphicstd-extrabold.ufo\/glyphs\/ntilde.glif":"\/garthgraphicstd-extrabold.ufo\/glyphs\/ntilde.glif","\/garthgraphicstd-extrabold.ufo\/glyphs\/numbersign.glif":"\/garthgraphicstd-extrabold.ufo\/glyphs\/numbersign.glif","\/garthgraphicstd-extrabold.ufo\/glyphs\/o.glif":"\/garthgraphicstd-extrabold.ufo\/glyphs\/o.glif","\/garthgraphicstd-extrabold.ufo\/glyphs\/o.superior.glif":"\/garthgraphicstd-extrabold.ufo\/glyphs\/o.superior.glif","\/garthgraphicstd-extrabold.ufo\/glyphs\/oacute.glif":"\/garthgraphicstd-extrabold.ufo\/glyphs\/oacute.glif","\/garthgraphicstd-extrabold.ufo\/glyphs\/ocircumflex.glif":"\/garthgraphicstd-extrabold.ufo\/glyphs\/ocircumflex.glif","\/garthgraphicstd-extrabold.ufo\/glyphs\/odieresis.glif":"\/garthgraphicstd-extrabold.ufo\/glyphs\/odieresis.glif","\/garthgraphicstd-extrabold.ufo\/glyphs\/oe.glif":"\/garthgraphicstd-extrabold.ufo\/glyphs\/oe.glif","\/garthgraphicstd-extrabold.ufo\/glyphs\/ogonek.glif":"\/garthgraphicstd-extrabold.ufo\/glyphs\/ogonek.glif","\/garthgraphicstd-extrabold.ufo\/glyphs\/ograve.glif":"\/garthgraphicstd-extrabold.ufo\/glyphs\/ograve.glif","\/garthgraphicstd-extrabold.ufo\/glyphs\/one.glif":"\/garthgraphicstd-extrabold.ufo\/glyphs\/one.glif","\/garthgraphicstd-extrabold.ufo\/glyphs\/one.superior.glif":"\/garthgraphicstd-extrabold.ufo\/glyphs\/one.superior.glif","\/garthgraphicstd-extrabold.ufo\/glyphs\/onehalf.glif":"\/garthgraphicstd-extrabold.ufo\/glyphs\/onehalf.glif","\/garthgraphicstd-extrabold.ufo\/glyphs\/onequarter.glif":"\/garthgraphicstd-extrabold.ufo\/glyphs\/onequarter.glif","\/garthgraphicstd-extrabold.ufo\/glyphs\/onesuperior.glif":"\/garthgraphicstd-extrabold.ufo\/glyphs\/onesuperior.glif","\/garthgraphicstd-extrabold.ufo\/glyphs\/ordfeminine.glif":"\/garthgraphicstd-extrabold.ufo\/glyphs\/ordfeminine.glif","\/garthgraphicstd-extrabold.ufo\/glyphs\/ordmasculine.glif":"\/garthgraphicstd-extrabold.ufo\/glyphs\/ordmasculine.glif","\/garthgraphicstd-extrabold.ufo\/glyphs\/oslash.glif":"\/garthgraphicstd-extrabold.ufo\/glyphs\/oslash.glif","\/garthgraphicstd-extrabold.ufo\/glyphs\/otilde.glif":"\/garthgraphicstd-extrabold.ufo\/glyphs\/otilde.glif","\/garthgraphicstd-extrabold.ufo\/glyphs\/p.glif":"\/garthgraphicstd-extrabold.ufo\/glyphs\/p.glif","\/garthgraphicstd-extrabold.ufo\/glyphs\/paragraph.glif":"\/garthgraphicstd-extrabold.ufo\/glyphs\/paragraph.glif","\/garthgraphicstd-extrabold.ufo\/glyphs\/parenleft.glif":"\/garthgraphicstd-extrabold.ufo\/glyphs\/parenleft.glif","\/garthgraphicstd-extrabold.ufo\/glyphs\/parenright.glif":"\/garthgraphicstd-extrabold.ufo\/glyphs\/parenright.glif","\/garthgraphicstd-extrabold.ufo\/glyphs\/partialdiff.glif":"\/garthgraphicstd-extrabold.ufo\/glyphs\/partialdiff.glif","\/garthgraphicstd-extrabold.ufo\/glyphs\/percent.glif":"\/garthgraphicstd-extrabold.ufo\/glyphs\/percent.glif","\/garthgraphicstd-extrabold.ufo\/glyphs\/period.glif":"\/garthgraphicstd-extrabold.ufo\/glyphs\/period.glif","\/garthgraphicstd-extrabold.ufo\/glyphs\/periodcentered.glif":"\/garthgraphicstd-extrabold.ufo\/glyphs\/periodcentered.glif","\/garthgraphicstd-extrabold.ufo\/glyphs\/perthousand.glif":"\/garthgraphicstd-extrabold.ufo\/glyphs\/perthousand.glif","\/garthgraphicstd-extrabold.ufo\/glyphs\/pi.glif":"\/garthgraphicstd-extrabold.ufo\/glyphs\/pi.glif","\/garthgraphicstd-extrabold.ufo\/glyphs\/plus.glif":"\/garthgraphicstd-extrabold.ufo\/glyphs\/plus.glif","\/garthgraphicstd-extrabold.ufo\/glyphs\/plusminus.glif":"\/garthgraphicstd-extrabold.ufo\/glyphs\/plusminus.glif","\/garthgraphicstd-extrabold.ufo\/glyphs\/product.glif":"\/garthgraphicstd-extrabold.ufo\/glyphs\/product.glif","\/garthgraphicstd-extrabold.ufo\/glyphs\/q.glif":"\/garthgraphicstd-extrabold.ufo\/glyphs\/q.glif","\/garthgraphicstd-extrabold.ufo\/glyphs\/question.glif":"\/garthgraphicstd-extrabold.ufo\/glyphs\/question.glif","\/garthgraphicstd-extrabold.ufo\/glyphs\/questiondown.glif":"\/garthgraphicstd-extrabold.ufo\/glyphs\/questiondown.glif","\/garthgraphicstd-extrabold.ufo\/glyphs\/quotedbl.glif":"\/garthgraphicstd-extrabold.ufo\/glyphs\/quotedbl.glif","\/garthgraphicstd-extrabold.ufo\/glyphs\/quotedblbase.glif":"\/garthgraphicstd-extrabold.ufo\/glyphs\/quotedblbase.glif","\/garthgraphicstd-extrabold.ufo\/glyphs\/quotedblleft.glif":"\/garthgraphicstd-extrabold.ufo\/glyphs\/quotedblleft.glif","\/garthgraphicstd-extrabold.ufo\/glyphs\/quotedblright.glif":"\/garthgraphicstd-extrabold.ufo\/glyphs\/quotedblright.glif","\/garthgraphicstd-extrabold.ufo\/glyphs\/quoteleft.glif":"\/garthgraphicstd-extrabold.ufo\/glyphs\/quoteleft.glif","\/garthgraphicstd-extrabold.ufo\/glyphs\/quoteright.glif":"\/garthgraphicstd-extrabold.ufo\/glyphs\/quoteright.glif","\/garthgraphicstd-extrabold.ufo\/glyphs\/quotesinglbase.glif":"\/garthgraphicstd-extrabold.ufo\/glyphs\/quotesinglbase.glif","\/garthgraphicstd-extrabold.ufo\/glyphs\/quotesingle.glif":"\/garthgraphicstd-extrabold.ufo\/glyphs\/quotesingle.glif","\/garthgraphicstd-extrabold.ufo\/glyphs\/r.glif":"\/garthgraphicstd-extrabold.ufo\/glyphs\/r.glif","\/garthgraphicstd-extrabold.ufo\/glyphs\/radical.glif":"\/garthgraphicstd-extrabold.ufo\/glyphs\/radical.glif","\/garthgraphicstd-extrabold.ufo\/glyphs\/registered.glif":"\/garthgraphicstd-extrabold.ufo\/glyphs\/registered.glif","\/garthgraphicstd-extrabold.ufo\/glyphs\/ring.glif":"\/garthgraphicstd-extrabold.ufo\/glyphs\/ring.glif","\/garthgraphicstd-extrabold.ufo\/glyphs\/s.glif":"\/garthgraphicstd-extrabold.ufo\/glyphs\/s.glif","\/garthgraphicstd-extrabold.ufo\/glyphs\/scaron.glif":"\/garthgraphicstd-extrabold.ufo\/glyphs\/scaron.glif","\/garthgraphicstd-extrabold.ufo\/glyphs\/section.glif":"\/garthgraphicstd-extrabold.ufo\/glyphs\/section.glif","\/garthgraphicstd-extrabold.ufo\/glyphs\/semicolon.glif":"\/garthgraphicstd-extrabold.ufo\/glyphs\/semicolon.glif","\/garthgraphicstd-extrabold.ufo\/glyphs\/seven.glif":"\/garthgraphicstd-extrabold.ufo\/glyphs\/seven.glif","\/garthgraphicstd-extrabold.ufo\/glyphs\/six.glif":"\/garthgraphicstd-extrabold.ufo\/glyphs\/six.glif","\/garthgraphicstd-extrabold.ufo\/glyphs\/slash.glif":"\/garthgraphicstd-extrabold.ufo\/glyphs\/slash.glif","\/garthgraphicstd-extrabold.ufo\/glyphs\/space.glif":"\/garthgraphicstd-extrabold.ufo\/glyphs\/space.glif","\/garthgraphicstd-extrabold.ufo\/glyphs\/sterling.glif":"\/garthgraphicstd-extrabold.ufo\/glyphs\/sterling.glif","\/garthgraphicstd-extrabold.ufo\/glyphs\/summation.glif":"\/garthgraphicstd-extrabold.ufo\/glyphs\/summation.glif","\/garthgraphicstd-extrabold.ufo\/glyphs\/t.glif":"\/garthgraphicstd-extrabold.ufo\/glyphs\/t.glif","\/garthgraphicstd-extrabold.ufo\/glyphs\/thorn.glif":"\/garthgraphicstd-extrabold.ufo\/glyphs\/thorn.glif","\/garthgraphicstd-extrabold.ufo\/glyphs\/three.glif":"\/garthgraphicstd-extrabold.ufo\/glyphs\/three.glif","\/garthgraphicstd-extrabold.ufo\/glyphs\/three.superior.glif":"\/garthgraphicstd-extrabold.ufo\/glyphs\/three.superior.glif","\/garthgraphicstd-extrabold.ufo\/glyphs\/threequarters.glif":"\/garthgraphicstd-extrabold.ufo\/glyphs\/threequarters.glif","\/garthgraphicstd-extrabold.ufo\/glyphs\/threesuperior.glif":"\/garthgraphicstd-extrabold.ufo\/glyphs\/threesuperior.glif","\/garthgraphicstd-extrabold.ufo\/glyphs\/tilde.glif":"\/garthgraphicstd-extrabold.ufo\/glyphs\/tilde.glif","\/garthgraphicstd-extrabold.ufo\/glyphs\/trademark.glif":"\/garthgraphicstd-extrabold.ufo\/glyphs\/trademark.glif","\/garthgraphicstd-extrabold.ufo\/glyphs\/two.glif":"\/garthgraphicstd-extrabold.ufo\/glyphs\/two.glif","\/garthgraphicstd-extrabold.ufo\/glyphs\/two.superior.glif":"\/garthgraphicstd-extrabold.ufo\/glyphs\/two.superior.glif","\/garthgraphicstd-extrabold.ufo\/glyphs\/twosuperior.glif":"\/garthgraphicstd-extrabold.ufo\/glyphs\/twosuperior.glif","\/garthgraphicstd-extrabold.ufo\/glyphs\/u.glif":"\/garthgraphicstd-extrabold.ufo\/glyphs\/u.glif","\/garthgraphicstd-extrabold.ufo\/glyphs\/uacute.glif":"\/garthgraphicstd-extrabold.ufo\/glyphs\/uacute.glif","\/garthgraphicstd-extrabold.ufo\/glyphs\/ucircumflex.glif":"\/garthgraphicstd-extrabold.ufo\/glyphs\/ucircumflex.glif","\/garthgraphicstd-extrabold.ufo\/glyphs\/udieresis.glif":"\/garthgraphicstd-extrabold.ufo\/glyphs\/udieresis.glif","\/garthgraphicstd-extrabold.ufo\/glyphs\/ugrave.glif":"\/garthgraphicstd-extrabold.ufo\/glyphs\/ugrave.glif","\/garthgraphicstd-extrabold.ufo\/glyphs\/underscore.glif":"\/garthgraphicstd-extrabold.ufo\/glyphs\/underscore.glif","\/garthgraphicstd-extrabold.ufo\/glyphs\/uni00A_0.glif":"\/garthgraphicstd-extrabold.ufo\/glyphs\/uni00A_0.glif","\/garthgraphicstd-extrabold.ufo\/glyphs\/uni00A_D_.glif":"\/garthgraphicstd-extrabold.ufo\/glyphs\/uni00A_D_.glif","\/garthgraphicstd-extrabold.ufo\/glyphs\/uni02C_9.glif":"\/garthgraphicstd-extrabold.ufo\/glyphs\/uni02C_9.glif","\/garthgraphicstd-extrabold.ufo\/glyphs\/uni03A_9.glif":"\/garthgraphicstd-extrabold.ufo\/glyphs\/uni03A_9.glif","\/garthgraphicstd-extrabold.ufo\/glyphs\/uni03B_C_.glif":"\/garthgraphicstd-extrabold.ufo\/glyphs\/uni03B_C_.glif","\/garthgraphicstd-extrabold.ufo\/glyphs\/uni2010.glif":"\/garthgraphicstd-extrabold.ufo\/glyphs\/uni2010.glif","\/garthgraphicstd-extrabold.ufo\/glyphs\/uni2215.glif":"\/garthgraphicstd-extrabold.ufo\/glyphs\/uni2215.glif","\/garthgraphicstd-extrabold.ufo\/glyphs\/uni2219.glif":"\/garthgraphicstd-extrabold.ufo\/glyphs\/uni2219.glif","\/garthgraphicstd-extrabold.ufo\/glyphs\/v.glif":"\/garthgraphicstd-extrabold.ufo\/glyphs\/v.glif","\/garthgraphicstd-extrabold.ufo\/glyphs\/w.glif":"\/garthgraphicstd-extrabold.ufo\/glyphs\/w.glif","\/garthgraphicstd-extrabold.ufo\/glyphs\/x.glif":"\/garthgraphicstd-extrabold.ufo\/glyphs\/x.glif","\/garthgraphicstd-extrabold.ufo\/glyphs\/y.glif":"\/garthgraphicstd-extrabold.ufo\/glyphs\/y.glif","\/garthgraphicstd-extrabold.ufo\/glyphs\/yacute.glif":"\/garthgraphicstd-extrabold.ufo\/glyphs\/yacute.glif","\/garthgraphicstd-extrabold.ufo\/glyphs\/ydieresis.glif":"\/garthgraphicstd-extrabold.ufo\/glyphs\/ydieresis.glif","\/garthgraphicstd-extrabold.ufo\/glyphs\/yen.glif":"\/garthgraphicstd-extrabold.ufo\/glyphs\/yen.glif","\/garthgraphicstd-extrabold.ufo\/glyphs\/z.glif":"\/garthgraphicstd-extrabold.ufo\/glyphs\/z.glif","\/garthgraphicstd-extrabold.ufo\/glyphs\/zcaron.glif":"\/garthgraphicstd-extrabold.ufo\/glyphs\/zcaron.glif","\/garthgraphicstd-extrabold.ufo\/glyphs\/zero.glif":"\/garthgraphicstd-extrabold.ufo\/glyphs\/zero.glif"},"Font":{"uploaded":1475116385.6118,"licence":"gpl3","company":"Chronolabs Cooperative","title":"Garth Graphic Std Extra Bold","version":3.002,"date":"Sun Aug 28 07:54:25 2016","creator":"root","type":"1","matrix":"0.001 0 0 0.001 0 0","named":"GarthGraphicStd-ExtraBold","painttype":"0","info":"11 dict dup","name":"Garth Graphic Std Extra Bold","family":"Garth Graphic Std","weight":"ExtraBold","fstype":"4","italicangle":"0","underlineposition":"","underlinethickness":""},"Licences":{"":false},"Table":{"FFTM":{"entryLength":16,"tag":"FFTM","checksum":1947016178,"offset":36548,"length":28},"GDEF":{"entryLength":16,"tag":"GDEF","checksum":20185094,"offset":36516,"length":32},"OS\/2":{"entryLength":16,"tag":"OS\/2","checksum":2019376513,"offset":344,"length":86},"cmap":{"entryLength":16,"tag":"cmap","checksum":2221625369,"offset":1484,"length":702},"gasp":{"entryLength":16,"tag":"gasp","checksum":4294901763,"offset":36508,"length":8},"glyf":{"entryLength":16,"tag":"glyf","checksum":928357329,"offset":2716,"length":31720},"head":{"entryLength":16,"tag":"head","checksum":186439932,"offset":220,"length":54},"hhea":{"entryLength":16,"tag":"hhea","checksum":130810896,"offset":276,"length":36},"hmtx":{"entryLength":16,"tag":"hmtx","checksum":2481340011,"offset":432,"length":1052},"loca":{"entryLength":16,"tag":"loca","checksum":3142310406,"offset":2188,"length":528},"maxp":{"entryLength":16,"tag":"maxp","checksum":21954649,"offset":312,"length":32},"name":{"entryLength":16,"tag":"name","checksum":2389466203,"offset":34436,"length":1350},"post":{"entryLength":16,"tag":"post","checksum":3727984059,"offset":35788,"length":720}},"UnicodeCharMap":{"32":3,"33":4,"34":5,"35":6,"36":7,"37":8,"38":9,"39":10,"40":11,"41":12,"42":13,"43":14,"44":15,"45":16,"46":17,"47":18,"48":19,"49":20,"50":21,"51":22,"52":23,"53":24,"54":25,"55":26,"56":27,"57":28,"58":29,"59":30,"60":31,"61":32,"62":33,"63":34,"64":35,"65":36,"66":37,"67":38,"68":39,"69":40,"70":41,"71":42,"72":43,"73":44,"74":45,"75":46,"76":47,"77":48,"78":49,"79":50,"80":51,"81":52,"82":53,"83":54,"84":55,"85":56,"86":57,"87":58,"88":59,"89":60,"90":61,"91":62,"92":63,"93":64,"94":65,"95":66,"96":67,"97":68,"98":69,"99":70,"100":71,"101":72,"102":73,"103":74,"104":75,"105":76,"106":77,"107":78,"108":79,"109":80,"110":81,"111":82,"112":83,"113":84,"114":85,"115":86,"116":87,"117":88,"118":89,"119":90,"120":91,"121":92,"122":93,"123":94,"124":95,"125":96,"126":97,"160":98,"161":99,"162":100,"163":101,"164":102,"165":103,"166":104,"167":105,"168":106,"169":107,"170":108,"171":109,"172":110,"173":111,"174":112,"175":113,"176":114,"177":115,"178":116,"179":117,"180":118,"182":120,"183":121,"184":122,"185":123,"186":124,"187":125,"188":126,"189":127,"190":128,"191":129,"192":130,"193":131,"194":132,"195":133,"196":134,"197":135,"198":136,"199":137,"200":138,"201":139,"202":140,"203":141,"204":142,"205":143,"206":144,"207":145,"208":146,"209":147,"210":148,"211":149,"212":150,"213":151,"214":152,"215":153,"216":154,"217":155,"218":156,"219":157,"220":158,"221":159,"222":160,"223":161,"224":162,"225":163,"226":164,"227":165,"228":166,"229":167,"230":168,"231":169,"232":170,"233":171,"234":172,"235":173,"236":174,"237":175,"238":176,"239":177,"240":178,"241":179,"242":180,"243":181,"244":182,"245":183,"246":184,"247":185,"248":186,"249":187,"250":188,"251":189,"252":190,"253":191,"254":192,"255":193,"305":221,"321":219,"322":222,"338":220,"339":223,"352":226,"353":229,"376":227,"381":228,"382":230,"402":197,"710":210,"711":217,"713":255,"728":212,"729":213,"730":214,"731":216,"732":211,"733":215,"916":236,"937":257,"956":238,"960":239,"8208":262,"8211":201,"8212":218,"8216":195,"8217":194,"8218":205,"8220":198,"8221":207,"8222":206,"8224":202,"8225":203,"8226":204,"8230":208,"8240":209,"8249":199,"8250":200,"8260":196,"8364":240,"8467":241,"8482":224,"8494":242,"8706":243,"8719":244,"8721":245,"8722":225,"8725":256,"8729":246,"8730":247,"8734":248,"8747":249,"8776":250,"8800":251,"8804":252,"8805":253,"9674":254,"64257":260,"64258":261},"Reserves":{"fontname":"Garth Graphic Std Extra Bold"},"Names":{"Garth Graphic Std Extra Bold":{"name":"Garth Graphic Std Extra Bold","longitude":"0.00000001","latitude":"0.00000001","country":"","region":"","city":""}},"Nodes":{"ga":{"type":"typal","node":"ga","usage":1,"weight":1},"th":{"type":"typal","node":"th","usage":1,"weight":1},"gr":{"type":"typal","node":"gr","usage":1,"weight":1},"ic":{"type":"typal","node":"ic","usage":1,"weight":1},"st":{"type":"typal","node":"st","usage":1,"weight":1},"td":{"type":"typal","node":"td","usage":1,"weight":1},"ex":{"type":"typal","node":"ex","usage":1,"weight":1},"ra":{"type":"typal","node":"ra","usage":1,"weight":1},"bo":{"type":"typal","node":"bo","usage":1,"weight":1},"ld":{"type":"typal","node":"ld","usage":1,"weight":1},"gar":{"type":"typal","node":"gar","usage":1,"weight":1},"rth":{"type":"typal","node":"rth","usage":1,"weight":1},"gra":{"type":"typal","node":"gra","usage":1,"weight":1},"hic":{"type":"typal","node":"hic","usage":1,"weight":1},"ext":{"type":"typal","node":"ext","usage":1,"weight":1},"tra":{"type":"typal","node":"tra","usage":1,"weight":1},"bol":{"type":"typal","node":"bol","usage":1,"weight":1},"old":{"type":"typal","node":"old","usage":1,"weight":1},"gart":{"type":"keys","node":"gart","usage":1,"weight":1},"arth":{"type":"keys","node":"arth","usage":1,"weight":1},"grap":{"type":"keys","node":"grap","usage":1,"weight":1},"phic":{"type":"keys","node":"phic","usage":1,"weight":1},"extr":{"type":"keys","node":"extr","usage":1,"weight":1},"xtra":{"type":"keys","node":"xtra","usage":1,"weight":1},"graph":{"type":"keys","node":"graph","usage":1,"weight":1},"aphic":{"type":"keys","node":"aphic","usage":1,"weight":1},"garth":{"type":"fixes","node":"garth","usage":1,"weight":1},"graphic":{"type":"fixes","node":"graphic","usage":1,"weight":1},"std":{"type":"fixes","node":"std","usage":1,"weight":1},"extra":{"type":"fixes","node":"extra","usage":1,"weight":1},"bold":{"type":"fixes","node":"bold","usage":1,"weight":1}},"Contributors":[],"FontIdentity":"thatcher0:826f5524da579a8ddbfab1","Bytes":null,"Networking":[],"barcode":"12wogycekyamgo","referee":"umcu2qgw"}