{"CSS":{"ITC Garamond Std Bold Condensed":"labscoop:3039145b735f9b463a8b03e.css"},"FontType":"TrueType","FontCopyright":"Copyright 1994, 2001, 2002 Adobe Systems Incorporated. All rights reserved. ITC is a trademark of International Typeface Corporation registered in the U.S. Patent and Trademark Office and may be registered in certain other jurisdictions.","FontName":"ITC Garamond Std Bold Condensed","FontSubfamily":"BdCond","FontSubfamilyID":"FontForge 2.0 : ITC Garamond Std Bold Condensed : 12-8-2016","FontFullName":"ITC Garamond Std Bold Condensed","FontVersion":"Version 002.000 ","FontWeight":null,"FontPostscriptName":"ITCGaramondStd-BdCond","Files":{"\/ITC Garamond Std Bold Condensed.css":"\/ITC Garamond Std Bold Condensed.css","\/font-resource.json":"\/font-resource.json","\/itcgaramondstd-bdcond.afm":"\/itcgaramondstd-bdcond.afm","\/itcgaramondstd-bdcond.cef":"\/itcgaramondstd-bdcond.cef","\/itcgaramondstd-bdcond.cff":"\/itcgaramondstd-bdcond.cff","\/itcgaramondstd-bdcond.eot":"\/itcgaramondstd-bdcond.eot","\/itcgaramondstd-bdcond.gai":"\/itcgaramondstd-bdcond.gai","\/itcgaramondstd-bdcond.gsf":"\/itcgaramondstd-bdcond.gsf","\/itcgaramondstd-bdcond.otf":"\/itcgaramondstd-bdcond.otf","\/itcgaramondstd-bdcond.pf3":"\/itcgaramondstd-bdcond.pf3","\/itcgaramondstd-bdcond.pfa":"\/itcgaramondstd-bdcond.pfa","\/itcgaramondstd-bdcond.pfb":"\/itcgaramondstd-bdcond.pfb","\/itcgaramondstd-bdcond.php":"\/itcgaramondstd-bdcond.php","\/itcgaramondstd-bdcond.pt3":"\/itcgaramondstd-bdcond.pt3","\/itcgaramondstd-bdcond.sfd":"\/itcgaramondstd-bdcond.sfd","\/itcgaramondstd-bdcond.svg":"\/itcgaramondstd-bdcond.svg","\/itcgaramondstd-bdcond.t42":"\/itcgaramondstd-bdcond.t42","\/itcgaramondstd-bdcond.ttd":"\/itcgaramondstd-bdcond.ttd","\/itcgaramondstd-bdcond.ttf":"\/itcgaramondstd-bdcond.ttf","\/itcgaramondstd-bdcond.ttg":"\/itcgaramondstd-bdcond.ttg","\/itcgaramondstd-bdcond.ufm":"\/itcgaramondstd-bdcond.ufm","\/itcgaramondstd-bdcond.woff":"\/itcgaramondstd-bdcond.woff","\/itcgaramondstd-bdcond.z":"\/itcgaramondstd-bdcond.z","\/itcgaramondstd-bdcond.ufo\/feature.fea":"\/itcgaramondstd-bdcond.ufo\/feature.fea","\/itcgaramondstd-bdcond.ufo\/fontinfo.plist":"\/itcgaramondstd-bdcond.ufo\/fontinfo.plist","\/itcgaramondstd-bdcond.ufo\/groups.plist":"\/itcgaramondstd-bdcond.ufo\/groups.plist","\/itcgaramondstd-bdcond.ufo\/kerning.plist":"\/itcgaramondstd-bdcond.ufo\/kerning.plist","\/itcgaramondstd-bdcond.ufo\/metainfo.plist":"\/itcgaramondstd-bdcond.ufo\/metainfo.plist","\/itcgaramondstd-bdcond.ufo\/glyphs\/A_.glif":"\/itcgaramondstd-bdcond.ufo\/glyphs\/A_.glif","\/itcgaramondstd-bdcond.ufo\/glyphs\/A_E_.glif":"\/itcgaramondstd-bdcond.ufo\/glyphs\/A_E_.glif","\/itcgaramondstd-bdcond.ufo\/glyphs\/A_acute.glif":"\/itcgaramondstd-bdcond.ufo\/glyphs\/A_acute.glif","\/itcgaramondstd-bdcond.ufo\/glyphs\/A_circumflex.glif":"\/itcgaramondstd-bdcond.ufo\/glyphs\/A_circumflex.glif","\/itcgaramondstd-bdcond.ufo\/glyphs\/A_dieresis.glif":"\/itcgaramondstd-bdcond.ufo\/glyphs\/A_dieresis.glif","\/itcgaramondstd-bdcond.ufo\/glyphs\/A_grave.glif":"\/itcgaramondstd-bdcond.ufo\/glyphs\/A_grave.glif","\/itcgaramondstd-bdcond.ufo\/glyphs\/A_ring.glif":"\/itcgaramondstd-bdcond.ufo\/glyphs\/A_ring.glif","\/itcgaramondstd-bdcond.ufo\/glyphs\/A_tilde.glif":"\/itcgaramondstd-bdcond.ufo\/glyphs\/A_tilde.glif","\/itcgaramondstd-bdcond.ufo\/glyphs\/B_.glif":"\/itcgaramondstd-bdcond.ufo\/glyphs\/B_.glif","\/itcgaramondstd-bdcond.ufo\/glyphs\/C_.glif":"\/itcgaramondstd-bdcond.ufo\/glyphs\/C_.glif","\/itcgaramondstd-bdcond.ufo\/glyphs\/C_cedilla.glif":"\/itcgaramondstd-bdcond.ufo\/glyphs\/C_cedilla.glif","\/itcgaramondstd-bdcond.ufo\/glyphs\/D_.glif":"\/itcgaramondstd-bdcond.ufo\/glyphs\/D_.glif","\/itcgaramondstd-bdcond.ufo\/glyphs\/E_.glif":"\/itcgaramondstd-bdcond.ufo\/glyphs\/E_.glif","\/itcgaramondstd-bdcond.ufo\/glyphs\/E_acute.glif":"\/itcgaramondstd-bdcond.ufo\/glyphs\/E_acute.glif","\/itcgaramondstd-bdcond.ufo\/glyphs\/E_circumflex.glif":"\/itcgaramondstd-bdcond.ufo\/glyphs\/E_circumflex.glif","\/itcgaramondstd-bdcond.ufo\/glyphs\/E_dieresis.glif":"\/itcgaramondstd-bdcond.ufo\/glyphs\/E_dieresis.glif","\/itcgaramondstd-bdcond.ufo\/glyphs\/E_grave.glif":"\/itcgaramondstd-bdcond.ufo\/glyphs\/E_grave.glif","\/itcgaramondstd-bdcond.ufo\/glyphs\/E_th.glif":"\/itcgaramondstd-bdcond.ufo\/glyphs\/E_th.glif","\/itcgaramondstd-bdcond.ufo\/glyphs\/E_uro.glif":"\/itcgaramondstd-bdcond.ufo\/glyphs\/E_uro.glif","\/itcgaramondstd-bdcond.ufo\/glyphs\/F_.glif":"\/itcgaramondstd-bdcond.ufo\/glyphs\/F_.glif","\/itcgaramondstd-bdcond.ufo\/glyphs\/G_.glif":"\/itcgaramondstd-bdcond.ufo\/glyphs\/G_.glif","\/itcgaramondstd-bdcond.ufo\/glyphs\/H_.glif":"\/itcgaramondstd-bdcond.ufo\/glyphs\/H_.glif","\/itcgaramondstd-bdcond.ufo\/glyphs\/I_.glif":"\/itcgaramondstd-bdcond.ufo\/glyphs\/I_.glif","\/itcgaramondstd-bdcond.ufo\/glyphs\/I_acute.glif":"\/itcgaramondstd-bdcond.ufo\/glyphs\/I_acute.glif","\/itcgaramondstd-bdcond.ufo\/glyphs\/I_circumflex.glif":"\/itcgaramondstd-bdcond.ufo\/glyphs\/I_circumflex.glif","\/itcgaramondstd-bdcond.ufo\/glyphs\/I_dieresis.glif":"\/itcgaramondstd-bdcond.ufo\/glyphs\/I_dieresis.glif","\/itcgaramondstd-bdcond.ufo\/glyphs\/I_grave.glif":"\/itcgaramondstd-bdcond.ufo\/glyphs\/I_grave.glif","\/itcgaramondstd-bdcond.ufo\/glyphs\/J_.glif":"\/itcgaramondstd-bdcond.ufo\/glyphs\/J_.glif","\/itcgaramondstd-bdcond.ufo\/glyphs\/K_.glif":"\/itcgaramondstd-bdcond.ufo\/glyphs\/K_.glif","\/itcgaramondstd-bdcond.ufo\/glyphs\/L_.glif":"\/itcgaramondstd-bdcond.ufo\/glyphs\/L_.glif","\/itcgaramondstd-bdcond.ufo\/glyphs\/L_slash.glif":"\/itcgaramondstd-bdcond.ufo\/glyphs\/L_slash.glif","\/itcgaramondstd-bdcond.ufo\/glyphs\/M_.glif":"\/itcgaramondstd-bdcond.ufo\/glyphs\/M_.glif","\/itcgaramondstd-bdcond.ufo\/glyphs\/N_.glif":"\/itcgaramondstd-bdcond.ufo\/glyphs\/N_.glif","\/itcgaramondstd-bdcond.ufo\/glyphs\/N_tilde.glif":"\/itcgaramondstd-bdcond.ufo\/glyphs\/N_tilde.glif","\/itcgaramondstd-bdcond.ufo\/glyphs\/O_.glif":"\/itcgaramondstd-bdcond.ufo\/glyphs\/O_.glif","\/itcgaramondstd-bdcond.ufo\/glyphs\/O_E_.glif":"\/itcgaramondstd-bdcond.ufo\/glyphs\/O_E_.glif","\/itcgaramondstd-bdcond.ufo\/glyphs\/O_acute.glif":"\/itcgaramondstd-bdcond.ufo\/glyphs\/O_acute.glif","\/itcgaramondstd-bdcond.ufo\/glyphs\/O_circumflex.glif":"\/itcgaramondstd-bdcond.ufo\/glyphs\/O_circumflex.glif","\/itcgaramondstd-bdcond.ufo\/glyphs\/O_dieresis.glif":"\/itcgaramondstd-bdcond.ufo\/glyphs\/O_dieresis.glif","\/itcgaramondstd-bdcond.ufo\/glyphs\/O_grave.glif":"\/itcgaramondstd-bdcond.ufo\/glyphs\/O_grave.glif","\/itcgaramondstd-bdcond.ufo\/glyphs\/O_mega.glif":"\/itcgaramondstd-bdcond.ufo\/glyphs\/O_mega.glif","\/itcgaramondstd-bdcond.ufo\/glyphs\/O_slash.glif":"\/itcgaramondstd-bdcond.ufo\/glyphs\/O_slash.glif","\/itcgaramondstd-bdcond.ufo\/glyphs\/O_tilde.glif":"\/itcgaramondstd-bdcond.ufo\/glyphs\/O_tilde.glif","\/itcgaramondstd-bdcond.ufo\/glyphs\/P_.glif":"\/itcgaramondstd-bdcond.ufo\/glyphs\/P_.glif","\/itcgaramondstd-bdcond.ufo\/glyphs\/Q_.glif":"\/itcgaramondstd-bdcond.ufo\/glyphs\/Q_.glif","\/itcgaramondstd-bdcond.ufo\/glyphs\/R_.glif":"\/itcgaramondstd-bdcond.ufo\/glyphs\/R_.glif","\/itcgaramondstd-bdcond.ufo\/glyphs\/S_.glif":"\/itcgaramondstd-bdcond.ufo\/glyphs\/S_.glif","\/itcgaramondstd-bdcond.ufo\/glyphs\/S_caron.glif":"\/itcgaramondstd-bdcond.ufo\/glyphs\/S_caron.glif","\/itcgaramondstd-bdcond.ufo\/glyphs\/T_.glif":"\/itcgaramondstd-bdcond.ufo\/glyphs\/T_.glif","\/itcgaramondstd-bdcond.ufo\/glyphs\/T_horn.glif":"\/itcgaramondstd-bdcond.ufo\/glyphs\/T_horn.glif","\/itcgaramondstd-bdcond.ufo\/glyphs\/U_.glif":"\/itcgaramondstd-bdcond.ufo\/glyphs\/U_.glif","\/itcgaramondstd-bdcond.ufo\/glyphs\/U_acute.glif":"\/itcgaramondstd-bdcond.ufo\/glyphs\/U_acute.glif","\/itcgaramondstd-bdcond.ufo\/glyphs\/U_circumflex.glif":"\/itcgaramondstd-bdcond.ufo\/glyphs\/U_circumflex.glif","\/itcgaramondstd-bdcond.ufo\/glyphs\/U_dieresis.glif":"\/itcgaramondstd-bdcond.ufo\/glyphs\/U_dieresis.glif","\/itcgaramondstd-bdcond.ufo\/glyphs\/U_grave.glif":"\/itcgaramondstd-bdcond.ufo\/glyphs\/U_grave.glif","\/itcgaramondstd-bdcond.ufo\/glyphs\/V_.glif":"\/itcgaramondstd-bdcond.ufo\/glyphs\/V_.glif","\/itcgaramondstd-bdcond.ufo\/glyphs\/W_.glif":"\/itcgaramondstd-bdcond.ufo\/glyphs\/W_.glif","\/itcgaramondstd-bdcond.ufo\/glyphs\/X_.glif":"\/itcgaramondstd-bdcond.ufo\/glyphs\/X_.glif","\/itcgaramondstd-bdcond.ufo\/glyphs\/Y_.glif":"\/itcgaramondstd-bdcond.ufo\/glyphs\/Y_.glif","\/itcgaramondstd-bdcond.ufo\/glyphs\/Y_acute.glif":"\/itcgaramondstd-bdcond.ufo\/glyphs\/Y_acute.glif","\/itcgaramondstd-bdcond.ufo\/glyphs\/Y_dieresis.glif":"\/itcgaramondstd-bdcond.ufo\/glyphs\/Y_dieresis.glif","\/itcgaramondstd-bdcond.ufo\/glyphs\/Z_.glif":"\/itcgaramondstd-bdcond.ufo\/glyphs\/Z_.glif","\/itcgaramondstd-bdcond.ufo\/glyphs\/Z_caron.glif":"\/itcgaramondstd-bdcond.ufo\/glyphs\/Z_caron.glif","\/itcgaramondstd-bdcond.ufo\/glyphs\/_notdef.glif":"\/itcgaramondstd-bdcond.ufo\/glyphs\/_notdef.glif","\/itcgaramondstd-bdcond.ufo\/glyphs\/a.glif":"\/itcgaramondstd-bdcond.ufo\/glyphs\/a.glif","\/itcgaramondstd-bdcond.ufo\/glyphs\/a.superior.glif":"\/itcgaramondstd-bdcond.ufo\/glyphs\/a.superior.glif","\/itcgaramondstd-bdcond.ufo\/glyphs\/aacute.glif":"\/itcgaramondstd-bdcond.ufo\/glyphs\/aacute.glif","\/itcgaramondstd-bdcond.ufo\/glyphs\/acircumflex.glif":"\/itcgaramondstd-bdcond.ufo\/glyphs\/acircumflex.glif","\/itcgaramondstd-bdcond.ufo\/glyphs\/acute.glif":"\/itcgaramondstd-bdcond.ufo\/glyphs\/acute.glif","\/itcgaramondstd-bdcond.ufo\/glyphs\/adieresis.glif":"\/itcgaramondstd-bdcond.ufo\/glyphs\/adieresis.glif","\/itcgaramondstd-bdcond.ufo\/glyphs\/ae.glif":"\/itcgaramondstd-bdcond.ufo\/glyphs\/ae.glif","\/itcgaramondstd-bdcond.ufo\/glyphs\/afii61289.glif":"\/itcgaramondstd-bdcond.ufo\/glyphs\/afii61289.glif","\/itcgaramondstd-bdcond.ufo\/glyphs\/agrave.glif":"\/itcgaramondstd-bdcond.ufo\/glyphs\/agrave.glif","\/itcgaramondstd-bdcond.ufo\/glyphs\/ampersand.glif":"\/itcgaramondstd-bdcond.ufo\/glyphs\/ampersand.glif","\/itcgaramondstd-bdcond.ufo\/glyphs\/approxequal.glif":"\/itcgaramondstd-bdcond.ufo\/glyphs\/approxequal.glif","\/itcgaramondstd-bdcond.ufo\/glyphs\/aring.glif":"\/itcgaramondstd-bdcond.ufo\/glyphs\/aring.glif","\/itcgaramondstd-bdcond.ufo\/glyphs\/asciicircum.glif":"\/itcgaramondstd-bdcond.ufo\/glyphs\/asciicircum.glif","\/itcgaramondstd-bdcond.ufo\/glyphs\/asciitilde.glif":"\/itcgaramondstd-bdcond.ufo\/glyphs\/asciitilde.glif","\/itcgaramondstd-bdcond.ufo\/glyphs\/asterisk.glif":"\/itcgaramondstd-bdcond.ufo\/glyphs\/asterisk.glif","\/itcgaramondstd-bdcond.ufo\/glyphs\/at.glif":"\/itcgaramondstd-bdcond.ufo\/glyphs\/at.glif","\/itcgaramondstd-bdcond.ufo\/glyphs\/atilde.glif":"\/itcgaramondstd-bdcond.ufo\/glyphs\/atilde.glif","\/itcgaramondstd-bdcond.ufo\/glyphs\/b.glif":"\/itcgaramondstd-bdcond.ufo\/glyphs\/b.glif","\/itcgaramondstd-bdcond.ufo\/glyphs\/backslash.glif":"\/itcgaramondstd-bdcond.ufo\/glyphs\/backslash.glif","\/itcgaramondstd-bdcond.ufo\/glyphs\/bar.glif":"\/itcgaramondstd-bdcond.ufo\/glyphs\/bar.glif","\/itcgaramondstd-bdcond.ufo\/glyphs\/braceleft.glif":"\/itcgaramondstd-bdcond.ufo\/glyphs\/braceleft.glif","\/itcgaramondstd-bdcond.ufo\/glyphs\/braceright.glif":"\/itcgaramondstd-bdcond.ufo\/glyphs\/braceright.glif","\/itcgaramondstd-bdcond.ufo\/glyphs\/bracketleft.glif":"\/itcgaramondstd-bdcond.ufo\/glyphs\/bracketleft.glif","\/itcgaramondstd-bdcond.ufo\/glyphs\/bracketright.glif":"\/itcgaramondstd-bdcond.ufo\/glyphs\/bracketright.glif","\/itcgaramondstd-bdcond.ufo\/glyphs\/breve.glif":"\/itcgaramondstd-bdcond.ufo\/glyphs\/breve.glif","\/itcgaramondstd-bdcond.ufo\/glyphs\/brokenbar.glif":"\/itcgaramondstd-bdcond.ufo\/glyphs\/brokenbar.glif","\/itcgaramondstd-bdcond.ufo\/glyphs\/bullet.glif":"\/itcgaramondstd-bdcond.ufo\/glyphs\/bullet.glif","\/itcgaramondstd-bdcond.ufo\/glyphs\/c.glif":"\/itcgaramondstd-bdcond.ufo\/glyphs\/c.glif","\/itcgaramondstd-bdcond.ufo\/glyphs\/caron.glif":"\/itcgaramondstd-bdcond.ufo\/glyphs\/caron.glif","\/itcgaramondstd-bdcond.ufo\/glyphs\/ccedilla.glif":"\/itcgaramondstd-bdcond.ufo\/glyphs\/ccedilla.glif","\/itcgaramondstd-bdcond.ufo\/glyphs\/cedilla.glif":"\/itcgaramondstd-bdcond.ufo\/glyphs\/cedilla.glif","\/itcgaramondstd-bdcond.ufo\/glyphs\/cent.glif":"\/itcgaramondstd-bdcond.ufo\/glyphs\/cent.glif","\/itcgaramondstd-bdcond.ufo\/glyphs\/circumflex.glif":"\/itcgaramondstd-bdcond.ufo\/glyphs\/circumflex.glif","\/itcgaramondstd-bdcond.ufo\/glyphs\/colon.glif":"\/itcgaramondstd-bdcond.ufo\/glyphs\/colon.glif","\/itcgaramondstd-bdcond.ufo\/glyphs\/comma.glif":"\/itcgaramondstd-bdcond.ufo\/glyphs\/comma.glif","\/itcgaramondstd-bdcond.ufo\/glyphs\/contents.plist":"\/itcgaramondstd-bdcond.ufo\/glyphs\/contents.plist","\/itcgaramondstd-bdcond.ufo\/glyphs\/copyright.glif":"\/itcgaramondstd-bdcond.ufo\/glyphs\/copyright.glif","\/itcgaramondstd-bdcond.ufo\/glyphs\/currency.glif":"\/itcgaramondstd-bdcond.ufo\/glyphs\/currency.glif","\/itcgaramondstd-bdcond.ufo\/glyphs\/d.glif":"\/itcgaramondstd-bdcond.ufo\/glyphs\/d.glif","\/itcgaramondstd-bdcond.ufo\/glyphs\/dagger.glif":"\/itcgaramondstd-bdcond.ufo\/glyphs\/dagger.glif","\/itcgaramondstd-bdcond.ufo\/glyphs\/daggerdbl.glif":"\/itcgaramondstd-bdcond.ufo\/glyphs\/daggerdbl.glif","\/itcgaramondstd-bdcond.ufo\/glyphs\/degree.glif":"\/itcgaramondstd-bdcond.ufo\/glyphs\/degree.glif","\/itcgaramondstd-bdcond.ufo\/glyphs\/dieresis.glif":"\/itcgaramondstd-bdcond.ufo\/glyphs\/dieresis.glif","\/itcgaramondstd-bdcond.ufo\/glyphs\/divide.glif":"\/itcgaramondstd-bdcond.ufo\/glyphs\/divide.glif","\/itcgaramondstd-bdcond.ufo\/glyphs\/dollar.glif":"\/itcgaramondstd-bdcond.ufo\/glyphs\/dollar.glif","\/itcgaramondstd-bdcond.ufo\/glyphs\/dotaccent.glif":"\/itcgaramondstd-bdcond.ufo\/glyphs\/dotaccent.glif","\/itcgaramondstd-bdcond.ufo\/glyphs\/dotlessi.glif":"\/itcgaramondstd-bdcond.ufo\/glyphs\/dotlessi.glif","\/itcgaramondstd-bdcond.ufo\/glyphs\/e.glif":"\/itcgaramondstd-bdcond.ufo\/glyphs\/e.glif","\/itcgaramondstd-bdcond.ufo\/glyphs\/eacute.glif":"\/itcgaramondstd-bdcond.ufo\/glyphs\/eacute.glif","\/itcgaramondstd-bdcond.ufo\/glyphs\/ecircumflex.glif":"\/itcgaramondstd-bdcond.ufo\/glyphs\/ecircumflex.glif","\/itcgaramondstd-bdcond.ufo\/glyphs\/edieresis.glif":"\/itcgaramondstd-bdcond.ufo\/glyphs\/edieresis.glif","\/itcgaramondstd-bdcond.ufo\/glyphs\/egrave.glif":"\/itcgaramondstd-bdcond.ufo\/glyphs\/egrave.glif","\/itcgaramondstd-bdcond.ufo\/glyphs\/eight.glif":"\/itcgaramondstd-bdcond.ufo\/glyphs\/eight.glif","\/itcgaramondstd-bdcond.ufo\/glyphs\/ellipsis.glif":"\/itcgaramondstd-bdcond.ufo\/glyphs\/ellipsis.glif","\/itcgaramondstd-bdcond.ufo\/glyphs\/emdash.glif":"\/itcgaramondstd-bdcond.ufo\/glyphs\/emdash.glif","\/itcgaramondstd-bdcond.ufo\/glyphs\/endash.glif":"\/itcgaramondstd-bdcond.ufo\/glyphs\/endash.glif","\/itcgaramondstd-bdcond.ufo\/glyphs\/equal.glif":"\/itcgaramondstd-bdcond.ufo\/glyphs\/equal.glif","\/itcgaramondstd-bdcond.ufo\/glyphs\/estimated.glif":"\/itcgaramondstd-bdcond.ufo\/glyphs\/estimated.glif","\/itcgaramondstd-bdcond.ufo\/glyphs\/eth.glif":"\/itcgaramondstd-bdcond.ufo\/glyphs\/eth.glif","\/itcgaramondstd-bdcond.ufo\/glyphs\/exclam.glif":"\/itcgaramondstd-bdcond.ufo\/glyphs\/exclam.glif","\/itcgaramondstd-bdcond.ufo\/glyphs\/exclamdown.glif":"\/itcgaramondstd-bdcond.ufo\/glyphs\/exclamdown.glif","\/itcgaramondstd-bdcond.ufo\/glyphs\/f.glif":"\/itcgaramondstd-bdcond.ufo\/glyphs\/f.glif","\/itcgaramondstd-bdcond.ufo\/glyphs\/f_i.glif":"\/itcgaramondstd-bdcond.ufo\/glyphs\/f_i.glif","\/itcgaramondstd-bdcond.ufo\/glyphs\/f_l.glif":"\/itcgaramondstd-bdcond.ufo\/glyphs\/f_l.glif","\/itcgaramondstd-bdcond.ufo\/glyphs\/fi.glif":"\/itcgaramondstd-bdcond.ufo\/glyphs\/fi.glif","\/itcgaramondstd-bdcond.ufo\/glyphs\/five.glif":"\/itcgaramondstd-bdcond.ufo\/glyphs\/five.glif","\/itcgaramondstd-bdcond.ufo\/glyphs\/fl.glif":"\/itcgaramondstd-bdcond.ufo\/glyphs\/fl.glif","\/itcgaramondstd-bdcond.ufo\/glyphs\/florin.glif":"\/itcgaramondstd-bdcond.ufo\/glyphs\/florin.glif","\/itcgaramondstd-bdcond.ufo\/glyphs\/four.glif":"\/itcgaramondstd-bdcond.ufo\/glyphs\/four.glif","\/itcgaramondstd-bdcond.ufo\/glyphs\/fraction.glif":"\/itcgaramondstd-bdcond.ufo\/glyphs\/fraction.glif","\/itcgaramondstd-bdcond.ufo\/glyphs\/g.glif":"\/itcgaramondstd-bdcond.ufo\/glyphs\/g.glif","\/itcgaramondstd-bdcond.ufo\/glyphs\/germandbls.glif":"\/itcgaramondstd-bdcond.ufo\/glyphs\/germandbls.glif","\/itcgaramondstd-bdcond.ufo\/glyphs\/grave.glif":"\/itcgaramondstd-bdcond.ufo\/glyphs\/grave.glif","\/itcgaramondstd-bdcond.ufo\/glyphs\/greater.glif":"\/itcgaramondstd-bdcond.ufo\/glyphs\/greater.glif","\/itcgaramondstd-bdcond.ufo\/glyphs\/greaterequal.glif":"\/itcgaramondstd-bdcond.ufo\/glyphs\/greaterequal.glif","\/itcgaramondstd-bdcond.ufo\/glyphs\/guillemotleft.glif":"\/itcgaramondstd-bdcond.ufo\/glyphs\/guillemotleft.glif","\/itcgaramondstd-bdcond.ufo\/glyphs\/guillemotright.glif":"\/itcgaramondstd-bdcond.ufo\/glyphs\/guillemotright.glif","\/itcgaramondstd-bdcond.ufo\/glyphs\/guilsinglleft.glif":"\/itcgaramondstd-bdcond.ufo\/glyphs\/guilsinglleft.glif","\/itcgaramondstd-bdcond.ufo\/glyphs\/guilsinglright.glif":"\/itcgaramondstd-bdcond.ufo\/glyphs\/guilsinglright.glif","\/itcgaramondstd-bdcond.ufo\/glyphs\/h.glif":"\/itcgaramondstd-bdcond.ufo\/glyphs\/h.glif","\/itcgaramondstd-bdcond.ufo\/glyphs\/hungarumlaut.glif":"\/itcgaramondstd-bdcond.ufo\/glyphs\/hungarumlaut.glif","\/itcgaramondstd-bdcond.ufo\/glyphs\/hyphen.glif":"\/itcgaramondstd-bdcond.ufo\/glyphs\/hyphen.glif","\/itcgaramondstd-bdcond.ufo\/glyphs\/i.glif":"\/itcgaramondstd-bdcond.ufo\/glyphs\/i.glif","\/itcgaramondstd-bdcond.ufo\/glyphs\/iacute.glif":"\/itcgaramondstd-bdcond.ufo\/glyphs\/iacute.glif","\/itcgaramondstd-bdcond.ufo\/glyphs\/icircumflex.glif":"\/itcgaramondstd-bdcond.ufo\/glyphs\/icircumflex.glif","\/itcgaramondstd-bdcond.ufo\/glyphs\/idieresis.glif":"\/itcgaramondstd-bdcond.ufo\/glyphs\/idieresis.glif","\/itcgaramondstd-bdcond.ufo\/glyphs\/igrave.glif":"\/itcgaramondstd-bdcond.ufo\/glyphs\/igrave.glif","\/itcgaramondstd-bdcond.ufo\/glyphs\/infinity.glif":"\/itcgaramondstd-bdcond.ufo\/glyphs\/infinity.glif","\/itcgaramondstd-bdcond.ufo\/glyphs\/integral.glif":"\/itcgaramondstd-bdcond.ufo\/glyphs\/integral.glif","\/itcgaramondstd-bdcond.ufo\/glyphs\/j.glif":"\/itcgaramondstd-bdcond.ufo\/glyphs\/j.glif","\/itcgaramondstd-bdcond.ufo\/glyphs\/k.glif":"\/itcgaramondstd-bdcond.ufo\/glyphs\/k.glif","\/itcgaramondstd-bdcond.ufo\/glyphs\/l.glif":"\/itcgaramondstd-bdcond.ufo\/glyphs\/l.glif","\/itcgaramondstd-bdcond.ufo\/glyphs\/less.glif":"\/itcgaramondstd-bdcond.ufo\/glyphs\/less.glif","\/itcgaramondstd-bdcond.ufo\/glyphs\/lessequal.glif":"\/itcgaramondstd-bdcond.ufo\/glyphs\/lessequal.glif","\/itcgaramondstd-bdcond.ufo\/glyphs\/logicalnot.glif":"\/itcgaramondstd-bdcond.ufo\/glyphs\/logicalnot.glif","\/itcgaramondstd-bdcond.ufo\/glyphs\/lozenge.glif":"\/itcgaramondstd-bdcond.ufo\/glyphs\/lozenge.glif","\/itcgaramondstd-bdcond.ufo\/glyphs\/lslash.glif":"\/itcgaramondstd-bdcond.ufo\/glyphs\/lslash.glif","\/itcgaramondstd-bdcond.ufo\/glyphs\/m.glif":"\/itcgaramondstd-bdcond.ufo\/glyphs\/m.glif","\/itcgaramondstd-bdcond.ufo\/glyphs\/macron.glif":"\/itcgaramondstd-bdcond.ufo\/glyphs\/macron.glif","\/itcgaramondstd-bdcond.ufo\/glyphs\/minus.glif":"\/itcgaramondstd-bdcond.ufo\/glyphs\/minus.glif","\/itcgaramondstd-bdcond.ufo\/glyphs\/mu.glif":"\/itcgaramondstd-bdcond.ufo\/glyphs\/mu.glif","\/itcgaramondstd-bdcond.ufo\/glyphs\/multiply.glif":"\/itcgaramondstd-bdcond.ufo\/glyphs\/multiply.glif","\/itcgaramondstd-bdcond.ufo\/glyphs\/n.glif":"\/itcgaramondstd-bdcond.ufo\/glyphs\/n.glif","\/itcgaramondstd-bdcond.ufo\/glyphs\/nine.glif":"\/itcgaramondstd-bdcond.ufo\/glyphs\/nine.glif","\/itcgaramondstd-bdcond.ufo\/glyphs\/notequal.glif":"\/itcgaramondstd-bdcond.ufo\/glyphs\/notequal.glif","\/itcgaramondstd-bdcond.ufo\/glyphs\/ntilde.glif":"\/itcgaramondstd-bdcond.ufo\/glyphs\/ntilde.glif","\/itcgaramondstd-bdcond.ufo\/glyphs\/numbersign.glif":"\/itcgaramondstd-bdcond.ufo\/glyphs\/numbersign.glif","\/itcgaramondstd-bdcond.ufo\/glyphs\/o.glif":"\/itcgaramondstd-bdcond.ufo\/glyphs\/o.glif","\/itcgaramondstd-bdcond.ufo\/glyphs\/o.superior.glif":"\/itcgaramondstd-bdcond.ufo\/glyphs\/o.superior.glif","\/itcgaramondstd-bdcond.ufo\/glyphs\/oacute.glif":"\/itcgaramondstd-bdcond.ufo\/glyphs\/oacute.glif","\/itcgaramondstd-bdcond.ufo\/glyphs\/ocircumflex.glif":"\/itcgaramondstd-bdcond.ufo\/glyphs\/ocircumflex.glif","\/itcgaramondstd-bdcond.ufo\/glyphs\/odieresis.glif":"\/itcgaramondstd-bdcond.ufo\/glyphs\/odieresis.glif","\/itcgaramondstd-bdcond.ufo\/glyphs\/oe.glif":"\/itcgaramondstd-bdcond.ufo\/glyphs\/oe.glif","\/itcgaramondstd-bdcond.ufo\/glyphs\/ogonek.glif":"\/itcgaramondstd-bdcond.ufo\/glyphs\/ogonek.glif","\/itcgaramondstd-bdcond.ufo\/glyphs\/ograve.glif":"\/itcgaramondstd-bdcond.ufo\/glyphs\/ograve.glif","\/itcgaramondstd-bdcond.ufo\/glyphs\/one.glif":"\/itcgaramondstd-bdcond.ufo\/glyphs\/one.glif","\/itcgaramondstd-bdcond.ufo\/glyphs\/one.superior.glif":"\/itcgaramondstd-bdcond.ufo\/glyphs\/one.superior.glif","\/itcgaramondstd-bdcond.ufo\/glyphs\/onehalf.glif":"\/itcgaramondstd-bdcond.ufo\/glyphs\/onehalf.glif","\/itcgaramondstd-bdcond.ufo\/glyphs\/onequarter.glif":"\/itcgaramondstd-bdcond.ufo\/glyphs\/onequarter.glif","\/itcgaramondstd-bdcond.ufo\/glyphs\/onesuperior.glif":"\/itcgaramondstd-bdcond.ufo\/glyphs\/onesuperior.glif","\/itcgaramondstd-bdcond.ufo\/glyphs\/ordfeminine.glif":"\/itcgaramondstd-bdcond.ufo\/glyphs\/ordfeminine.glif","\/itcgaramondstd-bdcond.ufo\/glyphs\/ordmasculine.glif":"\/itcgaramondstd-bdcond.ufo\/glyphs\/ordmasculine.glif","\/itcgaramondstd-bdcond.ufo\/glyphs\/oslash.glif":"\/itcgaramondstd-bdcond.ufo\/glyphs\/oslash.glif","\/itcgaramondstd-bdcond.ufo\/glyphs\/otilde.glif":"\/itcgaramondstd-bdcond.ufo\/glyphs\/otilde.glif","\/itcgaramondstd-bdcond.ufo\/glyphs\/p.glif":"\/itcgaramondstd-bdcond.ufo\/glyphs\/p.glif","\/itcgaramondstd-bdcond.ufo\/glyphs\/paragraph.glif":"\/itcgaramondstd-bdcond.ufo\/glyphs\/paragraph.glif","\/itcgaramondstd-bdcond.ufo\/glyphs\/parenleft.glif":"\/itcgaramondstd-bdcond.ufo\/glyphs\/parenleft.glif","\/itcgaramondstd-bdcond.ufo\/glyphs\/parenright.glif":"\/itcgaramondstd-bdcond.ufo\/glyphs\/parenright.glif","\/itcgaramondstd-bdcond.ufo\/glyphs\/partialdiff.glif":"\/itcgaramondstd-bdcond.ufo\/glyphs\/partialdiff.glif","\/itcgaramondstd-bdcond.ufo\/glyphs\/percent.glif":"\/itcgaramondstd-bdcond.ufo\/glyphs\/percent.glif","\/itcgaramondstd-bdcond.ufo\/glyphs\/period.glif":"\/itcgaramondstd-bdcond.ufo\/glyphs\/period.glif","\/itcgaramondstd-bdcond.ufo\/glyphs\/periodcentered.glif":"\/itcgaramondstd-bdcond.ufo\/glyphs\/periodcentered.glif","\/itcgaramondstd-bdcond.ufo\/glyphs\/perthousand.glif":"\/itcgaramondstd-bdcond.ufo\/glyphs\/perthousand.glif","\/itcgaramondstd-bdcond.ufo\/glyphs\/pi.glif":"\/itcgaramondstd-bdcond.ufo\/glyphs\/pi.glif","\/itcgaramondstd-bdcond.ufo\/glyphs\/plus.glif":"\/itcgaramondstd-bdcond.ufo\/glyphs\/plus.glif","\/itcgaramondstd-bdcond.ufo\/glyphs\/plusminus.glif":"\/itcgaramondstd-bdcond.ufo\/glyphs\/plusminus.glif","\/itcgaramondstd-bdcond.ufo\/glyphs\/product.glif":"\/itcgaramondstd-bdcond.ufo\/glyphs\/product.glif","\/itcgaramondstd-bdcond.ufo\/glyphs\/q.glif":"\/itcgaramondstd-bdcond.ufo\/glyphs\/q.glif","\/itcgaramondstd-bdcond.ufo\/glyphs\/question.glif":"\/itcgaramondstd-bdcond.ufo\/glyphs\/question.glif","\/itcgaramondstd-bdcond.ufo\/glyphs\/questiondown.glif":"\/itcgaramondstd-bdcond.ufo\/glyphs\/questiondown.glif","\/itcgaramondstd-bdcond.ufo\/glyphs\/quotedbl.glif":"\/itcgaramondstd-bdcond.ufo\/glyphs\/quotedbl.glif","\/itcgaramondstd-bdcond.ufo\/glyphs\/quotedblbase.glif":"\/itcgaramondstd-bdcond.ufo\/glyphs\/quotedblbase.glif","\/itcgaramondstd-bdcond.ufo\/glyphs\/quotedblleft.glif":"\/itcgaramondstd-bdcond.ufo\/glyphs\/quotedblleft.glif","\/itcgaramondstd-bdcond.ufo\/glyphs\/quotedblright.glif":"\/itcgaramondstd-bdcond.ufo\/glyphs\/quotedblright.glif","\/itcgaramondstd-bdcond.ufo\/glyphs\/quoteleft.glif":"\/itcgaramondstd-bdcond.ufo\/glyphs\/quoteleft.glif","\/itcgaramondstd-bdcond.ufo\/glyphs\/quoteright.glif":"\/itcgaramondstd-bdcond.ufo\/glyphs\/quoteright.glif","\/itcgaramondstd-bdcond.ufo\/glyphs\/quotesinglbase.glif":"\/itcgaramondstd-bdcond.ufo\/glyphs\/quotesinglbase.glif","\/itcgaramondstd-bdcond.ufo\/glyphs\/quotesingle.glif":"\/itcgaramondstd-bdcond.ufo\/glyphs\/quotesingle.glif","\/itcgaramondstd-bdcond.ufo\/glyphs\/r.glif":"\/itcgaramondstd-bdcond.ufo\/glyphs\/r.glif","\/itcgaramondstd-bdcond.ufo\/glyphs\/radical.glif":"\/itcgaramondstd-bdcond.ufo\/glyphs\/radical.glif","\/itcgaramondstd-bdcond.ufo\/glyphs\/registered.glif":"\/itcgaramondstd-bdcond.ufo\/glyphs\/registered.glif","\/itcgaramondstd-bdcond.ufo\/glyphs\/ring.glif":"\/itcgaramondstd-bdcond.ufo\/glyphs\/ring.glif","\/itcgaramondstd-bdcond.ufo\/glyphs\/s.glif":"\/itcgaramondstd-bdcond.ufo\/glyphs\/s.glif","\/itcgaramondstd-bdcond.ufo\/glyphs\/scaron.glif":"\/itcgaramondstd-bdcond.ufo\/glyphs\/scaron.glif","\/itcgaramondstd-bdcond.ufo\/glyphs\/section.glif":"\/itcgaramondstd-bdcond.ufo\/glyphs\/section.glif","\/itcgaramondstd-bdcond.ufo\/glyphs\/semicolon.glif":"\/itcgaramondstd-bdcond.ufo\/glyphs\/semicolon.glif","\/itcgaramondstd-bdcond.ufo\/glyphs\/seven.glif":"\/itcgaramondstd-bdcond.ufo\/glyphs\/seven.glif","\/itcgaramondstd-bdcond.ufo\/glyphs\/six.glif":"\/itcgaramondstd-bdcond.ufo\/glyphs\/six.glif","\/itcgaramondstd-bdcond.ufo\/glyphs\/slash.glif":"\/itcgaramondstd-bdcond.ufo\/glyphs\/slash.glif","\/itcgaramondstd-bdcond.ufo\/glyphs\/space.glif":"\/itcgaramondstd-bdcond.ufo\/glyphs\/space.glif","\/itcgaramondstd-bdcond.ufo\/glyphs\/sterling.glif":"\/itcgaramondstd-bdcond.ufo\/glyphs\/sterling.glif","\/itcgaramondstd-bdcond.ufo\/glyphs\/summation.glif":"\/itcgaramondstd-bdcond.ufo\/glyphs\/summation.glif","\/itcgaramondstd-bdcond.ufo\/glyphs\/t.glif":"\/itcgaramondstd-bdcond.ufo\/glyphs\/t.glif","\/itcgaramondstd-bdcond.ufo\/glyphs\/thorn.glif":"\/itcgaramondstd-bdcond.ufo\/glyphs\/thorn.glif","\/itcgaramondstd-bdcond.ufo\/glyphs\/three.glif":"\/itcgaramondstd-bdcond.ufo\/glyphs\/three.glif","\/itcgaramondstd-bdcond.ufo\/glyphs\/three.superior.glif":"\/itcgaramondstd-bdcond.ufo\/glyphs\/three.superior.glif","\/itcgaramondstd-bdcond.ufo\/glyphs\/threequarters.glif":"\/itcgaramondstd-bdcond.ufo\/glyphs\/threequarters.glif","\/itcgaramondstd-bdcond.ufo\/glyphs\/threesuperior.glif":"\/itcgaramondstd-bdcond.ufo\/glyphs\/threesuperior.glif","\/itcgaramondstd-bdcond.ufo\/glyphs\/tilde.glif":"\/itcgaramondstd-bdcond.ufo\/glyphs\/tilde.glif","\/itcgaramondstd-bdcond.ufo\/glyphs\/trademark.glif":"\/itcgaramondstd-bdcond.ufo\/glyphs\/trademark.glif","\/itcgaramondstd-bdcond.ufo\/glyphs\/two.glif":"\/itcgaramondstd-bdcond.ufo\/glyphs\/two.glif","\/itcgaramondstd-bdcond.ufo\/glyphs\/two.superior.glif":"\/itcgaramondstd-bdcond.ufo\/glyphs\/two.superior.glif","\/itcgaramondstd-bdcond.ufo\/glyphs\/twosuperior.glif":"\/itcgaramondstd-bdcond.ufo\/glyphs\/twosuperior.glif","\/itcgaramondstd-bdcond.ufo\/glyphs\/u.glif":"\/itcgaramondstd-bdcond.ufo\/glyphs\/u.glif","\/itcgaramondstd-bdcond.ufo\/glyphs\/uacute.glif":"\/itcgaramondstd-bdcond.ufo\/glyphs\/uacute.glif","\/itcgaramondstd-bdcond.ufo\/glyphs\/ucircumflex.glif":"\/itcgaramondstd-bdcond.ufo\/glyphs\/ucircumflex.glif","\/itcgaramondstd-bdcond.ufo\/glyphs\/udieresis.glif":"\/itcgaramondstd-bdcond.ufo\/glyphs\/udieresis.glif","\/itcgaramondstd-bdcond.ufo\/glyphs\/ugrave.glif":"\/itcgaramondstd-bdcond.ufo\/glyphs\/ugrave.glif","\/itcgaramondstd-bdcond.ufo\/glyphs\/underscore.glif":"\/itcgaramondstd-bdcond.ufo\/glyphs\/underscore.glif","\/itcgaramondstd-bdcond.ufo\/glyphs\/uni00A_0.glif":"\/itcgaramondstd-bdcond.ufo\/glyphs\/uni00A_0.glif","\/itcgaramondstd-bdcond.ufo\/glyphs\/uni00A_D_.glif":"\/itcgaramondstd-bdcond.ufo\/glyphs\/uni00A_D_.glif","\/itcgaramondstd-bdcond.ufo\/glyphs\/uni02C_9.glif":"\/itcgaramondstd-bdcond.ufo\/glyphs\/uni02C_9.glif","\/itcgaramondstd-bdcond.ufo\/glyphs\/uni03A_9.glif":"\/itcgaramondstd-bdcond.ufo\/glyphs\/uni03A_9.glif","\/itcgaramondstd-bdcond.ufo\/glyphs\/uni03B_C_.glif":"\/itcgaramondstd-bdcond.ufo\/glyphs\/uni03B_C_.glif","\/itcgaramondstd-bdcond.ufo\/glyphs\/uni2010.glif":"\/itcgaramondstd-bdcond.ufo\/glyphs\/uni2010.glif","\/itcgaramondstd-bdcond.ufo\/glyphs\/uni2206.glif":"\/itcgaramondstd-bdcond.ufo\/glyphs\/uni2206.glif","\/itcgaramondstd-bdcond.ufo\/glyphs\/uni2215.glif":"\/itcgaramondstd-bdcond.ufo\/glyphs\/uni2215.glif","\/itcgaramondstd-bdcond.ufo\/glyphs\/uni2219.glif":"\/itcgaramondstd-bdcond.ufo\/glyphs\/uni2219.glif","\/itcgaramondstd-bdcond.ufo\/glyphs\/v.glif":"\/itcgaramondstd-bdcond.ufo\/glyphs\/v.glif","\/itcgaramondstd-bdcond.ufo\/glyphs\/w.glif":"\/itcgaramondstd-bdcond.ufo\/glyphs\/w.glif","\/itcgaramondstd-bdcond.ufo\/glyphs\/x.glif":"\/itcgaramondstd-bdcond.ufo\/glyphs\/x.glif","\/itcgaramondstd-bdcond.ufo\/glyphs\/y.glif":"\/itcgaramondstd-bdcond.ufo\/glyphs\/y.glif","\/itcgaramondstd-bdcond.ufo\/glyphs\/yacute.glif":"\/itcgaramondstd-bdcond.ufo\/glyphs\/yacute.glif","\/itcgaramondstd-bdcond.ufo\/glyphs\/ydieresis.glif":"\/itcgaramondstd-bdcond.ufo\/glyphs\/ydieresis.glif","\/itcgaramondstd-bdcond.ufo\/glyphs\/yen.glif":"\/itcgaramondstd-bdcond.ufo\/glyphs\/yen.glif","\/itcgaramondstd-bdcond.ufo\/glyphs\/z.glif":"\/itcgaramondstd-bdcond.ufo\/glyphs\/z.glif","\/itcgaramondstd-bdcond.ufo\/glyphs\/zcaron.glif":"\/itcgaramondstd-bdcond.ufo\/glyphs\/zcaron.glif","\/itcgaramondstd-bdcond.ufo\/glyphs\/zero.glif":"\/itcgaramondstd-bdcond.ufo\/glyphs\/zero.glif"},"Font":{"uploaded":1471031128.0092,"licence":"gpl3","company":"Chronolabs Cooperative","title":"ITCGaramond Std Bd Cond","version":3.002,"date":"Fri Aug 12 07:01:14 2016","creator":"root","type":"1","matrix":"0.001 0 0 0.001 0 0","named":"ITCGaramondStd-BdCond","painttype":"0","info":"11 dict dup","name":"ITC Garamond Std Bold Condensed","family":"ITC Garamond Std Bold Condensed","weight":"Bold","fstype":"4","italicangle":"0","underlineposition":"","underlinethickness":""},"Licences":{"":false},"Table":{"FFTM":{"entryLength":16,"tag":"FFTM","checksum":1944345796,"offset":48064,"length":28},"GDEF":{"entryLength":16,"tag":"GDEF","checksum":20185094,"offset":48032,"length":32},"OS\/2":{"entryLength":16,"tag":"OS\/2","checksum":2016885909,"offset":344,"length":86},"cmap":{"entryLength":16,"tag":"cmap","checksum":777625557,"offset":1484,"length":1156},"gasp":{"entryLength":16,"tag":"gasp","checksum":4294901763,"offset":48024,"length":8},"glyf":{"entryLength":16,"tag":"glyf","checksum":639996010,"offset":3168,"length":42728},"head":{"entryLength":16,"tag":"head","checksum":169269382,"offset":220,"length":54},"hhea":{"entryLength":16,"tag":"hhea","checksum":116917088,"offset":276,"length":36},"hmtx":{"entryLength":16,"tag":"hmtx","checksum":3358659300,"offset":432,"length":1052},"loca":{"entryLength":16,"tag":"loca","checksum":2911098274,"offset":2640,"length":528},"maxp":{"entryLength":16,"tag":"maxp","checksum":22020258,"offset":312,"length":32},"name":{"entryLength":16,"tag":"name","checksum":1928186538,"offset":45896,"length":1398},"post":{"entryLength":16,"tag":"post","checksum":2504245827,"offset":47296,"length":728}},"UnicodeCharMap":{"32":3,"33":4,"34":5,"35":6,"36":7,"37":8,"38":9,"39":10,"40":11,"41":12,"42":13,"43":14,"44":15,"45":16,"46":17,"47":18,"48":19,"49":20,"50":21,"51":22,"52":23,"53":24,"54":25,"55":26,"56":27,"57":28,"58":29,"59":30,"60":31,"61":32,"62":33,"63":34,"64":35,"65":36,"66":37,"67":38,"68":39,"69":40,"70":41,"71":42,"72":43,"73":44,"74":45,"75":46,"76":47,"77":48,"78":49,"79":50,"80":51,"81":52,"82":53,"83":54,"84":55,"85":56,"86":57,"87":58,"88":59,"89":60,"90":61,"91":62,"92":63,"93":64,"94":65,"95":66,"96":67,"97":68,"98":69,"99":70,"100":71,"101":72,"102":73,"103":74,"104":75,"105":76,"106":77,"107":78,"108":79,"109":80,"110":81,"111":82,"112":83,"113":84,"114":85,"115":86,"116":87,"117":88,"118":89,"119":90,"120":91,"121":92,"122":93,"123":94,"124":95,"125":96,"126":97,"160":98,"161":99,"162":100,"163":101,"164":102,"165":103,"166":104,"167":105,"168":106,"169":107,"170":108,"171":109,"172":110,"173":111,"174":112,"175":113,"176":114,"177":115,"178":259,"179":260,"180":118,"182":120,"183":121,"184":122,"185":258,"186":124,"187":125,"188":126,"189":127,"190":128,"191":129,"192":130,"193":131,"194":132,"195":133,"196":134,"197":135,"198":136,"199":137,"200":138,"201":139,"202":140,"203":141,"204":142,"205":143,"206":144,"207":145,"208":146,"209":147,"210":148,"211":149,"212":150,"213":151,"214":152,"215":153,"216":154,"217":155,"218":156,"219":157,"220":158,"221":159,"222":160,"223":161,"224":162,"225":163,"226":164,"227":165,"228":166,"229":167,"230":168,"231":169,"232":170,"233":171,"234":172,"235":173,"236":174,"237":175,"238":176,"239":177,"240":178,"241":179,"242":180,"243":181,"244":182,"245":183,"246":184,"247":185,"248":186,"249":187,"250":188,"251":189,"252":190,"253":191,"254":192,"255":193,"305":223,"321":221,"322":224,"338":222,"339":225,"352":228,"353":231,"376":229,"381":230,"382":232,"402":197,"710":212,"711":219,"713":250,"728":214,"729":215,"730":216,"731":218,"732":213,"733":217,"937":251,"956":253,"960":235,"8208":262,"8211":203,"8212":220,"8216":195,"8217":194,"8218":207,"8220":198,"8221":209,"8222":208,"8224":204,"8225":205,"8226":206,"8230":210,"8240":211,"8249":199,"8250":200,"8260":196,"8364":236,"8467":252,"8482":226,"8494":237,"8706":238,"8710":261,"8719":239,"8721":240,"8722":227,"8725":254,"8729":241,"8730":242,"8734":243,"8747":244,"8776":245,"8800":246,"8804":247,"8805":248,"9674":249,"64257":233,"64258":255},"Reserves":{"fontname":"ITC Garamond Std Bold Condensed"},"Names":{"ITC Garamond Std Bold Condensed":{"name":"ITC Garamond Std Bold Condensed","longitude":"0.00000001","latitude":"0.00000001","country":"","region":"","city":""}},"Nodes":{"it":{"type":"typal","node":"it","usage":1,"weight":1},"tc":{"type":"typal","node":"tc","usage":1,"weight":1},"ga":{"type":"typal","node":"ga","usage":1,"weight":1},"nd":{"type":"typal","node":"nd","usage":1,"weight":1},"st":{"type":"typal","node":"st","usage":1,"weight":1},"td":{"type":"typal","node":"td","usage":1,"weight":1},"bo":{"type":"typal","node":"bo","usage":1,"weight":1},"ld":{"type":"typal","node":"ld","usage":1,"weight":1},"co":{"type":"typal","node":"co","usage":1,"weight":1},"ed":{"type":"typal","node":"ed","usage":1,"weight":1},"gar":{"type":"typal","node":"gar","usage":1,"weight":1},"ond":{"type":"typal","node":"ond","usage":1,"weight":1},"bol":{"type":"typal","node":"bol","usage":1,"weight":1},"old":{"type":"typal","node":"old","usage":1,"weight":1},"con":{"type":"typal","node":"con","usage":1,"weight":1},"sed":{"type":"typal","node":"sed","usage":1,"weight":1},"gara":{"type":"keys","node":"gara","usage":1,"weight":1},"mond":{"type":"keys","node":"mond","usage":1,"weight":1},"cond":{"type":"keys","node":"cond","usage":1,"weight":1},"nsed":{"type":"keys","node":"nsed","usage":1,"weight":1},"garam":{"type":"keys","node":"garam","usage":1,"weight":1},"amond":{"type":"keys","node":"amond","usage":1,"weight":1},"conde":{"type":"keys","node":"conde","usage":1,"weight":1},"ensed":{"type":"keys","node":"ensed","usage":1,"weight":1},"itc":{"type":"fixes","node":"itc","usage":1,"weight":1},"garamond":{"type":"fixes","node":"garamond","usage":1,"weight":1},"std":{"type":"fixes","node":"std","usage":1,"weight":1},"bold":{"type":"fixes","node":"bold","usage":1,"weight":1},"condensed":{"type":"fixes","node":"condensed","usage":1,"weight":1}},"Contributors":[],"FontIdentity":"labscoop:3039145b735f9b463a8b03e","Bytes":null,"Networking":[],"barcode":"yqgs3suyoas4e","referee":"soiycw"}