{"CSS":{"Segoe Script":"Segoe+Script.css"},"FontType":"TrueType","FontCopyright":"C 2006 Microsoft Corporation. All Rights Reserved.","FontName":"Segoe Script","FontSubfamily":"Book","FontSubfamilyID":"FontForge 2.0 : Segoe Script : 13-5-2017","FontFullName":"Segoe Script","FontVersion":"Version 5.00 ","FontWeight":null,"FontPostscriptName":"SegoeScript","Files":{"segoesc.afm":"segoesc.afm","segoesc.bin":"segoesc.bin","segoesc.cef":"segoesc.cef","segoesc.cff":"segoesc.cff","segoesc.cid":"segoesc.cid","segoesc.dfont":"segoesc.dfont","segoesc.eot":"segoesc.eot","segoesc.fon":"segoesc.fon","segoesc.gai":"segoesc.gai","segoesc.gsf":"segoesc.gsf","segoesc.hqx":"segoesc.hqx","segoesc.ik":"segoesc.ik","segoesc.mf":"segoesc.mf","segoesc.otf":"segoesc.otf","segoesc.pcf":"segoesc.pcf","segoesc.pf3":"segoesc.pf3","segoesc.pfa":"segoesc.pfa","segoesc.pfb":"segoesc.pfb","segoesc.php":"segoesc.php","segoesc.pmf":"segoesc.pmf","segoesc.pt3":"segoesc.pt3","segoesc.sfd":"segoesc.sfd","segoesc.svg":"segoesc.svg","segoesc.t42":"segoesc.t42","segoesc.ttd":"segoesc.ttd","segoesc.ttf":"segoesc.ttf","segoesc.ttg":"segoesc.ttg","segoesc.ufm":"segoesc.ufm","segoesc.woff":"segoesc.woff","segoesc.z":"segoesc.z","":{"segoesc.afm":"segoesc.afm","segoesc.bin":"segoesc.bin","segoesc.cef":"segoesc.cef","segoesc.cff":"segoesc.cff","segoesc.cid":"segoesc.cid","segoesc.dfont":"segoesc.dfont","segoesc.eot":"segoesc.eot","segoesc.fon":"segoesc.fon","segoesc.gai":"segoesc.gai","segoesc.gsf":"segoesc.gsf","segoesc.hqx":"segoesc.hqx","segoesc.ik":"segoesc.ik","segoesc.mf":"segoesc.mf","segoesc.otf":"segoesc.otf","segoesc.pcf":"segoesc.pcf","segoesc.pf3":"segoesc.pf3","segoesc.pfa":"segoesc.pfa","segoesc.pfb":"segoesc.pfb","segoesc.php":"segoesc.php","segoesc.pmf":"segoesc.pmf","segoesc.pt3":"segoesc.pt3","segoesc.sfd":"segoesc.sfd","segoesc.svg":"segoesc.svg","segoesc.t42":"segoesc.t42","segoesc.ttd":"segoesc.ttd","segoesc.ttf":"segoesc.ttf","segoesc.ttg":"segoesc.ttg","segoesc.ufm":"segoesc.ufm","segoesc.woff":"segoesc.woff","segoesc.z":"segoesc.z"},"\/segoesc.ufo":{"features.fea":"features.fea","fontinfo.plist":"fontinfo.plist","metainfo.plist":"metainfo.plist"},"\/segoesc.ufo\/glyphs":{"A_.alt.glif":"A_.alt.glif","A_.alt1.glif":"A_.alt1.glif","A_.alt2.glif":"A_.alt2.glif","A_.alt3.glif":"A_.alt3.glif","A_.glif":"A_.glif","A_E_.alt.1.glif":"A_E_.alt.1.glif","A_E_.alt.2.glif":"A_E_.alt.2.glif","A_E_.alt.3.glif":"A_E_.alt.3.glif","A_E_.alt.glif":"A_E_.alt.glif","A_E_.alt1.glif":"A_E_.alt1.glif","A_E_.alt2.glif":"A_E_.alt2.glif","A_E_.alt3.glif":"A_E_.alt3.glif","A_E_.glif":"A_E_.glif","A_E_acute.alt.glif":"A_E_acute.alt.glif","A_E_acute.alt1.glif":"A_E_acute.alt1.glif","A_E_acute.alt2.glif":"A_E_acute.alt2.glif","A_E_acute.alt3.glif":"A_E_acute.alt3.glif","A_E_acute.glif":"A_E_acute.glif","A_acute.alt.glif":"A_acute.alt.glif","A_acute.alt1.glif":"A_acute.alt1.glif","A_acute.alt2.glif":"A_acute.alt2.glif","A_acute.alt3.glif":"A_acute.alt3.glif","A_acute.glif":"A_acute.glif","A_breve.alt.glif":"A_breve.alt.glif","A_breve.alt1.glif":"A_breve.alt1.glif","A_breve.alt2.glif":"A_breve.alt2.glif","A_breve.alt3.glif":"A_breve.alt3.glif","A_breve.glif":"A_breve.glif","A_circumflex.alt.glif":"A_circumflex.alt.glif","A_circumflex.alt1.glif":"A_circumflex.alt1.glif","A_circumflex.alt2.glif":"A_circumflex.alt2.glif","A_circumflex.alt3.glif":"A_circumflex.alt3.glif","A_circumflex.glif":"A_circumflex.glif","A_dieresis.alt.glif":"A_dieresis.alt.glif","A_dieresis.alt1.glif":"A_dieresis.alt1.glif","A_dieresis.alt2.glif":"A_dieresis.alt2.glif","A_dieresis.alt3.glif":"A_dieresis.alt3.glif","A_dieresis.glif":"A_dieresis.glif","A_grave.alt.glif":"A_grave.alt.glif","A_grave.alt1.glif":"A_grave.alt1.glif","A_grave.alt2.glif":"A_grave.alt2.glif","A_grave.alt3.glif":"A_grave.alt3.glif","A_grave.glif":"A_grave.glif","A_lpha.alt.glif":"A_lpha.alt.glif","A_lpha.glif":"A_lpha.glif","A_lphatonos.alt.glif":"A_lphatonos.alt.glif","A_lphatonos.glif":"A_lphatonos.glif","A_macron.alt.glif":"A_macron.alt.glif","A_macron.alt1.glif":"A_macron.alt1.glif","A_macron.alt2.glif":"A_macron.alt2.glif","A_macron.alt3.glif":"A_macron.alt3.glif","A_macron.glif":"A_macron.glif","A_ogonek.alt.glif":"A_ogonek.alt.glif","A_ogonek.alt1.glif":"A_ogonek.alt1.glif","A_ogonek.alt2.glif":"A_ogonek.alt2.glif","A_ogonek.alt3.glif":"A_ogonek.alt3.glif","A_ogonek.glif":"A_ogonek.glif","A_ring.alt.glif":"A_ring.alt.glif","A_ring.alt1.glif":"A_ring.alt1.glif","A_ring.alt2.glif":"A_ring.alt2.glif","A_ring.alt3.glif":"A_ring.alt3.glif","A_ring.glif":"A_ring.glif","A_ringacute.alt.glif":"A_ringacute.alt.glif","A_ringacute.alt1.glif":"A_ringacute.alt1.glif","A_ringacute.alt2.glif":"A_ringacute.alt2.glif","A_ringacute.alt3.glif":"A_ringacute.alt3.glif","A_ringacute.glif":"A_ringacute.glif","A_tilde.alt.glif":"A_tilde.alt.glif","A_tilde.alt1.glif":"A_tilde.alt1.glif","A_tilde.alt2.glif":"A_tilde.alt2.glif","A_tilde.alt3.glif":"A_tilde.alt3.glif","A_tilde.glif":"A_tilde.glif","B_.alt.glif":"B_.alt.glif","B_.alt1.glif":"B_.alt1.glif","B_.alt2.glif":"B_.alt2.glif","B_.alt3.glif":"B_.alt3.glif","B_.glif":"B_.glif","B_eta.alt.glif":"B_eta.alt.glif","B_eta.glif":"B_eta.glif","C_.alt.glif":"C_.alt.glif","C_.alt1.glif":"C_.alt1.glif","C_.alt2.glif":"C_.alt2.glif","C_.alt3.glif":"C_.alt3.glif","C_.glif":"C_.glif","C_acute.alt.glif":"C_acute.alt.glif","C_acute.alt1.glif":"C_acute.alt1.glif","C_acute.alt2.glif":"C_acute.alt2.glif","C_acute.alt3.glif":"C_acute.alt3.glif","C_acute.glif":"C_acute.glif","C_caron.alt.glif":"C_caron.alt.glif","C_caron.alt1.glif":"C_caron.alt1.glif","C_caron.alt2.glif":"C_caron.alt2.glif","C_caron.alt3.glif":"C_caron.alt3.glif","C_caron.glif":"C_caron.glif","C_cedilla.alt.glif":"C_cedilla.alt.glif","C_cedilla.alt1.glif":"C_cedilla.alt1.glif","C_cedilla.alt2.glif":"C_cedilla.alt2.glif","C_cedilla.alt3.glif":"C_cedilla.alt3.glif","C_cedilla.glif":"C_cedilla.glif","C_circumflex.alt.glif":"C_circumflex.alt.glif","C_circumflex.alt1.glif":"C_circumflex.alt1.glif","C_circumflex.alt2.glif":"C_circumflex.alt2.glif","C_circumflex.alt3.glif":"C_circumflex.alt3.glif","C_circumflex.glif":"C_circumflex.glif","C_dotaccent.alt.glif":"C_dotaccent.alt.glif","C_dotaccent.alt1.glif":"C_dotaccent.alt1.glif","C_dotaccent.alt2.glif":"C_dotaccent.alt2.glif","C_dotaccent.alt3.glif":"C_dotaccent.alt3.glif","C_dotaccent.glif":"C_dotaccent.glif","C_hi.alt.glif":"C_hi.alt.glif","C_hi.glif":"C_hi.glif","D_.alt.glif":"D_.alt.glif","D_.alt1.glif":"D_.alt1.glif","D_.alt2.glif":"D_.alt2.glif","D_.alt3.glif":"D_.alt3.glif","D_.glif":"D_.glif","D_caron.alt.glif":"D_caron.alt.glif","D_caron.alt1.glif":"D_caron.alt1.glif","D_caron.alt2.glif":"D_caron.alt2.glif","D_caron.alt3.glif":"D_caron.alt3.glif","D_caron.glif":"D_caron.glif","D_croat.alt.glif":"D_croat.alt.glif","D_croat.alt1.glif":"D_croat.alt1.glif","D_croat.alt2.glif":"D_croat.alt2.glif","D_croat.alt3.glif":"D_croat.alt3.glif","D_croat.glif":"D_croat.glif","D_elta.alt.glif":"D_elta.alt.glif","D_elta.glif":"D_elta.glif","D_elta.math.glif":"D_elta.math.glif","E_.alt.glif":"E_.alt.glif","E_.alt1.glif":"E_.alt1.glif","E_.alt2.glif":"E_.alt2.glif","E_.alt3.glif":"E_.alt3.glif","E_.glif":"E_.glif","E_acute.alt.glif":"E_acute.alt.glif","E_acute.alt1.glif":"E_acute.alt1.glif","E_acute.alt2.glif":"E_acute.alt2.glif","E_acute.alt3.glif":"E_acute.alt3.glif","E_acute.glif":"E_acute.glif","E_breve.alt.glif":"E_breve.alt.glif","E_breve.alt1.glif":"E_breve.alt1.glif","E_breve.alt2.glif":"E_breve.alt2.glif","E_breve.alt3.glif":"E_breve.alt3.glif","E_breve.glif":"E_breve.glif","E_caron.alt.glif":"E_caron.alt.glif","E_caron.alt1.glif":"E_caron.alt1.glif","E_caron.alt2.glif":"E_caron.alt2.glif","E_caron.alt3.glif":"E_caron.alt3.glif","E_caron.glif":"E_caron.glif","E_circumflex.alt.glif":"E_circumflex.alt.glif","E_circumflex.alt1.glif":"E_circumflex.alt1.glif","E_circumflex.alt2.glif":"E_circumflex.alt2.glif","E_circumflex.alt3.glif":"E_circumflex.alt3.glif","E_circumflex.glif":"E_circumflex.glif","E_dieresis.alt.glif":"E_dieresis.alt.glif","E_dieresis.alt1.glif":"E_dieresis.alt1.glif","E_dieresis.alt2.glif":"E_dieresis.alt2.glif","E_dieresis.alt3.glif":"E_dieresis.alt3.glif","E_dieresis.glif":"E_dieresis.glif","E_dotaccent.alt.glif":"E_dotaccent.alt.glif","E_dotaccent.alt1.glif":"E_dotaccent.alt1.glif","E_dotaccent.alt2.glif":"E_dotaccent.alt2.glif","E_dotaccent.alt3.glif":"E_dotaccent.alt3.glif","E_dotaccent.glif":"E_dotaccent.glif","E_grave.alt.glif":"E_grave.alt.glif","E_grave.alt1.glif":"E_grave.alt1.glif","E_grave.alt2.glif":"E_grave.alt2.glif","E_grave.alt3.glif":"E_grave.alt3.glif","E_grave.glif":"E_grave.glif","E_macron.alt.glif":"E_macron.alt.glif","E_macron.alt1.glif":"E_macron.alt1.glif","E_macron.alt2.glif":"E_macron.alt2.glif","E_macron.alt3.glif":"E_macron.alt3.glif","E_macron.glif":"E_macron.glif","E_ng.alt.glif":"E_ng.alt.glif","E_ng.alt1.glif":"E_ng.alt1.glif","E_ng.alt2.glif":"E_ng.alt2.glif","E_ng.alt3.glif":"E_ng.alt3.glif","E_ng.glif":"E_ng.glif","E_ogonek.alt.glif":"E_ogonek.alt.glif","E_ogonek.alt1.glif":"E_ogonek.alt1.glif","E_ogonek.alt2.glif":"E_ogonek.alt2.glif","E_ogonek.alt3.glif":"E_ogonek.alt3.glif","E_ogonek.glif":"E_ogonek.glif","E_psilon.alt.glif":"E_psilon.alt.glif","E_psilon.glif":"E_psilon.glif","E_psilontonos.alt.glif":"E_psilontonos.alt.glif","E_psilontonos.glif":"E_psilontonos.glif","E_ta.alt.glif":"E_ta.alt.glif","E_ta.glif":"E_ta.glif","E_tatonos.alt.glif":"E_tatonos.alt.glif","E_tatonos.glif":"E_tatonos.glif","E_th.alt.glif":"E_th.alt.glif","E_th.alt1.glif":"E_th.alt1.glif","E_th.alt2.glif":"E_th.alt2.glif","E_th.alt3.glif":"E_th.alt3.glif","E_th.glif":"E_th.glif","E_uro.glif":"E_uro.glif","F_.alt.glif":"F_.alt.glif","F_.alt1.glif":"F_.alt1.glif","F_.alt2.glif":"F_.alt2.glif","F_.alt3.glif":"F_.alt3.glif","F_.glif":"F_.glif","G_.alt.glif":"G_.alt.glif","G_.alt1.glif":"G_.alt1.glif","G_.alt2.glif":"G_.alt2.glif","G_.alt3.glif":"G_.alt3.glif","G_.glif":"G_.glif","G_amma.alt.glif":"G_amma.alt.glif","G_amma.glif":"G_amma.glif","G_breve.alt.glif":"G_breve.alt.glif","G_breve.alt1.glif":"G_breve.alt1.glif","G_breve.alt2.glif":"G_breve.alt2.glif","G_breve.alt3.glif":"G_breve.alt3.glif","G_breve.glif":"G_breve.glif","G_caron.glif":"G_caron.glif","G_circumflex.alt.glif":"G_circumflex.alt.glif","G_circumflex.alt1.glif":"G_circumflex.alt1.glif","G_circumflex.alt2.glif":"G_circumflex.alt2.glif","G_circumflex.alt3.glif":"G_circumflex.alt3.glif","G_circumflex.glif":"G_circumflex.glif","G_commaaccent.alt.glif":"G_commaaccent.alt.glif","G_commaaccent.alt1.glif":"G_commaaccent.alt1.glif","G_commaaccent.alt2.glif":"G_commaaccent.alt2.glif","G_commaaccent.alt3.glif":"G_commaaccent.alt3.glif","G_commaaccent.glif":"G_commaaccent.glif","G_dotaccent.glif":"G_dotaccent.glif","H_.alt.glif":"H_.alt.glif","H_.alt1.glif":"H_.alt1.glif","H_.alt2.glif":"H_.alt2.glif","H_.alt3.glif":"H_.alt3.glif","H_.glif":"H_.glif","H_18533.glif":"H_18533.glif","H_18543.glif":"H_18543.glif","H_18551.glif":"H_18551.glif","H_22073.glif":"H_22073.glif","H_bar.alt.glif":"H_bar.alt.glif","H_bar.alt1.glif":"H_bar.alt1.glif","H_bar.alt2.glif":"H_bar.alt2.glif","H_bar.alt3.glif":"H_bar.alt3.glif","H_bar.glif":"H_bar.glif","H_circumflex.alt.glif":"H_circumflex.alt.glif","H_circumflex.alt1.glif":"H_circumflex.alt1.glif","H_circumflex.alt2.glif":"H_circumflex.alt2.glif","H_circumflex.alt3.glif":"H_circumflex.alt3.glif","H_circumflex.glif":"H_circumflex.glif","I_.alt.glif":"I_.alt.glif","I_.alt1.glif":"I_.alt1.glif","I_.alt2.glif":"I_.alt2.glif","I_.alt3.glif":"I_.alt3.glif","I_.glif":"I_.glif","I_J_.alt.glif":"I_J_.alt.glif","I_J_.alt1.glif":"I_J_.alt1.glif","I_J_.alt2.glif":"I_J_.alt2.glif","I_J_.alt3.glif":"I_J_.alt3.glif","I_J_.glif":"I_J_.glif","I_acute.alt.glif":"I_acute.alt.glif","I_acute.alt1.glif":"I_acute.alt1.glif","I_acute.alt2.glif":"I_acute.alt2.glif","I_acute.alt3.glif":"I_acute.alt3.glif","I_acute.glif":"I_acute.glif","I_breve.alt.glif":"I_breve.alt.glif","I_breve.alt1.glif":"I_breve.alt1.glif","I_breve.alt2.glif":"I_breve.alt2.glif","I_breve.alt3.glif":"I_breve.alt3.glif","I_breve.glif":"I_breve.glif","I_circumflex.alt.glif":"I_circumflex.alt.glif","I_circumflex.alt1.glif":"I_circumflex.alt1.glif","I_circumflex.alt2.glif":"I_circumflex.alt2.glif","I_circumflex.alt3.glif":"I_circumflex.alt3.glif","I_circumflex.glif":"I_circumflex.glif","I_dieresis.alt.glif":"I_dieresis.alt.glif","I_dieresis.alt1.glif":"I_dieresis.alt1.glif","I_dieresis.alt2.glif":"I_dieresis.alt2.glif","I_dieresis.alt3.glif":"I_dieresis.alt3.glif","I_dieresis.glif":"I_dieresis.glif","I_dotaccent.alt.glif":"I_dotaccent.alt.glif","I_dotaccent.alt1.glif":"I_dotaccent.alt1.glif","I_dotaccent.alt2.glif":"I_dotaccent.alt2.glif","I_dotaccent.alt3.glif":"I_dotaccent.alt3.glif","I_dotaccent.glif":"I_dotaccent.glif","I_grave.alt.glif":"I_grave.alt.glif","I_grave.alt1.glif":"I_grave.alt1.glif","I_grave.alt2.glif":"I_grave.alt2.glif","I_grave.alt3.glif":"I_grave.alt3.glif","I_grave.glif":"I_grave.glif","I_macron.alt.glif":"I_macron.alt.glif","I_macron.alt1.glif":"I_macron.alt1.glif","I_macron.alt2.glif":"I_macron.alt2.glif","I_macron.alt3.glif":"I_macron.alt3.glif","I_macron.glif":"I_macron.glif","I_ogonek.alt.glif":"I_ogonek.alt.glif","I_ogonek.alt1.glif":"I_ogonek.alt1.glif","I_ogonek.alt2.glif":"I_ogonek.alt2.glif","I_ogonek.alt3.glif":"I_ogonek.alt3.glif","I_ogonek.glif":"I_ogonek.glif","I_ota.alt.glif":"I_ota.alt.glif","I_ota.glif":"I_ota.glif","I_otadieresis.alt.glif":"I_otadieresis.alt.glif","I_otadieresis.glif":"I_otadieresis.glif","I_otatonos.alt.glif":"I_otatonos.alt.glif","I_otatonos.glif":"I_otatonos.glif","I_tilde.alt.glif":"I_tilde.alt.glif","I_tilde.alt1.glif":"I_tilde.alt1.glif","I_tilde.alt2.glif":"I_tilde.alt2.glif","I_tilde.alt3.glif":"I_tilde.alt3.glif","I_tilde.glif":"I_tilde.glif","J_.alt.glif":"J_.alt.glif","J_.alt1.glif":"J_.alt1.glif","J_.alt2.glif":"J_.alt2.glif","J_.alt3.glif":"J_.alt3.glif","J_.glif":"J_.glif","J_circumflex.alt.glif":"J_circumflex.alt.glif","J_circumflex.alt1.glif":"J_circumflex.alt1.glif","J_circumflex.alt2.glif":"J_circumflex.alt2.glif","J_circumflex.alt3.glif":"J_circumflex.alt3.glif","J_circumflex.glif":"J_circumflex.glif","K_.alt.glif":"K_.alt.glif","K_.alt1.glif":"K_.alt1.glif","K_.alt2.glif":"K_.alt2.glif","K_.alt3.glif":"K_.alt3.glif","K_.glif":"K_.glif","K_appa.alt.glif":"K_appa.alt.glif","K_appa.glif":"K_appa.glif","K_commaaccent.alt.glif":"K_commaaccent.alt.glif","K_commaaccent.alt1.glif":"K_commaaccent.alt1.glif","K_commaaccent.alt2.glif":"K_commaaccent.alt2.glif","K_commaaccent.alt3.glif":"K_commaaccent.alt3.glif","K_commaaccent.glif":"K_commaaccent.glif","L_.alt.glif":"L_.alt.glif","L_.alt1.glif":"L_.alt1.glif","L_.alt2.glif":"L_.alt2.glif","L_.alt3.glif":"L_.alt3.glif","L_.glif":"L_.glif","L_acute.alt.glif":"L_acute.alt.glif","L_acute.alt1.glif":"L_acute.alt1.glif","L_acute.alt2.glif":"L_acute.alt2.glif","L_acute.alt3.glif":"L_acute.alt3.glif","L_acute.glif":"L_acute.glif","L_ambda.alt.glif":"L_ambda.alt.glif","L_ambda.glif":"L_ambda.glif","L_caron.alt.glif":"L_caron.alt.glif","L_caron.alt1.glif":"L_caron.alt1.glif","L_caron.alt2.glif":"L_caron.alt2.glif","L_caron.alt3.glif":"L_caron.alt3.glif","L_caron.glif":"L_caron.glif","L_commaaccent.alt.glif":"L_commaaccent.alt.glif","L_commaaccent.alt1.glif":"L_commaaccent.alt1.glif","L_commaaccent.alt2.glif":"L_commaaccent.alt2.glif","L_commaaccent.alt3.glif":"L_commaaccent.alt3.glif","L_commaaccent.glif":"L_commaaccent.glif","L_dot.alt.glif":"L_dot.alt.glif","L_dot.alt1.glif":"L_dot.alt1.glif","L_dot.alt2.glif":"L_dot.alt2.glif","L_dot.alt3.glif":"L_dot.alt3.glif","L_dot.glif":"L_dot.glif","L_slash.alt.glif":"L_slash.alt.glif","L_slash.alt1.glif":"L_slash.alt1.glif","L_slash.alt2.glif":"L_slash.alt2.glif","L_slash.alt3.glif":"L_slash.alt3.glif","L_slash.glif":"L_slash.glif","M_.alt.glif":"M_.alt.glif","M_.alt1.glif":"M_.alt1.glif","M_.alt2.glif":"M_.alt2.glif","M_.alt3.glif":"M_.alt3.glif","M_.glif":"M_.glif","M_u.alt.glif":"M_u.alt.glif","M_u.glif":"M_u.glif","N_.alt.glif":"N_.alt.glif","N_.alt1.glif":"N_.alt1.glif","N_.alt2.glif":"N_.alt2.glif","N_.alt3.glif":"N_.alt3.glif","N_.glif":"N_.glif","N_acute.alt.glif":"N_acute.alt.glif","N_acute.alt1.glif":"N_acute.alt1.glif","N_acute.alt2.glif":"N_acute.alt2.glif","N_acute.alt3.glif":"N_acute.alt3.glif","N_acute.glif":"N_acute.glif","N_caron.alt.glif":"N_caron.alt.glif","N_caron.alt1.glif":"N_caron.alt1.glif","N_caron.alt2.glif":"N_caron.alt2.glif","N_caron.alt3.glif":"N_caron.alt3.glif","N_caron.glif":"N_caron.glif","N_commaaccent.alt.glif":"N_commaaccent.alt.glif","N_commaaccent.alt1.glif":"N_commaaccent.alt1.glif","N_commaaccent.alt2.glif":"N_commaaccent.alt2.glif","N_commaaccent.alt3.glif":"N_commaaccent.alt3.glif","N_commaaccent.glif":"N_commaaccent.glif","N_tilde.alt.glif":"N_tilde.alt.glif","N_tilde.alt1.glif":"N_tilde.alt1.glif","N_tilde.alt2.glif":"N_tilde.alt2.glif","N_tilde.alt3.glif":"N_tilde.alt3.glif","N_tilde.glif":"N_tilde.glif","N_u.alt.glif":"N_u.alt.glif","N_u.glif":"N_u.glif","O_.alt.glif":"O_.alt.glif","O_.alt1.glif":"O_.alt1.glif","O_.alt2.glif":"O_.alt2.glif","O_.alt3.glif":"O_.alt3.glif","O_.alt4.glif":"O_.alt4.glif","O_.alt5.glif":"O_.alt5.glif","O_.glif":"O_.glif","O_E_.alt.glif":"O_E_.alt.glif","O_E_.alt1.glif":"O_E_.alt1.glif","O_E_.alt2.glif":"O_E_.alt2.glif","O_E_.alt3.glif":"O_E_.alt3.glif","O_E_.glif":"O_E_.glif","O_acute.alt.glif":"O_acute.alt.glif","O_acute.alt1.glif":"O_acute.alt1.glif","O_acute.alt2.glif":"O_acute.alt2.glif","O_acute.alt3.glif":"O_acute.alt3.glif","O_acute.glif":"O_acute.glif","O_breve.alt.glif":"O_breve.alt.glif","O_breve.alt1.glif":"O_breve.alt1.glif","O_breve.alt2.glif":"O_breve.alt2.glif","O_breve.alt3.glif":"O_breve.alt3.glif","O_breve.glif":"O_breve.glif","O_circumflex.alt.glif":"O_circumflex.alt.glif","O_circumflex.alt1.glif":"O_circumflex.alt1.glif","O_circumflex.alt2.glif":"O_circumflex.alt2.glif","O_circumflex.alt3.glif":"O_circumflex.alt3.glif","O_circumflex.alt5.glif":"O_circumflex.alt5.glif","O_circumflex.glif":"O_circumflex.glif","O_dieresis.alt.glif":"O_dieresis.alt.glif","O_dieresis.alt1.glif":"O_dieresis.alt1.glif","O_dieresis.alt2.glif":"O_dieresis.alt2.glif","O_dieresis.alt3.glif":"O_dieresis.alt3.glif","O_dieresis.glif":"O_dieresis.glif","O_grave.alt.glif":"O_grave.alt.glif","O_grave.alt1.glif":"O_grave.alt1.glif","O_grave.alt2.glif":"O_grave.alt2.glif","O_grave.alt3.glif":"O_grave.alt3.glif","O_grave.glif":"O_grave.glif","O_hm.glif":"O_hm.glif","O_horn.glif":"O_horn.glif","O_hungarumlaut.alt.glif":"O_hungarumlaut.alt.glif","O_hungarumlaut.alt1.glif":"O_hungarumlaut.alt1.glif","O_hungarumlaut.alt2.glif":"O_hungarumlaut.alt2.glif","O_hungarumlaut.alt3.glif":"O_hungarumlaut.alt3.glif","O_hungarumlaut.glif":"O_hungarumlaut.glif","O_macron.alt.glif":"O_macron.alt.glif","O_macron.alt1.glif":"O_macron.alt1.glif","O_macron.alt2.glif":"O_macron.alt2.glif","O_macron.alt3.glif":"O_macron.alt3.glif","O_macron.glif":"O_macron.glif","O_mega.alt.glif":"O_mega.alt.glif","O_mega.glif":"O_mega.glif","O_megatonos.alt.glif":"O_megatonos.alt.glif","O_megatonos.glif":"O_megatonos.glif","O_micron.alt.glif":"O_micron.alt.glif","O_micron.glif":"O_micron.glif","O_microntonos.alt.glif":"O_microntonos.alt.glif","O_microntonos.glif":"O_microntonos.glif","O_slash.alt.glif":"O_slash.alt.glif","O_slash.alt1.glif":"O_slash.alt1.glif","O_slash.alt2.glif":"O_slash.alt2.glif","O_slash.alt3.glif":"O_slash.alt3.glif","O_slash.glif":"O_slash.glif","O_slashacute.alt.glif":"O_slashacute.alt.glif","O_slashacute.alt1.glif":"O_slashacute.alt1.glif","O_slashacute.alt2.glif":"O_slashacute.alt2.glif","O_slashacute.alt3.glif":"O_slashacute.alt3.glif","O_slashacute.glif":"O_slashacute.glif","O_tilde.alt.glif":"O_tilde.alt.glif","O_tilde.alt1.glif":"O_tilde.alt1.glif","O_tilde.alt2.glif":"O_tilde.alt2.glif","O_tilde.alt3.glif":"O_tilde.alt3.glif","O_tilde.glif":"O_tilde.glif","P_.alt.glif":"P_.alt.glif","P_.alt1.glif":"P_.alt1.glif","P_.alt2.glif":"P_.alt2.glif","P_.alt3.glif":"P_.alt3.glif","P_.glif":"P_.glif","P_hi.alt.glif":"P_hi.alt.glif","P_hi.glif":"P_hi.glif","P_i.alt.glif":"P_i.alt.glif","P_i.glif":"P_i.glif","P_si.alt.glif":"P_si.alt.glif","P_si.glif":"P_si.glif","Q_.alt.glif":"Q_.alt.glif","Q_.alt1.glif":"Q_.alt1.glif","Q_.alt2.glif":"Q_.alt2.glif","Q_.alt3.glif":"Q_.alt3.glif","Q_.glif":"Q_.glif","R_.alt.glif":"R_.alt.glif","R_.alt1.glif":"R_.alt1.glif","R_.alt2.glif":"R_.alt2.glif","R_.alt3.glif":"R_.alt3.glif","R_.glif":"R_.glif","R_acute.alt.glif":"R_acute.alt.glif","R_acute.alt1.glif":"R_acute.alt1.glif","R_acute.alt2.glif":"R_acute.alt2.glif","R_acute.alt3.glif":"R_acute.alt3.glif","R_acute.glif":"R_acute.glif","R_caron.alt.glif":"R_caron.alt.glif","R_caron.alt1.glif":"R_caron.alt1.glif","R_caron.alt2.glif":"R_caron.alt2.glif","R_caron.alt3.glif":"R_caron.alt3.glif","R_caron.glif":"R_caron.glif","R_commaaccent.alt.glif":"R_commaaccent.alt.glif","R_commaaccent.alt1.glif":"R_commaaccent.alt1.glif","R_commaaccent.alt2.glif":"R_commaaccent.alt2.glif","R_commaaccent.alt3.glif":"R_commaaccent.alt3.glif","R_commaaccent.glif":"R_commaaccent.glif","R_ho.alt.glif":"R_ho.alt.glif","R_ho.glif":"R_ho.glif","S_.alt.glif":"S_.alt.glif","S_.alt1.glif":"S_.alt1.glif","S_.alt2.glif":"S_.alt2.glif","S_.alt3.glif":"S_.alt3.glif","S_.glif":"S_.glif","S_acute.alt.glif":"S_acute.alt.glif","S_acute.alt1.glif":"S_acute.alt1.glif","S_acute.alt2.glif":"S_acute.alt2.glif","S_acute.alt3.glif":"S_acute.alt3.glif","S_acute.glif":"S_acute.glif","S_caron.alt.glif":"S_caron.alt.glif","S_caron.alt1.glif":"S_caron.alt1.glif","S_caron.alt2.glif":"S_caron.alt2.glif","S_caron.alt3.glif":"S_caron.alt3.glif","S_caron.glif":"S_caron.glif","S_cedilla.alt.glif":"S_cedilla.alt.glif","S_cedilla.alt1.glif":"S_cedilla.alt1.glif","S_cedilla.alt2.glif":"S_cedilla.alt2.glif","S_cedilla.alt3.glif":"S_cedilla.alt3.glif","S_cedilla.glif":"S_cedilla.glif","S_circumflex.alt.glif":"S_circumflex.alt.glif","S_circumflex.alt1.glif":"S_circumflex.alt1.glif","S_circumflex.alt2.glif":"S_circumflex.alt2.glif","S_circumflex.alt3.glif":"S_circumflex.alt3.glif","S_circumflex.glif":"S_circumflex.glif","S_commaaccent.glif":"S_commaaccent.glif","S_igma.alt.glif":"S_igma.alt.glif","S_igma.glif":"S_igma.glif","T_.alt.glif":"T_.alt.glif","T_.alt1.glif":"T_.alt1.glif","T_.alt2.glif":"T_.alt2.glif","T_.alt3.glif":"T_.alt3.glif","T_.glif":"T_.glif","T_au.alt.glif":"T_au.alt.glif","T_au.glif":"T_au.glif","T_bar.alt.glif":"T_bar.alt.glif","T_bar.alt1.glif":"T_bar.alt1.glif","T_bar.alt2.glif":"T_bar.alt2.glif","T_bar.alt3.glif":"T_bar.alt3.glif","T_bar.glif":"T_bar.glif","T_caron.alt.glif":"T_caron.alt.glif","T_caron.alt1.glif":"T_caron.alt1.glif","T_caron.alt2.glif":"T_caron.alt2.glif","T_caron.alt3.glif":"T_caron.alt3.glif","T_caron.glif":"T_caron.glif","T_cedilla.alt.glif":"T_cedilla.alt.glif","T_cedilla.alt1.glif":"T_cedilla.alt1.glif","T_cedilla.alt2.glif":"T_cedilla.alt2.glif","T_cedilla.alt3.glif":"T_cedilla.alt3.glif","T_cedilla.glif":"T_cedilla.glif","T_commaaccent.glif":"T_commaaccent.glif","T_heta.alt.glif":"T_heta.alt.glif","T_heta.glif":"T_heta.glif","T_horn.alt.glif":"T_horn.alt.glif","T_horn.alt1.glif":"T_horn.alt1.glif","T_horn.alt2.glif":"T_horn.alt2.glif","T_horn.alt3.glif":"T_horn.alt3.glif","T_horn.glif":"T_horn.glif","U_.alt.glif":"U_.alt.glif","U_.alt1.glif":"U_.alt1.glif","U_.alt2.glif":"U_.alt2.glif","U_.alt3.glif":"U_.alt3.glif","U_.glif":"U_.glif","U_acute.alt.glif":"U_acute.alt.glif","U_acute.alt1.glif":"U_acute.alt1.glif","U_acute.alt2.glif":"U_acute.alt2.glif","U_acute.alt3.glif":"U_acute.alt3.glif","U_acute.glif":"U_acute.glif","U_breve.glif":"U_breve.glif","U_circumflex.alt.glif":"U_circumflex.alt.glif","U_circumflex.alt1.glif":"U_circumflex.alt1.glif","U_circumflex.alt2.glif":"U_circumflex.alt2.glif","U_circumflex.alt3.glif":"U_circumflex.alt3.glif","U_circumflex.glif":"U_circumflex.glif","U_dieresis.alt.glif":"U_dieresis.alt.glif","U_dieresis.alt1.glif":"U_dieresis.alt1.glif","U_dieresis.alt2.glif":"U_dieresis.alt2.glif","U_dieresis.alt3.glif":"U_dieresis.alt3.glif","U_dieresis.glif":"U_dieresis.glif","U_grave.alt.glif":"U_grave.alt.glif","U_grave.alt1.glif":"U_grave.alt1.glif","U_grave.alt2.glif":"U_grave.alt2.glif","U_grave.alt3.glif":"U_grave.alt3.glif","U_grave.glif":"U_grave.glif","U_horn.glif":"U_horn.glif","U_hungarumlaut.alt.glif":"U_hungarumlaut.alt.glif","U_hungarumlaut.alt1.glif":"U_hungarumlaut.alt1.glif","U_hungarumlaut.alt2.glif":"U_hungarumlaut.alt2.glif","U_hungarumlaut.alt3.glif":"U_hungarumlaut.alt3.glif","U_hungarumlaut.glif":"U_hungarumlaut.glif","U_macron.alt.glif":"U_macron.alt.glif","U_macron.alt1.glif":"U_macron.alt1.glif","U_macron.alt2.glif":"U_macron.alt2.glif","U_macron.alt3.glif":"U_macron.alt3.glif","U_macron.glif":"U_macron.glif","U_ogonek.alt.glif":"U_ogonek.alt.glif","U_ogonek.alt1.glif":"U_ogonek.alt1.glif","U_ogonek.alt2.glif":"U_ogonek.alt2.glif","U_ogonek.alt3.glif":"U_ogonek.alt3.glif","U_ogonek.glif":"U_ogonek.glif","U_psilon.alt.glif":"U_psilon.alt.glif","U_psilon.glif":"U_psilon.glif","U_psilondieresis.alt.glif":"U_psilondieresis.alt.glif","U_psilondieresis.glif":"U_psilondieresis.glif","U_psilontonos.alt.glif":"U_psilontonos.alt.glif","U_psilontonos.glif":"U_psilontonos.glif","U_ring.alt.glif":"U_ring.alt.glif","U_ring.alt1.glif":"U_ring.alt1.glif","U_ring.alt2.glif":"U_ring.alt2.glif","U_ring.alt3.glif":"U_ring.alt3.glif","U_ring.glif":"U_ring.glif","U_tilde.alt.glif":"U_tilde.alt.glif","U_tilde.alt1.glif":"U_tilde.alt1.glif","U_tilde.alt2.glif":"U_tilde.alt2.glif","U_tilde.alt3.glif":"U_tilde.alt3.glif","U_tilde.glif":"U_tilde.glif","V_.alt.glif":"V_.alt.glif","V_.alt1.glif":"V_.alt1.glif","V_.alt2.glif":"V_.alt2.glif","V_.alt3.glif":"V_.alt3.glif","V_.glif":"V_.glif","W_.alt.glif":"W_.alt.glif","W_.alt1.glif":"W_.alt1.glif","W_.alt2.glif":"W_.alt2.glif","W_.alt3.glif":"W_.alt3.glif","W_.glif":"W_.glif","W_acute.alt.glif":"W_acute.alt.glif","W_acute.alt1.glif":"W_acute.alt1.glif","W_acute.alt2.glif":"W_acute.alt2.glif","W_acute.alt3.glif":"W_acute.alt3.glif","W_acute.glif":"W_acute.glif","W_circumflex.alt.glif":"W_circumflex.alt.glif","W_circumflex.alt1.glif":"W_circumflex.alt1.glif","W_circumflex.alt2.glif":"W_circumflex.alt2.glif","W_circumflex.alt3.glif":"W_circumflex.alt3.glif","W_circumflex.glif":"W_circumflex.glif","W_dieresis.alt.glif":"W_dieresis.alt.glif","W_dieresis.alt1.glif":"W_dieresis.alt1.glif","W_dieresis.alt2.glif":"W_dieresis.alt2.glif","W_dieresis.alt3.glif":"W_dieresis.alt3.glif","W_dieresis.glif":"W_dieresis.glif","W_grave.alt.glif":"W_grave.alt.glif","W_grave.alt1.glif":"W_grave.alt1.glif","W_grave.alt2.glif":"W_grave.alt2.glif","W_grave.alt3.glif":"W_grave.alt3.glif","W_grave.glif":"W_grave.glif","X_.alt.glif":"X_.alt.glif","X_.alt1.glif":"X_.alt1.glif","X_.alt2.glif":"X_.alt2.glif","X_.alt3.glif":"X_.alt3.glif","X_.glif":"X_.glif","X_i.alt.glif":"X_i.alt.glif","X_i.glif":"X_i.glif","Y_.alt.glif":"Y_.alt.glif","Y_.alt1.glif":"Y_.alt1.glif","Y_.alt2.glif":"Y_.alt2.glif","Y_.alt3.glif":"Y_.alt3.glif","Y_.alt4.glif":"Y_.alt4.glif","Y_.glif":"Y_.glif","Y_acute.alt.glif":"Y_acute.alt.glif","Y_acute.alt1.glif":"Y_acute.alt1.glif","Y_acute.alt2.glif":"Y_acute.alt2.glif","Y_acute.alt3.glif":"Y_acute.alt3.glif","Y_acute.glif":"Y_acute.glif","Y_circumflex.alt.glif":"Y_circumflex.alt.glif","Y_circumflex.alt1.glif":"Y_circumflex.alt1.glif","Y_circumflex.alt2.glif":"Y_circumflex.alt2.glif","Y_circumflex.alt3.glif":"Y_circumflex.alt3.glif","Y_circumflex.glif":"Y_circumflex.glif","Y_dieresis.alt.glif":"Y_dieresis.alt.glif","Y_dieresis.alt1.glif":"Y_dieresis.alt1.glif","Y_dieresis.alt2.glif":"Y_dieresis.alt2.glif","Y_dieresis.alt3.glif":"Y_dieresis.alt3.glif","Y_dieresis.glif":"Y_dieresis.glif","Y_grave.alt.glif":"Y_grave.alt.glif","Y_grave.alt1.glif":"Y_grave.alt1.glif","Y_grave.alt2.glif":"Y_grave.alt2.glif","Y_grave.alt3.glif":"Y_grave.alt3.glif","Y_grave.glif":"Y_grave.glif","Z_.alt.glif":"Z_.alt.glif","Z_.alt1.glif":"Z_.alt1.glif","Z_.alt2.glif":"Z_.alt2.glif","Z_.alt3.glif":"Z_.alt3.glif","Z_.glif":"Z_.glif","Z_acute.alt.glif":"Z_acute.alt.glif","Z_acute.alt1.glif":"Z_acute.alt1.glif","Z_acute.alt2.glif":"Z_acute.alt2.glif","Z_acute.alt3.glif":"Z_acute.alt3.glif","Z_acute.glif":"Z_acute.glif","Z_caron.alt.glif":"Z_caron.alt.glif","Z_caron.alt1.glif":"Z_caron.alt1.glif","Z_caron.alt2.glif":"Z_caron.alt2.glif","Z_caron.alt3.glif":"Z_caron.alt3.glif","Z_caron.glif":"Z_caron.glif","Z_dotaccent.alt.glif":"Z_dotaccent.alt.glif","Z_dotaccent.alt1.glif":"Z_dotaccent.alt1.glif","Z_dotaccent.alt2.glif":"Z_dotaccent.alt2.glif","Z_dotaccent.alt3.glif":"Z_dotaccent.alt3.glif","Z_dotaccent.glif":"Z_dotaccent.glif","Z_eta.alt.glif":"Z_eta.alt.glif","Z_eta.glif":"Z_eta.glif","a.alt.glif":"a.alt.glif","a.alt1.glif":"a.alt1.glif","a.alt2.glif":"a.alt2.glif","a.alt3.glif":"a.alt3.glif","a.asc.glif":"a.asc.glif","a.fin.glif":"a.fin.glif","a.glif":"a.glif","a.med.glif":"a.med.glif","a.top.glif":"a.top.glif","aacute.asc.glif":"aacute.asc.glif","aacute.fin.glif":"aacute.fin.glif","aacute.glif":"aacute.glif","aacute.med.glif":"aacute.med.glif","aacute.top.glif":"aacute.top.glif","abreve.asc.glif":"abreve.asc.glif","abreve.fin.glif":"abreve.fin.glif","abreve.glif":"abreve.glif","abreve.med.glif":"abreve.med.glif","abreve.top.glif":"abreve.top.glif","acircumflex.asc.glif":"acircumflex.asc.glif","acircumflex.fin.glif":"acircumflex.fin.glif","acircumflex.glif":"acircumflex.glif","acircumflex.med.glif":"acircumflex.med.glif","acircumflex.top.glif":"acircumflex.top.glif","acute.glif":"acute.glif","adieresis.asc.glif":"adieresis.asc.glif","adieresis.fin.glif":"adieresis.fin.glif","adieresis.glif":"adieresis.glif","adieresis.med.glif":"adieresis.med.glif","adieresis.top.glif":"adieresis.top.glif","ae.asc.glif":"ae.asc.glif","ae.fin.glif":"ae.fin.glif","ae.glif":"ae.glif","ae.med.glif":"ae.med.glif","ae.top.glif":"ae.top.glif","aeacute.asc.glif":"aeacute.asc.glif","aeacute.fin.glif":"aeacute.fin.glif","aeacute.glif":"aeacute.glif","aeacute.med.glif":"aeacute.med.glif","aeacute.top.glif":"aeacute.top.glif","afii00208.glif":"afii00208.glif","afii10017.alt.glif":"afii10017.alt.glif","afii10017.glif":"afii10017.glif","afii10018.alt.glif":"afii10018.alt.glif","afii10018.glif":"afii10018.glif","afii10019.alt.glif":"afii10019.alt.glif","afii10019.glif":"afii10019.glif","afii10020.alt.glif":"afii10020.alt.glif","afii10020.glif":"afii10020.glif","afii10021.alt.glif":"afii10021.alt.glif","afii10021.glif":"afii10021.glif","afii10022.alt.glif":"afii10022.alt.glif","afii10022.glif":"afii10022.glif","afii10023.alt.glif":"afii10023.alt.glif","afii10023.fin.glif":"afii10023.fin.glif","afii10023.glif":"afii10023.glif","afii10024.alt.glif":"afii10024.alt.glif","afii10024.glif":"afii10024.glif","afii10025.alt.glif":"afii10025.alt.glif","afii10025.glif":"afii10025.glif","afii10026.alt.glif":"afii10026.alt.glif","afii10026.glif":"afii10026.glif","afii10027.alt.glif":"afii10027.alt.glif","afii10027.glif":"afii10027.glif","afii10028.alt.glif":"afii10028.alt.glif","afii10028.glif":"afii10028.glif","afii10029.alt.glif":"afii10029.alt.glif","afii10029.glif":"afii10029.glif","afii10030.alt.glif":"afii10030.alt.glif","afii10030.glif":"afii10030.glif","afii10031.alt.glif":"afii10031.alt.glif","afii10031.glif":"afii10031.glif","afii10032.alt.glif":"afii10032.alt.glif","afii10032.glif":"afii10032.glif","afii10033.alt.glif":"afii10033.alt.glif","afii10033.glif":"afii10033.glif","afii10034.alt.glif":"afii10034.alt.glif","afii10034.glif":"afii10034.glif","afii10035.alt.glif":"afii10035.alt.glif","afii10035.glif":"afii10035.glif","afii10036.alt.glif":"afii10036.alt.glif","afii10036.glif":"afii10036.glif","afii10037.alt.glif":"afii10037.alt.glif","afii10037.glif":"afii10037.glif","afii10038.alt.glif":"afii10038.alt.glif","afii10038.glif":"afii10038.glif","afii10039.alt.glif":"afii10039.alt.glif","afii10039.glif":"afii10039.glif","afii10040.alt.glif":"afii10040.alt.glif","afii10040.glif":"afii10040.glif","afii10041.alt.glif":"afii10041.alt.glif","afii10041.glif":"afii10041.glif","afii10042.alt.glif":"afii10042.alt.glif","afii10042.glif":"afii10042.glif","afii10043.alt.glif":"afii10043.alt.glif","afii10043.glif":"afii10043.glif","afii10044.alt.glif":"afii10044.alt.glif","afii10044.glif":"afii10044.glif","afii10045.alt.glif":"afii10045.alt.glif","afii10045.glif":"afii10045.glif","afii10046.alt.glif":"afii10046.alt.glif","afii10046.glif":"afii10046.glif","afii10047.alt.glif":"afii10047.alt.glif","afii10047.glif":"afii10047.glif","afii10048.alt.glif":"afii10048.alt.glif","afii10048.glif":"afii10048.glif","afii10049.alt.glif":"afii10049.alt.glif","afii10049.glif":"afii10049.glif","afii10050.alt.glif":"afii10050.alt.glif","afii10050.glif":"afii10050.glif","afii10051.alt.glif":"afii10051.alt.glif","afii10051.glif":"afii10051.glif","afii10052.alt.glif":"afii10052.alt.glif","afii10052.glif":"afii10052.glif","afii10053.alt.glif":"afii10053.alt.glif","afii10053.glif":"afii10053.glif","afii10054.alt.glif":"afii10054.alt.glif","afii10054.glif":"afii10054.glif","afii10055.alt.glif":"afii10055.alt.glif","afii10055.glif":"afii10055.glif","afii10056.alt.glif":"afii10056.alt.glif","afii10056.glif":"afii10056.glif","afii10057.alt.glif":"afii10057.alt.glif","afii10057.glif":"afii10057.glif","afii10058.alt.glif":"afii10058.alt.glif","afii10058.glif":"afii10058.glif","afii10059.alt.glif":"afii10059.alt.glif","afii10059.glif":"afii10059.glif","afii10060.alt.glif":"afii10060.alt.glif","afii10060.glif":"afii10060.glif","afii10061.alt.glif":"afii10061.alt.glif","afii10061.glif":"afii10061.glif","afii10062.alt.glif":"afii10062.alt.glif","afii10062.glif":"afii10062.glif","afii10065.alt.glif":"afii10065.alt.glif","afii10065.fin.glif":"afii10065.fin.glif","afii10065.glif":"afii10065.glif","afii10066.alt.glif":"afii10066.alt.glif","afii10066.fin.glif":"afii10066.fin.glif","afii10066.glif":"afii10066.glif","afii10067.alt.glif":"afii10067.alt.glif","afii10067.fin.glif":"afii10067.fin.glif","afii10067.glif":"afii10067.glif","afii10068.alt.glif":"afii10068.alt.glif","afii10068.fin.glif":"afii10068.fin.glif","afii10068.glif":"afii10068.glif","afii10069.alt.glif":"afii10069.alt.glif","afii10069.fin.glif":"afii10069.fin.glif","afii10069.glif":"afii10069.glif","afii10070.alt.glif":"afii10070.alt.glif","afii10070.fin.glif":"afii10070.fin.glif","afii10070.glif":"afii10070.glif","afii10071.alt.glif":"afii10071.alt.glif","afii10071.fin.glif":"afii10071.fin.glif","afii10071.glif":"afii10071.glif","afii10072.alt.glif":"afii10072.alt.glif","afii10072.fin.glif":"afii10072.fin.glif","afii10072.glif":"afii10072.glif","afii10073.alt.glif":"afii10073.alt.glif","afii10073.fin.glif":"afii10073.fin.glif","afii10073.glif":"afii10073.glif","afii10074.alt.glif":"afii10074.alt.glif","afii10074.fin.glif":"afii10074.fin.glif","afii10074.glif":"afii10074.glif","afii10075.alt.glif":"afii10075.alt.glif","afii10075.fin.glif":"afii10075.fin.glif","afii10075.glif":"afii10075.glif","afii10076.alt.glif":"afii10076.alt.glif","afii10076.fin.glif":"afii10076.fin.glif","afii10076.glif":"afii10076.glif","afii10077.alt.glif":"afii10077.alt.glif","afii10077.fin.glif":"afii10077.fin.glif","afii10077.glif":"afii10077.glif","afii10078.alt.glif":"afii10078.alt.glif","afii10078.fin.glif":"afii10078.fin.glif","afii10078.glif":"afii10078.glif","afii10079.alt.glif":"afii10079.alt.glif","afii10079.fin.glif":"afii10079.fin.glif","afii10079.glif":"afii10079.glif","afii10080.alt.glif":"afii10080.alt.glif","afii10080.fin.glif":"afii10080.fin.glif","afii10080.glif":"afii10080.glif","afii10081.alt.glif":"afii10081.alt.glif","afii10081.fin.glif":"afii10081.fin.glif","afii10081.glif":"afii10081.glif","afii10082.alt.glif":"afii10082.alt.glif","afii10082.fin.glif":"afii10082.fin.glif","afii10082.glif":"afii10082.glif","afii10083.alt.glif":"afii10083.alt.glif","afii10083.fin.glif":"afii10083.fin.glif","afii10083.glif":"afii10083.glif","afii10084.alt.glif":"afii10084.alt.glif","afii10084.fin.glif":"afii10084.fin.glif","afii10084.glif":"afii10084.glif","afii10085.alt.glif":"afii10085.alt.glif","afii10085.fin.glif":"afii10085.fin.glif","afii10085.glif":"afii10085.glif","afii10086.alt.glif":"afii10086.alt.glif","afii10086.fin.glif":"afii10086.fin.glif","afii10086.glif":"afii10086.glif","afii10087.alt.glif":"afii10087.alt.glif","afii10087.fin.glif":"afii10087.fin.glif","afii10087.glif":"afii10087.glif","afii10088.alt.glif":"afii10088.alt.glif","afii10088.fin.glif":"afii10088.fin.glif","afii10088.glif":"afii10088.glif","afii10089.alt.glif":"afii10089.alt.glif","afii10089.fin.glif":"afii10089.fin.glif","afii10089.glif":"afii10089.glif","afii10090.alt.glif":"afii10090.alt.glif","afii10090.fin.glif":"afii10090.fin.glif","afii10090.glif":"afii10090.glif","afii10091.alt.glif":"afii10091.alt.glif","afii10091.fin.glif":"afii10091.fin.glif","afii10091.glif":"afii10091.glif","afii10092.alt.glif":"afii10092.alt.glif","afii10092.fin.glif":"afii10092.fin.glif","afii10092.glif":"afii10092.glif","afii10093.alt.glif":"afii10093.alt.glif","afii10093.fin.glif":"afii10093.fin.glif","afii10093.glif":"afii10093.glif","afii10094.alt.glif":"afii10094.alt.glif","afii10094.fin.glif":"afii10094.fin.glif","afii10094.glif":"afii10094.glif","afii10095.alt.glif":"afii10095.alt.glif","afii10095.fin.glif":"afii10095.fin.glif","afii10095.glif":"afii10095.glif","afii10096.alt.glif":"afii10096.alt.glif","afii10096.fin.glif":"afii10096.fin.glif","afii10096.glif":"afii10096.glif","afii10097.alt.glif":"afii10097.alt.glif","afii10097.fin.glif":"afii10097.fin.glif","afii10097.glif":"afii10097.glif","afii10098.alt.glif":"afii10098.alt.glif","afii10098.fin.glif":"afii10098.fin.glif","afii10098.glif":"afii10098.glif","afii10099.alt.glif":"afii10099.alt.glif","afii10099.fin.glif":"afii10099.fin.glif","afii10099.glif":"afii10099.glif","afii10100.alt.glif":"afii10100.alt.glif","afii10100.fin.glif":"afii10100.fin.glif","afii10100.glif":"afii10100.glif","afii10101.alt.glif":"afii10101.alt.glif","afii10101.fin.glif":"afii10101.fin.glif","afii10101.glif":"afii10101.glif","afii10102.alt.glif":"afii10102.alt.glif","afii10102.fin.glif":"afii10102.fin.glif","afii10102.glif":"afii10102.glif","afii10103.alt.glif":"afii10103.alt.glif","afii10103.fin.glif":"afii10103.fin.glif","afii10103.glif":"afii10103.glif","afii10104.alt.glif":"afii10104.alt.glif","afii10104.fin.glif":"afii10104.fin.glif","afii10104.glif":"afii10104.glif","afii10105.alt.glif":"afii10105.alt.glif","afii10105.fin.glif":"afii10105.fin.glif","afii10105.glif":"afii10105.glif","afii10106.alt.glif":"afii10106.alt.glif","afii10106.fin.glif":"afii10106.fin.glif","afii10106.glif":"afii10106.glif","afii10107.alt.glif":"afii10107.alt.glif","afii10107.fin.glif":"afii10107.fin.glif","afii10107.glif":"afii10107.glif","afii10108.alt.glif":"afii10108.alt.glif","afii10108.fin.glif":"afii10108.fin.glif","afii10108.glif":"afii10108.glif","afii10109.alt.glif":"afii10109.alt.glif","afii10109.fin.glif":"afii10109.fin.glif","afii10109.glif":"afii10109.glif","afii10110.alt.glif":"afii10110.alt.glif","afii10110.fin.glif":"afii10110.fin.glif","afii10110.glif":"afii10110.glif","afii10145.alt.glif":"afii10145.alt.glif","afii10145.glif":"afii10145.glif","afii10193.alt.glif":"afii10193.alt.glif","afii10193.fin.glif":"afii10193.fin.glif","afii10193.glif":"afii10193.glif","afii61248.glif":"afii61248.glif","afii61289.glif":"afii61289.glif","afii61352.alt.glif":"afii61352.alt.glif","afii61352.glif":"afii61352.glif","agrave.asc.glif":"agrave.asc.glif","agrave.fin.glif":"agrave.fin.glif","agrave.glif":"agrave.glif","agrave.med.glif":"agrave.med.glif","agrave.top.glif":"agrave.top.glif","alpha.glif":"alpha.glif","alpha.med.glif":"alpha.med.glif","alpha.med1.glif":"alpha.med1.glif","alphatonos.glif":"alphatonos.glif","alphatonos.med.glif":"alphatonos.med.glif","alphatonos.med1.glif":"alphatonos.med1.glif","amacron.asc.glif":"amacron.asc.glif","amacron.fin.glif":"amacron.fin.glif","amacron.glif":"amacron.glif","amacron.med.glif":"amacron.med.glif","amacron.top.glif":"amacron.top.glif","ampersand.glif":"ampersand.glif","anoteleia.glif":"anoteleia.glif","aogonek.asc.glif":"aogonek.asc.glif","aogonek.fin.glif":"aogonek.fin.glif","aogonek.glif":"aogonek.glif","aogonek.med.glif":"aogonek.med.glif","aogonek.top.glif":"aogonek.top.glif","approxequal.glif":"approxequal.glif","aring.asc.glif":"aring.asc.glif","aring.fin.glif":"aring.fin.glif","aring.glif":"aring.glif","aring.med.glif":"aring.med.glif","aring.top.glif":"aring.top.glif","aringacute.asc.glif":"aringacute.asc.glif","aringacute.fin.glif":"aringacute.fin.glif","aringacute.glif":"aringacute.glif","aringacute.med.glif":"aringacute.med.glif","aringacute.top.glif":"aringacute.top.glif","arrowboth.glif":"arrowboth.glif","arrowdown.glif":"arrowdown.glif","arrowleft.glif":"arrowleft.glif","arrowright.glif":"arrowright.glif","arrowup.glif":"arrowup.glif","arrowupdn.glif":"arrowupdn.glif","arrowupdnbse.glif":"arrowupdnbse.glif","asciicircum.glif":"asciicircum.glif","asciitilde.glif":"asciitilde.glif","asterisk.glif":"asterisk.glif","at.glif":"at.glif","atilde.asc.glif":"atilde.asc.glif","atilde.fin.glif":"atilde.fin.glif","atilde.glif":"atilde.glif","atilde.med.glif":"atilde.med.glif","atilde.top.glif":"atilde.top.glif","b.asc.glif":"b.asc.glif","b.fin.glif":"b.fin.glif","b.glif":"b.glif","b.init.glif":"b.init.glif","b.med.glif":"b.med.glif","b.top.glif":"b.top.glif","backslash.glif":"backslash.glif","bar.glif":"bar.glif","beta.alt.glif":"beta.alt.glif","beta.glif":"beta.glif","block.glif":"block.glif","braceleft.glif":"braceleft.glif","braceright.glif":"braceright.glif","bracketleft.glif":"bracketleft.glif","bracketright.glif":"bracketright.glif","breve.cyr.glif":"breve.cyr.glif","breve.glif":"breve.glif","brokenbar.glif":"brokenbar.glif","bullet.glif":"bullet.glif","c.asc.glif":"c.asc.glif","c.fin.glif":"c.fin.glif","c.glif":"c.glif","c.med.glif":"c.med.glif","c.top.glif":"c.top.glif","cacute.asc.glif":"cacute.asc.glif","cacute.fin.glif":"cacute.fin.glif","cacute.glif":"cacute.glif","cacute.med.glif":"cacute.med.glif","cacute.top.glif":"cacute.top.glif","caron.glif":"caron.glif","ccaron.asc.glif":"ccaron.asc.glif","ccaron.fin.glif":"ccaron.fin.glif","ccaron.glif":"ccaron.glif","ccaron.med.glif":"ccaron.med.glif","ccaron.top.glif":"ccaron.top.glif","ccedilla.asc.glif":"ccedilla.asc.glif","ccedilla.fin.glif":"ccedilla.fin.glif","ccedilla.glif":"ccedilla.glif","ccedilla.med.glif":"ccedilla.med.glif","ccedilla.top.glif":"ccedilla.top.glif","ccircumflex.asc.glif":"ccircumflex.asc.glif","ccircumflex.fin.glif":"ccircumflex.fin.glif","ccircumflex.glif":"ccircumflex.glif","ccircumflex.med.glif":"ccircumflex.med.glif","ccircumflex.top.glif":"ccircumflex.top.glif","cdotaccent.asc.glif":"cdotaccent.asc.glif","cdotaccent.fin.glif":"cdotaccent.fin.glif","cdotaccent.glif":"cdotaccent.glif","cdotaccent.med.glif":"cdotaccent.med.glif","cdotaccent.top.glif":"cdotaccent.top.glif","cedilla.glif":"cedilla.glif","cent.glif":"cent.glif","chi.alt.glif":"chi.alt.glif","chi.glif":"chi.glif","circle.glif":"circle.glif","circumflex.glif":"circumflex.glif","club.glif":"club.glif","colon.glif":"colon.glif","comma.glif":"comma.glif","contents.plist":"contents.plist","copyright.glif":"copyright.glif","currency.glif":"currency.glif","d.asc.glif":"d.asc.glif","d.fin.glif":"d.fin.glif","d.glif":"d.glif","d.med.glif":"d.med.glif","d.top.glif":"d.top.glif","dagger.glif":"dagger.glif","daggerdbl.glif":"daggerdbl.glif","dcaron.asc.glif":"dcaron.asc.glif","dcaron.fin.glif":"dcaron.fin.glif","dcaron.glif":"dcaron.glif","dcaron.med.glif":"dcaron.med.glif","dcaron.top.glif":"dcaron.top.glif","dcroat.asc.glif":"dcroat.asc.glif","dcroat.fin.glif":"dcroat.fin.glif","dcroat.glif":"dcroat.glif","dcroat.med.glif":"dcroat.med.glif","dcroat.top.glif":"dcroat.top.glif","degree.glif":"degree.glif","delta.alt.glif":"delta.alt.glif","delta.glif":"delta.glif","dieresis.glif":"dieresis.glif","dieresistonos.glif":"dieresistonos.glif","divide.glif":"divide.glif","dkshade.glif":"dkshade.glif","dnblock.glif":"dnblock.glif","dollar.glif":"dollar.glif","dotaccent.glif":"dotaccent.glif","dotlessi.asc.glif":"dotlessi.asc.glif","dotlessi.fin.glif":"dotlessi.fin.glif","dotlessi.glif":"dotlessi.glif","dotlessi.med.glif":"dotlessi.med.glif","dotlessi.top.glif":"dotlessi.top.glif","e.alt.glif":"e.alt.glif","e.asc.glif":"e.asc.glif","e.fin.glif":"e.fin.glif","e.glif":"e.glif","e.med.glif":"e.med.glif","e.top.glif":"e.top.glif","eacute.asc.glif":"eacute.asc.glif","eacute.fin.glif":"eacute.fin.glif","eacute.glif":"eacute.glif","eacute.med.glif":"eacute.med.glif","eacute.top.glif":"eacute.top.glif","ebreve.asc.glif":"ebreve.asc.glif","ebreve.fin.glif":"ebreve.fin.glif","ebreve.glif":"ebreve.glif","ebreve.med.glif":"ebreve.med.glif","ebreve.top.glif":"ebreve.top.glif","ecaron.asc.glif":"ecaron.asc.glif","ecaron.fin.glif":"ecaron.fin.glif","ecaron.glif":"ecaron.glif","ecaron.med.glif":"ecaron.med.glif","ecaron.top.glif":"ecaron.top.glif","ecircumflex.asc.glif":"ecircumflex.asc.glif","ecircumflex.fin.glif":"ecircumflex.fin.glif","ecircumflex.glif":"ecircumflex.glif","ecircumflex.med.glif":"ecircumflex.med.glif","ecircumflex.top.glif":"ecircumflex.top.glif","edieresis.asc.glif":"edieresis.asc.glif","edieresis.fin.glif":"edieresis.fin.glif","edieresis.glif":"edieresis.glif","edieresis.med.glif":"edieresis.med.glif","edieresis.top.glif":"edieresis.top.glif","edotaccent.asc.glif":"edotaccent.asc.glif","edotaccent.fin.glif":"edotaccent.fin.glif","edotaccent.glif":"edotaccent.glif","edotaccent.med.glif":"edotaccent.med.glif","edotaccent.top.glif":"edotaccent.top.glif","egrave.asc.glif":"egrave.asc.glif","egrave.fin.glif":"egrave.fin.glif","egrave.glif":"egrave.glif","egrave.med.glif":"egrave.med.glif","egrave.top.glif":"egrave.top.glif","eight.alt.glif":"eight.alt.glif","eight.fitted.glif":"eight.fitted.glif","eight.fittedalt.glif":"eight.fittedalt.glif","eight.glif":"eight.glif","ellipsis.glif":"ellipsis.glif","emacron.asc.glif":"emacron.asc.glif","emacron.fin.glif":"emacron.fin.glif","emacron.glif":"emacron.glif","emacron.med.glif":"emacron.med.glif","emacron.top.glif":"emacron.top.glif","emdash.glif":"emdash.glif","endash.glif":"endash.glif","eng.glif":"eng.glif","eogonek.asc.glif":"eogonek.asc.glif","eogonek.fin.glif":"eogonek.fin.glif","eogonek.glif":"eogonek.glif","eogonek.med.glif":"eogonek.med.glif","eogonek.top.glif":"eogonek.top.glif","epsilon.glif":"epsilon.glif","epsilon.med.glif":"epsilon.med.glif","epsilon.med1.glif":"epsilon.med1.glif","epsilontonos.glif":"epsilontonos.glif","epsilontonos.med.glif":"epsilontonos.med.glif","epsilontonos.med1.glif":"epsilontonos.med1.glif","equal.glif":"equal.glif","equivalence.glif":"equivalence.glif","estimated.glif":"estimated.glif","eta.alt.glif":"eta.alt.glif","eta.glif":"eta.glif","etatonos.alt.glif":"etatonos.alt.glif","etatonos.glif":"etatonos.glif","eth.asc.glif":"eth.asc.glif","eth.fin.glif":"eth.fin.glif","eth.glif":"eth.glif","eth.med.glif":"eth.med.glif","eth.top.glif":"eth.top.glif","exclam.glif":"exclam.glif","exclamdbl.glif":"exclamdbl.glif","exclamdown.glif":"exclamdown.glif","f.asc.glif":"f.asc.glif","f.fin.glif":"f.fin.glif","f.glif":"f.glif","f.med.glif":"f.med.glif","f.top.glif":"f.top.glif","f_f_i.asc.glif":"f_f_i.asc.glif","f_f_i.fin.glif":"f_f_i.fin.glif","f_f_i.glif":"f_f_i.glif","f_f_i.med.glif":"f_f_i.med.glif","f_f_i.top.glif":"f_f_i.top.glif","f_f_l.asc.glif":"f_f_l.asc.glif","f_f_l.fin.glif":"f_f_l.fin.glif","f_f_l.glif":"f_f_l.glif","f_f_l.med.glif":"f_f_l.med.glif","f_f_l.top.glif":"f_f_l.top.glif","f_t.asc.glif":"f_t.asc.glif","f_t.fin.glif":"f_t.fin.glif","f_t.glif":"f_t.glif","f_t.med.glif":"f_t.med.glif","f_t.top.glif":"f_t.top.glif","female.glif":"female.glif","ff.asc.glif":"ff.asc.glif","ff.fin.glif":"ff.fin.glif","ff.glif":"ff.glif","ff.med.glif":"ff.med.glif","ff.top.glif":"ff.top.glif","ffi.glif":"ffi.glif","ffl.glif":"ffl.glif","fi.asc.glif":"fi.asc.glif","fi.fin.glif":"fi.fin.glif","fi.glif":"fi.glif","fi.med.glif":"fi.med.glif","fi.top.glif":"fi.top.glif","filledbox.glif":"filledbox.glif","five.alt.glif":"five.alt.glif","five.fitted.glif":"five.fitted.glif","five.fittedalt.glif":"five.fittedalt.glif","five.glif":"five.glif","fiveeighths.glif":"fiveeighths.glif","fl.asc.glif":"fl.asc.glif","fl.fin.glif":"fl.fin.glif","fl.glif":"fl.glif","fl.med.glif":"fl.med.glif","fl.top.glif":"fl.top.glif","florin.glif":"florin.glif","four.alt.glif":"four.alt.glif","four.fitted.glif":"four.fitted.glif","four.fittedalt.glif":"four.fittedalt.glif","four.glif":"four.glif","foursuperior.glif":"foursuperior.glif","fraction.glif":"fraction.glif","franc.glif":"franc.glif","g.asc.glif":"g.asc.glif","g.fin.glif":"g.fin.glif","g.glif":"g.glif","g.med.glif":"g.med.glif","g.top.glif":"g.top.glif","gamma.alt.glif":"gamma.alt.glif","gamma.glif":"gamma.glif","gbreve.asc.glif":"gbreve.asc.glif","gbreve.fin.glif":"gbreve.fin.glif","gbreve.glif":"gbreve.glif","gbreve.med.glif":"gbreve.med.glif","gbreve.top.glif":"gbreve.top.glif","gcaron.glif":"gcaron.glif","gcircumflex.asc.glif":"gcircumflex.asc.glif","gcircumflex.fin.glif":"gcircumflex.fin.glif","gcircumflex.glif":"gcircumflex.glif","gcircumflex.med.glif":"gcircumflex.med.glif","gcircumflex.top.glif":"gcircumflex.top.glif","gcommaaccent.asc.glif":"gcommaaccent.asc.glif","gcommaaccent.fin.glif":"gcommaaccent.fin.glif","gcommaaccent.glif":"gcommaaccent.glif","gcommaaccent.med.glif":"gcommaaccent.med.glif","gcommaaccent.top.glif":"gcommaaccent.top.glif","gdotaccent.glif":"gdotaccent.glif","germandbls.glif":"germandbls.glif","glyph0.glif":"glyph0.glif","glyph129.glif":"glyph129.glif","glyph177.glif":"glyph177.glif","glyph285.glif":"glyph285.glif","grave.glif":"grave.glif","greater.glif":"greater.glif","greaterequal.glif":"greaterequal.glif","guillemotleft.glif":"guillemotleft.glif","guillemotright.glif":"guillemotright.glif","guilsinglleft.glif":"guilsinglleft.glif","guilsinglright.glif":"guilsinglright.glif","h.asc.glif":"h.asc.glif","h.fin.glif":"h.fin.glif","h.glif":"h.glif","h.med.glif":"h.med.glif","h.top.glif":"h.top.glif","hbar.asc.glif":"hbar.asc.glif","hbar.fin.glif":"hbar.fin.glif","hbar.glif":"hbar.glif","hbar.med.glif":"hbar.med.glif","hbar.top.glif":"hbar.top.glif","hcircumflex.asc.glif":"hcircumflex.asc.glif","hcircumflex.fin.glif":"hcircumflex.fin.glif","hcircumflex.glif":"hcircumflex.glif","hcircumflex.med.glif":"hcircumflex.med.glif","hcircumflex.top.glif":"hcircumflex.top.glif","heart.glif":"heart.glif","house.glif":"house.glif","hungarumlaut.glif":"hungarumlaut.glif","hyphen.glif":"hyphen.glif","i.asc.glif":"i.asc.glif","i.fin.glif":"i.fin.glif","i.glif":"i.glif","i.med.glif":"i.med.glif","i.top.glif":"i.top.glif","iacute.asc.glif":"iacute.asc.glif","iacute.fin.glif":"iacute.fin.glif","iacute.glif":"iacute.glif","iacute.med.glif":"iacute.med.glif","iacute.top.glif":"iacute.top.glif","ibreve.asc.glif":"ibreve.asc.glif","ibreve.fin.glif":"ibreve.fin.glif","ibreve.glif":"ibreve.glif","ibreve.med.glif":"ibreve.med.glif","ibreve.top.glif":"ibreve.top.glif","icircumflex.asc.glif":"icircumflex.asc.glif","icircumflex.fin.glif":"icircumflex.fin.glif","icircumflex.glif":"icircumflex.glif","icircumflex.med.glif":"icircumflex.med.glif","icircumflex.top.glif":"icircumflex.top.glif","idieresis.asc.glif":"idieresis.asc.glif","idieresis.fin.glif":"idieresis.fin.glif","idieresis.glif":"idieresis.glif","idieresis.med.glif":"idieresis.med.glif","idieresis.top.glif":"idieresis.top.glif","igrave.asc.glif":"igrave.asc.glif","igrave.fin.glif":"igrave.fin.glif","igrave.glif":"igrave.glif","igrave.med.glif":"igrave.med.glif","igrave.top.glif":"igrave.top.glif","ij.asc.glif":"ij.asc.glif","ij.fin.glif":"ij.fin.glif","ij.glif":"ij.glif","ij.med.glif":"ij.med.glif","ij.top.glif":"ij.top.glif","imacron.asc.glif":"imacron.asc.glif","imacron.fin.glif":"imacron.fin.glif","imacron.glif":"imacron.glif","imacron.med.glif":"imacron.med.glif","imacron.top.glif":"imacron.top.glif","infinity.glif":"infinity.glif","integral.glif":"integral.glif","integralbt.glif":"integralbt.glif","integraltp.glif":"integraltp.glif","intersection.glif":"intersection.glif","iogonek.asc.glif":"iogonek.asc.glif","iogonek.fin.glif":"iogonek.fin.glif","iogonek.glif":"iogonek.glif","iogonek.med.glif":"iogonek.med.glif","iogonek.top.glif":"iogonek.top.glif","iota.alt.glif":"iota.alt.glif","iota.glif":"iota.glif","iotadieresis.alt.glif":"iotadieresis.alt.glif","iotadieresis.glif":"iotadieresis.glif","iotadieresistonos.alt.glif":"iotadieresistonos.alt.glif","iotadieresistonos.glif":"iotadieresistonos.glif","iotatonos.alt.glif":"iotatonos.alt.glif","iotatonos.glif":"iotatonos.glif","itilde.asc.glif":"itilde.asc.glif","itilde.fin.glif":"itilde.fin.glif","itilde.glif":"itilde.glif","itilde.med.glif":"itilde.med.glif","itilde.top.glif":"itilde.top.glif","j.asc.glif":"j.asc.glif","j.fin.glif":"j.fin.glif","j.glif":"j.glif","j.med.glif":"j.med.glif","j.top.glif":"j.top.glif","jcircumflex.asc.glif":"jcircumflex.asc.glif","jcircumflex.fin.glif":"jcircumflex.fin.glif","jcircumflex.glif":"jcircumflex.glif","jcircumflex.med.glif":"jcircumflex.med.glif","jcircumflex.top.glif":"jcircumflex.top.glif","k.asc.glif":"k.asc.glif","k.fin.glif":"k.fin.glif","k.glif":"k.glif","k.med.glif":"k.med.glif","k.top.glif":"k.top.glif","kappa.glif":"kappa.glif","kappa.med.glif":"kappa.med.glif","kappa.med1.glif":"kappa.med1.glif","kcommaaccent.asc.glif":"kcommaaccent.asc.glif","kcommaaccent.fin.glif":"kcommaaccent.fin.glif","kcommaaccent.glif":"kcommaaccent.glif","kcommaaccent.med.glif":"kcommaaccent.med.glif","kcommaaccent.top.glif":"kcommaaccent.top.glif","kgreenlandic.asc.glif":"kgreenlandic.asc.glif","kgreenlandic.fin.glif":"kgreenlandic.fin.glif","kgreenlandic.glif":"kgreenlandic.glif","kgreenlandic.med.glif":"kgreenlandic.med.glif","kgreenlandic.top.glif":"kgreenlandic.top.glif","l.asc.glif":"l.asc.glif","l.fin.glif":"l.fin.glif","l.glif":"l.glif","l.med.glif":"l.med.glif","l.top.glif":"l.top.glif","lacute.asc.glif":"lacute.asc.glif","lacute.fin.glif":"lacute.fin.glif","lacute.glif":"lacute.glif","lacute.med.glif":"lacute.med.glif","lacute.top.glif":"lacute.top.glif","lambda.alt.glif":"lambda.alt.glif","lambda.glif":"lambda.glif","lcaron.asc.glif":"lcaron.asc.glif","lcaron.fin.glif":"lcaron.fin.glif","lcaron.glif":"lcaron.glif","lcaron.med.glif":"lcaron.med.glif","lcaron.top.glif":"lcaron.top.glif","lcommaaccent.asc.glif":"lcommaaccent.asc.glif","lcommaaccent.fin.glif":"lcommaaccent.fin.glif","lcommaaccent.glif":"lcommaaccent.glif","lcommaaccent.med.glif":"lcommaaccent.med.glif","lcommaaccent.top.glif":"lcommaaccent.top.glif","ldot.asc.glif":"ldot.asc.glif","ldot.fin.glif":"ldot.fin.glif","ldot.glif":"ldot.glif","ldot.med.glif":"ldot.med.glif","ldot.top.glif":"ldot.top.glif","less.glif":"less.glif","lessequal.glif":"lessequal.glif","lfblock.glif":"lfblock.glif","lira.glif":"lira.glif","logicalnot.glif":"logicalnot.glif","longs.glif":"longs.glif","lozenge.glif":"lozenge.glif","lslash.asc.glif":"lslash.asc.glif","lslash.fin.glif":"lslash.fin.glif","lslash.glif":"lslash.glif","lslash.med.glif":"lslash.med.glif","lslash.top.glif":"lslash.top.glif","m.asc.glif":"m.asc.glif","m.fin.glif":"m.fin.glif","m.glif":"m.glif","m.med.glif":"m.med.glif","m.top.glif":"m.top.glif","macron.glif":"macron.glif","male.glif":"male.glif","minus.glif":"minus.glif","minute.glif":"minute.glif","mu.alt.glif":"mu.alt.glif","mu.glif":"mu.glif","mu.med.glif":"mu.med.glif","mu.med1.glif":"mu.med1.glif","multiply.glif":"multiply.glif","musicalnote.glif":"musicalnote.glif","n.asc.glif":"n.asc.glif","n.fin.glif":"n.fin.glif","n.glif":"n.glif","n.med.glif":"n.med.glif","n.top.glif":"n.top.glif","nacute.asc.glif":"nacute.asc.glif","nacute.fin.glif":"nacute.fin.glif","nacute.glif":"nacute.glif","nacute.med.glif":"nacute.med.glif","nacute.top.glif":"nacute.top.glif","napostrophe.glif":"napostrophe.glif","ncaron.asc.glif":"ncaron.asc.glif","ncaron.fin.glif":"ncaron.fin.glif","ncaron.glif":"ncaron.glif","ncaron.med.glif":"ncaron.med.glif","ncaron.top.glif":"ncaron.top.glif","ncommaaccent.asc.glif":"ncommaaccent.asc.glif","ncommaaccent.fin.glif":"ncommaaccent.fin.glif","ncommaaccent.glif":"ncommaaccent.glif","ncommaaccent.med.glif":"ncommaaccent.med.glif","ncommaaccent.top.glif":"ncommaaccent.top.glif","nine.alt.glif":"nine.alt.glif","nine.fitted.glif":"nine.fitted.glif","nine.fittedalt.glif":"nine.fittedalt.glif","nine.glif":"nine.glif","nonmarkingreturn.glif":"nonmarkingreturn.glif","notequal.glif":"notequal.glif","nsuperior.glif":"nsuperior.glif","ntilde.asc.glif":"ntilde.asc.glif","ntilde.fin.glif":"ntilde.fin.glif","ntilde.glif":"ntilde.glif","ntilde.med.glif":"ntilde.med.glif","ntilde.top.glif":"ntilde.top.glif","nu.glif":"nu.glif","nu.med.glif":"nu.med.glif","nu.med1.glif":"nu.med1.glif","null.glif":"null.glif","numbersign.glif":"numbersign.glif","o.asc.glif":"o.asc.glif","o.fin.glif":"o.fin.glif","o.glif":"o.glif","o.med.glif":"o.med.glif","o.top.glif":"o.top.glif","o_f.asc.glif":"o_f.asc.glif","o_f.fin.glif":"o_f.fin.glif","o_f.glif":"o_f.glif","o_f.med.glif":"o_f.med.glif","o_f.top.glif":"o_f.top.glif","o_f_t.asc.glif":"o_f_t.asc.glif","o_f_t.fin.glif":"o_f_t.fin.glif","o_f_t.glif":"o_f_t.glif","o_f_t.med.glif":"o_f_t.med.glif","o_f_t.top.glif":"o_f_t.top.glif","o_t.asc.glif":"o_t.asc.glif","o_t.fin.glif":"o_t.fin.glif","o_t.glif":"o_t.glif","o_t.med.glif":"o_t.med.glif","o_t.top.glif":"o_t.top.glif","oacute.asc.glif":"oacute.asc.glif","oacute.fin.glif":"oacute.fin.glif","oacute.glif":"oacute.glif","oacute.med.glif":"oacute.med.glif","oacute.top.glif":"oacute.top.glif","obreve.asc.glif":"obreve.asc.glif","obreve.fin.glif":"obreve.fin.glif","obreve.glif":"obreve.glif","obreve.med.glif":"obreve.med.glif","obreve.top.glif":"obreve.top.glif","ocircumflex.asc.glif":"ocircumflex.asc.glif","ocircumflex.fin.glif":"ocircumflex.fin.glif","ocircumflex.glif":"ocircumflex.glif","ocircumflex.med.glif":"ocircumflex.med.glif","ocircumflex.top.glif":"ocircumflex.top.glif","odieresis.asc.glif":"odieresis.asc.glif","odieresis.fin.glif":"odieresis.fin.glif","odieresis.glif":"odieresis.glif","odieresis.med.glif":"odieresis.med.glif","odieresis.top.glif":"odieresis.top.glif","oe.asc.glif":"oe.asc.glif","oe.fin.glif":"oe.fin.glif","oe.glif":"oe.glif","oe.med.glif":"oe.med.glif","oe.top.glif":"oe.top.glif","oft.fin.glif":"oft.fin.glif","ogonek.glif":"ogonek.glif","ograve.asc.glif":"ograve.asc.glif","ograve.fin.glif":"ograve.fin.glif","ograve.glif":"ograve.glif","ograve.med.glif":"ograve.med.glif","ograve.top.glif":"ograve.top.glif","ohungarumlaut.asc.glif":"ohungarumlaut.asc.glif","ohungarumlaut.fin.glif":"ohungarumlaut.fin.glif","ohungarumlaut.glif":"ohungarumlaut.glif","ohungarumlaut.med.glif":"ohungarumlaut.med.glif","ohungarumlaut.top.glif":"ohungarumlaut.top.glif","omacron.asc.glif":"omacron.asc.glif","omacron.fin.glif":"omacron.fin.glif","omacron.glif":"omacron.glif","omacron.med.glif":"omacron.med.glif","omacron.top.glif":"omacron.top.glif","omega.glif":"omega.glif","omega.med.glif":"omega.med.glif","omega.med1.glif":"omega.med1.glif","omegatonos.glif":"omegatonos.glif","omegatonos.med.glif":"omegatonos.med.glif","omegatonos.med1.glif":"omegatonos.med1.glif","omicron.alt.glif":"omicron.alt.glif","omicron.glif":"omicron.glif","omicrontonos.alt.glif":"omicrontonos.alt.glif","omicrontonos.glif":"omicrontonos.glif","one.alt.glif":"one.alt.glif","one.fitted.glif":"one.fitted.glif","one.fittedalt.glif":"one.fittedalt.glif","one.glif":"one.glif","oneeighth.glif":"oneeighth.glif","onehalf.glif":"onehalf.glif","onequarter.glif":"onequarter.glif","onesuperior.glif":"onesuperior.glif","openbullet.glif":"openbullet.glif","ordfeminine.glif":"ordfeminine.glif","ordmasculine.glif":"ordmasculine.glif","orthogonal.glif":"orthogonal.glif","oslash.asc.glif":"oslash.asc.glif","oslash.fin.glif":"oslash.fin.glif","oslash.glif":"oslash.glif","oslash.med.glif":"oslash.med.glif","oslash.top.glif":"oslash.top.glif","oslashacute.asc.glif":"oslashacute.asc.glif","oslashacute.fin.glif":"oslashacute.fin.glif","oslashacute.glif":"oslashacute.glif","oslashacute.med.glif":"oslashacute.med.glif","oslashacute.top.glif":"oslashacute.top.glif","otilde.asc.glif":"otilde.asc.glif","otilde.fin.glif":"otilde.fin.glif","otilde.glif":"otilde.glif","otilde.med.glif":"otilde.med.glif","otilde.top.glif":"otilde.top.glif","p.asc.glif":"p.asc.glif","p.fin.glif":"p.fin.glif","p.glif":"p.glif","p.med.glif":"p.med.glif","p.top.glif":"p.top.glif","paragraph.glif":"paragraph.glif","parenleft.glif":"parenleft.glif","parenright.glif":"parenright.glif","partialdiff.glif":"partialdiff.glif","percent.glif":"percent.glif","period.glif":"period.glif","periodcentered.glif":"periodcentered.glif","perthousand.glif":"perthousand.glif","peseta.glif":"peseta.glif","phi.alt.glif":"phi.alt.glif","phi.glif":"phi.glif","pi.alt.glif":"pi.alt.glif","pi.glif":"pi.glif","pi.med.glif":"pi.med.glif","pi.med1.glif":"pi.med1.glif","plus.glif":"plus.glif","plusminus.glif":"plusminus.glif","product.glif":"product.glif","psi.alt.glif":"psi.alt.glif","psi.glif":"psi.glif","q.asc.glif":"q.asc.glif","q.fin.glif":"q.fin.glif","q.glif":"q.glif","q.med.glif":"q.med.glif","q.top.glif":"q.top.glif","question.glif":"question.glif","questiondown.glif":"questiondown.glif","quotedbl.glif":"quotedbl.glif","quotedblbase.glif":"quotedblbase.glif","quotedblleft.glif":"quotedblleft.glif","quotedblright.glif":"quotedblright.glif","quoteleft.glif":"quoteleft.glif","quotereversed.glif":"quotereversed.glif","quoteright.glif":"quoteright.glif","quotesinglbase.glif":"quotesinglbase.glif","quotesingle.glif":"quotesingle.glif","r.asc.glif":"r.asc.glif","r.fin.glif":"r.fin.glif","r.glif":"r.glif","r.med.glif":"r.med.glif","r.top.glif":"r.top.glif","r_t.asc.glif":"r_t.asc.glif","r_t.fin.glif":"r_t.fin.glif","r_t.glif":"r_t.glif","r_t.med.glif":"r_t.med.glif","r_t.top.glif":"r_t.top.glif","racute.asc.glif":"racute.asc.glif","racute.fin.glif":"racute.fin.glif","racute.glif":"racute.glif","racute.med.glif":"racute.med.glif","racute.top.glif":"racute.top.glif","radical.glif":"radical.glif","radicalex.glif":"radicalex.glif","rcaron.asc.glif":"rcaron.asc.glif","rcaron.fin.glif":"rcaron.fin.glif","rcaron.glif":"rcaron.glif","rcaron.med.glif":"rcaron.med.glif","rcaron.top.glif":"rcaron.top.glif","rcommaaccent.asc.glif":"rcommaaccent.asc.glif","rcommaaccent.fin.glif":"rcommaaccent.fin.glif","rcommaaccent.glif":"rcommaaccent.glif","rcommaaccent.med.glif":"rcommaaccent.med.glif","rcommaaccent.top.glif":"rcommaaccent.top.glif","registered.glif":"registered.glif","revlogicalnot.glif":"revlogicalnot.glif","rho.alt.glif":"rho.alt.glif","rho.glif":"rho.glif","ring.glif":"ring.glif","s.alt.glif":"s.alt.glif","s.alt1.glif":"s.alt1.glif","s.alt2.glif":"s.alt2.glif","s.alt3.glif":"s.alt3.glif","s.asc.glif":"s.asc.glif","s.fin.glif":"s.fin.glif","s.glif":"s.glif","s.med.glif":"s.med.glif","s.top.glif":"s.top.glif","s_s.glif":"s_s.glif","sacute.asc.glif":"sacute.asc.glif","sacute.fin.glif":"sacute.fin.glif","sacute.glif":"sacute.glif","sacute.med.glif":"sacute.med.glif","sacute.top.glif":"sacute.top.glif","scaron.asc.glif":"scaron.asc.glif","scaron.fin.glif":"scaron.fin.glif","scaron.glif":"scaron.glif","scaron.med.glif":"scaron.med.glif","scaron.top.glif":"scaron.top.glif","scedilla.asc.glif":"scedilla.asc.glif","scedilla.fin.glif":"scedilla.fin.glif","scedilla.glif":"scedilla.glif","scedilla.med.glif":"scedilla.med.glif","scedilla.top.glif":"scedilla.top.glif","scircumflex.asc.glif":"scircumflex.asc.glif","scircumflex.fin.glif":"scircumflex.fin.glif","scircumflex.glif":"scircumflex.glif","scircumflex.med.glif":"scircumflex.med.glif","scircumflex.top.glif":"scircumflex.top.glif","scommaaccent.glif":"scommaaccent.glif","second.glif":"second.glif","section.glif":"section.glif","semicolon.glif":"semicolon.glif","seven.alt.glif":"seven.alt.glif","seven.fitted.glif":"seven.fitted.glif","seven.fittedalt.glif":"seven.fittedalt.glif","seven.glif":"seven.glif","seveneighths.glif":"seveneighths.glif","shade.glif":"shade.glif","sigma.alt.glif":"sigma.alt.glif","sigma.glif":"sigma.glif","sigma1.alt.glif":"sigma1.alt.glif","sigma1.glif":"sigma1.glif","six.alt.glif":"six.alt.glif","six.fitted.glif":"six.fitted.glif","six.fittedalt.glif":"six.fittedalt.glif","six.glif":"six.glif","slash.glif":"slash.glif","space.glif":"space.glif","spade.glif":"spade.glif","sterling.glif":"sterling.glif","summation.glif":"summation.glif","t.asc.glif":"t.asc.glif","t.fin.glif":"t.fin.glif","t.glif":"t.glif","t.med.glif":"t.med.glif","t.top.glif":"t.top.glif","t_t.asc.glif":"t_t.asc.glif","t_t.fin.glif":"t_t.fin.glif","t_t.glif":"t_t.glif","t_t.med.glif":"t_t.med.glif","t_t.top.glif":"t_t.top.glif","tau.alt.glif":"tau.alt.glif","tau.glif":"tau.glif","tbar.asc.glif":"tbar.asc.glif","tbar.fin.glif":"tbar.fin.glif","tbar.glif":"tbar.glif","tbar.med.glif":"tbar.med.glif","tbar.top.glif":"tbar.top.glif","tcaron.asc.glif":"tcaron.asc.glif","tcaron.fin.glif":"tcaron.fin.glif","tcaron.glif":"tcaron.glif","tcaron.med.glif":"tcaron.med.glif","tcaron.top.glif":"tcaron.top.glif","tcedilla.asc.glif":"tcedilla.asc.glif","tcedilla.fin.glif":"tcedilla.fin.glif","tcedilla.glif":"tcedilla.glif","tcedilla.med.glif":"tcedilla.med.glif","tcedilla.top.glif":"tcedilla.top.glif","theta.alt.glif":"theta.alt.glif","theta.glif":"theta.glif","thorn.asc.glif":"thorn.asc.glif","thorn.fin.glif":"thorn.fin.glif","thorn.glif":"thorn.glif","thorn.med.glif":"thorn.med.glif","thorn.top.glif":"thorn.top.glif","three.alt.glif":"three.alt.glif","three.fitted.glif":"three.fitted.glif","three.fittedalt.glif":"three.fittedalt.glif","three.glif":"three.glif","threeeighths.glif":"threeeighths.glif","threequarters.glif":"threequarters.glif","threesuperior.glif":"threesuperior.glif","tilde.glif":"tilde.glif","tonos.glif":"tonos.glif","trademark.glif":"trademark.glif","triagdn.glif":"triagdn.glif","triagup.glif":"triagup.glif","two.alt.glif":"two.alt.glif","two.fitted.glif":"two.fitted.glif","two.fittedalt.glif":"two.fittedalt.glif","two.glif":"two.glif","twosuperior.glif":"twosuperior.glif","u.asc.glif":"u.asc.glif","u.fin.glif":"u.fin.glif","u.glif":"u.glif","u.med.glif":"u.med.glif","u.top.glif":"u.top.glif","u0400.alt.glif":"u0400.alt.glif","u0400.alt1.glif":"u0400.alt1.glif","u0400.alt2.glif":"u0400.alt2.glif","u0400.alt3.glif":"u0400.alt3.glif","u040d.alt.glif":"u040d.alt.glif","uacute.asc.glif":"uacute.asc.glif","uacute.fin.glif":"uacute.fin.glif","uacute.glif":"uacute.glif","uacute.med.glif":"uacute.med.glif","uacute.top.glif":"uacute.top.glif","ubreve.glif":"ubreve.glif","ucircumflex.asc.glif":"ucircumflex.asc.glif","ucircumflex.fin.glif":"ucircumflex.fin.glif","ucircumflex.glif":"ucircumflex.glif","ucircumflex.med.glif":"ucircumflex.med.glif","ucircumflex.top.glif":"ucircumflex.top.glif","udieresis.asc.glif":"udieresis.asc.glif","udieresis.fin.glif":"udieresis.fin.glif","udieresis.glif":"udieresis.glif","udieresis.med.glif":"udieresis.med.glif","udieresis.top.glif":"udieresis.top.glif","ugrave.asc.glif":"ugrave.asc.glif","ugrave.fin.glif":"ugrave.fin.glif","ugrave.glif":"ugrave.glif","ugrave.med.glif":"ugrave.med.glif","ugrave.top.glif":"ugrave.top.glif","uhungarumlaut.asc.glif":"uhungarumlaut.asc.glif","uhungarumlaut.fin.glif":"uhungarumlaut.fin.glif","uhungarumlaut.glif":"uhungarumlaut.glif","uhungarumlaut.med.glif":"uhungarumlaut.med.glif","uhungarumlaut.top.glif":"uhungarumlaut.top.glif","umacron.asc.glif":"umacron.asc.glif","umacron.fin.glif":"umacron.fin.glif","umacron.glif":"umacron.glif","umacron.med.glif":"umacron.med.glif","umacron.top.glif":"umacron.top.glif","underscore.glif":"underscore.glif","underscoredbl.glif":"underscoredbl.glif","uni00A_0.glif":"uni00A_0.glif","uni00A_D_.glif":"uni00A_D_.glif","uni00B_5.glif":"uni00B_5.glif","uni02C_9.glif":"uni02C_9.glif","uni0400.glif":"uni0400.glif","uni040D_.glif":"uni040D_.glif","uni203E_.glif":"uni203E_.glif","uni2219.glif":"uni2219.glif","uogonek.asc.glif":"uogonek.asc.glif","uogonek.fin.glif":"uogonek.fin.glif","uogonek.glif":"uogonek.glif","uogonek.med.glif":"uogonek.med.glif","uogonek.top.glif":"uogonek.top.glif","upsilon.alt.glif":"upsilon.alt.glif","upsilon.glif":"upsilon.glif","upsilondieresis.alt.glif":"upsilondieresis.alt.glif","upsilondieresis.glif":"upsilondieresis.glif","upsilondieresistonos.alt.glif":"upsilondieresistonos.alt.glif","upsilondieresistonos.glif":"upsilondieresistonos.glif","upsilontonos.alt.glif":"upsilontonos.alt.glif","upsilontonos.glif":"upsilontonos.glif","uring.asc.glif":"uring.asc.glif","uring.fin.glif":"uring.fin.glif","uring.glif":"uring.glif","uring.med.glif":"uring.med.glif","uring.top.glif":"uring.top.glif","utilde.asc.glif":"utilde.asc.glif","utilde.fin.glif":"utilde.fin.glif","utilde.glif":"utilde.glif","utilde.med.glif":"utilde.med.glif","utilde.top.glif":"utilde.top.glif","v.asc.glif":"v.asc.glif","v.fin.glif":"v.fin.glif","v.glif":"v.glif","v.med.glif":"v.med.glif","v.top.glif":"v.top.glif","w.asc.glif":"w.asc.glif","w.fin.glif":"w.fin.glif","w.glif":"w.glif","w.med.glif":"w.med.glif","w.top.glif":"w.top.glif","wacute.asc.glif":"wacute.asc.glif","wacute.fin.glif":"wacute.fin.glif","wacute.glif":"wacute.glif","wacute.med.glif":"wacute.med.glif","wacute.top.glif":"wacute.top.glif","wcircumflex.asc.glif":"wcircumflex.asc.glif","wcircumflex.fin.glif":"wcircumflex.fin.glif","wcircumflex.glif":"wcircumflex.glif","wcircumflex.med.glif":"wcircumflex.med.glif","wcircumflex.top.glif":"wcircumflex.top.glif","wdieresis.asc.glif":"wdieresis.asc.glif","wdieresis.fin.glif":"wdieresis.fin.glif","wdieresis.glif":"wdieresis.glif","wdieresis.med.glif":"wdieresis.med.glif","wdieresis.top.glif":"wdieresis.top.glif","wgrave.asc.glif":"wgrave.asc.glif","wgrave.fin.glif":"wgrave.fin.glif","wgrave.glif":"wgrave.glif","wgrave.med.glif":"wgrave.med.glif","wgrave.top.glif":"wgrave.top.glif","x.asc.glif":"x.asc.glif","x.fin.glif":"x.fin.glif","x.glif":"x.glif","x.med.glif":"x.med.glif","x.top.glif":"x.top.glif","xi.alt.glif":"xi.alt.glif","xi.glif":"xi.glif","y.asc.glif":"y.asc.glif","y.fin.glif":"y.fin.glif","y.glif":"y.glif","y.med.glif":"y.med.glif","y.top.glif":"y.top.glif","yacute.asc.glif":"yacute.asc.glif","yacute.fin.glif":"yacute.fin.glif","yacute.glif":"yacute.glif","yacute.med.glif":"yacute.med.glif","yacute.top.glif":"yacute.top.glif","ycircumflex.asc.glif":"ycircumflex.asc.glif","ycircumflex.fin.glif":"ycircumflex.fin.glif","ycircumflex.glif":"ycircumflex.glif","ycircumflex.med.glif":"ycircumflex.med.glif","ycircumflex.top.glif":"ycircumflex.top.glif","ydieresis.asc.glif":"ydieresis.asc.glif","ydieresis.fin.glif":"ydieresis.fin.glif","ydieresis.glif":"ydieresis.glif","ydieresis.med.glif":"ydieresis.med.glif","ydieresis.top.glif":"ydieresis.top.glif","yen.glif":"yen.glif","ygrave.asc.glif":"ygrave.asc.glif","ygrave.fin.glif":"ygrave.fin.glif","ygrave.glif":"ygrave.glif","ygrave.med.glif":"ygrave.med.glif","ygrave.top.glif":"ygrave.top.glif","z.asc.glif":"z.asc.glif","z.fin.glif":"z.fin.glif","z.glif":"z.glif","z.med.glif":"z.med.glif","z.top.glif":"z.top.glif","zacute.asc.glif":"zacute.asc.glif","zacute.fin.glif":"zacute.fin.glif","zacute.glif":"zacute.glif","zacute.med.glif":"zacute.med.glif","zacute.top.glif":"zacute.top.glif","zcaron.asc.glif":"zcaron.asc.glif","zcaron.fin.glif":"zcaron.fin.glif","zcaron.glif":"zcaron.glif","zcaron.med.glif":"zcaron.med.glif","zcaron.top.glif":"zcaron.top.glif","zdotaccent.asc.glif":"zdotaccent.asc.glif","zdotaccent.fin.glif":"zdotaccent.fin.glif","zdotaccent.glif":"zdotaccent.glif","zdotaccent.med.glif":"zdotaccent.med.glif","zdotaccent.top.glif":"zdotaccent.top.glif","zero.alt.glif":"zero.alt.glif","zero.fitted.glif":"zero.fitted.glif","zero.fittedalt.glif":"zero.fittedalt.glif","zero.glif":"zero.glif","zeta.alt.glif":"zeta.alt.glif","zeta.glif":"zeta.glif"}},"Font":{"uploaded":1494653883.6692,"licence":"gpl3","company":"Chronolabs Cooperative","title":"Segoe Script","version":2.001,"date":"Fri Nov 25 22:15:53 2016","creator":"root","type":"1","matrix":"0.000488281 0 0 0.000488281 0 0","named":"SegoeScript","painttype":"0","info":"10 dict dup","name":"Segoe Script","family":"Segoe Script","weight":"Book","fstype":"8","italicangle":"0","underlineposition":"","underlinethickness":""},"Table":{"FFTM":{"entryLength":16,"tag":"FFTM","checksum":2095068477,"offset":1050808,"length":28},"GDEF":{"entryLength":16,"tag":"GDEF","checksum":2623388,"offset":1050776,"length":30},"OS\/2":{"entryLength":16,"tag":"OS\/2","checksum":3701188440,"offset":344,"length":86},"cmap":{"entryLength":16,"tag":"cmap","checksum":3024339110,"offset":8200,"length":2104},"gasp":{"entryLength":16,"tag":"gasp","checksum":4294901763,"offset":1050768,"length":8},"glyf":{"entryLength":16,"tag":"glyf","checksum":3866102274,"offset":18076,"length":1009640},"head":{"entryLength":16,"tag":"head","checksum":311682598,"offset":220,"length":54},"hhea":{"entryLength":16,"tag":"hhea","checksum":347737378,"offset":276,"length":36},"hmtx":{"entryLength":16,"tag":"hmtx","checksum":1172636591,"offset":432,"length":7768},"loca":{"entryLength":16,"tag":"loca","checksum":899933568,"offset":10304,"length":7772},"maxp":{"entryLength":16,"tag":"maxp","checksum":135922603,"offset":312,"length":32},"name":{"entryLength":16,"tag":"name","checksum":3285330935,"offset":1027716,"length":621},"post":{"entryLength":16,"tag":"post","checksum":4062591688,"offset":1028340,"length":22426}},"UnicodeCharMap":{"13":2,"32":3,"33":4,"34":5,"35":6,"36":7,"37":8,"38":9,"39":10,"40":11,"41":12,"42":13,"43":14,"44":15,"45":16,"46":17,"47":18,"48":19,"49":20,"50":21,"51":22,"52":23,"53":24,"54":25,"55":26,"56":27,"57":28,"58":29,"59":30,"60":31,"61":32,"62":33,"63":34,"64":35,"65":36,"66":37,"67":38,"68":39,"69":40,"70":41,"71":42,"72":43,"73":44,"74":45,"75":46,"76":47,"77":48,"78":49,"79":50,"80":51,"81":52,"82":53,"83":54,"84":55,"85":56,"86":57,"87":58,"88":59,"89":60,"90":61,"91":62,"92":63,"93":64,"94":65,"95":66,"96":67,"97":68,"98":69,"99":70,"100":71,"101":72,"102":73,"103":74,"104":75,"105":76,"106":77,"107":78,"108":79,"109":80,"110":81,"111":82,"112":83,"113":84,"114":85,"115":86,"116":87,"117":88,"118":89,"119":90,"120":91,"121":92,"122":93,"123":94,"124":95,"125":96,"126":97,"160":98,"161":99,"162":100,"163":101,"164":102,"165":103,"166":104,"167":105,"168":106,"169":107,"170":108,"171":109,"172":110,"173":111,"174":112,"175":113,"176":114,"177":115,"178":116,"179":117,"180":118,"181":119,"182":120,"183":121,"184":122,"185":123,"186":124,"187":125,"188":126,"189":127,"190":128,"191":129,"192":130,"193":131,"194":132,"195":133,"196":134,"197":135,"198":136,"199":137,"200":138,"201":139,"202":140,"203":141,"204":142,"205":143,"206":144,"207":145,"208":146,"209":147,"210":148,"211":149,"212":150,"213":151,"214":152,"215":153,"216":154,"217":155,"218":156,"219":157,"220":158,"221":159,"222":160,"223":161,"224":162,"225":163,"226":164,"227":165,"228":166,"229":167,"230":168,"231":169,"232":170,"233":171,"234":172,"235":173,"236":174,"237":175,"238":176,"239":177,"240":178,"241":179,"242":180,"243":181,"244":182,"245":183,"246":184,"247":185,"248":186,"249":187,"250":188,"251":189,"252":190,"253":191,"254":192,"255":193,"256":346,"257":745,"258":326,"259":744,"260":322,"261":746,"262":328,"263":747,"264":1599,"265":1616,"266":1604,"267":1617,"268":329,"269":748,"270":332,"271":749,"272":333,"273":337,"274":347,"275":752,"276":1609,"277":1618,"278":348,"279":751,"280":330,"281":753,"282":331,"283":750,"284":1927,"285":1619,"286":343,"287":754,"288":1890,"289":1620,"290":349,"291":755,"292":1892,"293":1621,"294":1891,"295":1622,"296":1895,"297":1623,"298":351,"299":756,"300":1893,"301":1624,"302":345,"303":757,"304":342,"305":234,"306":1894,"307":1625,"308":1896,"309":1626,"310":350,"311":758,"312":1627,"313":327,"314":759,"315":352,"316":761,"317":341,"318":760,"319":1897,"320":1628,"321":244,"322":245,"323":334,"324":762,"325":353,"326":764,"327":335,"328":763,"329":1629,"330":1914,"331":1630,"332":354,"333":766,"334":1898,"335":1631,"336":336,"337":765,"338":212,"339":213,"340":325,"341":767,"342":344,"343":769,"344":338,"345":768,"346":319,"347":770,"348":1901,"349":1632,"350":323,"351":772,"352":246,"353":771,"354":1903,"355":774,"356":320,"357":773,"358":1902,"359":1634,"360":1907,"361":1635,"362":356,"363":776,"364":1904,"365":1636,"366":339,"367":778,"368":340,"369":775,"370":355,"371":777,"372":1908,"373":1637,"374":1909,"375":1638,"376":221,"377":321,"378":779,"379":324,"380":781,"381":247,"382":780,"383":1639,"402":209,"416":1899,"431":1905,"486":1926,"487":1915,"506":1889,"507":1640,"508":1663,"509":1641,"510":1900,"511":1642,"536":1906,"537":1633,"710":235,"711":243,"713":237,"728":238,"729":239,"730":240,"731":242,"732":236,"733":241,"900":273,"901":272,"902":299,"903":1850,"904":300,"905":301,"906":302,"908":303,"910":298,"911":304,"912":305,"913":274,"914":275,"915":276,"917":278,"918":279,"919":280,"920":281,"921":282,"922":283,"923":284,"924":285,"925":286,"926":287,"927":288,"928":289,"929":290,"931":291,"932":292,"933":293,"934":294,"935":295,"936":296,"938":307,"939":308,"940":309,"941":1406,"942":310,"943":311,"944":312,"945":1469,"946":249,"947":250,"948":251,"949":252,"950":253,"951":254,"952":255,"953":256,"954":257,"955":258,"957":259,"958":260,"959":261,"960":262,"961":263,"962":264,"963":265,"964":266,"965":267,"966":268,"967":269,"968":270,"969":271,"970":313,"971":314,"972":315,"973":316,"974":317,"976":1500,"977":1520,"978":1494,"981":1514,"982":1515,"1024":1824,"1025":441,"1026":388,"1027":447,"1028":397,"1029":390,"1030":392,"1031":446,"1032":389,"1033":365,"1034":366,"1035":367,"1036":436,"1037":1825,"1038":439,"1039":368,"1040":357,"1041":373,"1042":358,"1043":374,"1044":449,"1045":359,"1046":377,"1047":378,"1048":375,"1049":445,"1050":379,"1051":376,"1052":380,"1053":360,"1054":361,"1055":381,"1056":362,"1057":398,"1058":363,"1059":364,"1060":383,"1061":369,"1062":391,"1063":393,"1064":382,"1065":394,"1066":395,"1067":384,"1068":385,"1069":396,"1070":386,"1071":387,"1072":399,"1073":408,"1074":400,"1075":401,"1076":409,"1077":422,"1078":410,"1079":411,"1080":426,"1081":444,"1082":402,"1083":412,"1084":403,"1085":423,"1086":404,"1087":413,"1088":405,"1089":434,"1090":406,"1091":407,"1092":414,"1093":424,"1094":425,"1095":415,"1096":416,"1097":417,"1098":418,"1099":427,"1100":419,"1101":420,"1102":421,"1103":435,"1105":442,"1106":428,"1107":448,"1108":430,"1109":433,"1110":431,"1111":443,"1112":432,"1113":370,"1114":371,"1115":429,"1116":438,"1118":440,"1119":372,"1168":437,"1169":451,"7808":1912,"7809":1643,"7810":1910,"7811":1644,"7812":1911,"7813":1645,"7922":1913,"7923":1646,"8211":214,"8212":215,"8213":306,"8215":1647,"8216":218,"8217":219,"8218":230,"8219":1648,"8220":216,"8221":217,"8222":231,"8224":196,"8225":228,"8226":197,"8230":211,"8240":232,"8242":1649,"8243":1650,"8249":224,"8250":225,"8252":1651,"8254":1652,"8260":222,"8308":1615,"8319":1653,"8355":1851,"8356":1654,"8359":1655,"8364":223,"8453":1656,"8467":1657,"8470":450,"8482":198,"8486":1585,"8494":1658,"8539":1659,"8540":1660,"8541":1661,"8542":1662,"8592":1855,"8593":1856,"8594":1857,"8595":1858,"8596":1859,"8597":1860,"8616":1861,"8706":203,"8710":1584,"8719":205,"8721":204,"8722":248,"8729":229,"8730":208,"8734":200,"8735":1862,"8745":1863,"8747":207,"8776":210,"8800":199,"8801":1864,"8804":201,"8805":202,"8962":1865,"8976":1866,"8992":1867,"8993":1868,"9216":195,"9604":1869,"9608":1870,"9612":1871,"9618":1872,"9619":1873,"9632":1874,"9633":1875,"9642":1876,"9643":1877,"9650":1878,"9660":1879,"9674":220,"9675":1880,"9679":1881,"9702":1882,"9792":1883,"9794":1884,"9824":1885,"9827":1886,"9829":1887,"9834":1888,"64256":1367,"64257":226,"64258":227,"64259":1916,"64260":1917},"Reserves":null,"Names":[],"Nodes":{"se":{"type":"typal","node":"se","usage":1,"weight":1},"oe":{"type":"typal","node":"oe","usage":1,"weight":1},"sc":{"type":"typal","node":"sc","usage":1,"weight":1},"pt":{"type":"typal","node":"pt","usage":1,"weight":1},"seg":{"type":"typal","node":"seg","usage":1,"weight":1},"goe":{"type":"typal","node":"goe","usage":1,"weight":1},"scr":{"type":"typal","node":"scr","usage":1,"weight":1},"ipt":{"type":"typal","node":"ipt","usage":1,"weight":1},"sego":{"type":"keys","node":"sego","usage":1,"weight":1},"egoe":{"type":"keys","node":"egoe","usage":1,"weight":1},"scri":{"type":"keys","node":"scri","usage":1,"weight":1},"ript":{"type":"keys","node":"ript","usage":1,"weight":1},"scrip":{"type":"keys","node":"scrip","usage":1,"weight":1},"cript":{"type":"keys","node":"cript","usage":1,"weight":1},"segoe":{"type":"fixes","node":"segoe","usage":1,"weight":1},"script":{"type":"fixes","node":"script","usage":1,"weight":1}},"Contributors":[],"FontIdentity":"4627528465a383011e3cfa2d3cfd5069","Bytes":77691429,"Networking":[],"barcode":"qi11seoqya5s73","referee":"okasqg"}