{"CSS":{"ZineSlabDis Black Roman Exp":"ZineSlabDis+Black+Roman+Exp.css"},"FontType":"TrueType","FontCopyright":"2001 Ole Schaefer, published by FontShop International for the FontFont library.","FontName":"ZineSlabDis","FontSubfamily":"BlackRomanExp","FontSubfamilyID":"FontForge 2.0 : ZineSlabDis Black Roman Exp : 12-8-2016","FontFullName":"Zine Slab Dis Black Roman Exp","FontVersion":"Version 004.301 ","FontWeight":null,"FontPostscriptName":"ZineSlabDis-BlackRomanExp","Files":{"zineslabdis-blackromanexp.afm":"zineslabdis-blackromanexp.afm","zineslabdis-blackromanexp.bin":"zineslabdis-blackromanexp.bin","zineslabdis-blackromanexp.cef":"zineslabdis-blackromanexp.cef","zineslabdis-blackromanexp.cff":"zineslabdis-blackromanexp.cff","zineslabdis-blackromanexp.cid":"zineslabdis-blackromanexp.cid","zineslabdis-blackromanexp.dfont":"zineslabdis-blackromanexp.dfont","zineslabdis-blackromanexp.eot":"zineslabdis-blackromanexp.eot","zineslabdis-blackromanexp.fon":"zineslabdis-blackromanexp.fon","zineslabdis-blackromanexp.gai":"zineslabdis-blackromanexp.gai","zineslabdis-blackromanexp.gsf":"zineslabdis-blackromanexp.gsf","zineslabdis-blackromanexp.hqx":"zineslabdis-blackromanexp.hqx","zineslabdis-blackromanexp.ik":"zineslabdis-blackromanexp.ik","zineslabdis-blackromanexp.mf":"zineslabdis-blackromanexp.mf","zineslabdis-blackromanexp.otf":"zineslabdis-blackromanexp.otf","zineslabdis-blackromanexp.pcf":"zineslabdis-blackromanexp.pcf","zineslabdis-blackromanexp.pf3":"zineslabdis-blackromanexp.pf3","zineslabdis-blackromanexp.pfa":"zineslabdis-blackromanexp.pfa","zineslabdis-blackromanexp.pfb":"zineslabdis-blackromanexp.pfb","zineslabdis-blackromanexp.php":"zineslabdis-blackromanexp.php","zineslabdis-blackromanexp.pmf":"zineslabdis-blackromanexp.pmf","zineslabdis-blackromanexp.pt3":"zineslabdis-blackromanexp.pt3","zineslabdis-blackromanexp.sfd":"zineslabdis-blackromanexp.sfd","zineslabdis-blackromanexp.svg":"zineslabdis-blackromanexp.svg","zineslabdis-blackromanexp.t42":"zineslabdis-blackromanexp.t42","zineslabdis-blackromanexp.ttd":"zineslabdis-blackromanexp.ttd","zineslabdis-blackromanexp.ttf":"zineslabdis-blackromanexp.ttf","zineslabdis-blackromanexp.ttg":"zineslabdis-blackromanexp.ttg","zineslabdis-blackromanexp.ufm":"zineslabdis-blackromanexp.ufm","zineslabdis-blackromanexp.woff":"zineslabdis-blackromanexp.woff","zineslabdis-blackromanexp.z":"zineslabdis-blackromanexp.z","":{"zineslabdis-blackromanexp.afm":"zineslabdis-blackromanexp.afm","zineslabdis-blackromanexp.bin":"zineslabdis-blackromanexp.bin","zineslabdis-blackromanexp.cef":"zineslabdis-blackromanexp.cef","zineslabdis-blackromanexp.cff":"zineslabdis-blackromanexp.cff","zineslabdis-blackromanexp.cid":"zineslabdis-blackromanexp.cid","zineslabdis-blackromanexp.dfont":"zineslabdis-blackromanexp.dfont","zineslabdis-blackromanexp.eot":"zineslabdis-blackromanexp.eot","zineslabdis-blackromanexp.fon":"zineslabdis-blackromanexp.fon","zineslabdis-blackromanexp.gai":"zineslabdis-blackromanexp.gai","zineslabdis-blackromanexp.gsf":"zineslabdis-blackromanexp.gsf","zineslabdis-blackromanexp.hqx":"zineslabdis-blackromanexp.hqx","zineslabdis-blackromanexp.ik":"zineslabdis-blackromanexp.ik","zineslabdis-blackromanexp.mf":"zineslabdis-blackromanexp.mf","zineslabdis-blackromanexp.otf":"zineslabdis-blackromanexp.otf","zineslabdis-blackromanexp.pcf":"zineslabdis-blackromanexp.pcf","zineslabdis-blackromanexp.pf3":"zineslabdis-blackromanexp.pf3","zineslabdis-blackromanexp.pfa":"zineslabdis-blackromanexp.pfa","zineslabdis-blackromanexp.pfb":"zineslabdis-blackromanexp.pfb","zineslabdis-blackromanexp.php":"zineslabdis-blackromanexp.php","zineslabdis-blackromanexp.pmf":"zineslabdis-blackromanexp.pmf","zineslabdis-blackromanexp.pt3":"zineslabdis-blackromanexp.pt3","zineslabdis-blackromanexp.sfd":"zineslabdis-blackromanexp.sfd","zineslabdis-blackromanexp.svg":"zineslabdis-blackromanexp.svg","zineslabdis-blackromanexp.t42":"zineslabdis-blackromanexp.t42","zineslabdis-blackromanexp.ttd":"zineslabdis-blackromanexp.ttd","zineslabdis-blackromanexp.ttf":"zineslabdis-blackromanexp.ttf","zineslabdis-blackromanexp.ttg":"zineslabdis-blackromanexp.ttg","zineslabdis-blackromanexp.ufm":"zineslabdis-blackromanexp.ufm","zineslabdis-blackromanexp.woff":"zineslabdis-blackromanexp.woff","zineslabdis-blackromanexp.z":"zineslabdis-blackromanexp.z"},"\/zineslabdis-blackromanexp.ufo":{"feature.fea":"feature.fea","fontinfo.plist":"fontinfo.plist","groups.plist":"groups.plist","kerning.plist":"kerning.plist","metainfo.plist":"metainfo.plist"},"\/zineslabdis-blackromanexp.ufo\/glyphs":{"A_.glif":"A_.glif","A_E_.glif":"A_E_.glif","A_acute.glif":"A_acute.glif","A_circumflex.glif":"A_circumflex.glif","A_dieresis.glif":"A_dieresis.glif","A_grave.glif":"A_grave.glif","A_ring.glif":"A_ring.glif","A_tilde.glif":"A_tilde.glif","B_.glif":"B_.glif","C_.glif":"C_.glif","C_cedilla.glif":"C_cedilla.glif","D_.glif":"D_.glif","E_.glif":"E_.glif","E_acute.glif":"E_acute.glif","E_circumflex.glif":"E_circumflex.glif","E_dieresis.glif":"E_dieresis.glif","E_grave.glif":"E_grave.glif","E_th.glif":"E_th.glif","F_.glif":"F_.glif","G_.glif":"G_.glif","H_.glif":"H_.glif","I_.glif":"I_.glif","I_acute.glif":"I_acute.glif","I_circumflex.glif":"I_circumflex.glif","I_dieresis.glif":"I_dieresis.glif","I_grave.glif":"I_grave.glif","J_.glif":"J_.glif","K_.glif":"K_.glif","L_.glif":"L_.glif","L_slash.glif":"L_slash.glif","M_.glif":"M_.glif","N_.glif":"N_.glif","N_tilde.glif":"N_tilde.glif","O_.glif":"O_.glif","O_E_.glif":"O_E_.glif","O_acute.glif":"O_acute.glif","O_circumflex.glif":"O_circumflex.glif","O_dieresis.glif":"O_dieresis.glif","O_grave.glif":"O_grave.glif","O_slash.glif":"O_slash.glif","O_tilde.glif":"O_tilde.glif","P_.glif":"P_.glif","Q_.glif":"Q_.glif","R_.glif":"R_.glif","S_.glif":"S_.glif","S_caron.glif":"S_caron.glif","T_.glif":"T_.glif","T_horn.glif":"T_horn.glif","U_.glif":"U_.glif","U_acute.glif":"U_acute.glif","U_circumflex.glif":"U_circumflex.glif","U_dieresis.glif":"U_dieresis.glif","U_grave.glif":"U_grave.glif","V_.glif":"V_.glif","W_.glif":"W_.glif","X_.glif":"X_.glif","Y_.glif":"Y_.glif","Y_acute.glif":"Y_acute.glif","Y_dieresis.glif":"Y_dieresis.glif","Z_.glif":"Z_.glif","Z_caron.glif":"Z_caron.glif","a.glif":"a.glif","aacute.glif":"aacute.glif","acircumflex.glif":"acircumflex.glif","acute.glif":"acute.glif","adieresis.glif":"adieresis.glif","ae.glif":"ae.glif","agrave.glif":"agrave.glif","ampersand.glif":"ampersand.glif","aring.glif":"aring.glif","asciicircum.glif":"asciicircum.glif","asciitilde.glif":"asciitilde.glif","asterisk.glif":"asterisk.glif","at.glif":"at.glif","atilde.glif":"atilde.glif","b.glif":"b.glif","backslash.glif":"backslash.glif","bar.glif":"bar.glif","braceleft.glif":"braceleft.glif","braceright.glif":"braceright.glif","bracketleft.glif":"bracketleft.glif","bracketright.glif":"bracketright.glif","breve.glif":"breve.glif","brokenbar.glif":"brokenbar.glif","bullet.glif":"bullet.glif","c.glif":"c.glif","caron.glif":"caron.glif","ccedilla.glif":"ccedilla.glif","cedilla.glif":"cedilla.glif","cent.glif":"cent.glif","circumflex.glif":"circumflex.glif","colon.glif":"colon.glif","comma.glif":"comma.glif","contents.plist":"contents.plist","copyright.glif":"copyright.glif","currency.glif":"currency.glif","d.glif":"d.glif","dagger.glif":"dagger.glif","daggerdbl.glif":"daggerdbl.glif","degree.glif":"degree.glif","dieresis.glif":"dieresis.glif","divide.glif":"divide.glif","dollar.glif":"dollar.glif","dotaccent.glif":"dotaccent.glif","dotlessi.glif":"dotlessi.glif","e.glif":"e.glif","eacute.glif":"eacute.glif","ecircumflex.glif":"ecircumflex.glif","edieresis.glif":"edieresis.glif","egrave.glif":"egrave.glif","eight.glif":"eight.glif","ellipsis.glif":"ellipsis.glif","emdash.glif":"emdash.glif","endash.glif":"endash.glif","equal.glif":"equal.glif","eth.glif":"eth.glif","exclam.glif":"exclam.glif","exclamdown.glif":"exclamdown.glif","f.glif":"f.glif","fi.glif":"fi.glif","five.glif":"five.glif","fl.glif":"fl.glif","florin.glif":"florin.glif","four.glif":"four.glif","fraction.glif":"fraction.glif","g.glif":"g.glif","germandbls.glif":"germandbls.glif","grave.glif":"grave.glif","greater.glif":"greater.glif","guillemotleft.glif":"guillemotleft.glif","guillemotright.glif":"guillemotright.glif","guilsinglleft.glif":"guilsinglleft.glif","guilsinglright.glif":"guilsinglright.glif","h.glif":"h.glif","hungarumlaut.glif":"hungarumlaut.glif","hyphen.glif":"hyphen.glif","i.glif":"i.glif","iacute.glif":"iacute.glif","icircumflex.glif":"icircumflex.glif","idieresis.glif":"idieresis.glif","igrave.glif":"igrave.glif","j.glif":"j.glif","k.glif":"k.glif","l.glif":"l.glif","less.glif":"less.glif","logicalnot.glif":"logicalnot.glif","lslash.glif":"lslash.glif","m.glif":"m.glif","macron.glif":"macron.glif","minus.glif":"minus.glif","mu.glif":"mu.glif","multiply.glif":"multiply.glif","n.glif":"n.glif","nine.glif":"nine.glif","ntilde.glif":"ntilde.glif","numbersign.glif":"numbersign.glif","o.glif":"o.glif","oacute.glif":"oacute.glif","ocircumflex.glif":"ocircumflex.glif","odieresis.glif":"odieresis.glif","oe.glif":"oe.glif","ogonek.glif":"ogonek.glif","ograve.glif":"ograve.glif","one.glif":"one.glif","onehalf.glif":"onehalf.glif","onequarter.glif":"onequarter.glif","onesuperior.glif":"onesuperior.glif","ordfeminine.glif":"ordfeminine.glif","ordmasculine.glif":"ordmasculine.glif","oslash.glif":"oslash.glif","otilde.glif":"otilde.glif","p.glif":"p.glif","paragraph.glif":"paragraph.glif","parenleft.glif":"parenleft.glif","parenright.glif":"parenright.glif","percent.glif":"percent.glif","period.glif":"period.glif","periodcentered.glif":"periodcentered.glif","perthousand.glif":"perthousand.glif","plus.glif":"plus.glif","plusminus.glif":"plusminus.glif","q.glif":"q.glif","question.glif":"question.glif","questiondown.glif":"questiondown.glif","quotedbl.glif":"quotedbl.glif","quotedblbase.glif":"quotedblbase.glif","quotedblleft.glif":"quotedblleft.glif","quotedblright.glif":"quotedblright.glif","quoteleft.glif":"quoteleft.glif","quoteright.glif":"quoteright.glif","quotesinglbase.glif":"quotesinglbase.glif","quotesingle.glif":"quotesingle.glif","r.glif":"r.glif","registered.glif":"registered.glif","ring.glif":"ring.glif","s.glif":"s.glif","scaron.glif":"scaron.glif","section.glif":"section.glif","semicolon.glif":"semicolon.glif","seven.glif":"seven.glif","six.glif":"six.glif","slash.glif":"slash.glif","space.glif":"space.glif","sterling.glif":"sterling.glif","t.glif":"t.glif","thorn.glif":"thorn.glif","three.glif":"three.glif","threequarters.glif":"threequarters.glif","threesuperior.glif":"threesuperior.glif","tilde.glif":"tilde.glif","trademark.glif":"trademark.glif","two.glif":"two.glif","twosuperior.glif":"twosuperior.glif","u.glif":"u.glif","uacute.glif":"uacute.glif","ucircumflex.glif":"ucircumflex.glif","udieresis.glif":"udieresis.glif","ugrave.glif":"ugrave.glif","underscore.glif":"underscore.glif","v.glif":"v.glif","w.glif":"w.glif","x.glif":"x.glif","y.glif":"y.glif","yacute.glif":"yacute.glif","ydieresis.glif":"ydieresis.glif","yen.glif":"yen.glif","z.glif":"z.glif","zcaron.glif":"zcaron.glif","zero.glif":"zero.glif"}},"Font":{"uploaded":1471039225.7505,"licence":"gpl3","company":"Chronolabs Cooperative","title":"Zine Slab Dis Black Roman Exp","version":2.001,"date":"Fri Aug 12 06:56:28 2016","creator":"root","type":"1","matrix":"0.001 0 0 0.001 0 0","named":"ZineSlabDis-BlackRomanExp","painttype":"0","info":"9 dict dup","name":"ZineSlabDis Black Roman Exp","family":"ZineSlabDis","weight":"Regular","italicangle":"0","underlineposition":"","underlinethickness":""},"Table":{"FFTM":{"entryLength":16,"tag":"FFTM","checksum":1944345224,"offset":12544,"length":28},"GDEF":{"entryLength":16,"tag":"GDEF","checksum":18087942,"offset":12512,"length":32},"OS\/2":{"entryLength":16,"tag":"OS\/2","checksum":1497374700,"offset":344,"length":86},"cmap":{"entryLength":16,"tag":"cmap","checksum":1483253034,"offset":1136,"length":952},"gasp":{"entryLength":16,"tag":"gasp","checksum":4294901763,"offset":12504,"length":8},"glyf":{"entryLength":16,"tag":"glyf","checksum":2437069277,"offset":2552,"length":8580},"head":{"entryLength":16,"tag":"head","checksum":173702988,"offset":220,"length":54},"hhea":{"entryLength":16,"tag":"hhea","checksum":115999536,"offset":276,"length":36},"hmtx":{"entryLength":16,"tag":"hmtx","checksum":4144835393,"offset":432,"length":702},"loca":{"entryLength":16,"tag":"loca","checksum":1721921310,"offset":2088,"length":464},"maxp":{"entryLength":16,"tag":"maxp","checksum":19791927,"offset":312,"length":32},"name":{"entryLength":16,"tag":"name","checksum":4071158303,"offset":11132,"length":876},"post":{"entryLength":16,"tag":"post","checksum":920401497,"offset":12008,"length":496}},"UnicodeCharMap":{"32":3,"33":4,"34":5,"35":6,"36":7,"37":8,"38":9,"39":106,"40":11,"41":12,"42":13,"43":14,"44":15,"45":16,"46":17,"47":18,"48":19,"49":20,"50":21,"51":22,"52":23,"53":24,"54":25,"55":26,"56":27,"57":28,"58":29,"59":30,"60":31,"61":32,"62":33,"63":34,"64":35,"65":36,"66":37,"67":38,"68":39,"69":40,"70":41,"71":42,"72":43,"73":44,"74":45,"75":46,"76":47,"77":48,"78":49,"79":50,"80":51,"81":52,"82":53,"83":54,"84":55,"85":56,"86":57,"87":58,"88":59,"89":60,"90":61,"91":62,"92":63,"93":64,"94":65,"95":66,"96":126,"97":68,"98":69,"99":70,"100":71,"101":72,"102":73,"103":74,"104":75,"105":76,"106":77,"107":78,"108":79,"109":80,"110":81,"111":82,"112":83,"113":84,"114":85,"115":86,"116":87,"117":88,"118":89,"119":90,"120":91,"121":92,"122":93,"123":94,"124":95,"125":96,"126":97,"161":98,"162":99,"163":100,"164":105,"165":102,"166":223,"167":104,"168":133,"169":222,"170":141,"171":108,"172":221,"174":220,"175":130,"176":219,"177":218,"178":226,"179":225,"180":127,"182":117,"183":116,"184":135,"185":227,"186":145,"187":122,"188":230,"189":229,"190":228,"191":125,"192":216,"193":215,"194":214,"195":213,"196":212,"197":211,"198":140,"199":210,"200":209,"201":208,"202":207,"203":206,"204":205,"205":204,"206":203,"207":202,"208":201,"209":200,"210":199,"211":198,"212":197,"213":196,"214":195,"215":194,"216":143,"217":193,"218":192,"219":191,"220":190,"221":189,"222":188,"223":151,"224":187,"225":186,"226":185,"227":184,"228":183,"229":182,"230":146,"231":181,"232":180,"233":179,"234":178,"235":177,"236":176,"237":175,"238":174,"239":173,"240":172,"241":171,"242":170,"243":169,"244":168,"245":167,"246":166,"247":165,"248":149,"249":164,"250":163,"251":162,"252":161,"253":160,"254":159,"255":158,"305":147,"321":142,"322":148,"338":144,"339":150,"352":157,"353":156,"376":152,"381":155,"382":154,"402":103,"710":128,"711":138,"728":131,"729":132,"730":134,"731":137,"732":129,"733":136,"956":217,"8211":113,"8212":139,"8216":67,"8217":10,"8218":119,"8220":107,"8221":121,"8222":120,"8224":114,"8225":115,"8226":118,"8230":123,"8240":124,"8249":109,"8250":110,"8260":101,"8482":153,"8722":224,"64257":111,"64258":112},"Reserves":null,"Names":[],"Nodes":{"zi":{"type":"typal","node":"zi","usage":1,"weight":1},"ne":{"type":"typal","node":"ne","usage":1,"weight":1},"sl":{"type":"typal","node":"sl","usage":1,"weight":1},"ab":{"type":"typal","node":"ab","usage":1,"weight":1},"di":{"type":"typal","node":"di","usage":1,"weight":1},"is":{"type":"typal","node":"is","usage":1,"weight":1},"zin":{"type":"typal","node":"zin","usage":1,"weight":1},"ine":{"type":"typal","node":"ine","usage":1,"weight":1},"sla":{"type":"typal","node":"sla","usage":1,"weight":1},"lab":{"type":"typal","node":"lab","usage":1,"weight":1},"zine":{"type":"fixes","node":"zine","usage":1,"weight":1},"slab":{"type":"fixes","node":"slab","usage":1,"weight":1},"dis":{"type":"fixes","node":"dis","usage":1,"weight":1}},"Contributors":[],"FontIdentity":"94b9ef66c91bacb9de7ca31e553aa664","Bytes":1338052,"Networking":[],"barcode":"12qiO6a8q6a8q","referee":"yoay2kug"}