{"CSS":{"NeutraTextTF-BoldItalicAlt":"NeutraTextTF-BoldItalicAlt.css","Neutra Text TF Bold Italic Alt":"wagovau:7a7a48403f8a8a0415c3cc8a.css"},"FontType":"TrueType","FontCopyright":"(C)2002 House Industries\/Brand Design Co. Inc.","FontName":"Neutra Text TF Alt","FontSubfamily":"BoldItalicAlt","FontSubfamilyID":"FontForge 2.0 : NeutraTextTF-BoldItalicAlt : 12-8-2016","FontFullName":"Neutra Text TF Bold Italic Alt","FontVersion":"Version 001.001 ","FontWeight":null,"FontPostscriptName":"NeutraTextTF-BoldItalicAlt","Files":{"\/NeutraTextTF-BoldItalicAlt.css":"\/NeutraTextTF-BoldItalicAlt.css","\/font-resource.json":"\/font-resource.json","\/neutratexttf-bolditalicalt.afm":"\/neutratexttf-bolditalicalt.afm","\/neutratexttf-bolditalicalt.cef":"\/neutratexttf-bolditalicalt.cef","\/neutratexttf-bolditalicalt.cff":"\/neutratexttf-bolditalicalt.cff","\/neutratexttf-bolditalicalt.eot":"\/neutratexttf-bolditalicalt.eot","\/neutratexttf-bolditalicalt.gai":"\/neutratexttf-bolditalicalt.gai","\/neutratexttf-bolditalicalt.gsf":"\/neutratexttf-bolditalicalt.gsf","\/neutratexttf-bolditalicalt.otf":"\/neutratexttf-bolditalicalt.otf","\/neutratexttf-bolditalicalt.pf3":"\/neutratexttf-bolditalicalt.pf3","\/neutratexttf-bolditalicalt.pfa":"\/neutratexttf-bolditalicalt.pfa","\/neutratexttf-bolditalicalt.pfb":"\/neutratexttf-bolditalicalt.pfb","\/neutratexttf-bolditalicalt.php":"\/neutratexttf-bolditalicalt.php","\/neutratexttf-bolditalicalt.pt3":"\/neutratexttf-bolditalicalt.pt3","\/neutratexttf-bolditalicalt.sfd":"\/neutratexttf-bolditalicalt.sfd","\/neutratexttf-bolditalicalt.svg":"\/neutratexttf-bolditalicalt.svg","\/neutratexttf-bolditalicalt.t42":"\/neutratexttf-bolditalicalt.t42","\/neutratexttf-bolditalicalt.ttd":"\/neutratexttf-bolditalicalt.ttd","\/neutratexttf-bolditalicalt.ttf":"\/neutratexttf-bolditalicalt.ttf","\/neutratexttf-bolditalicalt.ttg":"\/neutratexttf-bolditalicalt.ttg","\/neutratexttf-bolditalicalt.ufm":"\/neutratexttf-bolditalicalt.ufm","\/neutratexttf-bolditalicalt.woff":"\/neutratexttf-bolditalicalt.woff","\/neutratexttf-bolditalicalt.z":"\/neutratexttf-bolditalicalt.z","\/neutratexttf-bolditalicalt.ufo\/feature.fea":"\/neutratexttf-bolditalicalt.ufo\/feature.fea","\/neutratexttf-bolditalicalt.ufo\/fontinfo.plist":"\/neutratexttf-bolditalicalt.ufo\/fontinfo.plist","\/neutratexttf-bolditalicalt.ufo\/groups.plist":"\/neutratexttf-bolditalicalt.ufo\/groups.plist","\/neutratexttf-bolditalicalt.ufo\/kerning.plist":"\/neutratexttf-bolditalicalt.ufo\/kerning.plist","\/neutratexttf-bolditalicalt.ufo\/metainfo.plist":"\/neutratexttf-bolditalicalt.ufo\/metainfo.plist","\/neutratexttf-bolditalicalt.ufo\/glyphs\/contents.plist":"\/neutratexttf-bolditalicalt.ufo\/glyphs\/contents.plist","\/neutratexttf-bolditalicalt.ufo\/glyphs\/space.glif":"\/neutratexttf-bolditalicalt.ufo\/glyphs\/space.glif"},"Font":{"uploaded":1471064955.8452,"licence":"gpl3","company":"Chronolabs Cooperative","title":"Neutra Text TF Bold Italic Alt","version":3.002,"date":"Fri Aug 12 11:10:29 2016","creator":"root","type":"1","matrix":"0.001 0 0 0.001 0 0","named":"NeutraTextTF-BoldItalicAlt","painttype":"0","info":"9 dict dup","name":"NeutraTextTF-BoldItalicAlt","family":"Neutra Text TF Alt","weight":"bold","italicangle":"-12","underlineposition":"","underlinethickness":""},"Licences":{"":false},"Table":{"FFTM":{"entryLength":16,"tag":"FFTM","checksum":1944375706,"offset":2164,"length":28},"GDEF":{"entryLength":16,"tag":"GDEF","checksum":3211270,"offset":2132,"length":32},"OS\/2":{"entryLength":16,"tag":"OS\/2","checksum":1453678304,"offset":344,"length":86},"cmap":{"entryLength":16,"tag":"cmap","checksum":4199471456,"offset":448,"length":826},"gasp":{"entryLength":16,"tag":"gasp","checksum":4294901763,"offset":2124,"length":8},"glyf":{"entryLength":16,"tag":"glyf","checksum":0,"offset":1288,"length":0},"head":{"entryLength":16,"tag":"head","checksum":113822780,"offset":220,"length":54},"hhea":{"entryLength":16,"tag":"hhea","checksum":59834772,"offset":276,"length":36},"hmtx":{"entryLength":16,"tag":"hmtx","checksum":98304000,"offset":432,"length":16},"loca":{"entryLength":16,"tag":"loca","checksum":0,"offset":1276,"length":10},"maxp":{"entryLength":16,"tag":"maxp","checksum":4587523,"offset":312,"length":32},"name":{"entryLength":16,"tag":"name","checksum":2714900086,"offset":1288,"length":792},"post":{"entryLength":16,"tag":"post","checksum":4285464599,"offset":2080,"length":42}},"UnicodeCharMap":{"32":3},"Reserves":{"fontname":"Neutra Text TF Bold Italic Alt"},"Names":{"Neutra Text TF Bold Italic Alt":{"name":"Neutra Text TF Bold Italic Alt","longitude":"0.00000001","latitude":"0.00000001","country":"","region":"","city":""}},"Nodes":{"ne":{"type":"typal","node":"ne","usage":1,"weight":1},"ra":{"type":"typal","node":"ra","usage":1,"weight":1},"te":{"type":"typal","node":"te","usage":1,"weight":1},"xt":{"type":"typal","node":"xt","usage":1,"weight":1},"bo":{"type":"typal","node":"bo","usage":1,"weight":1},"ld":{"type":"typal","node":"ld","usage":1,"weight":1},"it":{"type":"typal","node":"it","usage":1,"weight":1},"ic":{"type":"typal","node":"ic","usage":1,"weight":1},"al":{"type":"typal","node":"al","usage":1,"weight":1},"lt":{"type":"typal","node":"lt","usage":1,"weight":1},"neu":{"type":"typal","node":"neu","usage":1,"weight":1},"tra":{"type":"typal","node":"tra","usage":1,"weight":1},"tex":{"type":"typal","node":"tex","usage":1,"weight":1},"ext":{"type":"typal","node":"ext","usage":1,"weight":1},"bol":{"type":"typal","node":"bol","usage":1,"weight":1},"old":{"type":"typal","node":"old","usage":1,"weight":1},"ita":{"type":"typal","node":"ita","usage":1,"weight":1},"lic":{"type":"typal","node":"lic","usage":1,"weight":1},"neut":{"type":"keys","node":"neut","usage":1,"weight":1},"utra":{"type":"keys","node":"utra","usage":1,"weight":1},"ital":{"type":"keys","node":"ital","usage":1,"weight":1},"alic":{"type":"keys","node":"alic","usage":1,"weight":1},"neutr":{"type":"keys","node":"neutr","usage":1,"weight":1},"eutra":{"type":"keys","node":"eutra","usage":1,"weight":1},"itali":{"type":"keys","node":"itali","usage":1,"weight":1},"talic":{"type":"keys","node":"talic","usage":1,"weight":1},"neutra":{"type":"fixes","node":"neutra","usage":1,"weight":1},"text":{"type":"fixes","node":"text","usage":1,"weight":1},"tf":{"type":"fixes","node":"tf","usage":1,"weight":1},"bold":{"type":"fixes","node":"bold","usage":1,"weight":1},"italic":{"type":"fixes","node":"italic","usage":1,"weight":1},"alt":{"type":"fixes","node":"alt","usage":1,"weight":1}},"Contributors":[],"FontIdentity":"wagovau:7a7a48403f8a8a0415c3cc8a","Bytes":null,"Networking":[],"barcode":"12oao3ko7goqua","referee":"omcu5wk"}