{"CSS":{"NeutraTextTF-BoldItalicAlt":"NeutraTextTF-BoldItalicAlt.css"},"FontType":"TrueType","FontCopyright":"(C)2002 House Industries\/Brand Design Co. Inc.","FontName":"Neutra Text TF Alt","FontSubfamily":"BoldItalicAlt","FontSubfamilyID":"FontForge 2.0 : NeutraTextTF-BoldItalicAlt : 13-8-2016","FontFullName":"Neutra Text TF Bold Italic Alt","FontVersion":"Version 001.001 ","FontWeight":null,"FontPostscriptName":"NeutraTextTF-BoldItalicAlt","Files":{"\/fonts\/Unpacking\/4b799a376858192e4122a752aff67e36678d2ecf\/neutratexttf-bolditalicalt.afm":"\/fonts\/Unpacking\/4b799a376858192e4122a752aff67e36678d2ecf\/neutratexttf-bolditalicalt.afm","\/fonts\/Unpacking\/4b799a376858192e4122a752aff67e36678d2ecf\/neutratexttf-bolditalicalt.bin":"\/fonts\/Unpacking\/4b799a376858192e4122a752aff67e36678d2ecf\/neutratexttf-bolditalicalt.bin","\/fonts\/Unpacking\/4b799a376858192e4122a752aff67e36678d2ecf\/neutratexttf-bolditalicalt.cef":"\/fonts\/Unpacking\/4b799a376858192e4122a752aff67e36678d2ecf\/neutratexttf-bolditalicalt.cef","\/fonts\/Unpacking\/4b799a376858192e4122a752aff67e36678d2ecf\/neutratexttf-bolditalicalt.cff":"\/fonts\/Unpacking\/4b799a376858192e4122a752aff67e36678d2ecf\/neutratexttf-bolditalicalt.cff","\/fonts\/Unpacking\/4b799a376858192e4122a752aff67e36678d2ecf\/neutratexttf-bolditalicalt.cid":"\/fonts\/Unpacking\/4b799a376858192e4122a752aff67e36678d2ecf\/neutratexttf-bolditalicalt.cid","\/fonts\/Unpacking\/4b799a376858192e4122a752aff67e36678d2ecf\/neutratexttf-bolditalicalt.dfont":"\/fonts\/Unpacking\/4b799a376858192e4122a752aff67e36678d2ecf\/neutratexttf-bolditalicalt.dfont","\/fonts\/Unpacking\/4b799a376858192e4122a752aff67e36678d2ecf\/neutratexttf-bolditalicalt.eot":"\/fonts\/Unpacking\/4b799a376858192e4122a752aff67e36678d2ecf\/neutratexttf-bolditalicalt.eot","\/fonts\/Unpacking\/4b799a376858192e4122a752aff67e36678d2ecf\/neutratexttf-bolditalicalt.fon":"\/fonts\/Unpacking\/4b799a376858192e4122a752aff67e36678d2ecf\/neutratexttf-bolditalicalt.fon","\/fonts\/Unpacking\/4b799a376858192e4122a752aff67e36678d2ecf\/neutratexttf-bolditalicalt.gai":"\/fonts\/Unpacking\/4b799a376858192e4122a752aff67e36678d2ecf\/neutratexttf-bolditalicalt.gai","\/fonts\/Unpacking\/4b799a376858192e4122a752aff67e36678d2ecf\/neutratexttf-bolditalicalt.gsf":"\/fonts\/Unpacking\/4b799a376858192e4122a752aff67e36678d2ecf\/neutratexttf-bolditalicalt.gsf","\/fonts\/Unpacking\/4b799a376858192e4122a752aff67e36678d2ecf\/neutratexttf-bolditalicalt.hqx":"\/fonts\/Unpacking\/4b799a376858192e4122a752aff67e36678d2ecf\/neutratexttf-bolditalicalt.hqx","\/fonts\/Unpacking\/4b799a376858192e4122a752aff67e36678d2ecf\/neutratexttf-bolditalicalt.ik":"\/fonts\/Unpacking\/4b799a376858192e4122a752aff67e36678d2ecf\/neutratexttf-bolditalicalt.ik","\/fonts\/Unpacking\/4b799a376858192e4122a752aff67e36678d2ecf\/neutratexttf-bolditalicalt.mf":"\/fonts\/Unpacking\/4b799a376858192e4122a752aff67e36678d2ecf\/neutratexttf-bolditalicalt.mf","\/fonts\/Unpacking\/4b799a376858192e4122a752aff67e36678d2ecf\/neutratexttf-bolditalicalt.otf":"\/fonts\/Unpacking\/4b799a376858192e4122a752aff67e36678d2ecf\/neutratexttf-bolditalicalt.otf","\/fonts\/Unpacking\/4b799a376858192e4122a752aff67e36678d2ecf\/neutratexttf-bolditalicalt.pcf":"\/fonts\/Unpacking\/4b799a376858192e4122a752aff67e36678d2ecf\/neutratexttf-bolditalicalt.pcf","\/fonts\/Unpacking\/4b799a376858192e4122a752aff67e36678d2ecf\/neutratexttf-bolditalicalt.pf3":"\/fonts\/Unpacking\/4b799a376858192e4122a752aff67e36678d2ecf\/neutratexttf-bolditalicalt.pf3","\/fonts\/Unpacking\/4b799a376858192e4122a752aff67e36678d2ecf\/neutratexttf-bolditalicalt.pfa":"\/fonts\/Unpacking\/4b799a376858192e4122a752aff67e36678d2ecf\/neutratexttf-bolditalicalt.pfa","\/fonts\/Unpacking\/4b799a376858192e4122a752aff67e36678d2ecf\/neutratexttf-bolditalicalt.pfb":"\/fonts\/Unpacking\/4b799a376858192e4122a752aff67e36678d2ecf\/neutratexttf-bolditalicalt.pfb","\/fonts\/Unpacking\/4b799a376858192e4122a752aff67e36678d2ecf\/neutratexttf-bolditalicalt.php":"\/fonts\/Unpacking\/4b799a376858192e4122a752aff67e36678d2ecf\/neutratexttf-bolditalicalt.php","\/fonts\/Unpacking\/4b799a376858192e4122a752aff67e36678d2ecf\/neutratexttf-bolditalicalt.pmf":"\/fonts\/Unpacking\/4b799a376858192e4122a752aff67e36678d2ecf\/neutratexttf-bolditalicalt.pmf","\/fonts\/Unpacking\/4b799a376858192e4122a752aff67e36678d2ecf\/neutratexttf-bolditalicalt.pt3":"\/fonts\/Unpacking\/4b799a376858192e4122a752aff67e36678d2ecf\/neutratexttf-bolditalicalt.pt3","\/fonts\/Unpacking\/4b799a376858192e4122a752aff67e36678d2ecf\/neutratexttf-bolditalicalt.sfd":"\/fonts\/Unpacking\/4b799a376858192e4122a752aff67e36678d2ecf\/neutratexttf-bolditalicalt.sfd","\/fonts\/Unpacking\/4b799a376858192e4122a752aff67e36678d2ecf\/neutratexttf-bolditalicalt.svg":"\/fonts\/Unpacking\/4b799a376858192e4122a752aff67e36678d2ecf\/neutratexttf-bolditalicalt.svg","\/fonts\/Unpacking\/4b799a376858192e4122a752aff67e36678d2ecf\/neutratexttf-bolditalicalt.t42":"\/fonts\/Unpacking\/4b799a376858192e4122a752aff67e36678d2ecf\/neutratexttf-bolditalicalt.t42","\/fonts\/Unpacking\/4b799a376858192e4122a752aff67e36678d2ecf\/neutratexttf-bolditalicalt.ttd":"\/fonts\/Unpacking\/4b799a376858192e4122a752aff67e36678d2ecf\/neutratexttf-bolditalicalt.ttd","\/fonts\/Unpacking\/4b799a376858192e4122a752aff67e36678d2ecf\/neutratexttf-bolditalicalt.ttf":"\/fonts\/Unpacking\/4b799a376858192e4122a752aff67e36678d2ecf\/neutratexttf-bolditalicalt.ttf","\/fonts\/Unpacking\/4b799a376858192e4122a752aff67e36678d2ecf\/neutratexttf-bolditalicalt.ttg":"\/fonts\/Unpacking\/4b799a376858192e4122a752aff67e36678d2ecf\/neutratexttf-bolditalicalt.ttg","\/fonts\/Unpacking\/4b799a376858192e4122a752aff67e36678d2ecf\/neutratexttf-bolditalicalt.ufm":"\/fonts\/Unpacking\/4b799a376858192e4122a752aff67e36678d2ecf\/neutratexttf-bolditalicalt.ufm","\/fonts\/Unpacking\/4b799a376858192e4122a752aff67e36678d2ecf\/neutratexttf-bolditalicalt.woff":"\/fonts\/Unpacking\/4b799a376858192e4122a752aff67e36678d2ecf\/neutratexttf-bolditalicalt.woff","\/fonts\/Unpacking\/4b799a376858192e4122a752aff67e36678d2ecf\/neutratexttf-bolditalicalt.z":"\/fonts\/Unpacking\/4b799a376858192e4122a752aff67e36678d2ecf\/neutratexttf-bolditalicalt.z","\/fonts\/Unpacking\/4b799a376858192e4122a752aff67e36678d2ecf\/neutratexttf-bolditalicalt.ufo\/feature.fea":"\/fonts\/Unpacking\/4b799a376858192e4122a752aff67e36678d2ecf\/neutratexttf-bolditalicalt.ufo\/feature.fea","\/fonts\/Unpacking\/4b799a376858192e4122a752aff67e36678d2ecf\/neutratexttf-bolditalicalt.ufo\/fontinfo.plist":"\/fonts\/Unpacking\/4b799a376858192e4122a752aff67e36678d2ecf\/neutratexttf-bolditalicalt.ufo\/fontinfo.plist","\/fonts\/Unpacking\/4b799a376858192e4122a752aff67e36678d2ecf\/neutratexttf-bolditalicalt.ufo\/groups.plist":"\/fonts\/Unpacking\/4b799a376858192e4122a752aff67e36678d2ecf\/neutratexttf-bolditalicalt.ufo\/groups.plist","\/fonts\/Unpacking\/4b799a376858192e4122a752aff67e36678d2ecf\/neutratexttf-bolditalicalt.ufo\/kerning.plist":"\/fonts\/Unpacking\/4b799a376858192e4122a752aff67e36678d2ecf\/neutratexttf-bolditalicalt.ufo\/kerning.plist","\/fonts\/Unpacking\/4b799a376858192e4122a752aff67e36678d2ecf\/neutratexttf-bolditalicalt.ufo\/metainfo.plist":"\/fonts\/Unpacking\/4b799a376858192e4122a752aff67e36678d2ecf\/neutratexttf-bolditalicalt.ufo\/metainfo.plist","\/fonts\/Unpacking\/4b799a376858192e4122a752aff67e36678d2ecf\/neutratexttf-bolditalicalt.ufo\/glyphs\/_null.glif":"\/fonts\/Unpacking\/4b799a376858192e4122a752aff67e36678d2ecf\/neutratexttf-bolditalicalt.ufo\/glyphs\/_null.glif","\/fonts\/Unpacking\/4b799a376858192e4122a752aff67e36678d2ecf\/neutratexttf-bolditalicalt.ufo\/glyphs\/contents.plist":"\/fonts\/Unpacking\/4b799a376858192e4122a752aff67e36678d2ecf\/neutratexttf-bolditalicalt.ufo\/glyphs\/contents.plist","\/fonts\/Unpacking\/4b799a376858192e4122a752aff67e36678d2ecf\/neutratexttf-bolditalicalt.ufo\/glyphs\/nonmarkingreturn.glif":"\/fonts\/Unpacking\/4b799a376858192e4122a752aff67e36678d2ecf\/neutratexttf-bolditalicalt.ufo\/glyphs\/nonmarkingreturn.glif","\/fonts\/Unpacking\/4b799a376858192e4122a752aff67e36678d2ecf\/neutratexttf-bolditalicalt.ufo\/glyphs\/space.glif":"\/fonts\/Unpacking\/4b799a376858192e4122a752aff67e36678d2ecf\/neutratexttf-bolditalicalt.ufo\/glyphs\/space.glif"},"Font":null,"Licences":{"":false},"Table":{"FFTM":{"entryLength":16,"tag":"FFTM","checksum":1944519336,"offset":2180,"length":28},"GDEF":{"entryLength":16,"tag":"GDEF","checksum":3211268,"offset":2148,"length":32},"OS\/2":{"entryLength":16,"tag":"OS\/2","checksum":1451581152,"offset":344,"length":86},"cmap":{"entryLength":16,"tag":"cmap","checksum":4201568634,"offset":448,"length":842},"gasp":{"entryLength":16,"tag":"gasp","checksum":4294901763,"offset":2140,"length":8},"glyf":{"entryLength":16,"tag":"glyf","checksum":0,"offset":1304,"length":0},"head":{"entryLength":16,"tag":"head","checksum":113942832,"offset":220,"length":54},"hhea":{"entryLength":16,"tag":"hhea","checksum":59834772,"offset":276,"length":36},"hmtx":{"entryLength":16,"tag":"hmtx","checksum":98304000,"offset":432,"length":16},"loca":{"entryLength":16,"tag":"loca","checksum":0,"offset":1292,"length":10},"maxp":{"entryLength":16,"tag":"maxp","checksum":4587523,"offset":312,"length":32},"name":{"entryLength":16,"tag":"name","checksum":2714900343,"offset":1304,"length":792},"post":{"entryLength":16,"tag":"post","checksum":4285464599,"offset":2096,"length":42}},"UnicodeCharMap":{"0":1,"13":2,"32":3},"Reserves":null,"Names":[],"Nodes":[],"Contributors":[],"FontIdentity":"fab6a6b58c1979b04c0f5e58e99267a4","Bytes":129045,"Networking":null,"barcode":null,"referee":null}