{"CSS":{"Montara Italic":"Montara+Italic.css"},"FontType":"TrueType","FontCopyright":"Copyright 2001 Adobe Systems Incorporated. All rights reserved. Protected by U.S. Patents D473,586; D483,397. Montara is either a registered trademark or a trademark of Adobe Systems Incorporated in the United States and\/or other countries.","FontName":"Montara","FontSubfamily":"Italic","FontSubfamilyID":"FontForge 2.0 : Montara Italic : 14-8-2016","FontFullName":"Montara Italic","FontVersion":"Version 002.000 ","FontWeight":null,"FontPostscriptName":"Montara-Italic","Files":{"montara-italic.afm":"montara-italic.afm","montara-italic.bin":"montara-italic.bin","montara-italic.cef":"montara-italic.cef","montara-italic.cff":"montara-italic.cff","montara-italic.cid":"montara-italic.cid","montara-italic.dfont":"montara-italic.dfont","montara-italic.eot":"montara-italic.eot","montara-italic.fon":"montara-italic.fon","montara-italic.gai":"montara-italic.gai","montara-italic.gsf":"montara-italic.gsf","montara-italic.hqx":"montara-italic.hqx","montara-italic.ik":"montara-italic.ik","montara-italic.mf":"montara-italic.mf","montara-italic.otf":"montara-italic.otf","montara-italic.pcf":"montara-italic.pcf","montara-italic.pf3":"montara-italic.pf3","montara-italic.pfa":"montara-italic.pfa","montara-italic.pfb":"montara-italic.pfb","montara-italic.php":"montara-italic.php","montara-italic.pmf":"montara-italic.pmf","montara-italic.pt3":"montara-italic.pt3","montara-italic.sfd":"montara-italic.sfd","montara-italic.svg":"montara-italic.svg","montara-italic.t42":"montara-italic.t42","montara-italic.ttd":"montara-italic.ttd","montara-italic.ttf":"montara-italic.ttf","montara-italic.ttg":"montara-italic.ttg","montara-italic.ufm":"montara-italic.ufm","montara-italic.woff":"montara-italic.woff","montara-italic.z":"montara-italic.z","":{"montara-italic.afm":"montara-italic.afm","montara-italic.bin":"montara-italic.bin","montara-italic.cef":"montara-italic.cef","montara-italic.cff":"montara-italic.cff","montara-italic.cid":"montara-italic.cid","montara-italic.dfont":"montara-italic.dfont","montara-italic.eot":"montara-italic.eot","montara-italic.fon":"montara-italic.fon","montara-italic.gai":"montara-italic.gai","montara-italic.gsf":"montara-italic.gsf","montara-italic.hqx":"montara-italic.hqx","montara-italic.ik":"montara-italic.ik","montara-italic.mf":"montara-italic.mf","montara-italic.otf":"montara-italic.otf","montara-italic.pcf":"montara-italic.pcf","montara-italic.pf3":"montara-italic.pf3","montara-italic.pfa":"montara-italic.pfa","montara-italic.pfb":"montara-italic.pfb","montara-italic.php":"montara-italic.php","montara-italic.pmf":"montara-italic.pmf","montara-italic.pt3":"montara-italic.pt3","montara-italic.sfd":"montara-italic.sfd","montara-italic.svg":"montara-italic.svg","montara-italic.t42":"montara-italic.t42","montara-italic.ttd":"montara-italic.ttd","montara-italic.ttf":"montara-italic.ttf","montara-italic.ttg":"montara-italic.ttg","montara-italic.ufm":"montara-italic.ufm","montara-italic.woff":"montara-italic.woff","montara-italic.z":"montara-italic.z"},"\/montara-italic.ufo":{"feature.fea":"feature.fea","fontinfo.plist":"fontinfo.plist","groups.plist":"groups.plist","kerning.plist":"kerning.plist","metainfo.plist":"metainfo.plist"},"\/montara-italic.ufo\/glyphs":{"A_.glif":"A_.glif","A_E_.glif":"A_E_.glif","A_acute.glif":"A_acute.glif","A_circumflex.glif":"A_circumflex.glif","A_dieresis.glif":"A_dieresis.glif","A_grave.glif":"A_grave.glif","A_ring.glif":"A_ring.glif","A_tilde.glif":"A_tilde.glif","B_.glif":"B_.glif","C_.glif":"C_.glif","C_cedilla.glif":"C_cedilla.glif","D_.glif":"D_.glif","D_elta.glif":"D_elta.glif","E_.glif":"E_.glif","E_acute.glif":"E_acute.glif","E_circumflex.glif":"E_circumflex.glif","E_dieresis.glif":"E_dieresis.glif","E_grave.glif":"E_grave.glif","E_th.glif":"E_th.glif","E_uro.fitted.glif":"E_uro.fitted.glif","E_uro.glif":"E_uro.glif","F_.glif":"F_.glif","G_.glif":"G_.glif","H_.glif":"H_.glif","I_.glif":"I_.glif","I_acute.glif":"I_acute.glif","I_circumflex.glif":"I_circumflex.glif","I_dieresis.glif":"I_dieresis.glif","I_grave.glif":"I_grave.glif","J_.glif":"J_.glif","K_.glif":"K_.glif","L_.glif":"L_.glif","L_slash.glif":"L_slash.glif","M_.glif":"M_.glif","N_.glif":"N_.glif","N_tilde.glif":"N_tilde.glif","O_.glif":"O_.glif","O_E_.glif":"O_E_.glif","O_acute.glif":"O_acute.glif","O_circumflex.glif":"O_circumflex.glif","O_dieresis.glif":"O_dieresis.glif","O_grave.glif":"O_grave.glif","O_mega.glif":"O_mega.glif","O_slash.glif":"O_slash.glif","O_tilde.glif":"O_tilde.glif","P_.glif":"P_.glif","Q_.glif":"Q_.glif","R_.glif":"R_.glif","S_.glif":"S_.glif","S_caron.glif":"S_caron.glif","T_.glif":"T_.glif","T_horn.glif":"T_horn.glif","U_.glif":"U_.glif","U_acute.glif":"U_acute.glif","U_circumflex.glif":"U_circumflex.glif","U_dieresis.glif":"U_dieresis.glif","U_grave.glif":"U_grave.glif","V_.glif":"V_.glif","W_.glif":"W_.glif","X_.glif":"X_.glif","Y_.glif":"Y_.glif","Y_acute.glif":"Y_acute.glif","Y_dieresis.glif":"Y_dieresis.glif","Z_.glif":"Z_.glif","Z_caron.glif":"Z_caron.glif","_notdef.glif":"_notdef.glif","a.glif":"a.glif","a.superior.glif":"a.superior.glif","aacute.glif":"aacute.glif","acircumflex.glif":"acircumflex.glif","acute.cap.glif":"acute.cap.glif","acute.glif":"acute.glif","adieresis.glif":"adieresis.glif","ae.glif":"ae.glif","agrave.glif":"agrave.glif","ampersand.glif":"ampersand.glif","approxequal.glif":"approxequal.glif","aring.glif":"aring.glif","asciicircum.glif":"asciicircum.glif","asciitilde.glif":"asciitilde.glif","asterisk.glif":"asterisk.glif","at.cap.glif":"at.cap.glif","at.glif":"at.glif","atilde.glif":"atilde.glif","b.glif":"b.glif","backslash.glif":"backslash.glif","bar.glif":"bar.glif","braceleft.cap.glif":"braceleft.cap.glif","braceleft.glif":"braceleft.glif","braceright.cap.glif":"braceright.cap.glif","braceright.glif":"braceright.glif","bracketleft.cap.glif":"bracketleft.cap.glif","bracketleft.glif":"bracketleft.glif","bracketright.cap.glif":"bracketright.cap.glif","bracketright.glif":"bracketright.glif","breve.cap.glif":"breve.cap.glif","breve.glif":"breve.glif","brokenbar.glif":"brokenbar.glif","bullet.glif":"bullet.glif","c.glif":"c.glif","caron.cap.glif":"caron.cap.glif","caron.glif":"caron.glif","ccedilla.glif":"ccedilla.glif","cedilla.cap.glif":"cedilla.cap.glif","cedilla.glif":"cedilla.glif","cent.fitted.glif":"cent.fitted.glif","cent.glif":"cent.glif","circumflex.cap.glif":"circumflex.cap.glif","circumflex.glif":"circumflex.glif","colon.glif":"colon.glif","comma.glif":"comma.glif","contents.plist":"contents.plist","copyright.glif":"copyright.glif","currency.glif":"currency.glif","d.glif":"d.glif","dagger.glif":"dagger.glif","daggerdbl.glif":"daggerdbl.glif","degree.glif":"degree.glif","dieresis.cap.glif":"dieresis.cap.glif","dieresis.glif":"dieresis.glif","divide.glif":"divide.glif","dollar.fitted.glif":"dollar.fitted.glif","dollar.glif":"dollar.glif","dotaccent.cap.glif":"dotaccent.cap.glif","dotaccent.glif":"dotaccent.glif","dotlessi.glif":"dotlessi.glif","e.glif":"e.glif","eacute.glif":"eacute.glif","ecircumflex.glif":"ecircumflex.glif","edieresis.glif":"edieresis.glif","egrave.glif":"egrave.glif","eight.fitted.glif":"eight.fitted.glif","eight.glif":"eight.glif","ellipsis.glif":"ellipsis.glif","emdash.cap.glif":"emdash.cap.glif","emdash.glif":"emdash.glif","endash.cap.glif":"endash.cap.glif","endash.glif":"endash.glif","equal.glif":"equal.glif","estimated.glif":"estimated.glif","eth.glif":"eth.glif","exclam.glif":"exclam.glif","exclamdown.cap.glif":"exclamdown.cap.glif","exclamdown.glif":"exclamdown.glif","f.glif":"f.glif","f_i.glif":"f_i.glif","f_l.glif":"f_l.glif","fi.glif":"fi.glif","five.fitted.glif":"five.fitted.glif","five.glif":"five.glif","fl.glif":"fl.glif","florin.fitted.glif":"florin.fitted.glif","florin.glif":"florin.glif","four.fitted.glif":"four.fitted.glif","four.glif":"four.glif","four.superior.glif":"four.superior.glif","fraction.glif":"fraction.glif","g.glif":"g.glif","germandbls.glif":"germandbls.glif","grave.cap.glif":"grave.cap.glif","grave.glif":"grave.glif","greater.glif":"greater.glif","greaterequal.glif":"greaterequal.glif","guillemotleft.cap.glif":"guillemotleft.cap.glif","guillemotleft.glif":"guillemotleft.glif","guillemotright.cap.glif":"guillemotright.cap.glif","guillemotright.glif":"guillemotright.glif","guilsinglleft.cap.glif":"guilsinglleft.cap.glif","guilsinglleft.glif":"guilsinglleft.glif","guilsinglright.cap.glif":"guilsinglright.cap.glif","guilsinglright.glif":"guilsinglright.glif","h.glif":"h.glif","hungarumlaut.cap.glif":"hungarumlaut.cap.glif","hungarumlaut.glif":"hungarumlaut.glif","hyphen.cap.glif":"hyphen.cap.glif","hyphen.glif":"hyphen.glif","i.glif":"i.glif","iacute.glif":"iacute.glif","icircumflex.glif":"icircumflex.glif","idieresis.glif":"idieresis.glif","igrave.glif":"igrave.glif","infinity.glif":"infinity.glif","integral.glif":"integral.glif","j.glif":"j.glif","k.glif":"k.glif","l.glif":"l.glif","less.glif":"less.glif","lessequal.glif":"lessequal.glif","logicalnot.glif":"logicalnot.glif","lozenge.glif":"lozenge.glif","lslash.glif":"lslash.glif","m.glif":"m.glif","macron.cap.glif":"macron.cap.glif","macron.glif":"macron.glif","minus.glif":"minus.glif","mu.glif":"mu.glif","multiply.glif":"multiply.glif","n.glif":"n.glif","nine.fitted.glif":"nine.fitted.glif","nine.glif":"nine.glif","notequal.glif":"notequal.glif","ntilde.glif":"ntilde.glif","numbersign.glif":"numbersign.glif","o.glif":"o.glif","o.superior.glif":"o.superior.glif","oacute.glif":"oacute.glif","ocircumflex.glif":"ocircumflex.glif","odieresis.glif":"odieresis.glif","oe.glif":"oe.glif","ogonek.cap.glif":"ogonek.cap.glif","ogonek.glif":"ogonek.glif","ograve.glif":"ograve.glif","one.fitted.glif":"one.fitted.glif","one.glif":"one.glif","one.superior.glif":"one.superior.glif","onehalf.glif":"onehalf.glif","onequarter.glif":"onequarter.glif","onesuperior.glif":"onesuperior.glif","ordfeminine.glif":"ordfeminine.glif","ordmasculine.glif":"ordmasculine.glif","oslash.glif":"oslash.glif","otilde.glif":"otilde.glif","p.glif":"p.glif","paragraph.glif":"paragraph.glif","parenleft.cap.glif":"parenleft.cap.glif","parenleft.glif":"parenleft.glif","parenright.cap.glif":"parenright.cap.glif","parenright.glif":"parenright.glif","partialdiff.glif":"partialdiff.glif","percent.glif":"percent.glif","period.glif":"period.glif","periodcentered.cap.glif":"periodcentered.cap.glif","periodcentered.glif":"periodcentered.glif","perthousand.glif":"perthousand.glif","pi.glif":"pi.glif","plus.glif":"plus.glif","plusminus.glif":"plusminus.glif","product.glif":"product.glif","q.glif":"q.glif","question.glif":"question.glif","questiondown.cap.glif":"questiondown.cap.glif","questiondown.glif":"questiondown.glif","quotedbl.glif":"quotedbl.glif","quotedblbase.glif":"quotedblbase.glif","quotedblleft.glif":"quotedblleft.glif","quotedblright.glif":"quotedblright.glif","quoteleft.glif":"quoteleft.glif","quoteright.glif":"quoteright.glif","quotesinglbase.glif":"quotesinglbase.glif","quotesingle.glif":"quotesingle.glif","r.glif":"r.glif","radical.glif":"radical.glif","registered.glif":"registered.glif","ring.cap.glif":"ring.cap.glif","ring.glif":"ring.glif","s.glif":"s.glif","scaron.glif":"scaron.glif","section.glif":"section.glif","semicolon.glif":"semicolon.glif","seven.fitted.glif":"seven.fitted.glif","seven.glif":"seven.glif","six.fitted.glif":"six.fitted.glif","six.glif":"six.glif","slash.glif":"slash.glif","space.glif":"space.glif","sterling.fitted.glif":"sterling.fitted.glif","sterling.glif":"sterling.glif","summation.glif":"summation.glif","t.glif":"t.glif","thorn.glif":"thorn.glif","three.fitted.glif":"three.fitted.glif","three.glif":"three.glif","three.superior.glif":"three.superior.glif","threequarters.glif":"threequarters.glif","threesuperior.glif":"threesuperior.glif","tilde.cap.glif":"tilde.cap.glif","tilde.glif":"tilde.glif","trademark.glif":"trademark.glif","two.fitted.glif":"two.fitted.glif","two.glif":"two.glif","two.superior.glif":"two.superior.glif","twosuperior.glif":"twosuperior.glif","u.glif":"u.glif","uacute.glif":"uacute.glif","ucircumflex.glif":"ucircumflex.glif","udieresis.glif":"udieresis.glif","ugrave.glif":"ugrave.glif","underscore.glif":"underscore.glif","uni02C_9.glif":"uni02C_9.glif","uni2010.glif":"uni2010.glif","uni2113.glif":"uni2113.glif","uni2215.glif":"uni2215.glif","uni2219.glif":"uni2219.glif","v.glif":"v.glif","w.glif":"w.glif","x.glif":"x.glif","y.glif":"y.glif","yacute.glif":"yacute.glif","ydieresis.glif":"ydieresis.glif","yen.fitted.glif":"yen.fitted.glif","yen.glif":"yen.glif","z.glif":"z.glif","zcaron.glif":"zcaron.glif","zero.fitted.glif":"zero.fitted.glif","zero.glif":"zero.glif","zero.slash.glif":"zero.slash.glif"}},"Font":{"uploaded":1471170610.7142,"licence":"gpl3","company":"Chronolabs Cooperative","title":"Montara Italic","version":2.001,"date":"Fri Aug 12 07:04:22 2016","creator":"root","type":"1","matrix":"0.001 0 0 0.001 0 0","named":"Montara-Italic","painttype":"0","info":"11 dict dup","name":"Montara Italic","family":"Montara","weight":"Regular","fstype":"8","italicangle":"-12","underlineposition":"","underlinethickness":""},"Table":{"FFTM":{"entryLength":16,"tag":"FFTM","checksum":1944346172,"offset":36428,"length":28},"GDEF":{"entryLength":16,"tag":"GDEF","checksum":23068678,"offset":36396,"length":32},"OS\/2":{"entryLength":16,"tag":"OS\/2","checksum":1999714625,"offset":344,"length":86},"cmap":{"entryLength":16,"tag":"cmap","checksum":945235591,"offset":1660,"length":888},"gasp":{"entryLength":16,"tag":"gasp","checksum":4294901763,"offset":36388,"length":8},"glyf":{"entryLength":16,"tag":"glyf","checksum":3742797359,"offset":3164,"length":30604},"head":{"entryLength":16,"tag":"head","checksum":173421750,"offset":220,"length":54},"hhea":{"entryLength":16,"tag":"hhea","checksum":123536435,"offset":276,"length":36},"hmtx":{"entryLength":16,"tag":"hmtx","checksum":261630124,"offset":432,"length":1228},"loca":{"entryLength":16,"tag":"loca","checksum":3116882094,"offset":2548,"length":616},"maxp":{"entryLength":16,"tag":"maxp","checksum":24903765,"offset":312,"length":32},"name":{"entryLength":16,"tag":"name","checksum":32853244,"offset":33768,"length":1212},"post":{"entryLength":16,"tag":"post","checksum":1123407838,"offset":34980,"length":1406}},"UnicodeCharMap":{"32":3,"33":4,"34":5,"35":6,"36":7,"37":8,"38":9,"39":10,"40":11,"41":12,"42":13,"43":14,"44":15,"45":16,"46":17,"47":18,"48":19,"49":20,"50":21,"51":22,"52":23,"53":24,"54":25,"55":26,"56":27,"57":28,"58":29,"59":30,"60":31,"61":32,"62":33,"63":34,"64":35,"65":36,"66":37,"67":38,"68":39,"69":40,"70":41,"71":42,"72":43,"73":44,"74":45,"75":46,"76":47,"77":48,"78":49,"79":50,"80":51,"81":52,"82":53,"83":54,"84":55,"85":56,"86":57,"87":58,"88":59,"89":60,"90":61,"91":62,"92":63,"93":64,"94":65,"95":66,"96":67,"97":68,"98":69,"99":70,"100":71,"101":72,"102":73,"103":74,"104":75,"105":76,"106":77,"107":78,"108":79,"109":80,"110":81,"111":82,"112":83,"113":84,"114":85,"115":86,"116":87,"117":88,"118":89,"119":90,"120":91,"121":92,"122":93,"123":94,"124":95,"125":96,"126":97,"161":98,"162":99,"163":100,"164":101,"165":102,"166":103,"167":104,"168":105,"169":106,"170":107,"171":108,"172":109,"174":110,"175":111,"176":112,"177":113,"178":263,"179":264,"180":116,"182":118,"183":119,"184":120,"185":262,"186":122,"187":123,"188":124,"189":125,"190":126,"191":127,"192":128,"193":129,"194":130,"195":131,"196":132,"197":133,"198":134,"199":135,"200":136,"201":137,"202":138,"203":139,"204":140,"205":141,"206":142,"207":143,"208":144,"209":145,"210":146,"211":147,"212":148,"213":149,"214":150,"215":151,"216":152,"217":153,"218":154,"219":155,"220":156,"221":157,"222":158,"223":159,"224":160,"225":161,"226":162,"227":163,"228":164,"229":165,"230":166,"231":167,"232":168,"233":169,"234":170,"235":171,"236":172,"237":173,"238":174,"239":175,"240":176,"241":177,"242":178,"243":179,"244":180,"245":181,"246":182,"247":183,"248":184,"249":185,"250":186,"251":187,"252":188,"253":189,"254":190,"255":191,"305":221,"321":219,"322":222,"338":220,"339":223,"352":226,"353":229,"376":227,"381":228,"382":230,"402":195,"710":210,"711":217,"713":302,"728":212,"729":213,"730":214,"731":216,"732":211,"733":215,"916":232,"937":233,"956":117,"960":234,"8208":305,"8211":201,"8212":218,"8216":193,"8217":192,"8218":205,"8220":196,"8221":207,"8222":206,"8224":202,"8225":203,"8226":204,"8230":208,"8240":209,"8249":197,"8250":198,"8260":194,"8308":265,"8364":235,"8467":306,"8482":224,"8494":237,"8706":238,"8719":239,"8721":240,"8722":225,"8725":303,"8729":304,"8730":241,"8734":242,"8747":243,"8776":244,"8800":245,"8804":246,"8805":247,"9674":248,"64257":236,"64258":249},"Reserves":null,"Names":[],"Nodes":{"mo":{"type":"typal","node":"mo","usage":1,"weight":1},"ra":{"type":"typal","node":"ra","usage":1,"weight":1},"mon":{"type":"typal","node":"mon","usage":1,"weight":1},"ara":{"type":"typal","node":"ara","usage":1,"weight":1},"mont":{"type":"keys","node":"mont","usage":1,"weight":1},"tara":{"type":"keys","node":"tara","usage":1,"weight":1},"monta":{"type":"keys","node":"monta","usage":1,"weight":1},"ntara":{"type":"keys","node":"ntara","usage":1,"weight":1},"montara":{"type":"fixes","node":"montara","usage":1,"weight":1}},"Contributors":[],"FontIdentity":"ab3497deedb9242bc39c1a4f9db77002","Bytes":4408494,"Networking":[],"barcode":"AGiGAmmA53WW","referee":"7wgyiuwm"}