{"CSS":{"EchoPageThree":"EchoPageThree.css"},"FontType":"TrueType","FontCopyright":"< info@fontfont.de > Copyright Neville Brody, 1997. Published by FontShop International.  FUSE Release 17","FontName":"EchoPageThree","FontSubfamily":"Medium","FontSubfamilyID":"FontForge 2.0 : EchoPageThree : 25-11-2016","FontFullName":"Echo Page Three","FontVersion":"Version 001.000 ","FontWeight":null,"FontPostscriptName":"EchoPageThree","Files":{"echopagethree.afm":"echopagethree.afm","echopagethree.bin":"echopagethree.bin","echopagethree.cef":"echopagethree.cef","echopagethree.cff":"echopagethree.cff","echopagethree.cid":"echopagethree.cid","echopagethree.dfont":"echopagethree.dfont","echopagethree.eot":"echopagethree.eot","echopagethree.fon":"echopagethree.fon","echopagethree.gai":"echopagethree.gai","echopagethree.gsf":"echopagethree.gsf","echopagethree.hqx":"echopagethree.hqx","echopagethree.ik":"echopagethree.ik","echopagethree.mf":"echopagethree.mf","echopagethree.otf":"echopagethree.otf","echopagethree.pcf":"echopagethree.pcf","echopagethree.pf3":"echopagethree.pf3","echopagethree.pfa":"echopagethree.pfa","echopagethree.pfb":"echopagethree.pfb","echopagethree.php":"echopagethree.php","echopagethree.pmf":"echopagethree.pmf","echopagethree.pt3":"echopagethree.pt3","echopagethree.sfd":"echopagethree.sfd","echopagethree.svg":"echopagethree.svg","echopagethree.t42":"echopagethree.t42","echopagethree.ttd":"echopagethree.ttd","echopagethree.ttf":"echopagethree.ttf","echopagethree.ttg":"echopagethree.ttg","echopagethree.ufm":"echopagethree.ufm","echopagethree.woff":"echopagethree.woff","echopagethree.z":"echopagethree.z","":{"echopagethree.afm":"echopagethree.afm","echopagethree.bin":"echopagethree.bin","echopagethree.cef":"echopagethree.cef","echopagethree.cff":"echopagethree.cff","echopagethree.cid":"echopagethree.cid","echopagethree.dfont":"echopagethree.dfont","echopagethree.eot":"echopagethree.eot","echopagethree.fon":"echopagethree.fon","echopagethree.gai":"echopagethree.gai","echopagethree.gsf":"echopagethree.gsf","echopagethree.hqx":"echopagethree.hqx","echopagethree.ik":"echopagethree.ik","echopagethree.mf":"echopagethree.mf","echopagethree.otf":"echopagethree.otf","echopagethree.pcf":"echopagethree.pcf","echopagethree.pf3":"echopagethree.pf3","echopagethree.pfa":"echopagethree.pfa","echopagethree.pfb":"echopagethree.pfb","echopagethree.php":"echopagethree.php","echopagethree.pmf":"echopagethree.pmf","echopagethree.pt3":"echopagethree.pt3","echopagethree.sfd":"echopagethree.sfd","echopagethree.svg":"echopagethree.svg","echopagethree.t42":"echopagethree.t42","echopagethree.ttd":"echopagethree.ttd","echopagethree.ttf":"echopagethree.ttf","echopagethree.ttg":"echopagethree.ttg","echopagethree.ufm":"echopagethree.ufm","echopagethree.woff":"echopagethree.woff","echopagethree.z":"echopagethree.z"},"\/echopagethree.ufo":{"feature.fea":"feature.fea","fontinfo.plist":"fontinfo.plist","groups.plist":"groups.plist","kerning.plist":"kerning.plist","metainfo.plist":"metainfo.plist"},"\/echopagethree.ufo\/glyphs":{"A_.glif":"A_.glif","B_.glif":"B_.glif","C_.glif":"C_.glif","D_.glif":"D_.glif","E_.glif":"E_.glif","F_.glif":"F_.glif","G_.glif":"G_.glif","H_.glif":"H_.glif","I_.glif":"I_.glif","J_.glif":"J_.glif","K_.glif":"K_.glif","L_.glif":"L_.glif","M_.glif":"M_.glif","N_.glif":"N_.glif","O_.glif":"O_.glif","P_.glif":"P_.glif","Q_.glif":"Q_.glif","R_.glif":"R_.glif","S_.glif":"S_.glif","T_.glif":"T_.glif","U_.glif":"U_.glif","V_.glif":"V_.glif","W_.glif":"W_.glif","X_.glif":"X_.glif","Y_.glif":"Y_.glif","Z_.glif":"Z_.glif","a.glif":"a.glif","b.glif":"b.glif","bar.glif":"bar.glif","braceleft.glif":"braceleft.glif","c.glif":"c.glif","contents.plist":"contents.plist","d.glif":"d.glif","e.glif":"e.glif","eight.glif":"eight.glif","f.glif":"f.glif","five.glif":"five.glif","four.glif":"four.glif","g.glif":"g.glif","h.glif":"h.glif","i.glif":"i.glif","j.glif":"j.glif","k.glif":"k.glif","l.glif":"l.glif","m.glif":"m.glif","n.glif":"n.glif","nbspace.glif":"nbspace.glif","nine.glif":"nine.glif","o.glif":"o.glif","one.glif":"one.glif","p.glif":"p.glif","q.glif":"q.glif","r.glif":"r.glif","s.glif":"s.glif","seven.glif":"seven.glif","six.glif":"six.glif","space.glif":"space.glif","t.glif":"t.glif","three.glif":"three.glif","two.glif":"two.glif","u.glif":"u.glif","v.glif":"v.glif","w.glif":"w.glif","x.glif":"x.glif","y.glif":"y.glif","z.glif":"z.glif","zero.glif":"zero.glif"}},"Font":{"uploaded":1480008416.5582,"licence":"gpl3","company":"Chronolabs Cooperative","title":"Echo Page Three","version":2.001,"date":"Fri Aug 12 15:36:45 2016","creator":"root","type":"1","matrix":"0.001 0 0 0.001 0 0","named":"EchoPageThree","painttype":"0","info":"10 dict dup","name":"EchoPageThree","family":"EchoPageThree","weight":"Medium","fstype":"0","italicangle":"0","underlineposition":"","underlinethickness":""},"Table":{"FFTM":{"entryLength":16,"tag":"FFTM","checksum":1944306860,"offset":92856,"length":28},"GDEF":{"entryLength":16,"tag":"GDEF","checksum":7471110,"offset":92824,"length":32},"OS\/2":{"entryLength":16,"tag":"OS\/2","checksum":1453942205,"offset":344,"length":86},"cmap":{"entryLength":16,"tag":"cmap","checksum":2269791607,"offset":708,"length":354},"gasp":{"entryLength":16,"tag":"gasp","checksum":4294901763,"offset":92816,"length":8},"glyf":{"entryLength":16,"tag":"glyf","checksum":4009776662,"offset":1204,"length":90612},"head":{"entryLength":16,"tag":"head","checksum":262990332,"offset":220,"length":54},"hhea":{"entryLength":16,"tag":"hhea","checksum":189925200,"offset":276,"length":36},"hmtx":{"entryLength":16,"tag":"hmtx","checksum":3973775360,"offset":432,"length":276},"loca":{"entryLength":16,"tag":"loca","checksum":3218217336,"offset":1064,"length":140},"maxp":{"entryLength":16,"tag":"maxp","checksum":12387552,"offset":312,"length":32},"name":{"entryLength":16,"tag":"name","checksum":3726607869,"offset":91816,"length":819},"post":{"entryLength":16,"tag":"post","checksum":2131152449,"offset":92636,"length":180}},"UnicodeCharMap":{"32":3,"48":4,"49":5,"50":6,"51":7,"52":8,"53":9,"54":10,"55":11,"56":12,"57":13,"65":14,"66":15,"67":16,"68":17,"69":18,"70":19,"71":20,"72":21,"73":22,"74":23,"75":24,"76":25,"77":26,"78":27,"79":28,"80":29,"81":30,"82":31,"83":32,"84":33,"85":34,"86":35,"87":36,"88":37,"89":38,"90":39,"97":40,"98":41,"99":42,"100":43,"101":44,"102":45,"103":46,"104":47,"105":48,"106":49,"107":50,"108":51,"109":52,"110":53,"111":54,"112":55,"113":56,"114":57,"115":58,"116":59,"117":60,"118":61,"119":62,"120":63,"121":64,"122":65,"123":66,"124":67,"160":68},"Reserves":null,"Names":[],"Nodes":{"ec":{"type":"typal","node":"ec","usage":1,"weight":1},"ho":{"type":"typal","node":"ho","usage":1,"weight":1},"pa":{"type":"typal","node":"pa","usage":1,"weight":1},"ge":{"type":"typal","node":"ge","usage":1,"weight":1},"th":{"type":"typal","node":"th","usage":1,"weight":1},"ee":{"type":"typal","node":"ee","usage":1,"weight":1},"ech":{"type":"typal","node":"ech","usage":1,"weight":1},"cho":{"type":"typal","node":"cho","usage":1,"weight":1},"pag":{"type":"typal","node":"pag","usage":1,"weight":1},"age":{"type":"typal","node":"age","usage":1,"weight":1},"thr":{"type":"typal","node":"thr","usage":1,"weight":1},"ree":{"type":"typal","node":"ree","usage":1,"weight":1},"thre":{"type":"keys","node":"thre","usage":1,"weight":1},"hree":{"type":"keys","node":"hree","usage":1,"weight":1},"echo":{"type":"fixes","node":"echo","usage":1,"weight":1},"page":{"type":"fixes","node":"page","usage":1,"weight":1},"three":{"type":"fixes","node":"three","usage":1,"weight":1}},"Contributors":[],"FontIdentity":"75d939bf8cf50d2e6717ba7dc4dccb2b","Bytes":7279831,"Networking":[],"barcode":"q6g10isiooqc4k","referee":"g2mea"}