{"CSS":{"Zone23_Origami":"Zone23_Origami.css","Zone 2 3 Origami":"5ccef4c067088e4bff7dfe1e4833f51f.css"},"FontType":"TrueType","FontCopyright":"a ZONE23 original  :-:   http:\/\/www.twentythree.net\/zone23\/","FontName":"Zone23_Origami","FontSubfamily":"Book","FontSubfamilyID":"FontForge 2.0 : Zone23_Origami : 27-5-2016","FontFullName":"Zone 2 3 Origami","FontVersion":"Version  0.9b -  Release: Ma ","FontWeight":null,"FontPostscriptName":"Zone23_Origami","Files":null,"Table":{"FFTM":{"entryLength":16,"tag":"FFTM","checksum":1930895044,"offset":20332,"length":28},"GDEF":{"entryLength":16,"tag":"GDEF","checksum":10485764,"offset":20300,"length":32},"OS\/2":{"entryLength":16,"tag":"OS\/2","checksum":1449067052,"offset":344,"length":86},"cmap":{"entryLength":16,"tag":"cmap","checksum":842885067,"offset":852,"length":386},"gasp":{"entryLength":16,"tag":"gasp","checksum":4294901763,"offset":20292,"length":8},"glyf":{"entryLength":16,"tag":"glyf","checksum":3636363083,"offset":1472,"length":17832},"head":{"entryLength":16,"tag":"head","checksum":160146863,"offset":220,"length":54},"hhea":{"entryLength":16,"tag":"hhea","checksum":118752136,"offset":276,"length":36},"hmtx":{"entryLength":16,"tag":"hmtx","checksum":908264267,"offset":432,"length":420},"loca":{"entryLength":16,"tag":"loca","checksum":1960347750,"offset":1240,"length":232},"maxp":{"entryLength":16,"tag":"maxp","checksum":12255415,"offset":312,"length":32},"name":{"entryLength":16,"tag":"name","checksum":618833682,"offset":19304,"length":723},"post":{"entryLength":16,"tag":"post","checksum":236785459,"offset":20028,"length":264}},"UnicodeCharMap":{"0":1,"13":2,"32":3,"33":4,"34":5,"35":6,"36":7,"37":8,"38":9,"39":10,"40":11,"41":12,"42":13,"43":14,"44":15,"45":16,"46":17,"47":18,"48":19,"49":20,"50":21,"51":22,"52":23,"53":24,"54":25,"55":26,"56":27,"57":28,"58":29,"59":30,"60":31,"61":32,"62":33,"63":34,"64":35,"65":36,"66":37,"67":38,"68":39,"69":40,"70":41,"71":42,"72":43,"73":44,"74":45,"75":46,"76":47,"77":48,"78":49,"79":50,"80":51,"81":52,"82":53,"83":54,"84":55,"85":56,"86":57,"87":58,"88":59,"89":60,"90":61,"91":62,"92":63,"93":64,"94":65,"95":66,"96":67,"97":68,"98":69,"99":70,"100":71,"101":72,"102":73,"103":74,"104":75,"105":76,"106":77,"107":78,"108":79,"109":80,"110":81,"111":82,"112":83,"113":84,"114":85,"115":86,"116":87,"117":88,"118":89,"119":90,"120":91,"121":92,"122":93,"123":94,"124":95,"125":96,"126":97,"161":98,"162":99,"164":100,"165":101,"166":102,"167":103,"168":104,"169":105,"170":106,"171":107,"172":108,"174":110,"8224":111,"8225":112,"8226":113,"8482":114,"8722":109},"Reserves":{"fontname":"Zone 2 3 Origami"},"Names":{"Zone 2 3 Origami":{"name":"Zone 2 3 Origami","longitude":"0.00000001","latitude":"0.00000001","country":"","region":"","city":""}},"Nodes":{"zo":{"type":"typal","node":"zo","usage":1,"weight":1},"ne":{"type":"typal","node":"ne","usage":1,"weight":1},"or":{"type":"typal","node":"or","usage":1,"weight":1},"mi":{"type":"typal","node":"mi","usage":1,"weight":1},"zon":{"type":"typal","node":"zon","usage":1,"weight":1},"one":{"type":"typal","node":"one","usage":1,"weight":1},"ori":{"type":"typal","node":"ori","usage":1,"weight":1},"ami":{"type":"typal","node":"ami","usage":1,"weight":1},"orig":{"type":"keys","node":"orig","usage":1,"weight":1},"gami":{"type":"keys","node":"gami","usage":1,"weight":1},"origa":{"type":"keys","node":"origa","usage":1,"weight":1},"igami":{"type":"keys","node":"igami","usage":1,"weight":1},"zone":{"type":"fixes","node":"zone","usage":1,"weight":1},"2":{"type":"fixes","node":2,"usage":1,"weight":1},"3":{"type":"fixes","node":3,"usage":1,"weight":1},"origami":{"type":"fixes","node":"origami","usage":1,"weight":1}},"Contributors":[],"FontIdentity":"5ccef4c067088e4bff7dfe1e4833f51f","Bytes":null,"Networking":[]}