{"CSS":{"GalilSSK":"GalilSSK.css"},"FontType":"TrueType","FontCopyright":"Copyright 1993 Southern Software, Inc. All Rights Reserved","FontName":"GalilSSK","FontSubfamily":"Book","FontSubfamilyID":"FontForge 2.0 : GalilSSK : 11-10-2016","FontFullName":"Galil SSK","FontVersion":"Version Macromedia Fontograp ","FontWeight":null,"FontPostscriptName":"GalilSSK","Files":{"galilssk.afm":"galilssk.afm","galilssk.bin":"galilssk.bin","galilssk.cef":"galilssk.cef","galilssk.cff":"galilssk.cff","galilssk.cid":"galilssk.cid","galilssk.dfont":"galilssk.dfont","galilssk.eot":"galilssk.eot","galilssk.fon":"galilssk.fon","galilssk.gai":"galilssk.gai","galilssk.gsf":"galilssk.gsf","galilssk.hqx":"galilssk.hqx","galilssk.ik":"galilssk.ik","galilssk.mf":"galilssk.mf","galilssk.otf":"galilssk.otf","galilssk.pcf":"galilssk.pcf","galilssk.pf3":"galilssk.pf3","galilssk.pfa":"galilssk.pfa","galilssk.pfb":"galilssk.pfb","galilssk.php":"galilssk.php","galilssk.pmf":"galilssk.pmf","galilssk.pt3":"galilssk.pt3","galilssk.sfd":"galilssk.sfd","galilssk.svg":"galilssk.svg","galilssk.t42":"galilssk.t42","galilssk.ttd":"galilssk.ttd","galilssk.ttf":"galilssk.ttf","galilssk.ttg":"galilssk.ttg","galilssk.ufm":"galilssk.ufm","galilssk.woff":"galilssk.woff","galilssk.z":"galilssk.z","":{"galilssk.afm":"galilssk.afm","galilssk.bin":"galilssk.bin","galilssk.cef":"galilssk.cef","galilssk.cff":"galilssk.cff","galilssk.cid":"galilssk.cid","galilssk.dfont":"galilssk.dfont","galilssk.eot":"galilssk.eot","galilssk.fon":"galilssk.fon","galilssk.gai":"galilssk.gai","galilssk.gsf":"galilssk.gsf","galilssk.hqx":"galilssk.hqx","galilssk.ik":"galilssk.ik","galilssk.mf":"galilssk.mf","galilssk.otf":"galilssk.otf","galilssk.pcf":"galilssk.pcf","galilssk.pf3":"galilssk.pf3","galilssk.pfa":"galilssk.pfa","galilssk.pfb":"galilssk.pfb","galilssk.php":"galilssk.php","galilssk.pmf":"galilssk.pmf","galilssk.pt3":"galilssk.pt3","galilssk.sfd":"galilssk.sfd","galilssk.svg":"galilssk.svg","galilssk.t42":"galilssk.t42","galilssk.ttd":"galilssk.ttd","galilssk.ttf":"galilssk.ttf","galilssk.ttg":"galilssk.ttg","galilssk.ufm":"galilssk.ufm","galilssk.woff":"galilssk.woff","galilssk.z":"galilssk.z"},"\/galilssk.ufo":{"feature.fea":"feature.fea","fontinfo.plist":"fontinfo.plist","groups.plist":"groups.plist","kerning.plist":"kerning.plist","metainfo.plist":"metainfo.plist"},"\/galilssk.ufo\/glyphs":{"A_.glif":"A_.glif","A_acute.glif":"A_acute.glif","A_circumflex.glif":"A_circumflex.glif","A_dieresis.glif":"A_dieresis.glif","A_grave.glif":"A_grave.glif","A_ring.glif":"A_ring.glif","A_tilde.glif":"A_tilde.glif","B_.glif":"B_.glif","C_.glif":"C_.glif","C_cedilla.glif":"C_cedilla.glif","D_.glif":"D_.glif","E_.glif":"E_.glif","E_acute.glif":"E_acute.glif","E_circumflex.glif":"E_circumflex.glif","E_dieresis.glif":"E_dieresis.glif","E_grave.glif":"E_grave.glif","F_.glif":"F_.glif","G_.glif":"G_.glif","H_.glif":"H_.glif","I_.glif":"I_.glif","I_circumflex.glif":"I_circumflex.glif","I_dieresis.glif":"I_dieresis.glif","J_.glif":"J_.glif","K_.glif":"K_.glif","L_.glif":"L_.glif","M_.glif":"M_.glif","N_.glif":"N_.glif","N_tilde.glif":"N_tilde.glif","O_.glif":"O_.glif","O_acute.glif":"O_acute.glif","O_circumflex.glif":"O_circumflex.glif","O_tilde.glif":"O_tilde.glif","P_.glif":"P_.glif","Q_.glif":"Q_.glif","R_.glif":"R_.glif","S_.glif":"S_.glif","T_.glif":"T_.glif","U_.glif":"U_.glif","U_acute.glif":"U_acute.glif","U_circumflex.glif":"U_circumflex.glif","U_grave.glif":"U_grave.glif","V_.glif":"V_.glif","W_.glif":"W_.glif","X_.glif":"X_.glif","Y_.glif":"Y_.glif","Y_dieresis.glif":"Y_dieresis.glif","Z_.glif":"Z_.glif","_notdef.glif":"_notdef.glif","_null.glif":"_null.glif","a.glif":"a.glif","aacute.glif":"aacute.glif","acircumflex.glif":"acircumflex.glif","adieresis.glif":"adieresis.glif","agrave.glif":"agrave.glif","ampersand.glif":"ampersand.glif","aring.glif":"aring.glif","asciicircum.glif":"asciicircum.glif","asciitilde.glif":"asciitilde.glif","asterisk.glif":"asterisk.glif","at.glif":"at.glif","atilde.glif":"atilde.glif","b.glif":"b.glif","backslash.glif":"backslash.glif","bar.glif":"bar.glif","braceleft.glif":"braceleft.glif","braceright.glif":"braceright.glif","bracketleft.glif":"bracketleft.glif","bracketright.glif":"bracketright.glif","c.glif":"c.glif","ccedilla.glif":"ccedilla.glif","colon.glif":"colon.glif","comma.glif":"comma.glif","contents.plist":"contents.plist","d.glif":"d.glif","dollar.glif":"dollar.glif","e.glif":"e.glif","eacute.glif":"eacute.glif","ecircumflex.glif":"ecircumflex.glif","edieresis.glif":"edieresis.glif","egrave.glif":"egrave.glif","eight.glif":"eight.glif","equal.glif":"equal.glif","exclam.glif":"exclam.glif","f.glif":"f.glif","five.glif":"five.glif","four.glif":"four.glif","g.glif":"g.glif","glyph141.glif":"glyph141.glif","greater.glif":"greater.glif","h.glif":"h.glif","hyphen.glif":"hyphen.glif","i.glif":"i.glif","iacute.glif":"iacute.glif","icircumflex.glif":"icircumflex.glif","idieresis.glif":"idieresis.glif","igrave.glif":"igrave.glif","j.glif":"j.glif","k.glif":"k.glif","l.glif":"l.glif","m.glif":"m.glif","n.glif":"n.glif","nine.glif":"nine.glif","nonbreakingspace.glif":"nonbreakingspace.glif","nonmarkingreturn.glif":"nonmarkingreturn.glif","ntilde.glif":"ntilde.glif","numbersign.glif":"numbersign.glif","o.glif":"o.glif","oacute.glif":"oacute.glif","ocircumflex.glif":"ocircumflex.glif","odieresis.glif":"odieresis.glif","ograve.glif":"ograve.glif","one.glif":"one.glif","otilde.glif":"otilde.glif","p.glif":"p.glif","percent.glif":"percent.glif","period.glif":"period.glif","plus.glif":"plus.glif","q.glif":"q.glif","question.glif":"question.glif","quotedbl.glif":"quotedbl.glif","r.glif":"r.glif","s.glif":"s.glif","semicolon.glif":"semicolon.glif","seven.glif":"seven.glif","six.glif":"six.glif","slash.glif":"slash.glif","space.glif":"space.glif","t.glif":"t.glif","three.glif":"three.glif","two.glif":"two.glif","u.glif":"u.glif","uacute.glif":"uacute.glif","ucircumflex.glif":"ucircumflex.glif","udieresis.glif":"udieresis.glif","ugrave.glif":"ugrave.glif","underscore.glif":"underscore.glif","v.glif":"v.glif","w.glif":"w.glif","x.glif":"x.glif","y.glif":"y.glif","ydieresis.glif":"ydieresis.glif","z.glif":"z.glif","zero.glif":"zero.glif"}},"Font":{"uploaded":1476189482.7401,"licence":"gpl3","company":"Chronolabs Cooperative","title":"Galil SSK","version":2.001,"date":"Sun Aug 28 07:52:43 2016","creator":"root","type":"1","matrix":"0.001 0 0 0.001 0 0","named":"GalilSSK","painttype":"0","info":"10 dict dup","name":"GalilSSK","family":"GalilSSK","weight":"Book","fstype":"1","italicangle":"0","underlineposition":"","underlinethickness":""},"Table":{"FFTM":{"entryLength":16,"tag":"FFTM","checksum":1947116776,"offset":13760,"length":28},"GDEF":{"entryLength":16,"tag":"GDEF","checksum":12255236,"offset":13728,"length":32},"OS\/2":{"entryLength":16,"tag":"OS\/2","checksum":1459904937,"offset":344,"length":86},"cmap":{"entryLength":16,"tag":"cmap","checksum":2190072654,"offset":1000,"length":466},"gasp":{"entryLength":16,"tag":"gasp","checksum":4294901763,"offset":13720,"length":8},"glyf":{"entryLength":16,"tag":"glyf","checksum":2261776060,"offset":1756,"length":10984},"head":{"entryLength":16,"tag":"head","checksum":179599410,"offset":220,"length":54},"hhea":{"entryLength":16,"tag":"hhea","checksum":127402440,"offset":276,"length":36},"hmtx":{"entryLength":16,"tag":"hmtx","checksum":877011563,"offset":432,"length":568},"loca":{"entryLength":16,"tag":"loca","checksum":3797931928,"offset":1468,"length":286},"maxp":{"entryLength":16,"tag":"maxp","checksum":13959259,"offset":312,"length":32},"name":{"entryLength":16,"tag":"name","checksum":270632753,"offset":12740,"length":651},"post":{"entryLength":16,"tag":"post","checksum":3049963604,"offset":13392,"length":327}},"UnicodeCharMap":{"0":1,"13":2,"32":3,"33":4,"34":5,"35":6,"36":7,"37":8,"38":9,"42":10,"43":11,"44":12,"45":13,"46":14,"47":15,"48":16,"49":17,"50":18,"51":19,"52":20,"53":21,"54":22,"55":23,"56":24,"57":25,"58":26,"59":27,"61":28,"62":29,"63":30,"64":31,"65":32,"66":33,"67":34,"68":35,"69":36,"70":37,"71":38,"72":39,"73":40,"74":41,"75":42,"76":43,"77":44,"78":45,"79":46,"80":47,"81":48,"82":49,"83":50,"84":51,"85":52,"86":53,"87":54,"88":55,"89":56,"90":57,"91":58,"92":59,"93":60,"94":61,"95":62,"97":63,"98":64,"99":65,"100":66,"101":67,"102":68,"103":69,"104":70,"105":71,"106":72,"107":73,"108":74,"109":75,"110":76,"111":77,"112":78,"113":79,"114":80,"115":81,"116":82,"117":83,"118":84,"119":85,"120":86,"121":87,"122":88,"123":89,"124":90,"125":91,"126":92,"160":93,"192":94,"193":95,"194":96,"195":97,"196":98,"197":99,"199":100,"200":101,"201":102,"202":103,"203":104,"206":105,"207":106,"209":107,"211":108,"212":109,"213":110,"217":111,"218":112,"219":113,"224":114,"225":115,"226":116,"227":117,"228":118,"229":119,"231":120,"232":121,"233":122,"234":123,"235":124,"236":125,"237":126,"238":127,"239":128,"241":129,"242":130,"243":131,"244":132,"245":133,"246":134,"249":135,"250":136,"251":137,"252":138,"255":139,"376":140},"Reserves":null,"Names":[],"Nodes":{"ga":{"type":"typal","node":"ga","usage":1,"weight":1},"il":{"type":"typal","node":"il","usage":1,"weight":1},"ss":{"type":"typal","node":"ss","usage":1,"weight":1},"sk":{"type":"typal","node":"sk","usage":1,"weight":1},"gal":{"type":"typal","node":"gal","usage":1,"weight":1},"lil":{"type":"typal","node":"lil","usage":1,"weight":1},"gali":{"type":"keys","node":"gali","usage":1,"weight":1},"alil":{"type":"keys","node":"alil","usage":1,"weight":1},"galil":{"type":"fixes","node":"galil","usage":1,"weight":1},"ssk":{"type":"fixes","node":"ssk","usage":1,"weight":1}},"Contributors":[],"FontIdentity":"bb6994dae1bf47416d8600c21f974e5e","Bytes":1541430,"Networking":[],"barcode":"ygcugwk7geegm","referee":"omaw52s"}