{"CSS":{"Amethyst Zucchini":"Amethyst Zucchini.css"},"FontType":"TrueType","FontCopyright":"Copyright 1998 - Chank S\u00c6RS - FREEWARE!","FontName":"Amethyst Zucchini","FontSubfamily":"Regular","FontSubfamilyID":"Amethyst Zucchini","FontFullName":"Amethyst Zucchini","FontVersion":"1.00","FontWeight":null,"FontPostscriptName":"AmethystZucchini","Files":{"23f2db69ee9f97207fab07b7bcf6f520.afm":"23f2db69ee9f97207fab07b7bcf6f520.afm","23f2db69ee9f97207fab07b7bcf6f520.bin":"23f2db69ee9f97207fab07b7bcf6f520.bin","23f2db69ee9f97207fab07b7bcf6f520.cef":"23f2db69ee9f97207fab07b7bcf6f520.cef","23f2db69ee9f97207fab07b7bcf6f520.cff":"23f2db69ee9f97207fab07b7bcf6f520.cff","23f2db69ee9f97207fab07b7bcf6f520.dfont":"23f2db69ee9f97207fab07b7bcf6f520.dfont","23f2db69ee9f97207fab07b7bcf6f520.eot":"23f2db69ee9f97207fab07b7bcf6f520.eot","23f2db69ee9f97207fab07b7bcf6f520.fon":"23f2db69ee9f97207fab07b7bcf6f520.fon","23f2db69ee9f97207fab07b7bcf6f520.gai":"23f2db69ee9f97207fab07b7bcf6f520.gai","23f2db69ee9f97207fab07b7bcf6f520.gsf":"23f2db69ee9f97207fab07b7bcf6f520.gsf","23f2db69ee9f97207fab07b7bcf6f520.hqx":"23f2db69ee9f97207fab07b7bcf6f520.hqx","23f2db69ee9f97207fab07b7bcf6f520.ik":"23f2db69ee9f97207fab07b7bcf6f520.ik","23f2db69ee9f97207fab07b7bcf6f520.mf":"23f2db69ee9f97207fab07b7bcf6f520.mf","23f2db69ee9f97207fab07b7bcf6f520.otf":"23f2db69ee9f97207fab07b7bcf6f520.otf","23f2db69ee9f97207fab07b7bcf6f520.pcf":"23f2db69ee9f97207fab07b7bcf6f520.pcf","23f2db69ee9f97207fab07b7bcf6f520.pf3":"23f2db69ee9f97207fab07b7bcf6f520.pf3","23f2db69ee9f97207fab07b7bcf6f520.pfa":"23f2db69ee9f97207fab07b7bcf6f520.pfa","23f2db69ee9f97207fab07b7bcf6f520.pfb":"23f2db69ee9f97207fab07b7bcf6f520.pfb","23f2db69ee9f97207fab07b7bcf6f520.pmf":"23f2db69ee9f97207fab07b7bcf6f520.pmf","23f2db69ee9f97207fab07b7bcf6f520.pt3":"23f2db69ee9f97207fab07b7bcf6f520.pt3","23f2db69ee9f97207fab07b7bcf6f520.sfd":"23f2db69ee9f97207fab07b7bcf6f520.sfd","23f2db69ee9f97207fab07b7bcf6f520.svg":"23f2db69ee9f97207fab07b7bcf6f520.svg","23f2db69ee9f97207fab07b7bcf6f520.t42":"23f2db69ee9f97207fab07b7bcf6f520.t42","23f2db69ee9f97207fab07b7bcf6f520.ttf":"23f2db69ee9f97207fab07b7bcf6f520.ttf","23f2db69ee9f97207fab07b7bcf6f520.woff":"23f2db69ee9f97207fab07b7bcf6f520.woff","font-resource.json":"font-resource.json","kroeger 04_65.css":"kroeger 04_65.css","\/fonts\/Converting\/simon@staff.labs.coop\/23f2db69ee9f97207fab07b7bcf6f520":{"23f2db69ee9f97207fab07b7bcf6f520.afm":"23f2db69ee9f97207fab07b7bcf6f520.afm","23f2db69ee9f97207fab07b7bcf6f520.bin":"23f2db69ee9f97207fab07b7bcf6f520.bin","23f2db69ee9f97207fab07b7bcf6f520.cef":"23f2db69ee9f97207fab07b7bcf6f520.cef","23f2db69ee9f97207fab07b7bcf6f520.cff":"23f2db69ee9f97207fab07b7bcf6f520.cff","23f2db69ee9f97207fab07b7bcf6f520.dfont":"23f2db69ee9f97207fab07b7bcf6f520.dfont","23f2db69ee9f97207fab07b7bcf6f520.eot":"23f2db69ee9f97207fab07b7bcf6f520.eot","23f2db69ee9f97207fab07b7bcf6f520.fon":"23f2db69ee9f97207fab07b7bcf6f520.fon","23f2db69ee9f97207fab07b7bcf6f520.gai":"23f2db69ee9f97207fab07b7bcf6f520.gai","23f2db69ee9f97207fab07b7bcf6f520.gsf":"23f2db69ee9f97207fab07b7bcf6f520.gsf","23f2db69ee9f97207fab07b7bcf6f520.hqx":"23f2db69ee9f97207fab07b7bcf6f520.hqx","23f2db69ee9f97207fab07b7bcf6f520.ik":"23f2db69ee9f97207fab07b7bcf6f520.ik","23f2db69ee9f97207fab07b7bcf6f520.mf":"23f2db69ee9f97207fab07b7bcf6f520.mf","23f2db69ee9f97207fab07b7bcf6f520.otf":"23f2db69ee9f97207fab07b7bcf6f520.otf","23f2db69ee9f97207fab07b7bcf6f520.pcf":"23f2db69ee9f97207fab07b7bcf6f520.pcf","23f2db69ee9f97207fab07b7bcf6f520.pf3":"23f2db69ee9f97207fab07b7bcf6f520.pf3","23f2db69ee9f97207fab07b7bcf6f520.pfa":"23f2db69ee9f97207fab07b7bcf6f520.pfa","23f2db69ee9f97207fab07b7bcf6f520.pfb":"23f2db69ee9f97207fab07b7bcf6f520.pfb","23f2db69ee9f97207fab07b7bcf6f520.pmf":"23f2db69ee9f97207fab07b7bcf6f520.pmf","23f2db69ee9f97207fab07b7bcf6f520.pt3":"23f2db69ee9f97207fab07b7bcf6f520.pt3","23f2db69ee9f97207fab07b7bcf6f520.sfd":"23f2db69ee9f97207fab07b7bcf6f520.sfd","23f2db69ee9f97207fab07b7bcf6f520.svg":"23f2db69ee9f97207fab07b7bcf6f520.svg","23f2db69ee9f97207fab07b7bcf6f520.t42":"23f2db69ee9f97207fab07b7bcf6f520.t42","23f2db69ee9f97207fab07b7bcf6f520.ttf":"23f2db69ee9f97207fab07b7bcf6f520.ttf","23f2db69ee9f97207fab07b7bcf6f520.woff":"23f2db69ee9f97207fab07b7bcf6f520.woff","font-resource.json":"font-resource.json","kroeger 04_65.css":"kroeger 04_65.css"},"23f2db69ee9f97207fab07b7bcf6f520.ufo":{"feature.fea":"feature.fea","fontinfo.plist":"fontinfo.plist","groups.plist":"groups.plist","kerning.plist":"kerning.plist","metainfo.plist":"metainfo.plist"},"23f2db69ee9f97207fab07b7bcf6f520.ufo\/glyphs":{"A_.glif":"A_.glif","A_E_.glif":"A_E_.glif","A_acute.glif":"A_acute.glif","A_circumflex.glif":"A_circumflex.glif","A_dieresis.glif":"A_dieresis.glif","A_grave.glif":"A_grave.glif","A_ring.glif":"A_ring.glif","A_tilde.glif":"A_tilde.glif","B_.glif":"B_.glif","C_.glif":"C_.glif","C_cedilla.glif":"C_cedilla.glif","D_.glif":"D_.glif","D_C_1.glif":"D_C_1.glif","D_C_2.glif":"D_C_2.glif","D_C_3.glif":"D_C_3.glif","D_C_4.glif":"D_C_4.glif","D_E_L_.glif":"D_E_L_.glif","D_L_E_.glif":"D_L_E_.glif","D_elta.glif":"D_elta.glif","E_.glif":"E_.glif","E_acute.glif":"E_acute.glif","E_circumflex.glif":"E_circumflex.glif","E_dieresis.glif":"E_dieresis.glif","E_grave.glif":"E_grave.glif","E_th.glif":"E_th.glif","F_.glif":"F_.glif","G_.glif":"G_.glif","H_.glif":"H_.glif","H_T_.glif":"H_T_.glif","I_.glif":"I_.glif","I_acute.glif":"I_acute.glif","I_circumflex.glif":"I_circumflex.glif","I_dieresis.glif":"I_dieresis.glif","I_grave.glif":"I_grave.glif","J_.glif":"J_.glif","K_.glif":"K_.glif","L_.glif":"L_.glif","L_F_.glif":"L_F_.glif","L_slash.glif":"L_slash.glif","M_.glif":"M_.glif","N_.glif":"N_.glif","N_tilde.glif":"N_tilde.glif","O_.glif":"O_.glif","O_E_.glif":"O_E_.glif","O_acute.glif":"O_acute.glif","O_circumflex.glif":"O_circumflex.glif","O_dieresis.glif":"O_dieresis.glif","O_grave.glif":"O_grave.glif","O_mega.glif":"O_mega.glif","O_slash.glif":"O_slash.glif","O_tilde.glif":"O_tilde.glif","P_.glif":"P_.glif","Q_.glif":"Q_.glif","R_.glif":"R_.glif","R_S_.glif":"R_S_.glif","S_.glif":"S_.glif","S_caron.glif":"S_caron.glif","T_.glif":"T_.glif","T_horn.glif":"T_horn.glif","U_.glif":"U_.glif","U_S_.glif":"U_S_.glif","U_acute.glif":"U_acute.glif","U_circumflex.glif":"U_circumflex.glif","U_dieresis.glif":"U_dieresis.glif","U_grave.glif":"U_grave.glif","V_.glif":"V_.glif","W_.glif":"W_.glif","X_.glif":"X_.glif","Y_.glif":"Y_.glif","Y_acute.glif":"Y_acute.glif","Y_dieresis.glif":"Y_dieresis.glif","Z_.glif":"Z_.glif","Z_caron.glif":"Z_caron.glif","_notdef.glif":"_notdef.glif","_null.glif":"_null.glif","a.glif":"a.glif","aacute.glif":"aacute.glif","acircumflex.glif":"acircumflex.glif","acute.glif":"acute.glif","adieresis.glif":"adieresis.glif","ae.glif":"ae.glif","agrave.glif":"agrave.glif","ampersand.glif":"ampersand.glif","apple.glif":"apple.glif","approxequal.glif":"approxequal.glif","aring.glif":"aring.glif","asciicircum.glif":"asciicircum.glif","asciitilde.glif":"asciitilde.glif","asterisk.glif":"asterisk.glif","at.glif":"at.glif","atilde.glif":"atilde.glif","b.glif":"b.glif","backslash.glif":"backslash.glif","bar.glif":"bar.glif","braceleft.glif":"braceleft.glif","braceright.glif":"braceright.glif","bracketleft.glif":"bracketleft.glif","bracketright.glif":"bracketright.glif","breve.glif":"breve.glif","brokenbar.glif":"brokenbar.glif","bullet.glif":"bullet.glif","c.glif":"c.glif","caron.glif":"caron.glif","ccedilla.glif":"ccedilla.glif","cedilla.glif":"cedilla.glif","cent.glif":"cent.glif","circumflex.glif":"circumflex.glif","colon.glif":"colon.glif","comma.glif":"comma.glif","contents.plist":"contents.plist","copyright.glif":"copyright.glif","currency.glif":"currency.glif","d.glif":"d.glif","dagger.glif":"dagger.glif","daggerdbl.glif":"daggerdbl.glif","degree.glif":"degree.glif","dieresis.glif":"dieresis.glif","divide.glif":"divide.glif","dollar.glif":"dollar.glif","dotaccent.glif":"dotaccent.glif","dotlessi.glif":"dotlessi.glif","e.glif":"e.glif","eacute.glif":"eacute.glif","ecircumflex.glif":"ecircumflex.glif","edieresis.glif":"edieresis.glif","egrave.glif":"egrave.glif","eight.glif":"eight.glif","ellipsis.glif":"ellipsis.glif","emdash.glif":"emdash.glif","endash.glif":"endash.glif","equal.glif":"equal.glif","eth.glif":"eth.glif","exclam.glif":"exclam.glif","exclamdown.glif":"exclamdown.glif","f.glif":"f.glif","fi.glif":"fi.glif","five.glif":"five.glif","fl.glif":"fl.glif","florin.glif":"florin.glif","four.glif":"four.glif","fraction.glif":"fraction.glif","g.glif":"g.glif","germandbls.glif":"germandbls.glif","glyph1.glif":"glyph1.glif","glyph2.glif":"glyph2.glif","grave.glif":"grave.glif","greater.glif":"greater.glif","greaterequal.glif":"greaterequal.glif","guillemotleft.glif":"guillemotleft.glif","guillemotright.glif":"guillemotright.glif","guilsinglleft.glif":"guilsinglleft.glif","guilsinglright.glif":"guilsinglright.glif","h.glif":"h.glif","hungarumlaut.glif":"hungarumlaut.glif","hyphen.glif":"hyphen.glif","i.glif":"i.glif","iacute.glif":"iacute.glif","icircumflex.glif":"icircumflex.glif","idieresis.glif":"idieresis.glif","igrave.glif":"igrave.glif","infinity.glif":"infinity.glif","integral.glif":"integral.glif","j.glif":"j.glif","k.glif":"k.glif","l.glif":"l.glif","less.glif":"less.glif","lessequal.glif":"lessequal.glif","logicalnot.glif":"logicalnot.glif","lozenge.glif":"lozenge.glif","lslash.glif":"lslash.glif","m.glif":"m.glif","macron.glif":"macron.glif","minus.glif":"minus.glif","mu.glif":"mu.glif","multiply.glif":"multiply.glif","n.glif":"n.glif","nine.glif":"nine.glif","nonbreakingspace.glif":"nonbreakingspace.glif","nonmarkingreturn.glif":"nonmarkingreturn.glif","notequal.glif":"notequal.glif","ntilde.glif":"ntilde.glif","numbersign.glif":"numbersign.glif","o.glif":"o.glif","oacute.glif":"oacute.glif","ocircumflex.glif":"ocircumflex.glif","odieresis.glif":"odieresis.glif","oe.glif":"oe.glif","ogonek.glif":"ogonek.glif","ograve.glif":"ograve.glif","one.glif":"one.glif","onehalf.glif":"onehalf.glif","onequarter.glif":"onequarter.glif","onesuperior.glif":"onesuperior.glif","ordfeminine.glif":"ordfeminine.glif","ordmasculine.glif":"ordmasculine.glif","oslash.glif":"oslash.glif","otilde.glif":"otilde.glif","p.glif":"p.glif","paragraph.glif":"paragraph.glif","parenleft.glif":"parenleft.glif","parenright.glif":"parenright.glif","partialdiff.glif":"partialdiff.glif","percent.glif":"percent.glif","period.glif":"period.glif","periodcentered.glif":"periodcentered.glif","perthousand.glif":"perthousand.glif","pi.glif":"pi.glif","plus.glif":"plus.glif","plusminus.glif":"plusminus.glif","product.glif":"product.glif","q.glif":"q.glif","question.glif":"question.glif","questiondown.glif":"questiondown.glif","quotedbl.glif":"quotedbl.glif","quotedblbase.glif":"quotedblbase.glif","quotedblleft.glif":"quotedblleft.glif","quotedblright.glif":"quotedblright.glif","quoteleft.glif":"quoteleft.glif","quoteright.glif":"quoteright.glif","quotesinglbase.glif":"quotesinglbase.glif","quotesingle.glif":"quotesingle.glif","r.glif":"r.glif","radical.glif":"radical.glif","registered.glif":"registered.glif","ring.glif":"ring.glif","s.glif":"s.glif","scaron.glif":"scaron.glif","section.glif":"section.glif","semicolon.glif":"semicolon.glif","seven.glif":"seven.glif","six.glif":"six.glif","slash.glif":"slash.glif","space.glif":"space.glif","sterling.glif":"sterling.glif","summation.glif":"summation.glif","t.glif":"t.glif","thorn.glif":"thorn.glif","three.glif":"three.glif","threequarters.glif":"threequarters.glif","threesuperior.glif":"threesuperior.glif","tilde.glif":"tilde.glif","trademark.glif":"trademark.glif","two.glif":"two.glif","twosuperior.glif":"twosuperior.glif","u.glif":"u.glif","uacute.glif":"uacute.glif","ucircumflex.glif":"ucircumflex.glif","udieresis.glif":"udieresis.glif","ugrave.glif":"ugrave.glif","underscore.glif":"underscore.glif","v.glif":"v.glif","w.glif":"w.glif","x.glif":"x.glif","y.glif":"y.glif","yacute.glif":"yacute.glif","ydieresis.glif":"ydieresis.glif","yen.glif":"yen.glif","z.glif":"z.glif","zcaron.glif":"zcaron.glif","zero.glif":"zero.glif"}},"Table":{"FFTM":{"entryLength":16,"tag":"FFTM","checksum":803767858,"offset":33792,"length":28},"GDEF":{"entryLength":16,"tag":"GDEF","checksum":10289156,"offset":33760,"length":32},"OS\/2":{"entryLength":16,"tag":"OS\/2","checksum":308948461,"offset":376,"length":96},"cmap":{"entryLength":16,"tag":"cmap","checksum":3483990259,"offset":920,"length":410},"cvt ":{"entryLength":16,"tag":"cvt ","checksum":1599472281,"offset":1424,"length":30},"fpgm":{"entryLength":16,"tag":"fpgm","checksum":2201207375,"offset":1332,"length":20},"glyf":{"entryLength":16,"tag":"glyf","checksum":2165019145,"offset":1684,"length":31252},"head":{"entryLength":16,"tag":"head","checksum":119817079,"offset":252,"length":54},"hhea":{"entryLength":16,"tag":"hhea","checksum":113640241,"offset":308,"length":36},"hmtx":{"entryLength":16,"tag":"hmtx","checksum":2411333388,"offset":472,"length":448},"loca":{"entryLength":16,"tag":"loca","checksum":3973631012,"offset":1456,"length":226},"maxp":{"entryLength":16,"tag":"maxp","checksum":17367995,"offset":344,"length":32},"name":{"entryLength":16,"tag":"name","checksum":2689712578,"offset":32936,"length":546},"post":{"entryLength":16,"tag":"post","checksum":2078957589,"offset":33484,"length":276},"prep":{"entryLength":16,"tag":"prep","checksum":3339572245,"offset":1352,"length":72}},"UnicodeCharMap":{"32":3,"33":4,"34":5,"35":6,"36":7,"37":8,"38":9,"39":10,"40":11,"41":12,"42":13,"43":14,"44":15,"45":16,"46":17,"47":18,"48":19,"49":20,"50":21,"51":22,"52":23,"53":24,"54":25,"55":26,"56":27,"57":28,"58":29,"59":30,"60":31,"61":32,"62":33,"63":34,"64":35,"65":36,"66":37,"67":38,"68":39,"69":40,"70":41,"71":42,"72":43,"73":44,"74":45,"75":46,"76":47,"77":48,"78":49,"79":50,"80":51,"81":52,"82":53,"83":54,"84":55,"85":56,"86":57,"87":58,"88":59,"89":60,"90":61,"91":62,"92":63,"93":64,"94":65,"95":66,"96":67,"97":68,"98":69,"99":70,"100":71,"101":72,"102":73,"103":74,"104":75,"105":76,"106":77,"107":78,"108":79,"109":80,"110":81,"111":82,"112":83,"113":84,"114":85,"115":86,"116":87,"117":88,"118":89,"119":90,"120":91,"121":92,"122":93,"123":94,"124":95,"125":96,"126":97,"161":98,"162":99,"174":100,"176":101,"190":102,"199":103,"222":104,"230":105,"231":106,"241":107,"8208":16,"8224":108,"8230":109},"Reserves":{"fontname":"Amethyst Zucchini"},"Names":{"Amethyst Zucchini":{"name":"Amethyst Zucchini","longitude":null,"latitude":null,"country":"","region":"","city":""}},"Nodes":{"am":{"type":"typal","node":"am","usage":1,"weight":1},"st":{"type":"typal","node":"st","usage":1,"weight":1},"zu":{"type":"typal","node":"zu","usage":1,"weight":1},"ni":{"type":"typal","node":"ni","usage":1,"weight":1},"ame":{"type":"typal","node":"ame","usage":1,"weight":1},"yst":{"type":"typal","node":"yst","usage":1,"weight":1},"zuc":{"type":"typal","node":"zuc","usage":1,"weight":1},"ini":{"type":"typal","node":"ini","usage":1,"weight":1},"amet":{"type":"keys","node":"amet","usage":1,"weight":1},"hyst":{"type":"keys","node":"hyst","usage":1,"weight":1},"zucc":{"type":"keys","node":"zucc","usage":1,"weight":1},"hini":{"type":"keys","node":"hini","usage":1,"weight":1},"ameth":{"type":"keys","node":"ameth","usage":1,"weight":1},"thyst":{"type":"keys","node":"thyst","usage":1,"weight":1},"zucch":{"type":"keys","node":"zucch","usage":1,"weight":1},"chini":{"type":"keys","node":"chini","usage":1,"weight":1},"amethyst":{"type":"fixes","node":"amethyst","usage":1,"weight":1},"zucchini":{"type":"fixes","node":"zucchini","usage":1,"weight":1}},"Contributors":[],"FontIdentity":"e550f952c04e588c860f015deab7abe9","Bytes":null,"Networking":[]}