{"CSS":{"Balker":"Balker.css"},"FontType":"TrueType","FontCopyright":"Copyright (c) Dustin Norlander, 2002. \r\nThis program is free software; you can redistribute it and\/or modify it under the terms of the GNU General Public License as published by the Free Software Foundation; either version 2 of the License, or any later version.","FontName":"Balker","FontSubfamily":"Regular","FontSubfamilyID":"Macromedia Fontographer 4.1 Balker","FontFullName":"Balker","FontVersion":"Macromedia Fontographer 4.1 11\/19\/00","FontWeight":null,"FontPostscriptName":"Balker","Files":null,"Table":{"FFTM":{"entryLength":16,"tag":"FFTM","checksum":1006646391,"offset":22260,"length":28},"GDEF":{"entryLength":16,"tag":"GDEF","checksum":7143428,"offset":19940,"length":32},"GPOS":{"entryLength":16,"tag":"GPOS","checksum":4025786943,"offset":20020,"length":2240},"GSUB":{"entryLength":16,"tag":"GSUB","checksum":3103766782,"offset":19972,"length":48},"OS\/2":{"entryLength":16,"tag":"OS\/2","checksum":1868263788,"offset":424,"length":86},"cmap":{"entryLength":16,"tag":"cmap","checksum":553439973,"offset":768,"length":386},"cvt ":{"entryLength":16,"tag":"cvt ","checksum":9437286,"offset":1568,"length":6},"fpgm":{"entryLength":16,"tag":"fpgm","checksum":843543392,"offset":1156,"length":354},"gasp":{"entryLength":16,"tag":"gasp","checksum":1507337,"offset":19924,"length":16},"glyf":{"entryLength":16,"tag":"glyf","checksum":2253610271,"offset":1708,"length":15524},"head":{"entryLength":16,"tag":"head","checksum":172731052,"offset":300,"length":54},"hhea":{"entryLength":16,"tag":"hhea","checksum":201524162,"offset":356,"length":36},"hmtx":{"entryLength":16,"tag":"hmtx","checksum":4268618921,"offset":512,"length":256},"loca":{"entryLength":16,"tag":"loca","checksum":3600270856,"offset":1576,"length":130},"maxp":{"entryLength":16,"tag":"maxp","checksum":38732279,"offset":392,"length":32},"name":{"entryLength":16,"tag":"name","checksum":2485704014,"offset":17232,"length":2517},"post":{"entryLength":16,"tag":"post","checksum":2854649535,"offset":19752,"length":170},"prep":{"entryLength":16,"tag":"prep","checksum":390127918,"offset":1512,"length":54}},"UnicodeCharMap":{"32":3,"34":4,"40":5,"41":6,"44":7,"46":8,"58":9,"59":10,"65":11,"66":12,"67":13,"68":14,"69":15,"70":16,"71":17,"72":18,"73":19,"74":20,"75":21,"76":22,"77":23,"78":24,"79":25,"80":26,"81":27,"82":28,"83":29,"84":30,"85":31,"86":32,"87":33,"88":34,"89":35,"90":36,"97":37,"98":38,"99":39,"100":40,"101":41,"102":42,"103":43,"104":44,"105":45,"106":46,"107":47,"108":48,"109":49,"110":50,"111":51,"112":52,"113":53,"114":54,"115":55,"116":56,"117":57,"118":58,"119":59,"120":60,"121":61,"122":62,"160":3},"Reserves":{"fontname":"Balker"},"Names":{"Balker":{"name":"Balker","longitude":null,"latitude":null,"country":"","region":"","city":""}},"Nodes":{"ba":{"type":"typal","node":"ba","usage":1,"weight":1},"er":{"type":"typal","node":"er","usage":1,"weight":1},"bal":{"type":"typal","node":"bal","usage":1,"weight":1},"ker":{"type":"typal","node":"ker","usage":1,"weight":1},"balk":{"type":"keys","node":"balk","usage":1,"weight":1},"lker":{"type":"keys","node":"lker","usage":1,"weight":1},"balke":{"type":"keys","node":"balke","usage":1,"weight":1},"alker":{"type":"keys","node":"alker","usage":1,"weight":1},"balker":{"type":"fixes","node":"balker","usage":1,"weight":1}},"Contributors":[],"FontIdentity":"008e93f6d4aee3a01f840f81c508d78f","Bytes":null,"Networking":[]}