{"CSS":{"Aetherfox":"Aetherfox.css"},"FontType":"TrueType","FontCopyright":"2002 Iconian Fonts - www.iconian.com","FontName":"Aetherfox","FontSubfamily":"Regular","FontSubfamilyID":"Aetherfox","FontFullName":"Aetherfox","FontVersion":"2","FontWeight":null,"FontPostscriptName":"Aetherfox","Files":{"AlphaRev.css":"AlphaRev.css","Font Preview for .gif":"Font Preview for .gif","Font Preview for .jpg":"Font Preview for .jpg","Font Preview for .png":"Font Preview for .png","alpharev.afm":"alpharev.afm","alpharev.bin":"alpharev.bin","alpharev.cef":"alpharev.cef","alpharev.cff":"alpharev.cff","alpharev.dfont":"alpharev.dfont","alpharev.eot":"alpharev.eot","alpharev.fon":"alpharev.fon","alpharev.gai":"alpharev.gai","alpharev.gsf":"alpharev.gsf","alpharev.hqx":"alpharev.hqx","alpharev.ik":"alpharev.ik","alpharev.mf":"alpharev.mf","alpharev.otf":"alpharev.otf","alpharev.pcf":"alpharev.pcf","alpharev.pf3":"alpharev.pf3","alpharev.pfa":"alpharev.pfa","alpharev.pfb":"alpharev.pfb","alpharev.pmf":"alpharev.pmf","alpharev.pt3":"alpharev.pt3","alpharev.sfd":"alpharev.sfd","alpharev.svg":"alpharev.svg","alpharev.t42":"alpharev.t42","alpharev.ttd":"alpharev.ttd","alpharev.ttf":"alpharev.ttf","alpharev.ttg":"alpharev.ttg","alpharev.woff":"alpharev.woff","font-name-banner.gif":"font-name-banner.gif","font-name-banner.jpg":"font-name-banner.jpg","font-name-banner.png":"font-name-banner.png","font-resource.json":"font-resource.json"},"Table":{"FFTM":{"entryLength":16,"tag":"FFTM","checksum":1069458866,"offset":52448,"length":28},"GDEF":{"entryLength":16,"tag":"GDEF","checksum":17629188,"offset":51888,"length":32},"GPOS":{"entryLength":16,"tag":"GPOS","checksum":647634711,"offset":51968,"length":478},"GSUB":{"entryLength":16,"tag":"GSUB","checksum":3103766782,"offset":51920,"length":48},"OS\/2":{"entryLength":16,"tag":"OS\/2","checksum":1591018081,"offset":408,"length":96},"cmap":{"entryLength":16,"tag":"cmap","checksum":116931921,"offset":1400,"length":474},"cvt ":{"entryLength":16,"tag":"cvt ","checksum":17760495,"offset":9256,"length":114},"fpgm":{"entryLength":16,"tag":"fpgm","checksum":3730357280,"offset":1876,"length":7275},"glyf":{"entryLength":16,"tag":"glyf","checksum":408357145,"offset":9824,"length":39952},"head":{"entryLength":16,"tag":"head","checksum":183579874,"offset":284,"length":54},"hhea":{"entryLength":16,"tag":"hhea","checksum":167839395,"offset":340,"length":36},"hmtx":{"entryLength":16,"tag":"hmtx","checksum":3585145982,"offset":504,"length":896},"loca":{"entryLength":16,"tag":"loca","checksum":1048975628,"offset":9372,"length":450},"maxp":{"entryLength":16,"tag":"maxp","checksum":63242614,"offset":376,"length":32},"name":{"entryLength":16,"tag":"name","checksum":1595555251,"offset":49776,"length":507},"post":{"entryLength":16,"tag":"post","checksum":3395762672,"offset":50284,"length":1601},"prep":{"entryLength":16,"tag":"prep","checksum":3664391800,"offset":9152,"length":104}},"UnicodeCharMap":{"32":3,"33":4,"34":5,"35":6,"36":7,"37":8,"38":9,"39":10,"40":11,"41":12,"42":13,"43":14,"44":15,"45":16,"46":17,"47":18,"48":19,"49":20,"50":21,"51":22,"52":23,"53":24,"54":25,"55":26,"56":27,"57":28,"58":29,"59":30,"60":31,"61":32,"62":33,"63":34,"64":35,"65":36,"66":37,"67":38,"68":39,"69":40,"70":41,"71":42,"72":43,"73":44,"74":45,"75":46,"76":47,"77":48,"78":49,"79":50,"80":51,"81":52,"82":53,"83":54,"84":55,"85":56,"86":57,"87":58,"88":59,"89":60,"90":61,"91":62,"92":63,"93":64,"94":65,"95":66,"96":67,"97":68,"98":69,"99":70,"100":71,"101":72,"102":73,"103":74,"104":75,"105":76,"106":77,"107":78,"108":79,"109":80,"110":81,"111":82,"112":83,"113":84,"114":85,"115":86,"116":87,"117":88,"118":89,"119":90,"120":91,"121":92,"122":93,"123":94,"124":95,"125":96,"126":97,"160":98,"161":99,"162":100,"163":101,"164":102,"165":103,"166":104,"167":105,"168":106,"169":107,"170":108,"171":109,"172":110,"173":111,"174":112,"175":113,"176":114,"177":115,"178":116,"179":117,"180":118,"181":119,"182":120,"183":121,"184":122,"185":123,"186":124,"187":125,"188":126,"189":127,"190":128,"191":129,"192":130,"193":131,"194":132,"195":133,"196":134,"197":135,"198":136,"199":137,"200":138,"201":139,"202":140,"203":141,"204":142,"205":143,"206":144,"207":145,"208":146,"209":147,"210":148,"211":149,"212":150,"213":151,"214":152,"215":153,"216":154,"217":155,"218":156,"219":157,"220":158,"221":159,"222":160,"223":161,"224":162,"225":163,"226":164,"227":165,"228":166,"229":167,"230":168,"231":169,"232":170,"233":171,"234":172,"235":173,"236":174,"237":175,"238":176,"239":177,"240":178,"241":179,"242":180,"243":181,"244":182,"245":183,"246":184,"247":185,"248":186,"249":187,"250":188,"251":189,"252":190,"253":191,"254":192,"255":193,"338":194,"339":195,"352":196,"353":197,"376":198,"381":199,"382":200,"402":201,"710":202,"732":203,"8211":204,"8212":205,"8216":206,"8217":207,"8218":208,"8220":209,"8221":210,"8222":211,"8224":212,"8225":213,"8226":214,"8230":215,"8240":216,"8249":217,"8250":218,"8364":219,"8482":220,"8722":221,"8729":222},"Reserves":{"fontname":"Aetherfox"},"Names":{"Aetherfox":{"name":"Aetherfox","longitude":null,"latitude":null,"country":"","region":"","city":""}},"Nodes":{"ae":{"type":"typal","node":"ae","usage":1,"weight":1},"ox":{"type":"typal","node":"ox","usage":1,"weight":1},"aet":{"type":"typal","node":"aet","usage":1,"weight":1},"fox":{"type":"typal","node":"fox","usage":1,"weight":1},"aeth":{"type":"keys","node":"aeth","usage":1,"weight":1},"rfox":{"type":"keys","node":"rfox","usage":1,"weight":1},"aethe":{"type":"keys","node":"aethe","usage":1,"weight":1},"erfox":{"type":"keys","node":"erfox","usage":1,"weight":1},"aetherfox":{"type":"fixes","node":"aetherfox","usage":1,"weight":1}},"Contributors":[],"FontIdentity":"014be5fcf35ed698c8e4a2a2c693e0f1","Bytes":null,"Networking":[]}