{"CSS":{"ZuiderZeeNF":"ZuiderZeeNF.css","Zuider Zee NF":"189d52262a2b5ed41f026236e03c9253.css"},"FontType":"TrueType","FontCopyright":null,"FontName":"ZuiderZeeNF","FontSubfamily":"Book","FontSubfamilyID":"FontForge 2.0 : ZuiderZeeNF : 27-5-2016","FontFullName":"Zuider Zee NF","FontVersion":"Version 1.0 Extracted by ASV ","FontWeight":null,"FontPostscriptName":"ZuiderZeeNF","Files":null,"Table":{"FFTM":{"entryLength":16,"tag":"FFTM","checksum":1930995794,"offset":15444,"length":28},"GDEF":{"entryLength":16,"tag":"GDEF","checksum":8060934,"offset":10388,"length":32},"GPOS":{"entryLength":16,"tag":"GPOS","checksum":1767002696,"offset":10468,"length":4974},"GSUB":{"entryLength":16,"tag":"GSUB","checksum":3103766782,"offset":10420,"length":48},"OS\/2":{"entryLength":16,"tag":"OS\/2","checksum":1448042669,"offset":376,"length":86},"cmap":{"entryLength":16,"tag":"cmap","checksum":623623658,"offset":776,"length":362},"gasp":{"entryLength":16,"tag":"gasp","checksum":4294901763,"offset":10380,"length":8},"glyf":{"entryLength":16,"tag":"glyf","checksum":2808684887,"offset":1300,"length":8404},"head":{"entryLength":16,"tag":"head","checksum":185485746,"offset":252,"length":54},"hhea":{"entryLength":16,"tag":"hhea","checksum":147850486,"offset":308,"length":36},"hmtx":{"entryLength":16,"tag":"hmtx","checksum":3588819338,"offset":464,"length":312},"loca":{"entryLength":16,"tag":"loca","checksum":924528446,"offset":1140,"length":158},"maxp":{"entryLength":16,"tag":"maxp","checksum":9961549,"offset":344,"length":32},"name":{"entryLength":16,"tag":"name","checksum":1174578647,"offset":9704,"length":483},"post":{"entryLength":16,"tag":"post","checksum":115541844,"offset":10188,"length":190}},"UnicodeCharMap":{"32":3,"33":4,"34":5,"39":6,"40":7,"41":8,"44":9,"45":10,"46":11,"47":12,"48":13,"49":14,"50":15,"51":16,"52":17,"53":18,"54":19,"55":20,"56":21,"57":22,"58":23,"59":24,"63":25,"65":26,"66":27,"67":28,"68":29,"69":30,"70":31,"71":32,"72":33,"73":34,"74":35,"75":36,"76":37,"77":38,"78":39,"79":40,"80":41,"81":42,"82":43,"83":44,"84":45,"85":46,"86":47,"87":48,"88":49,"89":50,"90":51,"97":52,"98":53,"99":54,"100":55,"101":56,"102":57,"103":58,"104":59,"105":60,"106":61,"107":62,"108":63,"109":64,"110":65,"111":66,"112":67,"113":68,"114":69,"115":70,"116":71,"117":72,"118":73,"119":74,"120":75,"121":76,"122":77},"Reserves":{"fontname":"Zuider Zee NF"},"Names":{"Zuider Zee NF":{"name":"Zuider Zee NF","longitude":"0.00000001","latitude":"0.00000001","country":"","region":"","city":""}},"Nodes":{"zu":{"type":"typal","node":"zu","usage":1,"weight":1},"er":{"type":"typal","node":"er","usage":1,"weight":1},"ze":{"type":"typal","node":"ze","usage":1,"weight":1},"ee":{"type":"typal","node":"ee","usage":1,"weight":1},"zui":{"type":"typal","node":"zui","usage":1,"weight":1},"der":{"type":"typal","node":"der","usage":1,"weight":1},"zuid":{"type":"keys","node":"zuid","usage":1,"weight":1},"ider":{"type":"keys","node":"ider","usage":1,"weight":1},"zuide":{"type":"keys","node":"zuide","usage":1,"weight":1},"uider":{"type":"keys","node":"uider","usage":1,"weight":1},"zuider":{"type":"fixes","node":"zuider","usage":1,"weight":1},"zee":{"type":"fixes","node":"zee","usage":1,"weight":1},"nf":{"type":"fixes","node":"nf","usage":1,"weight":1}},"Contributors":[],"FontIdentity":"189d52262a2b5ed41f026236e03c9253","Bytes":null,"Networking":[]}