{"CSS":{"Sign Language":"doofinc:8521e3703e3d4951e69d9271.css"},"FontType":"TrueType","FontCopyright":"Corel Corporation","FontName":"Sign Language","FontSubfamily":"Thin","FontSubfamilyID":"FontForge 2.0 : Sign Language : 12-8-2016","FontFullName":"Sign Language","FontVersion":"Version 1.0 ","FontWeight":null,"FontPostscriptName":"SignLanguage","Files":{"\/Sign Language.css":"\/Sign Language.css","\/amslan.afm":"\/amslan.afm","\/amslan.cef":"\/amslan.cef","\/amslan.cff":"\/amslan.cff","\/amslan.eot":"\/amslan.eot","\/amslan.gai":"\/amslan.gai","\/amslan.gsf":"\/amslan.gsf","\/amslan.otf":"\/amslan.otf","\/amslan.pf3":"\/amslan.pf3","\/amslan.pfa":"\/amslan.pfa","\/amslan.pfb":"\/amslan.pfb","\/amslan.php":"\/amslan.php","\/amslan.pt3":"\/amslan.pt3","\/amslan.sfd":"\/amslan.sfd","\/amslan.svg":"\/amslan.svg","\/amslan.t42":"\/amslan.t42","\/amslan.ttd":"\/amslan.ttd","\/amslan.ttf":"\/amslan.ttf","\/amslan.ttg":"\/amslan.ttg","\/amslan.ufm":"\/amslan.ufm","\/amslan.woff":"\/amslan.woff","\/amslan.z":"\/amslan.z","\/font-resource.json":"\/font-resource.json","\/amslan.ufo\/feature.fea":"\/amslan.ufo\/feature.fea","\/amslan.ufo\/fontinfo.plist":"\/amslan.ufo\/fontinfo.plist","\/amslan.ufo\/groups.plist":"\/amslan.ufo\/groups.plist","\/amslan.ufo\/kerning.plist":"\/amslan.ufo\/kerning.plist","\/amslan.ufo\/metainfo.plist":"\/amslan.ufo\/metainfo.plist","\/amslan.ufo\/glyphs\/D_E_L_.glif":"\/amslan.ufo\/glyphs\/D_E_L_.glif","\/amslan.ufo\/glyphs\/E_.glif":"\/amslan.ufo\/glyphs\/E_.glif","\/amslan.ufo\/glyphs\/F_.glif":"\/amslan.ufo\/glyphs\/F_.glif","\/amslan.ufo\/glyphs\/G_.glif":"\/amslan.ufo\/glyphs\/G_.glif","\/amslan.ufo\/glyphs\/H_.glif":"\/amslan.ufo\/glyphs\/H_.glif","\/amslan.ufo\/glyphs\/I_.glif":"\/amslan.ufo\/glyphs\/I_.glif","\/amslan.ufo\/glyphs\/J_.glif":"\/amslan.ufo\/glyphs\/J_.glif","\/amslan.ufo\/glyphs\/K_.glif":"\/amslan.ufo\/glyphs\/K_.glif","\/amslan.ufo\/glyphs\/L_.glif":"\/amslan.ufo\/glyphs\/L_.glif","\/amslan.ufo\/glyphs\/M_.glif":"\/amslan.ufo\/glyphs\/M_.glif","\/amslan.ufo\/glyphs\/N_.glif":"\/amslan.ufo\/glyphs\/N_.glif","\/amslan.ufo\/glyphs\/O_.glif":"\/amslan.ufo\/glyphs\/O_.glif","\/amslan.ufo\/glyphs\/P_.glif":"\/amslan.ufo\/glyphs\/P_.glif","\/amslan.ufo\/glyphs\/Q_.glif":"\/amslan.ufo\/glyphs\/Q_.glif","\/amslan.ufo\/glyphs\/R_.glif":"\/amslan.ufo\/glyphs\/R_.glif","\/amslan.ufo\/glyphs\/S_.glif":"\/amslan.ufo\/glyphs\/S_.glif","\/amslan.ufo\/glyphs\/T_.glif":"\/amslan.ufo\/glyphs\/T_.glif","\/amslan.ufo\/glyphs\/U_.glif":"\/amslan.ufo\/glyphs\/U_.glif","\/amslan.ufo\/glyphs\/V_.glif":"\/amslan.ufo\/glyphs\/V_.glif","\/amslan.ufo\/glyphs\/W_.glif":"\/amslan.ufo\/glyphs\/W_.glif","\/amslan.ufo\/glyphs\/X_.glif":"\/amslan.ufo\/glyphs\/X_.glif","\/amslan.ufo\/glyphs\/Y_.glif":"\/amslan.ufo\/glyphs\/Y_.glif","\/amslan.ufo\/glyphs\/Z_.glif":"\/amslan.ufo\/glyphs\/Z_.glif","\/amslan.ufo\/glyphs\/_extra10.glif":"\/amslan.ufo\/glyphs\/_extra10.glif","\/amslan.ufo\/glyphs\/_extra11.glif":"\/amslan.ufo\/glyphs\/_extra11.glif","\/amslan.ufo\/glyphs\/_extra12.glif":"\/amslan.ufo\/glyphs\/_extra12.glif","\/amslan.ufo\/glyphs\/_extra13.glif":"\/amslan.ufo\/glyphs\/_extra13.glif","\/amslan.ufo\/glyphs\/_extra14.glif":"\/amslan.ufo\/glyphs\/_extra14.glif","\/amslan.ufo\/glyphs\/_extra15.glif":"\/amslan.ufo\/glyphs\/_extra15.glif","\/amslan.ufo\/glyphs\/_extra16.glif":"\/amslan.ufo\/glyphs\/_extra16.glif","\/amslan.ufo\/glyphs\/_extra17.glif":"\/amslan.ufo\/glyphs\/_extra17.glif","\/amslan.ufo\/glyphs\/_extra18.glif":"\/amslan.ufo\/glyphs\/_extra18.glif","\/amslan.ufo\/glyphs\/_extra19.glif":"\/amslan.ufo\/glyphs\/_extra19.glif","\/amslan.ufo\/glyphs\/_extra2.glif":"\/amslan.ufo\/glyphs\/_extra2.glif","\/amslan.ufo\/glyphs\/_extra20.glif":"\/amslan.ufo\/glyphs\/_extra20.glif","\/amslan.ufo\/glyphs\/_extra21.glif":"\/amslan.ufo\/glyphs\/_extra21.glif","\/amslan.ufo\/glyphs\/_extra22.glif":"\/amslan.ufo\/glyphs\/_extra22.glif","\/amslan.ufo\/glyphs\/_extra23.glif":"\/amslan.ufo\/glyphs\/_extra23.glif","\/amslan.ufo\/glyphs\/_extra24.glif":"\/amslan.ufo\/glyphs\/_extra24.glif","\/amslan.ufo\/glyphs\/_extra25.glif":"\/amslan.ufo\/glyphs\/_extra25.glif","\/amslan.ufo\/glyphs\/_extra26.glif":"\/amslan.ufo\/glyphs\/_extra26.glif","\/amslan.ufo\/glyphs\/_extra27.glif":"\/amslan.ufo\/glyphs\/_extra27.glif","\/amslan.ufo\/glyphs\/_extra28.glif":"\/amslan.ufo\/glyphs\/_extra28.glif","\/amslan.ufo\/glyphs\/_extra29.glif":"\/amslan.ufo\/glyphs\/_extra29.glif","\/amslan.ufo\/glyphs\/_extra3.glif":"\/amslan.ufo\/glyphs\/_extra3.glif","\/amslan.ufo\/glyphs\/_extra30.glif":"\/amslan.ufo\/glyphs\/_extra30.glif","\/amslan.ufo\/glyphs\/_extra31.glif":"\/amslan.ufo\/glyphs\/_extra31.glif","\/amslan.ufo\/glyphs\/_extra32.glif":"\/amslan.ufo\/glyphs\/_extra32.glif","\/amslan.ufo\/glyphs\/_extra33.glif":"\/amslan.ufo\/glyphs\/_extra33.glif","\/amslan.ufo\/glyphs\/_extra34.glif":"\/amslan.ufo\/glyphs\/_extra34.glif","\/amslan.ufo\/glyphs\/_extra35.glif":"\/amslan.ufo\/glyphs\/_extra35.glif","\/amslan.ufo\/glyphs\/_extra36.glif":"\/amslan.ufo\/glyphs\/_extra36.glif","\/amslan.ufo\/glyphs\/_extra37.glif":"\/amslan.ufo\/glyphs\/_extra37.glif","\/amslan.ufo\/glyphs\/_extra38.glif":"\/amslan.ufo\/glyphs\/_extra38.glif","\/amslan.ufo\/glyphs\/_extra4.glif":"\/amslan.ufo\/glyphs\/_extra4.glif","\/amslan.ufo\/glyphs\/_extra5.glif":"\/amslan.ufo\/glyphs\/_extra5.glif","\/amslan.ufo\/glyphs\/_extra6.glif":"\/amslan.ufo\/glyphs\/_extra6.glif","\/amslan.ufo\/glyphs\/_extra7.glif":"\/amslan.ufo\/glyphs\/_extra7.glif","\/amslan.ufo\/glyphs\/_extra8.glif":"\/amslan.ufo\/glyphs\/_extra8.glif","\/amslan.ufo\/glyphs\/_extra9.glif":"\/amslan.ufo\/glyphs\/_extra9.glif","\/amslan.ufo\/glyphs\/_notdef.glif":"\/amslan.ufo\/glyphs\/_notdef.glif","\/amslan.ufo\/glyphs\/_null.glif":"\/amslan.ufo\/glyphs\/_null.glif","\/amslan.ufo\/glyphs\/a.glif":"\/amslan.ufo\/glyphs\/a.glif","\/amslan.ufo\/glyphs\/asciitilde.glif":"\/amslan.ufo\/glyphs\/asciitilde.glif","\/amslan.ufo\/glyphs\/b.glif":"\/amslan.ufo\/glyphs\/b.glif","\/amslan.ufo\/glyphs\/bar.glif":"\/amslan.ufo\/glyphs\/bar.glif","\/amslan.ufo\/glyphs\/braceleft.glif":"\/amslan.ufo\/glyphs\/braceleft.glif","\/amslan.ufo\/glyphs\/braceright.glif":"\/amslan.ufo\/glyphs\/braceright.glif","\/amslan.ufo\/glyphs\/c.glif":"\/amslan.ufo\/glyphs\/c.glif","\/amslan.ufo\/glyphs\/contents.plist":"\/amslan.ufo\/glyphs\/contents.plist","\/amslan.ufo\/glyphs\/d.glif":"\/amslan.ufo\/glyphs\/d.glif","\/amslan.ufo\/glyphs\/e.glif":"\/amslan.ufo\/glyphs\/e.glif","\/amslan.ufo\/glyphs\/f.glif":"\/amslan.ufo\/glyphs\/f.glif","\/amslan.ufo\/glyphs\/florin.glif":"\/amslan.ufo\/glyphs\/florin.glif","\/amslan.ufo\/glyphs\/g.glif":"\/amslan.ufo\/glyphs\/g.glif","\/amslan.ufo\/glyphs\/grave.glif":"\/amslan.ufo\/glyphs\/grave.glif","\/amslan.ufo\/glyphs\/h.glif":"\/amslan.ufo\/glyphs\/h.glif","\/amslan.ufo\/glyphs\/i.glif":"\/amslan.ufo\/glyphs\/i.glif","\/amslan.ufo\/glyphs\/j.glif":"\/amslan.ufo\/glyphs\/j.glif","\/amslan.ufo\/glyphs\/k.glif":"\/amslan.ufo\/glyphs\/k.glif","\/amslan.ufo\/glyphs\/l.glif":"\/amslan.ufo\/glyphs\/l.glif","\/amslan.ufo\/glyphs\/m.glif":"\/amslan.ufo\/glyphs\/m.glif","\/amslan.ufo\/glyphs\/n.glif":"\/amslan.ufo\/glyphs\/n.glif","\/amslan.ufo\/glyphs\/nonmarkingreturn.glif":"\/amslan.ufo\/glyphs\/nonmarkingreturn.glif","\/amslan.ufo\/glyphs\/o.glif":"\/amslan.ufo\/glyphs\/o.glif","\/amslan.ufo\/glyphs\/p.glif":"\/amslan.ufo\/glyphs\/p.glif","\/amslan.ufo\/glyphs\/q.glif":"\/amslan.ufo\/glyphs\/q.glif","\/amslan.ufo\/glyphs\/quotesinglbase.glif":"\/amslan.ufo\/glyphs\/quotesinglbase.glif","\/amslan.ufo\/glyphs\/r.glif":"\/amslan.ufo\/glyphs\/r.glif","\/amslan.ufo\/glyphs\/s.glif":"\/amslan.ufo\/glyphs\/s.glif","\/amslan.ufo\/glyphs\/t.glif":"\/amslan.ufo\/glyphs\/t.glif","\/amslan.ufo\/glyphs\/u.glif":"\/amslan.ufo\/glyphs\/u.glif","\/amslan.ufo\/glyphs\/u0080.glif":"\/amslan.ufo\/glyphs\/u0080.glif","\/amslan.ufo\/glyphs\/u0081.glif":"\/amslan.ufo\/glyphs\/u0081.glif","\/amslan.ufo\/glyphs\/v.glif":"\/amslan.ufo\/glyphs\/v.glif","\/amslan.ufo\/glyphs\/w.glif":"\/amslan.ufo\/glyphs\/w.glif","\/amslan.ufo\/glyphs\/x.glif":"\/amslan.ufo\/glyphs\/x.glif","\/amslan.ufo\/glyphs\/y.glif":"\/amslan.ufo\/glyphs\/y.glif","\/amslan.ufo\/glyphs\/z.glif":"\/amslan.ufo\/glyphs\/z.glif"},"Font":{"uploaded":1471105234.9659,"licence":"gpl3","company":"Chronolabs Cooperative","title":"Sign Language","version":3.002,"date":"Fri Aug 12 15:45:30 2016","creator":"root","type":"1","matrix":"0.000488281 0 0 0.000488281 0 0","named":"SignLanguage","painttype":"0","info":"8 dict dup","name":"Sign Language","family":"Sign Language","weight":"Thin","fstype":"0","italicangle":"0"},"Licences":{"":false},"Table":{"FFTM":{"entryLength":16,"tag":"FFTM","checksum":1944408708,"offset":43484,"length":28},"GDEF":{"entryLength":16,"tag":"GDEF","checksum":9371652,"offset":43452,"length":32},"OS\/2":{"entryLength":16,"tag":"OS\/2","checksum":1630274739,"offset":344,"length":86},"cmap":{"entryLength":16,"tag":"cmap","checksum":121169472,"offset":756,"length":370},"gasp":{"entryLength":16,"tag":"gasp","checksum":4294901763,"offset":43444,"length":8},"glyf":{"entryLength":16,"tag":"glyf","checksum":1208586544,"offset":1328,"length":41012},"head":{"entryLength":16,"tag":"head","checksum":202054259,"offset":220,"length":54},"hhea":{"entryLength":16,"tag":"hhea","checksum":179898432,"offset":276,"length":36},"hmtx":{"entryLength":16,"tag":"hmtx","checksum":3176674882,"offset":432,"length":322},"loca":{"entryLength":16,"tag":"loca","checksum":396488480,"offset":1128,"length":198},"maxp":{"entryLength":16,"tag":"maxp","checksum":11862473,"offset":312,"length":32},"name":{"entryLength":16,"tag":"name","checksum":2010314063,"offset":42340,"length":531},"post":{"entryLength":16,"tag":"post","checksum":3765729505,"offset":42872,"length":571}},"UnicodeCharMap":{"0":1,"13":2,"69":40,"70":41,"71":42,"72":43,"73":44,"74":45,"75":46,"76":47,"77":48,"78":49,"79":50,"80":51,"81":52,"82":53,"83":54,"84":55,"85":56,"86":57,"87":58,"88":59,"89":60,"90":61,"96":62,"97":63,"98":64,"99":65,"100":66,"101":67,"102":68,"103":69,"104":70,"105":71,"106":72,"107":73,"108":74,"109":75,"110":76,"111":77,"112":78,"113":79,"114":80,"115":81,"116":82,"117":83,"118":84,"119":85,"120":86,"121":87,"122":88,"123":89,"124":90,"125":91,"126":92,"128":96,"129":97,"402":94,"8218":95},"Reserves":{"fontname":"Sign Language"},"Names":{"Sign Language":{"name":"Sign Language","longitude":"0.00000001","latitude":"0.00000001","country":"","region":"","city":""}},"Nodes":{"si":{"type":"typal","node":"si","usage":1,"weight":1},"gn":{"type":"typal","node":"gn","usage":1,"weight":1},"la":{"type":"typal","node":"la","usage":1,"weight":1},"ge":{"type":"typal","node":"ge","usage":1,"weight":1},"sig":{"type":"typal","node":"sig","usage":1,"weight":1},"ign":{"type":"typal","node":"ign","usage":1,"weight":1},"lan":{"type":"typal","node":"lan","usage":1,"weight":1},"age":{"type":"typal","node":"age","usage":1,"weight":1},"lang":{"type":"keys","node":"lang","usage":1,"weight":1},"uage":{"type":"keys","node":"uage","usage":1,"weight":1},"langu":{"type":"keys","node":"langu","usage":1,"weight":1},"guage":{"type":"keys","node":"guage","usage":1,"weight":1},"sign":{"type":"fixes","node":"sign","usage":1,"weight":1},"language":{"type":"fixes","node":"language","usage":1,"weight":1}},"Contributors":[],"FontIdentity":"doofinc:8521e3703e3d4951e69d9271","Bytes":null,"Networking":[],"barcode":"caksaesyisw3","referee":"ia7gocu"}