{"CSS":{"Euro Mono Std Regular":"Euro+Mono+Std+Regular.css"},"FontType":"TrueType","FontCopyright":"Copyright 1998, 2002 Adobe Systems Incorporated. All rights reserved.","FontName":"Euro Mono Std","FontSubfamily":"Regular","FontSubfamilyID":"FontForge 2.0 : Euro Mono Std Regular : 28-8-2016","FontFullName":"Euro Mono Std Regular","FontVersion":"Version 001.000 ","FontWeight":null,"FontPostscriptName":"EuroMonoStd-Regular","Files":{"euromonostd-regular.afm":"euromonostd-regular.afm","euromonostd-regular.bin":"euromonostd-regular.bin","euromonostd-regular.cef":"euromonostd-regular.cef","euromonostd-regular.cff":"euromonostd-regular.cff","euromonostd-regular.cid":"euromonostd-regular.cid","euromonostd-regular.dfont":"euromonostd-regular.dfont","euromonostd-regular.eot":"euromonostd-regular.eot","euromonostd-regular.fon":"euromonostd-regular.fon","euromonostd-regular.gai":"euromonostd-regular.gai","euromonostd-regular.gsf":"euromonostd-regular.gsf","euromonostd-regular.hqx":"euromonostd-regular.hqx","euromonostd-regular.ik":"euromonostd-regular.ik","euromonostd-regular.mf":"euromonostd-regular.mf","euromonostd-regular.otf":"euromonostd-regular.otf","euromonostd-regular.pcf":"euromonostd-regular.pcf","euromonostd-regular.pf3":"euromonostd-regular.pf3","euromonostd-regular.pfa":"euromonostd-regular.pfa","euromonostd-regular.pfb":"euromonostd-regular.pfb","euromonostd-regular.php":"euromonostd-regular.php","euromonostd-regular.pmf":"euromonostd-regular.pmf","euromonostd-regular.pt3":"euromonostd-regular.pt3","euromonostd-regular.sfd":"euromonostd-regular.sfd","euromonostd-regular.svg":"euromonostd-regular.svg","euromonostd-regular.t42":"euromonostd-regular.t42","euromonostd-regular.ttd":"euromonostd-regular.ttd","euromonostd-regular.ttf":"euromonostd-regular.ttf","euromonostd-regular.ttg":"euromonostd-regular.ttg","euromonostd-regular.ufm":"euromonostd-regular.ufm","euromonostd-regular.woff":"euromonostd-regular.woff","euromonostd-regular.z":"euromonostd-regular.z","":{"euromonostd-regular.afm":"euromonostd-regular.afm","euromonostd-regular.bin":"euromonostd-regular.bin","euromonostd-regular.cef":"euromonostd-regular.cef","euromonostd-regular.cff":"euromonostd-regular.cff","euromonostd-regular.cid":"euromonostd-regular.cid","euromonostd-regular.dfont":"euromonostd-regular.dfont","euromonostd-regular.eot":"euromonostd-regular.eot","euromonostd-regular.fon":"euromonostd-regular.fon","euromonostd-regular.gai":"euromonostd-regular.gai","euromonostd-regular.gsf":"euromonostd-regular.gsf","euromonostd-regular.hqx":"euromonostd-regular.hqx","euromonostd-regular.ik":"euromonostd-regular.ik","euromonostd-regular.mf":"euromonostd-regular.mf","euromonostd-regular.otf":"euromonostd-regular.otf","euromonostd-regular.pcf":"euromonostd-regular.pcf","euromonostd-regular.pf3":"euromonostd-regular.pf3","euromonostd-regular.pfa":"euromonostd-regular.pfa","euromonostd-regular.pfb":"euromonostd-regular.pfb","euromonostd-regular.php":"euromonostd-regular.php","euromonostd-regular.pmf":"euromonostd-regular.pmf","euromonostd-regular.pt3":"euromonostd-regular.pt3","euromonostd-regular.sfd":"euromonostd-regular.sfd","euromonostd-regular.svg":"euromonostd-regular.svg","euromonostd-regular.t42":"euromonostd-regular.t42","euromonostd-regular.ttd":"euromonostd-regular.ttd","euromonostd-regular.ttf":"euromonostd-regular.ttf","euromonostd-regular.ttg":"euromonostd-regular.ttg","euromonostd-regular.ufm":"euromonostd-regular.ufm","euromonostd-regular.woff":"euromonostd-regular.woff","euromonostd-regular.z":"euromonostd-regular.z"},"\/euromonostd-regular.ufo":{"feature.fea":"feature.fea","fontinfo.plist":"fontinfo.plist","groups.plist":"groups.plist","kerning.plist":"kerning.plist","metainfo.plist":"metainfo.plist"},"\/euromonostd-regular.ufo\/glyphs":{"E_uro.glif":"E_uro.glif","_notdef.glif":"_notdef.glif","contents.plist":"contents.plist","space.glif":"space.glif","uni00A_0.glif":"uni00A_0.glif","uni20A_C_.glif":"uni20A_C_.glif"}},"Font":{"uploaded":1472344004.0453,"licence":"gpl3","company":"Chronolabs Cooperative","title":"Euro Mono Std Regular","version":2.001,"date":"Fri Aug 19 22:26:25 2016","creator":"root","type":"1","matrix":"0.001 0 0 0.001 0 0","named":"EuroMonoStd-Regular","painttype":"0","info":"11 dict dup","name":"Euro Mono Std Regular","family":"Euro Mono Std","weight":"Regular","fstype":"12","italicangle":"0","underlineposition":"","underlinethickness":""},"Table":{"FFTM":{"entryLength":16,"tag":"FFTM","checksum":1945565620,"offset":2028,"length":28},"GDEF":{"entryLength":16,"tag":"GDEF","checksum":3407878,"offset":1996,"length":32},"OS\/2":{"entryLength":16,"tag":"OS\/2","checksum":1447329959,"offset":344,"length":86},"cmap":{"entryLength":16,"tag":"cmap","checksum":79636384,"offset":456,"length":338},"gasp":{"entryLength":16,"tag":"gasp","checksum":4294901763,"offset":1988,"length":8},"glyf":{"entryLength":16,"tag":"glyf","checksum":1998455859,"offset":812,"length":324},"head":{"entryLength":16,"tag":"head","checksum":152372253,"offset":220,"length":54},"hhea":{"entryLength":16,"tag":"hhea","checksum":87949905,"offset":276,"length":36},"hmtx":{"entryLength":16,"tag":"hmtx","checksum":94568458,"offset":432,"length":22},"loca":{"entryLength":16,"tag":"loca","checksum":11534612,"offset":796,"length":16},"maxp":{"entryLength":16,"tag":"maxp","checksum":5111853,"offset":312,"length":32},"name":{"entryLength":16,"tag":"name","checksum":1411391068,"offset":1136,"length":777},"post":{"entryLength":16,"tag":"post","checksum":1474940148,"offset":1916,"length":69}},"UnicodeCharMap":{"32":3,"160":4,"8364":6},"Reserves":null,"Names":[],"Nodes":{"eu":{"type":"typal","node":"eu","usage":1,"weight":1},"ro":{"type":"typal","node":"ro","usage":1,"weight":1},"mo":{"type":"typal","node":"mo","usage":1,"weight":1},"no":{"type":"typal","node":"no","usage":1,"weight":1},"st":{"type":"typal","node":"st","usage":1,"weight":1},"td":{"type":"typal","node":"td","usage":1,"weight":1},"eur":{"type":"typal","node":"eur","usage":1,"weight":1},"uro":{"type":"typal","node":"uro","usage":1,"weight":1},"mon":{"type":"typal","node":"mon","usage":1,"weight":1},"ono":{"type":"typal","node":"ono","usage":1,"weight":1},"euro":{"type":"fixes","node":"euro","usage":1,"weight":1},"mono":{"type":"fixes","node":"mono","usage":1,"weight":1},"std":{"type":"fixes","node":"std","usage":1,"weight":1}},"Contributors":[],"FontIdentity":"5b2c2deadebba51d280f4b7a4838ad56","Bytes":371835,"Networking":[],"barcode":"aumeqamwikkqe","referee":"mas7eui"}