{"CSS":{"New Caledonia Bold Small Caps & Old Style Figures":"New+Caledonia+Bold+Small+Caps+%26+Old+Style+Figures.css","New Caledonia Bold Small Caps and Old Style Figures":"crash99:142565099a86ecbbd107dfdd.css"},"FontType":"TrueType","FontCopyright":"Copyright (c) 1988, 1991 Adobe Systems Incorporated.  All Rights Reserved.New Caledonia is a trademark of Linotype AG and\/or its subsidiaries.","FontName":"New Caledonia","FontSubfamily":"BoldSC","FontSubfamilyID":"FontForge 2.0 : New Caledonia Bold Small Caps & Old Style Figures : 28-8-2016","FontFullName":"New Caledonia Bold Small Caps and Old Style Figures","FontVersion":"Version 001.001 ","FontWeight":null,"FontPostscriptName":"NewCaledonia-BoldSC","Files":{"\/New Caledonia Bold Small Caps & Old Style Figures.css":"\/New Caledonia Bold Small Caps & Old Style Figures.css","\/font-resource.json":"\/font-resource.json","\/newcaledonia-boldsc.afm":"\/newcaledonia-boldsc.afm","\/newcaledonia-boldsc.cef":"\/newcaledonia-boldsc.cef","\/newcaledonia-boldsc.cff":"\/newcaledonia-boldsc.cff","\/newcaledonia-boldsc.eot":"\/newcaledonia-boldsc.eot","\/newcaledonia-boldsc.gai":"\/newcaledonia-boldsc.gai","\/newcaledonia-boldsc.gsf":"\/newcaledonia-boldsc.gsf","\/newcaledonia-boldsc.otf":"\/newcaledonia-boldsc.otf","\/newcaledonia-boldsc.pf3":"\/newcaledonia-boldsc.pf3","\/newcaledonia-boldsc.pfa":"\/newcaledonia-boldsc.pfa","\/newcaledonia-boldsc.pfb":"\/newcaledonia-boldsc.pfb","\/newcaledonia-boldsc.php":"\/newcaledonia-boldsc.php","\/newcaledonia-boldsc.pt3":"\/newcaledonia-boldsc.pt3","\/newcaledonia-boldsc.sfd":"\/newcaledonia-boldsc.sfd","\/newcaledonia-boldsc.svg":"\/newcaledonia-boldsc.svg","\/newcaledonia-boldsc.t42":"\/newcaledonia-boldsc.t42","\/newcaledonia-boldsc.ttd":"\/newcaledonia-boldsc.ttd","\/newcaledonia-boldsc.ttf":"\/newcaledonia-boldsc.ttf","\/newcaledonia-boldsc.ttg":"\/newcaledonia-boldsc.ttg","\/newcaledonia-boldsc.ufm":"\/newcaledonia-boldsc.ufm","\/newcaledonia-boldsc.woff":"\/newcaledonia-boldsc.woff","\/newcaledonia-boldsc.z":"\/newcaledonia-boldsc.z","\/newcaledonia-boldsc.ufo\/feature.fea":"\/newcaledonia-boldsc.ufo\/feature.fea","\/newcaledonia-boldsc.ufo\/fontinfo.plist":"\/newcaledonia-boldsc.ufo\/fontinfo.plist","\/newcaledonia-boldsc.ufo\/groups.plist":"\/newcaledonia-boldsc.ufo\/groups.plist","\/newcaledonia-boldsc.ufo\/kerning.plist":"\/newcaledonia-boldsc.ufo\/kerning.plist","\/newcaledonia-boldsc.ufo\/metainfo.plist":"\/newcaledonia-boldsc.ufo\/metainfo.plist","\/newcaledonia-boldsc.ufo\/glyphs\/A_.glif":"\/newcaledonia-boldsc.ufo\/glyphs\/A_.glif","\/newcaledonia-boldsc.ufo\/glyphs\/A_E_.glif":"\/newcaledonia-boldsc.ufo\/glyphs\/A_E_.glif","\/newcaledonia-boldsc.ufo\/glyphs\/A_acute.glif":"\/newcaledonia-boldsc.ufo\/glyphs\/A_acute.glif","\/newcaledonia-boldsc.ufo\/glyphs\/A_circumflex.glif":"\/newcaledonia-boldsc.ufo\/glyphs\/A_circumflex.glif","\/newcaledonia-boldsc.ufo\/glyphs\/A_dieresis.glif":"\/newcaledonia-boldsc.ufo\/glyphs\/A_dieresis.glif","\/newcaledonia-boldsc.ufo\/glyphs\/A_grave.glif":"\/newcaledonia-boldsc.ufo\/glyphs\/A_grave.glif","\/newcaledonia-boldsc.ufo\/glyphs\/A_ring.glif":"\/newcaledonia-boldsc.ufo\/glyphs\/A_ring.glif","\/newcaledonia-boldsc.ufo\/glyphs\/A_tilde.glif":"\/newcaledonia-boldsc.ufo\/glyphs\/A_tilde.glif","\/newcaledonia-boldsc.ufo\/glyphs\/B_.glif":"\/newcaledonia-boldsc.ufo\/glyphs\/B_.glif","\/newcaledonia-boldsc.ufo\/glyphs\/C_.glif":"\/newcaledonia-boldsc.ufo\/glyphs\/C_.glif","\/newcaledonia-boldsc.ufo\/glyphs\/C_cedilla.glif":"\/newcaledonia-boldsc.ufo\/glyphs\/C_cedilla.glif","\/newcaledonia-boldsc.ufo\/glyphs\/D_.glif":"\/newcaledonia-boldsc.ufo\/glyphs\/D_.glif","\/newcaledonia-boldsc.ufo\/glyphs\/E_.glif":"\/newcaledonia-boldsc.ufo\/glyphs\/E_.glif","\/newcaledonia-boldsc.ufo\/glyphs\/E_acute.glif":"\/newcaledonia-boldsc.ufo\/glyphs\/E_acute.glif","\/newcaledonia-boldsc.ufo\/glyphs\/E_circumflex.glif":"\/newcaledonia-boldsc.ufo\/glyphs\/E_circumflex.glif","\/newcaledonia-boldsc.ufo\/glyphs\/E_dieresis.glif":"\/newcaledonia-boldsc.ufo\/glyphs\/E_dieresis.glif","\/newcaledonia-boldsc.ufo\/glyphs\/E_grave.glif":"\/newcaledonia-boldsc.ufo\/glyphs\/E_grave.glif","\/newcaledonia-boldsc.ufo\/glyphs\/E_th.glif":"\/newcaledonia-boldsc.ufo\/glyphs\/E_th.glif","\/newcaledonia-boldsc.ufo\/glyphs\/F_.glif":"\/newcaledonia-boldsc.ufo\/glyphs\/F_.glif","\/newcaledonia-boldsc.ufo\/glyphs\/G_.glif":"\/newcaledonia-boldsc.ufo\/glyphs\/G_.glif","\/newcaledonia-boldsc.ufo\/glyphs\/H_.glif":"\/newcaledonia-boldsc.ufo\/glyphs\/H_.glif","\/newcaledonia-boldsc.ufo\/glyphs\/I_.glif":"\/newcaledonia-boldsc.ufo\/glyphs\/I_.glif","\/newcaledonia-boldsc.ufo\/glyphs\/I_acute.glif":"\/newcaledonia-boldsc.ufo\/glyphs\/I_acute.glif","\/newcaledonia-boldsc.ufo\/glyphs\/I_circumflex.glif":"\/newcaledonia-boldsc.ufo\/glyphs\/I_circumflex.glif","\/newcaledonia-boldsc.ufo\/glyphs\/I_dieresis.glif":"\/newcaledonia-boldsc.ufo\/glyphs\/I_dieresis.glif","\/newcaledonia-boldsc.ufo\/glyphs\/I_grave.glif":"\/newcaledonia-boldsc.ufo\/glyphs\/I_grave.glif","\/newcaledonia-boldsc.ufo\/glyphs\/J_.glif":"\/newcaledonia-boldsc.ufo\/glyphs\/J_.glif","\/newcaledonia-boldsc.ufo\/glyphs\/K_.glif":"\/newcaledonia-boldsc.ufo\/glyphs\/K_.glif","\/newcaledonia-boldsc.ufo\/glyphs\/L_.glif":"\/newcaledonia-boldsc.ufo\/glyphs\/L_.glif","\/newcaledonia-boldsc.ufo\/glyphs\/L_slash.glif":"\/newcaledonia-boldsc.ufo\/glyphs\/L_slash.glif","\/newcaledonia-boldsc.ufo\/glyphs\/M_.glif":"\/newcaledonia-boldsc.ufo\/glyphs\/M_.glif","\/newcaledonia-boldsc.ufo\/glyphs\/N_.glif":"\/newcaledonia-boldsc.ufo\/glyphs\/N_.glif","\/newcaledonia-boldsc.ufo\/glyphs\/N_tilde.glif":"\/newcaledonia-boldsc.ufo\/glyphs\/N_tilde.glif","\/newcaledonia-boldsc.ufo\/glyphs\/O_.glif":"\/newcaledonia-boldsc.ufo\/glyphs\/O_.glif","\/newcaledonia-boldsc.ufo\/glyphs\/O_E_.glif":"\/newcaledonia-boldsc.ufo\/glyphs\/O_E_.glif","\/newcaledonia-boldsc.ufo\/glyphs\/O_acute.glif":"\/newcaledonia-boldsc.ufo\/glyphs\/O_acute.glif","\/newcaledonia-boldsc.ufo\/glyphs\/O_circumflex.glif":"\/newcaledonia-boldsc.ufo\/glyphs\/O_circumflex.glif","\/newcaledonia-boldsc.ufo\/glyphs\/O_dieresis.glif":"\/newcaledonia-boldsc.ufo\/glyphs\/O_dieresis.glif","\/newcaledonia-boldsc.ufo\/glyphs\/O_grave.glif":"\/newcaledonia-boldsc.ufo\/glyphs\/O_grave.glif","\/newcaledonia-boldsc.ufo\/glyphs\/O_slash.glif":"\/newcaledonia-boldsc.ufo\/glyphs\/O_slash.glif","\/newcaledonia-boldsc.ufo\/glyphs\/O_tilde.glif":"\/newcaledonia-boldsc.ufo\/glyphs\/O_tilde.glif","\/newcaledonia-boldsc.ufo\/glyphs\/P_.glif":"\/newcaledonia-boldsc.ufo\/glyphs\/P_.glif","\/newcaledonia-boldsc.ufo\/glyphs\/Q_.glif":"\/newcaledonia-boldsc.ufo\/glyphs\/Q_.glif","\/newcaledonia-boldsc.ufo\/glyphs\/R_.glif":"\/newcaledonia-boldsc.ufo\/glyphs\/R_.glif","\/newcaledonia-boldsc.ufo\/glyphs\/S_.glif":"\/newcaledonia-boldsc.ufo\/glyphs\/S_.glif","\/newcaledonia-boldsc.ufo\/glyphs\/S_caron.glif":"\/newcaledonia-boldsc.ufo\/glyphs\/S_caron.glif","\/newcaledonia-boldsc.ufo\/glyphs\/T_.glif":"\/newcaledonia-boldsc.ufo\/glyphs\/T_.glif","\/newcaledonia-boldsc.ufo\/glyphs\/T_horn.glif":"\/newcaledonia-boldsc.ufo\/glyphs\/T_horn.glif","\/newcaledonia-boldsc.ufo\/glyphs\/U_.glif":"\/newcaledonia-boldsc.ufo\/glyphs\/U_.glif","\/newcaledonia-boldsc.ufo\/glyphs\/U_acute.glif":"\/newcaledonia-boldsc.ufo\/glyphs\/U_acute.glif","\/newcaledonia-boldsc.ufo\/glyphs\/U_circumflex.glif":"\/newcaledonia-boldsc.ufo\/glyphs\/U_circumflex.glif","\/newcaledonia-boldsc.ufo\/glyphs\/U_dieresis.glif":"\/newcaledonia-boldsc.ufo\/glyphs\/U_dieresis.glif","\/newcaledonia-boldsc.ufo\/glyphs\/U_grave.glif":"\/newcaledonia-boldsc.ufo\/glyphs\/U_grave.glif","\/newcaledonia-boldsc.ufo\/glyphs\/V_.glif":"\/newcaledonia-boldsc.ufo\/glyphs\/V_.glif","\/newcaledonia-boldsc.ufo\/glyphs\/W_.glif":"\/newcaledonia-boldsc.ufo\/glyphs\/W_.glif","\/newcaledonia-boldsc.ufo\/glyphs\/X_.glif":"\/newcaledonia-boldsc.ufo\/glyphs\/X_.glif","\/newcaledonia-boldsc.ufo\/glyphs\/Y_.glif":"\/newcaledonia-boldsc.ufo\/glyphs\/Y_.glif","\/newcaledonia-boldsc.ufo\/glyphs\/Y_acute.glif":"\/newcaledonia-boldsc.ufo\/glyphs\/Y_acute.glif","\/newcaledonia-boldsc.ufo\/glyphs\/Y_dieresis.glif":"\/newcaledonia-boldsc.ufo\/glyphs\/Y_dieresis.glif","\/newcaledonia-boldsc.ufo\/glyphs\/Z_.glif":"\/newcaledonia-boldsc.ufo\/glyphs\/Z_.glif","\/newcaledonia-boldsc.ufo\/glyphs\/Z_caron.glif":"\/newcaledonia-boldsc.ufo\/glyphs\/Z_caron.glif","\/newcaledonia-boldsc.ufo\/glyphs\/a.glif":"\/newcaledonia-boldsc.ufo\/glyphs\/a.glif","\/newcaledonia-boldsc.ufo\/glyphs\/aacute.glif":"\/newcaledonia-boldsc.ufo\/glyphs\/aacute.glif","\/newcaledonia-boldsc.ufo\/glyphs\/acircumflex.glif":"\/newcaledonia-boldsc.ufo\/glyphs\/acircumflex.glif","\/newcaledonia-boldsc.ufo\/glyphs\/acute.glif":"\/newcaledonia-boldsc.ufo\/glyphs\/acute.glif","\/newcaledonia-boldsc.ufo\/glyphs\/adieresis.glif":"\/newcaledonia-boldsc.ufo\/glyphs\/adieresis.glif","\/newcaledonia-boldsc.ufo\/glyphs\/ae.glif":"\/newcaledonia-boldsc.ufo\/glyphs\/ae.glif","\/newcaledonia-boldsc.ufo\/glyphs\/agrave.glif":"\/newcaledonia-boldsc.ufo\/glyphs\/agrave.glif","\/newcaledonia-boldsc.ufo\/glyphs\/ampersand.glif":"\/newcaledonia-boldsc.ufo\/glyphs\/ampersand.glif","\/newcaledonia-boldsc.ufo\/glyphs\/aring.glif":"\/newcaledonia-boldsc.ufo\/glyphs\/aring.glif","\/newcaledonia-boldsc.ufo\/glyphs\/asciicircum.glif":"\/newcaledonia-boldsc.ufo\/glyphs\/asciicircum.glif","\/newcaledonia-boldsc.ufo\/glyphs\/asciitilde.glif":"\/newcaledonia-boldsc.ufo\/glyphs\/asciitilde.glif","\/newcaledonia-boldsc.ufo\/glyphs\/asterisk.glif":"\/newcaledonia-boldsc.ufo\/glyphs\/asterisk.glif","\/newcaledonia-boldsc.ufo\/glyphs\/at.glif":"\/newcaledonia-boldsc.ufo\/glyphs\/at.glif","\/newcaledonia-boldsc.ufo\/glyphs\/atilde.glif":"\/newcaledonia-boldsc.ufo\/glyphs\/atilde.glif","\/newcaledonia-boldsc.ufo\/glyphs\/b.glif":"\/newcaledonia-boldsc.ufo\/glyphs\/b.glif","\/newcaledonia-boldsc.ufo\/glyphs\/backslash.glif":"\/newcaledonia-boldsc.ufo\/glyphs\/backslash.glif","\/newcaledonia-boldsc.ufo\/glyphs\/bar.glif":"\/newcaledonia-boldsc.ufo\/glyphs\/bar.glif","\/newcaledonia-boldsc.ufo\/glyphs\/braceleft.glif":"\/newcaledonia-boldsc.ufo\/glyphs\/braceleft.glif","\/newcaledonia-boldsc.ufo\/glyphs\/braceright.glif":"\/newcaledonia-boldsc.ufo\/glyphs\/braceright.glif","\/newcaledonia-boldsc.ufo\/glyphs\/bracketleft.glif":"\/newcaledonia-boldsc.ufo\/glyphs\/bracketleft.glif","\/newcaledonia-boldsc.ufo\/glyphs\/bracketright.glif":"\/newcaledonia-boldsc.ufo\/glyphs\/bracketright.glif","\/newcaledonia-boldsc.ufo\/glyphs\/breve.glif":"\/newcaledonia-boldsc.ufo\/glyphs\/breve.glif","\/newcaledonia-boldsc.ufo\/glyphs\/brokenbar.glif":"\/newcaledonia-boldsc.ufo\/glyphs\/brokenbar.glif","\/newcaledonia-boldsc.ufo\/glyphs\/bullet.glif":"\/newcaledonia-boldsc.ufo\/glyphs\/bullet.glif","\/newcaledonia-boldsc.ufo\/glyphs\/c.glif":"\/newcaledonia-boldsc.ufo\/glyphs\/c.glif","\/newcaledonia-boldsc.ufo\/glyphs\/caron.glif":"\/newcaledonia-boldsc.ufo\/glyphs\/caron.glif","\/newcaledonia-boldsc.ufo\/glyphs\/ccedilla.glif":"\/newcaledonia-boldsc.ufo\/glyphs\/ccedilla.glif","\/newcaledonia-boldsc.ufo\/glyphs\/cedilla.glif":"\/newcaledonia-boldsc.ufo\/glyphs\/cedilla.glif","\/newcaledonia-boldsc.ufo\/glyphs\/cent.glif":"\/newcaledonia-boldsc.ufo\/glyphs\/cent.glif","\/newcaledonia-boldsc.ufo\/glyphs\/circumflex.glif":"\/newcaledonia-boldsc.ufo\/glyphs\/circumflex.glif","\/newcaledonia-boldsc.ufo\/glyphs\/colon.glif":"\/newcaledonia-boldsc.ufo\/glyphs\/colon.glif","\/newcaledonia-boldsc.ufo\/glyphs\/comma.glif":"\/newcaledonia-boldsc.ufo\/glyphs\/comma.glif","\/newcaledonia-boldsc.ufo\/glyphs\/contents.plist":"\/newcaledonia-boldsc.ufo\/glyphs\/contents.plist","\/newcaledonia-boldsc.ufo\/glyphs\/copyright.glif":"\/newcaledonia-boldsc.ufo\/glyphs\/copyright.glif","\/newcaledonia-boldsc.ufo\/glyphs\/currency.glif":"\/newcaledonia-boldsc.ufo\/glyphs\/currency.glif","\/newcaledonia-boldsc.ufo\/glyphs\/d.glif":"\/newcaledonia-boldsc.ufo\/glyphs\/d.glif","\/newcaledonia-boldsc.ufo\/glyphs\/dagger.glif":"\/newcaledonia-boldsc.ufo\/glyphs\/dagger.glif","\/newcaledonia-boldsc.ufo\/glyphs\/daggerdbl.glif":"\/newcaledonia-boldsc.ufo\/glyphs\/daggerdbl.glif","\/newcaledonia-boldsc.ufo\/glyphs\/degree.glif":"\/newcaledonia-boldsc.ufo\/glyphs\/degree.glif","\/newcaledonia-boldsc.ufo\/glyphs\/dieresis.glif":"\/newcaledonia-boldsc.ufo\/glyphs\/dieresis.glif","\/newcaledonia-boldsc.ufo\/glyphs\/divide.glif":"\/newcaledonia-boldsc.ufo\/glyphs\/divide.glif","\/newcaledonia-boldsc.ufo\/glyphs\/dollar.glif":"\/newcaledonia-boldsc.ufo\/glyphs\/dollar.glif","\/newcaledonia-boldsc.ufo\/glyphs\/dotaccent.glif":"\/newcaledonia-boldsc.ufo\/glyphs\/dotaccent.glif","\/newcaledonia-boldsc.ufo\/glyphs\/dotlessi.glif":"\/newcaledonia-boldsc.ufo\/glyphs\/dotlessi.glif","\/newcaledonia-boldsc.ufo\/glyphs\/e.glif":"\/newcaledonia-boldsc.ufo\/glyphs\/e.glif","\/newcaledonia-boldsc.ufo\/glyphs\/eacute.glif":"\/newcaledonia-boldsc.ufo\/glyphs\/eacute.glif","\/newcaledonia-boldsc.ufo\/glyphs\/ecircumflex.glif":"\/newcaledonia-boldsc.ufo\/glyphs\/ecircumflex.glif","\/newcaledonia-boldsc.ufo\/glyphs\/edieresis.glif":"\/newcaledonia-boldsc.ufo\/glyphs\/edieresis.glif","\/newcaledonia-boldsc.ufo\/glyphs\/egrave.glif":"\/newcaledonia-boldsc.ufo\/glyphs\/egrave.glif","\/newcaledonia-boldsc.ufo\/glyphs\/eight.glif":"\/newcaledonia-boldsc.ufo\/glyphs\/eight.glif","\/newcaledonia-boldsc.ufo\/glyphs\/ellipsis.glif":"\/newcaledonia-boldsc.ufo\/glyphs\/ellipsis.glif","\/newcaledonia-boldsc.ufo\/glyphs\/emdash.glif":"\/newcaledonia-boldsc.ufo\/glyphs\/emdash.glif","\/newcaledonia-boldsc.ufo\/glyphs\/endash.glif":"\/newcaledonia-boldsc.ufo\/glyphs\/endash.glif","\/newcaledonia-boldsc.ufo\/glyphs\/equal.glif":"\/newcaledonia-boldsc.ufo\/glyphs\/equal.glif","\/newcaledonia-boldsc.ufo\/glyphs\/eth.glif":"\/newcaledonia-boldsc.ufo\/glyphs\/eth.glif","\/newcaledonia-boldsc.ufo\/glyphs\/exclam.glif":"\/newcaledonia-boldsc.ufo\/glyphs\/exclam.glif","\/newcaledonia-boldsc.ufo\/glyphs\/exclamdown.glif":"\/newcaledonia-boldsc.ufo\/glyphs\/exclamdown.glif","\/newcaledonia-boldsc.ufo\/glyphs\/f.glif":"\/newcaledonia-boldsc.ufo\/glyphs\/f.glif","\/newcaledonia-boldsc.ufo\/glyphs\/fi.glif":"\/newcaledonia-boldsc.ufo\/glyphs\/fi.glif","\/newcaledonia-boldsc.ufo\/glyphs\/five.glif":"\/newcaledonia-boldsc.ufo\/glyphs\/five.glif","\/newcaledonia-boldsc.ufo\/glyphs\/fl.glif":"\/newcaledonia-boldsc.ufo\/glyphs\/fl.glif","\/newcaledonia-boldsc.ufo\/glyphs\/florin.glif":"\/newcaledonia-boldsc.ufo\/glyphs\/florin.glif","\/newcaledonia-boldsc.ufo\/glyphs\/four.glif":"\/newcaledonia-boldsc.ufo\/glyphs\/four.glif","\/newcaledonia-boldsc.ufo\/glyphs\/fraction.glif":"\/newcaledonia-boldsc.ufo\/glyphs\/fraction.glif","\/newcaledonia-boldsc.ufo\/glyphs\/g.glif":"\/newcaledonia-boldsc.ufo\/glyphs\/g.glif","\/newcaledonia-boldsc.ufo\/glyphs\/germandbls.glif":"\/newcaledonia-boldsc.ufo\/glyphs\/germandbls.glif","\/newcaledonia-boldsc.ufo\/glyphs\/grave.glif":"\/newcaledonia-boldsc.ufo\/glyphs\/grave.glif","\/newcaledonia-boldsc.ufo\/glyphs\/greater.glif":"\/newcaledonia-boldsc.ufo\/glyphs\/greater.glif","\/newcaledonia-boldsc.ufo\/glyphs\/guillemotleft.glif":"\/newcaledonia-boldsc.ufo\/glyphs\/guillemotleft.glif","\/newcaledonia-boldsc.ufo\/glyphs\/guillemotright.glif":"\/newcaledonia-boldsc.ufo\/glyphs\/guillemotright.glif","\/newcaledonia-boldsc.ufo\/glyphs\/guilsinglleft.glif":"\/newcaledonia-boldsc.ufo\/glyphs\/guilsinglleft.glif","\/newcaledonia-boldsc.ufo\/glyphs\/guilsinglright.glif":"\/newcaledonia-boldsc.ufo\/glyphs\/guilsinglright.glif","\/newcaledonia-boldsc.ufo\/glyphs\/h.glif":"\/newcaledonia-boldsc.ufo\/glyphs\/h.glif","\/newcaledonia-boldsc.ufo\/glyphs\/hungarumlaut.glif":"\/newcaledonia-boldsc.ufo\/glyphs\/hungarumlaut.glif","\/newcaledonia-boldsc.ufo\/glyphs\/hyphen.glif":"\/newcaledonia-boldsc.ufo\/glyphs\/hyphen.glif","\/newcaledonia-boldsc.ufo\/glyphs\/i.glif":"\/newcaledonia-boldsc.ufo\/glyphs\/i.glif","\/newcaledonia-boldsc.ufo\/glyphs\/iacute.glif":"\/newcaledonia-boldsc.ufo\/glyphs\/iacute.glif","\/newcaledonia-boldsc.ufo\/glyphs\/icircumflex.glif":"\/newcaledonia-boldsc.ufo\/glyphs\/icircumflex.glif","\/newcaledonia-boldsc.ufo\/glyphs\/idieresis.glif":"\/newcaledonia-boldsc.ufo\/glyphs\/idieresis.glif","\/newcaledonia-boldsc.ufo\/glyphs\/igrave.glif":"\/newcaledonia-boldsc.ufo\/glyphs\/igrave.glif","\/newcaledonia-boldsc.ufo\/glyphs\/j.glif":"\/newcaledonia-boldsc.ufo\/glyphs\/j.glif","\/newcaledonia-boldsc.ufo\/glyphs\/k.glif":"\/newcaledonia-boldsc.ufo\/glyphs\/k.glif","\/newcaledonia-boldsc.ufo\/glyphs\/l.glif":"\/newcaledonia-boldsc.ufo\/glyphs\/l.glif","\/newcaledonia-boldsc.ufo\/glyphs\/less.glif":"\/newcaledonia-boldsc.ufo\/glyphs\/less.glif","\/newcaledonia-boldsc.ufo\/glyphs\/logicalnot.glif":"\/newcaledonia-boldsc.ufo\/glyphs\/logicalnot.glif","\/newcaledonia-boldsc.ufo\/glyphs\/lslash.glif":"\/newcaledonia-boldsc.ufo\/glyphs\/lslash.glif","\/newcaledonia-boldsc.ufo\/glyphs\/m.glif":"\/newcaledonia-boldsc.ufo\/glyphs\/m.glif","\/newcaledonia-boldsc.ufo\/glyphs\/macron.glif":"\/newcaledonia-boldsc.ufo\/glyphs\/macron.glif","\/newcaledonia-boldsc.ufo\/glyphs\/minus.glif":"\/newcaledonia-boldsc.ufo\/glyphs\/minus.glif","\/newcaledonia-boldsc.ufo\/glyphs\/mu.glif":"\/newcaledonia-boldsc.ufo\/glyphs\/mu.glif","\/newcaledonia-boldsc.ufo\/glyphs\/multiply.glif":"\/newcaledonia-boldsc.ufo\/glyphs\/multiply.glif","\/newcaledonia-boldsc.ufo\/glyphs\/n.glif":"\/newcaledonia-boldsc.ufo\/glyphs\/n.glif","\/newcaledonia-boldsc.ufo\/glyphs\/nine.glif":"\/newcaledonia-boldsc.ufo\/glyphs\/nine.glif","\/newcaledonia-boldsc.ufo\/glyphs\/ntilde.glif":"\/newcaledonia-boldsc.ufo\/glyphs\/ntilde.glif","\/newcaledonia-boldsc.ufo\/glyphs\/numbersign.glif":"\/newcaledonia-boldsc.ufo\/glyphs\/numbersign.glif","\/newcaledonia-boldsc.ufo\/glyphs\/o.glif":"\/newcaledonia-boldsc.ufo\/glyphs\/o.glif","\/newcaledonia-boldsc.ufo\/glyphs\/oacute.glif":"\/newcaledonia-boldsc.ufo\/glyphs\/oacute.glif","\/newcaledonia-boldsc.ufo\/glyphs\/ocircumflex.glif":"\/newcaledonia-boldsc.ufo\/glyphs\/ocircumflex.glif","\/newcaledonia-boldsc.ufo\/glyphs\/odieresis.glif":"\/newcaledonia-boldsc.ufo\/glyphs\/odieresis.glif","\/newcaledonia-boldsc.ufo\/glyphs\/oe.glif":"\/newcaledonia-boldsc.ufo\/glyphs\/oe.glif","\/newcaledonia-boldsc.ufo\/glyphs\/ogonek.glif":"\/newcaledonia-boldsc.ufo\/glyphs\/ogonek.glif","\/newcaledonia-boldsc.ufo\/glyphs\/ograve.glif":"\/newcaledonia-boldsc.ufo\/glyphs\/ograve.glif","\/newcaledonia-boldsc.ufo\/glyphs\/one.glif":"\/newcaledonia-boldsc.ufo\/glyphs\/one.glif","\/newcaledonia-boldsc.ufo\/glyphs\/onehalf.glif":"\/newcaledonia-boldsc.ufo\/glyphs\/onehalf.glif","\/newcaledonia-boldsc.ufo\/glyphs\/onequarter.glif":"\/newcaledonia-boldsc.ufo\/glyphs\/onequarter.glif","\/newcaledonia-boldsc.ufo\/glyphs\/onesuperior.glif":"\/newcaledonia-boldsc.ufo\/glyphs\/onesuperior.glif","\/newcaledonia-boldsc.ufo\/glyphs\/ordfeminine.glif":"\/newcaledonia-boldsc.ufo\/glyphs\/ordfeminine.glif","\/newcaledonia-boldsc.ufo\/glyphs\/ordmasculine.glif":"\/newcaledonia-boldsc.ufo\/glyphs\/ordmasculine.glif","\/newcaledonia-boldsc.ufo\/glyphs\/oslash.glif":"\/newcaledonia-boldsc.ufo\/glyphs\/oslash.glif","\/newcaledonia-boldsc.ufo\/glyphs\/otilde.glif":"\/newcaledonia-boldsc.ufo\/glyphs\/otilde.glif","\/newcaledonia-boldsc.ufo\/glyphs\/p.glif":"\/newcaledonia-boldsc.ufo\/glyphs\/p.glif","\/newcaledonia-boldsc.ufo\/glyphs\/paragraph.glif":"\/newcaledonia-boldsc.ufo\/glyphs\/paragraph.glif","\/newcaledonia-boldsc.ufo\/glyphs\/parenleft.glif":"\/newcaledonia-boldsc.ufo\/glyphs\/parenleft.glif","\/newcaledonia-boldsc.ufo\/glyphs\/parenright.glif":"\/newcaledonia-boldsc.ufo\/glyphs\/parenright.glif","\/newcaledonia-boldsc.ufo\/glyphs\/percent.glif":"\/newcaledonia-boldsc.ufo\/glyphs\/percent.glif","\/newcaledonia-boldsc.ufo\/glyphs\/period.glif":"\/newcaledonia-boldsc.ufo\/glyphs\/period.glif","\/newcaledonia-boldsc.ufo\/glyphs\/periodcentered.glif":"\/newcaledonia-boldsc.ufo\/glyphs\/periodcentered.glif","\/newcaledonia-boldsc.ufo\/glyphs\/perthousand.glif":"\/newcaledonia-boldsc.ufo\/glyphs\/perthousand.glif","\/newcaledonia-boldsc.ufo\/glyphs\/plus.glif":"\/newcaledonia-boldsc.ufo\/glyphs\/plus.glif","\/newcaledonia-boldsc.ufo\/glyphs\/plusminus.glif":"\/newcaledonia-boldsc.ufo\/glyphs\/plusminus.glif","\/newcaledonia-boldsc.ufo\/glyphs\/q.glif":"\/newcaledonia-boldsc.ufo\/glyphs\/q.glif","\/newcaledonia-boldsc.ufo\/glyphs\/question.glif":"\/newcaledonia-boldsc.ufo\/glyphs\/question.glif","\/newcaledonia-boldsc.ufo\/glyphs\/questiondown.glif":"\/newcaledonia-boldsc.ufo\/glyphs\/questiondown.glif","\/newcaledonia-boldsc.ufo\/glyphs\/quotedbl.glif":"\/newcaledonia-boldsc.ufo\/glyphs\/quotedbl.glif","\/newcaledonia-boldsc.ufo\/glyphs\/quotedblbase.glif":"\/newcaledonia-boldsc.ufo\/glyphs\/quotedblbase.glif","\/newcaledonia-boldsc.ufo\/glyphs\/quotedblleft.glif":"\/newcaledonia-boldsc.ufo\/glyphs\/quotedblleft.glif","\/newcaledonia-boldsc.ufo\/glyphs\/quotedblright.glif":"\/newcaledonia-boldsc.ufo\/glyphs\/quotedblright.glif","\/newcaledonia-boldsc.ufo\/glyphs\/quoteleft.glif":"\/newcaledonia-boldsc.ufo\/glyphs\/quoteleft.glif","\/newcaledonia-boldsc.ufo\/glyphs\/quoteright.glif":"\/newcaledonia-boldsc.ufo\/glyphs\/quoteright.glif","\/newcaledonia-boldsc.ufo\/glyphs\/quotesinglbase.glif":"\/newcaledonia-boldsc.ufo\/glyphs\/quotesinglbase.glif","\/newcaledonia-boldsc.ufo\/glyphs\/quotesingle.glif":"\/newcaledonia-boldsc.ufo\/glyphs\/quotesingle.glif","\/newcaledonia-boldsc.ufo\/glyphs\/r.glif":"\/newcaledonia-boldsc.ufo\/glyphs\/r.glif","\/newcaledonia-boldsc.ufo\/glyphs\/registered.glif":"\/newcaledonia-boldsc.ufo\/glyphs\/registered.glif","\/newcaledonia-boldsc.ufo\/glyphs\/ring.glif":"\/newcaledonia-boldsc.ufo\/glyphs\/ring.glif","\/newcaledonia-boldsc.ufo\/glyphs\/s.glif":"\/newcaledonia-boldsc.ufo\/glyphs\/s.glif","\/newcaledonia-boldsc.ufo\/glyphs\/scaron.glif":"\/newcaledonia-boldsc.ufo\/glyphs\/scaron.glif","\/newcaledonia-boldsc.ufo\/glyphs\/section.glif":"\/newcaledonia-boldsc.ufo\/glyphs\/section.glif","\/newcaledonia-boldsc.ufo\/glyphs\/semicolon.glif":"\/newcaledonia-boldsc.ufo\/glyphs\/semicolon.glif","\/newcaledonia-boldsc.ufo\/glyphs\/seven.glif":"\/newcaledonia-boldsc.ufo\/glyphs\/seven.glif","\/newcaledonia-boldsc.ufo\/glyphs\/six.glif":"\/newcaledonia-boldsc.ufo\/glyphs\/six.glif","\/newcaledonia-boldsc.ufo\/glyphs\/slash.glif":"\/newcaledonia-boldsc.ufo\/glyphs\/slash.glif","\/newcaledonia-boldsc.ufo\/glyphs\/space.glif":"\/newcaledonia-boldsc.ufo\/glyphs\/space.glif","\/newcaledonia-boldsc.ufo\/glyphs\/sterling.glif":"\/newcaledonia-boldsc.ufo\/glyphs\/sterling.glif","\/newcaledonia-boldsc.ufo\/glyphs\/t.glif":"\/newcaledonia-boldsc.ufo\/glyphs\/t.glif","\/newcaledonia-boldsc.ufo\/glyphs\/thorn.glif":"\/newcaledonia-boldsc.ufo\/glyphs\/thorn.glif","\/newcaledonia-boldsc.ufo\/glyphs\/three.glif":"\/newcaledonia-boldsc.ufo\/glyphs\/three.glif","\/newcaledonia-boldsc.ufo\/glyphs\/threequarters.glif":"\/newcaledonia-boldsc.ufo\/glyphs\/threequarters.glif","\/newcaledonia-boldsc.ufo\/glyphs\/threesuperior.glif":"\/newcaledonia-boldsc.ufo\/glyphs\/threesuperior.glif","\/newcaledonia-boldsc.ufo\/glyphs\/tilde.glif":"\/newcaledonia-boldsc.ufo\/glyphs\/tilde.glif","\/newcaledonia-boldsc.ufo\/glyphs\/trademark.glif":"\/newcaledonia-boldsc.ufo\/glyphs\/trademark.glif","\/newcaledonia-boldsc.ufo\/glyphs\/two.glif":"\/newcaledonia-boldsc.ufo\/glyphs\/two.glif","\/newcaledonia-boldsc.ufo\/glyphs\/twosuperior.glif":"\/newcaledonia-boldsc.ufo\/glyphs\/twosuperior.glif","\/newcaledonia-boldsc.ufo\/glyphs\/u.glif":"\/newcaledonia-boldsc.ufo\/glyphs\/u.glif","\/newcaledonia-boldsc.ufo\/glyphs\/uacute.glif":"\/newcaledonia-boldsc.ufo\/glyphs\/uacute.glif","\/newcaledonia-boldsc.ufo\/glyphs\/ucircumflex.glif":"\/newcaledonia-boldsc.ufo\/glyphs\/ucircumflex.glif","\/newcaledonia-boldsc.ufo\/glyphs\/udieresis.glif":"\/newcaledonia-boldsc.ufo\/glyphs\/udieresis.glif","\/newcaledonia-boldsc.ufo\/glyphs\/ugrave.glif":"\/newcaledonia-boldsc.ufo\/glyphs\/ugrave.glif","\/newcaledonia-boldsc.ufo\/glyphs\/underscore.glif":"\/newcaledonia-boldsc.ufo\/glyphs\/underscore.glif","\/newcaledonia-boldsc.ufo\/glyphs\/v.glif":"\/newcaledonia-boldsc.ufo\/glyphs\/v.glif","\/newcaledonia-boldsc.ufo\/glyphs\/w.glif":"\/newcaledonia-boldsc.ufo\/glyphs\/w.glif","\/newcaledonia-boldsc.ufo\/glyphs\/x.glif":"\/newcaledonia-boldsc.ufo\/glyphs\/x.glif","\/newcaledonia-boldsc.ufo\/glyphs\/y.glif":"\/newcaledonia-boldsc.ufo\/glyphs\/y.glif","\/newcaledonia-boldsc.ufo\/glyphs\/yacute.glif":"\/newcaledonia-boldsc.ufo\/glyphs\/yacute.glif","\/newcaledonia-boldsc.ufo\/glyphs\/ydieresis.glif":"\/newcaledonia-boldsc.ufo\/glyphs\/ydieresis.glif","\/newcaledonia-boldsc.ufo\/glyphs\/yen.glif":"\/newcaledonia-boldsc.ufo\/glyphs\/yen.glif","\/newcaledonia-boldsc.ufo\/glyphs\/z.glif":"\/newcaledonia-boldsc.ufo\/glyphs\/z.glif","\/newcaledonia-boldsc.ufo\/glyphs\/zcaron.glif":"\/newcaledonia-boldsc.ufo\/glyphs\/zcaron.glif","\/newcaledonia-boldsc.ufo\/glyphs\/zero.glif":"\/newcaledonia-boldsc.ufo\/glyphs\/zero.glif"},"Font":{"uploaded":1472362944.3187,"licence":"gpl3","company":"Chronolabs Cooperative","title":"New Caledonia Bold SC","version":3.002,"date":"Sun Aug 28 07:59:59 2016","creator":"root","type":"1","matrix":"0.001 0 0 0.001 0 0","named":"NewCaledonia-BoldSC","painttype":"0","info":"10 dict dup","name":"New Caledonia Bold Small Caps & Old Style Figures","family":"New Caledonia","weight":"Bold","fstype":"0","italicangle":"0","underlineposition":"","underlinethickness":""},"Licences":{"":false},"Table":{"FFTM":{"entryLength":16,"tag":"FFTM","checksum":1947016846,"offset":31428,"length":28},"GDEF":{"entryLength":16,"tag":"GDEF","checksum":18087942,"offset":31396,"length":32},"OS\/2":{"entryLength":16,"tag":"OS\/2","checksum":1488723365,"offset":344,"length":86},"cmap":{"entryLength":16,"tag":"cmap","checksum":3835632569,"offset":1356,"length":562},"gasp":{"entryLength":16,"tag":"gasp","checksum":4294901763,"offset":31388,"length":8},"glyf":{"entryLength":16,"tag":"glyf","checksum":1737017779,"offset":2384,"length":27344},"head":{"entryLength":16,"tag":"head","checksum":181150353,"offset":220,"length":54},"hhea":{"entryLength":16,"tag":"hhea","checksum":131204016,"offset":276,"length":36},"hmtx":{"entryLength":16,"tag":"hmtx","checksum":4200471237,"offset":432,"length":924},"loca":{"entryLength":16,"tag":"loca","checksum":2316936242,"offset":1920,"length":464},"maxp":{"entryLength":16,"tag":"maxp","checksum":19857520,"offset":312,"length":32},"name":{"entryLength":16,"tag":"name","checksum":571858804,"offset":29728,"length":1161},"post":{"entryLength":16,"tag":"post","checksum":916993702,"offset":30892,"length":496}},"UnicodeCharMap":{"32":3,"33":4,"34":5,"35":6,"36":7,"37":8,"38":9,"39":10,"40":11,"41":12,"42":13,"43":14,"44":15,"45":16,"46":17,"47":18,"48":19,"49":20,"50":21,"51":22,"52":23,"53":24,"54":25,"55":26,"56":27,"57":28,"58":29,"59":30,"60":31,"61":32,"62":33,"63":34,"64":35,"65":36,"66":37,"67":38,"68":39,"69":40,"70":41,"71":42,"72":43,"73":44,"74":45,"75":46,"76":47,"77":48,"78":49,"79":50,"80":51,"81":52,"82":53,"83":54,"84":55,"85":56,"86":57,"87":58,"88":59,"89":60,"90":61,"91":62,"92":63,"93":64,"94":65,"95":66,"96":67,"97":68,"98":69,"99":70,"100":71,"101":72,"102":73,"103":74,"104":75,"105":76,"106":77,"107":78,"108":79,"109":80,"110":81,"111":82,"112":83,"113":84,"114":85,"115":86,"116":87,"117":88,"118":89,"119":90,"120":91,"121":92,"122":93,"123":94,"124":95,"125":96,"126":97,"161":98,"162":99,"163":100,"164":101,"165":102,"166":103,"167":104,"168":105,"169":106,"170":107,"171":108,"172":109,"174":110,"175":111,"176":112,"177":113,"178":114,"179":115,"180":116,"182":118,"183":119,"184":120,"185":121,"186":122,"187":123,"188":124,"189":125,"190":126,"191":127,"192":128,"193":129,"194":130,"195":131,"196":132,"197":133,"198":134,"199":135,"200":136,"201":137,"202":138,"203":139,"204":140,"205":141,"206":142,"207":143,"208":144,"209":145,"210":146,"211":147,"212":148,"213":149,"214":150,"215":151,"216":152,"217":153,"218":154,"219":155,"220":156,"221":157,"222":158,"223":159,"224":160,"225":161,"226":162,"227":163,"228":164,"229":165,"230":166,"231":167,"232":168,"233":169,"234":170,"235":171,"236":172,"237":173,"238":174,"239":175,"240":176,"241":177,"242":178,"243":179,"244":180,"245":181,"246":182,"247":183,"248":184,"249":185,"250":186,"251":187,"252":188,"253":189,"254":190,"255":191,"305":221,"321":219,"322":222,"338":220,"339":223,"352":226,"353":229,"376":227,"381":228,"382":230,"402":195,"710":210,"711":217,"728":212,"729":213,"730":214,"731":216,"732":211,"733":215,"956":117,"8211":201,"8212":218,"8216":193,"8217":192,"8218":205,"8220":196,"8221":207,"8222":206,"8224":202,"8225":203,"8226":204,"8230":208,"8240":209,"8249":197,"8250":198,"8260":194,"8482":225,"8722":224,"64257":199,"64258":200},"Reserves":{"fontname":"New Caledonia Bold Small Caps and Old Style Figures"},"Names":{"New Caledonia Bold Small Caps and Old Style Figures":{"name":"New Caledonia Bold Small Caps and Old Style Figures","longitude":"0.00000001","latitude":"0.00000001","country":"","region":"","city":""}},"Nodes":{"ne":{"type":"typal","node":"ne","usage":1,"weight":1},"ew":{"type":"typal","node":"ew","usage":1,"weight":1},"ca":{"type":"typal","node":"ca","usage":1,"weight":2},"ia":{"type":"typal","node":"ia","usage":1,"weight":1},"bo":{"type":"typal","node":"bo","usage":1,"weight":1},"ld":{"type":"typal","node":"ld","usage":1,"weight":2},"sm":{"type":"typal","node":"sm","usage":1,"weight":1},"ll":{"type":"typal","node":"ll","usage":1,"weight":1},"ps":{"type":"typal","node":"ps","usage":1,"weight":1},"an":{"type":"typal","node":"an","usage":1,"weight":1},"nd":{"type":"typal","node":"nd","usage":1,"weight":1},"ol":{"type":"typal","node":"ol","usage":1,"weight":1},"st":{"type":"typal","node":"st","usage":1,"weight":1},"le":{"type":"typal","node":"le","usage":1,"weight":1},"fi":{"type":"typal","node":"fi","usage":1,"weight":1},"es":{"type":"typal","node":"es","usage":1,"weight":1},"cal":{"type":"typal","node":"cal","usage":1,"weight":1},"nia":{"type":"typal","node":"nia","usage":1,"weight":1},"bol":{"type":"typal","node":"bol","usage":1,"weight":1},"old":{"type":"fixes","node":"old","usage":2,"weight":1},"sma":{"type":"typal","node":"sma","usage":1,"weight":1},"all":{"type":"typal","node":"all","usage":1,"weight":1},"cap":{"type":"typal","node":"cap","usage":1,"weight":1},"aps":{"type":"typal","node":"aps","usage":1,"weight":1},"sty":{"type":"typal","node":"sty","usage":1,"weight":1},"yle":{"type":"typal","node":"yle","usage":1,"weight":1},"fig":{"type":"typal","node":"fig","usage":1,"weight":1},"res":{"type":"typal","node":"res","usage":1,"weight":1},"cale":{"type":"keys","node":"cale","usage":1,"weight":1},"onia":{"type":"keys","node":"onia","usage":1,"weight":1},"smal":{"type":"keys","node":"smal","usage":1,"weight":1},"mall":{"type":"keys","node":"mall","usage":1,"weight":1},"styl":{"type":"keys","node":"styl","usage":1,"weight":1},"tyle":{"type":"keys","node":"tyle","usage":1,"weight":1},"figu":{"type":"keys","node":"figu","usage":1,"weight":1},"ures":{"type":"keys","node":"ures","usage":1,"weight":1},"caled":{"type":"keys","node":"caled","usage":1,"weight":1},"donia":{"type":"keys","node":"donia","usage":1,"weight":1},"figur":{"type":"keys","node":"figur","usage":1,"weight":1},"gures":{"type":"keys","node":"gures","usage":1,"weight":1},"new":{"type":"fixes","node":"new","usage":1,"weight":1},"caledonia":{"type":"fixes","node":"caledonia","usage":1,"weight":1},"bold":{"type":"fixes","node":"bold","usage":1,"weight":1},"small":{"type":"fixes","node":"small","usage":1,"weight":1},"caps":{"type":"fixes","node":"caps","usage":1,"weight":1},"and":{"type":"fixes","node":"and","usage":1,"weight":1},"style":{"type":"fixes","node":"style","usage":1,"weight":1},"figures":{"type":"fixes","node":"figures","usage":1,"weight":1}},"Contributors":[],"FontIdentity":"crash99:142565099a86ecbbd107dfdd","Bytes":null,"Networking":[],"barcode":"EYc7cccY7Yg","referee":"qgiaoam8"}