{"CSS":{"Folio Std Light":"labscoop:58460e733e91d96d39045cb.css"},"FontType":"TrueType","FontCopyright":" Copyright (c) 1989, 1995, 2002 Fundicion Tipografica Neufville S.A.\n This record material and the data recorded thereon is the property of\n Fundicion Tipografica Neufville S.A. and Adobe Systems Incorporated,\n or its licensors, and may not be reproduced, used, displayed, modified,\n disclosed or transferred in any manner without the express written\n approval of Fundicion Tipografica Neufville S.A. and Adobe Systems\n Incorporated. ","FontName":"Folio Std","FontSubfamily":"Light","FontSubfamilyID":"FontForge 2.0 : Folio Std Light : 12-8-2016","FontFullName":"Folio Std Light","FontVersion":"Version 002.000 ","FontWeight":null,"FontPostscriptName":"FolioStd-Light","Files":{"\/Folio Std Light.css":"\/Folio Std Light.css","\/foliostd-light.afm":"\/foliostd-light.afm","\/foliostd-light.cef":"\/foliostd-light.cef","\/foliostd-light.cff":"\/foliostd-light.cff","\/foliostd-light.eot":"\/foliostd-light.eot","\/foliostd-light.gai":"\/foliostd-light.gai","\/foliostd-light.gsf":"\/foliostd-light.gsf","\/foliostd-light.otf":"\/foliostd-light.otf","\/foliostd-light.pf3":"\/foliostd-light.pf3","\/foliostd-light.pfa":"\/foliostd-light.pfa","\/foliostd-light.pfb":"\/foliostd-light.pfb","\/foliostd-light.php":"\/foliostd-light.php","\/foliostd-light.pt3":"\/foliostd-light.pt3","\/foliostd-light.sfd":"\/foliostd-light.sfd","\/foliostd-light.svg":"\/foliostd-light.svg","\/foliostd-light.t42":"\/foliostd-light.t42","\/foliostd-light.ttd":"\/foliostd-light.ttd","\/foliostd-light.ttf":"\/foliostd-light.ttf","\/foliostd-light.ttg":"\/foliostd-light.ttg","\/foliostd-light.ufm":"\/foliostd-light.ufm","\/foliostd-light.woff":"\/foliostd-light.woff","\/foliostd-light.z":"\/foliostd-light.z","\/font-resource.json":"\/font-resource.json","\/foliostd-light.ufo\/feature.fea":"\/foliostd-light.ufo\/feature.fea","\/foliostd-light.ufo\/fontinfo.plist":"\/foliostd-light.ufo\/fontinfo.plist","\/foliostd-light.ufo\/groups.plist":"\/foliostd-light.ufo\/groups.plist","\/foliostd-light.ufo\/kerning.plist":"\/foliostd-light.ufo\/kerning.plist","\/foliostd-light.ufo\/metainfo.plist":"\/foliostd-light.ufo\/metainfo.plist","\/foliostd-light.ufo\/glyphs\/A_.glif":"\/foliostd-light.ufo\/glyphs\/A_.glif","\/foliostd-light.ufo\/glyphs\/A_E_.glif":"\/foliostd-light.ufo\/glyphs\/A_E_.glif","\/foliostd-light.ufo\/glyphs\/A_acute.glif":"\/foliostd-light.ufo\/glyphs\/A_acute.glif","\/foliostd-light.ufo\/glyphs\/A_circumflex.glif":"\/foliostd-light.ufo\/glyphs\/A_circumflex.glif","\/foliostd-light.ufo\/glyphs\/A_dieresis.glif":"\/foliostd-light.ufo\/glyphs\/A_dieresis.glif","\/foliostd-light.ufo\/glyphs\/A_grave.glif":"\/foliostd-light.ufo\/glyphs\/A_grave.glif","\/foliostd-light.ufo\/glyphs\/A_ring.glif":"\/foliostd-light.ufo\/glyphs\/A_ring.glif","\/foliostd-light.ufo\/glyphs\/A_tilde.glif":"\/foliostd-light.ufo\/glyphs\/A_tilde.glif","\/foliostd-light.ufo\/glyphs\/B_.glif":"\/foliostd-light.ufo\/glyphs\/B_.glif","\/foliostd-light.ufo\/glyphs\/C_.glif":"\/foliostd-light.ufo\/glyphs\/C_.glif","\/foliostd-light.ufo\/glyphs\/C_cedilla.glif":"\/foliostd-light.ufo\/glyphs\/C_cedilla.glif","\/foliostd-light.ufo\/glyphs\/D_.glif":"\/foliostd-light.ufo\/glyphs\/D_.glif","\/foliostd-light.ufo\/glyphs\/E_.glif":"\/foliostd-light.ufo\/glyphs\/E_.glif","\/foliostd-light.ufo\/glyphs\/E_acute.glif":"\/foliostd-light.ufo\/glyphs\/E_acute.glif","\/foliostd-light.ufo\/glyphs\/E_circumflex.glif":"\/foliostd-light.ufo\/glyphs\/E_circumflex.glif","\/foliostd-light.ufo\/glyphs\/E_dieresis.glif":"\/foliostd-light.ufo\/glyphs\/E_dieresis.glif","\/foliostd-light.ufo\/glyphs\/E_grave.glif":"\/foliostd-light.ufo\/glyphs\/E_grave.glif","\/foliostd-light.ufo\/glyphs\/E_th.glif":"\/foliostd-light.ufo\/glyphs\/E_th.glif","\/foliostd-light.ufo\/glyphs\/E_uro.glif":"\/foliostd-light.ufo\/glyphs\/E_uro.glif","\/foliostd-light.ufo\/glyphs\/F_.glif":"\/foliostd-light.ufo\/glyphs\/F_.glif","\/foliostd-light.ufo\/glyphs\/G_.glif":"\/foliostd-light.ufo\/glyphs\/G_.glif","\/foliostd-light.ufo\/glyphs\/H_.glif":"\/foliostd-light.ufo\/glyphs\/H_.glif","\/foliostd-light.ufo\/glyphs\/I_.glif":"\/foliostd-light.ufo\/glyphs\/I_.glif","\/foliostd-light.ufo\/glyphs\/I_acute.glif":"\/foliostd-light.ufo\/glyphs\/I_acute.glif","\/foliostd-light.ufo\/glyphs\/I_circumflex.glif":"\/foliostd-light.ufo\/glyphs\/I_circumflex.glif","\/foliostd-light.ufo\/glyphs\/I_dieresis.glif":"\/foliostd-light.ufo\/glyphs\/I_dieresis.glif","\/foliostd-light.ufo\/glyphs\/I_grave.glif":"\/foliostd-light.ufo\/glyphs\/I_grave.glif","\/foliostd-light.ufo\/glyphs\/J_.glif":"\/foliostd-light.ufo\/glyphs\/J_.glif","\/foliostd-light.ufo\/glyphs\/K_.glif":"\/foliostd-light.ufo\/glyphs\/K_.glif","\/foliostd-light.ufo\/glyphs\/L_.glif":"\/foliostd-light.ufo\/glyphs\/L_.glif","\/foliostd-light.ufo\/glyphs\/L_slash.glif":"\/foliostd-light.ufo\/glyphs\/L_slash.glif","\/foliostd-light.ufo\/glyphs\/M_.glif":"\/foliostd-light.ufo\/glyphs\/M_.glif","\/foliostd-light.ufo\/glyphs\/N_.glif":"\/foliostd-light.ufo\/glyphs\/N_.glif","\/foliostd-light.ufo\/glyphs\/N_tilde.glif":"\/foliostd-light.ufo\/glyphs\/N_tilde.glif","\/foliostd-light.ufo\/glyphs\/O_.glif":"\/foliostd-light.ufo\/glyphs\/O_.glif","\/foliostd-light.ufo\/glyphs\/O_E_.glif":"\/foliostd-light.ufo\/glyphs\/O_E_.glif","\/foliostd-light.ufo\/glyphs\/O_acute.glif":"\/foliostd-light.ufo\/glyphs\/O_acute.glif","\/foliostd-light.ufo\/glyphs\/O_circumflex.glif":"\/foliostd-light.ufo\/glyphs\/O_circumflex.glif","\/foliostd-light.ufo\/glyphs\/O_dieresis.glif":"\/foliostd-light.ufo\/glyphs\/O_dieresis.glif","\/foliostd-light.ufo\/glyphs\/O_grave.glif":"\/foliostd-light.ufo\/glyphs\/O_grave.glif","\/foliostd-light.ufo\/glyphs\/O_mega.glif":"\/foliostd-light.ufo\/glyphs\/O_mega.glif","\/foliostd-light.ufo\/glyphs\/O_slash.glif":"\/foliostd-light.ufo\/glyphs\/O_slash.glif","\/foliostd-light.ufo\/glyphs\/O_tilde.glif":"\/foliostd-light.ufo\/glyphs\/O_tilde.glif","\/foliostd-light.ufo\/glyphs\/P_.glif":"\/foliostd-light.ufo\/glyphs\/P_.glif","\/foliostd-light.ufo\/glyphs\/Q_.glif":"\/foliostd-light.ufo\/glyphs\/Q_.glif","\/foliostd-light.ufo\/glyphs\/R_.glif":"\/foliostd-light.ufo\/glyphs\/R_.glif","\/foliostd-light.ufo\/glyphs\/S_.glif":"\/foliostd-light.ufo\/glyphs\/S_.glif","\/foliostd-light.ufo\/glyphs\/S_caron.glif":"\/foliostd-light.ufo\/glyphs\/S_caron.glif","\/foliostd-light.ufo\/glyphs\/T_.glif":"\/foliostd-light.ufo\/glyphs\/T_.glif","\/foliostd-light.ufo\/glyphs\/T_horn.glif":"\/foliostd-light.ufo\/glyphs\/T_horn.glif","\/foliostd-light.ufo\/glyphs\/U_.glif":"\/foliostd-light.ufo\/glyphs\/U_.glif","\/foliostd-light.ufo\/glyphs\/U_acute.glif":"\/foliostd-light.ufo\/glyphs\/U_acute.glif","\/foliostd-light.ufo\/glyphs\/U_circumflex.glif":"\/foliostd-light.ufo\/glyphs\/U_circumflex.glif","\/foliostd-light.ufo\/glyphs\/U_dieresis.glif":"\/foliostd-light.ufo\/glyphs\/U_dieresis.glif","\/foliostd-light.ufo\/glyphs\/U_grave.glif":"\/foliostd-light.ufo\/glyphs\/U_grave.glif","\/foliostd-light.ufo\/glyphs\/V_.glif":"\/foliostd-light.ufo\/glyphs\/V_.glif","\/foliostd-light.ufo\/glyphs\/W_.glif":"\/foliostd-light.ufo\/glyphs\/W_.glif","\/foliostd-light.ufo\/glyphs\/X_.glif":"\/foliostd-light.ufo\/glyphs\/X_.glif","\/foliostd-light.ufo\/glyphs\/Y_.glif":"\/foliostd-light.ufo\/glyphs\/Y_.glif","\/foliostd-light.ufo\/glyphs\/Y_acute.glif":"\/foliostd-light.ufo\/glyphs\/Y_acute.glif","\/foliostd-light.ufo\/glyphs\/Y_dieresis.glif":"\/foliostd-light.ufo\/glyphs\/Y_dieresis.glif","\/foliostd-light.ufo\/glyphs\/Z_.glif":"\/foliostd-light.ufo\/glyphs\/Z_.glif","\/foliostd-light.ufo\/glyphs\/Z_caron.glif":"\/foliostd-light.ufo\/glyphs\/Z_caron.glif","\/foliostd-light.ufo\/glyphs\/_notdef.glif":"\/foliostd-light.ufo\/glyphs\/_notdef.glif","\/foliostd-light.ufo\/glyphs\/a.glif":"\/foliostd-light.ufo\/glyphs\/a.glif","\/foliostd-light.ufo\/glyphs\/a.superior.glif":"\/foliostd-light.ufo\/glyphs\/a.superior.glif","\/foliostd-light.ufo\/glyphs\/aacute.glif":"\/foliostd-light.ufo\/glyphs\/aacute.glif","\/foliostd-light.ufo\/glyphs\/acircumflex.glif":"\/foliostd-light.ufo\/glyphs\/acircumflex.glif","\/foliostd-light.ufo\/glyphs\/acute.glif":"\/foliostd-light.ufo\/glyphs\/acute.glif","\/foliostd-light.ufo\/glyphs\/adieresis.glif":"\/foliostd-light.ufo\/glyphs\/adieresis.glif","\/foliostd-light.ufo\/glyphs\/ae.glif":"\/foliostd-light.ufo\/glyphs\/ae.glif","\/foliostd-light.ufo\/glyphs\/afii61289.glif":"\/foliostd-light.ufo\/glyphs\/afii61289.glif","\/foliostd-light.ufo\/glyphs\/agrave.glif":"\/foliostd-light.ufo\/glyphs\/agrave.glif","\/foliostd-light.ufo\/glyphs\/ampersand.glif":"\/foliostd-light.ufo\/glyphs\/ampersand.glif","\/foliostd-light.ufo\/glyphs\/approxequal.glif":"\/foliostd-light.ufo\/glyphs\/approxequal.glif","\/foliostd-light.ufo\/glyphs\/aring.glif":"\/foliostd-light.ufo\/glyphs\/aring.glif","\/foliostd-light.ufo\/glyphs\/asciicircum.glif":"\/foliostd-light.ufo\/glyphs\/asciicircum.glif","\/foliostd-light.ufo\/glyphs\/asciitilde.glif":"\/foliostd-light.ufo\/glyphs\/asciitilde.glif","\/foliostd-light.ufo\/glyphs\/asterisk.glif":"\/foliostd-light.ufo\/glyphs\/asterisk.glif","\/foliostd-light.ufo\/glyphs\/at.glif":"\/foliostd-light.ufo\/glyphs\/at.glif","\/foliostd-light.ufo\/glyphs\/atilde.glif":"\/foliostd-light.ufo\/glyphs\/atilde.glif","\/foliostd-light.ufo\/glyphs\/b.glif":"\/foliostd-light.ufo\/glyphs\/b.glif","\/foliostd-light.ufo\/glyphs\/backslash.glif":"\/foliostd-light.ufo\/glyphs\/backslash.glif","\/foliostd-light.ufo\/glyphs\/bar.glif":"\/foliostd-light.ufo\/glyphs\/bar.glif","\/foliostd-light.ufo\/glyphs\/braceleft.glif":"\/foliostd-light.ufo\/glyphs\/braceleft.glif","\/foliostd-light.ufo\/glyphs\/braceright.glif":"\/foliostd-light.ufo\/glyphs\/braceright.glif","\/foliostd-light.ufo\/glyphs\/bracketleft.glif":"\/foliostd-light.ufo\/glyphs\/bracketleft.glif","\/foliostd-light.ufo\/glyphs\/bracketright.glif":"\/foliostd-light.ufo\/glyphs\/bracketright.glif","\/foliostd-light.ufo\/glyphs\/breve.glif":"\/foliostd-light.ufo\/glyphs\/breve.glif","\/foliostd-light.ufo\/glyphs\/brokenbar.glif":"\/foliostd-light.ufo\/glyphs\/brokenbar.glif","\/foliostd-light.ufo\/glyphs\/bullet.glif":"\/foliostd-light.ufo\/glyphs\/bullet.glif","\/foliostd-light.ufo\/glyphs\/c.glif":"\/foliostd-light.ufo\/glyphs\/c.glif","\/foliostd-light.ufo\/glyphs\/caron.glif":"\/foliostd-light.ufo\/glyphs\/caron.glif","\/foliostd-light.ufo\/glyphs\/ccedilla.glif":"\/foliostd-light.ufo\/glyphs\/ccedilla.glif","\/foliostd-light.ufo\/glyphs\/cedilla.glif":"\/foliostd-light.ufo\/glyphs\/cedilla.glif","\/foliostd-light.ufo\/glyphs\/cent.glif":"\/foliostd-light.ufo\/glyphs\/cent.glif","\/foliostd-light.ufo\/glyphs\/circumflex.glif":"\/foliostd-light.ufo\/glyphs\/circumflex.glif","\/foliostd-light.ufo\/glyphs\/colon.glif":"\/foliostd-light.ufo\/glyphs\/colon.glif","\/foliostd-light.ufo\/glyphs\/comma.glif":"\/foliostd-light.ufo\/glyphs\/comma.glif","\/foliostd-light.ufo\/glyphs\/contents.plist":"\/foliostd-light.ufo\/glyphs\/contents.plist","\/foliostd-light.ufo\/glyphs\/copyright.glif":"\/foliostd-light.ufo\/glyphs\/copyright.glif","\/foliostd-light.ufo\/glyphs\/currency.glif":"\/foliostd-light.ufo\/glyphs\/currency.glif","\/foliostd-light.ufo\/glyphs\/d.glif":"\/foliostd-light.ufo\/glyphs\/d.glif","\/foliostd-light.ufo\/glyphs\/dagger.glif":"\/foliostd-light.ufo\/glyphs\/dagger.glif","\/foliostd-light.ufo\/glyphs\/daggerdbl.glif":"\/foliostd-light.ufo\/glyphs\/daggerdbl.glif","\/foliostd-light.ufo\/glyphs\/degree.glif":"\/foliostd-light.ufo\/glyphs\/degree.glif","\/foliostd-light.ufo\/glyphs\/dieresis.glif":"\/foliostd-light.ufo\/glyphs\/dieresis.glif","\/foliostd-light.ufo\/glyphs\/divide.glif":"\/foliostd-light.ufo\/glyphs\/divide.glif","\/foliostd-light.ufo\/glyphs\/dollar.glif":"\/foliostd-light.ufo\/glyphs\/dollar.glif","\/foliostd-light.ufo\/glyphs\/dotaccent.glif":"\/foliostd-light.ufo\/glyphs\/dotaccent.glif","\/foliostd-light.ufo\/glyphs\/dotlessi.glif":"\/foliostd-light.ufo\/glyphs\/dotlessi.glif","\/foliostd-light.ufo\/glyphs\/e.glif":"\/foliostd-light.ufo\/glyphs\/e.glif","\/foliostd-light.ufo\/glyphs\/eacute.glif":"\/foliostd-light.ufo\/glyphs\/eacute.glif","\/foliostd-light.ufo\/glyphs\/ecircumflex.glif":"\/foliostd-light.ufo\/glyphs\/ecircumflex.glif","\/foliostd-light.ufo\/glyphs\/edieresis.glif":"\/foliostd-light.ufo\/glyphs\/edieresis.glif","\/foliostd-light.ufo\/glyphs\/egrave.glif":"\/foliostd-light.ufo\/glyphs\/egrave.glif","\/foliostd-light.ufo\/glyphs\/eight.glif":"\/foliostd-light.ufo\/glyphs\/eight.glif","\/foliostd-light.ufo\/glyphs\/ellipsis.glif":"\/foliostd-light.ufo\/glyphs\/ellipsis.glif","\/foliostd-light.ufo\/glyphs\/emdash.glif":"\/foliostd-light.ufo\/glyphs\/emdash.glif","\/foliostd-light.ufo\/glyphs\/endash.glif":"\/foliostd-light.ufo\/glyphs\/endash.glif","\/foliostd-light.ufo\/glyphs\/equal.glif":"\/foliostd-light.ufo\/glyphs\/equal.glif","\/foliostd-light.ufo\/glyphs\/estimated.glif":"\/foliostd-light.ufo\/glyphs\/estimated.glif","\/foliostd-light.ufo\/glyphs\/eth.glif":"\/foliostd-light.ufo\/glyphs\/eth.glif","\/foliostd-light.ufo\/glyphs\/exclam.glif":"\/foliostd-light.ufo\/glyphs\/exclam.glif","\/foliostd-light.ufo\/glyphs\/exclamdown.glif":"\/foliostd-light.ufo\/glyphs\/exclamdown.glif","\/foliostd-light.ufo\/glyphs\/f.glif":"\/foliostd-light.ufo\/glyphs\/f.glif","\/foliostd-light.ufo\/glyphs\/f_i.glif":"\/foliostd-light.ufo\/glyphs\/f_i.glif","\/foliostd-light.ufo\/glyphs\/f_l.glif":"\/foliostd-light.ufo\/glyphs\/f_l.glif","\/foliostd-light.ufo\/glyphs\/fi.glif":"\/foliostd-light.ufo\/glyphs\/fi.glif","\/foliostd-light.ufo\/glyphs\/five.glif":"\/foliostd-light.ufo\/glyphs\/five.glif","\/foliostd-light.ufo\/glyphs\/fl.glif":"\/foliostd-light.ufo\/glyphs\/fl.glif","\/foliostd-light.ufo\/glyphs\/florin.glif":"\/foliostd-light.ufo\/glyphs\/florin.glif","\/foliostd-light.ufo\/glyphs\/four.glif":"\/foliostd-light.ufo\/glyphs\/four.glif","\/foliostd-light.ufo\/glyphs\/fraction.glif":"\/foliostd-light.ufo\/glyphs\/fraction.glif","\/foliostd-light.ufo\/glyphs\/g.glif":"\/foliostd-light.ufo\/glyphs\/g.glif","\/foliostd-light.ufo\/glyphs\/germandbls.glif":"\/foliostd-light.ufo\/glyphs\/germandbls.glif","\/foliostd-light.ufo\/glyphs\/grave.glif":"\/foliostd-light.ufo\/glyphs\/grave.glif","\/foliostd-light.ufo\/glyphs\/greater.glif":"\/foliostd-light.ufo\/glyphs\/greater.glif","\/foliostd-light.ufo\/glyphs\/greaterequal.glif":"\/foliostd-light.ufo\/glyphs\/greaterequal.glif","\/foliostd-light.ufo\/glyphs\/guillemotleft.glif":"\/foliostd-light.ufo\/glyphs\/guillemotleft.glif","\/foliostd-light.ufo\/glyphs\/guillemotright.glif":"\/foliostd-light.ufo\/glyphs\/guillemotright.glif","\/foliostd-light.ufo\/glyphs\/guilsinglleft.glif":"\/foliostd-light.ufo\/glyphs\/guilsinglleft.glif","\/foliostd-light.ufo\/glyphs\/guilsinglright.glif":"\/foliostd-light.ufo\/glyphs\/guilsinglright.glif","\/foliostd-light.ufo\/glyphs\/h.glif":"\/foliostd-light.ufo\/glyphs\/h.glif","\/foliostd-light.ufo\/glyphs\/hungarumlaut.glif":"\/foliostd-light.ufo\/glyphs\/hungarumlaut.glif","\/foliostd-light.ufo\/glyphs\/hyphen.glif":"\/foliostd-light.ufo\/glyphs\/hyphen.glif","\/foliostd-light.ufo\/glyphs\/i.glif":"\/foliostd-light.ufo\/glyphs\/i.glif","\/foliostd-light.ufo\/glyphs\/iacute.glif":"\/foliostd-light.ufo\/glyphs\/iacute.glif","\/foliostd-light.ufo\/glyphs\/icircumflex.glif":"\/foliostd-light.ufo\/glyphs\/icircumflex.glif","\/foliostd-light.ufo\/glyphs\/idieresis.glif":"\/foliostd-light.ufo\/glyphs\/idieresis.glif","\/foliostd-light.ufo\/glyphs\/igrave.glif":"\/foliostd-light.ufo\/glyphs\/igrave.glif","\/foliostd-light.ufo\/glyphs\/infinity.glif":"\/foliostd-light.ufo\/glyphs\/infinity.glif","\/foliostd-light.ufo\/glyphs\/integral.glif":"\/foliostd-light.ufo\/glyphs\/integral.glif","\/foliostd-light.ufo\/glyphs\/j.glif":"\/foliostd-light.ufo\/glyphs\/j.glif","\/foliostd-light.ufo\/glyphs\/k.glif":"\/foliostd-light.ufo\/glyphs\/k.glif","\/foliostd-light.ufo\/glyphs\/l.glif":"\/foliostd-light.ufo\/glyphs\/l.glif","\/foliostd-light.ufo\/glyphs\/less.glif":"\/foliostd-light.ufo\/glyphs\/less.glif","\/foliostd-light.ufo\/glyphs\/lessequal.glif":"\/foliostd-light.ufo\/glyphs\/lessequal.glif","\/foliostd-light.ufo\/glyphs\/logicalnot.glif":"\/foliostd-light.ufo\/glyphs\/logicalnot.glif","\/foliostd-light.ufo\/glyphs\/lozenge.glif":"\/foliostd-light.ufo\/glyphs\/lozenge.glif","\/foliostd-light.ufo\/glyphs\/lslash.glif":"\/foliostd-light.ufo\/glyphs\/lslash.glif","\/foliostd-light.ufo\/glyphs\/m.glif":"\/foliostd-light.ufo\/glyphs\/m.glif","\/foliostd-light.ufo\/glyphs\/macron.glif":"\/foliostd-light.ufo\/glyphs\/macron.glif","\/foliostd-light.ufo\/glyphs\/minus.glif":"\/foliostd-light.ufo\/glyphs\/minus.glif","\/foliostd-light.ufo\/glyphs\/mu.glif":"\/foliostd-light.ufo\/glyphs\/mu.glif","\/foliostd-light.ufo\/glyphs\/multiply.glif":"\/foliostd-light.ufo\/glyphs\/multiply.glif","\/foliostd-light.ufo\/glyphs\/n.glif":"\/foliostd-light.ufo\/glyphs\/n.glif","\/foliostd-light.ufo\/glyphs\/nine.glif":"\/foliostd-light.ufo\/glyphs\/nine.glif","\/foliostd-light.ufo\/glyphs\/notequal.glif":"\/foliostd-light.ufo\/glyphs\/notequal.glif","\/foliostd-light.ufo\/glyphs\/ntilde.glif":"\/foliostd-light.ufo\/glyphs\/ntilde.glif","\/foliostd-light.ufo\/glyphs\/numbersign.glif":"\/foliostd-light.ufo\/glyphs\/numbersign.glif","\/foliostd-light.ufo\/glyphs\/o.glif":"\/foliostd-light.ufo\/glyphs\/o.glif","\/foliostd-light.ufo\/glyphs\/o.superior.glif":"\/foliostd-light.ufo\/glyphs\/o.superior.glif","\/foliostd-light.ufo\/glyphs\/oacute.glif":"\/foliostd-light.ufo\/glyphs\/oacute.glif","\/foliostd-light.ufo\/glyphs\/ocircumflex.glif":"\/foliostd-light.ufo\/glyphs\/ocircumflex.glif","\/foliostd-light.ufo\/glyphs\/odieresis.glif":"\/foliostd-light.ufo\/glyphs\/odieresis.glif","\/foliostd-light.ufo\/glyphs\/oe.glif":"\/foliostd-light.ufo\/glyphs\/oe.glif","\/foliostd-light.ufo\/glyphs\/ogonek.glif":"\/foliostd-light.ufo\/glyphs\/ogonek.glif","\/foliostd-light.ufo\/glyphs\/ograve.glif":"\/foliostd-light.ufo\/glyphs\/ograve.glif","\/foliostd-light.ufo\/glyphs\/one.glif":"\/foliostd-light.ufo\/glyphs\/one.glif","\/foliostd-light.ufo\/glyphs\/one.superior.glif":"\/foliostd-light.ufo\/glyphs\/one.superior.glif","\/foliostd-light.ufo\/glyphs\/onehalf.glif":"\/foliostd-light.ufo\/glyphs\/onehalf.glif","\/foliostd-light.ufo\/glyphs\/onequarter.glif":"\/foliostd-light.ufo\/glyphs\/onequarter.glif","\/foliostd-light.ufo\/glyphs\/onesuperior.glif":"\/foliostd-light.ufo\/glyphs\/onesuperior.glif","\/foliostd-light.ufo\/glyphs\/ordfeminine.glif":"\/foliostd-light.ufo\/glyphs\/ordfeminine.glif","\/foliostd-light.ufo\/glyphs\/ordmasculine.glif":"\/foliostd-light.ufo\/glyphs\/ordmasculine.glif","\/foliostd-light.ufo\/glyphs\/oslash.glif":"\/foliostd-light.ufo\/glyphs\/oslash.glif","\/foliostd-light.ufo\/glyphs\/otilde.glif":"\/foliostd-light.ufo\/glyphs\/otilde.glif","\/foliostd-light.ufo\/glyphs\/p.glif":"\/foliostd-light.ufo\/glyphs\/p.glif","\/foliostd-light.ufo\/glyphs\/paragraph.glif":"\/foliostd-light.ufo\/glyphs\/paragraph.glif","\/foliostd-light.ufo\/glyphs\/parenleft.glif":"\/foliostd-light.ufo\/glyphs\/parenleft.glif","\/foliostd-light.ufo\/glyphs\/parenright.glif":"\/foliostd-light.ufo\/glyphs\/parenright.glif","\/foliostd-light.ufo\/glyphs\/partialdiff.glif":"\/foliostd-light.ufo\/glyphs\/partialdiff.glif","\/foliostd-light.ufo\/glyphs\/percent.glif":"\/foliostd-light.ufo\/glyphs\/percent.glif","\/foliostd-light.ufo\/glyphs\/period.glif":"\/foliostd-light.ufo\/glyphs\/period.glif","\/foliostd-light.ufo\/glyphs\/periodcentered.glif":"\/foliostd-light.ufo\/glyphs\/periodcentered.glif","\/foliostd-light.ufo\/glyphs\/perthousand.glif":"\/foliostd-light.ufo\/glyphs\/perthousand.glif","\/foliostd-light.ufo\/glyphs\/pi.glif":"\/foliostd-light.ufo\/glyphs\/pi.glif","\/foliostd-light.ufo\/glyphs\/plus.glif":"\/foliostd-light.ufo\/glyphs\/plus.glif","\/foliostd-light.ufo\/glyphs\/plusminus.glif":"\/foliostd-light.ufo\/glyphs\/plusminus.glif","\/foliostd-light.ufo\/glyphs\/product.glif":"\/foliostd-light.ufo\/glyphs\/product.glif","\/foliostd-light.ufo\/glyphs\/q.glif":"\/foliostd-light.ufo\/glyphs\/q.glif","\/foliostd-light.ufo\/glyphs\/question.glif":"\/foliostd-light.ufo\/glyphs\/question.glif","\/foliostd-light.ufo\/glyphs\/questiondown.glif":"\/foliostd-light.ufo\/glyphs\/questiondown.glif","\/foliostd-light.ufo\/glyphs\/quotedbl.glif":"\/foliostd-light.ufo\/glyphs\/quotedbl.glif","\/foliostd-light.ufo\/glyphs\/quotedblbase.glif":"\/foliostd-light.ufo\/glyphs\/quotedblbase.glif","\/foliostd-light.ufo\/glyphs\/quotedblleft.glif":"\/foliostd-light.ufo\/glyphs\/quotedblleft.glif","\/foliostd-light.ufo\/glyphs\/quotedblright.glif":"\/foliostd-light.ufo\/glyphs\/quotedblright.glif","\/foliostd-light.ufo\/glyphs\/quoteleft.glif":"\/foliostd-light.ufo\/glyphs\/quoteleft.glif","\/foliostd-light.ufo\/glyphs\/quoteright.glif":"\/foliostd-light.ufo\/glyphs\/quoteright.glif","\/foliostd-light.ufo\/glyphs\/quotesinglbase.glif":"\/foliostd-light.ufo\/glyphs\/quotesinglbase.glif","\/foliostd-light.ufo\/glyphs\/quotesingle.glif":"\/foliostd-light.ufo\/glyphs\/quotesingle.glif","\/foliostd-light.ufo\/glyphs\/r.glif":"\/foliostd-light.ufo\/glyphs\/r.glif","\/foliostd-light.ufo\/glyphs\/radical.glif":"\/foliostd-light.ufo\/glyphs\/radical.glif","\/foliostd-light.ufo\/glyphs\/registered.glif":"\/foliostd-light.ufo\/glyphs\/registered.glif","\/foliostd-light.ufo\/glyphs\/ring.glif":"\/foliostd-light.ufo\/glyphs\/ring.glif","\/foliostd-light.ufo\/glyphs\/s.glif":"\/foliostd-light.ufo\/glyphs\/s.glif","\/foliostd-light.ufo\/glyphs\/scaron.glif":"\/foliostd-light.ufo\/glyphs\/scaron.glif","\/foliostd-light.ufo\/glyphs\/section.glif":"\/foliostd-light.ufo\/glyphs\/section.glif","\/foliostd-light.ufo\/glyphs\/semicolon.glif":"\/foliostd-light.ufo\/glyphs\/semicolon.glif","\/foliostd-light.ufo\/glyphs\/seven.glif":"\/foliostd-light.ufo\/glyphs\/seven.glif","\/foliostd-light.ufo\/glyphs\/six.glif":"\/foliostd-light.ufo\/glyphs\/six.glif","\/foliostd-light.ufo\/glyphs\/slash.glif":"\/foliostd-light.ufo\/glyphs\/slash.glif","\/foliostd-light.ufo\/glyphs\/space.glif":"\/foliostd-light.ufo\/glyphs\/space.glif","\/foliostd-light.ufo\/glyphs\/sterling.glif":"\/foliostd-light.ufo\/glyphs\/sterling.glif","\/foliostd-light.ufo\/glyphs\/summation.glif":"\/foliostd-light.ufo\/glyphs\/summation.glif","\/foliostd-light.ufo\/glyphs\/t.glif":"\/foliostd-light.ufo\/glyphs\/t.glif","\/foliostd-light.ufo\/glyphs\/thorn.glif":"\/foliostd-light.ufo\/glyphs\/thorn.glif","\/foliostd-light.ufo\/glyphs\/three.glif":"\/foliostd-light.ufo\/glyphs\/three.glif","\/foliostd-light.ufo\/glyphs\/three.superior.glif":"\/foliostd-light.ufo\/glyphs\/three.superior.glif","\/foliostd-light.ufo\/glyphs\/threequarters.glif":"\/foliostd-light.ufo\/glyphs\/threequarters.glif","\/foliostd-light.ufo\/glyphs\/threesuperior.glif":"\/foliostd-light.ufo\/glyphs\/threesuperior.glif","\/foliostd-light.ufo\/glyphs\/tilde.glif":"\/foliostd-light.ufo\/glyphs\/tilde.glif","\/foliostd-light.ufo\/glyphs\/trademark.glif":"\/foliostd-light.ufo\/glyphs\/trademark.glif","\/foliostd-light.ufo\/glyphs\/two.glif":"\/foliostd-light.ufo\/glyphs\/two.glif","\/foliostd-light.ufo\/glyphs\/two.superior.glif":"\/foliostd-light.ufo\/glyphs\/two.superior.glif","\/foliostd-light.ufo\/glyphs\/twosuperior.glif":"\/foliostd-light.ufo\/glyphs\/twosuperior.glif","\/foliostd-light.ufo\/glyphs\/u.glif":"\/foliostd-light.ufo\/glyphs\/u.glif","\/foliostd-light.ufo\/glyphs\/uacute.glif":"\/foliostd-light.ufo\/glyphs\/uacute.glif","\/foliostd-light.ufo\/glyphs\/ucircumflex.glif":"\/foliostd-light.ufo\/glyphs\/ucircumflex.glif","\/foliostd-light.ufo\/glyphs\/udieresis.glif":"\/foliostd-light.ufo\/glyphs\/udieresis.glif","\/foliostd-light.ufo\/glyphs\/ugrave.glif":"\/foliostd-light.ufo\/glyphs\/ugrave.glif","\/foliostd-light.ufo\/glyphs\/underscore.glif":"\/foliostd-light.ufo\/glyphs\/underscore.glif","\/foliostd-light.ufo\/glyphs\/uni00A_0.glif":"\/foliostd-light.ufo\/glyphs\/uni00A_0.glif","\/foliostd-light.ufo\/glyphs\/uni00A_D_.glif":"\/foliostd-light.ufo\/glyphs\/uni00A_D_.glif","\/foliostd-light.ufo\/glyphs\/uni02C_9.glif":"\/foliostd-light.ufo\/glyphs\/uni02C_9.glif","\/foliostd-light.ufo\/glyphs\/uni03A_9.glif":"\/foliostd-light.ufo\/glyphs\/uni03A_9.glif","\/foliostd-light.ufo\/glyphs\/uni03B_C_.glif":"\/foliostd-light.ufo\/glyphs\/uni03B_C_.glif","\/foliostd-light.ufo\/glyphs\/uni2010.glif":"\/foliostd-light.ufo\/glyphs\/uni2010.glif","\/foliostd-light.ufo\/glyphs\/uni2206.glif":"\/foliostd-light.ufo\/glyphs\/uni2206.glif","\/foliostd-light.ufo\/glyphs\/uni2215.glif":"\/foliostd-light.ufo\/glyphs\/uni2215.glif","\/foliostd-light.ufo\/glyphs\/uni2219.glif":"\/foliostd-light.ufo\/glyphs\/uni2219.glif","\/foliostd-light.ufo\/glyphs\/v.glif":"\/foliostd-light.ufo\/glyphs\/v.glif","\/foliostd-light.ufo\/glyphs\/w.glif":"\/foliostd-light.ufo\/glyphs\/w.glif","\/foliostd-light.ufo\/glyphs\/x.glif":"\/foliostd-light.ufo\/glyphs\/x.glif","\/foliostd-light.ufo\/glyphs\/y.glif":"\/foliostd-light.ufo\/glyphs\/y.glif","\/foliostd-light.ufo\/glyphs\/yacute.glif":"\/foliostd-light.ufo\/glyphs\/yacute.glif","\/foliostd-light.ufo\/glyphs\/ydieresis.glif":"\/foliostd-light.ufo\/glyphs\/ydieresis.glif","\/foliostd-light.ufo\/glyphs\/yen.glif":"\/foliostd-light.ufo\/glyphs\/yen.glif","\/foliostd-light.ufo\/glyphs\/z.glif":"\/foliostd-light.ufo\/glyphs\/z.glif","\/foliostd-light.ufo\/glyphs\/zcaron.glif":"\/foliostd-light.ufo\/glyphs\/zcaron.glif","\/foliostd-light.ufo\/glyphs\/zero.glif":"\/foliostd-light.ufo\/glyphs\/zero.glif"},"Font":{"uploaded":1471024058.5439,"licence":"gpl3","company":"Chronolabs Cooperative","title":"Folio Std Light","version":3.002,"date":"Fri Aug 12 07:05:17 2016","creator":"root","type":"1","matrix":"0.001 0 0 0.001 0 0","named":"FolioStd-Light","painttype":"0","info":"11 dict dup","name":"Folio Std Light","family":"Folio Std","weight":"Light","fstype":"8","italicangle":"0","underlineposition":"","underlinethickness":""},"Licences":{"":false},"Table":{"FFTM":{"entryLength":16,"tag":"FFTM","checksum":1944346282,"offset":25100,"length":28},"GDEF":{"entryLength":16,"tag":"GDEF","checksum":20185094,"offset":25068,"length":32},"OS\/2":{"entryLength":16,"tag":"OS\/2","checksum":1984837625,"offset":344,"length":86},"cmap":{"entryLength":16,"tag":"cmap","checksum":776839157,"offset":1484,"length":1156},"gasp":{"entryLength":16,"tag":"gasp","checksum":4294901763,"offset":25060,"length":8},"glyf":{"entryLength":16,"tag":"glyf","checksum":2479180413,"offset":3168,"length":19360},"head":{"entryLength":16,"tag":"head","checksum":168340764,"offset":220,"length":54},"hhea":{"entryLength":16,"tag":"hhea","checksum":122880847,"offset":276,"length":36},"hmtx":{"entryLength":16,"tag":"hmtx","checksum":220473821,"offset":432,"length":1052},"loca":{"entryLength":16,"tag":"loca","checksum":1181178138,"offset":2640,"length":528},"maxp":{"entryLength":16,"tag":"maxp","checksum":22020171,"offset":312,"length":32},"name":{"entryLength":16,"tag":"name","checksum":909110497,"offset":22528,"length":1803},"post":{"entryLength":16,"tag":"post","checksum":685228572,"offset":24332,"length":728}},"UnicodeCharMap":{"32":3,"33":4,"34":5,"35":6,"36":7,"37":8,"38":9,"39":10,"40":11,"41":12,"42":13,"43":14,"44":15,"45":16,"46":17,"47":18,"48":19,"49":20,"50":21,"51":22,"52":23,"53":24,"54":25,"55":26,"56":27,"57":28,"58":29,"59":30,"60":31,"61":32,"62":33,"63":34,"64":35,"65":36,"66":37,"67":38,"68":39,"69":40,"70":41,"71":42,"72":43,"73":44,"74":45,"75":46,"76":47,"77":48,"78":49,"79":50,"80":51,"81":52,"82":53,"83":54,"84":55,"85":56,"86":57,"87":58,"88":59,"89":60,"90":61,"91":62,"92":63,"93":64,"94":65,"95":66,"96":67,"97":68,"98":69,"99":70,"100":71,"101":72,"102":73,"103":74,"104":75,"105":76,"106":77,"107":78,"108":79,"109":80,"110":81,"111":82,"112":83,"113":84,"114":85,"115":86,"116":87,"117":88,"118":89,"119":90,"120":91,"121":92,"122":93,"123":94,"124":95,"125":96,"126":97,"160":98,"161":99,"162":100,"163":101,"164":102,"165":103,"166":104,"167":105,"168":106,"169":107,"170":108,"171":109,"172":110,"173":111,"174":112,"175":113,"176":114,"177":115,"178":259,"179":260,"180":118,"182":120,"183":121,"184":122,"185":258,"186":124,"187":125,"188":126,"189":127,"190":128,"191":129,"192":130,"193":131,"194":132,"195":133,"196":134,"197":135,"198":136,"199":137,"200":138,"201":139,"202":140,"203":141,"204":142,"205":143,"206":144,"207":145,"208":146,"209":147,"210":148,"211":149,"212":150,"213":151,"214":152,"215":153,"216":154,"217":155,"218":156,"219":157,"220":158,"221":159,"222":160,"223":161,"224":162,"225":163,"226":164,"227":165,"228":166,"229":167,"230":168,"231":169,"232":170,"233":171,"234":172,"235":173,"236":174,"237":175,"238":176,"239":177,"240":178,"241":179,"242":180,"243":181,"244":182,"245":183,"246":184,"247":185,"248":186,"249":187,"250":188,"251":189,"252":190,"253":191,"254":192,"255":193,"305":223,"321":221,"322":224,"338":222,"339":225,"352":228,"353":231,"376":229,"381":230,"382":232,"402":197,"710":212,"711":219,"713":252,"728":214,"729":215,"730":216,"731":218,"732":213,"733":217,"937":253,"956":235,"960":236,"8208":262,"8211":203,"8212":220,"8216":195,"8217":194,"8218":207,"8220":198,"8221":209,"8222":208,"8224":204,"8225":205,"8226":206,"8230":210,"8240":211,"8249":199,"8250":200,"8260":196,"8364":237,"8467":238,"8482":226,"8494":239,"8706":240,"8710":261,"8719":241,"8721":242,"8722":227,"8725":254,"8729":243,"8730":244,"8734":245,"8747":246,"8776":247,"8800":248,"8804":249,"8805":250,"9674":251,"64257":233,"64258":255},"Reserves":{"fontname":"Folio Std Light"},"Names":{"Folio Std Light":{"name":"Folio Std Light","longitude":"0.00000001","latitude":"0.00000001","country":"","region":"","city":""}},"Nodes":{"fo":{"type":"typal","node":"fo","usage":1,"weight":1},"io":{"type":"typal","node":"io","usage":1,"weight":1},"st":{"type":"typal","node":"st","usage":1,"weight":1},"td":{"type":"typal","node":"td","usage":1,"weight":1},"li":{"type":"typal","node":"li","usage":1,"weight":1},"ht":{"type":"typal","node":"ht","usage":1,"weight":1},"fol":{"type":"typal","node":"fol","usage":1,"weight":1},"lio":{"type":"typal","node":"lio","usage":1,"weight":1},"lig":{"type":"typal","node":"lig","usage":1,"weight":1},"ght":{"type":"typal","node":"ght","usage":1,"weight":1},"foli":{"type":"keys","node":"foli","usage":1,"weight":1},"olio":{"type":"keys","node":"olio","usage":1,"weight":1},"ligh":{"type":"keys","node":"ligh","usage":1,"weight":1},"ight":{"type":"keys","node":"ight","usage":1,"weight":1},"folio":{"type":"fixes","node":"folio","usage":1,"weight":1},"std":{"type":"fixes","node":"std","usage":1,"weight":1},"light":{"type":"fixes","node":"light","usage":1,"weight":1}},"Contributors":[],"FontIdentity":"labscoop:58460e733e91d96d39045cb","Bytes":null,"Networking":[],"barcode":"12qmwi2cemuy4e","referee":"oiwkwew"}