{"CSS":{"AbcKids":"AbcKids.css"},"FontType":"TrueType","FontCopyright":"Copyright (c) 1999 DownHill Fonts. Created by Ramo'n Abajo with Macromedia Fontographer 4.1. All rigths reserved","FontName":"AbcKids","FontSubfamily":"Book","FontSubfamilyID":"FontForge 2.0 : AbcKids : 4-11-2016","FontFullName":"Abc Kids","FontVersion":"Version Macromedia Fontograp ","FontWeight":null,"FontPostscriptName":"AbcKids","Files":{"abckids.afm":"abckids.afm","abckids.bin":"abckids.bin","abckids.cef":"abckids.cef","abckids.cff":"abckids.cff","abckids.cid":"abckids.cid","abckids.dfont":"abckids.dfont","abckids.eot":"abckids.eot","abckids.fon":"abckids.fon","abckids.gai":"abckids.gai","abckids.gsf":"abckids.gsf","abckids.hqx":"abckids.hqx","abckids.ik":"abckids.ik","abckids.mf":"abckids.mf","abckids.otf":"abckids.otf","abckids.pcf":"abckids.pcf","abckids.pf3":"abckids.pf3","abckids.pfa":"abckids.pfa","abckids.pfb":"abckids.pfb","abckids.php":"abckids.php","abckids.pmf":"abckids.pmf","abckids.pt3":"abckids.pt3","abckids.sfd":"abckids.sfd","abckids.svg":"abckids.svg","abckids.t42":"abckids.t42","abckids.ttd":"abckids.ttd","abckids.ttf":"abckids.ttf","abckids.ttg":"abckids.ttg","abckids.ufm":"abckids.ufm","abckids.woff":"abckids.woff","abckids.z":"abckids.z","":{"abckids.afm":"abckids.afm","abckids.bin":"abckids.bin","abckids.cef":"abckids.cef","abckids.cff":"abckids.cff","abckids.cid":"abckids.cid","abckids.dfont":"abckids.dfont","abckids.eot":"abckids.eot","abckids.fon":"abckids.fon","abckids.gai":"abckids.gai","abckids.gsf":"abckids.gsf","abckids.hqx":"abckids.hqx","abckids.ik":"abckids.ik","abckids.mf":"abckids.mf","abckids.otf":"abckids.otf","abckids.pcf":"abckids.pcf","abckids.pf3":"abckids.pf3","abckids.pfa":"abckids.pfa","abckids.pfb":"abckids.pfb","abckids.php":"abckids.php","abckids.pmf":"abckids.pmf","abckids.pt3":"abckids.pt3","abckids.sfd":"abckids.sfd","abckids.svg":"abckids.svg","abckids.t42":"abckids.t42","abckids.ttd":"abckids.ttd","abckids.ttf":"abckids.ttf","abckids.ttg":"abckids.ttg","abckids.ufm":"abckids.ufm","abckids.woff":"abckids.woff","abckids.z":"abckids.z"},"\/abckids.ufo":{"feature.fea":"feature.fea","fontinfo.plist":"fontinfo.plist","groups.plist":"groups.plist","kerning.plist":"kerning.plist","metainfo.plist":"metainfo.plist"},"\/abckids.ufo\/glyphs":{"A_.glif":"A_.glif","A_acute.glif":"A_acute.glif","B_.glif":"B_.glif","C_.glif":"C_.glif","C_cedilla.glif":"C_cedilla.glif","D_.glif":"D_.glif","E_.glif":"E_.glif","E_acute.glif":"E_acute.glif","F_.glif":"F_.glif","G_.glif":"G_.glif","H_.glif":"H_.glif","I_.glif":"I_.glif","I_acute.glif":"I_acute.glif","J_.glif":"J_.glif","K_.glif":"K_.glif","L_.glif":"L_.glif","M_.glif":"M_.glif","N_.glif":"N_.glif","N_tilde.glif":"N_tilde.glif","O_.glif":"O_.glif","O_acute.glif":"O_acute.glif","O_dieresis.glif":"O_dieresis.glif","P_.glif":"P_.glif","Q_.glif":"Q_.glif","R_.glif":"R_.glif","S_.glif":"S_.glif","T_.glif":"T_.glif","U_.glif":"U_.glif","U_acute.glif":"U_acute.glif","U_circumflex.glif":"U_circumflex.glif","U_dieresis.glif":"U_dieresis.glif","V_.glif":"V_.glif","W_.glif":"W_.glif","X_.glif":"X_.glif","Y_.glif":"Y_.glif","Z_.glif":"Z_.glif","_notdef.glif":"_notdef.glif","_null.glif":"_null.glif","a.glif":"a.glif","aacute.glif":"aacute.glif","acute.glif":"acute.glif","ampersand.glif":"ampersand.glif","asciicircum.glif":"asciicircum.glif","asciitilde.glif":"asciitilde.glif","asterisk.glif":"asterisk.glif","at.glif":"at.glif","b.glif":"b.glif","backslash.glif":"backslash.glif","bar.glif":"bar.glif","braceleft.glif":"braceleft.glif","braceright.glif":"braceright.glif","bracketleft.glif":"bracketleft.glif","bracketright.glif":"bracketright.glif","c.glif":"c.glif","colon.glif":"colon.glif","comma.glif":"comma.glif","contents.plist":"contents.plist","d.glif":"d.glif","dieresis.glif":"dieresis.glif","divide.glif":"divide.glif","dollar.glif":"dollar.glif","e.glif":"e.glif","eacute.glif":"eacute.glif","eight.glif":"eight.glif","emdash.glif":"emdash.glif","endash.glif":"endash.glif","equal.glif":"equal.glif","exclam.glif":"exclam.glif","exclamdown.glif":"exclamdown.glif","f.glif":"f.glif","fi.glif":"fi.glif","five.glif":"five.glif","fl.glif":"fl.glif","four.glif":"four.glif","g.glif":"g.glif","greater.glif":"greater.glif","guillemotleft.glif":"guillemotleft.glif","guillemotright.glif":"guillemotright.glif","h.glif":"h.glif","hungarumlaut.glif":"hungarumlaut.glif","hyphen.glif":"hyphen.glif","i.glif":"i.glif","iacute.glif":"iacute.glif","j.glif":"j.glif","k.glif":"k.glif","l.glif":"l.glif","less.glif":"less.glif","m.glif":"m.glif","minus.glif":"minus.glif","multiply.glif":"multiply.glif","n.glif":"n.glif","nine.glif":"nine.glif","nonmarkingreturn.glif":"nonmarkingreturn.glif","ntilde.glif":"ntilde.glif","numbersign.glif":"numbersign.glif","o.glif":"o.glif","oacute.glif":"oacute.glif","one.glif":"one.glif","ordfeminine.glif":"ordfeminine.glif","ordmasculine.glif":"ordmasculine.glif","p.glif":"p.glif","parenleft.glif":"parenleft.glif","parenright.glif":"parenright.glif","percent.glif":"percent.glif","period.glif":"period.glif","plus.glif":"plus.glif","q.glif":"q.glif","question.glif":"question.glif","questiondown.glif":"questiondown.glif","quotedbl.glif":"quotedbl.glif","quotedblleft.glif":"quotedblleft.glif","quotedblright.glif":"quotedblright.glif","quoteleft.glif":"quoteleft.glif","quoteright.glif":"quoteright.glif","quotesingle.glif":"quotesingle.glif","r.glif":"r.glif","s.glif":"s.glif","semicolon.glif":"semicolon.glif","seven.glif":"seven.glif","six.glif":"six.glif","slash.glif":"slash.glif","space.glif":"space.glif","t.glif":"t.glif","three.glif":"three.glif","two.glif":"two.glif","u.glif":"u.glif","uacute.glif":"uacute.glif","underscore.glif":"underscore.glif","v.glif":"v.glif","w.glif":"w.glif","x.glif":"x.glif","y.glif":"y.glif","z.glif":"z.glif","zero.glif":"zero.glif"}},"Font":null,"Table":{"FFTM":{"entryLength":16,"tag":"FFTM","checksum":1947116560,"offset":35832,"length":28},"GDEF":{"entryLength":16,"tag":"GDEF","checksum":11665412,"offset":35800,"length":32},"OS\/2":{"entryLength":16,"tag":"OS\/2","checksum":1470372512,"offset":344,"length":86},"cmap":{"entryLength":16,"tag":"cmap","checksum":691938380,"offset":964,"length":562},"gasp":{"entryLength":16,"tag":"gasp","checksum":4294901763,"offset":35792,"length":8},"glyf":{"entryLength":16,"tag":"glyf","checksum":3709800055,"offset":1796,"length":32896},"head":{"entryLength":16,"tag":"head","checksum":218401459,"offset":220,"length":54},"hhea":{"entryLength":16,"tag":"hhea","checksum":155714779,"offset":276,"length":36},"hmtx":{"entryLength":16,"tag":"hmtx","checksum":616109503,"offset":432,"length":532},"loca":{"entryLength":16,"tag":"loca","checksum":1119642178,"offset":1528,"length":268},"maxp":{"entryLength":16,"tag":"maxp","checksum":16647346,"offset":312,"length":32},"name":{"entryLength":16,"tag":"name","checksum":2841682530,"offset":34692,"length":798},"post":{"entryLength":16,"tag":"post","checksum":354030675,"offset":35492,"length":300}},"UnicodeCharMap":{"0":1,"13":2,"32":3,"33":4,"34":5,"35":6,"36":7,"37":8,"38":9,"39":10,"40":11,"41":12,"42":13,"43":14,"44":15,"45":16,"46":17,"47":18,"48":19,"49":20,"50":21,"51":22,"52":23,"53":24,"54":25,"55":26,"56":27,"57":28,"58":29,"59":30,"60":31,"61":32,"62":33,"63":34,"64":35,"65":36,"66":37,"67":38,"68":39,"69":40,"70":41,"71":42,"72":43,"73":44,"74":45,"75":46,"76":47,"77":48,"78":49,"79":50,"80":51,"81":52,"82":53,"83":54,"84":55,"85":56,"86":57,"87":58,"88":59,"89":60,"90":61,"91":62,"92":63,"93":64,"94":65,"95":66,"97":67,"98":68,"99":69,"100":70,"101":71,"102":72,"103":73,"104":74,"105":75,"106":76,"107":77,"108":78,"109":79,"110":80,"111":81,"112":82,"113":83,"114":84,"115":85,"116":86,"117":87,"118":88,"119":89,"120":90,"121":91,"122":92,"123":93,"124":94,"125":95,"126":96,"161":97,"168":98,"170":99,"171":100,"180":102,"186":103,"187":104,"191":105,"193":106,"199":107,"201":108,"205":109,"209":110,"211":111,"214":112,"215":113,"218":114,"219":115,"220":116,"225":117,"233":118,"237":119,"241":120,"243":121,"247":122,"250":123,"733":132,"8211":124,"8212":125,"8216":128,"8217":129,"8220":126,"8221":127,"8722":101,"64257":130,"64258":131},"Reserves":null,"Names":[],"Nodes":{"ab":{"type":"typal","node":"ab","usage":1,"weight":1},"bc":{"type":"typal","node":"bc","usage":1,"weight":1},"ki":{"type":"typal","node":"ki","usage":1,"weight":1},"ds":{"type":"typal","node":"ds","usage":1,"weight":1},"kid":{"type":"typal","node":"kid","usage":1,"weight":1},"ids":{"type":"typal","node":"ids","usage":1,"weight":1},"abc":{"type":"fixes","node":"abc","usage":1,"weight":1},"kids":{"type":"fixes","node":"kids","usage":1,"weight":1}},"Contributors":[],"FontIdentity":"4e349632db6e8c8218cfeee83034282c","Bytes":3863599,"Networking":[],"barcode":"SmCySKqay51G","referee":"qm6wo"}