{"CSS":{"BrownstoneSSK":"BrownstoneSSK.css"},"FontType":"TrueType","FontCopyright":"Copyright 1993 Southern Software, Inc. All Rights Reserved","FontName":"BrownstoneSSK","FontSubfamily":"Book","FontSubfamilyID":"FontForge 2.0 : BrownstoneSSK : 1-1-2017","FontFullName":"Brownstone SSK","FontVersion":"Version Macromedia Fontograp ","FontWeight":null,"FontPostscriptName":"BrownstoneSSK","Files":{"brownstonessk.afm":"brownstonessk.afm","brownstonessk.bin":"brownstonessk.bin","brownstonessk.cef":"brownstonessk.cef","brownstonessk.cff":"brownstonessk.cff","brownstonessk.cid":"brownstonessk.cid","brownstonessk.dfont":"brownstonessk.dfont","brownstonessk.eot":"brownstonessk.eot","brownstonessk.fon":"brownstonessk.fon","brownstonessk.gai":"brownstonessk.gai","brownstonessk.gsf":"brownstonessk.gsf","brownstonessk.hqx":"brownstonessk.hqx","brownstonessk.ik":"brownstonessk.ik","brownstonessk.mf":"brownstonessk.mf","brownstonessk.otf":"brownstonessk.otf","brownstonessk.pcf":"brownstonessk.pcf","brownstonessk.pf3":"brownstonessk.pf3","brownstonessk.pfa":"brownstonessk.pfa","brownstonessk.pfb":"brownstonessk.pfb","brownstonessk.php":"brownstonessk.php","brownstonessk.pmf":"brownstonessk.pmf","brownstonessk.pt3":"brownstonessk.pt3","brownstonessk.sfd":"brownstonessk.sfd","brownstonessk.svg":"brownstonessk.svg","brownstonessk.t42":"brownstonessk.t42","brownstonessk.ttd":"brownstonessk.ttd","brownstonessk.ttf":"brownstonessk.ttf","brownstonessk.ttg":"brownstonessk.ttg","brownstonessk.ufm":"brownstonessk.ufm","brownstonessk.woff":"brownstonessk.woff","brownstonessk.z":"brownstonessk.z","":{"brownstonessk.afm":"brownstonessk.afm","brownstonessk.bin":"brownstonessk.bin","brownstonessk.cef":"brownstonessk.cef","brownstonessk.cff":"brownstonessk.cff","brownstonessk.cid":"brownstonessk.cid","brownstonessk.dfont":"brownstonessk.dfont","brownstonessk.eot":"brownstonessk.eot","brownstonessk.fon":"brownstonessk.fon","brownstonessk.gai":"brownstonessk.gai","brownstonessk.gsf":"brownstonessk.gsf","brownstonessk.hqx":"brownstonessk.hqx","brownstonessk.ik":"brownstonessk.ik","brownstonessk.mf":"brownstonessk.mf","brownstonessk.otf":"brownstonessk.otf","brownstonessk.pcf":"brownstonessk.pcf","brownstonessk.pf3":"brownstonessk.pf3","brownstonessk.pfa":"brownstonessk.pfa","brownstonessk.pfb":"brownstonessk.pfb","brownstonessk.php":"brownstonessk.php","brownstonessk.pmf":"brownstonessk.pmf","brownstonessk.pt3":"brownstonessk.pt3","brownstonessk.sfd":"brownstonessk.sfd","brownstonessk.svg":"brownstonessk.svg","brownstonessk.t42":"brownstonessk.t42","brownstonessk.ttd":"brownstonessk.ttd","brownstonessk.ttf":"brownstonessk.ttf","brownstonessk.ttg":"brownstonessk.ttg","brownstonessk.ufm":"brownstonessk.ufm","brownstonessk.woff":"brownstonessk.woff","brownstonessk.z":"brownstonessk.z"},"\/brownstonessk.ufo":{"feature.fea":"feature.fea","fontinfo.plist":"fontinfo.plist","groups.plist":"groups.plist","kerning.plist":"kerning.plist","metainfo.plist":"metainfo.plist"},"\/brownstonessk.ufo\/glyphs":{"A_.glif":"A_.glif","A_E_.glif":"A_E_.glif","A_acute.glif":"A_acute.glif","A_circumflex.glif":"A_circumflex.glif","A_dieresis.glif":"A_dieresis.glif","A_grave.glif":"A_grave.glif","A_ring.glif":"A_ring.glif","A_tilde.glif":"A_tilde.glif","B_.glif":"B_.glif","C_.glif":"C_.glif","C_cedilla.glif":"C_cedilla.glif","D_.glif":"D_.glif","E_.glif":"E_.glif","E_acute.glif":"E_acute.glif","E_circumflex.glif":"E_circumflex.glif","E_dieresis.glif":"E_dieresis.glif","E_grave.glif":"E_grave.glif","F_.glif":"F_.glif","G_.glif":"G_.glif","H_.glif":"H_.glif","I_.glif":"I_.glif","I_acute.glif":"I_acute.glif","I_circumflex.glif":"I_circumflex.glif","I_dieresis.glif":"I_dieresis.glif","I_grave.glif":"I_grave.glif","J_.glif":"J_.glif","K_.glif":"K_.glif","L_.glif":"L_.glif","M_.glif":"M_.glif","N_.glif":"N_.glif","N_tilde.glif":"N_tilde.glif","O_.glif":"O_.glif","O_E_.glif":"O_E_.glif","O_acute.glif":"O_acute.glif","O_circumflex.glif":"O_circumflex.glif","O_dieresis.glif":"O_dieresis.glif","O_grave.glif":"O_grave.glif","O_slash.glif":"O_slash.glif","O_tilde.glif":"O_tilde.glif","P_.glif":"P_.glif","Q_.glif":"Q_.glif","R_.glif":"R_.glif","S_.glif":"S_.glif","T_.glif":"T_.glif","U_.glif":"U_.glif","U_acute.glif":"U_acute.glif","U_circumflex.glif":"U_circumflex.glif","U_dieresis.glif":"U_dieresis.glif","U_grave.glif":"U_grave.glif","V_.glif":"V_.glif","W_.glif":"W_.glif","X_.glif":"X_.glif","Y_.glif":"Y_.glif","Y_dieresis.glif":"Y_dieresis.glif","Z_.glif":"Z_.glif","_notdef.glif":"_notdef.glif","_null.glif":"_null.glif","a.glif":"a.glif","aacute.glif":"aacute.glif","acircumflex.glif":"acircumflex.glif","acute.glif":"acute.glif","adieresis.glif":"adieresis.glif","ae.glif":"ae.glif","agrave.glif":"agrave.glif","ampersand.glif":"ampersand.glif","aring.glif":"aring.glif","asciicircum.glif":"asciicircum.glif","asciitilde.glif":"asciitilde.glif","atilde.glif":"atilde.glif","b.glif":"b.glif","backslash.glif":"backslash.glif","bar.glif":"bar.glif","bullet.glif":"bullet.glif","c.glif":"c.glif","ccedilla.glif":"ccedilla.glif","cent.glif":"cent.glif","colon.glif":"colon.glif","comma.glif":"comma.glif","contents.plist":"contents.plist","copyright.glif":"copyright.glif","d.glif":"d.glif","degree.glif":"degree.glif","dieresis.glif":"dieresis.glif","dollar.glif":"dollar.glif","e.glif":"e.glif","eacute.glif":"eacute.glif","ecircumflex.glif":"ecircumflex.glif","edieresis.glif":"edieresis.glif","egrave.glif":"egrave.glif","eight.glif":"eight.glif","emdash.glif":"emdash.glif","endash.glif":"endash.glif","equal.glif":"equal.glif","exclam.glif":"exclam.glif","exclamdown.glif":"exclamdown.glif","f.glif":"f.glif","fi.glif":"fi.glif","five.glif":"five.glif","fl.glif":"fl.glif","four.glif":"four.glif","fraction.glif":"fraction.glif","g.glif":"g.glif","glyph171.glif":"glyph171.glif","grave.glif":"grave.glif","h.glif":"h.glif","hyphen.glif":"hyphen.glif","i.glif":"i.glif","iacute.glif":"iacute.glif","icircumflex.glif":"icircumflex.glif","idieresis.glif":"idieresis.glif","igrave.glif":"igrave.glif","j.glif":"j.glif","k.glif":"k.glif","l.glif":"l.glif","m.glif":"m.glif","n.glif":"n.glif","nine.glif":"nine.glif","nonbreakingspace.glif":"nonbreakingspace.glif","nonmarkingreturn.glif":"nonmarkingreturn.glif","notequal.glif":"notequal.glif","ntilde.glif":"ntilde.glif","o.glif":"o.glif","oacute.glif":"oacute.glif","ocircumflex.glif":"ocircumflex.glif","odieresis.glif":"odieresis.glif","ograve.glif":"ograve.glif","one.glif":"one.glif","oslash.glif":"oslash.glif","otilde.glif":"otilde.glif","p.glif":"p.glif","paragraph.glif":"paragraph.glif","parenleft.glif":"parenleft.glif","parenright.glif":"parenright.glif","percent.glif":"percent.glif","period.glif":"period.glif","perthousand.glif":"perthousand.glif","plus.glif":"plus.glif","q.glif":"q.glif","question.glif":"question.glif","questiondown.glif":"questiondown.glif","quotedbl.glif":"quotedbl.glif","quotedblbase.glif":"quotedblbase.glif","quotedblleft.glif":"quotedblleft.glif","quotedblright.glif":"quotedblright.glif","quoteleft.glif":"quoteleft.glif","quoteright.glif":"quoteright.glif","quotesinglbase.glif":"quotesinglbase.glif","quotesingle.glif":"quotesingle.glif","r.glif":"r.glif","registered.glif":"registered.glif","ring.glif":"ring.glif","s.glif":"s.glif","semicolon.glif":"semicolon.glif","seven.glif":"seven.glif","six.glif":"six.glif","slash.glif":"slash.glif","space.glif":"space.glif","t.glif":"t.glif","three.glif":"three.glif","trademark.glif":"trademark.glif","two.glif":"two.glif","u.glif":"u.glif","uacute.glif":"uacute.glif","ucircumflex.glif":"ucircumflex.glif","udieresis.glif":"udieresis.glif","ugrave.glif":"ugrave.glif","v.glif":"v.glif","w.glif":"w.glif","x.glif":"x.glif","y.glif":"y.glif","ydieresis.glif":"ydieresis.glif","z.glif":"z.glif","zero.glif":"zero.glif"}},"Font":{"uploaded":1483217360.0663,"licence":"gpl3","company":"Chronolabs Cooperative","title":"Brownstone SSK","version":2.001,"date":"Sun Aug 28 07:56:43 2016","creator":"root","type":"1","matrix":"0.001 0 0 0.001 0 0","named":"BrownstoneSSK","painttype":"0","info":"10 dict dup","name":"BrownstoneSSK","family":"BrownstoneSSK","weight":"Book","fstype":"1","italicangle":"0","underlineposition":"","underlinethickness":""},"Table":{"FFTM":{"entryLength":16,"tag":"FFTM","checksum":1947016456,"offset":18852,"length":28},"GDEF":{"entryLength":16,"tag":"GDEF","checksum":14221316,"offset":18820,"length":32},"OS\/2":{"entryLength":16,"tag":"OS\/2","checksum":1450449310,"offset":344,"length":86},"cmap":{"entryLength":16,"tag":"cmap","checksum":2393314520,"offset":1120,"length":630},"gasp":{"entryLength":16,"tag":"gasp","checksum":4294901763,"offset":18812,"length":8},"glyf":{"entryLength":16,"tag":"glyf","checksum":2421030710,"offset":2100,"length":15616},"head":{"entryLength":16,"tag":"head","checksum":189460970,"offset":220,"length":54},"hhea":{"entryLength":16,"tag":"hhea","checksum":115475230,"offset":276,"length":36},"hmtx":{"entryLength":16,"tag":"hmtx","checksum":121901496,"offset":432,"length":688},"loca":{"entryLength":16,"tag":"loca","checksum":378865608,"offset":1752,"length":346},"maxp":{"entryLength":16,"tag":"maxp","checksum":16056447,"offset":312,"length":32},"name":{"entryLength":16,"tag":"name","checksum":4292176789,"offset":17716,"length":705},"post":{"entryLength":16,"tag":"post","checksum":3222588181,"offset":18424,"length":387}},"UnicodeCharMap":{"0":1,"13":2,"32":3,"33":4,"34":5,"36":6,"37":7,"38":8,"39":9,"40":10,"41":11,"43":12,"44":13,"45":14,"46":15,"47":16,"48":17,"49":18,"50":19,"51":20,"52":21,"53":22,"54":23,"55":24,"56":25,"57":26,"58":27,"59":28,"61":29,"63":30,"65":31,"66":32,"67":33,"68":34,"69":35,"70":36,"71":37,"72":38,"73":39,"74":40,"75":41,"76":42,"77":43,"78":44,"79":45,"80":46,"81":47,"82":48,"83":49,"84":50,"85":51,"86":52,"87":53,"88":54,"89":55,"90":56,"92":57,"94":58,"96":59,"97":60,"98":61,"99":62,"100":63,"101":64,"102":65,"103":66,"104":67,"105":68,"106":69,"107":70,"108":71,"109":72,"110":73,"111":74,"112":75,"113":76,"114":77,"115":78,"116":79,"117":80,"118":81,"119":82,"120":83,"121":84,"122":85,"124":86,"126":87,"160":88,"161":89,"162":90,"168":91,"169":92,"174":93,"176":94,"180":95,"182":96,"191":97,"192":98,"193":99,"194":100,"195":101,"196":102,"197":103,"198":104,"199":105,"200":106,"201":107,"202":108,"203":109,"204":110,"205":111,"206":112,"207":113,"209":114,"210":115,"211":116,"212":117,"213":118,"214":119,"216":120,"217":121,"218":122,"219":123,"220":124,"224":125,"225":126,"226":127,"227":128,"228":129,"229":130,"230":131,"231":132,"232":133,"233":134,"234":135,"235":136,"236":137,"237":138,"238":139,"239":140,"241":141,"242":142,"243":143,"244":144,"245":145,"246":146,"248":147,"249":148,"250":149,"251":150,"252":151,"255":152,"338":155,"376":162,"730":170,"8211":156,"8212":157,"8216":160,"8217":161,"8218":163,"8220":158,"8221":159,"8222":164,"8226":153,"8240":165,"8260":167,"8482":154,"8800":166,"64257":168,"64258":169},"Reserves":null,"Names":[],"Nodes":{"br":{"type":"typal","node":"br","usage":1,"weight":1},"ne":{"type":"typal","node":"ne","usage":1,"weight":1},"ss":{"type":"typal","node":"ss","usage":1,"weight":1},"sk":{"type":"typal","node":"sk","usage":1,"weight":1},"bro":{"type":"typal","node":"bro","usage":1,"weight":1},"one":{"type":"typal","node":"one","usage":1,"weight":1},"brow":{"type":"keys","node":"brow","usage":1,"weight":1},"tone":{"type":"keys","node":"tone","usage":1,"weight":1},"brown":{"type":"keys","node":"brown","usage":1,"weight":1},"stone":{"type":"keys","node":"stone","usage":1,"weight":1},"brownstone":{"type":"fixes","node":"brownstone","usage":1,"weight":1},"ssk":{"type":"fixes","node":"ssk","usage":1,"weight":1}},"Contributors":[],"FontIdentity":"969a4f02d92b090c64fad7e22fdc4502","Bytes":1964859,"Networking":[],"barcode":"qocykagoammmy","referee":"8gymwo"}