{"CSS":{"Gascogne-Bold":"Gascogne-Bold.css","Gascogne Bold":"doofeu1:15720e4ccd397d6e79391839.css"},"FontType":"TrueType","FontCopyright":"(C) 1993 B & P Graphics, Ltd.","FontName":"Gascogne-Bold","FontSubfamily":"Bold","FontSubfamilyID":"FontForge 2.0 : Gascogne-Bold : 29-8-2016","FontFullName":"Gascogne Bold","FontVersion":"Version B & P Graphics Ltd.: ","FontWeight":null,"FontPostscriptName":"Gascogne-Bold","Files":{"\/Gascogne-Bold.css":"\/Gascogne-Bold.css","\/font-resource.json":"\/font-resource.json","\/gascogne-bold.afm":"\/gascogne-bold.afm","\/gascogne-bold.cef":"\/gascogne-bold.cef","\/gascogne-bold.cff":"\/gascogne-bold.cff","\/gascogne-bold.eot":"\/gascogne-bold.eot","\/gascogne-bold.gai":"\/gascogne-bold.gai","\/gascogne-bold.gsf":"\/gascogne-bold.gsf","\/gascogne-bold.otf":"\/gascogne-bold.otf","\/gascogne-bold.pf3":"\/gascogne-bold.pf3","\/gascogne-bold.pfa":"\/gascogne-bold.pfa","\/gascogne-bold.pfb":"\/gascogne-bold.pfb","\/gascogne-bold.php":"\/gascogne-bold.php","\/gascogne-bold.pt3":"\/gascogne-bold.pt3","\/gascogne-bold.sfd":"\/gascogne-bold.sfd","\/gascogne-bold.svg":"\/gascogne-bold.svg","\/gascogne-bold.t42":"\/gascogne-bold.t42","\/gascogne-bold.ttd":"\/gascogne-bold.ttd","\/gascogne-bold.ttf":"\/gascogne-bold.ttf","\/gascogne-bold.ttg":"\/gascogne-bold.ttg","\/gascogne-bold.ufm":"\/gascogne-bold.ufm","\/gascogne-bold.woff":"\/gascogne-bold.woff","\/gascogne-bold.z":"\/gascogne-bold.z","\/gascogne-bold.ufo\/feature.fea":"\/gascogne-bold.ufo\/feature.fea","\/gascogne-bold.ufo\/fontinfo.plist":"\/gascogne-bold.ufo\/fontinfo.plist","\/gascogne-bold.ufo\/groups.plist":"\/gascogne-bold.ufo\/groups.plist","\/gascogne-bold.ufo\/kerning.plist":"\/gascogne-bold.ufo\/kerning.plist","\/gascogne-bold.ufo\/metainfo.plist":"\/gascogne-bold.ufo\/metainfo.plist","\/gascogne-bold.ufo\/glyphs\/A_.glif":"\/gascogne-bold.ufo\/glyphs\/A_.glif","\/gascogne-bold.ufo\/glyphs\/A_E_.glif":"\/gascogne-bold.ufo\/glyphs\/A_E_.glif","\/gascogne-bold.ufo\/glyphs\/A_acute.glif":"\/gascogne-bold.ufo\/glyphs\/A_acute.glif","\/gascogne-bold.ufo\/glyphs\/A_circumflex.glif":"\/gascogne-bold.ufo\/glyphs\/A_circumflex.glif","\/gascogne-bold.ufo\/glyphs\/A_dieresis.glif":"\/gascogne-bold.ufo\/glyphs\/A_dieresis.glif","\/gascogne-bold.ufo\/glyphs\/A_grave.glif":"\/gascogne-bold.ufo\/glyphs\/A_grave.glif","\/gascogne-bold.ufo\/glyphs\/A_ring.glif":"\/gascogne-bold.ufo\/glyphs\/A_ring.glif","\/gascogne-bold.ufo\/glyphs\/A_tilde.glif":"\/gascogne-bold.ufo\/glyphs\/A_tilde.glif","\/gascogne-bold.ufo\/glyphs\/B_.glif":"\/gascogne-bold.ufo\/glyphs\/B_.glif","\/gascogne-bold.ufo\/glyphs\/C_.glif":"\/gascogne-bold.ufo\/glyphs\/C_.glif","\/gascogne-bold.ufo\/glyphs\/C_cedilla.glif":"\/gascogne-bold.ufo\/glyphs\/C_cedilla.glif","\/gascogne-bold.ufo\/glyphs\/D_.glif":"\/gascogne-bold.ufo\/glyphs\/D_.glif","\/gascogne-bold.ufo\/glyphs\/D_elta.glif":"\/gascogne-bold.ufo\/glyphs\/D_elta.glif","\/gascogne-bold.ufo\/glyphs\/E_.glif":"\/gascogne-bold.ufo\/glyphs\/E_.glif","\/gascogne-bold.ufo\/glyphs\/E_acute.glif":"\/gascogne-bold.ufo\/glyphs\/E_acute.glif","\/gascogne-bold.ufo\/glyphs\/E_circumflex.glif":"\/gascogne-bold.ufo\/glyphs\/E_circumflex.glif","\/gascogne-bold.ufo\/glyphs\/E_dieresis.glif":"\/gascogne-bold.ufo\/glyphs\/E_dieresis.glif","\/gascogne-bold.ufo\/glyphs\/E_grave.glif":"\/gascogne-bold.ufo\/glyphs\/E_grave.glif","\/gascogne-bold.ufo\/glyphs\/F_.glif":"\/gascogne-bold.ufo\/glyphs\/F_.glif","\/gascogne-bold.ufo\/glyphs\/G_.glif":"\/gascogne-bold.ufo\/glyphs\/G_.glif","\/gascogne-bold.ufo\/glyphs\/H_.glif":"\/gascogne-bold.ufo\/glyphs\/H_.glif","\/gascogne-bold.ufo\/glyphs\/I_.glif":"\/gascogne-bold.ufo\/glyphs\/I_.glif","\/gascogne-bold.ufo\/glyphs\/I_acute.glif":"\/gascogne-bold.ufo\/glyphs\/I_acute.glif","\/gascogne-bold.ufo\/glyphs\/I_circumflex.glif":"\/gascogne-bold.ufo\/glyphs\/I_circumflex.glif","\/gascogne-bold.ufo\/glyphs\/I_dieresis.glif":"\/gascogne-bold.ufo\/glyphs\/I_dieresis.glif","\/gascogne-bold.ufo\/glyphs\/I_grave.glif":"\/gascogne-bold.ufo\/glyphs\/I_grave.glif","\/gascogne-bold.ufo\/glyphs\/J_.glif":"\/gascogne-bold.ufo\/glyphs\/J_.glif","\/gascogne-bold.ufo\/glyphs\/K_.glif":"\/gascogne-bold.ufo\/glyphs\/K_.glif","\/gascogne-bold.ufo\/glyphs\/L_.glif":"\/gascogne-bold.ufo\/glyphs\/L_.glif","\/gascogne-bold.ufo\/glyphs\/M_.glif":"\/gascogne-bold.ufo\/glyphs\/M_.glif","\/gascogne-bold.ufo\/glyphs\/N_.glif":"\/gascogne-bold.ufo\/glyphs\/N_.glif","\/gascogne-bold.ufo\/glyphs\/N_tilde.glif":"\/gascogne-bold.ufo\/glyphs\/N_tilde.glif","\/gascogne-bold.ufo\/glyphs\/O_.glif":"\/gascogne-bold.ufo\/glyphs\/O_.glif","\/gascogne-bold.ufo\/glyphs\/O_E_.glif":"\/gascogne-bold.ufo\/glyphs\/O_E_.glif","\/gascogne-bold.ufo\/glyphs\/O_acute.glif":"\/gascogne-bold.ufo\/glyphs\/O_acute.glif","\/gascogne-bold.ufo\/glyphs\/O_circumflex.glif":"\/gascogne-bold.ufo\/glyphs\/O_circumflex.glif","\/gascogne-bold.ufo\/glyphs\/O_dieresis.glif":"\/gascogne-bold.ufo\/glyphs\/O_dieresis.glif","\/gascogne-bold.ufo\/glyphs\/O_grave.glif":"\/gascogne-bold.ufo\/glyphs\/O_grave.glif","\/gascogne-bold.ufo\/glyphs\/O_mega.glif":"\/gascogne-bold.ufo\/glyphs\/O_mega.glif","\/gascogne-bold.ufo\/glyphs\/O_slash.glif":"\/gascogne-bold.ufo\/glyphs\/O_slash.glif","\/gascogne-bold.ufo\/glyphs\/O_tilde.glif":"\/gascogne-bold.ufo\/glyphs\/O_tilde.glif","\/gascogne-bold.ufo\/glyphs\/P_.glif":"\/gascogne-bold.ufo\/glyphs\/P_.glif","\/gascogne-bold.ufo\/glyphs\/Q_.glif":"\/gascogne-bold.ufo\/glyphs\/Q_.glif","\/gascogne-bold.ufo\/glyphs\/R_.glif":"\/gascogne-bold.ufo\/glyphs\/R_.glif","\/gascogne-bold.ufo\/glyphs\/S_.glif":"\/gascogne-bold.ufo\/glyphs\/S_.glif","\/gascogne-bold.ufo\/glyphs\/T_.glif":"\/gascogne-bold.ufo\/glyphs\/T_.glif","\/gascogne-bold.ufo\/glyphs\/U_.glif":"\/gascogne-bold.ufo\/glyphs\/U_.glif","\/gascogne-bold.ufo\/glyphs\/U_acute.glif":"\/gascogne-bold.ufo\/glyphs\/U_acute.glif","\/gascogne-bold.ufo\/glyphs\/U_circumflex.glif":"\/gascogne-bold.ufo\/glyphs\/U_circumflex.glif","\/gascogne-bold.ufo\/glyphs\/U_dieresis.glif":"\/gascogne-bold.ufo\/glyphs\/U_dieresis.glif","\/gascogne-bold.ufo\/glyphs\/U_grave.glif":"\/gascogne-bold.ufo\/glyphs\/U_grave.glif","\/gascogne-bold.ufo\/glyphs\/V_.glif":"\/gascogne-bold.ufo\/glyphs\/V_.glif","\/gascogne-bold.ufo\/glyphs\/W_.glif":"\/gascogne-bold.ufo\/glyphs\/W_.glif","\/gascogne-bold.ufo\/glyphs\/X_.glif":"\/gascogne-bold.ufo\/glyphs\/X_.glif","\/gascogne-bold.ufo\/glyphs\/Y_.glif":"\/gascogne-bold.ufo\/glyphs\/Y_.glif","\/gascogne-bold.ufo\/glyphs\/Y_dieresis.glif":"\/gascogne-bold.ufo\/glyphs\/Y_dieresis.glif","\/gascogne-bold.ufo\/glyphs\/Z_.glif":"\/gascogne-bold.ufo\/glyphs\/Z_.glif","\/gascogne-bold.ufo\/glyphs\/_notdef.glif":"\/gascogne-bold.ufo\/glyphs\/_notdef.glif","\/gascogne-bold.ufo\/glyphs\/_null.glif":"\/gascogne-bold.ufo\/glyphs\/_null.glif","\/gascogne-bold.ufo\/glyphs\/a.glif":"\/gascogne-bold.ufo\/glyphs\/a.glif","\/gascogne-bold.ufo\/glyphs\/aacute.glif":"\/gascogne-bold.ufo\/glyphs\/aacute.glif","\/gascogne-bold.ufo\/glyphs\/acircumflex.glif":"\/gascogne-bold.ufo\/glyphs\/acircumflex.glif","\/gascogne-bold.ufo\/glyphs\/acute.glif":"\/gascogne-bold.ufo\/glyphs\/acute.glif","\/gascogne-bold.ufo\/glyphs\/adieresis.glif":"\/gascogne-bold.ufo\/glyphs\/adieresis.glif","\/gascogne-bold.ufo\/glyphs\/ae.glif":"\/gascogne-bold.ufo\/glyphs\/ae.glif","\/gascogne-bold.ufo\/glyphs\/agrave.glif":"\/gascogne-bold.ufo\/glyphs\/agrave.glif","\/gascogne-bold.ufo\/glyphs\/ampersand.glif":"\/gascogne-bold.ufo\/glyphs\/ampersand.glif","\/gascogne-bold.ufo\/glyphs\/apple.glif":"\/gascogne-bold.ufo\/glyphs\/apple.glif","\/gascogne-bold.ufo\/glyphs\/approxequal.glif":"\/gascogne-bold.ufo\/glyphs\/approxequal.glif","\/gascogne-bold.ufo\/glyphs\/aring.glif":"\/gascogne-bold.ufo\/glyphs\/aring.glif","\/gascogne-bold.ufo\/glyphs\/asciicircum.glif":"\/gascogne-bold.ufo\/glyphs\/asciicircum.glif","\/gascogne-bold.ufo\/glyphs\/asciitilde.glif":"\/gascogne-bold.ufo\/glyphs\/asciitilde.glif","\/gascogne-bold.ufo\/glyphs\/asterisk.glif":"\/gascogne-bold.ufo\/glyphs\/asterisk.glif","\/gascogne-bold.ufo\/glyphs\/at.glif":"\/gascogne-bold.ufo\/glyphs\/at.glif","\/gascogne-bold.ufo\/glyphs\/atilde.glif":"\/gascogne-bold.ufo\/glyphs\/atilde.glif","\/gascogne-bold.ufo\/glyphs\/b.glif":"\/gascogne-bold.ufo\/glyphs\/b.glif","\/gascogne-bold.ufo\/glyphs\/backslash.glif":"\/gascogne-bold.ufo\/glyphs\/backslash.glif","\/gascogne-bold.ufo\/glyphs\/bar.glif":"\/gascogne-bold.ufo\/glyphs\/bar.glif","\/gascogne-bold.ufo\/glyphs\/braceleft.glif":"\/gascogne-bold.ufo\/glyphs\/braceleft.glif","\/gascogne-bold.ufo\/glyphs\/braceright.glif":"\/gascogne-bold.ufo\/glyphs\/braceright.glif","\/gascogne-bold.ufo\/glyphs\/bracketleft.glif":"\/gascogne-bold.ufo\/glyphs\/bracketleft.glif","\/gascogne-bold.ufo\/glyphs\/bracketright.glif":"\/gascogne-bold.ufo\/glyphs\/bracketright.glif","\/gascogne-bold.ufo\/glyphs\/breve.glif":"\/gascogne-bold.ufo\/glyphs\/breve.glif","\/gascogne-bold.ufo\/glyphs\/bullet.glif":"\/gascogne-bold.ufo\/glyphs\/bullet.glif","\/gascogne-bold.ufo\/glyphs\/c.glif":"\/gascogne-bold.ufo\/glyphs\/c.glif","\/gascogne-bold.ufo\/glyphs\/c128.glif":"\/gascogne-bold.ufo\/glyphs\/c128.glif","\/gascogne-bold.ufo\/glyphs\/c293.glif":"\/gascogne-bold.ufo\/glyphs\/c293.glif","\/gascogne-bold.ufo\/glyphs\/c294.glif":"\/gascogne-bold.ufo\/glyphs\/c294.glif","\/gascogne-bold.ufo\/glyphs\/c295.glif":"\/gascogne-bold.ufo\/glyphs\/c295.glif","\/gascogne-bold.ufo\/glyphs\/c296.glif":"\/gascogne-bold.ufo\/glyphs\/c296.glif","\/gascogne-bold.ufo\/glyphs\/caron.glif":"\/gascogne-bold.ufo\/glyphs\/caron.glif","\/gascogne-bold.ufo\/glyphs\/ccedilla.glif":"\/gascogne-bold.ufo\/glyphs\/ccedilla.glif","\/gascogne-bold.ufo\/glyphs\/cedilla.glif":"\/gascogne-bold.ufo\/glyphs\/cedilla.glif","\/gascogne-bold.ufo\/glyphs\/cent.glif":"\/gascogne-bold.ufo\/glyphs\/cent.glif","\/gascogne-bold.ufo\/glyphs\/circumflex.glif":"\/gascogne-bold.ufo\/glyphs\/circumflex.glif","\/gascogne-bold.ufo\/glyphs\/colon.glif":"\/gascogne-bold.ufo\/glyphs\/colon.glif","\/gascogne-bold.ufo\/glyphs\/comma.glif":"\/gascogne-bold.ufo\/glyphs\/comma.glif","\/gascogne-bold.ufo\/glyphs\/contents.plist":"\/gascogne-bold.ufo\/glyphs\/contents.plist","\/gascogne-bold.ufo\/glyphs\/copyright.glif":"\/gascogne-bold.ufo\/glyphs\/copyright.glif","\/gascogne-bold.ufo\/glyphs\/currency.glif":"\/gascogne-bold.ufo\/glyphs\/currency.glif","\/gascogne-bold.ufo\/glyphs\/d.glif":"\/gascogne-bold.ufo\/glyphs\/d.glif","\/gascogne-bold.ufo\/glyphs\/dagger.glif":"\/gascogne-bold.ufo\/glyphs\/dagger.glif","\/gascogne-bold.ufo\/glyphs\/daggerdbl.glif":"\/gascogne-bold.ufo\/glyphs\/daggerdbl.glif","\/gascogne-bold.ufo\/glyphs\/dieresis.glif":"\/gascogne-bold.ufo\/glyphs\/dieresis.glif","\/gascogne-bold.ufo\/glyphs\/divide.glif":"\/gascogne-bold.ufo\/glyphs\/divide.glif","\/gascogne-bold.ufo\/glyphs\/dollar.glif":"\/gascogne-bold.ufo\/glyphs\/dollar.glif","\/gascogne-bold.ufo\/glyphs\/dotaccent.glif":"\/gascogne-bold.ufo\/glyphs\/dotaccent.glif","\/gascogne-bold.ufo\/glyphs\/dotlessi.glif":"\/gascogne-bold.ufo\/glyphs\/dotlessi.glif","\/gascogne-bold.ufo\/glyphs\/e.glif":"\/gascogne-bold.ufo\/glyphs\/e.glif","\/gascogne-bold.ufo\/glyphs\/eacute.glif":"\/gascogne-bold.ufo\/glyphs\/eacute.glif","\/gascogne-bold.ufo\/glyphs\/ecircumflex.glif":"\/gascogne-bold.ufo\/glyphs\/ecircumflex.glif","\/gascogne-bold.ufo\/glyphs\/edieresis.glif":"\/gascogne-bold.ufo\/glyphs\/edieresis.glif","\/gascogne-bold.ufo\/glyphs\/egrave.glif":"\/gascogne-bold.ufo\/glyphs\/egrave.glif","\/gascogne-bold.ufo\/glyphs\/eight.glif":"\/gascogne-bold.ufo\/glyphs\/eight.glif","\/gascogne-bold.ufo\/glyphs\/ellipsis.glif":"\/gascogne-bold.ufo\/glyphs\/ellipsis.glif","\/gascogne-bold.ufo\/glyphs\/emdash.glif":"\/gascogne-bold.ufo\/glyphs\/emdash.glif","\/gascogne-bold.ufo\/glyphs\/endash.glif":"\/gascogne-bold.ufo\/glyphs\/endash.glif","\/gascogne-bold.ufo\/glyphs\/equal.glif":"\/gascogne-bold.ufo\/glyphs\/equal.glif","\/gascogne-bold.ufo\/glyphs\/exclam.glif":"\/gascogne-bold.ufo\/glyphs\/exclam.glif","\/gascogne-bold.ufo\/glyphs\/exclamdown.glif":"\/gascogne-bold.ufo\/glyphs\/exclamdown.glif","\/gascogne-bold.ufo\/glyphs\/f.glif":"\/gascogne-bold.ufo\/glyphs\/f.glif","\/gascogne-bold.ufo\/glyphs\/fi.glif":"\/gascogne-bold.ufo\/glyphs\/fi.glif","\/gascogne-bold.ufo\/glyphs\/five.glif":"\/gascogne-bold.ufo\/glyphs\/five.glif","\/gascogne-bold.ufo\/glyphs\/fl.glif":"\/gascogne-bold.ufo\/glyphs\/fl.glif","\/gascogne-bold.ufo\/glyphs\/florin.glif":"\/gascogne-bold.ufo\/glyphs\/florin.glif","\/gascogne-bold.ufo\/glyphs\/four.glif":"\/gascogne-bold.ufo\/glyphs\/four.glif","\/gascogne-bold.ufo\/glyphs\/fraction.glif":"\/gascogne-bold.ufo\/glyphs\/fraction.glif","\/gascogne-bold.ufo\/glyphs\/g.glif":"\/gascogne-bold.ufo\/glyphs\/g.glif","\/gascogne-bold.ufo\/glyphs\/germandbls.glif":"\/gascogne-bold.ufo\/glyphs\/germandbls.glif","\/gascogne-bold.ufo\/glyphs\/grave.glif":"\/gascogne-bold.ufo\/glyphs\/grave.glif","\/gascogne-bold.ufo\/glyphs\/greater.glif":"\/gascogne-bold.ufo\/glyphs\/greater.glif","\/gascogne-bold.ufo\/glyphs\/greaterequal.glif":"\/gascogne-bold.ufo\/glyphs\/greaterequal.glif","\/gascogne-bold.ufo\/glyphs\/guillemotleft.glif":"\/gascogne-bold.ufo\/glyphs\/guillemotleft.glif","\/gascogne-bold.ufo\/glyphs\/guillemotright.glif":"\/gascogne-bold.ufo\/glyphs\/guillemotright.glif","\/gascogne-bold.ufo\/glyphs\/guilsinglleft.glif":"\/gascogne-bold.ufo\/glyphs\/guilsinglleft.glif","\/gascogne-bold.ufo\/glyphs\/guilsinglright.glif":"\/gascogne-bold.ufo\/glyphs\/guilsinglright.glif","\/gascogne-bold.ufo\/glyphs\/h.glif":"\/gascogne-bold.ufo\/glyphs\/h.glif","\/gascogne-bold.ufo\/glyphs\/hungarumlaut.glif":"\/gascogne-bold.ufo\/glyphs\/hungarumlaut.glif","\/gascogne-bold.ufo\/glyphs\/hyphen.glif":"\/gascogne-bold.ufo\/glyphs\/hyphen.glif","\/gascogne-bold.ufo\/glyphs\/i.glif":"\/gascogne-bold.ufo\/glyphs\/i.glif","\/gascogne-bold.ufo\/glyphs\/iacute.glif":"\/gascogne-bold.ufo\/glyphs\/iacute.glif","\/gascogne-bold.ufo\/glyphs\/icircumflex.glif":"\/gascogne-bold.ufo\/glyphs\/icircumflex.glif","\/gascogne-bold.ufo\/glyphs\/idieresis.glif":"\/gascogne-bold.ufo\/glyphs\/idieresis.glif","\/gascogne-bold.ufo\/glyphs\/igrave.glif":"\/gascogne-bold.ufo\/glyphs\/igrave.glif","\/gascogne-bold.ufo\/glyphs\/infinity.glif":"\/gascogne-bold.ufo\/glyphs\/infinity.glif","\/gascogne-bold.ufo\/glyphs\/integral.glif":"\/gascogne-bold.ufo\/glyphs\/integral.glif","\/gascogne-bold.ufo\/glyphs\/j.glif":"\/gascogne-bold.ufo\/glyphs\/j.glif","\/gascogne-bold.ufo\/glyphs\/k.glif":"\/gascogne-bold.ufo\/glyphs\/k.glif","\/gascogne-bold.ufo\/glyphs\/l.glif":"\/gascogne-bold.ufo\/glyphs\/l.glif","\/gascogne-bold.ufo\/glyphs\/less.glif":"\/gascogne-bold.ufo\/glyphs\/less.glif","\/gascogne-bold.ufo\/glyphs\/lessequal.glif":"\/gascogne-bold.ufo\/glyphs\/lessequal.glif","\/gascogne-bold.ufo\/glyphs\/logicalnot.glif":"\/gascogne-bold.ufo\/glyphs\/logicalnot.glif","\/gascogne-bold.ufo\/glyphs\/lozenge.glif":"\/gascogne-bold.ufo\/glyphs\/lozenge.glif","\/gascogne-bold.ufo\/glyphs\/m.glif":"\/gascogne-bold.ufo\/glyphs\/m.glif","\/gascogne-bold.ufo\/glyphs\/macron.glif":"\/gascogne-bold.ufo\/glyphs\/macron.glif","\/gascogne-bold.ufo\/glyphs\/mu.glif":"\/gascogne-bold.ufo\/glyphs\/mu.glif","\/gascogne-bold.ufo\/glyphs\/n.glif":"\/gascogne-bold.ufo\/glyphs\/n.glif","\/gascogne-bold.ufo\/glyphs\/nine.glif":"\/gascogne-bold.ufo\/glyphs\/nine.glif","\/gascogne-bold.ufo\/glyphs\/nonbreakingspace.glif":"\/gascogne-bold.ufo\/glyphs\/nonbreakingspace.glif","\/gascogne-bold.ufo\/glyphs\/nonmarkingreturn.glif":"\/gascogne-bold.ufo\/glyphs\/nonmarkingreturn.glif","\/gascogne-bold.ufo\/glyphs\/notequal.glif":"\/gascogne-bold.ufo\/glyphs\/notequal.glif","\/gascogne-bold.ufo\/glyphs\/ntilde.glif":"\/gascogne-bold.ufo\/glyphs\/ntilde.glif","\/gascogne-bold.ufo\/glyphs\/numbersign.glif":"\/gascogne-bold.ufo\/glyphs\/numbersign.glif","\/gascogne-bold.ufo\/glyphs\/o.glif":"\/gascogne-bold.ufo\/glyphs\/o.glif","\/gascogne-bold.ufo\/glyphs\/oacute.glif":"\/gascogne-bold.ufo\/glyphs\/oacute.glif","\/gascogne-bold.ufo\/glyphs\/ocircumflex.glif":"\/gascogne-bold.ufo\/glyphs\/ocircumflex.glif","\/gascogne-bold.ufo\/glyphs\/odieresis.glif":"\/gascogne-bold.ufo\/glyphs\/odieresis.glif","\/gascogne-bold.ufo\/glyphs\/oe.glif":"\/gascogne-bold.ufo\/glyphs\/oe.glif","\/gascogne-bold.ufo\/glyphs\/ogonek.glif":"\/gascogne-bold.ufo\/glyphs\/ogonek.glif","\/gascogne-bold.ufo\/glyphs\/ograve.glif":"\/gascogne-bold.ufo\/glyphs\/ograve.glif","\/gascogne-bold.ufo\/glyphs\/one.glif":"\/gascogne-bold.ufo\/glyphs\/one.glif","\/gascogne-bold.ufo\/glyphs\/ordfeminine.glif":"\/gascogne-bold.ufo\/glyphs\/ordfeminine.glif","\/gascogne-bold.ufo\/glyphs\/ordmasculine.glif":"\/gascogne-bold.ufo\/glyphs\/ordmasculine.glif","\/gascogne-bold.ufo\/glyphs\/oslash.glif":"\/gascogne-bold.ufo\/glyphs\/oslash.glif","\/gascogne-bold.ufo\/glyphs\/otilde.glif":"\/gascogne-bold.ufo\/glyphs\/otilde.glif","\/gascogne-bold.ufo\/glyphs\/p.glif":"\/gascogne-bold.ufo\/glyphs\/p.glif","\/gascogne-bold.ufo\/glyphs\/paragraph.glif":"\/gascogne-bold.ufo\/glyphs\/paragraph.glif","\/gascogne-bold.ufo\/glyphs\/parenleft.glif":"\/gascogne-bold.ufo\/glyphs\/parenleft.glif","\/gascogne-bold.ufo\/glyphs\/parenright.glif":"\/gascogne-bold.ufo\/glyphs\/parenright.glif","\/gascogne-bold.ufo\/glyphs\/partialdiff.glif":"\/gascogne-bold.ufo\/glyphs\/partialdiff.glif","\/gascogne-bold.ufo\/glyphs\/percent.glif":"\/gascogne-bold.ufo\/glyphs\/percent.glif","\/gascogne-bold.ufo\/glyphs\/period.glif":"\/gascogne-bold.ufo\/glyphs\/period.glif","\/gascogne-bold.ufo\/glyphs\/periodcentered.glif":"\/gascogne-bold.ufo\/glyphs\/periodcentered.glif","\/gascogne-bold.ufo\/glyphs\/perthousand.glif":"\/gascogne-bold.ufo\/glyphs\/perthousand.glif","\/gascogne-bold.ufo\/glyphs\/pi.glif":"\/gascogne-bold.ufo\/glyphs\/pi.glif","\/gascogne-bold.ufo\/glyphs\/plus.glif":"\/gascogne-bold.ufo\/glyphs\/plus.glif","\/gascogne-bold.ufo\/glyphs\/plusminus.glif":"\/gascogne-bold.ufo\/glyphs\/plusminus.glif","\/gascogne-bold.ufo\/glyphs\/product.glif":"\/gascogne-bold.ufo\/glyphs\/product.glif","\/gascogne-bold.ufo\/glyphs\/q.glif":"\/gascogne-bold.ufo\/glyphs\/q.glif","\/gascogne-bold.ufo\/glyphs\/question.glif":"\/gascogne-bold.ufo\/glyphs\/question.glif","\/gascogne-bold.ufo\/glyphs\/questiondown.glif":"\/gascogne-bold.ufo\/glyphs\/questiondown.glif","\/gascogne-bold.ufo\/glyphs\/quotedbl.glif":"\/gascogne-bold.ufo\/glyphs\/quotedbl.glif","\/gascogne-bold.ufo\/glyphs\/quotedblbase.glif":"\/gascogne-bold.ufo\/glyphs\/quotedblbase.glif","\/gascogne-bold.ufo\/glyphs\/quotedblleft.glif":"\/gascogne-bold.ufo\/glyphs\/quotedblleft.glif","\/gascogne-bold.ufo\/glyphs\/quotedblright.glif":"\/gascogne-bold.ufo\/glyphs\/quotedblright.glif","\/gascogne-bold.ufo\/glyphs\/quoteleft.glif":"\/gascogne-bold.ufo\/glyphs\/quoteleft.glif","\/gascogne-bold.ufo\/glyphs\/quoteright.glif":"\/gascogne-bold.ufo\/glyphs\/quoteright.glif","\/gascogne-bold.ufo\/glyphs\/quotesinglbase.glif":"\/gascogne-bold.ufo\/glyphs\/quotesinglbase.glif","\/gascogne-bold.ufo\/glyphs\/quotesingle.glif":"\/gascogne-bold.ufo\/glyphs\/quotesingle.glif","\/gascogne-bold.ufo\/glyphs\/r.glif":"\/gascogne-bold.ufo\/glyphs\/r.glif","\/gascogne-bold.ufo\/glyphs\/radical.glif":"\/gascogne-bold.ufo\/glyphs\/radical.glif","\/gascogne-bold.ufo\/glyphs\/registered.glif":"\/gascogne-bold.ufo\/glyphs\/registered.glif","\/gascogne-bold.ufo\/glyphs\/ring.glif":"\/gascogne-bold.ufo\/glyphs\/ring.glif","\/gascogne-bold.ufo\/glyphs\/s.glif":"\/gascogne-bold.ufo\/glyphs\/s.glif","\/gascogne-bold.ufo\/glyphs\/section.glif":"\/gascogne-bold.ufo\/glyphs\/section.glif","\/gascogne-bold.ufo\/glyphs\/semicolon.glif":"\/gascogne-bold.ufo\/glyphs\/semicolon.glif","\/gascogne-bold.ufo\/glyphs\/seven.glif":"\/gascogne-bold.ufo\/glyphs\/seven.glif","\/gascogne-bold.ufo\/glyphs\/six.glif":"\/gascogne-bold.ufo\/glyphs\/six.glif","\/gascogne-bold.ufo\/glyphs\/slash.glif":"\/gascogne-bold.ufo\/glyphs\/slash.glif","\/gascogne-bold.ufo\/glyphs\/space.glif":"\/gascogne-bold.ufo\/glyphs\/space.glif","\/gascogne-bold.ufo\/glyphs\/sterling.glif":"\/gascogne-bold.ufo\/glyphs\/sterling.glif","\/gascogne-bold.ufo\/glyphs\/summation.glif":"\/gascogne-bold.ufo\/glyphs\/summation.glif","\/gascogne-bold.ufo\/glyphs\/t.glif":"\/gascogne-bold.ufo\/glyphs\/t.glif","\/gascogne-bold.ufo\/glyphs\/three.glif":"\/gascogne-bold.ufo\/glyphs\/three.glif","\/gascogne-bold.ufo\/glyphs\/tilde.glif":"\/gascogne-bold.ufo\/glyphs\/tilde.glif","\/gascogne-bold.ufo\/glyphs\/trademark.glif":"\/gascogne-bold.ufo\/glyphs\/trademark.glif","\/gascogne-bold.ufo\/glyphs\/two.glif":"\/gascogne-bold.ufo\/glyphs\/two.glif","\/gascogne-bold.ufo\/glyphs\/u.glif":"\/gascogne-bold.ufo\/glyphs\/u.glif","\/gascogne-bold.ufo\/glyphs\/uacute.glif":"\/gascogne-bold.ufo\/glyphs\/uacute.glif","\/gascogne-bold.ufo\/glyphs\/ucircumflex.glif":"\/gascogne-bold.ufo\/glyphs\/ucircumflex.glif","\/gascogne-bold.ufo\/glyphs\/udieresis.glif":"\/gascogne-bold.ufo\/glyphs\/udieresis.glif","\/gascogne-bold.ufo\/glyphs\/ugrave.glif":"\/gascogne-bold.ufo\/glyphs\/ugrave.glif","\/gascogne-bold.ufo\/glyphs\/underscore.glif":"\/gascogne-bold.ufo\/glyphs\/underscore.glif","\/gascogne-bold.ufo\/glyphs\/v.glif":"\/gascogne-bold.ufo\/glyphs\/v.glif","\/gascogne-bold.ufo\/glyphs\/w.glif":"\/gascogne-bold.ufo\/glyphs\/w.glif","\/gascogne-bold.ufo\/glyphs\/x.glif":"\/gascogne-bold.ufo\/glyphs\/x.glif","\/gascogne-bold.ufo\/glyphs\/y.glif":"\/gascogne-bold.ufo\/glyphs\/y.glif","\/gascogne-bold.ufo\/glyphs\/ydieresis.glif":"\/gascogne-bold.ufo\/glyphs\/ydieresis.glif","\/gascogne-bold.ufo\/glyphs\/yen.glif":"\/gascogne-bold.ufo\/glyphs\/yen.glif","\/gascogne-bold.ufo\/glyphs\/z.glif":"\/gascogne-bold.ufo\/glyphs\/z.glif","\/gascogne-bold.ufo\/glyphs\/zero.glif":"\/gascogne-bold.ufo\/glyphs\/zero.glif"},"Font":{"uploaded":1472558184.4126,"licence":"gpl3","company":"Chronolabs Cooperative","title":"Gascogne Bold","version":3.002,"date":"Sun Aug 28 07:50:09 2016","creator":"root","type":"1","matrix":"0.001 0 0 0.001 0 0","named":"Gascogne-Bold","painttype":"0","info":"10 dict dup","name":"Gascogne-Bold","family":"Gascogne-Bold","weight":"Thin","fstype":"0","italicangle":"0","underlineposition":"","underlinethickness":""},"Licences":{"":false},"Table":{"FFTM":{"entryLength":16,"tag":"FFTM","checksum":1947015666,"offset":34704,"length":28},"GDEF":{"entryLength":16,"tag":"GDEF","checksum":18022404,"offset":34672,"length":32},"OS\/2":{"entryLength":16,"tag":"OS\/2","checksum":2021735915,"offset":344,"length":86},"cmap":{"entryLength":16,"tag":"cmap","checksum":1891738539,"offset":1352,"length":734},"gasp":{"entryLength":16,"tag":"gasp","checksum":4294901763,"offset":34664,"length":8},"glyf":{"entryLength":16,"tag":"glyf","checksum":783026402,"offset":2552,"length":30968},"head":{"entryLength":16,"tag":"head","checksum":191770503,"offset":220,"length":54},"hhea":{"entryLength":16,"tag":"hhea","checksum":147129539,"offset":276,"length":36},"hmtx":{"entryLength":16,"tag":"hmtx","checksum":159911031,"offset":432,"length":920},"loca":{"entryLength":16,"tag":"loca","checksum":1148658912,"offset":2088,"length":462},"maxp":{"entryLength":16,"tag":"maxp","checksum":20250929,"offset":312,"length":32},"name":{"entryLength":16,"tag":"name","checksum":3850271796,"offset":33520,"length":621},"post":{"entryLength":16,"tag":"post","checksum":1816295928,"offset":34144,"length":519}},"UnicodeCharMap":{"0":1,"13":2,"32":3,"33":4,"34":5,"35":6,"36":7,"37":8,"38":9,"39":10,"40":11,"41":12,"42":13,"43":14,"44":15,"45":16,"46":17,"47":18,"48":19,"49":20,"50":21,"51":22,"52":23,"53":24,"54":25,"55":26,"56":27,"57":28,"58":29,"59":30,"60":31,"61":32,"62":33,"63":34,"64":35,"65":36,"66":37,"67":38,"68":39,"69":40,"70":41,"71":42,"72":43,"73":44,"74":45,"75":46,"76":47,"77":48,"78":49,"79":50,"80":51,"81":52,"82":53,"83":54,"84":55,"85":56,"86":57,"87":58,"88":59,"89":60,"90":61,"91":62,"92":63,"93":64,"94":65,"95":66,"96":67,"97":68,"98":69,"99":70,"100":71,"101":72,"102":73,"103":74,"104":75,"105":76,"106":77,"107":78,"108":79,"109":80,"110":81,"111":82,"112":83,"113":84,"114":85,"115":86,"116":87,"117":88,"118":89,"119":90,"120":91,"121":92,"122":93,"123":94,"124":95,"125":96,"126":97,"160":119,"161":120,"162":121,"163":122,"164":123,"165":124,"167":125,"168":126,"169":127,"170":128,"171":129,"172":130,"174":131,"175":220,"177":132,"180":133,"182":135,"183":215,"184":136,"186":137,"187":138,"191":139,"192":140,"193":141,"194":142,"195":143,"196":144,"197":145,"198":146,"199":147,"200":148,"201":149,"202":150,"203":151,"204":152,"205":153,"206":154,"207":155,"209":156,"210":157,"211":158,"212":159,"213":160,"214":161,"216":162,"217":163,"218":164,"219":165,"220":166,"223":167,"224":168,"225":169,"226":170,"227":171,"228":172,"229":173,"230":174,"231":175,"232":176,"233":177,"234":178,"235":179,"236":180,"237":181,"238":182,"239":183,"241":184,"242":185,"243":186,"244":187,"245":188,"246":189,"247":190,"248":191,"249":192,"250":193,"251":194,"252":195,"255":196,"305":199,"338":107,"339":117,"376":118,"402":100,"710":221,"711":202,"728":197,"729":198,"730":200,"731":201,"732":222,"733":219,"916":205,"937":224,"956":134,"960":203,"8211":113,"8212":114,"8216":108,"8217":109,"8218":99,"8220":110,"8221":111,"8222":101,"8224":103,"8225":104,"8226":112,"8230":102,"8240":105,"8249":106,"8250":116,"8260":216,"8482":115,"8706":204,"8719":206,"8721":223,"8730":207,"8734":208,"8747":209,"8776":210,"8800":211,"8804":212,"8805":213,"9674":214,"64257":217,"64258":218},"Reserves":{"fontname":"Gascogne Bold"},"Names":{"Gascogne Bold":{"name":"Gascogne Bold","longitude":"0.00000001","latitude":"0.00000001","country":"","region":"","city":""}},"Nodes":{"ga":{"type":"typal","node":"ga","usage":1,"weight":1},"ne":{"type":"typal","node":"ne","usage":1,"weight":1},"bo":{"type":"typal","node":"bo","usage":1,"weight":1},"ld":{"type":"typal","node":"ld","usage":1,"weight":1},"gas":{"type":"typal","node":"gas","usage":1,"weight":1},"gne":{"type":"typal","node":"gne","usage":1,"weight":1},"bol":{"type":"typal","node":"bol","usage":1,"weight":1},"old":{"type":"typal","node":"old","usage":1,"weight":1},"gasc":{"type":"keys","node":"gasc","usage":1,"weight":1},"ogne":{"type":"keys","node":"ogne","usage":1,"weight":1},"gasco":{"type":"keys","node":"gasco","usage":1,"weight":1},"cogne":{"type":"keys","node":"cogne","usage":1,"weight":1},"gascogne":{"type":"fixes","node":"gascogne","usage":1,"weight":1},"bold":{"type":"fixes","node":"bold","usage":1,"weight":1}},"Contributors":[],"FontIdentity":"doofeu1:15720e4ccd397d6e79391839","Bytes":null,"Networking":[],"barcode":"121myWmCSe6A2W","referee":"oic86ao"}