{"CSS":{"Quinkie":"Quinkie.css"},"FontType":"TrueType","FontCopyright":"Quinkie (c) 1998, Fontalicious Fonts.","FontName":"Quinkie","FontSubfamily":"Book","FontSubfamilyID":"FontForge 2.0 : Quinkie : 18-10-2016","FontFullName":"Quinkie","FontVersion":"Version Macromedia Fontograp ","FontWeight":null,"FontPostscriptName":"Quinkie","Files":{"quinkie.afm":"quinkie.afm","quinkie.bin":"quinkie.bin","quinkie.cef":"quinkie.cef","quinkie.cff":"quinkie.cff","quinkie.cid":"quinkie.cid","quinkie.dfont":"quinkie.dfont","quinkie.eot":"quinkie.eot","quinkie.fon":"quinkie.fon","quinkie.gai":"quinkie.gai","quinkie.gsf":"quinkie.gsf","quinkie.hqx":"quinkie.hqx","quinkie.ik":"quinkie.ik","quinkie.mf":"quinkie.mf","quinkie.otf":"quinkie.otf","quinkie.pcf":"quinkie.pcf","quinkie.pf3":"quinkie.pf3","quinkie.pfa":"quinkie.pfa","quinkie.pfb":"quinkie.pfb","quinkie.php":"quinkie.php","quinkie.pmf":"quinkie.pmf","quinkie.pt3":"quinkie.pt3","quinkie.sfd":"quinkie.sfd","quinkie.svg":"quinkie.svg","quinkie.t42":"quinkie.t42","quinkie.ttd":"quinkie.ttd","quinkie.ttf":"quinkie.ttf","quinkie.ttg":"quinkie.ttg","quinkie.ufm":"quinkie.ufm","quinkie.woff":"quinkie.woff","quinkie.z":"quinkie.z","":{"quinkie.afm":"quinkie.afm","quinkie.bin":"quinkie.bin","quinkie.cef":"quinkie.cef","quinkie.cff":"quinkie.cff","quinkie.cid":"quinkie.cid","quinkie.dfont":"quinkie.dfont","quinkie.eot":"quinkie.eot","quinkie.fon":"quinkie.fon","quinkie.gai":"quinkie.gai","quinkie.gsf":"quinkie.gsf","quinkie.hqx":"quinkie.hqx","quinkie.ik":"quinkie.ik","quinkie.mf":"quinkie.mf","quinkie.otf":"quinkie.otf","quinkie.pcf":"quinkie.pcf","quinkie.pf3":"quinkie.pf3","quinkie.pfa":"quinkie.pfa","quinkie.pfb":"quinkie.pfb","quinkie.php":"quinkie.php","quinkie.pmf":"quinkie.pmf","quinkie.pt3":"quinkie.pt3","quinkie.sfd":"quinkie.sfd","quinkie.svg":"quinkie.svg","quinkie.t42":"quinkie.t42","quinkie.ttd":"quinkie.ttd","quinkie.ttf":"quinkie.ttf","quinkie.ttg":"quinkie.ttg","quinkie.ufm":"quinkie.ufm","quinkie.woff":"quinkie.woff","quinkie.z":"quinkie.z"},"\/quinkie.ufo":{"feature.fea":"feature.fea","fontinfo.plist":"fontinfo.plist","groups.plist":"groups.plist","kerning.plist":"kerning.plist","metainfo.plist":"metainfo.plist"},"\/quinkie.ufo\/glyphs":{"A_.glif":"A_.glif","B_.glif":"B_.glif","C_.glif":"C_.glif","D_.glif":"D_.glif","E_.glif":"E_.glif","F_.glif":"F_.glif","G_.glif":"G_.glif","H_.glif":"H_.glif","I_.glif":"I_.glif","J_.glif":"J_.glif","K_.glif":"K_.glif","L_.glif":"L_.glif","M_.glif":"M_.glif","N_.glif":"N_.glif","O_.glif":"O_.glif","P_.glif":"P_.glif","Q_.glif":"Q_.glif","R_.glif":"R_.glif","S_.glif":"S_.glif","T_.glif":"T_.glif","U_.glif":"U_.glif","V_.glif":"V_.glif","W_.glif":"W_.glif","X_.glif":"X_.glif","Y_.glif":"Y_.glif","Z_.glif":"Z_.glif","_notdef.glif":"_notdef.glif","_null.glif":"_null.glif","a.glif":"a.glif","b.glif":"b.glif","c.glif":"c.glif","colon.glif":"colon.glif","comma.glif":"comma.glif","contents.plist":"contents.plist","d.glif":"d.glif","e.glif":"e.glif","f.glif":"f.glif","g.glif":"g.glif","grave.glif":"grave.glif","h.glif":"h.glif","hyphen.glif":"hyphen.glif","i.glif":"i.glif","j.glif":"j.glif","k.glif":"k.glif","l.glif":"l.glif","m.glif":"m.glif","n.glif":"n.glif","nonmarkingreturn.glif":"nonmarkingreturn.glif","o.glif":"o.glif","p.glif":"p.glif","period.glif":"period.glif","q.glif":"q.glif","quotesingle.glif":"quotesingle.glif","r.glif":"r.glif","s.glif":"s.glif","semicolon.glif":"semicolon.glif","space.glif":"space.glif","t.glif":"t.glif","u.glif":"u.glif","v.glif":"v.glif","w.glif":"w.glif","x.glif":"x.glif","y.glif":"y.glif","z.glif":"z.glif"}},"Font":{"uploaded":1476775376.0353,"licence":"gpl3","company":"Chronolabs Cooperative","title":"Quinkie","version":2.001,"date":"Fri Oct 14 22:16:26 2016","creator":"root","type":"1","matrix":"0.001 0 0 0.001 0 0","named":"Quinkie","painttype":"0","info":"10 dict dup","name":"Quinkie","family":"Quinkie","weight":"Book","fstype":"1","italicangle":"0","underlineposition":"","underlinethickness":""},"Table":{"FFTM":{"entryLength":16,"tag":"FFTM","checksum":1955342020,"offset":8140,"length":28},"GDEF":{"entryLength":16,"tag":"GDEF","checksum":7077892,"offset":8108,"length":32},"OS\/2":{"entryLength":16,"tag":"OS\/2","checksum":1446535288,"offset":344,"length":86},"cmap":{"entryLength":16,"tag":"cmap","checksum":286714041,"offset":684,"length":378},"gasp":{"entryLength":16,"tag":"gasp","checksum":4294901763,"offset":8100,"length":8},"glyf":{"entryLength":16,"tag":"glyf","checksum":2502106151,"offset":1192,"length":6172},"head":{"entryLength":16,"tag":"head","checksum":205019488,"offset":220,"length":54},"hhea":{"entryLength":16,"tag":"hhea","checksum":138281987,"offset":276,"length":36},"hmtx":{"entryLength":16,"tag":"hmtx","checksum":2853438171,"offset":432,"length":252},"loca":{"entryLength":16,"tag":"loca","checksum":2964109002,"offset":1064,"length":128},"maxp":{"entryLength":16,"tag":"maxp","checksum":8781887,"offset":312,"length":32},"name":{"entryLength":16,"tag":"name","checksum":3249021793,"offset":7364,"length":576},"post":{"entryLength":16,"tag":"post","checksum":109774621,"offset":7940,"length":160}},"UnicodeCharMap":{"0":1,"13":2,"32":3,"39":4,"44":5,"45":6,"46":7,"58":8,"59":9,"65":10,"66":11,"67":12,"68":13,"69":14,"70":15,"71":16,"72":17,"73":18,"74":19,"75":20,"76":21,"77":22,"78":23,"79":24,"80":25,"81":26,"82":27,"83":28,"84":29,"85":30,"86":31,"87":32,"88":33,"89":34,"90":35,"96":36,"97":37,"98":38,"99":39,"100":40,"101":41,"102":42,"103":43,"104":44,"105":45,"106":46,"107":47,"108":48,"109":49,"110":50,"111":51,"112":52,"113":53,"114":54,"115":55,"116":56,"117":57,"118":58,"119":59,"120":60,"121":61,"122":62},"Reserves":null,"Names":[],"Nodes":{"qu":{"type":"typal","node":"qu","usage":1,"weight":1},"ie":{"type":"typal","node":"ie","usage":1,"weight":1},"qui":{"type":"typal","node":"qui","usage":1,"weight":1},"kie":{"type":"typal","node":"kie","usage":1,"weight":1},"quin":{"type":"keys","node":"quin","usage":1,"weight":1},"nkie":{"type":"keys","node":"nkie","usage":1,"weight":1},"quink":{"type":"keys","node":"quink","usage":1,"weight":1},"inkie":{"type":"keys","node":"inkie","usage":1,"weight":1},"quinkie":{"type":"fixes","node":"quinkie","usage":1,"weight":1}},"Contributors":[],"FontIdentity":"e4e94f04abb32571e45a1ebdcb6ab785","Bytes":918951,"Networking":[],"barcode":"85aoaiksggosy","referee":"wisisi"}