{"CSS":{"America":"America.css"},"FontType":"TrueType","FontCopyright":null,"FontName":"America","FontSubfamily":"Medium","FontSubfamilyID":"FontForge 2.0 : America : 1-9-2016","FontFullName":"America","FontVersion":"Version 1.0 ","FontWeight":null,"FontPostscriptName":"America","Files":{"america.afm":"america.afm","america.bin":"america.bin","america.cef":"america.cef","america.cff":"america.cff","america.cid":"america.cid","america.dfont":"america.dfont","america.eot":"america.eot","america.fon":"america.fon","america.gai":"america.gai","america.gsf":"america.gsf","america.hqx":"america.hqx","america.ik":"america.ik","america.mf":"america.mf","america.otf":"america.otf","america.pcf":"america.pcf","america.pf3":"america.pf3","america.pfa":"america.pfa","america.pfb":"america.pfb","america.php":"america.php","america.pmf":"america.pmf","america.pt3":"america.pt3","america.sfd":"america.sfd","america.svg":"america.svg","america.t42":"america.t42","america.ttd":"america.ttd","america.ttf":"america.ttf","america.ttg":"america.ttg","america.ufm":"america.ufm","america.woff":"america.woff","america.z":"america.z","":{"america.afm":"america.afm","america.bin":"america.bin","america.cef":"america.cef","america.cff":"america.cff","america.cid":"america.cid","america.dfont":"america.dfont","america.eot":"america.eot","america.fon":"america.fon","america.gai":"america.gai","america.gsf":"america.gsf","america.hqx":"america.hqx","america.ik":"america.ik","america.mf":"america.mf","america.otf":"america.otf","america.pcf":"america.pcf","america.pf3":"america.pf3","america.pfa":"america.pfa","america.pfb":"america.pfb","america.php":"america.php","america.pmf":"america.pmf","america.pt3":"america.pt3","america.sfd":"america.sfd","america.svg":"america.svg","america.t42":"america.t42","america.ttd":"america.ttd","america.ttf":"america.ttf","america.ttg":"america.ttg","america.ufm":"america.ufm","america.woff":"america.woff","america.z":"america.z"},"\/america.ufo":{"feature.fea":"feature.fea","fontinfo.plist":"fontinfo.plist","groups.plist":"groups.plist","kerning.plist":"kerning.plist","metainfo.plist":"metainfo.plist"},"\/america.ufo\/glyphs":{"A_.glif":"A_.glif","B_.glif":"B_.glif","C_.glif":"C_.glif","D_.glif":"D_.glif","E_.glif":"E_.glif","F_.glif":"F_.glif","G_.glif":"G_.glif","H_.glif":"H_.glif","I_.glif":"I_.glif","J_.glif":"J_.glif","K_.glif":"K_.glif","L_.glif":"L_.glif","M_.glif":"M_.glif","N_.glif":"N_.glif","O_.glif":"O_.glif","P_.glif":"P_.glif","Q_.glif":"Q_.glif","R_.glif":"R_.glif","S_.glif":"S_.glif","T_.glif":"T_.glif","U_.glif":"U_.glif","V_.glif":"V_.glif","W_.glif":"W_.glif","X_.glif":"X_.glif","Y_.glif":"Y_.glif","Z_.glif":"Z_.glif","_notdef.glif":"_notdef.glif","_null.glif":"_null.glif","a.glif":"a.glif","ampersand.glif":"ampersand.glif","asciicircum.glif":"asciicircum.glif","asciitilde.glif":"asciitilde.glif","asterisk.glif":"asterisk.glif","at.glif":"at.glif","b.glif":"b.glif","backslash.glif":"backslash.glif","bar.glif":"bar.glif","braceleft.glif":"braceleft.glif","braceright.glif":"braceright.glif","bracketleft.glif":"bracketleft.glif","bracketright.glif":"bracketright.glif","c.glif":"c.glif","colon.glif":"colon.glif","comma.glif":"comma.glif","contents.plist":"contents.plist","d.glif":"d.glif","dollar.glif":"dollar.glif","e.glif":"e.glif","eight.glif":"eight.glif","equal.glif":"equal.glif","exclam.glif":"exclam.glif","f.glif":"f.glif","five.glif":"five.glif","four.glif":"four.glif","g.glif":"g.glif","grave.glif":"grave.glif","greater.glif":"greater.glif","h.glif":"h.glif","hyphen.glif":"hyphen.glif","i.glif":"i.glif","j.glif":"j.glif","k.glif":"k.glif","l.glif":"l.glif","less.glif":"less.glif","m.glif":"m.glif","n.glif":"n.glif","nine.glif":"nine.glif","nonbreakingspace.glif":"nonbreakingspace.glif","nonmarkingreturn.glif":"nonmarkingreturn.glif","numbersign.glif":"numbersign.glif","o.glif":"o.glif","one.glif":"one.glif","p.glif":"p.glif","parenleft.glif":"parenleft.glif","parenright.glif":"parenright.glif","percent.glif":"percent.glif","period.glif":"period.glif","plus.glif":"plus.glif","q.glif":"q.glif","question.glif":"question.glif","quotedbl.glif":"quotedbl.glif","quotesingle.glif":"quotesingle.glif","r.glif":"r.glif","s.glif":"s.glif","semicolon.glif":"semicolon.glif","seven.glif":"seven.glif","six.glif":"six.glif","slash.glif":"slash.glif","space.glif":"space.glif","t.glif":"t.glif","three.glif":"three.glif","two.glif":"two.glif","u.glif":"u.glif","underscore.glif":"underscore.glif","v.glif":"v.glif","w.glif":"w.glif","x.glif":"x.glif","y.glif":"y.glif","z.glif":"z.glif","zero.glif":"zero.glif"}},"Font":{"uploaded":1472694371.0029,"licence":"gpl3","company":"Chronolabs Cooperative","title":"America","version":2.001,"date":"Sun Aug 28 07:51:47 2016","creator":"root","type":"1","matrix":"0.001 0 0 0.001 0 0","named":"America","painttype":"0","info":"9 dict dup","name":"America","family":"America","weight":"Medium","fstype":"0","italicangle":"0","underlineposition":"","underlinethickness":""},"Table":{"FFTM":{"entryLength":16,"tag":"FFTM","checksum":1947015864,"offset":20640,"length":28},"GDEF":{"entryLength":16,"tag":"GDEF","checksum":9437188,"offset":20608,"length":32},"OS\/2":{"entryLength":16,"tag":"OS\/2","checksum":1438542203,"offset":344,"length":86},"cmap":{"entryLength":16,"tag":"cmap","checksum":2774330855,"offset":816,"length":844},"gasp":{"entryLength":16,"tag":"gasp","checksum":4294901763,"offset":20600,"length":8},"glyf":{"entryLength":16,"tag":"glyf","checksum":3411355954,"offset":1860,"length":18120},"head":{"entryLength":16,"tag":"head","checksum":248035963,"offset":220,"length":54},"hhea":{"entryLength":16,"tag":"hhea","checksum":268173672,"offset":276,"length":36},"hmtx":{"entryLength":16,"tag":"hmtx","checksum":2932605874,"offset":432,"length":384},"loca":{"entryLength":16,"tag":"loca","checksum":1509190212,"offset":1660,"length":200},"maxp":{"entryLength":16,"tag":"maxp","checksum":11403608,"offset":312,"length":32},"name":{"entryLength":16,"tag":"name","checksum":2417268366,"offset":19980,"length":387},"post":{"entryLength":16,"tag":"post","checksum":92146162,"offset":20368,"length":232}},"UnicodeCharMap":{"0":1,"13":2,"32":3,"33":4,"34":5,"35":6,"36":7,"37":8,"38":9,"39":96,"40":10,"41":11,"42":12,"43":13,"44":14,"45":15,"46":16,"47":17,"48":18,"49":19,"50":20,"51":21,"52":22,"53":23,"54":24,"55":25,"56":26,"57":27,"58":28,"59":29,"60":30,"61":31,"62":32,"63":33,"64":34,"65":35,"66":36,"67":37,"68":38,"69":39,"70":40,"71":41,"72":42,"73":43,"74":44,"75":45,"76":46,"77":47,"78":48,"79":49,"80":50,"81":51,"82":52,"83":53,"84":54,"85":55,"86":56,"87":57,"88":58,"89":59,"90":60,"91":61,"92":62,"93":63,"94":64,"95":65,"96":97,"97":66,"98":67,"99":68,"100":69,"101":70,"102":71,"103":72,"104":73,"105":74,"106":75,"107":76,"108":77,"109":78,"110":79,"111":80,"112":81,"113":82,"114":83,"115":84,"116":85,"117":86,"118":87,"119":88,"120":89,"121":90,"122":91,"123":92,"124":93,"125":94,"126":95,"160":98},"Reserves":null,"Names":[],"Nodes":{"am":{"type":"typal","node":"am","usage":1,"weight":1},"ca":{"type":"typal","node":"ca","usage":1,"weight":1},"ame":{"type":"typal","node":"ame","usage":1,"weight":1},"ica":{"type":"typal","node":"ica","usage":1,"weight":1},"amer":{"type":"keys","node":"amer","usage":1,"weight":1},"rica":{"type":"keys","node":"rica","usage":1,"weight":1},"ameri":{"type":"keys","node":"ameri","usage":1,"weight":1},"erica":{"type":"keys","node":"erica","usage":1,"weight":1},"america":{"type":"fixes","node":"america","usage":1,"weight":1}},"Contributors":[],"FontIdentity":"2089dfef43ced8e6827f8963e612a548","Bytes":2288044,"Networking":[],"barcode":"qqemym2a4iio","referee":"g2ucy"}