{"CSS":{"RubaiyatShadow":"RubaiyatShadow.css"},"FontType":"TrueType","FontCopyright":"Rubaiyat computer fonts v1.0 (c)2001 Harold Lohner  HLohner@aol.com  http:\/\/members.aol.com\/fontner","FontName":"RubaiyatShadow","FontSubfamily":"Book","FontSubfamilyID":"FontForge 2.0 : RubaiyatShadow : 25-11-2016","FontFullName":"Rubaiyat Shadow","FontVersion":"Version Macromedia Fontograp ","FontWeight":null,"FontPostscriptName":"RubaiyatShadow","Files":{"rubaiyatshadow.afm":"rubaiyatshadow.afm","rubaiyatshadow.bin":"rubaiyatshadow.bin","rubaiyatshadow.cef":"rubaiyatshadow.cef","rubaiyatshadow.cff":"rubaiyatshadow.cff","rubaiyatshadow.cid":"rubaiyatshadow.cid","rubaiyatshadow.dfont":"rubaiyatshadow.dfont","rubaiyatshadow.eot":"rubaiyatshadow.eot","rubaiyatshadow.fon":"rubaiyatshadow.fon","rubaiyatshadow.gai":"rubaiyatshadow.gai","rubaiyatshadow.gsf":"rubaiyatshadow.gsf","rubaiyatshadow.hqx":"rubaiyatshadow.hqx","rubaiyatshadow.ik":"rubaiyatshadow.ik","rubaiyatshadow.mf":"rubaiyatshadow.mf","rubaiyatshadow.otf":"rubaiyatshadow.otf","rubaiyatshadow.pcf":"rubaiyatshadow.pcf","rubaiyatshadow.pf3":"rubaiyatshadow.pf3","rubaiyatshadow.pfa":"rubaiyatshadow.pfa","rubaiyatshadow.pfb":"rubaiyatshadow.pfb","rubaiyatshadow.php":"rubaiyatshadow.php","rubaiyatshadow.pmf":"rubaiyatshadow.pmf","rubaiyatshadow.pt3":"rubaiyatshadow.pt3","rubaiyatshadow.sfd":"rubaiyatshadow.sfd","rubaiyatshadow.svg":"rubaiyatshadow.svg","rubaiyatshadow.t42":"rubaiyatshadow.t42","rubaiyatshadow.ttd":"rubaiyatshadow.ttd","rubaiyatshadow.ttf":"rubaiyatshadow.ttf","rubaiyatshadow.ttg":"rubaiyatshadow.ttg","rubaiyatshadow.ufm":"rubaiyatshadow.ufm","rubaiyatshadow.woff":"rubaiyatshadow.woff","rubaiyatshadow.z":"rubaiyatshadow.z","":{"rubaiyatshadow.afm":"rubaiyatshadow.afm","rubaiyatshadow.bin":"rubaiyatshadow.bin","rubaiyatshadow.cef":"rubaiyatshadow.cef","rubaiyatshadow.cff":"rubaiyatshadow.cff","rubaiyatshadow.cid":"rubaiyatshadow.cid","rubaiyatshadow.dfont":"rubaiyatshadow.dfont","rubaiyatshadow.eot":"rubaiyatshadow.eot","rubaiyatshadow.fon":"rubaiyatshadow.fon","rubaiyatshadow.gai":"rubaiyatshadow.gai","rubaiyatshadow.gsf":"rubaiyatshadow.gsf","rubaiyatshadow.hqx":"rubaiyatshadow.hqx","rubaiyatshadow.ik":"rubaiyatshadow.ik","rubaiyatshadow.mf":"rubaiyatshadow.mf","rubaiyatshadow.otf":"rubaiyatshadow.otf","rubaiyatshadow.pcf":"rubaiyatshadow.pcf","rubaiyatshadow.pf3":"rubaiyatshadow.pf3","rubaiyatshadow.pfa":"rubaiyatshadow.pfa","rubaiyatshadow.pfb":"rubaiyatshadow.pfb","rubaiyatshadow.php":"rubaiyatshadow.php","rubaiyatshadow.pmf":"rubaiyatshadow.pmf","rubaiyatshadow.pt3":"rubaiyatshadow.pt3","rubaiyatshadow.sfd":"rubaiyatshadow.sfd","rubaiyatshadow.svg":"rubaiyatshadow.svg","rubaiyatshadow.t42":"rubaiyatshadow.t42","rubaiyatshadow.ttd":"rubaiyatshadow.ttd","rubaiyatshadow.ttf":"rubaiyatshadow.ttf","rubaiyatshadow.ttg":"rubaiyatshadow.ttg","rubaiyatshadow.ufm":"rubaiyatshadow.ufm","rubaiyatshadow.woff":"rubaiyatshadow.woff","rubaiyatshadow.z":"rubaiyatshadow.z"},"\/rubaiyatshadow.ufo":{"feature.fea":"feature.fea","fontinfo.plist":"fontinfo.plist","groups.plist":"groups.plist","kerning.plist":"kerning.plist","metainfo.plist":"metainfo.plist"},"\/rubaiyatshadow.ufo\/glyphs":{"A_.glif":"A_.glif","A_E_.glif":"A_E_.glif","A_acute.glif":"A_acute.glif","A_circumflex.glif":"A_circumflex.glif","A_dieresis.glif":"A_dieresis.glif","A_grave.glif":"A_grave.glif","A_ring.glif":"A_ring.glif","A_tilde.glif":"A_tilde.glif","B_.glif":"B_.glif","C_.glif":"C_.glif","C_cedilla.glif":"C_cedilla.glif","D_.glif":"D_.glif","E_.glif":"E_.glif","E_acute.glif":"E_acute.glif","E_circumflex.glif":"E_circumflex.glif","E_dieresis.glif":"E_dieresis.glif","E_grave.glif":"E_grave.glif","E_th.glif":"E_th.glif","F_.glif":"F_.glif","G_.glif":"G_.glif","H_.glif":"H_.glif","I_.glif":"I_.glif","I_acute.glif":"I_acute.glif","I_circumflex.glif":"I_circumflex.glif","I_dieresis.glif":"I_dieresis.glif","I_grave.glif":"I_grave.glif","J_.glif":"J_.glif","K_.glif":"K_.glif","L_.glif":"L_.glif","L_slash.glif":"L_slash.glif","M_.glif":"M_.glif","N_.glif":"N_.glif","N_tilde.glif":"N_tilde.glif","O_.glif":"O_.glif","O_E_.glif":"O_E_.glif","O_acute.glif":"O_acute.glif","O_circumflex.glif":"O_circumflex.glif","O_dieresis.glif":"O_dieresis.glif","O_grave.glif":"O_grave.glif","O_slash.glif":"O_slash.glif","O_tilde.glif":"O_tilde.glif","P_.glif":"P_.glif","Q_.glif":"Q_.glif","R_.glif":"R_.glif","S_.glif":"S_.glif","S_caron.glif":"S_caron.glif","T_.glif":"T_.glif","T_horn.glif":"T_horn.glif","U_.glif":"U_.glif","U_acute.glif":"U_acute.glif","U_circumflex.glif":"U_circumflex.glif","U_dieresis.glif":"U_dieresis.glif","U_grave.glif":"U_grave.glif","V_.glif":"V_.glif","W_.glif":"W_.glif","X_.glif":"X_.glif","Y_.glif":"Y_.glif","Y_acute.glif":"Y_acute.glif","Y_dieresis.glif":"Y_dieresis.glif","Z_.glif":"Z_.glif","Z_caron.glif":"Z_caron.glif","_notdef.glif":"_notdef.glif","_null.glif":"_null.glif","a.glif":"a.glif","aacute.glif":"aacute.glif","acircumflex.glif":"acircumflex.glif","acute.glif":"acute.glif","adieresis.glif":"adieresis.glif","ae.glif":"ae.glif","agrave.glif":"agrave.glif","ampersand.glif":"ampersand.glif","aring.glif":"aring.glif","asciicircum.glif":"asciicircum.glif","asciitilde.glif":"asciitilde.glif","asterisk.glif":"asterisk.glif","at.glif":"at.glif","atilde.glif":"atilde.glif","b.glif":"b.glif","bar.glif":"bar.glif","bullet.glif":"bullet.glif","c.glif":"c.glif","caron.glif":"caron.glif","ccedilla.glif":"ccedilla.glif","cent.glif":"cent.glif","circumflex.glif":"circumflex.glif","colon.glif":"colon.glif","comma.glif":"comma.glif","contents.plist":"contents.plist","currency.glif":"currency.glif","d.glif":"d.glif","degree.glif":"degree.glif","dieresis.glif":"dieresis.glif","dollar.glif":"dollar.glif","e.glif":"e.glif","eacute.glif":"eacute.glif","ecircumflex.glif":"ecircumflex.glif","edieresis.glif":"edieresis.glif","egrave.glif":"egrave.glif","eight.glif":"eight.glif","emdash.glif":"emdash.glif","endash.glif":"endash.glif","equal.glif":"equal.glif","eth.glif":"eth.glif","exclam.glif":"exclam.glif","exclamdown.glif":"exclamdown.glif","f.glif":"f.glif","fi.glif":"fi.glif","five.glif":"five.glif","fl.glif":"fl.glif","florin.glif":"florin.glif","four.glif":"four.glif","g.glif":"g.glif","germandbls.glif":"germandbls.glif","grave.glif":"grave.glif","greater.glif":"greater.glif","guillemotleft.glif":"guillemotleft.glif","guillemotright.glif":"guillemotright.glif","guilsinglleft.glif":"guilsinglleft.glif","guilsinglright.glif":"guilsinglright.glif","h.glif":"h.glif","hyphen.glif":"hyphen.glif","i.glif":"i.glif","iacute.glif":"iacute.glif","icircumflex.glif":"icircumflex.glif","idieresis.glif":"idieresis.glif","igrave.glif":"igrave.glif","j.glif":"j.glif","k.glif":"k.glif","l.glif":"l.glif","less.glif":"less.glif","lslash.glif":"lslash.glif","m.glif":"m.glif","n.glif":"n.glif","nine.glif":"nine.glif","nonbreakingspace.glif":"nonbreakingspace.glif","nonmarkingreturn.glif":"nonmarkingreturn.glif","ntilde.glif":"ntilde.glif","o.glif":"o.glif","oacute.glif":"oacute.glif","ocircumflex.glif":"ocircumflex.glif","odieresis.glif":"odieresis.glif","oe.glif":"oe.glif","ograve.glif":"ograve.glif","one.glif":"one.glif","oslash.glif":"oslash.glif","otilde.glif":"otilde.glif","p.glif":"p.glif","parenleft.glif":"parenleft.glif","parenright.glif":"parenright.glif","period.glif":"period.glif","periodcentered.glif":"periodcentered.glif","q.glif":"q.glif","question.glif":"question.glif","questiondown.glif":"questiondown.glif","quotedbl.glif":"quotedbl.glif","quotedblbase.glif":"quotedblbase.glif","quotedblleft.glif":"quotedblleft.glif","quotedblright.glif":"quotedblright.glif","quoteleft.glif":"quoteleft.glif","quoteright.glif":"quoteright.glif","quotesinglbase.glif":"quotesinglbase.glif","quotesingle.glif":"quotesingle.glif","r.glif":"r.glif","ring.glif":"ring.glif","s.glif":"s.glif","scaron.glif":"scaron.glif","semicolon.glif":"semicolon.glif","seven.glif":"seven.glif","six.glif":"six.glif","slash.glif":"slash.glif","space.glif":"space.glif","sterling.glif":"sterling.glif","t.glif":"t.glif","thorn.glif":"thorn.glif","three.glif":"three.glif","tilde.glif":"tilde.glif","two.glif":"two.glif","u.glif":"u.glif","uacute.glif":"uacute.glif","ucircumflex.glif":"ucircumflex.glif","udieresis.glif":"udieresis.glif","ugrave.glif":"ugrave.glif","v.glif":"v.glif","w.glif":"w.glif","x.glif":"x.glif","y.glif":"y.glif","yacute.glif":"yacute.glif","ydieresis.glif":"ydieresis.glif","yen.glif":"yen.glif","z.glif":"z.glif","zcaron.glif":"zcaron.glif","zero.glif":"zero.glif"}},"Font":{"uploaded":1480053186.4113,"licence":"gpl3","company":"Chronolabs Cooperative","title":"Rubaiyat Shadow","version":2.001,"date":"Sat Oct 15 01:02:24 2016","creator":"root","type":"1","matrix":"0.0005 0 0 0.0005 0 0","named":"RubaiyatShadow","painttype":"0","info":"10 dict dup","name":"RubaiyatShadow","family":"RubaiyatShadow","weight":"Book","fstype":"1","italicangle":"0","underlineposition":"","underlinethickness":""},"Table":{"FFTM":{"entryLength":16,"tag":"FFTM","checksum":1955253936,"offset":58608,"length":28},"GDEF":{"entryLength":16,"tag":"GDEF","checksum":15466500,"offset":58576,"length":32},"OS\/2":{"entryLength":16,"tag":"OS\/2","checksum":1683956913,"offset":344,"length":86},"cmap":{"entryLength":16,"tag":"cmap","checksum":1738106518,"offset":1196,"length":610},"gasp":{"entryLength":16,"tag":"gasp","checksum":4294901763,"offset":58568,"length":8},"glyf":{"entryLength":16,"tag":"glyf","checksum":1578239325,"offset":2192,"length":55112},"head":{"entryLength":16,"tag":"head","checksum":777939078,"offset":220,"length":54},"hhea":{"entryLength":16,"tag":"hhea","checksum":793257329,"offset":276,"length":36},"hmtx":{"entryLength":16,"tag":"hmtx","checksum":1954737780,"offset":432,"length":762},"loca":{"entryLength":16,"tag":"loca","checksum":406343754,"offset":1808,"length":384},"maxp":{"entryLength":16,"tag":"maxp","checksum":23530376,"offset":312,"length":32},"name":{"entryLength":16,"tag":"name","checksum":864583824,"offset":57304,"length":846},"post":{"entryLength":16,"tag":"post","checksum":693185031,"offset":58152,"length":416}},"UnicodeCharMap":{"0":1,"13":2,"32":3,"33":4,"34":5,"36":6,"38":7,"39":8,"40":9,"41":10,"42":11,"44":12,"45":13,"46":14,"47":15,"48":16,"49":17,"50":18,"51":19,"52":20,"53":21,"54":22,"55":23,"56":24,"57":25,"58":26,"59":27,"60":28,"61":29,"62":30,"63":31,"64":32,"65":33,"66":34,"67":35,"68":36,"69":37,"70":38,"71":39,"72":40,"73":41,"74":42,"75":43,"76":44,"77":45,"78":46,"79":47,"80":48,"81":49,"82":50,"83":51,"84":52,"85":53,"86":54,"87":55,"88":56,"89":57,"90":58,"94":59,"96":60,"97":61,"98":62,"99":63,"100":64,"101":65,"102":66,"103":67,"104":68,"105":69,"106":70,"107":71,"108":72,"109":73,"110":74,"111":75,"112":76,"113":77,"114":78,"115":79,"116":80,"117":81,"118":82,"119":83,"120":84,"121":85,"122":86,"124":87,"126":88,"160":89,"161":90,"162":91,"163":92,"164":93,"165":94,"168":95,"171":96,"176":97,"180":98,"183":99,"187":100,"191":101,"192":102,"193":103,"194":104,"195":105,"196":106,"197":107,"198":108,"199":109,"200":110,"201":111,"202":112,"203":113,"204":114,"205":115,"206":116,"207":117,"208":118,"209":119,"210":120,"211":121,"212":122,"213":123,"214":124,"216":125,"217":126,"218":127,"219":128,"220":129,"221":130,"222":131,"223":132,"224":133,"225":134,"226":135,"227":136,"228":137,"229":138,"230":139,"231":140,"232":141,"233":142,"234":143,"235":144,"236":145,"237":146,"238":147,"239":148,"240":149,"241":150,"242":151,"243":152,"244":153,"245":154,"246":155,"248":156,"249":157,"250":158,"251":159,"252":160,"253":161,"254":162,"255":163,"321":183,"322":184,"338":166,"339":167,"352":181,"353":182,"376":174,"381":185,"382":186,"402":165,"710":179,"711":190,"730":189,"732":180,"8211":168,"8212":169,"8216":172,"8217":173,"8218":177,"8220":170,"8221":171,"8222":178,"8226":164,"8249":175,"8250":176,"64257":187,"64258":188},"Reserves":null,"Names":[],"Nodes":{"ru":{"type":"typal","node":"ru","usage":1,"weight":1},"at":{"type":"typal","node":"at","usage":1,"weight":1},"sh":{"type":"typal","node":"sh","usage":1,"weight":1},"ow":{"type":"typal","node":"ow","usage":1,"weight":1},"rub":{"type":"typal","node":"rub","usage":1,"weight":1},"yat":{"type":"typal","node":"yat","usage":1,"weight":1},"sha":{"type":"typal","node":"sha","usage":1,"weight":1},"dow":{"type":"typal","node":"dow","usage":1,"weight":1},"ruba":{"type":"keys","node":"ruba","usage":1,"weight":1},"iyat":{"type":"keys","node":"iyat","usage":1,"weight":1},"shad":{"type":"keys","node":"shad","usage":1,"weight":1},"adow":{"type":"keys","node":"adow","usage":1,"weight":1},"rubai":{"type":"keys","node":"rubai","usage":1,"weight":1},"aiyat":{"type":"keys","node":"aiyat","usage":1,"weight":1},"shado":{"type":"keys","node":"shado","usage":1,"weight":1},"hadow":{"type":"keys","node":"hadow","usage":1,"weight":1},"rubaiyat":{"type":"fixes","node":"rubaiyat","usage":1,"weight":1},"shadow":{"type":"fixes","node":"shadow","usage":1,"weight":1}},"Contributors":[],"FontIdentity":"f3d024ebeb8ed9ff7dee1aec34d35509","Bytes":5999934,"Networking":[],"barcode":"qkmeks8ssu4ek","referee":"4iiuo"}