{"CSS":{"OPTICivet-Light":"OPTICivet-Light.css"},"FontType":"TrueType","FontCopyright":"1.2, Copyright Copr. Castcraft Software, Inc. 1990-1991.","FontName":"OPTICivet","FontSubfamily":"Light","FontSubfamilyID":"FontForge 2.0 : OPTICivet-Light : 27-8-2016","FontFullName":"OPTICivet Light","FontVersion":"Version 001.000 ","FontWeight":null,"FontPostscriptName":"OPTICivet-Light","Files":{"opticivet-light.afm":"opticivet-light.afm","opticivet-light.bin":"opticivet-light.bin","opticivet-light.cef":"opticivet-light.cef","opticivet-light.cff":"opticivet-light.cff","opticivet-light.cid":"opticivet-light.cid","opticivet-light.dfont":"opticivet-light.dfont","opticivet-light.eot":"opticivet-light.eot","opticivet-light.fon":"opticivet-light.fon","opticivet-light.gai":"opticivet-light.gai","opticivet-light.gsf":"opticivet-light.gsf","opticivet-light.hqx":"opticivet-light.hqx","opticivet-light.ik":"opticivet-light.ik","opticivet-light.mf":"opticivet-light.mf","opticivet-light.otf":"opticivet-light.otf","opticivet-light.pcf":"opticivet-light.pcf","opticivet-light.pf3":"opticivet-light.pf3","opticivet-light.pfa":"opticivet-light.pfa","opticivet-light.pfb":"opticivet-light.pfb","opticivet-light.php":"opticivet-light.php","opticivet-light.pmf":"opticivet-light.pmf","opticivet-light.pt3":"opticivet-light.pt3","opticivet-light.sfd":"opticivet-light.sfd","opticivet-light.svg":"opticivet-light.svg","opticivet-light.t42":"opticivet-light.t42","opticivet-light.ttd":"opticivet-light.ttd","opticivet-light.ttf":"opticivet-light.ttf","opticivet-light.ttg":"opticivet-light.ttg","opticivet-light.ufm":"opticivet-light.ufm","opticivet-light.woff":"opticivet-light.woff","opticivet-light.z":"opticivet-light.z","":{"opticivet-light.afm":"opticivet-light.afm","opticivet-light.bin":"opticivet-light.bin","opticivet-light.cef":"opticivet-light.cef","opticivet-light.cff":"opticivet-light.cff","opticivet-light.cid":"opticivet-light.cid","opticivet-light.dfont":"opticivet-light.dfont","opticivet-light.eot":"opticivet-light.eot","opticivet-light.fon":"opticivet-light.fon","opticivet-light.gai":"opticivet-light.gai","opticivet-light.gsf":"opticivet-light.gsf","opticivet-light.hqx":"opticivet-light.hqx","opticivet-light.ik":"opticivet-light.ik","opticivet-light.mf":"opticivet-light.mf","opticivet-light.otf":"opticivet-light.otf","opticivet-light.pcf":"opticivet-light.pcf","opticivet-light.pf3":"opticivet-light.pf3","opticivet-light.pfa":"opticivet-light.pfa","opticivet-light.pfb":"opticivet-light.pfb","opticivet-light.php":"opticivet-light.php","opticivet-light.pmf":"opticivet-light.pmf","opticivet-light.pt3":"opticivet-light.pt3","opticivet-light.sfd":"opticivet-light.sfd","opticivet-light.svg":"opticivet-light.svg","opticivet-light.t42":"opticivet-light.t42","opticivet-light.ttd":"opticivet-light.ttd","opticivet-light.ttf":"opticivet-light.ttf","opticivet-light.ttg":"opticivet-light.ttg","opticivet-light.ufm":"opticivet-light.ufm","opticivet-light.woff":"opticivet-light.woff","opticivet-light.z":"opticivet-light.z"},"\/opticivet-light.ufo":{"feature.fea":"feature.fea","fontinfo.plist":"fontinfo.plist","groups.plist":"groups.plist","kerning.plist":"kerning.plist","metainfo.plist":"metainfo.plist"},"\/opticivet-light.ufo\/glyphs":{"A_.glif":"A_.glif","A_E_.glif":"A_E_.glif","A_acute.glif":"A_acute.glif","A_circumflex.glif":"A_circumflex.glif","A_dieresis.glif":"A_dieresis.glif","A_grave.glif":"A_grave.glif","A_ring.glif":"A_ring.glif","A_tilde.glif":"A_tilde.glif","B_.glif":"B_.glif","C_.glif":"C_.glif","C_cedilla.glif":"C_cedilla.glif","D_.glif":"D_.glif","D_elta.glif":"D_elta.glif","E_.glif":"E_.glif","E_acute.glif":"E_acute.glif","E_circumflex.glif":"E_circumflex.glif","E_dieresis.glif":"E_dieresis.glif","E_grave.glif":"E_grave.glif","F_.glif":"F_.glif","G_.glif":"G_.glif","H_.glif":"H_.glif","I_.glif":"I_.glif","I_acute.glif":"I_acute.glif","I_circumflex.glif":"I_circumflex.glif","I_dieresis.glif":"I_dieresis.glif","I_grave.glif":"I_grave.glif","J_.glif":"J_.glif","K_.glif":"K_.glif","L_.glif":"L_.glif","M_.glif":"M_.glif","N_.glif":"N_.glif","N_tilde.glif":"N_tilde.glif","O_.glif":"O_.glif","O_E_.glif":"O_E_.glif","O_acute.glif":"O_acute.glif","O_circumflex.glif":"O_circumflex.glif","O_dieresis.glif":"O_dieresis.glif","O_grave.glif":"O_grave.glif","O_slash.glif":"O_slash.glif","O_tilde.glif":"O_tilde.glif","P_.glif":"P_.glif","Q_.glif":"Q_.glif","R_.glif":"R_.glif","S_.glif":"S_.glif","T_.glif":"T_.glif","U_.glif":"U_.glif","U_acute.glif":"U_acute.glif","U_circumflex.glif":"U_circumflex.glif","U_dieresis.glif":"U_dieresis.glif","U_grave.glif":"U_grave.glif","V_.glif":"V_.glif","W_.glif":"W_.glif","X_.glif":"X_.glif","Y_.glif":"Y_.glif","Y_dieresis.glif":"Y_dieresis.glif","Z_.glif":"Z_.glif","a.glif":"a.glif","aacute.glif":"aacute.glif","acircumflex.glif":"acircumflex.glif","acute.glif":"acute.glif","adieresis.glif":"adieresis.glif","ae.glif":"ae.glif","agrave.glif":"agrave.glif","ampersand.glif":"ampersand.glif","aring.glif":"aring.glif","asciicircum.glif":"asciicircum.glif","asciitilde.glif":"asciitilde.glif","asterisk.glif":"asterisk.glif","at.glif":"at.glif","atilde.glif":"atilde.glif","b.glif":"b.glif","backslash.glif":"backslash.glif","bar.glif":"bar.glif","braceleft.glif":"braceleft.glif","braceright.glif":"braceright.glif","bracketleft.glif":"bracketleft.glif","bracketright.glif":"bracketright.glif","breve.glif":"breve.glif","bullet.glif":"bullet.glif","c.glif":"c.glif","ccedilla.glif":"ccedilla.glif","cent.glif":"cent.glif","circumflex.glif":"circumflex.glif","colon.glif":"colon.glif","comma.glif":"comma.glif","contents.plist":"contents.plist","currency.glif":"currency.glif","d.glif":"d.glif","degree.glif":"degree.glif","dieresis.glif":"dieresis.glif","divide.glif":"divide.glif","dollar.glif":"dollar.glif","dotlessi.glif":"dotlessi.glif","e.glif":"e.glif","eacute.glif":"eacute.glif","ecircumflex.glif":"ecircumflex.glif","edieresis.glif":"edieresis.glif","egrave.glif":"egrave.glif","eight.glif":"eight.glif","ellipsis.glif":"ellipsis.glif","emdash.glif":"emdash.glif","endash.glif":"endash.glif","equal.glif":"equal.glif","exclam.glif":"exclam.glif","exclamdown.glif":"exclamdown.glif","f.glif":"f.glif","fi.glif":"fi.glif","five.glif":"five.glif","four.glif":"four.glif","fraction.glif":"fraction.glif","g.glif":"g.glif","germandbls.glif":"germandbls.glif","grave.glif":"grave.glif","greater.glif":"greater.glif","greaterequal.glif":"greaterequal.glif","guillemotleft.glif":"guillemotleft.glif","guillemotright.glif":"guillemotright.glif","guilsinglleft.glif":"guilsinglleft.glif","guilsinglright.glif":"guilsinglright.glif","h.glif":"h.glif","hyphen.glif":"hyphen.glif","i.glif":"i.glif","iacute.glif":"iacute.glif","icircumflex.glif":"icircumflex.glif","idieresis.glif":"idieresis.glif","igrave.glif":"igrave.glif","infinity.glif":"infinity.glif","j.glif":"j.glif","k.glif":"k.glif","l.glif":"l.glif","less.glif":"less.glif","lessequal.glif":"lessequal.glif","m.glif":"m.glif","n.glif":"n.glif","nine.glif":"nine.glif","ntilde.glif":"ntilde.glif","numbersign.glif":"numbersign.glif","o.glif":"o.glif","oacute.glif":"oacute.glif","ocircumflex.glif":"ocircumflex.glif","odieresis.glif":"odieresis.glif","oe.glif":"oe.glif","ograve.glif":"ograve.glif","one.glif":"one.glif","oslash.glif":"oslash.glif","otilde.glif":"otilde.glif","p.glif":"p.glif","parenleft.glif":"parenleft.glif","parenright.glif":"parenright.glif","percent.glif":"percent.glif","period.glif":"period.glif","periodcentered.glif":"periodcentered.glif","plus.glif":"plus.glif","q.glif":"q.glif","question.glif":"question.glif","quotedbl.glif":"quotedbl.glif","quotedblleft.glif":"quotedblleft.glif","quotedblright.glif":"quotedblright.glif","quoteleft.glif":"quoteleft.glif","quoteright.glif":"quoteright.glif","quotesingle.glif":"quotesingle.glif","r.glif":"r.glif","radical.glif":"radical.glif","ring.glif":"ring.glif","s.glif":"s.glif","section.glif":"section.glif","semicolon.glif":"semicolon.glif","seven.glif":"seven.glif","six.glif":"six.glif","slash.glif":"slash.glif","space.glif":"space.glif","sterling.glif":"sterling.glif","t.glif":"t.glif","three.glif":"three.glif","tilde.glif":"tilde.glif","trademark.glif":"trademark.glif","two.glif":"two.glif","u.glif":"u.glif","uacute.glif":"uacute.glif","ucircumflex.glif":"ucircumflex.glif","udieresis.glif":"udieresis.glif","ugrave.glif":"ugrave.glif","underscore.glif":"underscore.glif","v.glif":"v.glif","w.glif":"w.glif","x.glif":"x.glif","y.glif":"y.glif","ydieresis.glif":"ydieresis.glif","z.glif":"z.glif","zero.glif":"zero.glif"}},"Font":{"uploaded":1472229898.4566,"licence":"gpl3","company":"Chronolabs Cooperative","title":"Ophelia","version":2.001,"date":"Fri Aug 12 09:56:04 2016","creator":"root","type":"1","matrix":"0.001 0 0 0.001 0 0","named":"Ophelia","painttype":"0","info":"10 dict dup","name":"Ophelia","family":"Ophelia","weight":"Medium","fstype":"0","italicangle":"0","underlineposition":"","underlinethickness":""},"Table":{"FFTM":{"entryLength":16,"tag":"FFTM","checksum":1944266884,"offset":19444,"length":28},"GDEF":{"entryLength":16,"tag":"GDEF","checksum":15532038,"offset":19412,"length":32},"OS\/2":{"entryLength":16,"tag":"OS\/2","checksum":1456150492,"offset":344,"length":86},"cmap":{"entryLength":16,"tag":"cmap","checksum":215071976,"offset":1200,"length":602},"gasp":{"entryLength":16,"tag":"gasp","checksum":4294901763,"offset":19404,"length":8},"glyf":{"entryLength":16,"tag":"glyf","checksum":3021395668,"offset":2192,"length":16120},"head":{"entryLength":16,"tag":"head","checksum":173836510,"offset":220,"length":54},"hhea":{"entryLength":16,"tag":"hhea","checksum":124650280,"offset":276,"length":36},"hmtx":{"entryLength":16,"tag":"hmtx","checksum":1062018554,"offset":432,"length":768},"loca":{"entryLength":16,"tag":"loca","checksum":3356997866,"offset":1804,"length":386},"maxp":{"entryLength":16,"tag":"maxp","checksum":17236057,"offset":312,"length":32},"name":{"entryLength":16,"tag":"name","checksum":2987913769,"offset":18312,"length":672},"post":{"entryLength":16,"tag":"post","checksum":653665750,"offset":18984,"length":418}},"UnicodeCharMap":{"32":3,"33":4,"34":5,"35":6,"36":7,"37":8,"38":9,"39":10,"40":11,"41":12,"42":13,"43":14,"44":15,"45":16,"46":17,"47":18,"48":19,"49":20,"50":21,"51":22,"52":23,"53":24,"54":25,"55":26,"56":27,"57":28,"58":29,"59":30,"60":31,"61":32,"62":33,"63":34,"64":35,"65":36,"66":37,"67":38,"68":39,"69":40,"70":41,"71":42,"72":43,"73":44,"74":45,"75":46,"76":47,"77":48,"78":49,"79":50,"80":51,"81":52,"82":53,"83":54,"84":55,"85":56,"86":57,"87":58,"88":59,"89":60,"90":61,"91":62,"92":63,"93":64,"94":65,"95":66,"96":67,"97":68,"98":69,"99":70,"100":71,"101":72,"102":73,"103":74,"104":75,"105":76,"106":77,"107":78,"108":79,"109":80,"110":81,"111":82,"112":83,"113":84,"114":85,"115":86,"116":87,"117":88,"118":89,"119":90,"120":91,"121":92,"122":93,"123":94,"124":95,"125":96,"126":97,"161":98,"162":99,"163":100,"164":101,"167":102,"168":103,"171":104,"176":105,"180":106,"183":107,"187":108,"192":109,"193":110,"194":111,"195":112,"196":113,"197":114,"198":115,"199":116,"200":117,"201":118,"202":119,"203":120,"204":121,"205":122,"206":123,"207":124,"209":125,"210":126,"211":127,"212":128,"213":129,"214":130,"216":131,"217":132,"218":133,"219":134,"220":135,"223":136,"224":137,"225":138,"226":139,"227":140,"228":141,"229":142,"230":143,"231":144,"232":145,"233":146,"234":147,"235":148,"236":149,"237":150,"238":151,"239":152,"241":153,"242":154,"243":155,"244":156,"245":157,"246":158,"247":159,"248":160,"249":161,"250":162,"251":163,"252":164,"255":165,"305":183,"338":182,"339":184,"376":191,"710":177,"728":179,"730":180,"732":178,"916":190,"8211":173,"8212":181,"8216":167,"8217":166,"8220":169,"8221":175,"8226":174,"8230":176,"8249":170,"8250":171,"8260":168,"8482":185,"8730":189,"8734":186,"8804":187,"8805":188,"64257":172},"Reserves":null,"Names":[],"Nodes":{"op":{"type":"typal","node":"op","usage":1,"weight":1},"et":{"type":"typal","node":"et","usage":1,"weight":1},"opt":{"type":"typal","node":"opt","usage":1,"weight":1},"vet":{"type":"typal","node":"vet","usage":1,"weight":1},"opti":{"type":"keys","node":"opti","usage":1,"weight":1},"ivet":{"type":"keys","node":"ivet","usage":1,"weight":1},"optic":{"type":"keys","node":"optic","usage":1,"weight":1},"civet":{"type":"keys","node":"civet","usage":1,"weight":1},"opticivet":{"type":"fixes","node":"opticivet","usage":1,"weight":1}},"Contributors":[],"FontIdentity":"b756da54b808cdcf073449fc27c42ff7","Bytes":1685275,"Networking":[],"barcode":"8siq9moweqsgm","referee":"y6kcmwcs"}