{"CSS":{"Zyankali":"2ec72053def5826c44d80e6ecccae30c.css"},"FontType":"TrueType","FontCopyright":"(C) 1994 Brendel Informatik GmbH","FontName":"Zyankali","FontSubfamily":"Regular","FontSubfamilyID":"B & P Graphics Ltd.:Zyankali","FontFullName":"Zyankali","FontVersion":"B & P Graphics Ltd.:18.07.1995","FontWeight":null,"FontPostscriptName":"Zyankali","Files":{"7cb5f040b782ce321c2d5990b13695f5.css":"7cb5f040b782ce321c2d5990b13695f5.css","Font Preview for Mrs Eaves Smart Lig Bold.gif":"Font Preview for Mrs Eaves Smart Lig Bold.gif","Font Preview for Mrs Eaves Smart Lig Bold.jpg":"Font Preview for Mrs Eaves Smart Lig Bold.jpg","Font Preview for Mrs Eaves Smart Lig Bold.png":"Font Preview for Mrs Eaves Smart Lig Bold.png","MrsEavesSmartLig-Bold.css":"MrsEavesSmartLig-Bold.css","font-name-banner.gif":"font-name-banner.gif","font-name-banner.jpg":"font-name-banner.jpg","font-name-banner.png":"font-name-banner.png","font-resource.json":"font-resource.json","mrseavessmartlig-bold.afm":"mrseavessmartlig-bold.afm","mrseavessmartlig-bold.bin":"mrseavessmartlig-bold.bin","mrseavessmartlig-bold.cef":"mrseavessmartlig-bold.cef","mrseavessmartlig-bold.cff":"mrseavessmartlig-bold.cff","mrseavessmartlig-bold.dfont":"mrseavessmartlig-bold.dfont","mrseavessmartlig-bold.eot":"mrseavessmartlig-bold.eot","mrseavessmartlig-bold.fon":"mrseavessmartlig-bold.fon","mrseavessmartlig-bold.gai":"mrseavessmartlig-bold.gai","mrseavessmartlig-bold.gsf":"mrseavessmartlig-bold.gsf","mrseavessmartlig-bold.hqx":"mrseavessmartlig-bold.hqx","mrseavessmartlig-bold.ik":"mrseavessmartlig-bold.ik","mrseavessmartlig-bold.mf":"mrseavessmartlig-bold.mf","mrseavessmartlig-bold.otf":"mrseavessmartlig-bold.otf","mrseavessmartlig-bold.pcf":"mrseavessmartlig-bold.pcf","mrseavessmartlig-bold.pf3":"mrseavessmartlig-bold.pf3","mrseavessmartlig-bold.pfa":"mrseavessmartlig-bold.pfa","mrseavessmartlig-bold.pfb":"mrseavessmartlig-bold.pfb","mrseavessmartlig-bold.php":"mrseavessmartlig-bold.php","mrseavessmartlig-bold.pmf":"mrseavessmartlig-bold.pmf","mrseavessmartlig-bold.pt3":"mrseavessmartlig-bold.pt3","mrseavessmartlig-bold.sfd":"mrseavessmartlig-bold.sfd","mrseavessmartlig-bold.svg":"mrseavessmartlig-bold.svg","mrseavessmartlig-bold.t42":"mrseavessmartlig-bold.t42","mrseavessmartlig-bold.ttd":"mrseavessmartlig-bold.ttd","mrseavessmartlig-bold.ttf":"mrseavessmartlig-bold.ttf","mrseavessmartlig-bold.ttg":"mrseavessmartlig-bold.ttg","mrseavessmartlig-bold.ufm":"mrseavessmartlig-bold.ufm","mrseavessmartlig-bold.woff":"mrseavessmartlig-bold.woff","mrseavessmartlig-bold.z":"mrseavessmartlig-bold.z","":{"7cb5f040b782ce321c2d5990b13695f5.css":"7cb5f040b782ce321c2d5990b13695f5.css","Font Preview for Mrs Eaves Smart Lig Bold.gif":"Font Preview for Mrs Eaves Smart Lig Bold.gif","Font Preview for Mrs Eaves Smart Lig Bold.jpg":"Font Preview for Mrs Eaves Smart Lig Bold.jpg","Font Preview for Mrs Eaves Smart Lig Bold.png":"Font Preview for Mrs Eaves Smart Lig Bold.png","MrsEavesSmartLig-Bold.css":"MrsEavesSmartLig-Bold.css","font-name-banner.gif":"font-name-banner.gif","font-name-banner.jpg":"font-name-banner.jpg","font-name-banner.png":"font-name-banner.png","font-resource.json":"font-resource.json","mrseavessmartlig-bold.afm":"mrseavessmartlig-bold.afm","mrseavessmartlig-bold.bin":"mrseavessmartlig-bold.bin","mrseavessmartlig-bold.cef":"mrseavessmartlig-bold.cef","mrseavessmartlig-bold.cff":"mrseavessmartlig-bold.cff","mrseavessmartlig-bold.dfont":"mrseavessmartlig-bold.dfont","mrseavessmartlig-bold.eot":"mrseavessmartlig-bold.eot","mrseavessmartlig-bold.fon":"mrseavessmartlig-bold.fon","mrseavessmartlig-bold.gai":"mrseavessmartlig-bold.gai","mrseavessmartlig-bold.gsf":"mrseavessmartlig-bold.gsf","mrseavessmartlig-bold.hqx":"mrseavessmartlig-bold.hqx","mrseavessmartlig-bold.ik":"mrseavessmartlig-bold.ik","mrseavessmartlig-bold.mf":"mrseavessmartlig-bold.mf","mrseavessmartlig-bold.otf":"mrseavessmartlig-bold.otf","mrseavessmartlig-bold.pcf":"mrseavessmartlig-bold.pcf","mrseavessmartlig-bold.pf3":"mrseavessmartlig-bold.pf3","mrseavessmartlig-bold.pfa":"mrseavessmartlig-bold.pfa","mrseavessmartlig-bold.pfb":"mrseavessmartlig-bold.pfb","mrseavessmartlig-bold.php":"mrseavessmartlig-bold.php","mrseavessmartlig-bold.pmf":"mrseavessmartlig-bold.pmf","mrseavessmartlig-bold.pt3":"mrseavessmartlig-bold.pt3","mrseavessmartlig-bold.sfd":"mrseavessmartlig-bold.sfd","mrseavessmartlig-bold.svg":"mrseavessmartlig-bold.svg","mrseavessmartlig-bold.t42":"mrseavessmartlig-bold.t42","mrseavessmartlig-bold.ttd":"mrseavessmartlig-bold.ttd","mrseavessmartlig-bold.ttf":"mrseavessmartlig-bold.ttf","mrseavessmartlig-bold.ttg":"mrseavessmartlig-bold.ttg","mrseavessmartlig-bold.ufm":"mrseavessmartlig-bold.ufm","mrseavessmartlig-bold.woff":"mrseavessmartlig-bold.woff","mrseavessmartlig-bold.z":"mrseavessmartlig-bold.z"},"\/mrseavessmartlig-bold.ufo":{"feature.fea":"feature.fea","fontinfo.plist":"fontinfo.plist","groups.plist":"groups.plist","kerning.plist":"kerning.plist","metainfo.plist":"metainfo.plist"},"\/mrseavessmartlig-bold.ufo\/glyphs":{"A_.glif":"A_.glif","A_E_.glif":"A_E_.glif","A_acute.glif":"A_acute.glif","A_circumflex.glif":"A_circumflex.glif","A_dieresis.glif":"A_dieresis.glif","A_grave.glif":"A_grave.glif","A_ring.glif":"A_ring.glif","A_tilde.glif":"A_tilde.glif","B_.glif":"B_.glif","C_.glif":"C_.glif","C_cedilla.glif":"C_cedilla.glif","D_.glif":"D_.glif","E_.glif":"E_.glif","E_acute.glif":"E_acute.glif","E_circumflex.glif":"E_circumflex.glif","E_dieresis.glif":"E_dieresis.glif","E_grave.glif":"E_grave.glif","E_th.glif":"E_th.glif","F_.glif":"F_.glif","G_.glif":"G_.glif","H_.glif":"H_.glif","I_.glif":"I_.glif","I_acute.glif":"I_acute.glif","I_circumflex.glif":"I_circumflex.glif","I_dieresis.glif":"I_dieresis.glif","I_grave.glif":"I_grave.glif","J_.glif":"J_.glif","K_.glif":"K_.glif","L_.glif":"L_.glif","M_.glif":"M_.glif","N_.glif":"N_.glif","N_tilde.glif":"N_tilde.glif","O_.glif":"O_.glif","O_E_.glif":"O_E_.glif","O_acute.glif":"O_acute.glif","O_circumflex.glif":"O_circumflex.glif","O_dieresis.glif":"O_dieresis.glif","O_grave.glif":"O_grave.glif","O_slash.glif":"O_slash.glif","O_tilde.glif":"O_tilde.glif","P_.glif":"P_.glif","Q_.glif":"Q_.glif","R_.glif":"R_.glif","S_.glif":"S_.glif","S_caron.glif":"S_caron.glif","T_.glif":"T_.glif","T_horn.glif":"T_horn.glif","U_.glif":"U_.glif","U_acute.glif":"U_acute.glif","U_circumflex.glif":"U_circumflex.glif","U_dieresis.glif":"U_dieresis.glif","U_grave.glif":"U_grave.glif","V_.glif":"V_.glif","W_.glif":"W_.glif","X_.glif":"X_.glif","Y_.glif":"Y_.glif","Y_acute.glif":"Y_acute.glif","Y_dieresis.glif":"Y_dieresis.glif","Z_.glif":"Z_.glif","_notdef.glif":"_notdef.glif","a.glif":"a.glif","aacute.glif":"aacute.glif","acircumflex.glif":"acircumflex.glif","acute.glif":"acute.glif","adieresis.glif":"adieresis.glif","ae.glif":"ae.glif","agrave.glif":"agrave.glif","ampersand.glif":"ampersand.glif","aring.glif":"aring.glif","asciicircum.glif":"asciicircum.glif","asciitilde.glif":"asciitilde.glif","asterisk.glif":"asterisk.glif","at.glif":"at.glif","atilde.glif":"atilde.glif","b.glif":"b.glif","backslash.glif":"backslash.glif","bar.glif":"bar.glif","braceleft.glif":"braceleft.glif","braceright.glif":"braceright.glif","bracketleft.glif":"bracketleft.glif","bracketright.glif":"bracketright.glif","brokenbar.glif":"brokenbar.glif","bullet.glif":"bullet.glif","c.glif":"c.glif","ccedilla.glif":"ccedilla.glif","cedilla.glif":"cedilla.glif","cent.glif":"cent.glif","circumflex.glif":"circumflex.glif","colon.glif":"colon.glif","comma.glif":"comma.glif","contents.plist":"contents.plist","copyright.glif":"copyright.glif","currency.glif":"currency.glif","d.glif":"d.glif","dagger.glif":"dagger.glif","daggerdbl.glif":"daggerdbl.glif","degree.glif":"degree.glif","dieresis.glif":"dieresis.glif","divide.glif":"divide.glif","dollar.glif":"dollar.glif","e.glif":"e.glif","eacute.glif":"eacute.glif","ecircumflex.glif":"ecircumflex.glif","edieresis.glif":"edieresis.glif","egrave.glif":"egrave.glif","eight.glif":"eight.glif","ellipsis.glif":"ellipsis.glif","emdash.glif":"emdash.glif","endash.glif":"endash.glif","equal.glif":"equal.glif","eth.glif":"eth.glif","exclam.glif":"exclam.glif","exclamdown.glif":"exclamdown.glif","f.glif":"f.glif","five.glif":"five.glif","florin.glif":"florin.glif","four.glif":"four.glif","g.glif":"g.glif","germandbls.glif":"germandbls.glif","grave.glif":"grave.glif","greater.glif":"greater.glif","guillemotleft.glif":"guillemotleft.glif","guillemotright.glif":"guillemotright.glif","guilsinglleft.glif":"guilsinglleft.glif","guilsinglright.glif":"guilsinglright.glif","h.glif":"h.glif","hyphen.glif":"hyphen.glif","i.glif":"i.glif","iacute.glif":"iacute.glif","icircumflex.glif":"icircumflex.glif","idieresis.glif":"idieresis.glif","igrave.glif":"igrave.glif","j.glif":"j.glif","k.glif":"k.glif","l.glif":"l.glif","less.glif":"less.glif","logicalnot.glif":"logicalnot.glif","m.glif":"m.glif","macron.glif":"macron.glif","minus.glif":"minus.glif","mu.glif":"mu.glif","multiply.glif":"multiply.glif","n.glif":"n.glif","nbspace.glif":"nbspace.glif","nine.glif":"nine.glif","ntilde.glif":"ntilde.glif","numbersign.glif":"numbersign.glif","o.glif":"o.glif","oacute.glif":"oacute.glif","ocircumflex.glif":"ocircumflex.glif","odieresis.glif":"odieresis.glif","oe.glif":"oe.glif","ograve.glif":"ograve.glif","one.glif":"one.glif","onehalf.glif":"onehalf.glif","onequarter.glif":"onequarter.glif","onesuperior.glif":"onesuperior.glif","ordfeminine.glif":"ordfeminine.glif","ordmasculine.glif":"ordmasculine.glif","oslash.glif":"oslash.glif","otilde.glif":"otilde.glif","p.glif":"p.glif","paragraph.glif":"paragraph.glif","parenleft.glif":"parenleft.glif","parenright.glif":"parenright.glif","percent.glif":"percent.glif","period.glif":"period.glif","periodcentered.glif":"periodcentered.glif","perthousand.glif":"perthousand.glif","plus.glif":"plus.glif","plusminus.glif":"plusminus.glif","q.glif":"q.glif","question.glif":"question.glif","questiondown.glif":"questiondown.glif","quotedbl.glif":"quotedbl.glif","quotedblbase.glif":"quotedblbase.glif","quotedblleft.glif":"quotedblleft.glif","quotedblright.glif":"quotedblright.glif","quoteleft.glif":"quoteleft.glif","quoteright.glif":"quoteright.glif","quotesinglbase.glif":"quotesinglbase.glif","quotesingle.glif":"quotesingle.glif","r.glif":"r.glif","registered.glif":"registered.glif","s.glif":"s.glif","scaron.glif":"scaron.glif","section.glif":"section.glif","semicolon.glif":"semicolon.glif","seven.glif":"seven.glif","six.glif":"six.glif","slash.glif":"slash.glif","space.glif":"space.glif","sterling.glif":"sterling.glif","t.glif":"t.glif","thorn.glif":"thorn.glif","three.glif":"three.glif","threequarters.glif":"threequarters.glif","threesuperior.glif":"threesuperior.glif","tilde.glif":"tilde.glif","trademark.glif":"trademark.glif","two.glif":"two.glif","twosuperior.glif":"twosuperior.glif","u.glif":"u.glif","uacute.glif":"uacute.glif","ucircumflex.glif":"ucircumflex.glif","udieresis.glif":"udieresis.glif","ugrave.glif":"ugrave.glif","underscore.glif":"underscore.glif","v.glif":"v.glif","w.glif":"w.glif","x.glif":"x.glif","y.glif":"y.glif","yacute.glif":"yacute.glif","ydieresis.glif":"ydieresis.glif","yen.glif":"yen.glif","z.glif":"z.glif","zero.glif":"zero.glif"}},"Table":{"FFTM":{"entryLength":16,"tag":"FFTM","checksum":3037428566,"offset":37444,"length":28},"GDEF":{"entryLength":16,"tag":"GDEF","checksum":16842756,"offset":34140,"length":32},"GPOS":{"entryLength":16,"tag":"GPOS","checksum":4162044536,"offset":34220,"length":3224},"GSUB":{"entryLength":16,"tag":"GSUB","checksum":3103766782,"offset":34172,"length":48},"OS\/2":{"entryLength":16,"tag":"OS\/2","checksum":2083141219,"offset":376,"length":96},"cmap":{"entryLength":16,"tag":"cmap","checksum":799316208,"offset":1320,"length":724},"gasp":{"entryLength":16,"tag":"gasp","checksum":4294901763,"offset":34132,"length":8},"glyf":{"entryLength":16,"tag":"glyf","checksum":1842972428,"offset":2472,"length":30624},"head":{"entryLength":16,"tag":"head","checksum":166480583,"offset":252,"length":54},"hhea":{"entryLength":16,"tag":"hhea","checksum":119866225,"offset":308,"length":36},"hmtx":{"entryLength":16,"tag":"hmtx","checksum":1408702022,"offset":472,"length":848},"loca":{"entryLength":16,"tag":"loca","checksum":1285173246,"offset":2044,"length":426},"maxp":{"entryLength":16,"tag":"maxp","checksum":18612381,"offset":344,"length":32},"name":{"entryLength":16,"tag":"name","checksum":3422781498,"offset":33096,"length":558},"post":{"entryLength":16,"tag":"post","checksum":4158117096,"offset":33656,"length":473}},"UnicodeCharMap":{"32":3,"33":4,"34":5,"35":6,"36":7,"37":8,"38":9,"39":10,"40":11,"41":12,"42":13,"43":14,"44":15,"45":16,"46":17,"47":18,"48":19,"49":20,"50":21,"51":22,"52":23,"53":24,"54":25,"55":26,"56":27,"57":28,"58":29,"59":30,"60":31,"61":32,"62":33,"63":34,"64":35,"65":36,"66":37,"67":38,"68":39,"69":40,"70":41,"71":42,"72":43,"73":44,"74":45,"75":46,"76":47,"77":48,"78":49,"79":50,"80":51,"81":52,"82":53,"83":54,"84":55,"85":56,"86":57,"87":58,"88":59,"89":60,"90":61,"91":62,"92":63,"93":64,"94":65,"95":66,"96":67,"97":68,"98":69,"99":70,"100":71,"101":72,"102":73,"103":74,"104":75,"105":76,"106":77,"107":78,"108":79,"109":80,"110":81,"111":82,"112":83,"113":84,"114":85,"115":86,"116":87,"117":88,"118":89,"119":90,"120":91,"121":92,"122":93,"123":94,"124":95,"125":96,"126":97,"128":98,"130":99,"132":100,"133":101,"134":102,"135":103,"137":104,"139":105,"140":106,"145":107,"146":108,"147":109,"148":110,"149":111,"150":112,"151":113,"155":114,"156":115,"159":116,"160":117,"161":118,"162":119,"163":120,"164":121,"165":122,"167":123,"168":124,"171":125,"176":126,"177":127,"180":128,"181":129,"184":130,"187":131,"191":132,"192":133,"193":134,"194":135,"195":136,"196":137,"197":138,"198":139,"199":140,"200":141,"201":142,"202":143,"203":144,"204":145,"205":146,"206":147,"207":148,"209":149,"210":150,"211":151,"212":152,"213":153,"214":154,"216":155,"217":156,"218":157,"219":158,"220":159,"223":160,"224":161,"225":162,"226":163,"227":164,"228":165,"229":166,"230":167,"231":168,"232":169,"233":170,"234":171,"235":172,"236":173,"237":174,"238":175,"239":176,"241":177,"242":178,"243":179,"244":180,"245":181,"246":182,"247":183,"248":184,"249":185,"250":186,"251":187,"252":188,"255":189,"291":190,"292":191,"338":106,"339":115,"376":116,"770":192,"771":193,"931":194,"937":195,"960":196,"8211":112,"8212":113,"8216":107,"8217":108,"8218":99,"8220":109,"8221":110,"8222":100,"8224":102,"8225":103,"8226":111,"8230":101,"8240":104,"8249":105,"8250":114,"8364":98,"8706":197,"8710":198,"8719":199,"8725":200,"8729":201,"8730":202,"8734":203,"8747":204,"8776":205,"8800":206,"8804":207,"8805":208,"9674":209,"61440":210},"Reserves":{"fontname":"Zyankali"},"Names":{"Zyankali":{"name":"Zyankali","longitude":"0.00000001","latitude":"0.00000001","country":"","region":"","city":""}},"Nodes":{"zy":{"type":"typal","node":"zy","usage":1,"weight":1},"li":{"type":"typal","node":"li","usage":1,"weight":1},"zya":{"type":"typal","node":"zya","usage":1,"weight":1},"ali":{"type":"typal","node":"ali","usage":1,"weight":1},"zyan":{"type":"keys","node":"zyan","usage":1,"weight":1},"kali":{"type":"keys","node":"kali","usage":1,"weight":1},"zyank":{"type":"keys","node":"zyank","usage":1,"weight":1},"nkali":{"type":"keys","node":"nkali","usage":1,"weight":1},"zyankali":{"type":"fixes","node":"zyankali","usage":1,"weight":1}},"Contributors":[],"FontIdentity":"2ec72053def5826c44d80e6ecccae30c","Bytes":null,"Networking":[]}