{"CSS":{"Bodoni MT Poster Compressed":"Bodoni+MT+Poster+Compressed.css"},"FontType":"TrueType","FontCopyright":"Digitized data copyright Monotype Typography, Ltd 1991-1995. All rights reserved. Monotype BodoniTM is a trademark of Monotype Typography, Ltd which may be registered in certain jurisdictions.","FontName":"Bodoni MT Poster Compressed","FontSubfamily":"Light","FontSubfamilyID":"FontForge 2.0 : Bodoni MT Poster Compressed : 1-9-2016","FontFullName":"Bodoni MT Poster Compressed","FontVersion":"Version 2.10 ","FontWeight":null,"FontPostscriptName":"BodoniMTPosterCompressed","Files":{"bod_pstc.afm":"bod_pstc.afm","bod_pstc.bin":"bod_pstc.bin","bod_pstc.cef":"bod_pstc.cef","bod_pstc.cff":"bod_pstc.cff","bod_pstc.cid":"bod_pstc.cid","bod_pstc.dfont":"bod_pstc.dfont","bod_pstc.eot":"bod_pstc.eot","bod_pstc.fon":"bod_pstc.fon","bod_pstc.gai":"bod_pstc.gai","bod_pstc.gsf":"bod_pstc.gsf","bod_pstc.hqx":"bod_pstc.hqx","bod_pstc.ik":"bod_pstc.ik","bod_pstc.mf":"bod_pstc.mf","bod_pstc.otf":"bod_pstc.otf","bod_pstc.pcf":"bod_pstc.pcf","bod_pstc.pf3":"bod_pstc.pf3","bod_pstc.pfa":"bod_pstc.pfa","bod_pstc.pfb":"bod_pstc.pfb","bod_pstc.php":"bod_pstc.php","bod_pstc.pmf":"bod_pstc.pmf","bod_pstc.pt3":"bod_pstc.pt3","bod_pstc.sfd":"bod_pstc.sfd","bod_pstc.svg":"bod_pstc.svg","bod_pstc.t42":"bod_pstc.t42","bod_pstc.ttd":"bod_pstc.ttd","bod_pstc.ttf":"bod_pstc.ttf","bod_pstc.ttg":"bod_pstc.ttg","bod_pstc.ufm":"bod_pstc.ufm","bod_pstc.woff":"bod_pstc.woff","bod_pstc.z":"bod_pstc.z","":{"bod_pstc.afm":"bod_pstc.afm","bod_pstc.bin":"bod_pstc.bin","bod_pstc.cef":"bod_pstc.cef","bod_pstc.cff":"bod_pstc.cff","bod_pstc.cid":"bod_pstc.cid","bod_pstc.dfont":"bod_pstc.dfont","bod_pstc.eot":"bod_pstc.eot","bod_pstc.fon":"bod_pstc.fon","bod_pstc.gai":"bod_pstc.gai","bod_pstc.gsf":"bod_pstc.gsf","bod_pstc.hqx":"bod_pstc.hqx","bod_pstc.ik":"bod_pstc.ik","bod_pstc.mf":"bod_pstc.mf","bod_pstc.otf":"bod_pstc.otf","bod_pstc.pcf":"bod_pstc.pcf","bod_pstc.pf3":"bod_pstc.pf3","bod_pstc.pfa":"bod_pstc.pfa","bod_pstc.pfb":"bod_pstc.pfb","bod_pstc.php":"bod_pstc.php","bod_pstc.pmf":"bod_pstc.pmf","bod_pstc.pt3":"bod_pstc.pt3","bod_pstc.sfd":"bod_pstc.sfd","bod_pstc.svg":"bod_pstc.svg","bod_pstc.t42":"bod_pstc.t42","bod_pstc.ttd":"bod_pstc.ttd","bod_pstc.ttf":"bod_pstc.ttf","bod_pstc.ttg":"bod_pstc.ttg","bod_pstc.ufm":"bod_pstc.ufm","bod_pstc.woff":"bod_pstc.woff","bod_pstc.z":"bod_pstc.z"},"\/bod_pstc.ufo":{"feature.fea":"feature.fea","fontinfo.plist":"fontinfo.plist","groups.plist":"groups.plist","kerning.plist":"kerning.plist","metainfo.plist":"metainfo.plist"},"\/bod_pstc.ufo\/glyphs":{"A_.glif":"A_.glif","A_E_.glif":"A_E_.glif","A_acute.glif":"A_acute.glif","A_circumflex.glif":"A_circumflex.glif","A_dieresis.glif":"A_dieresis.glif","A_grave.glif":"A_grave.glif","A_ring.glif":"A_ring.glif","A_tilde.glif":"A_tilde.glif","B_.glif":"B_.glif","C_.glif":"C_.glif","C_acute.glif":"C_acute.glif","C_caron.glif":"C_caron.glif","C_cedilla.glif":"C_cedilla.glif","D_.glif":"D_.glif","E_.glif":"E_.glif","E_acute.glif":"E_acute.glif","E_circumflex.glif":"E_circumflex.glif","E_dieresis.glif":"E_dieresis.glif","E_grave.glif":"E_grave.glif","E_th.glif":"E_th.glif","E_uro.glif":"E_uro.glif","F_.glif":"F_.glif","G_.glif":"G_.glif","G_breve.glif":"G_breve.glif","H_.glif":"H_.glif","I_.glif":"I_.glif","I_acute.glif":"I_acute.glif","I_circumflex.glif":"I_circumflex.glif","I_dieresis.glif":"I_dieresis.glif","I_dotaccent.glif":"I_dotaccent.glif","I_grave.glif":"I_grave.glif","J_.glif":"J_.glif","K_.glif":"K_.glif","L_.glif":"L_.glif","L_slash.glif":"L_slash.glif","M_.glif":"M_.glif","N_.glif":"N_.glif","N_tilde.glif":"N_tilde.glif","O_.glif":"O_.glif","O_E_.glif":"O_E_.glif","O_acute.glif":"O_acute.glif","O_circumflex.glif":"O_circumflex.glif","O_dieresis.glif":"O_dieresis.glif","O_grave.glif":"O_grave.glif","O_mega.glif":"O_mega.glif","O_slash.glif":"O_slash.glif","O_tilde.glif":"O_tilde.glif","P_.glif":"P_.glif","Q_.glif":"Q_.glif","R_.glif":"R_.glif","S_.glif":"S_.glif","S_caron.glif":"S_caron.glif","S_cedilla.glif":"S_cedilla.glif","S_igma.glif":"S_igma.glif","T_.glif":"T_.glif","T_horn.glif":"T_horn.glif","U_.glif":"U_.glif","U_acute.glif":"U_acute.glif","U_circumflex.glif":"U_circumflex.glif","U_dieresis.glif":"U_dieresis.glif","U_grave.glif":"U_grave.glif","V_.glif":"V_.glif","W_.glif":"W_.glif","X_.glif":"X_.glif","Y_.glif":"Y_.glif","Y_acute.glif":"Y_acute.glif","Y_dieresis.glif":"Y_dieresis.glif","Z_.glif":"Z_.glif","Z_caron.glif":"Z_caron.glif","_notdef.glif":"_notdef.glif","_null.glif":"_null.glif","a.glif":"a.glif","aacute.glif":"aacute.glif","acircumflex.glif":"acircumflex.glif","acute.glif":"acute.glif","adieresis.glif":"adieresis.glif","ae.glif":"ae.glif","agrave.glif":"agrave.glif","ampersand.glif":"ampersand.glif","approxequal.glif":"approxequal.glif","aring.glif":"aring.glif","asciicircum.glif":"asciicircum.glif","asciitilde.glif":"asciitilde.glif","asterisk.glif":"asterisk.glif","at.glif":"at.glif","atilde.glif":"atilde.glif","b.glif":"b.glif","backslash.glif":"backslash.glif","bar.glif":"bar.glif","braceleft.glif":"braceleft.glif","braceright.glif":"braceright.glif","bracketleft.glif":"bracketleft.glif","bracketright.glif":"bracketright.glif","breve.glif":"breve.glif","brokenbar.glif":"brokenbar.glif","bullet.glif":"bullet.glif","c.glif":"c.glif","cacute.glif":"cacute.glif","caron.glif":"caron.glif","ccaron.glif":"ccaron.glif","ccedilla.glif":"ccedilla.glif","cedilla.glif":"cedilla.glif","cent.glif":"cent.glif","circumflex.glif":"circumflex.glif","colon.glif":"colon.glif","comma.glif":"comma.glif","contents.plist":"contents.plist","copyright.glif":"copyright.glif","currency.glif":"currency.glif","d.glif":"d.glif","dagger.glif":"dagger.glif","daggerdbl.glif":"daggerdbl.glif","dcroat.glif":"dcroat.glif","degree.glif":"degree.glif","dieresis.glif":"dieresis.glif","divide.glif":"divide.glif","dollar.glif":"dollar.glif","dotaccent.glif":"dotaccent.glif","dotlessi.glif":"dotlessi.glif","e.glif":"e.glif","eacute.glif":"eacute.glif","ecircumflex.glif":"ecircumflex.glif","edieresis.glif":"edieresis.glif","egrave.glif":"egrave.glif","eight.glif":"eight.glif","ellipsis.glif":"ellipsis.glif","emdash.glif":"emdash.glif","endash.glif":"endash.glif","equal.glif":"equal.glif","eth.glif":"eth.glif","exclam.glif":"exclam.glif","exclamdown.glif":"exclamdown.glif","f.glif":"f.glif","five.glif":"five.glif","florin.glif":"florin.glif","four.glif":"four.glif","fraction.glif":"fraction.glif","franc.glif":"franc.glif","g.glif":"g.glif","gbreve.glif":"gbreve.glif","germandbls.glif":"germandbls.glif","grave.glif":"grave.glif","greater.glif":"greater.glif","greaterequal.glif":"greaterequal.glif","guillemotleft.glif":"guillemotleft.glif","guillemotright.glif":"guillemotright.glif","guilsinglleft.glif":"guilsinglleft.glif","guilsinglright.glif":"guilsinglright.glif","h.glif":"h.glif","hyphen.glif":"hyphen.glif","i.glif":"i.glif","iacute.glif":"iacute.glif","icircumflex.glif":"icircumflex.glif","idieresis.glif":"idieresis.glif","igrave.glif":"igrave.glif","infinity.glif":"infinity.glif","integral.glif":"integral.glif","j.glif":"j.glif","k.glif":"k.glif","l.glif":"l.glif","less.glif":"less.glif","lessequal.glif":"lessequal.glif","logicalnot.glif":"logicalnot.glif","lozenge.glif":"lozenge.glif","lslash.glif":"lslash.glif","m.glif":"m.glif","macron.glif":"macron.glif","minus.glif":"minus.glif","multiply.glif":"multiply.glif","n.glif":"n.glif","nine.glif":"nine.glif","nonmarkingreturn.glif":"nonmarkingreturn.glif","notequal.glif":"notequal.glif","ntilde.glif":"ntilde.glif","numbersign.glif":"numbersign.glif","o.glif":"o.glif","oacute.glif":"oacute.glif","ocircumflex.glif":"ocircumflex.glif","odieresis.glif":"odieresis.glif","oe.glif":"oe.glif","ogonek.glif":"ogonek.glif","ograve.glif":"ograve.glif","one.glif":"one.glif","onehalf.glif":"onehalf.glif","onequarter.glif":"onequarter.glif","onesuperior.glif":"onesuperior.glif","ordfeminine.glif":"ordfeminine.glif","ordmasculine.glif":"ordmasculine.glif","oslash.glif":"oslash.glif","otilde.glif":"otilde.glif","p.glif":"p.glif","paragraph.glif":"paragraph.glif","parenleft.glif":"parenleft.glif","parenright.glif":"parenright.glif","partialdiff.glif":"partialdiff.glif","percent.glif":"percent.glif","period.glif":"period.glif","perthousand.glif":"perthousand.glif","pi.glif":"pi.glif","plus.glif":"plus.glif","plusminus.glif":"plusminus.glif","product.glif":"product.glif","q.glif":"q.glif","question.glif":"question.glif","questiondown.glif":"questiondown.glif","quotedbl.glif":"quotedbl.glif","quotedblbase.glif":"quotedblbase.glif","quotedblleft.glif":"quotedblleft.glif","quotedblright.glif":"quotedblright.glif","quoteleft.glif":"quoteleft.glif","quoteright.glif":"quoteright.glif","quotesinglbase.glif":"quotesinglbase.glif","quotesingle.glif":"quotesingle.glif","r.glif":"r.glif","radical.glif":"radical.glif","registered.glif":"registered.glif","ring.glif":"ring.glif","s.glif":"s.glif","scaron.glif":"scaron.glif","scedilla.glif":"scedilla.glif","section.glif":"section.glif","semicolon.glif":"semicolon.glif","seven.glif":"seven.glif","six.glif":"six.glif","slash.glif":"slash.glif","space.glif":"space.glif","sterling.glif":"sterling.glif","t.glif":"t.glif","thorn.glif":"thorn.glif","three.glif":"three.glif","threequarters.glif":"threequarters.glif","threesuperior.glif":"threesuperior.glif","tilde.glif":"tilde.glif","trademark.glif":"trademark.glif","two.glif":"two.glif","twosuperior.glif":"twosuperior.glif","u.glif":"u.glif","uacute.glif":"uacute.glif","ucircumflex.glif":"ucircumflex.glif","udieresis.glif":"udieresis.glif","ugrave.glif":"ugrave.glif","underscore.glif":"underscore.glif","uni00A_0.glif":"uni00A_0.glif","uni00A_D_.glif":"uni00A_D_.glif","uni00A_F_.glif":"uni00A_F_.glif","uni00B_5.glif":"uni00B_5.glif","uni00B_7.glif":"uni00B_7.glif","uni02B_A_.glif":"uni02B_A_.glif","uni2206.glif":"uni2206.glif","uniF_000.glif":"uniF_000.glif","uniF_001.glif":"uniF_001.glif","uniF_002.glif":"uniF_002.glif","v.glif":"v.glif","w.glif":"w.glif","x.glif":"x.glif","y.glif":"y.glif","yacute.glif":"yacute.glif","ydieresis.glif":"ydieresis.glif","yen.glif":"yen.glif","z.glif":"z.glif","zcaron.glif":"zcaron.glif","zero.glif":"zero.glif"}},"Font":{"uploaded":1472718783.2903,"licence":"gpl3","company":"Chronolabs Cooperative","title":"Bodoni MTPoster Compressed","version":2.001,"date":"Sun Aug 28 07:52:25 2016","creator":"root","type":"1","matrix":"0.000488281 0 0 0.000488281 0 0","named":"BodoniMTPosterCompressed","painttype":"0","info":"10 dict dup","name":"Bodoni MT Poster Compressed","family":"Bodoni MT Poster Compressed","weight":"Light","fstype":"8","italicangle":"0","underlineposition":"","underlinethickness":""},"Table":{"FFTM":{"entryLength":16,"tag":"FFTM","checksum":1947015940,"offset":34036,"length":28},"GDEF":{"entryLength":16,"tag":"GDEF","checksum":20054020,"offset":34004,"length":32},"OS\/2":{"entryLength":16,"tag":"OS\/2","checksum":2219533824,"offset":344,"length":86},"cmap":{"entryLength":16,"tag":"cmap","checksum":2687043886,"offset":1476,"length":716},"gasp":{"entryLength":16,"tag":"gasp","checksum":4294901763,"offset":33996,"length":8},"glyf":{"entryLength":16,"tag":"glyf","checksum":1771790966,"offset":2716,"length":29408},"head":{"entryLength":16,"tag":"head","checksum":231118030,"offset":220,"length":54},"hhea":{"entryLength":16,"tag":"hhea","checksum":251266572,"offset":276,"length":36},"hmtx":{"entryLength":16,"tag":"hmtx","checksum":2538154179,"offset":432,"length":1044},"loca":{"entryLength":16,"tag":"loca","checksum":1810794986,"offset":2192,"length":524},"maxp":{"entryLength":16,"tag":"maxp","checksum":22216982,"offset":312,"length":32},"name":{"entryLength":16,"tag":"name","checksum":611796935,"offset":32124,"length":1221},"post":{"entryLength":16,"tag":"post","checksum":2030781533,"offset":33348,"length":647}},"UnicodeCharMap":{"0":1,"13":2,"32":3,"33":4,"34":5,"35":6,"36":7,"37":8,"38":9,"39":10,"40":11,"41":12,"42":13,"43":14,"44":15,"45":16,"46":17,"47":18,"48":19,"49":20,"50":21,"51":22,"52":23,"53":24,"54":25,"55":26,"56":27,"57":28,"58":29,"59":30,"60":31,"61":32,"62":33,"63":34,"64":35,"65":36,"66":37,"67":38,"68":39,"69":40,"70":41,"71":42,"72":43,"73":44,"74":45,"75":46,"76":47,"77":48,"78":49,"79":50,"80":51,"81":52,"82":53,"83":54,"84":55,"85":56,"86":57,"87":58,"88":59,"89":60,"90":61,"91":62,"92":63,"93":64,"94":65,"95":66,"96":67,"97":68,"98":69,"99":70,"100":71,"101":72,"102":73,"103":74,"104":75,"105":76,"106":77,"107":78,"108":79,"109":80,"110":81,"111":82,"112":83,"113":84,"114":85,"115":86,"116":87,"117":88,"118":89,"119":90,"120":91,"121":92,"122":93,"123":94,"124":95,"125":96,"126":97,"160":98,"161":99,"162":100,"163":101,"164":102,"165":103,"166":104,"167":105,"168":106,"169":107,"170":108,"171":109,"172":110,"173":111,"174":112,"175":113,"176":114,"177":115,"178":116,"179":117,"180":118,"181":119,"182":120,"183":121,"184":122,"185":123,"186":124,"187":125,"188":126,"189":127,"190":128,"191":129,"192":130,"193":131,"194":132,"195":133,"196":134,"197":135,"198":136,"199":137,"200":138,"201":139,"202":140,"203":141,"204":142,"205":143,"206":144,"207":145,"208":146,"209":147,"210":148,"211":149,"212":150,"213":151,"214":152,"215":153,"216":154,"217":155,"218":156,"219":157,"220":158,"221":159,"222":160,"223":161,"224":162,"225":163,"226":164,"227":165,"228":166,"229":167,"230":168,"231":169,"232":170,"233":171,"234":172,"235":173,"236":174,"237":175,"238":176,"239":177,"240":178,"241":179,"242":180,"243":181,"244":182,"245":183,"246":184,"247":185,"248":186,"249":187,"250":188,"251":189,"252":190,"253":191,"254":192,"255":193,"262":256,"263":257,"268":258,"269":259,"273":260,"286":251,"287":252,"304":253,"305":233,"321":243,"322":244,"338":212,"339":213,"350":254,"351":255,"352":245,"353":246,"376":221,"381":247,"382":248,"402":208,"698":240,"710":234,"711":242,"728":237,"729":238,"730":239,"731":241,"732":235,"931":202,"937":206,"960":204,"8211":214,"8212":215,"8216":218,"8217":219,"8218":229,"8220":216,"8221":217,"8222":230,"8224":194,"8225":228,"8226":195,"8230":211,"8240":231,"8249":224,"8250":225,"8260":222,"8355":250,"8364":223,"8482":196,"8706":201,"8710":210,"8719":203,"8722":249,"8730":207,"8734":198,"8747":205,"8776":209,"8800":197,"8804":199,"8805":200,"9674":220,"61440":232,"61441":226,"61442":227},"Reserves":null,"Names":[],"Nodes":{"bo":{"type":"typal","node":"bo","usage":1,"weight":1},"ni":{"type":"typal","node":"ni","usage":1,"weight":1},"po":{"type":"typal","node":"po","usage":1,"weight":1},"er":{"type":"typal","node":"er","usage":1,"weight":1},"co":{"type":"typal","node":"co","usage":1,"weight":1},"ed":{"type":"typal","node":"ed","usage":1,"weight":1},"bod":{"type":"typal","node":"bod","usage":1,"weight":1},"oni":{"type":"typal","node":"oni","usage":1,"weight":1},"pos":{"type":"typal","node":"pos","usage":1,"weight":1},"ter":{"type":"typal","node":"ter","usage":1,"weight":1},"com":{"type":"typal","node":"com","usage":1,"weight":1},"sed":{"type":"typal","node":"sed","usage":1,"weight":1},"bodo":{"type":"keys","node":"bodo","usage":1,"weight":1},"doni":{"type":"keys","node":"doni","usage":1,"weight":1},"post":{"type":"keys","node":"post","usage":1,"weight":1},"ster":{"type":"keys","node":"ster","usage":1,"weight":1},"comp":{"type":"keys","node":"comp","usage":1,"weight":1},"ssed":{"type":"keys","node":"ssed","usage":1,"weight":1},"bodon":{"type":"keys","node":"bodon","usage":1,"weight":1},"odoni":{"type":"keys","node":"odoni","usage":1,"weight":1},"poste":{"type":"keys","node":"poste","usage":1,"weight":1},"oster":{"type":"keys","node":"oster","usage":1,"weight":1},"compr":{"type":"keys","node":"compr","usage":1,"weight":1},"essed":{"type":"keys","node":"essed","usage":1,"weight":1},"bodoni":{"type":"fixes","node":"bodoni","usage":1,"weight":1},"mt":{"type":"fixes","node":"mt","usage":1,"weight":1},"poster":{"type":"fixes","node":"poster","usage":1,"weight":1},"compressed":{"type":"fixes","node":"compressed","usage":1,"weight":1}},"Contributors":[],"FontIdentity":"9077035212c878b41c39e8944ef264f7","Bytes":3850085,"Networking":[],"barcode":"qskawage5m8ua","referee":"sqa5sao"}