{"CSS":{"Auriol Vignette Sylvie":"Auriol Vignette Sylvie.css"},"FontType":"TrueType","FontCopyright":"The digitally encoded machine readable software for producing the Typefaces licensed to you is copyrighted (c) 1991, 2000 Linotype Library GmbH or its affiliated Linotype-Hell companies.  All rights reserved.  This software is now the property of Heidelberger Druckmaschinen AG and its licensors and may not be reproduced, used, displayed, modified, disclosed or transferred without the express written approval of Heidelberger Druckmaschinen AG.","FontName":"Auriol VignetteSylvie","FontSubfamily":"Regular","FontSubfamilyID":"LinotypeLibraryGmbH: Auriol Vignette Sylvie: 2000","FontFullName":"Auriol Vignette Sylvie","FontVersion":"Version 2.0; 2000; initial release","FontWeight":null,"FontPostscriptName":"Auriol-VignetteSylvie","Files":null,"Table":{"FFTM":{"entryLength":16,"tag":"FFTM","checksum":943866796,"offset":72628,"length":28},"GDEF":{"entryLength":16,"tag":"GDEF","checksum":7274502,"offset":72596,"length":32},"OS\/2":{"entryLength":16,"tag":"OS\/2","checksum":1559198346,"offset":392,"length":86},"cmap":{"entryLength":16,"tag":"cmap","checksum":2506942121,"offset":744,"length":466},"cvt ":{"entryLength":16,"tag":"cvt ","checksum":5572540,"offset":1608,"length":26},"fpgm":{"entryLength":16,"tag":"fpgm","checksum":3378557339,"offset":1212,"length":339},"gasp":{"entryLength":16,"tag":"gasp","checksum":1507337,"offset":72580,"length":16},"glyf":{"entryLength":16,"tag":"glyf","checksum":3366781438,"offset":1772,"length":66356},"head":{"entryLength":16,"tag":"head","checksum":154184685,"offset":268,"length":54},"hhea":{"entryLength":16,"tag":"hhea","checksum":121569875,"offset":324,"length":36},"hmtx":{"entryLength":16,"tag":"hmtx","checksum":3867810391,"offset":480,"length":264},"loca":{"entryLength":16,"tag":"loca","checksum":1364920780,"offset":1636,"length":134},"maxp":{"entryLength":16,"tag":"maxp","checksum":39913687,"offset":360,"length":32},"name":{"entryLength":16,"tag":"name","checksum":2174242074,"offset":68128,"length":4281},"post":{"entryLength":16,"tag":"post","checksum":112199289,"offset":72412,"length":166},"prep":{"entryLength":16,"tag":"prep","checksum":1734459330,"offset":1552,"length":56}},"UnicodeCharMap":{"32":3,"33":4,"35":5,"36":6,"37":7,"38":8,"42":9,"44":10,"46":11,"49":12,"50":13,"51":14,"52":15,"53":16,"54":17,"55":18,"56":19,"57":20,"65":21,"66":22,"67":23,"69":24,"70":25,"71":26,"72":27,"73":28,"74":29,"75":30,"76":31,"78":32,"79":33,"81":34,"82":35,"84":36,"86":37,"87":38,"88":39,"90":40,"91":41,"97":42,"98":43,"100":44,"101":45,"102":46,"103":47,"104":48,"105":49,"106":50,"107":51,"108":52,"110":53,"111":54,"112":55,"113":56,"114":57,"115":58,"116":59,"117":60,"118":61,"119":62,"121":63,"122":64,"160":3,"8217":65},"Reserves":{"fontname":"Auriol Vignette Sylvie"},"Names":{"Auriol Vignette Sylvie":{"name":"Auriol Vignette Sylvie","longitude":null,"latitude":null,"country":"","region":"","city":""}},"Nodes":{"au":{"type":"typal","node":"au","usage":1,"weight":1},"ol":{"type":"typal","node":"ol","usage":1,"weight":1},"vi":{"type":"typal","node":"vi","usage":1,"weight":1},"te":{"type":"typal","node":"te","usage":1,"weight":1},"sy":{"type":"typal","node":"sy","usage":1,"weight":1},"ie":{"type":"typal","node":"ie","usage":1,"weight":1},"aur":{"type":"typal","node":"aur","usage":1,"weight":1},"iol":{"type":"typal","node":"iol","usage":1,"weight":1},"vig":{"type":"typal","node":"vig","usage":1,"weight":1},"tte":{"type":"typal","node":"tte","usage":1,"weight":1},"syl":{"type":"typal","node":"syl","usage":1,"weight":1},"vie":{"type":"typal","node":"vie","usage":1,"weight":1},"auri":{"type":"keys","node":"auri","usage":1,"weight":1},"riol":{"type":"keys","node":"riol","usage":1,"weight":1},"vign":{"type":"keys","node":"vign","usage":1,"weight":1},"ette":{"type":"keys","node":"ette","usage":1,"weight":1},"sylv":{"type":"keys","node":"sylv","usage":1,"weight":1},"lvie":{"type":"keys","node":"lvie","usage":1,"weight":1},"aurio":{"type":"keys","node":"aurio","usage":1,"weight":1},"uriol":{"type":"keys","node":"uriol","usage":1,"weight":1},"vigne":{"type":"keys","node":"vigne","usage":1,"weight":1},"nette":{"type":"keys","node":"nette","usage":1,"weight":1},"sylvi":{"type":"keys","node":"sylvi","usage":1,"weight":1},"ylvie":{"type":"keys","node":"ylvie","usage":1,"weight":1},"auriol":{"type":"fixes","node":"auriol","usage":1,"weight":1},"vignette":{"type":"fixes","node":"vignette","usage":1,"weight":1},"sylvie":{"type":"fixes","node":"sylvie","usage":1,"weight":1}},"Contributors":[],"FontIdentity":"84001294da062b5b15d56e27b16f338a","Bytes":null,"Networking":[]}