{"CSS":{"Egyptienne F LT Std 75 Black":"Egyptienne+F+LT+Std+75+Black.css"},"FontType":"TrueType","FontCopyright":" The digitally encoded machine readable software for producing the\n Typefaces licensed to you is copyrighted (c) 1991, 2002 Adobe Systems.\n All Rights Reserved. This software is the property of Adobe Systems\n Incorporated and its licensors, and may not be reproduced, used, \n displayed, modified, disclosed or transferred without the express \n written approval of Adobe.\n \n The digitally encoded machine readable outline data for producing the Typefaces \n provided as part of your laser printer is copyrighted (c) 1981, 2002 Heidelberger Druckmaschinen AG. \n All rights reserved. This data is the property of Heidelberger Druckmaschinen AG, \n and may not be reproduced, used, displayed, modified, disclosed or transferred \n without the express written approval of Heidelberger Druckmaschinen AG. ","FontName":"Egyptienne F LT Std","FontSubfamily":"Black","FontSubfamilyID":"FontForge 2.0 : Egyptienne F LT Std 75 Black : 2-11-2016","FontFullName":"Egyptienne F LT Std 7 5 Black","FontVersion":"Version 001.000 ","FontWeight":null,"FontPostscriptName":"EgyptienneFLTStd-Black","Files":{"\/fonts\/Unpacking\/a89357b31f1ccafced598a72046c3143d831738c\/LICENCE":"\/fonts\/Unpacking\/a89357b31f1ccafced598a72046c3143d831738c\/LICENCE","\/fonts\/Unpacking\/a89357b31f1ccafced598a72046c3143d831738c\/egyptiennefltstd-black.afm":"\/fonts\/Unpacking\/a89357b31f1ccafced598a72046c3143d831738c\/egyptiennefltstd-black.afm","\/fonts\/Unpacking\/a89357b31f1ccafced598a72046c3143d831738c\/egyptiennefltstd-black.bin":"\/fonts\/Unpacking\/a89357b31f1ccafced598a72046c3143d831738c\/egyptiennefltstd-black.bin","\/fonts\/Unpacking\/a89357b31f1ccafced598a72046c3143d831738c\/egyptiennefltstd-black.cef":"\/fonts\/Unpacking\/a89357b31f1ccafced598a72046c3143d831738c\/egyptiennefltstd-black.cef","\/fonts\/Unpacking\/a89357b31f1ccafced598a72046c3143d831738c\/egyptiennefltstd-black.cff":"\/fonts\/Unpacking\/a89357b31f1ccafced598a72046c3143d831738c\/egyptiennefltstd-black.cff","\/fonts\/Unpacking\/a89357b31f1ccafced598a72046c3143d831738c\/egyptiennefltstd-black.cid":"\/fonts\/Unpacking\/a89357b31f1ccafced598a72046c3143d831738c\/egyptiennefltstd-black.cid","\/fonts\/Unpacking\/a89357b31f1ccafced598a72046c3143d831738c\/egyptiennefltstd-black.dfont":"\/fonts\/Unpacking\/a89357b31f1ccafced598a72046c3143d831738c\/egyptiennefltstd-black.dfont","\/fonts\/Unpacking\/a89357b31f1ccafced598a72046c3143d831738c\/egyptiennefltstd-black.eot":"\/fonts\/Unpacking\/a89357b31f1ccafced598a72046c3143d831738c\/egyptiennefltstd-black.eot","\/fonts\/Unpacking\/a89357b31f1ccafced598a72046c3143d831738c\/egyptiennefltstd-black.fon":"\/fonts\/Unpacking\/a89357b31f1ccafced598a72046c3143d831738c\/egyptiennefltstd-black.fon","\/fonts\/Unpacking\/a89357b31f1ccafced598a72046c3143d831738c\/egyptiennefltstd-black.gai":"\/fonts\/Unpacking\/a89357b31f1ccafced598a72046c3143d831738c\/egyptiennefltstd-black.gai","\/fonts\/Unpacking\/a89357b31f1ccafced598a72046c3143d831738c\/egyptiennefltstd-black.gsf":"\/fonts\/Unpacking\/a89357b31f1ccafced598a72046c3143d831738c\/egyptiennefltstd-black.gsf","\/fonts\/Unpacking\/a89357b31f1ccafced598a72046c3143d831738c\/egyptiennefltstd-black.hqx":"\/fonts\/Unpacking\/a89357b31f1ccafced598a72046c3143d831738c\/egyptiennefltstd-black.hqx","\/fonts\/Unpacking\/a89357b31f1ccafced598a72046c3143d831738c\/egyptiennefltstd-black.ik":"\/fonts\/Unpacking\/a89357b31f1ccafced598a72046c3143d831738c\/egyptiennefltstd-black.ik","\/fonts\/Unpacking\/a89357b31f1ccafced598a72046c3143d831738c\/egyptiennefltstd-black.mf":"\/fonts\/Unpacking\/a89357b31f1ccafced598a72046c3143d831738c\/egyptiennefltstd-black.mf","\/fonts\/Unpacking\/a89357b31f1ccafced598a72046c3143d831738c\/egyptiennefltstd-black.otf":"\/fonts\/Unpacking\/a89357b31f1ccafced598a72046c3143d831738c\/egyptiennefltstd-black.otf","\/fonts\/Unpacking\/a89357b31f1ccafced598a72046c3143d831738c\/egyptiennefltstd-black.pcf":"\/fonts\/Unpacking\/a89357b31f1ccafced598a72046c3143d831738c\/egyptiennefltstd-black.pcf","\/fonts\/Unpacking\/a89357b31f1ccafced598a72046c3143d831738c\/egyptiennefltstd-black.pf3":"\/fonts\/Unpacking\/a89357b31f1ccafced598a72046c3143d831738c\/egyptiennefltstd-black.pf3","\/fonts\/Unpacking\/a89357b31f1ccafced598a72046c3143d831738c\/egyptiennefltstd-black.pfa":"\/fonts\/Unpacking\/a89357b31f1ccafced598a72046c3143d831738c\/egyptiennefltstd-black.pfa","\/fonts\/Unpacking\/a89357b31f1ccafced598a72046c3143d831738c\/egyptiennefltstd-black.pfb":"\/fonts\/Unpacking\/a89357b31f1ccafced598a72046c3143d831738c\/egyptiennefltstd-black.pfb","\/fonts\/Unpacking\/a89357b31f1ccafced598a72046c3143d831738c\/egyptiennefltstd-black.php":"\/fonts\/Unpacking\/a89357b31f1ccafced598a72046c3143d831738c\/egyptiennefltstd-black.php","\/fonts\/Unpacking\/a89357b31f1ccafced598a72046c3143d831738c\/egyptiennefltstd-black.pmf":"\/fonts\/Unpacking\/a89357b31f1ccafced598a72046c3143d831738c\/egyptiennefltstd-black.pmf","\/fonts\/Unpacking\/a89357b31f1ccafced598a72046c3143d831738c\/egyptiennefltstd-black.pt3":"\/fonts\/Unpacking\/a89357b31f1ccafced598a72046c3143d831738c\/egyptiennefltstd-black.pt3","\/fonts\/Unpacking\/a89357b31f1ccafced598a72046c3143d831738c\/egyptiennefltstd-black.sfd":"\/fonts\/Unpacking\/a89357b31f1ccafced598a72046c3143d831738c\/egyptiennefltstd-black.sfd","\/fonts\/Unpacking\/a89357b31f1ccafced598a72046c3143d831738c\/egyptiennefltstd-black.svg":"\/fonts\/Unpacking\/a89357b31f1ccafced598a72046c3143d831738c\/egyptiennefltstd-black.svg","\/fonts\/Unpacking\/a89357b31f1ccafced598a72046c3143d831738c\/egyptiennefltstd-black.t42":"\/fonts\/Unpacking\/a89357b31f1ccafced598a72046c3143d831738c\/egyptiennefltstd-black.t42","\/fonts\/Unpacking\/a89357b31f1ccafced598a72046c3143d831738c\/egyptiennefltstd-black.ttd":"\/fonts\/Unpacking\/a89357b31f1ccafced598a72046c3143d831738c\/egyptiennefltstd-black.ttd","\/fonts\/Unpacking\/a89357b31f1ccafced598a72046c3143d831738c\/egyptiennefltstd-black.ttf":"\/fonts\/Unpacking\/a89357b31f1ccafced598a72046c3143d831738c\/egyptiennefltstd-black.ttf","\/fonts\/Unpacking\/a89357b31f1ccafced598a72046c3143d831738c\/egyptiennefltstd-black.ttg":"\/fonts\/Unpacking\/a89357b31f1ccafced598a72046c3143d831738c\/egyptiennefltstd-black.ttg","\/fonts\/Unpacking\/a89357b31f1ccafced598a72046c3143d831738c\/egyptiennefltstd-black.ufm":"\/fonts\/Unpacking\/a89357b31f1ccafced598a72046c3143d831738c\/egyptiennefltstd-black.ufm","\/fonts\/Unpacking\/a89357b31f1ccafced598a72046c3143d831738c\/egyptiennefltstd-black.woff":"\/fonts\/Unpacking\/a89357b31f1ccafced598a72046c3143d831738c\/egyptiennefltstd-black.woff","\/fonts\/Unpacking\/a89357b31f1ccafced598a72046c3143d831738c\/egyptiennefltstd-black.z":"\/fonts\/Unpacking\/a89357b31f1ccafced598a72046c3143d831738c\/egyptiennefltstd-black.z","\/fonts\/Unpacking\/a89357b31f1ccafced598a72046c3143d831738c\/egyptiennefltstd-black.ufo\/feature.fea":"\/fonts\/Unpacking\/a89357b31f1ccafced598a72046c3143d831738c\/egyptiennefltstd-black.ufo\/feature.fea","\/fonts\/Unpacking\/a89357b31f1ccafced598a72046c3143d831738c\/egyptiennefltstd-black.ufo\/fontinfo.plist":"\/fonts\/Unpacking\/a89357b31f1ccafced598a72046c3143d831738c\/egyptiennefltstd-black.ufo\/fontinfo.plist","\/fonts\/Unpacking\/a89357b31f1ccafced598a72046c3143d831738c\/egyptiennefltstd-black.ufo\/groups.plist":"\/fonts\/Unpacking\/a89357b31f1ccafced598a72046c3143d831738c\/egyptiennefltstd-black.ufo\/groups.plist","\/fonts\/Unpacking\/a89357b31f1ccafced598a72046c3143d831738c\/egyptiennefltstd-black.ufo\/kerning.plist":"\/fonts\/Unpacking\/a89357b31f1ccafced598a72046c3143d831738c\/egyptiennefltstd-black.ufo\/kerning.plist","\/fonts\/Unpacking\/a89357b31f1ccafced598a72046c3143d831738c\/egyptiennefltstd-black.ufo\/metainfo.plist":"\/fonts\/Unpacking\/a89357b31f1ccafced598a72046c3143d831738c\/egyptiennefltstd-black.ufo\/metainfo.plist","\/fonts\/Unpacking\/a89357b31f1ccafced598a72046c3143d831738c\/egyptiennefltstd-black.ufo\/glyphs\/A_.glif":"\/fonts\/Unpacking\/a89357b31f1ccafced598a72046c3143d831738c\/egyptiennefltstd-black.ufo\/glyphs\/A_.glif","\/fonts\/Unpacking\/a89357b31f1ccafced598a72046c3143d831738c\/egyptiennefltstd-black.ufo\/glyphs\/A_E_.glif":"\/fonts\/Unpacking\/a89357b31f1ccafced598a72046c3143d831738c\/egyptiennefltstd-black.ufo\/glyphs\/A_E_.glif","\/fonts\/Unpacking\/a89357b31f1ccafced598a72046c3143d831738c\/egyptiennefltstd-black.ufo\/glyphs\/A_acute.glif":"\/fonts\/Unpacking\/a89357b31f1ccafced598a72046c3143d831738c\/egyptiennefltstd-black.ufo\/glyphs\/A_acute.glif","\/fonts\/Unpacking\/a89357b31f1ccafced598a72046c3143d831738c\/egyptiennefltstd-black.ufo\/glyphs\/A_circumflex.glif":"\/fonts\/Unpacking\/a89357b31f1ccafced598a72046c3143d831738c\/egyptiennefltstd-black.ufo\/glyphs\/A_circumflex.glif","\/fonts\/Unpacking\/a89357b31f1ccafced598a72046c3143d831738c\/egyptiennefltstd-black.ufo\/glyphs\/A_dieresis.glif":"\/fonts\/Unpacking\/a89357b31f1ccafced598a72046c3143d831738c\/egyptiennefltstd-black.ufo\/glyphs\/A_dieresis.glif","\/fonts\/Unpacking\/a89357b31f1ccafced598a72046c3143d831738c\/egyptiennefltstd-black.ufo\/glyphs\/A_grave.glif":"\/fonts\/Unpacking\/a89357b31f1ccafced598a72046c3143d831738c\/egyptiennefltstd-black.ufo\/glyphs\/A_grave.glif","\/fonts\/Unpacking\/a89357b31f1ccafced598a72046c3143d831738c\/egyptiennefltstd-black.ufo\/glyphs\/A_ring.glif":"\/fonts\/Unpacking\/a89357b31f1ccafced598a72046c3143d831738c\/egyptiennefltstd-black.ufo\/glyphs\/A_ring.glif","\/fonts\/Unpacking\/a89357b31f1ccafced598a72046c3143d831738c\/egyptiennefltstd-black.ufo\/glyphs\/A_tilde.glif":"\/fonts\/Unpacking\/a89357b31f1ccafced598a72046c3143d831738c\/egyptiennefltstd-black.ufo\/glyphs\/A_tilde.glif","\/fonts\/Unpacking\/a89357b31f1ccafced598a72046c3143d831738c\/egyptiennefltstd-black.ufo\/glyphs\/B_.glif":"\/fonts\/Unpacking\/a89357b31f1ccafced598a72046c3143d831738c\/egyptiennefltstd-black.ufo\/glyphs\/B_.glif","\/fonts\/Unpacking\/a89357b31f1ccafced598a72046c3143d831738c\/egyptiennefltstd-black.ufo\/glyphs\/C_.glif":"\/fonts\/Unpacking\/a89357b31f1ccafced598a72046c3143d831738c\/egyptiennefltstd-black.ufo\/glyphs\/C_.glif","\/fonts\/Unpacking\/a89357b31f1ccafced598a72046c3143d831738c\/egyptiennefltstd-black.ufo\/glyphs\/C_cedilla.glif":"\/fonts\/Unpacking\/a89357b31f1ccafced598a72046c3143d831738c\/egyptiennefltstd-black.ufo\/glyphs\/C_cedilla.glif","\/fonts\/Unpacking\/a89357b31f1ccafced598a72046c3143d831738c\/egyptiennefltstd-black.ufo\/glyphs\/D_.glif":"\/fonts\/Unpacking\/a89357b31f1ccafced598a72046c3143d831738c\/egyptiennefltstd-black.ufo\/glyphs\/D_.glif","\/fonts\/Unpacking\/a89357b31f1ccafced598a72046c3143d831738c\/egyptiennefltstd-black.ufo\/glyphs\/D_elta.glif":"\/fonts\/Unpacking\/a89357b31f1ccafced598a72046c3143d831738c\/egyptiennefltstd-black.ufo\/glyphs\/D_elta.glif","\/fonts\/Unpacking\/a89357b31f1ccafced598a72046c3143d831738c\/egyptiennefltstd-black.ufo\/glyphs\/E_.glif":"\/fonts\/Unpacking\/a89357b31f1ccafced598a72046c3143d831738c\/egyptiennefltstd-black.ufo\/glyphs\/E_.glif","\/fonts\/Unpacking\/a89357b31f1ccafced598a72046c3143d831738c\/egyptiennefltstd-black.ufo\/glyphs\/E_acute.glif":"\/fonts\/Unpacking\/a89357b31f1ccafced598a72046c3143d831738c\/egyptiennefltstd-black.ufo\/glyphs\/E_acute.glif","\/fonts\/Unpacking\/a89357b31f1ccafced598a72046c3143d831738c\/egyptiennefltstd-black.ufo\/glyphs\/E_circumflex.glif":"\/fonts\/Unpacking\/a89357b31f1ccafced598a72046c3143d831738c\/egyptiennefltstd-black.ufo\/glyphs\/E_circumflex.glif","\/fonts\/Unpacking\/a89357b31f1ccafced598a72046c3143d831738c\/egyptiennefltstd-black.ufo\/glyphs\/E_dieresis.glif":"\/fonts\/Unpacking\/a89357b31f1ccafced598a72046c3143d831738c\/egyptiennefltstd-black.ufo\/glyphs\/E_dieresis.glif","\/fonts\/Unpacking\/a89357b31f1ccafced598a72046c3143d831738c\/egyptiennefltstd-black.ufo\/glyphs\/E_grave.glif":"\/fonts\/Unpacking\/a89357b31f1ccafced598a72046c3143d831738c\/egyptiennefltstd-black.ufo\/glyphs\/E_grave.glif","\/fonts\/Unpacking\/a89357b31f1ccafced598a72046c3143d831738c\/egyptiennefltstd-black.ufo\/glyphs\/E_th.glif":"\/fonts\/Unpacking\/a89357b31f1ccafced598a72046c3143d831738c\/egyptiennefltstd-black.ufo\/glyphs\/E_th.glif","\/fonts\/Unpacking\/a89357b31f1ccafced598a72046c3143d831738c\/egyptiennefltstd-black.ufo\/glyphs\/E_uro.glif":"\/fonts\/Unpacking\/a89357b31f1ccafced598a72046c3143d831738c\/egyptiennefltstd-black.ufo\/glyphs\/E_uro.glif","\/fonts\/Unpacking\/a89357b31f1ccafced598a72046c3143d831738c\/egyptiennefltstd-black.ufo\/glyphs\/F_.glif":"\/fonts\/Unpacking\/a89357b31f1ccafced598a72046c3143d831738c\/egyptiennefltstd-black.ufo\/glyphs\/F_.glif","\/fonts\/Unpacking\/a89357b31f1ccafced598a72046c3143d831738c\/egyptiennefltstd-black.ufo\/glyphs\/G_.glif":"\/fonts\/Unpacking\/a89357b31f1ccafced598a72046c3143d831738c\/egyptiennefltstd-black.ufo\/glyphs\/G_.glif","\/fonts\/Unpacking\/a89357b31f1ccafced598a72046c3143d831738c\/egyptiennefltstd-black.ufo\/glyphs\/H_.glif":"\/fonts\/Unpacking\/a89357b31f1ccafced598a72046c3143d831738c\/egyptiennefltstd-black.ufo\/glyphs\/H_.glif","\/fonts\/Unpacking\/a89357b31f1ccafced598a72046c3143d831738c\/egyptiennefltstd-black.ufo\/glyphs\/I_.glif":"\/fonts\/Unpacking\/a89357b31f1ccafced598a72046c3143d831738c\/egyptiennefltstd-black.ufo\/glyphs\/I_.glif","\/fonts\/Unpacking\/a89357b31f1ccafced598a72046c3143d831738c\/egyptiennefltstd-black.ufo\/glyphs\/I_acute.glif":"\/fonts\/Unpacking\/a89357b31f1ccafced598a72046c3143d831738c\/egyptiennefltstd-black.ufo\/glyphs\/I_acute.glif","\/fonts\/Unpacking\/a89357b31f1ccafced598a72046c3143d831738c\/egyptiennefltstd-black.ufo\/glyphs\/I_circumflex.glif":"\/fonts\/Unpacking\/a89357b31f1ccafced598a72046c3143d831738c\/egyptiennefltstd-black.ufo\/glyphs\/I_circumflex.glif","\/fonts\/Unpacking\/a89357b31f1ccafced598a72046c3143d831738c\/egyptiennefltstd-black.ufo\/glyphs\/I_dieresis.glif":"\/fonts\/Unpacking\/a89357b31f1ccafced598a72046c3143d831738c\/egyptiennefltstd-black.ufo\/glyphs\/I_dieresis.glif","\/fonts\/Unpacking\/a89357b31f1ccafced598a72046c3143d831738c\/egyptiennefltstd-black.ufo\/glyphs\/I_grave.glif":"\/fonts\/Unpacking\/a89357b31f1ccafced598a72046c3143d831738c\/egyptiennefltstd-black.ufo\/glyphs\/I_grave.glif","\/fonts\/Unpacking\/a89357b31f1ccafced598a72046c3143d831738c\/egyptiennefltstd-black.ufo\/glyphs\/J_.glif":"\/fonts\/Unpacking\/a89357b31f1ccafced598a72046c3143d831738c\/egyptiennefltstd-black.ufo\/glyphs\/J_.glif","\/fonts\/Unpacking\/a89357b31f1ccafced598a72046c3143d831738c\/egyptiennefltstd-black.ufo\/glyphs\/K_.glif":"\/fonts\/Unpacking\/a89357b31f1ccafced598a72046c3143d831738c\/egyptiennefltstd-black.ufo\/glyphs\/K_.glif","\/fonts\/Unpacking\/a89357b31f1ccafced598a72046c3143d831738c\/egyptiennefltstd-black.ufo\/glyphs\/L_.glif":"\/fonts\/Unpacking\/a89357b31f1ccafced598a72046c3143d831738c\/egyptiennefltstd-black.ufo\/glyphs\/L_.glif","\/fonts\/Unpacking\/a89357b31f1ccafced598a72046c3143d831738c\/egyptiennefltstd-black.ufo\/glyphs\/L_slash.glif":"\/fonts\/Unpacking\/a89357b31f1ccafced598a72046c3143d831738c\/egyptiennefltstd-black.ufo\/glyphs\/L_slash.glif","\/fonts\/Unpacking\/a89357b31f1ccafced598a72046c3143d831738c\/egyptiennefltstd-black.ufo\/glyphs\/M_.glif":"\/fonts\/Unpacking\/a89357b31f1ccafced598a72046c3143d831738c\/egyptiennefltstd-black.ufo\/glyphs\/M_.glif","\/fonts\/Unpacking\/a89357b31f1ccafced598a72046c3143d831738c\/egyptiennefltstd-black.ufo\/glyphs\/N_.glif":"\/fonts\/Unpacking\/a89357b31f1ccafced598a72046c3143d831738c\/egyptiennefltstd-black.ufo\/glyphs\/N_.glif","\/fonts\/Unpacking\/a89357b31f1ccafced598a72046c3143d831738c\/egyptiennefltstd-black.ufo\/glyphs\/N_tilde.glif":"\/fonts\/Unpacking\/a89357b31f1ccafced598a72046c3143d831738c\/egyptiennefltstd-black.ufo\/glyphs\/N_tilde.glif","\/fonts\/Unpacking\/a89357b31f1ccafced598a72046c3143d831738c\/egyptiennefltstd-black.ufo\/glyphs\/O_.glif":"\/fonts\/Unpacking\/a89357b31f1ccafced598a72046c3143d831738c\/egyptiennefltstd-black.ufo\/glyphs\/O_.glif","\/fonts\/Unpacking\/a89357b31f1ccafced598a72046c3143d831738c\/egyptiennefltstd-black.ufo\/glyphs\/O_E_.glif":"\/fonts\/Unpacking\/a89357b31f1ccafced598a72046c3143d831738c\/egyptiennefltstd-black.ufo\/glyphs\/O_E_.glif","\/fonts\/Unpacking\/a89357b31f1ccafced598a72046c3143d831738c\/egyptiennefltstd-black.ufo\/glyphs\/O_acute.glif":"\/fonts\/Unpacking\/a89357b31f1ccafced598a72046c3143d831738c\/egyptiennefltstd-black.ufo\/glyphs\/O_acute.glif","\/fonts\/Unpacking\/a89357b31f1ccafced598a72046c3143d831738c\/egyptiennefltstd-black.ufo\/glyphs\/O_circumflex.glif":"\/fonts\/Unpacking\/a89357b31f1ccafced598a72046c3143d831738c\/egyptiennefltstd-black.ufo\/glyphs\/O_circumflex.glif","\/fonts\/Unpacking\/a89357b31f1ccafced598a72046c3143d831738c\/egyptiennefltstd-black.ufo\/glyphs\/O_dieresis.glif":"\/fonts\/Unpacking\/a89357b31f1ccafced598a72046c3143d831738c\/egyptiennefltstd-black.ufo\/glyphs\/O_dieresis.glif","\/fonts\/Unpacking\/a89357b31f1ccafced598a72046c3143d831738c\/egyptiennefltstd-black.ufo\/glyphs\/O_grave.glif":"\/fonts\/Unpacking\/a89357b31f1ccafced598a72046c3143d831738c\/egyptiennefltstd-black.ufo\/glyphs\/O_grave.glif","\/fonts\/Unpacking\/a89357b31f1ccafced598a72046c3143d831738c\/egyptiennefltstd-black.ufo\/glyphs\/O_mega.glif":"\/fonts\/Unpacking\/a89357b31f1ccafced598a72046c3143d831738c\/egyptiennefltstd-black.ufo\/glyphs\/O_mega.glif","\/fonts\/Unpacking\/a89357b31f1ccafced598a72046c3143d831738c\/egyptiennefltstd-black.ufo\/glyphs\/O_slash.glif":"\/fonts\/Unpacking\/a89357b31f1ccafced598a72046c3143d831738c\/egyptiennefltstd-black.ufo\/glyphs\/O_slash.glif","\/fonts\/Unpacking\/a89357b31f1ccafced598a72046c3143d831738c\/egyptiennefltstd-black.ufo\/glyphs\/O_tilde.glif":"\/fonts\/Unpacking\/a89357b31f1ccafced598a72046c3143d831738c\/egyptiennefltstd-black.ufo\/glyphs\/O_tilde.glif","\/fonts\/Unpacking\/a89357b31f1ccafced598a72046c3143d831738c\/egyptiennefltstd-black.ufo\/glyphs\/P_.glif":"\/fonts\/Unpacking\/a89357b31f1ccafced598a72046c3143d831738c\/egyptiennefltstd-black.ufo\/glyphs\/P_.glif","\/fonts\/Unpacking\/a89357b31f1ccafced598a72046c3143d831738c\/egyptiennefltstd-black.ufo\/glyphs\/Q_.glif":"\/fonts\/Unpacking\/a89357b31f1ccafced598a72046c3143d831738c\/egyptiennefltstd-black.ufo\/glyphs\/Q_.glif","\/fonts\/Unpacking\/a89357b31f1ccafced598a72046c3143d831738c\/egyptiennefltstd-black.ufo\/glyphs\/R_.glif":"\/fonts\/Unpacking\/a89357b31f1ccafced598a72046c3143d831738c\/egyptiennefltstd-black.ufo\/glyphs\/R_.glif","\/fonts\/Unpacking\/a89357b31f1ccafced598a72046c3143d831738c\/egyptiennefltstd-black.ufo\/glyphs\/S_.glif":"\/fonts\/Unpacking\/a89357b31f1ccafced598a72046c3143d831738c\/egyptiennefltstd-black.ufo\/glyphs\/S_.glif","\/fonts\/Unpacking\/a89357b31f1ccafced598a72046c3143d831738c\/egyptiennefltstd-black.ufo\/glyphs\/S_caron.glif":"\/fonts\/Unpacking\/a89357b31f1ccafced598a72046c3143d831738c\/egyptiennefltstd-black.ufo\/glyphs\/S_caron.glif","\/fonts\/Unpacking\/a89357b31f1ccafced598a72046c3143d831738c\/egyptiennefltstd-black.ufo\/glyphs\/T_.glif":"\/fonts\/Unpacking\/a89357b31f1ccafced598a72046c3143d831738c\/egyptiennefltstd-black.ufo\/glyphs\/T_.glif","\/fonts\/Unpacking\/a89357b31f1ccafced598a72046c3143d831738c\/egyptiennefltstd-black.ufo\/glyphs\/T_horn.glif":"\/fonts\/Unpacking\/a89357b31f1ccafced598a72046c3143d831738c\/egyptiennefltstd-black.ufo\/glyphs\/T_horn.glif","\/fonts\/Unpacking\/a89357b31f1ccafced598a72046c3143d831738c\/egyptiennefltstd-black.ufo\/glyphs\/U_.glif":"\/fonts\/Unpacking\/a89357b31f1ccafced598a72046c3143d831738c\/egyptiennefltstd-black.ufo\/glyphs\/U_.glif","\/fonts\/Unpacking\/a89357b31f1ccafced598a72046c3143d831738c\/egyptiennefltstd-black.ufo\/glyphs\/U_acute.glif":"\/fonts\/Unpacking\/a89357b31f1ccafced598a72046c3143d831738c\/egyptiennefltstd-black.ufo\/glyphs\/U_acute.glif","\/fonts\/Unpacking\/a89357b31f1ccafced598a72046c3143d831738c\/egyptiennefltstd-black.ufo\/glyphs\/U_circumflex.glif":"\/fonts\/Unpacking\/a89357b31f1ccafced598a72046c3143d831738c\/egyptiennefltstd-black.ufo\/glyphs\/U_circumflex.glif","\/fonts\/Unpacking\/a89357b31f1ccafced598a72046c3143d831738c\/egyptiennefltstd-black.ufo\/glyphs\/U_dieresis.glif":"\/fonts\/Unpacking\/a89357b31f1ccafced598a72046c3143d831738c\/egyptiennefltstd-black.ufo\/glyphs\/U_dieresis.glif","\/fonts\/Unpacking\/a89357b31f1ccafced598a72046c3143d831738c\/egyptiennefltstd-black.ufo\/glyphs\/U_grave.glif":"\/fonts\/Unpacking\/a89357b31f1ccafced598a72046c3143d831738c\/egyptiennefltstd-black.ufo\/glyphs\/U_grave.glif","\/fonts\/Unpacking\/a89357b31f1ccafced598a72046c3143d831738c\/egyptiennefltstd-black.ufo\/glyphs\/V_.glif":"\/fonts\/Unpacking\/a89357b31f1ccafced598a72046c3143d831738c\/egyptiennefltstd-black.ufo\/glyphs\/V_.glif","\/fonts\/Unpacking\/a89357b31f1ccafced598a72046c3143d831738c\/egyptiennefltstd-black.ufo\/glyphs\/W_.glif":"\/fonts\/Unpacking\/a89357b31f1ccafced598a72046c3143d831738c\/egyptiennefltstd-black.ufo\/glyphs\/W_.glif","\/fonts\/Unpacking\/a89357b31f1ccafced598a72046c3143d831738c\/egyptiennefltstd-black.ufo\/glyphs\/X_.glif":"\/fonts\/Unpacking\/a89357b31f1ccafced598a72046c3143d831738c\/egyptiennefltstd-black.ufo\/glyphs\/X_.glif","\/fonts\/Unpacking\/a89357b31f1ccafced598a72046c3143d831738c\/egyptiennefltstd-black.ufo\/glyphs\/Y_.glif":"\/fonts\/Unpacking\/a89357b31f1ccafced598a72046c3143d831738c\/egyptiennefltstd-black.ufo\/glyphs\/Y_.glif","\/fonts\/Unpacking\/a89357b31f1ccafced598a72046c3143d831738c\/egyptiennefltstd-black.ufo\/glyphs\/Y_acute.glif":"\/fonts\/Unpacking\/a89357b31f1ccafced598a72046c3143d831738c\/egyptiennefltstd-black.ufo\/glyphs\/Y_acute.glif","\/fonts\/Unpacking\/a89357b31f1ccafced598a72046c3143d831738c\/egyptiennefltstd-black.ufo\/glyphs\/Y_dieresis.glif":"\/fonts\/Unpacking\/a89357b31f1ccafced598a72046c3143d831738c\/egyptiennefltstd-black.ufo\/glyphs\/Y_dieresis.glif","\/fonts\/Unpacking\/a89357b31f1ccafced598a72046c3143d831738c\/egyptiennefltstd-black.ufo\/glyphs\/Z_.glif":"\/fonts\/Unpacking\/a89357b31f1ccafced598a72046c3143d831738c\/egyptiennefltstd-black.ufo\/glyphs\/Z_.glif","\/fonts\/Unpacking\/a89357b31f1ccafced598a72046c3143d831738c\/egyptiennefltstd-black.ufo\/glyphs\/Z_caron.glif":"\/fonts\/Unpacking\/a89357b31f1ccafced598a72046c3143d831738c\/egyptiennefltstd-black.ufo\/glyphs\/Z_caron.glif","\/fonts\/Unpacking\/a89357b31f1ccafced598a72046c3143d831738c\/egyptiennefltstd-black.ufo\/glyphs\/_notdef.glif":"\/fonts\/Unpacking\/a89357b31f1ccafced598a72046c3143d831738c\/egyptiennefltstd-black.ufo\/glyphs\/_notdef.glif","\/fonts\/Unpacking\/a89357b31f1ccafced598a72046c3143d831738c\/egyptiennefltstd-black.ufo\/glyphs\/a.glif":"\/fonts\/Unpacking\/a89357b31f1ccafced598a72046c3143d831738c\/egyptiennefltstd-black.ufo\/glyphs\/a.glif","\/fonts\/Unpacking\/a89357b31f1ccafced598a72046c3143d831738c\/egyptiennefltstd-black.ufo\/glyphs\/aacute.glif":"\/fonts\/Unpacking\/a89357b31f1ccafced598a72046c3143d831738c\/egyptiennefltstd-black.ufo\/glyphs\/aacute.glif","\/fonts\/Unpacking\/a89357b31f1ccafced598a72046c3143d831738c\/egyptiennefltstd-black.ufo\/glyphs\/acircumflex.glif":"\/fonts\/Unpacking\/a89357b31f1ccafced598a72046c3143d831738c\/egyptiennefltstd-black.ufo\/glyphs\/acircumflex.glif","\/fonts\/Unpacking\/a89357b31f1ccafced598a72046c3143d831738c\/egyptiennefltstd-black.ufo\/glyphs\/acute.glif":"\/fonts\/Unpacking\/a89357b31f1ccafced598a72046c3143d831738c\/egyptiennefltstd-black.ufo\/glyphs\/acute.glif","\/fonts\/Unpacking\/a89357b31f1ccafced598a72046c3143d831738c\/egyptiennefltstd-black.ufo\/glyphs\/adieresis.glif":"\/fonts\/Unpacking\/a89357b31f1ccafced598a72046c3143d831738c\/egyptiennefltstd-black.ufo\/glyphs\/adieresis.glif","\/fonts\/Unpacking\/a89357b31f1ccafced598a72046c3143d831738c\/egyptiennefltstd-black.ufo\/glyphs\/ae.glif":"\/fonts\/Unpacking\/a89357b31f1ccafced598a72046c3143d831738c\/egyptiennefltstd-black.ufo\/glyphs\/ae.glif","\/fonts\/Unpacking\/a89357b31f1ccafced598a72046c3143d831738c\/egyptiennefltstd-black.ufo\/glyphs\/afii61289.glif":"\/fonts\/Unpacking\/a89357b31f1ccafced598a72046c3143d831738c\/egyptiennefltstd-black.ufo\/glyphs\/afii61289.glif","\/fonts\/Unpacking\/a89357b31f1ccafced598a72046c3143d831738c\/egyptiennefltstd-black.ufo\/glyphs\/agrave.glif":"\/fonts\/Unpacking\/a89357b31f1ccafced598a72046c3143d831738c\/egyptiennefltstd-black.ufo\/glyphs\/agrave.glif","\/fonts\/Unpacking\/a89357b31f1ccafced598a72046c3143d831738c\/egyptiennefltstd-black.ufo\/glyphs\/ampersand.glif":"\/fonts\/Unpacking\/a89357b31f1ccafced598a72046c3143d831738c\/egyptiennefltstd-black.ufo\/glyphs\/ampersand.glif","\/fonts\/Unpacking\/a89357b31f1ccafced598a72046c3143d831738c\/egyptiennefltstd-black.ufo\/glyphs\/approxequal.glif":"\/fonts\/Unpacking\/a89357b31f1ccafced598a72046c3143d831738c\/egyptiennefltstd-black.ufo\/glyphs\/approxequal.glif","\/fonts\/Unpacking\/a89357b31f1ccafced598a72046c3143d831738c\/egyptiennefltstd-black.ufo\/glyphs\/aring.glif":"\/fonts\/Unpacking\/a89357b31f1ccafced598a72046c3143d831738c\/egyptiennefltstd-black.ufo\/glyphs\/aring.glif","\/fonts\/Unpacking\/a89357b31f1ccafced598a72046c3143d831738c\/egyptiennefltstd-black.ufo\/glyphs\/asciicircum.glif":"\/fonts\/Unpacking\/a89357b31f1ccafced598a72046c3143d831738c\/egyptiennefltstd-black.ufo\/glyphs\/asciicircum.glif","\/fonts\/Unpacking\/a89357b31f1ccafced598a72046c3143d831738c\/egyptiennefltstd-black.ufo\/glyphs\/asciitilde.glif":"\/fonts\/Unpacking\/a89357b31f1ccafced598a72046c3143d831738c\/egyptiennefltstd-black.ufo\/glyphs\/asciitilde.glif","\/fonts\/Unpacking\/a89357b31f1ccafced598a72046c3143d831738c\/egyptiennefltstd-black.ufo\/glyphs\/asterisk.glif":"\/fonts\/Unpacking\/a89357b31f1ccafced598a72046c3143d831738c\/egyptiennefltstd-black.ufo\/glyphs\/asterisk.glif","\/fonts\/Unpacking\/a89357b31f1ccafced598a72046c3143d831738c\/egyptiennefltstd-black.ufo\/glyphs\/at.glif":"\/fonts\/Unpacking\/a89357b31f1ccafced598a72046c3143d831738c\/egyptiennefltstd-black.ufo\/glyphs\/at.glif","\/fonts\/Unpacking\/a89357b31f1ccafced598a72046c3143d831738c\/egyptiennefltstd-black.ufo\/glyphs\/atilde.glif":"\/fonts\/Unpacking\/a89357b31f1ccafced598a72046c3143d831738c\/egyptiennefltstd-black.ufo\/glyphs\/atilde.glif","\/fonts\/Unpacking\/a89357b31f1ccafced598a72046c3143d831738c\/egyptiennefltstd-black.ufo\/glyphs\/b.glif":"\/fonts\/Unpacking\/a89357b31f1ccafced598a72046c3143d831738c\/egyptiennefltstd-black.ufo\/glyphs\/b.glif","\/fonts\/Unpacking\/a89357b31f1ccafced598a72046c3143d831738c\/egyptiennefltstd-black.ufo\/glyphs\/backslash.glif":"\/fonts\/Unpacking\/a89357b31f1ccafced598a72046c3143d831738c\/egyptiennefltstd-black.ufo\/glyphs\/backslash.glif","\/fonts\/Unpacking\/a89357b31f1ccafced598a72046c3143d831738c\/egyptiennefltstd-black.ufo\/glyphs\/bar.glif":"\/fonts\/Unpacking\/a89357b31f1ccafced598a72046c3143d831738c\/egyptiennefltstd-black.ufo\/glyphs\/bar.glif","\/fonts\/Unpacking\/a89357b31f1ccafced598a72046c3143d831738c\/egyptiennefltstd-black.ufo\/glyphs\/braceleft.glif":"\/fonts\/Unpacking\/a89357b31f1ccafced598a72046c3143d831738c\/egyptiennefltstd-black.ufo\/glyphs\/braceleft.glif","\/fonts\/Unpacking\/a89357b31f1ccafced598a72046c3143d831738c\/egyptiennefltstd-black.ufo\/glyphs\/braceright.glif":"\/fonts\/Unpacking\/a89357b31f1ccafced598a72046c3143d831738c\/egyptiennefltstd-black.ufo\/glyphs\/braceright.glif","\/fonts\/Unpacking\/a89357b31f1ccafced598a72046c3143d831738c\/egyptiennefltstd-black.ufo\/glyphs\/bracketleft.glif":"\/fonts\/Unpacking\/a89357b31f1ccafced598a72046c3143d831738c\/egyptiennefltstd-black.ufo\/glyphs\/bracketleft.glif","\/fonts\/Unpacking\/a89357b31f1ccafced598a72046c3143d831738c\/egyptiennefltstd-black.ufo\/glyphs\/bracketright.glif":"\/fonts\/Unpacking\/a89357b31f1ccafced598a72046c3143d831738c\/egyptiennefltstd-black.ufo\/glyphs\/bracketright.glif","\/fonts\/Unpacking\/a89357b31f1ccafced598a72046c3143d831738c\/egyptiennefltstd-black.ufo\/glyphs\/breve.glif":"\/fonts\/Unpacking\/a89357b31f1ccafced598a72046c3143d831738c\/egyptiennefltstd-black.ufo\/glyphs\/breve.glif","\/fonts\/Unpacking\/a89357b31f1ccafced598a72046c3143d831738c\/egyptiennefltstd-black.ufo\/glyphs\/brokenbar.glif":"\/fonts\/Unpacking\/a89357b31f1ccafced598a72046c3143d831738c\/egyptiennefltstd-black.ufo\/glyphs\/brokenbar.glif","\/fonts\/Unpacking\/a89357b31f1ccafced598a72046c3143d831738c\/egyptiennefltstd-black.ufo\/glyphs\/bullet.glif":"\/fonts\/Unpacking\/a89357b31f1ccafced598a72046c3143d831738c\/egyptiennefltstd-black.ufo\/glyphs\/bullet.glif","\/fonts\/Unpacking\/a89357b31f1ccafced598a72046c3143d831738c\/egyptiennefltstd-black.ufo\/glyphs\/c.glif":"\/fonts\/Unpacking\/a89357b31f1ccafced598a72046c3143d831738c\/egyptiennefltstd-black.ufo\/glyphs\/c.glif","\/fonts\/Unpacking\/a89357b31f1ccafced598a72046c3143d831738c\/egyptiennefltstd-black.ufo\/glyphs\/caron.glif":"\/fonts\/Unpacking\/a89357b31f1ccafced598a72046c3143d831738c\/egyptiennefltstd-black.ufo\/glyphs\/caron.glif","\/fonts\/Unpacking\/a89357b31f1ccafced598a72046c3143d831738c\/egyptiennefltstd-black.ufo\/glyphs\/ccedilla.glif":"\/fonts\/Unpacking\/a89357b31f1ccafced598a72046c3143d831738c\/egyptiennefltstd-black.ufo\/glyphs\/ccedilla.glif","\/fonts\/Unpacking\/a89357b31f1ccafced598a72046c3143d831738c\/egyptiennefltstd-black.ufo\/glyphs\/cedilla.glif":"\/fonts\/Unpacking\/a89357b31f1ccafced598a72046c3143d831738c\/egyptiennefltstd-black.ufo\/glyphs\/cedilla.glif","\/fonts\/Unpacking\/a89357b31f1ccafced598a72046c3143d831738c\/egyptiennefltstd-black.ufo\/glyphs\/cent.glif":"\/fonts\/Unpacking\/a89357b31f1ccafced598a72046c3143d831738c\/egyptiennefltstd-black.ufo\/glyphs\/cent.glif","\/fonts\/Unpacking\/a89357b31f1ccafced598a72046c3143d831738c\/egyptiennefltstd-black.ufo\/glyphs\/circumflex.glif":"\/fonts\/Unpacking\/a89357b31f1ccafced598a72046c3143d831738c\/egyptiennefltstd-black.ufo\/glyphs\/circumflex.glif","\/fonts\/Unpacking\/a89357b31f1ccafced598a72046c3143d831738c\/egyptiennefltstd-black.ufo\/glyphs\/colon.glif":"\/fonts\/Unpacking\/a89357b31f1ccafced598a72046c3143d831738c\/egyptiennefltstd-black.ufo\/glyphs\/colon.glif","\/fonts\/Unpacking\/a89357b31f1ccafced598a72046c3143d831738c\/egyptiennefltstd-black.ufo\/glyphs\/comma.glif":"\/fonts\/Unpacking\/a89357b31f1ccafced598a72046c3143d831738c\/egyptiennefltstd-black.ufo\/glyphs\/comma.glif","\/fonts\/Unpacking\/a89357b31f1ccafced598a72046c3143d831738c\/egyptiennefltstd-black.ufo\/glyphs\/contents.plist":"\/fonts\/Unpacking\/a89357b31f1ccafced598a72046c3143d831738c\/egyptiennefltstd-black.ufo\/glyphs\/contents.plist","\/fonts\/Unpacking\/a89357b31f1ccafced598a72046c3143d831738c\/egyptiennefltstd-black.ufo\/glyphs\/copyright.glif":"\/fonts\/Unpacking\/a89357b31f1ccafced598a72046c3143d831738c\/egyptiennefltstd-black.ufo\/glyphs\/copyright.glif","\/fonts\/Unpacking\/a89357b31f1ccafced598a72046c3143d831738c\/egyptiennefltstd-black.ufo\/glyphs\/currency.glif":"\/fonts\/Unpacking\/a89357b31f1ccafced598a72046c3143d831738c\/egyptiennefltstd-black.ufo\/glyphs\/currency.glif","\/fonts\/Unpacking\/a89357b31f1ccafced598a72046c3143d831738c\/egyptiennefltstd-black.ufo\/glyphs\/d.glif":"\/fonts\/Unpacking\/a89357b31f1ccafced598a72046c3143d831738c\/egyptiennefltstd-black.ufo\/glyphs\/d.glif","\/fonts\/Unpacking\/a89357b31f1ccafced598a72046c3143d831738c\/egyptiennefltstd-black.ufo\/glyphs\/dagger.glif":"\/fonts\/Unpacking\/a89357b31f1ccafced598a72046c3143d831738c\/egyptiennefltstd-black.ufo\/glyphs\/dagger.glif","\/fonts\/Unpacking\/a89357b31f1ccafced598a72046c3143d831738c\/egyptiennefltstd-black.ufo\/glyphs\/daggerdbl.glif":"\/fonts\/Unpacking\/a89357b31f1ccafced598a72046c3143d831738c\/egyptiennefltstd-black.ufo\/glyphs\/daggerdbl.glif","\/fonts\/Unpacking\/a89357b31f1ccafced598a72046c3143d831738c\/egyptiennefltstd-black.ufo\/glyphs\/degree.glif":"\/fonts\/Unpacking\/a89357b31f1ccafced598a72046c3143d831738c\/egyptiennefltstd-black.ufo\/glyphs\/degree.glif","\/fonts\/Unpacking\/a89357b31f1ccafced598a72046c3143d831738c\/egyptiennefltstd-black.ufo\/glyphs\/dieresis.glif":"\/fonts\/Unpacking\/a89357b31f1ccafced598a72046c3143d831738c\/egyptiennefltstd-black.ufo\/glyphs\/dieresis.glif","\/fonts\/Unpacking\/a89357b31f1ccafced598a72046c3143d831738c\/egyptiennefltstd-black.ufo\/glyphs\/divide.glif":"\/fonts\/Unpacking\/a89357b31f1ccafced598a72046c3143d831738c\/egyptiennefltstd-black.ufo\/glyphs\/divide.glif","\/fonts\/Unpacking\/a89357b31f1ccafced598a72046c3143d831738c\/egyptiennefltstd-black.ufo\/glyphs\/dollar.glif":"\/fonts\/Unpacking\/a89357b31f1ccafced598a72046c3143d831738c\/egyptiennefltstd-black.ufo\/glyphs\/dollar.glif","\/fonts\/Unpacking\/a89357b31f1ccafced598a72046c3143d831738c\/egyptiennefltstd-black.ufo\/glyphs\/dotaccent.glif":"\/fonts\/Unpacking\/a89357b31f1ccafced598a72046c3143d831738c\/egyptiennefltstd-black.ufo\/glyphs\/dotaccent.glif","\/fonts\/Unpacking\/a89357b31f1ccafced598a72046c3143d831738c\/egyptiennefltstd-black.ufo\/glyphs\/dotlessi.glif":"\/fonts\/Unpacking\/a89357b31f1ccafced598a72046c3143d831738c\/egyptiennefltstd-black.ufo\/glyphs\/dotlessi.glif","\/fonts\/Unpacking\/a89357b31f1ccafced598a72046c3143d831738c\/egyptiennefltstd-black.ufo\/glyphs\/e.glif":"\/fonts\/Unpacking\/a89357b31f1ccafced598a72046c3143d831738c\/egyptiennefltstd-black.ufo\/glyphs\/e.glif","\/fonts\/Unpacking\/a89357b31f1ccafced598a72046c3143d831738c\/egyptiennefltstd-black.ufo\/glyphs\/eacute.glif":"\/fonts\/Unpacking\/a89357b31f1ccafced598a72046c3143d831738c\/egyptiennefltstd-black.ufo\/glyphs\/eacute.glif","\/fonts\/Unpacking\/a89357b31f1ccafced598a72046c3143d831738c\/egyptiennefltstd-black.ufo\/glyphs\/ecircumflex.glif":"\/fonts\/Unpacking\/a89357b31f1ccafced598a72046c3143d831738c\/egyptiennefltstd-black.ufo\/glyphs\/ecircumflex.glif","\/fonts\/Unpacking\/a89357b31f1ccafced598a72046c3143d831738c\/egyptiennefltstd-black.ufo\/glyphs\/edieresis.glif":"\/fonts\/Unpacking\/a89357b31f1ccafced598a72046c3143d831738c\/egyptiennefltstd-black.ufo\/glyphs\/edieresis.glif","\/fonts\/Unpacking\/a89357b31f1ccafced598a72046c3143d831738c\/egyptiennefltstd-black.ufo\/glyphs\/egrave.glif":"\/fonts\/Unpacking\/a89357b31f1ccafced598a72046c3143d831738c\/egyptiennefltstd-black.ufo\/glyphs\/egrave.glif","\/fonts\/Unpacking\/a89357b31f1ccafced598a72046c3143d831738c\/egyptiennefltstd-black.ufo\/glyphs\/eight.glif":"\/fonts\/Unpacking\/a89357b31f1ccafced598a72046c3143d831738c\/egyptiennefltstd-black.ufo\/glyphs\/eight.glif","\/fonts\/Unpacking\/a89357b31f1ccafced598a72046c3143d831738c\/egyptiennefltstd-black.ufo\/glyphs\/ellipsis.glif":"\/fonts\/Unpacking\/a89357b31f1ccafced598a72046c3143d831738c\/egyptiennefltstd-black.ufo\/glyphs\/ellipsis.glif","\/fonts\/Unpacking\/a89357b31f1ccafced598a72046c3143d831738c\/egyptiennefltstd-black.ufo\/glyphs\/emdash.glif":"\/fonts\/Unpacking\/a89357b31f1ccafced598a72046c3143d831738c\/egyptiennefltstd-black.ufo\/glyphs\/emdash.glif","\/fonts\/Unpacking\/a89357b31f1ccafced598a72046c3143d831738c\/egyptiennefltstd-black.ufo\/glyphs\/endash.glif":"\/fonts\/Unpacking\/a89357b31f1ccafced598a72046c3143d831738c\/egyptiennefltstd-black.ufo\/glyphs\/endash.glif","\/fonts\/Unpacking\/a89357b31f1ccafced598a72046c3143d831738c\/egyptiennefltstd-black.ufo\/glyphs\/equal.glif":"\/fonts\/Unpacking\/a89357b31f1ccafced598a72046c3143d831738c\/egyptiennefltstd-black.ufo\/glyphs\/equal.glif","\/fonts\/Unpacking\/a89357b31f1ccafced598a72046c3143d831738c\/egyptiennefltstd-black.ufo\/glyphs\/estimated.glif":"\/fonts\/Unpacking\/a89357b31f1ccafced598a72046c3143d831738c\/egyptiennefltstd-black.ufo\/glyphs\/estimated.glif","\/fonts\/Unpacking\/a89357b31f1ccafced598a72046c3143d831738c\/egyptiennefltstd-black.ufo\/glyphs\/eth.glif":"\/fonts\/Unpacking\/a89357b31f1ccafced598a72046c3143d831738c\/egyptiennefltstd-black.ufo\/glyphs\/eth.glif","\/fonts\/Unpacking\/a89357b31f1ccafced598a72046c3143d831738c\/egyptiennefltstd-black.ufo\/glyphs\/exclam.glif":"\/fonts\/Unpacking\/a89357b31f1ccafced598a72046c3143d831738c\/egyptiennefltstd-black.ufo\/glyphs\/exclam.glif","\/fonts\/Unpacking\/a89357b31f1ccafced598a72046c3143d831738c\/egyptiennefltstd-black.ufo\/glyphs\/exclamdown.glif":"\/fonts\/Unpacking\/a89357b31f1ccafced598a72046c3143d831738c\/egyptiennefltstd-black.ufo\/glyphs\/exclamdown.glif","\/fonts\/Unpacking\/a89357b31f1ccafced598a72046c3143d831738c\/egyptiennefltstd-black.ufo\/glyphs\/f.glif":"\/fonts\/Unpacking\/a89357b31f1ccafced598a72046c3143d831738c\/egyptiennefltstd-black.ufo\/glyphs\/f.glif","\/fonts\/Unpacking\/a89357b31f1ccafced598a72046c3143d831738c\/egyptiennefltstd-black.ufo\/glyphs\/fi.glif":"\/fonts\/Unpacking\/a89357b31f1ccafced598a72046c3143d831738c\/egyptiennefltstd-black.ufo\/glyphs\/fi.glif","\/fonts\/Unpacking\/a89357b31f1ccafced598a72046c3143d831738c\/egyptiennefltstd-black.ufo\/glyphs\/five.glif":"\/fonts\/Unpacking\/a89357b31f1ccafced598a72046c3143d831738c\/egyptiennefltstd-black.ufo\/glyphs\/five.glif","\/fonts\/Unpacking\/a89357b31f1ccafced598a72046c3143d831738c\/egyptiennefltstd-black.ufo\/glyphs\/fl.glif":"\/fonts\/Unpacking\/a89357b31f1ccafced598a72046c3143d831738c\/egyptiennefltstd-black.ufo\/glyphs\/fl.glif","\/fonts\/Unpacking\/a89357b31f1ccafced598a72046c3143d831738c\/egyptiennefltstd-black.ufo\/glyphs\/florin.glif":"\/fonts\/Unpacking\/a89357b31f1ccafced598a72046c3143d831738c\/egyptiennefltstd-black.ufo\/glyphs\/florin.glif","\/fonts\/Unpacking\/a89357b31f1ccafced598a72046c3143d831738c\/egyptiennefltstd-black.ufo\/glyphs\/four.glif":"\/fonts\/Unpacking\/a89357b31f1ccafced598a72046c3143d831738c\/egyptiennefltstd-black.ufo\/glyphs\/four.glif","\/fonts\/Unpacking\/a89357b31f1ccafced598a72046c3143d831738c\/egyptiennefltstd-black.ufo\/glyphs\/fraction.glif":"\/fonts\/Unpacking\/a89357b31f1ccafced598a72046c3143d831738c\/egyptiennefltstd-black.ufo\/glyphs\/fraction.glif","\/fonts\/Unpacking\/a89357b31f1ccafced598a72046c3143d831738c\/egyptiennefltstd-black.ufo\/glyphs\/g.glif":"\/fonts\/Unpacking\/a89357b31f1ccafced598a72046c3143d831738c\/egyptiennefltstd-black.ufo\/glyphs\/g.glif","\/fonts\/Unpacking\/a89357b31f1ccafced598a72046c3143d831738c\/egyptiennefltstd-black.ufo\/glyphs\/germandbls.glif":"\/fonts\/Unpacking\/a89357b31f1ccafced598a72046c3143d831738c\/egyptiennefltstd-black.ufo\/glyphs\/germandbls.glif","\/fonts\/Unpacking\/a89357b31f1ccafced598a72046c3143d831738c\/egyptiennefltstd-black.ufo\/glyphs\/grave.glif":"\/fonts\/Unpacking\/a89357b31f1ccafced598a72046c3143d831738c\/egyptiennefltstd-black.ufo\/glyphs\/grave.glif","\/fonts\/Unpacking\/a89357b31f1ccafced598a72046c3143d831738c\/egyptiennefltstd-black.ufo\/glyphs\/greater.glif":"\/fonts\/Unpacking\/a89357b31f1ccafced598a72046c3143d831738c\/egyptiennefltstd-black.ufo\/glyphs\/greater.glif","\/fonts\/Unpacking\/a89357b31f1ccafced598a72046c3143d831738c\/egyptiennefltstd-black.ufo\/glyphs\/greaterequal.glif":"\/fonts\/Unpacking\/a89357b31f1ccafced598a72046c3143d831738c\/egyptiennefltstd-black.ufo\/glyphs\/greaterequal.glif","\/fonts\/Unpacking\/a89357b31f1ccafced598a72046c3143d831738c\/egyptiennefltstd-black.ufo\/glyphs\/guillemotleft.glif":"\/fonts\/Unpacking\/a89357b31f1ccafced598a72046c3143d831738c\/egyptiennefltstd-black.ufo\/glyphs\/guillemotleft.glif","\/fonts\/Unpacking\/a89357b31f1ccafced598a72046c3143d831738c\/egyptiennefltstd-black.ufo\/glyphs\/guillemotright.glif":"\/fonts\/Unpacking\/a89357b31f1ccafced598a72046c3143d831738c\/egyptiennefltstd-black.ufo\/glyphs\/guillemotright.glif","\/fonts\/Unpacking\/a89357b31f1ccafced598a72046c3143d831738c\/egyptiennefltstd-black.ufo\/glyphs\/guilsinglleft.glif":"\/fonts\/Unpacking\/a89357b31f1ccafced598a72046c3143d831738c\/egyptiennefltstd-black.ufo\/glyphs\/guilsinglleft.glif","\/fonts\/Unpacking\/a89357b31f1ccafced598a72046c3143d831738c\/egyptiennefltstd-black.ufo\/glyphs\/guilsinglright.glif":"\/fonts\/Unpacking\/a89357b31f1ccafced598a72046c3143d831738c\/egyptiennefltstd-black.ufo\/glyphs\/guilsinglright.glif","\/fonts\/Unpacking\/a89357b31f1ccafced598a72046c3143d831738c\/egyptiennefltstd-black.ufo\/glyphs\/h.glif":"\/fonts\/Unpacking\/a89357b31f1ccafced598a72046c3143d831738c\/egyptiennefltstd-black.ufo\/glyphs\/h.glif","\/fonts\/Unpacking\/a89357b31f1ccafced598a72046c3143d831738c\/egyptiennefltstd-black.ufo\/glyphs\/hungarumlaut.glif":"\/fonts\/Unpacking\/a89357b31f1ccafced598a72046c3143d831738c\/egyptiennefltstd-black.ufo\/glyphs\/hungarumlaut.glif","\/fonts\/Unpacking\/a89357b31f1ccafced598a72046c3143d831738c\/egyptiennefltstd-black.ufo\/glyphs\/hyphen.glif":"\/fonts\/Unpacking\/a89357b31f1ccafced598a72046c3143d831738c\/egyptiennefltstd-black.ufo\/glyphs\/hyphen.glif","\/fonts\/Unpacking\/a89357b31f1ccafced598a72046c3143d831738c\/egyptiennefltstd-black.ufo\/glyphs\/i.glif":"\/fonts\/Unpacking\/a89357b31f1ccafced598a72046c3143d831738c\/egyptiennefltstd-black.ufo\/glyphs\/i.glif","\/fonts\/Unpacking\/a89357b31f1ccafced598a72046c3143d831738c\/egyptiennefltstd-black.ufo\/glyphs\/iacute.glif":"\/fonts\/Unpacking\/a89357b31f1ccafced598a72046c3143d831738c\/egyptiennefltstd-black.ufo\/glyphs\/iacute.glif","\/fonts\/Unpacking\/a89357b31f1ccafced598a72046c3143d831738c\/egyptiennefltstd-black.ufo\/glyphs\/icircumflex.glif":"\/fonts\/Unpacking\/a89357b31f1ccafced598a72046c3143d831738c\/egyptiennefltstd-black.ufo\/glyphs\/icircumflex.glif","\/fonts\/Unpacking\/a89357b31f1ccafced598a72046c3143d831738c\/egyptiennefltstd-black.ufo\/glyphs\/idieresis.glif":"\/fonts\/Unpacking\/a89357b31f1ccafced598a72046c3143d831738c\/egyptiennefltstd-black.ufo\/glyphs\/idieresis.glif","\/fonts\/Unpacking\/a89357b31f1ccafced598a72046c3143d831738c\/egyptiennefltstd-black.ufo\/glyphs\/igrave.glif":"\/fonts\/Unpacking\/a89357b31f1ccafced598a72046c3143d831738c\/egyptiennefltstd-black.ufo\/glyphs\/igrave.glif","\/fonts\/Unpacking\/a89357b31f1ccafced598a72046c3143d831738c\/egyptiennefltstd-black.ufo\/glyphs\/infinity.glif":"\/fonts\/Unpacking\/a89357b31f1ccafced598a72046c3143d831738c\/egyptiennefltstd-black.ufo\/glyphs\/infinity.glif","\/fonts\/Unpacking\/a89357b31f1ccafced598a72046c3143d831738c\/egyptiennefltstd-black.ufo\/glyphs\/integral.glif":"\/fonts\/Unpacking\/a89357b31f1ccafced598a72046c3143d831738c\/egyptiennefltstd-black.ufo\/glyphs\/integral.glif","\/fonts\/Unpacking\/a89357b31f1ccafced598a72046c3143d831738c\/egyptiennefltstd-black.ufo\/glyphs\/j.glif":"\/fonts\/Unpacking\/a89357b31f1ccafced598a72046c3143d831738c\/egyptiennefltstd-black.ufo\/glyphs\/j.glif","\/fonts\/Unpacking\/a89357b31f1ccafced598a72046c3143d831738c\/egyptiennefltstd-black.ufo\/glyphs\/k.glif":"\/fonts\/Unpacking\/a89357b31f1ccafced598a72046c3143d831738c\/egyptiennefltstd-black.ufo\/glyphs\/k.glif","\/fonts\/Unpacking\/a89357b31f1ccafced598a72046c3143d831738c\/egyptiennefltstd-black.ufo\/glyphs\/l.glif":"\/fonts\/Unpacking\/a89357b31f1ccafced598a72046c3143d831738c\/egyptiennefltstd-black.ufo\/glyphs\/l.glif","\/fonts\/Unpacking\/a89357b31f1ccafced598a72046c3143d831738c\/egyptiennefltstd-black.ufo\/glyphs\/less.glif":"\/fonts\/Unpacking\/a89357b31f1ccafced598a72046c3143d831738c\/egyptiennefltstd-black.ufo\/glyphs\/less.glif","\/fonts\/Unpacking\/a89357b31f1ccafced598a72046c3143d831738c\/egyptiennefltstd-black.ufo\/glyphs\/lessequal.glif":"\/fonts\/Unpacking\/a89357b31f1ccafced598a72046c3143d831738c\/egyptiennefltstd-black.ufo\/glyphs\/lessequal.glif","\/fonts\/Unpacking\/a89357b31f1ccafced598a72046c3143d831738c\/egyptiennefltstd-black.ufo\/glyphs\/logicalnot.glif":"\/fonts\/Unpacking\/a89357b31f1ccafced598a72046c3143d831738c\/egyptiennefltstd-black.ufo\/glyphs\/logicalnot.glif","\/fonts\/Unpacking\/a89357b31f1ccafced598a72046c3143d831738c\/egyptiennefltstd-black.ufo\/glyphs\/lozenge.glif":"\/fonts\/Unpacking\/a89357b31f1ccafced598a72046c3143d831738c\/egyptiennefltstd-black.ufo\/glyphs\/lozenge.glif","\/fonts\/Unpacking\/a89357b31f1ccafced598a72046c3143d831738c\/egyptiennefltstd-black.ufo\/glyphs\/lslash.glif":"\/fonts\/Unpacking\/a89357b31f1ccafced598a72046c3143d831738c\/egyptiennefltstd-black.ufo\/glyphs\/lslash.glif","\/fonts\/Unpacking\/a89357b31f1ccafced598a72046c3143d831738c\/egyptiennefltstd-black.ufo\/glyphs\/m.glif":"\/fonts\/Unpacking\/a89357b31f1ccafced598a72046c3143d831738c\/egyptiennefltstd-black.ufo\/glyphs\/m.glif","\/fonts\/Unpacking\/a89357b31f1ccafced598a72046c3143d831738c\/egyptiennefltstd-black.ufo\/glyphs\/macron.glif":"\/fonts\/Unpacking\/a89357b31f1ccafced598a72046c3143d831738c\/egyptiennefltstd-black.ufo\/glyphs\/macron.glif","\/fonts\/Unpacking\/a89357b31f1ccafced598a72046c3143d831738c\/egyptiennefltstd-black.ufo\/glyphs\/minus.glif":"\/fonts\/Unpacking\/a89357b31f1ccafced598a72046c3143d831738c\/egyptiennefltstd-black.ufo\/glyphs\/minus.glif","\/fonts\/Unpacking\/a89357b31f1ccafced598a72046c3143d831738c\/egyptiennefltstd-black.ufo\/glyphs\/mu.glif":"\/fonts\/Unpacking\/a89357b31f1ccafced598a72046c3143d831738c\/egyptiennefltstd-black.ufo\/glyphs\/mu.glif","\/fonts\/Unpacking\/a89357b31f1ccafced598a72046c3143d831738c\/egyptiennefltstd-black.ufo\/glyphs\/multiply.glif":"\/fonts\/Unpacking\/a89357b31f1ccafced598a72046c3143d831738c\/egyptiennefltstd-black.ufo\/glyphs\/multiply.glif","\/fonts\/Unpacking\/a89357b31f1ccafced598a72046c3143d831738c\/egyptiennefltstd-black.ufo\/glyphs\/n.glif":"\/fonts\/Unpacking\/a89357b31f1ccafced598a72046c3143d831738c\/egyptiennefltstd-black.ufo\/glyphs\/n.glif","\/fonts\/Unpacking\/a89357b31f1ccafced598a72046c3143d831738c\/egyptiennefltstd-black.ufo\/glyphs\/nine.glif":"\/fonts\/Unpacking\/a89357b31f1ccafced598a72046c3143d831738c\/egyptiennefltstd-black.ufo\/glyphs\/nine.glif","\/fonts\/Unpacking\/a89357b31f1ccafced598a72046c3143d831738c\/egyptiennefltstd-black.ufo\/glyphs\/notequal.glif":"\/fonts\/Unpacking\/a89357b31f1ccafced598a72046c3143d831738c\/egyptiennefltstd-black.ufo\/glyphs\/notequal.glif","\/fonts\/Unpacking\/a89357b31f1ccafced598a72046c3143d831738c\/egyptiennefltstd-black.ufo\/glyphs\/ntilde.glif":"\/fonts\/Unpacking\/a89357b31f1ccafced598a72046c3143d831738c\/egyptiennefltstd-black.ufo\/glyphs\/ntilde.glif","\/fonts\/Unpacking\/a89357b31f1ccafced598a72046c3143d831738c\/egyptiennefltstd-black.ufo\/glyphs\/numbersign.glif":"\/fonts\/Unpacking\/a89357b31f1ccafced598a72046c3143d831738c\/egyptiennefltstd-black.ufo\/glyphs\/numbersign.glif","\/fonts\/Unpacking\/a89357b31f1ccafced598a72046c3143d831738c\/egyptiennefltstd-black.ufo\/glyphs\/o.glif":"\/fonts\/Unpacking\/a89357b31f1ccafced598a72046c3143d831738c\/egyptiennefltstd-black.ufo\/glyphs\/o.glif","\/fonts\/Unpacking\/a89357b31f1ccafced598a72046c3143d831738c\/egyptiennefltstd-black.ufo\/glyphs\/oacute.glif":"\/fonts\/Unpacking\/a89357b31f1ccafced598a72046c3143d831738c\/egyptiennefltstd-black.ufo\/glyphs\/oacute.glif","\/fonts\/Unpacking\/a89357b31f1ccafced598a72046c3143d831738c\/egyptiennefltstd-black.ufo\/glyphs\/ocircumflex.glif":"\/fonts\/Unpacking\/a89357b31f1ccafced598a72046c3143d831738c\/egyptiennefltstd-black.ufo\/glyphs\/ocircumflex.glif","\/fonts\/Unpacking\/a89357b31f1ccafced598a72046c3143d831738c\/egyptiennefltstd-black.ufo\/glyphs\/odieresis.glif":"\/fonts\/Unpacking\/a89357b31f1ccafced598a72046c3143d831738c\/egyptiennefltstd-black.ufo\/glyphs\/odieresis.glif","\/fonts\/Unpacking\/a89357b31f1ccafced598a72046c3143d831738c\/egyptiennefltstd-black.ufo\/glyphs\/oe.glif":"\/fonts\/Unpacking\/a89357b31f1ccafced598a72046c3143d831738c\/egyptiennefltstd-black.ufo\/glyphs\/oe.glif","\/fonts\/Unpacking\/a89357b31f1ccafced598a72046c3143d831738c\/egyptiennefltstd-black.ufo\/glyphs\/ogonek.glif":"\/fonts\/Unpacking\/a89357b31f1ccafced598a72046c3143d831738c\/egyptiennefltstd-black.ufo\/glyphs\/ogonek.glif","\/fonts\/Unpacking\/a89357b31f1ccafced598a72046c3143d831738c\/egyptiennefltstd-black.ufo\/glyphs\/ograve.glif":"\/fonts\/Unpacking\/a89357b31f1ccafced598a72046c3143d831738c\/egyptiennefltstd-black.ufo\/glyphs\/ograve.glif","\/fonts\/Unpacking\/a89357b31f1ccafced598a72046c3143d831738c\/egyptiennefltstd-black.ufo\/glyphs\/one.glif":"\/fonts\/Unpacking\/a89357b31f1ccafced598a72046c3143d831738c\/egyptiennefltstd-black.ufo\/glyphs\/one.glif","\/fonts\/Unpacking\/a89357b31f1ccafced598a72046c3143d831738c\/egyptiennefltstd-black.ufo\/glyphs\/onehalf.glif":"\/fonts\/Unpacking\/a89357b31f1ccafced598a72046c3143d831738c\/egyptiennefltstd-black.ufo\/glyphs\/onehalf.glif","\/fonts\/Unpacking\/a89357b31f1ccafced598a72046c3143d831738c\/egyptiennefltstd-black.ufo\/glyphs\/onequarter.glif":"\/fonts\/Unpacking\/a89357b31f1ccafced598a72046c3143d831738c\/egyptiennefltstd-black.ufo\/glyphs\/onequarter.glif","\/fonts\/Unpacking\/a89357b31f1ccafced598a72046c3143d831738c\/egyptiennefltstd-black.ufo\/glyphs\/onesuperior.glif":"\/fonts\/Unpacking\/a89357b31f1ccafced598a72046c3143d831738c\/egyptiennefltstd-black.ufo\/glyphs\/onesuperior.glif","\/fonts\/Unpacking\/a89357b31f1ccafced598a72046c3143d831738c\/egyptiennefltstd-black.ufo\/glyphs\/ordfeminine.glif":"\/fonts\/Unpacking\/a89357b31f1ccafced598a72046c3143d831738c\/egyptiennefltstd-black.ufo\/glyphs\/ordfeminine.glif","\/fonts\/Unpacking\/a89357b31f1ccafced598a72046c3143d831738c\/egyptiennefltstd-black.ufo\/glyphs\/ordmasculine.glif":"\/fonts\/Unpacking\/a89357b31f1ccafced598a72046c3143d831738c\/egyptiennefltstd-black.ufo\/glyphs\/ordmasculine.glif","\/fonts\/Unpacking\/a89357b31f1ccafced598a72046c3143d831738c\/egyptiennefltstd-black.ufo\/glyphs\/oslash.glif":"\/fonts\/Unpacking\/a89357b31f1ccafced598a72046c3143d831738c\/egyptiennefltstd-black.ufo\/glyphs\/oslash.glif","\/fonts\/Unpacking\/a89357b31f1ccafced598a72046c3143d831738c\/egyptiennefltstd-black.ufo\/glyphs\/otilde.glif":"\/fonts\/Unpacking\/a89357b31f1ccafced598a72046c3143d831738c\/egyptiennefltstd-black.ufo\/glyphs\/otilde.glif","\/fonts\/Unpacking\/a89357b31f1ccafced598a72046c3143d831738c\/egyptiennefltstd-black.ufo\/glyphs\/p.glif":"\/fonts\/Unpacking\/a89357b31f1ccafced598a72046c3143d831738c\/egyptiennefltstd-black.ufo\/glyphs\/p.glif","\/fonts\/Unpacking\/a89357b31f1ccafced598a72046c3143d831738c\/egyptiennefltstd-black.ufo\/glyphs\/paragraph.glif":"\/fonts\/Unpacking\/a89357b31f1ccafced598a72046c3143d831738c\/egyptiennefltstd-black.ufo\/glyphs\/paragraph.glif","\/fonts\/Unpacking\/a89357b31f1ccafced598a72046c3143d831738c\/egyptiennefltstd-black.ufo\/glyphs\/parenleft.glif":"\/fonts\/Unpacking\/a89357b31f1ccafced598a72046c3143d831738c\/egyptiennefltstd-black.ufo\/glyphs\/parenleft.glif","\/fonts\/Unpacking\/a89357b31f1ccafced598a72046c3143d831738c\/egyptiennefltstd-black.ufo\/glyphs\/parenright.glif":"\/fonts\/Unpacking\/a89357b31f1ccafced598a72046c3143d831738c\/egyptiennefltstd-black.ufo\/glyphs\/parenright.glif","\/fonts\/Unpacking\/a89357b31f1ccafced598a72046c3143d831738c\/egyptiennefltstd-black.ufo\/glyphs\/partialdiff.glif":"\/fonts\/Unpacking\/a89357b31f1ccafced598a72046c3143d831738c\/egyptiennefltstd-black.ufo\/glyphs\/partialdiff.glif","\/fonts\/Unpacking\/a89357b31f1ccafced598a72046c3143d831738c\/egyptiennefltstd-black.ufo\/glyphs\/percent.glif":"\/fonts\/Unpacking\/a89357b31f1ccafced598a72046c3143d831738c\/egyptiennefltstd-black.ufo\/glyphs\/percent.glif","\/fonts\/Unpacking\/a89357b31f1ccafced598a72046c3143d831738c\/egyptiennefltstd-black.ufo\/glyphs\/period.glif":"\/fonts\/Unpacking\/a89357b31f1ccafced598a72046c3143d831738c\/egyptiennefltstd-black.ufo\/glyphs\/period.glif","\/fonts\/Unpacking\/a89357b31f1ccafced598a72046c3143d831738c\/egyptiennefltstd-black.ufo\/glyphs\/periodcentered.glif":"\/fonts\/Unpacking\/a89357b31f1ccafced598a72046c3143d831738c\/egyptiennefltstd-black.ufo\/glyphs\/periodcentered.glif","\/fonts\/Unpacking\/a89357b31f1ccafced598a72046c3143d831738c\/egyptiennefltstd-black.ufo\/glyphs\/perthousand.glif":"\/fonts\/Unpacking\/a89357b31f1ccafced598a72046c3143d831738c\/egyptiennefltstd-black.ufo\/glyphs\/perthousand.glif","\/fonts\/Unpacking\/a89357b31f1ccafced598a72046c3143d831738c\/egyptiennefltstd-black.ufo\/glyphs\/pi.glif":"\/fonts\/Unpacking\/a89357b31f1ccafced598a72046c3143d831738c\/egyptiennefltstd-black.ufo\/glyphs\/pi.glif","\/fonts\/Unpacking\/a89357b31f1ccafced598a72046c3143d831738c\/egyptiennefltstd-black.ufo\/glyphs\/plus.glif":"\/fonts\/Unpacking\/a89357b31f1ccafced598a72046c3143d831738c\/egyptiennefltstd-black.ufo\/glyphs\/plus.glif","\/fonts\/Unpacking\/a89357b31f1ccafced598a72046c3143d831738c\/egyptiennefltstd-black.ufo\/glyphs\/plusminus.glif":"\/fonts\/Unpacking\/a89357b31f1ccafced598a72046c3143d831738c\/egyptiennefltstd-black.ufo\/glyphs\/plusminus.glif","\/fonts\/Unpacking\/a89357b31f1ccafced598a72046c3143d831738c\/egyptiennefltstd-black.ufo\/glyphs\/product.glif":"\/fonts\/Unpacking\/a89357b31f1ccafced598a72046c3143d831738c\/egyptiennefltstd-black.ufo\/glyphs\/product.glif","\/fonts\/Unpacking\/a89357b31f1ccafced598a72046c3143d831738c\/egyptiennefltstd-black.ufo\/glyphs\/q.glif":"\/fonts\/Unpacking\/a89357b31f1ccafced598a72046c3143d831738c\/egyptiennefltstd-black.ufo\/glyphs\/q.glif","\/fonts\/Unpacking\/a89357b31f1ccafced598a72046c3143d831738c\/egyptiennefltstd-black.ufo\/glyphs\/question.glif":"\/fonts\/Unpacking\/a89357b31f1ccafced598a72046c3143d831738c\/egyptiennefltstd-black.ufo\/glyphs\/question.glif","\/fonts\/Unpacking\/a89357b31f1ccafced598a72046c3143d831738c\/egyptiennefltstd-black.ufo\/glyphs\/questiondown.glif":"\/fonts\/Unpacking\/a89357b31f1ccafced598a72046c3143d831738c\/egyptiennefltstd-black.ufo\/glyphs\/questiondown.glif","\/fonts\/Unpacking\/a89357b31f1ccafced598a72046c3143d831738c\/egyptiennefltstd-black.ufo\/glyphs\/quotedbl.glif":"\/fonts\/Unpacking\/a89357b31f1ccafced598a72046c3143d831738c\/egyptiennefltstd-black.ufo\/glyphs\/quotedbl.glif","\/fonts\/Unpacking\/a89357b31f1ccafced598a72046c3143d831738c\/egyptiennefltstd-black.ufo\/glyphs\/quotedblbase.glif":"\/fonts\/Unpacking\/a89357b31f1ccafced598a72046c3143d831738c\/egyptiennefltstd-black.ufo\/glyphs\/quotedblbase.glif","\/fonts\/Unpacking\/a89357b31f1ccafced598a72046c3143d831738c\/egyptiennefltstd-black.ufo\/glyphs\/quotedblleft.glif":"\/fonts\/Unpacking\/a89357b31f1ccafced598a72046c3143d831738c\/egyptiennefltstd-black.ufo\/glyphs\/quotedblleft.glif","\/fonts\/Unpacking\/a89357b31f1ccafced598a72046c3143d831738c\/egyptiennefltstd-black.ufo\/glyphs\/quotedblright.glif":"\/fonts\/Unpacking\/a89357b31f1ccafced598a72046c3143d831738c\/egyptiennefltstd-black.ufo\/glyphs\/quotedblright.glif","\/fonts\/Unpacking\/a89357b31f1ccafced598a72046c3143d831738c\/egyptiennefltstd-black.ufo\/glyphs\/quoteleft.glif":"\/fonts\/Unpacking\/a89357b31f1ccafced598a72046c3143d831738c\/egyptiennefltstd-black.ufo\/glyphs\/quoteleft.glif","\/fonts\/Unpacking\/a89357b31f1ccafced598a72046c3143d831738c\/egyptiennefltstd-black.ufo\/glyphs\/quoteright.glif":"\/fonts\/Unpacking\/a89357b31f1ccafced598a72046c3143d831738c\/egyptiennefltstd-black.ufo\/glyphs\/quoteright.glif","\/fonts\/Unpacking\/a89357b31f1ccafced598a72046c3143d831738c\/egyptiennefltstd-black.ufo\/glyphs\/quotesinglbase.glif":"\/fonts\/Unpacking\/a89357b31f1ccafced598a72046c3143d831738c\/egyptiennefltstd-black.ufo\/glyphs\/quotesinglbase.glif","\/fonts\/Unpacking\/a89357b31f1ccafced598a72046c3143d831738c\/egyptiennefltstd-black.ufo\/glyphs\/quotesingle.glif":"\/fonts\/Unpacking\/a89357b31f1ccafced598a72046c3143d831738c\/egyptiennefltstd-black.ufo\/glyphs\/quotesingle.glif","\/fonts\/Unpacking\/a89357b31f1ccafced598a72046c3143d831738c\/egyptiennefltstd-black.ufo\/glyphs\/r.glif":"\/fonts\/Unpacking\/a89357b31f1ccafced598a72046c3143d831738c\/egyptiennefltstd-black.ufo\/glyphs\/r.glif","\/fonts\/Unpacking\/a89357b31f1ccafced598a72046c3143d831738c\/egyptiennefltstd-black.ufo\/glyphs\/radical.glif":"\/fonts\/Unpacking\/a89357b31f1ccafced598a72046c3143d831738c\/egyptiennefltstd-black.ufo\/glyphs\/radical.glif","\/fonts\/Unpacking\/a89357b31f1ccafced598a72046c3143d831738c\/egyptiennefltstd-black.ufo\/glyphs\/registered.glif":"\/fonts\/Unpacking\/a89357b31f1ccafced598a72046c3143d831738c\/egyptiennefltstd-black.ufo\/glyphs\/registered.glif","\/fonts\/Unpacking\/a89357b31f1ccafced598a72046c3143d831738c\/egyptiennefltstd-black.ufo\/glyphs\/ring.glif":"\/fonts\/Unpacking\/a89357b31f1ccafced598a72046c3143d831738c\/egyptiennefltstd-black.ufo\/glyphs\/ring.glif","\/fonts\/Unpacking\/a89357b31f1ccafced598a72046c3143d831738c\/egyptiennefltstd-black.ufo\/glyphs\/s.glif":"\/fonts\/Unpacking\/a89357b31f1ccafced598a72046c3143d831738c\/egyptiennefltstd-black.ufo\/glyphs\/s.glif","\/fonts\/Unpacking\/a89357b31f1ccafced598a72046c3143d831738c\/egyptiennefltstd-black.ufo\/glyphs\/scaron.glif":"\/fonts\/Unpacking\/a89357b31f1ccafced598a72046c3143d831738c\/egyptiennefltstd-black.ufo\/glyphs\/scaron.glif","\/fonts\/Unpacking\/a89357b31f1ccafced598a72046c3143d831738c\/egyptiennefltstd-black.ufo\/glyphs\/section.glif":"\/fonts\/Unpacking\/a89357b31f1ccafced598a72046c3143d831738c\/egyptiennefltstd-black.ufo\/glyphs\/section.glif","\/fonts\/Unpacking\/a89357b31f1ccafced598a72046c3143d831738c\/egyptiennefltstd-black.ufo\/glyphs\/semicolon.glif":"\/fonts\/Unpacking\/a89357b31f1ccafced598a72046c3143d831738c\/egyptiennefltstd-black.ufo\/glyphs\/semicolon.glif","\/fonts\/Unpacking\/a89357b31f1ccafced598a72046c3143d831738c\/egyptiennefltstd-black.ufo\/glyphs\/seven.glif":"\/fonts\/Unpacking\/a89357b31f1ccafced598a72046c3143d831738c\/egyptiennefltstd-black.ufo\/glyphs\/seven.glif","\/fonts\/Unpacking\/a89357b31f1ccafced598a72046c3143d831738c\/egyptiennefltstd-black.ufo\/glyphs\/six.glif":"\/fonts\/Unpacking\/a89357b31f1ccafced598a72046c3143d831738c\/egyptiennefltstd-black.ufo\/glyphs\/six.glif","\/fonts\/Unpacking\/a89357b31f1ccafced598a72046c3143d831738c\/egyptiennefltstd-black.ufo\/glyphs\/slash.glif":"\/fonts\/Unpacking\/a89357b31f1ccafced598a72046c3143d831738c\/egyptiennefltstd-black.ufo\/glyphs\/slash.glif","\/fonts\/Unpacking\/a89357b31f1ccafced598a72046c3143d831738c\/egyptiennefltstd-black.ufo\/glyphs\/space.glif":"\/fonts\/Unpacking\/a89357b31f1ccafced598a72046c3143d831738c\/egyptiennefltstd-black.ufo\/glyphs\/space.glif","\/fonts\/Unpacking\/a89357b31f1ccafced598a72046c3143d831738c\/egyptiennefltstd-black.ufo\/glyphs\/sterling.glif":"\/fonts\/Unpacking\/a89357b31f1ccafced598a72046c3143d831738c\/egyptiennefltstd-black.ufo\/glyphs\/sterling.glif","\/fonts\/Unpacking\/a89357b31f1ccafced598a72046c3143d831738c\/egyptiennefltstd-black.ufo\/glyphs\/summation.glif":"\/fonts\/Unpacking\/a89357b31f1ccafced598a72046c3143d831738c\/egyptiennefltstd-black.ufo\/glyphs\/summation.glif","\/fonts\/Unpacking\/a89357b31f1ccafced598a72046c3143d831738c\/egyptiennefltstd-black.ufo\/glyphs\/t.glif":"\/fonts\/Unpacking\/a89357b31f1ccafced598a72046c3143d831738c\/egyptiennefltstd-black.ufo\/glyphs\/t.glif","\/fonts\/Unpacking\/a89357b31f1ccafced598a72046c3143d831738c\/egyptiennefltstd-black.ufo\/glyphs\/thorn.glif":"\/fonts\/Unpacking\/a89357b31f1ccafced598a72046c3143d831738c\/egyptiennefltstd-black.ufo\/glyphs\/thorn.glif","\/fonts\/Unpacking\/a89357b31f1ccafced598a72046c3143d831738c\/egyptiennefltstd-black.ufo\/glyphs\/three.glif":"\/fonts\/Unpacking\/a89357b31f1ccafced598a72046c3143d831738c\/egyptiennefltstd-black.ufo\/glyphs\/three.glif","\/fonts\/Unpacking\/a89357b31f1ccafced598a72046c3143d831738c\/egyptiennefltstd-black.ufo\/glyphs\/threequarters.glif":"\/fonts\/Unpacking\/a89357b31f1ccafced598a72046c3143d831738c\/egyptiennefltstd-black.ufo\/glyphs\/threequarters.glif","\/fonts\/Unpacking\/a89357b31f1ccafced598a72046c3143d831738c\/egyptiennefltstd-black.ufo\/glyphs\/threesuperior.glif":"\/fonts\/Unpacking\/a89357b31f1ccafced598a72046c3143d831738c\/egyptiennefltstd-black.ufo\/glyphs\/threesuperior.glif","\/fonts\/Unpacking\/a89357b31f1ccafced598a72046c3143d831738c\/egyptiennefltstd-black.ufo\/glyphs\/tilde.glif":"\/fonts\/Unpacking\/a89357b31f1ccafced598a72046c3143d831738c\/egyptiennefltstd-black.ufo\/glyphs\/tilde.glif","\/fonts\/Unpacking\/a89357b31f1ccafced598a72046c3143d831738c\/egyptiennefltstd-black.ufo\/glyphs\/trademark.glif":"\/fonts\/Unpacking\/a89357b31f1ccafced598a72046c3143d831738c\/egyptiennefltstd-black.ufo\/glyphs\/trademark.glif","\/fonts\/Unpacking\/a89357b31f1ccafced598a72046c3143d831738c\/egyptiennefltstd-black.ufo\/glyphs\/two.glif":"\/fonts\/Unpacking\/a89357b31f1ccafced598a72046c3143d831738c\/egyptiennefltstd-black.ufo\/glyphs\/two.glif","\/fonts\/Unpacking\/a89357b31f1ccafced598a72046c3143d831738c\/egyptiennefltstd-black.ufo\/glyphs\/twosuperior.glif":"\/fonts\/Unpacking\/a89357b31f1ccafced598a72046c3143d831738c\/egyptiennefltstd-black.ufo\/glyphs\/twosuperior.glif","\/fonts\/Unpacking\/a89357b31f1ccafced598a72046c3143d831738c\/egyptiennefltstd-black.ufo\/glyphs\/u.glif":"\/fonts\/Unpacking\/a89357b31f1ccafced598a72046c3143d831738c\/egyptiennefltstd-black.ufo\/glyphs\/u.glif","\/fonts\/Unpacking\/a89357b31f1ccafced598a72046c3143d831738c\/egyptiennefltstd-black.ufo\/glyphs\/uacute.glif":"\/fonts\/Unpacking\/a89357b31f1ccafced598a72046c3143d831738c\/egyptiennefltstd-black.ufo\/glyphs\/uacute.glif","\/fonts\/Unpacking\/a89357b31f1ccafced598a72046c3143d831738c\/egyptiennefltstd-black.ufo\/glyphs\/ucircumflex.glif":"\/fonts\/Unpacking\/a89357b31f1ccafced598a72046c3143d831738c\/egyptiennefltstd-black.ufo\/glyphs\/ucircumflex.glif","\/fonts\/Unpacking\/a89357b31f1ccafced598a72046c3143d831738c\/egyptiennefltstd-black.ufo\/glyphs\/udieresis.glif":"\/fonts\/Unpacking\/a89357b31f1ccafced598a72046c3143d831738c\/egyptiennefltstd-black.ufo\/glyphs\/udieresis.glif","\/fonts\/Unpacking\/a89357b31f1ccafced598a72046c3143d831738c\/egyptiennefltstd-black.ufo\/glyphs\/ugrave.glif":"\/fonts\/Unpacking\/a89357b31f1ccafced598a72046c3143d831738c\/egyptiennefltstd-black.ufo\/glyphs\/ugrave.glif","\/fonts\/Unpacking\/a89357b31f1ccafced598a72046c3143d831738c\/egyptiennefltstd-black.ufo\/glyphs\/underscore.glif":"\/fonts\/Unpacking\/a89357b31f1ccafced598a72046c3143d831738c\/egyptiennefltstd-black.ufo\/glyphs\/underscore.glif","\/fonts\/Unpacking\/a89357b31f1ccafced598a72046c3143d831738c\/egyptiennefltstd-black.ufo\/glyphs\/uni00A_0.glif":"\/fonts\/Unpacking\/a89357b31f1ccafced598a72046c3143d831738c\/egyptiennefltstd-black.ufo\/glyphs\/uni00A_0.glif","\/fonts\/Unpacking\/a89357b31f1ccafced598a72046c3143d831738c\/egyptiennefltstd-black.ufo\/glyphs\/uni00A_D_.glif":"\/fonts\/Unpacking\/a89357b31f1ccafced598a72046c3143d831738c\/egyptiennefltstd-black.ufo\/glyphs\/uni00A_D_.glif","\/fonts\/Unpacking\/a89357b31f1ccafced598a72046c3143d831738c\/egyptiennefltstd-black.ufo\/glyphs\/uni02C_9.glif":"\/fonts\/Unpacking\/a89357b31f1ccafced598a72046c3143d831738c\/egyptiennefltstd-black.ufo\/glyphs\/uni02C_9.glif","\/fonts\/Unpacking\/a89357b31f1ccafced598a72046c3143d831738c\/egyptiennefltstd-black.ufo\/glyphs\/uni03A_9.glif":"\/fonts\/Unpacking\/a89357b31f1ccafced598a72046c3143d831738c\/egyptiennefltstd-black.ufo\/glyphs\/uni03A_9.glif","\/fonts\/Unpacking\/a89357b31f1ccafced598a72046c3143d831738c\/egyptiennefltstd-black.ufo\/glyphs\/uni03B_C_.glif":"\/fonts\/Unpacking\/a89357b31f1ccafced598a72046c3143d831738c\/egyptiennefltstd-black.ufo\/glyphs\/uni03B_C_.glif","\/fonts\/Unpacking\/a89357b31f1ccafced598a72046c3143d831738c\/egyptiennefltstd-black.ufo\/glyphs\/uni2215.glif":"\/fonts\/Unpacking\/a89357b31f1ccafced598a72046c3143d831738c\/egyptiennefltstd-black.ufo\/glyphs\/uni2215.glif","\/fonts\/Unpacking\/a89357b31f1ccafced598a72046c3143d831738c\/egyptiennefltstd-black.ufo\/glyphs\/uni2219.glif":"\/fonts\/Unpacking\/a89357b31f1ccafced598a72046c3143d831738c\/egyptiennefltstd-black.ufo\/glyphs\/uni2219.glif","\/fonts\/Unpacking\/a89357b31f1ccafced598a72046c3143d831738c\/egyptiennefltstd-black.ufo\/glyphs\/v.glif":"\/fonts\/Unpacking\/a89357b31f1ccafced598a72046c3143d831738c\/egyptiennefltstd-black.ufo\/glyphs\/v.glif","\/fonts\/Unpacking\/a89357b31f1ccafced598a72046c3143d831738c\/egyptiennefltstd-black.ufo\/glyphs\/w.glif":"\/fonts\/Unpacking\/a89357b31f1ccafced598a72046c3143d831738c\/egyptiennefltstd-black.ufo\/glyphs\/w.glif","\/fonts\/Unpacking\/a89357b31f1ccafced598a72046c3143d831738c\/egyptiennefltstd-black.ufo\/glyphs\/x.glif":"\/fonts\/Unpacking\/a89357b31f1ccafced598a72046c3143d831738c\/egyptiennefltstd-black.ufo\/glyphs\/x.glif","\/fonts\/Unpacking\/a89357b31f1ccafced598a72046c3143d831738c\/egyptiennefltstd-black.ufo\/glyphs\/y.glif":"\/fonts\/Unpacking\/a89357b31f1ccafced598a72046c3143d831738c\/egyptiennefltstd-black.ufo\/glyphs\/y.glif","\/fonts\/Unpacking\/a89357b31f1ccafced598a72046c3143d831738c\/egyptiennefltstd-black.ufo\/glyphs\/yacute.glif":"\/fonts\/Unpacking\/a89357b31f1ccafced598a72046c3143d831738c\/egyptiennefltstd-black.ufo\/glyphs\/yacute.glif","\/fonts\/Unpacking\/a89357b31f1ccafced598a72046c3143d831738c\/egyptiennefltstd-black.ufo\/glyphs\/ydieresis.glif":"\/fonts\/Unpacking\/a89357b31f1ccafced598a72046c3143d831738c\/egyptiennefltstd-black.ufo\/glyphs\/ydieresis.glif","\/fonts\/Unpacking\/a89357b31f1ccafced598a72046c3143d831738c\/egyptiennefltstd-black.ufo\/glyphs\/yen.glif":"\/fonts\/Unpacking\/a89357b31f1ccafced598a72046c3143d831738c\/egyptiennefltstd-black.ufo\/glyphs\/yen.glif","\/fonts\/Unpacking\/a89357b31f1ccafced598a72046c3143d831738c\/egyptiennefltstd-black.ufo\/glyphs\/z.glif":"\/fonts\/Unpacking\/a89357b31f1ccafced598a72046c3143d831738c\/egyptiennefltstd-black.ufo\/glyphs\/z.glif","\/fonts\/Unpacking\/a89357b31f1ccafced598a72046c3143d831738c\/egyptiennefltstd-black.ufo\/glyphs\/zcaron.glif":"\/fonts\/Unpacking\/a89357b31f1ccafced598a72046c3143d831738c\/egyptiennefltstd-black.ufo\/glyphs\/zcaron.glif","\/fonts\/Unpacking\/a89357b31f1ccafced598a72046c3143d831738c\/egyptiennefltstd-black.ufo\/glyphs\/zero.glif":"\/fonts\/Unpacking\/a89357b31f1ccafced598a72046c3143d831738c\/egyptiennefltstd-black.ufo\/glyphs\/zero.glif"},"Font":null,"Licences":{"":false},"Table":{"FFTM":{"entryLength":16,"tag":"FFTM","checksum":1944410632,"offset":30348,"length":28},"GDEF":{"entryLength":16,"tag":"GDEF","checksum":19660806,"offset":30316,"length":32},"OS\/2":{"entryLength":16,"tag":"OS\/2","checksum":2031501118,"offset":344,"length":86},"cmap":{"entryLength":16,"tag":"cmap","checksum":1066818139,"offset":1452,"length":694},"gasp":{"entryLength":16,"tag":"gasp","checksum":4294901763,"offset":30308,"length":8},"glyf":{"entryLength":16,"tag":"glyf","checksum":2482523160,"offset":2660,"length":23996},"head":{"entryLength":16,"tag":"head","checksum":181156629,"offset":220,"length":54},"hhea":{"entryLength":16,"tag":"hhea","checksum":117441331,"offset":276,"length":36},"hmtx":{"entryLength":16,"tag":"hmtx","checksum":874191515,"offset":432,"length":1020},"loca":{"entryLength":16,"tag":"loca","checksum":1049580944,"offset":2148,"length":512},"maxp":{"entryLength":16,"tag":"maxp","checksum":21495884,"offset":312,"length":32},"name":{"entryLength":16,"tag":"name","checksum":257103563,"offset":26656,"length":3021},"post":{"entryLength":16,"tag":"post","checksum":2990874143,"offset":29680,"length":625}},"UnicodeCharMap":{"32":3,"33":4,"34":5,"35":6,"36":7,"37":8,"38":9,"39":10,"40":11,"41":12,"42":13,"43":14,"44":15,"45":16,"46":17,"47":18,"48":19,"49":20,"50":21,"51":22,"52":23,"53":24,"54":25,"55":26,"56":27,"57":28,"58":29,"59":30,"60":31,"61":32,"62":33,"63":34,"64":35,"65":36,"66":37,"67":38,"68":39,"69":40,"70":41,"71":42,"72":43,"73":44,"74":45,"75":46,"76":47,"77":48,"78":49,"79":50,"80":51,"81":52,"82":53,"83":54,"84":55,"85":56,"86":57,"87":58,"88":59,"89":60,"90":61,"91":62,"92":63,"93":64,"94":65,"95":66,"96":67,"97":68,"98":69,"99":70,"100":71,"101":72,"102":73,"103":74,"104":75,"105":76,"106":77,"107":78,"108":79,"109":80,"110":81,"111":82,"112":83,"113":84,"114":85,"115":86,"116":87,"117":88,"118":89,"119":90,"120":91,"121":92,"122":93,"123":94,"124":95,"125":96,"126":97,"160":98,"161":99,"162":100,"163":101,"164":102,"165":103,"166":104,"167":105,"168":106,"169":107,"170":108,"171":109,"172":110,"173":111,"174":112,"175":113,"176":114,"177":115,"178":116,"179":117,"180":118,"182":120,"183":121,"184":122,"185":123,"186":124,"187":125,"188":126,"189":127,"190":128,"191":129,"192":130,"193":131,"194":132,"195":133,"196":134,"197":135,"198":136,"199":137,"200":138,"201":139,"202":140,"203":141,"204":142,"205":143,"206":144,"207":145,"208":146,"209":147,"210":148,"211":149,"212":150,"213":151,"214":152,"215":153,"216":154,"217":155,"218":156,"219":157,"220":158,"221":159,"222":160,"223":161,"224":162,"225":163,"226":164,"227":165,"228":166,"229":167,"230":168,"231":169,"232":170,"233":171,"234":172,"235":173,"236":174,"237":175,"238":176,"239":177,"240":178,"241":179,"242":180,"243":181,"244":182,"245":183,"246":184,"247":185,"248":186,"249":187,"250":188,"251":189,"252":190,"253":191,"254":192,"255":193,"305":223,"321":221,"322":224,"338":222,"339":225,"352":228,"353":231,"376":229,"381":230,"382":232,"402":197,"710":212,"711":219,"713":252,"728":214,"729":215,"730":216,"731":218,"732":213,"733":217,"916":233,"937":253,"956":235,"960":236,"8211":203,"8212":220,"8216":195,"8217":194,"8218":207,"8220":198,"8221":209,"8222":208,"8224":204,"8225":205,"8226":206,"8230":210,"8240":211,"8249":199,"8250":200,"8260":196,"8364":237,"8467":238,"8482":226,"8494":239,"8706":240,"8719":241,"8721":242,"8722":227,"8725":254,"8729":243,"8730":244,"8734":245,"8747":246,"8776":247,"8800":248,"8804":249,"8805":250,"9674":251,"64257":201,"64258":202},"Reserves":null,"Names":[],"Nodes":[],"Contributors":[],"FontIdentity":"b6f8d3be32906790d2c0f5ee8c2eb5fc","Bytes":3558553,"Networking":null,"barcode":null,"referee":null}