{"CSS":{"Nueva Std Bold Extended Italic":"methrock5:b9e8d7164c98c770ac34a7.css"},"FontType":"TrueType","FontCopyright":"Copyright 1994, 2001 , 2002Adobe Systems Incorporated. All Rights Reserved. Nueva is a trademark of Adobe Systems Incorporated which may be registered in certain jurisdictions.","FontName":"Nueva Std Bold Extended Italic","FontSubfamily":"BoldExtendedItalic","FontSubfamilyID":"FontForge 2.0 : Nueva Std Bold Extended Italic : 1-1-2017","FontFullName":"Nueva Std Bold Extended Italic","FontVersion":"Version 001.002 ","FontWeight":null,"FontPostscriptName":"NuevaStd-BoldExtendedItalic","Files":{"\/Nueva Std Bold Extended Italic.css":"\/Nueva Std Bold Extended Italic.css","\/font-resource.json":"\/font-resource.json","\/nuevastd-boldextendeditalic.afm":"\/nuevastd-boldextendeditalic.afm","\/nuevastd-boldextendeditalic.cef":"\/nuevastd-boldextendeditalic.cef","\/nuevastd-boldextendeditalic.cff":"\/nuevastd-boldextendeditalic.cff","\/nuevastd-boldextendeditalic.eot":"\/nuevastd-boldextendeditalic.eot","\/nuevastd-boldextendeditalic.gai":"\/nuevastd-boldextendeditalic.gai","\/nuevastd-boldextendeditalic.gsf":"\/nuevastd-boldextendeditalic.gsf","\/nuevastd-boldextendeditalic.otf":"\/nuevastd-boldextendeditalic.otf","\/nuevastd-boldextendeditalic.pf3":"\/nuevastd-boldextendeditalic.pf3","\/nuevastd-boldextendeditalic.pfa":"\/nuevastd-boldextendeditalic.pfa","\/nuevastd-boldextendeditalic.pfb":"\/nuevastd-boldextendeditalic.pfb","\/nuevastd-boldextendeditalic.php":"\/nuevastd-boldextendeditalic.php","\/nuevastd-boldextendeditalic.pt3":"\/nuevastd-boldextendeditalic.pt3","\/nuevastd-boldextendeditalic.sfd":"\/nuevastd-boldextendeditalic.sfd","\/nuevastd-boldextendeditalic.svg":"\/nuevastd-boldextendeditalic.svg","\/nuevastd-boldextendeditalic.t42":"\/nuevastd-boldextendeditalic.t42","\/nuevastd-boldextendeditalic.ttd":"\/nuevastd-boldextendeditalic.ttd","\/nuevastd-boldextendeditalic.ttf":"\/nuevastd-boldextendeditalic.ttf","\/nuevastd-boldextendeditalic.ttg":"\/nuevastd-boldextendeditalic.ttg","\/nuevastd-boldextendeditalic.ufm":"\/nuevastd-boldextendeditalic.ufm","\/nuevastd-boldextendeditalic.woff":"\/nuevastd-boldextendeditalic.woff","\/nuevastd-boldextendeditalic.z":"\/nuevastd-boldextendeditalic.z","\/nuevastd-boldextendeditalic.ufo\/feature.fea":"\/nuevastd-boldextendeditalic.ufo\/feature.fea","\/nuevastd-boldextendeditalic.ufo\/fontinfo.plist":"\/nuevastd-boldextendeditalic.ufo\/fontinfo.plist","\/nuevastd-boldextendeditalic.ufo\/groups.plist":"\/nuevastd-boldextendeditalic.ufo\/groups.plist","\/nuevastd-boldextendeditalic.ufo\/kerning.plist":"\/nuevastd-boldextendeditalic.ufo\/kerning.plist","\/nuevastd-boldextendeditalic.ufo\/metainfo.plist":"\/nuevastd-boldextendeditalic.ufo\/metainfo.plist","\/nuevastd-boldextendeditalic.ufo\/glyphs\/A_.glif":"\/nuevastd-boldextendeditalic.ufo\/glyphs\/A_.glif","\/nuevastd-boldextendeditalic.ufo\/glyphs\/A_E_.glif":"\/nuevastd-boldextendeditalic.ufo\/glyphs\/A_E_.glif","\/nuevastd-boldextendeditalic.ufo\/glyphs\/A_acute.glif":"\/nuevastd-boldextendeditalic.ufo\/glyphs\/A_acute.glif","\/nuevastd-boldextendeditalic.ufo\/glyphs\/A_circumflex.glif":"\/nuevastd-boldextendeditalic.ufo\/glyphs\/A_circumflex.glif","\/nuevastd-boldextendeditalic.ufo\/glyphs\/A_dieresis.glif":"\/nuevastd-boldextendeditalic.ufo\/glyphs\/A_dieresis.glif","\/nuevastd-boldextendeditalic.ufo\/glyphs\/A_grave.glif":"\/nuevastd-boldextendeditalic.ufo\/glyphs\/A_grave.glif","\/nuevastd-boldextendeditalic.ufo\/glyphs\/A_ring.glif":"\/nuevastd-boldextendeditalic.ufo\/glyphs\/A_ring.glif","\/nuevastd-boldextendeditalic.ufo\/glyphs\/A_tilde.glif":"\/nuevastd-boldextendeditalic.ufo\/glyphs\/A_tilde.glif","\/nuevastd-boldextendeditalic.ufo\/glyphs\/B_.glif":"\/nuevastd-boldextendeditalic.ufo\/glyphs\/B_.glif","\/nuevastd-boldextendeditalic.ufo\/glyphs\/C_.glif":"\/nuevastd-boldextendeditalic.ufo\/glyphs\/C_.glif","\/nuevastd-boldextendeditalic.ufo\/glyphs\/C_cedilla.glif":"\/nuevastd-boldextendeditalic.ufo\/glyphs\/C_cedilla.glif","\/nuevastd-boldextendeditalic.ufo\/glyphs\/D_.glif":"\/nuevastd-boldextendeditalic.ufo\/glyphs\/D_.glif","\/nuevastd-boldextendeditalic.ufo\/glyphs\/D_elta.glif":"\/nuevastd-boldextendeditalic.ufo\/glyphs\/D_elta.glif","\/nuevastd-boldextendeditalic.ufo\/glyphs\/E_.glif":"\/nuevastd-boldextendeditalic.ufo\/glyphs\/E_.glif","\/nuevastd-boldextendeditalic.ufo\/glyphs\/E_acute.glif":"\/nuevastd-boldextendeditalic.ufo\/glyphs\/E_acute.glif","\/nuevastd-boldextendeditalic.ufo\/glyphs\/E_circumflex.glif":"\/nuevastd-boldextendeditalic.ufo\/glyphs\/E_circumflex.glif","\/nuevastd-boldextendeditalic.ufo\/glyphs\/E_dieresis.glif":"\/nuevastd-boldextendeditalic.ufo\/glyphs\/E_dieresis.glif","\/nuevastd-boldextendeditalic.ufo\/glyphs\/E_grave.glif":"\/nuevastd-boldextendeditalic.ufo\/glyphs\/E_grave.glif","\/nuevastd-boldextendeditalic.ufo\/glyphs\/E_th.glif":"\/nuevastd-boldextendeditalic.ufo\/glyphs\/E_th.glif","\/nuevastd-boldextendeditalic.ufo\/glyphs\/E_uro.glif":"\/nuevastd-boldextendeditalic.ufo\/glyphs\/E_uro.glif","\/nuevastd-boldextendeditalic.ufo\/glyphs\/F_.glif":"\/nuevastd-boldextendeditalic.ufo\/glyphs\/F_.glif","\/nuevastd-boldextendeditalic.ufo\/glyphs\/G_.glif":"\/nuevastd-boldextendeditalic.ufo\/glyphs\/G_.glif","\/nuevastd-boldextendeditalic.ufo\/glyphs\/H_.glif":"\/nuevastd-boldextendeditalic.ufo\/glyphs\/H_.glif","\/nuevastd-boldextendeditalic.ufo\/glyphs\/I_.glif":"\/nuevastd-boldextendeditalic.ufo\/glyphs\/I_.glif","\/nuevastd-boldextendeditalic.ufo\/glyphs\/I_acute.glif":"\/nuevastd-boldextendeditalic.ufo\/glyphs\/I_acute.glif","\/nuevastd-boldextendeditalic.ufo\/glyphs\/I_circumflex.glif":"\/nuevastd-boldextendeditalic.ufo\/glyphs\/I_circumflex.glif","\/nuevastd-boldextendeditalic.ufo\/glyphs\/I_dieresis.glif":"\/nuevastd-boldextendeditalic.ufo\/glyphs\/I_dieresis.glif","\/nuevastd-boldextendeditalic.ufo\/glyphs\/I_grave.glif":"\/nuevastd-boldextendeditalic.ufo\/glyphs\/I_grave.glif","\/nuevastd-boldextendeditalic.ufo\/glyphs\/J_.glif":"\/nuevastd-boldextendeditalic.ufo\/glyphs\/J_.glif","\/nuevastd-boldextendeditalic.ufo\/glyphs\/K_.glif":"\/nuevastd-boldextendeditalic.ufo\/glyphs\/K_.glif","\/nuevastd-boldextendeditalic.ufo\/glyphs\/L_.glif":"\/nuevastd-boldextendeditalic.ufo\/glyphs\/L_.glif","\/nuevastd-boldextendeditalic.ufo\/glyphs\/L_slash.glif":"\/nuevastd-boldextendeditalic.ufo\/glyphs\/L_slash.glif","\/nuevastd-boldextendeditalic.ufo\/glyphs\/M_.glif":"\/nuevastd-boldextendeditalic.ufo\/glyphs\/M_.glif","\/nuevastd-boldextendeditalic.ufo\/glyphs\/N_.glif":"\/nuevastd-boldextendeditalic.ufo\/glyphs\/N_.glif","\/nuevastd-boldextendeditalic.ufo\/glyphs\/N_tilde.glif":"\/nuevastd-boldextendeditalic.ufo\/glyphs\/N_tilde.glif","\/nuevastd-boldextendeditalic.ufo\/glyphs\/O_.glif":"\/nuevastd-boldextendeditalic.ufo\/glyphs\/O_.glif","\/nuevastd-boldextendeditalic.ufo\/glyphs\/O_E_.glif":"\/nuevastd-boldextendeditalic.ufo\/glyphs\/O_E_.glif","\/nuevastd-boldextendeditalic.ufo\/glyphs\/O_acute.glif":"\/nuevastd-boldextendeditalic.ufo\/glyphs\/O_acute.glif","\/nuevastd-boldextendeditalic.ufo\/glyphs\/O_circumflex.glif":"\/nuevastd-boldextendeditalic.ufo\/glyphs\/O_circumflex.glif","\/nuevastd-boldextendeditalic.ufo\/glyphs\/O_dieresis.glif":"\/nuevastd-boldextendeditalic.ufo\/glyphs\/O_dieresis.glif","\/nuevastd-boldextendeditalic.ufo\/glyphs\/O_grave.glif":"\/nuevastd-boldextendeditalic.ufo\/glyphs\/O_grave.glif","\/nuevastd-boldextendeditalic.ufo\/glyphs\/O_mega.glif":"\/nuevastd-boldextendeditalic.ufo\/glyphs\/O_mega.glif","\/nuevastd-boldextendeditalic.ufo\/glyphs\/O_slash.glif":"\/nuevastd-boldextendeditalic.ufo\/glyphs\/O_slash.glif","\/nuevastd-boldextendeditalic.ufo\/glyphs\/O_tilde.glif":"\/nuevastd-boldextendeditalic.ufo\/glyphs\/O_tilde.glif","\/nuevastd-boldextendeditalic.ufo\/glyphs\/P_.glif":"\/nuevastd-boldextendeditalic.ufo\/glyphs\/P_.glif","\/nuevastd-boldextendeditalic.ufo\/glyphs\/Q_.glif":"\/nuevastd-boldextendeditalic.ufo\/glyphs\/Q_.glif","\/nuevastd-boldextendeditalic.ufo\/glyphs\/R_.glif":"\/nuevastd-boldextendeditalic.ufo\/glyphs\/R_.glif","\/nuevastd-boldextendeditalic.ufo\/glyphs\/S_.glif":"\/nuevastd-boldextendeditalic.ufo\/glyphs\/S_.glif","\/nuevastd-boldextendeditalic.ufo\/glyphs\/S_caron.glif":"\/nuevastd-boldextendeditalic.ufo\/glyphs\/S_caron.glif","\/nuevastd-boldextendeditalic.ufo\/glyphs\/T_.glif":"\/nuevastd-boldextendeditalic.ufo\/glyphs\/T_.glif","\/nuevastd-boldextendeditalic.ufo\/glyphs\/T_horn.glif":"\/nuevastd-boldextendeditalic.ufo\/glyphs\/T_horn.glif","\/nuevastd-boldextendeditalic.ufo\/glyphs\/U_.glif":"\/nuevastd-boldextendeditalic.ufo\/glyphs\/U_.glif","\/nuevastd-boldextendeditalic.ufo\/glyphs\/U_acute.glif":"\/nuevastd-boldextendeditalic.ufo\/glyphs\/U_acute.glif","\/nuevastd-boldextendeditalic.ufo\/glyphs\/U_circumflex.glif":"\/nuevastd-boldextendeditalic.ufo\/glyphs\/U_circumflex.glif","\/nuevastd-boldextendeditalic.ufo\/glyphs\/U_dieresis.glif":"\/nuevastd-boldextendeditalic.ufo\/glyphs\/U_dieresis.glif","\/nuevastd-boldextendeditalic.ufo\/glyphs\/U_grave.glif":"\/nuevastd-boldextendeditalic.ufo\/glyphs\/U_grave.glif","\/nuevastd-boldextendeditalic.ufo\/glyphs\/V_.glif":"\/nuevastd-boldextendeditalic.ufo\/glyphs\/V_.glif","\/nuevastd-boldextendeditalic.ufo\/glyphs\/W_.glif":"\/nuevastd-boldextendeditalic.ufo\/glyphs\/W_.glif","\/nuevastd-boldextendeditalic.ufo\/glyphs\/X_.glif":"\/nuevastd-boldextendeditalic.ufo\/glyphs\/X_.glif","\/nuevastd-boldextendeditalic.ufo\/glyphs\/Y_.glif":"\/nuevastd-boldextendeditalic.ufo\/glyphs\/Y_.glif","\/nuevastd-boldextendeditalic.ufo\/glyphs\/Y_acute.glif":"\/nuevastd-boldextendeditalic.ufo\/glyphs\/Y_acute.glif","\/nuevastd-boldextendeditalic.ufo\/glyphs\/Y_dieresis.glif":"\/nuevastd-boldextendeditalic.ufo\/glyphs\/Y_dieresis.glif","\/nuevastd-boldextendeditalic.ufo\/glyphs\/Z_.glif":"\/nuevastd-boldextendeditalic.ufo\/glyphs\/Z_.glif","\/nuevastd-boldextendeditalic.ufo\/glyphs\/Z_caron.glif":"\/nuevastd-boldextendeditalic.ufo\/glyphs\/Z_caron.glif","\/nuevastd-boldextendeditalic.ufo\/glyphs\/_notdef.glif":"\/nuevastd-boldextendeditalic.ufo\/glyphs\/_notdef.glif","\/nuevastd-boldextendeditalic.ufo\/glyphs\/a.glif":"\/nuevastd-boldextendeditalic.ufo\/glyphs\/a.glif","\/nuevastd-boldextendeditalic.ufo\/glyphs\/aacute.glif":"\/nuevastd-boldextendeditalic.ufo\/glyphs\/aacute.glif","\/nuevastd-boldextendeditalic.ufo\/glyphs\/acircumflex.glif":"\/nuevastd-boldextendeditalic.ufo\/glyphs\/acircumflex.glif","\/nuevastd-boldextendeditalic.ufo\/glyphs\/acute.glif":"\/nuevastd-boldextendeditalic.ufo\/glyphs\/acute.glif","\/nuevastd-boldextendeditalic.ufo\/glyphs\/adieresis.glif":"\/nuevastd-boldextendeditalic.ufo\/glyphs\/adieresis.glif","\/nuevastd-boldextendeditalic.ufo\/glyphs\/ae.glif":"\/nuevastd-boldextendeditalic.ufo\/glyphs\/ae.glif","\/nuevastd-boldextendeditalic.ufo\/glyphs\/afii61289.glif":"\/nuevastd-boldextendeditalic.ufo\/glyphs\/afii61289.glif","\/nuevastd-boldextendeditalic.ufo\/glyphs\/agrave.glif":"\/nuevastd-boldextendeditalic.ufo\/glyphs\/agrave.glif","\/nuevastd-boldextendeditalic.ufo\/glyphs\/ampersand.glif":"\/nuevastd-boldextendeditalic.ufo\/glyphs\/ampersand.glif","\/nuevastd-boldextendeditalic.ufo\/glyphs\/approxequal.glif":"\/nuevastd-boldextendeditalic.ufo\/glyphs\/approxequal.glif","\/nuevastd-boldextendeditalic.ufo\/glyphs\/aring.glif":"\/nuevastd-boldextendeditalic.ufo\/glyphs\/aring.glif","\/nuevastd-boldextendeditalic.ufo\/glyphs\/asciicircum.glif":"\/nuevastd-boldextendeditalic.ufo\/glyphs\/asciicircum.glif","\/nuevastd-boldextendeditalic.ufo\/glyphs\/asciitilde.glif":"\/nuevastd-boldextendeditalic.ufo\/glyphs\/asciitilde.glif","\/nuevastd-boldextendeditalic.ufo\/glyphs\/asterisk.glif":"\/nuevastd-boldextendeditalic.ufo\/glyphs\/asterisk.glif","\/nuevastd-boldextendeditalic.ufo\/glyphs\/at.glif":"\/nuevastd-boldextendeditalic.ufo\/glyphs\/at.glif","\/nuevastd-boldextendeditalic.ufo\/glyphs\/atilde.glif":"\/nuevastd-boldextendeditalic.ufo\/glyphs\/atilde.glif","\/nuevastd-boldextendeditalic.ufo\/glyphs\/b.glif":"\/nuevastd-boldextendeditalic.ufo\/glyphs\/b.glif","\/nuevastd-boldextendeditalic.ufo\/glyphs\/backslash.glif":"\/nuevastd-boldextendeditalic.ufo\/glyphs\/backslash.glif","\/nuevastd-boldextendeditalic.ufo\/glyphs\/bar.glif":"\/nuevastd-boldextendeditalic.ufo\/glyphs\/bar.glif","\/nuevastd-boldextendeditalic.ufo\/glyphs\/braceleft.glif":"\/nuevastd-boldextendeditalic.ufo\/glyphs\/braceleft.glif","\/nuevastd-boldextendeditalic.ufo\/glyphs\/braceright.glif":"\/nuevastd-boldextendeditalic.ufo\/glyphs\/braceright.glif","\/nuevastd-boldextendeditalic.ufo\/glyphs\/bracketleft.glif":"\/nuevastd-boldextendeditalic.ufo\/glyphs\/bracketleft.glif","\/nuevastd-boldextendeditalic.ufo\/glyphs\/bracketright.glif":"\/nuevastd-boldextendeditalic.ufo\/glyphs\/bracketright.glif","\/nuevastd-boldextendeditalic.ufo\/glyphs\/breve.glif":"\/nuevastd-boldextendeditalic.ufo\/glyphs\/breve.glif","\/nuevastd-boldextendeditalic.ufo\/glyphs\/brokenbar.glif":"\/nuevastd-boldextendeditalic.ufo\/glyphs\/brokenbar.glif","\/nuevastd-boldextendeditalic.ufo\/glyphs\/bullet.glif":"\/nuevastd-boldextendeditalic.ufo\/glyphs\/bullet.glif","\/nuevastd-boldextendeditalic.ufo\/glyphs\/c.glif":"\/nuevastd-boldextendeditalic.ufo\/glyphs\/c.glif","\/nuevastd-boldextendeditalic.ufo\/glyphs\/caron.glif":"\/nuevastd-boldextendeditalic.ufo\/glyphs\/caron.glif","\/nuevastd-boldextendeditalic.ufo\/glyphs\/ccedilla.glif":"\/nuevastd-boldextendeditalic.ufo\/glyphs\/ccedilla.glif","\/nuevastd-boldextendeditalic.ufo\/glyphs\/cedilla.glif":"\/nuevastd-boldextendeditalic.ufo\/glyphs\/cedilla.glif","\/nuevastd-boldextendeditalic.ufo\/glyphs\/cent.glif":"\/nuevastd-boldextendeditalic.ufo\/glyphs\/cent.glif","\/nuevastd-boldextendeditalic.ufo\/glyphs\/circumflex.glif":"\/nuevastd-boldextendeditalic.ufo\/glyphs\/circumflex.glif","\/nuevastd-boldextendeditalic.ufo\/glyphs\/colon.glif":"\/nuevastd-boldextendeditalic.ufo\/glyphs\/colon.glif","\/nuevastd-boldextendeditalic.ufo\/glyphs\/comma.glif":"\/nuevastd-boldextendeditalic.ufo\/glyphs\/comma.glif","\/nuevastd-boldextendeditalic.ufo\/glyphs\/contents.plist":"\/nuevastd-boldextendeditalic.ufo\/glyphs\/contents.plist","\/nuevastd-boldextendeditalic.ufo\/glyphs\/copyright.glif":"\/nuevastd-boldextendeditalic.ufo\/glyphs\/copyright.glif","\/nuevastd-boldextendeditalic.ufo\/glyphs\/currency.glif":"\/nuevastd-boldextendeditalic.ufo\/glyphs\/currency.glif","\/nuevastd-boldextendeditalic.ufo\/glyphs\/d.glif":"\/nuevastd-boldextendeditalic.ufo\/glyphs\/d.glif","\/nuevastd-boldextendeditalic.ufo\/glyphs\/dagger.glif":"\/nuevastd-boldextendeditalic.ufo\/glyphs\/dagger.glif","\/nuevastd-boldextendeditalic.ufo\/glyphs\/daggerdbl.glif":"\/nuevastd-boldextendeditalic.ufo\/glyphs\/daggerdbl.glif","\/nuevastd-boldextendeditalic.ufo\/glyphs\/degree.glif":"\/nuevastd-boldextendeditalic.ufo\/glyphs\/degree.glif","\/nuevastd-boldextendeditalic.ufo\/glyphs\/dieresis.glif":"\/nuevastd-boldextendeditalic.ufo\/glyphs\/dieresis.glif","\/nuevastd-boldextendeditalic.ufo\/glyphs\/divide.glif":"\/nuevastd-boldextendeditalic.ufo\/glyphs\/divide.glif","\/nuevastd-boldextendeditalic.ufo\/glyphs\/dollar.glif":"\/nuevastd-boldextendeditalic.ufo\/glyphs\/dollar.glif","\/nuevastd-boldextendeditalic.ufo\/glyphs\/dotaccent.glif":"\/nuevastd-boldextendeditalic.ufo\/glyphs\/dotaccent.glif","\/nuevastd-boldextendeditalic.ufo\/glyphs\/dotlessi.glif":"\/nuevastd-boldextendeditalic.ufo\/glyphs\/dotlessi.glif","\/nuevastd-boldextendeditalic.ufo\/glyphs\/e.glif":"\/nuevastd-boldextendeditalic.ufo\/glyphs\/e.glif","\/nuevastd-boldextendeditalic.ufo\/glyphs\/eacute.glif":"\/nuevastd-boldextendeditalic.ufo\/glyphs\/eacute.glif","\/nuevastd-boldextendeditalic.ufo\/glyphs\/ecircumflex.glif":"\/nuevastd-boldextendeditalic.ufo\/glyphs\/ecircumflex.glif","\/nuevastd-boldextendeditalic.ufo\/glyphs\/edieresis.glif":"\/nuevastd-boldextendeditalic.ufo\/glyphs\/edieresis.glif","\/nuevastd-boldextendeditalic.ufo\/glyphs\/egrave.glif":"\/nuevastd-boldextendeditalic.ufo\/glyphs\/egrave.glif","\/nuevastd-boldextendeditalic.ufo\/glyphs\/eight.glif":"\/nuevastd-boldextendeditalic.ufo\/glyphs\/eight.glif","\/nuevastd-boldextendeditalic.ufo\/glyphs\/ellipsis.glif":"\/nuevastd-boldextendeditalic.ufo\/glyphs\/ellipsis.glif","\/nuevastd-boldextendeditalic.ufo\/glyphs\/emdash.glif":"\/nuevastd-boldextendeditalic.ufo\/glyphs\/emdash.glif","\/nuevastd-boldextendeditalic.ufo\/glyphs\/endash.glif":"\/nuevastd-boldextendeditalic.ufo\/glyphs\/endash.glif","\/nuevastd-boldextendeditalic.ufo\/glyphs\/equal.glif":"\/nuevastd-boldextendeditalic.ufo\/glyphs\/equal.glif","\/nuevastd-boldextendeditalic.ufo\/glyphs\/estimated.glif":"\/nuevastd-boldextendeditalic.ufo\/glyphs\/estimated.glif","\/nuevastd-boldextendeditalic.ufo\/glyphs\/eth.glif":"\/nuevastd-boldextendeditalic.ufo\/glyphs\/eth.glif","\/nuevastd-boldextendeditalic.ufo\/glyphs\/exclam.glif":"\/nuevastd-boldextendeditalic.ufo\/glyphs\/exclam.glif","\/nuevastd-boldextendeditalic.ufo\/glyphs\/exclamdown.glif":"\/nuevastd-boldextendeditalic.ufo\/glyphs\/exclamdown.glif","\/nuevastd-boldextendeditalic.ufo\/glyphs\/f.glif":"\/nuevastd-boldextendeditalic.ufo\/glyphs\/f.glif","\/nuevastd-boldextendeditalic.ufo\/glyphs\/fi.glif":"\/nuevastd-boldextendeditalic.ufo\/glyphs\/fi.glif","\/nuevastd-boldextendeditalic.ufo\/glyphs\/five.glif":"\/nuevastd-boldextendeditalic.ufo\/glyphs\/five.glif","\/nuevastd-boldextendeditalic.ufo\/glyphs\/fl.glif":"\/nuevastd-boldextendeditalic.ufo\/glyphs\/fl.glif","\/nuevastd-boldextendeditalic.ufo\/glyphs\/florin.glif":"\/nuevastd-boldextendeditalic.ufo\/glyphs\/florin.glif","\/nuevastd-boldextendeditalic.ufo\/glyphs\/four.glif":"\/nuevastd-boldextendeditalic.ufo\/glyphs\/four.glif","\/nuevastd-boldextendeditalic.ufo\/glyphs\/fraction.glif":"\/nuevastd-boldextendeditalic.ufo\/glyphs\/fraction.glif","\/nuevastd-boldextendeditalic.ufo\/glyphs\/g.glif":"\/nuevastd-boldextendeditalic.ufo\/glyphs\/g.glif","\/nuevastd-boldextendeditalic.ufo\/glyphs\/germandbls.glif":"\/nuevastd-boldextendeditalic.ufo\/glyphs\/germandbls.glif","\/nuevastd-boldextendeditalic.ufo\/glyphs\/grave.glif":"\/nuevastd-boldextendeditalic.ufo\/glyphs\/grave.glif","\/nuevastd-boldextendeditalic.ufo\/glyphs\/greater.glif":"\/nuevastd-boldextendeditalic.ufo\/glyphs\/greater.glif","\/nuevastd-boldextendeditalic.ufo\/glyphs\/greaterequal.glif":"\/nuevastd-boldextendeditalic.ufo\/glyphs\/greaterequal.glif","\/nuevastd-boldextendeditalic.ufo\/glyphs\/guillemotleft.glif":"\/nuevastd-boldextendeditalic.ufo\/glyphs\/guillemotleft.glif","\/nuevastd-boldextendeditalic.ufo\/glyphs\/guillemotright.glif":"\/nuevastd-boldextendeditalic.ufo\/glyphs\/guillemotright.glif","\/nuevastd-boldextendeditalic.ufo\/glyphs\/guilsinglleft.glif":"\/nuevastd-boldextendeditalic.ufo\/glyphs\/guilsinglleft.glif","\/nuevastd-boldextendeditalic.ufo\/glyphs\/guilsinglright.glif":"\/nuevastd-boldextendeditalic.ufo\/glyphs\/guilsinglright.glif","\/nuevastd-boldextendeditalic.ufo\/glyphs\/h.glif":"\/nuevastd-boldextendeditalic.ufo\/glyphs\/h.glif","\/nuevastd-boldextendeditalic.ufo\/glyphs\/hungarumlaut.glif":"\/nuevastd-boldextendeditalic.ufo\/glyphs\/hungarumlaut.glif","\/nuevastd-boldextendeditalic.ufo\/glyphs\/hyphen.glif":"\/nuevastd-boldextendeditalic.ufo\/glyphs\/hyphen.glif","\/nuevastd-boldextendeditalic.ufo\/glyphs\/i.glif":"\/nuevastd-boldextendeditalic.ufo\/glyphs\/i.glif","\/nuevastd-boldextendeditalic.ufo\/glyphs\/iacute.glif":"\/nuevastd-boldextendeditalic.ufo\/glyphs\/iacute.glif","\/nuevastd-boldextendeditalic.ufo\/glyphs\/icircumflex.glif":"\/nuevastd-boldextendeditalic.ufo\/glyphs\/icircumflex.glif","\/nuevastd-boldextendeditalic.ufo\/glyphs\/idieresis.glif":"\/nuevastd-boldextendeditalic.ufo\/glyphs\/idieresis.glif","\/nuevastd-boldextendeditalic.ufo\/glyphs\/igrave.glif":"\/nuevastd-boldextendeditalic.ufo\/glyphs\/igrave.glif","\/nuevastd-boldextendeditalic.ufo\/glyphs\/infinity.glif":"\/nuevastd-boldextendeditalic.ufo\/glyphs\/infinity.glif","\/nuevastd-boldextendeditalic.ufo\/glyphs\/integral.glif":"\/nuevastd-boldextendeditalic.ufo\/glyphs\/integral.glif","\/nuevastd-boldextendeditalic.ufo\/glyphs\/j.glif":"\/nuevastd-boldextendeditalic.ufo\/glyphs\/j.glif","\/nuevastd-boldextendeditalic.ufo\/glyphs\/k.glif":"\/nuevastd-boldextendeditalic.ufo\/glyphs\/k.glif","\/nuevastd-boldextendeditalic.ufo\/glyphs\/l.glif":"\/nuevastd-boldextendeditalic.ufo\/glyphs\/l.glif","\/nuevastd-boldextendeditalic.ufo\/glyphs\/less.glif":"\/nuevastd-boldextendeditalic.ufo\/glyphs\/less.glif","\/nuevastd-boldextendeditalic.ufo\/glyphs\/lessequal.glif":"\/nuevastd-boldextendeditalic.ufo\/glyphs\/lessequal.glif","\/nuevastd-boldextendeditalic.ufo\/glyphs\/logicalnot.glif":"\/nuevastd-boldextendeditalic.ufo\/glyphs\/logicalnot.glif","\/nuevastd-boldextendeditalic.ufo\/glyphs\/lozenge.glif":"\/nuevastd-boldextendeditalic.ufo\/glyphs\/lozenge.glif","\/nuevastd-boldextendeditalic.ufo\/glyphs\/lslash.glif":"\/nuevastd-boldextendeditalic.ufo\/glyphs\/lslash.glif","\/nuevastd-boldextendeditalic.ufo\/glyphs\/m.glif":"\/nuevastd-boldextendeditalic.ufo\/glyphs\/m.glif","\/nuevastd-boldextendeditalic.ufo\/glyphs\/macron.glif":"\/nuevastd-boldextendeditalic.ufo\/glyphs\/macron.glif","\/nuevastd-boldextendeditalic.ufo\/glyphs\/minus.glif":"\/nuevastd-boldextendeditalic.ufo\/glyphs\/minus.glif","\/nuevastd-boldextendeditalic.ufo\/glyphs\/mu.glif":"\/nuevastd-boldextendeditalic.ufo\/glyphs\/mu.glif","\/nuevastd-boldextendeditalic.ufo\/glyphs\/multiply.glif":"\/nuevastd-boldextendeditalic.ufo\/glyphs\/multiply.glif","\/nuevastd-boldextendeditalic.ufo\/glyphs\/n.glif":"\/nuevastd-boldextendeditalic.ufo\/glyphs\/n.glif","\/nuevastd-boldextendeditalic.ufo\/glyphs\/nine.glif":"\/nuevastd-boldextendeditalic.ufo\/glyphs\/nine.glif","\/nuevastd-boldextendeditalic.ufo\/glyphs\/notequal.glif":"\/nuevastd-boldextendeditalic.ufo\/glyphs\/notequal.glif","\/nuevastd-boldextendeditalic.ufo\/glyphs\/ntilde.glif":"\/nuevastd-boldextendeditalic.ufo\/glyphs\/ntilde.glif","\/nuevastd-boldextendeditalic.ufo\/glyphs\/numbersign.glif":"\/nuevastd-boldextendeditalic.ufo\/glyphs\/numbersign.glif","\/nuevastd-boldextendeditalic.ufo\/glyphs\/o.glif":"\/nuevastd-boldextendeditalic.ufo\/glyphs\/o.glif","\/nuevastd-boldextendeditalic.ufo\/glyphs\/oacute.glif":"\/nuevastd-boldextendeditalic.ufo\/glyphs\/oacute.glif","\/nuevastd-boldextendeditalic.ufo\/glyphs\/ocircumflex.glif":"\/nuevastd-boldextendeditalic.ufo\/glyphs\/ocircumflex.glif","\/nuevastd-boldextendeditalic.ufo\/glyphs\/odieresis.glif":"\/nuevastd-boldextendeditalic.ufo\/glyphs\/odieresis.glif","\/nuevastd-boldextendeditalic.ufo\/glyphs\/oe.glif":"\/nuevastd-boldextendeditalic.ufo\/glyphs\/oe.glif","\/nuevastd-boldextendeditalic.ufo\/glyphs\/ogonek.glif":"\/nuevastd-boldextendeditalic.ufo\/glyphs\/ogonek.glif","\/nuevastd-boldextendeditalic.ufo\/glyphs\/ograve.glif":"\/nuevastd-boldextendeditalic.ufo\/glyphs\/ograve.glif","\/nuevastd-boldextendeditalic.ufo\/glyphs\/one.glif":"\/nuevastd-boldextendeditalic.ufo\/glyphs\/one.glif","\/nuevastd-boldextendeditalic.ufo\/glyphs\/onehalf.glif":"\/nuevastd-boldextendeditalic.ufo\/glyphs\/onehalf.glif","\/nuevastd-boldextendeditalic.ufo\/glyphs\/onequarter.glif":"\/nuevastd-boldextendeditalic.ufo\/glyphs\/onequarter.glif","\/nuevastd-boldextendeditalic.ufo\/glyphs\/onesuperior.glif":"\/nuevastd-boldextendeditalic.ufo\/glyphs\/onesuperior.glif","\/nuevastd-boldextendeditalic.ufo\/glyphs\/ordfeminine.glif":"\/nuevastd-boldextendeditalic.ufo\/glyphs\/ordfeminine.glif","\/nuevastd-boldextendeditalic.ufo\/glyphs\/ordmasculine.glif":"\/nuevastd-boldextendeditalic.ufo\/glyphs\/ordmasculine.glif","\/nuevastd-boldextendeditalic.ufo\/glyphs\/oslash.glif":"\/nuevastd-boldextendeditalic.ufo\/glyphs\/oslash.glif","\/nuevastd-boldextendeditalic.ufo\/glyphs\/otilde.glif":"\/nuevastd-boldextendeditalic.ufo\/glyphs\/otilde.glif","\/nuevastd-boldextendeditalic.ufo\/glyphs\/p.glif":"\/nuevastd-boldextendeditalic.ufo\/glyphs\/p.glif","\/nuevastd-boldextendeditalic.ufo\/glyphs\/paragraph.glif":"\/nuevastd-boldextendeditalic.ufo\/glyphs\/paragraph.glif","\/nuevastd-boldextendeditalic.ufo\/glyphs\/parenleft.glif":"\/nuevastd-boldextendeditalic.ufo\/glyphs\/parenleft.glif","\/nuevastd-boldextendeditalic.ufo\/glyphs\/parenright.glif":"\/nuevastd-boldextendeditalic.ufo\/glyphs\/parenright.glif","\/nuevastd-boldextendeditalic.ufo\/glyphs\/partialdiff.glif":"\/nuevastd-boldextendeditalic.ufo\/glyphs\/partialdiff.glif","\/nuevastd-boldextendeditalic.ufo\/glyphs\/percent.glif":"\/nuevastd-boldextendeditalic.ufo\/glyphs\/percent.glif","\/nuevastd-boldextendeditalic.ufo\/glyphs\/period.glif":"\/nuevastd-boldextendeditalic.ufo\/glyphs\/period.glif","\/nuevastd-boldextendeditalic.ufo\/glyphs\/periodcentered.glif":"\/nuevastd-boldextendeditalic.ufo\/glyphs\/periodcentered.glif","\/nuevastd-boldextendeditalic.ufo\/glyphs\/perthousand.glif":"\/nuevastd-boldextendeditalic.ufo\/glyphs\/perthousand.glif","\/nuevastd-boldextendeditalic.ufo\/glyphs\/pi.glif":"\/nuevastd-boldextendeditalic.ufo\/glyphs\/pi.glif","\/nuevastd-boldextendeditalic.ufo\/glyphs\/plus.glif":"\/nuevastd-boldextendeditalic.ufo\/glyphs\/plus.glif","\/nuevastd-boldextendeditalic.ufo\/glyphs\/plusminus.glif":"\/nuevastd-boldextendeditalic.ufo\/glyphs\/plusminus.glif","\/nuevastd-boldextendeditalic.ufo\/glyphs\/product.glif":"\/nuevastd-boldextendeditalic.ufo\/glyphs\/product.glif","\/nuevastd-boldextendeditalic.ufo\/glyphs\/q.glif":"\/nuevastd-boldextendeditalic.ufo\/glyphs\/q.glif","\/nuevastd-boldextendeditalic.ufo\/glyphs\/question.glif":"\/nuevastd-boldextendeditalic.ufo\/glyphs\/question.glif","\/nuevastd-boldextendeditalic.ufo\/glyphs\/questiondown.glif":"\/nuevastd-boldextendeditalic.ufo\/glyphs\/questiondown.glif","\/nuevastd-boldextendeditalic.ufo\/glyphs\/quotedbl.glif":"\/nuevastd-boldextendeditalic.ufo\/glyphs\/quotedbl.glif","\/nuevastd-boldextendeditalic.ufo\/glyphs\/quotedblbase.glif":"\/nuevastd-boldextendeditalic.ufo\/glyphs\/quotedblbase.glif","\/nuevastd-boldextendeditalic.ufo\/glyphs\/quotedblleft.glif":"\/nuevastd-boldextendeditalic.ufo\/glyphs\/quotedblleft.glif","\/nuevastd-boldextendeditalic.ufo\/glyphs\/quotedblright.glif":"\/nuevastd-boldextendeditalic.ufo\/glyphs\/quotedblright.glif","\/nuevastd-boldextendeditalic.ufo\/glyphs\/quoteleft.glif":"\/nuevastd-boldextendeditalic.ufo\/glyphs\/quoteleft.glif","\/nuevastd-boldextendeditalic.ufo\/glyphs\/quoteright.glif":"\/nuevastd-boldextendeditalic.ufo\/glyphs\/quoteright.glif","\/nuevastd-boldextendeditalic.ufo\/glyphs\/quotesinglbase.glif":"\/nuevastd-boldextendeditalic.ufo\/glyphs\/quotesinglbase.glif","\/nuevastd-boldextendeditalic.ufo\/glyphs\/quotesingle.glif":"\/nuevastd-boldextendeditalic.ufo\/glyphs\/quotesingle.glif","\/nuevastd-boldextendeditalic.ufo\/glyphs\/r.glif":"\/nuevastd-boldextendeditalic.ufo\/glyphs\/r.glif","\/nuevastd-boldextendeditalic.ufo\/glyphs\/radical.glif":"\/nuevastd-boldextendeditalic.ufo\/glyphs\/radical.glif","\/nuevastd-boldextendeditalic.ufo\/glyphs\/registered.glif":"\/nuevastd-boldextendeditalic.ufo\/glyphs\/registered.glif","\/nuevastd-boldextendeditalic.ufo\/glyphs\/ring.glif":"\/nuevastd-boldextendeditalic.ufo\/glyphs\/ring.glif","\/nuevastd-boldextendeditalic.ufo\/glyphs\/s.glif":"\/nuevastd-boldextendeditalic.ufo\/glyphs\/s.glif","\/nuevastd-boldextendeditalic.ufo\/glyphs\/scaron.glif":"\/nuevastd-boldextendeditalic.ufo\/glyphs\/scaron.glif","\/nuevastd-boldextendeditalic.ufo\/glyphs\/section.glif":"\/nuevastd-boldextendeditalic.ufo\/glyphs\/section.glif","\/nuevastd-boldextendeditalic.ufo\/glyphs\/semicolon.glif":"\/nuevastd-boldextendeditalic.ufo\/glyphs\/semicolon.glif","\/nuevastd-boldextendeditalic.ufo\/glyphs\/seven.glif":"\/nuevastd-boldextendeditalic.ufo\/glyphs\/seven.glif","\/nuevastd-boldextendeditalic.ufo\/glyphs\/six.glif":"\/nuevastd-boldextendeditalic.ufo\/glyphs\/six.glif","\/nuevastd-boldextendeditalic.ufo\/glyphs\/slash.glif":"\/nuevastd-boldextendeditalic.ufo\/glyphs\/slash.glif","\/nuevastd-boldextendeditalic.ufo\/glyphs\/space.glif":"\/nuevastd-boldextendeditalic.ufo\/glyphs\/space.glif","\/nuevastd-boldextendeditalic.ufo\/glyphs\/sterling.glif":"\/nuevastd-boldextendeditalic.ufo\/glyphs\/sterling.glif","\/nuevastd-boldextendeditalic.ufo\/glyphs\/summation.glif":"\/nuevastd-boldextendeditalic.ufo\/glyphs\/summation.glif","\/nuevastd-boldextendeditalic.ufo\/glyphs\/t.glif":"\/nuevastd-boldextendeditalic.ufo\/glyphs\/t.glif","\/nuevastd-boldextendeditalic.ufo\/glyphs\/thorn.glif":"\/nuevastd-boldextendeditalic.ufo\/glyphs\/thorn.glif","\/nuevastd-boldextendeditalic.ufo\/glyphs\/three.glif":"\/nuevastd-boldextendeditalic.ufo\/glyphs\/three.glif","\/nuevastd-boldextendeditalic.ufo\/glyphs\/threequarters.glif":"\/nuevastd-boldextendeditalic.ufo\/glyphs\/threequarters.glif","\/nuevastd-boldextendeditalic.ufo\/glyphs\/threesuperior.glif":"\/nuevastd-boldextendeditalic.ufo\/glyphs\/threesuperior.glif","\/nuevastd-boldextendeditalic.ufo\/glyphs\/tilde.glif":"\/nuevastd-boldextendeditalic.ufo\/glyphs\/tilde.glif","\/nuevastd-boldextendeditalic.ufo\/glyphs\/trademark.glif":"\/nuevastd-boldextendeditalic.ufo\/glyphs\/trademark.glif","\/nuevastd-boldextendeditalic.ufo\/glyphs\/two.glif":"\/nuevastd-boldextendeditalic.ufo\/glyphs\/two.glif","\/nuevastd-boldextendeditalic.ufo\/glyphs\/twosuperior.glif":"\/nuevastd-boldextendeditalic.ufo\/glyphs\/twosuperior.glif","\/nuevastd-boldextendeditalic.ufo\/glyphs\/u.glif":"\/nuevastd-boldextendeditalic.ufo\/glyphs\/u.glif","\/nuevastd-boldextendeditalic.ufo\/glyphs\/uacute.glif":"\/nuevastd-boldextendeditalic.ufo\/glyphs\/uacute.glif","\/nuevastd-boldextendeditalic.ufo\/glyphs\/ucircumflex.glif":"\/nuevastd-boldextendeditalic.ufo\/glyphs\/ucircumflex.glif","\/nuevastd-boldextendeditalic.ufo\/glyphs\/udieresis.glif":"\/nuevastd-boldextendeditalic.ufo\/glyphs\/udieresis.glif","\/nuevastd-boldextendeditalic.ufo\/glyphs\/ugrave.glif":"\/nuevastd-boldextendeditalic.ufo\/glyphs\/ugrave.glif","\/nuevastd-boldextendeditalic.ufo\/glyphs\/underscore.glif":"\/nuevastd-boldextendeditalic.ufo\/glyphs\/underscore.glif","\/nuevastd-boldextendeditalic.ufo\/glyphs\/uni00A_0.glif":"\/nuevastd-boldextendeditalic.ufo\/glyphs\/uni00A_0.glif","\/nuevastd-boldextendeditalic.ufo\/glyphs\/uni00A_D_.glif":"\/nuevastd-boldextendeditalic.ufo\/glyphs\/uni00A_D_.glif","\/nuevastd-boldextendeditalic.ufo\/glyphs\/uni02C_9.glif":"\/nuevastd-boldextendeditalic.ufo\/glyphs\/uni02C_9.glif","\/nuevastd-boldextendeditalic.ufo\/glyphs\/uni03A_9.glif":"\/nuevastd-boldextendeditalic.ufo\/glyphs\/uni03A_9.glif","\/nuevastd-boldextendeditalic.ufo\/glyphs\/uni03B_C_.glif":"\/nuevastd-boldextendeditalic.ufo\/glyphs\/uni03B_C_.glif","\/nuevastd-boldextendeditalic.ufo\/glyphs\/uni2215.glif":"\/nuevastd-boldextendeditalic.ufo\/glyphs\/uni2215.glif","\/nuevastd-boldextendeditalic.ufo\/glyphs\/uni2219.glif":"\/nuevastd-boldextendeditalic.ufo\/glyphs\/uni2219.glif","\/nuevastd-boldextendeditalic.ufo\/glyphs\/v.glif":"\/nuevastd-boldextendeditalic.ufo\/glyphs\/v.glif","\/nuevastd-boldextendeditalic.ufo\/glyphs\/w.glif":"\/nuevastd-boldextendeditalic.ufo\/glyphs\/w.glif","\/nuevastd-boldextendeditalic.ufo\/glyphs\/x.glif":"\/nuevastd-boldextendeditalic.ufo\/glyphs\/x.glif","\/nuevastd-boldextendeditalic.ufo\/glyphs\/y.glif":"\/nuevastd-boldextendeditalic.ufo\/glyphs\/y.glif","\/nuevastd-boldextendeditalic.ufo\/glyphs\/yacute.glif":"\/nuevastd-boldextendeditalic.ufo\/glyphs\/yacute.glif","\/nuevastd-boldextendeditalic.ufo\/glyphs\/ydieresis.glif":"\/nuevastd-boldextendeditalic.ufo\/glyphs\/ydieresis.glif","\/nuevastd-boldextendeditalic.ufo\/glyphs\/yen.glif":"\/nuevastd-boldextendeditalic.ufo\/glyphs\/yen.glif","\/nuevastd-boldextendeditalic.ufo\/glyphs\/z.glif":"\/nuevastd-boldextendeditalic.ufo\/glyphs\/z.glif","\/nuevastd-boldextendeditalic.ufo\/glyphs\/zcaron.glif":"\/nuevastd-boldextendeditalic.ufo\/glyphs\/zcaron.glif","\/nuevastd-boldextendeditalic.ufo\/glyphs\/zero.glif":"\/nuevastd-boldextendeditalic.ufo\/glyphs\/zero.glif"},"Font":{"uploaded":1489078835.0146,"licence":"gpl3","company":"Chronolabs Cooperative","title":"Nueva Std Bold Extended Italic","version":3.002,"date":"Thu Dec 29 10:10:53 2016","creator":"root","type":"1","matrix":"0.001 0 0 0.001 0 0","named":"NuevaStd-BoldExtendedItalic","painttype":"0","info":"11 dict dup","name":"Nueva Std Bold Extended Italic","family":"Nueva Std Bold Extended Italic","weight":"540","fstype":"12","italicangle":"-10","underlineposition":"","underlinethickness":""},"Licences":{"":false},"Table":{"FFTM":{"entryLength":16,"tag":"FFTM","checksum":1968279754,"offset":46836,"length":28},"GDEF":{"entryLength":16,"tag":"GDEF","checksum":19660806,"offset":46804,"length":32},"OS\/2":{"entryLength":16,"tag":"OS\/2","checksum":2013936717,"offset":344,"length":86},"cmap":{"entryLength":16,"tag":"cmap","checksum":965498459,"offset":1452,"length":694},"gasp":{"entryLength":16,"tag":"gasp","checksum":4294901763,"offset":46796,"length":8},"glyf":{"entryLength":16,"tag":"glyf","checksum":4237913213,"offset":2660,"length":42248},"head":{"entryLength":16,"tag":"head","checksum":211124682,"offset":220,"length":54},"hhea":{"entryLength":16,"tag":"hhea","checksum":126551162,"offset":276,"length":36},"hmtx":{"entryLength":16,"tag":"hmtx","checksum":4212267289,"offset":432,"length":1020},"loca":{"entryLength":16,"tag":"loca","checksum":4240320020,"offset":2148,"length":512},"maxp":{"entryLength":16,"tag":"maxp","checksum":21430422,"offset":312,"length":32},"name":{"entryLength":16,"tag":"name","checksum":2016352082,"offset":44908,"length":1257},"post":{"entryLength":16,"tag":"post","checksum":513678897,"offset":46168,"length":625}},"UnicodeCharMap":{"32":3,"33":4,"34":5,"35":6,"36":7,"37":8,"38":9,"39":10,"40":11,"41":12,"42":13,"43":14,"44":15,"45":16,"46":17,"47":18,"48":19,"49":20,"50":21,"51":22,"52":23,"53":24,"54":25,"55":26,"56":27,"57":28,"58":29,"59":30,"60":31,"61":32,"62":33,"63":34,"64":35,"65":36,"66":37,"67":38,"68":39,"69":40,"70":41,"71":42,"72":43,"73":44,"74":45,"75":46,"76":47,"77":48,"78":49,"79":50,"80":51,"81":52,"82":53,"83":54,"84":55,"85":56,"86":57,"87":58,"88":59,"89":60,"90":61,"91":62,"92":63,"93":64,"94":65,"95":66,"96":67,"97":68,"98":69,"99":70,"100":71,"101":72,"102":73,"103":74,"104":75,"105":76,"106":77,"107":78,"108":79,"109":80,"110":81,"111":82,"112":83,"113":84,"114":85,"115":86,"116":87,"117":88,"118":89,"119":90,"120":91,"121":92,"122":93,"123":94,"124":95,"125":96,"126":97,"160":98,"161":99,"162":100,"163":101,"164":102,"165":103,"166":104,"167":105,"168":106,"169":107,"170":108,"171":109,"172":110,"173":111,"174":112,"175":113,"176":114,"177":115,"178":116,"179":117,"180":118,"182":120,"183":121,"184":122,"185":123,"186":124,"187":125,"188":126,"189":127,"190":128,"191":129,"192":130,"193":131,"194":132,"195":133,"196":134,"197":135,"198":136,"199":137,"200":138,"201":139,"202":140,"203":141,"204":142,"205":143,"206":144,"207":145,"208":146,"209":147,"210":148,"211":149,"212":150,"213":151,"214":152,"215":153,"216":154,"217":155,"218":156,"219":157,"220":158,"221":159,"222":160,"223":161,"224":162,"225":163,"226":164,"227":165,"228":166,"229":167,"230":168,"231":169,"232":170,"233":171,"234":172,"235":173,"236":174,"237":175,"238":176,"239":177,"240":178,"241":179,"242":180,"243":181,"244":182,"245":183,"246":184,"247":185,"248":186,"249":187,"250":188,"251":189,"252":190,"253":191,"254":192,"255":193,"305":223,"321":221,"322":224,"338":222,"339":225,"352":228,"353":231,"376":229,"381":230,"382":232,"402":197,"710":212,"711":219,"713":250,"728":214,"729":215,"730":216,"731":218,"732":213,"733":217,"916":233,"937":251,"956":253,"960":235,"8211":203,"8212":220,"8216":195,"8217":194,"8218":207,"8220":198,"8221":209,"8222":208,"8224":204,"8225":205,"8226":206,"8230":210,"8240":211,"8249":199,"8250":200,"8260":196,"8364":236,"8467":252,"8482":226,"8494":237,"8706":238,"8719":239,"8721":240,"8722":227,"8725":254,"8729":241,"8730":242,"8734":243,"8747":244,"8776":245,"8800":246,"8804":247,"8805":248,"9674":249,"64257":201,"64258":202},"Reserves":{"fontname":"Nueva Std Bold Extended Italic"},"Names":{"Nueva Std Bold Extended Italic":{"name":"Nueva Std Bold Extended Italic","longitude":"0.00000001","latitude":"0.00000001","country":"","region":"","city":""}},"Nodes":{"nu":{"type":"typal","node":"nu","usage":1,"weight":1},"va":{"type":"typal","node":"va","usage":1,"weight":1},"st":{"type":"typal","node":"st","usage":1,"weight":1},"td":{"type":"typal","node":"td","usage":1,"weight":1},"bo":{"type":"typal","node":"bo","usage":1,"weight":1},"ld":{"type":"typal","node":"ld","usage":1,"weight":1},"ex":{"type":"typal","node":"ex","usage":1,"weight":1},"ed":{"type":"typal","node":"ed","usage":1,"weight":1},"it":{"type":"typal","node":"it","usage":1,"weight":1},"ic":{"type":"typal","node":"ic","usage":1,"weight":1},"nue":{"type":"typal","node":"nue","usage":1,"weight":1},"eva":{"type":"typal","node":"eva","usage":1,"weight":1},"bol":{"type":"typal","node":"bol","usage":1,"weight":1},"old":{"type":"typal","node":"old","usage":1,"weight":1},"ext":{"type":"typal","node":"ext","usage":1,"weight":1},"ded":{"type":"typal","node":"ded","usage":1,"weight":1},"ita":{"type":"typal","node":"ita","usage":1,"weight":1},"lic":{"type":"typal","node":"lic","usage":1,"weight":1},"nuev":{"type":"keys","node":"nuev","usage":1,"weight":1},"ueva":{"type":"keys","node":"ueva","usage":1,"weight":1},"exte":{"type":"keys","node":"exte","usage":1,"weight":1},"nded":{"type":"keys","node":"nded","usage":1,"weight":1},"ital":{"type":"keys","node":"ital","usage":1,"weight":1},"alic":{"type":"keys","node":"alic","usage":1,"weight":1},"exten":{"type":"keys","node":"exten","usage":1,"weight":1},"ended":{"type":"keys","node":"ended","usage":1,"weight":1},"itali":{"type":"keys","node":"itali","usage":1,"weight":1},"talic":{"type":"keys","node":"talic","usage":1,"weight":1},"nueva":{"type":"fixes","node":"nueva","usage":1,"weight":1},"std":{"type":"fixes","node":"std","usage":1,"weight":1},"bold":{"type":"fixes","node":"bold","usage":1,"weight":1},"extended":{"type":"fixes","node":"extended","usage":1,"weight":1},"italic":{"type":"fixes","node":"italic","usage":1,"weight":1}},"Contributors":[],"FontIdentity":"methrock5:b9e8d7164c98c770ac34a7","Bytes":null,"Networking":[],"barcode":"amyyoakkaaesy","referee":"qmOOAG-3"}