{"CSS":{"Motorway":"aph:348889f89638ebc086cb284d8e89.css"},"FontType":"TrueType","FontCopyright":"2005 Vic Fieger, Xaviera Comics","FontName":"Motorway","FontSubfamily":"Book","FontSubfamilyID":"FontForge 2.0 : Motorway : 15-10-2016","FontFullName":"Motorway","FontVersion":"Version 1.0 ","FontWeight":null,"FontPostscriptName":"Motorway","Files":{"\/Motorway.css":"\/Motorway.css","\/font-resource.json":"\/font-resource.json","\/motorway.afm":"\/motorway.afm","\/motorway.cef":"\/motorway.cef","\/motorway.cff":"\/motorway.cff","\/motorway.eot":"\/motorway.eot","\/motorway.gai":"\/motorway.gai","\/motorway.gsf":"\/motorway.gsf","\/motorway.otf":"\/motorway.otf","\/motorway.pf3":"\/motorway.pf3","\/motorway.pfa":"\/motorway.pfa","\/motorway.pfb":"\/motorway.pfb","\/motorway.php":"\/motorway.php","\/motorway.pt3":"\/motorway.pt3","\/motorway.sfd":"\/motorway.sfd","\/motorway.svg":"\/motorway.svg","\/motorway.t42":"\/motorway.t42","\/motorway.ttd":"\/motorway.ttd","\/motorway.ttf":"\/motorway.ttf","\/motorway.ttg":"\/motorway.ttg","\/motorway.ufm":"\/motorway.ufm","\/motorway.woff":"\/motorway.woff","\/motorway.z":"\/motorway.z","\/motorway.ufo\/feature.fea":"\/motorway.ufo\/feature.fea","\/motorway.ufo\/fontinfo.plist":"\/motorway.ufo\/fontinfo.plist","\/motorway.ufo\/groups.plist":"\/motorway.ufo\/groups.plist","\/motorway.ufo\/kerning.plist":"\/motorway.ufo\/kerning.plist","\/motorway.ufo\/metainfo.plist":"\/motorway.ufo\/metainfo.plist","\/motorway.ufo\/glyphs\/A_.glif":"\/motorway.ufo\/glyphs\/A_.glif","\/motorway.ufo\/glyphs\/A_E_.glif":"\/motorway.ufo\/glyphs\/A_E_.glif","\/motorway.ufo\/glyphs\/A_E_acute.glif":"\/motorway.ufo\/glyphs\/A_E_acute.glif","\/motorway.ufo\/glyphs\/A_acute.glif":"\/motorway.ufo\/glyphs\/A_acute.glif","\/motorway.ufo\/glyphs\/A_breve.glif":"\/motorway.ufo\/glyphs\/A_breve.glif","\/motorway.ufo\/glyphs\/A_circumflex.glif":"\/motorway.ufo\/glyphs\/A_circumflex.glif","\/motorway.ufo\/glyphs\/A_dieresis.glif":"\/motorway.ufo\/glyphs\/A_dieresis.glif","\/motorway.ufo\/glyphs\/A_grave.glif":"\/motorway.ufo\/glyphs\/A_grave.glif","\/motorway.ufo\/glyphs\/A_lpha.glif":"\/motorway.ufo\/glyphs\/A_lpha.glif","\/motorway.ufo\/glyphs\/A_lphatonos.glif":"\/motorway.ufo\/glyphs\/A_lphatonos.glif","\/motorway.ufo\/glyphs\/A_macron.glif":"\/motorway.ufo\/glyphs\/A_macron.glif","\/motorway.ufo\/glyphs\/A_ogonek.glif":"\/motorway.ufo\/glyphs\/A_ogonek.glif","\/motorway.ufo\/glyphs\/A_ring.glif":"\/motorway.ufo\/glyphs\/A_ring.glif","\/motorway.ufo\/glyphs\/A_ringacute.glif":"\/motorway.ufo\/glyphs\/A_ringacute.glif","\/motorway.ufo\/glyphs\/A_tilde.glif":"\/motorway.ufo\/glyphs\/A_tilde.glif","\/motorway.ufo\/glyphs\/B_.glif":"\/motorway.ufo\/glyphs\/B_.glif","\/motorway.ufo\/glyphs\/B_eta.glif":"\/motorway.ufo\/glyphs\/B_eta.glif","\/motorway.ufo\/glyphs\/C_.glif":"\/motorway.ufo\/glyphs\/C_.glif","\/motorway.ufo\/glyphs\/C_acute.glif":"\/motorway.ufo\/glyphs\/C_acute.glif","\/motorway.ufo\/glyphs\/C_caron.glif":"\/motorway.ufo\/glyphs\/C_caron.glif","\/motorway.ufo\/glyphs\/C_cedilla.glif":"\/motorway.ufo\/glyphs\/C_cedilla.glif","\/motorway.ufo\/glyphs\/C_circumflex.glif":"\/motorway.ufo\/glyphs\/C_circumflex.glif","\/motorway.ufo\/glyphs\/C_dot.glif":"\/motorway.ufo\/glyphs\/C_dot.glif","\/motorway.ufo\/glyphs\/C_hi.glif":"\/motorway.ufo\/glyphs\/C_hi.glif","\/motorway.ufo\/glyphs\/D_.glif":"\/motorway.ufo\/glyphs\/D_.glif","\/motorway.ufo\/glyphs\/D_caron.glif":"\/motorway.ufo\/glyphs\/D_caron.glif","\/motorway.ufo\/glyphs\/D_elta.glif":"\/motorway.ufo\/glyphs\/D_elta.glif","\/motorway.ufo\/glyphs\/D_slash.glif":"\/motorway.ufo\/glyphs\/D_slash.glif","\/motorway.ufo\/glyphs\/E_.glif":"\/motorway.ufo\/glyphs\/E_.glif","\/motorway.ufo\/glyphs\/E_acute.glif":"\/motorway.ufo\/glyphs\/E_acute.glif","\/motorway.ufo\/glyphs\/E_breve.glif":"\/motorway.ufo\/glyphs\/E_breve.glif","\/motorway.ufo\/glyphs\/E_caron.glif":"\/motorway.ufo\/glyphs\/E_caron.glif","\/motorway.ufo\/glyphs\/E_circumflex.glif":"\/motorway.ufo\/glyphs\/E_circumflex.glif","\/motorway.ufo\/glyphs\/E_dieresis.glif":"\/motorway.ufo\/glyphs\/E_dieresis.glif","\/motorway.ufo\/glyphs\/E_dot.glif":"\/motorway.ufo\/glyphs\/E_dot.glif","\/motorway.ufo\/glyphs\/E_grave.glif":"\/motorway.ufo\/glyphs\/E_grave.glif","\/motorway.ufo\/glyphs\/E_macron.glif":"\/motorway.ufo\/glyphs\/E_macron.glif","\/motorway.ufo\/glyphs\/E_ng.glif":"\/motorway.ufo\/glyphs\/E_ng.glif","\/motorway.ufo\/glyphs\/E_ogonek.glif":"\/motorway.ufo\/glyphs\/E_ogonek.glif","\/motorway.ufo\/glyphs\/E_psilon.glif":"\/motorway.ufo\/glyphs\/E_psilon.glif","\/motorway.ufo\/glyphs\/E_psilontonos.glif":"\/motorway.ufo\/glyphs\/E_psilontonos.glif","\/motorway.ufo\/glyphs\/E_ta.glif":"\/motorway.ufo\/glyphs\/E_ta.glif","\/motorway.ufo\/glyphs\/E_tatonos.glif":"\/motorway.ufo\/glyphs\/E_tatonos.glif","\/motorway.ufo\/glyphs\/E_th.glif":"\/motorway.ufo\/glyphs\/E_th.glif","\/motorway.ufo\/glyphs\/E_uro.glif":"\/motorway.ufo\/glyphs\/E_uro.glif","\/motorway.ufo\/glyphs\/F_.glif":"\/motorway.ufo\/glyphs\/F_.glif","\/motorway.ufo\/glyphs\/G_.glif":"\/motorway.ufo\/glyphs\/G_.glif","\/motorway.ufo\/glyphs\/G_amma.glif":"\/motorway.ufo\/glyphs\/G_amma.glif","\/motorway.ufo\/glyphs\/G_breve.glif":"\/motorway.ufo\/glyphs\/G_breve.glif","\/motorway.ufo\/glyphs\/G_cedilla.glif":"\/motorway.ufo\/glyphs\/G_cedilla.glif","\/motorway.ufo\/glyphs\/G_circumflex.glif":"\/motorway.ufo\/glyphs\/G_circumflex.glif","\/motorway.ufo\/glyphs\/G_dot.glif":"\/motorway.ufo\/glyphs\/G_dot.glif","\/motorway.ufo\/glyphs\/H_.glif":"\/motorway.ufo\/glyphs\/H_.glif","\/motorway.ufo\/glyphs\/H_18533.glif":"\/motorway.ufo\/glyphs\/H_18533.glif","\/motorway.ufo\/glyphs\/H_18543.glif":"\/motorway.ufo\/glyphs\/H_18543.glif","\/motorway.ufo\/glyphs\/H_18551.glif":"\/motorway.ufo\/glyphs\/H_18551.glif","\/motorway.ufo\/glyphs\/H_22073.glif":"\/motorway.ufo\/glyphs\/H_22073.glif","\/motorway.ufo\/glyphs\/H_bar.glif":"\/motorway.ufo\/glyphs\/H_bar.glif","\/motorway.ufo\/glyphs\/H_circumflex.glif":"\/motorway.ufo\/glyphs\/H_circumflex.glif","\/motorway.ufo\/glyphs\/I_.glif":"\/motorway.ufo\/glyphs\/I_.glif","\/motorway.ufo\/glyphs\/I_J_.glif":"\/motorway.ufo\/glyphs\/I_J_.glif","\/motorway.ufo\/glyphs\/I_acute.glif":"\/motorway.ufo\/glyphs\/I_acute.glif","\/motorway.ufo\/glyphs\/I_breve.glif":"\/motorway.ufo\/glyphs\/I_breve.glif","\/motorway.ufo\/glyphs\/I_circumflex.glif":"\/motorway.ufo\/glyphs\/I_circumflex.glif","\/motorway.ufo\/glyphs\/I_dieresis.glif":"\/motorway.ufo\/glyphs\/I_dieresis.glif","\/motorway.ufo\/glyphs\/I_dotaccent.glif":"\/motorway.ufo\/glyphs\/I_dotaccent.glif","\/motorway.ufo\/glyphs\/I_grave.glif":"\/motorway.ufo\/glyphs\/I_grave.glif","\/motorway.ufo\/glyphs\/I_macron.glif":"\/motorway.ufo\/glyphs\/I_macron.glif","\/motorway.ufo\/glyphs\/I_ogonek.glif":"\/motorway.ufo\/glyphs\/I_ogonek.glif","\/motorway.ufo\/glyphs\/I_ota.glif":"\/motorway.ufo\/glyphs\/I_ota.glif","\/motorway.ufo\/glyphs\/I_otadieresis.glif":"\/motorway.ufo\/glyphs\/I_otadieresis.glif","\/motorway.ufo\/glyphs\/I_otatonos.glif":"\/motorway.ufo\/glyphs\/I_otatonos.glif","\/motorway.ufo\/glyphs\/I_tilde.glif":"\/motorway.ufo\/glyphs\/I_tilde.glif","\/motorway.ufo\/glyphs\/J_.glif":"\/motorway.ufo\/glyphs\/J_.glif","\/motorway.ufo\/glyphs\/J_circumflex.glif":"\/motorway.ufo\/glyphs\/J_circumflex.glif","\/motorway.ufo\/glyphs\/K_.glif":"\/motorway.ufo\/glyphs\/K_.glif","\/motorway.ufo\/glyphs\/K_appa.glif":"\/motorway.ufo\/glyphs\/K_appa.glif","\/motorway.ufo\/glyphs\/K_cedilla.glif":"\/motorway.ufo\/glyphs\/K_cedilla.glif","\/motorway.ufo\/glyphs\/L_.glif":"\/motorway.ufo\/glyphs\/L_.glif","\/motorway.ufo\/glyphs\/L_acute.glif":"\/motorway.ufo\/glyphs\/L_acute.glif","\/motorway.ufo\/glyphs\/L_ambda.glif":"\/motorway.ufo\/glyphs\/L_ambda.glif","\/motorway.ufo\/glyphs\/L_caron.glif":"\/motorway.ufo\/glyphs\/L_caron.glif","\/motorway.ufo\/glyphs\/L_cedilla.glif":"\/motorway.ufo\/glyphs\/L_cedilla.glif","\/motorway.ufo\/glyphs\/L_dot.glif":"\/motorway.ufo\/glyphs\/L_dot.glif","\/motorway.ufo\/glyphs\/L_slash.glif":"\/motorway.ufo\/glyphs\/L_slash.glif","\/motorway.ufo\/glyphs\/M_.glif":"\/motorway.ufo\/glyphs\/M_.glif","\/motorway.ufo\/glyphs\/M_u.glif":"\/motorway.ufo\/glyphs\/M_u.glif","\/motorway.ufo\/glyphs\/N_.glif":"\/motorway.ufo\/glyphs\/N_.glif","\/motorway.ufo\/glyphs\/N_acute.glif":"\/motorway.ufo\/glyphs\/N_acute.glif","\/motorway.ufo\/glyphs\/N_caron.glif":"\/motorway.ufo\/glyphs\/N_caron.glif","\/motorway.ufo\/glyphs\/N_cedilla.glif":"\/motorway.ufo\/glyphs\/N_cedilla.glif","\/motorway.ufo\/glyphs\/N_tilde.glif":"\/motorway.ufo\/glyphs\/N_tilde.glif","\/motorway.ufo\/glyphs\/N_u.glif":"\/motorway.ufo\/glyphs\/N_u.glif","\/motorway.ufo\/glyphs\/O_.glif":"\/motorway.ufo\/glyphs\/O_.glif","\/motorway.ufo\/glyphs\/O_E_.glif":"\/motorway.ufo\/glyphs\/O_E_.glif","\/motorway.ufo\/glyphs\/O_acute.glif":"\/motorway.ufo\/glyphs\/O_acute.glif","\/motorway.ufo\/glyphs\/O_breve.glif":"\/motorway.ufo\/glyphs\/O_breve.glif","\/motorway.ufo\/glyphs\/O_circumflex.glif":"\/motorway.ufo\/glyphs\/O_circumflex.glif","\/motorway.ufo\/glyphs\/O_dblacute.glif":"\/motorway.ufo\/glyphs\/O_dblacute.glif","\/motorway.ufo\/glyphs\/O_dieresis.glif":"\/motorway.ufo\/glyphs\/O_dieresis.glif","\/motorway.ufo\/glyphs\/O_grave.glif":"\/motorway.ufo\/glyphs\/O_grave.glif","\/motorway.ufo\/glyphs\/O_hm.glif":"\/motorway.ufo\/glyphs\/O_hm.glif","\/motorway.ufo\/glyphs\/O_macron.glif":"\/motorway.ufo\/glyphs\/O_macron.glif","\/motorway.ufo\/glyphs\/O_mega.glif":"\/motorway.ufo\/glyphs\/O_mega.glif","\/motorway.ufo\/glyphs\/O_megatonos.glif":"\/motorway.ufo\/glyphs\/O_megatonos.glif","\/motorway.ufo\/glyphs\/O_micron.glif":"\/motorway.ufo\/glyphs\/O_micron.glif","\/motorway.ufo\/glyphs\/O_microntonos.glif":"\/motorway.ufo\/glyphs\/O_microntonos.glif","\/motorway.ufo\/glyphs\/O_slash.glif":"\/motorway.ufo\/glyphs\/O_slash.glif","\/motorway.ufo\/glyphs\/O_slashacute.glif":"\/motorway.ufo\/glyphs\/O_slashacute.glif","\/motorway.ufo\/glyphs\/O_tilde.glif":"\/motorway.ufo\/glyphs\/O_tilde.glif","\/motorway.ufo\/glyphs\/P_.glif":"\/motorway.ufo\/glyphs\/P_.glif","\/motorway.ufo\/glyphs\/P_hi.glif":"\/motorway.ufo\/glyphs\/P_hi.glif","\/motorway.ufo\/glyphs\/P_i.glif":"\/motorway.ufo\/glyphs\/P_i.glif","\/motorway.ufo\/glyphs\/P_si.glif":"\/motorway.ufo\/glyphs\/P_si.glif","\/motorway.ufo\/glyphs\/Q_.glif":"\/motorway.ufo\/glyphs\/Q_.glif","\/motorway.ufo\/glyphs\/R_.glif":"\/motorway.ufo\/glyphs\/R_.glif","\/motorway.ufo\/glyphs\/R_acute.glif":"\/motorway.ufo\/glyphs\/R_acute.glif","\/motorway.ufo\/glyphs\/R_caron.glif":"\/motorway.ufo\/glyphs\/R_caron.glif","\/motorway.ufo\/glyphs\/R_cedilla.glif":"\/motorway.ufo\/glyphs\/R_cedilla.glif","\/motorway.ufo\/glyphs\/R_ho.glif":"\/motorway.ufo\/glyphs\/R_ho.glif","\/motorway.ufo\/glyphs\/S_.glif":"\/motorway.ufo\/glyphs\/S_.glif","\/motorway.ufo\/glyphs\/S_F_010000.glif":"\/motorway.ufo\/glyphs\/S_F_010000.glif","\/motorway.ufo\/glyphs\/S_F_020000.glif":"\/motorway.ufo\/glyphs\/S_F_020000.glif","\/motorway.ufo\/glyphs\/S_F_030000.glif":"\/motorway.ufo\/glyphs\/S_F_030000.glif","\/motorway.ufo\/glyphs\/S_F_040000.glif":"\/motorway.ufo\/glyphs\/S_F_040000.glif","\/motorway.ufo\/glyphs\/S_F_050000.glif":"\/motorway.ufo\/glyphs\/S_F_050000.glif","\/motorway.ufo\/glyphs\/S_F_060000.glif":"\/motorway.ufo\/glyphs\/S_F_060000.glif","\/motorway.ufo\/glyphs\/S_F_070000.glif":"\/motorway.ufo\/glyphs\/S_F_070000.glif","\/motorway.ufo\/glyphs\/S_F_080000.glif":"\/motorway.ufo\/glyphs\/S_F_080000.glif","\/motorway.ufo\/glyphs\/S_F_090000.glif":"\/motorway.ufo\/glyphs\/S_F_090000.glif","\/motorway.ufo\/glyphs\/S_F_100000.glif":"\/motorway.ufo\/glyphs\/S_F_100000.glif","\/motorway.ufo\/glyphs\/S_F_110000.glif":"\/motorway.ufo\/glyphs\/S_F_110000.glif","\/motorway.ufo\/glyphs\/S_F_190000.glif":"\/motorway.ufo\/glyphs\/S_F_190000.glif","\/motorway.ufo\/glyphs\/S_F_200000.glif":"\/motorway.ufo\/glyphs\/S_F_200000.glif","\/motorway.ufo\/glyphs\/S_F_210000.glif":"\/motorway.ufo\/glyphs\/S_F_210000.glif","\/motorway.ufo\/glyphs\/S_F_220000.glif":"\/motorway.ufo\/glyphs\/S_F_220000.glif","\/motorway.ufo\/glyphs\/S_F_230000.glif":"\/motorway.ufo\/glyphs\/S_F_230000.glif","\/motorway.ufo\/glyphs\/S_F_240000.glif":"\/motorway.ufo\/glyphs\/S_F_240000.glif","\/motorway.ufo\/glyphs\/S_F_250000.glif":"\/motorway.ufo\/glyphs\/S_F_250000.glif","\/motorway.ufo\/glyphs\/S_F_260000.glif":"\/motorway.ufo\/glyphs\/S_F_260000.glif","\/motorway.ufo\/glyphs\/S_F_270000.glif":"\/motorway.ufo\/glyphs\/S_F_270000.glif","\/motorway.ufo\/glyphs\/S_F_280000.glif":"\/motorway.ufo\/glyphs\/S_F_280000.glif","\/motorway.ufo\/glyphs\/S_F_360000.glif":"\/motorway.ufo\/glyphs\/S_F_360000.glif","\/motorway.ufo\/glyphs\/S_F_370000.glif":"\/motorway.ufo\/glyphs\/S_F_370000.glif","\/motorway.ufo\/glyphs\/S_F_380000.glif":"\/motorway.ufo\/glyphs\/S_F_380000.glif","\/motorway.ufo\/glyphs\/S_F_390000.glif":"\/motorway.ufo\/glyphs\/S_F_390000.glif","\/motorway.ufo\/glyphs\/S_F_400000.glif":"\/motorway.ufo\/glyphs\/S_F_400000.glif","\/motorway.ufo\/glyphs\/S_F_410000.glif":"\/motorway.ufo\/glyphs\/S_F_410000.glif","\/motorway.ufo\/glyphs\/S_F_420000.glif":"\/motorway.ufo\/glyphs\/S_F_420000.glif","\/motorway.ufo\/glyphs\/S_F_430000.glif":"\/motorway.ufo\/glyphs\/S_F_430000.glif","\/motorway.ufo\/glyphs\/S_F_440000.glif":"\/motorway.ufo\/glyphs\/S_F_440000.glif","\/motorway.ufo\/glyphs\/S_F_450000.glif":"\/motorway.ufo\/glyphs\/S_F_450000.glif","\/motorway.ufo\/glyphs\/S_F_460000.glif":"\/motorway.ufo\/glyphs\/S_F_460000.glif","\/motorway.ufo\/glyphs\/S_F_470000.glif":"\/motorway.ufo\/glyphs\/S_F_470000.glif","\/motorway.ufo\/glyphs\/S_F_480000.glif":"\/motorway.ufo\/glyphs\/S_F_480000.glif","\/motorway.ufo\/glyphs\/S_F_490000.glif":"\/motorway.ufo\/glyphs\/S_F_490000.glif","\/motorway.ufo\/glyphs\/S_F_500000.glif":"\/motorway.ufo\/glyphs\/S_F_500000.glif","\/motorway.ufo\/glyphs\/S_F_510000.glif":"\/motorway.ufo\/glyphs\/S_F_510000.glif","\/motorway.ufo\/glyphs\/S_F_520000.glif":"\/motorway.ufo\/glyphs\/S_F_520000.glif","\/motorway.ufo\/glyphs\/S_F_530000.glif":"\/motorway.ufo\/glyphs\/S_F_530000.glif","\/motorway.ufo\/glyphs\/S_F_540000.glif":"\/motorway.ufo\/glyphs\/S_F_540000.glif","\/motorway.ufo\/glyphs\/S_acute.glif":"\/motorway.ufo\/glyphs\/S_acute.glif","\/motorway.ufo\/glyphs\/S_caron.glif":"\/motorway.ufo\/glyphs\/S_caron.glif","\/motorway.ufo\/glyphs\/S_cedilla.glif":"\/motorway.ufo\/glyphs\/S_cedilla.glif","\/motorway.ufo\/glyphs\/S_circumflex.glif":"\/motorway.ufo\/glyphs\/S_circumflex.glif","\/motorway.ufo\/glyphs\/S_igma.glif":"\/motorway.ufo\/glyphs\/S_igma.glif","\/motorway.ufo\/glyphs\/T_.glif":"\/motorway.ufo\/glyphs\/T_.glif","\/motorway.ufo\/glyphs\/T_au.glif":"\/motorway.ufo\/glyphs\/T_au.glif","\/motorway.ufo\/glyphs\/T_bar.glif":"\/motorway.ufo\/glyphs\/T_bar.glif","\/motorway.ufo\/glyphs\/T_caron.glif":"\/motorway.ufo\/glyphs\/T_caron.glif","\/motorway.ufo\/glyphs\/T_cedilla.glif":"\/motorway.ufo\/glyphs\/T_cedilla.glif","\/motorway.ufo\/glyphs\/T_heta.glif":"\/motorway.ufo\/glyphs\/T_heta.glif","\/motorway.ufo\/glyphs\/T_horn.glif":"\/motorway.ufo\/glyphs\/T_horn.glif","\/motorway.ufo\/glyphs\/U_.glif":"\/motorway.ufo\/glyphs\/U_.glif","\/motorway.ufo\/glyphs\/U_acute.glif":"\/motorway.ufo\/glyphs\/U_acute.glif","\/motorway.ufo\/glyphs\/U_breve.glif":"\/motorway.ufo\/glyphs\/U_breve.glif","\/motorway.ufo\/glyphs\/U_circumflex.glif":"\/motorway.ufo\/glyphs\/U_circumflex.glif","\/motorway.ufo\/glyphs\/U_dblacute.glif":"\/motorway.ufo\/glyphs\/U_dblacute.glif","\/motorway.ufo\/glyphs\/U_dieresis.glif":"\/motorway.ufo\/glyphs\/U_dieresis.glif","\/motorway.ufo\/glyphs\/U_grave.glif":"\/motorway.ufo\/glyphs\/U_grave.glif","\/motorway.ufo\/glyphs\/U_macron.glif":"\/motorway.ufo\/glyphs\/U_macron.glif","\/motorway.ufo\/glyphs\/U_ogonek.glif":"\/motorway.ufo\/glyphs\/U_ogonek.glif","\/motorway.ufo\/glyphs\/U_psilon.glif":"\/motorway.ufo\/glyphs\/U_psilon.glif","\/motorway.ufo\/glyphs\/U_psilondieresis.glif":"\/motorway.ufo\/glyphs\/U_psilondieresis.glif","\/motorway.ufo\/glyphs\/U_psilontonos.glif":"\/motorway.ufo\/glyphs\/U_psilontonos.glif","\/motorway.ufo\/glyphs\/U_ring.glif":"\/motorway.ufo\/glyphs\/U_ring.glif","\/motorway.ufo\/glyphs\/U_tilde.glif":"\/motorway.ufo\/glyphs\/U_tilde.glif","\/motorway.ufo\/glyphs\/V_.glif":"\/motorway.ufo\/glyphs\/V_.glif","\/motorway.ufo\/glyphs\/W_.glif":"\/motorway.ufo\/glyphs\/W_.glif","\/motorway.ufo\/glyphs\/W_acute.glif":"\/motorway.ufo\/glyphs\/W_acute.glif","\/motorway.ufo\/glyphs\/W_circumflex.glif":"\/motorway.ufo\/glyphs\/W_circumflex.glif","\/motorway.ufo\/glyphs\/W_dieresis.glif":"\/motorway.ufo\/glyphs\/W_dieresis.glif","\/motorway.ufo\/glyphs\/W_grave.glif":"\/motorway.ufo\/glyphs\/W_grave.glif","\/motorway.ufo\/glyphs\/X_.glif":"\/motorway.ufo\/glyphs\/X_.glif","\/motorway.ufo\/glyphs\/X_i.glif":"\/motorway.ufo\/glyphs\/X_i.glif","\/motorway.ufo\/glyphs\/Y_.glif":"\/motorway.ufo\/glyphs\/Y_.glif","\/motorway.ufo\/glyphs\/Y_acute.glif":"\/motorway.ufo\/glyphs\/Y_acute.glif","\/motorway.ufo\/glyphs\/Y_circumflex.glif":"\/motorway.ufo\/glyphs\/Y_circumflex.glif","\/motorway.ufo\/glyphs\/Y_dieresis.glif":"\/motorway.ufo\/glyphs\/Y_dieresis.glif","\/motorway.ufo\/glyphs\/Y_grave.glif":"\/motorway.ufo\/glyphs\/Y_grave.glif","\/motorway.ufo\/glyphs\/Z_.glif":"\/motorway.ufo\/glyphs\/Z_.glif","\/motorway.ufo\/glyphs\/Z_acute.glif":"\/motorway.ufo\/glyphs\/Z_acute.glif","\/motorway.ufo\/glyphs\/Z_caron.glif":"\/motorway.ufo\/glyphs\/Z_caron.glif","\/motorway.ufo\/glyphs\/Z_dot.glif":"\/motorway.ufo\/glyphs\/Z_dot.glif","\/motorway.ufo\/glyphs\/Z_eta.glif":"\/motorway.ufo\/glyphs\/Z_eta.glif","\/motorway.ufo\/glyphs\/_notdef.glif":"\/motorway.ufo\/glyphs\/_notdef.glif","\/motorway.ufo\/glyphs\/_null.glif":"\/motorway.ufo\/glyphs\/_null.glif","\/motorway.ufo\/glyphs\/a.glif":"\/motorway.ufo\/glyphs\/a.glif","\/motorway.ufo\/glyphs\/aacute.glif":"\/motorway.ufo\/glyphs\/aacute.glif","\/motorway.ufo\/glyphs\/abreve.glif":"\/motorway.ufo\/glyphs\/abreve.glif","\/motorway.ufo\/glyphs\/acircumflex.glif":"\/motorway.ufo\/glyphs\/acircumflex.glif","\/motorway.ufo\/glyphs\/acute.glif":"\/motorway.ufo\/glyphs\/acute.glif","\/motorway.ufo\/glyphs\/adieresis.glif":"\/motorway.ufo\/glyphs\/adieresis.glif","\/motorway.ufo\/glyphs\/ae.glif":"\/motorway.ufo\/glyphs\/ae.glif","\/motorway.ufo\/glyphs\/aeacute.glif":"\/motorway.ufo\/glyphs\/aeacute.glif","\/motorway.ufo\/glyphs\/afii00208.glif":"\/motorway.ufo\/glyphs\/afii00208.glif","\/motorway.ufo\/glyphs\/afii08941.glif":"\/motorway.ufo\/glyphs\/afii08941.glif","\/motorway.ufo\/glyphs\/afii10017.glif":"\/motorway.ufo\/glyphs\/afii10017.glif","\/motorway.ufo\/glyphs\/afii10018.glif":"\/motorway.ufo\/glyphs\/afii10018.glif","\/motorway.ufo\/glyphs\/afii10019.glif":"\/motorway.ufo\/glyphs\/afii10019.glif","\/motorway.ufo\/glyphs\/afii10020.glif":"\/motorway.ufo\/glyphs\/afii10020.glif","\/motorway.ufo\/glyphs\/afii10021.glif":"\/motorway.ufo\/glyphs\/afii10021.glif","\/motorway.ufo\/glyphs\/afii10022.glif":"\/motorway.ufo\/glyphs\/afii10022.glif","\/motorway.ufo\/glyphs\/afii10023.glif":"\/motorway.ufo\/glyphs\/afii10023.glif","\/motorway.ufo\/glyphs\/afii10024.glif":"\/motorway.ufo\/glyphs\/afii10024.glif","\/motorway.ufo\/glyphs\/afii10025.glif":"\/motorway.ufo\/glyphs\/afii10025.glif","\/motorway.ufo\/glyphs\/afii10026.glif":"\/motorway.ufo\/glyphs\/afii10026.glif","\/motorway.ufo\/glyphs\/afii10027.glif":"\/motorway.ufo\/glyphs\/afii10027.glif","\/motorway.ufo\/glyphs\/afii10028.glif":"\/motorway.ufo\/glyphs\/afii10028.glif","\/motorway.ufo\/glyphs\/afii10029.glif":"\/motorway.ufo\/glyphs\/afii10029.glif","\/motorway.ufo\/glyphs\/afii10030.glif":"\/motorway.ufo\/glyphs\/afii10030.glif","\/motorway.ufo\/glyphs\/afii10031.glif":"\/motorway.ufo\/glyphs\/afii10031.glif","\/motorway.ufo\/glyphs\/afii10032.glif":"\/motorway.ufo\/glyphs\/afii10032.glif","\/motorway.ufo\/glyphs\/afii10033.glif":"\/motorway.ufo\/glyphs\/afii10033.glif","\/motorway.ufo\/glyphs\/afii10034.glif":"\/motorway.ufo\/glyphs\/afii10034.glif","\/motorway.ufo\/glyphs\/afii10035.glif":"\/motorway.ufo\/glyphs\/afii10035.glif","\/motorway.ufo\/glyphs\/afii10036.glif":"\/motorway.ufo\/glyphs\/afii10036.glif","\/motorway.ufo\/glyphs\/afii10037.glif":"\/motorway.ufo\/glyphs\/afii10037.glif","\/motorway.ufo\/glyphs\/afii10038.glif":"\/motorway.ufo\/glyphs\/afii10038.glif","\/motorway.ufo\/glyphs\/afii10039.glif":"\/motorway.ufo\/glyphs\/afii10039.glif","\/motorway.ufo\/glyphs\/afii10040.glif":"\/motorway.ufo\/glyphs\/afii10040.glif","\/motorway.ufo\/glyphs\/afii10041.glif":"\/motorway.ufo\/glyphs\/afii10041.glif","\/motorway.ufo\/glyphs\/afii10042.glif":"\/motorway.ufo\/glyphs\/afii10042.glif","\/motorway.ufo\/glyphs\/afii10043.glif":"\/motorway.ufo\/glyphs\/afii10043.glif","\/motorway.ufo\/glyphs\/afii10044.glif":"\/motorway.ufo\/glyphs\/afii10044.glif","\/motorway.ufo\/glyphs\/afii10045.glif":"\/motorway.ufo\/glyphs\/afii10045.glif","\/motorway.ufo\/glyphs\/afii10046.glif":"\/motorway.ufo\/glyphs\/afii10046.glif","\/motorway.ufo\/glyphs\/afii10047.glif":"\/motorway.ufo\/glyphs\/afii10047.glif","\/motorway.ufo\/glyphs\/afii10048.glif":"\/motorway.ufo\/glyphs\/afii10048.glif","\/motorway.ufo\/glyphs\/afii10049.glif":"\/motorway.ufo\/glyphs\/afii10049.glif","\/motorway.ufo\/glyphs\/afii10050.glif":"\/motorway.ufo\/glyphs\/afii10050.glif","\/motorway.ufo\/glyphs\/afii10051.glif":"\/motorway.ufo\/glyphs\/afii10051.glif","\/motorway.ufo\/glyphs\/afii10052.glif":"\/motorway.ufo\/glyphs\/afii10052.glif","\/motorway.ufo\/glyphs\/afii10053.glif":"\/motorway.ufo\/glyphs\/afii10053.glif","\/motorway.ufo\/glyphs\/afii10054.glif":"\/motorway.ufo\/glyphs\/afii10054.glif","\/motorway.ufo\/glyphs\/afii10055.glif":"\/motorway.ufo\/glyphs\/afii10055.glif","\/motorway.ufo\/glyphs\/afii10056.glif":"\/motorway.ufo\/glyphs\/afii10056.glif","\/motorway.ufo\/glyphs\/afii10057.glif":"\/motorway.ufo\/glyphs\/afii10057.glif","\/motorway.ufo\/glyphs\/afii10058.glif":"\/motorway.ufo\/glyphs\/afii10058.glif","\/motorway.ufo\/glyphs\/afii10059.glif":"\/motorway.ufo\/glyphs\/afii10059.glif","\/motorway.ufo\/glyphs\/afii10060.glif":"\/motorway.ufo\/glyphs\/afii10060.glif","\/motorway.ufo\/glyphs\/afii10061.glif":"\/motorway.ufo\/glyphs\/afii10061.glif","\/motorway.ufo\/glyphs\/afii10062.glif":"\/motorway.ufo\/glyphs\/afii10062.glif","\/motorway.ufo\/glyphs\/afii10065.glif":"\/motorway.ufo\/glyphs\/afii10065.glif","\/motorway.ufo\/glyphs\/afii10066.glif":"\/motorway.ufo\/glyphs\/afii10066.glif","\/motorway.ufo\/glyphs\/afii10067.glif":"\/motorway.ufo\/glyphs\/afii10067.glif","\/motorway.ufo\/glyphs\/afii10068.glif":"\/motorway.ufo\/glyphs\/afii10068.glif","\/motorway.ufo\/glyphs\/afii10069.glif":"\/motorway.ufo\/glyphs\/afii10069.glif","\/motorway.ufo\/glyphs\/afii10070.glif":"\/motorway.ufo\/glyphs\/afii10070.glif","\/motorway.ufo\/glyphs\/afii10071.glif":"\/motorway.ufo\/glyphs\/afii10071.glif","\/motorway.ufo\/glyphs\/afii10072.glif":"\/motorway.ufo\/glyphs\/afii10072.glif","\/motorway.ufo\/glyphs\/afii10073.glif":"\/motorway.ufo\/glyphs\/afii10073.glif","\/motorway.ufo\/glyphs\/afii10074.glif":"\/motorway.ufo\/glyphs\/afii10074.glif","\/motorway.ufo\/glyphs\/afii10075.glif":"\/motorway.ufo\/glyphs\/afii10075.glif","\/motorway.ufo\/glyphs\/afii10076.glif":"\/motorway.ufo\/glyphs\/afii10076.glif","\/motorway.ufo\/glyphs\/afii10077.glif":"\/motorway.ufo\/glyphs\/afii10077.glif","\/motorway.ufo\/glyphs\/afii10078.glif":"\/motorway.ufo\/glyphs\/afii10078.glif","\/motorway.ufo\/glyphs\/afii10079.glif":"\/motorway.ufo\/glyphs\/afii10079.glif","\/motorway.ufo\/glyphs\/afii10080.glif":"\/motorway.ufo\/glyphs\/afii10080.glif","\/motorway.ufo\/glyphs\/afii10081.glif":"\/motorway.ufo\/glyphs\/afii10081.glif","\/motorway.ufo\/glyphs\/afii10082.glif":"\/motorway.ufo\/glyphs\/afii10082.glif","\/motorway.ufo\/glyphs\/afii10083.glif":"\/motorway.ufo\/glyphs\/afii10083.glif","\/motorway.ufo\/glyphs\/afii10084.glif":"\/motorway.ufo\/glyphs\/afii10084.glif","\/motorway.ufo\/glyphs\/afii10085.glif":"\/motorway.ufo\/glyphs\/afii10085.glif","\/motorway.ufo\/glyphs\/afii10086.glif":"\/motorway.ufo\/glyphs\/afii10086.glif","\/motorway.ufo\/glyphs\/afii10087.glif":"\/motorway.ufo\/glyphs\/afii10087.glif","\/motorway.ufo\/glyphs\/afii10088.glif":"\/motorway.ufo\/glyphs\/afii10088.glif","\/motorway.ufo\/glyphs\/afii10089.glif":"\/motorway.ufo\/glyphs\/afii10089.glif","\/motorway.ufo\/glyphs\/afii10090.glif":"\/motorway.ufo\/glyphs\/afii10090.glif","\/motorway.ufo\/glyphs\/afii10091.glif":"\/motorway.ufo\/glyphs\/afii10091.glif","\/motorway.ufo\/glyphs\/afii10092.glif":"\/motorway.ufo\/glyphs\/afii10092.glif","\/motorway.ufo\/glyphs\/afii10093.glif":"\/motorway.ufo\/glyphs\/afii10093.glif","\/motorway.ufo\/glyphs\/afii10094.glif":"\/motorway.ufo\/glyphs\/afii10094.glif","\/motorway.ufo\/glyphs\/afii10095.glif":"\/motorway.ufo\/glyphs\/afii10095.glif","\/motorway.ufo\/glyphs\/afii10096.glif":"\/motorway.ufo\/glyphs\/afii10096.glif","\/motorway.ufo\/glyphs\/afii10097.glif":"\/motorway.ufo\/glyphs\/afii10097.glif","\/motorway.ufo\/glyphs\/afii10098.glif":"\/motorway.ufo\/glyphs\/afii10098.glif","\/motorway.ufo\/glyphs\/afii10099.glif":"\/motorway.ufo\/glyphs\/afii10099.glif","\/motorway.ufo\/glyphs\/afii10100.glif":"\/motorway.ufo\/glyphs\/afii10100.glif","\/motorway.ufo\/glyphs\/afii10101.glif":"\/motorway.ufo\/glyphs\/afii10101.glif","\/motorway.ufo\/glyphs\/afii10102.glif":"\/motorway.ufo\/glyphs\/afii10102.glif","\/motorway.ufo\/glyphs\/afii10103.glif":"\/motorway.ufo\/glyphs\/afii10103.glif","\/motorway.ufo\/glyphs\/afii10104.glif":"\/motorway.ufo\/glyphs\/afii10104.glif","\/motorway.ufo\/glyphs\/afii10105.glif":"\/motorway.ufo\/glyphs\/afii10105.glif","\/motorway.ufo\/glyphs\/afii10106.glif":"\/motorway.ufo\/glyphs\/afii10106.glif","\/motorway.ufo\/glyphs\/afii10107.glif":"\/motorway.ufo\/glyphs\/afii10107.glif","\/motorway.ufo\/glyphs\/afii10108.glif":"\/motorway.ufo\/glyphs\/afii10108.glif","\/motorway.ufo\/glyphs\/afii10109.glif":"\/motorway.ufo\/glyphs\/afii10109.glif","\/motorway.ufo\/glyphs\/afii10110.glif":"\/motorway.ufo\/glyphs\/afii10110.glif","\/motorway.ufo\/glyphs\/afii10145.glif":"\/motorway.ufo\/glyphs\/afii10145.glif","\/motorway.ufo\/glyphs\/afii10193.glif":"\/motorway.ufo\/glyphs\/afii10193.glif","\/motorway.ufo\/glyphs\/afii61248.glif":"\/motorway.ufo\/glyphs\/afii61248.glif","\/motorway.ufo\/glyphs\/afii61289.glif":"\/motorway.ufo\/glyphs\/afii61289.glif","\/motorway.ufo\/glyphs\/afii61352.glif":"\/motorway.ufo\/glyphs\/afii61352.glif","\/motorway.ufo\/glyphs\/agrave.glif":"\/motorway.ufo\/glyphs\/agrave.glif","\/motorway.ufo\/glyphs\/alpha.glif":"\/motorway.ufo\/glyphs\/alpha.glif","\/motorway.ufo\/glyphs\/alphatonos.glif":"\/motorway.ufo\/glyphs\/alphatonos.glif","\/motorway.ufo\/glyphs\/amacron.glif":"\/motorway.ufo\/glyphs\/amacron.glif","\/motorway.ufo\/glyphs\/ampersand.glif":"\/motorway.ufo\/glyphs\/ampersand.glif","\/motorway.ufo\/glyphs\/anoteleia.glif":"\/motorway.ufo\/glyphs\/anoteleia.glif","\/motorway.ufo\/glyphs\/aogonek.glif":"\/motorway.ufo\/glyphs\/aogonek.glif","\/motorway.ufo\/glyphs\/approxequal.glif":"\/motorway.ufo\/glyphs\/approxequal.glif","\/motorway.ufo\/glyphs\/aring.glif":"\/motorway.ufo\/glyphs\/aring.glif","\/motorway.ufo\/glyphs\/aringacute.glif":"\/motorway.ufo\/glyphs\/aringacute.glif","\/motorway.ufo\/glyphs\/arrowboth.glif":"\/motorway.ufo\/glyphs\/arrowboth.glif","\/motorway.ufo\/glyphs\/arrowdown.glif":"\/motorway.ufo\/glyphs\/arrowdown.glif","\/motorway.ufo\/glyphs\/arrowleft.glif":"\/motorway.ufo\/glyphs\/arrowleft.glif","\/motorway.ufo\/glyphs\/arrowright.glif":"\/motorway.ufo\/glyphs\/arrowright.glif","\/motorway.ufo\/glyphs\/arrowup.glif":"\/motorway.ufo\/glyphs\/arrowup.glif","\/motorway.ufo\/glyphs\/arrowupdn.glif":"\/motorway.ufo\/glyphs\/arrowupdn.glif","\/motorway.ufo\/glyphs\/arrowupdnbse.glif":"\/motorway.ufo\/glyphs\/arrowupdnbse.glif","\/motorway.ufo\/glyphs\/asciicircum.glif":"\/motorway.ufo\/glyphs\/asciicircum.glif","\/motorway.ufo\/glyphs\/asciitilde.glif":"\/motorway.ufo\/glyphs\/asciitilde.glif","\/motorway.ufo\/glyphs\/asterisk.glif":"\/motorway.ufo\/glyphs\/asterisk.glif","\/motorway.ufo\/glyphs\/at.glif":"\/motorway.ufo\/glyphs\/at.glif","\/motorway.ufo\/glyphs\/atilde.glif":"\/motorway.ufo\/glyphs\/atilde.glif","\/motorway.ufo\/glyphs\/b.glif":"\/motorway.ufo\/glyphs\/b.glif","\/motorway.ufo\/glyphs\/backslash.glif":"\/motorway.ufo\/glyphs\/backslash.glif","\/motorway.ufo\/glyphs\/bar.glif":"\/motorway.ufo\/glyphs\/bar.glif","\/motorway.ufo\/glyphs\/beta.glif":"\/motorway.ufo\/glyphs\/beta.glif","\/motorway.ufo\/glyphs\/block.glif":"\/motorway.ufo\/glyphs\/block.glif","\/motorway.ufo\/glyphs\/braceleft.glif":"\/motorway.ufo\/glyphs\/braceleft.glif","\/motorway.ufo\/glyphs\/braceright.glif":"\/motorway.ufo\/glyphs\/braceright.glif","\/motorway.ufo\/glyphs\/bracketleft.glif":"\/motorway.ufo\/glyphs\/bracketleft.glif","\/motorway.ufo\/glyphs\/bracketright.glif":"\/motorway.ufo\/glyphs\/bracketright.glif","\/motorway.ufo\/glyphs\/breve.glif":"\/motorway.ufo\/glyphs\/breve.glif","\/motorway.ufo\/glyphs\/brokenbar.glif":"\/motorway.ufo\/glyphs\/brokenbar.glif","\/motorway.ufo\/glyphs\/bullet.glif":"\/motorway.ufo\/glyphs\/bullet.glif","\/motorway.ufo\/glyphs\/c.glif":"\/motorway.ufo\/glyphs\/c.glif","\/motorway.ufo\/glyphs\/cacute.glif":"\/motorway.ufo\/glyphs\/cacute.glif","\/motorway.ufo\/glyphs\/caron.glif":"\/motorway.ufo\/glyphs\/caron.glif","\/motorway.ufo\/glyphs\/ccaron.glif":"\/motorway.ufo\/glyphs\/ccaron.glif","\/motorway.ufo\/glyphs\/ccedilla.glif":"\/motorway.ufo\/glyphs\/ccedilla.glif","\/motorway.ufo\/glyphs\/ccircumflex.glif":"\/motorway.ufo\/glyphs\/ccircumflex.glif","\/motorway.ufo\/glyphs\/cdot.glif":"\/motorway.ufo\/glyphs\/cdot.glif","\/motorway.ufo\/glyphs\/cedilla.glif":"\/motorway.ufo\/glyphs\/cedilla.glif","\/motorway.ufo\/glyphs\/cent.glif":"\/motorway.ufo\/glyphs\/cent.glif","\/motorway.ufo\/glyphs\/chi.glif":"\/motorway.ufo\/glyphs\/chi.glif","\/motorway.ufo\/glyphs\/circle.glif":"\/motorway.ufo\/glyphs\/circle.glif","\/motorway.ufo\/glyphs\/circumflex.glif":"\/motorway.ufo\/glyphs\/circumflex.glif","\/motorway.ufo\/glyphs\/club.glif":"\/motorway.ufo\/glyphs\/club.glif","\/motorway.ufo\/glyphs\/colon.glif":"\/motorway.ufo\/glyphs\/colon.glif","\/motorway.ufo\/glyphs\/comma.glif":"\/motorway.ufo\/glyphs\/comma.glif","\/motorway.ufo\/glyphs\/commaaccent.glif":"\/motorway.ufo\/glyphs\/commaaccent.glif","\/motorway.ufo\/glyphs\/contents.plist":"\/motorway.ufo\/glyphs\/contents.plist","\/motorway.ufo\/glyphs\/copyright.glif":"\/motorway.ufo\/glyphs\/copyright.glif","\/motorway.ufo\/glyphs\/d.glif":"\/motorway.ufo\/glyphs\/d.glif","\/motorway.ufo\/glyphs\/dagger.glif":"\/motorway.ufo\/glyphs\/dagger.glif","\/motorway.ufo\/glyphs\/daggerdbl.glif":"\/motorway.ufo\/glyphs\/daggerdbl.glif","\/motorway.ufo\/glyphs\/dcaron.glif":"\/motorway.ufo\/glyphs\/dcaron.glif","\/motorway.ufo\/glyphs\/degree.glif":"\/motorway.ufo\/glyphs\/degree.glif","\/motorway.ufo\/glyphs\/delta.glif":"\/motorway.ufo\/glyphs\/delta.glif","\/motorway.ufo\/glyphs\/diamond.glif":"\/motorway.ufo\/glyphs\/diamond.glif","\/motorway.ufo\/glyphs\/dieresis.glif":"\/motorway.ufo\/glyphs\/dieresis.glif","\/motorway.ufo\/glyphs\/dieresistonos.glif":"\/motorway.ufo\/glyphs\/dieresistonos.glif","\/motorway.ufo\/glyphs\/divide.glif":"\/motorway.ufo\/glyphs\/divide.glif","\/motorway.ufo\/glyphs\/dkshade.glif":"\/motorway.ufo\/glyphs\/dkshade.glif","\/motorway.ufo\/glyphs\/dmacron.glif":"\/motorway.ufo\/glyphs\/dmacron.glif","\/motorway.ufo\/glyphs\/dnblock.glif":"\/motorway.ufo\/glyphs\/dnblock.glif","\/motorway.ufo\/glyphs\/dollar.glif":"\/motorway.ufo\/glyphs\/dollar.glif","\/motorway.ufo\/glyphs\/dotaccent.glif":"\/motorway.ufo\/glyphs\/dotaccent.glif","\/motorway.ufo\/glyphs\/dotlessi.glif":"\/motorway.ufo\/glyphs\/dotlessi.glif","\/motorway.ufo\/glyphs\/e.glif":"\/motorway.ufo\/glyphs\/e.glif","\/motorway.ufo\/glyphs\/eacute.glif":"\/motorway.ufo\/glyphs\/eacute.glif","\/motorway.ufo\/glyphs\/ebreve.glif":"\/motorway.ufo\/glyphs\/ebreve.glif","\/motorway.ufo\/glyphs\/ecaron.glif":"\/motorway.ufo\/glyphs\/ecaron.glif","\/motorway.ufo\/glyphs\/ecircumflex.glif":"\/motorway.ufo\/glyphs\/ecircumflex.glif","\/motorway.ufo\/glyphs\/edieresis.glif":"\/motorway.ufo\/glyphs\/edieresis.glif","\/motorway.ufo\/glyphs\/edot.glif":"\/motorway.ufo\/glyphs\/edot.glif","\/motorway.ufo\/glyphs\/egrave.glif":"\/motorway.ufo\/glyphs\/egrave.glif","\/motorway.ufo\/glyphs\/eight.glif":"\/motorway.ufo\/glyphs\/eight.glif","\/motorway.ufo\/glyphs\/ellipsis.glif":"\/motorway.ufo\/glyphs\/ellipsis.glif","\/motorway.ufo\/glyphs\/emacron.glif":"\/motorway.ufo\/glyphs\/emacron.glif","\/motorway.ufo\/glyphs\/emdash.glif":"\/motorway.ufo\/glyphs\/emdash.glif","\/motorway.ufo\/glyphs\/endash.glif":"\/motorway.ufo\/glyphs\/endash.glif","\/motorway.ufo\/glyphs\/eng.glif":"\/motorway.ufo\/glyphs\/eng.glif","\/motorway.ufo\/glyphs\/eogonek.glif":"\/motorway.ufo\/glyphs\/eogonek.glif","\/motorway.ufo\/glyphs\/epsilon.glif":"\/motorway.ufo\/glyphs\/epsilon.glif","\/motorway.ufo\/glyphs\/epsilontonos.glif":"\/motorway.ufo\/glyphs\/epsilontonos.glif","\/motorway.ufo\/glyphs\/equal.glif":"\/motorway.ufo\/glyphs\/equal.glif","\/motorway.ufo\/glyphs\/equivalence.glif":"\/motorway.ufo\/glyphs\/equivalence.glif","\/motorway.ufo\/glyphs\/estimated.glif":"\/motorway.ufo\/glyphs\/estimated.glif","\/motorway.ufo\/glyphs\/eta.glif":"\/motorway.ufo\/glyphs\/eta.glif","\/motorway.ufo\/glyphs\/etatonos.glif":"\/motorway.ufo\/glyphs\/etatonos.glif","\/motorway.ufo\/glyphs\/eth.glif":"\/motorway.ufo\/glyphs\/eth.glif","\/motorway.ufo\/glyphs\/exclam.glif":"\/motorway.ufo\/glyphs\/exclam.glif","\/motorway.ufo\/glyphs\/exclamdbl.glif":"\/motorway.ufo\/glyphs\/exclamdbl.glif","\/motorway.ufo\/glyphs\/exclamdown.glif":"\/motorway.ufo\/glyphs\/exclamdown.glif","\/motorway.ufo\/glyphs\/f.glif":"\/motorway.ufo\/glyphs\/f.glif","\/motorway.ufo\/glyphs\/female.glif":"\/motorway.ufo\/glyphs\/female.glif","\/motorway.ufo\/glyphs\/fi.glif":"\/motorway.ufo\/glyphs\/fi.glif","\/motorway.ufo\/glyphs\/filledbox.glif":"\/motorway.ufo\/glyphs\/filledbox.glif","\/motorway.ufo\/glyphs\/filledrect.glif":"\/motorway.ufo\/glyphs\/filledrect.glif","\/motorway.ufo\/glyphs\/five.glif":"\/motorway.ufo\/glyphs\/five.glif","\/motorway.ufo\/glyphs\/fiveeighths.glif":"\/motorway.ufo\/glyphs\/fiveeighths.glif","\/motorway.ufo\/glyphs\/fl.glif":"\/motorway.ufo\/glyphs\/fl.glif","\/motorway.ufo\/glyphs\/florin.glif":"\/motorway.ufo\/glyphs\/florin.glif","\/motorway.ufo\/glyphs\/four.glif":"\/motorway.ufo\/glyphs\/four.glif","\/motorway.ufo\/glyphs\/fraction.glif":"\/motorway.ufo\/glyphs\/fraction.glif","\/motorway.ufo\/glyphs\/franc.glif":"\/motorway.ufo\/glyphs\/franc.glif","\/motorway.ufo\/glyphs\/g.glif":"\/motorway.ufo\/glyphs\/g.glif","\/motorway.ufo\/glyphs\/gamma.glif":"\/motorway.ufo\/glyphs\/gamma.glif","\/motorway.ufo\/glyphs\/gbreve.glif":"\/motorway.ufo\/glyphs\/gbreve.glif","\/motorway.ufo\/glyphs\/gcedilla.glif":"\/motorway.ufo\/glyphs\/gcedilla.glif","\/motorway.ufo\/glyphs\/gcircumflex.glif":"\/motorway.ufo\/glyphs\/gcircumflex.glif","\/motorway.ufo\/glyphs\/gdot.glif":"\/motorway.ufo\/glyphs\/gdot.glif","\/motorway.ufo\/glyphs\/germandbls.glif":"\/motorway.ufo\/glyphs\/germandbls.glif","\/motorway.ufo\/glyphs\/grave.glif":"\/motorway.ufo\/glyphs\/grave.glif","\/motorway.ufo\/glyphs\/greater.glif":"\/motorway.ufo\/glyphs\/greater.glif","\/motorway.ufo\/glyphs\/greaterequal.glif":"\/motorway.ufo\/glyphs\/greaterequal.glif","\/motorway.ufo\/glyphs\/guillemotleft.glif":"\/motorway.ufo\/glyphs\/guillemotleft.glif","\/motorway.ufo\/glyphs\/guillemotright.glif":"\/motorway.ufo\/glyphs\/guillemotright.glif","\/motorway.ufo\/glyphs\/guilsinglleft.glif":"\/motorway.ufo\/glyphs\/guilsinglleft.glif","\/motorway.ufo\/glyphs\/guilsinglright.glif":"\/motorway.ufo\/glyphs\/guilsinglright.glif","\/motorway.ufo\/glyphs\/h.glif":"\/motorway.ufo\/glyphs\/h.glif","\/motorway.ufo\/glyphs\/hbar.glif":"\/motorway.ufo\/glyphs\/hbar.glif","\/motorway.ufo\/glyphs\/hcircumflex.glif":"\/motorway.ufo\/glyphs\/hcircumflex.glif","\/motorway.ufo\/glyphs\/heart.glif":"\/motorway.ufo\/glyphs\/heart.glif","\/motorway.ufo\/glyphs\/house.glif":"\/motorway.ufo\/glyphs\/house.glif","\/motorway.ufo\/glyphs\/hungarumlaut.glif":"\/motorway.ufo\/glyphs\/hungarumlaut.glif","\/motorway.ufo\/glyphs\/hyphen.glif":"\/motorway.ufo\/glyphs\/hyphen.glif","\/motorway.ufo\/glyphs\/i.glif":"\/motorway.ufo\/glyphs\/i.glif","\/motorway.ufo\/glyphs\/iacute.glif":"\/motorway.ufo\/glyphs\/iacute.glif","\/motorway.ufo\/glyphs\/ibreve.glif":"\/motorway.ufo\/glyphs\/ibreve.glif","\/motorway.ufo\/glyphs\/icircumflex.glif":"\/motorway.ufo\/glyphs\/icircumflex.glif","\/motorway.ufo\/glyphs\/idieresis.glif":"\/motorway.ufo\/glyphs\/idieresis.glif","\/motorway.ufo\/glyphs\/igrave.glif":"\/motorway.ufo\/glyphs\/igrave.glif","\/motorway.ufo\/glyphs\/ij.glif":"\/motorway.ufo\/glyphs\/ij.glif","\/motorway.ufo\/glyphs\/imacron.glif":"\/motorway.ufo\/glyphs\/imacron.glif","\/motorway.ufo\/glyphs\/infinity.glif":"\/motorway.ufo\/glyphs\/infinity.glif","\/motorway.ufo\/glyphs\/integral.glif":"\/motorway.ufo\/glyphs\/integral.glif","\/motorway.ufo\/glyphs\/integralbt.glif":"\/motorway.ufo\/glyphs\/integralbt.glif","\/motorway.ufo\/glyphs\/integraltp.glif":"\/motorway.ufo\/glyphs\/integraltp.glif","\/motorway.ufo\/glyphs\/intersection.glif":"\/motorway.ufo\/glyphs\/intersection.glif","\/motorway.ufo\/glyphs\/invbullet.glif":"\/motorway.ufo\/glyphs\/invbullet.glif","\/motorway.ufo\/glyphs\/invcircle.glif":"\/motorway.ufo\/glyphs\/invcircle.glif","\/motorway.ufo\/glyphs\/invsmileface.glif":"\/motorway.ufo\/glyphs\/invsmileface.glif","\/motorway.ufo\/glyphs\/iogonek.glif":"\/motorway.ufo\/glyphs\/iogonek.glif","\/motorway.ufo\/glyphs\/iota.glif":"\/motorway.ufo\/glyphs\/iota.glif","\/motorway.ufo\/glyphs\/iotadieresis.glif":"\/motorway.ufo\/glyphs\/iotadieresis.glif","\/motorway.ufo\/glyphs\/iotadieresistonos.glif":"\/motorway.ufo\/glyphs\/iotadieresistonos.glif","\/motorway.ufo\/glyphs\/iotatonos.glif":"\/motorway.ufo\/glyphs\/iotatonos.glif","\/motorway.ufo\/glyphs\/itilde.glif":"\/motorway.ufo\/glyphs\/itilde.glif","\/motorway.ufo\/glyphs\/j.glif":"\/motorway.ufo\/glyphs\/j.glif","\/motorway.ufo\/glyphs\/jcircumflex.glif":"\/motorway.ufo\/glyphs\/jcircumflex.glif","\/motorway.ufo\/glyphs\/k.glif":"\/motorway.ufo\/glyphs\/k.glif","\/motorway.ufo\/glyphs\/kappa.glif":"\/motorway.ufo\/glyphs\/kappa.glif","\/motorway.ufo\/glyphs\/kcedilla.glif":"\/motorway.ufo\/glyphs\/kcedilla.glif","\/motorway.ufo\/glyphs\/kgreenlandic.glif":"\/motorway.ufo\/glyphs\/kgreenlandic.glif","\/motorway.ufo\/glyphs\/l.glif":"\/motorway.ufo\/glyphs\/l.glif","\/motorway.ufo\/glyphs\/lacute.glif":"\/motorway.ufo\/glyphs\/lacute.glif","\/motorway.ufo\/glyphs\/lambda.glif":"\/motorway.ufo\/glyphs\/lambda.glif","\/motorway.ufo\/glyphs\/lcaron.glif":"\/motorway.ufo\/glyphs\/lcaron.glif","\/motorway.ufo\/glyphs\/lcedilla.glif":"\/motorway.ufo\/glyphs\/lcedilla.glif","\/motorway.ufo\/glyphs\/ldot.glif":"\/motorway.ufo\/glyphs\/ldot.glif","\/motorway.ufo\/glyphs\/less.glif":"\/motorway.ufo\/glyphs\/less.glif","\/motorway.ufo\/glyphs\/lessequal.glif":"\/motorway.ufo\/glyphs\/lessequal.glif","\/motorway.ufo\/glyphs\/lfblock.glif":"\/motorway.ufo\/glyphs\/lfblock.glif","\/motorway.ufo\/glyphs\/logicalnot.glif":"\/motorway.ufo\/glyphs\/logicalnot.glif","\/motorway.ufo\/glyphs\/longs.glif":"\/motorway.ufo\/glyphs\/longs.glif","\/motorway.ufo\/glyphs\/lozenge.glif":"\/motorway.ufo\/glyphs\/lozenge.glif","\/motorway.ufo\/glyphs\/lslash.glif":"\/motorway.ufo\/glyphs\/lslash.glif","\/motorway.ufo\/glyphs\/ltshade.glif":"\/motorway.ufo\/glyphs\/ltshade.glif","\/motorway.ufo\/glyphs\/m.glif":"\/motorway.ufo\/glyphs\/m.glif","\/motorway.ufo\/glyphs\/macron.glif":"\/motorway.ufo\/glyphs\/macron.glif","\/motorway.ufo\/glyphs\/male.glif":"\/motorway.ufo\/glyphs\/male.glif","\/motorway.ufo\/glyphs\/middot.glif":"\/motorway.ufo\/glyphs\/middot.glif","\/motorway.ufo\/glyphs\/minus.glif":"\/motorway.ufo\/glyphs\/minus.glif","\/motorway.ufo\/glyphs\/minute.glif":"\/motorway.ufo\/glyphs\/minute.glif","\/motorway.ufo\/glyphs\/mu.glif":"\/motorway.ufo\/glyphs\/mu.glif","\/motorway.ufo\/glyphs\/mu1.glif":"\/motorway.ufo\/glyphs\/mu1.glif","\/motorway.ufo\/glyphs\/multiply.glif":"\/motorway.ufo\/glyphs\/multiply.glif","\/motorway.ufo\/glyphs\/musicalnote.glif":"\/motorway.ufo\/glyphs\/musicalnote.glif","\/motorway.ufo\/glyphs\/musicalnotedbl.glif":"\/motorway.ufo\/glyphs\/musicalnotedbl.glif","\/motorway.ufo\/glyphs\/n.glif":"\/motorway.ufo\/glyphs\/n.glif","\/motorway.ufo\/glyphs\/nacute.glif":"\/motorway.ufo\/glyphs\/nacute.glif","\/motorway.ufo\/glyphs\/napostrophe.glif":"\/motorway.ufo\/glyphs\/napostrophe.glif","\/motorway.ufo\/glyphs\/ncaron.glif":"\/motorway.ufo\/glyphs\/ncaron.glif","\/motorway.ufo\/glyphs\/ncedilla.glif":"\/motorway.ufo\/glyphs\/ncedilla.glif","\/motorway.ufo\/glyphs\/nine.glif":"\/motorway.ufo\/glyphs\/nine.glif","\/motorway.ufo\/glyphs\/nonmarkingreturn.glif":"\/motorway.ufo\/glyphs\/nonmarkingreturn.glif","\/motorway.ufo\/glyphs\/notequal.glif":"\/motorway.ufo\/glyphs\/notequal.glif","\/motorway.ufo\/glyphs\/nsuperior.glif":"\/motorway.ufo\/glyphs\/nsuperior.glif","\/motorway.ufo\/glyphs\/ntilde.glif":"\/motorway.ufo\/glyphs\/ntilde.glif","\/motorway.ufo\/glyphs\/nu.glif":"\/motorway.ufo\/glyphs\/nu.glif","\/motorway.ufo\/glyphs\/numbersign.glif":"\/motorway.ufo\/glyphs\/numbersign.glif","\/motorway.ufo\/glyphs\/o.glif":"\/motorway.ufo\/glyphs\/o.glif","\/motorway.ufo\/glyphs\/oacute.glif":"\/motorway.ufo\/glyphs\/oacute.glif","\/motorway.ufo\/glyphs\/obreve.glif":"\/motorway.ufo\/glyphs\/obreve.glif","\/motorway.ufo\/glyphs\/ocircumflex.glif":"\/motorway.ufo\/glyphs\/ocircumflex.glif","\/motorway.ufo\/glyphs\/odblacute.glif":"\/motorway.ufo\/glyphs\/odblacute.glif","\/motorway.ufo\/glyphs\/odieresis.glif":"\/motorway.ufo\/glyphs\/odieresis.glif","\/motorway.ufo\/glyphs\/oe.glif":"\/motorway.ufo\/glyphs\/oe.glif","\/motorway.ufo\/glyphs\/ogonek.glif":"\/motorway.ufo\/glyphs\/ogonek.glif","\/motorway.ufo\/glyphs\/ograve.glif":"\/motorway.ufo\/glyphs\/ograve.glif","\/motorway.ufo\/glyphs\/omacron.glif":"\/motorway.ufo\/glyphs\/omacron.glif","\/motorway.ufo\/glyphs\/omega.glif":"\/motorway.ufo\/glyphs\/omega.glif","\/motorway.ufo\/glyphs\/omegatonos.glif":"\/motorway.ufo\/glyphs\/omegatonos.glif","\/motorway.ufo\/glyphs\/omicron.glif":"\/motorway.ufo\/glyphs\/omicron.glif","\/motorway.ufo\/glyphs\/omicrontonos.glif":"\/motorway.ufo\/glyphs\/omicrontonos.glif","\/motorway.ufo\/glyphs\/one.glif":"\/motorway.ufo\/glyphs\/one.glif","\/motorway.ufo\/glyphs\/oneeighth.glif":"\/motorway.ufo\/glyphs\/oneeighth.glif","\/motorway.ufo\/glyphs\/onehalf.glif":"\/motorway.ufo\/glyphs\/onehalf.glif","\/motorway.ufo\/glyphs\/onequarter.glif":"\/motorway.ufo\/glyphs\/onequarter.glif","\/motorway.ufo\/glyphs\/onesuperior.glif":"\/motorway.ufo\/glyphs\/onesuperior.glif","\/motorway.ufo\/glyphs\/openbullet.glif":"\/motorway.ufo\/glyphs\/openbullet.glif","\/motorway.ufo\/glyphs\/ordfeminine.glif":"\/motorway.ufo\/glyphs\/ordfeminine.glif","\/motorway.ufo\/glyphs\/ordmasculine.glif":"\/motorway.ufo\/glyphs\/ordmasculine.glif","\/motorway.ufo\/glyphs\/orthogonal.glif":"\/motorway.ufo\/glyphs\/orthogonal.glif","\/motorway.ufo\/glyphs\/oslash.glif":"\/motorway.ufo\/glyphs\/oslash.glif","\/motorway.ufo\/glyphs\/oslashacute.glif":"\/motorway.ufo\/glyphs\/oslashacute.glif","\/motorway.ufo\/glyphs\/otilde.glif":"\/motorway.ufo\/glyphs\/otilde.glif","\/motorway.ufo\/glyphs\/overscore.glif":"\/motorway.ufo\/glyphs\/overscore.glif","\/motorway.ufo\/glyphs\/p.glif":"\/motorway.ufo\/glyphs\/p.glif","\/motorway.ufo\/glyphs\/paragraph.glif":"\/motorway.ufo\/glyphs\/paragraph.glif","\/motorway.ufo\/glyphs\/parenleft.glif":"\/motorway.ufo\/glyphs\/parenleft.glif","\/motorway.ufo\/glyphs\/parenright.glif":"\/motorway.ufo\/glyphs\/parenright.glif","\/motorway.ufo\/glyphs\/partialdiff.glif":"\/motorway.ufo\/glyphs\/partialdiff.glif","\/motorway.ufo\/glyphs\/percent.glif":"\/motorway.ufo\/glyphs\/percent.glif","\/motorway.ufo\/glyphs\/period.glif":"\/motorway.ufo\/glyphs\/period.glif","\/motorway.ufo\/glyphs\/periodcentered.glif":"\/motorway.ufo\/glyphs\/periodcentered.glif","\/motorway.ufo\/glyphs\/perthousand.glif":"\/motorway.ufo\/glyphs\/perthousand.glif","\/motorway.ufo\/glyphs\/peseta.glif":"\/motorway.ufo\/glyphs\/peseta.glif","\/motorway.ufo\/glyphs\/phi.glif":"\/motorway.ufo\/glyphs\/phi.glif","\/motorway.ufo\/glyphs\/pi.glif":"\/motorway.ufo\/glyphs\/pi.glif","\/motorway.ufo\/glyphs\/pi1.glif":"\/motorway.ufo\/glyphs\/pi1.glif","\/motorway.ufo\/glyphs\/plus.glif":"\/motorway.ufo\/glyphs\/plus.glif","\/motorway.ufo\/glyphs\/plusminus.glif":"\/motorway.ufo\/glyphs\/plusminus.glif","\/motorway.ufo\/glyphs\/product.glif":"\/motorway.ufo\/glyphs\/product.glif","\/motorway.ufo\/glyphs\/psi.glif":"\/motorway.ufo\/glyphs\/psi.glif","\/motorway.ufo\/glyphs\/q.glif":"\/motorway.ufo\/glyphs\/q.glif","\/motorway.ufo\/glyphs\/question.glif":"\/motorway.ufo\/glyphs\/question.glif","\/motorway.ufo\/glyphs\/questiondown.glif":"\/motorway.ufo\/glyphs\/questiondown.glif","\/motorway.ufo\/glyphs\/quotedbl.glif":"\/motorway.ufo\/glyphs\/quotedbl.glif","\/motorway.ufo\/glyphs\/quotedblbase.glif":"\/motorway.ufo\/glyphs\/quotedblbase.glif","\/motorway.ufo\/glyphs\/quotedblleft.glif":"\/motorway.ufo\/glyphs\/quotedblleft.glif","\/motorway.ufo\/glyphs\/quotedblright.glif":"\/motorway.ufo\/glyphs\/quotedblright.glif","\/motorway.ufo\/glyphs\/quoteleft.glif":"\/motorway.ufo\/glyphs\/quoteleft.glif","\/motorway.ufo\/glyphs\/quotereversed.glif":"\/motorway.ufo\/glyphs\/quotereversed.glif","\/motorway.ufo\/glyphs\/quoteright.glif":"\/motorway.ufo\/glyphs\/quoteright.glif","\/motorway.ufo\/glyphs\/quotesinglbase.glif":"\/motorway.ufo\/glyphs\/quotesinglbase.glif","\/motorway.ufo\/glyphs\/quotesingle.glif":"\/motorway.ufo\/glyphs\/quotesingle.glif","\/motorway.ufo\/glyphs\/r.glif":"\/motorway.ufo\/glyphs\/r.glif","\/motorway.ufo\/glyphs\/racute.glif":"\/motorway.ufo\/glyphs\/racute.glif","\/motorway.ufo\/glyphs\/radical.glif":"\/motorway.ufo\/glyphs\/radical.glif","\/motorway.ufo\/glyphs\/radicalex.glif":"\/motorway.ufo\/glyphs\/radicalex.glif","\/motorway.ufo\/glyphs\/rcaron.glif":"\/motorway.ufo\/glyphs\/rcaron.glif","\/motorway.ufo\/glyphs\/rcedilla.glif":"\/motorway.ufo\/glyphs\/rcedilla.glif","\/motorway.ufo\/glyphs\/registered.glif":"\/motorway.ufo\/glyphs\/registered.glif","\/motorway.ufo\/glyphs\/revlogicalnot.glif":"\/motorway.ufo\/glyphs\/revlogicalnot.glif","\/motorway.ufo\/glyphs\/rho.glif":"\/motorway.ufo\/glyphs\/rho.glif","\/motorway.ufo\/glyphs\/ring.glif":"\/motorway.ufo\/glyphs\/ring.glif","\/motorway.ufo\/glyphs\/rtblock.glif":"\/motorway.ufo\/glyphs\/rtblock.glif","\/motorway.ufo\/glyphs\/s.glif":"\/motorway.ufo\/glyphs\/s.glif","\/motorway.ufo\/glyphs\/sacute.glif":"\/motorway.ufo\/glyphs\/sacute.glif","\/motorway.ufo\/glyphs\/scaron.glif":"\/motorway.ufo\/glyphs\/scaron.glif","\/motorway.ufo\/glyphs\/scedilla.glif":"\/motorway.ufo\/glyphs\/scedilla.glif","\/motorway.ufo\/glyphs\/scircumflex.glif":"\/motorway.ufo\/glyphs\/scircumflex.glif","\/motorway.ufo\/glyphs\/second.glif":"\/motorway.ufo\/glyphs\/second.glif","\/motorway.ufo\/glyphs\/section.glif":"\/motorway.ufo\/glyphs\/section.glif","\/motorway.ufo\/glyphs\/semicolon.glif":"\/motorway.ufo\/glyphs\/semicolon.glif","\/motorway.ufo\/glyphs\/seven.glif":"\/motorway.ufo\/glyphs\/seven.glif","\/motorway.ufo\/glyphs\/seveneighths.glif":"\/motorway.ufo\/glyphs\/seveneighths.glif","\/motorway.ufo\/glyphs\/shade.glif":"\/motorway.ufo\/glyphs\/shade.glif","\/motorway.ufo\/glyphs\/sigma.glif":"\/motorway.ufo\/glyphs\/sigma.glif","\/motorway.ufo\/glyphs\/sigma1.glif":"\/motorway.ufo\/glyphs\/sigma1.glif","\/motorway.ufo\/glyphs\/six.glif":"\/motorway.ufo\/glyphs\/six.glif","\/motorway.ufo\/glyphs\/slash.glif":"\/motorway.ufo\/glyphs\/slash.glif","\/motorway.ufo\/glyphs\/smileface.glif":"\/motorway.ufo\/glyphs\/smileface.glif","\/motorway.ufo\/glyphs\/space.glif":"\/motorway.ufo\/glyphs\/space.glif","\/motorway.ufo\/glyphs\/spade.glif":"\/motorway.ufo\/glyphs\/spade.glif","\/motorway.ufo\/glyphs\/sterling.glif":"\/motorway.ufo\/glyphs\/sterling.glif","\/motorway.ufo\/glyphs\/summation.glif":"\/motorway.ufo\/glyphs\/summation.glif","\/motorway.ufo\/glyphs\/sun.glif":"\/motorway.ufo\/glyphs\/sun.glif","\/motorway.ufo\/glyphs\/t.glif":"\/motorway.ufo\/glyphs\/t.glif","\/motorway.ufo\/glyphs\/tau.glif":"\/motorway.ufo\/glyphs\/tau.glif","\/motorway.ufo\/glyphs\/tbar.glif":"\/motorway.ufo\/glyphs\/tbar.glif","\/motorway.ufo\/glyphs\/tcaron.glif":"\/motorway.ufo\/glyphs\/tcaron.glif","\/motorway.ufo\/glyphs\/tcedilla.glif":"\/motorway.ufo\/glyphs\/tcedilla.glif","\/motorway.ufo\/glyphs\/theta.glif":"\/motorway.ufo\/glyphs\/theta.glif","\/motorway.ufo\/glyphs\/thorn.glif":"\/motorway.ufo\/glyphs\/thorn.glif","\/motorway.ufo\/glyphs\/three.glif":"\/motorway.ufo\/glyphs\/three.glif","\/motorway.ufo\/glyphs\/threeeighths.glif":"\/motorway.ufo\/glyphs\/threeeighths.glif","\/motorway.ufo\/glyphs\/threequarters.glif":"\/motorway.ufo\/glyphs\/threequarters.glif","\/motorway.ufo\/glyphs\/threesuperior.glif":"\/motorway.ufo\/glyphs\/threesuperior.glif","\/motorway.ufo\/glyphs\/tilde.glif":"\/motorway.ufo\/glyphs\/tilde.glif","\/motorway.ufo\/glyphs\/tonos.glif":"\/motorway.ufo\/glyphs\/tonos.glif","\/motorway.ufo\/glyphs\/trademark.glif":"\/motorway.ufo\/glyphs\/trademark.glif","\/motorway.ufo\/glyphs\/triagdn.glif":"\/motorway.ufo\/glyphs\/triagdn.glif","\/motorway.ufo\/glyphs\/triaglf.glif":"\/motorway.ufo\/glyphs\/triaglf.glif","\/motorway.ufo\/glyphs\/triagrt.glif":"\/motorway.ufo\/glyphs\/triagrt.glif","\/motorway.ufo\/glyphs\/triagup.glif":"\/motorway.ufo\/glyphs\/triagup.glif","\/motorway.ufo\/glyphs\/two.glif":"\/motorway.ufo\/glyphs\/two.glif","\/motorway.ufo\/glyphs\/twosuperior.glif":"\/motorway.ufo\/glyphs\/twosuperior.glif","\/motorway.ufo\/glyphs\/u.glif":"\/motorway.ufo\/glyphs\/u.glif","\/motorway.ufo\/glyphs\/uacute.glif":"\/motorway.ufo\/glyphs\/uacute.glif","\/motorway.ufo\/glyphs\/ubreve.glif":"\/motorway.ufo\/glyphs\/ubreve.glif","\/motorway.ufo\/glyphs\/ucircumflex.glif":"\/motorway.ufo\/glyphs\/ucircumflex.glif","\/motorway.ufo\/glyphs\/udblacute.glif":"\/motorway.ufo\/glyphs\/udblacute.glif","\/motorway.ufo\/glyphs\/udieresis.glif":"\/motorway.ufo\/glyphs\/udieresis.glif","\/motorway.ufo\/glyphs\/ugrave.glif":"\/motorway.ufo\/glyphs\/ugrave.glif","\/motorway.ufo\/glyphs\/umacron.glif":"\/motorway.ufo\/glyphs\/umacron.glif","\/motorway.ufo\/glyphs\/undercommaaccent.glif":"\/motorway.ufo\/glyphs\/undercommaaccent.glif","\/motorway.ufo\/glyphs\/underscore.glif":"\/motorway.ufo\/glyphs\/underscore.glif","\/motorway.ufo\/glyphs\/underscoredbl.glif":"\/motorway.ufo\/glyphs\/underscoredbl.glif","\/motorway.ufo\/glyphs\/uni2206.glif":"\/motorway.ufo\/glyphs\/uni2206.glif","\/motorway.ufo\/glyphs\/uogonek.glif":"\/motorway.ufo\/glyphs\/uogonek.glif","\/motorway.ufo\/glyphs\/upblock.glif":"\/motorway.ufo\/glyphs\/upblock.glif","\/motorway.ufo\/glyphs\/upsilon.glif":"\/motorway.ufo\/glyphs\/upsilon.glif","\/motorway.ufo\/glyphs\/upsilondieresis.glif":"\/motorway.ufo\/glyphs\/upsilondieresis.glif","\/motorway.ufo\/glyphs\/upsilondieresistonos.glif":"\/motorway.ufo\/glyphs\/upsilondieresistonos.glif","\/motorway.ufo\/glyphs\/upsilontonos.glif":"\/motorway.ufo\/glyphs\/upsilontonos.glif","\/motorway.ufo\/glyphs\/uring.glif":"\/motorway.ufo\/glyphs\/uring.glif","\/motorway.ufo\/glyphs\/utilde.glif":"\/motorway.ufo\/glyphs\/utilde.glif","\/motorway.ufo\/glyphs\/v.glif":"\/motorway.ufo\/glyphs\/v.glif","\/motorway.ufo\/glyphs\/w.glif":"\/motorway.ufo\/glyphs\/w.glif","\/motorway.ufo\/glyphs\/wacute.glif":"\/motorway.ufo\/glyphs\/wacute.glif","\/motorway.ufo\/glyphs\/wcircumflex.glif":"\/motorway.ufo\/glyphs\/wcircumflex.glif","\/motorway.ufo\/glyphs\/wdieresis.glif":"\/motorway.ufo\/glyphs\/wdieresis.glif","\/motorway.ufo\/glyphs\/wgrave.glif":"\/motorway.ufo\/glyphs\/wgrave.glif","\/motorway.ufo\/glyphs\/x.glif":"\/motorway.ufo\/glyphs\/x.glif","\/motorway.ufo\/glyphs\/xi.glif":"\/motorway.ufo\/glyphs\/xi.glif","\/motorway.ufo\/glyphs\/y.glif":"\/motorway.ufo\/glyphs\/y.glif","\/motorway.ufo\/glyphs\/yacute.glif":"\/motorway.ufo\/glyphs\/yacute.glif","\/motorway.ufo\/glyphs\/ycircumflex.glif":"\/motorway.ufo\/glyphs\/ycircumflex.glif","\/motorway.ufo\/glyphs\/ydieresis.glif":"\/motorway.ufo\/glyphs\/ydieresis.glif","\/motorway.ufo\/glyphs\/yen.glif":"\/motorway.ufo\/glyphs\/yen.glif","\/motorway.ufo\/glyphs\/ygrave.glif":"\/motorway.ufo\/glyphs\/ygrave.glif","\/motorway.ufo\/glyphs\/z.glif":"\/motorway.ufo\/glyphs\/z.glif","\/motorway.ufo\/glyphs\/zacute.glif":"\/motorway.ufo\/glyphs\/zacute.glif","\/motorway.ufo\/glyphs\/zcaron.glif":"\/motorway.ufo\/glyphs\/zcaron.glif","\/motorway.ufo\/glyphs\/zdot.glif":"\/motorway.ufo\/glyphs\/zdot.glif","\/motorway.ufo\/glyphs\/zero.glif":"\/motorway.ufo\/glyphs\/zero.glif","\/motorway.ufo\/glyphs\/zeta.glif":"\/motorway.ufo\/glyphs\/zeta.glif"},"Font":{"uploaded":1478272953.9521,"licence":"gpl3","company":"Chronolabs Cooperative","title":"Motorway","version":3.002,"date":"Sat Oct 15 01:11:21 2016","creator":"root","type":"1","matrix":"0.000488281 0 0 0.000488281 0 0","named":"Motorway","painttype":"0","info":"10 dict dup","name":"Motorway","family":"Motorway","weight":"Book","fstype":"0","italicangle":"0","underlineposition":"","underlinethickness":""},"Licences":{"":false},"Table":{"FFTM":{"entryLength":16,"tag":"FFTM","checksum":1955363010,"offset":23468,"length":28},"GDEF":{"entryLength":16,"tag":"GDEF","checksum":45744132,"offset":23436,"length":32},"OS\/2":{"entryLength":16,"tag":"OS\/2","checksum":3741745829,"offset":344,"length":86},"cmap":{"entryLength":16,"tag":"cmap","checksum":3905632279,"offset":3044,"length":1954},"gasp":{"entryLength":16,"tag":"gasp","checksum":4294901763,"offset":23428,"length":8},"glyf":{"entryLength":16,"tag":"glyf","checksum":2348946676,"offset":6308,"length":11780},"head":{"entryLength":16,"tag":"head","checksum":209938930,"offset":220,"length":54},"hhea":{"entryLength":16,"tag":"hhea","checksum":194644705,"offset":276,"length":36},"hmtx":{"entryLength":16,"tag":"hmtx","checksum":2942505397,"offset":432,"length":2612},"loca":{"entryLength":16,"tag":"loca","checksum":3139487526,"offset":5000,"length":1308},"maxp":{"entryLength":16,"tag":"maxp","checksum":47710312,"offset":312,"length":32},"name":{"entryLength":16,"tag":"name","checksum":937687830,"offset":18088,"length":519},"post":{"entryLength":16,"tag":"post","checksum":1491592467,"offset":18608,"length":4820}},"UnicodeCharMap":{"0":1,"13":2,"32":3,"33":4,"34":5,"35":6,"36":7,"37":8,"38":9,"39":10,"40":11,"41":12,"42":13,"43":14,"44":15,"45":16,"46":17,"47":18,"48":19,"49":20,"50":21,"51":22,"52":23,"53":24,"54":25,"55":26,"56":27,"57":28,"58":29,"59":30,"60":31,"61":32,"62":33,"63":34,"64":35,"65":36,"66":37,"67":38,"68":39,"69":40,"70":41,"71":42,"72":43,"73":44,"74":45,"75":46,"76":47,"77":48,"78":49,"79":50,"80":51,"81":52,"82":53,"83":54,"84":55,"85":56,"86":57,"87":58,"88":59,"89":60,"90":61,"91":62,"92":63,"93":64,"94":65,"95":66,"96":67,"97":68,"98":69,"99":70,"100":71,"101":72,"102":73,"103":74,"104":75,"105":76,"106":77,"107":78,"108":79,"109":80,"110":81,"111":82,"112":83,"113":84,"114":85,"115":86,"116":87,"117":88,"118":89,"119":90,"120":91,"121":92,"122":93,"123":94,"124":95,"125":96,"126":97,"161":98,"162":99,"163":100,"165":101,"166":102,"167":103,"168":104,"169":105,"170":106,"171":107,"172":108,"174":109,"175":110,"176":111,"177":112,"178":113,"179":114,"180":115,"181":116,"182":117,"183":257,"184":119,"185":120,"186":121,"187":122,"188":123,"189":124,"190":125,"191":126,"192":127,"193":128,"194":129,"195":130,"196":131,"197":132,"198":133,"199":134,"200":135,"201":136,"202":137,"203":138,"204":139,"205":140,"206":141,"207":142,"208":143,"209":144,"210":145,"211":146,"212":147,"213":148,"214":149,"215":150,"216":151,"217":152,"218":153,"219":154,"220":155,"221":156,"222":157,"223":158,"224":159,"225":160,"226":161,"227":162,"228":163,"229":164,"230":165,"231":166,"232":167,"233":168,"234":169,"235":170,"236":171,"237":172,"238":173,"239":174,"240":175,"241":176,"242":177,"243":178,"244":179,"245":180,"246":181,"247":182,"248":183,"249":184,"250":185,"251":186,"252":187,"253":188,"254":189,"255":190,"256":406,"257":407,"258":258,"259":259,"260":260,"261":261,"262":252,"263":253,"264":408,"265":409,"266":410,"267":411,"268":254,"269":255,"270":262,"271":263,"272":264,"273":256,"274":412,"275":413,"276":414,"277":415,"278":416,"279":417,"280":265,"281":266,"282":267,"283":268,"284":418,"285":419,"286":247,"287":248,"288":420,"289":421,"290":422,"291":423,"292":424,"293":425,"294":426,"295":427,"296":428,"297":429,"298":430,"299":431,"300":432,"301":433,"302":434,"303":435,"304":249,"305":229,"306":394,"307":395,"308":436,"309":437,"310":438,"311":439,"312":440,"313":269,"314":270,"315":441,"316":442,"317":271,"318":272,"319":273,"320":274,"321":239,"322":240,"323":275,"324":276,"325":443,"326":444,"327":277,"328":278,"329":396,"330":445,"331":446,"332":447,"333":448,"334":449,"335":450,"336":279,"337":280,"338":209,"339":210,"340":281,"341":282,"342":451,"343":452,"344":283,"345":284,"346":285,"347":286,"348":453,"349":454,"350":250,"351":251,"352":241,"353":242,"354":287,"355":288,"356":289,"357":290,"358":455,"359":456,"360":457,"361":458,"362":459,"363":460,"364":461,"365":462,"366":291,"367":292,"368":293,"369":294,"370":463,"371":464,"372":465,"373":466,"374":467,"375":468,"376":218,"377":295,"378":296,"379":297,"380":298,"381":243,"382":244,"383":469,"402":205,"506":470,"507":471,"508":472,"509":473,"510":474,"511":475,"710":230,"711":238,"728":233,"729":234,"730":235,"731":237,"732":231,"733":236,"900":495,"901":496,"902":497,"903":476,"904":498,"905":499,"906":500,"908":501,"910":502,"911":503,"912":504,"913":505,"914":506,"915":299,"916":507,"917":508,"918":509,"919":510,"920":300,"921":511,"922":512,"923":513,"924":514,"925":515,"926":516,"927":517,"928":518,"929":519,"931":520,"932":521,"933":522,"934":301,"935":523,"936":524,"937":525,"938":526,"939":527,"940":528,"941":529,"942":530,"943":531,"944":532,"945":302,"946":533,"947":534,"948":303,"949":304,"950":535,"951":536,"952":537,"953":538,"954":539,"955":540,"956":541,"957":542,"958":543,"959":544,"960":652,"961":545,"962":546,"963":305,"964":306,"965":547,"966":307,"967":548,"968":549,"969":550,"970":551,"971":552,"972":553,"973":554,"974":555,"982":201,"1025":556,"1026":557,"1027":558,"1028":559,"1029":560,"1030":561,"1031":562,"1032":563,"1033":564,"1034":565,"1035":566,"1036":567,"1038":568,"1039":569,"1040":570,"1041":571,"1042":572,"1043":573,"1044":574,"1045":575,"1046":576,"1047":577,"1048":578,"1049":579,"1050":580,"1051":581,"1052":582,"1053":583,"1054":584,"1055":585,"1056":586,"1057":587,"1058":588,"1059":589,"1060":590,"1061":591,"1062":592,"1063":593,"1064":594,"1065":595,"1066":596,"1067":597,"1068":598,"1069":599,"1070":600,"1071":601,"1072":602,"1073":603,"1074":604,"1075":605,"1076":606,"1077":607,"1078":608,"1079":609,"1080":610,"1081":611,"1082":612,"1083":613,"1084":614,"1085":615,"1086":616,"1087":617,"1088":618,"1089":619,"1090":620,"1091":621,"1092":622,"1093":623,"1094":624,"1095":625,"1096":626,"1097":627,"1098":628,"1099":629,"1100":630,"1101":631,"1102":632,"1103":633,"1105":634,"1106":635,"1107":636,"1108":637,"1109":638,"1110":639,"1111":640,"1112":641,"1113":642,"1114":643,"1115":644,"1116":645,"1118":646,"1119":647,"1168":648,"1169":649,"7808":477,"7809":478,"7810":479,"7811":480,"7812":481,"7813":482,"7922":483,"7923":484,"8211":211,"8212":212,"8213":650,"8215":308,"8216":215,"8217":216,"8218":226,"8219":485,"8220":213,"8221":214,"8222":227,"8224":191,"8225":225,"8226":192,"8230":208,"8240":228,"8242":397,"8243":398,"8249":221,"8250":222,"8252":309,"8260":219,"8319":310,"8355":246,"8356":487,"8359":311,"8364":220,"8453":399,"8467":400,"8470":651,"8482":193,"8486":203,"8494":488,"8539":489,"8540":490,"8541":491,"8542":492,"8592":312,"8593":313,"8594":314,"8595":315,"8596":316,"8597":317,"8616":318,"8706":198,"8710":207,"8719":200,"8721":199,"8722":245,"8730":204,"8734":195,"8735":319,"8745":320,"8747":202,"8776":206,"8800":194,"8801":321,"8804":196,"8805":197,"8962":322,"8976":323,"8992":324,"8993":325,"9472":326,"9474":327,"9484":328,"9488":329,"9492":330,"9496":331,"9500":332,"9508":333,"9516":334,"9524":335,"9532":336,"9552":337,"9553":338,"9554":339,"9555":340,"9556":341,"9557":342,"9558":343,"9559":344,"9560":345,"9561":346,"9562":347,"9563":348,"9564":349,"9565":350,"9566":351,"9567":352,"9568":353,"9569":354,"9570":355,"9571":356,"9572":357,"9573":358,"9574":359,"9575":360,"9576":361,"9577":362,"9578":363,"9579":364,"9580":365,"9600":366,"9604":367,"9608":368,"9612":369,"9616":370,"9617":371,"9618":372,"9619":373,"9632":374,"9633":401,"9642":402,"9643":403,"9644":375,"9650":376,"9658":377,"9660":378,"9668":379,"9674":217,"9675":380,"9679":404,"9688":381,"9689":382,"9702":405,"9786":383,"9787":384,"9788":385,"9792":386,"9794":387,"9824":388,"9827":389,"9829":390,"9830":391,"9834":392,"9835":393,"64257":223,"64258":224},"Reserves":{"fontname":"Motorway"},"Names":{"Motorway":{"name":"Motorway","longitude":"0.00000001","latitude":"0.00000001","country":"","region":"","city":""}},"Nodes":{"mo":{"type":"typal","node":"mo","usage":1,"weight":1},"ay":{"type":"typal","node":"ay","usage":1,"weight":1},"mot":{"type":"typal","node":"mot","usage":1,"weight":1},"way":{"type":"typal","node":"way","usage":1,"weight":1},"moto":{"type":"keys","node":"moto","usage":1,"weight":1},"rway":{"type":"keys","node":"rway","usage":1,"weight":1},"motor":{"type":"keys","node":"motor","usage":1,"weight":1},"orway":{"type":"keys","node":"orway","usage":1,"weight":1},"motorway":{"type":"fixes","node":"motorway","usage":1,"weight":1}},"Contributors":[],"FontIdentity":"aph:348889f89638ebc086cb284d8e89","Bytes":null,"Networking":[],"barcode":"sc2qeuygkmuo","referee":"uks7ima"}