{"CSS":{"OlympiaEF-SemiBoldOblique":"OlympiaEF-SemiBoldOblique.css"},"FontType":"TrueType","FontCopyright":"Copyright (c) Elsner + Flake Designstudios 1994. All Rights Reserved.","FontName":"OlympiaEF","FontSubfamily":"SemiBoldOblique","FontSubfamilyID":"FontForge 2.0 : OlympiaEF-SemiBoldOblique : 27-8-2016","FontFullName":"Olympia EF Semi Bold Oblique","FontVersion":"Version 001.000 ","FontWeight":null,"FontPostscriptName":"OlympiaEF-SemiBoldOblique","Files":{"\/fonts\/Unpacking\/16d5185022641f0885032f4ca3ee90af221942b6\/LICENCE":"\/fonts\/Unpacking\/16d5185022641f0885032f4ca3ee90af221942b6\/LICENCE","\/fonts\/Unpacking\/16d5185022641f0885032f4ca3ee90af221942b6\/olympiaef-semiboldoblique.afm":"\/fonts\/Unpacking\/16d5185022641f0885032f4ca3ee90af221942b6\/olympiaef-semiboldoblique.afm","\/fonts\/Unpacking\/16d5185022641f0885032f4ca3ee90af221942b6\/olympiaef-semiboldoblique.bin":"\/fonts\/Unpacking\/16d5185022641f0885032f4ca3ee90af221942b6\/olympiaef-semiboldoblique.bin","\/fonts\/Unpacking\/16d5185022641f0885032f4ca3ee90af221942b6\/olympiaef-semiboldoblique.cef":"\/fonts\/Unpacking\/16d5185022641f0885032f4ca3ee90af221942b6\/olympiaef-semiboldoblique.cef","\/fonts\/Unpacking\/16d5185022641f0885032f4ca3ee90af221942b6\/olympiaef-semiboldoblique.cff":"\/fonts\/Unpacking\/16d5185022641f0885032f4ca3ee90af221942b6\/olympiaef-semiboldoblique.cff","\/fonts\/Unpacking\/16d5185022641f0885032f4ca3ee90af221942b6\/olympiaef-semiboldoblique.cid":"\/fonts\/Unpacking\/16d5185022641f0885032f4ca3ee90af221942b6\/olympiaef-semiboldoblique.cid","\/fonts\/Unpacking\/16d5185022641f0885032f4ca3ee90af221942b6\/olympiaef-semiboldoblique.dfont":"\/fonts\/Unpacking\/16d5185022641f0885032f4ca3ee90af221942b6\/olympiaef-semiboldoblique.dfont","\/fonts\/Unpacking\/16d5185022641f0885032f4ca3ee90af221942b6\/olympiaef-semiboldoblique.eot":"\/fonts\/Unpacking\/16d5185022641f0885032f4ca3ee90af221942b6\/olympiaef-semiboldoblique.eot","\/fonts\/Unpacking\/16d5185022641f0885032f4ca3ee90af221942b6\/olympiaef-semiboldoblique.fon":"\/fonts\/Unpacking\/16d5185022641f0885032f4ca3ee90af221942b6\/olympiaef-semiboldoblique.fon","\/fonts\/Unpacking\/16d5185022641f0885032f4ca3ee90af221942b6\/olympiaef-semiboldoblique.gai":"\/fonts\/Unpacking\/16d5185022641f0885032f4ca3ee90af221942b6\/olympiaef-semiboldoblique.gai","\/fonts\/Unpacking\/16d5185022641f0885032f4ca3ee90af221942b6\/olympiaef-semiboldoblique.gsf":"\/fonts\/Unpacking\/16d5185022641f0885032f4ca3ee90af221942b6\/olympiaef-semiboldoblique.gsf","\/fonts\/Unpacking\/16d5185022641f0885032f4ca3ee90af221942b6\/olympiaef-semiboldoblique.hqx":"\/fonts\/Unpacking\/16d5185022641f0885032f4ca3ee90af221942b6\/olympiaef-semiboldoblique.hqx","\/fonts\/Unpacking\/16d5185022641f0885032f4ca3ee90af221942b6\/olympiaef-semiboldoblique.ik":"\/fonts\/Unpacking\/16d5185022641f0885032f4ca3ee90af221942b6\/olympiaef-semiboldoblique.ik","\/fonts\/Unpacking\/16d5185022641f0885032f4ca3ee90af221942b6\/olympiaef-semiboldoblique.mf":"\/fonts\/Unpacking\/16d5185022641f0885032f4ca3ee90af221942b6\/olympiaef-semiboldoblique.mf","\/fonts\/Unpacking\/16d5185022641f0885032f4ca3ee90af221942b6\/olympiaef-semiboldoblique.otf":"\/fonts\/Unpacking\/16d5185022641f0885032f4ca3ee90af221942b6\/olympiaef-semiboldoblique.otf","\/fonts\/Unpacking\/16d5185022641f0885032f4ca3ee90af221942b6\/olympiaef-semiboldoblique.pcf":"\/fonts\/Unpacking\/16d5185022641f0885032f4ca3ee90af221942b6\/olympiaef-semiboldoblique.pcf","\/fonts\/Unpacking\/16d5185022641f0885032f4ca3ee90af221942b6\/olympiaef-semiboldoblique.pf3":"\/fonts\/Unpacking\/16d5185022641f0885032f4ca3ee90af221942b6\/olympiaef-semiboldoblique.pf3","\/fonts\/Unpacking\/16d5185022641f0885032f4ca3ee90af221942b6\/olympiaef-semiboldoblique.pfa":"\/fonts\/Unpacking\/16d5185022641f0885032f4ca3ee90af221942b6\/olympiaef-semiboldoblique.pfa","\/fonts\/Unpacking\/16d5185022641f0885032f4ca3ee90af221942b6\/olympiaef-semiboldoblique.pfb":"\/fonts\/Unpacking\/16d5185022641f0885032f4ca3ee90af221942b6\/olympiaef-semiboldoblique.pfb","\/fonts\/Unpacking\/16d5185022641f0885032f4ca3ee90af221942b6\/olympiaef-semiboldoblique.php":"\/fonts\/Unpacking\/16d5185022641f0885032f4ca3ee90af221942b6\/olympiaef-semiboldoblique.php","\/fonts\/Unpacking\/16d5185022641f0885032f4ca3ee90af221942b6\/olympiaef-semiboldoblique.pmf":"\/fonts\/Unpacking\/16d5185022641f0885032f4ca3ee90af221942b6\/olympiaef-semiboldoblique.pmf","\/fonts\/Unpacking\/16d5185022641f0885032f4ca3ee90af221942b6\/olympiaef-semiboldoblique.pt3":"\/fonts\/Unpacking\/16d5185022641f0885032f4ca3ee90af221942b6\/olympiaef-semiboldoblique.pt3","\/fonts\/Unpacking\/16d5185022641f0885032f4ca3ee90af221942b6\/olympiaef-semiboldoblique.sfd":"\/fonts\/Unpacking\/16d5185022641f0885032f4ca3ee90af221942b6\/olympiaef-semiboldoblique.sfd","\/fonts\/Unpacking\/16d5185022641f0885032f4ca3ee90af221942b6\/olympiaef-semiboldoblique.svg":"\/fonts\/Unpacking\/16d5185022641f0885032f4ca3ee90af221942b6\/olympiaef-semiboldoblique.svg","\/fonts\/Unpacking\/16d5185022641f0885032f4ca3ee90af221942b6\/olympiaef-semiboldoblique.t42":"\/fonts\/Unpacking\/16d5185022641f0885032f4ca3ee90af221942b6\/olympiaef-semiboldoblique.t42","\/fonts\/Unpacking\/16d5185022641f0885032f4ca3ee90af221942b6\/olympiaef-semiboldoblique.ttd":"\/fonts\/Unpacking\/16d5185022641f0885032f4ca3ee90af221942b6\/olympiaef-semiboldoblique.ttd","\/fonts\/Unpacking\/16d5185022641f0885032f4ca3ee90af221942b6\/olympiaef-semiboldoblique.ttf":"\/fonts\/Unpacking\/16d5185022641f0885032f4ca3ee90af221942b6\/olympiaef-semiboldoblique.ttf","\/fonts\/Unpacking\/16d5185022641f0885032f4ca3ee90af221942b6\/olympiaef-semiboldoblique.ttg":"\/fonts\/Unpacking\/16d5185022641f0885032f4ca3ee90af221942b6\/olympiaef-semiboldoblique.ttg","\/fonts\/Unpacking\/16d5185022641f0885032f4ca3ee90af221942b6\/olympiaef-semiboldoblique.ufm":"\/fonts\/Unpacking\/16d5185022641f0885032f4ca3ee90af221942b6\/olympiaef-semiboldoblique.ufm","\/fonts\/Unpacking\/16d5185022641f0885032f4ca3ee90af221942b6\/olympiaef-semiboldoblique.woff":"\/fonts\/Unpacking\/16d5185022641f0885032f4ca3ee90af221942b6\/olympiaef-semiboldoblique.woff","\/fonts\/Unpacking\/16d5185022641f0885032f4ca3ee90af221942b6\/olympiaef-semiboldoblique.z":"\/fonts\/Unpacking\/16d5185022641f0885032f4ca3ee90af221942b6\/olympiaef-semiboldoblique.z","\/fonts\/Unpacking\/16d5185022641f0885032f4ca3ee90af221942b6\/olympiaef-semiboldoblique.ufo\/feature.fea":"\/fonts\/Unpacking\/16d5185022641f0885032f4ca3ee90af221942b6\/olympiaef-semiboldoblique.ufo\/feature.fea","\/fonts\/Unpacking\/16d5185022641f0885032f4ca3ee90af221942b6\/olympiaef-semiboldoblique.ufo\/fontinfo.plist":"\/fonts\/Unpacking\/16d5185022641f0885032f4ca3ee90af221942b6\/olympiaef-semiboldoblique.ufo\/fontinfo.plist","\/fonts\/Unpacking\/16d5185022641f0885032f4ca3ee90af221942b6\/olympiaef-semiboldoblique.ufo\/groups.plist":"\/fonts\/Unpacking\/16d5185022641f0885032f4ca3ee90af221942b6\/olympiaef-semiboldoblique.ufo\/groups.plist","\/fonts\/Unpacking\/16d5185022641f0885032f4ca3ee90af221942b6\/olympiaef-semiboldoblique.ufo\/kerning.plist":"\/fonts\/Unpacking\/16d5185022641f0885032f4ca3ee90af221942b6\/olympiaef-semiboldoblique.ufo\/kerning.plist","\/fonts\/Unpacking\/16d5185022641f0885032f4ca3ee90af221942b6\/olympiaef-semiboldoblique.ufo\/metainfo.plist":"\/fonts\/Unpacking\/16d5185022641f0885032f4ca3ee90af221942b6\/olympiaef-semiboldoblique.ufo\/metainfo.plist","\/fonts\/Unpacking\/16d5185022641f0885032f4ca3ee90af221942b6\/olympiaef-semiboldoblique.ufo\/glyphs\/A_.glif":"\/fonts\/Unpacking\/16d5185022641f0885032f4ca3ee90af221942b6\/olympiaef-semiboldoblique.ufo\/glyphs\/A_.glif","\/fonts\/Unpacking\/16d5185022641f0885032f4ca3ee90af221942b6\/olympiaef-semiboldoblique.ufo\/glyphs\/A_E_.glif":"\/fonts\/Unpacking\/16d5185022641f0885032f4ca3ee90af221942b6\/olympiaef-semiboldoblique.ufo\/glyphs\/A_E_.glif","\/fonts\/Unpacking\/16d5185022641f0885032f4ca3ee90af221942b6\/olympiaef-semiboldoblique.ufo\/glyphs\/A_acute.glif":"\/fonts\/Unpacking\/16d5185022641f0885032f4ca3ee90af221942b6\/olympiaef-semiboldoblique.ufo\/glyphs\/A_acute.glif","\/fonts\/Unpacking\/16d5185022641f0885032f4ca3ee90af221942b6\/olympiaef-semiboldoblique.ufo\/glyphs\/A_circumflex.glif":"\/fonts\/Unpacking\/16d5185022641f0885032f4ca3ee90af221942b6\/olympiaef-semiboldoblique.ufo\/glyphs\/A_circumflex.glif","\/fonts\/Unpacking\/16d5185022641f0885032f4ca3ee90af221942b6\/olympiaef-semiboldoblique.ufo\/glyphs\/A_dieresis.glif":"\/fonts\/Unpacking\/16d5185022641f0885032f4ca3ee90af221942b6\/olympiaef-semiboldoblique.ufo\/glyphs\/A_dieresis.glif","\/fonts\/Unpacking\/16d5185022641f0885032f4ca3ee90af221942b6\/olympiaef-semiboldoblique.ufo\/glyphs\/A_grave.glif":"\/fonts\/Unpacking\/16d5185022641f0885032f4ca3ee90af221942b6\/olympiaef-semiboldoblique.ufo\/glyphs\/A_grave.glif","\/fonts\/Unpacking\/16d5185022641f0885032f4ca3ee90af221942b6\/olympiaef-semiboldoblique.ufo\/glyphs\/A_ring.glif":"\/fonts\/Unpacking\/16d5185022641f0885032f4ca3ee90af221942b6\/olympiaef-semiboldoblique.ufo\/glyphs\/A_ring.glif","\/fonts\/Unpacking\/16d5185022641f0885032f4ca3ee90af221942b6\/olympiaef-semiboldoblique.ufo\/glyphs\/A_tilde.glif":"\/fonts\/Unpacking\/16d5185022641f0885032f4ca3ee90af221942b6\/olympiaef-semiboldoblique.ufo\/glyphs\/A_tilde.glif","\/fonts\/Unpacking\/16d5185022641f0885032f4ca3ee90af221942b6\/olympiaef-semiboldoblique.ufo\/glyphs\/B_.glif":"\/fonts\/Unpacking\/16d5185022641f0885032f4ca3ee90af221942b6\/olympiaef-semiboldoblique.ufo\/glyphs\/B_.glif","\/fonts\/Unpacking\/16d5185022641f0885032f4ca3ee90af221942b6\/olympiaef-semiboldoblique.ufo\/glyphs\/C_.glif":"\/fonts\/Unpacking\/16d5185022641f0885032f4ca3ee90af221942b6\/olympiaef-semiboldoblique.ufo\/glyphs\/C_.glif","\/fonts\/Unpacking\/16d5185022641f0885032f4ca3ee90af221942b6\/olympiaef-semiboldoblique.ufo\/glyphs\/C_cedilla.glif":"\/fonts\/Unpacking\/16d5185022641f0885032f4ca3ee90af221942b6\/olympiaef-semiboldoblique.ufo\/glyphs\/C_cedilla.glif","\/fonts\/Unpacking\/16d5185022641f0885032f4ca3ee90af221942b6\/olympiaef-semiboldoblique.ufo\/glyphs\/D_.glif":"\/fonts\/Unpacking\/16d5185022641f0885032f4ca3ee90af221942b6\/olympiaef-semiboldoblique.ufo\/glyphs\/D_.glif","\/fonts\/Unpacking\/16d5185022641f0885032f4ca3ee90af221942b6\/olympiaef-semiboldoblique.ufo\/glyphs\/D_elta.glif":"\/fonts\/Unpacking\/16d5185022641f0885032f4ca3ee90af221942b6\/olympiaef-semiboldoblique.ufo\/glyphs\/D_elta.glif","\/fonts\/Unpacking\/16d5185022641f0885032f4ca3ee90af221942b6\/olympiaef-semiboldoblique.ufo\/glyphs\/E_.glif":"\/fonts\/Unpacking\/16d5185022641f0885032f4ca3ee90af221942b6\/olympiaef-semiboldoblique.ufo\/glyphs\/E_.glif","\/fonts\/Unpacking\/16d5185022641f0885032f4ca3ee90af221942b6\/olympiaef-semiboldoblique.ufo\/glyphs\/E_acute.glif":"\/fonts\/Unpacking\/16d5185022641f0885032f4ca3ee90af221942b6\/olympiaef-semiboldoblique.ufo\/glyphs\/E_acute.glif","\/fonts\/Unpacking\/16d5185022641f0885032f4ca3ee90af221942b6\/olympiaef-semiboldoblique.ufo\/glyphs\/E_circumflex.glif":"\/fonts\/Unpacking\/16d5185022641f0885032f4ca3ee90af221942b6\/olympiaef-semiboldoblique.ufo\/glyphs\/E_circumflex.glif","\/fonts\/Unpacking\/16d5185022641f0885032f4ca3ee90af221942b6\/olympiaef-semiboldoblique.ufo\/glyphs\/E_dieresis.glif":"\/fonts\/Unpacking\/16d5185022641f0885032f4ca3ee90af221942b6\/olympiaef-semiboldoblique.ufo\/glyphs\/E_dieresis.glif","\/fonts\/Unpacking\/16d5185022641f0885032f4ca3ee90af221942b6\/olympiaef-semiboldoblique.ufo\/glyphs\/E_grave.glif":"\/fonts\/Unpacking\/16d5185022641f0885032f4ca3ee90af221942b6\/olympiaef-semiboldoblique.ufo\/glyphs\/E_grave.glif","\/fonts\/Unpacking\/16d5185022641f0885032f4ca3ee90af221942b6\/olympiaef-semiboldoblique.ufo\/glyphs\/F_.glif":"\/fonts\/Unpacking\/16d5185022641f0885032f4ca3ee90af221942b6\/olympiaef-semiboldoblique.ufo\/glyphs\/F_.glif","\/fonts\/Unpacking\/16d5185022641f0885032f4ca3ee90af221942b6\/olympiaef-semiboldoblique.ufo\/glyphs\/G_.glif":"\/fonts\/Unpacking\/16d5185022641f0885032f4ca3ee90af221942b6\/olympiaef-semiboldoblique.ufo\/glyphs\/G_.glif","\/fonts\/Unpacking\/16d5185022641f0885032f4ca3ee90af221942b6\/olympiaef-semiboldoblique.ufo\/glyphs\/H_.glif":"\/fonts\/Unpacking\/16d5185022641f0885032f4ca3ee90af221942b6\/olympiaef-semiboldoblique.ufo\/glyphs\/H_.glif","\/fonts\/Unpacking\/16d5185022641f0885032f4ca3ee90af221942b6\/olympiaef-semiboldoblique.ufo\/glyphs\/I_.glif":"\/fonts\/Unpacking\/16d5185022641f0885032f4ca3ee90af221942b6\/olympiaef-semiboldoblique.ufo\/glyphs\/I_.glif","\/fonts\/Unpacking\/16d5185022641f0885032f4ca3ee90af221942b6\/olympiaef-semiboldoblique.ufo\/glyphs\/I_acute.glif":"\/fonts\/Unpacking\/16d5185022641f0885032f4ca3ee90af221942b6\/olympiaef-semiboldoblique.ufo\/glyphs\/I_acute.glif","\/fonts\/Unpacking\/16d5185022641f0885032f4ca3ee90af221942b6\/olympiaef-semiboldoblique.ufo\/glyphs\/I_circumflex.glif":"\/fonts\/Unpacking\/16d5185022641f0885032f4ca3ee90af221942b6\/olympiaef-semiboldoblique.ufo\/glyphs\/I_circumflex.glif","\/fonts\/Unpacking\/16d5185022641f0885032f4ca3ee90af221942b6\/olympiaef-semiboldoblique.ufo\/glyphs\/I_dieresis.glif":"\/fonts\/Unpacking\/16d5185022641f0885032f4ca3ee90af221942b6\/olympiaef-semiboldoblique.ufo\/glyphs\/I_dieresis.glif","\/fonts\/Unpacking\/16d5185022641f0885032f4ca3ee90af221942b6\/olympiaef-semiboldoblique.ufo\/glyphs\/I_grave.glif":"\/fonts\/Unpacking\/16d5185022641f0885032f4ca3ee90af221942b6\/olympiaef-semiboldoblique.ufo\/glyphs\/I_grave.glif","\/fonts\/Unpacking\/16d5185022641f0885032f4ca3ee90af221942b6\/olympiaef-semiboldoblique.ufo\/glyphs\/J_.glif":"\/fonts\/Unpacking\/16d5185022641f0885032f4ca3ee90af221942b6\/olympiaef-semiboldoblique.ufo\/glyphs\/J_.glif","\/fonts\/Unpacking\/16d5185022641f0885032f4ca3ee90af221942b6\/olympiaef-semiboldoblique.ufo\/glyphs\/K_.glif":"\/fonts\/Unpacking\/16d5185022641f0885032f4ca3ee90af221942b6\/olympiaef-semiboldoblique.ufo\/glyphs\/K_.glif","\/fonts\/Unpacking\/16d5185022641f0885032f4ca3ee90af221942b6\/olympiaef-semiboldoblique.ufo\/glyphs\/L_.glif":"\/fonts\/Unpacking\/16d5185022641f0885032f4ca3ee90af221942b6\/olympiaef-semiboldoblique.ufo\/glyphs\/L_.glif","\/fonts\/Unpacking\/16d5185022641f0885032f4ca3ee90af221942b6\/olympiaef-semiboldoblique.ufo\/glyphs\/M_.glif":"\/fonts\/Unpacking\/16d5185022641f0885032f4ca3ee90af221942b6\/olympiaef-semiboldoblique.ufo\/glyphs\/M_.glif","\/fonts\/Unpacking\/16d5185022641f0885032f4ca3ee90af221942b6\/olympiaef-semiboldoblique.ufo\/glyphs\/N_.glif":"\/fonts\/Unpacking\/16d5185022641f0885032f4ca3ee90af221942b6\/olympiaef-semiboldoblique.ufo\/glyphs\/N_.glif","\/fonts\/Unpacking\/16d5185022641f0885032f4ca3ee90af221942b6\/olympiaef-semiboldoblique.ufo\/glyphs\/N_tilde.glif":"\/fonts\/Unpacking\/16d5185022641f0885032f4ca3ee90af221942b6\/olympiaef-semiboldoblique.ufo\/glyphs\/N_tilde.glif","\/fonts\/Unpacking\/16d5185022641f0885032f4ca3ee90af221942b6\/olympiaef-semiboldoblique.ufo\/glyphs\/O_.glif":"\/fonts\/Unpacking\/16d5185022641f0885032f4ca3ee90af221942b6\/olympiaef-semiboldoblique.ufo\/glyphs\/O_.glif","\/fonts\/Unpacking\/16d5185022641f0885032f4ca3ee90af221942b6\/olympiaef-semiboldoblique.ufo\/glyphs\/O_E_.glif":"\/fonts\/Unpacking\/16d5185022641f0885032f4ca3ee90af221942b6\/olympiaef-semiboldoblique.ufo\/glyphs\/O_E_.glif","\/fonts\/Unpacking\/16d5185022641f0885032f4ca3ee90af221942b6\/olympiaef-semiboldoblique.ufo\/glyphs\/O_acute.glif":"\/fonts\/Unpacking\/16d5185022641f0885032f4ca3ee90af221942b6\/olympiaef-semiboldoblique.ufo\/glyphs\/O_acute.glif","\/fonts\/Unpacking\/16d5185022641f0885032f4ca3ee90af221942b6\/olympiaef-semiboldoblique.ufo\/glyphs\/O_circumflex.glif":"\/fonts\/Unpacking\/16d5185022641f0885032f4ca3ee90af221942b6\/olympiaef-semiboldoblique.ufo\/glyphs\/O_circumflex.glif","\/fonts\/Unpacking\/16d5185022641f0885032f4ca3ee90af221942b6\/olympiaef-semiboldoblique.ufo\/glyphs\/O_dieresis.glif":"\/fonts\/Unpacking\/16d5185022641f0885032f4ca3ee90af221942b6\/olympiaef-semiboldoblique.ufo\/glyphs\/O_dieresis.glif","\/fonts\/Unpacking\/16d5185022641f0885032f4ca3ee90af221942b6\/olympiaef-semiboldoblique.ufo\/glyphs\/O_grave.glif":"\/fonts\/Unpacking\/16d5185022641f0885032f4ca3ee90af221942b6\/olympiaef-semiboldoblique.ufo\/glyphs\/O_grave.glif","\/fonts\/Unpacking\/16d5185022641f0885032f4ca3ee90af221942b6\/olympiaef-semiboldoblique.ufo\/glyphs\/O_mega.glif":"\/fonts\/Unpacking\/16d5185022641f0885032f4ca3ee90af221942b6\/olympiaef-semiboldoblique.ufo\/glyphs\/O_mega.glif","\/fonts\/Unpacking\/16d5185022641f0885032f4ca3ee90af221942b6\/olympiaef-semiboldoblique.ufo\/glyphs\/O_slash.glif":"\/fonts\/Unpacking\/16d5185022641f0885032f4ca3ee90af221942b6\/olympiaef-semiboldoblique.ufo\/glyphs\/O_slash.glif","\/fonts\/Unpacking\/16d5185022641f0885032f4ca3ee90af221942b6\/olympiaef-semiboldoblique.ufo\/glyphs\/O_tilde.glif":"\/fonts\/Unpacking\/16d5185022641f0885032f4ca3ee90af221942b6\/olympiaef-semiboldoblique.ufo\/glyphs\/O_tilde.glif","\/fonts\/Unpacking\/16d5185022641f0885032f4ca3ee90af221942b6\/olympiaef-semiboldoblique.ufo\/glyphs\/P_.glif":"\/fonts\/Unpacking\/16d5185022641f0885032f4ca3ee90af221942b6\/olympiaef-semiboldoblique.ufo\/glyphs\/P_.glif","\/fonts\/Unpacking\/16d5185022641f0885032f4ca3ee90af221942b6\/olympiaef-semiboldoblique.ufo\/glyphs\/Q_.glif":"\/fonts\/Unpacking\/16d5185022641f0885032f4ca3ee90af221942b6\/olympiaef-semiboldoblique.ufo\/glyphs\/Q_.glif","\/fonts\/Unpacking\/16d5185022641f0885032f4ca3ee90af221942b6\/olympiaef-semiboldoblique.ufo\/glyphs\/R_.glif":"\/fonts\/Unpacking\/16d5185022641f0885032f4ca3ee90af221942b6\/olympiaef-semiboldoblique.ufo\/glyphs\/R_.glif","\/fonts\/Unpacking\/16d5185022641f0885032f4ca3ee90af221942b6\/olympiaef-semiboldoblique.ufo\/glyphs\/S_.glif":"\/fonts\/Unpacking\/16d5185022641f0885032f4ca3ee90af221942b6\/olympiaef-semiboldoblique.ufo\/glyphs\/S_.glif","\/fonts\/Unpacking\/16d5185022641f0885032f4ca3ee90af221942b6\/olympiaef-semiboldoblique.ufo\/glyphs\/T_.glif":"\/fonts\/Unpacking\/16d5185022641f0885032f4ca3ee90af221942b6\/olympiaef-semiboldoblique.ufo\/glyphs\/T_.glif","\/fonts\/Unpacking\/16d5185022641f0885032f4ca3ee90af221942b6\/olympiaef-semiboldoblique.ufo\/glyphs\/U_.glif":"\/fonts\/Unpacking\/16d5185022641f0885032f4ca3ee90af221942b6\/olympiaef-semiboldoblique.ufo\/glyphs\/U_.glif","\/fonts\/Unpacking\/16d5185022641f0885032f4ca3ee90af221942b6\/olympiaef-semiboldoblique.ufo\/glyphs\/U_acute.glif":"\/fonts\/Unpacking\/16d5185022641f0885032f4ca3ee90af221942b6\/olympiaef-semiboldoblique.ufo\/glyphs\/U_acute.glif","\/fonts\/Unpacking\/16d5185022641f0885032f4ca3ee90af221942b6\/olympiaef-semiboldoblique.ufo\/glyphs\/U_circumflex.glif":"\/fonts\/Unpacking\/16d5185022641f0885032f4ca3ee90af221942b6\/olympiaef-semiboldoblique.ufo\/glyphs\/U_circumflex.glif","\/fonts\/Unpacking\/16d5185022641f0885032f4ca3ee90af221942b6\/olympiaef-semiboldoblique.ufo\/glyphs\/U_dieresis.glif":"\/fonts\/Unpacking\/16d5185022641f0885032f4ca3ee90af221942b6\/olympiaef-semiboldoblique.ufo\/glyphs\/U_dieresis.glif","\/fonts\/Unpacking\/16d5185022641f0885032f4ca3ee90af221942b6\/olympiaef-semiboldoblique.ufo\/glyphs\/U_grave.glif":"\/fonts\/Unpacking\/16d5185022641f0885032f4ca3ee90af221942b6\/olympiaef-semiboldoblique.ufo\/glyphs\/U_grave.glif","\/fonts\/Unpacking\/16d5185022641f0885032f4ca3ee90af221942b6\/olympiaef-semiboldoblique.ufo\/glyphs\/V_.glif":"\/fonts\/Unpacking\/16d5185022641f0885032f4ca3ee90af221942b6\/olympiaef-semiboldoblique.ufo\/glyphs\/V_.glif","\/fonts\/Unpacking\/16d5185022641f0885032f4ca3ee90af221942b6\/olympiaef-semiboldoblique.ufo\/glyphs\/W_.glif":"\/fonts\/Unpacking\/16d5185022641f0885032f4ca3ee90af221942b6\/olympiaef-semiboldoblique.ufo\/glyphs\/W_.glif","\/fonts\/Unpacking\/16d5185022641f0885032f4ca3ee90af221942b6\/olympiaef-semiboldoblique.ufo\/glyphs\/X_.glif":"\/fonts\/Unpacking\/16d5185022641f0885032f4ca3ee90af221942b6\/olympiaef-semiboldoblique.ufo\/glyphs\/X_.glif","\/fonts\/Unpacking\/16d5185022641f0885032f4ca3ee90af221942b6\/olympiaef-semiboldoblique.ufo\/glyphs\/Y_.glif":"\/fonts\/Unpacking\/16d5185022641f0885032f4ca3ee90af221942b6\/olympiaef-semiboldoblique.ufo\/glyphs\/Y_.glif","\/fonts\/Unpacking\/16d5185022641f0885032f4ca3ee90af221942b6\/olympiaef-semiboldoblique.ufo\/glyphs\/Y_dieresis.glif":"\/fonts\/Unpacking\/16d5185022641f0885032f4ca3ee90af221942b6\/olympiaef-semiboldoblique.ufo\/glyphs\/Y_dieresis.glif","\/fonts\/Unpacking\/16d5185022641f0885032f4ca3ee90af221942b6\/olympiaef-semiboldoblique.ufo\/glyphs\/Z_.glif":"\/fonts\/Unpacking\/16d5185022641f0885032f4ca3ee90af221942b6\/olympiaef-semiboldoblique.ufo\/glyphs\/Z_.glif","\/fonts\/Unpacking\/16d5185022641f0885032f4ca3ee90af221942b6\/olympiaef-semiboldoblique.ufo\/glyphs\/a.glif":"\/fonts\/Unpacking\/16d5185022641f0885032f4ca3ee90af221942b6\/olympiaef-semiboldoblique.ufo\/glyphs\/a.glif","\/fonts\/Unpacking\/16d5185022641f0885032f4ca3ee90af221942b6\/olympiaef-semiboldoblique.ufo\/glyphs\/aacute.glif":"\/fonts\/Unpacking\/16d5185022641f0885032f4ca3ee90af221942b6\/olympiaef-semiboldoblique.ufo\/glyphs\/aacute.glif","\/fonts\/Unpacking\/16d5185022641f0885032f4ca3ee90af221942b6\/olympiaef-semiboldoblique.ufo\/glyphs\/acircumflex.glif":"\/fonts\/Unpacking\/16d5185022641f0885032f4ca3ee90af221942b6\/olympiaef-semiboldoblique.ufo\/glyphs\/acircumflex.glif","\/fonts\/Unpacking\/16d5185022641f0885032f4ca3ee90af221942b6\/olympiaef-semiboldoblique.ufo\/glyphs\/acute.glif":"\/fonts\/Unpacking\/16d5185022641f0885032f4ca3ee90af221942b6\/olympiaef-semiboldoblique.ufo\/glyphs\/acute.glif","\/fonts\/Unpacking\/16d5185022641f0885032f4ca3ee90af221942b6\/olympiaef-semiboldoblique.ufo\/glyphs\/adieresis.glif":"\/fonts\/Unpacking\/16d5185022641f0885032f4ca3ee90af221942b6\/olympiaef-semiboldoblique.ufo\/glyphs\/adieresis.glif","\/fonts\/Unpacking\/16d5185022641f0885032f4ca3ee90af221942b6\/olympiaef-semiboldoblique.ufo\/glyphs\/ae.glif":"\/fonts\/Unpacking\/16d5185022641f0885032f4ca3ee90af221942b6\/olympiaef-semiboldoblique.ufo\/glyphs\/ae.glif","\/fonts\/Unpacking\/16d5185022641f0885032f4ca3ee90af221942b6\/olympiaef-semiboldoblique.ufo\/glyphs\/agrave.glif":"\/fonts\/Unpacking\/16d5185022641f0885032f4ca3ee90af221942b6\/olympiaef-semiboldoblique.ufo\/glyphs\/agrave.glif","\/fonts\/Unpacking\/16d5185022641f0885032f4ca3ee90af221942b6\/olympiaef-semiboldoblique.ufo\/glyphs\/ampersand.glif":"\/fonts\/Unpacking\/16d5185022641f0885032f4ca3ee90af221942b6\/olympiaef-semiboldoblique.ufo\/glyphs\/ampersand.glif","\/fonts\/Unpacking\/16d5185022641f0885032f4ca3ee90af221942b6\/olympiaef-semiboldoblique.ufo\/glyphs\/apple.glif":"\/fonts\/Unpacking\/16d5185022641f0885032f4ca3ee90af221942b6\/olympiaef-semiboldoblique.ufo\/glyphs\/apple.glif","\/fonts\/Unpacking\/16d5185022641f0885032f4ca3ee90af221942b6\/olympiaef-semiboldoblique.ufo\/glyphs\/approxequal.glif":"\/fonts\/Unpacking\/16d5185022641f0885032f4ca3ee90af221942b6\/olympiaef-semiboldoblique.ufo\/glyphs\/approxequal.glif","\/fonts\/Unpacking\/16d5185022641f0885032f4ca3ee90af221942b6\/olympiaef-semiboldoblique.ufo\/glyphs\/aring.glif":"\/fonts\/Unpacking\/16d5185022641f0885032f4ca3ee90af221942b6\/olympiaef-semiboldoblique.ufo\/glyphs\/aring.glif","\/fonts\/Unpacking\/16d5185022641f0885032f4ca3ee90af221942b6\/olympiaef-semiboldoblique.ufo\/glyphs\/asciicircum.glif":"\/fonts\/Unpacking\/16d5185022641f0885032f4ca3ee90af221942b6\/olympiaef-semiboldoblique.ufo\/glyphs\/asciicircum.glif","\/fonts\/Unpacking\/16d5185022641f0885032f4ca3ee90af221942b6\/olympiaef-semiboldoblique.ufo\/glyphs\/asciitilde.glif":"\/fonts\/Unpacking\/16d5185022641f0885032f4ca3ee90af221942b6\/olympiaef-semiboldoblique.ufo\/glyphs\/asciitilde.glif","\/fonts\/Unpacking\/16d5185022641f0885032f4ca3ee90af221942b6\/olympiaef-semiboldoblique.ufo\/glyphs\/asterisk.glif":"\/fonts\/Unpacking\/16d5185022641f0885032f4ca3ee90af221942b6\/olympiaef-semiboldoblique.ufo\/glyphs\/asterisk.glif","\/fonts\/Unpacking\/16d5185022641f0885032f4ca3ee90af221942b6\/olympiaef-semiboldoblique.ufo\/glyphs\/at.glif":"\/fonts\/Unpacking\/16d5185022641f0885032f4ca3ee90af221942b6\/olympiaef-semiboldoblique.ufo\/glyphs\/at.glif","\/fonts\/Unpacking\/16d5185022641f0885032f4ca3ee90af221942b6\/olympiaef-semiboldoblique.ufo\/glyphs\/atilde.glif":"\/fonts\/Unpacking\/16d5185022641f0885032f4ca3ee90af221942b6\/olympiaef-semiboldoblique.ufo\/glyphs\/atilde.glif","\/fonts\/Unpacking\/16d5185022641f0885032f4ca3ee90af221942b6\/olympiaef-semiboldoblique.ufo\/glyphs\/b.glif":"\/fonts\/Unpacking\/16d5185022641f0885032f4ca3ee90af221942b6\/olympiaef-semiboldoblique.ufo\/glyphs\/b.glif","\/fonts\/Unpacking\/16d5185022641f0885032f4ca3ee90af221942b6\/olympiaef-semiboldoblique.ufo\/glyphs\/backslash.glif":"\/fonts\/Unpacking\/16d5185022641f0885032f4ca3ee90af221942b6\/olympiaef-semiboldoblique.ufo\/glyphs\/backslash.glif","\/fonts\/Unpacking\/16d5185022641f0885032f4ca3ee90af221942b6\/olympiaef-semiboldoblique.ufo\/glyphs\/bar.glif":"\/fonts\/Unpacking\/16d5185022641f0885032f4ca3ee90af221942b6\/olympiaef-semiboldoblique.ufo\/glyphs\/bar.glif","\/fonts\/Unpacking\/16d5185022641f0885032f4ca3ee90af221942b6\/olympiaef-semiboldoblique.ufo\/glyphs\/braceleft.glif":"\/fonts\/Unpacking\/16d5185022641f0885032f4ca3ee90af221942b6\/olympiaef-semiboldoblique.ufo\/glyphs\/braceleft.glif","\/fonts\/Unpacking\/16d5185022641f0885032f4ca3ee90af221942b6\/olympiaef-semiboldoblique.ufo\/glyphs\/braceright.glif":"\/fonts\/Unpacking\/16d5185022641f0885032f4ca3ee90af221942b6\/olympiaef-semiboldoblique.ufo\/glyphs\/braceright.glif","\/fonts\/Unpacking\/16d5185022641f0885032f4ca3ee90af221942b6\/olympiaef-semiboldoblique.ufo\/glyphs\/bracketleft.glif":"\/fonts\/Unpacking\/16d5185022641f0885032f4ca3ee90af221942b6\/olympiaef-semiboldoblique.ufo\/glyphs\/bracketleft.glif","\/fonts\/Unpacking\/16d5185022641f0885032f4ca3ee90af221942b6\/olympiaef-semiboldoblique.ufo\/glyphs\/bracketright.glif":"\/fonts\/Unpacking\/16d5185022641f0885032f4ca3ee90af221942b6\/olympiaef-semiboldoblique.ufo\/glyphs\/bracketright.glif","\/fonts\/Unpacking\/16d5185022641f0885032f4ca3ee90af221942b6\/olympiaef-semiboldoblique.ufo\/glyphs\/breve.glif":"\/fonts\/Unpacking\/16d5185022641f0885032f4ca3ee90af221942b6\/olympiaef-semiboldoblique.ufo\/glyphs\/breve.glif","\/fonts\/Unpacking\/16d5185022641f0885032f4ca3ee90af221942b6\/olympiaef-semiboldoblique.ufo\/glyphs\/bullet.glif":"\/fonts\/Unpacking\/16d5185022641f0885032f4ca3ee90af221942b6\/olympiaef-semiboldoblique.ufo\/glyphs\/bullet.glif","\/fonts\/Unpacking\/16d5185022641f0885032f4ca3ee90af221942b6\/olympiaef-semiboldoblique.ufo\/glyphs\/c.glif":"\/fonts\/Unpacking\/16d5185022641f0885032f4ca3ee90af221942b6\/olympiaef-semiboldoblique.ufo\/glyphs\/c.glif","\/fonts\/Unpacking\/16d5185022641f0885032f4ca3ee90af221942b6\/olympiaef-semiboldoblique.ufo\/glyphs\/caron.glif":"\/fonts\/Unpacking\/16d5185022641f0885032f4ca3ee90af221942b6\/olympiaef-semiboldoblique.ufo\/glyphs\/caron.glif","\/fonts\/Unpacking\/16d5185022641f0885032f4ca3ee90af221942b6\/olympiaef-semiboldoblique.ufo\/glyphs\/ccedilla.glif":"\/fonts\/Unpacking\/16d5185022641f0885032f4ca3ee90af221942b6\/olympiaef-semiboldoblique.ufo\/glyphs\/ccedilla.glif","\/fonts\/Unpacking\/16d5185022641f0885032f4ca3ee90af221942b6\/olympiaef-semiboldoblique.ufo\/glyphs\/cedilla.glif":"\/fonts\/Unpacking\/16d5185022641f0885032f4ca3ee90af221942b6\/olympiaef-semiboldoblique.ufo\/glyphs\/cedilla.glif","\/fonts\/Unpacking\/16d5185022641f0885032f4ca3ee90af221942b6\/olympiaef-semiboldoblique.ufo\/glyphs\/cent.glif":"\/fonts\/Unpacking\/16d5185022641f0885032f4ca3ee90af221942b6\/olympiaef-semiboldoblique.ufo\/glyphs\/cent.glif","\/fonts\/Unpacking\/16d5185022641f0885032f4ca3ee90af221942b6\/olympiaef-semiboldoblique.ufo\/glyphs\/circumflex.glif":"\/fonts\/Unpacking\/16d5185022641f0885032f4ca3ee90af221942b6\/olympiaef-semiboldoblique.ufo\/glyphs\/circumflex.glif","\/fonts\/Unpacking\/16d5185022641f0885032f4ca3ee90af221942b6\/olympiaef-semiboldoblique.ufo\/glyphs\/colon.glif":"\/fonts\/Unpacking\/16d5185022641f0885032f4ca3ee90af221942b6\/olympiaef-semiboldoblique.ufo\/glyphs\/colon.glif","\/fonts\/Unpacking\/16d5185022641f0885032f4ca3ee90af221942b6\/olympiaef-semiboldoblique.ufo\/glyphs\/comma.glif":"\/fonts\/Unpacking\/16d5185022641f0885032f4ca3ee90af221942b6\/olympiaef-semiboldoblique.ufo\/glyphs\/comma.glif","\/fonts\/Unpacking\/16d5185022641f0885032f4ca3ee90af221942b6\/olympiaef-semiboldoblique.ufo\/glyphs\/contents.plist":"\/fonts\/Unpacking\/16d5185022641f0885032f4ca3ee90af221942b6\/olympiaef-semiboldoblique.ufo\/glyphs\/contents.plist","\/fonts\/Unpacking\/16d5185022641f0885032f4ca3ee90af221942b6\/olympiaef-semiboldoblique.ufo\/glyphs\/copyright.glif":"\/fonts\/Unpacking\/16d5185022641f0885032f4ca3ee90af221942b6\/olympiaef-semiboldoblique.ufo\/glyphs\/copyright.glif","\/fonts\/Unpacking\/16d5185022641f0885032f4ca3ee90af221942b6\/olympiaef-semiboldoblique.ufo\/glyphs\/currency.glif":"\/fonts\/Unpacking\/16d5185022641f0885032f4ca3ee90af221942b6\/olympiaef-semiboldoblique.ufo\/glyphs\/currency.glif","\/fonts\/Unpacking\/16d5185022641f0885032f4ca3ee90af221942b6\/olympiaef-semiboldoblique.ufo\/glyphs\/d.glif":"\/fonts\/Unpacking\/16d5185022641f0885032f4ca3ee90af221942b6\/olympiaef-semiboldoblique.ufo\/glyphs\/d.glif","\/fonts\/Unpacking\/16d5185022641f0885032f4ca3ee90af221942b6\/olympiaef-semiboldoblique.ufo\/glyphs\/dagger.glif":"\/fonts\/Unpacking\/16d5185022641f0885032f4ca3ee90af221942b6\/olympiaef-semiboldoblique.ufo\/glyphs\/dagger.glif","\/fonts\/Unpacking\/16d5185022641f0885032f4ca3ee90af221942b6\/olympiaef-semiboldoblique.ufo\/glyphs\/daggerdbl.glif":"\/fonts\/Unpacking\/16d5185022641f0885032f4ca3ee90af221942b6\/olympiaef-semiboldoblique.ufo\/glyphs\/daggerdbl.glif","\/fonts\/Unpacking\/16d5185022641f0885032f4ca3ee90af221942b6\/olympiaef-semiboldoblique.ufo\/glyphs\/degree.glif":"\/fonts\/Unpacking\/16d5185022641f0885032f4ca3ee90af221942b6\/olympiaef-semiboldoblique.ufo\/glyphs\/degree.glif","\/fonts\/Unpacking\/16d5185022641f0885032f4ca3ee90af221942b6\/olympiaef-semiboldoblique.ufo\/glyphs\/dieresis.glif":"\/fonts\/Unpacking\/16d5185022641f0885032f4ca3ee90af221942b6\/olympiaef-semiboldoblique.ufo\/glyphs\/dieresis.glif","\/fonts\/Unpacking\/16d5185022641f0885032f4ca3ee90af221942b6\/olympiaef-semiboldoblique.ufo\/glyphs\/divide.glif":"\/fonts\/Unpacking\/16d5185022641f0885032f4ca3ee90af221942b6\/olympiaef-semiboldoblique.ufo\/glyphs\/divide.glif","\/fonts\/Unpacking\/16d5185022641f0885032f4ca3ee90af221942b6\/olympiaef-semiboldoblique.ufo\/glyphs\/dollar.glif":"\/fonts\/Unpacking\/16d5185022641f0885032f4ca3ee90af221942b6\/olympiaef-semiboldoblique.ufo\/glyphs\/dollar.glif","\/fonts\/Unpacking\/16d5185022641f0885032f4ca3ee90af221942b6\/olympiaef-semiboldoblique.ufo\/glyphs\/dotaccent.glif":"\/fonts\/Unpacking\/16d5185022641f0885032f4ca3ee90af221942b6\/olympiaef-semiboldoblique.ufo\/glyphs\/dotaccent.glif","\/fonts\/Unpacking\/16d5185022641f0885032f4ca3ee90af221942b6\/olympiaef-semiboldoblique.ufo\/glyphs\/dotlessi.glif":"\/fonts\/Unpacking\/16d5185022641f0885032f4ca3ee90af221942b6\/olympiaef-semiboldoblique.ufo\/glyphs\/dotlessi.glif","\/fonts\/Unpacking\/16d5185022641f0885032f4ca3ee90af221942b6\/olympiaef-semiboldoblique.ufo\/glyphs\/e.glif":"\/fonts\/Unpacking\/16d5185022641f0885032f4ca3ee90af221942b6\/olympiaef-semiboldoblique.ufo\/glyphs\/e.glif","\/fonts\/Unpacking\/16d5185022641f0885032f4ca3ee90af221942b6\/olympiaef-semiboldoblique.ufo\/glyphs\/eacute.glif":"\/fonts\/Unpacking\/16d5185022641f0885032f4ca3ee90af221942b6\/olympiaef-semiboldoblique.ufo\/glyphs\/eacute.glif","\/fonts\/Unpacking\/16d5185022641f0885032f4ca3ee90af221942b6\/olympiaef-semiboldoblique.ufo\/glyphs\/ecircumflex.glif":"\/fonts\/Unpacking\/16d5185022641f0885032f4ca3ee90af221942b6\/olympiaef-semiboldoblique.ufo\/glyphs\/ecircumflex.glif","\/fonts\/Unpacking\/16d5185022641f0885032f4ca3ee90af221942b6\/olympiaef-semiboldoblique.ufo\/glyphs\/edieresis.glif":"\/fonts\/Unpacking\/16d5185022641f0885032f4ca3ee90af221942b6\/olympiaef-semiboldoblique.ufo\/glyphs\/edieresis.glif","\/fonts\/Unpacking\/16d5185022641f0885032f4ca3ee90af221942b6\/olympiaef-semiboldoblique.ufo\/glyphs\/egrave.glif":"\/fonts\/Unpacking\/16d5185022641f0885032f4ca3ee90af221942b6\/olympiaef-semiboldoblique.ufo\/glyphs\/egrave.glif","\/fonts\/Unpacking\/16d5185022641f0885032f4ca3ee90af221942b6\/olympiaef-semiboldoblique.ufo\/glyphs\/eight.glif":"\/fonts\/Unpacking\/16d5185022641f0885032f4ca3ee90af221942b6\/olympiaef-semiboldoblique.ufo\/glyphs\/eight.glif","\/fonts\/Unpacking\/16d5185022641f0885032f4ca3ee90af221942b6\/olympiaef-semiboldoblique.ufo\/glyphs\/ellipsis.glif":"\/fonts\/Unpacking\/16d5185022641f0885032f4ca3ee90af221942b6\/olympiaef-semiboldoblique.ufo\/glyphs\/ellipsis.glif","\/fonts\/Unpacking\/16d5185022641f0885032f4ca3ee90af221942b6\/olympiaef-semiboldoblique.ufo\/glyphs\/emdash.glif":"\/fonts\/Unpacking\/16d5185022641f0885032f4ca3ee90af221942b6\/olympiaef-semiboldoblique.ufo\/glyphs\/emdash.glif","\/fonts\/Unpacking\/16d5185022641f0885032f4ca3ee90af221942b6\/olympiaef-semiboldoblique.ufo\/glyphs\/endash.glif":"\/fonts\/Unpacking\/16d5185022641f0885032f4ca3ee90af221942b6\/olympiaef-semiboldoblique.ufo\/glyphs\/endash.glif","\/fonts\/Unpacking\/16d5185022641f0885032f4ca3ee90af221942b6\/olympiaef-semiboldoblique.ufo\/glyphs\/equal.glif":"\/fonts\/Unpacking\/16d5185022641f0885032f4ca3ee90af221942b6\/olympiaef-semiboldoblique.ufo\/glyphs\/equal.glif","\/fonts\/Unpacking\/16d5185022641f0885032f4ca3ee90af221942b6\/olympiaef-semiboldoblique.ufo\/glyphs\/exclam.glif":"\/fonts\/Unpacking\/16d5185022641f0885032f4ca3ee90af221942b6\/olympiaef-semiboldoblique.ufo\/glyphs\/exclam.glif","\/fonts\/Unpacking\/16d5185022641f0885032f4ca3ee90af221942b6\/olympiaef-semiboldoblique.ufo\/glyphs\/exclamdown.glif":"\/fonts\/Unpacking\/16d5185022641f0885032f4ca3ee90af221942b6\/olympiaef-semiboldoblique.ufo\/glyphs\/exclamdown.glif","\/fonts\/Unpacking\/16d5185022641f0885032f4ca3ee90af221942b6\/olympiaef-semiboldoblique.ufo\/glyphs\/f.glif":"\/fonts\/Unpacking\/16d5185022641f0885032f4ca3ee90af221942b6\/olympiaef-semiboldoblique.ufo\/glyphs\/f.glif","\/fonts\/Unpacking\/16d5185022641f0885032f4ca3ee90af221942b6\/olympiaef-semiboldoblique.ufo\/glyphs\/fi.glif":"\/fonts\/Unpacking\/16d5185022641f0885032f4ca3ee90af221942b6\/olympiaef-semiboldoblique.ufo\/glyphs\/fi.glif","\/fonts\/Unpacking\/16d5185022641f0885032f4ca3ee90af221942b6\/olympiaef-semiboldoblique.ufo\/glyphs\/five.glif":"\/fonts\/Unpacking\/16d5185022641f0885032f4ca3ee90af221942b6\/olympiaef-semiboldoblique.ufo\/glyphs\/five.glif","\/fonts\/Unpacking\/16d5185022641f0885032f4ca3ee90af221942b6\/olympiaef-semiboldoblique.ufo\/glyphs\/fl.glif":"\/fonts\/Unpacking\/16d5185022641f0885032f4ca3ee90af221942b6\/olympiaef-semiboldoblique.ufo\/glyphs\/fl.glif","\/fonts\/Unpacking\/16d5185022641f0885032f4ca3ee90af221942b6\/olympiaef-semiboldoblique.ufo\/glyphs\/florin.glif":"\/fonts\/Unpacking\/16d5185022641f0885032f4ca3ee90af221942b6\/olympiaef-semiboldoblique.ufo\/glyphs\/florin.glif","\/fonts\/Unpacking\/16d5185022641f0885032f4ca3ee90af221942b6\/olympiaef-semiboldoblique.ufo\/glyphs\/four.glif":"\/fonts\/Unpacking\/16d5185022641f0885032f4ca3ee90af221942b6\/olympiaef-semiboldoblique.ufo\/glyphs\/four.glif","\/fonts\/Unpacking\/16d5185022641f0885032f4ca3ee90af221942b6\/olympiaef-semiboldoblique.ufo\/glyphs\/fraction.glif":"\/fonts\/Unpacking\/16d5185022641f0885032f4ca3ee90af221942b6\/olympiaef-semiboldoblique.ufo\/glyphs\/fraction.glif","\/fonts\/Unpacking\/16d5185022641f0885032f4ca3ee90af221942b6\/olympiaef-semiboldoblique.ufo\/glyphs\/g.glif":"\/fonts\/Unpacking\/16d5185022641f0885032f4ca3ee90af221942b6\/olympiaef-semiboldoblique.ufo\/glyphs\/g.glif","\/fonts\/Unpacking\/16d5185022641f0885032f4ca3ee90af221942b6\/olympiaef-semiboldoblique.ufo\/glyphs\/germandbls.glif":"\/fonts\/Unpacking\/16d5185022641f0885032f4ca3ee90af221942b6\/olympiaef-semiboldoblique.ufo\/glyphs\/germandbls.glif","\/fonts\/Unpacking\/16d5185022641f0885032f4ca3ee90af221942b6\/olympiaef-semiboldoblique.ufo\/glyphs\/grave.glif":"\/fonts\/Unpacking\/16d5185022641f0885032f4ca3ee90af221942b6\/olympiaef-semiboldoblique.ufo\/glyphs\/grave.glif","\/fonts\/Unpacking\/16d5185022641f0885032f4ca3ee90af221942b6\/olympiaef-semiboldoblique.ufo\/glyphs\/greater.glif":"\/fonts\/Unpacking\/16d5185022641f0885032f4ca3ee90af221942b6\/olympiaef-semiboldoblique.ufo\/glyphs\/greater.glif","\/fonts\/Unpacking\/16d5185022641f0885032f4ca3ee90af221942b6\/olympiaef-semiboldoblique.ufo\/glyphs\/greaterequal.glif":"\/fonts\/Unpacking\/16d5185022641f0885032f4ca3ee90af221942b6\/olympiaef-semiboldoblique.ufo\/glyphs\/greaterequal.glif","\/fonts\/Unpacking\/16d5185022641f0885032f4ca3ee90af221942b6\/olympiaef-semiboldoblique.ufo\/glyphs\/guillemotleft.glif":"\/fonts\/Unpacking\/16d5185022641f0885032f4ca3ee90af221942b6\/olympiaef-semiboldoblique.ufo\/glyphs\/guillemotleft.glif","\/fonts\/Unpacking\/16d5185022641f0885032f4ca3ee90af221942b6\/olympiaef-semiboldoblique.ufo\/glyphs\/guillemotright.glif":"\/fonts\/Unpacking\/16d5185022641f0885032f4ca3ee90af221942b6\/olympiaef-semiboldoblique.ufo\/glyphs\/guillemotright.glif","\/fonts\/Unpacking\/16d5185022641f0885032f4ca3ee90af221942b6\/olympiaef-semiboldoblique.ufo\/glyphs\/guilsinglleft.glif":"\/fonts\/Unpacking\/16d5185022641f0885032f4ca3ee90af221942b6\/olympiaef-semiboldoblique.ufo\/glyphs\/guilsinglleft.glif","\/fonts\/Unpacking\/16d5185022641f0885032f4ca3ee90af221942b6\/olympiaef-semiboldoblique.ufo\/glyphs\/guilsinglright.glif":"\/fonts\/Unpacking\/16d5185022641f0885032f4ca3ee90af221942b6\/olympiaef-semiboldoblique.ufo\/glyphs\/guilsinglright.glif","\/fonts\/Unpacking\/16d5185022641f0885032f4ca3ee90af221942b6\/olympiaef-semiboldoblique.ufo\/glyphs\/h.glif":"\/fonts\/Unpacking\/16d5185022641f0885032f4ca3ee90af221942b6\/olympiaef-semiboldoblique.ufo\/glyphs\/h.glif","\/fonts\/Unpacking\/16d5185022641f0885032f4ca3ee90af221942b6\/olympiaef-semiboldoblique.ufo\/glyphs\/hungarumlaut.glif":"\/fonts\/Unpacking\/16d5185022641f0885032f4ca3ee90af221942b6\/olympiaef-semiboldoblique.ufo\/glyphs\/hungarumlaut.glif","\/fonts\/Unpacking\/16d5185022641f0885032f4ca3ee90af221942b6\/olympiaef-semiboldoblique.ufo\/glyphs\/hyphen.glif":"\/fonts\/Unpacking\/16d5185022641f0885032f4ca3ee90af221942b6\/olympiaef-semiboldoblique.ufo\/glyphs\/hyphen.glif","\/fonts\/Unpacking\/16d5185022641f0885032f4ca3ee90af221942b6\/olympiaef-semiboldoblique.ufo\/glyphs\/i.glif":"\/fonts\/Unpacking\/16d5185022641f0885032f4ca3ee90af221942b6\/olympiaef-semiboldoblique.ufo\/glyphs\/i.glif","\/fonts\/Unpacking\/16d5185022641f0885032f4ca3ee90af221942b6\/olympiaef-semiboldoblique.ufo\/glyphs\/iacute.glif":"\/fonts\/Unpacking\/16d5185022641f0885032f4ca3ee90af221942b6\/olympiaef-semiboldoblique.ufo\/glyphs\/iacute.glif","\/fonts\/Unpacking\/16d5185022641f0885032f4ca3ee90af221942b6\/olympiaef-semiboldoblique.ufo\/glyphs\/icircumflex.glif":"\/fonts\/Unpacking\/16d5185022641f0885032f4ca3ee90af221942b6\/olympiaef-semiboldoblique.ufo\/glyphs\/icircumflex.glif","\/fonts\/Unpacking\/16d5185022641f0885032f4ca3ee90af221942b6\/olympiaef-semiboldoblique.ufo\/glyphs\/idieresis.glif":"\/fonts\/Unpacking\/16d5185022641f0885032f4ca3ee90af221942b6\/olympiaef-semiboldoblique.ufo\/glyphs\/idieresis.glif","\/fonts\/Unpacking\/16d5185022641f0885032f4ca3ee90af221942b6\/olympiaef-semiboldoblique.ufo\/glyphs\/igrave.glif":"\/fonts\/Unpacking\/16d5185022641f0885032f4ca3ee90af221942b6\/olympiaef-semiboldoblique.ufo\/glyphs\/igrave.glif","\/fonts\/Unpacking\/16d5185022641f0885032f4ca3ee90af221942b6\/olympiaef-semiboldoblique.ufo\/glyphs\/infinity.glif":"\/fonts\/Unpacking\/16d5185022641f0885032f4ca3ee90af221942b6\/olympiaef-semiboldoblique.ufo\/glyphs\/infinity.glif","\/fonts\/Unpacking\/16d5185022641f0885032f4ca3ee90af221942b6\/olympiaef-semiboldoblique.ufo\/glyphs\/integral.glif":"\/fonts\/Unpacking\/16d5185022641f0885032f4ca3ee90af221942b6\/olympiaef-semiboldoblique.ufo\/glyphs\/integral.glif","\/fonts\/Unpacking\/16d5185022641f0885032f4ca3ee90af221942b6\/olympiaef-semiboldoblique.ufo\/glyphs\/j.glif":"\/fonts\/Unpacking\/16d5185022641f0885032f4ca3ee90af221942b6\/olympiaef-semiboldoblique.ufo\/glyphs\/j.glif","\/fonts\/Unpacking\/16d5185022641f0885032f4ca3ee90af221942b6\/olympiaef-semiboldoblique.ufo\/glyphs\/k.glif":"\/fonts\/Unpacking\/16d5185022641f0885032f4ca3ee90af221942b6\/olympiaef-semiboldoblique.ufo\/glyphs\/k.glif","\/fonts\/Unpacking\/16d5185022641f0885032f4ca3ee90af221942b6\/olympiaef-semiboldoblique.ufo\/glyphs\/l.glif":"\/fonts\/Unpacking\/16d5185022641f0885032f4ca3ee90af221942b6\/olympiaef-semiboldoblique.ufo\/glyphs\/l.glif","\/fonts\/Unpacking\/16d5185022641f0885032f4ca3ee90af221942b6\/olympiaef-semiboldoblique.ufo\/glyphs\/less.glif":"\/fonts\/Unpacking\/16d5185022641f0885032f4ca3ee90af221942b6\/olympiaef-semiboldoblique.ufo\/glyphs\/less.glif","\/fonts\/Unpacking\/16d5185022641f0885032f4ca3ee90af221942b6\/olympiaef-semiboldoblique.ufo\/glyphs\/lessequal.glif":"\/fonts\/Unpacking\/16d5185022641f0885032f4ca3ee90af221942b6\/olympiaef-semiboldoblique.ufo\/glyphs\/lessequal.glif","\/fonts\/Unpacking\/16d5185022641f0885032f4ca3ee90af221942b6\/olympiaef-semiboldoblique.ufo\/glyphs\/logicalnot.glif":"\/fonts\/Unpacking\/16d5185022641f0885032f4ca3ee90af221942b6\/olympiaef-semiboldoblique.ufo\/glyphs\/logicalnot.glif","\/fonts\/Unpacking\/16d5185022641f0885032f4ca3ee90af221942b6\/olympiaef-semiboldoblique.ufo\/glyphs\/lozenge.glif":"\/fonts\/Unpacking\/16d5185022641f0885032f4ca3ee90af221942b6\/olympiaef-semiboldoblique.ufo\/glyphs\/lozenge.glif","\/fonts\/Unpacking\/16d5185022641f0885032f4ca3ee90af221942b6\/olympiaef-semiboldoblique.ufo\/glyphs\/m.glif":"\/fonts\/Unpacking\/16d5185022641f0885032f4ca3ee90af221942b6\/olympiaef-semiboldoblique.ufo\/glyphs\/m.glif","\/fonts\/Unpacking\/16d5185022641f0885032f4ca3ee90af221942b6\/olympiaef-semiboldoblique.ufo\/glyphs\/macron.glif":"\/fonts\/Unpacking\/16d5185022641f0885032f4ca3ee90af221942b6\/olympiaef-semiboldoblique.ufo\/glyphs\/macron.glif","\/fonts\/Unpacking\/16d5185022641f0885032f4ca3ee90af221942b6\/olympiaef-semiboldoblique.ufo\/glyphs\/mu.glif":"\/fonts\/Unpacking\/16d5185022641f0885032f4ca3ee90af221942b6\/olympiaef-semiboldoblique.ufo\/glyphs\/mu.glif","\/fonts\/Unpacking\/16d5185022641f0885032f4ca3ee90af221942b6\/olympiaef-semiboldoblique.ufo\/glyphs\/n.glif":"\/fonts\/Unpacking\/16d5185022641f0885032f4ca3ee90af221942b6\/olympiaef-semiboldoblique.ufo\/glyphs\/n.glif","\/fonts\/Unpacking\/16d5185022641f0885032f4ca3ee90af221942b6\/olympiaef-semiboldoblique.ufo\/glyphs\/nbspace.glif":"\/fonts\/Unpacking\/16d5185022641f0885032f4ca3ee90af221942b6\/olympiaef-semiboldoblique.ufo\/glyphs\/nbspace.glif","\/fonts\/Unpacking\/16d5185022641f0885032f4ca3ee90af221942b6\/olympiaef-semiboldoblique.ufo\/glyphs\/nine.glif":"\/fonts\/Unpacking\/16d5185022641f0885032f4ca3ee90af221942b6\/olympiaef-semiboldoblique.ufo\/glyphs\/nine.glif","\/fonts\/Unpacking\/16d5185022641f0885032f4ca3ee90af221942b6\/olympiaef-semiboldoblique.ufo\/glyphs\/notequal.glif":"\/fonts\/Unpacking\/16d5185022641f0885032f4ca3ee90af221942b6\/olympiaef-semiboldoblique.ufo\/glyphs\/notequal.glif","\/fonts\/Unpacking\/16d5185022641f0885032f4ca3ee90af221942b6\/olympiaef-semiboldoblique.ufo\/glyphs\/ntilde.glif":"\/fonts\/Unpacking\/16d5185022641f0885032f4ca3ee90af221942b6\/olympiaef-semiboldoblique.ufo\/glyphs\/ntilde.glif","\/fonts\/Unpacking\/16d5185022641f0885032f4ca3ee90af221942b6\/olympiaef-semiboldoblique.ufo\/glyphs\/numbersign.glif":"\/fonts\/Unpacking\/16d5185022641f0885032f4ca3ee90af221942b6\/olympiaef-semiboldoblique.ufo\/glyphs\/numbersign.glif","\/fonts\/Unpacking\/16d5185022641f0885032f4ca3ee90af221942b6\/olympiaef-semiboldoblique.ufo\/glyphs\/o.glif":"\/fonts\/Unpacking\/16d5185022641f0885032f4ca3ee90af221942b6\/olympiaef-semiboldoblique.ufo\/glyphs\/o.glif","\/fonts\/Unpacking\/16d5185022641f0885032f4ca3ee90af221942b6\/olympiaef-semiboldoblique.ufo\/glyphs\/oacute.glif":"\/fonts\/Unpacking\/16d5185022641f0885032f4ca3ee90af221942b6\/olympiaef-semiboldoblique.ufo\/glyphs\/oacute.glif","\/fonts\/Unpacking\/16d5185022641f0885032f4ca3ee90af221942b6\/olympiaef-semiboldoblique.ufo\/glyphs\/ocircumflex.glif":"\/fonts\/Unpacking\/16d5185022641f0885032f4ca3ee90af221942b6\/olympiaef-semiboldoblique.ufo\/glyphs\/ocircumflex.glif","\/fonts\/Unpacking\/16d5185022641f0885032f4ca3ee90af221942b6\/olympiaef-semiboldoblique.ufo\/glyphs\/odieresis.glif":"\/fonts\/Unpacking\/16d5185022641f0885032f4ca3ee90af221942b6\/olympiaef-semiboldoblique.ufo\/glyphs\/odieresis.glif","\/fonts\/Unpacking\/16d5185022641f0885032f4ca3ee90af221942b6\/olympiaef-semiboldoblique.ufo\/glyphs\/oe.glif":"\/fonts\/Unpacking\/16d5185022641f0885032f4ca3ee90af221942b6\/olympiaef-semiboldoblique.ufo\/glyphs\/oe.glif","\/fonts\/Unpacking\/16d5185022641f0885032f4ca3ee90af221942b6\/olympiaef-semiboldoblique.ufo\/glyphs\/ogonek.glif":"\/fonts\/Unpacking\/16d5185022641f0885032f4ca3ee90af221942b6\/olympiaef-semiboldoblique.ufo\/glyphs\/ogonek.glif","\/fonts\/Unpacking\/16d5185022641f0885032f4ca3ee90af221942b6\/olympiaef-semiboldoblique.ufo\/glyphs\/ograve.glif":"\/fonts\/Unpacking\/16d5185022641f0885032f4ca3ee90af221942b6\/olympiaef-semiboldoblique.ufo\/glyphs\/ograve.glif","\/fonts\/Unpacking\/16d5185022641f0885032f4ca3ee90af221942b6\/olympiaef-semiboldoblique.ufo\/glyphs\/one.glif":"\/fonts\/Unpacking\/16d5185022641f0885032f4ca3ee90af221942b6\/olympiaef-semiboldoblique.ufo\/glyphs\/one.glif","\/fonts\/Unpacking\/16d5185022641f0885032f4ca3ee90af221942b6\/olympiaef-semiboldoblique.ufo\/glyphs\/ordfeminine.glif":"\/fonts\/Unpacking\/16d5185022641f0885032f4ca3ee90af221942b6\/olympiaef-semiboldoblique.ufo\/glyphs\/ordfeminine.glif","\/fonts\/Unpacking\/16d5185022641f0885032f4ca3ee90af221942b6\/olympiaef-semiboldoblique.ufo\/glyphs\/ordmasculine.glif":"\/fonts\/Unpacking\/16d5185022641f0885032f4ca3ee90af221942b6\/olympiaef-semiboldoblique.ufo\/glyphs\/ordmasculine.glif","\/fonts\/Unpacking\/16d5185022641f0885032f4ca3ee90af221942b6\/olympiaef-semiboldoblique.ufo\/glyphs\/oslash.glif":"\/fonts\/Unpacking\/16d5185022641f0885032f4ca3ee90af221942b6\/olympiaef-semiboldoblique.ufo\/glyphs\/oslash.glif","\/fonts\/Unpacking\/16d5185022641f0885032f4ca3ee90af221942b6\/olympiaef-semiboldoblique.ufo\/glyphs\/otilde.glif":"\/fonts\/Unpacking\/16d5185022641f0885032f4ca3ee90af221942b6\/olympiaef-semiboldoblique.ufo\/glyphs\/otilde.glif","\/fonts\/Unpacking\/16d5185022641f0885032f4ca3ee90af221942b6\/olympiaef-semiboldoblique.ufo\/glyphs\/p.glif":"\/fonts\/Unpacking\/16d5185022641f0885032f4ca3ee90af221942b6\/olympiaef-semiboldoblique.ufo\/glyphs\/p.glif","\/fonts\/Unpacking\/16d5185022641f0885032f4ca3ee90af221942b6\/olympiaef-semiboldoblique.ufo\/glyphs\/paragraph.glif":"\/fonts\/Unpacking\/16d5185022641f0885032f4ca3ee90af221942b6\/olympiaef-semiboldoblique.ufo\/glyphs\/paragraph.glif","\/fonts\/Unpacking\/16d5185022641f0885032f4ca3ee90af221942b6\/olympiaef-semiboldoblique.ufo\/glyphs\/parenleft.glif":"\/fonts\/Unpacking\/16d5185022641f0885032f4ca3ee90af221942b6\/olympiaef-semiboldoblique.ufo\/glyphs\/parenleft.glif","\/fonts\/Unpacking\/16d5185022641f0885032f4ca3ee90af221942b6\/olympiaef-semiboldoblique.ufo\/glyphs\/parenright.glif":"\/fonts\/Unpacking\/16d5185022641f0885032f4ca3ee90af221942b6\/olympiaef-semiboldoblique.ufo\/glyphs\/parenright.glif","\/fonts\/Unpacking\/16d5185022641f0885032f4ca3ee90af221942b6\/olympiaef-semiboldoblique.ufo\/glyphs\/partialdiff.glif":"\/fonts\/Unpacking\/16d5185022641f0885032f4ca3ee90af221942b6\/olympiaef-semiboldoblique.ufo\/glyphs\/partialdiff.glif","\/fonts\/Unpacking\/16d5185022641f0885032f4ca3ee90af221942b6\/olympiaef-semiboldoblique.ufo\/glyphs\/percent.glif":"\/fonts\/Unpacking\/16d5185022641f0885032f4ca3ee90af221942b6\/olympiaef-semiboldoblique.ufo\/glyphs\/percent.glif","\/fonts\/Unpacking\/16d5185022641f0885032f4ca3ee90af221942b6\/olympiaef-semiboldoblique.ufo\/glyphs\/period.glif":"\/fonts\/Unpacking\/16d5185022641f0885032f4ca3ee90af221942b6\/olympiaef-semiboldoblique.ufo\/glyphs\/period.glif","\/fonts\/Unpacking\/16d5185022641f0885032f4ca3ee90af221942b6\/olympiaef-semiboldoblique.ufo\/glyphs\/periodcentered.glif":"\/fonts\/Unpacking\/16d5185022641f0885032f4ca3ee90af221942b6\/olympiaef-semiboldoblique.ufo\/glyphs\/periodcentered.glif","\/fonts\/Unpacking\/16d5185022641f0885032f4ca3ee90af221942b6\/olympiaef-semiboldoblique.ufo\/glyphs\/perthousand.glif":"\/fonts\/Unpacking\/16d5185022641f0885032f4ca3ee90af221942b6\/olympiaef-semiboldoblique.ufo\/glyphs\/perthousand.glif","\/fonts\/Unpacking\/16d5185022641f0885032f4ca3ee90af221942b6\/olympiaef-semiboldoblique.ufo\/glyphs\/pi.glif":"\/fonts\/Unpacking\/16d5185022641f0885032f4ca3ee90af221942b6\/olympiaef-semiboldoblique.ufo\/glyphs\/pi.glif","\/fonts\/Unpacking\/16d5185022641f0885032f4ca3ee90af221942b6\/olympiaef-semiboldoblique.ufo\/glyphs\/plus.glif":"\/fonts\/Unpacking\/16d5185022641f0885032f4ca3ee90af221942b6\/olympiaef-semiboldoblique.ufo\/glyphs\/plus.glif","\/fonts\/Unpacking\/16d5185022641f0885032f4ca3ee90af221942b6\/olympiaef-semiboldoblique.ufo\/glyphs\/plusminus.glif":"\/fonts\/Unpacking\/16d5185022641f0885032f4ca3ee90af221942b6\/olympiaef-semiboldoblique.ufo\/glyphs\/plusminus.glif","\/fonts\/Unpacking\/16d5185022641f0885032f4ca3ee90af221942b6\/olympiaef-semiboldoblique.ufo\/glyphs\/product.glif":"\/fonts\/Unpacking\/16d5185022641f0885032f4ca3ee90af221942b6\/olympiaef-semiboldoblique.ufo\/glyphs\/product.glif","\/fonts\/Unpacking\/16d5185022641f0885032f4ca3ee90af221942b6\/olympiaef-semiboldoblique.ufo\/glyphs\/q.glif":"\/fonts\/Unpacking\/16d5185022641f0885032f4ca3ee90af221942b6\/olympiaef-semiboldoblique.ufo\/glyphs\/q.glif","\/fonts\/Unpacking\/16d5185022641f0885032f4ca3ee90af221942b6\/olympiaef-semiboldoblique.ufo\/glyphs\/question.glif":"\/fonts\/Unpacking\/16d5185022641f0885032f4ca3ee90af221942b6\/olympiaef-semiboldoblique.ufo\/glyphs\/question.glif","\/fonts\/Unpacking\/16d5185022641f0885032f4ca3ee90af221942b6\/olympiaef-semiboldoblique.ufo\/glyphs\/questiondown.glif":"\/fonts\/Unpacking\/16d5185022641f0885032f4ca3ee90af221942b6\/olympiaef-semiboldoblique.ufo\/glyphs\/questiondown.glif","\/fonts\/Unpacking\/16d5185022641f0885032f4ca3ee90af221942b6\/olympiaef-semiboldoblique.ufo\/glyphs\/quotedbl.glif":"\/fonts\/Unpacking\/16d5185022641f0885032f4ca3ee90af221942b6\/olympiaef-semiboldoblique.ufo\/glyphs\/quotedbl.glif","\/fonts\/Unpacking\/16d5185022641f0885032f4ca3ee90af221942b6\/olympiaef-semiboldoblique.ufo\/glyphs\/quotedblbase.glif":"\/fonts\/Unpacking\/16d5185022641f0885032f4ca3ee90af221942b6\/olympiaef-semiboldoblique.ufo\/glyphs\/quotedblbase.glif","\/fonts\/Unpacking\/16d5185022641f0885032f4ca3ee90af221942b6\/olympiaef-semiboldoblique.ufo\/glyphs\/quotedblleft.glif":"\/fonts\/Unpacking\/16d5185022641f0885032f4ca3ee90af221942b6\/olympiaef-semiboldoblique.ufo\/glyphs\/quotedblleft.glif","\/fonts\/Unpacking\/16d5185022641f0885032f4ca3ee90af221942b6\/olympiaef-semiboldoblique.ufo\/glyphs\/quotedblright.glif":"\/fonts\/Unpacking\/16d5185022641f0885032f4ca3ee90af221942b6\/olympiaef-semiboldoblique.ufo\/glyphs\/quotedblright.glif","\/fonts\/Unpacking\/16d5185022641f0885032f4ca3ee90af221942b6\/olympiaef-semiboldoblique.ufo\/glyphs\/quoteleft.glif":"\/fonts\/Unpacking\/16d5185022641f0885032f4ca3ee90af221942b6\/olympiaef-semiboldoblique.ufo\/glyphs\/quoteleft.glif","\/fonts\/Unpacking\/16d5185022641f0885032f4ca3ee90af221942b6\/olympiaef-semiboldoblique.ufo\/glyphs\/quoteright.glif":"\/fonts\/Unpacking\/16d5185022641f0885032f4ca3ee90af221942b6\/olympiaef-semiboldoblique.ufo\/glyphs\/quoteright.glif","\/fonts\/Unpacking\/16d5185022641f0885032f4ca3ee90af221942b6\/olympiaef-semiboldoblique.ufo\/glyphs\/quotesinglbase.glif":"\/fonts\/Unpacking\/16d5185022641f0885032f4ca3ee90af221942b6\/olympiaef-semiboldoblique.ufo\/glyphs\/quotesinglbase.glif","\/fonts\/Unpacking\/16d5185022641f0885032f4ca3ee90af221942b6\/olympiaef-semiboldoblique.ufo\/glyphs\/quotesingle.glif":"\/fonts\/Unpacking\/16d5185022641f0885032f4ca3ee90af221942b6\/olympiaef-semiboldoblique.ufo\/glyphs\/quotesingle.glif","\/fonts\/Unpacking\/16d5185022641f0885032f4ca3ee90af221942b6\/olympiaef-semiboldoblique.ufo\/glyphs\/r.glif":"\/fonts\/Unpacking\/16d5185022641f0885032f4ca3ee90af221942b6\/olympiaef-semiboldoblique.ufo\/glyphs\/r.glif","\/fonts\/Unpacking\/16d5185022641f0885032f4ca3ee90af221942b6\/olympiaef-semiboldoblique.ufo\/glyphs\/radical.glif":"\/fonts\/Unpacking\/16d5185022641f0885032f4ca3ee90af221942b6\/olympiaef-semiboldoblique.ufo\/glyphs\/radical.glif","\/fonts\/Unpacking\/16d5185022641f0885032f4ca3ee90af221942b6\/olympiaef-semiboldoblique.ufo\/glyphs\/registered.glif":"\/fonts\/Unpacking\/16d5185022641f0885032f4ca3ee90af221942b6\/olympiaef-semiboldoblique.ufo\/glyphs\/registered.glif","\/fonts\/Unpacking\/16d5185022641f0885032f4ca3ee90af221942b6\/olympiaef-semiboldoblique.ufo\/glyphs\/ring.glif":"\/fonts\/Unpacking\/16d5185022641f0885032f4ca3ee90af221942b6\/olympiaef-semiboldoblique.ufo\/glyphs\/ring.glif","\/fonts\/Unpacking\/16d5185022641f0885032f4ca3ee90af221942b6\/olympiaef-semiboldoblique.ufo\/glyphs\/s.glif":"\/fonts\/Unpacking\/16d5185022641f0885032f4ca3ee90af221942b6\/olympiaef-semiboldoblique.ufo\/glyphs\/s.glif","\/fonts\/Unpacking\/16d5185022641f0885032f4ca3ee90af221942b6\/olympiaef-semiboldoblique.ufo\/glyphs\/section.glif":"\/fonts\/Unpacking\/16d5185022641f0885032f4ca3ee90af221942b6\/olympiaef-semiboldoblique.ufo\/glyphs\/section.glif","\/fonts\/Unpacking\/16d5185022641f0885032f4ca3ee90af221942b6\/olympiaef-semiboldoblique.ufo\/glyphs\/semicolon.glif":"\/fonts\/Unpacking\/16d5185022641f0885032f4ca3ee90af221942b6\/olympiaef-semiboldoblique.ufo\/glyphs\/semicolon.glif","\/fonts\/Unpacking\/16d5185022641f0885032f4ca3ee90af221942b6\/olympiaef-semiboldoblique.ufo\/glyphs\/seven.glif":"\/fonts\/Unpacking\/16d5185022641f0885032f4ca3ee90af221942b6\/olympiaef-semiboldoblique.ufo\/glyphs\/seven.glif","\/fonts\/Unpacking\/16d5185022641f0885032f4ca3ee90af221942b6\/olympiaef-semiboldoblique.ufo\/glyphs\/six.glif":"\/fonts\/Unpacking\/16d5185022641f0885032f4ca3ee90af221942b6\/olympiaef-semiboldoblique.ufo\/glyphs\/six.glif","\/fonts\/Unpacking\/16d5185022641f0885032f4ca3ee90af221942b6\/olympiaef-semiboldoblique.ufo\/glyphs\/slash.glif":"\/fonts\/Unpacking\/16d5185022641f0885032f4ca3ee90af221942b6\/olympiaef-semiboldoblique.ufo\/glyphs\/slash.glif","\/fonts\/Unpacking\/16d5185022641f0885032f4ca3ee90af221942b6\/olympiaef-semiboldoblique.ufo\/glyphs\/space.glif":"\/fonts\/Unpacking\/16d5185022641f0885032f4ca3ee90af221942b6\/olympiaef-semiboldoblique.ufo\/glyphs\/space.glif","\/fonts\/Unpacking\/16d5185022641f0885032f4ca3ee90af221942b6\/olympiaef-semiboldoblique.ufo\/glyphs\/sterling.glif":"\/fonts\/Unpacking\/16d5185022641f0885032f4ca3ee90af221942b6\/olympiaef-semiboldoblique.ufo\/glyphs\/sterling.glif","\/fonts\/Unpacking\/16d5185022641f0885032f4ca3ee90af221942b6\/olympiaef-semiboldoblique.ufo\/glyphs\/summation.glif":"\/fonts\/Unpacking\/16d5185022641f0885032f4ca3ee90af221942b6\/olympiaef-semiboldoblique.ufo\/glyphs\/summation.glif","\/fonts\/Unpacking\/16d5185022641f0885032f4ca3ee90af221942b6\/olympiaef-semiboldoblique.ufo\/glyphs\/t.glif":"\/fonts\/Unpacking\/16d5185022641f0885032f4ca3ee90af221942b6\/olympiaef-semiboldoblique.ufo\/glyphs\/t.glif","\/fonts\/Unpacking\/16d5185022641f0885032f4ca3ee90af221942b6\/olympiaef-semiboldoblique.ufo\/glyphs\/three.glif":"\/fonts\/Unpacking\/16d5185022641f0885032f4ca3ee90af221942b6\/olympiaef-semiboldoblique.ufo\/glyphs\/three.glif","\/fonts\/Unpacking\/16d5185022641f0885032f4ca3ee90af221942b6\/olympiaef-semiboldoblique.ufo\/glyphs\/tilde.glif":"\/fonts\/Unpacking\/16d5185022641f0885032f4ca3ee90af221942b6\/olympiaef-semiboldoblique.ufo\/glyphs\/tilde.glif","\/fonts\/Unpacking\/16d5185022641f0885032f4ca3ee90af221942b6\/olympiaef-semiboldoblique.ufo\/glyphs\/trademark.glif":"\/fonts\/Unpacking\/16d5185022641f0885032f4ca3ee90af221942b6\/olympiaef-semiboldoblique.ufo\/glyphs\/trademark.glif","\/fonts\/Unpacking\/16d5185022641f0885032f4ca3ee90af221942b6\/olympiaef-semiboldoblique.ufo\/glyphs\/two.glif":"\/fonts\/Unpacking\/16d5185022641f0885032f4ca3ee90af221942b6\/olympiaef-semiboldoblique.ufo\/glyphs\/two.glif","\/fonts\/Unpacking\/16d5185022641f0885032f4ca3ee90af221942b6\/olympiaef-semiboldoblique.ufo\/glyphs\/u.glif":"\/fonts\/Unpacking\/16d5185022641f0885032f4ca3ee90af221942b6\/olympiaef-semiboldoblique.ufo\/glyphs\/u.glif","\/fonts\/Unpacking\/16d5185022641f0885032f4ca3ee90af221942b6\/olympiaef-semiboldoblique.ufo\/glyphs\/uacute.glif":"\/fonts\/Unpacking\/16d5185022641f0885032f4ca3ee90af221942b6\/olympiaef-semiboldoblique.ufo\/glyphs\/uacute.glif","\/fonts\/Unpacking\/16d5185022641f0885032f4ca3ee90af221942b6\/olympiaef-semiboldoblique.ufo\/glyphs\/ucircumflex.glif":"\/fonts\/Unpacking\/16d5185022641f0885032f4ca3ee90af221942b6\/olympiaef-semiboldoblique.ufo\/glyphs\/ucircumflex.glif","\/fonts\/Unpacking\/16d5185022641f0885032f4ca3ee90af221942b6\/olympiaef-semiboldoblique.ufo\/glyphs\/udieresis.glif":"\/fonts\/Unpacking\/16d5185022641f0885032f4ca3ee90af221942b6\/olympiaef-semiboldoblique.ufo\/glyphs\/udieresis.glif","\/fonts\/Unpacking\/16d5185022641f0885032f4ca3ee90af221942b6\/olympiaef-semiboldoblique.ufo\/glyphs\/ugrave.glif":"\/fonts\/Unpacking\/16d5185022641f0885032f4ca3ee90af221942b6\/olympiaef-semiboldoblique.ufo\/glyphs\/ugrave.glif","\/fonts\/Unpacking\/16d5185022641f0885032f4ca3ee90af221942b6\/olympiaef-semiboldoblique.ufo\/glyphs\/underscore.glif":"\/fonts\/Unpacking\/16d5185022641f0885032f4ca3ee90af221942b6\/olympiaef-semiboldoblique.ufo\/glyphs\/underscore.glif","\/fonts\/Unpacking\/16d5185022641f0885032f4ca3ee90af221942b6\/olympiaef-semiboldoblique.ufo\/glyphs\/v.glif":"\/fonts\/Unpacking\/16d5185022641f0885032f4ca3ee90af221942b6\/olympiaef-semiboldoblique.ufo\/glyphs\/v.glif","\/fonts\/Unpacking\/16d5185022641f0885032f4ca3ee90af221942b6\/olympiaef-semiboldoblique.ufo\/glyphs\/w.glif":"\/fonts\/Unpacking\/16d5185022641f0885032f4ca3ee90af221942b6\/olympiaef-semiboldoblique.ufo\/glyphs\/w.glif","\/fonts\/Unpacking\/16d5185022641f0885032f4ca3ee90af221942b6\/olympiaef-semiboldoblique.ufo\/glyphs\/x.glif":"\/fonts\/Unpacking\/16d5185022641f0885032f4ca3ee90af221942b6\/olympiaef-semiboldoblique.ufo\/glyphs\/x.glif","\/fonts\/Unpacking\/16d5185022641f0885032f4ca3ee90af221942b6\/olympiaef-semiboldoblique.ufo\/glyphs\/y.glif":"\/fonts\/Unpacking\/16d5185022641f0885032f4ca3ee90af221942b6\/olympiaef-semiboldoblique.ufo\/glyphs\/y.glif","\/fonts\/Unpacking\/16d5185022641f0885032f4ca3ee90af221942b6\/olympiaef-semiboldoblique.ufo\/glyphs\/ydieresis.glif":"\/fonts\/Unpacking\/16d5185022641f0885032f4ca3ee90af221942b6\/olympiaef-semiboldoblique.ufo\/glyphs\/ydieresis.glif","\/fonts\/Unpacking\/16d5185022641f0885032f4ca3ee90af221942b6\/olympiaef-semiboldoblique.ufo\/glyphs\/yen.glif":"\/fonts\/Unpacking\/16d5185022641f0885032f4ca3ee90af221942b6\/olympiaef-semiboldoblique.ufo\/glyphs\/yen.glif","\/fonts\/Unpacking\/16d5185022641f0885032f4ca3ee90af221942b6\/olympiaef-semiboldoblique.ufo\/glyphs\/z.glif":"\/fonts\/Unpacking\/16d5185022641f0885032f4ca3ee90af221942b6\/olympiaef-semiboldoblique.ufo\/glyphs\/z.glif","\/fonts\/Unpacking\/16d5185022641f0885032f4ca3ee90af221942b6\/olympiaef-semiboldoblique.ufo\/glyphs\/zero.glif":"\/fonts\/Unpacking\/16d5185022641f0885032f4ca3ee90af221942b6\/olympiaef-semiboldoblique.ufo\/glyphs\/zero.glif"},"Font":null,"Licences":{"":false},"Table":{"FFTM":{"entryLength":16,"tag":"FFTM","checksum":1944266888,"offset":22956,"length":28},"GDEF":{"entryLength":16,"tag":"GDEF","checksum":17760262,"offset":22924,"length":32},"OS\/2":{"entryLength":16,"tag":"OS\/2","checksum":2016558177,"offset":344,"length":86},"cmap":{"entryLength":16,"tag":"cmap","checksum":1712890833,"offset":892,"length":694},"gasp":{"entryLength":16,"tag":"gasp","checksum":4294901763,"offset":22916,"length":8},"glyf":{"entryLength":16,"tag":"glyf","checksum":3096270421,"offset":2044,"length":19544},"head":{"entryLength":16,"tag":"head","checksum":151170065,"offset":220,"length":54},"hhea":{"entryLength":16,"tag":"hhea","checksum":100532533,"offset":276,"length":36},"hmtx":{"entryLength":16,"tag":"hmtx","checksum":336007463,"offset":432,"length":460},"loca":{"entryLength":16,"tag":"loca","checksum":987506884,"offset":1588,"length":454},"maxp":{"entryLength":16,"tag":"maxp","checksum":19595358,"offset":312,"length":32},"name":{"entryLength":16,"tag":"name","checksum":2795370927,"offset":21588,"length":831},"post":{"entryLength":16,"tag":"post","checksum":4159351346,"offset":22420,"length":494}},"UnicodeCharMap":{"32":3,"33":4,"34":5,"35":6,"36":7,"37":8,"38":9,"39":10,"40":11,"41":12,"42":13,"43":14,"44":15,"45":16,"46":17,"47":18,"48":19,"49":20,"50":21,"51":22,"52":23,"53":24,"54":25,"55":26,"56":27,"57":28,"58":29,"59":30,"60":31,"61":32,"62":33,"63":34,"64":35,"65":36,"66":37,"67":38,"68":39,"69":40,"70":41,"71":42,"72":43,"73":44,"74":45,"75":46,"76":47,"77":48,"78":49,"79":50,"80":51,"81":52,"82":53,"83":54,"84":55,"85":56,"86":57,"87":58,"88":59,"89":60,"90":61,"91":62,"92":63,"93":64,"94":65,"95":66,"96":67,"97":68,"98":69,"99":70,"100":71,"101":72,"102":73,"103":74,"104":75,"105":76,"106":77,"107":78,"108":79,"109":80,"110":81,"111":82,"112":83,"113":84,"114":85,"115":86,"116":87,"117":88,"118":89,"119":90,"120":91,"121":92,"122":93,"123":94,"124":95,"125":96,"126":97,"160":98,"161":99,"162":100,"163":101,"164":102,"165":103,"167":104,"168":105,"169":106,"170":107,"171":108,"172":109,"174":110,"175":111,"176":112,"177":113,"180":114,"182":116,"183":117,"184":118,"186":119,"187":120,"191":121,"192":122,"193":123,"194":124,"195":125,"196":126,"197":127,"198":128,"199":129,"200":130,"201":131,"202":132,"203":133,"204":134,"205":135,"206":136,"207":137,"209":138,"210":139,"211":140,"212":141,"213":142,"214":143,"216":144,"217":145,"218":146,"219":147,"220":148,"223":149,"224":150,"225":151,"226":152,"227":153,"228":154,"229":155,"230":156,"231":157,"232":158,"233":159,"234":160,"235":161,"236":162,"237":163,"238":164,"239":165,"241":166,"242":167,"243":168,"244":169,"245":170,"246":171,"247":172,"248":173,"249":174,"250":175,"251":176,"252":177,"255":178,"305":207,"338":206,"339":208,"376":224,"402":182,"710":197,"711":204,"728":199,"729":200,"730":201,"731":203,"732":198,"733":202,"916":222,"937":219,"956":115,"960":217,"8211":188,"8212":205,"8216":180,"8217":179,"8218":192,"8220":183,"8221":194,"8222":193,"8224":189,"8225":190,"8226":191,"8230":195,"8240":196,"8249":184,"8250":185,"8260":181,"8482":209,"8706":214,"8719":216,"8721":215,"8730":220,"8734":211,"8747":218,"8776":221,"8800":210,"8804":212,"8805":213,"9674":223,"64257":186,"64258":187},"Reserves":null,"Names":[],"Nodes":[],"Contributors":[],"FontIdentity":"2bdfe0097f81099230b8b60afb4132ec","Bytes":2265904,"Networking":null,"barcode":null,"referee":null}