{"CSS":{"Needlepoint":"Needlepoint.css"},"FontType":"TrueType","FontCopyright":"Digital font data from The WSI-FONT Collection.  Copyright (c)1992-1994 Weatherly Systems, Inc.  All Rights Reserved.  Redistribution strictly prohibited.","FontName":"Needlepoint","FontSubfamily":"Thin","FontSubfamilyID":"FontForge 2.0 : Needlepoint : 27-12-2016","FontFullName":"Needlepoint","FontVersion":"Version Media Graphics Inter ","FontWeight":null,"FontPostscriptName":"Needlepoint","Files":{"needlepoint.afm":"needlepoint.afm","needlepoint.bin":"needlepoint.bin","needlepoint.cef":"needlepoint.cef","needlepoint.cff":"needlepoint.cff","needlepoint.cid":"needlepoint.cid","needlepoint.dfont":"needlepoint.dfont","needlepoint.eot":"needlepoint.eot","needlepoint.fon":"needlepoint.fon","needlepoint.gai":"needlepoint.gai","needlepoint.gsf":"needlepoint.gsf","needlepoint.hqx":"needlepoint.hqx","needlepoint.ik":"needlepoint.ik","needlepoint.mf":"needlepoint.mf","needlepoint.otf":"needlepoint.otf","needlepoint.pcf":"needlepoint.pcf","needlepoint.pf3":"needlepoint.pf3","needlepoint.pfa":"needlepoint.pfa","needlepoint.pfb":"needlepoint.pfb","needlepoint.php":"needlepoint.php","needlepoint.pmf":"needlepoint.pmf","needlepoint.pt3":"needlepoint.pt3","needlepoint.sfd":"needlepoint.sfd","needlepoint.svg":"needlepoint.svg","needlepoint.t42":"needlepoint.t42","needlepoint.ttd":"needlepoint.ttd","needlepoint.ttf":"needlepoint.ttf","needlepoint.ttg":"needlepoint.ttg","needlepoint.ufm":"needlepoint.ufm","needlepoint.woff":"needlepoint.woff","needlepoint.z":"needlepoint.z","":{"needlepoint.afm":"needlepoint.afm","needlepoint.bin":"needlepoint.bin","needlepoint.cef":"needlepoint.cef","needlepoint.cff":"needlepoint.cff","needlepoint.cid":"needlepoint.cid","needlepoint.dfont":"needlepoint.dfont","needlepoint.eot":"needlepoint.eot","needlepoint.fon":"needlepoint.fon","needlepoint.gai":"needlepoint.gai","needlepoint.gsf":"needlepoint.gsf","needlepoint.hqx":"needlepoint.hqx","needlepoint.ik":"needlepoint.ik","needlepoint.mf":"needlepoint.mf","needlepoint.otf":"needlepoint.otf","needlepoint.pcf":"needlepoint.pcf","needlepoint.pf3":"needlepoint.pf3","needlepoint.pfa":"needlepoint.pfa","needlepoint.pfb":"needlepoint.pfb","needlepoint.php":"needlepoint.php","needlepoint.pmf":"needlepoint.pmf","needlepoint.pt3":"needlepoint.pt3","needlepoint.sfd":"needlepoint.sfd","needlepoint.svg":"needlepoint.svg","needlepoint.t42":"needlepoint.t42","needlepoint.ttd":"needlepoint.ttd","needlepoint.ttf":"needlepoint.ttf","needlepoint.ttg":"needlepoint.ttg","needlepoint.ufm":"needlepoint.ufm","needlepoint.woff":"needlepoint.woff","needlepoint.z":"needlepoint.z"},"\/needlepoint.ufo":{"feature.fea":"feature.fea","fontinfo.plist":"fontinfo.plist","groups.plist":"groups.plist","kerning.plist":"kerning.plist","metainfo.plist":"metainfo.plist"},"\/needlepoint.ufo\/glyphs":{"A_.glif":"A_.glif","A_E_.glif":"A_E_.glif","A_acute.glif":"A_acute.glif","A_circumflex.glif":"A_circumflex.glif","A_dieresis.glif":"A_dieresis.glif","A_grave.glif":"A_grave.glif","A_ring.glif":"A_ring.glif","A_tilde.glif":"A_tilde.glif","B_.glif":"B_.glif","C_.glif":"C_.glif","C_cedilla.glif":"C_cedilla.glif","D_.glif":"D_.glif","E_.glif":"E_.glif","E_acute.glif":"E_acute.glif","E_circumflex.glif":"E_circumflex.glif","E_dieresis.glif":"E_dieresis.glif","E_grave.glif":"E_grave.glif","E_th.glif":"E_th.glif","F_.glif":"F_.glif","G_.glif":"G_.glif","H_.glif":"H_.glif","I_.glif":"I_.glif","I_acute.glif":"I_acute.glif","I_circumflex.glif":"I_circumflex.glif","I_dieresis.glif":"I_dieresis.glif","I_grave.glif":"I_grave.glif","J_.glif":"J_.glif","K_.glif":"K_.glif","L_.glif":"L_.glif","L_slash.glif":"L_slash.glif","M_.glif":"M_.glif","N_.glif":"N_.glif","N_tilde.glif":"N_tilde.glif","O_.glif":"O_.glif","O_E_.glif":"O_E_.glif","O_acute.glif":"O_acute.glif","O_circumflex.glif":"O_circumflex.glif","O_dieresis.glif":"O_dieresis.glif","O_grave.glif":"O_grave.glif","O_slash.glif":"O_slash.glif","O_tilde.glif":"O_tilde.glif","P_.glif":"P_.glif","Q_.glif":"Q_.glif","R_.glif":"R_.glif","S_.glif":"S_.glif","S_caron.glif":"S_caron.glif","T_.glif":"T_.glif","T_horn.glif":"T_horn.glif","U_.glif":"U_.glif","U_acute.glif":"U_acute.glif","U_circumflex.glif":"U_circumflex.glif","U_dieresis.glif":"U_dieresis.glif","U_grave.glif":"U_grave.glif","V_.glif":"V_.glif","W_.glif":"W_.glif","X_.glif":"X_.glif","Y_.glif":"Y_.glif","Y_acute.glif":"Y_acute.glif","Y_dieresis.glif":"Y_dieresis.glif","Z_.glif":"Z_.glif","Z_caron.glif":"Z_caron.glif","_notdef.glif":"_notdef.glif","_null.glif":"_null.glif","a.glif":"a.glif","aacute.glif":"aacute.glif","acircumflex.glif":"acircumflex.glif","acute.glif":"acute.glif","adieresis.glif":"adieresis.glif","ae.glif":"ae.glif","agrave.glif":"agrave.glif","ampersand.glif":"ampersand.glif","aring.glif":"aring.glif","asciicircum.glif":"asciicircum.glif","asciitilde.glif":"asciitilde.glif","asterisk.glif":"asterisk.glif","at.glif":"at.glif","atilde.glif":"atilde.glif","b.glif":"b.glif","backslash.glif":"backslash.glif","bar.glif":"bar.glif","braceleft.glif":"braceleft.glif","braceright.glif":"braceright.glif","bracketleft.glif":"bracketleft.glif","bracketright.glif":"bracketright.glif","breve.glif":"breve.glif","brokenbar.glif":"brokenbar.glif","bullet.glif":"bullet.glif","c.glif":"c.glif","caron.glif":"caron.glif","ccedilla.glif":"ccedilla.glif","cedilla.glif":"cedilla.glif","cent.glif":"cent.glif","circumflex.glif":"circumflex.glif","colon.glif":"colon.glif","comma.glif":"comma.glif","contents.plist":"contents.plist","copyright.glif":"copyright.glif","currency.glif":"currency.glif","d.glif":"d.glif","dagger.glif":"dagger.glif","daggerdbl.glif":"daggerdbl.glif","degree.glif":"degree.glif","dieresis.glif":"dieresis.glif","divide.glif":"divide.glif","dollar.glif":"dollar.glif","dotlessi.glif":"dotlessi.glif","e.glif":"e.glif","eacute.glif":"eacute.glif","ecircumflex.glif":"ecircumflex.glif","edieresis.glif":"edieresis.glif","egrave.glif":"egrave.glif","eight.glif":"eight.glif","ellipsis.glif":"ellipsis.glif","emdash.glif":"emdash.glif","endash.glif":"endash.glif","equal.glif":"equal.glif","eth.glif":"eth.glif","exclam.glif":"exclam.glif","exclamdown.glif":"exclamdown.glif","f.glif":"f.glif","fi.glif":"fi.glif","five.glif":"five.glif","fl.glif":"fl.glif","florin.glif":"florin.glif","four.glif":"four.glif","fraction.glif":"fraction.glif","g.glif":"g.glif","germandbls.glif":"germandbls.glif","grave.glif":"grave.glif","greater.glif":"greater.glif","guillemotleft.glif":"guillemotleft.glif","guillemotright.glif":"guillemotright.glif","guilsinglleft.glif":"guilsinglleft.glif","guilsinglright.glif":"guilsinglright.glif","h.glif":"h.glif","hyphen.glif":"hyphen.glif","i.glif":"i.glif","iacute.glif":"iacute.glif","icircumflex.glif":"icircumflex.glif","idieresis.glif":"idieresis.glif","igrave.glif":"igrave.glif","j.glif":"j.glif","k.glif":"k.glif","l.glif":"l.glif","less.glif":"less.glif","logicalnot.glif":"logicalnot.glif","lslash.glif":"lslash.glif","m.glif":"m.glif","macron.glif":"macron.glif","minus.glif":"minus.glif","mu.glif":"mu.glif","multiply.glif":"multiply.glif","n.glif":"n.glif","nine.glif":"nine.glif","nonbreakingspace.glif":"nonbreakingspace.glif","nonmarkingreturn.glif":"nonmarkingreturn.glif","ntilde.glif":"ntilde.glif","numbersign.glif":"numbersign.glif","o.glif":"o.glif","oacute.glif":"oacute.glif","ocircumflex.glif":"ocircumflex.glif","odieresis.glif":"odieresis.glif","oe.glif":"oe.glif","ograve.glif":"ograve.glif","one.glif":"one.glif","onehalf.glif":"onehalf.glif","onequarter.glif":"onequarter.glif","onesuperior.glif":"onesuperior.glif","ordfeminine.glif":"ordfeminine.glif","ordmasculine.glif":"ordmasculine.glif","oslash.glif":"oslash.glif","otilde.glif":"otilde.glif","p.glif":"p.glif","paragraph.glif":"paragraph.glif","parenleft.glif":"parenleft.glif","parenright.glif":"parenright.glif","percent.glif":"percent.glif","period.glif":"period.glif","periodcentered.glif":"periodcentered.glif","perthousand.glif":"perthousand.glif","plus.glif":"plus.glif","plusminus.glif":"plusminus.glif","q.glif":"q.glif","question.glif":"question.glif","questiondown.glif":"questiondown.glif","quotedbl.glif":"quotedbl.glif","quotedblbase.glif":"quotedblbase.glif","quotedblleft.glif":"quotedblleft.glif","quotedblright.glif":"quotedblright.glif","quoteleft.glif":"quoteleft.glif","quoteright.glif":"quoteright.glif","quotesinglbase.glif":"quotesinglbase.glif","quotesingle.glif":"quotesingle.glif","r.glif":"r.glif","registered.glif":"registered.glif","ring.glif":"ring.glif","s.glif":"s.glif","scaron.glif":"scaron.glif","section.glif":"section.glif","semicolon.glif":"semicolon.glif","seven.glif":"seven.glif","six.glif":"six.glif","slash.glif":"slash.glif","space.glif":"space.glif","sterling.glif":"sterling.glif","t.glif":"t.glif","thorn.glif":"thorn.glif","three.glif":"three.glif","threequarters.glif":"threequarters.glif","threesuperior.glif":"threesuperior.glif","tilde.glif":"tilde.glif","trademark.glif":"trademark.glif","two.glif":"two.glif","twosuperior.glif":"twosuperior.glif","u.glif":"u.glif","uacute.glif":"uacute.glif","ucircumflex.glif":"ucircumflex.glif","udieresis.glif":"udieresis.glif","ugrave.glif":"ugrave.glif","underscore.glif":"underscore.glif","v.glif":"v.glif","w.glif":"w.glif","x.glif":"x.glif","y.glif":"y.glif","yacute.glif":"yacute.glif","ydieresis.glif":"ydieresis.glif","yen.glif":"yen.glif","z.glif":"z.glif","zcaron.glif":"zcaron.glif","zero.glif":"zero.glif"}},"Font":{"uploaded":1482805377.9161,"licence":"gpl3","company":"Chronolabs Cooperative","title":"Nesobrite Rg Bold","version":2.001,"date":"Sat Oct 15 01:00:33 2016","creator":"root","type":"1","matrix":"0.001 0 0 0.001 0 0","named":"NesobriteRg-Bold","painttype":"0","info":"11 dict dup","name":"NesobriteRg-Bold","family":"Nesobrite Rg","weight":"Bold","fstype":"0","italicangle":"0","underlineposition":"","underlinethickness":""},"Table":{"FFTM":{"entryLength":16,"tag":"FFTM","checksum":1947016120,"offset":63704,"length":28},"GDEF":{"entryLength":16,"tag":"GDEF","checksum":17956868,"offset":63672,"length":32},"OS\/2":{"entryLength":16,"tag":"OS\/2","checksum":1434982498,"offset":344,"length":86},"cmap":{"entryLength":16,"tag":"cmap","checksum":1746710899,"offset":1348,"length":568},"gasp":{"entryLength":16,"tag":"gasp","checksum":4294901763,"offset":63664,"length":8},"glyf":{"entryLength":16,"tag":"glyf","checksum":3854974945,"offset":2376,"length":59820},"head":{"entryLength":16,"tag":"head","checksum":326915636,"offset":220,"length":54},"hhea":{"entryLength":16,"tag":"hhea","checksum":137299050,"offset":276,"length":36},"hmtx":{"entryLength":16,"tag":"hmtx","checksum":131334824,"offset":432,"length":916},"loca":{"entryLength":16,"tag":"loca","checksum":2915363484,"offset":1916,"length":460},"maxp":{"entryLength":16,"tag":"maxp","checksum":26280591,"offset":312,"length":32},"name":{"entryLength":16,"tag":"name","checksum":1425443903,"offset":62196,"length":975},"post":{"entryLength":16,"tag":"post","checksum":896480750,"offset":63172,"length":492}},"UnicodeCharMap":{"0":1,"13":2,"32":3,"33":4,"34":5,"35":6,"36":7,"37":8,"38":9,"39":10,"40":11,"41":12,"42":13,"43":14,"44":15,"45":16,"46":17,"47":18,"48":19,"49":20,"50":21,"51":22,"52":23,"53":24,"54":25,"55":26,"56":27,"57":28,"58":29,"59":30,"60":31,"61":32,"62":33,"63":34,"64":35,"65":36,"66":37,"67":38,"68":39,"69":40,"70":41,"71":42,"72":43,"73":44,"74":45,"75":46,"76":47,"77":48,"78":49,"79":50,"80":51,"81":52,"82":53,"83":54,"84":55,"85":56,"86":57,"87":58,"88":59,"89":60,"90":61,"91":62,"92":63,"93":64,"94":65,"95":66,"96":67,"97":68,"98":69,"99":70,"100":71,"101":72,"102":73,"103":74,"104":75,"105":76,"106":77,"107":78,"108":79,"109":80,"110":81,"111":82,"112":83,"113":84,"114":85,"115":86,"116":87,"117":88,"118":89,"119":90,"120":91,"121":92,"122":93,"123":94,"124":95,"125":96,"126":97,"160":98,"161":99,"162":100,"163":101,"164":102,"165":103,"166":104,"167":105,"168":106,"169":107,"170":108,"171":109,"172":110,"174":112,"175":113,"176":114,"177":115,"178":116,"179":117,"180":118,"182":120,"183":121,"184":122,"185":123,"186":124,"187":125,"188":126,"189":127,"190":128,"191":129,"192":130,"193":131,"194":132,"195":133,"196":134,"197":135,"198":136,"199":137,"200":138,"201":139,"202":140,"203":141,"204":142,"205":143,"206":144,"207":145,"208":146,"209":147,"210":148,"211":149,"212":150,"213":151,"214":152,"215":153,"216":154,"217":155,"218":156,"219":157,"220":158,"221":159,"222":160,"223":161,"224":162,"225":163,"226":164,"227":165,"228":166,"229":167,"230":168,"231":169,"232":170,"233":171,"234":172,"235":173,"236":174,"237":175,"238":176,"239":177,"240":178,"241":179,"242":180,"243":181,"244":182,"245":183,"246":184,"247":185,"248":186,"249":187,"250":188,"251":189,"252":190,"253":191,"254":192,"255":193,"305":217,"321":223,"322":224,"338":199,"339":200,"352":225,"353":226,"376":207,"381":227,"382":228,"402":197,"710":218,"711":222,"728":220,"730":221,"732":219,"956":119,"8211":201,"8212":202,"8216":205,"8217":206,"8218":214,"8220":203,"8221":204,"8222":215,"8224":194,"8225":213,"8226":195,"8230":198,"8240":216,"8249":209,"8250":210,"8260":208,"8482":196,"8722":111,"64257":211,"64258":212},"Reserves":null,"Names":[],"Nodes":{"ne":{"type":"typal","node":"ne","usage":1,"weight":1},"nt":{"type":"typal","node":"nt","usage":1,"weight":1},"nee":{"type":"typal","node":"nee","usage":1,"weight":1},"int":{"type":"typal","node":"int","usage":1,"weight":1},"need":{"type":"keys","node":"need","usage":1,"weight":1},"oint":{"type":"keys","node":"oint","usage":1,"weight":1},"needl":{"type":"keys","node":"needl","usage":1,"weight":1},"point":{"type":"keys","node":"point","usage":1,"weight":1},"needlepoint":{"type":"fixes","node":"needlepoint","usage":1,"weight":1}},"Contributors":[],"FontIdentity":"8a8644b676c76e59b3d96f6312ad30e2","Bytes":6084277,"Networking":[],"barcode":"12sscu5oqwwga6","referee":"skwum"}