{"CSS":{"Needlepoint":"zinc17:7f3d9429a174e440b37a4694d.css"},"FontType":"TrueType","FontCopyright":"Digital font data from The WSI-FONT Collection.  Copyright (c)1992-1994 Weatherly Systems, Inc.  All Rights Reserved.  Redistribution strictly prohibited.","FontName":"Needlepoint","FontSubfamily":"Thin","FontSubfamilyID":"FontForge 2.0 : Needlepoint : 30-11-2016","FontFullName":"Needlepoint","FontVersion":"Version Media Graphics Inter ","FontWeight":null,"FontPostscriptName":"Needlepoint","Files":{"\/Needlepoint.css":"\/Needlepoint.css","\/font-resource.json":"\/font-resource.json","\/needlpnt.afm":"\/needlpnt.afm","\/needlpnt.cef":"\/needlpnt.cef","\/needlpnt.cff":"\/needlpnt.cff","\/needlpnt.eot":"\/needlpnt.eot","\/needlpnt.gai":"\/needlpnt.gai","\/needlpnt.gsf":"\/needlpnt.gsf","\/needlpnt.otf":"\/needlpnt.otf","\/needlpnt.pf3":"\/needlpnt.pf3","\/needlpnt.pfa":"\/needlpnt.pfa","\/needlpnt.pfb":"\/needlpnt.pfb","\/needlpnt.php":"\/needlpnt.php","\/needlpnt.pt3":"\/needlpnt.pt3","\/needlpnt.sfd":"\/needlpnt.sfd","\/needlpnt.svg":"\/needlpnt.svg","\/needlpnt.t42":"\/needlpnt.t42","\/needlpnt.ttd":"\/needlpnt.ttd","\/needlpnt.ttf":"\/needlpnt.ttf","\/needlpnt.ttg":"\/needlpnt.ttg","\/needlpnt.ufm":"\/needlpnt.ufm","\/needlpnt.woff":"\/needlpnt.woff","\/needlpnt.z":"\/needlpnt.z","\/needlpnt.ufo\/feature.fea":"\/needlpnt.ufo\/feature.fea","\/needlpnt.ufo\/fontinfo.plist":"\/needlpnt.ufo\/fontinfo.plist","\/needlpnt.ufo\/groups.plist":"\/needlpnt.ufo\/groups.plist","\/needlpnt.ufo\/kerning.plist":"\/needlpnt.ufo\/kerning.plist","\/needlpnt.ufo\/metainfo.plist":"\/needlpnt.ufo\/metainfo.plist","\/needlpnt.ufo\/glyphs\/A_.glif":"\/needlpnt.ufo\/glyphs\/A_.glif","\/needlpnt.ufo\/glyphs\/A_E_.glif":"\/needlpnt.ufo\/glyphs\/A_E_.glif","\/needlpnt.ufo\/glyphs\/A_acute.glif":"\/needlpnt.ufo\/glyphs\/A_acute.glif","\/needlpnt.ufo\/glyphs\/A_circumflex.glif":"\/needlpnt.ufo\/glyphs\/A_circumflex.glif","\/needlpnt.ufo\/glyphs\/A_dieresis.glif":"\/needlpnt.ufo\/glyphs\/A_dieresis.glif","\/needlpnt.ufo\/glyphs\/A_grave.glif":"\/needlpnt.ufo\/glyphs\/A_grave.glif","\/needlpnt.ufo\/glyphs\/A_ring.glif":"\/needlpnt.ufo\/glyphs\/A_ring.glif","\/needlpnt.ufo\/glyphs\/A_tilde.glif":"\/needlpnt.ufo\/glyphs\/A_tilde.glif","\/needlpnt.ufo\/glyphs\/B_.glif":"\/needlpnt.ufo\/glyphs\/B_.glif","\/needlpnt.ufo\/glyphs\/C_.glif":"\/needlpnt.ufo\/glyphs\/C_.glif","\/needlpnt.ufo\/glyphs\/C_cedilla.glif":"\/needlpnt.ufo\/glyphs\/C_cedilla.glif","\/needlpnt.ufo\/glyphs\/D_.glif":"\/needlpnt.ufo\/glyphs\/D_.glif","\/needlpnt.ufo\/glyphs\/E_.glif":"\/needlpnt.ufo\/glyphs\/E_.glif","\/needlpnt.ufo\/glyphs\/E_acute.glif":"\/needlpnt.ufo\/glyphs\/E_acute.glif","\/needlpnt.ufo\/glyphs\/E_circumflex.glif":"\/needlpnt.ufo\/glyphs\/E_circumflex.glif","\/needlpnt.ufo\/glyphs\/E_dieresis.glif":"\/needlpnt.ufo\/glyphs\/E_dieresis.glif","\/needlpnt.ufo\/glyphs\/E_grave.glif":"\/needlpnt.ufo\/glyphs\/E_grave.glif","\/needlpnt.ufo\/glyphs\/E_th.glif":"\/needlpnt.ufo\/glyphs\/E_th.glif","\/needlpnt.ufo\/glyphs\/F_.glif":"\/needlpnt.ufo\/glyphs\/F_.glif","\/needlpnt.ufo\/glyphs\/G_.glif":"\/needlpnt.ufo\/glyphs\/G_.glif","\/needlpnt.ufo\/glyphs\/H_.glif":"\/needlpnt.ufo\/glyphs\/H_.glif","\/needlpnt.ufo\/glyphs\/I_.glif":"\/needlpnt.ufo\/glyphs\/I_.glif","\/needlpnt.ufo\/glyphs\/I_acute.glif":"\/needlpnt.ufo\/glyphs\/I_acute.glif","\/needlpnt.ufo\/glyphs\/I_circumflex.glif":"\/needlpnt.ufo\/glyphs\/I_circumflex.glif","\/needlpnt.ufo\/glyphs\/I_dieresis.glif":"\/needlpnt.ufo\/glyphs\/I_dieresis.glif","\/needlpnt.ufo\/glyphs\/I_grave.glif":"\/needlpnt.ufo\/glyphs\/I_grave.glif","\/needlpnt.ufo\/glyphs\/J_.glif":"\/needlpnt.ufo\/glyphs\/J_.glif","\/needlpnt.ufo\/glyphs\/K_.glif":"\/needlpnt.ufo\/glyphs\/K_.glif","\/needlpnt.ufo\/glyphs\/L_.glif":"\/needlpnt.ufo\/glyphs\/L_.glif","\/needlpnt.ufo\/glyphs\/L_slash.glif":"\/needlpnt.ufo\/glyphs\/L_slash.glif","\/needlpnt.ufo\/glyphs\/M_.glif":"\/needlpnt.ufo\/glyphs\/M_.glif","\/needlpnt.ufo\/glyphs\/N_.glif":"\/needlpnt.ufo\/glyphs\/N_.glif","\/needlpnt.ufo\/glyphs\/N_tilde.glif":"\/needlpnt.ufo\/glyphs\/N_tilde.glif","\/needlpnt.ufo\/glyphs\/O_.glif":"\/needlpnt.ufo\/glyphs\/O_.glif","\/needlpnt.ufo\/glyphs\/O_E_.glif":"\/needlpnt.ufo\/glyphs\/O_E_.glif","\/needlpnt.ufo\/glyphs\/O_acute.glif":"\/needlpnt.ufo\/glyphs\/O_acute.glif","\/needlpnt.ufo\/glyphs\/O_circumflex.glif":"\/needlpnt.ufo\/glyphs\/O_circumflex.glif","\/needlpnt.ufo\/glyphs\/O_dieresis.glif":"\/needlpnt.ufo\/glyphs\/O_dieresis.glif","\/needlpnt.ufo\/glyphs\/O_grave.glif":"\/needlpnt.ufo\/glyphs\/O_grave.glif","\/needlpnt.ufo\/glyphs\/O_slash.glif":"\/needlpnt.ufo\/glyphs\/O_slash.glif","\/needlpnt.ufo\/glyphs\/O_tilde.glif":"\/needlpnt.ufo\/glyphs\/O_tilde.glif","\/needlpnt.ufo\/glyphs\/P_.glif":"\/needlpnt.ufo\/glyphs\/P_.glif","\/needlpnt.ufo\/glyphs\/Q_.glif":"\/needlpnt.ufo\/glyphs\/Q_.glif","\/needlpnt.ufo\/glyphs\/R_.glif":"\/needlpnt.ufo\/glyphs\/R_.glif","\/needlpnt.ufo\/glyphs\/S_.glif":"\/needlpnt.ufo\/glyphs\/S_.glif","\/needlpnt.ufo\/glyphs\/S_caron.glif":"\/needlpnt.ufo\/glyphs\/S_caron.glif","\/needlpnt.ufo\/glyphs\/T_.glif":"\/needlpnt.ufo\/glyphs\/T_.glif","\/needlpnt.ufo\/glyphs\/T_horn.glif":"\/needlpnt.ufo\/glyphs\/T_horn.glif","\/needlpnt.ufo\/glyphs\/U_.glif":"\/needlpnt.ufo\/glyphs\/U_.glif","\/needlpnt.ufo\/glyphs\/U_acute.glif":"\/needlpnt.ufo\/glyphs\/U_acute.glif","\/needlpnt.ufo\/glyphs\/U_circumflex.glif":"\/needlpnt.ufo\/glyphs\/U_circumflex.glif","\/needlpnt.ufo\/glyphs\/U_dieresis.glif":"\/needlpnt.ufo\/glyphs\/U_dieresis.glif","\/needlpnt.ufo\/glyphs\/U_grave.glif":"\/needlpnt.ufo\/glyphs\/U_grave.glif","\/needlpnt.ufo\/glyphs\/V_.glif":"\/needlpnt.ufo\/glyphs\/V_.glif","\/needlpnt.ufo\/glyphs\/W_.glif":"\/needlpnt.ufo\/glyphs\/W_.glif","\/needlpnt.ufo\/glyphs\/X_.glif":"\/needlpnt.ufo\/glyphs\/X_.glif","\/needlpnt.ufo\/glyphs\/Y_.glif":"\/needlpnt.ufo\/glyphs\/Y_.glif","\/needlpnt.ufo\/glyphs\/Y_acute.glif":"\/needlpnt.ufo\/glyphs\/Y_acute.glif","\/needlpnt.ufo\/glyphs\/Y_dieresis.glif":"\/needlpnt.ufo\/glyphs\/Y_dieresis.glif","\/needlpnt.ufo\/glyphs\/Z_.glif":"\/needlpnt.ufo\/glyphs\/Z_.glif","\/needlpnt.ufo\/glyphs\/Z_caron.glif":"\/needlpnt.ufo\/glyphs\/Z_caron.glif","\/needlpnt.ufo\/glyphs\/_notdef.glif":"\/needlpnt.ufo\/glyphs\/_notdef.glif","\/needlpnt.ufo\/glyphs\/_null.glif":"\/needlpnt.ufo\/glyphs\/_null.glif","\/needlpnt.ufo\/glyphs\/a.glif":"\/needlpnt.ufo\/glyphs\/a.glif","\/needlpnt.ufo\/glyphs\/aacute.glif":"\/needlpnt.ufo\/glyphs\/aacute.glif","\/needlpnt.ufo\/glyphs\/acircumflex.glif":"\/needlpnt.ufo\/glyphs\/acircumflex.glif","\/needlpnt.ufo\/glyphs\/acute.glif":"\/needlpnt.ufo\/glyphs\/acute.glif","\/needlpnt.ufo\/glyphs\/adieresis.glif":"\/needlpnt.ufo\/glyphs\/adieresis.glif","\/needlpnt.ufo\/glyphs\/ae.glif":"\/needlpnt.ufo\/glyphs\/ae.glif","\/needlpnt.ufo\/glyphs\/agrave.glif":"\/needlpnt.ufo\/glyphs\/agrave.glif","\/needlpnt.ufo\/glyphs\/ampersand.glif":"\/needlpnt.ufo\/glyphs\/ampersand.glif","\/needlpnt.ufo\/glyphs\/aring.glif":"\/needlpnt.ufo\/glyphs\/aring.glif","\/needlpnt.ufo\/glyphs\/asciicircum.glif":"\/needlpnt.ufo\/glyphs\/asciicircum.glif","\/needlpnt.ufo\/glyphs\/asciitilde.glif":"\/needlpnt.ufo\/glyphs\/asciitilde.glif","\/needlpnt.ufo\/glyphs\/asterisk.glif":"\/needlpnt.ufo\/glyphs\/asterisk.glif","\/needlpnt.ufo\/glyphs\/at.glif":"\/needlpnt.ufo\/glyphs\/at.glif","\/needlpnt.ufo\/glyphs\/atilde.glif":"\/needlpnt.ufo\/glyphs\/atilde.glif","\/needlpnt.ufo\/glyphs\/b.glif":"\/needlpnt.ufo\/glyphs\/b.glif","\/needlpnt.ufo\/glyphs\/backslash.glif":"\/needlpnt.ufo\/glyphs\/backslash.glif","\/needlpnt.ufo\/glyphs\/bar.glif":"\/needlpnt.ufo\/glyphs\/bar.glif","\/needlpnt.ufo\/glyphs\/braceleft.glif":"\/needlpnt.ufo\/glyphs\/braceleft.glif","\/needlpnt.ufo\/glyphs\/braceright.glif":"\/needlpnt.ufo\/glyphs\/braceright.glif","\/needlpnt.ufo\/glyphs\/bracketleft.glif":"\/needlpnt.ufo\/glyphs\/bracketleft.glif","\/needlpnt.ufo\/glyphs\/bracketright.glif":"\/needlpnt.ufo\/glyphs\/bracketright.glif","\/needlpnt.ufo\/glyphs\/breve.glif":"\/needlpnt.ufo\/glyphs\/breve.glif","\/needlpnt.ufo\/glyphs\/brokenbar.glif":"\/needlpnt.ufo\/glyphs\/brokenbar.glif","\/needlpnt.ufo\/glyphs\/bullet.glif":"\/needlpnt.ufo\/glyphs\/bullet.glif","\/needlpnt.ufo\/glyphs\/c.glif":"\/needlpnt.ufo\/glyphs\/c.glif","\/needlpnt.ufo\/glyphs\/caron.glif":"\/needlpnt.ufo\/glyphs\/caron.glif","\/needlpnt.ufo\/glyphs\/ccedilla.glif":"\/needlpnt.ufo\/glyphs\/ccedilla.glif","\/needlpnt.ufo\/glyphs\/cedilla.glif":"\/needlpnt.ufo\/glyphs\/cedilla.glif","\/needlpnt.ufo\/glyphs\/cent.glif":"\/needlpnt.ufo\/glyphs\/cent.glif","\/needlpnt.ufo\/glyphs\/circumflex.glif":"\/needlpnt.ufo\/glyphs\/circumflex.glif","\/needlpnt.ufo\/glyphs\/colon.glif":"\/needlpnt.ufo\/glyphs\/colon.glif","\/needlpnt.ufo\/glyphs\/comma.glif":"\/needlpnt.ufo\/glyphs\/comma.glif","\/needlpnt.ufo\/glyphs\/contents.plist":"\/needlpnt.ufo\/glyphs\/contents.plist","\/needlpnt.ufo\/glyphs\/copyright.glif":"\/needlpnt.ufo\/glyphs\/copyright.glif","\/needlpnt.ufo\/glyphs\/currency.glif":"\/needlpnt.ufo\/glyphs\/currency.glif","\/needlpnt.ufo\/glyphs\/d.glif":"\/needlpnt.ufo\/glyphs\/d.glif","\/needlpnt.ufo\/glyphs\/dagger.glif":"\/needlpnt.ufo\/glyphs\/dagger.glif","\/needlpnt.ufo\/glyphs\/daggerdbl.glif":"\/needlpnt.ufo\/glyphs\/daggerdbl.glif","\/needlpnt.ufo\/glyphs\/degree.glif":"\/needlpnt.ufo\/glyphs\/degree.glif","\/needlpnt.ufo\/glyphs\/dieresis.glif":"\/needlpnt.ufo\/glyphs\/dieresis.glif","\/needlpnt.ufo\/glyphs\/divide.glif":"\/needlpnt.ufo\/glyphs\/divide.glif","\/needlpnt.ufo\/glyphs\/dollar.glif":"\/needlpnt.ufo\/glyphs\/dollar.glif","\/needlpnt.ufo\/glyphs\/dotlessi.glif":"\/needlpnt.ufo\/glyphs\/dotlessi.glif","\/needlpnt.ufo\/glyphs\/e.glif":"\/needlpnt.ufo\/glyphs\/e.glif","\/needlpnt.ufo\/glyphs\/eacute.glif":"\/needlpnt.ufo\/glyphs\/eacute.glif","\/needlpnt.ufo\/glyphs\/ecircumflex.glif":"\/needlpnt.ufo\/glyphs\/ecircumflex.glif","\/needlpnt.ufo\/glyphs\/edieresis.glif":"\/needlpnt.ufo\/glyphs\/edieresis.glif","\/needlpnt.ufo\/glyphs\/egrave.glif":"\/needlpnt.ufo\/glyphs\/egrave.glif","\/needlpnt.ufo\/glyphs\/eight.glif":"\/needlpnt.ufo\/glyphs\/eight.glif","\/needlpnt.ufo\/glyphs\/ellipsis.glif":"\/needlpnt.ufo\/glyphs\/ellipsis.glif","\/needlpnt.ufo\/glyphs\/emdash.glif":"\/needlpnt.ufo\/glyphs\/emdash.glif","\/needlpnt.ufo\/glyphs\/endash.glif":"\/needlpnt.ufo\/glyphs\/endash.glif","\/needlpnt.ufo\/glyphs\/equal.glif":"\/needlpnt.ufo\/glyphs\/equal.glif","\/needlpnt.ufo\/glyphs\/eth.glif":"\/needlpnt.ufo\/glyphs\/eth.glif","\/needlpnt.ufo\/glyphs\/exclam.glif":"\/needlpnt.ufo\/glyphs\/exclam.glif","\/needlpnt.ufo\/glyphs\/exclamdown.glif":"\/needlpnt.ufo\/glyphs\/exclamdown.glif","\/needlpnt.ufo\/glyphs\/f.glif":"\/needlpnt.ufo\/glyphs\/f.glif","\/needlpnt.ufo\/glyphs\/fi.glif":"\/needlpnt.ufo\/glyphs\/fi.glif","\/needlpnt.ufo\/glyphs\/five.glif":"\/needlpnt.ufo\/glyphs\/five.glif","\/needlpnt.ufo\/glyphs\/fl.glif":"\/needlpnt.ufo\/glyphs\/fl.glif","\/needlpnt.ufo\/glyphs\/florin.glif":"\/needlpnt.ufo\/glyphs\/florin.glif","\/needlpnt.ufo\/glyphs\/four.glif":"\/needlpnt.ufo\/glyphs\/four.glif","\/needlpnt.ufo\/glyphs\/fraction.glif":"\/needlpnt.ufo\/glyphs\/fraction.glif","\/needlpnt.ufo\/glyphs\/g.glif":"\/needlpnt.ufo\/glyphs\/g.glif","\/needlpnt.ufo\/glyphs\/germandbls.glif":"\/needlpnt.ufo\/glyphs\/germandbls.glif","\/needlpnt.ufo\/glyphs\/grave.glif":"\/needlpnt.ufo\/glyphs\/grave.glif","\/needlpnt.ufo\/glyphs\/greater.glif":"\/needlpnt.ufo\/glyphs\/greater.glif","\/needlpnt.ufo\/glyphs\/guillemotleft.glif":"\/needlpnt.ufo\/glyphs\/guillemotleft.glif","\/needlpnt.ufo\/glyphs\/guillemotright.glif":"\/needlpnt.ufo\/glyphs\/guillemotright.glif","\/needlpnt.ufo\/glyphs\/guilsinglleft.glif":"\/needlpnt.ufo\/glyphs\/guilsinglleft.glif","\/needlpnt.ufo\/glyphs\/guilsinglright.glif":"\/needlpnt.ufo\/glyphs\/guilsinglright.glif","\/needlpnt.ufo\/glyphs\/h.glif":"\/needlpnt.ufo\/glyphs\/h.glif","\/needlpnt.ufo\/glyphs\/hyphen.glif":"\/needlpnt.ufo\/glyphs\/hyphen.glif","\/needlpnt.ufo\/glyphs\/i.glif":"\/needlpnt.ufo\/glyphs\/i.glif","\/needlpnt.ufo\/glyphs\/iacute.glif":"\/needlpnt.ufo\/glyphs\/iacute.glif","\/needlpnt.ufo\/glyphs\/icircumflex.glif":"\/needlpnt.ufo\/glyphs\/icircumflex.glif","\/needlpnt.ufo\/glyphs\/idieresis.glif":"\/needlpnt.ufo\/glyphs\/idieresis.glif","\/needlpnt.ufo\/glyphs\/igrave.glif":"\/needlpnt.ufo\/glyphs\/igrave.glif","\/needlpnt.ufo\/glyphs\/j.glif":"\/needlpnt.ufo\/glyphs\/j.glif","\/needlpnt.ufo\/glyphs\/k.glif":"\/needlpnt.ufo\/glyphs\/k.glif","\/needlpnt.ufo\/glyphs\/l.glif":"\/needlpnt.ufo\/glyphs\/l.glif","\/needlpnt.ufo\/glyphs\/less.glif":"\/needlpnt.ufo\/glyphs\/less.glif","\/needlpnt.ufo\/glyphs\/logicalnot.glif":"\/needlpnt.ufo\/glyphs\/logicalnot.glif","\/needlpnt.ufo\/glyphs\/lslash.glif":"\/needlpnt.ufo\/glyphs\/lslash.glif","\/needlpnt.ufo\/glyphs\/m.glif":"\/needlpnt.ufo\/glyphs\/m.glif","\/needlpnt.ufo\/glyphs\/macron.glif":"\/needlpnt.ufo\/glyphs\/macron.glif","\/needlpnt.ufo\/glyphs\/minus.glif":"\/needlpnt.ufo\/glyphs\/minus.glif","\/needlpnt.ufo\/glyphs\/mu.glif":"\/needlpnt.ufo\/glyphs\/mu.glif","\/needlpnt.ufo\/glyphs\/multiply.glif":"\/needlpnt.ufo\/glyphs\/multiply.glif","\/needlpnt.ufo\/glyphs\/n.glif":"\/needlpnt.ufo\/glyphs\/n.glif","\/needlpnt.ufo\/glyphs\/nine.glif":"\/needlpnt.ufo\/glyphs\/nine.glif","\/needlpnt.ufo\/glyphs\/nonbreakingspace.glif":"\/needlpnt.ufo\/glyphs\/nonbreakingspace.glif","\/needlpnt.ufo\/glyphs\/nonmarkingreturn.glif":"\/needlpnt.ufo\/glyphs\/nonmarkingreturn.glif","\/needlpnt.ufo\/glyphs\/ntilde.glif":"\/needlpnt.ufo\/glyphs\/ntilde.glif","\/needlpnt.ufo\/glyphs\/numbersign.glif":"\/needlpnt.ufo\/glyphs\/numbersign.glif","\/needlpnt.ufo\/glyphs\/o.glif":"\/needlpnt.ufo\/glyphs\/o.glif","\/needlpnt.ufo\/glyphs\/oacute.glif":"\/needlpnt.ufo\/glyphs\/oacute.glif","\/needlpnt.ufo\/glyphs\/ocircumflex.glif":"\/needlpnt.ufo\/glyphs\/ocircumflex.glif","\/needlpnt.ufo\/glyphs\/odieresis.glif":"\/needlpnt.ufo\/glyphs\/odieresis.glif","\/needlpnt.ufo\/glyphs\/oe.glif":"\/needlpnt.ufo\/glyphs\/oe.glif","\/needlpnt.ufo\/glyphs\/ograve.glif":"\/needlpnt.ufo\/glyphs\/ograve.glif","\/needlpnt.ufo\/glyphs\/one.glif":"\/needlpnt.ufo\/glyphs\/one.glif","\/needlpnt.ufo\/glyphs\/onehalf.glif":"\/needlpnt.ufo\/glyphs\/onehalf.glif","\/needlpnt.ufo\/glyphs\/onequarter.glif":"\/needlpnt.ufo\/glyphs\/onequarter.glif","\/needlpnt.ufo\/glyphs\/onesuperior.glif":"\/needlpnt.ufo\/glyphs\/onesuperior.glif","\/needlpnt.ufo\/glyphs\/ordfeminine.glif":"\/needlpnt.ufo\/glyphs\/ordfeminine.glif","\/needlpnt.ufo\/glyphs\/ordmasculine.glif":"\/needlpnt.ufo\/glyphs\/ordmasculine.glif","\/needlpnt.ufo\/glyphs\/oslash.glif":"\/needlpnt.ufo\/glyphs\/oslash.glif","\/needlpnt.ufo\/glyphs\/otilde.glif":"\/needlpnt.ufo\/glyphs\/otilde.glif","\/needlpnt.ufo\/glyphs\/p.glif":"\/needlpnt.ufo\/glyphs\/p.glif","\/needlpnt.ufo\/glyphs\/paragraph.glif":"\/needlpnt.ufo\/glyphs\/paragraph.glif","\/needlpnt.ufo\/glyphs\/parenleft.glif":"\/needlpnt.ufo\/glyphs\/parenleft.glif","\/needlpnt.ufo\/glyphs\/parenright.glif":"\/needlpnt.ufo\/glyphs\/parenright.glif","\/needlpnt.ufo\/glyphs\/percent.glif":"\/needlpnt.ufo\/glyphs\/percent.glif","\/needlpnt.ufo\/glyphs\/period.glif":"\/needlpnt.ufo\/glyphs\/period.glif","\/needlpnt.ufo\/glyphs\/periodcentered.glif":"\/needlpnt.ufo\/glyphs\/periodcentered.glif","\/needlpnt.ufo\/glyphs\/perthousand.glif":"\/needlpnt.ufo\/glyphs\/perthousand.glif","\/needlpnt.ufo\/glyphs\/plus.glif":"\/needlpnt.ufo\/glyphs\/plus.glif","\/needlpnt.ufo\/glyphs\/plusminus.glif":"\/needlpnt.ufo\/glyphs\/plusminus.glif","\/needlpnt.ufo\/glyphs\/q.glif":"\/needlpnt.ufo\/glyphs\/q.glif","\/needlpnt.ufo\/glyphs\/question.glif":"\/needlpnt.ufo\/glyphs\/question.glif","\/needlpnt.ufo\/glyphs\/questiondown.glif":"\/needlpnt.ufo\/glyphs\/questiondown.glif","\/needlpnt.ufo\/glyphs\/quotedbl.glif":"\/needlpnt.ufo\/glyphs\/quotedbl.glif","\/needlpnt.ufo\/glyphs\/quotedblbase.glif":"\/needlpnt.ufo\/glyphs\/quotedblbase.glif","\/needlpnt.ufo\/glyphs\/quotedblleft.glif":"\/needlpnt.ufo\/glyphs\/quotedblleft.glif","\/needlpnt.ufo\/glyphs\/quotedblright.glif":"\/needlpnt.ufo\/glyphs\/quotedblright.glif","\/needlpnt.ufo\/glyphs\/quoteleft.glif":"\/needlpnt.ufo\/glyphs\/quoteleft.glif","\/needlpnt.ufo\/glyphs\/quoteright.glif":"\/needlpnt.ufo\/glyphs\/quoteright.glif","\/needlpnt.ufo\/glyphs\/quotesinglbase.glif":"\/needlpnt.ufo\/glyphs\/quotesinglbase.glif","\/needlpnt.ufo\/glyphs\/quotesingle.glif":"\/needlpnt.ufo\/glyphs\/quotesingle.glif","\/needlpnt.ufo\/glyphs\/r.glif":"\/needlpnt.ufo\/glyphs\/r.glif","\/needlpnt.ufo\/glyphs\/registered.glif":"\/needlpnt.ufo\/glyphs\/registered.glif","\/needlpnt.ufo\/glyphs\/ring.glif":"\/needlpnt.ufo\/glyphs\/ring.glif","\/needlpnt.ufo\/glyphs\/s.glif":"\/needlpnt.ufo\/glyphs\/s.glif","\/needlpnt.ufo\/glyphs\/scaron.glif":"\/needlpnt.ufo\/glyphs\/scaron.glif","\/needlpnt.ufo\/glyphs\/section.glif":"\/needlpnt.ufo\/glyphs\/section.glif","\/needlpnt.ufo\/glyphs\/semicolon.glif":"\/needlpnt.ufo\/glyphs\/semicolon.glif","\/needlpnt.ufo\/glyphs\/seven.glif":"\/needlpnt.ufo\/glyphs\/seven.glif","\/needlpnt.ufo\/glyphs\/six.glif":"\/needlpnt.ufo\/glyphs\/six.glif","\/needlpnt.ufo\/glyphs\/slash.glif":"\/needlpnt.ufo\/glyphs\/slash.glif","\/needlpnt.ufo\/glyphs\/space.glif":"\/needlpnt.ufo\/glyphs\/space.glif","\/needlpnt.ufo\/glyphs\/sterling.glif":"\/needlpnt.ufo\/glyphs\/sterling.glif","\/needlpnt.ufo\/glyphs\/t.glif":"\/needlpnt.ufo\/glyphs\/t.glif","\/needlpnt.ufo\/glyphs\/thorn.glif":"\/needlpnt.ufo\/glyphs\/thorn.glif","\/needlpnt.ufo\/glyphs\/three.glif":"\/needlpnt.ufo\/glyphs\/three.glif","\/needlpnt.ufo\/glyphs\/threequarters.glif":"\/needlpnt.ufo\/glyphs\/threequarters.glif","\/needlpnt.ufo\/glyphs\/threesuperior.glif":"\/needlpnt.ufo\/glyphs\/threesuperior.glif","\/needlpnt.ufo\/glyphs\/tilde.glif":"\/needlpnt.ufo\/glyphs\/tilde.glif","\/needlpnt.ufo\/glyphs\/trademark.glif":"\/needlpnt.ufo\/glyphs\/trademark.glif","\/needlpnt.ufo\/glyphs\/two.glif":"\/needlpnt.ufo\/glyphs\/two.glif","\/needlpnt.ufo\/glyphs\/twosuperior.glif":"\/needlpnt.ufo\/glyphs\/twosuperior.glif","\/needlpnt.ufo\/glyphs\/u.glif":"\/needlpnt.ufo\/glyphs\/u.glif","\/needlpnt.ufo\/glyphs\/uacute.glif":"\/needlpnt.ufo\/glyphs\/uacute.glif","\/needlpnt.ufo\/glyphs\/ucircumflex.glif":"\/needlpnt.ufo\/glyphs\/ucircumflex.glif","\/needlpnt.ufo\/glyphs\/udieresis.glif":"\/needlpnt.ufo\/glyphs\/udieresis.glif","\/needlpnt.ufo\/glyphs\/ugrave.glif":"\/needlpnt.ufo\/glyphs\/ugrave.glif","\/needlpnt.ufo\/glyphs\/underscore.glif":"\/needlpnt.ufo\/glyphs\/underscore.glif","\/needlpnt.ufo\/glyphs\/v.glif":"\/needlpnt.ufo\/glyphs\/v.glif","\/needlpnt.ufo\/glyphs\/w.glif":"\/needlpnt.ufo\/glyphs\/w.glif","\/needlpnt.ufo\/glyphs\/x.glif":"\/needlpnt.ufo\/glyphs\/x.glif","\/needlpnt.ufo\/glyphs\/y.glif":"\/needlpnt.ufo\/glyphs\/y.glif","\/needlpnt.ufo\/glyphs\/yacute.glif":"\/needlpnt.ufo\/glyphs\/yacute.glif","\/needlpnt.ufo\/glyphs\/ydieresis.glif":"\/needlpnt.ufo\/glyphs\/ydieresis.glif","\/needlpnt.ufo\/glyphs\/yen.glif":"\/needlpnt.ufo\/glyphs\/yen.glif","\/needlpnt.ufo\/glyphs\/z.glif":"\/needlpnt.ufo\/glyphs\/z.glif","\/needlpnt.ufo\/glyphs\/zcaron.glif":"\/needlpnt.ufo\/glyphs\/zcaron.glif","\/needlpnt.ufo\/glyphs\/zero.glif":"\/needlpnt.ufo\/glyphs\/zero.glif"},"Font":{"uploaded":1489355693.0188,"licence":"gpl3","company":"Chronolabs Cooperative","title":"Needlepoint","version":3.002,"date":"Fri Nov 25 22:25:32 2016","creator":"root","type":"1","matrix":"0.001 0 0 0.001 0 0","named":"Needlepoint","painttype":"0","info":"10 dict dup","name":"Needlepoint","family":"Needlepoint","weight":"Thin","fstype":"4","italicangle":"0","underlineposition":"","underlinethickness":""},"Licences":{"":false},"Table":{"FFTM":{"entryLength":16,"tag":"FFTM","checksum":1962492712,"offset":63704,"length":28},"GDEF":{"entryLength":16,"tag":"GDEF","checksum":17956868,"offset":63672,"length":32},"OS\/2":{"entryLength":16,"tag":"OS\/2","checksum":1434982498,"offset":344,"length":86},"cmap":{"entryLength":16,"tag":"cmap","checksum":1746710899,"offset":1348,"length":568},"gasp":{"entryLength":16,"tag":"gasp","checksum":4294901763,"offset":63664,"length":8},"glyf":{"entryLength":16,"tag":"glyf","checksum":3854974945,"offset":2376,"length":59820},"head":{"entryLength":16,"tag":"head","checksum":322211946,"offset":220,"length":54},"hhea":{"entryLength":16,"tag":"hhea","checksum":137299050,"offset":276,"length":36},"hmtx":{"entryLength":16,"tag":"hmtx","checksum":131334824,"offset":432,"length":916},"loca":{"entryLength":16,"tag":"loca","checksum":2915363484,"offset":1916,"length":460},"maxp":{"entryLength":16,"tag":"maxp","checksum":26280591,"offset":312,"length":32},"name":{"entryLength":16,"tag":"name","checksum":1424985144,"offset":62196,"length":975},"post":{"entryLength":16,"tag":"post","checksum":896480750,"offset":63172,"length":492}},"UnicodeCharMap":{"0":1,"13":2,"32":3,"33":4,"34":5,"35":6,"36":7,"37":8,"38":9,"39":10,"40":11,"41":12,"42":13,"43":14,"44":15,"45":16,"46":17,"47":18,"48":19,"49":20,"50":21,"51":22,"52":23,"53":24,"54":25,"55":26,"56":27,"57":28,"58":29,"59":30,"60":31,"61":32,"62":33,"63":34,"64":35,"65":36,"66":37,"67":38,"68":39,"69":40,"70":41,"71":42,"72":43,"73":44,"74":45,"75":46,"76":47,"77":48,"78":49,"79":50,"80":51,"81":52,"82":53,"83":54,"84":55,"85":56,"86":57,"87":58,"88":59,"89":60,"90":61,"91":62,"92":63,"93":64,"94":65,"95":66,"96":67,"97":68,"98":69,"99":70,"100":71,"101":72,"102":73,"103":74,"104":75,"105":76,"106":77,"107":78,"108":79,"109":80,"110":81,"111":82,"112":83,"113":84,"114":85,"115":86,"116":87,"117":88,"118":89,"119":90,"120":91,"121":92,"122":93,"123":94,"124":95,"125":96,"126":97,"160":98,"161":99,"162":100,"163":101,"164":102,"165":103,"166":104,"167":105,"168":106,"169":107,"170":108,"171":109,"172":110,"174":112,"175":113,"176":114,"177":115,"178":116,"179":117,"180":118,"182":120,"183":121,"184":122,"185":123,"186":124,"187":125,"188":126,"189":127,"190":128,"191":129,"192":130,"193":131,"194":132,"195":133,"196":134,"197":135,"198":136,"199":137,"200":138,"201":139,"202":140,"203":141,"204":142,"205":143,"206":144,"207":145,"208":146,"209":147,"210":148,"211":149,"212":150,"213":151,"214":152,"215":153,"216":154,"217":155,"218":156,"219":157,"220":158,"221":159,"222":160,"223":161,"224":162,"225":163,"226":164,"227":165,"228":166,"229":167,"230":168,"231":169,"232":170,"233":171,"234":172,"235":173,"236":174,"237":175,"238":176,"239":177,"240":178,"241":179,"242":180,"243":181,"244":182,"245":183,"246":184,"247":185,"248":186,"249":187,"250":188,"251":189,"252":190,"253":191,"254":192,"255":193,"305":217,"321":223,"322":224,"338":199,"339":200,"352":225,"353":226,"376":207,"381":227,"382":228,"402":197,"710":218,"711":222,"728":220,"730":221,"732":219,"956":119,"8211":201,"8212":202,"8216":205,"8217":206,"8218":214,"8220":203,"8221":204,"8222":215,"8224":194,"8225":213,"8226":195,"8230":198,"8240":216,"8249":209,"8250":210,"8260":208,"8482":196,"8722":111,"64257":211,"64258":212},"Reserves":{"fontname":"Needlepoint"},"Names":{"Needlepoint":{"name":"Needlepoint","longitude":"0.00000001","latitude":"0.00000001","country":"","region":"","city":""}},"Nodes":{"ne":{"type":"typal","node":"ne","usage":1,"weight":1},"nt":{"type":"typal","node":"nt","usage":1,"weight":1},"nee":{"type":"typal","node":"nee","usage":1,"weight":1},"int":{"type":"typal","node":"int","usage":1,"weight":1},"need":{"type":"keys","node":"need","usage":1,"weight":1},"oint":{"type":"keys","node":"oint","usage":1,"weight":1},"needl":{"type":"keys","node":"needl","usage":1,"weight":1},"point":{"type":"keys","node":"point","usage":1,"weight":1},"needlepoint":{"type":"fixes","node":"needlepoint","usage":1,"weight":1}},"Contributors":[],"FontIdentity":"zinc17:7f3d9429a174e440b37a4694d","Bytes":null,"Networking":[],"barcode":"ayg7wakwcmkw3","referee":"iWAaW"}