{"CSS":{"Atewaza":"Atewaza.css"},"FontType":"TrueType","FontCopyright":null,"FontName":"Atewaza","FontSubfamily":"Book","FontSubfamilyID":"FontForge 2.0 : Atewaza : 25-11-2016","FontFullName":"Atewaza","FontVersion":"Version 001.000 ","FontWeight":null,"FontPostscriptName":"Atewaza","Files":{"atewaza.afm":"atewaza.afm","atewaza.bin":"atewaza.bin","atewaza.cef":"atewaza.cef","atewaza.cff":"atewaza.cff","atewaza.cid":"atewaza.cid","atewaza.dfont":"atewaza.dfont","atewaza.eot":"atewaza.eot","atewaza.fon":"atewaza.fon","atewaza.gai":"atewaza.gai","atewaza.gsf":"atewaza.gsf","atewaza.hqx":"atewaza.hqx","atewaza.ik":"atewaza.ik","atewaza.mf":"atewaza.mf","atewaza.otf":"atewaza.otf","atewaza.pcf":"atewaza.pcf","atewaza.pf3":"atewaza.pf3","atewaza.pfa":"atewaza.pfa","atewaza.pfb":"atewaza.pfb","atewaza.php":"atewaza.php","atewaza.pmf":"atewaza.pmf","atewaza.pt3":"atewaza.pt3","atewaza.sfd":"atewaza.sfd","atewaza.svg":"atewaza.svg","atewaza.t42":"atewaza.t42","atewaza.ttd":"atewaza.ttd","atewaza.ttf":"atewaza.ttf","atewaza.ttg":"atewaza.ttg","atewaza.ufm":"atewaza.ufm","atewaza.woff":"atewaza.woff","atewaza.z":"atewaza.z","":{"atewaza.afm":"atewaza.afm","atewaza.bin":"atewaza.bin","atewaza.cef":"atewaza.cef","atewaza.cff":"atewaza.cff","atewaza.cid":"atewaza.cid","atewaza.dfont":"atewaza.dfont","atewaza.eot":"atewaza.eot","atewaza.fon":"atewaza.fon","atewaza.gai":"atewaza.gai","atewaza.gsf":"atewaza.gsf","atewaza.hqx":"atewaza.hqx","atewaza.ik":"atewaza.ik","atewaza.mf":"atewaza.mf","atewaza.otf":"atewaza.otf","atewaza.pcf":"atewaza.pcf","atewaza.pf3":"atewaza.pf3","atewaza.pfa":"atewaza.pfa","atewaza.pfb":"atewaza.pfb","atewaza.php":"atewaza.php","atewaza.pmf":"atewaza.pmf","atewaza.pt3":"atewaza.pt3","atewaza.sfd":"atewaza.sfd","atewaza.svg":"atewaza.svg","atewaza.t42":"atewaza.t42","atewaza.ttd":"atewaza.ttd","atewaza.ttf":"atewaza.ttf","atewaza.ttg":"atewaza.ttg","atewaza.ufm":"atewaza.ufm","atewaza.woff":"atewaza.woff","atewaza.z":"atewaza.z"},"\/atewaza.ufo":{"feature.fea":"feature.fea","fontinfo.plist":"fontinfo.plist","groups.plist":"groups.plist","kerning.plist":"kerning.plist","metainfo.plist":"metainfo.plist"},"\/atewaza.ufo\/glyphs":{"A_.glif":"A_.glif","B_.glif":"B_.glif","C_.glif":"C_.glif","D_.glif":"D_.glif","E_.glif":"E_.glif","F_.glif":"F_.glif","G_.glif":"G_.glif","H_.glif":"H_.glif","I_.glif":"I_.glif","J_.glif":"J_.glif","K_.glif":"K_.glif","L_.glif":"L_.glif","M_.glif":"M_.glif","N_.glif":"N_.glif","O_.glif":"O_.glif","P_.glif":"P_.glif","Q_.glif":"Q_.glif","R_.glif":"R_.glif","S_.glif":"S_.glif","T_.glif":"T_.glif","U_.glif":"U_.glif","V_.glif":"V_.glif","W_.glif":"W_.glif","X_.glif":"X_.glif","Y_.glif":"Y_.glif","Z_.glif":"Z_.glif","_null.glif":"_null.glif","contents.plist":"contents.plist","eight.glif":"eight.glif","five.glif":"five.glif","four.glif":"four.glif","nine.glif":"nine.glif","nonmarkingreturn.glif":"nonmarkingreturn.glif","one.glif":"one.glif","seven.glif":"seven.glif","six.glif":"six.glif","space.glif":"space.glif","three.glif":"three.glif","two.glif":"two.glif","zero.glif":"zero.glif"}},"Font":{"uploaded":1480050062.2482,"licence":"gpl3","company":"Chronolabs Cooperative","title":"Atewaza","version":2.001,"date":"Fri Oct 14 23:31:33 2016","creator":"root","type":"1","matrix":"0.001 0 0 0.001 0 0","named":"Atewaza","painttype":"0","info":"9 dict dup","name":"Atewaza","family":"Atewaza","weight":"Book","fstype":"0","italicangle":"0","underlineposition":"","underlinethickness":""},"Table":{"FFTM":{"entryLength":16,"tag":"FFTM","checksum":1955243036,"offset":156740,"length":28},"GDEF":{"entryLength":16,"tag":"GDEF","checksum":5570564,"offset":156708,"length":32},"OS\/2":{"entryLength":16,"tag":"OS\/2","checksum":1449288111,"offset":344,"length":86},"cmap":{"entryLength":16,"tag":"cmap","checksum":3383006666,"offset":592,"length":842},"gasp":{"entryLength":16,"tag":"gasp","checksum":4294901763,"offset":156700,"length":8},"glyf":{"entryLength":16,"tag":"glyf","checksum":2496822643,"offset":1600,"length":154584},"head":{"entryLength":16,"tag":"head","checksum":210120774,"offset":220,"length":54},"hhea":{"entryLength":16,"tag":"hhea","checksum":156369874,"offset":276,"length":36},"hmtx":{"entryLength":16,"tag":"hmtx","checksum":1867382825,"offset":432,"length":160},"loca":{"entryLength":16,"tag":"loca","checksum":3290476,"offset":1436,"length":164},"maxp":{"entryLength":16,"tag":"maxp","checksum":12847821,"offset":312,"length":32},"name":{"entryLength":16,"tag":"name","checksum":3311947990,"offset":156184,"length":399},"post":{"entryLength":16,"tag":"post","checksum":46072599,"offset":156584,"length":114}},"UnicodeCharMap":{"0":1,"13":2,"32":3,"48":4,"49":5,"50":6,"51":7,"52":8,"53":9,"54":10,"55":11,"56":12,"57":13,"65":14,"66":15,"67":16,"68":17,"69":18,"70":19,"71":20,"72":21,"73":22,"74":23,"75":24,"76":25,"77":26,"78":27,"79":28,"80":29,"81":30,"82":31,"83":32,"84":33,"85":34,"86":35,"87":36,"88":37,"89":38,"90":39},"Reserves":null,"Names":[],"Nodes":{"at":{"type":"typal","node":"at","usage":1,"weight":1},"za":{"type":"typal","node":"za","usage":1,"weight":1},"ate":{"type":"typal","node":"ate","usage":1,"weight":1},"aza":{"type":"typal","node":"aza","usage":1,"weight":1},"atew":{"type":"keys","node":"atew","usage":1,"weight":1},"waza":{"type":"keys","node":"waza","usage":1,"weight":1},"atewa":{"type":"keys","node":"atewa","usage":1,"weight":1},"ewaza":{"type":"keys","node":"ewaza","usage":1,"weight":1},"atewaza":{"type":"fixes","node":"atewaza","usage":1,"weight":1}},"Contributors":[],"FontIdentity":"011f72e8e641d710a8a4aed0ed090983","Bytes":15585699,"Networking":[],"barcode":"syiwmegqwck82","referee":"5umcu7"}