{"CSS":{"Vegetable":"Vegetable.css"},"FontType":"TrueType","FontCopyright":"(c) Jakob Fischer at www.pizzadude.dk - DO NOT DISTRIBUTE WITHOUT AUTHOR'S PERMISSION!","FontName":"Vegetable","FontSubfamily":"Book","FontSubfamilyID":"FontForge 2.0 : Vegetable : 25-11-2016","FontFullName":"Vegetable","FontVersion":"Version 2 ","FontWeight":null,"FontPostscriptName":"Vegetable","Files":{"vegetable.afm":"vegetable.afm","vegetable.bin":"vegetable.bin","vegetable.cef":"vegetable.cef","vegetable.cff":"vegetable.cff","vegetable.cid":"vegetable.cid","vegetable.dfont":"vegetable.dfont","vegetable.eot":"vegetable.eot","vegetable.fon":"vegetable.fon","vegetable.gai":"vegetable.gai","vegetable.gsf":"vegetable.gsf","vegetable.hqx":"vegetable.hqx","vegetable.ik":"vegetable.ik","vegetable.mf":"vegetable.mf","vegetable.otf":"vegetable.otf","vegetable.pcf":"vegetable.pcf","vegetable.pf3":"vegetable.pf3","vegetable.pfa":"vegetable.pfa","vegetable.pfb":"vegetable.pfb","vegetable.php":"vegetable.php","vegetable.pmf":"vegetable.pmf","vegetable.pt3":"vegetable.pt3","vegetable.sfd":"vegetable.sfd","vegetable.svg":"vegetable.svg","vegetable.t42":"vegetable.t42","vegetable.ttd":"vegetable.ttd","vegetable.ttf":"vegetable.ttf","vegetable.ttg":"vegetable.ttg","vegetable.ufm":"vegetable.ufm","vegetable.woff":"vegetable.woff","vegetable.z":"vegetable.z","":{"vegetable.afm":"vegetable.afm","vegetable.bin":"vegetable.bin","vegetable.cef":"vegetable.cef","vegetable.cff":"vegetable.cff","vegetable.cid":"vegetable.cid","vegetable.dfont":"vegetable.dfont","vegetable.eot":"vegetable.eot","vegetable.fon":"vegetable.fon","vegetable.gai":"vegetable.gai","vegetable.gsf":"vegetable.gsf","vegetable.hqx":"vegetable.hqx","vegetable.ik":"vegetable.ik","vegetable.mf":"vegetable.mf","vegetable.otf":"vegetable.otf","vegetable.pcf":"vegetable.pcf","vegetable.pf3":"vegetable.pf3","vegetable.pfa":"vegetable.pfa","vegetable.pfb":"vegetable.pfb","vegetable.php":"vegetable.php","vegetable.pmf":"vegetable.pmf","vegetable.pt3":"vegetable.pt3","vegetable.sfd":"vegetable.sfd","vegetable.svg":"vegetable.svg","vegetable.t42":"vegetable.t42","vegetable.ttd":"vegetable.ttd","vegetable.ttf":"vegetable.ttf","vegetable.ttg":"vegetable.ttg","vegetable.ufm":"vegetable.ufm","vegetable.woff":"vegetable.woff","vegetable.z":"vegetable.z"},"\/vegetable.ufo":{"feature.fea":"feature.fea","fontinfo.plist":"fontinfo.plist","groups.plist":"groups.plist","kerning.plist":"kerning.plist","metainfo.plist":"metainfo.plist"},"\/vegetable.ufo\/glyphs":{"A_.glif":"A_.glif","B_.glif":"B_.glif","C_.glif":"C_.glif","D_.glif":"D_.glif","E_.glif":"E_.glif","F_.glif":"F_.glif","G_.glif":"G_.glif","H_.glif":"H_.glif","I_.glif":"I_.glif","J_.glif":"J_.glif","K_.glif":"K_.glif","L_.glif":"L_.glif","M_.glif":"M_.glif","N_.glif":"N_.glif","O_.glif":"O_.glif","P_.glif":"P_.glif","Q_.glif":"Q_.glif","R_.glif":"R_.glif","S_.glif":"S_.glif","T_.glif":"T_.glif","U_.glif":"U_.glif","V_.glif":"V_.glif","W_.glif":"W_.glif","X_.glif":"X_.glif","Y_.glif":"Y_.glif","Z_.glif":"Z_.glif","_notdef.glif":"_notdef.glif","_null.glif":"_null.glif","a.glif":"a.glif","ampersand.glif":"ampersand.glif","asciicircum.glif":"asciicircum.glif","asciitilde.glif":"asciitilde.glif","b.glif":"b.glif","backslash.glif":"backslash.glif","c.glif":"c.glif","colon.glif":"colon.glif","comma.glif":"comma.glif","contents.plist":"contents.plist","d.glif":"d.glif","e.glif":"e.glif","eight.glif":"eight.glif","equal.glif":"equal.glif","f.glif":"f.glif","five.glif":"five.glif","four.glif":"four.glif","g.glif":"g.glif","germandbls.glif":"germandbls.glif","glyph80.glif":"glyph80.glif","glyph81.glif":"glyph81.glif","glyph90.glif":"glyph90.glif","h.glif":"h.glif","hyphen.glif":"hyphen.glif","i.glif":"i.glif","j.glif":"j.glif","k.glif":"k.glif","l.glif":"l.glif","m.glif":"m.glif","n.glif":"n.glif","nine.glif":"nine.glif","nonmarkingreturn.glif":"nonmarkingreturn.glif","o.glif":"o.glif","one.glif":"one.glif","p.glif":"p.glif","period.glif":"period.glif","plus.glif":"plus.glif","q.glif":"q.glif","r.glif":"r.glif","s.glif":"s.glif","semicolon.glif":"semicolon.glif","seven.glif":"seven.glif","six.glif":"six.glif","slash.glif":"slash.glif","space.glif":"space.glif","sterling.glif":"sterling.glif","t.glif":"t.glif","three.glif":"three.glif","two.glif":"two.glif","u.glif":"u.glif","v.glif":"v.glif","w.glif":"w.glif","x.glif":"x.glif","y.glif":"y.glif","z.glif":"z.glif","zero.glif":"zero.glif"}},"Font":{"uploaded":1480008635.8804,"licence":"gpl3","company":"Chronolabs Cooperative","title":"Vegetable","version":2.001,"date":"Fri Oct 28 05:50:55 2016","creator":"root","type":"1","matrix":"0.001 0 0 0.001 0 0","named":"Vegetable","painttype":"0","info":"10 dict dup","name":"Vegetable","family":"Vegetable","weight":"Book","fstype":"0","italicangle":"0","underlineposition":"","underlinethickness":""},"Table":{"FFTM":{"entryLength":16,"tag":"FFTM","checksum":1957534960,"offset":29560,"length":28},"GDEF":{"entryLength":16,"tag":"GDEF","checksum":8388612,"offset":29528,"length":32},"OS\/2":{"entryLength":16,"tag":"OS\/2","checksum":1451385212,"offset":344,"length":86},"cmap":{"entryLength":16,"tag":"cmap","checksum":2100151995,"offset":764,"length":418},"gasp":{"entryLength":16,"tag":"gasp","checksum":4294901763,"offset":29520,"length":8},"glyf":{"entryLength":16,"tag":"glyf","checksum":1173894306,"offset":1352,"length":27252},"head":{"entryLength":16,"tag":"head","checksum":189328422,"offset":220,"length":54},"hhea":{"entryLength":16,"tag":"hhea","checksum":129958642,"offset":276,"length":36},"hmtx":{"entryLength":16,"tag":"hmtx","checksum":3380805238,"offset":432,"length":332},"loca":{"entryLength":16,"tag":"loca","checksum":603995648,"offset":1184,"length":168},"maxp":{"entryLength":16,"tag":"maxp","checksum":11075827,"offset":312,"length":32},"name":{"entryLength":16,"tag":"name","checksum":2827927687,"offset":28604,"length":690},"post":{"entryLength":16,"tag":"post","checksum":1890908497,"offset":29296,"length":224}},"UnicodeCharMap":{"0":1,"13":2,"32":3,"38":4,"43":5,"44":6,"45":7,"46":8,"47":9,"48":10,"49":11,"50":12,"51":13,"52":14,"53":15,"54":16,"55":17,"56":18,"57":19,"58":20,"59":21,"61":22,"65":23,"66":24,"67":25,"68":26,"69":27,"70":28,"71":29,"72":30,"73":31,"74":32,"75":33,"76":34,"77":35,"78":36,"79":37,"80":38,"81":39,"82":40,"83":41,"84":42,"85":43,"86":44,"87":45,"88":46,"89":47,"90":48,"92":49,"94":50,"97":51,"98":52,"99":53,"100":54,"101":55,"102":56,"103":57,"104":58,"105":59,"106":60,"107":61,"108":62,"109":63,"110":64,"111":65,"112":66,"113":67,"114":68,"115":69,"116":70,"117":71,"118":72,"119":73,"120":74,"121":75,"122":76,"126":77,"163":78,"223":79},"Reserves":null,"Names":[],"Nodes":{"ve":{"type":"typal","node":"ve","usage":1,"weight":1},"le":{"type":"typal","node":"le","usage":1,"weight":1},"veg":{"type":"typal","node":"veg","usage":1,"weight":1},"ble":{"type":"typal","node":"ble","usage":1,"weight":1},"vege":{"type":"keys","node":"vege","usage":1,"weight":1},"able":{"type":"keys","node":"able","usage":1,"weight":1},"veget":{"type":"keys","node":"veget","usage":1,"weight":1},"table":{"type":"keys","node":"table","usage":1,"weight":1},"vegetable":{"type":"fixes","node":"vegetable","usage":1,"weight":1}},"Contributors":[],"FontIdentity":"a9c05237fd8a3f0b7694ff599e75d0e2","Bytes":2926928,"Networking":[],"barcode":"12SiiAO6acSkeO","referee":"wqe2mum"}