{"CSS":{"Lucida Sans Regular":"zinc77:a18e2cf14bf25ad7b04cf48df.css"},"FontType":"TrueType","FontCopyright":"(c) 1991 Bigelow & Holmes Inc. Pat. Des. 289,420. All Rights Reserved. (c) 1990-1991 Type Solutions, Inc. All Rights Reserved.","FontName":"Lucida Sans","FontSubfamily":"Book","FontSubfamilyID":"FontForge 2.0 : Lucida Sans Regular : 29-11-2016","FontFullName":"Lucida Sans Regular","FontVersion":"Version 1.67 ","FontWeight":null,"FontPostscriptName":"LucidaSans","Files":{"\/Lucida Sans Regular.css":"\/Lucida Sans Regular.css","\/font-resource.json":"\/font-resource.json","\/lsans.afm":"\/lsans.afm","\/lsans.cef":"\/lsans.cef","\/lsans.cff":"\/lsans.cff","\/lsans.eot":"\/lsans.eot","\/lsans.gai":"\/lsans.gai","\/lsans.gsf":"\/lsans.gsf","\/lsans.otf":"\/lsans.otf","\/lsans.pf3":"\/lsans.pf3","\/lsans.pfa":"\/lsans.pfa","\/lsans.pfb":"\/lsans.pfb","\/lsans.php":"\/lsans.php","\/lsans.pt3":"\/lsans.pt3","\/lsans.sfd":"\/lsans.sfd","\/lsans.svg":"\/lsans.svg","\/lsans.t42":"\/lsans.t42","\/lsans.ttd":"\/lsans.ttd","\/lsans.ttf":"\/lsans.ttf","\/lsans.ttg":"\/lsans.ttg","\/lsans.ufm":"\/lsans.ufm","\/lsans.woff":"\/lsans.woff","\/lsans.z":"\/lsans.z","\/zinc77:a18e2cf14bf25ad7b04cf48df.css":"\/zinc77:a18e2cf14bf25ad7b04cf48df.css","\/lsans.ufo\/feature.fea":"\/lsans.ufo\/feature.fea","\/lsans.ufo\/fontinfo.plist":"\/lsans.ufo\/fontinfo.plist","\/lsans.ufo\/groups.plist":"\/lsans.ufo\/groups.plist","\/lsans.ufo\/kerning.plist":"\/lsans.ufo\/kerning.plist","\/lsans.ufo\/metainfo.plist":"\/lsans.ufo\/metainfo.plist","\/lsans.ufo\/glyphs\/A_.glif":"\/lsans.ufo\/glyphs\/A_.glif","\/lsans.ufo\/glyphs\/A_E_.glif":"\/lsans.ufo\/glyphs\/A_E_.glif","\/lsans.ufo\/glyphs\/A_acute.glif":"\/lsans.ufo\/glyphs\/A_acute.glif","\/lsans.ufo\/glyphs\/A_circumflex.glif":"\/lsans.ufo\/glyphs\/A_circumflex.glif","\/lsans.ufo\/glyphs\/A_dieresis.glif":"\/lsans.ufo\/glyphs\/A_dieresis.glif","\/lsans.ufo\/glyphs\/A_grave.glif":"\/lsans.ufo\/glyphs\/A_grave.glif","\/lsans.ufo\/glyphs\/A_ring.glif":"\/lsans.ufo\/glyphs\/A_ring.glif","\/lsans.ufo\/glyphs\/A_tilde.glif":"\/lsans.ufo\/glyphs\/A_tilde.glif","\/lsans.ufo\/glyphs\/B_.glif":"\/lsans.ufo\/glyphs\/B_.glif","\/lsans.ufo\/glyphs\/C_.glif":"\/lsans.ufo\/glyphs\/C_.glif","\/lsans.ufo\/glyphs\/C_cedilla.glif":"\/lsans.ufo\/glyphs\/C_cedilla.glif","\/lsans.ufo\/glyphs\/D_.glif":"\/lsans.ufo\/glyphs\/D_.glif","\/lsans.ufo\/glyphs\/D_elta.glif":"\/lsans.ufo\/glyphs\/D_elta.glif","\/lsans.ufo\/glyphs\/E_.glif":"\/lsans.ufo\/glyphs\/E_.glif","\/lsans.ufo\/glyphs\/E_acute.glif":"\/lsans.ufo\/glyphs\/E_acute.glif","\/lsans.ufo\/glyphs\/E_circumflex.glif":"\/lsans.ufo\/glyphs\/E_circumflex.glif","\/lsans.ufo\/glyphs\/E_dieresis.glif":"\/lsans.ufo\/glyphs\/E_dieresis.glif","\/lsans.ufo\/glyphs\/E_grave.glif":"\/lsans.ufo\/glyphs\/E_grave.glif","\/lsans.ufo\/glyphs\/E_th.glif":"\/lsans.ufo\/glyphs\/E_th.glif","\/lsans.ufo\/glyphs\/E_uro.glif":"\/lsans.ufo\/glyphs\/E_uro.glif","\/lsans.ufo\/glyphs\/F_.glif":"\/lsans.ufo\/glyphs\/F_.glif","\/lsans.ufo\/glyphs\/G_.glif":"\/lsans.ufo\/glyphs\/G_.glif","\/lsans.ufo\/glyphs\/H_.glif":"\/lsans.ufo\/glyphs\/H_.glif","\/lsans.ufo\/glyphs\/I_.glif":"\/lsans.ufo\/glyphs\/I_.glif","\/lsans.ufo\/glyphs\/I_acute.glif":"\/lsans.ufo\/glyphs\/I_acute.glif","\/lsans.ufo\/glyphs\/I_circumflex.glif":"\/lsans.ufo\/glyphs\/I_circumflex.glif","\/lsans.ufo\/glyphs\/I_dieresis.glif":"\/lsans.ufo\/glyphs\/I_dieresis.glif","\/lsans.ufo\/glyphs\/I_grave.glif":"\/lsans.ufo\/glyphs\/I_grave.glif","\/lsans.ufo\/glyphs\/J_.glif":"\/lsans.ufo\/glyphs\/J_.glif","\/lsans.ufo\/glyphs\/K_.glif":"\/lsans.ufo\/glyphs\/K_.glif","\/lsans.ufo\/glyphs\/L_.glif":"\/lsans.ufo\/glyphs\/L_.glif","\/lsans.ufo\/glyphs\/M_.glif":"\/lsans.ufo\/glyphs\/M_.glif","\/lsans.ufo\/glyphs\/N_.glif":"\/lsans.ufo\/glyphs\/N_.glif","\/lsans.ufo\/glyphs\/N_tilde.glif":"\/lsans.ufo\/glyphs\/N_tilde.glif","\/lsans.ufo\/glyphs\/O_.glif":"\/lsans.ufo\/glyphs\/O_.glif","\/lsans.ufo\/glyphs\/O_E_.glif":"\/lsans.ufo\/glyphs\/O_E_.glif","\/lsans.ufo\/glyphs\/O_acute.glif":"\/lsans.ufo\/glyphs\/O_acute.glif","\/lsans.ufo\/glyphs\/O_circumflex.glif":"\/lsans.ufo\/glyphs\/O_circumflex.glif","\/lsans.ufo\/glyphs\/O_dieresis.glif":"\/lsans.ufo\/glyphs\/O_dieresis.glif","\/lsans.ufo\/glyphs\/O_grave.glif":"\/lsans.ufo\/glyphs\/O_grave.glif","\/lsans.ufo\/glyphs\/O_mega.glif":"\/lsans.ufo\/glyphs\/O_mega.glif","\/lsans.ufo\/glyphs\/O_slash.glif":"\/lsans.ufo\/glyphs\/O_slash.glif","\/lsans.ufo\/glyphs\/O_tilde.glif":"\/lsans.ufo\/glyphs\/O_tilde.glif","\/lsans.ufo\/glyphs\/P_.glif":"\/lsans.ufo\/glyphs\/P_.glif","\/lsans.ufo\/glyphs\/Q_.glif":"\/lsans.ufo\/glyphs\/Q_.glif","\/lsans.ufo\/glyphs\/R_.glif":"\/lsans.ufo\/glyphs\/R_.glif","\/lsans.ufo\/glyphs\/S_.glif":"\/lsans.ufo\/glyphs\/S_.glif","\/lsans.ufo\/glyphs\/S_caron.glif":"\/lsans.ufo\/glyphs\/S_caron.glif","\/lsans.ufo\/glyphs\/T_.glif":"\/lsans.ufo\/glyphs\/T_.glif","\/lsans.ufo\/glyphs\/T_horn.glif":"\/lsans.ufo\/glyphs\/T_horn.glif","\/lsans.ufo\/glyphs\/U_.glif":"\/lsans.ufo\/glyphs\/U_.glif","\/lsans.ufo\/glyphs\/U_acute.glif":"\/lsans.ufo\/glyphs\/U_acute.glif","\/lsans.ufo\/glyphs\/U_circumflex.glif":"\/lsans.ufo\/glyphs\/U_circumflex.glif","\/lsans.ufo\/glyphs\/U_dieresis.glif":"\/lsans.ufo\/glyphs\/U_dieresis.glif","\/lsans.ufo\/glyphs\/U_grave.glif":"\/lsans.ufo\/glyphs\/U_grave.glif","\/lsans.ufo\/glyphs\/V_.glif":"\/lsans.ufo\/glyphs\/V_.glif","\/lsans.ufo\/glyphs\/W_.glif":"\/lsans.ufo\/glyphs\/W_.glif","\/lsans.ufo\/glyphs\/X_.glif":"\/lsans.ufo\/glyphs\/X_.glif","\/lsans.ufo\/glyphs\/Y_.glif":"\/lsans.ufo\/glyphs\/Y_.glif","\/lsans.ufo\/glyphs\/Y_acute.glif":"\/lsans.ufo\/glyphs\/Y_acute.glif","\/lsans.ufo\/glyphs\/Y_dieresis.glif":"\/lsans.ufo\/glyphs\/Y_dieresis.glif","\/lsans.ufo\/glyphs\/Z_.glif":"\/lsans.ufo\/glyphs\/Z_.glif","\/lsans.ufo\/glyphs\/a.glif":"\/lsans.ufo\/glyphs\/a.glif","\/lsans.ufo\/glyphs\/aacute.glif":"\/lsans.ufo\/glyphs\/aacute.glif","\/lsans.ufo\/glyphs\/acircumflex.glif":"\/lsans.ufo\/glyphs\/acircumflex.glif","\/lsans.ufo\/glyphs\/acute.glif":"\/lsans.ufo\/glyphs\/acute.glif","\/lsans.ufo\/glyphs\/adieresis.glif":"\/lsans.ufo\/glyphs\/adieresis.glif","\/lsans.ufo\/glyphs\/ae.glif":"\/lsans.ufo\/glyphs\/ae.glif","\/lsans.ufo\/glyphs\/agrave.glif":"\/lsans.ufo\/glyphs\/agrave.glif","\/lsans.ufo\/glyphs\/ampersand.glif":"\/lsans.ufo\/glyphs\/ampersand.glif","\/lsans.ufo\/glyphs\/approxequal.glif":"\/lsans.ufo\/glyphs\/approxequal.glif","\/lsans.ufo\/glyphs\/aring.glif":"\/lsans.ufo\/glyphs\/aring.glif","\/lsans.ufo\/glyphs\/asciicircum.glif":"\/lsans.ufo\/glyphs\/asciicircum.glif","\/lsans.ufo\/glyphs\/asciitilde.glif":"\/lsans.ufo\/glyphs\/asciitilde.glif","\/lsans.ufo\/glyphs\/asterisk.glif":"\/lsans.ufo\/glyphs\/asterisk.glif","\/lsans.ufo\/glyphs\/at.glif":"\/lsans.ufo\/glyphs\/at.glif","\/lsans.ufo\/glyphs\/atilde.glif":"\/lsans.ufo\/glyphs\/atilde.glif","\/lsans.ufo\/glyphs\/b.glif":"\/lsans.ufo\/glyphs\/b.glif","\/lsans.ufo\/glyphs\/backslash.glif":"\/lsans.ufo\/glyphs\/backslash.glif","\/lsans.ufo\/glyphs\/bar.glif":"\/lsans.ufo\/glyphs\/bar.glif","\/lsans.ufo\/glyphs\/braceleft.glif":"\/lsans.ufo\/glyphs\/braceleft.glif","\/lsans.ufo\/glyphs\/braceright.glif":"\/lsans.ufo\/glyphs\/braceright.glif","\/lsans.ufo\/glyphs\/bracketleft.glif":"\/lsans.ufo\/glyphs\/bracketleft.glif","\/lsans.ufo\/glyphs\/bracketright.glif":"\/lsans.ufo\/glyphs\/bracketright.glif","\/lsans.ufo\/glyphs\/breve.glif":"\/lsans.ufo\/glyphs\/breve.glif","\/lsans.ufo\/glyphs\/brokenbar.glif":"\/lsans.ufo\/glyphs\/brokenbar.glif","\/lsans.ufo\/glyphs\/bullet.glif":"\/lsans.ufo\/glyphs\/bullet.glif","\/lsans.ufo\/glyphs\/c.glif":"\/lsans.ufo\/glyphs\/c.glif","\/lsans.ufo\/glyphs\/caron.glif":"\/lsans.ufo\/glyphs\/caron.glif","\/lsans.ufo\/glyphs\/ccedilla.glif":"\/lsans.ufo\/glyphs\/ccedilla.glif","\/lsans.ufo\/glyphs\/cedilla.glif":"\/lsans.ufo\/glyphs\/cedilla.glif","\/lsans.ufo\/glyphs\/cent.glif":"\/lsans.ufo\/glyphs\/cent.glif","\/lsans.ufo\/glyphs\/circumflex.glif":"\/lsans.ufo\/glyphs\/circumflex.glif","\/lsans.ufo\/glyphs\/colon.glif":"\/lsans.ufo\/glyphs\/colon.glif","\/lsans.ufo\/glyphs\/comma.glif":"\/lsans.ufo\/glyphs\/comma.glif","\/lsans.ufo\/glyphs\/contents.plist":"\/lsans.ufo\/glyphs\/contents.plist","\/lsans.ufo\/glyphs\/copyright.glif":"\/lsans.ufo\/glyphs\/copyright.glif","\/lsans.ufo\/glyphs\/currency.glif":"\/lsans.ufo\/glyphs\/currency.glif","\/lsans.ufo\/glyphs\/d.glif":"\/lsans.ufo\/glyphs\/d.glif","\/lsans.ufo\/glyphs\/dagger.glif":"\/lsans.ufo\/glyphs\/dagger.glif","\/lsans.ufo\/glyphs\/daggerdbl.glif":"\/lsans.ufo\/glyphs\/daggerdbl.glif","\/lsans.ufo\/glyphs\/degree.glif":"\/lsans.ufo\/glyphs\/degree.glif","\/lsans.ufo\/glyphs\/dieresis.glif":"\/lsans.ufo\/glyphs\/dieresis.glif","\/lsans.ufo\/glyphs\/divide.glif":"\/lsans.ufo\/glyphs\/divide.glif","\/lsans.ufo\/glyphs\/dollar.glif":"\/lsans.ufo\/glyphs\/dollar.glif","\/lsans.ufo\/glyphs\/dotaccent.glif":"\/lsans.ufo\/glyphs\/dotaccent.glif","\/lsans.ufo\/glyphs\/dotlessi.glif":"\/lsans.ufo\/glyphs\/dotlessi.glif","\/lsans.ufo\/glyphs\/e.glif":"\/lsans.ufo\/glyphs\/e.glif","\/lsans.ufo\/glyphs\/eacute.glif":"\/lsans.ufo\/glyphs\/eacute.glif","\/lsans.ufo\/glyphs\/ecircumflex.glif":"\/lsans.ufo\/glyphs\/ecircumflex.glif","\/lsans.ufo\/glyphs\/edieresis.glif":"\/lsans.ufo\/glyphs\/edieresis.glif","\/lsans.ufo\/glyphs\/egrave.glif":"\/lsans.ufo\/glyphs\/egrave.glif","\/lsans.ufo\/glyphs\/eight.glif":"\/lsans.ufo\/glyphs\/eight.glif","\/lsans.ufo\/glyphs\/ellipsis.glif":"\/lsans.ufo\/glyphs\/ellipsis.glif","\/lsans.ufo\/glyphs\/emdash.glif":"\/lsans.ufo\/glyphs\/emdash.glif","\/lsans.ufo\/glyphs\/endash.glif":"\/lsans.ufo\/glyphs\/endash.glif","\/lsans.ufo\/glyphs\/equal.glif":"\/lsans.ufo\/glyphs\/equal.glif","\/lsans.ufo\/glyphs\/eth.glif":"\/lsans.ufo\/glyphs\/eth.glif","\/lsans.ufo\/glyphs\/exclam.glif":"\/lsans.ufo\/glyphs\/exclam.glif","\/lsans.ufo\/glyphs\/exclamdown.glif":"\/lsans.ufo\/glyphs\/exclamdown.glif","\/lsans.ufo\/glyphs\/f.glif":"\/lsans.ufo\/glyphs\/f.glif","\/lsans.ufo\/glyphs\/f000.glif":"\/lsans.ufo\/glyphs\/f000.glif","\/lsans.ufo\/glyphs\/fi.glif":"\/lsans.ufo\/glyphs\/fi.glif","\/lsans.ufo\/glyphs\/five.glif":"\/lsans.ufo\/glyphs\/five.glif","\/lsans.ufo\/glyphs\/fl.glif":"\/lsans.ufo\/glyphs\/fl.glif","\/lsans.ufo\/glyphs\/florin.glif":"\/lsans.ufo\/glyphs\/florin.glif","\/lsans.ufo\/glyphs\/four.glif":"\/lsans.ufo\/glyphs\/four.glif","\/lsans.ufo\/glyphs\/fraction.glif":"\/lsans.ufo\/glyphs\/fraction.glif","\/lsans.ufo\/glyphs\/g.glif":"\/lsans.ufo\/glyphs\/g.glif","\/lsans.ufo\/glyphs\/germandbls.glif":"\/lsans.ufo\/glyphs\/germandbls.glif","\/lsans.ufo\/glyphs\/glyph1.glif":"\/lsans.ufo\/glyphs\/glyph1.glif","\/lsans.ufo\/glyphs\/glyph2.glif":"\/lsans.ufo\/glyphs\/glyph2.glif","\/lsans.ufo\/glyphs\/grave.glif":"\/lsans.ufo\/glyphs\/grave.glif","\/lsans.ufo\/glyphs\/greater.glif":"\/lsans.ufo\/glyphs\/greater.glif","\/lsans.ufo\/glyphs\/greaterequal.glif":"\/lsans.ufo\/glyphs\/greaterequal.glif","\/lsans.ufo\/glyphs\/guillemotleft.glif":"\/lsans.ufo\/glyphs\/guillemotleft.glif","\/lsans.ufo\/glyphs\/guillemotright.glif":"\/lsans.ufo\/glyphs\/guillemotright.glif","\/lsans.ufo\/glyphs\/guilsinglleft.glif":"\/lsans.ufo\/glyphs\/guilsinglleft.glif","\/lsans.ufo\/glyphs\/guilsinglright.glif":"\/lsans.ufo\/glyphs\/guilsinglright.glif","\/lsans.ufo\/glyphs\/h.glif":"\/lsans.ufo\/glyphs\/h.glif","\/lsans.ufo\/glyphs\/hungarumlaut.glif":"\/lsans.ufo\/glyphs\/hungarumlaut.glif","\/lsans.ufo\/glyphs\/hyphen.glif":"\/lsans.ufo\/glyphs\/hyphen.glif","\/lsans.ufo\/glyphs\/i.glif":"\/lsans.ufo\/glyphs\/i.glif","\/lsans.ufo\/glyphs\/iacute.glif":"\/lsans.ufo\/glyphs\/iacute.glif","\/lsans.ufo\/glyphs\/icircumflex.glif":"\/lsans.ufo\/glyphs\/icircumflex.glif","\/lsans.ufo\/glyphs\/idieresis.glif":"\/lsans.ufo\/glyphs\/idieresis.glif","\/lsans.ufo\/glyphs\/igrave.glif":"\/lsans.ufo\/glyphs\/igrave.glif","\/lsans.ufo\/glyphs\/infinity.glif":"\/lsans.ufo\/glyphs\/infinity.glif","\/lsans.ufo\/glyphs\/integral.glif":"\/lsans.ufo\/glyphs\/integral.glif","\/lsans.ufo\/glyphs\/j.glif":"\/lsans.ufo\/glyphs\/j.glif","\/lsans.ufo\/glyphs\/k.glif":"\/lsans.ufo\/glyphs\/k.glif","\/lsans.ufo\/glyphs\/l.glif":"\/lsans.ufo\/glyphs\/l.glif","\/lsans.ufo\/glyphs\/less.glif":"\/lsans.ufo\/glyphs\/less.glif","\/lsans.ufo\/glyphs\/lessequal.glif":"\/lsans.ufo\/glyphs\/lessequal.glif","\/lsans.ufo\/glyphs\/logicalnot.glif":"\/lsans.ufo\/glyphs\/logicalnot.glif","\/lsans.ufo\/glyphs\/lozenge.glif":"\/lsans.ufo\/glyphs\/lozenge.glif","\/lsans.ufo\/glyphs\/m.glif":"\/lsans.ufo\/glyphs\/m.glif","\/lsans.ufo\/glyphs\/macron.glif":"\/lsans.ufo\/glyphs\/macron.glif","\/lsans.ufo\/glyphs\/mu.glif":"\/lsans.ufo\/glyphs\/mu.glif","\/lsans.ufo\/glyphs\/multiply.glif":"\/lsans.ufo\/glyphs\/multiply.glif","\/lsans.ufo\/glyphs\/n.glif":"\/lsans.ufo\/glyphs\/n.glif","\/lsans.ufo\/glyphs\/nine.glif":"\/lsans.ufo\/glyphs\/nine.glif","\/lsans.ufo\/glyphs\/nonbreakingspace.glif":"\/lsans.ufo\/glyphs\/nonbreakingspace.glif","\/lsans.ufo\/glyphs\/notequal.glif":"\/lsans.ufo\/glyphs\/notequal.glif","\/lsans.ufo\/glyphs\/ntilde.glif":"\/lsans.ufo\/glyphs\/ntilde.glif","\/lsans.ufo\/glyphs\/numbersign.glif":"\/lsans.ufo\/glyphs\/numbersign.glif","\/lsans.ufo\/glyphs\/o.glif":"\/lsans.ufo\/glyphs\/o.glif","\/lsans.ufo\/glyphs\/oacute.glif":"\/lsans.ufo\/glyphs\/oacute.glif","\/lsans.ufo\/glyphs\/ocircumflex.glif":"\/lsans.ufo\/glyphs\/ocircumflex.glif","\/lsans.ufo\/glyphs\/odieresis.glif":"\/lsans.ufo\/glyphs\/odieresis.glif","\/lsans.ufo\/glyphs\/oe.glif":"\/lsans.ufo\/glyphs\/oe.glif","\/lsans.ufo\/glyphs\/ogonek.glif":"\/lsans.ufo\/glyphs\/ogonek.glif","\/lsans.ufo\/glyphs\/ograve.glif":"\/lsans.ufo\/glyphs\/ograve.glif","\/lsans.ufo\/glyphs\/one.glif":"\/lsans.ufo\/glyphs\/one.glif","\/lsans.ufo\/glyphs\/onehalf.glif":"\/lsans.ufo\/glyphs\/onehalf.glif","\/lsans.ufo\/glyphs\/onequarter.glif":"\/lsans.ufo\/glyphs\/onequarter.glif","\/lsans.ufo\/glyphs\/onesuperior.glif":"\/lsans.ufo\/glyphs\/onesuperior.glif","\/lsans.ufo\/glyphs\/ordfeminine.glif":"\/lsans.ufo\/glyphs\/ordfeminine.glif","\/lsans.ufo\/glyphs\/ordmasculine.glif":"\/lsans.ufo\/glyphs\/ordmasculine.glif","\/lsans.ufo\/glyphs\/oslash.glif":"\/lsans.ufo\/glyphs\/oslash.glif","\/lsans.ufo\/glyphs\/otilde.glif":"\/lsans.ufo\/glyphs\/otilde.glif","\/lsans.ufo\/glyphs\/p.glif":"\/lsans.ufo\/glyphs\/p.glif","\/lsans.ufo\/glyphs\/paragraph.glif":"\/lsans.ufo\/glyphs\/paragraph.glif","\/lsans.ufo\/glyphs\/parenleft.glif":"\/lsans.ufo\/glyphs\/parenleft.glif","\/lsans.ufo\/glyphs\/parenright.glif":"\/lsans.ufo\/glyphs\/parenright.glif","\/lsans.ufo\/glyphs\/partialdiff.glif":"\/lsans.ufo\/glyphs\/partialdiff.glif","\/lsans.ufo\/glyphs\/percent.glif":"\/lsans.ufo\/glyphs\/percent.glif","\/lsans.ufo\/glyphs\/period.glif":"\/lsans.ufo\/glyphs\/period.glif","\/lsans.ufo\/glyphs\/periodcentered.glif":"\/lsans.ufo\/glyphs\/periodcentered.glif","\/lsans.ufo\/glyphs\/perthousand.glif":"\/lsans.ufo\/glyphs\/perthousand.glif","\/lsans.ufo\/glyphs\/pi.glif":"\/lsans.ufo\/glyphs\/pi.glif","\/lsans.ufo\/glyphs\/plus.glif":"\/lsans.ufo\/glyphs\/plus.glif","\/lsans.ufo\/glyphs\/plusminus.glif":"\/lsans.ufo\/glyphs\/plusminus.glif","\/lsans.ufo\/glyphs\/product.glif":"\/lsans.ufo\/glyphs\/product.glif","\/lsans.ufo\/glyphs\/q.glif":"\/lsans.ufo\/glyphs\/q.glif","\/lsans.ufo\/glyphs\/question.glif":"\/lsans.ufo\/glyphs\/question.glif","\/lsans.ufo\/glyphs\/questiondown.glif":"\/lsans.ufo\/glyphs\/questiondown.glif","\/lsans.ufo\/glyphs\/quotedbl.glif":"\/lsans.ufo\/glyphs\/quotedbl.glif","\/lsans.ufo\/glyphs\/quotedblbase.glif":"\/lsans.ufo\/glyphs\/quotedblbase.glif","\/lsans.ufo\/glyphs\/quotedblleft.glif":"\/lsans.ufo\/glyphs\/quotedblleft.glif","\/lsans.ufo\/glyphs\/quotedblright.glif":"\/lsans.ufo\/glyphs\/quotedblright.glif","\/lsans.ufo\/glyphs\/quoteleft.glif":"\/lsans.ufo\/glyphs\/quoteleft.glif","\/lsans.ufo\/glyphs\/quoteright.glif":"\/lsans.ufo\/glyphs\/quoteright.glif","\/lsans.ufo\/glyphs\/quotesinglbase.glif":"\/lsans.ufo\/glyphs\/quotesinglbase.glif","\/lsans.ufo\/glyphs\/quotesingle.glif":"\/lsans.ufo\/glyphs\/quotesingle.glif","\/lsans.ufo\/glyphs\/r.glif":"\/lsans.ufo\/glyphs\/r.glif","\/lsans.ufo\/glyphs\/radical.glif":"\/lsans.ufo\/glyphs\/radical.glif","\/lsans.ufo\/glyphs\/registered.glif":"\/lsans.ufo\/glyphs\/registered.glif","\/lsans.ufo\/glyphs\/ring.glif":"\/lsans.ufo\/glyphs\/ring.glif","\/lsans.ufo\/glyphs\/s.glif":"\/lsans.ufo\/glyphs\/s.glif","\/lsans.ufo\/glyphs\/scaron.glif":"\/lsans.ufo\/glyphs\/scaron.glif","\/lsans.ufo\/glyphs\/section.glif":"\/lsans.ufo\/glyphs\/section.glif","\/lsans.ufo\/glyphs\/semicolon.glif":"\/lsans.ufo\/glyphs\/semicolon.glif","\/lsans.ufo\/glyphs\/seven.glif":"\/lsans.ufo\/glyphs\/seven.glif","\/lsans.ufo\/glyphs\/sfthyphen.glif":"\/lsans.ufo\/glyphs\/sfthyphen.glif","\/lsans.ufo\/glyphs\/six.glif":"\/lsans.ufo\/glyphs\/six.glif","\/lsans.ufo\/glyphs\/slash.glif":"\/lsans.ufo\/glyphs\/slash.glif","\/lsans.ufo\/glyphs\/space.glif":"\/lsans.ufo\/glyphs\/space.glif","\/lsans.ufo\/glyphs\/sterling.glif":"\/lsans.ufo\/glyphs\/sterling.glif","\/lsans.ufo\/glyphs\/summation.glif":"\/lsans.ufo\/glyphs\/summation.glif","\/lsans.ufo\/glyphs\/t.glif":"\/lsans.ufo\/glyphs\/t.glif","\/lsans.ufo\/glyphs\/thorn.glif":"\/lsans.ufo\/glyphs\/thorn.glif","\/lsans.ufo\/glyphs\/three.glif":"\/lsans.ufo\/glyphs\/three.glif","\/lsans.ufo\/glyphs\/threequarters.glif":"\/lsans.ufo\/glyphs\/threequarters.glif","\/lsans.ufo\/glyphs\/threesuperior.glif":"\/lsans.ufo\/glyphs\/threesuperior.glif","\/lsans.ufo\/glyphs\/tilde.glif":"\/lsans.ufo\/glyphs\/tilde.glif","\/lsans.ufo\/glyphs\/trademark.glif":"\/lsans.ufo\/glyphs\/trademark.glif","\/lsans.ufo\/glyphs\/two.glif":"\/lsans.ufo\/glyphs\/two.glif","\/lsans.ufo\/glyphs\/twosuperior.glif":"\/lsans.ufo\/glyphs\/twosuperior.glif","\/lsans.ufo\/glyphs\/u.glif":"\/lsans.ufo\/glyphs\/u.glif","\/lsans.ufo\/glyphs\/uacute.glif":"\/lsans.ufo\/glyphs\/uacute.glif","\/lsans.ufo\/glyphs\/ucircumflex.glif":"\/lsans.ufo\/glyphs\/ucircumflex.glif","\/lsans.ufo\/glyphs\/udieresis.glif":"\/lsans.ufo\/glyphs\/udieresis.glif","\/lsans.ufo\/glyphs\/ugrave.glif":"\/lsans.ufo\/glyphs\/ugrave.glif","\/lsans.ufo\/glyphs\/underscore.glif":"\/lsans.ufo\/glyphs\/underscore.glif","\/lsans.ufo\/glyphs\/v.glif":"\/lsans.ufo\/glyphs\/v.glif","\/lsans.ufo\/glyphs\/w.glif":"\/lsans.ufo\/glyphs\/w.glif","\/lsans.ufo\/glyphs\/x.glif":"\/lsans.ufo\/glyphs\/x.glif","\/lsans.ufo\/glyphs\/y.glif":"\/lsans.ufo\/glyphs\/y.glif","\/lsans.ufo\/glyphs\/yacute.glif":"\/lsans.ufo\/glyphs\/yacute.glif","\/lsans.ufo\/glyphs\/ydieresis.glif":"\/lsans.ufo\/glyphs\/ydieresis.glif","\/lsans.ufo\/glyphs\/yen.glif":"\/lsans.ufo\/glyphs\/yen.glif","\/lsans.ufo\/glyphs\/z.glif":"\/lsans.ufo\/glyphs\/z.glif","\/lsans.ufo\/glyphs\/zero.glif":"\/lsans.ufo\/glyphs\/zero.glif"},"Font":{"uploaded":1489179404.9305,"licence":"gpl3","company":"Chronolabs Cooperative","title":"Lucida Sans","version":3.002,"date":"Fri Nov 25 22:19:25 2016","creator":"root","type":"1","matrix":"0.000488281 0 0 0.000488281 0 0","named":"LucidaSans","painttype":"0","info":"10 dict dup","name":"Lucida Sans Regular","family":"Lucida Sans","weight":"Book","fstype":"8","italicangle":"0","underlineposition":"","underlinethickness":""},"Licences":{"":false},"Table":{"FFTM":{"entryLength":16,"tag":"FFTM","checksum":1962491978,"offset":22796,"length":28},"GDEF":{"entryLength":16,"tag":"GDEF","checksum":19070982,"offset":22764,"length":32},"OS\/2":{"entryLength":16,"tag":"OS\/2","checksum":2233025849,"offset":344,"length":86},"cmap":{"entryLength":16,"tag":"cmap","checksum":4017070624,"offset":1416,"length":818},"gasp":{"entryLength":16,"tag":"gasp","checksum":4294901763,"offset":22756,"length":8},"glyf":{"entryLength":16,"tag":"glyf","checksum":2614721122,"offset":2732,"length":18576},"head":{"entryLength":16,"tag":"head","checksum":227060310,"offset":220,"length":54},"hhea":{"entryLength":16,"tag":"hhea","checksum":231343376,"offset":276,"length":36},"hmtx":{"entryLength":16,"tag":"hmtx","checksum":1663466744,"offset":432,"length":984},"loca":{"entryLength":16,"tag":"loca","checksum":821239700,"offset":2236,"length":494},"maxp":{"entryLength":16,"tag":"maxp","checksum":21299395,"offset":312,"length":32},"name":{"entryLength":16,"tag":"name","checksum":1809249508,"offset":21308,"length":888},"post":{"entryLength":16,"tag":"post","checksum":2074354800,"offset":22196,"length":560}},"UnicodeCharMap":{"32":3,"33":4,"34":5,"35":6,"36":7,"37":8,"38":9,"39":10,"40":11,"41":12,"42":13,"43":14,"44":15,"45":16,"46":17,"47":18,"48":19,"49":20,"50":21,"51":22,"52":23,"53":24,"54":25,"55":26,"56":27,"57":28,"58":29,"59":30,"60":31,"61":32,"62":33,"63":34,"64":35,"65":36,"66":37,"67":38,"68":39,"69":40,"70":41,"71":42,"72":43,"73":44,"74":45,"75":46,"76":47,"77":48,"78":49,"79":50,"80":51,"81":52,"82":53,"83":54,"84":55,"85":56,"86":57,"87":58,"88":59,"89":60,"90":61,"91":62,"92":63,"93":64,"94":65,"95":66,"96":67,"97":68,"98":69,"99":70,"100":71,"101":72,"102":73,"103":74,"104":75,"105":76,"106":77,"107":78,"108":79,"109":80,"110":81,"111":82,"112":83,"113":84,"114":85,"115":86,"116":87,"117":88,"118":89,"119":90,"120":91,"121":92,"122":93,"123":94,"124":95,"125":96,"126":97,"160":98,"161":99,"162":100,"163":101,"164":102,"165":103,"166":104,"167":105,"168":106,"169":107,"170":108,"171":109,"172":110,"173":111,"174":112,"175":237,"176":113,"177":114,"178":115,"179":116,"180":117,"182":119,"183":230,"184":120,"185":121,"186":122,"187":123,"188":124,"189":125,"190":126,"191":127,"192":128,"193":129,"194":130,"195":131,"196":132,"197":133,"198":134,"199":135,"200":136,"201":137,"202":138,"203":139,"204":140,"205":141,"206":142,"207":143,"208":144,"209":145,"210":146,"211":147,"212":148,"213":149,"214":150,"215":151,"216":152,"217":153,"218":154,"219":155,"220":156,"221":157,"222":158,"223":159,"224":160,"225":161,"226":162,"227":163,"228":164,"229":165,"230":166,"231":167,"232":168,"233":169,"234":170,"235":171,"236":172,"237":173,"238":174,"239":175,"240":176,"241":177,"242":178,"243":179,"244":180,"245":181,"246":182,"247":183,"248":184,"249":185,"250":186,"251":187,"252":188,"253":189,"254":190,"255":191,"305":234,"338":213,"339":214,"352":244,"353":245,"376":222,"402":209,"710":235,"711":243,"728":238,"729":239,"730":240,"731":242,"732":236,"733":241,"916":211,"937":207,"956":118,"960":205,"8211":215,"8212":216,"8216":219,"8217":220,"8218":231,"8220":217,"8221":218,"8222":232,"8224":195,"8225":229,"8226":196,"8230":212,"8240":233,"8249":225,"8250":226,"8260":223,"8364":224,"8482":197,"8706":202,"8719":204,"8721":203,"8730":208,"8734":199,"8747":206,"8776":210,"8800":198,"8804":200,"8805":201,"9674":221,"64257":227,"64258":228},"Reserves":{"fontname":"Lucida Sans Regular"},"Names":{"Lucida Sans Regular":{"name":"Lucida Sans Regular","longitude":"0.00000001","latitude":"0.00000001","country":"","region":"","city":""}},"Nodes":{"lu":{"type":"typal","node":"lu","usage":1,"weight":1},"da":{"type":"typal","node":"da","usage":1,"weight":1},"sa":{"type":"typal","node":"sa","usage":1,"weight":1},"ns":{"type":"typal","node":"ns","usage":1,"weight":1},"re":{"type":"typal","node":"re","usage":1,"weight":1},"ar":{"type":"typal","node":"ar","usage":1,"weight":1},"luc":{"type":"typal","node":"luc","usage":1,"weight":1},"ida":{"type":"typal","node":"ida","usage":1,"weight":1},"san":{"type":"typal","node":"san","usage":1,"weight":1},"ans":{"type":"typal","node":"ans","usage":1,"weight":1},"reg":{"type":"typal","node":"reg","usage":1,"weight":1},"lar":{"type":"typal","node":"lar","usage":1,"weight":1},"luci":{"type":"keys","node":"luci","usage":1,"weight":1},"cida":{"type":"keys","node":"cida","usage":1,"weight":1},"regu":{"type":"keys","node":"regu","usage":1,"weight":1},"ular":{"type":"keys","node":"ular","usage":1,"weight":1},"lucid":{"type":"keys","node":"lucid","usage":1,"weight":1},"ucida":{"type":"keys","node":"ucida","usage":1,"weight":1},"regul":{"type":"keys","node":"regul","usage":1,"weight":1},"gular":{"type":"keys","node":"gular","usage":1,"weight":1},"lucida":{"type":"fixes","node":"lucida","usage":1,"weight":1},"sans":{"type":"fixes","node":"sans","usage":1,"weight":1},"regular":{"type":"fixes","node":"regular","usage":1,"weight":1}},"Contributors":[],"FontIdentity":"zinc77:a18e2cf14bf25ad7b04cf48df","Bytes":null,"Networking":[],"barcode":"aaqgegukuseek","referee":"oaukc"}