{"CSS":{"Avant Garde Book BT":"crash99:0a9fd9af5172a24936f19a77.css"},"FontType":"TrueType","FontCopyright":"Copyright 1990-1993 Bitstream Inc.  All rights reserved.","FontName":"AvantGarde Bk BT","FontSubfamily":"Book","FontSubfamilyID":"FontForge 2.0 : Avant Garde Book BT : 28-8-2016","FontFullName":"Avant Garde Book BT","FontVersion":"Version mfgpctt-v1.52 Tuesda ","FontWeight":null,"FontPostscriptName":"AvantGardeITCbyBT-Book","Files":{"\/Avant Garde Book BT.css":"\/Avant Garde Book BT.css","\/font-resource.json":"\/font-resource.json","\/tt0154m_.afm":"\/tt0154m_.afm","\/tt0154m_.cef":"\/tt0154m_.cef","\/tt0154m_.cff":"\/tt0154m_.cff","\/tt0154m_.eot":"\/tt0154m_.eot","\/tt0154m_.gai":"\/tt0154m_.gai","\/tt0154m_.gsf":"\/tt0154m_.gsf","\/tt0154m_.otf":"\/tt0154m_.otf","\/tt0154m_.pf3":"\/tt0154m_.pf3","\/tt0154m_.pfa":"\/tt0154m_.pfa","\/tt0154m_.pfb":"\/tt0154m_.pfb","\/tt0154m_.php":"\/tt0154m_.php","\/tt0154m_.pt3":"\/tt0154m_.pt3","\/tt0154m_.sfd":"\/tt0154m_.sfd","\/tt0154m_.svg":"\/tt0154m_.svg","\/tt0154m_.t42":"\/tt0154m_.t42","\/tt0154m_.ttd":"\/tt0154m_.ttd","\/tt0154m_.ttf":"\/tt0154m_.ttf","\/tt0154m_.ttg":"\/tt0154m_.ttg","\/tt0154m_.ufm":"\/tt0154m_.ufm","\/tt0154m_.woff":"\/tt0154m_.woff","\/tt0154m_.z":"\/tt0154m_.z","\/tt0154m_.ufo\/feature.fea":"\/tt0154m_.ufo\/feature.fea","\/tt0154m_.ufo\/fontinfo.plist":"\/tt0154m_.ufo\/fontinfo.plist","\/tt0154m_.ufo\/groups.plist":"\/tt0154m_.ufo\/groups.plist","\/tt0154m_.ufo\/kerning.plist":"\/tt0154m_.ufo\/kerning.plist","\/tt0154m_.ufo\/metainfo.plist":"\/tt0154m_.ufo\/metainfo.plist","\/tt0154m_.ufo\/glyphs\/A_.glif":"\/tt0154m_.ufo\/glyphs\/A_.glif","\/tt0154m_.ufo\/glyphs\/A_E_.glif":"\/tt0154m_.ufo\/glyphs\/A_E_.glif","\/tt0154m_.ufo\/glyphs\/A_acute.glif":"\/tt0154m_.ufo\/glyphs\/A_acute.glif","\/tt0154m_.ufo\/glyphs\/A_circumflex.glif":"\/tt0154m_.ufo\/glyphs\/A_circumflex.glif","\/tt0154m_.ufo\/glyphs\/A_dieresis.glif":"\/tt0154m_.ufo\/glyphs\/A_dieresis.glif","\/tt0154m_.ufo\/glyphs\/A_grave.glif":"\/tt0154m_.ufo\/glyphs\/A_grave.glif","\/tt0154m_.ufo\/glyphs\/A_ring.glif":"\/tt0154m_.ufo\/glyphs\/A_ring.glif","\/tt0154m_.ufo\/glyphs\/A_tilde.glif":"\/tt0154m_.ufo\/glyphs\/A_tilde.glif","\/tt0154m_.ufo\/glyphs\/B_.glif":"\/tt0154m_.ufo\/glyphs\/B_.glif","\/tt0154m_.ufo\/glyphs\/C_.glif":"\/tt0154m_.ufo\/glyphs\/C_.glif","\/tt0154m_.ufo\/glyphs\/C_acute.glif":"\/tt0154m_.ufo\/glyphs\/C_acute.glif","\/tt0154m_.ufo\/glyphs\/C_caron.glif":"\/tt0154m_.ufo\/glyphs\/C_caron.glif","\/tt0154m_.ufo\/glyphs\/C_cedilla.glif":"\/tt0154m_.ufo\/glyphs\/C_cedilla.glif","\/tt0154m_.ufo\/glyphs\/D_.glif":"\/tt0154m_.ufo\/glyphs\/D_.glif","\/tt0154m_.ufo\/glyphs\/D_elta.glif":"\/tt0154m_.ufo\/glyphs\/D_elta.glif","\/tt0154m_.ufo\/glyphs\/E_.glif":"\/tt0154m_.ufo\/glyphs\/E_.glif","\/tt0154m_.ufo\/glyphs\/E_acute.glif":"\/tt0154m_.ufo\/glyphs\/E_acute.glif","\/tt0154m_.ufo\/glyphs\/E_circumflex.glif":"\/tt0154m_.ufo\/glyphs\/E_circumflex.glif","\/tt0154m_.ufo\/glyphs\/E_dieresis.glif":"\/tt0154m_.ufo\/glyphs\/E_dieresis.glif","\/tt0154m_.ufo\/glyphs\/E_grave.glif":"\/tt0154m_.ufo\/glyphs\/E_grave.glif","\/tt0154m_.ufo\/glyphs\/E_th.glif":"\/tt0154m_.ufo\/glyphs\/E_th.glif","\/tt0154m_.ufo\/glyphs\/F_.glif":"\/tt0154m_.ufo\/glyphs\/F_.glif","\/tt0154m_.ufo\/glyphs\/G_.glif":"\/tt0154m_.ufo\/glyphs\/G_.glif","\/tt0154m_.ufo\/glyphs\/G_breve.glif":"\/tt0154m_.ufo\/glyphs\/G_breve.glif","\/tt0154m_.ufo\/glyphs\/H_.glif":"\/tt0154m_.ufo\/glyphs\/H_.glif","\/tt0154m_.ufo\/glyphs\/I_.glif":"\/tt0154m_.ufo\/glyphs\/I_.glif","\/tt0154m_.ufo\/glyphs\/I_acute.glif":"\/tt0154m_.ufo\/glyphs\/I_acute.glif","\/tt0154m_.ufo\/glyphs\/I_circumflex.glif":"\/tt0154m_.ufo\/glyphs\/I_circumflex.glif","\/tt0154m_.ufo\/glyphs\/I_dieresis.glif":"\/tt0154m_.ufo\/glyphs\/I_dieresis.glif","\/tt0154m_.ufo\/glyphs\/I_dotaccent.glif":"\/tt0154m_.ufo\/glyphs\/I_dotaccent.glif","\/tt0154m_.ufo\/glyphs\/I_grave.glif":"\/tt0154m_.ufo\/glyphs\/I_grave.glif","\/tt0154m_.ufo\/glyphs\/J_.glif":"\/tt0154m_.ufo\/glyphs\/J_.glif","\/tt0154m_.ufo\/glyphs\/K_.glif":"\/tt0154m_.ufo\/glyphs\/K_.glif","\/tt0154m_.ufo\/glyphs\/L_.glif":"\/tt0154m_.ufo\/glyphs\/L_.glif","\/tt0154m_.ufo\/glyphs\/L_slash.glif":"\/tt0154m_.ufo\/glyphs\/L_slash.glif","\/tt0154m_.ufo\/glyphs\/M_.glif":"\/tt0154m_.ufo\/glyphs\/M_.glif","\/tt0154m_.ufo\/glyphs\/N_.glif":"\/tt0154m_.ufo\/glyphs\/N_.glif","\/tt0154m_.ufo\/glyphs\/N_tilde.glif":"\/tt0154m_.ufo\/glyphs\/N_tilde.glif","\/tt0154m_.ufo\/glyphs\/O_.glif":"\/tt0154m_.ufo\/glyphs\/O_.glif","\/tt0154m_.ufo\/glyphs\/O_E_.glif":"\/tt0154m_.ufo\/glyphs\/O_E_.glif","\/tt0154m_.ufo\/glyphs\/O_acute.glif":"\/tt0154m_.ufo\/glyphs\/O_acute.glif","\/tt0154m_.ufo\/glyphs\/O_circumflex.glif":"\/tt0154m_.ufo\/glyphs\/O_circumflex.glif","\/tt0154m_.ufo\/glyphs\/O_dieresis.glif":"\/tt0154m_.ufo\/glyphs\/O_dieresis.glif","\/tt0154m_.ufo\/glyphs\/O_grave.glif":"\/tt0154m_.ufo\/glyphs\/O_grave.glif","\/tt0154m_.ufo\/glyphs\/O_mega.glif":"\/tt0154m_.ufo\/glyphs\/O_mega.glif","\/tt0154m_.ufo\/glyphs\/O_slash.glif":"\/tt0154m_.ufo\/glyphs\/O_slash.glif","\/tt0154m_.ufo\/glyphs\/O_tilde.glif":"\/tt0154m_.ufo\/glyphs\/O_tilde.glif","\/tt0154m_.ufo\/glyphs\/P_.glif":"\/tt0154m_.ufo\/glyphs\/P_.glif","\/tt0154m_.ufo\/glyphs\/Q_.glif":"\/tt0154m_.ufo\/glyphs\/Q_.glif","\/tt0154m_.ufo\/glyphs\/R_.glif":"\/tt0154m_.ufo\/glyphs\/R_.glif","\/tt0154m_.ufo\/glyphs\/S_.glif":"\/tt0154m_.ufo\/glyphs\/S_.glif","\/tt0154m_.ufo\/glyphs\/S_caron.glif":"\/tt0154m_.ufo\/glyphs\/S_caron.glif","\/tt0154m_.ufo\/glyphs\/S_cedilla.glif":"\/tt0154m_.ufo\/glyphs\/S_cedilla.glif","\/tt0154m_.ufo\/glyphs\/T_.glif":"\/tt0154m_.ufo\/glyphs\/T_.glif","\/tt0154m_.ufo\/glyphs\/T_horn.glif":"\/tt0154m_.ufo\/glyphs\/T_horn.glif","\/tt0154m_.ufo\/glyphs\/U_.glif":"\/tt0154m_.ufo\/glyphs\/U_.glif","\/tt0154m_.ufo\/glyphs\/U_acute.glif":"\/tt0154m_.ufo\/glyphs\/U_acute.glif","\/tt0154m_.ufo\/glyphs\/U_circumflex.glif":"\/tt0154m_.ufo\/glyphs\/U_circumflex.glif","\/tt0154m_.ufo\/glyphs\/U_dieresis.glif":"\/tt0154m_.ufo\/glyphs\/U_dieresis.glif","\/tt0154m_.ufo\/glyphs\/U_grave.glif":"\/tt0154m_.ufo\/glyphs\/U_grave.glif","\/tt0154m_.ufo\/glyphs\/V_.glif":"\/tt0154m_.ufo\/glyphs\/V_.glif","\/tt0154m_.ufo\/glyphs\/W_.glif":"\/tt0154m_.ufo\/glyphs\/W_.glif","\/tt0154m_.ufo\/glyphs\/X_.glif":"\/tt0154m_.ufo\/glyphs\/X_.glif","\/tt0154m_.ufo\/glyphs\/Y_.glif":"\/tt0154m_.ufo\/glyphs\/Y_.glif","\/tt0154m_.ufo\/glyphs\/Y_acute.glif":"\/tt0154m_.ufo\/glyphs\/Y_acute.glif","\/tt0154m_.ufo\/glyphs\/Y_dieresis.glif":"\/tt0154m_.ufo\/glyphs\/Y_dieresis.glif","\/tt0154m_.ufo\/glyphs\/Z_.glif":"\/tt0154m_.ufo\/glyphs\/Z_.glif","\/tt0154m_.ufo\/glyphs\/Z_caron.glif":"\/tt0154m_.ufo\/glyphs\/Z_caron.glif","\/tt0154m_.ufo\/glyphs\/_notdef.glif":"\/tt0154m_.ufo\/glyphs\/_notdef.glif","\/tt0154m_.ufo\/glyphs\/_null.glif":"\/tt0154m_.ufo\/glyphs\/_null.glif","\/tt0154m_.ufo\/glyphs\/a.glif":"\/tt0154m_.ufo\/glyphs\/a.glif","\/tt0154m_.ufo\/glyphs\/aacute.glif":"\/tt0154m_.ufo\/glyphs\/aacute.glif","\/tt0154m_.ufo\/glyphs\/acircumflex.glif":"\/tt0154m_.ufo\/glyphs\/acircumflex.glif","\/tt0154m_.ufo\/glyphs\/acute.glif":"\/tt0154m_.ufo\/glyphs\/acute.glif","\/tt0154m_.ufo\/glyphs\/adieresis.glif":"\/tt0154m_.ufo\/glyphs\/adieresis.glif","\/tt0154m_.ufo\/glyphs\/ae.glif":"\/tt0154m_.ufo\/glyphs\/ae.glif","\/tt0154m_.ufo\/glyphs\/agrave.glif":"\/tt0154m_.ufo\/glyphs\/agrave.glif","\/tt0154m_.ufo\/glyphs\/ampersand.glif":"\/tt0154m_.ufo\/glyphs\/ampersand.glif","\/tt0154m_.ufo\/glyphs\/apple.glif":"\/tt0154m_.ufo\/glyphs\/apple.glif","\/tt0154m_.ufo\/glyphs\/approxequal.glif":"\/tt0154m_.ufo\/glyphs\/approxequal.glif","\/tt0154m_.ufo\/glyphs\/aring.glif":"\/tt0154m_.ufo\/glyphs\/aring.glif","\/tt0154m_.ufo\/glyphs\/asciicircum.glif":"\/tt0154m_.ufo\/glyphs\/asciicircum.glif","\/tt0154m_.ufo\/glyphs\/asciitilde.glif":"\/tt0154m_.ufo\/glyphs\/asciitilde.glif","\/tt0154m_.ufo\/glyphs\/asterisk.glif":"\/tt0154m_.ufo\/glyphs\/asterisk.glif","\/tt0154m_.ufo\/glyphs\/at.glif":"\/tt0154m_.ufo\/glyphs\/at.glif","\/tt0154m_.ufo\/glyphs\/atilde.glif":"\/tt0154m_.ufo\/glyphs\/atilde.glif","\/tt0154m_.ufo\/glyphs\/b.glif":"\/tt0154m_.ufo\/glyphs\/b.glif","\/tt0154m_.ufo\/glyphs\/backslash.glif":"\/tt0154m_.ufo\/glyphs\/backslash.glif","\/tt0154m_.ufo\/glyphs\/bar.glif":"\/tt0154m_.ufo\/glyphs\/bar.glif","\/tt0154m_.ufo\/glyphs\/braceleft.glif":"\/tt0154m_.ufo\/glyphs\/braceleft.glif","\/tt0154m_.ufo\/glyphs\/braceright.glif":"\/tt0154m_.ufo\/glyphs\/braceright.glif","\/tt0154m_.ufo\/glyphs\/bracketleft.glif":"\/tt0154m_.ufo\/glyphs\/bracketleft.glif","\/tt0154m_.ufo\/glyphs\/bracketright.glif":"\/tt0154m_.ufo\/glyphs\/bracketright.glif","\/tt0154m_.ufo\/glyphs\/breve.glif":"\/tt0154m_.ufo\/glyphs\/breve.glif","\/tt0154m_.ufo\/glyphs\/brokenbar.glif":"\/tt0154m_.ufo\/glyphs\/brokenbar.glif","\/tt0154m_.ufo\/glyphs\/bullet.glif":"\/tt0154m_.ufo\/glyphs\/bullet.glif","\/tt0154m_.ufo\/glyphs\/c.glif":"\/tt0154m_.ufo\/glyphs\/c.glif","\/tt0154m_.ufo\/glyphs\/cacute.glif":"\/tt0154m_.ufo\/glyphs\/cacute.glif","\/tt0154m_.ufo\/glyphs\/caron.glif":"\/tt0154m_.ufo\/glyphs\/caron.glif","\/tt0154m_.ufo\/glyphs\/ccaron.glif":"\/tt0154m_.ufo\/glyphs\/ccaron.glif","\/tt0154m_.ufo\/glyphs\/ccedilla.glif":"\/tt0154m_.ufo\/glyphs\/ccedilla.glif","\/tt0154m_.ufo\/glyphs\/cedilla.glif":"\/tt0154m_.ufo\/glyphs\/cedilla.glif","\/tt0154m_.ufo\/glyphs\/cent.glif":"\/tt0154m_.ufo\/glyphs\/cent.glif","\/tt0154m_.ufo\/glyphs\/circumflex.glif":"\/tt0154m_.ufo\/glyphs\/circumflex.glif","\/tt0154m_.ufo\/glyphs\/colon.glif":"\/tt0154m_.ufo\/glyphs\/colon.glif","\/tt0154m_.ufo\/glyphs\/comma.glif":"\/tt0154m_.ufo\/glyphs\/comma.glif","\/tt0154m_.ufo\/glyphs\/contents.plist":"\/tt0154m_.ufo\/glyphs\/contents.plist","\/tt0154m_.ufo\/glyphs\/copyright.glif":"\/tt0154m_.ufo\/glyphs\/copyright.glif","\/tt0154m_.ufo\/glyphs\/currency.glif":"\/tt0154m_.ufo\/glyphs\/currency.glif","\/tt0154m_.ufo\/glyphs\/d.glif":"\/tt0154m_.ufo\/glyphs\/d.glif","\/tt0154m_.ufo\/glyphs\/dagger.glif":"\/tt0154m_.ufo\/glyphs\/dagger.glif","\/tt0154m_.ufo\/glyphs\/daggerdbl.glif":"\/tt0154m_.ufo\/glyphs\/daggerdbl.glif","\/tt0154m_.ufo\/glyphs\/dcroat.glif":"\/tt0154m_.ufo\/glyphs\/dcroat.glif","\/tt0154m_.ufo\/glyphs\/degree.glif":"\/tt0154m_.ufo\/glyphs\/degree.glif","\/tt0154m_.ufo\/glyphs\/dieresis.glif":"\/tt0154m_.ufo\/glyphs\/dieresis.glif","\/tt0154m_.ufo\/glyphs\/divide.glif":"\/tt0154m_.ufo\/glyphs\/divide.glif","\/tt0154m_.ufo\/glyphs\/dollar.glif":"\/tt0154m_.ufo\/glyphs\/dollar.glif","\/tt0154m_.ufo\/glyphs\/dotaccent.glif":"\/tt0154m_.ufo\/glyphs\/dotaccent.glif","\/tt0154m_.ufo\/glyphs\/dotlessi.glif":"\/tt0154m_.ufo\/glyphs\/dotlessi.glif","\/tt0154m_.ufo\/glyphs\/e.glif":"\/tt0154m_.ufo\/glyphs\/e.glif","\/tt0154m_.ufo\/glyphs\/eacute.glif":"\/tt0154m_.ufo\/glyphs\/eacute.glif","\/tt0154m_.ufo\/glyphs\/ecircumflex.glif":"\/tt0154m_.ufo\/glyphs\/ecircumflex.glif","\/tt0154m_.ufo\/glyphs\/edieresis.glif":"\/tt0154m_.ufo\/glyphs\/edieresis.glif","\/tt0154m_.ufo\/glyphs\/egrave.glif":"\/tt0154m_.ufo\/glyphs\/egrave.glif","\/tt0154m_.ufo\/glyphs\/eight.glif":"\/tt0154m_.ufo\/glyphs\/eight.glif","\/tt0154m_.ufo\/glyphs\/ellipsis.glif":"\/tt0154m_.ufo\/glyphs\/ellipsis.glif","\/tt0154m_.ufo\/glyphs\/emdash.glif":"\/tt0154m_.ufo\/glyphs\/emdash.glif","\/tt0154m_.ufo\/glyphs\/endash.glif":"\/tt0154m_.ufo\/glyphs\/endash.glif","\/tt0154m_.ufo\/glyphs\/equal.glif":"\/tt0154m_.ufo\/glyphs\/equal.glif","\/tt0154m_.ufo\/glyphs\/eth.glif":"\/tt0154m_.ufo\/glyphs\/eth.glif","\/tt0154m_.ufo\/glyphs\/exclam.glif":"\/tt0154m_.ufo\/glyphs\/exclam.glif","\/tt0154m_.ufo\/glyphs\/exclamdown.glif":"\/tt0154m_.ufo\/glyphs\/exclamdown.glif","\/tt0154m_.ufo\/glyphs\/f.glif":"\/tt0154m_.ufo\/glyphs\/f.glif","\/tt0154m_.ufo\/glyphs\/fi.glif":"\/tt0154m_.ufo\/glyphs\/fi.glif","\/tt0154m_.ufo\/glyphs\/five.glif":"\/tt0154m_.ufo\/glyphs\/five.glif","\/tt0154m_.ufo\/glyphs\/fl.glif":"\/tt0154m_.ufo\/glyphs\/fl.glif","\/tt0154m_.ufo\/glyphs\/florin.glif":"\/tt0154m_.ufo\/glyphs\/florin.glif","\/tt0154m_.ufo\/glyphs\/four.glif":"\/tt0154m_.ufo\/glyphs\/four.glif","\/tt0154m_.ufo\/glyphs\/fraction.glif":"\/tt0154m_.ufo\/glyphs\/fraction.glif","\/tt0154m_.ufo\/glyphs\/franc.glif":"\/tt0154m_.ufo\/glyphs\/franc.glif","\/tt0154m_.ufo\/glyphs\/g.glif":"\/tt0154m_.ufo\/glyphs\/g.glif","\/tt0154m_.ufo\/glyphs\/gbreve.glif":"\/tt0154m_.ufo\/glyphs\/gbreve.glif","\/tt0154m_.ufo\/glyphs\/germandbls.glif":"\/tt0154m_.ufo\/glyphs\/germandbls.glif","\/tt0154m_.ufo\/glyphs\/grave.glif":"\/tt0154m_.ufo\/glyphs\/grave.glif","\/tt0154m_.ufo\/glyphs\/greater.glif":"\/tt0154m_.ufo\/glyphs\/greater.glif","\/tt0154m_.ufo\/glyphs\/greaterequal.glif":"\/tt0154m_.ufo\/glyphs\/greaterequal.glif","\/tt0154m_.ufo\/glyphs\/guillemotleft.glif":"\/tt0154m_.ufo\/glyphs\/guillemotleft.glif","\/tt0154m_.ufo\/glyphs\/guillemotright.glif":"\/tt0154m_.ufo\/glyphs\/guillemotright.glif","\/tt0154m_.ufo\/glyphs\/guilsinglleft.glif":"\/tt0154m_.ufo\/glyphs\/guilsinglleft.glif","\/tt0154m_.ufo\/glyphs\/guilsinglright.glif":"\/tt0154m_.ufo\/glyphs\/guilsinglright.glif","\/tt0154m_.ufo\/glyphs\/h.glif":"\/tt0154m_.ufo\/glyphs\/h.glif","\/tt0154m_.ufo\/glyphs\/hungarumlaut.glif":"\/tt0154m_.ufo\/glyphs\/hungarumlaut.glif","\/tt0154m_.ufo\/glyphs\/hyphen.glif":"\/tt0154m_.ufo\/glyphs\/hyphen.glif","\/tt0154m_.ufo\/glyphs\/i.glif":"\/tt0154m_.ufo\/glyphs\/i.glif","\/tt0154m_.ufo\/glyphs\/iacute.glif":"\/tt0154m_.ufo\/glyphs\/iacute.glif","\/tt0154m_.ufo\/glyphs\/icircumflex.glif":"\/tt0154m_.ufo\/glyphs\/icircumflex.glif","\/tt0154m_.ufo\/glyphs\/idieresis.glif":"\/tt0154m_.ufo\/glyphs\/idieresis.glif","\/tt0154m_.ufo\/glyphs\/igrave.glif":"\/tt0154m_.ufo\/glyphs\/igrave.glif","\/tt0154m_.ufo\/glyphs\/infinity.glif":"\/tt0154m_.ufo\/glyphs\/infinity.glif","\/tt0154m_.ufo\/glyphs\/integral.glif":"\/tt0154m_.ufo\/glyphs\/integral.glif","\/tt0154m_.ufo\/glyphs\/j.glif":"\/tt0154m_.ufo\/glyphs\/j.glif","\/tt0154m_.ufo\/glyphs\/k.glif":"\/tt0154m_.ufo\/glyphs\/k.glif","\/tt0154m_.ufo\/glyphs\/l.glif":"\/tt0154m_.ufo\/glyphs\/l.glif","\/tt0154m_.ufo\/glyphs\/less.glif":"\/tt0154m_.ufo\/glyphs\/less.glif","\/tt0154m_.ufo\/glyphs\/lessequal.glif":"\/tt0154m_.ufo\/glyphs\/lessequal.glif","\/tt0154m_.ufo\/glyphs\/logicalnot.glif":"\/tt0154m_.ufo\/glyphs\/logicalnot.glif","\/tt0154m_.ufo\/glyphs\/lozenge.glif":"\/tt0154m_.ufo\/glyphs\/lozenge.glif","\/tt0154m_.ufo\/glyphs\/lslash.glif":"\/tt0154m_.ufo\/glyphs\/lslash.glif","\/tt0154m_.ufo\/glyphs\/m.glif":"\/tt0154m_.ufo\/glyphs\/m.glif","\/tt0154m_.ufo\/glyphs\/macron.glif":"\/tt0154m_.ufo\/glyphs\/macron.glif","\/tt0154m_.ufo\/glyphs\/minus.glif":"\/tt0154m_.ufo\/glyphs\/minus.glif","\/tt0154m_.ufo\/glyphs\/mu.glif":"\/tt0154m_.ufo\/glyphs\/mu.glif","\/tt0154m_.ufo\/glyphs\/multiply.glif":"\/tt0154m_.ufo\/glyphs\/multiply.glif","\/tt0154m_.ufo\/glyphs\/n.glif":"\/tt0154m_.ufo\/glyphs\/n.glif","\/tt0154m_.ufo\/glyphs\/nine.glif":"\/tt0154m_.ufo\/glyphs\/nine.glif","\/tt0154m_.ufo\/glyphs\/nonbreakingspace.glif":"\/tt0154m_.ufo\/glyphs\/nonbreakingspace.glif","\/tt0154m_.ufo\/glyphs\/nonmarkingreturn.glif":"\/tt0154m_.ufo\/glyphs\/nonmarkingreturn.glif","\/tt0154m_.ufo\/glyphs\/notequal.glif":"\/tt0154m_.ufo\/glyphs\/notequal.glif","\/tt0154m_.ufo\/glyphs\/ntilde.glif":"\/tt0154m_.ufo\/glyphs\/ntilde.glif","\/tt0154m_.ufo\/glyphs\/numbersign.glif":"\/tt0154m_.ufo\/glyphs\/numbersign.glif","\/tt0154m_.ufo\/glyphs\/o.glif":"\/tt0154m_.ufo\/glyphs\/o.glif","\/tt0154m_.ufo\/glyphs\/oacute.glif":"\/tt0154m_.ufo\/glyphs\/oacute.glif","\/tt0154m_.ufo\/glyphs\/ocircumflex.glif":"\/tt0154m_.ufo\/glyphs\/ocircumflex.glif","\/tt0154m_.ufo\/glyphs\/odieresis.glif":"\/tt0154m_.ufo\/glyphs\/odieresis.glif","\/tt0154m_.ufo\/glyphs\/oe.glif":"\/tt0154m_.ufo\/glyphs\/oe.glif","\/tt0154m_.ufo\/glyphs\/ogonek.glif":"\/tt0154m_.ufo\/glyphs\/ogonek.glif","\/tt0154m_.ufo\/glyphs\/ograve.glif":"\/tt0154m_.ufo\/glyphs\/ograve.glif","\/tt0154m_.ufo\/glyphs\/one.glif":"\/tt0154m_.ufo\/glyphs\/one.glif","\/tt0154m_.ufo\/glyphs\/onehalf.glif":"\/tt0154m_.ufo\/glyphs\/onehalf.glif","\/tt0154m_.ufo\/glyphs\/onequarter.glif":"\/tt0154m_.ufo\/glyphs\/onequarter.glif","\/tt0154m_.ufo\/glyphs\/onesuperior.glif":"\/tt0154m_.ufo\/glyphs\/onesuperior.glif","\/tt0154m_.ufo\/glyphs\/ordfeminine.glif":"\/tt0154m_.ufo\/glyphs\/ordfeminine.glif","\/tt0154m_.ufo\/glyphs\/ordmasculine.glif":"\/tt0154m_.ufo\/glyphs\/ordmasculine.glif","\/tt0154m_.ufo\/glyphs\/oslash.glif":"\/tt0154m_.ufo\/glyphs\/oslash.glif","\/tt0154m_.ufo\/glyphs\/otilde.glif":"\/tt0154m_.ufo\/glyphs\/otilde.glif","\/tt0154m_.ufo\/glyphs\/p.glif":"\/tt0154m_.ufo\/glyphs\/p.glif","\/tt0154m_.ufo\/glyphs\/paragraph.glif":"\/tt0154m_.ufo\/glyphs\/paragraph.glif","\/tt0154m_.ufo\/glyphs\/parenleft.glif":"\/tt0154m_.ufo\/glyphs\/parenleft.glif","\/tt0154m_.ufo\/glyphs\/parenright.glif":"\/tt0154m_.ufo\/glyphs\/parenright.glif","\/tt0154m_.ufo\/glyphs\/partialdiff.glif":"\/tt0154m_.ufo\/glyphs\/partialdiff.glif","\/tt0154m_.ufo\/glyphs\/percent.glif":"\/tt0154m_.ufo\/glyphs\/percent.glif","\/tt0154m_.ufo\/glyphs\/period.glif":"\/tt0154m_.ufo\/glyphs\/period.glif","\/tt0154m_.ufo\/glyphs\/periodcentered.glif":"\/tt0154m_.ufo\/glyphs\/periodcentered.glif","\/tt0154m_.ufo\/glyphs\/perthousand.glif":"\/tt0154m_.ufo\/glyphs\/perthousand.glif","\/tt0154m_.ufo\/glyphs\/pi.glif":"\/tt0154m_.ufo\/glyphs\/pi.glif","\/tt0154m_.ufo\/glyphs\/plus.glif":"\/tt0154m_.ufo\/glyphs\/plus.glif","\/tt0154m_.ufo\/glyphs\/plusminus.glif":"\/tt0154m_.ufo\/glyphs\/plusminus.glif","\/tt0154m_.ufo\/glyphs\/product.glif":"\/tt0154m_.ufo\/glyphs\/product.glif","\/tt0154m_.ufo\/glyphs\/q.glif":"\/tt0154m_.ufo\/glyphs\/q.glif","\/tt0154m_.ufo\/glyphs\/question.glif":"\/tt0154m_.ufo\/glyphs\/question.glif","\/tt0154m_.ufo\/glyphs\/questiondown.glif":"\/tt0154m_.ufo\/glyphs\/questiondown.glif","\/tt0154m_.ufo\/glyphs\/quotedbl.glif":"\/tt0154m_.ufo\/glyphs\/quotedbl.glif","\/tt0154m_.ufo\/glyphs\/quotedblbase.glif":"\/tt0154m_.ufo\/glyphs\/quotedblbase.glif","\/tt0154m_.ufo\/glyphs\/quotedblleft.glif":"\/tt0154m_.ufo\/glyphs\/quotedblleft.glif","\/tt0154m_.ufo\/glyphs\/quotedblright.glif":"\/tt0154m_.ufo\/glyphs\/quotedblright.glif","\/tt0154m_.ufo\/glyphs\/quoteleft.glif":"\/tt0154m_.ufo\/glyphs\/quoteleft.glif","\/tt0154m_.ufo\/glyphs\/quoteright.glif":"\/tt0154m_.ufo\/glyphs\/quoteright.glif","\/tt0154m_.ufo\/glyphs\/quotesinglbase.glif":"\/tt0154m_.ufo\/glyphs\/quotesinglbase.glif","\/tt0154m_.ufo\/glyphs\/quotesingle.glif":"\/tt0154m_.ufo\/glyphs\/quotesingle.glif","\/tt0154m_.ufo\/glyphs\/r.glif":"\/tt0154m_.ufo\/glyphs\/r.glif","\/tt0154m_.ufo\/glyphs\/radical.glif":"\/tt0154m_.ufo\/glyphs\/radical.glif","\/tt0154m_.ufo\/glyphs\/registered.glif":"\/tt0154m_.ufo\/glyphs\/registered.glif","\/tt0154m_.ufo\/glyphs\/ring.glif":"\/tt0154m_.ufo\/glyphs\/ring.glif","\/tt0154m_.ufo\/glyphs\/s.glif":"\/tt0154m_.ufo\/glyphs\/s.glif","\/tt0154m_.ufo\/glyphs\/scaron.glif":"\/tt0154m_.ufo\/glyphs\/scaron.glif","\/tt0154m_.ufo\/glyphs\/scedilla.glif":"\/tt0154m_.ufo\/glyphs\/scedilla.glif","\/tt0154m_.ufo\/glyphs\/section.glif":"\/tt0154m_.ufo\/glyphs\/section.glif","\/tt0154m_.ufo\/glyphs\/semicolon.glif":"\/tt0154m_.ufo\/glyphs\/semicolon.glif","\/tt0154m_.ufo\/glyphs\/seven.glif":"\/tt0154m_.ufo\/glyphs\/seven.glif","\/tt0154m_.ufo\/glyphs\/sfthyphen.glif":"\/tt0154m_.ufo\/glyphs\/sfthyphen.glif","\/tt0154m_.ufo\/glyphs\/six.glif":"\/tt0154m_.ufo\/glyphs\/six.glif","\/tt0154m_.ufo\/glyphs\/slash.glif":"\/tt0154m_.ufo\/glyphs\/slash.glif","\/tt0154m_.ufo\/glyphs\/space.glif":"\/tt0154m_.ufo\/glyphs\/space.glif","\/tt0154m_.ufo\/glyphs\/sterling.glif":"\/tt0154m_.ufo\/glyphs\/sterling.glif","\/tt0154m_.ufo\/glyphs\/summation.glif":"\/tt0154m_.ufo\/glyphs\/summation.glif","\/tt0154m_.ufo\/glyphs\/t.glif":"\/tt0154m_.ufo\/glyphs\/t.glif","\/tt0154m_.ufo\/glyphs\/thorn.glif":"\/tt0154m_.ufo\/glyphs\/thorn.glif","\/tt0154m_.ufo\/glyphs\/three.glif":"\/tt0154m_.ufo\/glyphs\/three.glif","\/tt0154m_.ufo\/glyphs\/threequarters.glif":"\/tt0154m_.ufo\/glyphs\/threequarters.glif","\/tt0154m_.ufo\/glyphs\/threesuperior.glif":"\/tt0154m_.ufo\/glyphs\/threesuperior.glif","\/tt0154m_.ufo\/glyphs\/tilde.glif":"\/tt0154m_.ufo\/glyphs\/tilde.glif","\/tt0154m_.ufo\/glyphs\/trademark.glif":"\/tt0154m_.ufo\/glyphs\/trademark.glif","\/tt0154m_.ufo\/glyphs\/two.glif":"\/tt0154m_.ufo\/glyphs\/two.glif","\/tt0154m_.ufo\/glyphs\/twosuperior.glif":"\/tt0154m_.ufo\/glyphs\/twosuperior.glif","\/tt0154m_.ufo\/glyphs\/u.glif":"\/tt0154m_.ufo\/glyphs\/u.glif","\/tt0154m_.ufo\/glyphs\/uacute.glif":"\/tt0154m_.ufo\/glyphs\/uacute.glif","\/tt0154m_.ufo\/glyphs\/ucircumflex.glif":"\/tt0154m_.ufo\/glyphs\/ucircumflex.glif","\/tt0154m_.ufo\/glyphs\/udieresis.glif":"\/tt0154m_.ufo\/glyphs\/udieresis.glif","\/tt0154m_.ufo\/glyphs\/ugrave.glif":"\/tt0154m_.ufo\/glyphs\/ugrave.glif","\/tt0154m_.ufo\/glyphs\/underscore.glif":"\/tt0154m_.ufo\/glyphs\/underscore.glif","\/tt0154m_.ufo\/glyphs\/v.glif":"\/tt0154m_.ufo\/glyphs\/v.glif","\/tt0154m_.ufo\/glyphs\/w.glif":"\/tt0154m_.ufo\/glyphs\/w.glif","\/tt0154m_.ufo\/glyphs\/x.glif":"\/tt0154m_.ufo\/glyphs\/x.glif","\/tt0154m_.ufo\/glyphs\/y.glif":"\/tt0154m_.ufo\/glyphs\/y.glif","\/tt0154m_.ufo\/glyphs\/yacute.glif":"\/tt0154m_.ufo\/glyphs\/yacute.glif","\/tt0154m_.ufo\/glyphs\/ydieresis.glif":"\/tt0154m_.ufo\/glyphs\/ydieresis.glif","\/tt0154m_.ufo\/glyphs\/yen.glif":"\/tt0154m_.ufo\/glyphs\/yen.glif","\/tt0154m_.ufo\/glyphs\/z.glif":"\/tt0154m_.ufo\/glyphs\/z.glif","\/tt0154m_.ufo\/glyphs\/zcaron.glif":"\/tt0154m_.ufo\/glyphs\/zcaron.glif","\/tt0154m_.ufo\/glyphs\/zero.glif":"\/tt0154m_.ufo\/glyphs\/zero.glif"},"Font":{"uploaded":1472666911.1875,"licence":"gpl3","company":"Chronolabs Cooperative","title":"Avant Garde ITCby BT Book","version":3.002,"date":"Sun Aug 28 07:52:15 2016","creator":"root","type":"1","matrix":"0.000488281 0 0 0.000488281 0 0","named":"AvantGardeITCbyBT-Book","painttype":"0","info":"10 dict dup","name":"Avant Garde Book BT","family":"AvantGarde Bk BT","weight":"Book","fstype":"14","italicangle":"0","underlineposition":"","underlinethickness":""},"Licences":{"":false},"Table":{"FFTM":{"entryLength":16,"tag":"FFTM","checksum":1947015918,"offset":23168,"length":28},"GDEF":{"entryLength":16,"tag":"GDEF","checksum":19988484,"offset":23136,"length":32},"OS\/2":{"entryLength":16,"tag":"OS\/2","checksum":2235319597,"offset":344,"length":86},"cmap":{"entryLength":16,"tag":"cmap","checksum":1225595561,"offset":1472,"length":856},"gasp":{"entryLength":16,"tag":"gasp","checksum":4294901763,"offset":23128,"length":8},"glyf":{"entryLength":16,"tag":"glyf","checksum":3505914611,"offset":2852,"length":18936},"head":{"entryLength":16,"tag":"head","checksum":264675376,"offset":220,"length":54},"hhea":{"entryLength":16,"tag":"hhea","checksum":289802323,"offset":276,"length":36},"hmtx":{"entryLength":16,"tag":"hmtx","checksum":1950965787,"offset":432,"length":1040},"loca":{"entryLength":16,"tag":"loca","checksum":734796314,"offset":2328,"length":522},"maxp":{"entryLength":16,"tag":"maxp","checksum":22216914,"offset":312,"length":32},"name":{"entryLength":16,"tag":"name","checksum":3958602766,"offset":21788,"length":774},"post":{"entryLength":16,"tag":"post","checksum":415832441,"offset":22564,"length":564}},"UnicodeCharMap":{"0":1,"13":2,"32":3,"33":4,"34":5,"35":6,"36":7,"37":8,"38":9,"39":10,"40":11,"41":12,"42":13,"43":14,"44":15,"45":16,"46":17,"47":18,"48":19,"49":20,"50":21,"51":22,"52":23,"53":24,"54":25,"55":26,"56":27,"57":28,"58":29,"59":30,"60":31,"61":32,"62":33,"63":34,"64":35,"65":36,"66":37,"67":38,"68":39,"69":40,"70":41,"71":42,"72":43,"73":44,"74":45,"75":46,"76":47,"77":48,"78":49,"79":50,"80":51,"81":52,"82":53,"83":54,"84":55,"85":56,"86":57,"87":58,"88":59,"89":60,"90":61,"91":62,"92":63,"93":64,"94":65,"95":66,"96":67,"97":68,"98":69,"99":70,"100":71,"101":72,"102":73,"103":74,"104":75,"105":76,"106":77,"107":78,"108":79,"109":80,"110":81,"111":82,"112":83,"113":84,"114":85,"115":86,"116":87,"117":88,"118":89,"119":90,"120":91,"121":92,"122":93,"123":94,"124":95,"125":96,"126":97,"160":98,"161":99,"162":100,"163":101,"164":102,"165":103,"166":104,"167":105,"168":106,"169":107,"170":108,"171":109,"172":110,"173":111,"174":112,"175":113,"176":114,"177":115,"178":116,"179":117,"180":118,"182":120,"183":259,"184":122,"185":123,"186":124,"187":125,"188":126,"189":127,"190":128,"191":129,"192":130,"193":131,"194":132,"195":133,"196":134,"197":135,"198":136,"199":137,"200":138,"201":139,"202":140,"203":141,"204":142,"205":143,"206":144,"207":145,"208":146,"209":147,"210":148,"211":149,"212":150,"213":151,"214":152,"215":153,"216":154,"217":155,"218":156,"219":157,"220":158,"221":159,"222":160,"223":161,"224":162,"225":163,"226":164,"227":165,"228":166,"229":167,"230":168,"231":169,"232":170,"233":171,"234":172,"235":173,"236":174,"237":175,"238":176,"239":177,"240":178,"241":179,"242":180,"243":181,"244":182,"245":183,"246":184,"247":185,"248":186,"249":187,"250":188,"251":189,"252":190,"253":191,"254":192,"255":193,"262":254,"263":255,"268":256,"269":257,"273":258,"286":249,"287":250,"304":251,"305":232,"321":241,"322":242,"338":212,"339":213,"350":252,"351":253,"352":243,"353":244,"376":221,"381":245,"382":246,"402":208,"710":233,"711":240,"728":235,"729":236,"730":237,"731":239,"732":234,"733":238,"916":210,"937":206,"956":119,"960":204,"8211":214,"8212":215,"8216":218,"8217":219,"8218":228,"8220":216,"8221":217,"8222":229,"8224":194,"8225":227,"8226":195,"8230":211,"8240":230,"8249":223,"8250":224,"8260":222,"8355":248,"8482":196,"8706":201,"8719":203,"8721":202,"8722":247,"8730":207,"8734":198,"8747":205,"8776":209,"8800":197,"8804":199,"8805":200,"9674":220,"64257":225,"64258":226},"Reserves":{"fontname":"Avant Garde Book BT"},"Names":{"Avant Garde Book BT":{"name":"Avant Garde Book BT","longitude":"0.00000001","latitude":"0.00000001","country":"","region":"","city":""}},"Nodes":{"av":{"type":"typal","node":"av","usage":1,"weight":1},"nt":{"type":"typal","node":"nt","usage":1,"weight":1},"ga":{"type":"typal","node":"ga","usage":1,"weight":1},"de":{"type":"typal","node":"de","usage":1,"weight":1},"bo":{"type":"typal","node":"bo","usage":1,"weight":1},"ok":{"type":"typal","node":"ok","usage":1,"weight":1},"ava":{"type":"typal","node":"ava","usage":1,"weight":1},"ant":{"type":"typal","node":"ant","usage":1,"weight":1},"gar":{"type":"typal","node":"gar","usage":1,"weight":1},"rde":{"type":"typal","node":"rde","usage":1,"weight":1},"boo":{"type":"typal","node":"boo","usage":1,"weight":1},"ook":{"type":"typal","node":"ook","usage":1,"weight":1},"avan":{"type":"keys","node":"avan","usage":1,"weight":1},"vant":{"type":"keys","node":"vant","usage":1,"weight":1},"gard":{"type":"keys","node":"gard","usage":1,"weight":1},"arde":{"type":"keys","node":"arde","usage":1,"weight":1},"avant":{"type":"fixes","node":"avant","usage":1,"weight":1},"garde":{"type":"fixes","node":"garde","usage":1,"weight":1},"book":{"type":"fixes","node":"book","usage":1,"weight":1},"bt":{"type":"fixes","node":"bt","usage":1,"weight":1}},"Contributors":[],"FontIdentity":"crash99:0a9fd9af5172a24936f19a77","Bytes":null,"Networking":[],"barcode":"siesmseakqy4e","referee":"Aium2eOa"}