{"CSS":{"APS-DV-SAKET-Normal":"APS-DV-SAKET-Normal.css","APS DV SAKET Normal":"zinc17:767a907a29ca51502bc76883b.css"},"FontType":"TrueType","FontCopyright":"APS Devanagri Priyanka-Normal Ver 3.0, Copyright (c) 1992,   VSOFT SERVICES., BOMBAY, INDIA.                                  Devaloped By K N Parab.                                                            VSPL Priyanka SNO 7 (11-7-96)","FontName":"APS-DV-SAKET","FontSubfamily":"DV-SAKET-Normal","FontSubfamilyID":"FontForge 2.0 : APS-DV-SAKET-Normal : 29-11-2016","FontFullName":"APS DV SAKET Normal","FontVersion":"Version 1.0 Sat Nov 13 15:47 ","FontWeight":null,"FontPostscriptName":"APS-DV-SAKET-Normal","Files":{"\/APS-DV-SAKET-Normal.css":"\/APS-DV-SAKET-Normal.css","\/font-resource.json":"\/font-resource.json","\/sakn.afm":"\/sakn.afm","\/sakn.cef":"\/sakn.cef","\/sakn.cff":"\/sakn.cff","\/sakn.eot":"\/sakn.eot","\/sakn.gai":"\/sakn.gai","\/sakn.gsf":"\/sakn.gsf","\/sakn.otf":"\/sakn.otf","\/sakn.pf3":"\/sakn.pf3","\/sakn.pfa":"\/sakn.pfa","\/sakn.pfb":"\/sakn.pfb","\/sakn.php":"\/sakn.php","\/sakn.pt3":"\/sakn.pt3","\/sakn.sfd":"\/sakn.sfd","\/sakn.svg":"\/sakn.svg","\/sakn.t42":"\/sakn.t42","\/sakn.ttd":"\/sakn.ttd","\/sakn.ttf":"\/sakn.ttf","\/sakn.ttg":"\/sakn.ttg","\/sakn.ufm":"\/sakn.ufm","\/sakn.woff":"\/sakn.woff","\/sakn.z":"\/sakn.z","\/sakn.ufo\/feature.fea":"\/sakn.ufo\/feature.fea","\/sakn.ufo\/fontinfo.plist":"\/sakn.ufo\/fontinfo.plist","\/sakn.ufo\/groups.plist":"\/sakn.ufo\/groups.plist","\/sakn.ufo\/kerning.plist":"\/sakn.ufo\/kerning.plist","\/sakn.ufo\/metainfo.plist":"\/sakn.ufo\/metainfo.plist","\/sakn.ufo\/glyphs\/A_.glif":"\/sakn.ufo\/glyphs\/A_.glif","\/sakn.ufo\/glyphs\/A_E_.glif":"\/sakn.ufo\/glyphs\/A_E_.glif","\/sakn.ufo\/glyphs\/A_acute.glif":"\/sakn.ufo\/glyphs\/A_acute.glif","\/sakn.ufo\/glyphs\/A_circumflex.glif":"\/sakn.ufo\/glyphs\/A_circumflex.glif","\/sakn.ufo\/glyphs\/A_dieresis.glif":"\/sakn.ufo\/glyphs\/A_dieresis.glif","\/sakn.ufo\/glyphs\/A_grave.glif":"\/sakn.ufo\/glyphs\/A_grave.glif","\/sakn.ufo\/glyphs\/A_ring.glif":"\/sakn.ufo\/glyphs\/A_ring.glif","\/sakn.ufo\/glyphs\/A_tilde.glif":"\/sakn.ufo\/glyphs\/A_tilde.glif","\/sakn.ufo\/glyphs\/B_.glif":"\/sakn.ufo\/glyphs\/B_.glif","\/sakn.ufo\/glyphs\/C_.glif":"\/sakn.ufo\/glyphs\/C_.glif","\/sakn.ufo\/glyphs\/C_cedilla.glif":"\/sakn.ufo\/glyphs\/C_cedilla.glif","\/sakn.ufo\/glyphs\/D_.glif":"\/sakn.ufo\/glyphs\/D_.glif","\/sakn.ufo\/glyphs\/E_.glif":"\/sakn.ufo\/glyphs\/E_.glif","\/sakn.ufo\/glyphs\/E_acute.glif":"\/sakn.ufo\/glyphs\/E_acute.glif","\/sakn.ufo\/glyphs\/E_circumflex.glif":"\/sakn.ufo\/glyphs\/E_circumflex.glif","\/sakn.ufo\/glyphs\/E_dieresis.glif":"\/sakn.ufo\/glyphs\/E_dieresis.glif","\/sakn.ufo\/glyphs\/E_grave.glif":"\/sakn.ufo\/glyphs\/E_grave.glif","\/sakn.ufo\/glyphs\/F_.glif":"\/sakn.ufo\/glyphs\/F_.glif","\/sakn.ufo\/glyphs\/G_.glif":"\/sakn.ufo\/glyphs\/G_.glif","\/sakn.ufo\/glyphs\/H_.glif":"\/sakn.ufo\/glyphs\/H_.glif","\/sakn.ufo\/glyphs\/I_.glif":"\/sakn.ufo\/glyphs\/I_.glif","\/sakn.ufo\/glyphs\/I_acute.glif":"\/sakn.ufo\/glyphs\/I_acute.glif","\/sakn.ufo\/glyphs\/I_circumflex.glif":"\/sakn.ufo\/glyphs\/I_circumflex.glif","\/sakn.ufo\/glyphs\/I_dieresis.glif":"\/sakn.ufo\/glyphs\/I_dieresis.glif","\/sakn.ufo\/glyphs\/I_grave.glif":"\/sakn.ufo\/glyphs\/I_grave.glif","\/sakn.ufo\/glyphs\/J_.glif":"\/sakn.ufo\/glyphs\/J_.glif","\/sakn.ufo\/glyphs\/K_.glif":"\/sakn.ufo\/glyphs\/K_.glif","\/sakn.ufo\/glyphs\/L_.glif":"\/sakn.ufo\/glyphs\/L_.glif","\/sakn.ufo\/glyphs\/M_.glif":"\/sakn.ufo\/glyphs\/M_.glif","\/sakn.ufo\/glyphs\/N_.glif":"\/sakn.ufo\/glyphs\/N_.glif","\/sakn.ufo\/glyphs\/N_tilde.glif":"\/sakn.ufo\/glyphs\/N_tilde.glif","\/sakn.ufo\/glyphs\/O_.glif":"\/sakn.ufo\/glyphs\/O_.glif","\/sakn.ufo\/glyphs\/O_E_.glif":"\/sakn.ufo\/glyphs\/O_E_.glif","\/sakn.ufo\/glyphs\/O_acute.glif":"\/sakn.ufo\/glyphs\/O_acute.glif","\/sakn.ufo\/glyphs\/O_circumflex.glif":"\/sakn.ufo\/glyphs\/O_circumflex.glif","\/sakn.ufo\/glyphs\/O_dieresis.glif":"\/sakn.ufo\/glyphs\/O_dieresis.glif","\/sakn.ufo\/glyphs\/O_grave.glif":"\/sakn.ufo\/glyphs\/O_grave.glif","\/sakn.ufo\/glyphs\/O_slash.glif":"\/sakn.ufo\/glyphs\/O_slash.glif","\/sakn.ufo\/glyphs\/O_tilde.glif":"\/sakn.ufo\/glyphs\/O_tilde.glif","\/sakn.ufo\/glyphs\/P_.glif":"\/sakn.ufo\/glyphs\/P_.glif","\/sakn.ufo\/glyphs\/Q_.glif":"\/sakn.ufo\/glyphs\/Q_.glif","\/sakn.ufo\/glyphs\/R_.glif":"\/sakn.ufo\/glyphs\/R_.glif","\/sakn.ufo\/glyphs\/S_.glif":"\/sakn.ufo\/glyphs\/S_.glif","\/sakn.ufo\/glyphs\/S_caron.glif":"\/sakn.ufo\/glyphs\/S_caron.glif","\/sakn.ufo\/glyphs\/T_.glif":"\/sakn.ufo\/glyphs\/T_.glif","\/sakn.ufo\/glyphs\/U_.glif":"\/sakn.ufo\/glyphs\/U_.glif","\/sakn.ufo\/glyphs\/U_acute.glif":"\/sakn.ufo\/glyphs\/U_acute.glif","\/sakn.ufo\/glyphs\/U_circumflex.glif":"\/sakn.ufo\/glyphs\/U_circumflex.glif","\/sakn.ufo\/glyphs\/U_dieresis.glif":"\/sakn.ufo\/glyphs\/U_dieresis.glif","\/sakn.ufo\/glyphs\/U_grave.glif":"\/sakn.ufo\/glyphs\/U_grave.glif","\/sakn.ufo\/glyphs\/V_.glif":"\/sakn.ufo\/glyphs\/V_.glif","\/sakn.ufo\/glyphs\/W_.glif":"\/sakn.ufo\/glyphs\/W_.glif","\/sakn.ufo\/glyphs\/X_.glif":"\/sakn.ufo\/glyphs\/X_.glif","\/sakn.ufo\/glyphs\/Y_.glif":"\/sakn.ufo\/glyphs\/Y_.glif","\/sakn.ufo\/glyphs\/Y_dieresis.glif":"\/sakn.ufo\/glyphs\/Y_dieresis.glif","\/sakn.ufo\/glyphs\/Z_.glif":"\/sakn.ufo\/glyphs\/Z_.glif","\/sakn.ufo\/glyphs\/_notdef.glif":"\/sakn.ufo\/glyphs\/_notdef.glif","\/sakn.ufo\/glyphs\/_null.glif":"\/sakn.ufo\/glyphs\/_null.glif","\/sakn.ufo\/glyphs\/a.glif":"\/sakn.ufo\/glyphs\/a.glif","\/sakn.ufo\/glyphs\/aacute.glif":"\/sakn.ufo\/glyphs\/aacute.glif","\/sakn.ufo\/glyphs\/acircumflex.glif":"\/sakn.ufo\/glyphs\/acircumflex.glif","\/sakn.ufo\/glyphs\/adieresis.glif":"\/sakn.ufo\/glyphs\/adieresis.glif","\/sakn.ufo\/glyphs\/ae.glif":"\/sakn.ufo\/glyphs\/ae.glif","\/sakn.ufo\/glyphs\/agrave.glif":"\/sakn.ufo\/glyphs\/agrave.glif","\/sakn.ufo\/glyphs\/ampersand.glif":"\/sakn.ufo\/glyphs\/ampersand.glif","\/sakn.ufo\/glyphs\/aring.glif":"\/sakn.ufo\/glyphs\/aring.glif","\/sakn.ufo\/glyphs\/asciicircum.glif":"\/sakn.ufo\/glyphs\/asciicircum.glif","\/sakn.ufo\/glyphs\/asciitilde.glif":"\/sakn.ufo\/glyphs\/asciitilde.glif","\/sakn.ufo\/glyphs\/asterisk.glif":"\/sakn.ufo\/glyphs\/asterisk.glif","\/sakn.ufo\/glyphs\/at.glif":"\/sakn.ufo\/glyphs\/at.glif","\/sakn.ufo\/glyphs\/atilde.glif":"\/sakn.ufo\/glyphs\/atilde.glif","\/sakn.ufo\/glyphs\/b.glif":"\/sakn.ufo\/glyphs\/b.glif","\/sakn.ufo\/glyphs\/backslash.glif":"\/sakn.ufo\/glyphs\/backslash.glif","\/sakn.ufo\/glyphs\/bar.glif":"\/sakn.ufo\/glyphs\/bar.glif","\/sakn.ufo\/glyphs\/braceleft.glif":"\/sakn.ufo\/glyphs\/braceleft.glif","\/sakn.ufo\/glyphs\/braceright.glif":"\/sakn.ufo\/glyphs\/braceright.glif","\/sakn.ufo\/glyphs\/bracketleft.glif":"\/sakn.ufo\/glyphs\/bracketleft.glif","\/sakn.ufo\/glyphs\/bracketright.glif":"\/sakn.ufo\/glyphs\/bracketright.glif","\/sakn.ufo\/glyphs\/brokenbar.glif":"\/sakn.ufo\/glyphs\/brokenbar.glif","\/sakn.ufo\/glyphs\/c.glif":"\/sakn.ufo\/glyphs\/c.glif","\/sakn.ufo\/glyphs\/ccedilla.glif":"\/sakn.ufo\/glyphs\/ccedilla.glif","\/sakn.ufo\/glyphs\/cent.glif":"\/sakn.ufo\/glyphs\/cent.glif","\/sakn.ufo\/glyphs\/colon.glif":"\/sakn.ufo\/glyphs\/colon.glif","\/sakn.ufo\/glyphs\/comma.glif":"\/sakn.ufo\/glyphs\/comma.glif","\/sakn.ufo\/glyphs\/contents.plist":"\/sakn.ufo\/glyphs\/contents.plist","\/sakn.ufo\/glyphs\/copyright.glif":"\/sakn.ufo\/glyphs\/copyright.glif","\/sakn.ufo\/glyphs\/currency.glif":"\/sakn.ufo\/glyphs\/currency.glif","\/sakn.ufo\/glyphs\/d.glif":"\/sakn.ufo\/glyphs\/d.glif","\/sakn.ufo\/glyphs\/dagger.glif":"\/sakn.ufo\/glyphs\/dagger.glif","\/sakn.ufo\/glyphs\/daggerdbl.glif":"\/sakn.ufo\/glyphs\/daggerdbl.glif","\/sakn.ufo\/glyphs\/degree.glif":"\/sakn.ufo\/glyphs\/degree.glif","\/sakn.ufo\/glyphs\/dollar.glif":"\/sakn.ufo\/glyphs\/dollar.glif","\/sakn.ufo\/glyphs\/e.glif":"\/sakn.ufo\/glyphs\/e.glif","\/sakn.ufo\/glyphs\/eacute.glif":"\/sakn.ufo\/glyphs\/eacute.glif","\/sakn.ufo\/glyphs\/ecircumflex.glif":"\/sakn.ufo\/glyphs\/ecircumflex.glif","\/sakn.ufo\/glyphs\/edieresis.glif":"\/sakn.ufo\/glyphs\/edieresis.glif","\/sakn.ufo\/glyphs\/egrave.glif":"\/sakn.ufo\/glyphs\/egrave.glif","\/sakn.ufo\/glyphs\/eight.glif":"\/sakn.ufo\/glyphs\/eight.glif","\/sakn.ufo\/glyphs\/ellipsis.glif":"\/sakn.ufo\/glyphs\/ellipsis.glif","\/sakn.ufo\/glyphs\/emdash.glif":"\/sakn.ufo\/glyphs\/emdash.glif","\/sakn.ufo\/glyphs\/endash.glif":"\/sakn.ufo\/glyphs\/endash.glif","\/sakn.ufo\/glyphs\/equal.glif":"\/sakn.ufo\/glyphs\/equal.glif","\/sakn.ufo\/glyphs\/exclam.glif":"\/sakn.ufo\/glyphs\/exclam.glif","\/sakn.ufo\/glyphs\/exclamdown.glif":"\/sakn.ufo\/glyphs\/exclamdown.glif","\/sakn.ufo\/glyphs\/f.glif":"\/sakn.ufo\/glyphs\/f.glif","\/sakn.ufo\/glyphs\/five.glif":"\/sakn.ufo\/glyphs\/five.glif","\/sakn.ufo\/glyphs\/florin.glif":"\/sakn.ufo\/glyphs\/florin.glif","\/sakn.ufo\/glyphs\/four.glif":"\/sakn.ufo\/glyphs\/four.glif","\/sakn.ufo\/glyphs\/g.glif":"\/sakn.ufo\/glyphs\/g.glif","\/sakn.ufo\/glyphs\/germandbls.glif":"\/sakn.ufo\/glyphs\/germandbls.glif","\/sakn.ufo\/glyphs\/grave.glif":"\/sakn.ufo\/glyphs\/grave.glif","\/sakn.ufo\/glyphs\/greater.glif":"\/sakn.ufo\/glyphs\/greater.glif","\/sakn.ufo\/glyphs\/guillemotleft.glif":"\/sakn.ufo\/glyphs\/guillemotleft.glif","\/sakn.ufo\/glyphs\/guillemotright.glif":"\/sakn.ufo\/glyphs\/guillemotright.glif","\/sakn.ufo\/glyphs\/guilsinglleft.glif":"\/sakn.ufo\/glyphs\/guilsinglleft.glif","\/sakn.ufo\/glyphs\/guilsinglright.glif":"\/sakn.ufo\/glyphs\/guilsinglright.glif","\/sakn.ufo\/glyphs\/h.glif":"\/sakn.ufo\/glyphs\/h.glif","\/sakn.ufo\/glyphs\/hyphen.glif":"\/sakn.ufo\/glyphs\/hyphen.glif","\/sakn.ufo\/glyphs\/i.glif":"\/sakn.ufo\/glyphs\/i.glif","\/sakn.ufo\/glyphs\/iacute.glif":"\/sakn.ufo\/glyphs\/iacute.glif","\/sakn.ufo\/glyphs\/icircumflex.glif":"\/sakn.ufo\/glyphs\/icircumflex.glif","\/sakn.ufo\/glyphs\/idieresis.glif":"\/sakn.ufo\/glyphs\/idieresis.glif","\/sakn.ufo\/glyphs\/igrave.glif":"\/sakn.ufo\/glyphs\/igrave.glif","\/sakn.ufo\/glyphs\/j.glif":"\/sakn.ufo\/glyphs\/j.glif","\/sakn.ufo\/glyphs\/k.glif":"\/sakn.ufo\/glyphs\/k.glif","\/sakn.ufo\/glyphs\/l.glif":"\/sakn.ufo\/glyphs\/l.glif","\/sakn.ufo\/glyphs\/less.glif":"\/sakn.ufo\/glyphs\/less.glif","\/sakn.ufo\/glyphs\/m.glif":"\/sakn.ufo\/glyphs\/m.glif","\/sakn.ufo\/glyphs\/n.glif":"\/sakn.ufo\/glyphs\/n.glif","\/sakn.ufo\/glyphs\/nine.glif":"\/sakn.ufo\/glyphs\/nine.glif","\/sakn.ufo\/glyphs\/nonbreakingspace.glif":"\/sakn.ufo\/glyphs\/nonbreakingspace.glif","\/sakn.ufo\/glyphs\/nonmarkingreturn.glif":"\/sakn.ufo\/glyphs\/nonmarkingreturn.glif","\/sakn.ufo\/glyphs\/ntilde.glif":"\/sakn.ufo\/glyphs\/ntilde.glif","\/sakn.ufo\/glyphs\/numbersign.glif":"\/sakn.ufo\/glyphs\/numbersign.glif","\/sakn.ufo\/glyphs\/o.glif":"\/sakn.ufo\/glyphs\/o.glif","\/sakn.ufo\/glyphs\/oacute.glif":"\/sakn.ufo\/glyphs\/oacute.glif","\/sakn.ufo\/glyphs\/ocircumflex.glif":"\/sakn.ufo\/glyphs\/ocircumflex.glif","\/sakn.ufo\/glyphs\/odieresis.glif":"\/sakn.ufo\/glyphs\/odieresis.glif","\/sakn.ufo\/glyphs\/oe.glif":"\/sakn.ufo\/glyphs\/oe.glif","\/sakn.ufo\/glyphs\/ograve.glif":"\/sakn.ufo\/glyphs\/ograve.glif","\/sakn.ufo\/glyphs\/one.glif":"\/sakn.ufo\/glyphs\/one.glif","\/sakn.ufo\/glyphs\/ordfeminine.glif":"\/sakn.ufo\/glyphs\/ordfeminine.glif","\/sakn.ufo\/glyphs\/ordmasculine.glif":"\/sakn.ufo\/glyphs\/ordmasculine.glif","\/sakn.ufo\/glyphs\/oslash.glif":"\/sakn.ufo\/glyphs\/oslash.glif","\/sakn.ufo\/glyphs\/otilde.glif":"\/sakn.ufo\/glyphs\/otilde.glif","\/sakn.ufo\/glyphs\/p.glif":"\/sakn.ufo\/glyphs\/p.glif","\/sakn.ufo\/glyphs\/paragraph.glif":"\/sakn.ufo\/glyphs\/paragraph.glif","\/sakn.ufo\/glyphs\/parenleft.glif":"\/sakn.ufo\/glyphs\/parenleft.glif","\/sakn.ufo\/glyphs\/parenright.glif":"\/sakn.ufo\/glyphs\/parenright.glif","\/sakn.ufo\/glyphs\/percent.glif":"\/sakn.ufo\/glyphs\/percent.glif","\/sakn.ufo\/glyphs\/period.glif":"\/sakn.ufo\/glyphs\/period.glif","\/sakn.ufo\/glyphs\/perthousand.glif":"\/sakn.ufo\/glyphs\/perthousand.glif","\/sakn.ufo\/glyphs\/plus.glif":"\/sakn.ufo\/glyphs\/plus.glif","\/sakn.ufo\/glyphs\/q.glif":"\/sakn.ufo\/glyphs\/q.glif","\/sakn.ufo\/glyphs\/question.glif":"\/sakn.ufo\/glyphs\/question.glif","\/sakn.ufo\/glyphs\/questiondown.glif":"\/sakn.ufo\/glyphs\/questiondown.glif","\/sakn.ufo\/glyphs\/quotedbl.glif":"\/sakn.ufo\/glyphs\/quotedbl.glif","\/sakn.ufo\/glyphs\/quotedblbase.glif":"\/sakn.ufo\/glyphs\/quotedblbase.glif","\/sakn.ufo\/glyphs\/quotedblleft.glif":"\/sakn.ufo\/glyphs\/quotedblleft.glif","\/sakn.ufo\/glyphs\/quotedblright.glif":"\/sakn.ufo\/glyphs\/quotedblright.glif","\/sakn.ufo\/glyphs\/quoteleft.glif":"\/sakn.ufo\/glyphs\/quoteleft.glif","\/sakn.ufo\/glyphs\/quoteright.glif":"\/sakn.ufo\/glyphs\/quoteright.glif","\/sakn.ufo\/glyphs\/quotesingle.glif":"\/sakn.ufo\/glyphs\/quotesingle.glif","\/sakn.ufo\/glyphs\/r.glif":"\/sakn.ufo\/glyphs\/r.glif","\/sakn.ufo\/glyphs\/registered.glif":"\/sakn.ufo\/glyphs\/registered.glif","\/sakn.ufo\/glyphs\/s.glif":"\/sakn.ufo\/glyphs\/s.glif","\/sakn.ufo\/glyphs\/scaron.glif":"\/sakn.ufo\/glyphs\/scaron.glif","\/sakn.ufo\/glyphs\/section.glif":"\/sakn.ufo\/glyphs\/section.glif","\/sakn.ufo\/glyphs\/semicolon.glif":"\/sakn.ufo\/glyphs\/semicolon.glif","\/sakn.ufo\/glyphs\/seven.glif":"\/sakn.ufo\/glyphs\/seven.glif","\/sakn.ufo\/glyphs\/six.glif":"\/sakn.ufo\/glyphs\/six.glif","\/sakn.ufo\/glyphs\/slash.glif":"\/sakn.ufo\/glyphs\/slash.glif","\/sakn.ufo\/glyphs\/space.glif":"\/sakn.ufo\/glyphs\/space.glif","\/sakn.ufo\/glyphs\/sterling.glif":"\/sakn.ufo\/glyphs\/sterling.glif","\/sakn.ufo\/glyphs\/t.glif":"\/sakn.ufo\/glyphs\/t.glif","\/sakn.ufo\/glyphs\/three.glif":"\/sakn.ufo\/glyphs\/three.glif","\/sakn.ufo\/glyphs\/trademark.glif":"\/sakn.ufo\/glyphs\/trademark.glif","\/sakn.ufo\/glyphs\/two.glif":"\/sakn.ufo\/glyphs\/two.glif","\/sakn.ufo\/glyphs\/u.glif":"\/sakn.ufo\/glyphs\/u.glif","\/sakn.ufo\/glyphs\/uacute.glif":"\/sakn.ufo\/glyphs\/uacute.glif","\/sakn.ufo\/glyphs\/ucircumflex.glif":"\/sakn.ufo\/glyphs\/ucircumflex.glif","\/sakn.ufo\/glyphs\/udieresis.glif":"\/sakn.ufo\/glyphs\/udieresis.glif","\/sakn.ufo\/glyphs\/ugrave.glif":"\/sakn.ufo\/glyphs\/ugrave.glif","\/sakn.ufo\/glyphs\/underscore.glif":"\/sakn.ufo\/glyphs\/underscore.glif","\/sakn.ufo\/glyphs\/v.glif":"\/sakn.ufo\/glyphs\/v.glif","\/sakn.ufo\/glyphs\/w.glif":"\/sakn.ufo\/glyphs\/w.glif","\/sakn.ufo\/glyphs\/x.glif":"\/sakn.ufo\/glyphs\/x.glif","\/sakn.ufo\/glyphs\/y.glif":"\/sakn.ufo\/glyphs\/y.glif","\/sakn.ufo\/glyphs\/ydieresis.glif":"\/sakn.ufo\/glyphs\/ydieresis.glif","\/sakn.ufo\/glyphs\/yen.glif":"\/sakn.ufo\/glyphs\/yen.glif","\/sakn.ufo\/glyphs\/z.glif":"\/sakn.ufo\/glyphs\/z.glif","\/sakn.ufo\/glyphs\/zero.glif":"\/sakn.ufo\/glyphs\/zero.glif"},"Font":{"uploaded":1480763598.7018,"licence":"gpl3","company":"Chronolabs Cooperative","title":"APS DV SAKET Normal","version":3.002,"date":"Fri Nov 25 23:13:34 2016","creator":"root","type":"1","matrix":"0.001 0 0 0.001 0 0","named":"APS-DV-SAKET-Normal","painttype":"0","info":"10 dict dup","name":"APS-DV-SAKET-Normal","family":"APS-DV-SAKET","weight":"Book","fstype":"1","italicangle":"0","underlineposition":"","underlinethickness":""},"Licences":{"":false},"Table":{"FFTM":{"entryLength":16,"tag":"FFTM","checksum":1962498476,"offset":29768,"length":28},"GDEF":{"entryLength":16,"tag":"GDEF","checksum":15466500,"offset":29736,"length":32},"OS\/2":{"entryLength":16,"tag":"OS\/2","checksum":1453850482,"offset":344,"length":86},"cmap":{"entryLength":16,"tag":"cmap","checksum":747674057,"offset":1196,"length":556},"gasp":{"entryLength":16,"tag":"gasp","checksum":4294901763,"offset":29728,"length":8},"glyf":{"entryLength":16,"tag":"glyf","checksum":3821430279,"offset":2136,"length":25840},"head":{"entryLength":16,"tag":"head","checksum":162078196,"offset":220,"length":54},"hhea":{"entryLength":16,"tag":"hhea","checksum":92078529,"offset":276,"length":36},"hmtx":{"entryLength":16,"tag":"hmtx","checksum":3960790331,"offset":432,"length":764},"loca":{"entryLength":16,"tag":"loca","checksum":2662512808,"offset":1752,"length":384},"maxp":{"entryLength":16,"tag":"maxp","checksum":17105024,"offset":312,"length":32},"name":{"entryLength":16,"tag":"name","checksum":2259895066,"offset":27976,"length":1335},"post":{"entryLength":16,"tag":"post","checksum":633021964,"offset":29312,"length":416}},"UnicodeCharMap":{"0":1,"13":2,"32":3,"33":4,"34":5,"35":6,"36":7,"37":8,"38":9,"39":10,"40":11,"41":12,"42":13,"43":14,"44":15,"45":16,"46":17,"47":18,"48":19,"49":20,"50":21,"51":22,"52":23,"53":24,"54":25,"55":26,"56":27,"57":28,"58":29,"59":30,"60":31,"61":32,"62":33,"63":34,"64":35,"65":36,"66":37,"67":38,"68":39,"69":40,"70":41,"71":42,"72":43,"73":44,"74":45,"75":46,"76":47,"77":48,"78":49,"79":50,"80":51,"81":52,"82":53,"83":54,"84":55,"85":56,"86":57,"87":58,"88":59,"89":60,"90":61,"91":62,"92":63,"93":64,"94":65,"95":66,"96":67,"97":68,"98":69,"99":70,"100":71,"101":72,"102":73,"103":74,"104":75,"105":76,"106":77,"107":78,"108":79,"109":80,"110":81,"111":82,"112":83,"113":84,"114":85,"115":86,"116":87,"117":88,"118":89,"119":90,"120":91,"121":92,"122":93,"123":94,"124":95,"125":96,"126":97,"160":98,"161":99,"162":100,"163":101,"164":102,"165":103,"166":104,"167":105,"169":106,"170":107,"171":108,"174":109,"176":110,"182":111,"186":112,"187":113,"191":114,"192":115,"193":116,"194":117,"195":118,"196":119,"197":120,"198":121,"199":122,"200":123,"201":124,"202":125,"203":126,"204":127,"205":128,"206":129,"207":130,"209":131,"210":132,"211":133,"212":134,"213":135,"214":136,"216":137,"217":138,"218":139,"219":140,"220":141,"223":142,"224":143,"225":144,"226":145,"227":146,"228":147,"229":148,"230":149,"231":150,"232":151,"233":152,"234":153,"235":154,"236":155,"237":156,"238":157,"239":158,"241":159,"242":160,"243":161,"244":162,"245":163,"246":164,"248":165,"249":166,"250":167,"251":168,"252":169,"255":170,"338":179,"339":189,"352":177,"353":187,"376":190,"402":171,"8211":184,"8212":185,"8216":180,"8217":181,"8220":182,"8221":183,"8222":172,"8224":174,"8225":175,"8230":173,"8240":176,"8249":178,"8250":188,"8482":186},"Reserves":{"fontname":"APS DV SAKET Normal"},"Names":{"APS DV SAKET Normal":{"name":"APS DV SAKET Normal","longitude":"0.00000001","latitude":"0.00000001","country":"","region":"","city":""}},"Nodes":{"ap":{"type":"typal","node":"ap","usage":1,"weight":1},"ps":{"type":"typal","node":"ps","usage":1,"weight":1},"sa":{"type":"typal","node":"sa","usage":1,"weight":1},"et":{"type":"typal","node":"et","usage":1,"weight":1},"no":{"type":"typal","node":"no","usage":1,"weight":1},"al":{"type":"typal","node":"al","usage":1,"weight":1},"sak":{"type":"typal","node":"sak","usage":1,"weight":1},"ket":{"type":"typal","node":"ket","usage":1,"weight":1},"nor":{"type":"typal","node":"nor","usage":1,"weight":1},"mal":{"type":"typal","node":"mal","usage":1,"weight":1},"sake":{"type":"keys","node":"sake","usage":1,"weight":1},"aket":{"type":"keys","node":"aket","usage":1,"weight":1},"norm":{"type":"keys","node":"norm","usage":1,"weight":1},"rmal":{"type":"keys","node":"rmal","usage":1,"weight":1},"norma":{"type":"keys","node":"norma","usage":1,"weight":1},"ormal":{"type":"keys","node":"ormal","usage":1,"weight":1},"aps":{"type":"fixes","node":"aps","usage":1,"weight":1},"dv":{"type":"fixes","node":"dv","usage":1,"weight":1},"saket":{"type":"fixes","node":"saket","usage":1,"weight":1},"normal":{"type":"fixes","node":"normal","usage":1,"weight":1}},"Contributors":[],"FontIdentity":"zinc17:767a907a29ca51502bc76883b","Bytes":null,"Networking":[],"barcode":"12wiaq95k86agm","referee":"wqa7iku6"}