{"CSS":{"Hooteroll":"nswhealth:6d5c4be4695b9296dc24fa.css"},"FontType":"TrueType","FontCopyright":"Hooteroll(c)1999 DogStar. All Rights Reserved <dogstar@kagi.com>","FontName":"Hooteroll","FontSubfamily":"Book","FontSubfamilyID":"FontForge 2.0 : Hooteroll : 27-10-2016","FontFullName":"Hooteroll","FontVersion":"Version Macromedia Fontograp ","FontWeight":null,"FontPostscriptName":"Hooteroll","Files":{"\/Hooteroll.css":"\/Hooteroll.css","\/font-resource.json":"\/font-resource.json","\/hooteroll.afm":"\/hooteroll.afm","\/hooteroll.cef":"\/hooteroll.cef","\/hooteroll.cff":"\/hooteroll.cff","\/hooteroll.eot":"\/hooteroll.eot","\/hooteroll.gai":"\/hooteroll.gai","\/hooteroll.gsf":"\/hooteroll.gsf","\/hooteroll.otf":"\/hooteroll.otf","\/hooteroll.pf3":"\/hooteroll.pf3","\/hooteroll.pfa":"\/hooteroll.pfa","\/hooteroll.pfb":"\/hooteroll.pfb","\/hooteroll.php":"\/hooteroll.php","\/hooteroll.pt3":"\/hooteroll.pt3","\/hooteroll.sfd":"\/hooteroll.sfd","\/hooteroll.svg":"\/hooteroll.svg","\/hooteroll.t42":"\/hooteroll.t42","\/hooteroll.ttd":"\/hooteroll.ttd","\/hooteroll.ttf":"\/hooteroll.ttf","\/hooteroll.ttg":"\/hooteroll.ttg","\/hooteroll.ufm":"\/hooteroll.ufm","\/hooteroll.woff":"\/hooteroll.woff","\/hooteroll.z":"\/hooteroll.z","\/hooteroll.ufo\/feature.fea":"\/hooteroll.ufo\/feature.fea","\/hooteroll.ufo\/fontinfo.plist":"\/hooteroll.ufo\/fontinfo.plist","\/hooteroll.ufo\/groups.plist":"\/hooteroll.ufo\/groups.plist","\/hooteroll.ufo\/kerning.plist":"\/hooteroll.ufo\/kerning.plist","\/hooteroll.ufo\/metainfo.plist":"\/hooteroll.ufo\/metainfo.plist","\/hooteroll.ufo\/glyphs\/A_.glif":"\/hooteroll.ufo\/glyphs\/A_.glif","\/hooteroll.ufo\/glyphs\/A_E_.glif":"\/hooteroll.ufo\/glyphs\/A_E_.glif","\/hooteroll.ufo\/glyphs\/A_acute.glif":"\/hooteroll.ufo\/glyphs\/A_acute.glif","\/hooteroll.ufo\/glyphs\/A_circumflex.glif":"\/hooteroll.ufo\/glyphs\/A_circumflex.glif","\/hooteroll.ufo\/glyphs\/A_dieresis.glif":"\/hooteroll.ufo\/glyphs\/A_dieresis.glif","\/hooteroll.ufo\/glyphs\/A_grave.glif":"\/hooteroll.ufo\/glyphs\/A_grave.glif","\/hooteroll.ufo\/glyphs\/A_ring.glif":"\/hooteroll.ufo\/glyphs\/A_ring.glif","\/hooteroll.ufo\/glyphs\/A_tilde.glif":"\/hooteroll.ufo\/glyphs\/A_tilde.glif","\/hooteroll.ufo\/glyphs\/B_.glif":"\/hooteroll.ufo\/glyphs\/B_.glif","\/hooteroll.ufo\/glyphs\/C_.glif":"\/hooteroll.ufo\/glyphs\/C_.glif","\/hooteroll.ufo\/glyphs\/C_cedilla.glif":"\/hooteroll.ufo\/glyphs\/C_cedilla.glif","\/hooteroll.ufo\/glyphs\/D_.glif":"\/hooteroll.ufo\/glyphs\/D_.glif","\/hooteroll.ufo\/glyphs\/D_elta.glif":"\/hooteroll.ufo\/glyphs\/D_elta.glif","\/hooteroll.ufo\/glyphs\/E_.glif":"\/hooteroll.ufo\/glyphs\/E_.glif","\/hooteroll.ufo\/glyphs\/E_acute.glif":"\/hooteroll.ufo\/glyphs\/E_acute.glif","\/hooteroll.ufo\/glyphs\/E_circumflex.glif":"\/hooteroll.ufo\/glyphs\/E_circumflex.glif","\/hooteroll.ufo\/glyphs\/E_dieresis.glif":"\/hooteroll.ufo\/glyphs\/E_dieresis.glif","\/hooteroll.ufo\/glyphs\/E_grave.glif":"\/hooteroll.ufo\/glyphs\/E_grave.glif","\/hooteroll.ufo\/glyphs\/F_.glif":"\/hooteroll.ufo\/glyphs\/F_.glif","\/hooteroll.ufo\/glyphs\/G_.glif":"\/hooteroll.ufo\/glyphs\/G_.glif","\/hooteroll.ufo\/glyphs\/H_.glif":"\/hooteroll.ufo\/glyphs\/H_.glif","\/hooteroll.ufo\/glyphs\/H_T_.glif":"\/hooteroll.ufo\/glyphs\/H_T_.glif","\/hooteroll.ufo\/glyphs\/I_.glif":"\/hooteroll.ufo\/glyphs\/I_.glif","\/hooteroll.ufo\/glyphs\/I_acute.glif":"\/hooteroll.ufo\/glyphs\/I_acute.glif","\/hooteroll.ufo\/glyphs\/I_circumflex.glif":"\/hooteroll.ufo\/glyphs\/I_circumflex.glif","\/hooteroll.ufo\/glyphs\/I_dieresis.glif":"\/hooteroll.ufo\/glyphs\/I_dieresis.glif","\/hooteroll.ufo\/glyphs\/I_grave.glif":"\/hooteroll.ufo\/glyphs\/I_grave.glif","\/hooteroll.ufo\/glyphs\/J_.glif":"\/hooteroll.ufo\/glyphs\/J_.glif","\/hooteroll.ufo\/glyphs\/K_.glif":"\/hooteroll.ufo\/glyphs\/K_.glif","\/hooteroll.ufo\/glyphs\/L_.glif":"\/hooteroll.ufo\/glyphs\/L_.glif","\/hooteroll.ufo\/glyphs\/L_slash.glif":"\/hooteroll.ufo\/glyphs\/L_slash.glif","\/hooteroll.ufo\/glyphs\/M_.glif":"\/hooteroll.ufo\/glyphs\/M_.glif","\/hooteroll.ufo\/glyphs\/N_.glif":"\/hooteroll.ufo\/glyphs\/N_.glif","\/hooteroll.ufo\/glyphs\/N_tilde.glif":"\/hooteroll.ufo\/glyphs\/N_tilde.glif","\/hooteroll.ufo\/glyphs\/O_.glif":"\/hooteroll.ufo\/glyphs\/O_.glif","\/hooteroll.ufo\/glyphs\/O_E_.glif":"\/hooteroll.ufo\/glyphs\/O_E_.glif","\/hooteroll.ufo\/glyphs\/O_acute.glif":"\/hooteroll.ufo\/glyphs\/O_acute.glif","\/hooteroll.ufo\/glyphs\/O_circumflex.glif":"\/hooteroll.ufo\/glyphs\/O_circumflex.glif","\/hooteroll.ufo\/glyphs\/O_dieresis.glif":"\/hooteroll.ufo\/glyphs\/O_dieresis.glif","\/hooteroll.ufo\/glyphs\/O_grave.glif":"\/hooteroll.ufo\/glyphs\/O_grave.glif","\/hooteroll.ufo\/glyphs\/O_mega.glif":"\/hooteroll.ufo\/glyphs\/O_mega.glif","\/hooteroll.ufo\/glyphs\/O_slash.glif":"\/hooteroll.ufo\/glyphs\/O_slash.glif","\/hooteroll.ufo\/glyphs\/O_tilde.glif":"\/hooteroll.ufo\/glyphs\/O_tilde.glif","\/hooteroll.ufo\/glyphs\/P_.glif":"\/hooteroll.ufo\/glyphs\/P_.glif","\/hooteroll.ufo\/glyphs\/Q_.glif":"\/hooteroll.ufo\/glyphs\/Q_.glif","\/hooteroll.ufo\/glyphs\/R_.glif":"\/hooteroll.ufo\/glyphs\/R_.glif","\/hooteroll.ufo\/glyphs\/S_.glif":"\/hooteroll.ufo\/glyphs\/S_.glif","\/hooteroll.ufo\/glyphs\/S_caron.glif":"\/hooteroll.ufo\/glyphs\/S_caron.glif","\/hooteroll.ufo\/glyphs\/T_.glif":"\/hooteroll.ufo\/glyphs\/T_.glif","\/hooteroll.ufo\/glyphs\/T_horn.glif":"\/hooteroll.ufo\/glyphs\/T_horn.glif","\/hooteroll.ufo\/glyphs\/U_.glif":"\/hooteroll.ufo\/glyphs\/U_.glif","\/hooteroll.ufo\/glyphs\/U_acute.glif":"\/hooteroll.ufo\/glyphs\/U_acute.glif","\/hooteroll.ufo\/glyphs\/U_circumflex.glif":"\/hooteroll.ufo\/glyphs\/U_circumflex.glif","\/hooteroll.ufo\/glyphs\/U_dieresis.glif":"\/hooteroll.ufo\/glyphs\/U_dieresis.glif","\/hooteroll.ufo\/glyphs\/U_grave.glif":"\/hooteroll.ufo\/glyphs\/U_grave.glif","\/hooteroll.ufo\/glyphs\/V_.glif":"\/hooteroll.ufo\/glyphs\/V_.glif","\/hooteroll.ufo\/glyphs\/W_.glif":"\/hooteroll.ufo\/glyphs\/W_.glif","\/hooteroll.ufo\/glyphs\/X_.glif":"\/hooteroll.ufo\/glyphs\/X_.glif","\/hooteroll.ufo\/glyphs\/Y_.glif":"\/hooteroll.ufo\/glyphs\/Y_.glif","\/hooteroll.ufo\/glyphs\/Y_acute.glif":"\/hooteroll.ufo\/glyphs\/Y_acute.glif","\/hooteroll.ufo\/glyphs\/Y_dieresis.glif":"\/hooteroll.ufo\/glyphs\/Y_dieresis.glif","\/hooteroll.ufo\/glyphs\/Z_.glif":"\/hooteroll.ufo\/glyphs\/Z_.glif","\/hooteroll.ufo\/glyphs\/Z_caron.glif":"\/hooteroll.ufo\/glyphs\/Z_caron.glif","\/hooteroll.ufo\/glyphs\/_notdef.glif":"\/hooteroll.ufo\/glyphs\/_notdef.glif","\/hooteroll.ufo\/glyphs\/_null.glif":"\/hooteroll.ufo\/glyphs\/_null.glif","\/hooteroll.ufo\/glyphs\/a.glif":"\/hooteroll.ufo\/glyphs\/a.glif","\/hooteroll.ufo\/glyphs\/aacute.glif":"\/hooteroll.ufo\/glyphs\/aacute.glif","\/hooteroll.ufo\/glyphs\/acircumflex.glif":"\/hooteroll.ufo\/glyphs\/acircumflex.glif","\/hooteroll.ufo\/glyphs\/acute.glif":"\/hooteroll.ufo\/glyphs\/acute.glif","\/hooteroll.ufo\/glyphs\/adieresis.glif":"\/hooteroll.ufo\/glyphs\/adieresis.glif","\/hooteroll.ufo\/glyphs\/ae.glif":"\/hooteroll.ufo\/glyphs\/ae.glif","\/hooteroll.ufo\/glyphs\/agrave.glif":"\/hooteroll.ufo\/glyphs\/agrave.glif","\/hooteroll.ufo\/glyphs\/ampersand.glif":"\/hooteroll.ufo\/glyphs\/ampersand.glif","\/hooteroll.ufo\/glyphs\/apple.glif":"\/hooteroll.ufo\/glyphs\/apple.glif","\/hooteroll.ufo\/glyphs\/approxequal.glif":"\/hooteroll.ufo\/glyphs\/approxequal.glif","\/hooteroll.ufo\/glyphs\/aring.glif":"\/hooteroll.ufo\/glyphs\/aring.glif","\/hooteroll.ufo\/glyphs\/asciicircum.glif":"\/hooteroll.ufo\/glyphs\/asciicircum.glif","\/hooteroll.ufo\/glyphs\/asciitilde.glif":"\/hooteroll.ufo\/glyphs\/asciitilde.glif","\/hooteroll.ufo\/glyphs\/asterisk.glif":"\/hooteroll.ufo\/glyphs\/asterisk.glif","\/hooteroll.ufo\/glyphs\/at.glif":"\/hooteroll.ufo\/glyphs\/at.glif","\/hooteroll.ufo\/glyphs\/atilde.glif":"\/hooteroll.ufo\/glyphs\/atilde.glif","\/hooteroll.ufo\/glyphs\/b.glif":"\/hooteroll.ufo\/glyphs\/b.glif","\/hooteroll.ufo\/glyphs\/backslash.glif":"\/hooteroll.ufo\/glyphs\/backslash.glif","\/hooteroll.ufo\/glyphs\/bar.glif":"\/hooteroll.ufo\/glyphs\/bar.glif","\/hooteroll.ufo\/glyphs\/braceleft.glif":"\/hooteroll.ufo\/glyphs\/braceleft.glif","\/hooteroll.ufo\/glyphs\/braceright.glif":"\/hooteroll.ufo\/glyphs\/braceright.glif","\/hooteroll.ufo\/glyphs\/bracketleft.glif":"\/hooteroll.ufo\/glyphs\/bracketleft.glif","\/hooteroll.ufo\/glyphs\/bracketright.glif":"\/hooteroll.ufo\/glyphs\/bracketright.glif","\/hooteroll.ufo\/glyphs\/breve.glif":"\/hooteroll.ufo\/glyphs\/breve.glif","\/hooteroll.ufo\/glyphs\/brokenbar.glif":"\/hooteroll.ufo\/glyphs\/brokenbar.glif","\/hooteroll.ufo\/glyphs\/bullet.glif":"\/hooteroll.ufo\/glyphs\/bullet.glif","\/hooteroll.ufo\/glyphs\/c.glif":"\/hooteroll.ufo\/glyphs\/c.glif","\/hooteroll.ufo\/glyphs\/caron.glif":"\/hooteroll.ufo\/glyphs\/caron.glif","\/hooteroll.ufo\/glyphs\/ccedilla.glif":"\/hooteroll.ufo\/glyphs\/ccedilla.glif","\/hooteroll.ufo\/glyphs\/cedilla.glif":"\/hooteroll.ufo\/glyphs\/cedilla.glif","\/hooteroll.ufo\/glyphs\/cent.glif":"\/hooteroll.ufo\/glyphs\/cent.glif","\/hooteroll.ufo\/glyphs\/circumflex.glif":"\/hooteroll.ufo\/glyphs\/circumflex.glif","\/hooteroll.ufo\/glyphs\/colon.glif":"\/hooteroll.ufo\/glyphs\/colon.glif","\/hooteroll.ufo\/glyphs\/comma.glif":"\/hooteroll.ufo\/glyphs\/comma.glif","\/hooteroll.ufo\/glyphs\/contents.plist":"\/hooteroll.ufo\/glyphs\/contents.plist","\/hooteroll.ufo\/glyphs\/copyright.glif":"\/hooteroll.ufo\/glyphs\/copyright.glif","\/hooteroll.ufo\/glyphs\/currency.glif":"\/hooteroll.ufo\/glyphs\/currency.glif","\/hooteroll.ufo\/glyphs\/d.glif":"\/hooteroll.ufo\/glyphs\/d.glif","\/hooteroll.ufo\/glyphs\/dagger.glif":"\/hooteroll.ufo\/glyphs\/dagger.glif","\/hooteroll.ufo\/glyphs\/daggerdbl.glif":"\/hooteroll.ufo\/glyphs\/daggerdbl.glif","\/hooteroll.ufo\/glyphs\/degree.glif":"\/hooteroll.ufo\/glyphs\/degree.glif","\/hooteroll.ufo\/glyphs\/dieresis.glif":"\/hooteroll.ufo\/glyphs\/dieresis.glif","\/hooteroll.ufo\/glyphs\/divide.glif":"\/hooteroll.ufo\/glyphs\/divide.glif","\/hooteroll.ufo\/glyphs\/dollar.glif":"\/hooteroll.ufo\/glyphs\/dollar.glif","\/hooteroll.ufo\/glyphs\/dotaccent.glif":"\/hooteroll.ufo\/glyphs\/dotaccent.glif","\/hooteroll.ufo\/glyphs\/dotlessi.glif":"\/hooteroll.ufo\/glyphs\/dotlessi.glif","\/hooteroll.ufo\/glyphs\/e.glif":"\/hooteroll.ufo\/glyphs\/e.glif","\/hooteroll.ufo\/glyphs\/eacute.glif":"\/hooteroll.ufo\/glyphs\/eacute.glif","\/hooteroll.ufo\/glyphs\/ecircumflex.glif":"\/hooteroll.ufo\/glyphs\/ecircumflex.glif","\/hooteroll.ufo\/glyphs\/edieresis.glif":"\/hooteroll.ufo\/glyphs\/edieresis.glif","\/hooteroll.ufo\/glyphs\/egrave.glif":"\/hooteroll.ufo\/glyphs\/egrave.glif","\/hooteroll.ufo\/glyphs\/eight.glif":"\/hooteroll.ufo\/glyphs\/eight.glif","\/hooteroll.ufo\/glyphs\/ellipsis.glif":"\/hooteroll.ufo\/glyphs\/ellipsis.glif","\/hooteroll.ufo\/glyphs\/emdash.glif":"\/hooteroll.ufo\/glyphs\/emdash.glif","\/hooteroll.ufo\/glyphs\/endash.glif":"\/hooteroll.ufo\/glyphs\/endash.glif","\/hooteroll.ufo\/glyphs\/equal.glif":"\/hooteroll.ufo\/glyphs\/equal.glif","\/hooteroll.ufo\/glyphs\/exclam.glif":"\/hooteroll.ufo\/glyphs\/exclam.glif","\/hooteroll.ufo\/glyphs\/exclamdown.glif":"\/hooteroll.ufo\/glyphs\/exclamdown.glif","\/hooteroll.ufo\/glyphs\/f.glif":"\/hooteroll.ufo\/glyphs\/f.glif","\/hooteroll.ufo\/glyphs\/fi.glif":"\/hooteroll.ufo\/glyphs\/fi.glif","\/hooteroll.ufo\/glyphs\/five.glif":"\/hooteroll.ufo\/glyphs\/five.glif","\/hooteroll.ufo\/glyphs\/fl.glif":"\/hooteroll.ufo\/glyphs\/fl.glif","\/hooteroll.ufo\/glyphs\/florin.glif":"\/hooteroll.ufo\/glyphs\/florin.glif","\/hooteroll.ufo\/glyphs\/four.glif":"\/hooteroll.ufo\/glyphs\/four.glif","\/hooteroll.ufo\/glyphs\/fraction.glif":"\/hooteroll.ufo\/glyphs\/fraction.glif","\/hooteroll.ufo\/glyphs\/g.glif":"\/hooteroll.ufo\/glyphs\/g.glif","\/hooteroll.ufo\/glyphs\/germandbls.glif":"\/hooteroll.ufo\/glyphs\/germandbls.glif","\/hooteroll.ufo\/glyphs\/grave.glif":"\/hooteroll.ufo\/glyphs\/grave.glif","\/hooteroll.ufo\/glyphs\/greater.glif":"\/hooteroll.ufo\/glyphs\/greater.glif","\/hooteroll.ufo\/glyphs\/greaterequal.glif":"\/hooteroll.ufo\/glyphs\/greaterequal.glif","\/hooteroll.ufo\/glyphs\/guillemotleft.glif":"\/hooteroll.ufo\/glyphs\/guillemotleft.glif","\/hooteroll.ufo\/glyphs\/guillemotright.glif":"\/hooteroll.ufo\/glyphs\/guillemotright.glif","\/hooteroll.ufo\/glyphs\/guilsinglleft.glif":"\/hooteroll.ufo\/glyphs\/guilsinglleft.glif","\/hooteroll.ufo\/glyphs\/guilsinglright.glif":"\/hooteroll.ufo\/glyphs\/guilsinglright.glif","\/hooteroll.ufo\/glyphs\/h.glif":"\/hooteroll.ufo\/glyphs\/h.glif","\/hooteroll.ufo\/glyphs\/hungarumlaut.glif":"\/hooteroll.ufo\/glyphs\/hungarumlaut.glif","\/hooteroll.ufo\/glyphs\/hyphen.glif":"\/hooteroll.ufo\/glyphs\/hyphen.glif","\/hooteroll.ufo\/glyphs\/i.glif":"\/hooteroll.ufo\/glyphs\/i.glif","\/hooteroll.ufo\/glyphs\/iacute.glif":"\/hooteroll.ufo\/glyphs\/iacute.glif","\/hooteroll.ufo\/glyphs\/icircumflex.glif":"\/hooteroll.ufo\/glyphs\/icircumflex.glif","\/hooteroll.ufo\/glyphs\/idieresis.glif":"\/hooteroll.ufo\/glyphs\/idieresis.glif","\/hooteroll.ufo\/glyphs\/igrave.glif":"\/hooteroll.ufo\/glyphs\/igrave.glif","\/hooteroll.ufo\/glyphs\/infinity.glif":"\/hooteroll.ufo\/glyphs\/infinity.glif","\/hooteroll.ufo\/glyphs\/integral.glif":"\/hooteroll.ufo\/glyphs\/integral.glif","\/hooteroll.ufo\/glyphs\/j.glif":"\/hooteroll.ufo\/glyphs\/j.glif","\/hooteroll.ufo\/glyphs\/k.glif":"\/hooteroll.ufo\/glyphs\/k.glif","\/hooteroll.ufo\/glyphs\/l.glif":"\/hooteroll.ufo\/glyphs\/l.glif","\/hooteroll.ufo\/glyphs\/less.glif":"\/hooteroll.ufo\/glyphs\/less.glif","\/hooteroll.ufo\/glyphs\/lessequal.glif":"\/hooteroll.ufo\/glyphs\/lessequal.glif","\/hooteroll.ufo\/glyphs\/logicalnot.glif":"\/hooteroll.ufo\/glyphs\/logicalnot.glif","\/hooteroll.ufo\/glyphs\/lozenge.glif":"\/hooteroll.ufo\/glyphs\/lozenge.glif","\/hooteroll.ufo\/glyphs\/lslash.glif":"\/hooteroll.ufo\/glyphs\/lslash.glif","\/hooteroll.ufo\/glyphs\/m.glif":"\/hooteroll.ufo\/glyphs\/m.glif","\/hooteroll.ufo\/glyphs\/macron.glif":"\/hooteroll.ufo\/glyphs\/macron.glif","\/hooteroll.ufo\/glyphs\/minus.glif":"\/hooteroll.ufo\/glyphs\/minus.glif","\/hooteroll.ufo\/glyphs\/mu.glif":"\/hooteroll.ufo\/glyphs\/mu.glif","\/hooteroll.ufo\/glyphs\/multiply.glif":"\/hooteroll.ufo\/glyphs\/multiply.glif","\/hooteroll.ufo\/glyphs\/n.glif":"\/hooteroll.ufo\/glyphs\/n.glif","\/hooteroll.ufo\/glyphs\/nine.glif":"\/hooteroll.ufo\/glyphs\/nine.glif","\/hooteroll.ufo\/glyphs\/nonmarkingreturn.glif":"\/hooteroll.ufo\/glyphs\/nonmarkingreturn.glif","\/hooteroll.ufo\/glyphs\/notequal.glif":"\/hooteroll.ufo\/glyphs\/notequal.glif","\/hooteroll.ufo\/glyphs\/ntilde.glif":"\/hooteroll.ufo\/glyphs\/ntilde.glif","\/hooteroll.ufo\/glyphs\/numbersign.glif":"\/hooteroll.ufo\/glyphs\/numbersign.glif","\/hooteroll.ufo\/glyphs\/o.glif":"\/hooteroll.ufo\/glyphs\/o.glif","\/hooteroll.ufo\/glyphs\/oacute.glif":"\/hooteroll.ufo\/glyphs\/oacute.glif","\/hooteroll.ufo\/glyphs\/ocircumflex.glif":"\/hooteroll.ufo\/glyphs\/ocircumflex.glif","\/hooteroll.ufo\/glyphs\/odieresis.glif":"\/hooteroll.ufo\/glyphs\/odieresis.glif","\/hooteroll.ufo\/glyphs\/oe.glif":"\/hooteroll.ufo\/glyphs\/oe.glif","\/hooteroll.ufo\/glyphs\/ogonek.glif":"\/hooteroll.ufo\/glyphs\/ogonek.glif","\/hooteroll.ufo\/glyphs\/ograve.glif":"\/hooteroll.ufo\/glyphs\/ograve.glif","\/hooteroll.ufo\/glyphs\/one.glif":"\/hooteroll.ufo\/glyphs\/one.glif","\/hooteroll.ufo\/glyphs\/onehalf.glif":"\/hooteroll.ufo\/glyphs\/onehalf.glif","\/hooteroll.ufo\/glyphs\/onequarter.glif":"\/hooteroll.ufo\/glyphs\/onequarter.glif","\/hooteroll.ufo\/glyphs\/onesuperior.glif":"\/hooteroll.ufo\/glyphs\/onesuperior.glif","\/hooteroll.ufo\/glyphs\/ordfeminine.glif":"\/hooteroll.ufo\/glyphs\/ordfeminine.glif","\/hooteroll.ufo\/glyphs\/ordmasculine.glif":"\/hooteroll.ufo\/glyphs\/ordmasculine.glif","\/hooteroll.ufo\/glyphs\/oslash.glif":"\/hooteroll.ufo\/glyphs\/oslash.glif","\/hooteroll.ufo\/glyphs\/otilde.glif":"\/hooteroll.ufo\/glyphs\/otilde.glif","\/hooteroll.ufo\/glyphs\/p.glif":"\/hooteroll.ufo\/glyphs\/p.glif","\/hooteroll.ufo\/glyphs\/paragraph.glif":"\/hooteroll.ufo\/glyphs\/paragraph.glif","\/hooteroll.ufo\/glyphs\/parenleft.glif":"\/hooteroll.ufo\/glyphs\/parenleft.glif","\/hooteroll.ufo\/glyphs\/parenright.glif":"\/hooteroll.ufo\/glyphs\/parenright.glif","\/hooteroll.ufo\/glyphs\/partialdiff.glif":"\/hooteroll.ufo\/glyphs\/partialdiff.glif","\/hooteroll.ufo\/glyphs\/percent.glif":"\/hooteroll.ufo\/glyphs\/percent.glif","\/hooteroll.ufo\/glyphs\/period.glif":"\/hooteroll.ufo\/glyphs\/period.glif","\/hooteroll.ufo\/glyphs\/periodcentered.glif":"\/hooteroll.ufo\/glyphs\/periodcentered.glif","\/hooteroll.ufo\/glyphs\/perthousand.glif":"\/hooteroll.ufo\/glyphs\/perthousand.glif","\/hooteroll.ufo\/glyphs\/pi.glif":"\/hooteroll.ufo\/glyphs\/pi.glif","\/hooteroll.ufo\/glyphs\/plus.glif":"\/hooteroll.ufo\/glyphs\/plus.glif","\/hooteroll.ufo\/glyphs\/plusminus.glif":"\/hooteroll.ufo\/glyphs\/plusminus.glif","\/hooteroll.ufo\/glyphs\/product.glif":"\/hooteroll.ufo\/glyphs\/product.glif","\/hooteroll.ufo\/glyphs\/q.glif":"\/hooteroll.ufo\/glyphs\/q.glif","\/hooteroll.ufo\/glyphs\/question.glif":"\/hooteroll.ufo\/glyphs\/question.glif","\/hooteroll.ufo\/glyphs\/questiondown.glif":"\/hooteroll.ufo\/glyphs\/questiondown.glif","\/hooteroll.ufo\/glyphs\/quotedbl.glif":"\/hooteroll.ufo\/glyphs\/quotedbl.glif","\/hooteroll.ufo\/glyphs\/quotedblbase.glif":"\/hooteroll.ufo\/glyphs\/quotedblbase.glif","\/hooteroll.ufo\/glyphs\/quotedblleft.glif":"\/hooteroll.ufo\/glyphs\/quotedblleft.glif","\/hooteroll.ufo\/glyphs\/quotedblright.glif":"\/hooteroll.ufo\/glyphs\/quotedblright.glif","\/hooteroll.ufo\/glyphs\/quoteleft.glif":"\/hooteroll.ufo\/glyphs\/quoteleft.glif","\/hooteroll.ufo\/glyphs\/quoteright.glif":"\/hooteroll.ufo\/glyphs\/quoteright.glif","\/hooteroll.ufo\/glyphs\/quotesinglbase.glif":"\/hooteroll.ufo\/glyphs\/quotesinglbase.glif","\/hooteroll.ufo\/glyphs\/quotesingle.glif":"\/hooteroll.ufo\/glyphs\/quotesingle.glif","\/hooteroll.ufo\/glyphs\/r.glif":"\/hooteroll.ufo\/glyphs\/r.glif","\/hooteroll.ufo\/glyphs\/radical.glif":"\/hooteroll.ufo\/glyphs\/radical.glif","\/hooteroll.ufo\/glyphs\/registered.glif":"\/hooteroll.ufo\/glyphs\/registered.glif","\/hooteroll.ufo\/glyphs\/ring.glif":"\/hooteroll.ufo\/glyphs\/ring.glif","\/hooteroll.ufo\/glyphs\/s.glif":"\/hooteroll.ufo\/glyphs\/s.glif","\/hooteroll.ufo\/glyphs\/scaron.glif":"\/hooteroll.ufo\/glyphs\/scaron.glif","\/hooteroll.ufo\/glyphs\/section.glif":"\/hooteroll.ufo\/glyphs\/section.glif","\/hooteroll.ufo\/glyphs\/semicolon.glif":"\/hooteroll.ufo\/glyphs\/semicolon.glif","\/hooteroll.ufo\/glyphs\/seven.glif":"\/hooteroll.ufo\/glyphs\/seven.glif","\/hooteroll.ufo\/glyphs\/six.glif":"\/hooteroll.ufo\/glyphs\/six.glif","\/hooteroll.ufo\/glyphs\/slash.glif":"\/hooteroll.ufo\/glyphs\/slash.glif","\/hooteroll.ufo\/glyphs\/space.glif":"\/hooteroll.ufo\/glyphs\/space.glif","\/hooteroll.ufo\/glyphs\/sterling.glif":"\/hooteroll.ufo\/glyphs\/sterling.glif","\/hooteroll.ufo\/glyphs\/summation.glif":"\/hooteroll.ufo\/glyphs\/summation.glif","\/hooteroll.ufo\/glyphs\/t.glif":"\/hooteroll.ufo\/glyphs\/t.glif","\/hooteroll.ufo\/glyphs\/thorn.glif":"\/hooteroll.ufo\/glyphs\/thorn.glif","\/hooteroll.ufo\/glyphs\/three.glif":"\/hooteroll.ufo\/glyphs\/three.glif","\/hooteroll.ufo\/glyphs\/threequarters.glif":"\/hooteroll.ufo\/glyphs\/threequarters.glif","\/hooteroll.ufo\/glyphs\/threesuperior.glif":"\/hooteroll.ufo\/glyphs\/threesuperior.glif","\/hooteroll.ufo\/glyphs\/tilde.glif":"\/hooteroll.ufo\/glyphs\/tilde.glif","\/hooteroll.ufo\/glyphs\/trademark.glif":"\/hooteroll.ufo\/glyphs\/trademark.glif","\/hooteroll.ufo\/glyphs\/two.glif":"\/hooteroll.ufo\/glyphs\/two.glif","\/hooteroll.ufo\/glyphs\/twosuperior.glif":"\/hooteroll.ufo\/glyphs\/twosuperior.glif","\/hooteroll.ufo\/glyphs\/u.glif":"\/hooteroll.ufo\/glyphs\/u.glif","\/hooteroll.ufo\/glyphs\/uacute.glif":"\/hooteroll.ufo\/glyphs\/uacute.glif","\/hooteroll.ufo\/glyphs\/ucircumflex.glif":"\/hooteroll.ufo\/glyphs\/ucircumflex.glif","\/hooteroll.ufo\/glyphs\/udieresis.glif":"\/hooteroll.ufo\/glyphs\/udieresis.glif","\/hooteroll.ufo\/glyphs\/ugrave.glif":"\/hooteroll.ufo\/glyphs\/ugrave.glif","\/hooteroll.ufo\/glyphs\/underscore.glif":"\/hooteroll.ufo\/glyphs\/underscore.glif","\/hooteroll.ufo\/glyphs\/v.glif":"\/hooteroll.ufo\/glyphs\/v.glif","\/hooteroll.ufo\/glyphs\/w.glif":"\/hooteroll.ufo\/glyphs\/w.glif","\/hooteroll.ufo\/glyphs\/x.glif":"\/hooteroll.ufo\/glyphs\/x.glif","\/hooteroll.ufo\/glyphs\/y.glif":"\/hooteroll.ufo\/glyphs\/y.glif","\/hooteroll.ufo\/glyphs\/yacute.glif":"\/hooteroll.ufo\/glyphs\/yacute.glif","\/hooteroll.ufo\/glyphs\/ydieresis.glif":"\/hooteroll.ufo\/glyphs\/ydieresis.glif","\/hooteroll.ufo\/glyphs\/yen.glif":"\/hooteroll.ufo\/glyphs\/yen.glif","\/hooteroll.ufo\/glyphs\/z.glif":"\/hooteroll.ufo\/glyphs\/z.glif","\/hooteroll.ufo\/glyphs\/zcaron.glif":"\/hooteroll.ufo\/glyphs\/zcaron.glif","\/hooteroll.ufo\/glyphs\/zero.glif":"\/hooteroll.ufo\/glyphs\/zero.glif"},"Font":{"uploaded":1478193735.3807,"licence":"gpl3","company":"Chronolabs Cooperative","title":"Hooteroll","version":3.002,"date":"Thu Oct 27 11:17:33 2016","creator":"root","type":"1","matrix":"0.001 0 0 0.001 0 0","named":"Hooteroll","painttype":"0","info":"10 dict dup","name":"Hooteroll","family":"Hooteroll","weight":"Book","fstype":"1","italicangle":"0","underlineposition":"","underlinethickness":""},"Licences":{"":false},"Table":{"FFTM":{"entryLength":16,"tag":"FFTM","checksum":1957509354,"offset":39108,"length":28},"GDEF":{"entryLength":16,"tag":"GDEF","checksum":19005444,"offset":39076,"length":32},"OS\/2":{"entryLength":16,"tag":"OS\/2","checksum":1998797508,"offset":344,"length":86},"cmap":{"entryLength":16,"tag":"cmap","checksum":4212072649,"offset":1412,"length":684},"gasp":{"entryLength":16,"tag":"gasp","checksum":4294901763,"offset":39068,"length":8},"glyf":{"entryLength":16,"tag":"glyf","checksum":134271890,"offset":2588,"length":35268},"head":{"entryLength":16,"tag":"head","checksum":187741786,"offset":220,"length":54},"hhea":{"entryLength":16,"tag":"hhea","checksum":129172497,"offset":276,"length":36},"hmtx":{"entryLength":16,"tag":"hmtx","checksum":3876847742,"offset":432,"length":980},"loca":{"entryLength":16,"tag":"loca","checksum":3106003954,"offset":2096,"length":492},"maxp":{"entryLength":16,"tag":"maxp","checksum":20840593,"offset":312,"length":32},"name":{"entryLength":16,"tag":"name","checksum":2738794139,"offset":37856,"length":681},"post":{"entryLength":16,"tag":"post","checksum":1034915407,"offset":38540,"length":527}},"UnicodeCharMap":{"0":1,"13":2,"32":3,"33":4,"34":5,"35":6,"36":7,"37":8,"38":9,"39":10,"40":11,"41":12,"42":13,"43":14,"44":15,"45":16,"46":17,"47":18,"48":19,"49":20,"50":21,"51":22,"52":23,"53":24,"54":25,"55":26,"56":27,"57":28,"58":29,"59":30,"60":31,"61":32,"62":33,"63":34,"64":35,"65":36,"66":37,"67":38,"68":39,"69":40,"70":41,"71":42,"72":43,"73":44,"74":45,"75":46,"76":47,"77":48,"78":49,"79":50,"80":51,"81":52,"82":53,"83":54,"84":55,"85":56,"86":57,"87":58,"88":59,"89":60,"90":61,"91":62,"92":63,"93":64,"94":65,"95":66,"96":67,"97":68,"98":69,"99":70,"100":71,"101":72,"102":73,"103":74,"104":75,"105":76,"106":77,"107":78,"108":79,"109":80,"110":81,"111":82,"112":83,"113":84,"114":85,"115":86,"116":87,"117":88,"118":89,"119":90,"120":91,"121":92,"122":93,"123":94,"124":95,"125":96,"126":97,"161":98,"162":99,"163":100,"164":101,"165":102,"166":103,"167":104,"168":105,"169":106,"170":107,"171":108,"172":109,"174":111,"175":112,"176":113,"177":114,"178":115,"179":116,"180":117,"182":119,"183":120,"184":121,"185":122,"186":123,"187":124,"188":125,"189":126,"190":127,"191":128,"192":129,"193":130,"194":131,"195":132,"196":133,"197":134,"198":135,"199":136,"200":137,"201":138,"202":139,"203":140,"204":141,"205":142,"206":143,"207":144,"209":145,"210":146,"211":147,"212":148,"213":149,"214":150,"215":151,"216":152,"217":153,"218":154,"219":155,"220":156,"221":157,"222":158,"223":159,"224":160,"225":161,"226":162,"227":163,"228":164,"229":165,"230":166,"231":167,"232":168,"233":169,"234":170,"235":171,"236":172,"237":173,"238":174,"239":175,"241":176,"242":177,"243":178,"244":179,"245":180,"246":181,"247":182,"248":183,"249":184,"250":185,"251":186,"252":187,"253":188,"254":189,"255":190,"305":212,"321":221,"322":222,"338":195,"339":196,"352":223,"353":225,"376":226,"381":228,"382":229,"402":193,"710":213,"711":220,"728":215,"729":216,"730":217,"731":219,"732":214,"733":218,"916":242,"937":239,"956":118,"960":237,"8211":197,"8212":198,"8216":201,"8217":202,"8218":209,"8220":199,"8221":200,"8222":210,"8224":191,"8225":208,"8226":192,"8230":194,"8240":211,"8249":204,"8250":205,"8260":203,"8482":224,"8706":234,"8719":236,"8721":235,"8722":110,"8730":240,"8734":231,"8747":238,"8776":241,"8800":230,"8804":232,"8805":233,"9674":243,"64257":206,"64258":207},"Reserves":{"fontname":"Hooteroll"},"Names":{"Hooteroll":{"name":"Hooteroll","longitude":"0.00000001","latitude":"0.00000001","country":"","region":"","city":""}},"Nodes":{"ho":{"type":"typal","node":"ho","usage":1,"weight":1},"ll":{"type":"typal","node":"ll","usage":1,"weight":1},"hoo":{"type":"typal","node":"hoo","usage":1,"weight":1},"oll":{"type":"typal","node":"oll","usage":1,"weight":1},"hoot":{"type":"keys","node":"hoot","usage":1,"weight":1},"roll":{"type":"keys","node":"roll","usage":1,"weight":1},"hoote":{"type":"keys","node":"hoote","usage":1,"weight":1},"eroll":{"type":"keys","node":"eroll","usage":1,"weight":1},"hooteroll":{"type":"fixes","node":"hooteroll","usage":1,"weight":1}},"Contributors":[],"FontIdentity":"nswhealth:6d5c4be4695b9296dc24fa","Bytes":null,"Networking":[],"barcode":"csk4waao6mkou","referee":"qmcwey"}