{"CSS":{"GraverplateNarrow":"GraverplateNarrow.css"},"FontType":"TrueType","FontCopyright":"From the WSI-FONT Collection.  Copyright (c) 1992 W.S.I.  All Rights Reserved.  Redistribution strictly prohibited.  ","FontName":"GraverplateNarrow","FontSubfamily":"Book","FontSubfamilyID":"FontForge 2.0 : GraverplateNarrow : 28-10-2016","FontFullName":"Graverplate Narrow","FontVersion":"Version Print Artist: Sierra ","FontWeight":null,"FontPostscriptName":"GraverplateNarrow","Files":{"graverplatenarrow.afm":"graverplatenarrow.afm","graverplatenarrow.bin":"graverplatenarrow.bin","graverplatenarrow.cef":"graverplatenarrow.cef","graverplatenarrow.cff":"graverplatenarrow.cff","graverplatenarrow.cid":"graverplatenarrow.cid","graverplatenarrow.dfont":"graverplatenarrow.dfont","graverplatenarrow.eot":"graverplatenarrow.eot","graverplatenarrow.fon":"graverplatenarrow.fon","graverplatenarrow.gai":"graverplatenarrow.gai","graverplatenarrow.gsf":"graverplatenarrow.gsf","graverplatenarrow.hqx":"graverplatenarrow.hqx","graverplatenarrow.ik":"graverplatenarrow.ik","graverplatenarrow.mf":"graverplatenarrow.mf","graverplatenarrow.otf":"graverplatenarrow.otf","graverplatenarrow.pcf":"graverplatenarrow.pcf","graverplatenarrow.pf3":"graverplatenarrow.pf3","graverplatenarrow.pfa":"graverplatenarrow.pfa","graverplatenarrow.pfb":"graverplatenarrow.pfb","graverplatenarrow.php":"graverplatenarrow.php","graverplatenarrow.pmf":"graverplatenarrow.pmf","graverplatenarrow.pt3":"graverplatenarrow.pt3","graverplatenarrow.sfd":"graverplatenarrow.sfd","graverplatenarrow.svg":"graverplatenarrow.svg","graverplatenarrow.t42":"graverplatenarrow.t42","graverplatenarrow.ttd":"graverplatenarrow.ttd","graverplatenarrow.ttf":"graverplatenarrow.ttf","graverplatenarrow.ttg":"graverplatenarrow.ttg","graverplatenarrow.ufm":"graverplatenarrow.ufm","graverplatenarrow.woff":"graverplatenarrow.woff","graverplatenarrow.z":"graverplatenarrow.z","":{"graverplatenarrow.afm":"graverplatenarrow.afm","graverplatenarrow.bin":"graverplatenarrow.bin","graverplatenarrow.cef":"graverplatenarrow.cef","graverplatenarrow.cff":"graverplatenarrow.cff","graverplatenarrow.cid":"graverplatenarrow.cid","graverplatenarrow.dfont":"graverplatenarrow.dfont","graverplatenarrow.eot":"graverplatenarrow.eot","graverplatenarrow.fon":"graverplatenarrow.fon","graverplatenarrow.gai":"graverplatenarrow.gai","graverplatenarrow.gsf":"graverplatenarrow.gsf","graverplatenarrow.hqx":"graverplatenarrow.hqx","graverplatenarrow.ik":"graverplatenarrow.ik","graverplatenarrow.mf":"graverplatenarrow.mf","graverplatenarrow.otf":"graverplatenarrow.otf","graverplatenarrow.pcf":"graverplatenarrow.pcf","graverplatenarrow.pf3":"graverplatenarrow.pf3","graverplatenarrow.pfa":"graverplatenarrow.pfa","graverplatenarrow.pfb":"graverplatenarrow.pfb","graverplatenarrow.php":"graverplatenarrow.php","graverplatenarrow.pmf":"graverplatenarrow.pmf","graverplatenarrow.pt3":"graverplatenarrow.pt3","graverplatenarrow.sfd":"graverplatenarrow.sfd","graverplatenarrow.svg":"graverplatenarrow.svg","graverplatenarrow.t42":"graverplatenarrow.t42","graverplatenarrow.ttd":"graverplatenarrow.ttd","graverplatenarrow.ttf":"graverplatenarrow.ttf","graverplatenarrow.ttg":"graverplatenarrow.ttg","graverplatenarrow.ufm":"graverplatenarrow.ufm","graverplatenarrow.woff":"graverplatenarrow.woff","graverplatenarrow.z":"graverplatenarrow.z"},"\/graverplatenarrow.ufo":{"feature.fea":"feature.fea","fontinfo.plist":"fontinfo.plist","groups.plist":"groups.plist","kerning.plist":"kerning.plist","metainfo.plist":"metainfo.plist"},"\/graverplatenarrow.ufo\/glyphs":{"A_.glif":"A_.glif","A_E_.glif":"A_E_.glif","A_acute.glif":"A_acute.glif","A_circumflex.glif":"A_circumflex.glif","A_dieresis.glif":"A_dieresis.glif","A_grave.glif":"A_grave.glif","A_ring.glif":"A_ring.glif","A_tilde.glif":"A_tilde.glif","B_.glif":"B_.glif","C_.glif":"C_.glif","C_cedilla.glif":"C_cedilla.glif","D_.glif":"D_.glif","E_.glif":"E_.glif","E_acute.glif":"E_acute.glif","E_circumflex.glif":"E_circumflex.glif","E_dieresis.glif":"E_dieresis.glif","E_grave.glif":"E_grave.glif","E_th.glif":"E_th.glif","F_.glif":"F_.glif","G_.glif":"G_.glif","H_.glif":"H_.glif","I_.glif":"I_.glif","I_acute.glif":"I_acute.glif","I_circumflex.glif":"I_circumflex.glif","I_dieresis.glif":"I_dieresis.glif","I_grave.glif":"I_grave.glif","J_.glif":"J_.glif","K_.glif":"K_.glif","L_.glif":"L_.glif","L_slash.glif":"L_slash.glif","M_.glif":"M_.glif","N_.glif":"N_.glif","N_tilde.glif":"N_tilde.glif","O_.glif":"O_.glif","O_E_.glif":"O_E_.glif","O_acute.glif":"O_acute.glif","O_circumflex.glif":"O_circumflex.glif","O_dieresis.glif":"O_dieresis.glif","O_grave.glif":"O_grave.glif","O_slash.glif":"O_slash.glif","O_tilde.glif":"O_tilde.glif","P_.glif":"P_.glif","Q_.glif":"Q_.glif","R_.glif":"R_.glif","S_.glif":"S_.glif","S_caron.glif":"S_caron.glif","T_.glif":"T_.glif","T_horn.glif":"T_horn.glif","U_.glif":"U_.glif","U_acute.glif":"U_acute.glif","U_circumflex.glif":"U_circumflex.glif","U_dieresis.glif":"U_dieresis.glif","U_grave.glif":"U_grave.glif","V_.glif":"V_.glif","W_.glif":"W_.glif","X_.glif":"X_.glif","Y_.glif":"Y_.glif","Y_acute.0.glif":"Y_acute.0.glif","Y_acute.glif":"Y_acute.glif","Y_dieresis.glif":"Y_dieresis.glif","Z_.glif":"Z_.glif","Z_caron.glif":"Z_caron.glif","_notdef.glif":"_notdef.glif","_null.glif":"_null.glif","a.glif":"a.glif","aacute.glif":"aacute.glif","acircumflex.glif":"acircumflex.glif","acute.glif":"acute.glif","adieresis.glif":"adieresis.glif","ae.glif":"ae.glif","agrave.glif":"agrave.glif","ampersand.glif":"ampersand.glif","aring.glif":"aring.glif","asciicircum.glif":"asciicircum.glif","asciitilde.glif":"asciitilde.glif","asterisk.glif":"asterisk.glif","at.glif":"at.glif","atilde.glif":"atilde.glif","b.glif":"b.glif","backslash.glif":"backslash.glif","bar.glif":"bar.glif","braceleft.glif":"braceleft.glif","braceright.glif":"braceright.glif","bracketleft.glif":"bracketleft.glif","bracketright.glif":"bracketright.glif","breve.glif":"breve.glif","brokenbar.glif":"brokenbar.glif","bullet.glif":"bullet.glif","c.glif":"c.glif","caron.glif":"caron.glif","ccedilla.glif":"ccedilla.glif","cedilla.glif":"cedilla.glif","cent.glif":"cent.glif","circumflex.glif":"circumflex.glif","colon.glif":"colon.glif","comma.glif":"comma.glif","contents.plist":"contents.plist","copyright.glif":"copyright.glif","currency.glif":"currency.glif","d.glif":"d.glif","dagger.glif":"dagger.glif","daggerdbl.glif":"daggerdbl.glif","degree.glif":"degree.glif","dieresis.glif":"dieresis.glif","divide.glif":"divide.glif","dollar.glif":"dollar.glif","dotlessi.glif":"dotlessi.glif","dotoperator.glif":"dotoperator.glif","e.glif":"e.glif","eacute.glif":"eacute.glif","ecircumflex.glif":"ecircumflex.glif","edieresis.glif":"edieresis.glif","egrave.glif":"egrave.glif","eight.glif":"eight.glif","ellipsis.glif":"ellipsis.glif","emdash.glif":"emdash.glif","endash.glif":"endash.glif","equal.glif":"equal.glif","exclam.glif":"exclam.glif","exclamdown.glif":"exclamdown.glif","f.glif":"f.glif","five.glif":"five.glif","four.glif":"four.glif","fraction.glif":"fraction.glif","g.glif":"g.glif","germandbls.glif":"germandbls.glif","grave.glif":"grave.glif","greater.glif":"greater.glif","guillemotleft.glif":"guillemotleft.glif","guillemotright.glif":"guillemotright.glif","guilsinglleft.glif":"guilsinglleft.glif","guilsinglright.glif":"guilsinglright.glif","h.glif":"h.glif","hyphen.glif":"hyphen.glif","i.glif":"i.glif","iacute.glif":"iacute.glif","icircumflex.glif":"icircumflex.glif","idieresis.glif":"idieresis.glif","igrave.glif":"igrave.glif","j.glif":"j.glif","k.glif":"k.glif","l.glif":"l.glif","less.glif":"less.glif","logicalnot.glif":"logicalnot.glif","m.glif":"m.glif","macron.glif":"macron.glif","minus.glif":"minus.glif","multiply.glif":"multiply.glif","n.glif":"n.glif","nine.glif":"nine.glif","nonbreakingspace.glif":"nonbreakingspace.glif","nonmarkingreturn.glif":"nonmarkingreturn.glif","ntilde.glif":"ntilde.glif","numbersign.glif":"numbersign.glif","o.glif":"o.glif","oacute.glif":"oacute.glif","ocircumflex.glif":"ocircumflex.glif","odieresis.glif":"odieresis.glif","oe.glif":"oe.glif","ograve.glif":"ograve.glif","one.glif":"one.glif","onehalf.glif":"onehalf.glif","onequarter.glif":"onequarter.glif","onesuperior.glif":"onesuperior.glif","ordfeminine.glif":"ordfeminine.glif","ordmasculine.glif":"ordmasculine.glif","oslash.glif":"oslash.glif","otilde.glif":"otilde.glif","p.glif":"p.glif","paragraph.glif":"paragraph.glif","parenleft.glif":"parenleft.glif","parenright.glif":"parenright.glif","percent.glif":"percent.glif","period.glif":"period.glif","periodcentered.glif":"periodcentered.glif","perthousand.glif":"perthousand.glif","plus.glif":"plus.glif","q.glif":"q.glif","question.glif":"question.glif","questiondown.glif":"questiondown.glif","quotedbl.glif":"quotedbl.glif","quotedblbase.glif":"quotedblbase.glif","quotedblleft.glif":"quotedblleft.glif","quotedblright.glif":"quotedblright.glif","quoteleft.glif":"quoteleft.glif","quoteright.glif":"quoteright.glif","quotesinglbase.glif":"quotesinglbase.glif","quotesingle.glif":"quotesingle.glif","r.glif":"r.glif","registered.glif":"registered.glif","ring.glif":"ring.glif","s.glif":"s.glif","scaron.glif":"scaron.glif","section.glif":"section.glif","semicolon.glif":"semicolon.glif","seven.glif":"seven.glif","six.glif":"six.glif","slash.glif":"slash.glif","space.glif":"space.glif","sterling.glif":"sterling.glif","t.glif":"t.glif","thorn.glif":"thorn.glif","three.glif":"three.glif","threequarters.glif":"threequarters.glif","threesuperior.glif":"threesuperior.glif","tilde.glif":"tilde.glif","trademark.glif":"trademark.glif","two.glif":"two.glif","twosuperior.glif":"twosuperior.glif","u.glif":"u.glif","uacute.glif":"uacute.glif","ucircumflex.glif":"ucircumflex.glif","udieresis.glif":"udieresis.glif","ugrave.glif":"ugrave.glif","underscore.glif":"underscore.glif","v.glif":"v.glif","w.glif":"w.glif","x.glif":"x.glif","y.glif":"y.glif","yacute.glif":"yacute.glif","ydieresis.glif":"ydieresis.glif","yen.glif":"yen.glif","z.glif":"z.glif","zcaron.glif":"zcaron.glif","zero.glif":"zero.glif"}},"Font":{"uploaded":1477629522.6379,"licence":"gpl3","company":"Chronolabs Cooperative","title":"Graverplate Narrow","version":2.001,"date":"Sun Aug 28 07:50:32 2016","creator":"root","type":"1","matrix":"0.000244141 0 0 0.000244141 0 0","named":"GraverplateNarrow","painttype":"0","info":"10 dict dup","name":"GraverplateNarrow","family":"GraverplateNarrow","weight":"Book","fstype":"0","italicangle":"0","underlineposition":"","underlinethickness":""},"Table":{"FFTM":{"entryLength":16,"tag":"FFTM","checksum":1947116512,"offset":30152,"length":28},"GDEF":{"entryLength":16,"tag":"GDEF","checksum":17629188,"offset":30120,"length":32},"OS\/2":{"entryLength":16,"tag":"OS\/2","checksum":2130321218,"offset":344,"length":86},"cmap":{"entryLength":16,"tag":"cmap","checksum":2096413482,"offset":1328,"length":676},"gasp":{"entryLength":16,"tag":"gasp","checksum":4294901763,"offset":30112,"length":8},"glyf":{"entryLength":16,"tag":"glyf","checksum":3070097849,"offset":2456,"length":26216},"head":{"entryLength":16,"tag":"head","checksum":405235132,"offset":220,"length":54},"hhea":{"entryLength":16,"tag":"hhea","checksum":537399071,"offset":276,"length":36},"hmtx":{"entryLength":16,"tag":"hmtx","checksum":1339338090,"offset":432,"length":896},"loca":{"entryLength":16,"tag":"loca","checksum":1781879250,"offset":2004,"length":450},"maxp":{"entryLength":16,"tag":"maxp","checksum":19923377,"offset":312,"length":32},"name":{"entryLength":16,"tag":"name","checksum":831509641,"offset":28672,"length":936},"post":{"entryLength":16,"tag":"post","checksum":1144076940,"offset":29608,"length":503}},"UnicodeCharMap":{"0":1,"13":2,"32":3,"33":4,"34":5,"35":6,"36":7,"37":8,"38":9,"39":10,"40":11,"41":12,"42":13,"43":14,"44":15,"45":16,"46":17,"47":18,"48":19,"49":20,"50":21,"51":22,"52":23,"53":24,"54":25,"55":26,"56":27,"57":28,"58":29,"59":30,"60":31,"61":32,"62":33,"63":34,"64":35,"65":36,"66":37,"67":38,"68":39,"69":40,"70":41,"71":42,"72":43,"73":44,"74":45,"75":46,"76":47,"77":48,"78":49,"79":50,"80":51,"81":52,"82":53,"83":54,"84":55,"85":56,"86":57,"87":58,"88":59,"89":60,"90":61,"91":62,"92":63,"93":64,"94":65,"95":66,"96":67,"97":68,"98":69,"99":70,"100":71,"101":72,"102":73,"103":74,"104":75,"105":76,"106":77,"107":78,"108":79,"109":80,"110":81,"111":82,"112":83,"113":84,"114":85,"115":86,"116":87,"117":88,"118":89,"119":90,"120":91,"121":92,"122":93,"123":94,"124":95,"125":96,"126":97,"160":98,"161":99,"162":100,"163":101,"164":102,"165":103,"166":104,"167":105,"168":106,"169":107,"170":108,"171":109,"172":110,"174":112,"175":113,"176":114,"178":115,"179":116,"180":117,"182":118,"183":119,"184":120,"185":121,"186":122,"187":123,"188":124,"189":125,"190":126,"191":127,"192":128,"193":129,"194":130,"195":131,"196":132,"197":133,"198":134,"199":135,"200":136,"201":137,"202":138,"203":139,"204":140,"205":141,"206":142,"207":143,"208":144,"209":145,"210":146,"211":147,"212":148,"213":149,"214":150,"215":151,"216":152,"217":153,"218":154,"219":155,"220":156,"221":176,"222":158,"223":159,"224":160,"225":161,"226":162,"227":163,"228":164,"229":165,"230":166,"231":167,"232":168,"233":169,"234":170,"235":171,"236":172,"237":173,"238":174,"239":175,"241":177,"242":178,"243":179,"244":180,"245":181,"246":182,"247":183,"248":184,"249":185,"250":186,"251":187,"252":188,"253":189,"254":190,"255":191,"305":212,"321":222,"338":196,"339":197,"352":218,"353":219,"376":204,"381":220,"382":221,"710":213,"711":217,"728":215,"730":216,"732":214,"8211":198,"8212":199,"8216":202,"8217":203,"8218":209,"8220":200,"8221":201,"8222":210,"8224":192,"8225":208,"8226":193,"8230":195,"8240":211,"8249":206,"8250":207,"8260":205,"8482":194,"8722":111},"Reserves":null,"Names":[],"Nodes":{"gr":{"type":"typal","node":"gr","usage":1,"weight":1},"te":{"type":"typal","node":"te","usage":1,"weight":1},"na":{"type":"typal","node":"na","usage":1,"weight":1},"ow":{"type":"typal","node":"ow","usage":1,"weight":1},"gra":{"type":"typal","node":"gra","usage":1,"weight":1},"ate":{"type":"typal","node":"ate","usage":1,"weight":1},"nar":{"type":"typal","node":"nar","usage":1,"weight":1},"row":{"type":"typal","node":"row","usage":1,"weight":1},"grav":{"type":"keys","node":"grav","usage":1,"weight":1},"late":{"type":"keys","node":"late","usage":1,"weight":1},"narr":{"type":"keys","node":"narr","usage":1,"weight":1},"rrow":{"type":"keys","node":"rrow","usage":1,"weight":1},"grave":{"type":"keys","node":"grave","usage":1,"weight":1},"plate":{"type":"keys","node":"plate","usage":1,"weight":1},"narro":{"type":"keys","node":"narro","usage":1,"weight":1},"arrow":{"type":"keys","node":"arrow","usage":1,"weight":1},"graverplate":{"type":"fixes","node":"graverplate","usage":1,"weight":1},"narrow":{"type":"fixes","node":"narrow","usage":1,"weight":1}},"Contributors":[],"FontIdentity":"aa91d19d4223b8a94a0de0772ee75862","Bytes":3086007,"Networking":[],"barcode":"cy11ew8uuiou7","referee":"oys2qcu"}