{"CSS":{"Arroyo Italic":"Arroyo+Italic.css"},"FontType":"TrueType","FontCopyright":null,"FontName":"Arroyo","FontSubfamily":"Italic","FontSubfamilyID":"FontForge 2.0 : Arroyo Italic : 1-9-2016","FontFullName":"Arroyo Italic","FontVersion":"Version 1.0 ","FontWeight":null,"FontPostscriptName":"ArroyoItalic","Files":{"arroy_i.afm":"arroy_i.afm","arroy_i.bin":"arroy_i.bin","arroy_i.cef":"arroy_i.cef","arroy_i.cff":"arroy_i.cff","arroy_i.cid":"arroy_i.cid","arroy_i.dfont":"arroy_i.dfont","arroy_i.eot":"arroy_i.eot","arroy_i.fon":"arroy_i.fon","arroy_i.gai":"arroy_i.gai","arroy_i.gsf":"arroy_i.gsf","arroy_i.hqx":"arroy_i.hqx","arroy_i.ik":"arroy_i.ik","arroy_i.mf":"arroy_i.mf","arroy_i.otf":"arroy_i.otf","arroy_i.pcf":"arroy_i.pcf","arroy_i.pf3":"arroy_i.pf3","arroy_i.pfa":"arroy_i.pfa","arroy_i.pfb":"arroy_i.pfb","arroy_i.php":"arroy_i.php","arroy_i.pmf":"arroy_i.pmf","arroy_i.pt3":"arroy_i.pt3","arroy_i.sfd":"arroy_i.sfd","arroy_i.svg":"arroy_i.svg","arroy_i.t42":"arroy_i.t42","arroy_i.ttd":"arroy_i.ttd","arroy_i.ttf":"arroy_i.ttf","arroy_i.ttg":"arroy_i.ttg","arroy_i.ufm":"arroy_i.ufm","arroy_i.woff":"arroy_i.woff","arroy_i.z":"arroy_i.z","":{"arroy_i.afm":"arroy_i.afm","arroy_i.bin":"arroy_i.bin","arroy_i.cef":"arroy_i.cef","arroy_i.cff":"arroy_i.cff","arroy_i.cid":"arroy_i.cid","arroy_i.dfont":"arroy_i.dfont","arroy_i.eot":"arroy_i.eot","arroy_i.fon":"arroy_i.fon","arroy_i.gai":"arroy_i.gai","arroy_i.gsf":"arroy_i.gsf","arroy_i.hqx":"arroy_i.hqx","arroy_i.ik":"arroy_i.ik","arroy_i.mf":"arroy_i.mf","arroy_i.otf":"arroy_i.otf","arroy_i.pcf":"arroy_i.pcf","arroy_i.pf3":"arroy_i.pf3","arroy_i.pfa":"arroy_i.pfa","arroy_i.pfb":"arroy_i.pfb","arroy_i.php":"arroy_i.php","arroy_i.pmf":"arroy_i.pmf","arroy_i.pt3":"arroy_i.pt3","arroy_i.sfd":"arroy_i.sfd","arroy_i.svg":"arroy_i.svg","arroy_i.t42":"arroy_i.t42","arroy_i.ttd":"arroy_i.ttd","arroy_i.ttf":"arroy_i.ttf","arroy_i.ttg":"arroy_i.ttg","arroy_i.ufm":"arroy_i.ufm","arroy_i.woff":"arroy_i.woff","arroy_i.z":"arroy_i.z"},"\/arroy_i.ufo":{"feature.fea":"feature.fea","fontinfo.plist":"fontinfo.plist","groups.plist":"groups.plist","kerning.plist":"kerning.plist","metainfo.plist":"metainfo.plist"},"\/arroy_i.ufo\/glyphs":{"2500.glif":"2500.glif","2502.glif":"2502.glif","250c.glif":"250c.glif","2510.glif":"2510.glif","2514.glif":"2514.glif","2518.glif":"2518.glif","251c.glif":"251c.glif","2524.glif":"2524.glif","252c.glif":"252c.glif","2534.glif":"2534.glif","253c.glif":"253c.glif","2550.glif":"2550.glif","2551.glif":"2551.glif","2552.glif":"2552.glif","2553.glif":"2553.glif","2554.glif":"2554.glif","2555.glif":"2555.glif","2556.glif":"2556.glif","2557.glif":"2557.glif","2558.glif":"2558.glif","2559.glif":"2559.glif","255a.glif":"255a.glif","255b.glif":"255b.glif","255c.glif":"255c.glif","255d.glif":"255d.glif","255e.glif":"255e.glif","255f.glif":"255f.glif","2560.glif":"2560.glif","2561.glif":"2561.glif","2562.glif":"2562.glif","2563.glif":"2563.glif","2564.glif":"2564.glif","2565.glif":"2565.glif","2566.glif":"2566.glif","2567.glif":"2567.glif","2568.glif":"2568.glif","2569.glif":"2569.glif","256a.glif":"256a.glif","256b.glif":"256b.glif","256c.glif":"256c.glif","A_.glif":"A_.glif","A_E_.glif":"A_E_.glif","A_acute.glif":"A_acute.glif","A_breve.glif":"A_breve.glif","A_circumflex.glif":"A_circumflex.glif","A_cute.glif":"A_cute.glif","A_dieresis.glif":"A_dieresis.glif","A_grave.glif":"A_grave.glif","A_ogonek.glif":"A_ogonek.glif","A_ring.glif":"A_ring.glif","A_tilde.glif":"A_tilde.glif","B_.glif":"B_.glif","B_reve.glif":"B_reve.glif","C_.glif":"C_.glif","C_acute.glif":"C_acute.glif","C_aron.glif":"C_aron.glif","C_atalan.glif":"C_atalan.glif","C_caron.glif":"C_caron.glif","C_cedilla.glif":"C_cedilla.glif","C_edilla.glif":"C_edilla.glif","C_ircumflex.glif":"C_ircumflex.glif","D_.glif":"D_.glif","D_caron.glif":"D_caron.glif","D_elta.glif":"D_elta.glif","D_ieresis.glif":"D_ieresis.glif","D_otaccent.glif":"D_otaccent.glif","D_slash.glif":"D_slash.glif","E_.glif":"E_.glif","E_acute.glif":"E_acute.glif","E_caron.glif":"E_caron.glif","E_circumflex.glif":"E_circumflex.glif","E_dieresis.glif":"E_dieresis.glif","E_grave.glif":"E_grave.glif","E_ogonek.glif":"E_ogonek.glif","E_th.glif":"E_th.glif","F_.glif":"F_.glif","G_.glif":"G_.glif","G_amma.glif":"G_amma.glif","G_breve.glif":"G_breve.glif","G_rave.glif":"G_rave.glif","H_.glif":"H_.glif","H_ungarumlaut.glif":"H_ungarumlaut.glif","I_.glif":"I_.glif","I_J_.glif":"I_J_.glif","I_acute.glif":"I_acute.glif","I_circumflex.glif":"I_circumflex.glif","I_dieresis.glif":"I_dieresis.glif","I_dotaccent.glif":"I_dotaccent.glif","I_grave.glif":"I_grave.glif","J_.glif":"J_.glif","K_.glif":"K_.glif","L_.glif":"L_.glif","L_acute.glif":"L_acute.glif","L_caron.glif":"L_caron.glif","L_dot.glif":"L_dot.glif","L_slash.glif":"L_slash.glif","M_.glif":"M_.glif","M_acron.glif":"M_acron.glif","N_.glif":"N_.glif","N_acute.glif":"N_acute.glif","N_caron.glif":"N_caron.glif","N_tilde.glif":"N_tilde.glif","O_.glif":"O_.glif","O_E_.glif":"O_E_.glif","O_acute.glif":"O_acute.glif","O_circumflex.glif":"O_circumflex.glif","O_dblacute.glif":"O_dblacute.glif","O_dieresis.glif":"O_dieresis.glif","O_gonek.glif":"O_gonek.glif","O_grave.glif":"O_grave.glif","O_mega.glif":"O_mega.glif","O_slash.glif":"O_slash.glif","O_tilde.glif":"O_tilde.glif","P_.glif":"P_.glif","P_hi.glif":"P_hi.glif","P_t.glif":"P_t.glif","Q_.glif":"Q_.glif","R_.glif":"R_.glif","R_acute.glif":"R_acute.glif","R_caron.glif":"R_caron.glif","R_ing.glif":"R_ing.glif","S_.glif":"S_.glif","S_acute.glif":"S_acute.glif","S_caron.glif":"S_caron.glif","S_cedilla.glif":"S_cedilla.glif","T_.glif":"T_.glif","T_caron.glif":"T_caron.glif","T_cedilla.glif":"T_cedilla.glif","T_heta.glif":"T_heta.glif","T_horn.glif":"T_horn.glif","T_ilde.glif":"T_ilde.glif","U_.glif":"U_.glif","U_acute.glif":"U_acute.glif","U_circumflex.glif":"U_circumflex.glif","U_dblacute.glif":"U_dblacute.glif","U_dieresis.glif":"U_dieresis.glif","U_grave.glif":"U_grave.glif","U_ring.glif":"U_ring.glif","V_.glif":"V_.glif","W_.glif":"W_.glif","X_.glif":"X_.glif","Y_.glif":"Y_.glif","Y_acute.glif":"Y_acute.glif","Y_dieresis.glif":"Y_dieresis.glif","Z_.glif":"Z_.glif","Z_acute.glif":"Z_acute.glif","Z_caron.glif":"Z_caron.glif","Z_dot.glif":"Z_dot.glif","_extra03.glif":"_extra03.glif","_extra04.glif":"_extra04.glif","_notdef.glif":"_notdef.glif","_null.glif":"_null.glif","a.glif":"a.glif","aacute.glif":"aacute.glif","abreve.glif":"abreve.glif","acircumflex.glif":"acircumflex.glif","acute.glif":"acute.glif","acutens.glif":"acutens.glif","adieresis.glif":"adieresis.glif","ae.glif":"ae.glif","agrave.glif":"agrave.glif","alpha.glif":"alpha.glif","ampersand.glif":"ampersand.glif","aogonek.glif":"aogonek.glif","apostrophen.glif":"apostrophen.glif","apple.glif":"apple.glif","approxequal.glif":"approxequal.glif","aring.glif":"aring.glif","arrowboth.glif":"arrowboth.glif","arrowdown.glif":"arrowdown.glif","arrowleft.glif":"arrowleft.glif","arrowright.glif":"arrowright.glif","arrowup.glif":"arrowup.glif","arrowupdn.glif":"arrowupdn.glif","arrowupdnbase.glif":"arrowupdnbase.glif","asciicircum.glif":"asciicircum.glif","asciitilde.glif":"asciitilde.glif","asterisk.glif":"asterisk.glif","at.glif":"at.glif","atilde.glif":"atilde.glif","b.glif":"b.glif","backslash.glif":"backslash.glif","bar.glif":"bar.glif","beta.glif":"beta.glif","block.glif":"block.glif","braceleft.glif":"braceleft.glif","braceright.glif":"braceright.glif","bracketleft.glif":"bracketleft.glif","bracketright.glif":"bracketright.glif","breve.glif":"breve.glif","brokenbar.glif":"brokenbar.glif","bullet.glif":"bullet.glif","c.glif":"c.glif","cacute.glif":"cacute.glif","careofscript.glif":"careofscript.glif","caron.glif":"caron.glif","carriagereturn.glif":"carriagereturn.glif","ccaron.glif":"ccaron.glif","ccedilla.glif":"ccedilla.glif","cedilla.glif":"cedilla.glif","cedillans.glif":"cedillans.glif","cent.glif":"cent.glif","circle.glif":"circle.glif","circumflex.glif":"circumflex.glif","circumflexns.glif":"circumflexns.glif","club.glif":"club.glif","colon.glif":"colon.glif","comma.glif":"comma.glif","contents.plist":"contents.plist","copyright.glif":"copyright.glif","currency.glif":"currency.glif","d.glif":"d.glif","dagger.glif":"dagger.glif","daggerdbl.glif":"daggerdbl.glif","dcaron.glif":"dcaron.glif","degree.glif":"degree.glif","delta.glif":"delta.glif","diamond.glif":"diamond.glif","dieresis.glif":"dieresis.glif","dieresisns.glif":"dieresisns.glif","divide.glif":"divide.glif","dkshade.glif":"dkshade.glif","dnblock.glif":"dnblock.glif","dollar.glif":"dollar.glif","dotaccent.glif":"dotaccent.glif","dotlessi.glif":"dotlessi.glif","dslash.glif":"dslash.glif","e.glif":"e.glif","eacute.glif":"eacute.glif","ecaron.glif":"ecaron.glif","ecircumflex.glif":"ecircumflex.glif","edieresis.glif":"edieresis.glif","egrave.glif":"egrave.glif","eight.glif":"eight.glif","eightsuperior.glif":"eightsuperior.glif","ellipsis.glif":"ellipsis.glif","emdash.glif":"emdash.glif","endash.glif":"endash.glif","eogonek.glif":"eogonek.glif","epsilon.glif":"epsilon.glif","equal.glif":"equal.glif","equivalence.glif":"equivalence.glif","eth.glif":"eth.glif","exclam.glif":"exclam.glif","exclamdbl.glif":"exclamdbl.glif","exclamdown.glif":"exclamdown.glif","f.glif":"f.glif","female.glif":"female.glif","ff.glif":"ff.glif","ffi.glif":"ffi.glif","ffl.glif":"ffl.glif","fi.glif":"fi.glif","filledbox.glif":"filledbox.glif","filledrect.glif":"filledrect.glif","five.glif":"five.glif","fivesuperior.glif":"fivesuperior.glif","fl.glif":"fl.glif","florin.glif":"florin.glif","four.glif":"four.glif","foursuperior.glif":"foursuperior.glif","fraction.glif":"fraction.glif","franc.glif":"franc.glif","g.glif":"g.glif","gbreve.glif":"gbreve.glif","germandbls.glif":"germandbls.glif","grave.glif":"grave.glif","greater.glif":"greater.glif","greaterequal.glif":"greaterequal.glif","guillemotleft.glif":"guillemotleft.glif","guillemotright.glif":"guillemotright.glif","guilsinglleft.glif":"guilsinglleft.glif","guilsinglright.glif":"guilsinglright.glif","h.glif":"h.glif","heart.glif":"heart.glif","house.glif":"house.glif","hungarumlaut.glif":"hungarumlaut.glif","hyphen.glif":"hyphen.glif","i.glif":"i.glif","iacute.glif":"iacute.glif","icircumflex.glif":"icircumflex.glif","idieresis.glif":"idieresis.glif","igrave.glif":"igrave.glif","ij.glif":"ij.glif","infinity.glif":"infinity.glif","integral.glif":"integral.glif","integralbt.glif":"integralbt.glif","integraltp.glif":"integraltp.glif","intersection.glif":"intersection.glif","invbullet.glif":"invbullet.glif","invcircle.glif":"invcircle.glif","invsmileface.glif":"invsmileface.glif","j.glif":"j.glif","k.glif":"k.glif","l.glif":"l.glif","lacute.glif":"lacute.glif","lcaron.glif":"lcaron.glif","ldot.glif":"ldot.glif","less.glif":"less.glif","lessequal.glif":"lessequal.glif","lfblock.glif":"lfblock.glif","liter.glif":"liter.glif","logicalnot.glif":"logicalnot.glif","logicalnotflopped.glif":"logicalnotflopped.glif","lozenge.glif":"lozenge.glif","lslash.glif":"lslash.glif","ltshade.glif":"ltshade.glif","m.glif":"m.glif","macron.glif":"macron.glif","macronns.glif":"macronns.glif","male.glif":"male.glif","middot.glif":"middot.glif","minus.glif":"minus.glif","mu.glif":"mu.glif","multiply.glif":"multiply.glif","musicalnote.glif":"musicalnote.glif","musicalnotedbl.glif":"musicalnotedbl.glif","n.glif":"n.glif","nacute.glif":"nacute.glif","ncaron.glif":"ncaron.glif","nine.glif":"nine.glif","ninesuperior.glif":"ninesuperior.glif","nonbreakingspace.glif":"nonbreakingspace.glif","nonmarkingreturn.glif":"nonmarkingreturn.glif","notequal.glif":"notequal.glif","nsuperior.glif":"nsuperior.glif","ntilde.glif":"ntilde.glif","numbersign.glif":"numbersign.glif","o.glif":"o.glif","oacute.glif":"oacute.glif","ocircumflex.glif":"ocircumflex.glif","odblacute.glif":"odblacute.glif","odieresis.glif":"odieresis.glif","oe.glif":"oe.glif","ogonek.glif":"ogonek.glif","ograve.glif":"ograve.glif","one.glif":"one.glif","onehalf.glif":"onehalf.glif","onequarter.glif":"onequarter.glif","onesuperior.glif":"onesuperior.glif","ordfeminine.glif":"ordfeminine.glif","ordmasculine.glif":"ordmasculine.glif","orthogonal.glif":"orthogonal.glif","oslash.glif":"oslash.glif","otilde.glif":"otilde.glif","overstore.glif":"overstore.glif","p.glif":"p.glif","paragraph.glif":"paragraph.glif","parenleft.glif":"parenleft.glif","parenright.glif":"parenright.glif","partialdiff.glif":"partialdiff.glif","percent.glif":"percent.glif","period.glif":"period.glif","periodcentered.glif":"periodcentered.glif","perthousand.glif":"perthousand.glif","peseta.glif":"peseta.glif","phi.glif":"phi.glif","pi.glif":"pi.glif","plus.glif":"plus.glif","plusminus.glif":"plusminus.glif","prescription.glif":"prescription.glif","product.glif":"product.glif","q.glif":"q.glif","question.glif":"question.glif","questiondown.glif":"questiondown.glif","quotedbl.glif":"quotedbl.glif","quotedblbase.glif":"quotedblbase.glif","quotedblleft.glif":"quotedblleft.glif","quotedblright.glif":"quotedblright.glif","quoteleft.glif":"quoteleft.glif","quoteright.glif":"quoteright.glif","quotesinglbase.glif":"quotesinglbase.glif","quotesingle.glif":"quotesingle.glif","r.glif":"r.glif","racute.glif":"racute.glif","radical.glif":"radical.glif","rcaron.glif":"rcaron.glif","registered.glif":"registered.glif","revlogicalnot.glif":"revlogicalnot.glif","ring.glif":"ring.glif","rtblock.glif":"rtblock.glif","s.glif":"s.glif","sacute.glif":"sacute.glif","scaron.glif":"scaron.glif","scedilla.glif":"scedilla.glif","section.glif":"section.glif","semicolon.glif":"semicolon.glif","seven.glif":"seven.glif","sevensuperior.glif":"sevensuperior.glif","sfthyphen.glif":"sfthyphen.glif","shade.glif":"shade.glif","sigma.glif":"sigma.glif","six.glif":"six.glif","sixsuperior.glif":"sixsuperior.glif","slash.glif":"slash.glif","slogan.glif":"slogan.glif","smileface.glif":"smileface.glif","space.glif":"space.glif","spade.glif":"spade.glif","sterling.glif":"sterling.glif","summation.glif":"summation.glif","sun.glif":"sun.glif","t.glif":"t.glif","tau.glif":"tau.glif","tcaron.glif":"tcaron.glif","tcedilla.glif":"tcedilla.glif","thorn.glif":"thorn.glif","three.glif":"three.glif","threequarters.glif":"threequarters.glif","threesuperior.glif":"threesuperior.glif","tilde.glif":"tilde.glif","tildens.glif":"tildens.glif","trademark.glif":"trademark.glif","triagdn.glif":"triagdn.glif","triaglf.glif":"triaglf.glif","triagrt.glif":"triagrt.glif","triagup.glif":"triagup.glif","two.glif":"two.glif","twosuperior.glif":"twosuperior.glif","u.glif":"u.glif","uacute.glif":"uacute.glif","ucircumflex.glif":"ucircumflex.glif","udblacute.glif":"udblacute.glif","udieresis.glif":"udieresis.glif","ugrave.glif":"ugrave.glif","underscore.glif":"underscore.glif","underscoredbl.glif":"underscoredbl.glif","upblock.glif":"upblock.glif","uring.glif":"uring.glif","v.glif":"v.glif","w.glif":"w.glif","x.glif":"x.glif","y.glif":"y.glif","yacute.glif":"yacute.glif","ydieresis.glif":"ydieresis.glif","yen.glif":"yen.glif","z.glif":"z.glif","zacute.glif":"zacute.glif","zcaron.glif":"zcaron.glif","zdot.glif":"zdot.glif","zero.glif":"zero.glif","zerosuperior.glif":"zerosuperior.glif"}},"Font":{"uploaded":1472704438.1785,"licence":"gpl3","company":"Chronolabs Cooperative","title":"Arroyo Italic","version":2.001,"date":"Sun Aug 28 07:50:31 2016","creator":"root","type":"1","matrix":"0.000488281 0 0 0.000488281 0 0","named":"ArroyoItalic","painttype":"0","info":"7 dict dup","name":"Arroyo Italic","family":"Arroyo","weight":"Book","fstype":"0","italicangle":"15"},"Table":{"FFTM":{"entryLength":16,"tag":"FFTM","checksum":1947015712,"offset":35164,"length":28},"GDEF":{"entryLength":16,"tag":"GDEF","checksum":31784964,"offset":35132,"length":32},"OS\/2":{"entryLength":16,"tag":"OS\/2","checksum":3600778799,"offset":344,"length":86},"cmap":{"entryLength":16,"tag":"cmap","checksum":1095069834,"offset":2192,"length":1344},"gasp":{"entryLength":16,"tag":"gasp","checksum":4294901763,"offset":35124,"length":8},"glyf":{"entryLength":16,"tag":"glyf","checksum":418375204,"offset":4420,"length":27964},"head":{"entryLength":16,"tag":"head","checksum":234097544,"offset":220,"length":54},"hhea":{"entryLength":16,"tag":"hhea","checksum":274269300,"offset":276,"length":36},"hmtx":{"entryLength":16,"tag":"hmtx","checksum":3422966138,"offset":432,"length":1760},"loca":{"entryLength":16,"tag":"loca","checksum":125824176,"offset":3536,"length":882},"maxp":{"entryLength":16,"tag":"maxp","checksum":33620185,"offset":312,"length":32},"name":{"entryLength":16,"tag":"name","checksum":3945340233,"offset":32384,"length":435},"post":{"entryLength":16,"tag":"post","checksum":1331940961,"offset":32820,"length":2304}},"UnicodeCharMap":{"0":1,"13":2,"32":3,"33":4,"34":5,"35":6,"36":7,"37":8,"38":9,"39":10,"40":11,"41":12,"42":13,"43":14,"44":15,"45":16,"46":17,"47":18,"48":19,"49":20,"50":21,"51":22,"52":23,"53":24,"54":25,"55":26,"56":27,"57":28,"58":29,"59":30,"60":31,"61":32,"62":33,"63":34,"64":35,"65":36,"66":37,"67":38,"68":39,"69":40,"70":41,"71":42,"72":43,"73":44,"74":45,"75":46,"76":47,"77":48,"78":49,"79":50,"80":51,"81":52,"82":53,"83":54,"84":55,"85":56,"86":57,"87":58,"88":59,"89":60,"90":61,"91":62,"92":63,"93":64,"94":65,"95":66,"96":67,"97":68,"98":69,"99":70,"100":71,"101":72,"102":73,"103":74,"104":75,"105":76,"106":77,"107":78,"108":79,"109":80,"110":81,"111":82,"112":83,"113":84,"114":85,"115":86,"116":87,"117":88,"118":89,"119":90,"120":91,"121":92,"122":93,"123":94,"124":95,"125":96,"126":97,"160":98,"161":99,"162":100,"163":101,"164":102,"165":103,"166":104,"167":105,"168":106,"169":107,"170":108,"171":109,"172":110,"173":230,"174":111,"175":112,"176":113,"177":114,"178":115,"179":116,"180":117,"182":119,"183":236,"184":120,"185":121,"186":122,"187":123,"188":124,"189":125,"190":126,"191":127,"192":128,"193":129,"194":130,"195":131,"196":132,"197":133,"198":134,"199":135,"200":136,"201":137,"202":138,"203":139,"204":140,"205":141,"206":142,"207":143,"208":144,"209":145,"210":146,"211":147,"212":148,"213":149,"214":150,"215":151,"216":152,"217":153,"218":154,"219":155,"220":156,"221":157,"222":158,"223":159,"224":160,"225":161,"226":162,"227":163,"228":164,"229":165,"230":166,"231":167,"232":168,"233":169,"234":170,"235":171,"236":172,"237":173,"238":174,"239":175,"240":176,"241":177,"242":178,"243":179,"244":180,"245":181,"246":182,"247":183,"248":184,"249":185,"250":186,"251":187,"252":188,"253":189,"254":190,"255":191,"258":309,"259":310,"260":311,"261":312,"262":313,"263":314,"268":315,"269":316,"270":317,"271":318,"272":319,"273":320,"280":321,"281":322,"282":323,"283":324,"286":325,"287":326,"304":327,"305":210,"306":363,"307":364,"313":328,"314":329,"317":330,"318":331,"319":361,"320":362,"321":196,"322":197,"323":332,"324":333,"327":334,"328":335,"336":336,"337":337,"338":225,"339":226,"340":338,"341":339,"344":289,"345":340,"346":341,"347":342,"350":343,"351":344,"352":222,"353":223,"354":345,"355":346,"356":347,"357":348,"366":349,"367":350,"368":351,"369":352,"376":224,"377":353,"378":354,"379":355,"380":356,"381":252,"382":253,"402":219,"710":201,"711":208,"728":209,"729":205,"730":204,"731":207,"732":200,"733":206,"915":260,"916":245,"920":261,"934":262,"937":247,"945":263,"946":392,"948":264,"949":265,"956":118,"960":249,"963":266,"964":267,"966":268,"8211":229,"8212":202,"8215":254,"8216":203,"8217":198,"8218":255,"8220":217,"8221":218,"8222":211,"8224":227,"8225":228,"8226":192,"8230":232,"8240":216,"8249":213,"8250":214,"8252":256,"8260":193,"8304":373,"8308":357,"8309":368,"8310":369,"8311":370,"8312":371,"8313":372,"8319":257,"8355":258,"8359":259,"8478":377,"8482":212,"8592":269,"8593":270,"8594":220,"8595":271,"8596":272,"8597":273,"8629":215,"8706":242,"8719":248,"8721":243,"8722":233,"8730":237,"8734":241,"8735":275,"8745":276,"8747":250,"8776":246,"8800":240,"8801":277,"8804":239,"8805":238,"8962":221,"8976":278,"8992":279,"8993":280,"9600":290,"9604":291,"9608":292,"9612":293,"9616":294,"9617":295,"9618":296,"9619":297,"9632":231,"9644":281,"9650":283,"9658":284,"9660":285,"9668":286,"9674":244,"9675":282,"9688":287,"9689":288,"9786":298,"9787":299,"9788":300,"9792":301,"9794":302,"9824":303,"9827":304,"9829":305,"9830":306,"9834":307,"9835":308,"64256":365,"64257":194,"64258":195,"64259":366,"64260":367},"Reserves":null,"Names":[],"Nodes":{"ar":{"type":"typal","node":"ar","usage":1,"weight":1},"yo":{"type":"typal","node":"yo","usage":1,"weight":1},"arr":{"type":"typal","node":"arr","usage":1,"weight":1},"oyo":{"type":"typal","node":"oyo","usage":1,"weight":1},"arro":{"type":"keys","node":"arro","usage":1,"weight":1},"royo":{"type":"keys","node":"royo","usage":1,"weight":1},"arroy":{"type":"keys","node":"arroy","usage":1,"weight":1},"rroyo":{"type":"keys","node":"rroyo","usage":1,"weight":1},"arroyo":{"type":"fixes","node":"arroyo","usage":1,"weight":1}},"Contributors":[],"FontIdentity":"afdace86dd6e31892422f5f088afc386","Bytes":3287251,"Networking":[],"barcode":"uCSaiyASea8iO","referee":"Kay4eSG"}