{"CSS":{"Clb:Easter":"Clb%3AEaster.css","Clb Easter":"aphgovau:7ecbe29d6cd2e89b4ce5603.css"},"FontType":"TrueType","FontCopyright":"Generated by Fontographer 3.5","FontName":"Clb:Easter","FontSubfamily":"Book","FontSubfamilyID":"FontForge 2.0 : Clb:Easter : 28-8-2016","FontFullName":"Clb Easter","FontVersion":"Version             ","FontWeight":null,"FontPostscriptName":"Clb:Easter","Files":{"\/Clb:Easter.css":"\/Clb:Easter.css","\/clb-easter.afm":"\/clb-easter.afm","\/clb-easter.cef":"\/clb-easter.cef","\/clb-easter.cff":"\/clb-easter.cff","\/clb-easter.eot":"\/clb-easter.eot","\/clb-easter.gai":"\/clb-easter.gai","\/clb-easter.gsf":"\/clb-easter.gsf","\/clb-easter.otf":"\/clb-easter.otf","\/clb-easter.pf3":"\/clb-easter.pf3","\/clb-easter.pfa":"\/clb-easter.pfa","\/clb-easter.pfb":"\/clb-easter.pfb","\/clb-easter.php":"\/clb-easter.php","\/clb-easter.pt3":"\/clb-easter.pt3","\/clb-easter.sfd":"\/clb-easter.sfd","\/clb-easter.svg":"\/clb-easter.svg","\/clb-easter.t42":"\/clb-easter.t42","\/clb-easter.ttd":"\/clb-easter.ttd","\/clb-easter.ttf":"\/clb-easter.ttf","\/clb-easter.ttg":"\/clb-easter.ttg","\/clb-easter.ufm":"\/clb-easter.ufm","\/clb-easter.woff":"\/clb-easter.woff","\/clb-easter.z":"\/clb-easter.z","\/font-resource.json":"\/font-resource.json","\/clb-easter.ufo\/feature.fea":"\/clb-easter.ufo\/feature.fea","\/clb-easter.ufo\/fontinfo.plist":"\/clb-easter.ufo\/fontinfo.plist","\/clb-easter.ufo\/groups.plist":"\/clb-easter.ufo\/groups.plist","\/clb-easter.ufo\/kerning.plist":"\/clb-easter.ufo\/kerning.plist","\/clb-easter.ufo\/metainfo.plist":"\/clb-easter.ufo\/metainfo.plist","\/clb-easter.ufo\/glyphs\/A_.glif":"\/clb-easter.ufo\/glyphs\/A_.glif","\/clb-easter.ufo\/glyphs\/B_.glif":"\/clb-easter.ufo\/glyphs\/B_.glif","\/clb-easter.ufo\/glyphs\/C_.glif":"\/clb-easter.ufo\/glyphs\/C_.glif","\/clb-easter.ufo\/glyphs\/D_.glif":"\/clb-easter.ufo\/glyphs\/D_.glif","\/clb-easter.ufo\/glyphs\/E_.glif":"\/clb-easter.ufo\/glyphs\/E_.glif","\/clb-easter.ufo\/glyphs\/F_.glif":"\/clb-easter.ufo\/glyphs\/F_.glif","\/clb-easter.ufo\/glyphs\/G_.glif":"\/clb-easter.ufo\/glyphs\/G_.glif","\/clb-easter.ufo\/glyphs\/H_.glif":"\/clb-easter.ufo\/glyphs\/H_.glif","\/clb-easter.ufo\/glyphs\/I_.glif":"\/clb-easter.ufo\/glyphs\/I_.glif","\/clb-easter.ufo\/glyphs\/J_.glif":"\/clb-easter.ufo\/glyphs\/J_.glif","\/clb-easter.ufo\/glyphs\/K_.glif":"\/clb-easter.ufo\/glyphs\/K_.glif","\/clb-easter.ufo\/glyphs\/L_.glif":"\/clb-easter.ufo\/glyphs\/L_.glif","\/clb-easter.ufo\/glyphs\/M_.glif":"\/clb-easter.ufo\/glyphs\/M_.glif","\/clb-easter.ufo\/glyphs\/N_.glif":"\/clb-easter.ufo\/glyphs\/N_.glif","\/clb-easter.ufo\/glyphs\/O_.glif":"\/clb-easter.ufo\/glyphs\/O_.glif","\/clb-easter.ufo\/glyphs\/P_.glif":"\/clb-easter.ufo\/glyphs\/P_.glif","\/clb-easter.ufo\/glyphs\/Q_.glif":"\/clb-easter.ufo\/glyphs\/Q_.glif","\/clb-easter.ufo\/glyphs\/R_.glif":"\/clb-easter.ufo\/glyphs\/R_.glif","\/clb-easter.ufo\/glyphs\/S_.glif":"\/clb-easter.ufo\/glyphs\/S_.glif","\/clb-easter.ufo\/glyphs\/T_.glif":"\/clb-easter.ufo\/glyphs\/T_.glif","\/clb-easter.ufo\/glyphs\/U_.glif":"\/clb-easter.ufo\/glyphs\/U_.glif","\/clb-easter.ufo\/glyphs\/V_.glif":"\/clb-easter.ufo\/glyphs\/V_.glif","\/clb-easter.ufo\/glyphs\/W_.glif":"\/clb-easter.ufo\/glyphs\/W_.glif","\/clb-easter.ufo\/glyphs\/X_.glif":"\/clb-easter.ufo\/glyphs\/X_.glif","\/clb-easter.ufo\/glyphs\/Y_.glif":"\/clb-easter.ufo\/glyphs\/Y_.glif","\/clb-easter.ufo\/glyphs\/Z_.glif":"\/clb-easter.ufo\/glyphs\/Z_.glif","\/clb-easter.ufo\/glyphs\/_notdef.glif":"\/clb-easter.ufo\/glyphs\/_notdef.glif","\/clb-easter.ufo\/glyphs\/_null.glif":"\/clb-easter.ufo\/glyphs\/_null.glif","\/clb-easter.ufo\/glyphs\/a.glif":"\/clb-easter.ufo\/glyphs\/a.glif","\/clb-easter.ufo\/glyphs\/ampersand.glif":"\/clb-easter.ufo\/glyphs\/ampersand.glif","\/clb-easter.ufo\/glyphs\/asciicircum.glif":"\/clb-easter.ufo\/glyphs\/asciicircum.glif","\/clb-easter.ufo\/glyphs\/asciitilde.glif":"\/clb-easter.ufo\/glyphs\/asciitilde.glif","\/clb-easter.ufo\/glyphs\/asterisk.glif":"\/clb-easter.ufo\/glyphs\/asterisk.glif","\/clb-easter.ufo\/glyphs\/at.glif":"\/clb-easter.ufo\/glyphs\/at.glif","\/clb-easter.ufo\/glyphs\/b.glif":"\/clb-easter.ufo\/glyphs\/b.glif","\/clb-easter.ufo\/glyphs\/backslash.glif":"\/clb-easter.ufo\/glyphs\/backslash.glif","\/clb-easter.ufo\/glyphs\/bar.glif":"\/clb-easter.ufo\/glyphs\/bar.glif","\/clb-easter.ufo\/glyphs\/braceleft.glif":"\/clb-easter.ufo\/glyphs\/braceleft.glif","\/clb-easter.ufo\/glyphs\/braceright.glif":"\/clb-easter.ufo\/glyphs\/braceright.glif","\/clb-easter.ufo\/glyphs\/bracketleft.glif":"\/clb-easter.ufo\/glyphs\/bracketleft.glif","\/clb-easter.ufo\/glyphs\/bracketright.glif":"\/clb-easter.ufo\/glyphs\/bracketright.glif","\/clb-easter.ufo\/glyphs\/c.glif":"\/clb-easter.ufo\/glyphs\/c.glif","\/clb-easter.ufo\/glyphs\/colon.glif":"\/clb-easter.ufo\/glyphs\/colon.glif","\/clb-easter.ufo\/glyphs\/comma.glif":"\/clb-easter.ufo\/glyphs\/comma.glif","\/clb-easter.ufo\/glyphs\/contents.plist":"\/clb-easter.ufo\/glyphs\/contents.plist","\/clb-easter.ufo\/glyphs\/d.glif":"\/clb-easter.ufo\/glyphs\/d.glif","\/clb-easter.ufo\/glyphs\/dagger.glif":"\/clb-easter.ufo\/glyphs\/dagger.glif","\/clb-easter.ufo\/glyphs\/daggerdbl.glif":"\/clb-easter.ufo\/glyphs\/daggerdbl.glif","\/clb-easter.ufo\/glyphs\/dollar.glif":"\/clb-easter.ufo\/glyphs\/dollar.glif","\/clb-easter.ufo\/glyphs\/e.glif":"\/clb-easter.ufo\/glyphs\/e.glif","\/clb-easter.ufo\/glyphs\/eight.glif":"\/clb-easter.ufo\/glyphs\/eight.glif","\/clb-easter.ufo\/glyphs\/ellipsis.glif":"\/clb-easter.ufo\/glyphs\/ellipsis.glif","\/clb-easter.ufo\/glyphs\/equal.glif":"\/clb-easter.ufo\/glyphs\/equal.glif","\/clb-easter.ufo\/glyphs\/exclam.glif":"\/clb-easter.ufo\/glyphs\/exclam.glif","\/clb-easter.ufo\/glyphs\/f.glif":"\/clb-easter.ufo\/glyphs\/f.glif","\/clb-easter.ufo\/glyphs\/five.glif":"\/clb-easter.ufo\/glyphs\/five.glif","\/clb-easter.ufo\/glyphs\/florin.glif":"\/clb-easter.ufo\/glyphs\/florin.glif","\/clb-easter.ufo\/glyphs\/four.glif":"\/clb-easter.ufo\/glyphs\/four.glif","\/clb-easter.ufo\/glyphs\/g.glif":"\/clb-easter.ufo\/glyphs\/g.glif","\/clb-easter.ufo\/glyphs\/grave.glif":"\/clb-easter.ufo\/glyphs\/grave.glif","\/clb-easter.ufo\/glyphs\/greater.glif":"\/clb-easter.ufo\/glyphs\/greater.glif","\/clb-easter.ufo\/glyphs\/h.glif":"\/clb-easter.ufo\/glyphs\/h.glif","\/clb-easter.ufo\/glyphs\/hyphen.glif":"\/clb-easter.ufo\/glyphs\/hyphen.glif","\/clb-easter.ufo\/glyphs\/i.glif":"\/clb-easter.ufo\/glyphs\/i.glif","\/clb-easter.ufo\/glyphs\/j.glif":"\/clb-easter.ufo\/glyphs\/j.glif","\/clb-easter.ufo\/glyphs\/k.glif":"\/clb-easter.ufo\/glyphs\/k.glif","\/clb-easter.ufo\/glyphs\/l.glif":"\/clb-easter.ufo\/glyphs\/l.glif","\/clb-easter.ufo\/glyphs\/less.glif":"\/clb-easter.ufo\/glyphs\/less.glif","\/clb-easter.ufo\/glyphs\/m.glif":"\/clb-easter.ufo\/glyphs\/m.glif","\/clb-easter.ufo\/glyphs\/n.glif":"\/clb-easter.ufo\/glyphs\/n.glif","\/clb-easter.ufo\/glyphs\/nine.glif":"\/clb-easter.ufo\/glyphs\/nine.glif","\/clb-easter.ufo\/glyphs\/nonmarkingreturn.glif":"\/clb-easter.ufo\/glyphs\/nonmarkingreturn.glif","\/clb-easter.ufo\/glyphs\/numbersign.glif":"\/clb-easter.ufo\/glyphs\/numbersign.glif","\/clb-easter.ufo\/glyphs\/o.glif":"\/clb-easter.ufo\/glyphs\/o.glif","\/clb-easter.ufo\/glyphs\/one.glif":"\/clb-easter.ufo\/glyphs\/one.glif","\/clb-easter.ufo\/glyphs\/p.glif":"\/clb-easter.ufo\/glyphs\/p.glif","\/clb-easter.ufo\/glyphs\/parenleft.glif":"\/clb-easter.ufo\/glyphs\/parenleft.glif","\/clb-easter.ufo\/glyphs\/parenright.glif":"\/clb-easter.ufo\/glyphs\/parenright.glif","\/clb-easter.ufo\/glyphs\/percent.glif":"\/clb-easter.ufo\/glyphs\/percent.glif","\/clb-easter.ufo\/glyphs\/period.glif":"\/clb-easter.ufo\/glyphs\/period.glif","\/clb-easter.ufo\/glyphs\/plus.glif":"\/clb-easter.ufo\/glyphs\/plus.glif","\/clb-easter.ufo\/glyphs\/q.glif":"\/clb-easter.ufo\/glyphs\/q.glif","\/clb-easter.ufo\/glyphs\/question.glif":"\/clb-easter.ufo\/glyphs\/question.glif","\/clb-easter.ufo\/glyphs\/quotedbl.glif":"\/clb-easter.ufo\/glyphs\/quotedbl.glif","\/clb-easter.ufo\/glyphs\/quotedblbase.glif":"\/clb-easter.ufo\/glyphs\/quotedblbase.glif","\/clb-easter.ufo\/glyphs\/quotedblleft.glif":"\/clb-easter.ufo\/glyphs\/quotedblleft.glif","\/clb-easter.ufo\/glyphs\/quotedblright.glif":"\/clb-easter.ufo\/glyphs\/quotedblright.glif","\/clb-easter.ufo\/glyphs\/quoteleft.glif":"\/clb-easter.ufo\/glyphs\/quoteleft.glif","\/clb-easter.ufo\/glyphs\/quoteright.glif":"\/clb-easter.ufo\/glyphs\/quoteright.glif","\/clb-easter.ufo\/glyphs\/quotesinglbase.glif":"\/clb-easter.ufo\/glyphs\/quotesinglbase.glif","\/clb-easter.ufo\/glyphs\/quotesingle.glif":"\/clb-easter.ufo\/glyphs\/quotesingle.glif","\/clb-easter.ufo\/glyphs\/r.glif":"\/clb-easter.ufo\/glyphs\/r.glif","\/clb-easter.ufo\/glyphs\/s.glif":"\/clb-easter.ufo\/glyphs\/s.glif","\/clb-easter.ufo\/glyphs\/semicolon.glif":"\/clb-easter.ufo\/glyphs\/semicolon.glif","\/clb-easter.ufo\/glyphs\/seven.glif":"\/clb-easter.ufo\/glyphs\/seven.glif","\/clb-easter.ufo\/glyphs\/six.glif":"\/clb-easter.ufo\/glyphs\/six.glif","\/clb-easter.ufo\/glyphs\/slash.glif":"\/clb-easter.ufo\/glyphs\/slash.glif","\/clb-easter.ufo\/glyphs\/space.glif":"\/clb-easter.ufo\/glyphs\/space.glif","\/clb-easter.ufo\/glyphs\/t.glif":"\/clb-easter.ufo\/glyphs\/t.glif","\/clb-easter.ufo\/glyphs\/three.glif":"\/clb-easter.ufo\/glyphs\/three.glif","\/clb-easter.ufo\/glyphs\/two.glif":"\/clb-easter.ufo\/glyphs\/two.glif","\/clb-easter.ufo\/glyphs\/u.glif":"\/clb-easter.ufo\/glyphs\/u.glif","\/clb-easter.ufo\/glyphs\/underscore.glif":"\/clb-easter.ufo\/glyphs\/underscore.glif","\/clb-easter.ufo\/glyphs\/v.glif":"\/clb-easter.ufo\/glyphs\/v.glif","\/clb-easter.ufo\/glyphs\/w.glif":"\/clb-easter.ufo\/glyphs\/w.glif","\/clb-easter.ufo\/glyphs\/x.glif":"\/clb-easter.ufo\/glyphs\/x.glif","\/clb-easter.ufo\/glyphs\/y.glif":"\/clb-easter.ufo\/glyphs\/y.glif","\/clb-easter.ufo\/glyphs\/z.glif":"\/clb-easter.ufo\/glyphs\/z.glif","\/clb-easter.ufo\/glyphs\/zero.glif":"\/clb-easter.ufo\/glyphs\/zero.glif"},"Font":{"uploaded":1472372863.1043,"licence":"gpl3","company":"Chronolabs Cooperative","title":"Clb Easter","date":"Sun Aug 28 08:14:27 2016","creator":"root","type":"1","matrix":"0.001 0 0 0.001 0 0","named":"Clb:Easter","painttype":"0","info":"10 dict dup","name":"Clb:Easter","family":"Clb:Easter","weight":"Book","fstype":"4","italicangle":"0","underlineposition":"","underlinethickness":"","version":1.001},"Licences":{"":false},"Table":{"FFTM":{"entryLength":16,"tag":"FFTM","checksum":1947018582,"offset":45168,"length":28},"GDEF":{"entryLength":16,"tag":"GDEF","checksum":10027012,"offset":45136,"length":32},"OS\/2":{"entryLength":16,"tag":"OS\/2","checksum":1447231713,"offset":344,"length":86},"cmap":{"entryLength":16,"tag":"cmap","checksum":4272200470,"offset":864,"length":390},"gasp":{"entryLength":16,"tag":"gasp","checksum":4294901763,"offset":45128,"length":8},"glyf":{"entryLength":16,"tag":"glyf","checksum":2865913653,"offset":1476,"length":42840},"head":{"entryLength":16,"tag":"head","checksum":287715148,"offset":220,"length":54},"hhea":{"entryLength":16,"tag":"hhea","checksum":258144908,"offset":276,"length":36},"hmtx":{"entryLength":16,"tag":"hmtx","checksum":3586130227,"offset":432,"length":430},"loca":{"entryLength":16,"tag":"loca","checksum":2503174352,"offset":1256,"length":218},"maxp":{"entryLength":16,"tag":"maxp","checksum":12779941,"offset":312,"length":32},"name":{"entryLength":16,"tag":"name","checksum":399617881,"offset":44316,"length":558},"post":{"entryLength":16,"tag":"post","checksum":217976023,"offset":44876,"length":250}},"UnicodeCharMap":{"0":1,"13":2,"32":3,"33":4,"34":5,"35":6,"36":7,"37":8,"38":9,"39":10,"40":11,"41":12,"42":13,"43":14,"44":15,"45":16,"46":17,"47":18,"48":19,"49":20,"50":21,"51":22,"52":23,"53":24,"54":25,"55":26,"56":27,"57":28,"58":29,"59":30,"60":31,"61":32,"62":33,"63":34,"64":35,"65":36,"66":37,"67":38,"68":39,"69":40,"70":41,"71":42,"72":43,"73":44,"74":45,"75":46,"76":47,"77":48,"78":49,"79":50,"80":51,"81":52,"82":53,"83":54,"84":55,"85":56,"86":57,"87":58,"88":59,"89":60,"90":61,"91":62,"92":63,"93":64,"94":65,"95":66,"96":67,"97":68,"98":69,"99":70,"100":71,"101":72,"102":73,"103":74,"104":75,"105":76,"106":77,"107":78,"108":79,"109":80,"110":81,"111":82,"112":83,"113":84,"114":85,"115":86,"116":87,"117":88,"118":89,"119":90,"120":91,"121":92,"122":93,"123":94,"124":95,"125":96,"126":97,"402":99,"8216":104,"8217":105,"8218":98,"8220":106,"8221":107,"8222":100,"8224":102,"8225":103,"8230":101},"Reserves":{"fontname":"Clb Easter"},"Names":{"Clb Easter":{"name":"Clb Easter","longitude":"0.00000001","latitude":"0.00000001","country":"","region":"","city":""}},"Nodes":{"cl":{"type":"typal","node":"cl","usage":1,"weight":1},"lb":{"type":"typal","node":"lb","usage":1,"weight":1},"ea":{"type":"typal","node":"ea","usage":1,"weight":1},"er":{"type":"typal","node":"er","usage":1,"weight":1},"eas":{"type":"typal","node":"eas","usage":1,"weight":1},"ter":{"type":"typal","node":"ter","usage":1,"weight":1},"east":{"type":"keys","node":"east","usage":1,"weight":1},"ster":{"type":"keys","node":"ster","usage":1,"weight":1},"easte":{"type":"keys","node":"easte","usage":1,"weight":1},"aster":{"type":"keys","node":"aster","usage":1,"weight":1},"clb":{"type":"fixes","node":"clb","usage":1,"weight":1},"easter":{"type":"fixes","node":"easter","usage":1,"weight":1}},"Contributors":[],"FontIdentity":"aphgovau:7ecbe29d6cd2e89b4ce5603","Bytes":null,"Networking":[],"barcode":"mai2ye8GeqOOW","referee":"qoaqeuka"}