{"CSS":{"OssianEF-Regular":"OssianEF-Regular.css","Ossian EF Regular":"wagovau:d1470fb81d91f2c67292a8af.css"},"FontType":"TrueType","FontCopyright":"Copyright \\(c\\) 1996 Elsner+Flake. All Rights Reserved. Design Norbert Reiners 1995.","FontName":"OssianEF","FontSubfamily":"Regular","FontSubfamilyID":"FontForge 2.0 : OssianEF-Regular : 12-8-2016","FontFullName":"Ossian EF Regular","FontVersion":"Version 001.000 ","FontWeight":null,"FontPostscriptName":"OssianEF-Regular","Files":{"\/OssianEF-Regular.css":"\/OssianEF-Regular.css","\/font-resource.json":"\/font-resource.json","\/ossianef-regular.afm":"\/ossianef-regular.afm","\/ossianef-regular.cef":"\/ossianef-regular.cef","\/ossianef-regular.cff":"\/ossianef-regular.cff","\/ossianef-regular.eot":"\/ossianef-regular.eot","\/ossianef-regular.gai":"\/ossianef-regular.gai","\/ossianef-regular.gsf":"\/ossianef-regular.gsf","\/ossianef-regular.otf":"\/ossianef-regular.otf","\/ossianef-regular.pf3":"\/ossianef-regular.pf3","\/ossianef-regular.pfa":"\/ossianef-regular.pfa","\/ossianef-regular.pfb":"\/ossianef-regular.pfb","\/ossianef-regular.php":"\/ossianef-regular.php","\/ossianef-regular.pt3":"\/ossianef-regular.pt3","\/ossianef-regular.sfd":"\/ossianef-regular.sfd","\/ossianef-regular.svg":"\/ossianef-regular.svg","\/ossianef-regular.t42":"\/ossianef-regular.t42","\/ossianef-regular.ttd":"\/ossianef-regular.ttd","\/ossianef-regular.ttf":"\/ossianef-regular.ttf","\/ossianef-regular.ttg":"\/ossianef-regular.ttg","\/ossianef-regular.ufm":"\/ossianef-regular.ufm","\/ossianef-regular.woff":"\/ossianef-regular.woff","\/ossianef-regular.z":"\/ossianef-regular.z","\/ossianef-regular.ufo\/feature.fea":"\/ossianef-regular.ufo\/feature.fea","\/ossianef-regular.ufo\/fontinfo.plist":"\/ossianef-regular.ufo\/fontinfo.plist","\/ossianef-regular.ufo\/groups.plist":"\/ossianef-regular.ufo\/groups.plist","\/ossianef-regular.ufo\/kerning.plist":"\/ossianef-regular.ufo\/kerning.plist","\/ossianef-regular.ufo\/metainfo.plist":"\/ossianef-regular.ufo\/metainfo.plist","\/ossianef-regular.ufo\/glyphs\/A_.glif":"\/ossianef-regular.ufo\/glyphs\/A_.glif","\/ossianef-regular.ufo\/glyphs\/A_E_.glif":"\/ossianef-regular.ufo\/glyphs\/A_E_.glif","\/ossianef-regular.ufo\/glyphs\/A_acute.glif":"\/ossianef-regular.ufo\/glyphs\/A_acute.glif","\/ossianef-regular.ufo\/glyphs\/A_circumflex.glif":"\/ossianef-regular.ufo\/glyphs\/A_circumflex.glif","\/ossianef-regular.ufo\/glyphs\/A_dieresis.glif":"\/ossianef-regular.ufo\/glyphs\/A_dieresis.glif","\/ossianef-regular.ufo\/glyphs\/A_grave.glif":"\/ossianef-regular.ufo\/glyphs\/A_grave.glif","\/ossianef-regular.ufo\/glyphs\/A_ring.glif":"\/ossianef-regular.ufo\/glyphs\/A_ring.glif","\/ossianef-regular.ufo\/glyphs\/A_tilde.glif":"\/ossianef-regular.ufo\/glyphs\/A_tilde.glif","\/ossianef-regular.ufo\/glyphs\/B_.glif":"\/ossianef-regular.ufo\/glyphs\/B_.glif","\/ossianef-regular.ufo\/glyphs\/C_.glif":"\/ossianef-regular.ufo\/glyphs\/C_.glif","\/ossianef-regular.ufo\/glyphs\/C_cedilla.glif":"\/ossianef-regular.ufo\/glyphs\/C_cedilla.glif","\/ossianef-regular.ufo\/glyphs\/D_.glif":"\/ossianef-regular.ufo\/glyphs\/D_.glif","\/ossianef-regular.ufo\/glyphs\/D_elta.glif":"\/ossianef-regular.ufo\/glyphs\/D_elta.glif","\/ossianef-regular.ufo\/glyphs\/E_.glif":"\/ossianef-regular.ufo\/glyphs\/E_.glif","\/ossianef-regular.ufo\/glyphs\/E_acute.glif":"\/ossianef-regular.ufo\/glyphs\/E_acute.glif","\/ossianef-regular.ufo\/glyphs\/E_circumflex.glif":"\/ossianef-regular.ufo\/glyphs\/E_circumflex.glif","\/ossianef-regular.ufo\/glyphs\/E_dieresis.glif":"\/ossianef-regular.ufo\/glyphs\/E_dieresis.glif","\/ossianef-regular.ufo\/glyphs\/E_grave.glif":"\/ossianef-regular.ufo\/glyphs\/E_grave.glif","\/ossianef-regular.ufo\/glyphs\/E_th.glif":"\/ossianef-regular.ufo\/glyphs\/E_th.glif","\/ossianef-regular.ufo\/glyphs\/F_.glif":"\/ossianef-regular.ufo\/glyphs\/F_.glif","\/ossianef-regular.ufo\/glyphs\/G_.glif":"\/ossianef-regular.ufo\/glyphs\/G_.glif","\/ossianef-regular.ufo\/glyphs\/H_.glif":"\/ossianef-regular.ufo\/glyphs\/H_.glif","\/ossianef-regular.ufo\/glyphs\/I_.glif":"\/ossianef-regular.ufo\/glyphs\/I_.glif","\/ossianef-regular.ufo\/glyphs\/I_acute.glif":"\/ossianef-regular.ufo\/glyphs\/I_acute.glif","\/ossianef-regular.ufo\/glyphs\/I_circumflex.glif":"\/ossianef-regular.ufo\/glyphs\/I_circumflex.glif","\/ossianef-regular.ufo\/glyphs\/I_dieresis.glif":"\/ossianef-regular.ufo\/glyphs\/I_dieresis.glif","\/ossianef-regular.ufo\/glyphs\/I_grave.glif":"\/ossianef-regular.ufo\/glyphs\/I_grave.glif","\/ossianef-regular.ufo\/glyphs\/J_.glif":"\/ossianef-regular.ufo\/glyphs\/J_.glif","\/ossianef-regular.ufo\/glyphs\/K_.glif":"\/ossianef-regular.ufo\/glyphs\/K_.glif","\/ossianef-regular.ufo\/glyphs\/L_.glif":"\/ossianef-regular.ufo\/glyphs\/L_.glif","\/ossianef-regular.ufo\/glyphs\/L_slash.glif":"\/ossianef-regular.ufo\/glyphs\/L_slash.glif","\/ossianef-regular.ufo\/glyphs\/M_.glif":"\/ossianef-regular.ufo\/glyphs\/M_.glif","\/ossianef-regular.ufo\/glyphs\/N_.glif":"\/ossianef-regular.ufo\/glyphs\/N_.glif","\/ossianef-regular.ufo\/glyphs\/N_tilde.glif":"\/ossianef-regular.ufo\/glyphs\/N_tilde.glif","\/ossianef-regular.ufo\/glyphs\/O_.glif":"\/ossianef-regular.ufo\/glyphs\/O_.glif","\/ossianef-regular.ufo\/glyphs\/O_E_.glif":"\/ossianef-regular.ufo\/glyphs\/O_E_.glif","\/ossianef-regular.ufo\/glyphs\/O_acute.glif":"\/ossianef-regular.ufo\/glyphs\/O_acute.glif","\/ossianef-regular.ufo\/glyphs\/O_circumflex.glif":"\/ossianef-regular.ufo\/glyphs\/O_circumflex.glif","\/ossianef-regular.ufo\/glyphs\/O_dieresis.glif":"\/ossianef-regular.ufo\/glyphs\/O_dieresis.glif","\/ossianef-regular.ufo\/glyphs\/O_grave.glif":"\/ossianef-regular.ufo\/glyphs\/O_grave.glif","\/ossianef-regular.ufo\/glyphs\/O_mega.glif":"\/ossianef-regular.ufo\/glyphs\/O_mega.glif","\/ossianef-regular.ufo\/glyphs\/O_slash.glif":"\/ossianef-regular.ufo\/glyphs\/O_slash.glif","\/ossianef-regular.ufo\/glyphs\/O_tilde.glif":"\/ossianef-regular.ufo\/glyphs\/O_tilde.glif","\/ossianef-regular.ufo\/glyphs\/P_.glif":"\/ossianef-regular.ufo\/glyphs\/P_.glif","\/ossianef-regular.ufo\/glyphs\/Q_.glif":"\/ossianef-regular.ufo\/glyphs\/Q_.glif","\/ossianef-regular.ufo\/glyphs\/R_.glif":"\/ossianef-regular.ufo\/glyphs\/R_.glif","\/ossianef-regular.ufo\/glyphs\/S_.glif":"\/ossianef-regular.ufo\/glyphs\/S_.glif","\/ossianef-regular.ufo\/glyphs\/S_caron.glif":"\/ossianef-regular.ufo\/glyphs\/S_caron.glif","\/ossianef-regular.ufo\/glyphs\/T_.glif":"\/ossianef-regular.ufo\/glyphs\/T_.glif","\/ossianef-regular.ufo\/glyphs\/T_horn.glif":"\/ossianef-regular.ufo\/glyphs\/T_horn.glif","\/ossianef-regular.ufo\/glyphs\/U_.glif":"\/ossianef-regular.ufo\/glyphs\/U_.glif","\/ossianef-regular.ufo\/glyphs\/U_acute.glif":"\/ossianef-regular.ufo\/glyphs\/U_acute.glif","\/ossianef-regular.ufo\/glyphs\/U_circumflex.glif":"\/ossianef-regular.ufo\/glyphs\/U_circumflex.glif","\/ossianef-regular.ufo\/glyphs\/U_dieresis.glif":"\/ossianef-regular.ufo\/glyphs\/U_dieresis.glif","\/ossianef-regular.ufo\/glyphs\/U_grave.glif":"\/ossianef-regular.ufo\/glyphs\/U_grave.glif","\/ossianef-regular.ufo\/glyphs\/V_.glif":"\/ossianef-regular.ufo\/glyphs\/V_.glif","\/ossianef-regular.ufo\/glyphs\/W_.glif":"\/ossianef-regular.ufo\/glyphs\/W_.glif","\/ossianef-regular.ufo\/glyphs\/X_.glif":"\/ossianef-regular.ufo\/glyphs\/X_.glif","\/ossianef-regular.ufo\/glyphs\/Y_.glif":"\/ossianef-regular.ufo\/glyphs\/Y_.glif","\/ossianef-regular.ufo\/glyphs\/Y_acute.glif":"\/ossianef-regular.ufo\/glyphs\/Y_acute.glif","\/ossianef-regular.ufo\/glyphs\/Y_dieresis.glif":"\/ossianef-regular.ufo\/glyphs\/Y_dieresis.glif","\/ossianef-regular.ufo\/glyphs\/Z_.glif":"\/ossianef-regular.ufo\/glyphs\/Z_.glif","\/ossianef-regular.ufo\/glyphs\/Z_caron.glif":"\/ossianef-regular.ufo\/glyphs\/Z_caron.glif","\/ossianef-regular.ufo\/glyphs\/a.glif":"\/ossianef-regular.ufo\/glyphs\/a.glif","\/ossianef-regular.ufo\/glyphs\/aacute.glif":"\/ossianef-regular.ufo\/glyphs\/aacute.glif","\/ossianef-regular.ufo\/glyphs\/acircumflex.glif":"\/ossianef-regular.ufo\/glyphs\/acircumflex.glif","\/ossianef-regular.ufo\/glyphs\/acute.glif":"\/ossianef-regular.ufo\/glyphs\/acute.glif","\/ossianef-regular.ufo\/glyphs\/adieresis.glif":"\/ossianef-regular.ufo\/glyphs\/adieresis.glif","\/ossianef-regular.ufo\/glyphs\/ae.glif":"\/ossianef-regular.ufo\/glyphs\/ae.glif","\/ossianef-regular.ufo\/glyphs\/agrave.glif":"\/ossianef-regular.ufo\/glyphs\/agrave.glif","\/ossianef-regular.ufo\/glyphs\/ampersand.glif":"\/ossianef-regular.ufo\/glyphs\/ampersand.glif","\/ossianef-regular.ufo\/glyphs\/apple.glif":"\/ossianef-regular.ufo\/glyphs\/apple.glif","\/ossianef-regular.ufo\/glyphs\/approxequal.glif":"\/ossianef-regular.ufo\/glyphs\/approxequal.glif","\/ossianef-regular.ufo\/glyphs\/aring.glif":"\/ossianef-regular.ufo\/glyphs\/aring.glif","\/ossianef-regular.ufo\/glyphs\/asciicircum.glif":"\/ossianef-regular.ufo\/glyphs\/asciicircum.glif","\/ossianef-regular.ufo\/glyphs\/asciitilde.glif":"\/ossianef-regular.ufo\/glyphs\/asciitilde.glif","\/ossianef-regular.ufo\/glyphs\/asterisk.glif":"\/ossianef-regular.ufo\/glyphs\/asterisk.glif","\/ossianef-regular.ufo\/glyphs\/at.glif":"\/ossianef-regular.ufo\/glyphs\/at.glif","\/ossianef-regular.ufo\/glyphs\/atilde.glif":"\/ossianef-regular.ufo\/glyphs\/atilde.glif","\/ossianef-regular.ufo\/glyphs\/b.glif":"\/ossianef-regular.ufo\/glyphs\/b.glif","\/ossianef-regular.ufo\/glyphs\/backslash.glif":"\/ossianef-regular.ufo\/glyphs\/backslash.glif","\/ossianef-regular.ufo\/glyphs\/bar.glif":"\/ossianef-regular.ufo\/glyphs\/bar.glif","\/ossianef-regular.ufo\/glyphs\/braceleft.glif":"\/ossianef-regular.ufo\/glyphs\/braceleft.glif","\/ossianef-regular.ufo\/glyphs\/braceright.glif":"\/ossianef-regular.ufo\/glyphs\/braceright.glif","\/ossianef-regular.ufo\/glyphs\/bracketleft.glif":"\/ossianef-regular.ufo\/glyphs\/bracketleft.glif","\/ossianef-regular.ufo\/glyphs\/bracketright.glif":"\/ossianef-regular.ufo\/glyphs\/bracketright.glif","\/ossianef-regular.ufo\/glyphs\/breve.glif":"\/ossianef-regular.ufo\/glyphs\/breve.glif","\/ossianef-regular.ufo\/glyphs\/bullet.glif":"\/ossianef-regular.ufo\/glyphs\/bullet.glif","\/ossianef-regular.ufo\/glyphs\/c.glif":"\/ossianef-regular.ufo\/glyphs\/c.glif","\/ossianef-regular.ufo\/glyphs\/caron.glif":"\/ossianef-regular.ufo\/glyphs\/caron.glif","\/ossianef-regular.ufo\/glyphs\/ccedilla.glif":"\/ossianef-regular.ufo\/glyphs\/ccedilla.glif","\/ossianef-regular.ufo\/glyphs\/cedilla.glif":"\/ossianef-regular.ufo\/glyphs\/cedilla.glif","\/ossianef-regular.ufo\/glyphs\/cent.glif":"\/ossianef-regular.ufo\/glyphs\/cent.glif","\/ossianef-regular.ufo\/glyphs\/circumflex.glif":"\/ossianef-regular.ufo\/glyphs\/circumflex.glif","\/ossianef-regular.ufo\/glyphs\/colon.glif":"\/ossianef-regular.ufo\/glyphs\/colon.glif","\/ossianef-regular.ufo\/glyphs\/comma.glif":"\/ossianef-regular.ufo\/glyphs\/comma.glif","\/ossianef-regular.ufo\/glyphs\/contents.plist":"\/ossianef-regular.ufo\/glyphs\/contents.plist","\/ossianef-regular.ufo\/glyphs\/copyright.glif":"\/ossianef-regular.ufo\/glyphs\/copyright.glif","\/ossianef-regular.ufo\/glyphs\/currency.glif":"\/ossianef-regular.ufo\/glyphs\/currency.glif","\/ossianef-regular.ufo\/glyphs\/d.glif":"\/ossianef-regular.ufo\/glyphs\/d.glif","\/ossianef-regular.ufo\/glyphs\/dagger.glif":"\/ossianef-regular.ufo\/glyphs\/dagger.glif","\/ossianef-regular.ufo\/glyphs\/daggerdbl.glif":"\/ossianef-regular.ufo\/glyphs\/daggerdbl.glif","\/ossianef-regular.ufo\/glyphs\/degree.glif":"\/ossianef-regular.ufo\/glyphs\/degree.glif","\/ossianef-regular.ufo\/glyphs\/dieresis.glif":"\/ossianef-regular.ufo\/glyphs\/dieresis.glif","\/ossianef-regular.ufo\/glyphs\/divide.glif":"\/ossianef-regular.ufo\/glyphs\/divide.glif","\/ossianef-regular.ufo\/glyphs\/dollar.glif":"\/ossianef-regular.ufo\/glyphs\/dollar.glif","\/ossianef-regular.ufo\/glyphs\/dotaccent.glif":"\/ossianef-regular.ufo\/glyphs\/dotaccent.glif","\/ossianef-regular.ufo\/glyphs\/dotlessi.glif":"\/ossianef-regular.ufo\/glyphs\/dotlessi.glif","\/ossianef-regular.ufo\/glyphs\/e.glif":"\/ossianef-regular.ufo\/glyphs\/e.glif","\/ossianef-regular.ufo\/glyphs\/eacute.glif":"\/ossianef-regular.ufo\/glyphs\/eacute.glif","\/ossianef-regular.ufo\/glyphs\/ecircumflex.glif":"\/ossianef-regular.ufo\/glyphs\/ecircumflex.glif","\/ossianef-regular.ufo\/glyphs\/edieresis.glif":"\/ossianef-regular.ufo\/glyphs\/edieresis.glif","\/ossianef-regular.ufo\/glyphs\/egrave.glif":"\/ossianef-regular.ufo\/glyphs\/egrave.glif","\/ossianef-regular.ufo\/glyphs\/eight.glif":"\/ossianef-regular.ufo\/glyphs\/eight.glif","\/ossianef-regular.ufo\/glyphs\/ellipsis.glif":"\/ossianef-regular.ufo\/glyphs\/ellipsis.glif","\/ossianef-regular.ufo\/glyphs\/emdash.glif":"\/ossianef-regular.ufo\/glyphs\/emdash.glif","\/ossianef-regular.ufo\/glyphs\/endash.glif":"\/ossianef-regular.ufo\/glyphs\/endash.glif","\/ossianef-regular.ufo\/glyphs\/equal.glif":"\/ossianef-regular.ufo\/glyphs\/equal.glif","\/ossianef-regular.ufo\/glyphs\/eth.glif":"\/ossianef-regular.ufo\/glyphs\/eth.glif","\/ossianef-regular.ufo\/glyphs\/exclam.glif":"\/ossianef-regular.ufo\/glyphs\/exclam.glif","\/ossianef-regular.ufo\/glyphs\/exclamdown.glif":"\/ossianef-regular.ufo\/glyphs\/exclamdown.glif","\/ossianef-regular.ufo\/glyphs\/f.glif":"\/ossianef-regular.ufo\/glyphs\/f.glif","\/ossianef-regular.ufo\/glyphs\/fi.glif":"\/ossianef-regular.ufo\/glyphs\/fi.glif","\/ossianef-regular.ufo\/glyphs\/five.glif":"\/ossianef-regular.ufo\/glyphs\/five.glif","\/ossianef-regular.ufo\/glyphs\/fl.glif":"\/ossianef-regular.ufo\/glyphs\/fl.glif","\/ossianef-regular.ufo\/glyphs\/florin.glif":"\/ossianef-regular.ufo\/glyphs\/florin.glif","\/ossianef-regular.ufo\/glyphs\/four.glif":"\/ossianef-regular.ufo\/glyphs\/four.glif","\/ossianef-regular.ufo\/glyphs\/fraction.glif":"\/ossianef-regular.ufo\/glyphs\/fraction.glif","\/ossianef-regular.ufo\/glyphs\/g.glif":"\/ossianef-regular.ufo\/glyphs\/g.glif","\/ossianef-regular.ufo\/glyphs\/germandbls.glif":"\/ossianef-regular.ufo\/glyphs\/germandbls.glif","\/ossianef-regular.ufo\/glyphs\/grave.glif":"\/ossianef-regular.ufo\/glyphs\/grave.glif","\/ossianef-regular.ufo\/glyphs\/greater.glif":"\/ossianef-regular.ufo\/glyphs\/greater.glif","\/ossianef-regular.ufo\/glyphs\/greaterequal.glif":"\/ossianef-regular.ufo\/glyphs\/greaterequal.glif","\/ossianef-regular.ufo\/glyphs\/guillemotleft.glif":"\/ossianef-regular.ufo\/glyphs\/guillemotleft.glif","\/ossianef-regular.ufo\/glyphs\/guillemotright.glif":"\/ossianef-regular.ufo\/glyphs\/guillemotright.glif","\/ossianef-regular.ufo\/glyphs\/guilsinglleft.glif":"\/ossianef-regular.ufo\/glyphs\/guilsinglleft.glif","\/ossianef-regular.ufo\/glyphs\/guilsinglright.glif":"\/ossianef-regular.ufo\/glyphs\/guilsinglright.glif","\/ossianef-regular.ufo\/glyphs\/h.glif":"\/ossianef-regular.ufo\/glyphs\/h.glif","\/ossianef-regular.ufo\/glyphs\/hungarumlaut.glif":"\/ossianef-regular.ufo\/glyphs\/hungarumlaut.glif","\/ossianef-regular.ufo\/glyphs\/hyphen.glif":"\/ossianef-regular.ufo\/glyphs\/hyphen.glif","\/ossianef-regular.ufo\/glyphs\/i.glif":"\/ossianef-regular.ufo\/glyphs\/i.glif","\/ossianef-regular.ufo\/glyphs\/iacute.glif":"\/ossianef-regular.ufo\/glyphs\/iacute.glif","\/ossianef-regular.ufo\/glyphs\/icircumflex.glif":"\/ossianef-regular.ufo\/glyphs\/icircumflex.glif","\/ossianef-regular.ufo\/glyphs\/idieresis.glif":"\/ossianef-regular.ufo\/glyphs\/idieresis.glif","\/ossianef-regular.ufo\/glyphs\/igrave.glif":"\/ossianef-regular.ufo\/glyphs\/igrave.glif","\/ossianef-regular.ufo\/glyphs\/infinity.glif":"\/ossianef-regular.ufo\/glyphs\/infinity.glif","\/ossianef-regular.ufo\/glyphs\/integral.glif":"\/ossianef-regular.ufo\/glyphs\/integral.glif","\/ossianef-regular.ufo\/glyphs\/j.glif":"\/ossianef-regular.ufo\/glyphs\/j.glif","\/ossianef-regular.ufo\/glyphs\/k.glif":"\/ossianef-regular.ufo\/glyphs\/k.glif","\/ossianef-regular.ufo\/glyphs\/l.glif":"\/ossianef-regular.ufo\/glyphs\/l.glif","\/ossianef-regular.ufo\/glyphs\/less.glif":"\/ossianef-regular.ufo\/glyphs\/less.glif","\/ossianef-regular.ufo\/glyphs\/lessequal.glif":"\/ossianef-regular.ufo\/glyphs\/lessequal.glif","\/ossianef-regular.ufo\/glyphs\/logicalnot.glif":"\/ossianef-regular.ufo\/glyphs\/logicalnot.glif","\/ossianef-regular.ufo\/glyphs\/lozenge.glif":"\/ossianef-regular.ufo\/glyphs\/lozenge.glif","\/ossianef-regular.ufo\/glyphs\/lslash.glif":"\/ossianef-regular.ufo\/glyphs\/lslash.glif","\/ossianef-regular.ufo\/glyphs\/m.glif":"\/ossianef-regular.ufo\/glyphs\/m.glif","\/ossianef-regular.ufo\/glyphs\/macron.glif":"\/ossianef-regular.ufo\/glyphs\/macron.glif","\/ossianef-regular.ufo\/glyphs\/mu.glif":"\/ossianef-regular.ufo\/glyphs\/mu.glif","\/ossianef-regular.ufo\/glyphs\/n.glif":"\/ossianef-regular.ufo\/glyphs\/n.glif","\/ossianef-regular.ufo\/glyphs\/nbspace.glif":"\/ossianef-regular.ufo\/glyphs\/nbspace.glif","\/ossianef-regular.ufo\/glyphs\/nine.glif":"\/ossianef-regular.ufo\/glyphs\/nine.glif","\/ossianef-regular.ufo\/glyphs\/notequal.glif":"\/ossianef-regular.ufo\/glyphs\/notequal.glif","\/ossianef-regular.ufo\/glyphs\/ntilde.glif":"\/ossianef-regular.ufo\/glyphs\/ntilde.glif","\/ossianef-regular.ufo\/glyphs\/numbersign.glif":"\/ossianef-regular.ufo\/glyphs\/numbersign.glif","\/ossianef-regular.ufo\/glyphs\/o.glif":"\/ossianef-regular.ufo\/glyphs\/o.glif","\/ossianef-regular.ufo\/glyphs\/oacute.glif":"\/ossianef-regular.ufo\/glyphs\/oacute.glif","\/ossianef-regular.ufo\/glyphs\/ocircumflex.glif":"\/ossianef-regular.ufo\/glyphs\/ocircumflex.glif","\/ossianef-regular.ufo\/glyphs\/odieresis.glif":"\/ossianef-regular.ufo\/glyphs\/odieresis.glif","\/ossianef-regular.ufo\/glyphs\/oe.glif":"\/ossianef-regular.ufo\/glyphs\/oe.glif","\/ossianef-regular.ufo\/glyphs\/ogonek.glif":"\/ossianef-regular.ufo\/glyphs\/ogonek.glif","\/ossianef-regular.ufo\/glyphs\/ograve.glif":"\/ossianef-regular.ufo\/glyphs\/ograve.glif","\/ossianef-regular.ufo\/glyphs\/one.glif":"\/ossianef-regular.ufo\/glyphs\/one.glif","\/ossianef-regular.ufo\/glyphs\/ordfeminine.glif":"\/ossianef-regular.ufo\/glyphs\/ordfeminine.glif","\/ossianef-regular.ufo\/glyphs\/ordmasculine.glif":"\/ossianef-regular.ufo\/glyphs\/ordmasculine.glif","\/ossianef-regular.ufo\/glyphs\/oslash.glif":"\/ossianef-regular.ufo\/glyphs\/oslash.glif","\/ossianef-regular.ufo\/glyphs\/otilde.glif":"\/ossianef-regular.ufo\/glyphs\/otilde.glif","\/ossianef-regular.ufo\/glyphs\/p.glif":"\/ossianef-regular.ufo\/glyphs\/p.glif","\/ossianef-regular.ufo\/glyphs\/paragraph.glif":"\/ossianef-regular.ufo\/glyphs\/paragraph.glif","\/ossianef-regular.ufo\/glyphs\/parenleft.glif":"\/ossianef-regular.ufo\/glyphs\/parenleft.glif","\/ossianef-regular.ufo\/glyphs\/parenright.glif":"\/ossianef-regular.ufo\/glyphs\/parenright.glif","\/ossianef-regular.ufo\/glyphs\/partialdiff.glif":"\/ossianef-regular.ufo\/glyphs\/partialdiff.glif","\/ossianef-regular.ufo\/glyphs\/percent.glif":"\/ossianef-regular.ufo\/glyphs\/percent.glif","\/ossianef-regular.ufo\/glyphs\/period.glif":"\/ossianef-regular.ufo\/glyphs\/period.glif","\/ossianef-regular.ufo\/glyphs\/periodcentered.glif":"\/ossianef-regular.ufo\/glyphs\/periodcentered.glif","\/ossianef-regular.ufo\/glyphs\/perthousand.glif":"\/ossianef-regular.ufo\/glyphs\/perthousand.glif","\/ossianef-regular.ufo\/glyphs\/pi.glif":"\/ossianef-regular.ufo\/glyphs\/pi.glif","\/ossianef-regular.ufo\/glyphs\/plus.glif":"\/ossianef-regular.ufo\/glyphs\/plus.glif","\/ossianef-regular.ufo\/glyphs\/plusminus.glif":"\/ossianef-regular.ufo\/glyphs\/plusminus.glif","\/ossianef-regular.ufo\/glyphs\/product.glif":"\/ossianef-regular.ufo\/glyphs\/product.glif","\/ossianef-regular.ufo\/glyphs\/q.glif":"\/ossianef-regular.ufo\/glyphs\/q.glif","\/ossianef-regular.ufo\/glyphs\/question.glif":"\/ossianef-regular.ufo\/glyphs\/question.glif","\/ossianef-regular.ufo\/glyphs\/questiondown.glif":"\/ossianef-regular.ufo\/glyphs\/questiondown.glif","\/ossianef-regular.ufo\/glyphs\/quotedbl.glif":"\/ossianef-regular.ufo\/glyphs\/quotedbl.glif","\/ossianef-regular.ufo\/glyphs\/quotedblbase.glif":"\/ossianef-regular.ufo\/glyphs\/quotedblbase.glif","\/ossianef-regular.ufo\/glyphs\/quotedblleft.glif":"\/ossianef-regular.ufo\/glyphs\/quotedblleft.glif","\/ossianef-regular.ufo\/glyphs\/quotedblright.glif":"\/ossianef-regular.ufo\/glyphs\/quotedblright.glif","\/ossianef-regular.ufo\/glyphs\/quoteleft.glif":"\/ossianef-regular.ufo\/glyphs\/quoteleft.glif","\/ossianef-regular.ufo\/glyphs\/quoteright.glif":"\/ossianef-regular.ufo\/glyphs\/quoteright.glif","\/ossianef-regular.ufo\/glyphs\/quotesinglbase.glif":"\/ossianef-regular.ufo\/glyphs\/quotesinglbase.glif","\/ossianef-regular.ufo\/glyphs\/quotesingle.glif":"\/ossianef-regular.ufo\/glyphs\/quotesingle.glif","\/ossianef-regular.ufo\/glyphs\/r.glif":"\/ossianef-regular.ufo\/glyphs\/r.glif","\/ossianef-regular.ufo\/glyphs\/radical.glif":"\/ossianef-regular.ufo\/glyphs\/radical.glif","\/ossianef-regular.ufo\/glyphs\/registered.glif":"\/ossianef-regular.ufo\/glyphs\/registered.glif","\/ossianef-regular.ufo\/glyphs\/ring.glif":"\/ossianef-regular.ufo\/glyphs\/ring.glif","\/ossianef-regular.ufo\/glyphs\/s.glif":"\/ossianef-regular.ufo\/glyphs\/s.glif","\/ossianef-regular.ufo\/glyphs\/scaron.glif":"\/ossianef-regular.ufo\/glyphs\/scaron.glif","\/ossianef-regular.ufo\/glyphs\/section.glif":"\/ossianef-regular.ufo\/glyphs\/section.glif","\/ossianef-regular.ufo\/glyphs\/semicolon.glif":"\/ossianef-regular.ufo\/glyphs\/semicolon.glif","\/ossianef-regular.ufo\/glyphs\/seven.glif":"\/ossianef-regular.ufo\/glyphs\/seven.glif","\/ossianef-regular.ufo\/glyphs\/six.glif":"\/ossianef-regular.ufo\/glyphs\/six.glif","\/ossianef-regular.ufo\/glyphs\/slash.glif":"\/ossianef-regular.ufo\/glyphs\/slash.glif","\/ossianef-regular.ufo\/glyphs\/space.glif":"\/ossianef-regular.ufo\/glyphs\/space.glif","\/ossianef-regular.ufo\/glyphs\/sterling.glif":"\/ossianef-regular.ufo\/glyphs\/sterling.glif","\/ossianef-regular.ufo\/glyphs\/summation.glif":"\/ossianef-regular.ufo\/glyphs\/summation.glif","\/ossianef-regular.ufo\/glyphs\/t.glif":"\/ossianef-regular.ufo\/glyphs\/t.glif","\/ossianef-regular.ufo\/glyphs\/thorn.glif":"\/ossianef-regular.ufo\/glyphs\/thorn.glif","\/ossianef-regular.ufo\/glyphs\/three.glif":"\/ossianef-regular.ufo\/glyphs\/three.glif","\/ossianef-regular.ufo\/glyphs\/tilde.glif":"\/ossianef-regular.ufo\/glyphs\/tilde.glif","\/ossianef-regular.ufo\/glyphs\/trademark.glif":"\/ossianef-regular.ufo\/glyphs\/trademark.glif","\/ossianef-regular.ufo\/glyphs\/two.glif":"\/ossianef-regular.ufo\/glyphs\/two.glif","\/ossianef-regular.ufo\/glyphs\/u.glif":"\/ossianef-regular.ufo\/glyphs\/u.glif","\/ossianef-regular.ufo\/glyphs\/uacute.glif":"\/ossianef-regular.ufo\/glyphs\/uacute.glif","\/ossianef-regular.ufo\/glyphs\/ucircumflex.glif":"\/ossianef-regular.ufo\/glyphs\/ucircumflex.glif","\/ossianef-regular.ufo\/glyphs\/udieresis.glif":"\/ossianef-regular.ufo\/glyphs\/udieresis.glif","\/ossianef-regular.ufo\/glyphs\/ugrave.glif":"\/ossianef-regular.ufo\/glyphs\/ugrave.glif","\/ossianef-regular.ufo\/glyphs\/underscore.glif":"\/ossianef-regular.ufo\/glyphs\/underscore.glif","\/ossianef-regular.ufo\/glyphs\/v.glif":"\/ossianef-regular.ufo\/glyphs\/v.glif","\/ossianef-regular.ufo\/glyphs\/w.glif":"\/ossianef-regular.ufo\/glyphs\/w.glif","\/ossianef-regular.ufo\/glyphs\/x.glif":"\/ossianef-regular.ufo\/glyphs\/x.glif","\/ossianef-regular.ufo\/glyphs\/y.glif":"\/ossianef-regular.ufo\/glyphs\/y.glif","\/ossianef-regular.ufo\/glyphs\/yacute.glif":"\/ossianef-regular.ufo\/glyphs\/yacute.glif","\/ossianef-regular.ufo\/glyphs\/ydieresis.glif":"\/ossianef-regular.ufo\/glyphs\/ydieresis.glif","\/ossianef-regular.ufo\/glyphs\/yen.glif":"\/ossianef-regular.ufo\/glyphs\/yen.glif","\/ossianef-regular.ufo\/glyphs\/z.glif":"\/ossianef-regular.ufo\/glyphs\/z.glif","\/ossianef-regular.ufo\/glyphs\/zcaron.glif":"\/ossianef-regular.ufo\/glyphs\/zcaron.glif","\/ossianef-regular.ufo\/glyphs\/zero.glif":"\/ossianef-regular.ufo\/glyphs\/zero.glif"},"Font":{"uploaded":1471165551.6767,"licence":"gpl3","company":"Chronolabs Cooperative","title":"Ossian EF Regular","version":3.002,"date":"Fri Aug 12 10:03:28 2016","creator":"root","type":"1","matrix":"0.001 0 0 0.001 0 0","named":"OssianEF-Regular","painttype":"0","info":"10 dict dup","name":"OssianEF-Regular","family":"OssianEF","weight":"Regular","fstype":"0","italicangle":"0","underlineposition":"","underlinethickness":""},"Licences":{"":false},"Table":{"FFTM":{"entryLength":16,"tag":"FFTM","checksum":1944367664,"offset":31448,"length":28},"GDEF":{"entryLength":16,"tag":"GDEF","checksum":18546694,"offset":31416,"length":32},"OS\/2":{"entryLength":16,"tag":"OS\/2","checksum":2008562348,"offset":344,"length":86},"cmap":{"entryLength":16,"tag":"cmap","checksum":3054974767,"offset":1384,"length":690},"gasp":{"entryLength":16,"tag":"gasp","checksum":4294901763,"offset":31408,"length":8},"glyf":{"entryLength":16,"tag":"glyf","checksum":1072352833,"offset":2556,"length":27564},"head":{"entryLength":16,"tag":"head","checksum":182246508,"offset":220,"length":54},"hhea":{"entryLength":16,"tag":"hhea","checksum":134087574,"offset":276,"length":36},"hmtx":{"entryLength":16,"tag":"hmtx","checksum":67181389,"offset":432,"length":952},"loca":{"entryLength":16,"tag":"loca","checksum":1625834930,"offset":2076,"length":478},"maxp":{"entryLength":16,"tag":"maxp","checksum":20381799,"offset":312,"length":32},"name":{"entryLength":16,"tag":"name","checksum":2913915288,"offset":30120,"length":768},"post":{"entryLength":16,"tag":"post","checksum":4238192607,"offset":30888,"length":518}},"UnicodeCharMap":{"32":3,"33":4,"34":5,"35":6,"36":7,"37":8,"38":9,"39":10,"40":11,"41":12,"42":13,"43":14,"44":15,"45":16,"46":17,"47":18,"48":19,"49":20,"50":21,"51":22,"52":23,"53":24,"54":25,"55":26,"56":27,"57":28,"58":29,"59":30,"60":31,"61":32,"62":33,"63":34,"64":35,"65":36,"66":37,"67":38,"68":39,"69":40,"70":41,"71":42,"72":43,"73":44,"74":45,"75":46,"76":47,"77":48,"78":49,"79":50,"80":51,"81":52,"82":53,"83":54,"84":55,"85":56,"86":57,"87":58,"88":59,"89":60,"90":61,"91":62,"92":63,"93":64,"94":65,"95":66,"96":67,"97":68,"98":69,"99":70,"100":71,"101":72,"102":73,"103":74,"104":75,"105":76,"106":77,"107":78,"108":79,"109":80,"110":81,"111":82,"112":83,"113":84,"114":85,"115":86,"116":87,"117":88,"118":89,"119":90,"120":91,"121":92,"122":93,"123":94,"124":95,"125":96,"126":97,"160":98,"161":99,"162":100,"163":101,"164":102,"165":103,"167":104,"168":105,"169":106,"170":107,"171":108,"172":109,"174":110,"175":111,"176":112,"177":113,"180":114,"182":116,"183":117,"184":118,"186":119,"187":120,"191":121,"192":122,"193":123,"194":124,"195":125,"196":126,"197":127,"198":128,"199":129,"200":130,"201":131,"202":132,"203":133,"204":134,"205":135,"206":136,"207":137,"208":138,"209":139,"210":140,"211":141,"212":142,"213":143,"214":144,"216":145,"217":146,"218":147,"219":148,"220":149,"221":150,"222":151,"223":152,"224":153,"225":154,"226":155,"227":156,"228":157,"229":158,"230":159,"231":160,"232":161,"233":162,"234":163,"235":164,"236":165,"237":166,"238":167,"239":168,"240":169,"241":170,"242":171,"243":172,"244":173,"245":174,"246":175,"247":176,"248":177,"249":178,"250":179,"251":180,"252":181,"253":182,"254":183,"255":184,"305":214,"321":212,"322":215,"338":213,"339":216,"352":217,"353":218,"376":236,"381":219,"382":220,"402":188,"710":203,"711":210,"728":205,"729":206,"730":207,"731":209,"732":204,"733":208,"916":234,"937":231,"956":115,"960":229,"8211":194,"8212":211,"8216":186,"8217":185,"8218":198,"8220":189,"8221":200,"8222":199,"8224":195,"8225":196,"8226":197,"8230":201,"8240":202,"8249":190,"8250":191,"8260":187,"8482":221,"8706":226,"8719":228,"8721":227,"8730":232,"8734":223,"8747":230,"8776":233,"8800":222,"8804":224,"8805":225,"9674":235,"64257":192,"64258":193},"Reserves":{"fontname":"Ossian EF Regular"},"Names":{"Ossian EF Regular":{"name":"Ossian EF Regular","longitude":"0.00000001","latitude":"0.00000001","country":"","region":"","city":""}},"Nodes":{"os":{"type":"typal","node":"os","usage":1,"weight":1},"an":{"type":"typal","node":"an","usage":1,"weight":1},"re":{"type":"typal","node":"re","usage":1,"weight":1},"ar":{"type":"typal","node":"ar","usage":1,"weight":1},"oss":{"type":"typal","node":"oss","usage":1,"weight":1},"ian":{"type":"typal","node":"ian","usage":1,"weight":1},"reg":{"type":"typal","node":"reg","usage":1,"weight":1},"lar":{"type":"typal","node":"lar","usage":1,"weight":1},"ossi":{"type":"keys","node":"ossi","usage":1,"weight":1},"sian":{"type":"keys","node":"sian","usage":1,"weight":1},"regu":{"type":"keys","node":"regu","usage":1,"weight":1},"ular":{"type":"keys","node":"ular","usage":1,"weight":1},"ossia":{"type":"keys","node":"ossia","usage":1,"weight":1},"ssian":{"type":"keys","node":"ssian","usage":1,"weight":1},"regul":{"type":"keys","node":"regul","usage":1,"weight":1},"gular":{"type":"keys","node":"gular","usage":1,"weight":1},"ossian":{"type":"fixes","node":"ossian","usage":1,"weight":1},"ef":{"type":"fixes","node":"ef","usage":1,"weight":1},"regular":{"type":"fixes","node":"regular","usage":1,"weight":1}},"Contributors":[],"FontIdentity":"wagovau:d1470fb81d91f2c67292a8af","Bytes":null,"Networking":[],"barcode":"q12mimq7qkmou","referee":"74q-2s"}