{"CSS":{"AJensonPro-Regular":"AJensonPro-Regular.css"},"FontType":"TrueType","FontCopyright":"\u00a9 2000 Adobe Systems Incorporated. All Rights Reserved.","FontName":"Adobe Jenson Pro","FontSubfamily":"Regular","FontSubfamilyID":"1.013;ADBE;AJensonPro-Regular","FontFullName":"AJensonPro-Regular","FontVersion":"OTF 1.013;PS 001.000;Core 1.0.27;makeotf.lib(1.11)","FontWeight":null,"FontPostscriptName":"AJensonPro-Regular","Files":{"Font Preview for .gif":"Font Preview for .gif","Font Preview for .jpg":"Font Preview for .jpg","Font Preview for .png":"Font Preview for .png","MetaBlack-Expert.css":"MetaBlack-Expert.css","font-name-banner.gif":"font-name-banner.gif","font-name-banner.jpg":"font-name-banner.jpg","font-name-banner.png":"font-name-banner.png","font-resource.json":"font-resource.json","mtblep__.afm":"mtblep__.afm","mtblep__.bin":"mtblep__.bin","mtblep__.cef":"mtblep__.cef","mtblep__.cff":"mtblep__.cff","mtblep__.dfont":"mtblep__.dfont","mtblep__.eot":"mtblep__.eot","mtblep__.fon":"mtblep__.fon","mtblep__.gai":"mtblep__.gai","mtblep__.gsf":"mtblep__.gsf","mtblep__.hqx":"mtblep__.hqx","mtblep__.ik":"mtblep__.ik","mtblep__.mf":"mtblep__.mf","mtblep__.otf":"mtblep__.otf","mtblep__.pcf":"mtblep__.pcf","mtblep__.pf3":"mtblep__.pf3","mtblep__.pfa":"mtblep__.pfa","mtblep__.pfb":"mtblep__.pfb","mtblep__.pfm":"mtblep__.pfm","mtblep__.pmf":"mtblep__.pmf","mtblep__.pt3":"mtblep__.pt3","mtblep__.sfd":"mtblep__.sfd","mtblep__.svg":"mtblep__.svg","mtblep__.t42":"mtblep__.t42","mtblep__.ttd":"mtblep__.ttd","mtblep__.ttf":"mtblep__.ttf","mtblep__.ttg":"mtblep__.ttg","mtblep__.woff":"mtblep__.woff"},"Table":{"BASE":{"entryLength":16,"tag":"BASE","checksum":1063407537,"offset":174316,"length":52},"FFTM":{"entryLength":16,"tag":"FFTM","checksum":933835534,"offset":174368,"length":28},"GDEF":{"entryLength":16,"tag":"GDEF","checksum":439555901,"offset":144788,"length":146},"GPOS":{"entryLength":16,"tag":"GPOS","checksum":4246204695,"offset":154976,"length":19340},"GSUB":{"entryLength":16,"tag":"GSUB","checksum":2714483620,"offset":144936,"length":10040},"OS\/2":{"entryLength":16,"tag":"OS\/2","checksum":2104040766,"offset":392,"length":96},"cmap":{"entryLength":16,"tag":"cmap","checksum":3552256115,"offset":3056,"length":1372},"gasp":{"entryLength":16,"tag":"gasp","checksum":4294901763,"offset":144780,"length":8},"glyf":{"entryLength":16,"tag":"glyf","checksum":2647013801,"offset":7000,"length":131180},"head":{"entryLength":16,"tag":"head","checksum":165223260,"offset":268,"length":54},"hhea":{"entryLength":16,"tag":"hhea","checksum":138544094,"offset":324,"length":36},"hmtx":{"entryLength":16,"tag":"hmtx","checksum":3451875180,"offset":488,"length":2568},"loca":{"entryLength":16,"tag":"loca","checksum":42299652,"offset":4428,"length":2572},"maxp":{"entryLength":16,"tag":"maxp","checksum":46858480,"offset":360,"length":32},"name":{"entryLength":16,"tag":"name","checksum":3718872646,"offset":138180,"length":1548},"post":{"entryLength":16,"tag":"post","checksum":1568432736,"offset":139728,"length":5052}},"UnicodeCharMap":{"32":3,"33":4,"34":5,"35":6,"36":7,"37":8,"38":9,"39":10,"40":11,"41":12,"42":13,"43":14,"44":15,"45":16,"46":17,"47":18,"48":19,"49":20,"50":21,"51":22,"52":23,"53":24,"54":25,"55":26,"56":27,"57":28,"58":29,"59":30,"60":31,"61":32,"62":33,"63":34,"64":35,"65":36,"66":37,"67":38,"68":39,"69":40,"70":41,"71":42,"72":43,"73":44,"74":45,"75":46,"76":47,"77":48,"78":49,"79":50,"80":51,"81":52,"82":53,"83":54,"84":55,"85":56,"86":57,"87":58,"88":59,"89":60,"90":61,"91":62,"92":63,"93":64,"94":65,"95":66,"96":67,"97":68,"98":69,"99":70,"100":71,"101":72,"102":73,"103":74,"104":75,"105":76,"106":77,"107":78,"108":79,"109":80,"110":81,"111":82,"112":83,"113":84,"114":85,"115":86,"116":87,"117":88,"118":89,"119":90,"120":91,"121":92,"122":93,"123":94,"124":95,"125":96,"126":97,"160":98,"161":99,"162":100,"163":101,"164":102,"165":103,"166":104,"167":105,"168":106,"169":107,"170":108,"171":109,"172":110,"173":111,"174":112,"175":113,"176":114,"177":115,"178":116,"179":117,"180":118,"181":119,"182":120,"183":121,"184":122,"185":123,"186":124,"187":125,"188":126,"189":127,"190":128,"191":129,"192":130,"193":131,"194":132,"195":133,"196":134,"197":135,"198":136,"199":137,"200":138,"201":139,"202":140,"203":141,"204":142,"205":143,"206":144,"207":145,"208":146,"209":147,"210":148,"211":149,"212":150,"213":151,"214":152,"215":153,"216":154,"217":155,"218":156,"219":157,"220":158,"221":159,"222":160,"223":161,"224":162,"225":163,"226":164,"227":165,"228":166,"229":167,"230":168,"231":169,"232":170,"233":171,"234":172,"235":173,"236":174,"237":175,"238":176,"239":177,"240":178,"241":179,"242":180,"243":181,"244":182,"245":183,"246":184,"247":185,"248":186,"249":187,"250":188,"251":189,"252":190,"253":191,"254":192,"255":193,"256":194,"257":195,"258":196,"259":197,"260":198,"261":199,"262":200,"263":201,"268":202,"269":203,"270":204,"271":205,"272":206,"273":207,"274":208,"275":209,"278":210,"279":211,"280":212,"281":213,"282":214,"283":215,"286":216,"287":217,"290":218,"291":219,"298":220,"299":221,"302":222,"303":223,"304":224,"305":225,"310":226,"311":227,"313":228,"314":229,"315":230,"316":231,"317":232,"318":233,"321":234,"322":235,"323":236,"324":237,"325":238,"326":239,"327":240,"328":241,"332":242,"333":243,"336":244,"337":245,"338":246,"339":247,"340":248,"341":249,"342":250,"343":251,"344":252,"345":253,"346":254,"347":255,"350":256,"351":257,"352":258,"353":259,"354":260,"355":261,"356":262,"357":263,"362":264,"363":265,"366":266,"367":267,"368":268,"369":269,"370":270,"371":271,"376":272,"377":273,"378":274,"379":275,"380":276,"381":277,"382":278,"383":279,"402":280,"536":281,"537":282,"538":283,"539":284,"710":285,"711":286,"713":287,"728":288,"729":289,"730":290,"731":291,"732":292,"733":293,"916":294,"937":295,"956":119,"960":296,"8210":297,"8211":298,"8212":299,"8216":300,"8217":301,"8218":302,"8220":303,"8221":304,"8222":305,"8224":306,"8225":307,"8226":308,"8228":309,"8229":310,"8230":311,"8240":312,"8249":313,"8250":314,"8260":315,"8304":316,"8308":317,"8309":318,"8310":319,"8311":320,"8312":321,"8313":322,"8317":323,"8318":324,"8319":325,"8320":326,"8321":327,"8322":328,"8323":329,"8324":330,"8325":331,"8326":332,"8327":333,"8328":334,"8329":335,"8333":336,"8334":337,"8353":338,"8364":339,"8467":340,"8470":341,"8482":342,"8486":295,"8494":343,"8531":344,"8532":345,"8539":346,"8540":347,"8541":348,"8542":349,"8706":350,"8710":294,"8719":351,"8721":352,"8722":353,"8725":354,"8729":355,"8730":356,"8734":357,"8747":358,"8776":359,"8800":360,"8804":361,"8805":362,"9674":363,"57344":364,"57345":365,"57346":366,"57347":367,"57348":368,"57349":369,"57350":370,"57351":371,"57352":372,"57353":373,"57354":374,"57355":375,"57356":376,"57357":377,"57358":378,"57359":379,"57360":380,"57361":381,"57362":382,"57363":383,"57364":384,"61421":385,"61422":386,"61425":387,"61426":388,"61427":389,"61429":390,"61431":391,"63016":392,"63017":393,"63018":394,"63019":395,"63020":396,"63021":397,"63022":398,"63023":399,"63024":400,"63025":401,"63026":402,"63027":403,"63031":404,"63032":405,"63033":406,"63034":407,"63035":408,"63036":409,"63037":410,"63038":411,"63039":412,"63040":413,"63041":414,"63042":415,"63043":416,"63044":417,"63045":418,"63046":419,"63047":420,"63048":421,"63049":422,"63050":423,"63051":424,"63052":425,"63053":426,"63054":427,"63055":428,"63056":429,"63057":430,"63058":431,"63059":432,"63060":433,"63061":434,"63062":435,"63063":436,"63064":437,"63065":438,"63066":439,"63067":440,"63068":441,"63069":442,"63070":443,"63071":444,"63072":445,"63073":446,"63074":447,"63075":448,"63076":449,"63077":450,"63078":451,"63079":452,"63080":453,"63081":454,"63082":455,"63083":456,"63084":457,"63085":458,"63086":459,"63087":460,"63089":461,"63090":462,"63093":463,"63094":464,"63096":465,"63097":466,"63098":467,"63100":468,"63101":469,"63103":470,"63109":471,"63110":472,"63113":473,"63114":474,"63115":475,"63116":476,"63118":477,"63119":478,"63120":479,"63122":480,"63123":481,"63125":482,"63126":483,"63127":484,"63128":485,"63129":486,"63131":487,"63133":488,"63134":489,"63136":490,"63137":491,"63138":492,"63139":493,"63147":494,"63148":495,"63149":496,"63150":497,"63151":498,"63152":499,"63153":500,"63154":501,"63155":502,"63156":503,"63157":504,"63158":505,"63159":506,"63160":507,"63161":508,"63162":509,"63163":510,"63164":511,"63165":512,"63169":256,"63170":257,"63171":513,"63177":514,"63178":515,"63179":516,"63182":517,"63183":518,"63184":519,"63196":520,"63197":521,"63198":522,"63199":523,"63200":524,"63201":525,"63202":526,"63203":527,"63204":528,"63205":529,"63206":530,"63207":531,"63208":532,"63209":533,"63210":534,"63211":535,"63212":536,"63213":537,"63214":538,"63215":539,"63216":540,"63217":541,"63218":542,"63219":543,"63220":544,"63221":545,"63222":546,"63223":547,"63224":548,"63225":549,"63226":550,"63227":551,"63228":552,"63229":553,"63230":554,"63231":555,"63265":556,"63268":557,"63270":558,"63280":559,"63281":560,"63282":561,"63283":562,"63284":563,"63285":564,"63286":565,"63287":566,"63288":567,"63289":568,"63295":569,"63328":570,"63329":571,"63330":572,"63331":573,"63332":574,"63333":575,"63334":576,"63335":577,"63336":578,"63337":579,"63338":580,"63339":581,"63340":582,"63341":583,"63342":584,"63343":585,"63344":586,"63345":587,"63346":588,"63347":589,"63348":590,"63349":591,"63350":592,"63351":593,"63352":594,"63353":595,"63354":596,"63393":597,"63394":598,"63400":599,"63407":600,"63412":601,"63416":602,"63423":603,"63456":604,"63457":605,"63458":606,"63459":607,"63460":608,"63461":609,"63462":610,"63463":611,"63464":612,"63465":613,"63466":614,"63467":615,"63468":616,"63469":617,"63470":618,"63471":619,"63472":620,"63473":621,"63474":622,"63475":623,"63476":624,"63477":625,"63478":626,"63480":627,"63481":628,"63482":629,"63483":630,"63484":631,"63485":632,"63486":633,"63487":634,"64256":635,"64257":636,"64258":637,"64259":638,"64260":639,"64261":640,"64262":641},"Reserves":{"fontname":"AJensonPro-Regular"},"Names":{"AJensonPro-Regular":{"name":"AJensonPro-Regular","longitude":null,"latitude":null,"country":"","region":"","city":""}},"Nodes":{"aj":{"type":"typal","node":"aj","usage":1,"weight":1},"ro":{"type":"typal","node":"ro","usage":1,"weight":1},"re":{"type":"typal","node":"re","usage":1,"weight":1},"ar":{"type":"typal","node":"ar","usage":1,"weight":1},"aje":{"type":"typal","node":"aje","usage":1,"weight":1},"pro":{"type":"typal","node":"pro","usage":1,"weight":1},"reg":{"type":"typal","node":"reg","usage":1,"weight":1},"lar":{"type":"typal","node":"lar","usage":1,"weight":1},"ajen":{"type":"keys","node":"ajen","usage":1,"weight":1},"npro":{"type":"keys","node":"npro","usage":1,"weight":1},"regu":{"type":"keys","node":"regu","usage":1,"weight":1},"ular":{"type":"keys","node":"ular","usage":1,"weight":1},"ajens":{"type":"keys","node":"ajens","usage":1,"weight":1},"onpro":{"type":"keys","node":"onpro","usage":1,"weight":1},"regul":{"type":"keys","node":"regul","usage":1,"weight":1},"gular":{"type":"keys","node":"gular","usage":1,"weight":1},"ajensonpro":{"type":"fixes","node":"ajensonpro","usage":1,"weight":1},"regular":{"type":"fixes","node":"regular","usage":1,"weight":1}},"Contributors":[],"FontIdentity":"9e035e1a92bc02d0b5a4d7c0a415d815","Bytes":null,"Networking":[]}