{"CSS":{"Shag-MysteryFractions":"Shag-MysteryFractions.css"},"FontType":"TrueType","FontCopyright":"Copyright (c) House Industries, 2003. All rights reserved.","FontName":"Shag","FontSubfamily":"MysteryFractions","FontSubfamilyID":"FontForge 2.0 : Shag-MysteryFractions : 21-10-2016","FontFullName":"Shag Mystery Fractions","FontVersion":"Version 001.000 ","FontWeight":null,"FontPostscriptName":"Shag-MysteryFractions","Files":{"\/fonts\/Unpacking\/cf76e47d70b864294a69b9909134f3a95cb60dfd\/LICENCE":"\/fonts\/Unpacking\/cf76e47d70b864294a69b9909134f3a95cb60dfd\/LICENCE","\/fonts\/Unpacking\/cf76e47d70b864294a69b9909134f3a95cb60dfd\/shag-mysteryfractions.afm":"\/fonts\/Unpacking\/cf76e47d70b864294a69b9909134f3a95cb60dfd\/shag-mysteryfractions.afm","\/fonts\/Unpacking\/cf76e47d70b864294a69b9909134f3a95cb60dfd\/shag-mysteryfractions.bin":"\/fonts\/Unpacking\/cf76e47d70b864294a69b9909134f3a95cb60dfd\/shag-mysteryfractions.bin","\/fonts\/Unpacking\/cf76e47d70b864294a69b9909134f3a95cb60dfd\/shag-mysteryfractions.cef":"\/fonts\/Unpacking\/cf76e47d70b864294a69b9909134f3a95cb60dfd\/shag-mysteryfractions.cef","\/fonts\/Unpacking\/cf76e47d70b864294a69b9909134f3a95cb60dfd\/shag-mysteryfractions.cff":"\/fonts\/Unpacking\/cf76e47d70b864294a69b9909134f3a95cb60dfd\/shag-mysteryfractions.cff","\/fonts\/Unpacking\/cf76e47d70b864294a69b9909134f3a95cb60dfd\/shag-mysteryfractions.cid":"\/fonts\/Unpacking\/cf76e47d70b864294a69b9909134f3a95cb60dfd\/shag-mysteryfractions.cid","\/fonts\/Unpacking\/cf76e47d70b864294a69b9909134f3a95cb60dfd\/shag-mysteryfractions.dfont":"\/fonts\/Unpacking\/cf76e47d70b864294a69b9909134f3a95cb60dfd\/shag-mysteryfractions.dfont","\/fonts\/Unpacking\/cf76e47d70b864294a69b9909134f3a95cb60dfd\/shag-mysteryfractions.eot":"\/fonts\/Unpacking\/cf76e47d70b864294a69b9909134f3a95cb60dfd\/shag-mysteryfractions.eot","\/fonts\/Unpacking\/cf76e47d70b864294a69b9909134f3a95cb60dfd\/shag-mysteryfractions.fon":"\/fonts\/Unpacking\/cf76e47d70b864294a69b9909134f3a95cb60dfd\/shag-mysteryfractions.fon","\/fonts\/Unpacking\/cf76e47d70b864294a69b9909134f3a95cb60dfd\/shag-mysteryfractions.gai":"\/fonts\/Unpacking\/cf76e47d70b864294a69b9909134f3a95cb60dfd\/shag-mysteryfractions.gai","\/fonts\/Unpacking\/cf76e47d70b864294a69b9909134f3a95cb60dfd\/shag-mysteryfractions.gsf":"\/fonts\/Unpacking\/cf76e47d70b864294a69b9909134f3a95cb60dfd\/shag-mysteryfractions.gsf","\/fonts\/Unpacking\/cf76e47d70b864294a69b9909134f3a95cb60dfd\/shag-mysteryfractions.hqx":"\/fonts\/Unpacking\/cf76e47d70b864294a69b9909134f3a95cb60dfd\/shag-mysteryfractions.hqx","\/fonts\/Unpacking\/cf76e47d70b864294a69b9909134f3a95cb60dfd\/shag-mysteryfractions.ik":"\/fonts\/Unpacking\/cf76e47d70b864294a69b9909134f3a95cb60dfd\/shag-mysteryfractions.ik","\/fonts\/Unpacking\/cf76e47d70b864294a69b9909134f3a95cb60dfd\/shag-mysteryfractions.mf":"\/fonts\/Unpacking\/cf76e47d70b864294a69b9909134f3a95cb60dfd\/shag-mysteryfractions.mf","\/fonts\/Unpacking\/cf76e47d70b864294a69b9909134f3a95cb60dfd\/shag-mysteryfractions.otf":"\/fonts\/Unpacking\/cf76e47d70b864294a69b9909134f3a95cb60dfd\/shag-mysteryfractions.otf","\/fonts\/Unpacking\/cf76e47d70b864294a69b9909134f3a95cb60dfd\/shag-mysteryfractions.pcf":"\/fonts\/Unpacking\/cf76e47d70b864294a69b9909134f3a95cb60dfd\/shag-mysteryfractions.pcf","\/fonts\/Unpacking\/cf76e47d70b864294a69b9909134f3a95cb60dfd\/shag-mysteryfractions.pf3":"\/fonts\/Unpacking\/cf76e47d70b864294a69b9909134f3a95cb60dfd\/shag-mysteryfractions.pf3","\/fonts\/Unpacking\/cf76e47d70b864294a69b9909134f3a95cb60dfd\/shag-mysteryfractions.pfa":"\/fonts\/Unpacking\/cf76e47d70b864294a69b9909134f3a95cb60dfd\/shag-mysteryfractions.pfa","\/fonts\/Unpacking\/cf76e47d70b864294a69b9909134f3a95cb60dfd\/shag-mysteryfractions.pfb":"\/fonts\/Unpacking\/cf76e47d70b864294a69b9909134f3a95cb60dfd\/shag-mysteryfractions.pfb","\/fonts\/Unpacking\/cf76e47d70b864294a69b9909134f3a95cb60dfd\/shag-mysteryfractions.php":"\/fonts\/Unpacking\/cf76e47d70b864294a69b9909134f3a95cb60dfd\/shag-mysteryfractions.php","\/fonts\/Unpacking\/cf76e47d70b864294a69b9909134f3a95cb60dfd\/shag-mysteryfractions.pmf":"\/fonts\/Unpacking\/cf76e47d70b864294a69b9909134f3a95cb60dfd\/shag-mysteryfractions.pmf","\/fonts\/Unpacking\/cf76e47d70b864294a69b9909134f3a95cb60dfd\/shag-mysteryfractions.pt3":"\/fonts\/Unpacking\/cf76e47d70b864294a69b9909134f3a95cb60dfd\/shag-mysteryfractions.pt3","\/fonts\/Unpacking\/cf76e47d70b864294a69b9909134f3a95cb60dfd\/shag-mysteryfractions.sfd":"\/fonts\/Unpacking\/cf76e47d70b864294a69b9909134f3a95cb60dfd\/shag-mysteryfractions.sfd","\/fonts\/Unpacking\/cf76e47d70b864294a69b9909134f3a95cb60dfd\/shag-mysteryfractions.svg":"\/fonts\/Unpacking\/cf76e47d70b864294a69b9909134f3a95cb60dfd\/shag-mysteryfractions.svg","\/fonts\/Unpacking\/cf76e47d70b864294a69b9909134f3a95cb60dfd\/shag-mysteryfractions.t42":"\/fonts\/Unpacking\/cf76e47d70b864294a69b9909134f3a95cb60dfd\/shag-mysteryfractions.t42","\/fonts\/Unpacking\/cf76e47d70b864294a69b9909134f3a95cb60dfd\/shag-mysteryfractions.ttd":"\/fonts\/Unpacking\/cf76e47d70b864294a69b9909134f3a95cb60dfd\/shag-mysteryfractions.ttd","\/fonts\/Unpacking\/cf76e47d70b864294a69b9909134f3a95cb60dfd\/shag-mysteryfractions.ttf":"\/fonts\/Unpacking\/cf76e47d70b864294a69b9909134f3a95cb60dfd\/shag-mysteryfractions.ttf","\/fonts\/Unpacking\/cf76e47d70b864294a69b9909134f3a95cb60dfd\/shag-mysteryfractions.ttg":"\/fonts\/Unpacking\/cf76e47d70b864294a69b9909134f3a95cb60dfd\/shag-mysteryfractions.ttg","\/fonts\/Unpacking\/cf76e47d70b864294a69b9909134f3a95cb60dfd\/shag-mysteryfractions.ufm":"\/fonts\/Unpacking\/cf76e47d70b864294a69b9909134f3a95cb60dfd\/shag-mysteryfractions.ufm","\/fonts\/Unpacking\/cf76e47d70b864294a69b9909134f3a95cb60dfd\/shag-mysteryfractions.woff":"\/fonts\/Unpacking\/cf76e47d70b864294a69b9909134f3a95cb60dfd\/shag-mysteryfractions.woff","\/fonts\/Unpacking\/cf76e47d70b864294a69b9909134f3a95cb60dfd\/shag-mysteryfractions.z":"\/fonts\/Unpacking\/cf76e47d70b864294a69b9909134f3a95cb60dfd\/shag-mysteryfractions.z","\/fonts\/Unpacking\/cf76e47d70b864294a69b9909134f3a95cb60dfd\/shag-mysteryfractions.ufo\/feature.fea":"\/fonts\/Unpacking\/cf76e47d70b864294a69b9909134f3a95cb60dfd\/shag-mysteryfractions.ufo\/feature.fea","\/fonts\/Unpacking\/cf76e47d70b864294a69b9909134f3a95cb60dfd\/shag-mysteryfractions.ufo\/fontinfo.plist":"\/fonts\/Unpacking\/cf76e47d70b864294a69b9909134f3a95cb60dfd\/shag-mysteryfractions.ufo\/fontinfo.plist","\/fonts\/Unpacking\/cf76e47d70b864294a69b9909134f3a95cb60dfd\/shag-mysteryfractions.ufo\/groups.plist":"\/fonts\/Unpacking\/cf76e47d70b864294a69b9909134f3a95cb60dfd\/shag-mysteryfractions.ufo\/groups.plist","\/fonts\/Unpacking\/cf76e47d70b864294a69b9909134f3a95cb60dfd\/shag-mysteryfractions.ufo\/kerning.plist":"\/fonts\/Unpacking\/cf76e47d70b864294a69b9909134f3a95cb60dfd\/shag-mysteryfractions.ufo\/kerning.plist","\/fonts\/Unpacking\/cf76e47d70b864294a69b9909134f3a95cb60dfd\/shag-mysteryfractions.ufo\/metainfo.plist":"\/fonts\/Unpacking\/cf76e47d70b864294a69b9909134f3a95cb60dfd\/shag-mysteryfractions.ufo\/metainfo.plist","\/fonts\/Unpacking\/cf76e47d70b864294a69b9909134f3a95cb60dfd\/shag-mysteryfractions.ufo\/glyphs\/A_.glif":"\/fonts\/Unpacking\/cf76e47d70b864294a69b9909134f3a95cb60dfd\/shag-mysteryfractions.ufo\/glyphs\/A_.glif","\/fonts\/Unpacking\/cf76e47d70b864294a69b9909134f3a95cb60dfd\/shag-mysteryfractions.ufo\/glyphs\/B_.glif":"\/fonts\/Unpacking\/cf76e47d70b864294a69b9909134f3a95cb60dfd\/shag-mysteryfractions.ufo\/glyphs\/B_.glif","\/fonts\/Unpacking\/cf76e47d70b864294a69b9909134f3a95cb60dfd\/shag-mysteryfractions.ufo\/glyphs\/C_.glif":"\/fonts\/Unpacking\/cf76e47d70b864294a69b9909134f3a95cb60dfd\/shag-mysteryfractions.ufo\/glyphs\/C_.glif","\/fonts\/Unpacking\/cf76e47d70b864294a69b9909134f3a95cb60dfd\/shag-mysteryfractions.ufo\/glyphs\/D_.glif":"\/fonts\/Unpacking\/cf76e47d70b864294a69b9909134f3a95cb60dfd\/shag-mysteryfractions.ufo\/glyphs\/D_.glif","\/fonts\/Unpacking\/cf76e47d70b864294a69b9909134f3a95cb60dfd\/shag-mysteryfractions.ufo\/glyphs\/E_.glif":"\/fonts\/Unpacking\/cf76e47d70b864294a69b9909134f3a95cb60dfd\/shag-mysteryfractions.ufo\/glyphs\/E_.glif","\/fonts\/Unpacking\/cf76e47d70b864294a69b9909134f3a95cb60dfd\/shag-mysteryfractions.ufo\/glyphs\/E_uro.glif":"\/fonts\/Unpacking\/cf76e47d70b864294a69b9909134f3a95cb60dfd\/shag-mysteryfractions.ufo\/glyphs\/E_uro.glif","\/fonts\/Unpacking\/cf76e47d70b864294a69b9909134f3a95cb60dfd\/shag-mysteryfractions.ufo\/glyphs\/F_.glif":"\/fonts\/Unpacking\/cf76e47d70b864294a69b9909134f3a95cb60dfd\/shag-mysteryfractions.ufo\/glyphs\/F_.glif","\/fonts\/Unpacking\/cf76e47d70b864294a69b9909134f3a95cb60dfd\/shag-mysteryfractions.ufo\/glyphs\/G_.glif":"\/fonts\/Unpacking\/cf76e47d70b864294a69b9909134f3a95cb60dfd\/shag-mysteryfractions.ufo\/glyphs\/G_.glif","\/fonts\/Unpacking\/cf76e47d70b864294a69b9909134f3a95cb60dfd\/shag-mysteryfractions.ufo\/glyphs\/H_.glif":"\/fonts\/Unpacking\/cf76e47d70b864294a69b9909134f3a95cb60dfd\/shag-mysteryfractions.ufo\/glyphs\/H_.glif","\/fonts\/Unpacking\/cf76e47d70b864294a69b9909134f3a95cb60dfd\/shag-mysteryfractions.ufo\/glyphs\/I_.glif":"\/fonts\/Unpacking\/cf76e47d70b864294a69b9909134f3a95cb60dfd\/shag-mysteryfractions.ufo\/glyphs\/I_.glif","\/fonts\/Unpacking\/cf76e47d70b864294a69b9909134f3a95cb60dfd\/shag-mysteryfractions.ufo\/glyphs\/J_.glif":"\/fonts\/Unpacking\/cf76e47d70b864294a69b9909134f3a95cb60dfd\/shag-mysteryfractions.ufo\/glyphs\/J_.glif","\/fonts\/Unpacking\/cf76e47d70b864294a69b9909134f3a95cb60dfd\/shag-mysteryfractions.ufo\/glyphs\/O_mega.glif":"\/fonts\/Unpacking\/cf76e47d70b864294a69b9909134f3a95cb60dfd\/shag-mysteryfractions.ufo\/glyphs\/O_mega.glif","\/fonts\/Unpacking\/cf76e47d70b864294a69b9909134f3a95cb60dfd\/shag-mysteryfractions.ufo\/glyphs\/a.glif":"\/fonts\/Unpacking\/cf76e47d70b864294a69b9909134f3a95cb60dfd\/shag-mysteryfractions.ufo\/glyphs\/a.glif","\/fonts\/Unpacking\/cf76e47d70b864294a69b9909134f3a95cb60dfd\/shag-mysteryfractions.ufo\/glyphs\/acute.glif":"\/fonts\/Unpacking\/cf76e47d70b864294a69b9909134f3a95cb60dfd\/shag-mysteryfractions.ufo\/glyphs\/acute.glif","\/fonts\/Unpacking\/cf76e47d70b864294a69b9909134f3a95cb60dfd\/shag-mysteryfractions.ufo\/glyphs\/ampersand.glif":"\/fonts\/Unpacking\/cf76e47d70b864294a69b9909134f3a95cb60dfd\/shag-mysteryfractions.ufo\/glyphs\/ampersand.glif","\/fonts\/Unpacking\/cf76e47d70b864294a69b9909134f3a95cb60dfd\/shag-mysteryfractions.ufo\/glyphs\/approxequal.glif":"\/fonts\/Unpacking\/cf76e47d70b864294a69b9909134f3a95cb60dfd\/shag-mysteryfractions.ufo\/glyphs\/approxequal.glif","\/fonts\/Unpacking\/cf76e47d70b864294a69b9909134f3a95cb60dfd\/shag-mysteryfractions.ufo\/glyphs\/asciicircum.glif":"\/fonts\/Unpacking\/cf76e47d70b864294a69b9909134f3a95cb60dfd\/shag-mysteryfractions.ufo\/glyphs\/asciicircum.glif","\/fonts\/Unpacking\/cf76e47d70b864294a69b9909134f3a95cb60dfd\/shag-mysteryfractions.ufo\/glyphs\/asciitilde.glif":"\/fonts\/Unpacking\/cf76e47d70b864294a69b9909134f3a95cb60dfd\/shag-mysteryfractions.ufo\/glyphs\/asciitilde.glif","\/fonts\/Unpacking\/cf76e47d70b864294a69b9909134f3a95cb60dfd\/shag-mysteryfractions.ufo\/glyphs\/asterisk.glif":"\/fonts\/Unpacking\/cf76e47d70b864294a69b9909134f3a95cb60dfd\/shag-mysteryfractions.ufo\/glyphs\/asterisk.glif","\/fonts\/Unpacking\/cf76e47d70b864294a69b9909134f3a95cb60dfd\/shag-mysteryfractions.ufo\/glyphs\/at.glif":"\/fonts\/Unpacking\/cf76e47d70b864294a69b9909134f3a95cb60dfd\/shag-mysteryfractions.ufo\/glyphs\/at.glif","\/fonts\/Unpacking\/cf76e47d70b864294a69b9909134f3a95cb60dfd\/shag-mysteryfractions.ufo\/glyphs\/b.glif":"\/fonts\/Unpacking\/cf76e47d70b864294a69b9909134f3a95cb60dfd\/shag-mysteryfractions.ufo\/glyphs\/b.glif","\/fonts\/Unpacking\/cf76e47d70b864294a69b9909134f3a95cb60dfd\/shag-mysteryfractions.ufo\/glyphs\/backslash.glif":"\/fonts\/Unpacking\/cf76e47d70b864294a69b9909134f3a95cb60dfd\/shag-mysteryfractions.ufo\/glyphs\/backslash.glif","\/fonts\/Unpacking\/cf76e47d70b864294a69b9909134f3a95cb60dfd\/shag-mysteryfractions.ufo\/glyphs\/bar.glif":"\/fonts\/Unpacking\/cf76e47d70b864294a69b9909134f3a95cb60dfd\/shag-mysteryfractions.ufo\/glyphs\/bar.glif","\/fonts\/Unpacking\/cf76e47d70b864294a69b9909134f3a95cb60dfd\/shag-mysteryfractions.ufo\/glyphs\/braceleft.glif":"\/fonts\/Unpacking\/cf76e47d70b864294a69b9909134f3a95cb60dfd\/shag-mysteryfractions.ufo\/glyphs\/braceleft.glif","\/fonts\/Unpacking\/cf76e47d70b864294a69b9909134f3a95cb60dfd\/shag-mysteryfractions.ufo\/glyphs\/braceright.glif":"\/fonts\/Unpacking\/cf76e47d70b864294a69b9909134f3a95cb60dfd\/shag-mysteryfractions.ufo\/glyphs\/braceright.glif","\/fonts\/Unpacking\/cf76e47d70b864294a69b9909134f3a95cb60dfd\/shag-mysteryfractions.ufo\/glyphs\/bracketleft.glif":"\/fonts\/Unpacking\/cf76e47d70b864294a69b9909134f3a95cb60dfd\/shag-mysteryfractions.ufo\/glyphs\/bracketleft.glif","\/fonts\/Unpacking\/cf76e47d70b864294a69b9909134f3a95cb60dfd\/shag-mysteryfractions.ufo\/glyphs\/bracketright.glif":"\/fonts\/Unpacking\/cf76e47d70b864294a69b9909134f3a95cb60dfd\/shag-mysteryfractions.ufo\/glyphs\/bracketright.glif","\/fonts\/Unpacking\/cf76e47d70b864294a69b9909134f3a95cb60dfd\/shag-mysteryfractions.ufo\/glyphs\/brokenbar.glif":"\/fonts\/Unpacking\/cf76e47d70b864294a69b9909134f3a95cb60dfd\/shag-mysteryfractions.ufo\/glyphs\/brokenbar.glif","\/fonts\/Unpacking\/cf76e47d70b864294a69b9909134f3a95cb60dfd\/shag-mysteryfractions.ufo\/glyphs\/bullet.glif":"\/fonts\/Unpacking\/cf76e47d70b864294a69b9909134f3a95cb60dfd\/shag-mysteryfractions.ufo\/glyphs\/bullet.glif","\/fonts\/Unpacking\/cf76e47d70b864294a69b9909134f3a95cb60dfd\/shag-mysteryfractions.ufo\/glyphs\/c.glif":"\/fonts\/Unpacking\/cf76e47d70b864294a69b9909134f3a95cb60dfd\/shag-mysteryfractions.ufo\/glyphs\/c.glif","\/fonts\/Unpacking\/cf76e47d70b864294a69b9909134f3a95cb60dfd\/shag-mysteryfractions.ufo\/glyphs\/cent.glif":"\/fonts\/Unpacking\/cf76e47d70b864294a69b9909134f3a95cb60dfd\/shag-mysteryfractions.ufo\/glyphs\/cent.glif","\/fonts\/Unpacking\/cf76e47d70b864294a69b9909134f3a95cb60dfd\/shag-mysteryfractions.ufo\/glyphs\/colon.glif":"\/fonts\/Unpacking\/cf76e47d70b864294a69b9909134f3a95cb60dfd\/shag-mysteryfractions.ufo\/glyphs\/colon.glif","\/fonts\/Unpacking\/cf76e47d70b864294a69b9909134f3a95cb60dfd\/shag-mysteryfractions.ufo\/glyphs\/comma.glif":"\/fonts\/Unpacking\/cf76e47d70b864294a69b9909134f3a95cb60dfd\/shag-mysteryfractions.ufo\/glyphs\/comma.glif","\/fonts\/Unpacking\/cf76e47d70b864294a69b9909134f3a95cb60dfd\/shag-mysteryfractions.ufo\/glyphs\/contents.plist":"\/fonts\/Unpacking\/cf76e47d70b864294a69b9909134f3a95cb60dfd\/shag-mysteryfractions.ufo\/glyphs\/contents.plist","\/fonts\/Unpacking\/cf76e47d70b864294a69b9909134f3a95cb60dfd\/shag-mysteryfractions.ufo\/glyphs\/copyright.glif":"\/fonts\/Unpacking\/cf76e47d70b864294a69b9909134f3a95cb60dfd\/shag-mysteryfractions.ufo\/glyphs\/copyright.glif","\/fonts\/Unpacking\/cf76e47d70b864294a69b9909134f3a95cb60dfd\/shag-mysteryfractions.ufo\/glyphs\/d.glif":"\/fonts\/Unpacking\/cf76e47d70b864294a69b9909134f3a95cb60dfd\/shag-mysteryfractions.ufo\/glyphs\/d.glif","\/fonts\/Unpacking\/cf76e47d70b864294a69b9909134f3a95cb60dfd\/shag-mysteryfractions.ufo\/glyphs\/dagger.glif":"\/fonts\/Unpacking\/cf76e47d70b864294a69b9909134f3a95cb60dfd\/shag-mysteryfractions.ufo\/glyphs\/dagger.glif","\/fonts\/Unpacking\/cf76e47d70b864294a69b9909134f3a95cb60dfd\/shag-mysteryfractions.ufo\/glyphs\/daggerdbl.glif":"\/fonts\/Unpacking\/cf76e47d70b864294a69b9909134f3a95cb60dfd\/shag-mysteryfractions.ufo\/glyphs\/daggerdbl.glif","\/fonts\/Unpacking\/cf76e47d70b864294a69b9909134f3a95cb60dfd\/shag-mysteryfractions.ufo\/glyphs\/degree.glif":"\/fonts\/Unpacking\/cf76e47d70b864294a69b9909134f3a95cb60dfd\/shag-mysteryfractions.ufo\/glyphs\/degree.glif","\/fonts\/Unpacking\/cf76e47d70b864294a69b9909134f3a95cb60dfd\/shag-mysteryfractions.ufo\/glyphs\/dieresis.glif":"\/fonts\/Unpacking\/cf76e47d70b864294a69b9909134f3a95cb60dfd\/shag-mysteryfractions.ufo\/glyphs\/dieresis.glif","\/fonts\/Unpacking\/cf76e47d70b864294a69b9909134f3a95cb60dfd\/shag-mysteryfractions.ufo\/glyphs\/divide.glif":"\/fonts\/Unpacking\/cf76e47d70b864294a69b9909134f3a95cb60dfd\/shag-mysteryfractions.ufo\/glyphs\/divide.glif","\/fonts\/Unpacking\/cf76e47d70b864294a69b9909134f3a95cb60dfd\/shag-mysteryfractions.ufo\/glyphs\/dollar.glif":"\/fonts\/Unpacking\/cf76e47d70b864294a69b9909134f3a95cb60dfd\/shag-mysteryfractions.ufo\/glyphs\/dollar.glif","\/fonts\/Unpacking\/cf76e47d70b864294a69b9909134f3a95cb60dfd\/shag-mysteryfractions.ufo\/glyphs\/e.glif":"\/fonts\/Unpacking\/cf76e47d70b864294a69b9909134f3a95cb60dfd\/shag-mysteryfractions.ufo\/glyphs\/e.glif","\/fonts\/Unpacking\/cf76e47d70b864294a69b9909134f3a95cb60dfd\/shag-mysteryfractions.ufo\/glyphs\/eight.glif":"\/fonts\/Unpacking\/cf76e47d70b864294a69b9909134f3a95cb60dfd\/shag-mysteryfractions.ufo\/glyphs\/eight.glif","\/fonts\/Unpacking\/cf76e47d70b864294a69b9909134f3a95cb60dfd\/shag-mysteryfractions.ufo\/glyphs\/ellipsis.glif":"\/fonts\/Unpacking\/cf76e47d70b864294a69b9909134f3a95cb60dfd\/shag-mysteryfractions.ufo\/glyphs\/ellipsis.glif","\/fonts\/Unpacking\/cf76e47d70b864294a69b9909134f3a95cb60dfd\/shag-mysteryfractions.ufo\/glyphs\/emdash.glif":"\/fonts\/Unpacking\/cf76e47d70b864294a69b9909134f3a95cb60dfd\/shag-mysteryfractions.ufo\/glyphs\/emdash.glif","\/fonts\/Unpacking\/cf76e47d70b864294a69b9909134f3a95cb60dfd\/shag-mysteryfractions.ufo\/glyphs\/endash.glif":"\/fonts\/Unpacking\/cf76e47d70b864294a69b9909134f3a95cb60dfd\/shag-mysteryfractions.ufo\/glyphs\/endash.glif","\/fonts\/Unpacking\/cf76e47d70b864294a69b9909134f3a95cb60dfd\/shag-mysteryfractions.ufo\/glyphs\/equal.glif":"\/fonts\/Unpacking\/cf76e47d70b864294a69b9909134f3a95cb60dfd\/shag-mysteryfractions.ufo\/glyphs\/equal.glif","\/fonts\/Unpacking\/cf76e47d70b864294a69b9909134f3a95cb60dfd\/shag-mysteryfractions.ufo\/glyphs\/exclam.glif":"\/fonts\/Unpacking\/cf76e47d70b864294a69b9909134f3a95cb60dfd\/shag-mysteryfractions.ufo\/glyphs\/exclam.glif","\/fonts\/Unpacking\/cf76e47d70b864294a69b9909134f3a95cb60dfd\/shag-mysteryfractions.ufo\/glyphs\/exclamdown.glif":"\/fonts\/Unpacking\/cf76e47d70b864294a69b9909134f3a95cb60dfd\/shag-mysteryfractions.ufo\/glyphs\/exclamdown.glif","\/fonts\/Unpacking\/cf76e47d70b864294a69b9909134f3a95cb60dfd\/shag-mysteryfractions.ufo\/glyphs\/f.glif":"\/fonts\/Unpacking\/cf76e47d70b864294a69b9909134f3a95cb60dfd\/shag-mysteryfractions.ufo\/glyphs\/f.glif","\/fonts\/Unpacking\/cf76e47d70b864294a69b9909134f3a95cb60dfd\/shag-mysteryfractions.ufo\/glyphs\/five.glif":"\/fonts\/Unpacking\/cf76e47d70b864294a69b9909134f3a95cb60dfd\/shag-mysteryfractions.ufo\/glyphs\/five.glif","\/fonts\/Unpacking\/cf76e47d70b864294a69b9909134f3a95cb60dfd\/shag-mysteryfractions.ufo\/glyphs\/florin.glif":"\/fonts\/Unpacking\/cf76e47d70b864294a69b9909134f3a95cb60dfd\/shag-mysteryfractions.ufo\/glyphs\/florin.glif","\/fonts\/Unpacking\/cf76e47d70b864294a69b9909134f3a95cb60dfd\/shag-mysteryfractions.ufo\/glyphs\/four.glif":"\/fonts\/Unpacking\/cf76e47d70b864294a69b9909134f3a95cb60dfd\/shag-mysteryfractions.ufo\/glyphs\/four.glif","\/fonts\/Unpacking\/cf76e47d70b864294a69b9909134f3a95cb60dfd\/shag-mysteryfractions.ufo\/glyphs\/fraction1.glif":"\/fonts\/Unpacking\/cf76e47d70b864294a69b9909134f3a95cb60dfd\/shag-mysteryfractions.ufo\/glyphs\/fraction1.glif","\/fonts\/Unpacking\/cf76e47d70b864294a69b9909134f3a95cb60dfd\/shag-mysteryfractions.ufo\/glyphs\/g.glif":"\/fonts\/Unpacking\/cf76e47d70b864294a69b9909134f3a95cb60dfd\/shag-mysteryfractions.ufo\/glyphs\/g.glif","\/fonts\/Unpacking\/cf76e47d70b864294a69b9909134f3a95cb60dfd\/shag-mysteryfractions.ufo\/glyphs\/germandbls.glif":"\/fonts\/Unpacking\/cf76e47d70b864294a69b9909134f3a95cb60dfd\/shag-mysteryfractions.ufo\/glyphs\/germandbls.glif","\/fonts\/Unpacking\/cf76e47d70b864294a69b9909134f3a95cb60dfd\/shag-mysteryfractions.ufo\/glyphs\/grave.glif":"\/fonts\/Unpacking\/cf76e47d70b864294a69b9909134f3a95cb60dfd\/shag-mysteryfractions.ufo\/glyphs\/grave.glif","\/fonts\/Unpacking\/cf76e47d70b864294a69b9909134f3a95cb60dfd\/shag-mysteryfractions.ufo\/glyphs\/greater.glif":"\/fonts\/Unpacking\/cf76e47d70b864294a69b9909134f3a95cb60dfd\/shag-mysteryfractions.ufo\/glyphs\/greater.glif","\/fonts\/Unpacking\/cf76e47d70b864294a69b9909134f3a95cb60dfd\/shag-mysteryfractions.ufo\/glyphs\/greaterequal.glif":"\/fonts\/Unpacking\/cf76e47d70b864294a69b9909134f3a95cb60dfd\/shag-mysteryfractions.ufo\/glyphs\/greaterequal.glif","\/fonts\/Unpacking\/cf76e47d70b864294a69b9909134f3a95cb60dfd\/shag-mysteryfractions.ufo\/glyphs\/guillemotleft.glif":"\/fonts\/Unpacking\/cf76e47d70b864294a69b9909134f3a95cb60dfd\/shag-mysteryfractions.ufo\/glyphs\/guillemotleft.glif","\/fonts\/Unpacking\/cf76e47d70b864294a69b9909134f3a95cb60dfd\/shag-mysteryfractions.ufo\/glyphs\/guillemotright.glif":"\/fonts\/Unpacking\/cf76e47d70b864294a69b9909134f3a95cb60dfd\/shag-mysteryfractions.ufo\/glyphs\/guillemotright.glif","\/fonts\/Unpacking\/cf76e47d70b864294a69b9909134f3a95cb60dfd\/shag-mysteryfractions.ufo\/glyphs\/guilsinglleft.glif":"\/fonts\/Unpacking\/cf76e47d70b864294a69b9909134f3a95cb60dfd\/shag-mysteryfractions.ufo\/glyphs\/guilsinglleft.glif","\/fonts\/Unpacking\/cf76e47d70b864294a69b9909134f3a95cb60dfd\/shag-mysteryfractions.ufo\/glyphs\/guilsinglright.glif":"\/fonts\/Unpacking\/cf76e47d70b864294a69b9909134f3a95cb60dfd\/shag-mysteryfractions.ufo\/glyphs\/guilsinglright.glif","\/fonts\/Unpacking\/cf76e47d70b864294a69b9909134f3a95cb60dfd\/shag-mysteryfractions.ufo\/glyphs\/h.glif":"\/fonts\/Unpacking\/cf76e47d70b864294a69b9909134f3a95cb60dfd\/shag-mysteryfractions.ufo\/glyphs\/h.glif","\/fonts\/Unpacking\/cf76e47d70b864294a69b9909134f3a95cb60dfd\/shag-mysteryfractions.ufo\/glyphs\/hyphen.glif":"\/fonts\/Unpacking\/cf76e47d70b864294a69b9909134f3a95cb60dfd\/shag-mysteryfractions.ufo\/glyphs\/hyphen.glif","\/fonts\/Unpacking\/cf76e47d70b864294a69b9909134f3a95cb60dfd\/shag-mysteryfractions.ufo\/glyphs\/i.glif":"\/fonts\/Unpacking\/cf76e47d70b864294a69b9909134f3a95cb60dfd\/shag-mysteryfractions.ufo\/glyphs\/i.glif","\/fonts\/Unpacking\/cf76e47d70b864294a69b9909134f3a95cb60dfd\/shag-mysteryfractions.ufo\/glyphs\/increment.glif":"\/fonts\/Unpacking\/cf76e47d70b864294a69b9909134f3a95cb60dfd\/shag-mysteryfractions.ufo\/glyphs\/increment.glif","\/fonts\/Unpacking\/cf76e47d70b864294a69b9909134f3a95cb60dfd\/shag-mysteryfractions.ufo\/glyphs\/infinity.glif":"\/fonts\/Unpacking\/cf76e47d70b864294a69b9909134f3a95cb60dfd\/shag-mysteryfractions.ufo\/glyphs\/infinity.glif","\/fonts\/Unpacking\/cf76e47d70b864294a69b9909134f3a95cb60dfd\/shag-mysteryfractions.ufo\/glyphs\/integral.glif":"\/fonts\/Unpacking\/cf76e47d70b864294a69b9909134f3a95cb60dfd\/shag-mysteryfractions.ufo\/glyphs\/integral.glif","\/fonts\/Unpacking\/cf76e47d70b864294a69b9909134f3a95cb60dfd\/shag-mysteryfractions.ufo\/glyphs\/j.glif":"\/fonts\/Unpacking\/cf76e47d70b864294a69b9909134f3a95cb60dfd\/shag-mysteryfractions.ufo\/glyphs\/j.glif","\/fonts\/Unpacking\/cf76e47d70b864294a69b9909134f3a95cb60dfd\/shag-mysteryfractions.ufo\/glyphs\/less.glif":"\/fonts\/Unpacking\/cf76e47d70b864294a69b9909134f3a95cb60dfd\/shag-mysteryfractions.ufo\/glyphs\/less.glif","\/fonts\/Unpacking\/cf76e47d70b864294a69b9909134f3a95cb60dfd\/shag-mysteryfractions.ufo\/glyphs\/lessequal.glif":"\/fonts\/Unpacking\/cf76e47d70b864294a69b9909134f3a95cb60dfd\/shag-mysteryfractions.ufo\/glyphs\/lessequal.glif","\/fonts\/Unpacking\/cf76e47d70b864294a69b9909134f3a95cb60dfd\/shag-mysteryfractions.ufo\/glyphs\/logicalnot.glif":"\/fonts\/Unpacking\/cf76e47d70b864294a69b9909134f3a95cb60dfd\/shag-mysteryfractions.ufo\/glyphs\/logicalnot.glif","\/fonts\/Unpacking\/cf76e47d70b864294a69b9909134f3a95cb60dfd\/shag-mysteryfractions.ufo\/glyphs\/lozenge.glif":"\/fonts\/Unpacking\/cf76e47d70b864294a69b9909134f3a95cb60dfd\/shag-mysteryfractions.ufo\/glyphs\/lozenge.glif","\/fonts\/Unpacking\/cf76e47d70b864294a69b9909134f3a95cb60dfd\/shag-mysteryfractions.ufo\/glyphs\/minus.glif":"\/fonts\/Unpacking\/cf76e47d70b864294a69b9909134f3a95cb60dfd\/shag-mysteryfractions.ufo\/glyphs\/minus.glif","\/fonts\/Unpacking\/cf76e47d70b864294a69b9909134f3a95cb60dfd\/shag-mysteryfractions.ufo\/glyphs\/mu.glif":"\/fonts\/Unpacking\/cf76e47d70b864294a69b9909134f3a95cb60dfd\/shag-mysteryfractions.ufo\/glyphs\/mu.glif","\/fonts\/Unpacking\/cf76e47d70b864294a69b9909134f3a95cb60dfd\/shag-mysteryfractions.ufo\/glyphs\/multiply.glif":"\/fonts\/Unpacking\/cf76e47d70b864294a69b9909134f3a95cb60dfd\/shag-mysteryfractions.ufo\/glyphs\/multiply.glif","\/fonts\/Unpacking\/cf76e47d70b864294a69b9909134f3a95cb60dfd\/shag-mysteryfractions.ufo\/glyphs\/nbspace.glif":"\/fonts\/Unpacking\/cf76e47d70b864294a69b9909134f3a95cb60dfd\/shag-mysteryfractions.ufo\/glyphs\/nbspace.glif","\/fonts\/Unpacking\/cf76e47d70b864294a69b9909134f3a95cb60dfd\/shag-mysteryfractions.ufo\/glyphs\/nine.glif":"\/fonts\/Unpacking\/cf76e47d70b864294a69b9909134f3a95cb60dfd\/shag-mysteryfractions.ufo\/glyphs\/nine.glif","\/fonts\/Unpacking\/cf76e47d70b864294a69b9909134f3a95cb60dfd\/shag-mysteryfractions.ufo\/glyphs\/notequal.glif":"\/fonts\/Unpacking\/cf76e47d70b864294a69b9909134f3a95cb60dfd\/shag-mysteryfractions.ufo\/glyphs\/notequal.glif","\/fonts\/Unpacking\/cf76e47d70b864294a69b9909134f3a95cb60dfd\/shag-mysteryfractions.ufo\/glyphs\/numbersign.glif":"\/fonts\/Unpacking\/cf76e47d70b864294a69b9909134f3a95cb60dfd\/shag-mysteryfractions.ufo\/glyphs\/numbersign.glif","\/fonts\/Unpacking\/cf76e47d70b864294a69b9909134f3a95cb60dfd\/shag-mysteryfractions.ufo\/glyphs\/one.glif":"\/fonts\/Unpacking\/cf76e47d70b864294a69b9909134f3a95cb60dfd\/shag-mysteryfractions.ufo\/glyphs\/one.glif","\/fonts\/Unpacking\/cf76e47d70b864294a69b9909134f3a95cb60dfd\/shag-mysteryfractions.ufo\/glyphs\/onehalf.glif":"\/fonts\/Unpacking\/cf76e47d70b864294a69b9909134f3a95cb60dfd\/shag-mysteryfractions.ufo\/glyphs\/onehalf.glif","\/fonts\/Unpacking\/cf76e47d70b864294a69b9909134f3a95cb60dfd\/shag-mysteryfractions.ufo\/glyphs\/onequarter.glif":"\/fonts\/Unpacking\/cf76e47d70b864294a69b9909134f3a95cb60dfd\/shag-mysteryfractions.ufo\/glyphs\/onequarter.glif","\/fonts\/Unpacking\/cf76e47d70b864294a69b9909134f3a95cb60dfd\/shag-mysteryfractions.ufo\/glyphs\/onesuperior.glif":"\/fonts\/Unpacking\/cf76e47d70b864294a69b9909134f3a95cb60dfd\/shag-mysteryfractions.ufo\/glyphs\/onesuperior.glif","\/fonts\/Unpacking\/cf76e47d70b864294a69b9909134f3a95cb60dfd\/shag-mysteryfractions.ufo\/glyphs\/ordfeminine.glif":"\/fonts\/Unpacking\/cf76e47d70b864294a69b9909134f3a95cb60dfd\/shag-mysteryfractions.ufo\/glyphs\/ordfeminine.glif","\/fonts\/Unpacking\/cf76e47d70b864294a69b9909134f3a95cb60dfd\/shag-mysteryfractions.ufo\/glyphs\/ordmasculine.glif":"\/fonts\/Unpacking\/cf76e47d70b864294a69b9909134f3a95cb60dfd\/shag-mysteryfractions.ufo\/glyphs\/ordmasculine.glif","\/fonts\/Unpacking\/cf76e47d70b864294a69b9909134f3a95cb60dfd\/shag-mysteryfractions.ufo\/glyphs\/paragraph.glif":"\/fonts\/Unpacking\/cf76e47d70b864294a69b9909134f3a95cb60dfd\/shag-mysteryfractions.ufo\/glyphs\/paragraph.glif","\/fonts\/Unpacking\/cf76e47d70b864294a69b9909134f3a95cb60dfd\/shag-mysteryfractions.ufo\/glyphs\/parenleft.glif":"\/fonts\/Unpacking\/cf76e47d70b864294a69b9909134f3a95cb60dfd\/shag-mysteryfractions.ufo\/glyphs\/parenleft.glif","\/fonts\/Unpacking\/cf76e47d70b864294a69b9909134f3a95cb60dfd\/shag-mysteryfractions.ufo\/glyphs\/parenright.glif":"\/fonts\/Unpacking\/cf76e47d70b864294a69b9909134f3a95cb60dfd\/shag-mysteryfractions.ufo\/glyphs\/parenright.glif","\/fonts\/Unpacking\/cf76e47d70b864294a69b9909134f3a95cb60dfd\/shag-mysteryfractions.ufo\/glyphs\/partialdiff.glif":"\/fonts\/Unpacking\/cf76e47d70b864294a69b9909134f3a95cb60dfd\/shag-mysteryfractions.ufo\/glyphs\/partialdiff.glif","\/fonts\/Unpacking\/cf76e47d70b864294a69b9909134f3a95cb60dfd\/shag-mysteryfractions.ufo\/glyphs\/percent.glif":"\/fonts\/Unpacking\/cf76e47d70b864294a69b9909134f3a95cb60dfd\/shag-mysteryfractions.ufo\/glyphs\/percent.glif","\/fonts\/Unpacking\/cf76e47d70b864294a69b9909134f3a95cb60dfd\/shag-mysteryfractions.ufo\/glyphs\/period.glif":"\/fonts\/Unpacking\/cf76e47d70b864294a69b9909134f3a95cb60dfd\/shag-mysteryfractions.ufo\/glyphs\/period.glif","\/fonts\/Unpacking\/cf76e47d70b864294a69b9909134f3a95cb60dfd\/shag-mysteryfractions.ufo\/glyphs\/periodcentered.glif":"\/fonts\/Unpacking\/cf76e47d70b864294a69b9909134f3a95cb60dfd\/shag-mysteryfractions.ufo\/glyphs\/periodcentered.glif","\/fonts\/Unpacking\/cf76e47d70b864294a69b9909134f3a95cb60dfd\/shag-mysteryfractions.ufo\/glyphs\/perthousand.glif":"\/fonts\/Unpacking\/cf76e47d70b864294a69b9909134f3a95cb60dfd\/shag-mysteryfractions.ufo\/glyphs\/perthousand.glif","\/fonts\/Unpacking\/cf76e47d70b864294a69b9909134f3a95cb60dfd\/shag-mysteryfractions.ufo\/glyphs\/pi.glif":"\/fonts\/Unpacking\/cf76e47d70b864294a69b9909134f3a95cb60dfd\/shag-mysteryfractions.ufo\/glyphs\/pi.glif","\/fonts\/Unpacking\/cf76e47d70b864294a69b9909134f3a95cb60dfd\/shag-mysteryfractions.ufo\/glyphs\/plus.glif":"\/fonts\/Unpacking\/cf76e47d70b864294a69b9909134f3a95cb60dfd\/shag-mysteryfractions.ufo\/glyphs\/plus.glif","\/fonts\/Unpacking\/cf76e47d70b864294a69b9909134f3a95cb60dfd\/shag-mysteryfractions.ufo\/glyphs\/plusminus.glif":"\/fonts\/Unpacking\/cf76e47d70b864294a69b9909134f3a95cb60dfd\/shag-mysteryfractions.ufo\/glyphs\/plusminus.glif","\/fonts\/Unpacking\/cf76e47d70b864294a69b9909134f3a95cb60dfd\/shag-mysteryfractions.ufo\/glyphs\/product.glif":"\/fonts\/Unpacking\/cf76e47d70b864294a69b9909134f3a95cb60dfd\/shag-mysteryfractions.ufo\/glyphs\/product.glif","\/fonts\/Unpacking\/cf76e47d70b864294a69b9909134f3a95cb60dfd\/shag-mysteryfractions.ufo\/glyphs\/question.glif":"\/fonts\/Unpacking\/cf76e47d70b864294a69b9909134f3a95cb60dfd\/shag-mysteryfractions.ufo\/glyphs\/question.glif","\/fonts\/Unpacking\/cf76e47d70b864294a69b9909134f3a95cb60dfd\/shag-mysteryfractions.ufo\/glyphs\/questiondown.glif":"\/fonts\/Unpacking\/cf76e47d70b864294a69b9909134f3a95cb60dfd\/shag-mysteryfractions.ufo\/glyphs\/questiondown.glif","\/fonts\/Unpacking\/cf76e47d70b864294a69b9909134f3a95cb60dfd\/shag-mysteryfractions.ufo\/glyphs\/quotedbl.glif":"\/fonts\/Unpacking\/cf76e47d70b864294a69b9909134f3a95cb60dfd\/shag-mysteryfractions.ufo\/glyphs\/quotedbl.glif","\/fonts\/Unpacking\/cf76e47d70b864294a69b9909134f3a95cb60dfd\/shag-mysteryfractions.ufo\/glyphs\/quotedblbase.glif":"\/fonts\/Unpacking\/cf76e47d70b864294a69b9909134f3a95cb60dfd\/shag-mysteryfractions.ufo\/glyphs\/quotedblbase.glif","\/fonts\/Unpacking\/cf76e47d70b864294a69b9909134f3a95cb60dfd\/shag-mysteryfractions.ufo\/glyphs\/quotedblleft.glif":"\/fonts\/Unpacking\/cf76e47d70b864294a69b9909134f3a95cb60dfd\/shag-mysteryfractions.ufo\/glyphs\/quotedblleft.glif","\/fonts\/Unpacking\/cf76e47d70b864294a69b9909134f3a95cb60dfd\/shag-mysteryfractions.ufo\/glyphs\/quotedblright.glif":"\/fonts\/Unpacking\/cf76e47d70b864294a69b9909134f3a95cb60dfd\/shag-mysteryfractions.ufo\/glyphs\/quotedblright.glif","\/fonts\/Unpacking\/cf76e47d70b864294a69b9909134f3a95cb60dfd\/shag-mysteryfractions.ufo\/glyphs\/quoteleft.glif":"\/fonts\/Unpacking\/cf76e47d70b864294a69b9909134f3a95cb60dfd\/shag-mysteryfractions.ufo\/glyphs\/quoteleft.glif","\/fonts\/Unpacking\/cf76e47d70b864294a69b9909134f3a95cb60dfd\/shag-mysteryfractions.ufo\/glyphs\/quoteright.glif":"\/fonts\/Unpacking\/cf76e47d70b864294a69b9909134f3a95cb60dfd\/shag-mysteryfractions.ufo\/glyphs\/quoteright.glif","\/fonts\/Unpacking\/cf76e47d70b864294a69b9909134f3a95cb60dfd\/shag-mysteryfractions.ufo\/glyphs\/quotesinglbase.glif":"\/fonts\/Unpacking\/cf76e47d70b864294a69b9909134f3a95cb60dfd\/shag-mysteryfractions.ufo\/glyphs\/quotesinglbase.glif","\/fonts\/Unpacking\/cf76e47d70b864294a69b9909134f3a95cb60dfd\/shag-mysteryfractions.ufo\/glyphs\/quotesingle.glif":"\/fonts\/Unpacking\/cf76e47d70b864294a69b9909134f3a95cb60dfd\/shag-mysteryfractions.ufo\/glyphs\/quotesingle.glif","\/fonts\/Unpacking\/cf76e47d70b864294a69b9909134f3a95cb60dfd\/shag-mysteryfractions.ufo\/glyphs\/radical.glif":"\/fonts\/Unpacking\/cf76e47d70b864294a69b9909134f3a95cb60dfd\/shag-mysteryfractions.ufo\/glyphs\/radical.glif","\/fonts\/Unpacking\/cf76e47d70b864294a69b9909134f3a95cb60dfd\/shag-mysteryfractions.ufo\/glyphs\/registered.glif":"\/fonts\/Unpacking\/cf76e47d70b864294a69b9909134f3a95cb60dfd\/shag-mysteryfractions.ufo\/glyphs\/registered.glif","\/fonts\/Unpacking\/cf76e47d70b864294a69b9909134f3a95cb60dfd\/shag-mysteryfractions.ufo\/glyphs\/section.glif":"\/fonts\/Unpacking\/cf76e47d70b864294a69b9909134f3a95cb60dfd\/shag-mysteryfractions.ufo\/glyphs\/section.glif","\/fonts\/Unpacking\/cf76e47d70b864294a69b9909134f3a95cb60dfd\/shag-mysteryfractions.ufo\/glyphs\/semicolon.glif":"\/fonts\/Unpacking\/cf76e47d70b864294a69b9909134f3a95cb60dfd\/shag-mysteryfractions.ufo\/glyphs\/semicolon.glif","\/fonts\/Unpacking\/cf76e47d70b864294a69b9909134f3a95cb60dfd\/shag-mysteryfractions.ufo\/glyphs\/seven.glif":"\/fonts\/Unpacking\/cf76e47d70b864294a69b9909134f3a95cb60dfd\/shag-mysteryfractions.ufo\/glyphs\/seven.glif","\/fonts\/Unpacking\/cf76e47d70b864294a69b9909134f3a95cb60dfd\/shag-mysteryfractions.ufo\/glyphs\/six.glif":"\/fonts\/Unpacking\/cf76e47d70b864294a69b9909134f3a95cb60dfd\/shag-mysteryfractions.ufo\/glyphs\/six.glif","\/fonts\/Unpacking\/cf76e47d70b864294a69b9909134f3a95cb60dfd\/shag-mysteryfractions.ufo\/glyphs\/slash.glif":"\/fonts\/Unpacking\/cf76e47d70b864294a69b9909134f3a95cb60dfd\/shag-mysteryfractions.ufo\/glyphs\/slash.glif","\/fonts\/Unpacking\/cf76e47d70b864294a69b9909134f3a95cb60dfd\/shag-mysteryfractions.ufo\/glyphs\/space.glif":"\/fonts\/Unpacking\/cf76e47d70b864294a69b9909134f3a95cb60dfd\/shag-mysteryfractions.ufo\/glyphs\/space.glif","\/fonts\/Unpacking\/cf76e47d70b864294a69b9909134f3a95cb60dfd\/shag-mysteryfractions.ufo\/glyphs\/sterling.glif":"\/fonts\/Unpacking\/cf76e47d70b864294a69b9909134f3a95cb60dfd\/shag-mysteryfractions.ufo\/glyphs\/sterling.glif","\/fonts\/Unpacking\/cf76e47d70b864294a69b9909134f3a95cb60dfd\/shag-mysteryfractions.ufo\/glyphs\/summation.glif":"\/fonts\/Unpacking\/cf76e47d70b864294a69b9909134f3a95cb60dfd\/shag-mysteryfractions.ufo\/glyphs\/summation.glif","\/fonts\/Unpacking\/cf76e47d70b864294a69b9909134f3a95cb60dfd\/shag-mysteryfractions.ufo\/glyphs\/three.glif":"\/fonts\/Unpacking\/cf76e47d70b864294a69b9909134f3a95cb60dfd\/shag-mysteryfractions.ufo\/glyphs\/three.glif","\/fonts\/Unpacking\/cf76e47d70b864294a69b9909134f3a95cb60dfd\/shag-mysteryfractions.ufo\/glyphs\/threequarters.glif":"\/fonts\/Unpacking\/cf76e47d70b864294a69b9909134f3a95cb60dfd\/shag-mysteryfractions.ufo\/glyphs\/threequarters.glif","\/fonts\/Unpacking\/cf76e47d70b864294a69b9909134f3a95cb60dfd\/shag-mysteryfractions.ufo\/glyphs\/threesuperior.glif":"\/fonts\/Unpacking\/cf76e47d70b864294a69b9909134f3a95cb60dfd\/shag-mysteryfractions.ufo\/glyphs\/threesuperior.glif","\/fonts\/Unpacking\/cf76e47d70b864294a69b9909134f3a95cb60dfd\/shag-mysteryfractions.ufo\/glyphs\/trademark.glif":"\/fonts\/Unpacking\/cf76e47d70b864294a69b9909134f3a95cb60dfd\/shag-mysteryfractions.ufo\/glyphs\/trademark.glif","\/fonts\/Unpacking\/cf76e47d70b864294a69b9909134f3a95cb60dfd\/shag-mysteryfractions.ufo\/glyphs\/two.glif":"\/fonts\/Unpacking\/cf76e47d70b864294a69b9909134f3a95cb60dfd\/shag-mysteryfractions.ufo\/glyphs\/two.glif","\/fonts\/Unpacking\/cf76e47d70b864294a69b9909134f3a95cb60dfd\/shag-mysteryfractions.ufo\/glyphs\/twosuperior.glif":"\/fonts\/Unpacking\/cf76e47d70b864294a69b9909134f3a95cb60dfd\/shag-mysteryfractions.ufo\/glyphs\/twosuperior.glif","\/fonts\/Unpacking\/cf76e47d70b864294a69b9909134f3a95cb60dfd\/shag-mysteryfractions.ufo\/glyphs\/underscore.glif":"\/fonts\/Unpacking\/cf76e47d70b864294a69b9909134f3a95cb60dfd\/shag-mysteryfractions.ufo\/glyphs\/underscore.glif","\/fonts\/Unpacking\/cf76e47d70b864294a69b9909134f3a95cb60dfd\/shag-mysteryfractions.ufo\/glyphs\/yen.glif":"\/fonts\/Unpacking\/cf76e47d70b864294a69b9909134f3a95cb60dfd\/shag-mysteryfractions.ufo\/glyphs\/yen.glif","\/fonts\/Unpacking\/cf76e47d70b864294a69b9909134f3a95cb60dfd\/shag-mysteryfractions.ufo\/glyphs\/zero.glif":"\/fonts\/Unpacking\/cf76e47d70b864294a69b9909134f3a95cb60dfd\/shag-mysteryfractions.ufo\/glyphs\/zero.glif"},"Font":null,"Licences":{"":false},"Table":{"FFTM":{"entryLength":16,"tag":"FFTM","checksum":1944375872,"offset":19236,"length":28},"GDEF":{"entryLength":16,"tag":"GDEF","checksum":11534342,"offset":19204,"length":32},"OS\/2":{"entryLength":16,"tag":"OS\/2","checksum":1996489664,"offset":344,"length":86},"cmap":{"entryLength":16,"tag":"cmap","checksum":2157096034,"offset":956,"length":636},"gasp":{"entryLength":16,"tag":"gasp","checksum":4294901763,"offset":19196,"length":8},"glyf":{"entryLength":16,"tag":"glyf","checksum":481463139,"offset":1856,"length":16252},"head":{"entryLength":16,"tag":"head","checksum":185496545,"offset":220,"length":54},"hhea":{"entryLength":16,"tag":"hhea","checksum":109314937,"offset":276,"length":36},"hmtx":{"entryLength":16,"tag":"hmtx","checksum":2673086800,"offset":432,"length":524},"loca":{"entryLength":16,"tag":"loca","checksum":743587066,"offset":1592,"length":264},"maxp":{"entryLength":16,"tag":"maxp","checksum":13303987,"offset":312,"length":32},"name":{"entryLength":16,"tag":"name","checksum":3434690396,"offset":18108,"length":753},"post":{"entryLength":16,"tag":"post","checksum":991589742,"offset":18864,"length":329}},"UnicodeCharMap":{"32":3,"33":4,"34":5,"35":6,"36":7,"37":8,"38":9,"39":10,"40":11,"41":12,"42":13,"43":14,"44":15,"45":16,"46":17,"47":18,"48":19,"49":20,"50":21,"51":22,"52":23,"53":24,"54":25,"55":26,"56":27,"57":28,"58":29,"59":30,"60":31,"61":32,"62":33,"63":34,"64":35,"65":36,"66":37,"67":38,"68":39,"69":40,"70":41,"71":42,"72":43,"73":44,"74":45,"91":46,"92":47,"93":48,"94":49,"95":50,"96":51,"97":52,"98":53,"99":54,"100":55,"101":56,"102":57,"103":58,"104":59,"105":60,"106":61,"123":62,"124":63,"125":64,"126":65,"160":84,"161":85,"162":86,"163":87,"165":88,"166":89,"167":90,"168":91,"169":92,"170":93,"171":94,"172":95,"174":96,"176":97,"177":98,"178":99,"179":100,"180":101,"182":103,"183":104,"185":105,"186":106,"187":107,"188":108,"189":109,"190":110,"191":111,"215":112,"223":113,"247":114,"402":68,"937":125,"956":102,"960":123,"8211":80,"8212":81,"8216":75,"8217":76,"8218":67,"8220":77,"8221":78,"8222":69,"8224":71,"8225":72,"8226":79,"8230":70,"8240":73,"8249":74,"8250":83,"8364":66,"8482":82,"8706":120,"8710":128,"8719":122,"8721":121,"8722":115,"8725":130,"8730":126,"8734":117,"8747":124,"8776":127,"8800":116,"8804":118,"8805":119,"9674":129},"Reserves":null,"Names":[],"Nodes":[],"Contributors":[],"FontIdentity":"51b29e8addf668a38376ff38a727f0a3","Bytes":2259739,"Networking":null,"barcode":null,"referee":null}