{"CSS":{"Zodiac":"Zodiac.css"},"FontType":"TrueType","FontCopyright":"Copyright 1990-1996 as an unpublished work by Bitstream Inc.  All rights reserved.  Confidential.","FontName":"Zodiac","FontSubfamily":"Regular","FontSubfamilyID":"FontForge 2.0 : Zodiac : 20-12-2016","FontFullName":"Zodiac","FontVersion":"Version 003.001 ","FontWeight":null,"FontPostscriptName":"ZodiacBT-Regular","Files":{"zodiacbt-regular.afm":"zodiacbt-regular.afm","zodiacbt-regular.bin":"zodiacbt-regular.bin","zodiacbt-regular.cef":"zodiacbt-regular.cef","zodiacbt-regular.cff":"zodiacbt-regular.cff","zodiacbt-regular.cid":"zodiacbt-regular.cid","zodiacbt-regular.dfont":"zodiacbt-regular.dfont","zodiacbt-regular.eot":"zodiacbt-regular.eot","zodiacbt-regular.fon":"zodiacbt-regular.fon","zodiacbt-regular.gai":"zodiacbt-regular.gai","zodiacbt-regular.gsf":"zodiacbt-regular.gsf","zodiacbt-regular.hqx":"zodiacbt-regular.hqx","zodiacbt-regular.ik":"zodiacbt-regular.ik","zodiacbt-regular.mf":"zodiacbt-regular.mf","zodiacbt-regular.otf":"zodiacbt-regular.otf","zodiacbt-regular.pcf":"zodiacbt-regular.pcf","zodiacbt-regular.pf3":"zodiacbt-regular.pf3","zodiacbt-regular.pfa":"zodiacbt-regular.pfa","zodiacbt-regular.pfb":"zodiacbt-regular.pfb","zodiacbt-regular.php":"zodiacbt-regular.php","zodiacbt-regular.pmf":"zodiacbt-regular.pmf","zodiacbt-regular.pt3":"zodiacbt-regular.pt3","zodiacbt-regular.sfd":"zodiacbt-regular.sfd","zodiacbt-regular.svg":"zodiacbt-regular.svg","zodiacbt-regular.t42":"zodiacbt-regular.t42","zodiacbt-regular.ttd":"zodiacbt-regular.ttd","zodiacbt-regular.ttf":"zodiacbt-regular.ttf","zodiacbt-regular.ttg":"zodiacbt-regular.ttg","zodiacbt-regular.ufm":"zodiacbt-regular.ufm","zodiacbt-regular.woff":"zodiacbt-regular.woff","zodiacbt-regular.z":"zodiacbt-regular.z","":{"zodiacbt-regular.afm":"zodiacbt-regular.afm","zodiacbt-regular.bin":"zodiacbt-regular.bin","zodiacbt-regular.cef":"zodiacbt-regular.cef","zodiacbt-regular.cff":"zodiacbt-regular.cff","zodiacbt-regular.cid":"zodiacbt-regular.cid","zodiacbt-regular.dfont":"zodiacbt-regular.dfont","zodiacbt-regular.eot":"zodiacbt-regular.eot","zodiacbt-regular.fon":"zodiacbt-regular.fon","zodiacbt-regular.gai":"zodiacbt-regular.gai","zodiacbt-regular.gsf":"zodiacbt-regular.gsf","zodiacbt-regular.hqx":"zodiacbt-regular.hqx","zodiacbt-regular.ik":"zodiacbt-regular.ik","zodiacbt-regular.mf":"zodiacbt-regular.mf","zodiacbt-regular.otf":"zodiacbt-regular.otf","zodiacbt-regular.pcf":"zodiacbt-regular.pcf","zodiacbt-regular.pf3":"zodiacbt-regular.pf3","zodiacbt-regular.pfa":"zodiacbt-regular.pfa","zodiacbt-regular.pfb":"zodiacbt-regular.pfb","zodiacbt-regular.php":"zodiacbt-regular.php","zodiacbt-regular.pmf":"zodiacbt-regular.pmf","zodiacbt-regular.pt3":"zodiacbt-regular.pt3","zodiacbt-regular.sfd":"zodiacbt-regular.sfd","zodiacbt-regular.svg":"zodiacbt-regular.svg","zodiacbt-regular.t42":"zodiacbt-regular.t42","zodiacbt-regular.ttd":"zodiacbt-regular.ttd","zodiacbt-regular.ttf":"zodiacbt-regular.ttf","zodiacbt-regular.ttg":"zodiacbt-regular.ttg","zodiacbt-regular.ufm":"zodiacbt-regular.ufm","zodiacbt-regular.woff":"zodiacbt-regular.woff","zodiacbt-regular.z":"zodiacbt-regular.z"},"\/zodiacbt-regular.ufo":{"feature.fea":"feature.fea","fontinfo.plist":"fontinfo.plist","groups.plist":"groups.plist","kerning.plist":"kerning.plist","metainfo.plist":"metainfo.plist"},"\/zodiacbt-regular.ufo\/glyphs":{"c22373.glif":"c22373.glif","c22374.glif":"c22374.glif","c22375.glif":"c22375.glif","c22376.glif":"c22376.glif","c22377.glif":"c22377.glif","c22378.glif":"c22378.glif","c22379.glif":"c22379.glif","c22380.glif":"c22380.glif","c22381.glif":"c22381.glif","c22382.glif":"c22382.glif","c22383.glif":"c22383.glif","c22384.glif":"c22384.glif","c5350.glif":"c5350.glif","c5351.glif":"c5351.glif","c5352.glif":"c5352.glif","c5353.glif":"c5353.glif","c5354.glif":"c5354.glif","c5355.glif":"c5355.glif","c5356.glif":"c5356.glif","c5357.glif":"c5357.glif","c5358.glif":"c5358.glif","c5359.glif":"c5359.glif","c5360.glif":"c5360.glif","c5361.glif":"c5361.glif","c5806.glif":"c5806.glif","c5807.glif":"c5807.glif","c5808.glif":"c5808.glif","c5809.glif":"c5809.glif","c5810.glif":"c5810.glif","c5811.glif":"c5811.glif","c5812.glif":"c5812.glif","c5813.glif":"c5813.glif","c5814.glif":"c5814.glif","c5815.glif":"c5815.glif","c5816.glif":"c5816.glif","c5817.glif":"c5817.glif","contents.plist":"contents.plist","space.glif":"space.glif"}},"Font":{"uploaded":1482166231.3735,"licence":"gpl3","company":"Chronolabs Cooperative","title":"Zine Slab Dis Bold Roman","version":2.001,"date":"Fri Oct 14 23:25:17 2016","creator":"root","type":"1","matrix":"0.001 0 0 0.001 0 0","named":"ZineSlabDis-BoldRoman","painttype":"0","info":"10 dict dup","name":"ZineSlabDis Bold Roman","family":"ZineSlabDis","weight":"Regular","fstype":"0","italicangle":"0","underlineposition":"","underlinethickness":""},"Table":{"FFTM":{"entryLength":16,"tag":"FFTM","checksum":1955242080,"offset":24356,"length":28},"GDEF":{"entryLength":16,"tag":"GDEF","checksum":5570566,"offset":24324,"length":32},"OS\/2":{"entryLength":16,"tag":"OS\/2","checksum":1448304168,"offset":344,"length":86},"cmap":{"entryLength":16,"tag":"cmap","checksum":984779,"offset":568,"length":322},"gasp":{"entryLength":16,"tag":"gasp","checksum":4294901763,"offset":24316,"length":8},"glyf":{"entryLength":16,"tag":"glyf","checksum":909518535,"offset":976,"length":22252},"head":{"entryLength":16,"tag":"head","checksum":203212196,"offset":220,"length":54},"hhea":{"entryLength":16,"tag":"hhea","checksum":121635562,"offset":276,"length":36},"hmtx":{"entryLength":16,"tag":"hmtx","checksum":1498416619,"offset":432,"length":134},"loca":{"entryLength":16,"tag":"loca","checksum":2540405412,"offset":892,"length":82},"maxp":{"entryLength":16,"tag":"maxp","checksum":8192554,"offset":312,"length":32},"name":{"entryLength":16,"tag":"name","checksum":1167501325,"offset":23228,"length":744},"post":{"entryLength":16,"tag":"post","checksum":2199092852,"offset":23972,"length":342}},"UnicodeCharMap":{"32":3},"Reserves":null,"Names":[],"Nodes":{"zo":{"type":"typal","node":"zo","usage":1,"weight":1},"ac":{"type":"typal","node":"ac","usage":1,"weight":1},"zod":{"type":"typal","node":"zod","usage":1,"weight":1},"iac":{"type":"typal","node":"iac","usage":1,"weight":1},"zodi":{"type":"keys","node":"zodi","usage":1,"weight":1},"diac":{"type":"keys","node":"diac","usage":1,"weight":1},"zodia":{"type":"keys","node":"zodia","usage":1,"weight":1},"odiac":{"type":"keys","node":"odiac","usage":1,"weight":1},"zodiac":{"type":"fixes","node":"zodiac","usage":1,"weight":1}},"Contributors":[],"FontIdentity":"eac09c2aba6fe9304233f2627333be84","Bytes":2551067,"Networking":[],"barcode":"12qmkuwkwckio","referee":"okwoek-3"}