{"CSS":{"Zodiac":"628d138aba04cd450cacb614eeb1a4ad.css"},"FontType":"TrueType","FontCopyright":"Amondo' Szegi (c) AmGrfax","FontName":"Zodiac","FontSubfamily":"Book","FontSubfamilyID":"FontForge 2.0 : Zodiac : 28-5-2016","FontFullName":"Zodiac","FontVersion":"Version Macromedia Fontograp ","FontWeight":null,"FontPostscriptName":"Zodiac","Files":{"\/Zodiac.css":"\/Zodiac.css","\/font-resource.json":"\/font-resource.json","\/zodiac.afm":"\/zodiac.afm","\/zodiac.bin":"\/zodiac.bin","\/zodiac.cef":"\/zodiac.cef","\/zodiac.cff":"\/zodiac.cff","\/zodiac.dfont":"\/zodiac.dfont","\/zodiac.eot":"\/zodiac.eot","\/zodiac.fon":"\/zodiac.fon","\/zodiac.gai":"\/zodiac.gai","\/zodiac.gsf":"\/zodiac.gsf","\/zodiac.hqx":"\/zodiac.hqx","\/zodiac.ik":"\/zodiac.ik","\/zodiac.mf":"\/zodiac.mf","\/zodiac.otf":"\/zodiac.otf","\/zodiac.pcf":"\/zodiac.pcf","\/zodiac.pf3":"\/zodiac.pf3","\/zodiac.pfa":"\/zodiac.pfa","\/zodiac.pfb":"\/zodiac.pfb","\/zodiac.php":"\/zodiac.php","\/zodiac.pmf":"\/zodiac.pmf","\/zodiac.pt3":"\/zodiac.pt3","\/zodiac.sfd":"\/zodiac.sfd","\/zodiac.svg":"\/zodiac.svg","\/zodiac.t42":"\/zodiac.t42","\/zodiac.ttd":"\/zodiac.ttd","\/zodiac.ttf":"\/zodiac.ttf","\/zodiac.ttg":"\/zodiac.ttg","\/zodiac.ufm":"\/zodiac.ufm","\/zodiac.woff":"\/zodiac.woff","\/zodiac.z":"\/zodiac.z","\/zodiac.ufo\/feature.fea":"\/zodiac.ufo\/feature.fea","\/zodiac.ufo\/fontinfo.plist":"\/zodiac.ufo\/fontinfo.plist","\/zodiac.ufo\/groups.plist":"\/zodiac.ufo\/groups.plist","\/zodiac.ufo\/kerning.plist":"\/zodiac.ufo\/kerning.plist","\/zodiac.ufo\/metainfo.plist":"\/zodiac.ufo\/metainfo.plist","\/zodiac.ufo\/glyphs\/_notdef.glif":"\/zodiac.ufo\/glyphs\/_notdef.glif","\/zodiac.ufo\/glyphs\/_null.glif":"\/zodiac.ufo\/glyphs\/_null.glif","\/zodiac.ufo\/glyphs\/a.glif":"\/zodiac.ufo\/glyphs\/a.glif","\/zodiac.ufo\/glyphs\/b.glif":"\/zodiac.ufo\/glyphs\/b.glif","\/zodiac.ufo\/glyphs\/c.glif":"\/zodiac.ufo\/glyphs\/c.glif","\/zodiac.ufo\/glyphs\/contents.plist":"\/zodiac.ufo\/glyphs\/contents.plist","\/zodiac.ufo\/glyphs\/d.glif":"\/zodiac.ufo\/glyphs\/d.glif","\/zodiac.ufo\/glyphs\/e.glif":"\/zodiac.ufo\/glyphs\/e.glif","\/zodiac.ufo\/glyphs\/f.glif":"\/zodiac.ufo\/glyphs\/f.glif","\/zodiac.ufo\/glyphs\/g.glif":"\/zodiac.ufo\/glyphs\/g.glif","\/zodiac.ufo\/glyphs\/glyph16.glif":"\/zodiac.ufo\/glyphs\/glyph16.glif","\/zodiac.ufo\/glyphs\/h.glif":"\/zodiac.ufo\/glyphs\/h.glif","\/zodiac.ufo\/glyphs\/i.glif":"\/zodiac.ufo\/glyphs\/i.glif","\/zodiac.ufo\/glyphs\/j.glif":"\/zodiac.ufo\/glyphs\/j.glif","\/zodiac.ufo\/glyphs\/k.glif":"\/zodiac.ufo\/glyphs\/k.glif","\/zodiac.ufo\/glyphs\/l.glif":"\/zodiac.ufo\/glyphs\/l.glif","\/zodiac.ufo\/glyphs\/nonmarkingreturn.glif":"\/zodiac.ufo\/glyphs\/nonmarkingreturn.glif","\/zodiac.ufo\/glyphs\/space.glif":"\/zodiac.ufo\/glyphs\/space.glif"},"Font":{"uploaded":1465411750.6594,"licence":"gpl3","title":"Zodiac","version":1.001,"date":"Sat May 28 12:06:40 2016","creator":"root","type":"1","matrix":"0.001 0 0 0.001 0 0","named":"Zodiac","painttype":"0","info":"10 dict dup","name":"Zodiac","family":"Zodiac","weight":"Book","fstype":"1","italicangle":"0","underlineposition":"","underlinethickness":""},"Licences":{"":false},"Table":{"FFTM":{"entryLength":16,"tag":"FFTM","checksum":1931148850,"offset":10884,"length":28},"GDEF":{"entryLength":16,"tag":"GDEF","checksum":4063236,"offset":10852,"length":32},"OS\/2":{"entryLength":16,"tag":"OS\/2","checksum":1445028179,"offset":344,"length":86},"cmap":{"entryLength":16,"tag":"cmap","checksum":365492936,"offset":500,"length":842},"gasp":{"entryLength":16,"tag":"gasp","checksum":4294901763,"offset":10844,"length":8},"glyf":{"entryLength":16,"tag":"glyf","checksum":335683325,"offset":1380,"length":8860},"head":{"entryLength":16,"tag":"head","checksum":183875700,"offset":220,"length":54},"hhea":{"entryLength":16,"tag":"hhea","checksum":141886528,"offset":276,"length":36},"hmtx":{"entryLength":16,"tag":"hmtx","checksum":943652923,"offset":432,"length":68},"loca":{"entryLength":16,"tag":"loca","checksum":1015039438,"offset":1344,"length":36},"maxp":{"entryLength":16,"tag":"maxp","checksum":5833017,"offset":312,"length":32},"name":{"entryLength":16,"tag":"name","checksum":3795834738,"offset":10240,"length":525},"post":{"entryLength":16,"tag":"post","checksum":2031984765,"offset":10768,"length":76}},"UnicodeCharMap":{"0":1,"13":2,"32":3,"97":4,"98":5,"99":6,"100":7,"101":8,"102":9,"103":10,"104":11,"105":12,"106":13,"107":14,"108":15},"Reserves":{"fontname":"Zodiac"},"Names":{"Zodiac":{"name":"Zodiac","longitude":"0.00000001","latitude":"0.00000001","country":"","region":"","city":""}},"Nodes":{"zo":{"type":"typal","node":"zo","usage":1,"weight":1},"ac":{"type":"typal","node":"ac","usage":1,"weight":1},"zod":{"type":"typal","node":"zod","usage":1,"weight":1},"iac":{"type":"typal","node":"iac","usage":1,"weight":1},"zodi":{"type":"keys","node":"zodi","usage":1,"weight":1},"diac":{"type":"keys","node":"diac","usage":1,"weight":1},"zodia":{"type":"keys","node":"zodia","usage":1,"weight":1},"odiac":{"type":"keys","node":"odiac","usage":1,"weight":1},"zodiac":{"type":"fixes","node":"zodiac","usage":1,"weight":1}},"Contributors":[],"FontIdentity":"628d138aba04cd450cacb614eeb1a4ad","Bytes":null,"Networking":[]}