{"CSS":{"LHF Naylorville":"zinc77:39516d598fc413b388d851799.css"},"FontType":"TrueType","FontCopyright":"(c) 2004 Letterhead Fonts","FontName":"LHF Naylorville","FontSubfamily":"Book","FontSubfamilyID":"FontForge 2.0 : LHF Naylorville : 26-11-2016","FontFullName":"LHF Naylorville","FontVersion":"Version 7\/14\/2004  www.lette ","FontWeight":null,"FontPostscriptName":"LHFNaylorville","Files":{"\/LHF Naylorville.css":"\/LHF Naylorville.css","\/font-resource.json":"\/font-resource.json","\/lhfnaylorvillebeta.afm":"\/lhfnaylorvillebeta.afm","\/lhfnaylorvillebeta.cef":"\/lhfnaylorvillebeta.cef","\/lhfnaylorvillebeta.cff":"\/lhfnaylorvillebeta.cff","\/lhfnaylorvillebeta.eot":"\/lhfnaylorvillebeta.eot","\/lhfnaylorvillebeta.gai":"\/lhfnaylorvillebeta.gai","\/lhfnaylorvillebeta.gsf":"\/lhfnaylorvillebeta.gsf","\/lhfnaylorvillebeta.otf":"\/lhfnaylorvillebeta.otf","\/lhfnaylorvillebeta.pf3":"\/lhfnaylorvillebeta.pf3","\/lhfnaylorvillebeta.pfa":"\/lhfnaylorvillebeta.pfa","\/lhfnaylorvillebeta.pfb":"\/lhfnaylorvillebeta.pfb","\/lhfnaylorvillebeta.php":"\/lhfnaylorvillebeta.php","\/lhfnaylorvillebeta.pt3":"\/lhfnaylorvillebeta.pt3","\/lhfnaylorvillebeta.sfd":"\/lhfnaylorvillebeta.sfd","\/lhfnaylorvillebeta.svg":"\/lhfnaylorvillebeta.svg","\/lhfnaylorvillebeta.t42":"\/lhfnaylorvillebeta.t42","\/lhfnaylorvillebeta.ttd":"\/lhfnaylorvillebeta.ttd","\/lhfnaylorvillebeta.ttf":"\/lhfnaylorvillebeta.ttf","\/lhfnaylorvillebeta.ttg":"\/lhfnaylorvillebeta.ttg","\/lhfnaylorvillebeta.ufm":"\/lhfnaylorvillebeta.ufm","\/lhfnaylorvillebeta.woff":"\/lhfnaylorvillebeta.woff","\/lhfnaylorvillebeta.z":"\/lhfnaylorvillebeta.z","\/lhfnaylorvillebeta.ufo\/feature.fea":"\/lhfnaylorvillebeta.ufo\/feature.fea","\/lhfnaylorvillebeta.ufo\/fontinfo.plist":"\/lhfnaylorvillebeta.ufo\/fontinfo.plist","\/lhfnaylorvillebeta.ufo\/groups.plist":"\/lhfnaylorvillebeta.ufo\/groups.plist","\/lhfnaylorvillebeta.ufo\/kerning.plist":"\/lhfnaylorvillebeta.ufo\/kerning.plist","\/lhfnaylorvillebeta.ufo\/metainfo.plist":"\/lhfnaylorvillebeta.ufo\/metainfo.plist","\/lhfnaylorvillebeta.ufo\/glyphs\/A_.glif":"\/lhfnaylorvillebeta.ufo\/glyphs\/A_.glif","\/lhfnaylorvillebeta.ufo\/glyphs\/A_E_.glif":"\/lhfnaylorvillebeta.ufo\/glyphs\/A_E_.glif","\/lhfnaylorvillebeta.ufo\/glyphs\/A_acute.glif":"\/lhfnaylorvillebeta.ufo\/glyphs\/A_acute.glif","\/lhfnaylorvillebeta.ufo\/glyphs\/A_circumflex.glif":"\/lhfnaylorvillebeta.ufo\/glyphs\/A_circumflex.glif","\/lhfnaylorvillebeta.ufo\/glyphs\/A_dieresis.glif":"\/lhfnaylorvillebeta.ufo\/glyphs\/A_dieresis.glif","\/lhfnaylorvillebeta.ufo\/glyphs\/A_grave.glif":"\/lhfnaylorvillebeta.ufo\/glyphs\/A_grave.glif","\/lhfnaylorvillebeta.ufo\/glyphs\/A_ring.glif":"\/lhfnaylorvillebeta.ufo\/glyphs\/A_ring.glif","\/lhfnaylorvillebeta.ufo\/glyphs\/A_tilde.glif":"\/lhfnaylorvillebeta.ufo\/glyphs\/A_tilde.glif","\/lhfnaylorvillebeta.ufo\/glyphs\/B_.glif":"\/lhfnaylorvillebeta.ufo\/glyphs\/B_.glif","\/lhfnaylorvillebeta.ufo\/glyphs\/C_.glif":"\/lhfnaylorvillebeta.ufo\/glyphs\/C_.glif","\/lhfnaylorvillebeta.ufo\/glyphs\/C_cedilla.glif":"\/lhfnaylorvillebeta.ufo\/glyphs\/C_cedilla.glif","\/lhfnaylorvillebeta.ufo\/glyphs\/D_.glif":"\/lhfnaylorvillebeta.ufo\/glyphs\/D_.glif","\/lhfnaylorvillebeta.ufo\/glyphs\/E_.glif":"\/lhfnaylorvillebeta.ufo\/glyphs\/E_.glif","\/lhfnaylorvillebeta.ufo\/glyphs\/E_acute.glif":"\/lhfnaylorvillebeta.ufo\/glyphs\/E_acute.glif","\/lhfnaylorvillebeta.ufo\/glyphs\/E_circumflex.glif":"\/lhfnaylorvillebeta.ufo\/glyphs\/E_circumflex.glif","\/lhfnaylorvillebeta.ufo\/glyphs\/E_dieresis.glif":"\/lhfnaylorvillebeta.ufo\/glyphs\/E_dieresis.glif","\/lhfnaylorvillebeta.ufo\/glyphs\/E_grave.glif":"\/lhfnaylorvillebeta.ufo\/glyphs\/E_grave.glif","\/lhfnaylorvillebeta.ufo\/glyphs\/E_th.glif":"\/lhfnaylorvillebeta.ufo\/glyphs\/E_th.glif","\/lhfnaylorvillebeta.ufo\/glyphs\/F_.glif":"\/lhfnaylorvillebeta.ufo\/glyphs\/F_.glif","\/lhfnaylorvillebeta.ufo\/glyphs\/G_.glif":"\/lhfnaylorvillebeta.ufo\/glyphs\/G_.glif","\/lhfnaylorvillebeta.ufo\/glyphs\/H_.glif":"\/lhfnaylorvillebeta.ufo\/glyphs\/H_.glif","\/lhfnaylorvillebeta.ufo\/glyphs\/I_.glif":"\/lhfnaylorvillebeta.ufo\/glyphs\/I_.glif","\/lhfnaylorvillebeta.ufo\/glyphs\/I_acute.glif":"\/lhfnaylorvillebeta.ufo\/glyphs\/I_acute.glif","\/lhfnaylorvillebeta.ufo\/glyphs\/I_circumflex.glif":"\/lhfnaylorvillebeta.ufo\/glyphs\/I_circumflex.glif","\/lhfnaylorvillebeta.ufo\/glyphs\/I_dieresis.glif":"\/lhfnaylorvillebeta.ufo\/glyphs\/I_dieresis.glif","\/lhfnaylorvillebeta.ufo\/glyphs\/I_grave.glif":"\/lhfnaylorvillebeta.ufo\/glyphs\/I_grave.glif","\/lhfnaylorvillebeta.ufo\/glyphs\/J_.glif":"\/lhfnaylorvillebeta.ufo\/glyphs\/J_.glif","\/lhfnaylorvillebeta.ufo\/glyphs\/K_.glif":"\/lhfnaylorvillebeta.ufo\/glyphs\/K_.glif","\/lhfnaylorvillebeta.ufo\/glyphs\/L_.glif":"\/lhfnaylorvillebeta.ufo\/glyphs\/L_.glif","\/lhfnaylorvillebeta.ufo\/glyphs\/M_.glif":"\/lhfnaylorvillebeta.ufo\/glyphs\/M_.glif","\/lhfnaylorvillebeta.ufo\/glyphs\/N_.glif":"\/lhfnaylorvillebeta.ufo\/glyphs\/N_.glif","\/lhfnaylorvillebeta.ufo\/glyphs\/N_tilde.glif":"\/lhfnaylorvillebeta.ufo\/glyphs\/N_tilde.glif","\/lhfnaylorvillebeta.ufo\/glyphs\/O_.glif":"\/lhfnaylorvillebeta.ufo\/glyphs\/O_.glif","\/lhfnaylorvillebeta.ufo\/glyphs\/O_E_.glif":"\/lhfnaylorvillebeta.ufo\/glyphs\/O_E_.glif","\/lhfnaylorvillebeta.ufo\/glyphs\/O_acute.glif":"\/lhfnaylorvillebeta.ufo\/glyphs\/O_acute.glif","\/lhfnaylorvillebeta.ufo\/glyphs\/O_circumflex.glif":"\/lhfnaylorvillebeta.ufo\/glyphs\/O_circumflex.glif","\/lhfnaylorvillebeta.ufo\/glyphs\/O_dieresis.glif":"\/lhfnaylorvillebeta.ufo\/glyphs\/O_dieresis.glif","\/lhfnaylorvillebeta.ufo\/glyphs\/O_grave.glif":"\/lhfnaylorvillebeta.ufo\/glyphs\/O_grave.glif","\/lhfnaylorvillebeta.ufo\/glyphs\/O_slash.glif":"\/lhfnaylorvillebeta.ufo\/glyphs\/O_slash.glif","\/lhfnaylorvillebeta.ufo\/glyphs\/O_tilde.glif":"\/lhfnaylorvillebeta.ufo\/glyphs\/O_tilde.glif","\/lhfnaylorvillebeta.ufo\/glyphs\/P_.glif":"\/lhfnaylorvillebeta.ufo\/glyphs\/P_.glif","\/lhfnaylorvillebeta.ufo\/glyphs\/Q_.glif":"\/lhfnaylorvillebeta.ufo\/glyphs\/Q_.glif","\/lhfnaylorvillebeta.ufo\/glyphs\/R_.glif":"\/lhfnaylorvillebeta.ufo\/glyphs\/R_.glif","\/lhfnaylorvillebeta.ufo\/glyphs\/S_.glif":"\/lhfnaylorvillebeta.ufo\/glyphs\/S_.glif","\/lhfnaylorvillebeta.ufo\/glyphs\/T_.glif":"\/lhfnaylorvillebeta.ufo\/glyphs\/T_.glif","\/lhfnaylorvillebeta.ufo\/glyphs\/T_horn.glif":"\/lhfnaylorvillebeta.ufo\/glyphs\/T_horn.glif","\/lhfnaylorvillebeta.ufo\/glyphs\/U_.glif":"\/lhfnaylorvillebeta.ufo\/glyphs\/U_.glif","\/lhfnaylorvillebeta.ufo\/glyphs\/U_acute.glif":"\/lhfnaylorvillebeta.ufo\/glyphs\/U_acute.glif","\/lhfnaylorvillebeta.ufo\/glyphs\/U_circumflex.glif":"\/lhfnaylorvillebeta.ufo\/glyphs\/U_circumflex.glif","\/lhfnaylorvillebeta.ufo\/glyphs\/U_dieresis.glif":"\/lhfnaylorvillebeta.ufo\/glyphs\/U_dieresis.glif","\/lhfnaylorvillebeta.ufo\/glyphs\/U_grave.glif":"\/lhfnaylorvillebeta.ufo\/glyphs\/U_grave.glif","\/lhfnaylorvillebeta.ufo\/glyphs\/V_.glif":"\/lhfnaylorvillebeta.ufo\/glyphs\/V_.glif","\/lhfnaylorvillebeta.ufo\/glyphs\/W_.glif":"\/lhfnaylorvillebeta.ufo\/glyphs\/W_.glif","\/lhfnaylorvillebeta.ufo\/glyphs\/X_.glif":"\/lhfnaylorvillebeta.ufo\/glyphs\/X_.glif","\/lhfnaylorvillebeta.ufo\/glyphs\/Y_.glif":"\/lhfnaylorvillebeta.ufo\/glyphs\/Y_.glif","\/lhfnaylorvillebeta.ufo\/glyphs\/Y_acute.glif":"\/lhfnaylorvillebeta.ufo\/glyphs\/Y_acute.glif","\/lhfnaylorvillebeta.ufo\/glyphs\/Z_.glif":"\/lhfnaylorvillebeta.ufo\/glyphs\/Z_.glif","\/lhfnaylorvillebeta.ufo\/glyphs\/_notdef.glif":"\/lhfnaylorvillebeta.ufo\/glyphs\/_notdef.glif","\/lhfnaylorvillebeta.ufo\/glyphs\/_null.glif":"\/lhfnaylorvillebeta.ufo\/glyphs\/_null.glif","\/lhfnaylorvillebeta.ufo\/glyphs\/a.glif":"\/lhfnaylorvillebeta.ufo\/glyphs\/a.glif","\/lhfnaylorvillebeta.ufo\/glyphs\/aacute.glif":"\/lhfnaylorvillebeta.ufo\/glyphs\/aacute.glif","\/lhfnaylorvillebeta.ufo\/glyphs\/acircumflex.glif":"\/lhfnaylorvillebeta.ufo\/glyphs\/acircumflex.glif","\/lhfnaylorvillebeta.ufo\/glyphs\/acute.glif":"\/lhfnaylorvillebeta.ufo\/glyphs\/acute.glif","\/lhfnaylorvillebeta.ufo\/glyphs\/adieresis.glif":"\/lhfnaylorvillebeta.ufo\/glyphs\/adieresis.glif","\/lhfnaylorvillebeta.ufo\/glyphs\/ae.glif":"\/lhfnaylorvillebeta.ufo\/glyphs\/ae.glif","\/lhfnaylorvillebeta.ufo\/glyphs\/agrave.glif":"\/lhfnaylorvillebeta.ufo\/glyphs\/agrave.glif","\/lhfnaylorvillebeta.ufo\/glyphs\/ampersand.glif":"\/lhfnaylorvillebeta.ufo\/glyphs\/ampersand.glif","\/lhfnaylorvillebeta.ufo\/glyphs\/aring.glif":"\/lhfnaylorvillebeta.ufo\/glyphs\/aring.glif","\/lhfnaylorvillebeta.ufo\/glyphs\/asciicircum.glif":"\/lhfnaylorvillebeta.ufo\/glyphs\/asciicircum.glif","\/lhfnaylorvillebeta.ufo\/glyphs\/asciitilde.glif":"\/lhfnaylorvillebeta.ufo\/glyphs\/asciitilde.glif","\/lhfnaylorvillebeta.ufo\/glyphs\/asterisk.glif":"\/lhfnaylorvillebeta.ufo\/glyphs\/asterisk.glif","\/lhfnaylorvillebeta.ufo\/glyphs\/at.glif":"\/lhfnaylorvillebeta.ufo\/glyphs\/at.glif","\/lhfnaylorvillebeta.ufo\/glyphs\/atilde.glif":"\/lhfnaylorvillebeta.ufo\/glyphs\/atilde.glif","\/lhfnaylorvillebeta.ufo\/glyphs\/b.glif":"\/lhfnaylorvillebeta.ufo\/glyphs\/b.glif","\/lhfnaylorvillebeta.ufo\/glyphs\/backslash.glif":"\/lhfnaylorvillebeta.ufo\/glyphs\/backslash.glif","\/lhfnaylorvillebeta.ufo\/glyphs\/bar.glif":"\/lhfnaylorvillebeta.ufo\/glyphs\/bar.glif","\/lhfnaylorvillebeta.ufo\/glyphs\/braceleft.glif":"\/lhfnaylorvillebeta.ufo\/glyphs\/braceleft.glif","\/lhfnaylorvillebeta.ufo\/glyphs\/braceright.glif":"\/lhfnaylorvillebeta.ufo\/glyphs\/braceright.glif","\/lhfnaylorvillebeta.ufo\/glyphs\/bracketleft.glif":"\/lhfnaylorvillebeta.ufo\/glyphs\/bracketleft.glif","\/lhfnaylorvillebeta.ufo\/glyphs\/bracketright.glif":"\/lhfnaylorvillebeta.ufo\/glyphs\/bracketright.glif","\/lhfnaylorvillebeta.ufo\/glyphs\/brokenbar.glif":"\/lhfnaylorvillebeta.ufo\/glyphs\/brokenbar.glif","\/lhfnaylorvillebeta.ufo\/glyphs\/c.glif":"\/lhfnaylorvillebeta.ufo\/glyphs\/c.glif","\/lhfnaylorvillebeta.ufo\/glyphs\/ccedilla.glif":"\/lhfnaylorvillebeta.ufo\/glyphs\/ccedilla.glif","\/lhfnaylorvillebeta.ufo\/glyphs\/cedilla.glif":"\/lhfnaylorvillebeta.ufo\/glyphs\/cedilla.glif","\/lhfnaylorvillebeta.ufo\/glyphs\/cent.glif":"\/lhfnaylorvillebeta.ufo\/glyphs\/cent.glif","\/lhfnaylorvillebeta.ufo\/glyphs\/colon.glif":"\/lhfnaylorvillebeta.ufo\/glyphs\/colon.glif","\/lhfnaylorvillebeta.ufo\/glyphs\/comma.glif":"\/lhfnaylorvillebeta.ufo\/glyphs\/comma.glif","\/lhfnaylorvillebeta.ufo\/glyphs\/contents.plist":"\/lhfnaylorvillebeta.ufo\/glyphs\/contents.plist","\/lhfnaylorvillebeta.ufo\/glyphs\/copyright.glif":"\/lhfnaylorvillebeta.ufo\/glyphs\/copyright.glif","\/lhfnaylorvillebeta.ufo\/glyphs\/currency.glif":"\/lhfnaylorvillebeta.ufo\/glyphs\/currency.glif","\/lhfnaylorvillebeta.ufo\/glyphs\/d.glif":"\/lhfnaylorvillebeta.ufo\/glyphs\/d.glif","\/lhfnaylorvillebeta.ufo\/glyphs\/degree.glif":"\/lhfnaylorvillebeta.ufo\/glyphs\/degree.glif","\/lhfnaylorvillebeta.ufo\/glyphs\/dieresis.glif":"\/lhfnaylorvillebeta.ufo\/glyphs\/dieresis.glif","\/lhfnaylorvillebeta.ufo\/glyphs\/dollar.glif":"\/lhfnaylorvillebeta.ufo\/glyphs\/dollar.glif","\/lhfnaylorvillebeta.ufo\/glyphs\/e.glif":"\/lhfnaylorvillebeta.ufo\/glyphs\/e.glif","\/lhfnaylorvillebeta.ufo\/glyphs\/eacute.glif":"\/lhfnaylorvillebeta.ufo\/glyphs\/eacute.glif","\/lhfnaylorvillebeta.ufo\/glyphs\/ecircumflex.glif":"\/lhfnaylorvillebeta.ufo\/glyphs\/ecircumflex.glif","\/lhfnaylorvillebeta.ufo\/glyphs\/edieresis.glif":"\/lhfnaylorvillebeta.ufo\/glyphs\/edieresis.glif","\/lhfnaylorvillebeta.ufo\/glyphs\/egrave.glif":"\/lhfnaylorvillebeta.ufo\/glyphs\/egrave.glif","\/lhfnaylorvillebeta.ufo\/glyphs\/eight.glif":"\/lhfnaylorvillebeta.ufo\/glyphs\/eight.glif","\/lhfnaylorvillebeta.ufo\/glyphs\/equal.glif":"\/lhfnaylorvillebeta.ufo\/glyphs\/equal.glif","\/lhfnaylorvillebeta.ufo\/glyphs\/eth.glif":"\/lhfnaylorvillebeta.ufo\/glyphs\/eth.glif","\/lhfnaylorvillebeta.ufo\/glyphs\/euro.glif":"\/lhfnaylorvillebeta.ufo\/glyphs\/euro.glif","\/lhfnaylorvillebeta.ufo\/glyphs\/exclam.glif":"\/lhfnaylorvillebeta.ufo\/glyphs\/exclam.glif","\/lhfnaylorvillebeta.ufo\/glyphs\/exclamdown.glif":"\/lhfnaylorvillebeta.ufo\/glyphs\/exclamdown.glif","\/lhfnaylorvillebeta.ufo\/glyphs\/f.glif":"\/lhfnaylorvillebeta.ufo\/glyphs\/f.glif","\/lhfnaylorvillebeta.ufo\/glyphs\/five.glif":"\/lhfnaylorvillebeta.ufo\/glyphs\/five.glif","\/lhfnaylorvillebeta.ufo\/glyphs\/four.glif":"\/lhfnaylorvillebeta.ufo\/glyphs\/four.glif","\/lhfnaylorvillebeta.ufo\/glyphs\/g.glif":"\/lhfnaylorvillebeta.ufo\/glyphs\/g.glif","\/lhfnaylorvillebeta.ufo\/glyphs\/germandbls.glif":"\/lhfnaylorvillebeta.ufo\/glyphs\/germandbls.glif","\/lhfnaylorvillebeta.ufo\/glyphs\/glyph102.glif":"\/lhfnaylorvillebeta.ufo\/glyphs\/glyph102.glif","\/lhfnaylorvillebeta.ufo\/glyphs\/glyph103.glif":"\/lhfnaylorvillebeta.ufo\/glyphs\/glyph103.glif","\/lhfnaylorvillebeta.ufo\/glyphs\/glyph104.glif":"\/lhfnaylorvillebeta.ufo\/glyphs\/glyph104.glif","\/lhfnaylorvillebeta.ufo\/glyphs\/glyph105.glif":"\/lhfnaylorvillebeta.ufo\/glyphs\/glyph105.glif","\/lhfnaylorvillebeta.ufo\/glyphs\/glyph106.glif":"\/lhfnaylorvillebeta.ufo\/glyphs\/glyph106.glif","\/lhfnaylorvillebeta.ufo\/glyphs\/glyph107.glif":"\/lhfnaylorvillebeta.ufo\/glyphs\/glyph107.glif","\/lhfnaylorvillebeta.ufo\/glyphs\/glyph108.glif":"\/lhfnaylorvillebeta.ufo\/glyphs\/glyph108.glif","\/lhfnaylorvillebeta.ufo\/glyphs\/glyph109.glif":"\/lhfnaylorvillebeta.ufo\/glyphs\/glyph109.glif","\/lhfnaylorvillebeta.ufo\/glyphs\/glyph110.glif":"\/lhfnaylorvillebeta.ufo\/glyphs\/glyph110.glif","\/lhfnaylorvillebeta.ufo\/glyphs\/glyph111.glif":"\/lhfnaylorvillebeta.ufo\/glyphs\/glyph111.glif","\/lhfnaylorvillebeta.ufo\/glyphs\/glyph112.glif":"\/lhfnaylorvillebeta.ufo\/glyphs\/glyph112.glif","\/lhfnaylorvillebeta.ufo\/glyphs\/glyph113.glif":"\/lhfnaylorvillebeta.ufo\/glyphs\/glyph113.glif","\/lhfnaylorvillebeta.ufo\/glyphs\/glyph114.glif":"\/lhfnaylorvillebeta.ufo\/glyphs\/glyph114.glif","\/lhfnaylorvillebeta.ufo\/glyphs\/glyph115.glif":"\/lhfnaylorvillebeta.ufo\/glyphs\/glyph115.glif","\/lhfnaylorvillebeta.ufo\/glyphs\/glyph116.glif":"\/lhfnaylorvillebeta.ufo\/glyphs\/glyph116.glif","\/lhfnaylorvillebeta.ufo\/glyphs\/glyph117.glif":"\/lhfnaylorvillebeta.ufo\/glyphs\/glyph117.glif","\/lhfnaylorvillebeta.ufo\/glyphs\/glyph118.glif":"\/lhfnaylorvillebeta.ufo\/glyphs\/glyph118.glif","\/lhfnaylorvillebeta.ufo\/glyphs\/glyph119.glif":"\/lhfnaylorvillebeta.ufo\/glyphs\/glyph119.glif","\/lhfnaylorvillebeta.ufo\/glyphs\/glyph120.glif":"\/lhfnaylorvillebeta.ufo\/glyphs\/glyph120.glif","\/lhfnaylorvillebeta.ufo\/glyphs\/glyph121.glif":"\/lhfnaylorvillebeta.ufo\/glyphs\/glyph121.glif","\/lhfnaylorvillebeta.ufo\/glyphs\/glyph122.glif":"\/lhfnaylorvillebeta.ufo\/glyphs\/glyph122.glif","\/lhfnaylorvillebeta.ufo\/glyphs\/glyph123.glif":"\/lhfnaylorvillebeta.ufo\/glyphs\/glyph123.glif","\/lhfnaylorvillebeta.ufo\/glyphs\/glyph124.glif":"\/lhfnaylorvillebeta.ufo\/glyphs\/glyph124.glif","\/lhfnaylorvillebeta.ufo\/glyphs\/glyph125.glif":"\/lhfnaylorvillebeta.ufo\/glyphs\/glyph125.glif","\/lhfnaylorvillebeta.ufo\/glyphs\/glyph126.glif":"\/lhfnaylorvillebeta.ufo\/glyphs\/glyph126.glif","\/lhfnaylorvillebeta.ufo\/glyphs\/glyph127.glif":"\/lhfnaylorvillebeta.ufo\/glyphs\/glyph127.glif","\/lhfnaylorvillebeta.ufo\/glyphs\/glyph128.glif":"\/lhfnaylorvillebeta.ufo\/glyphs\/glyph128.glif","\/lhfnaylorvillebeta.ufo\/glyphs\/glyph129.glif":"\/lhfnaylorvillebeta.ufo\/glyphs\/glyph129.glif","\/lhfnaylorvillebeta.ufo\/glyphs\/glyph130.glif":"\/lhfnaylorvillebeta.ufo\/glyphs\/glyph130.glif","\/lhfnaylorvillebeta.ufo\/glyphs\/glyph131.glif":"\/lhfnaylorvillebeta.ufo\/glyphs\/glyph131.glif","\/lhfnaylorvillebeta.ufo\/glyphs\/glyph132.glif":"\/lhfnaylorvillebeta.ufo\/glyphs\/glyph132.glif","\/lhfnaylorvillebeta.ufo\/glyphs\/glyph133.glif":"\/lhfnaylorvillebeta.ufo\/glyphs\/glyph133.glif","\/lhfnaylorvillebeta.ufo\/glyphs\/glyph134.glif":"\/lhfnaylorvillebeta.ufo\/glyphs\/glyph134.glif","\/lhfnaylorvillebeta.ufo\/glyphs\/glyph148.glif":"\/lhfnaylorvillebeta.ufo\/glyphs\/glyph148.glif","\/lhfnaylorvillebeta.ufo\/glyphs\/glyph4.glif":"\/lhfnaylorvillebeta.ufo\/glyphs\/glyph4.glif","\/lhfnaylorvillebeta.ufo\/glyphs\/glyph5.glif":"\/lhfnaylorvillebeta.ufo\/glyphs\/glyph5.glif","\/lhfnaylorvillebeta.ufo\/glyphs\/glyph6.glif":"\/lhfnaylorvillebeta.ufo\/glyphs\/glyph6.glif","\/lhfnaylorvillebeta.ufo\/glyphs\/glyph7.glif":"\/lhfnaylorvillebeta.ufo\/glyphs\/glyph7.glif","\/lhfnaylorvillebeta.ufo\/glyphs\/grave.glif":"\/lhfnaylorvillebeta.ufo\/glyphs\/grave.glif","\/lhfnaylorvillebeta.ufo\/glyphs\/greater.glif":"\/lhfnaylorvillebeta.ufo\/glyphs\/greater.glif","\/lhfnaylorvillebeta.ufo\/glyphs\/guillemotleft.glif":"\/lhfnaylorvillebeta.ufo\/glyphs\/guillemotleft.glif","\/lhfnaylorvillebeta.ufo\/glyphs\/guillemotright.glif":"\/lhfnaylorvillebeta.ufo\/glyphs\/guillemotright.glif","\/lhfnaylorvillebeta.ufo\/glyphs\/h.glif":"\/lhfnaylorvillebeta.ufo\/glyphs\/h.glif","\/lhfnaylorvillebeta.ufo\/glyphs\/hyphen.glif":"\/lhfnaylorvillebeta.ufo\/glyphs\/hyphen.glif","\/lhfnaylorvillebeta.ufo\/glyphs\/i.glif":"\/lhfnaylorvillebeta.ufo\/glyphs\/i.glif","\/lhfnaylorvillebeta.ufo\/glyphs\/iacute.glif":"\/lhfnaylorvillebeta.ufo\/glyphs\/iacute.glif","\/lhfnaylorvillebeta.ufo\/glyphs\/icircumflex.glif":"\/lhfnaylorvillebeta.ufo\/glyphs\/icircumflex.glif","\/lhfnaylorvillebeta.ufo\/glyphs\/idieresis.glif":"\/lhfnaylorvillebeta.ufo\/glyphs\/idieresis.glif","\/lhfnaylorvillebeta.ufo\/glyphs\/igrave.glif":"\/lhfnaylorvillebeta.ufo\/glyphs\/igrave.glif","\/lhfnaylorvillebeta.ufo\/glyphs\/j.glif":"\/lhfnaylorvillebeta.ufo\/glyphs\/j.glif","\/lhfnaylorvillebeta.ufo\/glyphs\/k.glif":"\/lhfnaylorvillebeta.ufo\/glyphs\/k.glif","\/lhfnaylorvillebeta.ufo\/glyphs\/l.glif":"\/lhfnaylorvillebeta.ufo\/glyphs\/l.glif","\/lhfnaylorvillebeta.ufo\/glyphs\/less.glif":"\/lhfnaylorvillebeta.ufo\/glyphs\/less.glif","\/lhfnaylorvillebeta.ufo\/glyphs\/logicalnot.glif":"\/lhfnaylorvillebeta.ufo\/glyphs\/logicalnot.glif","\/lhfnaylorvillebeta.ufo\/glyphs\/m.glif":"\/lhfnaylorvillebeta.ufo\/glyphs\/m.glif","\/lhfnaylorvillebeta.ufo\/glyphs\/middot.glif":"\/lhfnaylorvillebeta.ufo\/glyphs\/middot.glif","\/lhfnaylorvillebeta.ufo\/glyphs\/mu1.glif":"\/lhfnaylorvillebeta.ufo\/glyphs\/mu1.glif","\/lhfnaylorvillebeta.ufo\/glyphs\/multiply.glif":"\/lhfnaylorvillebeta.ufo\/glyphs\/multiply.glif","\/lhfnaylorvillebeta.ufo\/glyphs\/n.glif":"\/lhfnaylorvillebeta.ufo\/glyphs\/n.glif","\/lhfnaylorvillebeta.ufo\/glyphs\/nine.glif":"\/lhfnaylorvillebeta.ufo\/glyphs\/nine.glif","\/lhfnaylorvillebeta.ufo\/glyphs\/nonmarkingreturn.glif":"\/lhfnaylorvillebeta.ufo\/glyphs\/nonmarkingreturn.glif","\/lhfnaylorvillebeta.ufo\/glyphs\/ntilde.glif":"\/lhfnaylorvillebeta.ufo\/glyphs\/ntilde.glif","\/lhfnaylorvillebeta.ufo\/glyphs\/numbersign.glif":"\/lhfnaylorvillebeta.ufo\/glyphs\/numbersign.glif","\/lhfnaylorvillebeta.ufo\/glyphs\/o.glif":"\/lhfnaylorvillebeta.ufo\/glyphs\/o.glif","\/lhfnaylorvillebeta.ufo\/glyphs\/oacute.glif":"\/lhfnaylorvillebeta.ufo\/glyphs\/oacute.glif","\/lhfnaylorvillebeta.ufo\/glyphs\/ocircumflex.glif":"\/lhfnaylorvillebeta.ufo\/glyphs\/ocircumflex.glif","\/lhfnaylorvillebeta.ufo\/glyphs\/odieresis.glif":"\/lhfnaylorvillebeta.ufo\/glyphs\/odieresis.glif","\/lhfnaylorvillebeta.ufo\/glyphs\/oe.glif":"\/lhfnaylorvillebeta.ufo\/glyphs\/oe.glif","\/lhfnaylorvillebeta.ufo\/glyphs\/ograve.glif":"\/lhfnaylorvillebeta.ufo\/glyphs\/ograve.glif","\/lhfnaylorvillebeta.ufo\/glyphs\/one.glif":"\/lhfnaylorvillebeta.ufo\/glyphs\/one.glif","\/lhfnaylorvillebeta.ufo\/glyphs\/onehalf.glif":"\/lhfnaylorvillebeta.ufo\/glyphs\/onehalf.glif","\/lhfnaylorvillebeta.ufo\/glyphs\/onequarter.glif":"\/lhfnaylorvillebeta.ufo\/glyphs\/onequarter.glif","\/lhfnaylorvillebeta.ufo\/glyphs\/onesuperior.glif":"\/lhfnaylorvillebeta.ufo\/glyphs\/onesuperior.glif","\/lhfnaylorvillebeta.ufo\/glyphs\/ordfeminine.glif":"\/lhfnaylorvillebeta.ufo\/glyphs\/ordfeminine.glif","\/lhfnaylorvillebeta.ufo\/glyphs\/ordmasculine.glif":"\/lhfnaylorvillebeta.ufo\/glyphs\/ordmasculine.glif","\/lhfnaylorvillebeta.ufo\/glyphs\/oslash.glif":"\/lhfnaylorvillebeta.ufo\/glyphs\/oslash.glif","\/lhfnaylorvillebeta.ufo\/glyphs\/otilde.glif":"\/lhfnaylorvillebeta.ufo\/glyphs\/otilde.glif","\/lhfnaylorvillebeta.ufo\/glyphs\/overscore.glif":"\/lhfnaylorvillebeta.ufo\/glyphs\/overscore.glif","\/lhfnaylorvillebeta.ufo\/glyphs\/p.glif":"\/lhfnaylorvillebeta.ufo\/glyphs\/p.glif","\/lhfnaylorvillebeta.ufo\/glyphs\/paragraph.glif":"\/lhfnaylorvillebeta.ufo\/glyphs\/paragraph.glif","\/lhfnaylorvillebeta.ufo\/glyphs\/parenleft.glif":"\/lhfnaylorvillebeta.ufo\/glyphs\/parenleft.glif","\/lhfnaylorvillebeta.ufo\/glyphs\/parenright.glif":"\/lhfnaylorvillebeta.ufo\/glyphs\/parenright.glif","\/lhfnaylorvillebeta.ufo\/glyphs\/percent.glif":"\/lhfnaylorvillebeta.ufo\/glyphs\/percent.glif","\/lhfnaylorvillebeta.ufo\/glyphs\/period.glif":"\/lhfnaylorvillebeta.ufo\/glyphs\/period.glif","\/lhfnaylorvillebeta.ufo\/glyphs\/perthousand.glif":"\/lhfnaylorvillebeta.ufo\/glyphs\/perthousand.glif","\/lhfnaylorvillebeta.ufo\/glyphs\/plus.glif":"\/lhfnaylorvillebeta.ufo\/glyphs\/plus.glif","\/lhfnaylorvillebeta.ufo\/glyphs\/plusminus.glif":"\/lhfnaylorvillebeta.ufo\/glyphs\/plusminus.glif","\/lhfnaylorvillebeta.ufo\/glyphs\/q.glif":"\/lhfnaylorvillebeta.ufo\/glyphs\/q.glif","\/lhfnaylorvillebeta.ufo\/glyphs\/question.glif":"\/lhfnaylorvillebeta.ufo\/glyphs\/question.glif","\/lhfnaylorvillebeta.ufo\/glyphs\/questiondown.glif":"\/lhfnaylorvillebeta.ufo\/glyphs\/questiondown.glif","\/lhfnaylorvillebeta.ufo\/glyphs\/quotedbl.glif":"\/lhfnaylorvillebeta.ufo\/glyphs\/quotedbl.glif","\/lhfnaylorvillebeta.ufo\/glyphs\/quotedblbase.glif":"\/lhfnaylorvillebeta.ufo\/glyphs\/quotedblbase.glif","\/lhfnaylorvillebeta.ufo\/glyphs\/quotedblleft.glif":"\/lhfnaylorvillebeta.ufo\/glyphs\/quotedblleft.glif","\/lhfnaylorvillebeta.ufo\/glyphs\/quotedblright.glif":"\/lhfnaylorvillebeta.ufo\/glyphs\/quotedblright.glif","\/lhfnaylorvillebeta.ufo\/glyphs\/quoteleft.glif":"\/lhfnaylorvillebeta.ufo\/glyphs\/quoteleft.glif","\/lhfnaylorvillebeta.ufo\/glyphs\/quoteright.glif":"\/lhfnaylorvillebeta.ufo\/glyphs\/quoteright.glif","\/lhfnaylorvillebeta.ufo\/glyphs\/quotesinglbase.glif":"\/lhfnaylorvillebeta.ufo\/glyphs\/quotesinglbase.glif","\/lhfnaylorvillebeta.ufo\/glyphs\/quotesingle.glif":"\/lhfnaylorvillebeta.ufo\/glyphs\/quotesingle.glif","\/lhfnaylorvillebeta.ufo\/glyphs\/r.glif":"\/lhfnaylorvillebeta.ufo\/glyphs\/r.glif","\/lhfnaylorvillebeta.ufo\/glyphs\/registered.glif":"\/lhfnaylorvillebeta.ufo\/glyphs\/registered.glif","\/lhfnaylorvillebeta.ufo\/glyphs\/s.glif":"\/lhfnaylorvillebeta.ufo\/glyphs\/s.glif","\/lhfnaylorvillebeta.ufo\/glyphs\/section.glif":"\/lhfnaylorvillebeta.ufo\/glyphs\/section.glif","\/lhfnaylorvillebeta.ufo\/glyphs\/semicolon.glif":"\/lhfnaylorvillebeta.ufo\/glyphs\/semicolon.glif","\/lhfnaylorvillebeta.ufo\/glyphs\/seven.glif":"\/lhfnaylorvillebeta.ufo\/glyphs\/seven.glif","\/lhfnaylorvillebeta.ufo\/glyphs\/six.glif":"\/lhfnaylorvillebeta.ufo\/glyphs\/six.glif","\/lhfnaylorvillebeta.ufo\/glyphs\/slash.glif":"\/lhfnaylorvillebeta.ufo\/glyphs\/slash.glif","\/lhfnaylorvillebeta.ufo\/glyphs\/space.glif":"\/lhfnaylorvillebeta.ufo\/glyphs\/space.glif","\/lhfnaylorvillebeta.ufo\/glyphs\/sterling.glif":"\/lhfnaylorvillebeta.ufo\/glyphs\/sterling.glif","\/lhfnaylorvillebeta.ufo\/glyphs\/t.glif":"\/lhfnaylorvillebeta.ufo\/glyphs\/t.glif","\/lhfnaylorvillebeta.ufo\/glyphs\/thorn.glif":"\/lhfnaylorvillebeta.ufo\/glyphs\/thorn.glif","\/lhfnaylorvillebeta.ufo\/glyphs\/three.glif":"\/lhfnaylorvillebeta.ufo\/glyphs\/three.glif","\/lhfnaylorvillebeta.ufo\/glyphs\/threequarters.glif":"\/lhfnaylorvillebeta.ufo\/glyphs\/threequarters.glif","\/lhfnaylorvillebeta.ufo\/glyphs\/threesuperior.glif":"\/lhfnaylorvillebeta.ufo\/glyphs\/threesuperior.glif","\/lhfnaylorvillebeta.ufo\/glyphs\/two.glif":"\/lhfnaylorvillebeta.ufo\/glyphs\/two.glif","\/lhfnaylorvillebeta.ufo\/glyphs\/twosuperior.glif":"\/lhfnaylorvillebeta.ufo\/glyphs\/twosuperior.glif","\/lhfnaylorvillebeta.ufo\/glyphs\/u.glif":"\/lhfnaylorvillebeta.ufo\/glyphs\/u.glif","\/lhfnaylorvillebeta.ufo\/glyphs\/uacute.glif":"\/lhfnaylorvillebeta.ufo\/glyphs\/uacute.glif","\/lhfnaylorvillebeta.ufo\/glyphs\/ucircumflex.glif":"\/lhfnaylorvillebeta.ufo\/glyphs\/ucircumflex.glif","\/lhfnaylorvillebeta.ufo\/glyphs\/udieresis.glif":"\/lhfnaylorvillebeta.ufo\/glyphs\/udieresis.glif","\/lhfnaylorvillebeta.ufo\/glyphs\/ugrave.glif":"\/lhfnaylorvillebeta.ufo\/glyphs\/ugrave.glif","\/lhfnaylorvillebeta.ufo\/glyphs\/underscore.glif":"\/lhfnaylorvillebeta.ufo\/glyphs\/underscore.glif","\/lhfnaylorvillebeta.ufo\/glyphs\/v.glif":"\/lhfnaylorvillebeta.ufo\/glyphs\/v.glif","\/lhfnaylorvillebeta.ufo\/glyphs\/w.glif":"\/lhfnaylorvillebeta.ufo\/glyphs\/w.glif","\/lhfnaylorvillebeta.ufo\/glyphs\/x.glif":"\/lhfnaylorvillebeta.ufo\/glyphs\/x.glif","\/lhfnaylorvillebeta.ufo\/glyphs\/y.glif":"\/lhfnaylorvillebeta.ufo\/glyphs\/y.glif","\/lhfnaylorvillebeta.ufo\/glyphs\/yacute.glif":"\/lhfnaylorvillebeta.ufo\/glyphs\/yacute.glif","\/lhfnaylorvillebeta.ufo\/glyphs\/ydieresis.glif":"\/lhfnaylorvillebeta.ufo\/glyphs\/ydieresis.glif","\/lhfnaylorvillebeta.ufo\/glyphs\/yen.glif":"\/lhfnaylorvillebeta.ufo\/glyphs\/yen.glif","\/lhfnaylorvillebeta.ufo\/glyphs\/z.glif":"\/lhfnaylorvillebeta.ufo\/glyphs\/z.glif","\/lhfnaylorvillebeta.ufo\/glyphs\/zero.glif":"\/lhfnaylorvillebeta.ufo\/glyphs\/zero.glif"},"Font":{"uploaded":1480657472.0757,"licence":"gpl3","company":"Chronolabs Cooperative","title":"LHFNaylorville","version":3.002,"date":"Fri Nov 25 22:29:49 2016","creator":"root","type":"1","matrix":"0.001 0 0 0.001 0 0","named":"LHFNaylorville","painttype":"0","info":"10 dict dup","name":"LHF Naylorville","family":"LHF Naylorville","weight":"Book","fstype":"0","italicangle":"0","underlineposition":"","underlinethickness":""},"Licences":{"":false},"Table":{"FFTM":{"entryLength":16,"tag":"FFTM","checksum":1962493228,"offset":21608,"length":28},"GDEF":{"entryLength":16,"tag":"GDEF","checksum":18612228,"offset":21576,"length":32},"OS\/2":{"entryLength":16,"tag":"OS\/2","checksum":1444347947,"offset":344,"length":86},"cmap":{"entryLength":16,"tag":"cmap","checksum":3491879420,"offset":1388,"length":402},"gasp":{"entryLength":16,"tag":"gasp","checksum":4294901763,"offset":21568,"length":8},"glyf":{"entryLength":16,"tag":"glyf","checksum":2683597667,"offset":2272,"length":17788},"head":{"entryLength":16,"tag":"head","checksum":205031703,"offset":220,"length":54},"hhea":{"entryLength":16,"tag":"hhea","checksum":131269865,"offset":276,"length":36},"hmtx":{"entryLength":16,"tag":"hmtx","checksum":736691190,"offset":432,"length":956},"loca":{"entryLength":16,"tag":"loca","checksum":3229537084,"offset":1792,"length":480},"maxp":{"entryLength":16,"tag":"maxp","checksum":20709529,"offset":312,"length":32},"name":{"entryLength":16,"tag":"name","checksum":1195154436,"offset":20060,"length":633},"post":{"entryLength":16,"tag":"post","checksum":148834008,"offset":20696,"length":872}},"UnicodeCharMap":{"0":1,"13":2,"32":3,"33":4,"34":5,"35":6,"36":7,"37":8,"38":9,"39":10,"40":11,"41":12,"42":13,"43":14,"44":15,"45":16,"46":17,"47":18,"48":19,"49":20,"50":21,"51":22,"52":23,"53":24,"54":25,"55":26,"56":27,"57":28,"58":29,"59":30,"60":31,"61":32,"62":33,"63":34,"64":35,"65":36,"66":37,"67":38,"68":39,"69":40,"70":41,"71":42,"72":43,"73":44,"74":45,"75":46,"76":47,"77":48,"78":49,"79":50,"80":51,"81":52,"82":53,"83":54,"84":55,"85":56,"86":57,"87":58,"88":59,"89":60,"90":61,"91":62,"92":63,"93":64,"94":65,"95":66,"96":67,"97":68,"98":69,"99":70,"100":71,"101":72,"102":73,"103":74,"104":75,"105":76,"106":77,"107":78,"108":79,"109":80,"110":81,"111":82,"112":83,"113":84,"114":85,"115":86,"116":87,"117":88,"118":89,"119":90,"120":91,"121":92,"122":93,"123":94,"124":95,"125":96,"126":97,"161":98,"162":99,"163":100,"164":101,"165":102,"166":103,"167":104,"168":105,"169":106,"170":107,"171":108,"172":109,"174":110,"175":111,"176":112,"177":113,"178":114,"179":115,"180":116,"181":117,"182":118,"183":119,"184":120,"185":121,"186":122,"187":123,"188":124,"189":125,"190":126,"191":127,"192":128,"193":129,"194":130,"195":131,"196":132,"197":133,"198":134,"199":135,"200":136,"201":137,"202":138,"203":139,"204":140,"205":141,"206":142,"207":143,"208":144,"209":145,"210":146,"211":147,"212":148,"213":149,"214":150,"215":151,"216":152,"217":153,"218":154,"219":155,"220":156,"221":157,"222":158,"223":159,"224":160,"225":161,"226":162,"227":163,"228":164,"229":165,"230":166,"231":167,"232":168,"233":169,"234":170,"235":171,"236":172,"237":173,"238":174,"239":175,"240":176,"241":177,"242":178,"243":179,"244":180,"245":181,"246":182,"248":183,"249":184,"250":185,"251":186,"252":187,"253":188,"254":189,"255":190,"338":230,"339":231,"8216":232,"8217":233,"8218":234,"8220":235,"8221":236,"8222":237,"8240":238,"8364":228},"Reserves":{"fontname":"LHF Naylorville"},"Names":{"LHF Naylorville":{"name":"LHF Naylorville","longitude":"0.00000001","latitude":"0.00000001","country":"","region":"","city":""}},"Nodes":{"lh":{"type":"typal","node":"lh","usage":1,"weight":1},"hf":{"type":"typal","node":"hf","usage":1,"weight":1},"na":{"type":"typal","node":"na","usage":1,"weight":1},"le":{"type":"typal","node":"le","usage":1,"weight":1},"nay":{"type":"typal","node":"nay","usage":1,"weight":1},"lle":{"type":"typal","node":"lle","usage":1,"weight":1},"nayl":{"type":"keys","node":"nayl","usage":1,"weight":1},"ille":{"type":"keys","node":"ille","usage":1,"weight":1},"naylo":{"type":"keys","node":"naylo","usage":1,"weight":1},"ville":{"type":"keys","node":"ville","usage":1,"weight":1},"lhf":{"type":"fixes","node":"lhf","usage":1,"weight":1},"naylorville":{"type":"fixes","node":"naylorville","usage":1,"weight":1}},"Contributors":[],"FontIdentity":"zinc77:39516d598fc413b388d851799","Bytes":null,"Networking":[],"barcode":"12wi10oa4ouimqe","referee":"oauum"}