{"CSS":{"JournalUltraBoldOldstyle":"JournalUltraBoldOldstyle.css","Journal Ultra Bold Oldstyle":"aphgovau:38ff9225801ec8d9d38a721.css"},"FontType":"TrueType","FontCopyright":"Copyright (C) 1993 Emigre Graphics; Designed by Zuzana Licko","FontName":"JournalUltraBoldOldstyle","FontSubfamily":"UltraBoldOldstyle","FontSubfamilyID":"FontForge 2.0 : JournalUltraBoldOldstyle : 12-8-2016","FontFullName":"Journal Ultra Bold Oldstyle","FontVersion":"Version 001.000 ","FontWeight":null,"FontPostscriptName":"JournalUltraBoldOldstyle","Files":{"\/JournalUltraBoldOldstyle.css":"\/JournalUltraBoldOldstyle.css","\/aphgovau:38ff9225801ec8d9d38a721.css":"\/aphgovau:38ff9225801ec8d9d38a721.css","\/font-resource.json":"\/font-resource.json","\/journalultraboldoldstyle.afm":"\/journalultraboldoldstyle.afm","\/journalultraboldoldstyle.cef":"\/journalultraboldoldstyle.cef","\/journalultraboldoldstyle.cff":"\/journalultraboldoldstyle.cff","\/journalultraboldoldstyle.eot":"\/journalultraboldoldstyle.eot","\/journalultraboldoldstyle.gai":"\/journalultraboldoldstyle.gai","\/journalultraboldoldstyle.gsf":"\/journalultraboldoldstyle.gsf","\/journalultraboldoldstyle.otf":"\/journalultraboldoldstyle.otf","\/journalultraboldoldstyle.pf3":"\/journalultraboldoldstyle.pf3","\/journalultraboldoldstyle.pfa":"\/journalultraboldoldstyle.pfa","\/journalultraboldoldstyle.pfb":"\/journalultraboldoldstyle.pfb","\/journalultraboldoldstyle.php":"\/journalultraboldoldstyle.php","\/journalultraboldoldstyle.pt3":"\/journalultraboldoldstyle.pt3","\/journalultraboldoldstyle.sfd":"\/journalultraboldoldstyle.sfd","\/journalultraboldoldstyle.svg":"\/journalultraboldoldstyle.svg","\/journalultraboldoldstyle.t42":"\/journalultraboldoldstyle.t42","\/journalultraboldoldstyle.ttd":"\/journalultraboldoldstyle.ttd","\/journalultraboldoldstyle.ttf":"\/journalultraboldoldstyle.ttf","\/journalultraboldoldstyle.ttg":"\/journalultraboldoldstyle.ttg","\/journalultraboldoldstyle.ufm":"\/journalultraboldoldstyle.ufm","\/journalultraboldoldstyle.woff":"\/journalultraboldoldstyle.woff","\/journalultraboldoldstyle.z":"\/journalultraboldoldstyle.z","\/journalultraboldoldstyle.ufo\/feature.fea":"\/journalultraboldoldstyle.ufo\/feature.fea","\/journalultraboldoldstyle.ufo\/fontinfo.plist":"\/journalultraboldoldstyle.ufo\/fontinfo.plist","\/journalultraboldoldstyle.ufo\/groups.plist":"\/journalultraboldoldstyle.ufo\/groups.plist","\/journalultraboldoldstyle.ufo\/kerning.plist":"\/journalultraboldoldstyle.ufo\/kerning.plist","\/journalultraboldoldstyle.ufo\/metainfo.plist":"\/journalultraboldoldstyle.ufo\/metainfo.plist","\/journalultraboldoldstyle.ufo\/glyphs\/A_.glif":"\/journalultraboldoldstyle.ufo\/glyphs\/A_.glif","\/journalultraboldoldstyle.ufo\/glyphs\/A_E_.glif":"\/journalultraboldoldstyle.ufo\/glyphs\/A_E_.glif","\/journalultraboldoldstyle.ufo\/glyphs\/A_acute.glif":"\/journalultraboldoldstyle.ufo\/glyphs\/A_acute.glif","\/journalultraboldoldstyle.ufo\/glyphs\/A_circumflex.glif":"\/journalultraboldoldstyle.ufo\/glyphs\/A_circumflex.glif","\/journalultraboldoldstyle.ufo\/glyphs\/A_dieresis.glif":"\/journalultraboldoldstyle.ufo\/glyphs\/A_dieresis.glif","\/journalultraboldoldstyle.ufo\/glyphs\/A_grave.glif":"\/journalultraboldoldstyle.ufo\/glyphs\/A_grave.glif","\/journalultraboldoldstyle.ufo\/glyphs\/A_ring.glif":"\/journalultraboldoldstyle.ufo\/glyphs\/A_ring.glif","\/journalultraboldoldstyle.ufo\/glyphs\/A_tilde.glif":"\/journalultraboldoldstyle.ufo\/glyphs\/A_tilde.glif","\/journalultraboldoldstyle.ufo\/glyphs\/B_.glif":"\/journalultraboldoldstyle.ufo\/glyphs\/B_.glif","\/journalultraboldoldstyle.ufo\/glyphs\/C_.glif":"\/journalultraboldoldstyle.ufo\/glyphs\/C_.glif","\/journalultraboldoldstyle.ufo\/glyphs\/C_R_.glif":"\/journalultraboldoldstyle.ufo\/glyphs\/C_R_.glif","\/journalultraboldoldstyle.ufo\/glyphs\/C_cedilla.glif":"\/journalultraboldoldstyle.ufo\/glyphs\/C_cedilla.glif","\/journalultraboldoldstyle.ufo\/glyphs\/D_.glif":"\/journalultraboldoldstyle.ufo\/glyphs\/D_.glif","\/journalultraboldoldstyle.ufo\/glyphs\/D_C_1.glif":"\/journalultraboldoldstyle.ufo\/glyphs\/D_C_1.glif","\/journalultraboldoldstyle.ufo\/glyphs\/D_C_2.glif":"\/journalultraboldoldstyle.ufo\/glyphs\/D_C_2.glif","\/journalultraboldoldstyle.ufo\/glyphs\/D_C_3.glif":"\/journalultraboldoldstyle.ufo\/glyphs\/D_C_3.glif","\/journalultraboldoldstyle.ufo\/glyphs\/D_C_4.glif":"\/journalultraboldoldstyle.ufo\/glyphs\/D_C_4.glif","\/journalultraboldoldstyle.ufo\/glyphs\/D_E_L_.glif":"\/journalultraboldoldstyle.ufo\/glyphs\/D_E_L_.glif","\/journalultraboldoldstyle.ufo\/glyphs\/D_L_E_.glif":"\/journalultraboldoldstyle.ufo\/glyphs\/D_L_E_.glif","\/journalultraboldoldstyle.ufo\/glyphs\/D_elta.glif":"\/journalultraboldoldstyle.ufo\/glyphs\/D_elta.glif","\/journalultraboldoldstyle.ufo\/glyphs\/E_.glif":"\/journalultraboldoldstyle.ufo\/glyphs\/E_.glif","\/journalultraboldoldstyle.ufo\/glyphs\/E_acute.glif":"\/journalultraboldoldstyle.ufo\/glyphs\/E_acute.glif","\/journalultraboldoldstyle.ufo\/glyphs\/E_circumflex.glif":"\/journalultraboldoldstyle.ufo\/glyphs\/E_circumflex.glif","\/journalultraboldoldstyle.ufo\/glyphs\/E_dieresis.glif":"\/journalultraboldoldstyle.ufo\/glyphs\/E_dieresis.glif","\/journalultraboldoldstyle.ufo\/glyphs\/E_grave.glif":"\/journalultraboldoldstyle.ufo\/glyphs\/E_grave.glif","\/journalultraboldoldstyle.ufo\/glyphs\/E_th.glif":"\/journalultraboldoldstyle.ufo\/glyphs\/E_th.glif","\/journalultraboldoldstyle.ufo\/glyphs\/F_.glif":"\/journalultraboldoldstyle.ufo\/glyphs\/F_.glif","\/journalultraboldoldstyle.ufo\/glyphs\/G_.glif":"\/journalultraboldoldstyle.ufo\/glyphs\/G_.glif","\/journalultraboldoldstyle.ufo\/glyphs\/H_.glif":"\/journalultraboldoldstyle.ufo\/glyphs\/H_.glif","\/journalultraboldoldstyle.ufo\/glyphs\/H_T_.glif":"\/journalultraboldoldstyle.ufo\/glyphs\/H_T_.glif","\/journalultraboldoldstyle.ufo\/glyphs\/I_.glif":"\/journalultraboldoldstyle.ufo\/glyphs\/I_.glif","\/journalultraboldoldstyle.ufo\/glyphs\/I_acute.glif":"\/journalultraboldoldstyle.ufo\/glyphs\/I_acute.glif","\/journalultraboldoldstyle.ufo\/glyphs\/I_circumflex.glif":"\/journalultraboldoldstyle.ufo\/glyphs\/I_circumflex.glif","\/journalultraboldoldstyle.ufo\/glyphs\/I_dieresis.glif":"\/journalultraboldoldstyle.ufo\/glyphs\/I_dieresis.glif","\/journalultraboldoldstyle.ufo\/glyphs\/I_grave.glif":"\/journalultraboldoldstyle.ufo\/glyphs\/I_grave.glif","\/journalultraboldoldstyle.ufo\/glyphs\/J_.glif":"\/journalultraboldoldstyle.ufo\/glyphs\/J_.glif","\/journalultraboldoldstyle.ufo\/glyphs\/K_.glif":"\/journalultraboldoldstyle.ufo\/glyphs\/K_.glif","\/journalultraboldoldstyle.ufo\/glyphs\/L_.glif":"\/journalultraboldoldstyle.ufo\/glyphs\/L_.glif","\/journalultraboldoldstyle.ufo\/glyphs\/L_F_.glif":"\/journalultraboldoldstyle.ufo\/glyphs\/L_F_.glif","\/journalultraboldoldstyle.ufo\/glyphs\/L_slash.glif":"\/journalultraboldoldstyle.ufo\/glyphs\/L_slash.glif","\/journalultraboldoldstyle.ufo\/glyphs\/M_.glif":"\/journalultraboldoldstyle.ufo\/glyphs\/M_.glif","\/journalultraboldoldstyle.ufo\/glyphs\/N_.glif":"\/journalultraboldoldstyle.ufo\/glyphs\/N_.glif","\/journalultraboldoldstyle.ufo\/glyphs\/N_U_L_.glif":"\/journalultraboldoldstyle.ufo\/glyphs\/N_U_L_.glif","\/journalultraboldoldstyle.ufo\/glyphs\/N_tilde.glif":"\/journalultraboldoldstyle.ufo\/glyphs\/N_tilde.glif","\/journalultraboldoldstyle.ufo\/glyphs\/O_.glif":"\/journalultraboldoldstyle.ufo\/glyphs\/O_.glif","\/journalultraboldoldstyle.ufo\/glyphs\/O_E_.glif":"\/journalultraboldoldstyle.ufo\/glyphs\/O_E_.glif","\/journalultraboldoldstyle.ufo\/glyphs\/O_acute.glif":"\/journalultraboldoldstyle.ufo\/glyphs\/O_acute.glif","\/journalultraboldoldstyle.ufo\/glyphs\/O_circumflex.glif":"\/journalultraboldoldstyle.ufo\/glyphs\/O_circumflex.glif","\/journalultraboldoldstyle.ufo\/glyphs\/O_dieresis.glif":"\/journalultraboldoldstyle.ufo\/glyphs\/O_dieresis.glif","\/journalultraboldoldstyle.ufo\/glyphs\/O_grave.glif":"\/journalultraboldoldstyle.ufo\/glyphs\/O_grave.glif","\/journalultraboldoldstyle.ufo\/glyphs\/O_mega.glif":"\/journalultraboldoldstyle.ufo\/glyphs\/O_mega.glif","\/journalultraboldoldstyle.ufo\/glyphs\/O_slash.glif":"\/journalultraboldoldstyle.ufo\/glyphs\/O_slash.glif","\/journalultraboldoldstyle.ufo\/glyphs\/O_tilde.glif":"\/journalultraboldoldstyle.ufo\/glyphs\/O_tilde.glif","\/journalultraboldoldstyle.ufo\/glyphs\/P_.glif":"\/journalultraboldoldstyle.ufo\/glyphs\/P_.glif","\/journalultraboldoldstyle.ufo\/glyphs\/Q_.glif":"\/journalultraboldoldstyle.ufo\/glyphs\/Q_.glif","\/journalultraboldoldstyle.ufo\/glyphs\/R_.glif":"\/journalultraboldoldstyle.ufo\/glyphs\/R_.glif","\/journalultraboldoldstyle.ufo\/glyphs\/R_S_.glif":"\/journalultraboldoldstyle.ufo\/glyphs\/R_S_.glif","\/journalultraboldoldstyle.ufo\/glyphs\/S_.glif":"\/journalultraboldoldstyle.ufo\/glyphs\/S_.glif","\/journalultraboldoldstyle.ufo\/glyphs\/S_caron.glif":"\/journalultraboldoldstyle.ufo\/glyphs\/S_caron.glif","\/journalultraboldoldstyle.ufo\/glyphs\/T_.glif":"\/journalultraboldoldstyle.ufo\/glyphs\/T_.glif","\/journalultraboldoldstyle.ufo\/glyphs\/T_horn.glif":"\/journalultraboldoldstyle.ufo\/glyphs\/T_horn.glif","\/journalultraboldoldstyle.ufo\/glyphs\/U_.glif":"\/journalultraboldoldstyle.ufo\/glyphs\/U_.glif","\/journalultraboldoldstyle.ufo\/glyphs\/U_S_.glif":"\/journalultraboldoldstyle.ufo\/glyphs\/U_S_.glif","\/journalultraboldoldstyle.ufo\/glyphs\/U_acute.glif":"\/journalultraboldoldstyle.ufo\/glyphs\/U_acute.glif","\/journalultraboldoldstyle.ufo\/glyphs\/U_circumflex.glif":"\/journalultraboldoldstyle.ufo\/glyphs\/U_circumflex.glif","\/journalultraboldoldstyle.ufo\/glyphs\/U_dieresis.glif":"\/journalultraboldoldstyle.ufo\/glyphs\/U_dieresis.glif","\/journalultraboldoldstyle.ufo\/glyphs\/U_grave.glif":"\/journalultraboldoldstyle.ufo\/glyphs\/U_grave.glif","\/journalultraboldoldstyle.ufo\/glyphs\/V_.glif":"\/journalultraboldoldstyle.ufo\/glyphs\/V_.glif","\/journalultraboldoldstyle.ufo\/glyphs\/W_.glif":"\/journalultraboldoldstyle.ufo\/glyphs\/W_.glif","\/journalultraboldoldstyle.ufo\/glyphs\/X_.glif":"\/journalultraboldoldstyle.ufo\/glyphs\/X_.glif","\/journalultraboldoldstyle.ufo\/glyphs\/Y_.glif":"\/journalultraboldoldstyle.ufo\/glyphs\/Y_.glif","\/journalultraboldoldstyle.ufo\/glyphs\/Y_acute.glif":"\/journalultraboldoldstyle.ufo\/glyphs\/Y_acute.glif","\/journalultraboldoldstyle.ufo\/glyphs\/Y_dieresis.glif":"\/journalultraboldoldstyle.ufo\/glyphs\/Y_dieresis.glif","\/journalultraboldoldstyle.ufo\/glyphs\/Z_.glif":"\/journalultraboldoldstyle.ufo\/glyphs\/Z_.glif","\/journalultraboldoldstyle.ufo\/glyphs\/Z_caron.glif":"\/journalultraboldoldstyle.ufo\/glyphs\/Z_caron.glif","\/journalultraboldoldstyle.ufo\/glyphs\/a.glif":"\/journalultraboldoldstyle.ufo\/glyphs\/a.glif","\/journalultraboldoldstyle.ufo\/glyphs\/aacute.glif":"\/journalultraboldoldstyle.ufo\/glyphs\/aacute.glif","\/journalultraboldoldstyle.ufo\/glyphs\/acircumflex.glif":"\/journalultraboldoldstyle.ufo\/glyphs\/acircumflex.glif","\/journalultraboldoldstyle.ufo\/glyphs\/acute.glif":"\/journalultraboldoldstyle.ufo\/glyphs\/acute.glif","\/journalultraboldoldstyle.ufo\/glyphs\/adieresis.glif":"\/journalultraboldoldstyle.ufo\/glyphs\/adieresis.glif","\/journalultraboldoldstyle.ufo\/glyphs\/ae.glif":"\/journalultraboldoldstyle.ufo\/glyphs\/ae.glif","\/journalultraboldoldstyle.ufo\/glyphs\/agrave.glif":"\/journalultraboldoldstyle.ufo\/glyphs\/agrave.glif","\/journalultraboldoldstyle.ufo\/glyphs\/ampersand.glif":"\/journalultraboldoldstyle.ufo\/glyphs\/ampersand.glif","\/journalultraboldoldstyle.ufo\/glyphs\/apple.glif":"\/journalultraboldoldstyle.ufo\/glyphs\/apple.glif","\/journalultraboldoldstyle.ufo\/glyphs\/approxequal.glif":"\/journalultraboldoldstyle.ufo\/glyphs\/approxequal.glif","\/journalultraboldoldstyle.ufo\/glyphs\/aring.glif":"\/journalultraboldoldstyle.ufo\/glyphs\/aring.glif","\/journalultraboldoldstyle.ufo\/glyphs\/asciicircum.glif":"\/journalultraboldoldstyle.ufo\/glyphs\/asciicircum.glif","\/journalultraboldoldstyle.ufo\/glyphs\/asciitilde.glif":"\/journalultraboldoldstyle.ufo\/glyphs\/asciitilde.glif","\/journalultraboldoldstyle.ufo\/glyphs\/asterisk.glif":"\/journalultraboldoldstyle.ufo\/glyphs\/asterisk.glif","\/journalultraboldoldstyle.ufo\/glyphs\/at.glif":"\/journalultraboldoldstyle.ufo\/glyphs\/at.glif","\/journalultraboldoldstyle.ufo\/glyphs\/atilde.glif":"\/journalultraboldoldstyle.ufo\/glyphs\/atilde.glif","\/journalultraboldoldstyle.ufo\/glyphs\/b.glif":"\/journalultraboldoldstyle.ufo\/glyphs\/b.glif","\/journalultraboldoldstyle.ufo\/glyphs\/backslash.glif":"\/journalultraboldoldstyle.ufo\/glyphs\/backslash.glif","\/journalultraboldoldstyle.ufo\/glyphs\/bar.glif":"\/journalultraboldoldstyle.ufo\/glyphs\/bar.glif","\/journalultraboldoldstyle.ufo\/glyphs\/braceleft.glif":"\/journalultraboldoldstyle.ufo\/glyphs\/braceleft.glif","\/journalultraboldoldstyle.ufo\/glyphs\/braceright.glif":"\/journalultraboldoldstyle.ufo\/glyphs\/braceright.glif","\/journalultraboldoldstyle.ufo\/glyphs\/bracketleft.glif":"\/journalultraboldoldstyle.ufo\/glyphs\/bracketleft.glif","\/journalultraboldoldstyle.ufo\/glyphs\/bracketright.glif":"\/journalultraboldoldstyle.ufo\/glyphs\/bracketright.glif","\/journalultraboldoldstyle.ufo\/glyphs\/breve.glif":"\/journalultraboldoldstyle.ufo\/glyphs\/breve.glif","\/journalultraboldoldstyle.ufo\/glyphs\/brokenbar.glif":"\/journalultraboldoldstyle.ufo\/glyphs\/brokenbar.glif","\/journalultraboldoldstyle.ufo\/glyphs\/bullet.glif":"\/journalultraboldoldstyle.ufo\/glyphs\/bullet.glif","\/journalultraboldoldstyle.ufo\/glyphs\/c.glif":"\/journalultraboldoldstyle.ufo\/glyphs\/c.glif","\/journalultraboldoldstyle.ufo\/glyphs\/caron.glif":"\/journalultraboldoldstyle.ufo\/glyphs\/caron.glif","\/journalultraboldoldstyle.ufo\/glyphs\/ccedilla.glif":"\/journalultraboldoldstyle.ufo\/glyphs\/ccedilla.glif","\/journalultraboldoldstyle.ufo\/glyphs\/cedilla.glif":"\/journalultraboldoldstyle.ufo\/glyphs\/cedilla.glif","\/journalultraboldoldstyle.ufo\/glyphs\/cent.glif":"\/journalultraboldoldstyle.ufo\/glyphs\/cent.glif","\/journalultraboldoldstyle.ufo\/glyphs\/circumflex.glif":"\/journalultraboldoldstyle.ufo\/glyphs\/circumflex.glif","\/journalultraboldoldstyle.ufo\/glyphs\/colon.glif":"\/journalultraboldoldstyle.ufo\/glyphs\/colon.glif","\/journalultraboldoldstyle.ufo\/glyphs\/comma.glif":"\/journalultraboldoldstyle.ufo\/glyphs\/comma.glif","\/journalultraboldoldstyle.ufo\/glyphs\/contents.plist":"\/journalultraboldoldstyle.ufo\/glyphs\/contents.plist","\/journalultraboldoldstyle.ufo\/glyphs\/copyright.glif":"\/journalultraboldoldstyle.ufo\/glyphs\/copyright.glif","\/journalultraboldoldstyle.ufo\/glyphs\/currency.glif":"\/journalultraboldoldstyle.ufo\/glyphs\/currency.glif","\/journalultraboldoldstyle.ufo\/glyphs\/d.glif":"\/journalultraboldoldstyle.ufo\/glyphs\/d.glif","\/journalultraboldoldstyle.ufo\/glyphs\/dagger.glif":"\/journalultraboldoldstyle.ufo\/glyphs\/dagger.glif","\/journalultraboldoldstyle.ufo\/glyphs\/daggerdbl.glif":"\/journalultraboldoldstyle.ufo\/glyphs\/daggerdbl.glif","\/journalultraboldoldstyle.ufo\/glyphs\/degree.glif":"\/journalultraboldoldstyle.ufo\/glyphs\/degree.glif","\/journalultraboldoldstyle.ufo\/glyphs\/dieresis.glif":"\/journalultraboldoldstyle.ufo\/glyphs\/dieresis.glif","\/journalultraboldoldstyle.ufo\/glyphs\/divide.glif":"\/journalultraboldoldstyle.ufo\/glyphs\/divide.glif","\/journalultraboldoldstyle.ufo\/glyphs\/dollar.glif":"\/journalultraboldoldstyle.ufo\/glyphs\/dollar.glif","\/journalultraboldoldstyle.ufo\/glyphs\/dotaccent.glif":"\/journalultraboldoldstyle.ufo\/glyphs\/dotaccent.glif","\/journalultraboldoldstyle.ufo\/glyphs\/dotlessi.glif":"\/journalultraboldoldstyle.ufo\/glyphs\/dotlessi.glif","\/journalultraboldoldstyle.ufo\/glyphs\/e.glif":"\/journalultraboldoldstyle.ufo\/glyphs\/e.glif","\/journalultraboldoldstyle.ufo\/glyphs\/eacute.glif":"\/journalultraboldoldstyle.ufo\/glyphs\/eacute.glif","\/journalultraboldoldstyle.ufo\/glyphs\/ecircumflex.glif":"\/journalultraboldoldstyle.ufo\/glyphs\/ecircumflex.glif","\/journalultraboldoldstyle.ufo\/glyphs\/edieresis.glif":"\/journalultraboldoldstyle.ufo\/glyphs\/edieresis.glif","\/journalultraboldoldstyle.ufo\/glyphs\/egrave.glif":"\/journalultraboldoldstyle.ufo\/glyphs\/egrave.glif","\/journalultraboldoldstyle.ufo\/glyphs\/eight.glif":"\/journalultraboldoldstyle.ufo\/glyphs\/eight.glif","\/journalultraboldoldstyle.ufo\/glyphs\/ellipsis.glif":"\/journalultraboldoldstyle.ufo\/glyphs\/ellipsis.glif","\/journalultraboldoldstyle.ufo\/glyphs\/emdash.glif":"\/journalultraboldoldstyle.ufo\/glyphs\/emdash.glif","\/journalultraboldoldstyle.ufo\/glyphs\/endash.glif":"\/journalultraboldoldstyle.ufo\/glyphs\/endash.glif","\/journalultraboldoldstyle.ufo\/glyphs\/equal.glif":"\/journalultraboldoldstyle.ufo\/glyphs\/equal.glif","\/journalultraboldoldstyle.ufo\/glyphs\/eth.glif":"\/journalultraboldoldstyle.ufo\/glyphs\/eth.glif","\/journalultraboldoldstyle.ufo\/glyphs\/exclam.glif":"\/journalultraboldoldstyle.ufo\/glyphs\/exclam.glif","\/journalultraboldoldstyle.ufo\/glyphs\/exclamdown.glif":"\/journalultraboldoldstyle.ufo\/glyphs\/exclamdown.glif","\/journalultraboldoldstyle.ufo\/glyphs\/f.glif":"\/journalultraboldoldstyle.ufo\/glyphs\/f.glif","\/journalultraboldoldstyle.ufo\/glyphs\/fi.glif":"\/journalultraboldoldstyle.ufo\/glyphs\/fi.glif","\/journalultraboldoldstyle.ufo\/glyphs\/five.glif":"\/journalultraboldoldstyle.ufo\/glyphs\/five.glif","\/journalultraboldoldstyle.ufo\/glyphs\/fl.glif":"\/journalultraboldoldstyle.ufo\/glyphs\/fl.glif","\/journalultraboldoldstyle.ufo\/glyphs\/florin.glif":"\/journalultraboldoldstyle.ufo\/glyphs\/florin.glif","\/journalultraboldoldstyle.ufo\/glyphs\/four.glif":"\/journalultraboldoldstyle.ufo\/glyphs\/four.glif","\/journalultraboldoldstyle.ufo\/glyphs\/fraction.glif":"\/journalultraboldoldstyle.ufo\/glyphs\/fraction.glif","\/journalultraboldoldstyle.ufo\/glyphs\/g.glif":"\/journalultraboldoldstyle.ufo\/glyphs\/g.glif","\/journalultraboldoldstyle.ufo\/glyphs\/germandbls.glif":"\/journalultraboldoldstyle.ufo\/glyphs\/germandbls.glif","\/journalultraboldoldstyle.ufo\/glyphs\/grave.glif":"\/journalultraboldoldstyle.ufo\/glyphs\/grave.glif","\/journalultraboldoldstyle.ufo\/glyphs\/greater.glif":"\/journalultraboldoldstyle.ufo\/glyphs\/greater.glif","\/journalultraboldoldstyle.ufo\/glyphs\/greaterequal.glif":"\/journalultraboldoldstyle.ufo\/glyphs\/greaterequal.glif","\/journalultraboldoldstyle.ufo\/glyphs\/guillemotleft.glif":"\/journalultraboldoldstyle.ufo\/glyphs\/guillemotleft.glif","\/journalultraboldoldstyle.ufo\/glyphs\/guillemotright.glif":"\/journalultraboldoldstyle.ufo\/glyphs\/guillemotright.glif","\/journalultraboldoldstyle.ufo\/glyphs\/guilsinglleft.glif":"\/journalultraboldoldstyle.ufo\/glyphs\/guilsinglleft.glif","\/journalultraboldoldstyle.ufo\/glyphs\/guilsinglright.glif":"\/journalultraboldoldstyle.ufo\/glyphs\/guilsinglright.glif","\/journalultraboldoldstyle.ufo\/glyphs\/h.glif":"\/journalultraboldoldstyle.ufo\/glyphs\/h.glif","\/journalultraboldoldstyle.ufo\/glyphs\/hungarumlaut.glif":"\/journalultraboldoldstyle.ufo\/glyphs\/hungarumlaut.glif","\/journalultraboldoldstyle.ufo\/glyphs\/hyphen.glif":"\/journalultraboldoldstyle.ufo\/glyphs\/hyphen.glif","\/journalultraboldoldstyle.ufo\/glyphs\/i.glif":"\/journalultraboldoldstyle.ufo\/glyphs\/i.glif","\/journalultraboldoldstyle.ufo\/glyphs\/iacute.glif":"\/journalultraboldoldstyle.ufo\/glyphs\/iacute.glif","\/journalultraboldoldstyle.ufo\/glyphs\/icircumflex.glif":"\/journalultraboldoldstyle.ufo\/glyphs\/icircumflex.glif","\/journalultraboldoldstyle.ufo\/glyphs\/idieresis.glif":"\/journalultraboldoldstyle.ufo\/glyphs\/idieresis.glif","\/journalultraboldoldstyle.ufo\/glyphs\/igrave.glif":"\/journalultraboldoldstyle.ufo\/glyphs\/igrave.glif","\/journalultraboldoldstyle.ufo\/glyphs\/infinity.glif":"\/journalultraboldoldstyle.ufo\/glyphs\/infinity.glif","\/journalultraboldoldstyle.ufo\/glyphs\/integral.glif":"\/journalultraboldoldstyle.ufo\/glyphs\/integral.glif","\/journalultraboldoldstyle.ufo\/glyphs\/j.glif":"\/journalultraboldoldstyle.ufo\/glyphs\/j.glif","\/journalultraboldoldstyle.ufo\/glyphs\/k.glif":"\/journalultraboldoldstyle.ufo\/glyphs\/k.glif","\/journalultraboldoldstyle.ufo\/glyphs\/l.glif":"\/journalultraboldoldstyle.ufo\/glyphs\/l.glif","\/journalultraboldoldstyle.ufo\/glyphs\/less.glif":"\/journalultraboldoldstyle.ufo\/glyphs\/less.glif","\/journalultraboldoldstyle.ufo\/glyphs\/lessequal.glif":"\/journalultraboldoldstyle.ufo\/glyphs\/lessequal.glif","\/journalultraboldoldstyle.ufo\/glyphs\/logicalnot.glif":"\/journalultraboldoldstyle.ufo\/glyphs\/logicalnot.glif","\/journalultraboldoldstyle.ufo\/glyphs\/lozenge.glif":"\/journalultraboldoldstyle.ufo\/glyphs\/lozenge.glif","\/journalultraboldoldstyle.ufo\/glyphs\/lslash.glif":"\/journalultraboldoldstyle.ufo\/glyphs\/lslash.glif","\/journalultraboldoldstyle.ufo\/glyphs\/m.glif":"\/journalultraboldoldstyle.ufo\/glyphs\/m.glif","\/journalultraboldoldstyle.ufo\/glyphs\/macron.glif":"\/journalultraboldoldstyle.ufo\/glyphs\/macron.glif","\/journalultraboldoldstyle.ufo\/glyphs\/minus.glif":"\/journalultraboldoldstyle.ufo\/glyphs\/minus.glif","\/journalultraboldoldstyle.ufo\/glyphs\/mu.glif":"\/journalultraboldoldstyle.ufo\/glyphs\/mu.glif","\/journalultraboldoldstyle.ufo\/glyphs\/multiply.glif":"\/journalultraboldoldstyle.ufo\/glyphs\/multiply.glif","\/journalultraboldoldstyle.ufo\/glyphs\/n.glif":"\/journalultraboldoldstyle.ufo\/glyphs\/n.glif","\/journalultraboldoldstyle.ufo\/glyphs\/nbspace.glif":"\/journalultraboldoldstyle.ufo\/glyphs\/nbspace.glif","\/journalultraboldoldstyle.ufo\/glyphs\/nine.glif":"\/journalultraboldoldstyle.ufo\/glyphs\/nine.glif","\/journalultraboldoldstyle.ufo\/glyphs\/notequal.glif":"\/journalultraboldoldstyle.ufo\/glyphs\/notequal.glif","\/journalultraboldoldstyle.ufo\/glyphs\/ntilde.glif":"\/journalultraboldoldstyle.ufo\/glyphs\/ntilde.glif","\/journalultraboldoldstyle.ufo\/glyphs\/numbersign.glif":"\/journalultraboldoldstyle.ufo\/glyphs\/numbersign.glif","\/journalultraboldoldstyle.ufo\/glyphs\/o.glif":"\/journalultraboldoldstyle.ufo\/glyphs\/o.glif","\/journalultraboldoldstyle.ufo\/glyphs\/oacute.glif":"\/journalultraboldoldstyle.ufo\/glyphs\/oacute.glif","\/journalultraboldoldstyle.ufo\/glyphs\/ocircumflex.glif":"\/journalultraboldoldstyle.ufo\/glyphs\/ocircumflex.glif","\/journalultraboldoldstyle.ufo\/glyphs\/odieresis.glif":"\/journalultraboldoldstyle.ufo\/glyphs\/odieresis.glif","\/journalultraboldoldstyle.ufo\/glyphs\/oe.glif":"\/journalultraboldoldstyle.ufo\/glyphs\/oe.glif","\/journalultraboldoldstyle.ufo\/glyphs\/ogonek.glif":"\/journalultraboldoldstyle.ufo\/glyphs\/ogonek.glif","\/journalultraboldoldstyle.ufo\/glyphs\/ograve.glif":"\/journalultraboldoldstyle.ufo\/glyphs\/ograve.glif","\/journalultraboldoldstyle.ufo\/glyphs\/one.glif":"\/journalultraboldoldstyle.ufo\/glyphs\/one.glif","\/journalultraboldoldstyle.ufo\/glyphs\/onehalf.glif":"\/journalultraboldoldstyle.ufo\/glyphs\/onehalf.glif","\/journalultraboldoldstyle.ufo\/glyphs\/onequarter.glif":"\/journalultraboldoldstyle.ufo\/glyphs\/onequarter.glif","\/journalultraboldoldstyle.ufo\/glyphs\/onesuperior.glif":"\/journalultraboldoldstyle.ufo\/glyphs\/onesuperior.glif","\/journalultraboldoldstyle.ufo\/glyphs\/ordfeminine.glif":"\/journalultraboldoldstyle.ufo\/glyphs\/ordfeminine.glif","\/journalultraboldoldstyle.ufo\/glyphs\/ordmasculine.glif":"\/journalultraboldoldstyle.ufo\/glyphs\/ordmasculine.glif","\/journalultraboldoldstyle.ufo\/glyphs\/oslash.glif":"\/journalultraboldoldstyle.ufo\/glyphs\/oslash.glif","\/journalultraboldoldstyle.ufo\/glyphs\/otilde.glif":"\/journalultraboldoldstyle.ufo\/glyphs\/otilde.glif","\/journalultraboldoldstyle.ufo\/glyphs\/p.glif":"\/journalultraboldoldstyle.ufo\/glyphs\/p.glif","\/journalultraboldoldstyle.ufo\/glyphs\/paragraph.glif":"\/journalultraboldoldstyle.ufo\/glyphs\/paragraph.glif","\/journalultraboldoldstyle.ufo\/glyphs\/parenleft.glif":"\/journalultraboldoldstyle.ufo\/glyphs\/parenleft.glif","\/journalultraboldoldstyle.ufo\/glyphs\/parenright.glif":"\/journalultraboldoldstyle.ufo\/glyphs\/parenright.glif","\/journalultraboldoldstyle.ufo\/glyphs\/partialdiff.glif":"\/journalultraboldoldstyle.ufo\/glyphs\/partialdiff.glif","\/journalultraboldoldstyle.ufo\/glyphs\/percent.glif":"\/journalultraboldoldstyle.ufo\/glyphs\/percent.glif","\/journalultraboldoldstyle.ufo\/glyphs\/period.glif":"\/journalultraboldoldstyle.ufo\/glyphs\/period.glif","\/journalultraboldoldstyle.ufo\/glyphs\/periodcentered.glif":"\/journalultraboldoldstyle.ufo\/glyphs\/periodcentered.glif","\/journalultraboldoldstyle.ufo\/glyphs\/perthousand.glif":"\/journalultraboldoldstyle.ufo\/glyphs\/perthousand.glif","\/journalultraboldoldstyle.ufo\/glyphs\/pi.glif":"\/journalultraboldoldstyle.ufo\/glyphs\/pi.glif","\/journalultraboldoldstyle.ufo\/glyphs\/plus.glif":"\/journalultraboldoldstyle.ufo\/glyphs\/plus.glif","\/journalultraboldoldstyle.ufo\/glyphs\/plusminus.glif":"\/journalultraboldoldstyle.ufo\/glyphs\/plusminus.glif","\/journalultraboldoldstyle.ufo\/glyphs\/product.glif":"\/journalultraboldoldstyle.ufo\/glyphs\/product.glif","\/journalultraboldoldstyle.ufo\/glyphs\/q.glif":"\/journalultraboldoldstyle.ufo\/glyphs\/q.glif","\/journalultraboldoldstyle.ufo\/glyphs\/question.glif":"\/journalultraboldoldstyle.ufo\/glyphs\/question.glif","\/journalultraboldoldstyle.ufo\/glyphs\/questiondown.glif":"\/journalultraboldoldstyle.ufo\/glyphs\/questiondown.glif","\/journalultraboldoldstyle.ufo\/glyphs\/quotedbl.glif":"\/journalultraboldoldstyle.ufo\/glyphs\/quotedbl.glif","\/journalultraboldoldstyle.ufo\/glyphs\/quotedblbase.glif":"\/journalultraboldoldstyle.ufo\/glyphs\/quotedblbase.glif","\/journalultraboldoldstyle.ufo\/glyphs\/quotedblleft.glif":"\/journalultraboldoldstyle.ufo\/glyphs\/quotedblleft.glif","\/journalultraboldoldstyle.ufo\/glyphs\/quotedblright.glif":"\/journalultraboldoldstyle.ufo\/glyphs\/quotedblright.glif","\/journalultraboldoldstyle.ufo\/glyphs\/quoteleft.glif":"\/journalultraboldoldstyle.ufo\/glyphs\/quoteleft.glif","\/journalultraboldoldstyle.ufo\/glyphs\/quoteright.glif":"\/journalultraboldoldstyle.ufo\/glyphs\/quoteright.glif","\/journalultraboldoldstyle.ufo\/glyphs\/quotesinglbase.glif":"\/journalultraboldoldstyle.ufo\/glyphs\/quotesinglbase.glif","\/journalultraboldoldstyle.ufo\/glyphs\/quotesingle.glif":"\/journalultraboldoldstyle.ufo\/glyphs\/quotesingle.glif","\/journalultraboldoldstyle.ufo\/glyphs\/r.glif":"\/journalultraboldoldstyle.ufo\/glyphs\/r.glif","\/journalultraboldoldstyle.ufo\/glyphs\/radical.glif":"\/journalultraboldoldstyle.ufo\/glyphs\/radical.glif","\/journalultraboldoldstyle.ufo\/glyphs\/registered.glif":"\/journalultraboldoldstyle.ufo\/glyphs\/registered.glif","\/journalultraboldoldstyle.ufo\/glyphs\/ring.glif":"\/journalultraboldoldstyle.ufo\/glyphs\/ring.glif","\/journalultraboldoldstyle.ufo\/glyphs\/s.glif":"\/journalultraboldoldstyle.ufo\/glyphs\/s.glif","\/journalultraboldoldstyle.ufo\/glyphs\/scaron.glif":"\/journalultraboldoldstyle.ufo\/glyphs\/scaron.glif","\/journalultraboldoldstyle.ufo\/glyphs\/section.glif":"\/journalultraboldoldstyle.ufo\/glyphs\/section.glif","\/journalultraboldoldstyle.ufo\/glyphs\/semicolon.glif":"\/journalultraboldoldstyle.ufo\/glyphs\/semicolon.glif","\/journalultraboldoldstyle.ufo\/glyphs\/seven.glif":"\/journalultraboldoldstyle.ufo\/glyphs\/seven.glif","\/journalultraboldoldstyle.ufo\/glyphs\/six.glif":"\/journalultraboldoldstyle.ufo\/glyphs\/six.glif","\/journalultraboldoldstyle.ufo\/glyphs\/slash.glif":"\/journalultraboldoldstyle.ufo\/glyphs\/slash.glif","\/journalultraboldoldstyle.ufo\/glyphs\/space.glif":"\/journalultraboldoldstyle.ufo\/glyphs\/space.glif","\/journalultraboldoldstyle.ufo\/glyphs\/sterling.glif":"\/journalultraboldoldstyle.ufo\/glyphs\/sterling.glif","\/journalultraboldoldstyle.ufo\/glyphs\/summation.glif":"\/journalultraboldoldstyle.ufo\/glyphs\/summation.glif","\/journalultraboldoldstyle.ufo\/glyphs\/t.glif":"\/journalultraboldoldstyle.ufo\/glyphs\/t.glif","\/journalultraboldoldstyle.ufo\/glyphs\/thorn.glif":"\/journalultraboldoldstyle.ufo\/glyphs\/thorn.glif","\/journalultraboldoldstyle.ufo\/glyphs\/three.glif":"\/journalultraboldoldstyle.ufo\/glyphs\/three.glif","\/journalultraboldoldstyle.ufo\/glyphs\/threequarters.glif":"\/journalultraboldoldstyle.ufo\/glyphs\/threequarters.glif","\/journalultraboldoldstyle.ufo\/glyphs\/threesuperior.glif":"\/journalultraboldoldstyle.ufo\/glyphs\/threesuperior.glif","\/journalultraboldoldstyle.ufo\/glyphs\/tilde.glif":"\/journalultraboldoldstyle.ufo\/glyphs\/tilde.glif","\/journalultraboldoldstyle.ufo\/glyphs\/trademark.glif":"\/journalultraboldoldstyle.ufo\/glyphs\/trademark.glif","\/journalultraboldoldstyle.ufo\/glyphs\/two.glif":"\/journalultraboldoldstyle.ufo\/glyphs\/two.glif","\/journalultraboldoldstyle.ufo\/glyphs\/twosuperior.glif":"\/journalultraboldoldstyle.ufo\/glyphs\/twosuperior.glif","\/journalultraboldoldstyle.ufo\/glyphs\/u.glif":"\/journalultraboldoldstyle.ufo\/glyphs\/u.glif","\/journalultraboldoldstyle.ufo\/glyphs\/uacute.glif":"\/journalultraboldoldstyle.ufo\/glyphs\/uacute.glif","\/journalultraboldoldstyle.ufo\/glyphs\/ucircumflex.glif":"\/journalultraboldoldstyle.ufo\/glyphs\/ucircumflex.glif","\/journalultraboldoldstyle.ufo\/glyphs\/udieresis.glif":"\/journalultraboldoldstyle.ufo\/glyphs\/udieresis.glif","\/journalultraboldoldstyle.ufo\/glyphs\/ugrave.glif":"\/journalultraboldoldstyle.ufo\/glyphs\/ugrave.glif","\/journalultraboldoldstyle.ufo\/glyphs\/underscore.glif":"\/journalultraboldoldstyle.ufo\/glyphs\/underscore.glif","\/journalultraboldoldstyle.ufo\/glyphs\/v.glif":"\/journalultraboldoldstyle.ufo\/glyphs\/v.glif","\/journalultraboldoldstyle.ufo\/glyphs\/w.glif":"\/journalultraboldoldstyle.ufo\/glyphs\/w.glif","\/journalultraboldoldstyle.ufo\/glyphs\/x.glif":"\/journalultraboldoldstyle.ufo\/glyphs\/x.glif","\/journalultraboldoldstyle.ufo\/glyphs\/y.glif":"\/journalultraboldoldstyle.ufo\/glyphs\/y.glif","\/journalultraboldoldstyle.ufo\/glyphs\/yacute.glif":"\/journalultraboldoldstyle.ufo\/glyphs\/yacute.glif","\/journalultraboldoldstyle.ufo\/glyphs\/ydieresis.glif":"\/journalultraboldoldstyle.ufo\/glyphs\/ydieresis.glif","\/journalultraboldoldstyle.ufo\/glyphs\/yen.glif":"\/journalultraboldoldstyle.ufo\/glyphs\/yen.glif","\/journalultraboldoldstyle.ufo\/glyphs\/z.glif":"\/journalultraboldoldstyle.ufo\/glyphs\/z.glif","\/journalultraboldoldstyle.ufo\/glyphs\/zcaron.glif":"\/journalultraboldoldstyle.ufo\/glyphs\/zcaron.glif","\/journalultraboldoldstyle.ufo\/glyphs\/zero.glif":"\/journalultraboldoldstyle.ufo\/glyphs\/zero.glif"},"Font":{"uploaded":1471024657.8646,"licence":"gpl3","company":"Chronolabs Cooperative","title":"Journal Ultra Bold Oldstyle","version":3.002,"date":"Fri Aug 12 06:56:08 2016","creator":"root","type":"1","matrix":"0.001 0 0 0.001 0 0","named":"JournalUltraBoldOldstyle","painttype":"0","info":"10 dict dup","name":"JournalUltraBoldOldstyle","family":"JournalUltraBoldOldstyle","weight":"Medium","italicangle":"0","underlineposition":"","underlinethickness":""},"Licences":{"":false},"Table":{"FFTM":{"entryLength":16,"tag":"FFTM","checksum":1944345186,"offset":23928,"length":28},"GDEF":{"entryLength":16,"tag":"GDEF","checksum":19922950,"offset":23896,"length":32},"OS\/2":{"entryLength":16,"tag":"OS\/2","checksum":2026913229,"offset":344,"length":86},"cmap":{"entryLength":16,"tag":"cmap","checksum":1800591154,"offset":1464,"length":1306},"gasp":{"entryLength":16,"tag":"gasp","checksum":4294901763,"offset":23888,"length":8},"glyf":{"entryLength":16,"tag":"glyf","checksum":2499483190,"offset":3292,"length":19144},"head":{"entryLength":16,"tag":"head","checksum":209369689,"offset":220,"length":54},"hhea":{"entryLength":16,"tag":"hhea","checksum":159843817,"offset":276,"length":36},"hmtx":{"entryLength":16,"tag":"hmtx","checksum":2423992004,"offset":432,"length":1032},"loca":{"entryLength":16,"tag":"loca","checksum":4042065102,"offset":2772,"length":520},"maxp":{"entryLength":16,"tag":"maxp","checksum":22151341,"offset":312,"length":32},"name":{"entryLength":16,"tag":"name","checksum":2735691626,"offset":22436,"length":846},"post":{"entryLength":16,"tag":"post","checksum":190713047,"offset":23284,"length":603}},"UnicodeCharMap":{"32":3,"33":4,"34":5,"35":6,"36":7,"37":8,"38":9,"39":106,"40":11,"41":12,"42":13,"43":14,"44":15,"45":16,"46":17,"47":18,"48":19,"49":20,"50":21,"51":22,"52":23,"53":24,"54":25,"55":26,"56":27,"57":28,"58":29,"59":30,"60":31,"61":32,"62":33,"63":34,"64":35,"65":36,"66":37,"67":38,"68":39,"69":40,"70":41,"71":42,"72":43,"73":44,"74":45,"75":46,"76":47,"77":48,"78":49,"79":50,"80":51,"81":52,"82":53,"83":54,"84":55,"85":56,"86":57,"87":58,"88":59,"89":60,"90":61,"91":62,"92":63,"93":64,"94":65,"95":66,"96":126,"97":68,"98":69,"99":70,"100":71,"101":72,"102":73,"103":74,"104":75,"105":76,"106":77,"107":78,"108":79,"109":80,"110":81,"111":82,"112":83,"113":84,"114":85,"115":86,"116":87,"117":88,"118":89,"119":90,"120":91,"121":92,"122":93,"123":94,"124":95,"125":96,"126":97,"160":235,"161":98,"162":99,"163":100,"164":105,"165":102,"166":177,"167":104,"168":133,"169":217,"170":141,"171":108,"172":231,"174":216,"175":130,"176":215,"177":221,"178":176,"179":175,"180":127,"182":117,"183":116,"184":135,"185":173,"186":145,"187":122,"188":172,"189":171,"190":174,"191":125,"192":236,"193":245,"194":243,"195":237,"196":183,"197":184,"198":140,"199":185,"200":247,"201":186,"202":244,"203":246,"204":251,"205":248,"206":249,"207":250,"208":153,"209":187,"210":255,"211":252,"212":253,"213":238,"214":188,"215":179,"216":143,"217":258,"218":256,"219":257,"220":189,"221":157,"222":161,"223":151,"224":191,"225":190,"226":192,"227":194,"228":193,"229":195,"230":146,"231":196,"232":198,"233":197,"234":199,"235":200,"236":202,"237":201,"238":203,"239":204,"240":154,"241":205,"242":207,"243":206,"244":208,"245":210,"246":209,"247":239,"248":149,"249":212,"250":211,"251":213,"252":214,"253":158,"254":162,"255":241,"305":147,"321":142,"322":148,"338":144,"339":150,"352":155,"353":156,"376":242,"381":164,"382":165,"402":103,"710":128,"711":138,"728":131,"729":132,"730":134,"731":137,"732":129,"733":136,"916":234,"937":230,"956":224,"960":228,"8211":113,"8212":139,"8216":67,"8217":10,"8218":119,"8220":107,"8221":121,"8222":120,"8224":114,"8225":115,"8226":118,"8230":123,"8240":124,"8249":109,"8250":110,"8260":101,"8482":218,"8706":225,"8719":227,"8721":226,"8722":178,"8730":232,"8734":220,"8747":229,"8776":233,"8800":219,"8804":222,"8805":223,"9674":240,"64257":111,"64258":112},"Reserves":{"fontname":"Journal Ultra Bold Oldstyle"},"Names":{"Journal Ultra Bold Oldstyle":{"name":"Journal Ultra Bold Oldstyle","longitude":"0.00000001","latitude":"0.00000001","country":"","region":"","city":""}},"Nodes":{"jo":{"type":"typal","node":"jo","usage":1,"weight":1},"al":{"type":"typal","node":"al","usage":1,"weight":1},"ul":{"type":"typal","node":"ul","usage":1,"weight":1},"ra":{"type":"typal","node":"ra","usage":1,"weight":1},"bo":{"type":"typal","node":"bo","usage":1,"weight":1},"ld":{"type":"typal","node":"ld","usage":1,"weight":1},"ol":{"type":"typal","node":"ol","usage":1,"weight":1},"le":{"type":"typal","node":"le","usage":1,"weight":1},"jou":{"type":"typal","node":"jou","usage":1,"weight":1},"nal":{"type":"typal","node":"nal","usage":1,"weight":1},"ult":{"type":"typal","node":"ult","usage":1,"weight":1},"tra":{"type":"typal","node":"tra","usage":1,"weight":1},"bol":{"type":"typal","node":"bol","usage":1,"weight":1},"old":{"type":"typal","node":"old","usage":1,"weight":2},"yle":{"type":"typal","node":"yle","usage":1,"weight":1},"jour":{"type":"keys","node":"jour","usage":1,"weight":1},"rnal":{"type":"keys","node":"rnal","usage":1,"weight":1},"ultr":{"type":"keys","node":"ultr","usage":1,"weight":1},"ltra":{"type":"keys","node":"ltra","usage":1,"weight":1},"olds":{"type":"keys","node":"olds","usage":1,"weight":1},"tyle":{"type":"keys","node":"tyle","usage":1,"weight":1},"journ":{"type":"keys","node":"journ","usage":1,"weight":1},"urnal":{"type":"keys","node":"urnal","usage":1,"weight":1},"oldst":{"type":"keys","node":"oldst","usage":1,"weight":1},"style":{"type":"keys","node":"style","usage":1,"weight":1},"journal":{"type":"fixes","node":"journal","usage":1,"weight":1},"ultra":{"type":"fixes","node":"ultra","usage":1,"weight":1},"bold":{"type":"fixes","node":"bold","usage":1,"weight":1},"oldstyle":{"type":"fixes","node":"oldstyle","usage":1,"weight":1}},"Contributors":[],"FontIdentity":"aphgovau:38ff9225801ec8d9d38a721","Bytes":null,"Networking":[],"barcode":"AgAYaowEsQw","referee":"iuoey"}