{"CSS":{"OpticalCode":"OpticalCode.css"},"FontType":"TrueType","FontCopyright":"Copyright (c) 1995 Solotech Design. All Rights Reserved.","FontName":"OpticalCode","FontSubfamily":"Medium","FontSubfamilyID":"FontForge 2.0 : OpticalCode : 12-8-2016","FontFullName":"Optical Code","FontVersion":"Version 001.000 ","FontWeight":null,"FontPostscriptName":"OpticalCode","Files":{"\/fonts\/Unpacking\/b5134d62797a2fa18c97ceadc63ed982dd1060f5\/opticalcode.afm":"\/fonts\/Unpacking\/b5134d62797a2fa18c97ceadc63ed982dd1060f5\/opticalcode.afm","\/fonts\/Unpacking\/b5134d62797a2fa18c97ceadc63ed982dd1060f5\/opticalcode.bin":"\/fonts\/Unpacking\/b5134d62797a2fa18c97ceadc63ed982dd1060f5\/opticalcode.bin","\/fonts\/Unpacking\/b5134d62797a2fa18c97ceadc63ed982dd1060f5\/opticalcode.cef":"\/fonts\/Unpacking\/b5134d62797a2fa18c97ceadc63ed982dd1060f5\/opticalcode.cef","\/fonts\/Unpacking\/b5134d62797a2fa18c97ceadc63ed982dd1060f5\/opticalcode.cff":"\/fonts\/Unpacking\/b5134d62797a2fa18c97ceadc63ed982dd1060f5\/opticalcode.cff","\/fonts\/Unpacking\/b5134d62797a2fa18c97ceadc63ed982dd1060f5\/opticalcode.cid":"\/fonts\/Unpacking\/b5134d62797a2fa18c97ceadc63ed982dd1060f5\/opticalcode.cid","\/fonts\/Unpacking\/b5134d62797a2fa18c97ceadc63ed982dd1060f5\/opticalcode.dfont":"\/fonts\/Unpacking\/b5134d62797a2fa18c97ceadc63ed982dd1060f5\/opticalcode.dfont","\/fonts\/Unpacking\/b5134d62797a2fa18c97ceadc63ed982dd1060f5\/opticalcode.eot":"\/fonts\/Unpacking\/b5134d62797a2fa18c97ceadc63ed982dd1060f5\/opticalcode.eot","\/fonts\/Unpacking\/b5134d62797a2fa18c97ceadc63ed982dd1060f5\/opticalcode.fon":"\/fonts\/Unpacking\/b5134d62797a2fa18c97ceadc63ed982dd1060f5\/opticalcode.fon","\/fonts\/Unpacking\/b5134d62797a2fa18c97ceadc63ed982dd1060f5\/opticalcode.gai":"\/fonts\/Unpacking\/b5134d62797a2fa18c97ceadc63ed982dd1060f5\/opticalcode.gai","\/fonts\/Unpacking\/b5134d62797a2fa18c97ceadc63ed982dd1060f5\/opticalcode.gsf":"\/fonts\/Unpacking\/b5134d62797a2fa18c97ceadc63ed982dd1060f5\/opticalcode.gsf","\/fonts\/Unpacking\/b5134d62797a2fa18c97ceadc63ed982dd1060f5\/opticalcode.hqx":"\/fonts\/Unpacking\/b5134d62797a2fa18c97ceadc63ed982dd1060f5\/opticalcode.hqx","\/fonts\/Unpacking\/b5134d62797a2fa18c97ceadc63ed982dd1060f5\/opticalcode.ik":"\/fonts\/Unpacking\/b5134d62797a2fa18c97ceadc63ed982dd1060f5\/opticalcode.ik","\/fonts\/Unpacking\/b5134d62797a2fa18c97ceadc63ed982dd1060f5\/opticalcode.mf":"\/fonts\/Unpacking\/b5134d62797a2fa18c97ceadc63ed982dd1060f5\/opticalcode.mf","\/fonts\/Unpacking\/b5134d62797a2fa18c97ceadc63ed982dd1060f5\/opticalcode.otf":"\/fonts\/Unpacking\/b5134d62797a2fa18c97ceadc63ed982dd1060f5\/opticalcode.otf","\/fonts\/Unpacking\/b5134d62797a2fa18c97ceadc63ed982dd1060f5\/opticalcode.pcf":"\/fonts\/Unpacking\/b5134d62797a2fa18c97ceadc63ed982dd1060f5\/opticalcode.pcf","\/fonts\/Unpacking\/b5134d62797a2fa18c97ceadc63ed982dd1060f5\/opticalcode.pf3":"\/fonts\/Unpacking\/b5134d62797a2fa18c97ceadc63ed982dd1060f5\/opticalcode.pf3","\/fonts\/Unpacking\/b5134d62797a2fa18c97ceadc63ed982dd1060f5\/opticalcode.pfa":"\/fonts\/Unpacking\/b5134d62797a2fa18c97ceadc63ed982dd1060f5\/opticalcode.pfa","\/fonts\/Unpacking\/b5134d62797a2fa18c97ceadc63ed982dd1060f5\/opticalcode.pfb":"\/fonts\/Unpacking\/b5134d62797a2fa18c97ceadc63ed982dd1060f5\/opticalcode.pfb","\/fonts\/Unpacking\/b5134d62797a2fa18c97ceadc63ed982dd1060f5\/opticalcode.php":"\/fonts\/Unpacking\/b5134d62797a2fa18c97ceadc63ed982dd1060f5\/opticalcode.php","\/fonts\/Unpacking\/b5134d62797a2fa18c97ceadc63ed982dd1060f5\/opticalcode.pmf":"\/fonts\/Unpacking\/b5134d62797a2fa18c97ceadc63ed982dd1060f5\/opticalcode.pmf","\/fonts\/Unpacking\/b5134d62797a2fa18c97ceadc63ed982dd1060f5\/opticalcode.pt3":"\/fonts\/Unpacking\/b5134d62797a2fa18c97ceadc63ed982dd1060f5\/opticalcode.pt3","\/fonts\/Unpacking\/b5134d62797a2fa18c97ceadc63ed982dd1060f5\/opticalcode.sfd":"\/fonts\/Unpacking\/b5134d62797a2fa18c97ceadc63ed982dd1060f5\/opticalcode.sfd","\/fonts\/Unpacking\/b5134d62797a2fa18c97ceadc63ed982dd1060f5\/opticalcode.svg":"\/fonts\/Unpacking\/b5134d62797a2fa18c97ceadc63ed982dd1060f5\/opticalcode.svg","\/fonts\/Unpacking\/b5134d62797a2fa18c97ceadc63ed982dd1060f5\/opticalcode.t42":"\/fonts\/Unpacking\/b5134d62797a2fa18c97ceadc63ed982dd1060f5\/opticalcode.t42","\/fonts\/Unpacking\/b5134d62797a2fa18c97ceadc63ed982dd1060f5\/opticalcode.ttd":"\/fonts\/Unpacking\/b5134d62797a2fa18c97ceadc63ed982dd1060f5\/opticalcode.ttd","\/fonts\/Unpacking\/b5134d62797a2fa18c97ceadc63ed982dd1060f5\/opticalcode.ttf":"\/fonts\/Unpacking\/b5134d62797a2fa18c97ceadc63ed982dd1060f5\/opticalcode.ttf","\/fonts\/Unpacking\/b5134d62797a2fa18c97ceadc63ed982dd1060f5\/opticalcode.ttg":"\/fonts\/Unpacking\/b5134d62797a2fa18c97ceadc63ed982dd1060f5\/opticalcode.ttg","\/fonts\/Unpacking\/b5134d62797a2fa18c97ceadc63ed982dd1060f5\/opticalcode.ufm":"\/fonts\/Unpacking\/b5134d62797a2fa18c97ceadc63ed982dd1060f5\/opticalcode.ufm","\/fonts\/Unpacking\/b5134d62797a2fa18c97ceadc63ed982dd1060f5\/opticalcode.woff":"\/fonts\/Unpacking\/b5134d62797a2fa18c97ceadc63ed982dd1060f5\/opticalcode.woff","\/fonts\/Unpacking\/b5134d62797a2fa18c97ceadc63ed982dd1060f5\/opticalcode.z":"\/fonts\/Unpacking\/b5134d62797a2fa18c97ceadc63ed982dd1060f5\/opticalcode.z","\/fonts\/Unpacking\/b5134d62797a2fa18c97ceadc63ed982dd1060f5\/opticalcode.ufo\/feature.fea":"\/fonts\/Unpacking\/b5134d62797a2fa18c97ceadc63ed982dd1060f5\/opticalcode.ufo\/feature.fea","\/fonts\/Unpacking\/b5134d62797a2fa18c97ceadc63ed982dd1060f5\/opticalcode.ufo\/fontinfo.plist":"\/fonts\/Unpacking\/b5134d62797a2fa18c97ceadc63ed982dd1060f5\/opticalcode.ufo\/fontinfo.plist","\/fonts\/Unpacking\/b5134d62797a2fa18c97ceadc63ed982dd1060f5\/opticalcode.ufo\/groups.plist":"\/fonts\/Unpacking\/b5134d62797a2fa18c97ceadc63ed982dd1060f5\/opticalcode.ufo\/groups.plist","\/fonts\/Unpacking\/b5134d62797a2fa18c97ceadc63ed982dd1060f5\/opticalcode.ufo\/kerning.plist":"\/fonts\/Unpacking\/b5134d62797a2fa18c97ceadc63ed982dd1060f5\/opticalcode.ufo\/kerning.plist","\/fonts\/Unpacking\/b5134d62797a2fa18c97ceadc63ed982dd1060f5\/opticalcode.ufo\/metainfo.plist":"\/fonts\/Unpacking\/b5134d62797a2fa18c97ceadc63ed982dd1060f5\/opticalcode.ufo\/metainfo.plist","\/fonts\/Unpacking\/b5134d62797a2fa18c97ceadc63ed982dd1060f5\/opticalcode.ufo\/glyphs\/A_.glif":"\/fonts\/Unpacking\/b5134d62797a2fa18c97ceadc63ed982dd1060f5\/opticalcode.ufo\/glyphs\/A_.glif","\/fonts\/Unpacking\/b5134d62797a2fa18c97ceadc63ed982dd1060f5\/opticalcode.ufo\/glyphs\/A_E_.glif":"\/fonts\/Unpacking\/b5134d62797a2fa18c97ceadc63ed982dd1060f5\/opticalcode.ufo\/glyphs\/A_E_.glif","\/fonts\/Unpacking\/b5134d62797a2fa18c97ceadc63ed982dd1060f5\/opticalcode.ufo\/glyphs\/A_dieresis.glif":"\/fonts\/Unpacking\/b5134d62797a2fa18c97ceadc63ed982dd1060f5\/opticalcode.ufo\/glyphs\/A_dieresis.glif","\/fonts\/Unpacking\/b5134d62797a2fa18c97ceadc63ed982dd1060f5\/opticalcode.ufo\/glyphs\/A_ring.glif":"\/fonts\/Unpacking\/b5134d62797a2fa18c97ceadc63ed982dd1060f5\/opticalcode.ufo\/glyphs\/A_ring.glif","\/fonts\/Unpacking\/b5134d62797a2fa18c97ceadc63ed982dd1060f5\/opticalcode.ufo\/glyphs\/B_.glif":"\/fonts\/Unpacking\/b5134d62797a2fa18c97ceadc63ed982dd1060f5\/opticalcode.ufo\/glyphs\/B_.glif","\/fonts\/Unpacking\/b5134d62797a2fa18c97ceadc63ed982dd1060f5\/opticalcode.ufo\/glyphs\/C_.glif":"\/fonts\/Unpacking\/b5134d62797a2fa18c97ceadc63ed982dd1060f5\/opticalcode.ufo\/glyphs\/C_.glif","\/fonts\/Unpacking\/b5134d62797a2fa18c97ceadc63ed982dd1060f5\/opticalcode.ufo\/glyphs\/D_.glif":"\/fonts\/Unpacking\/b5134d62797a2fa18c97ceadc63ed982dd1060f5\/opticalcode.ufo\/glyphs\/D_.glif","\/fonts\/Unpacking\/b5134d62797a2fa18c97ceadc63ed982dd1060f5\/opticalcode.ufo\/glyphs\/E_.glif":"\/fonts\/Unpacking\/b5134d62797a2fa18c97ceadc63ed982dd1060f5\/opticalcode.ufo\/glyphs\/E_.glif","\/fonts\/Unpacking\/b5134d62797a2fa18c97ceadc63ed982dd1060f5\/opticalcode.ufo\/glyphs\/F_.glif":"\/fonts\/Unpacking\/b5134d62797a2fa18c97ceadc63ed982dd1060f5\/opticalcode.ufo\/glyphs\/F_.glif","\/fonts\/Unpacking\/b5134d62797a2fa18c97ceadc63ed982dd1060f5\/opticalcode.ufo\/glyphs\/G_.glif":"\/fonts\/Unpacking\/b5134d62797a2fa18c97ceadc63ed982dd1060f5\/opticalcode.ufo\/glyphs\/G_.glif","\/fonts\/Unpacking\/b5134d62797a2fa18c97ceadc63ed982dd1060f5\/opticalcode.ufo\/glyphs\/H_.glif":"\/fonts\/Unpacking\/b5134d62797a2fa18c97ceadc63ed982dd1060f5\/opticalcode.ufo\/glyphs\/H_.glif","\/fonts\/Unpacking\/b5134d62797a2fa18c97ceadc63ed982dd1060f5\/opticalcode.ufo\/glyphs\/I_.glif":"\/fonts\/Unpacking\/b5134d62797a2fa18c97ceadc63ed982dd1060f5\/opticalcode.ufo\/glyphs\/I_.glif","\/fonts\/Unpacking\/b5134d62797a2fa18c97ceadc63ed982dd1060f5\/opticalcode.ufo\/glyphs\/J_.glif":"\/fonts\/Unpacking\/b5134d62797a2fa18c97ceadc63ed982dd1060f5\/opticalcode.ufo\/glyphs\/J_.glif","\/fonts\/Unpacking\/b5134d62797a2fa18c97ceadc63ed982dd1060f5\/opticalcode.ufo\/glyphs\/K_.glif":"\/fonts\/Unpacking\/b5134d62797a2fa18c97ceadc63ed982dd1060f5\/opticalcode.ufo\/glyphs\/K_.glif","\/fonts\/Unpacking\/b5134d62797a2fa18c97ceadc63ed982dd1060f5\/opticalcode.ufo\/glyphs\/L_.glif":"\/fonts\/Unpacking\/b5134d62797a2fa18c97ceadc63ed982dd1060f5\/opticalcode.ufo\/glyphs\/L_.glif","\/fonts\/Unpacking\/b5134d62797a2fa18c97ceadc63ed982dd1060f5\/opticalcode.ufo\/glyphs\/M_.glif":"\/fonts\/Unpacking\/b5134d62797a2fa18c97ceadc63ed982dd1060f5\/opticalcode.ufo\/glyphs\/M_.glif","\/fonts\/Unpacking\/b5134d62797a2fa18c97ceadc63ed982dd1060f5\/opticalcode.ufo\/glyphs\/N_.glif":"\/fonts\/Unpacking\/b5134d62797a2fa18c97ceadc63ed982dd1060f5\/opticalcode.ufo\/glyphs\/N_.glif","\/fonts\/Unpacking\/b5134d62797a2fa18c97ceadc63ed982dd1060f5\/opticalcode.ufo\/glyphs\/N_tilde.glif":"\/fonts\/Unpacking\/b5134d62797a2fa18c97ceadc63ed982dd1060f5\/opticalcode.ufo\/glyphs\/N_tilde.glif","\/fonts\/Unpacking\/b5134d62797a2fa18c97ceadc63ed982dd1060f5\/opticalcode.ufo\/glyphs\/O_.glif":"\/fonts\/Unpacking\/b5134d62797a2fa18c97ceadc63ed982dd1060f5\/opticalcode.ufo\/glyphs\/O_.glif","\/fonts\/Unpacking\/b5134d62797a2fa18c97ceadc63ed982dd1060f5\/opticalcode.ufo\/glyphs\/O_dieresis.glif":"\/fonts\/Unpacking\/b5134d62797a2fa18c97ceadc63ed982dd1060f5\/opticalcode.ufo\/glyphs\/O_dieresis.glif","\/fonts\/Unpacking\/b5134d62797a2fa18c97ceadc63ed982dd1060f5\/opticalcode.ufo\/glyphs\/O_slash.glif":"\/fonts\/Unpacking\/b5134d62797a2fa18c97ceadc63ed982dd1060f5\/opticalcode.ufo\/glyphs\/O_slash.glif","\/fonts\/Unpacking\/b5134d62797a2fa18c97ceadc63ed982dd1060f5\/opticalcode.ufo\/glyphs\/P_.glif":"\/fonts\/Unpacking\/b5134d62797a2fa18c97ceadc63ed982dd1060f5\/opticalcode.ufo\/glyphs\/P_.glif","\/fonts\/Unpacking\/b5134d62797a2fa18c97ceadc63ed982dd1060f5\/opticalcode.ufo\/glyphs\/Q_.glif":"\/fonts\/Unpacking\/b5134d62797a2fa18c97ceadc63ed982dd1060f5\/opticalcode.ufo\/glyphs\/Q_.glif","\/fonts\/Unpacking\/b5134d62797a2fa18c97ceadc63ed982dd1060f5\/opticalcode.ufo\/glyphs\/R_.glif":"\/fonts\/Unpacking\/b5134d62797a2fa18c97ceadc63ed982dd1060f5\/opticalcode.ufo\/glyphs\/R_.glif","\/fonts\/Unpacking\/b5134d62797a2fa18c97ceadc63ed982dd1060f5\/opticalcode.ufo\/glyphs\/S_.glif":"\/fonts\/Unpacking\/b5134d62797a2fa18c97ceadc63ed982dd1060f5\/opticalcode.ufo\/glyphs\/S_.glif","\/fonts\/Unpacking\/b5134d62797a2fa18c97ceadc63ed982dd1060f5\/opticalcode.ufo\/glyphs\/T_.glif":"\/fonts\/Unpacking\/b5134d62797a2fa18c97ceadc63ed982dd1060f5\/opticalcode.ufo\/glyphs\/T_.glif","\/fonts\/Unpacking\/b5134d62797a2fa18c97ceadc63ed982dd1060f5\/opticalcode.ufo\/glyphs\/U_.glif":"\/fonts\/Unpacking\/b5134d62797a2fa18c97ceadc63ed982dd1060f5\/opticalcode.ufo\/glyphs\/U_.glif","\/fonts\/Unpacking\/b5134d62797a2fa18c97ceadc63ed982dd1060f5\/opticalcode.ufo\/glyphs\/U_dieresis.glif":"\/fonts\/Unpacking\/b5134d62797a2fa18c97ceadc63ed982dd1060f5\/opticalcode.ufo\/glyphs\/U_dieresis.glif","\/fonts\/Unpacking\/b5134d62797a2fa18c97ceadc63ed982dd1060f5\/opticalcode.ufo\/glyphs\/V_.glif":"\/fonts\/Unpacking\/b5134d62797a2fa18c97ceadc63ed982dd1060f5\/opticalcode.ufo\/glyphs\/V_.glif","\/fonts\/Unpacking\/b5134d62797a2fa18c97ceadc63ed982dd1060f5\/opticalcode.ufo\/glyphs\/W_.glif":"\/fonts\/Unpacking\/b5134d62797a2fa18c97ceadc63ed982dd1060f5\/opticalcode.ufo\/glyphs\/W_.glif","\/fonts\/Unpacking\/b5134d62797a2fa18c97ceadc63ed982dd1060f5\/opticalcode.ufo\/glyphs\/X_.glif":"\/fonts\/Unpacking\/b5134d62797a2fa18c97ceadc63ed982dd1060f5\/opticalcode.ufo\/glyphs\/X_.glif","\/fonts\/Unpacking\/b5134d62797a2fa18c97ceadc63ed982dd1060f5\/opticalcode.ufo\/glyphs\/Y_.glif":"\/fonts\/Unpacking\/b5134d62797a2fa18c97ceadc63ed982dd1060f5\/opticalcode.ufo\/glyphs\/Y_.glif","\/fonts\/Unpacking\/b5134d62797a2fa18c97ceadc63ed982dd1060f5\/opticalcode.ufo\/glyphs\/Z_.glif":"\/fonts\/Unpacking\/b5134d62797a2fa18c97ceadc63ed982dd1060f5\/opticalcode.ufo\/glyphs\/Z_.glif","\/fonts\/Unpacking\/b5134d62797a2fa18c97ceadc63ed982dd1060f5\/opticalcode.ufo\/glyphs\/a.glif":"\/fonts\/Unpacking\/b5134d62797a2fa18c97ceadc63ed982dd1060f5\/opticalcode.ufo\/glyphs\/a.glif","\/fonts\/Unpacking\/b5134d62797a2fa18c97ceadc63ed982dd1060f5\/opticalcode.ufo\/glyphs\/altcomma.glif":"\/fonts\/Unpacking\/b5134d62797a2fa18c97ceadc63ed982dd1060f5\/opticalcode.ufo\/glyphs\/altcomma.glif","\/fonts\/Unpacking\/b5134d62797a2fa18c97ceadc63ed982dd1060f5\/opticalcode.ufo\/glyphs\/althyphen.glif":"\/fonts\/Unpacking\/b5134d62797a2fa18c97ceadc63ed982dd1060f5\/opticalcode.ufo\/glyphs\/althyphen.glif","\/fonts\/Unpacking\/b5134d62797a2fa18c97ceadc63ed982dd1060f5\/opticalcode.ufo\/glyphs\/altperiod.glif":"\/fonts\/Unpacking\/b5134d62797a2fa18c97ceadc63ed982dd1060f5\/opticalcode.ufo\/glyphs\/altperiod.glif","\/fonts\/Unpacking\/b5134d62797a2fa18c97ceadc63ed982dd1060f5\/opticalcode.ufo\/glyphs\/altquestion.glif":"\/fonts\/Unpacking\/b5134d62797a2fa18c97ceadc63ed982dd1060f5\/opticalcode.ufo\/glyphs\/altquestion.glif","\/fonts\/Unpacking\/b5134d62797a2fa18c97ceadc63ed982dd1060f5\/opticalcode.ufo\/glyphs\/altquoteright.glif":"\/fonts\/Unpacking\/b5134d62797a2fa18c97ceadc63ed982dd1060f5\/opticalcode.ufo\/glyphs\/altquoteright.glif","\/fonts\/Unpacking\/b5134d62797a2fa18c97ceadc63ed982dd1060f5\/opticalcode.ufo\/glyphs\/ampersand.glif":"\/fonts\/Unpacking\/b5134d62797a2fa18c97ceadc63ed982dd1060f5\/opticalcode.ufo\/glyphs\/ampersand.glif","\/fonts\/Unpacking\/b5134d62797a2fa18c97ceadc63ed982dd1060f5\/opticalcode.ufo\/glyphs\/asciicircum.glif":"\/fonts\/Unpacking\/b5134d62797a2fa18c97ceadc63ed982dd1060f5\/opticalcode.ufo\/glyphs\/asciicircum.glif","\/fonts\/Unpacking\/b5134d62797a2fa18c97ceadc63ed982dd1060f5\/opticalcode.ufo\/glyphs\/asterisk.glif":"\/fonts\/Unpacking\/b5134d62797a2fa18c97ceadc63ed982dd1060f5\/opticalcode.ufo\/glyphs\/asterisk.glif","\/fonts\/Unpacking\/b5134d62797a2fa18c97ceadc63ed982dd1060f5\/opticalcode.ufo\/glyphs\/at.glif":"\/fonts\/Unpacking\/b5134d62797a2fa18c97ceadc63ed982dd1060f5\/opticalcode.ufo\/glyphs\/at.glif","\/fonts\/Unpacking\/b5134d62797a2fa18c97ceadc63ed982dd1060f5\/opticalcode.ufo\/glyphs\/b.glif":"\/fonts\/Unpacking\/b5134d62797a2fa18c97ceadc63ed982dd1060f5\/opticalcode.ufo\/glyphs\/b.glif","\/fonts\/Unpacking\/b5134d62797a2fa18c97ceadc63ed982dd1060f5\/opticalcode.ufo\/glyphs\/backslash.glif":"\/fonts\/Unpacking\/b5134d62797a2fa18c97ceadc63ed982dd1060f5\/opticalcode.ufo\/glyphs\/backslash.glif","\/fonts\/Unpacking\/b5134d62797a2fa18c97ceadc63ed982dd1060f5\/opticalcode.ufo\/glyphs\/bar.glif":"\/fonts\/Unpacking\/b5134d62797a2fa18c97ceadc63ed982dd1060f5\/opticalcode.ufo\/glyphs\/bar.glif","\/fonts\/Unpacking\/b5134d62797a2fa18c97ceadc63ed982dd1060f5\/opticalcode.ufo\/glyphs\/braceleft.glif":"\/fonts\/Unpacking\/b5134d62797a2fa18c97ceadc63ed982dd1060f5\/opticalcode.ufo\/glyphs\/braceleft.glif","\/fonts\/Unpacking\/b5134d62797a2fa18c97ceadc63ed982dd1060f5\/opticalcode.ufo\/glyphs\/braceright.glif":"\/fonts\/Unpacking\/b5134d62797a2fa18c97ceadc63ed982dd1060f5\/opticalcode.ufo\/glyphs\/braceright.glif","\/fonts\/Unpacking\/b5134d62797a2fa18c97ceadc63ed982dd1060f5\/opticalcode.ufo\/glyphs\/bracketleft.glif":"\/fonts\/Unpacking\/b5134d62797a2fa18c97ceadc63ed982dd1060f5\/opticalcode.ufo\/glyphs\/bracketleft.glif","\/fonts\/Unpacking\/b5134d62797a2fa18c97ceadc63ed982dd1060f5\/opticalcode.ufo\/glyphs\/bracketright.glif":"\/fonts\/Unpacking\/b5134d62797a2fa18c97ceadc63ed982dd1060f5\/opticalcode.ufo\/glyphs\/bracketright.glif","\/fonts\/Unpacking\/b5134d62797a2fa18c97ceadc63ed982dd1060f5\/opticalcode.ufo\/glyphs\/c.glif":"\/fonts\/Unpacking\/b5134d62797a2fa18c97ceadc63ed982dd1060f5\/opticalcode.ufo\/glyphs\/c.glif","\/fonts\/Unpacking\/b5134d62797a2fa18c97ceadc63ed982dd1060f5\/opticalcode.ufo\/glyphs\/chair.glif":"\/fonts\/Unpacking\/b5134d62797a2fa18c97ceadc63ed982dd1060f5\/opticalcode.ufo\/glyphs\/chair.glif","\/fonts\/Unpacking\/b5134d62797a2fa18c97ceadc63ed982dd1060f5\/opticalcode.ufo\/glyphs\/colon.glif":"\/fonts\/Unpacking\/b5134d62797a2fa18c97ceadc63ed982dd1060f5\/opticalcode.ufo\/glyphs\/colon.glif","\/fonts\/Unpacking\/b5134d62797a2fa18c97ceadc63ed982dd1060f5\/opticalcode.ufo\/glyphs\/comma.glif":"\/fonts\/Unpacking\/b5134d62797a2fa18c97ceadc63ed982dd1060f5\/opticalcode.ufo\/glyphs\/comma.glif","\/fonts\/Unpacking\/b5134d62797a2fa18c97ceadc63ed982dd1060f5\/opticalcode.ufo\/glyphs\/contents.plist":"\/fonts\/Unpacking\/b5134d62797a2fa18c97ceadc63ed982dd1060f5\/opticalcode.ufo\/glyphs\/contents.plist","\/fonts\/Unpacking\/b5134d62797a2fa18c97ceadc63ed982dd1060f5\/opticalcode.ufo\/glyphs\/d.glif":"\/fonts\/Unpacking\/b5134d62797a2fa18c97ceadc63ed982dd1060f5\/opticalcode.ufo\/glyphs\/d.glif","\/fonts\/Unpacking\/b5134d62797a2fa18c97ceadc63ed982dd1060f5\/opticalcode.ufo\/glyphs\/dollar.glif":"\/fonts\/Unpacking\/b5134d62797a2fa18c97ceadc63ed982dd1060f5\/opticalcode.ufo\/glyphs\/dollar.glif","\/fonts\/Unpacking\/b5134d62797a2fa18c97ceadc63ed982dd1060f5\/opticalcode.ufo\/glyphs\/e.glif":"\/fonts\/Unpacking\/b5134d62797a2fa18c97ceadc63ed982dd1060f5\/opticalcode.ufo\/glyphs\/e.glif","\/fonts\/Unpacking\/b5134d62797a2fa18c97ceadc63ed982dd1060f5\/opticalcode.ufo\/glyphs\/eight.glif":"\/fonts\/Unpacking\/b5134d62797a2fa18c97ceadc63ed982dd1060f5\/opticalcode.ufo\/glyphs\/eight.glif","\/fonts\/Unpacking\/b5134d62797a2fa18c97ceadc63ed982dd1060f5\/opticalcode.ufo\/glyphs\/equal.glif":"\/fonts\/Unpacking\/b5134d62797a2fa18c97ceadc63ed982dd1060f5\/opticalcode.ufo\/glyphs\/equal.glif","\/fonts\/Unpacking\/b5134d62797a2fa18c97ceadc63ed982dd1060f5\/opticalcode.ufo\/glyphs\/erase.glif":"\/fonts\/Unpacking\/b5134d62797a2fa18c97ceadc63ed982dd1060f5\/opticalcode.ufo\/glyphs\/erase.glif","\/fonts\/Unpacking\/b5134d62797a2fa18c97ceadc63ed982dd1060f5\/opticalcode.ufo\/glyphs\/exclam.glif":"\/fonts\/Unpacking\/b5134d62797a2fa18c97ceadc63ed982dd1060f5\/opticalcode.ufo\/glyphs\/exclam.glif","\/fonts\/Unpacking\/b5134d62797a2fa18c97ceadc63ed982dd1060f5\/opticalcode.ufo\/glyphs\/f.glif":"\/fonts\/Unpacking\/b5134d62797a2fa18c97ceadc63ed982dd1060f5\/opticalcode.ufo\/glyphs\/f.glif","\/fonts\/Unpacking\/b5134d62797a2fa18c97ceadc63ed982dd1060f5\/opticalcode.ufo\/glyphs\/five.glif":"\/fonts\/Unpacking\/b5134d62797a2fa18c97ceadc63ed982dd1060f5\/opticalcode.ufo\/glyphs\/five.glif","\/fonts\/Unpacking\/b5134d62797a2fa18c97ceadc63ed982dd1060f5\/opticalcode.ufo\/glyphs\/fork.glif":"\/fonts\/Unpacking\/b5134d62797a2fa18c97ceadc63ed982dd1060f5\/opticalcode.ufo\/glyphs\/fork.glif","\/fonts\/Unpacking\/b5134d62797a2fa18c97ceadc63ed982dd1060f5\/opticalcode.ufo\/glyphs\/four.glif":"\/fonts\/Unpacking\/b5134d62797a2fa18c97ceadc63ed982dd1060f5\/opticalcode.ufo\/glyphs\/four.glif","\/fonts\/Unpacking\/b5134d62797a2fa18c97ceadc63ed982dd1060f5\/opticalcode.ufo\/glyphs\/g.glif":"\/fonts\/Unpacking\/b5134d62797a2fa18c97ceadc63ed982dd1060f5\/opticalcode.ufo\/glyphs\/g.glif","\/fonts\/Unpacking\/b5134d62797a2fa18c97ceadc63ed982dd1060f5\/opticalcode.ufo\/glyphs\/greater.glif":"\/fonts\/Unpacking\/b5134d62797a2fa18c97ceadc63ed982dd1060f5\/opticalcode.ufo\/glyphs\/greater.glif","\/fonts\/Unpacking\/b5134d62797a2fa18c97ceadc63ed982dd1060f5\/opticalcode.ufo\/glyphs\/grouperase.glif":"\/fonts\/Unpacking\/b5134d62797a2fa18c97ceadc63ed982dd1060f5\/opticalcode.ufo\/glyphs\/grouperase.glif","\/fonts\/Unpacking\/b5134d62797a2fa18c97ceadc63ed982dd1060f5\/opticalcode.ufo\/glyphs\/guilsinglleft.glif":"\/fonts\/Unpacking\/b5134d62797a2fa18c97ceadc63ed982dd1060f5\/opticalcode.ufo\/glyphs\/guilsinglleft.glif","\/fonts\/Unpacking\/b5134d62797a2fa18c97ceadc63ed982dd1060f5\/opticalcode.ufo\/glyphs\/guilsinglright.glif":"\/fonts\/Unpacking\/b5134d62797a2fa18c97ceadc63ed982dd1060f5\/opticalcode.ufo\/glyphs\/guilsinglright.glif","\/fonts\/Unpacking\/b5134d62797a2fa18c97ceadc63ed982dd1060f5\/opticalcode.ufo\/glyphs\/h.glif":"\/fonts\/Unpacking\/b5134d62797a2fa18c97ceadc63ed982dd1060f5\/opticalcode.ufo\/glyphs\/h.glif","\/fonts\/Unpacking\/b5134d62797a2fa18c97ceadc63ed982dd1060f5\/opticalcode.ufo\/glyphs\/hook.glif":"\/fonts\/Unpacking\/b5134d62797a2fa18c97ceadc63ed982dd1060f5\/opticalcode.ufo\/glyphs\/hook.glif","\/fonts\/Unpacking\/b5134d62797a2fa18c97ceadc63ed982dd1060f5\/opticalcode.ufo\/glyphs\/hyphen.glif":"\/fonts\/Unpacking\/b5134d62797a2fa18c97ceadc63ed982dd1060f5\/opticalcode.ufo\/glyphs\/hyphen.glif","\/fonts\/Unpacking\/b5134d62797a2fa18c97ceadc63ed982dd1060f5\/opticalcode.ufo\/glyphs\/i.glif":"\/fonts\/Unpacking\/b5134d62797a2fa18c97ceadc63ed982dd1060f5\/opticalcode.ufo\/glyphs\/i.glif","\/fonts\/Unpacking\/b5134d62797a2fa18c97ceadc63ed982dd1060f5\/opticalcode.ufo\/glyphs\/j.glif":"\/fonts\/Unpacking\/b5134d62797a2fa18c97ceadc63ed982dd1060f5\/opticalcode.ufo\/glyphs\/j.glif","\/fonts\/Unpacking\/b5134d62797a2fa18c97ceadc63ed982dd1060f5\/opticalcode.ufo\/glyphs\/k.glif":"\/fonts\/Unpacking\/b5134d62797a2fa18c97ceadc63ed982dd1060f5\/opticalcode.ufo\/glyphs\/k.glif","\/fonts\/Unpacking\/b5134d62797a2fa18c97ceadc63ed982dd1060f5\/opticalcode.ufo\/glyphs\/l.glif":"\/fonts\/Unpacking\/b5134d62797a2fa18c97ceadc63ed982dd1060f5\/opticalcode.ufo\/glyphs\/l.glif","\/fonts\/Unpacking\/b5134d62797a2fa18c97ceadc63ed982dd1060f5\/opticalcode.ufo\/glyphs\/less.glif":"\/fonts\/Unpacking\/b5134d62797a2fa18c97ceadc63ed982dd1060f5\/opticalcode.ufo\/glyphs\/less.glif","\/fonts\/Unpacking\/b5134d62797a2fa18c97ceadc63ed982dd1060f5\/opticalcode.ufo\/glyphs\/m.glif":"\/fonts\/Unpacking\/b5134d62797a2fa18c97ceadc63ed982dd1060f5\/opticalcode.ufo\/glyphs\/m.glif","\/fonts\/Unpacking\/b5134d62797a2fa18c97ceadc63ed982dd1060f5\/opticalcode.ufo\/glyphs\/n.glif":"\/fonts\/Unpacking\/b5134d62797a2fa18c97ceadc63ed982dd1060f5\/opticalcode.ufo\/glyphs\/n.glif","\/fonts\/Unpacking\/b5134d62797a2fa18c97ceadc63ed982dd1060f5\/opticalcode.ufo\/glyphs\/nbspace.glif":"\/fonts\/Unpacking\/b5134d62797a2fa18c97ceadc63ed982dd1060f5\/opticalcode.ufo\/glyphs\/nbspace.glif","\/fonts\/Unpacking\/b5134d62797a2fa18c97ceadc63ed982dd1060f5\/opticalcode.ufo\/glyphs\/nine.glif":"\/fonts\/Unpacking\/b5134d62797a2fa18c97ceadc63ed982dd1060f5\/opticalcode.ufo\/glyphs\/nine.glif","\/fonts\/Unpacking\/b5134d62797a2fa18c97ceadc63ed982dd1060f5\/opticalcode.ufo\/glyphs\/numbersign.glif":"\/fonts\/Unpacking\/b5134d62797a2fa18c97ceadc63ed982dd1060f5\/opticalcode.ufo\/glyphs\/numbersign.glif","\/fonts\/Unpacking\/b5134d62797a2fa18c97ceadc63ed982dd1060f5\/opticalcode.ufo\/glyphs\/o.glif":"\/fonts\/Unpacking\/b5134d62797a2fa18c97ceadc63ed982dd1060f5\/opticalcode.ufo\/glyphs\/o.glif","\/fonts\/Unpacking\/b5134d62797a2fa18c97ceadc63ed982dd1060f5\/opticalcode.ufo\/glyphs\/one.glif":"\/fonts\/Unpacking\/b5134d62797a2fa18c97ceadc63ed982dd1060f5\/opticalcode.ufo\/glyphs\/one.glif","\/fonts\/Unpacking\/b5134d62797a2fa18c97ceadc63ed982dd1060f5\/opticalcode.ufo\/glyphs\/p.glif":"\/fonts\/Unpacking\/b5134d62797a2fa18c97ceadc63ed982dd1060f5\/opticalcode.ufo\/glyphs\/p.glif","\/fonts\/Unpacking\/b5134d62797a2fa18c97ceadc63ed982dd1060f5\/opticalcode.ufo\/glyphs\/parenleft.glif":"\/fonts\/Unpacking\/b5134d62797a2fa18c97ceadc63ed982dd1060f5\/opticalcode.ufo\/glyphs\/parenleft.glif","\/fonts\/Unpacking\/b5134d62797a2fa18c97ceadc63ed982dd1060f5\/opticalcode.ufo\/glyphs\/parenright.glif":"\/fonts\/Unpacking\/b5134d62797a2fa18c97ceadc63ed982dd1060f5\/opticalcode.ufo\/glyphs\/parenright.glif","\/fonts\/Unpacking\/b5134d62797a2fa18c97ceadc63ed982dd1060f5\/opticalcode.ufo\/glyphs\/percent.glif":"\/fonts\/Unpacking\/b5134d62797a2fa18c97ceadc63ed982dd1060f5\/opticalcode.ufo\/glyphs\/percent.glif","\/fonts\/Unpacking\/b5134d62797a2fa18c97ceadc63ed982dd1060f5\/opticalcode.ufo\/glyphs\/period.glif":"\/fonts\/Unpacking\/b5134d62797a2fa18c97ceadc63ed982dd1060f5\/opticalcode.ufo\/glyphs\/period.glif","\/fonts\/Unpacking\/b5134d62797a2fa18c97ceadc63ed982dd1060f5\/opticalcode.ufo\/glyphs\/plus.glif":"\/fonts\/Unpacking\/b5134d62797a2fa18c97ceadc63ed982dd1060f5\/opticalcode.ufo\/glyphs\/plus.glif","\/fonts\/Unpacking\/b5134d62797a2fa18c97ceadc63ed982dd1060f5\/opticalcode.ufo\/glyphs\/q.glif":"\/fonts\/Unpacking\/b5134d62797a2fa18c97ceadc63ed982dd1060f5\/opticalcode.ufo\/glyphs\/q.glif","\/fonts\/Unpacking\/b5134d62797a2fa18c97ceadc63ed982dd1060f5\/opticalcode.ufo\/glyphs\/question.glif":"\/fonts\/Unpacking\/b5134d62797a2fa18c97ceadc63ed982dd1060f5\/opticalcode.ufo\/glyphs\/question.glif","\/fonts\/Unpacking\/b5134d62797a2fa18c97ceadc63ed982dd1060f5\/opticalcode.ufo\/glyphs\/quotedbl.glif":"\/fonts\/Unpacking\/b5134d62797a2fa18c97ceadc63ed982dd1060f5\/opticalcode.ufo\/glyphs\/quotedbl.glif","\/fonts\/Unpacking\/b5134d62797a2fa18c97ceadc63ed982dd1060f5\/opticalcode.ufo\/glyphs\/quoteright.glif":"\/fonts\/Unpacking\/b5134d62797a2fa18c97ceadc63ed982dd1060f5\/opticalcode.ufo\/glyphs\/quoteright.glif","\/fonts\/Unpacking\/b5134d62797a2fa18c97ceadc63ed982dd1060f5\/opticalcode.ufo\/glyphs\/r.glif":"\/fonts\/Unpacking\/b5134d62797a2fa18c97ceadc63ed982dd1060f5\/opticalcode.ufo\/glyphs\/r.glif","\/fonts\/Unpacking\/b5134d62797a2fa18c97ceadc63ed982dd1060f5\/opticalcode.ufo\/glyphs\/s.glif":"\/fonts\/Unpacking\/b5134d62797a2fa18c97ceadc63ed982dd1060f5\/opticalcode.ufo\/glyphs\/s.glif","\/fonts\/Unpacking\/b5134d62797a2fa18c97ceadc63ed982dd1060f5\/opticalcode.ufo\/glyphs\/semicolon.glif":"\/fonts\/Unpacking\/b5134d62797a2fa18c97ceadc63ed982dd1060f5\/opticalcode.ufo\/glyphs\/semicolon.glif","\/fonts\/Unpacking\/b5134d62797a2fa18c97ceadc63ed982dd1060f5\/opticalcode.ufo\/glyphs\/seven.glif":"\/fonts\/Unpacking\/b5134d62797a2fa18c97ceadc63ed982dd1060f5\/opticalcode.ufo\/glyphs\/seven.glif","\/fonts\/Unpacking\/b5134d62797a2fa18c97ceadc63ed982dd1060f5\/opticalcode.ufo\/glyphs\/six.glif":"\/fonts\/Unpacking\/b5134d62797a2fa18c97ceadc63ed982dd1060f5\/opticalcode.ufo\/glyphs\/six.glif","\/fonts\/Unpacking\/b5134d62797a2fa18c97ceadc63ed982dd1060f5\/opticalcode.ufo\/glyphs\/slash.glif":"\/fonts\/Unpacking\/b5134d62797a2fa18c97ceadc63ed982dd1060f5\/opticalcode.ufo\/glyphs\/slash.glif","\/fonts\/Unpacking\/b5134d62797a2fa18c97ceadc63ed982dd1060f5\/opticalcode.ufo\/glyphs\/space.glif":"\/fonts\/Unpacking\/b5134d62797a2fa18c97ceadc63ed982dd1060f5\/opticalcode.ufo\/glyphs\/space.glif","\/fonts\/Unpacking\/b5134d62797a2fa18c97ceadc63ed982dd1060f5\/opticalcode.ufo\/glyphs\/sterling.glif":"\/fonts\/Unpacking\/b5134d62797a2fa18c97ceadc63ed982dd1060f5\/opticalcode.ufo\/glyphs\/sterling.glif","\/fonts\/Unpacking\/b5134d62797a2fa18c97ceadc63ed982dd1060f5\/opticalcode.ufo\/glyphs\/t.glif":"\/fonts\/Unpacking\/b5134d62797a2fa18c97ceadc63ed982dd1060f5\/opticalcode.ufo\/glyphs\/t.glif","\/fonts\/Unpacking\/b5134d62797a2fa18c97ceadc63ed982dd1060f5\/opticalcode.ufo\/glyphs\/three.glif":"\/fonts\/Unpacking\/b5134d62797a2fa18c97ceadc63ed982dd1060f5\/opticalcode.ufo\/glyphs\/three.glif","\/fonts\/Unpacking\/b5134d62797a2fa18c97ceadc63ed982dd1060f5\/opticalcode.ufo\/glyphs\/two.glif":"\/fonts\/Unpacking\/b5134d62797a2fa18c97ceadc63ed982dd1060f5\/opticalcode.ufo\/glyphs\/two.glif","\/fonts\/Unpacking\/b5134d62797a2fa18c97ceadc63ed982dd1060f5\/opticalcode.ufo\/glyphs\/u.glif":"\/fonts\/Unpacking\/b5134d62797a2fa18c97ceadc63ed982dd1060f5\/opticalcode.ufo\/glyphs\/u.glif","\/fonts\/Unpacking\/b5134d62797a2fa18c97ceadc63ed982dd1060f5\/opticalcode.ufo\/glyphs\/v.glif":"\/fonts\/Unpacking\/b5134d62797a2fa18c97ceadc63ed982dd1060f5\/opticalcode.ufo\/glyphs\/v.glif","\/fonts\/Unpacking\/b5134d62797a2fa18c97ceadc63ed982dd1060f5\/opticalcode.ufo\/glyphs\/w.glif":"\/fonts\/Unpacking\/b5134d62797a2fa18c97ceadc63ed982dd1060f5\/opticalcode.ufo\/glyphs\/w.glif","\/fonts\/Unpacking\/b5134d62797a2fa18c97ceadc63ed982dd1060f5\/opticalcode.ufo\/glyphs\/x.glif":"\/fonts\/Unpacking\/b5134d62797a2fa18c97ceadc63ed982dd1060f5\/opticalcode.ufo\/glyphs\/x.glif","\/fonts\/Unpacking\/b5134d62797a2fa18c97ceadc63ed982dd1060f5\/opticalcode.ufo\/glyphs\/y.glif":"\/fonts\/Unpacking\/b5134d62797a2fa18c97ceadc63ed982dd1060f5\/opticalcode.ufo\/glyphs\/y.glif","\/fonts\/Unpacking\/b5134d62797a2fa18c97ceadc63ed982dd1060f5\/opticalcode.ufo\/glyphs\/yen.glif":"\/fonts\/Unpacking\/b5134d62797a2fa18c97ceadc63ed982dd1060f5\/opticalcode.ufo\/glyphs\/yen.glif","\/fonts\/Unpacking\/b5134d62797a2fa18c97ceadc63ed982dd1060f5\/opticalcode.ufo\/glyphs\/z.glif":"\/fonts\/Unpacking\/b5134d62797a2fa18c97ceadc63ed982dd1060f5\/opticalcode.ufo\/glyphs\/z.glif","\/fonts\/Unpacking\/b5134d62797a2fa18c97ceadc63ed982dd1060f5\/opticalcode.ufo\/glyphs\/zero.glif":"\/fonts\/Unpacking\/b5134d62797a2fa18c97ceadc63ed982dd1060f5\/opticalcode.ufo\/glyphs\/zero.glif"},"Font":null,"Licences":{"":false},"Table":{"FFTM":{"entryLength":16,"tag":"FFTM","checksum":1944367620,"offset":14196,"length":28},"GDEF":{"entryLength":16,"tag":"GDEF","checksum":10616838,"offset":14164,"length":32},"OS\/2":{"entryLength":16,"tag":"OS\/2","checksum":1492714822,"offset":344,"length":86},"cmap":{"entryLength":16,"tag":"cmap","checksum":3727431146,"offset":900,"length":438},"gasp":{"entryLength":16,"tag":"gasp","checksum":4294901763,"offset":14156,"length":8},"glyf":{"entryLength":16,"tag":"glyf","checksum":2819897245,"offset":1576,"length":11568},"head":{"entryLength":16,"tag":"head","checksum":245755087,"offset":220,"length":54},"hhea":{"entryLength":16,"tag":"hhea","checksum":189663121,"offset":276,"length":36},"hmtx":{"entryLength":16,"tag":"hmtx","checksum":477508332,"offset":432,"length":468},"loca":{"entryLength":16,"tag":"loca","checksum":2115274954,"offset":1340,"length":236},"maxp":{"entryLength":16,"tag":"maxp","checksum":12255309,"offset":312,"length":32},"name":{"entryLength":16,"tag":"name","checksum":3398746884,"offset":13144,"length":645},"post":{"entryLength":16,"tag":"post","checksum":2931129609,"offset":13792,"length":364}},"UnicodeCharMap":{"32":3,"33":4,"34":5,"35":6,"36":7,"37":8,"38":9,"40":10,"41":11,"42":12,"43":13,"44":14,"45":15,"46":16,"47":17,"48":18,"49":19,"50":20,"51":21,"52":22,"53":23,"54":24,"55":25,"56":26,"57":27,"58":28,"59":29,"60":30,"61":31,"62":32,"63":33,"64":34,"65":35,"66":36,"67":37,"68":38,"69":39,"70":40,"71":41,"72":42,"73":43,"74":44,"75":45,"76":46,"77":47,"78":48,"79":49,"80":50,"81":51,"82":52,"83":53,"84":54,"85":55,"86":56,"87":57,"88":58,"89":59,"90":60,"91":61,"92":62,"93":63,"94":64,"97":65,"98":66,"99":67,"100":68,"101":69,"102":70,"103":71,"104":72,"105":73,"106":74,"107":75,"108":76,"109":77,"110":78,"111":79,"112":80,"113":81,"114":82,"115":83,"116":84,"117":85,"118":86,"119":87,"120":88,"121":89,"122":90,"123":91,"124":92,"125":93,"160":94,"163":95,"165":96,"196":97,"197":98,"198":99,"209":100,"214":101,"216":102,"220":103,"8217":104,"8249":105,"8250":106,"8916":116,"9280":108,"9281":110},"Reserves":null,"Names":[],"Nodes":[],"Contributors":[],"FontIdentity":"a4723714abc6a3ad2390b5a5b27baead","Bytes":1452332,"Networking":null,"barcode":null,"referee":null}