{"CSS":{"Tango":"Tango.css"},"FontType":"TrueType","FontCopyright":"Copyright 1990-1999 as an unpublished work by Bitstream Inc.  All rights reserved.  Confidential.","FontName":"Tango","FontSubfamily":"Regular","FontSubfamilyID":"FontForge 2.0 : Tango : 18-8-2016","FontFullName":"Tango","FontVersion":"Version 003.001 ","FontWeight":null,"FontPostscriptName":"TangoBT-Regular","Files":{"tango.afm":"tango.afm","tango.bin":"tango.bin","tango.cef":"tango.cef","tango.cff":"tango.cff","tango.cid":"tango.cid","tango.dfont":"tango.dfont","tango.eot":"tango.eot","tango.fon":"tango.fon","tango.gai":"tango.gai","tango.gsf":"tango.gsf","tango.hqx":"tango.hqx","tango.ik":"tango.ik","tango.mf":"tango.mf","tango.otf":"tango.otf","tango.pcf":"tango.pcf","tango.pf3":"tango.pf3","tango.pfa":"tango.pfa","tango.pfb":"tango.pfb","tango.php":"tango.php","tango.pmf":"tango.pmf","tango.pt3":"tango.pt3","tango.sfd":"tango.sfd","tango.svg":"tango.svg","tango.t42":"tango.t42","tango.ttd":"tango.ttd","tango.ttf":"tango.ttf","tango.ttg":"tango.ttg","tango.ufm":"tango.ufm","tango.woff":"tango.woff","tango.z":"tango.z","":{"tango.afm":"tango.afm","tango.bin":"tango.bin","tango.cef":"tango.cef","tango.cff":"tango.cff","tango.cid":"tango.cid","tango.dfont":"tango.dfont","tango.eot":"tango.eot","tango.fon":"tango.fon","tango.gai":"tango.gai","tango.gsf":"tango.gsf","tango.hqx":"tango.hqx","tango.ik":"tango.ik","tango.mf":"tango.mf","tango.otf":"tango.otf","tango.pcf":"tango.pcf","tango.pf3":"tango.pf3","tango.pfa":"tango.pfa","tango.pfb":"tango.pfb","tango.php":"tango.php","tango.pmf":"tango.pmf","tango.pt3":"tango.pt3","tango.sfd":"tango.sfd","tango.svg":"tango.svg","tango.t42":"tango.t42","tango.ttd":"tango.ttd","tango.ttf":"tango.ttf","tango.ttg":"tango.ttg","tango.ufm":"tango.ufm","tango.woff":"tango.woff","tango.z":"tango.z"},"\/tango.ufo":{"feature.fea":"feature.fea","fontinfo.plist":"fontinfo.plist","groups.plist":"groups.plist","kerning.plist":"kerning.plist","metainfo.plist":"metainfo.plist"},"\/tango.ufo\/glyphs":{"A_.glif":"A_.glif","A_E_.glif":"A_E_.glif","A_acute.glif":"A_acute.glif","A_circumflex.glif":"A_circumflex.glif","A_dieresis.glif":"A_dieresis.glif","A_grave.glif":"A_grave.glif","A_ring.glif":"A_ring.glif","A_tilde.glif":"A_tilde.glif","B_.glif":"B_.glif","C_.glif":"C_.glif","C_cedilla.glif":"C_cedilla.glif","D_.glif":"D_.glif","E_.glif":"E_.glif","E_acute.glif":"E_acute.glif","E_circumflex.glif":"E_circumflex.glif","E_dieresis.glif":"E_dieresis.glif","E_grave.glif":"E_grave.glif","E_th.glif":"E_th.glif","E_uro.glif":"E_uro.glif","F_.glif":"F_.glif","G_.glif":"G_.glif","H_.glif":"H_.glif","I_.glif":"I_.glif","I_acute.glif":"I_acute.glif","I_circumflex.glif":"I_circumflex.glif","I_dieresis.glif":"I_dieresis.glif","I_grave.glif":"I_grave.glif","J_.glif":"J_.glif","K_.glif":"K_.glif","L_.glif":"L_.glif","L_slash.glif":"L_slash.glif","M_.glif":"M_.glif","N_.glif":"N_.glif","N_tilde.glif":"N_tilde.glif","O_.glif":"O_.glif","O_E_.glif":"O_E_.glif","O_acute.glif":"O_acute.glif","O_circumflex.glif":"O_circumflex.glif","O_dieresis.glif":"O_dieresis.glif","O_grave.glif":"O_grave.glif","O_slash.glif":"O_slash.glif","O_tilde.glif":"O_tilde.glif","P_.glif":"P_.glif","Q_.glif":"Q_.glif","R_.glif":"R_.glif","S_.glif":"S_.glif","S_caron.glif":"S_caron.glif","T_.glif":"T_.glif","T_horn.glif":"T_horn.glif","U_.glif":"U_.glif","U_acute.glif":"U_acute.glif","U_circumflex.glif":"U_circumflex.glif","U_dieresis.glif":"U_dieresis.glif","U_grave.glif":"U_grave.glif","V_.glif":"V_.glif","W_.glif":"W_.glif","X_.glif":"X_.glif","Y_.glif":"Y_.glif","Y_acute.glif":"Y_acute.glif","Y_dieresis.glif":"Y_dieresis.glif","Z_.glif":"Z_.glif","Z_caron.glif":"Z_caron.glif","a.glif":"a.glif","aacute.glif":"aacute.glif","acircumflex.glif":"acircumflex.glif","acute.glif":"acute.glif","adieresis.glif":"adieresis.glif","ae.glif":"ae.glif","agrave.glif":"agrave.glif","ampersand.glif":"ampersand.glif","aring.glif":"aring.glif","asciicircum.glif":"asciicircum.glif","asciitilde.glif":"asciitilde.glif","asterisk.glif":"asterisk.glif","at.glif":"at.glif","atilde.glif":"atilde.glif","b.glif":"b.glif","backslash.glif":"backslash.glif","bar.glif":"bar.glif","braceleft.glif":"braceleft.glif","braceright.glif":"braceright.glif","bracketleft.glif":"bracketleft.glif","bracketright.glif":"bracketright.glif","breve.glif":"breve.glif","brokenbar.glif":"brokenbar.glif","bullet.glif":"bullet.glif","c.glif":"c.glif","caron.glif":"caron.glif","ccedilla.glif":"ccedilla.glif","cedilla.glif":"cedilla.glif","cent.glif":"cent.glif","circumflex.glif":"circumflex.glif","colon.glif":"colon.glif","comma.glif":"comma.glif","contents.plist":"contents.plist","copyright.glif":"copyright.glif","currency.glif":"currency.glif","d.glif":"d.glif","dagger.glif":"dagger.glif","daggerdbl.glif":"daggerdbl.glif","degree.glif":"degree.glif","dieresis.glif":"dieresis.glif","divide.glif":"divide.glif","dollar.glif":"dollar.glif","dotaccent.glif":"dotaccent.glif","dotlessi.glif":"dotlessi.glif","e.glif":"e.glif","eacute.glif":"eacute.glif","ecircumflex.glif":"ecircumflex.glif","edieresis.glif":"edieresis.glif","egrave.glif":"egrave.glif","eight.glif":"eight.glif","ellipsis.glif":"ellipsis.glif","emdash.glif":"emdash.glif","endash.glif":"endash.glif","equal.glif":"equal.glif","eth.glif":"eth.glif","exclam.glif":"exclam.glif","exclamdown.glif":"exclamdown.glif","f.glif":"f.glif","fi.glif":"fi.glif","five.glif":"five.glif","fl.glif":"fl.glif","florin.glif":"florin.glif","four.glif":"four.glif","fraction.glif":"fraction.glif","g.glif":"g.glif","germandbls.glif":"germandbls.glif","grave.glif":"grave.glif","greater.glif":"greater.glif","guillemotleft.glif":"guillemotleft.glif","guillemotright.glif":"guillemotright.glif","guilsinglleft.glif":"guilsinglleft.glif","guilsinglright.glif":"guilsinglright.glif","h.glif":"h.glif","hungarumlaut.glif":"hungarumlaut.glif","hyphen.glif":"hyphen.glif","i.glif":"i.glif","iacute.glif":"iacute.glif","icircumflex.glif":"icircumflex.glif","idieresis.glif":"idieresis.glif","igrave.glif":"igrave.glif","j.glif":"j.glif","k.glif":"k.glif","l.glif":"l.glif","less.glif":"less.glif","logicalnot.glif":"logicalnot.glif","lslash.glif":"lslash.glif","m.glif":"m.glif","macron.glif":"macron.glif","minus.glif":"minus.glif","mu.glif":"mu.glif","multiply.glif":"multiply.glif","n.glif":"n.glif","nine.glif":"nine.glif","ntilde.glif":"ntilde.glif","numbersign.glif":"numbersign.glif","o.glif":"o.glif","oacute.glif":"oacute.glif","ocircumflex.glif":"ocircumflex.glif","odieresis.glif":"odieresis.glif","oe.glif":"oe.glif","ogonek.glif":"ogonek.glif","ograve.glif":"ograve.glif","one.glif":"one.glif","onehalf.glif":"onehalf.glif","onequarter.glif":"onequarter.glif","onesuperior.glif":"onesuperior.glif","ordfeminine.glif":"ordfeminine.glif","ordmasculine.glif":"ordmasculine.glif","oslash.glif":"oslash.glif","otilde.glif":"otilde.glif","p.glif":"p.glif","paragraph.glif":"paragraph.glif","parenleft.glif":"parenleft.glif","parenright.glif":"parenright.glif","percent.glif":"percent.glif","period.glif":"period.glif","periodcentered.glif":"periodcentered.glif","perthousand.glif":"perthousand.glif","plus.glif":"plus.glif","plusminus.glif":"plusminus.glif","q.glif":"q.glif","question.glif":"question.glif","questiondown.glif":"questiondown.glif","quotedbl.glif":"quotedbl.glif","quotedblbase.glif":"quotedblbase.glif","quotedblleft.glif":"quotedblleft.glif","quotedblright.glif":"quotedblright.glif","quoteleft.glif":"quoteleft.glif","quoteright.glif":"quoteright.glif","quotesinglbase.glif":"quotesinglbase.glif","quotesingle.glif":"quotesingle.glif","r.glif":"r.glif","registered.glif":"registered.glif","ring.glif":"ring.glif","s.glif":"s.glif","scaron.glif":"scaron.glif","section.glif":"section.glif","semicolon.glif":"semicolon.glif","seven.glif":"seven.glif","six.glif":"six.glif","slash.glif":"slash.glif","space.glif":"space.glif","sterling.glif":"sterling.glif","t.glif":"t.glif","thorn.glif":"thorn.glif","three.glif":"three.glif","threequarters.glif":"threequarters.glif","threesuperior.glif":"threesuperior.glif","tilde.glif":"tilde.glif","trademark.glif":"trademark.glif","two.glif":"two.glif","twosuperior.glif":"twosuperior.glif","u.glif":"u.glif","uacute.glif":"uacute.glif","ucircumflex.glif":"ucircumflex.glif","udieresis.glif":"udieresis.glif","ugrave.glif":"ugrave.glif","underscore.glif":"underscore.glif","v.glif":"v.glif","w.glif":"w.glif","x.glif":"x.glif","y.glif":"y.glif","yacute.glif":"yacute.glif","ydieresis.glif":"ydieresis.glif","yen.glif":"yen.glif","z.glif":"z.glif","zcaron.glif":"zcaron.glif","zero.glif":"zero.glif"}},"Font":{"uploaded":1471485369.0165,"licence":"gpl3","company":"Chronolabs Cooperative","title":"Tempus ITC Italic","version":2.001,"date":"Fri Aug 12 06:55:28 2016","creator":"root","type":"1","matrix":"0.001 0 0 0.001 0 0","named":"TempusITC-Italic","painttype":"0","info":"9 dict dup","name":"Tempus ITC Italic","family":"Tempus ITC","weight":"Bold","italicangle":"-13.8","underlineposition":"","underlinethickness":""},"Table":{"FFTM":{"entryLength":16,"tag":"FFTM","checksum":1944375720,"offset":29400,"length":28},"GDEF":{"entryLength":16,"tag":"GDEF","checksum":18153478,"offset":29368,"length":32},"OS\/2":{"entryLength":16,"tag":"OS\/2","checksum":1481448331,"offset":344,"length":86},"cmap":{"entryLength":16,"tag":"cmap","checksum":944187903,"offset":1360,"length":960},"gasp":{"entryLength":16,"tag":"gasp","checksum":4294901763,"offset":29360,"length":8},"glyf":{"entryLength":16,"tag":"glyf","checksum":2616567563,"offset":2788,"length":25336},"head":{"entryLength":16,"tag":"head","checksum":169889675,"offset":220,"length":54},"hhea":{"entryLength":16,"tag":"hhea","checksum":113312358,"offset":276,"length":36},"hmtx":{"entryLength":16,"tag":"hmtx","checksum":3303807609,"offset":432,"length":928},"loca":{"entryLength":16,"tag":"loca","checksum":2789904212,"offset":2320,"length":466},"maxp":{"entryLength":16,"tag":"maxp","checksum":20381961,"offset":312,"length":32},"name":{"entryLength":16,"tag":"name","checksum":3344171208,"offset":28124,"length":729},"post":{"entryLength":16,"tag":"post","checksum":2913380708,"offset":28856,"length":503}},"UnicodeCharMap":{"32":3,"33":4,"34":5,"35":6,"36":7,"37":8,"38":9,"39":106,"40":11,"41":12,"42":13,"43":14,"44":15,"45":16,"46":17,"47":18,"48":19,"49":20,"50":21,"51":22,"52":23,"53":24,"54":25,"55":26,"56":27,"57":28,"58":29,"59":30,"60":31,"61":32,"62":33,"63":34,"64":35,"65":36,"66":37,"67":38,"68":39,"69":40,"70":41,"71":42,"72":43,"73":44,"74":45,"75":46,"76":47,"77":48,"78":49,"79":50,"80":51,"81":52,"82":53,"83":54,"84":55,"85":56,"86":57,"87":58,"88":59,"89":60,"90":61,"91":62,"92":63,"93":64,"94":65,"95":66,"96":126,"97":68,"98":69,"99":70,"100":71,"101":72,"102":73,"103":74,"104":75,"105":76,"106":77,"107":78,"108":79,"109":80,"110":81,"111":82,"112":83,"113":84,"114":85,"115":86,"116":87,"117":88,"118":89,"119":90,"120":91,"121":92,"122":93,"123":94,"124":95,"125":96,"126":97,"161":98,"162":99,"163":100,"164":105,"165":102,"166":190,"167":104,"168":133,"169":192,"170":141,"171":108,"172":204,"174":218,"175":130,"176":193,"177":217,"178":224,"179":222,"180":127,"182":117,"183":116,"184":135,"185":215,"186":145,"187":122,"188":214,"189":213,"190":221,"191":125,"192":155,"193":152,"194":153,"195":157,"196":154,"197":156,"198":140,"199":158,"200":162,"201":159,"202":160,"203":161,"204":168,"205":165,"206":166,"207":167,"208":163,"209":169,"210":173,"211":170,"212":171,"213":174,"214":172,"215":207,"216":143,"217":180,"218":177,"219":178,"220":179,"221":181,"222":176,"223":151,"224":187,"225":184,"226":185,"227":189,"228":186,"229":188,"230":146,"231":191,"232":198,"233":195,"234":196,"235":197,"236":203,"237":200,"238":201,"239":202,"240":199,"241":208,"242":212,"243":209,"244":210,"245":216,"246":211,"247":194,"248":149,"249":228,"250":225,"251":226,"252":227,"253":229,"254":220,"255":230,"305":147,"321":142,"322":148,"338":144,"339":150,"352":175,"353":219,"376":182,"381":183,"382":231,"402":103,"710":128,"711":138,"728":131,"729":132,"730":134,"731":137,"732":129,"733":136,"956":206,"8211":113,"8212":139,"8216":67,"8217":10,"8218":119,"8220":107,"8221":121,"8222":120,"8224":114,"8225":115,"8226":118,"8230":123,"8240":124,"8249":109,"8250":110,"8260":101,"8364":164,"8482":223,"8722":205,"64257":111,"64258":112},"Reserves":null,"Names":[],"Nodes":{"ta":{"type":"typal","node":"ta","usage":1,"weight":1},"go":{"type":"typal","node":"go","usage":1,"weight":1},"tan":{"type":"typal","node":"tan","usage":1,"weight":1},"ngo":{"type":"typal","node":"ngo","usage":1,"weight":1},"tang":{"type":"keys","node":"tang","usage":1,"weight":1},"ango":{"type":"keys","node":"ango","usage":1,"weight":1},"tango":{"type":"fixes","node":"tango","usage":1,"weight":1}},"Contributors":[],"FontIdentity":"b182aefe19f60498774fea32997be331","Bytes":3140411,"Networking":[],"barcode":"8kc85uce66cio","referee":"iayia"}