{"CSS":{"Schneidler Light Italic BT":"aphgovau:bf6a8af1c41757e6e0e3f56.css"},"FontType":"TrueType","FontCopyright":"Copyright 1990-1993 Bitstream Inc.  All rights reserved.","FontName":"Schneidler Lt BT","FontSubfamily":"LightItalic","FontSubfamilyID":"FontForge 2.0 : Schneidler Light Italic BT : 28-8-2016","FontFullName":"Schneidler Light Italic BT","FontVersion":"Version mfgpctt-v1.59 Friday ","FontWeight":null,"FontPostscriptName":"SchneidlerBT-LightItalic","Files":{"\/Schneidler Light Italic BT.css":"\/Schneidler Light Italic BT.css","\/font-resource.json":"\/font-resource.json","\/schndlli.afm":"\/schndlli.afm","\/schndlli.cef":"\/schndlli.cef","\/schndlli.cff":"\/schndlli.cff","\/schndlli.eot":"\/schndlli.eot","\/schndlli.gai":"\/schndlli.gai","\/schndlli.gsf":"\/schndlli.gsf","\/schndlli.otf":"\/schndlli.otf","\/schndlli.pf3":"\/schndlli.pf3","\/schndlli.pfa":"\/schndlli.pfa","\/schndlli.pfb":"\/schndlli.pfb","\/schndlli.php":"\/schndlli.php","\/schndlli.pt3":"\/schndlli.pt3","\/schndlli.sfd":"\/schndlli.sfd","\/schndlli.svg":"\/schndlli.svg","\/schndlli.t42":"\/schndlli.t42","\/schndlli.ttd":"\/schndlli.ttd","\/schndlli.ttf":"\/schndlli.ttf","\/schndlli.ttg":"\/schndlli.ttg","\/schndlli.ufm":"\/schndlli.ufm","\/schndlli.woff":"\/schndlli.woff","\/schndlli.z":"\/schndlli.z","\/schndlli.ufo\/feature.fea":"\/schndlli.ufo\/feature.fea","\/schndlli.ufo\/fontinfo.plist":"\/schndlli.ufo\/fontinfo.plist","\/schndlli.ufo\/groups.plist":"\/schndlli.ufo\/groups.plist","\/schndlli.ufo\/kerning.plist":"\/schndlli.ufo\/kerning.plist","\/schndlli.ufo\/metainfo.plist":"\/schndlli.ufo\/metainfo.plist","\/schndlli.ufo\/glyphs\/A_.glif":"\/schndlli.ufo\/glyphs\/A_.glif","\/schndlli.ufo\/glyphs\/A_E_.glif":"\/schndlli.ufo\/glyphs\/A_E_.glif","\/schndlli.ufo\/glyphs\/A_acute.glif":"\/schndlli.ufo\/glyphs\/A_acute.glif","\/schndlli.ufo\/glyphs\/A_circumflex.glif":"\/schndlli.ufo\/glyphs\/A_circumflex.glif","\/schndlli.ufo\/glyphs\/A_dieresis.glif":"\/schndlli.ufo\/glyphs\/A_dieresis.glif","\/schndlli.ufo\/glyphs\/A_grave.glif":"\/schndlli.ufo\/glyphs\/A_grave.glif","\/schndlli.ufo\/glyphs\/A_ring.glif":"\/schndlli.ufo\/glyphs\/A_ring.glif","\/schndlli.ufo\/glyphs\/A_tilde.glif":"\/schndlli.ufo\/glyphs\/A_tilde.glif","\/schndlli.ufo\/glyphs\/B_.glif":"\/schndlli.ufo\/glyphs\/B_.glif","\/schndlli.ufo\/glyphs\/C_.glif":"\/schndlli.ufo\/glyphs\/C_.glif","\/schndlli.ufo\/glyphs\/C_acute.glif":"\/schndlli.ufo\/glyphs\/C_acute.glif","\/schndlli.ufo\/glyphs\/C_caron.glif":"\/schndlli.ufo\/glyphs\/C_caron.glif","\/schndlli.ufo\/glyphs\/C_cedilla.glif":"\/schndlli.ufo\/glyphs\/C_cedilla.glif","\/schndlli.ufo\/glyphs\/D_.glif":"\/schndlli.ufo\/glyphs\/D_.glif","\/schndlli.ufo\/glyphs\/D_elta.glif":"\/schndlli.ufo\/glyphs\/D_elta.glif","\/schndlli.ufo\/glyphs\/E_.glif":"\/schndlli.ufo\/glyphs\/E_.glif","\/schndlli.ufo\/glyphs\/E_acute.glif":"\/schndlli.ufo\/glyphs\/E_acute.glif","\/schndlli.ufo\/glyphs\/E_circumflex.glif":"\/schndlli.ufo\/glyphs\/E_circumflex.glif","\/schndlli.ufo\/glyphs\/E_dieresis.glif":"\/schndlli.ufo\/glyphs\/E_dieresis.glif","\/schndlli.ufo\/glyphs\/E_grave.glif":"\/schndlli.ufo\/glyphs\/E_grave.glif","\/schndlli.ufo\/glyphs\/E_th.glif":"\/schndlli.ufo\/glyphs\/E_th.glif","\/schndlli.ufo\/glyphs\/F_.glif":"\/schndlli.ufo\/glyphs\/F_.glif","\/schndlli.ufo\/glyphs\/G_.glif":"\/schndlli.ufo\/glyphs\/G_.glif","\/schndlli.ufo\/glyphs\/G_breve.glif":"\/schndlli.ufo\/glyphs\/G_breve.glif","\/schndlli.ufo\/glyphs\/H_.glif":"\/schndlli.ufo\/glyphs\/H_.glif","\/schndlli.ufo\/glyphs\/I_.glif":"\/schndlli.ufo\/glyphs\/I_.glif","\/schndlli.ufo\/glyphs\/I_acute.glif":"\/schndlli.ufo\/glyphs\/I_acute.glif","\/schndlli.ufo\/glyphs\/I_circumflex.glif":"\/schndlli.ufo\/glyphs\/I_circumflex.glif","\/schndlli.ufo\/glyphs\/I_dieresis.glif":"\/schndlli.ufo\/glyphs\/I_dieresis.glif","\/schndlli.ufo\/glyphs\/I_dotaccent.glif":"\/schndlli.ufo\/glyphs\/I_dotaccent.glif","\/schndlli.ufo\/glyphs\/I_grave.glif":"\/schndlli.ufo\/glyphs\/I_grave.glif","\/schndlli.ufo\/glyphs\/J_.glif":"\/schndlli.ufo\/glyphs\/J_.glif","\/schndlli.ufo\/glyphs\/K_.glif":"\/schndlli.ufo\/glyphs\/K_.glif","\/schndlli.ufo\/glyphs\/L_.glif":"\/schndlli.ufo\/glyphs\/L_.glif","\/schndlli.ufo\/glyphs\/L_slash.glif":"\/schndlli.ufo\/glyphs\/L_slash.glif","\/schndlli.ufo\/glyphs\/M_.glif":"\/schndlli.ufo\/glyphs\/M_.glif","\/schndlli.ufo\/glyphs\/N_.glif":"\/schndlli.ufo\/glyphs\/N_.glif","\/schndlli.ufo\/glyphs\/N_tilde.glif":"\/schndlli.ufo\/glyphs\/N_tilde.glif","\/schndlli.ufo\/glyphs\/O_.glif":"\/schndlli.ufo\/glyphs\/O_.glif","\/schndlli.ufo\/glyphs\/O_E_.glif":"\/schndlli.ufo\/glyphs\/O_E_.glif","\/schndlli.ufo\/glyphs\/O_acute.glif":"\/schndlli.ufo\/glyphs\/O_acute.glif","\/schndlli.ufo\/glyphs\/O_circumflex.glif":"\/schndlli.ufo\/glyphs\/O_circumflex.glif","\/schndlli.ufo\/glyphs\/O_dieresis.glif":"\/schndlli.ufo\/glyphs\/O_dieresis.glif","\/schndlli.ufo\/glyphs\/O_grave.glif":"\/schndlli.ufo\/glyphs\/O_grave.glif","\/schndlli.ufo\/glyphs\/O_mega.glif":"\/schndlli.ufo\/glyphs\/O_mega.glif","\/schndlli.ufo\/glyphs\/O_slash.glif":"\/schndlli.ufo\/glyphs\/O_slash.glif","\/schndlli.ufo\/glyphs\/O_tilde.glif":"\/schndlli.ufo\/glyphs\/O_tilde.glif","\/schndlli.ufo\/glyphs\/P_.glif":"\/schndlli.ufo\/glyphs\/P_.glif","\/schndlli.ufo\/glyphs\/Q_.glif":"\/schndlli.ufo\/glyphs\/Q_.glif","\/schndlli.ufo\/glyphs\/R_.glif":"\/schndlli.ufo\/glyphs\/R_.glif","\/schndlli.ufo\/glyphs\/S_.glif":"\/schndlli.ufo\/glyphs\/S_.glif","\/schndlli.ufo\/glyphs\/S_caron.glif":"\/schndlli.ufo\/glyphs\/S_caron.glif","\/schndlli.ufo\/glyphs\/S_cedilla.glif":"\/schndlli.ufo\/glyphs\/S_cedilla.glif","\/schndlli.ufo\/glyphs\/T_.glif":"\/schndlli.ufo\/glyphs\/T_.glif","\/schndlli.ufo\/glyphs\/T_horn.glif":"\/schndlli.ufo\/glyphs\/T_horn.glif","\/schndlli.ufo\/glyphs\/U_.glif":"\/schndlli.ufo\/glyphs\/U_.glif","\/schndlli.ufo\/glyphs\/U_acute.glif":"\/schndlli.ufo\/glyphs\/U_acute.glif","\/schndlli.ufo\/glyphs\/U_circumflex.glif":"\/schndlli.ufo\/glyphs\/U_circumflex.glif","\/schndlli.ufo\/glyphs\/U_dieresis.glif":"\/schndlli.ufo\/glyphs\/U_dieresis.glif","\/schndlli.ufo\/glyphs\/U_grave.glif":"\/schndlli.ufo\/glyphs\/U_grave.glif","\/schndlli.ufo\/glyphs\/V_.glif":"\/schndlli.ufo\/glyphs\/V_.glif","\/schndlli.ufo\/glyphs\/W_.glif":"\/schndlli.ufo\/glyphs\/W_.glif","\/schndlli.ufo\/glyphs\/X_.glif":"\/schndlli.ufo\/glyphs\/X_.glif","\/schndlli.ufo\/glyphs\/Y_.glif":"\/schndlli.ufo\/glyphs\/Y_.glif","\/schndlli.ufo\/glyphs\/Y_acute.glif":"\/schndlli.ufo\/glyphs\/Y_acute.glif","\/schndlli.ufo\/glyphs\/Y_dieresis.glif":"\/schndlli.ufo\/glyphs\/Y_dieresis.glif","\/schndlli.ufo\/glyphs\/Z_.glif":"\/schndlli.ufo\/glyphs\/Z_.glif","\/schndlli.ufo\/glyphs\/Z_caron.glif":"\/schndlli.ufo\/glyphs\/Z_caron.glif","\/schndlli.ufo\/glyphs\/_notdef.glif":"\/schndlli.ufo\/glyphs\/_notdef.glif","\/schndlli.ufo\/glyphs\/_null.glif":"\/schndlli.ufo\/glyphs\/_null.glif","\/schndlli.ufo\/glyphs\/a.glif":"\/schndlli.ufo\/glyphs\/a.glif","\/schndlli.ufo\/glyphs\/aacute.glif":"\/schndlli.ufo\/glyphs\/aacute.glif","\/schndlli.ufo\/glyphs\/acircumflex.glif":"\/schndlli.ufo\/glyphs\/acircumflex.glif","\/schndlli.ufo\/glyphs\/acute.glif":"\/schndlli.ufo\/glyphs\/acute.glif","\/schndlli.ufo\/glyphs\/adieresis.glif":"\/schndlli.ufo\/glyphs\/adieresis.glif","\/schndlli.ufo\/glyphs\/ae.glif":"\/schndlli.ufo\/glyphs\/ae.glif","\/schndlli.ufo\/glyphs\/agrave.glif":"\/schndlli.ufo\/glyphs\/agrave.glif","\/schndlli.ufo\/glyphs\/ampersand.glif":"\/schndlli.ufo\/glyphs\/ampersand.glif","\/schndlli.ufo\/glyphs\/apple.glif":"\/schndlli.ufo\/glyphs\/apple.glif","\/schndlli.ufo\/glyphs\/approxequal.glif":"\/schndlli.ufo\/glyphs\/approxequal.glif","\/schndlli.ufo\/glyphs\/aring.glif":"\/schndlli.ufo\/glyphs\/aring.glif","\/schndlli.ufo\/glyphs\/asciicircum.glif":"\/schndlli.ufo\/glyphs\/asciicircum.glif","\/schndlli.ufo\/glyphs\/asciitilde.glif":"\/schndlli.ufo\/glyphs\/asciitilde.glif","\/schndlli.ufo\/glyphs\/asterisk.glif":"\/schndlli.ufo\/glyphs\/asterisk.glif","\/schndlli.ufo\/glyphs\/at.glif":"\/schndlli.ufo\/glyphs\/at.glif","\/schndlli.ufo\/glyphs\/atilde.glif":"\/schndlli.ufo\/glyphs\/atilde.glif","\/schndlli.ufo\/glyphs\/b.glif":"\/schndlli.ufo\/glyphs\/b.glif","\/schndlli.ufo\/glyphs\/backslash.glif":"\/schndlli.ufo\/glyphs\/backslash.glif","\/schndlli.ufo\/glyphs\/bar.glif":"\/schndlli.ufo\/glyphs\/bar.glif","\/schndlli.ufo\/glyphs\/braceleft.glif":"\/schndlli.ufo\/glyphs\/braceleft.glif","\/schndlli.ufo\/glyphs\/braceright.glif":"\/schndlli.ufo\/glyphs\/braceright.glif","\/schndlli.ufo\/glyphs\/bracketleft.glif":"\/schndlli.ufo\/glyphs\/bracketleft.glif","\/schndlli.ufo\/glyphs\/bracketright.glif":"\/schndlli.ufo\/glyphs\/bracketright.glif","\/schndlli.ufo\/glyphs\/breve.glif":"\/schndlli.ufo\/glyphs\/breve.glif","\/schndlli.ufo\/glyphs\/brokenbar.glif":"\/schndlli.ufo\/glyphs\/brokenbar.glif","\/schndlli.ufo\/glyphs\/bullet.glif":"\/schndlli.ufo\/glyphs\/bullet.glif","\/schndlli.ufo\/glyphs\/c.glif":"\/schndlli.ufo\/glyphs\/c.glif","\/schndlli.ufo\/glyphs\/cacute.glif":"\/schndlli.ufo\/glyphs\/cacute.glif","\/schndlli.ufo\/glyphs\/caron.glif":"\/schndlli.ufo\/glyphs\/caron.glif","\/schndlli.ufo\/glyphs\/ccaron.glif":"\/schndlli.ufo\/glyphs\/ccaron.glif","\/schndlli.ufo\/glyphs\/ccedilla.glif":"\/schndlli.ufo\/glyphs\/ccedilla.glif","\/schndlli.ufo\/glyphs\/cedilla.glif":"\/schndlli.ufo\/glyphs\/cedilla.glif","\/schndlli.ufo\/glyphs\/cent.glif":"\/schndlli.ufo\/glyphs\/cent.glif","\/schndlli.ufo\/glyphs\/circumflex.glif":"\/schndlli.ufo\/glyphs\/circumflex.glif","\/schndlli.ufo\/glyphs\/colon.glif":"\/schndlli.ufo\/glyphs\/colon.glif","\/schndlli.ufo\/glyphs\/comma.glif":"\/schndlli.ufo\/glyphs\/comma.glif","\/schndlli.ufo\/glyphs\/contents.plist":"\/schndlli.ufo\/glyphs\/contents.plist","\/schndlli.ufo\/glyphs\/copyright.glif":"\/schndlli.ufo\/glyphs\/copyright.glif","\/schndlli.ufo\/glyphs\/currency.glif":"\/schndlli.ufo\/glyphs\/currency.glif","\/schndlli.ufo\/glyphs\/d.glif":"\/schndlli.ufo\/glyphs\/d.glif","\/schndlli.ufo\/glyphs\/dagger.glif":"\/schndlli.ufo\/glyphs\/dagger.glif","\/schndlli.ufo\/glyphs\/daggerdbl.glif":"\/schndlli.ufo\/glyphs\/daggerdbl.glif","\/schndlli.ufo\/glyphs\/dcroat.glif":"\/schndlli.ufo\/glyphs\/dcroat.glif","\/schndlli.ufo\/glyphs\/degree.glif":"\/schndlli.ufo\/glyphs\/degree.glif","\/schndlli.ufo\/glyphs\/dieresis.glif":"\/schndlli.ufo\/glyphs\/dieresis.glif","\/schndlli.ufo\/glyphs\/divide.glif":"\/schndlli.ufo\/glyphs\/divide.glif","\/schndlli.ufo\/glyphs\/dollar.glif":"\/schndlli.ufo\/glyphs\/dollar.glif","\/schndlli.ufo\/glyphs\/dotaccent.glif":"\/schndlli.ufo\/glyphs\/dotaccent.glif","\/schndlli.ufo\/glyphs\/dotlessi.glif":"\/schndlli.ufo\/glyphs\/dotlessi.glif","\/schndlli.ufo\/glyphs\/e.glif":"\/schndlli.ufo\/glyphs\/e.glif","\/schndlli.ufo\/glyphs\/eacute.glif":"\/schndlli.ufo\/glyphs\/eacute.glif","\/schndlli.ufo\/glyphs\/ecircumflex.glif":"\/schndlli.ufo\/glyphs\/ecircumflex.glif","\/schndlli.ufo\/glyphs\/edieresis.glif":"\/schndlli.ufo\/glyphs\/edieresis.glif","\/schndlli.ufo\/glyphs\/egrave.glif":"\/schndlli.ufo\/glyphs\/egrave.glif","\/schndlli.ufo\/glyphs\/eight.glif":"\/schndlli.ufo\/glyphs\/eight.glif","\/schndlli.ufo\/glyphs\/ellipsis.glif":"\/schndlli.ufo\/glyphs\/ellipsis.glif","\/schndlli.ufo\/glyphs\/emdash.glif":"\/schndlli.ufo\/glyphs\/emdash.glif","\/schndlli.ufo\/glyphs\/endash.glif":"\/schndlli.ufo\/glyphs\/endash.glif","\/schndlli.ufo\/glyphs\/equal.glif":"\/schndlli.ufo\/glyphs\/equal.glif","\/schndlli.ufo\/glyphs\/eth.glif":"\/schndlli.ufo\/glyphs\/eth.glif","\/schndlli.ufo\/glyphs\/exclam.glif":"\/schndlli.ufo\/glyphs\/exclam.glif","\/schndlli.ufo\/glyphs\/exclamdown.glif":"\/schndlli.ufo\/glyphs\/exclamdown.glif","\/schndlli.ufo\/glyphs\/f.glif":"\/schndlli.ufo\/glyphs\/f.glif","\/schndlli.ufo\/glyphs\/fi.glif":"\/schndlli.ufo\/glyphs\/fi.glif","\/schndlli.ufo\/glyphs\/five.glif":"\/schndlli.ufo\/glyphs\/five.glif","\/schndlli.ufo\/glyphs\/fl.glif":"\/schndlli.ufo\/glyphs\/fl.glif","\/schndlli.ufo\/glyphs\/florin.glif":"\/schndlli.ufo\/glyphs\/florin.glif","\/schndlli.ufo\/glyphs\/four.glif":"\/schndlli.ufo\/glyphs\/four.glif","\/schndlli.ufo\/glyphs\/fraction.glif":"\/schndlli.ufo\/glyphs\/fraction.glif","\/schndlli.ufo\/glyphs\/franc.glif":"\/schndlli.ufo\/glyphs\/franc.glif","\/schndlli.ufo\/glyphs\/g.glif":"\/schndlli.ufo\/glyphs\/g.glif","\/schndlli.ufo\/glyphs\/gbreve.glif":"\/schndlli.ufo\/glyphs\/gbreve.glif","\/schndlli.ufo\/glyphs\/germandbls.glif":"\/schndlli.ufo\/glyphs\/germandbls.glif","\/schndlli.ufo\/glyphs\/grave.glif":"\/schndlli.ufo\/glyphs\/grave.glif","\/schndlli.ufo\/glyphs\/greater.glif":"\/schndlli.ufo\/glyphs\/greater.glif","\/schndlli.ufo\/glyphs\/greaterequal.glif":"\/schndlli.ufo\/glyphs\/greaterequal.glif","\/schndlli.ufo\/glyphs\/guillemotleft.glif":"\/schndlli.ufo\/glyphs\/guillemotleft.glif","\/schndlli.ufo\/glyphs\/guillemotright.glif":"\/schndlli.ufo\/glyphs\/guillemotright.glif","\/schndlli.ufo\/glyphs\/guilsinglleft.glif":"\/schndlli.ufo\/glyphs\/guilsinglleft.glif","\/schndlli.ufo\/glyphs\/guilsinglright.glif":"\/schndlli.ufo\/glyphs\/guilsinglright.glif","\/schndlli.ufo\/glyphs\/h.glif":"\/schndlli.ufo\/glyphs\/h.glif","\/schndlli.ufo\/glyphs\/hungarumlaut.glif":"\/schndlli.ufo\/glyphs\/hungarumlaut.glif","\/schndlli.ufo\/glyphs\/hyphen.glif":"\/schndlli.ufo\/glyphs\/hyphen.glif","\/schndlli.ufo\/glyphs\/i.glif":"\/schndlli.ufo\/glyphs\/i.glif","\/schndlli.ufo\/glyphs\/iacute.glif":"\/schndlli.ufo\/glyphs\/iacute.glif","\/schndlli.ufo\/glyphs\/icircumflex.glif":"\/schndlli.ufo\/glyphs\/icircumflex.glif","\/schndlli.ufo\/glyphs\/idieresis.glif":"\/schndlli.ufo\/glyphs\/idieresis.glif","\/schndlli.ufo\/glyphs\/igrave.glif":"\/schndlli.ufo\/glyphs\/igrave.glif","\/schndlli.ufo\/glyphs\/infinity.glif":"\/schndlli.ufo\/glyphs\/infinity.glif","\/schndlli.ufo\/glyphs\/integral.glif":"\/schndlli.ufo\/glyphs\/integral.glif","\/schndlli.ufo\/glyphs\/j.glif":"\/schndlli.ufo\/glyphs\/j.glif","\/schndlli.ufo\/glyphs\/k.glif":"\/schndlli.ufo\/glyphs\/k.glif","\/schndlli.ufo\/glyphs\/l.glif":"\/schndlli.ufo\/glyphs\/l.glif","\/schndlli.ufo\/glyphs\/less.glif":"\/schndlli.ufo\/glyphs\/less.glif","\/schndlli.ufo\/glyphs\/lessequal.glif":"\/schndlli.ufo\/glyphs\/lessequal.glif","\/schndlli.ufo\/glyphs\/logicalnot.glif":"\/schndlli.ufo\/glyphs\/logicalnot.glif","\/schndlli.ufo\/glyphs\/lozenge.glif":"\/schndlli.ufo\/glyphs\/lozenge.glif","\/schndlli.ufo\/glyphs\/lslash.glif":"\/schndlli.ufo\/glyphs\/lslash.glif","\/schndlli.ufo\/glyphs\/m.glif":"\/schndlli.ufo\/glyphs\/m.glif","\/schndlli.ufo\/glyphs\/macron.glif":"\/schndlli.ufo\/glyphs\/macron.glif","\/schndlli.ufo\/glyphs\/minus.glif":"\/schndlli.ufo\/glyphs\/minus.glif","\/schndlli.ufo\/glyphs\/mu.glif":"\/schndlli.ufo\/glyphs\/mu.glif","\/schndlli.ufo\/glyphs\/multiply.glif":"\/schndlli.ufo\/glyphs\/multiply.glif","\/schndlli.ufo\/glyphs\/n.glif":"\/schndlli.ufo\/glyphs\/n.glif","\/schndlli.ufo\/glyphs\/nine.glif":"\/schndlli.ufo\/glyphs\/nine.glif","\/schndlli.ufo\/glyphs\/nonbreakingspace.glif":"\/schndlli.ufo\/glyphs\/nonbreakingspace.glif","\/schndlli.ufo\/glyphs\/nonmarkingreturn.glif":"\/schndlli.ufo\/glyphs\/nonmarkingreturn.glif","\/schndlli.ufo\/glyphs\/notequal.glif":"\/schndlli.ufo\/glyphs\/notequal.glif","\/schndlli.ufo\/glyphs\/ntilde.glif":"\/schndlli.ufo\/glyphs\/ntilde.glif","\/schndlli.ufo\/glyphs\/numbersign.glif":"\/schndlli.ufo\/glyphs\/numbersign.glif","\/schndlli.ufo\/glyphs\/o.glif":"\/schndlli.ufo\/glyphs\/o.glif","\/schndlli.ufo\/glyphs\/oacute.glif":"\/schndlli.ufo\/glyphs\/oacute.glif","\/schndlli.ufo\/glyphs\/ocircumflex.glif":"\/schndlli.ufo\/glyphs\/ocircumflex.glif","\/schndlli.ufo\/glyphs\/odieresis.glif":"\/schndlli.ufo\/glyphs\/odieresis.glif","\/schndlli.ufo\/glyphs\/oe.glif":"\/schndlli.ufo\/glyphs\/oe.glif","\/schndlli.ufo\/glyphs\/ogonek.glif":"\/schndlli.ufo\/glyphs\/ogonek.glif","\/schndlli.ufo\/glyphs\/ograve.glif":"\/schndlli.ufo\/glyphs\/ograve.glif","\/schndlli.ufo\/glyphs\/one.glif":"\/schndlli.ufo\/glyphs\/one.glif","\/schndlli.ufo\/glyphs\/onehalf.glif":"\/schndlli.ufo\/glyphs\/onehalf.glif","\/schndlli.ufo\/glyphs\/onequarter.glif":"\/schndlli.ufo\/glyphs\/onequarter.glif","\/schndlli.ufo\/glyphs\/onesuperior.glif":"\/schndlli.ufo\/glyphs\/onesuperior.glif","\/schndlli.ufo\/glyphs\/ordfeminine.glif":"\/schndlli.ufo\/glyphs\/ordfeminine.glif","\/schndlli.ufo\/glyphs\/ordmasculine.glif":"\/schndlli.ufo\/glyphs\/ordmasculine.glif","\/schndlli.ufo\/glyphs\/oslash.glif":"\/schndlli.ufo\/glyphs\/oslash.glif","\/schndlli.ufo\/glyphs\/otilde.glif":"\/schndlli.ufo\/glyphs\/otilde.glif","\/schndlli.ufo\/glyphs\/p.glif":"\/schndlli.ufo\/glyphs\/p.glif","\/schndlli.ufo\/glyphs\/paragraph.glif":"\/schndlli.ufo\/glyphs\/paragraph.glif","\/schndlli.ufo\/glyphs\/parenleft.glif":"\/schndlli.ufo\/glyphs\/parenleft.glif","\/schndlli.ufo\/glyphs\/parenright.glif":"\/schndlli.ufo\/glyphs\/parenright.glif","\/schndlli.ufo\/glyphs\/partialdiff.glif":"\/schndlli.ufo\/glyphs\/partialdiff.glif","\/schndlli.ufo\/glyphs\/percent.glif":"\/schndlli.ufo\/glyphs\/percent.glif","\/schndlli.ufo\/glyphs\/period.glif":"\/schndlli.ufo\/glyphs\/period.glif","\/schndlli.ufo\/glyphs\/periodcentered.glif":"\/schndlli.ufo\/glyphs\/periodcentered.glif","\/schndlli.ufo\/glyphs\/perthousand.glif":"\/schndlli.ufo\/glyphs\/perthousand.glif","\/schndlli.ufo\/glyphs\/pi.glif":"\/schndlli.ufo\/glyphs\/pi.glif","\/schndlli.ufo\/glyphs\/plus.glif":"\/schndlli.ufo\/glyphs\/plus.glif","\/schndlli.ufo\/glyphs\/plusminus.glif":"\/schndlli.ufo\/glyphs\/plusminus.glif","\/schndlli.ufo\/glyphs\/product.glif":"\/schndlli.ufo\/glyphs\/product.glif","\/schndlli.ufo\/glyphs\/q.glif":"\/schndlli.ufo\/glyphs\/q.glif","\/schndlli.ufo\/glyphs\/question.glif":"\/schndlli.ufo\/glyphs\/question.glif","\/schndlli.ufo\/glyphs\/questiondown.glif":"\/schndlli.ufo\/glyphs\/questiondown.glif","\/schndlli.ufo\/glyphs\/quotedbl.glif":"\/schndlli.ufo\/glyphs\/quotedbl.glif","\/schndlli.ufo\/glyphs\/quotedblbase.glif":"\/schndlli.ufo\/glyphs\/quotedblbase.glif","\/schndlli.ufo\/glyphs\/quotedblleft.glif":"\/schndlli.ufo\/glyphs\/quotedblleft.glif","\/schndlli.ufo\/glyphs\/quotedblright.glif":"\/schndlli.ufo\/glyphs\/quotedblright.glif","\/schndlli.ufo\/glyphs\/quoteleft.glif":"\/schndlli.ufo\/glyphs\/quoteleft.glif","\/schndlli.ufo\/glyphs\/quoteright.glif":"\/schndlli.ufo\/glyphs\/quoteright.glif","\/schndlli.ufo\/glyphs\/quotesinglbase.glif":"\/schndlli.ufo\/glyphs\/quotesinglbase.glif","\/schndlli.ufo\/glyphs\/quotesingle.glif":"\/schndlli.ufo\/glyphs\/quotesingle.glif","\/schndlli.ufo\/glyphs\/r.glif":"\/schndlli.ufo\/glyphs\/r.glif","\/schndlli.ufo\/glyphs\/radical.glif":"\/schndlli.ufo\/glyphs\/radical.glif","\/schndlli.ufo\/glyphs\/registered.glif":"\/schndlli.ufo\/glyphs\/registered.glif","\/schndlli.ufo\/glyphs\/ring.glif":"\/schndlli.ufo\/glyphs\/ring.glif","\/schndlli.ufo\/glyphs\/s.glif":"\/schndlli.ufo\/glyphs\/s.glif","\/schndlli.ufo\/glyphs\/scaron.glif":"\/schndlli.ufo\/glyphs\/scaron.glif","\/schndlli.ufo\/glyphs\/scedilla.glif":"\/schndlli.ufo\/glyphs\/scedilla.glif","\/schndlli.ufo\/glyphs\/section.glif":"\/schndlli.ufo\/glyphs\/section.glif","\/schndlli.ufo\/glyphs\/semicolon.glif":"\/schndlli.ufo\/glyphs\/semicolon.glif","\/schndlli.ufo\/glyphs\/seven.glif":"\/schndlli.ufo\/glyphs\/seven.glif","\/schndlli.ufo\/glyphs\/sfthyphen.glif":"\/schndlli.ufo\/glyphs\/sfthyphen.glif","\/schndlli.ufo\/glyphs\/six.glif":"\/schndlli.ufo\/glyphs\/six.glif","\/schndlli.ufo\/glyphs\/slash.glif":"\/schndlli.ufo\/glyphs\/slash.glif","\/schndlli.ufo\/glyphs\/space.glif":"\/schndlli.ufo\/glyphs\/space.glif","\/schndlli.ufo\/glyphs\/sterling.glif":"\/schndlli.ufo\/glyphs\/sterling.glif","\/schndlli.ufo\/glyphs\/summation.glif":"\/schndlli.ufo\/glyphs\/summation.glif","\/schndlli.ufo\/glyphs\/t.glif":"\/schndlli.ufo\/glyphs\/t.glif","\/schndlli.ufo\/glyphs\/thorn.glif":"\/schndlli.ufo\/glyphs\/thorn.glif","\/schndlli.ufo\/glyphs\/three.glif":"\/schndlli.ufo\/glyphs\/three.glif","\/schndlli.ufo\/glyphs\/threequarters.glif":"\/schndlli.ufo\/glyphs\/threequarters.glif","\/schndlli.ufo\/glyphs\/threesuperior.glif":"\/schndlli.ufo\/glyphs\/threesuperior.glif","\/schndlli.ufo\/glyphs\/tilde.glif":"\/schndlli.ufo\/glyphs\/tilde.glif","\/schndlli.ufo\/glyphs\/trademark.glif":"\/schndlli.ufo\/glyphs\/trademark.glif","\/schndlli.ufo\/glyphs\/two.glif":"\/schndlli.ufo\/glyphs\/two.glif","\/schndlli.ufo\/glyphs\/twosuperior.glif":"\/schndlli.ufo\/glyphs\/twosuperior.glif","\/schndlli.ufo\/glyphs\/u.glif":"\/schndlli.ufo\/glyphs\/u.glif","\/schndlli.ufo\/glyphs\/uacute.glif":"\/schndlli.ufo\/glyphs\/uacute.glif","\/schndlli.ufo\/glyphs\/ucircumflex.glif":"\/schndlli.ufo\/glyphs\/ucircumflex.glif","\/schndlli.ufo\/glyphs\/udieresis.glif":"\/schndlli.ufo\/glyphs\/udieresis.glif","\/schndlli.ufo\/glyphs\/ugrave.glif":"\/schndlli.ufo\/glyphs\/ugrave.glif","\/schndlli.ufo\/glyphs\/underscore.glif":"\/schndlli.ufo\/glyphs\/underscore.glif","\/schndlli.ufo\/glyphs\/v.glif":"\/schndlli.ufo\/glyphs\/v.glif","\/schndlli.ufo\/glyphs\/w.glif":"\/schndlli.ufo\/glyphs\/w.glif","\/schndlli.ufo\/glyphs\/x.glif":"\/schndlli.ufo\/glyphs\/x.glif","\/schndlli.ufo\/glyphs\/y.glif":"\/schndlli.ufo\/glyphs\/y.glif","\/schndlli.ufo\/glyphs\/yacute.glif":"\/schndlli.ufo\/glyphs\/yacute.glif","\/schndlli.ufo\/glyphs\/ydieresis.glif":"\/schndlli.ufo\/glyphs\/ydieresis.glif","\/schndlli.ufo\/glyphs\/yen.glif":"\/schndlli.ufo\/glyphs\/yen.glif","\/schndlli.ufo\/glyphs\/z.glif":"\/schndlli.ufo\/glyphs\/z.glif","\/schndlli.ufo\/glyphs\/zcaron.glif":"\/schndlli.ufo\/glyphs\/zcaron.glif","\/schndlli.ufo\/glyphs\/zero.glif":"\/schndlli.ufo\/glyphs\/zero.glif"},"Font":{"uploaded":1472815936.4246,"licence":"gpl3","company":"Chronolabs Cooperative","title":"Schneidler BT Light Italic","version":3.002,"date":"Sun Aug 28 08:00:34 2016","creator":"root","type":"1","matrix":"0.000488281 0 0 0.000488281 0 0","named":"SchneidlerBT-LightItalic","painttype":"0","info":"10 dict dup","name":"Schneidler Light Italic BT","family":"Schneidler Lt BT","weight":"Book","fstype":"14","italicangle":"-12.5","underlineposition":"","underlinethickness":""},"Licences":{"":false},"Table":{"FFTM":{"entryLength":16,"tag":"FFTM","checksum":1947016916,"offset":34908,"length":28},"GDEF":{"entryLength":16,"tag":"GDEF","checksum":19988484,"offset":34876,"length":32},"OS\/2":{"entryLength":16,"tag":"OS\/2","checksum":2227651010,"offset":344,"length":86},"cmap":{"entryLength":16,"tag":"cmap","checksum":1225595561,"offset":1472,"length":856},"gasp":{"entryLength":16,"tag":"gasp","checksum":4294901763,"offset":34868,"length":8},"glyf":{"entryLength":16,"tag":"glyf","checksum":1927253020,"offset":2852,"length":30608},"head":{"entryLength":16,"tag":"head","checksum":239870952,"offset":220,"length":54},"hhea":{"entryLength":16,"tag":"hhea","checksum":266274593,"offset":276,"length":36},"hmtx":{"entryLength":16,"tag":"hmtx","checksum":1454386758,"offset":432,"length":1040},"loca":{"entryLength":16,"tag":"loca","checksum":4250198052,"offset":2328,"length":522},"maxp":{"entryLength":16,"tag":"maxp","checksum":22216966,"offset":312,"length":32},"name":{"entryLength":16,"tag":"name","checksum":4056718852,"offset":33460,"length":843},"post":{"entryLength":16,"tag":"post","checksum":409114945,"offset":34304,"length":564}},"UnicodeCharMap":{"0":1,"13":2,"32":3,"33":4,"34":5,"35":6,"36":7,"37":8,"38":9,"39":10,"40":11,"41":12,"42":13,"43":14,"44":15,"45":16,"46":17,"47":18,"48":19,"49":20,"50":21,"51":22,"52":23,"53":24,"54":25,"55":26,"56":27,"57":28,"58":29,"59":30,"60":31,"61":32,"62":33,"63":34,"64":35,"65":36,"66":37,"67":38,"68":39,"69":40,"70":41,"71":42,"72":43,"73":44,"74":45,"75":46,"76":47,"77":48,"78":49,"79":50,"80":51,"81":52,"82":53,"83":54,"84":55,"85":56,"86":57,"87":58,"88":59,"89":60,"90":61,"91":62,"92":63,"93":64,"94":65,"95":66,"96":67,"97":68,"98":69,"99":70,"100":71,"101":72,"102":73,"103":74,"104":75,"105":76,"106":77,"107":78,"108":79,"109":80,"110":81,"111":82,"112":83,"113":84,"114":85,"115":86,"116":87,"117":88,"118":89,"119":90,"120":91,"121":92,"122":93,"123":94,"124":95,"125":96,"126":97,"160":98,"161":99,"162":100,"163":101,"164":102,"165":103,"166":104,"167":105,"168":106,"169":107,"170":108,"171":109,"172":110,"173":111,"174":112,"175":113,"176":114,"177":115,"178":116,"179":117,"180":118,"182":120,"183":259,"184":122,"185":123,"186":124,"187":125,"188":126,"189":127,"190":128,"191":129,"192":130,"193":131,"194":132,"195":133,"196":134,"197":135,"198":136,"199":137,"200":138,"201":139,"202":140,"203":141,"204":142,"205":143,"206":144,"207":145,"208":146,"209":147,"210":148,"211":149,"212":150,"213":151,"214":152,"215":153,"216":154,"217":155,"218":156,"219":157,"220":158,"221":159,"222":160,"223":161,"224":162,"225":163,"226":164,"227":165,"228":166,"229":167,"230":168,"231":169,"232":170,"233":171,"234":172,"235":173,"236":174,"237":175,"238":176,"239":177,"240":178,"241":179,"242":180,"243":181,"244":182,"245":183,"246":184,"247":185,"248":186,"249":187,"250":188,"251":189,"252":190,"253":191,"254":192,"255":193,"262":254,"263":255,"268":256,"269":257,"273":258,"286":249,"287":250,"304":251,"305":232,"321":241,"322":242,"338":212,"339":213,"350":252,"351":253,"352":243,"353":244,"376":221,"381":245,"382":246,"402":208,"710":233,"711":240,"728":235,"729":236,"730":237,"731":239,"732":234,"733":238,"916":210,"937":206,"956":119,"960":204,"8211":214,"8212":215,"8216":218,"8217":219,"8218":228,"8220":216,"8221":217,"8222":229,"8224":194,"8225":227,"8226":195,"8230":211,"8240":230,"8249":223,"8250":224,"8260":222,"8355":248,"8482":196,"8706":201,"8719":203,"8721":202,"8722":247,"8730":207,"8734":198,"8747":205,"8776":209,"8800":197,"8804":199,"8805":200,"9674":220,"64257":225,"64258":226},"Reserves":{"fontname":"Schneidler Light Italic BT"},"Names":{"Schneidler Light Italic BT":{"name":"Schneidler Light Italic BT","longitude":"0.00000001","latitude":"0.00000001","country":"","region":"","city":""}},"Nodes":{"sc":{"type":"typal","node":"sc","usage":1,"weight":1},"er":{"type":"typal","node":"er","usage":1,"weight":1},"li":{"type":"typal","node":"li","usage":1,"weight":1},"ht":{"type":"typal","node":"ht","usage":1,"weight":1},"it":{"type":"typal","node":"it","usage":1,"weight":1},"ic":{"type":"typal","node":"ic","usage":1,"weight":1},"sch":{"type":"typal","node":"sch","usage":1,"weight":1},"ler":{"type":"typal","node":"ler","usage":1,"weight":1},"lig":{"type":"typal","node":"lig","usage":1,"weight":1},"ght":{"type":"typal","node":"ght","usage":1,"weight":1},"ita":{"type":"typal","node":"ita","usage":1,"weight":1},"lic":{"type":"typal","node":"lic","usage":1,"weight":1},"schn":{"type":"keys","node":"schn","usage":1,"weight":1},"dler":{"type":"keys","node":"dler","usage":1,"weight":1},"ligh":{"type":"keys","node":"ligh","usage":1,"weight":1},"ight":{"type":"keys","node":"ight","usage":1,"weight":1},"ital":{"type":"keys","node":"ital","usage":1,"weight":1},"alic":{"type":"keys","node":"alic","usage":1,"weight":1},"schne":{"type":"keys","node":"schne","usage":1,"weight":1},"idler":{"type":"keys","node":"idler","usage":1,"weight":1},"itali":{"type":"keys","node":"itali","usage":1,"weight":1},"talic":{"type":"keys","node":"talic","usage":1,"weight":1},"schneidler":{"type":"fixes","node":"schneidler","usage":1,"weight":1},"light":{"type":"fixes","node":"light","usage":1,"weight":1},"italic":{"type":"fixes","node":"italic","usage":1,"weight":1},"bt":{"type":"fixes","node":"bt","usage":1,"weight":1}},"Contributors":[],"FontIdentity":"aphgovau:bf6a8af1c41757e6e0e3f56","Bytes":null,"Networking":[],"barcode":"qmamuaessu3kq","referee":"yqak-2s"}