{"CSS":{"OfficinaSerITCStd Black":"OfficinaSerITCStd+Black.css"},"FontType":"TrueType","FontCopyright":"Copyright 1997 International Typeface Corporation. All rights reserved. \"ITC\" and \"Officina\" are trademarks of International Typeface Corporation Registered in U.S. Patent and Trademark Office and may be registered in certain other jurisdictions.","FontName":"OfficinaSerITCStd Black","FontSubfamily":"Black","FontSubfamilyID":"FontForge 2.0 : OfficinaSerITCStd Black : 1-11-2016","FontFullName":"Officina Ser ITCStd Black","FontVersion":"Version 001.000 ","FontWeight":null,"FontPostscriptName":"OfficinaSerITCStd-Black","Files":{"\/fonts\/Unpacking\/d62ac32939e2340f3005b08b8b7b105787ed6fc3\/LICENCE":"\/fonts\/Unpacking\/d62ac32939e2340f3005b08b8b7b105787ed6fc3\/LICENCE","\/fonts\/Unpacking\/d62ac32939e2340f3005b08b8b7b105787ed6fc3\/officinaseritcstd-black.afm":"\/fonts\/Unpacking\/d62ac32939e2340f3005b08b8b7b105787ed6fc3\/officinaseritcstd-black.afm","\/fonts\/Unpacking\/d62ac32939e2340f3005b08b8b7b105787ed6fc3\/officinaseritcstd-black.bin":"\/fonts\/Unpacking\/d62ac32939e2340f3005b08b8b7b105787ed6fc3\/officinaseritcstd-black.bin","\/fonts\/Unpacking\/d62ac32939e2340f3005b08b8b7b105787ed6fc3\/officinaseritcstd-black.cef":"\/fonts\/Unpacking\/d62ac32939e2340f3005b08b8b7b105787ed6fc3\/officinaseritcstd-black.cef","\/fonts\/Unpacking\/d62ac32939e2340f3005b08b8b7b105787ed6fc3\/officinaseritcstd-black.cff":"\/fonts\/Unpacking\/d62ac32939e2340f3005b08b8b7b105787ed6fc3\/officinaseritcstd-black.cff","\/fonts\/Unpacking\/d62ac32939e2340f3005b08b8b7b105787ed6fc3\/officinaseritcstd-black.cid":"\/fonts\/Unpacking\/d62ac32939e2340f3005b08b8b7b105787ed6fc3\/officinaseritcstd-black.cid","\/fonts\/Unpacking\/d62ac32939e2340f3005b08b8b7b105787ed6fc3\/officinaseritcstd-black.dfont":"\/fonts\/Unpacking\/d62ac32939e2340f3005b08b8b7b105787ed6fc3\/officinaseritcstd-black.dfont","\/fonts\/Unpacking\/d62ac32939e2340f3005b08b8b7b105787ed6fc3\/officinaseritcstd-black.eot":"\/fonts\/Unpacking\/d62ac32939e2340f3005b08b8b7b105787ed6fc3\/officinaseritcstd-black.eot","\/fonts\/Unpacking\/d62ac32939e2340f3005b08b8b7b105787ed6fc3\/officinaseritcstd-black.fon":"\/fonts\/Unpacking\/d62ac32939e2340f3005b08b8b7b105787ed6fc3\/officinaseritcstd-black.fon","\/fonts\/Unpacking\/d62ac32939e2340f3005b08b8b7b105787ed6fc3\/officinaseritcstd-black.gai":"\/fonts\/Unpacking\/d62ac32939e2340f3005b08b8b7b105787ed6fc3\/officinaseritcstd-black.gai","\/fonts\/Unpacking\/d62ac32939e2340f3005b08b8b7b105787ed6fc3\/officinaseritcstd-black.gsf":"\/fonts\/Unpacking\/d62ac32939e2340f3005b08b8b7b105787ed6fc3\/officinaseritcstd-black.gsf","\/fonts\/Unpacking\/d62ac32939e2340f3005b08b8b7b105787ed6fc3\/officinaseritcstd-black.hqx":"\/fonts\/Unpacking\/d62ac32939e2340f3005b08b8b7b105787ed6fc3\/officinaseritcstd-black.hqx","\/fonts\/Unpacking\/d62ac32939e2340f3005b08b8b7b105787ed6fc3\/officinaseritcstd-black.ik":"\/fonts\/Unpacking\/d62ac32939e2340f3005b08b8b7b105787ed6fc3\/officinaseritcstd-black.ik","\/fonts\/Unpacking\/d62ac32939e2340f3005b08b8b7b105787ed6fc3\/officinaseritcstd-black.mf":"\/fonts\/Unpacking\/d62ac32939e2340f3005b08b8b7b105787ed6fc3\/officinaseritcstd-black.mf","\/fonts\/Unpacking\/d62ac32939e2340f3005b08b8b7b105787ed6fc3\/officinaseritcstd-black.otf":"\/fonts\/Unpacking\/d62ac32939e2340f3005b08b8b7b105787ed6fc3\/officinaseritcstd-black.otf","\/fonts\/Unpacking\/d62ac32939e2340f3005b08b8b7b105787ed6fc3\/officinaseritcstd-black.pcf":"\/fonts\/Unpacking\/d62ac32939e2340f3005b08b8b7b105787ed6fc3\/officinaseritcstd-black.pcf","\/fonts\/Unpacking\/d62ac32939e2340f3005b08b8b7b105787ed6fc3\/officinaseritcstd-black.pf3":"\/fonts\/Unpacking\/d62ac32939e2340f3005b08b8b7b105787ed6fc3\/officinaseritcstd-black.pf3","\/fonts\/Unpacking\/d62ac32939e2340f3005b08b8b7b105787ed6fc3\/officinaseritcstd-black.pfa":"\/fonts\/Unpacking\/d62ac32939e2340f3005b08b8b7b105787ed6fc3\/officinaseritcstd-black.pfa","\/fonts\/Unpacking\/d62ac32939e2340f3005b08b8b7b105787ed6fc3\/officinaseritcstd-black.pfb":"\/fonts\/Unpacking\/d62ac32939e2340f3005b08b8b7b105787ed6fc3\/officinaseritcstd-black.pfb","\/fonts\/Unpacking\/d62ac32939e2340f3005b08b8b7b105787ed6fc3\/officinaseritcstd-black.php":"\/fonts\/Unpacking\/d62ac32939e2340f3005b08b8b7b105787ed6fc3\/officinaseritcstd-black.php","\/fonts\/Unpacking\/d62ac32939e2340f3005b08b8b7b105787ed6fc3\/officinaseritcstd-black.pmf":"\/fonts\/Unpacking\/d62ac32939e2340f3005b08b8b7b105787ed6fc3\/officinaseritcstd-black.pmf","\/fonts\/Unpacking\/d62ac32939e2340f3005b08b8b7b105787ed6fc3\/officinaseritcstd-black.pt3":"\/fonts\/Unpacking\/d62ac32939e2340f3005b08b8b7b105787ed6fc3\/officinaseritcstd-black.pt3","\/fonts\/Unpacking\/d62ac32939e2340f3005b08b8b7b105787ed6fc3\/officinaseritcstd-black.sfd":"\/fonts\/Unpacking\/d62ac32939e2340f3005b08b8b7b105787ed6fc3\/officinaseritcstd-black.sfd","\/fonts\/Unpacking\/d62ac32939e2340f3005b08b8b7b105787ed6fc3\/officinaseritcstd-black.svg":"\/fonts\/Unpacking\/d62ac32939e2340f3005b08b8b7b105787ed6fc3\/officinaseritcstd-black.svg","\/fonts\/Unpacking\/d62ac32939e2340f3005b08b8b7b105787ed6fc3\/officinaseritcstd-black.t42":"\/fonts\/Unpacking\/d62ac32939e2340f3005b08b8b7b105787ed6fc3\/officinaseritcstd-black.t42","\/fonts\/Unpacking\/d62ac32939e2340f3005b08b8b7b105787ed6fc3\/officinaseritcstd-black.ttd":"\/fonts\/Unpacking\/d62ac32939e2340f3005b08b8b7b105787ed6fc3\/officinaseritcstd-black.ttd","\/fonts\/Unpacking\/d62ac32939e2340f3005b08b8b7b105787ed6fc3\/officinaseritcstd-black.ttf":"\/fonts\/Unpacking\/d62ac32939e2340f3005b08b8b7b105787ed6fc3\/officinaseritcstd-black.ttf","\/fonts\/Unpacking\/d62ac32939e2340f3005b08b8b7b105787ed6fc3\/officinaseritcstd-black.ttg":"\/fonts\/Unpacking\/d62ac32939e2340f3005b08b8b7b105787ed6fc3\/officinaseritcstd-black.ttg","\/fonts\/Unpacking\/d62ac32939e2340f3005b08b8b7b105787ed6fc3\/officinaseritcstd-black.ufm":"\/fonts\/Unpacking\/d62ac32939e2340f3005b08b8b7b105787ed6fc3\/officinaseritcstd-black.ufm","\/fonts\/Unpacking\/d62ac32939e2340f3005b08b8b7b105787ed6fc3\/officinaseritcstd-black.woff":"\/fonts\/Unpacking\/d62ac32939e2340f3005b08b8b7b105787ed6fc3\/officinaseritcstd-black.woff","\/fonts\/Unpacking\/d62ac32939e2340f3005b08b8b7b105787ed6fc3\/officinaseritcstd-black.z":"\/fonts\/Unpacking\/d62ac32939e2340f3005b08b8b7b105787ed6fc3\/officinaseritcstd-black.z","\/fonts\/Unpacking\/d62ac32939e2340f3005b08b8b7b105787ed6fc3\/officinaseritcstd-black.ufo\/feature.fea":"\/fonts\/Unpacking\/d62ac32939e2340f3005b08b8b7b105787ed6fc3\/officinaseritcstd-black.ufo\/feature.fea","\/fonts\/Unpacking\/d62ac32939e2340f3005b08b8b7b105787ed6fc3\/officinaseritcstd-black.ufo\/fontinfo.plist":"\/fonts\/Unpacking\/d62ac32939e2340f3005b08b8b7b105787ed6fc3\/officinaseritcstd-black.ufo\/fontinfo.plist","\/fonts\/Unpacking\/d62ac32939e2340f3005b08b8b7b105787ed6fc3\/officinaseritcstd-black.ufo\/groups.plist":"\/fonts\/Unpacking\/d62ac32939e2340f3005b08b8b7b105787ed6fc3\/officinaseritcstd-black.ufo\/groups.plist","\/fonts\/Unpacking\/d62ac32939e2340f3005b08b8b7b105787ed6fc3\/officinaseritcstd-black.ufo\/kerning.plist":"\/fonts\/Unpacking\/d62ac32939e2340f3005b08b8b7b105787ed6fc3\/officinaseritcstd-black.ufo\/kerning.plist","\/fonts\/Unpacking\/d62ac32939e2340f3005b08b8b7b105787ed6fc3\/officinaseritcstd-black.ufo\/metainfo.plist":"\/fonts\/Unpacking\/d62ac32939e2340f3005b08b8b7b105787ed6fc3\/officinaseritcstd-black.ufo\/metainfo.plist","\/fonts\/Unpacking\/d62ac32939e2340f3005b08b8b7b105787ed6fc3\/officinaseritcstd-black.ufo\/glyphs\/A_.glif":"\/fonts\/Unpacking\/d62ac32939e2340f3005b08b8b7b105787ed6fc3\/officinaseritcstd-black.ufo\/glyphs\/A_.glif","\/fonts\/Unpacking\/d62ac32939e2340f3005b08b8b7b105787ed6fc3\/officinaseritcstd-black.ufo\/glyphs\/A_.sc.glif":"\/fonts\/Unpacking\/d62ac32939e2340f3005b08b8b7b105787ed6fc3\/officinaseritcstd-black.ufo\/glyphs\/A_.sc.glif","\/fonts\/Unpacking\/d62ac32939e2340f3005b08b8b7b105787ed6fc3\/officinaseritcstd-black.ufo\/glyphs\/A_E_.glif":"\/fonts\/Unpacking\/d62ac32939e2340f3005b08b8b7b105787ed6fc3\/officinaseritcstd-black.ufo\/glyphs\/A_E_.glif","\/fonts\/Unpacking\/d62ac32939e2340f3005b08b8b7b105787ed6fc3\/officinaseritcstd-black.ufo\/glyphs\/A_E_.sc.glif":"\/fonts\/Unpacking\/d62ac32939e2340f3005b08b8b7b105787ed6fc3\/officinaseritcstd-black.ufo\/glyphs\/A_E_.sc.glif","\/fonts\/Unpacking\/d62ac32939e2340f3005b08b8b7b105787ed6fc3\/officinaseritcstd-black.ufo\/glyphs\/A_acute.glif":"\/fonts\/Unpacking\/d62ac32939e2340f3005b08b8b7b105787ed6fc3\/officinaseritcstd-black.ufo\/glyphs\/A_acute.glif","\/fonts\/Unpacking\/d62ac32939e2340f3005b08b8b7b105787ed6fc3\/officinaseritcstd-black.ufo\/glyphs\/A_acute.sc.glif":"\/fonts\/Unpacking\/d62ac32939e2340f3005b08b8b7b105787ed6fc3\/officinaseritcstd-black.ufo\/glyphs\/A_acute.sc.glif","\/fonts\/Unpacking\/d62ac32939e2340f3005b08b8b7b105787ed6fc3\/officinaseritcstd-black.ufo\/glyphs\/A_circumflex.glif":"\/fonts\/Unpacking\/d62ac32939e2340f3005b08b8b7b105787ed6fc3\/officinaseritcstd-black.ufo\/glyphs\/A_circumflex.glif","\/fonts\/Unpacking\/d62ac32939e2340f3005b08b8b7b105787ed6fc3\/officinaseritcstd-black.ufo\/glyphs\/A_circumflex.sc.glif":"\/fonts\/Unpacking\/d62ac32939e2340f3005b08b8b7b105787ed6fc3\/officinaseritcstd-black.ufo\/glyphs\/A_circumflex.sc.glif","\/fonts\/Unpacking\/d62ac32939e2340f3005b08b8b7b105787ed6fc3\/officinaseritcstd-black.ufo\/glyphs\/A_dieresis.glif":"\/fonts\/Unpacking\/d62ac32939e2340f3005b08b8b7b105787ed6fc3\/officinaseritcstd-black.ufo\/glyphs\/A_dieresis.glif","\/fonts\/Unpacking\/d62ac32939e2340f3005b08b8b7b105787ed6fc3\/officinaseritcstd-black.ufo\/glyphs\/A_dieresis.sc.glif":"\/fonts\/Unpacking\/d62ac32939e2340f3005b08b8b7b105787ed6fc3\/officinaseritcstd-black.ufo\/glyphs\/A_dieresis.sc.glif","\/fonts\/Unpacking\/d62ac32939e2340f3005b08b8b7b105787ed6fc3\/officinaseritcstd-black.ufo\/glyphs\/A_grave.glif":"\/fonts\/Unpacking\/d62ac32939e2340f3005b08b8b7b105787ed6fc3\/officinaseritcstd-black.ufo\/glyphs\/A_grave.glif","\/fonts\/Unpacking\/d62ac32939e2340f3005b08b8b7b105787ed6fc3\/officinaseritcstd-black.ufo\/glyphs\/A_grave.sc.glif":"\/fonts\/Unpacking\/d62ac32939e2340f3005b08b8b7b105787ed6fc3\/officinaseritcstd-black.ufo\/glyphs\/A_grave.sc.glif","\/fonts\/Unpacking\/d62ac32939e2340f3005b08b8b7b105787ed6fc3\/officinaseritcstd-black.ufo\/glyphs\/A_ring.glif":"\/fonts\/Unpacking\/d62ac32939e2340f3005b08b8b7b105787ed6fc3\/officinaseritcstd-black.ufo\/glyphs\/A_ring.glif","\/fonts\/Unpacking\/d62ac32939e2340f3005b08b8b7b105787ed6fc3\/officinaseritcstd-black.ufo\/glyphs\/A_ring.sc.glif":"\/fonts\/Unpacking\/d62ac32939e2340f3005b08b8b7b105787ed6fc3\/officinaseritcstd-black.ufo\/glyphs\/A_ring.sc.glif","\/fonts\/Unpacking\/d62ac32939e2340f3005b08b8b7b105787ed6fc3\/officinaseritcstd-black.ufo\/glyphs\/A_tilde.glif":"\/fonts\/Unpacking\/d62ac32939e2340f3005b08b8b7b105787ed6fc3\/officinaseritcstd-black.ufo\/glyphs\/A_tilde.glif","\/fonts\/Unpacking\/d62ac32939e2340f3005b08b8b7b105787ed6fc3\/officinaseritcstd-black.ufo\/glyphs\/A_tilde.sc.glif":"\/fonts\/Unpacking\/d62ac32939e2340f3005b08b8b7b105787ed6fc3\/officinaseritcstd-black.ufo\/glyphs\/A_tilde.sc.glif","\/fonts\/Unpacking\/d62ac32939e2340f3005b08b8b7b105787ed6fc3\/officinaseritcstd-black.ufo\/glyphs\/B_.glif":"\/fonts\/Unpacking\/d62ac32939e2340f3005b08b8b7b105787ed6fc3\/officinaseritcstd-black.ufo\/glyphs\/B_.glif","\/fonts\/Unpacking\/d62ac32939e2340f3005b08b8b7b105787ed6fc3\/officinaseritcstd-black.ufo\/glyphs\/B_.sc.glif":"\/fonts\/Unpacking\/d62ac32939e2340f3005b08b8b7b105787ed6fc3\/officinaseritcstd-black.ufo\/glyphs\/B_.sc.glif","\/fonts\/Unpacking\/d62ac32939e2340f3005b08b8b7b105787ed6fc3\/officinaseritcstd-black.ufo\/glyphs\/C_.glif":"\/fonts\/Unpacking\/d62ac32939e2340f3005b08b8b7b105787ed6fc3\/officinaseritcstd-black.ufo\/glyphs\/C_.glif","\/fonts\/Unpacking\/d62ac32939e2340f3005b08b8b7b105787ed6fc3\/officinaseritcstd-black.ufo\/glyphs\/C_.sc.glif":"\/fonts\/Unpacking\/d62ac32939e2340f3005b08b8b7b105787ed6fc3\/officinaseritcstd-black.ufo\/glyphs\/C_.sc.glif","\/fonts\/Unpacking\/d62ac32939e2340f3005b08b8b7b105787ed6fc3\/officinaseritcstd-black.ufo\/glyphs\/C_cedilla.glif":"\/fonts\/Unpacking\/d62ac32939e2340f3005b08b8b7b105787ed6fc3\/officinaseritcstd-black.ufo\/glyphs\/C_cedilla.glif","\/fonts\/Unpacking\/d62ac32939e2340f3005b08b8b7b105787ed6fc3\/officinaseritcstd-black.ufo\/glyphs\/C_cedilla.sc.glif":"\/fonts\/Unpacking\/d62ac32939e2340f3005b08b8b7b105787ed6fc3\/officinaseritcstd-black.ufo\/glyphs\/C_cedilla.sc.glif","\/fonts\/Unpacking\/d62ac32939e2340f3005b08b8b7b105787ed6fc3\/officinaseritcstd-black.ufo\/glyphs\/D_.glif":"\/fonts\/Unpacking\/d62ac32939e2340f3005b08b8b7b105787ed6fc3\/officinaseritcstd-black.ufo\/glyphs\/D_.glif","\/fonts\/Unpacking\/d62ac32939e2340f3005b08b8b7b105787ed6fc3\/officinaseritcstd-black.ufo\/glyphs\/D_.sc.glif":"\/fonts\/Unpacking\/d62ac32939e2340f3005b08b8b7b105787ed6fc3\/officinaseritcstd-black.ufo\/glyphs\/D_.sc.glif","\/fonts\/Unpacking\/d62ac32939e2340f3005b08b8b7b105787ed6fc3\/officinaseritcstd-black.ufo\/glyphs\/D_elta.glif":"\/fonts\/Unpacking\/d62ac32939e2340f3005b08b8b7b105787ed6fc3\/officinaseritcstd-black.ufo\/glyphs\/D_elta.glif","\/fonts\/Unpacking\/d62ac32939e2340f3005b08b8b7b105787ed6fc3\/officinaseritcstd-black.ufo\/glyphs\/E_.glif":"\/fonts\/Unpacking\/d62ac32939e2340f3005b08b8b7b105787ed6fc3\/officinaseritcstd-black.ufo\/glyphs\/E_.glif","\/fonts\/Unpacking\/d62ac32939e2340f3005b08b8b7b105787ed6fc3\/officinaseritcstd-black.ufo\/glyphs\/E_.sc.glif":"\/fonts\/Unpacking\/d62ac32939e2340f3005b08b8b7b105787ed6fc3\/officinaseritcstd-black.ufo\/glyphs\/E_.sc.glif","\/fonts\/Unpacking\/d62ac32939e2340f3005b08b8b7b105787ed6fc3\/officinaseritcstd-black.ufo\/glyphs\/E_acute.glif":"\/fonts\/Unpacking\/d62ac32939e2340f3005b08b8b7b105787ed6fc3\/officinaseritcstd-black.ufo\/glyphs\/E_acute.glif","\/fonts\/Unpacking\/d62ac32939e2340f3005b08b8b7b105787ed6fc3\/officinaseritcstd-black.ufo\/glyphs\/E_acute.sc.glif":"\/fonts\/Unpacking\/d62ac32939e2340f3005b08b8b7b105787ed6fc3\/officinaseritcstd-black.ufo\/glyphs\/E_acute.sc.glif","\/fonts\/Unpacking\/d62ac32939e2340f3005b08b8b7b105787ed6fc3\/officinaseritcstd-black.ufo\/glyphs\/E_circumflex.glif":"\/fonts\/Unpacking\/d62ac32939e2340f3005b08b8b7b105787ed6fc3\/officinaseritcstd-black.ufo\/glyphs\/E_circumflex.glif","\/fonts\/Unpacking\/d62ac32939e2340f3005b08b8b7b105787ed6fc3\/officinaseritcstd-black.ufo\/glyphs\/E_circumflex.sc.glif":"\/fonts\/Unpacking\/d62ac32939e2340f3005b08b8b7b105787ed6fc3\/officinaseritcstd-black.ufo\/glyphs\/E_circumflex.sc.glif","\/fonts\/Unpacking\/d62ac32939e2340f3005b08b8b7b105787ed6fc3\/officinaseritcstd-black.ufo\/glyphs\/E_dieresis.glif":"\/fonts\/Unpacking\/d62ac32939e2340f3005b08b8b7b105787ed6fc3\/officinaseritcstd-black.ufo\/glyphs\/E_dieresis.glif","\/fonts\/Unpacking\/d62ac32939e2340f3005b08b8b7b105787ed6fc3\/officinaseritcstd-black.ufo\/glyphs\/E_dieresis.sc.glif":"\/fonts\/Unpacking\/d62ac32939e2340f3005b08b8b7b105787ed6fc3\/officinaseritcstd-black.ufo\/glyphs\/E_dieresis.sc.glif","\/fonts\/Unpacking\/d62ac32939e2340f3005b08b8b7b105787ed6fc3\/officinaseritcstd-black.ufo\/glyphs\/E_grave.glif":"\/fonts\/Unpacking\/d62ac32939e2340f3005b08b8b7b105787ed6fc3\/officinaseritcstd-black.ufo\/glyphs\/E_grave.glif","\/fonts\/Unpacking\/d62ac32939e2340f3005b08b8b7b105787ed6fc3\/officinaseritcstd-black.ufo\/glyphs\/E_grave.sc.glif":"\/fonts\/Unpacking\/d62ac32939e2340f3005b08b8b7b105787ed6fc3\/officinaseritcstd-black.ufo\/glyphs\/E_grave.sc.glif","\/fonts\/Unpacking\/d62ac32939e2340f3005b08b8b7b105787ed6fc3\/officinaseritcstd-black.ufo\/glyphs\/E_th.glif":"\/fonts\/Unpacking\/d62ac32939e2340f3005b08b8b7b105787ed6fc3\/officinaseritcstd-black.ufo\/glyphs\/E_th.glif","\/fonts\/Unpacking\/d62ac32939e2340f3005b08b8b7b105787ed6fc3\/officinaseritcstd-black.ufo\/glyphs\/E_th.sc.glif":"\/fonts\/Unpacking\/d62ac32939e2340f3005b08b8b7b105787ed6fc3\/officinaseritcstd-black.ufo\/glyphs\/E_th.sc.glif","\/fonts\/Unpacking\/d62ac32939e2340f3005b08b8b7b105787ed6fc3\/officinaseritcstd-black.ufo\/glyphs\/E_uro.glif":"\/fonts\/Unpacking\/d62ac32939e2340f3005b08b8b7b105787ed6fc3\/officinaseritcstd-black.ufo\/glyphs\/E_uro.glif","\/fonts\/Unpacking\/d62ac32939e2340f3005b08b8b7b105787ed6fc3\/officinaseritcstd-black.ufo\/glyphs\/F_.glif":"\/fonts\/Unpacking\/d62ac32939e2340f3005b08b8b7b105787ed6fc3\/officinaseritcstd-black.ufo\/glyphs\/F_.glif","\/fonts\/Unpacking\/d62ac32939e2340f3005b08b8b7b105787ed6fc3\/officinaseritcstd-black.ufo\/glyphs\/F_.sc.glif":"\/fonts\/Unpacking\/d62ac32939e2340f3005b08b8b7b105787ed6fc3\/officinaseritcstd-black.ufo\/glyphs\/F_.sc.glif","\/fonts\/Unpacking\/d62ac32939e2340f3005b08b8b7b105787ed6fc3\/officinaseritcstd-black.ufo\/glyphs\/G_.glif":"\/fonts\/Unpacking\/d62ac32939e2340f3005b08b8b7b105787ed6fc3\/officinaseritcstd-black.ufo\/glyphs\/G_.glif","\/fonts\/Unpacking\/d62ac32939e2340f3005b08b8b7b105787ed6fc3\/officinaseritcstd-black.ufo\/glyphs\/G_.sc.glif":"\/fonts\/Unpacking\/d62ac32939e2340f3005b08b8b7b105787ed6fc3\/officinaseritcstd-black.ufo\/glyphs\/G_.sc.glif","\/fonts\/Unpacking\/d62ac32939e2340f3005b08b8b7b105787ed6fc3\/officinaseritcstd-black.ufo\/glyphs\/H_.glif":"\/fonts\/Unpacking\/d62ac32939e2340f3005b08b8b7b105787ed6fc3\/officinaseritcstd-black.ufo\/glyphs\/H_.glif","\/fonts\/Unpacking\/d62ac32939e2340f3005b08b8b7b105787ed6fc3\/officinaseritcstd-black.ufo\/glyphs\/H_.sc.glif":"\/fonts\/Unpacking\/d62ac32939e2340f3005b08b8b7b105787ed6fc3\/officinaseritcstd-black.ufo\/glyphs\/H_.sc.glif","\/fonts\/Unpacking\/d62ac32939e2340f3005b08b8b7b105787ed6fc3\/officinaseritcstd-black.ufo\/glyphs\/I_.glif":"\/fonts\/Unpacking\/d62ac32939e2340f3005b08b8b7b105787ed6fc3\/officinaseritcstd-black.ufo\/glyphs\/I_.glif","\/fonts\/Unpacking\/d62ac32939e2340f3005b08b8b7b105787ed6fc3\/officinaseritcstd-black.ufo\/glyphs\/I_.sc.glif":"\/fonts\/Unpacking\/d62ac32939e2340f3005b08b8b7b105787ed6fc3\/officinaseritcstd-black.ufo\/glyphs\/I_.sc.glif","\/fonts\/Unpacking\/d62ac32939e2340f3005b08b8b7b105787ed6fc3\/officinaseritcstd-black.ufo\/glyphs\/I_acute.glif":"\/fonts\/Unpacking\/d62ac32939e2340f3005b08b8b7b105787ed6fc3\/officinaseritcstd-black.ufo\/glyphs\/I_acute.glif","\/fonts\/Unpacking\/d62ac32939e2340f3005b08b8b7b105787ed6fc3\/officinaseritcstd-black.ufo\/glyphs\/I_acute.sc.glif":"\/fonts\/Unpacking\/d62ac32939e2340f3005b08b8b7b105787ed6fc3\/officinaseritcstd-black.ufo\/glyphs\/I_acute.sc.glif","\/fonts\/Unpacking\/d62ac32939e2340f3005b08b8b7b105787ed6fc3\/officinaseritcstd-black.ufo\/glyphs\/I_circumflex.glif":"\/fonts\/Unpacking\/d62ac32939e2340f3005b08b8b7b105787ed6fc3\/officinaseritcstd-black.ufo\/glyphs\/I_circumflex.glif","\/fonts\/Unpacking\/d62ac32939e2340f3005b08b8b7b105787ed6fc3\/officinaseritcstd-black.ufo\/glyphs\/I_circumflex.sc.glif":"\/fonts\/Unpacking\/d62ac32939e2340f3005b08b8b7b105787ed6fc3\/officinaseritcstd-black.ufo\/glyphs\/I_circumflex.sc.glif","\/fonts\/Unpacking\/d62ac32939e2340f3005b08b8b7b105787ed6fc3\/officinaseritcstd-black.ufo\/glyphs\/I_dieresis.glif":"\/fonts\/Unpacking\/d62ac32939e2340f3005b08b8b7b105787ed6fc3\/officinaseritcstd-black.ufo\/glyphs\/I_dieresis.glif","\/fonts\/Unpacking\/d62ac32939e2340f3005b08b8b7b105787ed6fc3\/officinaseritcstd-black.ufo\/glyphs\/I_dieresis.sc.glif":"\/fonts\/Unpacking\/d62ac32939e2340f3005b08b8b7b105787ed6fc3\/officinaseritcstd-black.ufo\/glyphs\/I_dieresis.sc.glif","\/fonts\/Unpacking\/d62ac32939e2340f3005b08b8b7b105787ed6fc3\/officinaseritcstd-black.ufo\/glyphs\/I_grave.glif":"\/fonts\/Unpacking\/d62ac32939e2340f3005b08b8b7b105787ed6fc3\/officinaseritcstd-black.ufo\/glyphs\/I_grave.glif","\/fonts\/Unpacking\/d62ac32939e2340f3005b08b8b7b105787ed6fc3\/officinaseritcstd-black.ufo\/glyphs\/I_grave.sc.glif":"\/fonts\/Unpacking\/d62ac32939e2340f3005b08b8b7b105787ed6fc3\/officinaseritcstd-black.ufo\/glyphs\/I_grave.sc.glif","\/fonts\/Unpacking\/d62ac32939e2340f3005b08b8b7b105787ed6fc3\/officinaseritcstd-black.ufo\/glyphs\/J_.glif":"\/fonts\/Unpacking\/d62ac32939e2340f3005b08b8b7b105787ed6fc3\/officinaseritcstd-black.ufo\/glyphs\/J_.glif","\/fonts\/Unpacking\/d62ac32939e2340f3005b08b8b7b105787ed6fc3\/officinaseritcstd-black.ufo\/glyphs\/J_.sc.glif":"\/fonts\/Unpacking\/d62ac32939e2340f3005b08b8b7b105787ed6fc3\/officinaseritcstd-black.ufo\/glyphs\/J_.sc.glif","\/fonts\/Unpacking\/d62ac32939e2340f3005b08b8b7b105787ed6fc3\/officinaseritcstd-black.ufo\/glyphs\/K_.glif":"\/fonts\/Unpacking\/d62ac32939e2340f3005b08b8b7b105787ed6fc3\/officinaseritcstd-black.ufo\/glyphs\/K_.glif","\/fonts\/Unpacking\/d62ac32939e2340f3005b08b8b7b105787ed6fc3\/officinaseritcstd-black.ufo\/glyphs\/K_.sc.glif":"\/fonts\/Unpacking\/d62ac32939e2340f3005b08b8b7b105787ed6fc3\/officinaseritcstd-black.ufo\/glyphs\/K_.sc.glif","\/fonts\/Unpacking\/d62ac32939e2340f3005b08b8b7b105787ed6fc3\/officinaseritcstd-black.ufo\/glyphs\/L_.glif":"\/fonts\/Unpacking\/d62ac32939e2340f3005b08b8b7b105787ed6fc3\/officinaseritcstd-black.ufo\/glyphs\/L_.glif","\/fonts\/Unpacking\/d62ac32939e2340f3005b08b8b7b105787ed6fc3\/officinaseritcstd-black.ufo\/glyphs\/L_.sc.glif":"\/fonts\/Unpacking\/d62ac32939e2340f3005b08b8b7b105787ed6fc3\/officinaseritcstd-black.ufo\/glyphs\/L_.sc.glif","\/fonts\/Unpacking\/d62ac32939e2340f3005b08b8b7b105787ed6fc3\/officinaseritcstd-black.ufo\/glyphs\/L_slash.glif":"\/fonts\/Unpacking\/d62ac32939e2340f3005b08b8b7b105787ed6fc3\/officinaseritcstd-black.ufo\/glyphs\/L_slash.glif","\/fonts\/Unpacking\/d62ac32939e2340f3005b08b8b7b105787ed6fc3\/officinaseritcstd-black.ufo\/glyphs\/L_slash.sc.glif":"\/fonts\/Unpacking\/d62ac32939e2340f3005b08b8b7b105787ed6fc3\/officinaseritcstd-black.ufo\/glyphs\/L_slash.sc.glif","\/fonts\/Unpacking\/d62ac32939e2340f3005b08b8b7b105787ed6fc3\/officinaseritcstd-black.ufo\/glyphs\/M_.glif":"\/fonts\/Unpacking\/d62ac32939e2340f3005b08b8b7b105787ed6fc3\/officinaseritcstd-black.ufo\/glyphs\/M_.glif","\/fonts\/Unpacking\/d62ac32939e2340f3005b08b8b7b105787ed6fc3\/officinaseritcstd-black.ufo\/glyphs\/M_.sc.glif":"\/fonts\/Unpacking\/d62ac32939e2340f3005b08b8b7b105787ed6fc3\/officinaseritcstd-black.ufo\/glyphs\/M_.sc.glif","\/fonts\/Unpacking\/d62ac32939e2340f3005b08b8b7b105787ed6fc3\/officinaseritcstd-black.ufo\/glyphs\/N_.glif":"\/fonts\/Unpacking\/d62ac32939e2340f3005b08b8b7b105787ed6fc3\/officinaseritcstd-black.ufo\/glyphs\/N_.glif","\/fonts\/Unpacking\/d62ac32939e2340f3005b08b8b7b105787ed6fc3\/officinaseritcstd-black.ufo\/glyphs\/N_.sc.glif":"\/fonts\/Unpacking\/d62ac32939e2340f3005b08b8b7b105787ed6fc3\/officinaseritcstd-black.ufo\/glyphs\/N_.sc.glif","\/fonts\/Unpacking\/d62ac32939e2340f3005b08b8b7b105787ed6fc3\/officinaseritcstd-black.ufo\/glyphs\/N_tilde.glif":"\/fonts\/Unpacking\/d62ac32939e2340f3005b08b8b7b105787ed6fc3\/officinaseritcstd-black.ufo\/glyphs\/N_tilde.glif","\/fonts\/Unpacking\/d62ac32939e2340f3005b08b8b7b105787ed6fc3\/officinaseritcstd-black.ufo\/glyphs\/N_tilde.sc.glif":"\/fonts\/Unpacking\/d62ac32939e2340f3005b08b8b7b105787ed6fc3\/officinaseritcstd-black.ufo\/glyphs\/N_tilde.sc.glif","\/fonts\/Unpacking\/d62ac32939e2340f3005b08b8b7b105787ed6fc3\/officinaseritcstd-black.ufo\/glyphs\/O_.glif":"\/fonts\/Unpacking\/d62ac32939e2340f3005b08b8b7b105787ed6fc3\/officinaseritcstd-black.ufo\/glyphs\/O_.glif","\/fonts\/Unpacking\/d62ac32939e2340f3005b08b8b7b105787ed6fc3\/officinaseritcstd-black.ufo\/glyphs\/O_.sc.glif":"\/fonts\/Unpacking\/d62ac32939e2340f3005b08b8b7b105787ed6fc3\/officinaseritcstd-black.ufo\/glyphs\/O_.sc.glif","\/fonts\/Unpacking\/d62ac32939e2340f3005b08b8b7b105787ed6fc3\/officinaseritcstd-black.ufo\/glyphs\/O_E_.glif":"\/fonts\/Unpacking\/d62ac32939e2340f3005b08b8b7b105787ed6fc3\/officinaseritcstd-black.ufo\/glyphs\/O_E_.glif","\/fonts\/Unpacking\/d62ac32939e2340f3005b08b8b7b105787ed6fc3\/officinaseritcstd-black.ufo\/glyphs\/O_E_.sc.glif":"\/fonts\/Unpacking\/d62ac32939e2340f3005b08b8b7b105787ed6fc3\/officinaseritcstd-black.ufo\/glyphs\/O_E_.sc.glif","\/fonts\/Unpacking\/d62ac32939e2340f3005b08b8b7b105787ed6fc3\/officinaseritcstd-black.ufo\/glyphs\/O_acute.glif":"\/fonts\/Unpacking\/d62ac32939e2340f3005b08b8b7b105787ed6fc3\/officinaseritcstd-black.ufo\/glyphs\/O_acute.glif","\/fonts\/Unpacking\/d62ac32939e2340f3005b08b8b7b105787ed6fc3\/officinaseritcstd-black.ufo\/glyphs\/O_acute.sc.glif":"\/fonts\/Unpacking\/d62ac32939e2340f3005b08b8b7b105787ed6fc3\/officinaseritcstd-black.ufo\/glyphs\/O_acute.sc.glif","\/fonts\/Unpacking\/d62ac32939e2340f3005b08b8b7b105787ed6fc3\/officinaseritcstd-black.ufo\/glyphs\/O_circumflex.glif":"\/fonts\/Unpacking\/d62ac32939e2340f3005b08b8b7b105787ed6fc3\/officinaseritcstd-black.ufo\/glyphs\/O_circumflex.glif","\/fonts\/Unpacking\/d62ac32939e2340f3005b08b8b7b105787ed6fc3\/officinaseritcstd-black.ufo\/glyphs\/O_circumflex.sc.glif":"\/fonts\/Unpacking\/d62ac32939e2340f3005b08b8b7b105787ed6fc3\/officinaseritcstd-black.ufo\/glyphs\/O_circumflex.sc.glif","\/fonts\/Unpacking\/d62ac32939e2340f3005b08b8b7b105787ed6fc3\/officinaseritcstd-black.ufo\/glyphs\/O_dieresis.glif":"\/fonts\/Unpacking\/d62ac32939e2340f3005b08b8b7b105787ed6fc3\/officinaseritcstd-black.ufo\/glyphs\/O_dieresis.glif","\/fonts\/Unpacking\/d62ac32939e2340f3005b08b8b7b105787ed6fc3\/officinaseritcstd-black.ufo\/glyphs\/O_dieresis.sc.glif":"\/fonts\/Unpacking\/d62ac32939e2340f3005b08b8b7b105787ed6fc3\/officinaseritcstd-black.ufo\/glyphs\/O_dieresis.sc.glif","\/fonts\/Unpacking\/d62ac32939e2340f3005b08b8b7b105787ed6fc3\/officinaseritcstd-black.ufo\/glyphs\/O_grave.glif":"\/fonts\/Unpacking\/d62ac32939e2340f3005b08b8b7b105787ed6fc3\/officinaseritcstd-black.ufo\/glyphs\/O_grave.glif","\/fonts\/Unpacking\/d62ac32939e2340f3005b08b8b7b105787ed6fc3\/officinaseritcstd-black.ufo\/glyphs\/O_grave.sc.glif":"\/fonts\/Unpacking\/d62ac32939e2340f3005b08b8b7b105787ed6fc3\/officinaseritcstd-black.ufo\/glyphs\/O_grave.sc.glif","\/fonts\/Unpacking\/d62ac32939e2340f3005b08b8b7b105787ed6fc3\/officinaseritcstd-black.ufo\/glyphs\/O_mega.glif":"\/fonts\/Unpacking\/d62ac32939e2340f3005b08b8b7b105787ed6fc3\/officinaseritcstd-black.ufo\/glyphs\/O_mega.glif","\/fonts\/Unpacking\/d62ac32939e2340f3005b08b8b7b105787ed6fc3\/officinaseritcstd-black.ufo\/glyphs\/O_slash.glif":"\/fonts\/Unpacking\/d62ac32939e2340f3005b08b8b7b105787ed6fc3\/officinaseritcstd-black.ufo\/glyphs\/O_slash.glif","\/fonts\/Unpacking\/d62ac32939e2340f3005b08b8b7b105787ed6fc3\/officinaseritcstd-black.ufo\/glyphs\/O_slash.sc.glif":"\/fonts\/Unpacking\/d62ac32939e2340f3005b08b8b7b105787ed6fc3\/officinaseritcstd-black.ufo\/glyphs\/O_slash.sc.glif","\/fonts\/Unpacking\/d62ac32939e2340f3005b08b8b7b105787ed6fc3\/officinaseritcstd-black.ufo\/glyphs\/O_tilde.glif":"\/fonts\/Unpacking\/d62ac32939e2340f3005b08b8b7b105787ed6fc3\/officinaseritcstd-black.ufo\/glyphs\/O_tilde.glif","\/fonts\/Unpacking\/d62ac32939e2340f3005b08b8b7b105787ed6fc3\/officinaseritcstd-black.ufo\/glyphs\/O_tilde.sc.glif":"\/fonts\/Unpacking\/d62ac32939e2340f3005b08b8b7b105787ed6fc3\/officinaseritcstd-black.ufo\/glyphs\/O_tilde.sc.glif","\/fonts\/Unpacking\/d62ac32939e2340f3005b08b8b7b105787ed6fc3\/officinaseritcstd-black.ufo\/glyphs\/P_.glif":"\/fonts\/Unpacking\/d62ac32939e2340f3005b08b8b7b105787ed6fc3\/officinaseritcstd-black.ufo\/glyphs\/P_.glif","\/fonts\/Unpacking\/d62ac32939e2340f3005b08b8b7b105787ed6fc3\/officinaseritcstd-black.ufo\/glyphs\/P_.sc.glif":"\/fonts\/Unpacking\/d62ac32939e2340f3005b08b8b7b105787ed6fc3\/officinaseritcstd-black.ufo\/glyphs\/P_.sc.glif","\/fonts\/Unpacking\/d62ac32939e2340f3005b08b8b7b105787ed6fc3\/officinaseritcstd-black.ufo\/glyphs\/Q_.glif":"\/fonts\/Unpacking\/d62ac32939e2340f3005b08b8b7b105787ed6fc3\/officinaseritcstd-black.ufo\/glyphs\/Q_.glif","\/fonts\/Unpacking\/d62ac32939e2340f3005b08b8b7b105787ed6fc3\/officinaseritcstd-black.ufo\/glyphs\/Q_.sc.glif":"\/fonts\/Unpacking\/d62ac32939e2340f3005b08b8b7b105787ed6fc3\/officinaseritcstd-black.ufo\/glyphs\/Q_.sc.glif","\/fonts\/Unpacking\/d62ac32939e2340f3005b08b8b7b105787ed6fc3\/officinaseritcstd-black.ufo\/glyphs\/R_.glif":"\/fonts\/Unpacking\/d62ac32939e2340f3005b08b8b7b105787ed6fc3\/officinaseritcstd-black.ufo\/glyphs\/R_.glif","\/fonts\/Unpacking\/d62ac32939e2340f3005b08b8b7b105787ed6fc3\/officinaseritcstd-black.ufo\/glyphs\/R_.sc.glif":"\/fonts\/Unpacking\/d62ac32939e2340f3005b08b8b7b105787ed6fc3\/officinaseritcstd-black.ufo\/glyphs\/R_.sc.glif","\/fonts\/Unpacking\/d62ac32939e2340f3005b08b8b7b105787ed6fc3\/officinaseritcstd-black.ufo\/glyphs\/S_.glif":"\/fonts\/Unpacking\/d62ac32939e2340f3005b08b8b7b105787ed6fc3\/officinaseritcstd-black.ufo\/glyphs\/S_.glif","\/fonts\/Unpacking\/d62ac32939e2340f3005b08b8b7b105787ed6fc3\/officinaseritcstd-black.ufo\/glyphs\/S_.sc.glif":"\/fonts\/Unpacking\/d62ac32939e2340f3005b08b8b7b105787ed6fc3\/officinaseritcstd-black.ufo\/glyphs\/S_.sc.glif","\/fonts\/Unpacking\/d62ac32939e2340f3005b08b8b7b105787ed6fc3\/officinaseritcstd-black.ufo\/glyphs\/S_caron.glif":"\/fonts\/Unpacking\/d62ac32939e2340f3005b08b8b7b105787ed6fc3\/officinaseritcstd-black.ufo\/glyphs\/S_caron.glif","\/fonts\/Unpacking\/d62ac32939e2340f3005b08b8b7b105787ed6fc3\/officinaseritcstd-black.ufo\/glyphs\/S_caron.sc.glif":"\/fonts\/Unpacking\/d62ac32939e2340f3005b08b8b7b105787ed6fc3\/officinaseritcstd-black.ufo\/glyphs\/S_caron.sc.glif","\/fonts\/Unpacking\/d62ac32939e2340f3005b08b8b7b105787ed6fc3\/officinaseritcstd-black.ufo\/glyphs\/T_.glif":"\/fonts\/Unpacking\/d62ac32939e2340f3005b08b8b7b105787ed6fc3\/officinaseritcstd-black.ufo\/glyphs\/T_.glif","\/fonts\/Unpacking\/d62ac32939e2340f3005b08b8b7b105787ed6fc3\/officinaseritcstd-black.ufo\/glyphs\/T_.sc.glif":"\/fonts\/Unpacking\/d62ac32939e2340f3005b08b8b7b105787ed6fc3\/officinaseritcstd-black.ufo\/glyphs\/T_.sc.glif","\/fonts\/Unpacking\/d62ac32939e2340f3005b08b8b7b105787ed6fc3\/officinaseritcstd-black.ufo\/glyphs\/T_horn.glif":"\/fonts\/Unpacking\/d62ac32939e2340f3005b08b8b7b105787ed6fc3\/officinaseritcstd-black.ufo\/glyphs\/T_horn.glif","\/fonts\/Unpacking\/d62ac32939e2340f3005b08b8b7b105787ed6fc3\/officinaseritcstd-black.ufo\/glyphs\/T_horn.sc.glif":"\/fonts\/Unpacking\/d62ac32939e2340f3005b08b8b7b105787ed6fc3\/officinaseritcstd-black.ufo\/glyphs\/T_horn.sc.glif","\/fonts\/Unpacking\/d62ac32939e2340f3005b08b8b7b105787ed6fc3\/officinaseritcstd-black.ufo\/glyphs\/U_.glif":"\/fonts\/Unpacking\/d62ac32939e2340f3005b08b8b7b105787ed6fc3\/officinaseritcstd-black.ufo\/glyphs\/U_.glif","\/fonts\/Unpacking\/d62ac32939e2340f3005b08b8b7b105787ed6fc3\/officinaseritcstd-black.ufo\/glyphs\/U_.sc.glif":"\/fonts\/Unpacking\/d62ac32939e2340f3005b08b8b7b105787ed6fc3\/officinaseritcstd-black.ufo\/glyphs\/U_.sc.glif","\/fonts\/Unpacking\/d62ac32939e2340f3005b08b8b7b105787ed6fc3\/officinaseritcstd-black.ufo\/glyphs\/U_acute.glif":"\/fonts\/Unpacking\/d62ac32939e2340f3005b08b8b7b105787ed6fc3\/officinaseritcstd-black.ufo\/glyphs\/U_acute.glif","\/fonts\/Unpacking\/d62ac32939e2340f3005b08b8b7b105787ed6fc3\/officinaseritcstd-black.ufo\/glyphs\/U_acute.sc.glif":"\/fonts\/Unpacking\/d62ac32939e2340f3005b08b8b7b105787ed6fc3\/officinaseritcstd-black.ufo\/glyphs\/U_acute.sc.glif","\/fonts\/Unpacking\/d62ac32939e2340f3005b08b8b7b105787ed6fc3\/officinaseritcstd-black.ufo\/glyphs\/U_circumflex.glif":"\/fonts\/Unpacking\/d62ac32939e2340f3005b08b8b7b105787ed6fc3\/officinaseritcstd-black.ufo\/glyphs\/U_circumflex.glif","\/fonts\/Unpacking\/d62ac32939e2340f3005b08b8b7b105787ed6fc3\/officinaseritcstd-black.ufo\/glyphs\/U_circumflex.sc.glif":"\/fonts\/Unpacking\/d62ac32939e2340f3005b08b8b7b105787ed6fc3\/officinaseritcstd-black.ufo\/glyphs\/U_circumflex.sc.glif","\/fonts\/Unpacking\/d62ac32939e2340f3005b08b8b7b105787ed6fc3\/officinaseritcstd-black.ufo\/glyphs\/U_dieresis.glif":"\/fonts\/Unpacking\/d62ac32939e2340f3005b08b8b7b105787ed6fc3\/officinaseritcstd-black.ufo\/glyphs\/U_dieresis.glif","\/fonts\/Unpacking\/d62ac32939e2340f3005b08b8b7b105787ed6fc3\/officinaseritcstd-black.ufo\/glyphs\/U_dieresis.sc.glif":"\/fonts\/Unpacking\/d62ac32939e2340f3005b08b8b7b105787ed6fc3\/officinaseritcstd-black.ufo\/glyphs\/U_dieresis.sc.glif","\/fonts\/Unpacking\/d62ac32939e2340f3005b08b8b7b105787ed6fc3\/officinaseritcstd-black.ufo\/glyphs\/U_grave.glif":"\/fonts\/Unpacking\/d62ac32939e2340f3005b08b8b7b105787ed6fc3\/officinaseritcstd-black.ufo\/glyphs\/U_grave.glif","\/fonts\/Unpacking\/d62ac32939e2340f3005b08b8b7b105787ed6fc3\/officinaseritcstd-black.ufo\/glyphs\/U_grave.sc.glif":"\/fonts\/Unpacking\/d62ac32939e2340f3005b08b8b7b105787ed6fc3\/officinaseritcstd-black.ufo\/glyphs\/U_grave.sc.glif","\/fonts\/Unpacking\/d62ac32939e2340f3005b08b8b7b105787ed6fc3\/officinaseritcstd-black.ufo\/glyphs\/V_.glif":"\/fonts\/Unpacking\/d62ac32939e2340f3005b08b8b7b105787ed6fc3\/officinaseritcstd-black.ufo\/glyphs\/V_.glif","\/fonts\/Unpacking\/d62ac32939e2340f3005b08b8b7b105787ed6fc3\/officinaseritcstd-black.ufo\/glyphs\/V_.sc.glif":"\/fonts\/Unpacking\/d62ac32939e2340f3005b08b8b7b105787ed6fc3\/officinaseritcstd-black.ufo\/glyphs\/V_.sc.glif","\/fonts\/Unpacking\/d62ac32939e2340f3005b08b8b7b105787ed6fc3\/officinaseritcstd-black.ufo\/glyphs\/W_.glif":"\/fonts\/Unpacking\/d62ac32939e2340f3005b08b8b7b105787ed6fc3\/officinaseritcstd-black.ufo\/glyphs\/W_.glif","\/fonts\/Unpacking\/d62ac32939e2340f3005b08b8b7b105787ed6fc3\/officinaseritcstd-black.ufo\/glyphs\/W_.sc.glif":"\/fonts\/Unpacking\/d62ac32939e2340f3005b08b8b7b105787ed6fc3\/officinaseritcstd-black.ufo\/glyphs\/W_.sc.glif","\/fonts\/Unpacking\/d62ac32939e2340f3005b08b8b7b105787ed6fc3\/officinaseritcstd-black.ufo\/glyphs\/X_.glif":"\/fonts\/Unpacking\/d62ac32939e2340f3005b08b8b7b105787ed6fc3\/officinaseritcstd-black.ufo\/glyphs\/X_.glif","\/fonts\/Unpacking\/d62ac32939e2340f3005b08b8b7b105787ed6fc3\/officinaseritcstd-black.ufo\/glyphs\/X_.sc.glif":"\/fonts\/Unpacking\/d62ac32939e2340f3005b08b8b7b105787ed6fc3\/officinaseritcstd-black.ufo\/glyphs\/X_.sc.glif","\/fonts\/Unpacking\/d62ac32939e2340f3005b08b8b7b105787ed6fc3\/officinaseritcstd-black.ufo\/glyphs\/Y_.glif":"\/fonts\/Unpacking\/d62ac32939e2340f3005b08b8b7b105787ed6fc3\/officinaseritcstd-black.ufo\/glyphs\/Y_.glif","\/fonts\/Unpacking\/d62ac32939e2340f3005b08b8b7b105787ed6fc3\/officinaseritcstd-black.ufo\/glyphs\/Y_.sc.glif":"\/fonts\/Unpacking\/d62ac32939e2340f3005b08b8b7b105787ed6fc3\/officinaseritcstd-black.ufo\/glyphs\/Y_.sc.glif","\/fonts\/Unpacking\/d62ac32939e2340f3005b08b8b7b105787ed6fc3\/officinaseritcstd-black.ufo\/glyphs\/Y_acute.glif":"\/fonts\/Unpacking\/d62ac32939e2340f3005b08b8b7b105787ed6fc3\/officinaseritcstd-black.ufo\/glyphs\/Y_acute.glif","\/fonts\/Unpacking\/d62ac32939e2340f3005b08b8b7b105787ed6fc3\/officinaseritcstd-black.ufo\/glyphs\/Y_acute.sc.glif":"\/fonts\/Unpacking\/d62ac32939e2340f3005b08b8b7b105787ed6fc3\/officinaseritcstd-black.ufo\/glyphs\/Y_acute.sc.glif","\/fonts\/Unpacking\/d62ac32939e2340f3005b08b8b7b105787ed6fc3\/officinaseritcstd-black.ufo\/glyphs\/Y_dieresis.glif":"\/fonts\/Unpacking\/d62ac32939e2340f3005b08b8b7b105787ed6fc3\/officinaseritcstd-black.ufo\/glyphs\/Y_dieresis.glif","\/fonts\/Unpacking\/d62ac32939e2340f3005b08b8b7b105787ed6fc3\/officinaseritcstd-black.ufo\/glyphs\/Y_dieresis.sc.glif":"\/fonts\/Unpacking\/d62ac32939e2340f3005b08b8b7b105787ed6fc3\/officinaseritcstd-black.ufo\/glyphs\/Y_dieresis.sc.glif","\/fonts\/Unpacking\/d62ac32939e2340f3005b08b8b7b105787ed6fc3\/officinaseritcstd-black.ufo\/glyphs\/Z_.glif":"\/fonts\/Unpacking\/d62ac32939e2340f3005b08b8b7b105787ed6fc3\/officinaseritcstd-black.ufo\/glyphs\/Z_.glif","\/fonts\/Unpacking\/d62ac32939e2340f3005b08b8b7b105787ed6fc3\/officinaseritcstd-black.ufo\/glyphs\/Z_.sc.glif":"\/fonts\/Unpacking\/d62ac32939e2340f3005b08b8b7b105787ed6fc3\/officinaseritcstd-black.ufo\/glyphs\/Z_.sc.glif","\/fonts\/Unpacking\/d62ac32939e2340f3005b08b8b7b105787ed6fc3\/officinaseritcstd-black.ufo\/glyphs\/Z_caron.glif":"\/fonts\/Unpacking\/d62ac32939e2340f3005b08b8b7b105787ed6fc3\/officinaseritcstd-black.ufo\/glyphs\/Z_caron.glif","\/fonts\/Unpacking\/d62ac32939e2340f3005b08b8b7b105787ed6fc3\/officinaseritcstd-black.ufo\/glyphs\/Z_caron.sc.glif":"\/fonts\/Unpacking\/d62ac32939e2340f3005b08b8b7b105787ed6fc3\/officinaseritcstd-black.ufo\/glyphs\/Z_caron.sc.glif","\/fonts\/Unpacking\/d62ac32939e2340f3005b08b8b7b105787ed6fc3\/officinaseritcstd-black.ufo\/glyphs\/_notdef.glif":"\/fonts\/Unpacking\/d62ac32939e2340f3005b08b8b7b105787ed6fc3\/officinaseritcstd-black.ufo\/glyphs\/_notdef.glif","\/fonts\/Unpacking\/d62ac32939e2340f3005b08b8b7b105787ed6fc3\/officinaseritcstd-black.ufo\/glyphs\/a.glif":"\/fonts\/Unpacking\/d62ac32939e2340f3005b08b8b7b105787ed6fc3\/officinaseritcstd-black.ufo\/glyphs\/a.glif","\/fonts\/Unpacking\/d62ac32939e2340f3005b08b8b7b105787ed6fc3\/officinaseritcstd-black.ufo\/glyphs\/aacute.glif":"\/fonts\/Unpacking\/d62ac32939e2340f3005b08b8b7b105787ed6fc3\/officinaseritcstd-black.ufo\/glyphs\/aacute.glif","\/fonts\/Unpacking\/d62ac32939e2340f3005b08b8b7b105787ed6fc3\/officinaseritcstd-black.ufo\/glyphs\/acircumflex.glif":"\/fonts\/Unpacking\/d62ac32939e2340f3005b08b8b7b105787ed6fc3\/officinaseritcstd-black.ufo\/glyphs\/acircumflex.glif","\/fonts\/Unpacking\/d62ac32939e2340f3005b08b8b7b105787ed6fc3\/officinaseritcstd-black.ufo\/glyphs\/acute.glif":"\/fonts\/Unpacking\/d62ac32939e2340f3005b08b8b7b105787ed6fc3\/officinaseritcstd-black.ufo\/glyphs\/acute.glif","\/fonts\/Unpacking\/d62ac32939e2340f3005b08b8b7b105787ed6fc3\/officinaseritcstd-black.ufo\/glyphs\/adieresis.glif":"\/fonts\/Unpacking\/d62ac32939e2340f3005b08b8b7b105787ed6fc3\/officinaseritcstd-black.ufo\/glyphs\/adieresis.glif","\/fonts\/Unpacking\/d62ac32939e2340f3005b08b8b7b105787ed6fc3\/officinaseritcstd-black.ufo\/glyphs\/ae.glif":"\/fonts\/Unpacking\/d62ac32939e2340f3005b08b8b7b105787ed6fc3\/officinaseritcstd-black.ufo\/glyphs\/ae.glif","\/fonts\/Unpacking\/d62ac32939e2340f3005b08b8b7b105787ed6fc3\/officinaseritcstd-black.ufo\/glyphs\/agrave.glif":"\/fonts\/Unpacking\/d62ac32939e2340f3005b08b8b7b105787ed6fc3\/officinaseritcstd-black.ufo\/glyphs\/agrave.glif","\/fonts\/Unpacking\/d62ac32939e2340f3005b08b8b7b105787ed6fc3\/officinaseritcstd-black.ufo\/glyphs\/ampersand.glif":"\/fonts\/Unpacking\/d62ac32939e2340f3005b08b8b7b105787ed6fc3\/officinaseritcstd-black.ufo\/glyphs\/ampersand.glif","\/fonts\/Unpacking\/d62ac32939e2340f3005b08b8b7b105787ed6fc3\/officinaseritcstd-black.ufo\/glyphs\/approxequal.glif":"\/fonts\/Unpacking\/d62ac32939e2340f3005b08b8b7b105787ed6fc3\/officinaseritcstd-black.ufo\/glyphs\/approxequal.glif","\/fonts\/Unpacking\/d62ac32939e2340f3005b08b8b7b105787ed6fc3\/officinaseritcstd-black.ufo\/glyphs\/aring.glif":"\/fonts\/Unpacking\/d62ac32939e2340f3005b08b8b7b105787ed6fc3\/officinaseritcstd-black.ufo\/glyphs\/aring.glif","\/fonts\/Unpacking\/d62ac32939e2340f3005b08b8b7b105787ed6fc3\/officinaseritcstd-black.ufo\/glyphs\/asciicircum.glif":"\/fonts\/Unpacking\/d62ac32939e2340f3005b08b8b7b105787ed6fc3\/officinaseritcstd-black.ufo\/glyphs\/asciicircum.glif","\/fonts\/Unpacking\/d62ac32939e2340f3005b08b8b7b105787ed6fc3\/officinaseritcstd-black.ufo\/glyphs\/asciitilde.glif":"\/fonts\/Unpacking\/d62ac32939e2340f3005b08b8b7b105787ed6fc3\/officinaseritcstd-black.ufo\/glyphs\/asciitilde.glif","\/fonts\/Unpacking\/d62ac32939e2340f3005b08b8b7b105787ed6fc3\/officinaseritcstd-black.ufo\/glyphs\/asterisk.glif":"\/fonts\/Unpacking\/d62ac32939e2340f3005b08b8b7b105787ed6fc3\/officinaseritcstd-black.ufo\/glyphs\/asterisk.glif","\/fonts\/Unpacking\/d62ac32939e2340f3005b08b8b7b105787ed6fc3\/officinaseritcstd-black.ufo\/glyphs\/at.glif":"\/fonts\/Unpacking\/d62ac32939e2340f3005b08b8b7b105787ed6fc3\/officinaseritcstd-black.ufo\/glyphs\/at.glif","\/fonts\/Unpacking\/d62ac32939e2340f3005b08b8b7b105787ed6fc3\/officinaseritcstd-black.ufo\/glyphs\/atilde.glif":"\/fonts\/Unpacking\/d62ac32939e2340f3005b08b8b7b105787ed6fc3\/officinaseritcstd-black.ufo\/glyphs\/atilde.glif","\/fonts\/Unpacking\/d62ac32939e2340f3005b08b8b7b105787ed6fc3\/officinaseritcstd-black.ufo\/glyphs\/b.glif":"\/fonts\/Unpacking\/d62ac32939e2340f3005b08b8b7b105787ed6fc3\/officinaseritcstd-black.ufo\/glyphs\/b.glif","\/fonts\/Unpacking\/d62ac32939e2340f3005b08b8b7b105787ed6fc3\/officinaseritcstd-black.ufo\/glyphs\/backslash.glif":"\/fonts\/Unpacking\/d62ac32939e2340f3005b08b8b7b105787ed6fc3\/officinaseritcstd-black.ufo\/glyphs\/backslash.glif","\/fonts\/Unpacking\/d62ac32939e2340f3005b08b8b7b105787ed6fc3\/officinaseritcstd-black.ufo\/glyphs\/bar.glif":"\/fonts\/Unpacking\/d62ac32939e2340f3005b08b8b7b105787ed6fc3\/officinaseritcstd-black.ufo\/glyphs\/bar.glif","\/fonts\/Unpacking\/d62ac32939e2340f3005b08b8b7b105787ed6fc3\/officinaseritcstd-black.ufo\/glyphs\/braceleft.glif":"\/fonts\/Unpacking\/d62ac32939e2340f3005b08b8b7b105787ed6fc3\/officinaseritcstd-black.ufo\/glyphs\/braceleft.glif","\/fonts\/Unpacking\/d62ac32939e2340f3005b08b8b7b105787ed6fc3\/officinaseritcstd-black.ufo\/glyphs\/braceright.glif":"\/fonts\/Unpacking\/d62ac32939e2340f3005b08b8b7b105787ed6fc3\/officinaseritcstd-black.ufo\/glyphs\/braceright.glif","\/fonts\/Unpacking\/d62ac32939e2340f3005b08b8b7b105787ed6fc3\/officinaseritcstd-black.ufo\/glyphs\/bracketleft.glif":"\/fonts\/Unpacking\/d62ac32939e2340f3005b08b8b7b105787ed6fc3\/officinaseritcstd-black.ufo\/glyphs\/bracketleft.glif","\/fonts\/Unpacking\/d62ac32939e2340f3005b08b8b7b105787ed6fc3\/officinaseritcstd-black.ufo\/glyphs\/bracketright.glif":"\/fonts\/Unpacking\/d62ac32939e2340f3005b08b8b7b105787ed6fc3\/officinaseritcstd-black.ufo\/glyphs\/bracketright.glif","\/fonts\/Unpacking\/d62ac32939e2340f3005b08b8b7b105787ed6fc3\/officinaseritcstd-black.ufo\/glyphs\/breve.glif":"\/fonts\/Unpacking\/d62ac32939e2340f3005b08b8b7b105787ed6fc3\/officinaseritcstd-black.ufo\/glyphs\/breve.glif","\/fonts\/Unpacking\/d62ac32939e2340f3005b08b8b7b105787ed6fc3\/officinaseritcstd-black.ufo\/glyphs\/brokenbar.glif":"\/fonts\/Unpacking\/d62ac32939e2340f3005b08b8b7b105787ed6fc3\/officinaseritcstd-black.ufo\/glyphs\/brokenbar.glif","\/fonts\/Unpacking\/d62ac32939e2340f3005b08b8b7b105787ed6fc3\/officinaseritcstd-black.ufo\/glyphs\/bullet.glif":"\/fonts\/Unpacking\/d62ac32939e2340f3005b08b8b7b105787ed6fc3\/officinaseritcstd-black.ufo\/glyphs\/bullet.glif","\/fonts\/Unpacking\/d62ac32939e2340f3005b08b8b7b105787ed6fc3\/officinaseritcstd-black.ufo\/glyphs\/c.glif":"\/fonts\/Unpacking\/d62ac32939e2340f3005b08b8b7b105787ed6fc3\/officinaseritcstd-black.ufo\/glyphs\/c.glif","\/fonts\/Unpacking\/d62ac32939e2340f3005b08b8b7b105787ed6fc3\/officinaseritcstd-black.ufo\/glyphs\/caron.glif":"\/fonts\/Unpacking\/d62ac32939e2340f3005b08b8b7b105787ed6fc3\/officinaseritcstd-black.ufo\/glyphs\/caron.glif","\/fonts\/Unpacking\/d62ac32939e2340f3005b08b8b7b105787ed6fc3\/officinaseritcstd-black.ufo\/glyphs\/ccedilla.glif":"\/fonts\/Unpacking\/d62ac32939e2340f3005b08b8b7b105787ed6fc3\/officinaseritcstd-black.ufo\/glyphs\/ccedilla.glif","\/fonts\/Unpacking\/d62ac32939e2340f3005b08b8b7b105787ed6fc3\/officinaseritcstd-black.ufo\/glyphs\/cedilla.glif":"\/fonts\/Unpacking\/d62ac32939e2340f3005b08b8b7b105787ed6fc3\/officinaseritcstd-black.ufo\/glyphs\/cedilla.glif","\/fonts\/Unpacking\/d62ac32939e2340f3005b08b8b7b105787ed6fc3\/officinaseritcstd-black.ufo\/glyphs\/cent.glif":"\/fonts\/Unpacking\/d62ac32939e2340f3005b08b8b7b105787ed6fc3\/officinaseritcstd-black.ufo\/glyphs\/cent.glif","\/fonts\/Unpacking\/d62ac32939e2340f3005b08b8b7b105787ed6fc3\/officinaseritcstd-black.ufo\/glyphs\/circumflex.glif":"\/fonts\/Unpacking\/d62ac32939e2340f3005b08b8b7b105787ed6fc3\/officinaseritcstd-black.ufo\/glyphs\/circumflex.glif","\/fonts\/Unpacking\/d62ac32939e2340f3005b08b8b7b105787ed6fc3\/officinaseritcstd-black.ufo\/glyphs\/colon.glif":"\/fonts\/Unpacking\/d62ac32939e2340f3005b08b8b7b105787ed6fc3\/officinaseritcstd-black.ufo\/glyphs\/colon.glif","\/fonts\/Unpacking\/d62ac32939e2340f3005b08b8b7b105787ed6fc3\/officinaseritcstd-black.ufo\/glyphs\/comma.glif":"\/fonts\/Unpacking\/d62ac32939e2340f3005b08b8b7b105787ed6fc3\/officinaseritcstd-black.ufo\/glyphs\/comma.glif","\/fonts\/Unpacking\/d62ac32939e2340f3005b08b8b7b105787ed6fc3\/officinaseritcstd-black.ufo\/glyphs\/contents.plist":"\/fonts\/Unpacking\/d62ac32939e2340f3005b08b8b7b105787ed6fc3\/officinaseritcstd-black.ufo\/glyphs\/contents.plist","\/fonts\/Unpacking\/d62ac32939e2340f3005b08b8b7b105787ed6fc3\/officinaseritcstd-black.ufo\/glyphs\/copyright.glif":"\/fonts\/Unpacking\/d62ac32939e2340f3005b08b8b7b105787ed6fc3\/officinaseritcstd-black.ufo\/glyphs\/copyright.glif","\/fonts\/Unpacking\/d62ac32939e2340f3005b08b8b7b105787ed6fc3\/officinaseritcstd-black.ufo\/glyphs\/currency.glif":"\/fonts\/Unpacking\/d62ac32939e2340f3005b08b8b7b105787ed6fc3\/officinaseritcstd-black.ufo\/glyphs\/currency.glif","\/fonts\/Unpacking\/d62ac32939e2340f3005b08b8b7b105787ed6fc3\/officinaseritcstd-black.ufo\/glyphs\/d.glif":"\/fonts\/Unpacking\/d62ac32939e2340f3005b08b8b7b105787ed6fc3\/officinaseritcstd-black.ufo\/glyphs\/d.glif","\/fonts\/Unpacking\/d62ac32939e2340f3005b08b8b7b105787ed6fc3\/officinaseritcstd-black.ufo\/glyphs\/dagger.glif":"\/fonts\/Unpacking\/d62ac32939e2340f3005b08b8b7b105787ed6fc3\/officinaseritcstd-black.ufo\/glyphs\/dagger.glif","\/fonts\/Unpacking\/d62ac32939e2340f3005b08b8b7b105787ed6fc3\/officinaseritcstd-black.ufo\/glyphs\/daggerdbl.glif":"\/fonts\/Unpacking\/d62ac32939e2340f3005b08b8b7b105787ed6fc3\/officinaseritcstd-black.ufo\/glyphs\/daggerdbl.glif","\/fonts\/Unpacking\/d62ac32939e2340f3005b08b8b7b105787ed6fc3\/officinaseritcstd-black.ufo\/glyphs\/degree.glif":"\/fonts\/Unpacking\/d62ac32939e2340f3005b08b8b7b105787ed6fc3\/officinaseritcstd-black.ufo\/glyphs\/degree.glif","\/fonts\/Unpacking\/d62ac32939e2340f3005b08b8b7b105787ed6fc3\/officinaseritcstd-black.ufo\/glyphs\/dieresis.glif":"\/fonts\/Unpacking\/d62ac32939e2340f3005b08b8b7b105787ed6fc3\/officinaseritcstd-black.ufo\/glyphs\/dieresis.glif","\/fonts\/Unpacking\/d62ac32939e2340f3005b08b8b7b105787ed6fc3\/officinaseritcstd-black.ufo\/glyphs\/divide.glif":"\/fonts\/Unpacking\/d62ac32939e2340f3005b08b8b7b105787ed6fc3\/officinaseritcstd-black.ufo\/glyphs\/divide.glif","\/fonts\/Unpacking\/d62ac32939e2340f3005b08b8b7b105787ed6fc3\/officinaseritcstd-black.ufo\/glyphs\/dollar.glif":"\/fonts\/Unpacking\/d62ac32939e2340f3005b08b8b7b105787ed6fc3\/officinaseritcstd-black.ufo\/glyphs\/dollar.glif","\/fonts\/Unpacking\/d62ac32939e2340f3005b08b8b7b105787ed6fc3\/officinaseritcstd-black.ufo\/glyphs\/dotaccent.glif":"\/fonts\/Unpacking\/d62ac32939e2340f3005b08b8b7b105787ed6fc3\/officinaseritcstd-black.ufo\/glyphs\/dotaccent.glif","\/fonts\/Unpacking\/d62ac32939e2340f3005b08b8b7b105787ed6fc3\/officinaseritcstd-black.ufo\/glyphs\/dotlessi.glif":"\/fonts\/Unpacking\/d62ac32939e2340f3005b08b8b7b105787ed6fc3\/officinaseritcstd-black.ufo\/glyphs\/dotlessi.glif","\/fonts\/Unpacking\/d62ac32939e2340f3005b08b8b7b105787ed6fc3\/officinaseritcstd-black.ufo\/glyphs\/e.glif":"\/fonts\/Unpacking\/d62ac32939e2340f3005b08b8b7b105787ed6fc3\/officinaseritcstd-black.ufo\/glyphs\/e.glif","\/fonts\/Unpacking\/d62ac32939e2340f3005b08b8b7b105787ed6fc3\/officinaseritcstd-black.ufo\/glyphs\/eacute.glif":"\/fonts\/Unpacking\/d62ac32939e2340f3005b08b8b7b105787ed6fc3\/officinaseritcstd-black.ufo\/glyphs\/eacute.glif","\/fonts\/Unpacking\/d62ac32939e2340f3005b08b8b7b105787ed6fc3\/officinaseritcstd-black.ufo\/glyphs\/ecircumflex.glif":"\/fonts\/Unpacking\/d62ac32939e2340f3005b08b8b7b105787ed6fc3\/officinaseritcstd-black.ufo\/glyphs\/ecircumflex.glif","\/fonts\/Unpacking\/d62ac32939e2340f3005b08b8b7b105787ed6fc3\/officinaseritcstd-black.ufo\/glyphs\/edieresis.glif":"\/fonts\/Unpacking\/d62ac32939e2340f3005b08b8b7b105787ed6fc3\/officinaseritcstd-black.ufo\/glyphs\/edieresis.glif","\/fonts\/Unpacking\/d62ac32939e2340f3005b08b8b7b105787ed6fc3\/officinaseritcstd-black.ufo\/glyphs\/egrave.glif":"\/fonts\/Unpacking\/d62ac32939e2340f3005b08b8b7b105787ed6fc3\/officinaseritcstd-black.ufo\/glyphs\/egrave.glif","\/fonts\/Unpacking\/d62ac32939e2340f3005b08b8b7b105787ed6fc3\/officinaseritcstd-black.ufo\/glyphs\/eight.glif":"\/fonts\/Unpacking\/d62ac32939e2340f3005b08b8b7b105787ed6fc3\/officinaseritcstd-black.ufo\/glyphs\/eight.glif","\/fonts\/Unpacking\/d62ac32939e2340f3005b08b8b7b105787ed6fc3\/officinaseritcstd-black.ufo\/glyphs\/eight.oldstyle.glif":"\/fonts\/Unpacking\/d62ac32939e2340f3005b08b8b7b105787ed6fc3\/officinaseritcstd-black.ufo\/glyphs\/eight.oldstyle.glif","\/fonts\/Unpacking\/d62ac32939e2340f3005b08b8b7b105787ed6fc3\/officinaseritcstd-black.ufo\/glyphs\/ellipsis.glif":"\/fonts\/Unpacking\/d62ac32939e2340f3005b08b8b7b105787ed6fc3\/officinaseritcstd-black.ufo\/glyphs\/ellipsis.glif","\/fonts\/Unpacking\/d62ac32939e2340f3005b08b8b7b105787ed6fc3\/officinaseritcstd-black.ufo\/glyphs\/emdash.glif":"\/fonts\/Unpacking\/d62ac32939e2340f3005b08b8b7b105787ed6fc3\/officinaseritcstd-black.ufo\/glyphs\/emdash.glif","\/fonts\/Unpacking\/d62ac32939e2340f3005b08b8b7b105787ed6fc3\/officinaseritcstd-black.ufo\/glyphs\/endash.glif":"\/fonts\/Unpacking\/d62ac32939e2340f3005b08b8b7b105787ed6fc3\/officinaseritcstd-black.ufo\/glyphs\/endash.glif","\/fonts\/Unpacking\/d62ac32939e2340f3005b08b8b7b105787ed6fc3\/officinaseritcstd-black.ufo\/glyphs\/equal.glif":"\/fonts\/Unpacking\/d62ac32939e2340f3005b08b8b7b105787ed6fc3\/officinaseritcstd-black.ufo\/glyphs\/equal.glif","\/fonts\/Unpacking\/d62ac32939e2340f3005b08b8b7b105787ed6fc3\/officinaseritcstd-black.ufo\/glyphs\/estimated.glif":"\/fonts\/Unpacking\/d62ac32939e2340f3005b08b8b7b105787ed6fc3\/officinaseritcstd-black.ufo\/glyphs\/estimated.glif","\/fonts\/Unpacking\/d62ac32939e2340f3005b08b8b7b105787ed6fc3\/officinaseritcstd-black.ufo\/glyphs\/eth.glif":"\/fonts\/Unpacking\/d62ac32939e2340f3005b08b8b7b105787ed6fc3\/officinaseritcstd-black.ufo\/glyphs\/eth.glif","\/fonts\/Unpacking\/d62ac32939e2340f3005b08b8b7b105787ed6fc3\/officinaseritcstd-black.ufo\/glyphs\/exclam.glif":"\/fonts\/Unpacking\/d62ac32939e2340f3005b08b8b7b105787ed6fc3\/officinaseritcstd-black.ufo\/glyphs\/exclam.glif","\/fonts\/Unpacking\/d62ac32939e2340f3005b08b8b7b105787ed6fc3\/officinaseritcstd-black.ufo\/glyphs\/exclamdown.glif":"\/fonts\/Unpacking\/d62ac32939e2340f3005b08b8b7b105787ed6fc3\/officinaseritcstd-black.ufo\/glyphs\/exclamdown.glif","\/fonts\/Unpacking\/d62ac32939e2340f3005b08b8b7b105787ed6fc3\/officinaseritcstd-black.ufo\/glyphs\/f.glif":"\/fonts\/Unpacking\/d62ac32939e2340f3005b08b8b7b105787ed6fc3\/officinaseritcstd-black.ufo\/glyphs\/f.glif","\/fonts\/Unpacking\/d62ac32939e2340f3005b08b8b7b105787ed6fc3\/officinaseritcstd-black.ufo\/glyphs\/f_i.glif":"\/fonts\/Unpacking\/d62ac32939e2340f3005b08b8b7b105787ed6fc3\/officinaseritcstd-black.ufo\/glyphs\/f_i.glif","\/fonts\/Unpacking\/d62ac32939e2340f3005b08b8b7b105787ed6fc3\/officinaseritcstd-black.ufo\/glyphs\/f_i.sc.glif":"\/fonts\/Unpacking\/d62ac32939e2340f3005b08b8b7b105787ed6fc3\/officinaseritcstd-black.ufo\/glyphs\/f_i.sc.glif","\/fonts\/Unpacking\/d62ac32939e2340f3005b08b8b7b105787ed6fc3\/officinaseritcstd-black.ufo\/glyphs\/f_l.glif":"\/fonts\/Unpacking\/d62ac32939e2340f3005b08b8b7b105787ed6fc3\/officinaseritcstd-black.ufo\/glyphs\/f_l.glif","\/fonts\/Unpacking\/d62ac32939e2340f3005b08b8b7b105787ed6fc3\/officinaseritcstd-black.ufo\/glyphs\/f_l.sc.glif":"\/fonts\/Unpacking\/d62ac32939e2340f3005b08b8b7b105787ed6fc3\/officinaseritcstd-black.ufo\/glyphs\/f_l.sc.glif","\/fonts\/Unpacking\/d62ac32939e2340f3005b08b8b7b105787ed6fc3\/officinaseritcstd-black.ufo\/glyphs\/five.glif":"\/fonts\/Unpacking\/d62ac32939e2340f3005b08b8b7b105787ed6fc3\/officinaseritcstd-black.ufo\/glyphs\/five.glif","\/fonts\/Unpacking\/d62ac32939e2340f3005b08b8b7b105787ed6fc3\/officinaseritcstd-black.ufo\/glyphs\/five.oldstyle.glif":"\/fonts\/Unpacking\/d62ac32939e2340f3005b08b8b7b105787ed6fc3\/officinaseritcstd-black.ufo\/glyphs\/five.oldstyle.glif","\/fonts\/Unpacking\/d62ac32939e2340f3005b08b8b7b105787ed6fc3\/officinaseritcstd-black.ufo\/glyphs\/florin.glif":"\/fonts\/Unpacking\/d62ac32939e2340f3005b08b8b7b105787ed6fc3\/officinaseritcstd-black.ufo\/glyphs\/florin.glif","\/fonts\/Unpacking\/d62ac32939e2340f3005b08b8b7b105787ed6fc3\/officinaseritcstd-black.ufo\/glyphs\/four.glif":"\/fonts\/Unpacking\/d62ac32939e2340f3005b08b8b7b105787ed6fc3\/officinaseritcstd-black.ufo\/glyphs\/four.glif","\/fonts\/Unpacking\/d62ac32939e2340f3005b08b8b7b105787ed6fc3\/officinaseritcstd-black.ufo\/glyphs\/four.oldstyle.glif":"\/fonts\/Unpacking\/d62ac32939e2340f3005b08b8b7b105787ed6fc3\/officinaseritcstd-black.ufo\/glyphs\/four.oldstyle.glif","\/fonts\/Unpacking\/d62ac32939e2340f3005b08b8b7b105787ed6fc3\/officinaseritcstd-black.ufo\/glyphs\/fraction.glif":"\/fonts\/Unpacking\/d62ac32939e2340f3005b08b8b7b105787ed6fc3\/officinaseritcstd-black.ufo\/glyphs\/fraction.glif","\/fonts\/Unpacking\/d62ac32939e2340f3005b08b8b7b105787ed6fc3\/officinaseritcstd-black.ufo\/glyphs\/g.glif":"\/fonts\/Unpacking\/d62ac32939e2340f3005b08b8b7b105787ed6fc3\/officinaseritcstd-black.ufo\/glyphs\/g.glif","\/fonts\/Unpacking\/d62ac32939e2340f3005b08b8b7b105787ed6fc3\/officinaseritcstd-black.ufo\/glyphs\/germandbls.glif":"\/fonts\/Unpacking\/d62ac32939e2340f3005b08b8b7b105787ed6fc3\/officinaseritcstd-black.ufo\/glyphs\/germandbls.glif","\/fonts\/Unpacking\/d62ac32939e2340f3005b08b8b7b105787ed6fc3\/officinaseritcstd-black.ufo\/glyphs\/germandbls.sc.glif":"\/fonts\/Unpacking\/d62ac32939e2340f3005b08b8b7b105787ed6fc3\/officinaseritcstd-black.ufo\/glyphs\/germandbls.sc.glif","\/fonts\/Unpacking\/d62ac32939e2340f3005b08b8b7b105787ed6fc3\/officinaseritcstd-black.ufo\/glyphs\/grave.glif":"\/fonts\/Unpacking\/d62ac32939e2340f3005b08b8b7b105787ed6fc3\/officinaseritcstd-black.ufo\/glyphs\/grave.glif","\/fonts\/Unpacking\/d62ac32939e2340f3005b08b8b7b105787ed6fc3\/officinaseritcstd-black.ufo\/glyphs\/greater.glif":"\/fonts\/Unpacking\/d62ac32939e2340f3005b08b8b7b105787ed6fc3\/officinaseritcstd-black.ufo\/glyphs\/greater.glif","\/fonts\/Unpacking\/d62ac32939e2340f3005b08b8b7b105787ed6fc3\/officinaseritcstd-black.ufo\/glyphs\/greaterequal.glif":"\/fonts\/Unpacking\/d62ac32939e2340f3005b08b8b7b105787ed6fc3\/officinaseritcstd-black.ufo\/glyphs\/greaterequal.glif","\/fonts\/Unpacking\/d62ac32939e2340f3005b08b8b7b105787ed6fc3\/officinaseritcstd-black.ufo\/glyphs\/guillemotleft.glif":"\/fonts\/Unpacking\/d62ac32939e2340f3005b08b8b7b105787ed6fc3\/officinaseritcstd-black.ufo\/glyphs\/guillemotleft.glif","\/fonts\/Unpacking\/d62ac32939e2340f3005b08b8b7b105787ed6fc3\/officinaseritcstd-black.ufo\/glyphs\/guillemotright.glif":"\/fonts\/Unpacking\/d62ac32939e2340f3005b08b8b7b105787ed6fc3\/officinaseritcstd-black.ufo\/glyphs\/guillemotright.glif","\/fonts\/Unpacking\/d62ac32939e2340f3005b08b8b7b105787ed6fc3\/officinaseritcstd-black.ufo\/glyphs\/guilsinglleft.glif":"\/fonts\/Unpacking\/d62ac32939e2340f3005b08b8b7b105787ed6fc3\/officinaseritcstd-black.ufo\/glyphs\/guilsinglleft.glif","\/fonts\/Unpacking\/d62ac32939e2340f3005b08b8b7b105787ed6fc3\/officinaseritcstd-black.ufo\/glyphs\/guilsinglright.glif":"\/fonts\/Unpacking\/d62ac32939e2340f3005b08b8b7b105787ed6fc3\/officinaseritcstd-black.ufo\/glyphs\/guilsinglright.glif","\/fonts\/Unpacking\/d62ac32939e2340f3005b08b8b7b105787ed6fc3\/officinaseritcstd-black.ufo\/glyphs\/h.glif":"\/fonts\/Unpacking\/d62ac32939e2340f3005b08b8b7b105787ed6fc3\/officinaseritcstd-black.ufo\/glyphs\/h.glif","\/fonts\/Unpacking\/d62ac32939e2340f3005b08b8b7b105787ed6fc3\/officinaseritcstd-black.ufo\/glyphs\/hungarumlaut.glif":"\/fonts\/Unpacking\/d62ac32939e2340f3005b08b8b7b105787ed6fc3\/officinaseritcstd-black.ufo\/glyphs\/hungarumlaut.glif","\/fonts\/Unpacking\/d62ac32939e2340f3005b08b8b7b105787ed6fc3\/officinaseritcstd-black.ufo\/glyphs\/hyphen.glif":"\/fonts\/Unpacking\/d62ac32939e2340f3005b08b8b7b105787ed6fc3\/officinaseritcstd-black.ufo\/glyphs\/hyphen.glif","\/fonts\/Unpacking\/d62ac32939e2340f3005b08b8b7b105787ed6fc3\/officinaseritcstd-black.ufo\/glyphs\/i.glif":"\/fonts\/Unpacking\/d62ac32939e2340f3005b08b8b7b105787ed6fc3\/officinaseritcstd-black.ufo\/glyphs\/i.glif","\/fonts\/Unpacking\/d62ac32939e2340f3005b08b8b7b105787ed6fc3\/officinaseritcstd-black.ufo\/glyphs\/iacute.glif":"\/fonts\/Unpacking\/d62ac32939e2340f3005b08b8b7b105787ed6fc3\/officinaseritcstd-black.ufo\/glyphs\/iacute.glif","\/fonts\/Unpacking\/d62ac32939e2340f3005b08b8b7b105787ed6fc3\/officinaseritcstd-black.ufo\/glyphs\/icircumflex.glif":"\/fonts\/Unpacking\/d62ac32939e2340f3005b08b8b7b105787ed6fc3\/officinaseritcstd-black.ufo\/glyphs\/icircumflex.glif","\/fonts\/Unpacking\/d62ac32939e2340f3005b08b8b7b105787ed6fc3\/officinaseritcstd-black.ufo\/glyphs\/idieresis.glif":"\/fonts\/Unpacking\/d62ac32939e2340f3005b08b8b7b105787ed6fc3\/officinaseritcstd-black.ufo\/glyphs\/idieresis.glif","\/fonts\/Unpacking\/d62ac32939e2340f3005b08b8b7b105787ed6fc3\/officinaseritcstd-black.ufo\/glyphs\/igrave.glif":"\/fonts\/Unpacking\/d62ac32939e2340f3005b08b8b7b105787ed6fc3\/officinaseritcstd-black.ufo\/glyphs\/igrave.glif","\/fonts\/Unpacking\/d62ac32939e2340f3005b08b8b7b105787ed6fc3\/officinaseritcstd-black.ufo\/glyphs\/infinity.glif":"\/fonts\/Unpacking\/d62ac32939e2340f3005b08b8b7b105787ed6fc3\/officinaseritcstd-black.ufo\/glyphs\/infinity.glif","\/fonts\/Unpacking\/d62ac32939e2340f3005b08b8b7b105787ed6fc3\/officinaseritcstd-black.ufo\/glyphs\/integral.glif":"\/fonts\/Unpacking\/d62ac32939e2340f3005b08b8b7b105787ed6fc3\/officinaseritcstd-black.ufo\/glyphs\/integral.glif","\/fonts\/Unpacking\/d62ac32939e2340f3005b08b8b7b105787ed6fc3\/officinaseritcstd-black.ufo\/glyphs\/j.glif":"\/fonts\/Unpacking\/d62ac32939e2340f3005b08b8b7b105787ed6fc3\/officinaseritcstd-black.ufo\/glyphs\/j.glif","\/fonts\/Unpacking\/d62ac32939e2340f3005b08b8b7b105787ed6fc3\/officinaseritcstd-black.ufo\/glyphs\/k.glif":"\/fonts\/Unpacking\/d62ac32939e2340f3005b08b8b7b105787ed6fc3\/officinaseritcstd-black.ufo\/glyphs\/k.glif","\/fonts\/Unpacking\/d62ac32939e2340f3005b08b8b7b105787ed6fc3\/officinaseritcstd-black.ufo\/glyphs\/l.glif":"\/fonts\/Unpacking\/d62ac32939e2340f3005b08b8b7b105787ed6fc3\/officinaseritcstd-black.ufo\/glyphs\/l.glif","\/fonts\/Unpacking\/d62ac32939e2340f3005b08b8b7b105787ed6fc3\/officinaseritcstd-black.ufo\/glyphs\/less.glif":"\/fonts\/Unpacking\/d62ac32939e2340f3005b08b8b7b105787ed6fc3\/officinaseritcstd-black.ufo\/glyphs\/less.glif","\/fonts\/Unpacking\/d62ac32939e2340f3005b08b8b7b105787ed6fc3\/officinaseritcstd-black.ufo\/glyphs\/lessequal.glif":"\/fonts\/Unpacking\/d62ac32939e2340f3005b08b8b7b105787ed6fc3\/officinaseritcstd-black.ufo\/glyphs\/lessequal.glif","\/fonts\/Unpacking\/d62ac32939e2340f3005b08b8b7b105787ed6fc3\/officinaseritcstd-black.ufo\/glyphs\/litre.glif":"\/fonts\/Unpacking\/d62ac32939e2340f3005b08b8b7b105787ed6fc3\/officinaseritcstd-black.ufo\/glyphs\/litre.glif","\/fonts\/Unpacking\/d62ac32939e2340f3005b08b8b7b105787ed6fc3\/officinaseritcstd-black.ufo\/glyphs\/logicalnot.glif":"\/fonts\/Unpacking\/d62ac32939e2340f3005b08b8b7b105787ed6fc3\/officinaseritcstd-black.ufo\/glyphs\/logicalnot.glif","\/fonts\/Unpacking\/d62ac32939e2340f3005b08b8b7b105787ed6fc3\/officinaseritcstd-black.ufo\/glyphs\/lozenge.glif":"\/fonts\/Unpacking\/d62ac32939e2340f3005b08b8b7b105787ed6fc3\/officinaseritcstd-black.ufo\/glyphs\/lozenge.glif","\/fonts\/Unpacking\/d62ac32939e2340f3005b08b8b7b105787ed6fc3\/officinaseritcstd-black.ufo\/glyphs\/lslash.glif":"\/fonts\/Unpacking\/d62ac32939e2340f3005b08b8b7b105787ed6fc3\/officinaseritcstd-black.ufo\/glyphs\/lslash.glif","\/fonts\/Unpacking\/d62ac32939e2340f3005b08b8b7b105787ed6fc3\/officinaseritcstd-black.ufo\/glyphs\/m.glif":"\/fonts\/Unpacking\/d62ac32939e2340f3005b08b8b7b105787ed6fc3\/officinaseritcstd-black.ufo\/glyphs\/m.glif","\/fonts\/Unpacking\/d62ac32939e2340f3005b08b8b7b105787ed6fc3\/officinaseritcstd-black.ufo\/glyphs\/macron.glif":"\/fonts\/Unpacking\/d62ac32939e2340f3005b08b8b7b105787ed6fc3\/officinaseritcstd-black.ufo\/glyphs\/macron.glif","\/fonts\/Unpacking\/d62ac32939e2340f3005b08b8b7b105787ed6fc3\/officinaseritcstd-black.ufo\/glyphs\/minus.glif":"\/fonts\/Unpacking\/d62ac32939e2340f3005b08b8b7b105787ed6fc3\/officinaseritcstd-black.ufo\/glyphs\/minus.glif","\/fonts\/Unpacking\/d62ac32939e2340f3005b08b8b7b105787ed6fc3\/officinaseritcstd-black.ufo\/glyphs\/mu.glif":"\/fonts\/Unpacking\/d62ac32939e2340f3005b08b8b7b105787ed6fc3\/officinaseritcstd-black.ufo\/glyphs\/mu.glif","\/fonts\/Unpacking\/d62ac32939e2340f3005b08b8b7b105787ed6fc3\/officinaseritcstd-black.ufo\/glyphs\/multiply.glif":"\/fonts\/Unpacking\/d62ac32939e2340f3005b08b8b7b105787ed6fc3\/officinaseritcstd-black.ufo\/glyphs\/multiply.glif","\/fonts\/Unpacking\/d62ac32939e2340f3005b08b8b7b105787ed6fc3\/officinaseritcstd-black.ufo\/glyphs\/n.glif":"\/fonts\/Unpacking\/d62ac32939e2340f3005b08b8b7b105787ed6fc3\/officinaseritcstd-black.ufo\/glyphs\/n.glif","\/fonts\/Unpacking\/d62ac32939e2340f3005b08b8b7b105787ed6fc3\/officinaseritcstd-black.ufo\/glyphs\/nine.glif":"\/fonts\/Unpacking\/d62ac32939e2340f3005b08b8b7b105787ed6fc3\/officinaseritcstd-black.ufo\/glyphs\/nine.glif","\/fonts\/Unpacking\/d62ac32939e2340f3005b08b8b7b105787ed6fc3\/officinaseritcstd-black.ufo\/glyphs\/nine.oldstyle.glif":"\/fonts\/Unpacking\/d62ac32939e2340f3005b08b8b7b105787ed6fc3\/officinaseritcstd-black.ufo\/glyphs\/nine.oldstyle.glif","\/fonts\/Unpacking\/d62ac32939e2340f3005b08b8b7b105787ed6fc3\/officinaseritcstd-black.ufo\/glyphs\/notequal.glif":"\/fonts\/Unpacking\/d62ac32939e2340f3005b08b8b7b105787ed6fc3\/officinaseritcstd-black.ufo\/glyphs\/notequal.glif","\/fonts\/Unpacking\/d62ac32939e2340f3005b08b8b7b105787ed6fc3\/officinaseritcstd-black.ufo\/glyphs\/ntilde.glif":"\/fonts\/Unpacking\/d62ac32939e2340f3005b08b8b7b105787ed6fc3\/officinaseritcstd-black.ufo\/glyphs\/ntilde.glif","\/fonts\/Unpacking\/d62ac32939e2340f3005b08b8b7b105787ed6fc3\/officinaseritcstd-black.ufo\/glyphs\/numbersign.glif":"\/fonts\/Unpacking\/d62ac32939e2340f3005b08b8b7b105787ed6fc3\/officinaseritcstd-black.ufo\/glyphs\/numbersign.glif","\/fonts\/Unpacking\/d62ac32939e2340f3005b08b8b7b105787ed6fc3\/officinaseritcstd-black.ufo\/glyphs\/o.glif":"\/fonts\/Unpacking\/d62ac32939e2340f3005b08b8b7b105787ed6fc3\/officinaseritcstd-black.ufo\/glyphs\/o.glif","\/fonts\/Unpacking\/d62ac32939e2340f3005b08b8b7b105787ed6fc3\/officinaseritcstd-black.ufo\/glyphs\/oacute.glif":"\/fonts\/Unpacking\/d62ac32939e2340f3005b08b8b7b105787ed6fc3\/officinaseritcstd-black.ufo\/glyphs\/oacute.glif","\/fonts\/Unpacking\/d62ac32939e2340f3005b08b8b7b105787ed6fc3\/officinaseritcstd-black.ufo\/glyphs\/ocircumflex.glif":"\/fonts\/Unpacking\/d62ac32939e2340f3005b08b8b7b105787ed6fc3\/officinaseritcstd-black.ufo\/glyphs\/ocircumflex.glif","\/fonts\/Unpacking\/d62ac32939e2340f3005b08b8b7b105787ed6fc3\/officinaseritcstd-black.ufo\/glyphs\/odieresis.glif":"\/fonts\/Unpacking\/d62ac32939e2340f3005b08b8b7b105787ed6fc3\/officinaseritcstd-black.ufo\/glyphs\/odieresis.glif","\/fonts\/Unpacking\/d62ac32939e2340f3005b08b8b7b105787ed6fc3\/officinaseritcstd-black.ufo\/glyphs\/oe.glif":"\/fonts\/Unpacking\/d62ac32939e2340f3005b08b8b7b105787ed6fc3\/officinaseritcstd-black.ufo\/glyphs\/oe.glif","\/fonts\/Unpacking\/d62ac32939e2340f3005b08b8b7b105787ed6fc3\/officinaseritcstd-black.ufo\/glyphs\/ogonek.glif":"\/fonts\/Unpacking\/d62ac32939e2340f3005b08b8b7b105787ed6fc3\/officinaseritcstd-black.ufo\/glyphs\/ogonek.glif","\/fonts\/Unpacking\/d62ac32939e2340f3005b08b8b7b105787ed6fc3\/officinaseritcstd-black.ufo\/glyphs\/ograve.glif":"\/fonts\/Unpacking\/d62ac32939e2340f3005b08b8b7b105787ed6fc3\/officinaseritcstd-black.ufo\/glyphs\/ograve.glif","\/fonts\/Unpacking\/d62ac32939e2340f3005b08b8b7b105787ed6fc3\/officinaseritcstd-black.ufo\/glyphs\/one.glif":"\/fonts\/Unpacking\/d62ac32939e2340f3005b08b8b7b105787ed6fc3\/officinaseritcstd-black.ufo\/glyphs\/one.glif","\/fonts\/Unpacking\/d62ac32939e2340f3005b08b8b7b105787ed6fc3\/officinaseritcstd-black.ufo\/glyphs\/one.oldstyle.glif":"\/fonts\/Unpacking\/d62ac32939e2340f3005b08b8b7b105787ed6fc3\/officinaseritcstd-black.ufo\/glyphs\/one.oldstyle.glif","\/fonts\/Unpacking\/d62ac32939e2340f3005b08b8b7b105787ed6fc3\/officinaseritcstd-black.ufo\/glyphs\/onehalf.glif":"\/fonts\/Unpacking\/d62ac32939e2340f3005b08b8b7b105787ed6fc3\/officinaseritcstd-black.ufo\/glyphs\/onehalf.glif","\/fonts\/Unpacking\/d62ac32939e2340f3005b08b8b7b105787ed6fc3\/officinaseritcstd-black.ufo\/glyphs\/onequarter.glif":"\/fonts\/Unpacking\/d62ac32939e2340f3005b08b8b7b105787ed6fc3\/officinaseritcstd-black.ufo\/glyphs\/onequarter.glif","\/fonts\/Unpacking\/d62ac32939e2340f3005b08b8b7b105787ed6fc3\/officinaseritcstd-black.ufo\/glyphs\/onesuperior.glif":"\/fonts\/Unpacking\/d62ac32939e2340f3005b08b8b7b105787ed6fc3\/officinaseritcstd-black.ufo\/glyphs\/onesuperior.glif","\/fonts\/Unpacking\/d62ac32939e2340f3005b08b8b7b105787ed6fc3\/officinaseritcstd-black.ufo\/glyphs\/ordfeminine.glif":"\/fonts\/Unpacking\/d62ac32939e2340f3005b08b8b7b105787ed6fc3\/officinaseritcstd-black.ufo\/glyphs\/ordfeminine.glif","\/fonts\/Unpacking\/d62ac32939e2340f3005b08b8b7b105787ed6fc3\/officinaseritcstd-black.ufo\/glyphs\/ordmasculine.glif":"\/fonts\/Unpacking\/d62ac32939e2340f3005b08b8b7b105787ed6fc3\/officinaseritcstd-black.ufo\/glyphs\/ordmasculine.glif","\/fonts\/Unpacking\/d62ac32939e2340f3005b08b8b7b105787ed6fc3\/officinaseritcstd-black.ufo\/glyphs\/oslash.glif":"\/fonts\/Unpacking\/d62ac32939e2340f3005b08b8b7b105787ed6fc3\/officinaseritcstd-black.ufo\/glyphs\/oslash.glif","\/fonts\/Unpacking\/d62ac32939e2340f3005b08b8b7b105787ed6fc3\/officinaseritcstd-black.ufo\/glyphs\/otilde.glif":"\/fonts\/Unpacking\/d62ac32939e2340f3005b08b8b7b105787ed6fc3\/officinaseritcstd-black.ufo\/glyphs\/otilde.glif","\/fonts\/Unpacking\/d62ac32939e2340f3005b08b8b7b105787ed6fc3\/officinaseritcstd-black.ufo\/glyphs\/p.glif":"\/fonts\/Unpacking\/d62ac32939e2340f3005b08b8b7b105787ed6fc3\/officinaseritcstd-black.ufo\/glyphs\/p.glif","\/fonts\/Unpacking\/d62ac32939e2340f3005b08b8b7b105787ed6fc3\/officinaseritcstd-black.ufo\/glyphs\/paragraph.glif":"\/fonts\/Unpacking\/d62ac32939e2340f3005b08b8b7b105787ed6fc3\/officinaseritcstd-black.ufo\/glyphs\/paragraph.glif","\/fonts\/Unpacking\/d62ac32939e2340f3005b08b8b7b105787ed6fc3\/officinaseritcstd-black.ufo\/glyphs\/parenleft.glif":"\/fonts\/Unpacking\/d62ac32939e2340f3005b08b8b7b105787ed6fc3\/officinaseritcstd-black.ufo\/glyphs\/parenleft.glif","\/fonts\/Unpacking\/d62ac32939e2340f3005b08b8b7b105787ed6fc3\/officinaseritcstd-black.ufo\/glyphs\/parenright.glif":"\/fonts\/Unpacking\/d62ac32939e2340f3005b08b8b7b105787ed6fc3\/officinaseritcstd-black.ufo\/glyphs\/parenright.glif","\/fonts\/Unpacking\/d62ac32939e2340f3005b08b8b7b105787ed6fc3\/officinaseritcstd-black.ufo\/glyphs\/partialdiff.glif":"\/fonts\/Unpacking\/d62ac32939e2340f3005b08b8b7b105787ed6fc3\/officinaseritcstd-black.ufo\/glyphs\/partialdiff.glif","\/fonts\/Unpacking\/d62ac32939e2340f3005b08b8b7b105787ed6fc3\/officinaseritcstd-black.ufo\/glyphs\/percent.glif":"\/fonts\/Unpacking\/d62ac32939e2340f3005b08b8b7b105787ed6fc3\/officinaseritcstd-black.ufo\/glyphs\/percent.glif","\/fonts\/Unpacking\/d62ac32939e2340f3005b08b8b7b105787ed6fc3\/officinaseritcstd-black.ufo\/glyphs\/period.glif":"\/fonts\/Unpacking\/d62ac32939e2340f3005b08b8b7b105787ed6fc3\/officinaseritcstd-black.ufo\/glyphs\/period.glif","\/fonts\/Unpacking\/d62ac32939e2340f3005b08b8b7b105787ed6fc3\/officinaseritcstd-black.ufo\/glyphs\/periodcentered.glif":"\/fonts\/Unpacking\/d62ac32939e2340f3005b08b8b7b105787ed6fc3\/officinaseritcstd-black.ufo\/glyphs\/periodcentered.glif","\/fonts\/Unpacking\/d62ac32939e2340f3005b08b8b7b105787ed6fc3\/officinaseritcstd-black.ufo\/glyphs\/perthousand.glif":"\/fonts\/Unpacking\/d62ac32939e2340f3005b08b8b7b105787ed6fc3\/officinaseritcstd-black.ufo\/glyphs\/perthousand.glif","\/fonts\/Unpacking\/d62ac32939e2340f3005b08b8b7b105787ed6fc3\/officinaseritcstd-black.ufo\/glyphs\/pi.glif":"\/fonts\/Unpacking\/d62ac32939e2340f3005b08b8b7b105787ed6fc3\/officinaseritcstd-black.ufo\/glyphs\/pi.glif","\/fonts\/Unpacking\/d62ac32939e2340f3005b08b8b7b105787ed6fc3\/officinaseritcstd-black.ufo\/glyphs\/plus.glif":"\/fonts\/Unpacking\/d62ac32939e2340f3005b08b8b7b105787ed6fc3\/officinaseritcstd-black.ufo\/glyphs\/plus.glif","\/fonts\/Unpacking\/d62ac32939e2340f3005b08b8b7b105787ed6fc3\/officinaseritcstd-black.ufo\/glyphs\/plusminus.glif":"\/fonts\/Unpacking\/d62ac32939e2340f3005b08b8b7b105787ed6fc3\/officinaseritcstd-black.ufo\/glyphs\/plusminus.glif","\/fonts\/Unpacking\/d62ac32939e2340f3005b08b8b7b105787ed6fc3\/officinaseritcstd-black.ufo\/glyphs\/product.glif":"\/fonts\/Unpacking\/d62ac32939e2340f3005b08b8b7b105787ed6fc3\/officinaseritcstd-black.ufo\/glyphs\/product.glif","\/fonts\/Unpacking\/d62ac32939e2340f3005b08b8b7b105787ed6fc3\/officinaseritcstd-black.ufo\/glyphs\/q.glif":"\/fonts\/Unpacking\/d62ac32939e2340f3005b08b8b7b105787ed6fc3\/officinaseritcstd-black.ufo\/glyphs\/q.glif","\/fonts\/Unpacking\/d62ac32939e2340f3005b08b8b7b105787ed6fc3\/officinaseritcstd-black.ufo\/glyphs\/question.glif":"\/fonts\/Unpacking\/d62ac32939e2340f3005b08b8b7b105787ed6fc3\/officinaseritcstd-black.ufo\/glyphs\/question.glif","\/fonts\/Unpacking\/d62ac32939e2340f3005b08b8b7b105787ed6fc3\/officinaseritcstd-black.ufo\/glyphs\/questiondown.glif":"\/fonts\/Unpacking\/d62ac32939e2340f3005b08b8b7b105787ed6fc3\/officinaseritcstd-black.ufo\/glyphs\/questiondown.glif","\/fonts\/Unpacking\/d62ac32939e2340f3005b08b8b7b105787ed6fc3\/officinaseritcstd-black.ufo\/glyphs\/quotedbl.glif":"\/fonts\/Unpacking\/d62ac32939e2340f3005b08b8b7b105787ed6fc3\/officinaseritcstd-black.ufo\/glyphs\/quotedbl.glif","\/fonts\/Unpacking\/d62ac32939e2340f3005b08b8b7b105787ed6fc3\/officinaseritcstd-black.ufo\/glyphs\/quotedblbase.glif":"\/fonts\/Unpacking\/d62ac32939e2340f3005b08b8b7b105787ed6fc3\/officinaseritcstd-black.ufo\/glyphs\/quotedblbase.glif","\/fonts\/Unpacking\/d62ac32939e2340f3005b08b8b7b105787ed6fc3\/officinaseritcstd-black.ufo\/glyphs\/quotedblleft.glif":"\/fonts\/Unpacking\/d62ac32939e2340f3005b08b8b7b105787ed6fc3\/officinaseritcstd-black.ufo\/glyphs\/quotedblleft.glif","\/fonts\/Unpacking\/d62ac32939e2340f3005b08b8b7b105787ed6fc3\/officinaseritcstd-black.ufo\/glyphs\/quotedblright.glif":"\/fonts\/Unpacking\/d62ac32939e2340f3005b08b8b7b105787ed6fc3\/officinaseritcstd-black.ufo\/glyphs\/quotedblright.glif","\/fonts\/Unpacking\/d62ac32939e2340f3005b08b8b7b105787ed6fc3\/officinaseritcstd-black.ufo\/glyphs\/quoteleft.glif":"\/fonts\/Unpacking\/d62ac32939e2340f3005b08b8b7b105787ed6fc3\/officinaseritcstd-black.ufo\/glyphs\/quoteleft.glif","\/fonts\/Unpacking\/d62ac32939e2340f3005b08b8b7b105787ed6fc3\/officinaseritcstd-black.ufo\/glyphs\/quoteright.glif":"\/fonts\/Unpacking\/d62ac32939e2340f3005b08b8b7b105787ed6fc3\/officinaseritcstd-black.ufo\/glyphs\/quoteright.glif","\/fonts\/Unpacking\/d62ac32939e2340f3005b08b8b7b105787ed6fc3\/officinaseritcstd-black.ufo\/glyphs\/quotesinglbase.glif":"\/fonts\/Unpacking\/d62ac32939e2340f3005b08b8b7b105787ed6fc3\/officinaseritcstd-black.ufo\/glyphs\/quotesinglbase.glif","\/fonts\/Unpacking\/d62ac32939e2340f3005b08b8b7b105787ed6fc3\/officinaseritcstd-black.ufo\/glyphs\/quotesingle.glif":"\/fonts\/Unpacking\/d62ac32939e2340f3005b08b8b7b105787ed6fc3\/officinaseritcstd-black.ufo\/glyphs\/quotesingle.glif","\/fonts\/Unpacking\/d62ac32939e2340f3005b08b8b7b105787ed6fc3\/officinaseritcstd-black.ufo\/glyphs\/r.glif":"\/fonts\/Unpacking\/d62ac32939e2340f3005b08b8b7b105787ed6fc3\/officinaseritcstd-black.ufo\/glyphs\/r.glif","\/fonts\/Unpacking\/d62ac32939e2340f3005b08b8b7b105787ed6fc3\/officinaseritcstd-black.ufo\/glyphs\/radical.glif":"\/fonts\/Unpacking\/d62ac32939e2340f3005b08b8b7b105787ed6fc3\/officinaseritcstd-black.ufo\/glyphs\/radical.glif","\/fonts\/Unpacking\/d62ac32939e2340f3005b08b8b7b105787ed6fc3\/officinaseritcstd-black.ufo\/glyphs\/registered.glif":"\/fonts\/Unpacking\/d62ac32939e2340f3005b08b8b7b105787ed6fc3\/officinaseritcstd-black.ufo\/glyphs\/registered.glif","\/fonts\/Unpacking\/d62ac32939e2340f3005b08b8b7b105787ed6fc3\/officinaseritcstd-black.ufo\/glyphs\/ring.glif":"\/fonts\/Unpacking\/d62ac32939e2340f3005b08b8b7b105787ed6fc3\/officinaseritcstd-black.ufo\/glyphs\/ring.glif","\/fonts\/Unpacking\/d62ac32939e2340f3005b08b8b7b105787ed6fc3\/officinaseritcstd-black.ufo\/glyphs\/s.glif":"\/fonts\/Unpacking\/d62ac32939e2340f3005b08b8b7b105787ed6fc3\/officinaseritcstd-black.ufo\/glyphs\/s.glif","\/fonts\/Unpacking\/d62ac32939e2340f3005b08b8b7b105787ed6fc3\/officinaseritcstd-black.ufo\/glyphs\/scaron.glif":"\/fonts\/Unpacking\/d62ac32939e2340f3005b08b8b7b105787ed6fc3\/officinaseritcstd-black.ufo\/glyphs\/scaron.glif","\/fonts\/Unpacking\/d62ac32939e2340f3005b08b8b7b105787ed6fc3\/officinaseritcstd-black.ufo\/glyphs\/section.glif":"\/fonts\/Unpacking\/d62ac32939e2340f3005b08b8b7b105787ed6fc3\/officinaseritcstd-black.ufo\/glyphs\/section.glif","\/fonts\/Unpacking\/d62ac32939e2340f3005b08b8b7b105787ed6fc3\/officinaseritcstd-black.ufo\/glyphs\/semicolon.glif":"\/fonts\/Unpacking\/d62ac32939e2340f3005b08b8b7b105787ed6fc3\/officinaseritcstd-black.ufo\/glyphs\/semicolon.glif","\/fonts\/Unpacking\/d62ac32939e2340f3005b08b8b7b105787ed6fc3\/officinaseritcstd-black.ufo\/glyphs\/seven.glif":"\/fonts\/Unpacking\/d62ac32939e2340f3005b08b8b7b105787ed6fc3\/officinaseritcstd-black.ufo\/glyphs\/seven.glif","\/fonts\/Unpacking\/d62ac32939e2340f3005b08b8b7b105787ed6fc3\/officinaseritcstd-black.ufo\/glyphs\/seven.oldstyle.glif":"\/fonts\/Unpacking\/d62ac32939e2340f3005b08b8b7b105787ed6fc3\/officinaseritcstd-black.ufo\/glyphs\/seven.oldstyle.glif","\/fonts\/Unpacking\/d62ac32939e2340f3005b08b8b7b105787ed6fc3\/officinaseritcstd-black.ufo\/glyphs\/six.glif":"\/fonts\/Unpacking\/d62ac32939e2340f3005b08b8b7b105787ed6fc3\/officinaseritcstd-black.ufo\/glyphs\/six.glif","\/fonts\/Unpacking\/d62ac32939e2340f3005b08b8b7b105787ed6fc3\/officinaseritcstd-black.ufo\/glyphs\/six.oldstyle.glif":"\/fonts\/Unpacking\/d62ac32939e2340f3005b08b8b7b105787ed6fc3\/officinaseritcstd-black.ufo\/glyphs\/six.oldstyle.glif","\/fonts\/Unpacking\/d62ac32939e2340f3005b08b8b7b105787ed6fc3\/officinaseritcstd-black.ufo\/glyphs\/slash.glif":"\/fonts\/Unpacking\/d62ac32939e2340f3005b08b8b7b105787ed6fc3\/officinaseritcstd-black.ufo\/glyphs\/slash.glif","\/fonts\/Unpacking\/d62ac32939e2340f3005b08b8b7b105787ed6fc3\/officinaseritcstd-black.ufo\/glyphs\/space.glif":"\/fonts\/Unpacking\/d62ac32939e2340f3005b08b8b7b105787ed6fc3\/officinaseritcstd-black.ufo\/glyphs\/space.glif","\/fonts\/Unpacking\/d62ac32939e2340f3005b08b8b7b105787ed6fc3\/officinaseritcstd-black.ufo\/glyphs\/sterling.glif":"\/fonts\/Unpacking\/d62ac32939e2340f3005b08b8b7b105787ed6fc3\/officinaseritcstd-black.ufo\/glyphs\/sterling.glif","\/fonts\/Unpacking\/d62ac32939e2340f3005b08b8b7b105787ed6fc3\/officinaseritcstd-black.ufo\/glyphs\/summation.glif":"\/fonts\/Unpacking\/d62ac32939e2340f3005b08b8b7b105787ed6fc3\/officinaseritcstd-black.ufo\/glyphs\/summation.glif","\/fonts\/Unpacking\/d62ac32939e2340f3005b08b8b7b105787ed6fc3\/officinaseritcstd-black.ufo\/glyphs\/t.glif":"\/fonts\/Unpacking\/d62ac32939e2340f3005b08b8b7b105787ed6fc3\/officinaseritcstd-black.ufo\/glyphs\/t.glif","\/fonts\/Unpacking\/d62ac32939e2340f3005b08b8b7b105787ed6fc3\/officinaseritcstd-black.ufo\/glyphs\/thorn.glif":"\/fonts\/Unpacking\/d62ac32939e2340f3005b08b8b7b105787ed6fc3\/officinaseritcstd-black.ufo\/glyphs\/thorn.glif","\/fonts\/Unpacking\/d62ac32939e2340f3005b08b8b7b105787ed6fc3\/officinaseritcstd-black.ufo\/glyphs\/three.glif":"\/fonts\/Unpacking\/d62ac32939e2340f3005b08b8b7b105787ed6fc3\/officinaseritcstd-black.ufo\/glyphs\/three.glif","\/fonts\/Unpacking\/d62ac32939e2340f3005b08b8b7b105787ed6fc3\/officinaseritcstd-black.ufo\/glyphs\/three.oldstyle.glif":"\/fonts\/Unpacking\/d62ac32939e2340f3005b08b8b7b105787ed6fc3\/officinaseritcstd-black.ufo\/glyphs\/three.oldstyle.glif","\/fonts\/Unpacking\/d62ac32939e2340f3005b08b8b7b105787ed6fc3\/officinaseritcstd-black.ufo\/glyphs\/threequarters.glif":"\/fonts\/Unpacking\/d62ac32939e2340f3005b08b8b7b105787ed6fc3\/officinaseritcstd-black.ufo\/glyphs\/threequarters.glif","\/fonts\/Unpacking\/d62ac32939e2340f3005b08b8b7b105787ed6fc3\/officinaseritcstd-black.ufo\/glyphs\/threesuperior.glif":"\/fonts\/Unpacking\/d62ac32939e2340f3005b08b8b7b105787ed6fc3\/officinaseritcstd-black.ufo\/glyphs\/threesuperior.glif","\/fonts\/Unpacking\/d62ac32939e2340f3005b08b8b7b105787ed6fc3\/officinaseritcstd-black.ufo\/glyphs\/tilde.glif":"\/fonts\/Unpacking\/d62ac32939e2340f3005b08b8b7b105787ed6fc3\/officinaseritcstd-black.ufo\/glyphs\/tilde.glif","\/fonts\/Unpacking\/d62ac32939e2340f3005b08b8b7b105787ed6fc3\/officinaseritcstd-black.ufo\/glyphs\/trademark.glif":"\/fonts\/Unpacking\/d62ac32939e2340f3005b08b8b7b105787ed6fc3\/officinaseritcstd-black.ufo\/glyphs\/trademark.glif","\/fonts\/Unpacking\/d62ac32939e2340f3005b08b8b7b105787ed6fc3\/officinaseritcstd-black.ufo\/glyphs\/two.glif":"\/fonts\/Unpacking\/d62ac32939e2340f3005b08b8b7b105787ed6fc3\/officinaseritcstd-black.ufo\/glyphs\/two.glif","\/fonts\/Unpacking\/d62ac32939e2340f3005b08b8b7b105787ed6fc3\/officinaseritcstd-black.ufo\/glyphs\/two.oldstyle.glif":"\/fonts\/Unpacking\/d62ac32939e2340f3005b08b8b7b105787ed6fc3\/officinaseritcstd-black.ufo\/glyphs\/two.oldstyle.glif","\/fonts\/Unpacking\/d62ac32939e2340f3005b08b8b7b105787ed6fc3\/officinaseritcstd-black.ufo\/glyphs\/twosuperior.glif":"\/fonts\/Unpacking\/d62ac32939e2340f3005b08b8b7b105787ed6fc3\/officinaseritcstd-black.ufo\/glyphs\/twosuperior.glif","\/fonts\/Unpacking\/d62ac32939e2340f3005b08b8b7b105787ed6fc3\/officinaseritcstd-black.ufo\/glyphs\/u.glif":"\/fonts\/Unpacking\/d62ac32939e2340f3005b08b8b7b105787ed6fc3\/officinaseritcstd-black.ufo\/glyphs\/u.glif","\/fonts\/Unpacking\/d62ac32939e2340f3005b08b8b7b105787ed6fc3\/officinaseritcstd-black.ufo\/glyphs\/uacute.glif":"\/fonts\/Unpacking\/d62ac32939e2340f3005b08b8b7b105787ed6fc3\/officinaseritcstd-black.ufo\/glyphs\/uacute.glif","\/fonts\/Unpacking\/d62ac32939e2340f3005b08b8b7b105787ed6fc3\/officinaseritcstd-black.ufo\/glyphs\/ucircumflex.glif":"\/fonts\/Unpacking\/d62ac32939e2340f3005b08b8b7b105787ed6fc3\/officinaseritcstd-black.ufo\/glyphs\/ucircumflex.glif","\/fonts\/Unpacking\/d62ac32939e2340f3005b08b8b7b105787ed6fc3\/officinaseritcstd-black.ufo\/glyphs\/udieresis.glif":"\/fonts\/Unpacking\/d62ac32939e2340f3005b08b8b7b105787ed6fc3\/officinaseritcstd-black.ufo\/glyphs\/udieresis.glif","\/fonts\/Unpacking\/d62ac32939e2340f3005b08b8b7b105787ed6fc3\/officinaseritcstd-black.ufo\/glyphs\/ugrave.glif":"\/fonts\/Unpacking\/d62ac32939e2340f3005b08b8b7b105787ed6fc3\/officinaseritcstd-black.ufo\/glyphs\/ugrave.glif","\/fonts\/Unpacking\/d62ac32939e2340f3005b08b8b7b105787ed6fc3\/officinaseritcstd-black.ufo\/glyphs\/underscore.glif":"\/fonts\/Unpacking\/d62ac32939e2340f3005b08b8b7b105787ed6fc3\/officinaseritcstd-black.ufo\/glyphs\/underscore.glif","\/fonts\/Unpacking\/d62ac32939e2340f3005b08b8b7b105787ed6fc3\/officinaseritcstd-black.ufo\/glyphs\/uni00A_0.glif":"\/fonts\/Unpacking\/d62ac32939e2340f3005b08b8b7b105787ed6fc3\/officinaseritcstd-black.ufo\/glyphs\/uni00A_0.glif","\/fonts\/Unpacking\/d62ac32939e2340f3005b08b8b7b105787ed6fc3\/officinaseritcstd-black.ufo\/glyphs\/uni00A_D_.glif":"\/fonts\/Unpacking\/d62ac32939e2340f3005b08b8b7b105787ed6fc3\/officinaseritcstd-black.ufo\/glyphs\/uni00A_D_.glif","\/fonts\/Unpacking\/d62ac32939e2340f3005b08b8b7b105787ed6fc3\/officinaseritcstd-black.ufo\/glyphs\/uni02C_9.glif":"\/fonts\/Unpacking\/d62ac32939e2340f3005b08b8b7b105787ed6fc3\/officinaseritcstd-black.ufo\/glyphs\/uni02C_9.glif","\/fonts\/Unpacking\/d62ac32939e2340f3005b08b8b7b105787ed6fc3\/officinaseritcstd-black.ufo\/glyphs\/uni03A_9.glif":"\/fonts\/Unpacking\/d62ac32939e2340f3005b08b8b7b105787ed6fc3\/officinaseritcstd-black.ufo\/glyphs\/uni03A_9.glif","\/fonts\/Unpacking\/d62ac32939e2340f3005b08b8b7b105787ed6fc3\/officinaseritcstd-black.ufo\/glyphs\/uni03B_C_.glif":"\/fonts\/Unpacking\/d62ac32939e2340f3005b08b8b7b105787ed6fc3\/officinaseritcstd-black.ufo\/glyphs\/uni03B_C_.glif","\/fonts\/Unpacking\/d62ac32939e2340f3005b08b8b7b105787ed6fc3\/officinaseritcstd-black.ufo\/glyphs\/uni2215.glif":"\/fonts\/Unpacking\/d62ac32939e2340f3005b08b8b7b105787ed6fc3\/officinaseritcstd-black.ufo\/glyphs\/uni2215.glif","\/fonts\/Unpacking\/d62ac32939e2340f3005b08b8b7b105787ed6fc3\/officinaseritcstd-black.ufo\/glyphs\/uni2219.glif":"\/fonts\/Unpacking\/d62ac32939e2340f3005b08b8b7b105787ed6fc3\/officinaseritcstd-black.ufo\/glyphs\/uni2219.glif","\/fonts\/Unpacking\/d62ac32939e2340f3005b08b8b7b105787ed6fc3\/officinaseritcstd-black.ufo\/glyphs\/v.glif":"\/fonts\/Unpacking\/d62ac32939e2340f3005b08b8b7b105787ed6fc3\/officinaseritcstd-black.ufo\/glyphs\/v.glif","\/fonts\/Unpacking\/d62ac32939e2340f3005b08b8b7b105787ed6fc3\/officinaseritcstd-black.ufo\/glyphs\/w.glif":"\/fonts\/Unpacking\/d62ac32939e2340f3005b08b8b7b105787ed6fc3\/officinaseritcstd-black.ufo\/glyphs\/w.glif","\/fonts\/Unpacking\/d62ac32939e2340f3005b08b8b7b105787ed6fc3\/officinaseritcstd-black.ufo\/glyphs\/x.glif":"\/fonts\/Unpacking\/d62ac32939e2340f3005b08b8b7b105787ed6fc3\/officinaseritcstd-black.ufo\/glyphs\/x.glif","\/fonts\/Unpacking\/d62ac32939e2340f3005b08b8b7b105787ed6fc3\/officinaseritcstd-black.ufo\/glyphs\/y.glif":"\/fonts\/Unpacking\/d62ac32939e2340f3005b08b8b7b105787ed6fc3\/officinaseritcstd-black.ufo\/glyphs\/y.glif","\/fonts\/Unpacking\/d62ac32939e2340f3005b08b8b7b105787ed6fc3\/officinaseritcstd-black.ufo\/glyphs\/yacute.glif":"\/fonts\/Unpacking\/d62ac32939e2340f3005b08b8b7b105787ed6fc3\/officinaseritcstd-black.ufo\/glyphs\/yacute.glif","\/fonts\/Unpacking\/d62ac32939e2340f3005b08b8b7b105787ed6fc3\/officinaseritcstd-black.ufo\/glyphs\/ydieresis.glif":"\/fonts\/Unpacking\/d62ac32939e2340f3005b08b8b7b105787ed6fc3\/officinaseritcstd-black.ufo\/glyphs\/ydieresis.glif","\/fonts\/Unpacking\/d62ac32939e2340f3005b08b8b7b105787ed6fc3\/officinaseritcstd-black.ufo\/glyphs\/yen.glif":"\/fonts\/Unpacking\/d62ac32939e2340f3005b08b8b7b105787ed6fc3\/officinaseritcstd-black.ufo\/glyphs\/yen.glif","\/fonts\/Unpacking\/d62ac32939e2340f3005b08b8b7b105787ed6fc3\/officinaseritcstd-black.ufo\/glyphs\/z.glif":"\/fonts\/Unpacking\/d62ac32939e2340f3005b08b8b7b105787ed6fc3\/officinaseritcstd-black.ufo\/glyphs\/z.glif","\/fonts\/Unpacking\/d62ac32939e2340f3005b08b8b7b105787ed6fc3\/officinaseritcstd-black.ufo\/glyphs\/zcaron.glif":"\/fonts\/Unpacking\/d62ac32939e2340f3005b08b8b7b105787ed6fc3\/officinaseritcstd-black.ufo\/glyphs\/zcaron.glif","\/fonts\/Unpacking\/d62ac32939e2340f3005b08b8b7b105787ed6fc3\/officinaseritcstd-black.ufo\/glyphs\/zero.glif":"\/fonts\/Unpacking\/d62ac32939e2340f3005b08b8b7b105787ed6fc3\/officinaseritcstd-black.ufo\/glyphs\/zero.glif","\/fonts\/Unpacking\/d62ac32939e2340f3005b08b8b7b105787ed6fc3\/officinaseritcstd-black.ufo\/glyphs\/zero.oldstyle.glif":"\/fonts\/Unpacking\/d62ac32939e2340f3005b08b8b7b105787ed6fc3\/officinaseritcstd-black.ufo\/glyphs\/zero.oldstyle.glif"},"Font":null,"Licences":{"":false},"Table":{"FFTM":{"entryLength":16,"tag":"FFTM","checksum":1944367700,"offset":51588,"length":28},"GDEF":{"entryLength":16,"tag":"GDEF","checksum":24510470,"offset":51556,"length":32},"OS\/2":{"entryLength":16,"tag":"OS\/2","checksum":2038251459,"offset":344,"length":86},"cmap":{"entryLength":16,"tag":"cmap","checksum":587093953,"offset":1748,"length":958},"gasp":{"entryLength":16,"tag":"gasp","checksum":4294901763,"offset":51548,"length":8},"glyf":{"entryLength":16,"tag":"glyf","checksum":3164759576,"offset":3368,"length":45364},"head":{"entryLength":16,"tag":"head","checksum":208006108,"offset":220,"length":54},"hhea":{"entryLength":16,"tag":"hhea","checksum":151979312,"offset":276,"length":36},"hmtx":{"entryLength":16,"tag":"hmtx","checksum":3213697846,"offset":432,"length":1316},"loca":{"entryLength":16,"tag":"loca","checksum":2642266458,"offset":2708,"length":660},"maxp":{"entryLength":16,"tag":"maxp","checksum":26345593,"offset":312,"length":32},"name":{"entryLength":16,"tag":"name","checksum":2938532107,"offset":48732,"length":1356},"post":{"entryLength":16,"tag":"post","checksum":4183196984,"offset":50088,"length":1457}},"UnicodeCharMap":{"32":3,"33":4,"34":5,"35":6,"36":7,"37":8,"38":9,"39":10,"40":11,"41":12,"42":13,"43":14,"44":15,"45":16,"46":17,"47":18,"48":19,"49":20,"50":21,"51":22,"52":23,"53":24,"54":25,"55":26,"56":27,"57":28,"58":29,"59":30,"60":31,"61":32,"62":33,"63":34,"64":35,"65":36,"66":37,"67":38,"68":39,"69":40,"70":41,"71":42,"72":43,"73":44,"74":45,"75":46,"76":47,"77":48,"78":49,"79":50,"80":51,"81":52,"82":53,"83":54,"84":55,"85":56,"86":57,"87":58,"88":59,"89":60,"90":61,"91":62,"92":63,"93":64,"94":65,"95":66,"96":67,"97":68,"98":69,"99":70,"100":71,"101":72,"102":73,"103":74,"104":75,"105":76,"106":77,"107":78,"108":79,"109":80,"110":81,"111":82,"112":83,"113":84,"114":85,"115":86,"116":87,"117":88,"118":89,"119":90,"120":91,"121":92,"122":93,"123":94,"124":95,"125":96,"126":97,"160":98,"161":99,"162":100,"163":101,"164":102,"165":103,"166":104,"167":105,"168":106,"169":107,"170":108,"171":109,"172":110,"173":111,"174":112,"175":113,"176":114,"177":115,"178":116,"179":117,"180":118,"182":120,"183":121,"184":122,"185":123,"186":124,"187":125,"188":126,"189":127,"190":128,"191":129,"192":130,"193":131,"194":132,"195":133,"196":134,"197":135,"198":136,"199":137,"200":138,"201":139,"202":140,"203":141,"204":142,"205":143,"206":144,"207":145,"208":146,"209":147,"210":148,"211":149,"212":150,"213":151,"214":152,"215":153,"216":154,"217":155,"218":156,"219":157,"220":158,"221":159,"222":160,"223":161,"224":162,"225":163,"226":164,"227":165,"228":166,"229":167,"230":168,"231":169,"232":170,"233":171,"234":172,"235":173,"236":174,"237":175,"238":176,"239":177,"240":178,"241":179,"242":180,"243":181,"244":182,"245":183,"246":184,"247":185,"248":186,"249":187,"250":188,"251":189,"252":190,"253":191,"254":192,"255":193,"305":221,"321":219,"322":222,"338":220,"339":223,"352":226,"353":229,"376":227,"381":228,"382":230,"402":197,"710":210,"711":217,"713":325,"728":212,"729":213,"730":214,"731":216,"732":211,"733":215,"916":320,"937":324,"956":326,"960":316,"8211":201,"8212":218,"8216":195,"8217":194,"8218":205,"8220":198,"8221":207,"8222":206,"8224":202,"8225":203,"8226":204,"8230":208,"8240":209,"8249":199,"8250":200,"8260":196,"8364":233,"8467":321,"8482":224,"8494":322,"8706":313,"8719":315,"8721":314,"8722":225,"8725":327,"8729":328,"8730":319,"8734":312,"8747":317,"8776":311,"8800":308,"8804":309,"8805":310,"9674":323,"64257":231,"64258":232},"Reserves":null,"Names":[],"Nodes":[],"Contributors":[],"FontIdentity":"8603c627a87588feb0598038d686f4cd","Bytes":4284678,"Networking":null,"barcode":null,"referee":null}