{"CSS":{"EdwardianEF-Medium":"EdwardianEF-Medium.css"},"FontType":"TrueType","FontCopyright":"Copyright (c) 1995 Elsner+Flake Designstudios. All Rights Reserved.","FontName":"EdwardianEF","FontSubfamily":"Medium","FontSubfamilyID":"FontForge 2.0 : EdwardianEF-Medium : 27-8-2016","FontFullName":"Edwardian EF Medium","FontVersion":"Version 001.000 ","FontWeight":null,"FontPostscriptName":"EdwardianEF-Medium","Files":{"edwardianef-medium.afm":"edwardianef-medium.afm","edwardianef-medium.bin":"edwardianef-medium.bin","edwardianef-medium.cef":"edwardianef-medium.cef","edwardianef-medium.cff":"edwardianef-medium.cff","edwardianef-medium.cid":"edwardianef-medium.cid","edwardianef-medium.dfont":"edwardianef-medium.dfont","edwardianef-medium.eot":"edwardianef-medium.eot","edwardianef-medium.fon":"edwardianef-medium.fon","edwardianef-medium.gai":"edwardianef-medium.gai","edwardianef-medium.gsf":"edwardianef-medium.gsf","edwardianef-medium.hqx":"edwardianef-medium.hqx","edwardianef-medium.ik":"edwardianef-medium.ik","edwardianef-medium.mf":"edwardianef-medium.mf","edwardianef-medium.otf":"edwardianef-medium.otf","edwardianef-medium.pcf":"edwardianef-medium.pcf","edwardianef-medium.pf3":"edwardianef-medium.pf3","edwardianef-medium.pfa":"edwardianef-medium.pfa","edwardianef-medium.pfb":"edwardianef-medium.pfb","edwardianef-medium.php":"edwardianef-medium.php","edwardianef-medium.pmf":"edwardianef-medium.pmf","edwardianef-medium.pt3":"edwardianef-medium.pt3","edwardianef-medium.sfd":"edwardianef-medium.sfd","edwardianef-medium.svg":"edwardianef-medium.svg","edwardianef-medium.t42":"edwardianef-medium.t42","edwardianef-medium.ttd":"edwardianef-medium.ttd","edwardianef-medium.ttf":"edwardianef-medium.ttf","edwardianef-medium.ttg":"edwardianef-medium.ttg","edwardianef-medium.ufm":"edwardianef-medium.ufm","edwardianef-medium.woff":"edwardianef-medium.woff","edwardianef-medium.z":"edwardianef-medium.z","":{"edwardianef-medium.afm":"edwardianef-medium.afm","edwardianef-medium.bin":"edwardianef-medium.bin","edwardianef-medium.cef":"edwardianef-medium.cef","edwardianef-medium.cff":"edwardianef-medium.cff","edwardianef-medium.cid":"edwardianef-medium.cid","edwardianef-medium.dfont":"edwardianef-medium.dfont","edwardianef-medium.eot":"edwardianef-medium.eot","edwardianef-medium.fon":"edwardianef-medium.fon","edwardianef-medium.gai":"edwardianef-medium.gai","edwardianef-medium.gsf":"edwardianef-medium.gsf","edwardianef-medium.hqx":"edwardianef-medium.hqx","edwardianef-medium.ik":"edwardianef-medium.ik","edwardianef-medium.mf":"edwardianef-medium.mf","edwardianef-medium.otf":"edwardianef-medium.otf","edwardianef-medium.pcf":"edwardianef-medium.pcf","edwardianef-medium.pf3":"edwardianef-medium.pf3","edwardianef-medium.pfa":"edwardianef-medium.pfa","edwardianef-medium.pfb":"edwardianef-medium.pfb","edwardianef-medium.php":"edwardianef-medium.php","edwardianef-medium.pmf":"edwardianef-medium.pmf","edwardianef-medium.pt3":"edwardianef-medium.pt3","edwardianef-medium.sfd":"edwardianef-medium.sfd","edwardianef-medium.svg":"edwardianef-medium.svg","edwardianef-medium.t42":"edwardianef-medium.t42","edwardianef-medium.ttd":"edwardianef-medium.ttd","edwardianef-medium.ttf":"edwardianef-medium.ttf","edwardianef-medium.ttg":"edwardianef-medium.ttg","edwardianef-medium.ufm":"edwardianef-medium.ufm","edwardianef-medium.woff":"edwardianef-medium.woff","edwardianef-medium.z":"edwardianef-medium.z"},"\/edwardianef-medium.ufo":{"feature.fea":"feature.fea","fontinfo.plist":"fontinfo.plist","groups.plist":"groups.plist","kerning.plist":"kerning.plist","metainfo.plist":"metainfo.plist"},"\/edwardianef-medium.ufo\/glyphs":{"A_.glif":"A_.glif","A_E_.glif":"A_E_.glif","A_acute.glif":"A_acute.glif","A_circumflex.glif":"A_circumflex.glif","A_dieresis.glif":"A_dieresis.glif","A_grave.glif":"A_grave.glif","A_ring.glif":"A_ring.glif","A_tilde.glif":"A_tilde.glif","B_.glif":"B_.glif","C_.glif":"C_.glif","C_cedilla.glif":"C_cedilla.glif","D_.glif":"D_.glif","E_.glif":"E_.glif","E_acute.glif":"E_acute.glif","E_circumflex.glif":"E_circumflex.glif","E_dieresis.glif":"E_dieresis.glif","E_grave.glif":"E_grave.glif","F_.glif":"F_.glif","G_.glif":"G_.glif","H_.glif":"H_.glif","I_.glif":"I_.glif","I_acute.glif":"I_acute.glif","I_circumflex.glif":"I_circumflex.glif","I_dieresis.glif":"I_dieresis.glif","I_grave.glif":"I_grave.glif","J_.glif":"J_.glif","K_.glif":"K_.glif","L_.glif":"L_.glif","M_.glif":"M_.glif","N_.glif":"N_.glif","N_tilde.glif":"N_tilde.glif","O_.glif":"O_.glif","O_E_.glif":"O_E_.glif","O_acute.glif":"O_acute.glif","O_circumflex.glif":"O_circumflex.glif","O_dieresis.glif":"O_dieresis.glif","O_grave.glif":"O_grave.glif","O_slash.glif":"O_slash.glif","O_tilde.glif":"O_tilde.glif","P_.glif":"P_.glif","Q_.glif":"Q_.glif","R_.glif":"R_.glif","S_.glif":"S_.glif","T_.glif":"T_.glif","U_.glif":"U_.glif","U_acute.glif":"U_acute.glif","U_circumflex.glif":"U_circumflex.glif","U_dieresis.glif":"U_dieresis.glif","U_grave.glif":"U_grave.glif","V_.glif":"V_.glif","W_.glif":"W_.glif","X_.glif":"X_.glif","Y_.glif":"Y_.glif","Y_dieresis.glif":"Y_dieresis.glif","Z_.glif":"Z_.glif","a.glif":"a.glif","aacute.glif":"aacute.glif","acircumflex.glif":"acircumflex.glif","adieresis.glif":"adieresis.glif","ae.glif":"ae.glif","agrave.glif":"agrave.glif","ampersand.glif":"ampersand.glif","aring.glif":"aring.glif","asterisk.glif":"asterisk.glif","atilde.glif":"atilde.glif","b.glif":"b.glif","c.glif":"c.glif","ccedilla.glif":"ccedilla.glif","cent.glif":"cent.glif","colon.glif":"colon.glif","comma.glif":"comma.glif","contents.plist":"contents.plist","d.glif":"d.glif","dollar.glif":"dollar.glif","dotlessi.glif":"dotlessi.glif","e.glif":"e.glif","eacute.glif":"eacute.glif","ecircumflex.glif":"ecircumflex.glif","edieresis.glif":"edieresis.glif","egrave.glif":"egrave.glif","eight.glif":"eight.glif","emdash.glif":"emdash.glif","exclam.glif":"exclam.glif","exclamdown.glif":"exclamdown.glif","f.glif":"f.glif","five.glif":"five.glif","four.glif":"four.glif","g.glif":"g.glif","germandbls.glif":"germandbls.glif","guillemotleft.glif":"guillemotleft.glif","guillemotright.glif":"guillemotright.glif","h.glif":"h.glif","hyphen.glif":"hyphen.glif","i.glif":"i.glif","iacute.glif":"iacute.glif","icircumflex.glif":"icircumflex.glif","idieresis.glif":"idieresis.glif","igrave.glif":"igrave.glif","j.glif":"j.glif","k.glif":"k.glif","l.glif":"l.glif","m.glif":"m.glif","n.glif":"n.glif","nbspace.glif":"nbspace.glif","nine.glif":"nine.glif","ntilde.glif":"ntilde.glif","o.glif":"o.glif","oacute.glif":"oacute.glif","ocircumflex.glif":"ocircumflex.glif","odieresis.glif":"odieresis.glif","oe.glif":"oe.glif","ograve.glif":"ograve.glif","one.glif":"one.glif","oslash.glif":"oslash.glif","otilde.glif":"otilde.glif","p.glif":"p.glif","parenleft.glif":"parenleft.glif","parenright.glif":"parenright.glif","percent.glif":"percent.glif","period.glif":"period.glif","periodcentered.glif":"periodcentered.glif","q.glif":"q.glif","question.glif":"question.glif","questiondown.glif":"questiondown.glif","quotedblbase.glif":"quotedblbase.glif","quotedblleft.glif":"quotedblleft.glif","quotedblright.glif":"quotedblright.glif","quoteright.glif":"quoteright.glif","r.glif":"r.glif","s.glif":"s.glif","semicolon.glif":"semicolon.glif","seven.glif":"seven.glif","six.glif":"six.glif","slash.glif":"slash.glif","space.glif":"space.glif","sterling.glif":"sterling.glif","t.glif":"t.glif","three.glif":"three.glif","two.glif":"two.glif","u.glif":"u.glif","uacute.glif":"uacute.glif","ucircumflex.glif":"ucircumflex.glif","udieresis.glif":"udieresis.glif","ugrave.glif":"ugrave.glif","v.glif":"v.glif","w.glif":"w.glif","x.glif":"x.glif","y.glif":"y.glif","ydieresis.glif":"ydieresis.glif","z.glif":"z.glif","zero.glif":"zero.glif"}},"Font":{"uploaded":1472259846.616,"licence":"gpl3","company":"Chronolabs Cooperative"},"Table":{"FFTM":{"entryLength":16,"tag":"FFTM","checksum":1944308988,"offset":29652,"length":28},"GDEF":{"entryLength":16,"tag":"GDEF","checksum":12976134,"offset":29620,"length":32},"OS\/2":{"entryLength":16,"tag":"OS\/2","checksum":1454243961,"offset":344,"length":86},"cmap":{"entryLength":16,"tag":"cmap","checksum":3921719401,"offset":1044,"length":516},"gasp":{"entryLength":16,"tag":"gasp","checksum":4294901763,"offset":29612,"length":8},"glyf":{"entryLength":16,"tag":"glyf","checksum":3776647512,"offset":1868,"length":26652},"head":{"entryLength":16,"tag":"head","checksum":179860136,"offset":220,"length":54},"hhea":{"entryLength":16,"tag":"hhea","checksum":128648070,"offset":276,"length":36},"hmtx":{"entryLength":16,"tag":"hmtx","checksum":1030033432,"offset":432,"length":612},"loca":{"entryLength":16,"tag":"loca","checksum":1114725548,"offset":1560,"length":308},"maxp":{"entryLength":16,"tag":"maxp","checksum":14680181,"offset":312,"length":32},"name":{"entryLength":16,"tag":"name","checksum":3588592738,"offset":28520,"length":741},"post":{"entryLength":16,"tag":"post","checksum":2503926740,"offset":29264,"length":348}},"UnicodeCharMap":{"32":3,"33":4,"36":5,"37":6,"38":7,"40":8,"41":9,"42":10,"44":11,"45":12,"46":13,"47":14,"48":15,"49":16,"50":17,"51":18,"52":19,"53":20,"54":21,"55":22,"56":23,"57":24,"58":25,"59":26,"63":27,"65":28,"66":29,"67":30,"68":31,"69":32,"70":33,"71":34,"72":35,"73":36,"74":37,"75":38,"76":39,"77":40,"78":41,"79":42,"80":43,"81":44,"82":45,"83":46,"84":47,"85":48,"86":49,"87":50,"88":51,"89":52,"90":53,"97":54,"98":55,"99":56,"100":57,"101":58,"102":59,"103":60,"104":61,"105":62,"106":63,"107":64,"108":65,"109":66,"110":67,"111":68,"112":69,"113":70,"114":71,"115":72,"116":73,"117":74,"118":75,"119":76,"120":77,"121":78,"122":79,"160":80,"161":81,"162":82,"163":83,"171":84,"183":85,"187":86,"191":87,"192":88,"193":89,"194":90,"195":91,"196":92,"197":93,"198":94,"199":95,"200":96,"201":97,"202":98,"203":99,"204":100,"205":101,"206":102,"207":103,"209":104,"210":105,"211":106,"212":107,"213":108,"214":109,"216":110,"217":111,"218":112,"219":113,"220":114,"223":115,"224":116,"225":117,"226":118,"227":119,"228":120,"229":121,"230":122,"231":123,"232":124,"233":125,"234":126,"235":127,"236":128,"237":129,"238":130,"239":131,"241":132,"242":133,"243":134,"244":135,"245":136,"246":137,"248":138,"249":139,"250":140,"251":141,"252":142,"255":143,"305":150,"338":149,"339":151,"376":152,"8212":148,"8217":144,"8220":145,"8221":147,"8222":146},"Reserves":null,"Names":[],"Nodes":{"ed":{"type":"typal","node":"ed","usage":1,"weight":1},"an":{"type":"typal","node":"an","usage":1,"weight":1},"edw":{"type":"typal","node":"edw","usage":1,"weight":1},"ian":{"type":"typal","node":"ian","usage":1,"weight":1},"edwa":{"type":"keys","node":"edwa","usage":1,"weight":1},"dian":{"type":"keys","node":"dian","usage":1,"weight":1},"edwar":{"type":"keys","node":"edwar","usage":1,"weight":1},"rdian":{"type":"keys","node":"rdian","usage":1,"weight":1},"edwardian":{"type":"fixes","node":"edwardian","usage":1,"weight":1},"ef":{"type":"fixes","node":"ef","usage":1,"weight":1}},"Contributors":[],"FontIdentity":"595898d67264d3e4e9ee2efd5c585230","Bytes":2876817,"Networking":[],"barcode":"swkcyikusakou","referee":"y73saqk"}