{"CSS":{"EideticModern-Italic":"EideticModern-Italic.css"},"FontType":"TrueType","FontCopyright":"Copyright Psy\/Ops : Type Foundry, 1998. All rights reserved. www.psyops.com.","FontName":"EideticModern","FontSubfamily":"Italic","FontSubfamilyID":"FontForge 2.0 : EideticModern-Italic : 27-8-2016","FontFullName":"Eidetic Modern Italic","FontVersion":"Version 001.000 ","FontWeight":null,"FontPostscriptName":"EideticModern-Italic","Files":{"eideticmodern-italic.afm":"eideticmodern-italic.afm","eideticmodern-italic.bin":"eideticmodern-italic.bin","eideticmodern-italic.cef":"eideticmodern-italic.cef","eideticmodern-italic.cff":"eideticmodern-italic.cff","eideticmodern-italic.cid":"eideticmodern-italic.cid","eideticmodern-italic.dfont":"eideticmodern-italic.dfont","eideticmodern-italic.eot":"eideticmodern-italic.eot","eideticmodern-italic.fon":"eideticmodern-italic.fon","eideticmodern-italic.gai":"eideticmodern-italic.gai","eideticmodern-italic.gsf":"eideticmodern-italic.gsf","eideticmodern-italic.hqx":"eideticmodern-italic.hqx","eideticmodern-italic.ik":"eideticmodern-italic.ik","eideticmodern-italic.mf":"eideticmodern-italic.mf","eideticmodern-italic.otf":"eideticmodern-italic.otf","eideticmodern-italic.pcf":"eideticmodern-italic.pcf","eideticmodern-italic.pf3":"eideticmodern-italic.pf3","eideticmodern-italic.pfa":"eideticmodern-italic.pfa","eideticmodern-italic.pfb":"eideticmodern-italic.pfb","eideticmodern-italic.php":"eideticmodern-italic.php","eideticmodern-italic.pmf":"eideticmodern-italic.pmf","eideticmodern-italic.pt3":"eideticmodern-italic.pt3","eideticmodern-italic.sfd":"eideticmodern-italic.sfd","eideticmodern-italic.svg":"eideticmodern-italic.svg","eideticmodern-italic.t42":"eideticmodern-italic.t42","eideticmodern-italic.ttd":"eideticmodern-italic.ttd","eideticmodern-italic.ttf":"eideticmodern-italic.ttf","eideticmodern-italic.ttg":"eideticmodern-italic.ttg","eideticmodern-italic.ufm":"eideticmodern-italic.ufm","eideticmodern-italic.woff":"eideticmodern-italic.woff","eideticmodern-italic.z":"eideticmodern-italic.z","":{"eideticmodern-italic.afm":"eideticmodern-italic.afm","eideticmodern-italic.bin":"eideticmodern-italic.bin","eideticmodern-italic.cef":"eideticmodern-italic.cef","eideticmodern-italic.cff":"eideticmodern-italic.cff","eideticmodern-italic.cid":"eideticmodern-italic.cid","eideticmodern-italic.dfont":"eideticmodern-italic.dfont","eideticmodern-italic.eot":"eideticmodern-italic.eot","eideticmodern-italic.fon":"eideticmodern-italic.fon","eideticmodern-italic.gai":"eideticmodern-italic.gai","eideticmodern-italic.gsf":"eideticmodern-italic.gsf","eideticmodern-italic.hqx":"eideticmodern-italic.hqx","eideticmodern-italic.ik":"eideticmodern-italic.ik","eideticmodern-italic.mf":"eideticmodern-italic.mf","eideticmodern-italic.otf":"eideticmodern-italic.otf","eideticmodern-italic.pcf":"eideticmodern-italic.pcf","eideticmodern-italic.pf3":"eideticmodern-italic.pf3","eideticmodern-italic.pfa":"eideticmodern-italic.pfa","eideticmodern-italic.pfb":"eideticmodern-italic.pfb","eideticmodern-italic.php":"eideticmodern-italic.php","eideticmodern-italic.pmf":"eideticmodern-italic.pmf","eideticmodern-italic.pt3":"eideticmodern-italic.pt3","eideticmodern-italic.sfd":"eideticmodern-italic.sfd","eideticmodern-italic.svg":"eideticmodern-italic.svg","eideticmodern-italic.t42":"eideticmodern-italic.t42","eideticmodern-italic.ttd":"eideticmodern-italic.ttd","eideticmodern-italic.ttf":"eideticmodern-italic.ttf","eideticmodern-italic.ttg":"eideticmodern-italic.ttg","eideticmodern-italic.ufm":"eideticmodern-italic.ufm","eideticmodern-italic.woff":"eideticmodern-italic.woff","eideticmodern-italic.z":"eideticmodern-italic.z"},"\/eideticmodern-italic.ufo":{"feature.fea":"feature.fea","fontinfo.plist":"fontinfo.plist","groups.plist":"groups.plist","kerning.plist":"kerning.plist","metainfo.plist":"metainfo.plist"},"\/eideticmodern-italic.ufo\/glyphs":{"A_.glif":"A_.glif","A_E_.glif":"A_E_.glif","A_acute.glif":"A_acute.glif","A_circumflex.glif":"A_circumflex.glif","A_dieresis.glif":"A_dieresis.glif","A_grave.glif":"A_grave.glif","A_ring.glif":"A_ring.glif","A_tilde.glif":"A_tilde.glif","B_.glif":"B_.glif","C_.glif":"C_.glif","C_cedilla.glif":"C_cedilla.glif","D_.glif":"D_.glif","E_.glif":"E_.glif","E_acute.glif":"E_acute.glif","E_circumflex.glif":"E_circumflex.glif","E_dieresis.glif":"E_dieresis.glif","E_grave.glif":"E_grave.glif","E_th.glif":"E_th.glif","F_.glif":"F_.glif","G_.glif":"G_.glif","H_.glif":"H_.glif","I_.glif":"I_.glif","I_acute.glif":"I_acute.glif","I_circumflex.glif":"I_circumflex.glif","I_dieresis.glif":"I_dieresis.glif","I_grave.glif":"I_grave.glif","J_.glif":"J_.glif","K_.glif":"K_.glif","L_.glif":"L_.glif","L_slash.glif":"L_slash.glif","M_.glif":"M_.glif","N_.glif":"N_.glif","N_tilde.glif":"N_tilde.glif","O_.glif":"O_.glif","O_E_.glif":"O_E_.glif","O_acute.glif":"O_acute.glif","O_circumflex.glif":"O_circumflex.glif","O_dieresis.glif":"O_dieresis.glif","O_grave.glif":"O_grave.glif","O_slash.glif":"O_slash.glif","O_tilde.glif":"O_tilde.glif","P_.glif":"P_.glif","Q_.glif":"Q_.glif","R_.glif":"R_.glif","S_.glif":"S_.glif","S_caron.glif":"S_caron.glif","T_.glif":"T_.glif","T_horn.glif":"T_horn.glif","U_.glif":"U_.glif","U_acute.glif":"U_acute.glif","U_circumflex.glif":"U_circumflex.glif","U_dieresis.glif":"U_dieresis.glif","U_grave.glif":"U_grave.glif","V_.glif":"V_.glif","W_.glif":"W_.glif","X_.glif":"X_.glif","Y_.glif":"Y_.glif","Y_acute.glif":"Y_acute.glif","Y_dieresis.glif":"Y_dieresis.glif","Z_.glif":"Z_.glif","Z_caron.glif":"Z_caron.glif","a.glif":"a.glif","aacute.glif":"aacute.glif","acircumflex.glif":"acircumflex.glif","acute.glif":"acute.glif","adieresis.glif":"adieresis.glif","ae.glif":"ae.glif","agrave.glif":"agrave.glif","ampersand.glif":"ampersand.glif","aring.glif":"aring.glif","asciicircum.glif":"asciicircum.glif","asciitilde.glif":"asciitilde.glif","asterisk.glif":"asterisk.glif","at.glif":"at.glif","atilde.glif":"atilde.glif","b.glif":"b.glif","backslash.glif":"backslash.glif","bar.glif":"bar.glif","braceleft.glif":"braceleft.glif","braceright.glif":"braceright.glif","bracketleft.glif":"bracketleft.glif","bracketright.glif":"bracketright.glif","breve.glif":"breve.glif","bullet.glif":"bullet.glif","c.glif":"c.glif","caron.glif":"caron.glif","ccedilla.glif":"ccedilla.glif","cedilla.glif":"cedilla.glif","cent.glif":"cent.glif","circumflex.glif":"circumflex.glif","colon.glif":"colon.glif","comma.glif":"comma.glif","contents.plist":"contents.plist","copyright.glif":"copyright.glif","currency.glif":"currency.glif","d.glif":"d.glif","dagger.glif":"dagger.glif","daggerdbl.glif":"daggerdbl.glif","degree.glif":"degree.glif","dieresis.glif":"dieresis.glif","dollar.glif":"dollar.glif","dotaccent.glif":"dotaccent.glif","dotlessi.glif":"dotlessi.glif","e.glif":"e.glif","eacute.glif":"eacute.glif","ecircumflex.glif":"ecircumflex.glif","edieresis.glif":"edieresis.glif","egrave.glif":"egrave.glif","eight.glif":"eight.glif","ellipsis.glif":"ellipsis.glif","emdash.glif":"emdash.glif","endash.glif":"endash.glif","equal.glif":"equal.glif","eth.glif":"eth.glif","exclam.glif":"exclam.glif","exclamdown.glif":"exclamdown.glif","f.glif":"f.glif","fi.glif":"fi.glif","five.glif":"five.glif","fl.glif":"fl.glif","florin.glif":"florin.glif","four.glif":"four.glif","fraction.glif":"fraction.glif","g.glif":"g.glif","germandbls.glif":"germandbls.glif","grave.glif":"grave.glif","greater.glif":"greater.glif","guillemotleft.glif":"guillemotleft.glif","guillemotright.glif":"guillemotright.glif","guilsinglleft.glif":"guilsinglleft.glif","guilsinglright.glif":"guilsinglright.glif","h.glif":"h.glif","hungarumlaut.glif":"hungarumlaut.glif","hyphen.glif":"hyphen.glif","i.glif":"i.glif","iacute.glif":"iacute.glif","icircumflex.glif":"icircumflex.glif","idieresis.glif":"idieresis.glif","igrave.glif":"igrave.glif","j.glif":"j.glif","k.glif":"k.glif","l.glif":"l.glif","less.glif":"less.glif","lozenge.glif":"lozenge.glif","lslash.glif":"lslash.glif","m.glif":"m.glif","macron.glif":"macron.glif","minus.glif":"minus.glif","multiply.glif":"multiply.glif","n.glif":"n.glif","nbspace.glif":"nbspace.glif","nine.glif":"nine.glif","ntilde.glif":"ntilde.glif","numbersign.glif":"numbersign.glif","o.glif":"o.glif","oacute.glif":"oacute.glif","ocircumflex.glif":"ocircumflex.glif","odieresis.glif":"odieresis.glif","oe.glif":"oe.glif","ograve.glif":"ograve.glif","one.glif":"one.glif","ordfeminine.glif":"ordfeminine.glif","ordmasculine.glif":"ordmasculine.glif","oslash.glif":"oslash.glif","otilde.glif":"otilde.glif","p.glif":"p.glif","paragraph.glif":"paragraph.glif","parenleft.glif":"parenleft.glif","parenright.glif":"parenright.glif","percent.glif":"percent.glif","period.glif":"period.glif","periodcentered.glif":"periodcentered.glif","pi.glif":"pi.glif","plus.glif":"plus.glif","q.glif":"q.glif","question.glif":"question.glif","questiondown.glif":"questiondown.glif","quotedbl.glif":"quotedbl.glif","quotedblbase.glif":"quotedblbase.glif","quotedblleft.glif":"quotedblleft.glif","quotedblright.glif":"quotedblright.glif","quoteleft.glif":"quoteleft.glif","quoteright.glif":"quoteright.glif","quotesinglbase.glif":"quotesinglbase.glif","quotesingle.glif":"quotesingle.glif","r.glif":"r.glif","registered.glif":"registered.glif","ring.glif":"ring.glif","s.glif":"s.glif","scaron.glif":"scaron.glif","section.glif":"section.glif","semicolon.glif":"semicolon.glif","seven.glif":"seven.glif","six.glif":"six.glif","slash.glif":"slash.glif","space.glif":"space.glif","sterling.glif":"sterling.glif","t.glif":"t.glif","thorn.glif":"thorn.glif","three.glif":"three.glif","tilde.glif":"tilde.glif","trademark.glif":"trademark.glif","two.glif":"two.glif","u.glif":"u.glif","uacute.glif":"uacute.glif","ucircumflex.glif":"ucircumflex.glif","udieresis.glif":"udieresis.glif","ugrave.glif":"ugrave.glif","underscore.glif":"underscore.glif","v.glif":"v.glif","w.glif":"w.glif","x.glif":"x.glif","y.glif":"y.glif","yacute.glif":"yacute.glif","ydieresis.glif":"ydieresis.glif","yen.glif":"yen.glif","z.glif":"z.glif","zcaron.glif":"zcaron.glif","zero.glif":"zero.glif"}},"Font":{"uploaded":1472259577.1839,"licence":"gpl3","company":"Chronolabs Cooperative","title":"Eidetic Modern Italic","version":2.001,"date":"Fri Aug 12 15:34:00 2016","creator":"root","type":"1","matrix":"0.001 0 0 0.001 0 0","named":"EideticModern-Italic","painttype":"0","info":"10 dict dup","name":"EideticModern-Italic","family":"EideticModern","weight":"Medium","fstype":"0","italicangle":"-11","underlineposition":"","underlinethickness":""},"Table":{"FFTM":{"entryLength":16,"tag":"FFTM","checksum":1944306528,"offset":33292,"length":28},"GDEF":{"entryLength":16,"tag":"GDEF","checksum":17432582,"offset":33260,"length":32},"OS\/2":{"entryLength":16,"tag":"OS\/2","checksum":2008095352,"offset":344,"length":86},"cmap":{"entryLength":16,"tag":"cmap","checksum":2090957755,"offset":1316,"length":594},"gasp":{"entryLength":16,"tag":"gasp","checksum":4294901763,"offset":33252,"length":8},"glyf":{"entryLength":16,"tag":"glyf","checksum":465103529,"offset":2356,"length":29620},"head":{"entryLength":16,"tag":"head","checksum":243298352,"offset":220,"length":54},"hhea":{"entryLength":16,"tag":"hhea","checksum":188221338,"offset":276,"length":36},"hmtx":{"entryLength":16,"tag":"hmtx","checksum":2700952061,"offset":432,"length":884},"loca":{"entryLength":16,"tag":"loca","checksum":2500309534,"offset":1912,"length":444},"maxp":{"entryLength":16,"tag":"maxp","checksum":19136704,"offset":312,"length":32},"name":{"entryLength":16,"tag":"name","checksum":4073031932,"offset":31976,"length":792},"post":{"entryLength":16,"tag":"post","checksum":2854942724,"offset":32768,"length":484}},"UnicodeCharMap":{"32":3,"33":4,"34":5,"35":6,"36":7,"37":8,"38":9,"39":10,"40":11,"41":12,"42":13,"43":14,"44":15,"45":16,"46":17,"47":18,"48":19,"49":20,"50":21,"51":22,"52":23,"53":24,"54":25,"55":26,"56":27,"57":28,"58":29,"59":30,"60":31,"61":32,"62":33,"63":34,"64":35,"65":36,"66":37,"67":38,"68":39,"69":40,"70":41,"71":42,"72":43,"73":44,"74":45,"75":46,"76":47,"77":48,"78":49,"79":50,"80":51,"81":52,"82":53,"83":54,"84":55,"85":56,"86":57,"87":58,"88":59,"89":60,"90":61,"91":62,"92":63,"93":64,"94":65,"95":66,"96":67,"97":68,"98":69,"99":70,"100":71,"101":72,"102":73,"103":74,"104":75,"105":76,"106":77,"107":78,"108":79,"109":80,"110":81,"111":82,"112":83,"113":84,"114":85,"115":86,"116":87,"117":88,"118":89,"119":90,"120":91,"121":92,"122":93,"123":94,"124":95,"125":96,"126":97,"160":98,"161":99,"162":100,"163":101,"164":102,"165":103,"167":104,"168":105,"169":106,"170":107,"171":108,"174":109,"175":110,"176":111,"180":112,"182":113,"183":114,"184":115,"186":116,"187":117,"191":118,"192":119,"193":120,"194":121,"195":122,"196":123,"197":124,"198":125,"199":126,"200":127,"201":128,"202":129,"203":130,"204":131,"205":132,"206":133,"207":134,"208":135,"209":136,"210":137,"211":138,"212":139,"213":140,"214":141,"215":142,"216":143,"217":144,"218":145,"219":146,"220":147,"221":148,"222":149,"223":150,"224":151,"225":152,"226":153,"227":154,"228":155,"229":156,"230":157,"231":158,"232":159,"233":160,"234":161,"235":162,"236":163,"237":164,"238":165,"239":166,"240":167,"241":168,"242":169,"243":170,"244":171,"245":172,"246":173,"248":174,"249":175,"250":176,"251":177,"252":178,"253":179,"254":180,"255":181,"305":209,"321":207,"322":210,"338":208,"339":211,"352":212,"353":213,"376":220,"381":214,"382":215,"402":185,"710":199,"711":205,"728":201,"729":202,"730":203,"732":200,"733":204,"960":218,"8211":191,"8212":206,"8216":183,"8217":182,"8218":195,"8220":186,"8221":197,"8222":196,"8224":192,"8225":193,"8226":194,"8230":198,"8249":187,"8250":188,"8260":184,"8482":217,"8722":216,"9674":219,"64257":189,"64258":190},"Reserves":null,"Names":[],"Nodes":{"ei":{"type":"typal","node":"ei","usage":1,"weight":1},"ic":{"type":"typal","node":"ic","usage":1,"weight":1},"mo":{"type":"typal","node":"mo","usage":1,"weight":1},"rn":{"type":"typal","node":"rn","usage":1,"weight":1},"eid":{"type":"typal","node":"eid","usage":1,"weight":1},"tic":{"type":"typal","node":"tic","usage":1,"weight":1},"mod":{"type":"typal","node":"mod","usage":1,"weight":1},"ern":{"type":"typal","node":"ern","usage":1,"weight":1},"eide":{"type":"keys","node":"eide","usage":1,"weight":1},"etic":{"type":"keys","node":"etic","usage":1,"weight":1},"mode":{"type":"keys","node":"mode","usage":1,"weight":1},"dern":{"type":"keys","node":"dern","usage":1,"weight":1},"eidet":{"type":"keys","node":"eidet","usage":1,"weight":1},"detic":{"type":"keys","node":"detic","usage":1,"weight":1},"moder":{"type":"keys","node":"moder","usage":1,"weight":1},"odern":{"type":"keys","node":"odern","usage":1,"weight":1},"eidetic":{"type":"fixes","node":"eidetic","usage":1,"weight":1},"modern":{"type":"fixes","node":"modern","usage":1,"weight":1}},"Contributors":[],"FontIdentity":"a7aa383a772995b6fc49577c5d2d6b68","Bytes":2998500,"Networking":[],"barcode":"emimGyG7KAiWa","referee":"wsc8goc"}