{"CSS":{"John Baskerville T Medium Bold Italic":"aphgovau:cee191e50b7b5ad08227adb.css"},"FontType":"TrueType","FontCopyright":"Copyright   2000, Frantisek Storm, www.stormtype.com. All rights reserved.","FontName":"John Baskerville T Medium","FontSubfamily":"BoldItalic","FontSubfamilyID":"FontForge 2.0 : John Baskerville T Medium Bold Italic : 12-8-2016","FontFullName":"John Baskerville T Medium Bold Italic","FontVersion":"Version 001.000 ","FontWeight":null,"FontPostscriptName":"JohnBaskervilleTMedium-BoldItalic","Files":{"\/John Baskerville T Medium Bold Italic.css":"\/John Baskerville T Medium Bold Italic.css","\/font-resource.json":"\/font-resource.json","\/johnbaskervilletmedium-bolditalic.afm":"\/johnbaskervilletmedium-bolditalic.afm","\/johnbaskervilletmedium-bolditalic.cef":"\/johnbaskervilletmedium-bolditalic.cef","\/johnbaskervilletmedium-bolditalic.cff":"\/johnbaskervilletmedium-bolditalic.cff","\/johnbaskervilletmedium-bolditalic.eot":"\/johnbaskervilletmedium-bolditalic.eot","\/johnbaskervilletmedium-bolditalic.gai":"\/johnbaskervilletmedium-bolditalic.gai","\/johnbaskervilletmedium-bolditalic.gsf":"\/johnbaskervilletmedium-bolditalic.gsf","\/johnbaskervilletmedium-bolditalic.otf":"\/johnbaskervilletmedium-bolditalic.otf","\/johnbaskervilletmedium-bolditalic.pf3":"\/johnbaskervilletmedium-bolditalic.pf3","\/johnbaskervilletmedium-bolditalic.pfa":"\/johnbaskervilletmedium-bolditalic.pfa","\/johnbaskervilletmedium-bolditalic.pfb":"\/johnbaskervilletmedium-bolditalic.pfb","\/johnbaskervilletmedium-bolditalic.php":"\/johnbaskervilletmedium-bolditalic.php","\/johnbaskervilletmedium-bolditalic.pt3":"\/johnbaskervilletmedium-bolditalic.pt3","\/johnbaskervilletmedium-bolditalic.sfd":"\/johnbaskervilletmedium-bolditalic.sfd","\/johnbaskervilletmedium-bolditalic.svg":"\/johnbaskervilletmedium-bolditalic.svg","\/johnbaskervilletmedium-bolditalic.t42":"\/johnbaskervilletmedium-bolditalic.t42","\/johnbaskervilletmedium-bolditalic.ttd":"\/johnbaskervilletmedium-bolditalic.ttd","\/johnbaskervilletmedium-bolditalic.ttf":"\/johnbaskervilletmedium-bolditalic.ttf","\/johnbaskervilletmedium-bolditalic.ttg":"\/johnbaskervilletmedium-bolditalic.ttg","\/johnbaskervilletmedium-bolditalic.ufm":"\/johnbaskervilletmedium-bolditalic.ufm","\/johnbaskervilletmedium-bolditalic.woff":"\/johnbaskervilletmedium-bolditalic.woff","\/johnbaskervilletmedium-bolditalic.z":"\/johnbaskervilletmedium-bolditalic.z","\/johnbaskervilletmedium-bolditalic.ufo\/feature.fea":"\/johnbaskervilletmedium-bolditalic.ufo\/feature.fea","\/johnbaskervilletmedium-bolditalic.ufo\/fontinfo.plist":"\/johnbaskervilletmedium-bolditalic.ufo\/fontinfo.plist","\/johnbaskervilletmedium-bolditalic.ufo\/groups.plist":"\/johnbaskervilletmedium-bolditalic.ufo\/groups.plist","\/johnbaskervilletmedium-bolditalic.ufo\/kerning.plist":"\/johnbaskervilletmedium-bolditalic.ufo\/kerning.plist","\/johnbaskervilletmedium-bolditalic.ufo\/metainfo.plist":"\/johnbaskervilletmedium-bolditalic.ufo\/metainfo.plist","\/johnbaskervilletmedium-bolditalic.ufo\/glyphs\/A_.glif":"\/johnbaskervilletmedium-bolditalic.ufo\/glyphs\/A_.glif","\/johnbaskervilletmedium-bolditalic.ufo\/glyphs\/A_E_.glif":"\/johnbaskervilletmedium-bolditalic.ufo\/glyphs\/A_E_.glif","\/johnbaskervilletmedium-bolditalic.ufo\/glyphs\/A_acute.glif":"\/johnbaskervilletmedium-bolditalic.ufo\/glyphs\/A_acute.glif","\/johnbaskervilletmedium-bolditalic.ufo\/glyphs\/A_breve.glif":"\/johnbaskervilletmedium-bolditalic.ufo\/glyphs\/A_breve.glif","\/johnbaskervilletmedium-bolditalic.ufo\/glyphs\/A_circumflex.glif":"\/johnbaskervilletmedium-bolditalic.ufo\/glyphs\/A_circumflex.glif","\/johnbaskervilletmedium-bolditalic.ufo\/glyphs\/A_dieresis.glif":"\/johnbaskervilletmedium-bolditalic.ufo\/glyphs\/A_dieresis.glif","\/johnbaskervilletmedium-bolditalic.ufo\/glyphs\/A_grave.glif":"\/johnbaskervilletmedium-bolditalic.ufo\/glyphs\/A_grave.glif","\/johnbaskervilletmedium-bolditalic.ufo\/glyphs\/A_macron.glif":"\/johnbaskervilletmedium-bolditalic.ufo\/glyphs\/A_macron.glif","\/johnbaskervilletmedium-bolditalic.ufo\/glyphs\/A_ogonek.glif":"\/johnbaskervilletmedium-bolditalic.ufo\/glyphs\/A_ogonek.glif","\/johnbaskervilletmedium-bolditalic.ufo\/glyphs\/A_ring.glif":"\/johnbaskervilletmedium-bolditalic.ufo\/glyphs\/A_ring.glif","\/johnbaskervilletmedium-bolditalic.ufo\/glyphs\/A_tilde.glif":"\/johnbaskervilletmedium-bolditalic.ufo\/glyphs\/A_tilde.glif","\/johnbaskervilletmedium-bolditalic.ufo\/glyphs\/B_.glif":"\/johnbaskervilletmedium-bolditalic.ufo\/glyphs\/B_.glif","\/johnbaskervilletmedium-bolditalic.ufo\/glyphs\/C_.glif":"\/johnbaskervilletmedium-bolditalic.ufo\/glyphs\/C_.glif","\/johnbaskervilletmedium-bolditalic.ufo\/glyphs\/C_acute.glif":"\/johnbaskervilletmedium-bolditalic.ufo\/glyphs\/C_acute.glif","\/johnbaskervilletmedium-bolditalic.ufo\/glyphs\/C_caron.glif":"\/johnbaskervilletmedium-bolditalic.ufo\/glyphs\/C_caron.glif","\/johnbaskervilletmedium-bolditalic.ufo\/glyphs\/C_cedilla.glif":"\/johnbaskervilletmedium-bolditalic.ufo\/glyphs\/C_cedilla.glif","\/johnbaskervilletmedium-bolditalic.ufo\/glyphs\/D_.glif":"\/johnbaskervilletmedium-bolditalic.ufo\/glyphs\/D_.glif","\/johnbaskervilletmedium-bolditalic.ufo\/glyphs\/D_caron.glif":"\/johnbaskervilletmedium-bolditalic.ufo\/glyphs\/D_caron.glif","\/johnbaskervilletmedium-bolditalic.ufo\/glyphs\/D_elta.glif":"\/johnbaskervilletmedium-bolditalic.ufo\/glyphs\/D_elta.glif","\/johnbaskervilletmedium-bolditalic.ufo\/glyphs\/D_macron.glif":"\/johnbaskervilletmedium-bolditalic.ufo\/glyphs\/D_macron.glif","\/johnbaskervilletmedium-bolditalic.ufo\/glyphs\/E_.glif":"\/johnbaskervilletmedium-bolditalic.ufo\/glyphs\/E_.glif","\/johnbaskervilletmedium-bolditalic.ufo\/glyphs\/E_acute.glif":"\/johnbaskervilletmedium-bolditalic.ufo\/glyphs\/E_acute.glif","\/johnbaskervilletmedium-bolditalic.ufo\/glyphs\/E_caron.glif":"\/johnbaskervilletmedium-bolditalic.ufo\/glyphs\/E_caron.glif","\/johnbaskervilletmedium-bolditalic.ufo\/glyphs\/E_circumflex.glif":"\/johnbaskervilletmedium-bolditalic.ufo\/glyphs\/E_circumflex.glif","\/johnbaskervilletmedium-bolditalic.ufo\/glyphs\/E_dieresis.glif":"\/johnbaskervilletmedium-bolditalic.ufo\/glyphs\/E_dieresis.glif","\/johnbaskervilletmedium-bolditalic.ufo\/glyphs\/E_dotaccent.glif":"\/johnbaskervilletmedium-bolditalic.ufo\/glyphs\/E_dotaccent.glif","\/johnbaskervilletmedium-bolditalic.ufo\/glyphs\/E_grave.glif":"\/johnbaskervilletmedium-bolditalic.ufo\/glyphs\/E_grave.glif","\/johnbaskervilletmedium-bolditalic.ufo\/glyphs\/E_macron.glif":"\/johnbaskervilletmedium-bolditalic.ufo\/glyphs\/E_macron.glif","\/johnbaskervilletmedium-bolditalic.ufo\/glyphs\/E_ogonek.glif":"\/johnbaskervilletmedium-bolditalic.ufo\/glyphs\/E_ogonek.glif","\/johnbaskervilletmedium-bolditalic.ufo\/glyphs\/E_th.glif":"\/johnbaskervilletmedium-bolditalic.ufo\/glyphs\/E_th.glif","\/johnbaskervilletmedium-bolditalic.ufo\/glyphs\/E_uro.glif":"\/johnbaskervilletmedium-bolditalic.ufo\/glyphs\/E_uro.glif","\/johnbaskervilletmedium-bolditalic.ufo\/glyphs\/F_.glif":"\/johnbaskervilletmedium-bolditalic.ufo\/glyphs\/F_.glif","\/johnbaskervilletmedium-bolditalic.ufo\/glyphs\/G_.glif":"\/johnbaskervilletmedium-bolditalic.ufo\/glyphs\/G_.glif","\/johnbaskervilletmedium-bolditalic.ufo\/glyphs\/G_commaaccent.glif":"\/johnbaskervilletmedium-bolditalic.ufo\/glyphs\/G_commaaccent.glif","\/johnbaskervilletmedium-bolditalic.ufo\/glyphs\/H_.glif":"\/johnbaskervilletmedium-bolditalic.ufo\/glyphs\/H_.glif","\/johnbaskervilletmedium-bolditalic.ufo\/glyphs\/I_.glif":"\/johnbaskervilletmedium-bolditalic.ufo\/glyphs\/I_.glif","\/johnbaskervilletmedium-bolditalic.ufo\/glyphs\/I_acute.glif":"\/johnbaskervilletmedium-bolditalic.ufo\/glyphs\/I_acute.glif","\/johnbaskervilletmedium-bolditalic.ufo\/glyphs\/I_circumflex.glif":"\/johnbaskervilletmedium-bolditalic.ufo\/glyphs\/I_circumflex.glif","\/johnbaskervilletmedium-bolditalic.ufo\/glyphs\/I_dieresis.glif":"\/johnbaskervilletmedium-bolditalic.ufo\/glyphs\/I_dieresis.glif","\/johnbaskervilletmedium-bolditalic.ufo\/glyphs\/I_grave.glif":"\/johnbaskervilletmedium-bolditalic.ufo\/glyphs\/I_grave.glif","\/johnbaskervilletmedium-bolditalic.ufo\/glyphs\/I_macron.glif":"\/johnbaskervilletmedium-bolditalic.ufo\/glyphs\/I_macron.glif","\/johnbaskervilletmedium-bolditalic.ufo\/glyphs\/I_ogonek.glif":"\/johnbaskervilletmedium-bolditalic.ufo\/glyphs\/I_ogonek.glif","\/johnbaskervilletmedium-bolditalic.ufo\/glyphs\/J_.glif":"\/johnbaskervilletmedium-bolditalic.ufo\/glyphs\/J_.glif","\/johnbaskervilletmedium-bolditalic.ufo\/glyphs\/K_.glif":"\/johnbaskervilletmedium-bolditalic.ufo\/glyphs\/K_.glif","\/johnbaskervilletmedium-bolditalic.ufo\/glyphs\/K_commaaccent.glif":"\/johnbaskervilletmedium-bolditalic.ufo\/glyphs\/K_commaaccent.glif","\/johnbaskervilletmedium-bolditalic.ufo\/glyphs\/L_.glif":"\/johnbaskervilletmedium-bolditalic.ufo\/glyphs\/L_.glif","\/johnbaskervilletmedium-bolditalic.ufo\/glyphs\/L_acute.glif":"\/johnbaskervilletmedium-bolditalic.ufo\/glyphs\/L_acute.glif","\/johnbaskervilletmedium-bolditalic.ufo\/glyphs\/L_caron.glif":"\/johnbaskervilletmedium-bolditalic.ufo\/glyphs\/L_caron.glif","\/johnbaskervilletmedium-bolditalic.ufo\/glyphs\/L_commaaccent.glif":"\/johnbaskervilletmedium-bolditalic.ufo\/glyphs\/L_commaaccent.glif","\/johnbaskervilletmedium-bolditalic.ufo\/glyphs\/L_slash.glif":"\/johnbaskervilletmedium-bolditalic.ufo\/glyphs\/L_slash.glif","\/johnbaskervilletmedium-bolditalic.ufo\/glyphs\/M_.glif":"\/johnbaskervilletmedium-bolditalic.ufo\/glyphs\/M_.glif","\/johnbaskervilletmedium-bolditalic.ufo\/glyphs\/N_.glif":"\/johnbaskervilletmedium-bolditalic.ufo\/glyphs\/N_.glif","\/johnbaskervilletmedium-bolditalic.ufo\/glyphs\/N_acute.glif":"\/johnbaskervilletmedium-bolditalic.ufo\/glyphs\/N_acute.glif","\/johnbaskervilletmedium-bolditalic.ufo\/glyphs\/N_caron.glif":"\/johnbaskervilletmedium-bolditalic.ufo\/glyphs\/N_caron.glif","\/johnbaskervilletmedium-bolditalic.ufo\/glyphs\/N_commaaccent.glif":"\/johnbaskervilletmedium-bolditalic.ufo\/glyphs\/N_commaaccent.glif","\/johnbaskervilletmedium-bolditalic.ufo\/glyphs\/N_tilde.glif":"\/johnbaskervilletmedium-bolditalic.ufo\/glyphs\/N_tilde.glif","\/johnbaskervilletmedium-bolditalic.ufo\/glyphs\/O_.glif":"\/johnbaskervilletmedium-bolditalic.ufo\/glyphs\/O_.glif","\/johnbaskervilletmedium-bolditalic.ufo\/glyphs\/O_E_.glif":"\/johnbaskervilletmedium-bolditalic.ufo\/glyphs\/O_E_.glif","\/johnbaskervilletmedium-bolditalic.ufo\/glyphs\/O_acute.glif":"\/johnbaskervilletmedium-bolditalic.ufo\/glyphs\/O_acute.glif","\/johnbaskervilletmedium-bolditalic.ufo\/glyphs\/O_circumflex.glif":"\/johnbaskervilletmedium-bolditalic.ufo\/glyphs\/O_circumflex.glif","\/johnbaskervilletmedium-bolditalic.ufo\/glyphs\/O_dieresis.glif":"\/johnbaskervilletmedium-bolditalic.ufo\/glyphs\/O_dieresis.glif","\/johnbaskervilletmedium-bolditalic.ufo\/glyphs\/O_grave.glif":"\/johnbaskervilletmedium-bolditalic.ufo\/glyphs\/O_grave.glif","\/johnbaskervilletmedium-bolditalic.ufo\/glyphs\/O_hm.glif":"\/johnbaskervilletmedium-bolditalic.ufo\/glyphs\/O_hm.glif","\/johnbaskervilletmedium-bolditalic.ufo\/glyphs\/O_hungarumlaut.glif":"\/johnbaskervilletmedium-bolditalic.ufo\/glyphs\/O_hungarumlaut.glif","\/johnbaskervilletmedium-bolditalic.ufo\/glyphs\/O_macron.glif":"\/johnbaskervilletmedium-bolditalic.ufo\/glyphs\/O_macron.glif","\/johnbaskervilletmedium-bolditalic.ufo\/glyphs\/O_slash.glif":"\/johnbaskervilletmedium-bolditalic.ufo\/glyphs\/O_slash.glif","\/johnbaskervilletmedium-bolditalic.ufo\/glyphs\/O_tilde.glif":"\/johnbaskervilletmedium-bolditalic.ufo\/glyphs\/O_tilde.glif","\/johnbaskervilletmedium-bolditalic.ufo\/glyphs\/P_.glif":"\/johnbaskervilletmedium-bolditalic.ufo\/glyphs\/P_.glif","\/johnbaskervilletmedium-bolditalic.ufo\/glyphs\/Q_.glif":"\/johnbaskervilletmedium-bolditalic.ufo\/glyphs\/Q_.glif","\/johnbaskervilletmedium-bolditalic.ufo\/glyphs\/R_.glif":"\/johnbaskervilletmedium-bolditalic.ufo\/glyphs\/R_.glif","\/johnbaskervilletmedium-bolditalic.ufo\/glyphs\/R_acute.glif":"\/johnbaskervilletmedium-bolditalic.ufo\/glyphs\/R_acute.glif","\/johnbaskervilletmedium-bolditalic.ufo\/glyphs\/R_caron.glif":"\/johnbaskervilletmedium-bolditalic.ufo\/glyphs\/R_caron.glif","\/johnbaskervilletmedium-bolditalic.ufo\/glyphs\/R_commaaccent.glif":"\/johnbaskervilletmedium-bolditalic.ufo\/glyphs\/R_commaaccent.glif","\/johnbaskervilletmedium-bolditalic.ufo\/glyphs\/S_.glif":"\/johnbaskervilletmedium-bolditalic.ufo\/glyphs\/S_.glif","\/johnbaskervilletmedium-bolditalic.ufo\/glyphs\/S_acute.glif":"\/johnbaskervilletmedium-bolditalic.ufo\/glyphs\/S_acute.glif","\/johnbaskervilletmedium-bolditalic.ufo\/glyphs\/S_caron.glif":"\/johnbaskervilletmedium-bolditalic.ufo\/glyphs\/S_caron.glif","\/johnbaskervilletmedium-bolditalic.ufo\/glyphs\/S_commaaccent.glif":"\/johnbaskervilletmedium-bolditalic.ufo\/glyphs\/S_commaaccent.glif","\/johnbaskervilletmedium-bolditalic.ufo\/glyphs\/T_.glif":"\/johnbaskervilletmedium-bolditalic.ufo\/glyphs\/T_.glif","\/johnbaskervilletmedium-bolditalic.ufo\/glyphs\/T_caron.glif":"\/johnbaskervilletmedium-bolditalic.ufo\/glyphs\/T_caron.glif","\/johnbaskervilletmedium-bolditalic.ufo\/glyphs\/T_commaaccent.glif":"\/johnbaskervilletmedium-bolditalic.ufo\/glyphs\/T_commaaccent.glif","\/johnbaskervilletmedium-bolditalic.ufo\/glyphs\/T_h.glif":"\/johnbaskervilletmedium-bolditalic.ufo\/glyphs\/T_h.glif","\/johnbaskervilletmedium-bolditalic.ufo\/glyphs\/T_horn.glif":"\/johnbaskervilletmedium-bolditalic.ufo\/glyphs\/T_horn.glif","\/johnbaskervilletmedium-bolditalic.ufo\/glyphs\/U_.glif":"\/johnbaskervilletmedium-bolditalic.ufo\/glyphs\/U_.glif","\/johnbaskervilletmedium-bolditalic.ufo\/glyphs\/U_acute.glif":"\/johnbaskervilletmedium-bolditalic.ufo\/glyphs\/U_acute.glif","\/johnbaskervilletmedium-bolditalic.ufo\/glyphs\/U_circumflex.glif":"\/johnbaskervilletmedium-bolditalic.ufo\/glyphs\/U_circumflex.glif","\/johnbaskervilletmedium-bolditalic.ufo\/glyphs\/U_dieresis.glif":"\/johnbaskervilletmedium-bolditalic.ufo\/glyphs\/U_dieresis.glif","\/johnbaskervilletmedium-bolditalic.ufo\/glyphs\/U_grave.glif":"\/johnbaskervilletmedium-bolditalic.ufo\/glyphs\/U_grave.glif","\/johnbaskervilletmedium-bolditalic.ufo\/glyphs\/U_hungarumlaut.glif":"\/johnbaskervilletmedium-bolditalic.ufo\/glyphs\/U_hungarumlaut.glif","\/johnbaskervilletmedium-bolditalic.ufo\/glyphs\/U_macron.glif":"\/johnbaskervilletmedium-bolditalic.ufo\/glyphs\/U_macron.glif","\/johnbaskervilletmedium-bolditalic.ufo\/glyphs\/U_ogonek.glif":"\/johnbaskervilletmedium-bolditalic.ufo\/glyphs\/U_ogonek.glif","\/johnbaskervilletmedium-bolditalic.ufo\/glyphs\/U_ring.glif":"\/johnbaskervilletmedium-bolditalic.ufo\/glyphs\/U_ring.glif","\/johnbaskervilletmedium-bolditalic.ufo\/glyphs\/V_.glif":"\/johnbaskervilletmedium-bolditalic.ufo\/glyphs\/V_.glif","\/johnbaskervilletmedium-bolditalic.ufo\/glyphs\/W_.glif":"\/johnbaskervilletmedium-bolditalic.ufo\/glyphs\/W_.glif","\/johnbaskervilletmedium-bolditalic.ufo\/glyphs\/X_.glif":"\/johnbaskervilletmedium-bolditalic.ufo\/glyphs\/X_.glif","\/johnbaskervilletmedium-bolditalic.ufo\/glyphs\/Y_.glif":"\/johnbaskervilletmedium-bolditalic.ufo\/glyphs\/Y_.glif","\/johnbaskervilletmedium-bolditalic.ufo\/glyphs\/Y_acute.glif":"\/johnbaskervilletmedium-bolditalic.ufo\/glyphs\/Y_acute.glif","\/johnbaskervilletmedium-bolditalic.ufo\/glyphs\/Y_dieresis.glif":"\/johnbaskervilletmedium-bolditalic.ufo\/glyphs\/Y_dieresis.glif","\/johnbaskervilletmedium-bolditalic.ufo\/glyphs\/Z_.glif":"\/johnbaskervilletmedium-bolditalic.ufo\/glyphs\/Z_.glif","\/johnbaskervilletmedium-bolditalic.ufo\/glyphs\/Z_acute.glif":"\/johnbaskervilletmedium-bolditalic.ufo\/glyphs\/Z_acute.glif","\/johnbaskervilletmedium-bolditalic.ufo\/glyphs\/Z_caron.glif":"\/johnbaskervilletmedium-bolditalic.ufo\/glyphs\/Z_caron.glif","\/johnbaskervilletmedium-bolditalic.ufo\/glyphs\/Z_dotaccent.glif":"\/johnbaskervilletmedium-bolditalic.ufo\/glyphs\/Z_dotaccent.glif","\/johnbaskervilletmedium-bolditalic.ufo\/glyphs\/a.glif":"\/johnbaskervilletmedium-bolditalic.ufo\/glyphs\/a.glif","\/johnbaskervilletmedium-bolditalic.ufo\/glyphs\/aacute.glif":"\/johnbaskervilletmedium-bolditalic.ufo\/glyphs\/aacute.glif","\/johnbaskervilletmedium-bolditalic.ufo\/glyphs\/abreve.glif":"\/johnbaskervilletmedium-bolditalic.ufo\/glyphs\/abreve.glif","\/johnbaskervilletmedium-bolditalic.ufo\/glyphs\/acircumflex.glif":"\/johnbaskervilletmedium-bolditalic.ufo\/glyphs\/acircumflex.glif","\/johnbaskervilletmedium-bolditalic.ufo\/glyphs\/acute.glif":"\/johnbaskervilletmedium-bolditalic.ufo\/glyphs\/acute.glif","\/johnbaskervilletmedium-bolditalic.ufo\/glyphs\/adieresis.glif":"\/johnbaskervilletmedium-bolditalic.ufo\/glyphs\/adieresis.glif","\/johnbaskervilletmedium-bolditalic.ufo\/glyphs\/ae.glif":"\/johnbaskervilletmedium-bolditalic.ufo\/glyphs\/ae.glif","\/johnbaskervilletmedium-bolditalic.ufo\/glyphs\/agrave.glif":"\/johnbaskervilletmedium-bolditalic.ufo\/glyphs\/agrave.glif","\/johnbaskervilletmedium-bolditalic.ufo\/glyphs\/amacron.glif":"\/johnbaskervilletmedium-bolditalic.ufo\/glyphs\/amacron.glif","\/johnbaskervilletmedium-bolditalic.ufo\/glyphs\/ampersand.glif":"\/johnbaskervilletmedium-bolditalic.ufo\/glyphs\/ampersand.glif","\/johnbaskervilletmedium-bolditalic.ufo\/glyphs\/aogonek.glif":"\/johnbaskervilletmedium-bolditalic.ufo\/glyphs\/aogonek.glif","\/johnbaskervilletmedium-bolditalic.ufo\/glyphs\/apple.glif":"\/johnbaskervilletmedium-bolditalic.ufo\/glyphs\/apple.glif","\/johnbaskervilletmedium-bolditalic.ufo\/glyphs\/aring.glif":"\/johnbaskervilletmedium-bolditalic.ufo\/glyphs\/aring.glif","\/johnbaskervilletmedium-bolditalic.ufo\/glyphs\/asciicircum.glif":"\/johnbaskervilletmedium-bolditalic.ufo\/glyphs\/asciicircum.glif","\/johnbaskervilletmedium-bolditalic.ufo\/glyphs\/asciitilde.glif":"\/johnbaskervilletmedium-bolditalic.ufo\/glyphs\/asciitilde.glif","\/johnbaskervilletmedium-bolditalic.ufo\/glyphs\/asterisk.glif":"\/johnbaskervilletmedium-bolditalic.ufo\/glyphs\/asterisk.glif","\/johnbaskervilletmedium-bolditalic.ufo\/glyphs\/at.glif":"\/johnbaskervilletmedium-bolditalic.ufo\/glyphs\/at.glif","\/johnbaskervilletmedium-bolditalic.ufo\/glyphs\/atilde.glif":"\/johnbaskervilletmedium-bolditalic.ufo\/glyphs\/atilde.glif","\/johnbaskervilletmedium-bolditalic.ufo\/glyphs\/b.glif":"\/johnbaskervilletmedium-bolditalic.ufo\/glyphs\/b.glif","\/johnbaskervilletmedium-bolditalic.ufo\/glyphs\/backslash.glif":"\/johnbaskervilletmedium-bolditalic.ufo\/glyphs\/backslash.glif","\/johnbaskervilletmedium-bolditalic.ufo\/glyphs\/bar.glif":"\/johnbaskervilletmedium-bolditalic.ufo\/glyphs\/bar.glif","\/johnbaskervilletmedium-bolditalic.ufo\/glyphs\/braceleft.glif":"\/johnbaskervilletmedium-bolditalic.ufo\/glyphs\/braceleft.glif","\/johnbaskervilletmedium-bolditalic.ufo\/glyphs\/braceright.glif":"\/johnbaskervilletmedium-bolditalic.ufo\/glyphs\/braceright.glif","\/johnbaskervilletmedium-bolditalic.ufo\/glyphs\/bracketleft.glif":"\/johnbaskervilletmedium-bolditalic.ufo\/glyphs\/bracketleft.glif","\/johnbaskervilletmedium-bolditalic.ufo\/glyphs\/bracketright.glif":"\/johnbaskervilletmedium-bolditalic.ufo\/glyphs\/bracketright.glif","\/johnbaskervilletmedium-bolditalic.ufo\/glyphs\/breve.glif":"\/johnbaskervilletmedium-bolditalic.ufo\/glyphs\/breve.glif","\/johnbaskervilletmedium-bolditalic.ufo\/glyphs\/brokenbar.glif":"\/johnbaskervilletmedium-bolditalic.ufo\/glyphs\/brokenbar.glif","\/johnbaskervilletmedium-bolditalic.ufo\/glyphs\/bullet.glif":"\/johnbaskervilletmedium-bolditalic.ufo\/glyphs\/bullet.glif","\/johnbaskervilletmedium-bolditalic.ufo\/glyphs\/c.glif":"\/johnbaskervilletmedium-bolditalic.ufo\/glyphs\/c.glif","\/johnbaskervilletmedium-bolditalic.ufo\/glyphs\/cacute.glif":"\/johnbaskervilletmedium-bolditalic.ufo\/glyphs\/cacute.glif","\/johnbaskervilletmedium-bolditalic.ufo\/glyphs\/caron.glif":"\/johnbaskervilletmedium-bolditalic.ufo\/glyphs\/caron.glif","\/johnbaskervilletmedium-bolditalic.ufo\/glyphs\/ccaron.glif":"\/johnbaskervilletmedium-bolditalic.ufo\/glyphs\/ccaron.glif","\/johnbaskervilletmedium-bolditalic.ufo\/glyphs\/ccedilla.glif":"\/johnbaskervilletmedium-bolditalic.ufo\/glyphs\/ccedilla.glif","\/johnbaskervilletmedium-bolditalic.ufo\/glyphs\/cedilla.glif":"\/johnbaskervilletmedium-bolditalic.ufo\/glyphs\/cedilla.glif","\/johnbaskervilletmedium-bolditalic.ufo\/glyphs\/cent.glif":"\/johnbaskervilletmedium-bolditalic.ufo\/glyphs\/cent.glif","\/johnbaskervilletmedium-bolditalic.ufo\/glyphs\/circumflex.glif":"\/johnbaskervilletmedium-bolditalic.ufo\/glyphs\/circumflex.glif","\/johnbaskervilletmedium-bolditalic.ufo\/glyphs\/colon.glif":"\/johnbaskervilletmedium-bolditalic.ufo\/glyphs\/colon.glif","\/johnbaskervilletmedium-bolditalic.ufo\/glyphs\/comma.glif":"\/johnbaskervilletmedium-bolditalic.ufo\/glyphs\/comma.glif","\/johnbaskervilletmedium-bolditalic.ufo\/glyphs\/contents.plist":"\/johnbaskervilletmedium-bolditalic.ufo\/glyphs\/contents.plist","\/johnbaskervilletmedium-bolditalic.ufo\/glyphs\/copyright.glif":"\/johnbaskervilletmedium-bolditalic.ufo\/glyphs\/copyright.glif","\/johnbaskervilletmedium-bolditalic.ufo\/glyphs\/ct.glif":"\/johnbaskervilletmedium-bolditalic.ufo\/glyphs\/ct.glif","\/johnbaskervilletmedium-bolditalic.ufo\/glyphs\/d.glif":"\/johnbaskervilletmedium-bolditalic.ufo\/glyphs\/d.glif","\/johnbaskervilletmedium-bolditalic.ufo\/glyphs\/dagger.glif":"\/johnbaskervilletmedium-bolditalic.ufo\/glyphs\/dagger.glif","\/johnbaskervilletmedium-bolditalic.ufo\/glyphs\/daggerdbl.glif":"\/johnbaskervilletmedium-bolditalic.ufo\/glyphs\/daggerdbl.glif","\/johnbaskervilletmedium-bolditalic.ufo\/glyphs\/dcaron.glif":"\/johnbaskervilletmedium-bolditalic.ufo\/glyphs\/dcaron.glif","\/johnbaskervilletmedium-bolditalic.ufo\/glyphs\/degree.glif":"\/johnbaskervilletmedium-bolditalic.ufo\/glyphs\/degree.glif","\/johnbaskervilletmedium-bolditalic.ufo\/glyphs\/dieresis.glif":"\/johnbaskervilletmedium-bolditalic.ufo\/glyphs\/dieresis.glif","\/johnbaskervilletmedium-bolditalic.ufo\/glyphs\/divide.glif":"\/johnbaskervilletmedium-bolditalic.ufo\/glyphs\/divide.glif","\/johnbaskervilletmedium-bolditalic.ufo\/glyphs\/dmacron.glif":"\/johnbaskervilletmedium-bolditalic.ufo\/glyphs\/dmacron.glif","\/johnbaskervilletmedium-bolditalic.ufo\/glyphs\/dollar.glif":"\/johnbaskervilletmedium-bolditalic.ufo\/glyphs\/dollar.glif","\/johnbaskervilletmedium-bolditalic.ufo\/glyphs\/dotaccent.glif":"\/johnbaskervilletmedium-bolditalic.ufo\/glyphs\/dotaccent.glif","\/johnbaskervilletmedium-bolditalic.ufo\/glyphs\/dotlessi.glif":"\/johnbaskervilletmedium-bolditalic.ufo\/glyphs\/dotlessi.glif","\/johnbaskervilletmedium-bolditalic.ufo\/glyphs\/e.glif":"\/johnbaskervilletmedium-bolditalic.ufo\/glyphs\/e.glif","\/johnbaskervilletmedium-bolditalic.ufo\/glyphs\/eacute.glif":"\/johnbaskervilletmedium-bolditalic.ufo\/glyphs\/eacute.glif","\/johnbaskervilletmedium-bolditalic.ufo\/glyphs\/ecaron.glif":"\/johnbaskervilletmedium-bolditalic.ufo\/glyphs\/ecaron.glif","\/johnbaskervilletmedium-bolditalic.ufo\/glyphs\/ecircumflex.glif":"\/johnbaskervilletmedium-bolditalic.ufo\/glyphs\/ecircumflex.glif","\/johnbaskervilletmedium-bolditalic.ufo\/glyphs\/edieresis.glif":"\/johnbaskervilletmedium-bolditalic.ufo\/glyphs\/edieresis.glif","\/johnbaskervilletmedium-bolditalic.ufo\/glyphs\/edotaccent.glif":"\/johnbaskervilletmedium-bolditalic.ufo\/glyphs\/edotaccent.glif","\/johnbaskervilletmedium-bolditalic.ufo\/glyphs\/egrave.glif":"\/johnbaskervilletmedium-bolditalic.ufo\/glyphs\/egrave.glif","\/johnbaskervilletmedium-bolditalic.ufo\/glyphs\/eight.glif":"\/johnbaskervilletmedium-bolditalic.ufo\/glyphs\/eight.glif","\/johnbaskervilletmedium-bolditalic.ufo\/glyphs\/ellipsis.glif":"\/johnbaskervilletmedium-bolditalic.ufo\/glyphs\/ellipsis.glif","\/johnbaskervilletmedium-bolditalic.ufo\/glyphs\/emacron.glif":"\/johnbaskervilletmedium-bolditalic.ufo\/glyphs\/emacron.glif","\/johnbaskervilletmedium-bolditalic.ufo\/glyphs\/emdash.glif":"\/johnbaskervilletmedium-bolditalic.ufo\/glyphs\/emdash.glif","\/johnbaskervilletmedium-bolditalic.ufo\/glyphs\/endash.glif":"\/johnbaskervilletmedium-bolditalic.ufo\/glyphs\/endash.glif","\/johnbaskervilletmedium-bolditalic.ufo\/glyphs\/eogonek.glif":"\/johnbaskervilletmedium-bolditalic.ufo\/glyphs\/eogonek.glif","\/johnbaskervilletmedium-bolditalic.ufo\/glyphs\/equal.glif":"\/johnbaskervilletmedium-bolditalic.ufo\/glyphs\/equal.glif","\/johnbaskervilletmedium-bolditalic.ufo\/glyphs\/eth.glif":"\/johnbaskervilletmedium-bolditalic.ufo\/glyphs\/eth.glif","\/johnbaskervilletmedium-bolditalic.ufo\/glyphs\/exclam.glif":"\/johnbaskervilletmedium-bolditalic.ufo\/glyphs\/exclam.glif","\/johnbaskervilletmedium-bolditalic.ufo\/glyphs\/exclamdown.glif":"\/johnbaskervilletmedium-bolditalic.ufo\/glyphs\/exclamdown.glif","\/johnbaskervilletmedium-bolditalic.ufo\/glyphs\/f.glif":"\/johnbaskervilletmedium-bolditalic.ufo\/glyphs\/f.glif","\/johnbaskervilletmedium-bolditalic.ufo\/glyphs\/ffi.glif":"\/johnbaskervilletmedium-bolditalic.ufo\/glyphs\/ffi.glif","\/johnbaskervilletmedium-bolditalic.ufo\/glyphs\/ffl.glif":"\/johnbaskervilletmedium-bolditalic.ufo\/glyphs\/ffl.glif","\/johnbaskervilletmedium-bolditalic.ufo\/glyphs\/fi.glif":"\/johnbaskervilletmedium-bolditalic.ufo\/glyphs\/fi.glif","\/johnbaskervilletmedium-bolditalic.ufo\/glyphs\/five.glif":"\/johnbaskervilletmedium-bolditalic.ufo\/glyphs\/five.glif","\/johnbaskervilletmedium-bolditalic.ufo\/glyphs\/fl.glif":"\/johnbaskervilletmedium-bolditalic.ufo\/glyphs\/fl.glif","\/johnbaskervilletmedium-bolditalic.ufo\/glyphs\/florin.glif":"\/johnbaskervilletmedium-bolditalic.ufo\/glyphs\/florin.glif","\/johnbaskervilletmedium-bolditalic.ufo\/glyphs\/four.glif":"\/johnbaskervilletmedium-bolditalic.ufo\/glyphs\/four.glif","\/johnbaskervilletmedium-bolditalic.ufo\/glyphs\/fraction1.glif":"\/johnbaskervilletmedium-bolditalic.ufo\/glyphs\/fraction1.glif","\/johnbaskervilletmedium-bolditalic.ufo\/glyphs\/ft.glif":"\/johnbaskervilletmedium-bolditalic.ufo\/glyphs\/ft.glif","\/johnbaskervilletmedium-bolditalic.ufo\/glyphs\/g.glif":"\/johnbaskervilletmedium-bolditalic.ufo\/glyphs\/g.glif","\/johnbaskervilletmedium-bolditalic.ufo\/glyphs\/gcommaaccent.glif":"\/johnbaskervilletmedium-bolditalic.ufo\/glyphs\/gcommaaccent.glif","\/johnbaskervilletmedium-bolditalic.ufo\/glyphs\/germandbls.glif":"\/johnbaskervilletmedium-bolditalic.ufo\/glyphs\/germandbls.glif","\/johnbaskervilletmedium-bolditalic.ufo\/glyphs\/grave.glif":"\/johnbaskervilletmedium-bolditalic.ufo\/glyphs\/grave.glif","\/johnbaskervilletmedium-bolditalic.ufo\/glyphs\/greater.glif":"\/johnbaskervilletmedium-bolditalic.ufo\/glyphs\/greater.glif","\/johnbaskervilletmedium-bolditalic.ufo\/glyphs\/greaterequal.glif":"\/johnbaskervilletmedium-bolditalic.ufo\/glyphs\/greaterequal.glif","\/johnbaskervilletmedium-bolditalic.ufo\/glyphs\/guillemotleft.glif":"\/johnbaskervilletmedium-bolditalic.ufo\/glyphs\/guillemotleft.glif","\/johnbaskervilletmedium-bolditalic.ufo\/glyphs\/guillemotright.glif":"\/johnbaskervilletmedium-bolditalic.ufo\/glyphs\/guillemotright.glif","\/johnbaskervilletmedium-bolditalic.ufo\/glyphs\/guilsinglleft.glif":"\/johnbaskervilletmedium-bolditalic.ufo\/glyphs\/guilsinglleft.glif","\/johnbaskervilletmedium-bolditalic.ufo\/glyphs\/guilsinglright.glif":"\/johnbaskervilletmedium-bolditalic.ufo\/glyphs\/guilsinglright.glif","\/johnbaskervilletmedium-bolditalic.ufo\/glyphs\/h.glif":"\/johnbaskervilletmedium-bolditalic.ufo\/glyphs\/h.glif","\/johnbaskervilletmedium-bolditalic.ufo\/glyphs\/hungarumlaut.glif":"\/johnbaskervilletmedium-bolditalic.ufo\/glyphs\/hungarumlaut.glif","\/johnbaskervilletmedium-bolditalic.ufo\/glyphs\/hyphen.glif":"\/johnbaskervilletmedium-bolditalic.ufo\/glyphs\/hyphen.glif","\/johnbaskervilletmedium-bolditalic.ufo\/glyphs\/i.glif":"\/johnbaskervilletmedium-bolditalic.ufo\/glyphs\/i.glif","\/johnbaskervilletmedium-bolditalic.ufo\/glyphs\/iacute.glif":"\/johnbaskervilletmedium-bolditalic.ufo\/glyphs\/iacute.glif","\/johnbaskervilletmedium-bolditalic.ufo\/glyphs\/icircumflex.glif":"\/johnbaskervilletmedium-bolditalic.ufo\/glyphs\/icircumflex.glif","\/johnbaskervilletmedium-bolditalic.ufo\/glyphs\/idieresis.glif":"\/johnbaskervilletmedium-bolditalic.ufo\/glyphs\/idieresis.glif","\/johnbaskervilletmedium-bolditalic.ufo\/glyphs\/igrave.glif":"\/johnbaskervilletmedium-bolditalic.ufo\/glyphs\/igrave.glif","\/johnbaskervilletmedium-bolditalic.ufo\/glyphs\/imacron.glif":"\/johnbaskervilletmedium-bolditalic.ufo\/glyphs\/imacron.glif","\/johnbaskervilletmedium-bolditalic.ufo\/glyphs\/increment.glif":"\/johnbaskervilletmedium-bolditalic.ufo\/glyphs\/increment.glif","\/johnbaskervilletmedium-bolditalic.ufo\/glyphs\/infinity.glif":"\/johnbaskervilletmedium-bolditalic.ufo\/glyphs\/infinity.glif","\/johnbaskervilletmedium-bolditalic.ufo\/glyphs\/iogonek.glif":"\/johnbaskervilletmedium-bolditalic.ufo\/glyphs\/iogonek.glif","\/johnbaskervilletmedium-bolditalic.ufo\/glyphs\/j.glif":"\/johnbaskervilletmedium-bolditalic.ufo\/glyphs\/j.glif","\/johnbaskervilletmedium-bolditalic.ufo\/glyphs\/k.glif":"\/johnbaskervilletmedium-bolditalic.ufo\/glyphs\/k.glif","\/johnbaskervilletmedium-bolditalic.ufo\/glyphs\/kcommaaccent.glif":"\/johnbaskervilletmedium-bolditalic.ufo\/glyphs\/kcommaaccent.glif","\/johnbaskervilletmedium-bolditalic.ufo\/glyphs\/l.glif":"\/johnbaskervilletmedium-bolditalic.ufo\/glyphs\/l.glif","\/johnbaskervilletmedium-bolditalic.ufo\/glyphs\/lacute.glif":"\/johnbaskervilletmedium-bolditalic.ufo\/glyphs\/lacute.glif","\/johnbaskervilletmedium-bolditalic.ufo\/glyphs\/lcaron.glif":"\/johnbaskervilletmedium-bolditalic.ufo\/glyphs\/lcaron.glif","\/johnbaskervilletmedium-bolditalic.ufo\/glyphs\/lcommaaccent.glif":"\/johnbaskervilletmedium-bolditalic.ufo\/glyphs\/lcommaaccent.glif","\/johnbaskervilletmedium-bolditalic.ufo\/glyphs\/less.glif":"\/johnbaskervilletmedium-bolditalic.ufo\/glyphs\/less.glif","\/johnbaskervilletmedium-bolditalic.ufo\/glyphs\/lessequal.glif":"\/johnbaskervilletmedium-bolditalic.ufo\/glyphs\/lessequal.glif","\/johnbaskervilletmedium-bolditalic.ufo\/glyphs\/logicalnot.glif":"\/johnbaskervilletmedium-bolditalic.ufo\/glyphs\/logicalnot.glif","\/johnbaskervilletmedium-bolditalic.ufo\/glyphs\/longs.glif":"\/johnbaskervilletmedium-bolditalic.ufo\/glyphs\/longs.glif","\/johnbaskervilletmedium-bolditalic.ufo\/glyphs\/longst.glif":"\/johnbaskervilletmedium-bolditalic.ufo\/glyphs\/longst.glif","\/johnbaskervilletmedium-bolditalic.ufo\/glyphs\/lozenge.glif":"\/johnbaskervilletmedium-bolditalic.ufo\/glyphs\/lozenge.glif","\/johnbaskervilletmedium-bolditalic.ufo\/glyphs\/lslash.glif":"\/johnbaskervilletmedium-bolditalic.ufo\/glyphs\/lslash.glif","\/johnbaskervilletmedium-bolditalic.ufo\/glyphs\/m.glif":"\/johnbaskervilletmedium-bolditalic.ufo\/glyphs\/m.glif","\/johnbaskervilletmedium-bolditalic.ufo\/glyphs\/macron.glif":"\/johnbaskervilletmedium-bolditalic.ufo\/glyphs\/macron.glif","\/johnbaskervilletmedium-bolditalic.ufo\/glyphs\/minus.glif":"\/johnbaskervilletmedium-bolditalic.ufo\/glyphs\/minus.glif","\/johnbaskervilletmedium-bolditalic.ufo\/glyphs\/mu.glif":"\/johnbaskervilletmedium-bolditalic.ufo\/glyphs\/mu.glif","\/johnbaskervilletmedium-bolditalic.ufo\/glyphs\/multiply.glif":"\/johnbaskervilletmedium-bolditalic.ufo\/glyphs\/multiply.glif","\/johnbaskervilletmedium-bolditalic.ufo\/glyphs\/n.glif":"\/johnbaskervilletmedium-bolditalic.ufo\/glyphs\/n.glif","\/johnbaskervilletmedium-bolditalic.ufo\/glyphs\/nacute.glif":"\/johnbaskervilletmedium-bolditalic.ufo\/glyphs\/nacute.glif","\/johnbaskervilletmedium-bolditalic.ufo\/glyphs\/nbspace.glif":"\/johnbaskervilletmedium-bolditalic.ufo\/glyphs\/nbspace.glif","\/johnbaskervilletmedium-bolditalic.ufo\/glyphs\/ncaron.glif":"\/johnbaskervilletmedium-bolditalic.ufo\/glyphs\/ncaron.glif","\/johnbaskervilletmedium-bolditalic.ufo\/glyphs\/ncommaaccent.glif":"\/johnbaskervilletmedium-bolditalic.ufo\/glyphs\/ncommaaccent.glif","\/johnbaskervilletmedium-bolditalic.ufo\/glyphs\/nine.glif":"\/johnbaskervilletmedium-bolditalic.ufo\/glyphs\/nine.glif","\/johnbaskervilletmedium-bolditalic.ufo\/glyphs\/notequal.glif":"\/johnbaskervilletmedium-bolditalic.ufo\/glyphs\/notequal.glif","\/johnbaskervilletmedium-bolditalic.ufo\/glyphs\/ntilde.glif":"\/johnbaskervilletmedium-bolditalic.ufo\/glyphs\/ntilde.glif","\/johnbaskervilletmedium-bolditalic.ufo\/glyphs\/numbersign.glif":"\/johnbaskervilletmedium-bolditalic.ufo\/glyphs\/numbersign.glif","\/johnbaskervilletmedium-bolditalic.ufo\/glyphs\/o.glif":"\/johnbaskervilletmedium-bolditalic.ufo\/glyphs\/o.glif","\/johnbaskervilletmedium-bolditalic.ufo\/glyphs\/oacute.glif":"\/johnbaskervilletmedium-bolditalic.ufo\/glyphs\/oacute.glif","\/johnbaskervilletmedium-bolditalic.ufo\/glyphs\/ocircumflex.glif":"\/johnbaskervilletmedium-bolditalic.ufo\/glyphs\/ocircumflex.glif","\/johnbaskervilletmedium-bolditalic.ufo\/glyphs\/odieresis.glif":"\/johnbaskervilletmedium-bolditalic.ufo\/glyphs\/odieresis.glif","\/johnbaskervilletmedium-bolditalic.ufo\/glyphs\/oe.glif":"\/johnbaskervilletmedium-bolditalic.ufo\/glyphs\/oe.glif","\/johnbaskervilletmedium-bolditalic.ufo\/glyphs\/ogonek.glif":"\/johnbaskervilletmedium-bolditalic.ufo\/glyphs\/ogonek.glif","\/johnbaskervilletmedium-bolditalic.ufo\/glyphs\/ograve.glif":"\/johnbaskervilletmedium-bolditalic.ufo\/glyphs\/ograve.glif","\/johnbaskervilletmedium-bolditalic.ufo\/glyphs\/ohungarumlaut.glif":"\/johnbaskervilletmedium-bolditalic.ufo\/glyphs\/ohungarumlaut.glif","\/johnbaskervilletmedium-bolditalic.ufo\/glyphs\/omacron.glif":"\/johnbaskervilletmedium-bolditalic.ufo\/glyphs\/omacron.glif","\/johnbaskervilletmedium-bolditalic.ufo\/glyphs\/one.glif":"\/johnbaskervilletmedium-bolditalic.ufo\/glyphs\/one.glif","\/johnbaskervilletmedium-bolditalic.ufo\/glyphs\/onehalf.glif":"\/johnbaskervilletmedium-bolditalic.ufo\/glyphs\/onehalf.glif","\/johnbaskervilletmedium-bolditalic.ufo\/glyphs\/onequarters.glif":"\/johnbaskervilletmedium-bolditalic.ufo\/glyphs\/onequarters.glif","\/johnbaskervilletmedium-bolditalic.ufo\/glyphs\/onesuperior.glif":"\/johnbaskervilletmedium-bolditalic.ufo\/glyphs\/onesuperior.glif","\/johnbaskervilletmedium-bolditalic.ufo\/glyphs\/ordfeminine.glif":"\/johnbaskervilletmedium-bolditalic.ufo\/glyphs\/ordfeminine.glif","\/johnbaskervilletmedium-bolditalic.ufo\/glyphs\/ordmasculine.glif":"\/johnbaskervilletmedium-bolditalic.ufo\/glyphs\/ordmasculine.glif","\/johnbaskervilletmedium-bolditalic.ufo\/glyphs\/oslash.glif":"\/johnbaskervilletmedium-bolditalic.ufo\/glyphs\/oslash.glif","\/johnbaskervilletmedium-bolditalic.ufo\/glyphs\/otilde.glif":"\/johnbaskervilletmedium-bolditalic.ufo\/glyphs\/otilde.glif","\/johnbaskervilletmedium-bolditalic.ufo\/glyphs\/p.glif":"\/johnbaskervilletmedium-bolditalic.ufo\/glyphs\/p.glif","\/johnbaskervilletmedium-bolditalic.ufo\/glyphs\/paragraph.glif":"\/johnbaskervilletmedium-bolditalic.ufo\/glyphs\/paragraph.glif","\/johnbaskervilletmedium-bolditalic.ufo\/glyphs\/parenleft.glif":"\/johnbaskervilletmedium-bolditalic.ufo\/glyphs\/parenleft.glif","\/johnbaskervilletmedium-bolditalic.ufo\/glyphs\/parenright.glif":"\/johnbaskervilletmedium-bolditalic.ufo\/glyphs\/parenright.glif","\/johnbaskervilletmedium-bolditalic.ufo\/glyphs\/partialdiff.glif":"\/johnbaskervilletmedium-bolditalic.ufo\/glyphs\/partialdiff.glif","\/johnbaskervilletmedium-bolditalic.ufo\/glyphs\/percent.glif":"\/johnbaskervilletmedium-bolditalic.ufo\/glyphs\/percent.glif","\/johnbaskervilletmedium-bolditalic.ufo\/glyphs\/period.glif":"\/johnbaskervilletmedium-bolditalic.ufo\/glyphs\/period.glif","\/johnbaskervilletmedium-bolditalic.ufo\/glyphs\/periodcentered.glif":"\/johnbaskervilletmedium-bolditalic.ufo\/glyphs\/periodcentered.glif","\/johnbaskervilletmedium-bolditalic.ufo\/glyphs\/perthousand.glif":"\/johnbaskervilletmedium-bolditalic.ufo\/glyphs\/perthousand.glif","\/johnbaskervilletmedium-bolditalic.ufo\/glyphs\/plus.glif":"\/johnbaskervilletmedium-bolditalic.ufo\/glyphs\/plus.glif","\/johnbaskervilletmedium-bolditalic.ufo\/glyphs\/plusminus.glif":"\/johnbaskervilletmedium-bolditalic.ufo\/glyphs\/plusminus.glif","\/johnbaskervilletmedium-bolditalic.ufo\/glyphs\/q.glif":"\/johnbaskervilletmedium-bolditalic.ufo\/glyphs\/q.glif","\/johnbaskervilletmedium-bolditalic.ufo\/glyphs\/question.glif":"\/johnbaskervilletmedium-bolditalic.ufo\/glyphs\/question.glif","\/johnbaskervilletmedium-bolditalic.ufo\/glyphs\/questiondown.glif":"\/johnbaskervilletmedium-bolditalic.ufo\/glyphs\/questiondown.glif","\/johnbaskervilletmedium-bolditalic.ufo\/glyphs\/quotedbl.glif":"\/johnbaskervilletmedium-bolditalic.ufo\/glyphs\/quotedbl.glif","\/johnbaskervilletmedium-bolditalic.ufo\/glyphs\/quotedblbase.glif":"\/johnbaskervilletmedium-bolditalic.ufo\/glyphs\/quotedblbase.glif","\/johnbaskervilletmedium-bolditalic.ufo\/glyphs\/quotedblleft.glif":"\/johnbaskervilletmedium-bolditalic.ufo\/glyphs\/quotedblleft.glif","\/johnbaskervilletmedium-bolditalic.ufo\/glyphs\/quotedblright.glif":"\/johnbaskervilletmedium-bolditalic.ufo\/glyphs\/quotedblright.glif","\/johnbaskervilletmedium-bolditalic.ufo\/glyphs\/quoteleft.glif":"\/johnbaskervilletmedium-bolditalic.ufo\/glyphs\/quoteleft.glif","\/johnbaskervilletmedium-bolditalic.ufo\/glyphs\/quoteright.glif":"\/johnbaskervilletmedium-bolditalic.ufo\/glyphs\/quoteright.glif","\/johnbaskervilletmedium-bolditalic.ufo\/glyphs\/quotesinglbase.glif":"\/johnbaskervilletmedium-bolditalic.ufo\/glyphs\/quotesinglbase.glif","\/johnbaskervilletmedium-bolditalic.ufo\/glyphs\/quotesingle.glif":"\/johnbaskervilletmedium-bolditalic.ufo\/glyphs\/quotesingle.glif","\/johnbaskervilletmedium-bolditalic.ufo\/glyphs\/r.glif":"\/johnbaskervilletmedium-bolditalic.ufo\/glyphs\/r.glif","\/johnbaskervilletmedium-bolditalic.ufo\/glyphs\/racute.glif":"\/johnbaskervilletmedium-bolditalic.ufo\/glyphs\/racute.glif","\/johnbaskervilletmedium-bolditalic.ufo\/glyphs\/rcaron.glif":"\/johnbaskervilletmedium-bolditalic.ufo\/glyphs\/rcaron.glif","\/johnbaskervilletmedium-bolditalic.ufo\/glyphs\/rcommaaccent.glif":"\/johnbaskervilletmedium-bolditalic.ufo\/glyphs\/rcommaaccent.glif","\/johnbaskervilletmedium-bolditalic.ufo\/glyphs\/registered.glif":"\/johnbaskervilletmedium-bolditalic.ufo\/glyphs\/registered.glif","\/johnbaskervilletmedium-bolditalic.ufo\/glyphs\/ring.glif":"\/johnbaskervilletmedium-bolditalic.ufo\/glyphs\/ring.glif","\/johnbaskervilletmedium-bolditalic.ufo\/glyphs\/s.glif":"\/johnbaskervilletmedium-bolditalic.ufo\/glyphs\/s.glif","\/johnbaskervilletmedium-bolditalic.ufo\/glyphs\/sacute.glif":"\/johnbaskervilletmedium-bolditalic.ufo\/glyphs\/sacute.glif","\/johnbaskervilletmedium-bolditalic.ufo\/glyphs\/scaron.glif":"\/johnbaskervilletmedium-bolditalic.ufo\/glyphs\/scaron.glif","\/johnbaskervilletmedium-bolditalic.ufo\/glyphs\/scommaaccent.glif":"\/johnbaskervilletmedium-bolditalic.ufo\/glyphs\/scommaaccent.glif","\/johnbaskervilletmedium-bolditalic.ufo\/glyphs\/section.glif":"\/johnbaskervilletmedium-bolditalic.ufo\/glyphs\/section.glif","\/johnbaskervilletmedium-bolditalic.ufo\/glyphs\/semicolon.glif":"\/johnbaskervilletmedium-bolditalic.ufo\/glyphs\/semicolon.glif","\/johnbaskervilletmedium-bolditalic.ufo\/glyphs\/seven.glif":"\/johnbaskervilletmedium-bolditalic.ufo\/glyphs\/seven.glif","\/johnbaskervilletmedium-bolditalic.ufo\/glyphs\/six.glif":"\/johnbaskervilletmedium-bolditalic.ufo\/glyphs\/six.glif","\/johnbaskervilletmedium-bolditalic.ufo\/glyphs\/slash.glif":"\/johnbaskervilletmedium-bolditalic.ufo\/glyphs\/slash.glif","\/johnbaskervilletmedium-bolditalic.ufo\/glyphs\/space.glif":"\/johnbaskervilletmedium-bolditalic.ufo\/glyphs\/space.glif","\/johnbaskervilletmedium-bolditalic.ufo\/glyphs\/st.glif":"\/johnbaskervilletmedium-bolditalic.ufo\/glyphs\/st.glif","\/johnbaskervilletmedium-bolditalic.ufo\/glyphs\/sterling.glif":"\/johnbaskervilletmedium-bolditalic.ufo\/glyphs\/sterling.glif","\/johnbaskervilletmedium-bolditalic.ufo\/glyphs\/summation.glif":"\/johnbaskervilletmedium-bolditalic.ufo\/glyphs\/summation.glif","\/johnbaskervilletmedium-bolditalic.ufo\/glyphs\/t.glif":"\/johnbaskervilletmedium-bolditalic.ufo\/glyphs\/t.glif","\/johnbaskervilletmedium-bolditalic.ufo\/glyphs\/tcaron.glif":"\/johnbaskervilletmedium-bolditalic.ufo\/glyphs\/tcaron.glif","\/johnbaskervilletmedium-bolditalic.ufo\/glyphs\/tcommaaccent.glif":"\/johnbaskervilletmedium-bolditalic.ufo\/glyphs\/tcommaaccent.glif","\/johnbaskervilletmedium-bolditalic.ufo\/glyphs\/thorn.glif":"\/johnbaskervilletmedium-bolditalic.ufo\/glyphs\/thorn.glif","\/johnbaskervilletmedium-bolditalic.ufo\/glyphs\/three.glif":"\/johnbaskervilletmedium-bolditalic.ufo\/glyphs\/three.glif","\/johnbaskervilletmedium-bolditalic.ufo\/glyphs\/threequarters.glif":"\/johnbaskervilletmedium-bolditalic.ufo\/glyphs\/threequarters.glif","\/johnbaskervilletmedium-bolditalic.ufo\/glyphs\/threesuperior.glif":"\/johnbaskervilletmedium-bolditalic.ufo\/glyphs\/threesuperior.glif","\/johnbaskervilletmedium-bolditalic.ufo\/glyphs\/tilde.glif":"\/johnbaskervilletmedium-bolditalic.ufo\/glyphs\/tilde.glif","\/johnbaskervilletmedium-bolditalic.ufo\/glyphs\/trademark.glif":"\/johnbaskervilletmedium-bolditalic.ufo\/glyphs\/trademark.glif","\/johnbaskervilletmedium-bolditalic.ufo\/glyphs\/two.glif":"\/johnbaskervilletmedium-bolditalic.ufo\/glyphs\/two.glif","\/johnbaskervilletmedium-bolditalic.ufo\/glyphs\/twosuperior.glif":"\/johnbaskervilletmedium-bolditalic.ufo\/glyphs\/twosuperior.glif","\/johnbaskervilletmedium-bolditalic.ufo\/glyphs\/u.glif":"\/johnbaskervilletmedium-bolditalic.ufo\/glyphs\/u.glif","\/johnbaskervilletmedium-bolditalic.ufo\/glyphs\/uacute.glif":"\/johnbaskervilletmedium-bolditalic.ufo\/glyphs\/uacute.glif","\/johnbaskervilletmedium-bolditalic.ufo\/glyphs\/ucircumflex.glif":"\/johnbaskervilletmedium-bolditalic.ufo\/glyphs\/ucircumflex.glif","\/johnbaskervilletmedium-bolditalic.ufo\/glyphs\/udieresis.glif":"\/johnbaskervilletmedium-bolditalic.ufo\/glyphs\/udieresis.glif","\/johnbaskervilletmedium-bolditalic.ufo\/glyphs\/ugrave.glif":"\/johnbaskervilletmedium-bolditalic.ufo\/glyphs\/ugrave.glif","\/johnbaskervilletmedium-bolditalic.ufo\/glyphs\/uhungarumlaut.glif":"\/johnbaskervilletmedium-bolditalic.ufo\/glyphs\/uhungarumlaut.glif","\/johnbaskervilletmedium-bolditalic.ufo\/glyphs\/umacron.glif":"\/johnbaskervilletmedium-bolditalic.ufo\/glyphs\/umacron.glif","\/johnbaskervilletmedium-bolditalic.ufo\/glyphs\/underscore.glif":"\/johnbaskervilletmedium-bolditalic.ufo\/glyphs\/underscore.glif","\/johnbaskervilletmedium-bolditalic.ufo\/glyphs\/uogonek.glif":"\/johnbaskervilletmedium-bolditalic.ufo\/glyphs\/uogonek.glif","\/johnbaskervilletmedium-bolditalic.ufo\/glyphs\/uring.glif":"\/johnbaskervilletmedium-bolditalic.ufo\/glyphs\/uring.glif","\/johnbaskervilletmedium-bolditalic.ufo\/glyphs\/v.glif":"\/johnbaskervilletmedium-bolditalic.ufo\/glyphs\/v.glif","\/johnbaskervilletmedium-bolditalic.ufo\/glyphs\/w.glif":"\/johnbaskervilletmedium-bolditalic.ufo\/glyphs\/w.glif","\/johnbaskervilletmedium-bolditalic.ufo\/glyphs\/x.glif":"\/johnbaskervilletmedium-bolditalic.ufo\/glyphs\/x.glif","\/johnbaskervilletmedium-bolditalic.ufo\/glyphs\/y.glif":"\/johnbaskervilletmedium-bolditalic.ufo\/glyphs\/y.glif","\/johnbaskervilletmedium-bolditalic.ufo\/glyphs\/yacute.glif":"\/johnbaskervilletmedium-bolditalic.ufo\/glyphs\/yacute.glif","\/johnbaskervilletmedium-bolditalic.ufo\/glyphs\/ydieresis.glif":"\/johnbaskervilletmedium-bolditalic.ufo\/glyphs\/ydieresis.glif","\/johnbaskervilletmedium-bolditalic.ufo\/glyphs\/yen.glif":"\/johnbaskervilletmedium-bolditalic.ufo\/glyphs\/yen.glif","\/johnbaskervilletmedium-bolditalic.ufo\/glyphs\/z.glif":"\/johnbaskervilletmedium-bolditalic.ufo\/glyphs\/z.glif","\/johnbaskervilletmedium-bolditalic.ufo\/glyphs\/zacute.glif":"\/johnbaskervilletmedium-bolditalic.ufo\/glyphs\/zacute.glif","\/johnbaskervilletmedium-bolditalic.ufo\/glyphs\/zcaron.glif":"\/johnbaskervilletmedium-bolditalic.ufo\/glyphs\/zcaron.glif","\/johnbaskervilletmedium-bolditalic.ufo\/glyphs\/zdotaccent.glif":"\/johnbaskervilletmedium-bolditalic.ufo\/glyphs\/zdotaccent.glif","\/johnbaskervilletmedium-bolditalic.ufo\/glyphs\/zero.glif":"\/johnbaskervilletmedium-bolditalic.ufo\/glyphs\/zero.glif"},"Font":{"uploaded":1471078055.8645,"licence":"gpl3","company":"Chronolabs Cooperative","title":"John Baskerville TMedium Bold Italic","version":3.002,"date":"Fri Aug 12 06:55:27 2016","creator":"root","type":"1","matrix":"0.001 0 0 0.001 0 0","named":"JohnBaskervilleTMedium-BoldItalic","painttype":"0","info":"9 dict dup","name":"John Baskerville T Medium Bold Italic","family":"John Baskerville T Medium","weight":"Bold","italicangle":"-12","underlineposition":"","underlinethickness":""},"Licences":{"":false},"Table":{"FFTM":{"entryLength":16,"tag":"FFTM","checksum":1944345102,"offset":62036,"length":28},"GDEF":{"entryLength":16,"tag":"GDEF","checksum":24117254,"offset":62004,"length":32},"OS\/2":{"entryLength":16,"tag":"OS\/2","checksum":2025405222,"offset":344,"length":86},"cmap":{"entryLength":16,"tag":"cmap","checksum":331036939,"offset":1724,"length":1282},"gasp":{"entryLength":16,"tag":"gasp","checksum":4294901763,"offset":61996,"length":8},"glyf":{"entryLength":16,"tag":"glyf","checksum":2413396733,"offset":3656,"length":55980},"head":{"entryLength":16,"tag":"head","checksum":167369448,"offset":220,"length":54},"hhea":{"entryLength":16,"tag":"hhea","checksum":123143010,"offset":276,"length":36},"hmtx":{"entryLength":16,"tag":"hmtx","checksum":3089500611,"offset":432,"length":1292},"loca":{"entryLength":16,"tag":"loca","checksum":2516176226,"offset":3008,"length":648},"maxp":{"entryLength":16,"tag":"maxp","checksum":26083494,"offset":312,"length":32},"name":{"entryLength":16,"tag":"name","checksum":2088610029,"offset":59636,"length":975},"post":{"entryLength":16,"tag":"post","checksum":1842268467,"offset":60612,"length":1384}},"UnicodeCharMap":{"32":3,"33":4,"34":5,"35":6,"36":7,"37":8,"38":9,"39":10,"40":11,"41":12,"42":13,"43":14,"44":15,"45":16,"46":17,"47":18,"48":19,"49":20,"50":21,"51":22,"52":23,"53":24,"54":25,"55":26,"56":27,"57":28,"58":29,"59":30,"60":31,"61":32,"62":33,"63":34,"64":35,"65":36,"66":37,"67":38,"68":39,"69":40,"70":41,"71":42,"72":43,"73":44,"74":45,"75":46,"76":47,"77":48,"78":49,"79":50,"80":51,"81":52,"82":53,"83":54,"84":55,"85":56,"86":57,"87":58,"88":59,"89":60,"90":61,"91":62,"92":63,"93":64,"94":65,"95":66,"96":67,"97":68,"98":69,"99":70,"100":71,"101":72,"102":73,"103":74,"104":75,"105":76,"106":77,"107":78,"108":79,"109":80,"110":81,"111":82,"112":83,"113":84,"114":85,"115":86,"116":87,"117":88,"118":89,"119":90,"120":91,"121":92,"122":93,"123":94,"124":95,"125":96,"126":97,"160":125,"161":126,"162":127,"163":128,"165":129,"166":130,"167":131,"168":132,"169":133,"170":134,"171":135,"172":136,"174":137,"175":138,"176":139,"177":140,"178":141,"179":142,"180":143,"182":145,"183":146,"184":147,"185":148,"186":149,"187":150,"189":151,"190":152,"191":153,"192":154,"193":155,"194":156,"195":157,"196":158,"197":159,"198":160,"199":161,"200":162,"201":163,"202":164,"203":165,"204":166,"205":167,"206":168,"207":169,"208":170,"209":171,"210":172,"211":173,"212":174,"213":175,"214":176,"215":177,"216":178,"217":179,"218":180,"219":181,"220":182,"221":183,"222":184,"223":185,"224":186,"225":187,"226":188,"227":189,"228":190,"229":191,"230":192,"231":193,"232":194,"233":195,"234":196,"235":197,"236":198,"237":199,"238":200,"239":201,"240":202,"241":203,"242":204,"243":205,"244":206,"245":207,"246":208,"247":209,"248":210,"249":211,"250":212,"251":213,"252":214,"253":215,"254":216,"255":217,"256":265,"257":266,"258":318,"259":319,"260":268,"261":267,"262":274,"263":275,"268":224,"269":225,"270":226,"271":227,"272":315,"273":320,"274":269,"275":271,"278":270,"279":272,"280":278,"281":273,"282":228,"283":229,"290":309,"291":279,"298":282,"299":283,"302":280,"303":281,"305":258,"310":284,"311":306,"313":243,"314":287,"315":285,"316":286,"317":241,"318":242,"321":218,"322":219,"323":289,"324":291,"325":288,"326":290,"327":245,"328":247,"332":293,"333":295,"336":292,"337":294,"338":109,"339":122,"340":249,"341":250,"342":296,"343":297,"344":251,"345":252,"346":298,"347":299,"352":107,"353":120,"354":322,"355":321,"356":254,"357":255,"362":300,"363":301,"366":256,"367":257,"368":304,"369":302,"370":305,"371":303,"376":124,"377":276,"378":277,"379":307,"380":308,"381":110,"382":123,"383":236,"402":100,"536":316,"537":317,"710":105,"711":264,"728":259,"729":260,"730":261,"731":263,"732":118,"733":262,"916":246,"956":144,"8211":116,"8212":117,"8216":111,"8217":112,"8218":99,"8220":113,"8221":114,"8222":101,"8224":103,"8225":104,"8226":115,"8230":102,"8240":106,"8249":108,"8250":121,"8364":98,"8482":119,"8486":222,"8706":223,"8710":314,"8721":237,"8722":221,"8725":313,"8734":232,"8800":231,"8804":233,"8805":234,"9674":248,"64257":230,"64258":253,"64259":310,"64260":311,"64262":240},"Reserves":{"fontname":"John Baskerville T Medium Bold Italic"},"Names":{"John Baskerville T Medium Bold Italic":{"name":"John Baskerville T Medium Bold Italic","longitude":"0.00000001","latitude":"0.00000001","country":"","region":"","city":""}},"Nodes":{"jo":{"type":"typal","node":"jo","usage":1,"weight":1},"hn":{"type":"typal","node":"hn","usage":1,"weight":1},"ba":{"type":"typal","node":"ba","usage":1,"weight":1},"le":{"type":"typal","node":"le","usage":1,"weight":1},"me":{"type":"typal","node":"me","usage":1,"weight":1},"um":{"type":"typal","node":"um","usage":1,"weight":1},"bo":{"type":"typal","node":"bo","usage":1,"weight":1},"ld":{"type":"typal","node":"ld","usage":1,"weight":1},"it":{"type":"typal","node":"it","usage":1,"weight":1},"ic":{"type":"typal","node":"ic","usage":1,"weight":1},"joh":{"type":"typal","node":"joh","usage":1,"weight":1},"ohn":{"type":"typal","node":"ohn","usage":1,"weight":1},"bas":{"type":"typal","node":"bas","usage":1,"weight":1},"lle":{"type":"typal","node":"lle","usage":1,"weight":1},"med":{"type":"typal","node":"med","usage":1,"weight":1},"ium":{"type":"typal","node":"ium","usage":1,"weight":1},"bol":{"type":"typal","node":"bol","usage":1,"weight":1},"old":{"type":"typal","node":"old","usage":1,"weight":1},"ita":{"type":"typal","node":"ita","usage":1,"weight":1},"lic":{"type":"typal","node":"lic","usage":1,"weight":1},"bask":{"type":"keys","node":"bask","usage":1,"weight":1},"ille":{"type":"keys","node":"ille","usage":1,"weight":1},"medi":{"type":"keys","node":"medi","usage":1,"weight":1},"dium":{"type":"keys","node":"dium","usage":1,"weight":1},"ital":{"type":"keys","node":"ital","usage":1,"weight":1},"alic":{"type":"keys","node":"alic","usage":1,"weight":1},"baske":{"type":"keys","node":"baske","usage":1,"weight":1},"ville":{"type":"keys","node":"ville","usage":1,"weight":1},"mediu":{"type":"keys","node":"mediu","usage":1,"weight":1},"edium":{"type":"keys","node":"edium","usage":1,"weight":1},"itali":{"type":"keys","node":"itali","usage":1,"weight":1},"talic":{"type":"keys","node":"talic","usage":1,"weight":1},"john":{"type":"fixes","node":"john","usage":1,"weight":1},"baskerville":{"type":"fixes","node":"baskerville","usage":1,"weight":1},"t":{"type":"fixes","node":"t","usage":1,"weight":1},"medium":{"type":"fixes","node":"medium","usage":1,"weight":1},"bold":{"type":"fixes","node":"bold","usage":1,"weight":1},"italic":{"type":"fixes","node":"italic","usage":1,"weight":1}},"Contributors":[],"FontIdentity":"aphgovau:cee191e50b7b5ad08227adb","Bytes":null,"Networking":[],"barcode":"scsi2msu4ggms","referee":"3socoaug"}