{"CSS":{"Bretista-ExtraexpandedRegular":"Bretista-ExtraexpandedRegular.css"},"FontType":"TrueType","FontCopyright":"Copyright (c) 2009 by Summitsoft Corporation. All rights reserved. Find more fonts at www.summitsoftcorp.com or www.macwareinc.com.","FontName":"Bretista Wide","FontSubfamily":"Regular","FontSubfamilyID":"SummitsoftCorporation: Bretista Extra-expanded Regular: 2009","FontFullName":"Bretista-ExtraexpandedRegular","FontVersion":"Version 1.000","FontWeight":null,"FontPostscriptName":"Bretista-ExtraexpandedRegular","Files":{"DaxWide-BoldExpert.css":"DaxWide-BoldExpert.css","Font Preview for .gif":"Font Preview for .gif","Font Preview for .jpg":"Font Preview for .jpg","Font Preview for .png":"Font Preview for .png","daxwide-boldexpert.afm":"daxwide-boldexpert.afm","daxwide-boldexpert.bin":"daxwide-boldexpert.bin","daxwide-boldexpert.cef":"daxwide-boldexpert.cef","daxwide-boldexpert.cff":"daxwide-boldexpert.cff","daxwide-boldexpert.dfont":"daxwide-boldexpert.dfont","daxwide-boldexpert.eot":"daxwide-boldexpert.eot","daxwide-boldexpert.fon":"daxwide-boldexpert.fon","daxwide-boldexpert.gai":"daxwide-boldexpert.gai","daxwide-boldexpert.gsf":"daxwide-boldexpert.gsf","daxwide-boldexpert.hqx":"daxwide-boldexpert.hqx","daxwide-boldexpert.ik":"daxwide-boldexpert.ik","daxwide-boldexpert.mf":"daxwide-boldexpert.mf","daxwide-boldexpert.otf":"daxwide-boldexpert.otf","daxwide-boldexpert.pcf":"daxwide-boldexpert.pcf","daxwide-boldexpert.pf3":"daxwide-boldexpert.pf3","daxwide-boldexpert.pfa":"daxwide-boldexpert.pfa","daxwide-boldexpert.pfb":"daxwide-boldexpert.pfb","daxwide-boldexpert.pmf":"daxwide-boldexpert.pmf","daxwide-boldexpert.pt3":"daxwide-boldexpert.pt3","daxwide-boldexpert.sfd":"daxwide-boldexpert.sfd","daxwide-boldexpert.svg":"daxwide-boldexpert.svg","daxwide-boldexpert.t42":"daxwide-boldexpert.t42","daxwide-boldexpert.ttd":"daxwide-boldexpert.ttd","daxwide-boldexpert.ttf":"daxwide-boldexpert.ttf","daxwide-boldexpert.ttg":"daxwide-boldexpert.ttg","daxwide-boldexpert.woff":"daxwide-boldexpert.woff","daxwideboldexpert.afm":"daxwideboldexpert.afm","daxwideboldexpert.cef":"daxwideboldexpert.cef","daxwideboldexpert.cff":"daxwideboldexpert.cff","daxwideboldexpert.eot":"daxwideboldexpert.eot","daxwideboldexpert.gai":"daxwideboldexpert.gai","daxwideboldexpert.gsf":"daxwideboldexpert.gsf","daxwideboldexpert.otf":"daxwideboldexpert.otf","daxwideboldexpert.pf3":"daxwideboldexpert.pf3","daxwideboldexpert.pfa":"daxwideboldexpert.pfa","daxwideboldexpert.pfb":"daxwideboldexpert.pfb","daxwideboldexpert.pt3":"daxwideboldexpert.pt3","daxwideboldexpert.sfd":"daxwideboldexpert.sfd","daxwideboldexpert.svg":"daxwideboldexpert.svg","daxwideboldexpert.t42":"daxwideboldexpert.t42","daxwideboldexpert.ttd":"daxwideboldexpert.ttd","daxwideboldexpert.ttf":"daxwideboldexpert.ttf","daxwideboldexpert.ttg":"daxwideboldexpert.ttg","daxwideboldexpert.woff":"daxwideboldexpert.woff","font-name-banner.gif":"font-name-banner.gif","font-name-banner.jpg":"font-name-banner.jpg","font-name-banner.png":"font-name-banner.png","font-resource.json":"font-resource.json"},"Table":{"FFTM":{"entryLength":16,"tag":"FFTM","checksum":1500089498,"offset":59204,"length":28},"GDEF":{"entryLength":16,"tag":"GDEF","checksum":17432582,"offset":59172,"length":32},"OS\/2":{"entryLength":16,"tag":"OS\/2","checksum":1442317428,"offset":344,"length":96},"cmap":{"entryLength":16,"tag":"cmap","checksum":2102473454,"offset":1324,"length":410},"gasp":{"entryLength":16,"tag":"gasp","checksum":4294901763,"offset":59164,"length":8},"glyf":{"entryLength":16,"tag":"glyf","checksum":3735162530,"offset":2180,"length":44796},"head":{"entryLength":16,"tag":"head","checksum":184510783,"offset":220,"length":54},"hhea":{"entryLength":16,"tag":"hhea","checksum":139658651,"offset":276,"length":36},"hmtx":{"entryLength":16,"tag":"hmtx","checksum":2186541100,"offset":440,"length":884},"loca":{"entryLength":16,"tag":"loca","checksum":3074810668,"offset":1736,"length":444},"maxp":{"entryLength":16,"tag":"maxp","checksum":19333332,"offset":312,"length":32},"name":{"entryLength":16,"tag":"name","checksum":3778634980,"offset":46976,"length":11688},"post":{"entryLength":16,"tag":"post","checksum":360449847,"offset":58664,"length":497}},"UnicodeCharMap":{"32":3,"33":4,"34":5,"35":6,"36":7,"37":8,"38":9,"39":10,"40":11,"41":12,"42":13,"43":14,"44":15,"45":16,"46":17,"47":18,"48":19,"49":20,"50":21,"51":22,"52":23,"53":24,"54":25,"55":26,"56":27,"57":28,"58":29,"59":30,"60":31,"61":32,"62":33,"63":34,"64":35,"65":36,"66":37,"67":38,"68":39,"69":40,"70":41,"71":42,"72":43,"73":44,"74":45,"75":46,"76":47,"77":48,"78":49,"79":50,"80":51,"81":52,"82":53,"83":54,"84":55,"85":56,"86":57,"87":58,"88":59,"89":60,"90":61,"91":62,"92":63,"93":64,"94":65,"95":66,"96":67,"97":68,"98":69,"99":70,"100":71,"101":72,"102":73,"103":74,"104":75,"105":76,"106":77,"107":78,"108":79,"109":80,"110":81,"111":82,"112":83,"113":84,"114":85,"115":86,"116":87,"117":88,"118":89,"119":90,"120":91,"121":92,"122":93,"123":94,"124":95,"125":96,"126":97,"160":98,"161":99,"163":100,"165":101,"173":102,"188":103,"189":104,"190":105,"191":106,"192":107,"193":108,"194":109,"195":110,"196":111,"197":112,"198":113,"199":114,"200":115,"201":116,"202":117,"203":118,"204":119,"205":120,"206":121,"207":122,"208":123,"209":124,"210":125,"211":126,"212":127,"213":128,"214":129,"215":130,"216":131,"217":132,"218":133,"219":134,"220":135,"221":136,"222":137,"223":138,"224":139,"225":140,"226":141,"227":142,"228":143,"229":144,"230":145,"231":146,"232":147,"233":148,"234":149,"235":150,"236":151,"237":152,"238":153,"239":154,"240":155,"241":156,"242":157,"243":158,"244":159,"245":160,"246":161,"247":162,"248":163,"249":164,"250":165,"251":166,"252":167,"253":168,"254":169,"255":170,"352":171,"353":172,"376":173,"381":174,"382":175,"8216":176,"8217":177,"8220":178,"8221":179,"8364":180},"Reserves":{"fontname":"Bretista-ExtraexpandedRegular"},"Names":{"Bretista-ExtraexpandedRegular":{"name":"Bretista-ExtraexpandedRegular","longitude":null,"latitude":null,"country":"","region":"","city":""}},"Nodes":{"br":{"type":"typal","node":"br","usage":1,"weight":1},"ta":{"type":"typal","node":"ta","usage":1,"weight":1},"ex":{"type":"typal","node":"ex","usage":1,"weight":1},"ar":{"type":"typal","node":"ar","usage":1,"weight":1},"bre":{"type":"typal","node":"bre","usage":1,"weight":1},"sta":{"type":"typal","node":"sta","usage":1,"weight":1},"ext":{"type":"typal","node":"ext","usage":1,"weight":1},"lar":{"type":"typal","node":"lar","usage":1,"weight":1},"bret":{"type":"keys","node":"bret","usage":1,"weight":1},"ista":{"type":"keys","node":"ista","usage":1,"weight":1},"extr":{"type":"keys","node":"extr","usage":1,"weight":1},"ular":{"type":"keys","node":"ular","usage":1,"weight":1},"breti":{"type":"keys","node":"breti","usage":1,"weight":1},"tista":{"type":"keys","node":"tista","usage":1,"weight":1},"extra":{"type":"keys","node":"extra","usage":1,"weight":1},"gular":{"type":"keys","node":"gular","usage":1,"weight":1},"bretista":{"type":"fixes","node":"bretista","usage":1,"weight":1},"extraexpandedregular":{"type":"fixes","node":"extraexpandedregular","usage":1,"weight":1}},"Contributors":[],"FontIdentity":"4c140f0ea81854843b1b041699bc0eb9","Bytes":null,"Networking":[]}