{"CSS":{"Annual Thin Italic":"Annual+Thin+Italic.css"},"FontType":"TrueType","FontCopyright":"Copyright 1994 Bay Animation Inc. All Rights Reserved.","FontName":"Annual Thin","FontSubfamily":"Italic","FontSubfamilyID":"FontForge 2.0 : Annual Thin Italic : 16-8-2016","FontFullName":"Annual Thin Italic","FontVersion":"Version Altsys Fontographer  ","FontWeight":null,"FontPostscriptName":"AnnualThinItalic","Files":{"annuti__.afm":"annuti__.afm","annuti__.bin":"annuti__.bin","annuti__.cef":"annuti__.cef","annuti__.cff":"annuti__.cff","annuti__.cid":"annuti__.cid","annuti__.dfont":"annuti__.dfont","annuti__.eot":"annuti__.eot","annuti__.fon":"annuti__.fon","annuti__.gai":"annuti__.gai","annuti__.gsf":"annuti__.gsf","annuti__.hqx":"annuti__.hqx","annuti__.ik":"annuti__.ik","annuti__.mf":"annuti__.mf","annuti__.otf":"annuti__.otf","annuti__.pcf":"annuti__.pcf","annuti__.pf3":"annuti__.pf3","annuti__.pfa":"annuti__.pfa","annuti__.pfb":"annuti__.pfb","annuti__.php":"annuti__.php","annuti__.pmf":"annuti__.pmf","annuti__.pt3":"annuti__.pt3","annuti__.sfd":"annuti__.sfd","annuti__.svg":"annuti__.svg","annuti__.t42":"annuti__.t42","annuti__.ttd":"annuti__.ttd","annuti__.ttf":"annuti__.ttf","annuti__.ttg":"annuti__.ttg","annuti__.ufm":"annuti__.ufm","annuti__.woff":"annuti__.woff","annuti__.z":"annuti__.z","":{"annuti__.afm":"annuti__.afm","annuti__.bin":"annuti__.bin","annuti__.cef":"annuti__.cef","annuti__.cff":"annuti__.cff","annuti__.cid":"annuti__.cid","annuti__.dfont":"annuti__.dfont","annuti__.eot":"annuti__.eot","annuti__.fon":"annuti__.fon","annuti__.gai":"annuti__.gai","annuti__.gsf":"annuti__.gsf","annuti__.hqx":"annuti__.hqx","annuti__.ik":"annuti__.ik","annuti__.mf":"annuti__.mf","annuti__.otf":"annuti__.otf","annuti__.pcf":"annuti__.pcf","annuti__.pf3":"annuti__.pf3","annuti__.pfa":"annuti__.pfa","annuti__.pfb":"annuti__.pfb","annuti__.php":"annuti__.php","annuti__.pmf":"annuti__.pmf","annuti__.pt3":"annuti__.pt3","annuti__.sfd":"annuti__.sfd","annuti__.svg":"annuti__.svg","annuti__.t42":"annuti__.t42","annuti__.ttd":"annuti__.ttd","annuti__.ttf":"annuti__.ttf","annuti__.ttg":"annuti__.ttg","annuti__.ufm":"annuti__.ufm","annuti__.woff":"annuti__.woff","annuti__.z":"annuti__.z"},"\/annuti__.ufo":{"feature.fea":"feature.fea","fontinfo.plist":"fontinfo.plist","groups.plist":"groups.plist","kerning.plist":"kerning.plist","metainfo.plist":"metainfo.plist"},"\/annuti__.ufo\/glyphs":{"A_.glif":"A_.glif","A_E_.glif":"A_E_.glif","A_acute.glif":"A_acute.glif","A_circumflex.glif":"A_circumflex.glif","A_dieresis.glif":"A_dieresis.glif","A_grave.glif":"A_grave.glif","A_ring.glif":"A_ring.glif","A_tilde.glif":"A_tilde.glif","B_.glif":"B_.glif","B_S_.glif":"B_S_.glif","C_.glif":"C_.glif","C_cedilla.glif":"C_cedilla.glif","D_.glif":"D_.glif","E_.glif":"E_.glif","E_acute.glif":"E_acute.glif","E_circumflex.glif":"E_circumflex.glif","E_dieresis.glif":"E_dieresis.glif","E_grave.glif":"E_grave.glif","E_th.glif":"E_th.glif","F_.glif":"F_.glif","G_.glif":"G_.glif","G_S_.glif":"G_S_.glif","H_.glif":"H_.glif","H_T_.glif":"H_T_.glif","I_.glif":"I_.glif","I_acute.glif":"I_acute.glif","I_circumflex.glif":"I_circumflex.glif","I_dieresis.glif":"I_dieresis.glif","I_grave.glif":"I_grave.glif","J_.glif":"J_.glif","K_.glif":"K_.glif","L_.glif":"L_.glif","M_.glif":"M_.glif","N_.glif":"N_.glif","N_tilde.glif":"N_tilde.glif","O_.glif":"O_.glif","O_E_.glif":"O_E_.glif","O_acute.glif":"O_acute.glif","O_circumflex.glif":"O_circumflex.glif","O_dieresis.glif":"O_dieresis.glif","O_grave.glif":"O_grave.glif","O_slash.glif":"O_slash.glif","O_tilde.glif":"O_tilde.glif","P_.glif":"P_.glif","Q_.glif":"Q_.glif","R_.glif":"R_.glif","S_.glif":"S_.glif","S_caron.glif":"S_caron.glif","T_.glif":"T_.glif","T_horn.glif":"T_horn.glif","U_.glif":"U_.glif","U_acute.glif":"U_acute.glif","U_circumflex.glif":"U_circumflex.glif","U_dieresis.glif":"U_dieresis.glif","U_grave.glif":"U_grave.glif","V_.glif":"V_.glif","W_.glif":"W_.glif","X_.glif":"X_.glif","Y_.glif":"Y_.glif","Y_acute.glif":"Y_acute.glif","Y_dieresis.glif":"Y_dieresis.glif","Z_.glif":"Z_.glif","_notdef.glif":"_notdef.glif","_null.glif":"_null.glif","a.glif":"a.glif","aacute.glif":"aacute.glif","acircumflex.glif":"acircumflex.glif","acute.glif":"acute.glif","adieresis.glif":"adieresis.glif","ae.glif":"ae.glif","agrave.glif":"agrave.glif","ampersand.glif":"ampersand.glif","aring.glif":"aring.glif","asciicircum.glif":"asciicircum.glif","asciitilde.glif":"asciitilde.glif","asterisk.glif":"asterisk.glif","at.glif":"at.glif","atilde.glif":"atilde.glif","b.glif":"b.glif","backslash.glif":"backslash.glif","bar.glif":"bar.glif","braceleft.glif":"braceleft.glif","braceright.glif":"braceright.glif","bracketleft.glif":"bracketleft.glif","bracketright.glif":"bracketright.glif","brokenbar.glif":"brokenbar.glif","bullet.glif":"bullet.glif","c.glif":"c.glif","ccedilla.glif":"ccedilla.glif","cedilla.glif":"cedilla.glif","cent.glif":"cent.glif","circumflex.glif":"circumflex.glif","colon.glif":"colon.glif","comma.glif":"comma.glif","contents.plist":"contents.plist","copyright.glif":"copyright.glif","currency.glif":"currency.glif","d.glif":"d.glif","dagger.glif":"dagger.glif","daggerdbl.glif":"daggerdbl.glif","degree.glif":"degree.glif","dieresis.glif":"dieresis.glif","divide.glif":"divide.glif","dollar.glif":"dollar.glif","dotoperator.glif":"dotoperator.glif","e.glif":"e.glif","eacute.glif":"eacute.glif","ecircumflex.glif":"ecircumflex.glif","edieresis.glif":"edieresis.glif","egrave.glif":"egrave.glif","eight.glif":"eight.glif","ellipsis.glif":"ellipsis.glif","emdash.glif":"emdash.glif","endash.glif":"endash.glif","equal.glif":"equal.glif","eth.glif":"eth.glif","exclam.glif":"exclam.glif","exclamdown.glif":"exclamdown.glif","f.glif":"f.glif","five.glif":"five.glif","florin.glif":"florin.glif","four.glif":"four.glif","g.glif":"g.glif","germandbls.glif":"germandbls.glif","glyph1.glif":"glyph1.glif","glyph140.glif":"glyph140.glif","glyph2.glif":"glyph2.glif","glyph222.glif":"glyph222.glif","glyph223.glif":"glyph223.glif","grave.glif":"grave.glif","greater.glif":"greater.glif","guillemotleft.glif":"guillemotleft.glif","guillemotright.glif":"guillemotright.glif","guilsinglleft.glif":"guilsinglleft.glif","guilsinglright.glif":"guilsinglright.glif","h.glif":"h.glif","hyphen.glif":"hyphen.glif","i.glif":"i.glif","iacute.glif":"iacute.glif","icircumflex.glif":"icircumflex.glif","idieresis.glif":"idieresis.glif","igrave.glif":"igrave.glif","j.glif":"j.glif","k.glif":"k.glif","l.glif":"l.glif","less.glif":"less.glif","logicalnot.glif":"logicalnot.glif","m.glif":"m.glif","macron.glif":"macron.glif","minus.glif":"minus.glif","mu.glif":"mu.glif","multiply.glif":"multiply.glif","n.glif":"n.glif","nine.glif":"nine.glif","nonbreakingspace.glif":"nonbreakingspace.glif","nonmarkingreturn.glif":"nonmarkingreturn.glif","ntilde.glif":"ntilde.glif","numbersign.glif":"numbersign.glif","o.glif":"o.glif","oacute.glif":"oacute.glif","ocircumflex.glif":"ocircumflex.glif","odieresis.glif":"odieresis.glif","oe.glif":"oe.glif","ograve.glif":"ograve.glif","one.glif":"one.glif","onehalf.glif":"onehalf.glif","onequarter.glif":"onequarter.glif","onesuperior.glif":"onesuperior.glif","ordfeminine.glif":"ordfeminine.glif","ordmasculine.glif":"ordmasculine.glif","oslash.glif":"oslash.glif","otilde.glif":"otilde.glif","p.glif":"p.glif","paragraph.glif":"paragraph.glif","parenleft.glif":"parenleft.glif","parenright.glif":"parenright.glif","percent.glif":"percent.glif","period.glif":"period.glif","periodcentered.glif":"periodcentered.glif","perthousand.glif":"perthousand.glif","plus.glif":"plus.glif","plusminus.glif":"plusminus.glif","q.glif":"q.glif","question.glif":"question.glif","questiondown.glif":"questiondown.glif","quotedbl.glif":"quotedbl.glif","quotedblbase.glif":"quotedblbase.glif","quotedblleft.glif":"quotedblleft.glif","quotedblright.glif":"quotedblright.glif","quoteleft.glif":"quoteleft.glif","quoteright.glif":"quoteright.glif","quotesinglbase.glif":"quotesinglbase.glif","quotesingle.glif":"quotesingle.glif","r.glif":"r.glif","registered.glif":"registered.glif","s.glif":"s.glif","scaron.glif":"scaron.glif","section.glif":"section.glif","semicolon.glif":"semicolon.glif","seven.glif":"seven.glif","six.glif":"six.glif","slash.glif":"slash.glif","space.glif":"space.glif","sterling.glif":"sterling.glif","t.glif":"t.glif","thorn.glif":"thorn.glif","three.glif":"three.glif","threequarters.glif":"threequarters.glif","threesuperior.glif":"threesuperior.glif","tilde.glif":"tilde.glif","trademark.glif":"trademark.glif","two.glif":"two.glif","twosuperior.glif":"twosuperior.glif","u.glif":"u.glif","uacute.glif":"uacute.glif","ucircumflex.glif":"ucircumflex.glif","udieresis.glif":"udieresis.glif","ugrave.glif":"ugrave.glif","underscore.glif":"underscore.glif","v.glif":"v.glif","w.glif":"w.glif","x.glif":"x.glif","y.glif":"y.glif","yacute.glif":"yacute.glif","ydieresis.glif":"ydieresis.glif","yen.glif":"yen.glif","z.glif":"z.glif","zero.glif":"zero.glif"}},"Font":{"uploaded":1471352494.6571,"licence":"gpl3","company":"Chronolabs Cooperative","title":"Annual Thin Italic","version":2.001,"date":"Tue Aug 16 06:50:51 2016","creator":"root","type":"1","matrix":"0.000488281 0 0 0.000488281 0 0","named":"AnnualThinItalic","painttype":"0","info":"10 dict dup","name":"Annual Thin Italic","family":"Annual Thin","weight":"Book","fstype":"1","italicangle":"-11","underlineposition":"","underlinethickness":""},"Table":{"FFTM":{"entryLength":16,"tag":"FFTM","checksum":1945035752,"offset":38852,"length":28},"GDEF":{"entryLength":16,"tag":"GDEF","checksum":17825796,"offset":38820,"length":32},"OS\/2":{"entryLength":16,"tag":"OS\/2","checksum":1677658614,"offset":344,"length":86},"cmap":{"entryLength":16,"tag":"cmap","checksum":2497422549,"offset":1340,"length":512},"gasp":{"entryLength":16,"tag":"gasp","checksum":4294901763,"offset":38812,"length":8},"glyf":{"entryLength":16,"tag":"glyf","checksum":290532771,"offset":2308,"length":35216},"head":{"entryLength":16,"tag":"head","checksum":272622811,"offset":220,"length":54},"hhea":{"entryLength":16,"tag":"hhea","checksum":335743343,"offset":276,"length":36},"hmtx":{"entryLength":16,"tag":"hmtx","checksum":1459319293,"offset":432,"length":908},"loca":{"entryLength":16,"tag":"loca","checksum":341980892,"offset":1852,"length":456},"maxp":{"entryLength":16,"tag":"maxp","checksum":19595416,"offset":312,"length":32},"name":{"entryLength":16,"tag":"name","checksum":2543370769,"offset":37524,"length":735},"post":{"entryLength":16,"tag":"post","checksum":1008525779,"offset":38260,"length":550}},"UnicodeCharMap":{"0":3,"13":6,"32":8,"33":9,"34":10,"35":11,"36":12,"37":13,"38":14,"39":15,"40":16,"41":17,"42":18,"43":19,"44":20,"45":21,"46":22,"47":23,"48":24,"49":25,"50":26,"51":27,"52":28,"53":29,"54":30,"55":31,"56":32,"57":33,"58":34,"59":35,"60":36,"61":37,"62":38,"63":39,"64":40,"65":41,"66":42,"67":43,"68":44,"69":45,"70":46,"71":47,"72":48,"73":49,"74":50,"75":51,"76":52,"77":53,"78":54,"79":55,"80":56,"81":57,"82":58,"83":59,"84":60,"85":61,"86":62,"87":63,"88":64,"89":65,"90":66,"91":67,"92":68,"93":69,"94":70,"95":71,"96":72,"97":73,"98":74,"99":75,"100":76,"101":77,"102":78,"103":79,"104":80,"105":81,"106":82,"107":83,"108":84,"109":85,"110":86,"111":87,"112":88,"113":89,"114":90,"115":91,"116":92,"117":93,"118":94,"119":95,"120":96,"121":97,"122":98,"123":99,"124":100,"125":101,"126":102,"160":103,"161":104,"162":105,"163":106,"164":107,"165":108,"166":109,"167":110,"168":111,"169":112,"170":113,"171":114,"172":115,"174":117,"175":118,"176":119,"177":120,"178":121,"179":122,"180":123,"182":125,"183":126,"184":127,"185":128,"186":129,"187":130,"188":131,"189":132,"190":133,"191":134,"192":135,"193":136,"194":137,"195":138,"196":139,"197":140,"198":141,"199":142,"200":143,"201":144,"202":145,"203":146,"204":147,"205":148,"206":149,"207":150,"208":151,"209":152,"210":153,"211":154,"212":155,"213":156,"214":157,"215":158,"216":159,"217":160,"218":161,"219":162,"220":163,"221":164,"222":165,"223":166,"224":167,"225":168,"226":169,"227":170,"228":171,"229":172,"230":173,"231":174,"232":175,"233":176,"234":177,"235":178,"236":179,"237":180,"238":181,"239":182,"240":183,"241":184,"242":185,"243":186,"244":187,"245":188,"246":189,"247":190,"248":191,"249":192,"250":193,"251":194,"252":195,"253":196,"254":197,"255":198,"338":203,"339":204,"352":220,"353":222,"376":223,"402":201,"710":217,"732":218,"956":124,"8211":205,"8212":206,"8216":209,"8217":210,"8218":214,"8220":207,"8221":208,"8222":215,"8224":199,"8225":213,"8226":200,"8230":202,"8240":216,"8249":211,"8250":212,"8482":221,"8722":116},"Reserves":null,"Names":[],"Nodes":{"an":{"type":"typal","node":"an","usage":1,"weight":1},"al":{"type":"typal","node":"al","usage":1,"weight":1},"th":{"type":"typal","node":"th","usage":1,"weight":1},"in":{"type":"typal","node":"in","usage":1,"weight":1},"ann":{"type":"typal","node":"ann","usage":1,"weight":1},"ual":{"type":"typal","node":"ual","usage":1,"weight":1},"thi":{"type":"typal","node":"thi","usage":1,"weight":1},"hin":{"type":"typal","node":"hin","usage":1,"weight":1},"annu":{"type":"keys","node":"annu","usage":1,"weight":1},"nual":{"type":"keys","node":"nual","usage":1,"weight":1},"annua":{"type":"keys","node":"annua","usage":1,"weight":1},"nnual":{"type":"keys","node":"nnual","usage":1,"weight":1},"annual":{"type":"fixes","node":"annual","usage":1,"weight":1},"thin":{"type":"fixes","node":"thin","usage":1,"weight":1}},"Contributors":[],"FontIdentity":"99d97e734120d5ece18e5ec32a2db777","Bytes":3942972,"Networking":[],"barcode":"6mcwkue8uy3Ou","referee":"GmWAu"}