{"CSS":{"Calcite Pro Bold":"Calcite+Pro+Bold.css"},"FontType":"TrueType","FontCopyright":"Copyright 2000 Adobe Systems Incorporated. All rights reserved. Protected by U.S. Patent D429,274. Calcite is either a registered trademark or trademark of Adobe Systems Incorporated in the United States and\/or other countries.","FontName":"Calcite Pro","FontSubfamily":"Bold","FontSubfamilyID":"FontForge 2.0 : Calcite Pro Bold : 27-8-2016","FontFullName":"Calcite Pro Bold","FontVersion":"Version 2.000 ","FontWeight":null,"FontPostscriptName":"CalcitePro-Bold","Files":{"calcitepro-bold.afm":"calcitepro-bold.afm","calcitepro-bold.bin":"calcitepro-bold.bin","calcitepro-bold.cef":"calcitepro-bold.cef","calcitepro-bold.cff":"calcitepro-bold.cff","calcitepro-bold.cid":"calcitepro-bold.cid","calcitepro-bold.dfont":"calcitepro-bold.dfont","calcitepro-bold.eot":"calcitepro-bold.eot","calcitepro-bold.fon":"calcitepro-bold.fon","calcitepro-bold.gai":"calcitepro-bold.gai","calcitepro-bold.gsf":"calcitepro-bold.gsf","calcitepro-bold.hqx":"calcitepro-bold.hqx","calcitepro-bold.ik":"calcitepro-bold.ik","calcitepro-bold.mf":"calcitepro-bold.mf","calcitepro-bold.otf":"calcitepro-bold.otf","calcitepro-bold.pcf":"calcitepro-bold.pcf","calcitepro-bold.pf3":"calcitepro-bold.pf3","calcitepro-bold.pfa":"calcitepro-bold.pfa","calcitepro-bold.pfb":"calcitepro-bold.pfb","calcitepro-bold.php":"calcitepro-bold.php","calcitepro-bold.pmf":"calcitepro-bold.pmf","calcitepro-bold.pt3":"calcitepro-bold.pt3","calcitepro-bold.sfd":"calcitepro-bold.sfd","calcitepro-bold.svg":"calcitepro-bold.svg","calcitepro-bold.t42":"calcitepro-bold.t42","calcitepro-bold.ttd":"calcitepro-bold.ttd","calcitepro-bold.ttf":"calcitepro-bold.ttf","calcitepro-bold.ttg":"calcitepro-bold.ttg","calcitepro-bold.ufm":"calcitepro-bold.ufm","calcitepro-bold.woff":"calcitepro-bold.woff","calcitepro-bold.z":"calcitepro-bold.z","":{"calcitepro-bold.afm":"calcitepro-bold.afm","calcitepro-bold.bin":"calcitepro-bold.bin","calcitepro-bold.cef":"calcitepro-bold.cef","calcitepro-bold.cff":"calcitepro-bold.cff","calcitepro-bold.cid":"calcitepro-bold.cid","calcitepro-bold.dfont":"calcitepro-bold.dfont","calcitepro-bold.eot":"calcitepro-bold.eot","calcitepro-bold.fon":"calcitepro-bold.fon","calcitepro-bold.gai":"calcitepro-bold.gai","calcitepro-bold.gsf":"calcitepro-bold.gsf","calcitepro-bold.hqx":"calcitepro-bold.hqx","calcitepro-bold.ik":"calcitepro-bold.ik","calcitepro-bold.mf":"calcitepro-bold.mf","calcitepro-bold.otf":"calcitepro-bold.otf","calcitepro-bold.pcf":"calcitepro-bold.pcf","calcitepro-bold.pf3":"calcitepro-bold.pf3","calcitepro-bold.pfa":"calcitepro-bold.pfa","calcitepro-bold.pfb":"calcitepro-bold.pfb","calcitepro-bold.php":"calcitepro-bold.php","calcitepro-bold.pmf":"calcitepro-bold.pmf","calcitepro-bold.pt3":"calcitepro-bold.pt3","calcitepro-bold.sfd":"calcitepro-bold.sfd","calcitepro-bold.svg":"calcitepro-bold.svg","calcitepro-bold.t42":"calcitepro-bold.t42","calcitepro-bold.ttd":"calcitepro-bold.ttd","calcitepro-bold.ttf":"calcitepro-bold.ttf","calcitepro-bold.ttg":"calcitepro-bold.ttg","calcitepro-bold.ufm":"calcitepro-bold.ufm","calcitepro-bold.woff":"calcitepro-bold.woff","calcitepro-bold.z":"calcitepro-bold.z"},"\/calcitepro-bold.ufo":{"feature.fea":"feature.fea","fontinfo.plist":"fontinfo.plist","groups.plist":"groups.plist","kerning.plist":"kerning.plist","metainfo.plist":"metainfo.plist"},"\/calcitepro-bold.ufo\/glyphs":{"A_.alt.glif":"A_.alt.glif","A_.glif":"A_.glif","A_E_.glif":"A_E_.glif","A_acute.glif":"A_acute.glif","A_breve.glif":"A_breve.glif","A_circumflex.glif":"A_circumflex.glif","A_dieresis.glif":"A_dieresis.glif","A_grave.glif":"A_grave.glif","A_macron.glif":"A_macron.glif","A_ogonek.glif":"A_ogonek.glif","A_ring.glif":"A_ring.glif","A_tilde.glif":"A_tilde.glif","B_.alt.glif":"B_.alt.glif","B_.glif":"B_.glif","C_.glif":"C_.glif","C__a.alt.glif":"C__a.alt.glif","C__a.glif":"C__a.glif","C__e.glif":"C__e.glif","C__i.glif":"C__i.glif","C__o.glif":"C__o.glif","C__r.glif":"C__r.glif","C__u.glif":"C__u.glif","C_acute.glif":"C_acute.glif","C_caron.glif":"C_caron.glif","C_cedilla.glif":"C_cedilla.glif","D_.alt.glif":"D_.alt.glif","D_.glif":"D_.glif","D_caron.glif":"D_caron.glif","D_croat.glif":"D_croat.glif","D_elta.glif":"D_elta.glif","E_.alt.glif":"E_.alt.glif","E_.alt2.glif":"E_.alt2.glif","E_.glif":"E_.glif","E__x.glif":"E__x.glif","E_acute.glif":"E_acute.glif","E_caron.glif":"E_caron.glif","E_circumflex.glif":"E_circumflex.glif","E_dieresis.glif":"E_dieresis.glif","E_dotaccent.glif":"E_dotaccent.glif","E_grave.glif":"E_grave.glif","E_macron.glif":"E_macron.glif","E_ogonek.glif":"E_ogonek.glif","E_th.glif":"E_th.glif","E_uro.fitted.glif":"E_uro.fitted.glif","E_uro.glif":"E_uro.glif","F_.alt.glif":"F_.alt.glif","F_.glif":"F_.glif","G_.alt.glif":"G_.alt.glif","G_.glif":"G_.glif","G_breve.glif":"G_breve.glif","G_commaaccent.glif":"G_commaaccent.glif","H_.alt.glif":"H_.alt.glif","H_.glif":"H_.glif","I_.alt.glif":"I_.alt.glif","I_.glif":"I_.glif","I_acute.glif":"I_acute.glif","I_circumflex.glif":"I_circumflex.glif","I_dieresis.glif":"I_dieresis.glif","I_dotaccent.glif":"I_dotaccent.glif","I_grave.glif":"I_grave.glif","I_macron.glif":"I_macron.glif","I_ogonek.glif":"I_ogonek.glif","J_.alt.glif":"J_.alt.glif","J_.glif":"J_.glif","K_.alt.glif":"K_.alt.glif","K_.glif":"K_.glif","K_commaaccent.glif":"K_commaaccent.glif","L_.alt.glif":"L_.alt.glif","L_.glif":"L_.glif","L_acute.glif":"L_acute.glif","L_caron.glif":"L_caron.glif","L_commaaccent.glif":"L_commaaccent.glif","L_slash.glif":"L_slash.glif","M_.alt.glif":"M_.alt.glif","M_.glif":"M_.glif","N_.alt.glif":"N_.alt.glif","N_.glif":"N_.glif","N_acute.glif":"N_acute.glif","N_caron.glif":"N_caron.glif","N_commaaccent.glif":"N_commaaccent.glif","N_tilde.glif":"N_tilde.glif","O_.glif":"O_.glif","O_E_.glif":"O_E_.glif","O_acute.glif":"O_acute.glif","O_circumflex.glif":"O_circumflex.glif","O_dieresis.glif":"O_dieresis.glif","O_grave.glif":"O_grave.glif","O_hungarumlaut.glif":"O_hungarumlaut.glif","O_macron.glif":"O_macron.glif","O_mega.glif":"O_mega.glif","O_slash.glif":"O_slash.glif","O_tilde.glif":"O_tilde.glif","P_.alt.glif":"P_.alt.glif","P_.glif":"P_.glif","Q_.alt.glif":"Q_.alt.glif","Q_.glif":"Q_.glif","R_.alt.glif":"R_.alt.glif","R_.glif":"R_.glif","R_acute.glif":"R_acute.glif","R_caron.glif":"R_caron.glif","R_commaaccent.glif":"R_commaaccent.glif","S_.glif":"S_.glif","S_acute.glif":"S_acute.glif","S_caron.glif":"S_caron.glif","S_cedilla.glif":"S_cedilla.glif","S_commaaccent.glif":"S_commaaccent.glif","T_.alt.glif":"T_.alt.glif","T_.glif":"T_.glif","T__h.glif":"T__h.glif","T_caron.glif":"T_caron.glif","T_commaaccent.glif":"T_commaaccent.glif","T_horn.glif":"T_horn.glif","U_.alt.glif":"U_.alt.glif","U_.glif":"U_.glif","U_acute.glif":"U_acute.glif","U_circumflex.glif":"U_circumflex.glif","U_dieresis.glif":"U_dieresis.glif","U_grave.glif":"U_grave.glif","U_hungarumlaut.glif":"U_hungarumlaut.glif","U_macron.glif":"U_macron.glif","U_ogonek.glif":"U_ogonek.glif","U_ring.glif":"U_ring.glif","V_.alt.glif":"V_.alt.glif","V_.glif":"V_.glif","W_.alt.glif":"W_.alt.glif","W_.glif":"W_.glif","X_.alt.glif":"X_.alt.glif","X_.glif":"X_.glif","Y_.alt.glif":"Y_.alt.glif","Y_.glif":"Y_.glif","Y_acute.glif":"Y_acute.glif","Y_dieresis.glif":"Y_dieresis.glif","Z_.alt.glif":"Z_.alt.glif","Z_.glif":"Z_.glif","Z_acute.glif":"Z_acute.glif","Z_caron.glif":"Z_caron.glif","Z_dotaccent.glif":"Z_dotaccent.glif","_notdef.glif":"_notdef.glif","a.alt.glif":"a.alt.glif","a.glif":"a.glif","a.superior.glif":"a.superior.glif","aacute.glif":"aacute.glif","abreve.glif":"abreve.glif","acircumflex.glif":"acircumflex.glif","acute.glif":"acute.glif","adieresis.glif":"adieresis.glif","ae.glif":"ae.glif","agrave.glif":"agrave.glif","amacron.glif":"amacron.glif","ampersand.alt.glif":"ampersand.alt.glif","ampersand.glif":"ampersand.glif","aogonek.glif":"aogonek.glif","approxequal.glif":"approxequal.glif","aring.glif":"aring.glif","asciicircum.glif":"asciicircum.glif","asciitilde.glif":"asciitilde.glif","asterisk.glif":"asterisk.glif","at.glif":"at.glif","atilde.glif":"atilde.glif","b.glif":"b.glif","backslash.glif":"backslash.glif","bar.glif":"bar.glif","braceleft.cap.glif":"braceleft.cap.glif","braceleft.glif":"braceleft.glif","braceright.cap.glif":"braceright.cap.glif","braceright.glif":"braceright.glif","bracketleft.cap.glif":"bracketleft.cap.glif","bracketleft.glif":"bracketleft.glif","bracketright.cap.glif":"bracketright.cap.glif","bracketright.glif":"bracketright.glif","breve.glif":"breve.glif","brokenbar.glif":"brokenbar.glif","bullet.glif":"bullet.glif","c.glif":"c.glif","c_t.glif":"c_t.glif","cacute.glif":"cacute.glif","caron.glif":"caron.glif","ccaron.glif":"ccaron.glif","ccedilla.glif":"ccedilla.glif","cedilla.glif":"cedilla.glif","cent.fitted.glif":"cent.fitted.glif","cent.glif":"cent.glif","circumflex.glif":"circumflex.glif","colon.glif":"colon.glif","comma.glif":"comma.glif","contents.plist":"contents.plist","copyright.glif":"copyright.glif","currency.glif":"currency.glif","d.glif":"d.glif","dagger.glif":"dagger.glif","daggerdbl.glif":"daggerdbl.glif","dcaron.glif":"dcaron.glif","dcroat.glif":"dcroat.glif","degree.glif":"degree.glif","dieresis.glif":"dieresis.glif","divide.glif":"divide.glif","dollar.fitted.glif":"dollar.fitted.glif","dollar.glif":"dollar.glif","dotaccent.glif":"dotaccent.glif","dotlessi.glif":"dotlessi.glif","e.glif":"e.glif","eacute.glif":"eacute.glif","ecaron.glif":"ecaron.glif","ecircumflex.glif":"ecircumflex.glif","edieresis.glif":"edieresis.glif","edotaccent.glif":"edotaccent.glif","egrave.glif":"egrave.glif","eight.fitted.glif":"eight.fitted.glif","eight.glif":"eight.glif","eight.oldstyle.glif":"eight.oldstyle.glif","eight.taboldstyle.glif":"eight.taboldstyle.glif","ellipsis.glif":"ellipsis.glif","emacron.glif":"emacron.glif","emdash.cap.glif":"emdash.cap.glif","emdash.glif":"emdash.glif","endash.cap.glif":"endash.cap.glif","endash.glif":"endash.glif","eogonek.glif":"eogonek.glif","equal.glif":"equal.glif","estimated.glif":"estimated.glif","eth.glif":"eth.glif","exclam.glif":"exclam.glif","exclamdown.cap.glif":"exclamdown.cap.glif","exclamdown.glif":"exclamdown.glif","f.glif":"f.glif","f_f.glif":"f_f.glif","f_f_i.glif":"f_f_i.glif","f_f_j.glif":"f_f_j.glif","f_f_l.glif":"f_f_l.glif","f_f_r.glif":"f_f_r.glif","f_i.glif":"f_i.glif","f_j.glif":"f_j.glif","f_l.glif":"f_l.glif","f_r.glif":"f_r.glif","fi.glif":"fi.glif","five.fitted.glif":"five.fitted.glif","five.glif":"five.glif","five.oldstyle.glif":"five.oldstyle.glif","five.taboldstyle.glif":"five.taboldstyle.glif","fl.glif":"fl.glif","florin.fitted.glif":"florin.fitted.glif","florin.glif":"florin.glif","four.fitted.glif":"four.fitted.glif","four.glif":"four.glif","four.oldstyle.glif":"four.oldstyle.glif","four.superior.glif":"four.superior.glif","four.taboldstyle.glif":"four.taboldstyle.glif","fraction.glif":"fraction.glif","g.alt.glif":"g.alt.glif","g.glif":"g.glif","g_y.glif":"g_y.glif","gbreve.glif":"gbreve.glif","gcommaaccent.glif":"gcommaaccent.glif","germandbls.glif":"germandbls.glif","grave.glif":"grave.glif","greater.glif":"greater.glif","greaterequal.glif":"greaterequal.glif","guillemotleft.cap.glif":"guillemotleft.cap.glif","guillemotleft.glif":"guillemotleft.glif","guillemotright.cap.glif":"guillemotright.cap.glif","guillemotright.glif":"guillemotright.glif","guilsinglleft.cap.glif":"guilsinglleft.cap.glif","guilsinglleft.glif":"guilsinglleft.glif","guilsinglright.cap.glif":"guilsinglright.cap.glif","guilsinglright.glif":"guilsinglright.glif","h.glif":"h.glif","hungarumlaut.glif":"hungarumlaut.glif","hyphen.cap.glif":"hyphen.cap.glif","hyphen.glif":"hyphen.glif","i.dot.glif":"i.dot.glif","i.glif":"i.glif","iacute.glif":"iacute.glif","icircumflex.glif":"icircumflex.glif","idieresis.glif":"idieresis.glif","igrave.glif":"igrave.glif","imacron.glif":"imacron.glif","infinity.glif":"infinity.glif","integral.glif":"integral.glif","iogonek.glif":"iogonek.glif","j.glif":"j.glif","k.alt.glif":"k.alt.glif","k.glif":"k.glif","kcommaaccent.glif":"kcommaaccent.glif","l.glif":"l.glif","lacute.glif":"lacute.glif","lcaron.glif":"lcaron.glif","lcommaaccent.glif":"lcommaaccent.glif","less.glif":"less.glif","lessequal.glif":"lessequal.glif","logicalnot.glif":"logicalnot.glif","lozenge.glif":"lozenge.glif","lslash.glif":"lslash.glif","m.glif":"m.glif","macron.glif":"macron.glif","minus.glif":"minus.glif","mu.glif":"mu.glif","multiply.glif":"multiply.glif","n.glif":"n.glif","nacute.glif":"nacute.glif","ncaron.glif":"ncaron.glif","ncommaaccent.glif":"ncommaaccent.glif","nine.fitted.glif":"nine.fitted.glif","nine.glif":"nine.glif","nine.oldstyle.glif":"nine.oldstyle.glif","nine.taboldstyle.glif":"nine.taboldstyle.glif","notequal.glif":"notequal.glif","ntilde.glif":"ntilde.glif","numbersign.glif":"numbersign.glif","o.glif":"o.glif","o.superior.glif":"o.superior.glif","oacute.glif":"oacute.glif","ocircumflex.glif":"ocircumflex.glif","odieresis.glif":"odieresis.glif","oe.glif":"oe.glif","ogonek.glif":"ogonek.glif","ograve.glif":"ograve.glif","ohungarumlaut.glif":"ohungarumlaut.glif","omacron.glif":"omacron.glif","one.fitted.glif":"one.fitted.glif","one.glif":"one.glif","one.oldstyle.glif":"one.oldstyle.glif","one.superior.glif":"one.superior.glif","one.taboldstyle.glif":"one.taboldstyle.glif","onehalf.glif":"onehalf.glif","onequarter.glif":"onequarter.glif","onesuperior.glif":"onesuperior.glif","ordfeminine.glif":"ordfeminine.glif","ordmasculine.glif":"ordmasculine.glif","oslash.glif":"oslash.glif","otilde.glif":"otilde.glif","p.glif":"p.glif","paragraph.glif":"paragraph.glif","parenleft.cap.glif":"parenleft.cap.glif","parenleft.glif":"parenleft.glif","parenright.cap.glif":"parenright.cap.glif","parenright.glif":"parenright.glif","partialdiff.glif":"partialdiff.glif","percent.glif":"percent.glif","period.glif":"period.glif","periodcentered.cap.glif":"periodcentered.cap.glif","periodcentered.glif":"periodcentered.glif","perthousand.glif":"perthousand.glif","pi.glif":"pi.glif","plus.glif":"plus.glif","plusminus.glif":"plusminus.glif","product.glif":"product.glif","q.glif":"q.glif","question.glif":"question.glif","questiondown.cap.glif":"questiondown.cap.glif","questiondown.glif":"questiondown.glif","quotedbl.glif":"quotedbl.glif","quotedblbase.glif":"quotedblbase.glif","quotedblleft.glif":"quotedblleft.glif","quotedblright.glif":"quotedblright.glif","quoteleft.glif":"quoteleft.glif","quoteright.glif":"quoteright.glif","quotesinglbase.glif":"quotesinglbase.glif","quotesingle.glif":"quotesingle.glif","r.glif":"r.glif","racute.glif":"racute.glif","radical.glif":"radical.glif","rcaron.glif":"rcaron.glif","rcommaaccent.glif":"rcommaaccent.glif","registered.glif":"registered.glif","ring.glif":"ring.glif","s.glif":"s.glif","s_p.glif":"s_p.glif","s_t.glif":"s_t.glif","sacute.glif":"sacute.glif","scaron.glif":"scaron.glif","scedilla.glif":"scedilla.glif","scommaaccent.glif":"scommaaccent.glif","section.glif":"section.glif","semicolon.glif":"semicolon.glif","seven.fitted.glif":"seven.fitted.glif","seven.glif":"seven.glif","seven.oldstyle.glif":"seven.oldstyle.glif","seven.taboldstyle.glif":"seven.taboldstyle.glif","six.fitted.glif":"six.fitted.glif","six.glif":"six.glif","six.oldstyle.glif":"six.oldstyle.glif","six.taboldstyle.glif":"six.taboldstyle.glif","slash.glif":"slash.glif","space.glif":"space.glif","space_uni0326.glif":"space_uni0326.glif","sterling.fitted.glif":"sterling.fitted.glif","sterling.glif":"sterling.glif","summation.glif":"summation.glif","t.glif":"t.glif","t_a.glif":"t_a.glif","t_z.glif":"t_z.glif","tcaron.glif":"tcaron.glif","tcommaaccent.glif":"tcommaaccent.glif","thorn.glif":"thorn.glif","three.fitted.glif":"three.fitted.glif","three.glif":"three.glif","three.oldstyle.glif":"three.oldstyle.glif","three.superior.glif":"three.superior.glif","three.taboldstyle.glif":"three.taboldstyle.glif","threequarters.glif":"threequarters.glif","threesuperior.glif":"threesuperior.glif","tilde.glif":"tilde.glif","trademark.glif":"trademark.glif","two.fitted.glif":"two.fitted.glif","two.glif":"two.glif","two.oldstyle.glif":"two.oldstyle.glif","two.superior.glif":"two.superior.glif","two.taboldstyle.glif":"two.taboldstyle.glif","twosuperior.glif":"twosuperior.glif","u.glif":"u.glif","uacute.glif":"uacute.glif","ucircumflex.glif":"ucircumflex.glif","udieresis.glif":"udieresis.glif","ugrave.glif":"ugrave.glif","uhungarumlaut.glif":"uhungarumlaut.glif","umacron.glif":"umacron.glif","underscore.glif":"underscore.glif","uni00A_0.glif":"uni00A_0.glif","uni00A_D_.glif":"uni00A_D_.glif","uni021A_.glif":"uni021A_.glif","uni021B_.glif":"uni021B_.glif","uni02C_9.glif":"uni02C_9.glif","uni2010.glif":"uni2010.glif","uni2113.glif":"uni2113.glif","uni2215.glif":"uni2215.glif","uni2219.glif":"uni2219.glif","uogonek.glif":"uogonek.glif","uring.glif":"uring.glif","v.glif":"v.glif","w.glif":"w.glif","x.glif":"x.glif","y.alt.glif":"y.alt.glif","y.glif":"y.glif","yacute.glif":"yacute.glif","ydieresis.glif":"ydieresis.glif","yen.fitted.glif":"yen.fitted.glif","yen.glif":"yen.glif","z.alt.glif":"z.alt.glif","z.glif":"z.glif","z_z.glif":"z_z.glif","zacute.glif":"zacute.glif","zcaron.glif":"zcaron.glif","zdotaccent.glif":"zdotaccent.glif","zero.fitted.glif":"zero.fitted.glif","zero.glif":"zero.glif","zero.oldstyle.glif":"zero.oldstyle.glif","zero.slash.glif":"zero.slash.glif","zero.taboldstyle.glif":"zero.taboldstyle.glif"}},"Font":{"uploaded":1472233845.7161,"licence":"gpl3","company":"Chronolabs Cooperative","title":"Calcite Pro Bold","version":2.001,"date":"Fri Aug 19 22:25:36 2016","creator":"root","type":"1","matrix":"0.001 0 0 0.001 0 0","named":"CalcitePro-Bold","painttype":"0","info":"11 dict dup","name":"Calcite Pro Bold","family":"Calcite Pro","weight":"Bold","fstype":"8","italicangle":"-5","underlineposition":"","underlinethickness":""},"Table":{"FFTM":{"entryLength":16,"tag":"FFTM","checksum":1945565520,"offset":42568,"length":28},"GDEF":{"entryLength":16,"tag":"GDEF","checksum":32374790,"offset":42536,"length":32},"OS\/2":{"entryLength":16,"tag":"OS\/2","checksum":2031238350,"offset":344,"length":86},"cmap":{"entryLength":16,"tag":"cmap","checksum":4013925011,"offset":2228,"length":1414},"gasp":{"entryLength":16,"tag":"gasp","checksum":4294901763,"offset":42528,"length":8},"glyf":{"entryLength":16,"tag":"glyf","checksum":1860272557,"offset":4544,"length":33996},"head":{"entryLength":16,"tag":"head","checksum":165455727,"offset":220,"length":54},"hhea":{"entryLength":16,"tag":"hhea","checksum":116130874,"offset":276,"length":36},"hmtx":{"entryLength":16,"tag":"hmtx","checksum":3639881991,"offset":432,"length":1796},"loca":{"entryLength":16,"tag":"loca","checksum":3556504866,"offset":3644,"length":900},"maxp":{"entryLength":16,"tag":"maxp","checksum":34144324,"offset":312,"length":32},"name":{"entryLength":16,"tag":"name","checksum":1311308285,"offset":38540,"length":1188},"post":{"entryLength":16,"tag":"post","checksum":1051173544,"offset":39728,"length":2799}},"UnicodeCharMap":{"32":3,"33":4,"34":5,"35":6,"36":7,"37":8,"38":9,"39":10,"40":11,"41":12,"42":13,"43":14,"44":15,"45":16,"46":17,"47":18,"48":19,"49":20,"50":21,"51":22,"52":23,"53":24,"54":25,"55":26,"56":27,"57":28,"58":29,"59":30,"60":31,"61":32,"62":33,"63":34,"64":35,"65":36,"66":37,"67":38,"68":39,"69":40,"70":41,"71":42,"72":43,"73":44,"74":45,"75":46,"76":47,"77":48,"78":49,"79":50,"80":51,"81":52,"82":53,"83":54,"84":55,"85":56,"86":57,"87":58,"88":59,"89":60,"90":61,"91":62,"92":63,"93":64,"94":65,"95":66,"96":67,"97":68,"98":69,"99":70,"100":71,"101":72,"102":73,"103":74,"104":75,"105":76,"106":77,"107":78,"108":79,"109":80,"110":81,"111":82,"112":83,"113":84,"114":85,"115":86,"116":87,"117":88,"118":89,"119":90,"120":91,"121":92,"122":93,"123":94,"124":95,"125":96,"126":97,"160":98,"161":99,"162":100,"163":101,"164":102,"165":103,"166":104,"167":105,"168":106,"169":107,"170":108,"171":109,"172":110,"173":111,"174":112,"175":113,"176":114,"177":115,"178":367,"179":368,"180":118,"182":120,"183":121,"184":122,"185":366,"186":124,"187":125,"188":126,"189":127,"190":128,"191":129,"192":130,"193":131,"194":132,"195":133,"196":134,"197":135,"198":136,"199":137,"200":138,"201":139,"202":140,"203":141,"204":142,"205":143,"206":144,"207":145,"208":146,"209":147,"210":148,"211":149,"212":150,"213":151,"214":152,"215":153,"216":154,"217":155,"218":156,"219":157,"220":158,"221":159,"222":160,"223":161,"224":162,"225":163,"226":164,"227":165,"228":166,"229":167,"230":168,"231":169,"232":170,"233":171,"234":172,"235":173,"236":174,"237":175,"238":176,"239":177,"240":178,"241":179,"242":180,"243":181,"244":182,"245":183,"246":184,"247":185,"248":186,"249":187,"250":188,"251":189,"252":190,"253":191,"254":192,"255":193,"256":249,"257":288,"258":248,"259":287,"260":250,"261":289,"262":251,"263":290,"268":252,"269":291,"270":253,"271":292,"272":254,"273":293,"274":257,"275":296,"278":256,"279":295,"280":258,"281":297,"282":255,"283":294,"286":259,"287":298,"290":260,"291":299,"298":261,"299":300,"302":262,"303":301,"304":286,"305":223,"310":263,"311":302,"313":264,"314":303,"315":266,"316":305,"317":265,"318":304,"321":221,"322":224,"323":267,"324":306,"325":269,"326":308,"327":268,"328":307,"332":271,"333":310,"336":270,"337":309,"338":222,"339":225,"340":272,"341":311,"342":274,"343":313,"344":273,"345":312,"346":275,"347":314,"350":276,"351":315,"352":228,"353":231,"354":279,"355":318,"356":278,"357":317,"362":281,"363":320,"366":283,"367":322,"368":280,"369":319,"370":282,"371":321,"376":229,"377":284,"378":323,"379":285,"380":324,"381":230,"382":232,"402":197,"536":277,"537":316,"538":442,"539":443,"710":212,"711":219,"713":444,"728":214,"729":215,"730":216,"731":218,"732":213,"733":217,"916":325,"937":326,"956":119,"960":327,"8208":447,"8211":203,"8212":220,"8216":195,"8217":194,"8218":207,"8220":198,"8221":209,"8222":208,"8224":204,"8225":205,"8226":206,"8230":210,"8240":211,"8249":199,"8250":200,"8260":196,"8308":369,"8364":328,"8467":448,"8482":226,"8494":330,"8706":331,"8719":332,"8721":333,"8722":227,"8725":445,"8729":446,"8730":334,"8734":335,"8747":336,"8776":337,"8800":338,"8804":339,"8805":340,"9674":341,"64256":235,"64257":236,"64258":237,"64259":238,"64260":239,"64262":240},"Reserves":null,"Names":[],"Nodes":{"ca":{"type":"typal","node":"ca","usage":1,"weight":1},"te":{"type":"typal","node":"te","usage":1,"weight":1},"pr":{"type":"typal","node":"pr","usage":1,"weight":1},"ro":{"type":"typal","node":"ro","usage":1,"weight":1},"cal":{"type":"typal","node":"cal","usage":1,"weight":1},"ite":{"type":"typal","node":"ite","usage":1,"weight":1},"calc":{"type":"keys","node":"calc","usage":1,"weight":1},"cite":{"type":"keys","node":"cite","usage":1,"weight":1},"calci":{"type":"keys","node":"calci","usage":1,"weight":1},"lcite":{"type":"keys","node":"lcite","usage":1,"weight":1},"calcite":{"type":"fixes","node":"calcite","usage":1,"weight":1},"pro":{"type":"fixes","node":"pro","usage":1,"weight":1}},"Contributors":[],"FontIdentity":"b11367f67dfdc88dbee55dab76208045","Bytes":4947223,"Networking":[],"barcode":"8iaugoqywywiq","referee":"iouCOym"}