{"CSS":{"ITC Souvenir Medium":"ITC+Souvenir+Medium.css"},"FontType":"TrueType","FontCopyright":"Copyright (c) 1989, 1990 Adobe Systems Incorporated.  All Rights Reserved.Souvenir is a registered trademark of International Typeface Corporation.","FontName":"ITC Souvenir","FontSubfamily":"Medium","FontSubfamilyID":"FontForge 2.0 : ITC Souvenir Medium : 21-12-2016","FontFullName":"ITC Souvenir Medium","FontVersion":"Version 001.001 ","FontWeight":null,"FontPostscriptName":"Souvenir-Medium","Files":{"souvenir-medium.afm":"souvenir-medium.afm","souvenir-medium.bin":"souvenir-medium.bin","souvenir-medium.cef":"souvenir-medium.cef","souvenir-medium.cff":"souvenir-medium.cff","souvenir-medium.cid":"souvenir-medium.cid","souvenir-medium.dfont":"souvenir-medium.dfont","souvenir-medium.eot":"souvenir-medium.eot","souvenir-medium.fon":"souvenir-medium.fon","souvenir-medium.gai":"souvenir-medium.gai","souvenir-medium.gsf":"souvenir-medium.gsf","souvenir-medium.hqx":"souvenir-medium.hqx","souvenir-medium.ik":"souvenir-medium.ik","souvenir-medium.mf":"souvenir-medium.mf","souvenir-medium.otf":"souvenir-medium.otf","souvenir-medium.pcf":"souvenir-medium.pcf","souvenir-medium.pf3":"souvenir-medium.pf3","souvenir-medium.pfa":"souvenir-medium.pfa","souvenir-medium.pfb":"souvenir-medium.pfb","souvenir-medium.php":"souvenir-medium.php","souvenir-medium.pmf":"souvenir-medium.pmf","souvenir-medium.pt3":"souvenir-medium.pt3","souvenir-medium.sfd":"souvenir-medium.sfd","souvenir-medium.svg":"souvenir-medium.svg","souvenir-medium.t42":"souvenir-medium.t42","souvenir-medium.ttd":"souvenir-medium.ttd","souvenir-medium.ttf":"souvenir-medium.ttf","souvenir-medium.ttg":"souvenir-medium.ttg","souvenir-medium.ufm":"souvenir-medium.ufm","souvenir-medium.woff":"souvenir-medium.woff","souvenir-medium.z":"souvenir-medium.z","":{"souvenir-medium.afm":"souvenir-medium.afm","souvenir-medium.bin":"souvenir-medium.bin","souvenir-medium.cef":"souvenir-medium.cef","souvenir-medium.cff":"souvenir-medium.cff","souvenir-medium.cid":"souvenir-medium.cid","souvenir-medium.dfont":"souvenir-medium.dfont","souvenir-medium.eot":"souvenir-medium.eot","souvenir-medium.fon":"souvenir-medium.fon","souvenir-medium.gai":"souvenir-medium.gai","souvenir-medium.gsf":"souvenir-medium.gsf","souvenir-medium.hqx":"souvenir-medium.hqx","souvenir-medium.ik":"souvenir-medium.ik","souvenir-medium.mf":"souvenir-medium.mf","souvenir-medium.otf":"souvenir-medium.otf","souvenir-medium.pcf":"souvenir-medium.pcf","souvenir-medium.pf3":"souvenir-medium.pf3","souvenir-medium.pfa":"souvenir-medium.pfa","souvenir-medium.pfb":"souvenir-medium.pfb","souvenir-medium.php":"souvenir-medium.php","souvenir-medium.pmf":"souvenir-medium.pmf","souvenir-medium.pt3":"souvenir-medium.pt3","souvenir-medium.sfd":"souvenir-medium.sfd","souvenir-medium.svg":"souvenir-medium.svg","souvenir-medium.t42":"souvenir-medium.t42","souvenir-medium.ttd":"souvenir-medium.ttd","souvenir-medium.ttf":"souvenir-medium.ttf","souvenir-medium.ttg":"souvenir-medium.ttg","souvenir-medium.ufm":"souvenir-medium.ufm","souvenir-medium.woff":"souvenir-medium.woff","souvenir-medium.z":"souvenir-medium.z"},"\/souvenir-medium.ufo":{"feature.fea":"feature.fea","fontinfo.plist":"fontinfo.plist","groups.plist":"groups.plist","kerning.plist":"kerning.plist","metainfo.plist":"metainfo.plist"},"\/souvenir-medium.ufo\/glyphs":{"A_.glif":"A_.glif","A_E_.glif":"A_E_.glif","A_acute.glif":"A_acute.glif","A_circumflex.glif":"A_circumflex.glif","A_dieresis.glif":"A_dieresis.glif","A_grave.glif":"A_grave.glif","A_ring.glif":"A_ring.glif","A_tilde.glif":"A_tilde.glif","B_.glif":"B_.glif","C_.glif":"C_.glif","C_cedilla.glif":"C_cedilla.glif","D_.glif":"D_.glif","E_.glif":"E_.glif","E_acute.glif":"E_acute.glif","E_circumflex.glif":"E_circumflex.glif","E_dieresis.glif":"E_dieresis.glif","E_grave.glif":"E_grave.glif","E_th.glif":"E_th.glif","F_.glif":"F_.glif","G_.glif":"G_.glif","H_.glif":"H_.glif","I_.glif":"I_.glif","I_acute.glif":"I_acute.glif","I_circumflex.glif":"I_circumflex.glif","I_dieresis.glif":"I_dieresis.glif","I_grave.glif":"I_grave.glif","J_.glif":"J_.glif","K_.glif":"K_.glif","L_.glif":"L_.glif","L_slash.glif":"L_slash.glif","M_.glif":"M_.glif","N_.glif":"N_.glif","N_tilde.glif":"N_tilde.glif","O_.glif":"O_.glif","O_E_.glif":"O_E_.glif","O_acute.glif":"O_acute.glif","O_circumflex.glif":"O_circumflex.glif","O_dieresis.glif":"O_dieresis.glif","O_grave.glif":"O_grave.glif","O_slash.glif":"O_slash.glif","O_tilde.glif":"O_tilde.glif","P_.glif":"P_.glif","Q_.glif":"Q_.glif","R_.glif":"R_.glif","S_.glif":"S_.glif","S_caron.glif":"S_caron.glif","T_.glif":"T_.glif","T_horn.glif":"T_horn.glif","U_.glif":"U_.glif","U_acute.glif":"U_acute.glif","U_circumflex.glif":"U_circumflex.glif","U_dieresis.glif":"U_dieresis.glif","U_grave.glif":"U_grave.glif","V_.glif":"V_.glif","W_.glif":"W_.glif","X_.glif":"X_.glif","Y_.glif":"Y_.glif","Y_acute.glif":"Y_acute.glif","Y_dieresis.glif":"Y_dieresis.glif","Z_.glif":"Z_.glif","Z_caron.glif":"Z_caron.glif","a.glif":"a.glif","aacute.glif":"aacute.glif","acircumflex.glif":"acircumflex.glif","acute.glif":"acute.glif","adieresis.glif":"adieresis.glif","ae.glif":"ae.glif","agrave.glif":"agrave.glif","ampersand.glif":"ampersand.glif","aring.glif":"aring.glif","asciicircum.glif":"asciicircum.glif","asciitilde.glif":"asciitilde.glif","asterisk.glif":"asterisk.glif","at.glif":"at.glif","atilde.glif":"atilde.glif","b.glif":"b.glif","backslash.glif":"backslash.glif","bar.glif":"bar.glif","braceleft.glif":"braceleft.glif","braceright.glif":"braceright.glif","bracketleft.glif":"bracketleft.glif","bracketright.glif":"bracketright.glif","breve.glif":"breve.glif","brokenbar.glif":"brokenbar.glif","bullet.glif":"bullet.glif","c.glif":"c.glif","caron.glif":"caron.glif","ccedilla.glif":"ccedilla.glif","cedilla.glif":"cedilla.glif","cent.glif":"cent.glif","circumflex.glif":"circumflex.glif","colon.glif":"colon.glif","comma.glif":"comma.glif","contents.plist":"contents.plist","copyright.glif":"copyright.glif","currency.glif":"currency.glif","d.glif":"d.glif","dagger.glif":"dagger.glif","daggerdbl.glif":"daggerdbl.glif","degree.glif":"degree.glif","dieresis.glif":"dieresis.glif","divide.glif":"divide.glif","dollar.glif":"dollar.glif","dotaccent.glif":"dotaccent.glif","dotlessi.glif":"dotlessi.glif","e.glif":"e.glif","eacute.glif":"eacute.glif","ecircumflex.glif":"ecircumflex.glif","edieresis.glif":"edieresis.glif","egrave.glif":"egrave.glif","eight.glif":"eight.glif","ellipsis.glif":"ellipsis.glif","emdash.glif":"emdash.glif","endash.glif":"endash.glif","equal.glif":"equal.glif","eth.glif":"eth.glif","exclam.glif":"exclam.glif","exclamdown.glif":"exclamdown.glif","f.glif":"f.glif","fi.glif":"fi.glif","five.glif":"five.glif","fl.glif":"fl.glif","florin.glif":"florin.glif","four.glif":"four.glif","fraction.glif":"fraction.glif","g.glif":"g.glif","germandbls.glif":"germandbls.glif","grave.glif":"grave.glif","greater.glif":"greater.glif","guillemotleft.glif":"guillemotleft.glif","guillemotright.glif":"guillemotright.glif","guilsinglleft.glif":"guilsinglleft.glif","guilsinglright.glif":"guilsinglright.glif","h.glif":"h.glif","hungarumlaut.glif":"hungarumlaut.glif","hyphen.glif":"hyphen.glif","i.glif":"i.glif","iacute.glif":"iacute.glif","icircumflex.glif":"icircumflex.glif","idieresis.glif":"idieresis.glif","igrave.glif":"igrave.glif","j.glif":"j.glif","k.glif":"k.glif","l.glif":"l.glif","less.glif":"less.glif","logicalnot.glif":"logicalnot.glif","lslash.glif":"lslash.glif","m.glif":"m.glif","macron.glif":"macron.glif","minus.glif":"minus.glif","mu.glif":"mu.glif","multiply.glif":"multiply.glif","n.glif":"n.glif","nine.glif":"nine.glif","ntilde.glif":"ntilde.glif","numbersign.glif":"numbersign.glif","o.glif":"o.glif","oacute.glif":"oacute.glif","ocircumflex.glif":"ocircumflex.glif","odieresis.glif":"odieresis.glif","oe.glif":"oe.glif","ogonek.glif":"ogonek.glif","ograve.glif":"ograve.glif","one.glif":"one.glif","onehalf.glif":"onehalf.glif","onequarter.glif":"onequarter.glif","onesuperior.glif":"onesuperior.glif","ordfeminine.glif":"ordfeminine.glif","ordmasculine.glif":"ordmasculine.glif","oslash.glif":"oslash.glif","otilde.glif":"otilde.glif","p.glif":"p.glif","paragraph.glif":"paragraph.glif","parenleft.glif":"parenleft.glif","parenright.glif":"parenright.glif","percent.glif":"percent.glif","period.glif":"period.glif","periodcentered.glif":"periodcentered.glif","perthousand.glif":"perthousand.glif","plus.glif":"plus.glif","plusminus.glif":"plusminus.glif","q.glif":"q.glif","question.glif":"question.glif","questiondown.glif":"questiondown.glif","quotedbl.glif":"quotedbl.glif","quotedblbase.glif":"quotedblbase.glif","quotedblleft.glif":"quotedblleft.glif","quotedblright.glif":"quotedblright.glif","quoteleft.glif":"quoteleft.glif","quoteright.glif":"quoteright.glif","quotesinglbase.glif":"quotesinglbase.glif","quotesingle.glif":"quotesingle.glif","r.glif":"r.glif","registered.glif":"registered.glif","ring.glif":"ring.glif","s.glif":"s.glif","scaron.glif":"scaron.glif","section.glif":"section.glif","semicolon.glif":"semicolon.glif","seven.glif":"seven.glif","six.glif":"six.glif","slash.glif":"slash.glif","space.glif":"space.glif","sterling.glif":"sterling.glif","t.glif":"t.glif","thorn.glif":"thorn.glif","three.glif":"three.glif","threequarters.glif":"threequarters.glif","threesuperior.glif":"threesuperior.glif","tilde.glif":"tilde.glif","trademark.glif":"trademark.glif","two.glif":"two.glif","twosuperior.glif":"twosuperior.glif","u.glif":"u.glif","uacute.glif":"uacute.glif","ucircumflex.glif":"ucircumflex.glif","udieresis.glif":"udieresis.glif","ugrave.glif":"ugrave.glif","underscore.glif":"underscore.glif","v.glif":"v.glif","w.glif":"w.glif","x.glif":"x.glif","y.glif":"y.glif","yacute.glif":"yacute.glif","ydieresis.glif":"ydieresis.glif","yen.glif":"yen.glif","z.glif":"z.glif","zcaron.glif":"zcaron.glif","zero.glif":"zero.glif"}},"Font":{"uploaded":1482319731.7311,"licence":"gpl3","company":"Chronolabs Cooperative","title":"Souvenir Medium","version":2.001,"date":"Wed Nov  2 09:51:12 2016","creator":"root","type":"1","matrix":"0.001 0 0 0.001 0 0","named":"Souvenir-Medium","painttype":"0","info":"10 dict dup","name":"ITC Souvenir Medium","family":"ITC Souvenir","weight":"Medium","fstype":"0","italicangle":"0","underlineposition":"","underlinethickness":""},"Table":{"FFTM":{"entryLength":16,"tag":"FFTM","checksum":1958427792,"offset":34240,"length":28},"GDEF":{"entryLength":16,"tag":"GDEF","checksum":18087942,"offset":34208,"length":32},"OS\/2":{"entryLength":16,"tag":"OS\/2","checksum":1471159237,"offset":344,"length":86},"cmap":{"entryLength":16,"tag":"cmap","checksum":3818789818,"offset":1356,"length":562},"gasp":{"entryLength":16,"tag":"gasp","checksum":4294901763,"offset":34200,"length":8},"glyf":{"entryLength":16,"tag":"glyf","checksum":2192937298,"offset":2384,"length":30336},"head":{"entryLength":16,"tag":"head","checksum":192050166,"offset":220,"length":54},"hhea":{"entryLength":16,"tag":"hhea","checksum":125174605,"offset":276,"length":36},"hmtx":{"entryLength":16,"tag":"hmtx","checksum":4041676009,"offset":432,"length":924},"loca":{"entryLength":16,"tag":"loca","checksum":2672475508,"offset":1920,"length":464},"maxp":{"entryLength":16,"tag":"maxp","checksum":19923060,"offset":312,"length":32},"name":{"entryLength":16,"tag":"name","checksum":1941626857,"offset":32720,"length":984},"post":{"entryLength":16,"tag":"post","checksum":923481667,"offset":33704,"length":496}},"UnicodeCharMap":{"32":3,"33":4,"34":5,"35":6,"36":7,"37":8,"38":9,"39":10,"40":11,"41":12,"42":13,"43":14,"44":15,"45":16,"46":17,"47":18,"48":19,"49":20,"50":21,"51":22,"52":23,"53":24,"54":25,"55":26,"56":27,"57":28,"58":29,"59":30,"60":31,"61":32,"62":33,"63":34,"64":35,"65":36,"66":37,"67":38,"68":39,"69":40,"70":41,"71":42,"72":43,"73":44,"74":45,"75":46,"76":47,"77":48,"78":49,"79":50,"80":51,"81":52,"82":53,"83":54,"84":55,"85":56,"86":57,"87":58,"88":59,"89":60,"90":61,"91":62,"92":63,"93":64,"94":65,"95":66,"96":67,"97":68,"98":69,"99":70,"100":71,"101":72,"102":73,"103":74,"104":75,"105":76,"106":77,"107":78,"108":79,"109":80,"110":81,"111":82,"112":83,"113":84,"114":85,"115":86,"116":87,"117":88,"118":89,"119":90,"120":91,"121":92,"122":93,"123":94,"124":95,"125":96,"126":97,"161":98,"162":99,"163":100,"164":101,"165":102,"166":103,"167":104,"168":105,"169":106,"170":107,"171":108,"172":109,"174":110,"175":111,"176":112,"177":113,"178":114,"179":115,"180":116,"182":118,"183":119,"184":120,"185":121,"186":122,"187":123,"188":124,"189":125,"190":126,"191":127,"192":128,"193":129,"194":130,"195":131,"196":132,"197":133,"198":134,"199":135,"200":136,"201":137,"202":138,"203":139,"204":140,"205":141,"206":142,"207":143,"208":144,"209":145,"210":146,"211":147,"212":148,"213":149,"214":150,"215":151,"216":152,"217":153,"218":154,"219":155,"220":156,"221":157,"222":158,"223":159,"224":160,"225":161,"226":162,"227":163,"228":164,"229":165,"230":166,"231":167,"232":168,"233":169,"234":170,"235":171,"236":172,"237":173,"238":174,"239":175,"240":176,"241":177,"242":178,"243":179,"244":180,"245":181,"246":182,"247":183,"248":184,"249":185,"250":186,"251":187,"252":188,"253":189,"254":190,"255":191,"305":221,"321":219,"322":222,"338":220,"339":223,"352":226,"353":229,"376":227,"381":228,"382":230,"402":195,"710":210,"711":217,"728":212,"729":213,"730":214,"731":216,"732":211,"733":215,"956":117,"8211":201,"8212":218,"8216":193,"8217":192,"8218":205,"8220":196,"8221":207,"8222":206,"8224":202,"8225":203,"8226":204,"8230":208,"8240":209,"8249":197,"8250":198,"8260":194,"8482":224,"8722":225,"64257":199,"64258":200},"Reserves":null,"Names":[],"Nodes":{"it":{"type":"typal","node":"it","usage":1,"weight":1},"tc":{"type":"typal","node":"tc","usage":1,"weight":1},"so":{"type":"typal","node":"so","usage":1,"weight":1},"ir":{"type":"typal","node":"ir","usage":1,"weight":1},"sou":{"type":"typal","node":"sou","usage":1,"weight":1},"nir":{"type":"typal","node":"nir","usage":1,"weight":1},"souv":{"type":"keys","node":"souv","usage":1,"weight":1},"enir":{"type":"keys","node":"enir","usage":1,"weight":1},"souve":{"type":"keys","node":"souve","usage":1,"weight":1},"venir":{"type":"keys","node":"venir","usage":1,"weight":1},"itc":{"type":"fixes","node":"itc","usage":1,"weight":1},"souvenir":{"type":"fixes","node":"souvenir","usage":1,"weight":1}},"Contributors":[],"FontIdentity":"2b2001542a99be883ca323d5dafbb3e6","Bytes":3482549,"Networking":[],"barcode":"Oay10qOeuCKAKy","referee":"a6u43O6o"}