{"CSS":{"Arial Narrow Bold Italic":"zinc77:f71e86859eeda454704d7350f.css"},"FontType":"TrueType","FontCopyright":"(c) 2008 The Monotype Corporation. All Rights Reserved.","FontName":"Arial Narrow","FontSubfamily":"BoldItalic","FontSubfamilyID":"FontForge 2.0 : Arial Narrow Bold Italic : 3-12-2016","FontFullName":"Arial Narrow Bold Italic","FontVersion":"Version 2.40 ","FontWeight":null,"FontPostscriptName":"ArialNarrow-BoldItalic","Files":{"\/Arial Narrow Bold Italic.css":"\/Arial Narrow Bold Italic.css","\/arialnbi.afm":"\/arialnbi.afm","\/arialnbi.cef":"\/arialnbi.cef","\/arialnbi.cff":"\/arialnbi.cff","\/arialnbi.eot":"\/arialnbi.eot","\/arialnbi.gai":"\/arialnbi.gai","\/arialnbi.gsf":"\/arialnbi.gsf","\/arialnbi.otf":"\/arialnbi.otf","\/arialnbi.pf3":"\/arialnbi.pf3","\/arialnbi.pfa":"\/arialnbi.pfa","\/arialnbi.pfb":"\/arialnbi.pfb","\/arialnbi.php":"\/arialnbi.php","\/arialnbi.pt3":"\/arialnbi.pt3","\/arialnbi.sfd":"\/arialnbi.sfd","\/arialnbi.svg":"\/arialnbi.svg","\/arialnbi.t42":"\/arialnbi.t42","\/arialnbi.ttd":"\/arialnbi.ttd","\/arialnbi.ttf":"\/arialnbi.ttf","\/arialnbi.ttg":"\/arialnbi.ttg","\/arialnbi.ufm":"\/arialnbi.ufm","\/arialnbi.woff":"\/arialnbi.woff","\/arialnbi.z":"\/arialnbi.z","\/font-resource.json":"\/font-resource.json","\/zinc77:f71e86859eeda454704d7350f.css":"\/zinc77:f71e86859eeda454704d7350f.css","\/arialnbi.ufo\/feature.fea":"\/arialnbi.ufo\/feature.fea","\/arialnbi.ufo\/fontinfo.plist":"\/arialnbi.ufo\/fontinfo.plist","\/arialnbi.ufo\/groups.plist":"\/arialnbi.ufo\/groups.plist","\/arialnbi.ufo\/kerning.plist":"\/arialnbi.ufo\/kerning.plist","\/arialnbi.ufo\/metainfo.plist":"\/arialnbi.ufo\/metainfo.plist","\/arialnbi.ufo\/glyphs\/A_.glif":"\/arialnbi.ufo\/glyphs\/A_.glif","\/arialnbi.ufo\/glyphs\/A_E_.glif":"\/arialnbi.ufo\/glyphs\/A_E_.glif","\/arialnbi.ufo\/glyphs\/A_E_acute.glif":"\/arialnbi.ufo\/glyphs\/A_E_acute.glif","\/arialnbi.ufo\/glyphs\/A_acute.glif":"\/arialnbi.ufo\/glyphs\/A_acute.glif","\/arialnbi.ufo\/glyphs\/A_breve.glif":"\/arialnbi.ufo\/glyphs\/A_breve.glif","\/arialnbi.ufo\/glyphs\/A_circumflex.glif":"\/arialnbi.ufo\/glyphs\/A_circumflex.glif","\/arialnbi.ufo\/glyphs\/A_dieresis.glif":"\/arialnbi.ufo\/glyphs\/A_dieresis.glif","\/arialnbi.ufo\/glyphs\/A_grave.glif":"\/arialnbi.ufo\/glyphs\/A_grave.glif","\/arialnbi.ufo\/glyphs\/A_lpha.glif":"\/arialnbi.ufo\/glyphs\/A_lpha.glif","\/arialnbi.ufo\/glyphs\/A_lphatonos.glif":"\/arialnbi.ufo\/glyphs\/A_lphatonos.glif","\/arialnbi.ufo\/glyphs\/A_macron.glif":"\/arialnbi.ufo\/glyphs\/A_macron.glif","\/arialnbi.ufo\/glyphs\/A_ogonek.glif":"\/arialnbi.ufo\/glyphs\/A_ogonek.glif","\/arialnbi.ufo\/glyphs\/A_ring.glif":"\/arialnbi.ufo\/glyphs\/A_ring.glif","\/arialnbi.ufo\/glyphs\/A_ringacute.glif":"\/arialnbi.ufo\/glyphs\/A_ringacute.glif","\/arialnbi.ufo\/glyphs\/A_tilde.glif":"\/arialnbi.ufo\/glyphs\/A_tilde.glif","\/arialnbi.ufo\/glyphs\/B_.glif":"\/arialnbi.ufo\/glyphs\/B_.glif","\/arialnbi.ufo\/glyphs\/B_eta.glif":"\/arialnbi.ufo\/glyphs\/B_eta.glif","\/arialnbi.ufo\/glyphs\/C_.glif":"\/arialnbi.ufo\/glyphs\/C_.glif","\/arialnbi.ufo\/glyphs\/C_acute.glif":"\/arialnbi.ufo\/glyphs\/C_acute.glif","\/arialnbi.ufo\/glyphs\/C_caron.glif":"\/arialnbi.ufo\/glyphs\/C_caron.glif","\/arialnbi.ufo\/glyphs\/C_cedilla.glif":"\/arialnbi.ufo\/glyphs\/C_cedilla.glif","\/arialnbi.ufo\/glyphs\/C_circumflex.glif":"\/arialnbi.ufo\/glyphs\/C_circumflex.glif","\/arialnbi.ufo\/glyphs\/C_dot.glif":"\/arialnbi.ufo\/glyphs\/C_dot.glif","\/arialnbi.ufo\/glyphs\/C_hi.glif":"\/arialnbi.ufo\/glyphs\/C_hi.glif","\/arialnbi.ufo\/glyphs\/D_.glif":"\/arialnbi.ufo\/glyphs\/D_.glif","\/arialnbi.ufo\/glyphs\/D_caron.glif":"\/arialnbi.ufo\/glyphs\/D_caron.glif","\/arialnbi.ufo\/glyphs\/D_elta.glif":"\/arialnbi.ufo\/glyphs\/D_elta.glif","\/arialnbi.ufo\/glyphs\/D_slash.glif":"\/arialnbi.ufo\/glyphs\/D_slash.glif","\/arialnbi.ufo\/glyphs\/E_.glif":"\/arialnbi.ufo\/glyphs\/E_.glif","\/arialnbi.ufo\/glyphs\/E_acute.glif":"\/arialnbi.ufo\/glyphs\/E_acute.glif","\/arialnbi.ufo\/glyphs\/E_breve.glif":"\/arialnbi.ufo\/glyphs\/E_breve.glif","\/arialnbi.ufo\/glyphs\/E_caron.glif":"\/arialnbi.ufo\/glyphs\/E_caron.glif","\/arialnbi.ufo\/glyphs\/E_circumflex.glif":"\/arialnbi.ufo\/glyphs\/E_circumflex.glif","\/arialnbi.ufo\/glyphs\/E_dieresis.glif":"\/arialnbi.ufo\/glyphs\/E_dieresis.glif","\/arialnbi.ufo\/glyphs\/E_dot.glif":"\/arialnbi.ufo\/glyphs\/E_dot.glif","\/arialnbi.ufo\/glyphs\/E_grave.glif":"\/arialnbi.ufo\/glyphs\/E_grave.glif","\/arialnbi.ufo\/glyphs\/E_macron.glif":"\/arialnbi.ufo\/glyphs\/E_macron.glif","\/arialnbi.ufo\/glyphs\/E_ng.glif":"\/arialnbi.ufo\/glyphs\/E_ng.glif","\/arialnbi.ufo\/glyphs\/E_ogonek.glif":"\/arialnbi.ufo\/glyphs\/E_ogonek.glif","\/arialnbi.ufo\/glyphs\/E_psilon.glif":"\/arialnbi.ufo\/glyphs\/E_psilon.glif","\/arialnbi.ufo\/glyphs\/E_psilontonos.glif":"\/arialnbi.ufo\/glyphs\/E_psilontonos.glif","\/arialnbi.ufo\/glyphs\/E_ta.glif":"\/arialnbi.ufo\/glyphs\/E_ta.glif","\/arialnbi.ufo\/glyphs\/E_tatonos.glif":"\/arialnbi.ufo\/glyphs\/E_tatonos.glif","\/arialnbi.ufo\/glyphs\/E_th.glif":"\/arialnbi.ufo\/glyphs\/E_th.glif","\/arialnbi.ufo\/glyphs\/E_uro.glif":"\/arialnbi.ufo\/glyphs\/E_uro.glif","\/arialnbi.ufo\/glyphs\/F_.glif":"\/arialnbi.ufo\/glyphs\/F_.glif","\/arialnbi.ufo\/glyphs\/G_.glif":"\/arialnbi.ufo\/glyphs\/G_.glif","\/arialnbi.ufo\/glyphs\/G_amma.glif":"\/arialnbi.ufo\/glyphs\/G_amma.glif","\/arialnbi.ufo\/glyphs\/G_breve.glif":"\/arialnbi.ufo\/glyphs\/G_breve.glif","\/arialnbi.ufo\/glyphs\/G_cedilla.glif":"\/arialnbi.ufo\/glyphs\/G_cedilla.glif","\/arialnbi.ufo\/glyphs\/G_circumflex.glif":"\/arialnbi.ufo\/glyphs\/G_circumflex.glif","\/arialnbi.ufo\/glyphs\/G_dot.glif":"\/arialnbi.ufo\/glyphs\/G_dot.glif","\/arialnbi.ufo\/glyphs\/H_.glif":"\/arialnbi.ufo\/glyphs\/H_.glif","\/arialnbi.ufo\/glyphs\/H_18533.glif":"\/arialnbi.ufo\/glyphs\/H_18533.glif","\/arialnbi.ufo\/glyphs\/H_18543.glif":"\/arialnbi.ufo\/glyphs\/H_18543.glif","\/arialnbi.ufo\/glyphs\/H_18551.glif":"\/arialnbi.ufo\/glyphs\/H_18551.glif","\/arialnbi.ufo\/glyphs\/H_22073.glif":"\/arialnbi.ufo\/glyphs\/H_22073.glif","\/arialnbi.ufo\/glyphs\/H_bar.glif":"\/arialnbi.ufo\/glyphs\/H_bar.glif","\/arialnbi.ufo\/glyphs\/H_circumflex.glif":"\/arialnbi.ufo\/glyphs\/H_circumflex.glif","\/arialnbi.ufo\/glyphs\/I_.glif":"\/arialnbi.ufo\/glyphs\/I_.glif","\/arialnbi.ufo\/glyphs\/I_J_.glif":"\/arialnbi.ufo\/glyphs\/I_J_.glif","\/arialnbi.ufo\/glyphs\/I_acute.glif":"\/arialnbi.ufo\/glyphs\/I_acute.glif","\/arialnbi.ufo\/glyphs\/I_breve.glif":"\/arialnbi.ufo\/glyphs\/I_breve.glif","\/arialnbi.ufo\/glyphs\/I_circumflex.glif":"\/arialnbi.ufo\/glyphs\/I_circumflex.glif","\/arialnbi.ufo\/glyphs\/I_dieresis.glif":"\/arialnbi.ufo\/glyphs\/I_dieresis.glif","\/arialnbi.ufo\/glyphs\/I_dot.glif":"\/arialnbi.ufo\/glyphs\/I_dot.glif","\/arialnbi.ufo\/glyphs\/I_grave.glif":"\/arialnbi.ufo\/glyphs\/I_grave.glif","\/arialnbi.ufo\/glyphs\/I_macron.glif":"\/arialnbi.ufo\/glyphs\/I_macron.glif","\/arialnbi.ufo\/glyphs\/I_ogonek.glif":"\/arialnbi.ufo\/glyphs\/I_ogonek.glif","\/arialnbi.ufo\/glyphs\/I_ota.glif":"\/arialnbi.ufo\/glyphs\/I_ota.glif","\/arialnbi.ufo\/glyphs\/I_otadieresis.glif":"\/arialnbi.ufo\/glyphs\/I_otadieresis.glif","\/arialnbi.ufo\/glyphs\/I_otatonos.glif":"\/arialnbi.ufo\/glyphs\/I_otatonos.glif","\/arialnbi.ufo\/glyphs\/I_tilde.glif":"\/arialnbi.ufo\/glyphs\/I_tilde.glif","\/arialnbi.ufo\/glyphs\/J_.glif":"\/arialnbi.ufo\/glyphs\/J_.glif","\/arialnbi.ufo\/glyphs\/J_circumflex.glif":"\/arialnbi.ufo\/glyphs\/J_circumflex.glif","\/arialnbi.ufo\/glyphs\/K_.glif":"\/arialnbi.ufo\/glyphs\/K_.glif","\/arialnbi.ufo\/glyphs\/K_appa.glif":"\/arialnbi.ufo\/glyphs\/K_appa.glif","\/arialnbi.ufo\/glyphs\/K_cedilla.glif":"\/arialnbi.ufo\/glyphs\/K_cedilla.glif","\/arialnbi.ufo\/glyphs\/L_.glif":"\/arialnbi.ufo\/glyphs\/L_.glif","\/arialnbi.ufo\/glyphs\/L_acute.glif":"\/arialnbi.ufo\/glyphs\/L_acute.glif","\/arialnbi.ufo\/glyphs\/L_ambda.glif":"\/arialnbi.ufo\/glyphs\/L_ambda.glif","\/arialnbi.ufo\/glyphs\/L_caron.glif":"\/arialnbi.ufo\/glyphs\/L_caron.glif","\/arialnbi.ufo\/glyphs\/L_cedilla.glif":"\/arialnbi.ufo\/glyphs\/L_cedilla.glif","\/arialnbi.ufo\/glyphs\/L_dot.glif":"\/arialnbi.ufo\/glyphs\/L_dot.glif","\/arialnbi.ufo\/glyphs\/L_slash.glif":"\/arialnbi.ufo\/glyphs\/L_slash.glif","\/arialnbi.ufo\/glyphs\/M_.glif":"\/arialnbi.ufo\/glyphs\/M_.glif","\/arialnbi.ufo\/glyphs\/M_u.glif":"\/arialnbi.ufo\/glyphs\/M_u.glif","\/arialnbi.ufo\/glyphs\/N_.glif":"\/arialnbi.ufo\/glyphs\/N_.glif","\/arialnbi.ufo\/glyphs\/N_acute.glif":"\/arialnbi.ufo\/glyphs\/N_acute.glif","\/arialnbi.ufo\/glyphs\/N_caron.glif":"\/arialnbi.ufo\/glyphs\/N_caron.glif","\/arialnbi.ufo\/glyphs\/N_cedilla.glif":"\/arialnbi.ufo\/glyphs\/N_cedilla.glif","\/arialnbi.ufo\/glyphs\/N_tilde.glif":"\/arialnbi.ufo\/glyphs\/N_tilde.glif","\/arialnbi.ufo\/glyphs\/N_u.glif":"\/arialnbi.ufo\/glyphs\/N_u.glif","\/arialnbi.ufo\/glyphs\/O_.glif":"\/arialnbi.ufo\/glyphs\/O_.glif","\/arialnbi.ufo\/glyphs\/O_E_.glif":"\/arialnbi.ufo\/glyphs\/O_E_.glif","\/arialnbi.ufo\/glyphs\/O_acute.glif":"\/arialnbi.ufo\/glyphs\/O_acute.glif","\/arialnbi.ufo\/glyphs\/O_breve.glif":"\/arialnbi.ufo\/glyphs\/O_breve.glif","\/arialnbi.ufo\/glyphs\/O_circumflex.glif":"\/arialnbi.ufo\/glyphs\/O_circumflex.glif","\/arialnbi.ufo\/glyphs\/O_dblacute.glif":"\/arialnbi.ufo\/glyphs\/O_dblacute.glif","\/arialnbi.ufo\/glyphs\/O_dieresis.glif":"\/arialnbi.ufo\/glyphs\/O_dieresis.glif","\/arialnbi.ufo\/glyphs\/O_grave.glif":"\/arialnbi.ufo\/glyphs\/O_grave.glif","\/arialnbi.ufo\/glyphs\/O_hm.glif":"\/arialnbi.ufo\/glyphs\/O_hm.glif","\/arialnbi.ufo\/glyphs\/O_macron.glif":"\/arialnbi.ufo\/glyphs\/O_macron.glif","\/arialnbi.ufo\/glyphs\/O_megatonos.glif":"\/arialnbi.ufo\/glyphs\/O_megatonos.glif","\/arialnbi.ufo\/glyphs\/O_micron.glif":"\/arialnbi.ufo\/glyphs\/O_micron.glif","\/arialnbi.ufo\/glyphs\/O_microntonos.glif":"\/arialnbi.ufo\/glyphs\/O_microntonos.glif","\/arialnbi.ufo\/glyphs\/O_slash.glif":"\/arialnbi.ufo\/glyphs\/O_slash.glif","\/arialnbi.ufo\/glyphs\/O_slashacute.glif":"\/arialnbi.ufo\/glyphs\/O_slashacute.glif","\/arialnbi.ufo\/glyphs\/O_tilde.glif":"\/arialnbi.ufo\/glyphs\/O_tilde.glif","\/arialnbi.ufo\/glyphs\/P_.glif":"\/arialnbi.ufo\/glyphs\/P_.glif","\/arialnbi.ufo\/glyphs\/P_hi.glif":"\/arialnbi.ufo\/glyphs\/P_hi.glif","\/arialnbi.ufo\/glyphs\/P_i.glif":"\/arialnbi.ufo\/glyphs\/P_i.glif","\/arialnbi.ufo\/glyphs\/P_si.glif":"\/arialnbi.ufo\/glyphs\/P_si.glif","\/arialnbi.ufo\/glyphs\/Q_.glif":"\/arialnbi.ufo\/glyphs\/Q_.glif","\/arialnbi.ufo\/glyphs\/R_.glif":"\/arialnbi.ufo\/glyphs\/R_.glif","\/arialnbi.ufo\/glyphs\/R_acute.glif":"\/arialnbi.ufo\/glyphs\/R_acute.glif","\/arialnbi.ufo\/glyphs\/R_caron.glif":"\/arialnbi.ufo\/glyphs\/R_caron.glif","\/arialnbi.ufo\/glyphs\/R_cedilla.glif":"\/arialnbi.ufo\/glyphs\/R_cedilla.glif","\/arialnbi.ufo\/glyphs\/R_ho.glif":"\/arialnbi.ufo\/glyphs\/R_ho.glif","\/arialnbi.ufo\/glyphs\/S_.glif":"\/arialnbi.ufo\/glyphs\/S_.glif","\/arialnbi.ufo\/glyphs\/S_F_010000.glif":"\/arialnbi.ufo\/glyphs\/S_F_010000.glif","\/arialnbi.ufo\/glyphs\/S_F_020000.glif":"\/arialnbi.ufo\/glyphs\/S_F_020000.glif","\/arialnbi.ufo\/glyphs\/S_F_030000.glif":"\/arialnbi.ufo\/glyphs\/S_F_030000.glif","\/arialnbi.ufo\/glyphs\/S_F_040000.glif":"\/arialnbi.ufo\/glyphs\/S_F_040000.glif","\/arialnbi.ufo\/glyphs\/S_F_050000.glif":"\/arialnbi.ufo\/glyphs\/S_F_050000.glif","\/arialnbi.ufo\/glyphs\/S_F_060000.glif":"\/arialnbi.ufo\/glyphs\/S_F_060000.glif","\/arialnbi.ufo\/glyphs\/S_F_070000.glif":"\/arialnbi.ufo\/glyphs\/S_F_070000.glif","\/arialnbi.ufo\/glyphs\/S_F_080000.glif":"\/arialnbi.ufo\/glyphs\/S_F_080000.glif","\/arialnbi.ufo\/glyphs\/S_F_090000.glif":"\/arialnbi.ufo\/glyphs\/S_F_090000.glif","\/arialnbi.ufo\/glyphs\/S_F_100000.glif":"\/arialnbi.ufo\/glyphs\/S_F_100000.glif","\/arialnbi.ufo\/glyphs\/S_F_110000.glif":"\/arialnbi.ufo\/glyphs\/S_F_110000.glif","\/arialnbi.ufo\/glyphs\/S_F_190000.glif":"\/arialnbi.ufo\/glyphs\/S_F_190000.glif","\/arialnbi.ufo\/glyphs\/S_F_200000.glif":"\/arialnbi.ufo\/glyphs\/S_F_200000.glif","\/arialnbi.ufo\/glyphs\/S_F_210000.glif":"\/arialnbi.ufo\/glyphs\/S_F_210000.glif","\/arialnbi.ufo\/glyphs\/S_F_220000.glif":"\/arialnbi.ufo\/glyphs\/S_F_220000.glif","\/arialnbi.ufo\/glyphs\/S_F_230000.glif":"\/arialnbi.ufo\/glyphs\/S_F_230000.glif","\/arialnbi.ufo\/glyphs\/S_F_240000.glif":"\/arialnbi.ufo\/glyphs\/S_F_240000.glif","\/arialnbi.ufo\/glyphs\/S_F_250000.glif":"\/arialnbi.ufo\/glyphs\/S_F_250000.glif","\/arialnbi.ufo\/glyphs\/S_F_260000.glif":"\/arialnbi.ufo\/glyphs\/S_F_260000.glif","\/arialnbi.ufo\/glyphs\/S_F_270000.glif":"\/arialnbi.ufo\/glyphs\/S_F_270000.glif","\/arialnbi.ufo\/glyphs\/S_F_280000.glif":"\/arialnbi.ufo\/glyphs\/S_F_280000.glif","\/arialnbi.ufo\/glyphs\/S_F_360000.glif":"\/arialnbi.ufo\/glyphs\/S_F_360000.glif","\/arialnbi.ufo\/glyphs\/S_F_370000.glif":"\/arialnbi.ufo\/glyphs\/S_F_370000.glif","\/arialnbi.ufo\/glyphs\/S_F_380000.glif":"\/arialnbi.ufo\/glyphs\/S_F_380000.glif","\/arialnbi.ufo\/glyphs\/S_F_390000.glif":"\/arialnbi.ufo\/glyphs\/S_F_390000.glif","\/arialnbi.ufo\/glyphs\/S_F_400000.glif":"\/arialnbi.ufo\/glyphs\/S_F_400000.glif","\/arialnbi.ufo\/glyphs\/S_F_410000.glif":"\/arialnbi.ufo\/glyphs\/S_F_410000.glif","\/arialnbi.ufo\/glyphs\/S_F_420000.glif":"\/arialnbi.ufo\/glyphs\/S_F_420000.glif","\/arialnbi.ufo\/glyphs\/S_F_430000.glif":"\/arialnbi.ufo\/glyphs\/S_F_430000.glif","\/arialnbi.ufo\/glyphs\/S_F_440000.glif":"\/arialnbi.ufo\/glyphs\/S_F_440000.glif","\/arialnbi.ufo\/glyphs\/S_F_450000.glif":"\/arialnbi.ufo\/glyphs\/S_F_450000.glif","\/arialnbi.ufo\/glyphs\/S_F_460000.glif":"\/arialnbi.ufo\/glyphs\/S_F_460000.glif","\/arialnbi.ufo\/glyphs\/S_F_470000.glif":"\/arialnbi.ufo\/glyphs\/S_F_470000.glif","\/arialnbi.ufo\/glyphs\/S_F_480000.glif":"\/arialnbi.ufo\/glyphs\/S_F_480000.glif","\/arialnbi.ufo\/glyphs\/S_F_490000.glif":"\/arialnbi.ufo\/glyphs\/S_F_490000.glif","\/arialnbi.ufo\/glyphs\/S_F_500000.glif":"\/arialnbi.ufo\/glyphs\/S_F_500000.glif","\/arialnbi.ufo\/glyphs\/S_F_510000.glif":"\/arialnbi.ufo\/glyphs\/S_F_510000.glif","\/arialnbi.ufo\/glyphs\/S_F_520000.glif":"\/arialnbi.ufo\/glyphs\/S_F_520000.glif","\/arialnbi.ufo\/glyphs\/S_F_530000.glif":"\/arialnbi.ufo\/glyphs\/S_F_530000.glif","\/arialnbi.ufo\/glyphs\/S_F_540000.glif":"\/arialnbi.ufo\/glyphs\/S_F_540000.glif","\/arialnbi.ufo\/glyphs\/S_acute.glif":"\/arialnbi.ufo\/glyphs\/S_acute.glif","\/arialnbi.ufo\/glyphs\/S_caron.glif":"\/arialnbi.ufo\/glyphs\/S_caron.glif","\/arialnbi.ufo\/glyphs\/S_cedilla.glif":"\/arialnbi.ufo\/glyphs\/S_cedilla.glif","\/arialnbi.ufo\/glyphs\/S_circumflex.glif":"\/arialnbi.ufo\/glyphs\/S_circumflex.glif","\/arialnbi.ufo\/glyphs\/S_igma.glif":"\/arialnbi.ufo\/glyphs\/S_igma.glif","\/arialnbi.ufo\/glyphs\/T_.glif":"\/arialnbi.ufo\/glyphs\/T_.glif","\/arialnbi.ufo\/glyphs\/T_au.glif":"\/arialnbi.ufo\/glyphs\/T_au.glif","\/arialnbi.ufo\/glyphs\/T_bar.glif":"\/arialnbi.ufo\/glyphs\/T_bar.glif","\/arialnbi.ufo\/glyphs\/T_caron.glif":"\/arialnbi.ufo\/glyphs\/T_caron.glif","\/arialnbi.ufo\/glyphs\/T_cedilla.glif":"\/arialnbi.ufo\/glyphs\/T_cedilla.glif","\/arialnbi.ufo\/glyphs\/T_heta.glif":"\/arialnbi.ufo\/glyphs\/T_heta.glif","\/arialnbi.ufo\/glyphs\/T_horn.glif":"\/arialnbi.ufo\/glyphs\/T_horn.glif","\/arialnbi.ufo\/glyphs\/U_.glif":"\/arialnbi.ufo\/glyphs\/U_.glif","\/arialnbi.ufo\/glyphs\/U_acute.glif":"\/arialnbi.ufo\/glyphs\/U_acute.glif","\/arialnbi.ufo\/glyphs\/U_breve.glif":"\/arialnbi.ufo\/glyphs\/U_breve.glif","\/arialnbi.ufo\/glyphs\/U_circumflex.glif":"\/arialnbi.ufo\/glyphs\/U_circumflex.glif","\/arialnbi.ufo\/glyphs\/U_dblacute.glif":"\/arialnbi.ufo\/glyphs\/U_dblacute.glif","\/arialnbi.ufo\/glyphs\/U_dieresis.glif":"\/arialnbi.ufo\/glyphs\/U_dieresis.glif","\/arialnbi.ufo\/glyphs\/U_grave.glif":"\/arialnbi.ufo\/glyphs\/U_grave.glif","\/arialnbi.ufo\/glyphs\/U_macron.glif":"\/arialnbi.ufo\/glyphs\/U_macron.glif","\/arialnbi.ufo\/glyphs\/U_ogonek.glif":"\/arialnbi.ufo\/glyphs\/U_ogonek.glif","\/arialnbi.ufo\/glyphs\/U_psilon.glif":"\/arialnbi.ufo\/glyphs\/U_psilon.glif","\/arialnbi.ufo\/glyphs\/U_psilondieresis.glif":"\/arialnbi.ufo\/glyphs\/U_psilondieresis.glif","\/arialnbi.ufo\/glyphs\/U_psilontonos.glif":"\/arialnbi.ufo\/glyphs\/U_psilontonos.glif","\/arialnbi.ufo\/glyphs\/U_ring.glif":"\/arialnbi.ufo\/glyphs\/U_ring.glif","\/arialnbi.ufo\/glyphs\/U_tilde.glif":"\/arialnbi.ufo\/glyphs\/U_tilde.glif","\/arialnbi.ufo\/glyphs\/V_.glif":"\/arialnbi.ufo\/glyphs\/V_.glif","\/arialnbi.ufo\/glyphs\/W_.glif":"\/arialnbi.ufo\/glyphs\/W_.glif","\/arialnbi.ufo\/glyphs\/W_acute.glif":"\/arialnbi.ufo\/glyphs\/W_acute.glif","\/arialnbi.ufo\/glyphs\/W_circumflex.glif":"\/arialnbi.ufo\/glyphs\/W_circumflex.glif","\/arialnbi.ufo\/glyphs\/W_dieresis.glif":"\/arialnbi.ufo\/glyphs\/W_dieresis.glif","\/arialnbi.ufo\/glyphs\/W_grave.glif":"\/arialnbi.ufo\/glyphs\/W_grave.glif","\/arialnbi.ufo\/glyphs\/X_.glif":"\/arialnbi.ufo\/glyphs\/X_.glif","\/arialnbi.ufo\/glyphs\/X_i.glif":"\/arialnbi.ufo\/glyphs\/X_i.glif","\/arialnbi.ufo\/glyphs\/Y_.glif":"\/arialnbi.ufo\/glyphs\/Y_.glif","\/arialnbi.ufo\/glyphs\/Y_acute.glif":"\/arialnbi.ufo\/glyphs\/Y_acute.glif","\/arialnbi.ufo\/glyphs\/Y_circumflex.glif":"\/arialnbi.ufo\/glyphs\/Y_circumflex.glif","\/arialnbi.ufo\/glyphs\/Y_dieresis.glif":"\/arialnbi.ufo\/glyphs\/Y_dieresis.glif","\/arialnbi.ufo\/glyphs\/Y_grave.glif":"\/arialnbi.ufo\/glyphs\/Y_grave.glif","\/arialnbi.ufo\/glyphs\/Z_.glif":"\/arialnbi.ufo\/glyphs\/Z_.glif","\/arialnbi.ufo\/glyphs\/Z_acute.glif":"\/arialnbi.ufo\/glyphs\/Z_acute.glif","\/arialnbi.ufo\/glyphs\/Z_caron.glif":"\/arialnbi.ufo\/glyphs\/Z_caron.glif","\/arialnbi.ufo\/glyphs\/Z_dot.glif":"\/arialnbi.ufo\/glyphs\/Z_dot.glif","\/arialnbi.ufo\/glyphs\/Z_eta.glif":"\/arialnbi.ufo\/glyphs\/Z_eta.glif","\/arialnbi.ufo\/glyphs\/_notdef.glif":"\/arialnbi.ufo\/glyphs\/_notdef.glif","\/arialnbi.ufo\/glyphs\/_null.glif":"\/arialnbi.ufo\/glyphs\/_null.glif","\/arialnbi.ufo\/glyphs\/a.glif":"\/arialnbi.ufo\/glyphs\/a.glif","\/arialnbi.ufo\/glyphs\/aacute.glif":"\/arialnbi.ufo\/glyphs\/aacute.glif","\/arialnbi.ufo\/glyphs\/abreve.glif":"\/arialnbi.ufo\/glyphs\/abreve.glif","\/arialnbi.ufo\/glyphs\/acircumflex.glif":"\/arialnbi.ufo\/glyphs\/acircumflex.glif","\/arialnbi.ufo\/glyphs\/acute.glif":"\/arialnbi.ufo\/glyphs\/acute.glif","\/arialnbi.ufo\/glyphs\/adieresis.glif":"\/arialnbi.ufo\/glyphs\/adieresis.glif","\/arialnbi.ufo\/glyphs\/ae.glif":"\/arialnbi.ufo\/glyphs\/ae.glif","\/arialnbi.ufo\/glyphs\/aeacute.glif":"\/arialnbi.ufo\/glyphs\/aeacute.glif","\/arialnbi.ufo\/glyphs\/afii00208.glif":"\/arialnbi.ufo\/glyphs\/afii00208.glif","\/arialnbi.ufo\/glyphs\/afii08941.glif":"\/arialnbi.ufo\/glyphs\/afii08941.glif","\/arialnbi.ufo\/glyphs\/afii10017.glif":"\/arialnbi.ufo\/glyphs\/afii10017.glif","\/arialnbi.ufo\/glyphs\/afii10018.glif":"\/arialnbi.ufo\/glyphs\/afii10018.glif","\/arialnbi.ufo\/glyphs\/afii10019.glif":"\/arialnbi.ufo\/glyphs\/afii10019.glif","\/arialnbi.ufo\/glyphs\/afii10020.glif":"\/arialnbi.ufo\/glyphs\/afii10020.glif","\/arialnbi.ufo\/glyphs\/afii10021.glif":"\/arialnbi.ufo\/glyphs\/afii10021.glif","\/arialnbi.ufo\/glyphs\/afii10022.glif":"\/arialnbi.ufo\/glyphs\/afii10022.glif","\/arialnbi.ufo\/glyphs\/afii10023.glif":"\/arialnbi.ufo\/glyphs\/afii10023.glif","\/arialnbi.ufo\/glyphs\/afii10024.glif":"\/arialnbi.ufo\/glyphs\/afii10024.glif","\/arialnbi.ufo\/glyphs\/afii10025.glif":"\/arialnbi.ufo\/glyphs\/afii10025.glif","\/arialnbi.ufo\/glyphs\/afii10026.glif":"\/arialnbi.ufo\/glyphs\/afii10026.glif","\/arialnbi.ufo\/glyphs\/afii10027.glif":"\/arialnbi.ufo\/glyphs\/afii10027.glif","\/arialnbi.ufo\/glyphs\/afii10028.glif":"\/arialnbi.ufo\/glyphs\/afii10028.glif","\/arialnbi.ufo\/glyphs\/afii10029.glif":"\/arialnbi.ufo\/glyphs\/afii10029.glif","\/arialnbi.ufo\/glyphs\/afii10030.glif":"\/arialnbi.ufo\/glyphs\/afii10030.glif","\/arialnbi.ufo\/glyphs\/afii10031.glif":"\/arialnbi.ufo\/glyphs\/afii10031.glif","\/arialnbi.ufo\/glyphs\/afii10032.glif":"\/arialnbi.ufo\/glyphs\/afii10032.glif","\/arialnbi.ufo\/glyphs\/afii10033.glif":"\/arialnbi.ufo\/glyphs\/afii10033.glif","\/arialnbi.ufo\/glyphs\/afii10034.glif":"\/arialnbi.ufo\/glyphs\/afii10034.glif","\/arialnbi.ufo\/glyphs\/afii10035.glif":"\/arialnbi.ufo\/glyphs\/afii10035.glif","\/arialnbi.ufo\/glyphs\/afii10036.glif":"\/arialnbi.ufo\/glyphs\/afii10036.glif","\/arialnbi.ufo\/glyphs\/afii10037.glif":"\/arialnbi.ufo\/glyphs\/afii10037.glif","\/arialnbi.ufo\/glyphs\/afii10038.glif":"\/arialnbi.ufo\/glyphs\/afii10038.glif","\/arialnbi.ufo\/glyphs\/afii10039.glif":"\/arialnbi.ufo\/glyphs\/afii10039.glif","\/arialnbi.ufo\/glyphs\/afii10040.glif":"\/arialnbi.ufo\/glyphs\/afii10040.glif","\/arialnbi.ufo\/glyphs\/afii10041.glif":"\/arialnbi.ufo\/glyphs\/afii10041.glif","\/arialnbi.ufo\/glyphs\/afii10042.glif":"\/arialnbi.ufo\/glyphs\/afii10042.glif","\/arialnbi.ufo\/glyphs\/afii10043.glif":"\/arialnbi.ufo\/glyphs\/afii10043.glif","\/arialnbi.ufo\/glyphs\/afii10044.glif":"\/arialnbi.ufo\/glyphs\/afii10044.glif","\/arialnbi.ufo\/glyphs\/afii10045.glif":"\/arialnbi.ufo\/glyphs\/afii10045.glif","\/arialnbi.ufo\/glyphs\/afii10046.glif":"\/arialnbi.ufo\/glyphs\/afii10046.glif","\/arialnbi.ufo\/glyphs\/afii10047.glif":"\/arialnbi.ufo\/glyphs\/afii10047.glif","\/arialnbi.ufo\/glyphs\/afii10048.glif":"\/arialnbi.ufo\/glyphs\/afii10048.glif","\/arialnbi.ufo\/glyphs\/afii10049.glif":"\/arialnbi.ufo\/glyphs\/afii10049.glif","\/arialnbi.ufo\/glyphs\/afii10050.glif":"\/arialnbi.ufo\/glyphs\/afii10050.glif","\/arialnbi.ufo\/glyphs\/afii10051.glif":"\/arialnbi.ufo\/glyphs\/afii10051.glif","\/arialnbi.ufo\/glyphs\/afii10052.glif":"\/arialnbi.ufo\/glyphs\/afii10052.glif","\/arialnbi.ufo\/glyphs\/afii10053.glif":"\/arialnbi.ufo\/glyphs\/afii10053.glif","\/arialnbi.ufo\/glyphs\/afii10054.glif":"\/arialnbi.ufo\/glyphs\/afii10054.glif","\/arialnbi.ufo\/glyphs\/afii10055.glif":"\/arialnbi.ufo\/glyphs\/afii10055.glif","\/arialnbi.ufo\/glyphs\/afii10056.glif":"\/arialnbi.ufo\/glyphs\/afii10056.glif","\/arialnbi.ufo\/glyphs\/afii10057.glif":"\/arialnbi.ufo\/glyphs\/afii10057.glif","\/arialnbi.ufo\/glyphs\/afii10058.glif":"\/arialnbi.ufo\/glyphs\/afii10058.glif","\/arialnbi.ufo\/glyphs\/afii10059.glif":"\/arialnbi.ufo\/glyphs\/afii10059.glif","\/arialnbi.ufo\/glyphs\/afii10060.glif":"\/arialnbi.ufo\/glyphs\/afii10060.glif","\/arialnbi.ufo\/glyphs\/afii10061.glif":"\/arialnbi.ufo\/glyphs\/afii10061.glif","\/arialnbi.ufo\/glyphs\/afii10062.glif":"\/arialnbi.ufo\/glyphs\/afii10062.glif","\/arialnbi.ufo\/glyphs\/afii10065.glif":"\/arialnbi.ufo\/glyphs\/afii10065.glif","\/arialnbi.ufo\/glyphs\/afii10066.glif":"\/arialnbi.ufo\/glyphs\/afii10066.glif","\/arialnbi.ufo\/glyphs\/afii10067.glif":"\/arialnbi.ufo\/glyphs\/afii10067.glif","\/arialnbi.ufo\/glyphs\/afii10068.glif":"\/arialnbi.ufo\/glyphs\/afii10068.glif","\/arialnbi.ufo\/glyphs\/afii10069.glif":"\/arialnbi.ufo\/glyphs\/afii10069.glif","\/arialnbi.ufo\/glyphs\/afii10070.glif":"\/arialnbi.ufo\/glyphs\/afii10070.glif","\/arialnbi.ufo\/glyphs\/afii10071.glif":"\/arialnbi.ufo\/glyphs\/afii10071.glif","\/arialnbi.ufo\/glyphs\/afii10072.glif":"\/arialnbi.ufo\/glyphs\/afii10072.glif","\/arialnbi.ufo\/glyphs\/afii10073.glif":"\/arialnbi.ufo\/glyphs\/afii10073.glif","\/arialnbi.ufo\/glyphs\/afii10074.glif":"\/arialnbi.ufo\/glyphs\/afii10074.glif","\/arialnbi.ufo\/glyphs\/afii10075.glif":"\/arialnbi.ufo\/glyphs\/afii10075.glif","\/arialnbi.ufo\/glyphs\/afii10076.glif":"\/arialnbi.ufo\/glyphs\/afii10076.glif","\/arialnbi.ufo\/glyphs\/afii10077.glif":"\/arialnbi.ufo\/glyphs\/afii10077.glif","\/arialnbi.ufo\/glyphs\/afii10078.glif":"\/arialnbi.ufo\/glyphs\/afii10078.glif","\/arialnbi.ufo\/glyphs\/afii10079.glif":"\/arialnbi.ufo\/glyphs\/afii10079.glif","\/arialnbi.ufo\/glyphs\/afii10080.glif":"\/arialnbi.ufo\/glyphs\/afii10080.glif","\/arialnbi.ufo\/glyphs\/afii10081.glif":"\/arialnbi.ufo\/glyphs\/afii10081.glif","\/arialnbi.ufo\/glyphs\/afii10082.glif":"\/arialnbi.ufo\/glyphs\/afii10082.glif","\/arialnbi.ufo\/glyphs\/afii10083.glif":"\/arialnbi.ufo\/glyphs\/afii10083.glif","\/arialnbi.ufo\/glyphs\/afii10084.glif":"\/arialnbi.ufo\/glyphs\/afii10084.glif","\/arialnbi.ufo\/glyphs\/afii10085.glif":"\/arialnbi.ufo\/glyphs\/afii10085.glif","\/arialnbi.ufo\/glyphs\/afii10086.glif":"\/arialnbi.ufo\/glyphs\/afii10086.glif","\/arialnbi.ufo\/glyphs\/afii10087.glif":"\/arialnbi.ufo\/glyphs\/afii10087.glif","\/arialnbi.ufo\/glyphs\/afii10088.glif":"\/arialnbi.ufo\/glyphs\/afii10088.glif","\/arialnbi.ufo\/glyphs\/afii10089.glif":"\/arialnbi.ufo\/glyphs\/afii10089.glif","\/arialnbi.ufo\/glyphs\/afii10090.glif":"\/arialnbi.ufo\/glyphs\/afii10090.glif","\/arialnbi.ufo\/glyphs\/afii10091.glif":"\/arialnbi.ufo\/glyphs\/afii10091.glif","\/arialnbi.ufo\/glyphs\/afii10092.glif":"\/arialnbi.ufo\/glyphs\/afii10092.glif","\/arialnbi.ufo\/glyphs\/afii10093.glif":"\/arialnbi.ufo\/glyphs\/afii10093.glif","\/arialnbi.ufo\/glyphs\/afii10094.glif":"\/arialnbi.ufo\/glyphs\/afii10094.glif","\/arialnbi.ufo\/glyphs\/afii10095.glif":"\/arialnbi.ufo\/glyphs\/afii10095.glif","\/arialnbi.ufo\/glyphs\/afii10096.glif":"\/arialnbi.ufo\/glyphs\/afii10096.glif","\/arialnbi.ufo\/glyphs\/afii10097.glif":"\/arialnbi.ufo\/glyphs\/afii10097.glif","\/arialnbi.ufo\/glyphs\/afii10098.glif":"\/arialnbi.ufo\/glyphs\/afii10098.glif","\/arialnbi.ufo\/glyphs\/afii10099.glif":"\/arialnbi.ufo\/glyphs\/afii10099.glif","\/arialnbi.ufo\/glyphs\/afii10100.glif":"\/arialnbi.ufo\/glyphs\/afii10100.glif","\/arialnbi.ufo\/glyphs\/afii10101.glif":"\/arialnbi.ufo\/glyphs\/afii10101.glif","\/arialnbi.ufo\/glyphs\/afii10102.glif":"\/arialnbi.ufo\/glyphs\/afii10102.glif","\/arialnbi.ufo\/glyphs\/afii10103.glif":"\/arialnbi.ufo\/glyphs\/afii10103.glif","\/arialnbi.ufo\/glyphs\/afii10104.glif":"\/arialnbi.ufo\/glyphs\/afii10104.glif","\/arialnbi.ufo\/glyphs\/afii10105.glif":"\/arialnbi.ufo\/glyphs\/afii10105.glif","\/arialnbi.ufo\/glyphs\/afii10106.glif":"\/arialnbi.ufo\/glyphs\/afii10106.glif","\/arialnbi.ufo\/glyphs\/afii10107.glif":"\/arialnbi.ufo\/glyphs\/afii10107.glif","\/arialnbi.ufo\/glyphs\/afii10108.glif":"\/arialnbi.ufo\/glyphs\/afii10108.glif","\/arialnbi.ufo\/glyphs\/afii10109.glif":"\/arialnbi.ufo\/glyphs\/afii10109.glif","\/arialnbi.ufo\/glyphs\/afii10110.glif":"\/arialnbi.ufo\/glyphs\/afii10110.glif","\/arialnbi.ufo\/glyphs\/afii10145.glif":"\/arialnbi.ufo\/glyphs\/afii10145.glif","\/arialnbi.ufo\/glyphs\/afii10193.glif":"\/arialnbi.ufo\/glyphs\/afii10193.glif","\/arialnbi.ufo\/glyphs\/afii61248.glif":"\/arialnbi.ufo\/glyphs\/afii61248.glif","\/arialnbi.ufo\/glyphs\/afii61289.glif":"\/arialnbi.ufo\/glyphs\/afii61289.glif","\/arialnbi.ufo\/glyphs\/afii61352.glif":"\/arialnbi.ufo\/glyphs\/afii61352.glif","\/arialnbi.ufo\/glyphs\/agrave.glif":"\/arialnbi.ufo\/glyphs\/agrave.glif","\/arialnbi.ufo\/glyphs\/alpha.glif":"\/arialnbi.ufo\/glyphs\/alpha.glif","\/arialnbi.ufo\/glyphs\/alphatonos.glif":"\/arialnbi.ufo\/glyphs\/alphatonos.glif","\/arialnbi.ufo\/glyphs\/amacron.glif":"\/arialnbi.ufo\/glyphs\/amacron.glif","\/arialnbi.ufo\/glyphs\/ampersand.glif":"\/arialnbi.ufo\/glyphs\/ampersand.glif","\/arialnbi.ufo\/glyphs\/anoteleia.glif":"\/arialnbi.ufo\/glyphs\/anoteleia.glif","\/arialnbi.ufo\/glyphs\/aogonek.glif":"\/arialnbi.ufo\/glyphs\/aogonek.glif","\/arialnbi.ufo\/glyphs\/approxequal.glif":"\/arialnbi.ufo\/glyphs\/approxequal.glif","\/arialnbi.ufo\/glyphs\/aring.glif":"\/arialnbi.ufo\/glyphs\/aring.glif","\/arialnbi.ufo\/glyphs\/aringacute.glif":"\/arialnbi.ufo\/glyphs\/aringacute.glif","\/arialnbi.ufo\/glyphs\/arrowboth.glif":"\/arialnbi.ufo\/glyphs\/arrowboth.glif","\/arialnbi.ufo\/glyphs\/arrowdown.glif":"\/arialnbi.ufo\/glyphs\/arrowdown.glif","\/arialnbi.ufo\/glyphs\/arrowleft.glif":"\/arialnbi.ufo\/glyphs\/arrowleft.glif","\/arialnbi.ufo\/glyphs\/arrowright.glif":"\/arialnbi.ufo\/glyphs\/arrowright.glif","\/arialnbi.ufo\/glyphs\/arrowup.glif":"\/arialnbi.ufo\/glyphs\/arrowup.glif","\/arialnbi.ufo\/glyphs\/arrowupdn.glif":"\/arialnbi.ufo\/glyphs\/arrowupdn.glif","\/arialnbi.ufo\/glyphs\/arrowupdnbse.glif":"\/arialnbi.ufo\/glyphs\/arrowupdnbse.glif","\/arialnbi.ufo\/glyphs\/asciicircum.glif":"\/arialnbi.ufo\/glyphs\/asciicircum.glif","\/arialnbi.ufo\/glyphs\/asciitilde.glif":"\/arialnbi.ufo\/glyphs\/asciitilde.glif","\/arialnbi.ufo\/glyphs\/asterisk.glif":"\/arialnbi.ufo\/glyphs\/asterisk.glif","\/arialnbi.ufo\/glyphs\/at.glif":"\/arialnbi.ufo\/glyphs\/at.glif","\/arialnbi.ufo\/glyphs\/atilde.glif":"\/arialnbi.ufo\/glyphs\/atilde.glif","\/arialnbi.ufo\/glyphs\/b.glif":"\/arialnbi.ufo\/glyphs\/b.glif","\/arialnbi.ufo\/glyphs\/backslash.glif":"\/arialnbi.ufo\/glyphs\/backslash.glif","\/arialnbi.ufo\/glyphs\/bar.glif":"\/arialnbi.ufo\/glyphs\/bar.glif","\/arialnbi.ufo\/glyphs\/beta.glif":"\/arialnbi.ufo\/glyphs\/beta.glif","\/arialnbi.ufo\/glyphs\/block.glif":"\/arialnbi.ufo\/glyphs\/block.glif","\/arialnbi.ufo\/glyphs\/braceleft.glif":"\/arialnbi.ufo\/glyphs\/braceleft.glif","\/arialnbi.ufo\/glyphs\/braceright.glif":"\/arialnbi.ufo\/glyphs\/braceright.glif","\/arialnbi.ufo\/glyphs\/bracketleft.glif":"\/arialnbi.ufo\/glyphs\/bracketleft.glif","\/arialnbi.ufo\/glyphs\/bracketright.glif":"\/arialnbi.ufo\/glyphs\/bracketright.glif","\/arialnbi.ufo\/glyphs\/breve.glif":"\/arialnbi.ufo\/glyphs\/breve.glif","\/arialnbi.ufo\/glyphs\/brokenbar.glif":"\/arialnbi.ufo\/glyphs\/brokenbar.glif","\/arialnbi.ufo\/glyphs\/bullet.glif":"\/arialnbi.ufo\/glyphs\/bullet.glif","\/arialnbi.ufo\/glyphs\/c.glif":"\/arialnbi.ufo\/glyphs\/c.glif","\/arialnbi.ufo\/glyphs\/cacute.glif":"\/arialnbi.ufo\/glyphs\/cacute.glif","\/arialnbi.ufo\/glyphs\/caron.glif":"\/arialnbi.ufo\/glyphs\/caron.glif","\/arialnbi.ufo\/glyphs\/ccaron.glif":"\/arialnbi.ufo\/glyphs\/ccaron.glif","\/arialnbi.ufo\/glyphs\/ccedilla.glif":"\/arialnbi.ufo\/glyphs\/ccedilla.glif","\/arialnbi.ufo\/glyphs\/ccircumflex.glif":"\/arialnbi.ufo\/glyphs\/ccircumflex.glif","\/arialnbi.ufo\/glyphs\/cdot.glif":"\/arialnbi.ufo\/glyphs\/cdot.glif","\/arialnbi.ufo\/glyphs\/cedilla.glif":"\/arialnbi.ufo\/glyphs\/cedilla.glif","\/arialnbi.ufo\/glyphs\/cent.glif":"\/arialnbi.ufo\/glyphs\/cent.glif","\/arialnbi.ufo\/glyphs\/chi.glif":"\/arialnbi.ufo\/glyphs\/chi.glif","\/arialnbi.ufo\/glyphs\/circle.glif":"\/arialnbi.ufo\/glyphs\/circle.glif","\/arialnbi.ufo\/glyphs\/circumflex.glif":"\/arialnbi.ufo\/glyphs\/circumflex.glif","\/arialnbi.ufo\/glyphs\/club.glif":"\/arialnbi.ufo\/glyphs\/club.glif","\/arialnbi.ufo\/glyphs\/colon.glif":"\/arialnbi.ufo\/glyphs\/colon.glif","\/arialnbi.ufo\/glyphs\/comma.glif":"\/arialnbi.ufo\/glyphs\/comma.glif","\/arialnbi.ufo\/glyphs\/commaaccent.glif":"\/arialnbi.ufo\/glyphs\/commaaccent.glif","\/arialnbi.ufo\/glyphs\/contents.plist":"\/arialnbi.ufo\/glyphs\/contents.plist","\/arialnbi.ufo\/glyphs\/copyright.glif":"\/arialnbi.ufo\/glyphs\/copyright.glif","\/arialnbi.ufo\/glyphs\/currency.glif":"\/arialnbi.ufo\/glyphs\/currency.glif","\/arialnbi.ufo\/glyphs\/d.glif":"\/arialnbi.ufo\/glyphs\/d.glif","\/arialnbi.ufo\/glyphs\/dagger.glif":"\/arialnbi.ufo\/glyphs\/dagger.glif","\/arialnbi.ufo\/glyphs\/daggerdbl.glif":"\/arialnbi.ufo\/glyphs\/daggerdbl.glif","\/arialnbi.ufo\/glyphs\/dcaron.glif":"\/arialnbi.ufo\/glyphs\/dcaron.glif","\/arialnbi.ufo\/glyphs\/degree.glif":"\/arialnbi.ufo\/glyphs\/degree.glif","\/arialnbi.ufo\/glyphs\/delta.glif":"\/arialnbi.ufo\/glyphs\/delta.glif","\/arialnbi.ufo\/glyphs\/diamond.glif":"\/arialnbi.ufo\/glyphs\/diamond.glif","\/arialnbi.ufo\/glyphs\/dieresis.glif":"\/arialnbi.ufo\/glyphs\/dieresis.glif","\/arialnbi.ufo\/glyphs\/dieresistonos.glif":"\/arialnbi.ufo\/glyphs\/dieresistonos.glif","\/arialnbi.ufo\/glyphs\/divide.glif":"\/arialnbi.ufo\/glyphs\/divide.glif","\/arialnbi.ufo\/glyphs\/dkshade.glif":"\/arialnbi.ufo\/glyphs\/dkshade.glif","\/arialnbi.ufo\/glyphs\/dmacron.glif":"\/arialnbi.ufo\/glyphs\/dmacron.glif","\/arialnbi.ufo\/glyphs\/dnblock.glif":"\/arialnbi.ufo\/glyphs\/dnblock.glif","\/arialnbi.ufo\/glyphs\/dollar.glif":"\/arialnbi.ufo\/glyphs\/dollar.glif","\/arialnbi.ufo\/glyphs\/dotaccent.glif":"\/arialnbi.ufo\/glyphs\/dotaccent.glif","\/arialnbi.ufo\/glyphs\/dotlessi.glif":"\/arialnbi.ufo\/glyphs\/dotlessi.glif","\/arialnbi.ufo\/glyphs\/e.glif":"\/arialnbi.ufo\/glyphs\/e.glif","\/arialnbi.ufo\/glyphs\/eacute.glif":"\/arialnbi.ufo\/glyphs\/eacute.glif","\/arialnbi.ufo\/glyphs\/ebreve.glif":"\/arialnbi.ufo\/glyphs\/ebreve.glif","\/arialnbi.ufo\/glyphs\/ecaron.glif":"\/arialnbi.ufo\/glyphs\/ecaron.glif","\/arialnbi.ufo\/glyphs\/ecircumflex.glif":"\/arialnbi.ufo\/glyphs\/ecircumflex.glif","\/arialnbi.ufo\/glyphs\/edieresis.glif":"\/arialnbi.ufo\/glyphs\/edieresis.glif","\/arialnbi.ufo\/glyphs\/edot.glif":"\/arialnbi.ufo\/glyphs\/edot.glif","\/arialnbi.ufo\/glyphs\/egrave.glif":"\/arialnbi.ufo\/glyphs\/egrave.glif","\/arialnbi.ufo\/glyphs\/eight.glif":"\/arialnbi.ufo\/glyphs\/eight.glif","\/arialnbi.ufo\/glyphs\/eightsuperior.glif":"\/arialnbi.ufo\/glyphs\/eightsuperior.glif","\/arialnbi.ufo\/glyphs\/ellipsis.glif":"\/arialnbi.ufo\/glyphs\/ellipsis.glif","\/arialnbi.ufo\/glyphs\/emacron.glif":"\/arialnbi.ufo\/glyphs\/emacron.glif","\/arialnbi.ufo\/glyphs\/emdash.glif":"\/arialnbi.ufo\/glyphs\/emdash.glif","\/arialnbi.ufo\/glyphs\/endash.glif":"\/arialnbi.ufo\/glyphs\/endash.glif","\/arialnbi.ufo\/glyphs\/eng.glif":"\/arialnbi.ufo\/glyphs\/eng.glif","\/arialnbi.ufo\/glyphs\/eogonek.glif":"\/arialnbi.ufo\/glyphs\/eogonek.glif","\/arialnbi.ufo\/glyphs\/epsilon.glif":"\/arialnbi.ufo\/glyphs\/epsilon.glif","\/arialnbi.ufo\/glyphs\/epsilontonos.glif":"\/arialnbi.ufo\/glyphs\/epsilontonos.glif","\/arialnbi.ufo\/glyphs\/equal.glif":"\/arialnbi.ufo\/glyphs\/equal.glif","\/arialnbi.ufo\/glyphs\/equivalence.glif":"\/arialnbi.ufo\/glyphs\/equivalence.glif","\/arialnbi.ufo\/glyphs\/estimated.glif":"\/arialnbi.ufo\/glyphs\/estimated.glif","\/arialnbi.ufo\/glyphs\/eta.glif":"\/arialnbi.ufo\/glyphs\/eta.glif","\/arialnbi.ufo\/glyphs\/etatonos.glif":"\/arialnbi.ufo\/glyphs\/etatonos.glif","\/arialnbi.ufo\/glyphs\/eth.glif":"\/arialnbi.ufo\/glyphs\/eth.glif","\/arialnbi.ufo\/glyphs\/exclam.glif":"\/arialnbi.ufo\/glyphs\/exclam.glif","\/arialnbi.ufo\/glyphs\/exclamdbl.glif":"\/arialnbi.ufo\/glyphs\/exclamdbl.glif","\/arialnbi.ufo\/glyphs\/exclamdown.glif":"\/arialnbi.ufo\/glyphs\/exclamdown.glif","\/arialnbi.ufo\/glyphs\/f.glif":"\/arialnbi.ufo\/glyphs\/f.glif","\/arialnbi.ufo\/glyphs\/female.glif":"\/arialnbi.ufo\/glyphs\/female.glif","\/arialnbi.ufo\/glyphs\/fi.glif":"\/arialnbi.ufo\/glyphs\/fi.glif","\/arialnbi.ufo\/glyphs\/filledbox.glif":"\/arialnbi.ufo\/glyphs\/filledbox.glif","\/arialnbi.ufo\/glyphs\/filledrect.glif":"\/arialnbi.ufo\/glyphs\/filledrect.glif","\/arialnbi.ufo\/glyphs\/five.glif":"\/arialnbi.ufo\/glyphs\/five.glif","\/arialnbi.ufo\/glyphs\/fiveeighths.glif":"\/arialnbi.ufo\/glyphs\/fiveeighths.glif","\/arialnbi.ufo\/glyphs\/fivesuperior.glif":"\/arialnbi.ufo\/glyphs\/fivesuperior.glif","\/arialnbi.ufo\/glyphs\/fl.glif":"\/arialnbi.ufo\/glyphs\/fl.glif","\/arialnbi.ufo\/glyphs\/florin.glif":"\/arialnbi.ufo\/glyphs\/florin.glif","\/arialnbi.ufo\/glyphs\/four.glif":"\/arialnbi.ufo\/glyphs\/four.glif","\/arialnbi.ufo\/glyphs\/foursuperior.glif":"\/arialnbi.ufo\/glyphs\/foursuperior.glif","\/arialnbi.ufo\/glyphs\/fraction.glif":"\/arialnbi.ufo\/glyphs\/fraction.glif","\/arialnbi.ufo\/glyphs\/franc.glif":"\/arialnbi.ufo\/glyphs\/franc.glif","\/arialnbi.ufo\/glyphs\/g.glif":"\/arialnbi.ufo\/glyphs\/g.glif","\/arialnbi.ufo\/glyphs\/gamma.glif":"\/arialnbi.ufo\/glyphs\/gamma.glif","\/arialnbi.ufo\/glyphs\/gbreve.glif":"\/arialnbi.ufo\/glyphs\/gbreve.glif","\/arialnbi.ufo\/glyphs\/gcedilla.glif":"\/arialnbi.ufo\/glyphs\/gcedilla.glif","\/arialnbi.ufo\/glyphs\/gcircumflex.glif":"\/arialnbi.ufo\/glyphs\/gcircumflex.glif","\/arialnbi.ufo\/glyphs\/gdot.glif":"\/arialnbi.ufo\/glyphs\/gdot.glif","\/arialnbi.ufo\/glyphs\/germandbls.glif":"\/arialnbi.ufo\/glyphs\/germandbls.glif","\/arialnbi.ufo\/glyphs\/glyph525.glif":"\/arialnbi.ufo\/glyphs\/glyph525.glif","\/arialnbi.ufo\/glyphs\/glyph662.glif":"\/arialnbi.ufo\/glyphs\/glyph662.glif","\/arialnbi.ufo\/glyphs\/grave.glif":"\/arialnbi.ufo\/glyphs\/grave.glif","\/arialnbi.ufo\/glyphs\/greater.glif":"\/arialnbi.ufo\/glyphs\/greater.glif","\/arialnbi.ufo\/glyphs\/greaterequal.glif":"\/arialnbi.ufo\/glyphs\/greaterequal.glif","\/arialnbi.ufo\/glyphs\/guillemotleft.glif":"\/arialnbi.ufo\/glyphs\/guillemotleft.glif","\/arialnbi.ufo\/glyphs\/guillemotright.glif":"\/arialnbi.ufo\/glyphs\/guillemotright.glif","\/arialnbi.ufo\/glyphs\/guilsinglleft.glif":"\/arialnbi.ufo\/glyphs\/guilsinglleft.glif","\/arialnbi.ufo\/glyphs\/guilsinglright.glif":"\/arialnbi.ufo\/glyphs\/guilsinglright.glif","\/arialnbi.ufo\/glyphs\/h.glif":"\/arialnbi.ufo\/glyphs\/h.glif","\/arialnbi.ufo\/glyphs\/hbar.glif":"\/arialnbi.ufo\/glyphs\/hbar.glif","\/arialnbi.ufo\/glyphs\/hcircumflex.glif":"\/arialnbi.ufo\/glyphs\/hcircumflex.glif","\/arialnbi.ufo\/glyphs\/heart.glif":"\/arialnbi.ufo\/glyphs\/heart.glif","\/arialnbi.ufo\/glyphs\/house.glif":"\/arialnbi.ufo\/glyphs\/house.glif","\/arialnbi.ufo\/glyphs\/hungarumlaut.glif":"\/arialnbi.ufo\/glyphs\/hungarumlaut.glif","\/arialnbi.ufo\/glyphs\/hyphen.glif":"\/arialnbi.ufo\/glyphs\/hyphen.glif","\/arialnbi.ufo\/glyphs\/i.glif":"\/arialnbi.ufo\/glyphs\/i.glif","\/arialnbi.ufo\/glyphs\/iacute.glif":"\/arialnbi.ufo\/glyphs\/iacute.glif","\/arialnbi.ufo\/glyphs\/ibreve.glif":"\/arialnbi.ufo\/glyphs\/ibreve.glif","\/arialnbi.ufo\/glyphs\/icircumflex.glif":"\/arialnbi.ufo\/glyphs\/icircumflex.glif","\/arialnbi.ufo\/glyphs\/idieresis.glif":"\/arialnbi.ufo\/glyphs\/idieresis.glif","\/arialnbi.ufo\/glyphs\/igrave.glif":"\/arialnbi.ufo\/glyphs\/igrave.glif","\/arialnbi.ufo\/glyphs\/ij.glif":"\/arialnbi.ufo\/glyphs\/ij.glif","\/arialnbi.ufo\/glyphs\/imacron.glif":"\/arialnbi.ufo\/glyphs\/imacron.glif","\/arialnbi.ufo\/glyphs\/increment.glif":"\/arialnbi.ufo\/glyphs\/increment.glif","\/arialnbi.ufo\/glyphs\/infinity.glif":"\/arialnbi.ufo\/glyphs\/infinity.glif","\/arialnbi.ufo\/glyphs\/integral.glif":"\/arialnbi.ufo\/glyphs\/integral.glif","\/arialnbi.ufo\/glyphs\/integralbt.glif":"\/arialnbi.ufo\/glyphs\/integralbt.glif","\/arialnbi.ufo\/glyphs\/integraltp.glif":"\/arialnbi.ufo\/glyphs\/integraltp.glif","\/arialnbi.ufo\/glyphs\/intersection.glif":"\/arialnbi.ufo\/glyphs\/intersection.glif","\/arialnbi.ufo\/glyphs\/invbullet.glif":"\/arialnbi.ufo\/glyphs\/invbullet.glif","\/arialnbi.ufo\/glyphs\/invcircle.glif":"\/arialnbi.ufo\/glyphs\/invcircle.glif","\/arialnbi.ufo\/glyphs\/invsmileface.glif":"\/arialnbi.ufo\/glyphs\/invsmileface.glif","\/arialnbi.ufo\/glyphs\/iogonek.glif":"\/arialnbi.ufo\/glyphs\/iogonek.glif","\/arialnbi.ufo\/glyphs\/iota.glif":"\/arialnbi.ufo\/glyphs\/iota.glif","\/arialnbi.ufo\/glyphs\/iotadieresis.glif":"\/arialnbi.ufo\/glyphs\/iotadieresis.glif","\/arialnbi.ufo\/glyphs\/iotadieresistonos.glif":"\/arialnbi.ufo\/glyphs\/iotadieresistonos.glif","\/arialnbi.ufo\/glyphs\/iotatonos.glif":"\/arialnbi.ufo\/glyphs\/iotatonos.glif","\/arialnbi.ufo\/glyphs\/itilde.glif":"\/arialnbi.ufo\/glyphs\/itilde.glif","\/arialnbi.ufo\/glyphs\/j.glif":"\/arialnbi.ufo\/glyphs\/j.glif","\/arialnbi.ufo\/glyphs\/jcircumflex.glif":"\/arialnbi.ufo\/glyphs\/jcircumflex.glif","\/arialnbi.ufo\/glyphs\/k.glif":"\/arialnbi.ufo\/glyphs\/k.glif","\/arialnbi.ufo\/glyphs\/kappa.glif":"\/arialnbi.ufo\/glyphs\/kappa.glif","\/arialnbi.ufo\/glyphs\/kcedilla.glif":"\/arialnbi.ufo\/glyphs\/kcedilla.glif","\/arialnbi.ufo\/glyphs\/kgreenlandic.glif":"\/arialnbi.ufo\/glyphs\/kgreenlandic.glif","\/arialnbi.ufo\/glyphs\/l.glif":"\/arialnbi.ufo\/glyphs\/l.glif","\/arialnbi.ufo\/glyphs\/lacute.glif":"\/arialnbi.ufo\/glyphs\/lacute.glif","\/arialnbi.ufo\/glyphs\/lambda.glif":"\/arialnbi.ufo\/glyphs\/lambda.glif","\/arialnbi.ufo\/glyphs\/lcaron.glif":"\/arialnbi.ufo\/glyphs\/lcaron.glif","\/arialnbi.ufo\/glyphs\/lcedilla.glif":"\/arialnbi.ufo\/glyphs\/lcedilla.glif","\/arialnbi.ufo\/glyphs\/ldot.glif":"\/arialnbi.ufo\/glyphs\/ldot.glif","\/arialnbi.ufo\/glyphs\/less.glif":"\/arialnbi.ufo\/glyphs\/less.glif","\/arialnbi.ufo\/glyphs\/lessequal.glif":"\/arialnbi.ufo\/glyphs\/lessequal.glif","\/arialnbi.ufo\/glyphs\/lfblock.glif":"\/arialnbi.ufo\/glyphs\/lfblock.glif","\/arialnbi.ufo\/glyphs\/logicalnot.glif":"\/arialnbi.ufo\/glyphs\/logicalnot.glif","\/arialnbi.ufo\/glyphs\/longs.glif":"\/arialnbi.ufo\/glyphs\/longs.glif","\/arialnbi.ufo\/glyphs\/lozenge.glif":"\/arialnbi.ufo\/glyphs\/lozenge.glif","\/arialnbi.ufo\/glyphs\/lslash.glif":"\/arialnbi.ufo\/glyphs\/lslash.glif","\/arialnbi.ufo\/glyphs\/ltshade.glif":"\/arialnbi.ufo\/glyphs\/ltshade.glif","\/arialnbi.ufo\/glyphs\/m.glif":"\/arialnbi.ufo\/glyphs\/m.glif","\/arialnbi.ufo\/glyphs\/macron.glif":"\/arialnbi.ufo\/glyphs\/macron.glif","\/arialnbi.ufo\/glyphs\/male.glif":"\/arialnbi.ufo\/glyphs\/male.glif","\/arialnbi.ufo\/glyphs\/middot.glif":"\/arialnbi.ufo\/glyphs\/middot.glif","\/arialnbi.ufo\/glyphs\/minus.glif":"\/arialnbi.ufo\/glyphs\/minus.glif","\/arialnbi.ufo\/glyphs\/minute.glif":"\/arialnbi.ufo\/glyphs\/minute.glif","\/arialnbi.ufo\/glyphs\/mu.glif":"\/arialnbi.ufo\/glyphs\/mu.glif","\/arialnbi.ufo\/glyphs\/mu1.glif":"\/arialnbi.ufo\/glyphs\/mu1.glif","\/arialnbi.ufo\/glyphs\/multiply.glif":"\/arialnbi.ufo\/glyphs\/multiply.glif","\/arialnbi.ufo\/glyphs\/musicalnote.glif":"\/arialnbi.ufo\/glyphs\/musicalnote.glif","\/arialnbi.ufo\/glyphs\/musicalnotedbl.glif":"\/arialnbi.ufo\/glyphs\/musicalnotedbl.glif","\/arialnbi.ufo\/glyphs\/n.glif":"\/arialnbi.ufo\/glyphs\/n.glif","\/arialnbi.ufo\/glyphs\/nacute.glif":"\/arialnbi.ufo\/glyphs\/nacute.glif","\/arialnbi.ufo\/glyphs\/napostrophe.glif":"\/arialnbi.ufo\/glyphs\/napostrophe.glif","\/arialnbi.ufo\/glyphs\/ncaron.glif":"\/arialnbi.ufo\/glyphs\/ncaron.glif","\/arialnbi.ufo\/glyphs\/ncedilla.glif":"\/arialnbi.ufo\/glyphs\/ncedilla.glif","\/arialnbi.ufo\/glyphs\/nine.glif":"\/arialnbi.ufo\/glyphs\/nine.glif","\/arialnbi.ufo\/glyphs\/nonmarkingreturn.glif":"\/arialnbi.ufo\/glyphs\/nonmarkingreturn.glif","\/arialnbi.ufo\/glyphs\/notequal.glif":"\/arialnbi.ufo\/glyphs\/notequal.glif","\/arialnbi.ufo\/glyphs\/nsuperior.glif":"\/arialnbi.ufo\/glyphs\/nsuperior.glif","\/arialnbi.ufo\/glyphs\/ntilde.glif":"\/arialnbi.ufo\/glyphs\/ntilde.glif","\/arialnbi.ufo\/glyphs\/nu.glif":"\/arialnbi.ufo\/glyphs\/nu.glif","\/arialnbi.ufo\/glyphs\/numbersign.glif":"\/arialnbi.ufo\/glyphs\/numbersign.glif","\/arialnbi.ufo\/glyphs\/o.glif":"\/arialnbi.ufo\/glyphs\/o.glif","\/arialnbi.ufo\/glyphs\/oacute.glif":"\/arialnbi.ufo\/glyphs\/oacute.glif","\/arialnbi.ufo\/glyphs\/obreve.glif":"\/arialnbi.ufo\/glyphs\/obreve.glif","\/arialnbi.ufo\/glyphs\/ocircumflex.glif":"\/arialnbi.ufo\/glyphs\/ocircumflex.glif","\/arialnbi.ufo\/glyphs\/odblacute.glif":"\/arialnbi.ufo\/glyphs\/odblacute.glif","\/arialnbi.ufo\/glyphs\/odieresis.glif":"\/arialnbi.ufo\/glyphs\/odieresis.glif","\/arialnbi.ufo\/glyphs\/oe.glif":"\/arialnbi.ufo\/glyphs\/oe.glif","\/arialnbi.ufo\/glyphs\/ogonek.glif":"\/arialnbi.ufo\/glyphs\/ogonek.glif","\/arialnbi.ufo\/glyphs\/ograve.glif":"\/arialnbi.ufo\/glyphs\/ograve.glif","\/arialnbi.ufo\/glyphs\/omacron.glif":"\/arialnbi.ufo\/glyphs\/omacron.glif","\/arialnbi.ufo\/glyphs\/omega.glif":"\/arialnbi.ufo\/glyphs\/omega.glif","\/arialnbi.ufo\/glyphs\/omegatonos.glif":"\/arialnbi.ufo\/glyphs\/omegatonos.glif","\/arialnbi.ufo\/glyphs\/omicron.glif":"\/arialnbi.ufo\/glyphs\/omicron.glif","\/arialnbi.ufo\/glyphs\/omicrontonos.glif":"\/arialnbi.ufo\/glyphs\/omicrontonos.glif","\/arialnbi.ufo\/glyphs\/one.glif":"\/arialnbi.ufo\/glyphs\/one.glif","\/arialnbi.ufo\/glyphs\/oneeighth.glif":"\/arialnbi.ufo\/glyphs\/oneeighth.glif","\/arialnbi.ufo\/glyphs\/onehalf.glif":"\/arialnbi.ufo\/glyphs\/onehalf.glif","\/arialnbi.ufo\/glyphs\/onequarter.glif":"\/arialnbi.ufo\/glyphs\/onequarter.glif","\/arialnbi.ufo\/glyphs\/onesuperior.glif":"\/arialnbi.ufo\/glyphs\/onesuperior.glif","\/arialnbi.ufo\/glyphs\/openbullet.glif":"\/arialnbi.ufo\/glyphs\/openbullet.glif","\/arialnbi.ufo\/glyphs\/ordfeminine.glif":"\/arialnbi.ufo\/glyphs\/ordfeminine.glif","\/arialnbi.ufo\/glyphs\/ordmasculine.glif":"\/arialnbi.ufo\/glyphs\/ordmasculine.glif","\/arialnbi.ufo\/glyphs\/orthogonal.glif":"\/arialnbi.ufo\/glyphs\/orthogonal.glif","\/arialnbi.ufo\/glyphs\/oslash.glif":"\/arialnbi.ufo\/glyphs\/oslash.glif","\/arialnbi.ufo\/glyphs\/oslashacute.glif":"\/arialnbi.ufo\/glyphs\/oslashacute.glif","\/arialnbi.ufo\/glyphs\/otilde.glif":"\/arialnbi.ufo\/glyphs\/otilde.glif","\/arialnbi.ufo\/glyphs\/overscore.glif":"\/arialnbi.ufo\/glyphs\/overscore.glif","\/arialnbi.ufo\/glyphs\/p.glif":"\/arialnbi.ufo\/glyphs\/p.glif","\/arialnbi.ufo\/glyphs\/paragraph.glif":"\/arialnbi.ufo\/glyphs\/paragraph.glif","\/arialnbi.ufo\/glyphs\/parenleft.glif":"\/arialnbi.ufo\/glyphs\/parenleft.glif","\/arialnbi.ufo\/glyphs\/parenright.glif":"\/arialnbi.ufo\/glyphs\/parenright.glif","\/arialnbi.ufo\/glyphs\/partialdiff.glif":"\/arialnbi.ufo\/glyphs\/partialdiff.glif","\/arialnbi.ufo\/glyphs\/percent.glif":"\/arialnbi.ufo\/glyphs\/percent.glif","\/arialnbi.ufo\/glyphs\/period.glif":"\/arialnbi.ufo\/glyphs\/period.glif","\/arialnbi.ufo\/glyphs\/periodcentered.glif":"\/arialnbi.ufo\/glyphs\/periodcentered.glif","\/arialnbi.ufo\/glyphs\/perthousand.glif":"\/arialnbi.ufo\/glyphs\/perthousand.glif","\/arialnbi.ufo\/glyphs\/peseta.glif":"\/arialnbi.ufo\/glyphs\/peseta.glif","\/arialnbi.ufo\/glyphs\/phi.glif":"\/arialnbi.ufo\/glyphs\/phi.glif","\/arialnbi.ufo\/glyphs\/pi.glif":"\/arialnbi.ufo\/glyphs\/pi.glif","\/arialnbi.ufo\/glyphs\/pi1.glif":"\/arialnbi.ufo\/glyphs\/pi1.glif","\/arialnbi.ufo\/glyphs\/plus.glif":"\/arialnbi.ufo\/glyphs\/plus.glif","\/arialnbi.ufo\/glyphs\/plusminus.glif":"\/arialnbi.ufo\/glyphs\/plusminus.glif","\/arialnbi.ufo\/glyphs\/product.glif":"\/arialnbi.ufo\/glyphs\/product.glif","\/arialnbi.ufo\/glyphs\/psi.glif":"\/arialnbi.ufo\/glyphs\/psi.glif","\/arialnbi.ufo\/glyphs\/q.glif":"\/arialnbi.ufo\/glyphs\/q.glif","\/arialnbi.ufo\/glyphs\/question.glif":"\/arialnbi.ufo\/glyphs\/question.glif","\/arialnbi.ufo\/glyphs\/questiondown.glif":"\/arialnbi.ufo\/glyphs\/questiondown.glif","\/arialnbi.ufo\/glyphs\/quotedbl.glif":"\/arialnbi.ufo\/glyphs\/quotedbl.glif","\/arialnbi.ufo\/glyphs\/quotedblbase.glif":"\/arialnbi.ufo\/glyphs\/quotedblbase.glif","\/arialnbi.ufo\/glyphs\/quotedblleft.glif":"\/arialnbi.ufo\/glyphs\/quotedblleft.glif","\/arialnbi.ufo\/glyphs\/quotedblright.glif":"\/arialnbi.ufo\/glyphs\/quotedblright.glif","\/arialnbi.ufo\/glyphs\/quoteleft.glif":"\/arialnbi.ufo\/glyphs\/quoteleft.glif","\/arialnbi.ufo\/glyphs\/quotereversed.glif":"\/arialnbi.ufo\/glyphs\/quotereversed.glif","\/arialnbi.ufo\/glyphs\/quoteright.glif":"\/arialnbi.ufo\/glyphs\/quoteright.glif","\/arialnbi.ufo\/glyphs\/quotesinglbase.glif":"\/arialnbi.ufo\/glyphs\/quotesinglbase.glif","\/arialnbi.ufo\/glyphs\/quotesingle.glif":"\/arialnbi.ufo\/glyphs\/quotesingle.glif","\/arialnbi.ufo\/glyphs\/r.glif":"\/arialnbi.ufo\/glyphs\/r.glif","\/arialnbi.ufo\/glyphs\/racute.glif":"\/arialnbi.ufo\/glyphs\/racute.glif","\/arialnbi.ufo\/glyphs\/radical.glif":"\/arialnbi.ufo\/glyphs\/radical.glif","\/arialnbi.ufo\/glyphs\/radicalex.glif":"\/arialnbi.ufo\/glyphs\/radicalex.glif","\/arialnbi.ufo\/glyphs\/rcaron.glif":"\/arialnbi.ufo\/glyphs\/rcaron.glif","\/arialnbi.ufo\/glyphs\/rcedilla.glif":"\/arialnbi.ufo\/glyphs\/rcedilla.glif","\/arialnbi.ufo\/glyphs\/registered.glif":"\/arialnbi.ufo\/glyphs\/registered.glif","\/arialnbi.ufo\/glyphs\/revlogicalnot.glif":"\/arialnbi.ufo\/glyphs\/revlogicalnot.glif","\/arialnbi.ufo\/glyphs\/rho.glif":"\/arialnbi.ufo\/glyphs\/rho.glif","\/arialnbi.ufo\/glyphs\/ring.glif":"\/arialnbi.ufo\/glyphs\/ring.glif","\/arialnbi.ufo\/glyphs\/rtblock.glif":"\/arialnbi.ufo\/glyphs\/rtblock.glif","\/arialnbi.ufo\/glyphs\/s.glif":"\/arialnbi.ufo\/glyphs\/s.glif","\/arialnbi.ufo\/glyphs\/sacute.glif":"\/arialnbi.ufo\/glyphs\/sacute.glif","\/arialnbi.ufo\/glyphs\/scaron.glif":"\/arialnbi.ufo\/glyphs\/scaron.glif","\/arialnbi.ufo\/glyphs\/scedilla.glif":"\/arialnbi.ufo\/glyphs\/scedilla.glif","\/arialnbi.ufo\/glyphs\/scircumflex.glif":"\/arialnbi.ufo\/glyphs\/scircumflex.glif","\/arialnbi.ufo\/glyphs\/second.glif":"\/arialnbi.ufo\/glyphs\/second.glif","\/arialnbi.ufo\/glyphs\/section.glif":"\/arialnbi.ufo\/glyphs\/section.glif","\/arialnbi.ufo\/glyphs\/semicolon.glif":"\/arialnbi.ufo\/glyphs\/semicolon.glif","\/arialnbi.ufo\/glyphs\/seven.glif":"\/arialnbi.ufo\/glyphs\/seven.glif","\/arialnbi.ufo\/glyphs\/seveneighths.glif":"\/arialnbi.ufo\/glyphs\/seveneighths.glif","\/arialnbi.ufo\/glyphs\/sevensuperior.glif":"\/arialnbi.ufo\/glyphs\/sevensuperior.glif","\/arialnbi.ufo\/glyphs\/shade.glif":"\/arialnbi.ufo\/glyphs\/shade.glif","\/arialnbi.ufo\/glyphs\/sigma.glif":"\/arialnbi.ufo\/glyphs\/sigma.glif","\/arialnbi.ufo\/glyphs\/sigma1.glif":"\/arialnbi.ufo\/glyphs\/sigma1.glif","\/arialnbi.ufo\/glyphs\/six.glif":"\/arialnbi.ufo\/glyphs\/six.glif","\/arialnbi.ufo\/glyphs\/slash.glif":"\/arialnbi.ufo\/glyphs\/slash.glif","\/arialnbi.ufo\/glyphs\/smileface.glif":"\/arialnbi.ufo\/glyphs\/smileface.glif","\/arialnbi.ufo\/glyphs\/space.glif":"\/arialnbi.ufo\/glyphs\/space.glif","\/arialnbi.ufo\/glyphs\/spade.glif":"\/arialnbi.ufo\/glyphs\/spade.glif","\/arialnbi.ufo\/glyphs\/sterling.glif":"\/arialnbi.ufo\/glyphs\/sterling.glif","\/arialnbi.ufo\/glyphs\/summation.glif":"\/arialnbi.ufo\/glyphs\/summation.glif","\/arialnbi.ufo\/glyphs\/sun.glif":"\/arialnbi.ufo\/glyphs\/sun.glif","\/arialnbi.ufo\/glyphs\/t.glif":"\/arialnbi.ufo\/glyphs\/t.glif","\/arialnbi.ufo\/glyphs\/tau.glif":"\/arialnbi.ufo\/glyphs\/tau.glif","\/arialnbi.ufo\/glyphs\/tbar.glif":"\/arialnbi.ufo\/glyphs\/tbar.glif","\/arialnbi.ufo\/glyphs\/tcaron.glif":"\/arialnbi.ufo\/glyphs\/tcaron.glif","\/arialnbi.ufo\/glyphs\/tcedilla.glif":"\/arialnbi.ufo\/glyphs\/tcedilla.glif","\/arialnbi.ufo\/glyphs\/theta.glif":"\/arialnbi.ufo\/glyphs\/theta.glif","\/arialnbi.ufo\/glyphs\/thorn.glif":"\/arialnbi.ufo\/glyphs\/thorn.glif","\/arialnbi.ufo\/glyphs\/three.glif":"\/arialnbi.ufo\/glyphs\/three.glif","\/arialnbi.ufo\/glyphs\/threeeighths.glif":"\/arialnbi.ufo\/glyphs\/threeeighths.glif","\/arialnbi.ufo\/glyphs\/threequarters.glif":"\/arialnbi.ufo\/glyphs\/threequarters.glif","\/arialnbi.ufo\/glyphs\/threesuperior.glif":"\/arialnbi.ufo\/glyphs\/threesuperior.glif","\/arialnbi.ufo\/glyphs\/tilde.glif":"\/arialnbi.ufo\/glyphs\/tilde.glif","\/arialnbi.ufo\/glyphs\/tonos.glif":"\/arialnbi.ufo\/glyphs\/tonos.glif","\/arialnbi.ufo\/glyphs\/trademark.glif":"\/arialnbi.ufo\/glyphs\/trademark.glif","\/arialnbi.ufo\/glyphs\/triagdn.glif":"\/arialnbi.ufo\/glyphs\/triagdn.glif","\/arialnbi.ufo\/glyphs\/triaglf.glif":"\/arialnbi.ufo\/glyphs\/triaglf.glif","\/arialnbi.ufo\/glyphs\/triagrt.glif":"\/arialnbi.ufo\/glyphs\/triagrt.glif","\/arialnbi.ufo\/glyphs\/triagup.glif":"\/arialnbi.ufo\/glyphs\/triagup.glif","\/arialnbi.ufo\/glyphs\/two.glif":"\/arialnbi.ufo\/glyphs\/two.glif","\/arialnbi.ufo\/glyphs\/twosuperior.glif":"\/arialnbi.ufo\/glyphs\/twosuperior.glif","\/arialnbi.ufo\/glyphs\/u.glif":"\/arialnbi.ufo\/glyphs\/u.glif","\/arialnbi.ufo\/glyphs\/uacute.glif":"\/arialnbi.ufo\/glyphs\/uacute.glif","\/arialnbi.ufo\/glyphs\/ubreve.glif":"\/arialnbi.ufo\/glyphs\/ubreve.glif","\/arialnbi.ufo\/glyphs\/ucircumflex.glif":"\/arialnbi.ufo\/glyphs\/ucircumflex.glif","\/arialnbi.ufo\/glyphs\/udblacute.glif":"\/arialnbi.ufo\/glyphs\/udblacute.glif","\/arialnbi.ufo\/glyphs\/udieresis.glif":"\/arialnbi.ufo\/glyphs\/udieresis.glif","\/arialnbi.ufo\/glyphs\/ugrave.glif":"\/arialnbi.ufo\/glyphs\/ugrave.glif","\/arialnbi.ufo\/glyphs\/umacron.glif":"\/arialnbi.ufo\/glyphs\/umacron.glif","\/arialnbi.ufo\/glyphs\/undercommaaccent.glif":"\/arialnbi.ufo\/glyphs\/undercommaaccent.glif","\/arialnbi.ufo\/glyphs\/underscore.glif":"\/arialnbi.ufo\/glyphs\/underscore.glif","\/arialnbi.ufo\/glyphs\/underscoredbl.glif":"\/arialnbi.ufo\/glyphs\/underscoredbl.glif","\/arialnbi.ufo\/glyphs\/uni0218.glif":"\/arialnbi.ufo\/glyphs\/uni0218.glif","\/arialnbi.ufo\/glyphs\/uni0219.glif":"\/arialnbi.ufo\/glyphs\/uni0219.glif","\/arialnbi.ufo\/glyphs\/uni021A_.glif":"\/arialnbi.ufo\/glyphs\/uni021A_.glif","\/arialnbi.ufo\/glyphs\/uni021B_.glif":"\/arialnbi.ufo\/glyphs\/uni021B_.glif","\/arialnbi.ufo\/glyphs\/uogonek.glif":"\/arialnbi.ufo\/glyphs\/uogonek.glif","\/arialnbi.ufo\/glyphs\/upblock.glif":"\/arialnbi.ufo\/glyphs\/upblock.glif","\/arialnbi.ufo\/glyphs\/upsilon.glif":"\/arialnbi.ufo\/glyphs\/upsilon.glif","\/arialnbi.ufo\/glyphs\/upsilondieresis.glif":"\/arialnbi.ufo\/glyphs\/upsilondieresis.glif","\/arialnbi.ufo\/glyphs\/upsilondieresistonos.glif":"\/arialnbi.ufo\/glyphs\/upsilondieresistonos.glif","\/arialnbi.ufo\/glyphs\/upsilontonos.glif":"\/arialnbi.ufo\/glyphs\/upsilontonos.glif","\/arialnbi.ufo\/glyphs\/uring.glif":"\/arialnbi.ufo\/glyphs\/uring.glif","\/arialnbi.ufo\/glyphs\/utilde.glif":"\/arialnbi.ufo\/glyphs\/utilde.glif","\/arialnbi.ufo\/glyphs\/v.glif":"\/arialnbi.ufo\/glyphs\/v.glif","\/arialnbi.ufo\/glyphs\/w.glif":"\/arialnbi.ufo\/glyphs\/w.glif","\/arialnbi.ufo\/glyphs\/wacute.glif":"\/arialnbi.ufo\/glyphs\/wacute.glif","\/arialnbi.ufo\/glyphs\/wcircumflex.glif":"\/arialnbi.ufo\/glyphs\/wcircumflex.glif","\/arialnbi.ufo\/glyphs\/wdieresis.glif":"\/arialnbi.ufo\/glyphs\/wdieresis.glif","\/arialnbi.ufo\/glyphs\/wgrave.glif":"\/arialnbi.ufo\/glyphs\/wgrave.glif","\/arialnbi.ufo\/glyphs\/x.glif":"\/arialnbi.ufo\/glyphs\/x.glif","\/arialnbi.ufo\/glyphs\/xi.glif":"\/arialnbi.ufo\/glyphs\/xi.glif","\/arialnbi.ufo\/glyphs\/y.glif":"\/arialnbi.ufo\/glyphs\/y.glif","\/arialnbi.ufo\/glyphs\/yacute.glif":"\/arialnbi.ufo\/glyphs\/yacute.glif","\/arialnbi.ufo\/glyphs\/ycircumflex.glif":"\/arialnbi.ufo\/glyphs\/ycircumflex.glif","\/arialnbi.ufo\/glyphs\/ydieresis.glif":"\/arialnbi.ufo\/glyphs\/ydieresis.glif","\/arialnbi.ufo\/glyphs\/yen.glif":"\/arialnbi.ufo\/glyphs\/yen.glif","\/arialnbi.ufo\/glyphs\/ygrave.glif":"\/arialnbi.ufo\/glyphs\/ygrave.glif","\/arialnbi.ufo\/glyphs\/z.glif":"\/arialnbi.ufo\/glyphs\/z.glif","\/arialnbi.ufo\/glyphs\/zacute.glif":"\/arialnbi.ufo\/glyphs\/zacute.glif","\/arialnbi.ufo\/glyphs\/zcaron.glif":"\/arialnbi.ufo\/glyphs\/zcaron.glif","\/arialnbi.ufo\/glyphs\/zdot.glif":"\/arialnbi.ufo\/glyphs\/zdot.glif","\/arialnbi.ufo\/glyphs\/zero.glif":"\/arialnbi.ufo\/glyphs\/zero.glif","\/arialnbi.ufo\/glyphs\/zeta.glif":"\/arialnbi.ufo\/glyphs\/zeta.glif"},"Font":{"uploaded":1489299823.9247,"licence":"gpl3","company":"Chronolabs Cooperative","title":"Arial Narrow Bold Italic","version":3.002,"date":"Fri Nov 25 22:29:30 2016","creator":"root","type":"1","matrix":"0.000488281 0 0 0.000488281 0 0","named":"ArialNarrow-BoldItalic","painttype":"0","info":"10 dict dup","name":"Arial Narrow Bold Italic","family":"Arial Narrow","weight":"Bold","fstype":"8","italicangle":"-9.7","underlineposition":"","underlinethickness":""},"Licences":{"":false},"Table":{"FFTM":{"entryLength":16,"tag":"FFTM","checksum":1962493188,"offset":59736,"length":28},"GDEF":{"entryLength":16,"tag":"GDEF","checksum":46399492,"offset":59704,"length":32},"OS\/2":{"entryLength":16,"tag":"OS\/2","checksum":3795486757,"offset":344,"length":86},"cmap":{"entryLength":16,"tag":"cmap","checksum":1177497053,"offset":3084,"length":1976},"gasp":{"entryLength":16,"tag":"gasp","checksum":4294901763,"offset":59696,"length":8},"glyf":{"entryLength":16,"tag":"glyf","checksum":1756662053,"offset":6388,"length":47596},"head":{"entryLength":16,"tag":"head","checksum":240216695,"offset":220,"length":54},"hhea":{"entryLength":16,"tag":"hhea","checksum":268830417,"offset":276,"length":36},"hmtx":{"entryLength":16,"tag":"hmtx","checksum":3443248324,"offset":432,"length":2652},"loca":{"entryLength":16,"tag":"loca","checksum":4253626102,"offset":5060,"length":1328},"maxp":{"entryLength":16,"tag":"maxp","checksum":52101449,"offset":312,"length":32},"name":{"entryLength":16,"tag":"name","checksum":4242197572,"offset":53984,"length":759},"post":{"entryLength":16,"tag":"post","checksum":4226408111,"offset":54744,"length":4951}},"UnicodeCharMap":{"0":1,"13":2,"32":3,"33":4,"34":5,"35":6,"36":7,"37":8,"38":9,"39":10,"40":11,"41":12,"42":13,"43":14,"44":15,"45":16,"46":17,"47":18,"48":19,"49":20,"50":21,"51":22,"52":23,"53":24,"54":25,"55":26,"56":27,"57":28,"58":29,"59":30,"60":31,"61":32,"62":33,"63":34,"64":35,"65":36,"66":37,"67":38,"68":39,"69":40,"70":41,"71":42,"72":43,"73":44,"74":45,"75":46,"76":47,"77":48,"78":49,"79":50,"80":51,"81":52,"82":53,"83":54,"84":55,"85":56,"86":57,"87":58,"88":59,"89":60,"90":61,"91":62,"92":63,"93":64,"94":65,"95":66,"96":67,"97":68,"98":69,"99":70,"100":71,"101":72,"102":73,"103":74,"104":75,"105":76,"106":77,"107":78,"108":79,"109":80,"110":81,"111":82,"112":83,"113":84,"114":85,"115":86,"116":87,"117":88,"118":89,"119":90,"120":91,"121":92,"122":93,"123":94,"124":95,"125":96,"126":97,"161":98,"162":99,"163":100,"164":101,"165":102,"166":103,"167":104,"168":105,"169":106,"170":107,"171":108,"172":109,"174":110,"175":111,"176":112,"177":113,"178":114,"179":115,"180":116,"181":117,"182":118,"183":119,"184":120,"185":121,"186":122,"187":123,"188":124,"189":125,"190":126,"191":127,"192":128,"193":129,"194":130,"195":131,"196":132,"197":133,"198":134,"199":135,"200":136,"201":137,"202":138,"203":139,"204":140,"205":141,"206":142,"207":143,"208":144,"209":145,"210":146,"211":147,"212":148,"213":149,"214":150,"215":151,"216":152,"217":153,"218":154,"219":155,"220":156,"221":157,"222":158,"223":159,"224":160,"225":161,"226":162,"227":163,"228":164,"229":165,"230":166,"231":167,"232":168,"233":169,"234":170,"235":171,"236":172,"237":173,"238":174,"239":175,"240":176,"241":177,"242":178,"243":179,"244":180,"245":181,"246":182,"247":183,"248":184,"249":185,"250":186,"251":187,"252":188,"253":189,"254":190,"255":191,"256":407,"257":408,"258":259,"259":260,"260":261,"261":262,"262":254,"263":255,"264":409,"265":410,"266":411,"267":412,"268":256,"269":257,"270":263,"271":264,"272":265,"273":258,"274":413,"275":414,"276":415,"277":416,"278":417,"279":418,"280":266,"281":267,"282":268,"283":269,"284":419,"285":420,"286":249,"287":250,"288":421,"289":422,"290":423,"291":424,"292":425,"293":426,"294":427,"295":428,"296":429,"297":430,"298":431,"299":432,"300":433,"301":434,"302":435,"303":436,"304":251,"305":231,"306":395,"307":396,"308":437,"309":438,"310":439,"311":440,"312":441,"313":270,"314":271,"315":442,"316":443,"317":272,"318":273,"319":274,"320":275,"321":241,"322":242,"323":276,"324":277,"325":444,"326":445,"327":278,"328":279,"329":397,"330":446,"331":447,"332":448,"333":449,"334":450,"335":451,"336":280,"337":281,"338":210,"339":211,"340":282,"341":283,"342":452,"343":453,"344":284,"345":285,"346":286,"347":287,"348":454,"349":455,"350":252,"351":253,"352":243,"353":244,"354":288,"355":289,"356":290,"357":291,"358":456,"359":457,"360":458,"361":459,"362":460,"363":461,"364":462,"365":463,"366":292,"367":293,"368":294,"369":295,"370":464,"371":465,"372":466,"373":467,"374":468,"375":469,"376":219,"377":296,"378":297,"379":298,"380":299,"381":245,"382":246,"383":470,"402":206,"506":471,"507":472,"508":473,"509":474,"510":475,"511":476,"536":658,"537":659,"538":660,"539":661,"710":232,"711":240,"728":235,"729":236,"730":237,"731":239,"732":233,"733":238,"900":496,"901":497,"902":498,"903":477,"904":499,"905":500,"906":501,"908":502,"910":503,"911":504,"912":505,"913":506,"914":507,"915":300,"916":508,"917":509,"918":510,"919":511,"920":301,"921":512,"922":513,"923":514,"924":515,"925":516,"926":517,"927":518,"928":519,"929":520,"931":521,"932":522,"933":523,"934":302,"935":524,"936":525,"938":527,"939":528,"940":529,"941":530,"942":531,"943":532,"944":533,"945":303,"946":534,"947":535,"948":304,"949":305,"950":536,"951":537,"952":538,"953":539,"954":540,"955":541,"956":542,"957":543,"958":544,"959":545,"960":653,"961":546,"962":547,"963":306,"964":307,"965":548,"966":308,"967":549,"968":550,"969":551,"970":552,"971":553,"972":554,"973":555,"974":556,"982":202,"1025":557,"1026":558,"1027":559,"1028":560,"1029":561,"1030":562,"1031":563,"1032":564,"1033":565,"1034":566,"1035":567,"1036":568,"1038":569,"1039":570,"1040":571,"1041":572,"1042":573,"1043":574,"1044":575,"1045":576,"1046":577,"1047":578,"1048":579,"1049":580,"1050":581,"1051":582,"1052":583,"1053":584,"1054":585,"1055":586,"1056":587,"1057":588,"1058":589,"1059":590,"1060":591,"1061":592,"1062":593,"1063":594,"1064":595,"1065":596,"1066":597,"1067":598,"1068":599,"1069":600,"1070":601,"1071":602,"1072":603,"1073":604,"1074":605,"1075":606,"1076":607,"1077":608,"1078":609,"1079":610,"1080":611,"1081":612,"1082":613,"1083":614,"1084":615,"1085":616,"1086":617,"1087":618,"1088":619,"1089":620,"1090":621,"1091":622,"1092":623,"1093":624,"1094":625,"1095":626,"1096":627,"1097":628,"1098":629,"1099":630,"1100":631,"1101":632,"1102":633,"1103":634,"1105":635,"1106":636,"1107":637,"1108":638,"1109":639,"1110":640,"1111":641,"1112":642,"1113":643,"1114":644,"1115":645,"1116":646,"1118":647,"1119":648,"1168":649,"1169":650,"7808":478,"7809":479,"7810":480,"7811":481,"7812":482,"7813":483,"7922":484,"7923":485,"8211":212,"8212":213,"8213":651,"8215":309,"8216":216,"8217":217,"8218":228,"8219":486,"8220":214,"8221":215,"8222":229,"8224":192,"8225":226,"8226":193,"8230":209,"8240":230,"8242":398,"8243":399,"8249":222,"8250":223,"8252":310,"8260":220,"8308":654,"8309":655,"8311":656,"8312":657,"8319":311,"8355":248,"8356":488,"8359":312,"8364":221,"8453":400,"8467":401,"8470":652,"8482":194,"8486":526,"8494":489,"8539":490,"8540":491,"8541":492,"8542":493,"8592":313,"8593":314,"8594":315,"8595":316,"8596":317,"8597":318,"8616":319,"8706":199,"8710":208,"8719":201,"8721":200,"8722":247,"8730":205,"8734":196,"8735":320,"8745":321,"8747":203,"8776":207,"8800":195,"8801":322,"8804":197,"8805":198,"8962":323,"8976":324,"8992":325,"8993":326,"9472":327,"9474":328,"9484":329,"9488":330,"9492":331,"9496":332,"9500":333,"9508":334,"9516":335,"9524":336,"9532":337,"9552":338,"9553":339,"9554":340,"9555":341,"9556":342,"9557":343,"9558":344,"9559":345,"9560":346,"9561":347,"9562":348,"9563":349,"9564":350,"9565":351,"9566":352,"9567":353,"9568":354,"9569":355,"9570":356,"9571":357,"9572":358,"9573":359,"9574":360,"9575":361,"9576":362,"9577":363,"9578":364,"9579":365,"9580":366,"9600":367,"9604":368,"9608":369,"9612":370,"9616":371,"9617":372,"9618":373,"9619":374,"9632":375,"9633":402,"9642":403,"9643":404,"9644":376,"9650":377,"9658":378,"9660":379,"9668":380,"9674":218,"9675":381,"9679":405,"9688":382,"9689":383,"9702":406,"9786":384,"9787":385,"9788":386,"9792":387,"9794":388,"9824":389,"9827":390,"9829":391,"9830":392,"9834":393,"9835":394,"64257":224,"64258":225},"Reserves":{"fontname":"Arial Narrow Bold Italic"},"Names":{"Arial Narrow Bold Italic":{"name":"Arial Narrow Bold Italic","longitude":"0.00000001","latitude":"0.00000001","country":"","region":"","city":""}},"Nodes":{"ar":{"type":"typal","node":"ar","usage":1,"weight":1},"al":{"type":"typal","node":"al","usage":1,"weight":1},"na":{"type":"typal","node":"na","usage":1,"weight":1},"ow":{"type":"typal","node":"ow","usage":1,"weight":1},"bo":{"type":"typal","node":"bo","usage":1,"weight":1},"ld":{"type":"typal","node":"ld","usage":1,"weight":1},"it":{"type":"typal","node":"it","usage":1,"weight":1},"ic":{"type":"typal","node":"ic","usage":1,"weight":1},"ari":{"type":"typal","node":"ari","usage":1,"weight":1},"ial":{"type":"typal","node":"ial","usage":1,"weight":1},"nar":{"type":"typal","node":"nar","usage":1,"weight":1},"row":{"type":"typal","node":"row","usage":1,"weight":1},"bol":{"type":"typal","node":"bol","usage":1,"weight":1},"old":{"type":"typal","node":"old","usage":1,"weight":1},"ita":{"type":"typal","node":"ita","usage":1,"weight":1},"lic":{"type":"typal","node":"lic","usage":1,"weight":1},"aria":{"type":"keys","node":"aria","usage":1,"weight":1},"rial":{"type":"keys","node":"rial","usage":1,"weight":1},"narr":{"type":"keys","node":"narr","usage":1,"weight":1},"rrow":{"type":"keys","node":"rrow","usage":1,"weight":1},"ital":{"type":"keys","node":"ital","usage":1,"weight":1},"alic":{"type":"keys","node":"alic","usage":1,"weight":1},"narro":{"type":"keys","node":"narro","usage":1,"weight":1},"arrow":{"type":"keys","node":"arrow","usage":1,"weight":1},"itali":{"type":"keys","node":"itali","usage":1,"weight":1},"talic":{"type":"keys","node":"talic","usage":1,"weight":1},"arial":{"type":"fixes","node":"arial","usage":1,"weight":1},"narrow":{"type":"fixes","node":"narrow","usage":1,"weight":1},"bold":{"type":"fixes","node":"bold","usage":1,"weight":1},"italic":{"type":"fixes","node":"italic","usage":1,"weight":1}},"Contributors":[],"FontIdentity":"zinc77:f71e86859eeda454704d7350f","Bytes":null,"Networking":[],"barcode":"aaqgegqgqoyqw","referee":"YQwkE"}