{"CSS":{"Euro Sans Std Regular":"Euro+Sans+Std+Regular.css"},"FontType":"TrueType","FontCopyright":"Copyright 1998, 2002 Adobe Systems Incorporated. All rights reserved.","FontName":"Euro Sans Std","FontSubfamily":"Regular","FontSubfamilyID":"FontForge 2.0 : Euro Sans Std Regular : 28-8-2016","FontFullName":"Euro Sans Std Regular","FontVersion":"Version 001.000 ","FontWeight":null,"FontPostscriptName":"EuroSansStd-Regular","Files":{"eurosansstd-regular.afm":"eurosansstd-regular.afm","eurosansstd-regular.bin":"eurosansstd-regular.bin","eurosansstd-regular.cef":"eurosansstd-regular.cef","eurosansstd-regular.cff":"eurosansstd-regular.cff","eurosansstd-regular.cid":"eurosansstd-regular.cid","eurosansstd-regular.dfont":"eurosansstd-regular.dfont","eurosansstd-regular.eot":"eurosansstd-regular.eot","eurosansstd-regular.fon":"eurosansstd-regular.fon","eurosansstd-regular.gai":"eurosansstd-regular.gai","eurosansstd-regular.gsf":"eurosansstd-regular.gsf","eurosansstd-regular.hqx":"eurosansstd-regular.hqx","eurosansstd-regular.ik":"eurosansstd-regular.ik","eurosansstd-regular.mf":"eurosansstd-regular.mf","eurosansstd-regular.otf":"eurosansstd-regular.otf","eurosansstd-regular.pcf":"eurosansstd-regular.pcf","eurosansstd-regular.pf3":"eurosansstd-regular.pf3","eurosansstd-regular.pfa":"eurosansstd-regular.pfa","eurosansstd-regular.pfb":"eurosansstd-regular.pfb","eurosansstd-regular.php":"eurosansstd-regular.php","eurosansstd-regular.pmf":"eurosansstd-regular.pmf","eurosansstd-regular.pt3":"eurosansstd-regular.pt3","eurosansstd-regular.sfd":"eurosansstd-regular.sfd","eurosansstd-regular.svg":"eurosansstd-regular.svg","eurosansstd-regular.t42":"eurosansstd-regular.t42","eurosansstd-regular.ttd":"eurosansstd-regular.ttd","eurosansstd-regular.ttf":"eurosansstd-regular.ttf","eurosansstd-regular.ttg":"eurosansstd-regular.ttg","eurosansstd-regular.ufm":"eurosansstd-regular.ufm","eurosansstd-regular.woff":"eurosansstd-regular.woff","eurosansstd-regular.z":"eurosansstd-regular.z","":{"eurosansstd-regular.afm":"eurosansstd-regular.afm","eurosansstd-regular.bin":"eurosansstd-regular.bin","eurosansstd-regular.cef":"eurosansstd-regular.cef","eurosansstd-regular.cff":"eurosansstd-regular.cff","eurosansstd-regular.cid":"eurosansstd-regular.cid","eurosansstd-regular.dfont":"eurosansstd-regular.dfont","eurosansstd-regular.eot":"eurosansstd-regular.eot","eurosansstd-regular.fon":"eurosansstd-regular.fon","eurosansstd-regular.gai":"eurosansstd-regular.gai","eurosansstd-regular.gsf":"eurosansstd-regular.gsf","eurosansstd-regular.hqx":"eurosansstd-regular.hqx","eurosansstd-regular.ik":"eurosansstd-regular.ik","eurosansstd-regular.mf":"eurosansstd-regular.mf","eurosansstd-regular.otf":"eurosansstd-regular.otf","eurosansstd-regular.pcf":"eurosansstd-regular.pcf","eurosansstd-regular.pf3":"eurosansstd-regular.pf3","eurosansstd-regular.pfa":"eurosansstd-regular.pfa","eurosansstd-regular.pfb":"eurosansstd-regular.pfb","eurosansstd-regular.php":"eurosansstd-regular.php","eurosansstd-regular.pmf":"eurosansstd-regular.pmf","eurosansstd-regular.pt3":"eurosansstd-regular.pt3","eurosansstd-regular.sfd":"eurosansstd-regular.sfd","eurosansstd-regular.svg":"eurosansstd-regular.svg","eurosansstd-regular.t42":"eurosansstd-regular.t42","eurosansstd-regular.ttd":"eurosansstd-regular.ttd","eurosansstd-regular.ttf":"eurosansstd-regular.ttf","eurosansstd-regular.ttg":"eurosansstd-regular.ttg","eurosansstd-regular.ufm":"eurosansstd-regular.ufm","eurosansstd-regular.woff":"eurosansstd-regular.woff","eurosansstd-regular.z":"eurosansstd-regular.z"},"\/eurosansstd-regular.ufo":{"feature.fea":"feature.fea","fontinfo.plist":"fontinfo.plist","groups.plist":"groups.plist","kerning.plist":"kerning.plist","metainfo.plist":"metainfo.plist"},"\/eurosansstd-regular.ufo\/glyphs":{"E_uro.glif":"E_uro.glif","_notdef.glif":"_notdef.glif","contents.plist":"contents.plist","space.glif":"space.glif","uni00A_0.glif":"uni00A_0.glif","uni20A_C_.glif":"uni20A_C_.glif"}},"Font":{"uploaded":1472347985.7578,"licence":"gpl3","company":"Chronolabs Cooperative","title":"Elementa Symbol Bold Italic","version":2.001,"date":"Fri Aug 12 15:57:33 2016","creator":"root","type":"1","matrix":"0.001 0 0 0.001 0 0","named":"ElementaSymbol-BoldItalic","painttype":"0","info":"10 dict dup","name":"Elementa Symbol Bold Italic","family":"Elementa Symbol","weight":"Bold","fstype":"0","italicangle":"-12","underlineposition":"","underlinethickness":""},"Table":{"FFTM":{"entryLength":16,"tag":"FFTM","checksum":1944306980,"offset":2064,"length":28},"GDEF":{"entryLength":16,"tag":"GDEF","checksum":3407878,"offset":2032,"length":32},"OS\/2":{"entryLength":16,"tag":"OS\/2","checksum":1447329859,"offset":344,"length":86},"cmap":{"entryLength":16,"tag":"cmap","checksum":79636384,"offset":460,"length":338},"gasp":{"entryLength":16,"tag":"gasp","checksum":4294901763,"offset":2024,"length":8},"glyf":{"entryLength":16,"tag":"glyf","checksum":47418641,"offset":816,"length":356},"head":{"entryLength":16,"tag":"head","checksum":162801045,"offset":220,"length":54},"hhea":{"entryLength":16,"tag":"hhea","checksum":98370281,"offset":276,"length":36},"hmtx":{"entryLength":16,"tag":"hmtx","checksum":137166858,"offset":432,"length":26},"loca":{"entryLength":16,"tag":"loca","checksum":12058916,"offset":800,"length":16},"maxp":{"entryLength":16,"tag":"maxp","checksum":5111857,"offset":312,"length":32},"name":{"entryLength":16,"tag":"name","checksum":1210318436,"offset":1172,"length":777},"post":{"entryLength":16,"tag":"post","checksum":1474940148,"offset":1952,"length":69}},"UnicodeCharMap":{"32":3,"160":4,"8364":6},"Reserves":null,"Names":[],"Nodes":{"eu":{"type":"typal","node":"eu","usage":1,"weight":1},"ro":{"type":"typal","node":"ro","usage":1,"weight":1},"sa":{"type":"typal","node":"sa","usage":1,"weight":1},"ns":{"type":"typal","node":"ns","usage":1,"weight":1},"st":{"type":"typal","node":"st","usage":1,"weight":1},"td":{"type":"typal","node":"td","usage":1,"weight":1},"eur":{"type":"typal","node":"eur","usage":1,"weight":1},"uro":{"type":"typal","node":"uro","usage":1,"weight":1},"san":{"type":"typal","node":"san","usage":1,"weight":1},"ans":{"type":"typal","node":"ans","usage":1,"weight":1},"euro":{"type":"fixes","node":"euro","usage":1,"weight":1},"sans":{"type":"fixes","node":"sans","usage":1,"weight":1},"std":{"type":"fixes","node":"std","usage":1,"weight":1}},"Contributors":[],"FontIdentity":"8e348b4361a0bd863a2b39e8088b6bca","Bytes":373413,"Networking":[],"barcode":"AyqeOWuSKmSqy","referee":"8Smyq"}