{"CSS":{"Superglue":"Superglue.css"},"FontType":"TrueType","FontCopyright":"By Ray Larabie 1996 - rlarabie@passport.ca  -  freeware","FontName":"Superglue","FontSubfamily":"Black","FontSubfamilyID":"FontForge 2.0 : Superglue : 28-10-2016","FontFullName":"Superglue","FontVersion":"Version Superglue-Oct 13-199 ","FontWeight":null,"FontPostscriptName":"Superglue","Files":{"superglu.afm":"superglu.afm","superglu.bin":"superglu.bin","superglu.cef":"superglu.cef","superglu.cff":"superglu.cff","superglu.cid":"superglu.cid","superglu.dfont":"superglu.dfont","superglu.eot":"superglu.eot","superglu.fon":"superglu.fon","superglu.gai":"superglu.gai","superglu.gsf":"superglu.gsf","superglu.hqx":"superglu.hqx","superglu.ik":"superglu.ik","superglu.mf":"superglu.mf","superglu.otf":"superglu.otf","superglu.pcf":"superglu.pcf","superglu.pf3":"superglu.pf3","superglu.pfa":"superglu.pfa","superglu.pfb":"superglu.pfb","superglu.php":"superglu.php","superglu.pmf":"superglu.pmf","superglu.pt3":"superglu.pt3","superglu.sfd":"superglu.sfd","superglu.svg":"superglu.svg","superglu.t42":"superglu.t42","superglu.ttd":"superglu.ttd","superglu.ttf":"superglu.ttf","superglu.ttg":"superglu.ttg","superglu.ufm":"superglu.ufm","superglu.woff":"superglu.woff","superglu.z":"superglu.z","":{"superglu.afm":"superglu.afm","superglu.bin":"superglu.bin","superglu.cef":"superglu.cef","superglu.cff":"superglu.cff","superglu.cid":"superglu.cid","superglu.dfont":"superglu.dfont","superglu.eot":"superglu.eot","superglu.fon":"superglu.fon","superglu.gai":"superglu.gai","superglu.gsf":"superglu.gsf","superglu.hqx":"superglu.hqx","superglu.ik":"superglu.ik","superglu.mf":"superglu.mf","superglu.otf":"superglu.otf","superglu.pcf":"superglu.pcf","superglu.pf3":"superglu.pf3","superglu.pfa":"superglu.pfa","superglu.pfb":"superglu.pfb","superglu.php":"superglu.php","superglu.pmf":"superglu.pmf","superglu.pt3":"superglu.pt3","superglu.sfd":"superglu.sfd","superglu.svg":"superglu.svg","superglu.t42":"superglu.t42","superglu.ttd":"superglu.ttd","superglu.ttf":"superglu.ttf","superglu.ttg":"superglu.ttg","superglu.ufm":"superglu.ufm","superglu.woff":"superglu.woff","superglu.z":"superglu.z"},"\/superglu.ufo":{"feature.fea":"feature.fea","fontinfo.plist":"fontinfo.plist","groups.plist":"groups.plist","kerning.plist":"kerning.plist","metainfo.plist":"metainfo.plist"},"\/superglu.ufo\/glyphs":{"A_.glif":"A_.glif","B_.glif":"B_.glif","C_.glif":"C_.glif","C_A_N_.glif":"C_A_N_.glif","D_.glif":"D_.glif","E_.glif":"E_.glif","E_M_.glif":"E_M_.glif","E_S_C_.glif":"E_S_C_.glif","E_T_B_.glif":"E_T_B_.glif","F_.glif":"F_.glif","F_S_.glif":"F_S_.glif","G_.glif":"G_.glif","G_S_.glif":"G_S_.glif","H_.glif":"H_.glif","I_.glif":"I_.glif","J_.glif":"J_.glif","K_.glif":"K_.glif","L_.glif":"L_.glif","M_.glif":"M_.glif","N_.glif":"N_.glif","N_A_K_.glif":"N_A_K_.glif","O_.glif":"O_.glif","P_.glif":"P_.glif","Q_.glif":"Q_.glif","R_.glif":"R_.glif","S_.glif":"S_.glif","S_U_B_.glif":"S_U_B_.glif","S_Y_N_.glif":"S_Y_N_.glif","T_.glif":"T_.glif","U_.glif":"U_.glif","V_.glif":"V_.glif","W_.glif":"W_.glif","X_.glif":"X_.glif","Y_.glif":"Y_.glif","Z_.glif":"Z_.glif","_notdef.glif":"_notdef.glif","_null.glif":"_null.glif","a.glif":"a.glif","ampersand.glif":"ampersand.glif","asciicircum.glif":"asciicircum.glif","asciitilde.glif":"asciitilde.glif","asterisk.glif":"asterisk.glif","at.glif":"at.glif","b.glif":"b.glif","backslash.glif":"backslash.glif","bar.glif":"bar.glif","braceleft.glif":"braceleft.glif","braceright.glif":"braceright.glif","bracketleft.glif":"bracketleft.glif","bracketright.glif":"bracketright.glif","c.glif":"c.glif","colon.glif":"colon.glif","comma.glif":"comma.glif","contents.plist":"contents.plist","d.glif":"d.glif","dollar.glif":"dollar.glif","e.glif":"e.glif","eight.glif":"eight.glif","equal.glif":"equal.glif","exclam.glif":"exclam.glif","f.glif":"f.glif","five.glif":"five.glif","four.glif":"four.glif","g.glif":"g.glif","grave.glif":"grave.glif","greater.glif":"greater.glif","h.glif":"h.glif","hyphen.glif":"hyphen.glif","i.glif":"i.glif","j.glif":"j.glif","k.glif":"k.glif","l.glif":"l.glif","less.glif":"less.glif","m.glif":"m.glif","n.glif":"n.glif","nine.glif":"nine.glif","nonmarkingreturn.glif":"nonmarkingreturn.glif","numbersign.glif":"numbersign.glif","o.glif":"o.glif","one.glif":"one.glif","p.glif":"p.glif","parenleft.glif":"parenleft.glif","parenright.glif":"parenright.glif","percent.glif":"percent.glif","period.glif":"period.glif","plus.glif":"plus.glif","q.glif":"q.glif","question.glif":"question.glif","quotedbl.glif":"quotedbl.glif","quotedblleft.glif":"quotedblleft.glif","quotedblright.glif":"quotedblright.glif","quotesingle.glif":"quotesingle.glif","r.glif":"r.glif","s.glif":"s.glif","semicolon.glif":"semicolon.glif","seven.glif":"seven.glif","six.glif":"six.glif","slash.glif":"slash.glif","space.glif":"space.glif","t.glif":"t.glif","three.glif":"three.glif","two.glif":"two.glif","u.glif":"u.glif","underscore.glif":"underscore.glif","v.glif":"v.glif","w.glif":"w.glif","x.glif":"x.glif","y.glif":"y.glif","z.glif":"z.glif","zero.glif":"zero.glif"}},"Font":{"uploaded":1477692286.4796,"licence":"gpl3","company":"Chronolabs Cooperative","title":"Swifty","version":2.001,"date":"Fri Oct 14 23:32:51 2016","creator":"root","type":"1","matrix":"0.001 0 0 0.001 0 0","named":"Swifty","painttype":"0","info":"8 dict dup","name":"Swifty","family":"Swifty","weight":"Thin","fstype":"0","italicangle":"0"},"Table":{"FFTM":{"entryLength":16,"tag":"FFTM","checksum":1944405252,"offset":15244,"length":28},"GDEF":{"entryLength":16,"tag":"GDEF","checksum":10092548,"offset":15212,"length":32},"OS\/2":{"entryLength":16,"tag":"OS\/2","checksum":1476921049,"offset":344,"length":86},"cmap":{"entryLength":16,"tag":"cmap","checksum":1360353866,"offset":868,"length":346},"gasp":{"entryLength":16,"tag":"gasp","checksum":4294901763,"offset":15204,"length":8},"glyf":{"entryLength":16,"tag":"glyf","checksum":1296321265,"offset":1436,"length":12820},"head":{"entryLength":16,"tag":"head","checksum":236023371,"offset":220,"length":54},"hhea":{"entryLength":16,"tag":"hhea","checksum":172295734,"offset":276,"length":36},"hmtx":{"entryLength":16,"tag":"hmtx","checksum":2071662564,"offset":432,"length":434},"loca":{"entryLength":16,"tag":"loca","checksum":1568565532,"offset":1216,"length":220},"maxp":{"entryLength":16,"tag":"maxp","checksum":11796585,"offset":312,"length":32},"name":{"entryLength":16,"tag":"name","checksum":4188063288,"offset":14256,"length":657},"post":{"entryLength":16,"tag":"post","checksum":1347818171,"offset":14916,"length":285}},"UnicodeCharMap":{"0":1,"13":2,"32":12,"33":13,"34":14,"35":15,"36":16,"37":17,"38":18,"39":19,"40":20,"41":21,"42":22,"43":23,"44":24,"45":25,"46":26,"47":27,"48":28,"49":29,"50":30,"51":31,"52":32,"53":33,"54":34,"55":35,"56":36,"57":37,"58":38,"59":39,"60":40,"61":41,"62":42,"63":43,"64":44,"65":45,"66":46,"67":47,"68":48,"69":49,"70":50,"71":51,"72":52,"73":53,"74":54,"75":55,"76":56,"77":57,"78":58,"79":59,"80":60,"81":61,"82":62,"83":63,"84":64,"85":65,"86":66,"87":67,"88":68,"89":69,"90":70,"91":71,"92":72,"93":73,"94":74,"95":75,"96":76,"97":77,"98":78,"99":79,"100":80,"101":81,"102":82,"103":83,"104":84,"105":85,"106":86,"107":87,"108":88,"109":89,"110":90,"111":91,"112":92,"113":93,"114":94,"115":95,"116":96,"117":97,"118":98,"119":99,"120":100,"121":101,"122":102,"123":103,"124":104,"125":105,"126":106,"8220":107,"8221":108},"Reserves":null,"Names":[],"Nodes":{"su":{"type":"typal","node":"su","usage":1,"weight":1},"ue":{"type":"typal","node":"ue","usage":1,"weight":1},"sup":{"type":"typal","node":"sup","usage":1,"weight":1},"lue":{"type":"typal","node":"lue","usage":1,"weight":1},"supe":{"type":"keys","node":"supe","usage":1,"weight":1},"glue":{"type":"keys","node":"glue","usage":1,"weight":1},"super":{"type":"keys","node":"super","usage":1,"weight":1},"rglue":{"type":"keys","node":"rglue","usage":1,"weight":1},"superglue":{"type":"fixes","node":"superglue","usage":1,"weight":1}},"Contributors":[],"FontIdentity":"700bbab581301ab8fbce0a355f03a6c7","Bytes":1586616,"Networking":[],"barcode":"8gweuimqek5w3","referee":"qm2myo"}