{"CSS":{"OPTIKartoon":"wagovau:2cfd22dc47f755780e034c12.css"},"FontType":"TrueType","FontCopyright":"1.2, Copyright Copr. Castcraft Software, Inc. 1990-1991.","FontName":"OPTIKartoon","FontSubfamily":"Medium","FontSubfamilyID":"FontForge 2.0 : OPTIKartoon : 12-8-2016","FontFullName":"OPTIKartoon","FontVersion":"Version 001.000 ","FontWeight":null,"FontPostscriptName":"OPTIKartoon","Files":{"\/OPTIKartoon.css":"\/OPTIKartoon.css","\/font-resource.json":"\/font-resource.json","\/optikartoon.afm":"\/optikartoon.afm","\/optikartoon.cef":"\/optikartoon.cef","\/optikartoon.cff":"\/optikartoon.cff","\/optikartoon.eot":"\/optikartoon.eot","\/optikartoon.gai":"\/optikartoon.gai","\/optikartoon.gsf":"\/optikartoon.gsf","\/optikartoon.otf":"\/optikartoon.otf","\/optikartoon.pf3":"\/optikartoon.pf3","\/optikartoon.pfa":"\/optikartoon.pfa","\/optikartoon.pfb":"\/optikartoon.pfb","\/optikartoon.php":"\/optikartoon.php","\/optikartoon.pt3":"\/optikartoon.pt3","\/optikartoon.sfd":"\/optikartoon.sfd","\/optikartoon.svg":"\/optikartoon.svg","\/optikartoon.t42":"\/optikartoon.t42","\/optikartoon.ttd":"\/optikartoon.ttd","\/optikartoon.ttf":"\/optikartoon.ttf","\/optikartoon.ttg":"\/optikartoon.ttg","\/optikartoon.ufm":"\/optikartoon.ufm","\/optikartoon.woff":"\/optikartoon.woff","\/optikartoon.z":"\/optikartoon.z","\/optikartoon.ufo\/feature.fea":"\/optikartoon.ufo\/feature.fea","\/optikartoon.ufo\/fontinfo.plist":"\/optikartoon.ufo\/fontinfo.plist","\/optikartoon.ufo\/groups.plist":"\/optikartoon.ufo\/groups.plist","\/optikartoon.ufo\/kerning.plist":"\/optikartoon.ufo\/kerning.plist","\/optikartoon.ufo\/metainfo.plist":"\/optikartoon.ufo\/metainfo.plist","\/optikartoon.ufo\/glyphs\/A_.glif":"\/optikartoon.ufo\/glyphs\/A_.glif","\/optikartoon.ufo\/glyphs\/A_E_.glif":"\/optikartoon.ufo\/glyphs\/A_E_.glif","\/optikartoon.ufo\/glyphs\/A_acute.glif":"\/optikartoon.ufo\/glyphs\/A_acute.glif","\/optikartoon.ufo\/glyphs\/A_circumflex.glif":"\/optikartoon.ufo\/glyphs\/A_circumflex.glif","\/optikartoon.ufo\/glyphs\/A_dieresis.glif":"\/optikartoon.ufo\/glyphs\/A_dieresis.glif","\/optikartoon.ufo\/glyphs\/A_grave.glif":"\/optikartoon.ufo\/glyphs\/A_grave.glif","\/optikartoon.ufo\/glyphs\/A_ring.glif":"\/optikartoon.ufo\/glyphs\/A_ring.glif","\/optikartoon.ufo\/glyphs\/A_tilde.glif":"\/optikartoon.ufo\/glyphs\/A_tilde.glif","\/optikartoon.ufo\/glyphs\/B_.glif":"\/optikartoon.ufo\/glyphs\/B_.glif","\/optikartoon.ufo\/glyphs\/C_.glif":"\/optikartoon.ufo\/glyphs\/C_.glif","\/optikartoon.ufo\/glyphs\/C_cedilla.glif":"\/optikartoon.ufo\/glyphs\/C_cedilla.glif","\/optikartoon.ufo\/glyphs\/D_.glif":"\/optikartoon.ufo\/glyphs\/D_.glif","\/optikartoon.ufo\/glyphs\/E_.glif":"\/optikartoon.ufo\/glyphs\/E_.glif","\/optikartoon.ufo\/glyphs\/E_acute.glif":"\/optikartoon.ufo\/glyphs\/E_acute.glif","\/optikartoon.ufo\/glyphs\/E_circumflex.glif":"\/optikartoon.ufo\/glyphs\/E_circumflex.glif","\/optikartoon.ufo\/glyphs\/E_dieresis.glif":"\/optikartoon.ufo\/glyphs\/E_dieresis.glif","\/optikartoon.ufo\/glyphs\/E_grave.glif":"\/optikartoon.ufo\/glyphs\/E_grave.glif","\/optikartoon.ufo\/glyphs\/F_.glif":"\/optikartoon.ufo\/glyphs\/F_.glif","\/optikartoon.ufo\/glyphs\/G_.glif":"\/optikartoon.ufo\/glyphs\/G_.glif","\/optikartoon.ufo\/glyphs\/H_.glif":"\/optikartoon.ufo\/glyphs\/H_.glif","\/optikartoon.ufo\/glyphs\/I_.glif":"\/optikartoon.ufo\/glyphs\/I_.glif","\/optikartoon.ufo\/glyphs\/I_acute.glif":"\/optikartoon.ufo\/glyphs\/I_acute.glif","\/optikartoon.ufo\/glyphs\/I_circumflex.glif":"\/optikartoon.ufo\/glyphs\/I_circumflex.glif","\/optikartoon.ufo\/glyphs\/I_dieresis.glif":"\/optikartoon.ufo\/glyphs\/I_dieresis.glif","\/optikartoon.ufo\/glyphs\/I_grave.glif":"\/optikartoon.ufo\/glyphs\/I_grave.glif","\/optikartoon.ufo\/glyphs\/J_.glif":"\/optikartoon.ufo\/glyphs\/J_.glif","\/optikartoon.ufo\/glyphs\/K_.glif":"\/optikartoon.ufo\/glyphs\/K_.glif","\/optikartoon.ufo\/glyphs\/L_.glif":"\/optikartoon.ufo\/glyphs\/L_.glif","\/optikartoon.ufo\/glyphs\/M_.glif":"\/optikartoon.ufo\/glyphs\/M_.glif","\/optikartoon.ufo\/glyphs\/N_.glif":"\/optikartoon.ufo\/glyphs\/N_.glif","\/optikartoon.ufo\/glyphs\/N_tilde.glif":"\/optikartoon.ufo\/glyphs\/N_tilde.glif","\/optikartoon.ufo\/glyphs\/O_.glif":"\/optikartoon.ufo\/glyphs\/O_.glif","\/optikartoon.ufo\/glyphs\/O_E_.glif":"\/optikartoon.ufo\/glyphs\/O_E_.glif","\/optikartoon.ufo\/glyphs\/O_acute.glif":"\/optikartoon.ufo\/glyphs\/O_acute.glif","\/optikartoon.ufo\/glyphs\/O_circumflex.glif":"\/optikartoon.ufo\/glyphs\/O_circumflex.glif","\/optikartoon.ufo\/glyphs\/O_dieresis.glif":"\/optikartoon.ufo\/glyphs\/O_dieresis.glif","\/optikartoon.ufo\/glyphs\/O_grave.glif":"\/optikartoon.ufo\/glyphs\/O_grave.glif","\/optikartoon.ufo\/glyphs\/O_slash.glif":"\/optikartoon.ufo\/glyphs\/O_slash.glif","\/optikartoon.ufo\/glyphs\/O_tilde.glif":"\/optikartoon.ufo\/glyphs\/O_tilde.glif","\/optikartoon.ufo\/glyphs\/P_.glif":"\/optikartoon.ufo\/glyphs\/P_.glif","\/optikartoon.ufo\/glyphs\/Q_.glif":"\/optikartoon.ufo\/glyphs\/Q_.glif","\/optikartoon.ufo\/glyphs\/R_.glif":"\/optikartoon.ufo\/glyphs\/R_.glif","\/optikartoon.ufo\/glyphs\/S_.glif":"\/optikartoon.ufo\/glyphs\/S_.glif","\/optikartoon.ufo\/glyphs\/T_.glif":"\/optikartoon.ufo\/glyphs\/T_.glif","\/optikartoon.ufo\/glyphs\/U_.glif":"\/optikartoon.ufo\/glyphs\/U_.glif","\/optikartoon.ufo\/glyphs\/U_acute.glif":"\/optikartoon.ufo\/glyphs\/U_acute.glif","\/optikartoon.ufo\/glyphs\/U_circumflex.glif":"\/optikartoon.ufo\/glyphs\/U_circumflex.glif","\/optikartoon.ufo\/glyphs\/U_dieresis.glif":"\/optikartoon.ufo\/glyphs\/U_dieresis.glif","\/optikartoon.ufo\/glyphs\/U_grave.glif":"\/optikartoon.ufo\/glyphs\/U_grave.glif","\/optikartoon.ufo\/glyphs\/V_.glif":"\/optikartoon.ufo\/glyphs\/V_.glif","\/optikartoon.ufo\/glyphs\/W_.glif":"\/optikartoon.ufo\/glyphs\/W_.glif","\/optikartoon.ufo\/glyphs\/X_.glif":"\/optikartoon.ufo\/glyphs\/X_.glif","\/optikartoon.ufo\/glyphs\/Y_.glif":"\/optikartoon.ufo\/glyphs\/Y_.glif","\/optikartoon.ufo\/glyphs\/Y_dieresis.glif":"\/optikartoon.ufo\/glyphs\/Y_dieresis.glif","\/optikartoon.ufo\/glyphs\/Z_.glif":"\/optikartoon.ufo\/glyphs\/Z_.glif","\/optikartoon.ufo\/glyphs\/a.glif":"\/optikartoon.ufo\/glyphs\/a.glif","\/optikartoon.ufo\/glyphs\/aacute.glif":"\/optikartoon.ufo\/glyphs\/aacute.glif","\/optikartoon.ufo\/glyphs\/acircumflex.glif":"\/optikartoon.ufo\/glyphs\/acircumflex.glif","\/optikartoon.ufo\/glyphs\/acute.glif":"\/optikartoon.ufo\/glyphs\/acute.glif","\/optikartoon.ufo\/glyphs\/adieresis.glif":"\/optikartoon.ufo\/glyphs\/adieresis.glif","\/optikartoon.ufo\/glyphs\/ae.glif":"\/optikartoon.ufo\/glyphs\/ae.glif","\/optikartoon.ufo\/glyphs\/agrave.glif":"\/optikartoon.ufo\/glyphs\/agrave.glif","\/optikartoon.ufo\/glyphs\/ampersand.glif":"\/optikartoon.ufo\/glyphs\/ampersand.glif","\/optikartoon.ufo\/glyphs\/aring.glif":"\/optikartoon.ufo\/glyphs\/aring.glif","\/optikartoon.ufo\/glyphs\/asciicircum.glif":"\/optikartoon.ufo\/glyphs\/asciicircum.glif","\/optikartoon.ufo\/glyphs\/asciitilde.glif":"\/optikartoon.ufo\/glyphs\/asciitilde.glif","\/optikartoon.ufo\/glyphs\/asterisk.glif":"\/optikartoon.ufo\/glyphs\/asterisk.glif","\/optikartoon.ufo\/glyphs\/at.glif":"\/optikartoon.ufo\/glyphs\/at.glif","\/optikartoon.ufo\/glyphs\/atilde.glif":"\/optikartoon.ufo\/glyphs\/atilde.glif","\/optikartoon.ufo\/glyphs\/b.glif":"\/optikartoon.ufo\/glyphs\/b.glif","\/optikartoon.ufo\/glyphs\/backslash.glif":"\/optikartoon.ufo\/glyphs\/backslash.glif","\/optikartoon.ufo\/glyphs\/bar.glif":"\/optikartoon.ufo\/glyphs\/bar.glif","\/optikartoon.ufo\/glyphs\/braceleft.glif":"\/optikartoon.ufo\/glyphs\/braceleft.glif","\/optikartoon.ufo\/glyphs\/braceright.glif":"\/optikartoon.ufo\/glyphs\/braceright.glif","\/optikartoon.ufo\/glyphs\/bracketleft.glif":"\/optikartoon.ufo\/glyphs\/bracketleft.glif","\/optikartoon.ufo\/glyphs\/bracketright.glif":"\/optikartoon.ufo\/glyphs\/bracketright.glif","\/optikartoon.ufo\/glyphs\/bullet.glif":"\/optikartoon.ufo\/glyphs\/bullet.glif","\/optikartoon.ufo\/glyphs\/c.glif":"\/optikartoon.ufo\/glyphs\/c.glif","\/optikartoon.ufo\/glyphs\/ccedilla.glif":"\/optikartoon.ufo\/glyphs\/ccedilla.glif","\/optikartoon.ufo\/glyphs\/cent.glif":"\/optikartoon.ufo\/glyphs\/cent.glif","\/optikartoon.ufo\/glyphs\/circumflex.glif":"\/optikartoon.ufo\/glyphs\/circumflex.glif","\/optikartoon.ufo\/glyphs\/colon.glif":"\/optikartoon.ufo\/glyphs\/colon.glif","\/optikartoon.ufo\/glyphs\/comma.glif":"\/optikartoon.ufo\/glyphs\/comma.glif","\/optikartoon.ufo\/glyphs\/contents.plist":"\/optikartoon.ufo\/glyphs\/contents.plist","\/optikartoon.ufo\/glyphs\/copyright.glif":"\/optikartoon.ufo\/glyphs\/copyright.glif","\/optikartoon.ufo\/glyphs\/d.glif":"\/optikartoon.ufo\/glyphs\/d.glif","\/optikartoon.ufo\/glyphs\/dieresis.glif":"\/optikartoon.ufo\/glyphs\/dieresis.glif","\/optikartoon.ufo\/glyphs\/dollar.glif":"\/optikartoon.ufo\/glyphs\/dollar.glif","\/optikartoon.ufo\/glyphs\/dotlessi.glif":"\/optikartoon.ufo\/glyphs\/dotlessi.glif","\/optikartoon.ufo\/glyphs\/e.glif":"\/optikartoon.ufo\/glyphs\/e.glif","\/optikartoon.ufo\/glyphs\/eacute.glif":"\/optikartoon.ufo\/glyphs\/eacute.glif","\/optikartoon.ufo\/glyphs\/ecircumflex.glif":"\/optikartoon.ufo\/glyphs\/ecircumflex.glif","\/optikartoon.ufo\/glyphs\/edieresis.glif":"\/optikartoon.ufo\/glyphs\/edieresis.glif","\/optikartoon.ufo\/glyphs\/egrave.glif":"\/optikartoon.ufo\/glyphs\/egrave.glif","\/optikartoon.ufo\/glyphs\/eight.glif":"\/optikartoon.ufo\/glyphs\/eight.glif","\/optikartoon.ufo\/glyphs\/emdash.glif":"\/optikartoon.ufo\/glyphs\/emdash.glif","\/optikartoon.ufo\/glyphs\/endash.glif":"\/optikartoon.ufo\/glyphs\/endash.glif","\/optikartoon.ufo\/glyphs\/equal.glif":"\/optikartoon.ufo\/glyphs\/equal.glif","\/optikartoon.ufo\/glyphs\/exclam.glif":"\/optikartoon.ufo\/glyphs\/exclam.glif","\/optikartoon.ufo\/glyphs\/f.glif":"\/optikartoon.ufo\/glyphs\/f.glif","\/optikartoon.ufo\/glyphs\/five.glif":"\/optikartoon.ufo\/glyphs\/five.glif","\/optikartoon.ufo\/glyphs\/four.glif":"\/optikartoon.ufo\/glyphs\/four.glif","\/optikartoon.ufo\/glyphs\/fraction.glif":"\/optikartoon.ufo\/glyphs\/fraction.glif","\/optikartoon.ufo\/glyphs\/g.glif":"\/optikartoon.ufo\/glyphs\/g.glif","\/optikartoon.ufo\/glyphs\/grave.glif":"\/optikartoon.ufo\/glyphs\/grave.glif","\/optikartoon.ufo\/glyphs\/greater.glif":"\/optikartoon.ufo\/glyphs\/greater.glif","\/optikartoon.ufo\/glyphs\/h.glif":"\/optikartoon.ufo\/glyphs\/h.glif","\/optikartoon.ufo\/glyphs\/hyphen.glif":"\/optikartoon.ufo\/glyphs\/hyphen.glif","\/optikartoon.ufo\/glyphs\/i.glif":"\/optikartoon.ufo\/glyphs\/i.glif","\/optikartoon.ufo\/glyphs\/iacute.glif":"\/optikartoon.ufo\/glyphs\/iacute.glif","\/optikartoon.ufo\/glyphs\/icircumflex.glif":"\/optikartoon.ufo\/glyphs\/icircumflex.glif","\/optikartoon.ufo\/glyphs\/idieresis.glif":"\/optikartoon.ufo\/glyphs\/idieresis.glif","\/optikartoon.ufo\/glyphs\/igrave.glif":"\/optikartoon.ufo\/glyphs\/igrave.glif","\/optikartoon.ufo\/glyphs\/infinity.glif":"\/optikartoon.ufo\/glyphs\/infinity.glif","\/optikartoon.ufo\/glyphs\/j.glif":"\/optikartoon.ufo\/glyphs\/j.glif","\/optikartoon.ufo\/glyphs\/k.glif":"\/optikartoon.ufo\/glyphs\/k.glif","\/optikartoon.ufo\/glyphs\/l.glif":"\/optikartoon.ufo\/glyphs\/l.glif","\/optikartoon.ufo\/glyphs\/less.glif":"\/optikartoon.ufo\/glyphs\/less.glif","\/optikartoon.ufo\/glyphs\/m.glif":"\/optikartoon.ufo\/glyphs\/m.glif","\/optikartoon.ufo\/glyphs\/n.glif":"\/optikartoon.ufo\/glyphs\/n.glif","\/optikartoon.ufo\/glyphs\/nine.glif":"\/optikartoon.ufo\/glyphs\/nine.glif","\/optikartoon.ufo\/glyphs\/ntilde.glif":"\/optikartoon.ufo\/glyphs\/ntilde.glif","\/optikartoon.ufo\/glyphs\/numbersign.glif":"\/optikartoon.ufo\/glyphs\/numbersign.glif","\/optikartoon.ufo\/glyphs\/o.glif":"\/optikartoon.ufo\/glyphs\/o.glif","\/optikartoon.ufo\/glyphs\/oacute.glif":"\/optikartoon.ufo\/glyphs\/oacute.glif","\/optikartoon.ufo\/glyphs\/ocircumflex.glif":"\/optikartoon.ufo\/glyphs\/ocircumflex.glif","\/optikartoon.ufo\/glyphs\/odieresis.glif":"\/optikartoon.ufo\/glyphs\/odieresis.glif","\/optikartoon.ufo\/glyphs\/oe.glif":"\/optikartoon.ufo\/glyphs\/oe.glif","\/optikartoon.ufo\/glyphs\/ograve.glif":"\/optikartoon.ufo\/glyphs\/ograve.glif","\/optikartoon.ufo\/glyphs\/one.glif":"\/optikartoon.ufo\/glyphs\/one.glif","\/optikartoon.ufo\/glyphs\/oslash.glif":"\/optikartoon.ufo\/glyphs\/oslash.glif","\/optikartoon.ufo\/glyphs\/otilde.glif":"\/optikartoon.ufo\/glyphs\/otilde.glif","\/optikartoon.ufo\/glyphs\/p.glif":"\/optikartoon.ufo\/glyphs\/p.glif","\/optikartoon.ufo\/glyphs\/parenleft.glif":"\/optikartoon.ufo\/glyphs\/parenleft.glif","\/optikartoon.ufo\/glyphs\/parenright.glif":"\/optikartoon.ufo\/glyphs\/parenright.glif","\/optikartoon.ufo\/glyphs\/percent.glif":"\/optikartoon.ufo\/glyphs\/percent.glif","\/optikartoon.ufo\/glyphs\/period.glif":"\/optikartoon.ufo\/glyphs\/period.glif","\/optikartoon.ufo\/glyphs\/periodcentered.glif":"\/optikartoon.ufo\/glyphs\/periodcentered.glif","\/optikartoon.ufo\/glyphs\/plus.glif":"\/optikartoon.ufo\/glyphs\/plus.glif","\/optikartoon.ufo\/glyphs\/q.glif":"\/optikartoon.ufo\/glyphs\/q.glif","\/optikartoon.ufo\/glyphs\/question.glif":"\/optikartoon.ufo\/glyphs\/question.glif","\/optikartoon.ufo\/glyphs\/quotedbl.glif":"\/optikartoon.ufo\/glyphs\/quotedbl.glif","\/optikartoon.ufo\/glyphs\/quotedblleft.glif":"\/optikartoon.ufo\/glyphs\/quotedblleft.glif","\/optikartoon.ufo\/glyphs\/quotedblright.glif":"\/optikartoon.ufo\/glyphs\/quotedblright.glif","\/optikartoon.ufo\/glyphs\/quoteleft.glif":"\/optikartoon.ufo\/glyphs\/quoteleft.glif","\/optikartoon.ufo\/glyphs\/quoteright.glif":"\/optikartoon.ufo\/glyphs\/quoteright.glif","\/optikartoon.ufo\/glyphs\/quotesingle.glif":"\/optikartoon.ufo\/glyphs\/quotesingle.glif","\/optikartoon.ufo\/glyphs\/r.glif":"\/optikartoon.ufo\/glyphs\/r.glif","\/optikartoon.ufo\/glyphs\/radical.glif":"\/optikartoon.ufo\/glyphs\/radical.glif","\/optikartoon.ufo\/glyphs\/registered.glif":"\/optikartoon.ufo\/glyphs\/registered.glif","\/optikartoon.ufo\/glyphs\/ring.glif":"\/optikartoon.ufo\/glyphs\/ring.glif","\/optikartoon.ufo\/glyphs\/s.glif":"\/optikartoon.ufo\/glyphs\/s.glif","\/optikartoon.ufo\/glyphs\/semicolon.glif":"\/optikartoon.ufo\/glyphs\/semicolon.glif","\/optikartoon.ufo\/glyphs\/seven.glif":"\/optikartoon.ufo\/glyphs\/seven.glif","\/optikartoon.ufo\/glyphs\/six.glif":"\/optikartoon.ufo\/glyphs\/six.glif","\/optikartoon.ufo\/glyphs\/slash.glif":"\/optikartoon.ufo\/glyphs\/slash.glif","\/optikartoon.ufo\/glyphs\/space.glif":"\/optikartoon.ufo\/glyphs\/space.glif","\/optikartoon.ufo\/glyphs\/sterling.glif":"\/optikartoon.ufo\/glyphs\/sterling.glif","\/optikartoon.ufo\/glyphs\/summation.glif":"\/optikartoon.ufo\/glyphs\/summation.glif","\/optikartoon.ufo\/glyphs\/t.glif":"\/optikartoon.ufo\/glyphs\/t.glif","\/optikartoon.ufo\/glyphs\/three.glif":"\/optikartoon.ufo\/glyphs\/three.glif","\/optikartoon.ufo\/glyphs\/tilde.glif":"\/optikartoon.ufo\/glyphs\/tilde.glif","\/optikartoon.ufo\/glyphs\/trademark.glif":"\/optikartoon.ufo\/glyphs\/trademark.glif","\/optikartoon.ufo\/glyphs\/two.glif":"\/optikartoon.ufo\/glyphs\/two.glif","\/optikartoon.ufo\/glyphs\/u.glif":"\/optikartoon.ufo\/glyphs\/u.glif","\/optikartoon.ufo\/glyphs\/uacute.glif":"\/optikartoon.ufo\/glyphs\/uacute.glif","\/optikartoon.ufo\/glyphs\/ucircumflex.glif":"\/optikartoon.ufo\/glyphs\/ucircumflex.glif","\/optikartoon.ufo\/glyphs\/udieresis.glif":"\/optikartoon.ufo\/glyphs\/udieresis.glif","\/optikartoon.ufo\/glyphs\/ugrave.glif":"\/optikartoon.ufo\/glyphs\/ugrave.glif","\/optikartoon.ufo\/glyphs\/underscore.glif":"\/optikartoon.ufo\/glyphs\/underscore.glif","\/optikartoon.ufo\/glyphs\/v.glif":"\/optikartoon.ufo\/glyphs\/v.glif","\/optikartoon.ufo\/glyphs\/w.glif":"\/optikartoon.ufo\/glyphs\/w.glif","\/optikartoon.ufo\/glyphs\/x.glif":"\/optikartoon.ufo\/glyphs\/x.glif","\/optikartoon.ufo\/glyphs\/y.glif":"\/optikartoon.ufo\/glyphs\/y.glif","\/optikartoon.ufo\/glyphs\/ydieresis.glif":"\/optikartoon.ufo\/glyphs\/ydieresis.glif","\/optikartoon.ufo\/glyphs\/z.glif":"\/optikartoon.ufo\/glyphs\/z.glif","\/optikartoon.ufo\/glyphs\/zero.glif":"\/optikartoon.ufo\/glyphs\/zero.glif"},"Font":{"uploaded":1471112214.6389,"licence":"gpl3","company":"Chronolabs Cooperative","title":"OPTIKartoon","version":3.002,"date":"Fri Aug 12 10:03:35 2016","creator":"root","type":"1","matrix":"0.001 0 0 0.001 0 0","named":"OPTIKartoon","painttype":"0","info":"10 dict dup","name":"OPTIKartoon","family":"OPTIKartoon","weight":"Medium","fstype":"0","italicangle":"0","underlineposition":"","underlinethickness":""},"Licences":{"":false},"Table":{"FFTM":{"entryLength":16,"tag":"FFTM","checksum":1944367678,"offset":27724,"length":28},"GDEF":{"entryLength":16,"tag":"GDEF","checksum":14680070,"offset":27692,"length":32},"OS\/2":{"entryLength":16,"tag":"OS\/2","checksum":1464795943,"offset":344,"length":86},"cmap":{"entryLength":16,"tag":"cmap","checksum":3124224104,"offset":1148,"length":554},"gasp":{"entryLength":16,"tag":"gasp","checksum":4294901763,"offset":27684,"length":8},"glyf":{"entryLength":16,"tag":"glyf","checksum":2877382601,"offset":2064,"length":24580},"head":{"entryLength":16,"tag":"head","checksum":171163874,"offset":220,"length":54},"hhea":{"entryLength":16,"tag":"hhea","checksum":130089779,"offset":276,"length":36},"hmtx":{"entryLength":16,"tag":"hmtx","checksum":1521162366,"offset":432,"length":716},"loca":{"entryLength":16,"tag":"loca","checksum":3620466774,"offset":1704,"length":360},"maxp":{"entryLength":16,"tag":"maxp","checksum":16384123,"offset":312,"length":32},"name":{"entryLength":16,"tag":"name","checksum":4716120,"offset":26644,"length":645},"post":{"entryLength":16,"tag":"post","checksum":562045532,"offset":27292,"length":392}},"UnicodeCharMap":{"32":3,"33":4,"34":5,"35":6,"36":7,"37":8,"38":9,"39":10,"40":11,"41":12,"42":13,"43":14,"44":15,"45":16,"46":17,"47":18,"48":19,"49":20,"50":21,"51":22,"52":23,"53":24,"54":25,"55":26,"56":27,"57":28,"58":29,"59":30,"60":31,"61":32,"62":33,"63":34,"64":35,"65":36,"66":37,"67":38,"68":39,"69":40,"70":41,"71":42,"72":43,"73":44,"74":45,"75":46,"76":47,"77":48,"78":49,"79":50,"80":51,"81":52,"82":53,"83":54,"84":55,"85":56,"86":57,"87":58,"88":59,"89":60,"90":61,"91":62,"92":63,"93":64,"94":65,"95":66,"96":67,"97":68,"98":69,"99":70,"100":71,"101":72,"102":73,"103":74,"104":75,"105":76,"106":77,"107":78,"108":79,"109":80,"110":81,"111":82,"112":83,"113":84,"114":85,"115":86,"116":87,"117":88,"118":89,"119":90,"120":91,"121":92,"122":93,"123":94,"124":95,"125":96,"126":97,"162":98,"163":99,"168":100,"169":101,"174":102,"180":103,"183":104,"192":105,"193":106,"194":107,"195":108,"196":109,"197":110,"198":111,"199":112,"200":113,"201":114,"202":115,"203":116,"204":117,"205":118,"206":119,"207":120,"209":121,"210":122,"211":123,"212":124,"213":125,"214":126,"216":127,"217":128,"218":129,"219":130,"220":131,"224":132,"225":133,"226":134,"227":135,"228":136,"229":137,"230":138,"231":139,"232":140,"233":141,"234":142,"235":143,"236":144,"237":145,"238":146,"239":147,"241":148,"242":149,"243":150,"244":151,"245":152,"246":153,"248":154,"249":155,"250":156,"251":157,"252":158,"255":159,"305":172,"338":171,"339":173,"376":178,"710":167,"730":169,"732":168,"8211":164,"8212":170,"8216":161,"8217":160,"8220":163,"8221":166,"8226":165,"8260":162,"8482":174,"8721":176,"8730":177,"8734":175},"Reserves":{"fontname":"OPTIKartoon"},"Names":{"OPTIKartoon":{"name":"OPTIKartoon","longitude":"0.00000001","latitude":"0.00000001","country":"","region":"","city":""}},"Nodes":{"op":{"type":"typal","node":"op","usage":1,"weight":1},"on":{"type":"typal","node":"on","usage":1,"weight":1},"opt":{"type":"typal","node":"opt","usage":1,"weight":1},"oon":{"type":"typal","node":"oon","usage":1,"weight":1},"opti":{"type":"keys","node":"opti","usage":1,"weight":1},"toon":{"type":"keys","node":"toon","usage":1,"weight":1},"optik":{"type":"keys","node":"optik","usage":1,"weight":1},"rtoon":{"type":"keys","node":"rtoon","usage":1,"weight":1},"optikartoon":{"type":"fixes","node":"optikartoon","usage":1,"weight":1}},"Contributors":[],"FontIdentity":"wagovau:2cfd22dc47f755780e034c12","Bytes":null,"Networking":[],"barcode":"12oao3kowa6gci","referee":"scu75"}