{"CSS":{"ZonkersHand":"ZonkersHand.css"},"FontType":"TrueType","FontCopyright":"From the WSI-Font Collection.  Digital font data Copyright (c)1995 Weatherly Systems, Inc.  All Rights Reserved.  Redistribution strictly prohibited.","FontName":"ZonkersHand","FontSubfamily":"Book","FontSubfamilyID":"FontForge 2.0 : ZonkersHand : 2-11-2016","FontFullName":"Zonkers Hand","FontVersion":"Version Print Artist: Sierra ","FontWeight":null,"FontPostscriptName":"ZonkersHand","Files":{"zonkershand.afm":"zonkershand.afm","zonkershand.bin":"zonkershand.bin","zonkershand.cef":"zonkershand.cef","zonkershand.cff":"zonkershand.cff","zonkershand.cid":"zonkershand.cid","zonkershand.dfont":"zonkershand.dfont","zonkershand.eot":"zonkershand.eot","zonkershand.fon":"zonkershand.fon","zonkershand.gai":"zonkershand.gai","zonkershand.gsf":"zonkershand.gsf","zonkershand.hqx":"zonkershand.hqx","zonkershand.ik":"zonkershand.ik","zonkershand.mf":"zonkershand.mf","zonkershand.otf":"zonkershand.otf","zonkershand.pcf":"zonkershand.pcf","zonkershand.pf3":"zonkershand.pf3","zonkershand.pfa":"zonkershand.pfa","zonkershand.pfb":"zonkershand.pfb","zonkershand.php":"zonkershand.php","zonkershand.pmf":"zonkershand.pmf","zonkershand.pt3":"zonkershand.pt3","zonkershand.sfd":"zonkershand.sfd","zonkershand.svg":"zonkershand.svg","zonkershand.t42":"zonkershand.t42","zonkershand.ttd":"zonkershand.ttd","zonkershand.ttf":"zonkershand.ttf","zonkershand.ttg":"zonkershand.ttg","zonkershand.ufm":"zonkershand.ufm","zonkershand.woff":"zonkershand.woff","zonkershand.z":"zonkershand.z","":{"zonkershand.afm":"zonkershand.afm","zonkershand.bin":"zonkershand.bin","zonkershand.cef":"zonkershand.cef","zonkershand.cff":"zonkershand.cff","zonkershand.cid":"zonkershand.cid","zonkershand.dfont":"zonkershand.dfont","zonkershand.eot":"zonkershand.eot","zonkershand.fon":"zonkershand.fon","zonkershand.gai":"zonkershand.gai","zonkershand.gsf":"zonkershand.gsf","zonkershand.hqx":"zonkershand.hqx","zonkershand.ik":"zonkershand.ik","zonkershand.mf":"zonkershand.mf","zonkershand.otf":"zonkershand.otf","zonkershand.pcf":"zonkershand.pcf","zonkershand.pf3":"zonkershand.pf3","zonkershand.pfa":"zonkershand.pfa","zonkershand.pfb":"zonkershand.pfb","zonkershand.php":"zonkershand.php","zonkershand.pmf":"zonkershand.pmf","zonkershand.pt3":"zonkershand.pt3","zonkershand.sfd":"zonkershand.sfd","zonkershand.svg":"zonkershand.svg","zonkershand.t42":"zonkershand.t42","zonkershand.ttd":"zonkershand.ttd","zonkershand.ttf":"zonkershand.ttf","zonkershand.ttg":"zonkershand.ttg","zonkershand.ufm":"zonkershand.ufm","zonkershand.woff":"zonkershand.woff","zonkershand.z":"zonkershand.z"},"\/zonkershand.ufo":{"feature.fea":"feature.fea","fontinfo.plist":"fontinfo.plist","groups.plist":"groups.plist","kerning.plist":"kerning.plist","metainfo.plist":"metainfo.plist"},"\/zonkershand.ufo\/glyphs":{"A_.glif":"A_.glif","A_E_.glif":"A_E_.glif","A_acute.glif":"A_acute.glif","A_circumflex.glif":"A_circumflex.glif","A_dieresis.glif":"A_dieresis.glif","A_grave.glif":"A_grave.glif","A_ring.glif":"A_ring.glif","A_tilde.glif":"A_tilde.glif","B_.glif":"B_.glif","C_.glif":"C_.glif","C_cedilla.glif":"C_cedilla.glif","D_.glif":"D_.glif","E_.glif":"E_.glif","E_acute.glif":"E_acute.glif","E_circumflex.glif":"E_circumflex.glif","E_dieresis.glif":"E_dieresis.glif","E_grave.glif":"E_grave.glif","E_th.glif":"E_th.glif","F_.glif":"F_.glif","G_.glif":"G_.glif","H_.glif":"H_.glif","I_.glif":"I_.glif","I_acute.glif":"I_acute.glif","I_circumflex.glif":"I_circumflex.glif","I_dieresis.glif":"I_dieresis.glif","I_grave.glif":"I_grave.glif","J_.glif":"J_.glif","K_.glif":"K_.glif","L_.glif":"L_.glif","L_slash.glif":"L_slash.glif","M_.glif":"M_.glif","N_.glif":"N_.glif","N_tilde.glif":"N_tilde.glif","O_.glif":"O_.glif","O_E_.glif":"O_E_.glif","O_acute.glif":"O_acute.glif","O_circumflex.glif":"O_circumflex.glif","O_dieresis.glif":"O_dieresis.glif","O_grave.glif":"O_grave.glif","O_slash.glif":"O_slash.glif","O_tilde.glif":"O_tilde.glif","P_.glif":"P_.glif","Q_.glif":"Q_.glif","R_.glif":"R_.glif","S_.glif":"S_.glif","S_caron.glif":"S_caron.glif","T_.glif":"T_.glif","T_horn.glif":"T_horn.glif","U_.glif":"U_.glif","U_acute.glif":"U_acute.glif","U_circumflex.glif":"U_circumflex.glif","U_dieresis.glif":"U_dieresis.glif","U_grave.glif":"U_grave.glif","V_.glif":"V_.glif","W_.glif":"W_.glif","X_.glif":"X_.glif","Y_.glif":"Y_.glif","Y_acute.0.glif":"Y_acute.0.glif","Y_acute.glif":"Y_acute.glif","Y_dieresis.glif":"Y_dieresis.glif","Z_.glif":"Z_.glif","Z_caron.glif":"Z_caron.glif","_notdef.glif":"_notdef.glif","_null.glif":"_null.glif","a.glif":"a.glif","aacute.glif":"aacute.glif","acircumflex.glif":"acircumflex.glif","acute.glif":"acute.glif","adieresis.glif":"adieresis.glif","ae.glif":"ae.glif","agrave.glif":"agrave.glif","ampersand.glif":"ampersand.glif","aring.glif":"aring.glif","asciicircum.glif":"asciicircum.glif","asciitilde.glif":"asciitilde.glif","asterisk.glif":"asterisk.glif","at.glif":"at.glif","atilde.glif":"atilde.glif","b.glif":"b.glif","backslash.glif":"backslash.glif","bar.glif":"bar.glif","braceleft.glif":"braceleft.glif","braceright.glif":"braceright.glif","bracketleft.glif":"bracketleft.glif","bracketright.glif":"bracketright.glif","brokenbar.glif":"brokenbar.glif","bullet.glif":"bullet.glif","c.glif":"c.glif","caron.glif":"caron.glif","ccedilla.glif":"ccedilla.glif","cedilla.glif":"cedilla.glif","cent.glif":"cent.glif","circumflex.glif":"circumflex.glif","colon.glif":"colon.glif","comma.glif":"comma.glif","contents.plist":"contents.plist","copyright.glif":"copyright.glif","currency.glif":"currency.glif","d.glif":"d.glif","dagger.glif":"dagger.glif","daggerdbl.glif":"daggerdbl.glif","degree.glif":"degree.glif","dieresis.glif":"dieresis.glif","divide.glif":"divide.glif","dollar.glif":"dollar.glif","dotlessi.glif":"dotlessi.glif","dotoperator.glif":"dotoperator.glif","e.glif":"e.glif","eacute.glif":"eacute.glif","ecircumflex.glif":"ecircumflex.glif","edieresis.glif":"edieresis.glif","egrave.glif":"egrave.glif","eight.glif":"eight.glif","ellipsis.glif":"ellipsis.glif","emdash.glif":"emdash.glif","endash.glif":"endash.glif","equal.glif":"equal.glif","exclam.glif":"exclam.glif","exclamdown.glif":"exclamdown.glif","f.glif":"f.glif","fi.glif":"fi.glif","five.glif":"five.glif","fl.glif":"fl.glif","florin.glif":"florin.glif","four.glif":"four.glif","fraction.glif":"fraction.glif","g.glif":"g.glif","germandbls.glif":"germandbls.glif","glyph1.glif":"glyph1.glif","grave.glif":"grave.glif","greater.glif":"greater.glif","guillemotleft.glif":"guillemotleft.glif","guillemotright.glif":"guillemotright.glif","guilsinglleft.glif":"guilsinglleft.glif","guilsinglright.glif":"guilsinglright.glif","h.glif":"h.glif","hyphen.glif":"hyphen.glif","i.glif":"i.glif","iacute.glif":"iacute.glif","icircumflex.glif":"icircumflex.glif","idieresis.glif":"idieresis.glif","igrave.glif":"igrave.glif","j.glif":"j.glif","k.glif":"k.glif","l.glif":"l.glif","less.glif":"less.glif","logicalnot.glif":"logicalnot.glif","lslash.glif":"lslash.glif","m.glif":"m.glif","macron.glif":"macron.glif","minus.glif":"minus.glif","mu.glif":"mu.glif","multiply.glif":"multiply.glif","n.glif":"n.glif","nine.glif":"nine.glif","nonbreakingspace.glif":"nonbreakingspace.glif","nonmarkingreturn.glif":"nonmarkingreturn.glif","ntilde.glif":"ntilde.glif","numbersign.glif":"numbersign.glif","o.glif":"o.glif","oacute.glif":"oacute.glif","ocircumflex.glif":"ocircumflex.glif","odieresis.glif":"odieresis.glif","oe.glif":"oe.glif","ograve.glif":"ograve.glif","one.glif":"one.glif","onehalf.glif":"onehalf.glif","onequarter.glif":"onequarter.glif","onesuperior.glif":"onesuperior.glif","ordfeminine.glif":"ordfeminine.glif","ordmasculine.glif":"ordmasculine.glif","oslash.glif":"oslash.glif","otilde.glif":"otilde.glif","p.glif":"p.glif","paragraph.glif":"paragraph.glif","parenleft.glif":"parenleft.glif","parenright.glif":"parenright.glif","percent.glif":"percent.glif","period.glif":"period.glif","periodcentered.glif":"periodcentered.glif","perthousand.glif":"perthousand.glif","plus.glif":"plus.glif","plusminus.glif":"plusminus.glif","q.glif":"q.glif","question.glif":"question.glif","questiondown.glif":"questiondown.glif","quotedbl.glif":"quotedbl.glif","quotedblbase.glif":"quotedblbase.glif","quotedblleft.glif":"quotedblleft.glif","quotedblright.glif":"quotedblright.glif","quoteleft.glif":"quoteleft.glif","quoteright.glif":"quoteright.glif","quotesinglbase.glif":"quotesinglbase.glif","quotesingle.glif":"quotesingle.glif","r.glif":"r.glif","registered.glif":"registered.glif","ring.glif":"ring.glif","s.glif":"s.glif","scaron.glif":"scaron.glif","section.glif":"section.glif","semicolon.glif":"semicolon.glif","seven.glif":"seven.glif","six.glif":"six.glif","slash.glif":"slash.glif","space.glif":"space.glif","sterling.glif":"sterling.glif","t.glif":"t.glif","thorn.glif":"thorn.glif","three.glif":"three.glif","threequarters.glif":"threequarters.glif","threesuperior.glif":"threesuperior.glif","tilde.glif":"tilde.glif","trademark.glif":"trademark.glif","two.glif":"two.glif","twosuperior.glif":"twosuperior.glif","u.glif":"u.glif","uacute.glif":"uacute.glif","ucircumflex.glif":"ucircumflex.glif","udieresis.glif":"udieresis.glif","ugrave.glif":"ugrave.glif","underscore.glif":"underscore.glif","v.glif":"v.glif","w.glif":"w.glif","x.glif":"x.glif","y.glif":"y.glif","yacute.glif":"yacute.glif","ydieresis.glif":"ydieresis.glif","yen.glif":"yen.glif","z.glif":"z.glif","zcaron.glif":"zcaron.glif","zero.glif":"zero.glif"}},"Font":{"uploaded":1478114838.0297,"licence":"gpl3","company":"Chronolabs Cooperative","title":"Zonkers Hand","version":2.001,"date":"Fri Oct 14 23:27:30 2016","creator":"root","type":"1","matrix":"0.000244141 0 0 0.000244141 0 0","named":"ZonkersHand","painttype":"0","info":"10 dict dup","name":"ZonkersHand","family":"ZonkersHand","weight":"Book","fstype":"0","italicangle":"0","underlineposition":"","underlinethickness":""},"Table":{"FFTM":{"entryLength":16,"tag":"FFTM","checksum":1955350548,"offset":39480,"length":28},"GDEF":{"entryLength":16,"tag":"GDEF","checksum":18022404,"offset":39448,"length":32},"OS\/2":{"entryLength":16,"tag":"OS\/2","checksum":2233023468,"offset":344,"length":86},"cmap":{"entryLength":16,"tag":"cmap","checksum":2970481707,"offset":1352,"length":684},"gasp":{"entryLength":16,"tag":"gasp","checksum":4294901763,"offset":39440,"length":8},"glyf":{"entryLength":16,"tag":"glyf","checksum":1601718986,"offset":2500,"length":35456},"head":{"entryLength":16,"tag":"head","checksum":419050148,"offset":220,"length":54},"hhea":{"entryLength":16,"tag":"hhea","checksum":599657056,"offset":276,"length":36},"hmtx":{"entryLength":16,"tag":"hmtx","checksum":3648311707,"offset":432,"length":920},"loca":{"entryLength":16,"tag":"loca","checksum":2573497678,"offset":2036,"length":462},"maxp":{"entryLength":16,"tag":"maxp","checksum":20316634,"offset":312,"length":32},"name":{"entryLength":16,"tag":"name","checksum":1179474464,"offset":37956,"length":957},"post":{"entryLength":16,"tag":"post","checksum":2867090941,"offset":38916,"length":522}},"UnicodeCharMap":{"0":3,"13":2,"32":4,"33":5,"34":6,"35":7,"36":8,"37":9,"38":10,"39":11,"40":12,"41":13,"42":14,"43":15,"44":16,"45":17,"46":18,"47":19,"48":20,"49":21,"50":22,"51":23,"52":24,"53":25,"54":26,"55":27,"56":28,"57":29,"58":30,"59":31,"60":32,"61":33,"62":34,"63":35,"64":36,"65":37,"66":38,"67":39,"68":40,"69":41,"70":42,"71":43,"72":44,"73":45,"74":46,"75":47,"76":48,"77":49,"78":50,"79":51,"80":52,"81":53,"82":54,"83":55,"84":56,"85":57,"86":58,"87":59,"88":60,"89":61,"90":62,"91":63,"92":64,"93":65,"94":66,"95":67,"96":68,"97":69,"98":70,"99":71,"100":72,"101":73,"102":74,"103":75,"104":76,"105":77,"106":78,"107":79,"108":80,"109":81,"110":82,"111":83,"112":84,"113":85,"114":86,"115":87,"116":88,"117":89,"118":90,"119":91,"120":92,"121":93,"122":94,"123":95,"124":96,"125":97,"126":98,"160":99,"161":100,"162":101,"163":102,"164":103,"165":104,"166":105,"167":106,"168":107,"169":108,"170":109,"171":110,"172":111,"174":113,"175":114,"176":115,"177":116,"178":117,"179":118,"180":119,"182":121,"183":122,"184":123,"185":124,"186":125,"187":126,"188":127,"189":128,"190":129,"191":130,"192":131,"193":132,"194":133,"195":134,"196":135,"197":136,"198":137,"199":138,"200":139,"201":140,"202":141,"203":142,"204":143,"205":144,"206":145,"207":146,"208":147,"209":148,"210":149,"211":150,"212":151,"213":152,"214":153,"215":154,"216":155,"217":156,"218":157,"219":158,"220":159,"221":179,"222":161,"223":162,"224":163,"225":164,"226":165,"227":166,"228":167,"229":168,"230":169,"231":170,"232":171,"233":172,"234":173,"235":174,"236":175,"237":176,"238":177,"239":178,"241":180,"242":181,"243":182,"244":183,"245":184,"246":185,"247":186,"248":187,"249":188,"250":189,"251":190,"252":191,"253":192,"254":193,"255":194,"305":218,"321":223,"322":224,"338":200,"339":201,"352":225,"353":226,"376":208,"381":227,"382":228,"402":198,"710":219,"711":222,"730":221,"732":220,"956":120,"8211":202,"8212":203,"8216":206,"8217":207,"8218":215,"8220":204,"8221":205,"8222":216,"8224":195,"8225":214,"8226":196,"8230":199,"8240":217,"8249":210,"8250":211,"8260":209,"8482":197,"8722":112,"64257":212,"64258":213},"Reserves":null,"Names":[],"Nodes":{"zo":{"type":"typal","node":"zo","usage":1,"weight":1},"rs":{"type":"typal","node":"rs","usage":1,"weight":1},"ha":{"type":"typal","node":"ha","usage":1,"weight":1},"nd":{"type":"typal","node":"nd","usage":1,"weight":1},"zon":{"type":"typal","node":"zon","usage":1,"weight":1},"ers":{"type":"typal","node":"ers","usage":1,"weight":1},"han":{"type":"typal","node":"han","usage":1,"weight":1},"and":{"type":"typal","node":"and","usage":1,"weight":1},"zonk":{"type":"keys","node":"zonk","usage":1,"weight":1},"kers":{"type":"keys","node":"kers","usage":1,"weight":1},"zonke":{"type":"keys","node":"zonke","usage":1,"weight":1},"nkers":{"type":"keys","node":"nkers","usage":1,"weight":1},"zonkers":{"type":"fixes","node":"zonkers","usage":1,"weight":1},"hand":{"type":"fixes","node":"hand","usage":1,"weight":1}},"Contributors":[],"FontIdentity":"c332bf50609b2b7c8a03687df53bc874","Bytes":4317979,"Networking":[],"barcode":"12UMYAgUs7oQwe","referee":"gc0kc"}