{"CSS":{"Garamond Bold":"zinc17:cf350a383f01918873b99a802.css"},"FontType":"TrueType","FontCopyright":"Digitized data copyright Monotype Typography, Ltd 1991-1995. All rights reserved. Monotype Garamond is a trademark of Monotype Typography, Ltd which may be registered in certain jurisdictions.","FontName":"Garamond","FontSubfamily":"Bold","FontSubfamilyID":"FontForge 2.0 : Garamond Bold : 26-11-2016","FontFullName":"Garamond Bold","FontVersion":"Version 2.40 ","FontWeight":null,"FontPostscriptName":"Garamond-Bold","Files":{"\/Garamond Bold.css":"\/Garamond Bold.css","\/font-resource.json":"\/font-resource.json","\/garabd.afm":"\/garabd.afm","\/garabd.cef":"\/garabd.cef","\/garabd.cff":"\/garabd.cff","\/garabd.eot":"\/garabd.eot","\/garabd.gai":"\/garabd.gai","\/garabd.gsf":"\/garabd.gsf","\/garabd.otf":"\/garabd.otf","\/garabd.pf3":"\/garabd.pf3","\/garabd.pfa":"\/garabd.pfa","\/garabd.pfb":"\/garabd.pfb","\/garabd.php":"\/garabd.php","\/garabd.pt3":"\/garabd.pt3","\/garabd.sfd":"\/garabd.sfd","\/garabd.svg":"\/garabd.svg","\/garabd.t42":"\/garabd.t42","\/garabd.ttd":"\/garabd.ttd","\/garabd.ttf":"\/garabd.ttf","\/garabd.ttg":"\/garabd.ttg","\/garabd.ufm":"\/garabd.ufm","\/garabd.woff":"\/garabd.woff","\/garabd.z":"\/garabd.z","\/garabd.ufo\/feature.fea":"\/garabd.ufo\/feature.fea","\/garabd.ufo\/fontinfo.plist":"\/garabd.ufo\/fontinfo.plist","\/garabd.ufo\/groups.plist":"\/garabd.ufo\/groups.plist","\/garabd.ufo\/kerning.plist":"\/garabd.ufo\/kerning.plist","\/garabd.ufo\/metainfo.plist":"\/garabd.ufo\/metainfo.plist","\/garabd.ufo\/glyphs\/A_.glif":"\/garabd.ufo\/glyphs\/A_.glif","\/garabd.ufo\/glyphs\/A_E_.glif":"\/garabd.ufo\/glyphs\/A_E_.glif","\/garabd.ufo\/glyphs\/A_E_acute.glif":"\/garabd.ufo\/glyphs\/A_E_acute.glif","\/garabd.ufo\/glyphs\/A_acute.glif":"\/garabd.ufo\/glyphs\/A_acute.glif","\/garabd.ufo\/glyphs\/A_breve.glif":"\/garabd.ufo\/glyphs\/A_breve.glif","\/garabd.ufo\/glyphs\/A_circumflex.glif":"\/garabd.ufo\/glyphs\/A_circumflex.glif","\/garabd.ufo\/glyphs\/A_dieresis.glif":"\/garabd.ufo\/glyphs\/A_dieresis.glif","\/garabd.ufo\/glyphs\/A_grave.glif":"\/garabd.ufo\/glyphs\/A_grave.glif","\/garabd.ufo\/glyphs\/A_lpha.glif":"\/garabd.ufo\/glyphs\/A_lpha.glif","\/garabd.ufo\/glyphs\/A_lphatonos.glif":"\/garabd.ufo\/glyphs\/A_lphatonos.glif","\/garabd.ufo\/glyphs\/A_macron.glif":"\/garabd.ufo\/glyphs\/A_macron.glif","\/garabd.ufo\/glyphs\/A_ogonek.glif":"\/garabd.ufo\/glyphs\/A_ogonek.glif","\/garabd.ufo\/glyphs\/A_ring.glif":"\/garabd.ufo\/glyphs\/A_ring.glif","\/garabd.ufo\/glyphs\/A_ringacute.glif":"\/garabd.ufo\/glyphs\/A_ringacute.glif","\/garabd.ufo\/glyphs\/A_tilde.glif":"\/garabd.ufo\/glyphs\/A_tilde.glif","\/garabd.ufo\/glyphs\/B_.glif":"\/garabd.ufo\/glyphs\/B_.glif","\/garabd.ufo\/glyphs\/B_eta.glif":"\/garabd.ufo\/glyphs\/B_eta.glif","\/garabd.ufo\/glyphs\/C_.glif":"\/garabd.ufo\/glyphs\/C_.glif","\/garabd.ufo\/glyphs\/C_acute.glif":"\/garabd.ufo\/glyphs\/C_acute.glif","\/garabd.ufo\/glyphs\/C_caron.glif":"\/garabd.ufo\/glyphs\/C_caron.glif","\/garabd.ufo\/glyphs\/C_cedilla.glif":"\/garabd.ufo\/glyphs\/C_cedilla.glif","\/garabd.ufo\/glyphs\/C_circumflex.glif":"\/garabd.ufo\/glyphs\/C_circumflex.glif","\/garabd.ufo\/glyphs\/C_dot.glif":"\/garabd.ufo\/glyphs\/C_dot.glif","\/garabd.ufo\/glyphs\/C_hi.glif":"\/garabd.ufo\/glyphs\/C_hi.glif","\/garabd.ufo\/glyphs\/D_.glif":"\/garabd.ufo\/glyphs\/D_.glif","\/garabd.ufo\/glyphs\/D_caron.glif":"\/garabd.ufo\/glyphs\/D_caron.glif","\/garabd.ufo\/glyphs\/D_elta.glif":"\/garabd.ufo\/glyphs\/D_elta.glif","\/garabd.ufo\/glyphs\/D_slash.glif":"\/garabd.ufo\/glyphs\/D_slash.glif","\/garabd.ufo\/glyphs\/E_.glif":"\/garabd.ufo\/glyphs\/E_.glif","\/garabd.ufo\/glyphs\/E_acute.glif":"\/garabd.ufo\/glyphs\/E_acute.glif","\/garabd.ufo\/glyphs\/E_breve.glif":"\/garabd.ufo\/glyphs\/E_breve.glif","\/garabd.ufo\/glyphs\/E_caron.glif":"\/garabd.ufo\/glyphs\/E_caron.glif","\/garabd.ufo\/glyphs\/E_circumflex.glif":"\/garabd.ufo\/glyphs\/E_circumflex.glif","\/garabd.ufo\/glyphs\/E_dieresis.glif":"\/garabd.ufo\/glyphs\/E_dieresis.glif","\/garabd.ufo\/glyphs\/E_dot.glif":"\/garabd.ufo\/glyphs\/E_dot.glif","\/garabd.ufo\/glyphs\/E_grave.glif":"\/garabd.ufo\/glyphs\/E_grave.glif","\/garabd.ufo\/glyphs\/E_macron.glif":"\/garabd.ufo\/glyphs\/E_macron.glif","\/garabd.ufo\/glyphs\/E_ng.glif":"\/garabd.ufo\/glyphs\/E_ng.glif","\/garabd.ufo\/glyphs\/E_ogonek.glif":"\/garabd.ufo\/glyphs\/E_ogonek.glif","\/garabd.ufo\/glyphs\/E_psilon.glif":"\/garabd.ufo\/glyphs\/E_psilon.glif","\/garabd.ufo\/glyphs\/E_psilontonos.glif":"\/garabd.ufo\/glyphs\/E_psilontonos.glif","\/garabd.ufo\/glyphs\/E_ta.glif":"\/garabd.ufo\/glyphs\/E_ta.glif","\/garabd.ufo\/glyphs\/E_tatonos.glif":"\/garabd.ufo\/glyphs\/E_tatonos.glif","\/garabd.ufo\/glyphs\/E_th.glif":"\/garabd.ufo\/glyphs\/E_th.glif","\/garabd.ufo\/glyphs\/E_uro.glif":"\/garabd.ufo\/glyphs\/E_uro.glif","\/garabd.ufo\/glyphs\/F_.glif":"\/garabd.ufo\/glyphs\/F_.glif","\/garabd.ufo\/glyphs\/G_.glif":"\/garabd.ufo\/glyphs\/G_.glif","\/garabd.ufo\/glyphs\/G_amma.glif":"\/garabd.ufo\/glyphs\/G_amma.glif","\/garabd.ufo\/glyphs\/G_breve.glif":"\/garabd.ufo\/glyphs\/G_breve.glif","\/garabd.ufo\/glyphs\/G_cedilla.glif":"\/garabd.ufo\/glyphs\/G_cedilla.glif","\/garabd.ufo\/glyphs\/G_circumflex.glif":"\/garabd.ufo\/glyphs\/G_circumflex.glif","\/garabd.ufo\/glyphs\/G_dot.glif":"\/garabd.ufo\/glyphs\/G_dot.glif","\/garabd.ufo\/glyphs\/H_.glif":"\/garabd.ufo\/glyphs\/H_.glif","\/garabd.ufo\/glyphs\/H_18533.glif":"\/garabd.ufo\/glyphs\/H_18533.glif","\/garabd.ufo\/glyphs\/H_18543.glif":"\/garabd.ufo\/glyphs\/H_18543.glif","\/garabd.ufo\/glyphs\/H_18551.glif":"\/garabd.ufo\/glyphs\/H_18551.glif","\/garabd.ufo\/glyphs\/H_22073.glif":"\/garabd.ufo\/glyphs\/H_22073.glif","\/garabd.ufo\/glyphs\/H_bar.glif":"\/garabd.ufo\/glyphs\/H_bar.glif","\/garabd.ufo\/glyphs\/H_circumflex.glif":"\/garabd.ufo\/glyphs\/H_circumflex.glif","\/garabd.ufo\/glyphs\/I_.glif":"\/garabd.ufo\/glyphs\/I_.glif","\/garabd.ufo\/glyphs\/I_J_.glif":"\/garabd.ufo\/glyphs\/I_J_.glif","\/garabd.ufo\/glyphs\/I_acute.glif":"\/garabd.ufo\/glyphs\/I_acute.glif","\/garabd.ufo\/glyphs\/I_breve.glif":"\/garabd.ufo\/glyphs\/I_breve.glif","\/garabd.ufo\/glyphs\/I_circumflex.glif":"\/garabd.ufo\/glyphs\/I_circumflex.glif","\/garabd.ufo\/glyphs\/I_dieresis.glif":"\/garabd.ufo\/glyphs\/I_dieresis.glif","\/garabd.ufo\/glyphs\/I_dot.glif":"\/garabd.ufo\/glyphs\/I_dot.glif","\/garabd.ufo\/glyphs\/I_grave.glif":"\/garabd.ufo\/glyphs\/I_grave.glif","\/garabd.ufo\/glyphs\/I_macron.glif":"\/garabd.ufo\/glyphs\/I_macron.glif","\/garabd.ufo\/glyphs\/I_ogonek.glif":"\/garabd.ufo\/glyphs\/I_ogonek.glif","\/garabd.ufo\/glyphs\/I_ota.glif":"\/garabd.ufo\/glyphs\/I_ota.glif","\/garabd.ufo\/glyphs\/I_otadieresis.glif":"\/garabd.ufo\/glyphs\/I_otadieresis.glif","\/garabd.ufo\/glyphs\/I_otatonos.glif":"\/garabd.ufo\/glyphs\/I_otatonos.glif","\/garabd.ufo\/glyphs\/I_tilde.glif":"\/garabd.ufo\/glyphs\/I_tilde.glif","\/garabd.ufo\/glyphs\/J_.glif":"\/garabd.ufo\/glyphs\/J_.glif","\/garabd.ufo\/glyphs\/J_circumflex.glif":"\/garabd.ufo\/glyphs\/J_circumflex.glif","\/garabd.ufo\/glyphs\/K_.glif":"\/garabd.ufo\/glyphs\/K_.glif","\/garabd.ufo\/glyphs\/K_appa.glif":"\/garabd.ufo\/glyphs\/K_appa.glif","\/garabd.ufo\/glyphs\/K_cedilla.glif":"\/garabd.ufo\/glyphs\/K_cedilla.glif","\/garabd.ufo\/glyphs\/L_.glif":"\/garabd.ufo\/glyphs\/L_.glif","\/garabd.ufo\/glyphs\/L_acute.glif":"\/garabd.ufo\/glyphs\/L_acute.glif","\/garabd.ufo\/glyphs\/L_ambda.glif":"\/garabd.ufo\/glyphs\/L_ambda.glif","\/garabd.ufo\/glyphs\/L_caron.glif":"\/garabd.ufo\/glyphs\/L_caron.glif","\/garabd.ufo\/glyphs\/L_cedilla.glif":"\/garabd.ufo\/glyphs\/L_cedilla.glif","\/garabd.ufo\/glyphs\/L_dot.glif":"\/garabd.ufo\/glyphs\/L_dot.glif","\/garabd.ufo\/glyphs\/L_slash.glif":"\/garabd.ufo\/glyphs\/L_slash.glif","\/garabd.ufo\/glyphs\/M_.glif":"\/garabd.ufo\/glyphs\/M_.glif","\/garabd.ufo\/glyphs\/M_u.glif":"\/garabd.ufo\/glyphs\/M_u.glif","\/garabd.ufo\/glyphs\/N_.glif":"\/garabd.ufo\/glyphs\/N_.glif","\/garabd.ufo\/glyphs\/N_acute.glif":"\/garabd.ufo\/glyphs\/N_acute.glif","\/garabd.ufo\/glyphs\/N_caron.glif":"\/garabd.ufo\/glyphs\/N_caron.glif","\/garabd.ufo\/glyphs\/N_cedilla.glif":"\/garabd.ufo\/glyphs\/N_cedilla.glif","\/garabd.ufo\/glyphs\/N_tilde.glif":"\/garabd.ufo\/glyphs\/N_tilde.glif","\/garabd.ufo\/glyphs\/N_u.glif":"\/garabd.ufo\/glyphs\/N_u.glif","\/garabd.ufo\/glyphs\/O_.glif":"\/garabd.ufo\/glyphs\/O_.glif","\/garabd.ufo\/glyphs\/O_E_.glif":"\/garabd.ufo\/glyphs\/O_E_.glif","\/garabd.ufo\/glyphs\/O_acute.glif":"\/garabd.ufo\/glyphs\/O_acute.glif","\/garabd.ufo\/glyphs\/O_breve.glif":"\/garabd.ufo\/glyphs\/O_breve.glif","\/garabd.ufo\/glyphs\/O_circumflex.glif":"\/garabd.ufo\/glyphs\/O_circumflex.glif","\/garabd.ufo\/glyphs\/O_dblacute.glif":"\/garabd.ufo\/glyphs\/O_dblacute.glif","\/garabd.ufo\/glyphs\/O_dieresis.glif":"\/garabd.ufo\/glyphs\/O_dieresis.glif","\/garabd.ufo\/glyphs\/O_grave.glif":"\/garabd.ufo\/glyphs\/O_grave.glif","\/garabd.ufo\/glyphs\/O_hm.glif":"\/garabd.ufo\/glyphs\/O_hm.glif","\/garabd.ufo\/glyphs\/O_macron.glif":"\/garabd.ufo\/glyphs\/O_macron.glif","\/garabd.ufo\/glyphs\/O_mega.glif":"\/garabd.ufo\/glyphs\/O_mega.glif","\/garabd.ufo\/glyphs\/O_megatonos.glif":"\/garabd.ufo\/glyphs\/O_megatonos.glif","\/garabd.ufo\/glyphs\/O_micron.glif":"\/garabd.ufo\/glyphs\/O_micron.glif","\/garabd.ufo\/glyphs\/O_microntonos.glif":"\/garabd.ufo\/glyphs\/O_microntonos.glif","\/garabd.ufo\/glyphs\/O_slash.glif":"\/garabd.ufo\/glyphs\/O_slash.glif","\/garabd.ufo\/glyphs\/O_slashacute.glif":"\/garabd.ufo\/glyphs\/O_slashacute.glif","\/garabd.ufo\/glyphs\/O_tilde.glif":"\/garabd.ufo\/glyphs\/O_tilde.glif","\/garabd.ufo\/glyphs\/P_.glif":"\/garabd.ufo\/glyphs\/P_.glif","\/garabd.ufo\/glyphs\/P_hi.glif":"\/garabd.ufo\/glyphs\/P_hi.glif","\/garabd.ufo\/glyphs\/P_i.glif":"\/garabd.ufo\/glyphs\/P_i.glif","\/garabd.ufo\/glyphs\/P_si.glif":"\/garabd.ufo\/glyphs\/P_si.glif","\/garabd.ufo\/glyphs\/Q_.glif":"\/garabd.ufo\/glyphs\/Q_.glif","\/garabd.ufo\/glyphs\/R_.glif":"\/garabd.ufo\/glyphs\/R_.glif","\/garabd.ufo\/glyphs\/R_acute.glif":"\/garabd.ufo\/glyphs\/R_acute.glif","\/garabd.ufo\/glyphs\/R_caron.glif":"\/garabd.ufo\/glyphs\/R_caron.glif","\/garabd.ufo\/glyphs\/R_cedilla.glif":"\/garabd.ufo\/glyphs\/R_cedilla.glif","\/garabd.ufo\/glyphs\/R_ho.glif":"\/garabd.ufo\/glyphs\/R_ho.glif","\/garabd.ufo\/glyphs\/S_.glif":"\/garabd.ufo\/glyphs\/S_.glif","\/garabd.ufo\/glyphs\/S_F_010000.glif":"\/garabd.ufo\/glyphs\/S_F_010000.glif","\/garabd.ufo\/glyphs\/S_F_020000.glif":"\/garabd.ufo\/glyphs\/S_F_020000.glif","\/garabd.ufo\/glyphs\/S_F_030000.glif":"\/garabd.ufo\/glyphs\/S_F_030000.glif","\/garabd.ufo\/glyphs\/S_F_040000.glif":"\/garabd.ufo\/glyphs\/S_F_040000.glif","\/garabd.ufo\/glyphs\/S_F_050000.glif":"\/garabd.ufo\/glyphs\/S_F_050000.glif","\/garabd.ufo\/glyphs\/S_F_060000.glif":"\/garabd.ufo\/glyphs\/S_F_060000.glif","\/garabd.ufo\/glyphs\/S_F_070000.glif":"\/garabd.ufo\/glyphs\/S_F_070000.glif","\/garabd.ufo\/glyphs\/S_F_080000.glif":"\/garabd.ufo\/glyphs\/S_F_080000.glif","\/garabd.ufo\/glyphs\/S_F_090000.glif":"\/garabd.ufo\/glyphs\/S_F_090000.glif","\/garabd.ufo\/glyphs\/S_F_100000.glif":"\/garabd.ufo\/glyphs\/S_F_100000.glif","\/garabd.ufo\/glyphs\/S_F_110000.glif":"\/garabd.ufo\/glyphs\/S_F_110000.glif","\/garabd.ufo\/glyphs\/S_F_190000.glif":"\/garabd.ufo\/glyphs\/S_F_190000.glif","\/garabd.ufo\/glyphs\/S_F_200000.glif":"\/garabd.ufo\/glyphs\/S_F_200000.glif","\/garabd.ufo\/glyphs\/S_F_210000.glif":"\/garabd.ufo\/glyphs\/S_F_210000.glif","\/garabd.ufo\/glyphs\/S_F_220000.glif":"\/garabd.ufo\/glyphs\/S_F_220000.glif","\/garabd.ufo\/glyphs\/S_F_230000.glif":"\/garabd.ufo\/glyphs\/S_F_230000.glif","\/garabd.ufo\/glyphs\/S_F_240000.glif":"\/garabd.ufo\/glyphs\/S_F_240000.glif","\/garabd.ufo\/glyphs\/S_F_250000.glif":"\/garabd.ufo\/glyphs\/S_F_250000.glif","\/garabd.ufo\/glyphs\/S_F_260000.glif":"\/garabd.ufo\/glyphs\/S_F_260000.glif","\/garabd.ufo\/glyphs\/S_F_270000.glif":"\/garabd.ufo\/glyphs\/S_F_270000.glif","\/garabd.ufo\/glyphs\/S_F_280000.glif":"\/garabd.ufo\/glyphs\/S_F_280000.glif","\/garabd.ufo\/glyphs\/S_F_360000.glif":"\/garabd.ufo\/glyphs\/S_F_360000.glif","\/garabd.ufo\/glyphs\/S_F_370000.glif":"\/garabd.ufo\/glyphs\/S_F_370000.glif","\/garabd.ufo\/glyphs\/S_F_380000.glif":"\/garabd.ufo\/glyphs\/S_F_380000.glif","\/garabd.ufo\/glyphs\/S_F_390000.glif":"\/garabd.ufo\/glyphs\/S_F_390000.glif","\/garabd.ufo\/glyphs\/S_F_400000.glif":"\/garabd.ufo\/glyphs\/S_F_400000.glif","\/garabd.ufo\/glyphs\/S_F_410000.glif":"\/garabd.ufo\/glyphs\/S_F_410000.glif","\/garabd.ufo\/glyphs\/S_F_420000.glif":"\/garabd.ufo\/glyphs\/S_F_420000.glif","\/garabd.ufo\/glyphs\/S_F_430000.glif":"\/garabd.ufo\/glyphs\/S_F_430000.glif","\/garabd.ufo\/glyphs\/S_F_440000.glif":"\/garabd.ufo\/glyphs\/S_F_440000.glif","\/garabd.ufo\/glyphs\/S_F_450000.glif":"\/garabd.ufo\/glyphs\/S_F_450000.glif","\/garabd.ufo\/glyphs\/S_F_460000.glif":"\/garabd.ufo\/glyphs\/S_F_460000.glif","\/garabd.ufo\/glyphs\/S_F_470000.glif":"\/garabd.ufo\/glyphs\/S_F_470000.glif","\/garabd.ufo\/glyphs\/S_F_480000.glif":"\/garabd.ufo\/glyphs\/S_F_480000.glif","\/garabd.ufo\/glyphs\/S_F_490000.glif":"\/garabd.ufo\/glyphs\/S_F_490000.glif","\/garabd.ufo\/glyphs\/S_F_500000.glif":"\/garabd.ufo\/glyphs\/S_F_500000.glif","\/garabd.ufo\/glyphs\/S_F_510000.glif":"\/garabd.ufo\/glyphs\/S_F_510000.glif","\/garabd.ufo\/glyphs\/S_F_520000.glif":"\/garabd.ufo\/glyphs\/S_F_520000.glif","\/garabd.ufo\/glyphs\/S_F_530000.glif":"\/garabd.ufo\/glyphs\/S_F_530000.glif","\/garabd.ufo\/glyphs\/S_F_540000.glif":"\/garabd.ufo\/glyphs\/S_F_540000.glif","\/garabd.ufo\/glyphs\/S_acute.glif":"\/garabd.ufo\/glyphs\/S_acute.glif","\/garabd.ufo\/glyphs\/S_caron.glif":"\/garabd.ufo\/glyphs\/S_caron.glif","\/garabd.ufo\/glyphs\/S_cedilla.glif":"\/garabd.ufo\/glyphs\/S_cedilla.glif","\/garabd.ufo\/glyphs\/S_circumflex.glif":"\/garabd.ufo\/glyphs\/S_circumflex.glif","\/garabd.ufo\/glyphs\/S_igma.glif":"\/garabd.ufo\/glyphs\/S_igma.glif","\/garabd.ufo\/glyphs\/T_.glif":"\/garabd.ufo\/glyphs\/T_.glif","\/garabd.ufo\/glyphs\/T_au.glif":"\/garabd.ufo\/glyphs\/T_au.glif","\/garabd.ufo\/glyphs\/T_bar.glif":"\/garabd.ufo\/glyphs\/T_bar.glif","\/garabd.ufo\/glyphs\/T_caron.glif":"\/garabd.ufo\/glyphs\/T_caron.glif","\/garabd.ufo\/glyphs\/T_cedilla.glif":"\/garabd.ufo\/glyphs\/T_cedilla.glif","\/garabd.ufo\/glyphs\/T_heta.glif":"\/garabd.ufo\/glyphs\/T_heta.glif","\/garabd.ufo\/glyphs\/T_horn.glif":"\/garabd.ufo\/glyphs\/T_horn.glif","\/garabd.ufo\/glyphs\/U_.glif":"\/garabd.ufo\/glyphs\/U_.glif","\/garabd.ufo\/glyphs\/U_acute.glif":"\/garabd.ufo\/glyphs\/U_acute.glif","\/garabd.ufo\/glyphs\/U_breve.glif":"\/garabd.ufo\/glyphs\/U_breve.glif","\/garabd.ufo\/glyphs\/U_circumflex.glif":"\/garabd.ufo\/glyphs\/U_circumflex.glif","\/garabd.ufo\/glyphs\/U_dblacute.glif":"\/garabd.ufo\/glyphs\/U_dblacute.glif","\/garabd.ufo\/glyphs\/U_dieresis.glif":"\/garabd.ufo\/glyphs\/U_dieresis.glif","\/garabd.ufo\/glyphs\/U_grave.glif":"\/garabd.ufo\/glyphs\/U_grave.glif","\/garabd.ufo\/glyphs\/U_macron.glif":"\/garabd.ufo\/glyphs\/U_macron.glif","\/garabd.ufo\/glyphs\/U_ogonek.glif":"\/garabd.ufo\/glyphs\/U_ogonek.glif","\/garabd.ufo\/glyphs\/U_psilon.glif":"\/garabd.ufo\/glyphs\/U_psilon.glif","\/garabd.ufo\/glyphs\/U_psilondieresis.glif":"\/garabd.ufo\/glyphs\/U_psilondieresis.glif","\/garabd.ufo\/glyphs\/U_psilontonos.glif":"\/garabd.ufo\/glyphs\/U_psilontonos.glif","\/garabd.ufo\/glyphs\/U_ring.glif":"\/garabd.ufo\/glyphs\/U_ring.glif","\/garabd.ufo\/glyphs\/U_tilde.glif":"\/garabd.ufo\/glyphs\/U_tilde.glif","\/garabd.ufo\/glyphs\/V_.glif":"\/garabd.ufo\/glyphs\/V_.glif","\/garabd.ufo\/glyphs\/W_.glif":"\/garabd.ufo\/glyphs\/W_.glif","\/garabd.ufo\/glyphs\/W_acute.glif":"\/garabd.ufo\/glyphs\/W_acute.glif","\/garabd.ufo\/glyphs\/W_circumflex.glif":"\/garabd.ufo\/glyphs\/W_circumflex.glif","\/garabd.ufo\/glyphs\/W_dieresis.glif":"\/garabd.ufo\/glyphs\/W_dieresis.glif","\/garabd.ufo\/glyphs\/W_grave.glif":"\/garabd.ufo\/glyphs\/W_grave.glif","\/garabd.ufo\/glyphs\/X_.glif":"\/garabd.ufo\/glyphs\/X_.glif","\/garabd.ufo\/glyphs\/X_i.glif":"\/garabd.ufo\/glyphs\/X_i.glif","\/garabd.ufo\/glyphs\/Y_.glif":"\/garabd.ufo\/glyphs\/Y_.glif","\/garabd.ufo\/glyphs\/Y_acute.glif":"\/garabd.ufo\/glyphs\/Y_acute.glif","\/garabd.ufo\/glyphs\/Y_circumflex.glif":"\/garabd.ufo\/glyphs\/Y_circumflex.glif","\/garabd.ufo\/glyphs\/Y_dieresis.glif":"\/garabd.ufo\/glyphs\/Y_dieresis.glif","\/garabd.ufo\/glyphs\/Y_grave.glif":"\/garabd.ufo\/glyphs\/Y_grave.glif","\/garabd.ufo\/glyphs\/Z_.glif":"\/garabd.ufo\/glyphs\/Z_.glif","\/garabd.ufo\/glyphs\/Z_acute.glif":"\/garabd.ufo\/glyphs\/Z_acute.glif","\/garabd.ufo\/glyphs\/Z_caron.glif":"\/garabd.ufo\/glyphs\/Z_caron.glif","\/garabd.ufo\/glyphs\/Z_dot.glif":"\/garabd.ufo\/glyphs\/Z_dot.glif","\/garabd.ufo\/glyphs\/Z_eta.glif":"\/garabd.ufo\/glyphs\/Z_eta.glif","\/garabd.ufo\/glyphs\/_notdef.glif":"\/garabd.ufo\/glyphs\/_notdef.glif","\/garabd.ufo\/glyphs\/a.glif":"\/garabd.ufo\/glyphs\/a.glif","\/garabd.ufo\/glyphs\/aacute.glif":"\/garabd.ufo\/glyphs\/aacute.glif","\/garabd.ufo\/glyphs\/abreve.glif":"\/garabd.ufo\/glyphs\/abreve.glif","\/garabd.ufo\/glyphs\/acircumflex.glif":"\/garabd.ufo\/glyphs\/acircumflex.glif","\/garabd.ufo\/glyphs\/acute.glif":"\/garabd.ufo\/glyphs\/acute.glif","\/garabd.ufo\/glyphs\/adieresis.glif":"\/garabd.ufo\/glyphs\/adieresis.glif","\/garabd.ufo\/glyphs\/ae.glif":"\/garabd.ufo\/glyphs\/ae.glif","\/garabd.ufo\/glyphs\/aeacute.glif":"\/garabd.ufo\/glyphs\/aeacute.glif","\/garabd.ufo\/glyphs\/afii00208.glif":"\/garabd.ufo\/glyphs\/afii00208.glif","\/garabd.ufo\/glyphs\/afii08941.glif":"\/garabd.ufo\/glyphs\/afii08941.glif","\/garabd.ufo\/glyphs\/afii10017.glif":"\/garabd.ufo\/glyphs\/afii10017.glif","\/garabd.ufo\/glyphs\/afii10018.glif":"\/garabd.ufo\/glyphs\/afii10018.glif","\/garabd.ufo\/glyphs\/afii10019.glif":"\/garabd.ufo\/glyphs\/afii10019.glif","\/garabd.ufo\/glyphs\/afii10020.glif":"\/garabd.ufo\/glyphs\/afii10020.glif","\/garabd.ufo\/glyphs\/afii10021.glif":"\/garabd.ufo\/glyphs\/afii10021.glif","\/garabd.ufo\/glyphs\/afii10022.glif":"\/garabd.ufo\/glyphs\/afii10022.glif","\/garabd.ufo\/glyphs\/afii10023.glif":"\/garabd.ufo\/glyphs\/afii10023.glif","\/garabd.ufo\/glyphs\/afii10024.glif":"\/garabd.ufo\/glyphs\/afii10024.glif","\/garabd.ufo\/glyphs\/afii10025.glif":"\/garabd.ufo\/glyphs\/afii10025.glif","\/garabd.ufo\/glyphs\/afii10026.glif":"\/garabd.ufo\/glyphs\/afii10026.glif","\/garabd.ufo\/glyphs\/afii10027.glif":"\/garabd.ufo\/glyphs\/afii10027.glif","\/garabd.ufo\/glyphs\/afii10028.glif":"\/garabd.ufo\/glyphs\/afii10028.glif","\/garabd.ufo\/glyphs\/afii10029.glif":"\/garabd.ufo\/glyphs\/afii10029.glif","\/garabd.ufo\/glyphs\/afii10030.glif":"\/garabd.ufo\/glyphs\/afii10030.glif","\/garabd.ufo\/glyphs\/afii10031.glif":"\/garabd.ufo\/glyphs\/afii10031.glif","\/garabd.ufo\/glyphs\/afii10032.glif":"\/garabd.ufo\/glyphs\/afii10032.glif","\/garabd.ufo\/glyphs\/afii10033.glif":"\/garabd.ufo\/glyphs\/afii10033.glif","\/garabd.ufo\/glyphs\/afii10034.glif":"\/garabd.ufo\/glyphs\/afii10034.glif","\/garabd.ufo\/glyphs\/afii10035.glif":"\/garabd.ufo\/glyphs\/afii10035.glif","\/garabd.ufo\/glyphs\/afii10036.glif":"\/garabd.ufo\/glyphs\/afii10036.glif","\/garabd.ufo\/glyphs\/afii10037.glif":"\/garabd.ufo\/glyphs\/afii10037.glif","\/garabd.ufo\/glyphs\/afii10038.glif":"\/garabd.ufo\/glyphs\/afii10038.glif","\/garabd.ufo\/glyphs\/afii10039.glif":"\/garabd.ufo\/glyphs\/afii10039.glif","\/garabd.ufo\/glyphs\/afii10040.glif":"\/garabd.ufo\/glyphs\/afii10040.glif","\/garabd.ufo\/glyphs\/afii10041.glif":"\/garabd.ufo\/glyphs\/afii10041.glif","\/garabd.ufo\/glyphs\/afii10042.glif":"\/garabd.ufo\/glyphs\/afii10042.glif","\/garabd.ufo\/glyphs\/afii10043.glif":"\/garabd.ufo\/glyphs\/afii10043.glif","\/garabd.ufo\/glyphs\/afii10044.glif":"\/garabd.ufo\/glyphs\/afii10044.glif","\/garabd.ufo\/glyphs\/afii10045.glif":"\/garabd.ufo\/glyphs\/afii10045.glif","\/garabd.ufo\/glyphs\/afii10046.glif":"\/garabd.ufo\/glyphs\/afii10046.glif","\/garabd.ufo\/glyphs\/afii10047.glif":"\/garabd.ufo\/glyphs\/afii10047.glif","\/garabd.ufo\/glyphs\/afii10048.glif":"\/garabd.ufo\/glyphs\/afii10048.glif","\/garabd.ufo\/glyphs\/afii10049.glif":"\/garabd.ufo\/glyphs\/afii10049.glif","\/garabd.ufo\/glyphs\/afii10050.glif":"\/garabd.ufo\/glyphs\/afii10050.glif","\/garabd.ufo\/glyphs\/afii10051.glif":"\/garabd.ufo\/glyphs\/afii10051.glif","\/garabd.ufo\/glyphs\/afii10052.glif":"\/garabd.ufo\/glyphs\/afii10052.glif","\/garabd.ufo\/glyphs\/afii10053.glif":"\/garabd.ufo\/glyphs\/afii10053.glif","\/garabd.ufo\/glyphs\/afii10054.glif":"\/garabd.ufo\/glyphs\/afii10054.glif","\/garabd.ufo\/glyphs\/afii10055.glif":"\/garabd.ufo\/glyphs\/afii10055.glif","\/garabd.ufo\/glyphs\/afii10056.glif":"\/garabd.ufo\/glyphs\/afii10056.glif","\/garabd.ufo\/glyphs\/afii10057.glif":"\/garabd.ufo\/glyphs\/afii10057.glif","\/garabd.ufo\/glyphs\/afii10058.glif":"\/garabd.ufo\/glyphs\/afii10058.glif","\/garabd.ufo\/glyphs\/afii10059.glif":"\/garabd.ufo\/glyphs\/afii10059.glif","\/garabd.ufo\/glyphs\/afii10060.glif":"\/garabd.ufo\/glyphs\/afii10060.glif","\/garabd.ufo\/glyphs\/afii10061.glif":"\/garabd.ufo\/glyphs\/afii10061.glif","\/garabd.ufo\/glyphs\/afii10062.glif":"\/garabd.ufo\/glyphs\/afii10062.glif","\/garabd.ufo\/glyphs\/afii10065.glif":"\/garabd.ufo\/glyphs\/afii10065.glif","\/garabd.ufo\/glyphs\/afii10066.glif":"\/garabd.ufo\/glyphs\/afii10066.glif","\/garabd.ufo\/glyphs\/afii10067.glif":"\/garabd.ufo\/glyphs\/afii10067.glif","\/garabd.ufo\/glyphs\/afii10068.glif":"\/garabd.ufo\/glyphs\/afii10068.glif","\/garabd.ufo\/glyphs\/afii10069.glif":"\/garabd.ufo\/glyphs\/afii10069.glif","\/garabd.ufo\/glyphs\/afii10070.glif":"\/garabd.ufo\/glyphs\/afii10070.glif","\/garabd.ufo\/glyphs\/afii10071.glif":"\/garabd.ufo\/glyphs\/afii10071.glif","\/garabd.ufo\/glyphs\/afii10072.glif":"\/garabd.ufo\/glyphs\/afii10072.glif","\/garabd.ufo\/glyphs\/afii10073.glif":"\/garabd.ufo\/glyphs\/afii10073.glif","\/garabd.ufo\/glyphs\/afii10074.glif":"\/garabd.ufo\/glyphs\/afii10074.glif","\/garabd.ufo\/glyphs\/afii10075.glif":"\/garabd.ufo\/glyphs\/afii10075.glif","\/garabd.ufo\/glyphs\/afii10076.glif":"\/garabd.ufo\/glyphs\/afii10076.glif","\/garabd.ufo\/glyphs\/afii10077.glif":"\/garabd.ufo\/glyphs\/afii10077.glif","\/garabd.ufo\/glyphs\/afii10078.glif":"\/garabd.ufo\/glyphs\/afii10078.glif","\/garabd.ufo\/glyphs\/afii10079.glif":"\/garabd.ufo\/glyphs\/afii10079.glif","\/garabd.ufo\/glyphs\/afii10080.glif":"\/garabd.ufo\/glyphs\/afii10080.glif","\/garabd.ufo\/glyphs\/afii10081.glif":"\/garabd.ufo\/glyphs\/afii10081.glif","\/garabd.ufo\/glyphs\/afii10082.glif":"\/garabd.ufo\/glyphs\/afii10082.glif","\/garabd.ufo\/glyphs\/afii10083.glif":"\/garabd.ufo\/glyphs\/afii10083.glif","\/garabd.ufo\/glyphs\/afii10084.glif":"\/garabd.ufo\/glyphs\/afii10084.glif","\/garabd.ufo\/glyphs\/afii10085.glif":"\/garabd.ufo\/glyphs\/afii10085.glif","\/garabd.ufo\/glyphs\/afii10086.glif":"\/garabd.ufo\/glyphs\/afii10086.glif","\/garabd.ufo\/glyphs\/afii10087.glif":"\/garabd.ufo\/glyphs\/afii10087.glif","\/garabd.ufo\/glyphs\/afii10088.glif":"\/garabd.ufo\/glyphs\/afii10088.glif","\/garabd.ufo\/glyphs\/afii10089.glif":"\/garabd.ufo\/glyphs\/afii10089.glif","\/garabd.ufo\/glyphs\/afii10090.glif":"\/garabd.ufo\/glyphs\/afii10090.glif","\/garabd.ufo\/glyphs\/afii10091.glif":"\/garabd.ufo\/glyphs\/afii10091.glif","\/garabd.ufo\/glyphs\/afii10092.glif":"\/garabd.ufo\/glyphs\/afii10092.glif","\/garabd.ufo\/glyphs\/afii10093.glif":"\/garabd.ufo\/glyphs\/afii10093.glif","\/garabd.ufo\/glyphs\/afii10094.glif":"\/garabd.ufo\/glyphs\/afii10094.glif","\/garabd.ufo\/glyphs\/afii10095.glif":"\/garabd.ufo\/glyphs\/afii10095.glif","\/garabd.ufo\/glyphs\/afii10096.glif":"\/garabd.ufo\/glyphs\/afii10096.glif","\/garabd.ufo\/glyphs\/afii10097.glif":"\/garabd.ufo\/glyphs\/afii10097.glif","\/garabd.ufo\/glyphs\/afii10098.glif":"\/garabd.ufo\/glyphs\/afii10098.glif","\/garabd.ufo\/glyphs\/afii10099.glif":"\/garabd.ufo\/glyphs\/afii10099.glif","\/garabd.ufo\/glyphs\/afii10100.glif":"\/garabd.ufo\/glyphs\/afii10100.glif","\/garabd.ufo\/glyphs\/afii10101.glif":"\/garabd.ufo\/glyphs\/afii10101.glif","\/garabd.ufo\/glyphs\/afii10102.glif":"\/garabd.ufo\/glyphs\/afii10102.glif","\/garabd.ufo\/glyphs\/afii10103.glif":"\/garabd.ufo\/glyphs\/afii10103.glif","\/garabd.ufo\/glyphs\/afii10104.glif":"\/garabd.ufo\/glyphs\/afii10104.glif","\/garabd.ufo\/glyphs\/afii10105.glif":"\/garabd.ufo\/glyphs\/afii10105.glif","\/garabd.ufo\/glyphs\/afii10106.glif":"\/garabd.ufo\/glyphs\/afii10106.glif","\/garabd.ufo\/glyphs\/afii10107.glif":"\/garabd.ufo\/glyphs\/afii10107.glif","\/garabd.ufo\/glyphs\/afii10108.glif":"\/garabd.ufo\/glyphs\/afii10108.glif","\/garabd.ufo\/glyphs\/afii10109.glif":"\/garabd.ufo\/glyphs\/afii10109.glif","\/garabd.ufo\/glyphs\/afii10110.glif":"\/garabd.ufo\/glyphs\/afii10110.glif","\/garabd.ufo\/glyphs\/afii10145.glif":"\/garabd.ufo\/glyphs\/afii10145.glif","\/garabd.ufo\/glyphs\/afii10193.glif":"\/garabd.ufo\/glyphs\/afii10193.glif","\/garabd.ufo\/glyphs\/afii61248.glif":"\/garabd.ufo\/glyphs\/afii61248.glif","\/garabd.ufo\/glyphs\/afii61289.glif":"\/garabd.ufo\/glyphs\/afii61289.glif","\/garabd.ufo\/glyphs\/afii61352.glif":"\/garabd.ufo\/glyphs\/afii61352.glif","\/garabd.ufo\/glyphs\/agrave.glif":"\/garabd.ufo\/glyphs\/agrave.glif","\/garabd.ufo\/glyphs\/alpha.glif":"\/garabd.ufo\/glyphs\/alpha.glif","\/garabd.ufo\/glyphs\/alphatonos.glif":"\/garabd.ufo\/glyphs\/alphatonos.glif","\/garabd.ufo\/glyphs\/amacron.glif":"\/garabd.ufo\/glyphs\/amacron.glif","\/garabd.ufo\/glyphs\/ampersand.glif":"\/garabd.ufo\/glyphs\/ampersand.glif","\/garabd.ufo\/glyphs\/anoteleia.glif":"\/garabd.ufo\/glyphs\/anoteleia.glif","\/garabd.ufo\/glyphs\/aogonek.glif":"\/garabd.ufo\/glyphs\/aogonek.glif","\/garabd.ufo\/glyphs\/approxequal.glif":"\/garabd.ufo\/glyphs\/approxequal.glif","\/garabd.ufo\/glyphs\/aring.glif":"\/garabd.ufo\/glyphs\/aring.glif","\/garabd.ufo\/glyphs\/aringacute.glif":"\/garabd.ufo\/glyphs\/aringacute.glif","\/garabd.ufo\/glyphs\/arrowboth.glif":"\/garabd.ufo\/glyphs\/arrowboth.glif","\/garabd.ufo\/glyphs\/arrowdown.glif":"\/garabd.ufo\/glyphs\/arrowdown.glif","\/garabd.ufo\/glyphs\/arrowleft.glif":"\/garabd.ufo\/glyphs\/arrowleft.glif","\/garabd.ufo\/glyphs\/arrowright.glif":"\/garabd.ufo\/glyphs\/arrowright.glif","\/garabd.ufo\/glyphs\/arrowup.glif":"\/garabd.ufo\/glyphs\/arrowup.glif","\/garabd.ufo\/glyphs\/arrowupdn.glif":"\/garabd.ufo\/glyphs\/arrowupdn.glif","\/garabd.ufo\/glyphs\/arrowupdnbse.glif":"\/garabd.ufo\/glyphs\/arrowupdnbse.glif","\/garabd.ufo\/glyphs\/asciicircum.glif":"\/garabd.ufo\/glyphs\/asciicircum.glif","\/garabd.ufo\/glyphs\/asciitilde.glif":"\/garabd.ufo\/glyphs\/asciitilde.glif","\/garabd.ufo\/glyphs\/asterisk.glif":"\/garabd.ufo\/glyphs\/asterisk.glif","\/garabd.ufo\/glyphs\/at.glif":"\/garabd.ufo\/glyphs\/at.glif","\/garabd.ufo\/glyphs\/atilde.glif":"\/garabd.ufo\/glyphs\/atilde.glif","\/garabd.ufo\/glyphs\/b.glif":"\/garabd.ufo\/glyphs\/b.glif","\/garabd.ufo\/glyphs\/backslash.glif":"\/garabd.ufo\/glyphs\/backslash.glif","\/garabd.ufo\/glyphs\/bar.glif":"\/garabd.ufo\/glyphs\/bar.glif","\/garabd.ufo\/glyphs\/beta.glif":"\/garabd.ufo\/glyphs\/beta.glif","\/garabd.ufo\/glyphs\/block.glif":"\/garabd.ufo\/glyphs\/block.glif","\/garabd.ufo\/glyphs\/braceleft.glif":"\/garabd.ufo\/glyphs\/braceleft.glif","\/garabd.ufo\/glyphs\/braceright.glif":"\/garabd.ufo\/glyphs\/braceright.glif","\/garabd.ufo\/glyphs\/bracketleft.glif":"\/garabd.ufo\/glyphs\/bracketleft.glif","\/garabd.ufo\/glyphs\/bracketright.glif":"\/garabd.ufo\/glyphs\/bracketright.glif","\/garabd.ufo\/glyphs\/breve.glif":"\/garabd.ufo\/glyphs\/breve.glif","\/garabd.ufo\/glyphs\/brokenbar.glif":"\/garabd.ufo\/glyphs\/brokenbar.glif","\/garabd.ufo\/glyphs\/bullet.glif":"\/garabd.ufo\/glyphs\/bullet.glif","\/garabd.ufo\/glyphs\/c.glif":"\/garabd.ufo\/glyphs\/c.glif","\/garabd.ufo\/glyphs\/cacute.glif":"\/garabd.ufo\/glyphs\/cacute.glif","\/garabd.ufo\/glyphs\/caron.glif":"\/garabd.ufo\/glyphs\/caron.glif","\/garabd.ufo\/glyphs\/ccaron.glif":"\/garabd.ufo\/glyphs\/ccaron.glif","\/garabd.ufo\/glyphs\/ccedilla.glif":"\/garabd.ufo\/glyphs\/ccedilla.glif","\/garabd.ufo\/glyphs\/ccircumflex.glif":"\/garabd.ufo\/glyphs\/ccircumflex.glif","\/garabd.ufo\/glyphs\/cdot.glif":"\/garabd.ufo\/glyphs\/cdot.glif","\/garabd.ufo\/glyphs\/cedilla.glif":"\/garabd.ufo\/glyphs\/cedilla.glif","\/garabd.ufo\/glyphs\/cent.glif":"\/garabd.ufo\/glyphs\/cent.glif","\/garabd.ufo\/glyphs\/chi.glif":"\/garabd.ufo\/glyphs\/chi.glif","\/garabd.ufo\/glyphs\/circle.glif":"\/garabd.ufo\/glyphs\/circle.glif","\/garabd.ufo\/glyphs\/circumflex.glif":"\/garabd.ufo\/glyphs\/circumflex.glif","\/garabd.ufo\/glyphs\/club.glif":"\/garabd.ufo\/glyphs\/club.glif","\/garabd.ufo\/glyphs\/colon.glif":"\/garabd.ufo\/glyphs\/colon.glif","\/garabd.ufo\/glyphs\/comma.glif":"\/garabd.ufo\/glyphs\/comma.glif","\/garabd.ufo\/glyphs\/commaaccent.glif":"\/garabd.ufo\/glyphs\/commaaccent.glif","\/garabd.ufo\/glyphs\/contents.plist":"\/garabd.ufo\/glyphs\/contents.plist","\/garabd.ufo\/glyphs\/copyright.glif":"\/garabd.ufo\/glyphs\/copyright.glif","\/garabd.ufo\/glyphs\/currency.glif":"\/garabd.ufo\/glyphs\/currency.glif","\/garabd.ufo\/glyphs\/d.glif":"\/garabd.ufo\/glyphs\/d.glif","\/garabd.ufo\/glyphs\/dagger.glif":"\/garabd.ufo\/glyphs\/dagger.glif","\/garabd.ufo\/glyphs\/daggerdbl.glif":"\/garabd.ufo\/glyphs\/daggerdbl.glif","\/garabd.ufo\/glyphs\/dcaron.glif":"\/garabd.ufo\/glyphs\/dcaron.glif","\/garabd.ufo\/glyphs\/degree.glif":"\/garabd.ufo\/glyphs\/degree.glif","\/garabd.ufo\/glyphs\/delta.glif":"\/garabd.ufo\/glyphs\/delta.glif","\/garabd.ufo\/glyphs\/diamond.glif":"\/garabd.ufo\/glyphs\/diamond.glif","\/garabd.ufo\/glyphs\/dieresis.glif":"\/garabd.ufo\/glyphs\/dieresis.glif","\/garabd.ufo\/glyphs\/dieresistonos.glif":"\/garabd.ufo\/glyphs\/dieresistonos.glif","\/garabd.ufo\/glyphs\/divide.glif":"\/garabd.ufo\/glyphs\/divide.glif","\/garabd.ufo\/glyphs\/dkshade.glif":"\/garabd.ufo\/glyphs\/dkshade.glif","\/garabd.ufo\/glyphs\/dmacron.glif":"\/garabd.ufo\/glyphs\/dmacron.glif","\/garabd.ufo\/glyphs\/dnblock.glif":"\/garabd.ufo\/glyphs\/dnblock.glif","\/garabd.ufo\/glyphs\/dollar.glif":"\/garabd.ufo\/glyphs\/dollar.glif","\/garabd.ufo\/glyphs\/dotaccent.glif":"\/garabd.ufo\/glyphs\/dotaccent.glif","\/garabd.ufo\/glyphs\/dotlessi.glif":"\/garabd.ufo\/glyphs\/dotlessi.glif","\/garabd.ufo\/glyphs\/e.glif":"\/garabd.ufo\/glyphs\/e.glif","\/garabd.ufo\/glyphs\/eacute.glif":"\/garabd.ufo\/glyphs\/eacute.glif","\/garabd.ufo\/glyphs\/ebreve.glif":"\/garabd.ufo\/glyphs\/ebreve.glif","\/garabd.ufo\/glyphs\/ecaron.glif":"\/garabd.ufo\/glyphs\/ecaron.glif","\/garabd.ufo\/glyphs\/ecircumflex.glif":"\/garabd.ufo\/glyphs\/ecircumflex.glif","\/garabd.ufo\/glyphs\/edieresis.glif":"\/garabd.ufo\/glyphs\/edieresis.glif","\/garabd.ufo\/glyphs\/edot.glif":"\/garabd.ufo\/glyphs\/edot.glif","\/garabd.ufo\/glyphs\/egrave.glif":"\/garabd.ufo\/glyphs\/egrave.glif","\/garabd.ufo\/glyphs\/eight.glif":"\/garabd.ufo\/glyphs\/eight.glif","\/garabd.ufo\/glyphs\/eightsuperior.glif":"\/garabd.ufo\/glyphs\/eightsuperior.glif","\/garabd.ufo\/glyphs\/ellipsis.glif":"\/garabd.ufo\/glyphs\/ellipsis.glif","\/garabd.ufo\/glyphs\/emacron.glif":"\/garabd.ufo\/glyphs\/emacron.glif","\/garabd.ufo\/glyphs\/emdash.glif":"\/garabd.ufo\/glyphs\/emdash.glif","\/garabd.ufo\/glyphs\/endash.glif":"\/garabd.ufo\/glyphs\/endash.glif","\/garabd.ufo\/glyphs\/eng.glif":"\/garabd.ufo\/glyphs\/eng.glif","\/garabd.ufo\/glyphs\/eogonek.glif":"\/garabd.ufo\/glyphs\/eogonek.glif","\/garabd.ufo\/glyphs\/epsilon.glif":"\/garabd.ufo\/glyphs\/epsilon.glif","\/garabd.ufo\/glyphs\/epsilontonos.glif":"\/garabd.ufo\/glyphs\/epsilontonos.glif","\/garabd.ufo\/glyphs\/equal.glif":"\/garabd.ufo\/glyphs\/equal.glif","\/garabd.ufo\/glyphs\/equivalence.glif":"\/garabd.ufo\/glyphs\/equivalence.glif","\/garabd.ufo\/glyphs\/estimated.glif":"\/garabd.ufo\/glyphs\/estimated.glif","\/garabd.ufo\/glyphs\/eta.glif":"\/garabd.ufo\/glyphs\/eta.glif","\/garabd.ufo\/glyphs\/etatonos.glif":"\/garabd.ufo\/glyphs\/etatonos.glif","\/garabd.ufo\/glyphs\/eth.glif":"\/garabd.ufo\/glyphs\/eth.glif","\/garabd.ufo\/glyphs\/exclam.glif":"\/garabd.ufo\/glyphs\/exclam.glif","\/garabd.ufo\/glyphs\/exclamdbl.glif":"\/garabd.ufo\/glyphs\/exclamdbl.glif","\/garabd.ufo\/glyphs\/exclamdown.glif":"\/garabd.ufo\/glyphs\/exclamdown.glif","\/garabd.ufo\/glyphs\/f.glif":"\/garabd.ufo\/glyphs\/f.glif","\/garabd.ufo\/glyphs\/female.glif":"\/garabd.ufo\/glyphs\/female.glif","\/garabd.ufo\/glyphs\/fi.glif":"\/garabd.ufo\/glyphs\/fi.glif","\/garabd.ufo\/glyphs\/fi1.glif":"\/garabd.ufo\/glyphs\/fi1.glif","\/garabd.ufo\/glyphs\/filledbox.glif":"\/garabd.ufo\/glyphs\/filledbox.glif","\/garabd.ufo\/glyphs\/filledrect.glif":"\/garabd.ufo\/glyphs\/filledrect.glif","\/garabd.ufo\/glyphs\/five.glif":"\/garabd.ufo\/glyphs\/five.glif","\/garabd.ufo\/glyphs\/fiveeighths.glif":"\/garabd.ufo\/glyphs\/fiveeighths.glif","\/garabd.ufo\/glyphs\/fivesuperior.glif":"\/garabd.ufo\/glyphs\/fivesuperior.glif","\/garabd.ufo\/glyphs\/fl.glif":"\/garabd.ufo\/glyphs\/fl.glif","\/garabd.ufo\/glyphs\/fl1.glif":"\/garabd.ufo\/glyphs\/fl1.glif","\/garabd.ufo\/glyphs\/florin.glif":"\/garabd.ufo\/glyphs\/florin.glif","\/garabd.ufo\/glyphs\/four.glif":"\/garabd.ufo\/glyphs\/four.glif","\/garabd.ufo\/glyphs\/foursuperior.glif":"\/garabd.ufo\/glyphs\/foursuperior.glif","\/garabd.ufo\/glyphs\/fraction.glif":"\/garabd.ufo\/glyphs\/fraction.glif","\/garabd.ufo\/glyphs\/fraction1.glif":"\/garabd.ufo\/glyphs\/fraction1.glif","\/garabd.ufo\/glyphs\/franc.glif":"\/garabd.ufo\/glyphs\/franc.glif","\/garabd.ufo\/glyphs\/g.glif":"\/garabd.ufo\/glyphs\/g.glif","\/garabd.ufo\/glyphs\/gamma.glif":"\/garabd.ufo\/glyphs\/gamma.glif","\/garabd.ufo\/glyphs\/gbreve.glif":"\/garabd.ufo\/glyphs\/gbreve.glif","\/garabd.ufo\/glyphs\/gcedilla.glif":"\/garabd.ufo\/glyphs\/gcedilla.glif","\/garabd.ufo\/glyphs\/gcircumflex.glif":"\/garabd.ufo\/glyphs\/gcircumflex.glif","\/garabd.ufo\/glyphs\/gdot.glif":"\/garabd.ufo\/glyphs\/gdot.glif","\/garabd.ufo\/glyphs\/germandbls.glif":"\/garabd.ufo\/glyphs\/germandbls.glif","\/garabd.ufo\/glyphs\/glyph1.glif":"\/garabd.ufo\/glyphs\/glyph1.glif","\/garabd.ufo\/glyphs\/glyph2.glif":"\/garabd.ufo\/glyphs\/glyph2.glif","\/garabd.ufo\/glyphs\/grave.glif":"\/garabd.ufo\/glyphs\/grave.glif","\/garabd.ufo\/glyphs\/greater.glif":"\/garabd.ufo\/glyphs\/greater.glif","\/garabd.ufo\/glyphs\/greaterequal.glif":"\/garabd.ufo\/glyphs\/greaterequal.glif","\/garabd.ufo\/glyphs\/guillemotleft.glif":"\/garabd.ufo\/glyphs\/guillemotleft.glif","\/garabd.ufo\/glyphs\/guillemotright.glif":"\/garabd.ufo\/glyphs\/guillemotright.glif","\/garabd.ufo\/glyphs\/guilsinglleft.glif":"\/garabd.ufo\/glyphs\/guilsinglleft.glif","\/garabd.ufo\/glyphs\/guilsinglright.glif":"\/garabd.ufo\/glyphs\/guilsinglright.glif","\/garabd.ufo\/glyphs\/h.glif":"\/garabd.ufo\/glyphs\/h.glif","\/garabd.ufo\/glyphs\/hbar.glif":"\/garabd.ufo\/glyphs\/hbar.glif","\/garabd.ufo\/glyphs\/hcircumflex.glif":"\/garabd.ufo\/glyphs\/hcircumflex.glif","\/garabd.ufo\/glyphs\/heart.glif":"\/garabd.ufo\/glyphs\/heart.glif","\/garabd.ufo\/glyphs\/house.glif":"\/garabd.ufo\/glyphs\/house.glif","\/garabd.ufo\/glyphs\/hungarumlaut.glif":"\/garabd.ufo\/glyphs\/hungarumlaut.glif","\/garabd.ufo\/glyphs\/hyphen.glif":"\/garabd.ufo\/glyphs\/hyphen.glif","\/garabd.ufo\/glyphs\/i.glif":"\/garabd.ufo\/glyphs\/i.glif","\/garabd.ufo\/glyphs\/iacute.glif":"\/garabd.ufo\/glyphs\/iacute.glif","\/garabd.ufo\/glyphs\/ibreve.glif":"\/garabd.ufo\/glyphs\/ibreve.glif","\/garabd.ufo\/glyphs\/icircumflex.glif":"\/garabd.ufo\/glyphs\/icircumflex.glif","\/garabd.ufo\/glyphs\/idieresis.glif":"\/garabd.ufo\/glyphs\/idieresis.glif","\/garabd.ufo\/glyphs\/igrave.glif":"\/garabd.ufo\/glyphs\/igrave.glif","\/garabd.ufo\/glyphs\/ij.glif":"\/garabd.ufo\/glyphs\/ij.glif","\/garabd.ufo\/glyphs\/imacron.glif":"\/garabd.ufo\/glyphs\/imacron.glif","\/garabd.ufo\/glyphs\/increment.glif":"\/garabd.ufo\/glyphs\/increment.glif","\/garabd.ufo\/glyphs\/infinity.glif":"\/garabd.ufo\/glyphs\/infinity.glif","\/garabd.ufo\/glyphs\/integral.glif":"\/garabd.ufo\/glyphs\/integral.glif","\/garabd.ufo\/glyphs\/integralbt.glif":"\/garabd.ufo\/glyphs\/integralbt.glif","\/garabd.ufo\/glyphs\/integraltp.glif":"\/garabd.ufo\/glyphs\/integraltp.glif","\/garabd.ufo\/glyphs\/intersection.glif":"\/garabd.ufo\/glyphs\/intersection.glif","\/garabd.ufo\/glyphs\/invbullet.glif":"\/garabd.ufo\/glyphs\/invbullet.glif","\/garabd.ufo\/glyphs\/invcircle.glif":"\/garabd.ufo\/glyphs\/invcircle.glif","\/garabd.ufo\/glyphs\/invsmileface.glif":"\/garabd.ufo\/glyphs\/invsmileface.glif","\/garabd.ufo\/glyphs\/iogonek.glif":"\/garabd.ufo\/glyphs\/iogonek.glif","\/garabd.ufo\/glyphs\/iota.glif":"\/garabd.ufo\/glyphs\/iota.glif","\/garabd.ufo\/glyphs\/iotadieresis.glif":"\/garabd.ufo\/glyphs\/iotadieresis.glif","\/garabd.ufo\/glyphs\/iotadieresistonos.glif":"\/garabd.ufo\/glyphs\/iotadieresistonos.glif","\/garabd.ufo\/glyphs\/iotatonos.glif":"\/garabd.ufo\/glyphs\/iotatonos.glif","\/garabd.ufo\/glyphs\/itilde.glif":"\/garabd.ufo\/glyphs\/itilde.glif","\/garabd.ufo\/glyphs\/j.glif":"\/garabd.ufo\/glyphs\/j.glif","\/garabd.ufo\/glyphs\/jcircumflex.glif":"\/garabd.ufo\/glyphs\/jcircumflex.glif","\/garabd.ufo\/glyphs\/k.glif":"\/garabd.ufo\/glyphs\/k.glif","\/garabd.ufo\/glyphs\/kappa.glif":"\/garabd.ufo\/glyphs\/kappa.glif","\/garabd.ufo\/glyphs\/kcedilla.glif":"\/garabd.ufo\/glyphs\/kcedilla.glif","\/garabd.ufo\/glyphs\/kgreenlandic.glif":"\/garabd.ufo\/glyphs\/kgreenlandic.glif","\/garabd.ufo\/glyphs\/l.glif":"\/garabd.ufo\/glyphs\/l.glif","\/garabd.ufo\/glyphs\/lacute.glif":"\/garabd.ufo\/glyphs\/lacute.glif","\/garabd.ufo\/glyphs\/lambda.glif":"\/garabd.ufo\/glyphs\/lambda.glif","\/garabd.ufo\/glyphs\/lcaron.glif":"\/garabd.ufo\/glyphs\/lcaron.glif","\/garabd.ufo\/glyphs\/lcedilla.glif":"\/garabd.ufo\/glyphs\/lcedilla.glif","\/garabd.ufo\/glyphs\/ldot.glif":"\/garabd.ufo\/glyphs\/ldot.glif","\/garabd.ufo\/glyphs\/less.glif":"\/garabd.ufo\/glyphs\/less.glif","\/garabd.ufo\/glyphs\/lessequal.glif":"\/garabd.ufo\/glyphs\/lessequal.glif","\/garabd.ufo\/glyphs\/lfblock.glif":"\/garabd.ufo\/glyphs\/lfblock.glif","\/garabd.ufo\/glyphs\/logicalnot.glif":"\/garabd.ufo\/glyphs\/logicalnot.glif","\/garabd.ufo\/glyphs\/longs.glif":"\/garabd.ufo\/glyphs\/longs.glif","\/garabd.ufo\/glyphs\/lozenge.glif":"\/garabd.ufo\/glyphs\/lozenge.glif","\/garabd.ufo\/glyphs\/lslash.glif":"\/garabd.ufo\/glyphs\/lslash.glif","\/garabd.ufo\/glyphs\/ltshade.glif":"\/garabd.ufo\/glyphs\/ltshade.glif","\/garabd.ufo\/glyphs\/m.glif":"\/garabd.ufo\/glyphs\/m.glif","\/garabd.ufo\/glyphs\/macron.glif":"\/garabd.ufo\/glyphs\/macron.glif","\/garabd.ufo\/glyphs\/male.glif":"\/garabd.ufo\/glyphs\/male.glif","\/garabd.ufo\/glyphs\/middot.glif":"\/garabd.ufo\/glyphs\/middot.glif","\/garabd.ufo\/glyphs\/minus.glif":"\/garabd.ufo\/glyphs\/minus.glif","\/garabd.ufo\/glyphs\/minute.glif":"\/garabd.ufo\/glyphs\/minute.glif","\/garabd.ufo\/glyphs\/mu.glif":"\/garabd.ufo\/glyphs\/mu.glif","\/garabd.ufo\/glyphs\/mu1.glif":"\/garabd.ufo\/glyphs\/mu1.glif","\/garabd.ufo\/glyphs\/multiply.glif":"\/garabd.ufo\/glyphs\/multiply.glif","\/garabd.ufo\/glyphs\/musicalnote.glif":"\/garabd.ufo\/glyphs\/musicalnote.glif","\/garabd.ufo\/glyphs\/musicalnotedbl.glif":"\/garabd.ufo\/glyphs\/musicalnotedbl.glif","\/garabd.ufo\/glyphs\/n.glif":"\/garabd.ufo\/glyphs\/n.glif","\/garabd.ufo\/glyphs\/nacute.glif":"\/garabd.ufo\/glyphs\/nacute.glif","\/garabd.ufo\/glyphs\/napostrophe.glif":"\/garabd.ufo\/glyphs\/napostrophe.glif","\/garabd.ufo\/glyphs\/nbspace.glif":"\/garabd.ufo\/glyphs\/nbspace.glif","\/garabd.ufo\/glyphs\/ncaron.glif":"\/garabd.ufo\/glyphs\/ncaron.glif","\/garabd.ufo\/glyphs\/ncedilla.glif":"\/garabd.ufo\/glyphs\/ncedilla.glif","\/garabd.ufo\/glyphs\/nine.glif":"\/garabd.ufo\/glyphs\/nine.glif","\/garabd.ufo\/glyphs\/notequal.glif":"\/garabd.ufo\/glyphs\/notequal.glif","\/garabd.ufo\/glyphs\/nsuperior.glif":"\/garabd.ufo\/glyphs\/nsuperior.glif","\/garabd.ufo\/glyphs\/ntilde.glif":"\/garabd.ufo\/glyphs\/ntilde.glif","\/garabd.ufo\/glyphs\/nu.glif":"\/garabd.ufo\/glyphs\/nu.glif","\/garabd.ufo\/glyphs\/numbersign.glif":"\/garabd.ufo\/glyphs\/numbersign.glif","\/garabd.ufo\/glyphs\/o.glif":"\/garabd.ufo\/glyphs\/o.glif","\/garabd.ufo\/glyphs\/oacute.glif":"\/garabd.ufo\/glyphs\/oacute.glif","\/garabd.ufo\/glyphs\/obreve.glif":"\/garabd.ufo\/glyphs\/obreve.glif","\/garabd.ufo\/glyphs\/ocircumflex.glif":"\/garabd.ufo\/glyphs\/ocircumflex.glif","\/garabd.ufo\/glyphs\/odblacute.glif":"\/garabd.ufo\/glyphs\/odblacute.glif","\/garabd.ufo\/glyphs\/odieresis.glif":"\/garabd.ufo\/glyphs\/odieresis.glif","\/garabd.ufo\/glyphs\/oe.glif":"\/garabd.ufo\/glyphs\/oe.glif","\/garabd.ufo\/glyphs\/ogonek.glif":"\/garabd.ufo\/glyphs\/ogonek.glif","\/garabd.ufo\/glyphs\/ograve.glif":"\/garabd.ufo\/glyphs\/ograve.glif","\/garabd.ufo\/glyphs\/omacron.glif":"\/garabd.ufo\/glyphs\/omacron.glif","\/garabd.ufo\/glyphs\/omega.glif":"\/garabd.ufo\/glyphs\/omega.glif","\/garabd.ufo\/glyphs\/omegatonos.glif":"\/garabd.ufo\/glyphs\/omegatonos.glif","\/garabd.ufo\/glyphs\/omicron.glif":"\/garabd.ufo\/glyphs\/omicron.glif","\/garabd.ufo\/glyphs\/omicrontonos.glif":"\/garabd.ufo\/glyphs\/omicrontonos.glif","\/garabd.ufo\/glyphs\/one.glif":"\/garabd.ufo\/glyphs\/one.glif","\/garabd.ufo\/glyphs\/oneeighth.glif":"\/garabd.ufo\/glyphs\/oneeighth.glif","\/garabd.ufo\/glyphs\/onehalf.glif":"\/garabd.ufo\/glyphs\/onehalf.glif","\/garabd.ufo\/glyphs\/onequarter.glif":"\/garabd.ufo\/glyphs\/onequarter.glif","\/garabd.ufo\/glyphs\/onesuperior.glif":"\/garabd.ufo\/glyphs\/onesuperior.glif","\/garabd.ufo\/glyphs\/openbullet.glif":"\/garabd.ufo\/glyphs\/openbullet.glif","\/garabd.ufo\/glyphs\/ordfeminine.glif":"\/garabd.ufo\/glyphs\/ordfeminine.glif","\/garabd.ufo\/glyphs\/ordmasculine.glif":"\/garabd.ufo\/glyphs\/ordmasculine.glif","\/garabd.ufo\/glyphs\/orthogonal.glif":"\/garabd.ufo\/glyphs\/orthogonal.glif","\/garabd.ufo\/glyphs\/oslash.glif":"\/garabd.ufo\/glyphs\/oslash.glif","\/garabd.ufo\/glyphs\/oslashacute.glif":"\/garabd.ufo\/glyphs\/oslashacute.glif","\/garabd.ufo\/glyphs\/otilde.glif":"\/garabd.ufo\/glyphs\/otilde.glif","\/garabd.ufo\/glyphs\/overscore.glif":"\/garabd.ufo\/glyphs\/overscore.glif","\/garabd.ufo\/glyphs\/p.glif":"\/garabd.ufo\/glyphs\/p.glif","\/garabd.ufo\/glyphs\/paragraph.glif":"\/garabd.ufo\/glyphs\/paragraph.glif","\/garabd.ufo\/glyphs\/parenleft.glif":"\/garabd.ufo\/glyphs\/parenleft.glif","\/garabd.ufo\/glyphs\/parenright.glif":"\/garabd.ufo\/glyphs\/parenright.glif","\/garabd.ufo\/glyphs\/partialdiff.glif":"\/garabd.ufo\/glyphs\/partialdiff.glif","\/garabd.ufo\/glyphs\/percent.glif":"\/garabd.ufo\/glyphs\/percent.glif","\/garabd.ufo\/glyphs\/period.glif":"\/garabd.ufo\/glyphs\/period.glif","\/garabd.ufo\/glyphs\/periodcentered.glif":"\/garabd.ufo\/glyphs\/periodcentered.glif","\/garabd.ufo\/glyphs\/perthousand.glif":"\/garabd.ufo\/glyphs\/perthousand.glif","\/garabd.ufo\/glyphs\/peseta.glif":"\/garabd.ufo\/glyphs\/peseta.glif","\/garabd.ufo\/glyphs\/phi.glif":"\/garabd.ufo\/glyphs\/phi.glif","\/garabd.ufo\/glyphs\/pi.glif":"\/garabd.ufo\/glyphs\/pi.glif","\/garabd.ufo\/glyphs\/pi1.glif":"\/garabd.ufo\/glyphs\/pi1.glif","\/garabd.ufo\/glyphs\/plus.glif":"\/garabd.ufo\/glyphs\/plus.glif","\/garabd.ufo\/glyphs\/plusminus.glif":"\/garabd.ufo\/glyphs\/plusminus.glif","\/garabd.ufo\/glyphs\/product.glif":"\/garabd.ufo\/glyphs\/product.glif","\/garabd.ufo\/glyphs\/psi.glif":"\/garabd.ufo\/glyphs\/psi.glif","\/garabd.ufo\/glyphs\/q.glif":"\/garabd.ufo\/glyphs\/q.glif","\/garabd.ufo\/glyphs\/question.glif":"\/garabd.ufo\/glyphs\/question.glif","\/garabd.ufo\/glyphs\/questiondown.glif":"\/garabd.ufo\/glyphs\/questiondown.glif","\/garabd.ufo\/glyphs\/quotedbl.glif":"\/garabd.ufo\/glyphs\/quotedbl.glif","\/garabd.ufo\/glyphs\/quotedblbase.glif":"\/garabd.ufo\/glyphs\/quotedblbase.glif","\/garabd.ufo\/glyphs\/quotedblleft.glif":"\/garabd.ufo\/glyphs\/quotedblleft.glif","\/garabd.ufo\/glyphs\/quotedblright.glif":"\/garabd.ufo\/glyphs\/quotedblright.glif","\/garabd.ufo\/glyphs\/quoteleft.glif":"\/garabd.ufo\/glyphs\/quoteleft.glif","\/garabd.ufo\/glyphs\/quotereversed.glif":"\/garabd.ufo\/glyphs\/quotereversed.glif","\/garabd.ufo\/glyphs\/quoteright.glif":"\/garabd.ufo\/glyphs\/quoteright.glif","\/garabd.ufo\/glyphs\/quotesinglbase.glif":"\/garabd.ufo\/glyphs\/quotesinglbase.glif","\/garabd.ufo\/glyphs\/quotesingle.glif":"\/garabd.ufo\/glyphs\/quotesingle.glif","\/garabd.ufo\/glyphs\/r.glif":"\/garabd.ufo\/glyphs\/r.glif","\/garabd.ufo\/glyphs\/racute.glif":"\/garabd.ufo\/glyphs\/racute.glif","\/garabd.ufo\/glyphs\/radical.glif":"\/garabd.ufo\/glyphs\/radical.glif","\/garabd.ufo\/glyphs\/radicalex.glif":"\/garabd.ufo\/glyphs\/radicalex.glif","\/garabd.ufo\/glyphs\/rcaron.glif":"\/garabd.ufo\/glyphs\/rcaron.glif","\/garabd.ufo\/glyphs\/rcedilla.glif":"\/garabd.ufo\/glyphs\/rcedilla.glif","\/garabd.ufo\/glyphs\/registered.glif":"\/garabd.ufo\/glyphs\/registered.glif","\/garabd.ufo\/glyphs\/revlogicalnot.glif":"\/garabd.ufo\/glyphs\/revlogicalnot.glif","\/garabd.ufo\/glyphs\/rho.glif":"\/garabd.ufo\/glyphs\/rho.glif","\/garabd.ufo\/glyphs\/ring.glif":"\/garabd.ufo\/glyphs\/ring.glif","\/garabd.ufo\/glyphs\/rtblock.glif":"\/garabd.ufo\/glyphs\/rtblock.glif","\/garabd.ufo\/glyphs\/s.glif":"\/garabd.ufo\/glyphs\/s.glif","\/garabd.ufo\/glyphs\/sacute.glif":"\/garabd.ufo\/glyphs\/sacute.glif","\/garabd.ufo\/glyphs\/scaron.glif":"\/garabd.ufo\/glyphs\/scaron.glif","\/garabd.ufo\/glyphs\/scedilla.glif":"\/garabd.ufo\/glyphs\/scedilla.glif","\/garabd.ufo\/glyphs\/scircumflex.glif":"\/garabd.ufo\/glyphs\/scircumflex.glif","\/garabd.ufo\/glyphs\/second.glif":"\/garabd.ufo\/glyphs\/second.glif","\/garabd.ufo\/glyphs\/section.glif":"\/garabd.ufo\/glyphs\/section.glif","\/garabd.ufo\/glyphs\/semicolon.glif":"\/garabd.ufo\/glyphs\/semicolon.glif","\/garabd.ufo\/glyphs\/seven.glif":"\/garabd.ufo\/glyphs\/seven.glif","\/garabd.ufo\/glyphs\/seveneighths.glif":"\/garabd.ufo\/glyphs\/seveneighths.glif","\/garabd.ufo\/glyphs\/sevensuperior.glif":"\/garabd.ufo\/glyphs\/sevensuperior.glif","\/garabd.ufo\/glyphs\/sfthyphen.glif":"\/garabd.ufo\/glyphs\/sfthyphen.glif","\/garabd.ufo\/glyphs\/shade.glif":"\/garabd.ufo\/glyphs\/shade.glif","\/garabd.ufo\/glyphs\/sigma.glif":"\/garabd.ufo\/glyphs\/sigma.glif","\/garabd.ufo\/glyphs\/sigma1.glif":"\/garabd.ufo\/glyphs\/sigma1.glif","\/garabd.ufo\/glyphs\/six.glif":"\/garabd.ufo\/glyphs\/six.glif","\/garabd.ufo\/glyphs\/slash.glif":"\/garabd.ufo\/glyphs\/slash.glif","\/garabd.ufo\/glyphs\/smileface.glif":"\/garabd.ufo\/glyphs\/smileface.glif","\/garabd.ufo\/glyphs\/space.glif":"\/garabd.ufo\/glyphs\/space.glif","\/garabd.ufo\/glyphs\/spade.glif":"\/garabd.ufo\/glyphs\/spade.glif","\/garabd.ufo\/glyphs\/sterling.glif":"\/garabd.ufo\/glyphs\/sterling.glif","\/garabd.ufo\/glyphs\/summation.glif":"\/garabd.ufo\/glyphs\/summation.glif","\/garabd.ufo\/glyphs\/sun.glif":"\/garabd.ufo\/glyphs\/sun.glif","\/garabd.ufo\/glyphs\/t.glif":"\/garabd.ufo\/glyphs\/t.glif","\/garabd.ufo\/glyphs\/tau.glif":"\/garabd.ufo\/glyphs\/tau.glif","\/garabd.ufo\/glyphs\/tbar.glif":"\/garabd.ufo\/glyphs\/tbar.glif","\/garabd.ufo\/glyphs\/tcaron.glif":"\/garabd.ufo\/glyphs\/tcaron.glif","\/garabd.ufo\/glyphs\/tcedilla.glif":"\/garabd.ufo\/glyphs\/tcedilla.glif","\/garabd.ufo\/glyphs\/theta.glif":"\/garabd.ufo\/glyphs\/theta.glif","\/garabd.ufo\/glyphs\/thorn.glif":"\/garabd.ufo\/glyphs\/thorn.glif","\/garabd.ufo\/glyphs\/three.glif":"\/garabd.ufo\/glyphs\/three.glif","\/garabd.ufo\/glyphs\/threeeighths.glif":"\/garabd.ufo\/glyphs\/threeeighths.glif","\/garabd.ufo\/glyphs\/threequarters.glif":"\/garabd.ufo\/glyphs\/threequarters.glif","\/garabd.ufo\/glyphs\/threesuperior.glif":"\/garabd.ufo\/glyphs\/threesuperior.glif","\/garabd.ufo\/glyphs\/tilde.glif":"\/garabd.ufo\/glyphs\/tilde.glif","\/garabd.ufo\/glyphs\/tonos.glif":"\/garabd.ufo\/glyphs\/tonos.glif","\/garabd.ufo\/glyphs\/trademark.glif":"\/garabd.ufo\/glyphs\/trademark.glif","\/garabd.ufo\/glyphs\/triagdn.glif":"\/garabd.ufo\/glyphs\/triagdn.glif","\/garabd.ufo\/glyphs\/triaglf.glif":"\/garabd.ufo\/glyphs\/triaglf.glif","\/garabd.ufo\/glyphs\/triagrt.glif":"\/garabd.ufo\/glyphs\/triagrt.glif","\/garabd.ufo\/glyphs\/triagup.glif":"\/garabd.ufo\/glyphs\/triagup.glif","\/garabd.ufo\/glyphs\/two.glif":"\/garabd.ufo\/glyphs\/two.glif","\/garabd.ufo\/glyphs\/twosuperior.glif":"\/garabd.ufo\/glyphs\/twosuperior.glif","\/garabd.ufo\/glyphs\/u.glif":"\/garabd.ufo\/glyphs\/u.glif","\/garabd.ufo\/glyphs\/uacute.glif":"\/garabd.ufo\/glyphs\/uacute.glif","\/garabd.ufo\/glyphs\/ubreve.glif":"\/garabd.ufo\/glyphs\/ubreve.glif","\/garabd.ufo\/glyphs\/ucircumflex.glif":"\/garabd.ufo\/glyphs\/ucircumflex.glif","\/garabd.ufo\/glyphs\/udblacute.glif":"\/garabd.ufo\/glyphs\/udblacute.glif","\/garabd.ufo\/glyphs\/udieresis.glif":"\/garabd.ufo\/glyphs\/udieresis.glif","\/garabd.ufo\/glyphs\/ugrave.glif":"\/garabd.ufo\/glyphs\/ugrave.glif","\/garabd.ufo\/glyphs\/umacron.glif":"\/garabd.ufo\/glyphs\/umacron.glif","\/garabd.ufo\/glyphs\/undercommaaccent.glif":"\/garabd.ufo\/glyphs\/undercommaaccent.glif","\/garabd.ufo\/glyphs\/underscore.glif":"\/garabd.ufo\/glyphs\/underscore.glif","\/garabd.ufo\/glyphs\/underscoredbl.glif":"\/garabd.ufo\/glyphs\/underscoredbl.glif","\/garabd.ufo\/glyphs\/uogonek.glif":"\/garabd.ufo\/glyphs\/uogonek.glif","\/garabd.ufo\/glyphs\/upblock.glif":"\/garabd.ufo\/glyphs\/upblock.glif","\/garabd.ufo\/glyphs\/upsilon.glif":"\/garabd.ufo\/glyphs\/upsilon.glif","\/garabd.ufo\/glyphs\/upsilondieresis.glif":"\/garabd.ufo\/glyphs\/upsilondieresis.glif","\/garabd.ufo\/glyphs\/upsilondieresistonos.glif":"\/garabd.ufo\/glyphs\/upsilondieresistonos.glif","\/garabd.ufo\/glyphs\/upsilontonos.glif":"\/garabd.ufo\/glyphs\/upsilontonos.glif","\/garabd.ufo\/glyphs\/uring.glif":"\/garabd.ufo\/glyphs\/uring.glif","\/garabd.ufo\/glyphs\/utilde.glif":"\/garabd.ufo\/glyphs\/utilde.glif","\/garabd.ufo\/glyphs\/v.glif":"\/garabd.ufo\/glyphs\/v.glif","\/garabd.ufo\/glyphs\/w.glif":"\/garabd.ufo\/glyphs\/w.glif","\/garabd.ufo\/glyphs\/wacute.glif":"\/garabd.ufo\/glyphs\/wacute.glif","\/garabd.ufo\/glyphs\/wcircumflex.glif":"\/garabd.ufo\/glyphs\/wcircumflex.glif","\/garabd.ufo\/glyphs\/wdieresis.glif":"\/garabd.ufo\/glyphs\/wdieresis.glif","\/garabd.ufo\/glyphs\/wgrave.glif":"\/garabd.ufo\/glyphs\/wgrave.glif","\/garabd.ufo\/glyphs\/x.glif":"\/garabd.ufo\/glyphs\/x.glif","\/garabd.ufo\/glyphs\/xi.glif":"\/garabd.ufo\/glyphs\/xi.glif","\/garabd.ufo\/glyphs\/y.glif":"\/garabd.ufo\/glyphs\/y.glif","\/garabd.ufo\/glyphs\/yacute.glif":"\/garabd.ufo\/glyphs\/yacute.glif","\/garabd.ufo\/glyphs\/ycircumflex.glif":"\/garabd.ufo\/glyphs\/ycircumflex.glif","\/garabd.ufo\/glyphs\/ydieresis.glif":"\/garabd.ufo\/glyphs\/ydieresis.glif","\/garabd.ufo\/glyphs\/yen.glif":"\/garabd.ufo\/glyphs\/yen.glif","\/garabd.ufo\/glyphs\/ygrave.glif":"\/garabd.ufo\/glyphs\/ygrave.glif","\/garabd.ufo\/glyphs\/z.glif":"\/garabd.ufo\/glyphs\/z.glif","\/garabd.ufo\/glyphs\/zacute.glif":"\/garabd.ufo\/glyphs\/zacute.glif","\/garabd.ufo\/glyphs\/zcaron.glif":"\/garabd.ufo\/glyphs\/zcaron.glif","\/garabd.ufo\/glyphs\/zdot.glif":"\/garabd.ufo\/glyphs\/zdot.glif","\/garabd.ufo\/glyphs\/zero.glif":"\/garabd.ufo\/glyphs\/zero.glif","\/garabd.ufo\/glyphs\/zeta.glif":"\/garabd.ufo\/glyphs\/zeta.glif"},"Font":{"uploaded":1480731067.2035,"licence":"gpl3","company":"Chronolabs Cooperative","title":"Garamond Bold","version":3.002,"date":"Fri Nov 25 22:17:49 2016","creator":"root","type":"1","matrix":"0.000488281 0 0 0.000488281 0 0","named":"Garamond-Bold","painttype":"0","info":"10 dict dup","name":"Garamond Bold","family":"Garamond","weight":"Bold","fstype":"8","italicangle":"0","underlineposition":"","underlinethickness":""},"Licences":{"":false},"Table":{"FFTM":{"entryLength":16,"tag":"FFTM","checksum":1962491786,"offset":117100,"length":28},"GDEF":{"entryLength":16,"tag":"GDEF","checksum":46399492,"offset":117068,"length":32},"OS\/2":{"entryLength":16,"tag":"OS\/2","checksum":3806300146,"offset":344,"length":86},"cmap":{"entryLength":16,"tag":"cmap","checksum":4286654823,"offset":3080,"length":1914},"gasp":{"entryLength":16,"tag":"gasp","checksum":4294901763,"offset":117060,"length":8},"glyf":{"entryLength":16,"tag":"glyf","checksum":3918647920,"offset":6324,"length":104732},"head":{"entryLength":16,"tag":"head","checksum":269013089,"offset":220,"length":54},"hhea":{"entryLength":16,"tag":"hhea","checksum":282986534,"offset":276,"length":36},"hmtx":{"entryLength":16,"tag":"hmtx","checksum":1052749418,"offset":432,"length":2648},"loca":{"entryLength":16,"tag":"loca","checksum":4159201178,"offset":4996,"length":1328},"maxp":{"entryLength":16,"tag":"maxp","checksum":52101604,"offset":312,"length":32},"name":{"entryLength":16,"tag":"name","checksum":1617693800,"offset":111056,"length":1050},"post":{"entryLength":16,"tag":"post","checksum":3453337344,"offset":112108,"length":4951}},"UnicodeCharMap":{"32":3,"33":4,"34":5,"35":6,"36":7,"37":8,"38":9,"39":10,"40":11,"41":12,"42":13,"43":14,"44":15,"45":16,"46":17,"47":18,"48":19,"49":20,"50":21,"51":22,"52":23,"53":24,"54":25,"55":26,"56":27,"57":28,"58":29,"59":30,"60":31,"61":32,"62":33,"63":34,"64":35,"65":36,"66":37,"67":38,"68":39,"69":40,"70":41,"71":42,"72":43,"73":44,"74":45,"75":46,"76":47,"77":48,"78":49,"79":50,"80":51,"81":52,"82":53,"83":54,"84":55,"85":56,"86":57,"87":58,"88":59,"89":60,"90":61,"91":62,"92":63,"93":64,"94":65,"95":66,"96":67,"97":68,"98":69,"99":70,"100":71,"101":72,"102":73,"103":74,"104":75,"105":76,"106":77,"107":78,"108":79,"109":80,"110":81,"111":82,"112":83,"113":84,"114":85,"115":86,"116":87,"117":88,"118":89,"119":90,"120":91,"121":92,"122":93,"123":94,"124":95,"125":96,"126":97,"160":98,"161":99,"162":100,"163":101,"164":102,"165":103,"166":104,"167":105,"168":106,"169":107,"170":108,"171":109,"172":110,"173":111,"174":112,"175":113,"176":114,"177":115,"178":116,"179":117,"180":118,"181":119,"182":120,"183":121,"184":122,"185":123,"186":124,"187":125,"188":126,"189":127,"190":128,"191":129,"192":130,"193":131,"194":132,"195":133,"196":134,"197":135,"198":136,"199":137,"200":138,"201":139,"202":140,"203":141,"204":142,"205":143,"206":144,"207":145,"208":146,"209":147,"210":148,"211":149,"212":150,"213":151,"214":152,"215":153,"216":154,"217":155,"218":156,"219":157,"220":158,"221":159,"222":160,"223":161,"224":162,"225":163,"226":164,"227":165,"228":166,"229":167,"230":168,"231":169,"232":170,"233":171,"234":172,"235":173,"236":174,"237":175,"238":176,"239":177,"240":178,"241":179,"242":180,"243":181,"244":182,"245":183,"246":184,"247":185,"248":186,"249":187,"250":188,"251":189,"252":190,"253":191,"254":192,"255":193,"256":262,"257":263,"258":264,"259":265,"260":266,"261":267,"262":256,"263":257,"264":268,"265":269,"266":270,"267":271,"268":258,"269":259,"270":272,"271":273,"272":274,"273":260,"274":275,"275":276,"276":277,"277":278,"278":279,"279":280,"280":281,"281":282,"282":283,"283":284,"284":285,"285":286,"286":251,"287":252,"288":287,"289":288,"290":289,"291":290,"292":291,"293":292,"294":293,"295":294,"296":295,"297":296,"298":297,"299":298,"300":299,"301":300,"302":301,"303":302,"304":253,"305":233,"306":303,"307":304,"308":305,"309":306,"310":307,"311":308,"312":309,"313":310,"314":311,"315":312,"316":313,"317":314,"318":315,"319":316,"320":317,"321":243,"322":244,"323":318,"324":319,"325":320,"326":321,"327":322,"328":323,"329":324,"330":325,"331":326,"332":327,"333":328,"334":329,"335":330,"336":331,"337":332,"338":212,"339":213,"340":333,"341":334,"342":335,"343":336,"344":337,"345":338,"346":339,"347":340,"348":341,"349":342,"350":254,"351":255,"352":245,"353":246,"354":343,"355":344,"356":345,"357":346,"358":347,"359":348,"360":349,"361":350,"362":351,"363":352,"364":353,"365":354,"366":355,"367":356,"368":357,"369":358,"370":359,"371":360,"372":361,"373":362,"374":363,"375":364,"376":221,"377":365,"378":366,"379":367,"380":368,"381":247,"382":248,"383":369,"402":208,"506":370,"507":371,"508":372,"509":373,"510":374,"511":375,"710":234,"711":242,"728":237,"729":238,"730":239,"731":241,"732":235,"733":240,"900":376,"901":377,"902":378,"903":379,"904":380,"905":381,"906":382,"908":383,"910":384,"911":385,"912":386,"913":387,"914":388,"915":389,"916":390,"917":391,"918":392,"919":393,"920":394,"921":395,"922":396,"923":397,"924":398,"925":399,"926":400,"927":401,"928":402,"929":403,"931":404,"932":405,"933":406,"934":407,"935":408,"936":409,"937":410,"938":411,"939":412,"940":413,"941":414,"942":415,"943":416,"944":417,"945":418,"946":419,"947":420,"948":421,"949":422,"950":423,"951":424,"952":425,"953":426,"954":427,"955":428,"956":429,"957":430,"958":431,"959":432,"960":204,"961":434,"962":435,"963":436,"964":437,"965":438,"966":439,"967":440,"968":441,"969":442,"970":443,"971":444,"972":445,"973":446,"974":447,"982":433,"1025":448,"1026":449,"1027":450,"1028":451,"1029":452,"1030":453,"1031":454,"1032":455,"1033":456,"1034":457,"1035":458,"1036":459,"1038":460,"1039":461,"1040":462,"1041":463,"1042":464,"1043":465,"1044":466,"1045":467,"1046":468,"1047":469,"1048":470,"1049":471,"1050":472,"1051":473,"1052":474,"1053":475,"1054":476,"1055":477,"1056":478,"1057":479,"1058":480,"1059":481,"1060":482,"1061":483,"1062":484,"1063":485,"1064":486,"1065":487,"1066":488,"1067":489,"1068":490,"1069":491,"1070":492,"1071":493,"1072":494,"1073":495,"1074":496,"1075":497,"1076":498,"1077":499,"1078":500,"1079":501,"1080":502,"1081":503,"1082":504,"1083":505,"1084":506,"1085":507,"1086":508,"1087":509,"1088":510,"1089":511,"1090":512,"1091":513,"1092":514,"1093":515,"1094":516,"1095":517,"1096":518,"1097":519,"1098":520,"1099":521,"1100":522,"1101":523,"1102":524,"1103":525,"1105":526,"1106":527,"1107":528,"1108":529,"1109":530,"1110":531,"1111":532,"1112":533,"1113":534,"1114":535,"1115":536,"1116":537,"1118":538,"1119":539,"1168":540,"1169":541,"7808":542,"7809":543,"7810":544,"7811":545,"7812":546,"7813":547,"7922":548,"7923":549,"8211":214,"8212":215,"8213":550,"8215":551,"8216":218,"8217":219,"8218":230,"8219":552,"8220":216,"8221":217,"8222":231,"8224":194,"8225":228,"8226":195,"8230":211,"8240":232,"8242":553,"8243":554,"8249":224,"8250":225,"8252":555,"8260":222,"8308":261,"8309":660,"8311":661,"8312":662,"8319":558,"8355":250,"8356":559,"8359":560,"8364":223,"8453":561,"8467":562,"8470":563,"8482":196,"8486":206,"8494":564,"8539":565,"8540":566,"8541":567,"8542":568,"8592":569,"8593":570,"8594":571,"8595":572,"8596":573,"8597":574,"8616":575,"8706":201,"8710":210,"8719":203,"8721":202,"8722":249,"8725":557,"8730":207,"8734":198,"8735":576,"8745":577,"8747":205,"8776":209,"8800":197,"8801":578,"8804":199,"8805":200,"8962":579,"8976":580,"8992":581,"8993":582,"9472":583,"9474":584,"9484":585,"9488":586,"9492":587,"9496":588,"9500":589,"9508":590,"9516":591,"9524":592,"9532":593,"9552":594,"9553":595,"9554":596,"9555":597,"9556":598,"9557":599,"9558":600,"9559":601,"9560":602,"9561":603,"9562":604,"9563":605,"9564":606,"9565":607,"9566":608,"9567":609,"9568":610,"9569":611,"9570":612,"9571":613,"9572":614,"9573":615,"9574":616,"9575":617,"9576":618,"9577":619,"9578":620,"9579":621,"9580":622,"9600":623,"9604":624,"9608":625,"9612":626,"9616":627,"9617":628,"9618":629,"9619":630,"9632":631,"9633":632,"9642":633,"9643":634,"9644":635,"9650":636,"9658":637,"9660":638,"9668":639,"9674":220,"9675":640,"9679":641,"9688":642,"9689":643,"9702":644,"9786":645,"9787":646,"9788":647,"9792":648,"9794":649,"9824":650,"9827":651,"9829":652,"9830":653,"9834":654,"9835":655,"64257":226,"64258":227},"Reserves":{"fontname":"Garamond Bold"},"Names":{"Garamond Bold":{"name":"Garamond Bold","longitude":"0.00000001","latitude":"0.00000001","country":"","region":"","city":""}},"Nodes":{"ga":{"type":"typal","node":"ga","usage":1,"weight":1},"nd":{"type":"typal","node":"nd","usage":1,"weight":1},"bo":{"type":"typal","node":"bo","usage":1,"weight":1},"ld":{"type":"typal","node":"ld","usage":1,"weight":1},"gar":{"type":"typal","node":"gar","usage":1,"weight":1},"ond":{"type":"typal","node":"ond","usage":1,"weight":1},"bol":{"type":"typal","node":"bol","usage":1,"weight":1},"old":{"type":"typal","node":"old","usage":1,"weight":1},"gara":{"type":"keys","node":"gara","usage":1,"weight":1},"mond":{"type":"keys","node":"mond","usage":1,"weight":1},"garam":{"type":"keys","node":"garam","usage":1,"weight":1},"amond":{"type":"keys","node":"amond","usage":1,"weight":1},"garamond":{"type":"fixes","node":"garamond","usage":1,"weight":1},"bold":{"type":"fixes","node":"bold","usage":1,"weight":1}},"Contributors":[],"FontIdentity":"zinc17:cf350a383f01918873b99a802","Bytes":null,"Networking":[],"barcode":"coc2sykywaqw3","referee":"ygamaoqc"}