{"CSS":{"Caecilia LT Std 45 Light":"Caecilia+LT+Std+45+Light.css","Caecilia LT Std 4 5 Light":"labscoop:82a3b8d7023a8af2a23b114.css"},"FontType":"TrueType","FontCopyright":" The digitally encoded machine readable software for producing the\n Typefaces licensed to you is copyrighted (c) 1991, 1992, 2002 Adobe Systems.\n All Rights Reserved. This software is the property of Adobe Systems\n Incorporated and its licensors, and may not be reproduced, used, \n displayed, modified, disclosed or transferred without the express \n written approval of Adobe.\n \n The digitally encoded machine readable outline data for producing the Typefaces \n provided as part of your laser printer is copyrighted (c) 1981, 2002 Heidelberger Druckmaschinen AG. \n All rights reserved. This data is the property of Heidelberger Druckmaschinen AG, \n and may not be reproduced, used, displayed, modified, disclosed or transferred \n without the express written approval of Heidelberger Druckmaschinen AG. ","FontName":"Caecilia LT Std","FontSubfamily":"Light","FontSubfamilyID":"FontForge 2.0 : Caecilia LT Std 45 Light : 12-8-2016","FontFullName":"Caecilia LT Std 4 5 Light","FontVersion":"Version 002.000 ","FontWeight":null,"FontPostscriptName":"CaeciliaLTStd-Light","Files":{"\/Caecilia LT Std 45 Light.css":"\/Caecilia LT Std 45 Light.css","\/caecilialtstd-light.afm":"\/caecilialtstd-light.afm","\/caecilialtstd-light.cef":"\/caecilialtstd-light.cef","\/caecilialtstd-light.cff":"\/caecilialtstd-light.cff","\/caecilialtstd-light.eot":"\/caecilialtstd-light.eot","\/caecilialtstd-light.gai":"\/caecilialtstd-light.gai","\/caecilialtstd-light.gsf":"\/caecilialtstd-light.gsf","\/caecilialtstd-light.otf":"\/caecilialtstd-light.otf","\/caecilialtstd-light.pf3":"\/caecilialtstd-light.pf3","\/caecilialtstd-light.pfa":"\/caecilialtstd-light.pfa","\/caecilialtstd-light.pfb":"\/caecilialtstd-light.pfb","\/caecilialtstd-light.php":"\/caecilialtstd-light.php","\/caecilialtstd-light.pt3":"\/caecilialtstd-light.pt3","\/caecilialtstd-light.sfd":"\/caecilialtstd-light.sfd","\/caecilialtstd-light.svg":"\/caecilialtstd-light.svg","\/caecilialtstd-light.t42":"\/caecilialtstd-light.t42","\/caecilialtstd-light.ttd":"\/caecilialtstd-light.ttd","\/caecilialtstd-light.ttf":"\/caecilialtstd-light.ttf","\/caecilialtstd-light.ttg":"\/caecilialtstd-light.ttg","\/caecilialtstd-light.ufm":"\/caecilialtstd-light.ufm","\/caecilialtstd-light.woff":"\/caecilialtstd-light.woff","\/caecilialtstd-light.z":"\/caecilialtstd-light.z","\/font-resource.json":"\/font-resource.json","\/caecilialtstd-light.ufo\/feature.fea":"\/caecilialtstd-light.ufo\/feature.fea","\/caecilialtstd-light.ufo\/fontinfo.plist":"\/caecilialtstd-light.ufo\/fontinfo.plist","\/caecilialtstd-light.ufo\/groups.plist":"\/caecilialtstd-light.ufo\/groups.plist","\/caecilialtstd-light.ufo\/kerning.plist":"\/caecilialtstd-light.ufo\/kerning.plist","\/caecilialtstd-light.ufo\/metainfo.plist":"\/caecilialtstd-light.ufo\/metainfo.plist","\/caecilialtstd-light.ufo\/glyphs\/A_.glif":"\/caecilialtstd-light.ufo\/glyphs\/A_.glif","\/caecilialtstd-light.ufo\/glyphs\/A_.sc.glif":"\/caecilialtstd-light.ufo\/glyphs\/A_.sc.glif","\/caecilialtstd-light.ufo\/glyphs\/A_E_.glif":"\/caecilialtstd-light.ufo\/glyphs\/A_E_.glif","\/caecilialtstd-light.ufo\/glyphs\/A_E_.sc.glif":"\/caecilialtstd-light.ufo\/glyphs\/A_E_.sc.glif","\/caecilialtstd-light.ufo\/glyphs\/A_acute.glif":"\/caecilialtstd-light.ufo\/glyphs\/A_acute.glif","\/caecilialtstd-light.ufo\/glyphs\/A_acute.sc.glif":"\/caecilialtstd-light.ufo\/glyphs\/A_acute.sc.glif","\/caecilialtstd-light.ufo\/glyphs\/A_circumflex.glif":"\/caecilialtstd-light.ufo\/glyphs\/A_circumflex.glif","\/caecilialtstd-light.ufo\/glyphs\/A_circumflex.sc.glif":"\/caecilialtstd-light.ufo\/glyphs\/A_circumflex.sc.glif","\/caecilialtstd-light.ufo\/glyphs\/A_dieresis.glif":"\/caecilialtstd-light.ufo\/glyphs\/A_dieresis.glif","\/caecilialtstd-light.ufo\/glyphs\/A_dieresis.sc.glif":"\/caecilialtstd-light.ufo\/glyphs\/A_dieresis.sc.glif","\/caecilialtstd-light.ufo\/glyphs\/A_grave.glif":"\/caecilialtstd-light.ufo\/glyphs\/A_grave.glif","\/caecilialtstd-light.ufo\/glyphs\/A_grave.sc.glif":"\/caecilialtstd-light.ufo\/glyphs\/A_grave.sc.glif","\/caecilialtstd-light.ufo\/glyphs\/A_ring.glif":"\/caecilialtstd-light.ufo\/glyphs\/A_ring.glif","\/caecilialtstd-light.ufo\/glyphs\/A_ring.sc.glif":"\/caecilialtstd-light.ufo\/glyphs\/A_ring.sc.glif","\/caecilialtstd-light.ufo\/glyphs\/A_tilde.glif":"\/caecilialtstd-light.ufo\/glyphs\/A_tilde.glif","\/caecilialtstd-light.ufo\/glyphs\/A_tilde.sc.glif":"\/caecilialtstd-light.ufo\/glyphs\/A_tilde.sc.glif","\/caecilialtstd-light.ufo\/glyphs\/B_.glif":"\/caecilialtstd-light.ufo\/glyphs\/B_.glif","\/caecilialtstd-light.ufo\/glyphs\/B_.sc.glif":"\/caecilialtstd-light.ufo\/glyphs\/B_.sc.glif","\/caecilialtstd-light.ufo\/glyphs\/C_.glif":"\/caecilialtstd-light.ufo\/glyphs\/C_.glif","\/caecilialtstd-light.ufo\/glyphs\/C_.sc.glif":"\/caecilialtstd-light.ufo\/glyphs\/C_.sc.glif","\/caecilialtstd-light.ufo\/glyphs\/C_cedilla.glif":"\/caecilialtstd-light.ufo\/glyphs\/C_cedilla.glif","\/caecilialtstd-light.ufo\/glyphs\/C_cedilla.sc.glif":"\/caecilialtstd-light.ufo\/glyphs\/C_cedilla.sc.glif","\/caecilialtstd-light.ufo\/glyphs\/D_.glif":"\/caecilialtstd-light.ufo\/glyphs\/D_.glif","\/caecilialtstd-light.ufo\/glyphs\/D_.sc.glif":"\/caecilialtstd-light.ufo\/glyphs\/D_.sc.glif","\/caecilialtstd-light.ufo\/glyphs\/D_elta.glif":"\/caecilialtstd-light.ufo\/glyphs\/D_elta.glif","\/caecilialtstd-light.ufo\/glyphs\/E_.glif":"\/caecilialtstd-light.ufo\/glyphs\/E_.glif","\/caecilialtstd-light.ufo\/glyphs\/E_.sc.glif":"\/caecilialtstd-light.ufo\/glyphs\/E_.sc.glif","\/caecilialtstd-light.ufo\/glyphs\/E_acute.glif":"\/caecilialtstd-light.ufo\/glyphs\/E_acute.glif","\/caecilialtstd-light.ufo\/glyphs\/E_acute.sc.glif":"\/caecilialtstd-light.ufo\/glyphs\/E_acute.sc.glif","\/caecilialtstd-light.ufo\/glyphs\/E_circumflex.glif":"\/caecilialtstd-light.ufo\/glyphs\/E_circumflex.glif","\/caecilialtstd-light.ufo\/glyphs\/E_circumflex.sc.glif":"\/caecilialtstd-light.ufo\/glyphs\/E_circumflex.sc.glif","\/caecilialtstd-light.ufo\/glyphs\/E_dieresis.glif":"\/caecilialtstd-light.ufo\/glyphs\/E_dieresis.glif","\/caecilialtstd-light.ufo\/glyphs\/E_dieresis.sc.glif":"\/caecilialtstd-light.ufo\/glyphs\/E_dieresis.sc.glif","\/caecilialtstd-light.ufo\/glyphs\/E_grave.glif":"\/caecilialtstd-light.ufo\/glyphs\/E_grave.glif","\/caecilialtstd-light.ufo\/glyphs\/E_grave.sc.glif":"\/caecilialtstd-light.ufo\/glyphs\/E_grave.sc.glif","\/caecilialtstd-light.ufo\/glyphs\/E_th.glif":"\/caecilialtstd-light.ufo\/glyphs\/E_th.glif","\/caecilialtstd-light.ufo\/glyphs\/E_th.sc.glif":"\/caecilialtstd-light.ufo\/glyphs\/E_th.sc.glif","\/caecilialtstd-light.ufo\/glyphs\/E_uro.glif":"\/caecilialtstd-light.ufo\/glyphs\/E_uro.glif","\/caecilialtstd-light.ufo\/glyphs\/F_.glif":"\/caecilialtstd-light.ufo\/glyphs\/F_.glif","\/caecilialtstd-light.ufo\/glyphs\/F_.sc.glif":"\/caecilialtstd-light.ufo\/glyphs\/F_.sc.glif","\/caecilialtstd-light.ufo\/glyphs\/G_.glif":"\/caecilialtstd-light.ufo\/glyphs\/G_.glif","\/caecilialtstd-light.ufo\/glyphs\/G_.sc.glif":"\/caecilialtstd-light.ufo\/glyphs\/G_.sc.glif","\/caecilialtstd-light.ufo\/glyphs\/H_.glif":"\/caecilialtstd-light.ufo\/glyphs\/H_.glif","\/caecilialtstd-light.ufo\/glyphs\/H_.sc.glif":"\/caecilialtstd-light.ufo\/glyphs\/H_.sc.glif","\/caecilialtstd-light.ufo\/glyphs\/I_.glif":"\/caecilialtstd-light.ufo\/glyphs\/I_.glif","\/caecilialtstd-light.ufo\/glyphs\/I_.sc.glif":"\/caecilialtstd-light.ufo\/glyphs\/I_.sc.glif","\/caecilialtstd-light.ufo\/glyphs\/I_acute.glif":"\/caecilialtstd-light.ufo\/glyphs\/I_acute.glif","\/caecilialtstd-light.ufo\/glyphs\/I_acute.sc.glif":"\/caecilialtstd-light.ufo\/glyphs\/I_acute.sc.glif","\/caecilialtstd-light.ufo\/glyphs\/I_circumflex.glif":"\/caecilialtstd-light.ufo\/glyphs\/I_circumflex.glif","\/caecilialtstd-light.ufo\/glyphs\/I_circumflex.sc.glif":"\/caecilialtstd-light.ufo\/glyphs\/I_circumflex.sc.glif","\/caecilialtstd-light.ufo\/glyphs\/I_dieresis.glif":"\/caecilialtstd-light.ufo\/glyphs\/I_dieresis.glif","\/caecilialtstd-light.ufo\/glyphs\/I_dieresis.sc.glif":"\/caecilialtstd-light.ufo\/glyphs\/I_dieresis.sc.glif","\/caecilialtstd-light.ufo\/glyphs\/I_grave.glif":"\/caecilialtstd-light.ufo\/glyphs\/I_grave.glif","\/caecilialtstd-light.ufo\/glyphs\/I_grave.sc.glif":"\/caecilialtstd-light.ufo\/glyphs\/I_grave.sc.glif","\/caecilialtstd-light.ufo\/glyphs\/J_.glif":"\/caecilialtstd-light.ufo\/glyphs\/J_.glif","\/caecilialtstd-light.ufo\/glyphs\/J_.sc.glif":"\/caecilialtstd-light.ufo\/glyphs\/J_.sc.glif","\/caecilialtstd-light.ufo\/glyphs\/K_.glif":"\/caecilialtstd-light.ufo\/glyphs\/K_.glif","\/caecilialtstd-light.ufo\/glyphs\/K_.sc.glif":"\/caecilialtstd-light.ufo\/glyphs\/K_.sc.glif","\/caecilialtstd-light.ufo\/glyphs\/L_.glif":"\/caecilialtstd-light.ufo\/glyphs\/L_.glif","\/caecilialtstd-light.ufo\/glyphs\/L_.sc.glif":"\/caecilialtstd-light.ufo\/glyphs\/L_.sc.glif","\/caecilialtstd-light.ufo\/glyphs\/L_slash.glif":"\/caecilialtstd-light.ufo\/glyphs\/L_slash.glif","\/caecilialtstd-light.ufo\/glyphs\/L_slash.sc.glif":"\/caecilialtstd-light.ufo\/glyphs\/L_slash.sc.glif","\/caecilialtstd-light.ufo\/glyphs\/M_.glif":"\/caecilialtstd-light.ufo\/glyphs\/M_.glif","\/caecilialtstd-light.ufo\/glyphs\/M_.sc.glif":"\/caecilialtstd-light.ufo\/glyphs\/M_.sc.glif","\/caecilialtstd-light.ufo\/glyphs\/N_.glif":"\/caecilialtstd-light.ufo\/glyphs\/N_.glif","\/caecilialtstd-light.ufo\/glyphs\/N_.sc.glif":"\/caecilialtstd-light.ufo\/glyphs\/N_.sc.glif","\/caecilialtstd-light.ufo\/glyphs\/N_tilde.glif":"\/caecilialtstd-light.ufo\/glyphs\/N_tilde.glif","\/caecilialtstd-light.ufo\/glyphs\/N_tilde.sc.glif":"\/caecilialtstd-light.ufo\/glyphs\/N_tilde.sc.glif","\/caecilialtstd-light.ufo\/glyphs\/O_.glif":"\/caecilialtstd-light.ufo\/glyphs\/O_.glif","\/caecilialtstd-light.ufo\/glyphs\/O_.sc.glif":"\/caecilialtstd-light.ufo\/glyphs\/O_.sc.glif","\/caecilialtstd-light.ufo\/glyphs\/O_E_.glif":"\/caecilialtstd-light.ufo\/glyphs\/O_E_.glif","\/caecilialtstd-light.ufo\/glyphs\/O_E_.sc.glif":"\/caecilialtstd-light.ufo\/glyphs\/O_E_.sc.glif","\/caecilialtstd-light.ufo\/glyphs\/O_acute.glif":"\/caecilialtstd-light.ufo\/glyphs\/O_acute.glif","\/caecilialtstd-light.ufo\/glyphs\/O_acute.sc.glif":"\/caecilialtstd-light.ufo\/glyphs\/O_acute.sc.glif","\/caecilialtstd-light.ufo\/glyphs\/O_circumflex.glif":"\/caecilialtstd-light.ufo\/glyphs\/O_circumflex.glif","\/caecilialtstd-light.ufo\/glyphs\/O_circumflex.sc.glif":"\/caecilialtstd-light.ufo\/glyphs\/O_circumflex.sc.glif","\/caecilialtstd-light.ufo\/glyphs\/O_dieresis.glif":"\/caecilialtstd-light.ufo\/glyphs\/O_dieresis.glif","\/caecilialtstd-light.ufo\/glyphs\/O_dieresis.sc.glif":"\/caecilialtstd-light.ufo\/glyphs\/O_dieresis.sc.glif","\/caecilialtstd-light.ufo\/glyphs\/O_grave.glif":"\/caecilialtstd-light.ufo\/glyphs\/O_grave.glif","\/caecilialtstd-light.ufo\/glyphs\/O_grave.sc.glif":"\/caecilialtstd-light.ufo\/glyphs\/O_grave.sc.glif","\/caecilialtstd-light.ufo\/glyphs\/O_mega.glif":"\/caecilialtstd-light.ufo\/glyphs\/O_mega.glif","\/caecilialtstd-light.ufo\/glyphs\/O_slash.glif":"\/caecilialtstd-light.ufo\/glyphs\/O_slash.glif","\/caecilialtstd-light.ufo\/glyphs\/O_slash.sc.glif":"\/caecilialtstd-light.ufo\/glyphs\/O_slash.sc.glif","\/caecilialtstd-light.ufo\/glyphs\/O_tilde.glif":"\/caecilialtstd-light.ufo\/glyphs\/O_tilde.glif","\/caecilialtstd-light.ufo\/glyphs\/O_tilde.sc.glif":"\/caecilialtstd-light.ufo\/glyphs\/O_tilde.sc.glif","\/caecilialtstd-light.ufo\/glyphs\/P_.glif":"\/caecilialtstd-light.ufo\/glyphs\/P_.glif","\/caecilialtstd-light.ufo\/glyphs\/P_.sc.glif":"\/caecilialtstd-light.ufo\/glyphs\/P_.sc.glif","\/caecilialtstd-light.ufo\/glyphs\/Q_.glif":"\/caecilialtstd-light.ufo\/glyphs\/Q_.glif","\/caecilialtstd-light.ufo\/glyphs\/Q_.sc.glif":"\/caecilialtstd-light.ufo\/glyphs\/Q_.sc.glif","\/caecilialtstd-light.ufo\/glyphs\/R_.glif":"\/caecilialtstd-light.ufo\/glyphs\/R_.glif","\/caecilialtstd-light.ufo\/glyphs\/R_.sc.glif":"\/caecilialtstd-light.ufo\/glyphs\/R_.sc.glif","\/caecilialtstd-light.ufo\/glyphs\/S_.glif":"\/caecilialtstd-light.ufo\/glyphs\/S_.glif","\/caecilialtstd-light.ufo\/glyphs\/S_.sc.glif":"\/caecilialtstd-light.ufo\/glyphs\/S_.sc.glif","\/caecilialtstd-light.ufo\/glyphs\/S_caron.glif":"\/caecilialtstd-light.ufo\/glyphs\/S_caron.glif","\/caecilialtstd-light.ufo\/glyphs\/S_caron.sc.glif":"\/caecilialtstd-light.ufo\/glyphs\/S_caron.sc.glif","\/caecilialtstd-light.ufo\/glyphs\/T_.glif":"\/caecilialtstd-light.ufo\/glyphs\/T_.glif","\/caecilialtstd-light.ufo\/glyphs\/T_.sc.glif":"\/caecilialtstd-light.ufo\/glyphs\/T_.sc.glif","\/caecilialtstd-light.ufo\/glyphs\/T_horn.glif":"\/caecilialtstd-light.ufo\/glyphs\/T_horn.glif","\/caecilialtstd-light.ufo\/glyphs\/T_horn.sc.glif":"\/caecilialtstd-light.ufo\/glyphs\/T_horn.sc.glif","\/caecilialtstd-light.ufo\/glyphs\/U_.glif":"\/caecilialtstd-light.ufo\/glyphs\/U_.glif","\/caecilialtstd-light.ufo\/glyphs\/U_.sc.glif":"\/caecilialtstd-light.ufo\/glyphs\/U_.sc.glif","\/caecilialtstd-light.ufo\/glyphs\/U_acute.glif":"\/caecilialtstd-light.ufo\/glyphs\/U_acute.glif","\/caecilialtstd-light.ufo\/glyphs\/U_acute.sc.glif":"\/caecilialtstd-light.ufo\/glyphs\/U_acute.sc.glif","\/caecilialtstd-light.ufo\/glyphs\/U_circumflex.glif":"\/caecilialtstd-light.ufo\/glyphs\/U_circumflex.glif","\/caecilialtstd-light.ufo\/glyphs\/U_circumflex.sc.glif":"\/caecilialtstd-light.ufo\/glyphs\/U_circumflex.sc.glif","\/caecilialtstd-light.ufo\/glyphs\/U_dieresis.glif":"\/caecilialtstd-light.ufo\/glyphs\/U_dieresis.glif","\/caecilialtstd-light.ufo\/glyphs\/U_dieresis.sc.glif":"\/caecilialtstd-light.ufo\/glyphs\/U_dieresis.sc.glif","\/caecilialtstd-light.ufo\/glyphs\/U_grave.glif":"\/caecilialtstd-light.ufo\/glyphs\/U_grave.glif","\/caecilialtstd-light.ufo\/glyphs\/U_grave.sc.glif":"\/caecilialtstd-light.ufo\/glyphs\/U_grave.sc.glif","\/caecilialtstd-light.ufo\/glyphs\/V_.glif":"\/caecilialtstd-light.ufo\/glyphs\/V_.glif","\/caecilialtstd-light.ufo\/glyphs\/V_.sc.glif":"\/caecilialtstd-light.ufo\/glyphs\/V_.sc.glif","\/caecilialtstd-light.ufo\/glyphs\/W_.glif":"\/caecilialtstd-light.ufo\/glyphs\/W_.glif","\/caecilialtstd-light.ufo\/glyphs\/W_.sc.glif":"\/caecilialtstd-light.ufo\/glyphs\/W_.sc.glif","\/caecilialtstd-light.ufo\/glyphs\/X_.glif":"\/caecilialtstd-light.ufo\/glyphs\/X_.glif","\/caecilialtstd-light.ufo\/glyphs\/X_.sc.glif":"\/caecilialtstd-light.ufo\/glyphs\/X_.sc.glif","\/caecilialtstd-light.ufo\/glyphs\/Y_.glif":"\/caecilialtstd-light.ufo\/glyphs\/Y_.glif","\/caecilialtstd-light.ufo\/glyphs\/Y_.sc.glif":"\/caecilialtstd-light.ufo\/glyphs\/Y_.sc.glif","\/caecilialtstd-light.ufo\/glyphs\/Y_acute.glif":"\/caecilialtstd-light.ufo\/glyphs\/Y_acute.glif","\/caecilialtstd-light.ufo\/glyphs\/Y_acute.sc.glif":"\/caecilialtstd-light.ufo\/glyphs\/Y_acute.sc.glif","\/caecilialtstd-light.ufo\/glyphs\/Y_dieresis.glif":"\/caecilialtstd-light.ufo\/glyphs\/Y_dieresis.glif","\/caecilialtstd-light.ufo\/glyphs\/Y_dieresis.sc.glif":"\/caecilialtstd-light.ufo\/glyphs\/Y_dieresis.sc.glif","\/caecilialtstd-light.ufo\/glyphs\/Z_.glif":"\/caecilialtstd-light.ufo\/glyphs\/Z_.glif","\/caecilialtstd-light.ufo\/glyphs\/Z_.sc.glif":"\/caecilialtstd-light.ufo\/glyphs\/Z_.sc.glif","\/caecilialtstd-light.ufo\/glyphs\/Z_caron.glif":"\/caecilialtstd-light.ufo\/glyphs\/Z_caron.glif","\/caecilialtstd-light.ufo\/glyphs\/Z_caron.sc.glif":"\/caecilialtstd-light.ufo\/glyphs\/Z_caron.sc.glif","\/caecilialtstd-light.ufo\/glyphs\/_notdef.glif":"\/caecilialtstd-light.ufo\/glyphs\/_notdef.glif","\/caecilialtstd-light.ufo\/glyphs\/a.glif":"\/caecilialtstd-light.ufo\/glyphs\/a.glif","\/caecilialtstd-light.ufo\/glyphs\/a.sc.glif":"\/caecilialtstd-light.ufo\/glyphs\/a.sc.glif","\/caecilialtstd-light.ufo\/glyphs\/a.superior.glif":"\/caecilialtstd-light.ufo\/glyphs\/a.superior.glif","\/caecilialtstd-light.ufo\/glyphs\/aacute.glif":"\/caecilialtstd-light.ufo\/glyphs\/aacute.glif","\/caecilialtstd-light.ufo\/glyphs\/aacute.sc.glif":"\/caecilialtstd-light.ufo\/glyphs\/aacute.sc.glif","\/caecilialtstd-light.ufo\/glyphs\/acircumflex.glif":"\/caecilialtstd-light.ufo\/glyphs\/acircumflex.glif","\/caecilialtstd-light.ufo\/glyphs\/acircumflex.sc.glif":"\/caecilialtstd-light.ufo\/glyphs\/acircumflex.sc.glif","\/caecilialtstd-light.ufo\/glyphs\/acute.glif":"\/caecilialtstd-light.ufo\/glyphs\/acute.glif","\/caecilialtstd-light.ufo\/glyphs\/acute.sc.glif":"\/caecilialtstd-light.ufo\/glyphs\/acute.sc.glif","\/caecilialtstd-light.ufo\/glyphs\/adieresis.glif":"\/caecilialtstd-light.ufo\/glyphs\/adieresis.glif","\/caecilialtstd-light.ufo\/glyphs\/adieresis.sc.glif":"\/caecilialtstd-light.ufo\/glyphs\/adieresis.sc.glif","\/caecilialtstd-light.ufo\/glyphs\/ae.glif":"\/caecilialtstd-light.ufo\/glyphs\/ae.glif","\/caecilialtstd-light.ufo\/glyphs\/ae.sc.glif":"\/caecilialtstd-light.ufo\/glyphs\/ae.sc.glif","\/caecilialtstd-light.ufo\/glyphs\/afii61289.glif":"\/caecilialtstd-light.ufo\/glyphs\/afii61289.glif","\/caecilialtstd-light.ufo\/glyphs\/agrave.glif":"\/caecilialtstd-light.ufo\/glyphs\/agrave.glif","\/caecilialtstd-light.ufo\/glyphs\/agrave.sc.glif":"\/caecilialtstd-light.ufo\/glyphs\/agrave.sc.glif","\/caecilialtstd-light.ufo\/glyphs\/ampersand.glif":"\/caecilialtstd-light.ufo\/glyphs\/ampersand.glif","\/caecilialtstd-light.ufo\/glyphs\/ampersand.sc.glif":"\/caecilialtstd-light.ufo\/glyphs\/ampersand.sc.glif","\/caecilialtstd-light.ufo\/glyphs\/approxequal.glif":"\/caecilialtstd-light.ufo\/glyphs\/approxequal.glif","\/caecilialtstd-light.ufo\/glyphs\/aring.glif":"\/caecilialtstd-light.ufo\/glyphs\/aring.glif","\/caecilialtstd-light.ufo\/glyphs\/aring.sc.glif":"\/caecilialtstd-light.ufo\/glyphs\/aring.sc.glif","\/caecilialtstd-light.ufo\/glyphs\/asciicircum.glif":"\/caecilialtstd-light.ufo\/glyphs\/asciicircum.glif","\/caecilialtstd-light.ufo\/glyphs\/asciitilde.glif":"\/caecilialtstd-light.ufo\/glyphs\/asciitilde.glif","\/caecilialtstd-light.ufo\/glyphs\/asterisk.glif":"\/caecilialtstd-light.ufo\/glyphs\/asterisk.glif","\/caecilialtstd-light.ufo\/glyphs\/at.glif":"\/caecilialtstd-light.ufo\/glyphs\/at.glif","\/caecilialtstd-light.ufo\/glyphs\/atilde.glif":"\/caecilialtstd-light.ufo\/glyphs\/atilde.glif","\/caecilialtstd-light.ufo\/glyphs\/atilde.sc.glif":"\/caecilialtstd-light.ufo\/glyphs\/atilde.sc.glif","\/caecilialtstd-light.ufo\/glyphs\/b.glif":"\/caecilialtstd-light.ufo\/glyphs\/b.glif","\/caecilialtstd-light.ufo\/glyphs\/b.sc.glif":"\/caecilialtstd-light.ufo\/glyphs\/b.sc.glif","\/caecilialtstd-light.ufo\/glyphs\/backslash.glif":"\/caecilialtstd-light.ufo\/glyphs\/backslash.glif","\/caecilialtstd-light.ufo\/glyphs\/bar.glif":"\/caecilialtstd-light.ufo\/glyphs\/bar.glif","\/caecilialtstd-light.ufo\/glyphs\/braceleft.glif":"\/caecilialtstd-light.ufo\/glyphs\/braceleft.glif","\/caecilialtstd-light.ufo\/glyphs\/braceright.glif":"\/caecilialtstd-light.ufo\/glyphs\/braceright.glif","\/caecilialtstd-light.ufo\/glyphs\/bracketleft.glif":"\/caecilialtstd-light.ufo\/glyphs\/bracketleft.glif","\/caecilialtstd-light.ufo\/glyphs\/bracketright.glif":"\/caecilialtstd-light.ufo\/glyphs\/bracketright.glif","\/caecilialtstd-light.ufo\/glyphs\/breve.glif":"\/caecilialtstd-light.ufo\/glyphs\/breve.glif","\/caecilialtstd-light.ufo\/glyphs\/breve.sc.glif":"\/caecilialtstd-light.ufo\/glyphs\/breve.sc.glif","\/caecilialtstd-light.ufo\/glyphs\/brokenbar.glif":"\/caecilialtstd-light.ufo\/glyphs\/brokenbar.glif","\/caecilialtstd-light.ufo\/glyphs\/bullet.glif":"\/caecilialtstd-light.ufo\/glyphs\/bullet.glif","\/caecilialtstd-light.ufo\/glyphs\/c.glif":"\/caecilialtstd-light.ufo\/glyphs\/c.glif","\/caecilialtstd-light.ufo\/glyphs\/c.sc.glif":"\/caecilialtstd-light.ufo\/glyphs\/c.sc.glif","\/caecilialtstd-light.ufo\/glyphs\/caron.glif":"\/caecilialtstd-light.ufo\/glyphs\/caron.glif","\/caecilialtstd-light.ufo\/glyphs\/caron.sc.glif":"\/caecilialtstd-light.ufo\/glyphs\/caron.sc.glif","\/caecilialtstd-light.ufo\/glyphs\/ccedilla.glif":"\/caecilialtstd-light.ufo\/glyphs\/ccedilla.glif","\/caecilialtstd-light.ufo\/glyphs\/ccedilla.sc.glif":"\/caecilialtstd-light.ufo\/glyphs\/ccedilla.sc.glif","\/caecilialtstd-light.ufo\/glyphs\/cedilla.glif":"\/caecilialtstd-light.ufo\/glyphs\/cedilla.glif","\/caecilialtstd-light.ufo\/glyphs\/cedilla.sc.glif":"\/caecilialtstd-light.ufo\/glyphs\/cedilla.sc.glif","\/caecilialtstd-light.ufo\/glyphs\/cent.glif":"\/caecilialtstd-light.ufo\/glyphs\/cent.glif","\/caecilialtstd-light.ufo\/glyphs\/cent.taboldstyle.glif":"\/caecilialtstd-light.ufo\/glyphs\/cent.taboldstyle.glif","\/caecilialtstd-light.ufo\/glyphs\/circumflex.glif":"\/caecilialtstd-light.ufo\/glyphs\/circumflex.glif","\/caecilialtstd-light.ufo\/glyphs\/circumflex.sc.glif":"\/caecilialtstd-light.ufo\/glyphs\/circumflex.sc.glif","\/caecilialtstd-light.ufo\/glyphs\/colon.glif":"\/caecilialtstd-light.ufo\/glyphs\/colon.glif","\/caecilialtstd-light.ufo\/glyphs\/comma.glif":"\/caecilialtstd-light.ufo\/glyphs\/comma.glif","\/caecilialtstd-light.ufo\/glyphs\/contents.plist":"\/caecilialtstd-light.ufo\/glyphs\/contents.plist","\/caecilialtstd-light.ufo\/glyphs\/copyright.glif":"\/caecilialtstd-light.ufo\/glyphs\/copyright.glif","\/caecilialtstd-light.ufo\/glyphs\/currency.glif":"\/caecilialtstd-light.ufo\/glyphs\/currency.glif","\/caecilialtstd-light.ufo\/glyphs\/d.glif":"\/caecilialtstd-light.ufo\/glyphs\/d.glif","\/caecilialtstd-light.ufo\/glyphs\/d.sc.glif":"\/caecilialtstd-light.ufo\/glyphs\/d.sc.glif","\/caecilialtstd-light.ufo\/glyphs\/dagger.glif":"\/caecilialtstd-light.ufo\/glyphs\/dagger.glif","\/caecilialtstd-light.ufo\/glyphs\/daggerdbl.glif":"\/caecilialtstd-light.ufo\/glyphs\/daggerdbl.glif","\/caecilialtstd-light.ufo\/glyphs\/degree.glif":"\/caecilialtstd-light.ufo\/glyphs\/degree.glif","\/caecilialtstd-light.ufo\/glyphs\/dieresis.glif":"\/caecilialtstd-light.ufo\/glyphs\/dieresis.glif","\/caecilialtstd-light.ufo\/glyphs\/dieresis.sc.glif":"\/caecilialtstd-light.ufo\/glyphs\/dieresis.sc.glif","\/caecilialtstd-light.ufo\/glyphs\/divide.glif":"\/caecilialtstd-light.ufo\/glyphs\/divide.glif","\/caecilialtstd-light.ufo\/glyphs\/dollar.glif":"\/caecilialtstd-light.ufo\/glyphs\/dollar.glif","\/caecilialtstd-light.ufo\/glyphs\/dollar.taboldstyle.glif":"\/caecilialtstd-light.ufo\/glyphs\/dollar.taboldstyle.glif","\/caecilialtstd-light.ufo\/glyphs\/dotaccent.glif":"\/caecilialtstd-light.ufo\/glyphs\/dotaccent.glif","\/caecilialtstd-light.ufo\/glyphs\/dotaccent.sc.glif":"\/caecilialtstd-light.ufo\/glyphs\/dotaccent.sc.glif","\/caecilialtstd-light.ufo\/glyphs\/dotlessi.glif":"\/caecilialtstd-light.ufo\/glyphs\/dotlessi.glif","\/caecilialtstd-light.ufo\/glyphs\/dotlessi.sc.glif":"\/caecilialtstd-light.ufo\/glyphs\/dotlessi.sc.glif","\/caecilialtstd-light.ufo\/glyphs\/e.glif":"\/caecilialtstd-light.ufo\/glyphs\/e.glif","\/caecilialtstd-light.ufo\/glyphs\/e.sc.glif":"\/caecilialtstd-light.ufo\/glyphs\/e.sc.glif","\/caecilialtstd-light.ufo\/glyphs\/eacute.glif":"\/caecilialtstd-light.ufo\/glyphs\/eacute.glif","\/caecilialtstd-light.ufo\/glyphs\/eacute.sc.glif":"\/caecilialtstd-light.ufo\/glyphs\/eacute.sc.glif","\/caecilialtstd-light.ufo\/glyphs\/ecircumflex.glif":"\/caecilialtstd-light.ufo\/glyphs\/ecircumflex.glif","\/caecilialtstd-light.ufo\/glyphs\/ecircumflex.sc.glif":"\/caecilialtstd-light.ufo\/glyphs\/ecircumflex.sc.glif","\/caecilialtstd-light.ufo\/glyphs\/edieresis.glif":"\/caecilialtstd-light.ufo\/glyphs\/edieresis.glif","\/caecilialtstd-light.ufo\/glyphs\/edieresis.sc.glif":"\/caecilialtstd-light.ufo\/glyphs\/edieresis.sc.glif","\/caecilialtstd-light.ufo\/glyphs\/egrave.glif":"\/caecilialtstd-light.ufo\/glyphs\/egrave.glif","\/caecilialtstd-light.ufo\/glyphs\/egrave.sc.glif":"\/caecilialtstd-light.ufo\/glyphs\/egrave.sc.glif","\/caecilialtstd-light.ufo\/glyphs\/eight.glif":"\/caecilialtstd-light.ufo\/glyphs\/eight.glif","\/caecilialtstd-light.ufo\/glyphs\/eight.taboldstyle.glif":"\/caecilialtstd-light.ufo\/glyphs\/eight.taboldstyle.glif","\/caecilialtstd-light.ufo\/glyphs\/ellipsis.glif":"\/caecilialtstd-light.ufo\/glyphs\/ellipsis.glif","\/caecilialtstd-light.ufo\/glyphs\/emdash.glif":"\/caecilialtstd-light.ufo\/glyphs\/emdash.glif","\/caecilialtstd-light.ufo\/glyphs\/endash.glif":"\/caecilialtstd-light.ufo\/glyphs\/endash.glif","\/caecilialtstd-light.ufo\/glyphs\/equal.glif":"\/caecilialtstd-light.ufo\/glyphs\/equal.glif","\/caecilialtstd-light.ufo\/glyphs\/estimated.glif":"\/caecilialtstd-light.ufo\/glyphs\/estimated.glif","\/caecilialtstd-light.ufo\/glyphs\/eth.glif":"\/caecilialtstd-light.ufo\/glyphs\/eth.glif","\/caecilialtstd-light.ufo\/glyphs\/eth.sc.glif":"\/caecilialtstd-light.ufo\/glyphs\/eth.sc.glif","\/caecilialtstd-light.ufo\/glyphs\/exclam.glif":"\/caecilialtstd-light.ufo\/glyphs\/exclam.glif","\/caecilialtstd-light.ufo\/glyphs\/exclam.sc.glif":"\/caecilialtstd-light.ufo\/glyphs\/exclam.sc.glif","\/caecilialtstd-light.ufo\/glyphs\/exclamdown.glif":"\/caecilialtstd-light.ufo\/glyphs\/exclamdown.glif","\/caecilialtstd-light.ufo\/glyphs\/exclamdown.sc.glif":"\/caecilialtstd-light.ufo\/glyphs\/exclamdown.sc.glif","\/caecilialtstd-light.ufo\/glyphs\/f.glif":"\/caecilialtstd-light.ufo\/glyphs\/f.glif","\/caecilialtstd-light.ufo\/glyphs\/f.sc.glif":"\/caecilialtstd-light.ufo\/glyphs\/f.sc.glif","\/caecilialtstd-light.ufo\/glyphs\/f_i.glif":"\/caecilialtstd-light.ufo\/glyphs\/f_i.glif","\/caecilialtstd-light.ufo\/glyphs\/f_l.glif":"\/caecilialtstd-light.ufo\/glyphs\/f_l.glif","\/caecilialtstd-light.ufo\/glyphs\/fi.glif":"\/caecilialtstd-light.ufo\/glyphs\/fi.glif","\/caecilialtstd-light.ufo\/glyphs\/fi.sc.glif":"\/caecilialtstd-light.ufo\/glyphs\/fi.sc.glif","\/caecilialtstd-light.ufo\/glyphs\/five.glif":"\/caecilialtstd-light.ufo\/glyphs\/five.glif","\/caecilialtstd-light.ufo\/glyphs\/five.taboldstyle.glif":"\/caecilialtstd-light.ufo\/glyphs\/five.taboldstyle.glif","\/caecilialtstd-light.ufo\/glyphs\/fl.glif":"\/caecilialtstd-light.ufo\/glyphs\/fl.glif","\/caecilialtstd-light.ufo\/glyphs\/fl.sc.glif":"\/caecilialtstd-light.ufo\/glyphs\/fl.sc.glif","\/caecilialtstd-light.ufo\/glyphs\/florin.glif":"\/caecilialtstd-light.ufo\/glyphs\/florin.glif","\/caecilialtstd-light.ufo\/glyphs\/four.glif":"\/caecilialtstd-light.ufo\/glyphs\/four.glif","\/caecilialtstd-light.ufo\/glyphs\/four.taboldstyle.glif":"\/caecilialtstd-light.ufo\/glyphs\/four.taboldstyle.glif","\/caecilialtstd-light.ufo\/glyphs\/fraction.glif":"\/caecilialtstd-light.ufo\/glyphs\/fraction.glif","\/caecilialtstd-light.ufo\/glyphs\/g.glif":"\/caecilialtstd-light.ufo\/glyphs\/g.glif","\/caecilialtstd-light.ufo\/glyphs\/g.sc.glif":"\/caecilialtstd-light.ufo\/glyphs\/g.sc.glif","\/caecilialtstd-light.ufo\/glyphs\/germandbls.glif":"\/caecilialtstd-light.ufo\/glyphs\/germandbls.glif","\/caecilialtstd-light.ufo\/glyphs\/germandbls.sc.glif":"\/caecilialtstd-light.ufo\/glyphs\/germandbls.sc.glif","\/caecilialtstd-light.ufo\/glyphs\/grave.glif":"\/caecilialtstd-light.ufo\/glyphs\/grave.glif","\/caecilialtstd-light.ufo\/glyphs\/grave.sc.glif":"\/caecilialtstd-light.ufo\/glyphs\/grave.sc.glif","\/caecilialtstd-light.ufo\/glyphs\/greater.glif":"\/caecilialtstd-light.ufo\/glyphs\/greater.glif","\/caecilialtstd-light.ufo\/glyphs\/greaterequal.glif":"\/caecilialtstd-light.ufo\/glyphs\/greaterequal.glif","\/caecilialtstd-light.ufo\/glyphs\/guillemotleft.glif":"\/caecilialtstd-light.ufo\/glyphs\/guillemotleft.glif","\/caecilialtstd-light.ufo\/glyphs\/guillemotright.glif":"\/caecilialtstd-light.ufo\/glyphs\/guillemotright.glif","\/caecilialtstd-light.ufo\/glyphs\/guilsinglleft.glif":"\/caecilialtstd-light.ufo\/glyphs\/guilsinglleft.glif","\/caecilialtstd-light.ufo\/glyphs\/guilsinglright.glif":"\/caecilialtstd-light.ufo\/glyphs\/guilsinglright.glif","\/caecilialtstd-light.ufo\/glyphs\/h.glif":"\/caecilialtstd-light.ufo\/glyphs\/h.glif","\/caecilialtstd-light.ufo\/glyphs\/h.sc.glif":"\/caecilialtstd-light.ufo\/glyphs\/h.sc.glif","\/caecilialtstd-light.ufo\/glyphs\/hungarumlaut.glif":"\/caecilialtstd-light.ufo\/glyphs\/hungarumlaut.glif","\/caecilialtstd-light.ufo\/glyphs\/hungarumlaut.sc.glif":"\/caecilialtstd-light.ufo\/glyphs\/hungarumlaut.sc.glif","\/caecilialtstd-light.ufo\/glyphs\/hyphen.glif":"\/caecilialtstd-light.ufo\/glyphs\/hyphen.glif","\/caecilialtstd-light.ufo\/glyphs\/i.glif":"\/caecilialtstd-light.ufo\/glyphs\/i.glif","\/caecilialtstd-light.ufo\/glyphs\/i.sc.glif":"\/caecilialtstd-light.ufo\/glyphs\/i.sc.glif","\/caecilialtstd-light.ufo\/glyphs\/iacute.glif":"\/caecilialtstd-light.ufo\/glyphs\/iacute.glif","\/caecilialtstd-light.ufo\/glyphs\/iacute.sc.glif":"\/caecilialtstd-light.ufo\/glyphs\/iacute.sc.glif","\/caecilialtstd-light.ufo\/glyphs\/icircumflex.glif":"\/caecilialtstd-light.ufo\/glyphs\/icircumflex.glif","\/caecilialtstd-light.ufo\/glyphs\/icircumflex.sc.glif":"\/caecilialtstd-light.ufo\/glyphs\/icircumflex.sc.glif","\/caecilialtstd-light.ufo\/glyphs\/idieresis.glif":"\/caecilialtstd-light.ufo\/glyphs\/idieresis.glif","\/caecilialtstd-light.ufo\/glyphs\/idieresis.sc.glif":"\/caecilialtstd-light.ufo\/glyphs\/idieresis.sc.glif","\/caecilialtstd-light.ufo\/glyphs\/igrave.glif":"\/caecilialtstd-light.ufo\/glyphs\/igrave.glif","\/caecilialtstd-light.ufo\/glyphs\/igrave.sc.glif":"\/caecilialtstd-light.ufo\/glyphs\/igrave.sc.glif","\/caecilialtstd-light.ufo\/glyphs\/infinity.glif":"\/caecilialtstd-light.ufo\/glyphs\/infinity.glif","\/caecilialtstd-light.ufo\/glyphs\/integral.glif":"\/caecilialtstd-light.ufo\/glyphs\/integral.glif","\/caecilialtstd-light.ufo\/glyphs\/j.glif":"\/caecilialtstd-light.ufo\/glyphs\/j.glif","\/caecilialtstd-light.ufo\/glyphs\/j.sc.glif":"\/caecilialtstd-light.ufo\/glyphs\/j.sc.glif","\/caecilialtstd-light.ufo\/glyphs\/k.glif":"\/caecilialtstd-light.ufo\/glyphs\/k.glif","\/caecilialtstd-light.ufo\/glyphs\/k.sc.glif":"\/caecilialtstd-light.ufo\/glyphs\/k.sc.glif","\/caecilialtstd-light.ufo\/glyphs\/l.glif":"\/caecilialtstd-light.ufo\/glyphs\/l.glif","\/caecilialtstd-light.ufo\/glyphs\/l.sc.glif":"\/caecilialtstd-light.ufo\/glyphs\/l.sc.glif","\/caecilialtstd-light.ufo\/glyphs\/less.glif":"\/caecilialtstd-light.ufo\/glyphs\/less.glif","\/caecilialtstd-light.ufo\/glyphs\/lessequal.glif":"\/caecilialtstd-light.ufo\/glyphs\/lessequal.glif","\/caecilialtstd-light.ufo\/glyphs\/logicalnot.glif":"\/caecilialtstd-light.ufo\/glyphs\/logicalnot.glif","\/caecilialtstd-light.ufo\/glyphs\/lozenge.glif":"\/caecilialtstd-light.ufo\/glyphs\/lozenge.glif","\/caecilialtstd-light.ufo\/glyphs\/lslash.glif":"\/caecilialtstd-light.ufo\/glyphs\/lslash.glif","\/caecilialtstd-light.ufo\/glyphs\/lslash.sc.glif":"\/caecilialtstd-light.ufo\/glyphs\/lslash.sc.glif","\/caecilialtstd-light.ufo\/glyphs\/m.glif":"\/caecilialtstd-light.ufo\/glyphs\/m.glif","\/caecilialtstd-light.ufo\/glyphs\/m.sc.glif":"\/caecilialtstd-light.ufo\/glyphs\/m.sc.glif","\/caecilialtstd-light.ufo\/glyphs\/macron.glif":"\/caecilialtstd-light.ufo\/glyphs\/macron.glif","\/caecilialtstd-light.ufo\/glyphs\/macron.sc.glif":"\/caecilialtstd-light.ufo\/glyphs\/macron.sc.glif","\/caecilialtstd-light.ufo\/glyphs\/minus.glif":"\/caecilialtstd-light.ufo\/glyphs\/minus.glif","\/caecilialtstd-light.ufo\/glyphs\/mu.glif":"\/caecilialtstd-light.ufo\/glyphs\/mu.glif","\/caecilialtstd-light.ufo\/glyphs\/multiply.glif":"\/caecilialtstd-light.ufo\/glyphs\/multiply.glif","\/caecilialtstd-light.ufo\/glyphs\/n.glif":"\/caecilialtstd-light.ufo\/glyphs\/n.glif","\/caecilialtstd-light.ufo\/glyphs\/n.sc.glif":"\/caecilialtstd-light.ufo\/glyphs\/n.sc.glif","\/caecilialtstd-light.ufo\/glyphs\/nine.glif":"\/caecilialtstd-light.ufo\/glyphs\/nine.glif","\/caecilialtstd-light.ufo\/glyphs\/nine.taboldstyle.glif":"\/caecilialtstd-light.ufo\/glyphs\/nine.taboldstyle.glif","\/caecilialtstd-light.ufo\/glyphs\/notequal.glif":"\/caecilialtstd-light.ufo\/glyphs\/notequal.glif","\/caecilialtstd-light.ufo\/glyphs\/ntilde.glif":"\/caecilialtstd-light.ufo\/glyphs\/ntilde.glif","\/caecilialtstd-light.ufo\/glyphs\/ntilde.sc.glif":"\/caecilialtstd-light.ufo\/glyphs\/ntilde.sc.glif","\/caecilialtstd-light.ufo\/glyphs\/numbersign.glif":"\/caecilialtstd-light.ufo\/glyphs\/numbersign.glif","\/caecilialtstd-light.ufo\/glyphs\/o.glif":"\/caecilialtstd-light.ufo\/glyphs\/o.glif","\/caecilialtstd-light.ufo\/glyphs\/o.sc.glif":"\/caecilialtstd-light.ufo\/glyphs\/o.sc.glif","\/caecilialtstd-light.ufo\/glyphs\/o.superior.glif":"\/caecilialtstd-light.ufo\/glyphs\/o.superior.glif","\/caecilialtstd-light.ufo\/glyphs\/oacute.glif":"\/caecilialtstd-light.ufo\/glyphs\/oacute.glif","\/caecilialtstd-light.ufo\/glyphs\/oacute.sc.glif":"\/caecilialtstd-light.ufo\/glyphs\/oacute.sc.glif","\/caecilialtstd-light.ufo\/glyphs\/ocircumflex.glif":"\/caecilialtstd-light.ufo\/glyphs\/ocircumflex.glif","\/caecilialtstd-light.ufo\/glyphs\/ocircumflex.sc.glif":"\/caecilialtstd-light.ufo\/glyphs\/ocircumflex.sc.glif","\/caecilialtstd-light.ufo\/glyphs\/odieresis.glif":"\/caecilialtstd-light.ufo\/glyphs\/odieresis.glif","\/caecilialtstd-light.ufo\/glyphs\/odieresis.sc.glif":"\/caecilialtstd-light.ufo\/glyphs\/odieresis.sc.glif","\/caecilialtstd-light.ufo\/glyphs\/oe.glif":"\/caecilialtstd-light.ufo\/glyphs\/oe.glif","\/caecilialtstd-light.ufo\/glyphs\/oe.sc.glif":"\/caecilialtstd-light.ufo\/glyphs\/oe.sc.glif","\/caecilialtstd-light.ufo\/glyphs\/ogonek.glif":"\/caecilialtstd-light.ufo\/glyphs\/ogonek.glif","\/caecilialtstd-light.ufo\/glyphs\/ogonek.sc.glif":"\/caecilialtstd-light.ufo\/glyphs\/ogonek.sc.glif","\/caecilialtstd-light.ufo\/glyphs\/ograve.glif":"\/caecilialtstd-light.ufo\/glyphs\/ograve.glif","\/caecilialtstd-light.ufo\/glyphs\/ograve.sc.glif":"\/caecilialtstd-light.ufo\/glyphs\/ograve.sc.glif","\/caecilialtstd-light.ufo\/glyphs\/one.glif":"\/caecilialtstd-light.ufo\/glyphs\/one.glif","\/caecilialtstd-light.ufo\/glyphs\/one.superior.glif":"\/caecilialtstd-light.ufo\/glyphs\/one.superior.glif","\/caecilialtstd-light.ufo\/glyphs\/one.taboldstyle.glif":"\/caecilialtstd-light.ufo\/glyphs\/one.taboldstyle.glif","\/caecilialtstd-light.ufo\/glyphs\/onehalf.glif":"\/caecilialtstd-light.ufo\/glyphs\/onehalf.glif","\/caecilialtstd-light.ufo\/glyphs\/onequarter.glif":"\/caecilialtstd-light.ufo\/glyphs\/onequarter.glif","\/caecilialtstd-light.ufo\/glyphs\/onesuperior.glif":"\/caecilialtstd-light.ufo\/glyphs\/onesuperior.glif","\/caecilialtstd-light.ufo\/glyphs\/ordfeminine.glif":"\/caecilialtstd-light.ufo\/glyphs\/ordfeminine.glif","\/caecilialtstd-light.ufo\/glyphs\/ordmasculine.glif":"\/caecilialtstd-light.ufo\/glyphs\/ordmasculine.glif","\/caecilialtstd-light.ufo\/glyphs\/oslash.glif":"\/caecilialtstd-light.ufo\/glyphs\/oslash.glif","\/caecilialtstd-light.ufo\/glyphs\/oslash.sc.glif":"\/caecilialtstd-light.ufo\/glyphs\/oslash.sc.glif","\/caecilialtstd-light.ufo\/glyphs\/otilde.glif":"\/caecilialtstd-light.ufo\/glyphs\/otilde.glif","\/caecilialtstd-light.ufo\/glyphs\/otilde.sc.glif":"\/caecilialtstd-light.ufo\/glyphs\/otilde.sc.glif","\/caecilialtstd-light.ufo\/glyphs\/p.glif":"\/caecilialtstd-light.ufo\/glyphs\/p.glif","\/caecilialtstd-light.ufo\/glyphs\/p.sc.glif":"\/caecilialtstd-light.ufo\/glyphs\/p.sc.glif","\/caecilialtstd-light.ufo\/glyphs\/paragraph.glif":"\/caecilialtstd-light.ufo\/glyphs\/paragraph.glif","\/caecilialtstd-light.ufo\/glyphs\/parenleft.glif":"\/caecilialtstd-light.ufo\/glyphs\/parenleft.glif","\/caecilialtstd-light.ufo\/glyphs\/parenright.glif":"\/caecilialtstd-light.ufo\/glyphs\/parenright.glif","\/caecilialtstd-light.ufo\/glyphs\/partialdiff.glif":"\/caecilialtstd-light.ufo\/glyphs\/partialdiff.glif","\/caecilialtstd-light.ufo\/glyphs\/percent.glif":"\/caecilialtstd-light.ufo\/glyphs\/percent.glif","\/caecilialtstd-light.ufo\/glyphs\/period.glif":"\/caecilialtstd-light.ufo\/glyphs\/period.glif","\/caecilialtstd-light.ufo\/glyphs\/periodcentered.glif":"\/caecilialtstd-light.ufo\/glyphs\/periodcentered.glif","\/caecilialtstd-light.ufo\/glyphs\/perthousand.glif":"\/caecilialtstd-light.ufo\/glyphs\/perthousand.glif","\/caecilialtstd-light.ufo\/glyphs\/pi.glif":"\/caecilialtstd-light.ufo\/glyphs\/pi.glif","\/caecilialtstd-light.ufo\/glyphs\/plus.glif":"\/caecilialtstd-light.ufo\/glyphs\/plus.glif","\/caecilialtstd-light.ufo\/glyphs\/plusminus.glif":"\/caecilialtstd-light.ufo\/glyphs\/plusminus.glif","\/caecilialtstd-light.ufo\/glyphs\/product.glif":"\/caecilialtstd-light.ufo\/glyphs\/product.glif","\/caecilialtstd-light.ufo\/glyphs\/q.glif":"\/caecilialtstd-light.ufo\/glyphs\/q.glif","\/caecilialtstd-light.ufo\/glyphs\/q.sc.glif":"\/caecilialtstd-light.ufo\/glyphs\/q.sc.glif","\/caecilialtstd-light.ufo\/glyphs\/question.glif":"\/caecilialtstd-light.ufo\/glyphs\/question.glif","\/caecilialtstd-light.ufo\/glyphs\/question.sc.glif":"\/caecilialtstd-light.ufo\/glyphs\/question.sc.glif","\/caecilialtstd-light.ufo\/glyphs\/questiondown.glif":"\/caecilialtstd-light.ufo\/glyphs\/questiondown.glif","\/caecilialtstd-light.ufo\/glyphs\/questiondown.sc.glif":"\/caecilialtstd-light.ufo\/glyphs\/questiondown.sc.glif","\/caecilialtstd-light.ufo\/glyphs\/quotedbl.glif":"\/caecilialtstd-light.ufo\/glyphs\/quotedbl.glif","\/caecilialtstd-light.ufo\/glyphs\/quotedblbase.glif":"\/caecilialtstd-light.ufo\/glyphs\/quotedblbase.glif","\/caecilialtstd-light.ufo\/glyphs\/quotedblleft.glif":"\/caecilialtstd-light.ufo\/glyphs\/quotedblleft.glif","\/caecilialtstd-light.ufo\/glyphs\/quotedblright.glif":"\/caecilialtstd-light.ufo\/glyphs\/quotedblright.glif","\/caecilialtstd-light.ufo\/glyphs\/quoteleft.glif":"\/caecilialtstd-light.ufo\/glyphs\/quoteleft.glif","\/caecilialtstd-light.ufo\/glyphs\/quoteright.glif":"\/caecilialtstd-light.ufo\/glyphs\/quoteright.glif","\/caecilialtstd-light.ufo\/glyphs\/quotesinglbase.glif":"\/caecilialtstd-light.ufo\/glyphs\/quotesinglbase.glif","\/caecilialtstd-light.ufo\/glyphs\/quotesingle.glif":"\/caecilialtstd-light.ufo\/glyphs\/quotesingle.glif","\/caecilialtstd-light.ufo\/glyphs\/r.glif":"\/caecilialtstd-light.ufo\/glyphs\/r.glif","\/caecilialtstd-light.ufo\/glyphs\/r.sc.glif":"\/caecilialtstd-light.ufo\/glyphs\/r.sc.glif","\/caecilialtstd-light.ufo\/glyphs\/radical.glif":"\/caecilialtstd-light.ufo\/glyphs\/radical.glif","\/caecilialtstd-light.ufo\/glyphs\/registered.glif":"\/caecilialtstd-light.ufo\/glyphs\/registered.glif","\/caecilialtstd-light.ufo\/glyphs\/ring.glif":"\/caecilialtstd-light.ufo\/glyphs\/ring.glif","\/caecilialtstd-light.ufo\/glyphs\/ring.sc.glif":"\/caecilialtstd-light.ufo\/glyphs\/ring.sc.glif","\/caecilialtstd-light.ufo\/glyphs\/s.glif":"\/caecilialtstd-light.ufo\/glyphs\/s.glif","\/caecilialtstd-light.ufo\/glyphs\/s.sc.glif":"\/caecilialtstd-light.ufo\/glyphs\/s.sc.glif","\/caecilialtstd-light.ufo\/glyphs\/scaron.glif":"\/caecilialtstd-light.ufo\/glyphs\/scaron.glif","\/caecilialtstd-light.ufo\/glyphs\/scaron.sc.glif":"\/caecilialtstd-light.ufo\/glyphs\/scaron.sc.glif","\/caecilialtstd-light.ufo\/glyphs\/section.glif":"\/caecilialtstd-light.ufo\/glyphs\/section.glif","\/caecilialtstd-light.ufo\/glyphs\/semicolon.glif":"\/caecilialtstd-light.ufo\/glyphs\/semicolon.glif","\/caecilialtstd-light.ufo\/glyphs\/seven.glif":"\/caecilialtstd-light.ufo\/glyphs\/seven.glif","\/caecilialtstd-light.ufo\/glyphs\/seven.taboldstyle.glif":"\/caecilialtstd-light.ufo\/glyphs\/seven.taboldstyle.glif","\/caecilialtstd-light.ufo\/glyphs\/six.glif":"\/caecilialtstd-light.ufo\/glyphs\/six.glif","\/caecilialtstd-light.ufo\/glyphs\/six.taboldstyle.glif":"\/caecilialtstd-light.ufo\/glyphs\/six.taboldstyle.glif","\/caecilialtstd-light.ufo\/glyphs\/slash.glif":"\/caecilialtstd-light.ufo\/glyphs\/slash.glif","\/caecilialtstd-light.ufo\/glyphs\/space.glif":"\/caecilialtstd-light.ufo\/glyphs\/space.glif","\/caecilialtstd-light.ufo\/glyphs\/sterling.glif":"\/caecilialtstd-light.ufo\/glyphs\/sterling.glif","\/caecilialtstd-light.ufo\/glyphs\/summation.glif":"\/caecilialtstd-light.ufo\/glyphs\/summation.glif","\/caecilialtstd-light.ufo\/glyphs\/t.glif":"\/caecilialtstd-light.ufo\/glyphs\/t.glif","\/caecilialtstd-light.ufo\/glyphs\/t.sc.glif":"\/caecilialtstd-light.ufo\/glyphs\/t.sc.glif","\/caecilialtstd-light.ufo\/glyphs\/thorn.glif":"\/caecilialtstd-light.ufo\/glyphs\/thorn.glif","\/caecilialtstd-light.ufo\/glyphs\/thorn.sc.glif":"\/caecilialtstd-light.ufo\/glyphs\/thorn.sc.glif","\/caecilialtstd-light.ufo\/glyphs\/three.glif":"\/caecilialtstd-light.ufo\/glyphs\/three.glif","\/caecilialtstd-light.ufo\/glyphs\/three.superior.glif":"\/caecilialtstd-light.ufo\/glyphs\/three.superior.glif","\/caecilialtstd-light.ufo\/glyphs\/three.taboldstyle.glif":"\/caecilialtstd-light.ufo\/glyphs\/three.taboldstyle.glif","\/caecilialtstd-light.ufo\/glyphs\/threequarters.glif":"\/caecilialtstd-light.ufo\/glyphs\/threequarters.glif","\/caecilialtstd-light.ufo\/glyphs\/threesuperior.glif":"\/caecilialtstd-light.ufo\/glyphs\/threesuperior.glif","\/caecilialtstd-light.ufo\/glyphs\/tilde.glif":"\/caecilialtstd-light.ufo\/glyphs\/tilde.glif","\/caecilialtstd-light.ufo\/glyphs\/tilde.sc.glif":"\/caecilialtstd-light.ufo\/glyphs\/tilde.sc.glif","\/caecilialtstd-light.ufo\/glyphs\/trademark.glif":"\/caecilialtstd-light.ufo\/glyphs\/trademark.glif","\/caecilialtstd-light.ufo\/glyphs\/two.glif":"\/caecilialtstd-light.ufo\/glyphs\/two.glif","\/caecilialtstd-light.ufo\/glyphs\/two.superior.glif":"\/caecilialtstd-light.ufo\/glyphs\/two.superior.glif","\/caecilialtstd-light.ufo\/glyphs\/two.taboldstyle.glif":"\/caecilialtstd-light.ufo\/glyphs\/two.taboldstyle.glif","\/caecilialtstd-light.ufo\/glyphs\/twosuperior.glif":"\/caecilialtstd-light.ufo\/glyphs\/twosuperior.glif","\/caecilialtstd-light.ufo\/glyphs\/u.glif":"\/caecilialtstd-light.ufo\/glyphs\/u.glif","\/caecilialtstd-light.ufo\/glyphs\/u.sc.glif":"\/caecilialtstd-light.ufo\/glyphs\/u.sc.glif","\/caecilialtstd-light.ufo\/glyphs\/uacute.glif":"\/caecilialtstd-light.ufo\/glyphs\/uacute.glif","\/caecilialtstd-light.ufo\/glyphs\/uacute.sc.glif":"\/caecilialtstd-light.ufo\/glyphs\/uacute.sc.glif","\/caecilialtstd-light.ufo\/glyphs\/ucircumflex.glif":"\/caecilialtstd-light.ufo\/glyphs\/ucircumflex.glif","\/caecilialtstd-light.ufo\/glyphs\/ucircumflex.sc.glif":"\/caecilialtstd-light.ufo\/glyphs\/ucircumflex.sc.glif","\/caecilialtstd-light.ufo\/glyphs\/udieresis.glif":"\/caecilialtstd-light.ufo\/glyphs\/udieresis.glif","\/caecilialtstd-light.ufo\/glyphs\/udieresis.sc.glif":"\/caecilialtstd-light.ufo\/glyphs\/udieresis.sc.glif","\/caecilialtstd-light.ufo\/glyphs\/ugrave.glif":"\/caecilialtstd-light.ufo\/glyphs\/ugrave.glif","\/caecilialtstd-light.ufo\/glyphs\/ugrave.sc.glif":"\/caecilialtstd-light.ufo\/glyphs\/ugrave.sc.glif","\/caecilialtstd-light.ufo\/glyphs\/underscore.glif":"\/caecilialtstd-light.ufo\/glyphs\/underscore.glif","\/caecilialtstd-light.ufo\/glyphs\/uni00A_0.glif":"\/caecilialtstd-light.ufo\/glyphs\/uni00A_0.glif","\/caecilialtstd-light.ufo\/glyphs\/uni00A_D_.glif":"\/caecilialtstd-light.ufo\/glyphs\/uni00A_D_.glif","\/caecilialtstd-light.ufo\/glyphs\/uni02C_9.glif":"\/caecilialtstd-light.ufo\/glyphs\/uni02C_9.glif","\/caecilialtstd-light.ufo\/glyphs\/uni03A_9.glif":"\/caecilialtstd-light.ufo\/glyphs\/uni03A_9.glif","\/caecilialtstd-light.ufo\/glyphs\/uni03B_C_.glif":"\/caecilialtstd-light.ufo\/glyphs\/uni03B_C_.glif","\/caecilialtstd-light.ufo\/glyphs\/uni2010.glif":"\/caecilialtstd-light.ufo\/glyphs\/uni2010.glif","\/caecilialtstd-light.ufo\/glyphs\/uni2215.glif":"\/caecilialtstd-light.ufo\/glyphs\/uni2215.glif","\/caecilialtstd-light.ufo\/glyphs\/uni2219.glif":"\/caecilialtstd-light.ufo\/glyphs\/uni2219.glif","\/caecilialtstd-light.ufo\/glyphs\/v.glif":"\/caecilialtstd-light.ufo\/glyphs\/v.glif","\/caecilialtstd-light.ufo\/glyphs\/v.sc.glif":"\/caecilialtstd-light.ufo\/glyphs\/v.sc.glif","\/caecilialtstd-light.ufo\/glyphs\/w.glif":"\/caecilialtstd-light.ufo\/glyphs\/w.glif","\/caecilialtstd-light.ufo\/glyphs\/w.sc.glif":"\/caecilialtstd-light.ufo\/glyphs\/w.sc.glif","\/caecilialtstd-light.ufo\/glyphs\/x.glif":"\/caecilialtstd-light.ufo\/glyphs\/x.glif","\/caecilialtstd-light.ufo\/glyphs\/x.sc.glif":"\/caecilialtstd-light.ufo\/glyphs\/x.sc.glif","\/caecilialtstd-light.ufo\/glyphs\/y.glif":"\/caecilialtstd-light.ufo\/glyphs\/y.glif","\/caecilialtstd-light.ufo\/glyphs\/y.sc.glif":"\/caecilialtstd-light.ufo\/glyphs\/y.sc.glif","\/caecilialtstd-light.ufo\/glyphs\/yacute.glif":"\/caecilialtstd-light.ufo\/glyphs\/yacute.glif","\/caecilialtstd-light.ufo\/glyphs\/yacute.sc.glif":"\/caecilialtstd-light.ufo\/glyphs\/yacute.sc.glif","\/caecilialtstd-light.ufo\/glyphs\/ydieresis.glif":"\/caecilialtstd-light.ufo\/glyphs\/ydieresis.glif","\/caecilialtstd-light.ufo\/glyphs\/ydieresis.sc.glif":"\/caecilialtstd-light.ufo\/glyphs\/ydieresis.sc.glif","\/caecilialtstd-light.ufo\/glyphs\/yen.glif":"\/caecilialtstd-light.ufo\/glyphs\/yen.glif","\/caecilialtstd-light.ufo\/glyphs\/z.glif":"\/caecilialtstd-light.ufo\/glyphs\/z.glif","\/caecilialtstd-light.ufo\/glyphs\/z.sc.glif":"\/caecilialtstd-light.ufo\/glyphs\/z.sc.glif","\/caecilialtstd-light.ufo\/glyphs\/zcaron.glif":"\/caecilialtstd-light.ufo\/glyphs\/zcaron.glif","\/caecilialtstd-light.ufo\/glyphs\/zcaron.sc.glif":"\/caecilialtstd-light.ufo\/glyphs\/zcaron.sc.glif","\/caecilialtstd-light.ufo\/glyphs\/zero.glif":"\/caecilialtstd-light.ufo\/glyphs\/zero.glif","\/caecilialtstd-light.ufo\/glyphs\/zero.taboldstyle.glif":"\/caecilialtstd-light.ufo\/glyphs\/zero.taboldstyle.glif"},"Font":{"uploaded":1471126859.7395,"licence":"gpl3","company":"Chronolabs Cooperative","title":"Caecilia LTStd Light","version":3.002,"date":"Fri Aug 12 07:03:22 2016","creator":"root","type":"1","matrix":"0.001 0 0 0.001 0 0","named":"CaeciliaLTStd-Light","painttype":"0","info":"11 dict dup","name":"Caecilia LT Std 45 Light","family":"Caecilia LT Std","weight":"Light","fstype":"4","italicangle":"0","underlineposition":"","underlinethickness":""},"Licences":{"":false},"Table":{"FFTM":{"entryLength":16,"tag":"FFTM","checksum":1944346052,"offset":47140,"length":28},"GDEF":{"entryLength":16,"tag":"GDEF","checksum":30408710,"offset":47108,"length":32},"OS\/2":{"entryLength":16,"tag":"OS\/2","checksum":1989490752,"offset":344,"length":86},"cmap":{"entryLength":16,"tag":"cmap","checksum":1280454523,"offset":2108,"length":962},"gasp":{"entryLength":16,"tag":"gasp","checksum":4294901763,"offset":47100,"length":8},"glyf":{"entryLength":16,"tag":"glyf","checksum":1756268293,"offset":3912,"length":37688},"head":{"entryLength":16,"tag":"head","checksum":177057253,"offset":220,"length":54},"hhea":{"entryLength":16,"tag":"hhea","checksum":128910469,"offset":276,"length":36},"hmtx":{"entryLength":16,"tag":"hmtx","checksum":2010530503,"offset":432,"length":1676},"loca":{"entryLength":16,"tag":"loca","checksum":2006162250,"offset":3072,"length":840},"maxp":{"entryLength":16,"tag":"maxp","checksum":32243803,"offset":312,"length":32},"name":{"entryLength":16,"tag":"name","checksum":1726679648,"offset":41600,"length":2994},"post":{"entryLength":16,"tag":"post","checksum":1343609803,"offset":44596,"length":2504}},"UnicodeCharMap":{"32":3,"33":4,"34":5,"35":6,"36":7,"37":8,"38":9,"39":10,"40":11,"41":12,"42":13,"43":14,"44":15,"45":16,"46":17,"47":18,"48":19,"49":20,"50":21,"51":22,"52":23,"53":24,"54":25,"55":26,"56":27,"57":28,"58":29,"59":30,"60":31,"61":32,"62":33,"63":34,"64":35,"65":36,"66":37,"67":38,"68":39,"69":40,"70":41,"71":42,"72":43,"73":44,"74":45,"75":46,"76":47,"77":48,"78":49,"79":50,"80":51,"81":52,"82":53,"83":54,"84":55,"85":56,"86":57,"87":58,"88":59,"89":60,"90":61,"91":62,"92":63,"93":64,"94":65,"95":66,"96":67,"97":68,"98":69,"99":70,"100":71,"101":72,"102":73,"103":74,"104":75,"105":76,"106":77,"107":78,"108":79,"109":80,"110":81,"111":82,"112":83,"113":84,"114":85,"115":86,"116":87,"117":88,"118":89,"119":90,"120":91,"121":92,"122":93,"123":94,"124":95,"125":96,"126":97,"160":98,"161":99,"162":100,"163":101,"164":102,"165":103,"166":104,"167":105,"168":106,"169":107,"170":108,"171":109,"172":110,"173":111,"174":112,"175":113,"176":114,"177":115,"178":116,"179":117,"180":118,"182":120,"183":121,"184":122,"185":123,"186":124,"187":125,"188":126,"189":127,"190":128,"191":129,"192":130,"193":131,"194":132,"195":133,"196":134,"197":135,"198":136,"199":137,"200":138,"201":139,"202":140,"203":141,"204":142,"205":143,"206":144,"207":145,"208":146,"209":147,"210":148,"211":149,"212":150,"213":151,"214":152,"215":153,"216":154,"217":155,"218":156,"219":157,"220":158,"221":159,"222":160,"223":161,"224":162,"225":163,"226":164,"227":165,"228":166,"229":167,"230":168,"231":169,"232":170,"233":171,"234":172,"235":173,"236":174,"237":175,"238":176,"239":177,"240":178,"241":179,"242":180,"243":181,"244":182,"245":183,"246":184,"247":185,"248":186,"249":187,"250":188,"251":189,"252":190,"253":191,"254":192,"255":193,"305":221,"321":219,"322":222,"338":220,"339":223,"352":226,"353":229,"376":227,"381":228,"382":230,"402":197,"710":210,"711":217,"713":334,"728":212,"729":213,"730":214,"731":216,"732":211,"733":215,"916":315,"937":412,"956":317,"960":318,"8208":416,"8211":201,"8212":218,"8216":195,"8217":194,"8218":205,"8220":198,"8221":207,"8222":206,"8224":202,"8225":203,"8226":204,"8230":208,"8240":209,"8249":199,"8250":200,"8260":196,"8364":319,"8467":320,"8482":224,"8494":321,"8706":322,"8719":323,"8721":324,"8722":225,"8725":350,"8729":325,"8730":326,"8734":327,"8747":328,"8776":329,"8800":330,"8804":331,"8805":332,"9674":333,"64257":414,"64258":415},"Reserves":{"fontname":"Caecilia LT Std 4 5 Light"},"Names":{"Caecilia LT Std 4 5 Light":{"name":"Caecilia LT Std 4 5 Light","longitude":"0.00000001","latitude":"0.00000001","country":"","region":"","city":""}},"Nodes":{"ca":{"type":"typal","node":"ca","usage":1,"weight":1},"ia":{"type":"typal","node":"ia","usage":1,"weight":1},"st":{"type":"typal","node":"st","usage":1,"weight":1},"td":{"type":"typal","node":"td","usage":1,"weight":1},"li":{"type":"typal","node":"li","usage":1,"weight":1},"ht":{"type":"typal","node":"ht","usage":1,"weight":1},"cae":{"type":"typal","node":"cae","usage":1,"weight":1},"lia":{"type":"typal","node":"lia","usage":1,"weight":1},"lig":{"type":"typal","node":"lig","usage":1,"weight":1},"ght":{"type":"typal","node":"ght","usage":1,"weight":1},"caec":{"type":"keys","node":"caec","usage":1,"weight":1},"ilia":{"type":"keys","node":"ilia","usage":1,"weight":1},"ligh":{"type":"keys","node":"ligh","usage":1,"weight":1},"ight":{"type":"keys","node":"ight","usage":1,"weight":1},"caeci":{"type":"keys","node":"caeci","usage":1,"weight":1},"cilia":{"type":"keys","node":"cilia","usage":1,"weight":1},"caecilia":{"type":"fixes","node":"caecilia","usage":1,"weight":1},"lt":{"type":"fixes","node":"lt","usage":1,"weight":1},"std":{"type":"fixes","node":"std","usage":1,"weight":1},"4":{"type":"fixes","node":4,"usage":1,"weight":1},"5":{"type":"fixes","node":5,"usage":1,"weight":1},"light":{"type":"fixes","node":"light","usage":1,"weight":1}},"Contributors":[],"FontIdentity":"labscoop:82a3b8d7023a8af2a23b114","Bytes":null,"Networking":[],"barcode":"yqkew9akya5kq","referee":"ask4gwm-2"}