{"CSS":{"ArgotDisplayCapsSSi":"ArgotDisplayCapsSSi.css"},"FontType":"TrueType","FontCopyright":"Copyright 1992 Southern Software, Inc. All Rights Reserved","FontName":"ArgotDisplayCapsSSi","FontSubfamily":"Regular","FontSubfamilyID":"Macromedia Fontographer 4.1 ArgotDisplayCapsSSi","FontFullName":"ArgotDisplayCapsSSi","FontVersion":"Macromedia Fontographer 4.1 7\/25\/95","FontWeight":null,"FontPostscriptName":"ArgotDisplayCapsSSi","Files":{"Ariston-ExtraBold-Italic.css":"Ariston-ExtraBold-Italic.css","d1a6309c5cad0f2e80d6303fdd5c555c.afm":"d1a6309c5cad0f2e80d6303fdd5c555c.afm","d1a6309c5cad0f2e80d6303fdd5c555c.bin":"d1a6309c5cad0f2e80d6303fdd5c555c.bin","d1a6309c5cad0f2e80d6303fdd5c555c.cef":"d1a6309c5cad0f2e80d6303fdd5c555c.cef","d1a6309c5cad0f2e80d6303fdd5c555c.cff":"d1a6309c5cad0f2e80d6303fdd5c555c.cff","d1a6309c5cad0f2e80d6303fdd5c555c.dfont":"d1a6309c5cad0f2e80d6303fdd5c555c.dfont","d1a6309c5cad0f2e80d6303fdd5c555c.eot":"d1a6309c5cad0f2e80d6303fdd5c555c.eot","d1a6309c5cad0f2e80d6303fdd5c555c.fon":"d1a6309c5cad0f2e80d6303fdd5c555c.fon","d1a6309c5cad0f2e80d6303fdd5c555c.gai":"d1a6309c5cad0f2e80d6303fdd5c555c.gai","d1a6309c5cad0f2e80d6303fdd5c555c.gsf":"d1a6309c5cad0f2e80d6303fdd5c555c.gsf","d1a6309c5cad0f2e80d6303fdd5c555c.hqx":"d1a6309c5cad0f2e80d6303fdd5c555c.hqx","d1a6309c5cad0f2e80d6303fdd5c555c.ik":"d1a6309c5cad0f2e80d6303fdd5c555c.ik","d1a6309c5cad0f2e80d6303fdd5c555c.mf":"d1a6309c5cad0f2e80d6303fdd5c555c.mf","d1a6309c5cad0f2e80d6303fdd5c555c.otf":"d1a6309c5cad0f2e80d6303fdd5c555c.otf","d1a6309c5cad0f2e80d6303fdd5c555c.pcf":"d1a6309c5cad0f2e80d6303fdd5c555c.pcf","d1a6309c5cad0f2e80d6303fdd5c555c.pf3":"d1a6309c5cad0f2e80d6303fdd5c555c.pf3","d1a6309c5cad0f2e80d6303fdd5c555c.pfa":"d1a6309c5cad0f2e80d6303fdd5c555c.pfa","d1a6309c5cad0f2e80d6303fdd5c555c.pfb":"d1a6309c5cad0f2e80d6303fdd5c555c.pfb","d1a6309c5cad0f2e80d6303fdd5c555c.pmf":"d1a6309c5cad0f2e80d6303fdd5c555c.pmf","d1a6309c5cad0f2e80d6303fdd5c555c.pt3":"d1a6309c5cad0f2e80d6303fdd5c555c.pt3","d1a6309c5cad0f2e80d6303fdd5c555c.sfd":"d1a6309c5cad0f2e80d6303fdd5c555c.sfd","d1a6309c5cad0f2e80d6303fdd5c555c.svg":"d1a6309c5cad0f2e80d6303fdd5c555c.svg","d1a6309c5cad0f2e80d6303fdd5c555c.t42":"d1a6309c5cad0f2e80d6303fdd5c555c.t42","d1a6309c5cad0f2e80d6303fdd5c555c.ttf":"d1a6309c5cad0f2e80d6303fdd5c555c.ttf","d1a6309c5cad0f2e80d6303fdd5c555c.woff":"d1a6309c5cad0f2e80d6303fdd5c555c.woff","font-resource.json":"font-resource.json","\/fonts\/Converting\/simon@staff.labs.coop\/d1a6309c5cad0f2e80d6303fdd5c555c":{"Ariston-ExtraBold-Italic.css":"Ariston-ExtraBold-Italic.css","d1a6309c5cad0f2e80d6303fdd5c555c.afm":"d1a6309c5cad0f2e80d6303fdd5c555c.afm","d1a6309c5cad0f2e80d6303fdd5c555c.bin":"d1a6309c5cad0f2e80d6303fdd5c555c.bin","d1a6309c5cad0f2e80d6303fdd5c555c.cef":"d1a6309c5cad0f2e80d6303fdd5c555c.cef","d1a6309c5cad0f2e80d6303fdd5c555c.cff":"d1a6309c5cad0f2e80d6303fdd5c555c.cff","d1a6309c5cad0f2e80d6303fdd5c555c.dfont":"d1a6309c5cad0f2e80d6303fdd5c555c.dfont","d1a6309c5cad0f2e80d6303fdd5c555c.eot":"d1a6309c5cad0f2e80d6303fdd5c555c.eot","d1a6309c5cad0f2e80d6303fdd5c555c.fon":"d1a6309c5cad0f2e80d6303fdd5c555c.fon","d1a6309c5cad0f2e80d6303fdd5c555c.gai":"d1a6309c5cad0f2e80d6303fdd5c555c.gai","d1a6309c5cad0f2e80d6303fdd5c555c.gsf":"d1a6309c5cad0f2e80d6303fdd5c555c.gsf","d1a6309c5cad0f2e80d6303fdd5c555c.hqx":"d1a6309c5cad0f2e80d6303fdd5c555c.hqx","d1a6309c5cad0f2e80d6303fdd5c555c.ik":"d1a6309c5cad0f2e80d6303fdd5c555c.ik","d1a6309c5cad0f2e80d6303fdd5c555c.mf":"d1a6309c5cad0f2e80d6303fdd5c555c.mf","d1a6309c5cad0f2e80d6303fdd5c555c.otf":"d1a6309c5cad0f2e80d6303fdd5c555c.otf","d1a6309c5cad0f2e80d6303fdd5c555c.pcf":"d1a6309c5cad0f2e80d6303fdd5c555c.pcf","d1a6309c5cad0f2e80d6303fdd5c555c.pf3":"d1a6309c5cad0f2e80d6303fdd5c555c.pf3","d1a6309c5cad0f2e80d6303fdd5c555c.pfa":"d1a6309c5cad0f2e80d6303fdd5c555c.pfa","d1a6309c5cad0f2e80d6303fdd5c555c.pfb":"d1a6309c5cad0f2e80d6303fdd5c555c.pfb","d1a6309c5cad0f2e80d6303fdd5c555c.pmf":"d1a6309c5cad0f2e80d6303fdd5c555c.pmf","d1a6309c5cad0f2e80d6303fdd5c555c.pt3":"d1a6309c5cad0f2e80d6303fdd5c555c.pt3","d1a6309c5cad0f2e80d6303fdd5c555c.sfd":"d1a6309c5cad0f2e80d6303fdd5c555c.sfd","d1a6309c5cad0f2e80d6303fdd5c555c.svg":"d1a6309c5cad0f2e80d6303fdd5c555c.svg","d1a6309c5cad0f2e80d6303fdd5c555c.t42":"d1a6309c5cad0f2e80d6303fdd5c555c.t42","d1a6309c5cad0f2e80d6303fdd5c555c.ttf":"d1a6309c5cad0f2e80d6303fdd5c555c.ttf","d1a6309c5cad0f2e80d6303fdd5c555c.woff":"d1a6309c5cad0f2e80d6303fdd5c555c.woff","font-resource.json":"font-resource.json"},"d1a6309c5cad0f2e80d6303fdd5c555c.ufo":{"feature.fea":"feature.fea","fontinfo.plist":"fontinfo.plist","groups.plist":"groups.plist","kerning.plist":"kerning.plist","metainfo.plist":"metainfo.plist"},"d1a6309c5cad0f2e80d6303fdd5c555c.ufo\/glyphs":{"A_.glif":"A_.glif","A_E_.glif":"A_E_.glif","A_acute.glif":"A_acute.glif","A_breve.glif":"A_breve.glif","A_circumflex.glif":"A_circumflex.glif","A_dieresis.glif":"A_dieresis.glif","A_grave.glif":"A_grave.glif","A_ogonek.glif":"A_ogonek.glif","A_ring.glif":"A_ring.glif","A_tilde.glif":"A_tilde.glif","B_.glif":"B_.glif","C_.glif":"C_.glif","C_acute.glif":"C_acute.glif","C_caron.glif":"C_caron.glif","C_cedilla.glif":"C_cedilla.glif","D_.glif":"D_.glif","D_caron.glif":"D_caron.glif","D_croat.glif":"D_croat.glif","E_.glif":"E_.glif","E_acute.glif":"E_acute.glif","E_caron.glif":"E_caron.glif","E_circumflex.glif":"E_circumflex.glif","E_dieresis.glif":"E_dieresis.glif","E_grave.glif":"E_grave.glif","E_ogonek.glif":"E_ogonek.glif","E_th.glif":"E_th.glif","F_.glif":"F_.glif","G_.glif":"G_.glif","G_amma.glif":"G_amma.glif","G_breve.glif":"G_breve.glif","H_.glif":"H_.glif","I_.glif":"I_.glif","I_acute.glif":"I_acute.glif","I_circumflex.glif":"I_circumflex.glif","I_dieresis.glif":"I_dieresis.glif","I_dotaccent.glif":"I_dotaccent.glif","I_grave.glif":"I_grave.glif","J_.glif":"J_.glif","K_.glif":"K_.glif","L_.glif":"L_.glif","L_acute.glif":"L_acute.glif","L_caron.glif":"L_caron.glif","L_dot.glif":"L_dot.glif","L_slash.glif":"L_slash.glif","M_.glif":"M_.glif","N_.glif":"N_.glif","N_acute.glif":"N_acute.glif","N_caron.glif":"N_caron.glif","N_tilde.glif":"N_tilde.glif","O_.glif":"O_.glif","O_E_.glif":"O_E_.glif","O_acute.glif":"O_acute.glif","O_circumflex.glif":"O_circumflex.glif","O_dieresis.glif":"O_dieresis.glif","O_grave.glif":"O_grave.glif","O_hungarumlaut.glif":"O_hungarumlaut.glif","O_slash.glif":"O_slash.glif","O_tilde.glif":"O_tilde.glif","P_.glif":"P_.glif","P_hi.glif":"P_hi.glif","Q_.glif":"Q_.glif","R_.glif":"R_.glif","R_acute.glif":"R_acute.glif","R_caron.glif":"R_caron.glif","S_.glif":"S_.glif","S_F_010000.glif":"S_F_010000.glif","S_F_020000.glif":"S_F_020000.glif","S_F_030000.glif":"S_F_030000.glif","S_F_040000.glif":"S_F_040000.glif","S_F_050000.glif":"S_F_050000.glif","S_F_060000.glif":"S_F_060000.glif","S_F_070000.glif":"S_F_070000.glif","S_F_080000.glif":"S_F_080000.glif","S_F_090000.glif":"S_F_090000.glif","S_F_100000.glif":"S_F_100000.glif","S_F_110000.glif":"S_F_110000.glif","S_F_190000.glif":"S_F_190000.glif","S_F_200000.glif":"S_F_200000.glif","S_F_210000.glif":"S_F_210000.glif","S_F_220000.glif":"S_F_220000.glif","S_F_230000.glif":"S_F_230000.glif","S_F_240000.glif":"S_F_240000.glif","S_F_250000.glif":"S_F_250000.glif","S_F_260000.glif":"S_F_260000.glif","S_F_270000.glif":"S_F_270000.glif","S_F_280000.glif":"S_F_280000.glif","S_F_360000.glif":"S_F_360000.glif","S_F_370000.glif":"S_F_370000.glif","S_F_380000.glif":"S_F_380000.glif","S_F_390000.glif":"S_F_390000.glif","S_F_400000.glif":"S_F_400000.glif","S_F_410000.glif":"S_F_410000.glif","S_F_420000.glif":"S_F_420000.glif","S_F_430000.glif":"S_F_430000.glif","S_F_440000.glif":"S_F_440000.glif","S_F_450000.glif":"S_F_450000.glif","S_F_460000.glif":"S_F_460000.glif","S_F_470000.glif":"S_F_470000.glif","S_F_480000.glif":"S_F_480000.glif","S_F_490000.glif":"S_F_490000.glif","S_F_500000.glif":"S_F_500000.glif","S_F_510000.glif":"S_F_510000.glif","S_F_520000.glif":"S_F_520000.glif","S_F_530000.glif":"S_F_530000.glif","S_F_540000.glif":"S_F_540000.glif","S_acute.glif":"S_acute.glif","S_caron.glif":"S_caron.glif","S_cedilla.glif":"S_cedilla.glif","T_.glif":"T_.glif","T_caron.glif":"T_caron.glif","T_commaaccent.glif":"T_commaaccent.glif","T_heta.glif":"T_heta.glif","T_horn.glif":"T_horn.glif","U_.glif":"U_.glif","U_acute.glif":"U_acute.glif","U_circumflex.glif":"U_circumflex.glif","U_dieresis.glif":"U_dieresis.glif","U_grave.glif":"U_grave.glif","U_hungarumlaut.glif":"U_hungarumlaut.glif","U_ring.glif":"U_ring.glif","V_.glif":"V_.glif","W_.glif":"W_.glif","X_.glif":"X_.glif","Y_.glif":"Y_.glif","Y_acute.glif":"Y_acute.glif","Y_dieresis.glif":"Y_dieresis.glif","Z_.glif":"Z_.glif","Z_acute.glif":"Z_acute.glif","Z_caron.glif":"Z_caron.glif","Z_dotaccent.glif":"Z_dotaccent.glif","_notdef.glif":"_notdef.glif","a.glif":"a.glif","aacute.glif":"aacute.glif","abreve.glif":"abreve.glif","acircumflex.glif":"acircumflex.glif","acute.glif":"acute.glif","adieresis.glif":"adieresis.glif","ae.glif":"ae.glif","agrave.glif":"agrave.glif","alpha.glif":"alpha.glif","ampersand.glif":"ampersand.glif","aogonek.glif":"aogonek.glif","aring.glif":"aring.glif","arrowboth.glif":"arrowboth.glif","arrowdown.glif":"arrowdown.glif","arrowleft.glif":"arrowleft.glif","arrowright.glif":"arrowright.glif","arrowup.glif":"arrowup.glif","arrowupdn.glif":"arrowupdn.glif","arrowupdnbse.glif":"arrowupdnbse.glif","asciicircum.glif":"asciicircum.glif","asciitilde.glif":"asciitilde.glif","asterisk.glif":"asterisk.glif","at.glif":"at.glif","atilde.glif":"atilde.glif","b.glif":"b.glif","backslash.glif":"backslash.glif","bar.glif":"bar.glif","block.glif":"block.glif","braceleft.glif":"braceleft.glif","braceright.glif":"braceright.glif","bracketleft.glif":"bracketleft.glif","bracketright.glif":"bracketright.glif","breve.glif":"breve.glif","brokenbar.glif":"brokenbar.glif","bullet.glif":"bullet.glif","c.glif":"c.glif","cacute.glif":"cacute.glif","caron.glif":"caron.glif","ccaron.glif":"ccaron.glif","ccedilla.glif":"ccedilla.glif","cedilla.glif":"cedilla.glif","cent.glif":"cent.glif","circle.glif":"circle.glif","circumflex.glif":"circumflex.glif","club.glif":"club.glif","colon.glif":"colon.glif","comma.glif":"comma.glif","contents.plist":"contents.plist","copyright.glif":"copyright.glif","currency.glif":"currency.glif","d.glif":"d.glif","dagger.glif":"dagger.glif","daggerdbl.glif":"daggerdbl.glif","dcaron.glif":"dcaron.glif","dcroat.glif":"dcroat.glif","degree.glif":"degree.glif","delta.glif":"delta.glif","diamond.glif":"diamond.glif","dieresis.glif":"dieresis.glif","dkshade.glif":"dkshade.glif","dnblock.glif":"dnblock.glif","dollar.glif":"dollar.glif","dotaccent.glif":"dotaccent.glif","dotlessi.glif":"dotlessi.glif","e.glif":"e.glif","eacute.glif":"eacute.glif","ecaron.glif":"ecaron.glif","ecircumflex.glif":"ecircumflex.glif","edieresis.glif":"edieresis.glif","egrave.glif":"egrave.glif","eight.glif":"eight.glif","ellipsis.glif":"ellipsis.glif","emdash.glif":"emdash.glif","endash.glif":"endash.glif","eogonek.glif":"eogonek.glif","epsilon.glif":"epsilon.glif","equal.glif":"equal.glif","equivalence.glif":"equivalence.glif","eth.glif":"eth.glif","exclam.glif":"exclam.glif","exclamdbl.glif":"exclamdbl.glif","exclamdown.glif":"exclamdown.glif","f.glif":"f.glif","female.glif":"female.glif","fi.glif":"fi.glif","filledbox.glif":"filledbox.glif","filledrect.glif":"filledrect.glif","five.glif":"five.glif","fl.glif":"fl.glif","florin.glif":"florin.glif","four.glif":"four.glif","fraction.glif":"fraction.glif","franc.glif":"franc.glif","g.glif":"g.glif","gbreve.glif":"gbreve.glif","germandbls.glif":"germandbls.glif","glyph1.glif":"glyph1.glif","glyph2.glif":"glyph2.glif","glyph223.glif":"glyph223.glif","glyph224.glif":"glyph224.glif","glyph225.glif":"glyph225.glif","glyph226.glif":"glyph226.glif","glyph227.glif":"glyph227.glif","glyph228.glif":"glyph228.glif","glyph232.glif":"glyph232.glif","glyph233.glif":"glyph233.glif","glyph236.glif":"glyph236.glif","glyph237.glif":"glyph237.glif","glyph243.glif":"glyph243.glif","glyph257.glif":"glyph257.glif","glyph258.glif":"glyph258.glif","glyph259.glif":"glyph259.glif","glyph261.glif":"glyph261.glif","glyph262.glif":"glyph262.glif","glyph263.glif":"glyph263.glif","glyph264.glif":"glyph264.glif","glyph265.glif":"glyph265.glif","grave.glif":"grave.glif","greater.glif":"greater.glif","guillemotleft.glif":"guillemotleft.glif","guillemotright.glif":"guillemotright.glif","guilsinglleft.glif":"guilsinglleft.glif","guilsinglright.glif":"guilsinglright.glif","h.glif":"h.glif","heart.glif":"heart.glif","house.glif":"house.glif","hungarumlaut.glif":"hungarumlaut.glif","hyphen.glif":"hyphen.glif","i.glif":"i.glif","iacute.glif":"iacute.glif","icircumflex.glif":"icircumflex.glif","idieresis.glif":"idieresis.glif","igrave.glif":"igrave.glif","integralbt.glif":"integralbt.glif","integraltp.glif":"integraltp.glif","intersection.glif":"intersection.glif","invbullet.glif":"invbullet.glif","invcircle.glif":"invcircle.glif","invsmileface.glif":"invsmileface.glif","j.glif":"j.glif","k.glif":"k.glif","l.glif":"l.glif","lacute.glif":"lacute.glif","lcaron.glif":"lcaron.glif","ldot.glif":"ldot.glif","less.glif":"less.glif","lfblock.glif":"lfblock.glif","lslash.glif":"lslash.glif","ltshade.glif":"ltshade.glif","m.glif":"m.glif","macron.glif":"macron.glif","male.glif":"male.glif","minus.glif":"minus.glif","mu.glif":"mu.glif","multiply.glif":"multiply.glif","musicalnote.glif":"musicalnote.glif","musicalnotedbl.glif":"musicalnotedbl.glif","n.glif":"n.glif","nacute.glif":"nacute.glif","ncaron.glif":"ncaron.glif","nine.glif":"nine.glif","ntilde.glif":"ntilde.glif","numbersign.glif":"numbersign.glif","o.glif":"o.glif","oacute.glif":"oacute.glif","ocircumflex.glif":"ocircumflex.glif","odieresis.glif":"odieresis.glif","oe.glif":"oe.glif","ogonek.glif":"ogonek.glif","ograve.glif":"ograve.glif","ohungarumlaut.glif":"ohungarumlaut.glif","one.glif":"one.glif","onehalf.glif":"onehalf.glif","onequarter.glif":"onequarter.glif","ordfeminine.glif":"ordfeminine.glif","ordmasculine.glif":"ordmasculine.glif","orthogonal.glif":"orthogonal.glif","oslash.glif":"oslash.glif","otilde.glif":"otilde.glif","p.glif":"p.glif","paragraph.glif":"paragraph.glif","parenleft.glif":"parenleft.glif","parenright.glif":"parenright.glif","percent.glif":"percent.glif","period.glif":"period.glif","periodcentered.glif":"periodcentered.glif","perthousand.glif":"perthousand.glif","peseta.glif":"peseta.glif","phi.glif":"phi.glif","plus.glif":"plus.glif","plusminus.glif":"plusminus.glif","q.glif":"q.glif","question.glif":"question.glif","questiondown.glif":"questiondown.glif","quotedbl.glif":"quotedbl.glif","quotedblbase.glif":"quotedblbase.glif","quotedblleft.glif":"quotedblleft.glif","quotedblright.glif":"quotedblright.glif","quoteleft.glif":"quoteleft.glif","quoteright.glif":"quoteright.glif","quotesingle.glif":"quotesingle.glif","r.glif":"r.glif","racute.glif":"racute.glif","rcaron.glif":"rcaron.glif","registered.glif":"registered.glif","revlogicalnot.glif":"revlogicalnot.glif","ring.glif":"ring.glif","rtblock.glif":"rtblock.glif","s.glif":"s.glif","sacute.glif":"sacute.glif","scaron.glif":"scaron.glif","scedilla.glif":"scedilla.glif","section.glif":"section.glif","semicolon.glif":"semicolon.glif","seven.glif":"seven.glif","sfthyphen.glif":"sfthyphen.glif","shade.glif":"shade.glif","sigma.glif":"sigma.glif","six.glif":"six.glif","slash.glif":"slash.glif","smileface.glif":"smileface.glif","space.glif":"space.glif","spade.glif":"spade.glif","sterling.glif":"sterling.glif","sun.glif":"sun.glif","t.glif":"t.glif","tau.glif":"tau.glif","tcaron.glif":"tcaron.glif","tcommaaccent.glif":"tcommaaccent.glif","thorn.glif":"thorn.glif","three.glif":"three.glif","threequarters.glif":"threequarters.glif","tilde.glif":"tilde.glif","trademark.glif":"trademark.glif","triagdn.glif":"triagdn.glif","triaglf.glif":"triaglf.glif","triagrt.glif":"triagrt.glif","triagup.glif":"triagup.glif","two.glif":"two.glif","u.glif":"u.glif","uacute.glif":"uacute.glif","ucircumflex.glif":"ucircumflex.glif","udieresis.glif":"udieresis.glif","ugrave.glif":"ugrave.glif","uhungarumlaut.glif":"uhungarumlaut.glif","underscore.glif":"underscore.glif","underscoredbl.glif":"underscoredbl.glif","uni00A_D_.glif":"uni00A_D_.glif","uni00B_2.glif":"uni00B_2.glif","uni00B_3.glif":"uni00B_3.glif","uni00B_9.glif":"uni00B_9.glif","uni02B_A_.glif":"uni02B_A_.glif","uni207F_.glif":"uni207F_.glif","upblock.glif":"upblock.glif","uring.glif":"uring.glif","v.glif":"v.glif","w.glif":"w.glif","x.glif":"x.glif","y.glif":"y.glif","yacute.glif":"yacute.glif","ydieresis.glif":"ydieresis.glif","yen.glif":"yen.glif","z.glif":"z.glif","zacute.glif":"zacute.glif","zcaron.glif":"zcaron.glif","zdotaccent.glif":"zdotaccent.glif","zero.glif":"zero.glif"}},"Table":{"FFTM":{"entryLength":16,"tag":"FFTM","checksum":622797215,"offset":29220,"length":28},"GDEF":{"entryLength":16,"tag":"GDEF","checksum":11862020,"offset":25240,"length":32},"GPOS":{"entryLength":16,"tag":"GPOS","checksum":3447116840,"offset":25320,"length":3900},"GSUB":{"entryLength":16,"tag":"GSUB","checksum":3103766782,"offset":25272,"length":48},"OS\/2":{"entryLength":16,"tag":"OS\/2","checksum":2260583586,"offset":408,"length":96},"cmap":{"entryLength":16,"tag":"cmap","checksum":3473211875,"offset":1048,"length":666},"cvt ":{"entryLength":16,"tag":"cvt ","checksum":1571748513,"offset":1820,"length":54},"fpgm":{"entryLength":16,"tag":"fpgm","checksum":2201207375,"offset":1716,"length":20},"glyf":{"entryLength":16,"tag":"glyf","checksum":2426752903,"offset":2152,"length":21972},"head":{"entryLength":16,"tag":"head","checksum":147518188,"offset":284,"length":54},"hhea":{"entryLength":16,"tag":"hhea","checksum":135070711,"offset":340,"length":36},"hmtx":{"entryLength":16,"tag":"hmtx","checksum":2247431237,"offset":504,"length":544},"loca":{"entryLength":16,"tag":"loca","checksum":2301391826,"offset":1876,"length":274},"maxp":{"entryLength":16,"tag":"maxp","checksum":18022778,"offset":376,"length":32},"name":{"entryLength":16,"tag":"name","checksum":257444975,"offset":24124,"length":807},"post":{"entryLength":16,"tag":"post","checksum":413669607,"offset":24932,"length":306},"prep":{"entryLength":16,"tag":"prep","checksum":2093885795,"offset":1736,"length":82}},"UnicodeCharMap":{"32":3,"33":4,"36":5,"37":6,"38":7,"39":8,"40":9,"41":10,"42":11,"44":12,"45":13,"46":14,"47":15,"48":16,"49":17,"50":18,"51":19,"52":20,"53":21,"54":22,"55":23,"56":24,"57":25,"58":26,"59":27,"63":28,"65":29,"66":30,"67":31,"68":32,"69":33,"70":34,"71":35,"72":36,"73":37,"74":38,"75":39,"76":40,"77":41,"78":42,"79":43,"80":44,"81":45,"82":46,"83":47,"84":48,"85":49,"86":50,"87":51,"88":52,"89":53,"90":54,"97":55,"98":56,"99":57,"100":58,"101":59,"102":60,"103":61,"104":62,"105":63,"106":64,"107":65,"108":66,"109":67,"110":68,"111":69,"112":70,"113":71,"114":72,"115":73,"116":74,"117":75,"118":76,"119":77,"120":78,"121":79,"122":80,"160":81,"162":82,"163":83,"177":84,"181":85,"192":86,"193":87,"194":88,"195":89,"196":90,"197":91,"200":92,"202":93,"203":94,"206":95,"207":96,"211":97,"212":98,"213":99,"217":100,"218":101,"219":102,"224":103,"225":104,"226":105,"227":106,"228":107,"229":108,"245":109,"247":110,"249":111,"250":112,"251":113,"252":114,"255":115,"376":116,"916":117,"937":118,"956":85,"960":119,"8208":13,"8212":120,"8220":121,"8221":122,"8226":123,"8486":118,"8706":124,"8710":117,"8719":125,"8721":126,"8730":127,"8734":128,"8747":129,"8776":130,"8800":131,"8804":132,"8805":133,"8946":130,"9674":134,"61440":135},"Reserves":{"fontname":"ArgotDisplayCapsSSi"},"Names":{"ArgotDisplayCapsSSi":{"name":"ArgotDisplayCapsSSi","longitude":null,"latitude":null,"country":"","region":"","city":""}},"Nodes":{"ar":{"type":"typal","node":"ar","usage":1,"weight":1},"si":{"type":"typal","node":"si","usage":1,"weight":1},"arg":{"type":"typal","node":"arg","usage":1,"weight":1},"ssi":{"type":"typal","node":"ssi","usage":1,"weight":1},"argo":{"type":"keys","node":"argo","usage":1,"weight":1},"sssi":{"type":"keys","node":"sssi","usage":1,"weight":1},"argot":{"type":"keys","node":"argot","usage":1,"weight":1},"psssi":{"type":"keys","node":"psssi","usage":1,"weight":1},"argotdisplaycapsssi":{"type":"fixes","node":"argotdisplaycapsssi","usage":1,"weight":1}},"Contributors":[],"FontIdentity":"fad7bf907778fb104d9cae8240f77b97","Bytes":null,"Networking":[]}