{"CSS":{"thanks1":"thanks1.css"},"FontType":"TrueType","FontCopyright":"Copyright Ace of Space Graphics","FontName":"thanks1","FontSubfamily":"Book","FontSubfamilyID":"FontForge 2.0 : thanks1 : 25-11-2016","FontFullName":"thanks 1","FontVersion":"Version 1.00 ","FontWeight":null,"FontPostscriptName":"thanks1","Files":{"thanks1.afm":"thanks1.afm","thanks1.bin":"thanks1.bin","thanks1.cef":"thanks1.cef","thanks1.cff":"thanks1.cff","thanks1.cid":"thanks1.cid","thanks1.dfont":"thanks1.dfont","thanks1.eot":"thanks1.eot","thanks1.fon":"thanks1.fon","thanks1.gai":"thanks1.gai","thanks1.gsf":"thanks1.gsf","thanks1.hqx":"thanks1.hqx","thanks1.ik":"thanks1.ik","thanks1.mf":"thanks1.mf","thanks1.otf":"thanks1.otf","thanks1.pcf":"thanks1.pcf","thanks1.pf3":"thanks1.pf3","thanks1.pfa":"thanks1.pfa","thanks1.pfb":"thanks1.pfb","thanks1.php":"thanks1.php","thanks1.pmf":"thanks1.pmf","thanks1.pt3":"thanks1.pt3","thanks1.sfd":"thanks1.sfd","thanks1.svg":"thanks1.svg","thanks1.t42":"thanks1.t42","thanks1.ttd":"thanks1.ttd","thanks1.ttf":"thanks1.ttf","thanks1.ttg":"thanks1.ttg","thanks1.ufm":"thanks1.ufm","thanks1.woff":"thanks1.woff","thanks1.z":"thanks1.z","":{"thanks1.afm":"thanks1.afm","thanks1.bin":"thanks1.bin","thanks1.cef":"thanks1.cef","thanks1.cff":"thanks1.cff","thanks1.cid":"thanks1.cid","thanks1.dfont":"thanks1.dfont","thanks1.eot":"thanks1.eot","thanks1.fon":"thanks1.fon","thanks1.gai":"thanks1.gai","thanks1.gsf":"thanks1.gsf","thanks1.hqx":"thanks1.hqx","thanks1.ik":"thanks1.ik","thanks1.mf":"thanks1.mf","thanks1.otf":"thanks1.otf","thanks1.pcf":"thanks1.pcf","thanks1.pf3":"thanks1.pf3","thanks1.pfa":"thanks1.pfa","thanks1.pfb":"thanks1.pfb","thanks1.php":"thanks1.php","thanks1.pmf":"thanks1.pmf","thanks1.pt3":"thanks1.pt3","thanks1.sfd":"thanks1.sfd","thanks1.svg":"thanks1.svg","thanks1.t42":"thanks1.t42","thanks1.ttd":"thanks1.ttd","thanks1.ttf":"thanks1.ttf","thanks1.ttg":"thanks1.ttg","thanks1.ufm":"thanks1.ufm","thanks1.woff":"thanks1.woff","thanks1.z":"thanks1.z"},"\/thanks1.ufo":{"feature.fea":"feature.fea","fontinfo.plist":"fontinfo.plist","groups.plist":"groups.plist","kerning.plist":"kerning.plist","metainfo.plist":"metainfo.plist"},"\/thanks1.ufo\/glyphs":{"A_.glif":"A_.glif","B_.glif":"B_.glif","C_.glif":"C_.glif","D_.glif":"D_.glif","E_.glif":"E_.glif","F_.glif":"F_.glif","G_.glif":"G_.glif","H_.glif":"H_.glif","I_.glif":"I_.glif","J_.glif":"J_.glif","K_.glif":"K_.glif","L_.glif":"L_.glif","M_.glif":"M_.glif","N_.glif":"N_.glif","O_.glif":"O_.glif","P_.glif":"P_.glif","Q_.glif":"Q_.glif","R_.glif":"R_.glif","S_.glif":"S_.glif","T_.glif":"T_.glif","U_.glif":"U_.glif","V_.glif":"V_.glif","W_.glif":"W_.glif","X_.glif":"X_.glif","Y_.glif":"Y_.glif","Z_.glif":"Z_.glif","contents.plist":"contents.plist","glyph1.glif":"glyph1.glif","glyph11.glif":"glyph11.glif","glyph13.glif":"glyph13.glif","glyph15.glif":"glyph15.glif","glyph17.glif":"glyph17.glif","glyph19.glif":"glyph19.glif","glyph21.glif":"glyph21.glif","glyph23.glif":"glyph23.glif","glyph25.glif":"glyph25.glif","glyph27.glif":"glyph27.glif","glyph29.glif":"glyph29.glif","glyph3.glif":"glyph3.glif","glyph31.glif":"glyph31.glif","glyph33.glif":"glyph33.glif","glyph35.glif":"glyph35.glif","glyph37.glif":"glyph37.glif","glyph39.glif":"glyph39.glif","glyph41.glif":"glyph41.glif","glyph43.glif":"glyph43.glif","glyph45.glif":"glyph45.glif","glyph47.glif":"glyph47.glif","glyph49.glif":"glyph49.glif","glyph5.glif":"glyph5.glif","glyph51.glif":"glyph51.glif","glyph53.glif":"glyph53.glif","glyph7.glif":"glyph7.glif","glyph9.glif":"glyph9.glif","space.glif":"space.glif"}},"Font":{"uploaded":1480031932.4829,"licence":"gpl3","company":"Chronolabs Cooperative","title":"thanks 1","version":2.001,"date":"Sun Aug 28 07:59:16 2016","creator":"root","type":"1","matrix":"0.000488281 0 0 0.000488281 0 0","named":"thanks1","painttype":"0","info":"8 dict dup","name":"thanks1","family":"thanks1","weight":"Book","fstype":"0","italicangle":"0"},"Table":{"FFTM":{"entryLength":16,"tag":"FFTM","checksum":1947016760,"offset":11604,"length":28},"GDEF":{"entryLength":16,"tag":"GDEF","checksum":6619140,"offset":11572,"length":32},"OS\/2":{"entryLength":16,"tag":"OS\/2","checksum":1645309417,"offset":344,"length":86},"cmap":{"entryLength":16,"tag":"cmap","checksum":1921794208,"offset":656,"length":826},"gasp":{"entryLength":16,"tag":"gasp","checksum":4294901763,"offset":11564,"length":8},"glyf":{"entryLength":16,"tag":"glyf","checksum":847009788,"offset":1600,"length":9092},"head":{"entryLength":16,"tag":"head","checksum":267627595,"offset":220,"length":54},"hhea":{"entryLength":16,"tag":"hhea","checksum":289474617,"offset":276,"length":36},"hmtx":{"entryLength":16,"tag":"hmtx","checksum":1248465626,"offset":432,"length":224},"loca":{"entryLength":16,"tag":"loca","checksum":1651988914,"offset":1484,"length":114},"maxp":{"entryLength":16,"tag":"maxp","checksum":8454278,"offset":312,"length":32},"name":{"entryLength":16,"tag":"name","checksum":2980202410,"offset":10692,"length":510},"post":{"entryLength":16,"tag":"post","checksum":213172229,"offset":11204,"length":357}},"UnicodeCharMap":{"32":3,"65":4,"66":5,"67":6,"68":7,"69":8,"70":9,"71":10,"72":11,"73":12,"74":13,"75":14,"76":15,"77":16,"78":17,"79":18,"80":19,"81":20,"82":21,"83":22,"84":23,"85":24,"86":25,"87":26,"88":27,"89":28,"90":29},"Reserves":null,"Names":[],"Nodes":{"th":{"type":"typal","node":"th","usage":1,"weight":1},"ks":{"type":"typal","node":"ks","usage":1,"weight":1},"tha":{"type":"typal","node":"tha","usage":1,"weight":1},"nks":{"type":"typal","node":"nks","usage":1,"weight":1},"than":{"type":"keys","node":"than","usage":1,"weight":1},"anks":{"type":"keys","node":"anks","usage":1,"weight":1},"thank":{"type":"keys","node":"thank","usage":1,"weight":1},"hanks":{"type":"keys","node":"hanks","usage":1,"weight":1},"thanks":{"type":"fixes","node":"thanks","usage":1,"weight":1},"1":{"type":"fixes","node":1,"usage":1,"weight":1}},"Contributors":[],"FontIdentity":"0dfd8415265e5473b89f945ba686318d","Bytes":1193673,"Networking":[],"barcode":"u12iuuK325Wq4e","referee":"mawwc74"}