{"CSS":{"Aaux ProMedium":"Aaux+ProMedium.css","Aaux Pro Medium":"sweetpuff0:48cf7d858e8517af275cb.css"},"FontType":"TrueType","FontCopyright":"2004 T.26 Digital Type Foundry www.t26.com PSID#5134577 designer: Neil Summerour \/ Positype","FontName":"Aaux ProMedium","FontSubfamily":"Medium","FontSubfamilyID":"FontForge 2.0 : Aaux ProMedium : 29-12-2016","FontFullName":"Aaux Pro Medium","FontVersion":"Version Macromedia Fontograp ","FontWeight":null,"FontPostscriptName":"AauxProMedium","Files":{"\/Aaux ProMedium.css":"\/Aaux ProMedium.css","\/aauxpro-medium.afm":"\/aauxpro-medium.afm","\/aauxpro-medium.cef":"\/aauxpro-medium.cef","\/aauxpro-medium.cff":"\/aauxpro-medium.cff","\/aauxpro-medium.eot":"\/aauxpro-medium.eot","\/aauxpro-medium.gai":"\/aauxpro-medium.gai","\/aauxpro-medium.gsf":"\/aauxpro-medium.gsf","\/aauxpro-medium.otf":"\/aauxpro-medium.otf","\/aauxpro-medium.pf3":"\/aauxpro-medium.pf3","\/aauxpro-medium.pfa":"\/aauxpro-medium.pfa","\/aauxpro-medium.pfb":"\/aauxpro-medium.pfb","\/aauxpro-medium.php":"\/aauxpro-medium.php","\/aauxpro-medium.pt3":"\/aauxpro-medium.pt3","\/aauxpro-medium.sfd":"\/aauxpro-medium.sfd","\/aauxpro-medium.svg":"\/aauxpro-medium.svg","\/aauxpro-medium.t42":"\/aauxpro-medium.t42","\/aauxpro-medium.ttd":"\/aauxpro-medium.ttd","\/aauxpro-medium.ttf":"\/aauxpro-medium.ttf","\/aauxpro-medium.ttg":"\/aauxpro-medium.ttg","\/aauxpro-medium.ufm":"\/aauxpro-medium.ufm","\/aauxpro-medium.woff":"\/aauxpro-medium.woff","\/aauxpro-medium.z":"\/aauxpro-medium.z","\/font-resource.json":"\/font-resource.json","\/aauxpro-medium.ufo\/feature.fea":"\/aauxpro-medium.ufo\/feature.fea","\/aauxpro-medium.ufo\/fontinfo.plist":"\/aauxpro-medium.ufo\/fontinfo.plist","\/aauxpro-medium.ufo\/groups.plist":"\/aauxpro-medium.ufo\/groups.plist","\/aauxpro-medium.ufo\/kerning.plist":"\/aauxpro-medium.ufo\/kerning.plist","\/aauxpro-medium.ufo\/metainfo.plist":"\/aauxpro-medium.ufo\/metainfo.plist","\/aauxpro-medium.ufo\/glyphs\/A_.glif":"\/aauxpro-medium.ufo\/glyphs\/A_.glif","\/aauxpro-medium.ufo\/glyphs\/A_E_.glif":"\/aauxpro-medium.ufo\/glyphs\/A_E_.glif","\/aauxpro-medium.ufo\/glyphs\/A_acute.glif":"\/aauxpro-medium.ufo\/glyphs\/A_acute.glif","\/aauxpro-medium.ufo\/glyphs\/A_circumflex.glif":"\/aauxpro-medium.ufo\/glyphs\/A_circumflex.glif","\/aauxpro-medium.ufo\/glyphs\/A_dieresis.glif":"\/aauxpro-medium.ufo\/glyphs\/A_dieresis.glif","\/aauxpro-medium.ufo\/glyphs\/A_grave.glif":"\/aauxpro-medium.ufo\/glyphs\/A_grave.glif","\/aauxpro-medium.ufo\/glyphs\/A_ring.glif":"\/aauxpro-medium.ufo\/glyphs\/A_ring.glif","\/aauxpro-medium.ufo\/glyphs\/A_tilde.glif":"\/aauxpro-medium.ufo\/glyphs\/A_tilde.glif","\/aauxpro-medium.ufo\/glyphs\/B_.glif":"\/aauxpro-medium.ufo\/glyphs\/B_.glif","\/aauxpro-medium.ufo\/glyphs\/C_.glif":"\/aauxpro-medium.ufo\/glyphs\/C_.glif","\/aauxpro-medium.ufo\/glyphs\/C_cedilla.glif":"\/aauxpro-medium.ufo\/glyphs\/C_cedilla.glif","\/aauxpro-medium.ufo\/glyphs\/D_.glif":"\/aauxpro-medium.ufo\/glyphs\/D_.glif","\/aauxpro-medium.ufo\/glyphs\/D_elta.glif":"\/aauxpro-medium.ufo\/glyphs\/D_elta.glif","\/aauxpro-medium.ufo\/glyphs\/E_.glif":"\/aauxpro-medium.ufo\/glyphs\/E_.glif","\/aauxpro-medium.ufo\/glyphs\/E_acute.glif":"\/aauxpro-medium.ufo\/glyphs\/E_acute.glif","\/aauxpro-medium.ufo\/glyphs\/E_circumflex.glif":"\/aauxpro-medium.ufo\/glyphs\/E_circumflex.glif","\/aauxpro-medium.ufo\/glyphs\/E_dieresis.glif":"\/aauxpro-medium.ufo\/glyphs\/E_dieresis.glif","\/aauxpro-medium.ufo\/glyphs\/E_grave.glif":"\/aauxpro-medium.ufo\/glyphs\/E_grave.glif","\/aauxpro-medium.ufo\/glyphs\/E_th.glif":"\/aauxpro-medium.ufo\/glyphs\/E_th.glif","\/aauxpro-medium.ufo\/glyphs\/F_.glif":"\/aauxpro-medium.ufo\/glyphs\/F_.glif","\/aauxpro-medium.ufo\/glyphs\/G_.glif":"\/aauxpro-medium.ufo\/glyphs\/G_.glif","\/aauxpro-medium.ufo\/glyphs\/H_.glif":"\/aauxpro-medium.ufo\/glyphs\/H_.glif","\/aauxpro-medium.ufo\/glyphs\/I_.glif":"\/aauxpro-medium.ufo\/glyphs\/I_.glif","\/aauxpro-medium.ufo\/glyphs\/I_acute.glif":"\/aauxpro-medium.ufo\/glyphs\/I_acute.glif","\/aauxpro-medium.ufo\/glyphs\/I_circumflex.glif":"\/aauxpro-medium.ufo\/glyphs\/I_circumflex.glif","\/aauxpro-medium.ufo\/glyphs\/I_dieresis.glif":"\/aauxpro-medium.ufo\/glyphs\/I_dieresis.glif","\/aauxpro-medium.ufo\/glyphs\/I_grave.glif":"\/aauxpro-medium.ufo\/glyphs\/I_grave.glif","\/aauxpro-medium.ufo\/glyphs\/J_.glif":"\/aauxpro-medium.ufo\/glyphs\/J_.glif","\/aauxpro-medium.ufo\/glyphs\/K_.glif":"\/aauxpro-medium.ufo\/glyphs\/K_.glif","\/aauxpro-medium.ufo\/glyphs\/L_.glif":"\/aauxpro-medium.ufo\/glyphs\/L_.glif","\/aauxpro-medium.ufo\/glyphs\/L_slash.glif":"\/aauxpro-medium.ufo\/glyphs\/L_slash.glif","\/aauxpro-medium.ufo\/glyphs\/M_.glif":"\/aauxpro-medium.ufo\/glyphs\/M_.glif","\/aauxpro-medium.ufo\/glyphs\/N_.glif":"\/aauxpro-medium.ufo\/glyphs\/N_.glif","\/aauxpro-medium.ufo\/glyphs\/N_tilde.glif":"\/aauxpro-medium.ufo\/glyphs\/N_tilde.glif","\/aauxpro-medium.ufo\/glyphs\/O_.glif":"\/aauxpro-medium.ufo\/glyphs\/O_.glif","\/aauxpro-medium.ufo\/glyphs\/O_E_.glif":"\/aauxpro-medium.ufo\/glyphs\/O_E_.glif","\/aauxpro-medium.ufo\/glyphs\/O_acute.glif":"\/aauxpro-medium.ufo\/glyphs\/O_acute.glif","\/aauxpro-medium.ufo\/glyphs\/O_circumflex.glif":"\/aauxpro-medium.ufo\/glyphs\/O_circumflex.glif","\/aauxpro-medium.ufo\/glyphs\/O_dieresis.glif":"\/aauxpro-medium.ufo\/glyphs\/O_dieresis.glif","\/aauxpro-medium.ufo\/glyphs\/O_grave.glif":"\/aauxpro-medium.ufo\/glyphs\/O_grave.glif","\/aauxpro-medium.ufo\/glyphs\/O_mega.glif":"\/aauxpro-medium.ufo\/glyphs\/O_mega.glif","\/aauxpro-medium.ufo\/glyphs\/O_slash.glif":"\/aauxpro-medium.ufo\/glyphs\/O_slash.glif","\/aauxpro-medium.ufo\/glyphs\/O_tilde.glif":"\/aauxpro-medium.ufo\/glyphs\/O_tilde.glif","\/aauxpro-medium.ufo\/glyphs\/P_.glif":"\/aauxpro-medium.ufo\/glyphs\/P_.glif","\/aauxpro-medium.ufo\/glyphs\/Q_.glif":"\/aauxpro-medium.ufo\/glyphs\/Q_.glif","\/aauxpro-medium.ufo\/glyphs\/R_.glif":"\/aauxpro-medium.ufo\/glyphs\/R_.glif","\/aauxpro-medium.ufo\/glyphs\/S_.glif":"\/aauxpro-medium.ufo\/glyphs\/S_.glif","\/aauxpro-medium.ufo\/glyphs\/S_caron.glif":"\/aauxpro-medium.ufo\/glyphs\/S_caron.glif","\/aauxpro-medium.ufo\/glyphs\/T_.glif":"\/aauxpro-medium.ufo\/glyphs\/T_.glif","\/aauxpro-medium.ufo\/glyphs\/T_horn.glif":"\/aauxpro-medium.ufo\/glyphs\/T_horn.glif","\/aauxpro-medium.ufo\/glyphs\/U_.glif":"\/aauxpro-medium.ufo\/glyphs\/U_.glif","\/aauxpro-medium.ufo\/glyphs\/U_acute.glif":"\/aauxpro-medium.ufo\/glyphs\/U_acute.glif","\/aauxpro-medium.ufo\/glyphs\/U_circumflex.glif":"\/aauxpro-medium.ufo\/glyphs\/U_circumflex.glif","\/aauxpro-medium.ufo\/glyphs\/U_dieresis.glif":"\/aauxpro-medium.ufo\/glyphs\/U_dieresis.glif","\/aauxpro-medium.ufo\/glyphs\/U_grave.glif":"\/aauxpro-medium.ufo\/glyphs\/U_grave.glif","\/aauxpro-medium.ufo\/glyphs\/V_.glif":"\/aauxpro-medium.ufo\/glyphs\/V_.glif","\/aauxpro-medium.ufo\/glyphs\/W_.glif":"\/aauxpro-medium.ufo\/glyphs\/W_.glif","\/aauxpro-medium.ufo\/glyphs\/X_.glif":"\/aauxpro-medium.ufo\/glyphs\/X_.glif","\/aauxpro-medium.ufo\/glyphs\/Y_.glif":"\/aauxpro-medium.ufo\/glyphs\/Y_.glif","\/aauxpro-medium.ufo\/glyphs\/Y_acute.glif":"\/aauxpro-medium.ufo\/glyphs\/Y_acute.glif","\/aauxpro-medium.ufo\/glyphs\/Y_dieresis.glif":"\/aauxpro-medium.ufo\/glyphs\/Y_dieresis.glif","\/aauxpro-medium.ufo\/glyphs\/Z_.glif":"\/aauxpro-medium.ufo\/glyphs\/Z_.glif","\/aauxpro-medium.ufo\/glyphs\/Z_caron.glif":"\/aauxpro-medium.ufo\/glyphs\/Z_caron.glif","\/aauxpro-medium.ufo\/glyphs\/_notdef.glif":"\/aauxpro-medium.ufo\/glyphs\/_notdef.glif","\/aauxpro-medium.ufo\/glyphs\/_null.glif":"\/aauxpro-medium.ufo\/glyphs\/_null.glif","\/aauxpro-medium.ufo\/glyphs\/a.glif":"\/aauxpro-medium.ufo\/glyphs\/a.glif","\/aauxpro-medium.ufo\/glyphs\/aacute.glif":"\/aauxpro-medium.ufo\/glyphs\/aacute.glif","\/aauxpro-medium.ufo\/glyphs\/acircumflex.glif":"\/aauxpro-medium.ufo\/glyphs\/acircumflex.glif","\/aauxpro-medium.ufo\/glyphs\/acute.glif":"\/aauxpro-medium.ufo\/glyphs\/acute.glif","\/aauxpro-medium.ufo\/glyphs\/adieresis.glif":"\/aauxpro-medium.ufo\/glyphs\/adieresis.glif","\/aauxpro-medium.ufo\/glyphs\/ae.glif":"\/aauxpro-medium.ufo\/glyphs\/ae.glif","\/aauxpro-medium.ufo\/glyphs\/agrave.glif":"\/aauxpro-medium.ufo\/glyphs\/agrave.glif","\/aauxpro-medium.ufo\/glyphs\/ampersand.glif":"\/aauxpro-medium.ufo\/glyphs\/ampersand.glif","\/aauxpro-medium.ufo\/glyphs\/approxequal.glif":"\/aauxpro-medium.ufo\/glyphs\/approxequal.glif","\/aauxpro-medium.ufo\/glyphs\/aring.glif":"\/aauxpro-medium.ufo\/glyphs\/aring.glif","\/aauxpro-medium.ufo\/glyphs\/asciicircum.glif":"\/aauxpro-medium.ufo\/glyphs\/asciicircum.glif","\/aauxpro-medium.ufo\/glyphs\/asciitilde.glif":"\/aauxpro-medium.ufo\/glyphs\/asciitilde.glif","\/aauxpro-medium.ufo\/glyphs\/asterisk.glif":"\/aauxpro-medium.ufo\/glyphs\/asterisk.glif","\/aauxpro-medium.ufo\/glyphs\/at.glif":"\/aauxpro-medium.ufo\/glyphs\/at.glif","\/aauxpro-medium.ufo\/glyphs\/atilde.glif":"\/aauxpro-medium.ufo\/glyphs\/atilde.glif","\/aauxpro-medium.ufo\/glyphs\/b.glif":"\/aauxpro-medium.ufo\/glyphs\/b.glif","\/aauxpro-medium.ufo\/glyphs\/backslash.glif":"\/aauxpro-medium.ufo\/glyphs\/backslash.glif","\/aauxpro-medium.ufo\/glyphs\/bar.glif":"\/aauxpro-medium.ufo\/glyphs\/bar.glif","\/aauxpro-medium.ufo\/glyphs\/braceleft.glif":"\/aauxpro-medium.ufo\/glyphs\/braceleft.glif","\/aauxpro-medium.ufo\/glyphs\/braceright.glif":"\/aauxpro-medium.ufo\/glyphs\/braceright.glif","\/aauxpro-medium.ufo\/glyphs\/bracketleft.glif":"\/aauxpro-medium.ufo\/glyphs\/bracketleft.glif","\/aauxpro-medium.ufo\/glyphs\/bracketright.glif":"\/aauxpro-medium.ufo\/glyphs\/bracketright.glif","\/aauxpro-medium.ufo\/glyphs\/breve.glif":"\/aauxpro-medium.ufo\/glyphs\/breve.glif","\/aauxpro-medium.ufo\/glyphs\/brokenbar.glif":"\/aauxpro-medium.ufo\/glyphs\/brokenbar.glif","\/aauxpro-medium.ufo\/glyphs\/bullet.glif":"\/aauxpro-medium.ufo\/glyphs\/bullet.glif","\/aauxpro-medium.ufo\/glyphs\/c.glif":"\/aauxpro-medium.ufo\/glyphs\/c.glif","\/aauxpro-medium.ufo\/glyphs\/caron.glif":"\/aauxpro-medium.ufo\/glyphs\/caron.glif","\/aauxpro-medium.ufo\/glyphs\/ccedilla.glif":"\/aauxpro-medium.ufo\/glyphs\/ccedilla.glif","\/aauxpro-medium.ufo\/glyphs\/cedilla.glif":"\/aauxpro-medium.ufo\/glyphs\/cedilla.glif","\/aauxpro-medium.ufo\/glyphs\/cent.glif":"\/aauxpro-medium.ufo\/glyphs\/cent.glif","\/aauxpro-medium.ufo\/glyphs\/circumflex.glif":"\/aauxpro-medium.ufo\/glyphs\/circumflex.glif","\/aauxpro-medium.ufo\/glyphs\/colon.glif":"\/aauxpro-medium.ufo\/glyphs\/colon.glif","\/aauxpro-medium.ufo\/glyphs\/comma.glif":"\/aauxpro-medium.ufo\/glyphs\/comma.glif","\/aauxpro-medium.ufo\/glyphs\/contents.plist":"\/aauxpro-medium.ufo\/glyphs\/contents.plist","\/aauxpro-medium.ufo\/glyphs\/copyright.glif":"\/aauxpro-medium.ufo\/glyphs\/copyright.glif","\/aauxpro-medium.ufo\/glyphs\/currency.glif":"\/aauxpro-medium.ufo\/glyphs\/currency.glif","\/aauxpro-medium.ufo\/glyphs\/d.glif":"\/aauxpro-medium.ufo\/glyphs\/d.glif","\/aauxpro-medium.ufo\/glyphs\/dagger.glif":"\/aauxpro-medium.ufo\/glyphs\/dagger.glif","\/aauxpro-medium.ufo\/glyphs\/daggerdbl.glif":"\/aauxpro-medium.ufo\/glyphs\/daggerdbl.glif","\/aauxpro-medium.ufo\/glyphs\/degree.glif":"\/aauxpro-medium.ufo\/glyphs\/degree.glif","\/aauxpro-medium.ufo\/glyphs\/dieresis.glif":"\/aauxpro-medium.ufo\/glyphs\/dieresis.glif","\/aauxpro-medium.ufo\/glyphs\/divide.glif":"\/aauxpro-medium.ufo\/glyphs\/divide.glif","\/aauxpro-medium.ufo\/glyphs\/dollar.glif":"\/aauxpro-medium.ufo\/glyphs\/dollar.glif","\/aauxpro-medium.ufo\/glyphs\/dotaccent.glif":"\/aauxpro-medium.ufo\/glyphs\/dotaccent.glif","\/aauxpro-medium.ufo\/glyphs\/dotlessi.glif":"\/aauxpro-medium.ufo\/glyphs\/dotlessi.glif","\/aauxpro-medium.ufo\/glyphs\/e.glif":"\/aauxpro-medium.ufo\/glyphs\/e.glif","\/aauxpro-medium.ufo\/glyphs\/eacute.glif":"\/aauxpro-medium.ufo\/glyphs\/eacute.glif","\/aauxpro-medium.ufo\/glyphs\/ecircumflex.glif":"\/aauxpro-medium.ufo\/glyphs\/ecircumflex.glif","\/aauxpro-medium.ufo\/glyphs\/edieresis.glif":"\/aauxpro-medium.ufo\/glyphs\/edieresis.glif","\/aauxpro-medium.ufo\/glyphs\/egrave.glif":"\/aauxpro-medium.ufo\/glyphs\/egrave.glif","\/aauxpro-medium.ufo\/glyphs\/eight.glif":"\/aauxpro-medium.ufo\/glyphs\/eight.glif","\/aauxpro-medium.ufo\/glyphs\/ellipsis.glif":"\/aauxpro-medium.ufo\/glyphs\/ellipsis.glif","\/aauxpro-medium.ufo\/glyphs\/emdash.glif":"\/aauxpro-medium.ufo\/glyphs\/emdash.glif","\/aauxpro-medium.ufo\/glyphs\/endash.glif":"\/aauxpro-medium.ufo\/glyphs\/endash.glif","\/aauxpro-medium.ufo\/glyphs\/equal.glif":"\/aauxpro-medium.ufo\/glyphs\/equal.glif","\/aauxpro-medium.ufo\/glyphs\/eth.glif":"\/aauxpro-medium.ufo\/glyphs\/eth.glif","\/aauxpro-medium.ufo\/glyphs\/exclam.glif":"\/aauxpro-medium.ufo\/glyphs\/exclam.glif","\/aauxpro-medium.ufo\/glyphs\/exclamdown.glif":"\/aauxpro-medium.ufo\/glyphs\/exclamdown.glif","\/aauxpro-medium.ufo\/glyphs\/f.glif":"\/aauxpro-medium.ufo\/glyphs\/f.glif","\/aauxpro-medium.ufo\/glyphs\/fi.glif":"\/aauxpro-medium.ufo\/glyphs\/fi.glif","\/aauxpro-medium.ufo\/glyphs\/five.glif":"\/aauxpro-medium.ufo\/glyphs\/five.glif","\/aauxpro-medium.ufo\/glyphs\/fl.glif":"\/aauxpro-medium.ufo\/glyphs\/fl.glif","\/aauxpro-medium.ufo\/glyphs\/florin.glif":"\/aauxpro-medium.ufo\/glyphs\/florin.glif","\/aauxpro-medium.ufo\/glyphs\/four.glif":"\/aauxpro-medium.ufo\/glyphs\/four.glif","\/aauxpro-medium.ufo\/glyphs\/fraction.glif":"\/aauxpro-medium.ufo\/glyphs\/fraction.glif","\/aauxpro-medium.ufo\/glyphs\/g.glif":"\/aauxpro-medium.ufo\/glyphs\/g.glif","\/aauxpro-medium.ufo\/glyphs\/germandbls.glif":"\/aauxpro-medium.ufo\/glyphs\/germandbls.glif","\/aauxpro-medium.ufo\/glyphs\/grave.glif":"\/aauxpro-medium.ufo\/glyphs\/grave.glif","\/aauxpro-medium.ufo\/glyphs\/greater.glif":"\/aauxpro-medium.ufo\/glyphs\/greater.glif","\/aauxpro-medium.ufo\/glyphs\/greaterequal.glif":"\/aauxpro-medium.ufo\/glyphs\/greaterequal.glif","\/aauxpro-medium.ufo\/glyphs\/guillemotleft.glif":"\/aauxpro-medium.ufo\/glyphs\/guillemotleft.glif","\/aauxpro-medium.ufo\/glyphs\/guillemotright.glif":"\/aauxpro-medium.ufo\/glyphs\/guillemotright.glif","\/aauxpro-medium.ufo\/glyphs\/guilsinglleft.glif":"\/aauxpro-medium.ufo\/glyphs\/guilsinglleft.glif","\/aauxpro-medium.ufo\/glyphs\/guilsinglright.glif":"\/aauxpro-medium.ufo\/glyphs\/guilsinglright.glif","\/aauxpro-medium.ufo\/glyphs\/h.glif":"\/aauxpro-medium.ufo\/glyphs\/h.glif","\/aauxpro-medium.ufo\/glyphs\/hungarumlaut.glif":"\/aauxpro-medium.ufo\/glyphs\/hungarumlaut.glif","\/aauxpro-medium.ufo\/glyphs\/hyphen.glif":"\/aauxpro-medium.ufo\/glyphs\/hyphen.glif","\/aauxpro-medium.ufo\/glyphs\/i.glif":"\/aauxpro-medium.ufo\/glyphs\/i.glif","\/aauxpro-medium.ufo\/glyphs\/iacute.glif":"\/aauxpro-medium.ufo\/glyphs\/iacute.glif","\/aauxpro-medium.ufo\/glyphs\/icircumflex.glif":"\/aauxpro-medium.ufo\/glyphs\/icircumflex.glif","\/aauxpro-medium.ufo\/glyphs\/idieresis.glif":"\/aauxpro-medium.ufo\/glyphs\/idieresis.glif","\/aauxpro-medium.ufo\/glyphs\/igrave.glif":"\/aauxpro-medium.ufo\/glyphs\/igrave.glif","\/aauxpro-medium.ufo\/glyphs\/infinity.glif":"\/aauxpro-medium.ufo\/glyphs\/infinity.glif","\/aauxpro-medium.ufo\/glyphs\/integral.glif":"\/aauxpro-medium.ufo\/glyphs\/integral.glif","\/aauxpro-medium.ufo\/glyphs\/j.glif":"\/aauxpro-medium.ufo\/glyphs\/j.glif","\/aauxpro-medium.ufo\/glyphs\/k.glif":"\/aauxpro-medium.ufo\/glyphs\/k.glif","\/aauxpro-medium.ufo\/glyphs\/l.glif":"\/aauxpro-medium.ufo\/glyphs\/l.glif","\/aauxpro-medium.ufo\/glyphs\/less.glif":"\/aauxpro-medium.ufo\/glyphs\/less.glif","\/aauxpro-medium.ufo\/glyphs\/lessequal.glif":"\/aauxpro-medium.ufo\/glyphs\/lessequal.glif","\/aauxpro-medium.ufo\/glyphs\/logicalnot.glif":"\/aauxpro-medium.ufo\/glyphs\/logicalnot.glif","\/aauxpro-medium.ufo\/glyphs\/lozenge.glif":"\/aauxpro-medium.ufo\/glyphs\/lozenge.glif","\/aauxpro-medium.ufo\/glyphs\/lslash.glif":"\/aauxpro-medium.ufo\/glyphs\/lslash.glif","\/aauxpro-medium.ufo\/glyphs\/m.glif":"\/aauxpro-medium.ufo\/glyphs\/m.glif","\/aauxpro-medium.ufo\/glyphs\/macron.glif":"\/aauxpro-medium.ufo\/glyphs\/macron.glif","\/aauxpro-medium.ufo\/glyphs\/minus.glif":"\/aauxpro-medium.ufo\/glyphs\/minus.glif","\/aauxpro-medium.ufo\/glyphs\/mu.glif":"\/aauxpro-medium.ufo\/glyphs\/mu.glif","\/aauxpro-medium.ufo\/glyphs\/multiply.glif":"\/aauxpro-medium.ufo\/glyphs\/multiply.glif","\/aauxpro-medium.ufo\/glyphs\/n.glif":"\/aauxpro-medium.ufo\/glyphs\/n.glif","\/aauxpro-medium.ufo\/glyphs\/nine.glif":"\/aauxpro-medium.ufo\/glyphs\/nine.glif","\/aauxpro-medium.ufo\/glyphs\/nonbreakingspace.glif":"\/aauxpro-medium.ufo\/glyphs\/nonbreakingspace.glif","\/aauxpro-medium.ufo\/glyphs\/nonmarkingreturn.glif":"\/aauxpro-medium.ufo\/glyphs\/nonmarkingreturn.glif","\/aauxpro-medium.ufo\/glyphs\/notequal.glif":"\/aauxpro-medium.ufo\/glyphs\/notequal.glif","\/aauxpro-medium.ufo\/glyphs\/ntilde.glif":"\/aauxpro-medium.ufo\/glyphs\/ntilde.glif","\/aauxpro-medium.ufo\/glyphs\/numbersign.glif":"\/aauxpro-medium.ufo\/glyphs\/numbersign.glif","\/aauxpro-medium.ufo\/glyphs\/o.glif":"\/aauxpro-medium.ufo\/glyphs\/o.glif","\/aauxpro-medium.ufo\/glyphs\/oacute.glif":"\/aauxpro-medium.ufo\/glyphs\/oacute.glif","\/aauxpro-medium.ufo\/glyphs\/ocircumflex.glif":"\/aauxpro-medium.ufo\/glyphs\/ocircumflex.glif","\/aauxpro-medium.ufo\/glyphs\/odieresis.glif":"\/aauxpro-medium.ufo\/glyphs\/odieresis.glif","\/aauxpro-medium.ufo\/glyphs\/oe.glif":"\/aauxpro-medium.ufo\/glyphs\/oe.glif","\/aauxpro-medium.ufo\/glyphs\/ogonek.glif":"\/aauxpro-medium.ufo\/glyphs\/ogonek.glif","\/aauxpro-medium.ufo\/glyphs\/ograve.glif":"\/aauxpro-medium.ufo\/glyphs\/ograve.glif","\/aauxpro-medium.ufo\/glyphs\/one.glif":"\/aauxpro-medium.ufo\/glyphs\/one.glif","\/aauxpro-medium.ufo\/glyphs\/onehalf.glif":"\/aauxpro-medium.ufo\/glyphs\/onehalf.glif","\/aauxpro-medium.ufo\/glyphs\/onequarter.glif":"\/aauxpro-medium.ufo\/glyphs\/onequarter.glif","\/aauxpro-medium.ufo\/glyphs\/onesuperior.glif":"\/aauxpro-medium.ufo\/glyphs\/onesuperior.glif","\/aauxpro-medium.ufo\/glyphs\/ordfeminine.glif":"\/aauxpro-medium.ufo\/glyphs\/ordfeminine.glif","\/aauxpro-medium.ufo\/glyphs\/ordmasculine.glif":"\/aauxpro-medium.ufo\/glyphs\/ordmasculine.glif","\/aauxpro-medium.ufo\/glyphs\/oslash.glif":"\/aauxpro-medium.ufo\/glyphs\/oslash.glif","\/aauxpro-medium.ufo\/glyphs\/otilde.glif":"\/aauxpro-medium.ufo\/glyphs\/otilde.glif","\/aauxpro-medium.ufo\/glyphs\/p.glif":"\/aauxpro-medium.ufo\/glyphs\/p.glif","\/aauxpro-medium.ufo\/glyphs\/paragraph.glif":"\/aauxpro-medium.ufo\/glyphs\/paragraph.glif","\/aauxpro-medium.ufo\/glyphs\/parenleft.glif":"\/aauxpro-medium.ufo\/glyphs\/parenleft.glif","\/aauxpro-medium.ufo\/glyphs\/parenright.glif":"\/aauxpro-medium.ufo\/glyphs\/parenright.glif","\/aauxpro-medium.ufo\/glyphs\/partialdiff.glif":"\/aauxpro-medium.ufo\/glyphs\/partialdiff.glif","\/aauxpro-medium.ufo\/glyphs\/percent.glif":"\/aauxpro-medium.ufo\/glyphs\/percent.glif","\/aauxpro-medium.ufo\/glyphs\/period.glif":"\/aauxpro-medium.ufo\/glyphs\/period.glif","\/aauxpro-medium.ufo\/glyphs\/periodcentered.glif":"\/aauxpro-medium.ufo\/glyphs\/periodcentered.glif","\/aauxpro-medium.ufo\/glyphs\/perthousand.glif":"\/aauxpro-medium.ufo\/glyphs\/perthousand.glif","\/aauxpro-medium.ufo\/glyphs\/pi.glif":"\/aauxpro-medium.ufo\/glyphs\/pi.glif","\/aauxpro-medium.ufo\/glyphs\/plus.glif":"\/aauxpro-medium.ufo\/glyphs\/plus.glif","\/aauxpro-medium.ufo\/glyphs\/plusminus.glif":"\/aauxpro-medium.ufo\/glyphs\/plusminus.glif","\/aauxpro-medium.ufo\/glyphs\/product.glif":"\/aauxpro-medium.ufo\/glyphs\/product.glif","\/aauxpro-medium.ufo\/glyphs\/q.glif":"\/aauxpro-medium.ufo\/glyphs\/q.glif","\/aauxpro-medium.ufo\/glyphs\/question.glif":"\/aauxpro-medium.ufo\/glyphs\/question.glif","\/aauxpro-medium.ufo\/glyphs\/questiondown.glif":"\/aauxpro-medium.ufo\/glyphs\/questiondown.glif","\/aauxpro-medium.ufo\/glyphs\/quotedbl.glif":"\/aauxpro-medium.ufo\/glyphs\/quotedbl.glif","\/aauxpro-medium.ufo\/glyphs\/quotedblbase.glif":"\/aauxpro-medium.ufo\/glyphs\/quotedblbase.glif","\/aauxpro-medium.ufo\/glyphs\/quotedblleft.glif":"\/aauxpro-medium.ufo\/glyphs\/quotedblleft.glif","\/aauxpro-medium.ufo\/glyphs\/quotedblright.glif":"\/aauxpro-medium.ufo\/glyphs\/quotedblright.glif","\/aauxpro-medium.ufo\/glyphs\/quoteleft.glif":"\/aauxpro-medium.ufo\/glyphs\/quoteleft.glif","\/aauxpro-medium.ufo\/glyphs\/quoteright.glif":"\/aauxpro-medium.ufo\/glyphs\/quoteright.glif","\/aauxpro-medium.ufo\/glyphs\/quotesinglbase.glif":"\/aauxpro-medium.ufo\/glyphs\/quotesinglbase.glif","\/aauxpro-medium.ufo\/glyphs\/quotesingle.glif":"\/aauxpro-medium.ufo\/glyphs\/quotesingle.glif","\/aauxpro-medium.ufo\/glyphs\/r.glif":"\/aauxpro-medium.ufo\/glyphs\/r.glif","\/aauxpro-medium.ufo\/glyphs\/radical.glif":"\/aauxpro-medium.ufo\/glyphs\/radical.glif","\/aauxpro-medium.ufo\/glyphs\/registered.glif":"\/aauxpro-medium.ufo\/glyphs\/registered.glif","\/aauxpro-medium.ufo\/glyphs\/ring.glif":"\/aauxpro-medium.ufo\/glyphs\/ring.glif","\/aauxpro-medium.ufo\/glyphs\/s.glif":"\/aauxpro-medium.ufo\/glyphs\/s.glif","\/aauxpro-medium.ufo\/glyphs\/scaron.glif":"\/aauxpro-medium.ufo\/glyphs\/scaron.glif","\/aauxpro-medium.ufo\/glyphs\/section.glif":"\/aauxpro-medium.ufo\/glyphs\/section.glif","\/aauxpro-medium.ufo\/glyphs\/semicolon.glif":"\/aauxpro-medium.ufo\/glyphs\/semicolon.glif","\/aauxpro-medium.ufo\/glyphs\/seven.glif":"\/aauxpro-medium.ufo\/glyphs\/seven.glif","\/aauxpro-medium.ufo\/glyphs\/six.glif":"\/aauxpro-medium.ufo\/glyphs\/six.glif","\/aauxpro-medium.ufo\/glyphs\/slash.glif":"\/aauxpro-medium.ufo\/glyphs\/slash.glif","\/aauxpro-medium.ufo\/glyphs\/space.glif":"\/aauxpro-medium.ufo\/glyphs\/space.glif","\/aauxpro-medium.ufo\/glyphs\/sterling.glif":"\/aauxpro-medium.ufo\/glyphs\/sterling.glif","\/aauxpro-medium.ufo\/glyphs\/summation.glif":"\/aauxpro-medium.ufo\/glyphs\/summation.glif","\/aauxpro-medium.ufo\/glyphs\/t.glif":"\/aauxpro-medium.ufo\/glyphs\/t.glif","\/aauxpro-medium.ufo\/glyphs\/thorn.glif":"\/aauxpro-medium.ufo\/glyphs\/thorn.glif","\/aauxpro-medium.ufo\/glyphs\/three.glif":"\/aauxpro-medium.ufo\/glyphs\/three.glif","\/aauxpro-medium.ufo\/glyphs\/threequarters.glif":"\/aauxpro-medium.ufo\/glyphs\/threequarters.glif","\/aauxpro-medium.ufo\/glyphs\/threesuperior.glif":"\/aauxpro-medium.ufo\/glyphs\/threesuperior.glif","\/aauxpro-medium.ufo\/glyphs\/tilde.glif":"\/aauxpro-medium.ufo\/glyphs\/tilde.glif","\/aauxpro-medium.ufo\/glyphs\/trademark.glif":"\/aauxpro-medium.ufo\/glyphs\/trademark.glif","\/aauxpro-medium.ufo\/glyphs\/two.glif":"\/aauxpro-medium.ufo\/glyphs\/two.glif","\/aauxpro-medium.ufo\/glyphs\/twosuperior.glif":"\/aauxpro-medium.ufo\/glyphs\/twosuperior.glif","\/aauxpro-medium.ufo\/glyphs\/u.glif":"\/aauxpro-medium.ufo\/glyphs\/u.glif","\/aauxpro-medium.ufo\/glyphs\/uacute.glif":"\/aauxpro-medium.ufo\/glyphs\/uacute.glif","\/aauxpro-medium.ufo\/glyphs\/ucircumflex.glif":"\/aauxpro-medium.ufo\/glyphs\/ucircumflex.glif","\/aauxpro-medium.ufo\/glyphs\/udieresis.glif":"\/aauxpro-medium.ufo\/glyphs\/udieresis.glif","\/aauxpro-medium.ufo\/glyphs\/ugrave.glif":"\/aauxpro-medium.ufo\/glyphs\/ugrave.glif","\/aauxpro-medium.ufo\/glyphs\/underscore.glif":"\/aauxpro-medium.ufo\/glyphs\/underscore.glif","\/aauxpro-medium.ufo\/glyphs\/v.glif":"\/aauxpro-medium.ufo\/glyphs\/v.glif","\/aauxpro-medium.ufo\/glyphs\/w.glif":"\/aauxpro-medium.ufo\/glyphs\/w.glif","\/aauxpro-medium.ufo\/glyphs\/x.glif":"\/aauxpro-medium.ufo\/glyphs\/x.glif","\/aauxpro-medium.ufo\/glyphs\/y.glif":"\/aauxpro-medium.ufo\/glyphs\/y.glif","\/aauxpro-medium.ufo\/glyphs\/yacute.glif":"\/aauxpro-medium.ufo\/glyphs\/yacute.glif","\/aauxpro-medium.ufo\/glyphs\/ydieresis.glif":"\/aauxpro-medium.ufo\/glyphs\/ydieresis.glif","\/aauxpro-medium.ufo\/glyphs\/yen.glif":"\/aauxpro-medium.ufo\/glyphs\/yen.glif","\/aauxpro-medium.ufo\/glyphs\/z.glif":"\/aauxpro-medium.ufo\/glyphs\/z.glif","\/aauxpro-medium.ufo\/glyphs\/zcaron.glif":"\/aauxpro-medium.ufo\/glyphs\/zcaron.glif","\/aauxpro-medium.ufo\/glyphs\/zero.glif":"\/aauxpro-medium.ufo\/glyphs\/zero.glif"},"Font":{"uploaded":1489187917.0999,"licence":"gpl3","company":"Chronolabs Cooperative","title":"Aaux Pro Medium","version":3.002,"date":"Thu Dec 29 07:35:41 2016","creator":"root","type":"1","matrix":"0.001 0 0 0.001 0 0","named":"AauxProMedium","painttype":"0","info":"10 dict dup","name":"Aaux ProMedium","family":"Aaux ProMedium","weight":"Book","fstype":"1","italicangle":"0","underlineposition":"","underlinethickness":""},"Licences":{"":false},"Table":{"FFTM":{"entryLength":16,"tag":"FFTM","checksum":1968261132,"offset":24260,"length":28},"GDEF":{"entryLength":16,"tag":"GDEF","checksum":19070980,"offset":24228,"length":32},"OS\/2":{"entryLength":16,"tag":"OS\/2","checksum":2006334372,"offset":344,"length":86},"cmap":{"entryLength":16,"tag":"cmap","checksum":577694158,"offset":1416,"length":664},"gasp":{"entryLength":16,"tag":"gasp","checksum":4294901763,"offset":24220,"length":8},"glyf":{"entryLength":16,"tag":"glyf","checksum":358137711,"offset":2576,"length":20288},"head":{"entryLength":16,"tag":"head","checksum":194855278,"offset":220,"length":54},"hhea":{"entryLength":16,"tag":"hhea","checksum":127271849,"offset":276,"length":36},"hmtx":{"entryLength":16,"tag":"hmtx","checksum":3923390710,"offset":432,"length":984},"loca":{"entryLength":16,"tag":"loca","checksum":893460934,"offset":2080,"length":494},"maxp":{"entryLength":16,"tag":"maxp","checksum":20840533,"offset":312,"length":32},"name":{"entryLength":16,"tag":"name","checksum":1133902719,"offset":22864,"length":825},"post":{"entryLength":16,"tag":"post","checksum":998062839,"offset":23692,"length":526}},"UnicodeCharMap":{"0":1,"13":2,"32":3,"33":4,"34":5,"35":6,"36":7,"37":8,"38":9,"39":10,"40":11,"41":12,"42":13,"43":14,"44":15,"45":16,"46":17,"47":18,"48":19,"49":20,"50":21,"51":22,"52":23,"53":24,"54":25,"55":26,"56":27,"57":28,"58":29,"59":30,"60":31,"61":32,"62":33,"63":34,"64":35,"65":36,"66":37,"67":38,"68":39,"69":40,"70":41,"71":42,"72":43,"73":44,"74":45,"75":46,"76":47,"77":48,"78":49,"79":50,"80":51,"81":52,"82":53,"83":54,"84":55,"85":56,"86":57,"87":58,"88":59,"89":60,"90":61,"91":62,"92":63,"93":64,"94":65,"95":66,"96":67,"97":68,"98":69,"99":70,"100":71,"101":72,"102":73,"103":74,"104":75,"105":76,"106":77,"107":78,"108":79,"109":80,"110":81,"111":82,"112":83,"113":84,"114":85,"115":86,"116":87,"117":88,"118":89,"119":90,"120":91,"121":92,"122":93,"123":94,"124":95,"125":96,"126":97,"160":98,"161":99,"162":100,"163":101,"164":102,"165":103,"166":104,"167":105,"168":106,"169":107,"170":108,"171":109,"172":110,"174":112,"175":113,"176":114,"177":115,"178":116,"179":117,"180":118,"182":120,"183":121,"184":122,"185":123,"186":124,"187":125,"188":126,"189":127,"190":128,"191":129,"192":130,"193":131,"194":132,"195":133,"196":134,"197":135,"198":136,"199":137,"200":138,"201":139,"202":140,"203":141,"204":142,"205":143,"206":144,"207":145,"208":146,"209":147,"210":148,"211":149,"212":150,"213":151,"214":152,"215":153,"216":154,"217":155,"218":156,"219":157,"220":158,"221":159,"222":160,"223":161,"224":162,"225":163,"226":164,"227":165,"228":166,"229":167,"230":168,"231":169,"232":170,"233":171,"234":172,"235":173,"236":174,"237":175,"238":176,"239":177,"240":178,"241":179,"242":180,"243":181,"244":182,"245":183,"246":184,"247":185,"248":186,"249":187,"250":188,"251":189,"252":190,"253":191,"254":192,"255":193,"305":239,"321":218,"322":219,"338":199,"339":200,"352":216,"353":217,"376":207,"381":220,"382":221,"402":197,"710":214,"711":245,"728":240,"729":241,"730":242,"731":244,"732":215,"733":243,"916":234,"937":231,"956":119,"960":229,"8211":201,"8212":202,"8216":205,"8217":206,"8218":211,"8220":203,"8221":204,"8222":212,"8224":194,"8225":210,"8226":195,"8230":198,"8240":213,"8249":208,"8250":209,"8260":236,"8482":196,"8706":226,"8719":228,"8721":227,"8722":111,"8730":232,"8734":223,"8747":230,"8776":233,"8800":222,"8804":224,"8805":225,"9674":235,"64257":237,"64258":238},"Reserves":{"fontname":"Aaux Pro Medium"},"Names":{"Aaux Pro Medium":{"name":"Aaux Pro Medium","longitude":"0.00000001","latitude":"0.00000001","country":"","region":"","city":""}},"Nodes":{"aa":{"type":"typal","node":"aa","usage":1,"weight":1},"ux":{"type":"typal","node":"ux","usage":1,"weight":1},"pr":{"type":"typal","node":"pr","usage":1,"weight":1},"ro":{"type":"typal","node":"ro","usage":1,"weight":1},"me":{"type":"typal","node":"me","usage":1,"weight":1},"um":{"type":"typal","node":"um","usage":1,"weight":1},"aau":{"type":"typal","node":"aau","usage":1,"weight":1},"aux":{"type":"typal","node":"aux","usage":1,"weight":1},"med":{"type":"typal","node":"med","usage":1,"weight":1},"ium":{"type":"typal","node":"ium","usage":1,"weight":1},"medi":{"type":"keys","node":"medi","usage":1,"weight":1},"dium":{"type":"keys","node":"dium","usage":1,"weight":1},"mediu":{"type":"keys","node":"mediu","usage":1,"weight":1},"edium":{"type":"keys","node":"edium","usage":1,"weight":1},"aaux":{"type":"fixes","node":"aaux","usage":1,"weight":1},"pro":{"type":"fixes","node":"pro","usage":1,"weight":1},"medium":{"type":"fixes","node":"medium","usage":1,"weight":1}},"Contributors":[],"FontIdentity":"sweetpuff0:48cf7d858e8517af275cb","Bytes":null,"Networking":[],"barcode":"sey74oua4osua","referee":"gwk-2s"}