{"CSS":{"Eunuverse-ExtraBoldItalic":"Eunuverse-ExtraBoldItalic.css"},"FontType":"TrueType","FontCopyright":"Eunuverse by Barry Deck. I1999 Barry Deck. Published by Thirstype.","FontName":"Eunuverse","FontSubfamily":"ExtraBoldItalic","FontSubfamilyID":"FontForge 2.0 : Eunuverse-ExtraBoldItalic : 16-8-2016","FontFullName":"Eunuverse Extra Bold Italic","FontVersion":"Version 001.000 ","FontWeight":null,"FontPostscriptName":"Eunuverse-ExtraBoldItalic","Files":{"eunuverse-extrabolditalic.afm":"eunuverse-extrabolditalic.afm","eunuverse-extrabolditalic.bin":"eunuverse-extrabolditalic.bin","eunuverse-extrabolditalic.cef":"eunuverse-extrabolditalic.cef","eunuverse-extrabolditalic.cff":"eunuverse-extrabolditalic.cff","eunuverse-extrabolditalic.cid":"eunuverse-extrabolditalic.cid","eunuverse-extrabolditalic.dfont":"eunuverse-extrabolditalic.dfont","eunuverse-extrabolditalic.eot":"eunuverse-extrabolditalic.eot","eunuverse-extrabolditalic.fon":"eunuverse-extrabolditalic.fon","eunuverse-extrabolditalic.gai":"eunuverse-extrabolditalic.gai","eunuverse-extrabolditalic.gsf":"eunuverse-extrabolditalic.gsf","eunuverse-extrabolditalic.hqx":"eunuverse-extrabolditalic.hqx","eunuverse-extrabolditalic.ik":"eunuverse-extrabolditalic.ik","eunuverse-extrabolditalic.mf":"eunuverse-extrabolditalic.mf","eunuverse-extrabolditalic.otf":"eunuverse-extrabolditalic.otf","eunuverse-extrabolditalic.pcf":"eunuverse-extrabolditalic.pcf","eunuverse-extrabolditalic.pf3":"eunuverse-extrabolditalic.pf3","eunuverse-extrabolditalic.pfa":"eunuverse-extrabolditalic.pfa","eunuverse-extrabolditalic.pfb":"eunuverse-extrabolditalic.pfb","eunuverse-extrabolditalic.php":"eunuverse-extrabolditalic.php","eunuverse-extrabolditalic.pmf":"eunuverse-extrabolditalic.pmf","eunuverse-extrabolditalic.pt3":"eunuverse-extrabolditalic.pt3","eunuverse-extrabolditalic.sfd":"eunuverse-extrabolditalic.sfd","eunuverse-extrabolditalic.svg":"eunuverse-extrabolditalic.svg","eunuverse-extrabolditalic.t42":"eunuverse-extrabolditalic.t42","eunuverse-extrabolditalic.ttd":"eunuverse-extrabolditalic.ttd","eunuverse-extrabolditalic.ttf":"eunuverse-extrabolditalic.ttf","eunuverse-extrabolditalic.ttg":"eunuverse-extrabolditalic.ttg","eunuverse-extrabolditalic.ufm":"eunuverse-extrabolditalic.ufm","eunuverse-extrabolditalic.woff":"eunuverse-extrabolditalic.woff","eunuverse-extrabolditalic.z":"eunuverse-extrabolditalic.z","":{"eunuverse-extrabolditalic.afm":"eunuverse-extrabolditalic.afm","eunuverse-extrabolditalic.bin":"eunuverse-extrabolditalic.bin","eunuverse-extrabolditalic.cef":"eunuverse-extrabolditalic.cef","eunuverse-extrabolditalic.cff":"eunuverse-extrabolditalic.cff","eunuverse-extrabolditalic.cid":"eunuverse-extrabolditalic.cid","eunuverse-extrabolditalic.dfont":"eunuverse-extrabolditalic.dfont","eunuverse-extrabolditalic.eot":"eunuverse-extrabolditalic.eot","eunuverse-extrabolditalic.fon":"eunuverse-extrabolditalic.fon","eunuverse-extrabolditalic.gai":"eunuverse-extrabolditalic.gai","eunuverse-extrabolditalic.gsf":"eunuverse-extrabolditalic.gsf","eunuverse-extrabolditalic.hqx":"eunuverse-extrabolditalic.hqx","eunuverse-extrabolditalic.ik":"eunuverse-extrabolditalic.ik","eunuverse-extrabolditalic.mf":"eunuverse-extrabolditalic.mf","eunuverse-extrabolditalic.otf":"eunuverse-extrabolditalic.otf","eunuverse-extrabolditalic.pcf":"eunuverse-extrabolditalic.pcf","eunuverse-extrabolditalic.pf3":"eunuverse-extrabolditalic.pf3","eunuverse-extrabolditalic.pfa":"eunuverse-extrabolditalic.pfa","eunuverse-extrabolditalic.pfb":"eunuverse-extrabolditalic.pfb","eunuverse-extrabolditalic.php":"eunuverse-extrabolditalic.php","eunuverse-extrabolditalic.pmf":"eunuverse-extrabolditalic.pmf","eunuverse-extrabolditalic.pt3":"eunuverse-extrabolditalic.pt3","eunuverse-extrabolditalic.sfd":"eunuverse-extrabolditalic.sfd","eunuverse-extrabolditalic.svg":"eunuverse-extrabolditalic.svg","eunuverse-extrabolditalic.t42":"eunuverse-extrabolditalic.t42","eunuverse-extrabolditalic.ttd":"eunuverse-extrabolditalic.ttd","eunuverse-extrabolditalic.ttf":"eunuverse-extrabolditalic.ttf","eunuverse-extrabolditalic.ttg":"eunuverse-extrabolditalic.ttg","eunuverse-extrabolditalic.ufm":"eunuverse-extrabolditalic.ufm","eunuverse-extrabolditalic.woff":"eunuverse-extrabolditalic.woff","eunuverse-extrabolditalic.z":"eunuverse-extrabolditalic.z"},"\/eunuverse-extrabolditalic.ufo":{"feature.fea":"feature.fea","fontinfo.plist":"fontinfo.plist","groups.plist":"groups.plist","kerning.plist":"kerning.plist","metainfo.plist":"metainfo.plist"},"\/eunuverse-extrabolditalic.ufo\/glyphs":{"A_.glif":"A_.glif","A_E_.glif":"A_E_.glif","A_acute.glif":"A_acute.glif","A_circumflex.glif":"A_circumflex.glif","A_dieresis.glif":"A_dieresis.glif","A_grave.glif":"A_grave.glif","A_ring.glif":"A_ring.glif","A_tilde.glif":"A_tilde.glif","B_.glif":"B_.glif","C_.glif":"C_.glif","C_cedilla.glif":"C_cedilla.glif","D_.glif":"D_.glif","E_.glif":"E_.glif","E_acute.glif":"E_acute.glif","E_circumflex.glif":"E_circumflex.glif","E_dieresis.glif":"E_dieresis.glif","E_grave.glif":"E_grave.glif","E_th.glif":"E_th.glif","F_.glif":"F_.glif","G_.glif":"G_.glif","H_.glif":"H_.glif","I_.glif":"I_.glif","I_acute.glif":"I_acute.glif","I_circumflex.glif":"I_circumflex.glif","I_dieresis.glif":"I_dieresis.glif","I_grave.glif":"I_grave.glif","J_.glif":"J_.glif","K_.glif":"K_.glif","L_.glif":"L_.glif","L_slash.glif":"L_slash.glif","M_.glif":"M_.glif","N_.glif":"N_.glif","N_tilde.glif":"N_tilde.glif","O_.glif":"O_.glif","O_E_.glif":"O_E_.glif","O_acute.glif":"O_acute.glif","O_circumflex.glif":"O_circumflex.glif","O_dieresis.glif":"O_dieresis.glif","O_grave.glif":"O_grave.glif","O_slash.glif":"O_slash.glif","O_tilde.glif":"O_tilde.glif","P_.glif":"P_.glif","Q_.glif":"Q_.glif","R_.glif":"R_.glif","S_.glif":"S_.glif","S_caron.glif":"S_caron.glif","T_.glif":"T_.glif","T_horn.glif":"T_horn.glif","U_.glif":"U_.glif","U_acute.glif":"U_acute.glif","U_circumflex.glif":"U_circumflex.glif","U_dieresis.glif":"U_dieresis.glif","U_grave.glif":"U_grave.glif","V_.glif":"V_.glif","W_.glif":"W_.glif","X_.glif":"X_.glif","Y_.glif":"Y_.glif","Y_acute.glif":"Y_acute.glif","Y_dieresis.glif":"Y_dieresis.glif","Z_.glif":"Z_.glif","Z_caron.glif":"Z_caron.glif","a.glif":"a.glif","aacute.glif":"aacute.glif","acircumflex.glif":"acircumflex.glif","acute.glif":"acute.glif","adieresis.glif":"adieresis.glif","ae.glif":"ae.glif","agrave.glif":"agrave.glif","ampersand.glif":"ampersand.glif","aring.glif":"aring.glif","asciicircum.glif":"asciicircum.glif","asciitilde.glif":"asciitilde.glif","asterisk.glif":"asterisk.glif","at.glif":"at.glif","atilde.glif":"atilde.glif","b.glif":"b.glif","backslash.glif":"backslash.glif","bar.glif":"bar.glif","braceleft.glif":"braceleft.glif","braceright.glif":"braceright.glif","bracketleft.glif":"bracketleft.glif","bracketright.glif":"bracketright.glif","breve.glif":"breve.glif","bullet.glif":"bullet.glif","c.glif":"c.glif","caron.glif":"caron.glif","ccedilla.glif":"ccedilla.glif","cedilla.glif":"cedilla.glif","cent.glif":"cent.glif","circumflex.glif":"circumflex.glif","colon.glif":"colon.glif","comma.glif":"comma.glif","contents.plist":"contents.plist","copyright.glif":"copyright.glif","currency.glif":"currency.glif","d.glif":"d.glif","dagger.glif":"dagger.glif","degree.glif":"degree.glif","dieresis.glif":"dieresis.glif","dollar.glif":"dollar.glif","dotaccent.glif":"dotaccent.glif","dotlessi.glif":"dotlessi.glif","e.glif":"e.glif","eacute.glif":"eacute.glif","ecircumflex.glif":"ecircumflex.glif","edieresis.glif":"edieresis.glif","egrave.glif":"egrave.glif","eight.glif":"eight.glif","ellipsis.glif":"ellipsis.glif","emdash.glif":"emdash.glif","endash.glif":"endash.glif","equal.glif":"equal.glif","eth.glif":"eth.glif","exclam.glif":"exclam.glif","exclamdown.glif":"exclamdown.glif","f.glif":"f.glif","fi.glif":"fi.glif","five.glif":"five.glif","fl.glif":"fl.glif","florin.glif":"florin.glif","four.glif":"four.glif","fraction.glif":"fraction.glif","g.glif":"g.glif","germandbls.glif":"germandbls.glif","grave.glif":"grave.glif","greater.glif":"greater.glif","guillemotleft.glif":"guillemotleft.glif","guillemotright.glif":"guillemotright.glif","guilsinglleft.glif":"guilsinglleft.glif","guilsinglright.glif":"guilsinglright.glif","h.glif":"h.glif","hungarumlaut.glif":"hungarumlaut.glif","hyphen.glif":"hyphen.glif","i.glif":"i.glif","iacute.glif":"iacute.glif","icircumflex.glif":"icircumflex.glif","idieresis.glif":"idieresis.glif","igrave.glif":"igrave.glif","j.glif":"j.glif","k.glif":"k.glif","l.glif":"l.glif","less.glif":"less.glif","lslash.glif":"lslash.glif","m.glif":"m.glif","macron.glif":"macron.glif","minus.glif":"minus.glif","mu.glif":"mu.glif","multiply.glif":"multiply.glif","n.glif":"n.glif","nbspace.glif":"nbspace.glif","nine.glif":"nine.glif","ntilde.glif":"ntilde.glif","numbersign.glif":"numbersign.glif","o.glif":"o.glif","oacute.glif":"oacute.glif","ocircumflex.glif":"ocircumflex.glif","odieresis.glif":"odieresis.glif","oe.glif":"oe.glif","ogonek.glif":"ogonek.glif","ograve.glif":"ograve.glif","one.glif":"one.glif","onehalf.glif":"onehalf.glif","onequarter.glif":"onequarter.glif","onesuperior.glif":"onesuperior.glif","oslash.glif":"oslash.glif","otilde.glif":"otilde.glif","p.glif":"p.glif","paragraph.glif":"paragraph.glif","parenleft.glif":"parenleft.glif","parenright.glif":"parenright.glif","percent.glif":"percent.glif","period.glif":"period.glif","perthousand.glif":"perthousand.glif","plus.glif":"plus.glif","q.glif":"q.glif","question.glif":"question.glif","questiondown.glif":"questiondown.glif","quotedbl.glif":"quotedbl.glif","quotedblbase.glif":"quotedblbase.glif","quotedblleft.glif":"quotedblleft.glif","quotedblright.glif":"quotedblright.glif","quoteleft.glif":"quoteleft.glif","quoteright.glif":"quoteright.glif","quotesinglbase.glif":"quotesinglbase.glif","quotesingle.glif":"quotesingle.glif","r.glif":"r.glif","registered.glif":"registered.glif","ring.glif":"ring.glif","s.glif":"s.glif","scaron.glif":"scaron.glif","section.glif":"section.glif","semicolon.glif":"semicolon.glif","seven.glif":"seven.glif","six.glif":"six.glif","slash.glif":"slash.glif","space.glif":"space.glif","sterling.glif":"sterling.glif","summation.glif":"summation.glif","t.glif":"t.glif","thorn.glif":"thorn.glif","three.glif":"three.glif","threequarters.glif":"threequarters.glif","threesuperior.glif":"threesuperior.glif","tilde.glif":"tilde.glif","trademark.glif":"trademark.glif","two.glif":"two.glif","twosuperior.glif":"twosuperior.glif","u.glif":"u.glif","uacute.glif":"uacute.glif","ucircumflex.glif":"ucircumflex.glif","udieresis.glif":"udieresis.glif","ugrave.glif":"ugrave.glif","underscore.glif":"underscore.glif","v.glif":"v.glif","w.glif":"w.glif","x.glif":"x.glif","y.glif":"y.glif","yacute.glif":"yacute.glif","ydieresis.glif":"ydieresis.glif","yen.glif":"yen.glif","z.glif":"z.glif","zcaron.glif":"zcaron.glif","zero.glif":"zero.glif"}},"Font":{"uploaded":1471381973.568,"licence":"gpl3","company":"Chronolabs Cooperative","title":"Eunuverse Extra Bold Italic","version":2.001,"date":"Fri Aug 12 15:36:21 2016","creator":"root","type":"1","matrix":"0.001 0 0 0.001 0 0","named":"Eunuverse-ExtraBoldItalic","painttype":"0","info":"10 dict dup","name":"Eunuverse-ExtraBoldItalic","family":"Eunuverse","weight":"ExtraBold","fstype":"0","italicangle":"-11","underlineposition":"","underlinethickness":""},"Table":{"FFTM":{"entryLength":16,"tag":"FFTM","checksum":1944407612,"offset":37260,"length":28},"GDEF":{"entryLength":16,"tag":"GDEF","checksum":17694726,"offset":37228,"length":32},"OS\/2":{"entryLength":16,"tag":"OS\/2","checksum":1483029672,"offset":344,"length":86},"cmap":{"entryLength":16,"tag":"cmap","checksum":2608703541,"offset":1332,"length":614},"gasp":{"entryLength":16,"tag":"gasp","checksum":4294901763,"offset":37220,"length":8},"glyf":{"entryLength":16,"tag":"glyf","checksum":1391614966,"offset":2400,"length":33504},"head":{"entryLength":16,"tag":"head","checksum":260679660,"offset":220,"length":54},"hhea":{"entryLength":16,"tag":"hhea","checksum":201722027,"offset":276,"length":36},"hmtx":{"entryLength":16,"tag":"hmtx","checksum":3003794290,"offset":432,"length":900},"loca":{"entryLength":16,"tag":"loca","checksum":2805057514,"offset":1948,"length":452},"maxp":{"entryLength":16,"tag":"maxp","checksum":19530031,"offset":312,"length":32},"name":{"entryLength":16,"tag":"name","checksum":474768067,"offset":35904,"length":822},"post":{"entryLength":16,"tag":"post","checksum":2886466039,"offset":36728,"length":492}},"UnicodeCharMap":{"32":3,"33":4,"34":5,"35":6,"36":7,"37":8,"38":9,"39":10,"40":11,"41":12,"42":13,"43":14,"44":15,"45":16,"46":17,"47":18,"48":19,"49":20,"50":21,"51":22,"52":23,"53":24,"54":25,"55":26,"56":27,"57":28,"58":29,"59":30,"60":31,"61":32,"62":33,"63":34,"64":35,"65":36,"66":37,"67":38,"68":39,"69":40,"70":41,"71":42,"72":43,"73":44,"74":45,"75":46,"76":47,"77":48,"78":49,"79":50,"80":51,"81":52,"82":53,"83":54,"84":55,"85":56,"86":57,"87":58,"88":59,"89":60,"90":61,"91":62,"92":63,"93":64,"94":65,"95":66,"96":67,"97":68,"98":69,"99":70,"100":71,"101":72,"102":73,"103":74,"104":75,"105":76,"106":77,"107":78,"108":79,"109":80,"110":81,"111":82,"112":83,"113":84,"114":85,"115":86,"116":87,"117":88,"118":89,"119":90,"120":91,"121":92,"122":93,"123":94,"124":95,"125":96,"126":97,"160":98,"161":99,"162":100,"163":101,"164":102,"165":103,"167":104,"168":105,"169":106,"171":107,"174":108,"175":109,"176":110,"178":111,"179":112,"180":113,"182":115,"184":116,"185":117,"187":118,"188":119,"189":120,"190":121,"191":122,"192":123,"193":124,"194":125,"195":126,"196":127,"197":128,"198":129,"199":130,"200":131,"201":132,"202":133,"203":134,"204":135,"205":136,"206":137,"207":138,"208":139,"209":140,"210":141,"211":142,"212":143,"213":144,"214":145,"215":146,"216":147,"217":148,"218":149,"219":150,"220":151,"221":152,"222":153,"223":154,"224":155,"225":156,"226":157,"227":158,"228":159,"229":160,"230":161,"231":162,"232":163,"233":164,"234":165,"235":166,"236":167,"237":168,"238":169,"239":170,"240":171,"241":172,"242":173,"243":174,"244":175,"245":176,"246":177,"248":178,"249":179,"250":180,"251":181,"252":182,"253":183,"254":184,"255":185,"305":214,"321":212,"322":215,"338":213,"339":216,"352":217,"353":218,"376":224,"381":219,"382":220,"402":189,"710":203,"711":210,"728":205,"729":206,"730":207,"731":209,"732":204,"733":208,"956":114,"8211":195,"8212":211,"8216":187,"8217":186,"8218":198,"8220":190,"8221":200,"8222":199,"8224":196,"8226":197,"8230":201,"8240":202,"8249":191,"8250":192,"8260":188,"8482":222,"8721":223,"8722":221,"64257":193,"64258":194},"Reserves":null,"Names":[],"Nodes":{"eu":{"type":"typal","node":"eu","usage":1,"weight":1},"se":{"type":"typal","node":"se","usage":1,"weight":1},"eun":{"type":"typal","node":"eun","usage":1,"weight":1},"rse":{"type":"typal","node":"rse","usage":1,"weight":1},"eunu":{"type":"keys","node":"eunu","usage":1,"weight":1},"erse":{"type":"keys","node":"erse","usage":1,"weight":1},"eunuv":{"type":"keys","node":"eunuv","usage":1,"weight":1},"verse":{"type":"keys","node":"verse","usage":1,"weight":1},"eunuverse":{"type":"fixes","node":"eunuverse","usage":1,"weight":1}},"Contributors":[],"FontIdentity":"dd7074554c8d58644e3afd2b4678c10b","Bytes":3142006,"Networking":[],"barcode":"a6i10ea4ikmms","referee":"4IU21sE"}