{"CSS":{"Gloriana":"doofeu1:3d530398dff2793497445ff4.css"},"FontType":"TrueType","FontCopyright":"GlorianaTM Demo Version - Copyright 1998, Dave Nalle - Scriptorium Fonts","FontName":"Gloriana","FontSubfamily":"Book","FontSubfamilyID":"FontForge 2.0 : Gloriana : 28-8-2016","FontFullName":"Gloriana","FontVersion":"Version Altsys Fontographer  ","FontWeight":null,"FontPostscriptName":"Gloriana","Files":{"\/Gloriana.css":"\/Gloriana.css","\/font-resource.json":"\/font-resource.json","\/gloriana.afm":"\/gloriana.afm","\/gloriana.cef":"\/gloriana.cef","\/gloriana.cff":"\/gloriana.cff","\/gloriana.eot":"\/gloriana.eot","\/gloriana.gai":"\/gloriana.gai","\/gloriana.gsf":"\/gloriana.gsf","\/gloriana.otf":"\/gloriana.otf","\/gloriana.pf3":"\/gloriana.pf3","\/gloriana.pfa":"\/gloriana.pfa","\/gloriana.pfb":"\/gloriana.pfb","\/gloriana.php":"\/gloriana.php","\/gloriana.pt3":"\/gloriana.pt3","\/gloriana.sfd":"\/gloriana.sfd","\/gloriana.svg":"\/gloriana.svg","\/gloriana.t42":"\/gloriana.t42","\/gloriana.ttd":"\/gloriana.ttd","\/gloriana.ttf":"\/gloriana.ttf","\/gloriana.ttg":"\/gloriana.ttg","\/gloriana.ufm":"\/gloriana.ufm","\/gloriana.woff":"\/gloriana.woff","\/gloriana.z":"\/gloriana.z","\/gloriana.ufo\/feature.fea":"\/gloriana.ufo\/feature.fea","\/gloriana.ufo\/fontinfo.plist":"\/gloriana.ufo\/fontinfo.plist","\/gloriana.ufo\/groups.plist":"\/gloriana.ufo\/groups.plist","\/gloriana.ufo\/kerning.plist":"\/gloriana.ufo\/kerning.plist","\/gloriana.ufo\/metainfo.plist":"\/gloriana.ufo\/metainfo.plist","\/gloriana.ufo\/glyphs\/A_.glif":"\/gloriana.ufo\/glyphs\/A_.glif","\/gloriana.ufo\/glyphs\/A_E_.glif":"\/gloriana.ufo\/glyphs\/A_E_.glif","\/gloriana.ufo\/glyphs\/A_acute.glif":"\/gloriana.ufo\/glyphs\/A_acute.glif","\/gloriana.ufo\/glyphs\/A_circumflex.glif":"\/gloriana.ufo\/glyphs\/A_circumflex.glif","\/gloriana.ufo\/glyphs\/A_grave.glif":"\/gloriana.ufo\/glyphs\/A_grave.glif","\/gloriana.ufo\/glyphs\/A_tilde.glif":"\/gloriana.ufo\/glyphs\/A_tilde.glif","\/gloriana.ufo\/glyphs\/B_.glif":"\/gloriana.ufo\/glyphs\/B_.glif","\/gloriana.ufo\/glyphs\/C_.glif":"\/gloriana.ufo\/glyphs\/C_.glif","\/gloriana.ufo\/glyphs\/C_cedilla.glif":"\/gloriana.ufo\/glyphs\/C_cedilla.glif","\/gloriana.ufo\/glyphs\/D_.glif":"\/gloriana.ufo\/glyphs\/D_.glif","\/gloriana.ufo\/glyphs\/D_elta.glif":"\/gloriana.ufo\/glyphs\/D_elta.glif","\/gloriana.ufo\/glyphs\/E_.glif":"\/gloriana.ufo\/glyphs\/E_.glif","\/gloriana.ufo\/glyphs\/E_acute.glif":"\/gloriana.ufo\/glyphs\/E_acute.glif","\/gloriana.ufo\/glyphs\/E_circumflex.glif":"\/gloriana.ufo\/glyphs\/E_circumflex.glif","\/gloriana.ufo\/glyphs\/E_dieresis.glif":"\/gloriana.ufo\/glyphs\/E_dieresis.glif","\/gloriana.ufo\/glyphs\/E_grave.glif":"\/gloriana.ufo\/glyphs\/E_grave.glif","\/gloriana.ufo\/glyphs\/F_.glif":"\/gloriana.ufo\/glyphs\/F_.glif","\/gloriana.ufo\/glyphs\/G_.glif":"\/gloriana.ufo\/glyphs\/G_.glif","\/gloriana.ufo\/glyphs\/H_.glif":"\/gloriana.ufo\/glyphs\/H_.glif","\/gloriana.ufo\/glyphs\/I_.glif":"\/gloriana.ufo\/glyphs\/I_.glif","\/gloriana.ufo\/glyphs\/I_acute.glif":"\/gloriana.ufo\/glyphs\/I_acute.glif","\/gloriana.ufo\/glyphs\/I_circumflex.glif":"\/gloriana.ufo\/glyphs\/I_circumflex.glif","\/gloriana.ufo\/glyphs\/I_dieresis.glif":"\/gloriana.ufo\/glyphs\/I_dieresis.glif","\/gloriana.ufo\/glyphs\/I_grave.glif":"\/gloriana.ufo\/glyphs\/I_grave.glif","\/gloriana.ufo\/glyphs\/J_.glif":"\/gloriana.ufo\/glyphs\/J_.glif","\/gloriana.ufo\/glyphs\/K_.glif":"\/gloriana.ufo\/glyphs\/K_.glif","\/gloriana.ufo\/glyphs\/L_.glif":"\/gloriana.ufo\/glyphs\/L_.glif","\/gloriana.ufo\/glyphs\/M_.glif":"\/gloriana.ufo\/glyphs\/M_.glif","\/gloriana.ufo\/glyphs\/N_.glif":"\/gloriana.ufo\/glyphs\/N_.glif","\/gloriana.ufo\/glyphs\/N_tilde.glif":"\/gloriana.ufo\/glyphs\/N_tilde.glif","\/gloriana.ufo\/glyphs\/O_.glif":"\/gloriana.ufo\/glyphs\/O_.glif","\/gloriana.ufo\/glyphs\/O_E_.glif":"\/gloriana.ufo\/glyphs\/O_E_.glif","\/gloriana.ufo\/glyphs\/O_acute.glif":"\/gloriana.ufo\/glyphs\/O_acute.glif","\/gloriana.ufo\/glyphs\/O_circumflex.glif":"\/gloriana.ufo\/glyphs\/O_circumflex.glif","\/gloriana.ufo\/glyphs\/O_dieresis.glif":"\/gloriana.ufo\/glyphs\/O_dieresis.glif","\/gloriana.ufo\/glyphs\/O_grave.glif":"\/gloriana.ufo\/glyphs\/O_grave.glif","\/gloriana.ufo\/glyphs\/O_mega.glif":"\/gloriana.ufo\/glyphs\/O_mega.glif","\/gloriana.ufo\/glyphs\/O_slash.glif":"\/gloriana.ufo\/glyphs\/O_slash.glif","\/gloriana.ufo\/glyphs\/O_tilde.glif":"\/gloriana.ufo\/glyphs\/O_tilde.glif","\/gloriana.ufo\/glyphs\/P_.glif":"\/gloriana.ufo\/glyphs\/P_.glif","\/gloriana.ufo\/glyphs\/Q_.glif":"\/gloriana.ufo\/glyphs\/Q_.glif","\/gloriana.ufo\/glyphs\/R_.glif":"\/gloriana.ufo\/glyphs\/R_.glif","\/gloriana.ufo\/glyphs\/S_.glif":"\/gloriana.ufo\/glyphs\/S_.glif","\/gloriana.ufo\/glyphs\/T_.glif":"\/gloriana.ufo\/glyphs\/T_.glif","\/gloriana.ufo\/glyphs\/U_.glif":"\/gloriana.ufo\/glyphs\/U_.glif","\/gloriana.ufo\/glyphs\/U_acute.glif":"\/gloriana.ufo\/glyphs\/U_acute.glif","\/gloriana.ufo\/glyphs\/U_circumflex.glif":"\/gloriana.ufo\/glyphs\/U_circumflex.glif","\/gloriana.ufo\/glyphs\/U_dieresis.glif":"\/gloriana.ufo\/glyphs\/U_dieresis.glif","\/gloriana.ufo\/glyphs\/U_grave.glif":"\/gloriana.ufo\/glyphs\/U_grave.glif","\/gloriana.ufo\/glyphs\/V_.glif":"\/gloriana.ufo\/glyphs\/V_.glif","\/gloriana.ufo\/glyphs\/W_.glif":"\/gloriana.ufo\/glyphs\/W_.glif","\/gloriana.ufo\/glyphs\/X_.glif":"\/gloriana.ufo\/glyphs\/X_.glif","\/gloriana.ufo\/glyphs\/Y_.glif":"\/gloriana.ufo\/glyphs\/Y_.glif","\/gloriana.ufo\/glyphs\/Y_dieresis.glif":"\/gloriana.ufo\/glyphs\/Y_dieresis.glif","\/gloriana.ufo\/glyphs\/Z_.glif":"\/gloriana.ufo\/glyphs\/Z_.glif","\/gloriana.ufo\/glyphs\/_notdef.glif":"\/gloriana.ufo\/glyphs\/_notdef.glif","\/gloriana.ufo\/glyphs\/_null.glif":"\/gloriana.ufo\/glyphs\/_null.glif","\/gloriana.ufo\/glyphs\/a.glif":"\/gloriana.ufo\/glyphs\/a.glif","\/gloriana.ufo\/glyphs\/aacute.glif":"\/gloriana.ufo\/glyphs\/aacute.glif","\/gloriana.ufo\/glyphs\/acircumflex.glif":"\/gloriana.ufo\/glyphs\/acircumflex.glif","\/gloriana.ufo\/glyphs\/acute.glif":"\/gloriana.ufo\/glyphs\/acute.glif","\/gloriana.ufo\/glyphs\/adieresis.glif":"\/gloriana.ufo\/glyphs\/adieresis.glif","\/gloriana.ufo\/glyphs\/ae.glif":"\/gloriana.ufo\/glyphs\/ae.glif","\/gloriana.ufo\/glyphs\/agrave.glif":"\/gloriana.ufo\/glyphs\/agrave.glif","\/gloriana.ufo\/glyphs\/ampersand.glif":"\/gloriana.ufo\/glyphs\/ampersand.glif","\/gloriana.ufo\/glyphs\/apple.glif":"\/gloriana.ufo\/glyphs\/apple.glif","\/gloriana.ufo\/glyphs\/approxequal.glif":"\/gloriana.ufo\/glyphs\/approxequal.glif","\/gloriana.ufo\/glyphs\/aring.glif":"\/gloriana.ufo\/glyphs\/aring.glif","\/gloriana.ufo\/glyphs\/asterisk.glif":"\/gloriana.ufo\/glyphs\/asterisk.glif","\/gloriana.ufo\/glyphs\/at.glif":"\/gloriana.ufo\/glyphs\/at.glif","\/gloriana.ufo\/glyphs\/atilde.glif":"\/gloriana.ufo\/glyphs\/atilde.glif","\/gloriana.ufo\/glyphs\/b.glif":"\/gloriana.ufo\/glyphs\/b.glif","\/gloriana.ufo\/glyphs\/bullet.glif":"\/gloriana.ufo\/glyphs\/bullet.glif","\/gloriana.ufo\/glyphs\/c.glif":"\/gloriana.ufo\/glyphs\/c.glif","\/gloriana.ufo\/glyphs\/caron.glif":"\/gloriana.ufo\/glyphs\/caron.glif","\/gloriana.ufo\/glyphs\/ccedilla.glif":"\/gloriana.ufo\/glyphs\/ccedilla.glif","\/gloriana.ufo\/glyphs\/cent.glif":"\/gloriana.ufo\/glyphs\/cent.glif","\/gloriana.ufo\/glyphs\/colon.glif":"\/gloriana.ufo\/glyphs\/colon.glif","\/gloriana.ufo\/glyphs\/comma.glif":"\/gloriana.ufo\/glyphs\/comma.glif","\/gloriana.ufo\/glyphs\/contents.plist":"\/gloriana.ufo\/glyphs\/contents.plist","\/gloriana.ufo\/glyphs\/copyright.glif":"\/gloriana.ufo\/glyphs\/copyright.glif","\/gloriana.ufo\/glyphs\/currency.glif":"\/gloriana.ufo\/glyphs\/currency.glif","\/gloriana.ufo\/glyphs\/d.glif":"\/gloriana.ufo\/glyphs\/d.glif","\/gloriana.ufo\/glyphs\/dagger.glif":"\/gloriana.ufo\/glyphs\/dagger.glif","\/gloriana.ufo\/glyphs\/daggerdbl.glif":"\/gloriana.ufo\/glyphs\/daggerdbl.glif","\/gloriana.ufo\/glyphs\/degree.glif":"\/gloriana.ufo\/glyphs\/degree.glif","\/gloriana.ufo\/glyphs\/dieresis.glif":"\/gloriana.ufo\/glyphs\/dieresis.glif","\/gloriana.ufo\/glyphs\/divide.glif":"\/gloriana.ufo\/glyphs\/divide.glif","\/gloriana.ufo\/glyphs\/dollar.glif":"\/gloriana.ufo\/glyphs\/dollar.glif","\/gloriana.ufo\/glyphs\/dotlessi.glif":"\/gloriana.ufo\/glyphs\/dotlessi.glif","\/gloriana.ufo\/glyphs\/e.glif":"\/gloriana.ufo\/glyphs\/e.glif","\/gloriana.ufo\/glyphs\/eacute.glif":"\/gloriana.ufo\/glyphs\/eacute.glif","\/gloriana.ufo\/glyphs\/ecircumflex.glif":"\/gloriana.ufo\/glyphs\/ecircumflex.glif","\/gloriana.ufo\/glyphs\/edieresis.glif":"\/gloriana.ufo\/glyphs\/edieresis.glif","\/gloriana.ufo\/glyphs\/egrave.glif":"\/gloriana.ufo\/glyphs\/egrave.glif","\/gloriana.ufo\/glyphs\/eight.glif":"\/gloriana.ufo\/glyphs\/eight.glif","\/gloriana.ufo\/glyphs\/ellipsis.glif":"\/gloriana.ufo\/glyphs\/ellipsis.glif","\/gloriana.ufo\/glyphs\/emdash.glif":"\/gloriana.ufo\/glyphs\/emdash.glif","\/gloriana.ufo\/glyphs\/endash.glif":"\/gloriana.ufo\/glyphs\/endash.glif","\/gloriana.ufo\/glyphs\/exclam.glif":"\/gloriana.ufo\/glyphs\/exclam.glif","\/gloriana.ufo\/glyphs\/exclamdown.glif":"\/gloriana.ufo\/glyphs\/exclamdown.glif","\/gloriana.ufo\/glyphs\/f.glif":"\/gloriana.ufo\/glyphs\/f.glif","\/gloriana.ufo\/glyphs\/fi.glif":"\/gloriana.ufo\/glyphs\/fi.glif","\/gloriana.ufo\/glyphs\/five.glif":"\/gloriana.ufo\/glyphs\/five.glif","\/gloriana.ufo\/glyphs\/fl.glif":"\/gloriana.ufo\/glyphs\/fl.glif","\/gloriana.ufo\/glyphs\/florin.glif":"\/gloriana.ufo\/glyphs\/florin.glif","\/gloriana.ufo\/glyphs\/four.glif":"\/gloriana.ufo\/glyphs\/four.glif","\/gloriana.ufo\/glyphs\/fraction.glif":"\/gloriana.ufo\/glyphs\/fraction.glif","\/gloriana.ufo\/glyphs\/g.glif":"\/gloriana.ufo\/glyphs\/g.glif","\/gloriana.ufo\/glyphs\/germandbls.glif":"\/gloriana.ufo\/glyphs\/germandbls.glif","\/gloriana.ufo\/glyphs\/grave.glif":"\/gloriana.ufo\/glyphs\/grave.glif","\/gloriana.ufo\/glyphs\/greaterequal.glif":"\/gloriana.ufo\/glyphs\/greaterequal.glif","\/gloriana.ufo\/glyphs\/guillemotleft.glif":"\/gloriana.ufo\/glyphs\/guillemotleft.glif","\/gloriana.ufo\/glyphs\/guillemotright.glif":"\/gloriana.ufo\/glyphs\/guillemotright.glif","\/gloriana.ufo\/glyphs\/guilsinglleft.glif":"\/gloriana.ufo\/glyphs\/guilsinglleft.glif","\/gloriana.ufo\/glyphs\/guilsinglright.glif":"\/gloriana.ufo\/glyphs\/guilsinglright.glif","\/gloriana.ufo\/glyphs\/h.glif":"\/gloriana.ufo\/glyphs\/h.glif","\/gloriana.ufo\/glyphs\/hungarumlaut.glif":"\/gloriana.ufo\/glyphs\/hungarumlaut.glif","\/gloriana.ufo\/glyphs\/hyphen.glif":"\/gloriana.ufo\/glyphs\/hyphen.glif","\/gloriana.ufo\/glyphs\/i.glif":"\/gloriana.ufo\/glyphs\/i.glif","\/gloriana.ufo\/glyphs\/iacute.glif":"\/gloriana.ufo\/glyphs\/iacute.glif","\/gloriana.ufo\/glyphs\/icircumflex.glif":"\/gloriana.ufo\/glyphs\/icircumflex.glif","\/gloriana.ufo\/glyphs\/idieresis.glif":"\/gloriana.ufo\/glyphs\/idieresis.glif","\/gloriana.ufo\/glyphs\/igrave.glif":"\/gloriana.ufo\/glyphs\/igrave.glif","\/gloriana.ufo\/glyphs\/infinity.glif":"\/gloriana.ufo\/glyphs\/infinity.glif","\/gloriana.ufo\/glyphs\/integral.glif":"\/gloriana.ufo\/glyphs\/integral.glif","\/gloriana.ufo\/glyphs\/j.glif":"\/gloriana.ufo\/glyphs\/j.glif","\/gloriana.ufo\/glyphs\/k.glif":"\/gloriana.ufo\/glyphs\/k.glif","\/gloriana.ufo\/glyphs\/l.glif":"\/gloriana.ufo\/glyphs\/l.glif","\/gloriana.ufo\/glyphs\/lessequal.glif":"\/gloriana.ufo\/glyphs\/lessequal.glif","\/gloriana.ufo\/glyphs\/logicalnot.glif":"\/gloriana.ufo\/glyphs\/logicalnot.glif","\/gloriana.ufo\/glyphs\/lozenge.glif":"\/gloriana.ufo\/glyphs\/lozenge.glif","\/gloriana.ufo\/glyphs\/m.glif":"\/gloriana.ufo\/glyphs\/m.glif","\/gloriana.ufo\/glyphs\/mu.glif":"\/gloriana.ufo\/glyphs\/mu.glif","\/gloriana.ufo\/glyphs\/n.glif":"\/gloriana.ufo\/glyphs\/n.glif","\/gloriana.ufo\/glyphs\/nine.glif":"\/gloriana.ufo\/glyphs\/nine.glif","\/gloriana.ufo\/glyphs\/nonbreakingspace.glif":"\/gloriana.ufo\/glyphs\/nonbreakingspace.glif","\/gloriana.ufo\/glyphs\/nonmarkingreturn.glif":"\/gloriana.ufo\/glyphs\/nonmarkingreturn.glif","\/gloriana.ufo\/glyphs\/notequal.glif":"\/gloriana.ufo\/glyphs\/notequal.glif","\/gloriana.ufo\/glyphs\/ntilde.glif":"\/gloriana.ufo\/glyphs\/ntilde.glif","\/gloriana.ufo\/glyphs\/numbersign.glif":"\/gloriana.ufo\/glyphs\/numbersign.glif","\/gloriana.ufo\/glyphs\/o.glif":"\/gloriana.ufo\/glyphs\/o.glif","\/gloriana.ufo\/glyphs\/oacute.glif":"\/gloriana.ufo\/glyphs\/oacute.glif","\/gloriana.ufo\/glyphs\/ocircumflex.glif":"\/gloriana.ufo\/glyphs\/ocircumflex.glif","\/gloriana.ufo\/glyphs\/odieresis.glif":"\/gloriana.ufo\/glyphs\/odieresis.glif","\/gloriana.ufo\/glyphs\/oe.glif":"\/gloriana.ufo\/glyphs\/oe.glif","\/gloriana.ufo\/glyphs\/ograve.glif":"\/gloriana.ufo\/glyphs\/ograve.glif","\/gloriana.ufo\/glyphs\/one.glif":"\/gloriana.ufo\/glyphs\/one.glif","\/gloriana.ufo\/glyphs\/ordfeminine.glif":"\/gloriana.ufo\/glyphs\/ordfeminine.glif","\/gloriana.ufo\/glyphs\/ordmasculine.glif":"\/gloriana.ufo\/glyphs\/ordmasculine.glif","\/gloriana.ufo\/glyphs\/oslash.glif":"\/gloriana.ufo\/glyphs\/oslash.glif","\/gloriana.ufo\/glyphs\/otilde.glif":"\/gloriana.ufo\/glyphs\/otilde.glif","\/gloriana.ufo\/glyphs\/p.glif":"\/gloriana.ufo\/glyphs\/p.glif","\/gloriana.ufo\/glyphs\/paragraph.glif":"\/gloriana.ufo\/glyphs\/paragraph.glif","\/gloriana.ufo\/glyphs\/parenleft.glif":"\/gloriana.ufo\/glyphs\/parenleft.glif","\/gloriana.ufo\/glyphs\/parenright.glif":"\/gloriana.ufo\/glyphs\/parenright.glif","\/gloriana.ufo\/glyphs\/partialdiff.glif":"\/gloriana.ufo\/glyphs\/partialdiff.glif","\/gloriana.ufo\/glyphs\/percent.glif":"\/gloriana.ufo\/glyphs\/percent.glif","\/gloriana.ufo\/glyphs\/period.glif":"\/gloriana.ufo\/glyphs\/period.glif","\/gloriana.ufo\/glyphs\/periodcentered.glif":"\/gloriana.ufo\/glyphs\/periodcentered.glif","\/gloriana.ufo\/glyphs\/perthousand.glif":"\/gloriana.ufo\/glyphs\/perthousand.glif","\/gloriana.ufo\/glyphs\/pi.glif":"\/gloriana.ufo\/glyphs\/pi.glif","\/gloriana.ufo\/glyphs\/plus.glif":"\/gloriana.ufo\/glyphs\/plus.glif","\/gloriana.ufo\/glyphs\/plusminus.glif":"\/gloriana.ufo\/glyphs\/plusminus.glif","\/gloriana.ufo\/glyphs\/product.glif":"\/gloriana.ufo\/glyphs\/product.glif","\/gloriana.ufo\/glyphs\/q.glif":"\/gloriana.ufo\/glyphs\/q.glif","\/gloriana.ufo\/glyphs\/question.glif":"\/gloriana.ufo\/glyphs\/question.glif","\/gloriana.ufo\/glyphs\/questiondown.glif":"\/gloriana.ufo\/glyphs\/questiondown.glif","\/gloriana.ufo\/glyphs\/quotedbl.glif":"\/gloriana.ufo\/glyphs\/quotedbl.glif","\/gloriana.ufo\/glyphs\/quotedblbase.glif":"\/gloriana.ufo\/glyphs\/quotedblbase.glif","\/gloriana.ufo\/glyphs\/quotedblleft.glif":"\/gloriana.ufo\/glyphs\/quotedblleft.glif","\/gloriana.ufo\/glyphs\/quotedblright.glif":"\/gloriana.ufo\/glyphs\/quotedblright.glif","\/gloriana.ufo\/glyphs\/quoteleft.glif":"\/gloriana.ufo\/glyphs\/quoteleft.glif","\/gloriana.ufo\/glyphs\/quoteright.glif":"\/gloriana.ufo\/glyphs\/quoteright.glif","\/gloriana.ufo\/glyphs\/quotesinglbase.glif":"\/gloriana.ufo\/glyphs\/quotesinglbase.glif","\/gloriana.ufo\/glyphs\/quotesingle.glif":"\/gloriana.ufo\/glyphs\/quotesingle.glif","\/gloriana.ufo\/glyphs\/r.glif":"\/gloriana.ufo\/glyphs\/r.glif","\/gloriana.ufo\/glyphs\/radical.glif":"\/gloriana.ufo\/glyphs\/radical.glif","\/gloriana.ufo\/glyphs\/registered.glif":"\/gloriana.ufo\/glyphs\/registered.glif","\/gloriana.ufo\/glyphs\/s.glif":"\/gloriana.ufo\/glyphs\/s.glif","\/gloriana.ufo\/glyphs\/section.glif":"\/gloriana.ufo\/glyphs\/section.glif","\/gloriana.ufo\/glyphs\/semicolon.glif":"\/gloriana.ufo\/glyphs\/semicolon.glif","\/gloriana.ufo\/glyphs\/seven.glif":"\/gloriana.ufo\/glyphs\/seven.glif","\/gloriana.ufo\/glyphs\/six.glif":"\/gloriana.ufo\/glyphs\/six.glif","\/gloriana.ufo\/glyphs\/slash.glif":"\/gloriana.ufo\/glyphs\/slash.glif","\/gloriana.ufo\/glyphs\/space.glif":"\/gloriana.ufo\/glyphs\/space.glif","\/gloriana.ufo\/glyphs\/sterling.glif":"\/gloriana.ufo\/glyphs\/sterling.glif","\/gloriana.ufo\/glyphs\/summation.glif":"\/gloriana.ufo\/glyphs\/summation.glif","\/gloriana.ufo\/glyphs\/t.glif":"\/gloriana.ufo\/glyphs\/t.glif","\/gloriana.ufo\/glyphs\/three.glif":"\/gloriana.ufo\/glyphs\/three.glif","\/gloriana.ufo\/glyphs\/tilde.glif":"\/gloriana.ufo\/glyphs\/tilde.glif","\/gloriana.ufo\/glyphs\/trademark.glif":"\/gloriana.ufo\/glyphs\/trademark.glif","\/gloriana.ufo\/glyphs\/two.glif":"\/gloriana.ufo\/glyphs\/two.glif","\/gloriana.ufo\/glyphs\/u.glif":"\/gloriana.ufo\/glyphs\/u.glif","\/gloriana.ufo\/glyphs\/uacute.glif":"\/gloriana.ufo\/glyphs\/uacute.glif","\/gloriana.ufo\/glyphs\/ucircumflex.glif":"\/gloriana.ufo\/glyphs\/ucircumflex.glif","\/gloriana.ufo\/glyphs\/udieresis.glif":"\/gloriana.ufo\/glyphs\/udieresis.glif","\/gloriana.ufo\/glyphs\/ugrave.glif":"\/gloriana.ufo\/glyphs\/ugrave.glif","\/gloriana.ufo\/glyphs\/v.glif":"\/gloriana.ufo\/glyphs\/v.glif","\/gloriana.ufo\/glyphs\/w.glif":"\/gloriana.ufo\/glyphs\/w.glif","\/gloriana.ufo\/glyphs\/x.glif":"\/gloriana.ufo\/glyphs\/x.glif","\/gloriana.ufo\/glyphs\/y.glif":"\/gloriana.ufo\/glyphs\/y.glif","\/gloriana.ufo\/glyphs\/ydieresis.glif":"\/gloriana.ufo\/glyphs\/ydieresis.glif","\/gloriana.ufo\/glyphs\/yen.glif":"\/gloriana.ufo\/glyphs\/yen.glif","\/gloriana.ufo\/glyphs\/z.glif":"\/gloriana.ufo\/glyphs\/z.glif","\/gloriana.ufo\/glyphs\/zero.glif":"\/gloriana.ufo\/glyphs\/zero.glif"},"Font":{"uploaded":1472368954.9477,"licence":"gpl3","company":"Chronolabs Cooperative","title":"Gloriana","version":3.002,"date":"Sun Aug 28 07:51:31 2016","creator":"root","type":"1","matrix":"0.001 0 0 0.001 0 0","named":"Gloriana","painttype":"0","info":"10 dict dup","name":"Gloriana","family":"Gloriana","weight":"Book","fstype":"1","italicangle":"0","underlineposition":"","underlinethickness":""},"Licences":{"":false},"Table":{"FFTM":{"entryLength":16,"tag":"FFTM","checksum":1947015830,"offset":16460,"length":28},"GDEF":{"entryLength":16,"tag":"GDEF","checksum":16384004,"offset":16428,"length":32},"OS\/2":{"entryLength":16,"tag":"OS\/2","checksum":2042763799,"offset":344,"length":86},"cmap":{"entryLength":16,"tag":"cmap","checksum":2563635857,"offset":1016,"length":728},"gasp":{"entryLength":16,"tag":"gasp","checksum":4294901763,"offset":16420,"length":8},"glyf":{"entryLength":16,"tag":"glyf","checksum":3706302805,"offset":2156,"length":13128},"head":{"entryLength":16,"tag":"head","checksum":162828799,"offset":220,"length":54},"hhea":{"entryLength":16,"tag":"hhea","checksum":104791200,"offset":276,"length":36},"hmtx":{"entryLength":16,"tag":"hmtx","checksum":4073979273,"offset":432,"length":584},"loca":{"entryLength":16,"tag":"loca","checksum":1812167018,"offset":1744,"length":412},"maxp":{"entryLength":16,"tag":"maxp","checksum":17957030,"offset":312,"length":32},"name":{"entryLength":16,"tag":"name","checksum":2180010806,"offset":15284,"length":690},"post":{"entryLength":16,"tag":"post","checksum":752757994,"offset":15976,"length":444}},"UnicodeCharMap":{"0":1,"13":2,"32":3,"33":4,"34":5,"35":6,"36":7,"37":8,"38":9,"39":10,"40":11,"41":12,"42":13,"43":14,"44":15,"45":16,"46":17,"47":18,"48":19,"49":20,"50":21,"51":22,"52":23,"53":24,"54":25,"55":26,"56":27,"57":28,"58":29,"59":30,"63":31,"64":32,"65":33,"66":34,"67":35,"68":36,"69":37,"70":38,"71":39,"72":40,"73":41,"74":42,"75":43,"76":44,"77":45,"78":46,"79":47,"80":48,"81":49,"82":50,"83":51,"84":52,"85":53,"86":54,"87":55,"88":56,"89":57,"90":58,"96":59,"97":60,"98":61,"99":62,"100":63,"101":64,"102":65,"103":66,"104":67,"105":68,"106":69,"107":70,"108":71,"109":72,"110":73,"111":74,"112":75,"113":76,"114":77,"115":78,"116":79,"117":80,"118":81,"119":82,"120":83,"121":84,"122":85,"160":86,"161":87,"162":88,"163":89,"164":90,"165":91,"167":92,"168":93,"169":94,"170":95,"171":96,"172":97,"174":98,"176":99,"177":100,"180":101,"182":103,"183":180,"186":104,"187":105,"191":106,"192":107,"193":108,"194":109,"195":110,"198":111,"199":112,"200":113,"201":114,"202":115,"203":116,"204":117,"205":118,"206":119,"207":120,"209":121,"210":122,"211":123,"212":124,"213":125,"214":126,"216":127,"217":128,"218":129,"219":130,"220":131,"223":132,"224":133,"225":134,"226":135,"227":136,"228":137,"229":138,"230":139,"231":140,"232":141,"233":142,"234":143,"235":144,"236":145,"237":146,"238":147,"239":148,"241":149,"242":150,"243":151,"244":152,"245":153,"246":154,"247":155,"248":156,"249":157,"250":158,"251":159,"252":160,"255":161,"305":184,"338":166,"339":167,"376":203,"402":164,"711":187,"732":185,"733":186,"916":201,"937":198,"956":102,"960":196,"8211":168,"8212":169,"8216":172,"8217":173,"8218":181,"8220":170,"8221":171,"8222":182,"8224":162,"8225":179,"8226":163,"8230":165,"8240":183,"8249":175,"8250":176,"8260":174,"8482":188,"8706":193,"8719":195,"8721":194,"8730":199,"8734":190,"8747":197,"8776":200,"8800":189,"8804":191,"8805":192,"9674":202,"64257":177,"64258":178},"Reserves":{"fontname":"Gloriana"},"Names":{"Gloriana":{"name":"Gloriana","longitude":"0.00000001","latitude":"0.00000001","country":"","region":"","city":""}},"Nodes":{"gl":{"type":"typal","node":"gl","usage":1,"weight":1},"na":{"type":"typal","node":"na","usage":1,"weight":1},"glo":{"type":"typal","node":"glo","usage":1,"weight":1},"ana":{"type":"typal","node":"ana","usage":1,"weight":1},"glor":{"type":"keys","node":"glor","usage":1,"weight":1},"iana":{"type":"keys","node":"iana","usage":1,"weight":1},"glori":{"type":"keys","node":"glori","usage":1,"weight":1},"riana":{"type":"keys","node":"riana","usage":1,"weight":1},"gloriana":{"type":"fixes","node":"gloriana","usage":1,"weight":1}},"Contributors":[],"FontIdentity":"doofeu1:3d530398dff2793497445ff4","Bytes":null,"Networking":[],"barcode":"wkwcsyeqwcqm6","referee":"Cm0um"}