{"CSS":{"Chancellor":"Chancellor.css"},"FontType":"TrueType","FontCopyright":null,"FontName":"Chancellor","FontSubfamily":"Book","FontSubfamilyID":"FontForge 2.0 : Chancellor : 26-12-2016","FontFullName":"Chancellor","FontVersion":"Version 0.0 ","FontWeight":null,"FontPostscriptName":"Chancellor","Files":{"chancellor.afm":"chancellor.afm","chancellor.bin":"chancellor.bin","chancellor.cef":"chancellor.cef","chancellor.cff":"chancellor.cff","chancellor.cid":"chancellor.cid","chancellor.dfont":"chancellor.dfont","chancellor.eot":"chancellor.eot","chancellor.fon":"chancellor.fon","chancellor.gai":"chancellor.gai","chancellor.gsf":"chancellor.gsf","chancellor.hqx":"chancellor.hqx","chancellor.ik":"chancellor.ik","chancellor.mf":"chancellor.mf","chancellor.otf":"chancellor.otf","chancellor.pcf":"chancellor.pcf","chancellor.pf3":"chancellor.pf3","chancellor.pfa":"chancellor.pfa","chancellor.pfb":"chancellor.pfb","chancellor.php":"chancellor.php","chancellor.pmf":"chancellor.pmf","chancellor.pt3":"chancellor.pt3","chancellor.sfd":"chancellor.sfd","chancellor.svg":"chancellor.svg","chancellor.t42":"chancellor.t42","chancellor.ttd":"chancellor.ttd","chancellor.ttf":"chancellor.ttf","chancellor.ttg":"chancellor.ttg","chancellor.ufm":"chancellor.ufm","chancellor.woff":"chancellor.woff","chancellor.z":"chancellor.z","":{"chancellor.afm":"chancellor.afm","chancellor.bin":"chancellor.bin","chancellor.cef":"chancellor.cef","chancellor.cff":"chancellor.cff","chancellor.cid":"chancellor.cid","chancellor.dfont":"chancellor.dfont","chancellor.eot":"chancellor.eot","chancellor.fon":"chancellor.fon","chancellor.gai":"chancellor.gai","chancellor.gsf":"chancellor.gsf","chancellor.hqx":"chancellor.hqx","chancellor.ik":"chancellor.ik","chancellor.mf":"chancellor.mf","chancellor.otf":"chancellor.otf","chancellor.pcf":"chancellor.pcf","chancellor.pf3":"chancellor.pf3","chancellor.pfa":"chancellor.pfa","chancellor.pfb":"chancellor.pfb","chancellor.php":"chancellor.php","chancellor.pmf":"chancellor.pmf","chancellor.pt3":"chancellor.pt3","chancellor.sfd":"chancellor.sfd","chancellor.svg":"chancellor.svg","chancellor.t42":"chancellor.t42","chancellor.ttd":"chancellor.ttd","chancellor.ttf":"chancellor.ttf","chancellor.ttg":"chancellor.ttg","chancellor.ufm":"chancellor.ufm","chancellor.woff":"chancellor.woff","chancellor.z":"chancellor.z"},"\/chancellor.ufo":{"feature.fea":"feature.fea","fontinfo.plist":"fontinfo.plist","groups.plist":"groups.plist","kerning.plist":"kerning.plist","metainfo.plist":"metainfo.plist"},"\/chancellor.ufo\/glyphs":{"A_.glif":"A_.glif","A_E_.glif":"A_E_.glif","A_acute.glif":"A_acute.glif","A_circumflex.glif":"A_circumflex.glif","A_dieresis.glif":"A_dieresis.glif","A_grave.glif":"A_grave.glif","A_ring.glif":"A_ring.glif","A_tilde.glif":"A_tilde.glif","B_.glif":"B_.glif","C_.glif":"C_.glif","C_cedilla.glif":"C_cedilla.glif","D_.glif":"D_.glif","D_E_L_.glif":"D_E_L_.glif","E_.glif":"E_.glif","E_acute.glif":"E_acute.glif","E_circumflex.glif":"E_circumflex.glif","E_dieresis.glif":"E_dieresis.glif","E_grave.glif":"E_grave.glif","E_th.glif":"E_th.glif","F_.glif":"F_.glif","G_.glif":"G_.glif","H_.glif":"H_.glif","I_.glif":"I_.glif","I_acute.glif":"I_acute.glif","I_circumflex.glif":"I_circumflex.glif","I_dieresis.glif":"I_dieresis.glif","I_grave.glif":"I_grave.glif","J_.glif":"J_.glif","K_.glif":"K_.glif","L_.glif":"L_.glif","M_.glif":"M_.glif","N_.glif":"N_.glif","N_tilde.glif":"N_tilde.glif","O_.glif":"O_.glif","O_E_.glif":"O_E_.glif","O_acute.glif":"O_acute.glif","O_circumflex.glif":"O_circumflex.glif","O_dieresis.glif":"O_dieresis.glif","O_grave.glif":"O_grave.glif","O_slash.glif":"O_slash.glif","O_tilde.glif":"O_tilde.glif","P_.glif":"P_.glif","Q_.glif":"Q_.glif","R_.glif":"R_.glif","S_.glif":"S_.glif","T_.glif":"T_.glif","T_horn.glif":"T_horn.glif","U_.glif":"U_.glif","U_acute.glif":"U_acute.glif","U_circumflex.glif":"U_circumflex.glif","U_dieresis.glif":"U_dieresis.glif","U_grave.glif":"U_grave.glif","V_.glif":"V_.glif","W_.glif":"W_.glif","X_.glif":"X_.glif","Y_.glif":"Y_.glif","Y_acute.glif":"Y_acute.glif","Y_dieresis.glif":"Y_dieresis.glif","Z_.glif":"Z_.glif","_notdef.glif":"_notdef.glif","_null.glif":"_null.glif","a.glif":"a.glif","aacute.glif":"aacute.glif","acircumflex.glif":"acircumflex.glif","acute.glif":"acute.glif","adieresis.glif":"adieresis.glif","ae.glif":"ae.glif","agrave.glif":"agrave.glif","ampersand.glif":"ampersand.glif","aring.glif":"aring.glif","asciicircum.glif":"asciicircum.glif","asciitilde.glif":"asciitilde.glif","asterisk.glif":"asterisk.glif","at.glif":"at.glif","atilde.glif":"atilde.glif","b.glif":"b.glif","backslash.glif":"backslash.glif","bar.glif":"bar.glif","braceleft.glif":"braceleft.glif","braceright.glif":"braceright.glif","bracketleft.glif":"bracketleft.glif","bracketright.glif":"bracketright.glif","brokenbar.glif":"brokenbar.glif","bullet.glif":"bullet.glif","c.glif":"c.glif","ccedilla.glif":"ccedilla.glif","cedilla.glif":"cedilla.glif","cent.glif":"cent.glif","circumflex.glif":"circumflex.glif","colon.glif":"colon.glif","comma.glif":"comma.glif","contents.plist":"contents.plist","currency.glif":"currency.glif","d.glif":"d.glif","dagger.glif":"dagger.glif","daggerdbl.glif":"daggerdbl.glif","degree.glif":"degree.glif","dieresis.glif":"dieresis.glif","divide.glif":"divide.glif","dollar.glif":"dollar.glif","e.glif":"e.glif","eacute.glif":"eacute.glif","ecircumflex.glif":"ecircumflex.glif","edieresis.glif":"edieresis.glif","egrave.glif":"egrave.glif","eight.glif":"eight.glif","ellipsis.glif":"ellipsis.glif","emdash.glif":"emdash.glif","endash.glif":"endash.glif","equal.glif":"equal.glif","eth.glif":"eth.glif","exclam.glif":"exclam.glif","exclamdown.glif":"exclamdown.glif","f.glif":"f.glif","five.glif":"five.glif","florin.glif":"florin.glif","four.glif":"four.glif","g.glif":"g.glif","germandbls.glif":"germandbls.glif","grave.glif":"grave.glif","greater.glif":"greater.glif","guillemotleft.glif":"guillemotleft.glif","guillemotright.glif":"guillemotright.glif","guilsinglleft.glif":"guilsinglleft.glif","guilsinglright.glif":"guilsinglright.glif","h.glif":"h.glif","hyphen.glif":"hyphen.glif","i.glif":"i.glif","iacute.glif":"iacute.glif","icircumflex.glif":"icircumflex.glif","idieresis.glif":"idieresis.glif","igrave.glif":"igrave.glif","j.glif":"j.glif","k.glif":"k.glif","l.glif":"l.glif","less.glif":"less.glif","logicalnot.glif":"logicalnot.glif","m.glif":"m.glif","mu.glif":"mu.glif","n.glif":"n.glif","nine.glif":"nine.glif","nonbreakingspace.glif":"nonbreakingspace.glif","nonmarkingreturn.glif":"nonmarkingreturn.glif","ntilde.glif":"ntilde.glif","numbersign.glif":"numbersign.glif","o.glif":"o.glif","oacute.glif":"oacute.glif","ocircumflex.glif":"ocircumflex.glif","odieresis.glif":"odieresis.glif","oe.glif":"oe.glif","ograve.glif":"ograve.glif","one.glif":"one.glif","onehalf.glif":"onehalf.glif","onequarter.glif":"onequarter.glif","onesuperior.glif":"onesuperior.glif","ordfeminine.glif":"ordfeminine.glif","ordmasculine.glif":"ordmasculine.glif","oslash.glif":"oslash.glif","otilde.glif":"otilde.glif","p.glif":"p.glif","paragraph.glif":"paragraph.glif","parenleft.glif":"parenleft.glif","parenright.glif":"parenright.glif","percent.glif":"percent.glif","period.glif":"period.glif","periodcentered.glif":"periodcentered.glif","perthousand.glif":"perthousand.glif","plus.glif":"plus.glif","plusminus.glif":"plusminus.glif","q.glif":"q.glif","question.glif":"question.glif","questiondown.glif":"questiondown.glif","quotedbl.glif":"quotedbl.glif","quotedblbase.glif":"quotedblbase.glif","quotedblleft.glif":"quotedblleft.glif","quotedblright.glif":"quotedblright.glif","quoteleft.glif":"quoteleft.glif","quoteright.glif":"quoteright.glif","quotesingle.glif":"quotesingle.glif","r.glif":"r.glif","s.glif":"s.glif","section.glif":"section.glif","semicolon.glif":"semicolon.glif","seven.glif":"seven.glif","six.glif":"six.glif","slash.glif":"slash.glif","space.glif":"space.glif","sterling.glif":"sterling.glif","t.glif":"t.glif","thorn.glif":"thorn.glif","three.glif":"three.glif","threequarters.glif":"threequarters.glif","threesuperior.glif":"threesuperior.glif","tilde.glif":"tilde.glif","two.glif":"two.glif","twosuperior.glif":"twosuperior.glif","u.glif":"u.glif","u008D_.glif":"u008D_.glif","u009D_.glif":"u009D_.glif","u009E_.glif":"u009E_.glif","uacute.glif":"uacute.glif","ucircumflex.glif":"ucircumflex.glif","udieresis.glif":"udieresis.glif","ugrave.glif":"ugrave.glif","underscore.glif":"underscore.glif","v.glif":"v.glif","w.glif":"w.glif","x.glif":"x.glif","y.glif":"y.glif","yacute.glif":"yacute.glif","ydieresis.glif":"ydieresis.glif","yen.glif":"yen.glif","z.glif":"z.glif","zero.glif":"zero.glif"}},"Font":{"uploaded":1482684845.9565,"licence":"gpl3","company":"Chronolabs Cooperative","title":"Chancellor","version":2.001,"date":"Sun Aug 28 08:19:51 2016","creator":"root","type":"1","matrix":"0.000488281 0 0 0.000488281 0 0","named":"Chancellor","painttype":"0","info":"9 dict dup","name":"Chancellor","family":"Chancellor","weight":"Book","fstype":"0","italicangle":"0","underlineposition":"","underlinethickness":""},"Table":{"FFTM":{"entryLength":16,"tag":"FFTM","checksum":1947019232,"offset":35092,"length":28},"GDEF":{"entryLength":16,"tag":"GDEF","checksum":16908292,"offset":35060,"length":32},"OS\/2":{"entryLength":16,"tag":"OS\/2","checksum":1694369853,"offset":344,"length":86},"cmap":{"entryLength":16,"tag":"cmap","checksum":1227232413,"offset":1284,"length":588},"gasp":{"entryLength":16,"tag":"gasp","checksum":4294901763,"offset":35052,"length":8},"glyf":{"entryLength":16,"tag":"glyf","checksum":1906532039,"offset":2300,"length":31844},"head":{"entryLength":16,"tag":"head","checksum":261725621,"offset":220,"length":54},"hhea":{"entryLength":16,"tag":"hhea","checksum":243729323,"offset":276,"length":36},"hmtx":{"entryLength":16,"tag":"hmtx","checksum":88176070,"offset":432,"length":852},"loca":{"entryLength":16,"tag":"loca","checksum":2193531564,"offset":1872,"length":428},"maxp":{"entryLength":16,"tag":"maxp","checksum":18743423,"offset":312,"length":32},"name":{"entryLength":16,"tag":"name","checksum":4182526343,"offset":34144,"length":423},"post":{"entryLength":16,"tag":"post","checksum":3753579463,"offset":34568,"length":482}},"UnicodeCharMap":{"0":1,"13":2,"32":3,"33":4,"34":5,"35":6,"36":7,"37":8,"38":9,"39":10,"40":11,"41":12,"42":13,"43":14,"44":15,"45":16,"46":17,"47":18,"48":19,"49":20,"50":21,"51":22,"52":23,"53":24,"54":25,"55":26,"56":27,"57":28,"58":29,"59":30,"60":31,"61":32,"62":33,"63":34,"64":35,"65":36,"66":37,"67":38,"68":39,"69":40,"70":41,"71":42,"72":43,"73":44,"74":45,"75":46,"76":47,"77":48,"78":49,"79":50,"80":51,"81":52,"82":53,"83":54,"84":55,"85":56,"86":57,"87":58,"88":59,"89":60,"90":61,"91":62,"92":63,"93":64,"94":65,"95":66,"96":67,"97":68,"98":69,"99":70,"100":71,"101":72,"102":73,"103":74,"104":75,"105":76,"106":77,"107":78,"108":79,"109":80,"110":81,"111":82,"112":83,"113":84,"114":85,"115":86,"116":87,"117":88,"118":89,"119":90,"120":91,"121":92,"122":93,"123":94,"124":95,"125":96,"126":97,"141":99,"157":100,"158":101,"160":102,"161":103,"162":104,"163":105,"164":106,"165":107,"166":108,"167":109,"168":110,"170":111,"171":112,"172":113,"176":114,"177":115,"178":116,"179":117,"180":118,"182":120,"183":212,"184":121,"185":122,"186":123,"187":124,"188":125,"189":126,"190":127,"191":128,"192":129,"193":130,"194":131,"195":132,"196":133,"197":134,"198":135,"199":136,"200":137,"201":138,"202":139,"203":140,"204":141,"205":142,"206":143,"207":144,"208":145,"209":146,"210":147,"211":148,"212":149,"213":150,"214":151,"216":152,"217":153,"218":154,"219":155,"220":156,"221":157,"222":158,"223":159,"224":160,"225":161,"226":162,"227":163,"228":164,"229":165,"230":166,"231":167,"232":168,"233":169,"234":170,"235":171,"236":172,"237":173,"238":174,"239":175,"240":176,"241":177,"242":178,"243":179,"244":180,"245":181,"246":182,"247":183,"248":184,"249":185,"250":186,"251":187,"252":188,"253":189,"254":190,"255":191,"338":200,"339":210,"376":211,"402":192,"710":197,"732":208,"956":119,"8211":207,"8212":206,"8216":201,"8217":202,"8220":203,"8221":204,"8222":193,"8224":195,"8225":196,"8226":205,"8230":194,"8240":198,"8249":199,"8250":209},"Reserves":null,"Names":[],"Nodes":{"ch":{"type":"typal","node":"ch","usage":1,"weight":1},"or":{"type":"typal","node":"or","usage":1,"weight":1},"cha":{"type":"typal","node":"cha","usage":1,"weight":1},"lor":{"type":"typal","node":"lor","usage":1,"weight":1},"chan":{"type":"keys","node":"chan","usage":1,"weight":1},"llor":{"type":"keys","node":"llor","usage":1,"weight":1},"chanc":{"type":"keys","node":"chanc","usage":1,"weight":1},"ellor":{"type":"keys","node":"ellor","usage":1,"weight":1},"chancellor":{"type":"fixes","node":"chancellor","usage":1,"weight":1}},"Contributors":[],"FontIdentity":"dda8e881bc5eea4833cf0fd4bf6ad6c5","Bytes":3167046,"Networking":[],"barcode":"yo5we7waiq5ag","referee":"kymygui"}