{"CSS":{"Acorn Initials":"Acorn Initials.css"},"FontType":"TrueType","FontCopyright":"Copyright (c) Typographer Mediengestaltung, 2000. All rights reserved.","FontName":"Acorn Initials","FontSubfamily":"Regular","FontSubfamilyID":"TypographerMediengestaltung: Acorn Initials: 2000","FontFullName":"Acorn Initials","FontVersion":"Version 1.0; 2000; initial release","FontWeight":null,"FontPostscriptName":"AcornInitials","Files":{"17d2a365ca7894edc0ea6d0bc878d023.afm":"17d2a365ca7894edc0ea6d0bc878d023.afm","17d2a365ca7894edc0ea6d0bc878d023.bin":"17d2a365ca7894edc0ea6d0bc878d023.bin","17d2a365ca7894edc0ea6d0bc878d023.cef":"17d2a365ca7894edc0ea6d0bc878d023.cef","17d2a365ca7894edc0ea6d0bc878d023.cff":"17d2a365ca7894edc0ea6d0bc878d023.cff","17d2a365ca7894edc0ea6d0bc878d023.dfont":"17d2a365ca7894edc0ea6d0bc878d023.dfont","17d2a365ca7894edc0ea6d0bc878d023.eot":"17d2a365ca7894edc0ea6d0bc878d023.eot","17d2a365ca7894edc0ea6d0bc878d023.fon":"17d2a365ca7894edc0ea6d0bc878d023.fon","17d2a365ca7894edc0ea6d0bc878d023.gai":"17d2a365ca7894edc0ea6d0bc878d023.gai","17d2a365ca7894edc0ea6d0bc878d023.gsf":"17d2a365ca7894edc0ea6d0bc878d023.gsf","17d2a365ca7894edc0ea6d0bc878d023.hqx":"17d2a365ca7894edc0ea6d0bc878d023.hqx","17d2a365ca7894edc0ea6d0bc878d023.ik":"17d2a365ca7894edc0ea6d0bc878d023.ik","17d2a365ca7894edc0ea6d0bc878d023.mf":"17d2a365ca7894edc0ea6d0bc878d023.mf","17d2a365ca7894edc0ea6d0bc878d023.otf":"17d2a365ca7894edc0ea6d0bc878d023.otf","17d2a365ca7894edc0ea6d0bc878d023.pcf":"17d2a365ca7894edc0ea6d0bc878d023.pcf","17d2a365ca7894edc0ea6d0bc878d023.pf3":"17d2a365ca7894edc0ea6d0bc878d023.pf3","17d2a365ca7894edc0ea6d0bc878d023.pfa":"17d2a365ca7894edc0ea6d0bc878d023.pfa","17d2a365ca7894edc0ea6d0bc878d023.pfb":"17d2a365ca7894edc0ea6d0bc878d023.pfb","17d2a365ca7894edc0ea6d0bc878d023.pmf":"17d2a365ca7894edc0ea6d0bc878d023.pmf","17d2a365ca7894edc0ea6d0bc878d023.pt3":"17d2a365ca7894edc0ea6d0bc878d023.pt3","17d2a365ca7894edc0ea6d0bc878d023.sfd":"17d2a365ca7894edc0ea6d0bc878d023.sfd","17d2a365ca7894edc0ea6d0bc878d023.svg":"17d2a365ca7894edc0ea6d0bc878d023.svg","17d2a365ca7894edc0ea6d0bc878d023.t42":"17d2a365ca7894edc0ea6d0bc878d023.t42","17d2a365ca7894edc0ea6d0bc878d023.ttf":"17d2a365ca7894edc0ea6d0bc878d023.ttf","17d2a365ca7894edc0ea6d0bc878d023.woff":"17d2a365ca7894edc0ea6d0bc878d023.woff","Athletes.css":"Athletes.css","font-resource.json":"font-resource.json","\/fonts\/Converting\/simon@staff.labs.coop\/17d2a365ca7894edc0ea6d0bc878d023":{"17d2a365ca7894edc0ea6d0bc878d023.afm":"17d2a365ca7894edc0ea6d0bc878d023.afm","17d2a365ca7894edc0ea6d0bc878d023.bin":"17d2a365ca7894edc0ea6d0bc878d023.bin","17d2a365ca7894edc0ea6d0bc878d023.cef":"17d2a365ca7894edc0ea6d0bc878d023.cef","17d2a365ca7894edc0ea6d0bc878d023.cff":"17d2a365ca7894edc0ea6d0bc878d023.cff","17d2a365ca7894edc0ea6d0bc878d023.dfont":"17d2a365ca7894edc0ea6d0bc878d023.dfont","17d2a365ca7894edc0ea6d0bc878d023.eot":"17d2a365ca7894edc0ea6d0bc878d023.eot","17d2a365ca7894edc0ea6d0bc878d023.fon":"17d2a365ca7894edc0ea6d0bc878d023.fon","17d2a365ca7894edc0ea6d0bc878d023.gai":"17d2a365ca7894edc0ea6d0bc878d023.gai","17d2a365ca7894edc0ea6d0bc878d023.gsf":"17d2a365ca7894edc0ea6d0bc878d023.gsf","17d2a365ca7894edc0ea6d0bc878d023.hqx":"17d2a365ca7894edc0ea6d0bc878d023.hqx","17d2a365ca7894edc0ea6d0bc878d023.ik":"17d2a365ca7894edc0ea6d0bc878d023.ik","17d2a365ca7894edc0ea6d0bc878d023.mf":"17d2a365ca7894edc0ea6d0bc878d023.mf","17d2a365ca7894edc0ea6d0bc878d023.otf":"17d2a365ca7894edc0ea6d0bc878d023.otf","17d2a365ca7894edc0ea6d0bc878d023.pcf":"17d2a365ca7894edc0ea6d0bc878d023.pcf","17d2a365ca7894edc0ea6d0bc878d023.pf3":"17d2a365ca7894edc0ea6d0bc878d023.pf3","17d2a365ca7894edc0ea6d0bc878d023.pfa":"17d2a365ca7894edc0ea6d0bc878d023.pfa","17d2a365ca7894edc0ea6d0bc878d023.pfb":"17d2a365ca7894edc0ea6d0bc878d023.pfb","17d2a365ca7894edc0ea6d0bc878d023.pmf":"17d2a365ca7894edc0ea6d0bc878d023.pmf","17d2a365ca7894edc0ea6d0bc878d023.pt3":"17d2a365ca7894edc0ea6d0bc878d023.pt3","17d2a365ca7894edc0ea6d0bc878d023.sfd":"17d2a365ca7894edc0ea6d0bc878d023.sfd","17d2a365ca7894edc0ea6d0bc878d023.svg":"17d2a365ca7894edc0ea6d0bc878d023.svg","17d2a365ca7894edc0ea6d0bc878d023.t42":"17d2a365ca7894edc0ea6d0bc878d023.t42","17d2a365ca7894edc0ea6d0bc878d023.ttf":"17d2a365ca7894edc0ea6d0bc878d023.ttf","17d2a365ca7894edc0ea6d0bc878d023.woff":"17d2a365ca7894edc0ea6d0bc878d023.woff","Athletes.css":"Athletes.css","font-resource.json":"font-resource.json"},"17d2a365ca7894edc0ea6d0bc878d023.ufo":{"feature.fea":"feature.fea","fontinfo.plist":"fontinfo.plist","groups.plist":"groups.plist","kerning.plist":"kerning.plist","metainfo.plist":"metainfo.plist"},"17d2a365ca7894edc0ea6d0bc878d023.ufo\/glyphs":{"A_.glif":"A_.glif","B_.glif":"B_.glif","C_.glif":"C_.glif","D_.glif":"D_.glif","E_.glif":"E_.glif","F_.glif":"F_.glif","G_.glif":"G_.glif","H_.glif":"H_.glif","I_.glif":"I_.glif","J_.glif":"J_.glif","K_.glif":"K_.glif","L_.glif":"L_.glif","M_.glif":"M_.glif","N_.glif":"N_.glif","O_.glif":"O_.glif","P_.glif":"P_.glif","Q_.glif":"Q_.glif","R_.glif":"R_.glif","S_.glif":"S_.glif","T_.glif":"T_.glif","U_.glif":"U_.glif","V_.glif":"V_.glif","W_.glif":"W_.glif","X_.glif":"X_.glif","Y_.glif":"Y_.glif","Z_.glif":"Z_.glif","_notdef.glif":"_notdef.glif","_null.glif":"_null.glif","a.glif":"a.glif","asciicircum.glif":"asciicircum.glif","b.glif":"b.glif","backslash.glif":"backslash.glif","bar.glif":"bar.glif","braceleft.glif":"braceleft.glif","bracketleft.glif":"bracketleft.glif","bracketright.glif":"bracketright.glif","bullet.glif":"bullet.glif","c.glif":"c.glif","contents.plist":"contents.plist","d.glif":"d.glif","e.glif":"e.glif","f.glif":"f.glif","g.glif":"g.glif","grave.glif":"grave.glif","h.glif":"h.glif","i.glif":"i.glif","j.glif":"j.glif","k.glif":"k.glif","l.glif":"l.glif","m.glif":"m.glif","n.glif":"n.glif","nonbreakingspace.glif":"nonbreakingspace.glif","nonmarkingreturn.glif":"nonmarkingreturn.glif","o.glif":"o.glif","p.glif":"p.glif","q.glif":"q.glif","r.glif":"r.glif","s.glif":"s.glif","space.glif":"space.glif","t.glif":"t.glif","u.glif":"u.glif","underscore.glif":"underscore.glif","v.glif":"v.glif","w.glif":"w.glif","x.glif":"x.glif","y.glif":"y.glif","ydieresis.glif":"ydieresis.glif","z.glif":"z.glif"}},"Table":{"FFTM":{"entryLength":16,"tag":"FFTM","checksum":949078589,"offset":316484,"length":28},"GDEF":{"entryLength":16,"tag":"GDEF","checksum":6684676,"offset":316452,"length":32},"OS\/2":{"entryLength":16,"tag":"OS\/2","checksum":1688782151,"offset":376,"length":96},"cmap":{"entryLength":16,"tag":"cmap","checksum":2848416043,"offset":700,"length":354},"cvt ":{"entryLength":16,"tag":"cvt ","checksum":3103942188,"offset":1540,"length":54},"fpgm":{"entryLength":16,"tag":"fpgm","checksum":1625859592,"offset":1056,"length":359},"glyf":{"entryLength":16,"tag":"glyf","checksum":805984307,"offset":1828,"length":313672},"head":{"entryLength":16,"tag":"head","checksum":167888236,"offset":252,"length":54},"hhea":{"entryLength":16,"tag":"hhea","checksum":147391912,"offset":308,"length":36},"hmtx":{"entryLength":16,"tag":"hmtx","checksum":3112305079,"offset":472,"length":228},"loca":{"entryLength":16,"tag":"loca","checksum":8540408,"offset":1596,"length":232},"maxp":{"entryLength":16,"tag":"maxp","checksum":49483010,"offset":344,"length":32},"name":{"entryLength":16,"tag":"name","checksum":3197762741,"offset":315500,"length":798},"post":{"entryLength":16,"tag":"post","checksum":160979692,"offset":316300,"length":152},"prep":{"entryLength":16,"tag":"prep","checksum":2802340747,"offset":1416,"length":122}},"UnicodeCharMap":{"32":3,"65":4,"66":5,"67":6,"68":7,"69":8,"70":9,"71":10,"72":11,"73":12,"74":13,"75":14,"76":15,"77":16,"78":17,"79":18,"80":19,"81":20,"82":21,"83":22,"84":23,"85":24,"86":25,"87":26,"88":27,"89":28,"90":29,"97":30,"98":31,"99":32,"100":33,"101":34,"102":35,"103":36,"104":37,"105":38,"106":39,"107":40,"108":41,"109":42,"110":43,"111":44,"112":45,"113":46,"114":47,"115":48,"116":49,"117":50,"118":51,"119":52,"120":53,"121":54,"122":55,"160":3,"61440":56},"Reserves":{"fontname":"Acorn Initials"},"Names":{"Acorn Initials":{"name":"Acorn Initials","longitude":null,"latitude":null,"country":"","region":"","city":""}},"Nodes":{"ac":{"type":"typal","node":"ac","usage":1,"weight":1},"rn":{"type":"typal","node":"rn","usage":1,"weight":1},"in":{"type":"typal","node":"in","usage":1,"weight":1},"ls":{"type":"typal","node":"ls","usage":1,"weight":1},"aco":{"type":"typal","node":"aco","usage":1,"weight":1},"orn":{"type":"typal","node":"orn","usage":1,"weight":1},"ini":{"type":"typal","node":"ini","usage":1,"weight":1},"als":{"type":"typal","node":"als","usage":1,"weight":1},"acor":{"type":"keys","node":"acor","usage":1,"weight":1},"corn":{"type":"keys","node":"corn","usage":1,"weight":1},"init":{"type":"keys","node":"init","usage":1,"weight":1},"ials":{"type":"keys","node":"ials","usage":1,"weight":1},"initi":{"type":"keys","node":"initi","usage":1,"weight":1},"tials":{"type":"keys","node":"tials","usage":1,"weight":1},"acorn":{"type":"fixes","node":"acorn","usage":1,"weight":1},"initials":{"type":"fixes","node":"initials","usage":1,"weight":1}},"Contributors":[],"FontIdentity":"72bc7f13717ac1e5c90d7e1d3e01b097","Bytes":null,"Networking":[]}