{"CSS":{"MetaMediumCyr-Expert":"MetaMediumCyr-Expert.css","Meta Medium Cyr Expert":"thatcher0:d71f50d71102caec5c6171.css"},"FontType":"TrueType","FontCopyright":"2001 Erik Spiekermann, ParaType, published by FontShop International for the FontFont library.","FontName":"MetaMediumCyr-Expert","FontSubfamily":"Expert","FontSubfamilyID":"FontForge 2.0 : MetaMediumCyr-Expert : 18-10-2016","FontFullName":"Meta Medium Cyr Expert","FontVersion":"Version 004.301 ","FontWeight":null,"FontPostscriptName":"MetaMediumCyr-Expert","Files":{"\/MetaMediumCyr-Expert.css":"\/MetaMediumCyr-Expert.css","\/font-resource.json":"\/font-resource.json","\/metamediumcyr-expert.afm":"\/metamediumcyr-expert.afm","\/metamediumcyr-expert.cef":"\/metamediumcyr-expert.cef","\/metamediumcyr-expert.cff":"\/metamediumcyr-expert.cff","\/metamediumcyr-expert.eot":"\/metamediumcyr-expert.eot","\/metamediumcyr-expert.gai":"\/metamediumcyr-expert.gai","\/metamediumcyr-expert.gsf":"\/metamediumcyr-expert.gsf","\/metamediumcyr-expert.otf":"\/metamediumcyr-expert.otf","\/metamediumcyr-expert.pf3":"\/metamediumcyr-expert.pf3","\/metamediumcyr-expert.pfa":"\/metamediumcyr-expert.pfa","\/metamediumcyr-expert.pfb":"\/metamediumcyr-expert.pfb","\/metamediumcyr-expert.php":"\/metamediumcyr-expert.php","\/metamediumcyr-expert.pt3":"\/metamediumcyr-expert.pt3","\/metamediumcyr-expert.sfd":"\/metamediumcyr-expert.sfd","\/metamediumcyr-expert.svg":"\/metamediumcyr-expert.svg","\/metamediumcyr-expert.t42":"\/metamediumcyr-expert.t42","\/metamediumcyr-expert.ttd":"\/metamediumcyr-expert.ttd","\/metamediumcyr-expert.ttf":"\/metamediumcyr-expert.ttf","\/metamediumcyr-expert.ttg":"\/metamediumcyr-expert.ttg","\/metamediumcyr-expert.ufm":"\/metamediumcyr-expert.ufm","\/metamediumcyr-expert.woff":"\/metamediumcyr-expert.woff","\/metamediumcyr-expert.z":"\/metamediumcyr-expert.z","\/metamediumcyr-expert.ufo\/feature.fea":"\/metamediumcyr-expert.ufo\/feature.fea","\/metamediumcyr-expert.ufo\/fontinfo.plist":"\/metamediumcyr-expert.ufo\/fontinfo.plist","\/metamediumcyr-expert.ufo\/groups.plist":"\/metamediumcyr-expert.ufo\/groups.plist","\/metamediumcyr-expert.ufo\/kerning.plist":"\/metamediumcyr-expert.ufo\/kerning.plist","\/metamediumcyr-expert.ufo\/metainfo.plist":"\/metamediumcyr-expert.ufo\/metainfo.plist","\/metamediumcyr-expert.ufo\/glyphs\/A_.glif":"\/metamediumcyr-expert.ufo\/glyphs\/A_.glif","\/metamediumcyr-expert.ufo\/glyphs\/B_.glif":"\/metamediumcyr-expert.ufo\/glyphs\/B_.glif","\/metamediumcyr-expert.ufo\/glyphs\/C_.glif":"\/metamediumcyr-expert.ufo\/glyphs\/C_.glif","\/metamediumcyr-expert.ufo\/glyphs\/D_.glif":"\/metamediumcyr-expert.ufo\/glyphs\/D_.glif","\/metamediumcyr-expert.ufo\/glyphs\/D_elta.glif":"\/metamediumcyr-expert.ufo\/glyphs\/D_elta.glif","\/metamediumcyr-expert.ufo\/glyphs\/E_.glif":"\/metamediumcyr-expert.ufo\/glyphs\/E_.glif","\/metamediumcyr-expert.ufo\/glyphs\/E_th.glif":"\/metamediumcyr-expert.ufo\/glyphs\/E_th.glif","\/metamediumcyr-expert.ufo\/glyphs\/E_uro.glif":"\/metamediumcyr-expert.ufo\/glyphs\/E_uro.glif","\/metamediumcyr-expert.ufo\/glyphs\/F_.glif":"\/metamediumcyr-expert.ufo\/glyphs\/F_.glif","\/metamediumcyr-expert.ufo\/glyphs\/G_.glif":"\/metamediumcyr-expert.ufo\/glyphs\/G_.glif","\/metamediumcyr-expert.ufo\/glyphs\/H_.glif":"\/metamediumcyr-expert.ufo\/glyphs\/H_.glif","\/metamediumcyr-expert.ufo\/glyphs\/I_.glif":"\/metamediumcyr-expert.ufo\/glyphs\/I_.glif","\/metamediumcyr-expert.ufo\/glyphs\/J_.glif":"\/metamediumcyr-expert.ufo\/glyphs\/J_.glif","\/metamediumcyr-expert.ufo\/glyphs\/K_.glif":"\/metamediumcyr-expert.ufo\/glyphs\/K_.glif","\/metamediumcyr-expert.ufo\/glyphs\/L_.glif":"\/metamediumcyr-expert.ufo\/glyphs\/L_.glif","\/metamediumcyr-expert.ufo\/glyphs\/L_slash.glif":"\/metamediumcyr-expert.ufo\/glyphs\/L_slash.glif","\/metamediumcyr-expert.ufo\/glyphs\/M_.glif":"\/metamediumcyr-expert.ufo\/glyphs\/M_.glif","\/metamediumcyr-expert.ufo\/glyphs\/N_.glif":"\/metamediumcyr-expert.ufo\/glyphs\/N_.glif","\/metamediumcyr-expert.ufo\/glyphs\/O_.glif":"\/metamediumcyr-expert.ufo\/glyphs\/O_.glif","\/metamediumcyr-expert.ufo\/glyphs\/P_.glif":"\/metamediumcyr-expert.ufo\/glyphs\/P_.glif","\/metamediumcyr-expert.ufo\/glyphs\/Q_.glif":"\/metamediumcyr-expert.ufo\/glyphs\/Q_.glif","\/metamediumcyr-expert.ufo\/glyphs\/R_.glif":"\/metamediumcyr-expert.ufo\/glyphs\/R_.glif","\/metamediumcyr-expert.ufo\/glyphs\/S_.glif":"\/metamediumcyr-expert.ufo\/glyphs\/S_.glif","\/metamediumcyr-expert.ufo\/glyphs\/S_caron.glif":"\/metamediumcyr-expert.ufo\/glyphs\/S_caron.glif","\/metamediumcyr-expert.ufo\/glyphs\/T_.glif":"\/metamediumcyr-expert.ufo\/glyphs\/T_.glif","\/metamediumcyr-expert.ufo\/glyphs\/T_horn.glif":"\/metamediumcyr-expert.ufo\/glyphs\/T_horn.glif","\/metamediumcyr-expert.ufo\/glyphs\/U_.glif":"\/metamediumcyr-expert.ufo\/glyphs\/U_.glif","\/metamediumcyr-expert.ufo\/glyphs\/V_.glif":"\/metamediumcyr-expert.ufo\/glyphs\/V_.glif","\/metamediumcyr-expert.ufo\/glyphs\/W_.glif":"\/metamediumcyr-expert.ufo\/glyphs\/W_.glif","\/metamediumcyr-expert.ufo\/glyphs\/X_.glif":"\/metamediumcyr-expert.ufo\/glyphs\/X_.glif","\/metamediumcyr-expert.ufo\/glyphs\/Y_.glif":"\/metamediumcyr-expert.ufo\/glyphs\/Y_.glif","\/metamediumcyr-expert.ufo\/glyphs\/Y_acute.glif":"\/metamediumcyr-expert.ufo\/glyphs\/Y_acute.glif","\/metamediumcyr-expert.ufo\/glyphs\/Z_.glif":"\/metamediumcyr-expert.ufo\/glyphs\/Z_.glif","\/metamediumcyr-expert.ufo\/glyphs\/Z_caron.glif":"\/metamediumcyr-expert.ufo\/glyphs\/Z_caron.glif","\/metamediumcyr-expert.ufo\/glyphs\/a.glif":"\/metamediumcyr-expert.ufo\/glyphs\/a.glif","\/metamediumcyr-expert.ufo\/glyphs\/acute.glif":"\/metamediumcyr-expert.ufo\/glyphs\/acute.glif","\/metamediumcyr-expert.ufo\/glyphs\/afii10017.glif":"\/metamediumcyr-expert.ufo\/glyphs\/afii10017.glif","\/metamediumcyr-expert.ufo\/glyphs\/afii10018.glif":"\/metamediumcyr-expert.ufo\/glyphs\/afii10018.glif","\/metamediumcyr-expert.ufo\/glyphs\/afii10019.glif":"\/metamediumcyr-expert.ufo\/glyphs\/afii10019.glif","\/metamediumcyr-expert.ufo\/glyphs\/afii10020.glif":"\/metamediumcyr-expert.ufo\/glyphs\/afii10020.glif","\/metamediumcyr-expert.ufo\/glyphs\/afii10021.glif":"\/metamediumcyr-expert.ufo\/glyphs\/afii10021.glif","\/metamediumcyr-expert.ufo\/glyphs\/afii10022.glif":"\/metamediumcyr-expert.ufo\/glyphs\/afii10022.glif","\/metamediumcyr-expert.ufo\/glyphs\/afii10023.glif":"\/metamediumcyr-expert.ufo\/glyphs\/afii10023.glif","\/metamediumcyr-expert.ufo\/glyphs\/afii10024.glif":"\/metamediumcyr-expert.ufo\/glyphs\/afii10024.glif","\/metamediumcyr-expert.ufo\/glyphs\/afii10025.glif":"\/metamediumcyr-expert.ufo\/glyphs\/afii10025.glif","\/metamediumcyr-expert.ufo\/glyphs\/afii10026.glif":"\/metamediumcyr-expert.ufo\/glyphs\/afii10026.glif","\/metamediumcyr-expert.ufo\/glyphs\/afii10027.glif":"\/metamediumcyr-expert.ufo\/glyphs\/afii10027.glif","\/metamediumcyr-expert.ufo\/glyphs\/afii10028.glif":"\/metamediumcyr-expert.ufo\/glyphs\/afii10028.glif","\/metamediumcyr-expert.ufo\/glyphs\/afii10029.glif":"\/metamediumcyr-expert.ufo\/glyphs\/afii10029.glif","\/metamediumcyr-expert.ufo\/glyphs\/afii10030.glif":"\/metamediumcyr-expert.ufo\/glyphs\/afii10030.glif","\/metamediumcyr-expert.ufo\/glyphs\/afii10031.glif":"\/metamediumcyr-expert.ufo\/glyphs\/afii10031.glif","\/metamediumcyr-expert.ufo\/glyphs\/afii10032.glif":"\/metamediumcyr-expert.ufo\/glyphs\/afii10032.glif","\/metamediumcyr-expert.ufo\/glyphs\/afii10033.glif":"\/metamediumcyr-expert.ufo\/glyphs\/afii10033.glif","\/metamediumcyr-expert.ufo\/glyphs\/afii10034.glif":"\/metamediumcyr-expert.ufo\/glyphs\/afii10034.glif","\/metamediumcyr-expert.ufo\/glyphs\/afii10035.glif":"\/metamediumcyr-expert.ufo\/glyphs\/afii10035.glif","\/metamediumcyr-expert.ufo\/glyphs\/afii10036.glif":"\/metamediumcyr-expert.ufo\/glyphs\/afii10036.glif","\/metamediumcyr-expert.ufo\/glyphs\/afii10037.glif":"\/metamediumcyr-expert.ufo\/glyphs\/afii10037.glif","\/metamediumcyr-expert.ufo\/glyphs\/afii10038.glif":"\/metamediumcyr-expert.ufo\/glyphs\/afii10038.glif","\/metamediumcyr-expert.ufo\/glyphs\/afii10039.glif":"\/metamediumcyr-expert.ufo\/glyphs\/afii10039.glif","\/metamediumcyr-expert.ufo\/glyphs\/afii10040.glif":"\/metamediumcyr-expert.ufo\/glyphs\/afii10040.glif","\/metamediumcyr-expert.ufo\/glyphs\/afii10041.glif":"\/metamediumcyr-expert.ufo\/glyphs\/afii10041.glif","\/metamediumcyr-expert.ufo\/glyphs\/afii10042.glif":"\/metamediumcyr-expert.ufo\/glyphs\/afii10042.glif","\/metamediumcyr-expert.ufo\/glyphs\/afii10043.glif":"\/metamediumcyr-expert.ufo\/glyphs\/afii10043.glif","\/metamediumcyr-expert.ufo\/glyphs\/afii10044.glif":"\/metamediumcyr-expert.ufo\/glyphs\/afii10044.glif","\/metamediumcyr-expert.ufo\/glyphs\/afii10045.glif":"\/metamediumcyr-expert.ufo\/glyphs\/afii10045.glif","\/metamediumcyr-expert.ufo\/glyphs\/afii10046.glif":"\/metamediumcyr-expert.ufo\/glyphs\/afii10046.glif","\/metamediumcyr-expert.ufo\/glyphs\/afii10047.glif":"\/metamediumcyr-expert.ufo\/glyphs\/afii10047.glif","\/metamediumcyr-expert.ufo\/glyphs\/afii10048.glif":"\/metamediumcyr-expert.ufo\/glyphs\/afii10048.glif","\/metamediumcyr-expert.ufo\/glyphs\/afii10049.glif":"\/metamediumcyr-expert.ufo\/glyphs\/afii10049.glif","\/metamediumcyr-expert.ufo\/glyphs\/afii10050.glif":"\/metamediumcyr-expert.ufo\/glyphs\/afii10050.glif","\/metamediumcyr-expert.ufo\/glyphs\/afii10051.glif":"\/metamediumcyr-expert.ufo\/glyphs\/afii10051.glif","\/metamediumcyr-expert.ufo\/glyphs\/afii10052.glif":"\/metamediumcyr-expert.ufo\/glyphs\/afii10052.glif","\/metamediumcyr-expert.ufo\/glyphs\/afii10053.glif":"\/metamediumcyr-expert.ufo\/glyphs\/afii10053.glif","\/metamediumcyr-expert.ufo\/glyphs\/afii10054.glif":"\/metamediumcyr-expert.ufo\/glyphs\/afii10054.glif","\/metamediumcyr-expert.ufo\/glyphs\/afii10055.glif":"\/metamediumcyr-expert.ufo\/glyphs\/afii10055.glif","\/metamediumcyr-expert.ufo\/glyphs\/afii10056.glif":"\/metamediumcyr-expert.ufo\/glyphs\/afii10056.glif","\/metamediumcyr-expert.ufo\/glyphs\/afii10057.glif":"\/metamediumcyr-expert.ufo\/glyphs\/afii10057.glif","\/metamediumcyr-expert.ufo\/glyphs\/afii10058.glif":"\/metamediumcyr-expert.ufo\/glyphs\/afii10058.glif","\/metamediumcyr-expert.ufo\/glyphs\/afii10059.glif":"\/metamediumcyr-expert.ufo\/glyphs\/afii10059.glif","\/metamediumcyr-expert.ufo\/glyphs\/afii10060.glif":"\/metamediumcyr-expert.ufo\/glyphs\/afii10060.glif","\/metamediumcyr-expert.ufo\/glyphs\/afii10061.glif":"\/metamediumcyr-expert.ufo\/glyphs\/afii10061.glif","\/metamediumcyr-expert.ufo\/glyphs\/afii10062.glif":"\/metamediumcyr-expert.ufo\/glyphs\/afii10062.glif","\/metamediumcyr-expert.ufo\/glyphs\/afii10065.glif":"\/metamediumcyr-expert.ufo\/glyphs\/afii10065.glif","\/metamediumcyr-expert.ufo\/glyphs\/afii10066.glif":"\/metamediumcyr-expert.ufo\/glyphs\/afii10066.glif","\/metamediumcyr-expert.ufo\/glyphs\/afii10067.glif":"\/metamediumcyr-expert.ufo\/glyphs\/afii10067.glif","\/metamediumcyr-expert.ufo\/glyphs\/afii10068.glif":"\/metamediumcyr-expert.ufo\/glyphs\/afii10068.glif","\/metamediumcyr-expert.ufo\/glyphs\/afii10069.glif":"\/metamediumcyr-expert.ufo\/glyphs\/afii10069.glif","\/metamediumcyr-expert.ufo\/glyphs\/afii10070.glif":"\/metamediumcyr-expert.ufo\/glyphs\/afii10070.glif","\/metamediumcyr-expert.ufo\/glyphs\/afii10071.glif":"\/metamediumcyr-expert.ufo\/glyphs\/afii10071.glif","\/metamediumcyr-expert.ufo\/glyphs\/afii10072.glif":"\/metamediumcyr-expert.ufo\/glyphs\/afii10072.glif","\/metamediumcyr-expert.ufo\/glyphs\/afii10073.glif":"\/metamediumcyr-expert.ufo\/glyphs\/afii10073.glif","\/metamediumcyr-expert.ufo\/glyphs\/afii10074.glif":"\/metamediumcyr-expert.ufo\/glyphs\/afii10074.glif","\/metamediumcyr-expert.ufo\/glyphs\/afii10075.glif":"\/metamediumcyr-expert.ufo\/glyphs\/afii10075.glif","\/metamediumcyr-expert.ufo\/glyphs\/afii10076.glif":"\/metamediumcyr-expert.ufo\/glyphs\/afii10076.glif","\/metamediumcyr-expert.ufo\/glyphs\/afii10077.glif":"\/metamediumcyr-expert.ufo\/glyphs\/afii10077.glif","\/metamediumcyr-expert.ufo\/glyphs\/afii10078.glif":"\/metamediumcyr-expert.ufo\/glyphs\/afii10078.glif","\/metamediumcyr-expert.ufo\/glyphs\/afii10079.glif":"\/metamediumcyr-expert.ufo\/glyphs\/afii10079.glif","\/metamediumcyr-expert.ufo\/glyphs\/afii10080.glif":"\/metamediumcyr-expert.ufo\/glyphs\/afii10080.glif","\/metamediumcyr-expert.ufo\/glyphs\/afii10081.glif":"\/metamediumcyr-expert.ufo\/glyphs\/afii10081.glif","\/metamediumcyr-expert.ufo\/glyphs\/afii10082.glif":"\/metamediumcyr-expert.ufo\/glyphs\/afii10082.glif","\/metamediumcyr-expert.ufo\/glyphs\/afii10083.glif":"\/metamediumcyr-expert.ufo\/glyphs\/afii10083.glif","\/metamediumcyr-expert.ufo\/glyphs\/afii10084.glif":"\/metamediumcyr-expert.ufo\/glyphs\/afii10084.glif","\/metamediumcyr-expert.ufo\/glyphs\/afii10085.glif":"\/metamediumcyr-expert.ufo\/glyphs\/afii10085.glif","\/metamediumcyr-expert.ufo\/glyphs\/afii10086.glif":"\/metamediumcyr-expert.ufo\/glyphs\/afii10086.glif","\/metamediumcyr-expert.ufo\/glyphs\/afii10087.glif":"\/metamediumcyr-expert.ufo\/glyphs\/afii10087.glif","\/metamediumcyr-expert.ufo\/glyphs\/afii10088.glif":"\/metamediumcyr-expert.ufo\/glyphs\/afii10088.glif","\/metamediumcyr-expert.ufo\/glyphs\/afii10089.glif":"\/metamediumcyr-expert.ufo\/glyphs\/afii10089.glif","\/metamediumcyr-expert.ufo\/glyphs\/afii10090.glif":"\/metamediumcyr-expert.ufo\/glyphs\/afii10090.glif","\/metamediumcyr-expert.ufo\/glyphs\/afii10091.glif":"\/metamediumcyr-expert.ufo\/glyphs\/afii10091.glif","\/metamediumcyr-expert.ufo\/glyphs\/afii10092.glif":"\/metamediumcyr-expert.ufo\/glyphs\/afii10092.glif","\/metamediumcyr-expert.ufo\/glyphs\/afii10093.glif":"\/metamediumcyr-expert.ufo\/glyphs\/afii10093.glif","\/metamediumcyr-expert.ufo\/glyphs\/afii10094.glif":"\/metamediumcyr-expert.ufo\/glyphs\/afii10094.glif","\/metamediumcyr-expert.ufo\/glyphs\/afii10095.glif":"\/metamediumcyr-expert.ufo\/glyphs\/afii10095.glif","\/metamediumcyr-expert.ufo\/glyphs\/afii10096.glif":"\/metamediumcyr-expert.ufo\/glyphs\/afii10096.glif","\/metamediumcyr-expert.ufo\/glyphs\/afii10097.glif":"\/metamediumcyr-expert.ufo\/glyphs\/afii10097.glif","\/metamediumcyr-expert.ufo\/glyphs\/afii10098.glif":"\/metamediumcyr-expert.ufo\/glyphs\/afii10098.glif","\/metamediumcyr-expert.ufo\/glyphs\/afii10099.glif":"\/metamediumcyr-expert.ufo\/glyphs\/afii10099.glif","\/metamediumcyr-expert.ufo\/glyphs\/afii10100.glif":"\/metamediumcyr-expert.ufo\/glyphs\/afii10100.glif","\/metamediumcyr-expert.ufo\/glyphs\/afii10101.glif":"\/metamediumcyr-expert.ufo\/glyphs\/afii10101.glif","\/metamediumcyr-expert.ufo\/glyphs\/afii10102.glif":"\/metamediumcyr-expert.ufo\/glyphs\/afii10102.glif","\/metamediumcyr-expert.ufo\/glyphs\/afii10103.glif":"\/metamediumcyr-expert.ufo\/glyphs\/afii10103.glif","\/metamediumcyr-expert.ufo\/glyphs\/afii10104.glif":"\/metamediumcyr-expert.ufo\/glyphs\/afii10104.glif","\/metamediumcyr-expert.ufo\/glyphs\/afii10105.glif":"\/metamediumcyr-expert.ufo\/glyphs\/afii10105.glif","\/metamediumcyr-expert.ufo\/glyphs\/afii10106.glif":"\/metamediumcyr-expert.ufo\/glyphs\/afii10106.glif","\/metamediumcyr-expert.ufo\/glyphs\/afii10107.glif":"\/metamediumcyr-expert.ufo\/glyphs\/afii10107.glif","\/metamediumcyr-expert.ufo\/glyphs\/afii10108.glif":"\/metamediumcyr-expert.ufo\/glyphs\/afii10108.glif","\/metamediumcyr-expert.ufo\/glyphs\/afii10109.glif":"\/metamediumcyr-expert.ufo\/glyphs\/afii10109.glif","\/metamediumcyr-expert.ufo\/glyphs\/afii10110.glif":"\/metamediumcyr-expert.ufo\/glyphs\/afii10110.glif","\/metamediumcyr-expert.ufo\/glyphs\/afii10145.glif":"\/metamediumcyr-expert.ufo\/glyphs\/afii10145.glif","\/metamediumcyr-expert.ufo\/glyphs\/afii10193.glif":"\/metamediumcyr-expert.ufo\/glyphs\/afii10193.glif","\/metamediumcyr-expert.ufo\/glyphs\/afii61352.glif":"\/metamediumcyr-expert.ufo\/glyphs\/afii61352.glif","\/metamediumcyr-expert.ufo\/glyphs\/ampersand.glif":"\/metamediumcyr-expert.ufo\/glyphs\/ampersand.glif","\/metamediumcyr-expert.ufo\/glyphs\/approxequal.glif":"\/metamediumcyr-expert.ufo\/glyphs\/approxequal.glif","\/metamediumcyr-expert.ufo\/glyphs\/asciicircum.glif":"\/metamediumcyr-expert.ufo\/glyphs\/asciicircum.glif","\/metamediumcyr-expert.ufo\/glyphs\/asciitilde.glif":"\/metamediumcyr-expert.ufo\/glyphs\/asciitilde.glif","\/metamediumcyr-expert.ufo\/glyphs\/asterisk.glif":"\/metamediumcyr-expert.ufo\/glyphs\/asterisk.glif","\/metamediumcyr-expert.ufo\/glyphs\/at.glif":"\/metamediumcyr-expert.ufo\/glyphs\/at.glif","\/metamediumcyr-expert.ufo\/glyphs\/b.glif":"\/metamediumcyr-expert.ufo\/glyphs\/b.glif","\/metamediumcyr-expert.ufo\/glyphs\/backslash.glif":"\/metamediumcyr-expert.ufo\/glyphs\/backslash.glif","\/metamediumcyr-expert.ufo\/glyphs\/bar.glif":"\/metamediumcyr-expert.ufo\/glyphs\/bar.glif","\/metamediumcyr-expert.ufo\/glyphs\/braceleft.glif":"\/metamediumcyr-expert.ufo\/glyphs\/braceleft.glif","\/metamediumcyr-expert.ufo\/glyphs\/braceright.glif":"\/metamediumcyr-expert.ufo\/glyphs\/braceright.glif","\/metamediumcyr-expert.ufo\/glyphs\/bracketleft.glif":"\/metamediumcyr-expert.ufo\/glyphs\/bracketleft.glif","\/metamediumcyr-expert.ufo\/glyphs\/bracketright.glif":"\/metamediumcyr-expert.ufo\/glyphs\/bracketright.glif","\/metamediumcyr-expert.ufo\/glyphs\/brokenbar.glif":"\/metamediumcyr-expert.ufo\/glyphs\/brokenbar.glif","\/metamediumcyr-expert.ufo\/glyphs\/bullet.glif":"\/metamediumcyr-expert.ufo\/glyphs\/bullet.glif","\/metamediumcyr-expert.ufo\/glyphs\/c.glif":"\/metamediumcyr-expert.ufo\/glyphs\/c.glif","\/metamediumcyr-expert.ufo\/glyphs\/colon.glif":"\/metamediumcyr-expert.ufo\/glyphs\/colon.glif","\/metamediumcyr-expert.ufo\/glyphs\/comma.glif":"\/metamediumcyr-expert.ufo\/glyphs\/comma.glif","\/metamediumcyr-expert.ufo\/glyphs\/contents.plist":"\/metamediumcyr-expert.ufo\/glyphs\/contents.plist","\/metamediumcyr-expert.ufo\/glyphs\/copyright.glif":"\/metamediumcyr-expert.ufo\/glyphs\/copyright.glif","\/metamediumcyr-expert.ufo\/glyphs\/currency.glif":"\/metamediumcyr-expert.ufo\/glyphs\/currency.glif","\/metamediumcyr-expert.ufo\/glyphs\/d.glif":"\/metamediumcyr-expert.ufo\/glyphs\/d.glif","\/metamediumcyr-expert.ufo\/glyphs\/dagger.glif":"\/metamediumcyr-expert.ufo\/glyphs\/dagger.glif","\/metamediumcyr-expert.ufo\/glyphs\/daggerdbl.glif":"\/metamediumcyr-expert.ufo\/glyphs\/daggerdbl.glif","\/metamediumcyr-expert.ufo\/glyphs\/degree.glif":"\/metamediumcyr-expert.ufo\/glyphs\/degree.glif","\/metamediumcyr-expert.ufo\/glyphs\/divide.glif":"\/metamediumcyr-expert.ufo\/glyphs\/divide.glif","\/metamediumcyr-expert.ufo\/glyphs\/dollar.glif":"\/metamediumcyr-expert.ufo\/glyphs\/dollar.glif","\/metamediumcyr-expert.ufo\/glyphs\/e.glif":"\/metamediumcyr-expert.ufo\/glyphs\/e.glif","\/metamediumcyr-expert.ufo\/glyphs\/eight.glif":"\/metamediumcyr-expert.ufo\/glyphs\/eight.glif","\/metamediumcyr-expert.ufo\/glyphs\/ellipsis.glif":"\/metamediumcyr-expert.ufo\/glyphs\/ellipsis.glif","\/metamediumcyr-expert.ufo\/glyphs\/emdash.glif":"\/metamediumcyr-expert.ufo\/glyphs\/emdash.glif","\/metamediumcyr-expert.ufo\/glyphs\/endash.glif":"\/metamediumcyr-expert.ufo\/glyphs\/endash.glif","\/metamediumcyr-expert.ufo\/glyphs\/equal.glif":"\/metamediumcyr-expert.ufo\/glyphs\/equal.glif","\/metamediumcyr-expert.ufo\/glyphs\/eth.glif":"\/metamediumcyr-expert.ufo\/glyphs\/eth.glif","\/metamediumcyr-expert.ufo\/glyphs\/exclam.glif":"\/metamediumcyr-expert.ufo\/glyphs\/exclam.glif","\/metamediumcyr-expert.ufo\/glyphs\/f.glif":"\/metamediumcyr-expert.ufo\/glyphs\/f.glif","\/metamediumcyr-expert.ufo\/glyphs\/five.glif":"\/metamediumcyr-expert.ufo\/glyphs\/five.glif","\/metamediumcyr-expert.ufo\/glyphs\/florin.glif":"\/metamediumcyr-expert.ufo\/glyphs\/florin.glif","\/metamediumcyr-expert.ufo\/glyphs\/four.glif":"\/metamediumcyr-expert.ufo\/glyphs\/four.glif","\/metamediumcyr-expert.ufo\/glyphs\/g.glif":"\/metamediumcyr-expert.ufo\/glyphs\/g.glif","\/metamediumcyr-expert.ufo\/glyphs\/grave.glif":"\/metamediumcyr-expert.ufo\/glyphs\/grave.glif","\/metamediumcyr-expert.ufo\/glyphs\/greater.glif":"\/metamediumcyr-expert.ufo\/glyphs\/greater.glif","\/metamediumcyr-expert.ufo\/glyphs\/greaterequal.glif":"\/metamediumcyr-expert.ufo\/glyphs\/greaterequal.glif","\/metamediumcyr-expert.ufo\/glyphs\/guillemotleft.glif":"\/metamediumcyr-expert.ufo\/glyphs\/guillemotleft.glif","\/metamediumcyr-expert.ufo\/glyphs\/guillemotright.glif":"\/metamediumcyr-expert.ufo\/glyphs\/guillemotright.glif","\/metamediumcyr-expert.ufo\/glyphs\/guilsinglleft.glif":"\/metamediumcyr-expert.ufo\/glyphs\/guilsinglleft.glif","\/metamediumcyr-expert.ufo\/glyphs\/guilsinglright.glif":"\/metamediumcyr-expert.ufo\/glyphs\/guilsinglright.glif","\/metamediumcyr-expert.ufo\/glyphs\/h.glif":"\/metamediumcyr-expert.ufo\/glyphs\/h.glif","\/metamediumcyr-expert.ufo\/glyphs\/hyphen.glif":"\/metamediumcyr-expert.ufo\/glyphs\/hyphen.glif","\/metamediumcyr-expert.ufo\/glyphs\/i.glif":"\/metamediumcyr-expert.ufo\/glyphs\/i.glif","\/metamediumcyr-expert.ufo\/glyphs\/infinity.glif":"\/metamediumcyr-expert.ufo\/glyphs\/infinity.glif","\/metamediumcyr-expert.ufo\/glyphs\/j.glif":"\/metamediumcyr-expert.ufo\/glyphs\/j.glif","\/metamediumcyr-expert.ufo\/glyphs\/k.glif":"\/metamediumcyr-expert.ufo\/glyphs\/k.glif","\/metamediumcyr-expert.ufo\/glyphs\/l.glif":"\/metamediumcyr-expert.ufo\/glyphs\/l.glif","\/metamediumcyr-expert.ufo\/glyphs\/less.glif":"\/metamediumcyr-expert.ufo\/glyphs\/less.glif","\/metamediumcyr-expert.ufo\/glyphs\/lessequal.glif":"\/metamediumcyr-expert.ufo\/glyphs\/lessequal.glif","\/metamediumcyr-expert.ufo\/glyphs\/logicalnot.glif":"\/metamediumcyr-expert.ufo\/glyphs\/logicalnot.glif","\/metamediumcyr-expert.ufo\/glyphs\/lslash.glif":"\/metamediumcyr-expert.ufo\/glyphs\/lslash.glif","\/metamediumcyr-expert.ufo\/glyphs\/m.glif":"\/metamediumcyr-expert.ufo\/glyphs\/m.glif","\/metamediumcyr-expert.ufo\/glyphs\/minus.glif":"\/metamediumcyr-expert.ufo\/glyphs\/minus.glif","\/metamediumcyr-expert.ufo\/glyphs\/mu.glif":"\/metamediumcyr-expert.ufo\/glyphs\/mu.glif","\/metamediumcyr-expert.ufo\/glyphs\/multiply.glif":"\/metamediumcyr-expert.ufo\/glyphs\/multiply.glif","\/metamediumcyr-expert.ufo\/glyphs\/n.glif":"\/metamediumcyr-expert.ufo\/glyphs\/n.glif","\/metamediumcyr-expert.ufo\/glyphs\/nbspace.glif":"\/metamediumcyr-expert.ufo\/glyphs\/nbspace.glif","\/metamediumcyr-expert.ufo\/glyphs\/nine.glif":"\/metamediumcyr-expert.ufo\/glyphs\/nine.glif","\/metamediumcyr-expert.ufo\/glyphs\/notequal.glif":"\/metamediumcyr-expert.ufo\/glyphs\/notequal.glif","\/metamediumcyr-expert.ufo\/glyphs\/numbersign.glif":"\/metamediumcyr-expert.ufo\/glyphs\/numbersign.glif","\/metamediumcyr-expert.ufo\/glyphs\/o.glif":"\/metamediumcyr-expert.ufo\/glyphs\/o.glif","\/metamediumcyr-expert.ufo\/glyphs\/one.glif":"\/metamediumcyr-expert.ufo\/glyphs\/one.glif","\/metamediumcyr-expert.ufo\/glyphs\/onehalf.glif":"\/metamediumcyr-expert.ufo\/glyphs\/onehalf.glif","\/metamediumcyr-expert.ufo\/glyphs\/onequarter.glif":"\/metamediumcyr-expert.ufo\/glyphs\/onequarter.glif","\/metamediumcyr-expert.ufo\/glyphs\/onesuperior.glif":"\/metamediumcyr-expert.ufo\/glyphs\/onesuperior.glif","\/metamediumcyr-expert.ufo\/glyphs\/p.glif":"\/metamediumcyr-expert.ufo\/glyphs\/p.glif","\/metamediumcyr-expert.ufo\/glyphs\/paragraph.glif":"\/metamediumcyr-expert.ufo\/glyphs\/paragraph.glif","\/metamediumcyr-expert.ufo\/glyphs\/parenleft.glif":"\/metamediumcyr-expert.ufo\/glyphs\/parenleft.glif","\/metamediumcyr-expert.ufo\/glyphs\/parenright.glif":"\/metamediumcyr-expert.ufo\/glyphs\/parenright.glif","\/metamediumcyr-expert.ufo\/glyphs\/percent.glif":"\/metamediumcyr-expert.ufo\/glyphs\/percent.glif","\/metamediumcyr-expert.ufo\/glyphs\/period.glif":"\/metamediumcyr-expert.ufo\/glyphs\/period.glif","\/metamediumcyr-expert.ufo\/glyphs\/periodcentered.glif":"\/metamediumcyr-expert.ufo\/glyphs\/periodcentered.glif","\/metamediumcyr-expert.ufo\/glyphs\/perthousand.glif":"\/metamediumcyr-expert.ufo\/glyphs\/perthousand.glif","\/metamediumcyr-expert.ufo\/glyphs\/plus.glif":"\/metamediumcyr-expert.ufo\/glyphs\/plus.glif","\/metamediumcyr-expert.ufo\/glyphs\/plusminus.glif":"\/metamediumcyr-expert.ufo\/glyphs\/plusminus.glif","\/metamediumcyr-expert.ufo\/glyphs\/q.glif":"\/metamediumcyr-expert.ufo\/glyphs\/q.glif","\/metamediumcyr-expert.ufo\/glyphs\/question.glif":"\/metamediumcyr-expert.ufo\/glyphs\/question.glif","\/metamediumcyr-expert.ufo\/glyphs\/quotedbl.glif":"\/metamediumcyr-expert.ufo\/glyphs\/quotedbl.glif","\/metamediumcyr-expert.ufo\/glyphs\/quotedblbase.glif":"\/metamediumcyr-expert.ufo\/glyphs\/quotedblbase.glif","\/metamediumcyr-expert.ufo\/glyphs\/quotedblleft.glif":"\/metamediumcyr-expert.ufo\/glyphs\/quotedblleft.glif","\/metamediumcyr-expert.ufo\/glyphs\/quotedblright.glif":"\/metamediumcyr-expert.ufo\/glyphs\/quotedblright.glif","\/metamediumcyr-expert.ufo\/glyphs\/quoteleft.glif":"\/metamediumcyr-expert.ufo\/glyphs\/quoteleft.glif","\/metamediumcyr-expert.ufo\/glyphs\/quoteright.glif":"\/metamediumcyr-expert.ufo\/glyphs\/quoteright.glif","\/metamediumcyr-expert.ufo\/glyphs\/quotesinglbase.glif":"\/metamediumcyr-expert.ufo\/glyphs\/quotesinglbase.glif","\/metamediumcyr-expert.ufo\/glyphs\/quotesingle.glif":"\/metamediumcyr-expert.ufo\/glyphs\/quotesingle.glif","\/metamediumcyr-expert.ufo\/glyphs\/r.glif":"\/metamediumcyr-expert.ufo\/glyphs\/r.glif","\/metamediumcyr-expert.ufo\/glyphs\/radical.glif":"\/metamediumcyr-expert.ufo\/glyphs\/radical.glif","\/metamediumcyr-expert.ufo\/glyphs\/registered.glif":"\/metamediumcyr-expert.ufo\/glyphs\/registered.glif","\/metamediumcyr-expert.ufo\/glyphs\/s.glif":"\/metamediumcyr-expert.ufo\/glyphs\/s.glif","\/metamediumcyr-expert.ufo\/glyphs\/scaron.glif":"\/metamediumcyr-expert.ufo\/glyphs\/scaron.glif","\/metamediumcyr-expert.ufo\/glyphs\/section.glif":"\/metamediumcyr-expert.ufo\/glyphs\/section.glif","\/metamediumcyr-expert.ufo\/glyphs\/semicolon.glif":"\/metamediumcyr-expert.ufo\/glyphs\/semicolon.glif","\/metamediumcyr-expert.ufo\/glyphs\/seven.glif":"\/metamediumcyr-expert.ufo\/glyphs\/seven.glif","\/metamediumcyr-expert.ufo\/glyphs\/six.glif":"\/metamediumcyr-expert.ufo\/glyphs\/six.glif","\/metamediumcyr-expert.ufo\/glyphs\/slash.glif":"\/metamediumcyr-expert.ufo\/glyphs\/slash.glif","\/metamediumcyr-expert.ufo\/glyphs\/space.glif":"\/metamediumcyr-expert.ufo\/glyphs\/space.glif","\/metamediumcyr-expert.ufo\/glyphs\/sterling.glif":"\/metamediumcyr-expert.ufo\/glyphs\/sterling.glif","\/metamediumcyr-expert.ufo\/glyphs\/t.glif":"\/metamediumcyr-expert.ufo\/glyphs\/t.glif","\/metamediumcyr-expert.ufo\/glyphs\/thorn.glif":"\/metamediumcyr-expert.ufo\/glyphs\/thorn.glif","\/metamediumcyr-expert.ufo\/glyphs\/three.glif":"\/metamediumcyr-expert.ufo\/glyphs\/three.glif","\/metamediumcyr-expert.ufo\/glyphs\/threequarters.glif":"\/metamediumcyr-expert.ufo\/glyphs\/threequarters.glif","\/metamediumcyr-expert.ufo\/glyphs\/threesuperior.glif":"\/metamediumcyr-expert.ufo\/glyphs\/threesuperior.glif","\/metamediumcyr-expert.ufo\/glyphs\/trademark.glif":"\/metamediumcyr-expert.ufo\/glyphs\/trademark.glif","\/metamediumcyr-expert.ufo\/glyphs\/two.glif":"\/metamediumcyr-expert.ufo\/glyphs\/two.glif","\/metamediumcyr-expert.ufo\/glyphs\/twosuperior.glif":"\/metamediumcyr-expert.ufo\/glyphs\/twosuperior.glif","\/metamediumcyr-expert.ufo\/glyphs\/u.glif":"\/metamediumcyr-expert.ufo\/glyphs\/u.glif","\/metamediumcyr-expert.ufo\/glyphs\/underscore.glif":"\/metamediumcyr-expert.ufo\/glyphs\/underscore.glif","\/metamediumcyr-expert.ufo\/glyphs\/v.glif":"\/metamediumcyr-expert.ufo\/glyphs\/v.glif","\/metamediumcyr-expert.ufo\/glyphs\/w.glif":"\/metamediumcyr-expert.ufo\/glyphs\/w.glif","\/metamediumcyr-expert.ufo\/glyphs\/x.glif":"\/metamediumcyr-expert.ufo\/glyphs\/x.glif","\/metamediumcyr-expert.ufo\/glyphs\/y.glif":"\/metamediumcyr-expert.ufo\/glyphs\/y.glif","\/metamediumcyr-expert.ufo\/glyphs\/yacute.glif":"\/metamediumcyr-expert.ufo\/glyphs\/yacute.glif","\/metamediumcyr-expert.ufo\/glyphs\/z.glif":"\/metamediumcyr-expert.ufo\/glyphs\/z.glif","\/metamediumcyr-expert.ufo\/glyphs\/zcaron.glif":"\/metamediumcyr-expert.ufo\/glyphs\/zcaron.glif","\/metamediumcyr-expert.ufo\/glyphs\/zero.glif":"\/metamediumcyr-expert.ufo\/glyphs\/zero.glif"},"Font":{"uploaded":1476851356.4186,"licence":"gpl3","company":"Chronolabs Cooperative","title":"Meta Medium Cyr Expert","version":3.002,"date":"Sat Oct 15 02:34:22 2016","creator":"root","type":"1","matrix":"0.001 0 0 0.001 0 0","named":"MetaMediumCyr-Expert","painttype":"0","info":"10 dict dup","name":"MetaMediumCyr-Expert","family":"MetaMediumCyr-Expert","weight":"Normal","fstype":"0","italicangle":"0","underlineposition":"","underlinethickness":""},"Licences":{"":false},"Table":{"FFTM":{"entryLength":16,"tag":"FFTM","checksum":1955372972,"offset":21756,"length":28},"GDEF":{"entryLength":16,"tag":"GDEF","checksum":19660806,"offset":21724,"length":32},"OS\/2":{"entryLength":16,"tag":"OS\/2","checksum":1508246390,"offset":344,"length":86},"cmap":{"entryLength":16,"tag":"cmap","checksum":3494079975,"offset":1440,"length":914},"gasp":{"entryLength":16,"tag":"gasp","checksum":4294901763,"offset":21716,"length":8},"glyf":{"entryLength":16,"tag":"glyf","checksum":2881595770,"offset":2868,"length":16468},"head":{"entryLength":16,"tag":"head","checksum":194528786,"offset":220,"length":54},"hhea":{"entryLength":16,"tag":"hhea","checksum":126747584,"offset":276,"length":36},"hmtx":{"entryLength":16,"tag":"hmtx","checksum":2053587122,"offset":432,"length":1008},"loca":{"entryLength":16,"tag":"loca","checksum":1661563666,"offset":2356,"length":512},"maxp":{"entryLength":16,"tag":"maxp","checksum":21823587,"offset":312,"length":32},"name":{"entryLength":16,"tag":"name","checksum":1645855946,"offset":19336,"length":870},"post":{"entryLength":16,"tag":"post","checksum":3931961131,"offset":20208,"length":1507}},"UnicodeCharMap":{"32":3,"33":4,"34":5,"35":6,"36":7,"37":8,"38":9,"39":10,"40":11,"41":12,"42":13,"43":14,"44":15,"45":16,"46":17,"47":18,"48":19,"49":20,"50":21,"51":22,"52":23,"53":24,"54":25,"55":26,"56":27,"57":28,"58":29,"59":30,"60":31,"61":32,"62":33,"63":34,"64":35,"65":36,"66":37,"67":38,"68":39,"69":40,"70":41,"71":42,"72":43,"73":44,"74":45,"75":46,"76":47,"77":48,"78":49,"79":50,"80":51,"81":52,"82":53,"83":54,"84":55,"85":56,"86":57,"87":58,"88":59,"89":60,"90":61,"91":62,"92":63,"93":64,"94":65,"95":66,"96":67,"97":68,"98":69,"99":70,"100":71,"101":72,"102":73,"103":74,"104":75,"105":76,"106":77,"107":78,"108":79,"109":80,"110":81,"111":82,"112":83,"113":84,"114":85,"115":86,"116":87,"117":88,"118":89,"119":90,"120":91,"121":92,"122":93,"123":94,"124":95,"125":96,"126":97,"160":247,"163":224,"164":133,"166":135,"167":136,"169":138,"171":140,"172":141,"174":142,"176":144,"177":145,"178":242,"179":241,"180":122,"182":150,"183":151,"185":243,"187":155,"188":246,"189":245,"190":244,"208":239,"215":238,"221":237,"222":236,"240":235,"247":234,"253":233,"254":232,"321":226,"322":227,"352":231,"353":230,"381":229,"382":228,"402":225,"916":254,"956":149,"1025":137,"1026":98,"1027":99,"1028":139,"1029":157,"1030":146,"1031":143,"1032":132,"1033":108,"1034":110,"1035":112,"1036":111,"1038":130,"1039":113,"1040":160,"1041":161,"1042":162,"1043":163,"1044":164,"1045":165,"1046":166,"1047":167,"1048":168,"1049":169,"1050":170,"1051":171,"1052":172,"1053":173,"1054":174,"1055":175,"1056":176,"1057":177,"1058":178,"1059":179,"1060":180,"1061":181,"1062":182,"1063":183,"1064":184,"1065":185,"1066":186,"1067":187,"1068":188,"1069":189,"1070":190,"1071":191,"1072":192,"1073":193,"1074":194,"1075":195,"1076":196,"1077":197,"1078":198,"1079":199,"1080":200,"1081":201,"1082":202,"1083":203,"1084":204,"1085":205,"1086":206,"1087":207,"1088":208,"1089":209,"1090":210,"1091":211,"1092":212,"1093":213,"1094":214,"1095":215,"1096":216,"1097":217,"1098":218,"1099":219,"1100":220,"1101":221,"1102":222,"1103":223,"1105":152,"1106":114,"1107":101,"1108":154,"1109":158,"1110":147,"1111":159,"1112":156,"1113":124,"1114":126,"1115":128,"1116":127,"1118":131,"1119":129,"1168":134,"1169":148,"8211":120,"8212":121,"8216":115,"8217":116,"8218":100,"8220":117,"8221":118,"8222":102,"8224":104,"8225":105,"8226":119,"8230":103,"8240":107,"8249":109,"8250":125,"8364":106,"8470":153,"8482":123,"8722":240,"8730":252,"8734":249,"8776":253,"8800":248,"8804":250,"8805":251},"Reserves":{"fontname":"Meta Medium Cyr Expert"},"Names":{"Meta Medium Cyr Expert":{"name":"Meta Medium Cyr Expert","longitude":"0.00000001","latitude":"0.00000001","country":"","region":"","city":""}},"Nodes":{"me":{"type":"typal","node":"me","usage":1,"weight":2},"ta":{"type":"typal","node":"ta","usage":1,"weight":1},"um":{"type":"typal","node":"um","usage":1,"weight":1},"cy":{"type":"typal","node":"cy","usage":1,"weight":1},"yr":{"type":"typal","node":"yr","usage":1,"weight":1},"ex":{"type":"typal","node":"ex","usage":1,"weight":1},"rt":{"type":"typal","node":"rt","usage":1,"weight":1},"met":{"type":"typal","node":"met","usage":1,"weight":1},"eta":{"type":"typal","node":"eta","usage":1,"weight":1},"med":{"type":"typal","node":"med","usage":1,"weight":1},"ium":{"type":"typal","node":"ium","usage":1,"weight":1},"exp":{"type":"typal","node":"exp","usage":1,"weight":1},"ert":{"type":"typal","node":"ert","usage":1,"weight":1},"medi":{"type":"keys","node":"medi","usage":1,"weight":1},"dium":{"type":"keys","node":"dium","usage":1,"weight":1},"expe":{"type":"keys","node":"expe","usage":1,"weight":1},"pert":{"type":"keys","node":"pert","usage":1,"weight":1},"mediu":{"type":"keys","node":"mediu","usage":1,"weight":1},"edium":{"type":"keys","node":"edium","usage":1,"weight":1},"exper":{"type":"keys","node":"exper","usage":1,"weight":1},"xpert":{"type":"keys","node":"xpert","usage":1,"weight":1},"meta":{"type":"fixes","node":"meta","usage":1,"weight":1},"medium":{"type":"fixes","node":"medium","usage":1,"weight":1},"cyr":{"type":"fixes","node":"cyr","usage":1,"weight":1},"expert":{"type":"fixes","node":"expert","usage":1,"weight":1}},"Contributors":[],"FontIdentity":"thatcher0:d71f50d71102caec5c6171","Bytes":null,"Networking":[],"barcode":"12asagii6aekq","referee":"umcu2qgw"}