{"CSS":{"ErasDemi":"ErasDemi.css","Eras Demi":"wagovau:7ced9a36cd129298606d5fe0.css"},"FontType":"TrueType","FontCopyright":"Copyright Copr.1992 Image Club Graphics, Inc.","FontName":"Eras","FontSubfamily":"Demi","FontSubfamilyID":"FontForge 2.0 : ErasDemi : 12-8-2016","FontFullName":"Eras Demi","FontVersion":"Version 001.000 ","FontWeight":null,"FontPostscriptName":"ErasDemi","Files":{"\/ErasDemi.css":"\/ErasDemi.css","\/erasdemi.afm":"\/erasdemi.afm","\/erasdemi.cef":"\/erasdemi.cef","\/erasdemi.cff":"\/erasdemi.cff","\/erasdemi.eot":"\/erasdemi.eot","\/erasdemi.gai":"\/erasdemi.gai","\/erasdemi.gsf":"\/erasdemi.gsf","\/erasdemi.otf":"\/erasdemi.otf","\/erasdemi.pf3":"\/erasdemi.pf3","\/erasdemi.pfa":"\/erasdemi.pfa","\/erasdemi.pfb":"\/erasdemi.pfb","\/erasdemi.php":"\/erasdemi.php","\/erasdemi.pt3":"\/erasdemi.pt3","\/erasdemi.sfd":"\/erasdemi.sfd","\/erasdemi.svg":"\/erasdemi.svg","\/erasdemi.t42":"\/erasdemi.t42","\/erasdemi.ttd":"\/erasdemi.ttd","\/erasdemi.ttf":"\/erasdemi.ttf","\/erasdemi.ttg":"\/erasdemi.ttg","\/erasdemi.ufm":"\/erasdemi.ufm","\/erasdemi.woff":"\/erasdemi.woff","\/erasdemi.z":"\/erasdemi.z","\/font-resource.json":"\/font-resource.json","\/erasdemi.ufo\/feature.fea":"\/erasdemi.ufo\/feature.fea","\/erasdemi.ufo\/fontinfo.plist":"\/erasdemi.ufo\/fontinfo.plist","\/erasdemi.ufo\/groups.plist":"\/erasdemi.ufo\/groups.plist","\/erasdemi.ufo\/kerning.plist":"\/erasdemi.ufo\/kerning.plist","\/erasdemi.ufo\/metainfo.plist":"\/erasdemi.ufo\/metainfo.plist","\/erasdemi.ufo\/glyphs\/A_.glif":"\/erasdemi.ufo\/glyphs\/A_.glif","\/erasdemi.ufo\/glyphs\/A_E_.glif":"\/erasdemi.ufo\/glyphs\/A_E_.glif","\/erasdemi.ufo\/glyphs\/A_acute.glif":"\/erasdemi.ufo\/glyphs\/A_acute.glif","\/erasdemi.ufo\/glyphs\/A_circumflex.glif":"\/erasdemi.ufo\/glyphs\/A_circumflex.glif","\/erasdemi.ufo\/glyphs\/A_dieresis.glif":"\/erasdemi.ufo\/glyphs\/A_dieresis.glif","\/erasdemi.ufo\/glyphs\/A_grave.glif":"\/erasdemi.ufo\/glyphs\/A_grave.glif","\/erasdemi.ufo\/glyphs\/A_ring.glif":"\/erasdemi.ufo\/glyphs\/A_ring.glif","\/erasdemi.ufo\/glyphs\/A_tilde.glif":"\/erasdemi.ufo\/glyphs\/A_tilde.glif","\/erasdemi.ufo\/glyphs\/B_.glif":"\/erasdemi.ufo\/glyphs\/B_.glif","\/erasdemi.ufo\/glyphs\/C_.glif":"\/erasdemi.ufo\/glyphs\/C_.glif","\/erasdemi.ufo\/glyphs\/C_cedilla.glif":"\/erasdemi.ufo\/glyphs\/C_cedilla.glif","\/erasdemi.ufo\/glyphs\/D_.glif":"\/erasdemi.ufo\/glyphs\/D_.glif","\/erasdemi.ufo\/glyphs\/D_elta.glif":"\/erasdemi.ufo\/glyphs\/D_elta.glif","\/erasdemi.ufo\/glyphs\/E_.glif":"\/erasdemi.ufo\/glyphs\/E_.glif","\/erasdemi.ufo\/glyphs\/E_acute.glif":"\/erasdemi.ufo\/glyphs\/E_acute.glif","\/erasdemi.ufo\/glyphs\/E_circumflex.glif":"\/erasdemi.ufo\/glyphs\/E_circumflex.glif","\/erasdemi.ufo\/glyphs\/E_dieresis.glif":"\/erasdemi.ufo\/glyphs\/E_dieresis.glif","\/erasdemi.ufo\/glyphs\/E_grave.glif":"\/erasdemi.ufo\/glyphs\/E_grave.glif","\/erasdemi.ufo\/glyphs\/F_.glif":"\/erasdemi.ufo\/glyphs\/F_.glif","\/erasdemi.ufo\/glyphs\/G_.glif":"\/erasdemi.ufo\/glyphs\/G_.glif","\/erasdemi.ufo\/glyphs\/H_.glif":"\/erasdemi.ufo\/glyphs\/H_.glif","\/erasdemi.ufo\/glyphs\/I_.glif":"\/erasdemi.ufo\/glyphs\/I_.glif","\/erasdemi.ufo\/glyphs\/I_acute.glif":"\/erasdemi.ufo\/glyphs\/I_acute.glif","\/erasdemi.ufo\/glyphs\/I_circumflex.glif":"\/erasdemi.ufo\/glyphs\/I_circumflex.glif","\/erasdemi.ufo\/glyphs\/I_dieresis.glif":"\/erasdemi.ufo\/glyphs\/I_dieresis.glif","\/erasdemi.ufo\/glyphs\/I_grave.glif":"\/erasdemi.ufo\/glyphs\/I_grave.glif","\/erasdemi.ufo\/glyphs\/J_.glif":"\/erasdemi.ufo\/glyphs\/J_.glif","\/erasdemi.ufo\/glyphs\/K_.glif":"\/erasdemi.ufo\/glyphs\/K_.glif","\/erasdemi.ufo\/glyphs\/L_.glif":"\/erasdemi.ufo\/glyphs\/L_.glif","\/erasdemi.ufo\/glyphs\/M_.glif":"\/erasdemi.ufo\/glyphs\/M_.glif","\/erasdemi.ufo\/glyphs\/N_.glif":"\/erasdemi.ufo\/glyphs\/N_.glif","\/erasdemi.ufo\/glyphs\/N_tilde.glif":"\/erasdemi.ufo\/glyphs\/N_tilde.glif","\/erasdemi.ufo\/glyphs\/O_.glif":"\/erasdemi.ufo\/glyphs\/O_.glif","\/erasdemi.ufo\/glyphs\/O_E_.glif":"\/erasdemi.ufo\/glyphs\/O_E_.glif","\/erasdemi.ufo\/glyphs\/O_acute.glif":"\/erasdemi.ufo\/glyphs\/O_acute.glif","\/erasdemi.ufo\/glyphs\/O_circumflex.glif":"\/erasdemi.ufo\/glyphs\/O_circumflex.glif","\/erasdemi.ufo\/glyphs\/O_dieresis.glif":"\/erasdemi.ufo\/glyphs\/O_dieresis.glif","\/erasdemi.ufo\/glyphs\/O_grave.glif":"\/erasdemi.ufo\/glyphs\/O_grave.glif","\/erasdemi.ufo\/glyphs\/O_mega.glif":"\/erasdemi.ufo\/glyphs\/O_mega.glif","\/erasdemi.ufo\/glyphs\/O_slash.glif":"\/erasdemi.ufo\/glyphs\/O_slash.glif","\/erasdemi.ufo\/glyphs\/O_tilde.glif":"\/erasdemi.ufo\/glyphs\/O_tilde.glif","\/erasdemi.ufo\/glyphs\/P_.glif":"\/erasdemi.ufo\/glyphs\/P_.glif","\/erasdemi.ufo\/glyphs\/Q_.glif":"\/erasdemi.ufo\/glyphs\/Q_.glif","\/erasdemi.ufo\/glyphs\/R_.glif":"\/erasdemi.ufo\/glyphs\/R_.glif","\/erasdemi.ufo\/glyphs\/S_.glif":"\/erasdemi.ufo\/glyphs\/S_.glif","\/erasdemi.ufo\/glyphs\/T_.glif":"\/erasdemi.ufo\/glyphs\/T_.glif","\/erasdemi.ufo\/glyphs\/U_.glif":"\/erasdemi.ufo\/glyphs\/U_.glif","\/erasdemi.ufo\/glyphs\/U_acute.glif":"\/erasdemi.ufo\/glyphs\/U_acute.glif","\/erasdemi.ufo\/glyphs\/U_circumflex.glif":"\/erasdemi.ufo\/glyphs\/U_circumflex.glif","\/erasdemi.ufo\/glyphs\/U_dieresis.glif":"\/erasdemi.ufo\/glyphs\/U_dieresis.glif","\/erasdemi.ufo\/glyphs\/U_grave.glif":"\/erasdemi.ufo\/glyphs\/U_grave.glif","\/erasdemi.ufo\/glyphs\/V_.glif":"\/erasdemi.ufo\/glyphs\/V_.glif","\/erasdemi.ufo\/glyphs\/W_.glif":"\/erasdemi.ufo\/glyphs\/W_.glif","\/erasdemi.ufo\/glyphs\/X_.glif":"\/erasdemi.ufo\/glyphs\/X_.glif","\/erasdemi.ufo\/glyphs\/Y_.glif":"\/erasdemi.ufo\/glyphs\/Y_.glif","\/erasdemi.ufo\/glyphs\/Y_dieresis.glif":"\/erasdemi.ufo\/glyphs\/Y_dieresis.glif","\/erasdemi.ufo\/glyphs\/Z_.glif":"\/erasdemi.ufo\/glyphs\/Z_.glif","\/erasdemi.ufo\/glyphs\/a.glif":"\/erasdemi.ufo\/glyphs\/a.glif","\/erasdemi.ufo\/glyphs\/aacute.glif":"\/erasdemi.ufo\/glyphs\/aacute.glif","\/erasdemi.ufo\/glyphs\/acircumflex.glif":"\/erasdemi.ufo\/glyphs\/acircumflex.glif","\/erasdemi.ufo\/glyphs\/acute.glif":"\/erasdemi.ufo\/glyphs\/acute.glif","\/erasdemi.ufo\/glyphs\/adieresis.glif":"\/erasdemi.ufo\/glyphs\/adieresis.glif","\/erasdemi.ufo\/glyphs\/ae.glif":"\/erasdemi.ufo\/glyphs\/ae.glif","\/erasdemi.ufo\/glyphs\/agrave.glif":"\/erasdemi.ufo\/glyphs\/agrave.glif","\/erasdemi.ufo\/glyphs\/ampersand.glif":"\/erasdemi.ufo\/glyphs\/ampersand.glif","\/erasdemi.ufo\/glyphs\/approxequal.glif":"\/erasdemi.ufo\/glyphs\/approxequal.glif","\/erasdemi.ufo\/glyphs\/aring.glif":"\/erasdemi.ufo\/glyphs\/aring.glif","\/erasdemi.ufo\/glyphs\/asciicircum.glif":"\/erasdemi.ufo\/glyphs\/asciicircum.glif","\/erasdemi.ufo\/glyphs\/asciitilde.glif":"\/erasdemi.ufo\/glyphs\/asciitilde.glif","\/erasdemi.ufo\/glyphs\/asterisk.glif":"\/erasdemi.ufo\/glyphs\/asterisk.glif","\/erasdemi.ufo\/glyphs\/at.glif":"\/erasdemi.ufo\/glyphs\/at.glif","\/erasdemi.ufo\/glyphs\/atilde.glif":"\/erasdemi.ufo\/glyphs\/atilde.glif","\/erasdemi.ufo\/glyphs\/b.glif":"\/erasdemi.ufo\/glyphs\/b.glif","\/erasdemi.ufo\/glyphs\/backslash.glif":"\/erasdemi.ufo\/glyphs\/backslash.glif","\/erasdemi.ufo\/glyphs\/bar.glif":"\/erasdemi.ufo\/glyphs\/bar.glif","\/erasdemi.ufo\/glyphs\/braceleft.glif":"\/erasdemi.ufo\/glyphs\/braceleft.glif","\/erasdemi.ufo\/glyphs\/braceright.glif":"\/erasdemi.ufo\/glyphs\/braceright.glif","\/erasdemi.ufo\/glyphs\/bracketleft.glif":"\/erasdemi.ufo\/glyphs\/bracketleft.glif","\/erasdemi.ufo\/glyphs\/bracketright.glif":"\/erasdemi.ufo\/glyphs\/bracketright.glif","\/erasdemi.ufo\/glyphs\/bullet.glif":"\/erasdemi.ufo\/glyphs\/bullet.glif","\/erasdemi.ufo\/glyphs\/c.glif":"\/erasdemi.ufo\/glyphs\/c.glif","\/erasdemi.ufo\/glyphs\/ccedilla.glif":"\/erasdemi.ufo\/glyphs\/ccedilla.glif","\/erasdemi.ufo\/glyphs\/cent.glif":"\/erasdemi.ufo\/glyphs\/cent.glif","\/erasdemi.ufo\/glyphs\/colon.glif":"\/erasdemi.ufo\/glyphs\/colon.glif","\/erasdemi.ufo\/glyphs\/comma.glif":"\/erasdemi.ufo\/glyphs\/comma.glif","\/erasdemi.ufo\/glyphs\/contents.plist":"\/erasdemi.ufo\/glyphs\/contents.plist","\/erasdemi.ufo\/glyphs\/copyright.glif":"\/erasdemi.ufo\/glyphs\/copyright.glif","\/erasdemi.ufo\/glyphs\/d.glif":"\/erasdemi.ufo\/glyphs\/d.glif","\/erasdemi.ufo\/glyphs\/dagger.glif":"\/erasdemi.ufo\/glyphs\/dagger.glif","\/erasdemi.ufo\/glyphs\/degree.glif":"\/erasdemi.ufo\/glyphs\/degree.glif","\/erasdemi.ufo\/glyphs\/dieresis.glif":"\/erasdemi.ufo\/glyphs\/dieresis.glif","\/erasdemi.ufo\/glyphs\/divide.glif":"\/erasdemi.ufo\/glyphs\/divide.glif","\/erasdemi.ufo\/glyphs\/dollar.glif":"\/erasdemi.ufo\/glyphs\/dollar.glif","\/erasdemi.ufo\/glyphs\/e.glif":"\/erasdemi.ufo\/glyphs\/e.glif","\/erasdemi.ufo\/glyphs\/eacute.glif":"\/erasdemi.ufo\/glyphs\/eacute.glif","\/erasdemi.ufo\/glyphs\/ecircumflex.glif":"\/erasdemi.ufo\/glyphs\/ecircumflex.glif","\/erasdemi.ufo\/glyphs\/edieresis.glif":"\/erasdemi.ufo\/glyphs\/edieresis.glif","\/erasdemi.ufo\/glyphs\/egrave.glif":"\/erasdemi.ufo\/glyphs\/egrave.glif","\/erasdemi.ufo\/glyphs\/eight.glif":"\/erasdemi.ufo\/glyphs\/eight.glif","\/erasdemi.ufo\/glyphs\/ellipsis.glif":"\/erasdemi.ufo\/glyphs\/ellipsis.glif","\/erasdemi.ufo\/glyphs\/emdash.glif":"\/erasdemi.ufo\/glyphs\/emdash.glif","\/erasdemi.ufo\/glyphs\/endash.glif":"\/erasdemi.ufo\/glyphs\/endash.glif","\/erasdemi.ufo\/glyphs\/equal.glif":"\/erasdemi.ufo\/glyphs\/equal.glif","\/erasdemi.ufo\/glyphs\/exclam.glif":"\/erasdemi.ufo\/glyphs\/exclam.glif","\/erasdemi.ufo\/glyphs\/exclamdown.glif":"\/erasdemi.ufo\/glyphs\/exclamdown.glif","\/erasdemi.ufo\/glyphs\/f.glif":"\/erasdemi.ufo\/glyphs\/f.glif","\/erasdemi.ufo\/glyphs\/five.glif":"\/erasdemi.ufo\/glyphs\/five.glif","\/erasdemi.ufo\/glyphs\/florin.glif":"\/erasdemi.ufo\/glyphs\/florin.glif","\/erasdemi.ufo\/glyphs\/four.glif":"\/erasdemi.ufo\/glyphs\/four.glif","\/erasdemi.ufo\/glyphs\/g.glif":"\/erasdemi.ufo\/glyphs\/g.glif","\/erasdemi.ufo\/glyphs\/germandbls.glif":"\/erasdemi.ufo\/glyphs\/germandbls.glif","\/erasdemi.ufo\/glyphs\/grave.glif":"\/erasdemi.ufo\/glyphs\/grave.glif","\/erasdemi.ufo\/glyphs\/greater.glif":"\/erasdemi.ufo\/glyphs\/greater.glif","\/erasdemi.ufo\/glyphs\/greaterequal.glif":"\/erasdemi.ufo\/glyphs\/greaterequal.glif","\/erasdemi.ufo\/glyphs\/guillemotleft.glif":"\/erasdemi.ufo\/glyphs\/guillemotleft.glif","\/erasdemi.ufo\/glyphs\/guillemotright.glif":"\/erasdemi.ufo\/glyphs\/guillemotright.glif","\/erasdemi.ufo\/glyphs\/h.glif":"\/erasdemi.ufo\/glyphs\/h.glif","\/erasdemi.ufo\/glyphs\/hyphen.glif":"\/erasdemi.ufo\/glyphs\/hyphen.glif","\/erasdemi.ufo\/glyphs\/i.glif":"\/erasdemi.ufo\/glyphs\/i.glif","\/erasdemi.ufo\/glyphs\/iacute.glif":"\/erasdemi.ufo\/glyphs\/iacute.glif","\/erasdemi.ufo\/glyphs\/icircumflex.glif":"\/erasdemi.ufo\/glyphs\/icircumflex.glif","\/erasdemi.ufo\/glyphs\/idieresis.glif":"\/erasdemi.ufo\/glyphs\/idieresis.glif","\/erasdemi.ufo\/glyphs\/igrave.glif":"\/erasdemi.ufo\/glyphs\/igrave.glif","\/erasdemi.ufo\/glyphs\/infinity.glif":"\/erasdemi.ufo\/glyphs\/infinity.glif","\/erasdemi.ufo\/glyphs\/integral.glif":"\/erasdemi.ufo\/glyphs\/integral.glif","\/erasdemi.ufo\/glyphs\/j.glif":"\/erasdemi.ufo\/glyphs\/j.glif","\/erasdemi.ufo\/glyphs\/k.glif":"\/erasdemi.ufo\/glyphs\/k.glif","\/erasdemi.ufo\/glyphs\/l.glif":"\/erasdemi.ufo\/glyphs\/l.glif","\/erasdemi.ufo\/glyphs\/less.glif":"\/erasdemi.ufo\/glyphs\/less.glif","\/erasdemi.ufo\/glyphs\/lessequal.glif":"\/erasdemi.ufo\/glyphs\/lessequal.glif","\/erasdemi.ufo\/glyphs\/logicalnot.glif":"\/erasdemi.ufo\/glyphs\/logicalnot.glif","\/erasdemi.ufo\/glyphs\/lozenge.glif":"\/erasdemi.ufo\/glyphs\/lozenge.glif","\/erasdemi.ufo\/glyphs\/m.glif":"\/erasdemi.ufo\/glyphs\/m.glif","\/erasdemi.ufo\/glyphs\/mu.glif":"\/erasdemi.ufo\/glyphs\/mu.glif","\/erasdemi.ufo\/glyphs\/n.glif":"\/erasdemi.ufo\/glyphs\/n.glif","\/erasdemi.ufo\/glyphs\/nbspace.glif":"\/erasdemi.ufo\/glyphs\/nbspace.glif","\/erasdemi.ufo\/glyphs\/nine.glif":"\/erasdemi.ufo\/glyphs\/nine.glif","\/erasdemi.ufo\/glyphs\/notequal.glif":"\/erasdemi.ufo\/glyphs\/notequal.glif","\/erasdemi.ufo\/glyphs\/ntilde.glif":"\/erasdemi.ufo\/glyphs\/ntilde.glif","\/erasdemi.ufo\/glyphs\/numbersign.glif":"\/erasdemi.ufo\/glyphs\/numbersign.glif","\/erasdemi.ufo\/glyphs\/o.glif":"\/erasdemi.ufo\/glyphs\/o.glif","\/erasdemi.ufo\/glyphs\/oacute.glif":"\/erasdemi.ufo\/glyphs\/oacute.glif","\/erasdemi.ufo\/glyphs\/ocircumflex.glif":"\/erasdemi.ufo\/glyphs\/ocircumflex.glif","\/erasdemi.ufo\/glyphs\/odieresis.glif":"\/erasdemi.ufo\/glyphs\/odieresis.glif","\/erasdemi.ufo\/glyphs\/oe.glif":"\/erasdemi.ufo\/glyphs\/oe.glif","\/erasdemi.ufo\/glyphs\/ograve.glif":"\/erasdemi.ufo\/glyphs\/ograve.glif","\/erasdemi.ufo\/glyphs\/one.glif":"\/erasdemi.ufo\/glyphs\/one.glif","\/erasdemi.ufo\/glyphs\/ordfeminine.glif":"\/erasdemi.ufo\/glyphs\/ordfeminine.glif","\/erasdemi.ufo\/glyphs\/ordmasculine.glif":"\/erasdemi.ufo\/glyphs\/ordmasculine.glif","\/erasdemi.ufo\/glyphs\/oslash.glif":"\/erasdemi.ufo\/glyphs\/oslash.glif","\/erasdemi.ufo\/glyphs\/otilde.glif":"\/erasdemi.ufo\/glyphs\/otilde.glif","\/erasdemi.ufo\/glyphs\/p.glif":"\/erasdemi.ufo\/glyphs\/p.glif","\/erasdemi.ufo\/glyphs\/paragraph.glif":"\/erasdemi.ufo\/glyphs\/paragraph.glif","\/erasdemi.ufo\/glyphs\/parenleft.glif":"\/erasdemi.ufo\/glyphs\/parenleft.glif","\/erasdemi.ufo\/glyphs\/parenright.glif":"\/erasdemi.ufo\/glyphs\/parenright.glif","\/erasdemi.ufo\/glyphs\/partialdiff.glif":"\/erasdemi.ufo\/glyphs\/partialdiff.glif","\/erasdemi.ufo\/glyphs\/percent.glif":"\/erasdemi.ufo\/glyphs\/percent.glif","\/erasdemi.ufo\/glyphs\/period.glif":"\/erasdemi.ufo\/glyphs\/period.glif","\/erasdemi.ufo\/glyphs\/periodcentered.glif":"\/erasdemi.ufo\/glyphs\/periodcentered.glif","\/erasdemi.ufo\/glyphs\/pi.glif":"\/erasdemi.ufo\/glyphs\/pi.glif","\/erasdemi.ufo\/glyphs\/plus.glif":"\/erasdemi.ufo\/glyphs\/plus.glif","\/erasdemi.ufo\/glyphs\/plusminus.glif":"\/erasdemi.ufo\/glyphs\/plusminus.glif","\/erasdemi.ufo\/glyphs\/product.glif":"\/erasdemi.ufo\/glyphs\/product.glif","\/erasdemi.ufo\/glyphs\/q.glif":"\/erasdemi.ufo\/glyphs\/q.glif","\/erasdemi.ufo\/glyphs\/question.glif":"\/erasdemi.ufo\/glyphs\/question.glif","\/erasdemi.ufo\/glyphs\/questiondown.glif":"\/erasdemi.ufo\/glyphs\/questiondown.glif","\/erasdemi.ufo\/glyphs\/quotedbl.glif":"\/erasdemi.ufo\/glyphs\/quotedbl.glif","\/erasdemi.ufo\/glyphs\/quotedblbase.glif":"\/erasdemi.ufo\/glyphs\/quotedblbase.glif","\/erasdemi.ufo\/glyphs\/quotedblleft.glif":"\/erasdemi.ufo\/glyphs\/quotedblleft.glif","\/erasdemi.ufo\/glyphs\/quotedblright.glif":"\/erasdemi.ufo\/glyphs\/quotedblright.glif","\/erasdemi.ufo\/glyphs\/quoteleft.glif":"\/erasdemi.ufo\/glyphs\/quoteleft.glif","\/erasdemi.ufo\/glyphs\/quoteright.glif":"\/erasdemi.ufo\/glyphs\/quoteright.glif","\/erasdemi.ufo\/glyphs\/quotesinglbase.glif":"\/erasdemi.ufo\/glyphs\/quotesinglbase.glif","\/erasdemi.ufo\/glyphs\/quotesingle.glif":"\/erasdemi.ufo\/glyphs\/quotesingle.glif","\/erasdemi.ufo\/glyphs\/r.glif":"\/erasdemi.ufo\/glyphs\/r.glif","\/erasdemi.ufo\/glyphs\/radical.glif":"\/erasdemi.ufo\/glyphs\/radical.glif","\/erasdemi.ufo\/glyphs\/registered.glif":"\/erasdemi.ufo\/glyphs\/registered.glif","\/erasdemi.ufo\/glyphs\/s.glif":"\/erasdemi.ufo\/glyphs\/s.glif","\/erasdemi.ufo\/glyphs\/section.glif":"\/erasdemi.ufo\/glyphs\/section.glif","\/erasdemi.ufo\/glyphs\/semicolon.glif":"\/erasdemi.ufo\/glyphs\/semicolon.glif","\/erasdemi.ufo\/glyphs\/seven.glif":"\/erasdemi.ufo\/glyphs\/seven.glif","\/erasdemi.ufo\/glyphs\/six.glif":"\/erasdemi.ufo\/glyphs\/six.glif","\/erasdemi.ufo\/glyphs\/slash.glif":"\/erasdemi.ufo\/glyphs\/slash.glif","\/erasdemi.ufo\/glyphs\/space.glif":"\/erasdemi.ufo\/glyphs\/space.glif","\/erasdemi.ufo\/glyphs\/sterling.glif":"\/erasdemi.ufo\/glyphs\/sterling.glif","\/erasdemi.ufo\/glyphs\/summation.glif":"\/erasdemi.ufo\/glyphs\/summation.glif","\/erasdemi.ufo\/glyphs\/t.glif":"\/erasdemi.ufo\/glyphs\/t.glif","\/erasdemi.ufo\/glyphs\/three.glif":"\/erasdemi.ufo\/glyphs\/three.glif","\/erasdemi.ufo\/glyphs\/trademark.glif":"\/erasdemi.ufo\/glyphs\/trademark.glif","\/erasdemi.ufo\/glyphs\/two.glif":"\/erasdemi.ufo\/glyphs\/two.glif","\/erasdemi.ufo\/glyphs\/u.glif":"\/erasdemi.ufo\/glyphs\/u.glif","\/erasdemi.ufo\/glyphs\/uacute.glif":"\/erasdemi.ufo\/glyphs\/uacute.glif","\/erasdemi.ufo\/glyphs\/ucircumflex.glif":"\/erasdemi.ufo\/glyphs\/ucircumflex.glif","\/erasdemi.ufo\/glyphs\/udieresis.glif":"\/erasdemi.ufo\/glyphs\/udieresis.glif","\/erasdemi.ufo\/glyphs\/ugrave.glif":"\/erasdemi.ufo\/glyphs\/ugrave.glif","\/erasdemi.ufo\/glyphs\/underscore.glif":"\/erasdemi.ufo\/glyphs\/underscore.glif","\/erasdemi.ufo\/glyphs\/v.glif":"\/erasdemi.ufo\/glyphs\/v.glif","\/erasdemi.ufo\/glyphs\/w.glif":"\/erasdemi.ufo\/glyphs\/w.glif","\/erasdemi.ufo\/glyphs\/x.glif":"\/erasdemi.ufo\/glyphs\/x.glif","\/erasdemi.ufo\/glyphs\/y.glif":"\/erasdemi.ufo\/glyphs\/y.glif","\/erasdemi.ufo\/glyphs\/ydieresis.glif":"\/erasdemi.ufo\/glyphs\/ydieresis.glif","\/erasdemi.ufo\/glyphs\/yen.glif":"\/erasdemi.ufo\/glyphs\/yen.glif","\/erasdemi.ufo\/glyphs\/z.glif":"\/erasdemi.ufo\/glyphs\/z.glif","\/erasdemi.ufo\/glyphs\/zero.glif":"\/erasdemi.ufo\/glyphs\/zero.glif"},"Font":{"uploaded":1471088028.8549,"licence":"gpl3","company":"Chronolabs Cooperative","title":"Eras Demi","version":3.002,"date":"Fri Aug 12 15:53:48 2016","creator":"root","type":"1","matrix":"0.001 0 0 0.001 0 0","named":"ErasDemi","painttype":"0","info":"11 dict dup","name":"ErasDemi","family":"Eras","weight":"Medium","fstype":"0","italicangle":"0","underlineposition":"","underlinethickness":""},"Licences":{"":false},"Table":{"FFTM":{"entryLength":16,"tag":"FFTM","checksum":1944409706,"offset":24384,"length":28},"GDEF":{"entryLength":16,"tag":"GDEF","checksum":16449542,"offset":24352,"length":32},"OS\/2":{"entryLength":16,"tag":"OS\/2","checksum":2012547045,"offset":344,"length":86},"cmap":{"entryLength":16,"tag":"cmap","checksum":3477073084,"offset":1256,"length":642},"gasp":{"entryLength":16,"tag":"gasp","checksum":4294901763,"offset":24344,"length":8},"glyf":{"entryLength":16,"tag":"glyf","checksum":1711818219,"offset":2316,"length":21012},"head":{"entryLength":16,"tag":"head","checksum":189542013,"offset":220,"length":54},"hhea":{"entryLength":16,"tag":"hhea","checksum":151454890,"offset":276,"length":36},"hmtx":{"entryLength":16,"tag":"hmtx","checksum":4267453046,"offset":432,"length":824},"loca":{"entryLength":16,"tag":"loca","checksum":3978942680,"offset":1900,"length":414},"maxp":{"entryLength":16,"tag":"maxp","checksum":18153565,"offset":312,"length":32},"name":{"entryLength":16,"tag":"name","checksum":1535658990,"offset":23328,"length":558},"post":{"entryLength":16,"tag":"post","checksum":4029063493,"offset":23888,"length":454}},"UnicodeCharMap":{"32":3,"33":4,"34":5,"35":6,"36":7,"37":8,"38":9,"39":10,"40":11,"41":12,"42":13,"43":14,"44":15,"45":16,"46":17,"47":18,"48":19,"49":20,"50":21,"51":22,"52":23,"53":24,"54":25,"55":26,"56":27,"57":28,"58":29,"59":30,"60":31,"61":32,"62":33,"63":34,"64":35,"65":36,"66":37,"67":38,"68":39,"69":40,"70":41,"71":42,"72":43,"73":44,"74":45,"75":46,"76":47,"77":48,"78":49,"79":50,"80":51,"81":52,"82":53,"83":54,"84":55,"85":56,"86":57,"87":58,"88":59,"89":60,"90":61,"91":62,"92":63,"93":64,"94":65,"95":66,"96":67,"97":68,"98":69,"99":70,"100":71,"101":72,"102":73,"103":74,"104":75,"105":76,"106":77,"107":78,"108":79,"109":80,"110":81,"111":82,"112":83,"113":84,"114":85,"115":86,"116":87,"117":88,"118":89,"119":90,"120":91,"121":92,"122":93,"123":94,"124":95,"125":96,"126":97,"160":98,"161":99,"162":100,"163":101,"165":102,"167":103,"168":104,"169":105,"170":106,"171":107,"172":108,"174":109,"176":110,"177":111,"180":112,"182":114,"183":115,"186":116,"187":117,"191":118,"192":119,"193":120,"194":121,"195":122,"196":123,"197":124,"198":125,"199":126,"200":127,"201":128,"202":129,"203":130,"204":131,"205":132,"206":133,"207":134,"209":135,"210":136,"211":137,"212":138,"213":139,"214":140,"216":141,"217":142,"218":143,"219":144,"220":145,"223":146,"224":147,"225":148,"226":149,"227":150,"228":151,"229":152,"230":153,"231":154,"232":155,"233":156,"234":157,"235":158,"236":159,"237":160,"238":161,"239":162,"241":163,"242":164,"243":165,"244":166,"245":167,"246":168,"247":169,"248":170,"249":171,"250":172,"251":173,"252":174,"255":175,"338":188,"339":189,"376":205,"402":178,"916":203,"937":200,"956":113,"960":198,"8211":180,"8212":187,"8216":177,"8217":176,"8218":183,"8220":179,"8221":185,"8222":184,"8224":181,"8226":182,"8230":186,"8482":190,"8706":195,"8719":197,"8721":196,"8730":201,"8734":192,"8747":199,"8776":202,"8800":191,"8804":193,"8805":194,"9674":204},"Reserves":{"fontname":"Eras Demi"},"Names":{"Eras Demi":{"name":"Eras Demi","longitude":"0.00000001","latitude":"0.00000001","country":"","region":"","city":""}},"Nodes":{"er":{"type":"typal","node":"er","usage":1,"weight":1},"as":{"type":"typal","node":"as","usage":1,"weight":1},"de":{"type":"typal","node":"de","usage":1,"weight":1},"mi":{"type":"typal","node":"mi","usage":1,"weight":1},"era":{"type":"typal","node":"era","usage":1,"weight":1},"ras":{"type":"typal","node":"ras","usage":1,"weight":1},"dem":{"type":"typal","node":"dem","usage":1,"weight":1},"emi":{"type":"typal","node":"emi","usage":1,"weight":1},"eras":{"type":"fixes","node":"eras","usage":1,"weight":1},"demi":{"type":"fixes","node":"demi","usage":1,"weight":1}},"Contributors":[],"FontIdentity":"wagovau:7ced9a36cd129298606d5fe0","Bytes":null,"Networking":[],"barcode":"csaq8osgecek","referee":"W7qmuWK"}