{"CSS":{"ZabriskieInternational-RegularItalic":"ZabriskieInternational-RegularItalic.css","Zabriskie International Regular Italic":"11496719a5d85553d442395c67e903c4.css"},"FontType":"TrueType","FontCopyright":null,"FontName":"ZabriskieInternational","FontSubfamily":"RegularItalic","FontSubfamilyID":"FontForge 2.0 : ZabriskieInternational-RegularItalic : 26-5-2016","FontFullName":"Zabriskie International Regular Italic","FontVersion":"Version 1.0","FontWeight":null,"FontPostscriptName":"ZabriskieInternational-RegularItalic","Files":null,"Table":{"FFTM":{"entryLength":16,"tag":"FFTM","checksum":1930867648,"offset":43440,"length":28},"GDEF":{"entryLength":16,"tag":"GDEF","checksum":3539157,"offset":42140,"length":38},"GPOS":{"entryLength":16,"tag":"GPOS","checksum":2991622982,"offset":42228,"length":1210},"GSUB":{"entryLength":16,"tag":"GSUB","checksum":3103766782,"offset":42180,"length":48},"OS\/2":{"entryLength":16,"tag":"OS\/2","checksum":1427963109,"offset":376,"length":86},"cmap":{"entryLength":16,"tag":"cmap","checksum":3079377658,"offset":1280,"length":618},"gasp":{"entryLength":16,"tag":"gasp","checksum":4294901763,"offset":42132,"length":8},"glyf":{"entryLength":16,"tag":"glyf","checksum":2819479317,"offset":2312,"length":38640},"head":{"entryLength":16,"tag":"head","checksum":169825371,"offset":252,"length":54},"hhea":{"entryLength":16,"tag":"hhea","checksum":136250034,"offset":308,"length":36},"hmtx":{"entryLength":16,"tag":"hmtx","checksum":3104322005,"offset":464,"length":816},"loca":{"entryLength":16,"tag":"loca","checksum":810289990,"offset":1900,"length":410},"maxp":{"entryLength":16,"tag":"maxp","checksum":18022579,"offset":344,"length":32},"name":{"entryLength":16,"tag":"name","checksum":3483786044,"offset":40952,"length":714},"post":{"entryLength":16,"tag":"post","checksum":684273216,"offset":41668,"length":462}},"UnicodeCharMap":{"0":1,"13":2,"33":4,"34":5,"35":6,"36":7,"37":8,"38":9,"39":10,"40":11,"41":12,"42":13,"43":14,"44":15,"45":16,"46":17,"47":18,"48":19,"49":20,"50":21,"51":22,"52":23,"53":24,"54":25,"55":26,"56":27,"57":28,"58":29,"59":30,"60":31,"61":32,"62":33,"63":34,"64":35,"65":36,"66":37,"67":38,"68":39,"69":40,"70":41,"71":42,"72":43,"73":44,"74":45,"75":46,"76":47,"77":48,"78":49,"79":50,"80":51,"81":52,"82":53,"83":54,"84":55,"85":56,"86":57,"87":58,"88":59,"89":60,"90":61,"91":62,"92":63,"93":64,"94":65,"95":66,"96":67,"97":68,"98":69,"99":70,"100":71,"101":72,"102":73,"103":74,"104":75,"105":76,"106":77,"107":78,"108":79,"109":80,"110":81,"111":82,"112":83,"113":84,"114":85,"115":86,"116":87,"117":88,"118":89,"119":90,"120":91,"121":92,"122":93,"123":94,"124":95,"125":96,"126":97,"161":125,"162":126,"163":127,"167":128,"168":129,"169":130,"171":131,"172":132,"174":133,"176":134,"177":135,"180":136,"181":137,"182":138,"183":139,"184":141,"187":142,"191":143,"192":144,"193":145,"194":146,"195":147,"196":148,"197":149,"198":150,"199":151,"200":152,"201":153,"202":154,"203":155,"204":156,"205":157,"206":158,"207":159,"209":160,"210":161,"211":162,"212":163,"213":164,"214":165,"216":166,"217":167,"218":168,"219":169,"220":170,"223":171,"224":172,"225":173,"226":174,"227":175,"228":176,"229":177,"230":178,"231":179,"232":180,"233":181,"234":182,"235":183,"236":184,"237":185,"238":186,"239":187,"241":188,"242":189,"243":190,"244":191,"245":192,"246":193,"247":194,"248":195,"249":196,"250":197,"251":198,"252":199,"255":200,"305":201,"338":110,"339":123,"352":108,"376":124,"402":101,"710":106,"711":202,"732":120,"8211":118,"8212":119,"8216":113,"8217":114,"8218":100,"8220":115,"8221":116,"8222":102,"8224":104,"8225":105,"8226":117,"8230":103,"8240":107,"8249":109,"8250":122,"8482":121,"8725":203,"8729":140},"Reserves":{"fontname":"Zabriskie International Regular Italic"},"Names":{"Zabriskie International Regular Italic":{"name":"Zabriskie International Regular Italic","longitude":"0.00000001","latitude":"0.00000001","country":"","region":"","city":""}},"Nodes":{"za":{"type":"typal","node":"za","usage":1,"weight":1},"ie":{"type":"typal","node":"ie","usage":1,"weight":1},"in":{"type":"typal","node":"in","usage":1,"weight":1},"al":{"type":"typal","node":"al","usage":1,"weight":1},"re":{"type":"typal","node":"re","usage":1,"weight":1},"ar":{"type":"typal","node":"ar","usage":1,"weight":1},"it":{"type":"typal","node":"it","usage":1,"weight":1},"ic":{"type":"typal","node":"ic","usage":1,"weight":1},"zab":{"type":"typal","node":"zab","usage":1,"weight":1},"kie":{"type":"typal","node":"kie","usage":1,"weight":1},"int":{"type":"typal","node":"int","usage":1,"weight":1},"nal":{"type":"typal","node":"nal","usage":1,"weight":1},"reg":{"type":"typal","node":"reg","usage":1,"weight":1},"lar":{"type":"typal","node":"lar","usage":1,"weight":1},"ita":{"type":"typal","node":"ita","usage":1,"weight":1},"lic":{"type":"typal","node":"lic","usage":1,"weight":1},"zabr":{"type":"keys","node":"zabr","usage":1,"weight":1},"skie":{"type":"keys","node":"skie","usage":1,"weight":1},"inte":{"type":"keys","node":"inte","usage":1,"weight":1},"onal":{"type":"keys","node":"onal","usage":1,"weight":1},"regu":{"type":"keys","node":"regu","usage":1,"weight":1},"ular":{"type":"keys","node":"ular","usage":1,"weight":1},"ital":{"type":"keys","node":"ital","usage":1,"weight":1},"alic":{"type":"keys","node":"alic","usage":1,"weight":1},"zabri":{"type":"keys","node":"zabri","usage":1,"weight":1},"iskie":{"type":"keys","node":"iskie","usage":1,"weight":1},"inter":{"type":"keys","node":"inter","usage":1,"weight":1},"ional":{"type":"keys","node":"ional","usage":1,"weight":1},"regul":{"type":"keys","node":"regul","usage":1,"weight":1},"gular":{"type":"keys","node":"gular","usage":1,"weight":1},"itali":{"type":"keys","node":"itali","usage":1,"weight":1},"talic":{"type":"keys","node":"talic","usage":1,"weight":1},"zabriskie":{"type":"fixes","node":"zabriskie","usage":1,"weight":1},"international":{"type":"fixes","node":"international","usage":1,"weight":1},"regular":{"type":"fixes","node":"regular","usage":1,"weight":1},"italic":{"type":"fixes","node":"italic","usage":1,"weight":1}},"Contributors":[],"FontIdentity":"11496719a5d85553d442395c67e903c4","Bytes":null,"Networking":[]}