{"CSS":{"GuadalupeDos":"GuadalupeDos.css"},"FontType":"TrueType","FontCopyright":"Guadalupe-Dos computer font v1.0 (c)2001 Harold Lohner  HLohner@aol.com  http:\/\/members.aol.com\/fontner     Based on the architectural lettering at the Basilica of Guadalupe, Mexico City","FontName":"GuadalupeDos","FontSubfamily":"Book","FontSubfamilyID":"FontForge 2.0 : GuadalupeDos : 24-12-2016","FontFullName":"Guadalupe Dos","FontVersion":"Version Macromedia Fontograp ","FontWeight":null,"FontPostscriptName":"GuadalupeDos","Files":{"guadalupedos.afm":"guadalupedos.afm","guadalupedos.bin":"guadalupedos.bin","guadalupedos.cef":"guadalupedos.cef","guadalupedos.cff":"guadalupedos.cff","guadalupedos.cid":"guadalupedos.cid","guadalupedos.dfont":"guadalupedos.dfont","guadalupedos.eot":"guadalupedos.eot","guadalupedos.fon":"guadalupedos.fon","guadalupedos.gai":"guadalupedos.gai","guadalupedos.gsf":"guadalupedos.gsf","guadalupedos.hqx":"guadalupedos.hqx","guadalupedos.ik":"guadalupedos.ik","guadalupedos.mf":"guadalupedos.mf","guadalupedos.otf":"guadalupedos.otf","guadalupedos.pcf":"guadalupedos.pcf","guadalupedos.pf3":"guadalupedos.pf3","guadalupedos.pfa":"guadalupedos.pfa","guadalupedos.pfb":"guadalupedos.pfb","guadalupedos.php":"guadalupedos.php","guadalupedos.pmf":"guadalupedos.pmf","guadalupedos.pt3":"guadalupedos.pt3","guadalupedos.sfd":"guadalupedos.sfd","guadalupedos.svg":"guadalupedos.svg","guadalupedos.t42":"guadalupedos.t42","guadalupedos.ttd":"guadalupedos.ttd","guadalupedos.ttf":"guadalupedos.ttf","guadalupedos.ttg":"guadalupedos.ttg","guadalupedos.ufm":"guadalupedos.ufm","guadalupedos.woff":"guadalupedos.woff","guadalupedos.z":"guadalupedos.z","guadd___.afm":"guadd___.afm","guadd___.bin":"guadd___.bin","guadd___.cef":"guadd___.cef","guadd___.cff":"guadd___.cff","guadd___.cid":"guadd___.cid","guadd___.dfont":"guadd___.dfont","guadd___.eot":"guadd___.eot","guadd___.fon":"guadd___.fon","guadd___.gai":"guadd___.gai","guadd___.gsf":"guadd___.gsf","guadd___.hqx":"guadd___.hqx","guadd___.ik":"guadd___.ik","guadd___.mf":"guadd___.mf","guadd___.otf":"guadd___.otf","guadd___.pcf":"guadd___.pcf","guadd___.pf3":"guadd___.pf3","guadd___.pfa":"guadd___.pfa","guadd___.pfb":"guadd___.pfb","guadd___.pmf":"guadd___.pmf","guadd___.pt3":"guadd___.pt3","guadd___.sfd":"guadd___.sfd","guadd___.svg":"guadd___.svg","guadd___.t42":"guadd___.t42","guadd___.ttd":"guadd___.ttd","guadd___.ttf":"guadd___.ttf","guadd___.ttg":"guadd___.ttg","guadd___.ufm":"guadd___.ufm","guadd___.woff":"guadd___.woff","":{"guadalupedos.afm":"guadalupedos.afm","guadalupedos.bin":"guadalupedos.bin","guadalupedos.cef":"guadalupedos.cef","guadalupedos.cff":"guadalupedos.cff","guadalupedos.cid":"guadalupedos.cid","guadalupedos.dfont":"guadalupedos.dfont","guadalupedos.eot":"guadalupedos.eot","guadalupedos.fon":"guadalupedos.fon","guadalupedos.gai":"guadalupedos.gai","guadalupedos.gsf":"guadalupedos.gsf","guadalupedos.hqx":"guadalupedos.hqx","guadalupedos.ik":"guadalupedos.ik","guadalupedos.mf":"guadalupedos.mf","guadalupedos.otf":"guadalupedos.otf","guadalupedos.pcf":"guadalupedos.pcf","guadalupedos.pf3":"guadalupedos.pf3","guadalupedos.pfa":"guadalupedos.pfa","guadalupedos.pfb":"guadalupedos.pfb","guadalupedos.php":"guadalupedos.php","guadalupedos.pmf":"guadalupedos.pmf","guadalupedos.pt3":"guadalupedos.pt3","guadalupedos.sfd":"guadalupedos.sfd","guadalupedos.svg":"guadalupedos.svg","guadalupedos.t42":"guadalupedos.t42","guadalupedos.ttd":"guadalupedos.ttd","guadalupedos.ttf":"guadalupedos.ttf","guadalupedos.ttg":"guadalupedos.ttg","guadalupedos.ufm":"guadalupedos.ufm","guadalupedos.woff":"guadalupedos.woff","guadalupedos.z":"guadalupedos.z","guadd___.afm":"guadd___.afm","guadd___.bin":"guadd___.bin","guadd___.cef":"guadd___.cef","guadd___.cff":"guadd___.cff","guadd___.cid":"guadd___.cid","guadd___.dfont":"guadd___.dfont","guadd___.eot":"guadd___.eot","guadd___.fon":"guadd___.fon","guadd___.gai":"guadd___.gai","guadd___.gsf":"guadd___.gsf","guadd___.hqx":"guadd___.hqx","guadd___.ik":"guadd___.ik","guadd___.mf":"guadd___.mf","guadd___.otf":"guadd___.otf","guadd___.pcf":"guadd___.pcf","guadd___.pf3":"guadd___.pf3","guadd___.pfa":"guadd___.pfa","guadd___.pfb":"guadd___.pfb","guadd___.pmf":"guadd___.pmf","guadd___.pt3":"guadd___.pt3","guadd___.sfd":"guadd___.sfd","guadd___.svg":"guadd___.svg","guadd___.t42":"guadd___.t42","guadd___.ttd":"guadd___.ttd","guadd___.ttf":"guadd___.ttf","guadd___.ttg":"guadd___.ttg","guadd___.ufm":"guadd___.ufm","guadd___.woff":"guadd___.woff"},"\/guadalupedos.ufo":{"feature.fea":"feature.fea","fontinfo.plist":"fontinfo.plist","groups.plist":"groups.plist","kerning.plist":"kerning.plist","metainfo.plist":"metainfo.plist"},"\/guadalupedos.ufo\/glyphs":{"A_.glif":"A_.glif","A_E_.glif":"A_E_.glif","A_acute.glif":"A_acute.glif","A_circumflex.glif":"A_circumflex.glif","A_dieresis.glif":"A_dieresis.glif","A_grave.glif":"A_grave.glif","A_ring.glif":"A_ring.glif","A_tilde.glif":"A_tilde.glif","B_.glif":"B_.glif","C_.glif":"C_.glif","C_cedilla.glif":"C_cedilla.glif","D_.glif":"D_.glif","E_.glif":"E_.glif","E_acute.glif":"E_acute.glif","E_circumflex.glif":"E_circumflex.glif","E_dieresis.glif":"E_dieresis.glif","E_grave.glif":"E_grave.glif","E_th.glif":"E_th.glif","F_.glif":"F_.glif","G_.glif":"G_.glif","H_.glif":"H_.glif","I_.glif":"I_.glif","I_acute.glif":"I_acute.glif","I_circumflex.glif":"I_circumflex.glif","I_dieresis.glif":"I_dieresis.glif","I_grave.glif":"I_grave.glif","J_.glif":"J_.glif","K_.glif":"K_.glif","L_.glif":"L_.glif","L_slash.glif":"L_slash.glif","M_.glif":"M_.glif","N_.glif":"N_.glif","N_tilde.glif":"N_tilde.glif","O_.glif":"O_.glif","O_E_.glif":"O_E_.glif","O_acute.glif":"O_acute.glif","O_circumflex.glif":"O_circumflex.glif","O_dieresis.glif":"O_dieresis.glif","O_grave.glif":"O_grave.glif","O_slash.glif":"O_slash.glif","O_tilde.glif":"O_tilde.glif","P_.glif":"P_.glif","Q_.glif":"Q_.glif","R_.glif":"R_.glif","S_.glif":"S_.glif","S_caron.glif":"S_caron.glif","T_.glif":"T_.glif","T_horn.glif":"T_horn.glif","U_.glif":"U_.glif","U_acute.glif":"U_acute.glif","U_circumflex.glif":"U_circumflex.glif","U_dieresis.glif":"U_dieresis.glif","U_grave.glif":"U_grave.glif","V_.glif":"V_.glif","W_.glif":"W_.glif","X_.glif":"X_.glif","Y_.glif":"Y_.glif","Y_acute.glif":"Y_acute.glif","Y_dieresis.glif":"Y_dieresis.glif","Z_.glif":"Z_.glif","Z_caron.glif":"Z_caron.glif","_notdef.glif":"_notdef.glif","_null.glif":"_null.glif","a.glif":"a.glif","aacute.glif":"aacute.glif","acircumflex.glif":"acircumflex.glif","acute.glif":"acute.glif","adieresis.glif":"adieresis.glif","ae.glif":"ae.glif","agrave.glif":"agrave.glif","ampersand.glif":"ampersand.glif","aring.glif":"aring.glif","asciicircum.glif":"asciicircum.glif","asciitilde.glif":"asciitilde.glif","asterisk.glif":"asterisk.glif","at.glif":"at.glif","atilde.glif":"atilde.glif","b.glif":"b.glif","backslash.glif":"backslash.glif","bar.glif":"bar.glif","braceleft.glif":"braceleft.glif","braceright.glif":"braceright.glif","bracketleft.glif":"bracketleft.glif","bracketright.glif":"bracketright.glif","bullet.glif":"bullet.glif","c.glif":"c.glif","caron.glif":"caron.glif","ccedilla.glif":"ccedilla.glif","cedilla.glif":"cedilla.glif","cent.glif":"cent.glif","circumflex.glif":"circumflex.glif","colon.glif":"colon.glif","comma.glif":"comma.glif","contents.plist":"contents.plist","currency.glif":"currency.glif","d.glif":"d.glif","degree.glif":"degree.glif","dieresis.glif":"dieresis.glif","dollar.glif":"dollar.glif","e.glif":"e.glif","eacute.glif":"eacute.glif","ecircumflex.glif":"ecircumflex.glif","edieresis.glif":"edieresis.glif","egrave.glif":"egrave.glif","eight.glif":"eight.glif","emdash.glif":"emdash.glif","endash.glif":"endash.glif","equal.glif":"equal.glif","eth.glif":"eth.glif","exclam.glif":"exclam.glif","exclamdown.glif":"exclamdown.glif","f.glif":"f.glif","fi.glif":"fi.glif","five.glif":"five.glif","fl.glif":"fl.glif","four.glif":"four.glif","g.glif":"g.glif","germandbls.glif":"germandbls.glif","grave.glif":"grave.glif","greater.glif":"greater.glif","guillemotleft.glif":"guillemotleft.glif","guillemotright.glif":"guillemotright.glif","guilsinglleft.glif":"guilsinglleft.glif","guilsinglright.glif":"guilsinglright.glif","h.glif":"h.glif","hyphen.glif":"hyphen.glif","i.glif":"i.glif","iacute.glif":"iacute.glif","icircumflex.glif":"icircumflex.glif","idieresis.glif":"idieresis.glif","igrave.glif":"igrave.glif","j.glif":"j.glif","k.glif":"k.glif","l.glif":"l.glif","less.glif":"less.glif","lslash.glif":"lslash.glif","m.glif":"m.glif","n.glif":"n.glif","nine.glif":"nine.glif","nonmarkingreturn.glif":"nonmarkingreturn.glif","ntilde.glif":"ntilde.glif","numbersign.glif":"numbersign.glif","o.glif":"o.glif","oacute.glif":"oacute.glif","ocircumflex.glif":"ocircumflex.glif","odieresis.glif":"odieresis.glif","oe.glif":"oe.glif","ograve.glif":"ograve.glif","one.glif":"one.glif","oslash.glif":"oslash.glif","otilde.glif":"otilde.glif","p.glif":"p.glif","parenleft.glif":"parenleft.glif","parenright.glif":"parenright.glif","percent.glif":"percent.glif","period.glif":"period.glif","periodcentered.glif":"periodcentered.glif","plus.glif":"plus.glif","q.glif":"q.glif","question.glif":"question.glif","questiondown.glif":"questiondown.glif","quotedbl.glif":"quotedbl.glif","quotedblbase.glif":"quotedblbase.glif","quotedblleft.glif":"quotedblleft.glif","quotedblright.glif":"quotedblright.glif","quoteleft.glif":"quoteleft.glif","quoteright.glif":"quoteright.glif","quotesinglbase.glif":"quotesinglbase.glif","quotesingle.glif":"quotesingle.glif","r.glif":"r.glif","ring.glif":"ring.glif","s.glif":"s.glif","scaron.glif":"scaron.glif","semicolon.glif":"semicolon.glif","seven.glif":"seven.glif","six.glif":"six.glif","slash.glif":"slash.glif","space.glif":"space.glif","sterling.glif":"sterling.glif","t.glif":"t.glif","thorn.glif":"thorn.glif","three.glif":"three.glif","tilde.glif":"tilde.glif","two.glif":"two.glif","u.glif":"u.glif","uacute.glif":"uacute.glif","ucircumflex.glif":"ucircumflex.glif","udieresis.glif":"udieresis.glif","ugrave.glif":"ugrave.glif","underscore.glif":"underscore.glif","v.glif":"v.glif","w.glif":"w.glif","x.glif":"x.glif","y.glif":"y.glif","yacute.glif":"yacute.glif","ydieresis.glif":"ydieresis.glif","yen.glif":"yen.glif","z.glif":"z.glif","zcaron.glif":"zcaron.glif","zero.glif":"zero.glif"},"\/guadd___.ufo":{"feature.fea":"feature.fea","fontinfo.plist":"fontinfo.plist","groups.plist":"groups.plist","kerning.plist":"kerning.plist","metainfo.plist":"metainfo.plist"},"\/guadd___.ufo\/glyphs":{"A_.glif":"A_.glif","A_E_.glif":"A_E_.glif","A_acute.glif":"A_acute.glif","A_circumflex.glif":"A_circumflex.glif","A_dieresis.glif":"A_dieresis.glif","A_grave.glif":"A_grave.glif","A_ring.glif":"A_ring.glif","A_tilde.glif":"A_tilde.glif","B_.glif":"B_.glif","C_.glif":"C_.glif","C_cedilla.glif":"C_cedilla.glif","D_.glif":"D_.glif","E_.glif":"E_.glif","E_acute.glif":"E_acute.glif","E_circumflex.glif":"E_circumflex.glif","E_dieresis.glif":"E_dieresis.glif","E_grave.glif":"E_grave.glif","E_th.glif":"E_th.glif","F_.glif":"F_.glif","G_.glif":"G_.glif","H_.glif":"H_.glif","I_.glif":"I_.glif","I_acute.glif":"I_acute.glif","I_circumflex.glif":"I_circumflex.glif","I_dieresis.glif":"I_dieresis.glif","I_grave.glif":"I_grave.glif","J_.glif":"J_.glif","K_.glif":"K_.glif","L_.glif":"L_.glif","L_slash.glif":"L_slash.glif","M_.glif":"M_.glif","N_.glif":"N_.glif","N_tilde.glif":"N_tilde.glif","O_.glif":"O_.glif","O_E_.glif":"O_E_.glif","O_acute.glif":"O_acute.glif","O_circumflex.glif":"O_circumflex.glif","O_dieresis.glif":"O_dieresis.glif","O_grave.glif":"O_grave.glif","O_slash.glif":"O_slash.glif","O_tilde.glif":"O_tilde.glif","P_.glif":"P_.glif","Q_.glif":"Q_.glif","R_.glif":"R_.glif","S_.glif":"S_.glif","S_caron.glif":"S_caron.glif","T_.glif":"T_.glif","T_horn.glif":"T_horn.glif","U_.glif":"U_.glif","U_acute.glif":"U_acute.glif","U_circumflex.glif":"U_circumflex.glif","U_dieresis.glif":"U_dieresis.glif","U_grave.glif":"U_grave.glif","V_.glif":"V_.glif","W_.glif":"W_.glif","X_.glif":"X_.glif","Y_.glif":"Y_.glif","Y_acute.glif":"Y_acute.glif","Y_dieresis.glif":"Y_dieresis.glif","Z_.glif":"Z_.glif","Z_caron.glif":"Z_caron.glif","_notdef.glif":"_notdef.glif","_null.glif":"_null.glif","a.glif":"a.glif","aacute.glif":"aacute.glif","acircumflex.glif":"acircumflex.glif","acute.glif":"acute.glif","adieresis.glif":"adieresis.glif","ae.glif":"ae.glif","agrave.glif":"agrave.glif","ampersand.glif":"ampersand.glif","aring.glif":"aring.glif","asciicircum.glif":"asciicircum.glif","asciitilde.glif":"asciitilde.glif","asterisk.glif":"asterisk.glif","at.glif":"at.glif","atilde.glif":"atilde.glif","b.glif":"b.glif","backslash.glif":"backslash.glif","bar.glif":"bar.glif","braceleft.glif":"braceleft.glif","braceright.glif":"braceright.glif","bracketleft.glif":"bracketleft.glif","bracketright.glif":"bracketright.glif","bullet.glif":"bullet.glif","c.glif":"c.glif","caron.glif":"caron.glif","ccedilla.glif":"ccedilla.glif","cedilla.glif":"cedilla.glif","cent.glif":"cent.glif","circumflex.glif":"circumflex.glif","colon.glif":"colon.glif","comma.glif":"comma.glif","contents.plist":"contents.plist","currency.glif":"currency.glif","d.glif":"d.glif","degree.glif":"degree.glif","dieresis.glif":"dieresis.glif","dollar.glif":"dollar.glif","e.glif":"e.glif","eacute.glif":"eacute.glif","ecircumflex.glif":"ecircumflex.glif","edieresis.glif":"edieresis.glif","egrave.glif":"egrave.glif","eight.glif":"eight.glif","emdash.glif":"emdash.glif","endash.glif":"endash.glif","equal.glif":"equal.glif","eth.glif":"eth.glif","exclam.glif":"exclam.glif","exclamdown.glif":"exclamdown.glif","f.glif":"f.glif","fi.glif":"fi.glif","five.glif":"five.glif","fl.glif":"fl.glif","four.glif":"four.glif","g.glif":"g.glif","germandbls.glif":"germandbls.glif","grave.glif":"grave.glif","greater.glif":"greater.glif","guillemotleft.glif":"guillemotleft.glif","guillemotright.glif":"guillemotright.glif","guilsinglleft.glif":"guilsinglleft.glif","guilsinglright.glif":"guilsinglright.glif","h.glif":"h.glif","hyphen.glif":"hyphen.glif","i.glif":"i.glif","iacute.glif":"iacute.glif","icircumflex.glif":"icircumflex.glif","idieresis.glif":"idieresis.glif","igrave.glif":"igrave.glif","j.glif":"j.glif","k.glif":"k.glif","l.glif":"l.glif","less.glif":"less.glif","lslash.glif":"lslash.glif","m.glif":"m.glif","n.glif":"n.glif","nine.glif":"nine.glif","nonmarkingreturn.glif":"nonmarkingreturn.glif","ntilde.glif":"ntilde.glif","numbersign.glif":"numbersign.glif","o.glif":"o.glif","oacute.glif":"oacute.glif","ocircumflex.glif":"ocircumflex.glif","odieresis.glif":"odieresis.glif","oe.glif":"oe.glif","ograve.glif":"ograve.glif","one.glif":"one.glif","oslash.glif":"oslash.glif","otilde.glif":"otilde.glif","p.glif":"p.glif","parenleft.glif":"parenleft.glif","parenright.glif":"parenright.glif","percent.glif":"percent.glif","period.glif":"period.glif","periodcentered.glif":"periodcentered.glif","plus.glif":"plus.glif","q.glif":"q.glif","question.glif":"question.glif","questiondown.glif":"questiondown.glif","quotedbl.glif":"quotedbl.glif","quotedblbase.glif":"quotedblbase.glif","quotedblleft.glif":"quotedblleft.glif","quotedblright.glif":"quotedblright.glif","quoteleft.glif":"quoteleft.glif","quoteright.glif":"quoteright.glif","quotesinglbase.glif":"quotesinglbase.glif","quotesingle.glif":"quotesingle.glif","r.glif":"r.glif","ring.glif":"ring.glif","s.glif":"s.glif","scaron.glif":"scaron.glif","semicolon.glif":"semicolon.glif","seven.glif":"seven.glif","six.glif":"six.glif","slash.glif":"slash.glif","space.glif":"space.glif","sterling.glif":"sterling.glif","t.glif":"t.glif","thorn.glif":"thorn.glif","three.glif":"three.glif","tilde.glif":"tilde.glif","two.glif":"two.glif","u.glif":"u.glif","uacute.glif":"uacute.glif","ucircumflex.glif":"ucircumflex.glif","udieresis.glif":"udieresis.glif","ugrave.glif":"ugrave.glif","underscore.glif":"underscore.glif","v.glif":"v.glif","w.glif":"w.glif","x.glif":"x.glif","y.glif":"y.glif","yacute.glif":"yacute.glif","ydieresis.glif":"ydieresis.glif","yen.glif":"yen.glif","z.glif":"z.glif","zcaron.glif":"zcaron.glif","zero.glif":"zero.glif"}},"Font":{"uploaded":1482549834.5372,"licence":"gpl3","company":"Chronolabs Cooperative","title":"Guadalupe Dos","version":2.001,"date":"Sat Oct 15 01:27:03 2016","creator":"root","type":"1","matrix":"0.001 0 0 0.001 0 0","named":"GuadalupeDos","painttype":"0","info":"10 dict dup","name":"GuadalupeDos","family":"GuadalupeDos","weight":"Book","fstype":"1","italicangle":"0","underlineposition":"","underlinethickness":""},"Table":{"FFTM":{"entryLength":16,"tag":"FFTM","checksum":1955256896,"offset":61668,"length":28},"GDEF":{"entryLength":16,"tag":"GDEF","checksum":15990788,"offset":61636,"length":32},"OS\/2":{"entryLength":16,"tag":"OS\/2","checksum":1455103300,"offset":344,"length":86},"cmap":{"entryLength":16,"tag":"cmap","checksum":603290309,"offset":1228,"length":546},"gasp":{"entryLength":16,"tag":"gasp","checksum":4294901763,"offset":61628,"length":8},"glyf":{"entryLength":16,"tag":"glyf","checksum":2144070840,"offset":2176,"length":57936},"head":{"entryLength":16,"tag":"head","checksum":454333421,"offset":220,"length":54},"hhea":{"entryLength":16,"tag":"hhea","checksum":408687309,"offset":276,"length":36},"hmtx":{"entryLength":16,"tag":"hmtx","checksum":1779964093,"offset":432,"length":796},"loca":{"entryLength":16,"tag":"loca","checksum":3016025946,"offset":1776,"length":400},"maxp":{"entryLength":16,"tag":"maxp","checksum":23463875,"offset":312,"length":32},"name":{"entryLength":16,"tag":"name","checksum":2672145626,"offset":60112,"length":1083},"post":{"entryLength":16,"tag":"post","checksum":713239106,"offset":61196,"length":432}},"UnicodeCharMap":{"0":1,"13":2,"32":3,"33":4,"34":5,"35":6,"36":7,"37":8,"38":9,"39":10,"40":11,"41":12,"42":13,"43":14,"44":15,"45":16,"46":17,"47":18,"48":19,"49":20,"50":21,"51":22,"52":23,"53":24,"54":25,"55":26,"56":27,"57":28,"58":29,"59":30,"60":31,"61":32,"62":33,"63":34,"64":35,"65":36,"66":37,"67":38,"68":39,"69":40,"70":41,"71":42,"72":43,"73":44,"74":45,"75":46,"76":47,"77":48,"78":49,"79":50,"80":51,"81":52,"82":53,"83":54,"84":55,"85":56,"86":57,"87":58,"88":59,"89":60,"90":61,"91":62,"92":63,"93":64,"94":65,"95":66,"96":67,"97":68,"98":69,"99":70,"100":71,"101":72,"102":73,"103":74,"104":75,"105":76,"106":77,"107":78,"108":79,"109":80,"110":81,"111":82,"112":83,"113":84,"114":85,"115":86,"116":87,"117":88,"118":89,"119":90,"120":91,"121":92,"122":93,"123":94,"124":95,"125":96,"126":97,"161":98,"162":99,"163":100,"164":101,"165":102,"168":103,"171":104,"176":105,"180":106,"183":107,"184":108,"187":109,"191":110,"192":111,"193":112,"194":113,"195":114,"196":115,"197":116,"198":117,"199":118,"200":119,"201":120,"202":121,"203":122,"204":123,"205":124,"206":125,"207":126,"208":127,"209":128,"210":129,"211":130,"212":131,"213":132,"214":133,"216":134,"217":135,"218":136,"219":137,"220":138,"221":139,"222":140,"223":141,"224":142,"225":143,"226":144,"227":145,"228":146,"229":147,"230":148,"231":149,"232":150,"233":151,"234":152,"235":153,"236":154,"237":155,"238":156,"239":157,"240":158,"241":159,"242":160,"243":161,"244":162,"245":163,"246":164,"248":165,"249":166,"250":167,"251":168,"252":169,"253":170,"254":171,"255":172,"321":191,"322":192,"338":174,"339":175,"352":189,"353":190,"376":182,"381":193,"382":194,"710":187,"711":198,"730":197,"732":188,"8211":176,"8212":177,"8216":180,"8217":181,"8218":185,"8220":178,"8221":179,"8222":186,"8226":173,"8249":183,"8250":184,"64257":195,"64258":196},"Reserves":null,"Names":[],"Nodes":{"gu":{"type":"typal","node":"gu","usage":1,"weight":1},"pe":{"type":"typal","node":"pe","usage":1,"weight":1},"do":{"type":"typal","node":"do","usage":1,"weight":1},"os":{"type":"typal","node":"os","usage":1,"weight":1},"gua":{"type":"typal","node":"gua","usage":1,"weight":1},"upe":{"type":"typal","node":"upe","usage":1,"weight":1},"guad":{"type":"keys","node":"guad","usage":1,"weight":1},"lupe":{"type":"keys","node":"lupe","usage":1,"weight":1},"guada":{"type":"keys","node":"guada","usage":1,"weight":1},"alupe":{"type":"keys","node":"alupe","usage":1,"weight":1},"guadalupe":{"type":"fixes","node":"guadalupe","usage":1,"weight":1},"dos":{"type":"fixes","node":"dos","usage":1,"weight":1}},"Contributors":[],"FontIdentity":"2aafca5dfb17363ac845451c232cb6e0","Bytes":12991146,"Networking":[],"barcode":"12sco3iuamciq","referee":"seaok"}