{"CSS":{"nuni":"crash99:65d2fc56134db03996b0e024.css"},"FontType":"TrueType","FontCopyright":null,"FontName":"nuni","FontSubfamily":"Book","FontSubfamilyID":"FontForge 2.0 : nuni : 28-8-2016","FontFullName":"nuni","FontVersion":"Version 1.0 ","FontWeight":null,"FontPostscriptName":"nuni","Files":{"\/font-resource.json":"\/font-resource.json","\/nuni.afm":"\/nuni.afm","\/nuni.cef":"\/nuni.cef","\/nuni.cff":"\/nuni.cff","\/nuni.css":"\/nuni.css","\/nuni.eot":"\/nuni.eot","\/nuni.gai":"\/nuni.gai","\/nuni.gsf":"\/nuni.gsf","\/nuni.otf":"\/nuni.otf","\/nuni.pf3":"\/nuni.pf3","\/nuni.pfa":"\/nuni.pfa","\/nuni.pfb":"\/nuni.pfb","\/nuni.php":"\/nuni.php","\/nuni.pt3":"\/nuni.pt3","\/nuni.sfd":"\/nuni.sfd","\/nuni.svg":"\/nuni.svg","\/nuni.t42":"\/nuni.t42","\/nuni.ttd":"\/nuni.ttd","\/nuni.ttf":"\/nuni.ttf","\/nuni.ttg":"\/nuni.ttg","\/nuni.ufm":"\/nuni.ufm","\/nuni.woff":"\/nuni.woff","\/nuni.z":"\/nuni.z","\/nuni.ufo\/feature.fea":"\/nuni.ufo\/feature.fea","\/nuni.ufo\/fontinfo.plist":"\/nuni.ufo\/fontinfo.plist","\/nuni.ufo\/groups.plist":"\/nuni.ufo\/groups.plist","\/nuni.ufo\/kerning.plist":"\/nuni.ufo\/kerning.plist","\/nuni.ufo\/metainfo.plist":"\/nuni.ufo\/metainfo.plist","\/nuni.ufo\/glyphs\/A_.glif":"\/nuni.ufo\/glyphs\/A_.glif","\/nuni.ufo\/glyphs\/B_.glif":"\/nuni.ufo\/glyphs\/B_.glif","\/nuni.ufo\/glyphs\/C_.glif":"\/nuni.ufo\/glyphs\/C_.glif","\/nuni.ufo\/glyphs\/D_.glif":"\/nuni.ufo\/glyphs\/D_.glif","\/nuni.ufo\/glyphs\/E_.glif":"\/nuni.ufo\/glyphs\/E_.glif","\/nuni.ufo\/glyphs\/F_.glif":"\/nuni.ufo\/glyphs\/F_.glif","\/nuni.ufo\/glyphs\/G_.glif":"\/nuni.ufo\/glyphs\/G_.glif","\/nuni.ufo\/glyphs\/H_.glif":"\/nuni.ufo\/glyphs\/H_.glif","\/nuni.ufo\/glyphs\/I_.glif":"\/nuni.ufo\/glyphs\/I_.glif","\/nuni.ufo\/glyphs\/J_.glif":"\/nuni.ufo\/glyphs\/J_.glif","\/nuni.ufo\/glyphs\/K_.glif":"\/nuni.ufo\/glyphs\/K_.glif","\/nuni.ufo\/glyphs\/L_.glif":"\/nuni.ufo\/glyphs\/L_.glif","\/nuni.ufo\/glyphs\/M_.glif":"\/nuni.ufo\/glyphs\/M_.glif","\/nuni.ufo\/glyphs\/N_.glif":"\/nuni.ufo\/glyphs\/N_.glif","\/nuni.ufo\/glyphs\/O_.glif":"\/nuni.ufo\/glyphs\/O_.glif","\/nuni.ufo\/glyphs\/P_.glif":"\/nuni.ufo\/glyphs\/P_.glif","\/nuni.ufo\/glyphs\/Q_.glif":"\/nuni.ufo\/glyphs\/Q_.glif","\/nuni.ufo\/glyphs\/R_.glif":"\/nuni.ufo\/glyphs\/R_.glif","\/nuni.ufo\/glyphs\/S_.glif":"\/nuni.ufo\/glyphs\/S_.glif","\/nuni.ufo\/glyphs\/T_.glif":"\/nuni.ufo\/glyphs\/T_.glif","\/nuni.ufo\/glyphs\/U_.glif":"\/nuni.ufo\/glyphs\/U_.glif","\/nuni.ufo\/glyphs\/V_.glif":"\/nuni.ufo\/glyphs\/V_.glif","\/nuni.ufo\/glyphs\/W_.glif":"\/nuni.ufo\/glyphs\/W_.glif","\/nuni.ufo\/glyphs\/X_.glif":"\/nuni.ufo\/glyphs\/X_.glif","\/nuni.ufo\/glyphs\/Y_.glif":"\/nuni.ufo\/glyphs\/Y_.glif","\/nuni.ufo\/glyphs\/Z_.glif":"\/nuni.ufo\/glyphs\/Z_.glif","\/nuni.ufo\/glyphs\/_notdef.glif":"\/nuni.ufo\/glyphs\/_notdef.glif","\/nuni.ufo\/glyphs\/a.glif":"\/nuni.ufo\/glyphs\/a.glif","\/nuni.ufo\/glyphs\/b.glif":"\/nuni.ufo\/glyphs\/b.glif","\/nuni.ufo\/glyphs\/c.glif":"\/nuni.ufo\/glyphs\/c.glif","\/nuni.ufo\/glyphs\/colon.glif":"\/nuni.ufo\/glyphs\/colon.glif","\/nuni.ufo\/glyphs\/comma.glif":"\/nuni.ufo\/glyphs\/comma.glif","\/nuni.ufo\/glyphs\/contents.plist":"\/nuni.ufo\/glyphs\/contents.plist","\/nuni.ufo\/glyphs\/d.glif":"\/nuni.ufo\/glyphs\/d.glif","\/nuni.ufo\/glyphs\/dollar.glif":"\/nuni.ufo\/glyphs\/dollar.glif","\/nuni.ufo\/glyphs\/e.glif":"\/nuni.ufo\/glyphs\/e.glif","\/nuni.ufo\/glyphs\/eight.glif":"\/nuni.ufo\/glyphs\/eight.glif","\/nuni.ufo\/glyphs\/exclam.glif":"\/nuni.ufo\/glyphs\/exclam.glif","\/nuni.ufo\/glyphs\/f.glif":"\/nuni.ufo\/glyphs\/f.glif","\/nuni.ufo\/glyphs\/five.glif":"\/nuni.ufo\/glyphs\/five.glif","\/nuni.ufo\/glyphs\/four.glif":"\/nuni.ufo\/glyphs\/four.glif","\/nuni.ufo\/glyphs\/g.glif":"\/nuni.ufo\/glyphs\/g.glif","\/nuni.ufo\/glyphs\/glyph1.glif":"\/nuni.ufo\/glyphs\/glyph1.glif","\/nuni.ufo\/glyphs\/glyph2.glif":"\/nuni.ufo\/glyphs\/glyph2.glif","\/nuni.ufo\/glyphs\/h.glif":"\/nuni.ufo\/glyphs\/h.glif","\/nuni.ufo\/glyphs\/i.glif":"\/nuni.ufo\/glyphs\/i.glif","\/nuni.ufo\/glyphs\/j.glif":"\/nuni.ufo\/glyphs\/j.glif","\/nuni.ufo\/glyphs\/k.glif":"\/nuni.ufo\/glyphs\/k.glif","\/nuni.ufo\/glyphs\/l.glif":"\/nuni.ufo\/glyphs\/l.glif","\/nuni.ufo\/glyphs\/m.glif":"\/nuni.ufo\/glyphs\/m.glif","\/nuni.ufo\/glyphs\/n.glif":"\/nuni.ufo\/glyphs\/n.glif","\/nuni.ufo\/glyphs\/nine.glif":"\/nuni.ufo\/glyphs\/nine.glif","\/nuni.ufo\/glyphs\/numbersign.glif":"\/nuni.ufo\/glyphs\/numbersign.glif","\/nuni.ufo\/glyphs\/o.glif":"\/nuni.ufo\/glyphs\/o.glif","\/nuni.ufo\/glyphs\/one.glif":"\/nuni.ufo\/glyphs\/one.glif","\/nuni.ufo\/glyphs\/p.glif":"\/nuni.ufo\/glyphs\/p.glif","\/nuni.ufo\/glyphs\/parenleft.glif":"\/nuni.ufo\/glyphs\/parenleft.glif","\/nuni.ufo\/glyphs\/parenright.glif":"\/nuni.ufo\/glyphs\/parenright.glif","\/nuni.ufo\/glyphs\/period.glif":"\/nuni.ufo\/glyphs\/period.glif","\/nuni.ufo\/glyphs\/q.glif":"\/nuni.ufo\/glyphs\/q.glif","\/nuni.ufo\/glyphs\/question.glif":"\/nuni.ufo\/glyphs\/question.glif","\/nuni.ufo\/glyphs\/r.glif":"\/nuni.ufo\/glyphs\/r.glif","\/nuni.ufo\/glyphs\/s.glif":"\/nuni.ufo\/glyphs\/s.glif","\/nuni.ufo\/glyphs\/semicolon.glif":"\/nuni.ufo\/glyphs\/semicolon.glif","\/nuni.ufo\/glyphs\/seven.glif":"\/nuni.ufo\/glyphs\/seven.glif","\/nuni.ufo\/glyphs\/six.glif":"\/nuni.ufo\/glyphs\/six.glif","\/nuni.ufo\/glyphs\/space.glif":"\/nuni.ufo\/glyphs\/space.glif","\/nuni.ufo\/glyphs\/t.glif":"\/nuni.ufo\/glyphs\/t.glif","\/nuni.ufo\/glyphs\/three.glif":"\/nuni.ufo\/glyphs\/three.glif","\/nuni.ufo\/glyphs\/two.glif":"\/nuni.ufo\/glyphs\/two.glif","\/nuni.ufo\/glyphs\/u.glif":"\/nuni.ufo\/glyphs\/u.glif","\/nuni.ufo\/glyphs\/v.glif":"\/nuni.ufo\/glyphs\/v.glif","\/nuni.ufo\/glyphs\/w.glif":"\/nuni.ufo\/glyphs\/w.glif","\/nuni.ufo\/glyphs\/x.glif":"\/nuni.ufo\/glyphs\/x.glif","\/nuni.ufo\/glyphs\/y.glif":"\/nuni.ufo\/glyphs\/y.glif","\/nuni.ufo\/glyphs\/z.glif":"\/nuni.ufo\/glyphs\/z.glif","\/nuni.ufo\/glyphs\/zero.glif":"\/nuni.ufo\/glyphs\/zero.glif"},"Font":{"uploaded":1472610883.0485,"licence":"gpl3","company":"Chronolabs Cooperative","title":"nuni","version":3.002,"date":"Sun Aug 28 07:51:38 2016","creator":"root","type":"1","matrix":"0.001 0 0 0.001 0 0","named":"nuni","painttype":"0","info":"7 dict dup","name":"nuni","family":"nuni","weight":"Book","fstype":"0","italicangle":"0"},"Licences":{"":false},"Table":{"FFTM":{"entryLength":16,"tag":"FFTM","checksum":1947015844,"offset":47924,"length":28},"GDEF":{"entryLength":16,"tag":"GDEF","checksum":7929860,"offset":47892,"length":32},"OS\/2":{"entryLength":16,"tag":"OS\/2","checksum":1468031620,"offset":344,"length":86},"cmap":{"entryLength":16,"tag":"cmap","checksum":4219698386,"offset":736,"length":826},"gasp":{"entryLength":16,"tag":"gasp","checksum":4294901763,"offset":47884,"length":8},"glyf":{"entryLength":16,"tag":"glyf","checksum":2365473013,"offset":1720,"length":45616},"head":{"entryLength":16,"tag":"head","checksum":178908402,"offset":220,"length":54},"hhea":{"entryLength":16,"tag":"hhea","checksum":155320848,"offset":276,"length":36},"hmtx":{"entryLength":16,"tag":"hmtx","checksum":3678470417,"offset":432,"length":304},"loca":{"entryLength":16,"tag":"loca","checksum":3198587344,"offset":1564,"length":154},"maxp":{"entryLength":16,"tag":"maxp","checksum":10093078,"offset":312,"length":32},"name":{"entryLength":16,"tag":"name","checksum":2467524511,"offset":47336,"length":348},"post":{"entryLength":16,"tag":"post","checksum":531582638,"offset":47684,"length":200}},"UnicodeCharMap":{"32":3,"33":4,"35":5,"36":6,"40":7,"41":8,"44":9,"46":10,"48":11,"49":12,"50":13,"51":14,"52":15,"53":16,"54":17,"55":18,"56":19,"57":20,"58":21,"59":22,"63":23,"65":24,"66":25,"67":26,"68":27,"69":28,"70":29,"71":30,"72":31,"73":32,"74":33,"75":34,"76":35,"77":36,"78":37,"79":38,"80":39,"81":40,"82":41,"83":42,"84":43,"85":44,"86":45,"87":46,"88":47,"89":48,"90":49,"97":50,"98":51,"99":52,"100":53,"101":54,"102":55,"103":56,"104":57,"105":58,"106":59,"107":60,"108":61,"109":62,"110":63,"111":64,"112":65,"113":66,"114":67,"115":68,"116":69,"117":70,"118":71,"119":72,"120":73,"121":74,"122":75},"Reserves":{"fontname":"nuni"},"Names":{"nuni":{"name":"nuni","longitude":"0.00000001","latitude":"0.00000001","country":"","region":"","city":""}},"Nodes":{"nu":{"type":"typal","node":"nu","usage":1,"weight":1},"ni":{"type":"typal","node":"ni","usage":1,"weight":1},"nun":{"type":"typal","node":"nun","usage":1,"weight":1},"uni":{"type":"typal","node":"uni","usage":1,"weight":1},"nuni":{"type":"fixes","node":"nuni","usage":1,"weight":1}},"Contributors":[],"FontIdentity":"crash99:65d2fc56134db03996b0e024","Bytes":null,"Networking":[],"barcode":"qkeyeqa7oqwgm","referee":"qgiaoam8"}