{"CSS":{"Ekttor Light":"wagovau:5e8c340bbcaeda388ba180e2.css"},"FontType":"TrueType","FontCopyright":"Copr. Fabian Rottke, 1995. Published by FontShop International. FontFont release 13","FontName":"Ekttor","FontSubfamily":"Light","FontSubfamilyID":"FontForge 2.0 : Ekttor Light : 12-8-2016","FontFullName":"Ekttor Light","FontVersion":"Version 001.000 ","FontWeight":null,"FontPostscriptName":"Ekttor-Light","Files":{"\/Ekttor Light.css":"\/Ekttor Light.css","\/ekttor-light.afm":"\/ekttor-light.afm","\/ekttor-light.cef":"\/ekttor-light.cef","\/ekttor-light.cff":"\/ekttor-light.cff","\/ekttor-light.eot":"\/ekttor-light.eot","\/ekttor-light.gai":"\/ekttor-light.gai","\/ekttor-light.gsf":"\/ekttor-light.gsf","\/ekttor-light.otf":"\/ekttor-light.otf","\/ekttor-light.pf3":"\/ekttor-light.pf3","\/ekttor-light.pfa":"\/ekttor-light.pfa","\/ekttor-light.pfb":"\/ekttor-light.pfb","\/ekttor-light.php":"\/ekttor-light.php","\/ekttor-light.pt3":"\/ekttor-light.pt3","\/ekttor-light.sfd":"\/ekttor-light.sfd","\/ekttor-light.svg":"\/ekttor-light.svg","\/ekttor-light.t42":"\/ekttor-light.t42","\/ekttor-light.ttd":"\/ekttor-light.ttd","\/ekttor-light.ttf":"\/ekttor-light.ttf","\/ekttor-light.ttg":"\/ekttor-light.ttg","\/ekttor-light.ufm":"\/ekttor-light.ufm","\/ekttor-light.woff":"\/ekttor-light.woff","\/ekttor-light.z":"\/ekttor-light.z","\/font-resource.json":"\/font-resource.json","\/ekttor-light.ufo\/feature.fea":"\/ekttor-light.ufo\/feature.fea","\/ekttor-light.ufo\/fontinfo.plist":"\/ekttor-light.ufo\/fontinfo.plist","\/ekttor-light.ufo\/groups.plist":"\/ekttor-light.ufo\/groups.plist","\/ekttor-light.ufo\/kerning.plist":"\/ekttor-light.ufo\/kerning.plist","\/ekttor-light.ufo\/metainfo.plist":"\/ekttor-light.ufo\/metainfo.plist","\/ekttor-light.ufo\/glyphs\/A_.glif":"\/ekttor-light.ufo\/glyphs\/A_.glif","\/ekttor-light.ufo\/glyphs\/A_E_.glif":"\/ekttor-light.ufo\/glyphs\/A_E_.glif","\/ekttor-light.ufo\/glyphs\/A_acute.glif":"\/ekttor-light.ufo\/glyphs\/A_acute.glif","\/ekttor-light.ufo\/glyphs\/A_circumflex.glif":"\/ekttor-light.ufo\/glyphs\/A_circumflex.glif","\/ekttor-light.ufo\/glyphs\/A_dieresis.glif":"\/ekttor-light.ufo\/glyphs\/A_dieresis.glif","\/ekttor-light.ufo\/glyphs\/A_grave.glif":"\/ekttor-light.ufo\/glyphs\/A_grave.glif","\/ekttor-light.ufo\/glyphs\/A_ring.glif":"\/ekttor-light.ufo\/glyphs\/A_ring.glif","\/ekttor-light.ufo\/glyphs\/A_tilde.glif":"\/ekttor-light.ufo\/glyphs\/A_tilde.glif","\/ekttor-light.ufo\/glyphs\/B_.glif":"\/ekttor-light.ufo\/glyphs\/B_.glif","\/ekttor-light.ufo\/glyphs\/C_.glif":"\/ekttor-light.ufo\/glyphs\/C_.glif","\/ekttor-light.ufo\/glyphs\/C_cedilla.glif":"\/ekttor-light.ufo\/glyphs\/C_cedilla.glif","\/ekttor-light.ufo\/glyphs\/D_.glif":"\/ekttor-light.ufo\/glyphs\/D_.glif","\/ekttor-light.ufo\/glyphs\/E_.glif":"\/ekttor-light.ufo\/glyphs\/E_.glif","\/ekttor-light.ufo\/glyphs\/E_acute.glif":"\/ekttor-light.ufo\/glyphs\/E_acute.glif","\/ekttor-light.ufo\/glyphs\/E_circumflex.glif":"\/ekttor-light.ufo\/glyphs\/E_circumflex.glif","\/ekttor-light.ufo\/glyphs\/E_dieresis.glif":"\/ekttor-light.ufo\/glyphs\/E_dieresis.glif","\/ekttor-light.ufo\/glyphs\/E_grave.glif":"\/ekttor-light.ufo\/glyphs\/E_grave.glif","\/ekttor-light.ufo\/glyphs\/F_.glif":"\/ekttor-light.ufo\/glyphs\/F_.glif","\/ekttor-light.ufo\/glyphs\/G_.glif":"\/ekttor-light.ufo\/glyphs\/G_.glif","\/ekttor-light.ufo\/glyphs\/H_.glif":"\/ekttor-light.ufo\/glyphs\/H_.glif","\/ekttor-light.ufo\/glyphs\/I_.glif":"\/ekttor-light.ufo\/glyphs\/I_.glif","\/ekttor-light.ufo\/glyphs\/I_acute.glif":"\/ekttor-light.ufo\/glyphs\/I_acute.glif","\/ekttor-light.ufo\/glyphs\/I_circumflex.glif":"\/ekttor-light.ufo\/glyphs\/I_circumflex.glif","\/ekttor-light.ufo\/glyphs\/I_dieresis.glif":"\/ekttor-light.ufo\/glyphs\/I_dieresis.glif","\/ekttor-light.ufo\/glyphs\/I_grave.glif":"\/ekttor-light.ufo\/glyphs\/I_grave.glif","\/ekttor-light.ufo\/glyphs\/J_.glif":"\/ekttor-light.ufo\/glyphs\/J_.glif","\/ekttor-light.ufo\/glyphs\/K_.glif":"\/ekttor-light.ufo\/glyphs\/K_.glif","\/ekttor-light.ufo\/glyphs\/L_.glif":"\/ekttor-light.ufo\/glyphs\/L_.glif","\/ekttor-light.ufo\/glyphs\/M_.glif":"\/ekttor-light.ufo\/glyphs\/M_.glif","\/ekttor-light.ufo\/glyphs\/N_.glif":"\/ekttor-light.ufo\/glyphs\/N_.glif","\/ekttor-light.ufo\/glyphs\/N_tilde.glif":"\/ekttor-light.ufo\/glyphs\/N_tilde.glif","\/ekttor-light.ufo\/glyphs\/O_.glif":"\/ekttor-light.ufo\/glyphs\/O_.glif","\/ekttor-light.ufo\/glyphs\/O_E_.glif":"\/ekttor-light.ufo\/glyphs\/O_E_.glif","\/ekttor-light.ufo\/glyphs\/O_acute.glif":"\/ekttor-light.ufo\/glyphs\/O_acute.glif","\/ekttor-light.ufo\/glyphs\/O_circumflex.glif":"\/ekttor-light.ufo\/glyphs\/O_circumflex.glif","\/ekttor-light.ufo\/glyphs\/O_dieresis.glif":"\/ekttor-light.ufo\/glyphs\/O_dieresis.glif","\/ekttor-light.ufo\/glyphs\/O_grave.glif":"\/ekttor-light.ufo\/glyphs\/O_grave.glif","\/ekttor-light.ufo\/glyphs\/O_slash.glif":"\/ekttor-light.ufo\/glyphs\/O_slash.glif","\/ekttor-light.ufo\/glyphs\/O_tilde.glif":"\/ekttor-light.ufo\/glyphs\/O_tilde.glif","\/ekttor-light.ufo\/glyphs\/P_.glif":"\/ekttor-light.ufo\/glyphs\/P_.glif","\/ekttor-light.ufo\/glyphs\/Q_.glif":"\/ekttor-light.ufo\/glyphs\/Q_.glif","\/ekttor-light.ufo\/glyphs\/R_.glif":"\/ekttor-light.ufo\/glyphs\/R_.glif","\/ekttor-light.ufo\/glyphs\/S_.glif":"\/ekttor-light.ufo\/glyphs\/S_.glif","\/ekttor-light.ufo\/glyphs\/T_.glif":"\/ekttor-light.ufo\/glyphs\/T_.glif","\/ekttor-light.ufo\/glyphs\/U_.glif":"\/ekttor-light.ufo\/glyphs\/U_.glif","\/ekttor-light.ufo\/glyphs\/U_acute.glif":"\/ekttor-light.ufo\/glyphs\/U_acute.glif","\/ekttor-light.ufo\/glyphs\/U_circumflex.glif":"\/ekttor-light.ufo\/glyphs\/U_circumflex.glif","\/ekttor-light.ufo\/glyphs\/U_dieresis.glif":"\/ekttor-light.ufo\/glyphs\/U_dieresis.glif","\/ekttor-light.ufo\/glyphs\/U_grave.glif":"\/ekttor-light.ufo\/glyphs\/U_grave.glif","\/ekttor-light.ufo\/glyphs\/V_.glif":"\/ekttor-light.ufo\/glyphs\/V_.glif","\/ekttor-light.ufo\/glyphs\/W_.glif":"\/ekttor-light.ufo\/glyphs\/W_.glif","\/ekttor-light.ufo\/glyphs\/X_.glif":"\/ekttor-light.ufo\/glyphs\/X_.glif","\/ekttor-light.ufo\/glyphs\/Y_.glif":"\/ekttor-light.ufo\/glyphs\/Y_.glif","\/ekttor-light.ufo\/glyphs\/Y_dieresis.glif":"\/ekttor-light.ufo\/glyphs\/Y_dieresis.glif","\/ekttor-light.ufo\/glyphs\/Z_.glif":"\/ekttor-light.ufo\/glyphs\/Z_.glif","\/ekttor-light.ufo\/glyphs\/a.glif":"\/ekttor-light.ufo\/glyphs\/a.glif","\/ekttor-light.ufo\/glyphs\/aacute.glif":"\/ekttor-light.ufo\/glyphs\/aacute.glif","\/ekttor-light.ufo\/glyphs\/acircumflex.glif":"\/ekttor-light.ufo\/glyphs\/acircumflex.glif","\/ekttor-light.ufo\/glyphs\/acute.glif":"\/ekttor-light.ufo\/glyphs\/acute.glif","\/ekttor-light.ufo\/glyphs\/adieresis.glif":"\/ekttor-light.ufo\/glyphs\/adieresis.glif","\/ekttor-light.ufo\/glyphs\/ae.glif":"\/ekttor-light.ufo\/glyphs\/ae.glif","\/ekttor-light.ufo\/glyphs\/agrave.glif":"\/ekttor-light.ufo\/glyphs\/agrave.glif","\/ekttor-light.ufo\/glyphs\/ampersand.glif":"\/ekttor-light.ufo\/glyphs\/ampersand.glif","\/ekttor-light.ufo\/glyphs\/aring.glif":"\/ekttor-light.ufo\/glyphs\/aring.glif","\/ekttor-light.ufo\/glyphs\/asciitilde.glif":"\/ekttor-light.ufo\/glyphs\/asciitilde.glif","\/ekttor-light.ufo\/glyphs\/atilde.glif":"\/ekttor-light.ufo\/glyphs\/atilde.glif","\/ekttor-light.ufo\/glyphs\/b.glif":"\/ekttor-light.ufo\/glyphs\/b.glif","\/ekttor-light.ufo\/glyphs\/c.glif":"\/ekttor-light.ufo\/glyphs\/c.glif","\/ekttor-light.ufo\/glyphs\/caron.glif":"\/ekttor-light.ufo\/glyphs\/caron.glif","\/ekttor-light.ufo\/glyphs\/ccedilla.glif":"\/ekttor-light.ufo\/glyphs\/ccedilla.glif","\/ekttor-light.ufo\/glyphs\/circumflex.glif":"\/ekttor-light.ufo\/glyphs\/circumflex.glif","\/ekttor-light.ufo\/glyphs\/colon.glif":"\/ekttor-light.ufo\/glyphs\/colon.glif","\/ekttor-light.ufo\/glyphs\/comma.glif":"\/ekttor-light.ufo\/glyphs\/comma.glif","\/ekttor-light.ufo\/glyphs\/contents.plist":"\/ekttor-light.ufo\/glyphs\/contents.plist","\/ekttor-light.ufo\/glyphs\/d.glif":"\/ekttor-light.ufo\/glyphs\/d.glif","\/ekttor-light.ufo\/glyphs\/dieresis.glif":"\/ekttor-light.ufo\/glyphs\/dieresis.glif","\/ekttor-light.ufo\/glyphs\/dollar.glif":"\/ekttor-light.ufo\/glyphs\/dollar.glif","\/ekttor-light.ufo\/glyphs\/e.glif":"\/ekttor-light.ufo\/glyphs\/e.glif","\/ekttor-light.ufo\/glyphs\/eacute.glif":"\/ekttor-light.ufo\/glyphs\/eacute.glif","\/ekttor-light.ufo\/glyphs\/ecircumflex.glif":"\/ekttor-light.ufo\/glyphs\/ecircumflex.glif","\/ekttor-light.ufo\/glyphs\/edieresis.glif":"\/ekttor-light.ufo\/glyphs\/edieresis.glif","\/ekttor-light.ufo\/glyphs\/egrave.glif":"\/ekttor-light.ufo\/glyphs\/egrave.glif","\/ekttor-light.ufo\/glyphs\/eight.glif":"\/ekttor-light.ufo\/glyphs\/eight.glif","\/ekttor-light.ufo\/glyphs\/exclam.glif":"\/ekttor-light.ufo\/glyphs\/exclam.glif","\/ekttor-light.ufo\/glyphs\/exclamdown.glif":"\/ekttor-light.ufo\/glyphs\/exclamdown.glif","\/ekttor-light.ufo\/glyphs\/f.glif":"\/ekttor-light.ufo\/glyphs\/f.glif","\/ekttor-light.ufo\/glyphs\/five.glif":"\/ekttor-light.ufo\/glyphs\/five.glif","\/ekttor-light.ufo\/glyphs\/four.glif":"\/ekttor-light.ufo\/glyphs\/four.glif","\/ekttor-light.ufo\/glyphs\/g.glif":"\/ekttor-light.ufo\/glyphs\/g.glif","\/ekttor-light.ufo\/glyphs\/grave.glif":"\/ekttor-light.ufo\/glyphs\/grave.glif","\/ekttor-light.ufo\/glyphs\/h.glif":"\/ekttor-light.ufo\/glyphs\/h.glif","\/ekttor-light.ufo\/glyphs\/hyphen.glif":"\/ekttor-light.ufo\/glyphs\/hyphen.glif","\/ekttor-light.ufo\/glyphs\/i.glif":"\/ekttor-light.ufo\/glyphs\/i.glif","\/ekttor-light.ufo\/glyphs\/iacute.glif":"\/ekttor-light.ufo\/glyphs\/iacute.glif","\/ekttor-light.ufo\/glyphs\/icircumflex.glif":"\/ekttor-light.ufo\/glyphs\/icircumflex.glif","\/ekttor-light.ufo\/glyphs\/idieresis.glif":"\/ekttor-light.ufo\/glyphs\/idieresis.glif","\/ekttor-light.ufo\/glyphs\/igrave.glif":"\/ekttor-light.ufo\/glyphs\/igrave.glif","\/ekttor-light.ufo\/glyphs\/j.glif":"\/ekttor-light.ufo\/glyphs\/j.glif","\/ekttor-light.ufo\/glyphs\/k.glif":"\/ekttor-light.ufo\/glyphs\/k.glif","\/ekttor-light.ufo\/glyphs\/l.glif":"\/ekttor-light.ufo\/glyphs\/l.glif","\/ekttor-light.ufo\/glyphs\/m.glif":"\/ekttor-light.ufo\/glyphs\/m.glif","\/ekttor-light.ufo\/glyphs\/n.glif":"\/ekttor-light.ufo\/glyphs\/n.glif","\/ekttor-light.ufo\/glyphs\/nbspace.glif":"\/ekttor-light.ufo\/glyphs\/nbspace.glif","\/ekttor-light.ufo\/glyphs\/nine.glif":"\/ekttor-light.ufo\/glyphs\/nine.glif","\/ekttor-light.ufo\/glyphs\/ntilde.glif":"\/ekttor-light.ufo\/glyphs\/ntilde.glif","\/ekttor-light.ufo\/glyphs\/o.glif":"\/ekttor-light.ufo\/glyphs\/o.glif","\/ekttor-light.ufo\/glyphs\/oacute.glif":"\/ekttor-light.ufo\/glyphs\/oacute.glif","\/ekttor-light.ufo\/glyphs\/ocircumflex.glif":"\/ekttor-light.ufo\/glyphs\/ocircumflex.glif","\/ekttor-light.ufo\/glyphs\/odieresis.glif":"\/ekttor-light.ufo\/glyphs\/odieresis.glif","\/ekttor-light.ufo\/glyphs\/oe.glif":"\/ekttor-light.ufo\/glyphs\/oe.glif","\/ekttor-light.ufo\/glyphs\/ograve.glif":"\/ekttor-light.ufo\/glyphs\/ograve.glif","\/ekttor-light.ufo\/glyphs\/one.glif":"\/ekttor-light.ufo\/glyphs\/one.glif","\/ekttor-light.ufo\/glyphs\/oslash.glif":"\/ekttor-light.ufo\/glyphs\/oslash.glif","\/ekttor-light.ufo\/glyphs\/otilde.glif":"\/ekttor-light.ufo\/glyphs\/otilde.glif","\/ekttor-light.ufo\/glyphs\/p.glif":"\/ekttor-light.ufo\/glyphs\/p.glif","\/ekttor-light.ufo\/glyphs\/paragraph.glif":"\/ekttor-light.ufo\/glyphs\/paragraph.glif","\/ekttor-light.ufo\/glyphs\/parenleft.glif":"\/ekttor-light.ufo\/glyphs\/parenleft.glif","\/ekttor-light.ufo\/glyphs\/parenright.glif":"\/ekttor-light.ufo\/glyphs\/parenright.glif","\/ekttor-light.ufo\/glyphs\/percent.glif":"\/ekttor-light.ufo\/glyphs\/percent.glif","\/ekttor-light.ufo\/glyphs\/period.glif":"\/ekttor-light.ufo\/glyphs\/period.glif","\/ekttor-light.ufo\/glyphs\/q.glif":"\/ekttor-light.ufo\/glyphs\/q.glif","\/ekttor-light.ufo\/glyphs\/question.glif":"\/ekttor-light.ufo\/glyphs\/question.glif","\/ekttor-light.ufo\/glyphs\/questiondown.glif":"\/ekttor-light.ufo\/glyphs\/questiondown.glif","\/ekttor-light.ufo\/glyphs\/quotedbl.glif":"\/ekttor-light.ufo\/glyphs\/quotedbl.glif","\/ekttor-light.ufo\/glyphs\/quotedblbase.glif":"\/ekttor-light.ufo\/glyphs\/quotedblbase.glif","\/ekttor-light.ufo\/glyphs\/quotedblleft.glif":"\/ekttor-light.ufo\/glyphs\/quotedblleft.glif","\/ekttor-light.ufo\/glyphs\/quotedblright.glif":"\/ekttor-light.ufo\/glyphs\/quotedblright.glif","\/ekttor-light.ufo\/glyphs\/quoteleft.glif":"\/ekttor-light.ufo\/glyphs\/quoteleft.glif","\/ekttor-light.ufo\/glyphs\/quoteright.glif":"\/ekttor-light.ufo\/glyphs\/quoteright.glif","\/ekttor-light.ufo\/glyphs\/quotesingle.glif":"\/ekttor-light.ufo\/glyphs\/quotesingle.glif","\/ekttor-light.ufo\/glyphs\/r.glif":"\/ekttor-light.ufo\/glyphs\/r.glif","\/ekttor-light.ufo\/glyphs\/ring.glif":"\/ekttor-light.ufo\/glyphs\/ring.glif","\/ekttor-light.ufo\/glyphs\/s.glif":"\/ekttor-light.ufo\/glyphs\/s.glif","\/ekttor-light.ufo\/glyphs\/semicolon.glif":"\/ekttor-light.ufo\/glyphs\/semicolon.glif","\/ekttor-light.ufo\/glyphs\/seven.glif":"\/ekttor-light.ufo\/glyphs\/seven.glif","\/ekttor-light.ufo\/glyphs\/six.glif":"\/ekttor-light.ufo\/glyphs\/six.glif","\/ekttor-light.ufo\/glyphs\/slash.glif":"\/ekttor-light.ufo\/glyphs\/slash.glif","\/ekttor-light.ufo\/glyphs\/space.glif":"\/ekttor-light.ufo\/glyphs\/space.glif","\/ekttor-light.ufo\/glyphs\/sterling.glif":"\/ekttor-light.ufo\/glyphs\/sterling.glif","\/ekttor-light.ufo\/glyphs\/t.glif":"\/ekttor-light.ufo\/glyphs\/t.glif","\/ekttor-light.ufo\/glyphs\/three.glif":"\/ekttor-light.ufo\/glyphs\/three.glif","\/ekttor-light.ufo\/glyphs\/tilde.glif":"\/ekttor-light.ufo\/glyphs\/tilde.glif","\/ekttor-light.ufo\/glyphs\/two.glif":"\/ekttor-light.ufo\/glyphs\/two.glif","\/ekttor-light.ufo\/glyphs\/u.glif":"\/ekttor-light.ufo\/glyphs\/u.glif","\/ekttor-light.ufo\/glyphs\/uacute.glif":"\/ekttor-light.ufo\/glyphs\/uacute.glif","\/ekttor-light.ufo\/glyphs\/ucircumflex.glif":"\/ekttor-light.ufo\/glyphs\/ucircumflex.glif","\/ekttor-light.ufo\/glyphs\/udieresis.glif":"\/ekttor-light.ufo\/glyphs\/udieresis.glif","\/ekttor-light.ufo\/glyphs\/ugrave.glif":"\/ekttor-light.ufo\/glyphs\/ugrave.glif","\/ekttor-light.ufo\/glyphs\/v.glif":"\/ekttor-light.ufo\/glyphs\/v.glif","\/ekttor-light.ufo\/glyphs\/w.glif":"\/ekttor-light.ufo\/glyphs\/w.glif","\/ekttor-light.ufo\/glyphs\/x.glif":"\/ekttor-light.ufo\/glyphs\/x.glif","\/ekttor-light.ufo\/glyphs\/y.glif":"\/ekttor-light.ufo\/glyphs\/y.glif","\/ekttor-light.ufo\/glyphs\/ydieresis.glif":"\/ekttor-light.ufo\/glyphs\/ydieresis.glif","\/ekttor-light.ufo\/glyphs\/yen.glif":"\/ekttor-light.ufo\/glyphs\/yen.glif","\/ekttor-light.ufo\/glyphs\/z.glif":"\/ekttor-light.ufo\/glyphs\/z.glif","\/ekttor-light.ufo\/glyphs\/zero.glif":"\/ekttor-light.ufo\/glyphs\/zero.glif"},"Font":{"uploaded":1471099085.2631,"licence":"gpl3","company":"Chronolabs Cooperative","title":"Ekttor Light","version":3.002,"date":"Fri Aug 12 16:00:51 2016","creator":"root","type":"1","matrix":"0.001 0 0 0.001 0 0","named":"Ekttor-Light","painttype":"0","info":"10 dict dup","name":"Ekttor Light","family":"Ekttor","weight":"Medium","fstype":"0","italicangle":"0","underlineposition":"","underlinethickness":""},"Licences":{"":false},"Table":{"FFTM":{"entryLength":16,"tag":"FFTM","checksum":1944410556,"offset":175152,"length":28},"GDEF":{"entryLength":16,"tag":"GDEF","checksum":13303814,"offset":175120,"length":32},"OS\/2":{"entryLength":16,"tag":"OS\/2","checksum":1442512545,"offset":344,"length":86},"cmap":{"entryLength":16,"tag":"cmap","checksum":763235119,"offset":1064,"length":544},"gasp":{"entryLength":16,"tag":"gasp","checksum":4294901763,"offset":175112,"length":8},"glyf":{"entryLength":16,"tag":"glyf","checksum":3879993986,"offset":2244,"length":171788},"head":{"entryLength":16,"tag":"head","checksum":184767190,"offset":220,"length":54},"hhea":{"entryLength":16,"tag":"hhea","checksum":146342875,"offset":276,"length":36},"hmtx":{"entryLength":16,"tag":"hmtx","checksum":2280526414,"offset":432,"length":632},"loca":{"entryLength":16,"tag":"loca","checksum":12813900,"offset":1608,"length":636},"maxp":{"entryLength":16,"tag":"maxp","checksum":15139801,"offset":312,"length":32},"name":{"entryLength":16,"tag":"name","checksum":2201602340,"offset":174032,"length":717},"post":{"entryLength":16,"tag":"post","checksum":3840775759,"offset":174752,"length":358}},"UnicodeCharMap":{"32":3,"33":4,"34":5,"36":6,"37":7,"38":8,"39":9,"40":10,"41":11,"44":12,"45":13,"46":14,"47":15,"48":16,"49":17,"50":18,"51":19,"52":20,"53":21,"54":22,"55":23,"56":24,"57":25,"58":26,"59":27,"63":28,"65":29,"66":30,"67":31,"68":32,"69":33,"70":34,"71":35,"72":36,"73":37,"74":38,"75":39,"76":40,"77":41,"78":42,"79":43,"80":44,"81":45,"82":46,"83":47,"84":48,"85":49,"86":50,"87":51,"88":52,"89":53,"90":54,"96":55,"97":56,"98":57,"99":58,"100":59,"101":60,"102":61,"103":62,"104":63,"105":64,"106":65,"107":66,"108":67,"109":68,"110":69,"111":70,"112":71,"113":72,"114":73,"115":74,"116":75,"117":76,"118":77,"119":78,"120":79,"121":80,"122":81,"126":82,"160":83,"161":84,"163":85,"165":86,"168":87,"180":88,"182":89,"191":90,"192":91,"193":92,"194":93,"195":94,"196":95,"197":96,"198":97,"199":98,"200":99,"201":100,"202":101,"203":102,"204":103,"205":104,"206":105,"207":106,"209":107,"210":108,"211":109,"212":110,"213":111,"214":112,"216":113,"217":114,"218":115,"219":116,"220":117,"224":118,"225":119,"226":120,"227":121,"228":122,"229":123,"230":124,"231":125,"232":126,"233":127,"234":128,"235":129,"236":130,"237":131,"238":132,"239":133,"241":134,"242":135,"243":136,"244":137,"245":138,"246":139,"248":140,"249":141,"250":142,"251":143,"252":144,"255":145,"338":155,"339":156,"376":157,"710":151,"711":154,"730":153,"732":152,"8216":147,"8217":146,"8220":148,"8221":150,"8222":149},"Reserves":{"fontname":"Ekttor Light"},"Names":{"Ekttor Light":{"name":"Ekttor Light","longitude":"0.00000001","latitude":"0.00000001","country":"","region":"","city":""}},"Nodes":{"ek":{"type":"typal","node":"ek","usage":1,"weight":1},"or":{"type":"typal","node":"or","usage":1,"weight":1},"li":{"type":"typal","node":"li","usage":1,"weight":1},"ht":{"type":"typal","node":"ht","usage":1,"weight":1},"ekt":{"type":"typal","node":"ekt","usage":1,"weight":1},"tor":{"type":"typal","node":"tor","usage":1,"weight":1},"lig":{"type":"typal","node":"lig","usage":1,"weight":1},"ght":{"type":"typal","node":"ght","usage":1,"weight":1},"ektt":{"type":"keys","node":"ektt","usage":1,"weight":1},"ttor":{"type":"keys","node":"ttor","usage":1,"weight":1},"ligh":{"type":"keys","node":"ligh","usage":1,"weight":1},"ight":{"type":"keys","node":"ight","usage":1,"weight":1},"ektto":{"type":"keys","node":"ektto","usage":1,"weight":1},"kttor":{"type":"keys","node":"kttor","usage":1,"weight":1},"ekttor":{"type":"fixes","node":"ekttor","usage":1,"weight":1},"light":{"type":"fixes","node":"light","usage":1,"weight":1}},"Contributors":[],"FontIdentity":"wagovau:5e8c340bbcaeda388ba180e2","Bytes":null,"Networking":[],"barcode":"eWOCyqGyWiy4e","referee":"q5maco"}