{"CSS":{"Hardy":"Hardy.css"},"FontType":"TrueType","FontCopyright":"(c) 2003 typetype.net | all rights reserved | www.signalgrau.com","FontName":"Hardy","FontSubfamily":"Book","FontSubfamilyID":"FontForge 2.0 : Hardy : 23-12-2016","FontFullName":"Hardy","FontVersion":"Version Macromedia Fontograp ","FontWeight":null,"FontPostscriptName":"Hardy","Files":{"hardy.afm":"hardy.afm","hardy.bin":"hardy.bin","hardy.cef":"hardy.cef","hardy.cff":"hardy.cff","hardy.cid":"hardy.cid","hardy.dfont":"hardy.dfont","hardy.eot":"hardy.eot","hardy.fon":"hardy.fon","hardy.gai":"hardy.gai","hardy.gsf":"hardy.gsf","hardy.hqx":"hardy.hqx","hardy.ik":"hardy.ik","hardy.mf":"hardy.mf","hardy.otf":"hardy.otf","hardy.pcf":"hardy.pcf","hardy.pf3":"hardy.pf3","hardy.pfa":"hardy.pfa","hardy.pfb":"hardy.pfb","hardy.php":"hardy.php","hardy.pmf":"hardy.pmf","hardy.pt3":"hardy.pt3","hardy.sfd":"hardy.sfd","hardy.svg":"hardy.svg","hardy.t42":"hardy.t42","hardy.ttd":"hardy.ttd","hardy.ttf":"hardy.ttf","hardy.ttg":"hardy.ttg","hardy.ufm":"hardy.ufm","hardy.woff":"hardy.woff","hardy.z":"hardy.z","":{"hardy.afm":"hardy.afm","hardy.bin":"hardy.bin","hardy.cef":"hardy.cef","hardy.cff":"hardy.cff","hardy.cid":"hardy.cid","hardy.dfont":"hardy.dfont","hardy.eot":"hardy.eot","hardy.fon":"hardy.fon","hardy.gai":"hardy.gai","hardy.gsf":"hardy.gsf","hardy.hqx":"hardy.hqx","hardy.ik":"hardy.ik","hardy.mf":"hardy.mf","hardy.otf":"hardy.otf","hardy.pcf":"hardy.pcf","hardy.pf3":"hardy.pf3","hardy.pfa":"hardy.pfa","hardy.pfb":"hardy.pfb","hardy.php":"hardy.php","hardy.pmf":"hardy.pmf","hardy.pt3":"hardy.pt3","hardy.sfd":"hardy.sfd","hardy.svg":"hardy.svg","hardy.t42":"hardy.t42","hardy.ttd":"hardy.ttd","hardy.ttf":"hardy.ttf","hardy.ttg":"hardy.ttg","hardy.ufm":"hardy.ufm","hardy.woff":"hardy.woff","hardy.z":"hardy.z"},"\/hardy.ufo":{"feature.fea":"feature.fea","fontinfo.plist":"fontinfo.plist","groups.plist":"groups.plist","kerning.plist":"kerning.plist","metainfo.plist":"metainfo.plist"},"\/hardy.ufo\/glyphs":{"A_.glif":"A_.glif","A_E_.glif":"A_E_.glif","A_acute.glif":"A_acute.glif","A_circumflex.glif":"A_circumflex.glif","A_dieresis.glif":"A_dieresis.glif","A_grave.glif":"A_grave.glif","A_ring.glif":"A_ring.glif","A_tilde.glif":"A_tilde.glif","B_.glif":"B_.glif","C_.glif":"C_.glif","C_cedilla.glif":"C_cedilla.glif","D_.glif":"D_.glif","E_.glif":"E_.glif","E_acute.glif":"E_acute.glif","E_circumflex.glif":"E_circumflex.glif","E_dieresis.glif":"E_dieresis.glif","E_grave.glif":"E_grave.glif","F_.glif":"F_.glif","G_.glif":"G_.glif","H_.glif":"H_.glif","I_.glif":"I_.glif","I_acute.glif":"I_acute.glif","I_circumflex.glif":"I_circumflex.glif","I_dieresis.glif":"I_dieresis.glif","I_grave.glif":"I_grave.glif","J_.glif":"J_.glif","K_.glif":"K_.glif","L_.glif":"L_.glif","M_.glif":"M_.glif","N_.glif":"N_.glif","N_tilde.glif":"N_tilde.glif","O_.glif":"O_.glif","O_E_.glif":"O_E_.glif","O_acute.glif":"O_acute.glif","O_circumflex.glif":"O_circumflex.glif","O_dieresis.glif":"O_dieresis.glif","O_grave.glif":"O_grave.glif","O_slash.glif":"O_slash.glif","O_tilde.glif":"O_tilde.glif","P_.glif":"P_.glif","Q_.glif":"Q_.glif","R_.glif":"R_.glif","S_.glif":"S_.glif","S_caron.glif":"S_caron.glif","T_.glif":"T_.glif","U_.glif":"U_.glif","U_acute.glif":"U_acute.glif","U_circumflex.glif":"U_circumflex.glif","U_dieresis.glif":"U_dieresis.glif","U_grave.glif":"U_grave.glif","V_.glif":"V_.glif","W_.glif":"W_.glif","X_.glif":"X_.glif","Y_.glif":"Y_.glif","Y_acute.glif":"Y_acute.glif","Y_dieresis.glif":"Y_dieresis.glif","Z_.glif":"Z_.glif","Z_caron.glif":"Z_caron.glif","_notdef.glif":"_notdef.glif","_null.glif":"_null.glif","a.glif":"a.glif","aacute.glif":"aacute.glif","acircumflex.glif":"acircumflex.glif","acute.glif":"acute.glif","adieresis.glif":"adieresis.glif","ae.glif":"ae.glif","agrave.glif":"agrave.glif","ampersand.glif":"ampersand.glif","aring.glif":"aring.glif","asciicircum.glif":"asciicircum.glif","asciitilde.glif":"asciitilde.glif","asterisk.glif":"asterisk.glif","at.glif":"at.glif","atilde.glif":"atilde.glif","b.glif":"b.glif","backslash.glif":"backslash.glif","bar.glif":"bar.glif","braceleft.glif":"braceleft.glif","braceright.glif":"braceright.glif","bracketleft.glif":"bracketleft.glif","bracketright.glif":"bracketright.glif","bullet.glif":"bullet.glif","c.glif":"c.glif","ccedilla.glif":"ccedilla.glif","cent.glif":"cent.glif","colon.glif":"colon.glif","comma.glif":"comma.glif","contents.plist":"contents.plist","copyright.glif":"copyright.glif","currency.glif":"currency.glif","d.glif":"d.glif","degree.glif":"degree.glif","dieresis.glif":"dieresis.glif","dollar.glif":"dollar.glif","e.glif":"e.glif","eacute.glif":"eacute.glif","ecircumflex.glif":"ecircumflex.glif","edieresis.glif":"edieresis.glif","egrave.glif":"egrave.glif","eight.glif":"eight.glif","emdash.glif":"emdash.glif","equal.glif":"equal.glif","exclam.glif":"exclam.glif","exclamdown.glif":"exclamdown.glif","f.glif":"f.glif","five.glif":"five.glif","four.glif":"four.glif","g.glif":"g.glif","germandbls.glif":"germandbls.glif","grave.glif":"grave.glif","greater.glif":"greater.glif","h.glif":"h.glif","hyphen.glif":"hyphen.glif","i.glif":"i.glif","iacute.glif":"iacute.glif","icircumflex.glif":"icircumflex.glif","idieresis.glif":"idieresis.glif","igrave.glif":"igrave.glif","j.glif":"j.glif","k.glif":"k.glif","l.glif":"l.glif","less.glif":"less.glif","m.glif":"m.glif","n.glif":"n.glif","nine.glif":"nine.glif","nonbreakingspace.glif":"nonbreakingspace.glif","nonmarkingreturn.glif":"nonmarkingreturn.glif","ntilde.glif":"ntilde.glif","numbersign.glif":"numbersign.glif","o.glif":"o.glif","oacute.glif":"oacute.glif","ocircumflex.glif":"ocircumflex.glif","odieresis.glif":"odieresis.glif","oe.glif":"oe.glif","ograve.glif":"ograve.glif","one.glif":"one.glif","oslash.glif":"oslash.glif","otilde.glif":"otilde.glif","p.glif":"p.glif","paragraph.glif":"paragraph.glif","parenleft.glif":"parenleft.glif","parenright.glif":"parenright.glif","percent.glif":"percent.glif","period.glif":"period.glif","plus.glif":"plus.glif","q.glif":"q.glif","question.glif":"question.glif","questiondown.glif":"questiondown.glif","quotedbl.glif":"quotedbl.glif","quotedblbase.glif":"quotedblbase.glif","quotedblleft.glif":"quotedblleft.glif","quotedblright.glif":"quotedblright.glif","quotesingle.glif":"quotesingle.glif","r.glif":"r.glif","registered.glif":"registered.glif","s.glif":"s.glif","scaron.glif":"scaron.glif","section.glif":"section.glif","semicolon.glif":"semicolon.glif","seven.glif":"seven.glif","six.glif":"six.glif","slash.glif":"slash.glif","space.glif":"space.glif","sterling.glif":"sterling.glif","t.glif":"t.glif","three.glif":"three.glif","trademark.glif":"trademark.glif","two.glif":"two.glif","u.glif":"u.glif","uacute.glif":"uacute.glif","ucircumflex.glif":"ucircumflex.glif","udieresis.glif":"udieresis.glif","ugrave.glif":"ugrave.glif","underscore.glif":"underscore.glif","v.glif":"v.glif","w.glif":"w.glif","x.glif":"x.glif","y.glif":"y.glif","yacute.glif":"yacute.glif","ydieresis.glif":"ydieresis.glif","z.glif":"z.glif","zcaron.glif":"zcaron.glif","zero.glif":"zero.glif"}},"Font":{"uploaded":1482426216.3911,"licence":"gpl3","company":"Chronolabs Cooperative","title":"Hardy","version":2.001,"date":"Thu Oct 27 11:33:53 2016","creator":"root","type":"1","matrix":"0.001 0 0 0.001 0 0","named":"Hardy","painttype":"0","info":"10 dict dup","name":"Hardy","family":"Hardy","weight":"Book","fstype":"1","italicangle":"0","underlineposition":"","underlinethickness":""},"Table":{"FFTM":{"entryLength":16,"tag":"FFTM","checksum":1957403316,"offset":17152,"length":28},"GDEF":{"entryLength":16,"tag":"GDEF","checksum":14876676,"offset":17120,"length":32},"OS\/2":{"entryLength":16,"tag":"OS\/2","checksum":1439301620,"offset":344,"length":86},"cmap":{"entryLength":16,"tag":"cmap","checksum":180074454,"offset":1160,"length":506},"gasp":{"entryLength":16,"tag":"gasp","checksum":4294901763,"offset":17112,"length":8},"glyf":{"entryLength":16,"tag":"glyf","checksum":3238127253,"offset":2036,"length":14040},"head":{"entryLength":16,"tag":"head","checksum":170773771,"offset":220,"length":54},"hhea":{"entryLength":16,"tag":"hhea","checksum":92537607,"offset":276,"length":36},"hmtx":{"entryLength":16,"tag":"hmtx","checksum":622854191,"offset":432,"length":728},"loca":{"entryLength":16,"tag":"loca","checksum":2736690608,"offset":1668,"length":366},"maxp":{"entryLength":16,"tag":"maxp","checksum":16580682,"offset":312,"length":32},"name":{"entryLength":16,"tag":"name","checksum":3616024386,"offset":16076,"length":633},"post":{"entryLength":16,"tag":"post","checksum":582820613,"offset":16712,"length":398}},"UnicodeCharMap":{"0":1,"13":2,"32":3,"33":4,"34":5,"35":6,"36":7,"37":8,"38":9,"39":10,"40":11,"41":12,"42":13,"43":14,"44":15,"45":16,"46":17,"47":18,"48":19,"49":20,"50":21,"51":22,"52":23,"53":24,"54":25,"55":26,"56":27,"57":28,"58":29,"59":30,"60":31,"61":32,"62":33,"63":34,"64":35,"65":36,"66":37,"67":38,"68":39,"69":40,"70":41,"71":42,"72":43,"73":44,"74":45,"75":46,"76":47,"77":48,"78":49,"79":50,"80":51,"81":52,"82":53,"83":54,"84":55,"85":56,"86":57,"87":58,"88":59,"89":60,"90":61,"91":62,"92":63,"93":64,"94":65,"95":66,"96":67,"97":68,"98":69,"99":70,"100":71,"101":72,"102":73,"103":74,"104":75,"105":76,"106":77,"107":78,"108":79,"109":80,"110":81,"111":82,"112":83,"113":84,"114":85,"115":86,"116":87,"117":88,"118":89,"119":90,"120":91,"121":92,"122":93,"123":94,"124":95,"125":96,"126":97,"160":98,"161":99,"162":100,"163":101,"164":102,"167":103,"168":104,"169":105,"174":106,"176":107,"180":108,"182":109,"191":110,"192":111,"193":112,"194":113,"195":114,"196":115,"197":116,"198":117,"199":118,"200":119,"201":120,"202":121,"203":122,"204":123,"205":124,"206":125,"207":126,"209":127,"210":128,"211":129,"212":130,"213":131,"214":132,"216":133,"217":134,"218":135,"219":136,"220":137,"221":138,"223":139,"224":140,"225":141,"226":142,"227":143,"228":144,"229":145,"230":146,"231":147,"232":148,"233":149,"234":150,"235":151,"236":152,"237":153,"238":154,"239":155,"241":156,"242":157,"243":158,"244":159,"245":160,"246":161,"248":162,"249":163,"250":164,"251":165,"252":166,"253":167,"255":168,"338":170,"339":171,"352":176,"353":177,"376":181,"381":178,"382":179,"8212":172,"8220":173,"8221":174,"8222":175,"8226":169,"8482":180},"Reserves":null,"Names":[],"Nodes":{"ha":{"type":"typal","node":"ha","usage":1,"weight":1},"dy":{"type":"typal","node":"dy","usage":1,"weight":1},"har":{"type":"typal","node":"har","usage":1,"weight":1},"rdy":{"type":"typal","node":"rdy","usage":1,"weight":1},"hard":{"type":"keys","node":"hard","usage":1,"weight":1},"ardy":{"type":"keys","node":"ardy","usage":1,"weight":1},"hardy":{"type":"fixes","node":"hardy","usage":1,"weight":1}},"Contributors":[],"FontIdentity":"e8d7534c6e2b5f19b567a78720fa0db6","Bytes":1707164,"Networking":[],"barcode":"KSmCGmmiimeaG","referee":"ws53ua8"}