{"CSS":{"EightBall":"EightBall.css","Eight Ball":"wagovau:f359ba81dc33aa8cb8e993cd.css"},"FontType":"TrueType","FontCopyright":"Generated by Fontographer 3.5","FontName":"Eight","FontSubfamily":"Ball","FontSubfamilyID":"FontForge 2.0 : EightBall : 12-8-2016","FontFullName":"Eight Ball","FontVersion":"Version 001.000 ","FontWeight":null,"FontPostscriptName":"EightBall","Files":{"\/EightBall.css":"\/EightBall.css","\/eightball.afm":"\/eightball.afm","\/eightball.cef":"\/eightball.cef","\/eightball.cff":"\/eightball.cff","\/eightball.eot":"\/eightball.eot","\/eightball.gai":"\/eightball.gai","\/eightball.gsf":"\/eightball.gsf","\/eightball.otf":"\/eightball.otf","\/eightball.pf3":"\/eightball.pf3","\/eightball.pfa":"\/eightball.pfa","\/eightball.pfb":"\/eightball.pfb","\/eightball.php":"\/eightball.php","\/eightball.pt3":"\/eightball.pt3","\/eightball.sfd":"\/eightball.sfd","\/eightball.svg":"\/eightball.svg","\/eightball.t42":"\/eightball.t42","\/eightball.ttd":"\/eightball.ttd","\/eightball.ttf":"\/eightball.ttf","\/eightball.ttg":"\/eightball.ttg","\/eightball.ufm":"\/eightball.ufm","\/eightball.woff":"\/eightball.woff","\/eightball.z":"\/eightball.z","\/font-resource.json":"\/font-resource.json","\/eightball.ufo\/feature.fea":"\/eightball.ufo\/feature.fea","\/eightball.ufo\/fontinfo.plist":"\/eightball.ufo\/fontinfo.plist","\/eightball.ufo\/groups.plist":"\/eightball.ufo\/groups.plist","\/eightball.ufo\/kerning.plist":"\/eightball.ufo\/kerning.plist","\/eightball.ufo\/metainfo.plist":"\/eightball.ufo\/metainfo.plist","\/eightball.ufo\/glyphs\/A_.glif":"\/eightball.ufo\/glyphs\/A_.glif","\/eightball.ufo\/glyphs\/B_.glif":"\/eightball.ufo\/glyphs\/B_.glif","\/eightball.ufo\/glyphs\/C_.glif":"\/eightball.ufo\/glyphs\/C_.glif","\/eightball.ufo\/glyphs\/D_.glif":"\/eightball.ufo\/glyphs\/D_.glif","\/eightball.ufo\/glyphs\/E_.glif":"\/eightball.ufo\/glyphs\/E_.glif","\/eightball.ufo\/glyphs\/F_.glif":"\/eightball.ufo\/glyphs\/F_.glif","\/eightball.ufo\/glyphs\/contents.plist":"\/eightball.ufo\/glyphs\/contents.plist","\/eightball.ufo\/glyphs\/greater.glif":"\/eightball.ufo\/glyphs\/greater.glif","\/eightball.ufo\/glyphs\/less.glif":"\/eightball.ufo\/glyphs\/less.glif","\/eightball.ufo\/glyphs\/space.glif":"\/eightball.ufo\/glyphs\/space.glif"},"Font":{"uploaded":1471203958.1141,"licence":"gpl3","company":"Chronolabs Cooperative","title":"Eight Ball","version":3.002,"date":"Fri Aug 12 15:52:49 2016","creator":"root","type":"1","matrix":"0.001 0 0 0.001 0 0","named":"EightBall","painttype":"0","info":"10 dict dup","name":"EightBall","family":"Eight","weight":"Medium","fstype":"0","italicangle":"0","underlineposition":"","underlinethickness":""},"Licences":{"":false},"Table":{"FFTM":{"entryLength":16,"tag":"FFTM","checksum":1944409586,"offset":2620,"length":28},"GDEF":{"entryLength":16,"tag":"GDEF","checksum":3735558,"offset":2588,"length":32},"OS\/2":{"entryLength":16,"tag":"OS\/2","checksum":1440703010,"offset":344,"length":86},"cmap":{"entryLength":16,"tag":"cmap","checksum":293267080,"offset":472,"length":826},"gasp":{"entryLength":16,"tag":"gasp","checksum":4294901763,"offset":2580,"length":8},"glyf":{"entryLength":16,"tag":"glyf","checksum":3346104712,"offset":1328,"length":668},"head":{"entryLength":16,"tag":"head","checksum":168190738,"offset":220,"length":54},"hhea":{"entryLength":16,"tag":"hhea","checksum":115147757,"offset":276,"length":36},"hmtx":{"entryLength":16,"tag":"hmtx","checksum":273154042,"offset":432,"length":38},"loca":{"entryLength":16,"tag":"loca","checksum":53084792,"offset":1300,"length":26},"maxp":{"entryLength":16,"tag":"maxp","checksum":5374000,"offset":312,"length":32},"name":{"entryLength":16,"tag":"name","checksum":730851550,"offset":1996,"length":522},"post":{"entryLength":16,"tag":"post","checksum":3735716,"offset":2520,"length":58}},"UnicodeCharMap":{"32":3,"60":4,"62":5,"65":6,"66":7,"67":8,"68":9,"69":10,"70":11},"Reserves":{"fontname":"Eight Ball"},"Names":{"Eight Ball":{"name":"Eight Ball","longitude":"0.00000001","latitude":"0.00000001","country":"","region":"","city":""}},"Nodes":{"ei":{"type":"typal","node":"ei","usage":1,"weight":1},"ht":{"type":"typal","node":"ht","usage":1,"weight":1},"ba":{"type":"typal","node":"ba","usage":1,"weight":1},"ll":{"type":"typal","node":"ll","usage":1,"weight":1},"eig":{"type":"typal","node":"eig","usage":1,"weight":1},"ght":{"type":"typal","node":"ght","usage":1,"weight":1},"bal":{"type":"typal","node":"bal","usage":1,"weight":1},"all":{"type":"typal","node":"all","usage":1,"weight":1},"eigh":{"type":"keys","node":"eigh","usage":1,"weight":1},"ight":{"type":"keys","node":"ight","usage":1,"weight":1},"eight":{"type":"fixes","node":"eight","usage":1,"weight":1},"ball":{"type":"fixes","node":"ball","usage":1,"weight":1}},"Contributors":[],"FontIdentity":"wagovau:f359ba81dc33aa8cb8e993cd","Bytes":null,"Networking":[],"barcode":"12uGimqKGWiOKS","referee":"sgy86"}