{"CSS":{"FFScala-Italic":"FFScala-Italic.css","FFScala Italic":"zinc77:7347e04769bf7a3be74a41ccf.css"},"FontType":"TrueType","FontCopyright":"1990 Martin Majoor","FontName":"FFScala-Italic","FontSubfamily":"Italic","FontSubfamilyID":"FontForge 2.0 : FFScala-Italic : 26-11-2016","FontFullName":"FFScala Italic","FontVersion":"Version Altsys Metamorphosis ","FontWeight":null,"FontPostscriptName":"FFScala-Italic","Files":{"\/FFScala-Italic.css":"\/FFScala-Italic.css","\/ffscalasfit.afm":"\/ffscalasfit.afm","\/ffscalasfit.cef":"\/ffscalasfit.cef","\/ffscalasfit.cff":"\/ffscalasfit.cff","\/ffscalasfit.eot":"\/ffscalasfit.eot","\/ffscalasfit.gai":"\/ffscalasfit.gai","\/ffscalasfit.gsf":"\/ffscalasfit.gsf","\/ffscalasfit.otf":"\/ffscalasfit.otf","\/ffscalasfit.pf3":"\/ffscalasfit.pf3","\/ffscalasfit.pfa":"\/ffscalasfit.pfa","\/ffscalasfit.pfb":"\/ffscalasfit.pfb","\/ffscalasfit.php":"\/ffscalasfit.php","\/ffscalasfit.pt3":"\/ffscalasfit.pt3","\/ffscalasfit.sfd":"\/ffscalasfit.sfd","\/ffscalasfit.svg":"\/ffscalasfit.svg","\/ffscalasfit.t42":"\/ffscalasfit.t42","\/ffscalasfit.ttd":"\/ffscalasfit.ttd","\/ffscalasfit.ttf":"\/ffscalasfit.ttf","\/ffscalasfit.ttg":"\/ffscalasfit.ttg","\/ffscalasfit.ufm":"\/ffscalasfit.ufm","\/ffscalasfit.woff":"\/ffscalasfit.woff","\/ffscalasfit.z":"\/ffscalasfit.z","\/font-resource.json":"\/font-resource.json","\/ffscalasfit.ufo\/feature.fea":"\/ffscalasfit.ufo\/feature.fea","\/ffscalasfit.ufo\/fontinfo.plist":"\/ffscalasfit.ufo\/fontinfo.plist","\/ffscalasfit.ufo\/groups.plist":"\/ffscalasfit.ufo\/groups.plist","\/ffscalasfit.ufo\/kerning.plist":"\/ffscalasfit.ufo\/kerning.plist","\/ffscalasfit.ufo\/metainfo.plist":"\/ffscalasfit.ufo\/metainfo.plist","\/ffscalasfit.ufo\/glyphs\/A_.glif":"\/ffscalasfit.ufo\/glyphs\/A_.glif","\/ffscalasfit.ufo\/glyphs\/A_E_.glif":"\/ffscalasfit.ufo\/glyphs\/A_E_.glif","\/ffscalasfit.ufo\/glyphs\/A_acute.glif":"\/ffscalasfit.ufo\/glyphs\/A_acute.glif","\/ffscalasfit.ufo\/glyphs\/A_circumflex.glif":"\/ffscalasfit.ufo\/glyphs\/A_circumflex.glif","\/ffscalasfit.ufo\/glyphs\/A_dieresis.glif":"\/ffscalasfit.ufo\/glyphs\/A_dieresis.glif","\/ffscalasfit.ufo\/glyphs\/A_grave.glif":"\/ffscalasfit.ufo\/glyphs\/A_grave.glif","\/ffscalasfit.ufo\/glyphs\/A_ring.glif":"\/ffscalasfit.ufo\/glyphs\/A_ring.glif","\/ffscalasfit.ufo\/glyphs\/A_tilde.glif":"\/ffscalasfit.ufo\/glyphs\/A_tilde.glif","\/ffscalasfit.ufo\/glyphs\/B_.glif":"\/ffscalasfit.ufo\/glyphs\/B_.glif","\/ffscalasfit.ufo\/glyphs\/C_.glif":"\/ffscalasfit.ufo\/glyphs\/C_.glif","\/ffscalasfit.ufo\/glyphs\/C_cedilla.glif":"\/ffscalasfit.ufo\/glyphs\/C_cedilla.glif","\/ffscalasfit.ufo\/glyphs\/D_.glif":"\/ffscalasfit.ufo\/glyphs\/D_.glif","\/ffscalasfit.ufo\/glyphs\/D_elta.glif":"\/ffscalasfit.ufo\/glyphs\/D_elta.glif","\/ffscalasfit.ufo\/glyphs\/E_.glif":"\/ffscalasfit.ufo\/glyphs\/E_.glif","\/ffscalasfit.ufo\/glyphs\/E_acute.glif":"\/ffscalasfit.ufo\/glyphs\/E_acute.glif","\/ffscalasfit.ufo\/glyphs\/E_circumflex.glif":"\/ffscalasfit.ufo\/glyphs\/E_circumflex.glif","\/ffscalasfit.ufo\/glyphs\/E_dieresis.glif":"\/ffscalasfit.ufo\/glyphs\/E_dieresis.glif","\/ffscalasfit.ufo\/glyphs\/E_grave.glif":"\/ffscalasfit.ufo\/glyphs\/E_grave.glif","\/ffscalasfit.ufo\/glyphs\/F_.glif":"\/ffscalasfit.ufo\/glyphs\/F_.glif","\/ffscalasfit.ufo\/glyphs\/G_.glif":"\/ffscalasfit.ufo\/glyphs\/G_.glif","\/ffscalasfit.ufo\/glyphs\/H_.glif":"\/ffscalasfit.ufo\/glyphs\/H_.glif","\/ffscalasfit.ufo\/glyphs\/I_.glif":"\/ffscalasfit.ufo\/glyphs\/I_.glif","\/ffscalasfit.ufo\/glyphs\/I_acute.glif":"\/ffscalasfit.ufo\/glyphs\/I_acute.glif","\/ffscalasfit.ufo\/glyphs\/I_circumflex.glif":"\/ffscalasfit.ufo\/glyphs\/I_circumflex.glif","\/ffscalasfit.ufo\/glyphs\/I_dieresis.glif":"\/ffscalasfit.ufo\/glyphs\/I_dieresis.glif","\/ffscalasfit.ufo\/glyphs\/I_grave.glif":"\/ffscalasfit.ufo\/glyphs\/I_grave.glif","\/ffscalasfit.ufo\/glyphs\/J_.glif":"\/ffscalasfit.ufo\/glyphs\/J_.glif","\/ffscalasfit.ufo\/glyphs\/K_.glif":"\/ffscalasfit.ufo\/glyphs\/K_.glif","\/ffscalasfit.ufo\/glyphs\/L_.glif":"\/ffscalasfit.ufo\/glyphs\/L_.glif","\/ffscalasfit.ufo\/glyphs\/M_.glif":"\/ffscalasfit.ufo\/glyphs\/M_.glif","\/ffscalasfit.ufo\/glyphs\/N_.glif":"\/ffscalasfit.ufo\/glyphs\/N_.glif","\/ffscalasfit.ufo\/glyphs\/N_tilde.glif":"\/ffscalasfit.ufo\/glyphs\/N_tilde.glif","\/ffscalasfit.ufo\/glyphs\/O_.glif":"\/ffscalasfit.ufo\/glyphs\/O_.glif","\/ffscalasfit.ufo\/glyphs\/O_E_.glif":"\/ffscalasfit.ufo\/glyphs\/O_E_.glif","\/ffscalasfit.ufo\/glyphs\/O_acute.glif":"\/ffscalasfit.ufo\/glyphs\/O_acute.glif","\/ffscalasfit.ufo\/glyphs\/O_circumflex.glif":"\/ffscalasfit.ufo\/glyphs\/O_circumflex.glif","\/ffscalasfit.ufo\/glyphs\/O_dieresis.glif":"\/ffscalasfit.ufo\/glyphs\/O_dieresis.glif","\/ffscalasfit.ufo\/glyphs\/O_grave.glif":"\/ffscalasfit.ufo\/glyphs\/O_grave.glif","\/ffscalasfit.ufo\/glyphs\/O_mega.glif":"\/ffscalasfit.ufo\/glyphs\/O_mega.glif","\/ffscalasfit.ufo\/glyphs\/O_slash.glif":"\/ffscalasfit.ufo\/glyphs\/O_slash.glif","\/ffscalasfit.ufo\/glyphs\/O_tilde.glif":"\/ffscalasfit.ufo\/glyphs\/O_tilde.glif","\/ffscalasfit.ufo\/glyphs\/P_.glif":"\/ffscalasfit.ufo\/glyphs\/P_.glif","\/ffscalasfit.ufo\/glyphs\/Q_.glif":"\/ffscalasfit.ufo\/glyphs\/Q_.glif","\/ffscalasfit.ufo\/glyphs\/R_.glif":"\/ffscalasfit.ufo\/glyphs\/R_.glif","\/ffscalasfit.ufo\/glyphs\/S_.glif":"\/ffscalasfit.ufo\/glyphs\/S_.glif","\/ffscalasfit.ufo\/glyphs\/T_.glif":"\/ffscalasfit.ufo\/glyphs\/T_.glif","\/ffscalasfit.ufo\/glyphs\/U_.glif":"\/ffscalasfit.ufo\/glyphs\/U_.glif","\/ffscalasfit.ufo\/glyphs\/U_acute.glif":"\/ffscalasfit.ufo\/glyphs\/U_acute.glif","\/ffscalasfit.ufo\/glyphs\/U_circumflex.glif":"\/ffscalasfit.ufo\/glyphs\/U_circumflex.glif","\/ffscalasfit.ufo\/glyphs\/U_dieresis.glif":"\/ffscalasfit.ufo\/glyphs\/U_dieresis.glif","\/ffscalasfit.ufo\/glyphs\/U_grave.glif":"\/ffscalasfit.ufo\/glyphs\/U_grave.glif","\/ffscalasfit.ufo\/glyphs\/V_.glif":"\/ffscalasfit.ufo\/glyphs\/V_.glif","\/ffscalasfit.ufo\/glyphs\/W_.glif":"\/ffscalasfit.ufo\/glyphs\/W_.glif","\/ffscalasfit.ufo\/glyphs\/X_.glif":"\/ffscalasfit.ufo\/glyphs\/X_.glif","\/ffscalasfit.ufo\/glyphs\/Y_.glif":"\/ffscalasfit.ufo\/glyphs\/Y_.glif","\/ffscalasfit.ufo\/glyphs\/Y_dieresis.glif":"\/ffscalasfit.ufo\/glyphs\/Y_dieresis.glif","\/ffscalasfit.ufo\/glyphs\/Z_.glif":"\/ffscalasfit.ufo\/glyphs\/Z_.glif","\/ffscalasfit.ufo\/glyphs\/_notdef.glif":"\/ffscalasfit.ufo\/glyphs\/_notdef.glif","\/ffscalasfit.ufo\/glyphs\/_null.glif":"\/ffscalasfit.ufo\/glyphs\/_null.glif","\/ffscalasfit.ufo\/glyphs\/a.glif":"\/ffscalasfit.ufo\/glyphs\/a.glif","\/ffscalasfit.ufo\/glyphs\/aacute.glif":"\/ffscalasfit.ufo\/glyphs\/aacute.glif","\/ffscalasfit.ufo\/glyphs\/acircumflex.glif":"\/ffscalasfit.ufo\/glyphs\/acircumflex.glif","\/ffscalasfit.ufo\/glyphs\/acute.glif":"\/ffscalasfit.ufo\/glyphs\/acute.glif","\/ffscalasfit.ufo\/glyphs\/adieresis.glif":"\/ffscalasfit.ufo\/glyphs\/adieresis.glif","\/ffscalasfit.ufo\/glyphs\/ae.glif":"\/ffscalasfit.ufo\/glyphs\/ae.glif","\/ffscalasfit.ufo\/glyphs\/agrave.glif":"\/ffscalasfit.ufo\/glyphs\/agrave.glif","\/ffscalasfit.ufo\/glyphs\/ampersand.glif":"\/ffscalasfit.ufo\/glyphs\/ampersand.glif","\/ffscalasfit.ufo\/glyphs\/approxequal.glif":"\/ffscalasfit.ufo\/glyphs\/approxequal.glif","\/ffscalasfit.ufo\/glyphs\/aring.glif":"\/ffscalasfit.ufo\/glyphs\/aring.glif","\/ffscalasfit.ufo\/glyphs\/asciicircum.glif":"\/ffscalasfit.ufo\/glyphs\/asciicircum.glif","\/ffscalasfit.ufo\/glyphs\/asciitilde.glif":"\/ffscalasfit.ufo\/glyphs\/asciitilde.glif","\/ffscalasfit.ufo\/glyphs\/asterisk.glif":"\/ffscalasfit.ufo\/glyphs\/asterisk.glif","\/ffscalasfit.ufo\/glyphs\/at.glif":"\/ffscalasfit.ufo\/glyphs\/at.glif","\/ffscalasfit.ufo\/glyphs\/atilde.glif":"\/ffscalasfit.ufo\/glyphs\/atilde.glif","\/ffscalasfit.ufo\/glyphs\/b.glif":"\/ffscalasfit.ufo\/glyphs\/b.glif","\/ffscalasfit.ufo\/glyphs\/backslash.glif":"\/ffscalasfit.ufo\/glyphs\/backslash.glif","\/ffscalasfit.ufo\/glyphs\/bar.glif":"\/ffscalasfit.ufo\/glyphs\/bar.glif","\/ffscalasfit.ufo\/glyphs\/braceleft.glif":"\/ffscalasfit.ufo\/glyphs\/braceleft.glif","\/ffscalasfit.ufo\/glyphs\/braceright.glif":"\/ffscalasfit.ufo\/glyphs\/braceright.glif","\/ffscalasfit.ufo\/glyphs\/bracketleft.glif":"\/ffscalasfit.ufo\/glyphs\/bracketleft.glif","\/ffscalasfit.ufo\/glyphs\/bracketright.glif":"\/ffscalasfit.ufo\/glyphs\/bracketright.glif","\/ffscalasfit.ufo\/glyphs\/breve.glif":"\/ffscalasfit.ufo\/glyphs\/breve.glif","\/ffscalasfit.ufo\/glyphs\/bullet.glif":"\/ffscalasfit.ufo\/glyphs\/bullet.glif","\/ffscalasfit.ufo\/glyphs\/c.glif":"\/ffscalasfit.ufo\/glyphs\/c.glif","\/ffscalasfit.ufo\/glyphs\/caron.glif":"\/ffscalasfit.ufo\/glyphs\/caron.glif","\/ffscalasfit.ufo\/glyphs\/ccedilla.glif":"\/ffscalasfit.ufo\/glyphs\/ccedilla.glif","\/ffscalasfit.ufo\/glyphs\/cent.glif":"\/ffscalasfit.ufo\/glyphs\/cent.glif","\/ffscalasfit.ufo\/glyphs\/circumflex.glif":"\/ffscalasfit.ufo\/glyphs\/circumflex.glif","\/ffscalasfit.ufo\/glyphs\/colon.glif":"\/ffscalasfit.ufo\/glyphs\/colon.glif","\/ffscalasfit.ufo\/glyphs\/comma.glif":"\/ffscalasfit.ufo\/glyphs\/comma.glif","\/ffscalasfit.ufo\/glyphs\/contents.plist":"\/ffscalasfit.ufo\/glyphs\/contents.plist","\/ffscalasfit.ufo\/glyphs\/copyright.glif":"\/ffscalasfit.ufo\/glyphs\/copyright.glif","\/ffscalasfit.ufo\/glyphs\/currency.glif":"\/ffscalasfit.ufo\/glyphs\/currency.glif","\/ffscalasfit.ufo\/glyphs\/d.glif":"\/ffscalasfit.ufo\/glyphs\/d.glif","\/ffscalasfit.ufo\/glyphs\/dagger.glif":"\/ffscalasfit.ufo\/glyphs\/dagger.glif","\/ffscalasfit.ufo\/glyphs\/daggerdbl.glif":"\/ffscalasfit.ufo\/glyphs\/daggerdbl.glif","\/ffscalasfit.ufo\/glyphs\/degree.glif":"\/ffscalasfit.ufo\/glyphs\/degree.glif","\/ffscalasfit.ufo\/glyphs\/dieresis.glif":"\/ffscalasfit.ufo\/glyphs\/dieresis.glif","\/ffscalasfit.ufo\/glyphs\/divide.glif":"\/ffscalasfit.ufo\/glyphs\/divide.glif","\/ffscalasfit.ufo\/glyphs\/dollar.glif":"\/ffscalasfit.ufo\/glyphs\/dollar.glif","\/ffscalasfit.ufo\/glyphs\/dotaccent.glif":"\/ffscalasfit.ufo\/glyphs\/dotaccent.glif","\/ffscalasfit.ufo\/glyphs\/dotlessi.glif":"\/ffscalasfit.ufo\/glyphs\/dotlessi.glif","\/ffscalasfit.ufo\/glyphs\/e.glif":"\/ffscalasfit.ufo\/glyphs\/e.glif","\/ffscalasfit.ufo\/glyphs\/eacute.glif":"\/ffscalasfit.ufo\/glyphs\/eacute.glif","\/ffscalasfit.ufo\/glyphs\/ecircumflex.glif":"\/ffscalasfit.ufo\/glyphs\/ecircumflex.glif","\/ffscalasfit.ufo\/glyphs\/edieresis.glif":"\/ffscalasfit.ufo\/glyphs\/edieresis.glif","\/ffscalasfit.ufo\/glyphs\/egrave.glif":"\/ffscalasfit.ufo\/glyphs\/egrave.glif","\/ffscalasfit.ufo\/glyphs\/eight.glif":"\/ffscalasfit.ufo\/glyphs\/eight.glif","\/ffscalasfit.ufo\/glyphs\/ellipsis.glif":"\/ffscalasfit.ufo\/glyphs\/ellipsis.glif","\/ffscalasfit.ufo\/glyphs\/emdash.glif":"\/ffscalasfit.ufo\/glyphs\/emdash.glif","\/ffscalasfit.ufo\/glyphs\/endash.glif":"\/ffscalasfit.ufo\/glyphs\/endash.glif","\/ffscalasfit.ufo\/glyphs\/equal.glif":"\/ffscalasfit.ufo\/glyphs\/equal.glif","\/ffscalasfit.ufo\/glyphs\/exclam.glif":"\/ffscalasfit.ufo\/glyphs\/exclam.glif","\/ffscalasfit.ufo\/glyphs\/exclamdown.glif":"\/ffscalasfit.ufo\/glyphs\/exclamdown.glif","\/ffscalasfit.ufo\/glyphs\/f.glif":"\/ffscalasfit.ufo\/glyphs\/f.glif","\/ffscalasfit.ufo\/glyphs\/fi.glif":"\/ffscalasfit.ufo\/glyphs\/fi.glif","\/ffscalasfit.ufo\/glyphs\/five.glif":"\/ffscalasfit.ufo\/glyphs\/five.glif","\/ffscalasfit.ufo\/glyphs\/fl.glif":"\/ffscalasfit.ufo\/glyphs\/fl.glif","\/ffscalasfit.ufo\/glyphs\/florin.glif":"\/ffscalasfit.ufo\/glyphs\/florin.glif","\/ffscalasfit.ufo\/glyphs\/four.glif":"\/ffscalasfit.ufo\/glyphs\/four.glif","\/ffscalasfit.ufo\/glyphs\/fraction.glif":"\/ffscalasfit.ufo\/glyphs\/fraction.glif","\/ffscalasfit.ufo\/glyphs\/g.glif":"\/ffscalasfit.ufo\/glyphs\/g.glif","\/ffscalasfit.ufo\/glyphs\/germandbls.glif":"\/ffscalasfit.ufo\/glyphs\/germandbls.glif","\/ffscalasfit.ufo\/glyphs\/grave.glif":"\/ffscalasfit.ufo\/glyphs\/grave.glif","\/ffscalasfit.ufo\/glyphs\/greater.glif":"\/ffscalasfit.ufo\/glyphs\/greater.glif","\/ffscalasfit.ufo\/glyphs\/greaterequal.glif":"\/ffscalasfit.ufo\/glyphs\/greaterequal.glif","\/ffscalasfit.ufo\/glyphs\/guillemotleft.glif":"\/ffscalasfit.ufo\/glyphs\/guillemotleft.glif","\/ffscalasfit.ufo\/glyphs\/guillemotright.glif":"\/ffscalasfit.ufo\/glyphs\/guillemotright.glif","\/ffscalasfit.ufo\/glyphs\/guilsinglleft.glif":"\/ffscalasfit.ufo\/glyphs\/guilsinglleft.glif","\/ffscalasfit.ufo\/glyphs\/guilsinglright.glif":"\/ffscalasfit.ufo\/glyphs\/guilsinglright.glif","\/ffscalasfit.ufo\/glyphs\/h.glif":"\/ffscalasfit.ufo\/glyphs\/h.glif","\/ffscalasfit.ufo\/glyphs\/hungarumlaut.glif":"\/ffscalasfit.ufo\/glyphs\/hungarumlaut.glif","\/ffscalasfit.ufo\/glyphs\/hyphen.glif":"\/ffscalasfit.ufo\/glyphs\/hyphen.glif","\/ffscalasfit.ufo\/glyphs\/i.glif":"\/ffscalasfit.ufo\/glyphs\/i.glif","\/ffscalasfit.ufo\/glyphs\/iacute.glif":"\/ffscalasfit.ufo\/glyphs\/iacute.glif","\/ffscalasfit.ufo\/glyphs\/icircumflex.glif":"\/ffscalasfit.ufo\/glyphs\/icircumflex.glif","\/ffscalasfit.ufo\/glyphs\/idieresis.glif":"\/ffscalasfit.ufo\/glyphs\/idieresis.glif","\/ffscalasfit.ufo\/glyphs\/igrave.glif":"\/ffscalasfit.ufo\/glyphs\/igrave.glif","\/ffscalasfit.ufo\/glyphs\/j.glif":"\/ffscalasfit.ufo\/glyphs\/j.glif","\/ffscalasfit.ufo\/glyphs\/k.glif":"\/ffscalasfit.ufo\/glyphs\/k.glif","\/ffscalasfit.ufo\/glyphs\/l.glif":"\/ffscalasfit.ufo\/glyphs\/l.glif","\/ffscalasfit.ufo\/glyphs\/less.glif":"\/ffscalasfit.ufo\/glyphs\/less.glif","\/ffscalasfit.ufo\/glyphs\/lessequal.glif":"\/ffscalasfit.ufo\/glyphs\/lessequal.glif","\/ffscalasfit.ufo\/glyphs\/lozenge.glif":"\/ffscalasfit.ufo\/glyphs\/lozenge.glif","\/ffscalasfit.ufo\/glyphs\/m.glif":"\/ffscalasfit.ufo\/glyphs\/m.glif","\/ffscalasfit.ufo\/glyphs\/macron.glif":"\/ffscalasfit.ufo\/glyphs\/macron.glif","\/ffscalasfit.ufo\/glyphs\/mu.glif":"\/ffscalasfit.ufo\/glyphs\/mu.glif","\/ffscalasfit.ufo\/glyphs\/n.glif":"\/ffscalasfit.ufo\/glyphs\/n.glif","\/ffscalasfit.ufo\/glyphs\/nine.glif":"\/ffscalasfit.ufo\/glyphs\/nine.glif","\/ffscalasfit.ufo\/glyphs\/nonbreakingspace.glif":"\/ffscalasfit.ufo\/glyphs\/nonbreakingspace.glif","\/ffscalasfit.ufo\/glyphs\/nonmarkingreturn.glif":"\/ffscalasfit.ufo\/glyphs\/nonmarkingreturn.glif","\/ffscalasfit.ufo\/glyphs\/notequal.glif":"\/ffscalasfit.ufo\/glyphs\/notequal.glif","\/ffscalasfit.ufo\/glyphs\/ntilde.glif":"\/ffscalasfit.ufo\/glyphs\/ntilde.glif","\/ffscalasfit.ufo\/glyphs\/numbersign.glif":"\/ffscalasfit.ufo\/glyphs\/numbersign.glif","\/ffscalasfit.ufo\/glyphs\/o.glif":"\/ffscalasfit.ufo\/glyphs\/o.glif","\/ffscalasfit.ufo\/glyphs\/oacute.glif":"\/ffscalasfit.ufo\/glyphs\/oacute.glif","\/ffscalasfit.ufo\/glyphs\/ocircumflex.glif":"\/ffscalasfit.ufo\/glyphs\/ocircumflex.glif","\/ffscalasfit.ufo\/glyphs\/odieresis.glif":"\/ffscalasfit.ufo\/glyphs\/odieresis.glif","\/ffscalasfit.ufo\/glyphs\/oe.glif":"\/ffscalasfit.ufo\/glyphs\/oe.glif","\/ffscalasfit.ufo\/glyphs\/ograve.glif":"\/ffscalasfit.ufo\/glyphs\/ograve.glif","\/ffscalasfit.ufo\/glyphs\/one.glif":"\/ffscalasfit.ufo\/glyphs\/one.glif","\/ffscalasfit.ufo\/glyphs\/ordfeminine.glif":"\/ffscalasfit.ufo\/glyphs\/ordfeminine.glif","\/ffscalasfit.ufo\/glyphs\/ordmasculine.glif":"\/ffscalasfit.ufo\/glyphs\/ordmasculine.glif","\/ffscalasfit.ufo\/glyphs\/oslash.glif":"\/ffscalasfit.ufo\/glyphs\/oslash.glif","\/ffscalasfit.ufo\/glyphs\/otilde.glif":"\/ffscalasfit.ufo\/glyphs\/otilde.glif","\/ffscalasfit.ufo\/glyphs\/p.glif":"\/ffscalasfit.ufo\/glyphs\/p.glif","\/ffscalasfit.ufo\/glyphs\/paragraph.glif":"\/ffscalasfit.ufo\/glyphs\/paragraph.glif","\/ffscalasfit.ufo\/glyphs\/parenleft.glif":"\/ffscalasfit.ufo\/glyphs\/parenleft.glif","\/ffscalasfit.ufo\/glyphs\/parenright.glif":"\/ffscalasfit.ufo\/glyphs\/parenright.glif","\/ffscalasfit.ufo\/glyphs\/partialdiff.glif":"\/ffscalasfit.ufo\/glyphs\/partialdiff.glif","\/ffscalasfit.ufo\/glyphs\/percent.glif":"\/ffscalasfit.ufo\/glyphs\/percent.glif","\/ffscalasfit.ufo\/glyphs\/period.glif":"\/ffscalasfit.ufo\/glyphs\/period.glif","\/ffscalasfit.ufo\/glyphs\/periodcentered.glif":"\/ffscalasfit.ufo\/glyphs\/periodcentered.glif","\/ffscalasfit.ufo\/glyphs\/perthousand.glif":"\/ffscalasfit.ufo\/glyphs\/perthousand.glif","\/ffscalasfit.ufo\/glyphs\/pi.glif":"\/ffscalasfit.ufo\/glyphs\/pi.glif","\/ffscalasfit.ufo\/glyphs\/plus.glif":"\/ffscalasfit.ufo\/glyphs\/plus.glif","\/ffscalasfit.ufo\/glyphs\/plusminus.glif":"\/ffscalasfit.ufo\/glyphs\/plusminus.glif","\/ffscalasfit.ufo\/glyphs\/product.glif":"\/ffscalasfit.ufo\/glyphs\/product.glif","\/ffscalasfit.ufo\/glyphs\/q.glif":"\/ffscalasfit.ufo\/glyphs\/q.glif","\/ffscalasfit.ufo\/glyphs\/question.glif":"\/ffscalasfit.ufo\/glyphs\/question.glif","\/ffscalasfit.ufo\/glyphs\/questiondown.glif":"\/ffscalasfit.ufo\/glyphs\/questiondown.glif","\/ffscalasfit.ufo\/glyphs\/quotedbl.glif":"\/ffscalasfit.ufo\/glyphs\/quotedbl.glif","\/ffscalasfit.ufo\/glyphs\/quotedblbase.glif":"\/ffscalasfit.ufo\/glyphs\/quotedblbase.glif","\/ffscalasfit.ufo\/glyphs\/quotedblleft.glif":"\/ffscalasfit.ufo\/glyphs\/quotedblleft.glif","\/ffscalasfit.ufo\/glyphs\/quotedblright.glif":"\/ffscalasfit.ufo\/glyphs\/quotedblright.glif","\/ffscalasfit.ufo\/glyphs\/quoteleft.glif":"\/ffscalasfit.ufo\/glyphs\/quoteleft.glif","\/ffscalasfit.ufo\/glyphs\/quoteright.glif":"\/ffscalasfit.ufo\/glyphs\/quoteright.glif","\/ffscalasfit.ufo\/glyphs\/quotesinglbase.glif":"\/ffscalasfit.ufo\/glyphs\/quotesinglbase.glif","\/ffscalasfit.ufo\/glyphs\/quotesingle.glif":"\/ffscalasfit.ufo\/glyphs\/quotesingle.glif","\/ffscalasfit.ufo\/glyphs\/r.glif":"\/ffscalasfit.ufo\/glyphs\/r.glif","\/ffscalasfit.ufo\/glyphs\/registered.glif":"\/ffscalasfit.ufo\/glyphs\/registered.glif","\/ffscalasfit.ufo\/glyphs\/ring.glif":"\/ffscalasfit.ufo\/glyphs\/ring.glif","\/ffscalasfit.ufo\/glyphs\/s.glif":"\/ffscalasfit.ufo\/glyphs\/s.glif","\/ffscalasfit.ufo\/glyphs\/section.glif":"\/ffscalasfit.ufo\/glyphs\/section.glif","\/ffscalasfit.ufo\/glyphs\/semicolon.glif":"\/ffscalasfit.ufo\/glyphs\/semicolon.glif","\/ffscalasfit.ufo\/glyphs\/seven.glif":"\/ffscalasfit.ufo\/glyphs\/seven.glif","\/ffscalasfit.ufo\/glyphs\/six.glif":"\/ffscalasfit.ufo\/glyphs\/six.glif","\/ffscalasfit.ufo\/glyphs\/slash.glif":"\/ffscalasfit.ufo\/glyphs\/slash.glif","\/ffscalasfit.ufo\/glyphs\/space.glif":"\/ffscalasfit.ufo\/glyphs\/space.glif","\/ffscalasfit.ufo\/glyphs\/sterling.glif":"\/ffscalasfit.ufo\/glyphs\/sterling.glif","\/ffscalasfit.ufo\/glyphs\/summation.glif":"\/ffscalasfit.ufo\/glyphs\/summation.glif","\/ffscalasfit.ufo\/glyphs\/t.glif":"\/ffscalasfit.ufo\/glyphs\/t.glif","\/ffscalasfit.ufo\/glyphs\/three.glif":"\/ffscalasfit.ufo\/glyphs\/three.glif","\/ffscalasfit.ufo\/glyphs\/tilde.glif":"\/ffscalasfit.ufo\/glyphs\/tilde.glif","\/ffscalasfit.ufo\/glyphs\/trademark.glif":"\/ffscalasfit.ufo\/glyphs\/trademark.glif","\/ffscalasfit.ufo\/glyphs\/two.glif":"\/ffscalasfit.ufo\/glyphs\/two.glif","\/ffscalasfit.ufo\/glyphs\/u.glif":"\/ffscalasfit.ufo\/glyphs\/u.glif","\/ffscalasfit.ufo\/glyphs\/uacute.glif":"\/ffscalasfit.ufo\/glyphs\/uacute.glif","\/ffscalasfit.ufo\/glyphs\/ucircumflex.glif":"\/ffscalasfit.ufo\/glyphs\/ucircumflex.glif","\/ffscalasfit.ufo\/glyphs\/udieresis.glif":"\/ffscalasfit.ufo\/glyphs\/udieresis.glif","\/ffscalasfit.ufo\/glyphs\/ugrave.glif":"\/ffscalasfit.ufo\/glyphs\/ugrave.glif","\/ffscalasfit.ufo\/glyphs\/underscore.glif":"\/ffscalasfit.ufo\/glyphs\/underscore.glif","\/ffscalasfit.ufo\/glyphs\/v.glif":"\/ffscalasfit.ufo\/glyphs\/v.glif","\/ffscalasfit.ufo\/glyphs\/w.glif":"\/ffscalasfit.ufo\/glyphs\/w.glif","\/ffscalasfit.ufo\/glyphs\/x.glif":"\/ffscalasfit.ufo\/glyphs\/x.glif","\/ffscalasfit.ufo\/glyphs\/y.glif":"\/ffscalasfit.ufo\/glyphs\/y.glif","\/ffscalasfit.ufo\/glyphs\/ydieresis.glif":"\/ffscalasfit.ufo\/glyphs\/ydieresis.glif","\/ffscalasfit.ufo\/glyphs\/yen.glif":"\/ffscalasfit.ufo\/glyphs\/yen.glif","\/ffscalasfit.ufo\/glyphs\/z.glif":"\/ffscalasfit.ufo\/glyphs\/z.glif","\/ffscalasfit.ufo\/glyphs\/zero.glif":"\/ffscalasfit.ufo\/glyphs\/zero.glif"},"Font":{"uploaded":1480355556.5748,"licence":"gpl3","company":"Chronolabs Cooperative","title":"FFScala Italic","version":3.002,"date":"Fri Nov 25 22:16:22 2016","creator":"root","type":"1","matrix":"0.001 0 0 0.001 0 0","named":"FFScala-Italic","painttype":"0","info":"10 dict dup","name":"FFScala-Italic","family":"FFScala-Italic","weight":"Thin","fstype":"0","italicangle":"0","underlineposition":"","underlinethickness":""},"Licences":{"":false},"Table":{"FFTM":{"entryLength":16,"tag":"FFTM","checksum":1962491612,"offset":30184,"length":28},"GDEF":{"entryLength":16,"tag":"GDEF","checksum":17301508,"offset":30152,"length":32},"OS\/2":{"entryLength":16,"tag":"OS\/2","checksum":1982019261,"offset":344,"length":86},"cmap":{"entryLength":16,"tag":"cmap","checksum":1455412776,"offset":1308,"length":696},"gasp":{"entryLength":16,"tag":"gasp","checksum":4294901763,"offset":30144,"length":8},"glyf":{"entryLength":16,"tag":"glyf","checksum":1518766551,"offset":2444,"length":26616},"head":{"entryLength":16,"tag":"head","checksum":199722866,"offset":220,"length":54},"hhea":{"entryLength":16,"tag":"hhea","checksum":128582603,"offset":276,"length":36},"hmtx":{"entryLength":16,"tag":"hmtx","checksum":3136826882,"offset":432,"length":876},"loca":{"entryLength":16,"tag":"loca","checksum":1926269676,"offset":2004,"length":440},"maxp":{"entryLength":16,"tag":"maxp","checksum":19136760,"offset":312,"length":32},"name":{"entryLength":16,"tag":"name","checksum":4143404913,"offset":29060,"length":609},"post":{"entryLength":16,"tag":"post","checksum":785395649,"offset":29672,"length":472}},"UnicodeCharMap":{"0":1,"13":2,"32":3,"33":4,"34":5,"35":6,"36":7,"37":8,"38":9,"39":10,"40":11,"41":12,"42":13,"43":14,"44":15,"45":16,"46":17,"47":18,"48":19,"49":20,"50":21,"51":22,"52":23,"53":24,"54":25,"55":26,"56":27,"57":28,"58":29,"59":30,"60":31,"61":32,"62":33,"63":34,"64":35,"65":36,"66":37,"67":38,"68":39,"69":40,"70":41,"71":42,"72":43,"73":44,"74":45,"75":46,"76":47,"77":48,"78":49,"79":50,"80":51,"81":52,"82":53,"83":54,"84":55,"85":56,"86":57,"87":58,"88":59,"89":60,"90":61,"91":62,"92":63,"93":64,"94":65,"95":66,"96":67,"97":68,"98":69,"99":70,"100":71,"101":72,"102":73,"103":74,"104":75,"105":76,"106":77,"107":78,"108":79,"109":80,"110":81,"111":82,"112":83,"113":84,"114":85,"115":86,"116":87,"117":88,"118":89,"119":90,"120":91,"121":92,"122":93,"123":94,"124":95,"125":96,"126":97,"160":98,"161":99,"162":100,"163":101,"164":102,"165":103,"167":104,"168":105,"169":106,"170":107,"171":108,"174":109,"175":213,"176":110,"177":111,"180":112,"182":114,"183":206,"186":115,"187":116,"191":117,"192":118,"193":119,"194":120,"195":121,"196":122,"197":123,"198":124,"199":125,"200":126,"201":127,"202":128,"203":129,"204":130,"205":131,"206":132,"207":133,"209":134,"210":135,"211":136,"212":137,"213":138,"214":139,"216":140,"217":141,"218":142,"219":143,"220":144,"223":145,"224":146,"225":147,"226":148,"227":149,"228":150,"229":151,"230":152,"231":153,"232":154,"233":155,"234":156,"235":157,"236":158,"237":159,"238":160,"239":161,"241":162,"242":163,"243":164,"244":165,"245":166,"246":167,"247":168,"248":169,"249":170,"250":171,"251":172,"252":173,"255":174,"305":210,"338":190,"339":191,"376":199,"402":186,"710":211,"711":218,"728":214,"729":215,"730":216,"732":212,"733":217,"916":188,"937":185,"956":113,"960":184,"8211":192,"8212":193,"8216":196,"8217":197,"8218":207,"8220":194,"8221":195,"8222":208,"8224":175,"8225":205,"8226":176,"8230":189,"8240":209,"8249":201,"8250":202,"8260":200,"8482":177,"8706":181,"8719":183,"8721":182,"8776":187,"8800":178,"8804":179,"8805":180,"9674":198,"64257":203,"64258":204},"Reserves":{"fontname":"FFScala Italic"},"Names":{"FFScala Italic":{"name":"FFScala Italic","longitude":"0.00000001","latitude":"0.00000001","country":"","region":"","city":""}},"Nodes":{"ff":{"type":"typal","node":"ff","usage":1,"weight":1},"la":{"type":"typal","node":"la","usage":1,"weight":1},"it":{"type":"typal","node":"it","usage":1,"weight":1},"ic":{"type":"typal","node":"ic","usage":1,"weight":1},"ffs":{"type":"typal","node":"ffs","usage":1,"weight":1},"ala":{"type":"typal","node":"ala","usage":1,"weight":1},"ita":{"type":"typal","node":"ita","usage":1,"weight":1},"lic":{"type":"typal","node":"lic","usage":1,"weight":1},"ffsc":{"type":"keys","node":"ffsc","usage":1,"weight":1},"cala":{"type":"keys","node":"cala","usage":1,"weight":1},"ital":{"type":"keys","node":"ital","usage":1,"weight":1},"alic":{"type":"keys","node":"alic","usage":1,"weight":1},"ffsca":{"type":"keys","node":"ffsca","usage":1,"weight":1},"scala":{"type":"keys","node":"scala","usage":1,"weight":1},"itali":{"type":"keys","node":"itali","usage":1,"weight":1},"talic":{"type":"keys","node":"talic","usage":1,"weight":1},"ffscala":{"type":"fixes","node":"ffscala","usage":1,"weight":1},"italic":{"type":"fixes","node":"italic","usage":1,"weight":1}},"Contributors":[],"FontIdentity":"zinc77:7347e04769bf7a3be74a41ccf","Bytes":null,"Networking":[],"barcode":"12we3uyii6ek82","referee":"seq64"}