{"CSS":{"%fontnamespaced%":"%25fontnamespaced%25.css"},"FontType":"TrueType","FontCopyright":null,"FontName":"%fontnamespaced%","FontSubfamily":"Medium","FontSubfamilyID":"FontForge 2.0 : %fontnamespaced% : 9-8-2016","FontFullName":"fontnamespaced","FontVersion":"Version 1.0","FontWeight":null,"FontPostscriptName":"%fontnamespaced%","Files":{"\/fonts\/Unpacking\/9942f7827d0dfeaf8e5d891dfa0214b3e6e19477\/gerstnerbq-light.afm":"\/fonts\/Unpacking\/9942f7827d0dfeaf8e5d891dfa0214b3e6e19477\/gerstnerbq-light.afm","\/fonts\/Unpacking\/9942f7827d0dfeaf8e5d891dfa0214b3e6e19477\/gerstnerbq-light.bin":"\/fonts\/Unpacking\/9942f7827d0dfeaf8e5d891dfa0214b3e6e19477\/gerstnerbq-light.bin","\/fonts\/Unpacking\/9942f7827d0dfeaf8e5d891dfa0214b3e6e19477\/gerstnerbq-light.cef":"\/fonts\/Unpacking\/9942f7827d0dfeaf8e5d891dfa0214b3e6e19477\/gerstnerbq-light.cef","\/fonts\/Unpacking\/9942f7827d0dfeaf8e5d891dfa0214b3e6e19477\/gerstnerbq-light.cff":"\/fonts\/Unpacking\/9942f7827d0dfeaf8e5d891dfa0214b3e6e19477\/gerstnerbq-light.cff","\/fonts\/Unpacking\/9942f7827d0dfeaf8e5d891dfa0214b3e6e19477\/gerstnerbq-light.cid":"\/fonts\/Unpacking\/9942f7827d0dfeaf8e5d891dfa0214b3e6e19477\/gerstnerbq-light.cid","\/fonts\/Unpacking\/9942f7827d0dfeaf8e5d891dfa0214b3e6e19477\/gerstnerbq-light.dfont":"\/fonts\/Unpacking\/9942f7827d0dfeaf8e5d891dfa0214b3e6e19477\/gerstnerbq-light.dfont","\/fonts\/Unpacking\/9942f7827d0dfeaf8e5d891dfa0214b3e6e19477\/gerstnerbq-light.eot":"\/fonts\/Unpacking\/9942f7827d0dfeaf8e5d891dfa0214b3e6e19477\/gerstnerbq-light.eot","\/fonts\/Unpacking\/9942f7827d0dfeaf8e5d891dfa0214b3e6e19477\/gerstnerbq-light.fon":"\/fonts\/Unpacking\/9942f7827d0dfeaf8e5d891dfa0214b3e6e19477\/gerstnerbq-light.fon","\/fonts\/Unpacking\/9942f7827d0dfeaf8e5d891dfa0214b3e6e19477\/gerstnerbq-light.gai":"\/fonts\/Unpacking\/9942f7827d0dfeaf8e5d891dfa0214b3e6e19477\/gerstnerbq-light.gai","\/fonts\/Unpacking\/9942f7827d0dfeaf8e5d891dfa0214b3e6e19477\/gerstnerbq-light.gsf":"\/fonts\/Unpacking\/9942f7827d0dfeaf8e5d891dfa0214b3e6e19477\/gerstnerbq-light.gsf","\/fonts\/Unpacking\/9942f7827d0dfeaf8e5d891dfa0214b3e6e19477\/gerstnerbq-light.hqx":"\/fonts\/Unpacking\/9942f7827d0dfeaf8e5d891dfa0214b3e6e19477\/gerstnerbq-light.hqx","\/fonts\/Unpacking\/9942f7827d0dfeaf8e5d891dfa0214b3e6e19477\/gerstnerbq-light.ik":"\/fonts\/Unpacking\/9942f7827d0dfeaf8e5d891dfa0214b3e6e19477\/gerstnerbq-light.ik","\/fonts\/Unpacking\/9942f7827d0dfeaf8e5d891dfa0214b3e6e19477\/gerstnerbq-light.mf":"\/fonts\/Unpacking\/9942f7827d0dfeaf8e5d891dfa0214b3e6e19477\/gerstnerbq-light.mf","\/fonts\/Unpacking\/9942f7827d0dfeaf8e5d891dfa0214b3e6e19477\/gerstnerbq-light.otf":"\/fonts\/Unpacking\/9942f7827d0dfeaf8e5d891dfa0214b3e6e19477\/gerstnerbq-light.otf","\/fonts\/Unpacking\/9942f7827d0dfeaf8e5d891dfa0214b3e6e19477\/gerstnerbq-light.pcf":"\/fonts\/Unpacking\/9942f7827d0dfeaf8e5d891dfa0214b3e6e19477\/gerstnerbq-light.pcf","\/fonts\/Unpacking\/9942f7827d0dfeaf8e5d891dfa0214b3e6e19477\/gerstnerbq-light.pf3":"\/fonts\/Unpacking\/9942f7827d0dfeaf8e5d891dfa0214b3e6e19477\/gerstnerbq-light.pf3","\/fonts\/Unpacking\/9942f7827d0dfeaf8e5d891dfa0214b3e6e19477\/gerstnerbq-light.pfa":"\/fonts\/Unpacking\/9942f7827d0dfeaf8e5d891dfa0214b3e6e19477\/gerstnerbq-light.pfa","\/fonts\/Unpacking\/9942f7827d0dfeaf8e5d891dfa0214b3e6e19477\/gerstnerbq-light.pfb":"\/fonts\/Unpacking\/9942f7827d0dfeaf8e5d891dfa0214b3e6e19477\/gerstnerbq-light.pfb","\/fonts\/Unpacking\/9942f7827d0dfeaf8e5d891dfa0214b3e6e19477\/gerstnerbq-light.php":"\/fonts\/Unpacking\/9942f7827d0dfeaf8e5d891dfa0214b3e6e19477\/gerstnerbq-light.php","\/fonts\/Unpacking\/9942f7827d0dfeaf8e5d891dfa0214b3e6e19477\/gerstnerbq-light.pmf":"\/fonts\/Unpacking\/9942f7827d0dfeaf8e5d891dfa0214b3e6e19477\/gerstnerbq-light.pmf","\/fonts\/Unpacking\/9942f7827d0dfeaf8e5d891dfa0214b3e6e19477\/gerstnerbq-light.pt3":"\/fonts\/Unpacking\/9942f7827d0dfeaf8e5d891dfa0214b3e6e19477\/gerstnerbq-light.pt3","\/fonts\/Unpacking\/9942f7827d0dfeaf8e5d891dfa0214b3e6e19477\/gerstnerbq-light.sfd":"\/fonts\/Unpacking\/9942f7827d0dfeaf8e5d891dfa0214b3e6e19477\/gerstnerbq-light.sfd","\/fonts\/Unpacking\/9942f7827d0dfeaf8e5d891dfa0214b3e6e19477\/gerstnerbq-light.svg":"\/fonts\/Unpacking\/9942f7827d0dfeaf8e5d891dfa0214b3e6e19477\/gerstnerbq-light.svg","\/fonts\/Unpacking\/9942f7827d0dfeaf8e5d891dfa0214b3e6e19477\/gerstnerbq-light.t42":"\/fonts\/Unpacking\/9942f7827d0dfeaf8e5d891dfa0214b3e6e19477\/gerstnerbq-light.t42","\/fonts\/Unpacking\/9942f7827d0dfeaf8e5d891dfa0214b3e6e19477\/gerstnerbq-light.ttd":"\/fonts\/Unpacking\/9942f7827d0dfeaf8e5d891dfa0214b3e6e19477\/gerstnerbq-light.ttd","\/fonts\/Unpacking\/9942f7827d0dfeaf8e5d891dfa0214b3e6e19477\/gerstnerbq-light.ttf":"\/fonts\/Unpacking\/9942f7827d0dfeaf8e5d891dfa0214b3e6e19477\/gerstnerbq-light.ttf","\/fonts\/Unpacking\/9942f7827d0dfeaf8e5d891dfa0214b3e6e19477\/gerstnerbq-light.ttg":"\/fonts\/Unpacking\/9942f7827d0dfeaf8e5d891dfa0214b3e6e19477\/gerstnerbq-light.ttg","\/fonts\/Unpacking\/9942f7827d0dfeaf8e5d891dfa0214b3e6e19477\/gerstnerbq-light.ufm":"\/fonts\/Unpacking\/9942f7827d0dfeaf8e5d891dfa0214b3e6e19477\/gerstnerbq-light.ufm","\/fonts\/Unpacking\/9942f7827d0dfeaf8e5d891dfa0214b3e6e19477\/gerstnerbq-light.woff":"\/fonts\/Unpacking\/9942f7827d0dfeaf8e5d891dfa0214b3e6e19477\/gerstnerbq-light.woff","\/fonts\/Unpacking\/9942f7827d0dfeaf8e5d891dfa0214b3e6e19477\/gerstnerbq-light.z":"\/fonts\/Unpacking\/9942f7827d0dfeaf8e5d891dfa0214b3e6e19477\/gerstnerbq-light.z","\/fonts\/Unpacking\/9942f7827d0dfeaf8e5d891dfa0214b3e6e19477\/gerstnerbq-light.ufo\/feature.fea":"\/fonts\/Unpacking\/9942f7827d0dfeaf8e5d891dfa0214b3e6e19477\/gerstnerbq-light.ufo\/feature.fea","\/fonts\/Unpacking\/9942f7827d0dfeaf8e5d891dfa0214b3e6e19477\/gerstnerbq-light.ufo\/fontinfo.plist":"\/fonts\/Unpacking\/9942f7827d0dfeaf8e5d891dfa0214b3e6e19477\/gerstnerbq-light.ufo\/fontinfo.plist","\/fonts\/Unpacking\/9942f7827d0dfeaf8e5d891dfa0214b3e6e19477\/gerstnerbq-light.ufo\/groups.plist":"\/fonts\/Unpacking\/9942f7827d0dfeaf8e5d891dfa0214b3e6e19477\/gerstnerbq-light.ufo\/groups.plist","\/fonts\/Unpacking\/9942f7827d0dfeaf8e5d891dfa0214b3e6e19477\/gerstnerbq-light.ufo\/kerning.plist":"\/fonts\/Unpacking\/9942f7827d0dfeaf8e5d891dfa0214b3e6e19477\/gerstnerbq-light.ufo\/kerning.plist","\/fonts\/Unpacking\/9942f7827d0dfeaf8e5d891dfa0214b3e6e19477\/gerstnerbq-light.ufo\/metainfo.plist":"\/fonts\/Unpacking\/9942f7827d0dfeaf8e5d891dfa0214b3e6e19477\/gerstnerbq-light.ufo\/metainfo.plist","\/fonts\/Unpacking\/9942f7827d0dfeaf8e5d891dfa0214b3e6e19477\/gerstnerbq-light.ufo\/glyphs\/contents.plist":"\/fonts\/Unpacking\/9942f7827d0dfeaf8e5d891dfa0214b3e6e19477\/gerstnerbq-light.ufo\/glyphs\/contents.plist"},"Font":null,"Licences":{"":false},"Table":{"FFTM":{"entryLength":16,"tag":"FFTM","checksum":1943868096,"offset":1844,"length":28},"GDEF":{"entryLength":16,"tag":"GDEF","checksum":2162696,"offset":1816,"length":26},"OS\/2":{"entryLength":16,"tag":"OS\/2","checksum":1438276895,"offset":344,"length":86},"cmap":{"entryLength":16,"tag":"cmap","checksum":4199274080,"offset":444,"length":826},"gasp":{"entryLength":16,"tag":"gasp","checksum":4294901763,"offset":1808,"length":8},"glyf":{"entryLength":16,"tag":"glyf","checksum":0,"offset":1280,"length":0},"head":{"entryLength":16,"tag":"head","checksum":113094869,"offset":220,"length":54},"hhea":{"entryLength":16,"tag":"hhea","checksum":58588982,"offset":276,"length":36},"hmtx":{"entryLength":16,"tag":"hmtx","checksum":21823488,"offset":432,"length":12},"loca":{"entryLength":16,"tag":"loca","checksum":0,"offset":1272,"length":8},"maxp":{"entryLength":16,"tag":"maxp","checksum":4521987,"offset":312,"length":32},"name":{"entryLength":16,"tag":"name","checksum":1095527804,"offset":1280,"length":492},"post":{"entryLength":16,"tag":"post","checksum":196608,"offset":1772,"length":36}},"UnicodeCharMap":[],"Reserves":null,"Names":[],"Nodes":[],"Contributors":[],"FontIdentity":"34c972a3e064d169103da4184833a4c4","Bytes":107270,"Networking":null,"barcode":null,"referee":null}