{"CSS":{"Onyx":"zinc77:9750b6d17563f09d3e1aa6e25.css"},"FontType":"TrueType","FontCopyright":"Copyright 1990-1999 as an unpublished work by Bitstream Inc.  All rights reserved.  Confidential.","FontName":"Onyx","FontSubfamily":"Regular","FontSubfamilyID":"FontForge 2.0 : Onyx : 2-12-2016","FontFullName":"Onyx","FontVersion":"Version 003.001 ","FontWeight":null,"FontPostscriptName":"OnyxBT-Regular","Files":{"\/Onyx.css":"\/Onyx.css","\/font-resource.json":"\/font-resource.json","\/onyx.afm":"\/onyx.afm","\/onyx.cef":"\/onyx.cef","\/onyx.cff":"\/onyx.cff","\/onyx.eot":"\/onyx.eot","\/onyx.gai":"\/onyx.gai","\/onyx.gsf":"\/onyx.gsf","\/onyx.otf":"\/onyx.otf","\/onyx.pf3":"\/onyx.pf3","\/onyx.pfa":"\/onyx.pfa","\/onyx.pfb":"\/onyx.pfb","\/onyx.php":"\/onyx.php","\/onyx.pt3":"\/onyx.pt3","\/onyx.sfd":"\/onyx.sfd","\/onyx.svg":"\/onyx.svg","\/onyx.t42":"\/onyx.t42","\/onyx.ttd":"\/onyx.ttd","\/onyx.ttf":"\/onyx.ttf","\/onyx.ttg":"\/onyx.ttg","\/onyx.ufm":"\/onyx.ufm","\/onyx.woff":"\/onyx.woff","\/onyx.z":"\/onyx.z","\/onyx.ufo\/feature.fea":"\/onyx.ufo\/feature.fea","\/onyx.ufo\/fontinfo.plist":"\/onyx.ufo\/fontinfo.plist","\/onyx.ufo\/groups.plist":"\/onyx.ufo\/groups.plist","\/onyx.ufo\/kerning.plist":"\/onyx.ufo\/kerning.plist","\/onyx.ufo\/metainfo.plist":"\/onyx.ufo\/metainfo.plist","\/onyx.ufo\/glyphs\/A_.glif":"\/onyx.ufo\/glyphs\/A_.glif","\/onyx.ufo\/glyphs\/A_E_.glif":"\/onyx.ufo\/glyphs\/A_E_.glif","\/onyx.ufo\/glyphs\/A_acute.glif":"\/onyx.ufo\/glyphs\/A_acute.glif","\/onyx.ufo\/glyphs\/A_circumflex.glif":"\/onyx.ufo\/glyphs\/A_circumflex.glif","\/onyx.ufo\/glyphs\/A_dieresis.glif":"\/onyx.ufo\/glyphs\/A_dieresis.glif","\/onyx.ufo\/glyphs\/A_grave.glif":"\/onyx.ufo\/glyphs\/A_grave.glif","\/onyx.ufo\/glyphs\/A_ring.glif":"\/onyx.ufo\/glyphs\/A_ring.glif","\/onyx.ufo\/glyphs\/A_tilde.glif":"\/onyx.ufo\/glyphs\/A_tilde.glif","\/onyx.ufo\/glyphs\/B_.glif":"\/onyx.ufo\/glyphs\/B_.glif","\/onyx.ufo\/glyphs\/C_.glif":"\/onyx.ufo\/glyphs\/C_.glif","\/onyx.ufo\/glyphs\/C_cedilla.glif":"\/onyx.ufo\/glyphs\/C_cedilla.glif","\/onyx.ufo\/glyphs\/D_.glif":"\/onyx.ufo\/glyphs\/D_.glif","\/onyx.ufo\/glyphs\/E_.glif":"\/onyx.ufo\/glyphs\/E_.glif","\/onyx.ufo\/glyphs\/E_acute.glif":"\/onyx.ufo\/glyphs\/E_acute.glif","\/onyx.ufo\/glyphs\/E_circumflex.glif":"\/onyx.ufo\/glyphs\/E_circumflex.glif","\/onyx.ufo\/glyphs\/E_dieresis.glif":"\/onyx.ufo\/glyphs\/E_dieresis.glif","\/onyx.ufo\/glyphs\/E_grave.glif":"\/onyx.ufo\/glyphs\/E_grave.glif","\/onyx.ufo\/glyphs\/E_th.glif":"\/onyx.ufo\/glyphs\/E_th.glif","\/onyx.ufo\/glyphs\/E_uro.glif":"\/onyx.ufo\/glyphs\/E_uro.glif","\/onyx.ufo\/glyphs\/F_.glif":"\/onyx.ufo\/glyphs\/F_.glif","\/onyx.ufo\/glyphs\/G_.glif":"\/onyx.ufo\/glyphs\/G_.glif","\/onyx.ufo\/glyphs\/H_.glif":"\/onyx.ufo\/glyphs\/H_.glif","\/onyx.ufo\/glyphs\/I_.glif":"\/onyx.ufo\/glyphs\/I_.glif","\/onyx.ufo\/glyphs\/I_acute.glif":"\/onyx.ufo\/glyphs\/I_acute.glif","\/onyx.ufo\/glyphs\/I_circumflex.glif":"\/onyx.ufo\/glyphs\/I_circumflex.glif","\/onyx.ufo\/glyphs\/I_dieresis.glif":"\/onyx.ufo\/glyphs\/I_dieresis.glif","\/onyx.ufo\/glyphs\/I_grave.glif":"\/onyx.ufo\/glyphs\/I_grave.glif","\/onyx.ufo\/glyphs\/J_.glif":"\/onyx.ufo\/glyphs\/J_.glif","\/onyx.ufo\/glyphs\/K_.glif":"\/onyx.ufo\/glyphs\/K_.glif","\/onyx.ufo\/glyphs\/L_.glif":"\/onyx.ufo\/glyphs\/L_.glif","\/onyx.ufo\/glyphs\/L_slash.glif":"\/onyx.ufo\/glyphs\/L_slash.glif","\/onyx.ufo\/glyphs\/M_.glif":"\/onyx.ufo\/glyphs\/M_.glif","\/onyx.ufo\/glyphs\/N_.glif":"\/onyx.ufo\/glyphs\/N_.glif","\/onyx.ufo\/glyphs\/N_tilde.glif":"\/onyx.ufo\/glyphs\/N_tilde.glif","\/onyx.ufo\/glyphs\/O_.glif":"\/onyx.ufo\/glyphs\/O_.glif","\/onyx.ufo\/glyphs\/O_E_.glif":"\/onyx.ufo\/glyphs\/O_E_.glif","\/onyx.ufo\/glyphs\/O_acute.glif":"\/onyx.ufo\/glyphs\/O_acute.glif","\/onyx.ufo\/glyphs\/O_circumflex.glif":"\/onyx.ufo\/glyphs\/O_circumflex.glif","\/onyx.ufo\/glyphs\/O_dieresis.glif":"\/onyx.ufo\/glyphs\/O_dieresis.glif","\/onyx.ufo\/glyphs\/O_grave.glif":"\/onyx.ufo\/glyphs\/O_grave.glif","\/onyx.ufo\/glyphs\/O_slash.glif":"\/onyx.ufo\/glyphs\/O_slash.glif","\/onyx.ufo\/glyphs\/O_tilde.glif":"\/onyx.ufo\/glyphs\/O_tilde.glif","\/onyx.ufo\/glyphs\/P_.glif":"\/onyx.ufo\/glyphs\/P_.glif","\/onyx.ufo\/glyphs\/Q_.glif":"\/onyx.ufo\/glyphs\/Q_.glif","\/onyx.ufo\/glyphs\/R_.glif":"\/onyx.ufo\/glyphs\/R_.glif","\/onyx.ufo\/glyphs\/S_.glif":"\/onyx.ufo\/glyphs\/S_.glif","\/onyx.ufo\/glyphs\/S_caron.glif":"\/onyx.ufo\/glyphs\/S_caron.glif","\/onyx.ufo\/glyphs\/T_.glif":"\/onyx.ufo\/glyphs\/T_.glif","\/onyx.ufo\/glyphs\/T_horn.glif":"\/onyx.ufo\/glyphs\/T_horn.glif","\/onyx.ufo\/glyphs\/U_.glif":"\/onyx.ufo\/glyphs\/U_.glif","\/onyx.ufo\/glyphs\/U_acute.glif":"\/onyx.ufo\/glyphs\/U_acute.glif","\/onyx.ufo\/glyphs\/U_circumflex.glif":"\/onyx.ufo\/glyphs\/U_circumflex.glif","\/onyx.ufo\/glyphs\/U_dieresis.glif":"\/onyx.ufo\/glyphs\/U_dieresis.glif","\/onyx.ufo\/glyphs\/U_grave.glif":"\/onyx.ufo\/glyphs\/U_grave.glif","\/onyx.ufo\/glyphs\/V_.glif":"\/onyx.ufo\/glyphs\/V_.glif","\/onyx.ufo\/glyphs\/W_.glif":"\/onyx.ufo\/glyphs\/W_.glif","\/onyx.ufo\/glyphs\/X_.glif":"\/onyx.ufo\/glyphs\/X_.glif","\/onyx.ufo\/glyphs\/Y_.glif":"\/onyx.ufo\/glyphs\/Y_.glif","\/onyx.ufo\/glyphs\/Y_acute.glif":"\/onyx.ufo\/glyphs\/Y_acute.glif","\/onyx.ufo\/glyphs\/Y_dieresis.glif":"\/onyx.ufo\/glyphs\/Y_dieresis.glif","\/onyx.ufo\/glyphs\/Z_.glif":"\/onyx.ufo\/glyphs\/Z_.glif","\/onyx.ufo\/glyphs\/Z_caron.glif":"\/onyx.ufo\/glyphs\/Z_caron.glif","\/onyx.ufo\/glyphs\/a.glif":"\/onyx.ufo\/glyphs\/a.glif","\/onyx.ufo\/glyphs\/aacute.glif":"\/onyx.ufo\/glyphs\/aacute.glif","\/onyx.ufo\/glyphs\/acircumflex.glif":"\/onyx.ufo\/glyphs\/acircumflex.glif","\/onyx.ufo\/glyphs\/acute.glif":"\/onyx.ufo\/glyphs\/acute.glif","\/onyx.ufo\/glyphs\/adieresis.glif":"\/onyx.ufo\/glyphs\/adieresis.glif","\/onyx.ufo\/glyphs\/ae.glif":"\/onyx.ufo\/glyphs\/ae.glif","\/onyx.ufo\/glyphs\/agrave.glif":"\/onyx.ufo\/glyphs\/agrave.glif","\/onyx.ufo\/glyphs\/ampersand.glif":"\/onyx.ufo\/glyphs\/ampersand.glif","\/onyx.ufo\/glyphs\/aring.glif":"\/onyx.ufo\/glyphs\/aring.glif","\/onyx.ufo\/glyphs\/asciicircum.glif":"\/onyx.ufo\/glyphs\/asciicircum.glif","\/onyx.ufo\/glyphs\/asciitilde.glif":"\/onyx.ufo\/glyphs\/asciitilde.glif","\/onyx.ufo\/glyphs\/asterisk.glif":"\/onyx.ufo\/glyphs\/asterisk.glif","\/onyx.ufo\/glyphs\/at.glif":"\/onyx.ufo\/glyphs\/at.glif","\/onyx.ufo\/glyphs\/atilde.glif":"\/onyx.ufo\/glyphs\/atilde.glif","\/onyx.ufo\/glyphs\/b.glif":"\/onyx.ufo\/glyphs\/b.glif","\/onyx.ufo\/glyphs\/backslash.glif":"\/onyx.ufo\/glyphs\/backslash.glif","\/onyx.ufo\/glyphs\/bar.glif":"\/onyx.ufo\/glyphs\/bar.glif","\/onyx.ufo\/glyphs\/braceleft.glif":"\/onyx.ufo\/glyphs\/braceleft.glif","\/onyx.ufo\/glyphs\/braceright.glif":"\/onyx.ufo\/glyphs\/braceright.glif","\/onyx.ufo\/glyphs\/bracketleft.glif":"\/onyx.ufo\/glyphs\/bracketleft.glif","\/onyx.ufo\/glyphs\/bracketright.glif":"\/onyx.ufo\/glyphs\/bracketright.glif","\/onyx.ufo\/glyphs\/breve.glif":"\/onyx.ufo\/glyphs\/breve.glif","\/onyx.ufo\/glyphs\/brokenbar.glif":"\/onyx.ufo\/glyphs\/brokenbar.glif","\/onyx.ufo\/glyphs\/bullet.glif":"\/onyx.ufo\/glyphs\/bullet.glif","\/onyx.ufo\/glyphs\/c.glif":"\/onyx.ufo\/glyphs\/c.glif","\/onyx.ufo\/glyphs\/caron.glif":"\/onyx.ufo\/glyphs\/caron.glif","\/onyx.ufo\/glyphs\/ccedilla.glif":"\/onyx.ufo\/glyphs\/ccedilla.glif","\/onyx.ufo\/glyphs\/cedilla.glif":"\/onyx.ufo\/glyphs\/cedilla.glif","\/onyx.ufo\/glyphs\/cent.glif":"\/onyx.ufo\/glyphs\/cent.glif","\/onyx.ufo\/glyphs\/circumflex.glif":"\/onyx.ufo\/glyphs\/circumflex.glif","\/onyx.ufo\/glyphs\/colon.glif":"\/onyx.ufo\/glyphs\/colon.glif","\/onyx.ufo\/glyphs\/comma.glif":"\/onyx.ufo\/glyphs\/comma.glif","\/onyx.ufo\/glyphs\/contents.plist":"\/onyx.ufo\/glyphs\/contents.plist","\/onyx.ufo\/glyphs\/copyright.glif":"\/onyx.ufo\/glyphs\/copyright.glif","\/onyx.ufo\/glyphs\/currency.glif":"\/onyx.ufo\/glyphs\/currency.glif","\/onyx.ufo\/glyphs\/d.glif":"\/onyx.ufo\/glyphs\/d.glif","\/onyx.ufo\/glyphs\/dagger.glif":"\/onyx.ufo\/glyphs\/dagger.glif","\/onyx.ufo\/glyphs\/daggerdbl.glif":"\/onyx.ufo\/glyphs\/daggerdbl.glif","\/onyx.ufo\/glyphs\/degree.glif":"\/onyx.ufo\/glyphs\/degree.glif","\/onyx.ufo\/glyphs\/dieresis.glif":"\/onyx.ufo\/glyphs\/dieresis.glif","\/onyx.ufo\/glyphs\/divide.glif":"\/onyx.ufo\/glyphs\/divide.glif","\/onyx.ufo\/glyphs\/dollar.glif":"\/onyx.ufo\/glyphs\/dollar.glif","\/onyx.ufo\/glyphs\/dotaccent.glif":"\/onyx.ufo\/glyphs\/dotaccent.glif","\/onyx.ufo\/glyphs\/dotlessi.glif":"\/onyx.ufo\/glyphs\/dotlessi.glif","\/onyx.ufo\/glyphs\/e.glif":"\/onyx.ufo\/glyphs\/e.glif","\/onyx.ufo\/glyphs\/eacute.glif":"\/onyx.ufo\/glyphs\/eacute.glif","\/onyx.ufo\/glyphs\/ecircumflex.glif":"\/onyx.ufo\/glyphs\/ecircumflex.glif","\/onyx.ufo\/glyphs\/edieresis.glif":"\/onyx.ufo\/glyphs\/edieresis.glif","\/onyx.ufo\/glyphs\/egrave.glif":"\/onyx.ufo\/glyphs\/egrave.glif","\/onyx.ufo\/glyphs\/eight.glif":"\/onyx.ufo\/glyphs\/eight.glif","\/onyx.ufo\/glyphs\/ellipsis.glif":"\/onyx.ufo\/glyphs\/ellipsis.glif","\/onyx.ufo\/glyphs\/emdash.glif":"\/onyx.ufo\/glyphs\/emdash.glif","\/onyx.ufo\/glyphs\/endash.glif":"\/onyx.ufo\/glyphs\/endash.glif","\/onyx.ufo\/glyphs\/equal.glif":"\/onyx.ufo\/glyphs\/equal.glif","\/onyx.ufo\/glyphs\/eth.glif":"\/onyx.ufo\/glyphs\/eth.glif","\/onyx.ufo\/glyphs\/exclam.glif":"\/onyx.ufo\/glyphs\/exclam.glif","\/onyx.ufo\/glyphs\/exclamdown.glif":"\/onyx.ufo\/glyphs\/exclamdown.glif","\/onyx.ufo\/glyphs\/f.glif":"\/onyx.ufo\/glyphs\/f.glif","\/onyx.ufo\/glyphs\/fi.glif":"\/onyx.ufo\/glyphs\/fi.glif","\/onyx.ufo\/glyphs\/five.glif":"\/onyx.ufo\/glyphs\/five.glif","\/onyx.ufo\/glyphs\/fl.glif":"\/onyx.ufo\/glyphs\/fl.glif","\/onyx.ufo\/glyphs\/florin.glif":"\/onyx.ufo\/glyphs\/florin.glif","\/onyx.ufo\/glyphs\/four.glif":"\/onyx.ufo\/glyphs\/four.glif","\/onyx.ufo\/glyphs\/fraction.glif":"\/onyx.ufo\/glyphs\/fraction.glif","\/onyx.ufo\/glyphs\/g.glif":"\/onyx.ufo\/glyphs\/g.glif","\/onyx.ufo\/glyphs\/germandbls.glif":"\/onyx.ufo\/glyphs\/germandbls.glif","\/onyx.ufo\/glyphs\/grave.glif":"\/onyx.ufo\/glyphs\/grave.glif","\/onyx.ufo\/glyphs\/greater.glif":"\/onyx.ufo\/glyphs\/greater.glif","\/onyx.ufo\/glyphs\/guillemotleft.glif":"\/onyx.ufo\/glyphs\/guillemotleft.glif","\/onyx.ufo\/glyphs\/guillemotright.glif":"\/onyx.ufo\/glyphs\/guillemotright.glif","\/onyx.ufo\/glyphs\/guilsinglleft.glif":"\/onyx.ufo\/glyphs\/guilsinglleft.glif","\/onyx.ufo\/glyphs\/guilsinglright.glif":"\/onyx.ufo\/glyphs\/guilsinglright.glif","\/onyx.ufo\/glyphs\/h.glif":"\/onyx.ufo\/glyphs\/h.glif","\/onyx.ufo\/glyphs\/hungarumlaut.glif":"\/onyx.ufo\/glyphs\/hungarumlaut.glif","\/onyx.ufo\/glyphs\/hyphen.glif":"\/onyx.ufo\/glyphs\/hyphen.glif","\/onyx.ufo\/glyphs\/i.glif":"\/onyx.ufo\/glyphs\/i.glif","\/onyx.ufo\/glyphs\/iacute.glif":"\/onyx.ufo\/glyphs\/iacute.glif","\/onyx.ufo\/glyphs\/icircumflex.glif":"\/onyx.ufo\/glyphs\/icircumflex.glif","\/onyx.ufo\/glyphs\/idieresis.glif":"\/onyx.ufo\/glyphs\/idieresis.glif","\/onyx.ufo\/glyphs\/igrave.glif":"\/onyx.ufo\/glyphs\/igrave.glif","\/onyx.ufo\/glyphs\/j.glif":"\/onyx.ufo\/glyphs\/j.glif","\/onyx.ufo\/glyphs\/k.glif":"\/onyx.ufo\/glyphs\/k.glif","\/onyx.ufo\/glyphs\/l.glif":"\/onyx.ufo\/glyphs\/l.glif","\/onyx.ufo\/glyphs\/less.glif":"\/onyx.ufo\/glyphs\/less.glif","\/onyx.ufo\/glyphs\/logicalnot.glif":"\/onyx.ufo\/glyphs\/logicalnot.glif","\/onyx.ufo\/glyphs\/lslash.glif":"\/onyx.ufo\/glyphs\/lslash.glif","\/onyx.ufo\/glyphs\/m.glif":"\/onyx.ufo\/glyphs\/m.glif","\/onyx.ufo\/glyphs\/macron.glif":"\/onyx.ufo\/glyphs\/macron.glif","\/onyx.ufo\/glyphs\/minus.glif":"\/onyx.ufo\/glyphs\/minus.glif","\/onyx.ufo\/glyphs\/mu.glif":"\/onyx.ufo\/glyphs\/mu.glif","\/onyx.ufo\/glyphs\/multiply.glif":"\/onyx.ufo\/glyphs\/multiply.glif","\/onyx.ufo\/glyphs\/n.glif":"\/onyx.ufo\/glyphs\/n.glif","\/onyx.ufo\/glyphs\/nine.glif":"\/onyx.ufo\/glyphs\/nine.glif","\/onyx.ufo\/glyphs\/ntilde.glif":"\/onyx.ufo\/glyphs\/ntilde.glif","\/onyx.ufo\/glyphs\/numbersign.glif":"\/onyx.ufo\/glyphs\/numbersign.glif","\/onyx.ufo\/glyphs\/o.glif":"\/onyx.ufo\/glyphs\/o.glif","\/onyx.ufo\/glyphs\/oacute.glif":"\/onyx.ufo\/glyphs\/oacute.glif","\/onyx.ufo\/glyphs\/ocircumflex.glif":"\/onyx.ufo\/glyphs\/ocircumflex.glif","\/onyx.ufo\/glyphs\/odieresis.glif":"\/onyx.ufo\/glyphs\/odieresis.glif","\/onyx.ufo\/glyphs\/oe.glif":"\/onyx.ufo\/glyphs\/oe.glif","\/onyx.ufo\/glyphs\/ogonek.glif":"\/onyx.ufo\/glyphs\/ogonek.glif","\/onyx.ufo\/glyphs\/ograve.glif":"\/onyx.ufo\/glyphs\/ograve.glif","\/onyx.ufo\/glyphs\/one.glif":"\/onyx.ufo\/glyphs\/one.glif","\/onyx.ufo\/glyphs\/onehalf.glif":"\/onyx.ufo\/glyphs\/onehalf.glif","\/onyx.ufo\/glyphs\/onequarter.glif":"\/onyx.ufo\/glyphs\/onequarter.glif","\/onyx.ufo\/glyphs\/onesuperior.glif":"\/onyx.ufo\/glyphs\/onesuperior.glif","\/onyx.ufo\/glyphs\/ordfeminine.glif":"\/onyx.ufo\/glyphs\/ordfeminine.glif","\/onyx.ufo\/glyphs\/ordmasculine.glif":"\/onyx.ufo\/glyphs\/ordmasculine.glif","\/onyx.ufo\/glyphs\/oslash.glif":"\/onyx.ufo\/glyphs\/oslash.glif","\/onyx.ufo\/glyphs\/otilde.glif":"\/onyx.ufo\/glyphs\/otilde.glif","\/onyx.ufo\/glyphs\/p.glif":"\/onyx.ufo\/glyphs\/p.glif","\/onyx.ufo\/glyphs\/paragraph.glif":"\/onyx.ufo\/glyphs\/paragraph.glif","\/onyx.ufo\/glyphs\/parenleft.glif":"\/onyx.ufo\/glyphs\/parenleft.glif","\/onyx.ufo\/glyphs\/parenright.glif":"\/onyx.ufo\/glyphs\/parenright.glif","\/onyx.ufo\/glyphs\/percent.glif":"\/onyx.ufo\/glyphs\/percent.glif","\/onyx.ufo\/glyphs\/period.glif":"\/onyx.ufo\/glyphs\/period.glif","\/onyx.ufo\/glyphs\/periodcentered.glif":"\/onyx.ufo\/glyphs\/periodcentered.glif","\/onyx.ufo\/glyphs\/perthousand.glif":"\/onyx.ufo\/glyphs\/perthousand.glif","\/onyx.ufo\/glyphs\/plus.glif":"\/onyx.ufo\/glyphs\/plus.glif","\/onyx.ufo\/glyphs\/plusminus.glif":"\/onyx.ufo\/glyphs\/plusminus.glif","\/onyx.ufo\/glyphs\/q.glif":"\/onyx.ufo\/glyphs\/q.glif","\/onyx.ufo\/glyphs\/question.glif":"\/onyx.ufo\/glyphs\/question.glif","\/onyx.ufo\/glyphs\/questiondown.glif":"\/onyx.ufo\/glyphs\/questiondown.glif","\/onyx.ufo\/glyphs\/quotedbl.glif":"\/onyx.ufo\/glyphs\/quotedbl.glif","\/onyx.ufo\/glyphs\/quotedblbase.glif":"\/onyx.ufo\/glyphs\/quotedblbase.glif","\/onyx.ufo\/glyphs\/quotedblleft.glif":"\/onyx.ufo\/glyphs\/quotedblleft.glif","\/onyx.ufo\/glyphs\/quotedblright.glif":"\/onyx.ufo\/glyphs\/quotedblright.glif","\/onyx.ufo\/glyphs\/quoteleft.glif":"\/onyx.ufo\/glyphs\/quoteleft.glif","\/onyx.ufo\/glyphs\/quoteright.glif":"\/onyx.ufo\/glyphs\/quoteright.glif","\/onyx.ufo\/glyphs\/quotesinglbase.glif":"\/onyx.ufo\/glyphs\/quotesinglbase.glif","\/onyx.ufo\/glyphs\/quotesingle.glif":"\/onyx.ufo\/glyphs\/quotesingle.glif","\/onyx.ufo\/glyphs\/r.glif":"\/onyx.ufo\/glyphs\/r.glif","\/onyx.ufo\/glyphs\/registered.glif":"\/onyx.ufo\/glyphs\/registered.glif","\/onyx.ufo\/glyphs\/ring.glif":"\/onyx.ufo\/glyphs\/ring.glif","\/onyx.ufo\/glyphs\/s.glif":"\/onyx.ufo\/glyphs\/s.glif","\/onyx.ufo\/glyphs\/scaron.glif":"\/onyx.ufo\/glyphs\/scaron.glif","\/onyx.ufo\/glyphs\/section.glif":"\/onyx.ufo\/glyphs\/section.glif","\/onyx.ufo\/glyphs\/semicolon.glif":"\/onyx.ufo\/glyphs\/semicolon.glif","\/onyx.ufo\/glyphs\/seven.glif":"\/onyx.ufo\/glyphs\/seven.glif","\/onyx.ufo\/glyphs\/six.glif":"\/onyx.ufo\/glyphs\/six.glif","\/onyx.ufo\/glyphs\/slash.glif":"\/onyx.ufo\/glyphs\/slash.glif","\/onyx.ufo\/glyphs\/space.glif":"\/onyx.ufo\/glyphs\/space.glif","\/onyx.ufo\/glyphs\/sterling.glif":"\/onyx.ufo\/glyphs\/sterling.glif","\/onyx.ufo\/glyphs\/t.glif":"\/onyx.ufo\/glyphs\/t.glif","\/onyx.ufo\/glyphs\/thorn.glif":"\/onyx.ufo\/glyphs\/thorn.glif","\/onyx.ufo\/glyphs\/three.glif":"\/onyx.ufo\/glyphs\/three.glif","\/onyx.ufo\/glyphs\/threequarters.glif":"\/onyx.ufo\/glyphs\/threequarters.glif","\/onyx.ufo\/glyphs\/threesuperior.glif":"\/onyx.ufo\/glyphs\/threesuperior.glif","\/onyx.ufo\/glyphs\/tilde.glif":"\/onyx.ufo\/glyphs\/tilde.glif","\/onyx.ufo\/glyphs\/trademark.glif":"\/onyx.ufo\/glyphs\/trademark.glif","\/onyx.ufo\/glyphs\/two.glif":"\/onyx.ufo\/glyphs\/two.glif","\/onyx.ufo\/glyphs\/twosuperior.glif":"\/onyx.ufo\/glyphs\/twosuperior.glif","\/onyx.ufo\/glyphs\/u.glif":"\/onyx.ufo\/glyphs\/u.glif","\/onyx.ufo\/glyphs\/uacute.glif":"\/onyx.ufo\/glyphs\/uacute.glif","\/onyx.ufo\/glyphs\/ucircumflex.glif":"\/onyx.ufo\/glyphs\/ucircumflex.glif","\/onyx.ufo\/glyphs\/udieresis.glif":"\/onyx.ufo\/glyphs\/udieresis.glif","\/onyx.ufo\/glyphs\/ugrave.glif":"\/onyx.ufo\/glyphs\/ugrave.glif","\/onyx.ufo\/glyphs\/underscore.glif":"\/onyx.ufo\/glyphs\/underscore.glif","\/onyx.ufo\/glyphs\/v.glif":"\/onyx.ufo\/glyphs\/v.glif","\/onyx.ufo\/glyphs\/w.glif":"\/onyx.ufo\/glyphs\/w.glif","\/onyx.ufo\/glyphs\/x.glif":"\/onyx.ufo\/glyphs\/x.glif","\/onyx.ufo\/glyphs\/y.glif":"\/onyx.ufo\/glyphs\/y.glif","\/onyx.ufo\/glyphs\/yacute.glif":"\/onyx.ufo\/glyphs\/yacute.glif","\/onyx.ufo\/glyphs\/ydieresis.glif":"\/onyx.ufo\/glyphs\/ydieresis.glif","\/onyx.ufo\/glyphs\/yen.glif":"\/onyx.ufo\/glyphs\/yen.glif","\/onyx.ufo\/glyphs\/z.glif":"\/onyx.ufo\/glyphs\/z.glif","\/onyx.ufo\/glyphs\/zcaron.glif":"\/onyx.ufo\/glyphs\/zcaron.glif","\/onyx.ufo\/glyphs\/zero.glif":"\/onyx.ufo\/glyphs\/zero.glif"},"Font":{"uploaded":1489163217.5302,"licence":"gpl3","company":"Chronolabs Cooperative","title":"Onyx BT Regular","version":3.002,"date":"Fri Nov 25 23:09:32 2016","creator":"root","type":"1","matrix":"0.001 0 0 0.001 0 0","named":"OnyxBT-Regular","painttype":"0","info":"9 dict dup","name":"Onyx","family":"Onyx","weight":"Medium","italicangle":"0","underlineposition":"","underlinethickness":""},"Licences":{"":false},"Table":{"FFTM":{"entryLength":16,"tag":"FFTM","checksum":1962497992,"offset":22096,"length":28},"GDEF":{"entryLength":16,"tag":"GDEF","checksum":18153478,"offset":22064,"length":32},"OS\/2":{"entryLength":16,"tag":"OS\/2","checksum":1472338654,"offset":344,"length":86},"cmap":{"entryLength":16,"tag":"cmap","checksum":944187903,"offset":1360,"length":960},"gasp":{"entryLength":16,"tag":"gasp","checksum":4294901763,"offset":22056,"length":8},"glyf":{"entryLength":16,"tag":"glyf","checksum":2279496390,"offset":2788,"length":18044},"head":{"entryLength":16,"tag":"head","checksum":187599001,"offset":220,"length":54},"hhea":{"entryLength":16,"tag":"hhea","checksum":121176895,"offset":276,"length":36},"hmtx":{"entryLength":16,"tag":"hmtx","checksum":1614618077,"offset":432,"length":928},"loca":{"entryLength":16,"tag":"loca","checksum":2791478710,"offset":2320,"length":466},"maxp":{"entryLength":16,"tag":"maxp","checksum":20381875,"offset":312,"length":32},"name":{"entryLength":16,"tag":"name","checksum":1837283189,"offset":20832,"length":717},"post":{"entryLength":16,"tag":"post","checksum":2911545707,"offset":21552,"length":503}},"UnicodeCharMap":{"32":3,"33":4,"34":5,"35":6,"36":7,"37":8,"38":9,"39":106,"40":11,"41":12,"42":13,"43":14,"44":15,"45":16,"46":17,"47":18,"48":19,"49":20,"50":21,"51":22,"52":23,"53":24,"54":25,"55":26,"56":27,"57":28,"58":29,"59":30,"60":31,"61":32,"62":33,"63":34,"64":35,"65":36,"66":37,"67":38,"68":39,"69":40,"70":41,"71":42,"72":43,"73":44,"74":45,"75":46,"76":47,"77":48,"78":49,"79":50,"80":51,"81":52,"82":53,"83":54,"84":55,"85":56,"86":57,"87":58,"88":59,"89":60,"90":61,"91":62,"92":63,"93":64,"94":65,"95":66,"96":126,"97":68,"98":69,"99":70,"100":71,"101":72,"102":73,"103":74,"104":75,"105":76,"106":77,"107":78,"108":79,"109":80,"110":81,"111":82,"112":83,"113":84,"114":85,"115":86,"116":87,"117":88,"118":89,"119":90,"120":91,"121":92,"122":93,"123":94,"124":95,"125":96,"126":97,"161":98,"162":99,"163":100,"164":105,"165":102,"166":190,"167":104,"168":133,"169":192,"170":141,"171":108,"172":204,"174":218,"175":130,"176":193,"177":217,"178":224,"179":222,"180":127,"182":117,"183":116,"184":135,"185":215,"186":145,"187":122,"188":214,"189":213,"190":221,"191":125,"192":155,"193":152,"194":153,"195":157,"196":154,"197":156,"198":140,"199":158,"200":162,"201":159,"202":160,"203":161,"204":168,"205":165,"206":166,"207":167,"208":163,"209":169,"210":173,"211":170,"212":171,"213":174,"214":172,"215":207,"216":143,"217":180,"218":177,"219":178,"220":179,"221":181,"222":176,"223":151,"224":187,"225":184,"226":185,"227":189,"228":186,"229":188,"230":146,"231":191,"232":198,"233":195,"234":196,"235":197,"236":203,"237":200,"238":201,"239":202,"240":199,"241":208,"242":212,"243":209,"244":210,"245":216,"246":211,"247":194,"248":149,"249":228,"250":225,"251":226,"252":227,"253":229,"254":220,"255":230,"305":147,"321":142,"322":148,"338":144,"339":150,"352":175,"353":219,"376":182,"381":183,"382":231,"402":103,"710":128,"711":138,"728":131,"729":132,"730":134,"731":137,"732":129,"733":136,"956":206,"8211":113,"8212":139,"8216":67,"8217":10,"8218":119,"8220":107,"8221":121,"8222":120,"8224":114,"8225":115,"8226":118,"8230":123,"8240":124,"8249":109,"8250":110,"8260":101,"8364":164,"8482":223,"8722":205,"64257":111,"64258":112},"Reserves":{"fontname":"Onyx"},"Names":{"Onyx":{"name":"Onyx","longitude":"0.00000001","latitude":"0.00000001","country":"","region":"","city":""}},"Nodes":{"on":{"type":"typal","node":"on","usage":1,"weight":1},"yx":{"type":"typal","node":"yx","usage":1,"weight":1},"ony":{"type":"typal","node":"ony","usage":1,"weight":1},"nyx":{"type":"typal","node":"nyx","usage":1,"weight":1},"onyx":{"type":"fixes","node":"onyx","usage":1,"weight":1}},"Contributors":[],"FontIdentity":"zinc77:9750b6d17563f09d3e1aa6e25","Bytes":null,"Networking":[],"barcode":"aO11AueGmOKGO","referee":"oauum"}