{"CSS":{"BaaBookHmk":"BaaBookHmk.css","Baa Book Hmk":"tibbsbones:272974c4efc6ee4bf6b5a.css"},"FontType":"TrueType","FontCopyright":"(c) Copyright 1998, Hallmark Cards, Inc. All rights reserved. This font is authorized for use by official Hallmark Cards licensees only, and may not be copied or distributed. ","FontName":"BaaBookHmk","FontSubfamily":"BookHmk","FontSubfamilyID":"FontForge 2.0 : BaaBookHmk : 28-8-2016","FontFullName":"Baa Book Hmk","FontVersion":"Version Macromedia Fontograp ","FontWeight":null,"FontPostscriptName":"BaaBookHmk","Files":{"\/BaaBookHmk.css":"\/BaaBookHmk.css","\/baabookhmk.afm":"\/baabookhmk.afm","\/baabookhmk.cef":"\/baabookhmk.cef","\/baabookhmk.cff":"\/baabookhmk.cff","\/baabookhmk.eot":"\/baabookhmk.eot","\/baabookhmk.gai":"\/baabookhmk.gai","\/baabookhmk.gsf":"\/baabookhmk.gsf","\/baabookhmk.otf":"\/baabookhmk.otf","\/baabookhmk.pf3":"\/baabookhmk.pf3","\/baabookhmk.pfa":"\/baabookhmk.pfa","\/baabookhmk.pfb":"\/baabookhmk.pfb","\/baabookhmk.php":"\/baabookhmk.php","\/baabookhmk.pt3":"\/baabookhmk.pt3","\/baabookhmk.sfd":"\/baabookhmk.sfd","\/baabookhmk.svg":"\/baabookhmk.svg","\/baabookhmk.t42":"\/baabookhmk.t42","\/baabookhmk.ttd":"\/baabookhmk.ttd","\/baabookhmk.ttf":"\/baabookhmk.ttf","\/baabookhmk.ttg":"\/baabookhmk.ttg","\/baabookhmk.ufm":"\/baabookhmk.ufm","\/baabookhmk.woff":"\/baabookhmk.woff","\/baabookhmk.z":"\/baabookhmk.z","\/font-resource.json":"\/font-resource.json","\/baabookhmk.ufo\/feature.fea":"\/baabookhmk.ufo\/feature.fea","\/baabookhmk.ufo\/fontinfo.plist":"\/baabookhmk.ufo\/fontinfo.plist","\/baabookhmk.ufo\/groups.plist":"\/baabookhmk.ufo\/groups.plist","\/baabookhmk.ufo\/kerning.plist":"\/baabookhmk.ufo\/kerning.plist","\/baabookhmk.ufo\/metainfo.plist":"\/baabookhmk.ufo\/metainfo.plist","\/baabookhmk.ufo\/glyphs\/A_.glif":"\/baabookhmk.ufo\/glyphs\/A_.glif","\/baabookhmk.ufo\/glyphs\/A_E_.glif":"\/baabookhmk.ufo\/glyphs\/A_E_.glif","\/baabookhmk.ufo\/glyphs\/A_acute.glif":"\/baabookhmk.ufo\/glyphs\/A_acute.glif","\/baabookhmk.ufo\/glyphs\/A_circumflex.glif":"\/baabookhmk.ufo\/glyphs\/A_circumflex.glif","\/baabookhmk.ufo\/glyphs\/A_dieresis.glif":"\/baabookhmk.ufo\/glyphs\/A_dieresis.glif","\/baabookhmk.ufo\/glyphs\/A_grave.glif":"\/baabookhmk.ufo\/glyphs\/A_grave.glif","\/baabookhmk.ufo\/glyphs\/A_ring.glif":"\/baabookhmk.ufo\/glyphs\/A_ring.glif","\/baabookhmk.ufo\/glyphs\/A_tilde.glif":"\/baabookhmk.ufo\/glyphs\/A_tilde.glif","\/baabookhmk.ufo\/glyphs\/B_.glif":"\/baabookhmk.ufo\/glyphs\/B_.glif","\/baabookhmk.ufo\/glyphs\/C_.glif":"\/baabookhmk.ufo\/glyphs\/C_.glif","\/baabookhmk.ufo\/glyphs\/C_cedilla.glif":"\/baabookhmk.ufo\/glyphs\/C_cedilla.glif","\/baabookhmk.ufo\/glyphs\/D_.glif":"\/baabookhmk.ufo\/glyphs\/D_.glif","\/baabookhmk.ufo\/glyphs\/E_.glif":"\/baabookhmk.ufo\/glyphs\/E_.glif","\/baabookhmk.ufo\/glyphs\/E_acute.glif":"\/baabookhmk.ufo\/glyphs\/E_acute.glif","\/baabookhmk.ufo\/glyphs\/E_circumflex.glif":"\/baabookhmk.ufo\/glyphs\/E_circumflex.glif","\/baabookhmk.ufo\/glyphs\/E_dieresis.glif":"\/baabookhmk.ufo\/glyphs\/E_dieresis.glif","\/baabookhmk.ufo\/glyphs\/E_grave.glif":"\/baabookhmk.ufo\/glyphs\/E_grave.glif","\/baabookhmk.ufo\/glyphs\/F_.glif":"\/baabookhmk.ufo\/glyphs\/F_.glif","\/baabookhmk.ufo\/glyphs\/G_.glif":"\/baabookhmk.ufo\/glyphs\/G_.glif","\/baabookhmk.ufo\/glyphs\/H_.glif":"\/baabookhmk.ufo\/glyphs\/H_.glif","\/baabookhmk.ufo\/glyphs\/H_T_.glif":"\/baabookhmk.ufo\/glyphs\/H_T_.glif","\/baabookhmk.ufo\/glyphs\/I_.glif":"\/baabookhmk.ufo\/glyphs\/I_.glif","\/baabookhmk.ufo\/glyphs\/I_acute.glif":"\/baabookhmk.ufo\/glyphs\/I_acute.glif","\/baabookhmk.ufo\/glyphs\/I_circumflex.glif":"\/baabookhmk.ufo\/glyphs\/I_circumflex.glif","\/baabookhmk.ufo\/glyphs\/I_dieresis.glif":"\/baabookhmk.ufo\/glyphs\/I_dieresis.glif","\/baabookhmk.ufo\/glyphs\/I_grave.glif":"\/baabookhmk.ufo\/glyphs\/I_grave.glif","\/baabookhmk.ufo\/glyphs\/J_.glif":"\/baabookhmk.ufo\/glyphs\/J_.glif","\/baabookhmk.ufo\/glyphs\/K_.glif":"\/baabookhmk.ufo\/glyphs\/K_.glif","\/baabookhmk.ufo\/glyphs\/L_.glif":"\/baabookhmk.ufo\/glyphs\/L_.glif","\/baabookhmk.ufo\/glyphs\/M_.glif":"\/baabookhmk.ufo\/glyphs\/M_.glif","\/baabookhmk.ufo\/glyphs\/N_.glif":"\/baabookhmk.ufo\/glyphs\/N_.glif","\/baabookhmk.ufo\/glyphs\/N_tilde.glif":"\/baabookhmk.ufo\/glyphs\/N_tilde.glif","\/baabookhmk.ufo\/glyphs\/O_.glif":"\/baabookhmk.ufo\/glyphs\/O_.glif","\/baabookhmk.ufo\/glyphs\/O_E_.glif":"\/baabookhmk.ufo\/glyphs\/O_E_.glif","\/baabookhmk.ufo\/glyphs\/O_acute.glif":"\/baabookhmk.ufo\/glyphs\/O_acute.glif","\/baabookhmk.ufo\/glyphs\/O_circumflex.glif":"\/baabookhmk.ufo\/glyphs\/O_circumflex.glif","\/baabookhmk.ufo\/glyphs\/O_dieresis.glif":"\/baabookhmk.ufo\/glyphs\/O_dieresis.glif","\/baabookhmk.ufo\/glyphs\/O_grave.glif":"\/baabookhmk.ufo\/glyphs\/O_grave.glif","\/baabookhmk.ufo\/glyphs\/O_slash.glif":"\/baabookhmk.ufo\/glyphs\/O_slash.glif","\/baabookhmk.ufo\/glyphs\/O_tilde.glif":"\/baabookhmk.ufo\/glyphs\/O_tilde.glif","\/baabookhmk.ufo\/glyphs\/P_.glif":"\/baabookhmk.ufo\/glyphs\/P_.glif","\/baabookhmk.ufo\/glyphs\/Q_.glif":"\/baabookhmk.ufo\/glyphs\/Q_.glif","\/baabookhmk.ufo\/glyphs\/R_.glif":"\/baabookhmk.ufo\/glyphs\/R_.glif","\/baabookhmk.ufo\/glyphs\/S_.glif":"\/baabookhmk.ufo\/glyphs\/S_.glif","\/baabookhmk.ufo\/glyphs\/T_.glif":"\/baabookhmk.ufo\/glyphs\/T_.glif","\/baabookhmk.ufo\/glyphs\/U_.glif":"\/baabookhmk.ufo\/glyphs\/U_.glif","\/baabookhmk.ufo\/glyphs\/U_acute.glif":"\/baabookhmk.ufo\/glyphs\/U_acute.glif","\/baabookhmk.ufo\/glyphs\/U_circumflex.glif":"\/baabookhmk.ufo\/glyphs\/U_circumflex.glif","\/baabookhmk.ufo\/glyphs\/U_dieresis.glif":"\/baabookhmk.ufo\/glyphs\/U_dieresis.glif","\/baabookhmk.ufo\/glyphs\/U_grave.glif":"\/baabookhmk.ufo\/glyphs\/U_grave.glif","\/baabookhmk.ufo\/glyphs\/V_.glif":"\/baabookhmk.ufo\/glyphs\/V_.glif","\/baabookhmk.ufo\/glyphs\/W_.glif":"\/baabookhmk.ufo\/glyphs\/W_.glif","\/baabookhmk.ufo\/glyphs\/X_.glif":"\/baabookhmk.ufo\/glyphs\/X_.glif","\/baabookhmk.ufo\/glyphs\/Y_.glif":"\/baabookhmk.ufo\/glyphs\/Y_.glif","\/baabookhmk.ufo\/glyphs\/Y_dieresis.glif":"\/baabookhmk.ufo\/glyphs\/Y_dieresis.glif","\/baabookhmk.ufo\/glyphs\/Z_.glif":"\/baabookhmk.ufo\/glyphs\/Z_.glif","\/baabookhmk.ufo\/glyphs\/_notdef.glif":"\/baabookhmk.ufo\/glyphs\/_notdef.glif","\/baabookhmk.ufo\/glyphs\/_null.glif":"\/baabookhmk.ufo\/glyphs\/_null.glif","\/baabookhmk.ufo\/glyphs\/a.glif":"\/baabookhmk.ufo\/glyphs\/a.glif","\/baabookhmk.ufo\/glyphs\/aacute.glif":"\/baabookhmk.ufo\/glyphs\/aacute.glif","\/baabookhmk.ufo\/glyphs\/acircumflex.glif":"\/baabookhmk.ufo\/glyphs\/acircumflex.glif","\/baabookhmk.ufo\/glyphs\/acute.glif":"\/baabookhmk.ufo\/glyphs\/acute.glif","\/baabookhmk.ufo\/glyphs\/adieresis.glif":"\/baabookhmk.ufo\/glyphs\/adieresis.glif","\/baabookhmk.ufo\/glyphs\/ae.glif":"\/baabookhmk.ufo\/glyphs\/ae.glif","\/baabookhmk.ufo\/glyphs\/agrave.glif":"\/baabookhmk.ufo\/glyphs\/agrave.glif","\/baabookhmk.ufo\/glyphs\/ampersand.glif":"\/baabookhmk.ufo\/glyphs\/ampersand.glif","\/baabookhmk.ufo\/glyphs\/aring.glif":"\/baabookhmk.ufo\/glyphs\/aring.glif","\/baabookhmk.ufo\/glyphs\/asciicircum.glif":"\/baabookhmk.ufo\/glyphs\/asciicircum.glif","\/baabookhmk.ufo\/glyphs\/asciitilde.glif":"\/baabookhmk.ufo\/glyphs\/asciitilde.glif","\/baabookhmk.ufo\/glyphs\/asterisk.glif":"\/baabookhmk.ufo\/glyphs\/asterisk.glif","\/baabookhmk.ufo\/glyphs\/at.glif":"\/baabookhmk.ufo\/glyphs\/at.glif","\/baabookhmk.ufo\/glyphs\/atilde.glif":"\/baabookhmk.ufo\/glyphs\/atilde.glif","\/baabookhmk.ufo\/glyphs\/b.glif":"\/baabookhmk.ufo\/glyphs\/b.glif","\/baabookhmk.ufo\/glyphs\/backslash.glif":"\/baabookhmk.ufo\/glyphs\/backslash.glif","\/baabookhmk.ufo\/glyphs\/bar.glif":"\/baabookhmk.ufo\/glyphs\/bar.glif","\/baabookhmk.ufo\/glyphs\/braceleft.glif":"\/baabookhmk.ufo\/glyphs\/braceleft.glif","\/baabookhmk.ufo\/glyphs\/braceright.glif":"\/baabookhmk.ufo\/glyphs\/braceright.glif","\/baabookhmk.ufo\/glyphs\/bracketleft.glif":"\/baabookhmk.ufo\/glyphs\/bracketleft.glif","\/baabookhmk.ufo\/glyphs\/bracketright.glif":"\/baabookhmk.ufo\/glyphs\/bracketright.glif","\/baabookhmk.ufo\/glyphs\/brokenbar.glif":"\/baabookhmk.ufo\/glyphs\/brokenbar.glif","\/baabookhmk.ufo\/glyphs\/bullet.glif":"\/baabookhmk.ufo\/glyphs\/bullet.glif","\/baabookhmk.ufo\/glyphs\/c.glif":"\/baabookhmk.ufo\/glyphs\/c.glif","\/baabookhmk.ufo\/glyphs\/caron.glif":"\/baabookhmk.ufo\/glyphs\/caron.glif","\/baabookhmk.ufo\/glyphs\/ccedilla.glif":"\/baabookhmk.ufo\/glyphs\/ccedilla.glif","\/baabookhmk.ufo\/glyphs\/cedilla.glif":"\/baabookhmk.ufo\/glyphs\/cedilla.glif","\/baabookhmk.ufo\/glyphs\/cent.glif":"\/baabookhmk.ufo\/glyphs\/cent.glif","\/baabookhmk.ufo\/glyphs\/circumflex.glif":"\/baabookhmk.ufo\/glyphs\/circumflex.glif","\/baabookhmk.ufo\/glyphs\/colon.glif":"\/baabookhmk.ufo\/glyphs\/colon.glif","\/baabookhmk.ufo\/glyphs\/comma.glif":"\/baabookhmk.ufo\/glyphs\/comma.glif","\/baabookhmk.ufo\/glyphs\/contents.plist":"\/baabookhmk.ufo\/glyphs\/contents.plist","\/baabookhmk.ufo\/glyphs\/copyright.glif":"\/baabookhmk.ufo\/glyphs\/copyright.glif","\/baabookhmk.ufo\/glyphs\/currency.glif":"\/baabookhmk.ufo\/glyphs\/currency.glif","\/baabookhmk.ufo\/glyphs\/d.glif":"\/baabookhmk.ufo\/glyphs\/d.glif","\/baabookhmk.ufo\/glyphs\/degree.glif":"\/baabookhmk.ufo\/glyphs\/degree.glif","\/baabookhmk.ufo\/glyphs\/dieresis.glif":"\/baabookhmk.ufo\/glyphs\/dieresis.glif","\/baabookhmk.ufo\/glyphs\/divide.glif":"\/baabookhmk.ufo\/glyphs\/divide.glif","\/baabookhmk.ufo\/glyphs\/dollar.glif":"\/baabookhmk.ufo\/glyphs\/dollar.glif","\/baabookhmk.ufo\/glyphs\/dotlessi.glif":"\/baabookhmk.ufo\/glyphs\/dotlessi.glif","\/baabookhmk.ufo\/glyphs\/e.glif":"\/baabookhmk.ufo\/glyphs\/e.glif","\/baabookhmk.ufo\/glyphs\/eacute.glif":"\/baabookhmk.ufo\/glyphs\/eacute.glif","\/baabookhmk.ufo\/glyphs\/ecircumflex.glif":"\/baabookhmk.ufo\/glyphs\/ecircumflex.glif","\/baabookhmk.ufo\/glyphs\/edieresis.glif":"\/baabookhmk.ufo\/glyphs\/edieresis.glif","\/baabookhmk.ufo\/glyphs\/egrave.glif":"\/baabookhmk.ufo\/glyphs\/egrave.glif","\/baabookhmk.ufo\/glyphs\/eight.glif":"\/baabookhmk.ufo\/glyphs\/eight.glif","\/baabookhmk.ufo\/glyphs\/ellipsis.glif":"\/baabookhmk.ufo\/glyphs\/ellipsis.glif","\/baabookhmk.ufo\/glyphs\/emdash.glif":"\/baabookhmk.ufo\/glyphs\/emdash.glif","\/baabookhmk.ufo\/glyphs\/endash.glif":"\/baabookhmk.ufo\/glyphs\/endash.glif","\/baabookhmk.ufo\/glyphs\/equal.glif":"\/baabookhmk.ufo\/glyphs\/equal.glif","\/baabookhmk.ufo\/glyphs\/exclam.glif":"\/baabookhmk.ufo\/glyphs\/exclam.glif","\/baabookhmk.ufo\/glyphs\/exclamdown.glif":"\/baabookhmk.ufo\/glyphs\/exclamdown.glif","\/baabookhmk.ufo\/glyphs\/f.glif":"\/baabookhmk.ufo\/glyphs\/f.glif","\/baabookhmk.ufo\/glyphs\/five.glif":"\/baabookhmk.ufo\/glyphs\/five.glif","\/baabookhmk.ufo\/glyphs\/four.glif":"\/baabookhmk.ufo\/glyphs\/four.glif","\/baabookhmk.ufo\/glyphs\/fraction.glif":"\/baabookhmk.ufo\/glyphs\/fraction.glif","\/baabookhmk.ufo\/glyphs\/g.glif":"\/baabookhmk.ufo\/glyphs\/g.glif","\/baabookhmk.ufo\/glyphs\/germandbls.glif":"\/baabookhmk.ufo\/glyphs\/germandbls.glif","\/baabookhmk.ufo\/glyphs\/glyph1.glif":"\/baabookhmk.ufo\/glyphs\/glyph1.glif","\/baabookhmk.ufo\/glyphs\/glyph199.glif":"\/baabookhmk.ufo\/glyphs\/glyph199.glif","\/baabookhmk.ufo\/glyphs\/glyph2.glif":"\/baabookhmk.ufo\/glyphs\/glyph2.glif","\/baabookhmk.ufo\/glyphs\/grave.glif":"\/baabookhmk.ufo\/glyphs\/grave.glif","\/baabookhmk.ufo\/glyphs\/greater.glif":"\/baabookhmk.ufo\/glyphs\/greater.glif","\/baabookhmk.ufo\/glyphs\/guillemotleft.glif":"\/baabookhmk.ufo\/glyphs\/guillemotleft.glif","\/baabookhmk.ufo\/glyphs\/guillemotright.glif":"\/baabookhmk.ufo\/glyphs\/guillemotright.glif","\/baabookhmk.ufo\/glyphs\/guilsinglleft.glif":"\/baabookhmk.ufo\/glyphs\/guilsinglleft.glif","\/baabookhmk.ufo\/glyphs\/guilsinglright.glif":"\/baabookhmk.ufo\/glyphs\/guilsinglright.glif","\/baabookhmk.ufo\/glyphs\/h.glif":"\/baabookhmk.ufo\/glyphs\/h.glif","\/baabookhmk.ufo\/glyphs\/hungarumlaut.glif":"\/baabookhmk.ufo\/glyphs\/hungarumlaut.glif","\/baabookhmk.ufo\/glyphs\/hyphen.glif":"\/baabookhmk.ufo\/glyphs\/hyphen.glif","\/baabookhmk.ufo\/glyphs\/i.glif":"\/baabookhmk.ufo\/glyphs\/i.glif","\/baabookhmk.ufo\/glyphs\/iacute.glif":"\/baabookhmk.ufo\/glyphs\/iacute.glif","\/baabookhmk.ufo\/glyphs\/icircumflex.glif":"\/baabookhmk.ufo\/glyphs\/icircumflex.glif","\/baabookhmk.ufo\/glyphs\/idieresis.glif":"\/baabookhmk.ufo\/glyphs\/idieresis.glif","\/baabookhmk.ufo\/glyphs\/igrave.glif":"\/baabookhmk.ufo\/glyphs\/igrave.glif","\/baabookhmk.ufo\/glyphs\/j.glif":"\/baabookhmk.ufo\/glyphs\/j.glif","\/baabookhmk.ufo\/glyphs\/k.glif":"\/baabookhmk.ufo\/glyphs\/k.glif","\/baabookhmk.ufo\/glyphs\/l.glif":"\/baabookhmk.ufo\/glyphs\/l.glif","\/baabookhmk.ufo\/glyphs\/less.glif":"\/baabookhmk.ufo\/glyphs\/less.glif","\/baabookhmk.ufo\/glyphs\/lslash.glif":"\/baabookhmk.ufo\/glyphs\/lslash.glif","\/baabookhmk.ufo\/glyphs\/m.glif":"\/baabookhmk.ufo\/glyphs\/m.glif","\/baabookhmk.ufo\/glyphs\/minus.glif":"\/baabookhmk.ufo\/glyphs\/minus.glif","\/baabookhmk.ufo\/glyphs\/multiply.glif":"\/baabookhmk.ufo\/glyphs\/multiply.glif","\/baabookhmk.ufo\/glyphs\/n.glif":"\/baabookhmk.ufo\/glyphs\/n.glif","\/baabookhmk.ufo\/glyphs\/nine.glif":"\/baabookhmk.ufo\/glyphs\/nine.glif","\/baabookhmk.ufo\/glyphs\/nonbreakingspace.glif":"\/baabookhmk.ufo\/glyphs\/nonbreakingspace.glif","\/baabookhmk.ufo\/glyphs\/nonmarkingreturn.glif":"\/baabookhmk.ufo\/glyphs\/nonmarkingreturn.glif","\/baabookhmk.ufo\/glyphs\/ntilde.glif":"\/baabookhmk.ufo\/glyphs\/ntilde.glif","\/baabookhmk.ufo\/glyphs\/numbersign.glif":"\/baabookhmk.ufo\/glyphs\/numbersign.glif","\/baabookhmk.ufo\/glyphs\/o.glif":"\/baabookhmk.ufo\/glyphs\/o.glif","\/baabookhmk.ufo\/glyphs\/oacute.glif":"\/baabookhmk.ufo\/glyphs\/oacute.glif","\/baabookhmk.ufo\/glyphs\/ocircumflex.glif":"\/baabookhmk.ufo\/glyphs\/ocircumflex.glif","\/baabookhmk.ufo\/glyphs\/odieresis.glif":"\/baabookhmk.ufo\/glyphs\/odieresis.glif","\/baabookhmk.ufo\/glyphs\/oe.glif":"\/baabookhmk.ufo\/glyphs\/oe.glif","\/baabookhmk.ufo\/glyphs\/ograve.glif":"\/baabookhmk.ufo\/glyphs\/ograve.glif","\/baabookhmk.ufo\/glyphs\/one.glif":"\/baabookhmk.ufo\/glyphs\/one.glif","\/baabookhmk.ufo\/glyphs\/oslash.glif":"\/baabookhmk.ufo\/glyphs\/oslash.glif","\/baabookhmk.ufo\/glyphs\/otilde.glif":"\/baabookhmk.ufo\/glyphs\/otilde.glif","\/baabookhmk.ufo\/glyphs\/p.glif":"\/baabookhmk.ufo\/glyphs\/p.glif","\/baabookhmk.ufo\/glyphs\/parenleft.glif":"\/baabookhmk.ufo\/glyphs\/parenleft.glif","\/baabookhmk.ufo\/glyphs\/parenright.glif":"\/baabookhmk.ufo\/glyphs\/parenright.glif","\/baabookhmk.ufo\/glyphs\/percent.glif":"\/baabookhmk.ufo\/glyphs\/percent.glif","\/baabookhmk.ufo\/glyphs\/period.glif":"\/baabookhmk.ufo\/glyphs\/period.glif","\/baabookhmk.ufo\/glyphs\/plus.glif":"\/baabookhmk.ufo\/glyphs\/plus.glif","\/baabookhmk.ufo\/glyphs\/q.glif":"\/baabookhmk.ufo\/glyphs\/q.glif","\/baabookhmk.ufo\/glyphs\/question.glif":"\/baabookhmk.ufo\/glyphs\/question.glif","\/baabookhmk.ufo\/glyphs\/questiondown.glif":"\/baabookhmk.ufo\/glyphs\/questiondown.glif","\/baabookhmk.ufo\/glyphs\/quotedbl.glif":"\/baabookhmk.ufo\/glyphs\/quotedbl.glif","\/baabookhmk.ufo\/glyphs\/quotedblbase.glif":"\/baabookhmk.ufo\/glyphs\/quotedblbase.glif","\/baabookhmk.ufo\/glyphs\/quotedblleft.glif":"\/baabookhmk.ufo\/glyphs\/quotedblleft.glif","\/baabookhmk.ufo\/glyphs\/quotedblright.glif":"\/baabookhmk.ufo\/glyphs\/quotedblright.glif","\/baabookhmk.ufo\/glyphs\/quoteleft.glif":"\/baabookhmk.ufo\/glyphs\/quoteleft.glif","\/baabookhmk.ufo\/glyphs\/quoteright.glif":"\/baabookhmk.ufo\/glyphs\/quoteright.glif","\/baabookhmk.ufo\/glyphs\/quotesinglbase.glif":"\/baabookhmk.ufo\/glyphs\/quotesinglbase.glif","\/baabookhmk.ufo\/glyphs\/quotesingle.glif":"\/baabookhmk.ufo\/glyphs\/quotesingle.glif","\/baabookhmk.ufo\/glyphs\/r.glif":"\/baabookhmk.ufo\/glyphs\/r.glif","\/baabookhmk.ufo\/glyphs\/registered.glif":"\/baabookhmk.ufo\/glyphs\/registered.glif","\/baabookhmk.ufo\/glyphs\/ring.glif":"\/baabookhmk.ufo\/glyphs\/ring.glif","\/baabookhmk.ufo\/glyphs\/s.glif":"\/baabookhmk.ufo\/glyphs\/s.glif","\/baabookhmk.ufo\/glyphs\/semicolon.glif":"\/baabookhmk.ufo\/glyphs\/semicolon.glif","\/baabookhmk.ufo\/glyphs\/seven.glif":"\/baabookhmk.ufo\/glyphs\/seven.glif","\/baabookhmk.ufo\/glyphs\/six.glif":"\/baabookhmk.ufo\/glyphs\/six.glif","\/baabookhmk.ufo\/glyphs\/slash.glif":"\/baabookhmk.ufo\/glyphs\/slash.glif","\/baabookhmk.ufo\/glyphs\/space.glif":"\/baabookhmk.ufo\/glyphs\/space.glif","\/baabookhmk.ufo\/glyphs\/sterling.glif":"\/baabookhmk.ufo\/glyphs\/sterling.glif","\/baabookhmk.ufo\/glyphs\/t.glif":"\/baabookhmk.ufo\/glyphs\/t.glif","\/baabookhmk.ufo\/glyphs\/three.glif":"\/baabookhmk.ufo\/glyphs\/three.glif","\/baabookhmk.ufo\/glyphs\/tilde.glif":"\/baabookhmk.ufo\/glyphs\/tilde.glif","\/baabookhmk.ufo\/glyphs\/trademark.glif":"\/baabookhmk.ufo\/glyphs\/trademark.glif","\/baabookhmk.ufo\/glyphs\/two.glif":"\/baabookhmk.ufo\/glyphs\/two.glif","\/baabookhmk.ufo\/glyphs\/u.glif":"\/baabookhmk.ufo\/glyphs\/u.glif","\/baabookhmk.ufo\/glyphs\/uacute.glif":"\/baabookhmk.ufo\/glyphs\/uacute.glif","\/baabookhmk.ufo\/glyphs\/ucircumflex.glif":"\/baabookhmk.ufo\/glyphs\/ucircumflex.glif","\/baabookhmk.ufo\/glyphs\/udieresis.glif":"\/baabookhmk.ufo\/glyphs\/udieresis.glif","\/baabookhmk.ufo\/glyphs\/ugrave.glif":"\/baabookhmk.ufo\/glyphs\/ugrave.glif","\/baabookhmk.ufo\/glyphs\/underscore.glif":"\/baabookhmk.ufo\/glyphs\/underscore.glif","\/baabookhmk.ufo\/glyphs\/v.glif":"\/baabookhmk.ufo\/glyphs\/v.glif","\/baabookhmk.ufo\/glyphs\/w.glif":"\/baabookhmk.ufo\/glyphs\/w.glif","\/baabookhmk.ufo\/glyphs\/x.glif":"\/baabookhmk.ufo\/glyphs\/x.glif","\/baabookhmk.ufo\/glyphs\/y.glif":"\/baabookhmk.ufo\/glyphs\/y.glif","\/baabookhmk.ufo\/glyphs\/ydieresis.glif":"\/baabookhmk.ufo\/glyphs\/ydieresis.glif","\/baabookhmk.ufo\/glyphs\/z.glif":"\/baabookhmk.ufo\/glyphs\/z.glif","\/baabookhmk.ufo\/glyphs\/zero.glif":"\/baabookhmk.ufo\/glyphs\/zero.glif"},"Font":{"uploaded":1472672714.3792,"licence":"gpl3","company":"Chronolabs Cooperative","title":"Baa Book Hmk","version":3.002,"date":"Sun Aug 28 07:59:37 2016","creator":"root","type":"1","matrix":"0.001 0 0 0.001 0 0","named":"BaaBookHmk","painttype":"0","info":"10 dict dup","name":"BaaBookHmk","family":"BaaBookHmk","weight":"Book","fstype":"1","italicangle":"0","underlineposition":"","underlinethickness":""},"Licences":{"":false},"Table":{"FFTM":{"entryLength":16,"tag":"FFTM","checksum":1947016802,"offset":33128,"length":28},"GDEF":{"entryLength":16,"tag":"GDEF","checksum":16056324,"offset":33096,"length":32},"OS\/2":{"entryLength":16,"tag":"OS\/2","checksum":1461059893,"offset":344,"length":86},"cmap":{"entryLength":16,"tag":"cmap","checksum":423481594,"offset":1232,"length":598},"gasp":{"entryLength":16,"tag":"gasp","checksum":4294901763,"offset":33088,"length":8},"glyf":{"entryLength":16,"tag":"glyf","checksum":130654979,"offset":2236,"length":29360},"head":{"entryLength":16,"tag":"head","checksum":162921544,"offset":220,"length":54},"hhea":{"entryLength":16,"tag":"hhea","checksum":109249306,"offset":276,"length":36},"hmtx":{"entryLength":16,"tag":"hmtx","checksum":1831344182,"offset":432,"length":800},"loca":{"entryLength":16,"tag":"loca","checksum":1046160020,"offset":1832,"length":402},"maxp":{"entryLength":16,"tag":"maxp","checksum":18153782,"offset":312,"length":32},"name":{"entryLength":16,"tag":"name","checksum":980491699,"offset":31596,"length":1032},"post":{"entryLength":16,"tag":"post","checksum":328300370,"offset":32628,"length":460}},"UnicodeCharMap":{"0":190,"13":193,"32":3,"33":4,"34":5,"35":6,"36":7,"37":8,"38":9,"39":10,"40":11,"41":12,"42":13,"43":14,"44":15,"45":16,"46":17,"47":18,"48":19,"49":20,"50":21,"51":22,"52":23,"53":24,"54":25,"55":26,"56":27,"57":28,"58":29,"59":30,"60":31,"61":32,"62":33,"63":34,"64":35,"65":36,"66":37,"67":38,"68":39,"69":40,"70":41,"71":42,"72":43,"73":44,"74":45,"75":46,"76":47,"77":48,"78":49,"79":50,"80":51,"81":52,"82":53,"83":54,"84":55,"85":56,"86":57,"87":58,"88":59,"89":60,"90":61,"91":62,"92":63,"93":64,"94":65,"95":66,"96":67,"97":68,"98":69,"99":70,"100":71,"101":72,"102":73,"103":74,"104":75,"105":76,"106":77,"107":78,"108":79,"109":80,"110":81,"111":82,"112":83,"113":84,"114":85,"115":86,"116":87,"117":88,"118":89,"119":90,"120":91,"121":92,"122":93,"123":94,"124":95,"125":96,"126":97,"160":98,"161":99,"162":100,"163":101,"164":102,"166":103,"168":104,"169":105,"171":106,"174":108,"176":109,"180":110,"184":111,"187":112,"191":113,"192":114,"193":115,"194":116,"195":117,"196":118,"197":119,"198":120,"199":121,"200":122,"201":123,"202":124,"203":125,"204":126,"205":127,"206":128,"207":129,"209":130,"210":131,"211":132,"212":133,"213":134,"214":135,"215":136,"216":137,"217":138,"218":139,"219":140,"220":141,"223":142,"224":143,"225":144,"226":145,"227":146,"228":147,"229":148,"230":149,"231":150,"232":151,"233":152,"234":153,"235":154,"236":155,"237":156,"238":157,"239":158,"241":159,"242":160,"243":161,"244":162,"245":163,"246":164,"247":165,"248":166,"249":167,"250":168,"251":169,"252":170,"255":171,"305":195,"322":191,"338":175,"339":176,"376":183,"710":188,"711":198,"730":196,"732":189,"733":197,"8211":177,"8212":178,"8216":181,"8217":182,"8218":186,"8220":179,"8221":180,"8222":187,"8226":172,"8230":174,"8249":184,"8250":185,"8260":194,"8482":173,"8722":107},"Reserves":{"fontname":"Baa Book Hmk"},"Names":{"Baa Book Hmk":{"name":"Baa Book Hmk","longitude":"0.00000001","latitude":"0.00000001","country":"","region":"","city":""}},"Nodes":{"ba":{"type":"typal","node":"ba","usage":1,"weight":1},"aa":{"type":"typal","node":"aa","usage":1,"weight":1},"bo":{"type":"typal","node":"bo","usage":1,"weight":1},"ok":{"type":"typal","node":"ok","usage":1,"weight":1},"hm":{"type":"typal","node":"hm","usage":1,"weight":1},"mk":{"type":"typal","node":"mk","usage":1,"weight":1},"boo":{"type":"typal","node":"boo","usage":1,"weight":1},"ook":{"type":"typal","node":"ook","usage":1,"weight":1},"baa":{"type":"fixes","node":"baa","usage":1,"weight":1},"book":{"type":"fixes","node":"book","usage":1,"weight":1},"hmk":{"type":"fixes","node":"hmk","usage":1,"weight":1}},"Contributors":[],"FontIdentity":"tibbsbones:272974c4efc6ee4bf6b5a","Bytes":null,"Networking":[],"barcode":"12qcua4q76euqw","referee":"OKWACuWi"}