{"CSS":{"Ellipse ITC Std Italic":"wagovau:a3faddbecd2d1f8fc1c4fd46.css"},"FontType":"TrueType","FontCopyright":"Copyright 1997 International Typeface Corporation. All rights reserved. \"ITC\" is a trademark of International Typeface Corporation Registered in the U.S. Patent and Trademark Office and may be registered in certain jurisdictions;\"Ellipse\" is a trademark of International Typeface Corporation and may be registered in certain jurisdictions.","FontName":"Ellipse ITC Std","FontSubfamily":"Italic","FontSubfamilyID":"FontForge 2.0 : Ellipse ITC Std Italic : 12-8-2016","FontFullName":"Ellipse ITC Std Italic","FontVersion":"Version 001.001 ","FontWeight":null,"FontPostscriptName":"EllipseITCStd-Italic","Files":{"\/Ellipse ITC Std Italic.css":"\/Ellipse ITC Std Italic.css","\/ellipseitcstd-italic.afm":"\/ellipseitcstd-italic.afm","\/ellipseitcstd-italic.cef":"\/ellipseitcstd-italic.cef","\/ellipseitcstd-italic.cff":"\/ellipseitcstd-italic.cff","\/ellipseitcstd-italic.eot":"\/ellipseitcstd-italic.eot","\/ellipseitcstd-italic.gai":"\/ellipseitcstd-italic.gai","\/ellipseitcstd-italic.gsf":"\/ellipseitcstd-italic.gsf","\/ellipseitcstd-italic.otf":"\/ellipseitcstd-italic.otf","\/ellipseitcstd-italic.pf3":"\/ellipseitcstd-italic.pf3","\/ellipseitcstd-italic.pfa":"\/ellipseitcstd-italic.pfa","\/ellipseitcstd-italic.pfb":"\/ellipseitcstd-italic.pfb","\/ellipseitcstd-italic.php":"\/ellipseitcstd-italic.php","\/ellipseitcstd-italic.pt3":"\/ellipseitcstd-italic.pt3","\/ellipseitcstd-italic.sfd":"\/ellipseitcstd-italic.sfd","\/ellipseitcstd-italic.svg":"\/ellipseitcstd-italic.svg","\/ellipseitcstd-italic.t42":"\/ellipseitcstd-italic.t42","\/ellipseitcstd-italic.ttd":"\/ellipseitcstd-italic.ttd","\/ellipseitcstd-italic.ttf":"\/ellipseitcstd-italic.ttf","\/ellipseitcstd-italic.ttg":"\/ellipseitcstd-italic.ttg","\/ellipseitcstd-italic.ufm":"\/ellipseitcstd-italic.ufm","\/ellipseitcstd-italic.woff":"\/ellipseitcstd-italic.woff","\/ellipseitcstd-italic.z":"\/ellipseitcstd-italic.z","\/font-resource.json":"\/font-resource.json","\/ellipseitcstd-italic.ufo\/feature.fea":"\/ellipseitcstd-italic.ufo\/feature.fea","\/ellipseitcstd-italic.ufo\/fontinfo.plist":"\/ellipseitcstd-italic.ufo\/fontinfo.plist","\/ellipseitcstd-italic.ufo\/groups.plist":"\/ellipseitcstd-italic.ufo\/groups.plist","\/ellipseitcstd-italic.ufo\/kerning.plist":"\/ellipseitcstd-italic.ufo\/kerning.plist","\/ellipseitcstd-italic.ufo\/metainfo.plist":"\/ellipseitcstd-italic.ufo\/metainfo.plist","\/ellipseitcstd-italic.ufo\/glyphs\/A_.alt.glif":"\/ellipseitcstd-italic.ufo\/glyphs\/A_.alt.glif","\/ellipseitcstd-italic.ufo\/glyphs\/A_.glif":"\/ellipseitcstd-italic.ufo\/glyphs\/A_.glif","\/ellipseitcstd-italic.ufo\/glyphs\/A_E_.glif":"\/ellipseitcstd-italic.ufo\/glyphs\/A_E_.glif","\/ellipseitcstd-italic.ufo\/glyphs\/A_acute.alt.glif":"\/ellipseitcstd-italic.ufo\/glyphs\/A_acute.alt.glif","\/ellipseitcstd-italic.ufo\/glyphs\/A_acute.glif":"\/ellipseitcstd-italic.ufo\/glyphs\/A_acute.glif","\/ellipseitcstd-italic.ufo\/glyphs\/A_circumflex.alt.glif":"\/ellipseitcstd-italic.ufo\/glyphs\/A_circumflex.alt.glif","\/ellipseitcstd-italic.ufo\/glyphs\/A_circumflex.glif":"\/ellipseitcstd-italic.ufo\/glyphs\/A_circumflex.glif","\/ellipseitcstd-italic.ufo\/glyphs\/A_dieresis.alt.glif":"\/ellipseitcstd-italic.ufo\/glyphs\/A_dieresis.alt.glif","\/ellipseitcstd-italic.ufo\/glyphs\/A_dieresis.glif":"\/ellipseitcstd-italic.ufo\/glyphs\/A_dieresis.glif","\/ellipseitcstd-italic.ufo\/glyphs\/A_grave.alt.glif":"\/ellipseitcstd-italic.ufo\/glyphs\/A_grave.alt.glif","\/ellipseitcstd-italic.ufo\/glyphs\/A_grave.glif":"\/ellipseitcstd-italic.ufo\/glyphs\/A_grave.glif","\/ellipseitcstd-italic.ufo\/glyphs\/A_ring.alt.glif":"\/ellipseitcstd-italic.ufo\/glyphs\/A_ring.alt.glif","\/ellipseitcstd-italic.ufo\/glyphs\/A_ring.glif":"\/ellipseitcstd-italic.ufo\/glyphs\/A_ring.glif","\/ellipseitcstd-italic.ufo\/glyphs\/A_tilde.alt.glif":"\/ellipseitcstd-italic.ufo\/glyphs\/A_tilde.alt.glif","\/ellipseitcstd-italic.ufo\/glyphs\/A_tilde.glif":"\/ellipseitcstd-italic.ufo\/glyphs\/A_tilde.glif","\/ellipseitcstd-italic.ufo\/glyphs\/B_.glif":"\/ellipseitcstd-italic.ufo\/glyphs\/B_.glif","\/ellipseitcstd-italic.ufo\/glyphs\/C_.glif":"\/ellipseitcstd-italic.ufo\/glyphs\/C_.glif","\/ellipseitcstd-italic.ufo\/glyphs\/C_cedilla.glif":"\/ellipseitcstd-italic.ufo\/glyphs\/C_cedilla.glif","\/ellipseitcstd-italic.ufo\/glyphs\/D_.glif":"\/ellipseitcstd-italic.ufo\/glyphs\/D_.glif","\/ellipseitcstd-italic.ufo\/glyphs\/D_elta.glif":"\/ellipseitcstd-italic.ufo\/glyphs\/D_elta.glif","\/ellipseitcstd-italic.ufo\/glyphs\/E_.glif":"\/ellipseitcstd-italic.ufo\/glyphs\/E_.glif","\/ellipseitcstd-italic.ufo\/glyphs\/E_acute.glif":"\/ellipseitcstd-italic.ufo\/glyphs\/E_acute.glif","\/ellipseitcstd-italic.ufo\/glyphs\/E_circumflex.glif":"\/ellipseitcstd-italic.ufo\/glyphs\/E_circumflex.glif","\/ellipseitcstd-italic.ufo\/glyphs\/E_dieresis.glif":"\/ellipseitcstd-italic.ufo\/glyphs\/E_dieresis.glif","\/ellipseitcstd-italic.ufo\/glyphs\/E_grave.glif":"\/ellipseitcstd-italic.ufo\/glyphs\/E_grave.glif","\/ellipseitcstd-italic.ufo\/glyphs\/E_th.glif":"\/ellipseitcstd-italic.ufo\/glyphs\/E_th.glif","\/ellipseitcstd-italic.ufo\/glyphs\/E_uro.glif":"\/ellipseitcstd-italic.ufo\/glyphs\/E_uro.glif","\/ellipseitcstd-italic.ufo\/glyphs\/F_.glif":"\/ellipseitcstd-italic.ufo\/glyphs\/F_.glif","\/ellipseitcstd-italic.ufo\/glyphs\/G_.glif":"\/ellipseitcstd-italic.ufo\/glyphs\/G_.glif","\/ellipseitcstd-italic.ufo\/glyphs\/H_.glif":"\/ellipseitcstd-italic.ufo\/glyphs\/H_.glif","\/ellipseitcstd-italic.ufo\/glyphs\/I_.glif":"\/ellipseitcstd-italic.ufo\/glyphs\/I_.glif","\/ellipseitcstd-italic.ufo\/glyphs\/I_acute.glif":"\/ellipseitcstd-italic.ufo\/glyphs\/I_acute.glif","\/ellipseitcstd-italic.ufo\/glyphs\/I_circumflex.glif":"\/ellipseitcstd-italic.ufo\/glyphs\/I_circumflex.glif","\/ellipseitcstd-italic.ufo\/glyphs\/I_dieresis.glif":"\/ellipseitcstd-italic.ufo\/glyphs\/I_dieresis.glif","\/ellipseitcstd-italic.ufo\/glyphs\/I_grave.glif":"\/ellipseitcstd-italic.ufo\/glyphs\/I_grave.glif","\/ellipseitcstd-italic.ufo\/glyphs\/J_.glif":"\/ellipseitcstd-italic.ufo\/glyphs\/J_.glif","\/ellipseitcstd-italic.ufo\/glyphs\/K_.alt.glif":"\/ellipseitcstd-italic.ufo\/glyphs\/K_.alt.glif","\/ellipseitcstd-italic.ufo\/glyphs\/K_.glif":"\/ellipseitcstd-italic.ufo\/glyphs\/K_.glif","\/ellipseitcstd-italic.ufo\/glyphs\/L_.glif":"\/ellipseitcstd-italic.ufo\/glyphs\/L_.glif","\/ellipseitcstd-italic.ufo\/glyphs\/L_slash.glif":"\/ellipseitcstd-italic.ufo\/glyphs\/L_slash.glif","\/ellipseitcstd-italic.ufo\/glyphs\/M_.glif":"\/ellipseitcstd-italic.ufo\/glyphs\/M_.glif","\/ellipseitcstd-italic.ufo\/glyphs\/N_.glif":"\/ellipseitcstd-italic.ufo\/glyphs\/N_.glif","\/ellipseitcstd-italic.ufo\/glyphs\/N_tilde.glif":"\/ellipseitcstd-italic.ufo\/glyphs\/N_tilde.glif","\/ellipseitcstd-italic.ufo\/glyphs\/O_.glif":"\/ellipseitcstd-italic.ufo\/glyphs\/O_.glif","\/ellipseitcstd-italic.ufo\/glyphs\/O_E_.glif":"\/ellipseitcstd-italic.ufo\/glyphs\/O_E_.glif","\/ellipseitcstd-italic.ufo\/glyphs\/O_acute.glif":"\/ellipseitcstd-italic.ufo\/glyphs\/O_acute.glif","\/ellipseitcstd-italic.ufo\/glyphs\/O_circumflex.glif":"\/ellipseitcstd-italic.ufo\/glyphs\/O_circumflex.glif","\/ellipseitcstd-italic.ufo\/glyphs\/O_dieresis.glif":"\/ellipseitcstd-italic.ufo\/glyphs\/O_dieresis.glif","\/ellipseitcstd-italic.ufo\/glyphs\/O_grave.glif":"\/ellipseitcstd-italic.ufo\/glyphs\/O_grave.glif","\/ellipseitcstd-italic.ufo\/glyphs\/O_mega.glif":"\/ellipseitcstd-italic.ufo\/glyphs\/O_mega.glif","\/ellipseitcstd-italic.ufo\/glyphs\/O_slash.glif":"\/ellipseitcstd-italic.ufo\/glyphs\/O_slash.glif","\/ellipseitcstd-italic.ufo\/glyphs\/O_tilde.glif":"\/ellipseitcstd-italic.ufo\/glyphs\/O_tilde.glif","\/ellipseitcstd-italic.ufo\/glyphs\/P_.glif":"\/ellipseitcstd-italic.ufo\/glyphs\/P_.glif","\/ellipseitcstd-italic.ufo\/glyphs\/Q_.glif":"\/ellipseitcstd-italic.ufo\/glyphs\/Q_.glif","\/ellipseitcstd-italic.ufo\/glyphs\/R_.alt.glif":"\/ellipseitcstd-italic.ufo\/glyphs\/R_.alt.glif","\/ellipseitcstd-italic.ufo\/glyphs\/R_.glif":"\/ellipseitcstd-italic.ufo\/glyphs\/R_.glif","\/ellipseitcstd-italic.ufo\/glyphs\/S_.glif":"\/ellipseitcstd-italic.ufo\/glyphs\/S_.glif","\/ellipseitcstd-italic.ufo\/glyphs\/S_caron.glif":"\/ellipseitcstd-italic.ufo\/glyphs\/S_caron.glif","\/ellipseitcstd-italic.ufo\/glyphs\/T_.glif":"\/ellipseitcstd-italic.ufo\/glyphs\/T_.glif","\/ellipseitcstd-italic.ufo\/glyphs\/T_horn.glif":"\/ellipseitcstd-italic.ufo\/glyphs\/T_horn.glif","\/ellipseitcstd-italic.ufo\/glyphs\/U_.glif":"\/ellipseitcstd-italic.ufo\/glyphs\/U_.glif","\/ellipseitcstd-italic.ufo\/glyphs\/U_acute.glif":"\/ellipseitcstd-italic.ufo\/glyphs\/U_acute.glif","\/ellipseitcstd-italic.ufo\/glyphs\/U_circumflex.glif":"\/ellipseitcstd-italic.ufo\/glyphs\/U_circumflex.glif","\/ellipseitcstd-italic.ufo\/glyphs\/U_dieresis.glif":"\/ellipseitcstd-italic.ufo\/glyphs\/U_dieresis.glif","\/ellipseitcstd-italic.ufo\/glyphs\/U_grave.glif":"\/ellipseitcstd-italic.ufo\/glyphs\/U_grave.glif","\/ellipseitcstd-italic.ufo\/glyphs\/V_.glif":"\/ellipseitcstd-italic.ufo\/glyphs\/V_.glif","\/ellipseitcstd-italic.ufo\/glyphs\/W_.glif":"\/ellipseitcstd-italic.ufo\/glyphs\/W_.glif","\/ellipseitcstd-italic.ufo\/glyphs\/X_.alt.glif":"\/ellipseitcstd-italic.ufo\/glyphs\/X_.alt.glif","\/ellipseitcstd-italic.ufo\/glyphs\/X_.glif":"\/ellipseitcstd-italic.ufo\/glyphs\/X_.glif","\/ellipseitcstd-italic.ufo\/glyphs\/Y_.alt.glif":"\/ellipseitcstd-italic.ufo\/glyphs\/Y_.alt.glif","\/ellipseitcstd-italic.ufo\/glyphs\/Y_.glif":"\/ellipseitcstd-italic.ufo\/glyphs\/Y_.glif","\/ellipseitcstd-italic.ufo\/glyphs\/Y_acute.alt.glif":"\/ellipseitcstd-italic.ufo\/glyphs\/Y_acute.alt.glif","\/ellipseitcstd-italic.ufo\/glyphs\/Y_acute.glif":"\/ellipseitcstd-italic.ufo\/glyphs\/Y_acute.glif","\/ellipseitcstd-italic.ufo\/glyphs\/Y_dieresis.alt.glif":"\/ellipseitcstd-italic.ufo\/glyphs\/Y_dieresis.alt.glif","\/ellipseitcstd-italic.ufo\/glyphs\/Y_dieresis.glif":"\/ellipseitcstd-italic.ufo\/glyphs\/Y_dieresis.glif","\/ellipseitcstd-italic.ufo\/glyphs\/Z_.glif":"\/ellipseitcstd-italic.ufo\/glyphs\/Z_.glif","\/ellipseitcstd-italic.ufo\/glyphs\/Z_caron.glif":"\/ellipseitcstd-italic.ufo\/glyphs\/Z_caron.glif","\/ellipseitcstd-italic.ufo\/glyphs\/_notdef.glif":"\/ellipseitcstd-italic.ufo\/glyphs\/_notdef.glif","\/ellipseitcstd-italic.ufo\/glyphs\/a.alt.glif":"\/ellipseitcstd-italic.ufo\/glyphs\/a.alt.glif","\/ellipseitcstd-italic.ufo\/glyphs\/a.glif":"\/ellipseitcstd-italic.ufo\/glyphs\/a.glif","\/ellipseitcstd-italic.ufo\/glyphs\/aacute.alt.glif":"\/ellipseitcstd-italic.ufo\/glyphs\/aacute.alt.glif","\/ellipseitcstd-italic.ufo\/glyphs\/aacute.glif":"\/ellipseitcstd-italic.ufo\/glyphs\/aacute.glif","\/ellipseitcstd-italic.ufo\/glyphs\/acircumflex.alt.glif":"\/ellipseitcstd-italic.ufo\/glyphs\/acircumflex.alt.glif","\/ellipseitcstd-italic.ufo\/glyphs\/acircumflex.glif":"\/ellipseitcstd-italic.ufo\/glyphs\/acircumflex.glif","\/ellipseitcstd-italic.ufo\/glyphs\/acute.glif":"\/ellipseitcstd-italic.ufo\/glyphs\/acute.glif","\/ellipseitcstd-italic.ufo\/glyphs\/adieresis.alt.glif":"\/ellipseitcstd-italic.ufo\/glyphs\/adieresis.alt.glif","\/ellipseitcstd-italic.ufo\/glyphs\/adieresis.glif":"\/ellipseitcstd-italic.ufo\/glyphs\/adieresis.glif","\/ellipseitcstd-italic.ufo\/glyphs\/ae.glif":"\/ellipseitcstd-italic.ufo\/glyphs\/ae.glif","\/ellipseitcstd-italic.ufo\/glyphs\/agrave.alt.glif":"\/ellipseitcstd-italic.ufo\/glyphs\/agrave.alt.glif","\/ellipseitcstd-italic.ufo\/glyphs\/agrave.glif":"\/ellipseitcstd-italic.ufo\/glyphs\/agrave.glif","\/ellipseitcstd-italic.ufo\/glyphs\/ampersand.alt.glif":"\/ellipseitcstd-italic.ufo\/glyphs\/ampersand.alt.glif","\/ellipseitcstd-italic.ufo\/glyphs\/ampersand.glif":"\/ellipseitcstd-italic.ufo\/glyphs\/ampersand.glif","\/ellipseitcstd-italic.ufo\/glyphs\/approxequal.glif":"\/ellipseitcstd-italic.ufo\/glyphs\/approxequal.glif","\/ellipseitcstd-italic.ufo\/glyphs\/aring.alt.glif":"\/ellipseitcstd-italic.ufo\/glyphs\/aring.alt.glif","\/ellipseitcstd-italic.ufo\/glyphs\/aring.glif":"\/ellipseitcstd-italic.ufo\/glyphs\/aring.glif","\/ellipseitcstd-italic.ufo\/glyphs\/asciicircum.glif":"\/ellipseitcstd-italic.ufo\/glyphs\/asciicircum.glif","\/ellipseitcstd-italic.ufo\/glyphs\/asciitilde.glif":"\/ellipseitcstd-italic.ufo\/glyphs\/asciitilde.glif","\/ellipseitcstd-italic.ufo\/glyphs\/asterisk.glif":"\/ellipseitcstd-italic.ufo\/glyphs\/asterisk.glif","\/ellipseitcstd-italic.ufo\/glyphs\/at.glif":"\/ellipseitcstd-italic.ufo\/glyphs\/at.glif","\/ellipseitcstd-italic.ufo\/glyphs\/atilde.alt.glif":"\/ellipseitcstd-italic.ufo\/glyphs\/atilde.alt.glif","\/ellipseitcstd-italic.ufo\/glyphs\/atilde.glif":"\/ellipseitcstd-italic.ufo\/glyphs\/atilde.glif","\/ellipseitcstd-italic.ufo\/glyphs\/b.glif":"\/ellipseitcstd-italic.ufo\/glyphs\/b.glif","\/ellipseitcstd-italic.ufo\/glyphs\/backslash.glif":"\/ellipseitcstd-italic.ufo\/glyphs\/backslash.glif","\/ellipseitcstd-italic.ufo\/glyphs\/bar.glif":"\/ellipseitcstd-italic.ufo\/glyphs\/bar.glif","\/ellipseitcstd-italic.ufo\/glyphs\/braceleft.glif":"\/ellipseitcstd-italic.ufo\/glyphs\/braceleft.glif","\/ellipseitcstd-italic.ufo\/glyphs\/braceright.glif":"\/ellipseitcstd-italic.ufo\/glyphs\/braceright.glif","\/ellipseitcstd-italic.ufo\/glyphs\/bracketleft.glif":"\/ellipseitcstd-italic.ufo\/glyphs\/bracketleft.glif","\/ellipseitcstd-italic.ufo\/glyphs\/bracketright.glif":"\/ellipseitcstd-italic.ufo\/glyphs\/bracketright.glif","\/ellipseitcstd-italic.ufo\/glyphs\/breve.glif":"\/ellipseitcstd-italic.ufo\/glyphs\/breve.glif","\/ellipseitcstd-italic.ufo\/glyphs\/brokenbar.glif":"\/ellipseitcstd-italic.ufo\/glyphs\/brokenbar.glif","\/ellipseitcstd-italic.ufo\/glyphs\/bullet.glif":"\/ellipseitcstd-italic.ufo\/glyphs\/bullet.glif","\/ellipseitcstd-italic.ufo\/glyphs\/c.glif":"\/ellipseitcstd-italic.ufo\/glyphs\/c.glif","\/ellipseitcstd-italic.ufo\/glyphs\/caron.glif":"\/ellipseitcstd-italic.ufo\/glyphs\/caron.glif","\/ellipseitcstd-italic.ufo\/glyphs\/ccedilla.glif":"\/ellipseitcstd-italic.ufo\/glyphs\/ccedilla.glif","\/ellipseitcstd-italic.ufo\/glyphs\/cedilla.glif":"\/ellipseitcstd-italic.ufo\/glyphs\/cedilla.glif","\/ellipseitcstd-italic.ufo\/glyphs\/cent.glif":"\/ellipseitcstd-italic.ufo\/glyphs\/cent.glif","\/ellipseitcstd-italic.ufo\/glyphs\/circumflex.glif":"\/ellipseitcstd-italic.ufo\/glyphs\/circumflex.glif","\/ellipseitcstd-italic.ufo\/glyphs\/colon.glif":"\/ellipseitcstd-italic.ufo\/glyphs\/colon.glif","\/ellipseitcstd-italic.ufo\/glyphs\/comma.glif":"\/ellipseitcstd-italic.ufo\/glyphs\/comma.glif","\/ellipseitcstd-italic.ufo\/glyphs\/contents.plist":"\/ellipseitcstd-italic.ufo\/glyphs\/contents.plist","\/ellipseitcstd-italic.ufo\/glyphs\/copyright.glif":"\/ellipseitcstd-italic.ufo\/glyphs\/copyright.glif","\/ellipseitcstd-italic.ufo\/glyphs\/currency.glif":"\/ellipseitcstd-italic.ufo\/glyphs\/currency.glif","\/ellipseitcstd-italic.ufo\/glyphs\/d.glif":"\/ellipseitcstd-italic.ufo\/glyphs\/d.glif","\/ellipseitcstd-italic.ufo\/glyphs\/dagger.glif":"\/ellipseitcstd-italic.ufo\/glyphs\/dagger.glif","\/ellipseitcstd-italic.ufo\/glyphs\/daggerdbl.glif":"\/ellipseitcstd-italic.ufo\/glyphs\/daggerdbl.glif","\/ellipseitcstd-italic.ufo\/glyphs\/degree.glif":"\/ellipseitcstd-italic.ufo\/glyphs\/degree.glif","\/ellipseitcstd-italic.ufo\/glyphs\/dieresis.glif":"\/ellipseitcstd-italic.ufo\/glyphs\/dieresis.glif","\/ellipseitcstd-italic.ufo\/glyphs\/divide.glif":"\/ellipseitcstd-italic.ufo\/glyphs\/divide.glif","\/ellipseitcstd-italic.ufo\/glyphs\/dollar.glif":"\/ellipseitcstd-italic.ufo\/glyphs\/dollar.glif","\/ellipseitcstd-italic.ufo\/glyphs\/dotaccent.glif":"\/ellipseitcstd-italic.ufo\/glyphs\/dotaccent.glif","\/ellipseitcstd-italic.ufo\/glyphs\/dotlessi.glif":"\/ellipseitcstd-italic.ufo\/glyphs\/dotlessi.glif","\/ellipseitcstd-italic.ufo\/glyphs\/e.glif":"\/ellipseitcstd-italic.ufo\/glyphs\/e.glif","\/ellipseitcstd-italic.ufo\/glyphs\/eacute.glif":"\/ellipseitcstd-italic.ufo\/glyphs\/eacute.glif","\/ellipseitcstd-italic.ufo\/glyphs\/ecircumflex.glif":"\/ellipseitcstd-italic.ufo\/glyphs\/ecircumflex.glif","\/ellipseitcstd-italic.ufo\/glyphs\/edieresis.glif":"\/ellipseitcstd-italic.ufo\/glyphs\/edieresis.glif","\/ellipseitcstd-italic.ufo\/glyphs\/egrave.glif":"\/ellipseitcstd-italic.ufo\/glyphs\/egrave.glif","\/ellipseitcstd-italic.ufo\/glyphs\/eight.glif":"\/ellipseitcstd-italic.ufo\/glyphs\/eight.glif","\/ellipseitcstd-italic.ufo\/glyphs\/ellipsis.glif":"\/ellipseitcstd-italic.ufo\/glyphs\/ellipsis.glif","\/ellipseitcstd-italic.ufo\/glyphs\/emdash.glif":"\/ellipseitcstd-italic.ufo\/glyphs\/emdash.glif","\/ellipseitcstd-italic.ufo\/glyphs\/endash.glif":"\/ellipseitcstd-italic.ufo\/glyphs\/endash.glif","\/ellipseitcstd-italic.ufo\/glyphs\/equal.glif":"\/ellipseitcstd-italic.ufo\/glyphs\/equal.glif","\/ellipseitcstd-italic.ufo\/glyphs\/estimated.glif":"\/ellipseitcstd-italic.ufo\/glyphs\/estimated.glif","\/ellipseitcstd-italic.ufo\/glyphs\/eth.glif":"\/ellipseitcstd-italic.ufo\/glyphs\/eth.glif","\/ellipseitcstd-italic.ufo\/glyphs\/exclam.glif":"\/ellipseitcstd-italic.ufo\/glyphs\/exclam.glif","\/ellipseitcstd-italic.ufo\/glyphs\/exclamdown.glif":"\/ellipseitcstd-italic.ufo\/glyphs\/exclamdown.glif","\/ellipseitcstd-italic.ufo\/glyphs\/f.glif":"\/ellipseitcstd-italic.ufo\/glyphs\/f.glif","\/ellipseitcstd-italic.ufo\/glyphs\/f_i.glif":"\/ellipseitcstd-italic.ufo\/glyphs\/f_i.glif","\/ellipseitcstd-italic.ufo\/glyphs\/f_l.glif":"\/ellipseitcstd-italic.ufo\/glyphs\/f_l.glif","\/ellipseitcstd-italic.ufo\/glyphs\/five.glif":"\/ellipseitcstd-italic.ufo\/glyphs\/five.glif","\/ellipseitcstd-italic.ufo\/glyphs\/florin.glif":"\/ellipseitcstd-italic.ufo\/glyphs\/florin.glif","\/ellipseitcstd-italic.ufo\/glyphs\/four.glif":"\/ellipseitcstd-italic.ufo\/glyphs\/four.glif","\/ellipseitcstd-italic.ufo\/glyphs\/fraction.glif":"\/ellipseitcstd-italic.ufo\/glyphs\/fraction.glif","\/ellipseitcstd-italic.ufo\/glyphs\/g.alt.glif":"\/ellipseitcstd-italic.ufo\/glyphs\/g.alt.glif","\/ellipseitcstd-italic.ufo\/glyphs\/g.glif":"\/ellipseitcstd-italic.ufo\/glyphs\/g.glif","\/ellipseitcstd-italic.ufo\/glyphs\/germandbls.glif":"\/ellipseitcstd-italic.ufo\/glyphs\/germandbls.glif","\/ellipseitcstd-italic.ufo\/glyphs\/grave.glif":"\/ellipseitcstd-italic.ufo\/glyphs\/grave.glif","\/ellipseitcstd-italic.ufo\/glyphs\/greater.glif":"\/ellipseitcstd-italic.ufo\/glyphs\/greater.glif","\/ellipseitcstd-italic.ufo\/glyphs\/greaterequal.glif":"\/ellipseitcstd-italic.ufo\/glyphs\/greaterequal.glif","\/ellipseitcstd-italic.ufo\/glyphs\/guillemotleft.glif":"\/ellipseitcstd-italic.ufo\/glyphs\/guillemotleft.glif","\/ellipseitcstd-italic.ufo\/glyphs\/guillemotright.glif":"\/ellipseitcstd-italic.ufo\/glyphs\/guillemotright.glif","\/ellipseitcstd-italic.ufo\/glyphs\/guilsinglleft.glif":"\/ellipseitcstd-italic.ufo\/glyphs\/guilsinglleft.glif","\/ellipseitcstd-italic.ufo\/glyphs\/guilsinglright.glif":"\/ellipseitcstd-italic.ufo\/glyphs\/guilsinglright.glif","\/ellipseitcstd-italic.ufo\/glyphs\/h.glif":"\/ellipseitcstd-italic.ufo\/glyphs\/h.glif","\/ellipseitcstd-italic.ufo\/glyphs\/hungarumlaut.glif":"\/ellipseitcstd-italic.ufo\/glyphs\/hungarumlaut.glif","\/ellipseitcstd-italic.ufo\/glyphs\/hyphen.glif":"\/ellipseitcstd-italic.ufo\/glyphs\/hyphen.glif","\/ellipseitcstd-italic.ufo\/glyphs\/i.glif":"\/ellipseitcstd-italic.ufo\/glyphs\/i.glif","\/ellipseitcstd-italic.ufo\/glyphs\/iacute.glif":"\/ellipseitcstd-italic.ufo\/glyphs\/iacute.glif","\/ellipseitcstd-italic.ufo\/glyphs\/icircumflex.glif":"\/ellipseitcstd-italic.ufo\/glyphs\/icircumflex.glif","\/ellipseitcstd-italic.ufo\/glyphs\/idieresis.glif":"\/ellipseitcstd-italic.ufo\/glyphs\/idieresis.glif","\/ellipseitcstd-italic.ufo\/glyphs\/igrave.glif":"\/ellipseitcstd-italic.ufo\/glyphs\/igrave.glif","\/ellipseitcstd-italic.ufo\/glyphs\/infinity.glif":"\/ellipseitcstd-italic.ufo\/glyphs\/infinity.glif","\/ellipseitcstd-italic.ufo\/glyphs\/integral.glif":"\/ellipseitcstd-italic.ufo\/glyphs\/integral.glif","\/ellipseitcstd-italic.ufo\/glyphs\/j.glif":"\/ellipseitcstd-italic.ufo\/glyphs\/j.glif","\/ellipseitcstd-italic.ufo\/glyphs\/k.alt.glif":"\/ellipseitcstd-italic.ufo\/glyphs\/k.alt.glif","\/ellipseitcstd-italic.ufo\/glyphs\/k.glif":"\/ellipseitcstd-italic.ufo\/glyphs\/k.glif","\/ellipseitcstd-italic.ufo\/glyphs\/l.glif":"\/ellipseitcstd-italic.ufo\/glyphs\/l.glif","\/ellipseitcstd-italic.ufo\/glyphs\/less.glif":"\/ellipseitcstd-italic.ufo\/glyphs\/less.glif","\/ellipseitcstd-italic.ufo\/glyphs\/lessequal.glif":"\/ellipseitcstd-italic.ufo\/glyphs\/lessequal.glif","\/ellipseitcstd-italic.ufo\/glyphs\/litre.glif":"\/ellipseitcstd-italic.ufo\/glyphs\/litre.glif","\/ellipseitcstd-italic.ufo\/glyphs\/logicalnot.glif":"\/ellipseitcstd-italic.ufo\/glyphs\/logicalnot.glif","\/ellipseitcstd-italic.ufo\/glyphs\/lozenge.glif":"\/ellipseitcstd-italic.ufo\/glyphs\/lozenge.glif","\/ellipseitcstd-italic.ufo\/glyphs\/lslash.glif":"\/ellipseitcstd-italic.ufo\/glyphs\/lslash.glif","\/ellipseitcstd-italic.ufo\/glyphs\/m.glif":"\/ellipseitcstd-italic.ufo\/glyphs\/m.glif","\/ellipseitcstd-italic.ufo\/glyphs\/macron.glif":"\/ellipseitcstd-italic.ufo\/glyphs\/macron.glif","\/ellipseitcstd-italic.ufo\/glyphs\/minus.glif":"\/ellipseitcstd-italic.ufo\/glyphs\/minus.glif","\/ellipseitcstd-italic.ufo\/glyphs\/mu.glif":"\/ellipseitcstd-italic.ufo\/glyphs\/mu.glif","\/ellipseitcstd-italic.ufo\/glyphs\/multiply.glif":"\/ellipseitcstd-italic.ufo\/glyphs\/multiply.glif","\/ellipseitcstd-italic.ufo\/glyphs\/n.glif":"\/ellipseitcstd-italic.ufo\/glyphs\/n.glif","\/ellipseitcstd-italic.ufo\/glyphs\/nine.glif":"\/ellipseitcstd-italic.ufo\/glyphs\/nine.glif","\/ellipseitcstd-italic.ufo\/glyphs\/notequal.glif":"\/ellipseitcstd-italic.ufo\/glyphs\/notequal.glif","\/ellipseitcstd-italic.ufo\/glyphs\/ntilde.glif":"\/ellipseitcstd-italic.ufo\/glyphs\/ntilde.glif","\/ellipseitcstd-italic.ufo\/glyphs\/numbersign.glif":"\/ellipseitcstd-italic.ufo\/glyphs\/numbersign.glif","\/ellipseitcstd-italic.ufo\/glyphs\/o.glif":"\/ellipseitcstd-italic.ufo\/glyphs\/o.glif","\/ellipseitcstd-italic.ufo\/glyphs\/oacute.glif":"\/ellipseitcstd-italic.ufo\/glyphs\/oacute.glif","\/ellipseitcstd-italic.ufo\/glyphs\/ocircumflex.glif":"\/ellipseitcstd-italic.ufo\/glyphs\/ocircumflex.glif","\/ellipseitcstd-italic.ufo\/glyphs\/odieresis.glif":"\/ellipseitcstd-italic.ufo\/glyphs\/odieresis.glif","\/ellipseitcstd-italic.ufo\/glyphs\/oe.glif":"\/ellipseitcstd-italic.ufo\/glyphs\/oe.glif","\/ellipseitcstd-italic.ufo\/glyphs\/ogonek.glif":"\/ellipseitcstd-italic.ufo\/glyphs\/ogonek.glif","\/ellipseitcstd-italic.ufo\/glyphs\/ograve.glif":"\/ellipseitcstd-italic.ufo\/glyphs\/ograve.glif","\/ellipseitcstd-italic.ufo\/glyphs\/one.glif":"\/ellipseitcstd-italic.ufo\/glyphs\/one.glif","\/ellipseitcstd-italic.ufo\/glyphs\/onehalf.glif":"\/ellipseitcstd-italic.ufo\/glyphs\/onehalf.glif","\/ellipseitcstd-italic.ufo\/glyphs\/onequarter.glif":"\/ellipseitcstd-italic.ufo\/glyphs\/onequarter.glif","\/ellipseitcstd-italic.ufo\/glyphs\/onesuperior.glif":"\/ellipseitcstd-italic.ufo\/glyphs\/onesuperior.glif","\/ellipseitcstd-italic.ufo\/glyphs\/ordfeminine.glif":"\/ellipseitcstd-italic.ufo\/glyphs\/ordfeminine.glif","\/ellipseitcstd-italic.ufo\/glyphs\/ordmasculine.glif":"\/ellipseitcstd-italic.ufo\/glyphs\/ordmasculine.glif","\/ellipseitcstd-italic.ufo\/glyphs\/oslash.glif":"\/ellipseitcstd-italic.ufo\/glyphs\/oslash.glif","\/ellipseitcstd-italic.ufo\/glyphs\/otilde.glif":"\/ellipseitcstd-italic.ufo\/glyphs\/otilde.glif","\/ellipseitcstd-italic.ufo\/glyphs\/p.glif":"\/ellipseitcstd-italic.ufo\/glyphs\/p.glif","\/ellipseitcstd-italic.ufo\/glyphs\/paragraph.glif":"\/ellipseitcstd-italic.ufo\/glyphs\/paragraph.glif","\/ellipseitcstd-italic.ufo\/glyphs\/parenleft.glif":"\/ellipseitcstd-italic.ufo\/glyphs\/parenleft.glif","\/ellipseitcstd-italic.ufo\/glyphs\/parenright.glif":"\/ellipseitcstd-italic.ufo\/glyphs\/parenright.glif","\/ellipseitcstd-italic.ufo\/glyphs\/partialdiff.glif":"\/ellipseitcstd-italic.ufo\/glyphs\/partialdiff.glif","\/ellipseitcstd-italic.ufo\/glyphs\/percent.glif":"\/ellipseitcstd-italic.ufo\/glyphs\/percent.glif","\/ellipseitcstd-italic.ufo\/glyphs\/period.glif":"\/ellipseitcstd-italic.ufo\/glyphs\/period.glif","\/ellipseitcstd-italic.ufo\/glyphs\/periodcentered.glif":"\/ellipseitcstd-italic.ufo\/glyphs\/periodcentered.glif","\/ellipseitcstd-italic.ufo\/glyphs\/perthousand.glif":"\/ellipseitcstd-italic.ufo\/glyphs\/perthousand.glif","\/ellipseitcstd-italic.ufo\/glyphs\/pi.glif":"\/ellipseitcstd-italic.ufo\/glyphs\/pi.glif","\/ellipseitcstd-italic.ufo\/glyphs\/plus.glif":"\/ellipseitcstd-italic.ufo\/glyphs\/plus.glif","\/ellipseitcstd-italic.ufo\/glyphs\/plusminus.glif":"\/ellipseitcstd-italic.ufo\/glyphs\/plusminus.glif","\/ellipseitcstd-italic.ufo\/glyphs\/product.glif":"\/ellipseitcstd-italic.ufo\/glyphs\/product.glif","\/ellipseitcstd-italic.ufo\/glyphs\/q.glif":"\/ellipseitcstd-italic.ufo\/glyphs\/q.glif","\/ellipseitcstd-italic.ufo\/glyphs\/question.glif":"\/ellipseitcstd-italic.ufo\/glyphs\/question.glif","\/ellipseitcstd-italic.ufo\/glyphs\/questiondown.glif":"\/ellipseitcstd-italic.ufo\/glyphs\/questiondown.glif","\/ellipseitcstd-italic.ufo\/glyphs\/quotedbl.glif":"\/ellipseitcstd-italic.ufo\/glyphs\/quotedbl.glif","\/ellipseitcstd-italic.ufo\/glyphs\/quotedblbase.glif":"\/ellipseitcstd-italic.ufo\/glyphs\/quotedblbase.glif","\/ellipseitcstd-italic.ufo\/glyphs\/quotedblleft.glif":"\/ellipseitcstd-italic.ufo\/glyphs\/quotedblleft.glif","\/ellipseitcstd-italic.ufo\/glyphs\/quotedblright.glif":"\/ellipseitcstd-italic.ufo\/glyphs\/quotedblright.glif","\/ellipseitcstd-italic.ufo\/glyphs\/quoteleft.glif":"\/ellipseitcstd-italic.ufo\/glyphs\/quoteleft.glif","\/ellipseitcstd-italic.ufo\/glyphs\/quoteright.glif":"\/ellipseitcstd-italic.ufo\/glyphs\/quoteright.glif","\/ellipseitcstd-italic.ufo\/glyphs\/quotesinglbase.glif":"\/ellipseitcstd-italic.ufo\/glyphs\/quotesinglbase.glif","\/ellipseitcstd-italic.ufo\/glyphs\/quotesingle.glif":"\/ellipseitcstd-italic.ufo\/glyphs\/quotesingle.glif","\/ellipseitcstd-italic.ufo\/glyphs\/r.glif":"\/ellipseitcstd-italic.ufo\/glyphs\/r.glif","\/ellipseitcstd-italic.ufo\/glyphs\/radical.glif":"\/ellipseitcstd-italic.ufo\/glyphs\/radical.glif","\/ellipseitcstd-italic.ufo\/glyphs\/registered.glif":"\/ellipseitcstd-italic.ufo\/glyphs\/registered.glif","\/ellipseitcstd-italic.ufo\/glyphs\/ring.glif":"\/ellipseitcstd-italic.ufo\/glyphs\/ring.glif","\/ellipseitcstd-italic.ufo\/glyphs\/s.glif":"\/ellipseitcstd-italic.ufo\/glyphs\/s.glif","\/ellipseitcstd-italic.ufo\/glyphs\/scaron.glif":"\/ellipseitcstd-italic.ufo\/glyphs\/scaron.glif","\/ellipseitcstd-italic.ufo\/glyphs\/section.glif":"\/ellipseitcstd-italic.ufo\/glyphs\/section.glif","\/ellipseitcstd-italic.ufo\/glyphs\/semicolon.glif":"\/ellipseitcstd-italic.ufo\/glyphs\/semicolon.glif","\/ellipseitcstd-italic.ufo\/glyphs\/seven.glif":"\/ellipseitcstd-italic.ufo\/glyphs\/seven.glif","\/ellipseitcstd-italic.ufo\/glyphs\/six.glif":"\/ellipseitcstd-italic.ufo\/glyphs\/six.glif","\/ellipseitcstd-italic.ufo\/glyphs\/slash.glif":"\/ellipseitcstd-italic.ufo\/glyphs\/slash.glif","\/ellipseitcstd-italic.ufo\/glyphs\/space.glif":"\/ellipseitcstd-italic.ufo\/glyphs\/space.glif","\/ellipseitcstd-italic.ufo\/glyphs\/sterling.glif":"\/ellipseitcstd-italic.ufo\/glyphs\/sterling.glif","\/ellipseitcstd-italic.ufo\/glyphs\/summation.glif":"\/ellipseitcstd-italic.ufo\/glyphs\/summation.glif","\/ellipseitcstd-italic.ufo\/glyphs\/t.glif":"\/ellipseitcstd-italic.ufo\/glyphs\/t.glif","\/ellipseitcstd-italic.ufo\/glyphs\/thorn.glif":"\/ellipseitcstd-italic.ufo\/glyphs\/thorn.glif","\/ellipseitcstd-italic.ufo\/glyphs\/three.glif":"\/ellipseitcstd-italic.ufo\/glyphs\/three.glif","\/ellipseitcstd-italic.ufo\/glyphs\/threequarters.glif":"\/ellipseitcstd-italic.ufo\/glyphs\/threequarters.glif","\/ellipseitcstd-italic.ufo\/glyphs\/threesuperior.glif":"\/ellipseitcstd-italic.ufo\/glyphs\/threesuperior.glif","\/ellipseitcstd-italic.ufo\/glyphs\/tilde.glif":"\/ellipseitcstd-italic.ufo\/glyphs\/tilde.glif","\/ellipseitcstd-italic.ufo\/glyphs\/trademark.glif":"\/ellipseitcstd-italic.ufo\/glyphs\/trademark.glif","\/ellipseitcstd-italic.ufo\/glyphs\/two.glif":"\/ellipseitcstd-italic.ufo\/glyphs\/two.glif","\/ellipseitcstd-italic.ufo\/glyphs\/twosuperior.glif":"\/ellipseitcstd-italic.ufo\/glyphs\/twosuperior.glif","\/ellipseitcstd-italic.ufo\/glyphs\/u.glif":"\/ellipseitcstd-italic.ufo\/glyphs\/u.glif","\/ellipseitcstd-italic.ufo\/glyphs\/uacute.glif":"\/ellipseitcstd-italic.ufo\/glyphs\/uacute.glif","\/ellipseitcstd-italic.ufo\/glyphs\/ucircumflex.glif":"\/ellipseitcstd-italic.ufo\/glyphs\/ucircumflex.glif","\/ellipseitcstd-italic.ufo\/glyphs\/udieresis.glif":"\/ellipseitcstd-italic.ufo\/glyphs\/udieresis.glif","\/ellipseitcstd-italic.ufo\/glyphs\/ugrave.glif":"\/ellipseitcstd-italic.ufo\/glyphs\/ugrave.glif","\/ellipseitcstd-italic.ufo\/glyphs\/underscore.glif":"\/ellipseitcstd-italic.ufo\/glyphs\/underscore.glif","\/ellipseitcstd-italic.ufo\/glyphs\/uni00A_0.glif":"\/ellipseitcstd-italic.ufo\/glyphs\/uni00A_0.glif","\/ellipseitcstd-italic.ufo\/glyphs\/uni00A_D_.glif":"\/ellipseitcstd-italic.ufo\/glyphs\/uni00A_D_.glif","\/ellipseitcstd-italic.ufo\/glyphs\/uni02C_9.glif":"\/ellipseitcstd-italic.ufo\/glyphs\/uni02C_9.glif","\/ellipseitcstd-italic.ufo\/glyphs\/uni03A_9.glif":"\/ellipseitcstd-italic.ufo\/glyphs\/uni03A_9.glif","\/ellipseitcstd-italic.ufo\/glyphs\/uni03B_C_.glif":"\/ellipseitcstd-italic.ufo\/glyphs\/uni03B_C_.glif","\/ellipseitcstd-italic.ufo\/glyphs\/uni2215.glif":"\/ellipseitcstd-italic.ufo\/glyphs\/uni2215.glif","\/ellipseitcstd-italic.ufo\/glyphs\/uni2219.glif":"\/ellipseitcstd-italic.ufo\/glyphs\/uni2219.glif","\/ellipseitcstd-italic.ufo\/glyphs\/v.glif":"\/ellipseitcstd-italic.ufo\/glyphs\/v.glif","\/ellipseitcstd-italic.ufo\/glyphs\/w.glif":"\/ellipseitcstd-italic.ufo\/glyphs\/w.glif","\/ellipseitcstd-italic.ufo\/glyphs\/x.alt.glif":"\/ellipseitcstd-italic.ufo\/glyphs\/x.alt.glif","\/ellipseitcstd-italic.ufo\/glyphs\/x.glif":"\/ellipseitcstd-italic.ufo\/glyphs\/x.glif","\/ellipseitcstd-italic.ufo\/glyphs\/y.alt.glif":"\/ellipseitcstd-italic.ufo\/glyphs\/y.alt.glif","\/ellipseitcstd-italic.ufo\/glyphs\/y.glif":"\/ellipseitcstd-italic.ufo\/glyphs\/y.glif","\/ellipseitcstd-italic.ufo\/glyphs\/yacute.alt.glif":"\/ellipseitcstd-italic.ufo\/glyphs\/yacute.alt.glif","\/ellipseitcstd-italic.ufo\/glyphs\/yacute.glif":"\/ellipseitcstd-italic.ufo\/glyphs\/yacute.glif","\/ellipseitcstd-italic.ufo\/glyphs\/ydieresis.alt.glif":"\/ellipseitcstd-italic.ufo\/glyphs\/ydieresis.alt.glif","\/ellipseitcstd-italic.ufo\/glyphs\/ydieresis.glif":"\/ellipseitcstd-italic.ufo\/glyphs\/ydieresis.glif","\/ellipseitcstd-italic.ufo\/glyphs\/yen.glif":"\/ellipseitcstd-italic.ufo\/glyphs\/yen.glif","\/ellipseitcstd-italic.ufo\/glyphs\/z.glif":"\/ellipseitcstd-italic.ufo\/glyphs\/z.glif","\/ellipseitcstd-italic.ufo\/glyphs\/zcaron.glif":"\/ellipseitcstd-italic.ufo\/glyphs\/zcaron.glif","\/ellipseitcstd-italic.ufo\/glyphs\/zero.glif":"\/ellipseitcstd-italic.ufo\/glyphs\/zero.glif"},"Font":{"uploaded":1471089777.7371,"licence":"gpl3","company":"Chronolabs Cooperative","title":"Ellipse ITCStd Italic","version":3.002,"date":"Fri Aug 12 15:36:44 2016","creator":"root","type":"1","matrix":"0.001 0 0 0.001 0 0","named":"EllipseITCStd-Italic","painttype":"0","info":"10 dict dup","name":"Ellipse ITC Std Italic","family":"Ellipse ITC Std","weight":"Regular","fstype":"4","italicangle":"-12","underlineposition":"","underlinethickness":""},"Licences":{"":false},"Table":{"FFTM":{"entryLength":16,"tag":"FFTM","checksum":1944407656,"offset":39368,"length":28},"GDEF":{"entryLength":16,"tag":"GDEF","checksum":21430278,"offset":39336,"length":32},"OS\/2":{"entryLength":16,"tag":"OS\/2","checksum":2002663696,"offset":344,"length":86},"cmap":{"entryLength":16,"tag":"cmap","checksum":485568974,"offset":1560,"length":954},"gasp":{"entryLength":16,"tag":"gasp","checksum":4294901763,"offset":39328,"length":8},"glyf":{"entryLength":16,"tag":"glyf","checksum":1182285581,"offset":3084,"length":33688},"head":{"entryLength":16,"tag":"head","checksum":152983535,"offset":220,"length":54},"hhea":{"entryLength":16,"tag":"hhea","checksum":101647141,"offset":276,"length":36},"hmtx":{"entryLength":16,"tag":"hmtx","checksum":3131252861,"offset":432,"length":1128},"loca":{"entryLength":16,"tag":"loca","checksum":1686717276,"offset":2516,"length":566},"maxp":{"entryLength":16,"tag":"maxp","checksum":23265388,"offset":312,"length":32},"name":{"entryLength":16,"tag":"name","checksum":2340780437,"offset":36772,"length":1599},"post":{"entryLength":16,"tag":"post","checksum":3303257817,"offset":38372,"length":953}},"UnicodeCharMap":{"32":3,"33":4,"34":5,"35":6,"36":7,"37":8,"38":9,"39":10,"40":11,"41":12,"42":13,"43":14,"44":15,"45":16,"46":17,"47":18,"48":19,"49":20,"50":21,"51":22,"52":23,"53":24,"54":25,"55":26,"56":27,"57":28,"58":29,"59":30,"60":31,"61":32,"62":33,"63":34,"64":35,"65":36,"66":37,"67":38,"68":39,"69":40,"70":41,"71":42,"72":43,"73":44,"74":45,"75":46,"76":47,"77":48,"78":49,"79":50,"80":51,"81":52,"82":53,"83":54,"84":55,"85":56,"86":57,"87":58,"88":59,"89":60,"90":61,"91":62,"92":63,"93":64,"94":65,"95":66,"96":67,"97":68,"98":69,"99":70,"100":71,"101":72,"102":73,"103":74,"104":75,"105":76,"106":77,"107":78,"108":79,"109":80,"110":81,"111":82,"112":83,"113":84,"114":85,"115":86,"116":87,"117":88,"118":89,"119":90,"120":91,"121":92,"122":93,"123":94,"124":95,"125":96,"126":97,"160":98,"161":99,"162":100,"163":101,"164":102,"165":103,"166":104,"167":105,"168":106,"169":107,"170":108,"171":109,"172":110,"173":111,"174":112,"175":113,"176":114,"177":115,"178":116,"179":117,"180":118,"182":120,"183":121,"184":122,"185":123,"186":124,"187":125,"188":126,"189":127,"190":128,"191":129,"192":130,"193":131,"194":132,"195":133,"196":134,"197":135,"198":136,"199":137,"200":138,"201":139,"202":140,"203":141,"204":142,"205":143,"206":144,"207":145,"208":146,"209":147,"210":148,"211":149,"212":150,"213":151,"214":152,"215":153,"216":154,"217":155,"218":156,"219":157,"220":158,"221":159,"222":160,"223":161,"224":162,"225":163,"226":164,"227":165,"228":166,"229":167,"230":168,"231":169,"232":170,"233":171,"234":172,"235":173,"236":174,"237":175,"238":176,"239":177,"240":178,"241":179,"242":180,"243":181,"244":182,"245":183,"246":184,"247":185,"248":186,"249":187,"250":188,"251":189,"252":190,"253":191,"254":192,"255":193,"305":221,"321":219,"322":222,"338":220,"339":223,"352":226,"353":229,"376":227,"381":228,"382":230,"402":197,"710":210,"711":217,"713":231,"728":212,"729":213,"730":214,"731":216,"732":211,"733":215,"916":240,"937":237,"956":233,"960":234,"8211":201,"8212":218,"8216":195,"8217":194,"8218":205,"8220":198,"8221":207,"8222":206,"8224":202,"8225":203,"8226":204,"8230":208,"8240":209,"8249":199,"8250":200,"8260":196,"8364":235,"8467":236,"8482":224,"8494":238,"8706":239,"8719":241,"8721":242,"8722":225,"8725":243,"8729":244,"8730":245,"8734":246,"8747":247,"8776":248,"8800":249,"8804":250,"8805":251,"9674":252,"64257":280,"64258":281},"Reserves":{"fontname":"Ellipse ITC Std Italic"},"Names":{"Ellipse ITC Std Italic":{"name":"Ellipse ITC Std Italic","longitude":"0.00000001","latitude":"0.00000001","country":"","region":"","city":""}},"Nodes":{"el":{"type":"typal","node":"el","usage":1,"weight":1},"se":{"type":"typal","node":"se","usage":1,"weight":1},"it":{"type":"typal","node":"it","usage":1,"weight":2},"tc":{"type":"typal","node":"tc","usage":1,"weight":1},"st":{"type":"typal","node":"st","usage":1,"weight":1},"td":{"type":"typal","node":"td","usage":1,"weight":1},"ic":{"type":"typal","node":"ic","usage":1,"weight":1},"ell":{"type":"typal","node":"ell","usage":1,"weight":1},"pse":{"type":"typal","node":"pse","usage":1,"weight":1},"ita":{"type":"typal","node":"ita","usage":1,"weight":1},"lic":{"type":"typal","node":"lic","usage":1,"weight":1},"elli":{"type":"keys","node":"elli","usage":1,"weight":1},"ipse":{"type":"keys","node":"ipse","usage":1,"weight":1},"ital":{"type":"keys","node":"ital","usage":1,"weight":1},"alic":{"type":"keys","node":"alic","usage":1,"weight":1},"ellip":{"type":"keys","node":"ellip","usage":1,"weight":1},"lipse":{"type":"keys","node":"lipse","usage":1,"weight":1},"itali":{"type":"keys","node":"itali","usage":1,"weight":1},"talic":{"type":"keys","node":"talic","usage":1,"weight":1},"ellipse":{"type":"fixes","node":"ellipse","usage":1,"weight":1},"itc":{"type":"fixes","node":"itc","usage":1,"weight":1},"std":{"type":"fixes","node":"std","usage":1,"weight":1},"italic":{"type":"fixes","node":"italic","usage":1,"weight":1}},"Contributors":[],"FontIdentity":"wagovau:a3faddbecd2d1f8fc1c4fd46","Bytes":null,"Networking":[],"barcode":"ys1110m9coaceiy","referee":"umGAaiG"}