{"CSS":{"Hathor":"Hathor.css"},"FontType":"TrueType","FontCopyright":"Generated by Fontographer 4.1","FontName":"Hathor","FontSubfamily":"Book","FontSubfamilyID":"FontForge 2.0 : Hathor : 15-10-2016","FontFullName":"Hathor","FontVersion":"Version Altsys Fontographer  ","FontWeight":null,"FontPostscriptName":"Hathor","Files":{"hathor.afm":"hathor.afm","hathor.bin":"hathor.bin","hathor.cef":"hathor.cef","hathor.cff":"hathor.cff","hathor.cid":"hathor.cid","hathor.dfont":"hathor.dfont","hathor.eot":"hathor.eot","hathor.fon":"hathor.fon","hathor.gai":"hathor.gai","hathor.gsf":"hathor.gsf","hathor.hqx":"hathor.hqx","hathor.ik":"hathor.ik","hathor.mf":"hathor.mf","hathor.otf":"hathor.otf","hathor.pcf":"hathor.pcf","hathor.pf3":"hathor.pf3","hathor.pfa":"hathor.pfa","hathor.pfb":"hathor.pfb","hathor.php":"hathor.php","hathor.pmf":"hathor.pmf","hathor.pt3":"hathor.pt3","hathor.sfd":"hathor.sfd","hathor.svg":"hathor.svg","hathor.t42":"hathor.t42","hathor.ttd":"hathor.ttd","hathor.ttf":"hathor.ttf","hathor.ttg":"hathor.ttg","hathor.ufm":"hathor.ufm","hathor.woff":"hathor.woff","hathor.z":"hathor.z","":{"hathor.afm":"hathor.afm","hathor.bin":"hathor.bin","hathor.cef":"hathor.cef","hathor.cff":"hathor.cff","hathor.cid":"hathor.cid","hathor.dfont":"hathor.dfont","hathor.eot":"hathor.eot","hathor.fon":"hathor.fon","hathor.gai":"hathor.gai","hathor.gsf":"hathor.gsf","hathor.hqx":"hathor.hqx","hathor.ik":"hathor.ik","hathor.mf":"hathor.mf","hathor.otf":"hathor.otf","hathor.pcf":"hathor.pcf","hathor.pf3":"hathor.pf3","hathor.pfa":"hathor.pfa","hathor.pfb":"hathor.pfb","hathor.php":"hathor.php","hathor.pmf":"hathor.pmf","hathor.pt3":"hathor.pt3","hathor.sfd":"hathor.sfd","hathor.svg":"hathor.svg","hathor.t42":"hathor.t42","hathor.ttd":"hathor.ttd","hathor.ttf":"hathor.ttf","hathor.ttg":"hathor.ttg","hathor.ufm":"hathor.ufm","hathor.woff":"hathor.woff","hathor.z":"hathor.z"},"\/hathor.ufo":{"feature.fea":"feature.fea","fontinfo.plist":"fontinfo.plist","groups.plist":"groups.plist","kerning.plist":"kerning.plist","metainfo.plist":"metainfo.plist"},"\/hathor.ufo\/glyphs":{"A_.glif":"A_.glif","B_.glif":"B_.glif","C_.glif":"C_.glif","D_.glif":"D_.glif","E_.glif":"E_.glif","F_.glif":"F_.glif","G_.glif":"G_.glif","H_.glif":"H_.glif","I_.glif":"I_.glif","J_.glif":"J_.glif","K_.glif":"K_.glif","L_.glif":"L_.glif","M_.glif":"M_.glif","N_.glif":"N_.glif","O_.glif":"O_.glif","P_.glif":"P_.glif","Q_.glif":"Q_.glif","R_.glif":"R_.glif","S_.glif":"S_.glif","T_.glif":"T_.glif","U_.glif":"U_.glif","V_.glif":"V_.glif","W_.glif":"W_.glif","X_.glif":"X_.glif","Y_.glif":"Y_.glif","Z_.glif":"Z_.glif","_notdef.glif":"_notdef.glif","_null.glif":"_null.glif","a.glif":"a.glif","b.glif":"b.glif","c.glif":"c.glif","contents.plist":"contents.plist","d.glif":"d.glif","e.glif":"e.glif","f.glif":"f.glif","g.glif":"g.glif","h.glif":"h.glif","i.glif":"i.glif","j.glif":"j.glif","k.glif":"k.glif","l.glif":"l.glif","m.glif":"m.glif","n.glif":"n.glif","nonmarkingreturn.glif":"nonmarkingreturn.glif","o.glif":"o.glif","p.glif":"p.glif","q.glif":"q.glif","r.glif":"r.glif","s.glif":"s.glif","space.glif":"space.glif","t.glif":"t.glif","u.glif":"u.glif","v.glif":"v.glif","w.glif":"w.glif","x.glif":"x.glif","y.glif":"y.glif","z.glif":"z.glif"}},"Font":{"uploaded":1476580392.642,"licence":"gpl3","company":"Chronolabs Cooperative","title":"Hathor","version":2.001,"date":"Sun Aug 28 07:59:20 2016","creator":"root","type":"1","matrix":"0.001 0 0 0.001 0 0","named":"Hathor","painttype":"0","info":"10 dict dup","name":"Hathor","family":"Hathor","weight":"Book","fstype":"0","italicangle":"0","underlineposition":"","underlinethickness":""},"Table":{"FFTM":{"entryLength":16,"tag":"FFTM","checksum":1947117568,"offset":49688,"length":28},"GDEF":{"entryLength":16,"tag":"GDEF","checksum":6619140,"offset":49656,"length":32},"OS\/2":{"entryLength":16,"tag":"OS\/2","checksum":1444962463,"offset":344,"length":86},"cmap":{"entryLength":16,"tag":"cmap","checksum":2732082690,"offset":656,"length":842},"gasp":{"entryLength":16,"tag":"gasp","checksum":4294901763,"offset":49648,"length":8},"glyf":{"entryLength":16,"tag":"glyf","checksum":2333356522,"offset":1616,"length":47344},"head":{"entryLength":16,"tag":"head","checksum":200042030,"offset":220,"length":54},"hhea":{"entryLength":16,"tag":"hhea","checksum":133563371,"offset":276,"length":36},"hmtx":{"entryLength":16,"tag":"hmtx","checksum":2680422947,"offset":432,"length":224},"loca":{"entryLength":16,"tag":"loca","checksum":3627199534,"offset":1500,"length":114},"maxp":{"entryLength":16,"tag":"maxp","checksum":10617483,"offset":312,"length":32},"name":{"entryLength":16,"tag":"name","checksum":2181399228,"offset":48960,"length":540},"post":{"entryLength":16,"tag":"post","checksum":106104470,"offset":49500,"length":146}},"UnicodeCharMap":{"0":1,"13":2,"32":3,"65":4,"66":5,"67":6,"68":7,"69":8,"70":9,"71":10,"72":11,"73":12,"74":13,"75":14,"76":15,"77":16,"78":17,"79":18,"80":19,"81":20,"82":21,"83":22,"84":23,"85":24,"86":25,"87":26,"88":27,"89":28,"90":29,"97":30,"98":31,"99":32,"100":33,"101":34,"102":35,"103":36,"104":37,"105":38,"106":39,"107":40,"108":41,"109":42,"110":43,"111":44,"112":45,"113":46,"114":47,"115":48,"116":49,"117":50,"118":51,"119":52,"120":53,"121":54,"122":55},"Reserves":null,"Names":[],"Nodes":{"ha":{"type":"typal","node":"ha","usage":1,"weight":1},"or":{"type":"typal","node":"or","usage":1,"weight":1},"hat":{"type":"typal","node":"hat","usage":1,"weight":1},"hor":{"type":"typal","node":"hor","usage":1,"weight":1},"hath":{"type":"keys","node":"hath","usage":1,"weight":1},"thor":{"type":"keys","node":"thor","usage":1,"weight":1},"hatho":{"type":"keys","node":"hatho","usage":1,"weight":1},"athor":{"type":"keys","node":"athor","usage":1,"weight":1},"hathor":{"type":"fixes","node":"hathor","usage":1,"weight":1}},"Contributors":[],"FontIdentity":"1d92fe85a3ca7fe1e428895afffb024e","Bytes":4337066,"Networking":[],"barcode":"aomaimykuaeiy","referee":"yo4ska8"}