{"CSS":{"Yoghurt-Bold":"Yoghurt-Bold.css","Yoghurt Bold":"73da1d300cca8372872131b2dea94614.css"},"FontType":"TrueType","FontCopyright":"Yogurt Bold CopyrightCopr. 1995 S.E.Walker ","FontName":"Yoghurt","FontSubfamily":"Bold","FontSubfamilyID":"FontForge 2.0 : Yoghurt-Bold : 29-5-2016","FontFullName":"Yoghurt Bold","FontVersion":"Version 001.000 ","FontWeight":null,"FontPostscriptName":"Yoghurt-Bold","Files":{"\/Yoghurt-Bold.css":"\/Yoghurt-Bold.css","\/font-resource.json":"\/font-resource.json","\/yoghurt-bold.afm":"\/yoghurt-bold.afm","\/yoghurt-bold.bin":"\/yoghurt-bold.bin","\/yoghurt-bold.cef":"\/yoghurt-bold.cef","\/yoghurt-bold.cff":"\/yoghurt-bold.cff","\/yoghurt-bold.dfont":"\/yoghurt-bold.dfont","\/yoghurt-bold.eot":"\/yoghurt-bold.eot","\/yoghurt-bold.fon":"\/yoghurt-bold.fon","\/yoghurt-bold.gai":"\/yoghurt-bold.gai","\/yoghurt-bold.gsf":"\/yoghurt-bold.gsf","\/yoghurt-bold.hqx":"\/yoghurt-bold.hqx","\/yoghurt-bold.ik":"\/yoghurt-bold.ik","\/yoghurt-bold.mf":"\/yoghurt-bold.mf","\/yoghurt-bold.otf":"\/yoghurt-bold.otf","\/yoghurt-bold.pcf":"\/yoghurt-bold.pcf","\/yoghurt-bold.pf3":"\/yoghurt-bold.pf3","\/yoghurt-bold.pfa":"\/yoghurt-bold.pfa","\/yoghurt-bold.pfb":"\/yoghurt-bold.pfb","\/yoghurt-bold.php":"\/yoghurt-bold.php","\/yoghurt-bold.pmf":"\/yoghurt-bold.pmf","\/yoghurt-bold.pt3":"\/yoghurt-bold.pt3","\/yoghurt-bold.sfd":"\/yoghurt-bold.sfd","\/yoghurt-bold.svg":"\/yoghurt-bold.svg","\/yoghurt-bold.t42":"\/yoghurt-bold.t42","\/yoghurt-bold.ttd":"\/yoghurt-bold.ttd","\/yoghurt-bold.ttf":"\/yoghurt-bold.ttf","\/yoghurt-bold.ttg":"\/yoghurt-bold.ttg","\/yoghurt-bold.ufm":"\/yoghurt-bold.ufm","\/yoghurt-bold.woff":"\/yoghurt-bold.woff","\/yoghurt-bold.z":"\/yoghurt-bold.z","\/yoghurt-bold.ufo\/feature.fea":"\/yoghurt-bold.ufo\/feature.fea","\/yoghurt-bold.ufo\/fontinfo.plist":"\/yoghurt-bold.ufo\/fontinfo.plist","\/yoghurt-bold.ufo\/groups.plist":"\/yoghurt-bold.ufo\/groups.plist","\/yoghurt-bold.ufo\/kerning.plist":"\/yoghurt-bold.ufo\/kerning.plist","\/yoghurt-bold.ufo\/metainfo.plist":"\/yoghurt-bold.ufo\/metainfo.plist","\/yoghurt-bold.ufo\/glyphs\/A_.glif":"\/yoghurt-bold.ufo\/glyphs\/A_.glif","\/yoghurt-bold.ufo\/glyphs\/A_E_.glif":"\/yoghurt-bold.ufo\/glyphs\/A_E_.glif","\/yoghurt-bold.ufo\/glyphs\/A_acute.glif":"\/yoghurt-bold.ufo\/glyphs\/A_acute.glif","\/yoghurt-bold.ufo\/glyphs\/A_circumflex.glif":"\/yoghurt-bold.ufo\/glyphs\/A_circumflex.glif","\/yoghurt-bold.ufo\/glyphs\/A_dieresis.glif":"\/yoghurt-bold.ufo\/glyphs\/A_dieresis.glif","\/yoghurt-bold.ufo\/glyphs\/A_grave.glif":"\/yoghurt-bold.ufo\/glyphs\/A_grave.glif","\/yoghurt-bold.ufo\/glyphs\/A_ring.glif":"\/yoghurt-bold.ufo\/glyphs\/A_ring.glif","\/yoghurt-bold.ufo\/glyphs\/A_tilde.glif":"\/yoghurt-bold.ufo\/glyphs\/A_tilde.glif","\/yoghurt-bold.ufo\/glyphs\/B_.glif":"\/yoghurt-bold.ufo\/glyphs\/B_.glif","\/yoghurt-bold.ufo\/glyphs\/C_.glif":"\/yoghurt-bold.ufo\/glyphs\/C_.glif","\/yoghurt-bold.ufo\/glyphs\/C_R_.glif":"\/yoghurt-bold.ufo\/glyphs\/C_R_.glif","\/yoghurt-bold.ufo\/glyphs\/C_cedilla.glif":"\/yoghurt-bold.ufo\/glyphs\/C_cedilla.glif","\/yoghurt-bold.ufo\/glyphs\/D_.glif":"\/yoghurt-bold.ufo\/glyphs\/D_.glif","\/yoghurt-bold.ufo\/glyphs\/D_C_1.glif":"\/yoghurt-bold.ufo\/glyphs\/D_C_1.glif","\/yoghurt-bold.ufo\/glyphs\/D_C_2.glif":"\/yoghurt-bold.ufo\/glyphs\/D_C_2.glif","\/yoghurt-bold.ufo\/glyphs\/D_C_3.glif":"\/yoghurt-bold.ufo\/glyphs\/D_C_3.glif","\/yoghurt-bold.ufo\/glyphs\/D_C_4.glif":"\/yoghurt-bold.ufo\/glyphs\/D_C_4.glif","\/yoghurt-bold.ufo\/glyphs\/D_E_L_.glif":"\/yoghurt-bold.ufo\/glyphs\/D_E_L_.glif","\/yoghurt-bold.ufo\/glyphs\/D_L_E_.glif":"\/yoghurt-bold.ufo\/glyphs\/D_L_E_.glif","\/yoghurt-bold.ufo\/glyphs\/D_elta.glif":"\/yoghurt-bold.ufo\/glyphs\/D_elta.glif","\/yoghurt-bold.ufo\/glyphs\/E_.glif":"\/yoghurt-bold.ufo\/glyphs\/E_.glif","\/yoghurt-bold.ufo\/glyphs\/E_acute.glif":"\/yoghurt-bold.ufo\/glyphs\/E_acute.glif","\/yoghurt-bold.ufo\/glyphs\/E_circumflex.glif":"\/yoghurt-bold.ufo\/glyphs\/E_circumflex.glif","\/yoghurt-bold.ufo\/glyphs\/E_dieresis.glif":"\/yoghurt-bold.ufo\/glyphs\/E_dieresis.glif","\/yoghurt-bold.ufo\/glyphs\/E_grave.glif":"\/yoghurt-bold.ufo\/glyphs\/E_grave.glif","\/yoghurt-bold.ufo\/glyphs\/E_th.glif":"\/yoghurt-bold.ufo\/glyphs\/E_th.glif","\/yoghurt-bold.ufo\/glyphs\/F_.glif":"\/yoghurt-bold.ufo\/glyphs\/F_.glif","\/yoghurt-bold.ufo\/glyphs\/G_.glif":"\/yoghurt-bold.ufo\/glyphs\/G_.glif","\/yoghurt-bold.ufo\/glyphs\/H_.glif":"\/yoghurt-bold.ufo\/glyphs\/H_.glif","\/yoghurt-bold.ufo\/glyphs\/H_T_.glif":"\/yoghurt-bold.ufo\/glyphs\/H_T_.glif","\/yoghurt-bold.ufo\/glyphs\/I_.glif":"\/yoghurt-bold.ufo\/glyphs\/I_.glif","\/yoghurt-bold.ufo\/glyphs\/I_acute.glif":"\/yoghurt-bold.ufo\/glyphs\/I_acute.glif","\/yoghurt-bold.ufo\/glyphs\/I_circumflex.glif":"\/yoghurt-bold.ufo\/glyphs\/I_circumflex.glif","\/yoghurt-bold.ufo\/glyphs\/I_dieresis.glif":"\/yoghurt-bold.ufo\/glyphs\/I_dieresis.glif","\/yoghurt-bold.ufo\/glyphs\/I_grave.glif":"\/yoghurt-bold.ufo\/glyphs\/I_grave.glif","\/yoghurt-bold.ufo\/glyphs\/J_.glif":"\/yoghurt-bold.ufo\/glyphs\/J_.glif","\/yoghurt-bold.ufo\/glyphs\/K_.glif":"\/yoghurt-bold.ufo\/glyphs\/K_.glif","\/yoghurt-bold.ufo\/glyphs\/L_.glif":"\/yoghurt-bold.ufo\/glyphs\/L_.glif","\/yoghurt-bold.ufo\/glyphs\/L_F_.glif":"\/yoghurt-bold.ufo\/glyphs\/L_F_.glif","\/yoghurt-bold.ufo\/glyphs\/L_slash.glif":"\/yoghurt-bold.ufo\/glyphs\/L_slash.glif","\/yoghurt-bold.ufo\/glyphs\/M_.glif":"\/yoghurt-bold.ufo\/glyphs\/M_.glif","\/yoghurt-bold.ufo\/glyphs\/N_.glif":"\/yoghurt-bold.ufo\/glyphs\/N_.glif","\/yoghurt-bold.ufo\/glyphs\/N_tilde.glif":"\/yoghurt-bold.ufo\/glyphs\/N_tilde.glif","\/yoghurt-bold.ufo\/glyphs\/O_.glif":"\/yoghurt-bold.ufo\/glyphs\/O_.glif","\/yoghurt-bold.ufo\/glyphs\/O_E_.glif":"\/yoghurt-bold.ufo\/glyphs\/O_E_.glif","\/yoghurt-bold.ufo\/glyphs\/O_M_E_G_A_.glif":"\/yoghurt-bold.ufo\/glyphs\/O_M_E_G_A_.glif","\/yoghurt-bold.ufo\/glyphs\/O_acute.glif":"\/yoghurt-bold.ufo\/glyphs\/O_acute.glif","\/yoghurt-bold.ufo\/glyphs\/O_circumflex.glif":"\/yoghurt-bold.ufo\/glyphs\/O_circumflex.glif","\/yoghurt-bold.ufo\/glyphs\/O_dieresis.glif":"\/yoghurt-bold.ufo\/glyphs\/O_dieresis.glif","\/yoghurt-bold.ufo\/glyphs\/O_grave.glif":"\/yoghurt-bold.ufo\/glyphs\/O_grave.glif","\/yoghurt-bold.ufo\/glyphs\/O_mega.glif":"\/yoghurt-bold.ufo\/glyphs\/O_mega.glif","\/yoghurt-bold.ufo\/glyphs\/O_slash.glif":"\/yoghurt-bold.ufo\/glyphs\/O_slash.glif","\/yoghurt-bold.ufo\/glyphs\/O_tilde.glif":"\/yoghurt-bold.ufo\/glyphs\/O_tilde.glif","\/yoghurt-bold.ufo\/glyphs\/P_.glif":"\/yoghurt-bold.ufo\/glyphs\/P_.glif","\/yoghurt-bold.ufo\/glyphs\/Q_.glif":"\/yoghurt-bold.ufo\/glyphs\/Q_.glif","\/yoghurt-bold.ufo\/glyphs\/R_.glif":"\/yoghurt-bold.ufo\/glyphs\/R_.glif","\/yoghurt-bold.ufo\/glyphs\/R_S_.glif":"\/yoghurt-bold.ufo\/glyphs\/R_S_.glif","\/yoghurt-bold.ufo\/glyphs\/S_.glif":"\/yoghurt-bold.ufo\/glyphs\/S_.glif","\/yoghurt-bold.ufo\/glyphs\/S_caron.glif":"\/yoghurt-bold.ufo\/glyphs\/S_caron.glif","\/yoghurt-bold.ufo\/glyphs\/T_.glif":"\/yoghurt-bold.ufo\/glyphs\/T_.glif","\/yoghurt-bold.ufo\/glyphs\/T_horn.glif":"\/yoghurt-bold.ufo\/glyphs\/T_horn.glif","\/yoghurt-bold.ufo\/glyphs\/U_.glif":"\/yoghurt-bold.ufo\/glyphs\/U_.glif","\/yoghurt-bold.ufo\/glyphs\/U_S_.glif":"\/yoghurt-bold.ufo\/glyphs\/U_S_.glif","\/yoghurt-bold.ufo\/glyphs\/U_acute.glif":"\/yoghurt-bold.ufo\/glyphs\/U_acute.glif","\/yoghurt-bold.ufo\/glyphs\/U_circumflex.glif":"\/yoghurt-bold.ufo\/glyphs\/U_circumflex.glif","\/yoghurt-bold.ufo\/glyphs\/U_dieresis.glif":"\/yoghurt-bold.ufo\/glyphs\/U_dieresis.glif","\/yoghurt-bold.ufo\/glyphs\/U_grave.glif":"\/yoghurt-bold.ufo\/glyphs\/U_grave.glif","\/yoghurt-bold.ufo\/glyphs\/V_.glif":"\/yoghurt-bold.ufo\/glyphs\/V_.glif","\/yoghurt-bold.ufo\/glyphs\/W_.glif":"\/yoghurt-bold.ufo\/glyphs\/W_.glif","\/yoghurt-bold.ufo\/glyphs\/X_.glif":"\/yoghurt-bold.ufo\/glyphs\/X_.glif","\/yoghurt-bold.ufo\/glyphs\/Y_.glif":"\/yoghurt-bold.ufo\/glyphs\/Y_.glif","\/yoghurt-bold.ufo\/glyphs\/Y_acute.glif":"\/yoghurt-bold.ufo\/glyphs\/Y_acute.glif","\/yoghurt-bold.ufo\/glyphs\/Y_dieresis.glif":"\/yoghurt-bold.ufo\/glyphs\/Y_dieresis.glif","\/yoghurt-bold.ufo\/glyphs\/Z_.glif":"\/yoghurt-bold.ufo\/glyphs\/Z_.glif","\/yoghurt-bold.ufo\/glyphs\/Z_caron.glif":"\/yoghurt-bold.ufo\/glyphs\/Z_caron.glif","\/yoghurt-bold.ufo\/glyphs\/_notdef.glif":"\/yoghurt-bold.ufo\/glyphs\/_notdef.glif","\/yoghurt-bold.ufo\/glyphs\/a.glif":"\/yoghurt-bold.ufo\/glyphs\/a.glif","\/yoghurt-bold.ufo\/glyphs\/aacute.glif":"\/yoghurt-bold.ufo\/glyphs\/aacute.glif","\/yoghurt-bold.ufo\/glyphs\/acircumflex.glif":"\/yoghurt-bold.ufo\/glyphs\/acircumflex.glif","\/yoghurt-bold.ufo\/glyphs\/acute.glif":"\/yoghurt-bold.ufo\/glyphs\/acute.glif","\/yoghurt-bold.ufo\/glyphs\/adieresis.glif":"\/yoghurt-bold.ufo\/glyphs\/adieresis.glif","\/yoghurt-bold.ufo\/glyphs\/ae.glif":"\/yoghurt-bold.ufo\/glyphs\/ae.glif","\/yoghurt-bold.ufo\/glyphs\/agrave.glif":"\/yoghurt-bold.ufo\/glyphs\/agrave.glif","\/yoghurt-bold.ufo\/glyphs\/ampersand.glif":"\/yoghurt-bold.ufo\/glyphs\/ampersand.glif","\/yoghurt-bold.ufo\/glyphs\/apple.glif":"\/yoghurt-bold.ufo\/glyphs\/apple.glif","\/yoghurt-bold.ufo\/glyphs\/approxequal.glif":"\/yoghurt-bold.ufo\/glyphs\/approxequal.glif","\/yoghurt-bold.ufo\/glyphs\/aring.glif":"\/yoghurt-bold.ufo\/glyphs\/aring.glif","\/yoghurt-bold.ufo\/glyphs\/asciicircum.glif":"\/yoghurt-bold.ufo\/glyphs\/asciicircum.glif","\/yoghurt-bold.ufo\/glyphs\/asciitilde.glif":"\/yoghurt-bold.ufo\/glyphs\/asciitilde.glif","\/yoghurt-bold.ufo\/glyphs\/asterisk.glif":"\/yoghurt-bold.ufo\/glyphs\/asterisk.glif","\/yoghurt-bold.ufo\/glyphs\/at.glif":"\/yoghurt-bold.ufo\/glyphs\/at.glif","\/yoghurt-bold.ufo\/glyphs\/atilde.glif":"\/yoghurt-bold.ufo\/glyphs\/atilde.glif","\/yoghurt-bold.ufo\/glyphs\/b.glif":"\/yoghurt-bold.ufo\/glyphs\/b.glif","\/yoghurt-bold.ufo\/glyphs\/backslash.glif":"\/yoghurt-bold.ufo\/glyphs\/backslash.glif","\/yoghurt-bold.ufo\/glyphs\/bar.glif":"\/yoghurt-bold.ufo\/glyphs\/bar.glif","\/yoghurt-bold.ufo\/glyphs\/braceleft.glif":"\/yoghurt-bold.ufo\/glyphs\/braceleft.glif","\/yoghurt-bold.ufo\/glyphs\/braceright.glif":"\/yoghurt-bold.ufo\/glyphs\/braceright.glif","\/yoghurt-bold.ufo\/glyphs\/bracketleft.glif":"\/yoghurt-bold.ufo\/glyphs\/bracketleft.glif","\/yoghurt-bold.ufo\/glyphs\/bracketright.glif":"\/yoghurt-bold.ufo\/glyphs\/bracketright.glif","\/yoghurt-bold.ufo\/glyphs\/breve.glif":"\/yoghurt-bold.ufo\/glyphs\/breve.glif","\/yoghurt-bold.ufo\/glyphs\/brokenbar.glif":"\/yoghurt-bold.ufo\/glyphs\/brokenbar.glif","\/yoghurt-bold.ufo\/glyphs\/bullet.glif":"\/yoghurt-bold.ufo\/glyphs\/bullet.glif","\/yoghurt-bold.ufo\/glyphs\/c.glif":"\/yoghurt-bold.ufo\/glyphs\/c.glif","\/yoghurt-bold.ufo\/glyphs\/caron.glif":"\/yoghurt-bold.ufo\/glyphs\/caron.glif","\/yoghurt-bold.ufo\/glyphs\/ccedilla.glif":"\/yoghurt-bold.ufo\/glyphs\/ccedilla.glif","\/yoghurt-bold.ufo\/glyphs\/cedilla.glif":"\/yoghurt-bold.ufo\/glyphs\/cedilla.glif","\/yoghurt-bold.ufo\/glyphs\/cent.glif":"\/yoghurt-bold.ufo\/glyphs\/cent.glif","\/yoghurt-bold.ufo\/glyphs\/circumflex.glif":"\/yoghurt-bold.ufo\/glyphs\/circumflex.glif","\/yoghurt-bold.ufo\/glyphs\/colon.glif":"\/yoghurt-bold.ufo\/glyphs\/colon.glif","\/yoghurt-bold.ufo\/glyphs\/comma.glif":"\/yoghurt-bold.ufo\/glyphs\/comma.glif","\/yoghurt-bold.ufo\/glyphs\/contents.plist":"\/yoghurt-bold.ufo\/glyphs\/contents.plist","\/yoghurt-bold.ufo\/glyphs\/copyright.glif":"\/yoghurt-bold.ufo\/glyphs\/copyright.glif","\/yoghurt-bold.ufo\/glyphs\/currency.glif":"\/yoghurt-bold.ufo\/glyphs\/currency.glif","\/yoghurt-bold.ufo\/glyphs\/d.glif":"\/yoghurt-bold.ufo\/glyphs\/d.glif","\/yoghurt-bold.ufo\/glyphs\/dagger.glif":"\/yoghurt-bold.ufo\/glyphs\/dagger.glif","\/yoghurt-bold.ufo\/glyphs\/daggerdbl.glif":"\/yoghurt-bold.ufo\/glyphs\/daggerdbl.glif","\/yoghurt-bold.ufo\/glyphs\/degree.glif":"\/yoghurt-bold.ufo\/glyphs\/degree.glif","\/yoghurt-bold.ufo\/glyphs\/dieresis.glif":"\/yoghurt-bold.ufo\/glyphs\/dieresis.glif","\/yoghurt-bold.ufo\/glyphs\/divide.glif":"\/yoghurt-bold.ufo\/glyphs\/divide.glif","\/yoghurt-bold.ufo\/glyphs\/dollar.glif":"\/yoghurt-bold.ufo\/glyphs\/dollar.glif","\/yoghurt-bold.ufo\/glyphs\/dotaccent.glif":"\/yoghurt-bold.ufo\/glyphs\/dotaccent.glif","\/yoghurt-bold.ufo\/glyphs\/dotlessi.glif":"\/yoghurt-bold.ufo\/glyphs\/dotlessi.glif","\/yoghurt-bold.ufo\/glyphs\/e.glif":"\/yoghurt-bold.ufo\/glyphs\/e.glif","\/yoghurt-bold.ufo\/glyphs\/eacute.glif":"\/yoghurt-bold.ufo\/glyphs\/eacute.glif","\/yoghurt-bold.ufo\/glyphs\/ecircumflex.glif":"\/yoghurt-bold.ufo\/glyphs\/ecircumflex.glif","\/yoghurt-bold.ufo\/glyphs\/edieresis.glif":"\/yoghurt-bold.ufo\/glyphs\/edieresis.glif","\/yoghurt-bold.ufo\/glyphs\/egrave.glif":"\/yoghurt-bold.ufo\/glyphs\/egrave.glif","\/yoghurt-bold.ufo\/glyphs\/eight.glif":"\/yoghurt-bold.ufo\/glyphs\/eight.glif","\/yoghurt-bold.ufo\/glyphs\/ellipsis.glif":"\/yoghurt-bold.ufo\/glyphs\/ellipsis.glif","\/yoghurt-bold.ufo\/glyphs\/emdash.glif":"\/yoghurt-bold.ufo\/glyphs\/emdash.glif","\/yoghurt-bold.ufo\/glyphs\/endash.glif":"\/yoghurt-bold.ufo\/glyphs\/endash.glif","\/yoghurt-bold.ufo\/glyphs\/equal.glif":"\/yoghurt-bold.ufo\/glyphs\/equal.glif","\/yoghurt-bold.ufo\/glyphs\/eth.glif":"\/yoghurt-bold.ufo\/glyphs\/eth.glif","\/yoghurt-bold.ufo\/glyphs\/exclam.glif":"\/yoghurt-bold.ufo\/glyphs\/exclam.glif","\/yoghurt-bold.ufo\/glyphs\/exclamdown.glif":"\/yoghurt-bold.ufo\/glyphs\/exclamdown.glif","\/yoghurt-bold.ufo\/glyphs\/f.glif":"\/yoghurt-bold.ufo\/glyphs\/f.glif","\/yoghurt-bold.ufo\/glyphs\/fi.glif":"\/yoghurt-bold.ufo\/glyphs\/fi.glif","\/yoghurt-bold.ufo\/glyphs\/five.glif":"\/yoghurt-bold.ufo\/glyphs\/five.glif","\/yoghurt-bold.ufo\/glyphs\/fl.glif":"\/yoghurt-bold.ufo\/glyphs\/fl.glif","\/yoghurt-bold.ufo\/glyphs\/florin.glif":"\/yoghurt-bold.ufo\/glyphs\/florin.glif","\/yoghurt-bold.ufo\/glyphs\/four.glif":"\/yoghurt-bold.ufo\/glyphs\/four.glif","\/yoghurt-bold.ufo\/glyphs\/fraction.glif":"\/yoghurt-bold.ufo\/glyphs\/fraction.glif","\/yoghurt-bold.ufo\/glyphs\/g.glif":"\/yoghurt-bold.ufo\/glyphs\/g.glif","\/yoghurt-bold.ufo\/glyphs\/germandbls.glif":"\/yoghurt-bold.ufo\/glyphs\/germandbls.glif","\/yoghurt-bold.ufo\/glyphs\/grave.glif":"\/yoghurt-bold.ufo\/glyphs\/grave.glif","\/yoghurt-bold.ufo\/glyphs\/greater.glif":"\/yoghurt-bold.ufo\/glyphs\/greater.glif","\/yoghurt-bold.ufo\/glyphs\/greaterequal.glif":"\/yoghurt-bold.ufo\/glyphs\/greaterequal.glif","\/yoghurt-bold.ufo\/glyphs\/guillemotleft.glif":"\/yoghurt-bold.ufo\/glyphs\/guillemotleft.glif","\/yoghurt-bold.ufo\/glyphs\/guillemotright.glif":"\/yoghurt-bold.ufo\/glyphs\/guillemotright.glif","\/yoghurt-bold.ufo\/glyphs\/guilsinglleft.glif":"\/yoghurt-bold.ufo\/glyphs\/guilsinglleft.glif","\/yoghurt-bold.ufo\/glyphs\/guilsinglright.glif":"\/yoghurt-bold.ufo\/glyphs\/guilsinglright.glif","\/yoghurt-bold.ufo\/glyphs\/h.glif":"\/yoghurt-bold.ufo\/glyphs\/h.glif","\/yoghurt-bold.ufo\/glyphs\/hungarumlaut.glif":"\/yoghurt-bold.ufo\/glyphs\/hungarumlaut.glif","\/yoghurt-bold.ufo\/glyphs\/hyphen.glif":"\/yoghurt-bold.ufo\/glyphs\/hyphen.glif","\/yoghurt-bold.ufo\/glyphs\/i.glif":"\/yoghurt-bold.ufo\/glyphs\/i.glif","\/yoghurt-bold.ufo\/glyphs\/iacute.glif":"\/yoghurt-bold.ufo\/glyphs\/iacute.glif","\/yoghurt-bold.ufo\/glyphs\/icircumflex.glif":"\/yoghurt-bold.ufo\/glyphs\/icircumflex.glif","\/yoghurt-bold.ufo\/glyphs\/idieresis.glif":"\/yoghurt-bold.ufo\/glyphs\/idieresis.glif","\/yoghurt-bold.ufo\/glyphs\/igrave.glif":"\/yoghurt-bold.ufo\/glyphs\/igrave.glif","\/yoghurt-bold.ufo\/glyphs\/infinity.glif":"\/yoghurt-bold.ufo\/glyphs\/infinity.glif","\/yoghurt-bold.ufo\/glyphs\/integral.glif":"\/yoghurt-bold.ufo\/glyphs\/integral.glif","\/yoghurt-bold.ufo\/glyphs\/j.glif":"\/yoghurt-bold.ufo\/glyphs\/j.glif","\/yoghurt-bold.ufo\/glyphs\/k.glif":"\/yoghurt-bold.ufo\/glyphs\/k.glif","\/yoghurt-bold.ufo\/glyphs\/l.glif":"\/yoghurt-bold.ufo\/glyphs\/l.glif","\/yoghurt-bold.ufo\/glyphs\/less.glif":"\/yoghurt-bold.ufo\/glyphs\/less.glif","\/yoghurt-bold.ufo\/glyphs\/lessequal.glif":"\/yoghurt-bold.ufo\/glyphs\/lessequal.glif","\/yoghurt-bold.ufo\/glyphs\/logicalnot.glif":"\/yoghurt-bold.ufo\/glyphs\/logicalnot.glif","\/yoghurt-bold.ufo\/glyphs\/lozenge.glif":"\/yoghurt-bold.ufo\/glyphs\/lozenge.glif","\/yoghurt-bold.ufo\/glyphs\/lslash.glif":"\/yoghurt-bold.ufo\/glyphs\/lslash.glif","\/yoghurt-bold.ufo\/glyphs\/m.glif":"\/yoghurt-bold.ufo\/glyphs\/m.glif","\/yoghurt-bold.ufo\/glyphs\/macron.glif":"\/yoghurt-bold.ufo\/glyphs\/macron.glif","\/yoghurt-bold.ufo\/glyphs\/minus.glif":"\/yoghurt-bold.ufo\/glyphs\/minus.glif","\/yoghurt-bold.ufo\/glyphs\/mu.glif":"\/yoghurt-bold.ufo\/glyphs\/mu.glif","\/yoghurt-bold.ufo\/glyphs\/multiply.glif":"\/yoghurt-bold.ufo\/glyphs\/multiply.glif","\/yoghurt-bold.ufo\/glyphs\/n.glif":"\/yoghurt-bold.ufo\/glyphs\/n.glif","\/yoghurt-bold.ufo\/glyphs\/nbspace.glif":"\/yoghurt-bold.ufo\/glyphs\/nbspace.glif","\/yoghurt-bold.ufo\/glyphs\/nine.glif":"\/yoghurt-bold.ufo\/glyphs\/nine.glif","\/yoghurt-bold.ufo\/glyphs\/notequal.glif":"\/yoghurt-bold.ufo\/glyphs\/notequal.glif","\/yoghurt-bold.ufo\/glyphs\/ntilde.glif":"\/yoghurt-bold.ufo\/glyphs\/ntilde.glif","\/yoghurt-bold.ufo\/glyphs\/numbersign.glif":"\/yoghurt-bold.ufo\/glyphs\/numbersign.glif","\/yoghurt-bold.ufo\/glyphs\/o.glif":"\/yoghurt-bold.ufo\/glyphs\/o.glif","\/yoghurt-bold.ufo\/glyphs\/oacute.glif":"\/yoghurt-bold.ufo\/glyphs\/oacute.glif","\/yoghurt-bold.ufo\/glyphs\/ocircumflex.glif":"\/yoghurt-bold.ufo\/glyphs\/ocircumflex.glif","\/yoghurt-bold.ufo\/glyphs\/odieresis.glif":"\/yoghurt-bold.ufo\/glyphs\/odieresis.glif","\/yoghurt-bold.ufo\/glyphs\/oe.glif":"\/yoghurt-bold.ufo\/glyphs\/oe.glif","\/yoghurt-bold.ufo\/glyphs\/ogonek.glif":"\/yoghurt-bold.ufo\/glyphs\/ogonek.glif","\/yoghurt-bold.ufo\/glyphs\/ograve.glif":"\/yoghurt-bold.ufo\/glyphs\/ograve.glif","\/yoghurt-bold.ufo\/glyphs\/one.glif":"\/yoghurt-bold.ufo\/glyphs\/one.glif","\/yoghurt-bold.ufo\/glyphs\/onehalf.glif":"\/yoghurt-bold.ufo\/glyphs\/onehalf.glif","\/yoghurt-bold.ufo\/glyphs\/onequarter.glif":"\/yoghurt-bold.ufo\/glyphs\/onequarter.glif","\/yoghurt-bold.ufo\/glyphs\/onesuperior.glif":"\/yoghurt-bold.ufo\/glyphs\/onesuperior.glif","\/yoghurt-bold.ufo\/glyphs\/ordfeminine.glif":"\/yoghurt-bold.ufo\/glyphs\/ordfeminine.glif","\/yoghurt-bold.ufo\/glyphs\/ordmasculine.glif":"\/yoghurt-bold.ufo\/glyphs\/ordmasculine.glif","\/yoghurt-bold.ufo\/glyphs\/oslash.glif":"\/yoghurt-bold.ufo\/glyphs\/oslash.glif","\/yoghurt-bold.ufo\/glyphs\/otilde.glif":"\/yoghurt-bold.ufo\/glyphs\/otilde.glif","\/yoghurt-bold.ufo\/glyphs\/p.glif":"\/yoghurt-bold.ufo\/glyphs\/p.glif","\/yoghurt-bold.ufo\/glyphs\/paragraph.glif":"\/yoghurt-bold.ufo\/glyphs\/paragraph.glif","\/yoghurt-bold.ufo\/glyphs\/parenleft.glif":"\/yoghurt-bold.ufo\/glyphs\/parenleft.glif","\/yoghurt-bold.ufo\/glyphs\/parenright.glif":"\/yoghurt-bold.ufo\/glyphs\/parenright.glif","\/yoghurt-bold.ufo\/glyphs\/partialdiff.glif":"\/yoghurt-bold.ufo\/glyphs\/partialdiff.glif","\/yoghurt-bold.ufo\/glyphs\/percent.glif":"\/yoghurt-bold.ufo\/glyphs\/percent.glif","\/yoghurt-bold.ufo\/glyphs\/period.glif":"\/yoghurt-bold.ufo\/glyphs\/period.glif","\/yoghurt-bold.ufo\/glyphs\/periodcentered.glif":"\/yoghurt-bold.ufo\/glyphs\/periodcentered.glif","\/yoghurt-bold.ufo\/glyphs\/perthousand.glif":"\/yoghurt-bold.ufo\/glyphs\/perthousand.glif","\/yoghurt-bold.ufo\/glyphs\/pi.glif":"\/yoghurt-bold.ufo\/glyphs\/pi.glif","\/yoghurt-bold.ufo\/glyphs\/plus.glif":"\/yoghurt-bold.ufo\/glyphs\/plus.glif","\/yoghurt-bold.ufo\/glyphs\/plusminus.glif":"\/yoghurt-bold.ufo\/glyphs\/plusminus.glif","\/yoghurt-bold.ufo\/glyphs\/product.glif":"\/yoghurt-bold.ufo\/glyphs\/product.glif","\/yoghurt-bold.ufo\/glyphs\/q.glif":"\/yoghurt-bold.ufo\/glyphs\/q.glif","\/yoghurt-bold.ufo\/glyphs\/question.glif":"\/yoghurt-bold.ufo\/glyphs\/question.glif","\/yoghurt-bold.ufo\/glyphs\/questiondown.glif":"\/yoghurt-bold.ufo\/glyphs\/questiondown.glif","\/yoghurt-bold.ufo\/glyphs\/quotedbl.glif":"\/yoghurt-bold.ufo\/glyphs\/quotedbl.glif","\/yoghurt-bold.ufo\/glyphs\/quotedblbase.glif":"\/yoghurt-bold.ufo\/glyphs\/quotedblbase.glif","\/yoghurt-bold.ufo\/glyphs\/quotedblleft.glif":"\/yoghurt-bold.ufo\/glyphs\/quotedblleft.glif","\/yoghurt-bold.ufo\/glyphs\/quotedblright.glif":"\/yoghurt-bold.ufo\/glyphs\/quotedblright.glif","\/yoghurt-bold.ufo\/glyphs\/quoteleft.glif":"\/yoghurt-bold.ufo\/glyphs\/quoteleft.glif","\/yoghurt-bold.ufo\/glyphs\/quoteright.glif":"\/yoghurt-bold.ufo\/glyphs\/quoteright.glif","\/yoghurt-bold.ufo\/glyphs\/quotesinglbase.glif":"\/yoghurt-bold.ufo\/glyphs\/quotesinglbase.glif","\/yoghurt-bold.ufo\/glyphs\/quotesingle.glif":"\/yoghurt-bold.ufo\/glyphs\/quotesingle.glif","\/yoghurt-bold.ufo\/glyphs\/r.glif":"\/yoghurt-bold.ufo\/glyphs\/r.glif","\/yoghurt-bold.ufo\/glyphs\/registered.glif":"\/yoghurt-bold.ufo\/glyphs\/registered.glif","\/yoghurt-bold.ufo\/glyphs\/ring.glif":"\/yoghurt-bold.ufo\/glyphs\/ring.glif","\/yoghurt-bold.ufo\/glyphs\/s.glif":"\/yoghurt-bold.ufo\/glyphs\/s.glif","\/yoghurt-bold.ufo\/glyphs\/scaron.glif":"\/yoghurt-bold.ufo\/glyphs\/scaron.glif","\/yoghurt-bold.ufo\/glyphs\/section.glif":"\/yoghurt-bold.ufo\/glyphs\/section.glif","\/yoghurt-bold.ufo\/glyphs\/semicolon.glif":"\/yoghurt-bold.ufo\/glyphs\/semicolon.glif","\/yoghurt-bold.ufo\/glyphs\/seven.glif":"\/yoghurt-bold.ufo\/glyphs\/seven.glif","\/yoghurt-bold.ufo\/glyphs\/six.glif":"\/yoghurt-bold.ufo\/glyphs\/six.glif","\/yoghurt-bold.ufo\/glyphs\/slash.glif":"\/yoghurt-bold.ufo\/glyphs\/slash.glif","\/yoghurt-bold.ufo\/glyphs\/space.glif":"\/yoghurt-bold.ufo\/glyphs\/space.glif","\/yoghurt-bold.ufo\/glyphs\/sterling.glif":"\/yoghurt-bold.ufo\/glyphs\/sterling.glif","\/yoghurt-bold.ufo\/glyphs\/summation.glif":"\/yoghurt-bold.ufo\/glyphs\/summation.glif","\/yoghurt-bold.ufo\/glyphs\/t.glif":"\/yoghurt-bold.ufo\/glyphs\/t.glif","\/yoghurt-bold.ufo\/glyphs\/thorn.glif":"\/yoghurt-bold.ufo\/glyphs\/thorn.glif","\/yoghurt-bold.ufo\/glyphs\/three.glif":"\/yoghurt-bold.ufo\/glyphs\/three.glif","\/yoghurt-bold.ufo\/glyphs\/threequarters.glif":"\/yoghurt-bold.ufo\/glyphs\/threequarters.glif","\/yoghurt-bold.ufo\/glyphs\/threesuperior.glif":"\/yoghurt-bold.ufo\/glyphs\/threesuperior.glif","\/yoghurt-bold.ufo\/glyphs\/tilde.glif":"\/yoghurt-bold.ufo\/glyphs\/tilde.glif","\/yoghurt-bold.ufo\/glyphs\/trademark.glif":"\/yoghurt-bold.ufo\/glyphs\/trademark.glif","\/yoghurt-bold.ufo\/glyphs\/two.glif":"\/yoghurt-bold.ufo\/glyphs\/two.glif","\/yoghurt-bold.ufo\/glyphs\/twosuperior.glif":"\/yoghurt-bold.ufo\/glyphs\/twosuperior.glif","\/yoghurt-bold.ufo\/glyphs\/u.glif":"\/yoghurt-bold.ufo\/glyphs\/u.glif","\/yoghurt-bold.ufo\/glyphs\/uacute.glif":"\/yoghurt-bold.ufo\/glyphs\/uacute.glif","\/yoghurt-bold.ufo\/glyphs\/ucircumflex.glif":"\/yoghurt-bold.ufo\/glyphs\/ucircumflex.glif","\/yoghurt-bold.ufo\/glyphs\/udieresis.glif":"\/yoghurt-bold.ufo\/glyphs\/udieresis.glif","\/yoghurt-bold.ufo\/glyphs\/ugrave.glif":"\/yoghurt-bold.ufo\/glyphs\/ugrave.glif","\/yoghurt-bold.ufo\/glyphs\/underscore.glif":"\/yoghurt-bold.ufo\/glyphs\/underscore.glif","\/yoghurt-bold.ufo\/glyphs\/v.glif":"\/yoghurt-bold.ufo\/glyphs\/v.glif","\/yoghurt-bold.ufo\/glyphs\/w.glif":"\/yoghurt-bold.ufo\/glyphs\/w.glif","\/yoghurt-bold.ufo\/glyphs\/x.glif":"\/yoghurt-bold.ufo\/glyphs\/x.glif","\/yoghurt-bold.ufo\/glyphs\/y.glif":"\/yoghurt-bold.ufo\/glyphs\/y.glif","\/yoghurt-bold.ufo\/glyphs\/yacute.glif":"\/yoghurt-bold.ufo\/glyphs\/yacute.glif","\/yoghurt-bold.ufo\/glyphs\/ydieresis.glif":"\/yoghurt-bold.ufo\/glyphs\/ydieresis.glif","\/yoghurt-bold.ufo\/glyphs\/yen.glif":"\/yoghurt-bold.ufo\/glyphs\/yen.glif","\/yoghurt-bold.ufo\/glyphs\/z.glif":"\/yoghurt-bold.ufo\/glyphs\/z.glif","\/yoghurt-bold.ufo\/glyphs\/zcaron.glif":"\/yoghurt-bold.ufo\/glyphs\/zcaron.glif","\/yoghurt-bold.ufo\/glyphs\/zero.glif":"\/yoghurt-bold.ufo\/glyphs\/zero.glif"},"Font":{"uploaded":1465688343.2667,"licence":"gpl3","title":"Yoghurt Bold","version":2.001,"date":"Sun May 29 08:51:08 2016","creator":"root","type":"1","matrix":"0.001 0 0 0.001 0 0","named":"Yoghurt-Bold","painttype":"0","info":"10 dict dup","name":"Yoghurt-Bold","family":"Yoghurt","weight":"Bold","fstype":"0","italicangle":"0","underlineposition":"","underlinethickness":""},"Licences":{"":false},"Table":{"FFTM":{"entryLength":16,"tag":"FFTM","checksum":1931298186,"offset":209776,"length":28},"GDEF":{"entryLength":16,"tag":"GDEF","checksum":19857414,"offset":209744,"length":32},"OS\/2":{"entryLength":16,"tag":"OS\/2","checksum":2029993593,"offset":344,"length":86},"cmap":{"entryLength":16,"tag":"cmap","checksum":3657822238,"offset":1464,"length":646},"gasp":{"entryLength":16,"tag":"gasp","checksum":4294901763,"offset":209736,"length":8},"glyf":{"entryLength":16,"tag":"glyf","checksum":3734276585,"offset":3148,"length":205384},"head":{"entryLength":16,"tag":"head","checksum":470410920,"offset":220,"length":54},"hhea":{"entryLength":16,"tag":"hhea","checksum":444929799,"offset":276,"length":36},"hmtx":{"entryLength":16,"tag":"hmtx","checksum":2939162987,"offset":432,"length":1032},"loca":{"entryLength":16,"tag":"loca","checksum":24501916,"offset":2112,"length":1036},"maxp":{"entryLength":16,"tag":"maxp","checksum":35394206,"offset":312,"length":32},"name":{"entryLength":16,"tag":"name","checksum":4069702339,"offset":208532,"length":597},"post":{"entryLength":16,"tag":"post","checksum":3918807153,"offset":209132,"length":603}},"UnicodeCharMap":{"32":3,"33":4,"34":5,"35":6,"36":7,"37":8,"38":9,"39":10,"40":11,"41":12,"42":13,"43":14,"44":15,"45":16,"46":17,"47":18,"48":19,"49":20,"50":21,"51":22,"52":23,"53":24,"54":25,"55":26,"56":27,"57":28,"58":29,"59":30,"60":31,"61":32,"62":33,"63":34,"64":35,"65":36,"66":37,"67":38,"68":39,"69":40,"70":41,"71":42,"72":43,"73":44,"74":45,"75":46,"76":47,"77":48,"78":49,"79":50,"80":51,"81":52,"82":53,"83":54,"84":55,"85":56,"86":57,"87":58,"88":59,"89":60,"90":61,"91":62,"92":63,"93":64,"94":65,"95":66,"96":67,"97":68,"98":69,"99":70,"100":71,"101":72,"102":73,"103":74,"104":75,"105":76,"106":77,"107":78,"108":79,"109":80,"110":81,"111":82,"112":83,"113":84,"114":85,"115":86,"116":87,"117":88,"118":89,"119":90,"120":91,"121":92,"122":93,"123":94,"124":95,"125":96,"126":97,"160":98,"161":99,"162":100,"163":101,"164":102,"165":103,"166":104,"167":105,"168":106,"169":107,"170":108,"171":109,"172":110,"174":111,"175":112,"176":113,"177":114,"178":115,"179":116,"180":117,"182":119,"183":120,"184":121,"185":122,"186":123,"187":124,"188":125,"189":126,"190":127,"191":128,"192":129,"193":130,"194":131,"195":132,"196":133,"197":134,"198":135,"199":136,"200":137,"201":138,"202":139,"203":140,"204":141,"205":142,"206":143,"207":144,"208":145,"209":146,"210":147,"211":148,"212":149,"213":150,"214":151,"215":152,"216":153,"217":154,"218":155,"219":156,"220":157,"221":158,"222":159,"223":160,"224":161,"225":162,"226":163,"227":164,"228":165,"229":166,"230":167,"231":168,"232":169,"233":170,"234":171,"235":172,"236":173,"237":174,"238":175,"239":176,"240":177,"241":178,"242":179,"243":180,"244":181,"245":182,"246":183,"247":184,"248":185,"249":186,"250":187,"251":188,"252":189,"253":190,"254":191,"255":192,"305":222,"321":220,"322":223,"338":221,"339":224,"352":225,"353":226,"376":255,"381":230,"382":231,"402":196,"710":211,"711":218,"728":213,"729":214,"730":215,"731":217,"732":212,"733":216,"916":253,"937":251,"956":118,"960":249,"8211":202,"8212":219,"8216":194,"8217":193,"8218":206,"8220":197,"8221":208,"8222":207,"8224":203,"8225":204,"8226":205,"8230":209,"8240":210,"8249":198,"8250":199,"8260":195,"8482":241,"8706":246,"8719":248,"8721":247,"8722":237,"8734":243,"8747":250,"8776":252,"8800":242,"8804":244,"8805":245,"9674":254,"64257":200,"64258":201},"Reserves":{"fontname":"Yoghurt Bold"},"Names":{"Yoghurt Bold":{"name":"Yoghurt Bold","longitude":"0.00000001","latitude":"0.00000001","country":"","region":"","city":""}},"Nodes":{"yo":{"type":"typal","node":"yo","usage":1,"weight":1},"rt":{"type":"typal","node":"rt","usage":1,"weight":1},"bo":{"type":"typal","node":"bo","usage":1,"weight":1},"ld":{"type":"typal","node":"ld","usage":1,"weight":1},"yog":{"type":"typal","node":"yog","usage":1,"weight":1},"urt":{"type":"typal","node":"urt","usage":1,"weight":1},"bol":{"type":"typal","node":"bol","usage":1,"weight":1},"old":{"type":"typal","node":"old","usage":1,"weight":1},"yogh":{"type":"keys","node":"yogh","usage":1,"weight":1},"hurt":{"type":"keys","node":"hurt","usage":1,"weight":1},"yoghu":{"type":"keys","node":"yoghu","usage":1,"weight":1},"ghurt":{"type":"keys","node":"ghurt","usage":1,"weight":1},"yoghurt":{"type":"fixes","node":"yoghurt","usage":1,"weight":1},"bold":{"type":"fixes","node":"bold","usage":1,"weight":1}},"Contributors":[],"FontIdentity":"73da1d300cca8372872131b2dea94614","Bytes":null,"Networking":[]}