{"CSS":{"Sports and Hobbies":"Sports+and+Hobbies.css"},"FontType":"TrueType","FontCopyright":"FREEWARE!","FontName":"Sports and Hobbies","FontSubfamily":"Book","FontSubfamilyID":"FontForge 2.0 : Sports and Hobbies : 22-10-2016","FontFullName":"Sports and Hobbies","FontVersion":"Version 1.0 ","FontWeight":null,"FontPostscriptName":"SportsAndHobbies","Files":{"sporthob.afm":"sporthob.afm","sporthob.bin":"sporthob.bin","sporthob.cef":"sporthob.cef","sporthob.cff":"sporthob.cff","sporthob.cid":"sporthob.cid","sporthob.dfont":"sporthob.dfont","sporthob.eot":"sporthob.eot","sporthob.fon":"sporthob.fon","sporthob.gai":"sporthob.gai","sporthob.gsf":"sporthob.gsf","sporthob.hqx":"sporthob.hqx","sporthob.ik":"sporthob.ik","sporthob.mf":"sporthob.mf","sporthob.otf":"sporthob.otf","sporthob.pcf":"sporthob.pcf","sporthob.pf3":"sporthob.pf3","sporthob.pfa":"sporthob.pfa","sporthob.pfb":"sporthob.pfb","sporthob.php":"sporthob.php","sporthob.pmf":"sporthob.pmf","sporthob.pt3":"sporthob.pt3","sporthob.sfd":"sporthob.sfd","sporthob.svg":"sporthob.svg","sporthob.t42":"sporthob.t42","sporthob.ttd":"sporthob.ttd","sporthob.ttf":"sporthob.ttf","sporthob.ttg":"sporthob.ttg","sporthob.ufm":"sporthob.ufm","sporthob.woff":"sporthob.woff","sporthob.z":"sporthob.z","":{"sporthob.afm":"sporthob.afm","sporthob.bin":"sporthob.bin","sporthob.cef":"sporthob.cef","sporthob.cff":"sporthob.cff","sporthob.cid":"sporthob.cid","sporthob.dfont":"sporthob.dfont","sporthob.eot":"sporthob.eot","sporthob.fon":"sporthob.fon","sporthob.gai":"sporthob.gai","sporthob.gsf":"sporthob.gsf","sporthob.hqx":"sporthob.hqx","sporthob.ik":"sporthob.ik","sporthob.mf":"sporthob.mf","sporthob.otf":"sporthob.otf","sporthob.pcf":"sporthob.pcf","sporthob.pf3":"sporthob.pf3","sporthob.pfa":"sporthob.pfa","sporthob.pfb":"sporthob.pfb","sporthob.php":"sporthob.php","sporthob.pmf":"sporthob.pmf","sporthob.pt3":"sporthob.pt3","sporthob.sfd":"sporthob.sfd","sporthob.svg":"sporthob.svg","sporthob.t42":"sporthob.t42","sporthob.ttd":"sporthob.ttd","sporthob.ttf":"sporthob.ttf","sporthob.ttg":"sporthob.ttg","sporthob.ufm":"sporthob.ufm","sporthob.woff":"sporthob.woff","sporthob.z":"sporthob.z"},"\/sporthob.ufo":{"feature.fea":"feature.fea","fontinfo.plist":"fontinfo.plist","groups.plist":"groups.plist","kerning.plist":"kerning.plist","metainfo.plist":"metainfo.plist"},"\/sporthob.ufo\/glyphs":{"A_.glif":"A_.glif","B_.glif":"B_.glif","C_.glif":"C_.glif","D_.glif":"D_.glif","E_.glif":"E_.glif","F_.glif":"F_.glif","G_.glif":"G_.glif","H_.glif":"H_.glif","I_.glif":"I_.glif","J_.glif":"J_.glif","K_.glif":"K_.glif","L_.glif":"L_.glif","M_.glif":"M_.glif","N_.glif":"N_.glif","O_.glif":"O_.glif","P_.glif":"P_.glif","Q_.glif":"Q_.glif","R_.glif":"R_.glif","S_.glif":"S_.glif","T_.glif":"T_.glif","U_.glif":"U_.glif","V_.glif":"V_.glif","W_.glif":"W_.glif","X_.glif":"X_.glif","Y_.glif":"Y_.glif","Z_.glif":"Z_.glif","_notdef.glif":"_notdef.glif","_null.glif":"_null.glif","a.glif":"a.glif","ampersand.glif":"ampersand.glif","asciicircum.glif":"asciicircum.glif","asciitilde.glif":"asciitilde.glif","asterisk.glif":"asterisk.glif","at.glif":"at.glif","b.glif":"b.glif","backslash.glif":"backslash.glif","bar.glif":"bar.glif","braceleft.glif":"braceleft.glif","braceright.glif":"braceright.glif","bracketleft.glif":"bracketleft.glif","bracketright.glif":"bracketright.glif","c.glif":"c.glif","colon.glif":"colon.glif","comma.glif":"comma.glif","contents.plist":"contents.plist","d.glif":"d.glif","dollar.glif":"dollar.glif","e.glif":"e.glif","eight.glif":"eight.glif","equal.glif":"equal.glif","exclam.glif":"exclam.glif","f.glif":"f.glif","five.glif":"five.glif","four.glif":"four.glif","g.glif":"g.glif","grave.glif":"grave.glif","greater.glif":"greater.glif","h.glif":"h.glif","hyphen.glif":"hyphen.glif","i.glif":"i.glif","j.glif":"j.glif","k.glif":"k.glif","l.glif":"l.glif","less.glif":"less.glif","m.glif":"m.glif","n.glif":"n.glif","nine.glif":"nine.glif","nonmarkingreturn.glif":"nonmarkingreturn.glif","numbersign.glif":"numbersign.glif","o.glif":"o.glif","one.glif":"one.glif","p.glif":"p.glif","parenleft.glif":"parenleft.glif","parenright.glif":"parenright.glif","percent.glif":"percent.glif","period.glif":"period.glif","plus.glif":"plus.glif","q.glif":"q.glif","question.glif":"question.glif","quotedbl.glif":"quotedbl.glif","quotesingle.glif":"quotesingle.glif","r.glif":"r.glif","s.glif":"s.glif","semicolon.glif":"semicolon.glif","seven.glif":"seven.glif","six.glif":"six.glif","slash.glif":"slash.glif","space.glif":"space.glif","t.glif":"t.glif","three.glif":"three.glif","two.glif":"two.glif","u.glif":"u.glif","underscore.glif":"underscore.glif","v.glif":"v.glif","w.glif":"w.glif","x.glif":"x.glif","y.glif":"y.glif","z.glif":"z.glif","zero.glif":"zero.glif"}},"Font":{"uploaded":1477183337.5262,"licence":"gpl3","company":"Chronolabs Cooperative","title":"Sports And Hobbies","version":2.001,"date":"Fri Oct 14 23:29:52 2016","creator":"root","type":"1","matrix":"0.000488281 0 0 0.000488281 0 0","named":"SportsAndHobbies","painttype":"0","info":"10 dict dup","name":"Sports and Hobbies","family":"Sports and Hobbies","weight":"Book","fstype":"0","italicangle":"0","underlineposition":"","underlinethickness":""},"Table":{"FFTM":{"entryLength":16,"tag":"FFTM","checksum":1955350832,"offset":40380,"length":28},"GDEF":{"entryLength":16,"tag":"GDEF","checksum":9371652,"offset":40348,"length":32},"OS\/2":{"entryLength":16,"tag":"OS\/2","checksum":1676177089,"offset":344,"length":86},"cmap":{"entryLength":16,"tag":"cmap","checksum":3433341184,"offset":820,"length":338},"gasp":{"entryLength":16,"tag":"gasp","checksum":4294901763,"offset":40340,"length":8},"glyf":{"entryLength":16,"tag":"glyf","checksum":1531133134,"offset":1360,"length":38180},"head":{"entryLength":16,"tag":"head","checksum":259636433,"offset":220,"length":54},"hhea":{"entryLength":16,"tag":"hhea","checksum":280037922,"offset":276,"length":36},"hmtx":{"entryLength":16,"tag":"hmtx","checksum":1972373067,"offset":432,"length":388},"loca":{"entryLength":16,"tag":"loca","checksum":27056954,"offset":1160,"length":198},"maxp":{"entryLength":16,"tag":"maxp","checksum":12714472,"offset":312,"length":32},"name":{"entryLength":16,"tag":"name","checksum":240155045,"offset":39540,"length":567},"post":{"entryLength":16,"tag":"post","checksum":157354338,"offset":40108,"length":230}},"UnicodeCharMap":{"0":1,"13":2,"32":3,"33":4,"34":5,"35":6,"36":7,"37":8,"38":9,"39":10,"40":11,"41":12,"42":13,"43":14,"44":15,"45":16,"46":17,"47":18,"48":19,"49":20,"50":21,"51":22,"52":23,"53":24,"54":25,"55":26,"56":27,"57":28,"58":29,"59":30,"60":31,"61":32,"62":33,"63":34,"64":35,"65":36,"66":37,"67":38,"68":39,"69":40,"70":41,"71":42,"72":43,"73":44,"74":45,"75":46,"76":47,"77":48,"78":49,"79":50,"80":51,"81":52,"82":53,"83":54,"84":55,"85":56,"86":57,"87":58,"88":59,"89":60,"90":61,"91":62,"92":63,"93":64,"94":65,"95":66,"96":67,"97":68,"98":69,"99":70,"100":71,"101":72,"102":73,"103":74,"104":75,"105":76,"106":77,"107":78,"108":79,"109":80,"110":81,"111":82,"112":83,"113":84,"114":85,"115":86,"116":87,"117":88,"118":89,"119":90,"120":91,"121":92,"122":93,"123":94,"124":95,"125":96,"126":97},"Reserves":null,"Names":[],"Nodes":{"sp":{"type":"typal","node":"sp","usage":1,"weight":1},"ts":{"type":"typal","node":"ts","usage":1,"weight":1},"an":{"type":"typal","node":"an","usage":1,"weight":1},"nd":{"type":"typal","node":"nd","usage":1,"weight":1},"ho":{"type":"typal","node":"ho","usage":1,"weight":1},"es":{"type":"typal","node":"es","usage":1,"weight":1},"spo":{"type":"typal","node":"spo","usage":1,"weight":1},"rts":{"type":"typal","node":"rts","usage":1,"weight":1},"hob":{"type":"typal","node":"hob","usage":1,"weight":1},"ies":{"type":"typal","node":"ies","usage":1,"weight":1},"spor":{"type":"keys","node":"spor","usage":1,"weight":1},"orts":{"type":"keys","node":"orts","usage":1,"weight":1},"hobb":{"type":"keys","node":"hobb","usage":1,"weight":1},"bies":{"type":"keys","node":"bies","usage":1,"weight":1},"sport":{"type":"keys","node":"sport","usage":1,"weight":1},"ports":{"type":"keys","node":"ports","usage":1,"weight":1},"hobbi":{"type":"keys","node":"hobbi","usage":1,"weight":1},"bbies":{"type":"keys","node":"bbies","usage":1,"weight":1},"sports":{"type":"fixes","node":"sports","usage":1,"weight":1},"and":{"type":"fixes","node":"and","usage":1,"weight":1},"hobbies":{"type":"fixes","node":"hobbies","usage":1,"weight":1}},"Contributors":[],"FontIdentity":"08c0721a0f89c46785075a8b36fe761b","Bytes":4452930,"Networking":[],"barcode":"s7mcgemm7waku","referee":"cmcy"}