{"CSS":{"Black-":"Black-.css","Black":"labscoop:8dd44ebcf63df60d3f5b5a5.css"},"FontType":"TrueType","FontCopyright":"v1.0 ShareWare $10 PoBox 1828 Easton MD 21601 ","FontName":"Black-","FontSubfamily":"Black-","FontSubfamilyID":"FontForge 2.0 : Black- : 12-8-2016","FontFullName":"Black","FontVersion":"Version -------------- d:aff ","FontWeight":null,"FontPostscriptName":"Black-","Files":{"\/Black-.css":"\/Black-.css","\/black-.afm":"\/black-.afm","\/black-.cef":"\/black-.cef","\/black-.cff":"\/black-.cff","\/black-.eot":"\/black-.eot","\/black-.gai":"\/black-.gai","\/black-.gsf":"\/black-.gsf","\/black-.otf":"\/black-.otf","\/black-.pf3":"\/black-.pf3","\/black-.pfa":"\/black-.pfa","\/black-.pfb":"\/black-.pfb","\/black-.php":"\/black-.php","\/black-.pt3":"\/black-.pt3","\/black-.sfd":"\/black-.sfd","\/black-.svg":"\/black-.svg","\/black-.t42":"\/black-.t42","\/black-.ttd":"\/black-.ttd","\/black-.ttf":"\/black-.ttf","\/black-.ttg":"\/black-.ttg","\/black-.ufm":"\/black-.ufm","\/black-.woff":"\/black-.woff","\/black-.z":"\/black-.z","\/font-resource.json":"\/font-resource.json","\/black-.ufo\/feature.fea":"\/black-.ufo\/feature.fea","\/black-.ufo\/fontinfo.plist":"\/black-.ufo\/fontinfo.plist","\/black-.ufo\/groups.plist":"\/black-.ufo\/groups.plist","\/black-.ufo\/kerning.plist":"\/black-.ufo\/kerning.plist","\/black-.ufo\/metainfo.plist":"\/black-.ufo\/metainfo.plist","\/black-.ufo\/glyphs\/A_.glif":"\/black-.ufo\/glyphs\/A_.glif","\/black-.ufo\/glyphs\/A_E_.glif":"\/black-.ufo\/glyphs\/A_E_.glif","\/black-.ufo\/glyphs\/A_acute.glif":"\/black-.ufo\/glyphs\/A_acute.glif","\/black-.ufo\/glyphs\/A_breve.glif":"\/black-.ufo\/glyphs\/A_breve.glif","\/black-.ufo\/glyphs\/A_circumflex.glif":"\/black-.ufo\/glyphs\/A_circumflex.glif","\/black-.ufo\/glyphs\/A_dieresis.glif":"\/black-.ufo\/glyphs\/A_dieresis.glif","\/black-.ufo\/glyphs\/A_grave.glif":"\/black-.ufo\/glyphs\/A_grave.glif","\/black-.ufo\/glyphs\/A_ogonek.glif":"\/black-.ufo\/glyphs\/A_ogonek.glif","\/black-.ufo\/glyphs\/A_ring.glif":"\/black-.ufo\/glyphs\/A_ring.glif","\/black-.ufo\/glyphs\/A_tilde.glif":"\/black-.ufo\/glyphs\/A_tilde.glif","\/black-.ufo\/glyphs\/B_.glif":"\/black-.ufo\/glyphs\/B_.glif","\/black-.ufo\/glyphs\/C_.glif":"\/black-.ufo\/glyphs\/C_.glif","\/black-.ufo\/glyphs\/C_acute.glif":"\/black-.ufo\/glyphs\/C_acute.glif","\/black-.ufo\/glyphs\/C_caron.glif":"\/black-.ufo\/glyphs\/C_caron.glif","\/black-.ufo\/glyphs\/C_cedilla.glif":"\/black-.ufo\/glyphs\/C_cedilla.glif","\/black-.ufo\/glyphs\/D_.glif":"\/black-.ufo\/glyphs\/D_.glif","\/black-.ufo\/glyphs\/D_caron.glif":"\/black-.ufo\/glyphs\/D_caron.glif","\/black-.ufo\/glyphs\/D_croat.glif":"\/black-.ufo\/glyphs\/D_croat.glif","\/black-.ufo\/glyphs\/E_.glif":"\/black-.ufo\/glyphs\/E_.glif","\/black-.ufo\/glyphs\/E_acute.glif":"\/black-.ufo\/glyphs\/E_acute.glif","\/black-.ufo\/glyphs\/E_caron.glif":"\/black-.ufo\/glyphs\/E_caron.glif","\/black-.ufo\/glyphs\/E_circumflex.glif":"\/black-.ufo\/glyphs\/E_circumflex.glif","\/black-.ufo\/glyphs\/E_dieresis.glif":"\/black-.ufo\/glyphs\/E_dieresis.glif","\/black-.ufo\/glyphs\/E_grave.glif":"\/black-.ufo\/glyphs\/E_grave.glif","\/black-.ufo\/glyphs\/E_ogonek.glif":"\/black-.ufo\/glyphs\/E_ogonek.glif","\/black-.ufo\/glyphs\/E_th.glif":"\/black-.ufo\/glyphs\/E_th.glif","\/black-.ufo\/glyphs\/F_.glif":"\/black-.ufo\/glyphs\/F_.glif","\/black-.ufo\/glyphs\/G_.glif":"\/black-.ufo\/glyphs\/G_.glif","\/black-.ufo\/glyphs\/G_amma.glif":"\/black-.ufo\/glyphs\/G_amma.glif","\/black-.ufo\/glyphs\/G_breve.glif":"\/black-.ufo\/glyphs\/G_breve.glif","\/black-.ufo\/glyphs\/H_.glif":"\/black-.ufo\/glyphs\/H_.glif","\/black-.ufo\/glyphs\/I_.glif":"\/black-.ufo\/glyphs\/I_.glif","\/black-.ufo\/glyphs\/I_acute.glif":"\/black-.ufo\/glyphs\/I_acute.glif","\/black-.ufo\/glyphs\/I_circumflex.glif":"\/black-.ufo\/glyphs\/I_circumflex.glif","\/black-.ufo\/glyphs\/I_dieresis.glif":"\/black-.ufo\/glyphs\/I_dieresis.glif","\/black-.ufo\/glyphs\/I_dotaccent.glif":"\/black-.ufo\/glyphs\/I_dotaccent.glif","\/black-.ufo\/glyphs\/I_grave.glif":"\/black-.ufo\/glyphs\/I_grave.glif","\/black-.ufo\/glyphs\/J_.glif":"\/black-.ufo\/glyphs\/J_.glif","\/black-.ufo\/glyphs\/K_.glif":"\/black-.ufo\/glyphs\/K_.glif","\/black-.ufo\/glyphs\/L_.glif":"\/black-.ufo\/glyphs\/L_.glif","\/black-.ufo\/glyphs\/L_acute.glif":"\/black-.ufo\/glyphs\/L_acute.glif","\/black-.ufo\/glyphs\/L_caron.glif":"\/black-.ufo\/glyphs\/L_caron.glif","\/black-.ufo\/glyphs\/L_dot.glif":"\/black-.ufo\/glyphs\/L_dot.glif","\/black-.ufo\/glyphs\/L_slash.glif":"\/black-.ufo\/glyphs\/L_slash.glif","\/black-.ufo\/glyphs\/M_.glif":"\/black-.ufo\/glyphs\/M_.glif","\/black-.ufo\/glyphs\/N_.glif":"\/black-.ufo\/glyphs\/N_.glif","\/black-.ufo\/glyphs\/N_acute.glif":"\/black-.ufo\/glyphs\/N_acute.glif","\/black-.ufo\/glyphs\/N_caron.glif":"\/black-.ufo\/glyphs\/N_caron.glif","\/black-.ufo\/glyphs\/N_tilde.glif":"\/black-.ufo\/glyphs\/N_tilde.glif","\/black-.ufo\/glyphs\/O_.glif":"\/black-.ufo\/glyphs\/O_.glif","\/black-.ufo\/glyphs\/O_E_.glif":"\/black-.ufo\/glyphs\/O_E_.glif","\/black-.ufo\/glyphs\/O_acute.glif":"\/black-.ufo\/glyphs\/O_acute.glif","\/black-.ufo\/glyphs\/O_circumflex.glif":"\/black-.ufo\/glyphs\/O_circumflex.glif","\/black-.ufo\/glyphs\/O_dieresis.glif":"\/black-.ufo\/glyphs\/O_dieresis.glif","\/black-.ufo\/glyphs\/O_grave.glif":"\/black-.ufo\/glyphs\/O_grave.glif","\/black-.ufo\/glyphs\/O_hungarumlaut.glif":"\/black-.ufo\/glyphs\/O_hungarumlaut.glif","\/black-.ufo\/glyphs\/O_mega.glif":"\/black-.ufo\/glyphs\/O_mega.glif","\/black-.ufo\/glyphs\/O_slash.glif":"\/black-.ufo\/glyphs\/O_slash.glif","\/black-.ufo\/glyphs\/O_tilde.glif":"\/black-.ufo\/glyphs\/O_tilde.glif","\/black-.ufo\/glyphs\/P_.glif":"\/black-.ufo\/glyphs\/P_.glif","\/black-.ufo\/glyphs\/P_hi.glif":"\/black-.ufo\/glyphs\/P_hi.glif","\/black-.ufo\/glyphs\/Q_.glif":"\/black-.ufo\/glyphs\/Q_.glif","\/black-.ufo\/glyphs\/R_.glif":"\/black-.ufo\/glyphs\/R_.glif","\/black-.ufo\/glyphs\/R_acute.glif":"\/black-.ufo\/glyphs\/R_acute.glif","\/black-.ufo\/glyphs\/R_caron.glif":"\/black-.ufo\/glyphs\/R_caron.glif","\/black-.ufo\/glyphs\/S_.glif":"\/black-.ufo\/glyphs\/S_.glif","\/black-.ufo\/glyphs\/S_F_010000.glif":"\/black-.ufo\/glyphs\/S_F_010000.glif","\/black-.ufo\/glyphs\/S_F_020000.glif":"\/black-.ufo\/glyphs\/S_F_020000.glif","\/black-.ufo\/glyphs\/S_F_030000.glif":"\/black-.ufo\/glyphs\/S_F_030000.glif","\/black-.ufo\/glyphs\/S_F_040000.glif":"\/black-.ufo\/glyphs\/S_F_040000.glif","\/black-.ufo\/glyphs\/S_F_050000.glif":"\/black-.ufo\/glyphs\/S_F_050000.glif","\/black-.ufo\/glyphs\/S_F_060000.glif":"\/black-.ufo\/glyphs\/S_F_060000.glif","\/black-.ufo\/glyphs\/S_F_070000.glif":"\/black-.ufo\/glyphs\/S_F_070000.glif","\/black-.ufo\/glyphs\/S_F_080000.glif":"\/black-.ufo\/glyphs\/S_F_080000.glif","\/black-.ufo\/glyphs\/S_F_090000.glif":"\/black-.ufo\/glyphs\/S_F_090000.glif","\/black-.ufo\/glyphs\/S_F_100000.glif":"\/black-.ufo\/glyphs\/S_F_100000.glif","\/black-.ufo\/glyphs\/S_F_110000.glif":"\/black-.ufo\/glyphs\/S_F_110000.glif","\/black-.ufo\/glyphs\/S_F_190000.glif":"\/black-.ufo\/glyphs\/S_F_190000.glif","\/black-.ufo\/glyphs\/S_F_200000.glif":"\/black-.ufo\/glyphs\/S_F_200000.glif","\/black-.ufo\/glyphs\/S_F_210000.glif":"\/black-.ufo\/glyphs\/S_F_210000.glif","\/black-.ufo\/glyphs\/S_F_220000.glif":"\/black-.ufo\/glyphs\/S_F_220000.glif","\/black-.ufo\/glyphs\/S_F_230000.glif":"\/black-.ufo\/glyphs\/S_F_230000.glif","\/black-.ufo\/glyphs\/S_F_240000.glif":"\/black-.ufo\/glyphs\/S_F_240000.glif","\/black-.ufo\/glyphs\/S_F_250000.glif":"\/black-.ufo\/glyphs\/S_F_250000.glif","\/black-.ufo\/glyphs\/S_F_260000.glif":"\/black-.ufo\/glyphs\/S_F_260000.glif","\/black-.ufo\/glyphs\/S_F_270000.glif":"\/black-.ufo\/glyphs\/S_F_270000.glif","\/black-.ufo\/glyphs\/S_F_280000.glif":"\/black-.ufo\/glyphs\/S_F_280000.glif","\/black-.ufo\/glyphs\/S_F_360000.glif":"\/black-.ufo\/glyphs\/S_F_360000.glif","\/black-.ufo\/glyphs\/S_F_370000.glif":"\/black-.ufo\/glyphs\/S_F_370000.glif","\/black-.ufo\/glyphs\/S_F_380000.glif":"\/black-.ufo\/glyphs\/S_F_380000.glif","\/black-.ufo\/glyphs\/S_F_390000.glif":"\/black-.ufo\/glyphs\/S_F_390000.glif","\/black-.ufo\/glyphs\/S_F_400000.glif":"\/black-.ufo\/glyphs\/S_F_400000.glif","\/black-.ufo\/glyphs\/S_F_410000.glif":"\/black-.ufo\/glyphs\/S_F_410000.glif","\/black-.ufo\/glyphs\/S_F_420000.glif":"\/black-.ufo\/glyphs\/S_F_420000.glif","\/black-.ufo\/glyphs\/S_F_430000.glif":"\/black-.ufo\/glyphs\/S_F_430000.glif","\/black-.ufo\/glyphs\/S_F_440000.glif":"\/black-.ufo\/glyphs\/S_F_440000.glif","\/black-.ufo\/glyphs\/S_F_450000.glif":"\/black-.ufo\/glyphs\/S_F_450000.glif","\/black-.ufo\/glyphs\/S_F_460000.glif":"\/black-.ufo\/glyphs\/S_F_460000.glif","\/black-.ufo\/glyphs\/S_F_470000.glif":"\/black-.ufo\/glyphs\/S_F_470000.glif","\/black-.ufo\/glyphs\/S_F_480000.glif":"\/black-.ufo\/glyphs\/S_F_480000.glif","\/black-.ufo\/glyphs\/S_F_490000.glif":"\/black-.ufo\/glyphs\/S_F_490000.glif","\/black-.ufo\/glyphs\/S_F_500000.glif":"\/black-.ufo\/glyphs\/S_F_500000.glif","\/black-.ufo\/glyphs\/S_F_510000.glif":"\/black-.ufo\/glyphs\/S_F_510000.glif","\/black-.ufo\/glyphs\/S_F_520000.glif":"\/black-.ufo\/glyphs\/S_F_520000.glif","\/black-.ufo\/glyphs\/S_F_530000.glif":"\/black-.ufo\/glyphs\/S_F_530000.glif","\/black-.ufo\/glyphs\/S_F_540000.glif":"\/black-.ufo\/glyphs\/S_F_540000.glif","\/black-.ufo\/glyphs\/S_acute.glif":"\/black-.ufo\/glyphs\/S_acute.glif","\/black-.ufo\/glyphs\/S_caron.glif":"\/black-.ufo\/glyphs\/S_caron.glif","\/black-.ufo\/glyphs\/S_cedilla.glif":"\/black-.ufo\/glyphs\/S_cedilla.glif","\/black-.ufo\/glyphs\/S_igma.glif":"\/black-.ufo\/glyphs\/S_igma.glif","\/black-.ufo\/glyphs\/T_.glif":"\/black-.ufo\/glyphs\/T_.glif","\/black-.ufo\/glyphs\/T_caron.glif":"\/black-.ufo\/glyphs\/T_caron.glif","\/black-.ufo\/glyphs\/T_commaaccent.glif":"\/black-.ufo\/glyphs\/T_commaaccent.glif","\/black-.ufo\/glyphs\/T_heta.glif":"\/black-.ufo\/glyphs\/T_heta.glif","\/black-.ufo\/glyphs\/T_horn.glif":"\/black-.ufo\/glyphs\/T_horn.glif","\/black-.ufo\/glyphs\/U_.glif":"\/black-.ufo\/glyphs\/U_.glif","\/black-.ufo\/glyphs\/U_acute.glif":"\/black-.ufo\/glyphs\/U_acute.glif","\/black-.ufo\/glyphs\/U_circumflex.glif":"\/black-.ufo\/glyphs\/U_circumflex.glif","\/black-.ufo\/glyphs\/U_dieresis.glif":"\/black-.ufo\/glyphs\/U_dieresis.glif","\/black-.ufo\/glyphs\/U_grave.glif":"\/black-.ufo\/glyphs\/U_grave.glif","\/black-.ufo\/glyphs\/U_hungarumlaut.glif":"\/black-.ufo\/glyphs\/U_hungarumlaut.glif","\/black-.ufo\/glyphs\/U_ring.glif":"\/black-.ufo\/glyphs\/U_ring.glif","\/black-.ufo\/glyphs\/V_.glif":"\/black-.ufo\/glyphs\/V_.glif","\/black-.ufo\/glyphs\/W_.glif":"\/black-.ufo\/glyphs\/W_.glif","\/black-.ufo\/glyphs\/X_.glif":"\/black-.ufo\/glyphs\/X_.glif","\/black-.ufo\/glyphs\/Y_.glif":"\/black-.ufo\/glyphs\/Y_.glif","\/black-.ufo\/glyphs\/Y_acute.glif":"\/black-.ufo\/glyphs\/Y_acute.glif","\/black-.ufo\/glyphs\/Y_dieresis.glif":"\/black-.ufo\/glyphs\/Y_dieresis.glif","\/black-.ufo\/glyphs\/Z_.glif":"\/black-.ufo\/glyphs\/Z_.glif","\/black-.ufo\/glyphs\/Z_acute.glif":"\/black-.ufo\/glyphs\/Z_acute.glif","\/black-.ufo\/glyphs\/Z_caron.glif":"\/black-.ufo\/glyphs\/Z_caron.glif","\/black-.ufo\/glyphs\/Z_dotaccent.glif":"\/black-.ufo\/glyphs\/Z_dotaccent.glif","\/black-.ufo\/glyphs\/a.glif":"\/black-.ufo\/glyphs\/a.glif","\/black-.ufo\/glyphs\/aacute.glif":"\/black-.ufo\/glyphs\/aacute.glif","\/black-.ufo\/glyphs\/abreve.glif":"\/black-.ufo\/glyphs\/abreve.glif","\/black-.ufo\/glyphs\/acircumflex.glif":"\/black-.ufo\/glyphs\/acircumflex.glif","\/black-.ufo\/glyphs\/acute.glif":"\/black-.ufo\/glyphs\/acute.glif","\/black-.ufo\/glyphs\/adieresis.glif":"\/black-.ufo\/glyphs\/adieresis.glif","\/black-.ufo\/glyphs\/ae.glif":"\/black-.ufo\/glyphs\/ae.glif","\/black-.ufo\/glyphs\/agrave.glif":"\/black-.ufo\/glyphs\/agrave.glif","\/black-.ufo\/glyphs\/alpha.glif":"\/black-.ufo\/glyphs\/alpha.glif","\/black-.ufo\/glyphs\/ampersand.glif":"\/black-.ufo\/glyphs\/ampersand.glif","\/black-.ufo\/glyphs\/aogonek.glif":"\/black-.ufo\/glyphs\/aogonek.glif","\/black-.ufo\/glyphs\/approxequal.glif":"\/black-.ufo\/glyphs\/approxequal.glif","\/black-.ufo\/glyphs\/aring.glif":"\/black-.ufo\/glyphs\/aring.glif","\/black-.ufo\/glyphs\/arrowboth.glif":"\/black-.ufo\/glyphs\/arrowboth.glif","\/black-.ufo\/glyphs\/arrowdown.glif":"\/black-.ufo\/glyphs\/arrowdown.glif","\/black-.ufo\/glyphs\/arrowleft.glif":"\/black-.ufo\/glyphs\/arrowleft.glif","\/black-.ufo\/glyphs\/arrowright.glif":"\/black-.ufo\/glyphs\/arrowright.glif","\/black-.ufo\/glyphs\/arrowup.glif":"\/black-.ufo\/glyphs\/arrowup.glif","\/black-.ufo\/glyphs\/arrowupdn.glif":"\/black-.ufo\/glyphs\/arrowupdn.glif","\/black-.ufo\/glyphs\/arrowupdnbse.glif":"\/black-.ufo\/glyphs\/arrowupdnbse.glif","\/black-.ufo\/glyphs\/asciicircum.glif":"\/black-.ufo\/glyphs\/asciicircum.glif","\/black-.ufo\/glyphs\/asciitilde.glif":"\/black-.ufo\/glyphs\/asciitilde.glif","\/black-.ufo\/glyphs\/asterisk.glif":"\/black-.ufo\/glyphs\/asterisk.glif","\/black-.ufo\/glyphs\/at.glif":"\/black-.ufo\/glyphs\/at.glif","\/black-.ufo\/glyphs\/atilde.glif":"\/black-.ufo\/glyphs\/atilde.glif","\/black-.ufo\/glyphs\/b.glif":"\/black-.ufo\/glyphs\/b.glif","\/black-.ufo\/glyphs\/backslash.glif":"\/black-.ufo\/glyphs\/backslash.glif","\/black-.ufo\/glyphs\/bar.glif":"\/black-.ufo\/glyphs\/bar.glif","\/black-.ufo\/glyphs\/block.glif":"\/black-.ufo\/glyphs\/block.glif","\/black-.ufo\/glyphs\/braceleft.glif":"\/black-.ufo\/glyphs\/braceleft.glif","\/black-.ufo\/glyphs\/braceright.glif":"\/black-.ufo\/glyphs\/braceright.glif","\/black-.ufo\/glyphs\/bracketleft.glif":"\/black-.ufo\/glyphs\/bracketleft.glif","\/black-.ufo\/glyphs\/bracketright.glif":"\/black-.ufo\/glyphs\/bracketright.glif","\/black-.ufo\/glyphs\/breve.glif":"\/black-.ufo\/glyphs\/breve.glif","\/black-.ufo\/glyphs\/brokenbar.glif":"\/black-.ufo\/glyphs\/brokenbar.glif","\/black-.ufo\/glyphs\/bullet.glif":"\/black-.ufo\/glyphs\/bullet.glif","\/black-.ufo\/glyphs\/c.glif":"\/black-.ufo\/glyphs\/c.glif","\/black-.ufo\/glyphs\/cacute.glif":"\/black-.ufo\/glyphs\/cacute.glif","\/black-.ufo\/glyphs\/caron.glif":"\/black-.ufo\/glyphs\/caron.glif","\/black-.ufo\/glyphs\/ccaron.glif":"\/black-.ufo\/glyphs\/ccaron.glif","\/black-.ufo\/glyphs\/ccedilla.glif":"\/black-.ufo\/glyphs\/ccedilla.glif","\/black-.ufo\/glyphs\/cedilla.glif":"\/black-.ufo\/glyphs\/cedilla.glif","\/black-.ufo\/glyphs\/cent.glif":"\/black-.ufo\/glyphs\/cent.glif","\/black-.ufo\/glyphs\/circle.glif":"\/black-.ufo\/glyphs\/circle.glif","\/black-.ufo\/glyphs\/circumflex.glif":"\/black-.ufo\/glyphs\/circumflex.glif","\/black-.ufo\/glyphs\/club.glif":"\/black-.ufo\/glyphs\/club.glif","\/black-.ufo\/glyphs\/colon.glif":"\/black-.ufo\/glyphs\/colon.glif","\/black-.ufo\/glyphs\/comma.glif":"\/black-.ufo\/glyphs\/comma.glif","\/black-.ufo\/glyphs\/contents.plist":"\/black-.ufo\/glyphs\/contents.plist","\/black-.ufo\/glyphs\/copyright.glif":"\/black-.ufo\/glyphs\/copyright.glif","\/black-.ufo\/glyphs\/currency.glif":"\/black-.ufo\/glyphs\/currency.glif","\/black-.ufo\/glyphs\/d.glif":"\/black-.ufo\/glyphs\/d.glif","\/black-.ufo\/glyphs\/dagger.glif":"\/black-.ufo\/glyphs\/dagger.glif","\/black-.ufo\/glyphs\/daggerdbl.glif":"\/black-.ufo\/glyphs\/daggerdbl.glif","\/black-.ufo\/glyphs\/dcaron.glif":"\/black-.ufo\/glyphs\/dcaron.glif","\/black-.ufo\/glyphs\/dcroat.glif":"\/black-.ufo\/glyphs\/dcroat.glif","\/black-.ufo\/glyphs\/degree.glif":"\/black-.ufo\/glyphs\/degree.glif","\/black-.ufo\/glyphs\/delta.glif":"\/black-.ufo\/glyphs\/delta.glif","\/black-.ufo\/glyphs\/diamond.glif":"\/black-.ufo\/glyphs\/diamond.glif","\/black-.ufo\/glyphs\/dieresis.glif":"\/black-.ufo\/glyphs\/dieresis.glif","\/black-.ufo\/glyphs\/divide.glif":"\/black-.ufo\/glyphs\/divide.glif","\/black-.ufo\/glyphs\/dkshade.glif":"\/black-.ufo\/glyphs\/dkshade.glif","\/black-.ufo\/glyphs\/dnblock.glif":"\/black-.ufo\/glyphs\/dnblock.glif","\/black-.ufo\/glyphs\/dollar.glif":"\/black-.ufo\/glyphs\/dollar.glif","\/black-.ufo\/glyphs\/dotaccent.glif":"\/black-.ufo\/glyphs\/dotaccent.glif","\/black-.ufo\/glyphs\/dotlessi.glif":"\/black-.ufo\/glyphs\/dotlessi.glif","\/black-.ufo\/glyphs\/e.glif":"\/black-.ufo\/glyphs\/e.glif","\/black-.ufo\/glyphs\/eacute.glif":"\/black-.ufo\/glyphs\/eacute.glif","\/black-.ufo\/glyphs\/ecaron.glif":"\/black-.ufo\/glyphs\/ecaron.glif","\/black-.ufo\/glyphs\/ecircumflex.glif":"\/black-.ufo\/glyphs\/ecircumflex.glif","\/black-.ufo\/glyphs\/edieresis.glif":"\/black-.ufo\/glyphs\/edieresis.glif","\/black-.ufo\/glyphs\/egrave.glif":"\/black-.ufo\/glyphs\/egrave.glif","\/black-.ufo\/glyphs\/eight.glif":"\/black-.ufo\/glyphs\/eight.glif","\/black-.ufo\/glyphs\/ellipsis.glif":"\/black-.ufo\/glyphs\/ellipsis.glif","\/black-.ufo\/glyphs\/emdash.glif":"\/black-.ufo\/glyphs\/emdash.glif","\/black-.ufo\/glyphs\/endash.glif":"\/black-.ufo\/glyphs\/endash.glif","\/black-.ufo\/glyphs\/eogonek.glif":"\/black-.ufo\/glyphs\/eogonek.glif","\/black-.ufo\/glyphs\/epsilon.glif":"\/black-.ufo\/glyphs\/epsilon.glif","\/black-.ufo\/glyphs\/equal.glif":"\/black-.ufo\/glyphs\/equal.glif","\/black-.ufo\/glyphs\/equivalence.glif":"\/black-.ufo\/glyphs\/equivalence.glif","\/black-.ufo\/glyphs\/eth.glif":"\/black-.ufo\/glyphs\/eth.glif","\/black-.ufo\/glyphs\/exclam.glif":"\/black-.ufo\/glyphs\/exclam.glif","\/black-.ufo\/glyphs\/exclamdbl.glif":"\/black-.ufo\/glyphs\/exclamdbl.glif","\/black-.ufo\/glyphs\/exclamdown.glif":"\/black-.ufo\/glyphs\/exclamdown.glif","\/black-.ufo\/glyphs\/f.glif":"\/black-.ufo\/glyphs\/f.glif","\/black-.ufo\/glyphs\/female.glif":"\/black-.ufo\/glyphs\/female.glif","\/black-.ufo\/glyphs\/filledbox.glif":"\/black-.ufo\/glyphs\/filledbox.glif","\/black-.ufo\/glyphs\/filledrect.glif":"\/black-.ufo\/glyphs\/filledrect.glif","\/black-.ufo\/glyphs\/five.glif":"\/black-.ufo\/glyphs\/five.glif","\/black-.ufo\/glyphs\/florin.glif":"\/black-.ufo\/glyphs\/florin.glif","\/black-.ufo\/glyphs\/four.glif":"\/black-.ufo\/glyphs\/four.glif","\/black-.ufo\/glyphs\/franc.glif":"\/black-.ufo\/glyphs\/franc.glif","\/black-.ufo\/glyphs\/g.glif":"\/black-.ufo\/glyphs\/g.glif","\/black-.ufo\/glyphs\/gbreve.glif":"\/black-.ufo\/glyphs\/gbreve.glif","\/black-.ufo\/glyphs\/germandbls.glif":"\/black-.ufo\/glyphs\/germandbls.glif","\/black-.ufo\/glyphs\/glyph1.glif":"\/black-.ufo\/glyphs\/glyph1.glif","\/black-.ufo\/glyphs\/glyph131.glif":"\/black-.ufo\/glyphs\/glyph131.glif","\/black-.ufo\/glyphs\/glyph135.glif":"\/black-.ufo\/glyphs\/glyph135.glif","\/black-.ufo\/glyphs\/glyph177.glif":"\/black-.ufo\/glyphs\/glyph177.glif","\/black-.ufo\/glyphs\/glyph262.glif":"\/black-.ufo\/glyphs\/glyph262.glif","\/black-.ufo\/glyphs\/grave.glif":"\/black-.ufo\/glyphs\/grave.glif","\/black-.ufo\/glyphs\/greater.glif":"\/black-.ufo\/glyphs\/greater.glif","\/black-.ufo\/glyphs\/greaterequal.glif":"\/black-.ufo\/glyphs\/greaterequal.glif","\/black-.ufo\/glyphs\/guillemotleft.glif":"\/black-.ufo\/glyphs\/guillemotleft.glif","\/black-.ufo\/glyphs\/guillemotright.glif":"\/black-.ufo\/glyphs\/guillemotright.glif","\/black-.ufo\/glyphs\/guilsinglleft.glif":"\/black-.ufo\/glyphs\/guilsinglleft.glif","\/black-.ufo\/glyphs\/guilsinglright.glif":"\/black-.ufo\/glyphs\/guilsinglright.glif","\/black-.ufo\/glyphs\/h.glif":"\/black-.ufo\/glyphs\/h.glif","\/black-.ufo\/glyphs\/heart.glif":"\/black-.ufo\/glyphs\/heart.glif","\/black-.ufo\/glyphs\/house.glif":"\/black-.ufo\/glyphs\/house.glif","\/black-.ufo\/glyphs\/hyphen.glif":"\/black-.ufo\/glyphs\/hyphen.glif","\/black-.ufo\/glyphs\/i.glif":"\/black-.ufo\/glyphs\/i.glif","\/black-.ufo\/glyphs\/iacute.glif":"\/black-.ufo\/glyphs\/iacute.glif","\/black-.ufo\/glyphs\/icircumflex.glif":"\/black-.ufo\/glyphs\/icircumflex.glif","\/black-.ufo\/glyphs\/idieresis.glif":"\/black-.ufo\/glyphs\/idieresis.glif","\/black-.ufo\/glyphs\/igrave.glif":"\/black-.ufo\/glyphs\/igrave.glif","\/black-.ufo\/glyphs\/infinity.glif":"\/black-.ufo\/glyphs\/infinity.glif","\/black-.ufo\/glyphs\/integral.glif":"\/black-.ufo\/glyphs\/integral.glif","\/black-.ufo\/glyphs\/integralbt.glif":"\/black-.ufo\/glyphs\/integralbt.glif","\/black-.ufo\/glyphs\/integraltp.glif":"\/black-.ufo\/glyphs\/integraltp.glif","\/black-.ufo\/glyphs\/intersection.glif":"\/black-.ufo\/glyphs\/intersection.glif","\/black-.ufo\/glyphs\/invbullet.glif":"\/black-.ufo\/glyphs\/invbullet.glif","\/black-.ufo\/glyphs\/invcircle.glif":"\/black-.ufo\/glyphs\/invcircle.glif","\/black-.ufo\/glyphs\/invsmileface.glif":"\/black-.ufo\/glyphs\/invsmileface.glif","\/black-.ufo\/glyphs\/j.glif":"\/black-.ufo\/glyphs\/j.glif","\/black-.ufo\/glyphs\/k.glif":"\/black-.ufo\/glyphs\/k.glif","\/black-.ufo\/glyphs\/l.glif":"\/black-.ufo\/glyphs\/l.glif","\/black-.ufo\/glyphs\/lacute.glif":"\/black-.ufo\/glyphs\/lacute.glif","\/black-.ufo\/glyphs\/lcaron.glif":"\/black-.ufo\/glyphs\/lcaron.glif","\/black-.ufo\/glyphs\/ldot.glif":"\/black-.ufo\/glyphs\/ldot.glif","\/black-.ufo\/glyphs\/less.glif":"\/black-.ufo\/glyphs\/less.glif","\/black-.ufo\/glyphs\/lessequal.glif":"\/black-.ufo\/glyphs\/lessequal.glif","\/black-.ufo\/glyphs\/lfblock.glif":"\/black-.ufo\/glyphs\/lfblock.glif","\/black-.ufo\/glyphs\/logicalnot.glif":"\/black-.ufo\/glyphs\/logicalnot.glif","\/black-.ufo\/glyphs\/lozenge.glif":"\/black-.ufo\/glyphs\/lozenge.glif","\/black-.ufo\/glyphs\/lslash.glif":"\/black-.ufo\/glyphs\/lslash.glif","\/black-.ufo\/glyphs\/ltshade.glif":"\/black-.ufo\/glyphs\/ltshade.glif","\/black-.ufo\/glyphs\/m.glif":"\/black-.ufo\/glyphs\/m.glif","\/black-.ufo\/glyphs\/macron.glif":"\/black-.ufo\/glyphs\/macron.glif","\/black-.ufo\/glyphs\/male.glif":"\/black-.ufo\/glyphs\/male.glif","\/black-.ufo\/glyphs\/minus.glif":"\/black-.ufo\/glyphs\/minus.glif","\/black-.ufo\/glyphs\/multiply.glif":"\/black-.ufo\/glyphs\/multiply.glif","\/black-.ufo\/glyphs\/musicalnote.glif":"\/black-.ufo\/glyphs\/musicalnote.glif","\/black-.ufo\/glyphs\/musicalnotedbl.glif":"\/black-.ufo\/glyphs\/musicalnotedbl.glif","\/black-.ufo\/glyphs\/n.glif":"\/black-.ufo\/glyphs\/n.glif","\/black-.ufo\/glyphs\/nacute.glif":"\/black-.ufo\/glyphs\/nacute.glif","\/black-.ufo\/glyphs\/ncaron.glif":"\/black-.ufo\/glyphs\/ncaron.glif","\/black-.ufo\/glyphs\/nine.glif":"\/black-.ufo\/glyphs\/nine.glif","\/black-.ufo\/glyphs\/notequal.glif":"\/black-.ufo\/glyphs\/notequal.glif","\/black-.ufo\/glyphs\/ntilde.glif":"\/black-.ufo\/glyphs\/ntilde.glif","\/black-.ufo\/glyphs\/numbersign.glif":"\/black-.ufo\/glyphs\/numbersign.glif","\/black-.ufo\/glyphs\/o.glif":"\/black-.ufo\/glyphs\/o.glif","\/black-.ufo\/glyphs\/oacute.glif":"\/black-.ufo\/glyphs\/oacute.glif","\/black-.ufo\/glyphs\/ocircumflex.glif":"\/black-.ufo\/glyphs\/ocircumflex.glif","\/black-.ufo\/glyphs\/odieresis.glif":"\/black-.ufo\/glyphs\/odieresis.glif","\/black-.ufo\/glyphs\/oe.glif":"\/black-.ufo\/glyphs\/oe.glif","\/black-.ufo\/glyphs\/ogonek.glif":"\/black-.ufo\/glyphs\/ogonek.glif","\/black-.ufo\/glyphs\/ograve.glif":"\/black-.ufo\/glyphs\/ograve.glif","\/black-.ufo\/glyphs\/ohungarumlaut.glif":"\/black-.ufo\/glyphs\/ohungarumlaut.glif","\/black-.ufo\/glyphs\/one.glif":"\/black-.ufo\/glyphs\/one.glif","\/black-.ufo\/glyphs\/onehalf.glif":"\/black-.ufo\/glyphs\/onehalf.glif","\/black-.ufo\/glyphs\/onequarter.glif":"\/black-.ufo\/glyphs\/onequarter.glif","\/black-.ufo\/glyphs\/ordfeminine.glif":"\/black-.ufo\/glyphs\/ordfeminine.glif","\/black-.ufo\/glyphs\/ordmasculine.glif":"\/black-.ufo\/glyphs\/ordmasculine.glif","\/black-.ufo\/glyphs\/orthogonal.glif":"\/black-.ufo\/glyphs\/orthogonal.glif","\/black-.ufo\/glyphs\/oslash.glif":"\/black-.ufo\/glyphs\/oslash.glif","\/black-.ufo\/glyphs\/otilde.glif":"\/black-.ufo\/glyphs\/otilde.glif","\/black-.ufo\/glyphs\/p.glif":"\/black-.ufo\/glyphs\/p.glif","\/black-.ufo\/glyphs\/paragraph.glif":"\/black-.ufo\/glyphs\/paragraph.glif","\/black-.ufo\/glyphs\/parenleft.glif":"\/black-.ufo\/glyphs\/parenleft.glif","\/black-.ufo\/glyphs\/parenright.glif":"\/black-.ufo\/glyphs\/parenright.glif","\/black-.ufo\/glyphs\/partialdiff.glif":"\/black-.ufo\/glyphs\/partialdiff.glif","\/black-.ufo\/glyphs\/percent.glif":"\/black-.ufo\/glyphs\/percent.glif","\/black-.ufo\/glyphs\/period.glif":"\/black-.ufo\/glyphs\/period.glif","\/black-.ufo\/glyphs\/periodcentered.glif":"\/black-.ufo\/glyphs\/periodcentered.glif","\/black-.ufo\/glyphs\/perthousand.glif":"\/black-.ufo\/glyphs\/perthousand.glif","\/black-.ufo\/glyphs\/peseta.glif":"\/black-.ufo\/glyphs\/peseta.glif","\/black-.ufo\/glyphs\/phi.glif":"\/black-.ufo\/glyphs\/phi.glif","\/black-.ufo\/glyphs\/pi.glif":"\/black-.ufo\/glyphs\/pi.glif","\/black-.ufo\/glyphs\/plus.glif":"\/black-.ufo\/glyphs\/plus.glif","\/black-.ufo\/glyphs\/plusminus.glif":"\/black-.ufo\/glyphs\/plusminus.glif","\/black-.ufo\/glyphs\/product.glif":"\/black-.ufo\/glyphs\/product.glif","\/black-.ufo\/glyphs\/q.glif":"\/black-.ufo\/glyphs\/q.glif","\/black-.ufo\/glyphs\/question.glif":"\/black-.ufo\/glyphs\/question.glif","\/black-.ufo\/glyphs\/questiondown.glif":"\/black-.ufo\/glyphs\/questiondown.glif","\/black-.ufo\/glyphs\/quotedbl.glif":"\/black-.ufo\/glyphs\/quotedbl.glif","\/black-.ufo\/glyphs\/quotedblbase.glif":"\/black-.ufo\/glyphs\/quotedblbase.glif","\/black-.ufo\/glyphs\/quotedblleft.glif":"\/black-.ufo\/glyphs\/quotedblleft.glif","\/black-.ufo\/glyphs\/quotedblright.glif":"\/black-.ufo\/glyphs\/quotedblright.glif","\/black-.ufo\/glyphs\/quoteleft.glif":"\/black-.ufo\/glyphs\/quoteleft.glif","\/black-.ufo\/glyphs\/quoteright.glif":"\/black-.ufo\/glyphs\/quoteright.glif","\/black-.ufo\/glyphs\/quotesinglbase.glif":"\/black-.ufo\/glyphs\/quotesinglbase.glif","\/black-.ufo\/glyphs\/quotesingle.glif":"\/black-.ufo\/glyphs\/quotesingle.glif","\/black-.ufo\/glyphs\/r.glif":"\/black-.ufo\/glyphs\/r.glif","\/black-.ufo\/glyphs\/racute.glif":"\/black-.ufo\/glyphs\/racute.glif","\/black-.ufo\/glyphs\/radical.glif":"\/black-.ufo\/glyphs\/radical.glif","\/black-.ufo\/glyphs\/rcaron.glif":"\/black-.ufo\/glyphs\/rcaron.glif","\/black-.ufo\/glyphs\/registered.glif":"\/black-.ufo\/glyphs\/registered.glif","\/black-.ufo\/glyphs\/revlogicalnot.glif":"\/black-.ufo\/glyphs\/revlogicalnot.glif","\/black-.ufo\/glyphs\/ring.glif":"\/black-.ufo\/glyphs\/ring.glif","\/black-.ufo\/glyphs\/rtblock.glif":"\/black-.ufo\/glyphs\/rtblock.glif","\/black-.ufo\/glyphs\/s.glif":"\/black-.ufo\/glyphs\/s.glif","\/black-.ufo\/glyphs\/sacute.glif":"\/black-.ufo\/glyphs\/sacute.glif","\/black-.ufo\/glyphs\/scaron.glif":"\/black-.ufo\/glyphs\/scaron.glif","\/black-.ufo\/glyphs\/scedilla.glif":"\/black-.ufo\/glyphs\/scedilla.glif","\/black-.ufo\/glyphs\/section.glif":"\/black-.ufo\/glyphs\/section.glif","\/black-.ufo\/glyphs\/semicolon.glif":"\/black-.ufo\/glyphs\/semicolon.glif","\/black-.ufo\/glyphs\/seven.glif":"\/black-.ufo\/glyphs\/seven.glif","\/black-.ufo\/glyphs\/shade.glif":"\/black-.ufo\/glyphs\/shade.glif","\/black-.ufo\/glyphs\/sigma.glif":"\/black-.ufo\/glyphs\/sigma.glif","\/black-.ufo\/glyphs\/six.glif":"\/black-.ufo\/glyphs\/six.glif","\/black-.ufo\/glyphs\/slash.glif":"\/black-.ufo\/glyphs\/slash.glif","\/black-.ufo\/glyphs\/smileface.glif":"\/black-.ufo\/glyphs\/smileface.glif","\/black-.ufo\/glyphs\/space.glif":"\/black-.ufo\/glyphs\/space.glif","\/black-.ufo\/glyphs\/spade.glif":"\/black-.ufo\/glyphs\/spade.glif","\/black-.ufo\/glyphs\/sterling.glif":"\/black-.ufo\/glyphs\/sterling.glif","\/black-.ufo\/glyphs\/sun.glif":"\/black-.ufo\/glyphs\/sun.glif","\/black-.ufo\/glyphs\/t.glif":"\/black-.ufo\/glyphs\/t.glif","\/black-.ufo\/glyphs\/tau.glif":"\/black-.ufo\/glyphs\/tau.glif","\/black-.ufo\/glyphs\/tcaron.glif":"\/black-.ufo\/glyphs\/tcaron.glif","\/black-.ufo\/glyphs\/tcommaaccent.glif":"\/black-.ufo\/glyphs\/tcommaaccent.glif","\/black-.ufo\/glyphs\/thorn.glif":"\/black-.ufo\/glyphs\/thorn.glif","\/black-.ufo\/glyphs\/three.glif":"\/black-.ufo\/glyphs\/three.glif","\/black-.ufo\/glyphs\/threequarters.glif":"\/black-.ufo\/glyphs\/threequarters.glif","\/black-.ufo\/glyphs\/tilde.glif":"\/black-.ufo\/glyphs\/tilde.glif","\/black-.ufo\/glyphs\/trademark.glif":"\/black-.ufo\/glyphs\/trademark.glif","\/black-.ufo\/glyphs\/triagdn.glif":"\/black-.ufo\/glyphs\/triagdn.glif","\/black-.ufo\/glyphs\/triaglf.glif":"\/black-.ufo\/glyphs\/triaglf.glif","\/black-.ufo\/glyphs\/triagrt.glif":"\/black-.ufo\/glyphs\/triagrt.glif","\/black-.ufo\/glyphs\/triagup.glif":"\/black-.ufo\/glyphs\/triagup.glif","\/black-.ufo\/glyphs\/two.glif":"\/black-.ufo\/glyphs\/two.glif","\/black-.ufo\/glyphs\/u.glif":"\/black-.ufo\/glyphs\/u.glif","\/black-.ufo\/glyphs\/uacute.glif":"\/black-.ufo\/glyphs\/uacute.glif","\/black-.ufo\/glyphs\/ucircumflex.glif":"\/black-.ufo\/glyphs\/ucircumflex.glif","\/black-.ufo\/glyphs\/udieresis.glif":"\/black-.ufo\/glyphs\/udieresis.glif","\/black-.ufo\/glyphs\/ugrave.glif":"\/black-.ufo\/glyphs\/ugrave.glif","\/black-.ufo\/glyphs\/uhungarumlaut.glif":"\/black-.ufo\/glyphs\/uhungarumlaut.glif","\/black-.ufo\/glyphs\/underscore.glif":"\/black-.ufo\/glyphs\/underscore.glif","\/black-.ufo\/glyphs\/underscoredbl.glif":"\/black-.ufo\/glyphs\/underscoredbl.glif","\/black-.ufo\/glyphs\/uni00A_D_.glif":"\/black-.ufo\/glyphs\/uni00A_D_.glif","\/black-.ufo\/glyphs\/uni00B_2.glif":"\/black-.ufo\/glyphs\/uni00B_2.glif","\/black-.ufo\/glyphs\/uni00B_3.glif":"\/black-.ufo\/glyphs\/uni00B_3.glif","\/black-.ufo\/glyphs\/uni00B_5.glif":"\/black-.ufo\/glyphs\/uni00B_5.glif","\/black-.ufo\/glyphs\/uni00B_9.glif":"\/black-.ufo\/glyphs\/uni00B_9.glif","\/black-.ufo\/glyphs\/uni02B_A_.glif":"\/black-.ufo\/glyphs\/uni02B_A_.glif","\/black-.ufo\/glyphs\/uni02C_9.glif":"\/black-.ufo\/glyphs\/uni02C_9.glif","\/black-.ufo\/glyphs\/uni207F_.glif":"\/black-.ufo\/glyphs\/uni207F_.glif","\/black-.ufo\/glyphs\/uni2206.glif":"\/black-.ufo\/glyphs\/uni2206.glif","\/black-.ufo\/glyphs\/uni2215.glif":"\/black-.ufo\/glyphs\/uni2215.glif","\/black-.ufo\/glyphs\/uni2219.glif":"\/black-.ufo\/glyphs\/uni2219.glif","\/black-.ufo\/glyphs\/uniF_000.glif":"\/black-.ufo\/glyphs\/uniF_000.glif","\/black-.ufo\/glyphs\/uniF_001.glif":"\/black-.ufo\/glyphs\/uniF_001.glif","\/black-.ufo\/glyphs\/uniF_002.glif":"\/black-.ufo\/glyphs\/uniF_002.glif","\/black-.ufo\/glyphs\/upblock.glif":"\/black-.ufo\/glyphs\/upblock.glif","\/black-.ufo\/glyphs\/uring.glif":"\/black-.ufo\/glyphs\/uring.glif","\/black-.ufo\/glyphs\/v.glif":"\/black-.ufo\/glyphs\/v.glif","\/black-.ufo\/glyphs\/w.glif":"\/black-.ufo\/glyphs\/w.glif","\/black-.ufo\/glyphs\/x.glif":"\/black-.ufo\/glyphs\/x.glif","\/black-.ufo\/glyphs\/y.glif":"\/black-.ufo\/glyphs\/y.glif","\/black-.ufo\/glyphs\/yacute.glif":"\/black-.ufo\/glyphs\/yacute.glif","\/black-.ufo\/glyphs\/ydieresis.glif":"\/black-.ufo\/glyphs\/ydieresis.glif","\/black-.ufo\/glyphs\/yen.glif":"\/black-.ufo\/glyphs\/yen.glif","\/black-.ufo\/glyphs\/z.glif":"\/black-.ufo\/glyphs\/z.glif","\/black-.ufo\/glyphs\/zacute.glif":"\/black-.ufo\/glyphs\/zacute.glif","\/black-.ufo\/glyphs\/zcaron.glif":"\/black-.ufo\/glyphs\/zcaron.glif","\/black-.ufo\/glyphs\/zdotaccent.glif":"\/black-.ufo\/glyphs\/zdotaccent.glif","\/black-.ufo\/glyphs\/zero.glif":"\/black-.ufo\/glyphs\/zero.glif"},"Font":{"uploaded":1471019359.0429,"licence":"gpl3","company":"Chronolabs Cooperative","title":"Black","version":3.002,"date":"Fri Aug 12 10:31:44 2016","creator":"root","type":"1","matrix":"0.001 0 0 0.001 0 0","named":"Black-","painttype":"0","info":"10 dict dup","name":"Black-","family":"Black-","weight":"Book","fstype":"4","italicangle":"17560","underlineposition":"","underlinethickness":""},"Licences":{"":false},"Table":{"FFTM":{"entryLength":16,"tag":"FFTM","checksum":1944371056,"offset":15356,"length":28},"GDEF":{"entryLength":16,"tag":"GDEF","checksum":29163524,"offset":15324,"length":32},"OS\/2":{"entryLength":16,"tag":"OS\/2","checksum":3521406991,"offset":344,"length":86},"cmap":{"entryLength":16,"tag":"cmap","checksum":2151461478,"offset":1628,"length":1674},"gasp":{"entryLength":16,"tag":"gasp","checksum":4294901763,"offset":15316,"length":8},"glyf":{"entryLength":16,"tag":"glyf","checksum":2647271610,"offset":4108,"length":8460},"head":{"entryLength":16,"tag":"head","checksum":167613607,"offset":220,"length":54},"hhea":{"entryLength":16,"tag":"hhea","checksum":144573507,"offset":276,"length":36},"hmtx":{"entryLength":16,"tag":"hmtx","checksum":3210808888,"offset":432,"length":1196},"loca":{"entryLength":16,"tag":"loca","checksum":1391151808,"offset":3304,"length":802},"maxp":{"entryLength":16,"tag":"maxp","checksum":30998639,"offset":312,"length":32},"name":{"entryLength":16,"tag":"name","checksum":4148535753,"offset":12568,"length":594},"post":{"entryLength":16,"tag":"post","checksum":2304905054,"offset":13164,"length":2150}},"UnicodeCharMap":{"32":193,"33":3,"34":4,"35":5,"36":6,"37":7,"38":8,"39":9,"40":10,"41":11,"42":12,"43":13,"44":14,"45":15,"46":16,"47":17,"48":18,"49":19,"50":20,"51":21,"52":22,"53":23,"54":24,"55":25,"56":26,"57":27,"58":28,"59":29,"60":30,"61":31,"62":32,"63":33,"64":34,"65":35,"66":36,"67":37,"68":38,"69":39,"70":40,"71":41,"72":42,"73":43,"74":44,"75":45,"76":46,"77":47,"78":48,"79":49,"80":50,"81":51,"82":52,"83":53,"84":54,"85":55,"86":56,"87":57,"88":58,"89":59,"90":60,"91":61,"92":62,"93":63,"94":64,"95":65,"96":66,"97":67,"98":68,"99":69,"100":70,"101":71,"102":72,"103":73,"104":74,"105":75,"106":76,"107":77,"108":78,"109":79,"110":80,"111":81,"112":82,"113":83,"114":84,"115":85,"116":86,"117":87,"118":88,"119":89,"120":90,"121":91,"122":92,"123":93,"124":94,"125":95,"126":96,"161":98,"162":99,"163":100,"164":101,"165":102,"166":103,"167":104,"168":105,"169":106,"170":107,"171":108,"172":109,"173":110,"174":111,"175":112,"176":113,"177":114,"178":115,"179":116,"180":117,"181":118,"182":119,"183":120,"184":121,"185":122,"186":123,"187":124,"188":125,"189":126,"190":127,"191":128,"192":129,"193":130,"194":131,"195":132,"196":133,"197":134,"198":135,"199":136,"200":137,"201":138,"202":139,"203":140,"204":141,"205":142,"206":143,"207":144,"208":145,"209":146,"210":147,"211":148,"212":149,"213":150,"214":151,"215":152,"216":153,"217":154,"218":155,"219":156,"220":157,"221":158,"222":159,"223":160,"224":161,"225":162,"226":163,"227":164,"228":165,"229":166,"230":167,"231":168,"232":169,"233":170,"234":171,"235":172,"236":173,"237":174,"238":175,"239":176,"240":177,"241":178,"242":179,"243":180,"244":181,"245":182,"246":183,"247":184,"248":185,"249":186,"250":187,"251":188,"252":189,"253":190,"254":191,"255":192,"258":320,"259":321,"260":322,"261":323,"262":257,"263":258,"268":259,"269":260,"270":324,"271":325,"272":326,"273":261,"280":327,"281":328,"282":329,"283":330,"286":252,"287":253,"304":254,"305":234,"313":331,"314":332,"317":333,"318":334,"319":358,"320":359,"321":244,"322":245,"323":335,"324":336,"327":337,"328":338,"336":339,"337":340,"338":213,"339":214,"340":341,"341":342,"344":300,"345":343,"346":344,"347":345,"350":255,"351":256,"352":246,"353":247,"354":346,"355":347,"356":348,"357":349,"366":350,"367":351,"368":353,"369":352,"376":222,"377":354,"378":355,"379":356,"380":357,"381":248,"382":249,"402":209,"698":241,"710":236,"711":243,"713":237,"728":238,"729":239,"730":240,"731":242,"732":235,"915":271,"920":272,"931":203,"934":273,"937":207,"945":274,"948":275,"949":276,"960":205,"963":277,"964":278,"966":279,"8211":264,"8212":216,"8215":267,"8216":219,"8217":220,"8218":230,"8220":217,"8221":218,"8222":231,"8224":194,"8225":228,"8226":97,"8230":212,"8240":232,"8249":224,"8250":225,"8252":268,"8319":269,"8355":251,"8359":270,"8482":197,"8592":280,"8593":281,"8594":262,"8595":282,"8596":283,"8597":284,"8616":285,"8706":202,"8710":211,"8719":204,"8722":250,"8725":223,"8729":229,"8730":208,"8734":199,"8735":286,"8745":287,"8747":206,"8776":210,"8800":198,"8801":288,"8804":200,"8805":201,"8962":263,"8976":289,"8992":290,"8993":291,"9472":360,"9474":361,"9484":362,"9488":363,"9492":364,"9496":365,"9500":366,"9508":367,"9516":368,"9524":369,"9532":370,"9552":371,"9553":372,"9554":373,"9555":374,"9556":375,"9557":376,"9558":377,"9559":378,"9560":379,"9561":380,"9562":381,"9563":382,"9564":383,"9565":384,"9566":385,"9567":386,"9568":387,"9569":388,"9570":389,"9571":390,"9572":391,"9573":392,"9574":393,"9575":394,"9576":395,"9577":396,"9578":397,"9579":398,"9580":399,"9600":301,"9604":302,"9608":303,"9612":304,"9616":305,"9617":306,"9618":307,"9619":308,"9632":265,"9644":292,"9650":294,"9658":295,"9660":296,"9668":297,"9674":221,"9675":293,"9688":298,"9689":299,"9786":309,"9787":310,"9788":311,"9792":312,"9794":313,"9824":314,"9827":315,"9829":316,"9830":317,"9834":318,"9835":319,"61440":233,"61441":226,"61442":227},"Reserves":{"fontname":"Black"},"Names":{"Black":{"name":"Black","longitude":"0.00000001","latitude":"0.00000001","country":"","region":"","city":""}},"Nodes":{"bl":{"type":"typal","node":"bl","usage":1,"weight":1},"ck":{"type":"typal","node":"ck","usage":1,"weight":1},"bla":{"type":"typal","node":"bla","usage":1,"weight":1},"ack":{"type":"typal","node":"ack","usage":1,"weight":1},"blac":{"type":"keys","node":"blac","usage":1,"weight":1},"lack":{"type":"keys","node":"lack","usage":1,"weight":1},"black":{"type":"fixes","node":"black","usage":1,"weight":1}},"Contributors":[],"FontIdentity":"labscoop:8dd44ebcf63df60d3f5b5a5","Bytes":null,"Networking":[],"barcode":"12qmwi2ceqq8sy","referee":"742iqg"}