{"CSS":{"ZigzagZooAnimal":"ZigzagZooAnimal.css","Zigzag Zoo Animal":"0cf8fa6d61d40a706081ee595177940b.css"},"FontType":"TrueType","FontCopyright":"Copyright (c)  Manfred Klein   4-22-05","FontName":"ZigzagZooAnimal","FontSubfamily":"Medium","FontSubfamilyID":"FontForge 2.0 : ZigzagZooAnimal : 29-5-2016","FontFullName":"Zigzag Zoo Animal","FontVersion":"Version 1.0 2005-04-22 ","FontWeight":null,"FontPostscriptName":"ZigzagZooAnimal","Files":null,"Table":{"FFTM":{"entryLength":16,"tag":"FFTM","checksum":1931248504,"offset":584424,"length":28},"GDEF":{"entryLength":16,"tag":"GDEF","checksum":18022406,"offset":558084,"length":32},"GPOS":{"entryLength":16,"tag":"GPOS","checksum":4068008629,"offset":558164,"length":26260},"GSUB":{"entryLength":16,"tag":"GSUB","checksum":3103766782,"offset":558116,"length":48},"OS\/2":{"entryLength":16,"tag":"OS\/2","checksum":1452678687,"offset":376,"length":86},"cmap":{"entryLength":16,"tag":"cmap","checksum":3606399686,"offset":1256,"length":552},"gasp":{"entryLength":16,"tag":"gasp","checksum":4294901763,"offset":558076,"length":8},"glyf":{"entryLength":16,"tag":"glyf","checksum":541250299,"offset":2732,"length":554188},"head":{"entryLength":16,"tag":"head","checksum":189801971,"offset":252,"length":54},"hhea":{"entryLength":16,"tag":"hhea","checksum":156370443,"offset":308,"length":36},"hmtx":{"entryLength":16,"tag":"hmtx","checksum":1199777738,"offset":464,"length":792},"loca":{"entryLength":16,"tag":"loca","checksum":88171356,"offset":1808,"length":924},"maxp":{"entryLength":16,"tag":"maxp","checksum":24775855,"offset":344,"length":32},"name":{"entryLength":16,"tag":"name","checksum":1670907583,"offset":556920,"length":660},"post":{"entryLength":16,"tag":"post","checksum":908473849,"offset":557580,"length":494}},"UnicodeCharMap":{"32":17,"33":18,"34":19,"35":20,"36":21,"37":22,"38":23,"39":24,"40":25,"41":26,"42":27,"43":28,"44":29,"45":30,"46":31,"47":32,"48":33,"49":34,"50":35,"51":36,"52":37,"53":38,"54":39,"55":40,"56":41,"57":42,"58":43,"59":44,"60":45,"61":46,"62":47,"63":48,"64":49,"65":50,"66":51,"67":52,"68":53,"69":54,"70":55,"71":56,"72":57,"73":58,"74":59,"75":60,"76":61,"77":62,"78":63,"79":64,"80":65,"81":66,"82":67,"83":68,"84":69,"85":70,"86":71,"87":72,"88":73,"89":74,"90":75,"91":76,"92":77,"93":78,"94":79,"95":80,"96":81,"97":82,"98":83,"99":84,"100":85,"101":86,"102":87,"103":88,"104":89,"105":90,"106":91,"107":92,"108":93,"109":94,"110":95,"111":96,"112":97,"113":98,"114":99,"115":100,"116":101,"117":102,"118":103,"119":104,"120":105,"121":106,"122":107,"123":108,"124":109,"125":110,"126":111,"161":112,"162":113,"163":114,"164":115,"165":116,"166":117,"167":118,"168":119,"169":120,"170":121,"171":122,"172":123,"174":124,"175":125,"176":126,"177":127,"178":128,"179":129,"180":130,"182":132,"183":133,"184":134,"185":135,"186":136,"187":137,"188":138,"189":139,"190":140,"191":141,"192":142,"193":143,"194":144,"195":145,"196":146,"197":147,"198":148,"199":149,"200":150,"201":151,"202":152,"203":153,"204":154,"205":155,"206":156,"207":157,"208":158,"209":159,"210":160,"211":161,"212":162,"213":163,"214":164,"215":165,"216":166,"217":167,"218":168,"219":169,"220":170,"221":171,"222":172,"223":173,"224":174,"225":175,"226":176,"227":177,"228":178,"229":179,"230":180,"231":181,"232":182,"233":183,"234":184,"235":185,"236":186,"237":187,"238":188,"239":189,"240":190,"241":191,"242":192,"243":193,"244":194,"245":195,"246":196,"247":197,"248":198,"249":199,"250":200,"251":201,"252":202,"253":203,"254":204,"255":205,"305":9,"321":13,"322":14,"338":216,"339":228,"352":214,"353":226,"376":229,"381":15,"382":16,"402":207,"710":212,"711":8,"728":3,"729":4,"730":5,"731":7,"732":224,"733":6,"956":131,"8211":222,"8212":223,"8216":217,"8217":218,"8218":206,"8220":219,"8221":220,"8222":208,"8224":210,"8225":211,"8226":221,"8230":209,"8240":213,"8249":215,"8250":227,"8260":10,"8482":225,"64257":11,"64258":12},"Reserves":{"fontname":"Zigzag Zoo Animal"},"Names":{"Zigzag Zoo Animal":{"name":"Zigzag Zoo Animal","longitude":"0.00000001","latitude":"0.00000001","country":"","region":"","city":""}},"Nodes":{"zi":{"type":"typal","node":"zi","usage":1,"weight":1},"ag":{"type":"typal","node":"ag","usage":1,"weight":1},"zo":{"type":"typal","node":"zo","usage":1,"weight":1},"oo":{"type":"typal","node":"oo","usage":1,"weight":1},"an":{"type":"typal","node":"an","usage":1,"weight":1},"al":{"type":"typal","node":"al","usage":1,"weight":1},"zig":{"type":"typal","node":"zig","usage":1,"weight":1},"zag":{"type":"typal","node":"zag","usage":1,"weight":1},"ani":{"type":"typal","node":"ani","usage":1,"weight":1},"mal":{"type":"typal","node":"mal","usage":1,"weight":1},"zigz":{"type":"keys","node":"zigz","usage":1,"weight":1},"gzag":{"type":"keys","node":"gzag","usage":1,"weight":1},"anim":{"type":"keys","node":"anim","usage":1,"weight":1},"imal":{"type":"keys","node":"imal","usage":1,"weight":1},"zigza":{"type":"keys","node":"zigza","usage":1,"weight":1},"igzag":{"type":"keys","node":"igzag","usage":1,"weight":1},"anima":{"type":"keys","node":"anima","usage":1,"weight":1},"nimal":{"type":"keys","node":"nimal","usage":1,"weight":1},"zigzag":{"type":"fixes","node":"zigzag","usage":1,"weight":1},"zoo":{"type":"fixes","node":"zoo","usage":1,"weight":1},"animal":{"type":"fixes","node":"animal","usage":1,"weight":1}},"Contributors":[],"FontIdentity":"0cf8fa6d61d40a706081ee595177940b","Bytes":null,"Networking":[]}