{"CSS":{"Serifa Std 65 Bold":"Serifa+Std+65+Bold.css","Serifa Std 6 5 Bold":"thatcher0:207febc4f28936f9a8f081.css"},"FontType":"TrueType","FontCopyright":" Copyright (c) 1989, 1995, 2002 Fundicion Tipografica Neufville S.A.\n This record material and the data recorded thereon is the property of\n Fundicion Tipografica Neufville S.A. and Adobe Systems Incorporated,\n or its licensors, and may not be reproduced, used, displayed, modified,\n disclosed or transferred in any manner without the express written\n approval of Fundicion Tipografica Neufville S.A. and Adobe Systems\n Incorporated. ","FontName":"Serifa Std","FontSubfamily":"Bold","FontSubfamilyID":"FontForge 2.0 : Serifa Std 65 Bold : 15-9-2016","FontFullName":"Serifa Std 6 5 Bold","FontVersion":"Version 002.000 ","FontWeight":null,"FontPostscriptName":"SerifaStd-Bold","Files":{"\/Serifa Std 65 Bold.css":"\/Serifa Std 65 Bold.css","\/font-resource.json":"\/font-resource.json","\/serifastd-bold.afm":"\/serifastd-bold.afm","\/serifastd-bold.cef":"\/serifastd-bold.cef","\/serifastd-bold.cff":"\/serifastd-bold.cff","\/serifastd-bold.eot":"\/serifastd-bold.eot","\/serifastd-bold.gai":"\/serifastd-bold.gai","\/serifastd-bold.gsf":"\/serifastd-bold.gsf","\/serifastd-bold.otf":"\/serifastd-bold.otf","\/serifastd-bold.pf3":"\/serifastd-bold.pf3","\/serifastd-bold.pfa":"\/serifastd-bold.pfa","\/serifastd-bold.pfb":"\/serifastd-bold.pfb","\/serifastd-bold.php":"\/serifastd-bold.php","\/serifastd-bold.pt3":"\/serifastd-bold.pt3","\/serifastd-bold.sfd":"\/serifastd-bold.sfd","\/serifastd-bold.svg":"\/serifastd-bold.svg","\/serifastd-bold.t42":"\/serifastd-bold.t42","\/serifastd-bold.ttd":"\/serifastd-bold.ttd","\/serifastd-bold.ttf":"\/serifastd-bold.ttf","\/serifastd-bold.ttg":"\/serifastd-bold.ttg","\/serifastd-bold.ufm":"\/serifastd-bold.ufm","\/serifastd-bold.woff":"\/serifastd-bold.woff","\/serifastd-bold.z":"\/serifastd-bold.z","\/serifastd-bold.ufo\/feature.fea":"\/serifastd-bold.ufo\/feature.fea","\/serifastd-bold.ufo\/fontinfo.plist":"\/serifastd-bold.ufo\/fontinfo.plist","\/serifastd-bold.ufo\/groups.plist":"\/serifastd-bold.ufo\/groups.plist","\/serifastd-bold.ufo\/kerning.plist":"\/serifastd-bold.ufo\/kerning.plist","\/serifastd-bold.ufo\/metainfo.plist":"\/serifastd-bold.ufo\/metainfo.plist","\/serifastd-bold.ufo\/glyphs\/A_.glif":"\/serifastd-bold.ufo\/glyphs\/A_.glif","\/serifastd-bold.ufo\/glyphs\/A_E_.glif":"\/serifastd-bold.ufo\/glyphs\/A_E_.glif","\/serifastd-bold.ufo\/glyphs\/A_acute.glif":"\/serifastd-bold.ufo\/glyphs\/A_acute.glif","\/serifastd-bold.ufo\/glyphs\/A_circumflex.glif":"\/serifastd-bold.ufo\/glyphs\/A_circumflex.glif","\/serifastd-bold.ufo\/glyphs\/A_dieresis.glif":"\/serifastd-bold.ufo\/glyphs\/A_dieresis.glif","\/serifastd-bold.ufo\/glyphs\/A_grave.glif":"\/serifastd-bold.ufo\/glyphs\/A_grave.glif","\/serifastd-bold.ufo\/glyphs\/A_ring.glif":"\/serifastd-bold.ufo\/glyphs\/A_ring.glif","\/serifastd-bold.ufo\/glyphs\/A_tilde.glif":"\/serifastd-bold.ufo\/glyphs\/A_tilde.glif","\/serifastd-bold.ufo\/glyphs\/B_.glif":"\/serifastd-bold.ufo\/glyphs\/B_.glif","\/serifastd-bold.ufo\/glyphs\/C_.glif":"\/serifastd-bold.ufo\/glyphs\/C_.glif","\/serifastd-bold.ufo\/glyphs\/C_cedilla.glif":"\/serifastd-bold.ufo\/glyphs\/C_cedilla.glif","\/serifastd-bold.ufo\/glyphs\/D_.glif":"\/serifastd-bold.ufo\/glyphs\/D_.glif","\/serifastd-bold.ufo\/glyphs\/E_.glif":"\/serifastd-bold.ufo\/glyphs\/E_.glif","\/serifastd-bold.ufo\/glyphs\/E_acute.glif":"\/serifastd-bold.ufo\/glyphs\/E_acute.glif","\/serifastd-bold.ufo\/glyphs\/E_circumflex.glif":"\/serifastd-bold.ufo\/glyphs\/E_circumflex.glif","\/serifastd-bold.ufo\/glyphs\/E_dieresis.glif":"\/serifastd-bold.ufo\/glyphs\/E_dieresis.glif","\/serifastd-bold.ufo\/glyphs\/E_grave.glif":"\/serifastd-bold.ufo\/glyphs\/E_grave.glif","\/serifastd-bold.ufo\/glyphs\/E_th.glif":"\/serifastd-bold.ufo\/glyphs\/E_th.glif","\/serifastd-bold.ufo\/glyphs\/E_uro.glif":"\/serifastd-bold.ufo\/glyphs\/E_uro.glif","\/serifastd-bold.ufo\/glyphs\/F_.glif":"\/serifastd-bold.ufo\/glyphs\/F_.glif","\/serifastd-bold.ufo\/glyphs\/G_.glif":"\/serifastd-bold.ufo\/glyphs\/G_.glif","\/serifastd-bold.ufo\/glyphs\/H_.glif":"\/serifastd-bold.ufo\/glyphs\/H_.glif","\/serifastd-bold.ufo\/glyphs\/I_.glif":"\/serifastd-bold.ufo\/glyphs\/I_.glif","\/serifastd-bold.ufo\/glyphs\/I_acute.glif":"\/serifastd-bold.ufo\/glyphs\/I_acute.glif","\/serifastd-bold.ufo\/glyphs\/I_circumflex.glif":"\/serifastd-bold.ufo\/glyphs\/I_circumflex.glif","\/serifastd-bold.ufo\/glyphs\/I_dieresis.glif":"\/serifastd-bold.ufo\/glyphs\/I_dieresis.glif","\/serifastd-bold.ufo\/glyphs\/I_grave.glif":"\/serifastd-bold.ufo\/glyphs\/I_grave.glif","\/serifastd-bold.ufo\/glyphs\/J_.glif":"\/serifastd-bold.ufo\/glyphs\/J_.glif","\/serifastd-bold.ufo\/glyphs\/K_.glif":"\/serifastd-bold.ufo\/glyphs\/K_.glif","\/serifastd-bold.ufo\/glyphs\/L_.glif":"\/serifastd-bold.ufo\/glyphs\/L_.glif","\/serifastd-bold.ufo\/glyphs\/L_slash.glif":"\/serifastd-bold.ufo\/glyphs\/L_slash.glif","\/serifastd-bold.ufo\/glyphs\/M_.glif":"\/serifastd-bold.ufo\/glyphs\/M_.glif","\/serifastd-bold.ufo\/glyphs\/N_.glif":"\/serifastd-bold.ufo\/glyphs\/N_.glif","\/serifastd-bold.ufo\/glyphs\/N_tilde.glif":"\/serifastd-bold.ufo\/glyphs\/N_tilde.glif","\/serifastd-bold.ufo\/glyphs\/O_.glif":"\/serifastd-bold.ufo\/glyphs\/O_.glif","\/serifastd-bold.ufo\/glyphs\/O_E_.glif":"\/serifastd-bold.ufo\/glyphs\/O_E_.glif","\/serifastd-bold.ufo\/glyphs\/O_acute.glif":"\/serifastd-bold.ufo\/glyphs\/O_acute.glif","\/serifastd-bold.ufo\/glyphs\/O_circumflex.glif":"\/serifastd-bold.ufo\/glyphs\/O_circumflex.glif","\/serifastd-bold.ufo\/glyphs\/O_dieresis.glif":"\/serifastd-bold.ufo\/glyphs\/O_dieresis.glif","\/serifastd-bold.ufo\/glyphs\/O_grave.glif":"\/serifastd-bold.ufo\/glyphs\/O_grave.glif","\/serifastd-bold.ufo\/glyphs\/O_mega.glif":"\/serifastd-bold.ufo\/glyphs\/O_mega.glif","\/serifastd-bold.ufo\/glyphs\/O_slash.glif":"\/serifastd-bold.ufo\/glyphs\/O_slash.glif","\/serifastd-bold.ufo\/glyphs\/O_tilde.glif":"\/serifastd-bold.ufo\/glyphs\/O_tilde.glif","\/serifastd-bold.ufo\/glyphs\/P_.glif":"\/serifastd-bold.ufo\/glyphs\/P_.glif","\/serifastd-bold.ufo\/glyphs\/Q_.glif":"\/serifastd-bold.ufo\/glyphs\/Q_.glif","\/serifastd-bold.ufo\/glyphs\/R_.glif":"\/serifastd-bold.ufo\/glyphs\/R_.glif","\/serifastd-bold.ufo\/glyphs\/S_.glif":"\/serifastd-bold.ufo\/glyphs\/S_.glif","\/serifastd-bold.ufo\/glyphs\/S_caron.glif":"\/serifastd-bold.ufo\/glyphs\/S_caron.glif","\/serifastd-bold.ufo\/glyphs\/T_.glif":"\/serifastd-bold.ufo\/glyphs\/T_.glif","\/serifastd-bold.ufo\/glyphs\/T_horn.glif":"\/serifastd-bold.ufo\/glyphs\/T_horn.glif","\/serifastd-bold.ufo\/glyphs\/U_.glif":"\/serifastd-bold.ufo\/glyphs\/U_.glif","\/serifastd-bold.ufo\/glyphs\/U_acute.glif":"\/serifastd-bold.ufo\/glyphs\/U_acute.glif","\/serifastd-bold.ufo\/glyphs\/U_circumflex.glif":"\/serifastd-bold.ufo\/glyphs\/U_circumflex.glif","\/serifastd-bold.ufo\/glyphs\/U_dieresis.glif":"\/serifastd-bold.ufo\/glyphs\/U_dieresis.glif","\/serifastd-bold.ufo\/glyphs\/U_grave.glif":"\/serifastd-bold.ufo\/glyphs\/U_grave.glif","\/serifastd-bold.ufo\/glyphs\/V_.glif":"\/serifastd-bold.ufo\/glyphs\/V_.glif","\/serifastd-bold.ufo\/glyphs\/W_.glif":"\/serifastd-bold.ufo\/glyphs\/W_.glif","\/serifastd-bold.ufo\/glyphs\/X_.glif":"\/serifastd-bold.ufo\/glyphs\/X_.glif","\/serifastd-bold.ufo\/glyphs\/Y_.glif":"\/serifastd-bold.ufo\/glyphs\/Y_.glif","\/serifastd-bold.ufo\/glyphs\/Y_acute.glif":"\/serifastd-bold.ufo\/glyphs\/Y_acute.glif","\/serifastd-bold.ufo\/glyphs\/Y_dieresis.glif":"\/serifastd-bold.ufo\/glyphs\/Y_dieresis.glif","\/serifastd-bold.ufo\/glyphs\/Z_.glif":"\/serifastd-bold.ufo\/glyphs\/Z_.glif","\/serifastd-bold.ufo\/glyphs\/Z_caron.glif":"\/serifastd-bold.ufo\/glyphs\/Z_caron.glif","\/serifastd-bold.ufo\/glyphs\/_notdef.glif":"\/serifastd-bold.ufo\/glyphs\/_notdef.glif","\/serifastd-bold.ufo\/glyphs\/a.glif":"\/serifastd-bold.ufo\/glyphs\/a.glif","\/serifastd-bold.ufo\/glyphs\/a.superior.glif":"\/serifastd-bold.ufo\/glyphs\/a.superior.glif","\/serifastd-bold.ufo\/glyphs\/aacute.glif":"\/serifastd-bold.ufo\/glyphs\/aacute.glif","\/serifastd-bold.ufo\/glyphs\/acircumflex.glif":"\/serifastd-bold.ufo\/glyphs\/acircumflex.glif","\/serifastd-bold.ufo\/glyphs\/acute.glif":"\/serifastd-bold.ufo\/glyphs\/acute.glif","\/serifastd-bold.ufo\/glyphs\/adieresis.glif":"\/serifastd-bold.ufo\/glyphs\/adieresis.glif","\/serifastd-bold.ufo\/glyphs\/ae.glif":"\/serifastd-bold.ufo\/glyphs\/ae.glif","\/serifastd-bold.ufo\/glyphs\/afii61289.glif":"\/serifastd-bold.ufo\/glyphs\/afii61289.glif","\/serifastd-bold.ufo\/glyphs\/agrave.glif":"\/serifastd-bold.ufo\/glyphs\/agrave.glif","\/serifastd-bold.ufo\/glyphs\/ampersand.glif":"\/serifastd-bold.ufo\/glyphs\/ampersand.glif","\/serifastd-bold.ufo\/glyphs\/approxequal.glif":"\/serifastd-bold.ufo\/glyphs\/approxequal.glif","\/serifastd-bold.ufo\/glyphs\/aring.glif":"\/serifastd-bold.ufo\/glyphs\/aring.glif","\/serifastd-bold.ufo\/glyphs\/asciicircum.glif":"\/serifastd-bold.ufo\/glyphs\/asciicircum.glif","\/serifastd-bold.ufo\/glyphs\/asciitilde.glif":"\/serifastd-bold.ufo\/glyphs\/asciitilde.glif","\/serifastd-bold.ufo\/glyphs\/asterisk.glif":"\/serifastd-bold.ufo\/glyphs\/asterisk.glif","\/serifastd-bold.ufo\/glyphs\/at.glif":"\/serifastd-bold.ufo\/glyphs\/at.glif","\/serifastd-bold.ufo\/glyphs\/atilde.glif":"\/serifastd-bold.ufo\/glyphs\/atilde.glif","\/serifastd-bold.ufo\/glyphs\/b.glif":"\/serifastd-bold.ufo\/glyphs\/b.glif","\/serifastd-bold.ufo\/glyphs\/backslash.glif":"\/serifastd-bold.ufo\/glyphs\/backslash.glif","\/serifastd-bold.ufo\/glyphs\/bar.glif":"\/serifastd-bold.ufo\/glyphs\/bar.glif","\/serifastd-bold.ufo\/glyphs\/braceleft.glif":"\/serifastd-bold.ufo\/glyphs\/braceleft.glif","\/serifastd-bold.ufo\/glyphs\/braceright.glif":"\/serifastd-bold.ufo\/glyphs\/braceright.glif","\/serifastd-bold.ufo\/glyphs\/bracketleft.glif":"\/serifastd-bold.ufo\/glyphs\/bracketleft.glif","\/serifastd-bold.ufo\/glyphs\/bracketright.glif":"\/serifastd-bold.ufo\/glyphs\/bracketright.glif","\/serifastd-bold.ufo\/glyphs\/breve.glif":"\/serifastd-bold.ufo\/glyphs\/breve.glif","\/serifastd-bold.ufo\/glyphs\/brokenbar.glif":"\/serifastd-bold.ufo\/glyphs\/brokenbar.glif","\/serifastd-bold.ufo\/glyphs\/bullet.glif":"\/serifastd-bold.ufo\/glyphs\/bullet.glif","\/serifastd-bold.ufo\/glyphs\/c.glif":"\/serifastd-bold.ufo\/glyphs\/c.glif","\/serifastd-bold.ufo\/glyphs\/caron.glif":"\/serifastd-bold.ufo\/glyphs\/caron.glif","\/serifastd-bold.ufo\/glyphs\/ccedilla.glif":"\/serifastd-bold.ufo\/glyphs\/ccedilla.glif","\/serifastd-bold.ufo\/glyphs\/cedilla.glif":"\/serifastd-bold.ufo\/glyphs\/cedilla.glif","\/serifastd-bold.ufo\/glyphs\/cent.glif":"\/serifastd-bold.ufo\/glyphs\/cent.glif","\/serifastd-bold.ufo\/glyphs\/circumflex.glif":"\/serifastd-bold.ufo\/glyphs\/circumflex.glif","\/serifastd-bold.ufo\/glyphs\/colon.glif":"\/serifastd-bold.ufo\/glyphs\/colon.glif","\/serifastd-bold.ufo\/glyphs\/comma.glif":"\/serifastd-bold.ufo\/glyphs\/comma.glif","\/serifastd-bold.ufo\/glyphs\/contents.plist":"\/serifastd-bold.ufo\/glyphs\/contents.plist","\/serifastd-bold.ufo\/glyphs\/copyright.glif":"\/serifastd-bold.ufo\/glyphs\/copyright.glif","\/serifastd-bold.ufo\/glyphs\/currency.glif":"\/serifastd-bold.ufo\/glyphs\/currency.glif","\/serifastd-bold.ufo\/glyphs\/d.glif":"\/serifastd-bold.ufo\/glyphs\/d.glif","\/serifastd-bold.ufo\/glyphs\/dagger.glif":"\/serifastd-bold.ufo\/glyphs\/dagger.glif","\/serifastd-bold.ufo\/glyphs\/daggerdbl.glif":"\/serifastd-bold.ufo\/glyphs\/daggerdbl.glif","\/serifastd-bold.ufo\/glyphs\/degree.glif":"\/serifastd-bold.ufo\/glyphs\/degree.glif","\/serifastd-bold.ufo\/glyphs\/dieresis.glif":"\/serifastd-bold.ufo\/glyphs\/dieresis.glif","\/serifastd-bold.ufo\/glyphs\/divide.glif":"\/serifastd-bold.ufo\/glyphs\/divide.glif","\/serifastd-bold.ufo\/glyphs\/dollar.glif":"\/serifastd-bold.ufo\/glyphs\/dollar.glif","\/serifastd-bold.ufo\/glyphs\/dotaccent.glif":"\/serifastd-bold.ufo\/glyphs\/dotaccent.glif","\/serifastd-bold.ufo\/glyphs\/dotlessi.glif":"\/serifastd-bold.ufo\/glyphs\/dotlessi.glif","\/serifastd-bold.ufo\/glyphs\/e.glif":"\/serifastd-bold.ufo\/glyphs\/e.glif","\/serifastd-bold.ufo\/glyphs\/eacute.glif":"\/serifastd-bold.ufo\/glyphs\/eacute.glif","\/serifastd-bold.ufo\/glyphs\/ecircumflex.glif":"\/serifastd-bold.ufo\/glyphs\/ecircumflex.glif","\/serifastd-bold.ufo\/glyphs\/edieresis.glif":"\/serifastd-bold.ufo\/glyphs\/edieresis.glif","\/serifastd-bold.ufo\/glyphs\/egrave.glif":"\/serifastd-bold.ufo\/glyphs\/egrave.glif","\/serifastd-bold.ufo\/glyphs\/eight.glif":"\/serifastd-bold.ufo\/glyphs\/eight.glif","\/serifastd-bold.ufo\/glyphs\/ellipsis.glif":"\/serifastd-bold.ufo\/glyphs\/ellipsis.glif","\/serifastd-bold.ufo\/glyphs\/emdash.glif":"\/serifastd-bold.ufo\/glyphs\/emdash.glif","\/serifastd-bold.ufo\/glyphs\/endash.glif":"\/serifastd-bold.ufo\/glyphs\/endash.glif","\/serifastd-bold.ufo\/glyphs\/equal.glif":"\/serifastd-bold.ufo\/glyphs\/equal.glif","\/serifastd-bold.ufo\/glyphs\/estimated.glif":"\/serifastd-bold.ufo\/glyphs\/estimated.glif","\/serifastd-bold.ufo\/glyphs\/eth.glif":"\/serifastd-bold.ufo\/glyphs\/eth.glif","\/serifastd-bold.ufo\/glyphs\/exclam.glif":"\/serifastd-bold.ufo\/glyphs\/exclam.glif","\/serifastd-bold.ufo\/glyphs\/exclamdown.glif":"\/serifastd-bold.ufo\/glyphs\/exclamdown.glif","\/serifastd-bold.ufo\/glyphs\/f.glif":"\/serifastd-bold.ufo\/glyphs\/f.glif","\/serifastd-bold.ufo\/glyphs\/f_i.glif":"\/serifastd-bold.ufo\/glyphs\/f_i.glif","\/serifastd-bold.ufo\/glyphs\/f_l.glif":"\/serifastd-bold.ufo\/glyphs\/f_l.glif","\/serifastd-bold.ufo\/glyphs\/fi.glif":"\/serifastd-bold.ufo\/glyphs\/fi.glif","\/serifastd-bold.ufo\/glyphs\/five.glif":"\/serifastd-bold.ufo\/glyphs\/five.glif","\/serifastd-bold.ufo\/glyphs\/fl.glif":"\/serifastd-bold.ufo\/glyphs\/fl.glif","\/serifastd-bold.ufo\/glyphs\/florin.glif":"\/serifastd-bold.ufo\/glyphs\/florin.glif","\/serifastd-bold.ufo\/glyphs\/four.glif":"\/serifastd-bold.ufo\/glyphs\/four.glif","\/serifastd-bold.ufo\/glyphs\/fraction.glif":"\/serifastd-bold.ufo\/glyphs\/fraction.glif","\/serifastd-bold.ufo\/glyphs\/g.glif":"\/serifastd-bold.ufo\/glyphs\/g.glif","\/serifastd-bold.ufo\/glyphs\/germandbls.glif":"\/serifastd-bold.ufo\/glyphs\/germandbls.glif","\/serifastd-bold.ufo\/glyphs\/grave.glif":"\/serifastd-bold.ufo\/glyphs\/grave.glif","\/serifastd-bold.ufo\/glyphs\/greater.glif":"\/serifastd-bold.ufo\/glyphs\/greater.glif","\/serifastd-bold.ufo\/glyphs\/greaterequal.glif":"\/serifastd-bold.ufo\/glyphs\/greaterequal.glif","\/serifastd-bold.ufo\/glyphs\/guillemotleft.glif":"\/serifastd-bold.ufo\/glyphs\/guillemotleft.glif","\/serifastd-bold.ufo\/glyphs\/guillemotright.glif":"\/serifastd-bold.ufo\/glyphs\/guillemotright.glif","\/serifastd-bold.ufo\/glyphs\/guilsinglleft.glif":"\/serifastd-bold.ufo\/glyphs\/guilsinglleft.glif","\/serifastd-bold.ufo\/glyphs\/guilsinglright.glif":"\/serifastd-bold.ufo\/glyphs\/guilsinglright.glif","\/serifastd-bold.ufo\/glyphs\/h.glif":"\/serifastd-bold.ufo\/glyphs\/h.glif","\/serifastd-bold.ufo\/glyphs\/hungarumlaut.glif":"\/serifastd-bold.ufo\/glyphs\/hungarumlaut.glif","\/serifastd-bold.ufo\/glyphs\/hyphen.glif":"\/serifastd-bold.ufo\/glyphs\/hyphen.glif","\/serifastd-bold.ufo\/glyphs\/i.glif":"\/serifastd-bold.ufo\/glyphs\/i.glif","\/serifastd-bold.ufo\/glyphs\/iacute.glif":"\/serifastd-bold.ufo\/glyphs\/iacute.glif","\/serifastd-bold.ufo\/glyphs\/icircumflex.glif":"\/serifastd-bold.ufo\/glyphs\/icircumflex.glif","\/serifastd-bold.ufo\/glyphs\/idieresis.glif":"\/serifastd-bold.ufo\/glyphs\/idieresis.glif","\/serifastd-bold.ufo\/glyphs\/igrave.glif":"\/serifastd-bold.ufo\/glyphs\/igrave.glif","\/serifastd-bold.ufo\/glyphs\/infinity.glif":"\/serifastd-bold.ufo\/glyphs\/infinity.glif","\/serifastd-bold.ufo\/glyphs\/integral.glif":"\/serifastd-bold.ufo\/glyphs\/integral.glif","\/serifastd-bold.ufo\/glyphs\/j.glif":"\/serifastd-bold.ufo\/glyphs\/j.glif","\/serifastd-bold.ufo\/glyphs\/k.glif":"\/serifastd-bold.ufo\/glyphs\/k.glif","\/serifastd-bold.ufo\/glyphs\/l.glif":"\/serifastd-bold.ufo\/glyphs\/l.glif","\/serifastd-bold.ufo\/glyphs\/less.glif":"\/serifastd-bold.ufo\/glyphs\/less.glif","\/serifastd-bold.ufo\/glyphs\/lessequal.glif":"\/serifastd-bold.ufo\/glyphs\/lessequal.glif","\/serifastd-bold.ufo\/glyphs\/logicalnot.glif":"\/serifastd-bold.ufo\/glyphs\/logicalnot.glif","\/serifastd-bold.ufo\/glyphs\/lozenge.glif":"\/serifastd-bold.ufo\/glyphs\/lozenge.glif","\/serifastd-bold.ufo\/glyphs\/lslash.glif":"\/serifastd-bold.ufo\/glyphs\/lslash.glif","\/serifastd-bold.ufo\/glyphs\/m.glif":"\/serifastd-bold.ufo\/glyphs\/m.glif","\/serifastd-bold.ufo\/glyphs\/macron.glif":"\/serifastd-bold.ufo\/glyphs\/macron.glif","\/serifastd-bold.ufo\/glyphs\/minus.glif":"\/serifastd-bold.ufo\/glyphs\/minus.glif","\/serifastd-bold.ufo\/glyphs\/mu.glif":"\/serifastd-bold.ufo\/glyphs\/mu.glif","\/serifastd-bold.ufo\/glyphs\/multiply.glif":"\/serifastd-bold.ufo\/glyphs\/multiply.glif","\/serifastd-bold.ufo\/glyphs\/n.glif":"\/serifastd-bold.ufo\/glyphs\/n.glif","\/serifastd-bold.ufo\/glyphs\/nine.glif":"\/serifastd-bold.ufo\/glyphs\/nine.glif","\/serifastd-bold.ufo\/glyphs\/notequal.glif":"\/serifastd-bold.ufo\/glyphs\/notequal.glif","\/serifastd-bold.ufo\/glyphs\/ntilde.glif":"\/serifastd-bold.ufo\/glyphs\/ntilde.glif","\/serifastd-bold.ufo\/glyphs\/numbersign.glif":"\/serifastd-bold.ufo\/glyphs\/numbersign.glif","\/serifastd-bold.ufo\/glyphs\/o.glif":"\/serifastd-bold.ufo\/glyphs\/o.glif","\/serifastd-bold.ufo\/glyphs\/o.superior.glif":"\/serifastd-bold.ufo\/glyphs\/o.superior.glif","\/serifastd-bold.ufo\/glyphs\/oacute.glif":"\/serifastd-bold.ufo\/glyphs\/oacute.glif","\/serifastd-bold.ufo\/glyphs\/ocircumflex.glif":"\/serifastd-bold.ufo\/glyphs\/ocircumflex.glif","\/serifastd-bold.ufo\/glyphs\/odieresis.glif":"\/serifastd-bold.ufo\/glyphs\/odieresis.glif","\/serifastd-bold.ufo\/glyphs\/oe.glif":"\/serifastd-bold.ufo\/glyphs\/oe.glif","\/serifastd-bold.ufo\/glyphs\/ogonek.glif":"\/serifastd-bold.ufo\/glyphs\/ogonek.glif","\/serifastd-bold.ufo\/glyphs\/ograve.glif":"\/serifastd-bold.ufo\/glyphs\/ograve.glif","\/serifastd-bold.ufo\/glyphs\/one.glif":"\/serifastd-bold.ufo\/glyphs\/one.glif","\/serifastd-bold.ufo\/glyphs\/one.superior.glif":"\/serifastd-bold.ufo\/glyphs\/one.superior.glif","\/serifastd-bold.ufo\/glyphs\/onehalf.glif":"\/serifastd-bold.ufo\/glyphs\/onehalf.glif","\/serifastd-bold.ufo\/glyphs\/onequarter.glif":"\/serifastd-bold.ufo\/glyphs\/onequarter.glif","\/serifastd-bold.ufo\/glyphs\/onesuperior.glif":"\/serifastd-bold.ufo\/glyphs\/onesuperior.glif","\/serifastd-bold.ufo\/glyphs\/ordfeminine.glif":"\/serifastd-bold.ufo\/glyphs\/ordfeminine.glif","\/serifastd-bold.ufo\/glyphs\/ordmasculine.glif":"\/serifastd-bold.ufo\/glyphs\/ordmasculine.glif","\/serifastd-bold.ufo\/glyphs\/oslash.glif":"\/serifastd-bold.ufo\/glyphs\/oslash.glif","\/serifastd-bold.ufo\/glyphs\/otilde.glif":"\/serifastd-bold.ufo\/glyphs\/otilde.glif","\/serifastd-bold.ufo\/glyphs\/p.glif":"\/serifastd-bold.ufo\/glyphs\/p.glif","\/serifastd-bold.ufo\/glyphs\/paragraph.glif":"\/serifastd-bold.ufo\/glyphs\/paragraph.glif","\/serifastd-bold.ufo\/glyphs\/parenleft.glif":"\/serifastd-bold.ufo\/glyphs\/parenleft.glif","\/serifastd-bold.ufo\/glyphs\/parenright.glif":"\/serifastd-bold.ufo\/glyphs\/parenright.glif","\/serifastd-bold.ufo\/glyphs\/partialdiff.glif":"\/serifastd-bold.ufo\/glyphs\/partialdiff.glif","\/serifastd-bold.ufo\/glyphs\/percent.glif":"\/serifastd-bold.ufo\/glyphs\/percent.glif","\/serifastd-bold.ufo\/glyphs\/period.glif":"\/serifastd-bold.ufo\/glyphs\/period.glif","\/serifastd-bold.ufo\/glyphs\/periodcentered.glif":"\/serifastd-bold.ufo\/glyphs\/periodcentered.glif","\/serifastd-bold.ufo\/glyphs\/perthousand.glif":"\/serifastd-bold.ufo\/glyphs\/perthousand.glif","\/serifastd-bold.ufo\/glyphs\/pi.glif":"\/serifastd-bold.ufo\/glyphs\/pi.glif","\/serifastd-bold.ufo\/glyphs\/plus.glif":"\/serifastd-bold.ufo\/glyphs\/plus.glif","\/serifastd-bold.ufo\/glyphs\/plusminus.glif":"\/serifastd-bold.ufo\/glyphs\/plusminus.glif","\/serifastd-bold.ufo\/glyphs\/product.glif":"\/serifastd-bold.ufo\/glyphs\/product.glif","\/serifastd-bold.ufo\/glyphs\/q.glif":"\/serifastd-bold.ufo\/glyphs\/q.glif","\/serifastd-bold.ufo\/glyphs\/question.glif":"\/serifastd-bold.ufo\/glyphs\/question.glif","\/serifastd-bold.ufo\/glyphs\/questiondown.glif":"\/serifastd-bold.ufo\/glyphs\/questiondown.glif","\/serifastd-bold.ufo\/glyphs\/quotedbl.glif":"\/serifastd-bold.ufo\/glyphs\/quotedbl.glif","\/serifastd-bold.ufo\/glyphs\/quotedblbase.glif":"\/serifastd-bold.ufo\/glyphs\/quotedblbase.glif","\/serifastd-bold.ufo\/glyphs\/quotedblleft.glif":"\/serifastd-bold.ufo\/glyphs\/quotedblleft.glif","\/serifastd-bold.ufo\/glyphs\/quotedblright.glif":"\/serifastd-bold.ufo\/glyphs\/quotedblright.glif","\/serifastd-bold.ufo\/glyphs\/quoteleft.glif":"\/serifastd-bold.ufo\/glyphs\/quoteleft.glif","\/serifastd-bold.ufo\/glyphs\/quoteright.glif":"\/serifastd-bold.ufo\/glyphs\/quoteright.glif","\/serifastd-bold.ufo\/glyphs\/quotesinglbase.glif":"\/serifastd-bold.ufo\/glyphs\/quotesinglbase.glif","\/serifastd-bold.ufo\/glyphs\/quotesingle.glif":"\/serifastd-bold.ufo\/glyphs\/quotesingle.glif","\/serifastd-bold.ufo\/glyphs\/r.glif":"\/serifastd-bold.ufo\/glyphs\/r.glif","\/serifastd-bold.ufo\/glyphs\/radical.glif":"\/serifastd-bold.ufo\/glyphs\/radical.glif","\/serifastd-bold.ufo\/glyphs\/registered.glif":"\/serifastd-bold.ufo\/glyphs\/registered.glif","\/serifastd-bold.ufo\/glyphs\/ring.glif":"\/serifastd-bold.ufo\/glyphs\/ring.glif","\/serifastd-bold.ufo\/glyphs\/s.glif":"\/serifastd-bold.ufo\/glyphs\/s.glif","\/serifastd-bold.ufo\/glyphs\/scaron.glif":"\/serifastd-bold.ufo\/glyphs\/scaron.glif","\/serifastd-bold.ufo\/glyphs\/section.glif":"\/serifastd-bold.ufo\/glyphs\/section.glif","\/serifastd-bold.ufo\/glyphs\/semicolon.glif":"\/serifastd-bold.ufo\/glyphs\/semicolon.glif","\/serifastd-bold.ufo\/glyphs\/seven.glif":"\/serifastd-bold.ufo\/glyphs\/seven.glif","\/serifastd-bold.ufo\/glyphs\/six.glif":"\/serifastd-bold.ufo\/glyphs\/six.glif","\/serifastd-bold.ufo\/glyphs\/slash.glif":"\/serifastd-bold.ufo\/glyphs\/slash.glif","\/serifastd-bold.ufo\/glyphs\/space.glif":"\/serifastd-bold.ufo\/glyphs\/space.glif","\/serifastd-bold.ufo\/glyphs\/sterling.glif":"\/serifastd-bold.ufo\/glyphs\/sterling.glif","\/serifastd-bold.ufo\/glyphs\/summation.glif":"\/serifastd-bold.ufo\/glyphs\/summation.glif","\/serifastd-bold.ufo\/glyphs\/t.glif":"\/serifastd-bold.ufo\/glyphs\/t.glif","\/serifastd-bold.ufo\/glyphs\/thorn.glif":"\/serifastd-bold.ufo\/glyphs\/thorn.glif","\/serifastd-bold.ufo\/glyphs\/three.glif":"\/serifastd-bold.ufo\/glyphs\/three.glif","\/serifastd-bold.ufo\/glyphs\/three.superior.glif":"\/serifastd-bold.ufo\/glyphs\/three.superior.glif","\/serifastd-bold.ufo\/glyphs\/threequarters.glif":"\/serifastd-bold.ufo\/glyphs\/threequarters.glif","\/serifastd-bold.ufo\/glyphs\/threesuperior.glif":"\/serifastd-bold.ufo\/glyphs\/threesuperior.glif","\/serifastd-bold.ufo\/glyphs\/tilde.glif":"\/serifastd-bold.ufo\/glyphs\/tilde.glif","\/serifastd-bold.ufo\/glyphs\/trademark.glif":"\/serifastd-bold.ufo\/glyphs\/trademark.glif","\/serifastd-bold.ufo\/glyphs\/two.glif":"\/serifastd-bold.ufo\/glyphs\/two.glif","\/serifastd-bold.ufo\/glyphs\/two.superior.glif":"\/serifastd-bold.ufo\/glyphs\/two.superior.glif","\/serifastd-bold.ufo\/glyphs\/twosuperior.glif":"\/serifastd-bold.ufo\/glyphs\/twosuperior.glif","\/serifastd-bold.ufo\/glyphs\/u.glif":"\/serifastd-bold.ufo\/glyphs\/u.glif","\/serifastd-bold.ufo\/glyphs\/uacute.glif":"\/serifastd-bold.ufo\/glyphs\/uacute.glif","\/serifastd-bold.ufo\/glyphs\/ucircumflex.glif":"\/serifastd-bold.ufo\/glyphs\/ucircumflex.glif","\/serifastd-bold.ufo\/glyphs\/udieresis.glif":"\/serifastd-bold.ufo\/glyphs\/udieresis.glif","\/serifastd-bold.ufo\/glyphs\/ugrave.glif":"\/serifastd-bold.ufo\/glyphs\/ugrave.glif","\/serifastd-bold.ufo\/glyphs\/underscore.glif":"\/serifastd-bold.ufo\/glyphs\/underscore.glif","\/serifastd-bold.ufo\/glyphs\/uni00A_0.glif":"\/serifastd-bold.ufo\/glyphs\/uni00A_0.glif","\/serifastd-bold.ufo\/glyphs\/uni00A_D_.glif":"\/serifastd-bold.ufo\/glyphs\/uni00A_D_.glif","\/serifastd-bold.ufo\/glyphs\/uni02C_9.glif":"\/serifastd-bold.ufo\/glyphs\/uni02C_9.glif","\/serifastd-bold.ufo\/glyphs\/uni03A_9.glif":"\/serifastd-bold.ufo\/glyphs\/uni03A_9.glif","\/serifastd-bold.ufo\/glyphs\/uni03B_C_.glif":"\/serifastd-bold.ufo\/glyphs\/uni03B_C_.glif","\/serifastd-bold.ufo\/glyphs\/uni2010.glif":"\/serifastd-bold.ufo\/glyphs\/uni2010.glif","\/serifastd-bold.ufo\/glyphs\/uni2206.glif":"\/serifastd-bold.ufo\/glyphs\/uni2206.glif","\/serifastd-bold.ufo\/glyphs\/uni2215.glif":"\/serifastd-bold.ufo\/glyphs\/uni2215.glif","\/serifastd-bold.ufo\/glyphs\/uni2219.glif":"\/serifastd-bold.ufo\/glyphs\/uni2219.glif","\/serifastd-bold.ufo\/glyphs\/v.glif":"\/serifastd-bold.ufo\/glyphs\/v.glif","\/serifastd-bold.ufo\/glyphs\/w.glif":"\/serifastd-bold.ufo\/glyphs\/w.glif","\/serifastd-bold.ufo\/glyphs\/x.glif":"\/serifastd-bold.ufo\/glyphs\/x.glif","\/serifastd-bold.ufo\/glyphs\/y.glif":"\/serifastd-bold.ufo\/glyphs\/y.glif","\/serifastd-bold.ufo\/glyphs\/yacute.glif":"\/serifastd-bold.ufo\/glyphs\/yacute.glif","\/serifastd-bold.ufo\/glyphs\/ydieresis.glif":"\/serifastd-bold.ufo\/glyphs\/ydieresis.glif","\/serifastd-bold.ufo\/glyphs\/yen.glif":"\/serifastd-bold.ufo\/glyphs\/yen.glif","\/serifastd-bold.ufo\/glyphs\/z.glif":"\/serifastd-bold.ufo\/glyphs\/z.glif","\/serifastd-bold.ufo\/glyphs\/zcaron.glif":"\/serifastd-bold.ufo\/glyphs\/zcaron.glif","\/serifastd-bold.ufo\/glyphs\/zero.glif":"\/serifastd-bold.ufo\/glyphs\/zero.glif"},"Font":{"uploaded":1475082324.5358,"licence":"gpl3","company":"Chronolabs Cooperative","title":"Serifa Std Bold","version":3.002,"date":"Sun Aug 28 07:49:55 2016","creator":"root","type":"1","matrix":"0.001 0 0 0.001 0 0","named":"SerifaStd-Bold","painttype":"0","info":"11 dict dup","name":"Serifa Std 65 Bold","family":"Serifa Std","weight":"Bold","fstype":"8","italicangle":"0","underlineposition":"","underlinethickness":""},"Licences":{"":false},"Table":{"FFTM":{"entryLength":16,"tag":"FFTM","checksum":1947015638,"offset":26956,"length":28},"GDEF":{"entryLength":16,"tag":"GDEF","checksum":20185094,"offset":26924,"length":32},"OS\/2":{"entryLength":16,"tag":"OS\/2","checksum":2013674746,"offset":344,"length":86},"cmap":{"entryLength":16,"tag":"cmap","checksum":776839157,"offset":1484,"length":1156},"gasp":{"entryLength":16,"tag":"gasp","checksum":4294901763,"offset":26916,"length":8},"glyf":{"entryLength":16,"tag":"glyf","checksum":4118149553,"offset":3168,"length":21196},"head":{"entryLength":16,"tag":"head","checksum":179399576,"offset":220,"length":54},"hhea":{"entryLength":16,"tag":"hhea","checksum":125830023,"offset":276,"length":36},"hmtx":{"entryLength":16,"tag":"hmtx","checksum":975774546,"offset":432,"length":1052},"loca":{"entryLength":16,"tag":"loca","checksum":1444833876,"offset":2640,"length":528},"maxp":{"entryLength":16,"tag":"maxp","checksum":22020166,"offset":312,"length":32},"name":{"entryLength":16,"tag":"name","checksum":786434595,"offset":24364,"length":1821},"post":{"entryLength":16,"tag":"post","checksum":685228572,"offset":26188,"length":728}},"UnicodeCharMap":{"32":3,"33":4,"34":5,"35":6,"36":7,"37":8,"38":9,"39":10,"40":11,"41":12,"42":13,"43":14,"44":15,"45":16,"46":17,"47":18,"48":19,"49":20,"50":21,"51":22,"52":23,"53":24,"54":25,"55":26,"56":27,"57":28,"58":29,"59":30,"60":31,"61":32,"62":33,"63":34,"64":35,"65":36,"66":37,"67":38,"68":39,"69":40,"70":41,"71":42,"72":43,"73":44,"74":45,"75":46,"76":47,"77":48,"78":49,"79":50,"80":51,"81":52,"82":53,"83":54,"84":55,"85":56,"86":57,"87":58,"88":59,"89":60,"90":61,"91":62,"92":63,"93":64,"94":65,"95":66,"96":67,"97":68,"98":69,"99":70,"100":71,"101":72,"102":73,"103":74,"104":75,"105":76,"106":77,"107":78,"108":79,"109":80,"110":81,"111":82,"112":83,"113":84,"114":85,"115":86,"116":87,"117":88,"118":89,"119":90,"120":91,"121":92,"122":93,"123":94,"124":95,"125":96,"126":97,"160":98,"161":99,"162":100,"163":101,"164":102,"165":103,"166":104,"167":105,"168":106,"169":107,"170":108,"171":109,"172":110,"173":111,"174":112,"175":113,"176":114,"177":115,"178":259,"179":260,"180":118,"182":120,"183":121,"184":122,"185":258,"186":124,"187":125,"188":126,"189":127,"190":128,"191":129,"192":130,"193":131,"194":132,"195":133,"196":134,"197":135,"198":136,"199":137,"200":138,"201":139,"202":140,"203":141,"204":142,"205":143,"206":144,"207":145,"208":146,"209":147,"210":148,"211":149,"212":150,"213":151,"214":152,"215":153,"216":154,"217":155,"218":156,"219":157,"220":158,"221":159,"222":160,"223":161,"224":162,"225":163,"226":164,"227":165,"228":166,"229":167,"230":168,"231":169,"232":170,"233":171,"234":172,"235":173,"236":174,"237":175,"238":176,"239":177,"240":178,"241":179,"242":180,"243":181,"244":182,"245":183,"246":184,"247":185,"248":186,"249":187,"250":188,"251":189,"252":190,"253":191,"254":192,"255":193,"305":223,"321":221,"322":224,"338":222,"339":225,"352":228,"353":231,"376":229,"381":230,"382":232,"402":197,"710":212,"711":219,"713":252,"728":214,"729":215,"730":216,"731":218,"732":213,"733":217,"937":253,"956":235,"960":236,"8208":262,"8211":203,"8212":220,"8216":195,"8217":194,"8218":207,"8220":198,"8221":209,"8222":208,"8224":204,"8225":205,"8226":206,"8230":210,"8240":211,"8249":199,"8250":200,"8260":196,"8364":237,"8467":238,"8482":226,"8494":239,"8706":240,"8710":261,"8719":241,"8721":242,"8722":227,"8725":254,"8729":243,"8730":244,"8734":245,"8747":246,"8776":247,"8800":248,"8804":249,"8805":250,"9674":251,"64257":233,"64258":255},"Reserves":{"fontname":"Serifa Std 6 5 Bold"},"Names":{"Serifa Std 6 5 Bold":{"name":"Serifa Std 6 5 Bold","longitude":"0.00000001","latitude":"0.00000001","country":"","region":"","city":""}},"Nodes":{"se":{"type":"typal","node":"se","usage":1,"weight":1},"fa":{"type":"typal","node":"fa","usage":1,"weight":1},"st":{"type":"typal","node":"st","usage":1,"weight":1},"td":{"type":"typal","node":"td","usage":1,"weight":1},"bo":{"type":"typal","node":"bo","usage":1,"weight":1},"ld":{"type":"typal","node":"ld","usage":1,"weight":1},"ser":{"type":"typal","node":"ser","usage":1,"weight":1},"ifa":{"type":"typal","node":"ifa","usage":1,"weight":1},"bol":{"type":"typal","node":"bol","usage":1,"weight":1},"old":{"type":"typal","node":"old","usage":1,"weight":1},"seri":{"type":"keys","node":"seri","usage":1,"weight":1},"rifa":{"type":"keys","node":"rifa","usage":1,"weight":1},"serif":{"type":"keys","node":"serif","usage":1,"weight":1},"erifa":{"type":"keys","node":"erifa","usage":1,"weight":1},"serifa":{"type":"fixes","node":"serifa","usage":1,"weight":1},"std":{"type":"fixes","node":"std","usage":1,"weight":1},"6":{"type":"fixes","node":6,"usage":1,"weight":1},"5":{"type":"fixes","node":5,"usage":1,"weight":1},"bold":{"type":"fixes","node":"bold","usage":1,"weight":1}},"Contributors":[],"FontIdentity":"thatcher0:207febc4f28936f9a8f081","Bytes":null,"Networking":[],"barcode":"aumw4wyweouac","referee":"6CGOCy"}