{"CSS":{"Mistral Std Roman":"thatcher0:66f07ff499bf4f4b7e68ef.css"},"FontType":"TrueType","FontCopyright":" The digitally encoded machine readable software for producing the\n Typefaces licensed to you is copyrighted (c) 1989, 1990, 2001, 2002 Adobe Systems.\n All Rights Reserved. This software is the property of Adobe Systems\n Incorporated and its licensors, and may not be reproduced, used,\n displayed, modified, disclosed, or transferred  without the express\n written approval of Adobe.\n \n The digitally encoded machine readable outline data for producing the Typefaces \n provided as part of your laser printer is copyrighted (c) 1981, 2002 Heidelberger Druckmaschinen AG. \n All rights reserved. This data is the property of Heidelberger Druckmaschinen AG, \n and may not be reproduced, used, displayed, modified, disclosed or transferred \n without the express written approval of Heidelberger Druckmaschinen AG. ","FontName":"Mistral Std","FontSubfamily":"Roman","FontSubfamilyID":"FontForge 2.0 : Mistral Std Roman : 28-8-2016","FontFullName":"Mistral Std Roman","FontVersion":"Version 002.000 ","FontWeight":null,"FontPostscriptName":"MistralStd","Files":{"\/Mistral Std Roman.css":"\/Mistral Std Roman.css","\/font-resource.json":"\/font-resource.json","\/mistralstd.afm":"\/mistralstd.afm","\/mistralstd.cef":"\/mistralstd.cef","\/mistralstd.cff":"\/mistralstd.cff","\/mistralstd.eot":"\/mistralstd.eot","\/mistralstd.gai":"\/mistralstd.gai","\/mistralstd.gsf":"\/mistralstd.gsf","\/mistralstd.otf":"\/mistralstd.otf","\/mistralstd.pf3":"\/mistralstd.pf3","\/mistralstd.pfa":"\/mistralstd.pfa","\/mistralstd.pfb":"\/mistralstd.pfb","\/mistralstd.php":"\/mistralstd.php","\/mistralstd.pt3":"\/mistralstd.pt3","\/mistralstd.sfd":"\/mistralstd.sfd","\/mistralstd.svg":"\/mistralstd.svg","\/mistralstd.t42":"\/mistralstd.t42","\/mistralstd.ttd":"\/mistralstd.ttd","\/mistralstd.ttf":"\/mistralstd.ttf","\/mistralstd.ttg":"\/mistralstd.ttg","\/mistralstd.ufm":"\/mistralstd.ufm","\/mistralstd.woff":"\/mistralstd.woff","\/mistralstd.z":"\/mistralstd.z","\/mistralstd.ufo\/feature.fea":"\/mistralstd.ufo\/feature.fea","\/mistralstd.ufo\/fontinfo.plist":"\/mistralstd.ufo\/fontinfo.plist","\/mistralstd.ufo\/groups.plist":"\/mistralstd.ufo\/groups.plist","\/mistralstd.ufo\/kerning.plist":"\/mistralstd.ufo\/kerning.plist","\/mistralstd.ufo\/metainfo.plist":"\/mistralstd.ufo\/metainfo.plist","\/mistralstd.ufo\/glyphs\/A_.glif":"\/mistralstd.ufo\/glyphs\/A_.glif","\/mistralstd.ufo\/glyphs\/A_E_.glif":"\/mistralstd.ufo\/glyphs\/A_E_.glif","\/mistralstd.ufo\/glyphs\/A_acute.glif":"\/mistralstd.ufo\/glyphs\/A_acute.glif","\/mistralstd.ufo\/glyphs\/A_circumflex.glif":"\/mistralstd.ufo\/glyphs\/A_circumflex.glif","\/mistralstd.ufo\/glyphs\/A_dieresis.glif":"\/mistralstd.ufo\/glyphs\/A_dieresis.glif","\/mistralstd.ufo\/glyphs\/A_grave.glif":"\/mistralstd.ufo\/glyphs\/A_grave.glif","\/mistralstd.ufo\/glyphs\/A_ring.glif":"\/mistralstd.ufo\/glyphs\/A_ring.glif","\/mistralstd.ufo\/glyphs\/A_tilde.glif":"\/mistralstd.ufo\/glyphs\/A_tilde.glif","\/mistralstd.ufo\/glyphs\/B_.glif":"\/mistralstd.ufo\/glyphs\/B_.glif","\/mistralstd.ufo\/glyphs\/C_.glif":"\/mistralstd.ufo\/glyphs\/C_.glif","\/mistralstd.ufo\/glyphs\/C_cedilla.glif":"\/mistralstd.ufo\/glyphs\/C_cedilla.glif","\/mistralstd.ufo\/glyphs\/D_.glif":"\/mistralstd.ufo\/glyphs\/D_.glif","\/mistralstd.ufo\/glyphs\/D_elta.glif":"\/mistralstd.ufo\/glyphs\/D_elta.glif","\/mistralstd.ufo\/glyphs\/E_.glif":"\/mistralstd.ufo\/glyphs\/E_.glif","\/mistralstd.ufo\/glyphs\/E_acute.glif":"\/mistralstd.ufo\/glyphs\/E_acute.glif","\/mistralstd.ufo\/glyphs\/E_circumflex.glif":"\/mistralstd.ufo\/glyphs\/E_circumflex.glif","\/mistralstd.ufo\/glyphs\/E_dieresis.glif":"\/mistralstd.ufo\/glyphs\/E_dieresis.glif","\/mistralstd.ufo\/glyphs\/E_grave.glif":"\/mistralstd.ufo\/glyphs\/E_grave.glif","\/mistralstd.ufo\/glyphs\/E_th.glif":"\/mistralstd.ufo\/glyphs\/E_th.glif","\/mistralstd.ufo\/glyphs\/E_uro.glif":"\/mistralstd.ufo\/glyphs\/E_uro.glif","\/mistralstd.ufo\/glyphs\/F_.glif":"\/mistralstd.ufo\/glyphs\/F_.glif","\/mistralstd.ufo\/glyphs\/G_.glif":"\/mistralstd.ufo\/glyphs\/G_.glif","\/mistralstd.ufo\/glyphs\/H_.glif":"\/mistralstd.ufo\/glyphs\/H_.glif","\/mistralstd.ufo\/glyphs\/I_.glif":"\/mistralstd.ufo\/glyphs\/I_.glif","\/mistralstd.ufo\/glyphs\/I_acute.glif":"\/mistralstd.ufo\/glyphs\/I_acute.glif","\/mistralstd.ufo\/glyphs\/I_circumflex.glif":"\/mistralstd.ufo\/glyphs\/I_circumflex.glif","\/mistralstd.ufo\/glyphs\/I_dieresis.glif":"\/mistralstd.ufo\/glyphs\/I_dieresis.glif","\/mistralstd.ufo\/glyphs\/I_grave.glif":"\/mistralstd.ufo\/glyphs\/I_grave.glif","\/mistralstd.ufo\/glyphs\/J_.glif":"\/mistralstd.ufo\/glyphs\/J_.glif","\/mistralstd.ufo\/glyphs\/K_.glif":"\/mistralstd.ufo\/glyphs\/K_.glif","\/mistralstd.ufo\/glyphs\/L_.glif":"\/mistralstd.ufo\/glyphs\/L_.glif","\/mistralstd.ufo\/glyphs\/L_slash.glif":"\/mistralstd.ufo\/glyphs\/L_slash.glif","\/mistralstd.ufo\/glyphs\/M_.glif":"\/mistralstd.ufo\/glyphs\/M_.glif","\/mistralstd.ufo\/glyphs\/N_.glif":"\/mistralstd.ufo\/glyphs\/N_.glif","\/mistralstd.ufo\/glyphs\/N_tilde.glif":"\/mistralstd.ufo\/glyphs\/N_tilde.glif","\/mistralstd.ufo\/glyphs\/O_.glif":"\/mistralstd.ufo\/glyphs\/O_.glif","\/mistralstd.ufo\/glyphs\/O_E_.glif":"\/mistralstd.ufo\/glyphs\/O_E_.glif","\/mistralstd.ufo\/glyphs\/O_acute.glif":"\/mistralstd.ufo\/glyphs\/O_acute.glif","\/mistralstd.ufo\/glyphs\/O_circumflex.glif":"\/mistralstd.ufo\/glyphs\/O_circumflex.glif","\/mistralstd.ufo\/glyphs\/O_dieresis.glif":"\/mistralstd.ufo\/glyphs\/O_dieresis.glif","\/mistralstd.ufo\/glyphs\/O_grave.glif":"\/mistralstd.ufo\/glyphs\/O_grave.glif","\/mistralstd.ufo\/glyphs\/O_mega.glif":"\/mistralstd.ufo\/glyphs\/O_mega.glif","\/mistralstd.ufo\/glyphs\/O_slash.glif":"\/mistralstd.ufo\/glyphs\/O_slash.glif","\/mistralstd.ufo\/glyphs\/O_tilde.glif":"\/mistralstd.ufo\/glyphs\/O_tilde.glif","\/mistralstd.ufo\/glyphs\/P_.glif":"\/mistralstd.ufo\/glyphs\/P_.glif","\/mistralstd.ufo\/glyphs\/Q_.glif":"\/mistralstd.ufo\/glyphs\/Q_.glif","\/mistralstd.ufo\/glyphs\/R_.glif":"\/mistralstd.ufo\/glyphs\/R_.glif","\/mistralstd.ufo\/glyphs\/S_.glif":"\/mistralstd.ufo\/glyphs\/S_.glif","\/mistralstd.ufo\/glyphs\/S_caron.glif":"\/mistralstd.ufo\/glyphs\/S_caron.glif","\/mistralstd.ufo\/glyphs\/T_.glif":"\/mistralstd.ufo\/glyphs\/T_.glif","\/mistralstd.ufo\/glyphs\/T_horn.glif":"\/mistralstd.ufo\/glyphs\/T_horn.glif","\/mistralstd.ufo\/glyphs\/U_.glif":"\/mistralstd.ufo\/glyphs\/U_.glif","\/mistralstd.ufo\/glyphs\/U_acute.glif":"\/mistralstd.ufo\/glyphs\/U_acute.glif","\/mistralstd.ufo\/glyphs\/U_circumflex.glif":"\/mistralstd.ufo\/glyphs\/U_circumflex.glif","\/mistralstd.ufo\/glyphs\/U_dieresis.glif":"\/mistralstd.ufo\/glyphs\/U_dieresis.glif","\/mistralstd.ufo\/glyphs\/U_grave.glif":"\/mistralstd.ufo\/glyphs\/U_grave.glif","\/mistralstd.ufo\/glyphs\/V_.glif":"\/mistralstd.ufo\/glyphs\/V_.glif","\/mistralstd.ufo\/glyphs\/W_.glif":"\/mistralstd.ufo\/glyphs\/W_.glif","\/mistralstd.ufo\/glyphs\/X_.glif":"\/mistralstd.ufo\/glyphs\/X_.glif","\/mistralstd.ufo\/glyphs\/Y_.glif":"\/mistralstd.ufo\/glyphs\/Y_.glif","\/mistralstd.ufo\/glyphs\/Y_acute.glif":"\/mistralstd.ufo\/glyphs\/Y_acute.glif","\/mistralstd.ufo\/glyphs\/Y_dieresis.glif":"\/mistralstd.ufo\/glyphs\/Y_dieresis.glif","\/mistralstd.ufo\/glyphs\/Z_.glif":"\/mistralstd.ufo\/glyphs\/Z_.glif","\/mistralstd.ufo\/glyphs\/Z_caron.glif":"\/mistralstd.ufo\/glyphs\/Z_caron.glif","\/mistralstd.ufo\/glyphs\/_notdef.glif":"\/mistralstd.ufo\/glyphs\/_notdef.glif","\/mistralstd.ufo\/glyphs\/a.glif":"\/mistralstd.ufo\/glyphs\/a.glif","\/mistralstd.ufo\/glyphs\/a.superior.glif":"\/mistralstd.ufo\/glyphs\/a.superior.glif","\/mistralstd.ufo\/glyphs\/aacute.glif":"\/mistralstd.ufo\/glyphs\/aacute.glif","\/mistralstd.ufo\/glyphs\/acircumflex.glif":"\/mistralstd.ufo\/glyphs\/acircumflex.glif","\/mistralstd.ufo\/glyphs\/acute.glif":"\/mistralstd.ufo\/glyphs\/acute.glif","\/mistralstd.ufo\/glyphs\/adieresis.glif":"\/mistralstd.ufo\/glyphs\/adieresis.glif","\/mistralstd.ufo\/glyphs\/ae.glif":"\/mistralstd.ufo\/glyphs\/ae.glif","\/mistralstd.ufo\/glyphs\/afii61289.glif":"\/mistralstd.ufo\/glyphs\/afii61289.glif","\/mistralstd.ufo\/glyphs\/agrave.glif":"\/mistralstd.ufo\/glyphs\/agrave.glif","\/mistralstd.ufo\/glyphs\/ampersand.glif":"\/mistralstd.ufo\/glyphs\/ampersand.glif","\/mistralstd.ufo\/glyphs\/approxequal.glif":"\/mistralstd.ufo\/glyphs\/approxequal.glif","\/mistralstd.ufo\/glyphs\/aring.glif":"\/mistralstd.ufo\/glyphs\/aring.glif","\/mistralstd.ufo\/glyphs\/asciicircum.glif":"\/mistralstd.ufo\/glyphs\/asciicircum.glif","\/mistralstd.ufo\/glyphs\/asciitilde.glif":"\/mistralstd.ufo\/glyphs\/asciitilde.glif","\/mistralstd.ufo\/glyphs\/asterisk.glif":"\/mistralstd.ufo\/glyphs\/asterisk.glif","\/mistralstd.ufo\/glyphs\/at.glif":"\/mistralstd.ufo\/glyphs\/at.glif","\/mistralstd.ufo\/glyphs\/atilde.glif":"\/mistralstd.ufo\/glyphs\/atilde.glif","\/mistralstd.ufo\/glyphs\/b.end.glif":"\/mistralstd.ufo\/glyphs\/b.end.glif","\/mistralstd.ufo\/glyphs\/b.glif":"\/mistralstd.ufo\/glyphs\/b.glif","\/mistralstd.ufo\/glyphs\/backslash.glif":"\/mistralstd.ufo\/glyphs\/backslash.glif","\/mistralstd.ufo\/glyphs\/bar.glif":"\/mistralstd.ufo\/glyphs\/bar.glif","\/mistralstd.ufo\/glyphs\/braceleft.glif":"\/mistralstd.ufo\/glyphs\/braceleft.glif","\/mistralstd.ufo\/glyphs\/braceright.glif":"\/mistralstd.ufo\/glyphs\/braceright.glif","\/mistralstd.ufo\/glyphs\/bracketleft.glif":"\/mistralstd.ufo\/glyphs\/bracketleft.glif","\/mistralstd.ufo\/glyphs\/bracketright.glif":"\/mistralstd.ufo\/glyphs\/bracketright.glif","\/mistralstd.ufo\/glyphs\/breve.glif":"\/mistralstd.ufo\/glyphs\/breve.glif","\/mistralstd.ufo\/glyphs\/brokenbar.glif":"\/mistralstd.ufo\/glyphs\/brokenbar.glif","\/mistralstd.ufo\/glyphs\/bullet.glif":"\/mistralstd.ufo\/glyphs\/bullet.glif","\/mistralstd.ufo\/glyphs\/c.glif":"\/mistralstd.ufo\/glyphs\/c.glif","\/mistralstd.ufo\/glyphs\/caron.glif":"\/mistralstd.ufo\/glyphs\/caron.glif","\/mistralstd.ufo\/glyphs\/ccedilla.glif":"\/mistralstd.ufo\/glyphs\/ccedilla.glif","\/mistralstd.ufo\/glyphs\/cedilla.glif":"\/mistralstd.ufo\/glyphs\/cedilla.glif","\/mistralstd.ufo\/glyphs\/cent.glif":"\/mistralstd.ufo\/glyphs\/cent.glif","\/mistralstd.ufo\/glyphs\/circumflex.glif":"\/mistralstd.ufo\/glyphs\/circumflex.glif","\/mistralstd.ufo\/glyphs\/colon.glif":"\/mistralstd.ufo\/glyphs\/colon.glif","\/mistralstd.ufo\/glyphs\/comma.glif":"\/mistralstd.ufo\/glyphs\/comma.glif","\/mistralstd.ufo\/glyphs\/contents.plist":"\/mistralstd.ufo\/glyphs\/contents.plist","\/mistralstd.ufo\/glyphs\/copyright.glif":"\/mistralstd.ufo\/glyphs\/copyright.glif","\/mistralstd.ufo\/glyphs\/currency.glif":"\/mistralstd.ufo\/glyphs\/currency.glif","\/mistralstd.ufo\/glyphs\/d.glif":"\/mistralstd.ufo\/glyphs\/d.glif","\/mistralstd.ufo\/glyphs\/dagger.glif":"\/mistralstd.ufo\/glyphs\/dagger.glif","\/mistralstd.ufo\/glyphs\/daggerdbl.glif":"\/mistralstd.ufo\/glyphs\/daggerdbl.glif","\/mistralstd.ufo\/glyphs\/degree.glif":"\/mistralstd.ufo\/glyphs\/degree.glif","\/mistralstd.ufo\/glyphs\/dieresis.glif":"\/mistralstd.ufo\/glyphs\/dieresis.glif","\/mistralstd.ufo\/glyphs\/divide.glif":"\/mistralstd.ufo\/glyphs\/divide.glif","\/mistralstd.ufo\/glyphs\/dollar.glif":"\/mistralstd.ufo\/glyphs\/dollar.glif","\/mistralstd.ufo\/glyphs\/dotaccent.glif":"\/mistralstd.ufo\/glyphs\/dotaccent.glif","\/mistralstd.ufo\/glyphs\/dotlessi.glif":"\/mistralstd.ufo\/glyphs\/dotlessi.glif","\/mistralstd.ufo\/glyphs\/e.glif":"\/mistralstd.ufo\/glyphs\/e.glif","\/mistralstd.ufo\/glyphs\/eacute.glif":"\/mistralstd.ufo\/glyphs\/eacute.glif","\/mistralstd.ufo\/glyphs\/ecircumflex.glif":"\/mistralstd.ufo\/glyphs\/ecircumflex.glif","\/mistralstd.ufo\/glyphs\/edieresis.glif":"\/mistralstd.ufo\/glyphs\/edieresis.glif","\/mistralstd.ufo\/glyphs\/egrave.glif":"\/mistralstd.ufo\/glyphs\/egrave.glif","\/mistralstd.ufo\/glyphs\/eight.glif":"\/mistralstd.ufo\/glyphs\/eight.glif","\/mistralstd.ufo\/glyphs\/ellipsis.glif":"\/mistralstd.ufo\/glyphs\/ellipsis.glif","\/mistralstd.ufo\/glyphs\/emdash.glif":"\/mistralstd.ufo\/glyphs\/emdash.glif","\/mistralstd.ufo\/glyphs\/endash.glif":"\/mistralstd.ufo\/glyphs\/endash.glif","\/mistralstd.ufo\/glyphs\/equal.glif":"\/mistralstd.ufo\/glyphs\/equal.glif","\/mistralstd.ufo\/glyphs\/estimated.glif":"\/mistralstd.ufo\/glyphs\/estimated.glif","\/mistralstd.ufo\/glyphs\/eth.end.glif":"\/mistralstd.ufo\/glyphs\/eth.end.glif","\/mistralstd.ufo\/glyphs\/eth.glif":"\/mistralstd.ufo\/glyphs\/eth.glif","\/mistralstd.ufo\/glyphs\/exclam.glif":"\/mistralstd.ufo\/glyphs\/exclam.glif","\/mistralstd.ufo\/glyphs\/exclamdown.glif":"\/mistralstd.ufo\/glyphs\/exclamdown.glif","\/mistralstd.ufo\/glyphs\/f.glif":"\/mistralstd.ufo\/glyphs\/f.glif","\/mistralstd.ufo\/glyphs\/f_i.glif":"\/mistralstd.ufo\/glyphs\/f_i.glif","\/mistralstd.ufo\/glyphs\/f_l.glif":"\/mistralstd.ufo\/glyphs\/f_l.glif","\/mistralstd.ufo\/glyphs\/fi.glif":"\/mistralstd.ufo\/glyphs\/fi.glif","\/mistralstd.ufo\/glyphs\/five.glif":"\/mistralstd.ufo\/glyphs\/five.glif","\/mistralstd.ufo\/glyphs\/fl.glif":"\/mistralstd.ufo\/glyphs\/fl.glif","\/mistralstd.ufo\/glyphs\/florin.glif":"\/mistralstd.ufo\/glyphs\/florin.glif","\/mistralstd.ufo\/glyphs\/four.glif":"\/mistralstd.ufo\/glyphs\/four.glif","\/mistralstd.ufo\/glyphs\/fraction.glif":"\/mistralstd.ufo\/glyphs\/fraction.glif","\/mistralstd.ufo\/glyphs\/g.glif":"\/mistralstd.ufo\/glyphs\/g.glif","\/mistralstd.ufo\/glyphs\/germandbls.glif":"\/mistralstd.ufo\/glyphs\/germandbls.glif","\/mistralstd.ufo\/glyphs\/grave.glif":"\/mistralstd.ufo\/glyphs\/grave.glif","\/mistralstd.ufo\/glyphs\/greater.glif":"\/mistralstd.ufo\/glyphs\/greater.glif","\/mistralstd.ufo\/glyphs\/greaterequal.glif":"\/mistralstd.ufo\/glyphs\/greaterequal.glif","\/mistralstd.ufo\/glyphs\/guillemotleft.glif":"\/mistralstd.ufo\/glyphs\/guillemotleft.glif","\/mistralstd.ufo\/glyphs\/guillemotright.glif":"\/mistralstd.ufo\/glyphs\/guillemotright.glif","\/mistralstd.ufo\/glyphs\/guilsinglleft.glif":"\/mistralstd.ufo\/glyphs\/guilsinglleft.glif","\/mistralstd.ufo\/glyphs\/guilsinglright.glif":"\/mistralstd.ufo\/glyphs\/guilsinglright.glif","\/mistralstd.ufo\/glyphs\/h.glif":"\/mistralstd.ufo\/glyphs\/h.glif","\/mistralstd.ufo\/glyphs\/hungarumlaut.glif":"\/mistralstd.ufo\/glyphs\/hungarumlaut.glif","\/mistralstd.ufo\/glyphs\/hyphen.glif":"\/mistralstd.ufo\/glyphs\/hyphen.glif","\/mistralstd.ufo\/glyphs\/i.glif":"\/mistralstd.ufo\/glyphs\/i.glif","\/mistralstd.ufo\/glyphs\/iacute.glif":"\/mistralstd.ufo\/glyphs\/iacute.glif","\/mistralstd.ufo\/glyphs\/icircumflex.glif":"\/mistralstd.ufo\/glyphs\/icircumflex.glif","\/mistralstd.ufo\/glyphs\/idieresis.glif":"\/mistralstd.ufo\/glyphs\/idieresis.glif","\/mistralstd.ufo\/glyphs\/igrave.glif":"\/mistralstd.ufo\/glyphs\/igrave.glif","\/mistralstd.ufo\/glyphs\/infinity.glif":"\/mistralstd.ufo\/glyphs\/infinity.glif","\/mistralstd.ufo\/glyphs\/integral.glif":"\/mistralstd.ufo\/glyphs\/integral.glif","\/mistralstd.ufo\/glyphs\/j.glif":"\/mistralstd.ufo\/glyphs\/j.glif","\/mistralstd.ufo\/glyphs\/k.glif":"\/mistralstd.ufo\/glyphs\/k.glif","\/mistralstd.ufo\/glyphs\/l.glif":"\/mistralstd.ufo\/glyphs\/l.glif","\/mistralstd.ufo\/glyphs\/less.glif":"\/mistralstd.ufo\/glyphs\/less.glif","\/mistralstd.ufo\/glyphs\/lessequal.glif":"\/mistralstd.ufo\/glyphs\/lessequal.glif","\/mistralstd.ufo\/glyphs\/logicalnot.glif":"\/mistralstd.ufo\/glyphs\/logicalnot.glif","\/mistralstd.ufo\/glyphs\/lozenge.glif":"\/mistralstd.ufo\/glyphs\/lozenge.glif","\/mistralstd.ufo\/glyphs\/lslash.glif":"\/mistralstd.ufo\/glyphs\/lslash.glif","\/mistralstd.ufo\/glyphs\/m.glif":"\/mistralstd.ufo\/glyphs\/m.glif","\/mistralstd.ufo\/glyphs\/macron.glif":"\/mistralstd.ufo\/glyphs\/macron.glif","\/mistralstd.ufo\/glyphs\/minus.glif":"\/mistralstd.ufo\/glyphs\/minus.glif","\/mistralstd.ufo\/glyphs\/mu.glif":"\/mistralstd.ufo\/glyphs\/mu.glif","\/mistralstd.ufo\/glyphs\/multiply.glif":"\/mistralstd.ufo\/glyphs\/multiply.glif","\/mistralstd.ufo\/glyphs\/n.glif":"\/mistralstd.ufo\/glyphs\/n.glif","\/mistralstd.ufo\/glyphs\/nine.glif":"\/mistralstd.ufo\/glyphs\/nine.glif","\/mistralstd.ufo\/glyphs\/notequal.glif":"\/mistralstd.ufo\/glyphs\/notequal.glif","\/mistralstd.ufo\/glyphs\/ntilde.glif":"\/mistralstd.ufo\/glyphs\/ntilde.glif","\/mistralstd.ufo\/glyphs\/numbersign.glif":"\/mistralstd.ufo\/glyphs\/numbersign.glif","\/mistralstd.ufo\/glyphs\/o.end.glif":"\/mistralstd.ufo\/glyphs\/o.end.glif","\/mistralstd.ufo\/glyphs\/o.glif":"\/mistralstd.ufo\/glyphs\/o.glif","\/mistralstd.ufo\/glyphs\/o.superior.glif":"\/mistralstd.ufo\/glyphs\/o.superior.glif","\/mistralstd.ufo\/glyphs\/oacute.end.glif":"\/mistralstd.ufo\/glyphs\/oacute.end.glif","\/mistralstd.ufo\/glyphs\/oacute.glif":"\/mistralstd.ufo\/glyphs\/oacute.glif","\/mistralstd.ufo\/glyphs\/ocircumflex.end.glif":"\/mistralstd.ufo\/glyphs\/ocircumflex.end.glif","\/mistralstd.ufo\/glyphs\/ocircumflex.glif":"\/mistralstd.ufo\/glyphs\/ocircumflex.glif","\/mistralstd.ufo\/glyphs\/odieresis.end.glif":"\/mistralstd.ufo\/glyphs\/odieresis.end.glif","\/mistralstd.ufo\/glyphs\/odieresis.glif":"\/mistralstd.ufo\/glyphs\/odieresis.glif","\/mistralstd.ufo\/glyphs\/oe.glif":"\/mistralstd.ufo\/glyphs\/oe.glif","\/mistralstd.ufo\/glyphs\/ogonek.glif":"\/mistralstd.ufo\/glyphs\/ogonek.glif","\/mistralstd.ufo\/glyphs\/ograve.end.glif":"\/mistralstd.ufo\/glyphs\/ograve.end.glif","\/mistralstd.ufo\/glyphs\/ograve.glif":"\/mistralstd.ufo\/glyphs\/ograve.glif","\/mistralstd.ufo\/glyphs\/one.glif":"\/mistralstd.ufo\/glyphs\/one.glif","\/mistralstd.ufo\/glyphs\/one.superior.glif":"\/mistralstd.ufo\/glyphs\/one.superior.glif","\/mistralstd.ufo\/glyphs\/onehalf.glif":"\/mistralstd.ufo\/glyphs\/onehalf.glif","\/mistralstd.ufo\/glyphs\/onequarter.glif":"\/mistralstd.ufo\/glyphs\/onequarter.glif","\/mistralstd.ufo\/glyphs\/onesuperior.glif":"\/mistralstd.ufo\/glyphs\/onesuperior.glif","\/mistralstd.ufo\/glyphs\/ordfeminine.glif":"\/mistralstd.ufo\/glyphs\/ordfeminine.glif","\/mistralstd.ufo\/glyphs\/ordmasculine.glif":"\/mistralstd.ufo\/glyphs\/ordmasculine.glif","\/mistralstd.ufo\/glyphs\/oslash.end.glif":"\/mistralstd.ufo\/glyphs\/oslash.end.glif","\/mistralstd.ufo\/glyphs\/oslash.glif":"\/mistralstd.ufo\/glyphs\/oslash.glif","\/mistralstd.ufo\/glyphs\/otilde.end.glif":"\/mistralstd.ufo\/glyphs\/otilde.end.glif","\/mistralstd.ufo\/glyphs\/otilde.glif":"\/mistralstd.ufo\/glyphs\/otilde.glif","\/mistralstd.ufo\/glyphs\/p.glif":"\/mistralstd.ufo\/glyphs\/p.glif","\/mistralstd.ufo\/glyphs\/paragraph.glif":"\/mistralstd.ufo\/glyphs\/paragraph.glif","\/mistralstd.ufo\/glyphs\/parenleft.glif":"\/mistralstd.ufo\/glyphs\/parenleft.glif","\/mistralstd.ufo\/glyphs\/parenright.glif":"\/mistralstd.ufo\/glyphs\/parenright.glif","\/mistralstd.ufo\/glyphs\/partialdiff.glif":"\/mistralstd.ufo\/glyphs\/partialdiff.glif","\/mistralstd.ufo\/glyphs\/percent.glif":"\/mistralstd.ufo\/glyphs\/percent.glif","\/mistralstd.ufo\/glyphs\/period.glif":"\/mistralstd.ufo\/glyphs\/period.glif","\/mistralstd.ufo\/glyphs\/periodcentered.glif":"\/mistralstd.ufo\/glyphs\/periodcentered.glif","\/mistralstd.ufo\/glyphs\/perthousand.glif":"\/mistralstd.ufo\/glyphs\/perthousand.glif","\/mistralstd.ufo\/glyphs\/pi.glif":"\/mistralstd.ufo\/glyphs\/pi.glif","\/mistralstd.ufo\/glyphs\/plus.glif":"\/mistralstd.ufo\/glyphs\/plus.glif","\/mistralstd.ufo\/glyphs\/plusminus.glif":"\/mistralstd.ufo\/glyphs\/plusminus.glif","\/mistralstd.ufo\/glyphs\/product.glif":"\/mistralstd.ufo\/glyphs\/product.glif","\/mistralstd.ufo\/glyphs\/q.glif":"\/mistralstd.ufo\/glyphs\/q.glif","\/mistralstd.ufo\/glyphs\/question.glif":"\/mistralstd.ufo\/glyphs\/question.glif","\/mistralstd.ufo\/glyphs\/questiondown.glif":"\/mistralstd.ufo\/glyphs\/questiondown.glif","\/mistralstd.ufo\/glyphs\/quotedbl.glif":"\/mistralstd.ufo\/glyphs\/quotedbl.glif","\/mistralstd.ufo\/glyphs\/quotedblbase.glif":"\/mistralstd.ufo\/glyphs\/quotedblbase.glif","\/mistralstd.ufo\/glyphs\/quotedblleft.glif":"\/mistralstd.ufo\/glyphs\/quotedblleft.glif","\/mistralstd.ufo\/glyphs\/quotedblright.glif":"\/mistralstd.ufo\/glyphs\/quotedblright.glif","\/mistralstd.ufo\/glyphs\/quoteleft.glif":"\/mistralstd.ufo\/glyphs\/quoteleft.glif","\/mistralstd.ufo\/glyphs\/quoteright.glif":"\/mistralstd.ufo\/glyphs\/quoteright.glif","\/mistralstd.ufo\/glyphs\/quotesinglbase.glif":"\/mistralstd.ufo\/glyphs\/quotesinglbase.glif","\/mistralstd.ufo\/glyphs\/quotesingle.glif":"\/mistralstd.ufo\/glyphs\/quotesingle.glif","\/mistralstd.ufo\/glyphs\/r.glif":"\/mistralstd.ufo\/glyphs\/r.glif","\/mistralstd.ufo\/glyphs\/radical.glif":"\/mistralstd.ufo\/glyphs\/radical.glif","\/mistralstd.ufo\/glyphs\/registered.glif":"\/mistralstd.ufo\/glyphs\/registered.glif","\/mistralstd.ufo\/glyphs\/ring.glif":"\/mistralstd.ufo\/glyphs\/ring.glif","\/mistralstd.ufo\/glyphs\/s.glif":"\/mistralstd.ufo\/glyphs\/s.glif","\/mistralstd.ufo\/glyphs\/scaron.glif":"\/mistralstd.ufo\/glyphs\/scaron.glif","\/mistralstd.ufo\/glyphs\/section.glif":"\/mistralstd.ufo\/glyphs\/section.glif","\/mistralstd.ufo\/glyphs\/semicolon.glif":"\/mistralstd.ufo\/glyphs\/semicolon.glif","\/mistralstd.ufo\/glyphs\/seven.glif":"\/mistralstd.ufo\/glyphs\/seven.glif","\/mistralstd.ufo\/glyphs\/six.glif":"\/mistralstd.ufo\/glyphs\/six.glif","\/mistralstd.ufo\/glyphs\/slash.glif":"\/mistralstd.ufo\/glyphs\/slash.glif","\/mistralstd.ufo\/glyphs\/space.glif":"\/mistralstd.ufo\/glyphs\/space.glif","\/mistralstd.ufo\/glyphs\/sterling.glif":"\/mistralstd.ufo\/glyphs\/sterling.glif","\/mistralstd.ufo\/glyphs\/summation.glif":"\/mistralstd.ufo\/glyphs\/summation.glif","\/mistralstd.ufo\/glyphs\/t.glif":"\/mistralstd.ufo\/glyphs\/t.glif","\/mistralstd.ufo\/glyphs\/thorn.end.glif":"\/mistralstd.ufo\/glyphs\/thorn.end.glif","\/mistralstd.ufo\/glyphs\/thorn.glif":"\/mistralstd.ufo\/glyphs\/thorn.glif","\/mistralstd.ufo\/glyphs\/three.glif":"\/mistralstd.ufo\/glyphs\/three.glif","\/mistralstd.ufo\/glyphs\/three.superior.glif":"\/mistralstd.ufo\/glyphs\/three.superior.glif","\/mistralstd.ufo\/glyphs\/threequarters.glif":"\/mistralstd.ufo\/glyphs\/threequarters.glif","\/mistralstd.ufo\/glyphs\/threesuperior.glif":"\/mistralstd.ufo\/glyphs\/threesuperior.glif","\/mistralstd.ufo\/glyphs\/tilde.glif":"\/mistralstd.ufo\/glyphs\/tilde.glif","\/mistralstd.ufo\/glyphs\/trademark.glif":"\/mistralstd.ufo\/glyphs\/trademark.glif","\/mistralstd.ufo\/glyphs\/two.glif":"\/mistralstd.ufo\/glyphs\/two.glif","\/mistralstd.ufo\/glyphs\/two.superior.glif":"\/mistralstd.ufo\/glyphs\/two.superior.glif","\/mistralstd.ufo\/glyphs\/twosuperior.glif":"\/mistralstd.ufo\/glyphs\/twosuperior.glif","\/mistralstd.ufo\/glyphs\/u.glif":"\/mistralstd.ufo\/glyphs\/u.glif","\/mistralstd.ufo\/glyphs\/uacute.glif":"\/mistralstd.ufo\/glyphs\/uacute.glif","\/mistralstd.ufo\/glyphs\/ucircumflex.glif":"\/mistralstd.ufo\/glyphs\/ucircumflex.glif","\/mistralstd.ufo\/glyphs\/udieresis.glif":"\/mistralstd.ufo\/glyphs\/udieresis.glif","\/mistralstd.ufo\/glyphs\/ugrave.glif":"\/mistralstd.ufo\/glyphs\/ugrave.glif","\/mistralstd.ufo\/glyphs\/underscore.glif":"\/mistralstd.ufo\/glyphs\/underscore.glif","\/mistralstd.ufo\/glyphs\/uni00A_0.glif":"\/mistralstd.ufo\/glyphs\/uni00A_0.glif","\/mistralstd.ufo\/glyphs\/uni00A_D_.glif":"\/mistralstd.ufo\/glyphs\/uni00A_D_.glif","\/mistralstd.ufo\/glyphs\/uni02C_9.glif":"\/mistralstd.ufo\/glyphs\/uni02C_9.glif","\/mistralstd.ufo\/glyphs\/uni03A_9.glif":"\/mistralstd.ufo\/glyphs\/uni03A_9.glif","\/mistralstd.ufo\/glyphs\/uni03B_C_.glif":"\/mistralstd.ufo\/glyphs\/uni03B_C_.glif","\/mistralstd.ufo\/glyphs\/uni2010.glif":"\/mistralstd.ufo\/glyphs\/uni2010.glif","\/mistralstd.ufo\/glyphs\/uni2215.glif":"\/mistralstd.ufo\/glyphs\/uni2215.glif","\/mistralstd.ufo\/glyphs\/uni2219.glif":"\/mistralstd.ufo\/glyphs\/uni2219.glif","\/mistralstd.ufo\/glyphs\/v.end.glif":"\/mistralstd.ufo\/glyphs\/v.end.glif","\/mistralstd.ufo\/glyphs\/v.glif":"\/mistralstd.ufo\/glyphs\/v.glif","\/mistralstd.ufo\/glyphs\/w.end.glif":"\/mistralstd.ufo\/glyphs\/w.end.glif","\/mistralstd.ufo\/glyphs\/w.glif":"\/mistralstd.ufo\/glyphs\/w.glif","\/mistralstd.ufo\/glyphs\/x.glif":"\/mistralstd.ufo\/glyphs\/x.glif","\/mistralstd.ufo\/glyphs\/y.glif":"\/mistralstd.ufo\/glyphs\/y.glif","\/mistralstd.ufo\/glyphs\/yacute.glif":"\/mistralstd.ufo\/glyphs\/yacute.glif","\/mistralstd.ufo\/glyphs\/ydieresis.glif":"\/mistralstd.ufo\/glyphs\/ydieresis.glif","\/mistralstd.ufo\/glyphs\/yen.glif":"\/mistralstd.ufo\/glyphs\/yen.glif","\/mistralstd.ufo\/glyphs\/z.glif":"\/mistralstd.ufo\/glyphs\/z.glif","\/mistralstd.ufo\/glyphs\/zcaron.glif":"\/mistralstd.ufo\/glyphs\/zcaron.glif","\/mistralstd.ufo\/glyphs\/zero.glif":"\/mistralstd.ufo\/glyphs\/zero.glif"},"Font":{"uploaded":1472354628.0748,"licence":"gpl3","company":"Chronolabs Cooperative","title":"Mistral Std","version":3.002,"date":"Sun Aug 28 07:47:21 2016","creator":"root","type":"1","matrix":"0.001 0 0 0.001 0 0","named":"MistralStd","painttype":"0","info":"11 dict dup","name":"Mistral Std Roman","family":"Mistral Std","weight":"Roman","fstype":"4","italicangle":"0","underlineposition":"","underlinethickness":""},"Licences":{"":false},"Table":{"FFTM":{"entryLength":16,"tag":"FFTM","checksum":1947015330,"offset":78876,"length":28},"GDEF":{"entryLength":16,"tag":"GDEF","checksum":20971526,"offset":78844,"length":32},"OS\/2":{"entryLength":16,"tag":"OS\/2","checksum":2005809621,"offset":344,"length":86},"cmap":{"entryLength":16,"tag":"cmap","checksum":2221887541,"offset":1532,"length":702},"gasp":{"entryLength":16,"tag":"gasp","checksum":4294901763,"offset":78836,"length":8},"glyf":{"entryLength":16,"tag":"glyf","checksum":1302379247,"offset":2788,"length":72256},"head":{"entryLength":16,"tag":"head","checksum":173097981,"offset":220,"length":54},"hhea":{"entryLength":16,"tag":"hhea","checksum":122028861,"offset":276,"length":36},"hmtx":{"entryLength":16,"tag":"hmtx","checksum":3390116318,"offset":432,"length":1100},"loca":{"entryLength":16,"tag":"loca","checksum":3004168800,"offset":2236,"length":552},"maxp":{"entryLength":16,"tag":"maxp","checksum":22806810,"offset":312,"length":32},"name":{"entryLength":16,"tag":"name","checksum":30642487,"offset":75044,"length":2931},"post":{"entryLength":16,"tag":"post","checksum":2891046312,"offset":77976,"length":860}},"UnicodeCharMap":{"32":3,"33":4,"34":5,"35":6,"36":7,"37":8,"38":9,"39":10,"40":11,"41":12,"42":13,"43":14,"44":15,"45":16,"46":17,"47":18,"48":19,"49":20,"50":21,"51":22,"52":23,"53":24,"54":25,"55":26,"56":27,"57":28,"58":29,"59":30,"60":31,"61":32,"62":33,"63":34,"64":35,"65":36,"66":37,"67":38,"68":39,"69":40,"70":41,"71":42,"72":43,"73":44,"74":45,"75":46,"76":47,"77":48,"78":49,"79":50,"80":51,"81":52,"82":53,"83":54,"84":55,"85":56,"86":57,"87":58,"88":59,"89":60,"90":61,"91":62,"92":63,"93":64,"94":65,"95":66,"96":67,"97":68,"98":69,"99":70,"100":71,"101":72,"102":73,"103":74,"104":75,"105":76,"106":77,"107":78,"108":79,"109":80,"110":81,"111":82,"112":83,"113":84,"114":85,"115":86,"116":87,"117":88,"118":89,"119":90,"120":91,"121":92,"122":93,"123":94,"124":95,"125":96,"126":97,"160":98,"161":99,"162":100,"163":101,"164":102,"165":103,"166":104,"167":105,"168":106,"169":107,"170":108,"171":109,"172":110,"173":111,"174":112,"175":113,"176":114,"177":115,"178":116,"179":117,"180":118,"182":120,"183":121,"184":122,"185":123,"186":124,"187":125,"188":126,"189":127,"190":128,"191":129,"192":130,"193":131,"194":132,"195":133,"196":134,"197":135,"198":136,"199":137,"200":138,"201":139,"202":140,"203":141,"204":142,"205":143,"206":144,"207":145,"208":146,"209":147,"210":148,"211":149,"212":150,"213":151,"214":152,"215":153,"216":154,"217":155,"218":156,"219":157,"220":158,"221":159,"222":160,"223":161,"224":162,"225":163,"226":164,"227":165,"228":166,"229":167,"230":168,"231":169,"232":170,"233":171,"234":172,"235":173,"236":174,"237":175,"238":176,"239":177,"240":178,"241":179,"242":180,"243":181,"244":182,"245":183,"246":184,"247":185,"248":186,"249":187,"250":188,"251":189,"252":190,"253":191,"254":192,"255":193,"305":221,"321":219,"322":222,"338":220,"339":223,"352":226,"353":229,"376":227,"381":228,"382":230,"402":197,"710":210,"711":217,"713":255,"728":212,"729":213,"730":214,"731":216,"732":211,"733":215,"916":236,"937":261,"956":238,"960":239,"8208":274,"8211":201,"8212":218,"8216":195,"8217":194,"8218":205,"8220":198,"8221":207,"8222":206,"8224":202,"8225":203,"8226":204,"8230":208,"8240":209,"8249":199,"8250":200,"8260":196,"8364":240,"8467":241,"8482":224,"8494":242,"8706":243,"8719":244,"8721":245,"8722":225,"8725":260,"8729":246,"8730":247,"8734":248,"8747":249,"8776":250,"8800":251,"8804":252,"8805":253,"9674":254,"64257":272,"64258":273},"Reserves":{"fontname":"Mistral Std Roman"},"Names":{"Mistral Std Roman":{"name":"Mistral Std Roman","longitude":"0.00000001","latitude":"0.00000001","country":"","region":"","city":""}},"Nodes":{"mi":{"type":"typal","node":"mi","usage":1,"weight":1},"al":{"type":"typal","node":"al","usage":1,"weight":1},"st":{"type":"typal","node":"st","usage":1,"weight":1},"td":{"type":"typal","node":"td","usage":1,"weight":1},"ro":{"type":"typal","node":"ro","usage":1,"weight":1},"an":{"type":"typal","node":"an","usage":1,"weight":1},"mis":{"type":"typal","node":"mis","usage":1,"weight":1},"ral":{"type":"typal","node":"ral","usage":1,"weight":1},"rom":{"type":"typal","node":"rom","usage":1,"weight":1},"man":{"type":"typal","node":"man","usage":1,"weight":1},"mist":{"type":"keys","node":"mist","usage":1,"weight":1},"tral":{"type":"keys","node":"tral","usage":1,"weight":1},"roma":{"type":"keys","node":"roma","usage":1,"weight":1},"oman":{"type":"keys","node":"oman","usage":1,"weight":1},"mistr":{"type":"keys","node":"mistr","usage":1,"weight":1},"stral":{"type":"keys","node":"stral","usage":1,"weight":1},"mistral":{"type":"fixes","node":"mistral","usage":1,"weight":1},"std":{"type":"fixes","node":"std","usage":1,"weight":1},"roman":{"type":"fixes","node":"roman","usage":1,"weight":1}},"Contributors":[],"FontIdentity":"thatcher0:66f07ff499bf4f4b7e68ef","Bytes":null,"Networking":[],"barcode":"12s11u9osiqsegm","referee":"maog"}