{"CSS":{"Eureka Regular":"wagovau:ac512dc98017334715ff9e86.css"},"FontType":"TrueType","FontCopyright":"< info@fontfont.de > Copyright Peter Bilak, 1998. Published by FontShop International.  FontFont Release 23","FontName":"Eureka","FontSubfamily":"Regular","FontSubfamilyID":"FontForge 2.0 : Eureka Regular : 13-8-2016","FontFullName":"Eureka Regular","FontVersion":"Version 001.000 ","FontWeight":null,"FontPostscriptName":"Eureka-Regular","Files":{"\/Eureka Regular.css":"\/Eureka Regular.css","\/eureka-regular.afm":"\/eureka-regular.afm","\/eureka-regular.cef":"\/eureka-regular.cef","\/eureka-regular.cff":"\/eureka-regular.cff","\/eureka-regular.eot":"\/eureka-regular.eot","\/eureka-regular.gai":"\/eureka-regular.gai","\/eureka-regular.gsf":"\/eureka-regular.gsf","\/eureka-regular.otf":"\/eureka-regular.otf","\/eureka-regular.pf3":"\/eureka-regular.pf3","\/eureka-regular.pfa":"\/eureka-regular.pfa","\/eureka-regular.pfb":"\/eureka-regular.pfb","\/eureka-regular.php":"\/eureka-regular.php","\/eureka-regular.pt3":"\/eureka-regular.pt3","\/eureka-regular.sfd":"\/eureka-regular.sfd","\/eureka-regular.svg":"\/eureka-regular.svg","\/eureka-regular.t42":"\/eureka-regular.t42","\/eureka-regular.ttd":"\/eureka-regular.ttd","\/eureka-regular.ttf":"\/eureka-regular.ttf","\/eureka-regular.ttg":"\/eureka-regular.ttg","\/eureka-regular.ufm":"\/eureka-regular.ufm","\/eureka-regular.woff":"\/eureka-regular.woff","\/eureka-regular.z":"\/eureka-regular.z","\/font-resource.json":"\/font-resource.json","\/eureka-regular.ufo\/feature.fea":"\/eureka-regular.ufo\/feature.fea","\/eureka-regular.ufo\/fontinfo.plist":"\/eureka-regular.ufo\/fontinfo.plist","\/eureka-regular.ufo\/groups.plist":"\/eureka-regular.ufo\/groups.plist","\/eureka-regular.ufo\/kerning.plist":"\/eureka-regular.ufo\/kerning.plist","\/eureka-regular.ufo\/metainfo.plist":"\/eureka-regular.ufo\/metainfo.plist","\/eureka-regular.ufo\/glyphs\/A_.glif":"\/eureka-regular.ufo\/glyphs\/A_.glif","\/eureka-regular.ufo\/glyphs\/A_E_.glif":"\/eureka-regular.ufo\/glyphs\/A_E_.glif","\/eureka-regular.ufo\/glyphs\/A_acute.glif":"\/eureka-regular.ufo\/glyphs\/A_acute.glif","\/eureka-regular.ufo\/glyphs\/A_circumflex.glif":"\/eureka-regular.ufo\/glyphs\/A_circumflex.glif","\/eureka-regular.ufo\/glyphs\/A_dieresis.glif":"\/eureka-regular.ufo\/glyphs\/A_dieresis.glif","\/eureka-regular.ufo\/glyphs\/A_grave.glif":"\/eureka-regular.ufo\/glyphs\/A_grave.glif","\/eureka-regular.ufo\/glyphs\/A_ring.glif":"\/eureka-regular.ufo\/glyphs\/A_ring.glif","\/eureka-regular.ufo\/glyphs\/A_tilde.glif":"\/eureka-regular.ufo\/glyphs\/A_tilde.glif","\/eureka-regular.ufo\/glyphs\/B_.glif":"\/eureka-regular.ufo\/glyphs\/B_.glif","\/eureka-regular.ufo\/glyphs\/C_.glif":"\/eureka-regular.ufo\/glyphs\/C_.glif","\/eureka-regular.ufo\/glyphs\/C_cedilla.glif":"\/eureka-regular.ufo\/glyphs\/C_cedilla.glif","\/eureka-regular.ufo\/glyphs\/D_.glif":"\/eureka-regular.ufo\/glyphs\/D_.glif","\/eureka-regular.ufo\/glyphs\/E_.glif":"\/eureka-regular.ufo\/glyphs\/E_.glif","\/eureka-regular.ufo\/glyphs\/E_acute.glif":"\/eureka-regular.ufo\/glyphs\/E_acute.glif","\/eureka-regular.ufo\/glyphs\/E_circumflex.glif":"\/eureka-regular.ufo\/glyphs\/E_circumflex.glif","\/eureka-regular.ufo\/glyphs\/E_dieresis.glif":"\/eureka-regular.ufo\/glyphs\/E_dieresis.glif","\/eureka-regular.ufo\/glyphs\/E_grave.glif":"\/eureka-regular.ufo\/glyphs\/E_grave.glif","\/eureka-regular.ufo\/glyphs\/E_th.glif":"\/eureka-regular.ufo\/glyphs\/E_th.glif","\/eureka-regular.ufo\/glyphs\/E_uro.glif":"\/eureka-regular.ufo\/glyphs\/E_uro.glif","\/eureka-regular.ufo\/glyphs\/F_.glif":"\/eureka-regular.ufo\/glyphs\/F_.glif","\/eureka-regular.ufo\/glyphs\/G_.glif":"\/eureka-regular.ufo\/glyphs\/G_.glif","\/eureka-regular.ufo\/glyphs\/H_.glif":"\/eureka-regular.ufo\/glyphs\/H_.glif","\/eureka-regular.ufo\/glyphs\/I_.glif":"\/eureka-regular.ufo\/glyphs\/I_.glif","\/eureka-regular.ufo\/glyphs\/I_acute.glif":"\/eureka-regular.ufo\/glyphs\/I_acute.glif","\/eureka-regular.ufo\/glyphs\/I_circumflex.glif":"\/eureka-regular.ufo\/glyphs\/I_circumflex.glif","\/eureka-regular.ufo\/glyphs\/I_dieresis.glif":"\/eureka-regular.ufo\/glyphs\/I_dieresis.glif","\/eureka-regular.ufo\/glyphs\/I_grave.glif":"\/eureka-regular.ufo\/glyphs\/I_grave.glif","\/eureka-regular.ufo\/glyphs\/J_.glif":"\/eureka-regular.ufo\/glyphs\/J_.glif","\/eureka-regular.ufo\/glyphs\/K_.glif":"\/eureka-regular.ufo\/glyphs\/K_.glif","\/eureka-regular.ufo\/glyphs\/L_.glif":"\/eureka-regular.ufo\/glyphs\/L_.glif","\/eureka-regular.ufo\/glyphs\/L_slash.glif":"\/eureka-regular.ufo\/glyphs\/L_slash.glif","\/eureka-regular.ufo\/glyphs\/M_.glif":"\/eureka-regular.ufo\/glyphs\/M_.glif","\/eureka-regular.ufo\/glyphs\/N_.glif":"\/eureka-regular.ufo\/glyphs\/N_.glif","\/eureka-regular.ufo\/glyphs\/N_tilde.glif":"\/eureka-regular.ufo\/glyphs\/N_tilde.glif","\/eureka-regular.ufo\/glyphs\/O_.glif":"\/eureka-regular.ufo\/glyphs\/O_.glif","\/eureka-regular.ufo\/glyphs\/O_E_.glif":"\/eureka-regular.ufo\/glyphs\/O_E_.glif","\/eureka-regular.ufo\/glyphs\/O_acute.glif":"\/eureka-regular.ufo\/glyphs\/O_acute.glif","\/eureka-regular.ufo\/glyphs\/O_circumflex.glif":"\/eureka-regular.ufo\/glyphs\/O_circumflex.glif","\/eureka-regular.ufo\/glyphs\/O_dieresis.glif":"\/eureka-regular.ufo\/glyphs\/O_dieresis.glif","\/eureka-regular.ufo\/glyphs\/O_grave.glif":"\/eureka-regular.ufo\/glyphs\/O_grave.glif","\/eureka-regular.ufo\/glyphs\/O_slash.glif":"\/eureka-regular.ufo\/glyphs\/O_slash.glif","\/eureka-regular.ufo\/glyphs\/O_tilde.glif":"\/eureka-regular.ufo\/glyphs\/O_tilde.glif","\/eureka-regular.ufo\/glyphs\/P_.glif":"\/eureka-regular.ufo\/glyphs\/P_.glif","\/eureka-regular.ufo\/glyphs\/Q_.glif":"\/eureka-regular.ufo\/glyphs\/Q_.glif","\/eureka-regular.ufo\/glyphs\/R_.glif":"\/eureka-regular.ufo\/glyphs\/R_.glif","\/eureka-regular.ufo\/glyphs\/S_.glif":"\/eureka-regular.ufo\/glyphs\/S_.glif","\/eureka-regular.ufo\/glyphs\/S_caron.glif":"\/eureka-regular.ufo\/glyphs\/S_caron.glif","\/eureka-regular.ufo\/glyphs\/T_.glif":"\/eureka-regular.ufo\/glyphs\/T_.glif","\/eureka-regular.ufo\/glyphs\/T_horn.glif":"\/eureka-regular.ufo\/glyphs\/T_horn.glif","\/eureka-regular.ufo\/glyphs\/U_.glif":"\/eureka-regular.ufo\/glyphs\/U_.glif","\/eureka-regular.ufo\/glyphs\/U_acute.glif":"\/eureka-regular.ufo\/glyphs\/U_acute.glif","\/eureka-regular.ufo\/glyphs\/U_circumflex.glif":"\/eureka-regular.ufo\/glyphs\/U_circumflex.glif","\/eureka-regular.ufo\/glyphs\/U_dieresis.glif":"\/eureka-regular.ufo\/glyphs\/U_dieresis.glif","\/eureka-regular.ufo\/glyphs\/U_grave.glif":"\/eureka-regular.ufo\/glyphs\/U_grave.glif","\/eureka-regular.ufo\/glyphs\/V_.glif":"\/eureka-regular.ufo\/glyphs\/V_.glif","\/eureka-regular.ufo\/glyphs\/W_.glif":"\/eureka-regular.ufo\/glyphs\/W_.glif","\/eureka-regular.ufo\/glyphs\/X_.glif":"\/eureka-regular.ufo\/glyphs\/X_.glif","\/eureka-regular.ufo\/glyphs\/Y_.glif":"\/eureka-regular.ufo\/glyphs\/Y_.glif","\/eureka-regular.ufo\/glyphs\/Y_acute.glif":"\/eureka-regular.ufo\/glyphs\/Y_acute.glif","\/eureka-regular.ufo\/glyphs\/Y_dieresis.glif":"\/eureka-regular.ufo\/glyphs\/Y_dieresis.glif","\/eureka-regular.ufo\/glyphs\/Z_.glif":"\/eureka-regular.ufo\/glyphs\/Z_.glif","\/eureka-regular.ufo\/glyphs\/Z_caron.glif":"\/eureka-regular.ufo\/glyphs\/Z_caron.glif","\/eureka-regular.ufo\/glyphs\/a.glif":"\/eureka-regular.ufo\/glyphs\/a.glif","\/eureka-regular.ufo\/glyphs\/aacute.glif":"\/eureka-regular.ufo\/glyphs\/aacute.glif","\/eureka-regular.ufo\/glyphs\/acircumflex.glif":"\/eureka-regular.ufo\/glyphs\/acircumflex.glif","\/eureka-regular.ufo\/glyphs\/acute.glif":"\/eureka-regular.ufo\/glyphs\/acute.glif","\/eureka-regular.ufo\/glyphs\/adieresis.glif":"\/eureka-regular.ufo\/glyphs\/adieresis.glif","\/eureka-regular.ufo\/glyphs\/ae.glif":"\/eureka-regular.ufo\/glyphs\/ae.glif","\/eureka-regular.ufo\/glyphs\/agrave.glif":"\/eureka-regular.ufo\/glyphs\/agrave.glif","\/eureka-regular.ufo\/glyphs\/ampersand.glif":"\/eureka-regular.ufo\/glyphs\/ampersand.glif","\/eureka-regular.ufo\/glyphs\/aring.glif":"\/eureka-regular.ufo\/glyphs\/aring.glif","\/eureka-regular.ufo\/glyphs\/asciicircum.glif":"\/eureka-regular.ufo\/glyphs\/asciicircum.glif","\/eureka-regular.ufo\/glyphs\/asciitilde.glif":"\/eureka-regular.ufo\/glyphs\/asciitilde.glif","\/eureka-regular.ufo\/glyphs\/asterisk.glif":"\/eureka-regular.ufo\/glyphs\/asterisk.glif","\/eureka-regular.ufo\/glyphs\/at.glif":"\/eureka-regular.ufo\/glyphs\/at.glif","\/eureka-regular.ufo\/glyphs\/atilde.glif":"\/eureka-regular.ufo\/glyphs\/atilde.glif","\/eureka-regular.ufo\/glyphs\/b.glif":"\/eureka-regular.ufo\/glyphs\/b.glif","\/eureka-regular.ufo\/glyphs\/backslash.glif":"\/eureka-regular.ufo\/glyphs\/backslash.glif","\/eureka-regular.ufo\/glyphs\/bar.glif":"\/eureka-regular.ufo\/glyphs\/bar.glif","\/eureka-regular.ufo\/glyphs\/braceleft.glif":"\/eureka-regular.ufo\/glyphs\/braceleft.glif","\/eureka-regular.ufo\/glyphs\/braceright.glif":"\/eureka-regular.ufo\/glyphs\/braceright.glif","\/eureka-regular.ufo\/glyphs\/bracketleft.glif":"\/eureka-regular.ufo\/glyphs\/bracketleft.glif","\/eureka-regular.ufo\/glyphs\/bracketright.glif":"\/eureka-regular.ufo\/glyphs\/bracketright.glif","\/eureka-regular.ufo\/glyphs\/breve.glif":"\/eureka-regular.ufo\/glyphs\/breve.glif","\/eureka-regular.ufo\/glyphs\/brokenbar.glif":"\/eureka-regular.ufo\/glyphs\/brokenbar.glif","\/eureka-regular.ufo\/glyphs\/bullet.glif":"\/eureka-regular.ufo\/glyphs\/bullet.glif","\/eureka-regular.ufo\/glyphs\/c.glif":"\/eureka-regular.ufo\/glyphs\/c.glif","\/eureka-regular.ufo\/glyphs\/caron.glif":"\/eureka-regular.ufo\/glyphs\/caron.glif","\/eureka-regular.ufo\/glyphs\/ccedilla.glif":"\/eureka-regular.ufo\/glyphs\/ccedilla.glif","\/eureka-regular.ufo\/glyphs\/cedilla.glif":"\/eureka-regular.ufo\/glyphs\/cedilla.glif","\/eureka-regular.ufo\/glyphs\/cent.glif":"\/eureka-regular.ufo\/glyphs\/cent.glif","\/eureka-regular.ufo\/glyphs\/circumflex.glif":"\/eureka-regular.ufo\/glyphs\/circumflex.glif","\/eureka-regular.ufo\/glyphs\/colon.glif":"\/eureka-regular.ufo\/glyphs\/colon.glif","\/eureka-regular.ufo\/glyphs\/comma.glif":"\/eureka-regular.ufo\/glyphs\/comma.glif","\/eureka-regular.ufo\/glyphs\/contents.plist":"\/eureka-regular.ufo\/glyphs\/contents.plist","\/eureka-regular.ufo\/glyphs\/copyright.glif":"\/eureka-regular.ufo\/glyphs\/copyright.glif","\/eureka-regular.ufo\/glyphs\/d.glif":"\/eureka-regular.ufo\/glyphs\/d.glif","\/eureka-regular.ufo\/glyphs\/dagger.glif":"\/eureka-regular.ufo\/glyphs\/dagger.glif","\/eureka-regular.ufo\/glyphs\/daggerdbl.glif":"\/eureka-regular.ufo\/glyphs\/daggerdbl.glif","\/eureka-regular.ufo\/glyphs\/degree.glif":"\/eureka-regular.ufo\/glyphs\/degree.glif","\/eureka-regular.ufo\/glyphs\/dieresis.glif":"\/eureka-regular.ufo\/glyphs\/dieresis.glif","\/eureka-regular.ufo\/glyphs\/divide.glif":"\/eureka-regular.ufo\/glyphs\/divide.glif","\/eureka-regular.ufo\/glyphs\/dollar.glif":"\/eureka-regular.ufo\/glyphs\/dollar.glif","\/eureka-regular.ufo\/glyphs\/dotaccent.glif":"\/eureka-regular.ufo\/glyphs\/dotaccent.glif","\/eureka-regular.ufo\/glyphs\/dotlessi.glif":"\/eureka-regular.ufo\/glyphs\/dotlessi.glif","\/eureka-regular.ufo\/glyphs\/e.glif":"\/eureka-regular.ufo\/glyphs\/e.glif","\/eureka-regular.ufo\/glyphs\/eacute.glif":"\/eureka-regular.ufo\/glyphs\/eacute.glif","\/eureka-regular.ufo\/glyphs\/ecircumflex.glif":"\/eureka-regular.ufo\/glyphs\/ecircumflex.glif","\/eureka-regular.ufo\/glyphs\/edieresis.glif":"\/eureka-regular.ufo\/glyphs\/edieresis.glif","\/eureka-regular.ufo\/glyphs\/egrave.glif":"\/eureka-regular.ufo\/glyphs\/egrave.glif","\/eureka-regular.ufo\/glyphs\/eight.glif":"\/eureka-regular.ufo\/glyphs\/eight.glif","\/eureka-regular.ufo\/glyphs\/ellipsis.glif":"\/eureka-regular.ufo\/glyphs\/ellipsis.glif","\/eureka-regular.ufo\/glyphs\/emdash.glif":"\/eureka-regular.ufo\/glyphs\/emdash.glif","\/eureka-regular.ufo\/glyphs\/endash.glif":"\/eureka-regular.ufo\/glyphs\/endash.glif","\/eureka-regular.ufo\/glyphs\/equal.glif":"\/eureka-regular.ufo\/glyphs\/equal.glif","\/eureka-regular.ufo\/glyphs\/eth.glif":"\/eureka-regular.ufo\/glyphs\/eth.glif","\/eureka-regular.ufo\/glyphs\/exclam.glif":"\/eureka-regular.ufo\/glyphs\/exclam.glif","\/eureka-regular.ufo\/glyphs\/exclamdown.glif":"\/eureka-regular.ufo\/glyphs\/exclamdown.glif","\/eureka-regular.ufo\/glyphs\/f.glif":"\/eureka-regular.ufo\/glyphs\/f.glif","\/eureka-regular.ufo\/glyphs\/fi.glif":"\/eureka-regular.ufo\/glyphs\/fi.glif","\/eureka-regular.ufo\/glyphs\/five.glif":"\/eureka-regular.ufo\/glyphs\/five.glif","\/eureka-regular.ufo\/glyphs\/fl.glif":"\/eureka-regular.ufo\/glyphs\/fl.glif","\/eureka-regular.ufo\/glyphs\/florin.glif":"\/eureka-regular.ufo\/glyphs\/florin.glif","\/eureka-regular.ufo\/glyphs\/four.glif":"\/eureka-regular.ufo\/glyphs\/four.glif","\/eureka-regular.ufo\/glyphs\/fraction.glif":"\/eureka-regular.ufo\/glyphs\/fraction.glif","\/eureka-regular.ufo\/glyphs\/g.glif":"\/eureka-regular.ufo\/glyphs\/g.glif","\/eureka-regular.ufo\/glyphs\/germandbls.glif":"\/eureka-regular.ufo\/glyphs\/germandbls.glif","\/eureka-regular.ufo\/glyphs\/grave.glif":"\/eureka-regular.ufo\/glyphs\/grave.glif","\/eureka-regular.ufo\/glyphs\/greater.glif":"\/eureka-regular.ufo\/glyphs\/greater.glif","\/eureka-regular.ufo\/glyphs\/guillemotleft.glif":"\/eureka-regular.ufo\/glyphs\/guillemotleft.glif","\/eureka-regular.ufo\/glyphs\/guillemotright.glif":"\/eureka-regular.ufo\/glyphs\/guillemotright.glif","\/eureka-regular.ufo\/glyphs\/guilsinglleft.glif":"\/eureka-regular.ufo\/glyphs\/guilsinglleft.glif","\/eureka-regular.ufo\/glyphs\/guilsinglright.glif":"\/eureka-regular.ufo\/glyphs\/guilsinglright.glif","\/eureka-regular.ufo\/glyphs\/h.glif":"\/eureka-regular.ufo\/glyphs\/h.glif","\/eureka-regular.ufo\/glyphs\/hungarumlaut.glif":"\/eureka-regular.ufo\/glyphs\/hungarumlaut.glif","\/eureka-regular.ufo\/glyphs\/hyphen.glif":"\/eureka-regular.ufo\/glyphs\/hyphen.glif","\/eureka-regular.ufo\/glyphs\/i.glif":"\/eureka-regular.ufo\/glyphs\/i.glif","\/eureka-regular.ufo\/glyphs\/iacute.glif":"\/eureka-regular.ufo\/glyphs\/iacute.glif","\/eureka-regular.ufo\/glyphs\/icircumflex.glif":"\/eureka-regular.ufo\/glyphs\/icircumflex.glif","\/eureka-regular.ufo\/glyphs\/idieresis.glif":"\/eureka-regular.ufo\/glyphs\/idieresis.glif","\/eureka-regular.ufo\/glyphs\/igrave.glif":"\/eureka-regular.ufo\/glyphs\/igrave.glif","\/eureka-regular.ufo\/glyphs\/j.glif":"\/eureka-regular.ufo\/glyphs\/j.glif","\/eureka-regular.ufo\/glyphs\/k.glif":"\/eureka-regular.ufo\/glyphs\/k.glif","\/eureka-regular.ufo\/glyphs\/l.glif":"\/eureka-regular.ufo\/glyphs\/l.glif","\/eureka-regular.ufo\/glyphs\/less.glif":"\/eureka-regular.ufo\/glyphs\/less.glif","\/eureka-regular.ufo\/glyphs\/logicalnot.glif":"\/eureka-regular.ufo\/glyphs\/logicalnot.glif","\/eureka-regular.ufo\/glyphs\/lslash.glif":"\/eureka-regular.ufo\/glyphs\/lslash.glif","\/eureka-regular.ufo\/glyphs\/m.glif":"\/eureka-regular.ufo\/glyphs\/m.glif","\/eureka-regular.ufo\/glyphs\/macron.glif":"\/eureka-regular.ufo\/glyphs\/macron.glif","\/eureka-regular.ufo\/glyphs\/minus.glif":"\/eureka-regular.ufo\/glyphs\/minus.glif","\/eureka-regular.ufo\/glyphs\/mu.glif":"\/eureka-regular.ufo\/glyphs\/mu.glif","\/eureka-regular.ufo\/glyphs\/multiply.glif":"\/eureka-regular.ufo\/glyphs\/multiply.glif","\/eureka-regular.ufo\/glyphs\/n.glif":"\/eureka-regular.ufo\/glyphs\/n.glif","\/eureka-regular.ufo\/glyphs\/nine.glif":"\/eureka-regular.ufo\/glyphs\/nine.glif","\/eureka-regular.ufo\/glyphs\/ntilde.glif":"\/eureka-regular.ufo\/glyphs\/ntilde.glif","\/eureka-regular.ufo\/glyphs\/numbersign.glif":"\/eureka-regular.ufo\/glyphs\/numbersign.glif","\/eureka-regular.ufo\/glyphs\/o.glif":"\/eureka-regular.ufo\/glyphs\/o.glif","\/eureka-regular.ufo\/glyphs\/oacute.glif":"\/eureka-regular.ufo\/glyphs\/oacute.glif","\/eureka-regular.ufo\/glyphs\/ocircumflex.glif":"\/eureka-regular.ufo\/glyphs\/ocircumflex.glif","\/eureka-regular.ufo\/glyphs\/odieresis.glif":"\/eureka-regular.ufo\/glyphs\/odieresis.glif","\/eureka-regular.ufo\/glyphs\/oe.glif":"\/eureka-regular.ufo\/glyphs\/oe.glif","\/eureka-regular.ufo\/glyphs\/ogonek.glif":"\/eureka-regular.ufo\/glyphs\/ogonek.glif","\/eureka-regular.ufo\/glyphs\/ograve.glif":"\/eureka-regular.ufo\/glyphs\/ograve.glif","\/eureka-regular.ufo\/glyphs\/one.glif":"\/eureka-regular.ufo\/glyphs\/one.glif","\/eureka-regular.ufo\/glyphs\/onehalf.glif":"\/eureka-regular.ufo\/glyphs\/onehalf.glif","\/eureka-regular.ufo\/glyphs\/onequarter.glif":"\/eureka-regular.ufo\/glyphs\/onequarter.glif","\/eureka-regular.ufo\/glyphs\/onesuperior.glif":"\/eureka-regular.ufo\/glyphs\/onesuperior.glif","\/eureka-regular.ufo\/glyphs\/ordfeminine.glif":"\/eureka-regular.ufo\/glyphs\/ordfeminine.glif","\/eureka-regular.ufo\/glyphs\/ordmasculine.glif":"\/eureka-regular.ufo\/glyphs\/ordmasculine.glif","\/eureka-regular.ufo\/glyphs\/oslash.glif":"\/eureka-regular.ufo\/glyphs\/oslash.glif","\/eureka-regular.ufo\/glyphs\/otilde.glif":"\/eureka-regular.ufo\/glyphs\/otilde.glif","\/eureka-regular.ufo\/glyphs\/p.glif":"\/eureka-regular.ufo\/glyphs\/p.glif","\/eureka-regular.ufo\/glyphs\/paragraph.glif":"\/eureka-regular.ufo\/glyphs\/paragraph.glif","\/eureka-regular.ufo\/glyphs\/parenleft.glif":"\/eureka-regular.ufo\/glyphs\/parenleft.glif","\/eureka-regular.ufo\/glyphs\/parenright.glif":"\/eureka-regular.ufo\/glyphs\/parenright.glif","\/eureka-regular.ufo\/glyphs\/percent.glif":"\/eureka-regular.ufo\/glyphs\/percent.glif","\/eureka-regular.ufo\/glyphs\/period.glif":"\/eureka-regular.ufo\/glyphs\/period.glif","\/eureka-regular.ufo\/glyphs\/periodcentered.glif":"\/eureka-regular.ufo\/glyphs\/periodcentered.glif","\/eureka-regular.ufo\/glyphs\/perthousand.glif":"\/eureka-regular.ufo\/glyphs\/perthousand.glif","\/eureka-regular.ufo\/glyphs\/plus.glif":"\/eureka-regular.ufo\/glyphs\/plus.glif","\/eureka-regular.ufo\/glyphs\/plusminus.glif":"\/eureka-regular.ufo\/glyphs\/plusminus.glif","\/eureka-regular.ufo\/glyphs\/q.glif":"\/eureka-regular.ufo\/glyphs\/q.glif","\/eureka-regular.ufo\/glyphs\/question.glif":"\/eureka-regular.ufo\/glyphs\/question.glif","\/eureka-regular.ufo\/glyphs\/questiondown.glif":"\/eureka-regular.ufo\/glyphs\/questiondown.glif","\/eureka-regular.ufo\/glyphs\/quotedbl.glif":"\/eureka-regular.ufo\/glyphs\/quotedbl.glif","\/eureka-regular.ufo\/glyphs\/quotedblbase.glif":"\/eureka-regular.ufo\/glyphs\/quotedblbase.glif","\/eureka-regular.ufo\/glyphs\/quotedblleft.glif":"\/eureka-regular.ufo\/glyphs\/quotedblleft.glif","\/eureka-regular.ufo\/glyphs\/quotedblright.glif":"\/eureka-regular.ufo\/glyphs\/quotedblright.glif","\/eureka-regular.ufo\/glyphs\/quoteleft.glif":"\/eureka-regular.ufo\/glyphs\/quoteleft.glif","\/eureka-regular.ufo\/glyphs\/quoteright.glif":"\/eureka-regular.ufo\/glyphs\/quoteright.glif","\/eureka-regular.ufo\/glyphs\/quotesinglbase.glif":"\/eureka-regular.ufo\/glyphs\/quotesinglbase.glif","\/eureka-regular.ufo\/glyphs\/quotesingle.glif":"\/eureka-regular.ufo\/glyphs\/quotesingle.glif","\/eureka-regular.ufo\/glyphs\/r.glif":"\/eureka-regular.ufo\/glyphs\/r.glif","\/eureka-regular.ufo\/glyphs\/registered.glif":"\/eureka-regular.ufo\/glyphs\/registered.glif","\/eureka-regular.ufo\/glyphs\/ring.glif":"\/eureka-regular.ufo\/glyphs\/ring.glif","\/eureka-regular.ufo\/glyphs\/s.glif":"\/eureka-regular.ufo\/glyphs\/s.glif","\/eureka-regular.ufo\/glyphs\/scaron.glif":"\/eureka-regular.ufo\/glyphs\/scaron.glif","\/eureka-regular.ufo\/glyphs\/section.glif":"\/eureka-regular.ufo\/glyphs\/section.glif","\/eureka-regular.ufo\/glyphs\/semicolon.glif":"\/eureka-regular.ufo\/glyphs\/semicolon.glif","\/eureka-regular.ufo\/glyphs\/seven.glif":"\/eureka-regular.ufo\/glyphs\/seven.glif","\/eureka-regular.ufo\/glyphs\/six.glif":"\/eureka-regular.ufo\/glyphs\/six.glif","\/eureka-regular.ufo\/glyphs\/slash.glif":"\/eureka-regular.ufo\/glyphs\/slash.glif","\/eureka-regular.ufo\/glyphs\/space.glif":"\/eureka-regular.ufo\/glyphs\/space.glif","\/eureka-regular.ufo\/glyphs\/sterling.glif":"\/eureka-regular.ufo\/glyphs\/sterling.glif","\/eureka-regular.ufo\/glyphs\/t.glif":"\/eureka-regular.ufo\/glyphs\/t.glif","\/eureka-regular.ufo\/glyphs\/thorn.glif":"\/eureka-regular.ufo\/glyphs\/thorn.glif","\/eureka-regular.ufo\/glyphs\/three.glif":"\/eureka-regular.ufo\/glyphs\/three.glif","\/eureka-regular.ufo\/glyphs\/threequarters.glif":"\/eureka-regular.ufo\/glyphs\/threequarters.glif","\/eureka-regular.ufo\/glyphs\/threesuperior.glif":"\/eureka-regular.ufo\/glyphs\/threesuperior.glif","\/eureka-regular.ufo\/glyphs\/tilde.glif":"\/eureka-regular.ufo\/glyphs\/tilde.glif","\/eureka-regular.ufo\/glyphs\/trademark.glif":"\/eureka-regular.ufo\/glyphs\/trademark.glif","\/eureka-regular.ufo\/glyphs\/two.glif":"\/eureka-regular.ufo\/glyphs\/two.glif","\/eureka-regular.ufo\/glyphs\/twosuperior.glif":"\/eureka-regular.ufo\/glyphs\/twosuperior.glif","\/eureka-regular.ufo\/glyphs\/u.glif":"\/eureka-regular.ufo\/glyphs\/u.glif","\/eureka-regular.ufo\/glyphs\/uacute.glif":"\/eureka-regular.ufo\/glyphs\/uacute.glif","\/eureka-regular.ufo\/glyphs\/ucircumflex.glif":"\/eureka-regular.ufo\/glyphs\/ucircumflex.glif","\/eureka-regular.ufo\/glyphs\/udieresis.glif":"\/eureka-regular.ufo\/glyphs\/udieresis.glif","\/eureka-regular.ufo\/glyphs\/ugrave.glif":"\/eureka-regular.ufo\/glyphs\/ugrave.glif","\/eureka-regular.ufo\/glyphs\/underscore.glif":"\/eureka-regular.ufo\/glyphs\/underscore.glif","\/eureka-regular.ufo\/glyphs\/v.glif":"\/eureka-regular.ufo\/glyphs\/v.glif","\/eureka-regular.ufo\/glyphs\/w.glif":"\/eureka-regular.ufo\/glyphs\/w.glif","\/eureka-regular.ufo\/glyphs\/x.glif":"\/eureka-regular.ufo\/glyphs\/x.glif","\/eureka-regular.ufo\/glyphs\/y.glif":"\/eureka-regular.ufo\/glyphs\/y.glif","\/eureka-regular.ufo\/glyphs\/yacute.glif":"\/eureka-regular.ufo\/glyphs\/yacute.glif","\/eureka-regular.ufo\/glyphs\/ydieresis.glif":"\/eureka-regular.ufo\/glyphs\/ydieresis.glif","\/eureka-regular.ufo\/glyphs\/yen.glif":"\/eureka-regular.ufo\/glyphs\/yen.glif","\/eureka-regular.ufo\/glyphs\/z.glif":"\/eureka-regular.ufo\/glyphs\/z.glif","\/eureka-regular.ufo\/glyphs\/zcaron.glif":"\/eureka-regular.ufo\/glyphs\/zcaron.glif","\/eureka-regular.ufo\/glyphs\/zero.glif":"\/eureka-regular.ufo\/glyphs\/zero.glif"},"Font":{"uploaded":1471131584.9537,"licence":"gpl3","company":"Chronolabs Cooperative","title":"Eureka Regular","version":3.002,"date":"Fri Aug 12 15:53:35 2016","creator":"root","type":"1","matrix":"0.001 0 0 0.001 0 0","named":"Eureka-Regular","painttype":"0","info":"10 dict dup","name":"Eureka Regular","family":"Eureka","weight":"Regular","fstype":"0","italicangle":"0","underlineposition":"","underlinethickness":""},"Licences":{"":false},"Table":{"FFTM":{"entryLength":16,"tag":"FFTM","checksum":1944409678,"offset":23992,"length":28},"GDEF":{"entryLength":16,"tag":"GDEF","checksum":18087942,"offset":23960,"length":32},"OS\/2":{"entryLength":16,"tag":"OS\/2","checksum":1467816346,"offset":344,"length":86},"cmap":{"entryLength":16,"tag":"cmap","checksum":3422691204,"offset":1356,"length":570},"gasp":{"entryLength":16,"tag":"gasp","checksum":4294901763,"offset":23952,"length":8},"glyf":{"entryLength":16,"tag":"glyf","checksum":509871517,"offset":2392,"length":20240},"head":{"entryLength":16,"tag":"head","checksum":171435610,"offset":220,"length":54},"hhea":{"entryLength":16,"tag":"hhea","checksum":112001899,"offset":276,"length":36},"hmtx":{"entryLength":16,"tag":"hmtx","checksum":2595234832,"offset":432,"length":924},"loca":{"entryLength":16,"tag":"loca","checksum":1641051638,"offset":1928,"length":464},"maxp":{"entryLength":16,"tag":"maxp","checksum":19923022,"offset":312,"length":32},"name":{"entryLength":16,"tag":"name","checksum":3567397916,"offset":22632,"length":813},"post":{"entryLength":16,"tag":"post","checksum":2841488525,"offset":23448,"length":501}},"UnicodeCharMap":{"32":3,"33":4,"34":5,"35":6,"36":7,"37":8,"38":9,"39":10,"40":11,"41":12,"42":13,"43":14,"44":15,"45":16,"46":17,"47":18,"48":19,"49":20,"50":21,"51":22,"52":23,"53":24,"54":25,"55":26,"56":27,"57":28,"58":29,"59":30,"60":31,"61":32,"62":33,"63":34,"64":35,"65":36,"66":37,"67":38,"68":39,"69":40,"70":41,"71":42,"72":43,"73":44,"74":45,"75":46,"76":47,"77":48,"78":49,"79":50,"80":51,"81":52,"82":53,"83":54,"84":55,"85":56,"86":57,"87":58,"88":59,"89":60,"90":61,"91":62,"92":63,"93":64,"94":65,"95":66,"96":67,"97":68,"98":69,"99":70,"100":71,"101":72,"102":73,"103":74,"104":75,"105":76,"106":77,"107":78,"108":79,"109":80,"110":81,"111":82,"112":83,"113":84,"114":85,"115":86,"116":87,"117":88,"118":89,"119":90,"120":91,"121":92,"122":93,"123":94,"124":95,"125":96,"126":97,"161":98,"162":99,"163":100,"165":101,"166":102,"167":103,"168":104,"169":105,"170":106,"171":107,"172":108,"174":109,"175":110,"176":111,"177":112,"178":113,"179":114,"180":115,"182":117,"183":118,"184":119,"185":120,"186":121,"187":122,"188":123,"189":124,"190":125,"191":126,"192":127,"193":128,"194":129,"195":130,"196":131,"197":132,"198":133,"199":134,"200":135,"201":136,"202":137,"203":138,"204":139,"205":140,"206":141,"207":142,"208":143,"209":144,"210":145,"211":146,"212":147,"213":148,"214":149,"215":150,"216":151,"217":152,"218":153,"219":154,"220":155,"221":156,"222":157,"223":158,"224":159,"225":160,"226":161,"227":162,"228":163,"229":164,"230":165,"231":166,"232":167,"233":168,"234":169,"235":170,"236":171,"237":172,"238":173,"239":174,"240":175,"241":176,"242":177,"243":178,"244":179,"245":180,"246":181,"247":182,"248":183,"249":184,"250":185,"251":186,"252":187,"253":188,"254":189,"255":190,"305":220,"321":218,"322":221,"338":219,"339":222,"352":223,"353":224,"376":229,"381":225,"382":226,"402":194,"710":209,"711":216,"728":211,"729":212,"730":213,"731":215,"732":210,"733":214,"956":116,"8211":200,"8212":217,"8216":192,"8217":191,"8218":204,"8220":195,"8221":206,"8222":205,"8224":201,"8225":202,"8226":203,"8230":207,"8240":208,"8249":196,"8250":197,"8260":193,"8364":230,"8482":228,"8722":227,"64257":198,"64258":199},"Reserves":{"fontname":"Eureka Regular"},"Names":{"Eureka Regular":{"name":"Eureka Regular","longitude":"0.00000001","latitude":"0.00000001","country":"","region":"","city":""}},"Nodes":{"eu":{"type":"typal","node":"eu","usage":1,"weight":1},"ka":{"type":"typal","node":"ka","usage":1,"weight":1},"re":{"type":"typal","node":"re","usage":1,"weight":1},"ar":{"type":"typal","node":"ar","usage":1,"weight":1},"eur":{"type":"typal","node":"eur","usage":1,"weight":1},"eka":{"type":"typal","node":"eka","usage":1,"weight":1},"reg":{"type":"typal","node":"reg","usage":1,"weight":1},"lar":{"type":"typal","node":"lar","usage":1,"weight":1},"eure":{"type":"keys","node":"eure","usage":1,"weight":1},"reka":{"type":"keys","node":"reka","usage":1,"weight":1},"regu":{"type":"keys","node":"regu","usage":1,"weight":1},"ular":{"type":"keys","node":"ular","usage":1,"weight":1},"eurek":{"type":"keys","node":"eurek","usage":1,"weight":1},"ureka":{"type":"keys","node":"ureka","usage":1,"weight":1},"regul":{"type":"keys","node":"regul","usage":1,"weight":1},"gular":{"type":"keys","node":"gular","usage":1,"weight":1},"eureka":{"type":"fixes","node":"eureka","usage":1,"weight":1},"regular":{"type":"fixes","node":"regular","usage":1,"weight":1}},"Contributors":[],"FontIdentity":"wagovau:ac512dc98017334715ff9e86","Bytes":null,"Networking":[],"barcode":"csaq8os7gyc8o","referee":"scu75"}