{"CSS":{"Almanaque Outline":"Almanaque Outline.css"},"FontType":"TrueType","FontCopyright":"\u00a92000\/2001 Tipopotamo Fontes","FontName":"Almanaque Outline","FontSubfamily":"Regular","FontSubfamilyID":"Macromedia Fontographer 4.1.5 Almanaque Outline","FontFullName":"Almanaque Outline","FontVersion":"Macromedia Fontographer 4.1.5 1\/28\/02","FontWeight":null,"FontPostscriptName":"AlmanaqueOutline","Files":{"8056dea058affecd898fec7dd0f80d62.afm":"8056dea058affecd898fec7dd0f80d62.afm","8056dea058affecd898fec7dd0f80d62.bin":"8056dea058affecd898fec7dd0f80d62.bin","8056dea058affecd898fec7dd0f80d62.cef":"8056dea058affecd898fec7dd0f80d62.cef","8056dea058affecd898fec7dd0f80d62.cff":"8056dea058affecd898fec7dd0f80d62.cff","8056dea058affecd898fec7dd0f80d62.dfont":"8056dea058affecd898fec7dd0f80d62.dfont","8056dea058affecd898fec7dd0f80d62.eot":"8056dea058affecd898fec7dd0f80d62.eot","8056dea058affecd898fec7dd0f80d62.fon":"8056dea058affecd898fec7dd0f80d62.fon","8056dea058affecd898fec7dd0f80d62.gai":"8056dea058affecd898fec7dd0f80d62.gai","8056dea058affecd898fec7dd0f80d62.gsf":"8056dea058affecd898fec7dd0f80d62.gsf","8056dea058affecd898fec7dd0f80d62.hqx":"8056dea058affecd898fec7dd0f80d62.hqx","8056dea058affecd898fec7dd0f80d62.ik":"8056dea058affecd898fec7dd0f80d62.ik","8056dea058affecd898fec7dd0f80d62.mf":"8056dea058affecd898fec7dd0f80d62.mf","8056dea058affecd898fec7dd0f80d62.otf":"8056dea058affecd898fec7dd0f80d62.otf","8056dea058affecd898fec7dd0f80d62.pcf":"8056dea058affecd898fec7dd0f80d62.pcf","8056dea058affecd898fec7dd0f80d62.pf3":"8056dea058affecd898fec7dd0f80d62.pf3","8056dea058affecd898fec7dd0f80d62.pfa":"8056dea058affecd898fec7dd0f80d62.pfa","8056dea058affecd898fec7dd0f80d62.pfb":"8056dea058affecd898fec7dd0f80d62.pfb","8056dea058affecd898fec7dd0f80d62.pmf":"8056dea058affecd898fec7dd0f80d62.pmf","8056dea058affecd898fec7dd0f80d62.pt3":"8056dea058affecd898fec7dd0f80d62.pt3","8056dea058affecd898fec7dd0f80d62.sfd":"8056dea058affecd898fec7dd0f80d62.sfd","8056dea058affecd898fec7dd0f80d62.svg":"8056dea058affecd898fec7dd0f80d62.svg","8056dea058affecd898fec7dd0f80d62.t42":"8056dea058affecd898fec7dd0f80d62.t42","8056dea058affecd898fec7dd0f80d62.ttf":"8056dea058affecd898fec7dd0f80d62.ttf","8056dea058affecd898fec7dd0f80d62.woff":"8056dea058affecd898fec7dd0f80d62.woff","CriteriaOSSSi Bold.css":"CriteriaOSSSi Bold.css","font-resource.json":"font-resource.json","\/fonts\/Converting\/simon@staff.labs.coop\/8056dea058affecd898fec7dd0f80d62":{"8056dea058affecd898fec7dd0f80d62.afm":"8056dea058affecd898fec7dd0f80d62.afm","8056dea058affecd898fec7dd0f80d62.bin":"8056dea058affecd898fec7dd0f80d62.bin","8056dea058affecd898fec7dd0f80d62.cef":"8056dea058affecd898fec7dd0f80d62.cef","8056dea058affecd898fec7dd0f80d62.cff":"8056dea058affecd898fec7dd0f80d62.cff","8056dea058affecd898fec7dd0f80d62.dfont":"8056dea058affecd898fec7dd0f80d62.dfont","8056dea058affecd898fec7dd0f80d62.eot":"8056dea058affecd898fec7dd0f80d62.eot","8056dea058affecd898fec7dd0f80d62.fon":"8056dea058affecd898fec7dd0f80d62.fon","8056dea058affecd898fec7dd0f80d62.gai":"8056dea058affecd898fec7dd0f80d62.gai","8056dea058affecd898fec7dd0f80d62.gsf":"8056dea058affecd898fec7dd0f80d62.gsf","8056dea058affecd898fec7dd0f80d62.hqx":"8056dea058affecd898fec7dd0f80d62.hqx","8056dea058affecd898fec7dd0f80d62.ik":"8056dea058affecd898fec7dd0f80d62.ik","8056dea058affecd898fec7dd0f80d62.mf":"8056dea058affecd898fec7dd0f80d62.mf","8056dea058affecd898fec7dd0f80d62.otf":"8056dea058affecd898fec7dd0f80d62.otf","8056dea058affecd898fec7dd0f80d62.pcf":"8056dea058affecd898fec7dd0f80d62.pcf","8056dea058affecd898fec7dd0f80d62.pf3":"8056dea058affecd898fec7dd0f80d62.pf3","8056dea058affecd898fec7dd0f80d62.pfa":"8056dea058affecd898fec7dd0f80d62.pfa","8056dea058affecd898fec7dd0f80d62.pfb":"8056dea058affecd898fec7dd0f80d62.pfb","8056dea058affecd898fec7dd0f80d62.pmf":"8056dea058affecd898fec7dd0f80d62.pmf","8056dea058affecd898fec7dd0f80d62.pt3":"8056dea058affecd898fec7dd0f80d62.pt3","8056dea058affecd898fec7dd0f80d62.sfd":"8056dea058affecd898fec7dd0f80d62.sfd","8056dea058affecd898fec7dd0f80d62.svg":"8056dea058affecd898fec7dd0f80d62.svg","8056dea058affecd898fec7dd0f80d62.t42":"8056dea058affecd898fec7dd0f80d62.t42","8056dea058affecd898fec7dd0f80d62.ttf":"8056dea058affecd898fec7dd0f80d62.ttf","8056dea058affecd898fec7dd0f80d62.woff":"8056dea058affecd898fec7dd0f80d62.woff","CriteriaOSSSi Bold.css":"CriteriaOSSSi Bold.css","font-resource.json":"font-resource.json"},"8056dea058affecd898fec7dd0f80d62.ufo":{"feature.fea":"feature.fea","fontinfo.plist":"fontinfo.plist","groups.plist":"groups.plist","kerning.plist":"kerning.plist","metainfo.plist":"metainfo.plist"},"8056dea058affecd898fec7dd0f80d62.ufo\/glyphs":{"A_.glif":"A_.glif","A_E_.glif":"A_E_.glif","A_acute.glif":"A_acute.glif","A_circumflex.glif":"A_circumflex.glif","A_dieresis.glif":"A_dieresis.glif","A_grave.glif":"A_grave.glif","A_ring.glif":"A_ring.glif","A_tilde.glif":"A_tilde.glif","B_.glif":"B_.glif","C_.glif":"C_.glif","C_cedilla.glif":"C_cedilla.glif","D_.glif":"D_.glif","D_elta.glif":"D_elta.glif","E_.glif":"E_.glif","E_acute.glif":"E_acute.glif","E_circumflex.glif":"E_circumflex.glif","E_dieresis.glif":"E_dieresis.glif","E_grave.glif":"E_grave.glif","E_th.glif":"E_th.glif","F_.glif":"F_.glif","G_.glif":"G_.glif","H_.glif":"H_.glif","I_.glif":"I_.glif","I_acute.glif":"I_acute.glif","I_circumflex.glif":"I_circumflex.glif","I_dieresis.glif":"I_dieresis.glif","I_grave.glif":"I_grave.glif","J_.glif":"J_.glif","K_.glif":"K_.glif","L_.glif":"L_.glif","L_slash.glif":"L_slash.glif","M_.glif":"M_.glif","N_.glif":"N_.glif","N_tilde.glif":"N_tilde.glif","O_.glif":"O_.glif","O_E_.glif":"O_E_.glif","O_acute.glif":"O_acute.glif","O_circumflex.glif":"O_circumflex.glif","O_dieresis.glif":"O_dieresis.glif","O_grave.glif":"O_grave.glif","O_mega.glif":"O_mega.glif","O_slash.glif":"O_slash.glif","O_tilde.glif":"O_tilde.glif","P_.glif":"P_.glif","Q_.glif":"Q_.glif","R_.glif":"R_.glif","S_.glif":"S_.glif","S_caron.glif":"S_caron.glif","T_.glif":"T_.glif","T_horn.glif":"T_horn.glif","U_.glif":"U_.glif","U_acute.glif":"U_acute.glif","U_circumflex.glif":"U_circumflex.glif","U_dieresis.glif":"U_dieresis.glif","U_grave.glif":"U_grave.glif","V_.glif":"V_.glif","W_.glif":"W_.glif","X_.glif":"X_.glif","Y_.glif":"Y_.glif","Y_acute.glif":"Y_acute.glif","Y_dieresis.glif":"Y_dieresis.glif","Z_.glif":"Z_.glif","Z_caron.glif":"Z_caron.glif","_notdef.glif":"_notdef.glif","_null.glif":"_null.glif","a.glif":"a.glif","aacute.glif":"aacute.glif","acircumflex.glif":"acircumflex.glif","acute.glif":"acute.glif","adieresis.glif":"adieresis.glif","ae.glif":"ae.glif","agrave.glif":"agrave.glif","ampersand.glif":"ampersand.glif","apple.glif":"apple.glif","approxequal.glif":"approxequal.glif","aring.glif":"aring.glif","asciicircum.glif":"asciicircum.glif","asciitilde.glif":"asciitilde.glif","asterisk.glif":"asterisk.glif","at.glif":"at.glif","atilde.glif":"atilde.glif","b.glif":"b.glif","backslash.glif":"backslash.glif","bar.glif":"bar.glif","braceleft.glif":"braceleft.glif","braceright.glif":"braceright.glif","bracketleft.glif":"bracketleft.glif","bracketright.glif":"bracketright.glif","breve.glif":"breve.glif","brokenbar.glif":"brokenbar.glif","c.glif":"c.glif","caron.glif":"caron.glif","ccedilla.glif":"ccedilla.glif","cedilla.glif":"cedilla.glif","cent.glif":"cent.glif","circumflex.glif":"circumflex.glif","colon.glif":"colon.glif","comma.glif":"comma.glif","contents.plist":"contents.plist","copyright.glif":"copyright.glif","currency.glif":"currency.glif","d.glif":"d.glif","dagger.glif":"dagger.glif","daggerdbl.glif":"daggerdbl.glif","degree.glif":"degree.glif","dieresis.glif":"dieresis.glif","divide.glif":"divide.glif","dollar.glif":"dollar.glif","dotaccent.glif":"dotaccent.glif","dotlessi.glif":"dotlessi.glif","e.glif":"e.glif","eacute.glif":"eacute.glif","ecircumflex.glif":"ecircumflex.glif","edieresis.glif":"edieresis.glif","egrave.glif":"egrave.glif","eight.glif":"eight.glif","ellipsis.glif":"ellipsis.glif","emdash.glif":"emdash.glif","endash.glif":"endash.glif","equal.glif":"equal.glif","eth.glif":"eth.glif","exclam.glif":"exclam.glif","exclamdown.glif":"exclamdown.glif","f.glif":"f.glif","fi.glif":"fi.glif","five.glif":"five.glif","fl.glif":"fl.glif","florin.glif":"florin.glif","four.glif":"four.glif","fraction.glif":"fraction.glif","g.glif":"g.glif","germandbls.glif":"germandbls.glif","glyph1.glif":"glyph1.glif","grave.glif":"grave.glif","greater.glif":"greater.glif","greaterequal.glif":"greaterequal.glif","guillemotleft.glif":"guillemotleft.glif","guillemotright.glif":"guillemotright.glif","guilsinglleft.glif":"guilsinglleft.glif","guilsinglright.glif":"guilsinglright.glif","h.glif":"h.glif","hungarumlaut.glif":"hungarumlaut.glif","hyphen.glif":"hyphen.glif","i.glif":"i.glif","iacute.glif":"iacute.glif","icircumflex.glif":"icircumflex.glif","idieresis.glif":"idieresis.glif","igrave.glif":"igrave.glif","infinity.glif":"infinity.glif","integral.glif":"integral.glif","j.glif":"j.glif","k.glif":"k.glif","l.glif":"l.glif","less.glif":"less.glif","lessequal.glif":"lessequal.glif","logicalnot.glif":"logicalnot.glif","lozenge.glif":"lozenge.glif","lslash.glif":"lslash.glif","m.glif":"m.glif","macron.glif":"macron.glif","minus.glif":"minus.glif","multiply.glif":"multiply.glif","n.glif":"n.glif","nine.glif":"nine.glif","nonbreakingspace.glif":"nonbreakingspace.glif","nonmarkingreturn.glif":"nonmarkingreturn.glif","notequal.glif":"notequal.glif","ntilde.glif":"ntilde.glif","numbersign.glif":"numbersign.glif","o.glif":"o.glif","oacute.glif":"oacute.glif","ocircumflex.glif":"ocircumflex.glif","odieresis.glif":"odieresis.glif","oe.glif":"oe.glif","ogonek.glif":"ogonek.glif","ograve.glif":"ograve.glif","one.glif":"one.glif","onehalf.glif":"onehalf.glif","onequarter.glif":"onequarter.glif","onesuperior.glif":"onesuperior.glif","ordfeminine.glif":"ordfeminine.glif","ordmasculine.glif":"ordmasculine.glif","oslash.glif":"oslash.glif","otilde.glif":"otilde.glif","p.glif":"p.glif","paragraph.glif":"paragraph.glif","parenleft.glif":"parenleft.glif","parenright.glif":"parenright.glif","partialdiff.glif":"partialdiff.glif","percent.glif":"percent.glif","period.glif":"period.glif","periodcentered.glif":"periodcentered.glif","perthousand.glif":"perthousand.glif","pi.glif":"pi.glif","plus.glif":"plus.glif","plusminus.glif":"plusminus.glif","product.glif":"product.glif","q.glif":"q.glif","question.glif":"question.glif","questiondown.glif":"questiondown.glif","quotedbl.glif":"quotedbl.glif","quotedblbase.glif":"quotedblbase.glif","quotedblleft.glif":"quotedblleft.glif","quotedblright.glif":"quotedblright.glif","quoteleft.glif":"quoteleft.glif","quoteright.glif":"quoteright.glif","quotesinglbase.glif":"quotesinglbase.glif","quotesingle.glif":"quotesingle.glif","r.glif":"r.glif","radical.glif":"radical.glif","registered.glif":"registered.glif","ring.glif":"ring.glif","s.glif":"s.glif","scaron.glif":"scaron.glif","section.glif":"section.glif","semicolon.glif":"semicolon.glif","seven.glif":"seven.glif","six.glif":"six.glif","slash.glif":"slash.glif","space.glif":"space.glif","sterling.glif":"sterling.glif","summation.glif":"summation.glif","t.glif":"t.glif","thorn.glif":"thorn.glif","three.glif":"three.glif","threequarters.glif":"threequarters.glif","threesuperior.glif":"threesuperior.glif","tilde.glif":"tilde.glif","trademark.glif":"trademark.glif","two.glif":"two.glif","twosuperior.glif":"twosuperior.glif","u.glif":"u.glif","uacute.glif":"uacute.glif","ucircumflex.glif":"ucircumflex.glif","udieresis.glif":"udieresis.glif","ugrave.glif":"ugrave.glif","underscore.glif":"underscore.glif","v.glif":"v.glif","w.glif":"w.glif","x.glif":"x.glif","y.glif":"y.glif","yacute.glif":"yacute.glif","ydieresis.glif":"ydieresis.glif","yen.glif":"yen.glif","z.glif":"z.glif","zcaron.glif":"zcaron.glif","zero.glif":"zero.glif"}},"Table":{"FFTM":{"entryLength":16,"tag":"FFTM","checksum":1026801512,"offset":62364,"length":28},"GDEF":{"entryLength":16,"tag":"GDEF","checksum":49217540,"offset":62332,"length":32},"OS\/2":{"entryLength":16,"tag":"OS\/2","checksum":2261198097,"offset":376,"length":96},"cmap":{"entryLength":16,"tag":"cmap","checksum":2386108358,"offset":2712,"length":1264},"cvt ":{"entryLength":16,"tag":"cvt ","checksum":2865978251,"offset":4076,"length":286},"fpgm":{"entryLength":16,"tag":"fpgm","checksum":2201207375,"offset":3976,"length":20},"glyf":{"entryLength":16,"tag":"glyf","checksum":732293349,"offset":5780,"length":50480},"head":{"entryLength":16,"tag":"head","checksum":125233269,"offset":252,"length":54},"hhea":{"entryLength":16,"tag":"hhea","checksum":113247378,"offset":308,"length":36},"hmtx":{"entryLength":16,"tag":"hmtx","checksum":1263992965,"offset":472,"length":2240},"loca":{"entryLength":16,"tag":"loca","checksum":687929034,"offset":4364,"length":1414},"maxp":{"entryLength":16,"tag":"maxp","checksum":58458601,"offset":344,"length":32},"name":{"entryLength":16,"tag":"name","checksum":1213327542,"offset":56260,"length":702},"post":{"entryLength":16,"tag":"post","checksum":4080719931,"offset":56964,"length":5367},"prep":{"entryLength":16,"tag":"prep","checksum":2314929727,"offset":3996,"length":77}},"UnicodeCharMap":{"32":3,"33":4,"34":5,"35":6,"36":7,"37":8,"38":9,"39":10,"40":11,"41":12,"42":13,"43":14,"44":15,"45":16,"46":17,"47":18,"48":19,"49":20,"50":21,"51":22,"52":23,"53":24,"54":25,"55":26,"56":27,"57":28,"58":29,"59":30,"60":31,"61":32,"62":33,"63":34,"64":35,"65":36,"66":37,"67":38,"68":39,"69":40,"70":41,"71":42,"72":43,"73":44,"74":45,"75":46,"76":47,"77":48,"78":49,"79":50,"80":51,"81":52,"82":53,"83":54,"84":55,"85":56,"86":57,"87":58,"88":59,"89":60,"90":61,"91":62,"92":63,"93":64,"94":65,"95":66,"96":67,"97":68,"98":69,"99":70,"100":71,"101":72,"102":73,"103":74,"104":75,"105":76,"106":77,"107":78,"108":79,"109":80,"110":81,"111":82,"112":83,"113":84,"114":85,"115":86,"116":87,"117":88,"118":89,"119":90,"120":91,"121":92,"122":93,"123":94,"124":95,"125":96,"126":97,"160":98,"161":99,"162":100,"163":101,"164":102,"165":103,"166":104,"167":105,"168":106,"169":107,"170":108,"171":109,"172":110,"173":111,"174":112,"175":113,"176":114,"177":115,"178":116,"179":117,"180":118,"181":119,"182":120,"183":121,"184":122,"185":123,"186":124,"187":125,"188":126,"189":127,"190":128,"191":129,"192":130,"193":131,"194":132,"195":133,"196":134,"197":135,"198":136,"199":137,"200":138,"201":139,"202":140,"203":141,"204":142,"205":143,"206":144,"207":145,"208":146,"209":147,"210":148,"211":149,"212":150,"213":151,"214":152,"215":153,"216":154,"217":155,"218":156,"219":157,"220":158,"221":159,"222":160,"223":161,"224":162,"225":163,"226":164,"227":165,"228":166,"229":167,"230":168,"231":169,"232":170,"233":171,"234":172,"235":173,"236":174,"237":175,"238":176,"239":177,"240":178,"241":179,"242":180,"243":181,"244":182,"245":183,"246":184,"247":185,"248":186,"249":187,"250":188,"251":189,"252":190,"253":191,"254":192,"255":193,"256":194,"257":195,"258":196,"259":197,"260":198,"261":199,"262":200,"263":201,"264":202,"265":203,"266":204,"267":205,"268":206,"269":207,"270":208,"271":209,"273":210,"274":211,"275":212,"276":213,"277":214,"278":215,"279":216,"280":217,"281":218,"282":219,"283":220,"284":221,"285":222,"286":223,"287":224,"288":225,"289":226,"290":227,"291":228,"292":229,"293":230,"294":231,"295":232,"296":233,"297":234,"298":235,"299":236,"300":237,"301":238,"302":239,"303":240,"304":241,"305":242,"306":243,"307":244,"308":245,"309":246,"310":247,"311":248,"313":249,"314":250,"315":251,"316":252,"317":253,"318":254,"319":255,"320":256,"321":257,"322":258,"323":259,"324":260,"325":261,"326":262,"327":263,"328":264,"329":265,"330":266,"331":267,"332":268,"333":269,"334":270,"335":271,"336":272,"337":273,"338":274,"339":275,"340":276,"341":277,"342":278,"343":279,"344":280,"345":281,"346":282,"347":283,"348":284,"349":285,"350":286,"351":287,"352":288,"353":289,"354":290,"355":291,"356":292,"357":293,"358":294,"359":295,"360":296,"361":297,"362":298,"363":299,"364":300,"365":301,"366":302,"367":303,"368":304,"369":305,"370":306,"371":307,"372":308,"373":309,"374":310,"375":311,"376":312,"377":313,"378":314,"379":315,"380":316,"381":317,"382":318,"402":319,"506":320,"507":321,"508":322,"509":323,"510":324,"511":325,"710":326,"711":327,"713":113,"728":328,"729":329,"730":330,"731":331,"732":332,"733":333,"900":334,"902":335,"903":336,"904":337,"905":338,"906":339,"908":340,"910":341,"911":342,"913":343,"914":344,"915":345,"916":346,"917":347,"918":348,"919":349,"920":350,"921":351,"922":352,"923":353,"924":354,"925":355,"926":356,"927":357,"928":358,"929":359,"931":360,"932":361,"933":362,"934":363,"935":364,"936":365,"937":366,"940":367,"941":368,"942":369,"943":370,"945":371,"946":372,"947":373,"948":374,"949":375,"950":376,"951":377,"952":378,"953":379,"954":380,"955":381,"956":119,"957":382,"958":383,"959":384,"960":385,"961":386,"963":387,"964":388,"965":389,"966":390,"967":391,"968":392,"969":393,"972":394,"973":395,"974":396,"1136":365,"1137":392,"1138":350,"1139":378,"7808":397,"7809":398,"7810":399,"7811":400,"7812":401,"7813":402,"7922":403,"7923":404,"8208":16,"8211":405,"8212":406,"8215":407,"8216":408,"8217":409,"8218":410,"8220":411,"8221":412,"8222":413,"8224":414,"8225":415,"8226":416,"8230":417,"8240":418,"8249":419,"8250":420,"8252":421,"8254":422,"8260":423,"8261":424,"8264":425,"8319":426,"8355":427,"8482":428,"8486":366,"8494":429,"8539":430,"8540":431,"8541":432,"8542":433,"8592":434,"8593":435,"8594":436,"8595":437,"8686":438,"8706":439,"8710":440,"8719":441,"8721":442,"8722":111,"8729":121,"8730":443,"8734":444,"8745":445,"8747":446,"8776":447,"8800":448,"8801":449,"8804":450,"8805":451,"8946":447,"8962":452,"8976":453,"8992":454,"8993":455,"9600":456,"9604":457,"9608":458,"9612":459,"9616":460,"9617":461,"9618":462,"9619":463,"9632":464,"9644":465,"9650":466,"9658":467,"9660":468,"9668":469,"9674":470,"9675":471,"9688":472,"9689":473,"9702":474,"9711":475,"9786":476,"9787":477,"9788":478,"9792":479,"9794":480,"9824":481,"9827":482,"9829":483,"9830":484,"9834":485,"9835":486,"61441":487,"61442":488},"Reserves":{"fontname":"Almanaque Outline"},"Names":{"Almanaque Outline":{"name":"Almanaque Outline","longitude":null,"latitude":null,"country":"","region":"","city":""}},"Nodes":{"al":{"type":"typal","node":"al","usage":1,"weight":1},"ue":{"type":"typal","node":"ue","usage":1,"weight":1},"ou":{"type":"typal","node":"ou","usage":1,"weight":1},"ne":{"type":"typal","node":"ne","usage":1,"weight":1},"alm":{"type":"typal","node":"alm","usage":1,"weight":1},"que":{"type":"typal","node":"que","usage":1,"weight":1},"out":{"type":"typal","node":"out","usage":1,"weight":1},"ine":{"type":"typal","node":"ine","usage":1,"weight":1},"alma":{"type":"keys","node":"alma","usage":1,"weight":1},"aque":{"type":"keys","node":"aque","usage":1,"weight":1},"outl":{"type":"keys","node":"outl","usage":1,"weight":1},"line":{"type":"keys","node":"line","usage":1,"weight":1},"alman":{"type":"keys","node":"alman","usage":1,"weight":1},"naque":{"type":"keys","node":"naque","usage":1,"weight":1},"outli":{"type":"keys","node":"outli","usage":1,"weight":1},"tline":{"type":"keys","node":"tline","usage":1,"weight":1},"almanaque":{"type":"fixes","node":"almanaque","usage":1,"weight":1},"outline":{"type":"fixes","node":"outline","usage":1,"weight":1}},"Contributors":[],"FontIdentity":"f6e381865b6751f4bf25592f34ee05b1","Bytes":null,"Networking":[]}