{"CSS":{"OpsmarcktBasic":"OpsmarcktBasic.css","Opsmarckt Basic":"wagovau:142dd386fbf6c02579cb3836.css"},"FontType":"TrueType","FontCopyright":"Copr. 1996 [T-26] Chicago, Illinois & Frank Heine, Designer","FontName":"Opsmarckt","FontSubfamily":"Basic","FontSubfamilyID":"FontForge 2.0 : OpsmarcktBasic : 12-8-2016","FontFullName":"Opsmarckt Basic","FontVersion":"Version 001.000 ","FontWeight":null,"FontPostscriptName":"OpsmarcktBasic","Files":{"\/OpsmarcktBasic.css":"\/OpsmarcktBasic.css","\/font-resource.json":"\/font-resource.json","\/opsmarcktbasic.afm":"\/opsmarcktbasic.afm","\/opsmarcktbasic.cef":"\/opsmarcktbasic.cef","\/opsmarcktbasic.cff":"\/opsmarcktbasic.cff","\/opsmarcktbasic.eot":"\/opsmarcktbasic.eot","\/opsmarcktbasic.gai":"\/opsmarcktbasic.gai","\/opsmarcktbasic.gsf":"\/opsmarcktbasic.gsf","\/opsmarcktbasic.otf":"\/opsmarcktbasic.otf","\/opsmarcktbasic.pf3":"\/opsmarcktbasic.pf3","\/opsmarcktbasic.pfa":"\/opsmarcktbasic.pfa","\/opsmarcktbasic.pfb":"\/opsmarcktbasic.pfb","\/opsmarcktbasic.php":"\/opsmarcktbasic.php","\/opsmarcktbasic.pt3":"\/opsmarcktbasic.pt3","\/opsmarcktbasic.sfd":"\/opsmarcktbasic.sfd","\/opsmarcktbasic.svg":"\/opsmarcktbasic.svg","\/opsmarcktbasic.t42":"\/opsmarcktbasic.t42","\/opsmarcktbasic.ttd":"\/opsmarcktbasic.ttd","\/opsmarcktbasic.ttf":"\/opsmarcktbasic.ttf","\/opsmarcktbasic.ttg":"\/opsmarcktbasic.ttg","\/opsmarcktbasic.ufm":"\/opsmarcktbasic.ufm","\/opsmarcktbasic.woff":"\/opsmarcktbasic.woff","\/opsmarcktbasic.z":"\/opsmarcktbasic.z","\/opsmarcktbasic.ufo\/feature.fea":"\/opsmarcktbasic.ufo\/feature.fea","\/opsmarcktbasic.ufo\/fontinfo.plist":"\/opsmarcktbasic.ufo\/fontinfo.plist","\/opsmarcktbasic.ufo\/groups.plist":"\/opsmarcktbasic.ufo\/groups.plist","\/opsmarcktbasic.ufo\/kerning.plist":"\/opsmarcktbasic.ufo\/kerning.plist","\/opsmarcktbasic.ufo\/metainfo.plist":"\/opsmarcktbasic.ufo\/metainfo.plist","\/opsmarcktbasic.ufo\/glyphs\/A_.glif":"\/opsmarcktbasic.ufo\/glyphs\/A_.glif","\/opsmarcktbasic.ufo\/glyphs\/A_E_.glif":"\/opsmarcktbasic.ufo\/glyphs\/A_E_.glif","\/opsmarcktbasic.ufo\/glyphs\/A_acute.glif":"\/opsmarcktbasic.ufo\/glyphs\/A_acute.glif","\/opsmarcktbasic.ufo\/glyphs\/A_circumflex.glif":"\/opsmarcktbasic.ufo\/glyphs\/A_circumflex.glif","\/opsmarcktbasic.ufo\/glyphs\/A_dieresis.glif":"\/opsmarcktbasic.ufo\/glyphs\/A_dieresis.glif","\/opsmarcktbasic.ufo\/glyphs\/A_grave.glif":"\/opsmarcktbasic.ufo\/glyphs\/A_grave.glif","\/opsmarcktbasic.ufo\/glyphs\/A_ring.glif":"\/opsmarcktbasic.ufo\/glyphs\/A_ring.glif","\/opsmarcktbasic.ufo\/glyphs\/A_tilde.glif":"\/opsmarcktbasic.ufo\/glyphs\/A_tilde.glif","\/opsmarcktbasic.ufo\/glyphs\/B_.glif":"\/opsmarcktbasic.ufo\/glyphs\/B_.glif","\/opsmarcktbasic.ufo\/glyphs\/C_.glif":"\/opsmarcktbasic.ufo\/glyphs\/C_.glif","\/opsmarcktbasic.ufo\/glyphs\/C_R_.glif":"\/opsmarcktbasic.ufo\/glyphs\/C_R_.glif","\/opsmarcktbasic.ufo\/glyphs\/C_cedilla.glif":"\/opsmarcktbasic.ufo\/glyphs\/C_cedilla.glif","\/opsmarcktbasic.ufo\/glyphs\/D_.glif":"\/opsmarcktbasic.ufo\/glyphs\/D_.glif","\/opsmarcktbasic.ufo\/glyphs\/D_C_1.glif":"\/opsmarcktbasic.ufo\/glyphs\/D_C_1.glif","\/opsmarcktbasic.ufo\/glyphs\/D_C_2.glif":"\/opsmarcktbasic.ufo\/glyphs\/D_C_2.glif","\/opsmarcktbasic.ufo\/glyphs\/D_C_3.glif":"\/opsmarcktbasic.ufo\/glyphs\/D_C_3.glif","\/opsmarcktbasic.ufo\/glyphs\/D_C_4.glif":"\/opsmarcktbasic.ufo\/glyphs\/D_C_4.glif","\/opsmarcktbasic.ufo\/glyphs\/D_E_L_.glif":"\/opsmarcktbasic.ufo\/glyphs\/D_E_L_.glif","\/opsmarcktbasic.ufo\/glyphs\/D_L_E_.glif":"\/opsmarcktbasic.ufo\/glyphs\/D_L_E_.glif","\/opsmarcktbasic.ufo\/glyphs\/D_elta.glif":"\/opsmarcktbasic.ufo\/glyphs\/D_elta.glif","\/opsmarcktbasic.ufo\/glyphs\/E_.glif":"\/opsmarcktbasic.ufo\/glyphs\/E_.glif","\/opsmarcktbasic.ufo\/glyphs\/E_acute.glif":"\/opsmarcktbasic.ufo\/glyphs\/E_acute.glif","\/opsmarcktbasic.ufo\/glyphs\/E_circumflex.glif":"\/opsmarcktbasic.ufo\/glyphs\/E_circumflex.glif","\/opsmarcktbasic.ufo\/glyphs\/E_dieresis.glif":"\/opsmarcktbasic.ufo\/glyphs\/E_dieresis.glif","\/opsmarcktbasic.ufo\/glyphs\/E_grave.glif":"\/opsmarcktbasic.ufo\/glyphs\/E_grave.glif","\/opsmarcktbasic.ufo\/glyphs\/E_th.glif":"\/opsmarcktbasic.ufo\/glyphs\/E_th.glif","\/opsmarcktbasic.ufo\/glyphs\/F_.glif":"\/opsmarcktbasic.ufo\/glyphs\/F_.glif","\/opsmarcktbasic.ufo\/glyphs\/G_.glif":"\/opsmarcktbasic.ufo\/glyphs\/G_.glif","\/opsmarcktbasic.ufo\/glyphs\/H_.glif":"\/opsmarcktbasic.ufo\/glyphs\/H_.glif","\/opsmarcktbasic.ufo\/glyphs\/H_T_.glif":"\/opsmarcktbasic.ufo\/glyphs\/H_T_.glif","\/opsmarcktbasic.ufo\/glyphs\/I_.glif":"\/opsmarcktbasic.ufo\/glyphs\/I_.glif","\/opsmarcktbasic.ufo\/glyphs\/I_acute.glif":"\/opsmarcktbasic.ufo\/glyphs\/I_acute.glif","\/opsmarcktbasic.ufo\/glyphs\/I_circumflex.glif":"\/opsmarcktbasic.ufo\/glyphs\/I_circumflex.glif","\/opsmarcktbasic.ufo\/glyphs\/I_dieresis.glif":"\/opsmarcktbasic.ufo\/glyphs\/I_dieresis.glif","\/opsmarcktbasic.ufo\/glyphs\/I_grave.glif":"\/opsmarcktbasic.ufo\/glyphs\/I_grave.glif","\/opsmarcktbasic.ufo\/glyphs\/J_.glif":"\/opsmarcktbasic.ufo\/glyphs\/J_.glif","\/opsmarcktbasic.ufo\/glyphs\/K_.glif":"\/opsmarcktbasic.ufo\/glyphs\/K_.glif","\/opsmarcktbasic.ufo\/glyphs\/L_.glif":"\/opsmarcktbasic.ufo\/glyphs\/L_.glif","\/opsmarcktbasic.ufo\/glyphs\/L_F_.glif":"\/opsmarcktbasic.ufo\/glyphs\/L_F_.glif","\/opsmarcktbasic.ufo\/glyphs\/L_slash.glif":"\/opsmarcktbasic.ufo\/glyphs\/L_slash.glif","\/opsmarcktbasic.ufo\/glyphs\/M_.glif":"\/opsmarcktbasic.ufo\/glyphs\/M_.glif","\/opsmarcktbasic.ufo\/glyphs\/N_.glif":"\/opsmarcktbasic.ufo\/glyphs\/N_.glif","\/opsmarcktbasic.ufo\/glyphs\/N_U_L_.glif":"\/opsmarcktbasic.ufo\/glyphs\/N_U_L_.glif","\/opsmarcktbasic.ufo\/glyphs\/N_tilde.glif":"\/opsmarcktbasic.ufo\/glyphs\/N_tilde.glif","\/opsmarcktbasic.ufo\/glyphs\/O_.glif":"\/opsmarcktbasic.ufo\/glyphs\/O_.glif","\/opsmarcktbasic.ufo\/glyphs\/O_E_.glif":"\/opsmarcktbasic.ufo\/glyphs\/O_E_.glif","\/opsmarcktbasic.ufo\/glyphs\/O_acute.glif":"\/opsmarcktbasic.ufo\/glyphs\/O_acute.glif","\/opsmarcktbasic.ufo\/glyphs\/O_circumflex.glif":"\/opsmarcktbasic.ufo\/glyphs\/O_circumflex.glif","\/opsmarcktbasic.ufo\/glyphs\/O_dieresis.glif":"\/opsmarcktbasic.ufo\/glyphs\/O_dieresis.glif","\/opsmarcktbasic.ufo\/glyphs\/O_grave.glif":"\/opsmarcktbasic.ufo\/glyphs\/O_grave.glif","\/opsmarcktbasic.ufo\/glyphs\/O_mega.glif":"\/opsmarcktbasic.ufo\/glyphs\/O_mega.glif","\/opsmarcktbasic.ufo\/glyphs\/O_slash.glif":"\/opsmarcktbasic.ufo\/glyphs\/O_slash.glif","\/opsmarcktbasic.ufo\/glyphs\/O_tilde.glif":"\/opsmarcktbasic.ufo\/glyphs\/O_tilde.glif","\/opsmarcktbasic.ufo\/glyphs\/P_.glif":"\/opsmarcktbasic.ufo\/glyphs\/P_.glif","\/opsmarcktbasic.ufo\/glyphs\/Q_.glif":"\/opsmarcktbasic.ufo\/glyphs\/Q_.glif","\/opsmarcktbasic.ufo\/glyphs\/R_.glif":"\/opsmarcktbasic.ufo\/glyphs\/R_.glif","\/opsmarcktbasic.ufo\/glyphs\/R_S_.glif":"\/opsmarcktbasic.ufo\/glyphs\/R_S_.glif","\/opsmarcktbasic.ufo\/glyphs\/S_.glif":"\/opsmarcktbasic.ufo\/glyphs\/S_.glif","\/opsmarcktbasic.ufo\/glyphs\/S_caron.glif":"\/opsmarcktbasic.ufo\/glyphs\/S_caron.glif","\/opsmarcktbasic.ufo\/glyphs\/T_.glif":"\/opsmarcktbasic.ufo\/glyphs\/T_.glif","\/opsmarcktbasic.ufo\/glyphs\/T_horn.glif":"\/opsmarcktbasic.ufo\/glyphs\/T_horn.glif","\/opsmarcktbasic.ufo\/glyphs\/U_.glif":"\/opsmarcktbasic.ufo\/glyphs\/U_.glif","\/opsmarcktbasic.ufo\/glyphs\/U_S_.glif":"\/opsmarcktbasic.ufo\/glyphs\/U_S_.glif","\/opsmarcktbasic.ufo\/glyphs\/U_acute.glif":"\/opsmarcktbasic.ufo\/glyphs\/U_acute.glif","\/opsmarcktbasic.ufo\/glyphs\/U_circumflex.glif":"\/opsmarcktbasic.ufo\/glyphs\/U_circumflex.glif","\/opsmarcktbasic.ufo\/glyphs\/U_dieresis.glif":"\/opsmarcktbasic.ufo\/glyphs\/U_dieresis.glif","\/opsmarcktbasic.ufo\/glyphs\/U_grave.glif":"\/opsmarcktbasic.ufo\/glyphs\/U_grave.glif","\/opsmarcktbasic.ufo\/glyphs\/V_.glif":"\/opsmarcktbasic.ufo\/glyphs\/V_.glif","\/opsmarcktbasic.ufo\/glyphs\/W_.glif":"\/opsmarcktbasic.ufo\/glyphs\/W_.glif","\/opsmarcktbasic.ufo\/glyphs\/X_.glif":"\/opsmarcktbasic.ufo\/glyphs\/X_.glif","\/opsmarcktbasic.ufo\/glyphs\/Y_.glif":"\/opsmarcktbasic.ufo\/glyphs\/Y_.glif","\/opsmarcktbasic.ufo\/glyphs\/Y_acute.glif":"\/opsmarcktbasic.ufo\/glyphs\/Y_acute.glif","\/opsmarcktbasic.ufo\/glyphs\/Y_dieresis.glif":"\/opsmarcktbasic.ufo\/glyphs\/Y_dieresis.glif","\/opsmarcktbasic.ufo\/glyphs\/Z_.glif":"\/opsmarcktbasic.ufo\/glyphs\/Z_.glif","\/opsmarcktbasic.ufo\/glyphs\/Z_caron.glif":"\/opsmarcktbasic.ufo\/glyphs\/Z_caron.glif","\/opsmarcktbasic.ufo\/glyphs\/a.glif":"\/opsmarcktbasic.ufo\/glyphs\/a.glif","\/opsmarcktbasic.ufo\/glyphs\/aacute.glif":"\/opsmarcktbasic.ufo\/glyphs\/aacute.glif","\/opsmarcktbasic.ufo\/glyphs\/acircumflex.glif":"\/opsmarcktbasic.ufo\/glyphs\/acircumflex.glif","\/opsmarcktbasic.ufo\/glyphs\/acute.glif":"\/opsmarcktbasic.ufo\/glyphs\/acute.glif","\/opsmarcktbasic.ufo\/glyphs\/adieresis.glif":"\/opsmarcktbasic.ufo\/glyphs\/adieresis.glif","\/opsmarcktbasic.ufo\/glyphs\/ae.glif":"\/opsmarcktbasic.ufo\/glyphs\/ae.glif","\/opsmarcktbasic.ufo\/glyphs\/agrave.glif":"\/opsmarcktbasic.ufo\/glyphs\/agrave.glif","\/opsmarcktbasic.ufo\/glyphs\/ampersand.glif":"\/opsmarcktbasic.ufo\/glyphs\/ampersand.glif","\/opsmarcktbasic.ufo\/glyphs\/apple.glif":"\/opsmarcktbasic.ufo\/glyphs\/apple.glif","\/opsmarcktbasic.ufo\/glyphs\/approxequal.glif":"\/opsmarcktbasic.ufo\/glyphs\/approxequal.glif","\/opsmarcktbasic.ufo\/glyphs\/aring.glif":"\/opsmarcktbasic.ufo\/glyphs\/aring.glif","\/opsmarcktbasic.ufo\/glyphs\/asciicircum.glif":"\/opsmarcktbasic.ufo\/glyphs\/asciicircum.glif","\/opsmarcktbasic.ufo\/glyphs\/asciitilde.glif":"\/opsmarcktbasic.ufo\/glyphs\/asciitilde.glif","\/opsmarcktbasic.ufo\/glyphs\/asterisk.glif":"\/opsmarcktbasic.ufo\/glyphs\/asterisk.glif","\/opsmarcktbasic.ufo\/glyphs\/at.glif":"\/opsmarcktbasic.ufo\/glyphs\/at.glif","\/opsmarcktbasic.ufo\/glyphs\/atilde.glif":"\/opsmarcktbasic.ufo\/glyphs\/atilde.glif","\/opsmarcktbasic.ufo\/glyphs\/b.glif":"\/opsmarcktbasic.ufo\/glyphs\/b.glif","\/opsmarcktbasic.ufo\/glyphs\/backslash.glif":"\/opsmarcktbasic.ufo\/glyphs\/backslash.glif","\/opsmarcktbasic.ufo\/glyphs\/bar.glif":"\/opsmarcktbasic.ufo\/glyphs\/bar.glif","\/opsmarcktbasic.ufo\/glyphs\/braceleft.glif":"\/opsmarcktbasic.ufo\/glyphs\/braceleft.glif","\/opsmarcktbasic.ufo\/glyphs\/braceright.glif":"\/opsmarcktbasic.ufo\/glyphs\/braceright.glif","\/opsmarcktbasic.ufo\/glyphs\/bracketleft.glif":"\/opsmarcktbasic.ufo\/glyphs\/bracketleft.glif","\/opsmarcktbasic.ufo\/glyphs\/bracketright.glif":"\/opsmarcktbasic.ufo\/glyphs\/bracketright.glif","\/opsmarcktbasic.ufo\/glyphs\/breve.glif":"\/opsmarcktbasic.ufo\/glyphs\/breve.glif","\/opsmarcktbasic.ufo\/glyphs\/brokenbar.glif":"\/opsmarcktbasic.ufo\/glyphs\/brokenbar.glif","\/opsmarcktbasic.ufo\/glyphs\/bullet.glif":"\/opsmarcktbasic.ufo\/glyphs\/bullet.glif","\/opsmarcktbasic.ufo\/glyphs\/c.glif":"\/opsmarcktbasic.ufo\/glyphs\/c.glif","\/opsmarcktbasic.ufo\/glyphs\/caron.glif":"\/opsmarcktbasic.ufo\/glyphs\/caron.glif","\/opsmarcktbasic.ufo\/glyphs\/ccedilla.glif":"\/opsmarcktbasic.ufo\/glyphs\/ccedilla.glif","\/opsmarcktbasic.ufo\/glyphs\/cedilla.glif":"\/opsmarcktbasic.ufo\/glyphs\/cedilla.glif","\/opsmarcktbasic.ufo\/glyphs\/cent.glif":"\/opsmarcktbasic.ufo\/glyphs\/cent.glif","\/opsmarcktbasic.ufo\/glyphs\/circumflex.glif":"\/opsmarcktbasic.ufo\/glyphs\/circumflex.glif","\/opsmarcktbasic.ufo\/glyphs\/colon.glif":"\/opsmarcktbasic.ufo\/glyphs\/colon.glif","\/opsmarcktbasic.ufo\/glyphs\/comma.glif":"\/opsmarcktbasic.ufo\/glyphs\/comma.glif","\/opsmarcktbasic.ufo\/glyphs\/contents.plist":"\/opsmarcktbasic.ufo\/glyphs\/contents.plist","\/opsmarcktbasic.ufo\/glyphs\/copyright.glif":"\/opsmarcktbasic.ufo\/glyphs\/copyright.glif","\/opsmarcktbasic.ufo\/glyphs\/currency.glif":"\/opsmarcktbasic.ufo\/glyphs\/currency.glif","\/opsmarcktbasic.ufo\/glyphs\/d.glif":"\/opsmarcktbasic.ufo\/glyphs\/d.glif","\/opsmarcktbasic.ufo\/glyphs\/dagger.glif":"\/opsmarcktbasic.ufo\/glyphs\/dagger.glif","\/opsmarcktbasic.ufo\/glyphs\/daggerdbl.glif":"\/opsmarcktbasic.ufo\/glyphs\/daggerdbl.glif","\/opsmarcktbasic.ufo\/glyphs\/degree.glif":"\/opsmarcktbasic.ufo\/glyphs\/degree.glif","\/opsmarcktbasic.ufo\/glyphs\/dieresis.glif":"\/opsmarcktbasic.ufo\/glyphs\/dieresis.glif","\/opsmarcktbasic.ufo\/glyphs\/divide.glif":"\/opsmarcktbasic.ufo\/glyphs\/divide.glif","\/opsmarcktbasic.ufo\/glyphs\/dollar.glif":"\/opsmarcktbasic.ufo\/glyphs\/dollar.glif","\/opsmarcktbasic.ufo\/glyphs\/dotaccent.glif":"\/opsmarcktbasic.ufo\/glyphs\/dotaccent.glif","\/opsmarcktbasic.ufo\/glyphs\/dotlessi.glif":"\/opsmarcktbasic.ufo\/glyphs\/dotlessi.glif","\/opsmarcktbasic.ufo\/glyphs\/e.glif":"\/opsmarcktbasic.ufo\/glyphs\/e.glif","\/opsmarcktbasic.ufo\/glyphs\/eacute.glif":"\/opsmarcktbasic.ufo\/glyphs\/eacute.glif","\/opsmarcktbasic.ufo\/glyphs\/ecircumflex.glif":"\/opsmarcktbasic.ufo\/glyphs\/ecircumflex.glif","\/opsmarcktbasic.ufo\/glyphs\/edieresis.glif":"\/opsmarcktbasic.ufo\/glyphs\/edieresis.glif","\/opsmarcktbasic.ufo\/glyphs\/egrave.glif":"\/opsmarcktbasic.ufo\/glyphs\/egrave.glif","\/opsmarcktbasic.ufo\/glyphs\/eight.glif":"\/opsmarcktbasic.ufo\/glyphs\/eight.glif","\/opsmarcktbasic.ufo\/glyphs\/ellipsis.glif":"\/opsmarcktbasic.ufo\/glyphs\/ellipsis.glif","\/opsmarcktbasic.ufo\/glyphs\/emdash.glif":"\/opsmarcktbasic.ufo\/glyphs\/emdash.glif","\/opsmarcktbasic.ufo\/glyphs\/endash.glif":"\/opsmarcktbasic.ufo\/glyphs\/endash.glif","\/opsmarcktbasic.ufo\/glyphs\/equal.glif":"\/opsmarcktbasic.ufo\/glyphs\/equal.glif","\/opsmarcktbasic.ufo\/glyphs\/eth.glif":"\/opsmarcktbasic.ufo\/glyphs\/eth.glif","\/opsmarcktbasic.ufo\/glyphs\/exclam.glif":"\/opsmarcktbasic.ufo\/glyphs\/exclam.glif","\/opsmarcktbasic.ufo\/glyphs\/exclamdown.glif":"\/opsmarcktbasic.ufo\/glyphs\/exclamdown.glif","\/opsmarcktbasic.ufo\/glyphs\/f.glif":"\/opsmarcktbasic.ufo\/glyphs\/f.glif","\/opsmarcktbasic.ufo\/glyphs\/fi.glif":"\/opsmarcktbasic.ufo\/glyphs\/fi.glif","\/opsmarcktbasic.ufo\/glyphs\/five.glif":"\/opsmarcktbasic.ufo\/glyphs\/five.glif","\/opsmarcktbasic.ufo\/glyphs\/fl.glif":"\/opsmarcktbasic.ufo\/glyphs\/fl.glif","\/opsmarcktbasic.ufo\/glyphs\/florin.glif":"\/opsmarcktbasic.ufo\/glyphs\/florin.glif","\/opsmarcktbasic.ufo\/glyphs\/four.glif":"\/opsmarcktbasic.ufo\/glyphs\/four.glif","\/opsmarcktbasic.ufo\/glyphs\/fraction.glif":"\/opsmarcktbasic.ufo\/glyphs\/fraction.glif","\/opsmarcktbasic.ufo\/glyphs\/g.glif":"\/opsmarcktbasic.ufo\/glyphs\/g.glif","\/opsmarcktbasic.ufo\/glyphs\/germandbls.glif":"\/opsmarcktbasic.ufo\/glyphs\/germandbls.glif","\/opsmarcktbasic.ufo\/glyphs\/grave.glif":"\/opsmarcktbasic.ufo\/glyphs\/grave.glif","\/opsmarcktbasic.ufo\/glyphs\/greater.glif":"\/opsmarcktbasic.ufo\/glyphs\/greater.glif","\/opsmarcktbasic.ufo\/glyphs\/greaterequal.glif":"\/opsmarcktbasic.ufo\/glyphs\/greaterequal.glif","\/opsmarcktbasic.ufo\/glyphs\/guillemotleft.glif":"\/opsmarcktbasic.ufo\/glyphs\/guillemotleft.glif","\/opsmarcktbasic.ufo\/glyphs\/guillemotright.glif":"\/opsmarcktbasic.ufo\/glyphs\/guillemotright.glif","\/opsmarcktbasic.ufo\/glyphs\/guilsinglleft.glif":"\/opsmarcktbasic.ufo\/glyphs\/guilsinglleft.glif","\/opsmarcktbasic.ufo\/glyphs\/guilsinglright.glif":"\/opsmarcktbasic.ufo\/glyphs\/guilsinglright.glif","\/opsmarcktbasic.ufo\/glyphs\/h.glif":"\/opsmarcktbasic.ufo\/glyphs\/h.glif","\/opsmarcktbasic.ufo\/glyphs\/hungarumlaut.glif":"\/opsmarcktbasic.ufo\/glyphs\/hungarumlaut.glif","\/opsmarcktbasic.ufo\/glyphs\/hyphen.glif":"\/opsmarcktbasic.ufo\/glyphs\/hyphen.glif","\/opsmarcktbasic.ufo\/glyphs\/i.glif":"\/opsmarcktbasic.ufo\/glyphs\/i.glif","\/opsmarcktbasic.ufo\/glyphs\/iacute.glif":"\/opsmarcktbasic.ufo\/glyphs\/iacute.glif","\/opsmarcktbasic.ufo\/glyphs\/icircumflex.glif":"\/opsmarcktbasic.ufo\/glyphs\/icircumflex.glif","\/opsmarcktbasic.ufo\/glyphs\/idieresis.glif":"\/opsmarcktbasic.ufo\/glyphs\/idieresis.glif","\/opsmarcktbasic.ufo\/glyphs\/igrave.glif":"\/opsmarcktbasic.ufo\/glyphs\/igrave.glif","\/opsmarcktbasic.ufo\/glyphs\/infinity.glif":"\/opsmarcktbasic.ufo\/glyphs\/infinity.glif","\/opsmarcktbasic.ufo\/glyphs\/integral.glif":"\/opsmarcktbasic.ufo\/glyphs\/integral.glif","\/opsmarcktbasic.ufo\/glyphs\/j.glif":"\/opsmarcktbasic.ufo\/glyphs\/j.glif","\/opsmarcktbasic.ufo\/glyphs\/k.glif":"\/opsmarcktbasic.ufo\/glyphs\/k.glif","\/opsmarcktbasic.ufo\/glyphs\/l.glif":"\/opsmarcktbasic.ufo\/glyphs\/l.glif","\/opsmarcktbasic.ufo\/glyphs\/less.glif":"\/opsmarcktbasic.ufo\/glyphs\/less.glif","\/opsmarcktbasic.ufo\/glyphs\/lessequal.glif":"\/opsmarcktbasic.ufo\/glyphs\/lessequal.glif","\/opsmarcktbasic.ufo\/glyphs\/logicalnot.glif":"\/opsmarcktbasic.ufo\/glyphs\/logicalnot.glif","\/opsmarcktbasic.ufo\/glyphs\/lozenge.glif":"\/opsmarcktbasic.ufo\/glyphs\/lozenge.glif","\/opsmarcktbasic.ufo\/glyphs\/lslash.glif":"\/opsmarcktbasic.ufo\/glyphs\/lslash.glif","\/opsmarcktbasic.ufo\/glyphs\/m.glif":"\/opsmarcktbasic.ufo\/glyphs\/m.glif","\/opsmarcktbasic.ufo\/glyphs\/macron.glif":"\/opsmarcktbasic.ufo\/glyphs\/macron.glif","\/opsmarcktbasic.ufo\/glyphs\/minus.glif":"\/opsmarcktbasic.ufo\/glyphs\/minus.glif","\/opsmarcktbasic.ufo\/glyphs\/mu.glif":"\/opsmarcktbasic.ufo\/glyphs\/mu.glif","\/opsmarcktbasic.ufo\/glyphs\/multiply.glif":"\/opsmarcktbasic.ufo\/glyphs\/multiply.glif","\/opsmarcktbasic.ufo\/glyphs\/n.glif":"\/opsmarcktbasic.ufo\/glyphs\/n.glif","\/opsmarcktbasic.ufo\/glyphs\/nbspace.glif":"\/opsmarcktbasic.ufo\/glyphs\/nbspace.glif","\/opsmarcktbasic.ufo\/glyphs\/nine.glif":"\/opsmarcktbasic.ufo\/glyphs\/nine.glif","\/opsmarcktbasic.ufo\/glyphs\/notequal.glif":"\/opsmarcktbasic.ufo\/glyphs\/notequal.glif","\/opsmarcktbasic.ufo\/glyphs\/ntilde.glif":"\/opsmarcktbasic.ufo\/glyphs\/ntilde.glif","\/opsmarcktbasic.ufo\/glyphs\/numbersign.glif":"\/opsmarcktbasic.ufo\/glyphs\/numbersign.glif","\/opsmarcktbasic.ufo\/glyphs\/o.glif":"\/opsmarcktbasic.ufo\/glyphs\/o.glif","\/opsmarcktbasic.ufo\/glyphs\/oacute.glif":"\/opsmarcktbasic.ufo\/glyphs\/oacute.glif","\/opsmarcktbasic.ufo\/glyphs\/ocircumflex.glif":"\/opsmarcktbasic.ufo\/glyphs\/ocircumflex.glif","\/opsmarcktbasic.ufo\/glyphs\/odieresis.glif":"\/opsmarcktbasic.ufo\/glyphs\/odieresis.glif","\/opsmarcktbasic.ufo\/glyphs\/oe.glif":"\/opsmarcktbasic.ufo\/glyphs\/oe.glif","\/opsmarcktbasic.ufo\/glyphs\/ogonek.glif":"\/opsmarcktbasic.ufo\/glyphs\/ogonek.glif","\/opsmarcktbasic.ufo\/glyphs\/ograve.glif":"\/opsmarcktbasic.ufo\/glyphs\/ograve.glif","\/opsmarcktbasic.ufo\/glyphs\/one.glif":"\/opsmarcktbasic.ufo\/glyphs\/one.glif","\/opsmarcktbasic.ufo\/glyphs\/onehalf.glif":"\/opsmarcktbasic.ufo\/glyphs\/onehalf.glif","\/opsmarcktbasic.ufo\/glyphs\/onequarter.glif":"\/opsmarcktbasic.ufo\/glyphs\/onequarter.glif","\/opsmarcktbasic.ufo\/glyphs\/onesuperior.glif":"\/opsmarcktbasic.ufo\/glyphs\/onesuperior.glif","\/opsmarcktbasic.ufo\/glyphs\/ordfeminine.glif":"\/opsmarcktbasic.ufo\/glyphs\/ordfeminine.glif","\/opsmarcktbasic.ufo\/glyphs\/ordmasculine.glif":"\/opsmarcktbasic.ufo\/glyphs\/ordmasculine.glif","\/opsmarcktbasic.ufo\/glyphs\/oslash.glif":"\/opsmarcktbasic.ufo\/glyphs\/oslash.glif","\/opsmarcktbasic.ufo\/glyphs\/otilde.glif":"\/opsmarcktbasic.ufo\/glyphs\/otilde.glif","\/opsmarcktbasic.ufo\/glyphs\/p.glif":"\/opsmarcktbasic.ufo\/glyphs\/p.glif","\/opsmarcktbasic.ufo\/glyphs\/paragraph.glif":"\/opsmarcktbasic.ufo\/glyphs\/paragraph.glif","\/opsmarcktbasic.ufo\/glyphs\/parenleft.glif":"\/opsmarcktbasic.ufo\/glyphs\/parenleft.glif","\/opsmarcktbasic.ufo\/glyphs\/parenright.glif":"\/opsmarcktbasic.ufo\/glyphs\/parenright.glif","\/opsmarcktbasic.ufo\/glyphs\/partialdiff.glif":"\/opsmarcktbasic.ufo\/glyphs\/partialdiff.glif","\/opsmarcktbasic.ufo\/glyphs\/percent.glif":"\/opsmarcktbasic.ufo\/glyphs\/percent.glif","\/opsmarcktbasic.ufo\/glyphs\/period.glif":"\/opsmarcktbasic.ufo\/glyphs\/period.glif","\/opsmarcktbasic.ufo\/glyphs\/periodcentered.glif":"\/opsmarcktbasic.ufo\/glyphs\/periodcentered.glif","\/opsmarcktbasic.ufo\/glyphs\/perthousand.glif":"\/opsmarcktbasic.ufo\/glyphs\/perthousand.glif","\/opsmarcktbasic.ufo\/glyphs\/pi.glif":"\/opsmarcktbasic.ufo\/glyphs\/pi.glif","\/opsmarcktbasic.ufo\/glyphs\/plus.glif":"\/opsmarcktbasic.ufo\/glyphs\/plus.glif","\/opsmarcktbasic.ufo\/glyphs\/plusminus.glif":"\/opsmarcktbasic.ufo\/glyphs\/plusminus.glif","\/opsmarcktbasic.ufo\/glyphs\/product.glif":"\/opsmarcktbasic.ufo\/glyphs\/product.glif","\/opsmarcktbasic.ufo\/glyphs\/q.glif":"\/opsmarcktbasic.ufo\/glyphs\/q.glif","\/opsmarcktbasic.ufo\/glyphs\/question.glif":"\/opsmarcktbasic.ufo\/glyphs\/question.glif","\/opsmarcktbasic.ufo\/glyphs\/questiondown.glif":"\/opsmarcktbasic.ufo\/glyphs\/questiondown.glif","\/opsmarcktbasic.ufo\/glyphs\/quotedbl.glif":"\/opsmarcktbasic.ufo\/glyphs\/quotedbl.glif","\/opsmarcktbasic.ufo\/glyphs\/quotedblbase.glif":"\/opsmarcktbasic.ufo\/glyphs\/quotedblbase.glif","\/opsmarcktbasic.ufo\/glyphs\/quotedblleft.glif":"\/opsmarcktbasic.ufo\/glyphs\/quotedblleft.glif","\/opsmarcktbasic.ufo\/glyphs\/quotedblright.glif":"\/opsmarcktbasic.ufo\/glyphs\/quotedblright.glif","\/opsmarcktbasic.ufo\/glyphs\/quoteleft.glif":"\/opsmarcktbasic.ufo\/glyphs\/quoteleft.glif","\/opsmarcktbasic.ufo\/glyphs\/quoteright.glif":"\/opsmarcktbasic.ufo\/glyphs\/quoteright.glif","\/opsmarcktbasic.ufo\/glyphs\/quotesinglbase.glif":"\/opsmarcktbasic.ufo\/glyphs\/quotesinglbase.glif","\/opsmarcktbasic.ufo\/glyphs\/quotesingle.glif":"\/opsmarcktbasic.ufo\/glyphs\/quotesingle.glif","\/opsmarcktbasic.ufo\/glyphs\/r.glif":"\/opsmarcktbasic.ufo\/glyphs\/r.glif","\/opsmarcktbasic.ufo\/glyphs\/radical.glif":"\/opsmarcktbasic.ufo\/glyphs\/radical.glif","\/opsmarcktbasic.ufo\/glyphs\/registered.glif":"\/opsmarcktbasic.ufo\/glyphs\/registered.glif","\/opsmarcktbasic.ufo\/glyphs\/ring.glif":"\/opsmarcktbasic.ufo\/glyphs\/ring.glif","\/opsmarcktbasic.ufo\/glyphs\/s.glif":"\/opsmarcktbasic.ufo\/glyphs\/s.glif","\/opsmarcktbasic.ufo\/glyphs\/scaron.glif":"\/opsmarcktbasic.ufo\/glyphs\/scaron.glif","\/opsmarcktbasic.ufo\/glyphs\/section.glif":"\/opsmarcktbasic.ufo\/glyphs\/section.glif","\/opsmarcktbasic.ufo\/glyphs\/semicolon.glif":"\/opsmarcktbasic.ufo\/glyphs\/semicolon.glif","\/opsmarcktbasic.ufo\/glyphs\/seven.glif":"\/opsmarcktbasic.ufo\/glyphs\/seven.glif","\/opsmarcktbasic.ufo\/glyphs\/six.glif":"\/opsmarcktbasic.ufo\/glyphs\/six.glif","\/opsmarcktbasic.ufo\/glyphs\/slash.glif":"\/opsmarcktbasic.ufo\/glyphs\/slash.glif","\/opsmarcktbasic.ufo\/glyphs\/space.glif":"\/opsmarcktbasic.ufo\/glyphs\/space.glif","\/opsmarcktbasic.ufo\/glyphs\/sterling.glif":"\/opsmarcktbasic.ufo\/glyphs\/sterling.glif","\/opsmarcktbasic.ufo\/glyphs\/summation.glif":"\/opsmarcktbasic.ufo\/glyphs\/summation.glif","\/opsmarcktbasic.ufo\/glyphs\/t.glif":"\/opsmarcktbasic.ufo\/glyphs\/t.glif","\/opsmarcktbasic.ufo\/glyphs\/thorn.glif":"\/opsmarcktbasic.ufo\/glyphs\/thorn.glif","\/opsmarcktbasic.ufo\/glyphs\/three.glif":"\/opsmarcktbasic.ufo\/glyphs\/three.glif","\/opsmarcktbasic.ufo\/glyphs\/threequarters.glif":"\/opsmarcktbasic.ufo\/glyphs\/threequarters.glif","\/opsmarcktbasic.ufo\/glyphs\/threesuperior.glif":"\/opsmarcktbasic.ufo\/glyphs\/threesuperior.glif","\/opsmarcktbasic.ufo\/glyphs\/tilde.glif":"\/opsmarcktbasic.ufo\/glyphs\/tilde.glif","\/opsmarcktbasic.ufo\/glyphs\/trademark.glif":"\/opsmarcktbasic.ufo\/glyphs\/trademark.glif","\/opsmarcktbasic.ufo\/glyphs\/two.glif":"\/opsmarcktbasic.ufo\/glyphs\/two.glif","\/opsmarcktbasic.ufo\/glyphs\/twosuperior.glif":"\/opsmarcktbasic.ufo\/glyphs\/twosuperior.glif","\/opsmarcktbasic.ufo\/glyphs\/u.glif":"\/opsmarcktbasic.ufo\/glyphs\/u.glif","\/opsmarcktbasic.ufo\/glyphs\/uacute.glif":"\/opsmarcktbasic.ufo\/glyphs\/uacute.glif","\/opsmarcktbasic.ufo\/glyphs\/ucircumflex.glif":"\/opsmarcktbasic.ufo\/glyphs\/ucircumflex.glif","\/opsmarcktbasic.ufo\/glyphs\/udieresis.glif":"\/opsmarcktbasic.ufo\/glyphs\/udieresis.glif","\/opsmarcktbasic.ufo\/glyphs\/ugrave.glif":"\/opsmarcktbasic.ufo\/glyphs\/ugrave.glif","\/opsmarcktbasic.ufo\/glyphs\/underscore.glif":"\/opsmarcktbasic.ufo\/glyphs\/underscore.glif","\/opsmarcktbasic.ufo\/glyphs\/v.glif":"\/opsmarcktbasic.ufo\/glyphs\/v.glif","\/opsmarcktbasic.ufo\/glyphs\/w.glif":"\/opsmarcktbasic.ufo\/glyphs\/w.glif","\/opsmarcktbasic.ufo\/glyphs\/x.glif":"\/opsmarcktbasic.ufo\/glyphs\/x.glif","\/opsmarcktbasic.ufo\/glyphs\/y.glif":"\/opsmarcktbasic.ufo\/glyphs\/y.glif","\/opsmarcktbasic.ufo\/glyphs\/yacute.glif":"\/opsmarcktbasic.ufo\/glyphs\/yacute.glif","\/opsmarcktbasic.ufo\/glyphs\/ydieresis.glif":"\/opsmarcktbasic.ufo\/glyphs\/ydieresis.glif","\/opsmarcktbasic.ufo\/glyphs\/yen.glif":"\/opsmarcktbasic.ufo\/glyphs\/yen.glif","\/opsmarcktbasic.ufo\/glyphs\/z.glif":"\/opsmarcktbasic.ufo\/glyphs\/z.glif","\/opsmarcktbasic.ufo\/glyphs\/zcaron.glif":"\/opsmarcktbasic.ufo\/glyphs\/zcaron.glif","\/opsmarcktbasic.ufo\/glyphs\/zero.glif":"\/opsmarcktbasic.ufo\/glyphs\/zero.glif"},"Font":{"uploaded":1471022486.1044,"licence":"gpl3","company":"Chronolabs Cooperative","title":"Opsmarckt Basic","version":3.002,"date":"Fri Aug 12 10:02:54 2016","creator":"root","type":"1","matrix":"0.001 0 0 0.001 0 0","named":"OpsmarcktBasic","painttype":"0","info":"10 dict dup","name":"OpsmarcktBasic","family":"Opsmarckt","weight":"Medium","fstype":"0","italicangle":"0","underlineposition":"","underlinethickness":""},"Licences":{"":false},"Table":{"FFTM":{"entryLength":16,"tag":"FFTM","checksum":1944367596,"offset":54008,"length":28},"GDEF":{"entryLength":16,"tag":"GDEF","checksum":19922950,"offset":53976,"length":32},"OS\/2":{"entryLength":16,"tag":"OS\/2","checksum":2014525771,"offset":344,"length":86},"cmap":{"entryLength":16,"tag":"cmap","checksum":4064790932,"offset":1468,"length":914},"gasp":{"entryLength":16,"tag":"gasp","checksum":4294901763,"offset":53968,"length":8},"glyf":{"entryLength":16,"tag":"glyf","checksum":380729026,"offset":2904,"length":49788},"head":{"entryLength":16,"tag":"head","checksum":166568591,"offset":220,"length":54},"hhea":{"entryLength":16,"tag":"hhea","checksum":96337929,"offset":276,"length":36},"hmtx":{"entryLength":16,"tag":"hmtx","checksum":226879153,"offset":432,"length":1036},"loca":{"entryLength":16,"tag":"loca","checksum":2897010106,"offset":2384,"length":520},"maxp":{"entryLength":16,"tag":"maxp","checksum":21627064,"offset":312,"length":32},"name":{"entryLength":16,"tag":"name","checksum":3941909375,"offset":52692,"length":672},"post":{"entryLength":16,"tag":"post","checksum":3004496546,"offset":53364,"length":603}},"UnicodeCharMap":{"32":3,"33":4,"34":5,"35":6,"36":7,"37":8,"38":9,"39":10,"40":11,"41":12,"42":13,"43":14,"44":15,"45":16,"46":17,"47":18,"48":19,"49":20,"50":21,"51":22,"52":23,"53":24,"54":25,"55":26,"56":27,"57":28,"58":29,"59":30,"60":31,"61":32,"62":33,"63":34,"64":35,"65":36,"66":37,"67":38,"68":39,"69":40,"70":41,"71":42,"72":43,"73":44,"74":45,"75":46,"76":47,"77":48,"78":49,"79":50,"80":51,"81":52,"82":53,"83":54,"84":55,"85":56,"86":57,"87":58,"88":59,"89":60,"90":61,"91":62,"92":63,"93":64,"94":65,"95":66,"96":67,"97":68,"98":69,"99":70,"100":71,"101":72,"102":73,"103":74,"104":75,"105":76,"106":77,"107":78,"108":79,"109":80,"110":81,"111":82,"112":83,"113":84,"114":85,"115":86,"116":87,"117":88,"118":89,"119":90,"120":91,"121":92,"122":93,"123":94,"124":95,"125":96,"126":97,"160":98,"161":99,"162":100,"163":101,"164":102,"165":103,"166":104,"167":105,"168":106,"169":107,"170":108,"171":109,"172":110,"174":111,"175":112,"176":113,"177":114,"178":115,"179":116,"180":117,"182":119,"183":120,"184":121,"185":122,"186":123,"187":124,"188":125,"189":126,"190":127,"191":128,"192":129,"193":130,"194":131,"195":132,"196":133,"197":134,"198":135,"199":136,"200":137,"201":138,"202":139,"203":140,"204":141,"205":142,"206":143,"207":144,"208":145,"209":146,"210":147,"211":148,"212":149,"213":150,"214":151,"215":152,"216":153,"217":154,"218":155,"219":156,"220":157,"221":158,"222":159,"223":160,"224":161,"225":162,"226":163,"227":164,"228":165,"229":166,"230":167,"231":168,"232":169,"233":170,"234":171,"235":172,"236":173,"237":174,"238":175,"239":176,"240":177,"241":178,"242":179,"243":180,"244":181,"245":182,"246":183,"247":184,"248":185,"249":186,"250":187,"251":188,"252":189,"253":190,"254":191,"255":192,"305":222,"321":220,"322":223,"338":221,"339":224,"352":226,"353":227,"376":257,"381":231,"382":232,"402":196,"710":211,"711":218,"728":213,"729":214,"730":215,"731":217,"732":212,"733":216,"916":255,"937":252,"956":118,"960":250,"8211":202,"8212":219,"8216":194,"8217":193,"8218":206,"8220":197,"8221":208,"8222":207,"8224":203,"8225":204,"8226":205,"8230":209,"8240":210,"8249":198,"8250":199,"8260":195,"8482":242,"8706":247,"8719":249,"8721":248,"8722":238,"8730":253,"8734":244,"8747":251,"8776":254,"8800":243,"8804":245,"8805":246,"9674":256,"64257":200,"64258":201},"Reserves":{"fontname":"Opsmarckt Basic"},"Names":{"Opsmarckt Basic":{"name":"Opsmarckt Basic","longitude":"0.00000001","latitude":"0.00000001","country":"","region":"","city":""}},"Nodes":{"op":{"type":"typal","node":"op","usage":1,"weight":1},"kt":{"type":"typal","node":"kt","usage":1,"weight":1},"ba":{"type":"typal","node":"ba","usage":1,"weight":1},"ic":{"type":"typal","node":"ic","usage":1,"weight":1},"ops":{"type":"typal","node":"ops","usage":1,"weight":1},"ckt":{"type":"typal","node":"ckt","usage":1,"weight":1},"bas":{"type":"typal","node":"bas","usage":1,"weight":1},"sic":{"type":"typal","node":"sic","usage":1,"weight":1},"opsm":{"type":"keys","node":"opsm","usage":1,"weight":1},"rckt":{"type":"keys","node":"rckt","usage":1,"weight":1},"basi":{"type":"keys","node":"basi","usage":1,"weight":1},"asic":{"type":"keys","node":"asic","usage":1,"weight":1},"opsma":{"type":"keys","node":"opsma","usage":1,"weight":1},"arckt":{"type":"keys","node":"arckt","usage":1,"weight":1},"opsmarckt":{"type":"fixes","node":"opsmarckt","usage":1,"weight":1},"basic":{"type":"fixes","node":"basic","usage":1,"weight":1}},"Contributors":[],"FontIdentity":"wagovau:142dd386fbf6c02579cb3836","Bytes":null,"Networking":[],"barcode":"12oao3kows6gkq","referee":"CAumOWK"}