{"CSS":{"Hurontario":"unews9:294ae24792d6248e62575d23b.css"},"FontType":"TrueType","FontCopyright":"(C) 1999 Ray Larabie - rlarabie@hotmail.com","FontName":"Hurontario","FontSubfamily":"Book","FontSubfamilyID":"FontForge 2.0 : Hurontario : 29-8-2016","FontFullName":"Hurontario","FontVersion":"Version 1.00 ","FontWeight":null,"FontPostscriptName":"Hurontario","Files":{"\/Hurontario.css":"\/Hurontario.css","\/font-resource.json":"\/font-resource.json","\/hurontario.afm":"\/hurontario.afm","\/hurontario.cef":"\/hurontario.cef","\/hurontario.cff":"\/hurontario.cff","\/hurontario.eot":"\/hurontario.eot","\/hurontario.gai":"\/hurontario.gai","\/hurontario.gsf":"\/hurontario.gsf","\/hurontario.otf":"\/hurontario.otf","\/hurontario.pf3":"\/hurontario.pf3","\/hurontario.pfa":"\/hurontario.pfa","\/hurontario.pfb":"\/hurontario.pfb","\/hurontario.php":"\/hurontario.php","\/hurontario.pt3":"\/hurontario.pt3","\/hurontario.sfd":"\/hurontario.sfd","\/hurontario.svg":"\/hurontario.svg","\/hurontario.t42":"\/hurontario.t42","\/hurontario.ttd":"\/hurontario.ttd","\/hurontario.ttf":"\/hurontario.ttf","\/hurontario.ttg":"\/hurontario.ttg","\/hurontario.ufm":"\/hurontario.ufm","\/hurontario.woff":"\/hurontario.woff","\/hurontario.z":"\/hurontario.z","\/hurontario.ufo\/feature.fea":"\/hurontario.ufo\/feature.fea","\/hurontario.ufo\/fontinfo.plist":"\/hurontario.ufo\/fontinfo.plist","\/hurontario.ufo\/groups.plist":"\/hurontario.ufo\/groups.plist","\/hurontario.ufo\/kerning.plist":"\/hurontario.ufo\/kerning.plist","\/hurontario.ufo\/metainfo.plist":"\/hurontario.ufo\/metainfo.plist","\/hurontario.ufo\/glyphs\/A_.glif":"\/hurontario.ufo\/glyphs\/A_.glif","\/hurontario.ufo\/glyphs\/B_.glif":"\/hurontario.ufo\/glyphs\/B_.glif","\/hurontario.ufo\/glyphs\/C_.glif":"\/hurontario.ufo\/glyphs\/C_.glif","\/hurontario.ufo\/glyphs\/D_.glif":"\/hurontario.ufo\/glyphs\/D_.glif","\/hurontario.ufo\/glyphs\/E_.glif":"\/hurontario.ufo\/glyphs\/E_.glif","\/hurontario.ufo\/glyphs\/F_.glif":"\/hurontario.ufo\/glyphs\/F_.glif","\/hurontario.ufo\/glyphs\/G_.glif":"\/hurontario.ufo\/glyphs\/G_.glif","\/hurontario.ufo\/glyphs\/H_.glif":"\/hurontario.ufo\/glyphs\/H_.glif","\/hurontario.ufo\/glyphs\/I_.glif":"\/hurontario.ufo\/glyphs\/I_.glif","\/hurontario.ufo\/glyphs\/J_.glif":"\/hurontario.ufo\/glyphs\/J_.glif","\/hurontario.ufo\/glyphs\/K_.glif":"\/hurontario.ufo\/glyphs\/K_.glif","\/hurontario.ufo\/glyphs\/L_.glif":"\/hurontario.ufo\/glyphs\/L_.glif","\/hurontario.ufo\/glyphs\/M_.glif":"\/hurontario.ufo\/glyphs\/M_.glif","\/hurontario.ufo\/glyphs\/N_.glif":"\/hurontario.ufo\/glyphs\/N_.glif","\/hurontario.ufo\/glyphs\/O_.glif":"\/hurontario.ufo\/glyphs\/O_.glif","\/hurontario.ufo\/glyphs\/P_.glif":"\/hurontario.ufo\/glyphs\/P_.glif","\/hurontario.ufo\/glyphs\/Q_.glif":"\/hurontario.ufo\/glyphs\/Q_.glif","\/hurontario.ufo\/glyphs\/R_.glif":"\/hurontario.ufo\/glyphs\/R_.glif","\/hurontario.ufo\/glyphs\/S_.glif":"\/hurontario.ufo\/glyphs\/S_.glif","\/hurontario.ufo\/glyphs\/T_.glif":"\/hurontario.ufo\/glyphs\/T_.glif","\/hurontario.ufo\/glyphs\/U_.glif":"\/hurontario.ufo\/glyphs\/U_.glif","\/hurontario.ufo\/glyphs\/V_.glif":"\/hurontario.ufo\/glyphs\/V_.glif","\/hurontario.ufo\/glyphs\/W_.glif":"\/hurontario.ufo\/glyphs\/W_.glif","\/hurontario.ufo\/glyphs\/X_.glif":"\/hurontario.ufo\/glyphs\/X_.glif","\/hurontario.ufo\/glyphs\/Y_.glif":"\/hurontario.ufo\/glyphs\/Y_.glif","\/hurontario.ufo\/glyphs\/Z_.glif":"\/hurontario.ufo\/glyphs\/Z_.glif","\/hurontario.ufo\/glyphs\/_notdef.glif":"\/hurontario.ufo\/glyphs\/_notdef.glif","\/hurontario.ufo\/glyphs\/_null.glif":"\/hurontario.ufo\/glyphs\/_null.glif","\/hurontario.ufo\/glyphs\/a.glif":"\/hurontario.ufo\/glyphs\/a.glif","\/hurontario.ufo\/glyphs\/ampersand.glif":"\/hurontario.ufo\/glyphs\/ampersand.glif","\/hurontario.ufo\/glyphs\/asciicircum.glif":"\/hurontario.ufo\/glyphs\/asciicircum.glif","\/hurontario.ufo\/glyphs\/asciitilde.glif":"\/hurontario.ufo\/glyphs\/asciitilde.glif","\/hurontario.ufo\/glyphs\/asterisk.glif":"\/hurontario.ufo\/glyphs\/asterisk.glif","\/hurontario.ufo\/glyphs\/at.glif":"\/hurontario.ufo\/glyphs\/at.glif","\/hurontario.ufo\/glyphs\/b.glif":"\/hurontario.ufo\/glyphs\/b.glif","\/hurontario.ufo\/glyphs\/backslash.glif":"\/hurontario.ufo\/glyphs\/backslash.glif","\/hurontario.ufo\/glyphs\/bar.glif":"\/hurontario.ufo\/glyphs\/bar.glif","\/hurontario.ufo\/glyphs\/braceleft.glif":"\/hurontario.ufo\/glyphs\/braceleft.glif","\/hurontario.ufo\/glyphs\/braceright.glif":"\/hurontario.ufo\/glyphs\/braceright.glif","\/hurontario.ufo\/glyphs\/bracketleft.glif":"\/hurontario.ufo\/glyphs\/bracketleft.glif","\/hurontario.ufo\/glyphs\/bracketright.glif":"\/hurontario.ufo\/glyphs\/bracketright.glif","\/hurontario.ufo\/glyphs\/c.glif":"\/hurontario.ufo\/glyphs\/c.glif","\/hurontario.ufo\/glyphs\/colon.glif":"\/hurontario.ufo\/glyphs\/colon.glif","\/hurontario.ufo\/glyphs\/comma.glif":"\/hurontario.ufo\/glyphs\/comma.glif","\/hurontario.ufo\/glyphs\/contents.plist":"\/hurontario.ufo\/glyphs\/contents.plist","\/hurontario.ufo\/glyphs\/d.glif":"\/hurontario.ufo\/glyphs\/d.glif","\/hurontario.ufo\/glyphs\/dollar.glif":"\/hurontario.ufo\/glyphs\/dollar.glif","\/hurontario.ufo\/glyphs\/e.glif":"\/hurontario.ufo\/glyphs\/e.glif","\/hurontario.ufo\/glyphs\/eight.glif":"\/hurontario.ufo\/glyphs\/eight.glif","\/hurontario.ufo\/glyphs\/equal.glif":"\/hurontario.ufo\/glyphs\/equal.glif","\/hurontario.ufo\/glyphs\/exclam.glif":"\/hurontario.ufo\/glyphs\/exclam.glif","\/hurontario.ufo\/glyphs\/f.glif":"\/hurontario.ufo\/glyphs\/f.glif","\/hurontario.ufo\/glyphs\/five.glif":"\/hurontario.ufo\/glyphs\/five.glif","\/hurontario.ufo\/glyphs\/four.glif":"\/hurontario.ufo\/glyphs\/four.glif","\/hurontario.ufo\/glyphs\/g.glif":"\/hurontario.ufo\/glyphs\/g.glif","\/hurontario.ufo\/glyphs\/glyph100.glif":"\/hurontario.ufo\/glyphs\/glyph100.glif","\/hurontario.ufo\/glyphs\/glyph101.glif":"\/hurontario.ufo\/glyphs\/glyph101.glif","\/hurontario.ufo\/glyphs\/glyph102.glif":"\/hurontario.ufo\/glyphs\/glyph102.glif","\/hurontario.ufo\/glyphs\/glyph103.glif":"\/hurontario.ufo\/glyphs\/glyph103.glif","\/hurontario.ufo\/glyphs\/glyph104.glif":"\/hurontario.ufo\/glyphs\/glyph104.glif","\/hurontario.ufo\/glyphs\/glyph105.glif":"\/hurontario.ufo\/glyphs\/glyph105.glif","\/hurontario.ufo\/glyphs\/glyph106.glif":"\/hurontario.ufo\/glyphs\/glyph106.glif","\/hurontario.ufo\/glyphs\/glyph107.glif":"\/hurontario.ufo\/glyphs\/glyph107.glif","\/hurontario.ufo\/glyphs\/glyph108.glif":"\/hurontario.ufo\/glyphs\/glyph108.glif","\/hurontario.ufo\/glyphs\/glyph98.glif":"\/hurontario.ufo\/glyphs\/glyph98.glif","\/hurontario.ufo\/glyphs\/glyph99.glif":"\/hurontario.ufo\/glyphs\/glyph99.glif","\/hurontario.ufo\/glyphs\/grave.glif":"\/hurontario.ufo\/glyphs\/grave.glif","\/hurontario.ufo\/glyphs\/greater.glif":"\/hurontario.ufo\/glyphs\/greater.glif","\/hurontario.ufo\/glyphs\/h.glif":"\/hurontario.ufo\/glyphs\/h.glif","\/hurontario.ufo\/glyphs\/hyphen.glif":"\/hurontario.ufo\/glyphs\/hyphen.glif","\/hurontario.ufo\/glyphs\/i.glif":"\/hurontario.ufo\/glyphs\/i.glif","\/hurontario.ufo\/glyphs\/j.glif":"\/hurontario.ufo\/glyphs\/j.glif","\/hurontario.ufo\/glyphs\/k.glif":"\/hurontario.ufo\/glyphs\/k.glif","\/hurontario.ufo\/glyphs\/l.glif":"\/hurontario.ufo\/glyphs\/l.glif","\/hurontario.ufo\/glyphs\/less.glif":"\/hurontario.ufo\/glyphs\/less.glif","\/hurontario.ufo\/glyphs\/m.glif":"\/hurontario.ufo\/glyphs\/m.glif","\/hurontario.ufo\/glyphs\/n.glif":"\/hurontario.ufo\/glyphs\/n.glif","\/hurontario.ufo\/glyphs\/nine.glif":"\/hurontario.ufo\/glyphs\/nine.glif","\/hurontario.ufo\/glyphs\/nonmarkingreturn.glif":"\/hurontario.ufo\/glyphs\/nonmarkingreturn.glif","\/hurontario.ufo\/glyphs\/numbersign.glif":"\/hurontario.ufo\/glyphs\/numbersign.glif","\/hurontario.ufo\/glyphs\/o.glif":"\/hurontario.ufo\/glyphs\/o.glif","\/hurontario.ufo\/glyphs\/one.glif":"\/hurontario.ufo\/glyphs\/one.glif","\/hurontario.ufo\/glyphs\/p.glif":"\/hurontario.ufo\/glyphs\/p.glif","\/hurontario.ufo\/glyphs\/parenleft.glif":"\/hurontario.ufo\/glyphs\/parenleft.glif","\/hurontario.ufo\/glyphs\/parenright.glif":"\/hurontario.ufo\/glyphs\/parenright.glif","\/hurontario.ufo\/glyphs\/percent.glif":"\/hurontario.ufo\/glyphs\/percent.glif","\/hurontario.ufo\/glyphs\/period.glif":"\/hurontario.ufo\/glyphs\/period.glif","\/hurontario.ufo\/glyphs\/plus.glif":"\/hurontario.ufo\/glyphs\/plus.glif","\/hurontario.ufo\/glyphs\/q.glif":"\/hurontario.ufo\/glyphs\/q.glif","\/hurontario.ufo\/glyphs\/question.glif":"\/hurontario.ufo\/glyphs\/question.glif","\/hurontario.ufo\/glyphs\/quotedbl.glif":"\/hurontario.ufo\/glyphs\/quotedbl.glif","\/hurontario.ufo\/glyphs\/quotesingle.glif":"\/hurontario.ufo\/glyphs\/quotesingle.glif","\/hurontario.ufo\/glyphs\/r.glif":"\/hurontario.ufo\/glyphs\/r.glif","\/hurontario.ufo\/glyphs\/s.glif":"\/hurontario.ufo\/glyphs\/s.glif","\/hurontario.ufo\/glyphs\/semicolon.glif":"\/hurontario.ufo\/glyphs\/semicolon.glif","\/hurontario.ufo\/glyphs\/seven.glif":"\/hurontario.ufo\/glyphs\/seven.glif","\/hurontario.ufo\/glyphs\/six.glif":"\/hurontario.ufo\/glyphs\/six.glif","\/hurontario.ufo\/glyphs\/slash.glif":"\/hurontario.ufo\/glyphs\/slash.glif","\/hurontario.ufo\/glyphs\/space.glif":"\/hurontario.ufo\/glyphs\/space.glif","\/hurontario.ufo\/glyphs\/t.glif":"\/hurontario.ufo\/glyphs\/t.glif","\/hurontario.ufo\/glyphs\/three.glif":"\/hurontario.ufo\/glyphs\/three.glif","\/hurontario.ufo\/glyphs\/two.glif":"\/hurontario.ufo\/glyphs\/two.glif","\/hurontario.ufo\/glyphs\/u.glif":"\/hurontario.ufo\/glyphs\/u.glif","\/hurontario.ufo\/glyphs\/underscore.glif":"\/hurontario.ufo\/glyphs\/underscore.glif","\/hurontario.ufo\/glyphs\/v.glif":"\/hurontario.ufo\/glyphs\/v.glif","\/hurontario.ufo\/glyphs\/w.glif":"\/hurontario.ufo\/glyphs\/w.glif","\/hurontario.ufo\/glyphs\/x.glif":"\/hurontario.ufo\/glyphs\/x.glif","\/hurontario.ufo\/glyphs\/y.glif":"\/hurontario.ufo\/glyphs\/y.glif","\/hurontario.ufo\/glyphs\/z.glif":"\/hurontario.ufo\/glyphs\/z.glif","\/hurontario.ufo\/glyphs\/zero.glif":"\/hurontario.ufo\/glyphs\/zero.glif"},"Font":{"uploaded":1473218149.959,"licence":"gpl3","company":"Chronolabs Cooperative","title":"Hurontario","version":3.002,"date":"Sun Aug 28 07:59:07 2016","creator":"root","type":"1","matrix":"0.001 0 0 0.001 0 0","named":"Hurontario","painttype":"0","info":"10 dict dup","name":"Hurontario","family":"Hurontario","weight":"Book","fstype":"0","italicangle":"0","underlineposition":"","underlinethickness":""},"Licences":{"":false},"Table":{"FFTM":{"entryLength":16,"tag":"FFTM","checksum":1947016742,"offset":14668,"length":28},"GDEF":{"entryLength":16,"tag":"GDEF","checksum":10092548,"offset":14636,"length":32},"OS\/2":{"entryLength":16,"tag":"OS\/2","checksum":1454333579,"offset":344,"length":86},"cmap":{"entryLength":16,"tag":"cmap","checksum":3433341184,"offset":848,"length":338},"gasp":{"entryLength":16,"tag":"gasp","checksum":4294901763,"offset":14628,"length":8},"glyf":{"entryLength":16,"tag":"glyf","checksum":2987298245,"offset":1408,"length":12288},"head":{"entryLength":16,"tag":"head","checksum":143694024,"offset":220,"length":54},"hhea":{"entryLength":16,"tag":"hhea","checksum":85786560,"offset":276,"length":36},"hmtx":{"entryLength":16,"tag":"hmtx","checksum":1157300929,"offset":432,"length":416},"loca":{"entryLength":16,"tag":"loca","checksum":2830808220,"offset":1188,"length":220},"maxp":{"entryLength":16,"tag":"maxp","checksum":11927661,"offset":312,"length":32},"name":{"entryLength":16,"tag":"name","checksum":54953996,"offset":13696,"length":579},"post":{"entryLength":16,"tag":"post","checksum":845316094,"offset":14276,"length":349}},"UnicodeCharMap":{"0":1,"13":2,"32":3,"33":4,"34":5,"35":6,"36":7,"37":8,"38":9,"39":10,"40":11,"41":12,"42":13,"43":14,"44":15,"45":16,"46":17,"47":18,"48":19,"49":20,"50":21,"51":22,"52":23,"53":24,"54":25,"55":26,"56":27,"57":28,"58":29,"59":30,"60":31,"61":32,"62":33,"63":34,"64":35,"65":36,"66":37,"67":38,"68":39,"69":40,"70":41,"71":42,"72":43,"73":44,"74":45,"75":46,"76":47,"77":48,"78":49,"79":50,"80":51,"81":52,"82":53,"83":54,"84":55,"85":56,"86":57,"87":58,"88":59,"89":60,"90":61,"91":62,"92":63,"93":64,"94":65,"95":66,"96":67,"97":68,"98":69,"99":70,"100":71,"101":72,"102":73,"103":74,"104":75,"105":76,"106":77,"107":78,"108":79,"109":80,"110":81,"111":82,"112":83,"113":84,"114":85,"115":86,"116":87,"117":88,"118":89,"119":90,"120":91,"121":92,"122":93,"123":94,"124":95,"125":96,"126":97},"Reserves":{"fontname":"Hurontario"},"Names":{"Hurontario":{"name":"Hurontario","longitude":"0.00000001","latitude":"0.00000001","country":"","region":"","city":""}},"Nodes":{"hu":{"type":"typal","node":"hu","usage":1,"weight":1},"io":{"type":"typal","node":"io","usage":1,"weight":1},"hur":{"type":"typal","node":"hur","usage":1,"weight":1},"rio":{"type":"typal","node":"rio","usage":1,"weight":1},"huro":{"type":"keys","node":"huro","usage":1,"weight":1},"ario":{"type":"keys","node":"ario","usage":1,"weight":1},"huron":{"type":"keys","node":"huron","usage":1,"weight":1},"tario":{"type":"keys","node":"tario","usage":1,"weight":1},"hurontario":{"type":"fixes","node":"hurontario","usage":1,"weight":1}},"Contributors":[],"FontIdentity":"unews9:294ae24792d6248e62575d23b","Bytes":null,"Networking":[],"barcode":"KAAGiKKyOGGya","referee":"coesi"}