{"CSS":{"WhirligigBigOne":"WhirligigBigOne.css"},"FontType":"TrueType","FontCopyright":"Copyright (C) 1994, Emigre Graphics, Designed by Zuzana Licko","FontName":"Whirligig","FontSubfamily":"BigOne","FontSubfamilyID":"FontForge 2.0 : WhirligigBigOne : 16-8-2016","FontFullName":"Whirligig Big One","FontVersion":"Version 001.000 ","FontWeight":null,"FontPostscriptName":"WhirligigBigOne","Files":{"whirligigbigone.afm":"whirligigbigone.afm","whirligigbigone.bin":"whirligigbigone.bin","whirligigbigone.cef":"whirligigbigone.cef","whirligigbigone.cff":"whirligigbigone.cff","whirligigbigone.cid":"whirligigbigone.cid","whirligigbigone.dfont":"whirligigbigone.dfont","whirligigbigone.eot":"whirligigbigone.eot","whirligigbigone.fon":"whirligigbigone.fon","whirligigbigone.gai":"whirligigbigone.gai","whirligigbigone.gsf":"whirligigbigone.gsf","whirligigbigone.hqx":"whirligigbigone.hqx","whirligigbigone.ik":"whirligigbigone.ik","whirligigbigone.mf":"whirligigbigone.mf","whirligigbigone.otf":"whirligigbigone.otf","whirligigbigone.pcf":"whirligigbigone.pcf","whirligigbigone.pf3":"whirligigbigone.pf3","whirligigbigone.pfa":"whirligigbigone.pfa","whirligigbigone.pfb":"whirligigbigone.pfb","whirligigbigone.php":"whirligigbigone.php","whirligigbigone.pmf":"whirligigbigone.pmf","whirligigbigone.pt3":"whirligigbigone.pt3","whirligigbigone.sfd":"whirligigbigone.sfd","whirligigbigone.svg":"whirligigbigone.svg","whirligigbigone.t42":"whirligigbigone.t42","whirligigbigone.ttd":"whirligigbigone.ttd","whirligigbigone.ttf":"whirligigbigone.ttf","whirligigbigone.ttg":"whirligigbigone.ttg","whirligigbigone.ufm":"whirligigbigone.ufm","whirligigbigone.woff":"whirligigbigone.woff","whirligigbigone.z":"whirligigbigone.z","":{"whirligigbigone.afm":"whirligigbigone.afm","whirligigbigone.bin":"whirligigbigone.bin","whirligigbigone.cef":"whirligigbigone.cef","whirligigbigone.cff":"whirligigbigone.cff","whirligigbigone.cid":"whirligigbigone.cid","whirligigbigone.dfont":"whirligigbigone.dfont","whirligigbigone.eot":"whirligigbigone.eot","whirligigbigone.fon":"whirligigbigone.fon","whirligigbigone.gai":"whirligigbigone.gai","whirligigbigone.gsf":"whirligigbigone.gsf","whirligigbigone.hqx":"whirligigbigone.hqx","whirligigbigone.ik":"whirligigbigone.ik","whirligigbigone.mf":"whirligigbigone.mf","whirligigbigone.otf":"whirligigbigone.otf","whirligigbigone.pcf":"whirligigbigone.pcf","whirligigbigone.pf3":"whirligigbigone.pf3","whirligigbigone.pfa":"whirligigbigone.pfa","whirligigbigone.pfb":"whirligigbigone.pfb","whirligigbigone.php":"whirligigbigone.php","whirligigbigone.pmf":"whirligigbigone.pmf","whirligigbigone.pt3":"whirligigbigone.pt3","whirligigbigone.sfd":"whirligigbigone.sfd","whirligigbigone.svg":"whirligigbigone.svg","whirligigbigone.t42":"whirligigbigone.t42","whirligigbigone.ttd":"whirligigbigone.ttd","whirligigbigone.ttf":"whirligigbigone.ttf","whirligigbigone.ttg":"whirligigbigone.ttg","whirligigbigone.ufm":"whirligigbigone.ufm","whirligigbigone.woff":"whirligigbigone.woff","whirligigbigone.z":"whirligigbigone.z"},"\/whirligigbigone.ufo":{"feature.fea":"feature.fea","fontinfo.plist":"fontinfo.plist","groups.plist":"groups.plist","kerning.plist":"kerning.plist","metainfo.plist":"metainfo.plist"},"\/whirligigbigone.ufo\/glyphs":{"A_.glif":"A_.glif","B_.glif":"B_.glif","C_.glif":"C_.glif","D_.glif":"D_.glif","E_.glif":"E_.glif","F_.glif":"F_.glif","G_.glif":"G_.glif","H_.glif":"H_.glif","I_.glif":"I_.glif","J_.glif":"J_.glif","K_.glif":"K_.glif","L_.glif":"L_.glif","M_.glif":"M_.glif","N_.glif":"N_.glif","O_.glif":"O_.glif","P_.glif":"P_.glif","Q_.glif":"Q_.glif","R_.glif":"R_.glif","S_.glif":"S_.glif","T_.glif":"T_.glif","U_.glif":"U_.glif","V_.glif":"V_.glif","W_.glif":"W_.glif","X_.glif":"X_.glif","Y_.glif":"Y_.glif","Z_.glif":"Z_.glif","a.glif":"a.glif","b.glif":"b.glif","backslash.glif":"backslash.glif","bar.glif":"bar.glif","braceleft.glif":"braceleft.glif","braceright.glif":"braceright.glif","bracketleft.glif":"bracketleft.glif","bracketright.glif":"bracketright.glif","c.glif":"c.glif","comma.glif":"comma.glif","contents.plist":"contents.plist","d.glif":"d.glif","e.glif":"e.glif","eight.glif":"eight.glif","exclam.glif":"exclam.glif","f.glif":"f.glif","five.glif":"five.glif","four.glif":"four.glif","g.glif":"g.glif","greater.glif":"greater.glif","h.glif":"h.glif","hyphen.glif":"hyphen.glif","i.glif":"i.glif","j.glif":"j.glif","k.glif":"k.glif","l.glif":"l.glif","less.glif":"less.glif","m.glif":"m.glif","n.glif":"n.glif","nbspace.glif":"nbspace.glif","nine.glif":"nine.glif","o.glif":"o.glif","one.glif":"one.glif","p.glif":"p.glif","parenleft.glif":"parenleft.glif","parenright.glif":"parenright.glif","period.glif":"period.glif","q.glif":"q.glif","question.glif":"question.glif","r.glif":"r.glif","s.glif":"s.glif","seven.glif":"seven.glif","six.glif":"six.glif","space.glif":"space.glif","t.glif":"t.glif","three.glif":"three.glif","two.glif":"two.glif","u.glif":"u.glif","v.glif":"v.glif","w.glif":"w.glif","x.glif":"x.glif","y.glif":"y.glif","z.glif":"z.glif","zero.glif":"zero.glif"}},"Font":null,"Table":{"FFTM":{"entryLength":16,"tag":"FFTM","checksum":1944405532,"offset":55940,"length":28},"GDEF":{"entryLength":16,"tag":"GDEF","checksum":8323078,"offset":55908,"length":32},"OS\/2":{"entryLength":16,"tag":"OS\/2","checksum":1485333685,"offset":344,"length":86},"cmap":{"entryLength":16,"tag":"cmap","checksum":855976763,"offset":620,"length":828},"gasp":{"entryLength":16,"tag":"gasp","checksum":4294901763,"offset":55900,"length":8},"glyf":{"entryLength":16,"tag":"glyf","checksum":2815809406,"offset":1616,"length":53384},"head":{"entryLength":16,"tag":"head","checksum":179973805,"offset":220,"length":54},"hhea":{"entryLength":16,"tag":"hhea","checksum":155647849,"offset":276,"length":36},"hmtx":{"entryLength":16,"tag":"hmtx","checksum":125556959,"offset":432,"length":188},"loca":{"entryLength":16,"tag":"loca","checksum":3575620144,"offset":1448,"length":166},"maxp":{"entryLength":16,"tag":"maxp","checksum":12452478,"offset":312,"length":32},"name":{"entryLength":16,"tag":"name","checksum":2367131170,"offset":55000,"length":690},"post":{"entryLength":16,"tag":"post","checksum":3466166347,"offset":55692,"length":206}},"UnicodeCharMap":{"32":3,"33":4,"40":5,"41":6,"44":7,"45":8,"46":9,"48":10,"49":11,"50":12,"51":13,"52":14,"53":15,"54":16,"55":17,"56":18,"57":19,"60":20,"62":21,"63":22,"65":23,"66":24,"67":25,"68":26,"69":27,"70":28,"71":29,"72":30,"73":31,"74":32,"75":33,"76":34,"77":35,"78":36,"79":37,"80":38,"81":39,"82":40,"83":41,"84":42,"85":43,"86":44,"87":45,"88":46,"89":47,"90":48,"91":49,"92":50,"93":51,"97":52,"98":53,"99":54,"100":55,"101":56,"102":57,"103":58,"104":59,"105":60,"106":61,"107":62,"108":63,"109":64,"110":65,"111":66,"112":67,"113":68,"114":69,"115":70,"116":71,"117":72,"118":73,"119":74,"120":75,"121":76,"122":77,"123":78,"124":79,"125":80,"160":81},"Reserves":null,"Names":[],"Nodes":{"wh":{"type":"typal","node":"wh","usage":1,"weight":1},"ig":{"type":"typal","node":"ig","usage":1,"weight":1},"whi":{"type":"typal","node":"whi","usage":1,"weight":1},"gig":{"type":"typal","node":"gig","usage":1,"weight":1},"whir":{"type":"keys","node":"whir","usage":1,"weight":1},"igig":{"type":"keys","node":"igig","usage":1,"weight":1},"whirl":{"type":"keys","node":"whirl","usage":1,"weight":1},"ligig":{"type":"keys","node":"ligig","usage":1,"weight":1},"whirligig":{"type":"fixes","node":"whirligig","usage":1,"weight":1}},"Contributors":[],"FontIdentity":"392919c944716049489231cdcd15258f","Bytes":4562027,"Networking":[],"barcode":"ukask3mwkmua","referee":"Kyqmi1aS"}