{"CSS":{"WhirligigBigOne":"WhirligigBigOne.css"},"FontType":"TrueType","FontCopyright":"Copyright (C) 1994, Emigre Graphics, Designed by Zuzana Licko","FontName":"Whirligig","FontSubfamily":"BigOne","FontSubfamilyID":"FontForge 2.0 : WhirligigBigOne : 14-8-2016","FontFullName":"Whirligig Big One","FontVersion":"Version 001.000 ","FontWeight":null,"FontPostscriptName":"WhirligigBigOne","Files":{"\/fonts\/Unpacking\/45757e3d790fdb18c3c24fd6f4f36c6c3ad63655\/LICENCE":"\/fonts\/Unpacking\/45757e3d790fdb18c3c24fd6f4f36c6c3ad63655\/LICENCE","\/fonts\/Unpacking\/45757e3d790fdb18c3c24fd6f4f36c6c3ad63655\/whirligigbigone.afm":"\/fonts\/Unpacking\/45757e3d790fdb18c3c24fd6f4f36c6c3ad63655\/whirligigbigone.afm","\/fonts\/Unpacking\/45757e3d790fdb18c3c24fd6f4f36c6c3ad63655\/whirligigbigone.bin":"\/fonts\/Unpacking\/45757e3d790fdb18c3c24fd6f4f36c6c3ad63655\/whirligigbigone.bin","\/fonts\/Unpacking\/45757e3d790fdb18c3c24fd6f4f36c6c3ad63655\/whirligigbigone.cef":"\/fonts\/Unpacking\/45757e3d790fdb18c3c24fd6f4f36c6c3ad63655\/whirligigbigone.cef","\/fonts\/Unpacking\/45757e3d790fdb18c3c24fd6f4f36c6c3ad63655\/whirligigbigone.cff":"\/fonts\/Unpacking\/45757e3d790fdb18c3c24fd6f4f36c6c3ad63655\/whirligigbigone.cff","\/fonts\/Unpacking\/45757e3d790fdb18c3c24fd6f4f36c6c3ad63655\/whirligigbigone.cid":"\/fonts\/Unpacking\/45757e3d790fdb18c3c24fd6f4f36c6c3ad63655\/whirligigbigone.cid","\/fonts\/Unpacking\/45757e3d790fdb18c3c24fd6f4f36c6c3ad63655\/whirligigbigone.dfont":"\/fonts\/Unpacking\/45757e3d790fdb18c3c24fd6f4f36c6c3ad63655\/whirligigbigone.dfont","\/fonts\/Unpacking\/45757e3d790fdb18c3c24fd6f4f36c6c3ad63655\/whirligigbigone.eot":"\/fonts\/Unpacking\/45757e3d790fdb18c3c24fd6f4f36c6c3ad63655\/whirligigbigone.eot","\/fonts\/Unpacking\/45757e3d790fdb18c3c24fd6f4f36c6c3ad63655\/whirligigbigone.fon":"\/fonts\/Unpacking\/45757e3d790fdb18c3c24fd6f4f36c6c3ad63655\/whirligigbigone.fon","\/fonts\/Unpacking\/45757e3d790fdb18c3c24fd6f4f36c6c3ad63655\/whirligigbigone.gai":"\/fonts\/Unpacking\/45757e3d790fdb18c3c24fd6f4f36c6c3ad63655\/whirligigbigone.gai","\/fonts\/Unpacking\/45757e3d790fdb18c3c24fd6f4f36c6c3ad63655\/whirligigbigone.gsf":"\/fonts\/Unpacking\/45757e3d790fdb18c3c24fd6f4f36c6c3ad63655\/whirligigbigone.gsf","\/fonts\/Unpacking\/45757e3d790fdb18c3c24fd6f4f36c6c3ad63655\/whirligigbigone.hqx":"\/fonts\/Unpacking\/45757e3d790fdb18c3c24fd6f4f36c6c3ad63655\/whirligigbigone.hqx","\/fonts\/Unpacking\/45757e3d790fdb18c3c24fd6f4f36c6c3ad63655\/whirligigbigone.ik":"\/fonts\/Unpacking\/45757e3d790fdb18c3c24fd6f4f36c6c3ad63655\/whirligigbigone.ik","\/fonts\/Unpacking\/45757e3d790fdb18c3c24fd6f4f36c6c3ad63655\/whirligigbigone.mf":"\/fonts\/Unpacking\/45757e3d790fdb18c3c24fd6f4f36c6c3ad63655\/whirligigbigone.mf","\/fonts\/Unpacking\/45757e3d790fdb18c3c24fd6f4f36c6c3ad63655\/whirligigbigone.otf":"\/fonts\/Unpacking\/45757e3d790fdb18c3c24fd6f4f36c6c3ad63655\/whirligigbigone.otf","\/fonts\/Unpacking\/45757e3d790fdb18c3c24fd6f4f36c6c3ad63655\/whirligigbigone.pcf":"\/fonts\/Unpacking\/45757e3d790fdb18c3c24fd6f4f36c6c3ad63655\/whirligigbigone.pcf","\/fonts\/Unpacking\/45757e3d790fdb18c3c24fd6f4f36c6c3ad63655\/whirligigbigone.pf3":"\/fonts\/Unpacking\/45757e3d790fdb18c3c24fd6f4f36c6c3ad63655\/whirligigbigone.pf3","\/fonts\/Unpacking\/45757e3d790fdb18c3c24fd6f4f36c6c3ad63655\/whirligigbigone.pfa":"\/fonts\/Unpacking\/45757e3d790fdb18c3c24fd6f4f36c6c3ad63655\/whirligigbigone.pfa","\/fonts\/Unpacking\/45757e3d790fdb18c3c24fd6f4f36c6c3ad63655\/whirligigbigone.pfb":"\/fonts\/Unpacking\/45757e3d790fdb18c3c24fd6f4f36c6c3ad63655\/whirligigbigone.pfb","\/fonts\/Unpacking\/45757e3d790fdb18c3c24fd6f4f36c6c3ad63655\/whirligigbigone.php":"\/fonts\/Unpacking\/45757e3d790fdb18c3c24fd6f4f36c6c3ad63655\/whirligigbigone.php","\/fonts\/Unpacking\/45757e3d790fdb18c3c24fd6f4f36c6c3ad63655\/whirligigbigone.pmf":"\/fonts\/Unpacking\/45757e3d790fdb18c3c24fd6f4f36c6c3ad63655\/whirligigbigone.pmf","\/fonts\/Unpacking\/45757e3d790fdb18c3c24fd6f4f36c6c3ad63655\/whirligigbigone.pt3":"\/fonts\/Unpacking\/45757e3d790fdb18c3c24fd6f4f36c6c3ad63655\/whirligigbigone.pt3","\/fonts\/Unpacking\/45757e3d790fdb18c3c24fd6f4f36c6c3ad63655\/whirligigbigone.sfd":"\/fonts\/Unpacking\/45757e3d790fdb18c3c24fd6f4f36c6c3ad63655\/whirligigbigone.sfd","\/fonts\/Unpacking\/45757e3d790fdb18c3c24fd6f4f36c6c3ad63655\/whirligigbigone.svg":"\/fonts\/Unpacking\/45757e3d790fdb18c3c24fd6f4f36c6c3ad63655\/whirligigbigone.svg","\/fonts\/Unpacking\/45757e3d790fdb18c3c24fd6f4f36c6c3ad63655\/whirligigbigone.t42":"\/fonts\/Unpacking\/45757e3d790fdb18c3c24fd6f4f36c6c3ad63655\/whirligigbigone.t42","\/fonts\/Unpacking\/45757e3d790fdb18c3c24fd6f4f36c6c3ad63655\/whirligigbigone.ttd":"\/fonts\/Unpacking\/45757e3d790fdb18c3c24fd6f4f36c6c3ad63655\/whirligigbigone.ttd","\/fonts\/Unpacking\/45757e3d790fdb18c3c24fd6f4f36c6c3ad63655\/whirligigbigone.ttf":"\/fonts\/Unpacking\/45757e3d790fdb18c3c24fd6f4f36c6c3ad63655\/whirligigbigone.ttf","\/fonts\/Unpacking\/45757e3d790fdb18c3c24fd6f4f36c6c3ad63655\/whirligigbigone.ttg":"\/fonts\/Unpacking\/45757e3d790fdb18c3c24fd6f4f36c6c3ad63655\/whirligigbigone.ttg","\/fonts\/Unpacking\/45757e3d790fdb18c3c24fd6f4f36c6c3ad63655\/whirligigbigone.ufm":"\/fonts\/Unpacking\/45757e3d790fdb18c3c24fd6f4f36c6c3ad63655\/whirligigbigone.ufm","\/fonts\/Unpacking\/45757e3d790fdb18c3c24fd6f4f36c6c3ad63655\/whirligigbigone.woff":"\/fonts\/Unpacking\/45757e3d790fdb18c3c24fd6f4f36c6c3ad63655\/whirligigbigone.woff","\/fonts\/Unpacking\/45757e3d790fdb18c3c24fd6f4f36c6c3ad63655\/whirligigbigone.z":"\/fonts\/Unpacking\/45757e3d790fdb18c3c24fd6f4f36c6c3ad63655\/whirligigbigone.z","\/fonts\/Unpacking\/45757e3d790fdb18c3c24fd6f4f36c6c3ad63655\/whirligigbigone.ufo\/feature.fea":"\/fonts\/Unpacking\/45757e3d790fdb18c3c24fd6f4f36c6c3ad63655\/whirligigbigone.ufo\/feature.fea","\/fonts\/Unpacking\/45757e3d790fdb18c3c24fd6f4f36c6c3ad63655\/whirligigbigone.ufo\/fontinfo.plist":"\/fonts\/Unpacking\/45757e3d790fdb18c3c24fd6f4f36c6c3ad63655\/whirligigbigone.ufo\/fontinfo.plist","\/fonts\/Unpacking\/45757e3d790fdb18c3c24fd6f4f36c6c3ad63655\/whirligigbigone.ufo\/groups.plist":"\/fonts\/Unpacking\/45757e3d790fdb18c3c24fd6f4f36c6c3ad63655\/whirligigbigone.ufo\/groups.plist","\/fonts\/Unpacking\/45757e3d790fdb18c3c24fd6f4f36c6c3ad63655\/whirligigbigone.ufo\/kerning.plist":"\/fonts\/Unpacking\/45757e3d790fdb18c3c24fd6f4f36c6c3ad63655\/whirligigbigone.ufo\/kerning.plist","\/fonts\/Unpacking\/45757e3d790fdb18c3c24fd6f4f36c6c3ad63655\/whirligigbigone.ufo\/metainfo.plist":"\/fonts\/Unpacking\/45757e3d790fdb18c3c24fd6f4f36c6c3ad63655\/whirligigbigone.ufo\/metainfo.plist","\/fonts\/Unpacking\/45757e3d790fdb18c3c24fd6f4f36c6c3ad63655\/whirligigbigone.ufo\/glyphs\/A_.glif":"\/fonts\/Unpacking\/45757e3d790fdb18c3c24fd6f4f36c6c3ad63655\/whirligigbigone.ufo\/glyphs\/A_.glif","\/fonts\/Unpacking\/45757e3d790fdb18c3c24fd6f4f36c6c3ad63655\/whirligigbigone.ufo\/glyphs\/B_.glif":"\/fonts\/Unpacking\/45757e3d790fdb18c3c24fd6f4f36c6c3ad63655\/whirligigbigone.ufo\/glyphs\/B_.glif","\/fonts\/Unpacking\/45757e3d790fdb18c3c24fd6f4f36c6c3ad63655\/whirligigbigone.ufo\/glyphs\/C_.glif":"\/fonts\/Unpacking\/45757e3d790fdb18c3c24fd6f4f36c6c3ad63655\/whirligigbigone.ufo\/glyphs\/C_.glif","\/fonts\/Unpacking\/45757e3d790fdb18c3c24fd6f4f36c6c3ad63655\/whirligigbigone.ufo\/glyphs\/D_.glif":"\/fonts\/Unpacking\/45757e3d790fdb18c3c24fd6f4f36c6c3ad63655\/whirligigbigone.ufo\/glyphs\/D_.glif","\/fonts\/Unpacking\/45757e3d790fdb18c3c24fd6f4f36c6c3ad63655\/whirligigbigone.ufo\/glyphs\/E_.glif":"\/fonts\/Unpacking\/45757e3d790fdb18c3c24fd6f4f36c6c3ad63655\/whirligigbigone.ufo\/glyphs\/E_.glif","\/fonts\/Unpacking\/45757e3d790fdb18c3c24fd6f4f36c6c3ad63655\/whirligigbigone.ufo\/glyphs\/F_.glif":"\/fonts\/Unpacking\/45757e3d790fdb18c3c24fd6f4f36c6c3ad63655\/whirligigbigone.ufo\/glyphs\/F_.glif","\/fonts\/Unpacking\/45757e3d790fdb18c3c24fd6f4f36c6c3ad63655\/whirligigbigone.ufo\/glyphs\/G_.glif":"\/fonts\/Unpacking\/45757e3d790fdb18c3c24fd6f4f36c6c3ad63655\/whirligigbigone.ufo\/glyphs\/G_.glif","\/fonts\/Unpacking\/45757e3d790fdb18c3c24fd6f4f36c6c3ad63655\/whirligigbigone.ufo\/glyphs\/H_.glif":"\/fonts\/Unpacking\/45757e3d790fdb18c3c24fd6f4f36c6c3ad63655\/whirligigbigone.ufo\/glyphs\/H_.glif","\/fonts\/Unpacking\/45757e3d790fdb18c3c24fd6f4f36c6c3ad63655\/whirligigbigone.ufo\/glyphs\/I_.glif":"\/fonts\/Unpacking\/45757e3d790fdb18c3c24fd6f4f36c6c3ad63655\/whirligigbigone.ufo\/glyphs\/I_.glif","\/fonts\/Unpacking\/45757e3d790fdb18c3c24fd6f4f36c6c3ad63655\/whirligigbigone.ufo\/glyphs\/J_.glif":"\/fonts\/Unpacking\/45757e3d790fdb18c3c24fd6f4f36c6c3ad63655\/whirligigbigone.ufo\/glyphs\/J_.glif","\/fonts\/Unpacking\/45757e3d790fdb18c3c24fd6f4f36c6c3ad63655\/whirligigbigone.ufo\/glyphs\/K_.glif":"\/fonts\/Unpacking\/45757e3d790fdb18c3c24fd6f4f36c6c3ad63655\/whirligigbigone.ufo\/glyphs\/K_.glif","\/fonts\/Unpacking\/45757e3d790fdb18c3c24fd6f4f36c6c3ad63655\/whirligigbigone.ufo\/glyphs\/L_.glif":"\/fonts\/Unpacking\/45757e3d790fdb18c3c24fd6f4f36c6c3ad63655\/whirligigbigone.ufo\/glyphs\/L_.glif","\/fonts\/Unpacking\/45757e3d790fdb18c3c24fd6f4f36c6c3ad63655\/whirligigbigone.ufo\/glyphs\/M_.glif":"\/fonts\/Unpacking\/45757e3d790fdb18c3c24fd6f4f36c6c3ad63655\/whirligigbigone.ufo\/glyphs\/M_.glif","\/fonts\/Unpacking\/45757e3d790fdb18c3c24fd6f4f36c6c3ad63655\/whirligigbigone.ufo\/glyphs\/N_.glif":"\/fonts\/Unpacking\/45757e3d790fdb18c3c24fd6f4f36c6c3ad63655\/whirligigbigone.ufo\/glyphs\/N_.glif","\/fonts\/Unpacking\/45757e3d790fdb18c3c24fd6f4f36c6c3ad63655\/whirligigbigone.ufo\/glyphs\/O_.glif":"\/fonts\/Unpacking\/45757e3d790fdb18c3c24fd6f4f36c6c3ad63655\/whirligigbigone.ufo\/glyphs\/O_.glif","\/fonts\/Unpacking\/45757e3d790fdb18c3c24fd6f4f36c6c3ad63655\/whirligigbigone.ufo\/glyphs\/P_.glif":"\/fonts\/Unpacking\/45757e3d790fdb18c3c24fd6f4f36c6c3ad63655\/whirligigbigone.ufo\/glyphs\/P_.glif","\/fonts\/Unpacking\/45757e3d790fdb18c3c24fd6f4f36c6c3ad63655\/whirligigbigone.ufo\/glyphs\/Q_.glif":"\/fonts\/Unpacking\/45757e3d790fdb18c3c24fd6f4f36c6c3ad63655\/whirligigbigone.ufo\/glyphs\/Q_.glif","\/fonts\/Unpacking\/45757e3d790fdb18c3c24fd6f4f36c6c3ad63655\/whirligigbigone.ufo\/glyphs\/R_.glif":"\/fonts\/Unpacking\/45757e3d790fdb18c3c24fd6f4f36c6c3ad63655\/whirligigbigone.ufo\/glyphs\/R_.glif","\/fonts\/Unpacking\/45757e3d790fdb18c3c24fd6f4f36c6c3ad63655\/whirligigbigone.ufo\/glyphs\/S_.glif":"\/fonts\/Unpacking\/45757e3d790fdb18c3c24fd6f4f36c6c3ad63655\/whirligigbigone.ufo\/glyphs\/S_.glif","\/fonts\/Unpacking\/45757e3d790fdb18c3c24fd6f4f36c6c3ad63655\/whirligigbigone.ufo\/glyphs\/T_.glif":"\/fonts\/Unpacking\/45757e3d790fdb18c3c24fd6f4f36c6c3ad63655\/whirligigbigone.ufo\/glyphs\/T_.glif","\/fonts\/Unpacking\/45757e3d790fdb18c3c24fd6f4f36c6c3ad63655\/whirligigbigone.ufo\/glyphs\/U_.glif":"\/fonts\/Unpacking\/45757e3d790fdb18c3c24fd6f4f36c6c3ad63655\/whirligigbigone.ufo\/glyphs\/U_.glif","\/fonts\/Unpacking\/45757e3d790fdb18c3c24fd6f4f36c6c3ad63655\/whirligigbigone.ufo\/glyphs\/V_.glif":"\/fonts\/Unpacking\/45757e3d790fdb18c3c24fd6f4f36c6c3ad63655\/whirligigbigone.ufo\/glyphs\/V_.glif","\/fonts\/Unpacking\/45757e3d790fdb18c3c24fd6f4f36c6c3ad63655\/whirligigbigone.ufo\/glyphs\/W_.glif":"\/fonts\/Unpacking\/45757e3d790fdb18c3c24fd6f4f36c6c3ad63655\/whirligigbigone.ufo\/glyphs\/W_.glif","\/fonts\/Unpacking\/45757e3d790fdb18c3c24fd6f4f36c6c3ad63655\/whirligigbigone.ufo\/glyphs\/X_.glif":"\/fonts\/Unpacking\/45757e3d790fdb18c3c24fd6f4f36c6c3ad63655\/whirligigbigone.ufo\/glyphs\/X_.glif","\/fonts\/Unpacking\/45757e3d790fdb18c3c24fd6f4f36c6c3ad63655\/whirligigbigone.ufo\/glyphs\/Y_.glif":"\/fonts\/Unpacking\/45757e3d790fdb18c3c24fd6f4f36c6c3ad63655\/whirligigbigone.ufo\/glyphs\/Y_.glif","\/fonts\/Unpacking\/45757e3d790fdb18c3c24fd6f4f36c6c3ad63655\/whirligigbigone.ufo\/glyphs\/Z_.glif":"\/fonts\/Unpacking\/45757e3d790fdb18c3c24fd6f4f36c6c3ad63655\/whirligigbigone.ufo\/glyphs\/Z_.glif","\/fonts\/Unpacking\/45757e3d790fdb18c3c24fd6f4f36c6c3ad63655\/whirligigbigone.ufo\/glyphs\/a.glif":"\/fonts\/Unpacking\/45757e3d790fdb18c3c24fd6f4f36c6c3ad63655\/whirligigbigone.ufo\/glyphs\/a.glif","\/fonts\/Unpacking\/45757e3d790fdb18c3c24fd6f4f36c6c3ad63655\/whirligigbigone.ufo\/glyphs\/b.glif":"\/fonts\/Unpacking\/45757e3d790fdb18c3c24fd6f4f36c6c3ad63655\/whirligigbigone.ufo\/glyphs\/b.glif","\/fonts\/Unpacking\/45757e3d790fdb18c3c24fd6f4f36c6c3ad63655\/whirligigbigone.ufo\/glyphs\/backslash.glif":"\/fonts\/Unpacking\/45757e3d790fdb18c3c24fd6f4f36c6c3ad63655\/whirligigbigone.ufo\/glyphs\/backslash.glif","\/fonts\/Unpacking\/45757e3d790fdb18c3c24fd6f4f36c6c3ad63655\/whirligigbigone.ufo\/glyphs\/bar.glif":"\/fonts\/Unpacking\/45757e3d790fdb18c3c24fd6f4f36c6c3ad63655\/whirligigbigone.ufo\/glyphs\/bar.glif","\/fonts\/Unpacking\/45757e3d790fdb18c3c24fd6f4f36c6c3ad63655\/whirligigbigone.ufo\/glyphs\/braceleft.glif":"\/fonts\/Unpacking\/45757e3d790fdb18c3c24fd6f4f36c6c3ad63655\/whirligigbigone.ufo\/glyphs\/braceleft.glif","\/fonts\/Unpacking\/45757e3d790fdb18c3c24fd6f4f36c6c3ad63655\/whirligigbigone.ufo\/glyphs\/braceright.glif":"\/fonts\/Unpacking\/45757e3d790fdb18c3c24fd6f4f36c6c3ad63655\/whirligigbigone.ufo\/glyphs\/braceright.glif","\/fonts\/Unpacking\/45757e3d790fdb18c3c24fd6f4f36c6c3ad63655\/whirligigbigone.ufo\/glyphs\/bracketleft.glif":"\/fonts\/Unpacking\/45757e3d790fdb18c3c24fd6f4f36c6c3ad63655\/whirligigbigone.ufo\/glyphs\/bracketleft.glif","\/fonts\/Unpacking\/45757e3d790fdb18c3c24fd6f4f36c6c3ad63655\/whirligigbigone.ufo\/glyphs\/bracketright.glif":"\/fonts\/Unpacking\/45757e3d790fdb18c3c24fd6f4f36c6c3ad63655\/whirligigbigone.ufo\/glyphs\/bracketright.glif","\/fonts\/Unpacking\/45757e3d790fdb18c3c24fd6f4f36c6c3ad63655\/whirligigbigone.ufo\/glyphs\/c.glif":"\/fonts\/Unpacking\/45757e3d790fdb18c3c24fd6f4f36c6c3ad63655\/whirligigbigone.ufo\/glyphs\/c.glif","\/fonts\/Unpacking\/45757e3d790fdb18c3c24fd6f4f36c6c3ad63655\/whirligigbigone.ufo\/glyphs\/comma.glif":"\/fonts\/Unpacking\/45757e3d790fdb18c3c24fd6f4f36c6c3ad63655\/whirligigbigone.ufo\/glyphs\/comma.glif","\/fonts\/Unpacking\/45757e3d790fdb18c3c24fd6f4f36c6c3ad63655\/whirligigbigone.ufo\/glyphs\/contents.plist":"\/fonts\/Unpacking\/45757e3d790fdb18c3c24fd6f4f36c6c3ad63655\/whirligigbigone.ufo\/glyphs\/contents.plist","\/fonts\/Unpacking\/45757e3d790fdb18c3c24fd6f4f36c6c3ad63655\/whirligigbigone.ufo\/glyphs\/d.glif":"\/fonts\/Unpacking\/45757e3d790fdb18c3c24fd6f4f36c6c3ad63655\/whirligigbigone.ufo\/glyphs\/d.glif","\/fonts\/Unpacking\/45757e3d790fdb18c3c24fd6f4f36c6c3ad63655\/whirligigbigone.ufo\/glyphs\/e.glif":"\/fonts\/Unpacking\/45757e3d790fdb18c3c24fd6f4f36c6c3ad63655\/whirligigbigone.ufo\/glyphs\/e.glif","\/fonts\/Unpacking\/45757e3d790fdb18c3c24fd6f4f36c6c3ad63655\/whirligigbigone.ufo\/glyphs\/eight.glif":"\/fonts\/Unpacking\/45757e3d790fdb18c3c24fd6f4f36c6c3ad63655\/whirligigbigone.ufo\/glyphs\/eight.glif","\/fonts\/Unpacking\/45757e3d790fdb18c3c24fd6f4f36c6c3ad63655\/whirligigbigone.ufo\/glyphs\/exclam.glif":"\/fonts\/Unpacking\/45757e3d790fdb18c3c24fd6f4f36c6c3ad63655\/whirligigbigone.ufo\/glyphs\/exclam.glif","\/fonts\/Unpacking\/45757e3d790fdb18c3c24fd6f4f36c6c3ad63655\/whirligigbigone.ufo\/glyphs\/f.glif":"\/fonts\/Unpacking\/45757e3d790fdb18c3c24fd6f4f36c6c3ad63655\/whirligigbigone.ufo\/glyphs\/f.glif","\/fonts\/Unpacking\/45757e3d790fdb18c3c24fd6f4f36c6c3ad63655\/whirligigbigone.ufo\/glyphs\/five.glif":"\/fonts\/Unpacking\/45757e3d790fdb18c3c24fd6f4f36c6c3ad63655\/whirligigbigone.ufo\/glyphs\/five.glif","\/fonts\/Unpacking\/45757e3d790fdb18c3c24fd6f4f36c6c3ad63655\/whirligigbigone.ufo\/glyphs\/four.glif":"\/fonts\/Unpacking\/45757e3d790fdb18c3c24fd6f4f36c6c3ad63655\/whirligigbigone.ufo\/glyphs\/four.glif","\/fonts\/Unpacking\/45757e3d790fdb18c3c24fd6f4f36c6c3ad63655\/whirligigbigone.ufo\/glyphs\/g.glif":"\/fonts\/Unpacking\/45757e3d790fdb18c3c24fd6f4f36c6c3ad63655\/whirligigbigone.ufo\/glyphs\/g.glif","\/fonts\/Unpacking\/45757e3d790fdb18c3c24fd6f4f36c6c3ad63655\/whirligigbigone.ufo\/glyphs\/greater.glif":"\/fonts\/Unpacking\/45757e3d790fdb18c3c24fd6f4f36c6c3ad63655\/whirligigbigone.ufo\/glyphs\/greater.glif","\/fonts\/Unpacking\/45757e3d790fdb18c3c24fd6f4f36c6c3ad63655\/whirligigbigone.ufo\/glyphs\/h.glif":"\/fonts\/Unpacking\/45757e3d790fdb18c3c24fd6f4f36c6c3ad63655\/whirligigbigone.ufo\/glyphs\/h.glif","\/fonts\/Unpacking\/45757e3d790fdb18c3c24fd6f4f36c6c3ad63655\/whirligigbigone.ufo\/glyphs\/hyphen.glif":"\/fonts\/Unpacking\/45757e3d790fdb18c3c24fd6f4f36c6c3ad63655\/whirligigbigone.ufo\/glyphs\/hyphen.glif","\/fonts\/Unpacking\/45757e3d790fdb18c3c24fd6f4f36c6c3ad63655\/whirligigbigone.ufo\/glyphs\/i.glif":"\/fonts\/Unpacking\/45757e3d790fdb18c3c24fd6f4f36c6c3ad63655\/whirligigbigone.ufo\/glyphs\/i.glif","\/fonts\/Unpacking\/45757e3d790fdb18c3c24fd6f4f36c6c3ad63655\/whirligigbigone.ufo\/glyphs\/j.glif":"\/fonts\/Unpacking\/45757e3d790fdb18c3c24fd6f4f36c6c3ad63655\/whirligigbigone.ufo\/glyphs\/j.glif","\/fonts\/Unpacking\/45757e3d790fdb18c3c24fd6f4f36c6c3ad63655\/whirligigbigone.ufo\/glyphs\/k.glif":"\/fonts\/Unpacking\/45757e3d790fdb18c3c24fd6f4f36c6c3ad63655\/whirligigbigone.ufo\/glyphs\/k.glif","\/fonts\/Unpacking\/45757e3d790fdb18c3c24fd6f4f36c6c3ad63655\/whirligigbigone.ufo\/glyphs\/l.glif":"\/fonts\/Unpacking\/45757e3d790fdb18c3c24fd6f4f36c6c3ad63655\/whirligigbigone.ufo\/glyphs\/l.glif","\/fonts\/Unpacking\/45757e3d790fdb18c3c24fd6f4f36c6c3ad63655\/whirligigbigone.ufo\/glyphs\/less.glif":"\/fonts\/Unpacking\/45757e3d790fdb18c3c24fd6f4f36c6c3ad63655\/whirligigbigone.ufo\/glyphs\/less.glif","\/fonts\/Unpacking\/45757e3d790fdb18c3c24fd6f4f36c6c3ad63655\/whirligigbigone.ufo\/glyphs\/m.glif":"\/fonts\/Unpacking\/45757e3d790fdb18c3c24fd6f4f36c6c3ad63655\/whirligigbigone.ufo\/glyphs\/m.glif","\/fonts\/Unpacking\/45757e3d790fdb18c3c24fd6f4f36c6c3ad63655\/whirligigbigone.ufo\/glyphs\/n.glif":"\/fonts\/Unpacking\/45757e3d790fdb18c3c24fd6f4f36c6c3ad63655\/whirligigbigone.ufo\/glyphs\/n.glif","\/fonts\/Unpacking\/45757e3d790fdb18c3c24fd6f4f36c6c3ad63655\/whirligigbigone.ufo\/glyphs\/nbspace.glif":"\/fonts\/Unpacking\/45757e3d790fdb18c3c24fd6f4f36c6c3ad63655\/whirligigbigone.ufo\/glyphs\/nbspace.glif","\/fonts\/Unpacking\/45757e3d790fdb18c3c24fd6f4f36c6c3ad63655\/whirligigbigone.ufo\/glyphs\/nine.glif":"\/fonts\/Unpacking\/45757e3d790fdb18c3c24fd6f4f36c6c3ad63655\/whirligigbigone.ufo\/glyphs\/nine.glif","\/fonts\/Unpacking\/45757e3d790fdb18c3c24fd6f4f36c6c3ad63655\/whirligigbigone.ufo\/glyphs\/o.glif":"\/fonts\/Unpacking\/45757e3d790fdb18c3c24fd6f4f36c6c3ad63655\/whirligigbigone.ufo\/glyphs\/o.glif","\/fonts\/Unpacking\/45757e3d790fdb18c3c24fd6f4f36c6c3ad63655\/whirligigbigone.ufo\/glyphs\/one.glif":"\/fonts\/Unpacking\/45757e3d790fdb18c3c24fd6f4f36c6c3ad63655\/whirligigbigone.ufo\/glyphs\/one.glif","\/fonts\/Unpacking\/45757e3d790fdb18c3c24fd6f4f36c6c3ad63655\/whirligigbigone.ufo\/glyphs\/p.glif":"\/fonts\/Unpacking\/45757e3d790fdb18c3c24fd6f4f36c6c3ad63655\/whirligigbigone.ufo\/glyphs\/p.glif","\/fonts\/Unpacking\/45757e3d790fdb18c3c24fd6f4f36c6c3ad63655\/whirligigbigone.ufo\/glyphs\/parenleft.glif":"\/fonts\/Unpacking\/45757e3d790fdb18c3c24fd6f4f36c6c3ad63655\/whirligigbigone.ufo\/glyphs\/parenleft.glif","\/fonts\/Unpacking\/45757e3d790fdb18c3c24fd6f4f36c6c3ad63655\/whirligigbigone.ufo\/glyphs\/parenright.glif":"\/fonts\/Unpacking\/45757e3d790fdb18c3c24fd6f4f36c6c3ad63655\/whirligigbigone.ufo\/glyphs\/parenright.glif","\/fonts\/Unpacking\/45757e3d790fdb18c3c24fd6f4f36c6c3ad63655\/whirligigbigone.ufo\/glyphs\/period.glif":"\/fonts\/Unpacking\/45757e3d790fdb18c3c24fd6f4f36c6c3ad63655\/whirligigbigone.ufo\/glyphs\/period.glif","\/fonts\/Unpacking\/45757e3d790fdb18c3c24fd6f4f36c6c3ad63655\/whirligigbigone.ufo\/glyphs\/q.glif":"\/fonts\/Unpacking\/45757e3d790fdb18c3c24fd6f4f36c6c3ad63655\/whirligigbigone.ufo\/glyphs\/q.glif","\/fonts\/Unpacking\/45757e3d790fdb18c3c24fd6f4f36c6c3ad63655\/whirligigbigone.ufo\/glyphs\/question.glif":"\/fonts\/Unpacking\/45757e3d790fdb18c3c24fd6f4f36c6c3ad63655\/whirligigbigone.ufo\/glyphs\/question.glif","\/fonts\/Unpacking\/45757e3d790fdb18c3c24fd6f4f36c6c3ad63655\/whirligigbigone.ufo\/glyphs\/r.glif":"\/fonts\/Unpacking\/45757e3d790fdb18c3c24fd6f4f36c6c3ad63655\/whirligigbigone.ufo\/glyphs\/r.glif","\/fonts\/Unpacking\/45757e3d790fdb18c3c24fd6f4f36c6c3ad63655\/whirligigbigone.ufo\/glyphs\/s.glif":"\/fonts\/Unpacking\/45757e3d790fdb18c3c24fd6f4f36c6c3ad63655\/whirligigbigone.ufo\/glyphs\/s.glif","\/fonts\/Unpacking\/45757e3d790fdb18c3c24fd6f4f36c6c3ad63655\/whirligigbigone.ufo\/glyphs\/seven.glif":"\/fonts\/Unpacking\/45757e3d790fdb18c3c24fd6f4f36c6c3ad63655\/whirligigbigone.ufo\/glyphs\/seven.glif","\/fonts\/Unpacking\/45757e3d790fdb18c3c24fd6f4f36c6c3ad63655\/whirligigbigone.ufo\/glyphs\/six.glif":"\/fonts\/Unpacking\/45757e3d790fdb18c3c24fd6f4f36c6c3ad63655\/whirligigbigone.ufo\/glyphs\/six.glif","\/fonts\/Unpacking\/45757e3d790fdb18c3c24fd6f4f36c6c3ad63655\/whirligigbigone.ufo\/glyphs\/space.glif":"\/fonts\/Unpacking\/45757e3d790fdb18c3c24fd6f4f36c6c3ad63655\/whirligigbigone.ufo\/glyphs\/space.glif","\/fonts\/Unpacking\/45757e3d790fdb18c3c24fd6f4f36c6c3ad63655\/whirligigbigone.ufo\/glyphs\/t.glif":"\/fonts\/Unpacking\/45757e3d790fdb18c3c24fd6f4f36c6c3ad63655\/whirligigbigone.ufo\/glyphs\/t.glif","\/fonts\/Unpacking\/45757e3d790fdb18c3c24fd6f4f36c6c3ad63655\/whirligigbigone.ufo\/glyphs\/three.glif":"\/fonts\/Unpacking\/45757e3d790fdb18c3c24fd6f4f36c6c3ad63655\/whirligigbigone.ufo\/glyphs\/three.glif","\/fonts\/Unpacking\/45757e3d790fdb18c3c24fd6f4f36c6c3ad63655\/whirligigbigone.ufo\/glyphs\/two.glif":"\/fonts\/Unpacking\/45757e3d790fdb18c3c24fd6f4f36c6c3ad63655\/whirligigbigone.ufo\/glyphs\/two.glif","\/fonts\/Unpacking\/45757e3d790fdb18c3c24fd6f4f36c6c3ad63655\/whirligigbigone.ufo\/glyphs\/u.glif":"\/fonts\/Unpacking\/45757e3d790fdb18c3c24fd6f4f36c6c3ad63655\/whirligigbigone.ufo\/glyphs\/u.glif","\/fonts\/Unpacking\/45757e3d790fdb18c3c24fd6f4f36c6c3ad63655\/whirligigbigone.ufo\/glyphs\/v.glif":"\/fonts\/Unpacking\/45757e3d790fdb18c3c24fd6f4f36c6c3ad63655\/whirligigbigone.ufo\/glyphs\/v.glif","\/fonts\/Unpacking\/45757e3d790fdb18c3c24fd6f4f36c6c3ad63655\/whirligigbigone.ufo\/glyphs\/w.glif":"\/fonts\/Unpacking\/45757e3d790fdb18c3c24fd6f4f36c6c3ad63655\/whirligigbigone.ufo\/glyphs\/w.glif","\/fonts\/Unpacking\/45757e3d790fdb18c3c24fd6f4f36c6c3ad63655\/whirligigbigone.ufo\/glyphs\/x.glif":"\/fonts\/Unpacking\/45757e3d790fdb18c3c24fd6f4f36c6c3ad63655\/whirligigbigone.ufo\/glyphs\/x.glif","\/fonts\/Unpacking\/45757e3d790fdb18c3c24fd6f4f36c6c3ad63655\/whirligigbigone.ufo\/glyphs\/y.glif":"\/fonts\/Unpacking\/45757e3d790fdb18c3c24fd6f4f36c6c3ad63655\/whirligigbigone.ufo\/glyphs\/y.glif","\/fonts\/Unpacking\/45757e3d790fdb18c3c24fd6f4f36c6c3ad63655\/whirligigbigone.ufo\/glyphs\/z.glif":"\/fonts\/Unpacking\/45757e3d790fdb18c3c24fd6f4f36c6c3ad63655\/whirligigbigone.ufo\/glyphs\/z.glif","\/fonts\/Unpacking\/45757e3d790fdb18c3c24fd6f4f36c6c3ad63655\/whirligigbigone.ufo\/glyphs\/zero.glif":"\/fonts\/Unpacking\/45757e3d790fdb18c3c24fd6f4f36c6c3ad63655\/whirligigbigone.ufo\/glyphs\/zero.glif"},"Font":null,"Licences":{"":false},"Table":{"FFTM":{"entryLength":16,"tag":"FFTM","checksum":1944405532,"offset":55940,"length":28},"GDEF":{"entryLength":16,"tag":"GDEF","checksum":8323078,"offset":55908,"length":32},"OS\/2":{"entryLength":16,"tag":"OS\/2","checksum":1485333685,"offset":344,"length":86},"cmap":{"entryLength":16,"tag":"cmap","checksum":855976763,"offset":620,"length":828},"gasp":{"entryLength":16,"tag":"gasp","checksum":4294901763,"offset":55900,"length":8},"glyf":{"entryLength":16,"tag":"glyf","checksum":2815809406,"offset":1616,"length":53384},"head":{"entryLength":16,"tag":"head","checksum":179562795,"offset":220,"length":54},"hhea":{"entryLength":16,"tag":"hhea","checksum":155647849,"offset":276,"length":36},"hmtx":{"entryLength":16,"tag":"hmtx","checksum":125556959,"offset":432,"length":188},"loca":{"entryLength":16,"tag":"loca","checksum":3575620144,"offset":1448,"length":166},"maxp":{"entryLength":16,"tag":"maxp","checksum":12452478,"offset":312,"length":32},"name":{"entryLength":16,"tag":"name","checksum":2367130146,"offset":55000,"length":690},"post":{"entryLength":16,"tag":"post","checksum":3466166347,"offset":55692,"length":206}},"UnicodeCharMap":{"32":3,"33":4,"40":5,"41":6,"44":7,"45":8,"46":9,"48":10,"49":11,"50":12,"51":13,"52":14,"53":15,"54":16,"55":17,"56":18,"57":19,"60":20,"62":21,"63":22,"65":23,"66":24,"67":25,"68":26,"69":27,"70":28,"71":29,"72":30,"73":31,"74":32,"75":33,"76":34,"77":35,"78":36,"79":37,"80":38,"81":39,"82":40,"83":41,"84":42,"85":43,"86":44,"87":45,"88":46,"89":47,"90":48,"91":49,"92":50,"93":51,"97":52,"98":53,"99":54,"100":55,"101":56,"102":57,"103":58,"104":59,"105":60,"106":61,"107":62,"108":63,"109":64,"110":65,"111":66,"112":67,"113":68,"114":69,"115":70,"116":71,"117":72,"118":73,"119":74,"120":75,"121":76,"122":77,"123":78,"124":79,"125":80,"160":81},"Reserves":null,"Names":[],"Nodes":[],"Contributors":[],"FontIdentity":"300e4d10b5da7f004f9dd61645c57988","Bytes":4631287,"Networking":null,"barcode":null,"referee":null}