{"CSS":{"Christos":"Christos.css"},"FontType":"TrueType","FontCopyright":"(c) 2000 pearlygates","FontName":"Christos","FontSubfamily":"Book","FontSubfamilyID":"FontForge 2.0 : Christos : 19-10-2016","FontFullName":"Christos","FontVersion":"Version 1 ","FontWeight":null,"FontPostscriptName":"Christos","Files":{"christos.afm":"christos.afm","christos.bin":"christos.bin","christos.cef":"christos.cef","christos.cff":"christos.cff","christos.cid":"christos.cid","christos.dfont":"christos.dfont","christos.eot":"christos.eot","christos.fon":"christos.fon","christos.gai":"christos.gai","christos.gsf":"christos.gsf","christos.hqx":"christos.hqx","christos.ik":"christos.ik","christos.mf":"christos.mf","christos.otf":"christos.otf","christos.pcf":"christos.pcf","christos.pf3":"christos.pf3","christos.pfa":"christos.pfa","christos.pfb":"christos.pfb","christos.php":"christos.php","christos.pmf":"christos.pmf","christos.pt3":"christos.pt3","christos.sfd":"christos.sfd","christos.svg":"christos.svg","christos.t42":"christos.t42","christos.ttd":"christos.ttd","christos.ttf":"christos.ttf","christos.ttg":"christos.ttg","christos.ufm":"christos.ufm","christos.woff":"christos.woff","christos.z":"christos.z","":{"christos.afm":"christos.afm","christos.bin":"christos.bin","christos.cef":"christos.cef","christos.cff":"christos.cff","christos.cid":"christos.cid","christos.dfont":"christos.dfont","christos.eot":"christos.eot","christos.fon":"christos.fon","christos.gai":"christos.gai","christos.gsf":"christos.gsf","christos.hqx":"christos.hqx","christos.ik":"christos.ik","christos.mf":"christos.mf","christos.otf":"christos.otf","christos.pcf":"christos.pcf","christos.pf3":"christos.pf3","christos.pfa":"christos.pfa","christos.pfb":"christos.pfb","christos.php":"christos.php","christos.pmf":"christos.pmf","christos.pt3":"christos.pt3","christos.sfd":"christos.sfd","christos.svg":"christos.svg","christos.t42":"christos.t42","christos.ttd":"christos.ttd","christos.ttf":"christos.ttf","christos.ttg":"christos.ttg","christos.ufm":"christos.ufm","christos.woff":"christos.woff","christos.z":"christos.z"},"\/christos.ufo":{"feature.fea":"feature.fea","fontinfo.plist":"fontinfo.plist","groups.plist":"groups.plist","kerning.plist":"kerning.plist","metainfo.plist":"metainfo.plist"},"\/christos.ufo\/glyphs":{"A_.glif":"A_.glif","A_E_.glif":"A_E_.glif","A_acute.glif":"A_acute.glif","A_circumflex.glif":"A_circumflex.glif","A_dieresis.glif":"A_dieresis.glif","A_grave.glif":"A_grave.glif","A_ring.glif":"A_ring.glif","A_tilde.glif":"A_tilde.glif","B_.glif":"B_.glif","C_.glif":"C_.glif","C_cedilla.glif":"C_cedilla.glif","D_.glif":"D_.glif","E_.glif":"E_.glif","E_acute.glif":"E_acute.glif","E_circumflex.glif":"E_circumflex.glif","E_dieresis.glif":"E_dieresis.glif","E_grave.glif":"E_grave.glif","F_.glif":"F_.glif","G_.glif":"G_.glif","H_.glif":"H_.glif","I_.glif":"I_.glif","I_acute.glif":"I_acute.glif","I_circumflex.glif":"I_circumflex.glif","I_dieresis.glif":"I_dieresis.glif","I_grave.glif":"I_grave.glif","J_.glif":"J_.glif","K_.glif":"K_.glif","L_.glif":"L_.glif","M_.glif":"M_.glif","N_.glif":"N_.glif","N_tilde.glif":"N_tilde.glif","O_.glif":"O_.glif","O_E_.glif":"O_E_.glif","O_acute.glif":"O_acute.glif","O_circumflex.glif":"O_circumflex.glif","O_dieresis.glif":"O_dieresis.glif","O_grave.glif":"O_grave.glif","O_slash.glif":"O_slash.glif","O_tilde.glif":"O_tilde.glif","P_.glif":"P_.glif","Q_.glif":"Q_.glif","R_.glif":"R_.glif","S_.glif":"S_.glif","T_.glif":"T_.glif","U_.glif":"U_.glif","U_acute.glif":"U_acute.glif","U_circumflex.glif":"U_circumflex.glif","U_dieresis.glif":"U_dieresis.glif","U_grave.glif":"U_grave.glif","V_.glif":"V_.glif","W_.glif":"W_.glif","X_.glif":"X_.glif","Y_.glif":"Y_.glif","Y_dieresis.glif":"Y_dieresis.glif","Z_.glif":"Z_.glif","_notdef.glif":"_notdef.glif","_null.glif":"_null.glif","a.glif":"a.glif","aacute.glif":"aacute.glif","acircumflex.glif":"acircumflex.glif","acute.glif":"acute.glif","adieresis.glif":"adieresis.glif","ae.glif":"ae.glif","agrave.glif":"agrave.glif","ampersand.glif":"ampersand.glif","apple.glif":"apple.glif","approxequal.glif":"approxequal.glif","aring.glif":"aring.glif","asciicircum.glif":"asciicircum.glif","asciitilde.glif":"asciitilde.glif","asterisk.glif":"asterisk.glif","at.glif":"at.glif","atilde.glif":"atilde.glif","b.glif":"b.glif","backslash.glif":"backslash.glif","bar.glif":"bar.glif","braceleft.glif":"braceleft.glif","braceright.glif":"braceright.glif","bracketleft.glif":"bracketleft.glif","bracketright.glif":"bracketright.glif","breve.glif":"breve.glif","bullet.glif":"bullet.glif","c.glif":"c.glif","caron.glif":"caron.glif","ccedilla.glif":"ccedilla.glif","cedilla.glif":"cedilla.glif","cent.glif":"cent.glif","circumflex.glif":"circumflex.glif","colon.glif":"colon.glif","comma.glif":"comma.glif","contents.plist":"contents.plist","copyright.glif":"copyright.glif","currency.glif":"currency.glif","d.glif":"d.glif","dagger.glif":"dagger.glif","daggerdbl.glif":"daggerdbl.glif","degree.glif":"degree.glif","dieresis.glif":"dieresis.glif","divide.glif":"divide.glif","dollar.glif":"dollar.glif","dotaccent.glif":"dotaccent.glif","dotlessi.glif":"dotlessi.glif","e.glif":"e.glif","eacute.glif":"eacute.glif","ecircumflex.glif":"ecircumflex.glif","edieresis.glif":"edieresis.glif","egrave.glif":"egrave.glif","eight.glif":"eight.glif","ellipsis.glif":"ellipsis.glif","emdash.glif":"emdash.glif","endash.glif":"endash.glif","equal.glif":"equal.glif","exclam.glif":"exclam.glif","exclamdown.glif":"exclamdown.glif","f.glif":"f.glif","fi.glif":"fi.glif","five.glif":"five.glif","fl.glif":"fl.glif","florin.glif":"florin.glif","four.glif":"four.glif","fraction.glif":"fraction.glif","g.glif":"g.glif","germandbls.glif":"germandbls.glif","grave.glif":"grave.glif","greater.glif":"greater.glif","greaterequal.glif":"greaterequal.glif","guillemotleft.glif":"guillemotleft.glif","guillemotright.glif":"guillemotright.glif","guilsinglleft.glif":"guilsinglleft.glif","guilsinglright.glif":"guilsinglright.glif","h.glif":"h.glif","hungarumlaut.glif":"hungarumlaut.glif","hyphen.glif":"hyphen.glif","i.glif":"i.glif","iacute.glif":"iacute.glif","icircumflex.glif":"icircumflex.glif","idieresis.glif":"idieresis.glif","igrave.glif":"igrave.glif","increment.glif":"increment.glif","infinity.glif":"infinity.glif","integral.glif":"integral.glif","j.glif":"j.glif","k.glif":"k.glif","l.glif":"l.glif","less.glif":"less.glif","lessequal.glif":"lessequal.glif","logicalnot.glif":"logicalnot.glif","lozenge.glif":"lozenge.glif","m.glif":"m.glif","macron.glif":"macron.glif","mu.glif":"mu.glif","n.glif":"n.glif","nbspace.glif":"nbspace.glif","nine.glif":"nine.glif","nonmarkingreturn.glif":"nonmarkingreturn.glif","notequal.glif":"notequal.glif","ntilde.glif":"ntilde.glif","numbersign.glif":"numbersign.glif","o.glif":"o.glif","oacute.glif":"oacute.glif","ocircumflex.glif":"ocircumflex.glif","odieresis.glif":"odieresis.glif","oe.glif":"oe.glif","ogonek.glif":"ogonek.glif","ograve.glif":"ograve.glif","ohm.glif":"ohm.glif","one.glif":"one.glif","ordfeminine.glif":"ordfeminine.glif","ordmasculine.glif":"ordmasculine.glif","oslash.glif":"oslash.glif","otilde.glif":"otilde.glif","p.glif":"p.glif","paragraph.glif":"paragraph.glif","parenleft.glif":"parenleft.glif","parenright.glif":"parenright.glif","partialdiff.glif":"partialdiff.glif","percent.glif":"percent.glif","period.glif":"period.glif","periodcentered.glif":"periodcentered.glif","perthousand.glif":"perthousand.glif","pi.glif":"pi.glif","plus.glif":"plus.glif","plusminus.glif":"plusminus.glif","product.glif":"product.glif","q.glif":"q.glif","question.glif":"question.glif","questiondown.glif":"questiondown.glif","quotedbl.glif":"quotedbl.glif","quotedblbase.glif":"quotedblbase.glif","quotedblleft.glif":"quotedblleft.glif","quotedblright.glif":"quotedblright.glif","quoteleft.glif":"quoteleft.glif","quoteright.glif":"quoteright.glif","quotesinglbase.glif":"quotesinglbase.glif","quotesingle.glif":"quotesingle.glif","r.glif":"r.glif","radical.glif":"radical.glif","registered.glif":"registered.glif","ring.glif":"ring.glif","s.glif":"s.glif","section.glif":"section.glif","semicolon.glif":"semicolon.glif","seven.glif":"seven.glif","six.glif":"six.glif","slash.glif":"slash.glif","space.glif":"space.glif","sterling.glif":"sterling.glif","summation.glif":"summation.glif","t.glif":"t.glif","three.glif":"three.glif","tilde.glif":"tilde.glif","trademark.glif":"trademark.glif","two.glif":"two.glif","u.glif":"u.glif","uacute.glif":"uacute.glif","ucircumflex.glif":"ucircumflex.glif","udieresis.glif":"udieresis.glif","ugrave.glif":"ugrave.glif","underscore.glif":"underscore.glif","v.glif":"v.glif","w.glif":"w.glif","x.glif":"x.glif","y.glif":"y.glif","ydieresis.glif":"ydieresis.glif","yen.glif":"yen.glif","z.glif":"z.glif","zero.glif":"zero.glif"}},"Font":{"uploaded":1476895123.727,"licence":"gpl3","company":"Chronolabs Cooperative","title":"Christos","version":2.001,"date":"Sun Aug 28 08:22:11 2016","creator":"root","type":"1","matrix":"0.000488281 0 0 0.000488281 0 0","named":"Christos","painttype":"0","info":"10 dict dup","name":"Christos","family":"Christos","weight":"Book","fstype":"8","italicangle":"0","underlineposition":"","underlinethickness":""},"Table":{"FFTM":{"entryLength":16,"tag":"FFTM","checksum":1947120312,"offset":19076,"length":28},"GDEF":{"entryLength":16,"tag":"GDEF","checksum":17760260,"offset":19044,"length":32},"OS\/2":{"entryLength":16,"tag":"OS\/2","checksum":2202420395,"offset":344,"length":86},"cmap":{"entryLength":16,"tag":"cmap","checksum":3335058879,"offset":1076,"length":864},"gasp":{"entryLength":16,"tag":"gasp","checksum":4294901763,"offset":19036,"length":8},"glyf":{"entryLength":16,"tag":"glyf","checksum":69216534,"offset":2396,"length":15652},"head":{"entryLength":16,"tag":"head","checksum":249032229,"offset":220,"length":54},"hhea":{"entryLength":16,"tag":"hhea","checksum":219744229,"offset":276,"length":36},"hmtx":{"entryLength":16,"tag":"hmtx","checksum":119800064,"offset":432,"length":642},"loca":{"entryLength":16,"tag":"loca","checksum":370935582,"offset":1940,"length":454},"maxp":{"entryLength":16,"tag":"maxp","checksum":19464313,"offset":312,"length":32},"name":{"entryLength":16,"tag":"name","checksum":1135743603,"offset":18048,"length":480},"post":{"entryLength":16,"tag":"post","checksum":4006667733,"offset":18528,"length":508}},"UnicodeCharMap":{"0":1,"13":2,"32":3,"33":4,"34":5,"35":6,"36":7,"37":8,"38":9,"39":10,"40":11,"41":12,"42":13,"43":14,"44":15,"45":16,"46":17,"47":18,"48":19,"49":20,"50":21,"51":22,"52":23,"53":24,"54":25,"55":26,"56":27,"57":28,"58":29,"59":30,"60":31,"61":32,"62":33,"63":34,"64":35,"65":36,"66":37,"67":38,"68":39,"69":40,"70":41,"71":42,"72":43,"73":44,"74":45,"75":46,"76":47,"77":48,"78":49,"79":50,"80":51,"81":52,"82":53,"83":54,"84":55,"85":56,"86":57,"87":58,"88":59,"89":60,"90":61,"91":62,"92":63,"93":64,"94":65,"95":66,"96":67,"97":68,"98":69,"99":70,"100":71,"101":72,"102":73,"103":74,"104":75,"105":76,"106":77,"107":78,"108":79,"109":80,"110":81,"111":82,"112":83,"113":84,"114":85,"115":86,"116":87,"117":88,"118":89,"119":90,"120":91,"121":92,"122":93,"123":94,"124":95,"125":96,"126":97,"160":225,"161":163,"162":132,"163":133,"164":188,"165":150,"167":134,"168":142,"169":139,"170":157,"171":169,"172":164,"174":138,"175":217,"176":131,"177":147,"180":141,"182":136,"183":194,"184":221,"186":158,"187":170,"191":162,"192":172,"193":200,"194":198,"195":173,"196":98,"197":99,"198":144,"199":100,"200":202,"201":101,"202":199,"203":201,"204":206,"205":203,"206":204,"207":205,"209":102,"210":210,"211":207,"212":208,"213":174,"214":103,"216":145,"217":213,"218":211,"219":212,"220":104,"223":137,"224":106,"225":105,"226":107,"227":109,"228":108,"229":110,"230":160,"231":111,"232":113,"233":112,"234":114,"235":115,"236":117,"237":116,"238":118,"239":119,"241":120,"242":122,"243":121,"244":123,"245":125,"246":124,"247":183,"248":161,"249":127,"250":126,"251":128,"252":129,"255":185,"305":214,"338":175,"339":176,"376":186,"402":166,"710":215,"711":224,"728":218,"729":219,"730":220,"731":223,"732":216,"733":222,"956":151,"960":155,"8211":177,"8212":178,"8216":181,"8217":182,"8218":195,"8220":179,"8221":180,"8222":196,"8224":130,"8225":193,"8226":135,"8230":171,"8240":197,"8249":189,"8250":190,"8260":187,"8482":140,"8486":159,"8706":152,"8710":168,"8719":154,"8721":153,"8730":165,"8734":146,"8747":156,"8776":167,"8800":143,"8804":148,"8805":149,"9674":184,"64257":191,"64258":192},"Reserves":null,"Names":[],"Nodes":{"ch":{"type":"typal","node":"ch","usage":1,"weight":1},"os":{"type":"typal","node":"os","usage":1,"weight":1},"chr":{"type":"typal","node":"chr","usage":1,"weight":1},"tos":{"type":"typal","node":"tos","usage":1,"weight":1},"chri":{"type":"keys","node":"chri","usage":1,"weight":1},"stos":{"type":"keys","node":"stos","usage":1,"weight":1},"chris":{"type":"keys","node":"chris","usage":1,"weight":1},"istos":{"type":"keys","node":"istos","usage":1,"weight":1},"christos":{"type":"fixes","node":"christos","usage":1,"weight":1}},"Contributors":[],"FontIdentity":"e2d12dfd2897ee3dfd72d8e8782afe38","Bytes":1751414,"Networking":[],"barcode":"8kiaqygqaiosy","referee":"yukam8-3"}