{"CSS":{"SecesjaPL":"SecesjaPL.css"},"FontType":"TrueType","FontCopyright":"flashFONT 2000 - freeware","FontName":"SecesjaPL","FontSubfamily":"Book","FontSubfamilyID":"FontForge 2.0 : SecesjaPL : 17-10-2016","FontFullName":"Secesja PL","FontVersion":"Version 3.0 ","FontWeight":null,"FontPostscriptName":"SecesjaPL","Files":{"secesja.afm":"secesja.afm","secesja.bin":"secesja.bin","secesja.cef":"secesja.cef","secesja.cff":"secesja.cff","secesja.cid":"secesja.cid","secesja.dfont":"secesja.dfont","secesja.eot":"secesja.eot","secesja.fon":"secesja.fon","secesja.gai":"secesja.gai","secesja.gsf":"secesja.gsf","secesja.hqx":"secesja.hqx","secesja.ik":"secesja.ik","secesja.mf":"secesja.mf","secesja.otf":"secesja.otf","secesja.pcf":"secesja.pcf","secesja.pf3":"secesja.pf3","secesja.pfa":"secesja.pfa","secesja.pfb":"secesja.pfb","secesja.php":"secesja.php","secesja.pmf":"secesja.pmf","secesja.pt3":"secesja.pt3","secesja.sfd":"secesja.sfd","secesja.svg":"secesja.svg","secesja.t42":"secesja.t42","secesja.ttd":"secesja.ttd","secesja.ttf":"secesja.ttf","secesja.ttg":"secesja.ttg","secesja.ufm":"secesja.ufm","secesja.woff":"secesja.woff","secesja.z":"secesja.z","":{"secesja.afm":"secesja.afm","secesja.bin":"secesja.bin","secesja.cef":"secesja.cef","secesja.cff":"secesja.cff","secesja.cid":"secesja.cid","secesja.dfont":"secesja.dfont","secesja.eot":"secesja.eot","secesja.fon":"secesja.fon","secesja.gai":"secesja.gai","secesja.gsf":"secesja.gsf","secesja.hqx":"secesja.hqx","secesja.ik":"secesja.ik","secesja.mf":"secesja.mf","secesja.otf":"secesja.otf","secesja.pcf":"secesja.pcf","secesja.pf3":"secesja.pf3","secesja.pfa":"secesja.pfa","secesja.pfb":"secesja.pfb","secesja.php":"secesja.php","secesja.pmf":"secesja.pmf","secesja.pt3":"secesja.pt3","secesja.sfd":"secesja.sfd","secesja.svg":"secesja.svg","secesja.t42":"secesja.t42","secesja.ttd":"secesja.ttd","secesja.ttf":"secesja.ttf","secesja.ttg":"secesja.ttg","secesja.ufm":"secesja.ufm","secesja.woff":"secesja.woff","secesja.z":"secesja.z"},"\/secesja.ufo":{"feature.fea":"feature.fea","fontinfo.plist":"fontinfo.plist","groups.plist":"groups.plist","kerning.plist":"kerning.plist","metainfo.plist":"metainfo.plist"},"\/secesja.ufo\/glyphs":{"A_.glif":"A_.glif","A_ogonek.glif":"A_ogonek.glif","B_.glif":"B_.glif","C_.glif":"C_.glif","C_acute.glif":"C_acute.glif","D_.glif":"D_.glif","E_.glif":"E_.glif","E_ogonek.glif":"E_ogonek.glif","F_.glif":"F_.glif","G_.glif":"G_.glif","H_.glif":"H_.glif","I_.glif":"I_.glif","J_.glif":"J_.glif","K_.glif":"K_.glif","L_.glif":"L_.glif","L_slash.glif":"L_slash.glif","M_.glif":"M_.glif","N_.glif":"N_.glif","N_acute.glif":"N_acute.glif","O_.glif":"O_.glif","O_acute.glif":"O_acute.glif","P_.glif":"P_.glif","Q_.glif":"Q_.glif","R_.glif":"R_.glif","S_.glif":"S_.glif","S_acute.glif":"S_acute.glif","T_.glif":"T_.glif","U_.glif":"U_.glif","V_.glif":"V_.glif","W_.glif":"W_.glif","X_.glif":"X_.glif","Y_.glif":"Y_.glif","Z_.glif":"Z_.glif","Z_acute.glif":"Z_acute.glif","Z_dot.glif":"Z_dot.glif","_notdef.glif":"_notdef.glif","_null.glif":"_null.glif","a.glif":"a.glif","aogonek.glif":"aogonek.glif","b.glif":"b.glif","c.glif":"c.glif","cacute.glif":"cacute.glif","comma.glif":"comma.glif","contents.plist":"contents.plist","d.glif":"d.glif","e.glif":"e.glif","eogonek.glif":"eogonek.glif","f.glif":"f.glif","g.glif":"g.glif","h.glif":"h.glif","i.glif":"i.glif","j.glif":"j.glif","k.glif":"k.glif","l.glif":"l.glif","lslash.glif":"lslash.glif","m.glif":"m.glif","n.glif":"n.glif","nacute.glif":"nacute.glif","nonmarkingreturn.glif":"nonmarkingreturn.glif","o.glif":"o.glif","oacute.glif":"oacute.glif","p.glif":"p.glif","period.glif":"period.glif","q.glif":"q.glif","r.glif":"r.glif","s.glif":"s.glif","sacute.glif":"sacute.glif","space.glif":"space.glif","t.glif":"t.glif","u.glif":"u.glif","v.glif":"v.glif","w.glif":"w.glif","x.glif":"x.glif","y.glif":"y.glif","z.glif":"z.glif","zacute.glif":"zacute.glif","zdot.glif":"zdot.glif"}},"Font":{"uploaded":1476758403.8851,"licence":"gpl3","company":"Chronolabs Cooperative","title":"Secesja PL","version":2.001,"date":"Sun Aug 28 08:01:52 2016","creator":"root","type":"1","matrix":"0.000488281 0 0 0.000488281 0 0","named":"SecesjaPL","painttype":"0","info":"10 dict dup","name":"SecesjaPL","family":"SecesjaPL","weight":"Book","fstype":"0","italicangle":"0","underlineposition":"","underlinethickness":""},"Table":{"FFTM":{"entryLength":16,"tag":"FFTM","checksum":1947117872,"offset":26748,"length":28},"GDEF":{"entryLength":16,"tag":"GDEF","checksum":7929860,"offset":26716,"length":32},"OS\/2":{"entryLength":16,"tag":"OS\/2","checksum":1671326600,"offset":344,"length":86},"cmap":{"entryLength":16,"tag":"cmap","checksum":332699305,"offset":736,"length":454},"gasp":{"entryLength":16,"tag":"gasp","checksum":4294901763,"offset":26708,"length":8},"glyf":{"entryLength":16,"tag":"glyf","checksum":3079664805,"offset":1348,"length":24572},"head":{"entryLength":16,"tag":"head","checksum":279954179,"offset":220,"length":54},"hhea":{"entryLength":16,"tag":"hhea","checksum":289015617,"offset":276,"length":36},"hmtx":{"entryLength":16,"tag":"hmtx","checksum":1458572547,"offset":432,"length":302},"loca":{"entryLength":16,"tag":"loca","checksum":1154559504,"offset":1192,"length":154},"maxp":{"entryLength":16,"tag":"maxp","checksum":9568443,"offset":312,"length":32},"name":{"entryLength":16,"tag":"name","checksum":1806870815,"offset":25920,"length":513},"post":{"entryLength":16,"tag":"post","checksum":1404645226,"offset":26436,"length":270}},"UnicodeCharMap":{"0":1,"13":2,"32":3,"44":4,"46":5,"65":6,"66":7,"67":8,"68":9,"69":10,"70":11,"71":12,"72":13,"73":14,"74":15,"75":16,"76":17,"77":18,"78":19,"79":20,"80":21,"81":22,"82":23,"83":24,"84":25,"85":26,"86":27,"87":28,"88":29,"89":30,"90":31,"97":32,"98":33,"99":34,"100":35,"101":36,"102":37,"103":38,"104":39,"105":40,"106":41,"107":42,"108":43,"109":44,"110":45,"111":46,"112":47,"113":48,"114":49,"115":50,"116":51,"117":52,"118":53,"119":54,"120":55,"121":56,"122":57,"211":67,"243":71,"260":60,"261":62,"262":64,"263":68,"280":65,"281":69,"321":59,"322":61,"323":66,"324":70,"346":72,"347":73,"377":58,"378":74,"379":75,"380":63},"Reserves":null,"Names":[],"Nodes":{"se":{"type":"typal","node":"se","usage":1,"weight":1},"ja":{"type":"typal","node":"ja","usage":1,"weight":1},"sec":{"type":"typal","node":"sec","usage":1,"weight":1},"sja":{"type":"typal","node":"sja","usage":1,"weight":1},"sece":{"type":"keys","node":"sece","usage":1,"weight":1},"esja":{"type":"keys","node":"esja","usage":1,"weight":1},"seces":{"type":"keys","node":"seces","usage":1,"weight":1},"cesja":{"type":"keys","node":"cesja","usage":1,"weight":1},"secesja":{"type":"fixes","node":"secesja","usage":1,"weight":1},"pl":{"type":"fixes","node":"pl","usage":1,"weight":1}},"Contributors":[],"FontIdentity":"93e804e9c3423e12ba6f303c3bdc2314","Bytes":2511240,"Networking":[],"barcode":"uigwk6ks6gmua","referee":"ykum8"}