{"CSS":{"DaxWide-Light":"DaxWide-Light.css"},"FontType":"TrueType","FontCopyright":"< info@fontfont.de > Copyright Hans Reichel, 1998. Published by FontShop International.  FontFont Release 23","FontName":"DaxWide","FontSubfamily":"Light","FontSubfamilyID":"FontForge 2.0 : DaxWide-Light : 14-8-2016","FontFullName":"Dax Wide Light","FontVersion":"Version 001.000 ","FontWeight":null,"FontPostscriptName":"DaxWide-Light","Files":{"\/fonts\/Unpacking\/be31bc66a8f540803892c0505bef4dafb1088e95\/LICENCE":"\/fonts\/Unpacking\/be31bc66a8f540803892c0505bef4dafb1088e95\/LICENCE","\/fonts\/Unpacking\/be31bc66a8f540803892c0505bef4dafb1088e95\/daxwide-light.afm":"\/fonts\/Unpacking\/be31bc66a8f540803892c0505bef4dafb1088e95\/daxwide-light.afm","\/fonts\/Unpacking\/be31bc66a8f540803892c0505bef4dafb1088e95\/daxwide-light.bin":"\/fonts\/Unpacking\/be31bc66a8f540803892c0505bef4dafb1088e95\/daxwide-light.bin","\/fonts\/Unpacking\/be31bc66a8f540803892c0505bef4dafb1088e95\/daxwide-light.cef":"\/fonts\/Unpacking\/be31bc66a8f540803892c0505bef4dafb1088e95\/daxwide-light.cef","\/fonts\/Unpacking\/be31bc66a8f540803892c0505bef4dafb1088e95\/daxwide-light.cff":"\/fonts\/Unpacking\/be31bc66a8f540803892c0505bef4dafb1088e95\/daxwide-light.cff","\/fonts\/Unpacking\/be31bc66a8f540803892c0505bef4dafb1088e95\/daxwide-light.cid":"\/fonts\/Unpacking\/be31bc66a8f540803892c0505bef4dafb1088e95\/daxwide-light.cid","\/fonts\/Unpacking\/be31bc66a8f540803892c0505bef4dafb1088e95\/daxwide-light.dfont":"\/fonts\/Unpacking\/be31bc66a8f540803892c0505bef4dafb1088e95\/daxwide-light.dfont","\/fonts\/Unpacking\/be31bc66a8f540803892c0505bef4dafb1088e95\/daxwide-light.eot":"\/fonts\/Unpacking\/be31bc66a8f540803892c0505bef4dafb1088e95\/daxwide-light.eot","\/fonts\/Unpacking\/be31bc66a8f540803892c0505bef4dafb1088e95\/daxwide-light.fon":"\/fonts\/Unpacking\/be31bc66a8f540803892c0505bef4dafb1088e95\/daxwide-light.fon","\/fonts\/Unpacking\/be31bc66a8f540803892c0505bef4dafb1088e95\/daxwide-light.gai":"\/fonts\/Unpacking\/be31bc66a8f540803892c0505bef4dafb1088e95\/daxwide-light.gai","\/fonts\/Unpacking\/be31bc66a8f540803892c0505bef4dafb1088e95\/daxwide-light.gsf":"\/fonts\/Unpacking\/be31bc66a8f540803892c0505bef4dafb1088e95\/daxwide-light.gsf","\/fonts\/Unpacking\/be31bc66a8f540803892c0505bef4dafb1088e95\/daxwide-light.hqx":"\/fonts\/Unpacking\/be31bc66a8f540803892c0505bef4dafb1088e95\/daxwide-light.hqx","\/fonts\/Unpacking\/be31bc66a8f540803892c0505bef4dafb1088e95\/daxwide-light.ik":"\/fonts\/Unpacking\/be31bc66a8f540803892c0505bef4dafb1088e95\/daxwide-light.ik","\/fonts\/Unpacking\/be31bc66a8f540803892c0505bef4dafb1088e95\/daxwide-light.mf":"\/fonts\/Unpacking\/be31bc66a8f540803892c0505bef4dafb1088e95\/daxwide-light.mf","\/fonts\/Unpacking\/be31bc66a8f540803892c0505bef4dafb1088e95\/daxwide-light.otf":"\/fonts\/Unpacking\/be31bc66a8f540803892c0505bef4dafb1088e95\/daxwide-light.otf","\/fonts\/Unpacking\/be31bc66a8f540803892c0505bef4dafb1088e95\/daxwide-light.pcf":"\/fonts\/Unpacking\/be31bc66a8f540803892c0505bef4dafb1088e95\/daxwide-light.pcf","\/fonts\/Unpacking\/be31bc66a8f540803892c0505bef4dafb1088e95\/daxwide-light.pf3":"\/fonts\/Unpacking\/be31bc66a8f540803892c0505bef4dafb1088e95\/daxwide-light.pf3","\/fonts\/Unpacking\/be31bc66a8f540803892c0505bef4dafb1088e95\/daxwide-light.pfa":"\/fonts\/Unpacking\/be31bc66a8f540803892c0505bef4dafb1088e95\/daxwide-light.pfa","\/fonts\/Unpacking\/be31bc66a8f540803892c0505bef4dafb1088e95\/daxwide-light.pfb":"\/fonts\/Unpacking\/be31bc66a8f540803892c0505bef4dafb1088e95\/daxwide-light.pfb","\/fonts\/Unpacking\/be31bc66a8f540803892c0505bef4dafb1088e95\/daxwide-light.php":"\/fonts\/Unpacking\/be31bc66a8f540803892c0505bef4dafb1088e95\/daxwide-light.php","\/fonts\/Unpacking\/be31bc66a8f540803892c0505bef4dafb1088e95\/daxwide-light.pmf":"\/fonts\/Unpacking\/be31bc66a8f540803892c0505bef4dafb1088e95\/daxwide-light.pmf","\/fonts\/Unpacking\/be31bc66a8f540803892c0505bef4dafb1088e95\/daxwide-light.pt3":"\/fonts\/Unpacking\/be31bc66a8f540803892c0505bef4dafb1088e95\/daxwide-light.pt3","\/fonts\/Unpacking\/be31bc66a8f540803892c0505bef4dafb1088e95\/daxwide-light.sfd":"\/fonts\/Unpacking\/be31bc66a8f540803892c0505bef4dafb1088e95\/daxwide-light.sfd","\/fonts\/Unpacking\/be31bc66a8f540803892c0505bef4dafb1088e95\/daxwide-light.svg":"\/fonts\/Unpacking\/be31bc66a8f540803892c0505bef4dafb1088e95\/daxwide-light.svg","\/fonts\/Unpacking\/be31bc66a8f540803892c0505bef4dafb1088e95\/daxwide-light.t42":"\/fonts\/Unpacking\/be31bc66a8f540803892c0505bef4dafb1088e95\/daxwide-light.t42","\/fonts\/Unpacking\/be31bc66a8f540803892c0505bef4dafb1088e95\/daxwide-light.ttd":"\/fonts\/Unpacking\/be31bc66a8f540803892c0505bef4dafb1088e95\/daxwide-light.ttd","\/fonts\/Unpacking\/be31bc66a8f540803892c0505bef4dafb1088e95\/daxwide-light.ttf":"\/fonts\/Unpacking\/be31bc66a8f540803892c0505bef4dafb1088e95\/daxwide-light.ttf","\/fonts\/Unpacking\/be31bc66a8f540803892c0505bef4dafb1088e95\/daxwide-light.ttg":"\/fonts\/Unpacking\/be31bc66a8f540803892c0505bef4dafb1088e95\/daxwide-light.ttg","\/fonts\/Unpacking\/be31bc66a8f540803892c0505bef4dafb1088e95\/daxwide-light.ufm":"\/fonts\/Unpacking\/be31bc66a8f540803892c0505bef4dafb1088e95\/daxwide-light.ufm","\/fonts\/Unpacking\/be31bc66a8f540803892c0505bef4dafb1088e95\/daxwide-light.woff":"\/fonts\/Unpacking\/be31bc66a8f540803892c0505bef4dafb1088e95\/daxwide-light.woff","\/fonts\/Unpacking\/be31bc66a8f540803892c0505bef4dafb1088e95\/daxwide-light.z":"\/fonts\/Unpacking\/be31bc66a8f540803892c0505bef4dafb1088e95\/daxwide-light.z","\/fonts\/Unpacking\/be31bc66a8f540803892c0505bef4dafb1088e95\/daxwide-light.ufo\/feature.fea":"\/fonts\/Unpacking\/be31bc66a8f540803892c0505bef4dafb1088e95\/daxwide-light.ufo\/feature.fea","\/fonts\/Unpacking\/be31bc66a8f540803892c0505bef4dafb1088e95\/daxwide-light.ufo\/fontinfo.plist":"\/fonts\/Unpacking\/be31bc66a8f540803892c0505bef4dafb1088e95\/daxwide-light.ufo\/fontinfo.plist","\/fonts\/Unpacking\/be31bc66a8f540803892c0505bef4dafb1088e95\/daxwide-light.ufo\/groups.plist":"\/fonts\/Unpacking\/be31bc66a8f540803892c0505bef4dafb1088e95\/daxwide-light.ufo\/groups.plist","\/fonts\/Unpacking\/be31bc66a8f540803892c0505bef4dafb1088e95\/daxwide-light.ufo\/kerning.plist":"\/fonts\/Unpacking\/be31bc66a8f540803892c0505bef4dafb1088e95\/daxwide-light.ufo\/kerning.plist","\/fonts\/Unpacking\/be31bc66a8f540803892c0505bef4dafb1088e95\/daxwide-light.ufo\/metainfo.plist":"\/fonts\/Unpacking\/be31bc66a8f540803892c0505bef4dafb1088e95\/daxwide-light.ufo\/metainfo.plist","\/fonts\/Unpacking\/be31bc66a8f540803892c0505bef4dafb1088e95\/daxwide-light.ufo\/glyphs\/A_.glif":"\/fonts\/Unpacking\/be31bc66a8f540803892c0505bef4dafb1088e95\/daxwide-light.ufo\/glyphs\/A_.glif","\/fonts\/Unpacking\/be31bc66a8f540803892c0505bef4dafb1088e95\/daxwide-light.ufo\/glyphs\/A_E_.glif":"\/fonts\/Unpacking\/be31bc66a8f540803892c0505bef4dafb1088e95\/daxwide-light.ufo\/glyphs\/A_E_.glif","\/fonts\/Unpacking\/be31bc66a8f540803892c0505bef4dafb1088e95\/daxwide-light.ufo\/glyphs\/A_acute.glif":"\/fonts\/Unpacking\/be31bc66a8f540803892c0505bef4dafb1088e95\/daxwide-light.ufo\/glyphs\/A_acute.glif","\/fonts\/Unpacking\/be31bc66a8f540803892c0505bef4dafb1088e95\/daxwide-light.ufo\/glyphs\/A_circumflex.glif":"\/fonts\/Unpacking\/be31bc66a8f540803892c0505bef4dafb1088e95\/daxwide-light.ufo\/glyphs\/A_circumflex.glif","\/fonts\/Unpacking\/be31bc66a8f540803892c0505bef4dafb1088e95\/daxwide-light.ufo\/glyphs\/A_dieresis.glif":"\/fonts\/Unpacking\/be31bc66a8f540803892c0505bef4dafb1088e95\/daxwide-light.ufo\/glyphs\/A_dieresis.glif","\/fonts\/Unpacking\/be31bc66a8f540803892c0505bef4dafb1088e95\/daxwide-light.ufo\/glyphs\/A_grave.glif":"\/fonts\/Unpacking\/be31bc66a8f540803892c0505bef4dafb1088e95\/daxwide-light.ufo\/glyphs\/A_grave.glif","\/fonts\/Unpacking\/be31bc66a8f540803892c0505bef4dafb1088e95\/daxwide-light.ufo\/glyphs\/A_ring.glif":"\/fonts\/Unpacking\/be31bc66a8f540803892c0505bef4dafb1088e95\/daxwide-light.ufo\/glyphs\/A_ring.glif","\/fonts\/Unpacking\/be31bc66a8f540803892c0505bef4dafb1088e95\/daxwide-light.ufo\/glyphs\/A_tilde.glif":"\/fonts\/Unpacking\/be31bc66a8f540803892c0505bef4dafb1088e95\/daxwide-light.ufo\/glyphs\/A_tilde.glif","\/fonts\/Unpacking\/be31bc66a8f540803892c0505bef4dafb1088e95\/daxwide-light.ufo\/glyphs\/B_.glif":"\/fonts\/Unpacking\/be31bc66a8f540803892c0505bef4dafb1088e95\/daxwide-light.ufo\/glyphs\/B_.glif","\/fonts\/Unpacking\/be31bc66a8f540803892c0505bef4dafb1088e95\/daxwide-light.ufo\/glyphs\/C_.glif":"\/fonts\/Unpacking\/be31bc66a8f540803892c0505bef4dafb1088e95\/daxwide-light.ufo\/glyphs\/C_.glif","\/fonts\/Unpacking\/be31bc66a8f540803892c0505bef4dafb1088e95\/daxwide-light.ufo\/glyphs\/C_cedilla.glif":"\/fonts\/Unpacking\/be31bc66a8f540803892c0505bef4dafb1088e95\/daxwide-light.ufo\/glyphs\/C_cedilla.glif","\/fonts\/Unpacking\/be31bc66a8f540803892c0505bef4dafb1088e95\/daxwide-light.ufo\/glyphs\/D_.glif":"\/fonts\/Unpacking\/be31bc66a8f540803892c0505bef4dafb1088e95\/daxwide-light.ufo\/glyphs\/D_.glif","\/fonts\/Unpacking\/be31bc66a8f540803892c0505bef4dafb1088e95\/daxwide-light.ufo\/glyphs\/E_.glif":"\/fonts\/Unpacking\/be31bc66a8f540803892c0505bef4dafb1088e95\/daxwide-light.ufo\/glyphs\/E_.glif","\/fonts\/Unpacking\/be31bc66a8f540803892c0505bef4dafb1088e95\/daxwide-light.ufo\/glyphs\/E_acute.glif":"\/fonts\/Unpacking\/be31bc66a8f540803892c0505bef4dafb1088e95\/daxwide-light.ufo\/glyphs\/E_acute.glif","\/fonts\/Unpacking\/be31bc66a8f540803892c0505bef4dafb1088e95\/daxwide-light.ufo\/glyphs\/E_circumflex.glif":"\/fonts\/Unpacking\/be31bc66a8f540803892c0505bef4dafb1088e95\/daxwide-light.ufo\/glyphs\/E_circumflex.glif","\/fonts\/Unpacking\/be31bc66a8f540803892c0505bef4dafb1088e95\/daxwide-light.ufo\/glyphs\/E_dieresis.glif":"\/fonts\/Unpacking\/be31bc66a8f540803892c0505bef4dafb1088e95\/daxwide-light.ufo\/glyphs\/E_dieresis.glif","\/fonts\/Unpacking\/be31bc66a8f540803892c0505bef4dafb1088e95\/daxwide-light.ufo\/glyphs\/E_grave.glif":"\/fonts\/Unpacking\/be31bc66a8f540803892c0505bef4dafb1088e95\/daxwide-light.ufo\/glyphs\/E_grave.glif","\/fonts\/Unpacking\/be31bc66a8f540803892c0505bef4dafb1088e95\/daxwide-light.ufo\/glyphs\/E_th.glif":"\/fonts\/Unpacking\/be31bc66a8f540803892c0505bef4dafb1088e95\/daxwide-light.ufo\/glyphs\/E_th.glif","\/fonts\/Unpacking\/be31bc66a8f540803892c0505bef4dafb1088e95\/daxwide-light.ufo\/glyphs\/F_.glif":"\/fonts\/Unpacking\/be31bc66a8f540803892c0505bef4dafb1088e95\/daxwide-light.ufo\/glyphs\/F_.glif","\/fonts\/Unpacking\/be31bc66a8f540803892c0505bef4dafb1088e95\/daxwide-light.ufo\/glyphs\/G_.glif":"\/fonts\/Unpacking\/be31bc66a8f540803892c0505bef4dafb1088e95\/daxwide-light.ufo\/glyphs\/G_.glif","\/fonts\/Unpacking\/be31bc66a8f540803892c0505bef4dafb1088e95\/daxwide-light.ufo\/glyphs\/H_.glif":"\/fonts\/Unpacking\/be31bc66a8f540803892c0505bef4dafb1088e95\/daxwide-light.ufo\/glyphs\/H_.glif","\/fonts\/Unpacking\/be31bc66a8f540803892c0505bef4dafb1088e95\/daxwide-light.ufo\/glyphs\/I_.glif":"\/fonts\/Unpacking\/be31bc66a8f540803892c0505bef4dafb1088e95\/daxwide-light.ufo\/glyphs\/I_.glif","\/fonts\/Unpacking\/be31bc66a8f540803892c0505bef4dafb1088e95\/daxwide-light.ufo\/glyphs\/I_acute.glif":"\/fonts\/Unpacking\/be31bc66a8f540803892c0505bef4dafb1088e95\/daxwide-light.ufo\/glyphs\/I_acute.glif","\/fonts\/Unpacking\/be31bc66a8f540803892c0505bef4dafb1088e95\/daxwide-light.ufo\/glyphs\/I_circumflex.glif":"\/fonts\/Unpacking\/be31bc66a8f540803892c0505bef4dafb1088e95\/daxwide-light.ufo\/glyphs\/I_circumflex.glif","\/fonts\/Unpacking\/be31bc66a8f540803892c0505bef4dafb1088e95\/daxwide-light.ufo\/glyphs\/I_dieresis.glif":"\/fonts\/Unpacking\/be31bc66a8f540803892c0505bef4dafb1088e95\/daxwide-light.ufo\/glyphs\/I_dieresis.glif","\/fonts\/Unpacking\/be31bc66a8f540803892c0505bef4dafb1088e95\/daxwide-light.ufo\/glyphs\/I_grave.glif":"\/fonts\/Unpacking\/be31bc66a8f540803892c0505bef4dafb1088e95\/daxwide-light.ufo\/glyphs\/I_grave.glif","\/fonts\/Unpacking\/be31bc66a8f540803892c0505bef4dafb1088e95\/daxwide-light.ufo\/glyphs\/J_.glif":"\/fonts\/Unpacking\/be31bc66a8f540803892c0505bef4dafb1088e95\/daxwide-light.ufo\/glyphs\/J_.glif","\/fonts\/Unpacking\/be31bc66a8f540803892c0505bef4dafb1088e95\/daxwide-light.ufo\/glyphs\/K_.glif":"\/fonts\/Unpacking\/be31bc66a8f540803892c0505bef4dafb1088e95\/daxwide-light.ufo\/glyphs\/K_.glif","\/fonts\/Unpacking\/be31bc66a8f540803892c0505bef4dafb1088e95\/daxwide-light.ufo\/glyphs\/L_.glif":"\/fonts\/Unpacking\/be31bc66a8f540803892c0505bef4dafb1088e95\/daxwide-light.ufo\/glyphs\/L_.glif","\/fonts\/Unpacking\/be31bc66a8f540803892c0505bef4dafb1088e95\/daxwide-light.ufo\/glyphs\/L_slash.glif":"\/fonts\/Unpacking\/be31bc66a8f540803892c0505bef4dafb1088e95\/daxwide-light.ufo\/glyphs\/L_slash.glif","\/fonts\/Unpacking\/be31bc66a8f540803892c0505bef4dafb1088e95\/daxwide-light.ufo\/glyphs\/M_.glif":"\/fonts\/Unpacking\/be31bc66a8f540803892c0505bef4dafb1088e95\/daxwide-light.ufo\/glyphs\/M_.glif","\/fonts\/Unpacking\/be31bc66a8f540803892c0505bef4dafb1088e95\/daxwide-light.ufo\/glyphs\/N_.glif":"\/fonts\/Unpacking\/be31bc66a8f540803892c0505bef4dafb1088e95\/daxwide-light.ufo\/glyphs\/N_.glif","\/fonts\/Unpacking\/be31bc66a8f540803892c0505bef4dafb1088e95\/daxwide-light.ufo\/glyphs\/N_tilde.glif":"\/fonts\/Unpacking\/be31bc66a8f540803892c0505bef4dafb1088e95\/daxwide-light.ufo\/glyphs\/N_tilde.glif","\/fonts\/Unpacking\/be31bc66a8f540803892c0505bef4dafb1088e95\/daxwide-light.ufo\/glyphs\/O_.glif":"\/fonts\/Unpacking\/be31bc66a8f540803892c0505bef4dafb1088e95\/daxwide-light.ufo\/glyphs\/O_.glif","\/fonts\/Unpacking\/be31bc66a8f540803892c0505bef4dafb1088e95\/daxwide-light.ufo\/glyphs\/O_E_.glif":"\/fonts\/Unpacking\/be31bc66a8f540803892c0505bef4dafb1088e95\/daxwide-light.ufo\/glyphs\/O_E_.glif","\/fonts\/Unpacking\/be31bc66a8f540803892c0505bef4dafb1088e95\/daxwide-light.ufo\/glyphs\/O_acute.glif":"\/fonts\/Unpacking\/be31bc66a8f540803892c0505bef4dafb1088e95\/daxwide-light.ufo\/glyphs\/O_acute.glif","\/fonts\/Unpacking\/be31bc66a8f540803892c0505bef4dafb1088e95\/daxwide-light.ufo\/glyphs\/O_circumflex.glif":"\/fonts\/Unpacking\/be31bc66a8f540803892c0505bef4dafb1088e95\/daxwide-light.ufo\/glyphs\/O_circumflex.glif","\/fonts\/Unpacking\/be31bc66a8f540803892c0505bef4dafb1088e95\/daxwide-light.ufo\/glyphs\/O_dieresis.glif":"\/fonts\/Unpacking\/be31bc66a8f540803892c0505bef4dafb1088e95\/daxwide-light.ufo\/glyphs\/O_dieresis.glif","\/fonts\/Unpacking\/be31bc66a8f540803892c0505bef4dafb1088e95\/daxwide-light.ufo\/glyphs\/O_grave.glif":"\/fonts\/Unpacking\/be31bc66a8f540803892c0505bef4dafb1088e95\/daxwide-light.ufo\/glyphs\/O_grave.glif","\/fonts\/Unpacking\/be31bc66a8f540803892c0505bef4dafb1088e95\/daxwide-light.ufo\/glyphs\/O_slash.glif":"\/fonts\/Unpacking\/be31bc66a8f540803892c0505bef4dafb1088e95\/daxwide-light.ufo\/glyphs\/O_slash.glif","\/fonts\/Unpacking\/be31bc66a8f540803892c0505bef4dafb1088e95\/daxwide-light.ufo\/glyphs\/O_tilde.glif":"\/fonts\/Unpacking\/be31bc66a8f540803892c0505bef4dafb1088e95\/daxwide-light.ufo\/glyphs\/O_tilde.glif","\/fonts\/Unpacking\/be31bc66a8f540803892c0505bef4dafb1088e95\/daxwide-light.ufo\/glyphs\/P_.glif":"\/fonts\/Unpacking\/be31bc66a8f540803892c0505bef4dafb1088e95\/daxwide-light.ufo\/glyphs\/P_.glif","\/fonts\/Unpacking\/be31bc66a8f540803892c0505bef4dafb1088e95\/daxwide-light.ufo\/glyphs\/Q_.glif":"\/fonts\/Unpacking\/be31bc66a8f540803892c0505bef4dafb1088e95\/daxwide-light.ufo\/glyphs\/Q_.glif","\/fonts\/Unpacking\/be31bc66a8f540803892c0505bef4dafb1088e95\/daxwide-light.ufo\/glyphs\/R_.glif":"\/fonts\/Unpacking\/be31bc66a8f540803892c0505bef4dafb1088e95\/daxwide-light.ufo\/glyphs\/R_.glif","\/fonts\/Unpacking\/be31bc66a8f540803892c0505bef4dafb1088e95\/daxwide-light.ufo\/glyphs\/S_.glif":"\/fonts\/Unpacking\/be31bc66a8f540803892c0505bef4dafb1088e95\/daxwide-light.ufo\/glyphs\/S_.glif","\/fonts\/Unpacking\/be31bc66a8f540803892c0505bef4dafb1088e95\/daxwide-light.ufo\/glyphs\/S_caron.glif":"\/fonts\/Unpacking\/be31bc66a8f540803892c0505bef4dafb1088e95\/daxwide-light.ufo\/glyphs\/S_caron.glif","\/fonts\/Unpacking\/be31bc66a8f540803892c0505bef4dafb1088e95\/daxwide-light.ufo\/glyphs\/T_.glif":"\/fonts\/Unpacking\/be31bc66a8f540803892c0505bef4dafb1088e95\/daxwide-light.ufo\/glyphs\/T_.glif","\/fonts\/Unpacking\/be31bc66a8f540803892c0505bef4dafb1088e95\/daxwide-light.ufo\/glyphs\/T_horn.glif":"\/fonts\/Unpacking\/be31bc66a8f540803892c0505bef4dafb1088e95\/daxwide-light.ufo\/glyphs\/T_horn.glif","\/fonts\/Unpacking\/be31bc66a8f540803892c0505bef4dafb1088e95\/daxwide-light.ufo\/glyphs\/U_.glif":"\/fonts\/Unpacking\/be31bc66a8f540803892c0505bef4dafb1088e95\/daxwide-light.ufo\/glyphs\/U_.glif","\/fonts\/Unpacking\/be31bc66a8f540803892c0505bef4dafb1088e95\/daxwide-light.ufo\/glyphs\/U_acute.glif":"\/fonts\/Unpacking\/be31bc66a8f540803892c0505bef4dafb1088e95\/daxwide-light.ufo\/glyphs\/U_acute.glif","\/fonts\/Unpacking\/be31bc66a8f540803892c0505bef4dafb1088e95\/daxwide-light.ufo\/glyphs\/U_circumflex.glif":"\/fonts\/Unpacking\/be31bc66a8f540803892c0505bef4dafb1088e95\/daxwide-light.ufo\/glyphs\/U_circumflex.glif","\/fonts\/Unpacking\/be31bc66a8f540803892c0505bef4dafb1088e95\/daxwide-light.ufo\/glyphs\/U_dieresis.glif":"\/fonts\/Unpacking\/be31bc66a8f540803892c0505bef4dafb1088e95\/daxwide-light.ufo\/glyphs\/U_dieresis.glif","\/fonts\/Unpacking\/be31bc66a8f540803892c0505bef4dafb1088e95\/daxwide-light.ufo\/glyphs\/U_grave.glif":"\/fonts\/Unpacking\/be31bc66a8f540803892c0505bef4dafb1088e95\/daxwide-light.ufo\/glyphs\/U_grave.glif","\/fonts\/Unpacking\/be31bc66a8f540803892c0505bef4dafb1088e95\/daxwide-light.ufo\/glyphs\/V_.glif":"\/fonts\/Unpacking\/be31bc66a8f540803892c0505bef4dafb1088e95\/daxwide-light.ufo\/glyphs\/V_.glif","\/fonts\/Unpacking\/be31bc66a8f540803892c0505bef4dafb1088e95\/daxwide-light.ufo\/glyphs\/W_.glif":"\/fonts\/Unpacking\/be31bc66a8f540803892c0505bef4dafb1088e95\/daxwide-light.ufo\/glyphs\/W_.glif","\/fonts\/Unpacking\/be31bc66a8f540803892c0505bef4dafb1088e95\/daxwide-light.ufo\/glyphs\/X_.glif":"\/fonts\/Unpacking\/be31bc66a8f540803892c0505bef4dafb1088e95\/daxwide-light.ufo\/glyphs\/X_.glif","\/fonts\/Unpacking\/be31bc66a8f540803892c0505bef4dafb1088e95\/daxwide-light.ufo\/glyphs\/Y_.glif":"\/fonts\/Unpacking\/be31bc66a8f540803892c0505bef4dafb1088e95\/daxwide-light.ufo\/glyphs\/Y_.glif","\/fonts\/Unpacking\/be31bc66a8f540803892c0505bef4dafb1088e95\/daxwide-light.ufo\/glyphs\/Y_acute.glif":"\/fonts\/Unpacking\/be31bc66a8f540803892c0505bef4dafb1088e95\/daxwide-light.ufo\/glyphs\/Y_acute.glif","\/fonts\/Unpacking\/be31bc66a8f540803892c0505bef4dafb1088e95\/daxwide-light.ufo\/glyphs\/Y_dieresis.glif":"\/fonts\/Unpacking\/be31bc66a8f540803892c0505bef4dafb1088e95\/daxwide-light.ufo\/glyphs\/Y_dieresis.glif","\/fonts\/Unpacking\/be31bc66a8f540803892c0505bef4dafb1088e95\/daxwide-light.ufo\/glyphs\/Z_.glif":"\/fonts\/Unpacking\/be31bc66a8f540803892c0505bef4dafb1088e95\/daxwide-light.ufo\/glyphs\/Z_.glif","\/fonts\/Unpacking\/be31bc66a8f540803892c0505bef4dafb1088e95\/daxwide-light.ufo\/glyphs\/Z_caron.glif":"\/fonts\/Unpacking\/be31bc66a8f540803892c0505bef4dafb1088e95\/daxwide-light.ufo\/glyphs\/Z_caron.glif","\/fonts\/Unpacking\/be31bc66a8f540803892c0505bef4dafb1088e95\/daxwide-light.ufo\/glyphs\/a.glif":"\/fonts\/Unpacking\/be31bc66a8f540803892c0505bef4dafb1088e95\/daxwide-light.ufo\/glyphs\/a.glif","\/fonts\/Unpacking\/be31bc66a8f540803892c0505bef4dafb1088e95\/daxwide-light.ufo\/glyphs\/aacute.glif":"\/fonts\/Unpacking\/be31bc66a8f540803892c0505bef4dafb1088e95\/daxwide-light.ufo\/glyphs\/aacute.glif","\/fonts\/Unpacking\/be31bc66a8f540803892c0505bef4dafb1088e95\/daxwide-light.ufo\/glyphs\/acircumflex.glif":"\/fonts\/Unpacking\/be31bc66a8f540803892c0505bef4dafb1088e95\/daxwide-light.ufo\/glyphs\/acircumflex.glif","\/fonts\/Unpacking\/be31bc66a8f540803892c0505bef4dafb1088e95\/daxwide-light.ufo\/glyphs\/acute.glif":"\/fonts\/Unpacking\/be31bc66a8f540803892c0505bef4dafb1088e95\/daxwide-light.ufo\/glyphs\/acute.glif","\/fonts\/Unpacking\/be31bc66a8f540803892c0505bef4dafb1088e95\/daxwide-light.ufo\/glyphs\/adieresis.glif":"\/fonts\/Unpacking\/be31bc66a8f540803892c0505bef4dafb1088e95\/daxwide-light.ufo\/glyphs\/adieresis.glif","\/fonts\/Unpacking\/be31bc66a8f540803892c0505bef4dafb1088e95\/daxwide-light.ufo\/glyphs\/ae.glif":"\/fonts\/Unpacking\/be31bc66a8f540803892c0505bef4dafb1088e95\/daxwide-light.ufo\/glyphs\/ae.glif","\/fonts\/Unpacking\/be31bc66a8f540803892c0505bef4dafb1088e95\/daxwide-light.ufo\/glyphs\/agrave.glif":"\/fonts\/Unpacking\/be31bc66a8f540803892c0505bef4dafb1088e95\/daxwide-light.ufo\/glyphs\/agrave.glif","\/fonts\/Unpacking\/be31bc66a8f540803892c0505bef4dafb1088e95\/daxwide-light.ufo\/glyphs\/ampersand.glif":"\/fonts\/Unpacking\/be31bc66a8f540803892c0505bef4dafb1088e95\/daxwide-light.ufo\/glyphs\/ampersand.glif","\/fonts\/Unpacking\/be31bc66a8f540803892c0505bef4dafb1088e95\/daxwide-light.ufo\/glyphs\/aring.glif":"\/fonts\/Unpacking\/be31bc66a8f540803892c0505bef4dafb1088e95\/daxwide-light.ufo\/glyphs\/aring.glif","\/fonts\/Unpacking\/be31bc66a8f540803892c0505bef4dafb1088e95\/daxwide-light.ufo\/glyphs\/asciicircum.glif":"\/fonts\/Unpacking\/be31bc66a8f540803892c0505bef4dafb1088e95\/daxwide-light.ufo\/glyphs\/asciicircum.glif","\/fonts\/Unpacking\/be31bc66a8f540803892c0505bef4dafb1088e95\/daxwide-light.ufo\/glyphs\/asciitilde.glif":"\/fonts\/Unpacking\/be31bc66a8f540803892c0505bef4dafb1088e95\/daxwide-light.ufo\/glyphs\/asciitilde.glif","\/fonts\/Unpacking\/be31bc66a8f540803892c0505bef4dafb1088e95\/daxwide-light.ufo\/glyphs\/asterisk.glif":"\/fonts\/Unpacking\/be31bc66a8f540803892c0505bef4dafb1088e95\/daxwide-light.ufo\/glyphs\/asterisk.glif","\/fonts\/Unpacking\/be31bc66a8f540803892c0505bef4dafb1088e95\/daxwide-light.ufo\/glyphs\/at.glif":"\/fonts\/Unpacking\/be31bc66a8f540803892c0505bef4dafb1088e95\/daxwide-light.ufo\/glyphs\/at.glif","\/fonts\/Unpacking\/be31bc66a8f540803892c0505bef4dafb1088e95\/daxwide-light.ufo\/glyphs\/atilde.glif":"\/fonts\/Unpacking\/be31bc66a8f540803892c0505bef4dafb1088e95\/daxwide-light.ufo\/glyphs\/atilde.glif","\/fonts\/Unpacking\/be31bc66a8f540803892c0505bef4dafb1088e95\/daxwide-light.ufo\/glyphs\/b.glif":"\/fonts\/Unpacking\/be31bc66a8f540803892c0505bef4dafb1088e95\/daxwide-light.ufo\/glyphs\/b.glif","\/fonts\/Unpacking\/be31bc66a8f540803892c0505bef4dafb1088e95\/daxwide-light.ufo\/glyphs\/backslash.glif":"\/fonts\/Unpacking\/be31bc66a8f540803892c0505bef4dafb1088e95\/daxwide-light.ufo\/glyphs\/backslash.glif","\/fonts\/Unpacking\/be31bc66a8f540803892c0505bef4dafb1088e95\/daxwide-light.ufo\/glyphs\/bar.glif":"\/fonts\/Unpacking\/be31bc66a8f540803892c0505bef4dafb1088e95\/daxwide-light.ufo\/glyphs\/bar.glif","\/fonts\/Unpacking\/be31bc66a8f540803892c0505bef4dafb1088e95\/daxwide-light.ufo\/glyphs\/braceleft.glif":"\/fonts\/Unpacking\/be31bc66a8f540803892c0505bef4dafb1088e95\/daxwide-light.ufo\/glyphs\/braceleft.glif","\/fonts\/Unpacking\/be31bc66a8f540803892c0505bef4dafb1088e95\/daxwide-light.ufo\/glyphs\/braceright.glif":"\/fonts\/Unpacking\/be31bc66a8f540803892c0505bef4dafb1088e95\/daxwide-light.ufo\/glyphs\/braceright.glif","\/fonts\/Unpacking\/be31bc66a8f540803892c0505bef4dafb1088e95\/daxwide-light.ufo\/glyphs\/bracketleft.glif":"\/fonts\/Unpacking\/be31bc66a8f540803892c0505bef4dafb1088e95\/daxwide-light.ufo\/glyphs\/bracketleft.glif","\/fonts\/Unpacking\/be31bc66a8f540803892c0505bef4dafb1088e95\/daxwide-light.ufo\/glyphs\/bracketright.glif":"\/fonts\/Unpacking\/be31bc66a8f540803892c0505bef4dafb1088e95\/daxwide-light.ufo\/glyphs\/bracketright.glif","\/fonts\/Unpacking\/be31bc66a8f540803892c0505bef4dafb1088e95\/daxwide-light.ufo\/glyphs\/breve.glif":"\/fonts\/Unpacking\/be31bc66a8f540803892c0505bef4dafb1088e95\/daxwide-light.ufo\/glyphs\/breve.glif","\/fonts\/Unpacking\/be31bc66a8f540803892c0505bef4dafb1088e95\/daxwide-light.ufo\/glyphs\/brokenbar.glif":"\/fonts\/Unpacking\/be31bc66a8f540803892c0505bef4dafb1088e95\/daxwide-light.ufo\/glyphs\/brokenbar.glif","\/fonts\/Unpacking\/be31bc66a8f540803892c0505bef4dafb1088e95\/daxwide-light.ufo\/glyphs\/bullet.glif":"\/fonts\/Unpacking\/be31bc66a8f540803892c0505bef4dafb1088e95\/daxwide-light.ufo\/glyphs\/bullet.glif","\/fonts\/Unpacking\/be31bc66a8f540803892c0505bef4dafb1088e95\/daxwide-light.ufo\/glyphs\/c.glif":"\/fonts\/Unpacking\/be31bc66a8f540803892c0505bef4dafb1088e95\/daxwide-light.ufo\/glyphs\/c.glif","\/fonts\/Unpacking\/be31bc66a8f540803892c0505bef4dafb1088e95\/daxwide-light.ufo\/glyphs\/caron.glif":"\/fonts\/Unpacking\/be31bc66a8f540803892c0505bef4dafb1088e95\/daxwide-light.ufo\/glyphs\/caron.glif","\/fonts\/Unpacking\/be31bc66a8f540803892c0505bef4dafb1088e95\/daxwide-light.ufo\/glyphs\/ccedilla.glif":"\/fonts\/Unpacking\/be31bc66a8f540803892c0505bef4dafb1088e95\/daxwide-light.ufo\/glyphs\/ccedilla.glif","\/fonts\/Unpacking\/be31bc66a8f540803892c0505bef4dafb1088e95\/daxwide-light.ufo\/glyphs\/cedilla.glif":"\/fonts\/Unpacking\/be31bc66a8f540803892c0505bef4dafb1088e95\/daxwide-light.ufo\/glyphs\/cedilla.glif","\/fonts\/Unpacking\/be31bc66a8f540803892c0505bef4dafb1088e95\/daxwide-light.ufo\/glyphs\/cent.glif":"\/fonts\/Unpacking\/be31bc66a8f540803892c0505bef4dafb1088e95\/daxwide-light.ufo\/glyphs\/cent.glif","\/fonts\/Unpacking\/be31bc66a8f540803892c0505bef4dafb1088e95\/daxwide-light.ufo\/glyphs\/circumflex.glif":"\/fonts\/Unpacking\/be31bc66a8f540803892c0505bef4dafb1088e95\/daxwide-light.ufo\/glyphs\/circumflex.glif","\/fonts\/Unpacking\/be31bc66a8f540803892c0505bef4dafb1088e95\/daxwide-light.ufo\/glyphs\/colon.glif":"\/fonts\/Unpacking\/be31bc66a8f540803892c0505bef4dafb1088e95\/daxwide-light.ufo\/glyphs\/colon.glif","\/fonts\/Unpacking\/be31bc66a8f540803892c0505bef4dafb1088e95\/daxwide-light.ufo\/glyphs\/comma.glif":"\/fonts\/Unpacking\/be31bc66a8f540803892c0505bef4dafb1088e95\/daxwide-light.ufo\/glyphs\/comma.glif","\/fonts\/Unpacking\/be31bc66a8f540803892c0505bef4dafb1088e95\/daxwide-light.ufo\/glyphs\/contents.plist":"\/fonts\/Unpacking\/be31bc66a8f540803892c0505bef4dafb1088e95\/daxwide-light.ufo\/glyphs\/contents.plist","\/fonts\/Unpacking\/be31bc66a8f540803892c0505bef4dafb1088e95\/daxwide-light.ufo\/glyphs\/copyright.glif":"\/fonts\/Unpacking\/be31bc66a8f540803892c0505bef4dafb1088e95\/daxwide-light.ufo\/glyphs\/copyright.glif","\/fonts\/Unpacking\/be31bc66a8f540803892c0505bef4dafb1088e95\/daxwide-light.ufo\/glyphs\/currency.glif":"\/fonts\/Unpacking\/be31bc66a8f540803892c0505bef4dafb1088e95\/daxwide-light.ufo\/glyphs\/currency.glif","\/fonts\/Unpacking\/be31bc66a8f540803892c0505bef4dafb1088e95\/daxwide-light.ufo\/glyphs\/d.glif":"\/fonts\/Unpacking\/be31bc66a8f540803892c0505bef4dafb1088e95\/daxwide-light.ufo\/glyphs\/d.glif","\/fonts\/Unpacking\/be31bc66a8f540803892c0505bef4dafb1088e95\/daxwide-light.ufo\/glyphs\/dagger.glif":"\/fonts\/Unpacking\/be31bc66a8f540803892c0505bef4dafb1088e95\/daxwide-light.ufo\/glyphs\/dagger.glif","\/fonts\/Unpacking\/be31bc66a8f540803892c0505bef4dafb1088e95\/daxwide-light.ufo\/glyphs\/daggerdbl.glif":"\/fonts\/Unpacking\/be31bc66a8f540803892c0505bef4dafb1088e95\/daxwide-light.ufo\/glyphs\/daggerdbl.glif","\/fonts\/Unpacking\/be31bc66a8f540803892c0505bef4dafb1088e95\/daxwide-light.ufo\/glyphs\/degree.glif":"\/fonts\/Unpacking\/be31bc66a8f540803892c0505bef4dafb1088e95\/daxwide-light.ufo\/glyphs\/degree.glif","\/fonts\/Unpacking\/be31bc66a8f540803892c0505bef4dafb1088e95\/daxwide-light.ufo\/glyphs\/dieresis.glif":"\/fonts\/Unpacking\/be31bc66a8f540803892c0505bef4dafb1088e95\/daxwide-light.ufo\/glyphs\/dieresis.glif","\/fonts\/Unpacking\/be31bc66a8f540803892c0505bef4dafb1088e95\/daxwide-light.ufo\/glyphs\/divide.glif":"\/fonts\/Unpacking\/be31bc66a8f540803892c0505bef4dafb1088e95\/daxwide-light.ufo\/glyphs\/divide.glif","\/fonts\/Unpacking\/be31bc66a8f540803892c0505bef4dafb1088e95\/daxwide-light.ufo\/glyphs\/dollar.glif":"\/fonts\/Unpacking\/be31bc66a8f540803892c0505bef4dafb1088e95\/daxwide-light.ufo\/glyphs\/dollar.glif","\/fonts\/Unpacking\/be31bc66a8f540803892c0505bef4dafb1088e95\/daxwide-light.ufo\/glyphs\/dotaccent.glif":"\/fonts\/Unpacking\/be31bc66a8f540803892c0505bef4dafb1088e95\/daxwide-light.ufo\/glyphs\/dotaccent.glif","\/fonts\/Unpacking\/be31bc66a8f540803892c0505bef4dafb1088e95\/daxwide-light.ufo\/glyphs\/dotlessi.glif":"\/fonts\/Unpacking\/be31bc66a8f540803892c0505bef4dafb1088e95\/daxwide-light.ufo\/glyphs\/dotlessi.glif","\/fonts\/Unpacking\/be31bc66a8f540803892c0505bef4dafb1088e95\/daxwide-light.ufo\/glyphs\/e.glif":"\/fonts\/Unpacking\/be31bc66a8f540803892c0505bef4dafb1088e95\/daxwide-light.ufo\/glyphs\/e.glif","\/fonts\/Unpacking\/be31bc66a8f540803892c0505bef4dafb1088e95\/daxwide-light.ufo\/glyphs\/eacute.glif":"\/fonts\/Unpacking\/be31bc66a8f540803892c0505bef4dafb1088e95\/daxwide-light.ufo\/glyphs\/eacute.glif","\/fonts\/Unpacking\/be31bc66a8f540803892c0505bef4dafb1088e95\/daxwide-light.ufo\/glyphs\/ecircumflex.glif":"\/fonts\/Unpacking\/be31bc66a8f540803892c0505bef4dafb1088e95\/daxwide-light.ufo\/glyphs\/ecircumflex.glif","\/fonts\/Unpacking\/be31bc66a8f540803892c0505bef4dafb1088e95\/daxwide-light.ufo\/glyphs\/edieresis.glif":"\/fonts\/Unpacking\/be31bc66a8f540803892c0505bef4dafb1088e95\/daxwide-light.ufo\/glyphs\/edieresis.glif","\/fonts\/Unpacking\/be31bc66a8f540803892c0505bef4dafb1088e95\/daxwide-light.ufo\/glyphs\/egrave.glif":"\/fonts\/Unpacking\/be31bc66a8f540803892c0505bef4dafb1088e95\/daxwide-light.ufo\/glyphs\/egrave.glif","\/fonts\/Unpacking\/be31bc66a8f540803892c0505bef4dafb1088e95\/daxwide-light.ufo\/glyphs\/eight.glif":"\/fonts\/Unpacking\/be31bc66a8f540803892c0505bef4dafb1088e95\/daxwide-light.ufo\/glyphs\/eight.glif","\/fonts\/Unpacking\/be31bc66a8f540803892c0505bef4dafb1088e95\/daxwide-light.ufo\/glyphs\/ellipsis.glif":"\/fonts\/Unpacking\/be31bc66a8f540803892c0505bef4dafb1088e95\/daxwide-light.ufo\/glyphs\/ellipsis.glif","\/fonts\/Unpacking\/be31bc66a8f540803892c0505bef4dafb1088e95\/daxwide-light.ufo\/glyphs\/emdash.glif":"\/fonts\/Unpacking\/be31bc66a8f540803892c0505bef4dafb1088e95\/daxwide-light.ufo\/glyphs\/emdash.glif","\/fonts\/Unpacking\/be31bc66a8f540803892c0505bef4dafb1088e95\/daxwide-light.ufo\/glyphs\/endash.glif":"\/fonts\/Unpacking\/be31bc66a8f540803892c0505bef4dafb1088e95\/daxwide-light.ufo\/glyphs\/endash.glif","\/fonts\/Unpacking\/be31bc66a8f540803892c0505bef4dafb1088e95\/daxwide-light.ufo\/glyphs\/equal.glif":"\/fonts\/Unpacking\/be31bc66a8f540803892c0505bef4dafb1088e95\/daxwide-light.ufo\/glyphs\/equal.glif","\/fonts\/Unpacking\/be31bc66a8f540803892c0505bef4dafb1088e95\/daxwide-light.ufo\/glyphs\/eth.glif":"\/fonts\/Unpacking\/be31bc66a8f540803892c0505bef4dafb1088e95\/daxwide-light.ufo\/glyphs\/eth.glif","\/fonts\/Unpacking\/be31bc66a8f540803892c0505bef4dafb1088e95\/daxwide-light.ufo\/glyphs\/exclam.glif":"\/fonts\/Unpacking\/be31bc66a8f540803892c0505bef4dafb1088e95\/daxwide-light.ufo\/glyphs\/exclam.glif","\/fonts\/Unpacking\/be31bc66a8f540803892c0505bef4dafb1088e95\/daxwide-light.ufo\/glyphs\/exclamdown.glif":"\/fonts\/Unpacking\/be31bc66a8f540803892c0505bef4dafb1088e95\/daxwide-light.ufo\/glyphs\/exclamdown.glif","\/fonts\/Unpacking\/be31bc66a8f540803892c0505bef4dafb1088e95\/daxwide-light.ufo\/glyphs\/f.glif":"\/fonts\/Unpacking\/be31bc66a8f540803892c0505bef4dafb1088e95\/daxwide-light.ufo\/glyphs\/f.glif","\/fonts\/Unpacking\/be31bc66a8f540803892c0505bef4dafb1088e95\/daxwide-light.ufo\/glyphs\/fi.glif":"\/fonts\/Unpacking\/be31bc66a8f540803892c0505bef4dafb1088e95\/daxwide-light.ufo\/glyphs\/fi.glif","\/fonts\/Unpacking\/be31bc66a8f540803892c0505bef4dafb1088e95\/daxwide-light.ufo\/glyphs\/five.glif":"\/fonts\/Unpacking\/be31bc66a8f540803892c0505bef4dafb1088e95\/daxwide-light.ufo\/glyphs\/five.glif","\/fonts\/Unpacking\/be31bc66a8f540803892c0505bef4dafb1088e95\/daxwide-light.ufo\/glyphs\/fl.glif":"\/fonts\/Unpacking\/be31bc66a8f540803892c0505bef4dafb1088e95\/daxwide-light.ufo\/glyphs\/fl.glif","\/fonts\/Unpacking\/be31bc66a8f540803892c0505bef4dafb1088e95\/daxwide-light.ufo\/glyphs\/florin.glif":"\/fonts\/Unpacking\/be31bc66a8f540803892c0505bef4dafb1088e95\/daxwide-light.ufo\/glyphs\/florin.glif","\/fonts\/Unpacking\/be31bc66a8f540803892c0505bef4dafb1088e95\/daxwide-light.ufo\/glyphs\/four.glif":"\/fonts\/Unpacking\/be31bc66a8f540803892c0505bef4dafb1088e95\/daxwide-light.ufo\/glyphs\/four.glif","\/fonts\/Unpacking\/be31bc66a8f540803892c0505bef4dafb1088e95\/daxwide-light.ufo\/glyphs\/fraction.glif":"\/fonts\/Unpacking\/be31bc66a8f540803892c0505bef4dafb1088e95\/daxwide-light.ufo\/glyphs\/fraction.glif","\/fonts\/Unpacking\/be31bc66a8f540803892c0505bef4dafb1088e95\/daxwide-light.ufo\/glyphs\/g.glif":"\/fonts\/Unpacking\/be31bc66a8f540803892c0505bef4dafb1088e95\/daxwide-light.ufo\/glyphs\/g.glif","\/fonts\/Unpacking\/be31bc66a8f540803892c0505bef4dafb1088e95\/daxwide-light.ufo\/glyphs\/germandbls.glif":"\/fonts\/Unpacking\/be31bc66a8f540803892c0505bef4dafb1088e95\/daxwide-light.ufo\/glyphs\/germandbls.glif","\/fonts\/Unpacking\/be31bc66a8f540803892c0505bef4dafb1088e95\/daxwide-light.ufo\/glyphs\/grave.glif":"\/fonts\/Unpacking\/be31bc66a8f540803892c0505bef4dafb1088e95\/daxwide-light.ufo\/glyphs\/grave.glif","\/fonts\/Unpacking\/be31bc66a8f540803892c0505bef4dafb1088e95\/daxwide-light.ufo\/glyphs\/greater.glif":"\/fonts\/Unpacking\/be31bc66a8f540803892c0505bef4dafb1088e95\/daxwide-light.ufo\/glyphs\/greater.glif","\/fonts\/Unpacking\/be31bc66a8f540803892c0505bef4dafb1088e95\/daxwide-light.ufo\/glyphs\/guillemotleft.glif":"\/fonts\/Unpacking\/be31bc66a8f540803892c0505bef4dafb1088e95\/daxwide-light.ufo\/glyphs\/guillemotleft.glif","\/fonts\/Unpacking\/be31bc66a8f540803892c0505bef4dafb1088e95\/daxwide-light.ufo\/glyphs\/guillemotright.glif":"\/fonts\/Unpacking\/be31bc66a8f540803892c0505bef4dafb1088e95\/daxwide-light.ufo\/glyphs\/guillemotright.glif","\/fonts\/Unpacking\/be31bc66a8f540803892c0505bef4dafb1088e95\/daxwide-light.ufo\/glyphs\/guilsinglleft.glif":"\/fonts\/Unpacking\/be31bc66a8f540803892c0505bef4dafb1088e95\/daxwide-light.ufo\/glyphs\/guilsinglleft.glif","\/fonts\/Unpacking\/be31bc66a8f540803892c0505bef4dafb1088e95\/daxwide-light.ufo\/glyphs\/guilsinglright.glif":"\/fonts\/Unpacking\/be31bc66a8f540803892c0505bef4dafb1088e95\/daxwide-light.ufo\/glyphs\/guilsinglright.glif","\/fonts\/Unpacking\/be31bc66a8f540803892c0505bef4dafb1088e95\/daxwide-light.ufo\/glyphs\/h.glif":"\/fonts\/Unpacking\/be31bc66a8f540803892c0505bef4dafb1088e95\/daxwide-light.ufo\/glyphs\/h.glif","\/fonts\/Unpacking\/be31bc66a8f540803892c0505bef4dafb1088e95\/daxwide-light.ufo\/glyphs\/hungarumlaut.glif":"\/fonts\/Unpacking\/be31bc66a8f540803892c0505bef4dafb1088e95\/daxwide-light.ufo\/glyphs\/hungarumlaut.glif","\/fonts\/Unpacking\/be31bc66a8f540803892c0505bef4dafb1088e95\/daxwide-light.ufo\/glyphs\/hyphen.glif":"\/fonts\/Unpacking\/be31bc66a8f540803892c0505bef4dafb1088e95\/daxwide-light.ufo\/glyphs\/hyphen.glif","\/fonts\/Unpacking\/be31bc66a8f540803892c0505bef4dafb1088e95\/daxwide-light.ufo\/glyphs\/i.glif":"\/fonts\/Unpacking\/be31bc66a8f540803892c0505bef4dafb1088e95\/daxwide-light.ufo\/glyphs\/i.glif","\/fonts\/Unpacking\/be31bc66a8f540803892c0505bef4dafb1088e95\/daxwide-light.ufo\/glyphs\/iacute.glif":"\/fonts\/Unpacking\/be31bc66a8f540803892c0505bef4dafb1088e95\/daxwide-light.ufo\/glyphs\/iacute.glif","\/fonts\/Unpacking\/be31bc66a8f540803892c0505bef4dafb1088e95\/daxwide-light.ufo\/glyphs\/icircumflex.glif":"\/fonts\/Unpacking\/be31bc66a8f540803892c0505bef4dafb1088e95\/daxwide-light.ufo\/glyphs\/icircumflex.glif","\/fonts\/Unpacking\/be31bc66a8f540803892c0505bef4dafb1088e95\/daxwide-light.ufo\/glyphs\/idieresis.glif":"\/fonts\/Unpacking\/be31bc66a8f540803892c0505bef4dafb1088e95\/daxwide-light.ufo\/glyphs\/idieresis.glif","\/fonts\/Unpacking\/be31bc66a8f540803892c0505bef4dafb1088e95\/daxwide-light.ufo\/glyphs\/igrave.glif":"\/fonts\/Unpacking\/be31bc66a8f540803892c0505bef4dafb1088e95\/daxwide-light.ufo\/glyphs\/igrave.glif","\/fonts\/Unpacking\/be31bc66a8f540803892c0505bef4dafb1088e95\/daxwide-light.ufo\/glyphs\/j.glif":"\/fonts\/Unpacking\/be31bc66a8f540803892c0505bef4dafb1088e95\/daxwide-light.ufo\/glyphs\/j.glif","\/fonts\/Unpacking\/be31bc66a8f540803892c0505bef4dafb1088e95\/daxwide-light.ufo\/glyphs\/k.glif":"\/fonts\/Unpacking\/be31bc66a8f540803892c0505bef4dafb1088e95\/daxwide-light.ufo\/glyphs\/k.glif","\/fonts\/Unpacking\/be31bc66a8f540803892c0505bef4dafb1088e95\/daxwide-light.ufo\/glyphs\/l.glif":"\/fonts\/Unpacking\/be31bc66a8f540803892c0505bef4dafb1088e95\/daxwide-light.ufo\/glyphs\/l.glif","\/fonts\/Unpacking\/be31bc66a8f540803892c0505bef4dafb1088e95\/daxwide-light.ufo\/glyphs\/less.glif":"\/fonts\/Unpacking\/be31bc66a8f540803892c0505bef4dafb1088e95\/daxwide-light.ufo\/glyphs\/less.glif","\/fonts\/Unpacking\/be31bc66a8f540803892c0505bef4dafb1088e95\/daxwide-light.ufo\/glyphs\/logicalnot.glif":"\/fonts\/Unpacking\/be31bc66a8f540803892c0505bef4dafb1088e95\/daxwide-light.ufo\/glyphs\/logicalnot.glif","\/fonts\/Unpacking\/be31bc66a8f540803892c0505bef4dafb1088e95\/daxwide-light.ufo\/glyphs\/lslash.glif":"\/fonts\/Unpacking\/be31bc66a8f540803892c0505bef4dafb1088e95\/daxwide-light.ufo\/glyphs\/lslash.glif","\/fonts\/Unpacking\/be31bc66a8f540803892c0505bef4dafb1088e95\/daxwide-light.ufo\/glyphs\/m.glif":"\/fonts\/Unpacking\/be31bc66a8f540803892c0505bef4dafb1088e95\/daxwide-light.ufo\/glyphs\/m.glif","\/fonts\/Unpacking\/be31bc66a8f540803892c0505bef4dafb1088e95\/daxwide-light.ufo\/glyphs\/macron.glif":"\/fonts\/Unpacking\/be31bc66a8f540803892c0505bef4dafb1088e95\/daxwide-light.ufo\/glyphs\/macron.glif","\/fonts\/Unpacking\/be31bc66a8f540803892c0505bef4dafb1088e95\/daxwide-light.ufo\/glyphs\/minus.glif":"\/fonts\/Unpacking\/be31bc66a8f540803892c0505bef4dafb1088e95\/daxwide-light.ufo\/glyphs\/minus.glif","\/fonts\/Unpacking\/be31bc66a8f540803892c0505bef4dafb1088e95\/daxwide-light.ufo\/glyphs\/mu.glif":"\/fonts\/Unpacking\/be31bc66a8f540803892c0505bef4dafb1088e95\/daxwide-light.ufo\/glyphs\/mu.glif","\/fonts\/Unpacking\/be31bc66a8f540803892c0505bef4dafb1088e95\/daxwide-light.ufo\/glyphs\/multiply.glif":"\/fonts\/Unpacking\/be31bc66a8f540803892c0505bef4dafb1088e95\/daxwide-light.ufo\/glyphs\/multiply.glif","\/fonts\/Unpacking\/be31bc66a8f540803892c0505bef4dafb1088e95\/daxwide-light.ufo\/glyphs\/n.glif":"\/fonts\/Unpacking\/be31bc66a8f540803892c0505bef4dafb1088e95\/daxwide-light.ufo\/glyphs\/n.glif","\/fonts\/Unpacking\/be31bc66a8f540803892c0505bef4dafb1088e95\/daxwide-light.ufo\/glyphs\/nine.glif":"\/fonts\/Unpacking\/be31bc66a8f540803892c0505bef4dafb1088e95\/daxwide-light.ufo\/glyphs\/nine.glif","\/fonts\/Unpacking\/be31bc66a8f540803892c0505bef4dafb1088e95\/daxwide-light.ufo\/glyphs\/ntilde.glif":"\/fonts\/Unpacking\/be31bc66a8f540803892c0505bef4dafb1088e95\/daxwide-light.ufo\/glyphs\/ntilde.glif","\/fonts\/Unpacking\/be31bc66a8f540803892c0505bef4dafb1088e95\/daxwide-light.ufo\/glyphs\/numbersign.glif":"\/fonts\/Unpacking\/be31bc66a8f540803892c0505bef4dafb1088e95\/daxwide-light.ufo\/glyphs\/numbersign.glif","\/fonts\/Unpacking\/be31bc66a8f540803892c0505bef4dafb1088e95\/daxwide-light.ufo\/glyphs\/o.glif":"\/fonts\/Unpacking\/be31bc66a8f540803892c0505bef4dafb1088e95\/daxwide-light.ufo\/glyphs\/o.glif","\/fonts\/Unpacking\/be31bc66a8f540803892c0505bef4dafb1088e95\/daxwide-light.ufo\/glyphs\/oacute.glif":"\/fonts\/Unpacking\/be31bc66a8f540803892c0505bef4dafb1088e95\/daxwide-light.ufo\/glyphs\/oacute.glif","\/fonts\/Unpacking\/be31bc66a8f540803892c0505bef4dafb1088e95\/daxwide-light.ufo\/glyphs\/ocircumflex.glif":"\/fonts\/Unpacking\/be31bc66a8f540803892c0505bef4dafb1088e95\/daxwide-light.ufo\/glyphs\/ocircumflex.glif","\/fonts\/Unpacking\/be31bc66a8f540803892c0505bef4dafb1088e95\/daxwide-light.ufo\/glyphs\/odieresis.glif":"\/fonts\/Unpacking\/be31bc66a8f540803892c0505bef4dafb1088e95\/daxwide-light.ufo\/glyphs\/odieresis.glif","\/fonts\/Unpacking\/be31bc66a8f540803892c0505bef4dafb1088e95\/daxwide-light.ufo\/glyphs\/oe.glif":"\/fonts\/Unpacking\/be31bc66a8f540803892c0505bef4dafb1088e95\/daxwide-light.ufo\/glyphs\/oe.glif","\/fonts\/Unpacking\/be31bc66a8f540803892c0505bef4dafb1088e95\/daxwide-light.ufo\/glyphs\/ogonek.glif":"\/fonts\/Unpacking\/be31bc66a8f540803892c0505bef4dafb1088e95\/daxwide-light.ufo\/glyphs\/ogonek.glif","\/fonts\/Unpacking\/be31bc66a8f540803892c0505bef4dafb1088e95\/daxwide-light.ufo\/glyphs\/ograve.glif":"\/fonts\/Unpacking\/be31bc66a8f540803892c0505bef4dafb1088e95\/daxwide-light.ufo\/glyphs\/ograve.glif","\/fonts\/Unpacking\/be31bc66a8f540803892c0505bef4dafb1088e95\/daxwide-light.ufo\/glyphs\/one.glif":"\/fonts\/Unpacking\/be31bc66a8f540803892c0505bef4dafb1088e95\/daxwide-light.ufo\/glyphs\/one.glif","\/fonts\/Unpacking\/be31bc66a8f540803892c0505bef4dafb1088e95\/daxwide-light.ufo\/glyphs\/onehalf.glif":"\/fonts\/Unpacking\/be31bc66a8f540803892c0505bef4dafb1088e95\/daxwide-light.ufo\/glyphs\/onehalf.glif","\/fonts\/Unpacking\/be31bc66a8f540803892c0505bef4dafb1088e95\/daxwide-light.ufo\/glyphs\/onequarter.glif":"\/fonts\/Unpacking\/be31bc66a8f540803892c0505bef4dafb1088e95\/daxwide-light.ufo\/glyphs\/onequarter.glif","\/fonts\/Unpacking\/be31bc66a8f540803892c0505bef4dafb1088e95\/daxwide-light.ufo\/glyphs\/onesuperior.glif":"\/fonts\/Unpacking\/be31bc66a8f540803892c0505bef4dafb1088e95\/daxwide-light.ufo\/glyphs\/onesuperior.glif","\/fonts\/Unpacking\/be31bc66a8f540803892c0505bef4dafb1088e95\/daxwide-light.ufo\/glyphs\/ordfeminine.glif":"\/fonts\/Unpacking\/be31bc66a8f540803892c0505bef4dafb1088e95\/daxwide-light.ufo\/glyphs\/ordfeminine.glif","\/fonts\/Unpacking\/be31bc66a8f540803892c0505bef4dafb1088e95\/daxwide-light.ufo\/glyphs\/ordmasculine.glif":"\/fonts\/Unpacking\/be31bc66a8f540803892c0505bef4dafb1088e95\/daxwide-light.ufo\/glyphs\/ordmasculine.glif","\/fonts\/Unpacking\/be31bc66a8f540803892c0505bef4dafb1088e95\/daxwide-light.ufo\/glyphs\/oslash.glif":"\/fonts\/Unpacking\/be31bc66a8f540803892c0505bef4dafb1088e95\/daxwide-light.ufo\/glyphs\/oslash.glif","\/fonts\/Unpacking\/be31bc66a8f540803892c0505bef4dafb1088e95\/daxwide-light.ufo\/glyphs\/otilde.glif":"\/fonts\/Unpacking\/be31bc66a8f540803892c0505bef4dafb1088e95\/daxwide-light.ufo\/glyphs\/otilde.glif","\/fonts\/Unpacking\/be31bc66a8f540803892c0505bef4dafb1088e95\/daxwide-light.ufo\/glyphs\/p.glif":"\/fonts\/Unpacking\/be31bc66a8f540803892c0505bef4dafb1088e95\/daxwide-light.ufo\/glyphs\/p.glif","\/fonts\/Unpacking\/be31bc66a8f540803892c0505bef4dafb1088e95\/daxwide-light.ufo\/glyphs\/paragraph.glif":"\/fonts\/Unpacking\/be31bc66a8f540803892c0505bef4dafb1088e95\/daxwide-light.ufo\/glyphs\/paragraph.glif","\/fonts\/Unpacking\/be31bc66a8f540803892c0505bef4dafb1088e95\/daxwide-light.ufo\/glyphs\/parenleft.glif":"\/fonts\/Unpacking\/be31bc66a8f540803892c0505bef4dafb1088e95\/daxwide-light.ufo\/glyphs\/parenleft.glif","\/fonts\/Unpacking\/be31bc66a8f540803892c0505bef4dafb1088e95\/daxwide-light.ufo\/glyphs\/parenright.glif":"\/fonts\/Unpacking\/be31bc66a8f540803892c0505bef4dafb1088e95\/daxwide-light.ufo\/glyphs\/parenright.glif","\/fonts\/Unpacking\/be31bc66a8f540803892c0505bef4dafb1088e95\/daxwide-light.ufo\/glyphs\/percent.glif":"\/fonts\/Unpacking\/be31bc66a8f540803892c0505bef4dafb1088e95\/daxwide-light.ufo\/glyphs\/percent.glif","\/fonts\/Unpacking\/be31bc66a8f540803892c0505bef4dafb1088e95\/daxwide-light.ufo\/glyphs\/period.glif":"\/fonts\/Unpacking\/be31bc66a8f540803892c0505bef4dafb1088e95\/daxwide-light.ufo\/glyphs\/period.glif","\/fonts\/Unpacking\/be31bc66a8f540803892c0505bef4dafb1088e95\/daxwide-light.ufo\/glyphs\/periodcentered.glif":"\/fonts\/Unpacking\/be31bc66a8f540803892c0505bef4dafb1088e95\/daxwide-light.ufo\/glyphs\/periodcentered.glif","\/fonts\/Unpacking\/be31bc66a8f540803892c0505bef4dafb1088e95\/daxwide-light.ufo\/glyphs\/perthousand.glif":"\/fonts\/Unpacking\/be31bc66a8f540803892c0505bef4dafb1088e95\/daxwide-light.ufo\/glyphs\/perthousand.glif","\/fonts\/Unpacking\/be31bc66a8f540803892c0505bef4dafb1088e95\/daxwide-light.ufo\/glyphs\/plus.glif":"\/fonts\/Unpacking\/be31bc66a8f540803892c0505bef4dafb1088e95\/daxwide-light.ufo\/glyphs\/plus.glif","\/fonts\/Unpacking\/be31bc66a8f540803892c0505bef4dafb1088e95\/daxwide-light.ufo\/glyphs\/plusminus.glif":"\/fonts\/Unpacking\/be31bc66a8f540803892c0505bef4dafb1088e95\/daxwide-light.ufo\/glyphs\/plusminus.glif","\/fonts\/Unpacking\/be31bc66a8f540803892c0505bef4dafb1088e95\/daxwide-light.ufo\/glyphs\/q.glif":"\/fonts\/Unpacking\/be31bc66a8f540803892c0505bef4dafb1088e95\/daxwide-light.ufo\/glyphs\/q.glif","\/fonts\/Unpacking\/be31bc66a8f540803892c0505bef4dafb1088e95\/daxwide-light.ufo\/glyphs\/question.glif":"\/fonts\/Unpacking\/be31bc66a8f540803892c0505bef4dafb1088e95\/daxwide-light.ufo\/glyphs\/question.glif","\/fonts\/Unpacking\/be31bc66a8f540803892c0505bef4dafb1088e95\/daxwide-light.ufo\/glyphs\/questiondown.glif":"\/fonts\/Unpacking\/be31bc66a8f540803892c0505bef4dafb1088e95\/daxwide-light.ufo\/glyphs\/questiondown.glif","\/fonts\/Unpacking\/be31bc66a8f540803892c0505bef4dafb1088e95\/daxwide-light.ufo\/glyphs\/quotedbl.glif":"\/fonts\/Unpacking\/be31bc66a8f540803892c0505bef4dafb1088e95\/daxwide-light.ufo\/glyphs\/quotedbl.glif","\/fonts\/Unpacking\/be31bc66a8f540803892c0505bef4dafb1088e95\/daxwide-light.ufo\/glyphs\/quotedblbase.glif":"\/fonts\/Unpacking\/be31bc66a8f540803892c0505bef4dafb1088e95\/daxwide-light.ufo\/glyphs\/quotedblbase.glif","\/fonts\/Unpacking\/be31bc66a8f540803892c0505bef4dafb1088e95\/daxwide-light.ufo\/glyphs\/quotedblleft.glif":"\/fonts\/Unpacking\/be31bc66a8f540803892c0505bef4dafb1088e95\/daxwide-light.ufo\/glyphs\/quotedblleft.glif","\/fonts\/Unpacking\/be31bc66a8f540803892c0505bef4dafb1088e95\/daxwide-light.ufo\/glyphs\/quotedblright.glif":"\/fonts\/Unpacking\/be31bc66a8f540803892c0505bef4dafb1088e95\/daxwide-light.ufo\/glyphs\/quotedblright.glif","\/fonts\/Unpacking\/be31bc66a8f540803892c0505bef4dafb1088e95\/daxwide-light.ufo\/glyphs\/quoteleft.glif":"\/fonts\/Unpacking\/be31bc66a8f540803892c0505bef4dafb1088e95\/daxwide-light.ufo\/glyphs\/quoteleft.glif","\/fonts\/Unpacking\/be31bc66a8f540803892c0505bef4dafb1088e95\/daxwide-light.ufo\/glyphs\/quoteright.glif":"\/fonts\/Unpacking\/be31bc66a8f540803892c0505bef4dafb1088e95\/daxwide-light.ufo\/glyphs\/quoteright.glif","\/fonts\/Unpacking\/be31bc66a8f540803892c0505bef4dafb1088e95\/daxwide-light.ufo\/glyphs\/quotesinglbase.glif":"\/fonts\/Unpacking\/be31bc66a8f540803892c0505bef4dafb1088e95\/daxwide-light.ufo\/glyphs\/quotesinglbase.glif","\/fonts\/Unpacking\/be31bc66a8f540803892c0505bef4dafb1088e95\/daxwide-light.ufo\/glyphs\/quotesingle.glif":"\/fonts\/Unpacking\/be31bc66a8f540803892c0505bef4dafb1088e95\/daxwide-light.ufo\/glyphs\/quotesingle.glif","\/fonts\/Unpacking\/be31bc66a8f540803892c0505bef4dafb1088e95\/daxwide-light.ufo\/glyphs\/r.glif":"\/fonts\/Unpacking\/be31bc66a8f540803892c0505bef4dafb1088e95\/daxwide-light.ufo\/glyphs\/r.glif","\/fonts\/Unpacking\/be31bc66a8f540803892c0505bef4dafb1088e95\/daxwide-light.ufo\/glyphs\/registered.glif":"\/fonts\/Unpacking\/be31bc66a8f540803892c0505bef4dafb1088e95\/daxwide-light.ufo\/glyphs\/registered.glif","\/fonts\/Unpacking\/be31bc66a8f540803892c0505bef4dafb1088e95\/daxwide-light.ufo\/glyphs\/ring.glif":"\/fonts\/Unpacking\/be31bc66a8f540803892c0505bef4dafb1088e95\/daxwide-light.ufo\/glyphs\/ring.glif","\/fonts\/Unpacking\/be31bc66a8f540803892c0505bef4dafb1088e95\/daxwide-light.ufo\/glyphs\/s.glif":"\/fonts\/Unpacking\/be31bc66a8f540803892c0505bef4dafb1088e95\/daxwide-light.ufo\/glyphs\/s.glif","\/fonts\/Unpacking\/be31bc66a8f540803892c0505bef4dafb1088e95\/daxwide-light.ufo\/glyphs\/scaron.glif":"\/fonts\/Unpacking\/be31bc66a8f540803892c0505bef4dafb1088e95\/daxwide-light.ufo\/glyphs\/scaron.glif","\/fonts\/Unpacking\/be31bc66a8f540803892c0505bef4dafb1088e95\/daxwide-light.ufo\/glyphs\/section.glif":"\/fonts\/Unpacking\/be31bc66a8f540803892c0505bef4dafb1088e95\/daxwide-light.ufo\/glyphs\/section.glif","\/fonts\/Unpacking\/be31bc66a8f540803892c0505bef4dafb1088e95\/daxwide-light.ufo\/glyphs\/semicolon.glif":"\/fonts\/Unpacking\/be31bc66a8f540803892c0505bef4dafb1088e95\/daxwide-light.ufo\/glyphs\/semicolon.glif","\/fonts\/Unpacking\/be31bc66a8f540803892c0505bef4dafb1088e95\/daxwide-light.ufo\/glyphs\/seven.glif":"\/fonts\/Unpacking\/be31bc66a8f540803892c0505bef4dafb1088e95\/daxwide-light.ufo\/glyphs\/seven.glif","\/fonts\/Unpacking\/be31bc66a8f540803892c0505bef4dafb1088e95\/daxwide-light.ufo\/glyphs\/six.glif":"\/fonts\/Unpacking\/be31bc66a8f540803892c0505bef4dafb1088e95\/daxwide-light.ufo\/glyphs\/six.glif","\/fonts\/Unpacking\/be31bc66a8f540803892c0505bef4dafb1088e95\/daxwide-light.ufo\/glyphs\/slash.glif":"\/fonts\/Unpacking\/be31bc66a8f540803892c0505bef4dafb1088e95\/daxwide-light.ufo\/glyphs\/slash.glif","\/fonts\/Unpacking\/be31bc66a8f540803892c0505bef4dafb1088e95\/daxwide-light.ufo\/glyphs\/space.glif":"\/fonts\/Unpacking\/be31bc66a8f540803892c0505bef4dafb1088e95\/daxwide-light.ufo\/glyphs\/space.glif","\/fonts\/Unpacking\/be31bc66a8f540803892c0505bef4dafb1088e95\/daxwide-light.ufo\/glyphs\/sterling.glif":"\/fonts\/Unpacking\/be31bc66a8f540803892c0505bef4dafb1088e95\/daxwide-light.ufo\/glyphs\/sterling.glif","\/fonts\/Unpacking\/be31bc66a8f540803892c0505bef4dafb1088e95\/daxwide-light.ufo\/glyphs\/t.glif":"\/fonts\/Unpacking\/be31bc66a8f540803892c0505bef4dafb1088e95\/daxwide-light.ufo\/glyphs\/t.glif","\/fonts\/Unpacking\/be31bc66a8f540803892c0505bef4dafb1088e95\/daxwide-light.ufo\/glyphs\/thorn.glif":"\/fonts\/Unpacking\/be31bc66a8f540803892c0505bef4dafb1088e95\/daxwide-light.ufo\/glyphs\/thorn.glif","\/fonts\/Unpacking\/be31bc66a8f540803892c0505bef4dafb1088e95\/daxwide-light.ufo\/glyphs\/three.glif":"\/fonts\/Unpacking\/be31bc66a8f540803892c0505bef4dafb1088e95\/daxwide-light.ufo\/glyphs\/three.glif","\/fonts\/Unpacking\/be31bc66a8f540803892c0505bef4dafb1088e95\/daxwide-light.ufo\/glyphs\/threequarters.glif":"\/fonts\/Unpacking\/be31bc66a8f540803892c0505bef4dafb1088e95\/daxwide-light.ufo\/glyphs\/threequarters.glif","\/fonts\/Unpacking\/be31bc66a8f540803892c0505bef4dafb1088e95\/daxwide-light.ufo\/glyphs\/threesuperior.glif":"\/fonts\/Unpacking\/be31bc66a8f540803892c0505bef4dafb1088e95\/daxwide-light.ufo\/glyphs\/threesuperior.glif","\/fonts\/Unpacking\/be31bc66a8f540803892c0505bef4dafb1088e95\/daxwide-light.ufo\/glyphs\/tilde.glif":"\/fonts\/Unpacking\/be31bc66a8f540803892c0505bef4dafb1088e95\/daxwide-light.ufo\/glyphs\/tilde.glif","\/fonts\/Unpacking\/be31bc66a8f540803892c0505bef4dafb1088e95\/daxwide-light.ufo\/glyphs\/trademark.glif":"\/fonts\/Unpacking\/be31bc66a8f540803892c0505bef4dafb1088e95\/daxwide-light.ufo\/glyphs\/trademark.glif","\/fonts\/Unpacking\/be31bc66a8f540803892c0505bef4dafb1088e95\/daxwide-light.ufo\/glyphs\/two.glif":"\/fonts\/Unpacking\/be31bc66a8f540803892c0505bef4dafb1088e95\/daxwide-light.ufo\/glyphs\/two.glif","\/fonts\/Unpacking\/be31bc66a8f540803892c0505bef4dafb1088e95\/daxwide-light.ufo\/glyphs\/twosuperior.glif":"\/fonts\/Unpacking\/be31bc66a8f540803892c0505bef4dafb1088e95\/daxwide-light.ufo\/glyphs\/twosuperior.glif","\/fonts\/Unpacking\/be31bc66a8f540803892c0505bef4dafb1088e95\/daxwide-light.ufo\/glyphs\/u.glif":"\/fonts\/Unpacking\/be31bc66a8f540803892c0505bef4dafb1088e95\/daxwide-light.ufo\/glyphs\/u.glif","\/fonts\/Unpacking\/be31bc66a8f540803892c0505bef4dafb1088e95\/daxwide-light.ufo\/glyphs\/uacute.glif":"\/fonts\/Unpacking\/be31bc66a8f540803892c0505bef4dafb1088e95\/daxwide-light.ufo\/glyphs\/uacute.glif","\/fonts\/Unpacking\/be31bc66a8f540803892c0505bef4dafb1088e95\/daxwide-light.ufo\/glyphs\/ucircumflex.glif":"\/fonts\/Unpacking\/be31bc66a8f540803892c0505bef4dafb1088e95\/daxwide-light.ufo\/glyphs\/ucircumflex.glif","\/fonts\/Unpacking\/be31bc66a8f540803892c0505bef4dafb1088e95\/daxwide-light.ufo\/glyphs\/udieresis.glif":"\/fonts\/Unpacking\/be31bc66a8f540803892c0505bef4dafb1088e95\/daxwide-light.ufo\/glyphs\/udieresis.glif","\/fonts\/Unpacking\/be31bc66a8f540803892c0505bef4dafb1088e95\/daxwide-light.ufo\/glyphs\/ugrave.glif":"\/fonts\/Unpacking\/be31bc66a8f540803892c0505bef4dafb1088e95\/daxwide-light.ufo\/glyphs\/ugrave.glif","\/fonts\/Unpacking\/be31bc66a8f540803892c0505bef4dafb1088e95\/daxwide-light.ufo\/glyphs\/underscore.glif":"\/fonts\/Unpacking\/be31bc66a8f540803892c0505bef4dafb1088e95\/daxwide-light.ufo\/glyphs\/underscore.glif","\/fonts\/Unpacking\/be31bc66a8f540803892c0505bef4dafb1088e95\/daxwide-light.ufo\/glyphs\/v.glif":"\/fonts\/Unpacking\/be31bc66a8f540803892c0505bef4dafb1088e95\/daxwide-light.ufo\/glyphs\/v.glif","\/fonts\/Unpacking\/be31bc66a8f540803892c0505bef4dafb1088e95\/daxwide-light.ufo\/glyphs\/w.glif":"\/fonts\/Unpacking\/be31bc66a8f540803892c0505bef4dafb1088e95\/daxwide-light.ufo\/glyphs\/w.glif","\/fonts\/Unpacking\/be31bc66a8f540803892c0505bef4dafb1088e95\/daxwide-light.ufo\/glyphs\/x.glif":"\/fonts\/Unpacking\/be31bc66a8f540803892c0505bef4dafb1088e95\/daxwide-light.ufo\/glyphs\/x.glif","\/fonts\/Unpacking\/be31bc66a8f540803892c0505bef4dafb1088e95\/daxwide-light.ufo\/glyphs\/y.glif":"\/fonts\/Unpacking\/be31bc66a8f540803892c0505bef4dafb1088e95\/daxwide-light.ufo\/glyphs\/y.glif","\/fonts\/Unpacking\/be31bc66a8f540803892c0505bef4dafb1088e95\/daxwide-light.ufo\/glyphs\/yacute.glif":"\/fonts\/Unpacking\/be31bc66a8f540803892c0505bef4dafb1088e95\/daxwide-light.ufo\/glyphs\/yacute.glif","\/fonts\/Unpacking\/be31bc66a8f540803892c0505bef4dafb1088e95\/daxwide-light.ufo\/glyphs\/ydieresis.glif":"\/fonts\/Unpacking\/be31bc66a8f540803892c0505bef4dafb1088e95\/daxwide-light.ufo\/glyphs\/ydieresis.glif","\/fonts\/Unpacking\/be31bc66a8f540803892c0505bef4dafb1088e95\/daxwide-light.ufo\/glyphs\/yen.glif":"\/fonts\/Unpacking\/be31bc66a8f540803892c0505bef4dafb1088e95\/daxwide-light.ufo\/glyphs\/yen.glif","\/fonts\/Unpacking\/be31bc66a8f540803892c0505bef4dafb1088e95\/daxwide-light.ufo\/glyphs\/z.glif":"\/fonts\/Unpacking\/be31bc66a8f540803892c0505bef4dafb1088e95\/daxwide-light.ufo\/glyphs\/z.glif","\/fonts\/Unpacking\/be31bc66a8f540803892c0505bef4dafb1088e95\/daxwide-light.ufo\/glyphs\/zcaron.glif":"\/fonts\/Unpacking\/be31bc66a8f540803892c0505bef4dafb1088e95\/daxwide-light.ufo\/glyphs\/zcaron.glif","\/fonts\/Unpacking\/be31bc66a8f540803892c0505bef4dafb1088e95\/daxwide-light.ufo\/glyphs\/zero.glif":"\/fonts\/Unpacking\/be31bc66a8f540803892c0505bef4dafb1088e95\/daxwide-light.ufo\/glyphs\/zero.glif"},"Font":null,"Licences":{"":false},"Table":{"FFTM":{"entryLength":16,"tag":"FFTM","checksum":1944409252,"offset":21956,"length":28},"GDEF":{"entryLength":16,"tag":"GDEF","checksum":18087942,"offset":21924,"length":32},"OS\/2":{"entryLength":16,"tag":"OS\/2","checksum":1451956282,"offset":344,"length":86},"cmap":{"entryLength":16,"tag":"cmap","checksum":3479081387,"offset":1352,"length":944},"gasp":{"entryLength":16,"tag":"gasp","checksum":4294901763,"offset":21916,"length":8},"glyf":{"entryLength":16,"tag":"glyf","checksum":3910762856,"offset":2760,"length":17856},"head":{"entryLength":16,"tag":"head","checksum":190483977,"offset":220,"length":54},"hhea":{"entryLength":16,"tag":"hhea","checksum":141034716,"offset":276,"length":36},"hmtx":{"entryLength":16,"tag":"hmtx","checksum":3537317456,"offset":432,"length":920},"loca":{"entryLength":16,"tag":"loca","checksum":1101747052,"offset":2296,"length":464},"maxp":{"entryLength":16,"tag":"maxp","checksum":19923035,"offset":312,"length":32},"name":{"entryLength":16,"tag":"name","checksum":3143464069,"offset":20616,"length":804},"post":{"entryLength":16,"tag":"post","checksum":908539581,"offset":21420,"length":496}},"UnicodeCharMap":{"32":3,"33":4,"34":5,"35":6,"36":7,"37":8,"38":9,"39":106,"40":11,"41":12,"42":13,"43":14,"44":15,"45":16,"46":17,"47":18,"48":19,"49":20,"50":21,"51":22,"52":23,"53":24,"54":25,"55":26,"56":27,"57":28,"58":29,"59":30,"60":31,"61":32,"62":33,"63":34,"64":35,"65":36,"66":37,"67":38,"68":39,"69":40,"70":41,"71":42,"72":43,"73":44,"74":45,"75":46,"76":47,"77":48,"78":49,"79":50,"80":51,"81":52,"82":53,"83":54,"84":55,"85":56,"86":57,"87":58,"88":59,"89":60,"90":61,"91":62,"92":63,"93":64,"94":65,"95":66,"96":126,"97":68,"98":69,"99":70,"100":71,"101":72,"102":73,"103":74,"104":75,"105":76,"106":77,"107":78,"108":79,"109":80,"110":81,"111":82,"112":83,"113":84,"114":85,"115":86,"116":87,"117":88,"118":89,"119":90,"120":91,"121":92,"122":93,"123":94,"124":95,"125":96,"126":97,"161":98,"162":99,"163":100,"164":105,"165":102,"166":168,"167":104,"168":133,"169":205,"170":141,"171":108,"172":209,"174":204,"175":130,"176":203,"177":207,"178":167,"179":166,"180":127,"182":117,"183":116,"184":135,"185":164,"186":145,"187":122,"188":163,"189":162,"190":165,"191":125,"192":210,"193":218,"194":216,"195":211,"196":171,"197":172,"198":140,"199":173,"200":220,"201":174,"202":217,"203":219,"204":224,"205":221,"206":222,"207":223,"208":152,"209":175,"210":227,"211":225,"212":226,"213":212,"214":176,"215":170,"216":143,"217":230,"218":228,"219":229,"220":177,"221":156,"222":158,"223":151,"224":179,"225":178,"226":180,"227":182,"228":181,"229":183,"230":146,"231":184,"232":186,"233":185,"234":187,"235":188,"236":190,"237":189,"238":191,"239":192,"240":153,"241":193,"242":195,"243":194,"244":196,"245":198,"246":197,"247":213,"248":149,"249":200,"250":199,"251":201,"252":202,"253":157,"254":159,"255":214,"305":147,"321":142,"322":148,"338":144,"339":150,"352":154,"353":155,"376":215,"381":160,"382":161,"402":103,"710":128,"711":138,"728":131,"729":132,"730":134,"731":137,"732":129,"733":136,"956":208,"8211":113,"8212":139,"8216":67,"8217":10,"8218":119,"8220":107,"8221":121,"8222":120,"8224":114,"8225":115,"8226":118,"8230":123,"8240":124,"8249":109,"8250":110,"8260":101,"8482":206,"8722":169,"64257":111,"64258":112},"Reserves":null,"Names":[],"Nodes":[],"Contributors":[],"FontIdentity":"5ad2d4f1da4f9c6900a97434ebd91c5d","Bytes":2187228,"Networking":null,"barcode":null,"referee":null}