{"CSS":{"B Nazanin Outline":"toriquine:564ac6a7484ce02693ed26.css"},"FontType":"TrueType","FontCopyright":"(c) 2000 Borna Rayaneh","FontName":"B Nazanin Outline","FontSubfamily":"Book","FontSubfamilyID":"FontForge 2.0 : B Nazanin Outline : 15-10-2016","FontFullName":"B Nazanin Outline","FontVersion":"Version 2.01 - Build 1379 ","FontWeight":null,"FontPostscriptName":"BNazaninOutline","Files":{"\/B Nazanin Outline.css":"\/B Nazanin Outline.css","\/bnazanno.afm":"\/bnazanno.afm","\/bnazanno.cef":"\/bnazanno.cef","\/bnazanno.cff":"\/bnazanno.cff","\/bnazanno.eot":"\/bnazanno.eot","\/bnazanno.gai":"\/bnazanno.gai","\/bnazanno.gsf":"\/bnazanno.gsf","\/bnazanno.otf":"\/bnazanno.otf","\/bnazanno.pf3":"\/bnazanno.pf3","\/bnazanno.pfa":"\/bnazanno.pfa","\/bnazanno.pfb":"\/bnazanno.pfb","\/bnazanno.php":"\/bnazanno.php","\/bnazanno.pt3":"\/bnazanno.pt3","\/bnazanno.sfd":"\/bnazanno.sfd","\/bnazanno.svg":"\/bnazanno.svg","\/bnazanno.t42":"\/bnazanno.t42","\/bnazanno.ttd":"\/bnazanno.ttd","\/bnazanno.ttf":"\/bnazanno.ttf","\/bnazanno.ttg":"\/bnazanno.ttg","\/bnazanno.ufm":"\/bnazanno.ufm","\/bnazanno.woff":"\/bnazanno.woff","\/bnazanno.z":"\/bnazanno.z","\/font-resource.json":"\/font-resource.json","\/bnazanno.ufo\/feature.fea":"\/bnazanno.ufo\/feature.fea","\/bnazanno.ufo\/fontinfo.plist":"\/bnazanno.ufo\/fontinfo.plist","\/bnazanno.ufo\/groups.plist":"\/bnazanno.ufo\/groups.plist","\/bnazanno.ufo\/kerning.plist":"\/bnazanno.ufo\/kerning.plist","\/bnazanno.ufo\/metainfo.plist":"\/bnazanno.ufo\/metainfo.plist","\/bnazanno.ufo\/glyphs\/H_circumflex.glif":"\/bnazanno.ufo\/glyphs\/H_circumflex.glif","\/bnazanno.ufo\/glyphs\/_notdef.glif":"\/bnazanno.ufo\/glyphs\/_notdef.glif","\/bnazanno.ufo\/glyphs\/_null.glif":"\/bnazanno.ufo\/glyphs\/_null.glif","\/bnazanno.ufo\/glyphs\/asterisk.glif":"\/bnazanno.ufo\/glyphs\/asterisk.glif","\/bnazanno.ufo\/glyphs\/braceleft.glif":"\/bnazanno.ufo\/glyphs\/braceleft.glif","\/bnazanno.ufo\/glyphs\/braceright.glif":"\/bnazanno.ufo\/glyphs\/braceright.glif","\/bnazanno.ufo\/glyphs\/bracketleft.glif":"\/bnazanno.ufo\/glyphs\/bracketleft.glif","\/bnazanno.ufo\/glyphs\/bracketright.glif":"\/bnazanno.ufo\/glyphs\/bracketright.glif","\/bnazanno.ufo\/glyphs\/colon.glif":"\/bnazanno.ufo\/glyphs\/colon.glif","\/bnazanno.ufo\/glyphs\/comma.glif":"\/bnazanno.ufo\/glyphs\/comma.glif","\/bnazanno.ufo\/glyphs\/contents.plist":"\/bnazanno.ufo\/glyphs\/contents.plist","\/bnazanno.ufo\/glyphs\/divide.glif":"\/bnazanno.ufo\/glyphs\/divide.glif","\/bnazanno.ufo\/glyphs\/eight.glif":"\/bnazanno.ufo\/glyphs\/eight.glif","\/bnazanno.ufo\/glyphs\/equal.glif":"\/bnazanno.ufo\/glyphs\/equal.glif","\/bnazanno.ufo\/glyphs\/exclam.glif":"\/bnazanno.ufo\/glyphs\/exclam.glif","\/bnazanno.ufo\/glyphs\/five.glif":"\/bnazanno.ufo\/glyphs\/five.glif","\/bnazanno.ufo\/glyphs\/four.glif":"\/bnazanno.ufo\/glyphs\/four.glif","\/bnazanno.ufo\/glyphs\/guillemotleft.glif":"\/bnazanno.ufo\/glyphs\/guillemotleft.glif","\/bnazanno.ufo\/glyphs\/guillemotright.glif":"\/bnazanno.ufo\/glyphs\/guillemotright.glif","\/bnazanno.ufo\/glyphs\/guilsinglleft.glif":"\/bnazanno.ufo\/glyphs\/guilsinglleft.glif","\/bnazanno.ufo\/glyphs\/guilsinglright.glif":"\/bnazanno.ufo\/glyphs\/guilsinglright.glif","\/bnazanno.ufo\/glyphs\/hyphen.glif":"\/bnazanno.ufo\/glyphs\/hyphen.glif","\/bnazanno.ufo\/glyphs\/lefttoright.glif":"\/bnazanno.ufo\/glyphs\/lefttoright.glif","\/bnazanno.ufo\/glyphs\/multiply.glif":"\/bnazanno.ufo\/glyphs\/multiply.glif","\/bnazanno.ufo\/glyphs\/nine.glif":"\/bnazanno.ufo\/glyphs\/nine.glif","\/bnazanno.ufo\/glyphs\/nonmarkingreturn.glif":"\/bnazanno.ufo\/glyphs\/nonmarkingreturn.glif","\/bnazanno.ufo\/glyphs\/one.glif":"\/bnazanno.ufo\/glyphs\/one.glif","\/bnazanno.ufo\/glyphs\/parenleft.glif":"\/bnazanno.ufo\/glyphs\/parenleft.glif","\/bnazanno.ufo\/glyphs\/parenright.glif":"\/bnazanno.ufo\/glyphs\/parenright.glif","\/bnazanno.ufo\/glyphs\/percent.glif":"\/bnazanno.ufo\/glyphs\/percent.glif","\/bnazanno.ufo\/glyphs\/period.glif":"\/bnazanno.ufo\/glyphs\/period.glif","\/bnazanno.ufo\/glyphs\/periodcentered.glif":"\/bnazanno.ufo\/glyphs\/periodcentered.glif","\/bnazanno.ufo\/glyphs\/plus.glif":"\/bnazanno.ufo\/glyphs\/plus.glif","\/bnazanno.ufo\/glyphs\/quotedblleft.glif":"\/bnazanno.ufo\/glyphs\/quotedblleft.glif","\/bnazanno.ufo\/glyphs\/quotedblright.glif":"\/bnazanno.ufo\/glyphs\/quotedblright.glif","\/bnazanno.ufo\/glyphs\/quoteleft.glif":"\/bnazanno.ufo\/glyphs\/quoteleft.glif","\/bnazanno.ufo\/glyphs\/quoteright.glif":"\/bnazanno.ufo\/glyphs\/quoteright.glif","\/bnazanno.ufo\/glyphs\/righttoleft.glif":"\/bnazanno.ufo\/glyphs\/righttoleft.glif","\/bnazanno.ufo\/glyphs\/seven.glif":"\/bnazanno.ufo\/glyphs\/seven.glif","\/bnazanno.ufo\/glyphs\/six.glif":"\/bnazanno.ufo\/glyphs\/six.glif","\/bnazanno.ufo\/glyphs\/slash.glif":"\/bnazanno.ufo\/glyphs\/slash.glif","\/bnazanno.ufo\/glyphs\/space.glif":"\/bnazanno.ufo\/glyphs\/space.glif","\/bnazanno.ufo\/glyphs\/three.glif":"\/bnazanno.ufo\/glyphs\/three.glif","\/bnazanno.ufo\/glyphs\/two.glif":"\/bnazanno.ufo\/glyphs\/two.glif","\/bnazanno.ufo\/glyphs\/u060C_.glif":"\/bnazanno.ufo\/glyphs\/u060C_.glif","\/bnazanno.ufo\/glyphs\/u061B_.glif":"\/bnazanno.ufo\/glyphs\/u061B_.glif","\/bnazanno.ufo\/glyphs\/u061F_.glif":"\/bnazanno.ufo\/glyphs\/u061F_.glif","\/bnazanno.ufo\/glyphs\/u0621.glif":"\/bnazanno.ufo\/glyphs\/u0621.glif","\/bnazanno.ufo\/glyphs\/u0622.glif":"\/bnazanno.ufo\/glyphs\/u0622.glif","\/bnazanno.ufo\/glyphs\/u0623.glif":"\/bnazanno.ufo\/glyphs\/u0623.glif","\/bnazanno.ufo\/glyphs\/u0624.glif":"\/bnazanno.ufo\/glyphs\/u0624.glif","\/bnazanno.ufo\/glyphs\/u0625.glif":"\/bnazanno.ufo\/glyphs\/u0625.glif","\/bnazanno.ufo\/glyphs\/u0626.glif":"\/bnazanno.ufo\/glyphs\/u0626.glif","\/bnazanno.ufo\/glyphs\/u0627.glif":"\/bnazanno.ufo\/glyphs\/u0627.glif","\/bnazanno.ufo\/glyphs\/u0628.glif":"\/bnazanno.ufo\/glyphs\/u0628.glif","\/bnazanno.ufo\/glyphs\/u0629.glif":"\/bnazanno.ufo\/glyphs\/u0629.glif","\/bnazanno.ufo\/glyphs\/u062A_.glif":"\/bnazanno.ufo\/glyphs\/u062A_.glif","\/bnazanno.ufo\/glyphs\/u062B_.glif":"\/bnazanno.ufo\/glyphs\/u062B_.glif","\/bnazanno.ufo\/glyphs\/u062C_.glif":"\/bnazanno.ufo\/glyphs\/u062C_.glif","\/bnazanno.ufo\/glyphs\/u062D_.glif":"\/bnazanno.ufo\/glyphs\/u062D_.glif","\/bnazanno.ufo\/glyphs\/u062E_.glif":"\/bnazanno.ufo\/glyphs\/u062E_.glif","\/bnazanno.ufo\/glyphs\/u062F_.glif":"\/bnazanno.ufo\/glyphs\/u062F_.glif","\/bnazanno.ufo\/glyphs\/u0630.glif":"\/bnazanno.ufo\/glyphs\/u0630.glif","\/bnazanno.ufo\/glyphs\/u0631.glif":"\/bnazanno.ufo\/glyphs\/u0631.glif","\/bnazanno.ufo\/glyphs\/u0632.glif":"\/bnazanno.ufo\/glyphs\/u0632.glif","\/bnazanno.ufo\/glyphs\/u0633.glif":"\/bnazanno.ufo\/glyphs\/u0633.glif","\/bnazanno.ufo\/glyphs\/u0634.glif":"\/bnazanno.ufo\/glyphs\/u0634.glif","\/bnazanno.ufo\/glyphs\/u0635.glif":"\/bnazanno.ufo\/glyphs\/u0635.glif","\/bnazanno.ufo\/glyphs\/u0636.glif":"\/bnazanno.ufo\/glyphs\/u0636.glif","\/bnazanno.ufo\/glyphs\/u0637.glif":"\/bnazanno.ufo\/glyphs\/u0637.glif","\/bnazanno.ufo\/glyphs\/u0638.glif":"\/bnazanno.ufo\/glyphs\/u0638.glif","\/bnazanno.ufo\/glyphs\/u0639.glif":"\/bnazanno.ufo\/glyphs\/u0639.glif","\/bnazanno.ufo\/glyphs\/u063A_.glif":"\/bnazanno.ufo\/glyphs\/u063A_.glif","\/bnazanno.ufo\/glyphs\/u0640.glif":"\/bnazanno.ufo\/glyphs\/u0640.glif","\/bnazanno.ufo\/glyphs\/u0641.glif":"\/bnazanno.ufo\/glyphs\/u0641.glif","\/bnazanno.ufo\/glyphs\/u0642.glif":"\/bnazanno.ufo\/glyphs\/u0642.glif","\/bnazanno.ufo\/glyphs\/u0643.glif":"\/bnazanno.ufo\/glyphs\/u0643.glif","\/bnazanno.ufo\/glyphs\/u0644.glif":"\/bnazanno.ufo\/glyphs\/u0644.glif","\/bnazanno.ufo\/glyphs\/u0645.glif":"\/bnazanno.ufo\/glyphs\/u0645.glif","\/bnazanno.ufo\/glyphs\/u0646.glif":"\/bnazanno.ufo\/glyphs\/u0646.glif","\/bnazanno.ufo\/glyphs\/u0647.glif":"\/bnazanno.ufo\/glyphs\/u0647.glif","\/bnazanno.ufo\/glyphs\/u0648.glif":"\/bnazanno.ufo\/glyphs\/u0648.glif","\/bnazanno.ufo\/glyphs\/u0649.glif":"\/bnazanno.ufo\/glyphs\/u0649.glif","\/bnazanno.ufo\/glyphs\/u064A_.glif":"\/bnazanno.ufo\/glyphs\/u064A_.glif","\/bnazanno.ufo\/glyphs\/u064B_.glif":"\/bnazanno.ufo\/glyphs\/u064B_.glif","\/bnazanno.ufo\/glyphs\/u064C_.glif":"\/bnazanno.ufo\/glyphs\/u064C_.glif","\/bnazanno.ufo\/glyphs\/u064D_.glif":"\/bnazanno.ufo\/glyphs\/u064D_.glif","\/bnazanno.ufo\/glyphs\/u064E_.glif":"\/bnazanno.ufo\/glyphs\/u064E_.glif","\/bnazanno.ufo\/glyphs\/u064F_.glif":"\/bnazanno.ufo\/glyphs\/u064F_.glif","\/bnazanno.ufo\/glyphs\/u0650.glif":"\/bnazanno.ufo\/glyphs\/u0650.glif","\/bnazanno.ufo\/glyphs\/u0651.glif":"\/bnazanno.ufo\/glyphs\/u0651.glif","\/bnazanno.ufo\/glyphs\/u0652.glif":"\/bnazanno.ufo\/glyphs\/u0652.glif","\/bnazanno.ufo\/glyphs\/u067E_.glif":"\/bnazanno.ufo\/glyphs\/u067E_.glif","\/bnazanno.ufo\/glyphs\/u0686.glif":"\/bnazanno.ufo\/glyphs\/u0686.glif","\/bnazanno.ufo\/glyphs\/u0698.glif":"\/bnazanno.ufo\/glyphs\/u0698.glif","\/bnazanno.ufo\/glyphs\/u06A_F_.glif":"\/bnazanno.ufo\/glyphs\/u06A_F_.glif","\/bnazanno.ufo\/glyphs\/uE_818.glif":"\/bnazanno.ufo\/glyphs\/uE_818.glif","\/bnazanno.ufo\/glyphs\/uE_820.glif":"\/bnazanno.ufo\/glyphs\/uE_820.glif","\/bnazanno.ufo\/glyphs\/uE_821.glif":"\/bnazanno.ufo\/glyphs\/uE_821.glif","\/bnazanno.ufo\/glyphs\/uE_822.glif":"\/bnazanno.ufo\/glyphs\/uE_822.glif","\/bnazanno.ufo\/glyphs\/uE_823.glif":"\/bnazanno.ufo\/glyphs\/uE_823.glif","\/bnazanno.ufo\/glyphs\/uE_824.glif":"\/bnazanno.ufo\/glyphs\/uE_824.glif","\/bnazanno.ufo\/glyphs\/uE_825.glif":"\/bnazanno.ufo\/glyphs\/uE_825.glif","\/bnazanno.ufo\/glyphs\/uE_826.glif":"\/bnazanno.ufo\/glyphs\/uE_826.glif","\/bnazanno.ufo\/glyphs\/uE_827.glif":"\/bnazanno.ufo\/glyphs\/uE_827.glif","\/bnazanno.ufo\/glyphs\/uE_828.glif":"\/bnazanno.ufo\/glyphs\/uE_828.glif","\/bnazanno.ufo\/glyphs\/uE_829.glif":"\/bnazanno.ufo\/glyphs\/uE_829.glif","\/bnazanno.ufo\/glyphs\/uE_82A_.glif":"\/bnazanno.ufo\/glyphs\/uE_82A_.glif","\/bnazanno.ufo\/glyphs\/uE_82B_.glif":"\/bnazanno.ufo\/glyphs\/uE_82B_.glif","\/bnazanno.ufo\/glyphs\/uE_82C_.glif":"\/bnazanno.ufo\/glyphs\/uE_82C_.glif","\/bnazanno.ufo\/glyphs\/uE_82D_.glif":"\/bnazanno.ufo\/glyphs\/uE_82D_.glif","\/bnazanno.ufo\/glyphs\/uF_B_57.glif":"\/bnazanno.ufo\/glyphs\/uF_B_57.glif","\/bnazanno.ufo\/glyphs\/uF_B_58.glif":"\/bnazanno.ufo\/glyphs\/uF_B_58.glif","\/bnazanno.ufo\/glyphs\/uF_B_59.glif":"\/bnazanno.ufo\/glyphs\/uF_B_59.glif","\/bnazanno.ufo\/glyphs\/uF_B_7B_.glif":"\/bnazanno.ufo\/glyphs\/uF_B_7B_.glif","\/bnazanno.ufo\/glyphs\/uF_B_7C_.glif":"\/bnazanno.ufo\/glyphs\/uF_B_7C_.glif","\/bnazanno.ufo\/glyphs\/uF_B_7D_.glif":"\/bnazanno.ufo\/glyphs\/uF_B_7D_.glif","\/bnazanno.ufo\/glyphs\/uF_B_8B_.glif":"\/bnazanno.ufo\/glyphs\/uF_B_8B_.glif","\/bnazanno.ufo\/glyphs\/uF_B_93.glif":"\/bnazanno.ufo\/glyphs\/uF_B_93.glif","\/bnazanno.ufo\/glyphs\/uF_B_94.glif":"\/bnazanno.ufo\/glyphs\/uF_B_94.glif","\/bnazanno.ufo\/glyphs\/uF_B_95.glif":"\/bnazanno.ufo\/glyphs\/uF_B_95.glif","\/bnazanno.ufo\/glyphs\/uF_C_5E_.glif":"\/bnazanno.ufo\/glyphs\/uF_C_5E_.glif","\/bnazanno.ufo\/glyphs\/uF_C_5F_.glif":"\/bnazanno.ufo\/glyphs\/uF_C_5F_.glif","\/bnazanno.ufo\/glyphs\/uF_C_60.glif":"\/bnazanno.ufo\/glyphs\/uF_C_60.glif","\/bnazanno.ufo\/glyphs\/uF_C_61.glif":"\/bnazanno.ufo\/glyphs\/uF_C_61.glif","\/bnazanno.ufo\/glyphs\/uF_C_62.glif":"\/bnazanno.ufo\/glyphs\/uF_C_62.glif","\/bnazanno.ufo\/glyphs\/uF_D_F_2.glif":"\/bnazanno.ufo\/glyphs\/uF_D_F_2.glif","\/bnazanno.ufo\/glyphs\/uF_E_84.glif":"\/bnazanno.ufo\/glyphs\/uF_E_84.glif","\/bnazanno.ufo\/glyphs\/uF_E_86.glif":"\/bnazanno.ufo\/glyphs\/uF_E_86.glif","\/bnazanno.ufo\/glyphs\/uF_E_88.glif":"\/bnazanno.ufo\/glyphs\/uF_E_88.glif","\/bnazanno.ufo\/glyphs\/uF_E_8A_.glif":"\/bnazanno.ufo\/glyphs\/uF_E_8A_.glif","\/bnazanno.ufo\/glyphs\/uF_E_8B_.glif":"\/bnazanno.ufo\/glyphs\/uF_E_8B_.glif","\/bnazanno.ufo\/glyphs\/uF_E_8C_.glif":"\/bnazanno.ufo\/glyphs\/uF_E_8C_.glif","\/bnazanno.ufo\/glyphs\/uF_E_8E_.glif":"\/bnazanno.ufo\/glyphs\/uF_E_8E_.glif","\/bnazanno.ufo\/glyphs\/uF_E_90.glif":"\/bnazanno.ufo\/glyphs\/uF_E_90.glif","\/bnazanno.ufo\/glyphs\/uF_E_91.glif":"\/bnazanno.ufo\/glyphs\/uF_E_91.glif","\/bnazanno.ufo\/glyphs\/uF_E_92.glif":"\/bnazanno.ufo\/glyphs\/uF_E_92.glif","\/bnazanno.ufo\/glyphs\/uF_E_94.glif":"\/bnazanno.ufo\/glyphs\/uF_E_94.glif","\/bnazanno.ufo\/glyphs\/uF_E_96.glif":"\/bnazanno.ufo\/glyphs\/uF_E_96.glif","\/bnazanno.ufo\/glyphs\/uF_E_97.glif":"\/bnazanno.ufo\/glyphs\/uF_E_97.glif","\/bnazanno.ufo\/glyphs\/uF_E_98.glif":"\/bnazanno.ufo\/glyphs\/uF_E_98.glif","\/bnazanno.ufo\/glyphs\/uF_E_9A_.glif":"\/bnazanno.ufo\/glyphs\/uF_E_9A_.glif","\/bnazanno.ufo\/glyphs\/uF_E_9B_.glif":"\/bnazanno.ufo\/glyphs\/uF_E_9B_.glif","\/bnazanno.ufo\/glyphs\/uF_E_9C_.glif":"\/bnazanno.ufo\/glyphs\/uF_E_9C_.glif","\/bnazanno.ufo\/glyphs\/uF_E_9E_.glif":"\/bnazanno.ufo\/glyphs\/uF_E_9E_.glif","\/bnazanno.ufo\/glyphs\/uF_E_9F_.glif":"\/bnazanno.ufo\/glyphs\/uF_E_9F_.glif","\/bnazanno.ufo\/glyphs\/uF_E_A_0.glif":"\/bnazanno.ufo\/glyphs\/uF_E_A_0.glif","\/bnazanno.ufo\/glyphs\/uF_E_A_2.glif":"\/bnazanno.ufo\/glyphs\/uF_E_A_2.glif","\/bnazanno.ufo\/glyphs\/uF_E_A_3.glif":"\/bnazanno.ufo\/glyphs\/uF_E_A_3.glif","\/bnazanno.ufo\/glyphs\/uF_E_A_4.glif":"\/bnazanno.ufo\/glyphs\/uF_E_A_4.glif","\/bnazanno.ufo\/glyphs\/uF_E_A_6.glif":"\/bnazanno.ufo\/glyphs\/uF_E_A_6.glif","\/bnazanno.ufo\/glyphs\/uF_E_A_7.glif":"\/bnazanno.ufo\/glyphs\/uF_E_A_7.glif","\/bnazanno.ufo\/glyphs\/uF_E_A_8.glif":"\/bnazanno.ufo\/glyphs\/uF_E_A_8.glif","\/bnazanno.ufo\/glyphs\/uF_E_A_A_.glif":"\/bnazanno.ufo\/glyphs\/uF_E_A_A_.glif","\/bnazanno.ufo\/glyphs\/uF_E_A_C_.glif":"\/bnazanno.ufo\/glyphs\/uF_E_A_C_.glif","\/bnazanno.ufo\/glyphs\/uF_E_A_E_.glif":"\/bnazanno.ufo\/glyphs\/uF_E_A_E_.glif","\/bnazanno.ufo\/glyphs\/uF_E_B_0.glif":"\/bnazanno.ufo\/glyphs\/uF_E_B_0.glif","\/bnazanno.ufo\/glyphs\/uF_E_B_2.glif":"\/bnazanno.ufo\/glyphs\/uF_E_B_2.glif","\/bnazanno.ufo\/glyphs\/uF_E_B_3.glif":"\/bnazanno.ufo\/glyphs\/uF_E_B_3.glif","\/bnazanno.ufo\/glyphs\/uF_E_B_4.glif":"\/bnazanno.ufo\/glyphs\/uF_E_B_4.glif","\/bnazanno.ufo\/glyphs\/uF_E_B_6.glif":"\/bnazanno.ufo\/glyphs\/uF_E_B_6.glif","\/bnazanno.ufo\/glyphs\/uF_E_B_7.glif":"\/bnazanno.ufo\/glyphs\/uF_E_B_7.glif","\/bnazanno.ufo\/glyphs\/uF_E_B_8.glif":"\/bnazanno.ufo\/glyphs\/uF_E_B_8.glif","\/bnazanno.ufo\/glyphs\/uF_E_B_A_.glif":"\/bnazanno.ufo\/glyphs\/uF_E_B_A_.glif","\/bnazanno.ufo\/glyphs\/uF_E_B_B_.glif":"\/bnazanno.ufo\/glyphs\/uF_E_B_B_.glif","\/bnazanno.ufo\/glyphs\/uF_E_B_C_.glif":"\/bnazanno.ufo\/glyphs\/uF_E_B_C_.glif","\/bnazanno.ufo\/glyphs\/uF_E_B_E_.glif":"\/bnazanno.ufo\/glyphs\/uF_E_B_E_.glif","\/bnazanno.ufo\/glyphs\/uF_E_B_F_.glif":"\/bnazanno.ufo\/glyphs\/uF_E_B_F_.glif","\/bnazanno.ufo\/glyphs\/uF_E_C_0.glif":"\/bnazanno.ufo\/glyphs\/uF_E_C_0.glif","\/bnazanno.ufo\/glyphs\/uF_E_C_2.glif":"\/bnazanno.ufo\/glyphs\/uF_E_C_2.glif","\/bnazanno.ufo\/glyphs\/uF_E_C_3.glif":"\/bnazanno.ufo\/glyphs\/uF_E_C_3.glif","\/bnazanno.ufo\/glyphs\/uF_E_C_4.glif":"\/bnazanno.ufo\/glyphs\/uF_E_C_4.glif","\/bnazanno.ufo\/glyphs\/uF_E_C_6.glif":"\/bnazanno.ufo\/glyphs\/uF_E_C_6.glif","\/bnazanno.ufo\/glyphs\/uF_E_C_7.glif":"\/bnazanno.ufo\/glyphs\/uF_E_C_7.glif","\/bnazanno.ufo\/glyphs\/uF_E_C_8.glif":"\/bnazanno.ufo\/glyphs\/uF_E_C_8.glif","\/bnazanno.ufo\/glyphs\/uF_E_C_A_.glif":"\/bnazanno.ufo\/glyphs\/uF_E_C_A_.glif","\/bnazanno.ufo\/glyphs\/uF_E_C_B_.glif":"\/bnazanno.ufo\/glyphs\/uF_E_C_B_.glif","\/bnazanno.ufo\/glyphs\/uF_E_C_C_.glif":"\/bnazanno.ufo\/glyphs\/uF_E_C_C_.glif","\/bnazanno.ufo\/glyphs\/uF_E_C_E_.glif":"\/bnazanno.ufo\/glyphs\/uF_E_C_E_.glif","\/bnazanno.ufo\/glyphs\/uF_E_C_F_.glif":"\/bnazanno.ufo\/glyphs\/uF_E_C_F_.glif","\/bnazanno.ufo\/glyphs\/uF_E_D_0.glif":"\/bnazanno.ufo\/glyphs\/uF_E_D_0.glif","\/bnazanno.ufo\/glyphs\/uF_E_D_2.glif":"\/bnazanno.ufo\/glyphs\/uF_E_D_2.glif","\/bnazanno.ufo\/glyphs\/uF_E_D_3.glif":"\/bnazanno.ufo\/glyphs\/uF_E_D_3.glif","\/bnazanno.ufo\/glyphs\/uF_E_D_4.glif":"\/bnazanno.ufo\/glyphs\/uF_E_D_4.glif","\/bnazanno.ufo\/glyphs\/uF_E_D_6.glif":"\/bnazanno.ufo\/glyphs\/uF_E_D_6.glif","\/bnazanno.ufo\/glyphs\/uF_E_D_7.glif":"\/bnazanno.ufo\/glyphs\/uF_E_D_7.glif","\/bnazanno.ufo\/glyphs\/uF_E_D_8.glif":"\/bnazanno.ufo\/glyphs\/uF_E_D_8.glif","\/bnazanno.ufo\/glyphs\/uF_E_D_A_.glif":"\/bnazanno.ufo\/glyphs\/uF_E_D_A_.glif","\/bnazanno.ufo\/glyphs\/uF_E_D_B_.glif":"\/bnazanno.ufo\/glyphs\/uF_E_D_B_.glif","\/bnazanno.ufo\/glyphs\/uF_E_D_C_.glif":"\/bnazanno.ufo\/glyphs\/uF_E_D_C_.glif","\/bnazanno.ufo\/glyphs\/uF_E_D_E_.glif":"\/bnazanno.ufo\/glyphs\/uF_E_D_E_.glif","\/bnazanno.ufo\/glyphs\/uF_E_D_F_.glif":"\/bnazanno.ufo\/glyphs\/uF_E_D_F_.glif","\/bnazanno.ufo\/glyphs\/uF_E_E_0.glif":"\/bnazanno.ufo\/glyphs\/uF_E_E_0.glif","\/bnazanno.ufo\/glyphs\/uF_E_E_2.glif":"\/bnazanno.ufo\/glyphs\/uF_E_E_2.glif","\/bnazanno.ufo\/glyphs\/uF_E_E_3.glif":"\/bnazanno.ufo\/glyphs\/uF_E_E_3.glif","\/bnazanno.ufo\/glyphs\/uF_E_E_4.glif":"\/bnazanno.ufo\/glyphs\/uF_E_E_4.glif","\/bnazanno.ufo\/glyphs\/uF_E_E_6.glif":"\/bnazanno.ufo\/glyphs\/uF_E_E_6.glif","\/bnazanno.ufo\/glyphs\/uF_E_E_7.glif":"\/bnazanno.ufo\/glyphs\/uF_E_E_7.glif","\/bnazanno.ufo\/glyphs\/uF_E_E_8.glif":"\/bnazanno.ufo\/glyphs\/uF_E_E_8.glif","\/bnazanno.ufo\/glyphs\/uF_E_E_A_.glif":"\/bnazanno.ufo\/glyphs\/uF_E_E_A_.glif","\/bnazanno.ufo\/glyphs\/uF_E_E_B_.glif":"\/bnazanno.ufo\/glyphs\/uF_E_E_B_.glif","\/bnazanno.ufo\/glyphs\/uF_E_E_C_.glif":"\/bnazanno.ufo\/glyphs\/uF_E_E_C_.glif","\/bnazanno.ufo\/glyphs\/uF_E_E_E_.glif":"\/bnazanno.ufo\/glyphs\/uF_E_E_E_.glif","\/bnazanno.ufo\/glyphs\/uF_E_F_0.glif":"\/bnazanno.ufo\/glyphs\/uF_E_F_0.glif","\/bnazanno.ufo\/glyphs\/uF_E_F_2.glif":"\/bnazanno.ufo\/glyphs\/uF_E_F_2.glif","\/bnazanno.ufo\/glyphs\/uF_E_F_3.glif":"\/bnazanno.ufo\/glyphs\/uF_E_F_3.glif","\/bnazanno.ufo\/glyphs\/uF_E_F_4.glif":"\/bnazanno.ufo\/glyphs\/uF_E_F_4.glif","\/bnazanno.ufo\/glyphs\/uF_E_F_5.glif":"\/bnazanno.ufo\/glyphs\/uF_E_F_5.glif","\/bnazanno.ufo\/glyphs\/uF_E_F_6.glif":"\/bnazanno.ufo\/glyphs\/uF_E_F_6.glif","\/bnazanno.ufo\/glyphs\/uF_E_F_7.glif":"\/bnazanno.ufo\/glyphs\/uF_E_F_7.glif","\/bnazanno.ufo\/glyphs\/uF_E_F_8.glif":"\/bnazanno.ufo\/glyphs\/uF_E_F_8.glif","\/bnazanno.ufo\/glyphs\/uF_E_F_9.glif":"\/bnazanno.ufo\/glyphs\/uF_E_F_9.glif","\/bnazanno.ufo\/glyphs\/uF_E_F_A_.glif":"\/bnazanno.ufo\/glyphs\/uF_E_F_A_.glif","\/bnazanno.ufo\/glyphs\/uF_E_F_B_.glif":"\/bnazanno.ufo\/glyphs\/uF_E_F_B_.glif","\/bnazanno.ufo\/glyphs\/uF_E_F_C_.glif":"\/bnazanno.ufo\/glyphs\/uF_E_F_C_.glif","\/bnazanno.ufo\/glyphs\/zero.glif":"\/bnazanno.ufo\/glyphs\/zero.glif","\/bnazanno.ufo\/glyphs\/zerojoin.glif":"\/bnazanno.ufo\/glyphs\/zerojoin.glif","\/bnazanno.ufo\/glyphs\/zeronojoin.glif":"\/bnazanno.ufo\/glyphs\/zeronojoin.glif"},"Font":{"uploaded":1478285080.3531,"licence":"gpl3","company":"Chronolabs Cooperative","title":"BNazanin Outline","version":3.002,"date":"Fri Oct 14 23:32:01 2016","creator":"root","type":"1","matrix":"0.000488281 0 0 0.000488281 0 0","named":"BNazaninOutline","painttype":"0","info":"10 dict dup","name":"B Nazanin Outline","family":"B Nazanin Outline","weight":"Book","fstype":"0","italicangle":"0","underlineposition":"","underlinethickness":""},"Licences":{"":false},"Table":{"FFTM":{"entryLength":16,"tag":"FFTM","checksum":1955351090,"offset":64352,"length":28},"GDEF":{"entryLength":16,"tag":"GDEF","checksum":17170436,"offset":64320,"length":32},"OS\/2":{"entryLength":16,"tag":"OS\/2","checksum":2273147970,"offset":344,"length":86},"cmap":{"entryLength":16,"tag":"cmap","checksum":3758296224,"offset":1300,"length":982},"gasp":{"entryLength":16,"tag":"gasp","checksum":4294901763,"offset":64312,"length":8},"glyf":{"entryLength":16,"tag":"glyf","checksum":3616342676,"offset":2720,"length":59404},"head":{"entryLength":16,"tag":"head","checksum":304102933,"offset":220,"length":54},"hhea":{"entryLength":16,"tag":"hhea","checksum":317325965,"offset":276,"length":36},"hmtx":{"entryLength":16,"tag":"hmtx","checksum":1552175468,"offset":432,"length":868},"loca":{"entryLength":16,"tag":"loca","checksum":311905310,"offset":2284,"length":436},"maxp":{"entryLength":16,"tag":"maxp","checksum":19726578,"offset":312,"length":32},"name":{"entryLength":16,"tag":"name","checksum":205083015,"offset":62124,"length":636},"post":{"entryLength":16,"tag":"post","checksum":1993233325,"offset":62760,"length":1550}},"UnicodeCharMap":{"0":1,"13":2,"32":3,"33":4,"37":5,"40":6,"41":7,"42":8,"43":9,"44":10,"45":11,"46":12,"47":13,"48":14,"49":15,"50":16,"51":17,"52":18,"53":19,"54":20,"55":21,"56":22,"57":23,"58":24,"61":25,"91":26,"93":27,"123":28,"125":29,"171":30,"183":31,"187":32,"215":33,"247":34,"292":79,"1548":45,"1563":46,"1567":47,"1569":77,"1570":78,"1571":80,"1572":82,"1573":84,"1574":86,"1575":90,"1576":92,"1577":200,"1578":100,"1579":104,"1580":108,"1581":116,"1582":120,"1583":124,"1584":126,"1585":128,"1586":130,"1587":134,"1588":138,"1589":142,"1590":146,"1591":150,"1592":154,"1593":158,"1594":162,"1600":48,"1601":166,"1602":170,"1603":174,"1604":182,"1605":186,"1606":190,"1607":196,"1608":194,"1609":214,"1610":202,"1611":49,"1612":50,"1613":51,"1614":52,"1615":53,"1616":54,"1617":55,"1618":56,"1662":96,"1670":112,"1688":132,"1711":178,"8204":35,"8205":36,"8216":39,"8217":40,"8220":41,"8221":42,"8249":43,"8250":44,"59416":73,"59424":57,"59425":58,"59426":59,"59427":60,"59428":61,"59429":62,"59430":63,"59431":64,"59432":65,"59433":66,"59434":67,"59435":68,"59436":69,"59437":70,"64343":97,"64344":98,"64345":99,"64379":113,"64380":114,"64381":115,"64395":133,"64403":179,"64404":180,"64405":181,"64606":74,"64607":76,"64608":71,"64609":72,"64610":75,"65010":216,"65156":81,"65158":83,"65160":85,"65162":87,"65163":88,"65164":89,"65166":91,"65168":93,"65169":94,"65170":95,"65172":201,"65174":101,"65175":102,"65176":103,"65178":105,"65179":106,"65180":107,"65182":109,"65183":110,"65184":111,"65186":117,"65187":118,"65188":119,"65190":121,"65191":122,"65192":123,"65194":125,"65196":127,"65198":129,"65200":131,"65202":135,"65203":136,"65204":137,"65206":139,"65207":140,"65208":141,"65210":143,"65211":144,"65212":145,"65214":147,"65215":148,"65216":149,"65218":151,"65219":152,"65220":153,"65222":155,"65223":156,"65224":157,"65226":159,"65227":160,"65228":161,"65230":163,"65231":164,"65232":165,"65234":167,"65235":168,"65236":169,"65238":171,"65239":172,"65240":173,"65242":175,"65243":176,"65244":177,"65246":183,"65247":184,"65248":185,"65250":187,"65251":188,"65252":189,"65254":191,"65255":192,"65256":193,"65258":197,"65259":198,"65260":199,"65262":195,"65264":215,"65266":203,"65267":204,"65268":205,"65269":206,"65270":207,"65271":208,"65272":209,"65273":210,"65274":211,"65275":212,"65276":213},"Reserves":{"fontname":"B Nazanin Outline"},"Names":{"B Nazanin Outline":{"name":"B Nazanin Outline","longitude":"0.00000001","latitude":"0.00000001","country":"","region":"","city":""}},"Nodes":{"na":{"type":"typal","node":"na","usage":1,"weight":1},"in":{"type":"typal","node":"in","usage":1,"weight":1},"ou":{"type":"typal","node":"ou","usage":1,"weight":1},"ne":{"type":"typal","node":"ne","usage":1,"weight":1},"naz":{"type":"typal","node":"naz","usage":1,"weight":1},"nin":{"type":"typal","node":"nin","usage":1,"weight":1},"out":{"type":"typal","node":"out","usage":1,"weight":1},"ine":{"type":"typal","node":"ine","usage":1,"weight":1},"naza":{"type":"keys","node":"naza","usage":1,"weight":1},"anin":{"type":"keys","node":"anin","usage":1,"weight":1},"outl":{"type":"keys","node":"outl","usage":1,"weight":1},"line":{"type":"keys","node":"line","usage":1,"weight":1},"nazan":{"type":"keys","node":"nazan","usage":1,"weight":1},"zanin":{"type":"keys","node":"zanin","usage":1,"weight":1},"outli":{"type":"keys","node":"outli","usage":1,"weight":1},"tline":{"type":"keys","node":"tline","usage":1,"weight":1},"b":{"type":"fixes","node":"b","usage":1,"weight":1},"nazanin":{"type":"fixes","node":"nazanin","usage":1,"weight":1},"outline":{"type":"fixes","node":"outline","usage":1,"weight":1}},"Contributors":[],"FontIdentity":"toriquine:564ac6a7484ce02693ed26","Bytes":null,"Networking":[],"barcode":"12ygask2kmue4k","referee":"MMagcaoI"}