{"CSS":{"QuarterbackOutline":"QuarterbackOutline.css","Quarterback Outline":"512bd89a9669e61541708ff96ae43476.css"},"FontType":"TrueType","FontCopyright":"Copyright (c)1986-1995 SWFTE International, Ltd. All rights reserved.","FontName":"QuarterbackOutline","FontSubfamily":"RegularSWFTE","FontSubfamilyID":"FontForge 2.0 : QuarterbackOutline : 30-4-2017","FontFullName":"Quarterback Outline","FontVersion":"Version Rev. 003.000 ","FontWeight":null,"FontPostscriptName":"QuarterbackOutlineRegularSWFTE","Files":{"\/QuarterbackOutline.css":"\/QuarterbackOutline.css","\/font-resource.json":"\/font-resource.json","\/quarterbackoutline.afm":"\/quarterbackoutline.afm","\/quarterbackoutline.cef":"\/quarterbackoutline.cef","\/quarterbackoutline.cff":"\/quarterbackoutline.cff","\/quarterbackoutline.eot":"\/quarterbackoutline.eot","\/quarterbackoutline.gai":"\/quarterbackoutline.gai","\/quarterbackoutline.gsf":"\/quarterbackoutline.gsf","\/quarterbackoutline.otf":"\/quarterbackoutline.otf","\/quarterbackoutline.pf3":"\/quarterbackoutline.pf3","\/quarterbackoutline.pfa":"\/quarterbackoutline.pfa","\/quarterbackoutline.pfb":"\/quarterbackoutline.pfb","\/quarterbackoutline.php":"\/quarterbackoutline.php","\/quarterbackoutline.pt3":"\/quarterbackoutline.pt3","\/quarterbackoutline.sfd":"\/quarterbackoutline.sfd","\/quarterbackoutline.svg":"\/quarterbackoutline.svg","\/quarterbackoutline.t42":"\/quarterbackoutline.t42","\/quarterbackoutline.ttd":"\/quarterbackoutline.ttd","\/quarterbackoutline.ttf":"\/quarterbackoutline.ttf","\/quarterbackoutline.ttg":"\/quarterbackoutline.ttg","\/quarterbackoutline.ufm":"\/quarterbackoutline.ufm","\/quarterbackoutline.woff":"\/quarterbackoutline.woff","\/quarterbackoutline.z":"\/quarterbackoutline.z","\/quarterbackoutline.ufo\/features.fea":"\/quarterbackoutline.ufo\/features.fea","\/quarterbackoutline.ufo\/fontinfo.plist":"\/quarterbackoutline.ufo\/fontinfo.plist","\/quarterbackoutline.ufo\/metainfo.plist":"\/quarterbackoutline.ufo\/metainfo.plist","\/quarterbackoutline.ufo\/glyphs\/A_.glif":"\/quarterbackoutline.ufo\/glyphs\/A_.glif","\/quarterbackoutline.ufo\/glyphs\/B_.glif":"\/quarterbackoutline.ufo\/glyphs\/B_.glif","\/quarterbackoutline.ufo\/glyphs\/C_.glif":"\/quarterbackoutline.ufo\/glyphs\/C_.glif","\/quarterbackoutline.ufo\/glyphs\/D_.glif":"\/quarterbackoutline.ufo\/glyphs\/D_.glif","\/quarterbackoutline.ufo\/glyphs\/E_.glif":"\/quarterbackoutline.ufo\/glyphs\/E_.glif","\/quarterbackoutline.ufo\/glyphs\/F_.glif":"\/quarterbackoutline.ufo\/glyphs\/F_.glif","\/quarterbackoutline.ufo\/glyphs\/G_.glif":"\/quarterbackoutline.ufo\/glyphs\/G_.glif","\/quarterbackoutline.ufo\/glyphs\/H_.glif":"\/quarterbackoutline.ufo\/glyphs\/H_.glif","\/quarterbackoutline.ufo\/glyphs\/I_.glif":"\/quarterbackoutline.ufo\/glyphs\/I_.glif","\/quarterbackoutline.ufo\/glyphs\/J_.glif":"\/quarterbackoutline.ufo\/glyphs\/J_.glif","\/quarterbackoutline.ufo\/glyphs\/K_.glif":"\/quarterbackoutline.ufo\/glyphs\/K_.glif","\/quarterbackoutline.ufo\/glyphs\/L_.glif":"\/quarterbackoutline.ufo\/glyphs\/L_.glif","\/quarterbackoutline.ufo\/glyphs\/M_.glif":"\/quarterbackoutline.ufo\/glyphs\/M_.glif","\/quarterbackoutline.ufo\/glyphs\/N_.glif":"\/quarterbackoutline.ufo\/glyphs\/N_.glif","\/quarterbackoutline.ufo\/glyphs\/O_.glif":"\/quarterbackoutline.ufo\/glyphs\/O_.glif","\/quarterbackoutline.ufo\/glyphs\/P_.glif":"\/quarterbackoutline.ufo\/glyphs\/P_.glif","\/quarterbackoutline.ufo\/glyphs\/Q_.glif":"\/quarterbackoutline.ufo\/glyphs\/Q_.glif","\/quarterbackoutline.ufo\/glyphs\/R_.glif":"\/quarterbackoutline.ufo\/glyphs\/R_.glif","\/quarterbackoutline.ufo\/glyphs\/S_.glif":"\/quarterbackoutline.ufo\/glyphs\/S_.glif","\/quarterbackoutline.ufo\/glyphs\/T_.glif":"\/quarterbackoutline.ufo\/glyphs\/T_.glif","\/quarterbackoutline.ufo\/glyphs\/U_.glif":"\/quarterbackoutline.ufo\/glyphs\/U_.glif","\/quarterbackoutline.ufo\/glyphs\/V_.glif":"\/quarterbackoutline.ufo\/glyphs\/V_.glif","\/quarterbackoutline.ufo\/glyphs\/W_.glif":"\/quarterbackoutline.ufo\/glyphs\/W_.glif","\/quarterbackoutline.ufo\/glyphs\/X_.glif":"\/quarterbackoutline.ufo\/glyphs\/X_.glif","\/quarterbackoutline.ufo\/glyphs\/Y_.glif":"\/quarterbackoutline.ufo\/glyphs\/Y_.glif","\/quarterbackoutline.ufo\/glyphs\/Z_.glif":"\/quarterbackoutline.ufo\/glyphs\/Z_.glif","\/quarterbackoutline.ufo\/glyphs\/_notdef.glif":"\/quarterbackoutline.ufo\/glyphs\/_notdef.glif","\/quarterbackoutline.ufo\/glyphs\/_null.glif":"\/quarterbackoutline.ufo\/glyphs\/_null.glif","\/quarterbackoutline.ufo\/glyphs\/a.glif":"\/quarterbackoutline.ufo\/glyphs\/a.glif","\/quarterbackoutline.ufo\/glyphs\/b.glif":"\/quarterbackoutline.ufo\/glyphs\/b.glif","\/quarterbackoutline.ufo\/glyphs\/c.glif":"\/quarterbackoutline.ufo\/glyphs\/c.glif","\/quarterbackoutline.ufo\/glyphs\/comma.glif":"\/quarterbackoutline.ufo\/glyphs\/comma.glif","\/quarterbackoutline.ufo\/glyphs\/contents.plist":"\/quarterbackoutline.ufo\/glyphs\/contents.plist","\/quarterbackoutline.ufo\/glyphs\/d.glif":"\/quarterbackoutline.ufo\/glyphs\/d.glif","\/quarterbackoutline.ufo\/glyphs\/e.glif":"\/quarterbackoutline.ufo\/glyphs\/e.glif","\/quarterbackoutline.ufo\/glyphs\/eight.glif":"\/quarterbackoutline.ufo\/glyphs\/eight.glif","\/quarterbackoutline.ufo\/glyphs\/f.glif":"\/quarterbackoutline.ufo\/glyphs\/f.glif","\/quarterbackoutline.ufo\/glyphs\/five.glif":"\/quarterbackoutline.ufo\/glyphs\/five.glif","\/quarterbackoutline.ufo\/glyphs\/four.glif":"\/quarterbackoutline.ufo\/glyphs\/four.glif","\/quarterbackoutline.ufo\/glyphs\/g.glif":"\/quarterbackoutline.ufo\/glyphs\/g.glif","\/quarterbackoutline.ufo\/glyphs\/h.glif":"\/quarterbackoutline.ufo\/glyphs\/h.glif","\/quarterbackoutline.ufo\/glyphs\/hyphen.glif":"\/quarterbackoutline.ufo\/glyphs\/hyphen.glif","\/quarterbackoutline.ufo\/glyphs\/i.glif":"\/quarterbackoutline.ufo\/glyphs\/i.glif","\/quarterbackoutline.ufo\/glyphs\/j.glif":"\/quarterbackoutline.ufo\/glyphs\/j.glif","\/quarterbackoutline.ufo\/glyphs\/k.glif":"\/quarterbackoutline.ufo\/glyphs\/k.glif","\/quarterbackoutline.ufo\/glyphs\/l.glif":"\/quarterbackoutline.ufo\/glyphs\/l.glif","\/quarterbackoutline.ufo\/glyphs\/m.glif":"\/quarterbackoutline.ufo\/glyphs\/m.glif","\/quarterbackoutline.ufo\/glyphs\/n.glif":"\/quarterbackoutline.ufo\/glyphs\/n.glif","\/quarterbackoutline.ufo\/glyphs\/nine.glif":"\/quarterbackoutline.ufo\/glyphs\/nine.glif","\/quarterbackoutline.ufo\/glyphs\/nonbreakingspace.glif":"\/quarterbackoutline.ufo\/glyphs\/nonbreakingspace.glif","\/quarterbackoutline.ufo\/glyphs\/nonmarkingreturn.glif":"\/quarterbackoutline.ufo\/glyphs\/nonmarkingreturn.glif","\/quarterbackoutline.ufo\/glyphs\/o.glif":"\/quarterbackoutline.ufo\/glyphs\/o.glif","\/quarterbackoutline.ufo\/glyphs\/one.glif":"\/quarterbackoutline.ufo\/glyphs\/one.glif","\/quarterbackoutline.ufo\/glyphs\/p.glif":"\/quarterbackoutline.ufo\/glyphs\/p.glif","\/quarterbackoutline.ufo\/glyphs\/period.glif":"\/quarterbackoutline.ufo\/glyphs\/period.glif","\/quarterbackoutline.ufo\/glyphs\/q.glif":"\/quarterbackoutline.ufo\/glyphs\/q.glif","\/quarterbackoutline.ufo\/glyphs\/quotesingle.glif":"\/quarterbackoutline.ufo\/glyphs\/quotesingle.glif","\/quarterbackoutline.ufo\/glyphs\/r.glif":"\/quarterbackoutline.ufo\/glyphs\/r.glif","\/quarterbackoutline.ufo\/glyphs\/s.glif":"\/quarterbackoutline.ufo\/glyphs\/s.glif","\/quarterbackoutline.ufo\/glyphs\/seven.glif":"\/quarterbackoutline.ufo\/glyphs\/seven.glif","\/quarterbackoutline.ufo\/glyphs\/six.glif":"\/quarterbackoutline.ufo\/glyphs\/six.glif","\/quarterbackoutline.ufo\/glyphs\/space.glif":"\/quarterbackoutline.ufo\/glyphs\/space.glif","\/quarterbackoutline.ufo\/glyphs\/t.glif":"\/quarterbackoutline.ufo\/glyphs\/t.glif","\/quarterbackoutline.ufo\/glyphs\/three.glif":"\/quarterbackoutline.ufo\/glyphs\/three.glif","\/quarterbackoutline.ufo\/glyphs\/two.glif":"\/quarterbackoutline.ufo\/glyphs\/two.glif","\/quarterbackoutline.ufo\/glyphs\/u.glif":"\/quarterbackoutline.ufo\/glyphs\/u.glif","\/quarterbackoutline.ufo\/glyphs\/v.glif":"\/quarterbackoutline.ufo\/glyphs\/v.glif","\/quarterbackoutline.ufo\/glyphs\/w.glif":"\/quarterbackoutline.ufo\/glyphs\/w.glif","\/quarterbackoutline.ufo\/glyphs\/x.glif":"\/quarterbackoutline.ufo\/glyphs\/x.glif","\/quarterbackoutline.ufo\/glyphs\/y.glif":"\/quarterbackoutline.ufo\/glyphs\/y.glif","\/quarterbackoutline.ufo\/glyphs\/z.glif":"\/quarterbackoutline.ufo\/glyphs\/z.glif","\/quarterbackoutline.ufo\/glyphs\/zero.glif":"\/quarterbackoutline.ufo\/glyphs\/zero.glif"},"Font":{"uploaded":1493581512.9715,"licence":"gpl3","company":"Chronolabs Cooperative","title":"Quarterback Outline Regular SWFTE","version":3.002,"date":"Sun Apr 30 21:08:16 2017","creator":"root","type":"1","matrix":"0.001 0 0 0.001 0 0","named":"QuarterbackOutlineRegularSWFTE","painttype":"0","info":"10 dict dup","name":"QuarterbackOutline","family":"QuarterbackOutline","weight":"Book","fstype":"1","italicangle":"0","underlineposition":"","underlinethickness":""},"Licences":{"":false},"Table":{"FFTM":{"entryLength":16,"tag":"FFTM","checksum":2122024361,"offset":12172,"length":28},"GDEF":{"entryLength":16,"tag":"GDEF","checksum":2555981,"offset":12140,"length":30},"OS\/2":{"entryLength":16,"tag":"OS\/2","checksum":1442865211,"offset":344,"length":86},"cmap":{"entryLength":16,"tag":"cmap","checksum":3498853446,"offset":716,"length":386},"gasp":{"entryLength":16,"tag":"gasp","checksum":4294901763,"offset":12132,"length":8},"glyf":{"entryLength":16,"tag":"glyf","checksum":3786796361,"offset":1248,"length":9868},"head":{"entryLength":16,"tag":"head","checksum":216084523,"offset":220,"length":54},"hhea":{"entryLength":16,"tag":"hhea","checksum":125043546,"offset":276,"length":36},"hmtx":{"entryLength":16,"tag":"hmtx","checksum":2679635892,"offset":432,"length":284},"loca":{"entryLength":16,"tag":"loca","checksum":1283675916,"offset":1104,"length":144},"maxp":{"entryLength":16,"tag":"maxp","checksum":9371751,"offset":312,"length":32},"name":{"entryLength":16,"tag":"name","checksum":2427700342,"offset":11116,"length":837},"post":{"entryLength":16,"tag":"post","checksum":111347713,"offset":11956,"length":176}},"UnicodeCharMap":{"0":1,"13":2,"32":3,"39":4,"44":5,"45":6,"46":7,"48":8,"49":9,"50":10,"51":11,"52":12,"53":13,"54":14,"55":15,"56":16,"57":17,"65":18,"66":19,"67":20,"68":21,"69":22,"70":23,"71":24,"72":25,"73":26,"74":27,"75":28,"76":29,"77":30,"78":31,"79":32,"80":33,"81":34,"82":35,"83":36,"84":37,"85":38,"86":39,"87":40,"88":41,"89":42,"90":43,"97":44,"98":45,"99":46,"100":47,"101":48,"102":49,"103":50,"104":51,"105":52,"106":53,"107":54,"108":55,"109":56,"110":57,"111":58,"112":59,"113":60,"114":61,"115":62,"116":63,"117":64,"118":65,"119":66,"120":67,"121":68,"122":69,"160":70},"Reserves":{"fontname":"Quarterback Outline"},"Names":{"Quarterback Outline":{"name":"Quarterback Outline","longitude":"0.00000001","latitude":"0.00000001","country":"","region":"","city":""}},"Nodes":{"qu":{"type":"typal","node":"qu","usage":1,"weight":1},"ck":{"type":"typal","node":"ck","usage":1,"weight":1},"ou":{"type":"typal","node":"ou","usage":1,"weight":1},"ne":{"type":"typal","node":"ne","usage":1,"weight":1},"qua":{"type":"typal","node":"qua","usage":1,"weight":1},"ack":{"type":"typal","node":"ack","usage":1,"weight":1},"out":{"type":"typal","node":"out","usage":1,"weight":1},"ine":{"type":"typal","node":"ine","usage":1,"weight":1},"quar":{"type":"keys","node":"quar","usage":1,"weight":1},"back":{"type":"keys","node":"back","usage":1,"weight":1},"outl":{"type":"keys","node":"outl","usage":1,"weight":1},"line":{"type":"keys","node":"line","usage":1,"weight":1},"quart":{"type":"keys","node":"quart","usage":1,"weight":1},"rback":{"type":"keys","node":"rback","usage":1,"weight":1},"outli":{"type":"keys","node":"outli","usage":1,"weight":1},"tline":{"type":"keys","node":"tline","usage":1,"weight":1},"quarterback":{"type":"fixes","node":"quarterback","usage":1,"weight":1},"outline":{"type":"fixes","node":"outline","usage":1,"weight":1}},"Contributors":[],"FontIdentity":"512bd89a9669e61541708ff96ae43476","Bytes":null,"Networking":[],"barcode":"iASukO8OA5a8S","referee":"7gugamqc"}