{"CSS":{"Blaster Eternal Italic":"Blaster Eternal Italic.css"},"FontType":"TrueType","FontCopyright":"Copyright (c) Andreas Nylin, 2001. All rights reserved.","FontName":"Blaster Eternal","FontSubfamily":"Italic","FontSubfamilyID":"dustBUST Blaster Eternal Italic","FontFullName":"Blaster Eternal Italic","FontVersion":"Version 1.0; 2001","FontWeight":null,"FontPostscriptName":"BlasterEternal-Italic","Files":{"ae_Dimnah.css":"ae_Dimnah.css","e30aa7fc9395ad8a852f8cb7866acfa6.afm":"e30aa7fc9395ad8a852f8cb7866acfa6.afm","e30aa7fc9395ad8a852f8cb7866acfa6.bin":"e30aa7fc9395ad8a852f8cb7866acfa6.bin","e30aa7fc9395ad8a852f8cb7866acfa6.cef":"e30aa7fc9395ad8a852f8cb7866acfa6.cef","e30aa7fc9395ad8a852f8cb7866acfa6.cff":"e30aa7fc9395ad8a852f8cb7866acfa6.cff","e30aa7fc9395ad8a852f8cb7866acfa6.dfont":"e30aa7fc9395ad8a852f8cb7866acfa6.dfont","e30aa7fc9395ad8a852f8cb7866acfa6.eot":"e30aa7fc9395ad8a852f8cb7866acfa6.eot","e30aa7fc9395ad8a852f8cb7866acfa6.fon":"e30aa7fc9395ad8a852f8cb7866acfa6.fon","e30aa7fc9395ad8a852f8cb7866acfa6.gai":"e30aa7fc9395ad8a852f8cb7866acfa6.gai","e30aa7fc9395ad8a852f8cb7866acfa6.gsf":"e30aa7fc9395ad8a852f8cb7866acfa6.gsf","e30aa7fc9395ad8a852f8cb7866acfa6.hqx":"e30aa7fc9395ad8a852f8cb7866acfa6.hqx","e30aa7fc9395ad8a852f8cb7866acfa6.ik":"e30aa7fc9395ad8a852f8cb7866acfa6.ik","e30aa7fc9395ad8a852f8cb7866acfa6.mf":"e30aa7fc9395ad8a852f8cb7866acfa6.mf","e30aa7fc9395ad8a852f8cb7866acfa6.otf":"e30aa7fc9395ad8a852f8cb7866acfa6.otf","e30aa7fc9395ad8a852f8cb7866acfa6.pcf":"e30aa7fc9395ad8a852f8cb7866acfa6.pcf","e30aa7fc9395ad8a852f8cb7866acfa6.pf3":"e30aa7fc9395ad8a852f8cb7866acfa6.pf3","e30aa7fc9395ad8a852f8cb7866acfa6.pfa":"e30aa7fc9395ad8a852f8cb7866acfa6.pfa","e30aa7fc9395ad8a852f8cb7866acfa6.pfb":"e30aa7fc9395ad8a852f8cb7866acfa6.pfb","e30aa7fc9395ad8a852f8cb7866acfa6.pmf":"e30aa7fc9395ad8a852f8cb7866acfa6.pmf","e30aa7fc9395ad8a852f8cb7866acfa6.pt3":"e30aa7fc9395ad8a852f8cb7866acfa6.pt3","e30aa7fc9395ad8a852f8cb7866acfa6.sfd":"e30aa7fc9395ad8a852f8cb7866acfa6.sfd","e30aa7fc9395ad8a852f8cb7866acfa6.svg":"e30aa7fc9395ad8a852f8cb7866acfa6.svg","e30aa7fc9395ad8a852f8cb7866acfa6.t42":"e30aa7fc9395ad8a852f8cb7866acfa6.t42","e30aa7fc9395ad8a852f8cb7866acfa6.ttf":"e30aa7fc9395ad8a852f8cb7866acfa6.ttf","e30aa7fc9395ad8a852f8cb7866acfa6.woff":"e30aa7fc9395ad8a852f8cb7866acfa6.woff","font-resource.json":"font-resource.json","\/fonts\/Converting\/simon@staff.labs.coop\/e30aa7fc9395ad8a852f8cb7866acfa6":{"ae_Dimnah.css":"ae_Dimnah.css","e30aa7fc9395ad8a852f8cb7866acfa6.afm":"e30aa7fc9395ad8a852f8cb7866acfa6.afm","e30aa7fc9395ad8a852f8cb7866acfa6.bin":"e30aa7fc9395ad8a852f8cb7866acfa6.bin","e30aa7fc9395ad8a852f8cb7866acfa6.cef":"e30aa7fc9395ad8a852f8cb7866acfa6.cef","e30aa7fc9395ad8a852f8cb7866acfa6.cff":"e30aa7fc9395ad8a852f8cb7866acfa6.cff","e30aa7fc9395ad8a852f8cb7866acfa6.dfont":"e30aa7fc9395ad8a852f8cb7866acfa6.dfont","e30aa7fc9395ad8a852f8cb7866acfa6.eot":"e30aa7fc9395ad8a852f8cb7866acfa6.eot","e30aa7fc9395ad8a852f8cb7866acfa6.fon":"e30aa7fc9395ad8a852f8cb7866acfa6.fon","e30aa7fc9395ad8a852f8cb7866acfa6.gai":"e30aa7fc9395ad8a852f8cb7866acfa6.gai","e30aa7fc9395ad8a852f8cb7866acfa6.gsf":"e30aa7fc9395ad8a852f8cb7866acfa6.gsf","e30aa7fc9395ad8a852f8cb7866acfa6.hqx":"e30aa7fc9395ad8a852f8cb7866acfa6.hqx","e30aa7fc9395ad8a852f8cb7866acfa6.ik":"e30aa7fc9395ad8a852f8cb7866acfa6.ik","e30aa7fc9395ad8a852f8cb7866acfa6.mf":"e30aa7fc9395ad8a852f8cb7866acfa6.mf","e30aa7fc9395ad8a852f8cb7866acfa6.otf":"e30aa7fc9395ad8a852f8cb7866acfa6.otf","e30aa7fc9395ad8a852f8cb7866acfa6.pcf":"e30aa7fc9395ad8a852f8cb7866acfa6.pcf","e30aa7fc9395ad8a852f8cb7866acfa6.pf3":"e30aa7fc9395ad8a852f8cb7866acfa6.pf3","e30aa7fc9395ad8a852f8cb7866acfa6.pfa":"e30aa7fc9395ad8a852f8cb7866acfa6.pfa","e30aa7fc9395ad8a852f8cb7866acfa6.pfb":"e30aa7fc9395ad8a852f8cb7866acfa6.pfb","e30aa7fc9395ad8a852f8cb7866acfa6.pmf":"e30aa7fc9395ad8a852f8cb7866acfa6.pmf","e30aa7fc9395ad8a852f8cb7866acfa6.pt3":"e30aa7fc9395ad8a852f8cb7866acfa6.pt3","e30aa7fc9395ad8a852f8cb7866acfa6.sfd":"e30aa7fc9395ad8a852f8cb7866acfa6.sfd","e30aa7fc9395ad8a852f8cb7866acfa6.svg":"e30aa7fc9395ad8a852f8cb7866acfa6.svg","e30aa7fc9395ad8a852f8cb7866acfa6.t42":"e30aa7fc9395ad8a852f8cb7866acfa6.t42","e30aa7fc9395ad8a852f8cb7866acfa6.ttf":"e30aa7fc9395ad8a852f8cb7866acfa6.ttf","e30aa7fc9395ad8a852f8cb7866acfa6.woff":"e30aa7fc9395ad8a852f8cb7866acfa6.woff","font-resource.json":"font-resource.json"},"e30aa7fc9395ad8a852f8cb7866acfa6.ufo":{"feature.fea":"feature.fea","fontinfo.plist":"fontinfo.plist","groups.plist":"groups.plist","kerning.plist":"kerning.plist","metainfo.plist":"metainfo.plist"},"e30aa7fc9395ad8a852f8cb7866acfa6.ufo\/glyphs":{"A_.glif":"A_.glif","A_E_.glif":"A_E_.glif","A_acute.glif":"A_acute.glif","A_circumflex.glif":"A_circumflex.glif","A_dieresis.glif":"A_dieresis.glif","A_grave.glif":"A_grave.glif","A_ring.glif":"A_ring.glif","A_tilde.glif":"A_tilde.glif","B_.glif":"B_.glif","C_.glif":"C_.glif","C_acute.glif":"C_acute.glif","C_caron.glif":"C_caron.glif","C_cedilla.glif":"C_cedilla.glif","D_.glif":"D_.glif","D_elta.glif":"D_elta.glif","E_.glif":"E_.glif","E_acute.glif":"E_acute.glif","E_circumflex.glif":"E_circumflex.glif","E_dieresis.glif":"E_dieresis.glif","E_grave.glif":"E_grave.glif","E_th.glif":"E_th.glif","E_uro.glif":"E_uro.glif","F_.glif":"F_.glif","G_.glif":"G_.glif","G_breve.glif":"G_breve.glif","H_.glif":"H_.glif","I_.glif":"I_.glif","I_acute.glif":"I_acute.glif","I_circumflex.glif":"I_circumflex.glif","I_dieresis.glif":"I_dieresis.glif","I_dotaccent.glif":"I_dotaccent.glif","I_grave.glif":"I_grave.glif","J_.glif":"J_.glif","K_.glif":"K_.glif","L_.glif":"L_.glif","L_slash.glif":"L_slash.glif","M_.glif":"M_.glif","N_.glif":"N_.glif","N_U_L_L_.glif":"N_U_L_L_.glif","N_tilde.glif":"N_tilde.glif","O_.glif":"O_.glif","O_E_.glif":"O_E_.glif","O_acute.glif":"O_acute.glif","O_circumflex.glif":"O_circumflex.glif","O_dieresis.glif":"O_dieresis.glif","O_grave.glif":"O_grave.glif","O_mega.glif":"O_mega.glif","O_slash.glif":"O_slash.glif","O_tilde.glif":"O_tilde.glif","P_.glif":"P_.glif","Q_.glif":"Q_.glif","R_.glif":"R_.glif","S_.glif":"S_.glif","S_caron.glif":"S_caron.glif","S_cedilla.glif":"S_cedilla.glif","T_.glif":"T_.glif","T_horn.glif":"T_horn.glif","U_.glif":"U_.glif","U_acute.glif":"U_acute.glif","U_circumflex.glif":"U_circumflex.glif","U_dieresis.glif":"U_dieresis.glif","U_grave.glif":"U_grave.glif","V_.glif":"V_.glif","W_.glif":"W_.glif","X_.glif":"X_.glif","Y_.glif":"Y_.glif","Y_acute.glif":"Y_acute.glif","Y_dieresis.glif":"Y_dieresis.glif","Z_.glif":"Z_.glif","Z_caron.glif":"Z_caron.glif","_notdef.glif":"_notdef.glif","a.glif":"a.glif","aacute.glif":"aacute.glif","acircumflex.glif":"acircumflex.glif","acute.glif":"acute.glif","adieresis.glif":"adieresis.glif","ae.glif":"ae.glif","agrave.glif":"agrave.glif","ain.glif":"ain.glif","ainfinal.glif":"ainfinal.glif","aininitial.glif":"aininitial.glif","ainisolated.glif":"ainisolated.glif","ainmedial.glif":"ainmedial.glif","aleffinal.glif":"aleffinal.glif","alefisolated.glif":"alefisolated.glif","alefmaksura.glif":"alefmaksura.glif","alefmaksurafinal.glif":"alefmaksurafinal.glif","alefmaksuraisolated.glif":"alefmaksuraisolated.glif","alefwithhamzaabove.glif":"alefwithhamzaabove.glif","alefwithhamzaabovefinal.glif":"alefwithhamzaabovefinal.glif","alefwithhamzaaboveisolated.glif":"alefwithhamzaaboveisolated.glif","alefwithhamzabelow.glif":"alefwithhamzabelow.glif","alefwithhamzabelowfinal.glif":"alefwithhamzabelowfinal.glif","alefwithhamzabelowisolated.glif":"alefwithhamzabelowisolated.glif","alefwithmaddaabove.glif":"alefwithmaddaabove.glif","alefwithmaddaabovefinal.glif":"alefwithmaddaabovefinal.glif","alefwithmaddaaboveisolated.glif":"alefwithmaddaaboveisolated.glif","allahisolated.glif":"allahisolated.glif","ampersand.glif":"ampersand.glif","approxequal.glif":"approxequal.glif","arabicalef.glif":"arabicalef.glif","arabiccomma.glif":"arabiccomma.glif","arabicfivepointedstar.glif":"arabicfivepointedstar.glif","arabicindicdigiteight.glif":"arabicindicdigiteight.glif","arabicindicdigitfive.glif":"arabicindicdigitfive.glif","arabicindicdigitfour.glif":"arabicindicdigitfour.glif","arabicindicdigitnine.glif":"arabicindicdigitnine.glif","arabicindicdigitone.glif":"arabicindicdigitone.glif","arabicindicdigitseven.glif":"arabicindicdigitseven.glif","arabicindicdigitsix.glif":"arabicindicdigitsix.glif","arabicindicdigitthree.glif":"arabicindicdigitthree.glif","arabicindicdigittwo.glif":"arabicindicdigittwo.glif","arabicindicdigitzero.glif":"arabicindicdigitzero.glif","arabickaf.glif":"arabickaf.glif","arabickaffinal.glif":"arabickaffinal.glif","arabicpercentsign.glif":"arabicpercentsign.glif","arabicquestionmark.glif":"arabicquestionmark.glif","arabicsemicolon.glif":"arabicsemicolon.glif","aring.glif":"aring.glif","asciicircum.glif":"asciicircum.glif","asciitilde.glif":"asciitilde.glif","asterisk.glif":"asterisk.glif","at.glif":"at.glif","atilde.glif":"atilde.glif","b.glif":"b.glif","backslash.glif":"backslash.glif","bar.glif":"bar.glif","beh.glif":"beh.glif","behfinal.glif":"behfinal.glif","behinitial.glif":"behinitial.glif","behisolated.glif":"behisolated.glif","behmedial.glif":"behmedial.glif","braceleft.glif":"braceleft.glif","braceright.glif":"braceright.glif","bracketleft.glif":"bracketleft.glif","bracketright.glif":"bracketright.glif","breve.glif":"breve.glif","brokenbar.glif":"brokenbar.glif","bullet.glif":"bullet.glif","c.glif":"c.glif","c6459.glif":"c6459.glif","c6460.glif":"c6460.glif","c6461.glif":"c6461.glif","c6462.glif":"c6462.glif","c6463.glif":"c6463.glif","c6466.glif":"c6466.glif","c6467.glif":"c6467.glif","c6468.glif":"c6468.glif","c6469.glif":"c6469.glif","cacute.glif":"cacute.glif","caron.glif":"caron.glif","ccaron.glif":"ccaron.glif","ccedilla.glif":"ccedilla.glif","cedilla.glif":"cedilla.glif","cent.glif":"cent.glif","circumflex.glif":"circumflex.glif","colon.glif":"colon.glif","comma.glif":"comma.glif","contents.plist":"contents.plist","copyright.glif":"copyright.glif","currency.glif":"currency.glif","d.glif":"d.glif","dad.glif":"dad.glif","dadfinal.glif":"dadfinal.glif","dadinitial.glif":"dadinitial.glif","dadisolated.glif":"dadisolated.glif","dadmedial.glif":"dadmedial.glif","dagger.glif":"dagger.glif","daggerdbl.glif":"daggerdbl.glif","dal.glif":"dal.glif","dalfinal.glif":"dalfinal.glif","dalisolated.glif":"dalisolated.glif","dammah.glif":"dammah.glif","dammatan.glif":"dammatan.glif","dcroat.glif":"dcroat.glif","degree.glif":"degree.glif","dieresis.glif":"dieresis.glif","divide.glif":"divide.glif","dollar.glif":"dollar.glif","dotaccent.glif":"dotaccent.glif","dotlessi.glif":"dotlessi.glif","e.glif":"e.glif","eacute.glif":"eacute.glif","ecircumflex.glif":"ecircumflex.glif","edieresis.glif":"edieresis.glif","egrave.glif":"egrave.glif","eight.glif":"eight.glif","ellipsis.glif":"ellipsis.glif","emdash.glif":"emdash.glif","endash.glif":"endash.glif","equal.glif":"equal.glif","eth.glif":"eth.glif","exclam.glif":"exclam.glif","exclamdown.glif":"exclamdown.glif","f.glif":"f.glif","fathah.glif":"fathah.glif","fathatan.glif":"fathatan.glif","feh.glif":"feh.glif","fehfinal.glif":"fehfinal.glif","fehinitial.glif":"fehinitial.glif","fehisolated.glif":"fehisolated.glif","fehmedial.glif":"fehmedial.glif","fi.glif":"fi.glif","five.glif":"five.glif","fl.glif":"fl.glif","florin.glif":"florin.glif","four.glif":"four.glif","fraction.glif":"fraction.glif","g.glif":"g.glif","gbreve.glif":"gbreve.glif","germandbls.glif":"germandbls.glif","ghain.glif":"ghain.glif","ghainfinal.glif":"ghainfinal.glif","ghaininitial.glif":"ghaininitial.glif","ghainisolated.glif":"ghainisolated.glif","ghainmedial.glif":"ghainmedial.glif","grave.glif":"grave.glif","greater.glif":"greater.glif","greaterequal.glif":"greaterequal.glif","guillemotleft.glif":"guillemotleft.glif","guillemotright.glif":"guillemotright.glif","guilsinglleft.glif":"guilsinglleft.glif","guilsinglright.glif":"guilsinglright.glif","h.glif":"h.glif","hah.glif":"hah.glif","hahfinal.glif":"hahfinal.glif","hahinitial.glif":"hahinitial.glif","hahisolated.glif":"hahisolated.glif","hahmedial.glif":"hahmedial.glif","hamza.glif":"hamza.glif","hamzaisolated.glif":"hamzaisolated.glif","heh.glif":"heh.glif","hehfinal.glif":"hehfinal.glif","hehinitial.glif":"hehinitial.glif","hehisolated.glif":"hehisolated.glif","hehmedial.glif":"hehmedial.glif","hungarumlaut.glif":"hungarumlaut.glif","hyphen.glif":"hyphen.glif","i.glif":"i.glif","iacute.glif":"iacute.glif","icircumflex.glif":"icircumflex.glif","idieresis.glif":"idieresis.glif","igrave.glif":"igrave.glif","infinity.glif":"infinity.glif","integral.glif":"integral.glif","j.glif":"j.glif","jeem.glif":"jeem.glif","jeemfinal.glif":"jeemfinal.glif","jeeminitial.glif":"jeeminitial.glif","jeemisolated.glif":"jeemisolated.glif","jeemmedial.glif":"jeemmedial.glif","k.glif":"k.glif","kafinitial.glif":"kafinitial.glif","kafisolated.glif":"kafisolated.glif","kafmedial.glif":"kafmedial.glif","kasrah.glif":"kasrah.glif","kasratan.glif":"kasratan.glif","khah.glif":"khah.glif","khahfinal.glif":"khahfinal.glif","khahinitial.glif":"khahinitial.glif","khahisolated.glif":"khahisolated.glif","khahmedial.glif":"khahmedial.glif","l.glif":"l.glif","lam.glif":"lam.glif","lamfinal.glif":"lamfinal.glif","laminitial.glif":"laminitial.glif","lamisolated.glif":"lamisolated.glif","lammedial.glif":"lammedial.glif","lamwithaleffinal.glif":"lamwithaleffinal.glif","lamwithalefhamzaabovefinal.glif":"lamwithalefhamzaabovefinal.glif","lamwithalefhamzaaboveisolatedd.glif":"lamwithalefhamzaaboveisolatedd.glif","lamwithalefhamzabelowfinal.glif":"lamwithalefhamzabelowfinal.glif","lamwithalefhamzabelowisolated.glif":"lamwithalefhamzabelowisolated.glif","lamwithalefisolated.glif":"lamwithalefisolated.glif","lamwithalefmaddaabovefinal.glif":"lamwithalefmaddaabovefinal.glif","lamwithalefmaddaaboveisolatedd.glif":"lamwithalefmaddaaboveisolatedd.glif","less.glif":"less.glif","lessequal.glif":"lessequal.glif","logicalnot.glif":"logicalnot.glif","lozenge.glif":"lozenge.glif","lslash.glif":"lslash.glif","m.glif":"m.glif","macron.glif":"macron.glif","meem.glif":"meem.glif","meemfinal.glif":"meemfinal.glif","meeminitial.glif":"meeminitial.glif","meemisolated.glif":"meemisolated.glif","meemmedial.glif":"meemmedial.glif","minus.glif":"minus.glif","mu.glif":"mu.glif","multiply.glif":"multiply.glif","n.glif":"n.glif","nine.glif":"nine.glif","nonbreakingspace.glif":"nonbreakingspace.glif","nonmarkingreturn.glif":"nonmarkingreturn.glif","noon.glif":"noon.glif","noonfinal.glif":"noonfinal.glif","nooninitial.glif":"nooninitial.glif","noonisolated.glif":"noonisolated.glif","noonmedial.glif":"noonmedial.glif","notequal.glif":"notequal.glif","ntilde.glif":"ntilde.glif","numbersign.glif":"numbersign.glif","o.glif":"o.glif","oacute.glif":"oacute.glif","ocircumflex.glif":"ocircumflex.glif","odieresis.glif":"odieresis.glif","oe.glif":"oe.glif","ogonek.glif":"ogonek.glif","ograve.glif":"ograve.glif","one.glif":"one.glif","onehalf.glif":"onehalf.glif","onequarter.glif":"onequarter.glif","onesuperior.glif":"onesuperior.glif","ordfeminine.glif":"ordfeminine.glif","ordmasculine.glif":"ordmasculine.glif","ornateleftparenthesis.glif":"ornateleftparenthesis.glif","ornaterightparenthesis.glif":"ornaterightparenthesis.glif","oslash.glif":"oslash.glif","otilde.glif":"otilde.glif","p.glif":"p.glif","paragraph.glif":"paragraph.glif","parenleft.glif":"parenleft.glif","parenright.glif":"parenright.glif","partialdiff.glif":"partialdiff.glif","percent.glif":"percent.glif","period.glif":"period.glif","periodcentered.glif":"periodcentered.glif","perthousand.glif":"perthousand.glif","pi.glif":"pi.glif","plus.glif":"plus.glif","plusminus.glif":"plusminus.glif","product.glif":"product.glif","q.glif":"q.glif","qaf.glif":"qaf.glif","qaffinal.glif":"qaffinal.glif","qafinitial.glif":"qafinitial.glif","qafisolated.glif":"qafisolated.glif","qafmedial.glif":"qafmedial.glif","question.glif":"question.glif","questiondown.glif":"questiondown.glif","quotedbl.glif":"quotedbl.glif","quotedblbase.glif":"quotedblbase.glif","quotedblleft.glif":"quotedblleft.glif","quotedblright.glif":"quotedblright.glif","quoteleft.glif":"quoteleft.glif","quoteright.glif":"quoteright.glif","quotesinglbase.glif":"quotesinglbase.glif","quotesingle.glif":"quotesingle.glif","r.glif":"r.glif","radical.glif":"radical.glif","registered.glif":"registered.glif","reh.glif":"reh.glif","rehfinal.glif":"rehfinal.glif","rehisolated.glif":"rehisolated.glif","ring.glif":"ring.glif","s.glif":"s.glif","sad.glif":"sad.glif","sadfinal.glif":"sadfinal.glif","sadinitial.glif":"sadinitial.glif","sadisolated.glif":"sadisolated.glif","sadmedial.glif":"sadmedial.glif","scaron.glif":"scaron.glif","scedilla.glif":"scedilla.glif","section.glif":"section.glif","seen.glif":"seen.glif","seenfinal.glif":"seenfinal.glif","seeninitial.glif":"seeninitial.glif","seenisolated.glif":"seenisolated.glif","seenmedial.glif":"seenmedial.glif","semicolon.glif":"semicolon.glif","seven.glif":"seven.glif","sfthyphen.glif":"sfthyphen.glif","shaddah.glif":"shaddah.glif","sheen.glif":"sheen.glif","sheenfinal.glif":"sheenfinal.glif","sheeninitial.glif":"sheeninitial.glif","sheenisolated.glif":"sheenisolated.glif","sheenmedial.glif":"sheenmedial.glif","six.glif":"six.glif","slash.glif":"slash.glif","space.glif":"space.glif","sterling.glif":"sterling.glif","sukun.glif":"sukun.glif","summation.glif":"summation.glif","t.glif":"t.glif","tah.glif":"tah.glif","tahfinal.glif":"tahfinal.glif","tahinitial.glif":"tahinitial.glif","tahisolated.glif":"tahisolated.glif","tahmedial.glif":"tahmedial.glif","tatweel.glif":"tatweel.glif","teh.glif":"teh.glif","tehfinal.glif":"tehfinal.glif","tehinitial.glif":"tehinitial.glif","tehisolated.glif":"tehisolated.glif","tehmarbuta.glif":"tehmarbuta.glif","tehmarbutafinal.glif":"tehmarbutafinal.glif","tehmarbutaisolated.glif":"tehmarbutaisolated.glif","tehmedial.glif":"tehmedial.glif","thal.glif":"thal.glif","thalfinal.glif":"thalfinal.glif","thalisolated.glif":"thalisolated.glif","theh.glif":"theh.glif","thehfinal.glif":"thehfinal.glif","thehinitial.glif":"thehinitial.glif","thehisolated.glif":"thehisolated.glif","thehmedial.glif":"thehmedial.glif","thorn.glif":"thorn.glif","three.glif":"three.glif","threequarters.glif":"threequarters.glif","threesuperior.glif":"threesuperior.glif","tilde.glif":"tilde.glif","trademark.glif":"trademark.glif","two.glif":"two.glif","twosuperior.glif":"twosuperior.glif","u.glif":"u.glif","uacute.glif":"uacute.glif","ucircumflex.glif":"ucircumflex.glif","udieresis.glif":"udieresis.glif","ugrave.glif":"ugrave.glif","underscore.glif":"underscore.glif","v.glif":"v.glif","w.glif":"w.glif","waw.glif":"waw.glif","wawfinal.glif":"wawfinal.glif","wawisolated.glif":"wawisolated.glif","wawwithhamzaabove.glif":"wawwithhamzaabove.glif","wawwithhamzaabovefinal.glif":"wawwithhamzaabovefinal.glif","wawwithhamzaaboveisolated.glif":"wawwithhamzaaboveisolated.glif","x.glif":"x.glif","y.glif":"y.glif","yacute.glif":"yacute.glif","ydieresis.glif":"ydieresis.glif","yeh.glif":"yeh.glif","yehfinal.glif":"yehfinal.glif","yehinitial.glif":"yehinitial.glif","yehisolated.glif":"yehisolated.glif","yehmedial.glif":"yehmedial.glif","yehwithhamzaabove.glif":"yehwithhamzaabove.glif","yehwithhamzaabovefinal.glif":"yehwithhamzaabovefinal.glif","yehwithhamzaaboveinitial.glif":"yehwithhamzaaboveinitial.glif","yehwithhamzaaboveisolated.glif":"yehwithhamzaaboveisolated.glif","yehwithhamzaabovemedial.glif":"yehwithhamzaabovemedial.glif","yen.glif":"yen.glif","z.glif":"z.glif","zah.glif":"zah.glif","zahfinal.glif":"zahfinal.glif","zahinitial.glif":"zahinitial.glif","zahisolated.glif":"zahisolated.glif","zahmedial.glif":"zahmedial.glif","zain.glif":"zain.glif","zainfinal.glif":"zainfinal.glif","zainisolated.glif":"zainisolated.glif","zcaron.glif":"zcaron.glif","zero.glif":"zero.glif"}},"Table":{"FFTM":{"entryLength":16,"tag":"FFTM","checksum":995255706,"offset":32036,"length":28},"GDEF":{"entryLength":16,"tag":"GDEF","checksum":15073284,"offset":31372,"length":32},"GPOS":{"entryLength":16,"tag":"GPOS","checksum":1401303427,"offset":31452,"length":582},"GSUB":{"entryLength":16,"tag":"GSUB","checksum":3103766782,"offset":31404,"length":48},"OS\/2":{"entryLength":16,"tag":"OS\/2","checksum":2140445783,"offset":408,"length":96},"cmap":{"entryLength":16,"tag":"cmap","checksum":2233563456,"offset":1244,"length":456},"cvt ":{"entryLength":16,"tag":"cvt ","checksum":1769472,"offset":2044,"length":2},"fpgm":{"entryLength":16,"tag":"fpgm","checksum":3378557339,"offset":1700,"length":339},"glyf":{"entryLength":16,"tag":"glyf","checksum":3332980779,"offset":2420,"length":27688},"head":{"entryLength":16,"tag":"head","checksum":177936325,"offset":284,"length":54},"hhea":{"entryLength":16,"tag":"hhea","checksum":170001676,"offset":340,"length":36},"hmtx":{"entryLength":16,"tag":"hmtx","checksum":1004550139,"offset":504,"length":740},"loca":{"entryLength":16,"tag":"loca","checksum":2793063056,"offset":2048,"length":372},"maxp":{"entryLength":16,"tag":"maxp","checksum":46858491,"offset":376,"length":32},"name":{"entryLength":16,"tag":"name","checksum":1591634159,"offset":30108,"length":858},"post":{"entryLength":16,"tag":"post","checksum":629351591,"offset":30968,"length":404},"prep":{"entryLength":16,"tag":"prep","checksum":3087007787,"offset":2040,"length":4}},"UnicodeCharMap":{"26":3,"27":4,"30":5,"31":6,"32":7,"33":8,"34":9,"35":10,"36":11,"37":12,"38":13,"39":14,"40":15,"41":16,"42":17,"43":18,"44":19,"45":20,"46":21,"47":22,"48":23,"49":24,"50":25,"51":26,"52":27,"53":28,"54":29,"55":30,"56":31,"57":32,"58":33,"59":34,"60":35,"61":36,"62":37,"63":38,"64":39,"65":40,"66":41,"67":42,"68":43,"69":44,"70":45,"71":46,"72":47,"73":48,"74":49,"75":50,"76":51,"77":52,"78":53,"79":54,"80":55,"81":56,"82":57,"83":58,"84":59,"85":60,"86":61,"87":62,"88":63,"89":64,"90":65,"91":66,"92":67,"93":68,"94":69,"95":70,"96":71,"97":72,"98":73,"99":74,"100":75,"101":76,"102":77,"103":78,"104":79,"105":80,"106":81,"107":82,"108":83,"109":84,"110":85,"111":86,"112":87,"113":88,"114":89,"115":90,"116":91,"117":92,"118":93,"119":94,"120":95,"121":96,"122":97,"123":98,"124":99,"125":100,"126":101,"160":7,"161":102,"162":103,"163":104,"164":105,"165":106,"166":107,"169":108,"174":109,"176":110,"180":111,"191":112,"192":113,"193":114,"194":115,"195":116,"196":117,"197":118,"198":119,"199":120,"200":121,"201":122,"202":123,"203":124,"204":125,"205":126,"206":127,"207":128,"208":129,"209":130,"210":131,"211":132,"212":133,"213":134,"214":135,"215":136,"216":137,"217":138,"218":139,"219":140,"220":141,"221":142,"222":143,"223":144,"224":145,"225":146,"226":147,"227":148,"228":149,"229":150,"230":151,"231":152,"232":153,"233":154,"234":155,"235":156,"236":157,"237":158,"238":159,"239":160,"241":161,"242":162,"243":163,"244":164,"245":165,"246":166,"247":167,"248":168,"249":169,"250":170,"251":171,"252":172,"253":173,"254":174,"255":175,"338":176,"339":177,"352":178,"353":179,"376":180,"710":181,"732":182,"8240":183,"8482":184},"Reserves":{"fontname":"Blaster Eternal Italic"},"Names":{"Blaster Eternal Italic":{"name":"Blaster Eternal Italic","longitude":null,"latitude":null,"country":"","region":"","city":""}},"Nodes":{"bl":{"type":"typal","node":"bl","usage":1,"weight":1},"er":{"type":"typal","node":"er","usage":1,"weight":1},"et":{"type":"typal","node":"et","usage":1,"weight":1},"al":{"type":"typal","node":"al","usage":1,"weight":1},"it":{"type":"typal","node":"it","usage":1,"weight":1},"ic":{"type":"typal","node":"ic","usage":1,"weight":1},"bla":{"type":"typal","node":"bla","usage":1,"weight":1},"ter":{"type":"typal","node":"ter","usage":1,"weight":1},"ete":{"type":"typal","node":"ete","usage":1,"weight":1},"nal":{"type":"typal","node":"nal","usage":1,"weight":1},"ita":{"type":"typal","node":"ita","usage":1,"weight":1},"lic":{"type":"typal","node":"lic","usage":1,"weight":1},"blas":{"type":"keys","node":"blas","usage":1,"weight":1},"ster":{"type":"keys","node":"ster","usage":1,"weight":1},"eter":{"type":"keys","node":"eter","usage":1,"weight":1},"rnal":{"type":"keys","node":"rnal","usage":1,"weight":1},"ital":{"type":"keys","node":"ital","usage":1,"weight":1},"alic":{"type":"keys","node":"alic","usage":1,"weight":1},"blast":{"type":"keys","node":"blast","usage":1,"weight":1},"aster":{"type":"keys","node":"aster","usage":1,"weight":1},"etern":{"type":"keys","node":"etern","usage":1,"weight":1},"ernal":{"type":"keys","node":"ernal","usage":1,"weight":1},"itali":{"type":"keys","node":"itali","usage":1,"weight":1},"talic":{"type":"keys","node":"talic","usage":1,"weight":1},"blaster":{"type":"fixes","node":"blaster","usage":1,"weight":1},"eternal":{"type":"fixes","node":"eternal","usage":1,"weight":1},"italic":{"type":"fixes","node":"italic","usage":1,"weight":1}},"Contributors":[],"FontIdentity":"3184233fb5bada7bed2ebf7e65de5351","Bytes":null,"Networking":[]}