{"CSS":{"CoredoScriptSSK":"CoredoScriptSSK.css"},"FontType":"TrueType","FontCopyright":"Copyright 1995 Southern Software, Inc., All Rights Reserved","FontName":"CoredoScriptSSK","FontSubfamily":"Book","FontSubfamilyID":"FontForge 2.0 : CoredoScriptSSK : 25-11-2016","FontFullName":"Coredo Script SSK","FontVersion":"Version Macromedia Fontograp ","FontWeight":null,"FontPostscriptName":"CoredoScriptSSK","Files":{"coredoscriptssk.afm":"coredoscriptssk.afm","coredoscriptssk.bin":"coredoscriptssk.bin","coredoscriptssk.cef":"coredoscriptssk.cef","coredoscriptssk.cff":"coredoscriptssk.cff","coredoscriptssk.cid":"coredoscriptssk.cid","coredoscriptssk.dfont":"coredoscriptssk.dfont","coredoscriptssk.eot":"coredoscriptssk.eot","coredoscriptssk.fon":"coredoscriptssk.fon","coredoscriptssk.gai":"coredoscriptssk.gai","coredoscriptssk.gsf":"coredoscriptssk.gsf","coredoscriptssk.hqx":"coredoscriptssk.hqx","coredoscriptssk.ik":"coredoscriptssk.ik","coredoscriptssk.mf":"coredoscriptssk.mf","coredoscriptssk.otf":"coredoscriptssk.otf","coredoscriptssk.pcf":"coredoscriptssk.pcf","coredoscriptssk.pf3":"coredoscriptssk.pf3","coredoscriptssk.pfa":"coredoscriptssk.pfa","coredoscriptssk.pfb":"coredoscriptssk.pfb","coredoscriptssk.php":"coredoscriptssk.php","coredoscriptssk.pmf":"coredoscriptssk.pmf","coredoscriptssk.pt3":"coredoscriptssk.pt3","coredoscriptssk.sfd":"coredoscriptssk.sfd","coredoscriptssk.svg":"coredoscriptssk.svg","coredoscriptssk.t42":"coredoscriptssk.t42","coredoscriptssk.ttd":"coredoscriptssk.ttd","coredoscriptssk.ttf":"coredoscriptssk.ttf","coredoscriptssk.ttg":"coredoscriptssk.ttg","coredoscriptssk.ufm":"coredoscriptssk.ufm","coredoscriptssk.woff":"coredoscriptssk.woff","coredoscriptssk.z":"coredoscriptssk.z","":{"coredoscriptssk.afm":"coredoscriptssk.afm","coredoscriptssk.bin":"coredoscriptssk.bin","coredoscriptssk.cef":"coredoscriptssk.cef","coredoscriptssk.cff":"coredoscriptssk.cff","coredoscriptssk.cid":"coredoscriptssk.cid","coredoscriptssk.dfont":"coredoscriptssk.dfont","coredoscriptssk.eot":"coredoscriptssk.eot","coredoscriptssk.fon":"coredoscriptssk.fon","coredoscriptssk.gai":"coredoscriptssk.gai","coredoscriptssk.gsf":"coredoscriptssk.gsf","coredoscriptssk.hqx":"coredoscriptssk.hqx","coredoscriptssk.ik":"coredoscriptssk.ik","coredoscriptssk.mf":"coredoscriptssk.mf","coredoscriptssk.otf":"coredoscriptssk.otf","coredoscriptssk.pcf":"coredoscriptssk.pcf","coredoscriptssk.pf3":"coredoscriptssk.pf3","coredoscriptssk.pfa":"coredoscriptssk.pfa","coredoscriptssk.pfb":"coredoscriptssk.pfb","coredoscriptssk.php":"coredoscriptssk.php","coredoscriptssk.pmf":"coredoscriptssk.pmf","coredoscriptssk.pt3":"coredoscriptssk.pt3","coredoscriptssk.sfd":"coredoscriptssk.sfd","coredoscriptssk.svg":"coredoscriptssk.svg","coredoscriptssk.t42":"coredoscriptssk.t42","coredoscriptssk.ttd":"coredoscriptssk.ttd","coredoscriptssk.ttf":"coredoscriptssk.ttf","coredoscriptssk.ttg":"coredoscriptssk.ttg","coredoscriptssk.ufm":"coredoscriptssk.ufm","coredoscriptssk.woff":"coredoscriptssk.woff","coredoscriptssk.z":"coredoscriptssk.z"},"\/coredoscriptssk.ufo":{"feature.fea":"feature.fea","fontinfo.plist":"fontinfo.plist","groups.plist":"groups.plist","kerning.plist":"kerning.plist","metainfo.plist":"metainfo.plist"},"\/coredoscriptssk.ufo\/glyphs":{"A_.glif":"A_.glif","B_.glif":"B_.glif","C_.glif":"C_.glif","D_.glif":"D_.glif","E_.glif":"E_.glif","F_.glif":"F_.glif","G_.glif":"G_.glif","H_.glif":"H_.glif","I_.glif":"I_.glif","J_.glif":"J_.glif","K_.glif":"K_.glif","L_.glif":"L_.glif","M_.glif":"M_.glif","N_.glif":"N_.glif","O_.glif":"O_.glif","P_.glif":"P_.glif","Q_.glif":"Q_.glif","R_.glif":"R_.glif","S_.glif":"S_.glif","T_.glif":"T_.glif","U_.glif":"U_.glif","V_.glif":"V_.glif","W_.glif":"W_.glif","X_.glif":"X_.glif","Y_.glif":"Y_.glif","Z_.glif":"Z_.glif","_notdef.glif":"_notdef.glif","_null.glif":"_null.glif","a.glif":"a.glif","b.glif":"b.glif","c.glif":"c.glif","comma.glif":"comma.glif","contents.plist":"contents.plist","d.glif":"d.glif","e.glif":"e.glif","eight.glif":"eight.glif","exclam.glif":"exclam.glif","f.glif":"f.glif","five.glif":"five.glif","four.glif":"four.glif","g.glif":"g.glif","h.glif":"h.glif","i.glif":"i.glif","j.glif":"j.glif","k.glif":"k.glif","l.glif":"l.glif","m.glif":"m.glif","n.glif":"n.glif","nine.glif":"nine.glif","nonbreakingspace.glif":"nonbreakingspace.glif","nonmarkingreturn.glif":"nonmarkingreturn.glif","o.glif":"o.glif","one.glif":"one.glif","p.glif":"p.glif","parenleft.glif":"parenleft.glif","parenright.glif":"parenright.glif","period.glif":"period.glif","q.glif":"q.glif","quotedbl.glif":"quotedbl.glif","quotedblleft.glif":"quotedblleft.glif","quotedblright.glif":"quotedblright.glif","quoteleft.glif":"quoteleft.glif","quoteright.glif":"quoteright.glif","quotesingle.glif":"quotesingle.glif","r.glif":"r.glif","s.glif":"s.glif","seven.glif":"seven.glif","six.glif":"six.glif","space.glif":"space.glif","t.glif":"t.glif","three.glif":"three.glif","two.glif":"two.glif","u.glif":"u.glif","v.glif":"v.glif","w.glif":"w.glif","x.glif":"x.glif","y.glif":"y.glif","z.glif":"z.glif","zero.glif":"zero.glif"}},"Font":{"uploaded":1480032653.2821,"licence":"gpl3","company":"Chronolabs Cooperative","title":"Coredo Script SSK","version":2.001,"date":"Sun Aug 28 08:14:33 2016","creator":"root","type":"1","matrix":"0.001 0 0 0.001 0 0","named":"CoredoScriptSSK","painttype":"0","info":"10 dict dup","name":"CoredoScriptSSK","family":"CoredoScriptSSK","weight":"Book","fstype":"1","italicangle":"0","underlineposition":"","underlinethickness":""},"Table":{"FFTM":{"entryLength":16,"tag":"FFTM","checksum":1947018596,"offset":13020,"length":28},"GDEF":{"entryLength":16,"tag":"GDEF","checksum":8060932,"offset":12988,"length":32},"OS\/2":{"entryLength":16,"tag":"OS\/2","checksum":1476787996,"offset":344,"length":86},"cmap":{"entryLength":16,"tag":"cmap","checksum":2000611560,"offset":744,"length":410},"gasp":{"entryLength":16,"tag":"gasp","checksum":4294901763,"offset":12980,"length":8},"glyf":{"entryLength":16,"tag":"glyf","checksum":3701932590,"offset":1316,"length":10732},"head":{"entryLength":16,"tag":"head","checksum":188989647,"offset":220,"length":54},"hhea":{"entryLength":16,"tag":"hhea","checksum":128320164,"offset":276,"length":36},"hmtx":{"entryLength":16,"tag":"hmtx","checksum":2128281843,"offset":432,"length":310},"loca":{"entryLength":16,"tag":"loca","checksum":2521140118,"offset":1156,"length":158},"maxp":{"entryLength":16,"tag":"maxp","checksum":9764967,"offset":312,"length":32},"name":{"entryLength":16,"tag":"name","checksum":1679998909,"offset":12048,"length":738},"post":{"entryLength":16,"tag":"post","checksum":151980218,"offset":12788,"length":190}},"UnicodeCharMap":{"0":1,"13":2,"32":3,"33":4,"34":5,"39":6,"40":7,"41":8,"44":9,"46":10,"48":11,"49":12,"50":13,"51":14,"52":15,"53":16,"54":17,"55":18,"56":19,"57":20,"65":21,"66":22,"67":23,"68":24,"69":25,"70":26,"71":27,"72":28,"73":29,"74":30,"75":31,"76":32,"77":33,"78":34,"79":35,"80":36,"81":37,"82":38,"83":39,"84":40,"85":41,"86":42,"87":43,"88":44,"89":45,"90":46,"97":47,"98":48,"99":49,"100":50,"101":51,"102":52,"103":53,"104":54,"105":55,"106":56,"107":57,"108":58,"109":59,"110":60,"111":61,"112":62,"113":63,"114":64,"115":65,"116":66,"117":67,"118":68,"119":69,"120":70,"121":71,"122":72,"160":73,"8216":76,"8217":77,"8220":74,"8221":75},"Reserves":null,"Names":[],"Nodes":{"co":{"type":"typal","node":"co","usage":1,"weight":1},"do":{"type":"typal","node":"do","usage":1,"weight":1},"sc":{"type":"typal","node":"sc","usage":1,"weight":1},"pt":{"type":"typal","node":"pt","usage":1,"weight":1},"ss":{"type":"typal","node":"ss","usage":1,"weight":1},"sk":{"type":"typal","node":"sk","usage":1,"weight":1},"cor":{"type":"typal","node":"cor","usage":1,"weight":1},"edo":{"type":"typal","node":"edo","usage":1,"weight":1},"scr":{"type":"typal","node":"scr","usage":1,"weight":1},"ipt":{"type":"typal","node":"ipt","usage":1,"weight":1},"core":{"type":"keys","node":"core","usage":1,"weight":1},"redo":{"type":"keys","node":"redo","usage":1,"weight":1},"scri":{"type":"keys","node":"scri","usage":1,"weight":1},"ript":{"type":"keys","node":"ript","usage":1,"weight":1},"cored":{"type":"keys","node":"cored","usage":1,"weight":1},"oredo":{"type":"keys","node":"oredo","usage":1,"weight":1},"scrip":{"type":"keys","node":"scrip","usage":1,"weight":1},"cript":{"type":"keys","node":"cript","usage":1,"weight":1},"coredo":{"type":"fixes","node":"coredo","usage":1,"weight":1},"script":{"type":"fixes","node":"script","usage":1,"weight":1},"ssk":{"type":"fixes","node":"ssk","usage":1,"weight":1}},"Contributors":[],"FontIdentity":"7c58cfc9c365a56c23d35b7da3b969f7","Bytes":1484680,"Networking":[],"barcode":"amgseqakqekqe","referee":"qku64"}