{"CSS":{"ITC Bookman Std Demi":"labscoop:533542f02d3b84a2df00143.css"},"FontType":"TrueType","FontCopyright":"Copyright 1985, 1987, 1989, 1992, 1997, 1998, 1999, 2001, 2002 Adobe Systems Incorporated. All rights reserved. ITC Bookman is a trademark of International Typeface Corporation registered in the U.S. Patent and Trademark Office and may be registered in certain other jurisdictions.","FontName":"ITC Bookman Std","FontSubfamily":"Demi","FontSubfamilyID":"FontForge 2.0 : ITC Bookman Std Demi : 12-8-2016","FontFullName":"ITC Bookman Std Demi","FontVersion":"Version 002.000 ","FontWeight":null,"FontPostscriptName":"BookmanStd-Demi","Files":{"\/ITC Bookman Std Demi.css":"\/ITC Bookman Std Demi.css","\/bookmanstd-demi.afm":"\/bookmanstd-demi.afm","\/bookmanstd-demi.cef":"\/bookmanstd-demi.cef","\/bookmanstd-demi.cff":"\/bookmanstd-demi.cff","\/bookmanstd-demi.eot":"\/bookmanstd-demi.eot","\/bookmanstd-demi.gai":"\/bookmanstd-demi.gai","\/bookmanstd-demi.gsf":"\/bookmanstd-demi.gsf","\/bookmanstd-demi.otf":"\/bookmanstd-demi.otf","\/bookmanstd-demi.pf3":"\/bookmanstd-demi.pf3","\/bookmanstd-demi.pfa":"\/bookmanstd-demi.pfa","\/bookmanstd-demi.pfb":"\/bookmanstd-demi.pfb","\/bookmanstd-demi.php":"\/bookmanstd-demi.php","\/bookmanstd-demi.pt3":"\/bookmanstd-demi.pt3","\/bookmanstd-demi.sfd":"\/bookmanstd-demi.sfd","\/bookmanstd-demi.svg":"\/bookmanstd-demi.svg","\/bookmanstd-demi.t42":"\/bookmanstd-demi.t42","\/bookmanstd-demi.ttd":"\/bookmanstd-demi.ttd","\/bookmanstd-demi.ttf":"\/bookmanstd-demi.ttf","\/bookmanstd-demi.ttg":"\/bookmanstd-demi.ttg","\/bookmanstd-demi.ufm":"\/bookmanstd-demi.ufm","\/bookmanstd-demi.woff":"\/bookmanstd-demi.woff","\/bookmanstd-demi.z":"\/bookmanstd-demi.z","\/font-resource.json":"\/font-resource.json","\/bookmanstd-demi.ufo\/feature.fea":"\/bookmanstd-demi.ufo\/feature.fea","\/bookmanstd-demi.ufo\/fontinfo.plist":"\/bookmanstd-demi.ufo\/fontinfo.plist","\/bookmanstd-demi.ufo\/groups.plist":"\/bookmanstd-demi.ufo\/groups.plist","\/bookmanstd-demi.ufo\/kerning.plist":"\/bookmanstd-demi.ufo\/kerning.plist","\/bookmanstd-demi.ufo\/metainfo.plist":"\/bookmanstd-demi.ufo\/metainfo.plist","\/bookmanstd-demi.ufo\/glyphs\/A_.glif":"\/bookmanstd-demi.ufo\/glyphs\/A_.glif","\/bookmanstd-demi.ufo\/glyphs\/A_E_.glif":"\/bookmanstd-demi.ufo\/glyphs\/A_E_.glif","\/bookmanstd-demi.ufo\/glyphs\/A_acute.glif":"\/bookmanstd-demi.ufo\/glyphs\/A_acute.glif","\/bookmanstd-demi.ufo\/glyphs\/A_circumflex.glif":"\/bookmanstd-demi.ufo\/glyphs\/A_circumflex.glif","\/bookmanstd-demi.ufo\/glyphs\/A_dieresis.glif":"\/bookmanstd-demi.ufo\/glyphs\/A_dieresis.glif","\/bookmanstd-demi.ufo\/glyphs\/A_grave.glif":"\/bookmanstd-demi.ufo\/glyphs\/A_grave.glif","\/bookmanstd-demi.ufo\/glyphs\/A_ring.glif":"\/bookmanstd-demi.ufo\/glyphs\/A_ring.glif","\/bookmanstd-demi.ufo\/glyphs\/A_tilde.glif":"\/bookmanstd-demi.ufo\/glyphs\/A_tilde.glif","\/bookmanstd-demi.ufo\/glyphs\/B_.glif":"\/bookmanstd-demi.ufo\/glyphs\/B_.glif","\/bookmanstd-demi.ufo\/glyphs\/C_.glif":"\/bookmanstd-demi.ufo\/glyphs\/C_.glif","\/bookmanstd-demi.ufo\/glyphs\/C_cedilla.glif":"\/bookmanstd-demi.ufo\/glyphs\/C_cedilla.glif","\/bookmanstd-demi.ufo\/glyphs\/D_.glif":"\/bookmanstd-demi.ufo\/glyphs\/D_.glif","\/bookmanstd-demi.ufo\/glyphs\/E_.glif":"\/bookmanstd-demi.ufo\/glyphs\/E_.glif","\/bookmanstd-demi.ufo\/glyphs\/E_acute.glif":"\/bookmanstd-demi.ufo\/glyphs\/E_acute.glif","\/bookmanstd-demi.ufo\/glyphs\/E_circumflex.glif":"\/bookmanstd-demi.ufo\/glyphs\/E_circumflex.glif","\/bookmanstd-demi.ufo\/glyphs\/E_dieresis.glif":"\/bookmanstd-demi.ufo\/glyphs\/E_dieresis.glif","\/bookmanstd-demi.ufo\/glyphs\/E_grave.glif":"\/bookmanstd-demi.ufo\/glyphs\/E_grave.glif","\/bookmanstd-demi.ufo\/glyphs\/E_th.glif":"\/bookmanstd-demi.ufo\/glyphs\/E_th.glif","\/bookmanstd-demi.ufo\/glyphs\/E_uro.glif":"\/bookmanstd-demi.ufo\/glyphs\/E_uro.glif","\/bookmanstd-demi.ufo\/glyphs\/F_.glif":"\/bookmanstd-demi.ufo\/glyphs\/F_.glif","\/bookmanstd-demi.ufo\/glyphs\/G_.glif":"\/bookmanstd-demi.ufo\/glyphs\/G_.glif","\/bookmanstd-demi.ufo\/glyphs\/H_.glif":"\/bookmanstd-demi.ufo\/glyphs\/H_.glif","\/bookmanstd-demi.ufo\/glyphs\/I_.glif":"\/bookmanstd-demi.ufo\/glyphs\/I_.glif","\/bookmanstd-demi.ufo\/glyphs\/I_acute.glif":"\/bookmanstd-demi.ufo\/glyphs\/I_acute.glif","\/bookmanstd-demi.ufo\/glyphs\/I_circumflex.glif":"\/bookmanstd-demi.ufo\/glyphs\/I_circumflex.glif","\/bookmanstd-demi.ufo\/glyphs\/I_dieresis.glif":"\/bookmanstd-demi.ufo\/glyphs\/I_dieresis.glif","\/bookmanstd-demi.ufo\/glyphs\/I_grave.glif":"\/bookmanstd-demi.ufo\/glyphs\/I_grave.glif","\/bookmanstd-demi.ufo\/glyphs\/J_.glif":"\/bookmanstd-demi.ufo\/glyphs\/J_.glif","\/bookmanstd-demi.ufo\/glyphs\/K_.glif":"\/bookmanstd-demi.ufo\/glyphs\/K_.glif","\/bookmanstd-demi.ufo\/glyphs\/L_.glif":"\/bookmanstd-demi.ufo\/glyphs\/L_.glif","\/bookmanstd-demi.ufo\/glyphs\/L_slash.glif":"\/bookmanstd-demi.ufo\/glyphs\/L_slash.glif","\/bookmanstd-demi.ufo\/glyphs\/M_.glif":"\/bookmanstd-demi.ufo\/glyphs\/M_.glif","\/bookmanstd-demi.ufo\/glyphs\/N_.glif":"\/bookmanstd-demi.ufo\/glyphs\/N_.glif","\/bookmanstd-demi.ufo\/glyphs\/N_tilde.glif":"\/bookmanstd-demi.ufo\/glyphs\/N_tilde.glif","\/bookmanstd-demi.ufo\/glyphs\/O_.glif":"\/bookmanstd-demi.ufo\/glyphs\/O_.glif","\/bookmanstd-demi.ufo\/glyphs\/O_E_.glif":"\/bookmanstd-demi.ufo\/glyphs\/O_E_.glif","\/bookmanstd-demi.ufo\/glyphs\/O_acute.glif":"\/bookmanstd-demi.ufo\/glyphs\/O_acute.glif","\/bookmanstd-demi.ufo\/glyphs\/O_circumflex.glif":"\/bookmanstd-demi.ufo\/glyphs\/O_circumflex.glif","\/bookmanstd-demi.ufo\/glyphs\/O_dieresis.glif":"\/bookmanstd-demi.ufo\/glyphs\/O_dieresis.glif","\/bookmanstd-demi.ufo\/glyphs\/O_grave.glif":"\/bookmanstd-demi.ufo\/glyphs\/O_grave.glif","\/bookmanstd-demi.ufo\/glyphs\/O_mega.glif":"\/bookmanstd-demi.ufo\/glyphs\/O_mega.glif","\/bookmanstd-demi.ufo\/glyphs\/O_slash.glif":"\/bookmanstd-demi.ufo\/glyphs\/O_slash.glif","\/bookmanstd-demi.ufo\/glyphs\/O_tilde.glif":"\/bookmanstd-demi.ufo\/glyphs\/O_tilde.glif","\/bookmanstd-demi.ufo\/glyphs\/P_.glif":"\/bookmanstd-demi.ufo\/glyphs\/P_.glif","\/bookmanstd-demi.ufo\/glyphs\/Q_.glif":"\/bookmanstd-demi.ufo\/glyphs\/Q_.glif","\/bookmanstd-demi.ufo\/glyphs\/R_.glif":"\/bookmanstd-demi.ufo\/glyphs\/R_.glif","\/bookmanstd-demi.ufo\/glyphs\/S_.glif":"\/bookmanstd-demi.ufo\/glyphs\/S_.glif","\/bookmanstd-demi.ufo\/glyphs\/S_caron.glif":"\/bookmanstd-demi.ufo\/glyphs\/S_caron.glif","\/bookmanstd-demi.ufo\/glyphs\/T_.glif":"\/bookmanstd-demi.ufo\/glyphs\/T_.glif","\/bookmanstd-demi.ufo\/glyphs\/T_horn.glif":"\/bookmanstd-demi.ufo\/glyphs\/T_horn.glif","\/bookmanstd-demi.ufo\/glyphs\/U_.glif":"\/bookmanstd-demi.ufo\/glyphs\/U_.glif","\/bookmanstd-demi.ufo\/glyphs\/U_acute.glif":"\/bookmanstd-demi.ufo\/glyphs\/U_acute.glif","\/bookmanstd-demi.ufo\/glyphs\/U_circumflex.glif":"\/bookmanstd-demi.ufo\/glyphs\/U_circumflex.glif","\/bookmanstd-demi.ufo\/glyphs\/U_dieresis.glif":"\/bookmanstd-demi.ufo\/glyphs\/U_dieresis.glif","\/bookmanstd-demi.ufo\/glyphs\/U_grave.glif":"\/bookmanstd-demi.ufo\/glyphs\/U_grave.glif","\/bookmanstd-demi.ufo\/glyphs\/V_.glif":"\/bookmanstd-demi.ufo\/glyphs\/V_.glif","\/bookmanstd-demi.ufo\/glyphs\/W_.glif":"\/bookmanstd-demi.ufo\/glyphs\/W_.glif","\/bookmanstd-demi.ufo\/glyphs\/X_.glif":"\/bookmanstd-demi.ufo\/glyphs\/X_.glif","\/bookmanstd-demi.ufo\/glyphs\/Y_.glif":"\/bookmanstd-demi.ufo\/glyphs\/Y_.glif","\/bookmanstd-demi.ufo\/glyphs\/Y_acute.glif":"\/bookmanstd-demi.ufo\/glyphs\/Y_acute.glif","\/bookmanstd-demi.ufo\/glyphs\/Y_dieresis.glif":"\/bookmanstd-demi.ufo\/glyphs\/Y_dieresis.glif","\/bookmanstd-demi.ufo\/glyphs\/Z_.glif":"\/bookmanstd-demi.ufo\/glyphs\/Z_.glif","\/bookmanstd-demi.ufo\/glyphs\/Z_caron.glif":"\/bookmanstd-demi.ufo\/glyphs\/Z_caron.glif","\/bookmanstd-demi.ufo\/glyphs\/_notdef.glif":"\/bookmanstd-demi.ufo\/glyphs\/_notdef.glif","\/bookmanstd-demi.ufo\/glyphs\/a.glif":"\/bookmanstd-demi.ufo\/glyphs\/a.glif","\/bookmanstd-demi.ufo\/glyphs\/a.superior.glif":"\/bookmanstd-demi.ufo\/glyphs\/a.superior.glif","\/bookmanstd-demi.ufo\/glyphs\/aacute.glif":"\/bookmanstd-demi.ufo\/glyphs\/aacute.glif","\/bookmanstd-demi.ufo\/glyphs\/acircumflex.glif":"\/bookmanstd-demi.ufo\/glyphs\/acircumflex.glif","\/bookmanstd-demi.ufo\/glyphs\/acute.glif":"\/bookmanstd-demi.ufo\/glyphs\/acute.glif","\/bookmanstd-demi.ufo\/glyphs\/adieresis.glif":"\/bookmanstd-demi.ufo\/glyphs\/adieresis.glif","\/bookmanstd-demi.ufo\/glyphs\/ae.glif":"\/bookmanstd-demi.ufo\/glyphs\/ae.glif","\/bookmanstd-demi.ufo\/glyphs\/afii61289.glif":"\/bookmanstd-demi.ufo\/glyphs\/afii61289.glif","\/bookmanstd-demi.ufo\/glyphs\/agrave.glif":"\/bookmanstd-demi.ufo\/glyphs\/agrave.glif","\/bookmanstd-demi.ufo\/glyphs\/ampersand.glif":"\/bookmanstd-demi.ufo\/glyphs\/ampersand.glif","\/bookmanstd-demi.ufo\/glyphs\/approxequal.glif":"\/bookmanstd-demi.ufo\/glyphs\/approxequal.glif","\/bookmanstd-demi.ufo\/glyphs\/aring.glif":"\/bookmanstd-demi.ufo\/glyphs\/aring.glif","\/bookmanstd-demi.ufo\/glyphs\/asciicircum.glif":"\/bookmanstd-demi.ufo\/glyphs\/asciicircum.glif","\/bookmanstd-demi.ufo\/glyphs\/asciitilde.glif":"\/bookmanstd-demi.ufo\/glyphs\/asciitilde.glif","\/bookmanstd-demi.ufo\/glyphs\/asterisk.glif":"\/bookmanstd-demi.ufo\/glyphs\/asterisk.glif","\/bookmanstd-demi.ufo\/glyphs\/at.glif":"\/bookmanstd-demi.ufo\/glyphs\/at.glif","\/bookmanstd-demi.ufo\/glyphs\/atilde.glif":"\/bookmanstd-demi.ufo\/glyphs\/atilde.glif","\/bookmanstd-demi.ufo\/glyphs\/b.glif":"\/bookmanstd-demi.ufo\/glyphs\/b.glif","\/bookmanstd-demi.ufo\/glyphs\/backslash.glif":"\/bookmanstd-demi.ufo\/glyphs\/backslash.glif","\/bookmanstd-demi.ufo\/glyphs\/bar.glif":"\/bookmanstd-demi.ufo\/glyphs\/bar.glif","\/bookmanstd-demi.ufo\/glyphs\/braceleft.glif":"\/bookmanstd-demi.ufo\/glyphs\/braceleft.glif","\/bookmanstd-demi.ufo\/glyphs\/braceright.glif":"\/bookmanstd-demi.ufo\/glyphs\/braceright.glif","\/bookmanstd-demi.ufo\/glyphs\/bracketleft.glif":"\/bookmanstd-demi.ufo\/glyphs\/bracketleft.glif","\/bookmanstd-demi.ufo\/glyphs\/bracketright.glif":"\/bookmanstd-demi.ufo\/glyphs\/bracketright.glif","\/bookmanstd-demi.ufo\/glyphs\/breve.glif":"\/bookmanstd-demi.ufo\/glyphs\/breve.glif","\/bookmanstd-demi.ufo\/glyphs\/brokenbar.glif":"\/bookmanstd-demi.ufo\/glyphs\/brokenbar.glif","\/bookmanstd-demi.ufo\/glyphs\/bullet.glif":"\/bookmanstd-demi.ufo\/glyphs\/bullet.glif","\/bookmanstd-demi.ufo\/glyphs\/c.glif":"\/bookmanstd-demi.ufo\/glyphs\/c.glif","\/bookmanstd-demi.ufo\/glyphs\/caron.glif":"\/bookmanstd-demi.ufo\/glyphs\/caron.glif","\/bookmanstd-demi.ufo\/glyphs\/ccedilla.glif":"\/bookmanstd-demi.ufo\/glyphs\/ccedilla.glif","\/bookmanstd-demi.ufo\/glyphs\/cedilla.glif":"\/bookmanstd-demi.ufo\/glyphs\/cedilla.glif","\/bookmanstd-demi.ufo\/glyphs\/cent.glif":"\/bookmanstd-demi.ufo\/glyphs\/cent.glif","\/bookmanstd-demi.ufo\/glyphs\/circumflex.glif":"\/bookmanstd-demi.ufo\/glyphs\/circumflex.glif","\/bookmanstd-demi.ufo\/glyphs\/colon.glif":"\/bookmanstd-demi.ufo\/glyphs\/colon.glif","\/bookmanstd-demi.ufo\/glyphs\/comma.glif":"\/bookmanstd-demi.ufo\/glyphs\/comma.glif","\/bookmanstd-demi.ufo\/glyphs\/contents.plist":"\/bookmanstd-demi.ufo\/glyphs\/contents.plist","\/bookmanstd-demi.ufo\/glyphs\/copyright.glif":"\/bookmanstd-demi.ufo\/glyphs\/copyright.glif","\/bookmanstd-demi.ufo\/glyphs\/currency.glif":"\/bookmanstd-demi.ufo\/glyphs\/currency.glif","\/bookmanstd-demi.ufo\/glyphs\/d.glif":"\/bookmanstd-demi.ufo\/glyphs\/d.glif","\/bookmanstd-demi.ufo\/glyphs\/dagger.glif":"\/bookmanstd-demi.ufo\/glyphs\/dagger.glif","\/bookmanstd-demi.ufo\/glyphs\/daggerdbl.glif":"\/bookmanstd-demi.ufo\/glyphs\/daggerdbl.glif","\/bookmanstd-demi.ufo\/glyphs\/degree.glif":"\/bookmanstd-demi.ufo\/glyphs\/degree.glif","\/bookmanstd-demi.ufo\/glyphs\/dieresis.glif":"\/bookmanstd-demi.ufo\/glyphs\/dieresis.glif","\/bookmanstd-demi.ufo\/glyphs\/divide.glif":"\/bookmanstd-demi.ufo\/glyphs\/divide.glif","\/bookmanstd-demi.ufo\/glyphs\/dollar.glif":"\/bookmanstd-demi.ufo\/glyphs\/dollar.glif","\/bookmanstd-demi.ufo\/glyphs\/dotaccent.glif":"\/bookmanstd-demi.ufo\/glyphs\/dotaccent.glif","\/bookmanstd-demi.ufo\/glyphs\/dotlessi.glif":"\/bookmanstd-demi.ufo\/glyphs\/dotlessi.glif","\/bookmanstd-demi.ufo\/glyphs\/e.glif":"\/bookmanstd-demi.ufo\/glyphs\/e.glif","\/bookmanstd-demi.ufo\/glyphs\/eacute.glif":"\/bookmanstd-demi.ufo\/glyphs\/eacute.glif","\/bookmanstd-demi.ufo\/glyphs\/ecircumflex.glif":"\/bookmanstd-demi.ufo\/glyphs\/ecircumflex.glif","\/bookmanstd-demi.ufo\/glyphs\/edieresis.glif":"\/bookmanstd-demi.ufo\/glyphs\/edieresis.glif","\/bookmanstd-demi.ufo\/glyphs\/egrave.glif":"\/bookmanstd-demi.ufo\/glyphs\/egrave.glif","\/bookmanstd-demi.ufo\/glyphs\/eight.glif":"\/bookmanstd-demi.ufo\/glyphs\/eight.glif","\/bookmanstd-demi.ufo\/glyphs\/ellipsis.glif":"\/bookmanstd-demi.ufo\/glyphs\/ellipsis.glif","\/bookmanstd-demi.ufo\/glyphs\/emdash.glif":"\/bookmanstd-demi.ufo\/glyphs\/emdash.glif","\/bookmanstd-demi.ufo\/glyphs\/endash.glif":"\/bookmanstd-demi.ufo\/glyphs\/endash.glif","\/bookmanstd-demi.ufo\/glyphs\/equal.glif":"\/bookmanstd-demi.ufo\/glyphs\/equal.glif","\/bookmanstd-demi.ufo\/glyphs\/estimated.glif":"\/bookmanstd-demi.ufo\/glyphs\/estimated.glif","\/bookmanstd-demi.ufo\/glyphs\/eth.glif":"\/bookmanstd-demi.ufo\/glyphs\/eth.glif","\/bookmanstd-demi.ufo\/glyphs\/exclam.glif":"\/bookmanstd-demi.ufo\/glyphs\/exclam.glif","\/bookmanstd-demi.ufo\/glyphs\/exclamdown.glif":"\/bookmanstd-demi.ufo\/glyphs\/exclamdown.glif","\/bookmanstd-demi.ufo\/glyphs\/f.glif":"\/bookmanstd-demi.ufo\/glyphs\/f.glif","\/bookmanstd-demi.ufo\/glyphs\/f_i.glif":"\/bookmanstd-demi.ufo\/glyphs\/f_i.glif","\/bookmanstd-demi.ufo\/glyphs\/f_l.glif":"\/bookmanstd-demi.ufo\/glyphs\/f_l.glif","\/bookmanstd-demi.ufo\/glyphs\/fi.glif":"\/bookmanstd-demi.ufo\/glyphs\/fi.glif","\/bookmanstd-demi.ufo\/glyphs\/five.glif":"\/bookmanstd-demi.ufo\/glyphs\/five.glif","\/bookmanstd-demi.ufo\/glyphs\/fl.glif":"\/bookmanstd-demi.ufo\/glyphs\/fl.glif","\/bookmanstd-demi.ufo\/glyphs\/florin.glif":"\/bookmanstd-demi.ufo\/glyphs\/florin.glif","\/bookmanstd-demi.ufo\/glyphs\/four.glif":"\/bookmanstd-demi.ufo\/glyphs\/four.glif","\/bookmanstd-demi.ufo\/glyphs\/fraction.glif":"\/bookmanstd-demi.ufo\/glyphs\/fraction.glif","\/bookmanstd-demi.ufo\/glyphs\/g.glif":"\/bookmanstd-demi.ufo\/glyphs\/g.glif","\/bookmanstd-demi.ufo\/glyphs\/germandbls.glif":"\/bookmanstd-demi.ufo\/glyphs\/germandbls.glif","\/bookmanstd-demi.ufo\/glyphs\/grave.glif":"\/bookmanstd-demi.ufo\/glyphs\/grave.glif","\/bookmanstd-demi.ufo\/glyphs\/greater.glif":"\/bookmanstd-demi.ufo\/glyphs\/greater.glif","\/bookmanstd-demi.ufo\/glyphs\/greaterequal.glif":"\/bookmanstd-demi.ufo\/glyphs\/greaterequal.glif","\/bookmanstd-demi.ufo\/glyphs\/guillemotleft.glif":"\/bookmanstd-demi.ufo\/glyphs\/guillemotleft.glif","\/bookmanstd-demi.ufo\/glyphs\/guillemotright.glif":"\/bookmanstd-demi.ufo\/glyphs\/guillemotright.glif","\/bookmanstd-demi.ufo\/glyphs\/guilsinglleft.glif":"\/bookmanstd-demi.ufo\/glyphs\/guilsinglleft.glif","\/bookmanstd-demi.ufo\/glyphs\/guilsinglright.glif":"\/bookmanstd-demi.ufo\/glyphs\/guilsinglright.glif","\/bookmanstd-demi.ufo\/glyphs\/h.glif":"\/bookmanstd-demi.ufo\/glyphs\/h.glif","\/bookmanstd-demi.ufo\/glyphs\/hungarumlaut.glif":"\/bookmanstd-demi.ufo\/glyphs\/hungarumlaut.glif","\/bookmanstd-demi.ufo\/glyphs\/hyphen.glif":"\/bookmanstd-demi.ufo\/glyphs\/hyphen.glif","\/bookmanstd-demi.ufo\/glyphs\/i.glif":"\/bookmanstd-demi.ufo\/glyphs\/i.glif","\/bookmanstd-demi.ufo\/glyphs\/iacute.glif":"\/bookmanstd-demi.ufo\/glyphs\/iacute.glif","\/bookmanstd-demi.ufo\/glyphs\/icircumflex.glif":"\/bookmanstd-demi.ufo\/glyphs\/icircumflex.glif","\/bookmanstd-demi.ufo\/glyphs\/idieresis.glif":"\/bookmanstd-demi.ufo\/glyphs\/idieresis.glif","\/bookmanstd-demi.ufo\/glyphs\/igrave.glif":"\/bookmanstd-demi.ufo\/glyphs\/igrave.glif","\/bookmanstd-demi.ufo\/glyphs\/infinity.glif":"\/bookmanstd-demi.ufo\/glyphs\/infinity.glif","\/bookmanstd-demi.ufo\/glyphs\/integral.glif":"\/bookmanstd-demi.ufo\/glyphs\/integral.glif","\/bookmanstd-demi.ufo\/glyphs\/j.glif":"\/bookmanstd-demi.ufo\/glyphs\/j.glif","\/bookmanstd-demi.ufo\/glyphs\/k.glif":"\/bookmanstd-demi.ufo\/glyphs\/k.glif","\/bookmanstd-demi.ufo\/glyphs\/l.glif":"\/bookmanstd-demi.ufo\/glyphs\/l.glif","\/bookmanstd-demi.ufo\/glyphs\/less.glif":"\/bookmanstd-demi.ufo\/glyphs\/less.glif","\/bookmanstd-demi.ufo\/glyphs\/lessequal.glif":"\/bookmanstd-demi.ufo\/glyphs\/lessequal.glif","\/bookmanstd-demi.ufo\/glyphs\/logicalnot.glif":"\/bookmanstd-demi.ufo\/glyphs\/logicalnot.glif","\/bookmanstd-demi.ufo\/glyphs\/lozenge.glif":"\/bookmanstd-demi.ufo\/glyphs\/lozenge.glif","\/bookmanstd-demi.ufo\/glyphs\/lslash.glif":"\/bookmanstd-demi.ufo\/glyphs\/lslash.glif","\/bookmanstd-demi.ufo\/glyphs\/m.glif":"\/bookmanstd-demi.ufo\/glyphs\/m.glif","\/bookmanstd-demi.ufo\/glyphs\/macron.glif":"\/bookmanstd-demi.ufo\/glyphs\/macron.glif","\/bookmanstd-demi.ufo\/glyphs\/minus.glif":"\/bookmanstd-demi.ufo\/glyphs\/minus.glif","\/bookmanstd-demi.ufo\/glyphs\/mu.glif":"\/bookmanstd-demi.ufo\/glyphs\/mu.glif","\/bookmanstd-demi.ufo\/glyphs\/multiply.glif":"\/bookmanstd-demi.ufo\/glyphs\/multiply.glif","\/bookmanstd-demi.ufo\/glyphs\/n.glif":"\/bookmanstd-demi.ufo\/glyphs\/n.glif","\/bookmanstd-demi.ufo\/glyphs\/nine.glif":"\/bookmanstd-demi.ufo\/glyphs\/nine.glif","\/bookmanstd-demi.ufo\/glyphs\/notequal.glif":"\/bookmanstd-demi.ufo\/glyphs\/notequal.glif","\/bookmanstd-demi.ufo\/glyphs\/ntilde.glif":"\/bookmanstd-demi.ufo\/glyphs\/ntilde.glif","\/bookmanstd-demi.ufo\/glyphs\/numbersign.glif":"\/bookmanstd-demi.ufo\/glyphs\/numbersign.glif","\/bookmanstd-demi.ufo\/glyphs\/o.glif":"\/bookmanstd-demi.ufo\/glyphs\/o.glif","\/bookmanstd-demi.ufo\/glyphs\/o.superior.glif":"\/bookmanstd-demi.ufo\/glyphs\/o.superior.glif","\/bookmanstd-demi.ufo\/glyphs\/oacute.glif":"\/bookmanstd-demi.ufo\/glyphs\/oacute.glif","\/bookmanstd-demi.ufo\/glyphs\/ocircumflex.glif":"\/bookmanstd-demi.ufo\/glyphs\/ocircumflex.glif","\/bookmanstd-demi.ufo\/glyphs\/odieresis.glif":"\/bookmanstd-demi.ufo\/glyphs\/odieresis.glif","\/bookmanstd-demi.ufo\/glyphs\/oe.glif":"\/bookmanstd-demi.ufo\/glyphs\/oe.glif","\/bookmanstd-demi.ufo\/glyphs\/ogonek.glif":"\/bookmanstd-demi.ufo\/glyphs\/ogonek.glif","\/bookmanstd-demi.ufo\/glyphs\/ograve.glif":"\/bookmanstd-demi.ufo\/glyphs\/ograve.glif","\/bookmanstd-demi.ufo\/glyphs\/one.glif":"\/bookmanstd-demi.ufo\/glyphs\/one.glif","\/bookmanstd-demi.ufo\/glyphs\/one.superior.glif":"\/bookmanstd-demi.ufo\/glyphs\/one.superior.glif","\/bookmanstd-demi.ufo\/glyphs\/onehalf.glif":"\/bookmanstd-demi.ufo\/glyphs\/onehalf.glif","\/bookmanstd-demi.ufo\/glyphs\/onequarter.glif":"\/bookmanstd-demi.ufo\/glyphs\/onequarter.glif","\/bookmanstd-demi.ufo\/glyphs\/onesuperior.glif":"\/bookmanstd-demi.ufo\/glyphs\/onesuperior.glif","\/bookmanstd-demi.ufo\/glyphs\/ordfeminine.glif":"\/bookmanstd-demi.ufo\/glyphs\/ordfeminine.glif","\/bookmanstd-demi.ufo\/glyphs\/ordmasculine.glif":"\/bookmanstd-demi.ufo\/glyphs\/ordmasculine.glif","\/bookmanstd-demi.ufo\/glyphs\/oslash.glif":"\/bookmanstd-demi.ufo\/glyphs\/oslash.glif","\/bookmanstd-demi.ufo\/glyphs\/otilde.glif":"\/bookmanstd-demi.ufo\/glyphs\/otilde.glif","\/bookmanstd-demi.ufo\/glyphs\/p.glif":"\/bookmanstd-demi.ufo\/glyphs\/p.glif","\/bookmanstd-demi.ufo\/glyphs\/paragraph.glif":"\/bookmanstd-demi.ufo\/glyphs\/paragraph.glif","\/bookmanstd-demi.ufo\/glyphs\/parenleft.glif":"\/bookmanstd-demi.ufo\/glyphs\/parenleft.glif","\/bookmanstd-demi.ufo\/glyphs\/parenright.glif":"\/bookmanstd-demi.ufo\/glyphs\/parenright.glif","\/bookmanstd-demi.ufo\/glyphs\/partialdiff.glif":"\/bookmanstd-demi.ufo\/glyphs\/partialdiff.glif","\/bookmanstd-demi.ufo\/glyphs\/percent.glif":"\/bookmanstd-demi.ufo\/glyphs\/percent.glif","\/bookmanstd-demi.ufo\/glyphs\/period.glif":"\/bookmanstd-demi.ufo\/glyphs\/period.glif","\/bookmanstd-demi.ufo\/glyphs\/periodcentered.glif":"\/bookmanstd-demi.ufo\/glyphs\/periodcentered.glif","\/bookmanstd-demi.ufo\/glyphs\/perthousand.glif":"\/bookmanstd-demi.ufo\/glyphs\/perthousand.glif","\/bookmanstd-demi.ufo\/glyphs\/pi.glif":"\/bookmanstd-demi.ufo\/glyphs\/pi.glif","\/bookmanstd-demi.ufo\/glyphs\/plus.glif":"\/bookmanstd-demi.ufo\/glyphs\/plus.glif","\/bookmanstd-demi.ufo\/glyphs\/plusminus.glif":"\/bookmanstd-demi.ufo\/glyphs\/plusminus.glif","\/bookmanstd-demi.ufo\/glyphs\/product.glif":"\/bookmanstd-demi.ufo\/glyphs\/product.glif","\/bookmanstd-demi.ufo\/glyphs\/q.glif":"\/bookmanstd-demi.ufo\/glyphs\/q.glif","\/bookmanstd-demi.ufo\/glyphs\/question.glif":"\/bookmanstd-demi.ufo\/glyphs\/question.glif","\/bookmanstd-demi.ufo\/glyphs\/questiondown.glif":"\/bookmanstd-demi.ufo\/glyphs\/questiondown.glif","\/bookmanstd-demi.ufo\/glyphs\/quotedbl.glif":"\/bookmanstd-demi.ufo\/glyphs\/quotedbl.glif","\/bookmanstd-demi.ufo\/glyphs\/quotedblbase.glif":"\/bookmanstd-demi.ufo\/glyphs\/quotedblbase.glif","\/bookmanstd-demi.ufo\/glyphs\/quotedblleft.glif":"\/bookmanstd-demi.ufo\/glyphs\/quotedblleft.glif","\/bookmanstd-demi.ufo\/glyphs\/quotedblright.glif":"\/bookmanstd-demi.ufo\/glyphs\/quotedblright.glif","\/bookmanstd-demi.ufo\/glyphs\/quoteleft.glif":"\/bookmanstd-demi.ufo\/glyphs\/quoteleft.glif","\/bookmanstd-demi.ufo\/glyphs\/quoteright.glif":"\/bookmanstd-demi.ufo\/glyphs\/quoteright.glif","\/bookmanstd-demi.ufo\/glyphs\/quotesinglbase.glif":"\/bookmanstd-demi.ufo\/glyphs\/quotesinglbase.glif","\/bookmanstd-demi.ufo\/glyphs\/quotesingle.glif":"\/bookmanstd-demi.ufo\/glyphs\/quotesingle.glif","\/bookmanstd-demi.ufo\/glyphs\/r.glif":"\/bookmanstd-demi.ufo\/glyphs\/r.glif","\/bookmanstd-demi.ufo\/glyphs\/radical.glif":"\/bookmanstd-demi.ufo\/glyphs\/radical.glif","\/bookmanstd-demi.ufo\/glyphs\/registered.glif":"\/bookmanstd-demi.ufo\/glyphs\/registered.glif","\/bookmanstd-demi.ufo\/glyphs\/ring.glif":"\/bookmanstd-demi.ufo\/glyphs\/ring.glif","\/bookmanstd-demi.ufo\/glyphs\/s.glif":"\/bookmanstd-demi.ufo\/glyphs\/s.glif","\/bookmanstd-demi.ufo\/glyphs\/scaron.glif":"\/bookmanstd-demi.ufo\/glyphs\/scaron.glif","\/bookmanstd-demi.ufo\/glyphs\/section.glif":"\/bookmanstd-demi.ufo\/glyphs\/section.glif","\/bookmanstd-demi.ufo\/glyphs\/semicolon.glif":"\/bookmanstd-demi.ufo\/glyphs\/semicolon.glif","\/bookmanstd-demi.ufo\/glyphs\/seven.glif":"\/bookmanstd-demi.ufo\/glyphs\/seven.glif","\/bookmanstd-demi.ufo\/glyphs\/six.glif":"\/bookmanstd-demi.ufo\/glyphs\/six.glif","\/bookmanstd-demi.ufo\/glyphs\/slash.glif":"\/bookmanstd-demi.ufo\/glyphs\/slash.glif","\/bookmanstd-demi.ufo\/glyphs\/space.glif":"\/bookmanstd-demi.ufo\/glyphs\/space.glif","\/bookmanstd-demi.ufo\/glyphs\/sterling.glif":"\/bookmanstd-demi.ufo\/glyphs\/sterling.glif","\/bookmanstd-demi.ufo\/glyphs\/summation.glif":"\/bookmanstd-demi.ufo\/glyphs\/summation.glif","\/bookmanstd-demi.ufo\/glyphs\/t.glif":"\/bookmanstd-demi.ufo\/glyphs\/t.glif","\/bookmanstd-demi.ufo\/glyphs\/thorn.glif":"\/bookmanstd-demi.ufo\/glyphs\/thorn.glif","\/bookmanstd-demi.ufo\/glyphs\/three.glif":"\/bookmanstd-demi.ufo\/glyphs\/three.glif","\/bookmanstd-demi.ufo\/glyphs\/three.superior.glif":"\/bookmanstd-demi.ufo\/glyphs\/three.superior.glif","\/bookmanstd-demi.ufo\/glyphs\/threequarters.glif":"\/bookmanstd-demi.ufo\/glyphs\/threequarters.glif","\/bookmanstd-demi.ufo\/glyphs\/threesuperior.glif":"\/bookmanstd-demi.ufo\/glyphs\/threesuperior.glif","\/bookmanstd-demi.ufo\/glyphs\/tilde.glif":"\/bookmanstd-demi.ufo\/glyphs\/tilde.glif","\/bookmanstd-demi.ufo\/glyphs\/trademark.glif":"\/bookmanstd-demi.ufo\/glyphs\/trademark.glif","\/bookmanstd-demi.ufo\/glyphs\/two.glif":"\/bookmanstd-demi.ufo\/glyphs\/two.glif","\/bookmanstd-demi.ufo\/glyphs\/two.superior.glif":"\/bookmanstd-demi.ufo\/glyphs\/two.superior.glif","\/bookmanstd-demi.ufo\/glyphs\/twosuperior.glif":"\/bookmanstd-demi.ufo\/glyphs\/twosuperior.glif","\/bookmanstd-demi.ufo\/glyphs\/u.glif":"\/bookmanstd-demi.ufo\/glyphs\/u.glif","\/bookmanstd-demi.ufo\/glyphs\/uacute.glif":"\/bookmanstd-demi.ufo\/glyphs\/uacute.glif","\/bookmanstd-demi.ufo\/glyphs\/ucircumflex.glif":"\/bookmanstd-demi.ufo\/glyphs\/ucircumflex.glif","\/bookmanstd-demi.ufo\/glyphs\/udieresis.glif":"\/bookmanstd-demi.ufo\/glyphs\/udieresis.glif","\/bookmanstd-demi.ufo\/glyphs\/ugrave.glif":"\/bookmanstd-demi.ufo\/glyphs\/ugrave.glif","\/bookmanstd-demi.ufo\/glyphs\/underscore.glif":"\/bookmanstd-demi.ufo\/glyphs\/underscore.glif","\/bookmanstd-demi.ufo\/glyphs\/uni00A_0.glif":"\/bookmanstd-demi.ufo\/glyphs\/uni00A_0.glif","\/bookmanstd-demi.ufo\/glyphs\/uni00A_D_.glif":"\/bookmanstd-demi.ufo\/glyphs\/uni00A_D_.glif","\/bookmanstd-demi.ufo\/glyphs\/uni02C_9.glif":"\/bookmanstd-demi.ufo\/glyphs\/uni02C_9.glif","\/bookmanstd-demi.ufo\/glyphs\/uni03A_9.glif":"\/bookmanstd-demi.ufo\/glyphs\/uni03A_9.glif","\/bookmanstd-demi.ufo\/glyphs\/uni03B_C_.glif":"\/bookmanstd-demi.ufo\/glyphs\/uni03B_C_.glif","\/bookmanstd-demi.ufo\/glyphs\/uni2010.glif":"\/bookmanstd-demi.ufo\/glyphs\/uni2010.glif","\/bookmanstd-demi.ufo\/glyphs\/uni2206.glif":"\/bookmanstd-demi.ufo\/glyphs\/uni2206.glif","\/bookmanstd-demi.ufo\/glyphs\/uni2215.glif":"\/bookmanstd-demi.ufo\/glyphs\/uni2215.glif","\/bookmanstd-demi.ufo\/glyphs\/uni2219.glif":"\/bookmanstd-demi.ufo\/glyphs\/uni2219.glif","\/bookmanstd-demi.ufo\/glyphs\/v.glif":"\/bookmanstd-demi.ufo\/glyphs\/v.glif","\/bookmanstd-demi.ufo\/glyphs\/w.glif":"\/bookmanstd-demi.ufo\/glyphs\/w.glif","\/bookmanstd-demi.ufo\/glyphs\/x.glif":"\/bookmanstd-demi.ufo\/glyphs\/x.glif","\/bookmanstd-demi.ufo\/glyphs\/y.glif":"\/bookmanstd-demi.ufo\/glyphs\/y.glif","\/bookmanstd-demi.ufo\/glyphs\/yacute.glif":"\/bookmanstd-demi.ufo\/glyphs\/yacute.glif","\/bookmanstd-demi.ufo\/glyphs\/ydieresis.glif":"\/bookmanstd-demi.ufo\/glyphs\/ydieresis.glif","\/bookmanstd-demi.ufo\/glyphs\/yen.glif":"\/bookmanstd-demi.ufo\/glyphs\/yen.glif","\/bookmanstd-demi.ufo\/glyphs\/z.glif":"\/bookmanstd-demi.ufo\/glyphs\/z.glif","\/bookmanstd-demi.ufo\/glyphs\/zcaron.glif":"\/bookmanstd-demi.ufo\/glyphs\/zcaron.glif","\/bookmanstd-demi.ufo\/glyphs\/zero.glif":"\/bookmanstd-demi.ufo\/glyphs\/zero.glif"},"Font":{"uploaded":1471021608.0696,"licence":"gpl3","company":"Chronolabs Cooperative","title":"Bookman Std Demi","version":3.002,"date":"Fri Aug 12 07:03:17 2016","creator":"root","type":"1","matrix":"0.001 0 0 0.001 0 0","named":"BookmanStd-Demi","painttype":"0","info":"11 dict dup","name":"ITC Bookman Std Demi","family":"ITC Bookman Std","weight":"Demi","fstype":"4","italicangle":"0","underlineposition":"","underlinethickness":""},"Licences":{"":false},"Table":{"FFTM":{"entryLength":16,"tag":"FFTM","checksum":1944346042,"offset":36004,"length":28},"GDEF":{"entryLength":16,"tag":"GDEF","checksum":20185094,"offset":35972,"length":32},"OS\/2":{"entryLength":16,"tag":"OS\/2","checksum":2009480276,"offset":344,"length":86},"cmap":{"entryLength":16,"tag":"cmap","checksum":777625557,"offset":1484,"length":1156},"gasp":{"entryLength":16,"tag":"gasp","checksum":4294901763,"offset":35964,"length":8},"glyf":{"entryLength":16,"tag":"glyf","checksum":799391940,"offset":3168,"length":30676},"head":{"entryLength":16,"tag":"head","checksum":189309583,"offset":220,"length":54},"hhea":{"entryLength":16,"tag":"hhea","checksum":142804126,"offset":276,"length":36},"hmtx":{"entryLength":16,"tag":"hmtx","checksum":1715806341,"offset":432,"length":1052},"loca":{"entryLength":16,"tag":"loca","checksum":1645182788,"offset":2640,"length":528},"maxp":{"entryLength":16,"tag":"maxp","checksum":22020203,"offset":312,"length":32},"name":{"entryLength":16,"tag":"name","checksum":704686692,"offset":33844,"length":1392},"post":{"entryLength":16,"tag":"post","checksum":2504245827,"offset":35236,"length":728}},"UnicodeCharMap":{"32":3,"33":4,"34":5,"35":6,"36":7,"37":8,"38":9,"39":10,"40":11,"41":12,"42":13,"43":14,"44":15,"45":16,"46":17,"47":18,"48":19,"49":20,"50":21,"51":22,"52":23,"53":24,"54":25,"55":26,"56":27,"57":28,"58":29,"59":30,"60":31,"61":32,"62":33,"63":34,"64":35,"65":36,"66":37,"67":38,"68":39,"69":40,"70":41,"71":42,"72":43,"73":44,"74":45,"75":46,"76":47,"77":48,"78":49,"79":50,"80":51,"81":52,"82":53,"83":54,"84":55,"85":56,"86":57,"87":58,"88":59,"89":60,"90":61,"91":62,"92":63,"93":64,"94":65,"95":66,"96":67,"97":68,"98":69,"99":70,"100":71,"101":72,"102":73,"103":74,"104":75,"105":76,"106":77,"107":78,"108":79,"109":80,"110":81,"111":82,"112":83,"113":84,"114":85,"115":86,"116":87,"117":88,"118":89,"119":90,"120":91,"121":92,"122":93,"123":94,"124":95,"125":96,"126":97,"160":98,"161":99,"162":100,"163":101,"164":102,"165":103,"166":104,"167":105,"168":106,"169":107,"170":108,"171":109,"172":110,"173":111,"174":112,"175":113,"176":114,"177":115,"178":259,"179":260,"180":118,"182":120,"183":121,"184":122,"185":258,"186":124,"187":125,"188":126,"189":127,"190":128,"191":129,"192":130,"193":131,"194":132,"195":133,"196":134,"197":135,"198":136,"199":137,"200":138,"201":139,"202":140,"203":141,"204":142,"205":143,"206":144,"207":145,"208":146,"209":147,"210":148,"211":149,"212":150,"213":151,"214":152,"215":153,"216":154,"217":155,"218":156,"219":157,"220":158,"221":159,"222":160,"223":161,"224":162,"225":163,"226":164,"227":165,"228":166,"229":167,"230":168,"231":169,"232":170,"233":171,"234":172,"235":173,"236":174,"237":175,"238":176,"239":177,"240":178,"241":179,"242":180,"243":181,"244":182,"245":183,"246":184,"247":185,"248":186,"249":187,"250":188,"251":189,"252":190,"253":191,"254":192,"255":193,"305":223,"321":221,"322":224,"338":222,"339":225,"352":228,"353":231,"376":229,"381":230,"382":232,"402":197,"710":212,"711":219,"713":250,"728":214,"729":215,"730":216,"731":218,"732":213,"733":217,"937":251,"956":253,"960":235,"8208":262,"8211":203,"8212":220,"8216":195,"8217":194,"8218":207,"8220":198,"8221":209,"8222":208,"8224":204,"8225":205,"8226":206,"8230":210,"8240":211,"8249":199,"8250":200,"8260":196,"8364":236,"8467":252,"8482":226,"8494":237,"8706":238,"8710":261,"8719":239,"8721":240,"8722":227,"8725":254,"8729":241,"8730":242,"8734":243,"8747":244,"8776":245,"8800":246,"8804":247,"8805":248,"9674":249,"64257":233,"64258":255},"Reserves":{"fontname":"ITC Bookman Std Demi"},"Names":{"ITC Bookman Std Demi":{"name":"ITC Bookman Std Demi","longitude":"0.00000001","latitude":"0.00000001","country":"","region":"","city":""}},"Nodes":{"it":{"type":"typal","node":"it","usage":1,"weight":1},"tc":{"type":"typal","node":"tc","usage":1,"weight":1},"bo":{"type":"typal","node":"bo","usage":1,"weight":1},"an":{"type":"typal","node":"an","usage":1,"weight":1},"st":{"type":"typal","node":"st","usage":1,"weight":1},"td":{"type":"typal","node":"td","usage":1,"weight":1},"de":{"type":"typal","node":"de","usage":1,"weight":1},"mi":{"type":"typal","node":"mi","usage":1,"weight":1},"boo":{"type":"typal","node":"boo","usage":1,"weight":1},"man":{"type":"typal","node":"man","usage":1,"weight":1},"dem":{"type":"typal","node":"dem","usage":1,"weight":1},"emi":{"type":"typal","node":"emi","usage":1,"weight":1},"book":{"type":"keys","node":"book","usage":1,"weight":1},"kman":{"type":"keys","node":"kman","usage":1,"weight":1},"bookm":{"type":"keys","node":"bookm","usage":1,"weight":1},"okman":{"type":"keys","node":"okman","usage":1,"weight":1},"itc":{"type":"fixes","node":"itc","usage":1,"weight":1},"bookman":{"type":"fixes","node":"bookman","usage":1,"weight":1},"std":{"type":"fixes","node":"std","usage":1,"weight":1},"demi":{"type":"fixes","node":"demi","usage":1,"weight":1}},"Contributors":[],"FontIdentity":"labscoop:533542f02d3b84a2df00143","Bytes":null,"Networking":[],"barcode":"yqkew9akuamgo","referee":"aqsgouka"}