{"CSS":{"Atomic":"Atomic.css"},"FontType":"TrueType","FontCopyright":"Atomic \u00a91999, Font\u2022a\u2022licious Fonts.","FontName":"Atomic","FontSubfamily":"Regular","FontSubfamilyID":"Macromedia Fontographer 4.1.2 Atomic","FontFullName":"Atomic","FontVersion":"Macromedia Fontographer 4.1.2 6\/14\/99","FontWeight":null,"FontPostscriptName":"Atomic","Files":{"4246c4acecfe8ea7b6f49ac11259dd71.afm":"4246c4acecfe8ea7b6f49ac11259dd71.afm","4246c4acecfe8ea7b6f49ac11259dd71.bin":"4246c4acecfe8ea7b6f49ac11259dd71.bin","4246c4acecfe8ea7b6f49ac11259dd71.cef":"4246c4acecfe8ea7b6f49ac11259dd71.cef","4246c4acecfe8ea7b6f49ac11259dd71.cff":"4246c4acecfe8ea7b6f49ac11259dd71.cff","4246c4acecfe8ea7b6f49ac11259dd71.dfont":"4246c4acecfe8ea7b6f49ac11259dd71.dfont","4246c4acecfe8ea7b6f49ac11259dd71.eot":"4246c4acecfe8ea7b6f49ac11259dd71.eot","4246c4acecfe8ea7b6f49ac11259dd71.fon":"4246c4acecfe8ea7b6f49ac11259dd71.fon","4246c4acecfe8ea7b6f49ac11259dd71.gai":"4246c4acecfe8ea7b6f49ac11259dd71.gai","4246c4acecfe8ea7b6f49ac11259dd71.gsf":"4246c4acecfe8ea7b6f49ac11259dd71.gsf","4246c4acecfe8ea7b6f49ac11259dd71.hqx":"4246c4acecfe8ea7b6f49ac11259dd71.hqx","4246c4acecfe8ea7b6f49ac11259dd71.ik":"4246c4acecfe8ea7b6f49ac11259dd71.ik","4246c4acecfe8ea7b6f49ac11259dd71.mf":"4246c4acecfe8ea7b6f49ac11259dd71.mf","4246c4acecfe8ea7b6f49ac11259dd71.otf":"4246c4acecfe8ea7b6f49ac11259dd71.otf","4246c4acecfe8ea7b6f49ac11259dd71.pcf":"4246c4acecfe8ea7b6f49ac11259dd71.pcf","4246c4acecfe8ea7b6f49ac11259dd71.pf3":"4246c4acecfe8ea7b6f49ac11259dd71.pf3","4246c4acecfe8ea7b6f49ac11259dd71.pfa":"4246c4acecfe8ea7b6f49ac11259dd71.pfa","4246c4acecfe8ea7b6f49ac11259dd71.pfb":"4246c4acecfe8ea7b6f49ac11259dd71.pfb","4246c4acecfe8ea7b6f49ac11259dd71.pmf":"4246c4acecfe8ea7b6f49ac11259dd71.pmf","4246c4acecfe8ea7b6f49ac11259dd71.pt3":"4246c4acecfe8ea7b6f49ac11259dd71.pt3","4246c4acecfe8ea7b6f49ac11259dd71.sfd":"4246c4acecfe8ea7b6f49ac11259dd71.sfd","4246c4acecfe8ea7b6f49ac11259dd71.svg":"4246c4acecfe8ea7b6f49ac11259dd71.svg","4246c4acecfe8ea7b6f49ac11259dd71.t42":"4246c4acecfe8ea7b6f49ac11259dd71.t42","4246c4acecfe8ea7b6f49ac11259dd71.ttf":"4246c4acecfe8ea7b6f49ac11259dd71.ttf","4246c4acecfe8ea7b6f49ac11259dd71.woff":"4246c4acecfe8ea7b6f49ac11259dd71.woff","CentricSSi Bold.css":"CentricSSi Bold.css","font-resource.json":"font-resource.json","\/fonts\/Converting\/simon@staff.labs.coop\/4246c4acecfe8ea7b6f49ac11259dd71":{"4246c4acecfe8ea7b6f49ac11259dd71.afm":"4246c4acecfe8ea7b6f49ac11259dd71.afm","4246c4acecfe8ea7b6f49ac11259dd71.bin":"4246c4acecfe8ea7b6f49ac11259dd71.bin","4246c4acecfe8ea7b6f49ac11259dd71.cef":"4246c4acecfe8ea7b6f49ac11259dd71.cef","4246c4acecfe8ea7b6f49ac11259dd71.cff":"4246c4acecfe8ea7b6f49ac11259dd71.cff","4246c4acecfe8ea7b6f49ac11259dd71.dfont":"4246c4acecfe8ea7b6f49ac11259dd71.dfont","4246c4acecfe8ea7b6f49ac11259dd71.eot":"4246c4acecfe8ea7b6f49ac11259dd71.eot","4246c4acecfe8ea7b6f49ac11259dd71.fon":"4246c4acecfe8ea7b6f49ac11259dd71.fon","4246c4acecfe8ea7b6f49ac11259dd71.gai":"4246c4acecfe8ea7b6f49ac11259dd71.gai","4246c4acecfe8ea7b6f49ac11259dd71.gsf":"4246c4acecfe8ea7b6f49ac11259dd71.gsf","4246c4acecfe8ea7b6f49ac11259dd71.hqx":"4246c4acecfe8ea7b6f49ac11259dd71.hqx","4246c4acecfe8ea7b6f49ac11259dd71.ik":"4246c4acecfe8ea7b6f49ac11259dd71.ik","4246c4acecfe8ea7b6f49ac11259dd71.mf":"4246c4acecfe8ea7b6f49ac11259dd71.mf","4246c4acecfe8ea7b6f49ac11259dd71.otf":"4246c4acecfe8ea7b6f49ac11259dd71.otf","4246c4acecfe8ea7b6f49ac11259dd71.pcf":"4246c4acecfe8ea7b6f49ac11259dd71.pcf","4246c4acecfe8ea7b6f49ac11259dd71.pf3":"4246c4acecfe8ea7b6f49ac11259dd71.pf3","4246c4acecfe8ea7b6f49ac11259dd71.pfa":"4246c4acecfe8ea7b6f49ac11259dd71.pfa","4246c4acecfe8ea7b6f49ac11259dd71.pfb":"4246c4acecfe8ea7b6f49ac11259dd71.pfb","4246c4acecfe8ea7b6f49ac11259dd71.pmf":"4246c4acecfe8ea7b6f49ac11259dd71.pmf","4246c4acecfe8ea7b6f49ac11259dd71.pt3":"4246c4acecfe8ea7b6f49ac11259dd71.pt3","4246c4acecfe8ea7b6f49ac11259dd71.sfd":"4246c4acecfe8ea7b6f49ac11259dd71.sfd","4246c4acecfe8ea7b6f49ac11259dd71.svg":"4246c4acecfe8ea7b6f49ac11259dd71.svg","4246c4acecfe8ea7b6f49ac11259dd71.t42":"4246c4acecfe8ea7b6f49ac11259dd71.t42","4246c4acecfe8ea7b6f49ac11259dd71.ttf":"4246c4acecfe8ea7b6f49ac11259dd71.ttf","4246c4acecfe8ea7b6f49ac11259dd71.woff":"4246c4acecfe8ea7b6f49ac11259dd71.woff","CentricSSi Bold.css":"CentricSSi Bold.css","font-resource.json":"font-resource.json"},"4246c4acecfe8ea7b6f49ac11259dd71.ufo":{"feature.fea":"feature.fea","fontinfo.plist":"fontinfo.plist","groups.plist":"groups.plist","kerning.plist":"kerning.plist","metainfo.plist":"metainfo.plist"},"4246c4acecfe8ea7b6f49ac11259dd71.ufo\/glyphs":{"A_.glif":"A_.glif","A_E_.glif":"A_E_.glif","A_acute.glif":"A_acute.glif","A_circumflex.glif":"A_circumflex.glif","A_dieresis.glif":"A_dieresis.glif","A_grave.glif":"A_grave.glif","A_ring.glif":"A_ring.glif","A_tilde.glif":"A_tilde.glif","B_.glif":"B_.glif","C_.glif":"C_.glif","C_cedilla.glif":"C_cedilla.glif","D_.glif":"D_.glif","E_.glif":"E_.glif","E_acute.glif":"E_acute.glif","E_circumflex.glif":"E_circumflex.glif","E_dieresis.glif":"E_dieresis.glif","E_grave.glif":"E_grave.glif","F_.glif":"F_.glif","G_.glif":"G_.glif","H_.glif":"H_.glif","I_.glif":"I_.glif","I_acute.glif":"I_acute.glif","I_circumflex.glif":"I_circumflex.glif","I_dieresis.glif":"I_dieresis.glif","I_grave.glif":"I_grave.glif","J_.glif":"J_.glif","K_.glif":"K_.glif","L_.glif":"L_.glif","M_.glif":"M_.glif","N_.glif":"N_.glif","N_tilde.glif":"N_tilde.glif","O_.glif":"O_.glif","O_acute.glif":"O_acute.glif","O_circumflex.glif":"O_circumflex.glif","O_dieresis.glif":"O_dieresis.glif","O_grave.glif":"O_grave.glif","O_slash.glif":"O_slash.glif","O_tilde.glif":"O_tilde.glif","P_.glif":"P_.glif","Q_.glif":"Q_.glif","R_.glif":"R_.glif","S_.glif":"S_.glif","T_.glif":"T_.glif","U_.glif":"U_.glif","U_acute.glif":"U_acute.glif","U_circumflex.glif":"U_circumflex.glif","U_dieresis.glif":"U_dieresis.glif","U_grave.glif":"U_grave.glif","V_.glif":"V_.glif","W_.glif":"W_.glif","X_.glif":"X_.glif","Y_.glif":"Y_.glif","Y_acute.glif":"Y_acute.glif","Y_dieresis.glif":"Y_dieresis.glif","Z_.glif":"Z_.glif","_extra1.glif":"_extra1.glif","_extra10.glif":"_extra10.glif","_extra11.glif":"_extra11.glif","_extra2.glif":"_extra2.glif","_extra3.glif":"_extra3.glif","_extra4.glif":"_extra4.glif","_extra5.glif":"_extra5.glif","_extra6.glif":"_extra6.glif","_extra7.glif":"_extra7.glif","_extra8.glif":"_extra8.glif","_extra9.glif":"_extra9.glif","_notdef.glif":"_notdef.glif","_null.glif":"_null.glif","a.glif":"a.glif","aacute.glif":"aacute.glif","acircumflex.glif":"acircumflex.glif","acute.glif":"acute.glif","adieresis.glif":"adieresis.glif","ae.glif":"ae.glif","agrave.glif":"agrave.glif","ampersand.glif":"ampersand.glif","aring.glif":"aring.glif","asciicircum.glif":"asciicircum.glif","asciitilde.glif":"asciitilde.glif","asterisk.glif":"asterisk.glif","at.glif":"at.glif","atilde.glif":"atilde.glif","b.glif":"b.glif","backslash.glif":"backslash.glif","bar.glif":"bar.glif","braceleft.glif":"braceleft.glif","braceright.glif":"braceright.glif","bracketleft.glif":"bracketleft.glif","bracketright.glif":"bracketright.glif","c.glif":"c.glif","ccedilla.glif":"ccedilla.glif","cedilla.glif":"cedilla.glif","cent.glif":"cent.glif","colon.glif":"colon.glif","comma.glif":"comma.glif","contents.plist":"contents.plist","copyright.glif":"copyright.glif","currency.glif":"currency.glif","d.glif":"d.glif","degree.glif":"degree.glif","dieresis.glif":"dieresis.glif","dollar.glif":"dollar.glif","e.glif":"e.glif","eacute.glif":"eacute.glif","ecircumflex.glif":"ecircumflex.glif","edieresis.glif":"edieresis.glif","egrave.glif":"egrave.glif","eight.glif":"eight.glif","emdash.glif":"emdash.glif","endash.glif":"endash.glif","equal.glif":"equal.glif","exclam.glif":"exclam.glif","exclamdown.glif":"exclamdown.glif","f.glif":"f.glif","five.glif":"five.glif","four.glif":"four.glif","g.glif":"g.glif","germandbls.glif":"germandbls.glif","glyph183.glif":"glyph183.glif","grave.glif":"grave.glif","greater.glif":"greater.glif","guillemotleft.glif":"guillemotleft.glif","guillemotright.glif":"guillemotright.glif","h.glif":"h.glif","hyphen.0.glif":"hyphen.0.glif","hyphen.glif":"hyphen.glif","i.glif":"i.glif","iacute.glif":"iacute.glif","icircumflex.glif":"icircumflex.glif","idieresis.glif":"idieresis.glif","igrave.glif":"igrave.glif","j.glif":"j.glif","k.glif":"k.glif","l.glif":"l.glif","less.glif":"less.glif","logicalnot.glif":"logicalnot.glif","m.glif":"m.glif","macron.glif":"macron.glif","mu.glif":"mu.glif","n.glif":"n.glif","nine.glif":"nine.glif","nonbreakingspace.glif":"nonbreakingspace.glif","nonmarkingreturn.glif":"nonmarkingreturn.glif","ntilde.glif":"ntilde.glif","numbersign.glif":"numbersign.glif","o.glif":"o.glif","oacute.glif":"oacute.glif","ocircumflex.glif":"ocircumflex.glif","odieresis.glif":"odieresis.glif","ograve.glif":"ograve.glif","one.glif":"one.glif","ordmasculine.glif":"ordmasculine.glif","oslash.glif":"oslash.glif","otilde.glif":"otilde.glif","p.glif":"p.glif","paragraph.glif":"paragraph.glif","parenleft.glif":"parenleft.glif","parenright.glif":"parenright.glif","percent.glif":"percent.glif","period.glif":"period.glif","plus.glif":"plus.glif","plusminus.glif":"plusminus.glif","q.glif":"q.glif","question.glif":"question.glif","questiondown.glif":"questiondown.glif","quotedbl.glif":"quotedbl.glif","quotedblleft.glif":"quotedblleft.glif","quotedblright.glif":"quotedblright.glif","quotesingle.glif":"quotesingle.glif","r.glif":"r.glif","registered.glif":"registered.glif","s.glif":"s.glif","section.glif":"section.glif","semicolon.glif":"semicolon.glif","seven.glif":"seven.glif","six.glif":"six.glif","slash.glif":"slash.glif","space.glif":"space.glif","sterling.glif":"sterling.glif","t.glif":"t.glif","three.glif":"three.glif","two.glif":"two.glif","u.glif":"u.glif","uacute.glif":"uacute.glif","ucircumflex.glif":"ucircumflex.glif","udieresis.glif":"udieresis.glif","ugrave.glif":"ugrave.glif","underscore.glif":"underscore.glif","v.glif":"v.glif","w.glif":"w.glif","x.glif":"x.glif","y.glif":"y.glif","yacute.glif":"yacute.glif","ydieresis.glif":"ydieresis.glif","yen.glif":"yen.glif","z.glif":"z.glif","zero.glif":"zero.glif"}},"Table":{"FFTM":{"entryLength":16,"tag":"FFTM","checksum":861094090,"offset":57376,"length":28},"GDEF":{"entryLength":16,"tag":"GDEF","checksum":18481156,"offset":57344,"length":32},"OS\/2":{"entryLength":16,"tag":"OS\/2","checksum":2245255662,"offset":376,"length":96},"cmap":{"entryLength":16,"tag":"cmap","checksum":1225187568,"offset":1420,"length":686},"cvt ":{"entryLength":16,"tag":"cvt ","checksum":1525824840,"offset":2256,"length":1256},"fpgm":{"entryLength":16,"tag":"fpgm","checksum":2201207375,"offset":2108,"length":20},"glyf":{"entryLength":16,"tag":"glyf","checksum":634757225,"offset":3988,"length":52252},"head":{"entryLength":16,"tag":"head","checksum":112598230,"offset":252,"length":54},"hhea":{"entryLength":16,"tag":"hhea","checksum":100860655,"offset":308,"length":36},"hmtx":{"entryLength":16,"tag":"hmtx","checksum":53280405,"offset":472,"length":946},"loca":{"entryLength":16,"tag":"loca","checksum":2460010640,"offset":3512,"length":476},"maxp":{"entryLength":16,"tag":"maxp","checksum":27722443,"offset":344,"length":32},"name":{"entryLength":16,"tag":"name","checksum":1811771936,"offset":56240,"length":594},"post":{"entryLength":16,"tag":"post","checksum":929642138,"offset":56836,"length":508},"prep":{"entryLength":16,"tag":"prep","checksum":82965699,"offset":2128,"length":127}},"UnicodeCharMap":{"32":3,"33":4,"34":5,"35":6,"36":7,"37":8,"38":9,"39":10,"40":11,"41":12,"42":13,"43":14,"44":15,"45":16,"46":17,"47":18,"48":19,"49":20,"50":21,"51":22,"52":23,"53":24,"54":25,"55":26,"56":27,"57":28,"58":29,"59":30,"60":31,"61":32,"62":33,"63":34,"64":35,"65":36,"66":37,"67":38,"68":39,"69":40,"70":41,"71":42,"72":43,"73":44,"74":45,"75":46,"76":47,"77":48,"78":49,"79":50,"80":51,"81":52,"82":53,"83":54,"84":55,"85":56,"86":57,"87":58,"88":59,"89":60,"90":61,"91":62,"92":63,"93":64,"94":65,"95":66,"96":67,"97":68,"98":69,"99":70,"100":71,"101":72,"102":73,"103":74,"104":75,"105":76,"106":77,"107":78,"108":79,"109":80,"110":81,"111":82,"112":83,"113":84,"114":85,"115":86,"116":87,"117":88,"118":89,"119":90,"120":91,"121":92,"122":93,"123":94,"124":95,"125":96,"126":97,"161":98,"162":99,"163":100,"164":101,"165":102,"167":103,"168":104,"169":105,"170":106,"171":107,"172":108,"174":109,"175":110,"176":111,"177":112,"180":113,"181":114,"182":115,"183":116,"184":117,"186":118,"187":119,"191":120,"192":121,"193":122,"194":123,"195":124,"196":125,"197":126,"198":127,"199":128,"200":129,"201":130,"202":131,"203":132,"204":133,"205":134,"206":135,"207":136,"208":137,"209":138,"210":139,"211":140,"212":141,"213":142,"214":143,"216":144,"217":145,"218":146,"219":147,"220":148,"221":149,"222":150,"223":151,"224":152,"225":153,"226":154,"227":155,"228":156,"229":157,"230":158,"231":159,"232":160,"233":161,"234":162,"235":163,"236":164,"237":165,"238":166,"239":167,"240":168,"241":169,"242":170,"243":171,"244":172,"245":173,"246":174,"247":175,"248":176,"249":177,"250":178,"251":179,"252":180,"253":181,"254":182,"255":183,"305":184,"321":185,"322":186,"338":187,"339":188,"352":189,"353":190,"376":191,"381":192,"382":193,"402":194,"710":195,"711":196,"713":110,"728":197,"729":198,"730":199,"731":200,"732":201,"733":202,"916":203,"937":204,"956":114,"960":205,"8208":16,"8211":206,"8212":207,"8216":208,"8217":209,"8218":210,"8220":211,"8221":212,"8222":213,"8224":214,"8225":215,"8226":216,"8230":217,"8240":218,"8249":219,"8250":220,"8260":221,"8482":222,"8486":204,"8706":223,"8710":203,"8719":224,"8721":225,"8729":116,"8730":226,"8734":227,"8747":228,"8776":229,"8800":230,"8804":231,"8805":232,"8946":229,"9674":233,"61440":234,"61441":235,"61442":236},"Reserves":{"fontname":"Atomic"},"Names":{"Atomic":{"name":"Atomic","longitude":null,"latitude":null,"country":"","region":"","city":""}},"Nodes":{"at":{"type":"typal","node":"at","usage":1,"weight":1},"ic":{"type":"typal","node":"ic","usage":1,"weight":1},"ato":{"type":"typal","node":"ato","usage":1,"weight":1},"mic":{"type":"typal","node":"mic","usage":1,"weight":1},"atom":{"type":"keys","node":"atom","usage":1,"weight":1},"omic":{"type":"keys","node":"omic","usage":1,"weight":1},"atomi":{"type":"keys","node":"atomi","usage":1,"weight":1},"tomic":{"type":"keys","node":"tomic","usage":1,"weight":1},"atomic":{"type":"fixes","node":"atomic","usage":1,"weight":1}},"Contributors":[],"FontIdentity":"714970d8c19438a7944c2674b3c4da55","Bytes":null,"Networking":[]}