{"CSS":{"Auto2-Light":"Auto2-Light.css"},"FontType":"TrueType","FontCopyright":null,"FontName":"Auto 2 Lt","FontSubfamily":"Light","FontSubfamilyID":"FontForge 2.0 : Auto2-Light : 15-10-2016","FontFullName":"Auto 2 Light","FontVersion":"Version 1.110;PS 001.110;hot ","FontWeight":null,"FontPostscriptName":"Auto2-Light","Files":{"auto2-light.afm":"auto2-light.afm","auto2-light.bin":"auto2-light.bin","auto2-light.cef":"auto2-light.cef","auto2-light.cff":"auto2-light.cff","auto2-light.cid":"auto2-light.cid","auto2-light.dfont":"auto2-light.dfont","auto2-light.eot":"auto2-light.eot","auto2-light.fon":"auto2-light.fon","auto2-light.gai":"auto2-light.gai","auto2-light.gsf":"auto2-light.gsf","auto2-light.hqx":"auto2-light.hqx","auto2-light.ik":"auto2-light.ik","auto2-light.mf":"auto2-light.mf","auto2-light.otf":"auto2-light.otf","auto2-light.pcf":"auto2-light.pcf","auto2-light.pf3":"auto2-light.pf3","auto2-light.pfa":"auto2-light.pfa","auto2-light.pfb":"auto2-light.pfb","auto2-light.php":"auto2-light.php","auto2-light.pmf":"auto2-light.pmf","auto2-light.pt3":"auto2-light.pt3","auto2-light.sfd":"auto2-light.sfd","auto2-light.svg":"auto2-light.svg","auto2-light.t42":"auto2-light.t42","auto2-light.ttd":"auto2-light.ttd","auto2-light.ttf":"auto2-light.ttf","auto2-light.ttg":"auto2-light.ttg","auto2-light.ufm":"auto2-light.ufm","auto2-light.woff":"auto2-light.woff","auto2-light.z":"auto2-light.z","":{"auto2-light.afm":"auto2-light.afm","auto2-light.bin":"auto2-light.bin","auto2-light.cef":"auto2-light.cef","auto2-light.cff":"auto2-light.cff","auto2-light.cid":"auto2-light.cid","auto2-light.dfont":"auto2-light.dfont","auto2-light.eot":"auto2-light.eot","auto2-light.fon":"auto2-light.fon","auto2-light.gai":"auto2-light.gai","auto2-light.gsf":"auto2-light.gsf","auto2-light.hqx":"auto2-light.hqx","auto2-light.ik":"auto2-light.ik","auto2-light.mf":"auto2-light.mf","auto2-light.otf":"auto2-light.otf","auto2-light.pcf":"auto2-light.pcf","auto2-light.pf3":"auto2-light.pf3","auto2-light.pfa":"auto2-light.pfa","auto2-light.pfb":"auto2-light.pfb","auto2-light.php":"auto2-light.php","auto2-light.pmf":"auto2-light.pmf","auto2-light.pt3":"auto2-light.pt3","auto2-light.sfd":"auto2-light.sfd","auto2-light.svg":"auto2-light.svg","auto2-light.t42":"auto2-light.t42","auto2-light.ttd":"auto2-light.ttd","auto2-light.ttf":"auto2-light.ttf","auto2-light.ttg":"auto2-light.ttg","auto2-light.ufm":"auto2-light.ufm","auto2-light.woff":"auto2-light.woff","auto2-light.z":"auto2-light.z"},"\/auto2-light.ufo":{"feature.fea":"feature.fea","fontinfo.plist":"fontinfo.plist","groups.plist":"groups.plist","kerning.plist":"kerning.plist","metainfo.plist":"metainfo.plist"},"\/auto2-light.ufo\/glyphs":{"A_.glif":"A_.glif","A_E_.glif":"A_E_.glif","A_acute.glif":"A_acute.glif","A_breve.glif":"A_breve.glif","A_circumflex.glif":"A_circumflex.glif","A_dieresis.glif":"A_dieresis.glif","A_grave.glif":"A_grave.glif","A_macron.glif":"A_macron.glif","A_ogonek.glif":"A_ogonek.glif","A_ring.glif":"A_ring.glif","A_tilde.glif":"A_tilde.glif","B_.glif":"B_.glif","C_.glif":"C_.glif","C_acute.glif":"C_acute.glif","C_caron.glif":"C_caron.glif","C_cedilla.glif":"C_cedilla.glif","C_circumflex.glif":"C_circumflex.glif","C_dotaccent.glif":"C_dotaccent.glif","D_.glif":"D_.glif","D_caron.glif":"D_caron.glif","D_croat.glif":"D_croat.glif","D_elta.glif":"D_elta.glif","E_.glif":"E_.glif","E_acute.glif":"E_acute.glif","E_breve.glif":"E_breve.glif","E_caron.glif":"E_caron.glif","E_circumflex.glif":"E_circumflex.glif","E_dieresis.glif":"E_dieresis.glif","E_dotaccent.glif":"E_dotaccent.glif","E_grave.glif":"E_grave.glif","E_macron.glif":"E_macron.glif","E_ogonek.glif":"E_ogonek.glif","E_th.glif":"E_th.glif","E_uro.glif":"E_uro.glif","F_.glif":"F_.glif","G_.glif":"G_.glif","G_breve.glif":"G_breve.glif","G_circumflex.glif":"G_circumflex.glif","G_commaaccent.glif":"G_commaaccent.glif","G_dotaccent.glif":"G_dotaccent.glif","H_.glif":"H_.glif","H_bar.glif":"H_bar.glif","H_circumflex.glif":"H_circumflex.glif","I_.glif":"I_.glif","I_J_.glif":"I_J_.glif","I_acute.glif":"I_acute.glif","I_circumflex.glif":"I_circumflex.glif","I_dieresis.glif":"I_dieresis.glif","I_dotaccent.glif":"I_dotaccent.glif","I_grave.glif":"I_grave.glif","I_macron.glif":"I_macron.glif","I_ogonek.glif":"I_ogonek.glif","I_tilde.glif":"I_tilde.glif","J_.glif":"J_.glif","J_circumflex.glif":"J_circumflex.glif","K_.glif":"K_.glif","K_commaaccent.glif":"K_commaaccent.glif","L_.glif":"L_.glif","L_acute.glif":"L_acute.glif","L_caron.glif":"L_caron.glif","L_commaaccent.glif":"L_commaaccent.glif","L_dot.glif":"L_dot.glif","L_slash.glif":"L_slash.glif","M_.glif":"M_.glif","N_.glif":"N_.glif","N_acute.glif":"N_acute.glif","N_caron.glif":"N_caron.glif","N_commaaccent.glif":"N_commaaccent.glif","N_tilde.glif":"N_tilde.glif","O_.glif":"O_.glif","O_E_.glif":"O_E_.glif","O_acute.glif":"O_acute.glif","O_breve.glif":"O_breve.glif","O_circumflex.glif":"O_circumflex.glif","O_dieresis.glif":"O_dieresis.glif","O_grave.glif":"O_grave.glif","O_hungarumlaut.glif":"O_hungarumlaut.glif","O_macron.glif":"O_macron.glif","O_mega.glif":"O_mega.glif","O_slash.glif":"O_slash.glif","O_tilde.glif":"O_tilde.glif","P_.glif":"P_.glif","Q_.glif":"Q_.glif","R_.glif":"R_.glif","R_acute.glif":"R_acute.glif","R_caron.glif":"R_caron.glif","R_commaaccent.glif":"R_commaaccent.glif","S_.glif":"S_.glif","S_acute.glif":"S_acute.glif","S_caron.glif":"S_caron.glif","S_cedilla.glif":"S_cedilla.glif","S_circumflex.glif":"S_circumflex.glif","S_commaaccent.glif":"S_commaaccent.glif","T_.glif":"T_.glif","T_bar.glif":"T_bar.glif","T_caron.glif":"T_caron.glif","T_commaaccent.glif":"T_commaaccent.glif","T_horn.glif":"T_horn.glif","U_.glif":"U_.glif","U_acute.glif":"U_acute.glif","U_breve.glif":"U_breve.glif","U_circumflex.glif":"U_circumflex.glif","U_dieresis.glif":"U_dieresis.glif","U_grave.glif":"U_grave.glif","U_hungarumlaut.glif":"U_hungarumlaut.glif","U_macron.glif":"U_macron.glif","U_ogonek.glif":"U_ogonek.glif","U_ring.glif":"U_ring.glif","U_tilde.glif":"U_tilde.glif","V_.glif":"V_.glif","W_.glif":"W_.glif","W_circumflex.glif":"W_circumflex.glif","X_.glif":"X_.glif","Y_.glif":"Y_.glif","Y_acute.glif":"Y_acute.glif","Y_circumflex.glif":"Y_circumflex.glif","Y_dieresis.glif":"Y_dieresis.glif","Z_.glif":"Z_.glif","Z_acute.glif":"Z_acute.glif","Z_caron.glif":"Z_caron.glif","Z_dotaccent.glif":"Z_dotaccent.glif","_notdef.glif":"_notdef.glif","_null.glif":"_null.glif","a.glif":"a.glif","aacute.glif":"aacute.glif","abreve.glif":"abreve.glif","acircumflex.glif":"acircumflex.glif","acute.cap.glif":"acute.cap.glif","acute.glif":"acute.glif","adieresis.glif":"adieresis.glif","ae.glif":"ae.glif","afii61289.glif":"afii61289.glif","agrave.glif":"agrave.glif","amacron.glif":"amacron.glif","ampersand.glif":"ampersand.glif","aogonek.glif":"aogonek.glif","apple.glif":"apple.glif","approxequal.glif":"approxequal.glif","aring.glif":"aring.glif","asciicircum.glif":"asciicircum.glif","asciitilde.glif":"asciitilde.glif","asterisk.glif":"asterisk.glif","at.glif":"at.glif","atilde.glif":"atilde.glif","b.glif":"b.glif","backslash.glif":"backslash.glif","bar.glif":"bar.glif","braceleft.glif":"braceleft.glif","braceright.glif":"braceright.glif","bracketleft.glif":"bracketleft.glif","bracketright.glif":"bracketright.glif","breve.cap.glif":"breve.cap.glif","breve.glif":"breve.glif","brokenbar.glif":"brokenbar.glif","bullet.glif":"bullet.glif","c.glif":"c.glif","cacute.glif":"cacute.glif","caron.alt.glif":"caron.alt.glif","caron.cap.glif":"caron.cap.glif","caron.glif":"caron.glif","ccaron.glif":"ccaron.glif","ccedilla.glif":"ccedilla.glif","ccircumflex.glif":"ccircumflex.glif","cdotaccent.glif":"cdotaccent.glif","cedilla.glif":"cedilla.glif","cent.glif":"cent.glif","circumflex.cap.glif":"circumflex.cap.glif","circumflex.glif":"circumflex.glif","colon.glif":"colon.glif","comma.glif":"comma.glif","commaaccent.alt.glif":"commaaccent.alt.glif","commaaccent.glif":"commaaccent.glif","contents.plist":"contents.plist","copyright.glif":"copyright.glif","currency.glif":"currency.glif","d.glif":"d.glif","dagger.glif":"dagger.glif","daggerdbl.glif":"daggerdbl.glif","dcaron.glif":"dcaron.glif","dcroat.glif":"dcroat.glif","degree.glif":"degree.glif","dieresis.cap.glif":"dieresis.cap.glif","dieresis.glif":"dieresis.glif","divide.glif":"divide.glif","dollar.glif":"dollar.glif","dotaccent.cap.glif":"dotaccent.cap.glif","dotaccent.glif":"dotaccent.glif","dotlessi.glif":"dotlessi.glif","dotlessj.glif":"dotlessj.glif","e.glif":"e.glif","eacute.glif":"eacute.glif","ebreve.glif":"ebreve.glif","ecaron.glif":"ecaron.glif","ecircumflex.glif":"ecircumflex.glif","edieresis.glif":"edieresis.glif","edotaccent.glif":"edotaccent.glif","egrave.glif":"egrave.glif","eight.glif":"eight.glif","ellipsis.glif":"ellipsis.glif","emacron.glif":"emacron.glif","emdash.glif":"emdash.glif","endash.glif":"endash.glif","eogonek.glif":"eogonek.glif","equal.glif":"equal.glif","estimated.glif":"estimated.glif","eth.glif":"eth.glif","exclam.glif":"exclam.glif","exclamdown.glif":"exclamdown.glif","f.glif":"f.glif","fi.glif":"fi.glif","five.glif":"five.glif","fl.glif":"fl.glif","florin.glif":"florin.glif","four.glif":"four.glif","fraction.glif":"fraction.glif","g.glif":"g.glif","gbreve.glif":"gbreve.glif","gcircumflex.glif":"gcircumflex.glif","gcommaaccent.glif":"gcommaaccent.glif","gdotaccent.glif":"gdotaccent.glif","germandbls.glif":"germandbls.glif","grave.cap.glif":"grave.cap.glif","grave.glif":"grave.glif","greater.glif":"greater.glif","greaterequal.glif":"greaterequal.glif","guillemotleft.glif":"guillemotleft.glif","guillemotright.glif":"guillemotright.glif","guilsinglleft.glif":"guilsinglleft.glif","guilsinglright.glif":"guilsinglright.glif","h.glif":"h.glif","hbar.glif":"hbar.glif","hcircumflex.glif":"hcircumflex.glif","hungarumlaut.cap.glif":"hungarumlaut.cap.glif","hungarumlaut.glif":"hungarumlaut.glif","hyphen.glif":"hyphen.glif","i.glif":"i.glif","iacute.glif":"iacute.glif","icircumflex.glif":"icircumflex.glif","idieresis.glif":"idieresis.glif","igrave.glif":"igrave.glif","ij.glif":"ij.glif","imacron.glif":"imacron.glif","infinity.glif":"infinity.glif","integral.glif":"integral.glif","iogonek.glif":"iogonek.glif","itilde.glif":"itilde.glif","j.glif":"j.glif","jcircumflex.glif":"jcircumflex.glif","k.glif":"k.glif","kcommaaccent.glif":"kcommaaccent.glif","l.glif":"l.glif","lacute.glif":"lacute.glif","lcaron.glif":"lcaron.glif","lcommaaccent.glif":"lcommaaccent.glif","ldot.glif":"ldot.glif","less.glif":"less.glif","lessequal.glif":"lessequal.glif","logicalnot.glif":"logicalnot.glif","lozenge.glif":"lozenge.glif","lslash.glif":"lslash.glif","m.glif":"m.glif","macron.cap.glif":"macron.cap.glif","macron.glif":"macron.glif","minus.glif":"minus.glif","mu.glif":"mu.glif","multiply.glif":"multiply.glif","n.glif":"n.glif","nacute.glif":"nacute.glif","napostrophe.glif":"napostrophe.glif","ncaron.glif":"ncaron.glif","ncommaaccent.glif":"ncommaaccent.glif","nine.glif":"nine.glif","nonmarkingreturn.glif":"nonmarkingreturn.glif","notequal.glif":"notequal.glif","ntilde.glif":"ntilde.glif","numbersign.glif":"numbersign.glif","o.glif":"o.glif","oacute.glif":"oacute.glif","obreve.glif":"obreve.glif","ocircumflex.glif":"ocircumflex.glif","odieresis.glif":"odieresis.glif","oe.glif":"oe.glif","ogonek.glif":"ogonek.glif","ograve.glif":"ograve.glif","ohungarumlaut.glif":"ohungarumlaut.glif","omacron.glif":"omacron.glif","one.glif":"one.glif","onehalf.glif":"onehalf.glif","onequarter.glif":"onequarter.glif","onesuperior.glif":"onesuperior.glif","ordfeminine.glif":"ordfeminine.glif","ordmasculine.glif":"ordmasculine.glif","oslash.glif":"oslash.glif","otilde.glif":"otilde.glif","p.glif":"p.glif","paragraph.glif":"paragraph.glif","parenleft.glif":"parenleft.glif","parenright.glif":"parenright.glif","partialdiff.glif":"partialdiff.glif","percent.glif":"percent.glif","period.glif":"period.glif","periodcentered.glif":"periodcentered.glif","perthousand.glif":"perthousand.glif","pi.glif":"pi.glif","plus.glif":"plus.glif","plusminus.glif":"plusminus.glif","product.glif":"product.glif","q.glif":"q.glif","question.glif":"question.glif","questiondown.glif":"questiondown.glif","quotedbl.glif":"quotedbl.glif","quotedblbase.glif":"quotedblbase.glif","quotedblleft.glif":"quotedblleft.glif","quotedblright.glif":"quotedblright.glif","quoteleft.glif":"quoteleft.glif","quoteright.glif":"quoteright.glif","quotesinglbase.glif":"quotesinglbase.glif","quotesingle.glif":"quotesingle.glif","r.glif":"r.glif","racute.glif":"racute.glif","radical.glif":"radical.glif","rcaron.glif":"rcaron.glif","rcommaaccent.glif":"rcommaaccent.glif","registered.glif":"registered.glif","ring.cap.glif":"ring.cap.glif","ring.glif":"ring.glif","s.glif":"s.glif","sacute.glif":"sacute.glif","scaron.glif":"scaron.glif","scedilla.glif":"scedilla.glif","scircumflex.glif":"scircumflex.glif","scommaaccent.glif":"scommaaccent.glif","section.glif":"section.glif","semicolon.glif":"semicolon.glif","seven.glif":"seven.glif","six.glif":"six.glif","slash.glif":"slash.glif","space.glif":"space.glif","sterling.glif":"sterling.glif","summation.glif":"summation.glif","t.glif":"t.glif","tbar.glif":"tbar.glif","tcaron.glif":"tcaron.glif","tcommaaccent.glif":"tcommaaccent.glif","thorn.glif":"thorn.glif","three.glif":"three.glif","threequarters.glif":"threequarters.glif","threesuperior.glif":"threesuperior.glif","tilde.cap.glif":"tilde.cap.glif","tilde.glif":"tilde.glif","trademark.glif":"trademark.glif","two.glif":"two.glif","twosuperior.glif":"twosuperior.glif","u.glif":"u.glif","uacute.glif":"uacute.glif","ubreve.glif":"ubreve.glif","ucircumflex.glif":"ucircumflex.glif","udieresis.glif":"udieresis.glif","ugrave.glif":"ugrave.glif","uhungarumlaut.glif":"uhungarumlaut.glif","umacron.glif":"umacron.glif","underscore.glif":"underscore.glif","uni00A_0.glif":"uni00A_0.glif","uni00A_D_.glif":"uni00A_D_.glif","uni021A_.glif":"uni021A_.glif","uni021B_.glif":"uni021B_.glif","uni02C_9.glif":"uni02C_9.glif","uni0394.glif":"uni0394.glif","uni03A_9.glif":"uni03A_9.glif","uni03B_C_.glif":"uni03B_C_.glif","uni2215.glif":"uni2215.glif","uni2219.glif":"uni2219.glif","uogonek.glif":"uogonek.glif","uring.glif":"uring.glif","utilde.glif":"utilde.glif","v.glif":"v.glif","w.glif":"w.glif","wcircumflex.glif":"wcircumflex.glif","x.glif":"x.glif","y.glif":"y.glif","yacute.glif":"yacute.glif","ycircumflex.glif":"ycircumflex.glif","ydieresis.glif":"ydieresis.glif","yen.glif":"yen.glif","z.glif":"z.glif","zacute.glif":"zacute.glif","zcaron.glif":"zcaron.glif","zdotaccent.glif":"zdotaccent.glif","zero.glif":"zero.glif"}},"Font":{"uploaded":1476520229.9866,"licence":"gpl3","company":"Chronolabs Cooperative","title":"Auto 2 Light","version":2.001,"date":"Sun Aug 28 07:49:28 2016","creator":"root","type":"1","matrix":"0.000244141 0 0 0.000244141 0 0","named":"Auto2-Light","painttype":"0","info":"10 dict dup","name":"Auto2-Light","family":"Auto 2 Lt","weight":"Light","fstype":"4","italicangle":"0","underlineposition":"","underlinethickness":""},"Table":{"FFTM":{"entryLength":16,"tag":"FFTM","checksum":1947116384,"offset":75972,"length":28},"GDEF":{"entryLength":16,"tag":"GDEF","checksum":28377092,"offset":75940,"length":32},"OS\/2":{"entryLength":16,"tag":"OS\/2","checksum":2695648813,"offset":344,"length":86},"cmap":{"entryLength":16,"tag":"cmap","checksum":2085870823,"offset":1984,"length":1352},"gasp":{"entryLength":16,"tag":"gasp","checksum":4294901763,"offset":75932,"length":8},"glyf":{"entryLength":16,"tag":"glyf","checksum":2502441412,"offset":4116,"length":69296},"head":{"entryLength":16,"tag":"head","checksum":400402222,"offset":220,"length":54},"hhea":{"entryLength":16,"tag":"hhea","checksum":559418696,"offset":276,"length":36},"hmtx":{"entryLength":16,"tag":"hmtx","checksum":3141087781,"offset":432,"length":1552},"loca":{"entryLength":16,"tag":"loca","checksum":478402572,"offset":3336,"length":778},"maxp":{"entryLength":16,"tag":"maxp","checksum":30212341,"offset":312,"length":32},"name":{"entryLength":16,"tag":"name","checksum":2938456444,"offset":73412,"length":483},"post":{"entryLength":16,"tag":"post","checksum":3084892422,"offset":73896,"length":2034}},"UnicodeCharMap":{"0":1,"13":2,"32":3,"33":4,"34":5,"35":6,"36":7,"37":8,"38":9,"39":10,"40":11,"41":12,"42":13,"43":14,"44":15,"45":16,"46":17,"47":18,"48":19,"49":20,"50":21,"51":22,"52":23,"53":24,"54":25,"55":26,"56":27,"57":28,"58":29,"59":30,"60":31,"61":32,"62":33,"63":34,"64":35,"65":36,"66":37,"67":38,"68":39,"69":40,"70":41,"71":42,"72":43,"73":44,"74":45,"75":46,"76":47,"77":48,"78":49,"79":50,"80":51,"81":52,"82":53,"83":54,"84":55,"85":56,"86":57,"87":58,"88":59,"89":60,"90":61,"91":62,"92":63,"93":64,"94":65,"95":66,"96":67,"97":68,"98":69,"99":70,"100":71,"101":72,"102":73,"103":74,"104":75,"105":76,"106":77,"107":78,"108":79,"109":80,"110":81,"111":82,"112":83,"113":84,"114":85,"115":86,"116":87,"117":88,"118":89,"119":90,"120":91,"121":92,"122":93,"123":94,"124":95,"125":96,"126":97,"160":98,"161":99,"162":100,"163":101,"164":102,"165":103,"166":104,"167":105,"168":106,"169":107,"170":108,"171":109,"172":110,"173":111,"174":112,"175":113,"176":114,"177":115,"178":116,"179":117,"180":118,"182":120,"183":121,"184":122,"185":123,"186":124,"187":125,"188":126,"189":127,"190":128,"191":129,"192":130,"193":131,"194":132,"195":133,"196":134,"197":135,"198":136,"199":137,"200":138,"201":139,"202":140,"203":141,"204":142,"205":143,"206":144,"207":145,"208":146,"209":147,"210":148,"211":149,"212":150,"213":151,"214":152,"215":153,"216":154,"217":155,"218":156,"219":157,"220":158,"221":159,"222":160,"223":161,"224":162,"225":163,"226":164,"227":165,"228":166,"229":167,"230":168,"231":169,"232":170,"233":171,"234":172,"235":173,"236":174,"237":175,"238":176,"239":177,"240":178,"241":179,"242":180,"243":181,"244":182,"245":183,"246":184,"247":185,"248":186,"249":187,"250":188,"251":189,"252":190,"253":191,"254":192,"255":193,"256":194,"257":256,"258":195,"259":257,"260":196,"261":258,"262":197,"263":259,"264":198,"265":260,"266":200,"267":262,"268":199,"269":261,"270":201,"271":263,"272":202,"273":264,"274":204,"275":266,"276":205,"277":267,"278":206,"279":268,"280":207,"281":269,"282":203,"283":265,"284":208,"285":270,"286":209,"287":271,"288":210,"289":272,"290":211,"291":273,"292":212,"293":274,"294":213,"295":275,"296":214,"297":277,"298":215,"299":278,"302":217,"303":279,"304":216,"305":276,"306":319,"307":322,"308":218,"309":281,"310":219,"311":282,"313":220,"314":283,"315":222,"316":285,"317":221,"318":284,"319":224,"320":287,"321":223,"322":286,"323":225,"324":288,"325":227,"326":290,"327":226,"328":289,"329":291,"332":228,"333":292,"334":229,"335":293,"336":230,"337":294,"338":231,"339":295,"340":232,"341":296,"342":234,"343":297,"344":233,"345":298,"346":235,"347":299,"348":236,"349":300,"350":238,"351":302,"352":237,"353":301,"354":241,"355":305,"356":240,"357":304,"358":243,"359":307,"360":244,"361":308,"362":245,"363":309,"364":246,"365":310,"366":247,"367":311,"368":248,"369":312,"370":249,"371":313,"372":250,"373":314,"374":251,"375":315,"376":252,"377":253,"378":316,"379":255,"380":318,"381":254,"382":317,"402":363,"536":239,"537":303,"538":242,"539":306,"567":280,"710":325,"711":327,"713":334,"728":335,"729":341,"730":337,"731":343,"732":330,"733":339,"916":373,"937":375,"956":376,"960":377,"8211":355,"8212":356,"8216":347,"8217":348,"8218":351,"8220":349,"8221":350,"8222":352,"8224":359,"8225":360,"8226":357,"8230":346,"8240":366,"8249":353,"8250":354,"8260":364,"8364":362,"8467":378,"8482":361,"8494":379,"8706":381,"8719":385,"8721":384,"8722":367,"8725":365,"8729":358,"8730":383,"8734":380,"8747":382,"8776":369,"8800":368,"8804":370,"8805":371,"9674":386,"64257":320,"64258":321},"Reserves":null,"Names":[],"Nodes":{"au":{"type":"typal","node":"au","usage":1,"weight":1},"to":{"type":"typal","node":"to","usage":1,"weight":1},"aut":{"type":"typal","node":"aut","usage":1,"weight":1},"uto":{"type":"typal","node":"uto","usage":1,"weight":1},"auto":{"type":"fixes","node":"auto","usage":1,"weight":1},"2":{"type":"fixes","node":2,"usage":1,"weight":1},"lt":{"type":"fixes","node":"lt","usage":1,"weight":1}},"Contributors":[],"FontIdentity":"728e7f847e7da2987e4d31eeb28f4ebe","Bytes":6395711,"Networking":[],"barcode":"8kwmwgiqu6ciq","referee":"qiyoy8"}