{"CSS":{"Zapf Humanist 601 Demi Italic":"Zapf+Humanist+601+Demi+Italic.css","Zapf Humanist 6 0 1 Demi Italic":"fbb01f76cdce1c6b1836563e36259200.css"},"FontType":"TrueType","FontCopyright":"Copyright 1990-1999 as an unpublished work by Bitstream Inc.  All rights reserved.  Confidential.","FontName":"Zapf Humanist 601","FontSubfamily":"DemiItalic","FontSubfamilyID":"FontForge 2.0 : Zapf Humanist 601 Demi Italic : 27-5-2016","FontFullName":"Zapf Humanist 6 0 1 Demi Italic","FontVersion":"Version 003.001 ","FontWeight":null,"FontPostscriptName":"ZapfHumanist601BT-DemiItalic","Files":{"\/Zapf Humanist 601 Demi Italic.css":"\/Zapf Humanist 601 Demi Italic.css","\/font-resource.json":"\/font-resource.json","\/zapfhumanist601bt-demiitalic.afm":"\/zapfhumanist601bt-demiitalic.afm","\/zapfhumanist601bt-demiitalic.bin":"\/zapfhumanist601bt-demiitalic.bin","\/zapfhumanist601bt-demiitalic.cef":"\/zapfhumanist601bt-demiitalic.cef","\/zapfhumanist601bt-demiitalic.cff":"\/zapfhumanist601bt-demiitalic.cff","\/zapfhumanist601bt-demiitalic.dfont":"\/zapfhumanist601bt-demiitalic.dfont","\/zapfhumanist601bt-demiitalic.eot":"\/zapfhumanist601bt-demiitalic.eot","\/zapfhumanist601bt-demiitalic.fon":"\/zapfhumanist601bt-demiitalic.fon","\/zapfhumanist601bt-demiitalic.gai":"\/zapfhumanist601bt-demiitalic.gai","\/zapfhumanist601bt-demiitalic.gsf":"\/zapfhumanist601bt-demiitalic.gsf","\/zapfhumanist601bt-demiitalic.hqx":"\/zapfhumanist601bt-demiitalic.hqx","\/zapfhumanist601bt-demiitalic.ik":"\/zapfhumanist601bt-demiitalic.ik","\/zapfhumanist601bt-demiitalic.mf":"\/zapfhumanist601bt-demiitalic.mf","\/zapfhumanist601bt-demiitalic.otf":"\/zapfhumanist601bt-demiitalic.otf","\/zapfhumanist601bt-demiitalic.pcf":"\/zapfhumanist601bt-demiitalic.pcf","\/zapfhumanist601bt-demiitalic.pf3":"\/zapfhumanist601bt-demiitalic.pf3","\/zapfhumanist601bt-demiitalic.pfa":"\/zapfhumanist601bt-demiitalic.pfa","\/zapfhumanist601bt-demiitalic.pfb":"\/zapfhumanist601bt-demiitalic.pfb","\/zapfhumanist601bt-demiitalic.php":"\/zapfhumanist601bt-demiitalic.php","\/zapfhumanist601bt-demiitalic.pmf":"\/zapfhumanist601bt-demiitalic.pmf","\/zapfhumanist601bt-demiitalic.pt3":"\/zapfhumanist601bt-demiitalic.pt3","\/zapfhumanist601bt-demiitalic.sfd":"\/zapfhumanist601bt-demiitalic.sfd","\/zapfhumanist601bt-demiitalic.svg":"\/zapfhumanist601bt-demiitalic.svg","\/zapfhumanist601bt-demiitalic.t42":"\/zapfhumanist601bt-demiitalic.t42","\/zapfhumanist601bt-demiitalic.ttd":"\/zapfhumanist601bt-demiitalic.ttd","\/zapfhumanist601bt-demiitalic.ttf":"\/zapfhumanist601bt-demiitalic.ttf","\/zapfhumanist601bt-demiitalic.ttg":"\/zapfhumanist601bt-demiitalic.ttg","\/zapfhumanist601bt-demiitalic.ufm":"\/zapfhumanist601bt-demiitalic.ufm","\/zapfhumanist601bt-demiitalic.woff":"\/zapfhumanist601bt-demiitalic.woff","\/zapfhumanist601bt-demiitalic.z":"\/zapfhumanist601bt-demiitalic.z","\/zapfhumanist601bt-demiitalic.ufo\/feature.fea":"\/zapfhumanist601bt-demiitalic.ufo\/feature.fea","\/zapfhumanist601bt-demiitalic.ufo\/fontinfo.plist":"\/zapfhumanist601bt-demiitalic.ufo\/fontinfo.plist","\/zapfhumanist601bt-demiitalic.ufo\/groups.plist":"\/zapfhumanist601bt-demiitalic.ufo\/groups.plist","\/zapfhumanist601bt-demiitalic.ufo\/kerning.plist":"\/zapfhumanist601bt-demiitalic.ufo\/kerning.plist","\/zapfhumanist601bt-demiitalic.ufo\/metainfo.plist":"\/zapfhumanist601bt-demiitalic.ufo\/metainfo.plist","\/zapfhumanist601bt-demiitalic.ufo\/glyphs\/A_.glif":"\/zapfhumanist601bt-demiitalic.ufo\/glyphs\/A_.glif","\/zapfhumanist601bt-demiitalic.ufo\/glyphs\/A_E_.glif":"\/zapfhumanist601bt-demiitalic.ufo\/glyphs\/A_E_.glif","\/zapfhumanist601bt-demiitalic.ufo\/glyphs\/A_acute.glif":"\/zapfhumanist601bt-demiitalic.ufo\/glyphs\/A_acute.glif","\/zapfhumanist601bt-demiitalic.ufo\/glyphs\/A_circumflex.glif":"\/zapfhumanist601bt-demiitalic.ufo\/glyphs\/A_circumflex.glif","\/zapfhumanist601bt-demiitalic.ufo\/glyphs\/A_dieresis.glif":"\/zapfhumanist601bt-demiitalic.ufo\/glyphs\/A_dieresis.glif","\/zapfhumanist601bt-demiitalic.ufo\/glyphs\/A_grave.glif":"\/zapfhumanist601bt-demiitalic.ufo\/glyphs\/A_grave.glif","\/zapfhumanist601bt-demiitalic.ufo\/glyphs\/A_ring.glif":"\/zapfhumanist601bt-demiitalic.ufo\/glyphs\/A_ring.glif","\/zapfhumanist601bt-demiitalic.ufo\/glyphs\/A_tilde.glif":"\/zapfhumanist601bt-demiitalic.ufo\/glyphs\/A_tilde.glif","\/zapfhumanist601bt-demiitalic.ufo\/glyphs\/B_.glif":"\/zapfhumanist601bt-demiitalic.ufo\/glyphs\/B_.glif","\/zapfhumanist601bt-demiitalic.ufo\/glyphs\/C_.glif":"\/zapfhumanist601bt-demiitalic.ufo\/glyphs\/C_.glif","\/zapfhumanist601bt-demiitalic.ufo\/glyphs\/C_cedilla.glif":"\/zapfhumanist601bt-demiitalic.ufo\/glyphs\/C_cedilla.glif","\/zapfhumanist601bt-demiitalic.ufo\/glyphs\/D_.glif":"\/zapfhumanist601bt-demiitalic.ufo\/glyphs\/D_.glif","\/zapfhumanist601bt-demiitalic.ufo\/glyphs\/E_.glif":"\/zapfhumanist601bt-demiitalic.ufo\/glyphs\/E_.glif","\/zapfhumanist601bt-demiitalic.ufo\/glyphs\/E_acute.glif":"\/zapfhumanist601bt-demiitalic.ufo\/glyphs\/E_acute.glif","\/zapfhumanist601bt-demiitalic.ufo\/glyphs\/E_circumflex.glif":"\/zapfhumanist601bt-demiitalic.ufo\/glyphs\/E_circumflex.glif","\/zapfhumanist601bt-demiitalic.ufo\/glyphs\/E_dieresis.glif":"\/zapfhumanist601bt-demiitalic.ufo\/glyphs\/E_dieresis.glif","\/zapfhumanist601bt-demiitalic.ufo\/glyphs\/E_grave.glif":"\/zapfhumanist601bt-demiitalic.ufo\/glyphs\/E_grave.glif","\/zapfhumanist601bt-demiitalic.ufo\/glyphs\/E_th.glif":"\/zapfhumanist601bt-demiitalic.ufo\/glyphs\/E_th.glif","\/zapfhumanist601bt-demiitalic.ufo\/glyphs\/E_uro.glif":"\/zapfhumanist601bt-demiitalic.ufo\/glyphs\/E_uro.glif","\/zapfhumanist601bt-demiitalic.ufo\/glyphs\/F_.glif":"\/zapfhumanist601bt-demiitalic.ufo\/glyphs\/F_.glif","\/zapfhumanist601bt-demiitalic.ufo\/glyphs\/G_.glif":"\/zapfhumanist601bt-demiitalic.ufo\/glyphs\/G_.glif","\/zapfhumanist601bt-demiitalic.ufo\/glyphs\/H_.glif":"\/zapfhumanist601bt-demiitalic.ufo\/glyphs\/H_.glif","\/zapfhumanist601bt-demiitalic.ufo\/glyphs\/I_.glif":"\/zapfhumanist601bt-demiitalic.ufo\/glyphs\/I_.glif","\/zapfhumanist601bt-demiitalic.ufo\/glyphs\/I_acute.glif":"\/zapfhumanist601bt-demiitalic.ufo\/glyphs\/I_acute.glif","\/zapfhumanist601bt-demiitalic.ufo\/glyphs\/I_circumflex.glif":"\/zapfhumanist601bt-demiitalic.ufo\/glyphs\/I_circumflex.glif","\/zapfhumanist601bt-demiitalic.ufo\/glyphs\/I_dieresis.glif":"\/zapfhumanist601bt-demiitalic.ufo\/glyphs\/I_dieresis.glif","\/zapfhumanist601bt-demiitalic.ufo\/glyphs\/I_grave.glif":"\/zapfhumanist601bt-demiitalic.ufo\/glyphs\/I_grave.glif","\/zapfhumanist601bt-demiitalic.ufo\/glyphs\/J_.glif":"\/zapfhumanist601bt-demiitalic.ufo\/glyphs\/J_.glif","\/zapfhumanist601bt-demiitalic.ufo\/glyphs\/K_.glif":"\/zapfhumanist601bt-demiitalic.ufo\/glyphs\/K_.glif","\/zapfhumanist601bt-demiitalic.ufo\/glyphs\/L_.glif":"\/zapfhumanist601bt-demiitalic.ufo\/glyphs\/L_.glif","\/zapfhumanist601bt-demiitalic.ufo\/glyphs\/L_slash.glif":"\/zapfhumanist601bt-demiitalic.ufo\/glyphs\/L_slash.glif","\/zapfhumanist601bt-demiitalic.ufo\/glyphs\/M_.glif":"\/zapfhumanist601bt-demiitalic.ufo\/glyphs\/M_.glif","\/zapfhumanist601bt-demiitalic.ufo\/glyphs\/N_.glif":"\/zapfhumanist601bt-demiitalic.ufo\/glyphs\/N_.glif","\/zapfhumanist601bt-demiitalic.ufo\/glyphs\/N_tilde.glif":"\/zapfhumanist601bt-demiitalic.ufo\/glyphs\/N_tilde.glif","\/zapfhumanist601bt-demiitalic.ufo\/glyphs\/O_.glif":"\/zapfhumanist601bt-demiitalic.ufo\/glyphs\/O_.glif","\/zapfhumanist601bt-demiitalic.ufo\/glyphs\/O_E_.glif":"\/zapfhumanist601bt-demiitalic.ufo\/glyphs\/O_E_.glif","\/zapfhumanist601bt-demiitalic.ufo\/glyphs\/O_acute.glif":"\/zapfhumanist601bt-demiitalic.ufo\/glyphs\/O_acute.glif","\/zapfhumanist601bt-demiitalic.ufo\/glyphs\/O_circumflex.glif":"\/zapfhumanist601bt-demiitalic.ufo\/glyphs\/O_circumflex.glif","\/zapfhumanist601bt-demiitalic.ufo\/glyphs\/O_dieresis.glif":"\/zapfhumanist601bt-demiitalic.ufo\/glyphs\/O_dieresis.glif","\/zapfhumanist601bt-demiitalic.ufo\/glyphs\/O_grave.glif":"\/zapfhumanist601bt-demiitalic.ufo\/glyphs\/O_grave.glif","\/zapfhumanist601bt-demiitalic.ufo\/glyphs\/O_slash.glif":"\/zapfhumanist601bt-demiitalic.ufo\/glyphs\/O_slash.glif","\/zapfhumanist601bt-demiitalic.ufo\/glyphs\/O_tilde.glif":"\/zapfhumanist601bt-demiitalic.ufo\/glyphs\/O_tilde.glif","\/zapfhumanist601bt-demiitalic.ufo\/glyphs\/P_.glif":"\/zapfhumanist601bt-demiitalic.ufo\/glyphs\/P_.glif","\/zapfhumanist601bt-demiitalic.ufo\/glyphs\/Q_.glif":"\/zapfhumanist601bt-demiitalic.ufo\/glyphs\/Q_.glif","\/zapfhumanist601bt-demiitalic.ufo\/glyphs\/R_.glif":"\/zapfhumanist601bt-demiitalic.ufo\/glyphs\/R_.glif","\/zapfhumanist601bt-demiitalic.ufo\/glyphs\/S_.glif":"\/zapfhumanist601bt-demiitalic.ufo\/glyphs\/S_.glif","\/zapfhumanist601bt-demiitalic.ufo\/glyphs\/S_caron.glif":"\/zapfhumanist601bt-demiitalic.ufo\/glyphs\/S_caron.glif","\/zapfhumanist601bt-demiitalic.ufo\/glyphs\/T_.glif":"\/zapfhumanist601bt-demiitalic.ufo\/glyphs\/T_.glif","\/zapfhumanist601bt-demiitalic.ufo\/glyphs\/T_horn.glif":"\/zapfhumanist601bt-demiitalic.ufo\/glyphs\/T_horn.glif","\/zapfhumanist601bt-demiitalic.ufo\/glyphs\/U_.glif":"\/zapfhumanist601bt-demiitalic.ufo\/glyphs\/U_.glif","\/zapfhumanist601bt-demiitalic.ufo\/glyphs\/U_acute.glif":"\/zapfhumanist601bt-demiitalic.ufo\/glyphs\/U_acute.glif","\/zapfhumanist601bt-demiitalic.ufo\/glyphs\/U_circumflex.glif":"\/zapfhumanist601bt-demiitalic.ufo\/glyphs\/U_circumflex.glif","\/zapfhumanist601bt-demiitalic.ufo\/glyphs\/U_dieresis.glif":"\/zapfhumanist601bt-demiitalic.ufo\/glyphs\/U_dieresis.glif","\/zapfhumanist601bt-demiitalic.ufo\/glyphs\/U_grave.glif":"\/zapfhumanist601bt-demiitalic.ufo\/glyphs\/U_grave.glif","\/zapfhumanist601bt-demiitalic.ufo\/glyphs\/V_.glif":"\/zapfhumanist601bt-demiitalic.ufo\/glyphs\/V_.glif","\/zapfhumanist601bt-demiitalic.ufo\/glyphs\/W_.glif":"\/zapfhumanist601bt-demiitalic.ufo\/glyphs\/W_.glif","\/zapfhumanist601bt-demiitalic.ufo\/glyphs\/X_.glif":"\/zapfhumanist601bt-demiitalic.ufo\/glyphs\/X_.glif","\/zapfhumanist601bt-demiitalic.ufo\/glyphs\/Y_.glif":"\/zapfhumanist601bt-demiitalic.ufo\/glyphs\/Y_.glif","\/zapfhumanist601bt-demiitalic.ufo\/glyphs\/Y_acute.glif":"\/zapfhumanist601bt-demiitalic.ufo\/glyphs\/Y_acute.glif","\/zapfhumanist601bt-demiitalic.ufo\/glyphs\/Y_dieresis.glif":"\/zapfhumanist601bt-demiitalic.ufo\/glyphs\/Y_dieresis.glif","\/zapfhumanist601bt-demiitalic.ufo\/glyphs\/Z_.glif":"\/zapfhumanist601bt-demiitalic.ufo\/glyphs\/Z_.glif","\/zapfhumanist601bt-demiitalic.ufo\/glyphs\/Z_caron.glif":"\/zapfhumanist601bt-demiitalic.ufo\/glyphs\/Z_caron.glif","\/zapfhumanist601bt-demiitalic.ufo\/glyphs\/_notdef.glif":"\/zapfhumanist601bt-demiitalic.ufo\/glyphs\/_notdef.glif","\/zapfhumanist601bt-demiitalic.ufo\/glyphs\/a.glif":"\/zapfhumanist601bt-demiitalic.ufo\/glyphs\/a.glif","\/zapfhumanist601bt-demiitalic.ufo\/glyphs\/aacute.glif":"\/zapfhumanist601bt-demiitalic.ufo\/glyphs\/aacute.glif","\/zapfhumanist601bt-demiitalic.ufo\/glyphs\/acircumflex.glif":"\/zapfhumanist601bt-demiitalic.ufo\/glyphs\/acircumflex.glif","\/zapfhumanist601bt-demiitalic.ufo\/glyphs\/acute.glif":"\/zapfhumanist601bt-demiitalic.ufo\/glyphs\/acute.glif","\/zapfhumanist601bt-demiitalic.ufo\/glyphs\/adieresis.glif":"\/zapfhumanist601bt-demiitalic.ufo\/glyphs\/adieresis.glif","\/zapfhumanist601bt-demiitalic.ufo\/glyphs\/ae.glif":"\/zapfhumanist601bt-demiitalic.ufo\/glyphs\/ae.glif","\/zapfhumanist601bt-demiitalic.ufo\/glyphs\/agrave.glif":"\/zapfhumanist601bt-demiitalic.ufo\/glyphs\/agrave.glif","\/zapfhumanist601bt-demiitalic.ufo\/glyphs\/ampersand.glif":"\/zapfhumanist601bt-demiitalic.ufo\/glyphs\/ampersand.glif","\/zapfhumanist601bt-demiitalic.ufo\/glyphs\/aring.glif":"\/zapfhumanist601bt-demiitalic.ufo\/glyphs\/aring.glif","\/zapfhumanist601bt-demiitalic.ufo\/glyphs\/asciicircum.glif":"\/zapfhumanist601bt-demiitalic.ufo\/glyphs\/asciicircum.glif","\/zapfhumanist601bt-demiitalic.ufo\/glyphs\/asciitilde.glif":"\/zapfhumanist601bt-demiitalic.ufo\/glyphs\/asciitilde.glif","\/zapfhumanist601bt-demiitalic.ufo\/glyphs\/asterisk.glif":"\/zapfhumanist601bt-demiitalic.ufo\/glyphs\/asterisk.glif","\/zapfhumanist601bt-demiitalic.ufo\/glyphs\/at.glif":"\/zapfhumanist601bt-demiitalic.ufo\/glyphs\/at.glif","\/zapfhumanist601bt-demiitalic.ufo\/glyphs\/atilde.glif":"\/zapfhumanist601bt-demiitalic.ufo\/glyphs\/atilde.glif","\/zapfhumanist601bt-demiitalic.ufo\/glyphs\/b.glif":"\/zapfhumanist601bt-demiitalic.ufo\/glyphs\/b.glif","\/zapfhumanist601bt-demiitalic.ufo\/glyphs\/backslash.glif":"\/zapfhumanist601bt-demiitalic.ufo\/glyphs\/backslash.glif","\/zapfhumanist601bt-demiitalic.ufo\/glyphs\/bar.glif":"\/zapfhumanist601bt-demiitalic.ufo\/glyphs\/bar.glif","\/zapfhumanist601bt-demiitalic.ufo\/glyphs\/braceleft.glif":"\/zapfhumanist601bt-demiitalic.ufo\/glyphs\/braceleft.glif","\/zapfhumanist601bt-demiitalic.ufo\/glyphs\/braceright.glif":"\/zapfhumanist601bt-demiitalic.ufo\/glyphs\/braceright.glif","\/zapfhumanist601bt-demiitalic.ufo\/glyphs\/bracketleft.glif":"\/zapfhumanist601bt-demiitalic.ufo\/glyphs\/bracketleft.glif","\/zapfhumanist601bt-demiitalic.ufo\/glyphs\/bracketright.glif":"\/zapfhumanist601bt-demiitalic.ufo\/glyphs\/bracketright.glif","\/zapfhumanist601bt-demiitalic.ufo\/glyphs\/breve.glif":"\/zapfhumanist601bt-demiitalic.ufo\/glyphs\/breve.glif","\/zapfhumanist601bt-demiitalic.ufo\/glyphs\/brokenbar.glif":"\/zapfhumanist601bt-demiitalic.ufo\/glyphs\/brokenbar.glif","\/zapfhumanist601bt-demiitalic.ufo\/glyphs\/bullet.glif":"\/zapfhumanist601bt-demiitalic.ufo\/glyphs\/bullet.glif","\/zapfhumanist601bt-demiitalic.ufo\/glyphs\/c.glif":"\/zapfhumanist601bt-demiitalic.ufo\/glyphs\/c.glif","\/zapfhumanist601bt-demiitalic.ufo\/glyphs\/caron.glif":"\/zapfhumanist601bt-demiitalic.ufo\/glyphs\/caron.glif","\/zapfhumanist601bt-demiitalic.ufo\/glyphs\/ccedilla.glif":"\/zapfhumanist601bt-demiitalic.ufo\/glyphs\/ccedilla.glif","\/zapfhumanist601bt-demiitalic.ufo\/glyphs\/cedilla.glif":"\/zapfhumanist601bt-demiitalic.ufo\/glyphs\/cedilla.glif","\/zapfhumanist601bt-demiitalic.ufo\/glyphs\/cent.glif":"\/zapfhumanist601bt-demiitalic.ufo\/glyphs\/cent.glif","\/zapfhumanist601bt-demiitalic.ufo\/glyphs\/circumflex.glif":"\/zapfhumanist601bt-demiitalic.ufo\/glyphs\/circumflex.glif","\/zapfhumanist601bt-demiitalic.ufo\/glyphs\/colon.glif":"\/zapfhumanist601bt-demiitalic.ufo\/glyphs\/colon.glif","\/zapfhumanist601bt-demiitalic.ufo\/glyphs\/comma.glif":"\/zapfhumanist601bt-demiitalic.ufo\/glyphs\/comma.glif","\/zapfhumanist601bt-demiitalic.ufo\/glyphs\/contents.plist":"\/zapfhumanist601bt-demiitalic.ufo\/glyphs\/contents.plist","\/zapfhumanist601bt-demiitalic.ufo\/glyphs\/copyright.glif":"\/zapfhumanist601bt-demiitalic.ufo\/glyphs\/copyright.glif","\/zapfhumanist601bt-demiitalic.ufo\/glyphs\/currency.glif":"\/zapfhumanist601bt-demiitalic.ufo\/glyphs\/currency.glif","\/zapfhumanist601bt-demiitalic.ufo\/glyphs\/d.glif":"\/zapfhumanist601bt-demiitalic.ufo\/glyphs\/d.glif","\/zapfhumanist601bt-demiitalic.ufo\/glyphs\/dagger.glif":"\/zapfhumanist601bt-demiitalic.ufo\/glyphs\/dagger.glif","\/zapfhumanist601bt-demiitalic.ufo\/glyphs\/daggerdbl.glif":"\/zapfhumanist601bt-demiitalic.ufo\/glyphs\/daggerdbl.glif","\/zapfhumanist601bt-demiitalic.ufo\/glyphs\/degree.glif":"\/zapfhumanist601bt-demiitalic.ufo\/glyphs\/degree.glif","\/zapfhumanist601bt-demiitalic.ufo\/glyphs\/dieresis.glif":"\/zapfhumanist601bt-demiitalic.ufo\/glyphs\/dieresis.glif","\/zapfhumanist601bt-demiitalic.ufo\/glyphs\/divide.glif":"\/zapfhumanist601bt-demiitalic.ufo\/glyphs\/divide.glif","\/zapfhumanist601bt-demiitalic.ufo\/glyphs\/dollar.glif":"\/zapfhumanist601bt-demiitalic.ufo\/glyphs\/dollar.glif","\/zapfhumanist601bt-demiitalic.ufo\/glyphs\/dotaccent.glif":"\/zapfhumanist601bt-demiitalic.ufo\/glyphs\/dotaccent.glif","\/zapfhumanist601bt-demiitalic.ufo\/glyphs\/dotlessi.glif":"\/zapfhumanist601bt-demiitalic.ufo\/glyphs\/dotlessi.glif","\/zapfhumanist601bt-demiitalic.ufo\/glyphs\/e.glif":"\/zapfhumanist601bt-demiitalic.ufo\/glyphs\/e.glif","\/zapfhumanist601bt-demiitalic.ufo\/glyphs\/eacute.glif":"\/zapfhumanist601bt-demiitalic.ufo\/glyphs\/eacute.glif","\/zapfhumanist601bt-demiitalic.ufo\/glyphs\/ecircumflex.glif":"\/zapfhumanist601bt-demiitalic.ufo\/glyphs\/ecircumflex.glif","\/zapfhumanist601bt-demiitalic.ufo\/glyphs\/edieresis.glif":"\/zapfhumanist601bt-demiitalic.ufo\/glyphs\/edieresis.glif","\/zapfhumanist601bt-demiitalic.ufo\/glyphs\/egrave.glif":"\/zapfhumanist601bt-demiitalic.ufo\/glyphs\/egrave.glif","\/zapfhumanist601bt-demiitalic.ufo\/glyphs\/eight.glif":"\/zapfhumanist601bt-demiitalic.ufo\/glyphs\/eight.glif","\/zapfhumanist601bt-demiitalic.ufo\/glyphs\/ellipsis.glif":"\/zapfhumanist601bt-demiitalic.ufo\/glyphs\/ellipsis.glif","\/zapfhumanist601bt-demiitalic.ufo\/glyphs\/emdash.glif":"\/zapfhumanist601bt-demiitalic.ufo\/glyphs\/emdash.glif","\/zapfhumanist601bt-demiitalic.ufo\/glyphs\/endash.glif":"\/zapfhumanist601bt-demiitalic.ufo\/glyphs\/endash.glif","\/zapfhumanist601bt-demiitalic.ufo\/glyphs\/equal.glif":"\/zapfhumanist601bt-demiitalic.ufo\/glyphs\/equal.glif","\/zapfhumanist601bt-demiitalic.ufo\/glyphs\/eth.glif":"\/zapfhumanist601bt-demiitalic.ufo\/glyphs\/eth.glif","\/zapfhumanist601bt-demiitalic.ufo\/glyphs\/exclam.glif":"\/zapfhumanist601bt-demiitalic.ufo\/glyphs\/exclam.glif","\/zapfhumanist601bt-demiitalic.ufo\/glyphs\/exclamdown.glif":"\/zapfhumanist601bt-demiitalic.ufo\/glyphs\/exclamdown.glif","\/zapfhumanist601bt-demiitalic.ufo\/glyphs\/f.glif":"\/zapfhumanist601bt-demiitalic.ufo\/glyphs\/f.glif","\/zapfhumanist601bt-demiitalic.ufo\/glyphs\/fi.glif":"\/zapfhumanist601bt-demiitalic.ufo\/glyphs\/fi.glif","\/zapfhumanist601bt-demiitalic.ufo\/glyphs\/five.glif":"\/zapfhumanist601bt-demiitalic.ufo\/glyphs\/five.glif","\/zapfhumanist601bt-demiitalic.ufo\/glyphs\/fl.glif":"\/zapfhumanist601bt-demiitalic.ufo\/glyphs\/fl.glif","\/zapfhumanist601bt-demiitalic.ufo\/glyphs\/florin.glif":"\/zapfhumanist601bt-demiitalic.ufo\/glyphs\/florin.glif","\/zapfhumanist601bt-demiitalic.ufo\/glyphs\/four.glif":"\/zapfhumanist601bt-demiitalic.ufo\/glyphs\/four.glif","\/zapfhumanist601bt-demiitalic.ufo\/glyphs\/fraction.glif":"\/zapfhumanist601bt-demiitalic.ufo\/glyphs\/fraction.glif","\/zapfhumanist601bt-demiitalic.ufo\/glyphs\/g.glif":"\/zapfhumanist601bt-demiitalic.ufo\/glyphs\/g.glif","\/zapfhumanist601bt-demiitalic.ufo\/glyphs\/germandbls.glif":"\/zapfhumanist601bt-demiitalic.ufo\/glyphs\/germandbls.glif","\/zapfhumanist601bt-demiitalic.ufo\/glyphs\/grave.glif":"\/zapfhumanist601bt-demiitalic.ufo\/glyphs\/grave.glif","\/zapfhumanist601bt-demiitalic.ufo\/glyphs\/greater.glif":"\/zapfhumanist601bt-demiitalic.ufo\/glyphs\/greater.glif","\/zapfhumanist601bt-demiitalic.ufo\/glyphs\/guillemotleft.glif":"\/zapfhumanist601bt-demiitalic.ufo\/glyphs\/guillemotleft.glif","\/zapfhumanist601bt-demiitalic.ufo\/glyphs\/guillemotright.glif":"\/zapfhumanist601bt-demiitalic.ufo\/glyphs\/guillemotright.glif","\/zapfhumanist601bt-demiitalic.ufo\/glyphs\/guilsinglleft.glif":"\/zapfhumanist601bt-demiitalic.ufo\/glyphs\/guilsinglleft.glif","\/zapfhumanist601bt-demiitalic.ufo\/glyphs\/guilsinglright.glif":"\/zapfhumanist601bt-demiitalic.ufo\/glyphs\/guilsinglright.glif","\/zapfhumanist601bt-demiitalic.ufo\/glyphs\/h.glif":"\/zapfhumanist601bt-demiitalic.ufo\/glyphs\/h.glif","\/zapfhumanist601bt-demiitalic.ufo\/glyphs\/hungarumlaut.glif":"\/zapfhumanist601bt-demiitalic.ufo\/glyphs\/hungarumlaut.glif","\/zapfhumanist601bt-demiitalic.ufo\/glyphs\/hyphen.glif":"\/zapfhumanist601bt-demiitalic.ufo\/glyphs\/hyphen.glif","\/zapfhumanist601bt-demiitalic.ufo\/glyphs\/i.glif":"\/zapfhumanist601bt-demiitalic.ufo\/glyphs\/i.glif","\/zapfhumanist601bt-demiitalic.ufo\/glyphs\/iacute.glif":"\/zapfhumanist601bt-demiitalic.ufo\/glyphs\/iacute.glif","\/zapfhumanist601bt-demiitalic.ufo\/glyphs\/icircumflex.glif":"\/zapfhumanist601bt-demiitalic.ufo\/glyphs\/icircumflex.glif","\/zapfhumanist601bt-demiitalic.ufo\/glyphs\/idieresis.glif":"\/zapfhumanist601bt-demiitalic.ufo\/glyphs\/idieresis.glif","\/zapfhumanist601bt-demiitalic.ufo\/glyphs\/igrave.glif":"\/zapfhumanist601bt-demiitalic.ufo\/glyphs\/igrave.glif","\/zapfhumanist601bt-demiitalic.ufo\/glyphs\/j.glif":"\/zapfhumanist601bt-demiitalic.ufo\/glyphs\/j.glif","\/zapfhumanist601bt-demiitalic.ufo\/glyphs\/k.glif":"\/zapfhumanist601bt-demiitalic.ufo\/glyphs\/k.glif","\/zapfhumanist601bt-demiitalic.ufo\/glyphs\/l.glif":"\/zapfhumanist601bt-demiitalic.ufo\/glyphs\/l.glif","\/zapfhumanist601bt-demiitalic.ufo\/glyphs\/less.glif":"\/zapfhumanist601bt-demiitalic.ufo\/glyphs\/less.glif","\/zapfhumanist601bt-demiitalic.ufo\/glyphs\/logicalnot.glif":"\/zapfhumanist601bt-demiitalic.ufo\/glyphs\/logicalnot.glif","\/zapfhumanist601bt-demiitalic.ufo\/glyphs\/lslash.glif":"\/zapfhumanist601bt-demiitalic.ufo\/glyphs\/lslash.glif","\/zapfhumanist601bt-demiitalic.ufo\/glyphs\/m.glif":"\/zapfhumanist601bt-demiitalic.ufo\/glyphs\/m.glif","\/zapfhumanist601bt-demiitalic.ufo\/glyphs\/macron.glif":"\/zapfhumanist601bt-demiitalic.ufo\/glyphs\/macron.glif","\/zapfhumanist601bt-demiitalic.ufo\/glyphs\/minus.glif":"\/zapfhumanist601bt-demiitalic.ufo\/glyphs\/minus.glif","\/zapfhumanist601bt-demiitalic.ufo\/glyphs\/mu.glif":"\/zapfhumanist601bt-demiitalic.ufo\/glyphs\/mu.glif","\/zapfhumanist601bt-demiitalic.ufo\/glyphs\/multiply.glif":"\/zapfhumanist601bt-demiitalic.ufo\/glyphs\/multiply.glif","\/zapfhumanist601bt-demiitalic.ufo\/glyphs\/n.glif":"\/zapfhumanist601bt-demiitalic.ufo\/glyphs\/n.glif","\/zapfhumanist601bt-demiitalic.ufo\/glyphs\/nine.glif":"\/zapfhumanist601bt-demiitalic.ufo\/glyphs\/nine.glif","\/zapfhumanist601bt-demiitalic.ufo\/glyphs\/ntilde.glif":"\/zapfhumanist601bt-demiitalic.ufo\/glyphs\/ntilde.glif","\/zapfhumanist601bt-demiitalic.ufo\/glyphs\/numbersign.glif":"\/zapfhumanist601bt-demiitalic.ufo\/glyphs\/numbersign.glif","\/zapfhumanist601bt-demiitalic.ufo\/glyphs\/o.glif":"\/zapfhumanist601bt-demiitalic.ufo\/glyphs\/o.glif","\/zapfhumanist601bt-demiitalic.ufo\/glyphs\/oacute.glif":"\/zapfhumanist601bt-demiitalic.ufo\/glyphs\/oacute.glif","\/zapfhumanist601bt-demiitalic.ufo\/glyphs\/ocircumflex.glif":"\/zapfhumanist601bt-demiitalic.ufo\/glyphs\/ocircumflex.glif","\/zapfhumanist601bt-demiitalic.ufo\/glyphs\/odieresis.glif":"\/zapfhumanist601bt-demiitalic.ufo\/glyphs\/odieresis.glif","\/zapfhumanist601bt-demiitalic.ufo\/glyphs\/oe.glif":"\/zapfhumanist601bt-demiitalic.ufo\/glyphs\/oe.glif","\/zapfhumanist601bt-demiitalic.ufo\/glyphs\/ogonek.glif":"\/zapfhumanist601bt-demiitalic.ufo\/glyphs\/ogonek.glif","\/zapfhumanist601bt-demiitalic.ufo\/glyphs\/ograve.glif":"\/zapfhumanist601bt-demiitalic.ufo\/glyphs\/ograve.glif","\/zapfhumanist601bt-demiitalic.ufo\/glyphs\/one.glif":"\/zapfhumanist601bt-demiitalic.ufo\/glyphs\/one.glif","\/zapfhumanist601bt-demiitalic.ufo\/glyphs\/onehalf.glif":"\/zapfhumanist601bt-demiitalic.ufo\/glyphs\/onehalf.glif","\/zapfhumanist601bt-demiitalic.ufo\/glyphs\/onequarter.glif":"\/zapfhumanist601bt-demiitalic.ufo\/glyphs\/onequarter.glif","\/zapfhumanist601bt-demiitalic.ufo\/glyphs\/onesuperior.glif":"\/zapfhumanist601bt-demiitalic.ufo\/glyphs\/onesuperior.glif","\/zapfhumanist601bt-demiitalic.ufo\/glyphs\/ordfeminine.glif":"\/zapfhumanist601bt-demiitalic.ufo\/glyphs\/ordfeminine.glif","\/zapfhumanist601bt-demiitalic.ufo\/glyphs\/ordmasculine.glif":"\/zapfhumanist601bt-demiitalic.ufo\/glyphs\/ordmasculine.glif","\/zapfhumanist601bt-demiitalic.ufo\/glyphs\/oslash.glif":"\/zapfhumanist601bt-demiitalic.ufo\/glyphs\/oslash.glif","\/zapfhumanist601bt-demiitalic.ufo\/glyphs\/otilde.glif":"\/zapfhumanist601bt-demiitalic.ufo\/glyphs\/otilde.glif","\/zapfhumanist601bt-demiitalic.ufo\/glyphs\/p.glif":"\/zapfhumanist601bt-demiitalic.ufo\/glyphs\/p.glif","\/zapfhumanist601bt-demiitalic.ufo\/glyphs\/paragraph.glif":"\/zapfhumanist601bt-demiitalic.ufo\/glyphs\/paragraph.glif","\/zapfhumanist601bt-demiitalic.ufo\/glyphs\/parenleft.glif":"\/zapfhumanist601bt-demiitalic.ufo\/glyphs\/parenleft.glif","\/zapfhumanist601bt-demiitalic.ufo\/glyphs\/parenright.glif":"\/zapfhumanist601bt-demiitalic.ufo\/glyphs\/parenright.glif","\/zapfhumanist601bt-demiitalic.ufo\/glyphs\/percent.glif":"\/zapfhumanist601bt-demiitalic.ufo\/glyphs\/percent.glif","\/zapfhumanist601bt-demiitalic.ufo\/glyphs\/period.glif":"\/zapfhumanist601bt-demiitalic.ufo\/glyphs\/period.glif","\/zapfhumanist601bt-demiitalic.ufo\/glyphs\/periodcentered.glif":"\/zapfhumanist601bt-demiitalic.ufo\/glyphs\/periodcentered.glif","\/zapfhumanist601bt-demiitalic.ufo\/glyphs\/perthousand.glif":"\/zapfhumanist601bt-demiitalic.ufo\/glyphs\/perthousand.glif","\/zapfhumanist601bt-demiitalic.ufo\/glyphs\/plus.glif":"\/zapfhumanist601bt-demiitalic.ufo\/glyphs\/plus.glif","\/zapfhumanist601bt-demiitalic.ufo\/glyphs\/plusminus.glif":"\/zapfhumanist601bt-demiitalic.ufo\/glyphs\/plusminus.glif","\/zapfhumanist601bt-demiitalic.ufo\/glyphs\/q.glif":"\/zapfhumanist601bt-demiitalic.ufo\/glyphs\/q.glif","\/zapfhumanist601bt-demiitalic.ufo\/glyphs\/question.glif":"\/zapfhumanist601bt-demiitalic.ufo\/glyphs\/question.glif","\/zapfhumanist601bt-demiitalic.ufo\/glyphs\/questiondown.glif":"\/zapfhumanist601bt-demiitalic.ufo\/glyphs\/questiondown.glif","\/zapfhumanist601bt-demiitalic.ufo\/glyphs\/quotedbl.glif":"\/zapfhumanist601bt-demiitalic.ufo\/glyphs\/quotedbl.glif","\/zapfhumanist601bt-demiitalic.ufo\/glyphs\/quotedblbase.glif":"\/zapfhumanist601bt-demiitalic.ufo\/glyphs\/quotedblbase.glif","\/zapfhumanist601bt-demiitalic.ufo\/glyphs\/quotedblleft.glif":"\/zapfhumanist601bt-demiitalic.ufo\/glyphs\/quotedblleft.glif","\/zapfhumanist601bt-demiitalic.ufo\/glyphs\/quotedblright.glif":"\/zapfhumanist601bt-demiitalic.ufo\/glyphs\/quotedblright.glif","\/zapfhumanist601bt-demiitalic.ufo\/glyphs\/quoteleft.glif":"\/zapfhumanist601bt-demiitalic.ufo\/glyphs\/quoteleft.glif","\/zapfhumanist601bt-demiitalic.ufo\/glyphs\/quoteright.glif":"\/zapfhumanist601bt-demiitalic.ufo\/glyphs\/quoteright.glif","\/zapfhumanist601bt-demiitalic.ufo\/glyphs\/quotesinglbase.glif":"\/zapfhumanist601bt-demiitalic.ufo\/glyphs\/quotesinglbase.glif","\/zapfhumanist601bt-demiitalic.ufo\/glyphs\/quotesingle.glif":"\/zapfhumanist601bt-demiitalic.ufo\/glyphs\/quotesingle.glif","\/zapfhumanist601bt-demiitalic.ufo\/glyphs\/r.glif":"\/zapfhumanist601bt-demiitalic.ufo\/glyphs\/r.glif","\/zapfhumanist601bt-demiitalic.ufo\/glyphs\/registered.glif":"\/zapfhumanist601bt-demiitalic.ufo\/glyphs\/registered.glif","\/zapfhumanist601bt-demiitalic.ufo\/glyphs\/ring.glif":"\/zapfhumanist601bt-demiitalic.ufo\/glyphs\/ring.glif","\/zapfhumanist601bt-demiitalic.ufo\/glyphs\/s.glif":"\/zapfhumanist601bt-demiitalic.ufo\/glyphs\/s.glif","\/zapfhumanist601bt-demiitalic.ufo\/glyphs\/scaron.glif":"\/zapfhumanist601bt-demiitalic.ufo\/glyphs\/scaron.glif","\/zapfhumanist601bt-demiitalic.ufo\/glyphs\/section.glif":"\/zapfhumanist601bt-demiitalic.ufo\/glyphs\/section.glif","\/zapfhumanist601bt-demiitalic.ufo\/glyphs\/semicolon.glif":"\/zapfhumanist601bt-demiitalic.ufo\/glyphs\/semicolon.glif","\/zapfhumanist601bt-demiitalic.ufo\/glyphs\/seven.glif":"\/zapfhumanist601bt-demiitalic.ufo\/glyphs\/seven.glif","\/zapfhumanist601bt-demiitalic.ufo\/glyphs\/six.glif":"\/zapfhumanist601bt-demiitalic.ufo\/glyphs\/six.glif","\/zapfhumanist601bt-demiitalic.ufo\/glyphs\/slash.glif":"\/zapfhumanist601bt-demiitalic.ufo\/glyphs\/slash.glif","\/zapfhumanist601bt-demiitalic.ufo\/glyphs\/space.glif":"\/zapfhumanist601bt-demiitalic.ufo\/glyphs\/space.glif","\/zapfhumanist601bt-demiitalic.ufo\/glyphs\/sterling.glif":"\/zapfhumanist601bt-demiitalic.ufo\/glyphs\/sterling.glif","\/zapfhumanist601bt-demiitalic.ufo\/glyphs\/t.glif":"\/zapfhumanist601bt-demiitalic.ufo\/glyphs\/t.glif","\/zapfhumanist601bt-demiitalic.ufo\/glyphs\/thorn.glif":"\/zapfhumanist601bt-demiitalic.ufo\/glyphs\/thorn.glif","\/zapfhumanist601bt-demiitalic.ufo\/glyphs\/three.glif":"\/zapfhumanist601bt-demiitalic.ufo\/glyphs\/three.glif","\/zapfhumanist601bt-demiitalic.ufo\/glyphs\/threequarters.glif":"\/zapfhumanist601bt-demiitalic.ufo\/glyphs\/threequarters.glif","\/zapfhumanist601bt-demiitalic.ufo\/glyphs\/threesuperior.glif":"\/zapfhumanist601bt-demiitalic.ufo\/glyphs\/threesuperior.glif","\/zapfhumanist601bt-demiitalic.ufo\/glyphs\/tilde.glif":"\/zapfhumanist601bt-demiitalic.ufo\/glyphs\/tilde.glif","\/zapfhumanist601bt-demiitalic.ufo\/glyphs\/trademark.glif":"\/zapfhumanist601bt-demiitalic.ufo\/glyphs\/trademark.glif","\/zapfhumanist601bt-demiitalic.ufo\/glyphs\/two.glif":"\/zapfhumanist601bt-demiitalic.ufo\/glyphs\/two.glif","\/zapfhumanist601bt-demiitalic.ufo\/glyphs\/twosuperior.glif":"\/zapfhumanist601bt-demiitalic.ufo\/glyphs\/twosuperior.glif","\/zapfhumanist601bt-demiitalic.ufo\/glyphs\/u.glif":"\/zapfhumanist601bt-demiitalic.ufo\/glyphs\/u.glif","\/zapfhumanist601bt-demiitalic.ufo\/glyphs\/uacute.glif":"\/zapfhumanist601bt-demiitalic.ufo\/glyphs\/uacute.glif","\/zapfhumanist601bt-demiitalic.ufo\/glyphs\/ucircumflex.glif":"\/zapfhumanist601bt-demiitalic.ufo\/glyphs\/ucircumflex.glif","\/zapfhumanist601bt-demiitalic.ufo\/glyphs\/udieresis.glif":"\/zapfhumanist601bt-demiitalic.ufo\/glyphs\/udieresis.glif","\/zapfhumanist601bt-demiitalic.ufo\/glyphs\/ugrave.glif":"\/zapfhumanist601bt-demiitalic.ufo\/glyphs\/ugrave.glif","\/zapfhumanist601bt-demiitalic.ufo\/glyphs\/underscore.glif":"\/zapfhumanist601bt-demiitalic.ufo\/glyphs\/underscore.glif","\/zapfhumanist601bt-demiitalic.ufo\/glyphs\/v.glif":"\/zapfhumanist601bt-demiitalic.ufo\/glyphs\/v.glif","\/zapfhumanist601bt-demiitalic.ufo\/glyphs\/w.glif":"\/zapfhumanist601bt-demiitalic.ufo\/glyphs\/w.glif","\/zapfhumanist601bt-demiitalic.ufo\/glyphs\/x.glif":"\/zapfhumanist601bt-demiitalic.ufo\/glyphs\/x.glif","\/zapfhumanist601bt-demiitalic.ufo\/glyphs\/y.glif":"\/zapfhumanist601bt-demiitalic.ufo\/glyphs\/y.glif","\/zapfhumanist601bt-demiitalic.ufo\/glyphs\/yacute.glif":"\/zapfhumanist601bt-demiitalic.ufo\/glyphs\/yacute.glif","\/zapfhumanist601bt-demiitalic.ufo\/glyphs\/ydieresis.glif":"\/zapfhumanist601bt-demiitalic.ufo\/glyphs\/ydieresis.glif","\/zapfhumanist601bt-demiitalic.ufo\/glyphs\/yen.glif":"\/zapfhumanist601bt-demiitalic.ufo\/glyphs\/yen.glif","\/zapfhumanist601bt-demiitalic.ufo\/glyphs\/z.glif":"\/zapfhumanist601bt-demiitalic.ufo\/glyphs\/z.glif","\/zapfhumanist601bt-demiitalic.ufo\/glyphs\/zcaron.glif":"\/zapfhumanist601bt-demiitalic.ufo\/glyphs\/zcaron.glif","\/zapfhumanist601bt-demiitalic.ufo\/glyphs\/zero.glif":"\/zapfhumanist601bt-demiitalic.ufo\/glyphs\/zero.glif"},"Font":{"uploaded":1465978190.4317,"licence":"gpl3","title":"Zapf Humanist 6 0 1 BT Demi Italic","version":4.002,"date":"Fri May 27 23:06:51 2016","creator":"root","type":"1","matrix":"0.001 0 0 0.001 0 0","named":"ZapfHumanist601BT-DemiItalic","painttype":"0","info":"10 dict dup","name":"Zapf Humanist 601 Demi Italic","family":"Zapf Humanist 601","weight":"Demibold","fstype":"0","italicangle":"-11.5","underlineposition":"","underlinethickness":""},"Licences":{"":false},"Table":{"FFTM":{"entryLength":16,"tag":"FFTM","checksum":1931055270,"offset":28488,"length":28},"GDEF":{"entryLength":16,"tag":"GDEF","checksum":18153478,"offset":28456,"length":32},"OS\/2":{"entryLength":16,"tag":"OS\/2","checksum":1481514038,"offset":344,"length":86},"cmap":{"entryLength":16,"tag":"cmap","checksum":3239798485,"offset":1360,"length":570},"gasp":{"entryLength":16,"tag":"gasp","checksum":4294901763,"offset":28448,"length":8},"glyf":{"entryLength":16,"tag":"glyf","checksum":1720717084,"offset":2400,"length":24584},"head":{"entryLength":16,"tag":"head","checksum":159265292,"offset":220,"length":54},"hhea":{"entryLength":16,"tag":"hhea","checksum":129106903,"offset":276,"length":36},"hmtx":{"entryLength":16,"tag":"hmtx","checksum":3792312161,"offset":432,"length":928},"loca":{"entryLength":16,"tag":"loca","checksum":1769361830,"offset":1932,"length":466},"maxp":{"entryLength":16,"tag":"maxp","checksum":19988566,"offset":312,"length":32},"name":{"entryLength":16,"tag":"name","checksum":1608628134,"offset":26984,"length":957},"post":{"entryLength":16,"tag":"post","checksum":2908105103,"offset":27944,"length":503}},"UnicodeCharMap":{"32":3,"33":4,"34":5,"35":6,"36":7,"37":8,"38":9,"39":10,"40":11,"41":12,"42":13,"43":14,"44":15,"45":16,"46":17,"47":18,"48":19,"49":20,"50":21,"51":22,"52":23,"53":24,"54":25,"55":26,"56":27,"57":28,"58":29,"59":30,"60":31,"61":32,"62":33,"63":34,"64":35,"65":36,"66":37,"67":38,"68":39,"69":40,"70":41,"71":42,"72":43,"73":44,"74":45,"75":46,"76":47,"77":48,"78":49,"79":50,"80":51,"81":52,"82":53,"83":54,"84":55,"85":56,"86":57,"87":58,"88":59,"89":60,"90":61,"91":62,"92":63,"93":64,"94":65,"95":66,"96":67,"97":68,"98":69,"99":70,"100":71,"101":72,"102":73,"103":74,"104":75,"105":76,"106":77,"107":78,"108":79,"109":80,"110":81,"111":82,"112":83,"113":84,"114":85,"115":86,"116":87,"117":88,"118":89,"119":90,"120":91,"121":92,"122":93,"123":94,"124":95,"125":96,"126":97,"161":98,"162":99,"163":100,"164":101,"165":102,"166":103,"167":104,"168":105,"169":106,"170":107,"171":108,"172":109,"174":110,"175":111,"176":112,"177":113,"178":114,"179":115,"180":116,"182":118,"183":119,"184":120,"185":121,"186":122,"187":123,"188":124,"189":125,"190":126,"191":127,"192":128,"193":129,"194":130,"195":131,"196":132,"197":133,"198":134,"199":135,"200":136,"201":137,"202":138,"203":139,"204":140,"205":141,"206":142,"207":143,"208":144,"209":145,"210":146,"211":147,"212":148,"213":149,"214":150,"215":151,"216":152,"217":153,"218":154,"219":155,"220":156,"221":157,"222":158,"223":159,"224":160,"225":161,"226":162,"227":163,"228":164,"229":165,"230":166,"231":167,"232":168,"233":169,"234":170,"235":171,"236":172,"237":173,"238":174,"239":175,"240":176,"241":177,"242":178,"243":179,"244":180,"245":181,"246":182,"247":183,"248":184,"249":185,"250":186,"251":187,"252":188,"253":189,"254":190,"255":191,"305":221,"321":219,"322":222,"338":220,"339":223,"352":225,"353":229,"376":226,"381":227,"382":231,"402":195,"710":210,"711":217,"728":212,"729":213,"730":214,"731":216,"732":211,"733":215,"956":117,"8211":201,"8212":218,"8216":193,"8217":192,"8218":205,"8220":196,"8221":207,"8222":206,"8224":202,"8225":203,"8226":204,"8230":208,"8240":209,"8249":197,"8250":198,"8260":194,"8364":224,"8482":230,"8722":228,"64257":199,"64258":200},"Reserves":{"fontname":"Zapf Humanist 6 0 1 Demi Italic"},"Names":{"Zapf Humanist 6 0 1 Demi Italic":{"name":"Zapf Humanist 6 0 1 Demi Italic","longitude":"0.00000001","latitude":"0.00000001","country":"","region":"","city":""}},"Nodes":{"za":{"type":"typal","node":"za","usage":1,"weight":1},"pf":{"type":"typal","node":"pf","usage":1,"weight":1},"hu":{"type":"typal","node":"hu","usage":1,"weight":1},"st":{"type":"typal","node":"st","usage":1,"weight":1},"de":{"type":"typal","node":"de","usage":1,"weight":1},"mi":{"type":"typal","node":"mi","usage":1,"weight":1},"it":{"type":"typal","node":"it","usage":1,"weight":1},"ic":{"type":"typal","node":"ic","usage":1,"weight":1},"zap":{"type":"typal","node":"zap","usage":1,"weight":1},"apf":{"type":"typal","node":"apf","usage":1,"weight":1},"hum":{"type":"typal","node":"hum","usage":1,"weight":1},"ist":{"type":"typal","node":"ist","usage":1,"weight":1},"dem":{"type":"typal","node":"dem","usage":1,"weight":1},"emi":{"type":"typal","node":"emi","usage":1,"weight":1},"ita":{"type":"typal","node":"ita","usage":1,"weight":1},"lic":{"type":"typal","node":"lic","usage":1,"weight":1},"huma":{"type":"keys","node":"huma","usage":1,"weight":1},"nist":{"type":"keys","node":"nist","usage":1,"weight":1},"ital":{"type":"keys","node":"ital","usage":1,"weight":1},"alic":{"type":"keys","node":"alic","usage":1,"weight":1},"human":{"type":"keys","node":"human","usage":1,"weight":1},"anist":{"type":"keys","node":"anist","usage":1,"weight":1},"itali":{"type":"keys","node":"itali","usage":1,"weight":1},"talic":{"type":"keys","node":"talic","usage":1,"weight":1},"zapf":{"type":"fixes","node":"zapf","usage":1,"weight":1},"humanist":{"type":"fixes","node":"humanist","usage":1,"weight":1},"6":{"type":"fixes","node":6,"usage":1,"weight":1},"1":{"type":"fixes","node":1,"usage":1,"weight":1},"demi":{"type":"fixes","node":"demi","usage":1,"weight":1},"italic":{"type":"fixes","node":"italic","usage":1,"weight":1}},"Contributors":[],"FontIdentity":"fbb01f76cdce1c6b1836563e36259200","Bytes":null,"Networking":[]}