{"CSS":{"Optima nova LT Regular":"wagovau:33bfa0546b1e0459272dd0ef.css"},"FontType":"TrueType","FontCopyright":"Optima nova is a Trademark of Heidelberger Druckmaschinen AG which may be registered in certain jurisdictions, exclusively licensed through Linotype Library GmbH, a wholly owned subsidiary of Heidelberger Druckmaschinen AG.","FontName":"Optima nova LT","FontSubfamily":"Regular","FontSubfamilyID":"FontForge 2.0 : Optima nova LT Regular : 12-8-2016","FontFullName":"Optima nova LT Regular","FontVersion":"Version 001.000 ","FontWeight":null,"FontPostscriptName":"OptimaNovaLT-Regular","Files":{"\/Optima nova LT Regular.css":"\/Optima nova LT Regular.css","\/font-resource.json":"\/font-resource.json","\/optimanovalt-regular.afm":"\/optimanovalt-regular.afm","\/optimanovalt-regular.cef":"\/optimanovalt-regular.cef","\/optimanovalt-regular.cff":"\/optimanovalt-regular.cff","\/optimanovalt-regular.eot":"\/optimanovalt-regular.eot","\/optimanovalt-regular.gai":"\/optimanovalt-regular.gai","\/optimanovalt-regular.gsf":"\/optimanovalt-regular.gsf","\/optimanovalt-regular.otf":"\/optimanovalt-regular.otf","\/optimanovalt-regular.pf3":"\/optimanovalt-regular.pf3","\/optimanovalt-regular.pfa":"\/optimanovalt-regular.pfa","\/optimanovalt-regular.pfb":"\/optimanovalt-regular.pfb","\/optimanovalt-regular.php":"\/optimanovalt-regular.php","\/optimanovalt-regular.pt3":"\/optimanovalt-regular.pt3","\/optimanovalt-regular.sfd":"\/optimanovalt-regular.sfd","\/optimanovalt-regular.svg":"\/optimanovalt-regular.svg","\/optimanovalt-regular.t42":"\/optimanovalt-regular.t42","\/optimanovalt-regular.ttd":"\/optimanovalt-regular.ttd","\/optimanovalt-regular.ttf":"\/optimanovalt-regular.ttf","\/optimanovalt-regular.ttg":"\/optimanovalt-regular.ttg","\/optimanovalt-regular.ufm":"\/optimanovalt-regular.ufm","\/optimanovalt-regular.woff":"\/optimanovalt-regular.woff","\/optimanovalt-regular.z":"\/optimanovalt-regular.z","\/wagovau:33bfa0546b1e0459272dd0ef.css":"\/wagovau:33bfa0546b1e0459272dd0ef.css","\/optimanovalt-regular.ufo\/feature.fea":"\/optimanovalt-regular.ufo\/feature.fea","\/optimanovalt-regular.ufo\/fontinfo.plist":"\/optimanovalt-regular.ufo\/fontinfo.plist","\/optimanovalt-regular.ufo\/groups.plist":"\/optimanovalt-regular.ufo\/groups.plist","\/optimanovalt-regular.ufo\/kerning.plist":"\/optimanovalt-regular.ufo\/kerning.plist","\/optimanovalt-regular.ufo\/metainfo.plist":"\/optimanovalt-regular.ufo\/metainfo.plist","\/optimanovalt-regular.ufo\/glyphs\/A_.glif":"\/optimanovalt-regular.ufo\/glyphs\/A_.glif","\/optimanovalt-regular.ufo\/glyphs\/A_E_.glif":"\/optimanovalt-regular.ufo\/glyphs\/A_E_.glif","\/optimanovalt-regular.ufo\/glyphs\/A_acute.glif":"\/optimanovalt-regular.ufo\/glyphs\/A_acute.glif","\/optimanovalt-regular.ufo\/glyphs\/A_circumflex.glif":"\/optimanovalt-regular.ufo\/glyphs\/A_circumflex.glif","\/optimanovalt-regular.ufo\/glyphs\/A_dieresis.glif":"\/optimanovalt-regular.ufo\/glyphs\/A_dieresis.glif","\/optimanovalt-regular.ufo\/glyphs\/A_grave.glif":"\/optimanovalt-regular.ufo\/glyphs\/A_grave.glif","\/optimanovalt-regular.ufo\/glyphs\/A_ring.glif":"\/optimanovalt-regular.ufo\/glyphs\/A_ring.glif","\/optimanovalt-regular.ufo\/glyphs\/A_tilde.glif":"\/optimanovalt-regular.ufo\/glyphs\/A_tilde.glif","\/optimanovalt-regular.ufo\/glyphs\/B_.glif":"\/optimanovalt-regular.ufo\/glyphs\/B_.glif","\/optimanovalt-regular.ufo\/glyphs\/C_.glif":"\/optimanovalt-regular.ufo\/glyphs\/C_.glif","\/optimanovalt-regular.ufo\/glyphs\/C_cedilla.glif":"\/optimanovalt-regular.ufo\/glyphs\/C_cedilla.glif","\/optimanovalt-regular.ufo\/glyphs\/D_.glif":"\/optimanovalt-regular.ufo\/glyphs\/D_.glif","\/optimanovalt-regular.ufo\/glyphs\/D_elta.glif":"\/optimanovalt-regular.ufo\/glyphs\/D_elta.glif","\/optimanovalt-regular.ufo\/glyphs\/E_.glif":"\/optimanovalt-regular.ufo\/glyphs\/E_.glif","\/optimanovalt-regular.ufo\/glyphs\/E_acute.glif":"\/optimanovalt-regular.ufo\/glyphs\/E_acute.glif","\/optimanovalt-regular.ufo\/glyphs\/E_circumflex.glif":"\/optimanovalt-regular.ufo\/glyphs\/E_circumflex.glif","\/optimanovalt-regular.ufo\/glyphs\/E_dieresis.glif":"\/optimanovalt-regular.ufo\/glyphs\/E_dieresis.glif","\/optimanovalt-regular.ufo\/glyphs\/E_grave.glif":"\/optimanovalt-regular.ufo\/glyphs\/E_grave.glif","\/optimanovalt-regular.ufo\/glyphs\/E_th.glif":"\/optimanovalt-regular.ufo\/glyphs\/E_th.glif","\/optimanovalt-regular.ufo\/glyphs\/E_uro.glif":"\/optimanovalt-regular.ufo\/glyphs\/E_uro.glif","\/optimanovalt-regular.ufo\/glyphs\/F_.glif":"\/optimanovalt-regular.ufo\/glyphs\/F_.glif","\/optimanovalt-regular.ufo\/glyphs\/G_.glif":"\/optimanovalt-regular.ufo\/glyphs\/G_.glif","\/optimanovalt-regular.ufo\/glyphs\/H_.glif":"\/optimanovalt-regular.ufo\/glyphs\/H_.glif","\/optimanovalt-regular.ufo\/glyphs\/I_.glif":"\/optimanovalt-regular.ufo\/glyphs\/I_.glif","\/optimanovalt-regular.ufo\/glyphs\/I_acute.glif":"\/optimanovalt-regular.ufo\/glyphs\/I_acute.glif","\/optimanovalt-regular.ufo\/glyphs\/I_circumflex.glif":"\/optimanovalt-regular.ufo\/glyphs\/I_circumflex.glif","\/optimanovalt-regular.ufo\/glyphs\/I_dieresis.glif":"\/optimanovalt-regular.ufo\/glyphs\/I_dieresis.glif","\/optimanovalt-regular.ufo\/glyphs\/I_grave.glif":"\/optimanovalt-regular.ufo\/glyphs\/I_grave.glif","\/optimanovalt-regular.ufo\/glyphs\/J_.glif":"\/optimanovalt-regular.ufo\/glyphs\/J_.glif","\/optimanovalt-regular.ufo\/glyphs\/K_.glif":"\/optimanovalt-regular.ufo\/glyphs\/K_.glif","\/optimanovalt-regular.ufo\/glyphs\/L_.glif":"\/optimanovalt-regular.ufo\/glyphs\/L_.glif","\/optimanovalt-regular.ufo\/glyphs\/L_slash.glif":"\/optimanovalt-regular.ufo\/glyphs\/L_slash.glif","\/optimanovalt-regular.ufo\/glyphs\/M_.glif":"\/optimanovalt-regular.ufo\/glyphs\/M_.glif","\/optimanovalt-regular.ufo\/glyphs\/N_.glif":"\/optimanovalt-regular.ufo\/glyphs\/N_.glif","\/optimanovalt-regular.ufo\/glyphs\/N_tilde.glif":"\/optimanovalt-regular.ufo\/glyphs\/N_tilde.glif","\/optimanovalt-regular.ufo\/glyphs\/O_.glif":"\/optimanovalt-regular.ufo\/glyphs\/O_.glif","\/optimanovalt-regular.ufo\/glyphs\/O_E_.glif":"\/optimanovalt-regular.ufo\/glyphs\/O_E_.glif","\/optimanovalt-regular.ufo\/glyphs\/O_acute.glif":"\/optimanovalt-regular.ufo\/glyphs\/O_acute.glif","\/optimanovalt-regular.ufo\/glyphs\/O_circumflex.glif":"\/optimanovalt-regular.ufo\/glyphs\/O_circumflex.glif","\/optimanovalt-regular.ufo\/glyphs\/O_dieresis.glif":"\/optimanovalt-regular.ufo\/glyphs\/O_dieresis.glif","\/optimanovalt-regular.ufo\/glyphs\/O_grave.glif":"\/optimanovalt-regular.ufo\/glyphs\/O_grave.glif","\/optimanovalt-regular.ufo\/glyphs\/O_mega.glif":"\/optimanovalt-regular.ufo\/glyphs\/O_mega.glif","\/optimanovalt-regular.ufo\/glyphs\/O_slash.glif":"\/optimanovalt-regular.ufo\/glyphs\/O_slash.glif","\/optimanovalt-regular.ufo\/glyphs\/O_tilde.glif":"\/optimanovalt-regular.ufo\/glyphs\/O_tilde.glif","\/optimanovalt-regular.ufo\/glyphs\/P_.glif":"\/optimanovalt-regular.ufo\/glyphs\/P_.glif","\/optimanovalt-regular.ufo\/glyphs\/Q_.glif":"\/optimanovalt-regular.ufo\/glyphs\/Q_.glif","\/optimanovalt-regular.ufo\/glyphs\/R_.glif":"\/optimanovalt-regular.ufo\/glyphs\/R_.glif","\/optimanovalt-regular.ufo\/glyphs\/S_.glif":"\/optimanovalt-regular.ufo\/glyphs\/S_.glif","\/optimanovalt-regular.ufo\/glyphs\/S_caron.glif":"\/optimanovalt-regular.ufo\/glyphs\/S_caron.glif","\/optimanovalt-regular.ufo\/glyphs\/T_.glif":"\/optimanovalt-regular.ufo\/glyphs\/T_.glif","\/optimanovalt-regular.ufo\/glyphs\/T_horn.glif":"\/optimanovalt-regular.ufo\/glyphs\/T_horn.glif","\/optimanovalt-regular.ufo\/glyphs\/U_.glif":"\/optimanovalt-regular.ufo\/glyphs\/U_.glif","\/optimanovalt-regular.ufo\/glyphs\/U_acute.glif":"\/optimanovalt-regular.ufo\/glyphs\/U_acute.glif","\/optimanovalt-regular.ufo\/glyphs\/U_circumflex.glif":"\/optimanovalt-regular.ufo\/glyphs\/U_circumflex.glif","\/optimanovalt-regular.ufo\/glyphs\/U_dieresis.glif":"\/optimanovalt-regular.ufo\/glyphs\/U_dieresis.glif","\/optimanovalt-regular.ufo\/glyphs\/U_grave.glif":"\/optimanovalt-regular.ufo\/glyphs\/U_grave.glif","\/optimanovalt-regular.ufo\/glyphs\/V_.glif":"\/optimanovalt-regular.ufo\/glyphs\/V_.glif","\/optimanovalt-regular.ufo\/glyphs\/W_.glif":"\/optimanovalt-regular.ufo\/glyphs\/W_.glif","\/optimanovalt-regular.ufo\/glyphs\/X_.glif":"\/optimanovalt-regular.ufo\/glyphs\/X_.glif","\/optimanovalt-regular.ufo\/glyphs\/Y_.glif":"\/optimanovalt-regular.ufo\/glyphs\/Y_.glif","\/optimanovalt-regular.ufo\/glyphs\/Y_acute.glif":"\/optimanovalt-regular.ufo\/glyphs\/Y_acute.glif","\/optimanovalt-regular.ufo\/glyphs\/Y_dieresis.glif":"\/optimanovalt-regular.ufo\/glyphs\/Y_dieresis.glif","\/optimanovalt-regular.ufo\/glyphs\/Z_.glif":"\/optimanovalt-regular.ufo\/glyphs\/Z_.glif","\/optimanovalt-regular.ufo\/glyphs\/Z_caron.glif":"\/optimanovalt-regular.ufo\/glyphs\/Z_caron.glif","\/optimanovalt-regular.ufo\/glyphs\/a.glif":"\/optimanovalt-regular.ufo\/glyphs\/a.glif","\/optimanovalt-regular.ufo\/glyphs\/aacute.glif":"\/optimanovalt-regular.ufo\/glyphs\/aacute.glif","\/optimanovalt-regular.ufo\/glyphs\/acircumflex.glif":"\/optimanovalt-regular.ufo\/glyphs\/acircumflex.glif","\/optimanovalt-regular.ufo\/glyphs\/acute.glif":"\/optimanovalt-regular.ufo\/glyphs\/acute.glif","\/optimanovalt-regular.ufo\/glyphs\/adieresis.glif":"\/optimanovalt-regular.ufo\/glyphs\/adieresis.glif","\/optimanovalt-regular.ufo\/glyphs\/ae.glif":"\/optimanovalt-regular.ufo\/glyphs\/ae.glif","\/optimanovalt-regular.ufo\/glyphs\/agrave.glif":"\/optimanovalt-regular.ufo\/glyphs\/agrave.glif","\/optimanovalt-regular.ufo\/glyphs\/ampersand.glif":"\/optimanovalt-regular.ufo\/glyphs\/ampersand.glif","\/optimanovalt-regular.ufo\/glyphs\/apple.glif":"\/optimanovalt-regular.ufo\/glyphs\/apple.glif","\/optimanovalt-regular.ufo\/glyphs\/approxequal.glif":"\/optimanovalt-regular.ufo\/glyphs\/approxequal.glif","\/optimanovalt-regular.ufo\/glyphs\/aring.glif":"\/optimanovalt-regular.ufo\/glyphs\/aring.glif","\/optimanovalt-regular.ufo\/glyphs\/asciicircum.glif":"\/optimanovalt-regular.ufo\/glyphs\/asciicircum.glif","\/optimanovalt-regular.ufo\/glyphs\/asciitilde.glif":"\/optimanovalt-regular.ufo\/glyphs\/asciitilde.glif","\/optimanovalt-regular.ufo\/glyphs\/asterisk.glif":"\/optimanovalt-regular.ufo\/glyphs\/asterisk.glif","\/optimanovalt-regular.ufo\/glyphs\/at.glif":"\/optimanovalt-regular.ufo\/glyphs\/at.glif","\/optimanovalt-regular.ufo\/glyphs\/atilde.glif":"\/optimanovalt-regular.ufo\/glyphs\/atilde.glif","\/optimanovalt-regular.ufo\/glyphs\/b.glif":"\/optimanovalt-regular.ufo\/glyphs\/b.glif","\/optimanovalt-regular.ufo\/glyphs\/backslash.glif":"\/optimanovalt-regular.ufo\/glyphs\/backslash.glif","\/optimanovalt-regular.ufo\/glyphs\/bar.glif":"\/optimanovalt-regular.ufo\/glyphs\/bar.glif","\/optimanovalt-regular.ufo\/glyphs\/braceleft.glif":"\/optimanovalt-regular.ufo\/glyphs\/braceleft.glif","\/optimanovalt-regular.ufo\/glyphs\/braceright.glif":"\/optimanovalt-regular.ufo\/glyphs\/braceright.glif","\/optimanovalt-regular.ufo\/glyphs\/bracketleft.glif":"\/optimanovalt-regular.ufo\/glyphs\/bracketleft.glif","\/optimanovalt-regular.ufo\/glyphs\/bracketright.glif":"\/optimanovalt-regular.ufo\/glyphs\/bracketright.glif","\/optimanovalt-regular.ufo\/glyphs\/breve.glif":"\/optimanovalt-regular.ufo\/glyphs\/breve.glif","\/optimanovalt-regular.ufo\/glyphs\/brokenbar.glif":"\/optimanovalt-regular.ufo\/glyphs\/brokenbar.glif","\/optimanovalt-regular.ufo\/glyphs\/bullet.glif":"\/optimanovalt-regular.ufo\/glyphs\/bullet.glif","\/optimanovalt-regular.ufo\/glyphs\/c.glif":"\/optimanovalt-regular.ufo\/glyphs\/c.glif","\/optimanovalt-regular.ufo\/glyphs\/caron.glif":"\/optimanovalt-regular.ufo\/glyphs\/caron.glif","\/optimanovalt-regular.ufo\/glyphs\/ccedilla.glif":"\/optimanovalt-regular.ufo\/glyphs\/ccedilla.glif","\/optimanovalt-regular.ufo\/glyphs\/cedilla.glif":"\/optimanovalt-regular.ufo\/glyphs\/cedilla.glif","\/optimanovalt-regular.ufo\/glyphs\/cent.glif":"\/optimanovalt-regular.ufo\/glyphs\/cent.glif","\/optimanovalt-regular.ufo\/glyphs\/circumflex.glif":"\/optimanovalt-regular.ufo\/glyphs\/circumflex.glif","\/optimanovalt-regular.ufo\/glyphs\/colon.glif":"\/optimanovalt-regular.ufo\/glyphs\/colon.glif","\/optimanovalt-regular.ufo\/glyphs\/comma.glif":"\/optimanovalt-regular.ufo\/glyphs\/comma.glif","\/optimanovalt-regular.ufo\/glyphs\/contents.plist":"\/optimanovalt-regular.ufo\/glyphs\/contents.plist","\/optimanovalt-regular.ufo\/glyphs\/copyright.glif":"\/optimanovalt-regular.ufo\/glyphs\/copyright.glif","\/optimanovalt-regular.ufo\/glyphs\/currency.glif":"\/optimanovalt-regular.ufo\/glyphs\/currency.glif","\/optimanovalt-regular.ufo\/glyphs\/d.glif":"\/optimanovalt-regular.ufo\/glyphs\/d.glif","\/optimanovalt-regular.ufo\/glyphs\/dagger.glif":"\/optimanovalt-regular.ufo\/glyphs\/dagger.glif","\/optimanovalt-regular.ufo\/glyphs\/daggerdbl.glif":"\/optimanovalt-regular.ufo\/glyphs\/daggerdbl.glif","\/optimanovalt-regular.ufo\/glyphs\/degree.glif":"\/optimanovalt-regular.ufo\/glyphs\/degree.glif","\/optimanovalt-regular.ufo\/glyphs\/dieresis.glif":"\/optimanovalt-regular.ufo\/glyphs\/dieresis.glif","\/optimanovalt-regular.ufo\/glyphs\/divide.glif":"\/optimanovalt-regular.ufo\/glyphs\/divide.glif","\/optimanovalt-regular.ufo\/glyphs\/dollar.glif":"\/optimanovalt-regular.ufo\/glyphs\/dollar.glif","\/optimanovalt-regular.ufo\/glyphs\/dotaccent.glif":"\/optimanovalt-regular.ufo\/glyphs\/dotaccent.glif","\/optimanovalt-regular.ufo\/glyphs\/dotlessi.glif":"\/optimanovalt-regular.ufo\/glyphs\/dotlessi.glif","\/optimanovalt-regular.ufo\/glyphs\/e.glif":"\/optimanovalt-regular.ufo\/glyphs\/e.glif","\/optimanovalt-regular.ufo\/glyphs\/eacute.glif":"\/optimanovalt-regular.ufo\/glyphs\/eacute.glif","\/optimanovalt-regular.ufo\/glyphs\/ecircumflex.glif":"\/optimanovalt-regular.ufo\/glyphs\/ecircumflex.glif","\/optimanovalt-regular.ufo\/glyphs\/edieresis.glif":"\/optimanovalt-regular.ufo\/glyphs\/edieresis.glif","\/optimanovalt-regular.ufo\/glyphs\/egrave.glif":"\/optimanovalt-regular.ufo\/glyphs\/egrave.glif","\/optimanovalt-regular.ufo\/glyphs\/eight.glif":"\/optimanovalt-regular.ufo\/glyphs\/eight.glif","\/optimanovalt-regular.ufo\/glyphs\/ellipsis.glif":"\/optimanovalt-regular.ufo\/glyphs\/ellipsis.glif","\/optimanovalt-regular.ufo\/glyphs\/emdash.glif":"\/optimanovalt-regular.ufo\/glyphs\/emdash.glif","\/optimanovalt-regular.ufo\/glyphs\/endash.glif":"\/optimanovalt-regular.ufo\/glyphs\/endash.glif","\/optimanovalt-regular.ufo\/glyphs\/equal.glif":"\/optimanovalt-regular.ufo\/glyphs\/equal.glif","\/optimanovalt-regular.ufo\/glyphs\/eth.glif":"\/optimanovalt-regular.ufo\/glyphs\/eth.glif","\/optimanovalt-regular.ufo\/glyphs\/exclam.glif":"\/optimanovalt-regular.ufo\/glyphs\/exclam.glif","\/optimanovalt-regular.ufo\/glyphs\/exclamdown.glif":"\/optimanovalt-regular.ufo\/glyphs\/exclamdown.glif","\/optimanovalt-regular.ufo\/glyphs\/f.glif":"\/optimanovalt-regular.ufo\/glyphs\/f.glif","\/optimanovalt-regular.ufo\/glyphs\/fi.glif":"\/optimanovalt-regular.ufo\/glyphs\/fi.glif","\/optimanovalt-regular.ufo\/glyphs\/five.glif":"\/optimanovalt-regular.ufo\/glyphs\/five.glif","\/optimanovalt-regular.ufo\/glyphs\/fl.glif":"\/optimanovalt-regular.ufo\/glyphs\/fl.glif","\/optimanovalt-regular.ufo\/glyphs\/florin.glif":"\/optimanovalt-regular.ufo\/glyphs\/florin.glif","\/optimanovalt-regular.ufo\/glyphs\/four.glif":"\/optimanovalt-regular.ufo\/glyphs\/four.glif","\/optimanovalt-regular.ufo\/glyphs\/fraction.glif":"\/optimanovalt-regular.ufo\/glyphs\/fraction.glif","\/optimanovalt-regular.ufo\/glyphs\/g.glif":"\/optimanovalt-regular.ufo\/glyphs\/g.glif","\/optimanovalt-regular.ufo\/glyphs\/germandbls.glif":"\/optimanovalt-regular.ufo\/glyphs\/germandbls.glif","\/optimanovalt-regular.ufo\/glyphs\/grave.glif":"\/optimanovalt-regular.ufo\/glyphs\/grave.glif","\/optimanovalt-regular.ufo\/glyphs\/greater.glif":"\/optimanovalt-regular.ufo\/glyphs\/greater.glif","\/optimanovalt-regular.ufo\/glyphs\/greaterequal.glif":"\/optimanovalt-regular.ufo\/glyphs\/greaterequal.glif","\/optimanovalt-regular.ufo\/glyphs\/guillemotleft.glif":"\/optimanovalt-regular.ufo\/glyphs\/guillemotleft.glif","\/optimanovalt-regular.ufo\/glyphs\/guillemotright.glif":"\/optimanovalt-regular.ufo\/glyphs\/guillemotright.glif","\/optimanovalt-regular.ufo\/glyphs\/guilsinglleft.glif":"\/optimanovalt-regular.ufo\/glyphs\/guilsinglleft.glif","\/optimanovalt-regular.ufo\/glyphs\/guilsinglright.glif":"\/optimanovalt-regular.ufo\/glyphs\/guilsinglright.glif","\/optimanovalt-regular.ufo\/glyphs\/h.glif":"\/optimanovalt-regular.ufo\/glyphs\/h.glif","\/optimanovalt-regular.ufo\/glyphs\/hungarumlaut.glif":"\/optimanovalt-regular.ufo\/glyphs\/hungarumlaut.glif","\/optimanovalt-regular.ufo\/glyphs\/hyphen.glif":"\/optimanovalt-regular.ufo\/glyphs\/hyphen.glif","\/optimanovalt-regular.ufo\/glyphs\/i.glif":"\/optimanovalt-regular.ufo\/glyphs\/i.glif","\/optimanovalt-regular.ufo\/glyphs\/iacute.glif":"\/optimanovalt-regular.ufo\/glyphs\/iacute.glif","\/optimanovalt-regular.ufo\/glyphs\/icircumflex.glif":"\/optimanovalt-regular.ufo\/glyphs\/icircumflex.glif","\/optimanovalt-regular.ufo\/glyphs\/idieresis.glif":"\/optimanovalt-regular.ufo\/glyphs\/idieresis.glif","\/optimanovalt-regular.ufo\/glyphs\/igrave.glif":"\/optimanovalt-regular.ufo\/glyphs\/igrave.glif","\/optimanovalt-regular.ufo\/glyphs\/infinity.glif":"\/optimanovalt-regular.ufo\/glyphs\/infinity.glif","\/optimanovalt-regular.ufo\/glyphs\/integral.glif":"\/optimanovalt-regular.ufo\/glyphs\/integral.glif","\/optimanovalt-regular.ufo\/glyphs\/j.glif":"\/optimanovalt-regular.ufo\/glyphs\/j.glif","\/optimanovalt-regular.ufo\/glyphs\/k.glif":"\/optimanovalt-regular.ufo\/glyphs\/k.glif","\/optimanovalt-regular.ufo\/glyphs\/l.glif":"\/optimanovalt-regular.ufo\/glyphs\/l.glif","\/optimanovalt-regular.ufo\/glyphs\/less.glif":"\/optimanovalt-regular.ufo\/glyphs\/less.glif","\/optimanovalt-regular.ufo\/glyphs\/lessequal.glif":"\/optimanovalt-regular.ufo\/glyphs\/lessequal.glif","\/optimanovalt-regular.ufo\/glyphs\/logicalnot.glif":"\/optimanovalt-regular.ufo\/glyphs\/logicalnot.glif","\/optimanovalt-regular.ufo\/glyphs\/lozenge.glif":"\/optimanovalt-regular.ufo\/glyphs\/lozenge.glif","\/optimanovalt-regular.ufo\/glyphs\/lslash.glif":"\/optimanovalt-regular.ufo\/glyphs\/lslash.glif","\/optimanovalt-regular.ufo\/glyphs\/m.glif":"\/optimanovalt-regular.ufo\/glyphs\/m.glif","\/optimanovalt-regular.ufo\/glyphs\/macron.glif":"\/optimanovalt-regular.ufo\/glyphs\/macron.glif","\/optimanovalt-regular.ufo\/glyphs\/minus.glif":"\/optimanovalt-regular.ufo\/glyphs\/minus.glif","\/optimanovalt-regular.ufo\/glyphs\/mu.glif":"\/optimanovalt-regular.ufo\/glyphs\/mu.glif","\/optimanovalt-regular.ufo\/glyphs\/multiply.glif":"\/optimanovalt-regular.ufo\/glyphs\/multiply.glif","\/optimanovalt-regular.ufo\/glyphs\/n.glif":"\/optimanovalt-regular.ufo\/glyphs\/n.glif","\/optimanovalt-regular.ufo\/glyphs\/nine.glif":"\/optimanovalt-regular.ufo\/glyphs\/nine.glif","\/optimanovalt-regular.ufo\/glyphs\/notequal.glif":"\/optimanovalt-regular.ufo\/glyphs\/notequal.glif","\/optimanovalt-regular.ufo\/glyphs\/ntilde.glif":"\/optimanovalt-regular.ufo\/glyphs\/ntilde.glif","\/optimanovalt-regular.ufo\/glyphs\/numbersign.glif":"\/optimanovalt-regular.ufo\/glyphs\/numbersign.glif","\/optimanovalt-regular.ufo\/glyphs\/o.glif":"\/optimanovalt-regular.ufo\/glyphs\/o.glif","\/optimanovalt-regular.ufo\/glyphs\/oacute.glif":"\/optimanovalt-regular.ufo\/glyphs\/oacute.glif","\/optimanovalt-regular.ufo\/glyphs\/ocircumflex.glif":"\/optimanovalt-regular.ufo\/glyphs\/ocircumflex.glif","\/optimanovalt-regular.ufo\/glyphs\/odieresis.glif":"\/optimanovalt-regular.ufo\/glyphs\/odieresis.glif","\/optimanovalt-regular.ufo\/glyphs\/oe.glif":"\/optimanovalt-regular.ufo\/glyphs\/oe.glif","\/optimanovalt-regular.ufo\/glyphs\/ogonek.glif":"\/optimanovalt-regular.ufo\/glyphs\/ogonek.glif","\/optimanovalt-regular.ufo\/glyphs\/ograve.glif":"\/optimanovalt-regular.ufo\/glyphs\/ograve.glif","\/optimanovalt-regular.ufo\/glyphs\/oldcurrency.glif":"\/optimanovalt-regular.ufo\/glyphs\/oldcurrency.glif","\/optimanovalt-regular.ufo\/glyphs\/one.glif":"\/optimanovalt-regular.ufo\/glyphs\/one.glif","\/optimanovalt-regular.ufo\/glyphs\/onehalf.glif":"\/optimanovalt-regular.ufo\/glyphs\/onehalf.glif","\/optimanovalt-regular.ufo\/glyphs\/onequarter.glif":"\/optimanovalt-regular.ufo\/glyphs\/onequarter.glif","\/optimanovalt-regular.ufo\/glyphs\/onesuperior.glif":"\/optimanovalt-regular.ufo\/glyphs\/onesuperior.glif","\/optimanovalt-regular.ufo\/glyphs\/ordfeminine.glif":"\/optimanovalt-regular.ufo\/glyphs\/ordfeminine.glif","\/optimanovalt-regular.ufo\/glyphs\/ordmasculine.glif":"\/optimanovalt-regular.ufo\/glyphs\/ordmasculine.glif","\/optimanovalt-regular.ufo\/glyphs\/oslash.glif":"\/optimanovalt-regular.ufo\/glyphs\/oslash.glif","\/optimanovalt-regular.ufo\/glyphs\/otilde.glif":"\/optimanovalt-regular.ufo\/glyphs\/otilde.glif","\/optimanovalt-regular.ufo\/glyphs\/p.glif":"\/optimanovalt-regular.ufo\/glyphs\/p.glif","\/optimanovalt-regular.ufo\/glyphs\/paragraph.glif":"\/optimanovalt-regular.ufo\/glyphs\/paragraph.glif","\/optimanovalt-regular.ufo\/glyphs\/parenleft.glif":"\/optimanovalt-regular.ufo\/glyphs\/parenleft.glif","\/optimanovalt-regular.ufo\/glyphs\/parenright.glif":"\/optimanovalt-regular.ufo\/glyphs\/parenright.glif","\/optimanovalt-regular.ufo\/glyphs\/partialdiff.glif":"\/optimanovalt-regular.ufo\/glyphs\/partialdiff.glif","\/optimanovalt-regular.ufo\/glyphs\/percent.glif":"\/optimanovalt-regular.ufo\/glyphs\/percent.glif","\/optimanovalt-regular.ufo\/glyphs\/period.glif":"\/optimanovalt-regular.ufo\/glyphs\/period.glif","\/optimanovalt-regular.ufo\/glyphs\/periodcentered.glif":"\/optimanovalt-regular.ufo\/glyphs\/periodcentered.glif","\/optimanovalt-regular.ufo\/glyphs\/perthousand.glif":"\/optimanovalt-regular.ufo\/glyphs\/perthousand.glif","\/optimanovalt-regular.ufo\/glyphs\/pi.glif":"\/optimanovalt-regular.ufo\/glyphs\/pi.glif","\/optimanovalt-regular.ufo\/glyphs\/plus.glif":"\/optimanovalt-regular.ufo\/glyphs\/plus.glif","\/optimanovalt-regular.ufo\/glyphs\/plusminus.glif":"\/optimanovalt-regular.ufo\/glyphs\/plusminus.glif","\/optimanovalt-regular.ufo\/glyphs\/product.glif":"\/optimanovalt-regular.ufo\/glyphs\/product.glif","\/optimanovalt-regular.ufo\/glyphs\/q.glif":"\/optimanovalt-regular.ufo\/glyphs\/q.glif","\/optimanovalt-regular.ufo\/glyphs\/question.glif":"\/optimanovalt-regular.ufo\/glyphs\/question.glif","\/optimanovalt-regular.ufo\/glyphs\/questiondown.glif":"\/optimanovalt-regular.ufo\/glyphs\/questiondown.glif","\/optimanovalt-regular.ufo\/glyphs\/quotedbl.glif":"\/optimanovalt-regular.ufo\/glyphs\/quotedbl.glif","\/optimanovalt-regular.ufo\/glyphs\/quotedblbase.glif":"\/optimanovalt-regular.ufo\/glyphs\/quotedblbase.glif","\/optimanovalt-regular.ufo\/glyphs\/quotedblleft.glif":"\/optimanovalt-regular.ufo\/glyphs\/quotedblleft.glif","\/optimanovalt-regular.ufo\/glyphs\/quotedblright.glif":"\/optimanovalt-regular.ufo\/glyphs\/quotedblright.glif","\/optimanovalt-regular.ufo\/glyphs\/quoteleft.glif":"\/optimanovalt-regular.ufo\/glyphs\/quoteleft.glif","\/optimanovalt-regular.ufo\/glyphs\/quoteright.glif":"\/optimanovalt-regular.ufo\/glyphs\/quoteright.glif","\/optimanovalt-regular.ufo\/glyphs\/quotesinglbase.glif":"\/optimanovalt-regular.ufo\/glyphs\/quotesinglbase.glif","\/optimanovalt-regular.ufo\/glyphs\/quotesingle.glif":"\/optimanovalt-regular.ufo\/glyphs\/quotesingle.glif","\/optimanovalt-regular.ufo\/glyphs\/r.glif":"\/optimanovalt-regular.ufo\/glyphs\/r.glif","\/optimanovalt-regular.ufo\/glyphs\/radical.glif":"\/optimanovalt-regular.ufo\/glyphs\/radical.glif","\/optimanovalt-regular.ufo\/glyphs\/registered.glif":"\/optimanovalt-regular.ufo\/glyphs\/registered.glif","\/optimanovalt-regular.ufo\/glyphs\/ring.glif":"\/optimanovalt-regular.ufo\/glyphs\/ring.glif","\/optimanovalt-regular.ufo\/glyphs\/s.glif":"\/optimanovalt-regular.ufo\/glyphs\/s.glif","\/optimanovalt-regular.ufo\/glyphs\/scaron.glif":"\/optimanovalt-regular.ufo\/glyphs\/scaron.glif","\/optimanovalt-regular.ufo\/glyphs\/section.glif":"\/optimanovalt-regular.ufo\/glyphs\/section.glif","\/optimanovalt-regular.ufo\/glyphs\/semicolon.glif":"\/optimanovalt-regular.ufo\/glyphs\/semicolon.glif","\/optimanovalt-regular.ufo\/glyphs\/seven.glif":"\/optimanovalt-regular.ufo\/glyphs\/seven.glif","\/optimanovalt-regular.ufo\/glyphs\/six.glif":"\/optimanovalt-regular.ufo\/glyphs\/six.glif","\/optimanovalt-regular.ufo\/glyphs\/slash.glif":"\/optimanovalt-regular.ufo\/glyphs\/slash.glif","\/optimanovalt-regular.ufo\/glyphs\/space.glif":"\/optimanovalt-regular.ufo\/glyphs\/space.glif","\/optimanovalt-regular.ufo\/glyphs\/sterling.glif":"\/optimanovalt-regular.ufo\/glyphs\/sterling.glif","\/optimanovalt-regular.ufo\/glyphs\/summation.glif":"\/optimanovalt-regular.ufo\/glyphs\/summation.glif","\/optimanovalt-regular.ufo\/glyphs\/t.glif":"\/optimanovalt-regular.ufo\/glyphs\/t.glif","\/optimanovalt-regular.ufo\/glyphs\/thorn.glif":"\/optimanovalt-regular.ufo\/glyphs\/thorn.glif","\/optimanovalt-regular.ufo\/glyphs\/three.glif":"\/optimanovalt-regular.ufo\/glyphs\/three.glif","\/optimanovalt-regular.ufo\/glyphs\/threequarters.glif":"\/optimanovalt-regular.ufo\/glyphs\/threequarters.glif","\/optimanovalt-regular.ufo\/glyphs\/threesuperior.glif":"\/optimanovalt-regular.ufo\/glyphs\/threesuperior.glif","\/optimanovalt-regular.ufo\/glyphs\/tilde.glif":"\/optimanovalt-regular.ufo\/glyphs\/tilde.glif","\/optimanovalt-regular.ufo\/glyphs\/trademark.glif":"\/optimanovalt-regular.ufo\/glyphs\/trademark.glif","\/optimanovalt-regular.ufo\/glyphs\/two.glif":"\/optimanovalt-regular.ufo\/glyphs\/two.glif","\/optimanovalt-regular.ufo\/glyphs\/twosuperior.glif":"\/optimanovalt-regular.ufo\/glyphs\/twosuperior.glif","\/optimanovalt-regular.ufo\/glyphs\/u.glif":"\/optimanovalt-regular.ufo\/glyphs\/u.glif","\/optimanovalt-regular.ufo\/glyphs\/uacute.glif":"\/optimanovalt-regular.ufo\/glyphs\/uacute.glif","\/optimanovalt-regular.ufo\/glyphs\/ucircumflex.glif":"\/optimanovalt-regular.ufo\/glyphs\/ucircumflex.glif","\/optimanovalt-regular.ufo\/glyphs\/udieresis.glif":"\/optimanovalt-regular.ufo\/glyphs\/udieresis.glif","\/optimanovalt-regular.ufo\/glyphs\/ugrave.glif":"\/optimanovalt-regular.ufo\/glyphs\/ugrave.glif","\/optimanovalt-regular.ufo\/glyphs\/underscore.glif":"\/optimanovalt-regular.ufo\/glyphs\/underscore.glif","\/optimanovalt-regular.ufo\/glyphs\/uni00A_0.glif":"\/optimanovalt-regular.ufo\/glyphs\/uni00A_0.glif","\/optimanovalt-regular.ufo\/glyphs\/v.glif":"\/optimanovalt-regular.ufo\/glyphs\/v.glif","\/optimanovalt-regular.ufo\/glyphs\/w.glif":"\/optimanovalt-regular.ufo\/glyphs\/w.glif","\/optimanovalt-regular.ufo\/glyphs\/x.glif":"\/optimanovalt-regular.ufo\/glyphs\/x.glif","\/optimanovalt-regular.ufo\/glyphs\/y.glif":"\/optimanovalt-regular.ufo\/glyphs\/y.glif","\/optimanovalt-regular.ufo\/glyphs\/yacute.glif":"\/optimanovalt-regular.ufo\/glyphs\/yacute.glif","\/optimanovalt-regular.ufo\/glyphs\/ydieresis.glif":"\/optimanovalt-regular.ufo\/glyphs\/ydieresis.glif","\/optimanovalt-regular.ufo\/glyphs\/yen.glif":"\/optimanovalt-regular.ufo\/glyphs\/yen.glif","\/optimanovalt-regular.ufo\/glyphs\/z.glif":"\/optimanovalt-regular.ufo\/glyphs\/z.glif","\/optimanovalt-regular.ufo\/glyphs\/zcaron.glif":"\/optimanovalt-regular.ufo\/glyphs\/zcaron.glif","\/optimanovalt-regular.ufo\/glyphs\/zero.glif":"\/optimanovalt-regular.ufo\/glyphs\/zero.glif"},"Font":{"uploaded":1471097396.8726,"licence":"gpl3","company":"Chronolabs Cooperative","title":"Optima Nova LT Regular","version":3.002,"date":"Fri Aug 12 10:02:28 2016","creator":"root","type":"1","matrix":"0.001 0 0 0.001 0 0","named":"OptimaNovaLT-Regular","painttype":"0","info":"10 dict dup","name":"Optima nova LT Regular","family":"Optima nova LT","weight":"Regular","fstype":"0","italicangle":"0","underlineposition":"","underlinethickness":""},"Licences":{"":false},"Table":{"FFTM":{"entryLength":16,"tag":"FFTM","checksum":1944367544,"offset":32408,"length":28},"GDEF":{"entryLength":16,"tag":"GDEF","checksum":19267590,"offset":32376,"length":32},"OS\/2":{"entryLength":16,"tag":"OS\/2","checksum":2005482097,"offset":344,"length":86},"cmap":{"entryLength":16,"tag":"cmap","checksum":2217276518,"offset":1428,"length":706},"gasp":{"entryLength":16,"tag":"gasp","checksum":4294901763,"offset":32368,"length":8},"glyf":{"entryLength":16,"tag":"glyf","checksum":44481663,"offset":2636,"length":27920},"head":{"entryLength":16,"tag":"head","checksum":168605945,"offset":220,"length":54},"hhea":{"entryLength":16,"tag":"hhea","checksum":120980327,"offset":276,"length":36},"hmtx":{"entryLength":16,"tag":"hmtx","checksum":4175113610,"offset":432,"length":996},"loca":{"entryLength":16,"tag":"loca","checksum":2249368076,"offset":2136,"length":500},"maxp":{"entryLength":16,"tag":"maxp","checksum":21102680,"offset":312,"length":32},"name":{"entryLength":16,"tag":"name","checksum":832151999,"offset":30556,"length":1251},"post":{"entryLength":16,"tag":"post","checksum":2563287998,"offset":31808,"length":557}},"UnicodeCharMap":{"32":3,"33":4,"34":5,"35":6,"36":7,"37":8,"38":9,"39":10,"40":11,"41":12,"42":13,"43":14,"44":15,"45":16,"46":17,"47":18,"48":19,"49":20,"50":21,"51":22,"52":23,"53":24,"54":25,"55":26,"56":27,"57":28,"58":29,"59":30,"60":31,"61":32,"62":33,"63":34,"64":35,"65":36,"66":37,"67":38,"68":39,"69":40,"70":41,"71":42,"72":43,"73":44,"74":45,"75":46,"76":47,"77":48,"78":49,"79":50,"80":51,"81":52,"82":53,"83":54,"84":55,"85":56,"86":57,"87":58,"88":59,"89":60,"90":61,"91":62,"92":63,"93":64,"94":65,"95":66,"96":67,"97":68,"98":69,"99":70,"100":71,"101":72,"102":73,"103":74,"104":75,"105":76,"106":77,"107":78,"108":79,"109":80,"110":81,"111":82,"112":83,"113":84,"114":85,"115":86,"116":87,"117":88,"118":89,"119":90,"120":91,"121":92,"122":93,"123":94,"124":95,"125":96,"126":97,"160":248,"161":125,"162":126,"163":127,"164":128,"165":129,"166":130,"167":131,"168":132,"169":133,"170":134,"171":135,"172":136,"174":137,"175":138,"176":139,"177":140,"178":141,"179":142,"180":143,"182":145,"183":146,"184":147,"185":148,"186":149,"187":150,"188":151,"189":152,"190":153,"191":154,"192":155,"193":156,"194":157,"195":158,"196":159,"197":160,"198":161,"199":162,"200":163,"201":164,"202":165,"203":166,"204":167,"205":168,"206":169,"207":170,"208":171,"209":172,"210":173,"211":174,"212":175,"213":176,"214":177,"215":178,"216":179,"217":180,"218":181,"219":182,"220":183,"221":184,"222":185,"223":186,"224":187,"225":188,"226":189,"227":190,"228":191,"229":192,"230":193,"231":194,"232":195,"233":196,"234":197,"235":198,"236":199,"237":200,"238":201,"239":202,"240":203,"241":204,"242":205,"243":206,"244":207,"245":208,"246":209,"247":210,"248":211,"249":212,"250":213,"251":214,"252":215,"253":216,"254":217,"255":218,"305":229,"321":228,"322":230,"338":109,"339":122,"352":107,"353":120,"376":124,"381":110,"382":123,"402":100,"710":105,"711":227,"728":222,"729":223,"730":224,"731":226,"732":118,"733":225,"916":233,"937":236,"956":144,"960":242,"8211":116,"8212":117,"8216":111,"8217":112,"8218":99,"8220":113,"8221":114,"8222":101,"8224":103,"8225":104,"8226":115,"8230":102,"8240":106,"8249":108,"8250":121,"8260":219,"8364":98,"8482":119,"8706":245,"8719":234,"8721":237,"8722":231,"8730":246,"8734":244,"8747":241,"8776":243,"8800":232,"8804":235,"8805":240,"9674":238,"64257":220,"64258":221},"Reserves":{"fontname":"Optima nova LT Regular"},"Names":{"Optima nova LT Regular":{"name":"Optima nova LT Regular","longitude":"0.00000001","latitude":"0.00000001","country":"","region":"","city":""}},"Nodes":{"op":{"type":"typal","node":"op","usage":1,"weight":1},"ma":{"type":"typal","node":"ma","usage":1,"weight":1},"no":{"type":"typal","node":"no","usage":1,"weight":1},"va":{"type":"typal","node":"va","usage":1,"weight":1},"re":{"type":"typal","node":"re","usage":1,"weight":1},"ar":{"type":"typal","node":"ar","usage":1,"weight":1},"opt":{"type":"typal","node":"opt","usage":1,"weight":1},"ima":{"type":"typal","node":"ima","usage":1,"weight":1},"nov":{"type":"typal","node":"nov","usage":1,"weight":1},"ova":{"type":"typal","node":"ova","usage":1,"weight":1},"reg":{"type":"typal","node":"reg","usage":1,"weight":1},"lar":{"type":"typal","node":"lar","usage":1,"weight":1},"opti":{"type":"keys","node":"opti","usage":1,"weight":1},"tima":{"type":"keys","node":"tima","usage":1,"weight":1},"regu":{"type":"keys","node":"regu","usage":1,"weight":1},"ular":{"type":"keys","node":"ular","usage":1,"weight":1},"optim":{"type":"keys","node":"optim","usage":1,"weight":1},"ptima":{"type":"keys","node":"ptima","usage":1,"weight":1},"regul":{"type":"keys","node":"regul","usage":1,"weight":1},"gular":{"type":"keys","node":"gular","usage":1,"weight":1},"optima":{"type":"fixes","node":"optima","usage":1,"weight":1},"nova":{"type":"fixes","node":"nova","usage":1,"weight":1},"lt":{"type":"fixes","node":"lt","usage":1,"weight":1},"regular":{"type":"fixes","node":"regular","usage":1,"weight":1}},"Contributors":[],"FontIdentity":"wagovau:33bfa0546b1e0459272dd0ef","Bytes":null,"Networking":[],"barcode":"aumiyci2mk7ua","referee":"k8q-2s"}