{"CSS":{"EspritEF-Book":"EspritEF-Book.css","Esprit EF Book":"wagovau:ec6b6e063b22c40261cf9285.css"},"FontType":"TrueType","FontCopyright":"Copyright \\(c\\) 1998 Elsner+Flake. All Rights Reserved.","FontName":"EspritEF","FontSubfamily":"Book","FontSubfamilyID":"FontForge 2.0 : EspritEF-Book : 12-8-2016","FontFullName":"Esprit EF Book","FontVersion":"Version 001.000 ","FontWeight":null,"FontPostscriptName":"EspritEF-Book","Files":{"\/EspritEF-Book.css":"\/EspritEF-Book.css","\/espritef-book.afm":"\/espritef-book.afm","\/espritef-book.cef":"\/espritef-book.cef","\/espritef-book.cff":"\/espritef-book.cff","\/espritef-book.eot":"\/espritef-book.eot","\/espritef-book.gai":"\/espritef-book.gai","\/espritef-book.gsf":"\/espritef-book.gsf","\/espritef-book.otf":"\/espritef-book.otf","\/espritef-book.pf3":"\/espritef-book.pf3","\/espritef-book.pfa":"\/espritef-book.pfa","\/espritef-book.pfb":"\/espritef-book.pfb","\/espritef-book.php":"\/espritef-book.php","\/espritef-book.pt3":"\/espritef-book.pt3","\/espritef-book.sfd":"\/espritef-book.sfd","\/espritef-book.svg":"\/espritef-book.svg","\/espritef-book.t42":"\/espritef-book.t42","\/espritef-book.ttd":"\/espritef-book.ttd","\/espritef-book.ttf":"\/espritef-book.ttf","\/espritef-book.ttg":"\/espritef-book.ttg","\/espritef-book.ufm":"\/espritef-book.ufm","\/espritef-book.woff":"\/espritef-book.woff","\/espritef-book.z":"\/espritef-book.z","\/font-resource.json":"\/font-resource.json","\/espritef-book.ufo\/feature.fea":"\/espritef-book.ufo\/feature.fea","\/espritef-book.ufo\/fontinfo.plist":"\/espritef-book.ufo\/fontinfo.plist","\/espritef-book.ufo\/groups.plist":"\/espritef-book.ufo\/groups.plist","\/espritef-book.ufo\/kerning.plist":"\/espritef-book.ufo\/kerning.plist","\/espritef-book.ufo\/metainfo.plist":"\/espritef-book.ufo\/metainfo.plist","\/espritef-book.ufo\/glyphs\/A_.glif":"\/espritef-book.ufo\/glyphs\/A_.glif","\/espritef-book.ufo\/glyphs\/A_E_.glif":"\/espritef-book.ufo\/glyphs\/A_E_.glif","\/espritef-book.ufo\/glyphs\/A_acute.glif":"\/espritef-book.ufo\/glyphs\/A_acute.glif","\/espritef-book.ufo\/glyphs\/A_circumflex.glif":"\/espritef-book.ufo\/glyphs\/A_circumflex.glif","\/espritef-book.ufo\/glyphs\/A_dieresis.glif":"\/espritef-book.ufo\/glyphs\/A_dieresis.glif","\/espritef-book.ufo\/glyphs\/A_grave.glif":"\/espritef-book.ufo\/glyphs\/A_grave.glif","\/espritef-book.ufo\/glyphs\/A_ring.glif":"\/espritef-book.ufo\/glyphs\/A_ring.glif","\/espritef-book.ufo\/glyphs\/A_tilde.glif":"\/espritef-book.ufo\/glyphs\/A_tilde.glif","\/espritef-book.ufo\/glyphs\/B_.glif":"\/espritef-book.ufo\/glyphs\/B_.glif","\/espritef-book.ufo\/glyphs\/C_.glif":"\/espritef-book.ufo\/glyphs\/C_.glif","\/espritef-book.ufo\/glyphs\/C_cedilla.glif":"\/espritef-book.ufo\/glyphs\/C_cedilla.glif","\/espritef-book.ufo\/glyphs\/D_.glif":"\/espritef-book.ufo\/glyphs\/D_.glif","\/espritef-book.ufo\/glyphs\/D_elta.glif":"\/espritef-book.ufo\/glyphs\/D_elta.glif","\/espritef-book.ufo\/glyphs\/E_.glif":"\/espritef-book.ufo\/glyphs\/E_.glif","\/espritef-book.ufo\/glyphs\/E_acute.glif":"\/espritef-book.ufo\/glyphs\/E_acute.glif","\/espritef-book.ufo\/glyphs\/E_circumflex.glif":"\/espritef-book.ufo\/glyphs\/E_circumflex.glif","\/espritef-book.ufo\/glyphs\/E_dieresis.glif":"\/espritef-book.ufo\/glyphs\/E_dieresis.glif","\/espritef-book.ufo\/glyphs\/E_grave.glif":"\/espritef-book.ufo\/glyphs\/E_grave.glif","\/espritef-book.ufo\/glyphs\/E_th.glif":"\/espritef-book.ufo\/glyphs\/E_th.glif","\/espritef-book.ufo\/glyphs\/F_.glif":"\/espritef-book.ufo\/glyphs\/F_.glif","\/espritef-book.ufo\/glyphs\/G_.glif":"\/espritef-book.ufo\/glyphs\/G_.glif","\/espritef-book.ufo\/glyphs\/H_.glif":"\/espritef-book.ufo\/glyphs\/H_.glif","\/espritef-book.ufo\/glyphs\/I_.glif":"\/espritef-book.ufo\/glyphs\/I_.glif","\/espritef-book.ufo\/glyphs\/I_acute.glif":"\/espritef-book.ufo\/glyphs\/I_acute.glif","\/espritef-book.ufo\/glyphs\/I_circumflex.glif":"\/espritef-book.ufo\/glyphs\/I_circumflex.glif","\/espritef-book.ufo\/glyphs\/I_dieresis.glif":"\/espritef-book.ufo\/glyphs\/I_dieresis.glif","\/espritef-book.ufo\/glyphs\/I_grave.glif":"\/espritef-book.ufo\/glyphs\/I_grave.glif","\/espritef-book.ufo\/glyphs\/J_.glif":"\/espritef-book.ufo\/glyphs\/J_.glif","\/espritef-book.ufo\/glyphs\/K_.glif":"\/espritef-book.ufo\/glyphs\/K_.glif","\/espritef-book.ufo\/glyphs\/L_.glif":"\/espritef-book.ufo\/glyphs\/L_.glif","\/espritef-book.ufo\/glyphs\/L_slash.glif":"\/espritef-book.ufo\/glyphs\/L_slash.glif","\/espritef-book.ufo\/glyphs\/M_.glif":"\/espritef-book.ufo\/glyphs\/M_.glif","\/espritef-book.ufo\/glyphs\/N_.glif":"\/espritef-book.ufo\/glyphs\/N_.glif","\/espritef-book.ufo\/glyphs\/N_tilde.glif":"\/espritef-book.ufo\/glyphs\/N_tilde.glif","\/espritef-book.ufo\/glyphs\/O_.glif":"\/espritef-book.ufo\/glyphs\/O_.glif","\/espritef-book.ufo\/glyphs\/O_E_.glif":"\/espritef-book.ufo\/glyphs\/O_E_.glif","\/espritef-book.ufo\/glyphs\/O_acute.glif":"\/espritef-book.ufo\/glyphs\/O_acute.glif","\/espritef-book.ufo\/glyphs\/O_circumflex.glif":"\/espritef-book.ufo\/glyphs\/O_circumflex.glif","\/espritef-book.ufo\/glyphs\/O_dieresis.glif":"\/espritef-book.ufo\/glyphs\/O_dieresis.glif","\/espritef-book.ufo\/glyphs\/O_grave.glif":"\/espritef-book.ufo\/glyphs\/O_grave.glif","\/espritef-book.ufo\/glyphs\/O_mega.glif":"\/espritef-book.ufo\/glyphs\/O_mega.glif","\/espritef-book.ufo\/glyphs\/O_slash.glif":"\/espritef-book.ufo\/glyphs\/O_slash.glif","\/espritef-book.ufo\/glyphs\/O_tilde.glif":"\/espritef-book.ufo\/glyphs\/O_tilde.glif","\/espritef-book.ufo\/glyphs\/P_.glif":"\/espritef-book.ufo\/glyphs\/P_.glif","\/espritef-book.ufo\/glyphs\/Q_.glif":"\/espritef-book.ufo\/glyphs\/Q_.glif","\/espritef-book.ufo\/glyphs\/R_.glif":"\/espritef-book.ufo\/glyphs\/R_.glif","\/espritef-book.ufo\/glyphs\/S_.glif":"\/espritef-book.ufo\/glyphs\/S_.glif","\/espritef-book.ufo\/glyphs\/S_caron.glif":"\/espritef-book.ufo\/glyphs\/S_caron.glif","\/espritef-book.ufo\/glyphs\/T_.glif":"\/espritef-book.ufo\/glyphs\/T_.glif","\/espritef-book.ufo\/glyphs\/T_horn.glif":"\/espritef-book.ufo\/glyphs\/T_horn.glif","\/espritef-book.ufo\/glyphs\/U_.glif":"\/espritef-book.ufo\/glyphs\/U_.glif","\/espritef-book.ufo\/glyphs\/U_acute.glif":"\/espritef-book.ufo\/glyphs\/U_acute.glif","\/espritef-book.ufo\/glyphs\/U_circumflex.glif":"\/espritef-book.ufo\/glyphs\/U_circumflex.glif","\/espritef-book.ufo\/glyphs\/U_dieresis.glif":"\/espritef-book.ufo\/glyphs\/U_dieresis.glif","\/espritef-book.ufo\/glyphs\/U_grave.glif":"\/espritef-book.ufo\/glyphs\/U_grave.glif","\/espritef-book.ufo\/glyphs\/V_.glif":"\/espritef-book.ufo\/glyphs\/V_.glif","\/espritef-book.ufo\/glyphs\/W_.glif":"\/espritef-book.ufo\/glyphs\/W_.glif","\/espritef-book.ufo\/glyphs\/X_.glif":"\/espritef-book.ufo\/glyphs\/X_.glif","\/espritef-book.ufo\/glyphs\/Y_.glif":"\/espritef-book.ufo\/glyphs\/Y_.glif","\/espritef-book.ufo\/glyphs\/Y_acute.glif":"\/espritef-book.ufo\/glyphs\/Y_acute.glif","\/espritef-book.ufo\/glyphs\/Y_dieresis.glif":"\/espritef-book.ufo\/glyphs\/Y_dieresis.glif","\/espritef-book.ufo\/glyphs\/Z_.glif":"\/espritef-book.ufo\/glyphs\/Z_.glif","\/espritef-book.ufo\/glyphs\/Z_caron.glif":"\/espritef-book.ufo\/glyphs\/Z_caron.glif","\/espritef-book.ufo\/glyphs\/a.glif":"\/espritef-book.ufo\/glyphs\/a.glif","\/espritef-book.ufo\/glyphs\/aacute.glif":"\/espritef-book.ufo\/glyphs\/aacute.glif","\/espritef-book.ufo\/glyphs\/acircumflex.glif":"\/espritef-book.ufo\/glyphs\/acircumflex.glif","\/espritef-book.ufo\/glyphs\/acute.glif":"\/espritef-book.ufo\/glyphs\/acute.glif","\/espritef-book.ufo\/glyphs\/adieresis.glif":"\/espritef-book.ufo\/glyphs\/adieresis.glif","\/espritef-book.ufo\/glyphs\/ae.glif":"\/espritef-book.ufo\/glyphs\/ae.glif","\/espritef-book.ufo\/glyphs\/agrave.glif":"\/espritef-book.ufo\/glyphs\/agrave.glif","\/espritef-book.ufo\/glyphs\/ampersand.glif":"\/espritef-book.ufo\/glyphs\/ampersand.glif","\/espritef-book.ufo\/glyphs\/apple.glif":"\/espritef-book.ufo\/glyphs\/apple.glif","\/espritef-book.ufo\/glyphs\/approxequal.glif":"\/espritef-book.ufo\/glyphs\/approxequal.glif","\/espritef-book.ufo\/glyphs\/aring.glif":"\/espritef-book.ufo\/glyphs\/aring.glif","\/espritef-book.ufo\/glyphs\/asciicircum.glif":"\/espritef-book.ufo\/glyphs\/asciicircum.glif","\/espritef-book.ufo\/glyphs\/asciitilde.glif":"\/espritef-book.ufo\/glyphs\/asciitilde.glif","\/espritef-book.ufo\/glyphs\/asterisk.glif":"\/espritef-book.ufo\/glyphs\/asterisk.glif","\/espritef-book.ufo\/glyphs\/at.glif":"\/espritef-book.ufo\/glyphs\/at.glif","\/espritef-book.ufo\/glyphs\/atilde.glif":"\/espritef-book.ufo\/glyphs\/atilde.glif","\/espritef-book.ufo\/glyphs\/b.glif":"\/espritef-book.ufo\/glyphs\/b.glif","\/espritef-book.ufo\/glyphs\/backslash.glif":"\/espritef-book.ufo\/glyphs\/backslash.glif","\/espritef-book.ufo\/glyphs\/bar.glif":"\/espritef-book.ufo\/glyphs\/bar.glif","\/espritef-book.ufo\/glyphs\/braceleft.glif":"\/espritef-book.ufo\/glyphs\/braceleft.glif","\/espritef-book.ufo\/glyphs\/braceright.glif":"\/espritef-book.ufo\/glyphs\/braceright.glif","\/espritef-book.ufo\/glyphs\/bracketleft.glif":"\/espritef-book.ufo\/glyphs\/bracketleft.glif","\/espritef-book.ufo\/glyphs\/bracketright.glif":"\/espritef-book.ufo\/glyphs\/bracketright.glif","\/espritef-book.ufo\/glyphs\/breve.glif":"\/espritef-book.ufo\/glyphs\/breve.glif","\/espritef-book.ufo\/glyphs\/brokenbar.glif":"\/espritef-book.ufo\/glyphs\/brokenbar.glif","\/espritef-book.ufo\/glyphs\/bullet.glif":"\/espritef-book.ufo\/glyphs\/bullet.glif","\/espritef-book.ufo\/glyphs\/c.glif":"\/espritef-book.ufo\/glyphs\/c.glif","\/espritef-book.ufo\/glyphs\/caron.glif":"\/espritef-book.ufo\/glyphs\/caron.glif","\/espritef-book.ufo\/glyphs\/ccedilla.glif":"\/espritef-book.ufo\/glyphs\/ccedilla.glif","\/espritef-book.ufo\/glyphs\/cedilla.glif":"\/espritef-book.ufo\/glyphs\/cedilla.glif","\/espritef-book.ufo\/glyphs\/cent.glif":"\/espritef-book.ufo\/glyphs\/cent.glif","\/espritef-book.ufo\/glyphs\/circumflex.glif":"\/espritef-book.ufo\/glyphs\/circumflex.glif","\/espritef-book.ufo\/glyphs\/colon.glif":"\/espritef-book.ufo\/glyphs\/colon.glif","\/espritef-book.ufo\/glyphs\/comma.glif":"\/espritef-book.ufo\/glyphs\/comma.glif","\/espritef-book.ufo\/glyphs\/contents.plist":"\/espritef-book.ufo\/glyphs\/contents.plist","\/espritef-book.ufo\/glyphs\/copyright.glif":"\/espritef-book.ufo\/glyphs\/copyright.glif","\/espritef-book.ufo\/glyphs\/currency.glif":"\/espritef-book.ufo\/glyphs\/currency.glif","\/espritef-book.ufo\/glyphs\/d.glif":"\/espritef-book.ufo\/glyphs\/d.glif","\/espritef-book.ufo\/glyphs\/dagger.glif":"\/espritef-book.ufo\/glyphs\/dagger.glif","\/espritef-book.ufo\/glyphs\/daggerdbl.glif":"\/espritef-book.ufo\/glyphs\/daggerdbl.glif","\/espritef-book.ufo\/glyphs\/degree.glif":"\/espritef-book.ufo\/glyphs\/degree.glif","\/espritef-book.ufo\/glyphs\/dieresis.glif":"\/espritef-book.ufo\/glyphs\/dieresis.glif","\/espritef-book.ufo\/glyphs\/divide.glif":"\/espritef-book.ufo\/glyphs\/divide.glif","\/espritef-book.ufo\/glyphs\/dollar.glif":"\/espritef-book.ufo\/glyphs\/dollar.glif","\/espritef-book.ufo\/glyphs\/dotaccent.glif":"\/espritef-book.ufo\/glyphs\/dotaccent.glif","\/espritef-book.ufo\/glyphs\/dotlessi.glif":"\/espritef-book.ufo\/glyphs\/dotlessi.glif","\/espritef-book.ufo\/glyphs\/e.glif":"\/espritef-book.ufo\/glyphs\/e.glif","\/espritef-book.ufo\/glyphs\/eacute.glif":"\/espritef-book.ufo\/glyphs\/eacute.glif","\/espritef-book.ufo\/glyphs\/ecircumflex.glif":"\/espritef-book.ufo\/glyphs\/ecircumflex.glif","\/espritef-book.ufo\/glyphs\/edieresis.glif":"\/espritef-book.ufo\/glyphs\/edieresis.glif","\/espritef-book.ufo\/glyphs\/egrave.glif":"\/espritef-book.ufo\/glyphs\/egrave.glif","\/espritef-book.ufo\/glyphs\/eight.glif":"\/espritef-book.ufo\/glyphs\/eight.glif","\/espritef-book.ufo\/glyphs\/ellipsis.glif":"\/espritef-book.ufo\/glyphs\/ellipsis.glif","\/espritef-book.ufo\/glyphs\/emdash.glif":"\/espritef-book.ufo\/glyphs\/emdash.glif","\/espritef-book.ufo\/glyphs\/endash.glif":"\/espritef-book.ufo\/glyphs\/endash.glif","\/espritef-book.ufo\/glyphs\/equal.glif":"\/espritef-book.ufo\/glyphs\/equal.glif","\/espritef-book.ufo\/glyphs\/eth.glif":"\/espritef-book.ufo\/glyphs\/eth.glif","\/espritef-book.ufo\/glyphs\/exclam.glif":"\/espritef-book.ufo\/glyphs\/exclam.glif","\/espritef-book.ufo\/glyphs\/exclamdown.glif":"\/espritef-book.ufo\/glyphs\/exclamdown.glif","\/espritef-book.ufo\/glyphs\/f.glif":"\/espritef-book.ufo\/glyphs\/f.glif","\/espritef-book.ufo\/glyphs\/fi.glif":"\/espritef-book.ufo\/glyphs\/fi.glif","\/espritef-book.ufo\/glyphs\/five.glif":"\/espritef-book.ufo\/glyphs\/five.glif","\/espritef-book.ufo\/glyphs\/fl.glif":"\/espritef-book.ufo\/glyphs\/fl.glif","\/espritef-book.ufo\/glyphs\/florin.glif":"\/espritef-book.ufo\/glyphs\/florin.glif","\/espritef-book.ufo\/glyphs\/four.glif":"\/espritef-book.ufo\/glyphs\/four.glif","\/espritef-book.ufo\/glyphs\/fraction.glif":"\/espritef-book.ufo\/glyphs\/fraction.glif","\/espritef-book.ufo\/glyphs\/g.glif":"\/espritef-book.ufo\/glyphs\/g.glif","\/espritef-book.ufo\/glyphs\/germandbls.glif":"\/espritef-book.ufo\/glyphs\/germandbls.glif","\/espritef-book.ufo\/glyphs\/grave.glif":"\/espritef-book.ufo\/glyphs\/grave.glif","\/espritef-book.ufo\/glyphs\/greater.glif":"\/espritef-book.ufo\/glyphs\/greater.glif","\/espritef-book.ufo\/glyphs\/greaterequal.glif":"\/espritef-book.ufo\/glyphs\/greaterequal.glif","\/espritef-book.ufo\/glyphs\/guillemotleft.glif":"\/espritef-book.ufo\/glyphs\/guillemotleft.glif","\/espritef-book.ufo\/glyphs\/guillemotright.glif":"\/espritef-book.ufo\/glyphs\/guillemotright.glif","\/espritef-book.ufo\/glyphs\/guilsinglleft.glif":"\/espritef-book.ufo\/glyphs\/guilsinglleft.glif","\/espritef-book.ufo\/glyphs\/guilsinglright.glif":"\/espritef-book.ufo\/glyphs\/guilsinglright.glif","\/espritef-book.ufo\/glyphs\/h.glif":"\/espritef-book.ufo\/glyphs\/h.glif","\/espritef-book.ufo\/glyphs\/hungarumlaut.glif":"\/espritef-book.ufo\/glyphs\/hungarumlaut.glif","\/espritef-book.ufo\/glyphs\/hyphen.glif":"\/espritef-book.ufo\/glyphs\/hyphen.glif","\/espritef-book.ufo\/glyphs\/i.glif":"\/espritef-book.ufo\/glyphs\/i.glif","\/espritef-book.ufo\/glyphs\/iacute.glif":"\/espritef-book.ufo\/glyphs\/iacute.glif","\/espritef-book.ufo\/glyphs\/icircumflex.glif":"\/espritef-book.ufo\/glyphs\/icircumflex.glif","\/espritef-book.ufo\/glyphs\/idieresis.glif":"\/espritef-book.ufo\/glyphs\/idieresis.glif","\/espritef-book.ufo\/glyphs\/igrave.glif":"\/espritef-book.ufo\/glyphs\/igrave.glif","\/espritef-book.ufo\/glyphs\/infinity.glif":"\/espritef-book.ufo\/glyphs\/infinity.glif","\/espritef-book.ufo\/glyphs\/integral.glif":"\/espritef-book.ufo\/glyphs\/integral.glif","\/espritef-book.ufo\/glyphs\/j.glif":"\/espritef-book.ufo\/glyphs\/j.glif","\/espritef-book.ufo\/glyphs\/k.glif":"\/espritef-book.ufo\/glyphs\/k.glif","\/espritef-book.ufo\/glyphs\/l.glif":"\/espritef-book.ufo\/glyphs\/l.glif","\/espritef-book.ufo\/glyphs\/less.glif":"\/espritef-book.ufo\/glyphs\/less.glif","\/espritef-book.ufo\/glyphs\/lessequal.glif":"\/espritef-book.ufo\/glyphs\/lessequal.glif","\/espritef-book.ufo\/glyphs\/logicalnot.glif":"\/espritef-book.ufo\/glyphs\/logicalnot.glif","\/espritef-book.ufo\/glyphs\/lozenge.glif":"\/espritef-book.ufo\/glyphs\/lozenge.glif","\/espritef-book.ufo\/glyphs\/lslash.glif":"\/espritef-book.ufo\/glyphs\/lslash.glif","\/espritef-book.ufo\/glyphs\/m.glif":"\/espritef-book.ufo\/glyphs\/m.glif","\/espritef-book.ufo\/glyphs\/macron.glif":"\/espritef-book.ufo\/glyphs\/macron.glif","\/espritef-book.ufo\/glyphs\/minus.glif":"\/espritef-book.ufo\/glyphs\/minus.glif","\/espritef-book.ufo\/glyphs\/mu.glif":"\/espritef-book.ufo\/glyphs\/mu.glif","\/espritef-book.ufo\/glyphs\/multiply.glif":"\/espritef-book.ufo\/glyphs\/multiply.glif","\/espritef-book.ufo\/glyphs\/n.glif":"\/espritef-book.ufo\/glyphs\/n.glif","\/espritef-book.ufo\/glyphs\/nbspace.glif":"\/espritef-book.ufo\/glyphs\/nbspace.glif","\/espritef-book.ufo\/glyphs\/nine.glif":"\/espritef-book.ufo\/glyphs\/nine.glif","\/espritef-book.ufo\/glyphs\/notequal.glif":"\/espritef-book.ufo\/glyphs\/notequal.glif","\/espritef-book.ufo\/glyphs\/ntilde.glif":"\/espritef-book.ufo\/glyphs\/ntilde.glif","\/espritef-book.ufo\/glyphs\/numbersign.glif":"\/espritef-book.ufo\/glyphs\/numbersign.glif","\/espritef-book.ufo\/glyphs\/o.glif":"\/espritef-book.ufo\/glyphs\/o.glif","\/espritef-book.ufo\/glyphs\/oacute.glif":"\/espritef-book.ufo\/glyphs\/oacute.glif","\/espritef-book.ufo\/glyphs\/ocircumflex.glif":"\/espritef-book.ufo\/glyphs\/ocircumflex.glif","\/espritef-book.ufo\/glyphs\/odieresis.glif":"\/espritef-book.ufo\/glyphs\/odieresis.glif","\/espritef-book.ufo\/glyphs\/oe.glif":"\/espritef-book.ufo\/glyphs\/oe.glif","\/espritef-book.ufo\/glyphs\/ogonek.glif":"\/espritef-book.ufo\/glyphs\/ogonek.glif","\/espritef-book.ufo\/glyphs\/ograve.glif":"\/espritef-book.ufo\/glyphs\/ograve.glif","\/espritef-book.ufo\/glyphs\/one.glif":"\/espritef-book.ufo\/glyphs\/one.glif","\/espritef-book.ufo\/glyphs\/onehalf.glif":"\/espritef-book.ufo\/glyphs\/onehalf.glif","\/espritef-book.ufo\/glyphs\/onequarter.glif":"\/espritef-book.ufo\/glyphs\/onequarter.glif","\/espritef-book.ufo\/glyphs\/onesuperior.glif":"\/espritef-book.ufo\/glyphs\/onesuperior.glif","\/espritef-book.ufo\/glyphs\/ordfeminine.glif":"\/espritef-book.ufo\/glyphs\/ordfeminine.glif","\/espritef-book.ufo\/glyphs\/ordmasculine.glif":"\/espritef-book.ufo\/glyphs\/ordmasculine.glif","\/espritef-book.ufo\/glyphs\/oslash.glif":"\/espritef-book.ufo\/glyphs\/oslash.glif","\/espritef-book.ufo\/glyphs\/otilde.glif":"\/espritef-book.ufo\/glyphs\/otilde.glif","\/espritef-book.ufo\/glyphs\/p.glif":"\/espritef-book.ufo\/glyphs\/p.glif","\/espritef-book.ufo\/glyphs\/paragraph.glif":"\/espritef-book.ufo\/glyphs\/paragraph.glif","\/espritef-book.ufo\/glyphs\/parenleft.glif":"\/espritef-book.ufo\/glyphs\/parenleft.glif","\/espritef-book.ufo\/glyphs\/parenright.glif":"\/espritef-book.ufo\/glyphs\/parenright.glif","\/espritef-book.ufo\/glyphs\/partialdiff.glif":"\/espritef-book.ufo\/glyphs\/partialdiff.glif","\/espritef-book.ufo\/glyphs\/percent.glif":"\/espritef-book.ufo\/glyphs\/percent.glif","\/espritef-book.ufo\/glyphs\/period.glif":"\/espritef-book.ufo\/glyphs\/period.glif","\/espritef-book.ufo\/glyphs\/periodcentered.glif":"\/espritef-book.ufo\/glyphs\/periodcentered.glif","\/espritef-book.ufo\/glyphs\/perthousand.glif":"\/espritef-book.ufo\/glyphs\/perthousand.glif","\/espritef-book.ufo\/glyphs\/pi.glif":"\/espritef-book.ufo\/glyphs\/pi.glif","\/espritef-book.ufo\/glyphs\/plus.glif":"\/espritef-book.ufo\/glyphs\/plus.glif","\/espritef-book.ufo\/glyphs\/plusminus.glif":"\/espritef-book.ufo\/glyphs\/plusminus.glif","\/espritef-book.ufo\/glyphs\/product.glif":"\/espritef-book.ufo\/glyphs\/product.glif","\/espritef-book.ufo\/glyphs\/q.glif":"\/espritef-book.ufo\/glyphs\/q.glif","\/espritef-book.ufo\/glyphs\/question.glif":"\/espritef-book.ufo\/glyphs\/question.glif","\/espritef-book.ufo\/glyphs\/questiondown.glif":"\/espritef-book.ufo\/glyphs\/questiondown.glif","\/espritef-book.ufo\/glyphs\/quotedbl.glif":"\/espritef-book.ufo\/glyphs\/quotedbl.glif","\/espritef-book.ufo\/glyphs\/quotedblbase.glif":"\/espritef-book.ufo\/glyphs\/quotedblbase.glif","\/espritef-book.ufo\/glyphs\/quotedblleft.glif":"\/espritef-book.ufo\/glyphs\/quotedblleft.glif","\/espritef-book.ufo\/glyphs\/quotedblright.glif":"\/espritef-book.ufo\/glyphs\/quotedblright.glif","\/espritef-book.ufo\/glyphs\/quoteleft.glif":"\/espritef-book.ufo\/glyphs\/quoteleft.glif","\/espritef-book.ufo\/glyphs\/quoteright.glif":"\/espritef-book.ufo\/glyphs\/quoteright.glif","\/espritef-book.ufo\/glyphs\/quotesinglbase.glif":"\/espritef-book.ufo\/glyphs\/quotesinglbase.glif","\/espritef-book.ufo\/glyphs\/quotesingle.glif":"\/espritef-book.ufo\/glyphs\/quotesingle.glif","\/espritef-book.ufo\/glyphs\/r.glif":"\/espritef-book.ufo\/glyphs\/r.glif","\/espritef-book.ufo\/glyphs\/radical.glif":"\/espritef-book.ufo\/glyphs\/radical.glif","\/espritef-book.ufo\/glyphs\/registered.glif":"\/espritef-book.ufo\/glyphs\/registered.glif","\/espritef-book.ufo\/glyphs\/ring.glif":"\/espritef-book.ufo\/glyphs\/ring.glif","\/espritef-book.ufo\/glyphs\/s.glif":"\/espritef-book.ufo\/glyphs\/s.glif","\/espritef-book.ufo\/glyphs\/scaron.glif":"\/espritef-book.ufo\/glyphs\/scaron.glif","\/espritef-book.ufo\/glyphs\/section.glif":"\/espritef-book.ufo\/glyphs\/section.glif","\/espritef-book.ufo\/glyphs\/semicolon.glif":"\/espritef-book.ufo\/glyphs\/semicolon.glif","\/espritef-book.ufo\/glyphs\/seven.glif":"\/espritef-book.ufo\/glyphs\/seven.glif","\/espritef-book.ufo\/glyphs\/six.glif":"\/espritef-book.ufo\/glyphs\/six.glif","\/espritef-book.ufo\/glyphs\/slash.glif":"\/espritef-book.ufo\/glyphs\/slash.glif","\/espritef-book.ufo\/glyphs\/space.glif":"\/espritef-book.ufo\/glyphs\/space.glif","\/espritef-book.ufo\/glyphs\/sterling.glif":"\/espritef-book.ufo\/glyphs\/sterling.glif","\/espritef-book.ufo\/glyphs\/summation.glif":"\/espritef-book.ufo\/glyphs\/summation.glif","\/espritef-book.ufo\/glyphs\/t.glif":"\/espritef-book.ufo\/glyphs\/t.glif","\/espritef-book.ufo\/glyphs\/thorn.glif":"\/espritef-book.ufo\/glyphs\/thorn.glif","\/espritef-book.ufo\/glyphs\/three.glif":"\/espritef-book.ufo\/glyphs\/three.glif","\/espritef-book.ufo\/glyphs\/threequarters.glif":"\/espritef-book.ufo\/glyphs\/threequarters.glif","\/espritef-book.ufo\/glyphs\/threesuperior.glif":"\/espritef-book.ufo\/glyphs\/threesuperior.glif","\/espritef-book.ufo\/glyphs\/tilde.glif":"\/espritef-book.ufo\/glyphs\/tilde.glif","\/espritef-book.ufo\/glyphs\/trademark.glif":"\/espritef-book.ufo\/glyphs\/trademark.glif","\/espritef-book.ufo\/glyphs\/two.glif":"\/espritef-book.ufo\/glyphs\/two.glif","\/espritef-book.ufo\/glyphs\/twosuperior.glif":"\/espritef-book.ufo\/glyphs\/twosuperior.glif","\/espritef-book.ufo\/glyphs\/u.glif":"\/espritef-book.ufo\/glyphs\/u.glif","\/espritef-book.ufo\/glyphs\/uacute.glif":"\/espritef-book.ufo\/glyphs\/uacute.glif","\/espritef-book.ufo\/glyphs\/ucircumflex.glif":"\/espritef-book.ufo\/glyphs\/ucircumflex.glif","\/espritef-book.ufo\/glyphs\/udieresis.glif":"\/espritef-book.ufo\/glyphs\/udieresis.glif","\/espritef-book.ufo\/glyphs\/ugrave.glif":"\/espritef-book.ufo\/glyphs\/ugrave.glif","\/espritef-book.ufo\/glyphs\/underscore.glif":"\/espritef-book.ufo\/glyphs\/underscore.glif","\/espritef-book.ufo\/glyphs\/v.glif":"\/espritef-book.ufo\/glyphs\/v.glif","\/espritef-book.ufo\/glyphs\/w.glif":"\/espritef-book.ufo\/glyphs\/w.glif","\/espritef-book.ufo\/glyphs\/x.glif":"\/espritef-book.ufo\/glyphs\/x.glif","\/espritef-book.ufo\/glyphs\/y.glif":"\/espritef-book.ufo\/glyphs\/y.glif","\/espritef-book.ufo\/glyphs\/yacute.glif":"\/espritef-book.ufo\/glyphs\/yacute.glif","\/espritef-book.ufo\/glyphs\/ydieresis.glif":"\/espritef-book.ufo\/glyphs\/ydieresis.glif","\/espritef-book.ufo\/glyphs\/yen.glif":"\/espritef-book.ufo\/glyphs\/yen.glif","\/espritef-book.ufo\/glyphs\/z.glif":"\/espritef-book.ufo\/glyphs\/z.glif","\/espritef-book.ufo\/glyphs\/zcaron.glif":"\/espritef-book.ufo\/glyphs\/zcaron.glif","\/espritef-book.ufo\/glyphs\/zero.glif":"\/espritef-book.ufo\/glyphs\/zero.glif"},"Font":{"uploaded":1471118335.4958,"licence":"gpl3","company":"Chronolabs Cooperative","title":"Esprit EF Book","version":3.002,"date":"Fri Aug 12 15:36:40 2016","creator":"root","type":"1","matrix":"0.001 0 0 0.001 0 0","named":"EspritEF-Book","painttype":"0","info":"10 dict dup","name":"EspritEF-Book","family":"EspritEF","weight":"Book","fstype":"0","italicangle":"0","underlineposition":"","underlinethickness":""},"Licences":{"":false},"Table":{"FFTM":{"entryLength":16,"tag":"FFTM","checksum":1944407648,"offset":42208,"length":28},"GDEF":{"entryLength":16,"tag":"GDEF","checksum":19136518,"offset":42176,"length":32},"OS\/2":{"entryLength":16,"tag":"OS\/2","checksum":2003450498,"offset":344,"length":86},"cmap":{"entryLength":16,"tag":"cmap","checksum":3833775820,"offset":1420,"length":654},"gasp":{"entryLength":16,"tag":"gasp","checksum":4294901763,"offset":42168,"length":8},"glyf":{"entryLength":16,"tag":"glyf","checksum":1086432926,"offset":2572,"length":38412},"head":{"entryLength":16,"tag":"head","checksum":169641560,"offset":220,"length":54},"hhea":{"entryLength":16,"tag":"hhea","checksum":123274123,"offset":276,"length":36},"hmtx":{"entryLength":16,"tag":"hmtx","checksum":59056519,"offset":432,"length":988},"loca":{"entryLength":16,"tag":"loca","checksum":3746432278,"offset":2076,"length":496},"maxp":{"entryLength":16,"tag":"maxp","checksum":20971686,"offset":312,"length":32},"name":{"entryLength":16,"tag":"name","checksum":2287208760,"offset":40984,"length":645},"post":{"entryLength":16,"tag":"post","checksum":3000631864,"offset":41632,"length":536}},"UnicodeCharMap":{"32":3,"33":4,"34":5,"35":6,"36":7,"37":8,"38":9,"39":10,"40":11,"41":12,"42":13,"43":14,"44":15,"45":16,"46":17,"47":18,"48":19,"49":20,"50":21,"51":22,"52":23,"53":24,"54":25,"55":26,"56":27,"57":28,"58":29,"59":30,"60":31,"61":32,"62":33,"63":34,"64":35,"65":36,"66":37,"67":38,"68":39,"69":40,"70":41,"71":42,"72":43,"73":44,"74":45,"75":46,"76":47,"77":48,"78":49,"79":50,"80":51,"81":52,"82":53,"83":54,"84":55,"85":56,"86":57,"87":58,"88":59,"89":60,"90":61,"91":62,"92":63,"93":64,"94":65,"95":66,"96":67,"97":68,"98":69,"99":70,"100":71,"101":72,"102":73,"103":74,"104":75,"105":76,"106":77,"107":78,"108":79,"109":80,"110":81,"111":82,"112":83,"113":84,"114":85,"115":86,"116":87,"117":88,"118":89,"119":90,"120":91,"121":92,"122":93,"123":94,"124":95,"125":96,"126":97,"160":98,"161":99,"162":100,"163":101,"164":102,"165":103,"166":104,"167":105,"168":106,"169":107,"170":108,"171":109,"172":110,"174":111,"175":112,"176":113,"177":114,"178":115,"179":116,"180":117,"182":119,"183":120,"184":121,"185":122,"186":123,"187":124,"188":125,"189":126,"190":127,"191":128,"192":129,"193":130,"194":131,"195":132,"196":133,"197":134,"198":135,"199":136,"200":137,"201":138,"202":139,"203":140,"204":141,"205":142,"206":143,"207":144,"208":145,"209":146,"210":147,"211":148,"212":149,"213":150,"214":151,"215":152,"216":153,"217":154,"218":155,"219":156,"220":157,"221":158,"222":159,"223":160,"224":161,"225":162,"226":163,"227":164,"228":165,"229":166,"230":167,"231":168,"232":169,"233":170,"234":171,"235":172,"236":173,"237":174,"238":175,"239":176,"240":177,"241":178,"242":179,"243":180,"244":181,"245":182,"246":183,"247":184,"248":185,"249":186,"250":187,"251":188,"252":189,"253":190,"254":191,"255":192,"305":222,"321":220,"322":223,"338":221,"339":224,"352":225,"353":226,"376":245,"381":227,"382":228,"402":196,"710":211,"711":218,"728":213,"729":214,"730":215,"731":217,"732":212,"733":216,"916":243,"937":240,"956":118,"960":238,"8211":202,"8212":219,"8216":194,"8217":193,"8218":206,"8220":197,"8221":208,"8222":207,"8224":203,"8225":204,"8226":205,"8230":209,"8240":210,"8249":198,"8250":199,"8260":195,"8482":230,"8706":235,"8719":237,"8721":236,"8722":229,"8730":241,"8734":232,"8747":239,"8776":242,"8800":231,"8804":233,"8805":234,"9674":244,"64257":200,"64258":201},"Reserves":{"fontname":"Esprit EF Book"},"Names":{"Esprit EF Book":{"name":"Esprit EF Book","longitude":"0.00000001","latitude":"0.00000001","country":"","region":"","city":""}},"Nodes":{"es":{"type":"typal","node":"es","usage":1,"weight":1},"it":{"type":"typal","node":"it","usage":1,"weight":1},"bo":{"type":"typal","node":"bo","usage":1,"weight":1},"ok":{"type":"typal","node":"ok","usage":1,"weight":1},"esp":{"type":"typal","node":"esp","usage":1,"weight":1},"rit":{"type":"typal","node":"rit","usage":1,"weight":1},"boo":{"type":"typal","node":"boo","usage":1,"weight":1},"ook":{"type":"typal","node":"ook","usage":1,"weight":1},"espr":{"type":"keys","node":"espr","usage":1,"weight":1},"prit":{"type":"keys","node":"prit","usage":1,"weight":1},"espri":{"type":"keys","node":"espri","usage":1,"weight":1},"sprit":{"type":"keys","node":"sprit","usage":1,"weight":1},"esprit":{"type":"fixes","node":"esprit","usage":1,"weight":1},"ef":{"type":"fixes","node":"ef","usage":1,"weight":1},"book":{"type":"fixes","node":"book","usage":1,"weight":1}},"Contributors":[],"FontIdentity":"wagovau:ec6b6e063b22c40261cf9285","Bytes":null,"Networking":[],"barcode":"12oao3koy5uu82","referee":"qiw2k2q"}