{"CSS":{"MasonSans-Bold":"MasonSans-Bold.css","Mason Sans Bold":"thatcher0:204c7c40122dcf69a17cd0.css"},"FontType":"TrueType","FontCopyright":"Copyright (C) 1994 Emigre Graphics; Designed by Jonathan Barnbrook","FontName":"MasonSans","FontSubfamily":"Bold","FontSubfamilyID":"FontForge 2.0 : MasonSans-Bold : 15-10-2016","FontFullName":"Mason Sans Bold","FontVersion":"Version 1.00 ","FontWeight":null,"FontPostscriptName":"MasonSans-Bold","Files":{"\/MasonSans-Bold.css":"\/MasonSans-Bold.css","\/font-resource.json":"\/font-resource.json","\/masonsans-bold.afm":"\/masonsans-bold.afm","\/masonsans-bold.cef":"\/masonsans-bold.cef","\/masonsans-bold.cff":"\/masonsans-bold.cff","\/masonsans-bold.eot":"\/masonsans-bold.eot","\/masonsans-bold.gai":"\/masonsans-bold.gai","\/masonsans-bold.gsf":"\/masonsans-bold.gsf","\/masonsans-bold.otf":"\/masonsans-bold.otf","\/masonsans-bold.pf3":"\/masonsans-bold.pf3","\/masonsans-bold.pfa":"\/masonsans-bold.pfa","\/masonsans-bold.pfb":"\/masonsans-bold.pfb","\/masonsans-bold.php":"\/masonsans-bold.php","\/masonsans-bold.pt3":"\/masonsans-bold.pt3","\/masonsans-bold.sfd":"\/masonsans-bold.sfd","\/masonsans-bold.svg":"\/masonsans-bold.svg","\/masonsans-bold.t42":"\/masonsans-bold.t42","\/masonsans-bold.ttd":"\/masonsans-bold.ttd","\/masonsans-bold.ttf":"\/masonsans-bold.ttf","\/masonsans-bold.ttg":"\/masonsans-bold.ttg","\/masonsans-bold.ufm":"\/masonsans-bold.ufm","\/masonsans-bold.woff":"\/masonsans-bold.woff","\/masonsans-bold.z":"\/masonsans-bold.z","\/masonsans-bold.ufo\/feature.fea":"\/masonsans-bold.ufo\/feature.fea","\/masonsans-bold.ufo\/fontinfo.plist":"\/masonsans-bold.ufo\/fontinfo.plist","\/masonsans-bold.ufo\/groups.plist":"\/masonsans-bold.ufo\/groups.plist","\/masonsans-bold.ufo\/kerning.plist":"\/masonsans-bold.ufo\/kerning.plist","\/masonsans-bold.ufo\/metainfo.plist":"\/masonsans-bold.ufo\/metainfo.plist","\/masonsans-bold.ufo\/glyphs\/A_.glif":"\/masonsans-bold.ufo\/glyphs\/A_.glif","\/masonsans-bold.ufo\/glyphs\/A_E_.glif":"\/masonsans-bold.ufo\/glyphs\/A_E_.glif","\/masonsans-bold.ufo\/glyphs\/A_acute.glif":"\/masonsans-bold.ufo\/glyphs\/A_acute.glif","\/masonsans-bold.ufo\/glyphs\/A_circumflex.glif":"\/masonsans-bold.ufo\/glyphs\/A_circumflex.glif","\/masonsans-bold.ufo\/glyphs\/A_dieresis.glif":"\/masonsans-bold.ufo\/glyphs\/A_dieresis.glif","\/masonsans-bold.ufo\/glyphs\/A_grave.glif":"\/masonsans-bold.ufo\/glyphs\/A_grave.glif","\/masonsans-bold.ufo\/glyphs\/A_ring.glif":"\/masonsans-bold.ufo\/glyphs\/A_ring.glif","\/masonsans-bold.ufo\/glyphs\/A_tilde.glif":"\/masonsans-bold.ufo\/glyphs\/A_tilde.glif","\/masonsans-bold.ufo\/glyphs\/B_.glif":"\/masonsans-bold.ufo\/glyphs\/B_.glif","\/masonsans-bold.ufo\/glyphs\/C_.glif":"\/masonsans-bold.ufo\/glyphs\/C_.glif","\/masonsans-bold.ufo\/glyphs\/C_cedilla.glif":"\/masonsans-bold.ufo\/glyphs\/C_cedilla.glif","\/masonsans-bold.ufo\/glyphs\/D_.glif":"\/masonsans-bold.ufo\/glyphs\/D_.glif","\/masonsans-bold.ufo\/glyphs\/E_.glif":"\/masonsans-bold.ufo\/glyphs\/E_.glif","\/masonsans-bold.ufo\/glyphs\/E_acute.glif":"\/masonsans-bold.ufo\/glyphs\/E_acute.glif","\/masonsans-bold.ufo\/glyphs\/E_circumflex.glif":"\/masonsans-bold.ufo\/glyphs\/E_circumflex.glif","\/masonsans-bold.ufo\/glyphs\/E_dieresis.glif":"\/masonsans-bold.ufo\/glyphs\/E_dieresis.glif","\/masonsans-bold.ufo\/glyphs\/E_grave.glif":"\/masonsans-bold.ufo\/glyphs\/E_grave.glif","\/masonsans-bold.ufo\/glyphs\/E_th.glif":"\/masonsans-bold.ufo\/glyphs\/E_th.glif","\/masonsans-bold.ufo\/glyphs\/F_.glif":"\/masonsans-bold.ufo\/glyphs\/F_.glif","\/masonsans-bold.ufo\/glyphs\/G_.glif":"\/masonsans-bold.ufo\/glyphs\/G_.glif","\/masonsans-bold.ufo\/glyphs\/H_.glif":"\/masonsans-bold.ufo\/glyphs\/H_.glif","\/masonsans-bold.ufo\/glyphs\/I_.glif":"\/masonsans-bold.ufo\/glyphs\/I_.glif","\/masonsans-bold.ufo\/glyphs\/I_acute.glif":"\/masonsans-bold.ufo\/glyphs\/I_acute.glif","\/masonsans-bold.ufo\/glyphs\/I_circumflex.glif":"\/masonsans-bold.ufo\/glyphs\/I_circumflex.glif","\/masonsans-bold.ufo\/glyphs\/I_dieresis.glif":"\/masonsans-bold.ufo\/glyphs\/I_dieresis.glif","\/masonsans-bold.ufo\/glyphs\/I_grave.glif":"\/masonsans-bold.ufo\/glyphs\/I_grave.glif","\/masonsans-bold.ufo\/glyphs\/J_.glif":"\/masonsans-bold.ufo\/glyphs\/J_.glif","\/masonsans-bold.ufo\/glyphs\/K_.glif":"\/masonsans-bold.ufo\/glyphs\/K_.glif","\/masonsans-bold.ufo\/glyphs\/L_.glif":"\/masonsans-bold.ufo\/glyphs\/L_.glif","\/masonsans-bold.ufo\/glyphs\/M_.glif":"\/masonsans-bold.ufo\/glyphs\/M_.glif","\/masonsans-bold.ufo\/glyphs\/N_.glif":"\/masonsans-bold.ufo\/glyphs\/N_.glif","\/masonsans-bold.ufo\/glyphs\/N_tilde.glif":"\/masonsans-bold.ufo\/glyphs\/N_tilde.glif","\/masonsans-bold.ufo\/glyphs\/O_.glif":"\/masonsans-bold.ufo\/glyphs\/O_.glif","\/masonsans-bold.ufo\/glyphs\/O_E_.glif":"\/masonsans-bold.ufo\/glyphs\/O_E_.glif","\/masonsans-bold.ufo\/glyphs\/O_acute.glif":"\/masonsans-bold.ufo\/glyphs\/O_acute.glif","\/masonsans-bold.ufo\/glyphs\/O_circumflex.glif":"\/masonsans-bold.ufo\/glyphs\/O_circumflex.glif","\/masonsans-bold.ufo\/glyphs\/O_dieresis.glif":"\/masonsans-bold.ufo\/glyphs\/O_dieresis.glif","\/masonsans-bold.ufo\/glyphs\/O_grave.glif":"\/masonsans-bold.ufo\/glyphs\/O_grave.glif","\/masonsans-bold.ufo\/glyphs\/O_slash.glif":"\/masonsans-bold.ufo\/glyphs\/O_slash.glif","\/masonsans-bold.ufo\/glyphs\/O_tilde.glif":"\/masonsans-bold.ufo\/glyphs\/O_tilde.glif","\/masonsans-bold.ufo\/glyphs\/P_.glif":"\/masonsans-bold.ufo\/glyphs\/P_.glif","\/masonsans-bold.ufo\/glyphs\/Q_.glif":"\/masonsans-bold.ufo\/glyphs\/Q_.glif","\/masonsans-bold.ufo\/glyphs\/R_.glif":"\/masonsans-bold.ufo\/glyphs\/R_.glif","\/masonsans-bold.ufo\/glyphs\/S_.glif":"\/masonsans-bold.ufo\/glyphs\/S_.glif","\/masonsans-bold.ufo\/glyphs\/S_caron.glif":"\/masonsans-bold.ufo\/glyphs\/S_caron.glif","\/masonsans-bold.ufo\/glyphs\/T_.glif":"\/masonsans-bold.ufo\/glyphs\/T_.glif","\/masonsans-bold.ufo\/glyphs\/T_horn.glif":"\/masonsans-bold.ufo\/glyphs\/T_horn.glif","\/masonsans-bold.ufo\/glyphs\/U_.glif":"\/masonsans-bold.ufo\/glyphs\/U_.glif","\/masonsans-bold.ufo\/glyphs\/U_acute.glif":"\/masonsans-bold.ufo\/glyphs\/U_acute.glif","\/masonsans-bold.ufo\/glyphs\/U_circumflex.glif":"\/masonsans-bold.ufo\/glyphs\/U_circumflex.glif","\/masonsans-bold.ufo\/glyphs\/U_dieresis.glif":"\/masonsans-bold.ufo\/glyphs\/U_dieresis.glif","\/masonsans-bold.ufo\/glyphs\/U_grave.glif":"\/masonsans-bold.ufo\/glyphs\/U_grave.glif","\/masonsans-bold.ufo\/glyphs\/V_.glif":"\/masonsans-bold.ufo\/glyphs\/V_.glif","\/masonsans-bold.ufo\/glyphs\/W_.glif":"\/masonsans-bold.ufo\/glyphs\/W_.glif","\/masonsans-bold.ufo\/glyphs\/X_.glif":"\/masonsans-bold.ufo\/glyphs\/X_.glif","\/masonsans-bold.ufo\/glyphs\/Y_.glif":"\/masonsans-bold.ufo\/glyphs\/Y_.glif","\/masonsans-bold.ufo\/glyphs\/Y_acute.glif":"\/masonsans-bold.ufo\/glyphs\/Y_acute.glif","\/masonsans-bold.ufo\/glyphs\/Y_dieresis.glif":"\/masonsans-bold.ufo\/glyphs\/Y_dieresis.glif","\/masonsans-bold.ufo\/glyphs\/Z_.glif":"\/masonsans-bold.ufo\/glyphs\/Z_.glif","\/masonsans-bold.ufo\/glyphs\/_notdef.glif":"\/masonsans-bold.ufo\/glyphs\/_notdef.glif","\/masonsans-bold.ufo\/glyphs\/a.glif":"\/masonsans-bold.ufo\/glyphs\/a.glif","\/masonsans-bold.ufo\/glyphs\/aacute.glif":"\/masonsans-bold.ufo\/glyphs\/aacute.glif","\/masonsans-bold.ufo\/glyphs\/acircumflex.glif":"\/masonsans-bold.ufo\/glyphs\/acircumflex.glif","\/masonsans-bold.ufo\/glyphs\/acute.glif":"\/masonsans-bold.ufo\/glyphs\/acute.glif","\/masonsans-bold.ufo\/glyphs\/adieresis.glif":"\/masonsans-bold.ufo\/glyphs\/adieresis.glif","\/masonsans-bold.ufo\/glyphs\/ae.glif":"\/masonsans-bold.ufo\/glyphs\/ae.glif","\/masonsans-bold.ufo\/glyphs\/agrave.glif":"\/masonsans-bold.ufo\/glyphs\/agrave.glif","\/masonsans-bold.ufo\/glyphs\/ampersand.glif":"\/masonsans-bold.ufo\/glyphs\/ampersand.glif","\/masonsans-bold.ufo\/glyphs\/aring.glif":"\/masonsans-bold.ufo\/glyphs\/aring.glif","\/masonsans-bold.ufo\/glyphs\/asciicircum.glif":"\/masonsans-bold.ufo\/glyphs\/asciicircum.glif","\/masonsans-bold.ufo\/glyphs\/asciitilde.glif":"\/masonsans-bold.ufo\/glyphs\/asciitilde.glif","\/masonsans-bold.ufo\/glyphs\/asterisk.glif":"\/masonsans-bold.ufo\/glyphs\/asterisk.glif","\/masonsans-bold.ufo\/glyphs\/at.glif":"\/masonsans-bold.ufo\/glyphs\/at.glif","\/masonsans-bold.ufo\/glyphs\/atilde.glif":"\/masonsans-bold.ufo\/glyphs\/atilde.glif","\/masonsans-bold.ufo\/glyphs\/b.glif":"\/masonsans-bold.ufo\/glyphs\/b.glif","\/masonsans-bold.ufo\/glyphs\/backslash.glif":"\/masonsans-bold.ufo\/glyphs\/backslash.glif","\/masonsans-bold.ufo\/glyphs\/bar.glif":"\/masonsans-bold.ufo\/glyphs\/bar.glif","\/masonsans-bold.ufo\/glyphs\/braceleft.glif":"\/masonsans-bold.ufo\/glyphs\/braceleft.glif","\/masonsans-bold.ufo\/glyphs\/braceright.glif":"\/masonsans-bold.ufo\/glyphs\/braceright.glif","\/masonsans-bold.ufo\/glyphs\/bracketleft.glif":"\/masonsans-bold.ufo\/glyphs\/bracketleft.glif","\/masonsans-bold.ufo\/glyphs\/bracketright.glif":"\/masonsans-bold.ufo\/glyphs\/bracketright.glif","\/masonsans-bold.ufo\/glyphs\/brokenbar.glif":"\/masonsans-bold.ufo\/glyphs\/brokenbar.glif","\/masonsans-bold.ufo\/glyphs\/bullet.glif":"\/masonsans-bold.ufo\/glyphs\/bullet.glif","\/masonsans-bold.ufo\/glyphs\/c.glif":"\/masonsans-bold.ufo\/glyphs\/c.glif","\/masonsans-bold.ufo\/glyphs\/ccedilla.glif":"\/masonsans-bold.ufo\/glyphs\/ccedilla.glif","\/masonsans-bold.ufo\/glyphs\/cedilla.glif":"\/masonsans-bold.ufo\/glyphs\/cedilla.glif","\/masonsans-bold.ufo\/glyphs\/cent.glif":"\/masonsans-bold.ufo\/glyphs\/cent.glif","\/masonsans-bold.ufo\/glyphs\/circumflex.glif":"\/masonsans-bold.ufo\/glyphs\/circumflex.glif","\/masonsans-bold.ufo\/glyphs\/colon.glif":"\/masonsans-bold.ufo\/glyphs\/colon.glif","\/masonsans-bold.ufo\/glyphs\/comma.glif":"\/masonsans-bold.ufo\/glyphs\/comma.glif","\/masonsans-bold.ufo\/glyphs\/contents.plist":"\/masonsans-bold.ufo\/glyphs\/contents.plist","\/masonsans-bold.ufo\/glyphs\/copyright.glif":"\/masonsans-bold.ufo\/glyphs\/copyright.glif","\/masonsans-bold.ufo\/glyphs\/currency.glif":"\/masonsans-bold.ufo\/glyphs\/currency.glif","\/masonsans-bold.ufo\/glyphs\/d.glif":"\/masonsans-bold.ufo\/glyphs\/d.glif","\/masonsans-bold.ufo\/glyphs\/dagger.glif":"\/masonsans-bold.ufo\/glyphs\/dagger.glif","\/masonsans-bold.ufo\/glyphs\/daggerdbl.glif":"\/masonsans-bold.ufo\/glyphs\/daggerdbl.glif","\/masonsans-bold.ufo\/glyphs\/degree.glif":"\/masonsans-bold.ufo\/glyphs\/degree.glif","\/masonsans-bold.ufo\/glyphs\/dieresis.glif":"\/masonsans-bold.ufo\/glyphs\/dieresis.glif","\/masonsans-bold.ufo\/glyphs\/divide.glif":"\/masonsans-bold.ufo\/glyphs\/divide.glif","\/masonsans-bold.ufo\/glyphs\/dollar.glif":"\/masonsans-bold.ufo\/glyphs\/dollar.glif","\/masonsans-bold.ufo\/glyphs\/e.glif":"\/masonsans-bold.ufo\/glyphs\/e.glif","\/masonsans-bold.ufo\/glyphs\/eacute.glif":"\/masonsans-bold.ufo\/glyphs\/eacute.glif","\/masonsans-bold.ufo\/glyphs\/ecircumflex.glif":"\/masonsans-bold.ufo\/glyphs\/ecircumflex.glif","\/masonsans-bold.ufo\/glyphs\/edieresis.glif":"\/masonsans-bold.ufo\/glyphs\/edieresis.glif","\/masonsans-bold.ufo\/glyphs\/egrave.glif":"\/masonsans-bold.ufo\/glyphs\/egrave.glif","\/masonsans-bold.ufo\/glyphs\/eight.glif":"\/masonsans-bold.ufo\/glyphs\/eight.glif","\/masonsans-bold.ufo\/glyphs\/ellipsis.glif":"\/masonsans-bold.ufo\/glyphs\/ellipsis.glif","\/masonsans-bold.ufo\/glyphs\/emdash.glif":"\/masonsans-bold.ufo\/glyphs\/emdash.glif","\/masonsans-bold.ufo\/glyphs\/endash.glif":"\/masonsans-bold.ufo\/glyphs\/endash.glif","\/masonsans-bold.ufo\/glyphs\/equal.glif":"\/masonsans-bold.ufo\/glyphs\/equal.glif","\/masonsans-bold.ufo\/glyphs\/eth.glif":"\/masonsans-bold.ufo\/glyphs\/eth.glif","\/masonsans-bold.ufo\/glyphs\/exclam.glif":"\/masonsans-bold.ufo\/glyphs\/exclam.glif","\/masonsans-bold.ufo\/glyphs\/exclamdown.glif":"\/masonsans-bold.ufo\/glyphs\/exclamdown.glif","\/masonsans-bold.ufo\/glyphs\/f.glif":"\/masonsans-bold.ufo\/glyphs\/f.glif","\/masonsans-bold.ufo\/glyphs\/five.glif":"\/masonsans-bold.ufo\/glyphs\/five.glif","\/masonsans-bold.ufo\/glyphs\/florin.glif":"\/masonsans-bold.ufo\/glyphs\/florin.glif","\/masonsans-bold.ufo\/glyphs\/four.glif":"\/masonsans-bold.ufo\/glyphs\/four.glif","\/masonsans-bold.ufo\/glyphs\/g.glif":"\/masonsans-bold.ufo\/glyphs\/g.glif","\/masonsans-bold.ufo\/glyphs\/germandbls.glif":"\/masonsans-bold.ufo\/glyphs\/germandbls.glif","\/masonsans-bold.ufo\/glyphs\/grave.glif":"\/masonsans-bold.ufo\/glyphs\/grave.glif","\/masonsans-bold.ufo\/glyphs\/greater.glif":"\/masonsans-bold.ufo\/glyphs\/greater.glif","\/masonsans-bold.ufo\/glyphs\/guillemotleft.glif":"\/masonsans-bold.ufo\/glyphs\/guillemotleft.glif","\/masonsans-bold.ufo\/glyphs\/guillemotright.glif":"\/masonsans-bold.ufo\/glyphs\/guillemotright.glif","\/masonsans-bold.ufo\/glyphs\/guilsinglleft.glif":"\/masonsans-bold.ufo\/glyphs\/guilsinglleft.glif","\/masonsans-bold.ufo\/glyphs\/guilsinglright.glif":"\/masonsans-bold.ufo\/glyphs\/guilsinglright.glif","\/masonsans-bold.ufo\/glyphs\/h.glif":"\/masonsans-bold.ufo\/glyphs\/h.glif","\/masonsans-bold.ufo\/glyphs\/hyphen.glif":"\/masonsans-bold.ufo\/glyphs\/hyphen.glif","\/masonsans-bold.ufo\/glyphs\/i.glif":"\/masonsans-bold.ufo\/glyphs\/i.glif","\/masonsans-bold.ufo\/glyphs\/iacute.glif":"\/masonsans-bold.ufo\/glyphs\/iacute.glif","\/masonsans-bold.ufo\/glyphs\/icircumflex.glif":"\/masonsans-bold.ufo\/glyphs\/icircumflex.glif","\/masonsans-bold.ufo\/glyphs\/idieresis.glif":"\/masonsans-bold.ufo\/glyphs\/idieresis.glif","\/masonsans-bold.ufo\/glyphs\/igrave.glif":"\/masonsans-bold.ufo\/glyphs\/igrave.glif","\/masonsans-bold.ufo\/glyphs\/j.glif":"\/masonsans-bold.ufo\/glyphs\/j.glif","\/masonsans-bold.ufo\/glyphs\/k.glif":"\/masonsans-bold.ufo\/glyphs\/k.glif","\/masonsans-bold.ufo\/glyphs\/l.glif":"\/masonsans-bold.ufo\/glyphs\/l.glif","\/masonsans-bold.ufo\/glyphs\/less.glif":"\/masonsans-bold.ufo\/glyphs\/less.glif","\/masonsans-bold.ufo\/glyphs\/logicalnot.glif":"\/masonsans-bold.ufo\/glyphs\/logicalnot.glif","\/masonsans-bold.ufo\/glyphs\/m.glif":"\/masonsans-bold.ufo\/glyphs\/m.glif","\/masonsans-bold.ufo\/glyphs\/macron.glif":"\/masonsans-bold.ufo\/glyphs\/macron.glif","\/masonsans-bold.ufo\/glyphs\/minus.glif":"\/masonsans-bold.ufo\/glyphs\/minus.glif","\/masonsans-bold.ufo\/glyphs\/mu.glif":"\/masonsans-bold.ufo\/glyphs\/mu.glif","\/masonsans-bold.ufo\/glyphs\/multiply.glif":"\/masonsans-bold.ufo\/glyphs\/multiply.glif","\/masonsans-bold.ufo\/glyphs\/n.glif":"\/masonsans-bold.ufo\/glyphs\/n.glif","\/masonsans-bold.ufo\/glyphs\/nbspace.glif":"\/masonsans-bold.ufo\/glyphs\/nbspace.glif","\/masonsans-bold.ufo\/glyphs\/nine.glif":"\/masonsans-bold.ufo\/glyphs\/nine.glif","\/masonsans-bold.ufo\/glyphs\/ntilde.glif":"\/masonsans-bold.ufo\/glyphs\/ntilde.glif","\/masonsans-bold.ufo\/glyphs\/numbersign.glif":"\/masonsans-bold.ufo\/glyphs\/numbersign.glif","\/masonsans-bold.ufo\/glyphs\/o.glif":"\/masonsans-bold.ufo\/glyphs\/o.glif","\/masonsans-bold.ufo\/glyphs\/oacute.glif":"\/masonsans-bold.ufo\/glyphs\/oacute.glif","\/masonsans-bold.ufo\/glyphs\/ocircumflex.glif":"\/masonsans-bold.ufo\/glyphs\/ocircumflex.glif","\/masonsans-bold.ufo\/glyphs\/odieresis.glif":"\/masonsans-bold.ufo\/glyphs\/odieresis.glif","\/masonsans-bold.ufo\/glyphs\/oe.glif":"\/masonsans-bold.ufo\/glyphs\/oe.glif","\/masonsans-bold.ufo\/glyphs\/ograve.glif":"\/masonsans-bold.ufo\/glyphs\/ograve.glif","\/masonsans-bold.ufo\/glyphs\/one.glif":"\/masonsans-bold.ufo\/glyphs\/one.glif","\/masonsans-bold.ufo\/glyphs\/onehalf.glif":"\/masonsans-bold.ufo\/glyphs\/onehalf.glif","\/masonsans-bold.ufo\/glyphs\/onequarter.glif":"\/masonsans-bold.ufo\/glyphs\/onequarter.glif","\/masonsans-bold.ufo\/glyphs\/onesuperior.glif":"\/masonsans-bold.ufo\/glyphs\/onesuperior.glif","\/masonsans-bold.ufo\/glyphs\/ordfeminine.glif":"\/masonsans-bold.ufo\/glyphs\/ordfeminine.glif","\/masonsans-bold.ufo\/glyphs\/ordmasculine.glif":"\/masonsans-bold.ufo\/glyphs\/ordmasculine.glif","\/masonsans-bold.ufo\/glyphs\/oslash.glif":"\/masonsans-bold.ufo\/glyphs\/oslash.glif","\/masonsans-bold.ufo\/glyphs\/otilde.glif":"\/masonsans-bold.ufo\/glyphs\/otilde.glif","\/masonsans-bold.ufo\/glyphs\/p.glif":"\/masonsans-bold.ufo\/glyphs\/p.glif","\/masonsans-bold.ufo\/glyphs\/paragraph.glif":"\/masonsans-bold.ufo\/glyphs\/paragraph.glif","\/masonsans-bold.ufo\/glyphs\/parenleft.glif":"\/masonsans-bold.ufo\/glyphs\/parenleft.glif","\/masonsans-bold.ufo\/glyphs\/parenright.glif":"\/masonsans-bold.ufo\/glyphs\/parenright.glif","\/masonsans-bold.ufo\/glyphs\/percent.glif":"\/masonsans-bold.ufo\/glyphs\/percent.glif","\/masonsans-bold.ufo\/glyphs\/period.glif":"\/masonsans-bold.ufo\/glyphs\/period.glif","\/masonsans-bold.ufo\/glyphs\/periodcentered.glif":"\/masonsans-bold.ufo\/glyphs\/periodcentered.glif","\/masonsans-bold.ufo\/glyphs\/perthousand.glif":"\/masonsans-bold.ufo\/glyphs\/perthousand.glif","\/masonsans-bold.ufo\/glyphs\/plus.glif":"\/masonsans-bold.ufo\/glyphs\/plus.glif","\/masonsans-bold.ufo\/glyphs\/plusminus.glif":"\/masonsans-bold.ufo\/glyphs\/plusminus.glif","\/masonsans-bold.ufo\/glyphs\/q.glif":"\/masonsans-bold.ufo\/glyphs\/q.glif","\/masonsans-bold.ufo\/glyphs\/question.glif":"\/masonsans-bold.ufo\/glyphs\/question.glif","\/masonsans-bold.ufo\/glyphs\/questiondown.glif":"\/masonsans-bold.ufo\/glyphs\/questiondown.glif","\/masonsans-bold.ufo\/glyphs\/quotedbl.glif":"\/masonsans-bold.ufo\/glyphs\/quotedbl.glif","\/masonsans-bold.ufo\/glyphs\/quotedblbase.glif":"\/masonsans-bold.ufo\/glyphs\/quotedblbase.glif","\/masonsans-bold.ufo\/glyphs\/quotedblleft.glif":"\/masonsans-bold.ufo\/glyphs\/quotedblleft.glif","\/masonsans-bold.ufo\/glyphs\/quotedblright.glif":"\/masonsans-bold.ufo\/glyphs\/quotedblright.glif","\/masonsans-bold.ufo\/glyphs\/quoteleft.glif":"\/masonsans-bold.ufo\/glyphs\/quoteleft.glif","\/masonsans-bold.ufo\/glyphs\/quoteright.glif":"\/masonsans-bold.ufo\/glyphs\/quoteright.glif","\/masonsans-bold.ufo\/glyphs\/quotesinglbase.glif":"\/masonsans-bold.ufo\/glyphs\/quotesinglbase.glif","\/masonsans-bold.ufo\/glyphs\/quotesingle.glif":"\/masonsans-bold.ufo\/glyphs\/quotesingle.glif","\/masonsans-bold.ufo\/glyphs\/r.glif":"\/masonsans-bold.ufo\/glyphs\/r.glif","\/masonsans-bold.ufo\/glyphs\/registered.glif":"\/masonsans-bold.ufo\/glyphs\/registered.glif","\/masonsans-bold.ufo\/glyphs\/s.glif":"\/masonsans-bold.ufo\/glyphs\/s.glif","\/masonsans-bold.ufo\/glyphs\/scaron.glif":"\/masonsans-bold.ufo\/glyphs\/scaron.glif","\/masonsans-bold.ufo\/glyphs\/section.glif":"\/masonsans-bold.ufo\/glyphs\/section.glif","\/masonsans-bold.ufo\/glyphs\/semicolon.glif":"\/masonsans-bold.ufo\/glyphs\/semicolon.glif","\/masonsans-bold.ufo\/glyphs\/seven.glif":"\/masonsans-bold.ufo\/glyphs\/seven.glif","\/masonsans-bold.ufo\/glyphs\/six.glif":"\/masonsans-bold.ufo\/glyphs\/six.glif","\/masonsans-bold.ufo\/glyphs\/slash.glif":"\/masonsans-bold.ufo\/glyphs\/slash.glif","\/masonsans-bold.ufo\/glyphs\/space.glif":"\/masonsans-bold.ufo\/glyphs\/space.glif","\/masonsans-bold.ufo\/glyphs\/sterling.glif":"\/masonsans-bold.ufo\/glyphs\/sterling.glif","\/masonsans-bold.ufo\/glyphs\/t.glif":"\/masonsans-bold.ufo\/glyphs\/t.glif","\/masonsans-bold.ufo\/glyphs\/thorn.glif":"\/masonsans-bold.ufo\/glyphs\/thorn.glif","\/masonsans-bold.ufo\/glyphs\/three.glif":"\/masonsans-bold.ufo\/glyphs\/three.glif","\/masonsans-bold.ufo\/glyphs\/threequarters.glif":"\/masonsans-bold.ufo\/glyphs\/threequarters.glif","\/masonsans-bold.ufo\/glyphs\/threesuperior.glif":"\/masonsans-bold.ufo\/glyphs\/threesuperior.glif","\/masonsans-bold.ufo\/glyphs\/tilde.glif":"\/masonsans-bold.ufo\/glyphs\/tilde.glif","\/masonsans-bold.ufo\/glyphs\/trademark.glif":"\/masonsans-bold.ufo\/glyphs\/trademark.glif","\/masonsans-bold.ufo\/glyphs\/two.glif":"\/masonsans-bold.ufo\/glyphs\/two.glif","\/masonsans-bold.ufo\/glyphs\/twosuperior.glif":"\/masonsans-bold.ufo\/glyphs\/twosuperior.glif","\/masonsans-bold.ufo\/glyphs\/u.glif":"\/masonsans-bold.ufo\/glyphs\/u.glif","\/masonsans-bold.ufo\/glyphs\/uacute.glif":"\/masonsans-bold.ufo\/glyphs\/uacute.glif","\/masonsans-bold.ufo\/glyphs\/ucircumflex.glif":"\/masonsans-bold.ufo\/glyphs\/ucircumflex.glif","\/masonsans-bold.ufo\/glyphs\/udieresis.glif":"\/masonsans-bold.ufo\/glyphs\/udieresis.glif","\/masonsans-bold.ufo\/glyphs\/ugrave.glif":"\/masonsans-bold.ufo\/glyphs\/ugrave.glif","\/masonsans-bold.ufo\/glyphs\/underscore.glif":"\/masonsans-bold.ufo\/glyphs\/underscore.glif","\/masonsans-bold.ufo\/glyphs\/v.glif":"\/masonsans-bold.ufo\/glyphs\/v.glif","\/masonsans-bold.ufo\/glyphs\/w.glif":"\/masonsans-bold.ufo\/glyphs\/w.glif","\/masonsans-bold.ufo\/glyphs\/x.glif":"\/masonsans-bold.ufo\/glyphs\/x.glif","\/masonsans-bold.ufo\/glyphs\/y.glif":"\/masonsans-bold.ufo\/glyphs\/y.glif","\/masonsans-bold.ufo\/glyphs\/yacute.glif":"\/masonsans-bold.ufo\/glyphs\/yacute.glif","\/masonsans-bold.ufo\/glyphs\/ydieresis.glif":"\/masonsans-bold.ufo\/glyphs\/ydieresis.glif","\/masonsans-bold.ufo\/glyphs\/yen.glif":"\/masonsans-bold.ufo\/glyphs\/yen.glif","\/masonsans-bold.ufo\/glyphs\/z.glif":"\/masonsans-bold.ufo\/glyphs\/z.glif","\/masonsans-bold.ufo\/glyphs\/zero.glif":"\/masonsans-bold.ufo\/glyphs\/zero.glif"},"Font":{"uploaded":1478175783.6813,"licence":"gpl3","company":"Chronolabs Cooperative","title":"Mason Sans Bold","version":3.002,"date":"Sat Oct 15 02:21:26 2016","creator":"root","type":"1","matrix":"0.001 0 0 0.001 0 0","named":"MasonSans-Bold","painttype":"0","info":"10 dict dup","name":"MasonSans-Bold","family":"MasonSans","weight":"Bold","fstype":"0","italicangle":"0","underlineposition":"","underlinethickness":""},"Licences":{"":false},"Table":{"FFTM":{"entryLength":16,"tag":"FFTM","checksum":1955371420,"offset":25328,"length":28},"GDEF":{"entryLength":16,"tag":"GDEF","checksum":17235974,"offset":25296,"length":32},"OS\/2":{"entryLength":16,"tag":"OS\/2","checksum":1490486370,"offset":344,"length":86},"cmap":{"entryLength":16,"tag":"cmap","checksum":2195243471,"offset":1304,"length":504},"gasp":{"entryLength":16,"tag":"gasp","checksum":4294901763,"offset":25288,"length":8},"glyf":{"entryLength":16,"tag":"glyf","checksum":788201077,"offset":2248,"length":21876},"head":{"entryLength":16,"tag":"head","checksum":205513595,"offset":220,"length":54},"hhea":{"entryLength":16,"tag":"hhea","checksum":146080248,"offset":276,"length":36},"hmtx":{"entryLength":16,"tag":"hmtx","checksum":3660003813,"offset":432,"length":872},"loca":{"entryLength":16,"tag":"loca","checksum":3190729042,"offset":1808,"length":438},"maxp":{"entryLength":16,"tag":"maxp","checksum":19071104,"offset":312,"length":32},"name":{"entryLength":16,"tag":"name","checksum":2835021750,"offset":24124,"length":684},"post":{"entryLength":16,"tag":"post","checksum":4137331076,"offset":24808,"length":478}},"UnicodeCharMap":{"32":3,"33":4,"34":5,"35":6,"36":7,"37":8,"38":9,"39":10,"40":11,"41":12,"42":13,"43":14,"44":15,"45":16,"46":17,"47":18,"48":19,"49":20,"50":21,"51":22,"52":23,"53":24,"54":25,"55":26,"56":27,"57":28,"58":29,"59":30,"60":31,"61":32,"62":33,"63":34,"64":35,"65":36,"66":37,"67":38,"68":39,"69":40,"70":41,"71":42,"72":43,"73":44,"74":45,"75":46,"76":47,"77":48,"78":49,"79":50,"80":51,"81":52,"82":53,"83":54,"84":55,"85":56,"86":57,"87":58,"88":59,"89":60,"90":61,"91":62,"92":63,"93":64,"94":65,"95":66,"96":67,"97":68,"98":69,"99":70,"100":71,"101":72,"102":73,"103":74,"104":75,"105":76,"106":77,"107":78,"108":79,"109":80,"110":81,"111":82,"112":83,"113":84,"114":85,"115":86,"116":87,"117":88,"118":89,"119":90,"120":91,"121":92,"122":93,"123":94,"124":95,"125":96,"126":97,"160":98,"161":99,"162":100,"163":101,"164":102,"165":103,"166":104,"167":105,"168":106,"169":107,"170":108,"171":109,"172":110,"174":112,"175":113,"176":114,"177":115,"178":116,"179":117,"180":118,"182":120,"183":121,"184":122,"185":123,"186":124,"187":125,"188":126,"189":127,"190":128,"191":129,"192":130,"193":131,"194":132,"195":133,"196":134,"197":135,"198":136,"199":137,"200":138,"201":139,"202":140,"203":141,"204":142,"205":143,"206":144,"207":145,"208":146,"209":147,"210":148,"211":149,"212":150,"213":151,"214":152,"215":153,"216":154,"217":155,"218":156,"219":157,"220":158,"221":159,"222":160,"223":161,"224":162,"225":163,"226":164,"227":165,"228":166,"229":167,"230":168,"231":169,"232":170,"233":171,"234":172,"235":173,"236":174,"237":175,"238":176,"239":177,"240":178,"241":179,"242":180,"243":181,"244":182,"245":183,"246":184,"247":185,"248":186,"249":187,"250":188,"251":189,"252":190,"253":191,"254":192,"255":193,"338":204,"339":216,"352":202,"353":214,"376":217,"402":195,"710":200,"732":212,"956":119,"8211":210,"8212":211,"8216":205,"8217":206,"8218":194,"8220":207,"8221":208,"8222":196,"8224":198,"8225":199,"8226":209,"8230":197,"8240":201,"8249":203,"8250":215,"8482":213,"8722":111},"Reserves":{"fontname":"Mason Sans Bold"},"Names":{"Mason Sans Bold":{"name":"Mason Sans Bold","longitude":"0.00000001","latitude":"0.00000001","country":"","region":"","city":""}},"Nodes":{"ma":{"type":"typal","node":"ma","usage":1,"weight":1},"on":{"type":"typal","node":"on","usage":1,"weight":1},"sa":{"type":"typal","node":"sa","usage":1,"weight":1},"ns":{"type":"typal","node":"ns","usage":1,"weight":1},"bo":{"type":"typal","node":"bo","usage":1,"weight":1},"ld":{"type":"typal","node":"ld","usage":1,"weight":1},"mas":{"type":"typal","node":"mas","usage":1,"weight":1},"son":{"type":"typal","node":"son","usage":1,"weight":1},"san":{"type":"typal","node":"san","usage":1,"weight":1},"ans":{"type":"typal","node":"ans","usage":1,"weight":1},"bol":{"type":"typal","node":"bol","usage":1,"weight":1},"old":{"type":"typal","node":"old","usage":1,"weight":1},"maso":{"type":"keys","node":"maso","usage":1,"weight":1},"ason":{"type":"keys","node":"ason","usage":1,"weight":1},"mason":{"type":"fixes","node":"mason","usage":1,"weight":1},"sans":{"type":"fixes","node":"sans","usage":1,"weight":1},"bold":{"type":"fixes","node":"bold","usage":1,"weight":1}},"Contributors":[],"FontIdentity":"thatcher0:204c7c40122dcf69a17cd0","Bytes":null,"Networking":[],"barcode":"12wogycekyaqkq","referee":"kgyqwk-3"}