{"CSS":{"ae_Salem":"ae_Salem.css"},"FontType":"TrueType","FontCopyright":"Typeface and data \u00a9 2003, Arabeyes.org. This font is distributed under the terms of GPL license.","FontName":"ae_Salem","FontSubfamily":"Regular","FontSubfamilyID":"FutureSoft","FontFullName":"ae_Salem","FontVersion":"Version 1.0 - March 2000","FontWeight":null,"FontPostscriptName":"ae_Salem","Files":{"CompendiumLightSSi.css":"CompendiumLightSSi.css","af7d648012d2600c314fd8fefbdb6247.afm":"af7d648012d2600c314fd8fefbdb6247.afm","af7d648012d2600c314fd8fefbdb6247.bin":"af7d648012d2600c314fd8fefbdb6247.bin","af7d648012d2600c314fd8fefbdb6247.cef":"af7d648012d2600c314fd8fefbdb6247.cef","af7d648012d2600c314fd8fefbdb6247.cff":"af7d648012d2600c314fd8fefbdb6247.cff","af7d648012d2600c314fd8fefbdb6247.dfont":"af7d648012d2600c314fd8fefbdb6247.dfont","af7d648012d2600c314fd8fefbdb6247.eot":"af7d648012d2600c314fd8fefbdb6247.eot","af7d648012d2600c314fd8fefbdb6247.fon":"af7d648012d2600c314fd8fefbdb6247.fon","af7d648012d2600c314fd8fefbdb6247.gai":"af7d648012d2600c314fd8fefbdb6247.gai","af7d648012d2600c314fd8fefbdb6247.gsf":"af7d648012d2600c314fd8fefbdb6247.gsf","af7d648012d2600c314fd8fefbdb6247.hqx":"af7d648012d2600c314fd8fefbdb6247.hqx","af7d648012d2600c314fd8fefbdb6247.ik":"af7d648012d2600c314fd8fefbdb6247.ik","af7d648012d2600c314fd8fefbdb6247.mf":"af7d648012d2600c314fd8fefbdb6247.mf","af7d648012d2600c314fd8fefbdb6247.otf":"af7d648012d2600c314fd8fefbdb6247.otf","af7d648012d2600c314fd8fefbdb6247.pcf":"af7d648012d2600c314fd8fefbdb6247.pcf","af7d648012d2600c314fd8fefbdb6247.pf3":"af7d648012d2600c314fd8fefbdb6247.pf3","af7d648012d2600c314fd8fefbdb6247.pfa":"af7d648012d2600c314fd8fefbdb6247.pfa","af7d648012d2600c314fd8fefbdb6247.pfb":"af7d648012d2600c314fd8fefbdb6247.pfb","af7d648012d2600c314fd8fefbdb6247.pmf":"af7d648012d2600c314fd8fefbdb6247.pmf","af7d648012d2600c314fd8fefbdb6247.pt3":"af7d648012d2600c314fd8fefbdb6247.pt3","af7d648012d2600c314fd8fefbdb6247.sfd":"af7d648012d2600c314fd8fefbdb6247.sfd","af7d648012d2600c314fd8fefbdb6247.svg":"af7d648012d2600c314fd8fefbdb6247.svg","af7d648012d2600c314fd8fefbdb6247.t42":"af7d648012d2600c314fd8fefbdb6247.t42","af7d648012d2600c314fd8fefbdb6247.ttf":"af7d648012d2600c314fd8fefbdb6247.ttf","af7d648012d2600c314fd8fefbdb6247.woff":"af7d648012d2600c314fd8fefbdb6247.woff","font-resource.json":"font-resource.json","\/fonts\/Converting\/simon@staff.labs.coop\/af7d648012d2600c314fd8fefbdb6247":{"CompendiumLightSSi.css":"CompendiumLightSSi.css","af7d648012d2600c314fd8fefbdb6247.afm":"af7d648012d2600c314fd8fefbdb6247.afm","af7d648012d2600c314fd8fefbdb6247.bin":"af7d648012d2600c314fd8fefbdb6247.bin","af7d648012d2600c314fd8fefbdb6247.cef":"af7d648012d2600c314fd8fefbdb6247.cef","af7d648012d2600c314fd8fefbdb6247.cff":"af7d648012d2600c314fd8fefbdb6247.cff","af7d648012d2600c314fd8fefbdb6247.dfont":"af7d648012d2600c314fd8fefbdb6247.dfont","af7d648012d2600c314fd8fefbdb6247.eot":"af7d648012d2600c314fd8fefbdb6247.eot","af7d648012d2600c314fd8fefbdb6247.fon":"af7d648012d2600c314fd8fefbdb6247.fon","af7d648012d2600c314fd8fefbdb6247.gai":"af7d648012d2600c314fd8fefbdb6247.gai","af7d648012d2600c314fd8fefbdb6247.gsf":"af7d648012d2600c314fd8fefbdb6247.gsf","af7d648012d2600c314fd8fefbdb6247.hqx":"af7d648012d2600c314fd8fefbdb6247.hqx","af7d648012d2600c314fd8fefbdb6247.ik":"af7d648012d2600c314fd8fefbdb6247.ik","af7d648012d2600c314fd8fefbdb6247.mf":"af7d648012d2600c314fd8fefbdb6247.mf","af7d648012d2600c314fd8fefbdb6247.otf":"af7d648012d2600c314fd8fefbdb6247.otf","af7d648012d2600c314fd8fefbdb6247.pcf":"af7d648012d2600c314fd8fefbdb6247.pcf","af7d648012d2600c314fd8fefbdb6247.pf3":"af7d648012d2600c314fd8fefbdb6247.pf3","af7d648012d2600c314fd8fefbdb6247.pfa":"af7d648012d2600c314fd8fefbdb6247.pfa","af7d648012d2600c314fd8fefbdb6247.pfb":"af7d648012d2600c314fd8fefbdb6247.pfb","af7d648012d2600c314fd8fefbdb6247.pmf":"af7d648012d2600c314fd8fefbdb6247.pmf","af7d648012d2600c314fd8fefbdb6247.pt3":"af7d648012d2600c314fd8fefbdb6247.pt3","af7d648012d2600c314fd8fefbdb6247.sfd":"af7d648012d2600c314fd8fefbdb6247.sfd","af7d648012d2600c314fd8fefbdb6247.svg":"af7d648012d2600c314fd8fefbdb6247.svg","af7d648012d2600c314fd8fefbdb6247.t42":"af7d648012d2600c314fd8fefbdb6247.t42","af7d648012d2600c314fd8fefbdb6247.ttf":"af7d648012d2600c314fd8fefbdb6247.ttf","af7d648012d2600c314fd8fefbdb6247.woff":"af7d648012d2600c314fd8fefbdb6247.woff","font-resource.json":"font-resource.json"},"af7d648012d2600c314fd8fefbdb6247.ufo":{"feature.fea":"feature.fea","fontinfo.plist":"fontinfo.plist","groups.plist":"groups.plist","kerning.plist":"kerning.plist","metainfo.plist":"metainfo.plist"},"af7d648012d2600c314fd8fefbdb6247.ufo\/glyphs":{"A_.glif":"A_.glif","A_E_.glif":"A_E_.glif","A_acute.glif":"A_acute.glif","A_circumflex.glif":"A_circumflex.glif","A_dieresis.glif":"A_dieresis.glif","A_grave.glif":"A_grave.glif","A_ring.glif":"A_ring.glif","A_tilde.glif":"A_tilde.glif","B_.glif":"B_.glif","C_.glif":"C_.glif","C_cedilla.glif":"C_cedilla.glif","D_.glif":"D_.glif","D_elta.glif":"D_elta.glif","E_.glif":"E_.glif","E_acute.glif":"E_acute.glif","E_circumflex.glif":"E_circumflex.glif","E_dieresis.glif":"E_dieresis.glif","E_grave.glif":"E_grave.glif","E_th.glif":"E_th.glif","F_.glif":"F_.glif","G_.glif":"G_.glif","H_.glif":"H_.glif","I_.glif":"I_.glif","I_acute.glif":"I_acute.glif","I_circumflex.glif":"I_circumflex.glif","I_dieresis.glif":"I_dieresis.glif","I_grave.glif":"I_grave.glif","J_.glif":"J_.glif","K_.glif":"K_.glif","L_.glif":"L_.glif","L_slash.glif":"L_slash.glif","M_.glif":"M_.glif","N_.glif":"N_.glif","N_tilde.glif":"N_tilde.glif","O_.glif":"O_.glif","O_E_.glif":"O_E_.glif","O_acute.glif":"O_acute.glif","O_circumflex.glif":"O_circumflex.glif","O_dieresis.glif":"O_dieresis.glif","O_grave.glif":"O_grave.glif","O_mega.glif":"O_mega.glif","O_slash.glif":"O_slash.glif","O_tilde.glif":"O_tilde.glif","P_.glif":"P_.glif","Q_.glif":"Q_.glif","R_.glif":"R_.glif","S_.glif":"S_.glif","S_caron.glif":"S_caron.glif","T_.glif":"T_.glif","T_horn.glif":"T_horn.glif","U_.glif":"U_.glif","U_acute.glif":"U_acute.glif","U_circumflex.glif":"U_circumflex.glif","U_dieresis.glif":"U_dieresis.glif","U_grave.glif":"U_grave.glif","V_.glif":"V_.glif","W_.glif":"W_.glif","X_.glif":"X_.glif","Y_.glif":"Y_.glif","Y_acute.glif":"Y_acute.glif","Y_dieresis.glif":"Y_dieresis.glif","Z_.glif":"Z_.glif","Z_caron.glif":"Z_caron.glif","_notdef.glif":"_notdef.glif","_null.glif":"_null.glif","a.glif":"a.glif","aacute.glif":"aacute.glif","acircumflex.glif":"acircumflex.glif","acute.glif":"acute.glif","adieresis.glif":"adieresis.glif","ae.glif":"ae.glif","agrave.glif":"agrave.glif","ampersand.glif":"ampersand.glif","apple.glif":"apple.glif","approxequal.glif":"approxequal.glif","aring.glif":"aring.glif","asciicircum.glif":"asciicircum.glif","asciitilde.glif":"asciitilde.glif","asterisk.glif":"asterisk.glif","at.glif":"at.glif","atilde.glif":"atilde.glif","b.glif":"b.glif","backslash.glif":"backslash.glif","bar.glif":"bar.glif","braceleft.glif":"braceleft.glif","braceright.glif":"braceright.glif","bracketleft.glif":"bracketleft.glif","bracketright.glif":"bracketright.glif","breve.glif":"breve.glif","brokenbar.glif":"brokenbar.glif","bullet.glif":"bullet.glif","c.glif":"c.glif","caron.glif":"caron.glif","ccedilla.glif":"ccedilla.glif","cedilla.glif":"cedilla.glif","cent.glif":"cent.glif","circumflex.glif":"circumflex.glif","colon.glif":"colon.glif","comma.glif":"comma.glif","contents.plist":"contents.plist","copyright.glif":"copyright.glif","currency.glif":"currency.glif","d.glif":"d.glif","dagger.glif":"dagger.glif","daggerdbl.glif":"daggerdbl.glif","degree.glif":"degree.glif","dieresis.glif":"dieresis.glif","divide.glif":"divide.glif","dollar.glif":"dollar.glif","dotaccent.glif":"dotaccent.glif","dotlessi.glif":"dotlessi.glif","e.glif":"e.glif","eacute.glif":"eacute.glif","ecircumflex.glif":"ecircumflex.glif","edieresis.glif":"edieresis.glif","egrave.glif":"egrave.glif","eight.glif":"eight.glif","ellipsis.glif":"ellipsis.glif","emdash.glif":"emdash.glif","endash.glif":"endash.glif","equal.glif":"equal.glif","eth.glif":"eth.glif","exclam.glif":"exclam.glif","exclamdown.glif":"exclamdown.glif","f.glif":"f.glif","fi.glif":"fi.glif","five.glif":"five.glif","fl.glif":"fl.glif","florin.glif":"florin.glif","four.glif":"four.glif","fraction.glif":"fraction.glif","g.glif":"g.glif","germandbls.glif":"germandbls.glif","grave.glif":"grave.glif","greater.glif":"greater.glif","greaterequal.glif":"greaterequal.glif","guillemotleft.glif":"guillemotleft.glif","guillemotright.glif":"guillemotright.glif","guilsinglleft.glif":"guilsinglleft.glif","guilsinglright.glif":"guilsinglright.glif","h.glif":"h.glif","hungarumlaut.glif":"hungarumlaut.glif","hyphen.glif":"hyphen.glif","i.glif":"i.glif","iacute.glif":"iacute.glif","icircumflex.glif":"icircumflex.glif","idieresis.glif":"idieresis.glif","igrave.glif":"igrave.glif","infinity.glif":"infinity.glif","integral.glif":"integral.glif","j.glif":"j.glif","k.glif":"k.glif","l.glif":"l.glif","less.glif":"less.glif","lessequal.glif":"lessequal.glif","logicalnot.glif":"logicalnot.glif","lozenge.glif":"lozenge.glif","lslash.glif":"lslash.glif","m.glif":"m.glif","macron.glif":"macron.glif","minus.glif":"minus.glif","mu.glif":"mu.glif","multiply.glif":"multiply.glif","n.glif":"n.glif","nine.glif":"nine.glif","nonbreakingspace.glif":"nonbreakingspace.glif","nonmarkingreturn.glif":"nonmarkingreturn.glif","notequal.glif":"notequal.glif","ntilde.glif":"ntilde.glif","numbersign.glif":"numbersign.glif","o.glif":"o.glif","oacute.glif":"oacute.glif","ocircumflex.glif":"ocircumflex.glif","odieresis.glif":"odieresis.glif","oe.glif":"oe.glif","ogonek.glif":"ogonek.glif","ograve.glif":"ograve.glif","one.glif":"one.glif","onehalf.glif":"onehalf.glif","onequarter.glif":"onequarter.glif","onesuperior.glif":"onesuperior.glif","ordfeminine.glif":"ordfeminine.glif","ordmasculine.glif":"ordmasculine.glif","oslash.glif":"oslash.glif","otilde.glif":"otilde.glif","p.glif":"p.glif","paragraph.glif":"paragraph.glif","parenleft.glif":"parenleft.glif","parenright.glif":"parenright.glif","partialdiff.glif":"partialdiff.glif","percent.glif":"percent.glif","period.glif":"period.glif","periodcentered.glif":"periodcentered.glif","perthousand.glif":"perthousand.glif","pi.glif":"pi.glif","plus.glif":"plus.glif","plusminus.glif":"plusminus.glif","product.glif":"product.glif","q.glif":"q.glif","question.glif":"question.glif","questiondown.glif":"questiondown.glif","quotedbl.glif":"quotedbl.glif","quotedblbase.glif":"quotedblbase.glif","quotedblleft.glif":"quotedblleft.glif","quotedblright.glif":"quotedblright.glif","quoteleft.glif":"quoteleft.glif","quoteright.glif":"quoteright.glif","quotesinglbase.glif":"quotesinglbase.glif","quotesingle.glif":"quotesingle.glif","r.glif":"r.glif","radical.glif":"radical.glif","registered.glif":"registered.glif","ring.glif":"ring.glif","s.glif":"s.glif","scaron.glif":"scaron.glif","section.glif":"section.glif","semicolon.glif":"semicolon.glif","seven.glif":"seven.glif","six.glif":"six.glif","slash.glif":"slash.glif","space.glif":"space.glif","sterling.glif":"sterling.glif","summation.glif":"summation.glif","t.glif":"t.glif","thorn.glif":"thorn.glif","three.glif":"three.glif","threequarters.glif":"threequarters.glif","threesuperior.glif":"threesuperior.glif","tilde.glif":"tilde.glif","trademark.glif":"trademark.glif","two.glif":"two.glif","twosuperior.glif":"twosuperior.glif","u.glif":"u.glif","uacute.glif":"uacute.glif","ucircumflex.glif":"ucircumflex.glif","udieresis.glif":"udieresis.glif","ugrave.glif":"ugrave.glif","underscore.glif":"underscore.glif","v.glif":"v.glif","w.glif":"w.glif","x.glif":"x.glif","y.glif":"y.glif","yacute.glif":"yacute.glif","ydieresis.glif":"ydieresis.glif","yen.glif":"yen.glif","z.glif":"z.glif","zcaron.glif":"zcaron.glif","zero.glif":"zero.glif"}},"Table":{"FFTM":{"entryLength":16,"tag":"FFTM","checksum":1145334958,"offset":95736,"length":28},"GDEF":{"entryLength":16,"tag":"GDEF","checksum":134481415,"offset":86928,"length":56},"GPOS":{"entryLength":16,"tag":"GPOS","checksum":2740686921,"offset":87872,"length":7864},"GSUB":{"entryLength":16,"tag":"GSUB","checksum":2771548665,"offset":86984,"length":886},"OS\/2":{"entryLength":16,"tag":"OS\/2","checksum":3136091001,"offset":424,"length":96},"cmap":{"entryLength":16,"tag":"cmap","checksum":3251627516,"offset":2348,"length":966},"cvt ":{"entryLength":16,"tag":"cvt ","checksum":2405280798,"offset":5548,"length":408},"fpgm":{"entryLength":16,"tag":"fpgm","checksum":3849514921,"offset":3316,"length":847},"gasp":{"entryLength":16,"tag":"gasp","checksum":458759,"offset":86916,"length":12},"glyf":{"entryLength":16,"tag":"glyf","checksum":908043551,"offset":6872,"length":75280},"head":{"entryLength":16,"tag":"head","checksum":265209009,"offset":300,"length":54},"hhea":{"entryLength":16,"tag":"hhea","checksum":272959670,"offset":356,"length":36},"hmtx":{"entryLength":16,"tag":"hmtx","checksum":1145285942,"offset":520,"length":1826},"loca":{"entryLength":16,"tag":"loca","checksum":1342151972,"offset":5956,"length":916},"maxp":{"entryLength":16,"tag":"maxp","checksum":101712724,"offset":392,"length":32},"name":{"entryLength":16,"tag":"name","checksum":3748023502,"offset":82152,"length":1353},"post":{"entryLength":16,"tag":"post","checksum":3160660898,"offset":83508,"length":3405},"prep":{"entryLength":16,"tag":"prep","checksum":3849920332,"offset":4164,"length":1382}},"UnicodeCharMap":{"32":3,"33":4,"34":5,"35":6,"36":7,"37":8,"38":9,"39":10,"40":11,"41":12,"42":13,"43":14,"44":15,"45":16,"46":17,"47":18,"48":19,"49":20,"50":21,"51":22,"52":23,"53":24,"54":25,"55":26,"56":27,"57":28,"58":29,"59":30,"60":31,"61":32,"62":33,"63":34,"64":35,"65":36,"66":37,"67":38,"68":39,"69":40,"70":41,"71":42,"72":43,"73":44,"74":45,"75":46,"76":47,"77":48,"78":49,"79":50,"80":51,"81":52,"82":53,"83":54,"84":55,"85":56,"86":57,"87":58,"88":59,"89":60,"90":61,"91":62,"92":63,"93":64,"94":65,"95":66,"96":67,"97":68,"98":69,"99":70,"100":71,"101":72,"102":73,"103":74,"104":75,"105":76,"106":77,"107":78,"108":79,"109":80,"110":81,"111":82,"112":83,"113":84,"114":85,"115":86,"116":87,"117":88,"118":89,"119":90,"120":91,"121":92,"122":93,"123":94,"124":95,"125":96,"126":97,"160":98,"161":99,"162":100,"163":101,"164":102,"165":103,"166":104,"167":105,"168":106,"169":107,"170":108,"171":109,"172":110,"173":111,"174":112,"175":113,"176":114,"177":115,"178":116,"179":117,"180":118,"181":119,"182":120,"183":121,"184":122,"185":123,"186":124,"187":125,"188":126,"189":127,"190":128,"191":129,"192":130,"193":131,"194":132,"195":133,"196":134,"197":135,"198":136,"199":137,"200":138,"201":139,"202":140,"203":141,"204":142,"205":143,"206":144,"207":145,"208":146,"209":147,"210":148,"211":149,"212":150,"213":151,"214":152,"215":153,"216":154,"217":155,"218":156,"219":157,"220":158,"221":159,"222":160,"223":161,"224":162,"225":163,"226":164,"227":165,"228":166,"229":167,"230":168,"231":169,"232":170,"233":171,"234":172,"235":173,"236":174,"237":175,"238":176,"239":177,"240":178,"241":179,"242":180,"243":181,"244":182,"245":183,"246":184,"247":185,"248":186,"249":187,"250":188,"251":189,"252":190,"253":191,"254":192,"255":193,"262":194,"263":195,"268":196,"269":197,"273":198,"286":199,"287":200,"304":201,"305":202,"321":203,"322":204,"338":205,"339":206,"350":207,"351":208,"352":209,"353":210,"376":211,"381":212,"382":213,"402":214,"710":215,"711":216,"728":217,"729":218,"730":219,"731":220,"732":221,"733":222,"937":223,"960":224,"1548":225,"1563":226,"1567":227,"1569":228,"1570":229,"1571":230,"1572":231,"1573":232,"1574":233,"1575":234,"1576":235,"1577":236,"1578":237,"1579":238,"1580":239,"1581":240,"1582":241,"1583":242,"1584":243,"1585":244,"1586":245,"1587":246,"1588":247,"1589":248,"1590":249,"1591":250,"1592":251,"1593":252,"1594":253,"1600":254,"1601":255,"1602":256,"1603":257,"1604":258,"1605":259,"1606":260,"1607":261,"1608":262,"1609":263,"1610":264,"1611":265,"1612":266,"1613":267,"1614":268,"1615":269,"1616":270,"1617":271,"1618":272,"1632":273,"1633":274,"1634":275,"1635":276,"1636":277,"1637":278,"1638":279,"1639":280,"1640":281,"1641":282,"1642":283,"1645":284,"8211":285,"8212":286,"8216":287,"8217":288,"8218":289,"8220":290,"8221":291,"8222":292,"8224":293,"8225":294,"8226":295,"8230":296,"8240":297,"8249":298,"8250":299,"8364":300,"8482":301,"8706":302,"8710":303,"8719":304,"8721":305,"8722":306,"8725":307,"8729":308,"8730":309,"8734":310,"8747":311,"8776":312,"8800":313,"8804":314,"8805":315,"9674":316,"64257":317,"64258":318,"64830":319,"64831":320,"65010":321,"65152":322,"65153":323,"65154":324,"65155":325,"65156":326,"65157":327,"65158":328,"65159":329,"65160":330,"65161":331,"65162":332,"65163":333,"65164":334,"65165":335,"65166":336,"65167":337,"65168":338,"65169":339,"65170":340,"65171":341,"65172":342,"65173":343,"65174":344,"65175":345,"65176":346,"65177":347,"65178":348,"65179":349,"65180":350,"65181":351,"65182":352,"65183":353,"65184":354,"65185":355,"65186":356,"65187":357,"65188":358,"65189":359,"65190":360,"65191":361,"65192":362,"65193":363,"65194":364,"65195":365,"65196":366,"65197":367,"65198":368,"65199":369,"65200":370,"65201":371,"65202":372,"65203":373,"65204":374,"65205":375,"65206":376,"65207":377,"65208":378,"65209":379,"65210":380,"65211":381,"65212":382,"65213":383,"65214":384,"65215":385,"65216":386,"65217":387,"65218":388,"65219":389,"65220":390,"65221":391,"65222":392,"65223":393,"65224":394,"65225":395,"65226":396,"65227":397,"65228":398,"65229":399,"65230":400,"65231":401,"65232":402,"65233":403,"65234":404,"65235":405,"65236":406,"65237":407,"65238":408,"65239":409,"65240":410,"65241":411,"65242":412,"65243":413,"65244":414,"65245":415,"65246":416,"65247":417,"65248":418,"65249":419,"65250":420,"65251":421,"65252":422,"65253":423,"65254":424,"65255":425,"65256":426,"65257":427,"65258":428,"65259":429,"65260":430,"65261":431,"65262":432,"65263":433,"65264":434,"65265":435,"65266":436,"65267":437,"65268":438,"65269":439,"65270":440,"65271":441,"65272":442,"65273":443,"65274":444,"65275":445,"65276":446},"Reserves":{"fontname":"ae_Salem"},"Names":{"ae_Salem":{"name":"ae_Salem","longitude":null,"latitude":null,"country":"","region":"","city":""}},"Nodes":{"sa":{"type":"typal","node":"sa","usage":1,"weight":1},"em":{"type":"typal","node":"em","usage":1,"weight":1},"sal":{"type":"typal","node":"sal","usage":1,"weight":1},"lem":{"type":"typal","node":"lem","usage":1,"weight":1},"sale":{"type":"keys","node":"sale","usage":1,"weight":1},"alem":{"type":"keys","node":"alem","usage":1,"weight":1},"ae":{"type":"fixes","node":"ae","usage":1,"weight":1},"salem":{"type":"fixes","node":"salem","usage":1,"weight":1}},"Contributors":[],"FontIdentity":"f7c4896c2e237698dc3590d0cb7cbc3f","Bytes":null,"Networking":[]}