{"CSS":{"Optima LT Std Medium Italic":"wagovau:bf1e3330fa5a1b48fa8f418a.css"},"FontType":"TrueType","FontCopyright":" The digitally encoded machine readable outline data for producing the Typefaces \n provided as part of your laser printer is copyrighted (c) 1995, 2002 Heidelberger Druckmaschinen AG. \n All rights reserved. This data is the property of Heidelberger Druckmaschinen AG, \n and may not be reproduced, used, displayed, modified, disclosed or transferred \n without the express written approval of Heidelberger Druckmaschinen AG. ","FontName":"Optima LT Std","FontSubfamily":"MediumItalic","FontSubfamilyID":"FontForge 2.0 : Optima LT Std Medium Italic : 12-8-2016","FontFullName":"Optima LT Std Medium Italic","FontVersion":"Version 001.000 ","FontWeight":null,"FontPostscriptName":"OptimaLTStd-MediumItalic","Files":{"\/Optima LT Std Medium Italic.css":"\/Optima LT Std Medium Italic.css","\/font-resource.json":"\/font-resource.json","\/optimaltstd-mediumitalic.afm":"\/optimaltstd-mediumitalic.afm","\/optimaltstd-mediumitalic.cef":"\/optimaltstd-mediumitalic.cef","\/optimaltstd-mediumitalic.cff":"\/optimaltstd-mediumitalic.cff","\/optimaltstd-mediumitalic.eot":"\/optimaltstd-mediumitalic.eot","\/optimaltstd-mediumitalic.gai":"\/optimaltstd-mediumitalic.gai","\/optimaltstd-mediumitalic.gsf":"\/optimaltstd-mediumitalic.gsf","\/optimaltstd-mediumitalic.otf":"\/optimaltstd-mediumitalic.otf","\/optimaltstd-mediumitalic.pf3":"\/optimaltstd-mediumitalic.pf3","\/optimaltstd-mediumitalic.pfa":"\/optimaltstd-mediumitalic.pfa","\/optimaltstd-mediumitalic.pfb":"\/optimaltstd-mediumitalic.pfb","\/optimaltstd-mediumitalic.php":"\/optimaltstd-mediumitalic.php","\/optimaltstd-mediumitalic.pt3":"\/optimaltstd-mediumitalic.pt3","\/optimaltstd-mediumitalic.sfd":"\/optimaltstd-mediumitalic.sfd","\/optimaltstd-mediumitalic.svg":"\/optimaltstd-mediumitalic.svg","\/optimaltstd-mediumitalic.t42":"\/optimaltstd-mediumitalic.t42","\/optimaltstd-mediumitalic.ttd":"\/optimaltstd-mediumitalic.ttd","\/optimaltstd-mediumitalic.ttf":"\/optimaltstd-mediumitalic.ttf","\/optimaltstd-mediumitalic.ttg":"\/optimaltstd-mediumitalic.ttg","\/optimaltstd-mediumitalic.ufm":"\/optimaltstd-mediumitalic.ufm","\/optimaltstd-mediumitalic.woff":"\/optimaltstd-mediumitalic.woff","\/optimaltstd-mediumitalic.z":"\/optimaltstd-mediumitalic.z","\/wagovau:bf1e3330fa5a1b48fa8f418a.css":"\/wagovau:bf1e3330fa5a1b48fa8f418a.css","\/optimaltstd-mediumitalic.ufo\/feature.fea":"\/optimaltstd-mediumitalic.ufo\/feature.fea","\/optimaltstd-mediumitalic.ufo\/fontinfo.plist":"\/optimaltstd-mediumitalic.ufo\/fontinfo.plist","\/optimaltstd-mediumitalic.ufo\/groups.plist":"\/optimaltstd-mediumitalic.ufo\/groups.plist","\/optimaltstd-mediumitalic.ufo\/kerning.plist":"\/optimaltstd-mediumitalic.ufo\/kerning.plist","\/optimaltstd-mediumitalic.ufo\/metainfo.plist":"\/optimaltstd-mediumitalic.ufo\/metainfo.plist","\/optimaltstd-mediumitalic.ufo\/glyphs\/A_.glif":"\/optimaltstd-mediumitalic.ufo\/glyphs\/A_.glif","\/optimaltstd-mediumitalic.ufo\/glyphs\/A_E_.glif":"\/optimaltstd-mediumitalic.ufo\/glyphs\/A_E_.glif","\/optimaltstd-mediumitalic.ufo\/glyphs\/A_acute.glif":"\/optimaltstd-mediumitalic.ufo\/glyphs\/A_acute.glif","\/optimaltstd-mediumitalic.ufo\/glyphs\/A_circumflex.glif":"\/optimaltstd-mediumitalic.ufo\/glyphs\/A_circumflex.glif","\/optimaltstd-mediumitalic.ufo\/glyphs\/A_dieresis.glif":"\/optimaltstd-mediumitalic.ufo\/glyphs\/A_dieresis.glif","\/optimaltstd-mediumitalic.ufo\/glyphs\/A_grave.glif":"\/optimaltstd-mediumitalic.ufo\/glyphs\/A_grave.glif","\/optimaltstd-mediumitalic.ufo\/glyphs\/A_ring.glif":"\/optimaltstd-mediumitalic.ufo\/glyphs\/A_ring.glif","\/optimaltstd-mediumitalic.ufo\/glyphs\/A_tilde.glif":"\/optimaltstd-mediumitalic.ufo\/glyphs\/A_tilde.glif","\/optimaltstd-mediumitalic.ufo\/glyphs\/B_.glif":"\/optimaltstd-mediumitalic.ufo\/glyphs\/B_.glif","\/optimaltstd-mediumitalic.ufo\/glyphs\/C_.glif":"\/optimaltstd-mediumitalic.ufo\/glyphs\/C_.glif","\/optimaltstd-mediumitalic.ufo\/glyphs\/C_cedilla.glif":"\/optimaltstd-mediumitalic.ufo\/glyphs\/C_cedilla.glif","\/optimaltstd-mediumitalic.ufo\/glyphs\/D_.glif":"\/optimaltstd-mediumitalic.ufo\/glyphs\/D_.glif","\/optimaltstd-mediumitalic.ufo\/glyphs\/D_elta.glif":"\/optimaltstd-mediumitalic.ufo\/glyphs\/D_elta.glif","\/optimaltstd-mediumitalic.ufo\/glyphs\/E_.glif":"\/optimaltstd-mediumitalic.ufo\/glyphs\/E_.glif","\/optimaltstd-mediumitalic.ufo\/glyphs\/E_acute.glif":"\/optimaltstd-mediumitalic.ufo\/glyphs\/E_acute.glif","\/optimaltstd-mediumitalic.ufo\/glyphs\/E_circumflex.glif":"\/optimaltstd-mediumitalic.ufo\/glyphs\/E_circumflex.glif","\/optimaltstd-mediumitalic.ufo\/glyphs\/E_dieresis.glif":"\/optimaltstd-mediumitalic.ufo\/glyphs\/E_dieresis.glif","\/optimaltstd-mediumitalic.ufo\/glyphs\/E_grave.glif":"\/optimaltstd-mediumitalic.ufo\/glyphs\/E_grave.glif","\/optimaltstd-mediumitalic.ufo\/glyphs\/E_th.glif":"\/optimaltstd-mediumitalic.ufo\/glyphs\/E_th.glif","\/optimaltstd-mediumitalic.ufo\/glyphs\/E_uro.glif":"\/optimaltstd-mediumitalic.ufo\/glyphs\/E_uro.glif","\/optimaltstd-mediumitalic.ufo\/glyphs\/F_.glif":"\/optimaltstd-mediumitalic.ufo\/glyphs\/F_.glif","\/optimaltstd-mediumitalic.ufo\/glyphs\/G_.glif":"\/optimaltstd-mediumitalic.ufo\/glyphs\/G_.glif","\/optimaltstd-mediumitalic.ufo\/glyphs\/H_.glif":"\/optimaltstd-mediumitalic.ufo\/glyphs\/H_.glif","\/optimaltstd-mediumitalic.ufo\/glyphs\/I_.glif":"\/optimaltstd-mediumitalic.ufo\/glyphs\/I_.glif","\/optimaltstd-mediumitalic.ufo\/glyphs\/I_acute.glif":"\/optimaltstd-mediumitalic.ufo\/glyphs\/I_acute.glif","\/optimaltstd-mediumitalic.ufo\/glyphs\/I_circumflex.glif":"\/optimaltstd-mediumitalic.ufo\/glyphs\/I_circumflex.glif","\/optimaltstd-mediumitalic.ufo\/glyphs\/I_dieresis.glif":"\/optimaltstd-mediumitalic.ufo\/glyphs\/I_dieresis.glif","\/optimaltstd-mediumitalic.ufo\/glyphs\/I_grave.glif":"\/optimaltstd-mediumitalic.ufo\/glyphs\/I_grave.glif","\/optimaltstd-mediumitalic.ufo\/glyphs\/J_.glif":"\/optimaltstd-mediumitalic.ufo\/glyphs\/J_.glif","\/optimaltstd-mediumitalic.ufo\/glyphs\/K_.glif":"\/optimaltstd-mediumitalic.ufo\/glyphs\/K_.glif","\/optimaltstd-mediumitalic.ufo\/glyphs\/L_.glif":"\/optimaltstd-mediumitalic.ufo\/glyphs\/L_.glif","\/optimaltstd-mediumitalic.ufo\/glyphs\/L_slash.glif":"\/optimaltstd-mediumitalic.ufo\/glyphs\/L_slash.glif","\/optimaltstd-mediumitalic.ufo\/glyphs\/M_.glif":"\/optimaltstd-mediumitalic.ufo\/glyphs\/M_.glif","\/optimaltstd-mediumitalic.ufo\/glyphs\/N_.glif":"\/optimaltstd-mediumitalic.ufo\/glyphs\/N_.glif","\/optimaltstd-mediumitalic.ufo\/glyphs\/N_tilde.glif":"\/optimaltstd-mediumitalic.ufo\/glyphs\/N_tilde.glif","\/optimaltstd-mediumitalic.ufo\/glyphs\/O_.glif":"\/optimaltstd-mediumitalic.ufo\/glyphs\/O_.glif","\/optimaltstd-mediumitalic.ufo\/glyphs\/O_E_.glif":"\/optimaltstd-mediumitalic.ufo\/glyphs\/O_E_.glif","\/optimaltstd-mediumitalic.ufo\/glyphs\/O_acute.glif":"\/optimaltstd-mediumitalic.ufo\/glyphs\/O_acute.glif","\/optimaltstd-mediumitalic.ufo\/glyphs\/O_circumflex.glif":"\/optimaltstd-mediumitalic.ufo\/glyphs\/O_circumflex.glif","\/optimaltstd-mediumitalic.ufo\/glyphs\/O_dieresis.glif":"\/optimaltstd-mediumitalic.ufo\/glyphs\/O_dieresis.glif","\/optimaltstd-mediumitalic.ufo\/glyphs\/O_grave.glif":"\/optimaltstd-mediumitalic.ufo\/glyphs\/O_grave.glif","\/optimaltstd-mediumitalic.ufo\/glyphs\/O_mega.glif":"\/optimaltstd-mediumitalic.ufo\/glyphs\/O_mega.glif","\/optimaltstd-mediumitalic.ufo\/glyphs\/O_slash.glif":"\/optimaltstd-mediumitalic.ufo\/glyphs\/O_slash.glif","\/optimaltstd-mediumitalic.ufo\/glyphs\/O_tilde.glif":"\/optimaltstd-mediumitalic.ufo\/glyphs\/O_tilde.glif","\/optimaltstd-mediumitalic.ufo\/glyphs\/P_.glif":"\/optimaltstd-mediumitalic.ufo\/glyphs\/P_.glif","\/optimaltstd-mediumitalic.ufo\/glyphs\/Q_.glif":"\/optimaltstd-mediumitalic.ufo\/glyphs\/Q_.glif","\/optimaltstd-mediumitalic.ufo\/glyphs\/R_.glif":"\/optimaltstd-mediumitalic.ufo\/glyphs\/R_.glif","\/optimaltstd-mediumitalic.ufo\/glyphs\/S_.glif":"\/optimaltstd-mediumitalic.ufo\/glyphs\/S_.glif","\/optimaltstd-mediumitalic.ufo\/glyphs\/S_caron.glif":"\/optimaltstd-mediumitalic.ufo\/glyphs\/S_caron.glif","\/optimaltstd-mediumitalic.ufo\/glyphs\/T_.glif":"\/optimaltstd-mediumitalic.ufo\/glyphs\/T_.glif","\/optimaltstd-mediumitalic.ufo\/glyphs\/T_horn.glif":"\/optimaltstd-mediumitalic.ufo\/glyphs\/T_horn.glif","\/optimaltstd-mediumitalic.ufo\/glyphs\/U_.glif":"\/optimaltstd-mediumitalic.ufo\/glyphs\/U_.glif","\/optimaltstd-mediumitalic.ufo\/glyphs\/U_acute.glif":"\/optimaltstd-mediumitalic.ufo\/glyphs\/U_acute.glif","\/optimaltstd-mediumitalic.ufo\/glyphs\/U_circumflex.glif":"\/optimaltstd-mediumitalic.ufo\/glyphs\/U_circumflex.glif","\/optimaltstd-mediumitalic.ufo\/glyphs\/U_dieresis.glif":"\/optimaltstd-mediumitalic.ufo\/glyphs\/U_dieresis.glif","\/optimaltstd-mediumitalic.ufo\/glyphs\/U_grave.glif":"\/optimaltstd-mediumitalic.ufo\/glyphs\/U_grave.glif","\/optimaltstd-mediumitalic.ufo\/glyphs\/V_.glif":"\/optimaltstd-mediumitalic.ufo\/glyphs\/V_.glif","\/optimaltstd-mediumitalic.ufo\/glyphs\/W_.glif":"\/optimaltstd-mediumitalic.ufo\/glyphs\/W_.glif","\/optimaltstd-mediumitalic.ufo\/glyphs\/X_.glif":"\/optimaltstd-mediumitalic.ufo\/glyphs\/X_.glif","\/optimaltstd-mediumitalic.ufo\/glyphs\/Y_.glif":"\/optimaltstd-mediumitalic.ufo\/glyphs\/Y_.glif","\/optimaltstd-mediumitalic.ufo\/glyphs\/Y_acute.glif":"\/optimaltstd-mediumitalic.ufo\/glyphs\/Y_acute.glif","\/optimaltstd-mediumitalic.ufo\/glyphs\/Y_dieresis.glif":"\/optimaltstd-mediumitalic.ufo\/glyphs\/Y_dieresis.glif","\/optimaltstd-mediumitalic.ufo\/glyphs\/Z_.glif":"\/optimaltstd-mediumitalic.ufo\/glyphs\/Z_.glif","\/optimaltstd-mediumitalic.ufo\/glyphs\/Z_caron.glif":"\/optimaltstd-mediumitalic.ufo\/glyphs\/Z_caron.glif","\/optimaltstd-mediumitalic.ufo\/glyphs\/_notdef.glif":"\/optimaltstd-mediumitalic.ufo\/glyphs\/_notdef.glif","\/optimaltstd-mediumitalic.ufo\/glyphs\/a.glif":"\/optimaltstd-mediumitalic.ufo\/glyphs\/a.glif","\/optimaltstd-mediumitalic.ufo\/glyphs\/aacute.glif":"\/optimaltstd-mediumitalic.ufo\/glyphs\/aacute.glif","\/optimaltstd-mediumitalic.ufo\/glyphs\/acircumflex.glif":"\/optimaltstd-mediumitalic.ufo\/glyphs\/acircumflex.glif","\/optimaltstd-mediumitalic.ufo\/glyphs\/acute.glif":"\/optimaltstd-mediumitalic.ufo\/glyphs\/acute.glif","\/optimaltstd-mediumitalic.ufo\/glyphs\/adieresis.glif":"\/optimaltstd-mediumitalic.ufo\/glyphs\/adieresis.glif","\/optimaltstd-mediumitalic.ufo\/glyphs\/ae.glif":"\/optimaltstd-mediumitalic.ufo\/glyphs\/ae.glif","\/optimaltstd-mediumitalic.ufo\/glyphs\/afii61289.glif":"\/optimaltstd-mediumitalic.ufo\/glyphs\/afii61289.glif","\/optimaltstd-mediumitalic.ufo\/glyphs\/agrave.glif":"\/optimaltstd-mediumitalic.ufo\/glyphs\/agrave.glif","\/optimaltstd-mediumitalic.ufo\/glyphs\/ampersand.glif":"\/optimaltstd-mediumitalic.ufo\/glyphs\/ampersand.glif","\/optimaltstd-mediumitalic.ufo\/glyphs\/approxequal.glif":"\/optimaltstd-mediumitalic.ufo\/glyphs\/approxequal.glif","\/optimaltstd-mediumitalic.ufo\/glyphs\/aring.glif":"\/optimaltstd-mediumitalic.ufo\/glyphs\/aring.glif","\/optimaltstd-mediumitalic.ufo\/glyphs\/asciicircum.glif":"\/optimaltstd-mediumitalic.ufo\/glyphs\/asciicircum.glif","\/optimaltstd-mediumitalic.ufo\/glyphs\/asciitilde.glif":"\/optimaltstd-mediumitalic.ufo\/glyphs\/asciitilde.glif","\/optimaltstd-mediumitalic.ufo\/glyphs\/asterisk.glif":"\/optimaltstd-mediumitalic.ufo\/glyphs\/asterisk.glif","\/optimaltstd-mediumitalic.ufo\/glyphs\/at.glif":"\/optimaltstd-mediumitalic.ufo\/glyphs\/at.glif","\/optimaltstd-mediumitalic.ufo\/glyphs\/atilde.glif":"\/optimaltstd-mediumitalic.ufo\/glyphs\/atilde.glif","\/optimaltstd-mediumitalic.ufo\/glyphs\/b.glif":"\/optimaltstd-mediumitalic.ufo\/glyphs\/b.glif","\/optimaltstd-mediumitalic.ufo\/glyphs\/backslash.glif":"\/optimaltstd-mediumitalic.ufo\/glyphs\/backslash.glif","\/optimaltstd-mediumitalic.ufo\/glyphs\/bar.glif":"\/optimaltstd-mediumitalic.ufo\/glyphs\/bar.glif","\/optimaltstd-mediumitalic.ufo\/glyphs\/braceleft.glif":"\/optimaltstd-mediumitalic.ufo\/glyphs\/braceleft.glif","\/optimaltstd-mediumitalic.ufo\/glyphs\/braceright.glif":"\/optimaltstd-mediumitalic.ufo\/glyphs\/braceright.glif","\/optimaltstd-mediumitalic.ufo\/glyphs\/bracketleft.glif":"\/optimaltstd-mediumitalic.ufo\/glyphs\/bracketleft.glif","\/optimaltstd-mediumitalic.ufo\/glyphs\/bracketright.glif":"\/optimaltstd-mediumitalic.ufo\/glyphs\/bracketright.glif","\/optimaltstd-mediumitalic.ufo\/glyphs\/breve.glif":"\/optimaltstd-mediumitalic.ufo\/glyphs\/breve.glif","\/optimaltstd-mediumitalic.ufo\/glyphs\/brokenbar.glif":"\/optimaltstd-mediumitalic.ufo\/glyphs\/brokenbar.glif","\/optimaltstd-mediumitalic.ufo\/glyphs\/bullet.glif":"\/optimaltstd-mediumitalic.ufo\/glyphs\/bullet.glif","\/optimaltstd-mediumitalic.ufo\/glyphs\/c.glif":"\/optimaltstd-mediumitalic.ufo\/glyphs\/c.glif","\/optimaltstd-mediumitalic.ufo\/glyphs\/caron.glif":"\/optimaltstd-mediumitalic.ufo\/glyphs\/caron.glif","\/optimaltstd-mediumitalic.ufo\/glyphs\/ccedilla.glif":"\/optimaltstd-mediumitalic.ufo\/glyphs\/ccedilla.glif","\/optimaltstd-mediumitalic.ufo\/glyphs\/cedilla.glif":"\/optimaltstd-mediumitalic.ufo\/glyphs\/cedilla.glif","\/optimaltstd-mediumitalic.ufo\/glyphs\/cent.glif":"\/optimaltstd-mediumitalic.ufo\/glyphs\/cent.glif","\/optimaltstd-mediumitalic.ufo\/glyphs\/circumflex.glif":"\/optimaltstd-mediumitalic.ufo\/glyphs\/circumflex.glif","\/optimaltstd-mediumitalic.ufo\/glyphs\/colon.glif":"\/optimaltstd-mediumitalic.ufo\/glyphs\/colon.glif","\/optimaltstd-mediumitalic.ufo\/glyphs\/comma.glif":"\/optimaltstd-mediumitalic.ufo\/glyphs\/comma.glif","\/optimaltstd-mediumitalic.ufo\/glyphs\/contents.plist":"\/optimaltstd-mediumitalic.ufo\/glyphs\/contents.plist","\/optimaltstd-mediumitalic.ufo\/glyphs\/copyright.glif":"\/optimaltstd-mediumitalic.ufo\/glyphs\/copyright.glif","\/optimaltstd-mediumitalic.ufo\/glyphs\/currency.glif":"\/optimaltstd-mediumitalic.ufo\/glyphs\/currency.glif","\/optimaltstd-mediumitalic.ufo\/glyphs\/d.glif":"\/optimaltstd-mediumitalic.ufo\/glyphs\/d.glif","\/optimaltstd-mediumitalic.ufo\/glyphs\/dagger.glif":"\/optimaltstd-mediumitalic.ufo\/glyphs\/dagger.glif","\/optimaltstd-mediumitalic.ufo\/glyphs\/daggerdbl.glif":"\/optimaltstd-mediumitalic.ufo\/glyphs\/daggerdbl.glif","\/optimaltstd-mediumitalic.ufo\/glyphs\/degree.glif":"\/optimaltstd-mediumitalic.ufo\/glyphs\/degree.glif","\/optimaltstd-mediumitalic.ufo\/glyphs\/dieresis.glif":"\/optimaltstd-mediumitalic.ufo\/glyphs\/dieresis.glif","\/optimaltstd-mediumitalic.ufo\/glyphs\/divide.glif":"\/optimaltstd-mediumitalic.ufo\/glyphs\/divide.glif","\/optimaltstd-mediumitalic.ufo\/glyphs\/dollar.glif":"\/optimaltstd-mediumitalic.ufo\/glyphs\/dollar.glif","\/optimaltstd-mediumitalic.ufo\/glyphs\/dotaccent.glif":"\/optimaltstd-mediumitalic.ufo\/glyphs\/dotaccent.glif","\/optimaltstd-mediumitalic.ufo\/glyphs\/dotlessi.glif":"\/optimaltstd-mediumitalic.ufo\/glyphs\/dotlessi.glif","\/optimaltstd-mediumitalic.ufo\/glyphs\/e.glif":"\/optimaltstd-mediumitalic.ufo\/glyphs\/e.glif","\/optimaltstd-mediumitalic.ufo\/glyphs\/eacute.glif":"\/optimaltstd-mediumitalic.ufo\/glyphs\/eacute.glif","\/optimaltstd-mediumitalic.ufo\/glyphs\/ecircumflex.glif":"\/optimaltstd-mediumitalic.ufo\/glyphs\/ecircumflex.glif","\/optimaltstd-mediumitalic.ufo\/glyphs\/edieresis.glif":"\/optimaltstd-mediumitalic.ufo\/glyphs\/edieresis.glif","\/optimaltstd-mediumitalic.ufo\/glyphs\/egrave.glif":"\/optimaltstd-mediumitalic.ufo\/glyphs\/egrave.glif","\/optimaltstd-mediumitalic.ufo\/glyphs\/eight.glif":"\/optimaltstd-mediumitalic.ufo\/glyphs\/eight.glif","\/optimaltstd-mediumitalic.ufo\/glyphs\/ellipsis.glif":"\/optimaltstd-mediumitalic.ufo\/glyphs\/ellipsis.glif","\/optimaltstd-mediumitalic.ufo\/glyphs\/emdash.glif":"\/optimaltstd-mediumitalic.ufo\/glyphs\/emdash.glif","\/optimaltstd-mediumitalic.ufo\/glyphs\/endash.glif":"\/optimaltstd-mediumitalic.ufo\/glyphs\/endash.glif","\/optimaltstd-mediumitalic.ufo\/glyphs\/equal.glif":"\/optimaltstd-mediumitalic.ufo\/glyphs\/equal.glif","\/optimaltstd-mediumitalic.ufo\/glyphs\/estimated.glif":"\/optimaltstd-mediumitalic.ufo\/glyphs\/estimated.glif","\/optimaltstd-mediumitalic.ufo\/glyphs\/eth.glif":"\/optimaltstd-mediumitalic.ufo\/glyphs\/eth.glif","\/optimaltstd-mediumitalic.ufo\/glyphs\/exclam.glif":"\/optimaltstd-mediumitalic.ufo\/glyphs\/exclam.glif","\/optimaltstd-mediumitalic.ufo\/glyphs\/exclamdown.glif":"\/optimaltstd-mediumitalic.ufo\/glyphs\/exclamdown.glif","\/optimaltstd-mediumitalic.ufo\/glyphs\/f.glif":"\/optimaltstd-mediumitalic.ufo\/glyphs\/f.glif","\/optimaltstd-mediumitalic.ufo\/glyphs\/fi.glif":"\/optimaltstd-mediumitalic.ufo\/glyphs\/fi.glif","\/optimaltstd-mediumitalic.ufo\/glyphs\/five.glif":"\/optimaltstd-mediumitalic.ufo\/glyphs\/five.glif","\/optimaltstd-mediumitalic.ufo\/glyphs\/fl.glif":"\/optimaltstd-mediumitalic.ufo\/glyphs\/fl.glif","\/optimaltstd-mediumitalic.ufo\/glyphs\/florin.glif":"\/optimaltstd-mediumitalic.ufo\/glyphs\/florin.glif","\/optimaltstd-mediumitalic.ufo\/glyphs\/four.glif":"\/optimaltstd-mediumitalic.ufo\/glyphs\/four.glif","\/optimaltstd-mediumitalic.ufo\/glyphs\/fraction.glif":"\/optimaltstd-mediumitalic.ufo\/glyphs\/fraction.glif","\/optimaltstd-mediumitalic.ufo\/glyphs\/g.glif":"\/optimaltstd-mediumitalic.ufo\/glyphs\/g.glif","\/optimaltstd-mediumitalic.ufo\/glyphs\/germandbls.glif":"\/optimaltstd-mediumitalic.ufo\/glyphs\/germandbls.glif","\/optimaltstd-mediumitalic.ufo\/glyphs\/grave.glif":"\/optimaltstd-mediumitalic.ufo\/glyphs\/grave.glif","\/optimaltstd-mediumitalic.ufo\/glyphs\/greater.glif":"\/optimaltstd-mediumitalic.ufo\/glyphs\/greater.glif","\/optimaltstd-mediumitalic.ufo\/glyphs\/greaterequal.glif":"\/optimaltstd-mediumitalic.ufo\/glyphs\/greaterequal.glif","\/optimaltstd-mediumitalic.ufo\/glyphs\/guillemotleft.glif":"\/optimaltstd-mediumitalic.ufo\/glyphs\/guillemotleft.glif","\/optimaltstd-mediumitalic.ufo\/glyphs\/guillemotright.glif":"\/optimaltstd-mediumitalic.ufo\/glyphs\/guillemotright.glif","\/optimaltstd-mediumitalic.ufo\/glyphs\/guilsinglleft.glif":"\/optimaltstd-mediumitalic.ufo\/glyphs\/guilsinglleft.glif","\/optimaltstd-mediumitalic.ufo\/glyphs\/guilsinglright.glif":"\/optimaltstd-mediumitalic.ufo\/glyphs\/guilsinglright.glif","\/optimaltstd-mediumitalic.ufo\/glyphs\/h.glif":"\/optimaltstd-mediumitalic.ufo\/glyphs\/h.glif","\/optimaltstd-mediumitalic.ufo\/glyphs\/hungarumlaut.glif":"\/optimaltstd-mediumitalic.ufo\/glyphs\/hungarumlaut.glif","\/optimaltstd-mediumitalic.ufo\/glyphs\/hyphen.glif":"\/optimaltstd-mediumitalic.ufo\/glyphs\/hyphen.glif","\/optimaltstd-mediumitalic.ufo\/glyphs\/i.glif":"\/optimaltstd-mediumitalic.ufo\/glyphs\/i.glif","\/optimaltstd-mediumitalic.ufo\/glyphs\/iacute.glif":"\/optimaltstd-mediumitalic.ufo\/glyphs\/iacute.glif","\/optimaltstd-mediumitalic.ufo\/glyphs\/icircumflex.glif":"\/optimaltstd-mediumitalic.ufo\/glyphs\/icircumflex.glif","\/optimaltstd-mediumitalic.ufo\/glyphs\/idieresis.glif":"\/optimaltstd-mediumitalic.ufo\/glyphs\/idieresis.glif","\/optimaltstd-mediumitalic.ufo\/glyphs\/igrave.glif":"\/optimaltstd-mediumitalic.ufo\/glyphs\/igrave.glif","\/optimaltstd-mediumitalic.ufo\/glyphs\/infinity.glif":"\/optimaltstd-mediumitalic.ufo\/glyphs\/infinity.glif","\/optimaltstd-mediumitalic.ufo\/glyphs\/integral.glif":"\/optimaltstd-mediumitalic.ufo\/glyphs\/integral.glif","\/optimaltstd-mediumitalic.ufo\/glyphs\/j.glif":"\/optimaltstd-mediumitalic.ufo\/glyphs\/j.glif","\/optimaltstd-mediumitalic.ufo\/glyphs\/k.glif":"\/optimaltstd-mediumitalic.ufo\/glyphs\/k.glif","\/optimaltstd-mediumitalic.ufo\/glyphs\/l.glif":"\/optimaltstd-mediumitalic.ufo\/glyphs\/l.glif","\/optimaltstd-mediumitalic.ufo\/glyphs\/less.glif":"\/optimaltstd-mediumitalic.ufo\/glyphs\/less.glif","\/optimaltstd-mediumitalic.ufo\/glyphs\/lessequal.glif":"\/optimaltstd-mediumitalic.ufo\/glyphs\/lessequal.glif","\/optimaltstd-mediumitalic.ufo\/glyphs\/logicalnot.glif":"\/optimaltstd-mediumitalic.ufo\/glyphs\/logicalnot.glif","\/optimaltstd-mediumitalic.ufo\/glyphs\/lozenge.glif":"\/optimaltstd-mediumitalic.ufo\/glyphs\/lozenge.glif","\/optimaltstd-mediumitalic.ufo\/glyphs\/lslash.glif":"\/optimaltstd-mediumitalic.ufo\/glyphs\/lslash.glif","\/optimaltstd-mediumitalic.ufo\/glyphs\/m.glif":"\/optimaltstd-mediumitalic.ufo\/glyphs\/m.glif","\/optimaltstd-mediumitalic.ufo\/glyphs\/macron.glif":"\/optimaltstd-mediumitalic.ufo\/glyphs\/macron.glif","\/optimaltstd-mediumitalic.ufo\/glyphs\/minus.glif":"\/optimaltstd-mediumitalic.ufo\/glyphs\/minus.glif","\/optimaltstd-mediumitalic.ufo\/glyphs\/mu.glif":"\/optimaltstd-mediumitalic.ufo\/glyphs\/mu.glif","\/optimaltstd-mediumitalic.ufo\/glyphs\/multiply.glif":"\/optimaltstd-mediumitalic.ufo\/glyphs\/multiply.glif","\/optimaltstd-mediumitalic.ufo\/glyphs\/n.glif":"\/optimaltstd-mediumitalic.ufo\/glyphs\/n.glif","\/optimaltstd-mediumitalic.ufo\/glyphs\/nine.glif":"\/optimaltstd-mediumitalic.ufo\/glyphs\/nine.glif","\/optimaltstd-mediumitalic.ufo\/glyphs\/notequal.glif":"\/optimaltstd-mediumitalic.ufo\/glyphs\/notequal.glif","\/optimaltstd-mediumitalic.ufo\/glyphs\/ntilde.glif":"\/optimaltstd-mediumitalic.ufo\/glyphs\/ntilde.glif","\/optimaltstd-mediumitalic.ufo\/glyphs\/numbersign.glif":"\/optimaltstd-mediumitalic.ufo\/glyphs\/numbersign.glif","\/optimaltstd-mediumitalic.ufo\/glyphs\/o.glif":"\/optimaltstd-mediumitalic.ufo\/glyphs\/o.glif","\/optimaltstd-mediumitalic.ufo\/glyphs\/oacute.glif":"\/optimaltstd-mediumitalic.ufo\/glyphs\/oacute.glif","\/optimaltstd-mediumitalic.ufo\/glyphs\/ocircumflex.glif":"\/optimaltstd-mediumitalic.ufo\/glyphs\/ocircumflex.glif","\/optimaltstd-mediumitalic.ufo\/glyphs\/odieresis.glif":"\/optimaltstd-mediumitalic.ufo\/glyphs\/odieresis.glif","\/optimaltstd-mediumitalic.ufo\/glyphs\/oe.glif":"\/optimaltstd-mediumitalic.ufo\/glyphs\/oe.glif","\/optimaltstd-mediumitalic.ufo\/glyphs\/ogonek.glif":"\/optimaltstd-mediumitalic.ufo\/glyphs\/ogonek.glif","\/optimaltstd-mediumitalic.ufo\/glyphs\/ograve.glif":"\/optimaltstd-mediumitalic.ufo\/glyphs\/ograve.glif","\/optimaltstd-mediumitalic.ufo\/glyphs\/one.glif":"\/optimaltstd-mediumitalic.ufo\/glyphs\/one.glif","\/optimaltstd-mediumitalic.ufo\/glyphs\/onehalf.glif":"\/optimaltstd-mediumitalic.ufo\/glyphs\/onehalf.glif","\/optimaltstd-mediumitalic.ufo\/glyphs\/onequarter.glif":"\/optimaltstd-mediumitalic.ufo\/glyphs\/onequarter.glif","\/optimaltstd-mediumitalic.ufo\/glyphs\/onesuperior.glif":"\/optimaltstd-mediumitalic.ufo\/glyphs\/onesuperior.glif","\/optimaltstd-mediumitalic.ufo\/glyphs\/ordfeminine.glif":"\/optimaltstd-mediumitalic.ufo\/glyphs\/ordfeminine.glif","\/optimaltstd-mediumitalic.ufo\/glyphs\/ordmasculine.glif":"\/optimaltstd-mediumitalic.ufo\/glyphs\/ordmasculine.glif","\/optimaltstd-mediumitalic.ufo\/glyphs\/oslash.glif":"\/optimaltstd-mediumitalic.ufo\/glyphs\/oslash.glif","\/optimaltstd-mediumitalic.ufo\/glyphs\/otilde.glif":"\/optimaltstd-mediumitalic.ufo\/glyphs\/otilde.glif","\/optimaltstd-mediumitalic.ufo\/glyphs\/p.glif":"\/optimaltstd-mediumitalic.ufo\/glyphs\/p.glif","\/optimaltstd-mediumitalic.ufo\/glyphs\/paragraph.glif":"\/optimaltstd-mediumitalic.ufo\/glyphs\/paragraph.glif","\/optimaltstd-mediumitalic.ufo\/glyphs\/parenleft.glif":"\/optimaltstd-mediumitalic.ufo\/glyphs\/parenleft.glif","\/optimaltstd-mediumitalic.ufo\/glyphs\/parenright.glif":"\/optimaltstd-mediumitalic.ufo\/glyphs\/parenright.glif","\/optimaltstd-mediumitalic.ufo\/glyphs\/partialdiff.glif":"\/optimaltstd-mediumitalic.ufo\/glyphs\/partialdiff.glif","\/optimaltstd-mediumitalic.ufo\/glyphs\/percent.glif":"\/optimaltstd-mediumitalic.ufo\/glyphs\/percent.glif","\/optimaltstd-mediumitalic.ufo\/glyphs\/period.glif":"\/optimaltstd-mediumitalic.ufo\/glyphs\/period.glif","\/optimaltstd-mediumitalic.ufo\/glyphs\/periodcentered.glif":"\/optimaltstd-mediumitalic.ufo\/glyphs\/periodcentered.glif","\/optimaltstd-mediumitalic.ufo\/glyphs\/perthousand.glif":"\/optimaltstd-mediumitalic.ufo\/glyphs\/perthousand.glif","\/optimaltstd-mediumitalic.ufo\/glyphs\/pi.glif":"\/optimaltstd-mediumitalic.ufo\/glyphs\/pi.glif","\/optimaltstd-mediumitalic.ufo\/glyphs\/plus.glif":"\/optimaltstd-mediumitalic.ufo\/glyphs\/plus.glif","\/optimaltstd-mediumitalic.ufo\/glyphs\/plusminus.glif":"\/optimaltstd-mediumitalic.ufo\/glyphs\/plusminus.glif","\/optimaltstd-mediumitalic.ufo\/glyphs\/product.glif":"\/optimaltstd-mediumitalic.ufo\/glyphs\/product.glif","\/optimaltstd-mediumitalic.ufo\/glyphs\/q.glif":"\/optimaltstd-mediumitalic.ufo\/glyphs\/q.glif","\/optimaltstd-mediumitalic.ufo\/glyphs\/question.glif":"\/optimaltstd-mediumitalic.ufo\/glyphs\/question.glif","\/optimaltstd-mediumitalic.ufo\/glyphs\/questiondown.glif":"\/optimaltstd-mediumitalic.ufo\/glyphs\/questiondown.glif","\/optimaltstd-mediumitalic.ufo\/glyphs\/quotedbl.glif":"\/optimaltstd-mediumitalic.ufo\/glyphs\/quotedbl.glif","\/optimaltstd-mediumitalic.ufo\/glyphs\/quotedblbase.glif":"\/optimaltstd-mediumitalic.ufo\/glyphs\/quotedblbase.glif","\/optimaltstd-mediumitalic.ufo\/glyphs\/quotedblleft.glif":"\/optimaltstd-mediumitalic.ufo\/glyphs\/quotedblleft.glif","\/optimaltstd-mediumitalic.ufo\/glyphs\/quotedblright.glif":"\/optimaltstd-mediumitalic.ufo\/glyphs\/quotedblright.glif","\/optimaltstd-mediumitalic.ufo\/glyphs\/quoteleft.glif":"\/optimaltstd-mediumitalic.ufo\/glyphs\/quoteleft.glif","\/optimaltstd-mediumitalic.ufo\/glyphs\/quoteright.glif":"\/optimaltstd-mediumitalic.ufo\/glyphs\/quoteright.glif","\/optimaltstd-mediumitalic.ufo\/glyphs\/quotesinglbase.glif":"\/optimaltstd-mediumitalic.ufo\/glyphs\/quotesinglbase.glif","\/optimaltstd-mediumitalic.ufo\/glyphs\/quotesingle.glif":"\/optimaltstd-mediumitalic.ufo\/glyphs\/quotesingle.glif","\/optimaltstd-mediumitalic.ufo\/glyphs\/r.glif":"\/optimaltstd-mediumitalic.ufo\/glyphs\/r.glif","\/optimaltstd-mediumitalic.ufo\/glyphs\/radical.glif":"\/optimaltstd-mediumitalic.ufo\/glyphs\/radical.glif","\/optimaltstd-mediumitalic.ufo\/glyphs\/registered.glif":"\/optimaltstd-mediumitalic.ufo\/glyphs\/registered.glif","\/optimaltstd-mediumitalic.ufo\/glyphs\/ring.glif":"\/optimaltstd-mediumitalic.ufo\/glyphs\/ring.glif","\/optimaltstd-mediumitalic.ufo\/glyphs\/s.glif":"\/optimaltstd-mediumitalic.ufo\/glyphs\/s.glif","\/optimaltstd-mediumitalic.ufo\/glyphs\/scaron.glif":"\/optimaltstd-mediumitalic.ufo\/glyphs\/scaron.glif","\/optimaltstd-mediumitalic.ufo\/glyphs\/section.glif":"\/optimaltstd-mediumitalic.ufo\/glyphs\/section.glif","\/optimaltstd-mediumitalic.ufo\/glyphs\/semicolon.glif":"\/optimaltstd-mediumitalic.ufo\/glyphs\/semicolon.glif","\/optimaltstd-mediumitalic.ufo\/glyphs\/seven.glif":"\/optimaltstd-mediumitalic.ufo\/glyphs\/seven.glif","\/optimaltstd-mediumitalic.ufo\/glyphs\/six.glif":"\/optimaltstd-mediumitalic.ufo\/glyphs\/six.glif","\/optimaltstd-mediumitalic.ufo\/glyphs\/slash.glif":"\/optimaltstd-mediumitalic.ufo\/glyphs\/slash.glif","\/optimaltstd-mediumitalic.ufo\/glyphs\/space.glif":"\/optimaltstd-mediumitalic.ufo\/glyphs\/space.glif","\/optimaltstd-mediumitalic.ufo\/glyphs\/sterling.glif":"\/optimaltstd-mediumitalic.ufo\/glyphs\/sterling.glif","\/optimaltstd-mediumitalic.ufo\/glyphs\/summation.glif":"\/optimaltstd-mediumitalic.ufo\/glyphs\/summation.glif","\/optimaltstd-mediumitalic.ufo\/glyphs\/t.glif":"\/optimaltstd-mediumitalic.ufo\/glyphs\/t.glif","\/optimaltstd-mediumitalic.ufo\/glyphs\/thorn.glif":"\/optimaltstd-mediumitalic.ufo\/glyphs\/thorn.glif","\/optimaltstd-mediumitalic.ufo\/glyphs\/three.glif":"\/optimaltstd-mediumitalic.ufo\/glyphs\/three.glif","\/optimaltstd-mediumitalic.ufo\/glyphs\/threequarters.glif":"\/optimaltstd-mediumitalic.ufo\/glyphs\/threequarters.glif","\/optimaltstd-mediumitalic.ufo\/glyphs\/threesuperior.glif":"\/optimaltstd-mediumitalic.ufo\/glyphs\/threesuperior.glif","\/optimaltstd-mediumitalic.ufo\/glyphs\/tilde.glif":"\/optimaltstd-mediumitalic.ufo\/glyphs\/tilde.glif","\/optimaltstd-mediumitalic.ufo\/glyphs\/trademark.glif":"\/optimaltstd-mediumitalic.ufo\/glyphs\/trademark.glif","\/optimaltstd-mediumitalic.ufo\/glyphs\/two.glif":"\/optimaltstd-mediumitalic.ufo\/glyphs\/two.glif","\/optimaltstd-mediumitalic.ufo\/glyphs\/twosuperior.glif":"\/optimaltstd-mediumitalic.ufo\/glyphs\/twosuperior.glif","\/optimaltstd-mediumitalic.ufo\/glyphs\/u.glif":"\/optimaltstd-mediumitalic.ufo\/glyphs\/u.glif","\/optimaltstd-mediumitalic.ufo\/glyphs\/uacute.glif":"\/optimaltstd-mediumitalic.ufo\/glyphs\/uacute.glif","\/optimaltstd-mediumitalic.ufo\/glyphs\/ucircumflex.glif":"\/optimaltstd-mediumitalic.ufo\/glyphs\/ucircumflex.glif","\/optimaltstd-mediumitalic.ufo\/glyphs\/udieresis.glif":"\/optimaltstd-mediumitalic.ufo\/glyphs\/udieresis.glif","\/optimaltstd-mediumitalic.ufo\/glyphs\/ugrave.glif":"\/optimaltstd-mediumitalic.ufo\/glyphs\/ugrave.glif","\/optimaltstd-mediumitalic.ufo\/glyphs\/underscore.glif":"\/optimaltstd-mediumitalic.ufo\/glyphs\/underscore.glif","\/optimaltstd-mediumitalic.ufo\/glyphs\/uni00A_0.glif":"\/optimaltstd-mediumitalic.ufo\/glyphs\/uni00A_0.glif","\/optimaltstd-mediumitalic.ufo\/glyphs\/uni00A_D_.glif":"\/optimaltstd-mediumitalic.ufo\/glyphs\/uni00A_D_.glif","\/optimaltstd-mediumitalic.ufo\/glyphs\/uni02C_9.glif":"\/optimaltstd-mediumitalic.ufo\/glyphs\/uni02C_9.glif","\/optimaltstd-mediumitalic.ufo\/glyphs\/uni03A_9.glif":"\/optimaltstd-mediumitalic.ufo\/glyphs\/uni03A_9.glif","\/optimaltstd-mediumitalic.ufo\/glyphs\/uni03B_C_.glif":"\/optimaltstd-mediumitalic.ufo\/glyphs\/uni03B_C_.glif","\/optimaltstd-mediumitalic.ufo\/glyphs\/uni2215.glif":"\/optimaltstd-mediumitalic.ufo\/glyphs\/uni2215.glif","\/optimaltstd-mediumitalic.ufo\/glyphs\/uni2219.glif":"\/optimaltstd-mediumitalic.ufo\/glyphs\/uni2219.glif","\/optimaltstd-mediumitalic.ufo\/glyphs\/v.glif":"\/optimaltstd-mediumitalic.ufo\/glyphs\/v.glif","\/optimaltstd-mediumitalic.ufo\/glyphs\/w.glif":"\/optimaltstd-mediumitalic.ufo\/glyphs\/w.glif","\/optimaltstd-mediumitalic.ufo\/glyphs\/x.glif":"\/optimaltstd-mediumitalic.ufo\/glyphs\/x.glif","\/optimaltstd-mediumitalic.ufo\/glyphs\/y.glif":"\/optimaltstd-mediumitalic.ufo\/glyphs\/y.glif","\/optimaltstd-mediumitalic.ufo\/glyphs\/yacute.glif":"\/optimaltstd-mediumitalic.ufo\/glyphs\/yacute.glif","\/optimaltstd-mediumitalic.ufo\/glyphs\/ydieresis.glif":"\/optimaltstd-mediumitalic.ufo\/glyphs\/ydieresis.glif","\/optimaltstd-mediumitalic.ufo\/glyphs\/yen.glif":"\/optimaltstd-mediumitalic.ufo\/glyphs\/yen.glif","\/optimaltstd-mediumitalic.ufo\/glyphs\/z.glif":"\/optimaltstd-mediumitalic.ufo\/glyphs\/z.glif","\/optimaltstd-mediumitalic.ufo\/glyphs\/zcaron.glif":"\/optimaltstd-mediumitalic.ufo\/glyphs\/zcaron.glif","\/optimaltstd-mediumitalic.ufo\/glyphs\/zero.glif":"\/optimaltstd-mediumitalic.ufo\/glyphs\/zero.glif"},"Font":{"uploaded":1471025018.313,"licence":"gpl3","company":"Chronolabs Cooperative","title":"Optima LTStd Medium Italic","version":3.002,"date":"Fri Aug 12 09:55:12 2016","creator":"root","type":"1","matrix":"0.001 0 0 0.001 0 0","named":"OptimaLTStd-MediumItalic","painttype":"0","info":"11 dict dup","name":"Optima LT Std Medium Italic","family":"Optima LT Std","weight":"Medium","fstype":"4","italicangle":"-12","underlineposition":"","underlinethickness":""},"Licences":{"":false},"Table":{"FFTM":{"entryLength":16,"tag":"FFTM","checksum":1944366672,"offset":34444,"length":28},"GDEF":{"entryLength":16,"tag":"GDEF","checksum":19660806,"offset":34412,"length":32},"OS\/2":{"entryLength":16,"tag":"OS\/2","checksum":2007055037,"offset":344,"length":86},"cmap":{"entryLength":16,"tag":"cmap","checksum":1066818139,"offset":1452,"length":694},"gasp":{"entryLength":16,"tag":"gasp","checksum":4294901763,"offset":34404,"length":8},"glyf":{"entryLength":16,"tag":"glyf","checksum":3825245037,"offset":2660,"length":29208},"head":{"entryLength":16,"tag":"head","checksum":174177769,"offset":220,"length":54},"hhea":{"entryLength":16,"tag":"hhea","checksum":127533960,"offset":276,"length":36},"hmtx":{"entryLength":16,"tag":"hmtx","checksum":233386062,"offset":432,"length":1020},"loca":{"entryLength":16,"tag":"loca","checksum":3661756044,"offset":2148,"length":512},"maxp":{"entryLength":16,"tag":"maxp","checksum":21495901,"offset":312,"length":32},"name":{"entryLength":16,"tag":"name","checksum":805858368,"offset":31868,"length":1905},"post":{"entryLength":16,"tag":"post","checksum":2990087711,"offset":33776,"length":625}},"UnicodeCharMap":{"32":3,"33":4,"34":5,"35":6,"36":7,"37":8,"38":9,"39":10,"40":11,"41":12,"42":13,"43":14,"44":15,"45":16,"46":17,"47":18,"48":19,"49":20,"50":21,"51":22,"52":23,"53":24,"54":25,"55":26,"56":27,"57":28,"58":29,"59":30,"60":31,"61":32,"62":33,"63":34,"64":35,"65":36,"66":37,"67":38,"68":39,"69":40,"70":41,"71":42,"72":43,"73":44,"74":45,"75":46,"76":47,"77":48,"78":49,"79":50,"80":51,"81":52,"82":53,"83":54,"84":55,"85":56,"86":57,"87":58,"88":59,"89":60,"90":61,"91":62,"92":63,"93":64,"94":65,"95":66,"96":67,"97":68,"98":69,"99":70,"100":71,"101":72,"102":73,"103":74,"104":75,"105":76,"106":77,"107":78,"108":79,"109":80,"110":81,"111":82,"112":83,"113":84,"114":85,"115":86,"116":87,"117":88,"118":89,"119":90,"120":91,"121":92,"122":93,"123":94,"124":95,"125":96,"126":97,"160":98,"161":99,"162":100,"163":101,"164":102,"165":103,"166":104,"167":105,"168":106,"169":107,"170":108,"171":109,"172":110,"173":111,"174":112,"175":113,"176":114,"177":115,"178":116,"179":117,"180":118,"182":120,"183":121,"184":122,"185":123,"186":124,"187":125,"188":126,"189":127,"190":128,"191":129,"192":130,"193":131,"194":132,"195":133,"196":134,"197":135,"198":136,"199":137,"200":138,"201":139,"202":140,"203":141,"204":142,"205":143,"206":144,"207":145,"208":146,"209":147,"210":148,"211":149,"212":150,"213":151,"214":152,"215":153,"216":154,"217":155,"218":156,"219":157,"220":158,"221":159,"222":160,"223":161,"224":162,"225":163,"226":164,"227":165,"228":166,"229":167,"230":168,"231":169,"232":170,"233":171,"234":172,"235":173,"236":174,"237":175,"238":176,"239":177,"240":178,"241":179,"242":180,"243":181,"244":182,"245":183,"246":184,"247":185,"248":186,"249":187,"250":188,"251":189,"252":190,"253":191,"254":192,"255":193,"305":223,"321":221,"322":224,"338":222,"339":225,"352":228,"353":231,"376":229,"381":230,"382":232,"402":197,"710":212,"711":219,"713":252,"728":214,"729":215,"730":216,"731":218,"732":213,"733":217,"916":233,"937":253,"956":235,"960":236,"8211":203,"8212":220,"8216":195,"8217":194,"8218":207,"8220":198,"8221":209,"8222":208,"8224":204,"8225":205,"8226":206,"8230":210,"8240":211,"8249":199,"8250":200,"8260":196,"8364":237,"8467":238,"8482":226,"8494":239,"8706":240,"8719":241,"8721":242,"8722":227,"8725":254,"8729":243,"8730":244,"8734":245,"8747":246,"8776":247,"8800":248,"8804":249,"8805":250,"9674":251,"64257":201,"64258":202},"Reserves":{"fontname":"Optima LT Std Medium Italic"},"Names":{"Optima LT Std Medium Italic":{"name":"Optima LT Std Medium Italic","longitude":"0.00000001","latitude":"0.00000001","country":"","region":"","city":""}},"Nodes":{"op":{"type":"typal","node":"op","usage":1,"weight":1},"ma":{"type":"typal","node":"ma","usage":1,"weight":1},"st":{"type":"typal","node":"st","usage":1,"weight":1},"td":{"type":"typal","node":"td","usage":1,"weight":1},"me":{"type":"typal","node":"me","usage":1,"weight":1},"um":{"type":"typal","node":"um","usage":1,"weight":1},"it":{"type":"typal","node":"it","usage":1,"weight":1},"ic":{"type":"typal","node":"ic","usage":1,"weight":1},"opt":{"type":"typal","node":"opt","usage":1,"weight":1},"ima":{"type":"typal","node":"ima","usage":1,"weight":1},"med":{"type":"typal","node":"med","usage":1,"weight":1},"ium":{"type":"typal","node":"ium","usage":1,"weight":1},"ita":{"type":"typal","node":"ita","usage":1,"weight":1},"lic":{"type":"typal","node":"lic","usage":1,"weight":1},"opti":{"type":"keys","node":"opti","usage":1,"weight":1},"tima":{"type":"keys","node":"tima","usage":1,"weight":1},"medi":{"type":"keys","node":"medi","usage":1,"weight":1},"dium":{"type":"keys","node":"dium","usage":1,"weight":1},"ital":{"type":"keys","node":"ital","usage":1,"weight":1},"alic":{"type":"keys","node":"alic","usage":1,"weight":1},"optim":{"type":"keys","node":"optim","usage":1,"weight":1},"ptima":{"type":"keys","node":"ptima","usage":1,"weight":1},"mediu":{"type":"keys","node":"mediu","usage":1,"weight":1},"edium":{"type":"keys","node":"edium","usage":1,"weight":1},"itali":{"type":"keys","node":"itali","usage":1,"weight":1},"talic":{"type":"keys","node":"talic","usage":1,"weight":1},"optima":{"type":"fixes","node":"optima","usage":1,"weight":1},"lt":{"type":"fixes","node":"lt","usage":1,"weight":1},"std":{"type":"fixes","node":"std","usage":1,"weight":1},"medium":{"type":"fixes","node":"medium","usage":1,"weight":1},"italic":{"type":"fixes","node":"italic","usage":1,"weight":1}},"Contributors":[],"FontIdentity":"wagovau:bf1e3330fa5a1b48fa8f418a","Bytes":null,"Networking":[],"barcode":"yq76k98qeu7qW","referee":"qma7ema"}