{"CSS":{"HancockParkLightLaser Park Light Laser:11\/21\/88 2:27:34 PM":"HancockParkLightLaser+Park+Light+Laser%3A11%2F21%2F88+2%3A27%3A34+PM.css","Hancock Park Light Laser 1 2 8 7 3 4 PM":"unews9:26ea81017a461cb3e8057a44c.css"},"FontType":"TrueType","FontCopyright":"Hancock Park Light Laser by Software Complement, copyright by Dubl-Click Software, Inc. 818\/700-9525","FontName":"HancockParkLightLaser","FontSubfamily":"LightLaser","FontSubfamilyID":"FontForge 2.0 : HancockParkLightLaser Park Light Laser:11\/21\/88 2:27:34 PM : 28-8-2016","FontFullName":"Hancock Park Light Laser 1 2 8 7 3 4 PM","FontVersion":"Version 11\/21\/88 2:27:34 PM ","FontWeight":null,"FontPostscriptName":"HancockParkLightLaser","Files":{"\/font-resource.json":"\/font-resource.json","\/hancoklt.afm":"\/hancoklt.afm","\/hancoklt.cef":"\/hancoklt.cef","\/hancoklt.cff":"\/hancoklt.cff","\/hancoklt.eot":"\/hancoklt.eot","\/hancoklt.gai":"\/hancoklt.gai","\/hancoklt.gsf":"\/hancoklt.gsf","\/hancoklt.otf":"\/hancoklt.otf","\/hancoklt.pf3":"\/hancoklt.pf3","\/hancoklt.pfa":"\/hancoklt.pfa","\/hancoklt.pfb":"\/hancoklt.pfb","\/hancoklt.php":"\/hancoklt.php","\/hancoklt.pt3":"\/hancoklt.pt3","\/hancoklt.sfd":"\/hancoklt.sfd","\/hancoklt.svg":"\/hancoklt.svg","\/hancoklt.t42":"\/hancoklt.t42","\/hancoklt.ttd":"\/hancoklt.ttd","\/hancoklt.ttf":"\/hancoklt.ttf","\/hancoklt.ttg":"\/hancoklt.ttg","\/hancoklt.ufm":"\/hancoklt.ufm","\/hancoklt.woff":"\/hancoklt.woff","\/hancoklt.z":"\/hancoklt.z","\/HancockParkLightLaser Park Light Laser:11\/21\/88 2:27:34 PM.css":"\/HancockParkLightLaser Park Light Laser:11\/21\/88 2:27:34 PM.css","\/hancoklt.ufo\/feature.fea":"\/hancoklt.ufo\/feature.fea","\/hancoklt.ufo\/fontinfo.plist":"\/hancoklt.ufo\/fontinfo.plist","\/hancoklt.ufo\/groups.plist":"\/hancoklt.ufo\/groups.plist","\/hancoklt.ufo\/kerning.plist":"\/hancoklt.ufo\/kerning.plist","\/hancoklt.ufo\/metainfo.plist":"\/hancoklt.ufo\/metainfo.plist","\/hancoklt.ufo\/glyphs\/A_.glif":"\/hancoklt.ufo\/glyphs\/A_.glif","\/hancoklt.ufo\/glyphs\/A_E_.glif":"\/hancoklt.ufo\/glyphs\/A_E_.glif","\/hancoklt.ufo\/glyphs\/A_acute.glif":"\/hancoklt.ufo\/glyphs\/A_acute.glif","\/hancoklt.ufo\/glyphs\/A_circumflex.glif":"\/hancoklt.ufo\/glyphs\/A_circumflex.glif","\/hancoklt.ufo\/glyphs\/A_dieresis.glif":"\/hancoklt.ufo\/glyphs\/A_dieresis.glif","\/hancoklt.ufo\/glyphs\/A_grave.glif":"\/hancoklt.ufo\/glyphs\/A_grave.glif","\/hancoklt.ufo\/glyphs\/A_ring.glif":"\/hancoklt.ufo\/glyphs\/A_ring.glif","\/hancoklt.ufo\/glyphs\/A_tilde.glif":"\/hancoklt.ufo\/glyphs\/A_tilde.glif","\/hancoklt.ufo\/glyphs\/B_.glif":"\/hancoklt.ufo\/glyphs\/B_.glif","\/hancoklt.ufo\/glyphs\/C_.glif":"\/hancoklt.ufo\/glyphs\/C_.glif","\/hancoklt.ufo\/glyphs\/C_cedilla.glif":"\/hancoklt.ufo\/glyphs\/C_cedilla.glif","\/hancoklt.ufo\/glyphs\/D_.glif":"\/hancoklt.ufo\/glyphs\/D_.glif","\/hancoklt.ufo\/glyphs\/D_C_1.glif":"\/hancoklt.ufo\/glyphs\/D_C_1.glif","\/hancoklt.ufo\/glyphs\/D_C_2.glif":"\/hancoklt.ufo\/glyphs\/D_C_2.glif","\/hancoklt.ufo\/glyphs\/D_C_3.glif":"\/hancoklt.ufo\/glyphs\/D_C_3.glif","\/hancoklt.ufo\/glyphs\/D_C_4.glif":"\/hancoklt.ufo\/glyphs\/D_C_4.glif","\/hancoklt.ufo\/glyphs\/E_.glif":"\/hancoklt.ufo\/glyphs\/E_.glif","\/hancoklt.ufo\/glyphs\/E_acute.a.glif":"\/hancoklt.ufo\/glyphs\/E_acute.a.glif","\/hancoklt.ufo\/glyphs\/E_acute.glif":"\/hancoklt.ufo\/glyphs\/E_acute.glif","\/hancoklt.ufo\/glyphs\/E_circumflex.glif":"\/hancoklt.ufo\/glyphs\/E_circumflex.glif","\/hancoklt.ufo\/glyphs\/E_dieresis.glif":"\/hancoklt.ufo\/glyphs\/E_dieresis.glif","\/hancoklt.ufo\/glyphs\/E_grave.glif":"\/hancoklt.ufo\/glyphs\/E_grave.glif","\/hancoklt.ufo\/glyphs\/F_.glif":"\/hancoklt.ufo\/glyphs\/F_.glif","\/hancoklt.ufo\/glyphs\/G_.glif":"\/hancoklt.ufo\/glyphs\/G_.glif","\/hancoklt.ufo\/glyphs\/H_.glif":"\/hancoklt.ufo\/glyphs\/H_.glif","\/hancoklt.ufo\/glyphs\/I_.glif":"\/hancoklt.ufo\/glyphs\/I_.glif","\/hancoklt.ufo\/glyphs\/I_acute.glif":"\/hancoklt.ufo\/glyphs\/I_acute.glif","\/hancoklt.ufo\/glyphs\/I_circumflex.glif":"\/hancoklt.ufo\/glyphs\/I_circumflex.glif","\/hancoklt.ufo\/glyphs\/I_dieresis.a.glif":"\/hancoklt.ufo\/glyphs\/I_dieresis.a.glif","\/hancoklt.ufo\/glyphs\/I_dieresis.glif":"\/hancoklt.ufo\/glyphs\/I_dieresis.glif","\/hancoklt.ufo\/glyphs\/I_grave.glif":"\/hancoklt.ufo\/glyphs\/I_grave.glif","\/hancoklt.ufo\/glyphs\/J_.glif":"\/hancoklt.ufo\/glyphs\/J_.glif","\/hancoklt.ufo\/glyphs\/K_.glif":"\/hancoklt.ufo\/glyphs\/K_.glif","\/hancoklt.ufo\/glyphs\/L_.glif":"\/hancoklt.ufo\/glyphs\/L_.glif","\/hancoklt.ufo\/glyphs\/M_.glif":"\/hancoklt.ufo\/glyphs\/M_.glif","\/hancoklt.ufo\/glyphs\/N_.glif":"\/hancoklt.ufo\/glyphs\/N_.glif","\/hancoklt.ufo\/glyphs\/N_tilde.glif":"\/hancoklt.ufo\/glyphs\/N_tilde.glif","\/hancoklt.ufo\/glyphs\/O_.glif":"\/hancoklt.ufo\/glyphs\/O_.glif","\/hancoklt.ufo\/glyphs\/O_E_.glif":"\/hancoklt.ufo\/glyphs\/O_E_.glif","\/hancoklt.ufo\/glyphs\/O_acute.glif":"\/hancoklt.ufo\/glyphs\/O_acute.glif","\/hancoklt.ufo\/glyphs\/O_circumflex.glif":"\/hancoklt.ufo\/glyphs\/O_circumflex.glif","\/hancoklt.ufo\/glyphs\/O_dieresis.glif":"\/hancoklt.ufo\/glyphs\/O_dieresis.glif","\/hancoklt.ufo\/glyphs\/O_grave.glif":"\/hancoklt.ufo\/glyphs\/O_grave.glif","\/hancoklt.ufo\/glyphs\/O_slash.glif":"\/hancoklt.ufo\/glyphs\/O_slash.glif","\/hancoklt.ufo\/glyphs\/O_tilde.glif":"\/hancoklt.ufo\/glyphs\/O_tilde.glif","\/hancoklt.ufo\/glyphs\/P_.glif":"\/hancoklt.ufo\/glyphs\/P_.glif","\/hancoklt.ufo\/glyphs\/Q_.glif":"\/hancoklt.ufo\/glyphs\/Q_.glif","\/hancoklt.ufo\/glyphs\/R_.glif":"\/hancoklt.ufo\/glyphs\/R_.glif","\/hancoklt.ufo\/glyphs\/S_.glif":"\/hancoklt.ufo\/glyphs\/S_.glif","\/hancoklt.ufo\/glyphs\/T_.glif":"\/hancoklt.ufo\/glyphs\/T_.glif","\/hancoklt.ufo\/glyphs\/U_.glif":"\/hancoklt.ufo\/glyphs\/U_.glif","\/hancoklt.ufo\/glyphs\/U_acute.glif":"\/hancoklt.ufo\/glyphs\/U_acute.glif","\/hancoklt.ufo\/glyphs\/U_circumflex.glif":"\/hancoklt.ufo\/glyphs\/U_circumflex.glif","\/hancoklt.ufo\/glyphs\/U_dieresis.glif":"\/hancoklt.ufo\/glyphs\/U_dieresis.glif","\/hancoklt.ufo\/glyphs\/U_grave.glif":"\/hancoklt.ufo\/glyphs\/U_grave.glif","\/hancoklt.ufo\/glyphs\/V_.glif":"\/hancoklt.ufo\/glyphs\/V_.glif","\/hancoklt.ufo\/glyphs\/W_.glif":"\/hancoklt.ufo\/glyphs\/W_.glif","\/hancoklt.ufo\/glyphs\/X_.glif":"\/hancoklt.ufo\/glyphs\/X_.glif","\/hancoklt.ufo\/glyphs\/Y_.glif":"\/hancoklt.ufo\/glyphs\/Y_.glif","\/hancoklt.ufo\/glyphs\/Y_dieresis.glif":"\/hancoklt.ufo\/glyphs\/Y_dieresis.glif","\/hancoklt.ufo\/glyphs\/Z_.glif":"\/hancoklt.ufo\/glyphs\/Z_.glif","\/hancoklt.ufo\/glyphs\/_dummy.a.glif":"\/hancoklt.ufo\/glyphs\/_dummy.a.glif","\/hancoklt.ufo\/glyphs\/_dummy.b.glif":"\/hancoklt.ufo\/glyphs\/_dummy.b.glif","\/hancoklt.ufo\/glyphs\/_dummy.c.glif":"\/hancoklt.ufo\/glyphs\/_dummy.c.glif","\/hancoklt.ufo\/glyphs\/_dummy.d.glif":"\/hancoklt.ufo\/glyphs\/_dummy.d.glif","\/hancoklt.ufo\/glyphs\/_dummy.e.glif":"\/hancoklt.ufo\/glyphs\/_dummy.e.glif","\/hancoklt.ufo\/glyphs\/_dummy.f.glif":"\/hancoklt.ufo\/glyphs\/_dummy.f.glif","\/hancoklt.ufo\/glyphs\/_dummy.glif":"\/hancoklt.ufo\/glyphs\/_dummy.glif","\/hancoklt.ufo\/glyphs\/_notdef.glif":"\/hancoklt.ufo\/glyphs\/_notdef.glif","\/hancoklt.ufo\/glyphs\/_null.glif":"\/hancoklt.ufo\/glyphs\/_null.glif","\/hancoklt.ufo\/glyphs\/_space.glif":"\/hancoklt.ufo\/glyphs\/_space.glif","\/hancoklt.ufo\/glyphs\/a.glif":"\/hancoklt.ufo\/glyphs\/a.glif","\/hancoklt.ufo\/glyphs\/aacute.a.glif":"\/hancoklt.ufo\/glyphs\/aacute.a.glif","\/hancoklt.ufo\/glyphs\/aacute.glif":"\/hancoklt.ufo\/glyphs\/aacute.glif","\/hancoklt.ufo\/glyphs\/acircumflex.glif":"\/hancoklt.ufo\/glyphs\/acircumflex.glif","\/hancoklt.ufo\/glyphs\/acute.a.glif":"\/hancoklt.ufo\/glyphs\/acute.a.glif","\/hancoklt.ufo\/glyphs\/acute.glif":"\/hancoklt.ufo\/glyphs\/acute.glif","\/hancoklt.ufo\/glyphs\/adieresis.glif":"\/hancoklt.ufo\/glyphs\/adieresis.glif","\/hancoklt.ufo\/glyphs\/ae.glif":"\/hancoklt.ufo\/glyphs\/ae.glif","\/hancoklt.ufo\/glyphs\/agrave.glif":"\/hancoklt.ufo\/glyphs\/agrave.glif","\/hancoklt.ufo\/glyphs\/ampersand.glif":"\/hancoklt.ufo\/glyphs\/ampersand.glif","\/hancoklt.ufo\/glyphs\/apple.glif":"\/hancoklt.ufo\/glyphs\/apple.glif","\/hancoklt.ufo\/glyphs\/aring.glif":"\/hancoklt.ufo\/glyphs\/aring.glif","\/hancoklt.ufo\/glyphs\/asciicircum.glif":"\/hancoklt.ufo\/glyphs\/asciicircum.glif","\/hancoklt.ufo\/glyphs\/asciitilde.glif":"\/hancoklt.ufo\/glyphs\/asciitilde.glif","\/hancoklt.ufo\/glyphs\/asterisk.glif":"\/hancoklt.ufo\/glyphs\/asterisk.glif","\/hancoklt.ufo\/glyphs\/at.glif":"\/hancoklt.ufo\/glyphs\/at.glif","\/hancoklt.ufo\/glyphs\/atilde.glif":"\/hancoklt.ufo\/glyphs\/atilde.glif","\/hancoklt.ufo\/glyphs\/b.glif":"\/hancoklt.ufo\/glyphs\/b.glif","\/hancoklt.ufo\/glyphs\/backslash.glif":"\/hancoklt.ufo\/glyphs\/backslash.glif","\/hancoklt.ufo\/glyphs\/bar.glif":"\/hancoklt.ufo\/glyphs\/bar.glif","\/hancoklt.ufo\/glyphs\/braceleft.glif":"\/hancoklt.ufo\/glyphs\/braceleft.glif","\/hancoklt.ufo\/glyphs\/braceright.glif":"\/hancoklt.ufo\/glyphs\/braceright.glif","\/hancoklt.ufo\/glyphs\/bracketleft.glif":"\/hancoklt.ufo\/glyphs\/bracketleft.glif","\/hancoklt.ufo\/glyphs\/bracketright.glif":"\/hancoklt.ufo\/glyphs\/bracketright.glif","\/hancoklt.ufo\/glyphs\/breve.glif":"\/hancoklt.ufo\/glyphs\/breve.glif","\/hancoklt.ufo\/glyphs\/bullet.glif":"\/hancoklt.ufo\/glyphs\/bullet.glif","\/hancoklt.ufo\/glyphs\/c.glif":"\/hancoklt.ufo\/glyphs\/c.glif","\/hancoklt.ufo\/glyphs\/caron.glif":"\/hancoklt.ufo\/glyphs\/caron.glif","\/hancoklt.ufo\/glyphs\/ccedilla.glif":"\/hancoklt.ufo\/glyphs\/ccedilla.glif","\/hancoklt.ufo\/glyphs\/cent.glif":"\/hancoklt.ufo\/glyphs\/cent.glif","\/hancoklt.ufo\/glyphs\/circumflex.glif":"\/hancoklt.ufo\/glyphs\/circumflex.glif","\/hancoklt.ufo\/glyphs\/colon.glif":"\/hancoklt.ufo\/glyphs\/colon.glif","\/hancoklt.ufo\/glyphs\/comma.glif":"\/hancoklt.ufo\/glyphs\/comma.glif","\/hancoklt.ufo\/glyphs\/contents.plist":"\/hancoklt.ufo\/glyphs\/contents.plist","\/hancoklt.ufo\/glyphs\/copyright.a.glif":"\/hancoklt.ufo\/glyphs\/copyright.a.glif","\/hancoklt.ufo\/glyphs\/copyright.glif":"\/hancoklt.ufo\/glyphs\/copyright.glif","\/hancoklt.ufo\/glyphs\/d.glif":"\/hancoklt.ufo\/glyphs\/d.glif","\/hancoklt.ufo\/glyphs\/dagger.glif":"\/hancoklt.ufo\/glyphs\/dagger.glif","\/hancoklt.ufo\/glyphs\/daggerdbl.glif":"\/hancoklt.ufo\/glyphs\/daggerdbl.glif","\/hancoklt.ufo\/glyphs\/degree.glif":"\/hancoklt.ufo\/glyphs\/degree.glif","\/hancoklt.ufo\/glyphs\/dieresis.glif":"\/hancoklt.ufo\/glyphs\/dieresis.glif","\/hancoklt.ufo\/glyphs\/divide.glif":"\/hancoklt.ufo\/glyphs\/divide.glif","\/hancoklt.ufo\/glyphs\/dollar.glif":"\/hancoklt.ufo\/glyphs\/dollar.glif","\/hancoklt.ufo\/glyphs\/dotlessi.glif":"\/hancoklt.ufo\/glyphs\/dotlessi.glif","\/hancoklt.ufo\/glyphs\/e.glif":"\/hancoklt.ufo\/glyphs\/e.glif","\/hancoklt.ufo\/glyphs\/eacute.a.glif":"\/hancoklt.ufo\/glyphs\/eacute.a.glif","\/hancoklt.ufo\/glyphs\/eacute.glif":"\/hancoklt.ufo\/glyphs\/eacute.glif","\/hancoklt.ufo\/glyphs\/ecircumflex.glif":"\/hancoklt.ufo\/glyphs\/ecircumflex.glif","\/hancoklt.ufo\/glyphs\/edieresis.glif":"\/hancoklt.ufo\/glyphs\/edieresis.glif","\/hancoklt.ufo\/glyphs\/egrave.glif":"\/hancoklt.ufo\/glyphs\/egrave.glif","\/hancoklt.ufo\/glyphs\/eight.glif":"\/hancoklt.ufo\/glyphs\/eight.glif","\/hancoklt.ufo\/glyphs\/ellipsis.glif":"\/hancoklt.ufo\/glyphs\/ellipsis.glif","\/hancoklt.ufo\/glyphs\/emdash.glif":"\/hancoklt.ufo\/glyphs\/emdash.glif","\/hancoklt.ufo\/glyphs\/endash.glif":"\/hancoklt.ufo\/glyphs\/endash.glif","\/hancoklt.ufo\/glyphs\/equal.glif":"\/hancoklt.ufo\/glyphs\/equal.glif","\/hancoklt.ufo\/glyphs\/exclam.glif":"\/hancoklt.ufo\/glyphs\/exclam.glif","\/hancoklt.ufo\/glyphs\/exclamdown.glif":"\/hancoklt.ufo\/glyphs\/exclamdown.glif","\/hancoklt.ufo\/glyphs\/f.glif":"\/hancoklt.ufo\/glyphs\/f.glif","\/hancoklt.ufo\/glyphs\/fi.glif":"\/hancoklt.ufo\/glyphs\/fi.glif","\/hancoklt.ufo\/glyphs\/five.glif":"\/hancoklt.ufo\/glyphs\/five.glif","\/hancoklt.ufo\/glyphs\/fl.glif":"\/hancoklt.ufo\/glyphs\/fl.glif","\/hancoklt.ufo\/glyphs\/four.glif":"\/hancoklt.ufo\/glyphs\/four.glif","\/hancoklt.ufo\/glyphs\/g.glif":"\/hancoklt.ufo\/glyphs\/g.glif","\/hancoklt.ufo\/glyphs\/germandbls.glif":"\/hancoklt.ufo\/glyphs\/germandbls.glif","\/hancoklt.ufo\/glyphs\/grave.glif":"\/hancoklt.ufo\/glyphs\/grave.glif","\/hancoklt.ufo\/glyphs\/greater.glif":"\/hancoklt.ufo\/glyphs\/greater.glif","\/hancoklt.ufo\/glyphs\/guillemotleft.glif":"\/hancoklt.ufo\/glyphs\/guillemotleft.glif","\/hancoklt.ufo\/glyphs\/guillemotright.glif":"\/hancoklt.ufo\/glyphs\/guillemotright.glif","\/hancoklt.ufo\/glyphs\/guilsinglleft.glif":"\/hancoklt.ufo\/glyphs\/guilsinglleft.glif","\/hancoklt.ufo\/glyphs\/guilsinglright.glif":"\/hancoklt.ufo\/glyphs\/guilsinglright.glif","\/hancoklt.ufo\/glyphs\/h.glif":"\/hancoklt.ufo\/glyphs\/h.glif","\/hancoklt.ufo\/glyphs\/hyphen.glif":"\/hancoklt.ufo\/glyphs\/hyphen.glif","\/hancoklt.ufo\/glyphs\/i.glif":"\/hancoklt.ufo\/glyphs\/i.glif","\/hancoklt.ufo\/glyphs\/iacute.a.glif":"\/hancoklt.ufo\/glyphs\/iacute.a.glif","\/hancoklt.ufo\/glyphs\/iacute.glif":"\/hancoklt.ufo\/glyphs\/iacute.glif","\/hancoklt.ufo\/glyphs\/icircumflex.glif":"\/hancoklt.ufo\/glyphs\/icircumflex.glif","\/hancoklt.ufo\/glyphs\/idieresis.glif":"\/hancoklt.ufo\/glyphs\/idieresis.glif","\/hancoklt.ufo\/glyphs\/igrave.glif":"\/hancoklt.ufo\/glyphs\/igrave.glif","\/hancoklt.ufo\/glyphs\/j.glif":"\/hancoklt.ufo\/glyphs\/j.glif","\/hancoklt.ufo\/glyphs\/k.glif":"\/hancoklt.ufo\/glyphs\/k.glif","\/hancoklt.ufo\/glyphs\/l.glif":"\/hancoklt.ufo\/glyphs\/l.glif","\/hancoklt.ufo\/glyphs\/less.glif":"\/hancoklt.ufo\/glyphs\/less.glif","\/hancoklt.ufo\/glyphs\/lozenge.glif":"\/hancoklt.ufo\/glyphs\/lozenge.glif","\/hancoklt.ufo\/glyphs\/m.glif":"\/hancoklt.ufo\/glyphs\/m.glif","\/hancoklt.ufo\/glyphs\/macron.glif":"\/hancoklt.ufo\/glyphs\/macron.glif","\/hancoklt.ufo\/glyphs\/n.glif":"\/hancoklt.ufo\/glyphs\/n.glif","\/hancoklt.ufo\/glyphs\/nine.glif":"\/hancoklt.ufo\/glyphs\/nine.glif","\/hancoklt.ufo\/glyphs\/nonbreakingspace.glif":"\/hancoklt.ufo\/glyphs\/nonbreakingspace.glif","\/hancoklt.ufo\/glyphs\/notequal.glif":"\/hancoklt.ufo\/glyphs\/notequal.glif","\/hancoklt.ufo\/glyphs\/ntilde.glif":"\/hancoklt.ufo\/glyphs\/ntilde.glif","\/hancoklt.ufo\/glyphs\/numbersign.glif":"\/hancoklt.ufo\/glyphs\/numbersign.glif","\/hancoklt.ufo\/glyphs\/o.glif":"\/hancoklt.ufo\/glyphs\/o.glif","\/hancoklt.ufo\/glyphs\/oacute.a.glif":"\/hancoklt.ufo\/glyphs\/oacute.a.glif","\/hancoklt.ufo\/glyphs\/oacute.glif":"\/hancoklt.ufo\/glyphs\/oacute.glif","\/hancoklt.ufo\/glyphs\/ocircumflex.glif":"\/hancoklt.ufo\/glyphs\/ocircumflex.glif","\/hancoklt.ufo\/glyphs\/odieresis.glif":"\/hancoklt.ufo\/glyphs\/odieresis.glif","\/hancoklt.ufo\/glyphs\/oe.glif":"\/hancoklt.ufo\/glyphs\/oe.glif","\/hancoklt.ufo\/glyphs\/ograve.glif":"\/hancoklt.ufo\/glyphs\/ograve.glif","\/hancoklt.ufo\/glyphs\/one.glif":"\/hancoklt.ufo\/glyphs\/one.glif","\/hancoklt.ufo\/glyphs\/ordfeminine.a.glif":"\/hancoklt.ufo\/glyphs\/ordfeminine.a.glif","\/hancoklt.ufo\/glyphs\/ordfeminine.glif":"\/hancoklt.ufo\/glyphs\/ordfeminine.glif","\/hancoklt.ufo\/glyphs\/ordmasculine.a.glif":"\/hancoklt.ufo\/glyphs\/ordmasculine.a.glif","\/hancoklt.ufo\/glyphs\/ordmasculine.glif":"\/hancoklt.ufo\/glyphs\/ordmasculine.glif","\/hancoklt.ufo\/glyphs\/oslash.glif":"\/hancoklt.ufo\/glyphs\/oslash.glif","\/hancoklt.ufo\/glyphs\/otilde.glif":"\/hancoklt.ufo\/glyphs\/otilde.glif","\/hancoklt.ufo\/glyphs\/p.glif":"\/hancoklt.ufo\/glyphs\/p.glif","\/hancoklt.ufo\/glyphs\/paragraph.glif":"\/hancoklt.ufo\/glyphs\/paragraph.glif","\/hancoklt.ufo\/glyphs\/parenleft.glif":"\/hancoklt.ufo\/glyphs\/parenleft.glif","\/hancoklt.ufo\/glyphs\/parenright.glif":"\/hancoklt.ufo\/glyphs\/parenright.glif","\/hancoklt.ufo\/glyphs\/percent.a.glif":"\/hancoklt.ufo\/glyphs\/percent.a.glif","\/hancoklt.ufo\/glyphs\/percent.glif":"\/hancoklt.ufo\/glyphs\/percent.glif","\/hancoklt.ufo\/glyphs\/period.glif":"\/hancoklt.ufo\/glyphs\/period.glif","\/hancoklt.ufo\/glyphs\/periodcentered.glif":"\/hancoklt.ufo\/glyphs\/periodcentered.glif","\/hancoklt.ufo\/glyphs\/plus.glif":"\/hancoklt.ufo\/glyphs\/plus.glif","\/hancoklt.ufo\/glyphs\/q.glif":"\/hancoklt.ufo\/glyphs\/q.glif","\/hancoklt.ufo\/glyphs\/question.glif":"\/hancoklt.ufo\/glyphs\/question.glif","\/hancoklt.ufo\/glyphs\/questiondown.glif":"\/hancoklt.ufo\/glyphs\/questiondown.glif","\/hancoklt.ufo\/glyphs\/quotedbl.glif":"\/hancoklt.ufo\/glyphs\/quotedbl.glif","\/hancoklt.ufo\/glyphs\/quotedblleft.glif":"\/hancoklt.ufo\/glyphs\/quotedblleft.glif","\/hancoklt.ufo\/glyphs\/quotedblright.glif":"\/hancoklt.ufo\/glyphs\/quotedblright.glif","\/hancoklt.ufo\/glyphs\/quoteleft.glif":"\/hancoklt.ufo\/glyphs\/quoteleft.glif","\/hancoklt.ufo\/glyphs\/quoteright.glif":"\/hancoklt.ufo\/glyphs\/quoteright.glif","\/hancoklt.ufo\/glyphs\/quotesingle.glif":"\/hancoklt.ufo\/glyphs\/quotesingle.glif","\/hancoklt.ufo\/glyphs\/r.glif":"\/hancoklt.ufo\/glyphs\/r.glif","\/hancoklt.ufo\/glyphs\/registered.a.glif":"\/hancoklt.ufo\/glyphs\/registered.a.glif","\/hancoklt.ufo\/glyphs\/registered.glif":"\/hancoklt.ufo\/glyphs\/registered.glif","\/hancoklt.ufo\/glyphs\/s.glif":"\/hancoklt.ufo\/glyphs\/s.glif","\/hancoklt.ufo\/glyphs\/section.glif":"\/hancoklt.ufo\/glyphs\/section.glif","\/hancoklt.ufo\/glyphs\/semicolon.glif":"\/hancoklt.ufo\/glyphs\/semicolon.glif","\/hancoklt.ufo\/glyphs\/seven.glif":"\/hancoklt.ufo\/glyphs\/seven.glif","\/hancoklt.ufo\/glyphs\/six.glif":"\/hancoklt.ufo\/glyphs\/six.glif","\/hancoklt.ufo\/glyphs\/slash.glif":"\/hancoklt.ufo\/glyphs\/slash.glif","\/hancoklt.ufo\/glyphs\/space.glif":"\/hancoklt.ufo\/glyphs\/space.glif","\/hancoklt.ufo\/glyphs\/sterling.glif":"\/hancoklt.ufo\/glyphs\/sterling.glif","\/hancoklt.ufo\/glyphs\/t.glif":"\/hancoklt.ufo\/glyphs\/t.glif","\/hancoklt.ufo\/glyphs\/three.glif":"\/hancoklt.ufo\/glyphs\/three.glif","\/hancoklt.ufo\/glyphs\/tilde.glif":"\/hancoklt.ufo\/glyphs\/tilde.glif","\/hancoklt.ufo\/glyphs\/trademark.glif":"\/hancoklt.ufo\/glyphs\/trademark.glif","\/hancoklt.ufo\/glyphs\/two.glif":"\/hancoklt.ufo\/glyphs\/two.glif","\/hancoklt.ufo\/glyphs\/u.glif":"\/hancoklt.ufo\/glyphs\/u.glif","\/hancoklt.ufo\/glyphs\/uacute.a.glif":"\/hancoklt.ufo\/glyphs\/uacute.a.glif","\/hancoklt.ufo\/glyphs\/uacute.glif":"\/hancoklt.ufo\/glyphs\/uacute.glif","\/hancoklt.ufo\/glyphs\/ucircumflex.glif":"\/hancoklt.ufo\/glyphs\/ucircumflex.glif","\/hancoklt.ufo\/glyphs\/udieresis.glif":"\/hancoklt.ufo\/glyphs\/udieresis.glif","\/hancoklt.ufo\/glyphs\/ugrave.glif":"\/hancoklt.ufo\/glyphs\/ugrave.glif","\/hancoklt.ufo\/glyphs\/underscore.glif":"\/hancoklt.ufo\/glyphs\/underscore.glif","\/hancoklt.ufo\/glyphs\/v.glif":"\/hancoklt.ufo\/glyphs\/v.glif","\/hancoklt.ufo\/glyphs\/w.glif":"\/hancoklt.ufo\/glyphs\/w.glif","\/hancoklt.ufo\/glyphs\/x.glif":"\/hancoklt.ufo\/glyphs\/x.glif","\/hancoklt.ufo\/glyphs\/y.glif":"\/hancoklt.ufo\/glyphs\/y.glif","\/hancoklt.ufo\/glyphs\/ydieresis.glif":"\/hancoklt.ufo\/glyphs\/ydieresis.glif","\/hancoklt.ufo\/glyphs\/yen.glif":"\/hancoklt.ufo\/glyphs\/yen.glif","\/hancoklt.ufo\/glyphs\/z.glif":"\/hancoklt.ufo\/glyphs\/z.glif","\/hancoklt.ufo\/glyphs\/zero.glif":"\/hancoklt.ufo\/glyphs\/zero.glif"},"Font":{"uploaded":1472911612.869,"licence":"gpl3","company":"Chronolabs Cooperative","title":"Hancock Park Light Laser","version":3.002,"date":"Sun Aug 28 07:57:57 2016","creator":"root","type":"1","matrix":"0.000244141 0 0 0.000244141 0 0","named":"HancockParkLightLaser","painttype":"0","info":"10 dict dup","name":"HancockParkLightLaser Park Light Laser:11\/21\/88 2:27:34 PM","family":"HancockParkLightLaser","weight":"","fstype":"0","italicangle":"0","underlineposition":"","underlinethickness":""},"Licences":{"":false},"Table":{"FFTM":{"entryLength":16,"tag":"FFTM","checksum":1947016602,"offset":24520,"length":28},"GDEF":{"entryLength":16,"tag":"GDEF","checksum":17694724,"offset":24488,"length":32},"OS\/2":{"entryLength":16,"tag":"OS\/2","checksum":2651339235,"offset":344,"length":86},"cmap":{"entryLength":16,"tag":"cmap","checksum":738748430,"offset":1332,"length":718},"gasp":{"entryLength":16,"tag":"gasp","checksum":4294901763,"offset":24480,"length":8},"glyf":{"entryLength":16,"tag":"glyf","checksum":2345810634,"offset":2504,"length":20100},"head":{"entryLength":16,"tag":"head","checksum":409644141,"offset":220,"length":54},"hhea":{"entryLength":16,"tag":"hhea","checksum":609158341,"offset":276,"length":36},"hmtx":{"entryLength":16,"tag":"hmtx","checksum":1623201873,"offset":432,"length":900},"loca":{"entryLength":16,"tag":"loca","checksum":2912993750,"offset":2052,"length":452},"maxp":{"entryLength":16,"tag":"maxp","checksum":20840776,"offset":312,"length":32},"name":{"entryLength":16,"tag":"name","checksum":1475697111,"offset":22604,"length":1167},"post":{"entryLength":16,"tag":"post","checksum":1353776979,"offset":23772,"length":706}},"UnicodeCharMap":{"0":1,"32":4,"33":5,"34":6,"35":7,"36":8,"37":9,"38":10,"39":11,"40":12,"41":13,"42":14,"43":15,"44":16,"45":17,"46":18,"47":19,"48":20,"49":21,"50":22,"51":23,"52":24,"53":25,"54":26,"55":27,"56":28,"57":29,"58":30,"59":31,"60":32,"61":33,"62":34,"63":35,"64":36,"65":37,"66":38,"67":39,"68":40,"69":41,"70":42,"71":43,"72":44,"73":45,"74":46,"75":47,"76":48,"77":49,"78":50,"79":51,"80":52,"81":53,"82":54,"83":55,"84":56,"85":57,"86":58,"87":59,"88":60,"89":61,"90":62,"91":63,"92":64,"93":65,"94":66,"95":67,"96":68,"97":69,"98":70,"99":71,"100":72,"101":73,"102":74,"103":75,"104":76,"105":77,"106":78,"107":79,"108":80,"109":81,"110":82,"111":83,"112":84,"113":85,"114":86,"115":87,"116":88,"117":89,"118":90,"119":91,"120":92,"121":93,"122":94,"123":95,"124":96,"125":97,"126":98,"160":157,"161":153,"162":133,"163":134,"165":147,"167":135,"168":143,"169":140,"170":148,"171":154,"174":139,"175":198,"176":132,"180":142,"182":137,"183":178,"186":149,"187":155,"191":152,"192":158,"193":181,"194":179,"195":159,"196":99,"197":100,"198":145,"199":101,"200":183,"201":102,"202":180,"203":182,"204":187,"205":184,"206":185,"207":186,"209":103,"210":191,"211":188,"212":189,"213":160,"214":104,"216":146,"217":194,"218":192,"219":193,"220":105,"223":138,"224":107,"225":106,"226":108,"227":110,"228":109,"229":111,"230":150,"231":112,"232":114,"233":113,"234":115,"235":116,"236":118,"237":117,"238":119,"239":120,"241":121,"242":123,"243":122,"244":124,"245":126,"246":125,"247":169,"248":151,"249":128,"250":127,"251":129,"252":130,"255":171,"305":195,"338":161,"339":162,"376":172,"710":196,"711":200,"728":199,"732":197,"8211":163,"8212":164,"8216":167,"8217":168,"8220":165,"8221":166,"8224":131,"8225":177,"8226":136,"8230":156,"8249":173,"8250":174,"8482":141,"8800":144,"9674":170,"64257":175,"64258":176},"Reserves":{"fontname":"Hancock Park Light Laser 1 2 8 7 3 4 PM"},"Names":{"Hancock Park Light Laser 1 2 8 7 3 4 PM":{"name":"Hancock Park Light Laser 1 2 8 7 3 4 PM","longitude":"0.00000001","latitude":"0.00000001","country":"","region":"","city":""}},"Nodes":{"ha":{"type":"typal","node":"ha","usage":1,"weight":1},"ck":{"type":"typal","node":"ck","usage":1,"weight":1},"pa":{"type":"typal","node":"pa","usage":1,"weight":1},"rk":{"type":"typal","node":"rk","usage":1,"weight":1},"li":{"type":"typal","node":"li","usage":1,"weight":1},"ht":{"type":"typal","node":"ht","usage":1,"weight":1},"la":{"type":"typal","node":"la","usage":1,"weight":1},"er":{"type":"typal","node":"er","usage":1,"weight":1},"han":{"type":"typal","node":"han","usage":1,"weight":1},"ock":{"type":"typal","node":"ock","usage":1,"weight":1},"par":{"type":"typal","node":"par","usage":1,"weight":1},"ark":{"type":"typal","node":"ark","usage":1,"weight":1},"lig":{"type":"typal","node":"lig","usage":1,"weight":1},"ght":{"type":"typal","node":"ght","usage":1,"weight":1},"las":{"type":"typal","node":"las","usage":1,"weight":1},"ser":{"type":"typal","node":"ser","usage":1,"weight":1},"hanc":{"type":"keys","node":"hanc","usage":1,"weight":1},"cock":{"type":"keys","node":"cock","usage":1,"weight":1},"ligh":{"type":"keys","node":"ligh","usage":1,"weight":1},"ight":{"type":"keys","node":"ight","usage":1,"weight":1},"lase":{"type":"keys","node":"lase","usage":1,"weight":1},"aser":{"type":"keys","node":"aser","usage":1,"weight":1},"hanco":{"type":"keys","node":"hanco","usage":1,"weight":1},"ncock":{"type":"keys","node":"ncock","usage":1,"weight":1},"hancock":{"type":"fixes","node":"hancock","usage":1,"weight":1},"park":{"type":"fixes","node":"park","usage":1,"weight":1},"light":{"type":"fixes","node":"light","usage":1,"weight":1},"laser":{"type":"fixes","node":"laser","usage":1,"weight":1},"1":{"type":"fixes","node":1,"usage":1,"weight":1},"2":{"type":"fixes","node":2,"usage":1,"weight":1},"8":{"type":"fixes","node":8,"usage":1,"weight":1},"7":{"type":"fixes","node":7,"usage":1,"weight":1},"3":{"type":"fixes","node":3,"usage":1,"weight":1},"4":{"type":"fixes","node":4,"usage":1,"weight":1},"pm":{"type":"fixes","node":"pm","usage":1,"weight":1}},"Contributors":[],"FontIdentity":"unews9:26ea81017a461cb3e8057a44c","Bytes":null,"Networking":[],"barcode":"aqasmqaksa7m","referee":"5oesm"}