{"CSS":{"Epicure":"wagovau:60672e3c67b5c35d74528728.css"},"FontType":"TrueType","FontCopyright":"Copr.1994, (T-26) Chicago, Illinois, Adam Roe-Designer, ","FontName":"Epicure","FontSubfamily":"Medium","FontSubfamilyID":"FontForge 2.0 : Epicure : 12-8-2016","FontFullName":"Epicure","FontVersion":"Version 001.000 ","FontWeight":null,"FontPostscriptName":"Epicure","Files":{"\/Epicure.css":"\/Epicure.css","\/epicure.afm":"\/epicure.afm","\/epicure.cef":"\/epicure.cef","\/epicure.cff":"\/epicure.cff","\/epicure.eot":"\/epicure.eot","\/epicure.gai":"\/epicure.gai","\/epicure.gsf":"\/epicure.gsf","\/epicure.otf":"\/epicure.otf","\/epicure.pf3":"\/epicure.pf3","\/epicure.pfa":"\/epicure.pfa","\/epicure.pfb":"\/epicure.pfb","\/epicure.php":"\/epicure.php","\/epicure.pt3":"\/epicure.pt3","\/epicure.sfd":"\/epicure.sfd","\/epicure.svg":"\/epicure.svg","\/epicure.t42":"\/epicure.t42","\/epicure.ttd":"\/epicure.ttd","\/epicure.ttf":"\/epicure.ttf","\/epicure.ttg":"\/epicure.ttg","\/epicure.ufm":"\/epicure.ufm","\/epicure.woff":"\/epicure.woff","\/epicure.z":"\/epicure.z","\/font-resource.json":"\/font-resource.json","\/epicure.ufo\/feature.fea":"\/epicure.ufo\/feature.fea","\/epicure.ufo\/fontinfo.plist":"\/epicure.ufo\/fontinfo.plist","\/epicure.ufo\/groups.plist":"\/epicure.ufo\/groups.plist","\/epicure.ufo\/kerning.plist":"\/epicure.ufo\/kerning.plist","\/epicure.ufo\/metainfo.plist":"\/epicure.ufo\/metainfo.plist","\/epicure.ufo\/glyphs\/A_.glif":"\/epicure.ufo\/glyphs\/A_.glif","\/epicure.ufo\/glyphs\/A_E_.glif":"\/epicure.ufo\/glyphs\/A_E_.glif","\/epicure.ufo\/glyphs\/A_acute.glif":"\/epicure.ufo\/glyphs\/A_acute.glif","\/epicure.ufo\/glyphs\/A_circumflex.glif":"\/epicure.ufo\/glyphs\/A_circumflex.glif","\/epicure.ufo\/glyphs\/A_dieresis.glif":"\/epicure.ufo\/glyphs\/A_dieresis.glif","\/epicure.ufo\/glyphs\/A_grave.glif":"\/epicure.ufo\/glyphs\/A_grave.glif","\/epicure.ufo\/glyphs\/A_ring.glif":"\/epicure.ufo\/glyphs\/A_ring.glif","\/epicure.ufo\/glyphs\/A_tilde.glif":"\/epicure.ufo\/glyphs\/A_tilde.glif","\/epicure.ufo\/glyphs\/B_.glif":"\/epicure.ufo\/glyphs\/B_.glif","\/epicure.ufo\/glyphs\/C_.glif":"\/epicure.ufo\/glyphs\/C_.glif","\/epicure.ufo\/glyphs\/C_cedilla.glif":"\/epicure.ufo\/glyphs\/C_cedilla.glif","\/epicure.ufo\/glyphs\/D_.glif":"\/epicure.ufo\/glyphs\/D_.glif","\/epicure.ufo\/glyphs\/E_.glif":"\/epicure.ufo\/glyphs\/E_.glif","\/epicure.ufo\/glyphs\/E_acute.glif":"\/epicure.ufo\/glyphs\/E_acute.glif","\/epicure.ufo\/glyphs\/E_circumflex.glif":"\/epicure.ufo\/glyphs\/E_circumflex.glif","\/epicure.ufo\/glyphs\/E_dieresis.glif":"\/epicure.ufo\/glyphs\/E_dieresis.glif","\/epicure.ufo\/glyphs\/E_grave.glif":"\/epicure.ufo\/glyphs\/E_grave.glif","\/epicure.ufo\/glyphs\/E_th.glif":"\/epicure.ufo\/glyphs\/E_th.glif","\/epicure.ufo\/glyphs\/F_.glif":"\/epicure.ufo\/glyphs\/F_.glif","\/epicure.ufo\/glyphs\/G_.glif":"\/epicure.ufo\/glyphs\/G_.glif","\/epicure.ufo\/glyphs\/H_.glif":"\/epicure.ufo\/glyphs\/H_.glif","\/epicure.ufo\/glyphs\/I_.glif":"\/epicure.ufo\/glyphs\/I_.glif","\/epicure.ufo\/glyphs\/I_acute.glif":"\/epicure.ufo\/glyphs\/I_acute.glif","\/epicure.ufo\/glyphs\/I_circumflex.glif":"\/epicure.ufo\/glyphs\/I_circumflex.glif","\/epicure.ufo\/glyphs\/I_dieresis.glif":"\/epicure.ufo\/glyphs\/I_dieresis.glif","\/epicure.ufo\/glyphs\/I_grave.glif":"\/epicure.ufo\/glyphs\/I_grave.glif","\/epicure.ufo\/glyphs\/J_.glif":"\/epicure.ufo\/glyphs\/J_.glif","\/epicure.ufo\/glyphs\/K_.glif":"\/epicure.ufo\/glyphs\/K_.glif","\/epicure.ufo\/glyphs\/L_.glif":"\/epicure.ufo\/glyphs\/L_.glif","\/epicure.ufo\/glyphs\/L_slash.glif":"\/epicure.ufo\/glyphs\/L_slash.glif","\/epicure.ufo\/glyphs\/M_.glif":"\/epicure.ufo\/glyphs\/M_.glif","\/epicure.ufo\/glyphs\/N_.glif":"\/epicure.ufo\/glyphs\/N_.glif","\/epicure.ufo\/glyphs\/N_tilde.glif":"\/epicure.ufo\/glyphs\/N_tilde.glif","\/epicure.ufo\/glyphs\/O_.glif":"\/epicure.ufo\/glyphs\/O_.glif","\/epicure.ufo\/glyphs\/O_E_.glif":"\/epicure.ufo\/glyphs\/O_E_.glif","\/epicure.ufo\/glyphs\/O_acute.glif":"\/epicure.ufo\/glyphs\/O_acute.glif","\/epicure.ufo\/glyphs\/O_circumflex.glif":"\/epicure.ufo\/glyphs\/O_circumflex.glif","\/epicure.ufo\/glyphs\/O_dieresis.glif":"\/epicure.ufo\/glyphs\/O_dieresis.glif","\/epicure.ufo\/glyphs\/O_grave.glif":"\/epicure.ufo\/glyphs\/O_grave.glif","\/epicure.ufo\/glyphs\/O_slash.glif":"\/epicure.ufo\/glyphs\/O_slash.glif","\/epicure.ufo\/glyphs\/O_tilde.glif":"\/epicure.ufo\/glyphs\/O_tilde.glif","\/epicure.ufo\/glyphs\/P_.glif":"\/epicure.ufo\/glyphs\/P_.glif","\/epicure.ufo\/glyphs\/Q_.glif":"\/epicure.ufo\/glyphs\/Q_.glif","\/epicure.ufo\/glyphs\/R_.glif":"\/epicure.ufo\/glyphs\/R_.glif","\/epicure.ufo\/glyphs\/S_.glif":"\/epicure.ufo\/glyphs\/S_.glif","\/epicure.ufo\/glyphs\/S_caron.glif":"\/epicure.ufo\/glyphs\/S_caron.glif","\/epicure.ufo\/glyphs\/T_.glif":"\/epicure.ufo\/glyphs\/T_.glif","\/epicure.ufo\/glyphs\/T_horn.glif":"\/epicure.ufo\/glyphs\/T_horn.glif","\/epicure.ufo\/glyphs\/U_.glif":"\/epicure.ufo\/glyphs\/U_.glif","\/epicure.ufo\/glyphs\/U_acute.glif":"\/epicure.ufo\/glyphs\/U_acute.glif","\/epicure.ufo\/glyphs\/U_circumflex.glif":"\/epicure.ufo\/glyphs\/U_circumflex.glif","\/epicure.ufo\/glyphs\/U_dieresis.glif":"\/epicure.ufo\/glyphs\/U_dieresis.glif","\/epicure.ufo\/glyphs\/U_grave.glif":"\/epicure.ufo\/glyphs\/U_grave.glif","\/epicure.ufo\/glyphs\/V_.glif":"\/epicure.ufo\/glyphs\/V_.glif","\/epicure.ufo\/glyphs\/W_.glif":"\/epicure.ufo\/glyphs\/W_.glif","\/epicure.ufo\/glyphs\/X_.glif":"\/epicure.ufo\/glyphs\/X_.glif","\/epicure.ufo\/glyphs\/Y_.glif":"\/epicure.ufo\/glyphs\/Y_.glif","\/epicure.ufo\/glyphs\/Y_acute.glif":"\/epicure.ufo\/glyphs\/Y_acute.glif","\/epicure.ufo\/glyphs\/Y_dieresis.glif":"\/epicure.ufo\/glyphs\/Y_dieresis.glif","\/epicure.ufo\/glyphs\/Z_.glif":"\/epicure.ufo\/glyphs\/Z_.glif","\/epicure.ufo\/glyphs\/Z_caron.glif":"\/epicure.ufo\/glyphs\/Z_caron.glif","\/epicure.ufo\/glyphs\/a.glif":"\/epicure.ufo\/glyphs\/a.glif","\/epicure.ufo\/glyphs\/aacute.glif":"\/epicure.ufo\/glyphs\/aacute.glif","\/epicure.ufo\/glyphs\/acircumflex.glif":"\/epicure.ufo\/glyphs\/acircumflex.glif","\/epicure.ufo\/glyphs\/acute.glif":"\/epicure.ufo\/glyphs\/acute.glif","\/epicure.ufo\/glyphs\/adieresis.glif":"\/epicure.ufo\/glyphs\/adieresis.glif","\/epicure.ufo\/glyphs\/ae.glif":"\/epicure.ufo\/glyphs\/ae.glif","\/epicure.ufo\/glyphs\/agrave.glif":"\/epicure.ufo\/glyphs\/agrave.glif","\/epicure.ufo\/glyphs\/ampersand.glif":"\/epicure.ufo\/glyphs\/ampersand.glif","\/epicure.ufo\/glyphs\/apple.glif":"\/epicure.ufo\/glyphs\/apple.glif","\/epicure.ufo\/glyphs\/aring.glif":"\/epicure.ufo\/glyphs\/aring.glif","\/epicure.ufo\/glyphs\/asciicircum.glif":"\/epicure.ufo\/glyphs\/asciicircum.glif","\/epicure.ufo\/glyphs\/asciitilde.glif":"\/epicure.ufo\/glyphs\/asciitilde.glif","\/epicure.ufo\/glyphs\/asterisk.glif":"\/epicure.ufo\/glyphs\/asterisk.glif","\/epicure.ufo\/glyphs\/at.glif":"\/epicure.ufo\/glyphs\/at.glif","\/epicure.ufo\/glyphs\/atilde.glif":"\/epicure.ufo\/glyphs\/atilde.glif","\/epicure.ufo\/glyphs\/b.glif":"\/epicure.ufo\/glyphs\/b.glif","\/epicure.ufo\/glyphs\/backslash.glif":"\/epicure.ufo\/glyphs\/backslash.glif","\/epicure.ufo\/glyphs\/bar.glif":"\/epicure.ufo\/glyphs\/bar.glif","\/epicure.ufo\/glyphs\/braceleft.glif":"\/epicure.ufo\/glyphs\/braceleft.glif","\/epicure.ufo\/glyphs\/braceright.glif":"\/epicure.ufo\/glyphs\/braceright.glif","\/epicure.ufo\/glyphs\/bracketleft.glif":"\/epicure.ufo\/glyphs\/bracketleft.glif","\/epicure.ufo\/glyphs\/bracketright.glif":"\/epicure.ufo\/glyphs\/bracketright.glif","\/epicure.ufo\/glyphs\/breve.glif":"\/epicure.ufo\/glyphs\/breve.glif","\/epicure.ufo\/glyphs\/brokenbar.glif":"\/epicure.ufo\/glyphs\/brokenbar.glif","\/epicure.ufo\/glyphs\/bullet.glif":"\/epicure.ufo\/glyphs\/bullet.glif","\/epicure.ufo\/glyphs\/c.glif":"\/epicure.ufo\/glyphs\/c.glif","\/epicure.ufo\/glyphs\/caron.glif":"\/epicure.ufo\/glyphs\/caron.glif","\/epicure.ufo\/glyphs\/ccedilla.glif":"\/epicure.ufo\/glyphs\/ccedilla.glif","\/epicure.ufo\/glyphs\/cedilla.glif":"\/epicure.ufo\/glyphs\/cedilla.glif","\/epicure.ufo\/glyphs\/cent.glif":"\/epicure.ufo\/glyphs\/cent.glif","\/epicure.ufo\/glyphs\/circumflex.glif":"\/epicure.ufo\/glyphs\/circumflex.glif","\/epicure.ufo\/glyphs\/colon.glif":"\/epicure.ufo\/glyphs\/colon.glif","\/epicure.ufo\/glyphs\/comma.glif":"\/epicure.ufo\/glyphs\/comma.glif","\/epicure.ufo\/glyphs\/contents.plist":"\/epicure.ufo\/glyphs\/contents.plist","\/epicure.ufo\/glyphs\/copyright.glif":"\/epicure.ufo\/glyphs\/copyright.glif","\/epicure.ufo\/glyphs\/d.glif":"\/epicure.ufo\/glyphs\/d.glif","\/epicure.ufo\/glyphs\/dagger.glif":"\/epicure.ufo\/glyphs\/dagger.glif","\/epicure.ufo\/glyphs\/daggerdbl.glif":"\/epicure.ufo\/glyphs\/daggerdbl.glif","\/epicure.ufo\/glyphs\/degree.glif":"\/epicure.ufo\/glyphs\/degree.glif","\/epicure.ufo\/glyphs\/dieresis.glif":"\/epicure.ufo\/glyphs\/dieresis.glif","\/epicure.ufo\/glyphs\/divide.glif":"\/epicure.ufo\/glyphs\/divide.glif","\/epicure.ufo\/glyphs\/dollar.glif":"\/epicure.ufo\/glyphs\/dollar.glif","\/epicure.ufo\/glyphs\/dotaccent.glif":"\/epicure.ufo\/glyphs\/dotaccent.glif","\/epicure.ufo\/glyphs\/dotlessi.glif":"\/epicure.ufo\/glyphs\/dotlessi.glif","\/epicure.ufo\/glyphs\/e.glif":"\/epicure.ufo\/glyphs\/e.glif","\/epicure.ufo\/glyphs\/eacute.glif":"\/epicure.ufo\/glyphs\/eacute.glif","\/epicure.ufo\/glyphs\/ecircumflex.glif":"\/epicure.ufo\/glyphs\/ecircumflex.glif","\/epicure.ufo\/glyphs\/edieresis.glif":"\/epicure.ufo\/glyphs\/edieresis.glif","\/epicure.ufo\/glyphs\/egrave.glif":"\/epicure.ufo\/glyphs\/egrave.glif","\/epicure.ufo\/glyphs\/eight.glif":"\/epicure.ufo\/glyphs\/eight.glif","\/epicure.ufo\/glyphs\/ellipsis.glif":"\/epicure.ufo\/glyphs\/ellipsis.glif","\/epicure.ufo\/glyphs\/emdash.glif":"\/epicure.ufo\/glyphs\/emdash.glif","\/epicure.ufo\/glyphs\/endash.glif":"\/epicure.ufo\/glyphs\/endash.glif","\/epicure.ufo\/glyphs\/equal.glif":"\/epicure.ufo\/glyphs\/equal.glif","\/epicure.ufo\/glyphs\/eth.glif":"\/epicure.ufo\/glyphs\/eth.glif","\/epicure.ufo\/glyphs\/exclam.glif":"\/epicure.ufo\/glyphs\/exclam.glif","\/epicure.ufo\/glyphs\/exclamdown.glif":"\/epicure.ufo\/glyphs\/exclamdown.glif","\/epicure.ufo\/glyphs\/f.glif":"\/epicure.ufo\/glyphs\/f.glif","\/epicure.ufo\/glyphs\/fi.glif":"\/epicure.ufo\/glyphs\/fi.glif","\/epicure.ufo\/glyphs\/five.glif":"\/epicure.ufo\/glyphs\/five.glif","\/epicure.ufo\/glyphs\/fl.glif":"\/epicure.ufo\/glyphs\/fl.glif","\/epicure.ufo\/glyphs\/four.glif":"\/epicure.ufo\/glyphs\/four.glif","\/epicure.ufo\/glyphs\/fraction.glif":"\/epicure.ufo\/glyphs\/fraction.glif","\/epicure.ufo\/glyphs\/g.glif":"\/epicure.ufo\/glyphs\/g.glif","\/epicure.ufo\/glyphs\/germandbls.glif":"\/epicure.ufo\/glyphs\/germandbls.glif","\/epicure.ufo\/glyphs\/grave.glif":"\/epicure.ufo\/glyphs\/grave.glif","\/epicure.ufo\/glyphs\/greater.glif":"\/epicure.ufo\/glyphs\/greater.glif","\/epicure.ufo\/glyphs\/greaterequal.glif":"\/epicure.ufo\/glyphs\/greaterequal.glif","\/epicure.ufo\/glyphs\/guilsinglleft.glif":"\/epicure.ufo\/glyphs\/guilsinglleft.glif","\/epicure.ufo\/glyphs\/guilsinglright.glif":"\/epicure.ufo\/glyphs\/guilsinglright.glif","\/epicure.ufo\/glyphs\/h.glif":"\/epicure.ufo\/glyphs\/h.glif","\/epicure.ufo\/glyphs\/hungarumlaut.glif":"\/epicure.ufo\/glyphs\/hungarumlaut.glif","\/epicure.ufo\/glyphs\/hyphen.glif":"\/epicure.ufo\/glyphs\/hyphen.glif","\/epicure.ufo\/glyphs\/i.glif":"\/epicure.ufo\/glyphs\/i.glif","\/epicure.ufo\/glyphs\/iacute.glif":"\/epicure.ufo\/glyphs\/iacute.glif","\/epicure.ufo\/glyphs\/icircumflex.glif":"\/epicure.ufo\/glyphs\/icircumflex.glif","\/epicure.ufo\/glyphs\/idieresis.glif":"\/epicure.ufo\/glyphs\/idieresis.glif","\/epicure.ufo\/glyphs\/igrave.glif":"\/epicure.ufo\/glyphs\/igrave.glif","\/epicure.ufo\/glyphs\/j.glif":"\/epicure.ufo\/glyphs\/j.glif","\/epicure.ufo\/glyphs\/k.glif":"\/epicure.ufo\/glyphs\/k.glif","\/epicure.ufo\/glyphs\/l.glif":"\/epicure.ufo\/glyphs\/l.glif","\/epicure.ufo\/glyphs\/less.glif":"\/epicure.ufo\/glyphs\/less.glif","\/epicure.ufo\/glyphs\/lessequal.glif":"\/epicure.ufo\/glyphs\/lessequal.glif","\/epicure.ufo\/glyphs\/lslash.glif":"\/epicure.ufo\/glyphs\/lslash.glif","\/epicure.ufo\/glyphs\/m.glif":"\/epicure.ufo\/glyphs\/m.glif","\/epicure.ufo\/glyphs\/macron.glif":"\/epicure.ufo\/glyphs\/macron.glif","\/epicure.ufo\/glyphs\/minus.glif":"\/epicure.ufo\/glyphs\/minus.glif","\/epicure.ufo\/glyphs\/mu.glif":"\/epicure.ufo\/glyphs\/mu.glif","\/epicure.ufo\/glyphs\/multiply.glif":"\/epicure.ufo\/glyphs\/multiply.glif","\/epicure.ufo\/glyphs\/n.glif":"\/epicure.ufo\/glyphs\/n.glif","\/epicure.ufo\/glyphs\/nine.glif":"\/epicure.ufo\/glyphs\/nine.glif","\/epicure.ufo\/glyphs\/notequal.glif":"\/epicure.ufo\/glyphs\/notequal.glif","\/epicure.ufo\/glyphs\/ntilde.glif":"\/epicure.ufo\/glyphs\/ntilde.glif","\/epicure.ufo\/glyphs\/numbersign.glif":"\/epicure.ufo\/glyphs\/numbersign.glif","\/epicure.ufo\/glyphs\/o.glif":"\/epicure.ufo\/glyphs\/o.glif","\/epicure.ufo\/glyphs\/oacute.glif":"\/epicure.ufo\/glyphs\/oacute.glif","\/epicure.ufo\/glyphs\/ocircumflex.glif":"\/epicure.ufo\/glyphs\/ocircumflex.glif","\/epicure.ufo\/glyphs\/odieresis.glif":"\/epicure.ufo\/glyphs\/odieresis.glif","\/epicure.ufo\/glyphs\/oe.glif":"\/epicure.ufo\/glyphs\/oe.glif","\/epicure.ufo\/glyphs\/ogonek.glif":"\/epicure.ufo\/glyphs\/ogonek.glif","\/epicure.ufo\/glyphs\/ograve.glif":"\/epicure.ufo\/glyphs\/ograve.glif","\/epicure.ufo\/glyphs\/one.glif":"\/epicure.ufo\/glyphs\/one.glif","\/epicure.ufo\/glyphs\/onehalf.glif":"\/epicure.ufo\/glyphs\/onehalf.glif","\/epicure.ufo\/glyphs\/onequarter.glif":"\/epicure.ufo\/glyphs\/onequarter.glif","\/epicure.ufo\/glyphs\/onesuperior.glif":"\/epicure.ufo\/glyphs\/onesuperior.glif","\/epicure.ufo\/glyphs\/ordfeminine.glif":"\/epicure.ufo\/glyphs\/ordfeminine.glif","\/epicure.ufo\/glyphs\/ordmasculine.glif":"\/epicure.ufo\/glyphs\/ordmasculine.glif","\/epicure.ufo\/glyphs\/oslash.glif":"\/epicure.ufo\/glyphs\/oslash.glif","\/epicure.ufo\/glyphs\/otilde.glif":"\/epicure.ufo\/glyphs\/otilde.glif","\/epicure.ufo\/glyphs\/p.glif":"\/epicure.ufo\/glyphs\/p.glif","\/epicure.ufo\/glyphs\/paragraph.glif":"\/epicure.ufo\/glyphs\/paragraph.glif","\/epicure.ufo\/glyphs\/parenleft.glif":"\/epicure.ufo\/glyphs\/parenleft.glif","\/epicure.ufo\/glyphs\/parenright.glif":"\/epicure.ufo\/glyphs\/parenright.glif","\/epicure.ufo\/glyphs\/percent.glif":"\/epicure.ufo\/glyphs\/percent.glif","\/epicure.ufo\/glyphs\/period.glif":"\/epicure.ufo\/glyphs\/period.glif","\/epicure.ufo\/glyphs\/periodcentered.glif":"\/epicure.ufo\/glyphs\/periodcentered.glif","\/epicure.ufo\/glyphs\/perthousand.glif":"\/epicure.ufo\/glyphs\/perthousand.glif","\/epicure.ufo\/glyphs\/plus.glif":"\/epicure.ufo\/glyphs\/plus.glif","\/epicure.ufo\/glyphs\/plusminus.glif":"\/epicure.ufo\/glyphs\/plusminus.glif","\/epicure.ufo\/glyphs\/q.glif":"\/epicure.ufo\/glyphs\/q.glif","\/epicure.ufo\/glyphs\/question.glif":"\/epicure.ufo\/glyphs\/question.glif","\/epicure.ufo\/glyphs\/questiondown.glif":"\/epicure.ufo\/glyphs\/questiondown.glif","\/epicure.ufo\/glyphs\/quotedbl.glif":"\/epicure.ufo\/glyphs\/quotedbl.glif","\/epicure.ufo\/glyphs\/quotedblbase.glif":"\/epicure.ufo\/glyphs\/quotedblbase.glif","\/epicure.ufo\/glyphs\/quotedblleft.glif":"\/epicure.ufo\/glyphs\/quotedblleft.glif","\/epicure.ufo\/glyphs\/quotedblright.glif":"\/epicure.ufo\/glyphs\/quotedblright.glif","\/epicure.ufo\/glyphs\/quoteleft.glif":"\/epicure.ufo\/glyphs\/quoteleft.glif","\/epicure.ufo\/glyphs\/quoteright.glif":"\/epicure.ufo\/glyphs\/quoteright.glif","\/epicure.ufo\/glyphs\/quotesinglbase.glif":"\/epicure.ufo\/glyphs\/quotesinglbase.glif","\/epicure.ufo\/glyphs\/quotesingle.glif":"\/epicure.ufo\/glyphs\/quotesingle.glif","\/epicure.ufo\/glyphs\/r.glif":"\/epicure.ufo\/glyphs\/r.glif","\/epicure.ufo\/glyphs\/registered.glif":"\/epicure.ufo\/glyphs\/registered.glif","\/epicure.ufo\/glyphs\/ring.glif":"\/epicure.ufo\/glyphs\/ring.glif","\/epicure.ufo\/glyphs\/s.glif":"\/epicure.ufo\/glyphs\/s.glif","\/epicure.ufo\/glyphs\/scaron.glif":"\/epicure.ufo\/glyphs\/scaron.glif","\/epicure.ufo\/glyphs\/section.glif":"\/epicure.ufo\/glyphs\/section.glif","\/epicure.ufo\/glyphs\/semicolon.glif":"\/epicure.ufo\/glyphs\/semicolon.glif","\/epicure.ufo\/glyphs\/seven.glif":"\/epicure.ufo\/glyphs\/seven.glif","\/epicure.ufo\/glyphs\/six.glif":"\/epicure.ufo\/glyphs\/six.glif","\/epicure.ufo\/glyphs\/slash.glif":"\/epicure.ufo\/glyphs\/slash.glif","\/epicure.ufo\/glyphs\/space.glif":"\/epicure.ufo\/glyphs\/space.glif","\/epicure.ufo\/glyphs\/sterling.glif":"\/epicure.ufo\/glyphs\/sterling.glif","\/epicure.ufo\/glyphs\/t.glif":"\/epicure.ufo\/glyphs\/t.glif","\/epicure.ufo\/glyphs\/thorn.glif":"\/epicure.ufo\/glyphs\/thorn.glif","\/epicure.ufo\/glyphs\/three.glif":"\/epicure.ufo\/glyphs\/three.glif","\/epicure.ufo\/glyphs\/threequarters.glif":"\/epicure.ufo\/glyphs\/threequarters.glif","\/epicure.ufo\/glyphs\/threesuperior.glif":"\/epicure.ufo\/glyphs\/threesuperior.glif","\/epicure.ufo\/glyphs\/tilde.glif":"\/epicure.ufo\/glyphs\/tilde.glif","\/epicure.ufo\/glyphs\/trademark.glif":"\/epicure.ufo\/glyphs\/trademark.glif","\/epicure.ufo\/glyphs\/two.glif":"\/epicure.ufo\/glyphs\/two.glif","\/epicure.ufo\/glyphs\/twosuperior.glif":"\/epicure.ufo\/glyphs\/twosuperior.glif","\/epicure.ufo\/glyphs\/u.glif":"\/epicure.ufo\/glyphs\/u.glif","\/epicure.ufo\/glyphs\/uacute.glif":"\/epicure.ufo\/glyphs\/uacute.glif","\/epicure.ufo\/glyphs\/ucircumflex.glif":"\/epicure.ufo\/glyphs\/ucircumflex.glif","\/epicure.ufo\/glyphs\/udieresis.glif":"\/epicure.ufo\/glyphs\/udieresis.glif","\/epicure.ufo\/glyphs\/ugrave.glif":"\/epicure.ufo\/glyphs\/ugrave.glif","\/epicure.ufo\/glyphs\/underscore.glif":"\/epicure.ufo\/glyphs\/underscore.glif","\/epicure.ufo\/glyphs\/v.glif":"\/epicure.ufo\/glyphs\/v.glif","\/epicure.ufo\/glyphs\/w.glif":"\/epicure.ufo\/glyphs\/w.glif","\/epicure.ufo\/glyphs\/x.glif":"\/epicure.ufo\/glyphs\/x.glif","\/epicure.ufo\/glyphs\/y.glif":"\/epicure.ufo\/glyphs\/y.glif","\/epicure.ufo\/glyphs\/yacute.glif":"\/epicure.ufo\/glyphs\/yacute.glif","\/epicure.ufo\/glyphs\/ydieresis.glif":"\/epicure.ufo\/glyphs\/ydieresis.glif","\/epicure.ufo\/glyphs\/yen.glif":"\/epicure.ufo\/glyphs\/yen.glif","\/epicure.ufo\/glyphs\/z.glif":"\/epicure.ufo\/glyphs\/z.glif","\/epicure.ufo\/glyphs\/zcaron.glif":"\/epicure.ufo\/glyphs\/zcaron.glif","\/epicure.ufo\/glyphs\/zero.glif":"\/epicure.ufo\/glyphs\/zero.glif"},"Font":{"uploaded":1471210650.212,"licence":"gpl3","company":"Chronolabs Cooperative","title":"Epicure","version":3.002,"date":"Fri Aug 12 15:35:45 2016","creator":"root","type":"1","matrix":"0.001 0 0 0.001 0 0","named":"Epicure","painttype":"0","info":"10 dict dup","name":"Epicure","family":"Epicure","weight":"Medium","fstype":"0","italicangle":"0","underlineposition":"","underlinethickness":""},"Licences":{"":false},"Table":{"FFTM":{"entryLength":16,"tag":"FFTM","checksum":1944407538,"offset":39144,"length":28},"GDEF":{"entryLength":16,"tag":"GDEF","checksum":18022406,"offset":39112,"length":32},"OS\/2":{"entryLength":16,"tag":"OS\/2","checksum":1477319472,"offset":344,"length":86},"cmap":{"entryLength":16,"tag":"cmap","checksum":3787770888,"offset":1352,"length":578},"gasp":{"entryLength":16,"tag":"gasp","checksum":4294901763,"offset":39104,"length":8},"glyf":{"entryLength":16,"tag":"glyf","checksum":3398227525,"offset":2396,"length":35612},"head":{"entryLength":16,"tag":"head","checksum":150409648,"offset":220,"length":54},"hhea":{"entryLength":16,"tag":"hhea","checksum":108396873,"offset":276,"length":36},"hmtx":{"entryLength":16,"tag":"hmtx","checksum":511044563,"offset":432,"length":920},"loca":{"entryLength":16,"tag":"loca","checksum":1822837018,"offset":1932,"length":462},"maxp":{"entryLength":16,"tag":"maxp","checksum":20185416,"offset":312,"length":32},"name":{"entryLength":16,"tag":"name","checksum":3215864562,"offset":38008,"length":597},"post":{"entryLength":16,"tag":"post","checksum":893007639,"offset":38608,"length":494}},"UnicodeCharMap":{"32":3,"33":4,"34":5,"35":6,"36":7,"37":8,"38":9,"39":10,"40":11,"41":12,"42":13,"43":14,"44":15,"45":16,"46":17,"47":18,"48":19,"49":20,"50":21,"51":22,"52":23,"53":24,"54":25,"55":26,"56":27,"57":28,"58":29,"59":30,"60":31,"61":32,"62":33,"63":34,"64":35,"65":36,"66":37,"67":38,"68":39,"69":40,"70":41,"71":42,"72":43,"73":44,"74":45,"75":46,"76":47,"77":48,"78":49,"79":50,"80":51,"81":52,"82":53,"83":54,"84":55,"85":56,"86":57,"87":58,"88":59,"89":60,"90":61,"91":62,"92":63,"93":64,"94":65,"95":66,"96":67,"97":68,"98":69,"99":70,"100":71,"101":72,"102":73,"103":74,"104":75,"105":76,"106":77,"107":78,"108":79,"109":80,"110":81,"111":82,"112":83,"113":84,"114":85,"115":86,"116":87,"117":88,"118":89,"119":90,"120":91,"121":92,"122":93,"123":94,"124":95,"125":96,"126":97,"161":98,"162":99,"163":100,"165":101,"166":102,"167":103,"168":104,"169":105,"170":106,"174":107,"175":108,"176":109,"177":110,"178":111,"179":112,"180":113,"182":115,"183":116,"184":117,"185":118,"186":119,"188":120,"189":121,"190":122,"191":123,"192":124,"193":125,"194":126,"195":127,"196":128,"197":129,"198":130,"199":131,"200":132,"201":133,"202":134,"203":135,"204":136,"205":137,"206":138,"207":139,"208":140,"209":141,"210":142,"211":143,"212":144,"213":145,"214":146,"215":147,"216":148,"217":149,"218":150,"219":151,"220":152,"221":153,"222":154,"223":155,"224":156,"225":157,"226":158,"227":159,"228":160,"229":161,"230":162,"231":163,"232":164,"233":165,"234":166,"235":167,"236":168,"237":169,"238":170,"239":171,"240":172,"241":173,"242":174,"243":175,"244":176,"245":177,"246":178,"247":179,"248":180,"249":181,"250":182,"251":183,"252":184,"253":185,"254":186,"255":187,"305":216,"321":214,"322":217,"338":215,"339":218,"352":219,"353":220,"376":228,"381":221,"382":222,"710":205,"711":212,"728":207,"729":208,"730":209,"731":211,"732":206,"733":210,"956":114,"8211":196,"8212":213,"8216":189,"8217":188,"8218":200,"8220":191,"8221":202,"8222":201,"8224":197,"8225":198,"8226":199,"8230":203,"8240":204,"8249":192,"8250":193,"8260":190,"8482":224,"8722":223,"8800":225,"8804":226,"8805":227,"64257":194,"64258":195},"Reserves":{"fontname":"Epicure"},"Names":{"Epicure":{"name":"Epicure","longitude":"0.00000001","latitude":"0.00000001","country":"","region":"","city":""}},"Nodes":{"ep":{"type":"typal","node":"ep","usage":1,"weight":1},"re":{"type":"typal","node":"re","usage":1,"weight":1},"epi":{"type":"typal","node":"epi","usage":1,"weight":1},"ure":{"type":"typal","node":"ure","usage":1,"weight":1},"epic":{"type":"keys","node":"epic","usage":1,"weight":1},"cure":{"type":"keys","node":"cure","usage":1,"weight":1},"epicu":{"type":"keys","node":"epicu","usage":1,"weight":1},"icure":{"type":"keys","node":"icure","usage":1,"weight":1},"epicure":{"type":"fixes","node":"epicure","usage":1,"weight":1}},"Contributors":[],"FontIdentity":"wagovau:60672e3c67b5c35d74528728","Bytes":null,"Networking":[],"barcode":"12oao3koywaokq","referee":"74q-2s"}