{"CSS":{"MarkingPen-Thin Regular":"MarkingPen-Thin+Regular.css","Marking Pen Thin Regular":"zinc17:bf93cd2ecf0d4547466b387d9.css"},"FontType":"TrueType","FontCopyright":"Digital font data from The WSI-FONT Collection.  Copyright (c)1992-1994 Weatherly Systems, Inc.  All Rights Reserved.  Redistribution strictly prohibited.","FontName":"MarkingPen-Thin","FontSubfamily":"Thin","FontSubfamilyID":"FontForge 2.0 : MarkingPen-Thin Regular : 4-12-2016","FontFullName":"Marking Pen Thin Regular","FontVersion":"Version Media Graphics Inter ","FontWeight":null,"FontPostscriptName":"MarkingPen-Thin","Files":{"\/MarkingPen-Thin Regular.css":"\/MarkingPen-Thin Regular.css","\/font-resource.json":"\/font-resource.json","\/mrkpenth.afm":"\/mrkpenth.afm","\/mrkpenth.cef":"\/mrkpenth.cef","\/mrkpenth.cff":"\/mrkpenth.cff","\/mrkpenth.eot":"\/mrkpenth.eot","\/mrkpenth.gai":"\/mrkpenth.gai","\/mrkpenth.gsf":"\/mrkpenth.gsf","\/mrkpenth.otf":"\/mrkpenth.otf","\/mrkpenth.pf3":"\/mrkpenth.pf3","\/mrkpenth.pfa":"\/mrkpenth.pfa","\/mrkpenth.pfb":"\/mrkpenth.pfb","\/mrkpenth.php":"\/mrkpenth.php","\/mrkpenth.pt3":"\/mrkpenth.pt3","\/mrkpenth.sfd":"\/mrkpenth.sfd","\/mrkpenth.svg":"\/mrkpenth.svg","\/mrkpenth.t42":"\/mrkpenth.t42","\/mrkpenth.ttd":"\/mrkpenth.ttd","\/mrkpenth.ttf":"\/mrkpenth.ttf","\/mrkpenth.ttg":"\/mrkpenth.ttg","\/mrkpenth.ufm":"\/mrkpenth.ufm","\/mrkpenth.woff":"\/mrkpenth.woff","\/mrkpenth.z":"\/mrkpenth.z","\/mrkpenth.ufo\/feature.fea":"\/mrkpenth.ufo\/feature.fea","\/mrkpenth.ufo\/fontinfo.plist":"\/mrkpenth.ufo\/fontinfo.plist","\/mrkpenth.ufo\/groups.plist":"\/mrkpenth.ufo\/groups.plist","\/mrkpenth.ufo\/kerning.plist":"\/mrkpenth.ufo\/kerning.plist","\/mrkpenth.ufo\/metainfo.plist":"\/mrkpenth.ufo\/metainfo.plist","\/mrkpenth.ufo\/glyphs\/A_.glif":"\/mrkpenth.ufo\/glyphs\/A_.glif","\/mrkpenth.ufo\/glyphs\/A_E_.glif":"\/mrkpenth.ufo\/glyphs\/A_E_.glif","\/mrkpenth.ufo\/glyphs\/A_acute.glif":"\/mrkpenth.ufo\/glyphs\/A_acute.glif","\/mrkpenth.ufo\/glyphs\/A_circumflex.glif":"\/mrkpenth.ufo\/glyphs\/A_circumflex.glif","\/mrkpenth.ufo\/glyphs\/A_dieresis.glif":"\/mrkpenth.ufo\/glyphs\/A_dieresis.glif","\/mrkpenth.ufo\/glyphs\/A_grave.glif":"\/mrkpenth.ufo\/glyphs\/A_grave.glif","\/mrkpenth.ufo\/glyphs\/A_ring.glif":"\/mrkpenth.ufo\/glyphs\/A_ring.glif","\/mrkpenth.ufo\/glyphs\/A_tilde.glif":"\/mrkpenth.ufo\/glyphs\/A_tilde.glif","\/mrkpenth.ufo\/glyphs\/B_.glif":"\/mrkpenth.ufo\/glyphs\/B_.glif","\/mrkpenth.ufo\/glyphs\/C_.glif":"\/mrkpenth.ufo\/glyphs\/C_.glif","\/mrkpenth.ufo\/glyphs\/C_cedilla.glif":"\/mrkpenth.ufo\/glyphs\/C_cedilla.glif","\/mrkpenth.ufo\/glyphs\/D_.glif":"\/mrkpenth.ufo\/glyphs\/D_.glif","\/mrkpenth.ufo\/glyphs\/E_.glif":"\/mrkpenth.ufo\/glyphs\/E_.glif","\/mrkpenth.ufo\/glyphs\/E_acute.glif":"\/mrkpenth.ufo\/glyphs\/E_acute.glif","\/mrkpenth.ufo\/glyphs\/E_circumflex.glif":"\/mrkpenth.ufo\/glyphs\/E_circumflex.glif","\/mrkpenth.ufo\/glyphs\/E_dieresis.glif":"\/mrkpenth.ufo\/glyphs\/E_dieresis.glif","\/mrkpenth.ufo\/glyphs\/E_grave.glif":"\/mrkpenth.ufo\/glyphs\/E_grave.glif","\/mrkpenth.ufo\/glyphs\/E_th.glif":"\/mrkpenth.ufo\/glyphs\/E_th.glif","\/mrkpenth.ufo\/glyphs\/F_.glif":"\/mrkpenth.ufo\/glyphs\/F_.glif","\/mrkpenth.ufo\/glyphs\/G_.glif":"\/mrkpenth.ufo\/glyphs\/G_.glif","\/mrkpenth.ufo\/glyphs\/H_.glif":"\/mrkpenth.ufo\/glyphs\/H_.glif","\/mrkpenth.ufo\/glyphs\/I_.glif":"\/mrkpenth.ufo\/glyphs\/I_.glif","\/mrkpenth.ufo\/glyphs\/I_acute.glif":"\/mrkpenth.ufo\/glyphs\/I_acute.glif","\/mrkpenth.ufo\/glyphs\/I_circumflex.glif":"\/mrkpenth.ufo\/glyphs\/I_circumflex.glif","\/mrkpenth.ufo\/glyphs\/I_dieresis.glif":"\/mrkpenth.ufo\/glyphs\/I_dieresis.glif","\/mrkpenth.ufo\/glyphs\/I_grave.glif":"\/mrkpenth.ufo\/glyphs\/I_grave.glif","\/mrkpenth.ufo\/glyphs\/J_.glif":"\/mrkpenth.ufo\/glyphs\/J_.glif","\/mrkpenth.ufo\/glyphs\/K_.glif":"\/mrkpenth.ufo\/glyphs\/K_.glif","\/mrkpenth.ufo\/glyphs\/L_.glif":"\/mrkpenth.ufo\/glyphs\/L_.glif","\/mrkpenth.ufo\/glyphs\/L_slash.glif":"\/mrkpenth.ufo\/glyphs\/L_slash.glif","\/mrkpenth.ufo\/glyphs\/M_.glif":"\/mrkpenth.ufo\/glyphs\/M_.glif","\/mrkpenth.ufo\/glyphs\/N_.glif":"\/mrkpenth.ufo\/glyphs\/N_.glif","\/mrkpenth.ufo\/glyphs\/N_tilde.glif":"\/mrkpenth.ufo\/glyphs\/N_tilde.glif","\/mrkpenth.ufo\/glyphs\/O_.glif":"\/mrkpenth.ufo\/glyphs\/O_.glif","\/mrkpenth.ufo\/glyphs\/O_E_.glif":"\/mrkpenth.ufo\/glyphs\/O_E_.glif","\/mrkpenth.ufo\/glyphs\/O_acute.glif":"\/mrkpenth.ufo\/glyphs\/O_acute.glif","\/mrkpenth.ufo\/glyphs\/O_circumflex.glif":"\/mrkpenth.ufo\/glyphs\/O_circumflex.glif","\/mrkpenth.ufo\/glyphs\/O_dieresis.glif":"\/mrkpenth.ufo\/glyphs\/O_dieresis.glif","\/mrkpenth.ufo\/glyphs\/O_grave.glif":"\/mrkpenth.ufo\/glyphs\/O_grave.glif","\/mrkpenth.ufo\/glyphs\/O_slash.glif":"\/mrkpenth.ufo\/glyphs\/O_slash.glif","\/mrkpenth.ufo\/glyphs\/O_tilde.glif":"\/mrkpenth.ufo\/glyphs\/O_tilde.glif","\/mrkpenth.ufo\/glyphs\/P_.glif":"\/mrkpenth.ufo\/glyphs\/P_.glif","\/mrkpenth.ufo\/glyphs\/Q_.glif":"\/mrkpenth.ufo\/glyphs\/Q_.glif","\/mrkpenth.ufo\/glyphs\/R_.glif":"\/mrkpenth.ufo\/glyphs\/R_.glif","\/mrkpenth.ufo\/glyphs\/S_.glif":"\/mrkpenth.ufo\/glyphs\/S_.glif","\/mrkpenth.ufo\/glyphs\/S_caron.glif":"\/mrkpenth.ufo\/glyphs\/S_caron.glif","\/mrkpenth.ufo\/glyphs\/T_.glif":"\/mrkpenth.ufo\/glyphs\/T_.glif","\/mrkpenth.ufo\/glyphs\/T_horn.glif":"\/mrkpenth.ufo\/glyphs\/T_horn.glif","\/mrkpenth.ufo\/glyphs\/U_.glif":"\/mrkpenth.ufo\/glyphs\/U_.glif","\/mrkpenth.ufo\/glyphs\/U_acute.glif":"\/mrkpenth.ufo\/glyphs\/U_acute.glif","\/mrkpenth.ufo\/glyphs\/U_circumflex.glif":"\/mrkpenth.ufo\/glyphs\/U_circumflex.glif","\/mrkpenth.ufo\/glyphs\/U_dieresis.glif":"\/mrkpenth.ufo\/glyphs\/U_dieresis.glif","\/mrkpenth.ufo\/glyphs\/U_grave.glif":"\/mrkpenth.ufo\/glyphs\/U_grave.glif","\/mrkpenth.ufo\/glyphs\/V_.glif":"\/mrkpenth.ufo\/glyphs\/V_.glif","\/mrkpenth.ufo\/glyphs\/W_.glif":"\/mrkpenth.ufo\/glyphs\/W_.glif","\/mrkpenth.ufo\/glyphs\/X_.glif":"\/mrkpenth.ufo\/glyphs\/X_.glif","\/mrkpenth.ufo\/glyphs\/Y_.glif":"\/mrkpenth.ufo\/glyphs\/Y_.glif","\/mrkpenth.ufo\/glyphs\/Y_acute.glif":"\/mrkpenth.ufo\/glyphs\/Y_acute.glif","\/mrkpenth.ufo\/glyphs\/Y_dieresis.glif":"\/mrkpenth.ufo\/glyphs\/Y_dieresis.glif","\/mrkpenth.ufo\/glyphs\/Z_.glif":"\/mrkpenth.ufo\/glyphs\/Z_.glif","\/mrkpenth.ufo\/glyphs\/Z_caron.glif":"\/mrkpenth.ufo\/glyphs\/Z_caron.glif","\/mrkpenth.ufo\/glyphs\/_notdef.glif":"\/mrkpenth.ufo\/glyphs\/_notdef.glif","\/mrkpenth.ufo\/glyphs\/_null.glif":"\/mrkpenth.ufo\/glyphs\/_null.glif","\/mrkpenth.ufo\/glyphs\/a.glif":"\/mrkpenth.ufo\/glyphs\/a.glif","\/mrkpenth.ufo\/glyphs\/aacute.glif":"\/mrkpenth.ufo\/glyphs\/aacute.glif","\/mrkpenth.ufo\/glyphs\/acircumflex.glif":"\/mrkpenth.ufo\/glyphs\/acircumflex.glif","\/mrkpenth.ufo\/glyphs\/acute.glif":"\/mrkpenth.ufo\/glyphs\/acute.glif","\/mrkpenth.ufo\/glyphs\/adieresis.glif":"\/mrkpenth.ufo\/glyphs\/adieresis.glif","\/mrkpenth.ufo\/glyphs\/ae.glif":"\/mrkpenth.ufo\/glyphs\/ae.glif","\/mrkpenth.ufo\/glyphs\/agrave.glif":"\/mrkpenth.ufo\/glyphs\/agrave.glif","\/mrkpenth.ufo\/glyphs\/ampersand.glif":"\/mrkpenth.ufo\/glyphs\/ampersand.glif","\/mrkpenth.ufo\/glyphs\/aring.glif":"\/mrkpenth.ufo\/glyphs\/aring.glif","\/mrkpenth.ufo\/glyphs\/asciicircum.glif":"\/mrkpenth.ufo\/glyphs\/asciicircum.glif","\/mrkpenth.ufo\/glyphs\/asciitilde.glif":"\/mrkpenth.ufo\/glyphs\/asciitilde.glif","\/mrkpenth.ufo\/glyphs\/asterisk.glif":"\/mrkpenth.ufo\/glyphs\/asterisk.glif","\/mrkpenth.ufo\/glyphs\/at.glif":"\/mrkpenth.ufo\/glyphs\/at.glif","\/mrkpenth.ufo\/glyphs\/atilde.glif":"\/mrkpenth.ufo\/glyphs\/atilde.glif","\/mrkpenth.ufo\/glyphs\/b.glif":"\/mrkpenth.ufo\/glyphs\/b.glif","\/mrkpenth.ufo\/glyphs\/backslash.glif":"\/mrkpenth.ufo\/glyphs\/backslash.glif","\/mrkpenth.ufo\/glyphs\/bar.glif":"\/mrkpenth.ufo\/glyphs\/bar.glif","\/mrkpenth.ufo\/glyphs\/braceleft.glif":"\/mrkpenth.ufo\/glyphs\/braceleft.glif","\/mrkpenth.ufo\/glyphs\/braceright.glif":"\/mrkpenth.ufo\/glyphs\/braceright.glif","\/mrkpenth.ufo\/glyphs\/bracketleft.glif":"\/mrkpenth.ufo\/glyphs\/bracketleft.glif","\/mrkpenth.ufo\/glyphs\/bracketright.glif":"\/mrkpenth.ufo\/glyphs\/bracketright.glif","\/mrkpenth.ufo\/glyphs\/breve.glif":"\/mrkpenth.ufo\/glyphs\/breve.glif","\/mrkpenth.ufo\/glyphs\/brokenbar.glif":"\/mrkpenth.ufo\/glyphs\/brokenbar.glif","\/mrkpenth.ufo\/glyphs\/bullet.glif":"\/mrkpenth.ufo\/glyphs\/bullet.glif","\/mrkpenth.ufo\/glyphs\/c.glif":"\/mrkpenth.ufo\/glyphs\/c.glif","\/mrkpenth.ufo\/glyphs\/caron.glif":"\/mrkpenth.ufo\/glyphs\/caron.glif","\/mrkpenth.ufo\/glyphs\/ccedilla.glif":"\/mrkpenth.ufo\/glyphs\/ccedilla.glif","\/mrkpenth.ufo\/glyphs\/cedilla.glif":"\/mrkpenth.ufo\/glyphs\/cedilla.glif","\/mrkpenth.ufo\/glyphs\/cent.glif":"\/mrkpenth.ufo\/glyphs\/cent.glif","\/mrkpenth.ufo\/glyphs\/circumflex.glif":"\/mrkpenth.ufo\/glyphs\/circumflex.glif","\/mrkpenth.ufo\/glyphs\/colon.glif":"\/mrkpenth.ufo\/glyphs\/colon.glif","\/mrkpenth.ufo\/glyphs\/comma.glif":"\/mrkpenth.ufo\/glyphs\/comma.glif","\/mrkpenth.ufo\/glyphs\/contents.plist":"\/mrkpenth.ufo\/glyphs\/contents.plist","\/mrkpenth.ufo\/glyphs\/copyright.glif":"\/mrkpenth.ufo\/glyphs\/copyright.glif","\/mrkpenth.ufo\/glyphs\/currency.glif":"\/mrkpenth.ufo\/glyphs\/currency.glif","\/mrkpenth.ufo\/glyphs\/d.glif":"\/mrkpenth.ufo\/glyphs\/d.glif","\/mrkpenth.ufo\/glyphs\/dagger.glif":"\/mrkpenth.ufo\/glyphs\/dagger.glif","\/mrkpenth.ufo\/glyphs\/daggerdbl.glif":"\/mrkpenth.ufo\/glyphs\/daggerdbl.glif","\/mrkpenth.ufo\/glyphs\/degree.glif":"\/mrkpenth.ufo\/glyphs\/degree.glif","\/mrkpenth.ufo\/glyphs\/dieresis.glif":"\/mrkpenth.ufo\/glyphs\/dieresis.glif","\/mrkpenth.ufo\/glyphs\/divide.glif":"\/mrkpenth.ufo\/glyphs\/divide.glif","\/mrkpenth.ufo\/glyphs\/dollar.glif":"\/mrkpenth.ufo\/glyphs\/dollar.glif","\/mrkpenth.ufo\/glyphs\/dotlessi.glif":"\/mrkpenth.ufo\/glyphs\/dotlessi.glif","\/mrkpenth.ufo\/glyphs\/e.glif":"\/mrkpenth.ufo\/glyphs\/e.glif","\/mrkpenth.ufo\/glyphs\/eacute.glif":"\/mrkpenth.ufo\/glyphs\/eacute.glif","\/mrkpenth.ufo\/glyphs\/ecircumflex.glif":"\/mrkpenth.ufo\/glyphs\/ecircumflex.glif","\/mrkpenth.ufo\/glyphs\/edieresis.glif":"\/mrkpenth.ufo\/glyphs\/edieresis.glif","\/mrkpenth.ufo\/glyphs\/egrave.glif":"\/mrkpenth.ufo\/glyphs\/egrave.glif","\/mrkpenth.ufo\/glyphs\/eight.glif":"\/mrkpenth.ufo\/glyphs\/eight.glif","\/mrkpenth.ufo\/glyphs\/ellipsis.glif":"\/mrkpenth.ufo\/glyphs\/ellipsis.glif","\/mrkpenth.ufo\/glyphs\/emdash.glif":"\/mrkpenth.ufo\/glyphs\/emdash.glif","\/mrkpenth.ufo\/glyphs\/endash.glif":"\/mrkpenth.ufo\/glyphs\/endash.glif","\/mrkpenth.ufo\/glyphs\/equal.glif":"\/mrkpenth.ufo\/glyphs\/equal.glif","\/mrkpenth.ufo\/glyphs\/eth.glif":"\/mrkpenth.ufo\/glyphs\/eth.glif","\/mrkpenth.ufo\/glyphs\/exclam.glif":"\/mrkpenth.ufo\/glyphs\/exclam.glif","\/mrkpenth.ufo\/glyphs\/exclamdown.glif":"\/mrkpenth.ufo\/glyphs\/exclamdown.glif","\/mrkpenth.ufo\/glyphs\/f.glif":"\/mrkpenth.ufo\/glyphs\/f.glif","\/mrkpenth.ufo\/glyphs\/fi.glif":"\/mrkpenth.ufo\/glyphs\/fi.glif","\/mrkpenth.ufo\/glyphs\/five.glif":"\/mrkpenth.ufo\/glyphs\/five.glif","\/mrkpenth.ufo\/glyphs\/fl.glif":"\/mrkpenth.ufo\/glyphs\/fl.glif","\/mrkpenth.ufo\/glyphs\/florin.glif":"\/mrkpenth.ufo\/glyphs\/florin.glif","\/mrkpenth.ufo\/glyphs\/four.glif":"\/mrkpenth.ufo\/glyphs\/four.glif","\/mrkpenth.ufo\/glyphs\/fraction.glif":"\/mrkpenth.ufo\/glyphs\/fraction.glif","\/mrkpenth.ufo\/glyphs\/g.glif":"\/mrkpenth.ufo\/glyphs\/g.glif","\/mrkpenth.ufo\/glyphs\/germandbls.glif":"\/mrkpenth.ufo\/glyphs\/germandbls.glif","\/mrkpenth.ufo\/glyphs\/grave.glif":"\/mrkpenth.ufo\/glyphs\/grave.glif","\/mrkpenth.ufo\/glyphs\/greater.glif":"\/mrkpenth.ufo\/glyphs\/greater.glif","\/mrkpenth.ufo\/glyphs\/guillemotleft.glif":"\/mrkpenth.ufo\/glyphs\/guillemotleft.glif","\/mrkpenth.ufo\/glyphs\/guillemotright.glif":"\/mrkpenth.ufo\/glyphs\/guillemotright.glif","\/mrkpenth.ufo\/glyphs\/guilsinglleft.glif":"\/mrkpenth.ufo\/glyphs\/guilsinglleft.glif","\/mrkpenth.ufo\/glyphs\/guilsinglright.glif":"\/mrkpenth.ufo\/glyphs\/guilsinglright.glif","\/mrkpenth.ufo\/glyphs\/h.glif":"\/mrkpenth.ufo\/glyphs\/h.glif","\/mrkpenth.ufo\/glyphs\/hyphen.glif":"\/mrkpenth.ufo\/glyphs\/hyphen.glif","\/mrkpenth.ufo\/glyphs\/i.glif":"\/mrkpenth.ufo\/glyphs\/i.glif","\/mrkpenth.ufo\/glyphs\/iacute.glif":"\/mrkpenth.ufo\/glyphs\/iacute.glif","\/mrkpenth.ufo\/glyphs\/icircumflex.glif":"\/mrkpenth.ufo\/glyphs\/icircumflex.glif","\/mrkpenth.ufo\/glyphs\/idieresis.glif":"\/mrkpenth.ufo\/glyphs\/idieresis.glif","\/mrkpenth.ufo\/glyphs\/igrave.glif":"\/mrkpenth.ufo\/glyphs\/igrave.glif","\/mrkpenth.ufo\/glyphs\/j.glif":"\/mrkpenth.ufo\/glyphs\/j.glif","\/mrkpenth.ufo\/glyphs\/k.glif":"\/mrkpenth.ufo\/glyphs\/k.glif","\/mrkpenth.ufo\/glyphs\/l.glif":"\/mrkpenth.ufo\/glyphs\/l.glif","\/mrkpenth.ufo\/glyphs\/less.glif":"\/mrkpenth.ufo\/glyphs\/less.glif","\/mrkpenth.ufo\/glyphs\/logicalnot.glif":"\/mrkpenth.ufo\/glyphs\/logicalnot.glif","\/mrkpenth.ufo\/glyphs\/lslash.glif":"\/mrkpenth.ufo\/glyphs\/lslash.glif","\/mrkpenth.ufo\/glyphs\/m.glif":"\/mrkpenth.ufo\/glyphs\/m.glif","\/mrkpenth.ufo\/glyphs\/macron.glif":"\/mrkpenth.ufo\/glyphs\/macron.glif","\/mrkpenth.ufo\/glyphs\/minus.glif":"\/mrkpenth.ufo\/glyphs\/minus.glif","\/mrkpenth.ufo\/glyphs\/mu.glif":"\/mrkpenth.ufo\/glyphs\/mu.glif","\/mrkpenth.ufo\/glyphs\/multiply.glif":"\/mrkpenth.ufo\/glyphs\/multiply.glif","\/mrkpenth.ufo\/glyphs\/n.glif":"\/mrkpenth.ufo\/glyphs\/n.glif","\/mrkpenth.ufo\/glyphs\/nine.glif":"\/mrkpenth.ufo\/glyphs\/nine.glif","\/mrkpenth.ufo\/glyphs\/nonbreakingspace.glif":"\/mrkpenth.ufo\/glyphs\/nonbreakingspace.glif","\/mrkpenth.ufo\/glyphs\/nonmarkingreturn.glif":"\/mrkpenth.ufo\/glyphs\/nonmarkingreturn.glif","\/mrkpenth.ufo\/glyphs\/ntilde.glif":"\/mrkpenth.ufo\/glyphs\/ntilde.glif","\/mrkpenth.ufo\/glyphs\/numbersign.glif":"\/mrkpenth.ufo\/glyphs\/numbersign.glif","\/mrkpenth.ufo\/glyphs\/o.glif":"\/mrkpenth.ufo\/glyphs\/o.glif","\/mrkpenth.ufo\/glyphs\/oacute.glif":"\/mrkpenth.ufo\/glyphs\/oacute.glif","\/mrkpenth.ufo\/glyphs\/ocircumflex.glif":"\/mrkpenth.ufo\/glyphs\/ocircumflex.glif","\/mrkpenth.ufo\/glyphs\/odieresis.glif":"\/mrkpenth.ufo\/glyphs\/odieresis.glif","\/mrkpenth.ufo\/glyphs\/oe.glif":"\/mrkpenth.ufo\/glyphs\/oe.glif","\/mrkpenth.ufo\/glyphs\/ograve.glif":"\/mrkpenth.ufo\/glyphs\/ograve.glif","\/mrkpenth.ufo\/glyphs\/one.glif":"\/mrkpenth.ufo\/glyphs\/one.glif","\/mrkpenth.ufo\/glyphs\/onehalf.glif":"\/mrkpenth.ufo\/glyphs\/onehalf.glif","\/mrkpenth.ufo\/glyphs\/onequarter.glif":"\/mrkpenth.ufo\/glyphs\/onequarter.glif","\/mrkpenth.ufo\/glyphs\/onesuperior.glif":"\/mrkpenth.ufo\/glyphs\/onesuperior.glif","\/mrkpenth.ufo\/glyphs\/ordfeminine.glif":"\/mrkpenth.ufo\/glyphs\/ordfeminine.glif","\/mrkpenth.ufo\/glyphs\/ordmasculine.glif":"\/mrkpenth.ufo\/glyphs\/ordmasculine.glif","\/mrkpenth.ufo\/glyphs\/oslash.glif":"\/mrkpenth.ufo\/glyphs\/oslash.glif","\/mrkpenth.ufo\/glyphs\/otilde.glif":"\/mrkpenth.ufo\/glyphs\/otilde.glif","\/mrkpenth.ufo\/glyphs\/p.glif":"\/mrkpenth.ufo\/glyphs\/p.glif","\/mrkpenth.ufo\/glyphs\/paragraph.glif":"\/mrkpenth.ufo\/glyphs\/paragraph.glif","\/mrkpenth.ufo\/glyphs\/parenleft.glif":"\/mrkpenth.ufo\/glyphs\/parenleft.glif","\/mrkpenth.ufo\/glyphs\/parenright.glif":"\/mrkpenth.ufo\/glyphs\/parenright.glif","\/mrkpenth.ufo\/glyphs\/percent.glif":"\/mrkpenth.ufo\/glyphs\/percent.glif","\/mrkpenth.ufo\/glyphs\/period.glif":"\/mrkpenth.ufo\/glyphs\/period.glif","\/mrkpenth.ufo\/glyphs\/periodcentered.glif":"\/mrkpenth.ufo\/glyphs\/periodcentered.glif","\/mrkpenth.ufo\/glyphs\/perthousand.glif":"\/mrkpenth.ufo\/glyphs\/perthousand.glif","\/mrkpenth.ufo\/glyphs\/plus.glif":"\/mrkpenth.ufo\/glyphs\/plus.glif","\/mrkpenth.ufo\/glyphs\/plusminus.glif":"\/mrkpenth.ufo\/glyphs\/plusminus.glif","\/mrkpenth.ufo\/glyphs\/q.glif":"\/mrkpenth.ufo\/glyphs\/q.glif","\/mrkpenth.ufo\/glyphs\/question.glif":"\/mrkpenth.ufo\/glyphs\/question.glif","\/mrkpenth.ufo\/glyphs\/questiondown.glif":"\/mrkpenth.ufo\/glyphs\/questiondown.glif","\/mrkpenth.ufo\/glyphs\/quotedbl.glif":"\/mrkpenth.ufo\/glyphs\/quotedbl.glif","\/mrkpenth.ufo\/glyphs\/quotedblbase.glif":"\/mrkpenth.ufo\/glyphs\/quotedblbase.glif","\/mrkpenth.ufo\/glyphs\/quotedblleft.glif":"\/mrkpenth.ufo\/glyphs\/quotedblleft.glif","\/mrkpenth.ufo\/glyphs\/quotedblright.glif":"\/mrkpenth.ufo\/glyphs\/quotedblright.glif","\/mrkpenth.ufo\/glyphs\/quoteleft.glif":"\/mrkpenth.ufo\/glyphs\/quoteleft.glif","\/mrkpenth.ufo\/glyphs\/quoteright.glif":"\/mrkpenth.ufo\/glyphs\/quoteright.glif","\/mrkpenth.ufo\/glyphs\/quotesinglbase.glif":"\/mrkpenth.ufo\/glyphs\/quotesinglbase.glif","\/mrkpenth.ufo\/glyphs\/quotesingle.glif":"\/mrkpenth.ufo\/glyphs\/quotesingle.glif","\/mrkpenth.ufo\/glyphs\/r.glif":"\/mrkpenth.ufo\/glyphs\/r.glif","\/mrkpenth.ufo\/glyphs\/registered.glif":"\/mrkpenth.ufo\/glyphs\/registered.glif","\/mrkpenth.ufo\/glyphs\/ring.glif":"\/mrkpenth.ufo\/glyphs\/ring.glif","\/mrkpenth.ufo\/glyphs\/s.glif":"\/mrkpenth.ufo\/glyphs\/s.glif","\/mrkpenth.ufo\/glyphs\/scaron.glif":"\/mrkpenth.ufo\/glyphs\/scaron.glif","\/mrkpenth.ufo\/glyphs\/section.glif":"\/mrkpenth.ufo\/glyphs\/section.glif","\/mrkpenth.ufo\/glyphs\/semicolon.glif":"\/mrkpenth.ufo\/glyphs\/semicolon.glif","\/mrkpenth.ufo\/glyphs\/seven.glif":"\/mrkpenth.ufo\/glyphs\/seven.glif","\/mrkpenth.ufo\/glyphs\/six.glif":"\/mrkpenth.ufo\/glyphs\/six.glif","\/mrkpenth.ufo\/glyphs\/slash.glif":"\/mrkpenth.ufo\/glyphs\/slash.glif","\/mrkpenth.ufo\/glyphs\/space.glif":"\/mrkpenth.ufo\/glyphs\/space.glif","\/mrkpenth.ufo\/glyphs\/sterling.glif":"\/mrkpenth.ufo\/glyphs\/sterling.glif","\/mrkpenth.ufo\/glyphs\/t.glif":"\/mrkpenth.ufo\/glyphs\/t.glif","\/mrkpenth.ufo\/glyphs\/thorn.glif":"\/mrkpenth.ufo\/glyphs\/thorn.glif","\/mrkpenth.ufo\/glyphs\/three.glif":"\/mrkpenth.ufo\/glyphs\/three.glif","\/mrkpenth.ufo\/glyphs\/threequarters.glif":"\/mrkpenth.ufo\/glyphs\/threequarters.glif","\/mrkpenth.ufo\/glyphs\/threesuperior.glif":"\/mrkpenth.ufo\/glyphs\/threesuperior.glif","\/mrkpenth.ufo\/glyphs\/tilde.glif":"\/mrkpenth.ufo\/glyphs\/tilde.glif","\/mrkpenth.ufo\/glyphs\/trademark.glif":"\/mrkpenth.ufo\/glyphs\/trademark.glif","\/mrkpenth.ufo\/glyphs\/two.glif":"\/mrkpenth.ufo\/glyphs\/two.glif","\/mrkpenth.ufo\/glyphs\/twosuperior.glif":"\/mrkpenth.ufo\/glyphs\/twosuperior.glif","\/mrkpenth.ufo\/glyphs\/u.glif":"\/mrkpenth.ufo\/glyphs\/u.glif","\/mrkpenth.ufo\/glyphs\/uacute.glif":"\/mrkpenth.ufo\/glyphs\/uacute.glif","\/mrkpenth.ufo\/glyphs\/ucircumflex.glif":"\/mrkpenth.ufo\/glyphs\/ucircumflex.glif","\/mrkpenth.ufo\/glyphs\/udieresis.glif":"\/mrkpenth.ufo\/glyphs\/udieresis.glif","\/mrkpenth.ufo\/glyphs\/ugrave.glif":"\/mrkpenth.ufo\/glyphs\/ugrave.glif","\/mrkpenth.ufo\/glyphs\/underscore.glif":"\/mrkpenth.ufo\/glyphs\/underscore.glif","\/mrkpenth.ufo\/glyphs\/v.glif":"\/mrkpenth.ufo\/glyphs\/v.glif","\/mrkpenth.ufo\/glyphs\/w.glif":"\/mrkpenth.ufo\/glyphs\/w.glif","\/mrkpenth.ufo\/glyphs\/x.glif":"\/mrkpenth.ufo\/glyphs\/x.glif","\/mrkpenth.ufo\/glyphs\/y.glif":"\/mrkpenth.ufo\/glyphs\/y.glif","\/mrkpenth.ufo\/glyphs\/yacute.glif":"\/mrkpenth.ufo\/glyphs\/yacute.glif","\/mrkpenth.ufo\/glyphs\/ydieresis.glif":"\/mrkpenth.ufo\/glyphs\/ydieresis.glif","\/mrkpenth.ufo\/glyphs\/yen.glif":"\/mrkpenth.ufo\/glyphs\/yen.glif","\/mrkpenth.ufo\/glyphs\/z.glif":"\/mrkpenth.ufo\/glyphs\/z.glif","\/mrkpenth.ufo\/glyphs\/zcaron.glif":"\/mrkpenth.ufo\/glyphs\/zcaron.glif","\/mrkpenth.ufo\/glyphs\/zero.glif":"\/mrkpenth.ufo\/glyphs\/zero.glif"},"Font":{"uploaded":1489243792.4213,"licence":"gpl3","company":"Chronolabs Cooperative","title":"Marking Pen Thin","version":3.002,"date":"Fri Nov 25 22:23:18 2016","creator":"root","type":"1","matrix":"0.001 0 0 0.001 0 0","named":"MarkingPen-Thin","painttype":"0","info":"10 dict dup","name":"MarkingPen-Thin Regular","family":"MarkingPen-Thin","weight":"Thin","fstype":"4","italicangle":"0","underlineposition":"","underlinethickness":""},"Licences":{"":false},"Table":{"FFTM":{"entryLength":16,"tag":"FFTM","checksum":1962492446,"offset":37460,"length":28},"GDEF":{"entryLength":16,"tag":"GDEF","checksum":17956868,"offset":37428,"length":32},"OS\/2":{"entryLength":16,"tag":"OS\/2","checksum":1444943441,"offset":344,"length":86},"cmap":{"entryLength":16,"tag":"cmap","checksum":1746710899,"offset":1348,"length":568},"gasp":{"entryLength":16,"tag":"gasp","checksum":4294901763,"offset":37420,"length":8},"glyf":{"entryLength":16,"tag":"glyf","checksum":1582850340,"offset":2376,"length":33484},"head":{"entryLength":16,"tag":"head","checksum":320755351,"offset":220,"length":54},"hhea":{"entryLength":16,"tag":"hhea","checksum":120324999,"offset":276,"length":36},"hmtx":{"entryLength":16,"tag":"hmtx","checksum":254149200,"offset":432,"length":916},"loca":{"entryLength":16,"tag":"loca","checksum":2086772266,"offset":1916,"length":460},"maxp":{"entryLength":16,"tag":"maxp","checksum":20119953,"offset":312,"length":32},"name":{"entryLength":16,"tag":"name","checksum":2757911098,"offset":35860,"length":1068},"post":{"entryLength":16,"tag":"post","checksum":899757550,"offset":36928,"length":492}},"UnicodeCharMap":{"0":1,"13":2,"32":3,"33":4,"34":5,"35":6,"36":7,"37":8,"38":9,"39":10,"40":11,"41":12,"42":13,"43":14,"44":15,"45":16,"46":17,"47":18,"48":19,"49":20,"50":21,"51":22,"52":23,"53":24,"54":25,"55":26,"56":27,"57":28,"58":29,"59":30,"60":31,"61":32,"62":33,"63":34,"64":35,"65":36,"66":37,"67":38,"68":39,"69":40,"70":41,"71":42,"72":43,"73":44,"74":45,"75":46,"76":47,"77":48,"78":49,"79":50,"80":51,"81":52,"82":53,"83":54,"84":55,"85":56,"86":57,"87":58,"88":59,"89":60,"90":61,"91":62,"92":63,"93":64,"94":65,"95":66,"96":67,"97":68,"98":69,"99":70,"100":71,"101":72,"102":73,"103":74,"104":75,"105":76,"106":77,"107":78,"108":79,"109":80,"110":81,"111":82,"112":83,"113":84,"114":85,"115":86,"116":87,"117":88,"118":89,"119":90,"120":91,"121":92,"122":93,"123":94,"124":95,"125":96,"126":97,"160":98,"161":99,"162":100,"163":101,"164":102,"165":103,"166":104,"167":105,"168":106,"169":107,"170":108,"171":109,"172":110,"174":112,"175":113,"176":114,"177":115,"178":116,"179":117,"180":118,"182":120,"183":121,"184":122,"185":123,"186":124,"187":125,"188":126,"189":127,"190":128,"191":129,"192":130,"193":131,"194":132,"195":133,"196":134,"197":135,"198":136,"199":137,"200":138,"201":139,"202":140,"203":141,"204":142,"205":143,"206":144,"207":145,"208":146,"209":147,"210":148,"211":149,"212":150,"213":151,"214":152,"215":153,"216":154,"217":155,"218":156,"219":157,"220":158,"221":159,"222":160,"223":161,"224":162,"225":163,"226":164,"227":165,"228":166,"229":167,"230":168,"231":169,"232":170,"233":171,"234":172,"235":173,"236":174,"237":175,"238":176,"239":177,"240":178,"241":179,"242":180,"243":181,"244":182,"245":183,"246":184,"247":185,"248":186,"249":187,"250":188,"251":189,"252":190,"253":191,"254":192,"255":193,"305":217,"321":223,"322":224,"338":199,"339":200,"352":225,"353":226,"376":207,"381":227,"382":228,"402":197,"710":218,"711":222,"728":220,"730":221,"732":219,"956":119,"8211":201,"8212":202,"8216":205,"8217":206,"8218":214,"8220":203,"8221":204,"8222":215,"8224":194,"8225":213,"8226":195,"8230":198,"8240":216,"8249":209,"8250":210,"8260":208,"8482":196,"8722":111,"64257":211,"64258":212},"Reserves":{"fontname":"Marking Pen Thin Regular"},"Names":{"Marking Pen Thin Regular":{"name":"Marking Pen Thin Regular","longitude":"0.00000001","latitude":"0.00000001","country":"","region":"","city":""}},"Nodes":{"ma":{"type":"typal","node":"ma","usage":1,"weight":1},"ng":{"type":"typal","node":"ng","usage":1,"weight":1},"pe":{"type":"typal","node":"pe","usage":1,"weight":1},"en":{"type":"typal","node":"en","usage":1,"weight":1},"th":{"type":"typal","node":"th","usage":1,"weight":1},"in":{"type":"typal","node":"in","usage":1,"weight":1},"re":{"type":"typal","node":"re","usage":1,"weight":1},"ar":{"type":"typal","node":"ar","usage":1,"weight":1},"mar":{"type":"typal","node":"mar","usage":1,"weight":1},"ing":{"type":"typal","node":"ing","usage":1,"weight":1},"thi":{"type":"typal","node":"thi","usage":1,"weight":1},"hin":{"type":"typal","node":"hin","usage":1,"weight":1},"reg":{"type":"typal","node":"reg","usage":1,"weight":1},"lar":{"type":"typal","node":"lar","usage":1,"weight":1},"mark":{"type":"keys","node":"mark","usage":1,"weight":1},"king":{"type":"keys","node":"king","usage":1,"weight":1},"regu":{"type":"keys","node":"regu","usage":1,"weight":1},"ular":{"type":"keys","node":"ular","usage":1,"weight":1},"marki":{"type":"keys","node":"marki","usage":1,"weight":1},"rking":{"type":"keys","node":"rking","usage":1,"weight":1},"regul":{"type":"keys","node":"regul","usage":1,"weight":1},"gular":{"type":"keys","node":"gular","usage":1,"weight":1},"marking":{"type":"fixes","node":"marking","usage":1,"weight":1},"pen":{"type":"fixes","node":"pen","usage":1,"weight":1},"thin":{"type":"fixes","node":"thin","usage":1,"weight":1},"regular":{"type":"fixes","node":"regular","usage":1,"weight":1}},"Contributors":[],"FontIdentity":"zinc17:bf93cd2ecf0d4547466b387d9","Bytes":null,"Networking":[],"barcode":"12wiaq9iqio8e","referee":"meqgy4-3"}