{"CSS":{"AveralSSK":"AveralSSK.css"},"FontType":"TrueType","FontCopyright":"Copyright 1993 Southern Software, Inc. All Rights Reserved","FontName":"AveralSSK","FontSubfamily":"Book","FontSubfamilyID":"FontForge 2.0 : AveralSSK : 20-12-2016","FontFullName":"Averal SSK","FontVersion":"Version Macromedia Fontograp ","FontWeight":null,"FontPostscriptName":"AveralSSK","Files":{"averalssk.afm":"averalssk.afm","averalssk.bin":"averalssk.bin","averalssk.cef":"averalssk.cef","averalssk.cff":"averalssk.cff","averalssk.cid":"averalssk.cid","averalssk.dfont":"averalssk.dfont","averalssk.eot":"averalssk.eot","averalssk.fon":"averalssk.fon","averalssk.gai":"averalssk.gai","averalssk.gsf":"averalssk.gsf","averalssk.hqx":"averalssk.hqx","averalssk.ik":"averalssk.ik","averalssk.mf":"averalssk.mf","averalssk.otf":"averalssk.otf","averalssk.pcf":"averalssk.pcf","averalssk.pf3":"averalssk.pf3","averalssk.pfa":"averalssk.pfa","averalssk.pfb":"averalssk.pfb","averalssk.php":"averalssk.php","averalssk.pmf":"averalssk.pmf","averalssk.pt3":"averalssk.pt3","averalssk.sfd":"averalssk.sfd","averalssk.svg":"averalssk.svg","averalssk.t42":"averalssk.t42","averalssk.ttd":"averalssk.ttd","averalssk.ttf":"averalssk.ttf","averalssk.ttg":"averalssk.ttg","averalssk.ufm":"averalssk.ufm","averalssk.woff":"averalssk.woff","averalssk.z":"averalssk.z","":{"averalssk.afm":"averalssk.afm","averalssk.bin":"averalssk.bin","averalssk.cef":"averalssk.cef","averalssk.cff":"averalssk.cff","averalssk.cid":"averalssk.cid","averalssk.dfont":"averalssk.dfont","averalssk.eot":"averalssk.eot","averalssk.fon":"averalssk.fon","averalssk.gai":"averalssk.gai","averalssk.gsf":"averalssk.gsf","averalssk.hqx":"averalssk.hqx","averalssk.ik":"averalssk.ik","averalssk.mf":"averalssk.mf","averalssk.otf":"averalssk.otf","averalssk.pcf":"averalssk.pcf","averalssk.pf3":"averalssk.pf3","averalssk.pfa":"averalssk.pfa","averalssk.pfb":"averalssk.pfb","averalssk.php":"averalssk.php","averalssk.pmf":"averalssk.pmf","averalssk.pt3":"averalssk.pt3","averalssk.sfd":"averalssk.sfd","averalssk.svg":"averalssk.svg","averalssk.t42":"averalssk.t42","averalssk.ttd":"averalssk.ttd","averalssk.ttf":"averalssk.ttf","averalssk.ttg":"averalssk.ttg","averalssk.ufm":"averalssk.ufm","averalssk.woff":"averalssk.woff","averalssk.z":"averalssk.z"},"\/averalssk.ufo":{"feature.fea":"feature.fea","fontinfo.plist":"fontinfo.plist","groups.plist":"groups.plist","kerning.plist":"kerning.plist","metainfo.plist":"metainfo.plist"},"\/averalssk.ufo\/glyphs":{"A_.glif":"A_.glif","A_acute.glif":"A_acute.glif","A_circumflex.glif":"A_circumflex.glif","A_dieresis.glif":"A_dieresis.glif","A_grave.glif":"A_grave.glif","A_ring.glif":"A_ring.glif","A_tilde.glif":"A_tilde.glif","B_.glif":"B_.glif","C_.glif":"C_.glif","C_cedilla.glif":"C_cedilla.glif","D_.glif":"D_.glif","E_.glif":"E_.glif","E_acute.glif":"E_acute.glif","E_circumflex.glif":"E_circumflex.glif","E_dieresis.glif":"E_dieresis.glif","E_grave.glif":"E_grave.glif","F_.glif":"F_.glif","G_.glif":"G_.glif","H_.glif":"H_.glif","I_.glif":"I_.glif","I_circumflex.glif":"I_circumflex.glif","I_dieresis.glif":"I_dieresis.glif","J_.glif":"J_.glif","K_.glif":"K_.glif","L_.glif":"L_.glif","M_.glif":"M_.glif","N_.glif":"N_.glif","N_tilde.glif":"N_tilde.glif","O_.glif":"O_.glif","O_acute.glif":"O_acute.glif","O_circumflex.glif":"O_circumflex.glif","O_tilde.glif":"O_tilde.glif","P_.glif":"P_.glif","Q_.glif":"Q_.glif","R_.glif":"R_.glif","S_.glif":"S_.glif","T_.glif":"T_.glif","U_.glif":"U_.glif","U_acute.glif":"U_acute.glif","U_circumflex.glif":"U_circumflex.glif","U_grave.glif":"U_grave.glif","V_.glif":"V_.glif","W_.glif":"W_.glif","X_.glif":"X_.glif","Y_.glif":"Y_.glif","Y_dieresis.glif":"Y_dieresis.glif","Z_.glif":"Z_.glif","_notdef.glif":"_notdef.glif","_null.glif":"_null.glif","a.glif":"a.glif","aacute.glif":"aacute.glif","acircumflex.glif":"acircumflex.glif","adieresis.glif":"adieresis.glif","agrave.glif":"agrave.glif","ampersand.glif":"ampersand.glif","aring.glif":"aring.glif","asciicircum.glif":"asciicircum.glif","asciitilde.glif":"asciitilde.glif","asterisk.glif":"asterisk.glif","at.glif":"at.glif","atilde.glif":"atilde.glif","b.glif":"b.glif","backslash.glif":"backslash.glif","bar.glif":"bar.glif","braceleft.glif":"braceleft.glif","braceright.glif":"braceright.glif","bracketleft.glif":"bracketleft.glif","bracketright.glif":"bracketright.glif","c.glif":"c.glif","ccedilla.glif":"ccedilla.glif","colon.glif":"colon.glif","comma.glif":"comma.glif","contents.plist":"contents.plist","d.glif":"d.glif","dollar.glif":"dollar.glif","e.glif":"e.glif","eacute.glif":"eacute.glif","ecircumflex.glif":"ecircumflex.glif","edieresis.glif":"edieresis.glif","egrave.glif":"egrave.glif","eight.glif":"eight.glif","equal.glif":"equal.glif","exclam.glif":"exclam.glif","f.glif":"f.glif","five.glif":"five.glif","four.glif":"four.glif","g.glif":"g.glif","glyph146.glif":"glyph146.glif","grave.glif":"grave.glif","greater.glif":"greater.glif","h.glif":"h.glif","hyphen.glif":"hyphen.glif","i.glif":"i.glif","iacute.glif":"iacute.glif","icircumflex.glif":"icircumflex.glif","idieresis.glif":"idieresis.glif","igrave.glif":"igrave.glif","j.glif":"j.glif","k.glif":"k.glif","l.glif":"l.glif","less.glif":"less.glif","m.glif":"m.glif","n.glif":"n.glif","nine.glif":"nine.glif","nonbreakingspace.glif":"nonbreakingspace.glif","nonmarkingreturn.glif":"nonmarkingreturn.glif","ntilde.glif":"ntilde.glif","numbersign.glif":"numbersign.glif","o.glif":"o.glif","oacute.glif":"oacute.glif","ocircumflex.glif":"ocircumflex.glif","odieresis.glif":"odieresis.glif","ograve.glif":"ograve.glif","one.glif":"one.glif","otilde.glif":"otilde.glif","p.glif":"p.glif","parenleft.glif":"parenleft.glif","parenright.glif":"parenright.glif","percent.glif":"percent.glif","period.glif":"period.glif","plus.glif":"plus.glif","q.glif":"q.glif","question.glif":"question.glif","quotedbl.glif":"quotedbl.glif","quotesingle.glif":"quotesingle.glif","r.glif":"r.glif","s.glif":"s.glif","semicolon.glif":"semicolon.glif","seven.glif":"seven.glif","six.glif":"six.glif","slash.glif":"slash.glif","space.glif":"space.glif","t.glif":"t.glif","three.glif":"three.glif","two.glif":"two.glif","u.glif":"u.glif","uacute.glif":"uacute.glif","ucircumflex.glif":"ucircumflex.glif","udieresis.glif":"udieresis.glif","ugrave.glif":"ugrave.glif","underscore.glif":"underscore.glif","v.glif":"v.glif","w.glif":"w.glif","x.glif":"x.glif","y.glif":"y.glif","ydieresis.glif":"ydieresis.glif","z.glif":"z.glif","zero.glif":"zero.glif"}},"Font":{"uploaded":1482186095.0219,"licence":"gpl3","company":"Chronolabs Cooperative"},"Table":{"FFTM":{"entryLength":16,"tag":"FFTM","checksum":1947015580,"offset":14728,"length":28},"GDEF":{"entryLength":16,"tag":"GDEF","checksum":12582916,"offset":14696,"length":32},"OS\/2":{"entryLength":16,"tag":"OS\/2","checksum":1447714980,"offset":344,"length":86},"cmap":{"entryLength":16,"tag":"cmap","checksum":374855325,"offset":1020,"length":442},"gasp":{"entryLength":16,"tag":"gasp","checksum":4294901763,"offset":14688,"length":8},"glyf":{"entryLength":16,"tag":"glyf","checksum":1089210082,"offset":1760,"length":11924},"head":{"entryLength":16,"tag":"head","checksum":186480842,"offset":220,"length":54},"hhea":{"entryLength":16,"tag":"hhea","checksum":112329372,"offset":276,"length":36},"hmtx":{"entryLength":16,"tag":"hmtx","checksum":504106637,"offset":432,"length":588},"loca":{"entryLength":16,"tag":"loca","checksum":1781167594,"offset":1464,"length":296},"maxp":{"entryLength":16,"tag":"maxp","checksum":14155875,"offset":312,"length":32},"name":{"entryLength":16,"tag":"name","checksum":2052721135,"offset":13684,"length":663},"post":{"entryLength":16,"tag":"post","checksum":3314857490,"offset":14348,"length":337}},"UnicodeCharMap":{"0":1,"13":2,"32":3,"33":4,"34":5,"35":6,"36":7,"37":8,"38":9,"39":10,"40":11,"41":12,"42":13,"43":14,"44":15,"45":16,"46":17,"47":18,"48":19,"49":20,"50":21,"51":22,"52":23,"53":24,"54":25,"55":26,"56":27,"57":28,"58":29,"59":30,"60":31,"61":32,"62":33,"63":34,"64":35,"65":36,"66":37,"67":38,"68":39,"69":40,"70":41,"71":42,"72":43,"73":44,"74":45,"75":46,"76":47,"77":48,"78":49,"79":50,"80":51,"81":52,"82":53,"83":54,"84":55,"85":56,"86":57,"87":58,"88":59,"89":60,"90":61,"91":62,"92":63,"93":64,"94":65,"95":66,"96":67,"97":68,"98":69,"99":70,"100":71,"101":72,"102":73,"103":74,"104":75,"105":76,"106":77,"107":78,"108":79,"109":80,"110":81,"111":82,"112":83,"113":84,"114":85,"115":86,"116":87,"117":88,"118":89,"119":90,"120":91,"121":92,"122":93,"123":94,"124":95,"125":96,"126":97,"160":98,"192":99,"193":100,"194":101,"195":102,"196":103,"197":104,"199":105,"200":106,"201":107,"202":108,"203":109,"206":110,"207":111,"209":112,"211":113,"212":114,"213":115,"217":116,"218":117,"219":118,"224":119,"225":120,"226":121,"227":122,"228":123,"229":124,"231":125,"232":126,"233":127,"234":128,"235":129,"236":130,"237":131,"238":132,"239":133,"241":134,"242":135,"243":136,"244":137,"245":138,"246":139,"249":140,"250":141,"251":142,"252":143,"255":144,"376":145},"Reserves":null,"Names":[],"Nodes":{"av":{"type":"typal","node":"av","usage":1,"weight":1},"al":{"type":"typal","node":"al","usage":1,"weight":1},"ss":{"type":"typal","node":"ss","usage":1,"weight":1},"sk":{"type":"typal","node":"sk","usage":1,"weight":1},"ave":{"type":"typal","node":"ave","usage":1,"weight":1},"ral":{"type":"typal","node":"ral","usage":1,"weight":1},"aver":{"type":"keys","node":"aver","usage":1,"weight":1},"eral":{"type":"keys","node":"eral","usage":1,"weight":1},"avera":{"type":"keys","node":"avera","usage":1,"weight":1},"veral":{"type":"keys","node":"veral","usage":1,"weight":1},"averal":{"type":"fixes","node":"averal","usage":1,"weight":1},"ssk":{"type":"fixes","node":"ssk","usage":1,"weight":1}},"Contributors":[],"FontIdentity":"3386d08c033ff4048c22e9d978bd2bcb","Bytes":1812953,"Networking":[],"barcode":"qmc89kwciywac","referee":"ms0yq"}