{"CSS":{"VintageTypewriterOne":"VintageTypewriterOne.css"},"FontType":"TrueType","FontCopyright":"Copyright (c) 1994 by Susan Townsend. Please don't steal my fontN~I'd cry.","FontName":"VintageTypewriter","FontSubfamily":"One","FontSubfamilyID":"FontForge 2.0 : VintageTypewriterOne : 27-8-2016","FontFullName":"Vintage Typewriter One","FontVersion":"Version 001.000 ","FontWeight":null,"FontPostscriptName":"VintageTypewriterOne","Files":{"vintagetypewriterone.afm":"vintagetypewriterone.afm","vintagetypewriterone.bin":"vintagetypewriterone.bin","vintagetypewriterone.cef":"vintagetypewriterone.cef","vintagetypewriterone.cff":"vintagetypewriterone.cff","vintagetypewriterone.cid":"vintagetypewriterone.cid","vintagetypewriterone.dfont":"vintagetypewriterone.dfont","vintagetypewriterone.eot":"vintagetypewriterone.eot","vintagetypewriterone.fon":"vintagetypewriterone.fon","vintagetypewriterone.gai":"vintagetypewriterone.gai","vintagetypewriterone.gsf":"vintagetypewriterone.gsf","vintagetypewriterone.hqx":"vintagetypewriterone.hqx","vintagetypewriterone.ik":"vintagetypewriterone.ik","vintagetypewriterone.mf":"vintagetypewriterone.mf","vintagetypewriterone.otf":"vintagetypewriterone.otf","vintagetypewriterone.pcf":"vintagetypewriterone.pcf","vintagetypewriterone.pf3":"vintagetypewriterone.pf3","vintagetypewriterone.pfa":"vintagetypewriterone.pfa","vintagetypewriterone.pfb":"vintagetypewriterone.pfb","vintagetypewriterone.php":"vintagetypewriterone.php","vintagetypewriterone.pmf":"vintagetypewriterone.pmf","vintagetypewriterone.pt3":"vintagetypewriterone.pt3","vintagetypewriterone.sfd":"vintagetypewriterone.sfd","vintagetypewriterone.svg":"vintagetypewriterone.svg","vintagetypewriterone.t42":"vintagetypewriterone.t42","vintagetypewriterone.ttd":"vintagetypewriterone.ttd","vintagetypewriterone.ttf":"vintagetypewriterone.ttf","vintagetypewriterone.ttg":"vintagetypewriterone.ttg","vintagetypewriterone.ufm":"vintagetypewriterone.ufm","vintagetypewriterone.woff":"vintagetypewriterone.woff","vintagetypewriterone.z":"vintagetypewriterone.z","":{"vintagetypewriterone.afm":"vintagetypewriterone.afm","vintagetypewriterone.bin":"vintagetypewriterone.bin","vintagetypewriterone.cef":"vintagetypewriterone.cef","vintagetypewriterone.cff":"vintagetypewriterone.cff","vintagetypewriterone.cid":"vintagetypewriterone.cid","vintagetypewriterone.dfont":"vintagetypewriterone.dfont","vintagetypewriterone.eot":"vintagetypewriterone.eot","vintagetypewriterone.fon":"vintagetypewriterone.fon","vintagetypewriterone.gai":"vintagetypewriterone.gai","vintagetypewriterone.gsf":"vintagetypewriterone.gsf","vintagetypewriterone.hqx":"vintagetypewriterone.hqx","vintagetypewriterone.ik":"vintagetypewriterone.ik","vintagetypewriterone.mf":"vintagetypewriterone.mf","vintagetypewriterone.otf":"vintagetypewriterone.otf","vintagetypewriterone.pcf":"vintagetypewriterone.pcf","vintagetypewriterone.pf3":"vintagetypewriterone.pf3","vintagetypewriterone.pfa":"vintagetypewriterone.pfa","vintagetypewriterone.pfb":"vintagetypewriterone.pfb","vintagetypewriterone.php":"vintagetypewriterone.php","vintagetypewriterone.pmf":"vintagetypewriterone.pmf","vintagetypewriterone.pt3":"vintagetypewriterone.pt3","vintagetypewriterone.sfd":"vintagetypewriterone.sfd","vintagetypewriterone.svg":"vintagetypewriterone.svg","vintagetypewriterone.t42":"vintagetypewriterone.t42","vintagetypewriterone.ttd":"vintagetypewriterone.ttd","vintagetypewriterone.ttf":"vintagetypewriterone.ttf","vintagetypewriterone.ttg":"vintagetypewriterone.ttg","vintagetypewriterone.ufm":"vintagetypewriterone.ufm","vintagetypewriterone.woff":"vintagetypewriterone.woff","vintagetypewriterone.z":"vintagetypewriterone.z"},"\/vintagetypewriterone.ufo":{"feature.fea":"feature.fea","fontinfo.plist":"fontinfo.plist","groups.plist":"groups.plist","kerning.plist":"kerning.plist","metainfo.plist":"metainfo.plist"},"\/vintagetypewriterone.ufo\/glyphs":{"A_.glif":"A_.glif","B_.glif":"B_.glif","C_.glif":"C_.glif","C_R_.glif":"C_R_.glif","D_.glif":"D_.glif","E_.glif":"E_.glif","F_.glif":"F_.glif","G_.glif":"G_.glif","H_.glif":"H_.glif","H_T_.glif":"H_T_.glif","I_.glif":"I_.glif","J_.glif":"J_.glif","K_.glif":"K_.glif","L_.glif":"L_.glif","M_.glif":"M_.glif","N_.glif":"N_.glif","O_.glif":"O_.glif","P_.glif":"P_.glif","Q_.glif":"Q_.glif","R_.glif":"R_.glif","S_.glif":"S_.glif","T_.glif":"T_.glif","U_.glif":"U_.glif","V_.glif":"V_.glif","W_.glif":"W_.glif","X_.glif":"X_.glif","Y_.glif":"Y_.glif","Z_.glif":"Z_.glif","a.glif":"a.glif","ampersand.glif":"ampersand.glif","asciitilde.glif":"asciitilde.glif","asterisk.glif":"asterisk.glif","at.glif":"at.glif","b.glif":"b.glif","bracketleft.glif":"bracketleft.glif","bracketright.glif":"bracketright.glif","bullet.glif":"bullet.glif","c.glif":"c.glif","cent.glif":"cent.glif","colon.glif":"colon.glif","comma.glif":"comma.glif","contents.plist":"contents.plist","copyright.glif":"copyright.glif","d.glif":"d.glif","degree.glif":"degree.glif","dollar.glif":"dollar.glif","e.glif":"e.glif","eight.glif":"eight.glif","equal.glif":"equal.glif","exclam.glif":"exclam.glif","exclamdown.glif":"exclamdown.glif","f.glif":"f.glif","five.glif":"five.glif","four.glif":"four.glif","g.glif":"g.glif","grave.glif":"grave.glif","greater.glif":"greater.glif","h.glif":"h.glif","hyphen.glif":"hyphen.glif","i.glif":"i.glif","j.glif":"j.glif","k.glif":"k.glif","l.glif":"l.glif","less.glif":"less.glif","m.glif":"m.glif","n.glif":"n.glif","nbspace.glif":"nbspace.glif","nine.glif":"nine.glif","numbersign.glif":"numbersign.glif","o.glif":"o.glif","one.glif":"one.glif","onehalf.glif":"onehalf.glif","onequarter.glif":"onequarter.glif","onesuperior.glif":"onesuperior.glif","p.glif":"p.glif","parenleft.glif":"parenleft.glif","parenright.glif":"parenright.glif","percent.glif":"percent.glif","period.glif":"period.glif","plus.glif":"plus.glif","q.glif":"q.glif","question.glif":"question.glif","questiondown.glif":"questiondown.glif","quotedbl.glif":"quotedbl.glif","quotedblleft.glif":"quotedblleft.glif","quotedblright.glif":"quotedblright.glif","quoteleft.glif":"quoteleft.glif","quoteright.glif":"quoteright.glif","quotesingle.glif":"quotesingle.glif","r.glif":"r.glif","registered.glif":"registered.glif","s.glif":"s.glif","semicolon.glif":"semicolon.glif","seven.glif":"seven.glif","six.glif":"six.glif","slash.glif":"slash.glif","space.glif":"space.glif","sterling.glif":"sterling.glif","t.glif":"t.glif","three.glif":"three.glif","threequarters.glif":"threequarters.glif","threesuperior.glif":"threesuperior.glif","trademark.glif":"trademark.glif","two.glif":"two.glif","twosuperior.glif":"twosuperior.glif","u.glif":"u.glif","underscore.glif":"underscore.glif","v.glif":"v.glif","w.glif":"w.glif","x.glif":"x.glif","y.glif":"y.glif","z.glif":"z.glif","zero.glif":"zero.glif"}},"Font":{"uploaded":1472245690.2059,"licence":"gpl3","company":"Chronolabs Cooperative","title":"Veljovic EF Medium Italic","version":2.001,"date":"Fri Aug 12 10:18:21 2016","creator":"root","type":"1","matrix":"0.001 0 0 0.001 0 0","named":"VeljovicEF-MediumItalic","painttype":"0","info":"10 dict dup","name":"VeljovicEF-MediumItalic","family":"VeljovicEF","weight":"Medium","fstype":"0","italicangle":"-11","underlineposition":"","underlinethickness":""},"Table":{"FFTM":{"entryLength":16,"tag":"FFTM","checksum":1944268704,"offset":32824,"length":28},"GDEF":{"entryLength":16,"tag":"GDEF","checksum":10485766,"offset":32792,"length":32},"OS\/2":{"entryLength":16,"tag":"OS\/2","checksum":1458962536,"offset":344,"length":86},"cmap":{"entryLength":16,"tag":"cmap","checksum":2054985468,"offset":672,"length":442},"gasp":{"entryLength":16,"tag":"gasp","checksum":4294901763,"offset":32784,"length":8},"glyf":{"entryLength":16,"tag":"glyf","checksum":3157383379,"offset":1348,"length":30364},"head":{"entryLength":16,"tag":"head","checksum":154539043,"offset":220,"length":54},"hhea":{"entryLength":16,"tag":"hhea","checksum":90439888,"offset":276,"length":36},"hmtx":{"entryLength":16,"tag":"hmtx","checksum":355929782,"offset":432,"length":238},"loca":{"entryLength":16,"tag":"loca","checksum":3048002852,"offset":1116,"length":232},"maxp":{"entryLength":16,"tag":"maxp","checksum":12452163,"offset":312,"length":32},"name":{"entryLength":16,"tag":"name","checksum":3729555309,"offset":31712,"length":789},"post":{"entryLength":16,"tag":"post","checksum":3464243849,"offset":32504,"length":278}},"UnicodeCharMap":{"32":3,"33":4,"34":5,"35":6,"36":7,"37":8,"38":9,"39":10,"40":11,"41":12,"42":13,"43":14,"44":15,"45":16,"46":17,"47":18,"48":19,"49":20,"50":21,"51":22,"52":23,"53":24,"54":25,"55":26,"56":27,"57":28,"58":29,"59":30,"60":31,"61":32,"62":33,"63":34,"64":35,"65":36,"66":37,"67":38,"68":39,"69":40,"70":41,"71":42,"72":43,"73":44,"74":45,"75":46,"76":47,"77":48,"78":49,"79":50,"80":51,"81":52,"82":53,"83":54,"84":55,"85":56,"86":57,"87":58,"88":59,"89":60,"90":61,"91":62,"93":63,"95":64,"96":65,"97":66,"98":67,"99":68,"100":69,"101":70,"102":71,"103":72,"104":73,"105":74,"106":75,"107":76,"108":77,"109":78,"110":79,"111":80,"112":81,"113":82,"114":83,"115":84,"116":85,"117":86,"118":87,"119":88,"120":89,"121":90,"122":91,"126":92,"160":93,"161":94,"162":95,"163":96,"169":97,"174":98,"176":99,"178":100,"179":101,"185":102,"188":103,"189":104,"190":105,"191":106,"8216":108,"8217":107,"8220":109,"8221":111,"8226":110,"8482":114},"Reserves":null,"Names":[],"Nodes":{"vi":{"type":"typal","node":"vi","usage":1,"weight":1},"ge":{"type":"typal","node":"ge","usage":1,"weight":1},"ty":{"type":"typal","node":"ty","usage":1,"weight":1},"er":{"type":"typal","node":"er","usage":1,"weight":1},"vin":{"type":"typal","node":"vin","usage":1,"weight":1},"age":{"type":"typal","node":"age","usage":1,"weight":1},"typ":{"type":"typal","node":"typ","usage":1,"weight":1},"ter":{"type":"typal","node":"ter","usage":1,"weight":1},"vint":{"type":"keys","node":"vint","usage":1,"weight":1},"tage":{"type":"keys","node":"tage","usage":1,"weight":1},"type":{"type":"keys","node":"type","usage":1,"weight":1},"iter":{"type":"keys","node":"iter","usage":1,"weight":1},"vinta":{"type":"keys","node":"vinta","usage":1,"weight":1},"ntage":{"type":"keys","node":"ntage","usage":1,"weight":1},"typew":{"type":"keys","node":"typew","usage":1,"weight":1},"riter":{"type":"keys","node":"riter","usage":1,"weight":1},"vintage":{"type":"fixes","node":"vintage","usage":1,"weight":1},"typewriter":{"type":"fixes","node":"typewriter","usage":1,"weight":1}},"Contributors":[],"FontIdentity":"54faae63b195575356844ae6084a02fc","Bytes":3675507,"Networking":[],"barcode":"q62oacoygosug","referee":"O2CAu"}