{"CSS":{"Copal Std Outline":"Copal+Std+Outline.css"},"FontType":"TrueType","FontCopyright":"Copyright 1994, 2001, 2002 Adobe Systems Incorporated. All rights reserved. Copal is either a registered trademark or a trademark of Adobe Systems Incorporated in the United States and\/or other countries.","FontName":"Copal Std","FontSubfamily":"Outline","FontSubfamilyID":"FontForge 2.0 : Copal Std Outline : 27-8-2016","FontFullName":"Copal Std Outline","FontVersion":"Version 002.000 ","FontWeight":null,"FontPostscriptName":"CopalStd-Outline","Files":{"\/fonts\/Unpacking\/9bd54330c047c7d20506b9e63b3b55200f7f7ac0\/LICENCE":"\/fonts\/Unpacking\/9bd54330c047c7d20506b9e63b3b55200f7f7ac0\/LICENCE","\/fonts\/Unpacking\/9bd54330c047c7d20506b9e63b3b55200f7f7ac0\/copalstd-outline.afm":"\/fonts\/Unpacking\/9bd54330c047c7d20506b9e63b3b55200f7f7ac0\/copalstd-outline.afm","\/fonts\/Unpacking\/9bd54330c047c7d20506b9e63b3b55200f7f7ac0\/copalstd-outline.bin":"\/fonts\/Unpacking\/9bd54330c047c7d20506b9e63b3b55200f7f7ac0\/copalstd-outline.bin","\/fonts\/Unpacking\/9bd54330c047c7d20506b9e63b3b55200f7f7ac0\/copalstd-outline.cef":"\/fonts\/Unpacking\/9bd54330c047c7d20506b9e63b3b55200f7f7ac0\/copalstd-outline.cef","\/fonts\/Unpacking\/9bd54330c047c7d20506b9e63b3b55200f7f7ac0\/copalstd-outline.cff":"\/fonts\/Unpacking\/9bd54330c047c7d20506b9e63b3b55200f7f7ac0\/copalstd-outline.cff","\/fonts\/Unpacking\/9bd54330c047c7d20506b9e63b3b55200f7f7ac0\/copalstd-outline.cid":"\/fonts\/Unpacking\/9bd54330c047c7d20506b9e63b3b55200f7f7ac0\/copalstd-outline.cid","\/fonts\/Unpacking\/9bd54330c047c7d20506b9e63b3b55200f7f7ac0\/copalstd-outline.dfont":"\/fonts\/Unpacking\/9bd54330c047c7d20506b9e63b3b55200f7f7ac0\/copalstd-outline.dfont","\/fonts\/Unpacking\/9bd54330c047c7d20506b9e63b3b55200f7f7ac0\/copalstd-outline.eot":"\/fonts\/Unpacking\/9bd54330c047c7d20506b9e63b3b55200f7f7ac0\/copalstd-outline.eot","\/fonts\/Unpacking\/9bd54330c047c7d20506b9e63b3b55200f7f7ac0\/copalstd-outline.fon":"\/fonts\/Unpacking\/9bd54330c047c7d20506b9e63b3b55200f7f7ac0\/copalstd-outline.fon","\/fonts\/Unpacking\/9bd54330c047c7d20506b9e63b3b55200f7f7ac0\/copalstd-outline.gai":"\/fonts\/Unpacking\/9bd54330c047c7d20506b9e63b3b55200f7f7ac0\/copalstd-outline.gai","\/fonts\/Unpacking\/9bd54330c047c7d20506b9e63b3b55200f7f7ac0\/copalstd-outline.gsf":"\/fonts\/Unpacking\/9bd54330c047c7d20506b9e63b3b55200f7f7ac0\/copalstd-outline.gsf","\/fonts\/Unpacking\/9bd54330c047c7d20506b9e63b3b55200f7f7ac0\/copalstd-outline.hqx":"\/fonts\/Unpacking\/9bd54330c047c7d20506b9e63b3b55200f7f7ac0\/copalstd-outline.hqx","\/fonts\/Unpacking\/9bd54330c047c7d20506b9e63b3b55200f7f7ac0\/copalstd-outline.ik":"\/fonts\/Unpacking\/9bd54330c047c7d20506b9e63b3b55200f7f7ac0\/copalstd-outline.ik","\/fonts\/Unpacking\/9bd54330c047c7d20506b9e63b3b55200f7f7ac0\/copalstd-outline.mf":"\/fonts\/Unpacking\/9bd54330c047c7d20506b9e63b3b55200f7f7ac0\/copalstd-outline.mf","\/fonts\/Unpacking\/9bd54330c047c7d20506b9e63b3b55200f7f7ac0\/copalstd-outline.otf":"\/fonts\/Unpacking\/9bd54330c047c7d20506b9e63b3b55200f7f7ac0\/copalstd-outline.otf","\/fonts\/Unpacking\/9bd54330c047c7d20506b9e63b3b55200f7f7ac0\/copalstd-outline.pcf":"\/fonts\/Unpacking\/9bd54330c047c7d20506b9e63b3b55200f7f7ac0\/copalstd-outline.pcf","\/fonts\/Unpacking\/9bd54330c047c7d20506b9e63b3b55200f7f7ac0\/copalstd-outline.pf3":"\/fonts\/Unpacking\/9bd54330c047c7d20506b9e63b3b55200f7f7ac0\/copalstd-outline.pf3","\/fonts\/Unpacking\/9bd54330c047c7d20506b9e63b3b55200f7f7ac0\/copalstd-outline.pfa":"\/fonts\/Unpacking\/9bd54330c047c7d20506b9e63b3b55200f7f7ac0\/copalstd-outline.pfa","\/fonts\/Unpacking\/9bd54330c047c7d20506b9e63b3b55200f7f7ac0\/copalstd-outline.pfb":"\/fonts\/Unpacking\/9bd54330c047c7d20506b9e63b3b55200f7f7ac0\/copalstd-outline.pfb","\/fonts\/Unpacking\/9bd54330c047c7d20506b9e63b3b55200f7f7ac0\/copalstd-outline.php":"\/fonts\/Unpacking\/9bd54330c047c7d20506b9e63b3b55200f7f7ac0\/copalstd-outline.php","\/fonts\/Unpacking\/9bd54330c047c7d20506b9e63b3b55200f7f7ac0\/copalstd-outline.pmf":"\/fonts\/Unpacking\/9bd54330c047c7d20506b9e63b3b55200f7f7ac0\/copalstd-outline.pmf","\/fonts\/Unpacking\/9bd54330c047c7d20506b9e63b3b55200f7f7ac0\/copalstd-outline.pt3":"\/fonts\/Unpacking\/9bd54330c047c7d20506b9e63b3b55200f7f7ac0\/copalstd-outline.pt3","\/fonts\/Unpacking\/9bd54330c047c7d20506b9e63b3b55200f7f7ac0\/copalstd-outline.sfd":"\/fonts\/Unpacking\/9bd54330c047c7d20506b9e63b3b55200f7f7ac0\/copalstd-outline.sfd","\/fonts\/Unpacking\/9bd54330c047c7d20506b9e63b3b55200f7f7ac0\/copalstd-outline.svg":"\/fonts\/Unpacking\/9bd54330c047c7d20506b9e63b3b55200f7f7ac0\/copalstd-outline.svg","\/fonts\/Unpacking\/9bd54330c047c7d20506b9e63b3b55200f7f7ac0\/copalstd-outline.t42":"\/fonts\/Unpacking\/9bd54330c047c7d20506b9e63b3b55200f7f7ac0\/copalstd-outline.t42","\/fonts\/Unpacking\/9bd54330c047c7d20506b9e63b3b55200f7f7ac0\/copalstd-outline.ttd":"\/fonts\/Unpacking\/9bd54330c047c7d20506b9e63b3b55200f7f7ac0\/copalstd-outline.ttd","\/fonts\/Unpacking\/9bd54330c047c7d20506b9e63b3b55200f7f7ac0\/copalstd-outline.ttf":"\/fonts\/Unpacking\/9bd54330c047c7d20506b9e63b3b55200f7f7ac0\/copalstd-outline.ttf","\/fonts\/Unpacking\/9bd54330c047c7d20506b9e63b3b55200f7f7ac0\/copalstd-outline.ttg":"\/fonts\/Unpacking\/9bd54330c047c7d20506b9e63b3b55200f7f7ac0\/copalstd-outline.ttg","\/fonts\/Unpacking\/9bd54330c047c7d20506b9e63b3b55200f7f7ac0\/copalstd-outline.ufm":"\/fonts\/Unpacking\/9bd54330c047c7d20506b9e63b3b55200f7f7ac0\/copalstd-outline.ufm","\/fonts\/Unpacking\/9bd54330c047c7d20506b9e63b3b55200f7f7ac0\/copalstd-outline.woff":"\/fonts\/Unpacking\/9bd54330c047c7d20506b9e63b3b55200f7f7ac0\/copalstd-outline.woff","\/fonts\/Unpacking\/9bd54330c047c7d20506b9e63b3b55200f7f7ac0\/copalstd-outline.z":"\/fonts\/Unpacking\/9bd54330c047c7d20506b9e63b3b55200f7f7ac0\/copalstd-outline.z","\/fonts\/Unpacking\/9bd54330c047c7d20506b9e63b3b55200f7f7ac0\/copalstd-outline.ufo\/feature.fea":"\/fonts\/Unpacking\/9bd54330c047c7d20506b9e63b3b55200f7f7ac0\/copalstd-outline.ufo\/feature.fea","\/fonts\/Unpacking\/9bd54330c047c7d20506b9e63b3b55200f7f7ac0\/copalstd-outline.ufo\/fontinfo.plist":"\/fonts\/Unpacking\/9bd54330c047c7d20506b9e63b3b55200f7f7ac0\/copalstd-outline.ufo\/fontinfo.plist","\/fonts\/Unpacking\/9bd54330c047c7d20506b9e63b3b55200f7f7ac0\/copalstd-outline.ufo\/groups.plist":"\/fonts\/Unpacking\/9bd54330c047c7d20506b9e63b3b55200f7f7ac0\/copalstd-outline.ufo\/groups.plist","\/fonts\/Unpacking\/9bd54330c047c7d20506b9e63b3b55200f7f7ac0\/copalstd-outline.ufo\/kerning.plist":"\/fonts\/Unpacking\/9bd54330c047c7d20506b9e63b3b55200f7f7ac0\/copalstd-outline.ufo\/kerning.plist","\/fonts\/Unpacking\/9bd54330c047c7d20506b9e63b3b55200f7f7ac0\/copalstd-outline.ufo\/metainfo.plist":"\/fonts\/Unpacking\/9bd54330c047c7d20506b9e63b3b55200f7f7ac0\/copalstd-outline.ufo\/metainfo.plist","\/fonts\/Unpacking\/9bd54330c047c7d20506b9e63b3b55200f7f7ac0\/copalstd-outline.ufo\/glyphs\/A_.glif":"\/fonts\/Unpacking\/9bd54330c047c7d20506b9e63b3b55200f7f7ac0\/copalstd-outline.ufo\/glyphs\/A_.glif","\/fonts\/Unpacking\/9bd54330c047c7d20506b9e63b3b55200f7f7ac0\/copalstd-outline.ufo\/glyphs\/A_E_.glif":"\/fonts\/Unpacking\/9bd54330c047c7d20506b9e63b3b55200f7f7ac0\/copalstd-outline.ufo\/glyphs\/A_E_.glif","\/fonts\/Unpacking\/9bd54330c047c7d20506b9e63b3b55200f7f7ac0\/copalstd-outline.ufo\/glyphs\/A_acute.glif":"\/fonts\/Unpacking\/9bd54330c047c7d20506b9e63b3b55200f7f7ac0\/copalstd-outline.ufo\/glyphs\/A_acute.glif","\/fonts\/Unpacking\/9bd54330c047c7d20506b9e63b3b55200f7f7ac0\/copalstd-outline.ufo\/glyphs\/A_circumflex.glif":"\/fonts\/Unpacking\/9bd54330c047c7d20506b9e63b3b55200f7f7ac0\/copalstd-outline.ufo\/glyphs\/A_circumflex.glif","\/fonts\/Unpacking\/9bd54330c047c7d20506b9e63b3b55200f7f7ac0\/copalstd-outline.ufo\/glyphs\/A_dieresis.glif":"\/fonts\/Unpacking\/9bd54330c047c7d20506b9e63b3b55200f7f7ac0\/copalstd-outline.ufo\/glyphs\/A_dieresis.glif","\/fonts\/Unpacking\/9bd54330c047c7d20506b9e63b3b55200f7f7ac0\/copalstd-outline.ufo\/glyphs\/A_grave.glif":"\/fonts\/Unpacking\/9bd54330c047c7d20506b9e63b3b55200f7f7ac0\/copalstd-outline.ufo\/glyphs\/A_grave.glif","\/fonts\/Unpacking\/9bd54330c047c7d20506b9e63b3b55200f7f7ac0\/copalstd-outline.ufo\/glyphs\/A_ring.glif":"\/fonts\/Unpacking\/9bd54330c047c7d20506b9e63b3b55200f7f7ac0\/copalstd-outline.ufo\/glyphs\/A_ring.glif","\/fonts\/Unpacking\/9bd54330c047c7d20506b9e63b3b55200f7f7ac0\/copalstd-outline.ufo\/glyphs\/A_tilde.glif":"\/fonts\/Unpacking\/9bd54330c047c7d20506b9e63b3b55200f7f7ac0\/copalstd-outline.ufo\/glyphs\/A_tilde.glif","\/fonts\/Unpacking\/9bd54330c047c7d20506b9e63b3b55200f7f7ac0\/copalstd-outline.ufo\/glyphs\/B_.glif":"\/fonts\/Unpacking\/9bd54330c047c7d20506b9e63b3b55200f7f7ac0\/copalstd-outline.ufo\/glyphs\/B_.glif","\/fonts\/Unpacking\/9bd54330c047c7d20506b9e63b3b55200f7f7ac0\/copalstd-outline.ufo\/glyphs\/C_.glif":"\/fonts\/Unpacking\/9bd54330c047c7d20506b9e63b3b55200f7f7ac0\/copalstd-outline.ufo\/glyphs\/C_.glif","\/fonts\/Unpacking\/9bd54330c047c7d20506b9e63b3b55200f7f7ac0\/copalstd-outline.ufo\/glyphs\/C_cedilla.glif":"\/fonts\/Unpacking\/9bd54330c047c7d20506b9e63b3b55200f7f7ac0\/copalstd-outline.ufo\/glyphs\/C_cedilla.glif","\/fonts\/Unpacking\/9bd54330c047c7d20506b9e63b3b55200f7f7ac0\/copalstd-outline.ufo\/glyphs\/D_.glif":"\/fonts\/Unpacking\/9bd54330c047c7d20506b9e63b3b55200f7f7ac0\/copalstd-outline.ufo\/glyphs\/D_.glif","\/fonts\/Unpacking\/9bd54330c047c7d20506b9e63b3b55200f7f7ac0\/copalstd-outline.ufo\/glyphs\/E_.glif":"\/fonts\/Unpacking\/9bd54330c047c7d20506b9e63b3b55200f7f7ac0\/copalstd-outline.ufo\/glyphs\/E_.glif","\/fonts\/Unpacking\/9bd54330c047c7d20506b9e63b3b55200f7f7ac0\/copalstd-outline.ufo\/glyphs\/E_acute.glif":"\/fonts\/Unpacking\/9bd54330c047c7d20506b9e63b3b55200f7f7ac0\/copalstd-outline.ufo\/glyphs\/E_acute.glif","\/fonts\/Unpacking\/9bd54330c047c7d20506b9e63b3b55200f7f7ac0\/copalstd-outline.ufo\/glyphs\/E_circumflex.glif":"\/fonts\/Unpacking\/9bd54330c047c7d20506b9e63b3b55200f7f7ac0\/copalstd-outline.ufo\/glyphs\/E_circumflex.glif","\/fonts\/Unpacking\/9bd54330c047c7d20506b9e63b3b55200f7f7ac0\/copalstd-outline.ufo\/glyphs\/E_dieresis.glif":"\/fonts\/Unpacking\/9bd54330c047c7d20506b9e63b3b55200f7f7ac0\/copalstd-outline.ufo\/glyphs\/E_dieresis.glif","\/fonts\/Unpacking\/9bd54330c047c7d20506b9e63b3b55200f7f7ac0\/copalstd-outline.ufo\/glyphs\/E_grave.glif":"\/fonts\/Unpacking\/9bd54330c047c7d20506b9e63b3b55200f7f7ac0\/copalstd-outline.ufo\/glyphs\/E_grave.glif","\/fonts\/Unpacking\/9bd54330c047c7d20506b9e63b3b55200f7f7ac0\/copalstd-outline.ufo\/glyphs\/E_th.glif":"\/fonts\/Unpacking\/9bd54330c047c7d20506b9e63b3b55200f7f7ac0\/copalstd-outline.ufo\/glyphs\/E_th.glif","\/fonts\/Unpacking\/9bd54330c047c7d20506b9e63b3b55200f7f7ac0\/copalstd-outline.ufo\/glyphs\/E_uro.glif":"\/fonts\/Unpacking\/9bd54330c047c7d20506b9e63b3b55200f7f7ac0\/copalstd-outline.ufo\/glyphs\/E_uro.glif","\/fonts\/Unpacking\/9bd54330c047c7d20506b9e63b3b55200f7f7ac0\/copalstd-outline.ufo\/glyphs\/F_.glif":"\/fonts\/Unpacking\/9bd54330c047c7d20506b9e63b3b55200f7f7ac0\/copalstd-outline.ufo\/glyphs\/F_.glif","\/fonts\/Unpacking\/9bd54330c047c7d20506b9e63b3b55200f7f7ac0\/copalstd-outline.ufo\/glyphs\/G_.glif":"\/fonts\/Unpacking\/9bd54330c047c7d20506b9e63b3b55200f7f7ac0\/copalstd-outline.ufo\/glyphs\/G_.glif","\/fonts\/Unpacking\/9bd54330c047c7d20506b9e63b3b55200f7f7ac0\/copalstd-outline.ufo\/glyphs\/H_.glif":"\/fonts\/Unpacking\/9bd54330c047c7d20506b9e63b3b55200f7f7ac0\/copalstd-outline.ufo\/glyphs\/H_.glif","\/fonts\/Unpacking\/9bd54330c047c7d20506b9e63b3b55200f7f7ac0\/copalstd-outline.ufo\/glyphs\/I_.glif":"\/fonts\/Unpacking\/9bd54330c047c7d20506b9e63b3b55200f7f7ac0\/copalstd-outline.ufo\/glyphs\/I_.glif","\/fonts\/Unpacking\/9bd54330c047c7d20506b9e63b3b55200f7f7ac0\/copalstd-outline.ufo\/glyphs\/I_acute.glif":"\/fonts\/Unpacking\/9bd54330c047c7d20506b9e63b3b55200f7f7ac0\/copalstd-outline.ufo\/glyphs\/I_acute.glif","\/fonts\/Unpacking\/9bd54330c047c7d20506b9e63b3b55200f7f7ac0\/copalstd-outline.ufo\/glyphs\/I_circumflex.glif":"\/fonts\/Unpacking\/9bd54330c047c7d20506b9e63b3b55200f7f7ac0\/copalstd-outline.ufo\/glyphs\/I_circumflex.glif","\/fonts\/Unpacking\/9bd54330c047c7d20506b9e63b3b55200f7f7ac0\/copalstd-outline.ufo\/glyphs\/I_dieresis.glif":"\/fonts\/Unpacking\/9bd54330c047c7d20506b9e63b3b55200f7f7ac0\/copalstd-outline.ufo\/glyphs\/I_dieresis.glif","\/fonts\/Unpacking\/9bd54330c047c7d20506b9e63b3b55200f7f7ac0\/copalstd-outline.ufo\/glyphs\/I_grave.glif":"\/fonts\/Unpacking\/9bd54330c047c7d20506b9e63b3b55200f7f7ac0\/copalstd-outline.ufo\/glyphs\/I_grave.glif","\/fonts\/Unpacking\/9bd54330c047c7d20506b9e63b3b55200f7f7ac0\/copalstd-outline.ufo\/glyphs\/J_.glif":"\/fonts\/Unpacking\/9bd54330c047c7d20506b9e63b3b55200f7f7ac0\/copalstd-outline.ufo\/glyphs\/J_.glif","\/fonts\/Unpacking\/9bd54330c047c7d20506b9e63b3b55200f7f7ac0\/copalstd-outline.ufo\/glyphs\/K_.glif":"\/fonts\/Unpacking\/9bd54330c047c7d20506b9e63b3b55200f7f7ac0\/copalstd-outline.ufo\/glyphs\/K_.glif","\/fonts\/Unpacking\/9bd54330c047c7d20506b9e63b3b55200f7f7ac0\/copalstd-outline.ufo\/glyphs\/L_.glif":"\/fonts\/Unpacking\/9bd54330c047c7d20506b9e63b3b55200f7f7ac0\/copalstd-outline.ufo\/glyphs\/L_.glif","\/fonts\/Unpacking\/9bd54330c047c7d20506b9e63b3b55200f7f7ac0\/copalstd-outline.ufo\/glyphs\/L_slash.glif":"\/fonts\/Unpacking\/9bd54330c047c7d20506b9e63b3b55200f7f7ac0\/copalstd-outline.ufo\/glyphs\/L_slash.glif","\/fonts\/Unpacking\/9bd54330c047c7d20506b9e63b3b55200f7f7ac0\/copalstd-outline.ufo\/glyphs\/M_.glif":"\/fonts\/Unpacking\/9bd54330c047c7d20506b9e63b3b55200f7f7ac0\/copalstd-outline.ufo\/glyphs\/M_.glif","\/fonts\/Unpacking\/9bd54330c047c7d20506b9e63b3b55200f7f7ac0\/copalstd-outline.ufo\/glyphs\/N_.glif":"\/fonts\/Unpacking\/9bd54330c047c7d20506b9e63b3b55200f7f7ac0\/copalstd-outline.ufo\/glyphs\/N_.glif","\/fonts\/Unpacking\/9bd54330c047c7d20506b9e63b3b55200f7f7ac0\/copalstd-outline.ufo\/glyphs\/N_tilde.glif":"\/fonts\/Unpacking\/9bd54330c047c7d20506b9e63b3b55200f7f7ac0\/copalstd-outline.ufo\/glyphs\/N_tilde.glif","\/fonts\/Unpacking\/9bd54330c047c7d20506b9e63b3b55200f7f7ac0\/copalstd-outline.ufo\/glyphs\/O_.glif":"\/fonts\/Unpacking\/9bd54330c047c7d20506b9e63b3b55200f7f7ac0\/copalstd-outline.ufo\/glyphs\/O_.glif","\/fonts\/Unpacking\/9bd54330c047c7d20506b9e63b3b55200f7f7ac0\/copalstd-outline.ufo\/glyphs\/O_E_.glif":"\/fonts\/Unpacking\/9bd54330c047c7d20506b9e63b3b55200f7f7ac0\/copalstd-outline.ufo\/glyphs\/O_E_.glif","\/fonts\/Unpacking\/9bd54330c047c7d20506b9e63b3b55200f7f7ac0\/copalstd-outline.ufo\/glyphs\/O_acute.glif":"\/fonts\/Unpacking\/9bd54330c047c7d20506b9e63b3b55200f7f7ac0\/copalstd-outline.ufo\/glyphs\/O_acute.glif","\/fonts\/Unpacking\/9bd54330c047c7d20506b9e63b3b55200f7f7ac0\/copalstd-outline.ufo\/glyphs\/O_circumflex.glif":"\/fonts\/Unpacking\/9bd54330c047c7d20506b9e63b3b55200f7f7ac0\/copalstd-outline.ufo\/glyphs\/O_circumflex.glif","\/fonts\/Unpacking\/9bd54330c047c7d20506b9e63b3b55200f7f7ac0\/copalstd-outline.ufo\/glyphs\/O_dieresis.glif":"\/fonts\/Unpacking\/9bd54330c047c7d20506b9e63b3b55200f7f7ac0\/copalstd-outline.ufo\/glyphs\/O_dieresis.glif","\/fonts\/Unpacking\/9bd54330c047c7d20506b9e63b3b55200f7f7ac0\/copalstd-outline.ufo\/glyphs\/O_grave.glif":"\/fonts\/Unpacking\/9bd54330c047c7d20506b9e63b3b55200f7f7ac0\/copalstd-outline.ufo\/glyphs\/O_grave.glif","\/fonts\/Unpacking\/9bd54330c047c7d20506b9e63b3b55200f7f7ac0\/copalstd-outline.ufo\/glyphs\/O_mega.glif":"\/fonts\/Unpacking\/9bd54330c047c7d20506b9e63b3b55200f7f7ac0\/copalstd-outline.ufo\/glyphs\/O_mega.glif","\/fonts\/Unpacking\/9bd54330c047c7d20506b9e63b3b55200f7f7ac0\/copalstd-outline.ufo\/glyphs\/O_slash.glif":"\/fonts\/Unpacking\/9bd54330c047c7d20506b9e63b3b55200f7f7ac0\/copalstd-outline.ufo\/glyphs\/O_slash.glif","\/fonts\/Unpacking\/9bd54330c047c7d20506b9e63b3b55200f7f7ac0\/copalstd-outline.ufo\/glyphs\/O_tilde.glif":"\/fonts\/Unpacking\/9bd54330c047c7d20506b9e63b3b55200f7f7ac0\/copalstd-outline.ufo\/glyphs\/O_tilde.glif","\/fonts\/Unpacking\/9bd54330c047c7d20506b9e63b3b55200f7f7ac0\/copalstd-outline.ufo\/glyphs\/P_.glif":"\/fonts\/Unpacking\/9bd54330c047c7d20506b9e63b3b55200f7f7ac0\/copalstd-outline.ufo\/glyphs\/P_.glif","\/fonts\/Unpacking\/9bd54330c047c7d20506b9e63b3b55200f7f7ac0\/copalstd-outline.ufo\/glyphs\/Q_.glif":"\/fonts\/Unpacking\/9bd54330c047c7d20506b9e63b3b55200f7f7ac0\/copalstd-outline.ufo\/glyphs\/Q_.glif","\/fonts\/Unpacking\/9bd54330c047c7d20506b9e63b3b55200f7f7ac0\/copalstd-outline.ufo\/glyphs\/R_.glif":"\/fonts\/Unpacking\/9bd54330c047c7d20506b9e63b3b55200f7f7ac0\/copalstd-outline.ufo\/glyphs\/R_.glif","\/fonts\/Unpacking\/9bd54330c047c7d20506b9e63b3b55200f7f7ac0\/copalstd-outline.ufo\/glyphs\/S_.glif":"\/fonts\/Unpacking\/9bd54330c047c7d20506b9e63b3b55200f7f7ac0\/copalstd-outline.ufo\/glyphs\/S_.glif","\/fonts\/Unpacking\/9bd54330c047c7d20506b9e63b3b55200f7f7ac0\/copalstd-outline.ufo\/glyphs\/S_caron.glif":"\/fonts\/Unpacking\/9bd54330c047c7d20506b9e63b3b55200f7f7ac0\/copalstd-outline.ufo\/glyphs\/S_caron.glif","\/fonts\/Unpacking\/9bd54330c047c7d20506b9e63b3b55200f7f7ac0\/copalstd-outline.ufo\/glyphs\/T_.glif":"\/fonts\/Unpacking\/9bd54330c047c7d20506b9e63b3b55200f7f7ac0\/copalstd-outline.ufo\/glyphs\/T_.glif","\/fonts\/Unpacking\/9bd54330c047c7d20506b9e63b3b55200f7f7ac0\/copalstd-outline.ufo\/glyphs\/T_horn.glif":"\/fonts\/Unpacking\/9bd54330c047c7d20506b9e63b3b55200f7f7ac0\/copalstd-outline.ufo\/glyphs\/T_horn.glif","\/fonts\/Unpacking\/9bd54330c047c7d20506b9e63b3b55200f7f7ac0\/copalstd-outline.ufo\/glyphs\/U_.glif":"\/fonts\/Unpacking\/9bd54330c047c7d20506b9e63b3b55200f7f7ac0\/copalstd-outline.ufo\/glyphs\/U_.glif","\/fonts\/Unpacking\/9bd54330c047c7d20506b9e63b3b55200f7f7ac0\/copalstd-outline.ufo\/glyphs\/U_acute.glif":"\/fonts\/Unpacking\/9bd54330c047c7d20506b9e63b3b55200f7f7ac0\/copalstd-outline.ufo\/glyphs\/U_acute.glif","\/fonts\/Unpacking\/9bd54330c047c7d20506b9e63b3b55200f7f7ac0\/copalstd-outline.ufo\/glyphs\/U_circumflex.glif":"\/fonts\/Unpacking\/9bd54330c047c7d20506b9e63b3b55200f7f7ac0\/copalstd-outline.ufo\/glyphs\/U_circumflex.glif","\/fonts\/Unpacking\/9bd54330c047c7d20506b9e63b3b55200f7f7ac0\/copalstd-outline.ufo\/glyphs\/U_dieresis.glif":"\/fonts\/Unpacking\/9bd54330c047c7d20506b9e63b3b55200f7f7ac0\/copalstd-outline.ufo\/glyphs\/U_dieresis.glif","\/fonts\/Unpacking\/9bd54330c047c7d20506b9e63b3b55200f7f7ac0\/copalstd-outline.ufo\/glyphs\/U_grave.glif":"\/fonts\/Unpacking\/9bd54330c047c7d20506b9e63b3b55200f7f7ac0\/copalstd-outline.ufo\/glyphs\/U_grave.glif","\/fonts\/Unpacking\/9bd54330c047c7d20506b9e63b3b55200f7f7ac0\/copalstd-outline.ufo\/glyphs\/V_.glif":"\/fonts\/Unpacking\/9bd54330c047c7d20506b9e63b3b55200f7f7ac0\/copalstd-outline.ufo\/glyphs\/V_.glif","\/fonts\/Unpacking\/9bd54330c047c7d20506b9e63b3b55200f7f7ac0\/copalstd-outline.ufo\/glyphs\/W_.glif":"\/fonts\/Unpacking\/9bd54330c047c7d20506b9e63b3b55200f7f7ac0\/copalstd-outline.ufo\/glyphs\/W_.glif","\/fonts\/Unpacking\/9bd54330c047c7d20506b9e63b3b55200f7f7ac0\/copalstd-outline.ufo\/glyphs\/X_.glif":"\/fonts\/Unpacking\/9bd54330c047c7d20506b9e63b3b55200f7f7ac0\/copalstd-outline.ufo\/glyphs\/X_.glif","\/fonts\/Unpacking\/9bd54330c047c7d20506b9e63b3b55200f7f7ac0\/copalstd-outline.ufo\/glyphs\/Y_.glif":"\/fonts\/Unpacking\/9bd54330c047c7d20506b9e63b3b55200f7f7ac0\/copalstd-outline.ufo\/glyphs\/Y_.glif","\/fonts\/Unpacking\/9bd54330c047c7d20506b9e63b3b55200f7f7ac0\/copalstd-outline.ufo\/glyphs\/Y_acute.glif":"\/fonts\/Unpacking\/9bd54330c047c7d20506b9e63b3b55200f7f7ac0\/copalstd-outline.ufo\/glyphs\/Y_acute.glif","\/fonts\/Unpacking\/9bd54330c047c7d20506b9e63b3b55200f7f7ac0\/copalstd-outline.ufo\/glyphs\/Y_dieresis.glif":"\/fonts\/Unpacking\/9bd54330c047c7d20506b9e63b3b55200f7f7ac0\/copalstd-outline.ufo\/glyphs\/Y_dieresis.glif","\/fonts\/Unpacking\/9bd54330c047c7d20506b9e63b3b55200f7f7ac0\/copalstd-outline.ufo\/glyphs\/Z_.glif":"\/fonts\/Unpacking\/9bd54330c047c7d20506b9e63b3b55200f7f7ac0\/copalstd-outline.ufo\/glyphs\/Z_.glif","\/fonts\/Unpacking\/9bd54330c047c7d20506b9e63b3b55200f7f7ac0\/copalstd-outline.ufo\/glyphs\/Z_caron.glif":"\/fonts\/Unpacking\/9bd54330c047c7d20506b9e63b3b55200f7f7ac0\/copalstd-outline.ufo\/glyphs\/Z_caron.glif","\/fonts\/Unpacking\/9bd54330c047c7d20506b9e63b3b55200f7f7ac0\/copalstd-outline.ufo\/glyphs\/_notdef.glif":"\/fonts\/Unpacking\/9bd54330c047c7d20506b9e63b3b55200f7f7ac0\/copalstd-outline.ufo\/glyphs\/_notdef.glif","\/fonts\/Unpacking\/9bd54330c047c7d20506b9e63b3b55200f7f7ac0\/copalstd-outline.ufo\/glyphs\/a.glif":"\/fonts\/Unpacking\/9bd54330c047c7d20506b9e63b3b55200f7f7ac0\/copalstd-outline.ufo\/glyphs\/a.glif","\/fonts\/Unpacking\/9bd54330c047c7d20506b9e63b3b55200f7f7ac0\/copalstd-outline.ufo\/glyphs\/a.superior.glif":"\/fonts\/Unpacking\/9bd54330c047c7d20506b9e63b3b55200f7f7ac0\/copalstd-outline.ufo\/glyphs\/a.superior.glif","\/fonts\/Unpacking\/9bd54330c047c7d20506b9e63b3b55200f7f7ac0\/copalstd-outline.ufo\/glyphs\/aacute.glif":"\/fonts\/Unpacking\/9bd54330c047c7d20506b9e63b3b55200f7f7ac0\/copalstd-outline.ufo\/glyphs\/aacute.glif","\/fonts\/Unpacking\/9bd54330c047c7d20506b9e63b3b55200f7f7ac0\/copalstd-outline.ufo\/glyphs\/acircumflex.glif":"\/fonts\/Unpacking\/9bd54330c047c7d20506b9e63b3b55200f7f7ac0\/copalstd-outline.ufo\/glyphs\/acircumflex.glif","\/fonts\/Unpacking\/9bd54330c047c7d20506b9e63b3b55200f7f7ac0\/copalstd-outline.ufo\/glyphs\/acute.glif":"\/fonts\/Unpacking\/9bd54330c047c7d20506b9e63b3b55200f7f7ac0\/copalstd-outline.ufo\/glyphs\/acute.glif","\/fonts\/Unpacking\/9bd54330c047c7d20506b9e63b3b55200f7f7ac0\/copalstd-outline.ufo\/glyphs\/adieresis.glif":"\/fonts\/Unpacking\/9bd54330c047c7d20506b9e63b3b55200f7f7ac0\/copalstd-outline.ufo\/glyphs\/adieresis.glif","\/fonts\/Unpacking\/9bd54330c047c7d20506b9e63b3b55200f7f7ac0\/copalstd-outline.ufo\/glyphs\/ae.glif":"\/fonts\/Unpacking\/9bd54330c047c7d20506b9e63b3b55200f7f7ac0\/copalstd-outline.ufo\/glyphs\/ae.glif","\/fonts\/Unpacking\/9bd54330c047c7d20506b9e63b3b55200f7f7ac0\/copalstd-outline.ufo\/glyphs\/afii61289.glif":"\/fonts\/Unpacking\/9bd54330c047c7d20506b9e63b3b55200f7f7ac0\/copalstd-outline.ufo\/glyphs\/afii61289.glif","\/fonts\/Unpacking\/9bd54330c047c7d20506b9e63b3b55200f7f7ac0\/copalstd-outline.ufo\/glyphs\/agrave.glif":"\/fonts\/Unpacking\/9bd54330c047c7d20506b9e63b3b55200f7f7ac0\/copalstd-outline.ufo\/glyphs\/agrave.glif","\/fonts\/Unpacking\/9bd54330c047c7d20506b9e63b3b55200f7f7ac0\/copalstd-outline.ufo\/glyphs\/ampersand.glif":"\/fonts\/Unpacking\/9bd54330c047c7d20506b9e63b3b55200f7f7ac0\/copalstd-outline.ufo\/glyphs\/ampersand.glif","\/fonts\/Unpacking\/9bd54330c047c7d20506b9e63b3b55200f7f7ac0\/copalstd-outline.ufo\/glyphs\/approxequal.glif":"\/fonts\/Unpacking\/9bd54330c047c7d20506b9e63b3b55200f7f7ac0\/copalstd-outline.ufo\/glyphs\/approxequal.glif","\/fonts\/Unpacking\/9bd54330c047c7d20506b9e63b3b55200f7f7ac0\/copalstd-outline.ufo\/glyphs\/aring.glif":"\/fonts\/Unpacking\/9bd54330c047c7d20506b9e63b3b55200f7f7ac0\/copalstd-outline.ufo\/glyphs\/aring.glif","\/fonts\/Unpacking\/9bd54330c047c7d20506b9e63b3b55200f7f7ac0\/copalstd-outline.ufo\/glyphs\/asciicircum.glif":"\/fonts\/Unpacking\/9bd54330c047c7d20506b9e63b3b55200f7f7ac0\/copalstd-outline.ufo\/glyphs\/asciicircum.glif","\/fonts\/Unpacking\/9bd54330c047c7d20506b9e63b3b55200f7f7ac0\/copalstd-outline.ufo\/glyphs\/asciitilde.glif":"\/fonts\/Unpacking\/9bd54330c047c7d20506b9e63b3b55200f7f7ac0\/copalstd-outline.ufo\/glyphs\/asciitilde.glif","\/fonts\/Unpacking\/9bd54330c047c7d20506b9e63b3b55200f7f7ac0\/copalstd-outline.ufo\/glyphs\/asterisk.glif":"\/fonts\/Unpacking\/9bd54330c047c7d20506b9e63b3b55200f7f7ac0\/copalstd-outline.ufo\/glyphs\/asterisk.glif","\/fonts\/Unpacking\/9bd54330c047c7d20506b9e63b3b55200f7f7ac0\/copalstd-outline.ufo\/glyphs\/at.glif":"\/fonts\/Unpacking\/9bd54330c047c7d20506b9e63b3b55200f7f7ac0\/copalstd-outline.ufo\/glyphs\/at.glif","\/fonts\/Unpacking\/9bd54330c047c7d20506b9e63b3b55200f7f7ac0\/copalstd-outline.ufo\/glyphs\/atilde.glif":"\/fonts\/Unpacking\/9bd54330c047c7d20506b9e63b3b55200f7f7ac0\/copalstd-outline.ufo\/glyphs\/atilde.glif","\/fonts\/Unpacking\/9bd54330c047c7d20506b9e63b3b55200f7f7ac0\/copalstd-outline.ufo\/glyphs\/b.glif":"\/fonts\/Unpacking\/9bd54330c047c7d20506b9e63b3b55200f7f7ac0\/copalstd-outline.ufo\/glyphs\/b.glif","\/fonts\/Unpacking\/9bd54330c047c7d20506b9e63b3b55200f7f7ac0\/copalstd-outline.ufo\/glyphs\/backslash.glif":"\/fonts\/Unpacking\/9bd54330c047c7d20506b9e63b3b55200f7f7ac0\/copalstd-outline.ufo\/glyphs\/backslash.glif","\/fonts\/Unpacking\/9bd54330c047c7d20506b9e63b3b55200f7f7ac0\/copalstd-outline.ufo\/glyphs\/bar.glif":"\/fonts\/Unpacking\/9bd54330c047c7d20506b9e63b3b55200f7f7ac0\/copalstd-outline.ufo\/glyphs\/bar.glif","\/fonts\/Unpacking\/9bd54330c047c7d20506b9e63b3b55200f7f7ac0\/copalstd-outline.ufo\/glyphs\/braceleft.glif":"\/fonts\/Unpacking\/9bd54330c047c7d20506b9e63b3b55200f7f7ac0\/copalstd-outline.ufo\/glyphs\/braceleft.glif","\/fonts\/Unpacking\/9bd54330c047c7d20506b9e63b3b55200f7f7ac0\/copalstd-outline.ufo\/glyphs\/braceright.glif":"\/fonts\/Unpacking\/9bd54330c047c7d20506b9e63b3b55200f7f7ac0\/copalstd-outline.ufo\/glyphs\/braceright.glif","\/fonts\/Unpacking\/9bd54330c047c7d20506b9e63b3b55200f7f7ac0\/copalstd-outline.ufo\/glyphs\/bracketleft.glif":"\/fonts\/Unpacking\/9bd54330c047c7d20506b9e63b3b55200f7f7ac0\/copalstd-outline.ufo\/glyphs\/bracketleft.glif","\/fonts\/Unpacking\/9bd54330c047c7d20506b9e63b3b55200f7f7ac0\/copalstd-outline.ufo\/glyphs\/bracketright.glif":"\/fonts\/Unpacking\/9bd54330c047c7d20506b9e63b3b55200f7f7ac0\/copalstd-outline.ufo\/glyphs\/bracketright.glif","\/fonts\/Unpacking\/9bd54330c047c7d20506b9e63b3b55200f7f7ac0\/copalstd-outline.ufo\/glyphs\/breve.glif":"\/fonts\/Unpacking\/9bd54330c047c7d20506b9e63b3b55200f7f7ac0\/copalstd-outline.ufo\/glyphs\/breve.glif","\/fonts\/Unpacking\/9bd54330c047c7d20506b9e63b3b55200f7f7ac0\/copalstd-outline.ufo\/glyphs\/brokenbar.glif":"\/fonts\/Unpacking\/9bd54330c047c7d20506b9e63b3b55200f7f7ac0\/copalstd-outline.ufo\/glyphs\/brokenbar.glif","\/fonts\/Unpacking\/9bd54330c047c7d20506b9e63b3b55200f7f7ac0\/copalstd-outline.ufo\/glyphs\/bullet.glif":"\/fonts\/Unpacking\/9bd54330c047c7d20506b9e63b3b55200f7f7ac0\/copalstd-outline.ufo\/glyphs\/bullet.glif","\/fonts\/Unpacking\/9bd54330c047c7d20506b9e63b3b55200f7f7ac0\/copalstd-outline.ufo\/glyphs\/c.glif":"\/fonts\/Unpacking\/9bd54330c047c7d20506b9e63b3b55200f7f7ac0\/copalstd-outline.ufo\/glyphs\/c.glif","\/fonts\/Unpacking\/9bd54330c047c7d20506b9e63b3b55200f7f7ac0\/copalstd-outline.ufo\/glyphs\/caron.glif":"\/fonts\/Unpacking\/9bd54330c047c7d20506b9e63b3b55200f7f7ac0\/copalstd-outline.ufo\/glyphs\/caron.glif","\/fonts\/Unpacking\/9bd54330c047c7d20506b9e63b3b55200f7f7ac0\/copalstd-outline.ufo\/glyphs\/ccedilla.glif":"\/fonts\/Unpacking\/9bd54330c047c7d20506b9e63b3b55200f7f7ac0\/copalstd-outline.ufo\/glyphs\/ccedilla.glif","\/fonts\/Unpacking\/9bd54330c047c7d20506b9e63b3b55200f7f7ac0\/copalstd-outline.ufo\/glyphs\/cedilla.glif":"\/fonts\/Unpacking\/9bd54330c047c7d20506b9e63b3b55200f7f7ac0\/copalstd-outline.ufo\/glyphs\/cedilla.glif","\/fonts\/Unpacking\/9bd54330c047c7d20506b9e63b3b55200f7f7ac0\/copalstd-outline.ufo\/glyphs\/cent.glif":"\/fonts\/Unpacking\/9bd54330c047c7d20506b9e63b3b55200f7f7ac0\/copalstd-outline.ufo\/glyphs\/cent.glif","\/fonts\/Unpacking\/9bd54330c047c7d20506b9e63b3b55200f7f7ac0\/copalstd-outline.ufo\/glyphs\/circumflex.glif":"\/fonts\/Unpacking\/9bd54330c047c7d20506b9e63b3b55200f7f7ac0\/copalstd-outline.ufo\/glyphs\/circumflex.glif","\/fonts\/Unpacking\/9bd54330c047c7d20506b9e63b3b55200f7f7ac0\/copalstd-outline.ufo\/glyphs\/colon.glif":"\/fonts\/Unpacking\/9bd54330c047c7d20506b9e63b3b55200f7f7ac0\/copalstd-outline.ufo\/glyphs\/colon.glif","\/fonts\/Unpacking\/9bd54330c047c7d20506b9e63b3b55200f7f7ac0\/copalstd-outline.ufo\/glyphs\/comma.glif":"\/fonts\/Unpacking\/9bd54330c047c7d20506b9e63b3b55200f7f7ac0\/copalstd-outline.ufo\/glyphs\/comma.glif","\/fonts\/Unpacking\/9bd54330c047c7d20506b9e63b3b55200f7f7ac0\/copalstd-outline.ufo\/glyphs\/contents.plist":"\/fonts\/Unpacking\/9bd54330c047c7d20506b9e63b3b55200f7f7ac0\/copalstd-outline.ufo\/glyphs\/contents.plist","\/fonts\/Unpacking\/9bd54330c047c7d20506b9e63b3b55200f7f7ac0\/copalstd-outline.ufo\/glyphs\/copyright.glif":"\/fonts\/Unpacking\/9bd54330c047c7d20506b9e63b3b55200f7f7ac0\/copalstd-outline.ufo\/glyphs\/copyright.glif","\/fonts\/Unpacking\/9bd54330c047c7d20506b9e63b3b55200f7f7ac0\/copalstd-outline.ufo\/glyphs\/currency.glif":"\/fonts\/Unpacking\/9bd54330c047c7d20506b9e63b3b55200f7f7ac0\/copalstd-outline.ufo\/glyphs\/currency.glif","\/fonts\/Unpacking\/9bd54330c047c7d20506b9e63b3b55200f7f7ac0\/copalstd-outline.ufo\/glyphs\/d.glif":"\/fonts\/Unpacking\/9bd54330c047c7d20506b9e63b3b55200f7f7ac0\/copalstd-outline.ufo\/glyphs\/d.glif","\/fonts\/Unpacking\/9bd54330c047c7d20506b9e63b3b55200f7f7ac0\/copalstd-outline.ufo\/glyphs\/dagger.glif":"\/fonts\/Unpacking\/9bd54330c047c7d20506b9e63b3b55200f7f7ac0\/copalstd-outline.ufo\/glyphs\/dagger.glif","\/fonts\/Unpacking\/9bd54330c047c7d20506b9e63b3b55200f7f7ac0\/copalstd-outline.ufo\/glyphs\/daggerdbl.glif":"\/fonts\/Unpacking\/9bd54330c047c7d20506b9e63b3b55200f7f7ac0\/copalstd-outline.ufo\/glyphs\/daggerdbl.glif","\/fonts\/Unpacking\/9bd54330c047c7d20506b9e63b3b55200f7f7ac0\/copalstd-outline.ufo\/glyphs\/degree.glif":"\/fonts\/Unpacking\/9bd54330c047c7d20506b9e63b3b55200f7f7ac0\/copalstd-outline.ufo\/glyphs\/degree.glif","\/fonts\/Unpacking\/9bd54330c047c7d20506b9e63b3b55200f7f7ac0\/copalstd-outline.ufo\/glyphs\/dieresis.glif":"\/fonts\/Unpacking\/9bd54330c047c7d20506b9e63b3b55200f7f7ac0\/copalstd-outline.ufo\/glyphs\/dieresis.glif","\/fonts\/Unpacking\/9bd54330c047c7d20506b9e63b3b55200f7f7ac0\/copalstd-outline.ufo\/glyphs\/divide.glif":"\/fonts\/Unpacking\/9bd54330c047c7d20506b9e63b3b55200f7f7ac0\/copalstd-outline.ufo\/glyphs\/divide.glif","\/fonts\/Unpacking\/9bd54330c047c7d20506b9e63b3b55200f7f7ac0\/copalstd-outline.ufo\/glyphs\/dollar.glif":"\/fonts\/Unpacking\/9bd54330c047c7d20506b9e63b3b55200f7f7ac0\/copalstd-outline.ufo\/glyphs\/dollar.glif","\/fonts\/Unpacking\/9bd54330c047c7d20506b9e63b3b55200f7f7ac0\/copalstd-outline.ufo\/glyphs\/dotaccent.glif":"\/fonts\/Unpacking\/9bd54330c047c7d20506b9e63b3b55200f7f7ac0\/copalstd-outline.ufo\/glyphs\/dotaccent.glif","\/fonts\/Unpacking\/9bd54330c047c7d20506b9e63b3b55200f7f7ac0\/copalstd-outline.ufo\/glyphs\/dotlessi.glif":"\/fonts\/Unpacking\/9bd54330c047c7d20506b9e63b3b55200f7f7ac0\/copalstd-outline.ufo\/glyphs\/dotlessi.glif","\/fonts\/Unpacking\/9bd54330c047c7d20506b9e63b3b55200f7f7ac0\/copalstd-outline.ufo\/glyphs\/e.glif":"\/fonts\/Unpacking\/9bd54330c047c7d20506b9e63b3b55200f7f7ac0\/copalstd-outline.ufo\/glyphs\/e.glif","\/fonts\/Unpacking\/9bd54330c047c7d20506b9e63b3b55200f7f7ac0\/copalstd-outline.ufo\/glyphs\/eacute.glif":"\/fonts\/Unpacking\/9bd54330c047c7d20506b9e63b3b55200f7f7ac0\/copalstd-outline.ufo\/glyphs\/eacute.glif","\/fonts\/Unpacking\/9bd54330c047c7d20506b9e63b3b55200f7f7ac0\/copalstd-outline.ufo\/glyphs\/ecircumflex.glif":"\/fonts\/Unpacking\/9bd54330c047c7d20506b9e63b3b55200f7f7ac0\/copalstd-outline.ufo\/glyphs\/ecircumflex.glif","\/fonts\/Unpacking\/9bd54330c047c7d20506b9e63b3b55200f7f7ac0\/copalstd-outline.ufo\/glyphs\/edieresis.glif":"\/fonts\/Unpacking\/9bd54330c047c7d20506b9e63b3b55200f7f7ac0\/copalstd-outline.ufo\/glyphs\/edieresis.glif","\/fonts\/Unpacking\/9bd54330c047c7d20506b9e63b3b55200f7f7ac0\/copalstd-outline.ufo\/glyphs\/egrave.glif":"\/fonts\/Unpacking\/9bd54330c047c7d20506b9e63b3b55200f7f7ac0\/copalstd-outline.ufo\/glyphs\/egrave.glif","\/fonts\/Unpacking\/9bd54330c047c7d20506b9e63b3b55200f7f7ac0\/copalstd-outline.ufo\/glyphs\/eight.glif":"\/fonts\/Unpacking\/9bd54330c047c7d20506b9e63b3b55200f7f7ac0\/copalstd-outline.ufo\/glyphs\/eight.glif","\/fonts\/Unpacking\/9bd54330c047c7d20506b9e63b3b55200f7f7ac0\/copalstd-outline.ufo\/glyphs\/ellipsis.glif":"\/fonts\/Unpacking\/9bd54330c047c7d20506b9e63b3b55200f7f7ac0\/copalstd-outline.ufo\/glyphs\/ellipsis.glif","\/fonts\/Unpacking\/9bd54330c047c7d20506b9e63b3b55200f7f7ac0\/copalstd-outline.ufo\/glyphs\/emdash.glif":"\/fonts\/Unpacking\/9bd54330c047c7d20506b9e63b3b55200f7f7ac0\/copalstd-outline.ufo\/glyphs\/emdash.glif","\/fonts\/Unpacking\/9bd54330c047c7d20506b9e63b3b55200f7f7ac0\/copalstd-outline.ufo\/glyphs\/endash.glif":"\/fonts\/Unpacking\/9bd54330c047c7d20506b9e63b3b55200f7f7ac0\/copalstd-outline.ufo\/glyphs\/endash.glif","\/fonts\/Unpacking\/9bd54330c047c7d20506b9e63b3b55200f7f7ac0\/copalstd-outline.ufo\/glyphs\/equal.glif":"\/fonts\/Unpacking\/9bd54330c047c7d20506b9e63b3b55200f7f7ac0\/copalstd-outline.ufo\/glyphs\/equal.glif","\/fonts\/Unpacking\/9bd54330c047c7d20506b9e63b3b55200f7f7ac0\/copalstd-outline.ufo\/glyphs\/estimated.glif":"\/fonts\/Unpacking\/9bd54330c047c7d20506b9e63b3b55200f7f7ac0\/copalstd-outline.ufo\/glyphs\/estimated.glif","\/fonts\/Unpacking\/9bd54330c047c7d20506b9e63b3b55200f7f7ac0\/copalstd-outline.ufo\/glyphs\/eth.glif":"\/fonts\/Unpacking\/9bd54330c047c7d20506b9e63b3b55200f7f7ac0\/copalstd-outline.ufo\/glyphs\/eth.glif","\/fonts\/Unpacking\/9bd54330c047c7d20506b9e63b3b55200f7f7ac0\/copalstd-outline.ufo\/glyphs\/exclam.glif":"\/fonts\/Unpacking\/9bd54330c047c7d20506b9e63b3b55200f7f7ac0\/copalstd-outline.ufo\/glyphs\/exclam.glif","\/fonts\/Unpacking\/9bd54330c047c7d20506b9e63b3b55200f7f7ac0\/copalstd-outline.ufo\/glyphs\/exclamdown.glif":"\/fonts\/Unpacking\/9bd54330c047c7d20506b9e63b3b55200f7f7ac0\/copalstd-outline.ufo\/glyphs\/exclamdown.glif","\/fonts\/Unpacking\/9bd54330c047c7d20506b9e63b3b55200f7f7ac0\/copalstd-outline.ufo\/glyphs\/f.glif":"\/fonts\/Unpacking\/9bd54330c047c7d20506b9e63b3b55200f7f7ac0\/copalstd-outline.ufo\/glyphs\/f.glif","\/fonts\/Unpacking\/9bd54330c047c7d20506b9e63b3b55200f7f7ac0\/copalstd-outline.ufo\/glyphs\/f_i.glif":"\/fonts\/Unpacking\/9bd54330c047c7d20506b9e63b3b55200f7f7ac0\/copalstd-outline.ufo\/glyphs\/f_i.glif","\/fonts\/Unpacking\/9bd54330c047c7d20506b9e63b3b55200f7f7ac0\/copalstd-outline.ufo\/glyphs\/f_l.glif":"\/fonts\/Unpacking\/9bd54330c047c7d20506b9e63b3b55200f7f7ac0\/copalstd-outline.ufo\/glyphs\/f_l.glif","\/fonts\/Unpacking\/9bd54330c047c7d20506b9e63b3b55200f7f7ac0\/copalstd-outline.ufo\/glyphs\/fi.glif":"\/fonts\/Unpacking\/9bd54330c047c7d20506b9e63b3b55200f7f7ac0\/copalstd-outline.ufo\/glyphs\/fi.glif","\/fonts\/Unpacking\/9bd54330c047c7d20506b9e63b3b55200f7f7ac0\/copalstd-outline.ufo\/glyphs\/five.glif":"\/fonts\/Unpacking\/9bd54330c047c7d20506b9e63b3b55200f7f7ac0\/copalstd-outline.ufo\/glyphs\/five.glif","\/fonts\/Unpacking\/9bd54330c047c7d20506b9e63b3b55200f7f7ac0\/copalstd-outline.ufo\/glyphs\/fl.glif":"\/fonts\/Unpacking\/9bd54330c047c7d20506b9e63b3b55200f7f7ac0\/copalstd-outline.ufo\/glyphs\/fl.glif","\/fonts\/Unpacking\/9bd54330c047c7d20506b9e63b3b55200f7f7ac0\/copalstd-outline.ufo\/glyphs\/florin.glif":"\/fonts\/Unpacking\/9bd54330c047c7d20506b9e63b3b55200f7f7ac0\/copalstd-outline.ufo\/glyphs\/florin.glif","\/fonts\/Unpacking\/9bd54330c047c7d20506b9e63b3b55200f7f7ac0\/copalstd-outline.ufo\/glyphs\/four.glif":"\/fonts\/Unpacking\/9bd54330c047c7d20506b9e63b3b55200f7f7ac0\/copalstd-outline.ufo\/glyphs\/four.glif","\/fonts\/Unpacking\/9bd54330c047c7d20506b9e63b3b55200f7f7ac0\/copalstd-outline.ufo\/glyphs\/fraction.glif":"\/fonts\/Unpacking\/9bd54330c047c7d20506b9e63b3b55200f7f7ac0\/copalstd-outline.ufo\/glyphs\/fraction.glif","\/fonts\/Unpacking\/9bd54330c047c7d20506b9e63b3b55200f7f7ac0\/copalstd-outline.ufo\/glyphs\/g.glif":"\/fonts\/Unpacking\/9bd54330c047c7d20506b9e63b3b55200f7f7ac0\/copalstd-outline.ufo\/glyphs\/g.glif","\/fonts\/Unpacking\/9bd54330c047c7d20506b9e63b3b55200f7f7ac0\/copalstd-outline.ufo\/glyphs\/germandbls.glif":"\/fonts\/Unpacking\/9bd54330c047c7d20506b9e63b3b55200f7f7ac0\/copalstd-outline.ufo\/glyphs\/germandbls.glif","\/fonts\/Unpacking\/9bd54330c047c7d20506b9e63b3b55200f7f7ac0\/copalstd-outline.ufo\/glyphs\/grave.glif":"\/fonts\/Unpacking\/9bd54330c047c7d20506b9e63b3b55200f7f7ac0\/copalstd-outline.ufo\/glyphs\/grave.glif","\/fonts\/Unpacking\/9bd54330c047c7d20506b9e63b3b55200f7f7ac0\/copalstd-outline.ufo\/glyphs\/greater.glif":"\/fonts\/Unpacking\/9bd54330c047c7d20506b9e63b3b55200f7f7ac0\/copalstd-outline.ufo\/glyphs\/greater.glif","\/fonts\/Unpacking\/9bd54330c047c7d20506b9e63b3b55200f7f7ac0\/copalstd-outline.ufo\/glyphs\/greaterequal.glif":"\/fonts\/Unpacking\/9bd54330c047c7d20506b9e63b3b55200f7f7ac0\/copalstd-outline.ufo\/glyphs\/greaterequal.glif","\/fonts\/Unpacking\/9bd54330c047c7d20506b9e63b3b55200f7f7ac0\/copalstd-outline.ufo\/glyphs\/guillemotleft.glif":"\/fonts\/Unpacking\/9bd54330c047c7d20506b9e63b3b55200f7f7ac0\/copalstd-outline.ufo\/glyphs\/guillemotleft.glif","\/fonts\/Unpacking\/9bd54330c047c7d20506b9e63b3b55200f7f7ac0\/copalstd-outline.ufo\/glyphs\/guillemotright.glif":"\/fonts\/Unpacking\/9bd54330c047c7d20506b9e63b3b55200f7f7ac0\/copalstd-outline.ufo\/glyphs\/guillemotright.glif","\/fonts\/Unpacking\/9bd54330c047c7d20506b9e63b3b55200f7f7ac0\/copalstd-outline.ufo\/glyphs\/guilsinglleft.glif":"\/fonts\/Unpacking\/9bd54330c047c7d20506b9e63b3b55200f7f7ac0\/copalstd-outline.ufo\/glyphs\/guilsinglleft.glif","\/fonts\/Unpacking\/9bd54330c047c7d20506b9e63b3b55200f7f7ac0\/copalstd-outline.ufo\/glyphs\/guilsinglright.glif":"\/fonts\/Unpacking\/9bd54330c047c7d20506b9e63b3b55200f7f7ac0\/copalstd-outline.ufo\/glyphs\/guilsinglright.glif","\/fonts\/Unpacking\/9bd54330c047c7d20506b9e63b3b55200f7f7ac0\/copalstd-outline.ufo\/glyphs\/h.glif":"\/fonts\/Unpacking\/9bd54330c047c7d20506b9e63b3b55200f7f7ac0\/copalstd-outline.ufo\/glyphs\/h.glif","\/fonts\/Unpacking\/9bd54330c047c7d20506b9e63b3b55200f7f7ac0\/copalstd-outline.ufo\/glyphs\/hungarumlaut.glif":"\/fonts\/Unpacking\/9bd54330c047c7d20506b9e63b3b55200f7f7ac0\/copalstd-outline.ufo\/glyphs\/hungarumlaut.glif","\/fonts\/Unpacking\/9bd54330c047c7d20506b9e63b3b55200f7f7ac0\/copalstd-outline.ufo\/glyphs\/hyphen.glif":"\/fonts\/Unpacking\/9bd54330c047c7d20506b9e63b3b55200f7f7ac0\/copalstd-outline.ufo\/glyphs\/hyphen.glif","\/fonts\/Unpacking\/9bd54330c047c7d20506b9e63b3b55200f7f7ac0\/copalstd-outline.ufo\/glyphs\/i.glif":"\/fonts\/Unpacking\/9bd54330c047c7d20506b9e63b3b55200f7f7ac0\/copalstd-outline.ufo\/glyphs\/i.glif","\/fonts\/Unpacking\/9bd54330c047c7d20506b9e63b3b55200f7f7ac0\/copalstd-outline.ufo\/glyphs\/iacute.glif":"\/fonts\/Unpacking\/9bd54330c047c7d20506b9e63b3b55200f7f7ac0\/copalstd-outline.ufo\/glyphs\/iacute.glif","\/fonts\/Unpacking\/9bd54330c047c7d20506b9e63b3b55200f7f7ac0\/copalstd-outline.ufo\/glyphs\/icircumflex.glif":"\/fonts\/Unpacking\/9bd54330c047c7d20506b9e63b3b55200f7f7ac0\/copalstd-outline.ufo\/glyphs\/icircumflex.glif","\/fonts\/Unpacking\/9bd54330c047c7d20506b9e63b3b55200f7f7ac0\/copalstd-outline.ufo\/glyphs\/idieresis.glif":"\/fonts\/Unpacking\/9bd54330c047c7d20506b9e63b3b55200f7f7ac0\/copalstd-outline.ufo\/glyphs\/idieresis.glif","\/fonts\/Unpacking\/9bd54330c047c7d20506b9e63b3b55200f7f7ac0\/copalstd-outline.ufo\/glyphs\/igrave.glif":"\/fonts\/Unpacking\/9bd54330c047c7d20506b9e63b3b55200f7f7ac0\/copalstd-outline.ufo\/glyphs\/igrave.glif","\/fonts\/Unpacking\/9bd54330c047c7d20506b9e63b3b55200f7f7ac0\/copalstd-outline.ufo\/glyphs\/infinity.glif":"\/fonts\/Unpacking\/9bd54330c047c7d20506b9e63b3b55200f7f7ac0\/copalstd-outline.ufo\/glyphs\/infinity.glif","\/fonts\/Unpacking\/9bd54330c047c7d20506b9e63b3b55200f7f7ac0\/copalstd-outline.ufo\/glyphs\/integral.glif":"\/fonts\/Unpacking\/9bd54330c047c7d20506b9e63b3b55200f7f7ac0\/copalstd-outline.ufo\/glyphs\/integral.glif","\/fonts\/Unpacking\/9bd54330c047c7d20506b9e63b3b55200f7f7ac0\/copalstd-outline.ufo\/glyphs\/j.glif":"\/fonts\/Unpacking\/9bd54330c047c7d20506b9e63b3b55200f7f7ac0\/copalstd-outline.ufo\/glyphs\/j.glif","\/fonts\/Unpacking\/9bd54330c047c7d20506b9e63b3b55200f7f7ac0\/copalstd-outline.ufo\/glyphs\/k.glif":"\/fonts\/Unpacking\/9bd54330c047c7d20506b9e63b3b55200f7f7ac0\/copalstd-outline.ufo\/glyphs\/k.glif","\/fonts\/Unpacking\/9bd54330c047c7d20506b9e63b3b55200f7f7ac0\/copalstd-outline.ufo\/glyphs\/l.glif":"\/fonts\/Unpacking\/9bd54330c047c7d20506b9e63b3b55200f7f7ac0\/copalstd-outline.ufo\/glyphs\/l.glif","\/fonts\/Unpacking\/9bd54330c047c7d20506b9e63b3b55200f7f7ac0\/copalstd-outline.ufo\/glyphs\/less.glif":"\/fonts\/Unpacking\/9bd54330c047c7d20506b9e63b3b55200f7f7ac0\/copalstd-outline.ufo\/glyphs\/less.glif","\/fonts\/Unpacking\/9bd54330c047c7d20506b9e63b3b55200f7f7ac0\/copalstd-outline.ufo\/glyphs\/lessequal.glif":"\/fonts\/Unpacking\/9bd54330c047c7d20506b9e63b3b55200f7f7ac0\/copalstd-outline.ufo\/glyphs\/lessequal.glif","\/fonts\/Unpacking\/9bd54330c047c7d20506b9e63b3b55200f7f7ac0\/copalstd-outline.ufo\/glyphs\/logicalnot.glif":"\/fonts\/Unpacking\/9bd54330c047c7d20506b9e63b3b55200f7f7ac0\/copalstd-outline.ufo\/glyphs\/logicalnot.glif","\/fonts\/Unpacking\/9bd54330c047c7d20506b9e63b3b55200f7f7ac0\/copalstd-outline.ufo\/glyphs\/lozenge.glif":"\/fonts\/Unpacking\/9bd54330c047c7d20506b9e63b3b55200f7f7ac0\/copalstd-outline.ufo\/glyphs\/lozenge.glif","\/fonts\/Unpacking\/9bd54330c047c7d20506b9e63b3b55200f7f7ac0\/copalstd-outline.ufo\/glyphs\/lslash.glif":"\/fonts\/Unpacking\/9bd54330c047c7d20506b9e63b3b55200f7f7ac0\/copalstd-outline.ufo\/glyphs\/lslash.glif","\/fonts\/Unpacking\/9bd54330c047c7d20506b9e63b3b55200f7f7ac0\/copalstd-outline.ufo\/glyphs\/m.glif":"\/fonts\/Unpacking\/9bd54330c047c7d20506b9e63b3b55200f7f7ac0\/copalstd-outline.ufo\/glyphs\/m.glif","\/fonts\/Unpacking\/9bd54330c047c7d20506b9e63b3b55200f7f7ac0\/copalstd-outline.ufo\/glyphs\/macron.glif":"\/fonts\/Unpacking\/9bd54330c047c7d20506b9e63b3b55200f7f7ac0\/copalstd-outline.ufo\/glyphs\/macron.glif","\/fonts\/Unpacking\/9bd54330c047c7d20506b9e63b3b55200f7f7ac0\/copalstd-outline.ufo\/glyphs\/minus.glif":"\/fonts\/Unpacking\/9bd54330c047c7d20506b9e63b3b55200f7f7ac0\/copalstd-outline.ufo\/glyphs\/minus.glif","\/fonts\/Unpacking\/9bd54330c047c7d20506b9e63b3b55200f7f7ac0\/copalstd-outline.ufo\/glyphs\/mu.glif":"\/fonts\/Unpacking\/9bd54330c047c7d20506b9e63b3b55200f7f7ac0\/copalstd-outline.ufo\/glyphs\/mu.glif","\/fonts\/Unpacking\/9bd54330c047c7d20506b9e63b3b55200f7f7ac0\/copalstd-outline.ufo\/glyphs\/multiply.glif":"\/fonts\/Unpacking\/9bd54330c047c7d20506b9e63b3b55200f7f7ac0\/copalstd-outline.ufo\/glyphs\/multiply.glif","\/fonts\/Unpacking\/9bd54330c047c7d20506b9e63b3b55200f7f7ac0\/copalstd-outline.ufo\/glyphs\/n.glif":"\/fonts\/Unpacking\/9bd54330c047c7d20506b9e63b3b55200f7f7ac0\/copalstd-outline.ufo\/glyphs\/n.glif","\/fonts\/Unpacking\/9bd54330c047c7d20506b9e63b3b55200f7f7ac0\/copalstd-outline.ufo\/glyphs\/nine.glif":"\/fonts\/Unpacking\/9bd54330c047c7d20506b9e63b3b55200f7f7ac0\/copalstd-outline.ufo\/glyphs\/nine.glif","\/fonts\/Unpacking\/9bd54330c047c7d20506b9e63b3b55200f7f7ac0\/copalstd-outline.ufo\/glyphs\/notequal.glif":"\/fonts\/Unpacking\/9bd54330c047c7d20506b9e63b3b55200f7f7ac0\/copalstd-outline.ufo\/glyphs\/notequal.glif","\/fonts\/Unpacking\/9bd54330c047c7d20506b9e63b3b55200f7f7ac0\/copalstd-outline.ufo\/glyphs\/ntilde.glif":"\/fonts\/Unpacking\/9bd54330c047c7d20506b9e63b3b55200f7f7ac0\/copalstd-outline.ufo\/glyphs\/ntilde.glif","\/fonts\/Unpacking\/9bd54330c047c7d20506b9e63b3b55200f7f7ac0\/copalstd-outline.ufo\/glyphs\/numbersign.glif":"\/fonts\/Unpacking\/9bd54330c047c7d20506b9e63b3b55200f7f7ac0\/copalstd-outline.ufo\/glyphs\/numbersign.glif","\/fonts\/Unpacking\/9bd54330c047c7d20506b9e63b3b55200f7f7ac0\/copalstd-outline.ufo\/glyphs\/o.glif":"\/fonts\/Unpacking\/9bd54330c047c7d20506b9e63b3b55200f7f7ac0\/copalstd-outline.ufo\/glyphs\/o.glif","\/fonts\/Unpacking\/9bd54330c047c7d20506b9e63b3b55200f7f7ac0\/copalstd-outline.ufo\/glyphs\/o.superior.glif":"\/fonts\/Unpacking\/9bd54330c047c7d20506b9e63b3b55200f7f7ac0\/copalstd-outline.ufo\/glyphs\/o.superior.glif","\/fonts\/Unpacking\/9bd54330c047c7d20506b9e63b3b55200f7f7ac0\/copalstd-outline.ufo\/glyphs\/oacute.glif":"\/fonts\/Unpacking\/9bd54330c047c7d20506b9e63b3b55200f7f7ac0\/copalstd-outline.ufo\/glyphs\/oacute.glif","\/fonts\/Unpacking\/9bd54330c047c7d20506b9e63b3b55200f7f7ac0\/copalstd-outline.ufo\/glyphs\/ocircumflex.glif":"\/fonts\/Unpacking\/9bd54330c047c7d20506b9e63b3b55200f7f7ac0\/copalstd-outline.ufo\/glyphs\/ocircumflex.glif","\/fonts\/Unpacking\/9bd54330c047c7d20506b9e63b3b55200f7f7ac0\/copalstd-outline.ufo\/glyphs\/odieresis.glif":"\/fonts\/Unpacking\/9bd54330c047c7d20506b9e63b3b55200f7f7ac0\/copalstd-outline.ufo\/glyphs\/odieresis.glif","\/fonts\/Unpacking\/9bd54330c047c7d20506b9e63b3b55200f7f7ac0\/copalstd-outline.ufo\/glyphs\/oe.glif":"\/fonts\/Unpacking\/9bd54330c047c7d20506b9e63b3b55200f7f7ac0\/copalstd-outline.ufo\/glyphs\/oe.glif","\/fonts\/Unpacking\/9bd54330c047c7d20506b9e63b3b55200f7f7ac0\/copalstd-outline.ufo\/glyphs\/ogonek.glif":"\/fonts\/Unpacking\/9bd54330c047c7d20506b9e63b3b55200f7f7ac0\/copalstd-outline.ufo\/glyphs\/ogonek.glif","\/fonts\/Unpacking\/9bd54330c047c7d20506b9e63b3b55200f7f7ac0\/copalstd-outline.ufo\/glyphs\/ograve.glif":"\/fonts\/Unpacking\/9bd54330c047c7d20506b9e63b3b55200f7f7ac0\/copalstd-outline.ufo\/glyphs\/ograve.glif","\/fonts\/Unpacking\/9bd54330c047c7d20506b9e63b3b55200f7f7ac0\/copalstd-outline.ufo\/glyphs\/one.glif":"\/fonts\/Unpacking\/9bd54330c047c7d20506b9e63b3b55200f7f7ac0\/copalstd-outline.ufo\/glyphs\/one.glif","\/fonts\/Unpacking\/9bd54330c047c7d20506b9e63b3b55200f7f7ac0\/copalstd-outline.ufo\/glyphs\/one.superior.glif":"\/fonts\/Unpacking\/9bd54330c047c7d20506b9e63b3b55200f7f7ac0\/copalstd-outline.ufo\/glyphs\/one.superior.glif","\/fonts\/Unpacking\/9bd54330c047c7d20506b9e63b3b55200f7f7ac0\/copalstd-outline.ufo\/glyphs\/onehalf.glif":"\/fonts\/Unpacking\/9bd54330c047c7d20506b9e63b3b55200f7f7ac0\/copalstd-outline.ufo\/glyphs\/onehalf.glif","\/fonts\/Unpacking\/9bd54330c047c7d20506b9e63b3b55200f7f7ac0\/copalstd-outline.ufo\/glyphs\/onequarter.glif":"\/fonts\/Unpacking\/9bd54330c047c7d20506b9e63b3b55200f7f7ac0\/copalstd-outline.ufo\/glyphs\/onequarter.glif","\/fonts\/Unpacking\/9bd54330c047c7d20506b9e63b3b55200f7f7ac0\/copalstd-outline.ufo\/glyphs\/onesuperior.glif":"\/fonts\/Unpacking\/9bd54330c047c7d20506b9e63b3b55200f7f7ac0\/copalstd-outline.ufo\/glyphs\/onesuperior.glif","\/fonts\/Unpacking\/9bd54330c047c7d20506b9e63b3b55200f7f7ac0\/copalstd-outline.ufo\/glyphs\/ordfeminine.glif":"\/fonts\/Unpacking\/9bd54330c047c7d20506b9e63b3b55200f7f7ac0\/copalstd-outline.ufo\/glyphs\/ordfeminine.glif","\/fonts\/Unpacking\/9bd54330c047c7d20506b9e63b3b55200f7f7ac0\/copalstd-outline.ufo\/glyphs\/ordmasculine.glif":"\/fonts\/Unpacking\/9bd54330c047c7d20506b9e63b3b55200f7f7ac0\/copalstd-outline.ufo\/glyphs\/ordmasculine.glif","\/fonts\/Unpacking\/9bd54330c047c7d20506b9e63b3b55200f7f7ac0\/copalstd-outline.ufo\/glyphs\/oslash.glif":"\/fonts\/Unpacking\/9bd54330c047c7d20506b9e63b3b55200f7f7ac0\/copalstd-outline.ufo\/glyphs\/oslash.glif","\/fonts\/Unpacking\/9bd54330c047c7d20506b9e63b3b55200f7f7ac0\/copalstd-outline.ufo\/glyphs\/otilde.glif":"\/fonts\/Unpacking\/9bd54330c047c7d20506b9e63b3b55200f7f7ac0\/copalstd-outline.ufo\/glyphs\/otilde.glif","\/fonts\/Unpacking\/9bd54330c047c7d20506b9e63b3b55200f7f7ac0\/copalstd-outline.ufo\/glyphs\/p.glif":"\/fonts\/Unpacking\/9bd54330c047c7d20506b9e63b3b55200f7f7ac0\/copalstd-outline.ufo\/glyphs\/p.glif","\/fonts\/Unpacking\/9bd54330c047c7d20506b9e63b3b55200f7f7ac0\/copalstd-outline.ufo\/glyphs\/paragraph.glif":"\/fonts\/Unpacking\/9bd54330c047c7d20506b9e63b3b55200f7f7ac0\/copalstd-outline.ufo\/glyphs\/paragraph.glif","\/fonts\/Unpacking\/9bd54330c047c7d20506b9e63b3b55200f7f7ac0\/copalstd-outline.ufo\/glyphs\/parenleft.glif":"\/fonts\/Unpacking\/9bd54330c047c7d20506b9e63b3b55200f7f7ac0\/copalstd-outline.ufo\/glyphs\/parenleft.glif","\/fonts\/Unpacking\/9bd54330c047c7d20506b9e63b3b55200f7f7ac0\/copalstd-outline.ufo\/glyphs\/parenright.glif":"\/fonts\/Unpacking\/9bd54330c047c7d20506b9e63b3b55200f7f7ac0\/copalstd-outline.ufo\/glyphs\/parenright.glif","\/fonts\/Unpacking\/9bd54330c047c7d20506b9e63b3b55200f7f7ac0\/copalstd-outline.ufo\/glyphs\/partialdiff.glif":"\/fonts\/Unpacking\/9bd54330c047c7d20506b9e63b3b55200f7f7ac0\/copalstd-outline.ufo\/glyphs\/partialdiff.glif","\/fonts\/Unpacking\/9bd54330c047c7d20506b9e63b3b55200f7f7ac0\/copalstd-outline.ufo\/glyphs\/percent.glif":"\/fonts\/Unpacking\/9bd54330c047c7d20506b9e63b3b55200f7f7ac0\/copalstd-outline.ufo\/glyphs\/percent.glif","\/fonts\/Unpacking\/9bd54330c047c7d20506b9e63b3b55200f7f7ac0\/copalstd-outline.ufo\/glyphs\/period.glif":"\/fonts\/Unpacking\/9bd54330c047c7d20506b9e63b3b55200f7f7ac0\/copalstd-outline.ufo\/glyphs\/period.glif","\/fonts\/Unpacking\/9bd54330c047c7d20506b9e63b3b55200f7f7ac0\/copalstd-outline.ufo\/glyphs\/periodcentered.glif":"\/fonts\/Unpacking\/9bd54330c047c7d20506b9e63b3b55200f7f7ac0\/copalstd-outline.ufo\/glyphs\/periodcentered.glif","\/fonts\/Unpacking\/9bd54330c047c7d20506b9e63b3b55200f7f7ac0\/copalstd-outline.ufo\/glyphs\/perthousand.glif":"\/fonts\/Unpacking\/9bd54330c047c7d20506b9e63b3b55200f7f7ac0\/copalstd-outline.ufo\/glyphs\/perthousand.glif","\/fonts\/Unpacking\/9bd54330c047c7d20506b9e63b3b55200f7f7ac0\/copalstd-outline.ufo\/glyphs\/pi.glif":"\/fonts\/Unpacking\/9bd54330c047c7d20506b9e63b3b55200f7f7ac0\/copalstd-outline.ufo\/glyphs\/pi.glif","\/fonts\/Unpacking\/9bd54330c047c7d20506b9e63b3b55200f7f7ac0\/copalstd-outline.ufo\/glyphs\/plus.glif":"\/fonts\/Unpacking\/9bd54330c047c7d20506b9e63b3b55200f7f7ac0\/copalstd-outline.ufo\/glyphs\/plus.glif","\/fonts\/Unpacking\/9bd54330c047c7d20506b9e63b3b55200f7f7ac0\/copalstd-outline.ufo\/glyphs\/plusminus.glif":"\/fonts\/Unpacking\/9bd54330c047c7d20506b9e63b3b55200f7f7ac0\/copalstd-outline.ufo\/glyphs\/plusminus.glif","\/fonts\/Unpacking\/9bd54330c047c7d20506b9e63b3b55200f7f7ac0\/copalstd-outline.ufo\/glyphs\/product.glif":"\/fonts\/Unpacking\/9bd54330c047c7d20506b9e63b3b55200f7f7ac0\/copalstd-outline.ufo\/glyphs\/product.glif","\/fonts\/Unpacking\/9bd54330c047c7d20506b9e63b3b55200f7f7ac0\/copalstd-outline.ufo\/glyphs\/q.glif":"\/fonts\/Unpacking\/9bd54330c047c7d20506b9e63b3b55200f7f7ac0\/copalstd-outline.ufo\/glyphs\/q.glif","\/fonts\/Unpacking\/9bd54330c047c7d20506b9e63b3b55200f7f7ac0\/copalstd-outline.ufo\/glyphs\/question.glif":"\/fonts\/Unpacking\/9bd54330c047c7d20506b9e63b3b55200f7f7ac0\/copalstd-outline.ufo\/glyphs\/question.glif","\/fonts\/Unpacking\/9bd54330c047c7d20506b9e63b3b55200f7f7ac0\/copalstd-outline.ufo\/glyphs\/questiondown.glif":"\/fonts\/Unpacking\/9bd54330c047c7d20506b9e63b3b55200f7f7ac0\/copalstd-outline.ufo\/glyphs\/questiondown.glif","\/fonts\/Unpacking\/9bd54330c047c7d20506b9e63b3b55200f7f7ac0\/copalstd-outline.ufo\/glyphs\/quotedbl.glif":"\/fonts\/Unpacking\/9bd54330c047c7d20506b9e63b3b55200f7f7ac0\/copalstd-outline.ufo\/glyphs\/quotedbl.glif","\/fonts\/Unpacking\/9bd54330c047c7d20506b9e63b3b55200f7f7ac0\/copalstd-outline.ufo\/glyphs\/quotedblbase.glif":"\/fonts\/Unpacking\/9bd54330c047c7d20506b9e63b3b55200f7f7ac0\/copalstd-outline.ufo\/glyphs\/quotedblbase.glif","\/fonts\/Unpacking\/9bd54330c047c7d20506b9e63b3b55200f7f7ac0\/copalstd-outline.ufo\/glyphs\/quotedblleft.glif":"\/fonts\/Unpacking\/9bd54330c047c7d20506b9e63b3b55200f7f7ac0\/copalstd-outline.ufo\/glyphs\/quotedblleft.glif","\/fonts\/Unpacking\/9bd54330c047c7d20506b9e63b3b55200f7f7ac0\/copalstd-outline.ufo\/glyphs\/quotedblright.glif":"\/fonts\/Unpacking\/9bd54330c047c7d20506b9e63b3b55200f7f7ac0\/copalstd-outline.ufo\/glyphs\/quotedblright.glif","\/fonts\/Unpacking\/9bd54330c047c7d20506b9e63b3b55200f7f7ac0\/copalstd-outline.ufo\/glyphs\/quoteleft.glif":"\/fonts\/Unpacking\/9bd54330c047c7d20506b9e63b3b55200f7f7ac0\/copalstd-outline.ufo\/glyphs\/quoteleft.glif","\/fonts\/Unpacking\/9bd54330c047c7d20506b9e63b3b55200f7f7ac0\/copalstd-outline.ufo\/glyphs\/quoteright.glif":"\/fonts\/Unpacking\/9bd54330c047c7d20506b9e63b3b55200f7f7ac0\/copalstd-outline.ufo\/glyphs\/quoteright.glif","\/fonts\/Unpacking\/9bd54330c047c7d20506b9e63b3b55200f7f7ac0\/copalstd-outline.ufo\/glyphs\/quotesinglbase.glif":"\/fonts\/Unpacking\/9bd54330c047c7d20506b9e63b3b55200f7f7ac0\/copalstd-outline.ufo\/glyphs\/quotesinglbase.glif","\/fonts\/Unpacking\/9bd54330c047c7d20506b9e63b3b55200f7f7ac0\/copalstd-outline.ufo\/glyphs\/quotesingle.glif":"\/fonts\/Unpacking\/9bd54330c047c7d20506b9e63b3b55200f7f7ac0\/copalstd-outline.ufo\/glyphs\/quotesingle.glif","\/fonts\/Unpacking\/9bd54330c047c7d20506b9e63b3b55200f7f7ac0\/copalstd-outline.ufo\/glyphs\/r.glif":"\/fonts\/Unpacking\/9bd54330c047c7d20506b9e63b3b55200f7f7ac0\/copalstd-outline.ufo\/glyphs\/r.glif","\/fonts\/Unpacking\/9bd54330c047c7d20506b9e63b3b55200f7f7ac0\/copalstd-outline.ufo\/glyphs\/radical.glif":"\/fonts\/Unpacking\/9bd54330c047c7d20506b9e63b3b55200f7f7ac0\/copalstd-outline.ufo\/glyphs\/radical.glif","\/fonts\/Unpacking\/9bd54330c047c7d20506b9e63b3b55200f7f7ac0\/copalstd-outline.ufo\/glyphs\/registered.glif":"\/fonts\/Unpacking\/9bd54330c047c7d20506b9e63b3b55200f7f7ac0\/copalstd-outline.ufo\/glyphs\/registered.glif","\/fonts\/Unpacking\/9bd54330c047c7d20506b9e63b3b55200f7f7ac0\/copalstd-outline.ufo\/glyphs\/ring.glif":"\/fonts\/Unpacking\/9bd54330c047c7d20506b9e63b3b55200f7f7ac0\/copalstd-outline.ufo\/glyphs\/ring.glif","\/fonts\/Unpacking\/9bd54330c047c7d20506b9e63b3b55200f7f7ac0\/copalstd-outline.ufo\/glyphs\/s.glif":"\/fonts\/Unpacking\/9bd54330c047c7d20506b9e63b3b55200f7f7ac0\/copalstd-outline.ufo\/glyphs\/s.glif","\/fonts\/Unpacking\/9bd54330c047c7d20506b9e63b3b55200f7f7ac0\/copalstd-outline.ufo\/glyphs\/scaron.glif":"\/fonts\/Unpacking\/9bd54330c047c7d20506b9e63b3b55200f7f7ac0\/copalstd-outline.ufo\/glyphs\/scaron.glif","\/fonts\/Unpacking\/9bd54330c047c7d20506b9e63b3b55200f7f7ac0\/copalstd-outline.ufo\/glyphs\/section.glif":"\/fonts\/Unpacking\/9bd54330c047c7d20506b9e63b3b55200f7f7ac0\/copalstd-outline.ufo\/glyphs\/section.glif","\/fonts\/Unpacking\/9bd54330c047c7d20506b9e63b3b55200f7f7ac0\/copalstd-outline.ufo\/glyphs\/semicolon.glif":"\/fonts\/Unpacking\/9bd54330c047c7d20506b9e63b3b55200f7f7ac0\/copalstd-outline.ufo\/glyphs\/semicolon.glif","\/fonts\/Unpacking\/9bd54330c047c7d20506b9e63b3b55200f7f7ac0\/copalstd-outline.ufo\/glyphs\/seven.glif":"\/fonts\/Unpacking\/9bd54330c047c7d20506b9e63b3b55200f7f7ac0\/copalstd-outline.ufo\/glyphs\/seven.glif","\/fonts\/Unpacking\/9bd54330c047c7d20506b9e63b3b55200f7f7ac0\/copalstd-outline.ufo\/glyphs\/six.glif":"\/fonts\/Unpacking\/9bd54330c047c7d20506b9e63b3b55200f7f7ac0\/copalstd-outline.ufo\/glyphs\/six.glif","\/fonts\/Unpacking\/9bd54330c047c7d20506b9e63b3b55200f7f7ac0\/copalstd-outline.ufo\/glyphs\/slash.glif":"\/fonts\/Unpacking\/9bd54330c047c7d20506b9e63b3b55200f7f7ac0\/copalstd-outline.ufo\/glyphs\/slash.glif","\/fonts\/Unpacking\/9bd54330c047c7d20506b9e63b3b55200f7f7ac0\/copalstd-outline.ufo\/glyphs\/space.glif":"\/fonts\/Unpacking\/9bd54330c047c7d20506b9e63b3b55200f7f7ac0\/copalstd-outline.ufo\/glyphs\/space.glif","\/fonts\/Unpacking\/9bd54330c047c7d20506b9e63b3b55200f7f7ac0\/copalstd-outline.ufo\/glyphs\/sterling.glif":"\/fonts\/Unpacking\/9bd54330c047c7d20506b9e63b3b55200f7f7ac0\/copalstd-outline.ufo\/glyphs\/sterling.glif","\/fonts\/Unpacking\/9bd54330c047c7d20506b9e63b3b55200f7f7ac0\/copalstd-outline.ufo\/glyphs\/summation.glif":"\/fonts\/Unpacking\/9bd54330c047c7d20506b9e63b3b55200f7f7ac0\/copalstd-outline.ufo\/glyphs\/summation.glif","\/fonts\/Unpacking\/9bd54330c047c7d20506b9e63b3b55200f7f7ac0\/copalstd-outline.ufo\/glyphs\/t.glif":"\/fonts\/Unpacking\/9bd54330c047c7d20506b9e63b3b55200f7f7ac0\/copalstd-outline.ufo\/glyphs\/t.glif","\/fonts\/Unpacking\/9bd54330c047c7d20506b9e63b3b55200f7f7ac0\/copalstd-outline.ufo\/glyphs\/thorn.glif":"\/fonts\/Unpacking\/9bd54330c047c7d20506b9e63b3b55200f7f7ac0\/copalstd-outline.ufo\/glyphs\/thorn.glif","\/fonts\/Unpacking\/9bd54330c047c7d20506b9e63b3b55200f7f7ac0\/copalstd-outline.ufo\/glyphs\/three.glif":"\/fonts\/Unpacking\/9bd54330c047c7d20506b9e63b3b55200f7f7ac0\/copalstd-outline.ufo\/glyphs\/three.glif","\/fonts\/Unpacking\/9bd54330c047c7d20506b9e63b3b55200f7f7ac0\/copalstd-outline.ufo\/glyphs\/three.superior.glif":"\/fonts\/Unpacking\/9bd54330c047c7d20506b9e63b3b55200f7f7ac0\/copalstd-outline.ufo\/glyphs\/three.superior.glif","\/fonts\/Unpacking\/9bd54330c047c7d20506b9e63b3b55200f7f7ac0\/copalstd-outline.ufo\/glyphs\/threequarters.glif":"\/fonts\/Unpacking\/9bd54330c047c7d20506b9e63b3b55200f7f7ac0\/copalstd-outline.ufo\/glyphs\/threequarters.glif","\/fonts\/Unpacking\/9bd54330c047c7d20506b9e63b3b55200f7f7ac0\/copalstd-outline.ufo\/glyphs\/threesuperior.glif":"\/fonts\/Unpacking\/9bd54330c047c7d20506b9e63b3b55200f7f7ac0\/copalstd-outline.ufo\/glyphs\/threesuperior.glif","\/fonts\/Unpacking\/9bd54330c047c7d20506b9e63b3b55200f7f7ac0\/copalstd-outline.ufo\/glyphs\/tilde.glif":"\/fonts\/Unpacking\/9bd54330c047c7d20506b9e63b3b55200f7f7ac0\/copalstd-outline.ufo\/glyphs\/tilde.glif","\/fonts\/Unpacking\/9bd54330c047c7d20506b9e63b3b55200f7f7ac0\/copalstd-outline.ufo\/glyphs\/trademark.glif":"\/fonts\/Unpacking\/9bd54330c047c7d20506b9e63b3b55200f7f7ac0\/copalstd-outline.ufo\/glyphs\/trademark.glif","\/fonts\/Unpacking\/9bd54330c047c7d20506b9e63b3b55200f7f7ac0\/copalstd-outline.ufo\/glyphs\/two.glif":"\/fonts\/Unpacking\/9bd54330c047c7d20506b9e63b3b55200f7f7ac0\/copalstd-outline.ufo\/glyphs\/two.glif","\/fonts\/Unpacking\/9bd54330c047c7d20506b9e63b3b55200f7f7ac0\/copalstd-outline.ufo\/glyphs\/two.superior.glif":"\/fonts\/Unpacking\/9bd54330c047c7d20506b9e63b3b55200f7f7ac0\/copalstd-outline.ufo\/glyphs\/two.superior.glif","\/fonts\/Unpacking\/9bd54330c047c7d20506b9e63b3b55200f7f7ac0\/copalstd-outline.ufo\/glyphs\/twosuperior.glif":"\/fonts\/Unpacking\/9bd54330c047c7d20506b9e63b3b55200f7f7ac0\/copalstd-outline.ufo\/glyphs\/twosuperior.glif","\/fonts\/Unpacking\/9bd54330c047c7d20506b9e63b3b55200f7f7ac0\/copalstd-outline.ufo\/glyphs\/u.glif":"\/fonts\/Unpacking\/9bd54330c047c7d20506b9e63b3b55200f7f7ac0\/copalstd-outline.ufo\/glyphs\/u.glif","\/fonts\/Unpacking\/9bd54330c047c7d20506b9e63b3b55200f7f7ac0\/copalstd-outline.ufo\/glyphs\/uacute.glif":"\/fonts\/Unpacking\/9bd54330c047c7d20506b9e63b3b55200f7f7ac0\/copalstd-outline.ufo\/glyphs\/uacute.glif","\/fonts\/Unpacking\/9bd54330c047c7d20506b9e63b3b55200f7f7ac0\/copalstd-outline.ufo\/glyphs\/ucircumflex.glif":"\/fonts\/Unpacking\/9bd54330c047c7d20506b9e63b3b55200f7f7ac0\/copalstd-outline.ufo\/glyphs\/ucircumflex.glif","\/fonts\/Unpacking\/9bd54330c047c7d20506b9e63b3b55200f7f7ac0\/copalstd-outline.ufo\/glyphs\/udieresis.glif":"\/fonts\/Unpacking\/9bd54330c047c7d20506b9e63b3b55200f7f7ac0\/copalstd-outline.ufo\/glyphs\/udieresis.glif","\/fonts\/Unpacking\/9bd54330c047c7d20506b9e63b3b55200f7f7ac0\/copalstd-outline.ufo\/glyphs\/ugrave.glif":"\/fonts\/Unpacking\/9bd54330c047c7d20506b9e63b3b55200f7f7ac0\/copalstd-outline.ufo\/glyphs\/ugrave.glif","\/fonts\/Unpacking\/9bd54330c047c7d20506b9e63b3b55200f7f7ac0\/copalstd-outline.ufo\/glyphs\/underscore.glif":"\/fonts\/Unpacking\/9bd54330c047c7d20506b9e63b3b55200f7f7ac0\/copalstd-outline.ufo\/glyphs\/underscore.glif","\/fonts\/Unpacking\/9bd54330c047c7d20506b9e63b3b55200f7f7ac0\/copalstd-outline.ufo\/glyphs\/uni00A_0.glif":"\/fonts\/Unpacking\/9bd54330c047c7d20506b9e63b3b55200f7f7ac0\/copalstd-outline.ufo\/glyphs\/uni00A_0.glif","\/fonts\/Unpacking\/9bd54330c047c7d20506b9e63b3b55200f7f7ac0\/copalstd-outline.ufo\/glyphs\/uni00A_D_.glif":"\/fonts\/Unpacking\/9bd54330c047c7d20506b9e63b3b55200f7f7ac0\/copalstd-outline.ufo\/glyphs\/uni00A_D_.glif","\/fonts\/Unpacking\/9bd54330c047c7d20506b9e63b3b55200f7f7ac0\/copalstd-outline.ufo\/glyphs\/uni02C_9.glif":"\/fonts\/Unpacking\/9bd54330c047c7d20506b9e63b3b55200f7f7ac0\/copalstd-outline.ufo\/glyphs\/uni02C_9.glif","\/fonts\/Unpacking\/9bd54330c047c7d20506b9e63b3b55200f7f7ac0\/copalstd-outline.ufo\/glyphs\/uni03A_9.glif":"\/fonts\/Unpacking\/9bd54330c047c7d20506b9e63b3b55200f7f7ac0\/copalstd-outline.ufo\/glyphs\/uni03A_9.glif","\/fonts\/Unpacking\/9bd54330c047c7d20506b9e63b3b55200f7f7ac0\/copalstd-outline.ufo\/glyphs\/uni03B_C_.glif":"\/fonts\/Unpacking\/9bd54330c047c7d20506b9e63b3b55200f7f7ac0\/copalstd-outline.ufo\/glyphs\/uni03B_C_.glif","\/fonts\/Unpacking\/9bd54330c047c7d20506b9e63b3b55200f7f7ac0\/copalstd-outline.ufo\/glyphs\/uni2010.glif":"\/fonts\/Unpacking\/9bd54330c047c7d20506b9e63b3b55200f7f7ac0\/copalstd-outline.ufo\/glyphs\/uni2010.glif","\/fonts\/Unpacking\/9bd54330c047c7d20506b9e63b3b55200f7f7ac0\/copalstd-outline.ufo\/glyphs\/uni2206.glif":"\/fonts\/Unpacking\/9bd54330c047c7d20506b9e63b3b55200f7f7ac0\/copalstd-outline.ufo\/glyphs\/uni2206.glif","\/fonts\/Unpacking\/9bd54330c047c7d20506b9e63b3b55200f7f7ac0\/copalstd-outline.ufo\/glyphs\/uni2215.glif":"\/fonts\/Unpacking\/9bd54330c047c7d20506b9e63b3b55200f7f7ac0\/copalstd-outline.ufo\/glyphs\/uni2215.glif","\/fonts\/Unpacking\/9bd54330c047c7d20506b9e63b3b55200f7f7ac0\/copalstd-outline.ufo\/glyphs\/uni2219.glif":"\/fonts\/Unpacking\/9bd54330c047c7d20506b9e63b3b55200f7f7ac0\/copalstd-outline.ufo\/glyphs\/uni2219.glif","\/fonts\/Unpacking\/9bd54330c047c7d20506b9e63b3b55200f7f7ac0\/copalstd-outline.ufo\/glyphs\/v.glif":"\/fonts\/Unpacking\/9bd54330c047c7d20506b9e63b3b55200f7f7ac0\/copalstd-outline.ufo\/glyphs\/v.glif","\/fonts\/Unpacking\/9bd54330c047c7d20506b9e63b3b55200f7f7ac0\/copalstd-outline.ufo\/glyphs\/w.glif":"\/fonts\/Unpacking\/9bd54330c047c7d20506b9e63b3b55200f7f7ac0\/copalstd-outline.ufo\/glyphs\/w.glif","\/fonts\/Unpacking\/9bd54330c047c7d20506b9e63b3b55200f7f7ac0\/copalstd-outline.ufo\/glyphs\/x.glif":"\/fonts\/Unpacking\/9bd54330c047c7d20506b9e63b3b55200f7f7ac0\/copalstd-outline.ufo\/glyphs\/x.glif","\/fonts\/Unpacking\/9bd54330c047c7d20506b9e63b3b55200f7f7ac0\/copalstd-outline.ufo\/glyphs\/y.glif":"\/fonts\/Unpacking\/9bd54330c047c7d20506b9e63b3b55200f7f7ac0\/copalstd-outline.ufo\/glyphs\/y.glif","\/fonts\/Unpacking\/9bd54330c047c7d20506b9e63b3b55200f7f7ac0\/copalstd-outline.ufo\/glyphs\/yacute.glif":"\/fonts\/Unpacking\/9bd54330c047c7d20506b9e63b3b55200f7f7ac0\/copalstd-outline.ufo\/glyphs\/yacute.glif","\/fonts\/Unpacking\/9bd54330c047c7d20506b9e63b3b55200f7f7ac0\/copalstd-outline.ufo\/glyphs\/ydieresis.glif":"\/fonts\/Unpacking\/9bd54330c047c7d20506b9e63b3b55200f7f7ac0\/copalstd-outline.ufo\/glyphs\/ydieresis.glif","\/fonts\/Unpacking\/9bd54330c047c7d20506b9e63b3b55200f7f7ac0\/copalstd-outline.ufo\/glyphs\/yen.glif":"\/fonts\/Unpacking\/9bd54330c047c7d20506b9e63b3b55200f7f7ac0\/copalstd-outline.ufo\/glyphs\/yen.glif","\/fonts\/Unpacking\/9bd54330c047c7d20506b9e63b3b55200f7f7ac0\/copalstd-outline.ufo\/glyphs\/z.glif":"\/fonts\/Unpacking\/9bd54330c047c7d20506b9e63b3b55200f7f7ac0\/copalstd-outline.ufo\/glyphs\/z.glif","\/fonts\/Unpacking\/9bd54330c047c7d20506b9e63b3b55200f7f7ac0\/copalstd-outline.ufo\/glyphs\/zcaron.glif":"\/fonts\/Unpacking\/9bd54330c047c7d20506b9e63b3b55200f7f7ac0\/copalstd-outline.ufo\/glyphs\/zcaron.glif","\/fonts\/Unpacking\/9bd54330c047c7d20506b9e63b3b55200f7f7ac0\/copalstd-outline.ufo\/glyphs\/zero.glif":"\/fonts\/Unpacking\/9bd54330c047c7d20506b9e63b3b55200f7f7ac0\/copalstd-outline.ufo\/glyphs\/zero.glif"},"Font":null,"Licences":{"":false},"Table":{"FFTM":{"entryLength":16,"tag":"FFTM","checksum":1944245268,"offset":113352,"length":28},"GDEF":{"entryLength":16,"tag":"GDEF","checksum":20185094,"offset":113320,"length":32},"OS\/2":{"entryLength":16,"tag":"OS\/2","checksum":1979004941,"offset":344,"length":86},"cmap":{"entryLength":16,"tag":"cmap","checksum":777625557,"offset":1484,"length":1156},"gasp":{"entryLength":16,"tag":"gasp","checksum":4294901763,"offset":113312,"length":8},"glyf":{"entryLength":16,"tag":"glyf","checksum":2978708677,"offset":3168,"length":108276},"head":{"entryLength":16,"tag":"head","checksum":192635914,"offset":220,"length":54},"hhea":{"entryLength":16,"tag":"hhea","checksum":141624597,"offset":276,"length":36},"hmtx":{"entryLength":16,"tag":"hmtx","checksum":1883574443,"offset":432,"length":1052},"loca":{"entryLength":16,"tag":"loca","checksum":3631563424,"offset":2640,"length":528},"maxp":{"entryLength":16,"tag":"maxp","checksum":22085942,"offset":312,"length":32},"name":{"entryLength":16,"tag":"name","checksum":897949437,"offset":111444,"length":1137},"post":{"entryLength":16,"tag":"post","checksum":2504245827,"offset":112584,"length":728}},"UnicodeCharMap":{"32":3,"33":4,"34":5,"35":6,"36":7,"37":8,"38":9,"39":10,"40":11,"41":12,"42":13,"43":14,"44":15,"45":16,"46":17,"47":18,"48":19,"49":20,"50":21,"51":22,"52":23,"53":24,"54":25,"55":26,"56":27,"57":28,"58":29,"59":30,"60":31,"61":32,"62":33,"63":34,"64":35,"65":36,"66":37,"67":38,"68":39,"69":40,"70":41,"71":42,"72":43,"73":44,"74":45,"75":46,"76":47,"77":48,"78":49,"79":50,"80":51,"81":52,"82":53,"83":54,"84":55,"85":56,"86":57,"87":58,"88":59,"89":60,"90":61,"91":62,"92":63,"93":64,"94":65,"95":66,"96":67,"97":68,"98":69,"99":70,"100":71,"101":72,"102":73,"103":74,"104":75,"105":76,"106":77,"107":78,"108":79,"109":80,"110":81,"111":82,"112":83,"113":84,"114":85,"115":86,"116":87,"117":88,"118":89,"119":90,"120":91,"121":92,"122":93,"123":94,"124":95,"125":96,"126":97,"160":98,"161":99,"162":100,"163":101,"164":102,"165":103,"166":104,"167":105,"168":106,"169":107,"170":108,"171":109,"172":110,"173":111,"174":112,"175":113,"176":114,"177":115,"178":259,"179":260,"180":118,"182":120,"183":121,"184":122,"185":258,"186":124,"187":125,"188":126,"189":127,"190":128,"191":129,"192":130,"193":131,"194":132,"195":133,"196":134,"197":135,"198":136,"199":137,"200":138,"201":139,"202":140,"203":141,"204":142,"205":143,"206":144,"207":145,"208":146,"209":147,"210":148,"211":149,"212":150,"213":151,"214":152,"215":153,"216":154,"217":155,"218":156,"219":157,"220":158,"221":159,"222":160,"223":161,"224":162,"225":163,"226":164,"227":165,"228":166,"229":167,"230":168,"231":169,"232":170,"233":171,"234":172,"235":173,"236":174,"237":175,"238":176,"239":177,"240":178,"241":179,"242":180,"243":181,"244":182,"245":183,"246":184,"247":185,"248":186,"249":187,"250":188,"251":189,"252":190,"253":191,"254":192,"255":193,"305":223,"321":221,"322":224,"338":222,"339":225,"352":228,"353":231,"376":229,"381":230,"382":232,"402":197,"710":212,"711":219,"713":250,"728":214,"729":215,"730":216,"731":218,"732":213,"733":217,"937":251,"956":253,"960":235,"8208":262,"8211":203,"8212":220,"8216":195,"8217":194,"8218":207,"8220":198,"8221":209,"8222":208,"8224":204,"8225":205,"8226":206,"8230":210,"8240":211,"8249":199,"8250":200,"8260":196,"8364":236,"8467":252,"8482":226,"8494":237,"8706":238,"8710":261,"8719":239,"8721":240,"8722":227,"8725":254,"8729":241,"8730":242,"8734":243,"8747":244,"8776":245,"8800":246,"8804":247,"8805":248,"9674":249,"64257":233,"64258":255},"Reserves":null,"Names":[],"Nodes":[],"Contributors":[],"FontIdentity":"cc6af9e07c32249a3f13c7b532baa608","Bytes":7712856,"Networking":null,"barcode":null,"referee":null}