{"CSS":{"Voluta Script Alternates":"Voluta+Script+Alternates.css"},"FontType":"TrueType","FontCopyright":"Copyright (c) 1998 Adobe Systems Incorporated.  All Rights Reserved. Patent pending.Voluta Script is a trademark of Adobe Systems Incorporated.","FontName":"Voluta Script","FontSubfamily":"Alternates","FontSubfamilyID":"FontForge 2.0 : Voluta Script Alternates : 26-8-2016","FontFullName":"Voluta Script Alternates","FontVersion":"Version 001.000 ","FontWeight":null,"FontPostscriptName":"VolutaScript-Alternates","Files":{"\/fonts\/Unpacking\/4499b53a64d98279c058e19441df6a91390d07cd\/LICENCE":"\/fonts\/Unpacking\/4499b53a64d98279c058e19441df6a91390d07cd\/LICENCE","\/fonts\/Unpacking\/4499b53a64d98279c058e19441df6a91390d07cd\/volutascript-alternates.afm":"\/fonts\/Unpacking\/4499b53a64d98279c058e19441df6a91390d07cd\/volutascript-alternates.afm","\/fonts\/Unpacking\/4499b53a64d98279c058e19441df6a91390d07cd\/volutascript-alternates.bin":"\/fonts\/Unpacking\/4499b53a64d98279c058e19441df6a91390d07cd\/volutascript-alternates.bin","\/fonts\/Unpacking\/4499b53a64d98279c058e19441df6a91390d07cd\/volutascript-alternates.cef":"\/fonts\/Unpacking\/4499b53a64d98279c058e19441df6a91390d07cd\/volutascript-alternates.cef","\/fonts\/Unpacking\/4499b53a64d98279c058e19441df6a91390d07cd\/volutascript-alternates.cff":"\/fonts\/Unpacking\/4499b53a64d98279c058e19441df6a91390d07cd\/volutascript-alternates.cff","\/fonts\/Unpacking\/4499b53a64d98279c058e19441df6a91390d07cd\/volutascript-alternates.cid":"\/fonts\/Unpacking\/4499b53a64d98279c058e19441df6a91390d07cd\/volutascript-alternates.cid","\/fonts\/Unpacking\/4499b53a64d98279c058e19441df6a91390d07cd\/volutascript-alternates.dfont":"\/fonts\/Unpacking\/4499b53a64d98279c058e19441df6a91390d07cd\/volutascript-alternates.dfont","\/fonts\/Unpacking\/4499b53a64d98279c058e19441df6a91390d07cd\/volutascript-alternates.eot":"\/fonts\/Unpacking\/4499b53a64d98279c058e19441df6a91390d07cd\/volutascript-alternates.eot","\/fonts\/Unpacking\/4499b53a64d98279c058e19441df6a91390d07cd\/volutascript-alternates.fon":"\/fonts\/Unpacking\/4499b53a64d98279c058e19441df6a91390d07cd\/volutascript-alternates.fon","\/fonts\/Unpacking\/4499b53a64d98279c058e19441df6a91390d07cd\/volutascript-alternates.gai":"\/fonts\/Unpacking\/4499b53a64d98279c058e19441df6a91390d07cd\/volutascript-alternates.gai","\/fonts\/Unpacking\/4499b53a64d98279c058e19441df6a91390d07cd\/volutascript-alternates.gsf":"\/fonts\/Unpacking\/4499b53a64d98279c058e19441df6a91390d07cd\/volutascript-alternates.gsf","\/fonts\/Unpacking\/4499b53a64d98279c058e19441df6a91390d07cd\/volutascript-alternates.hqx":"\/fonts\/Unpacking\/4499b53a64d98279c058e19441df6a91390d07cd\/volutascript-alternates.hqx","\/fonts\/Unpacking\/4499b53a64d98279c058e19441df6a91390d07cd\/volutascript-alternates.ik":"\/fonts\/Unpacking\/4499b53a64d98279c058e19441df6a91390d07cd\/volutascript-alternates.ik","\/fonts\/Unpacking\/4499b53a64d98279c058e19441df6a91390d07cd\/volutascript-alternates.mf":"\/fonts\/Unpacking\/4499b53a64d98279c058e19441df6a91390d07cd\/volutascript-alternates.mf","\/fonts\/Unpacking\/4499b53a64d98279c058e19441df6a91390d07cd\/volutascript-alternates.otf":"\/fonts\/Unpacking\/4499b53a64d98279c058e19441df6a91390d07cd\/volutascript-alternates.otf","\/fonts\/Unpacking\/4499b53a64d98279c058e19441df6a91390d07cd\/volutascript-alternates.pcf":"\/fonts\/Unpacking\/4499b53a64d98279c058e19441df6a91390d07cd\/volutascript-alternates.pcf","\/fonts\/Unpacking\/4499b53a64d98279c058e19441df6a91390d07cd\/volutascript-alternates.pf3":"\/fonts\/Unpacking\/4499b53a64d98279c058e19441df6a91390d07cd\/volutascript-alternates.pf3","\/fonts\/Unpacking\/4499b53a64d98279c058e19441df6a91390d07cd\/volutascript-alternates.pfa":"\/fonts\/Unpacking\/4499b53a64d98279c058e19441df6a91390d07cd\/volutascript-alternates.pfa","\/fonts\/Unpacking\/4499b53a64d98279c058e19441df6a91390d07cd\/volutascript-alternates.pfb":"\/fonts\/Unpacking\/4499b53a64d98279c058e19441df6a91390d07cd\/volutascript-alternates.pfb","\/fonts\/Unpacking\/4499b53a64d98279c058e19441df6a91390d07cd\/volutascript-alternates.php":"\/fonts\/Unpacking\/4499b53a64d98279c058e19441df6a91390d07cd\/volutascript-alternates.php","\/fonts\/Unpacking\/4499b53a64d98279c058e19441df6a91390d07cd\/volutascript-alternates.pmf":"\/fonts\/Unpacking\/4499b53a64d98279c058e19441df6a91390d07cd\/volutascript-alternates.pmf","\/fonts\/Unpacking\/4499b53a64d98279c058e19441df6a91390d07cd\/volutascript-alternates.pt3":"\/fonts\/Unpacking\/4499b53a64d98279c058e19441df6a91390d07cd\/volutascript-alternates.pt3","\/fonts\/Unpacking\/4499b53a64d98279c058e19441df6a91390d07cd\/volutascript-alternates.sfd":"\/fonts\/Unpacking\/4499b53a64d98279c058e19441df6a91390d07cd\/volutascript-alternates.sfd","\/fonts\/Unpacking\/4499b53a64d98279c058e19441df6a91390d07cd\/volutascript-alternates.svg":"\/fonts\/Unpacking\/4499b53a64d98279c058e19441df6a91390d07cd\/volutascript-alternates.svg","\/fonts\/Unpacking\/4499b53a64d98279c058e19441df6a91390d07cd\/volutascript-alternates.t42":"\/fonts\/Unpacking\/4499b53a64d98279c058e19441df6a91390d07cd\/volutascript-alternates.t42","\/fonts\/Unpacking\/4499b53a64d98279c058e19441df6a91390d07cd\/volutascript-alternates.ttd":"\/fonts\/Unpacking\/4499b53a64d98279c058e19441df6a91390d07cd\/volutascript-alternates.ttd","\/fonts\/Unpacking\/4499b53a64d98279c058e19441df6a91390d07cd\/volutascript-alternates.ttf":"\/fonts\/Unpacking\/4499b53a64d98279c058e19441df6a91390d07cd\/volutascript-alternates.ttf","\/fonts\/Unpacking\/4499b53a64d98279c058e19441df6a91390d07cd\/volutascript-alternates.ttg":"\/fonts\/Unpacking\/4499b53a64d98279c058e19441df6a91390d07cd\/volutascript-alternates.ttg","\/fonts\/Unpacking\/4499b53a64d98279c058e19441df6a91390d07cd\/volutascript-alternates.ufm":"\/fonts\/Unpacking\/4499b53a64d98279c058e19441df6a91390d07cd\/volutascript-alternates.ufm","\/fonts\/Unpacking\/4499b53a64d98279c058e19441df6a91390d07cd\/volutascript-alternates.woff":"\/fonts\/Unpacking\/4499b53a64d98279c058e19441df6a91390d07cd\/volutascript-alternates.woff","\/fonts\/Unpacking\/4499b53a64d98279c058e19441df6a91390d07cd\/volutascript-alternates.z":"\/fonts\/Unpacking\/4499b53a64d98279c058e19441df6a91390d07cd\/volutascript-alternates.z","\/fonts\/Unpacking\/4499b53a64d98279c058e19441df6a91390d07cd\/volutascript-alternates.ufo\/feature.fea":"\/fonts\/Unpacking\/4499b53a64d98279c058e19441df6a91390d07cd\/volutascript-alternates.ufo\/feature.fea","\/fonts\/Unpacking\/4499b53a64d98279c058e19441df6a91390d07cd\/volutascript-alternates.ufo\/fontinfo.plist":"\/fonts\/Unpacking\/4499b53a64d98279c058e19441df6a91390d07cd\/volutascript-alternates.ufo\/fontinfo.plist","\/fonts\/Unpacking\/4499b53a64d98279c058e19441df6a91390d07cd\/volutascript-alternates.ufo\/groups.plist":"\/fonts\/Unpacking\/4499b53a64d98279c058e19441df6a91390d07cd\/volutascript-alternates.ufo\/groups.plist","\/fonts\/Unpacking\/4499b53a64d98279c058e19441df6a91390d07cd\/volutascript-alternates.ufo\/kerning.plist":"\/fonts\/Unpacking\/4499b53a64d98279c058e19441df6a91390d07cd\/volutascript-alternates.ufo\/kerning.plist","\/fonts\/Unpacking\/4499b53a64d98279c058e19441df6a91390d07cd\/volutascript-alternates.ufo\/metainfo.plist":"\/fonts\/Unpacking\/4499b53a64d98279c058e19441df6a91390d07cd\/volutascript-alternates.ufo\/metainfo.plist","\/fonts\/Unpacking\/4499b53a64d98279c058e19441df6a91390d07cd\/volutascript-alternates.ufo\/glyphs\/D_.alt.glif":"\/fonts\/Unpacking\/4499b53a64d98279c058e19441df6a91390d07cd\/volutascript-alternates.ufo\/glyphs\/D_.alt.glif","\/fonts\/Unpacking\/4499b53a64d98279c058e19441df6a91390d07cd\/volutascript-alternates.ufo\/glyphs\/E_uro.glif":"\/fonts\/Unpacking\/4499b53a64d98279c058e19441df6a91390d07cd\/volutascript-alternates.ufo\/glyphs\/E_uro.glif","\/fonts\/Unpacking\/4499b53a64d98279c058e19441df6a91390d07cd\/volutascript-alternates.ufo\/glyphs\/I_.alt.glif":"\/fonts\/Unpacking\/4499b53a64d98279c058e19441df6a91390d07cd\/volutascript-alternates.ufo\/glyphs\/I_.alt.glif","\/fonts\/Unpacking\/4499b53a64d98279c058e19441df6a91390d07cd\/volutascript-alternates.ufo\/glyphs\/a.alt.glif":"\/fonts\/Unpacking\/4499b53a64d98279c058e19441df6a91390d07cd\/volutascript-alternates.ufo\/glyphs\/a.alt.glif","\/fonts\/Unpacking\/4499b53a64d98279c058e19441df6a91390d07cd\/volutascript-alternates.ufo\/glyphs\/ampersand.alt.glif":"\/fonts\/Unpacking\/4499b53a64d98279c058e19441df6a91390d07cd\/volutascript-alternates.ufo\/glyphs\/ampersand.alt.glif","\/fonts\/Unpacking\/4499b53a64d98279c058e19441df6a91390d07cd\/volutascript-alternates.ufo\/glyphs\/contents.plist":"\/fonts\/Unpacking\/4499b53a64d98279c058e19441df6a91390d07cd\/volutascript-alternates.ufo\/glyphs\/contents.plist","\/fonts\/Unpacking\/4499b53a64d98279c058e19441df6a91390d07cd\/volutascript-alternates.ufo\/glyphs\/d.alt.glif":"\/fonts\/Unpacking\/4499b53a64d98279c058e19441df6a91390d07cd\/volutascript-alternates.ufo\/glyphs\/d.alt.glif","\/fonts\/Unpacking\/4499b53a64d98279c058e19441df6a91390d07cd\/volutascript-alternates.ufo\/glyphs\/f.alt.glif":"\/fonts\/Unpacking\/4499b53a64d98279c058e19441df6a91390d07cd\/volutascript-alternates.ufo\/glyphs\/f.alt.glif","\/fonts\/Unpacking\/4499b53a64d98279c058e19441df6a91390d07cd\/volutascript-alternates.ufo\/glyphs\/ff.glif":"\/fonts\/Unpacking\/4499b53a64d98279c058e19441df6a91390d07cd\/volutascript-alternates.ufo\/glyphs\/ff.glif","\/fonts\/Unpacking\/4499b53a64d98279c058e19441df6a91390d07cd\/volutascript-alternates.ufo\/glyphs\/ffi.glif":"\/fonts\/Unpacking\/4499b53a64d98279c058e19441df6a91390d07cd\/volutascript-alternates.ufo\/glyphs\/ffi.glif","\/fonts\/Unpacking\/4499b53a64d98279c058e19441df6a91390d07cd\/volutascript-alternates.ufo\/glyphs\/ffl.glif":"\/fonts\/Unpacking\/4499b53a64d98279c058e19441df6a91390d07cd\/volutascript-alternates.ufo\/glyphs\/ffl.glif","\/fonts\/Unpacking\/4499b53a64d98279c058e19441df6a91390d07cd\/volutascript-alternates.ufo\/glyphs\/fi.glif":"\/fonts\/Unpacking\/4499b53a64d98279c058e19441df6a91390d07cd\/volutascript-alternates.ufo\/glyphs\/fi.glif","\/fonts\/Unpacking\/4499b53a64d98279c058e19441df6a91390d07cd\/volutascript-alternates.ufo\/glyphs\/fl.glif":"\/fonts\/Unpacking\/4499b53a64d98279c058e19441df6a91390d07cd\/volutascript-alternates.ufo\/glyphs\/fl.glif","\/fonts\/Unpacking\/4499b53a64d98279c058e19441df6a91390d07cd\/volutascript-alternates.ufo\/glyphs\/g.alt.glif":"\/fonts\/Unpacking\/4499b53a64d98279c058e19441df6a91390d07cd\/volutascript-alternates.ufo\/glyphs\/g.alt.glif","\/fonts\/Unpacking\/4499b53a64d98279c058e19441df6a91390d07cd\/volutascript-alternates.ufo\/glyphs\/germandbls.alt.glif":"\/fonts\/Unpacking\/4499b53a64d98279c058e19441df6a91390d07cd\/volutascript-alternates.ufo\/glyphs\/germandbls.alt.glif","\/fonts\/Unpacking\/4499b53a64d98279c058e19441df6a91390d07cd\/volutascript-alternates.ufo\/glyphs\/i.alt.glif":"\/fonts\/Unpacking\/4499b53a64d98279c058e19441df6a91390d07cd\/volutascript-alternates.ufo\/glyphs\/i.alt.glif","\/fonts\/Unpacking\/4499b53a64d98279c058e19441df6a91390d07cd\/volutascript-alternates.ufo\/glyphs\/j.alt.glif":"\/fonts\/Unpacking\/4499b53a64d98279c058e19441df6a91390d07cd\/volutascript-alternates.ufo\/glyphs\/j.alt.glif","\/fonts\/Unpacking\/4499b53a64d98279c058e19441df6a91390d07cd\/volutascript-alternates.ufo\/glyphs\/o.alt.glif":"\/fonts\/Unpacking\/4499b53a64d98279c058e19441df6a91390d07cd\/volutascript-alternates.ufo\/glyphs\/o.alt.glif","\/fonts\/Unpacking\/4499b53a64d98279c058e19441df6a91390d07cd\/volutascript-alternates.ufo\/glyphs\/p.alt.glif":"\/fonts\/Unpacking\/4499b53a64d98279c058e19441df6a91390d07cd\/volutascript-alternates.ufo\/glyphs\/p.alt.glif","\/fonts\/Unpacking\/4499b53a64d98279c058e19441df6a91390d07cd\/volutascript-alternates.ufo\/glyphs\/q.alt.glif":"\/fonts\/Unpacking\/4499b53a64d98279c058e19441df6a91390d07cd\/volutascript-alternates.ufo\/glyphs\/q.alt.glif","\/fonts\/Unpacking\/4499b53a64d98279c058e19441df6a91390d07cd\/volutascript-alternates.ufo\/glyphs\/s.alt.glif":"\/fonts\/Unpacking\/4499b53a64d98279c058e19441df6a91390d07cd\/volutascript-alternates.ufo\/glyphs\/s.alt.glif","\/fonts\/Unpacking\/4499b53a64d98279c058e19441df6a91390d07cd\/volutascript-alternates.ufo\/glyphs\/space.glif":"\/fonts\/Unpacking\/4499b53a64d98279c058e19441df6a91390d07cd\/volutascript-alternates.ufo\/glyphs\/space.glif","\/fonts\/Unpacking\/4499b53a64d98279c058e19441df6a91390d07cd\/volutascript-alternates.ufo\/glyphs\/t.alt.glif":"\/fonts\/Unpacking\/4499b53a64d98279c058e19441df6a91390d07cd\/volutascript-alternates.ufo\/glyphs\/t.alt.glif","\/fonts\/Unpacking\/4499b53a64d98279c058e19441df6a91390d07cd\/volutascript-alternates.ufo\/glyphs\/tt.glif":"\/fonts\/Unpacking\/4499b53a64d98279c058e19441df6a91390d07cd\/volutascript-alternates.ufo\/glyphs\/tt.glif","\/fonts\/Unpacking\/4499b53a64d98279c058e19441df6a91390d07cd\/volutascript-alternates.ufo\/glyphs\/x.alt.glif":"\/fonts\/Unpacking\/4499b53a64d98279c058e19441df6a91390d07cd\/volutascript-alternates.ufo\/glyphs\/x.alt.glif","\/fonts\/Unpacking\/4499b53a64d98279c058e19441df6a91390d07cd\/volutascript-alternates.ufo\/glyphs\/y.alt.glif":"\/fonts\/Unpacking\/4499b53a64d98279c058e19441df6a91390d07cd\/volutascript-alternates.ufo\/glyphs\/y.alt.glif","\/fonts\/Unpacking\/4499b53a64d98279c058e19441df6a91390d07cd\/volutascript-alternates.ufo\/glyphs\/z.alt.glif":"\/fonts\/Unpacking\/4499b53a64d98279c058e19441df6a91390d07cd\/volutascript-alternates.ufo\/glyphs\/z.alt.glif","\/fonts\/Unpacking\/4499b53a64d98279c058e19441df6a91390d07cd\/volutascript-alternates.ufo\/glyphs\/zero.slash.glif":"\/fonts\/Unpacking\/4499b53a64d98279c058e19441df6a91390d07cd\/volutascript-alternates.ufo\/glyphs\/zero.slash.glif"},"Font":null,"Licences":{"":false},"Table":{"FFTM":{"entryLength":16,"tag":"FFTM","checksum":1944268644,"offset":13420,"length":28},"GDEF":{"entryLength":16,"tag":"GDEF","checksum":4915206,"offset":13388,"length":32},"OS\/2":{"entryLength":16,"tag":"OS\/2","checksum":1489147975,"offset":344,"length":86},"cmap":{"entryLength":16,"tag":"cmap","checksum":703595025,"offset":552,"length":338},"gasp":{"entryLength":16,"tag":"gasp","checksum":4294901763,"offset":13380,"length":8},"glyf":{"entryLength":16,"tag":"glyf","checksum":2130339765,"offset":956,"length":11132},"head":{"entryLength":16,"tag":"head","checksum":147523168,"offset":220,"length":54},"hhea":{"entryLength":16,"tag":"hhea","checksum":84672465,"offset":276,"length":36},"hmtx":{"entryLength":16,"tag":"hmtx","checksum":589690175,"offset":432,"length":120},"loca":{"entryLength":16,"tag":"loca","checksum":2659489096,"offset":892,"length":62},"maxp":{"entryLength":16,"tag":"maxp","checksum":6553923,"offset":312,"length":32},"name":{"entryLength":16,"tag":"name","checksum":2963540338,"offset":12088,"length":1038},"post":{"entryLength":16,"tag":"post","checksum":1253543878,"offset":13128,"length":249}},"UnicodeCharMap":{"32":3,"8364":29,"64256":8,"64257":9,"64258":10,"64259":11,"64260":12},"Reserves":null,"Names":[],"Nodes":[],"Contributors":[],"FontIdentity":"b825f5fdd7c9fafb11f414324c010819","Bytes":1498133,"Networking":null,"barcode":null,"referee":null}