{"CSS":{"European Pi 4":"European+Pi+4.css"},"FontType":"TrueType","FontCopyright":"Copyright (c) 1990 Adobe Systems Incorporated.  All Rights Reserved.","FontName":"EuropeanPi","FontSubfamily":"Four","FontSubfamilyID":"FontForge 2.0 : European Pi 4 : 27-8-2016","FontFullName":"European Pi 4","FontVersion":"Version 001.000 ","FontWeight":null,"FontPostscriptName":"EuropeanPi-Four","Files":{"europeanpi-four.afm":"europeanpi-four.afm","europeanpi-four.bin":"europeanpi-four.bin","europeanpi-four.cef":"europeanpi-four.cef","europeanpi-four.cff":"europeanpi-four.cff","europeanpi-four.cid":"europeanpi-four.cid","europeanpi-four.dfont":"europeanpi-four.dfont","europeanpi-four.eot":"europeanpi-four.eot","europeanpi-four.fon":"europeanpi-four.fon","europeanpi-four.gai":"europeanpi-four.gai","europeanpi-four.gsf":"europeanpi-four.gsf","europeanpi-four.hqx":"europeanpi-four.hqx","europeanpi-four.ik":"europeanpi-four.ik","europeanpi-four.mf":"europeanpi-four.mf","europeanpi-four.otf":"europeanpi-four.otf","europeanpi-four.pcf":"europeanpi-four.pcf","europeanpi-four.pf3":"europeanpi-four.pf3","europeanpi-four.pfa":"europeanpi-four.pfa","europeanpi-four.pfb":"europeanpi-four.pfb","europeanpi-four.php":"europeanpi-four.php","europeanpi-four.pmf":"europeanpi-four.pmf","europeanpi-four.pt3":"europeanpi-four.pt3","europeanpi-four.sfd":"europeanpi-four.sfd","europeanpi-four.svg":"europeanpi-four.svg","europeanpi-four.t42":"europeanpi-four.t42","europeanpi-four.ttd":"europeanpi-four.ttd","europeanpi-four.ttf":"europeanpi-four.ttf","europeanpi-four.ttg":"europeanpi-four.ttg","europeanpi-four.ufm":"europeanpi-four.ufm","europeanpi-four.woff":"europeanpi-four.woff","europeanpi-four.z":"europeanpi-four.z","":{"europeanpi-four.afm":"europeanpi-four.afm","europeanpi-four.bin":"europeanpi-four.bin","europeanpi-four.cef":"europeanpi-four.cef","europeanpi-four.cff":"europeanpi-four.cff","europeanpi-four.cid":"europeanpi-four.cid","europeanpi-four.dfont":"europeanpi-four.dfont","europeanpi-four.eot":"europeanpi-four.eot","europeanpi-four.fon":"europeanpi-four.fon","europeanpi-four.gai":"europeanpi-four.gai","europeanpi-four.gsf":"europeanpi-four.gsf","europeanpi-four.hqx":"europeanpi-four.hqx","europeanpi-four.ik":"europeanpi-four.ik","europeanpi-four.mf":"europeanpi-four.mf","europeanpi-four.otf":"europeanpi-four.otf","europeanpi-four.pcf":"europeanpi-four.pcf","europeanpi-four.pf3":"europeanpi-four.pf3","europeanpi-four.pfa":"europeanpi-four.pfa","europeanpi-four.pfb":"europeanpi-four.pfb","europeanpi-four.php":"europeanpi-four.php","europeanpi-four.pmf":"europeanpi-four.pmf","europeanpi-four.pt3":"europeanpi-four.pt3","europeanpi-four.sfd":"europeanpi-four.sfd","europeanpi-four.svg":"europeanpi-four.svg","europeanpi-four.t42":"europeanpi-four.t42","europeanpi-four.ttd":"europeanpi-four.ttd","europeanpi-four.ttf":"europeanpi-four.ttf","europeanpi-four.ttg":"europeanpi-four.ttg","europeanpi-four.ufm":"europeanpi-four.ufm","europeanpi-four.woff":"europeanpi-four.woff","europeanpi-four.z":"europeanpi-four.z"},"\/europeanpi-four.ufo":{"feature.fea":"feature.fea","fontinfo.plist":"fontinfo.plist","groups.plist":"groups.plist","kerning.plist":"kerning.plist","metainfo.plist":"metainfo.plist"},"\/europeanpi-four.ufo\/glyphs":{"L_41460.glif":"L_41460.glif","L_50096.glif":"L_50096.glif","L_50128.glif":"L_50128.glif","L_50136.glif":"L_50136.glif","L_50143.glif":"L_50143.glif","L_50145.glif":"L_50145.glif","L_50146.glif":"L_50146.glif","L_50172.glif":"L_50172.glif","L_50173.glif":"L_50173.glif","L_50257.glif":"L_50257.glif","L_50259.glif":"L_50259.glif","L_50260.glif":"L_50260.glif","L_50261.glif":"L_50261.glif","L_50262.glif":"L_50262.glif","L_50286.glif":"L_50286.glif","L_50289.glif":"L_50289.glif","L_50292.glif":"L_50292.glif","L_50294.glif":"L_50294.glif","L_50300.glif":"L_50300.glif","L_50303.glif":"L_50303.glif","L_50305.glif":"L_50305.glif","L_50306.glif":"L_50306.glif","L_50307.glif":"L_50307.glif","L_50308.glif":"L_50308.glif","L_50309.glif":"L_50309.glif","L_50310.glif":"L_50310.glif","L_50478.glif":"L_50478.glif","L_50479.glif":"L_50479.glif","L_50480.glif":"L_50480.glif","L_50481.glif":"L_50481.glif","L_50518.glif":"L_50518.glif","L_50519.glif":"L_50519.glif","L_50557.glif":"L_50557.glif","L_50558.glif":"L_50558.glif","L_50559.glif":"L_50559.glif","L_50560.glif":"L_50560.glif","L_50753.glif":"L_50753.glif","L_52647.glif":"L_52647.glif","L_53103.glif":"L_53103.glif","L_60597.glif":"L_60597.glif","contents.plist":"contents.plist","emspace.glif":"emspace.glif","enspace.glif":"enspace.glif","space.glif":"space.glif","thinspace.glif":"thinspace.glif"}},"Font":{"uploaded":1472276568.5107,"licence":"gpl3","company":"Chronolabs Cooperative"},"Table":{"FFTM":{"entryLength":16,"tag":"FFTM","checksum":1944309168,"offset":7516,"length":28},"GDEF":{"entryLength":16,"tag":"GDEF","checksum":6029318,"offset":7484,"length":32},"OS\/2":{"entryLength":16,"tag":"OS\/2","checksum":1449000782,"offset":344,"length":86},"cmap":{"entryLength":16,"tag":"cmap","checksum":540362509,"offset":620,"length":342},"gasp":{"entryLength":16,"tag":"gasp","checksum":4294901763,"offset":7476,"length":8},"glyf":{"entryLength":16,"tag":"glyf","checksum":648533729,"offset":1060,"length":5284},"head":{"entryLength":16,"tag":"head","checksum":181728470,"offset":220,"length":54},"hhea":{"entryLength":16,"tag":"hhea","checksum":124453677,"offset":276,"length":36},"hmtx":{"entryLength":16,"tag":"hmtx","checksum":2434992461,"offset":432,"length":186},"loca":{"entryLength":16,"tag":"loca","checksum":1695705738,"offset":964,"length":96},"maxp":{"entryLength":16,"tag":"maxp","checksum":7995566,"offset":312,"length":32},"name":{"entryLength":16,"tag":"name","checksum":4250251583,"offset":6344,"length":696},"post":{"entryLength":16,"tag":"post","checksum":969533428,"offset":7040,"length":434}},"UnicodeCharMap":{"32":3,"8194":5,"8195":4,"8201":26},"Reserves":null,"Names":[],"Nodes":{"eu":{"type":"typal","node":"eu","usage":1,"weight":1},"an":{"type":"typal","node":"an","usage":1,"weight":1},"eur":{"type":"typal","node":"eur","usage":1,"weight":1},"ean":{"type":"typal","node":"ean","usage":1,"weight":1},"euro":{"type":"keys","node":"euro","usage":1,"weight":1},"pean":{"type":"keys","node":"pean","usage":1,"weight":1},"europ":{"type":"keys","node":"europ","usage":1,"weight":1},"opean":{"type":"keys","node":"opean","usage":1,"weight":1},"european":{"type":"fixes","node":"european","usage":1,"weight":1},"pi":{"type":"fixes","node":"pi","usage":1,"weight":1}},"Contributors":[],"FontIdentity":"bfaa631f24f0bf440f797533aaef3692","Bytes":949734,"Networking":[],"barcode":"aui10m9kuyamsy","referee":"oaayq"}