{"CSS":{"Outlander-Black":"Outlander-Black.css"},"FontType":"TrueType","FontCopyright":"Copr. Rian Hughes, 1995. Published by FontShop International. FontFont release 13","FontName":"Outlander","FontSubfamily":"Black","FontSubfamilyID":"FontForge 2.0 : Outlander-Black : 15-8-2016","FontFullName":"Outlander Black","FontVersion":"Version 001.000 ","FontWeight":null,"FontPostscriptName":"Outlander-Black","Files":{"\/fonts\/Unpacking\/bd074f39fb74998420582c345c55c359586318d0\/outlander-black.afm":"\/fonts\/Unpacking\/bd074f39fb74998420582c345c55c359586318d0\/outlander-black.afm","\/fonts\/Unpacking\/bd074f39fb74998420582c345c55c359586318d0\/outlander-black.bin":"\/fonts\/Unpacking\/bd074f39fb74998420582c345c55c359586318d0\/outlander-black.bin","\/fonts\/Unpacking\/bd074f39fb74998420582c345c55c359586318d0\/outlander-black.cef":"\/fonts\/Unpacking\/bd074f39fb74998420582c345c55c359586318d0\/outlander-black.cef","\/fonts\/Unpacking\/bd074f39fb74998420582c345c55c359586318d0\/outlander-black.cff":"\/fonts\/Unpacking\/bd074f39fb74998420582c345c55c359586318d0\/outlander-black.cff","\/fonts\/Unpacking\/bd074f39fb74998420582c345c55c359586318d0\/outlander-black.cid":"\/fonts\/Unpacking\/bd074f39fb74998420582c345c55c359586318d0\/outlander-black.cid","\/fonts\/Unpacking\/bd074f39fb74998420582c345c55c359586318d0\/outlander-black.dfont":"\/fonts\/Unpacking\/bd074f39fb74998420582c345c55c359586318d0\/outlander-black.dfont","\/fonts\/Unpacking\/bd074f39fb74998420582c345c55c359586318d0\/outlander-black.eot":"\/fonts\/Unpacking\/bd074f39fb74998420582c345c55c359586318d0\/outlander-black.eot","\/fonts\/Unpacking\/bd074f39fb74998420582c345c55c359586318d0\/outlander-black.fon":"\/fonts\/Unpacking\/bd074f39fb74998420582c345c55c359586318d0\/outlander-black.fon","\/fonts\/Unpacking\/bd074f39fb74998420582c345c55c359586318d0\/outlander-black.gai":"\/fonts\/Unpacking\/bd074f39fb74998420582c345c55c359586318d0\/outlander-black.gai","\/fonts\/Unpacking\/bd074f39fb74998420582c345c55c359586318d0\/outlander-black.gsf":"\/fonts\/Unpacking\/bd074f39fb74998420582c345c55c359586318d0\/outlander-black.gsf","\/fonts\/Unpacking\/bd074f39fb74998420582c345c55c359586318d0\/outlander-black.hqx":"\/fonts\/Unpacking\/bd074f39fb74998420582c345c55c359586318d0\/outlander-black.hqx","\/fonts\/Unpacking\/bd074f39fb74998420582c345c55c359586318d0\/outlander-black.ik":"\/fonts\/Unpacking\/bd074f39fb74998420582c345c55c359586318d0\/outlander-black.ik","\/fonts\/Unpacking\/bd074f39fb74998420582c345c55c359586318d0\/outlander-black.mf":"\/fonts\/Unpacking\/bd074f39fb74998420582c345c55c359586318d0\/outlander-black.mf","\/fonts\/Unpacking\/bd074f39fb74998420582c345c55c359586318d0\/outlander-black.otf":"\/fonts\/Unpacking\/bd074f39fb74998420582c345c55c359586318d0\/outlander-black.otf","\/fonts\/Unpacking\/bd074f39fb74998420582c345c55c359586318d0\/outlander-black.pcf":"\/fonts\/Unpacking\/bd074f39fb74998420582c345c55c359586318d0\/outlander-black.pcf","\/fonts\/Unpacking\/bd074f39fb74998420582c345c55c359586318d0\/outlander-black.pf3":"\/fonts\/Unpacking\/bd074f39fb74998420582c345c55c359586318d0\/outlander-black.pf3","\/fonts\/Unpacking\/bd074f39fb74998420582c345c55c359586318d0\/outlander-black.pfa":"\/fonts\/Unpacking\/bd074f39fb74998420582c345c55c359586318d0\/outlander-black.pfa","\/fonts\/Unpacking\/bd074f39fb74998420582c345c55c359586318d0\/outlander-black.pfb":"\/fonts\/Unpacking\/bd074f39fb74998420582c345c55c359586318d0\/outlander-black.pfb","\/fonts\/Unpacking\/bd074f39fb74998420582c345c55c359586318d0\/outlander-black.php":"\/fonts\/Unpacking\/bd074f39fb74998420582c345c55c359586318d0\/outlander-black.php","\/fonts\/Unpacking\/bd074f39fb74998420582c345c55c359586318d0\/outlander-black.pmf":"\/fonts\/Unpacking\/bd074f39fb74998420582c345c55c359586318d0\/outlander-black.pmf","\/fonts\/Unpacking\/bd074f39fb74998420582c345c55c359586318d0\/outlander-black.pt3":"\/fonts\/Unpacking\/bd074f39fb74998420582c345c55c359586318d0\/outlander-black.pt3","\/fonts\/Unpacking\/bd074f39fb74998420582c345c55c359586318d0\/outlander-black.sfd":"\/fonts\/Unpacking\/bd074f39fb74998420582c345c55c359586318d0\/outlander-black.sfd","\/fonts\/Unpacking\/bd074f39fb74998420582c345c55c359586318d0\/outlander-black.svg":"\/fonts\/Unpacking\/bd074f39fb74998420582c345c55c359586318d0\/outlander-black.svg","\/fonts\/Unpacking\/bd074f39fb74998420582c345c55c359586318d0\/outlander-black.t42":"\/fonts\/Unpacking\/bd074f39fb74998420582c345c55c359586318d0\/outlander-black.t42","\/fonts\/Unpacking\/bd074f39fb74998420582c345c55c359586318d0\/outlander-black.ttd":"\/fonts\/Unpacking\/bd074f39fb74998420582c345c55c359586318d0\/outlander-black.ttd","\/fonts\/Unpacking\/bd074f39fb74998420582c345c55c359586318d0\/outlander-black.ttf":"\/fonts\/Unpacking\/bd074f39fb74998420582c345c55c359586318d0\/outlander-black.ttf","\/fonts\/Unpacking\/bd074f39fb74998420582c345c55c359586318d0\/outlander-black.ttg":"\/fonts\/Unpacking\/bd074f39fb74998420582c345c55c359586318d0\/outlander-black.ttg","\/fonts\/Unpacking\/bd074f39fb74998420582c345c55c359586318d0\/outlander-black.ufm":"\/fonts\/Unpacking\/bd074f39fb74998420582c345c55c359586318d0\/outlander-black.ufm","\/fonts\/Unpacking\/bd074f39fb74998420582c345c55c359586318d0\/outlander-black.woff":"\/fonts\/Unpacking\/bd074f39fb74998420582c345c55c359586318d0\/outlander-black.woff","\/fonts\/Unpacking\/bd074f39fb74998420582c345c55c359586318d0\/outlander-black.z":"\/fonts\/Unpacking\/bd074f39fb74998420582c345c55c359586318d0\/outlander-black.z","\/fonts\/Unpacking\/bd074f39fb74998420582c345c55c359586318d0\/outlander-black.ufo\/feature.fea":"\/fonts\/Unpacking\/bd074f39fb74998420582c345c55c359586318d0\/outlander-black.ufo\/feature.fea","\/fonts\/Unpacking\/bd074f39fb74998420582c345c55c359586318d0\/outlander-black.ufo\/fontinfo.plist":"\/fonts\/Unpacking\/bd074f39fb74998420582c345c55c359586318d0\/outlander-black.ufo\/fontinfo.plist","\/fonts\/Unpacking\/bd074f39fb74998420582c345c55c359586318d0\/outlander-black.ufo\/groups.plist":"\/fonts\/Unpacking\/bd074f39fb74998420582c345c55c359586318d0\/outlander-black.ufo\/groups.plist","\/fonts\/Unpacking\/bd074f39fb74998420582c345c55c359586318d0\/outlander-black.ufo\/kerning.plist":"\/fonts\/Unpacking\/bd074f39fb74998420582c345c55c359586318d0\/outlander-black.ufo\/kerning.plist","\/fonts\/Unpacking\/bd074f39fb74998420582c345c55c359586318d0\/outlander-black.ufo\/metainfo.plist":"\/fonts\/Unpacking\/bd074f39fb74998420582c345c55c359586318d0\/outlander-black.ufo\/metainfo.plist","\/fonts\/Unpacking\/bd074f39fb74998420582c345c55c359586318d0\/outlander-black.ufo\/glyphs\/A_.glif":"\/fonts\/Unpacking\/bd074f39fb74998420582c345c55c359586318d0\/outlander-black.ufo\/glyphs\/A_.glif","\/fonts\/Unpacking\/bd074f39fb74998420582c345c55c359586318d0\/outlander-black.ufo\/glyphs\/A_E_.glif":"\/fonts\/Unpacking\/bd074f39fb74998420582c345c55c359586318d0\/outlander-black.ufo\/glyphs\/A_E_.glif","\/fonts\/Unpacking\/bd074f39fb74998420582c345c55c359586318d0\/outlander-black.ufo\/glyphs\/A_acute.glif":"\/fonts\/Unpacking\/bd074f39fb74998420582c345c55c359586318d0\/outlander-black.ufo\/glyphs\/A_acute.glif","\/fonts\/Unpacking\/bd074f39fb74998420582c345c55c359586318d0\/outlander-black.ufo\/glyphs\/A_circumflex.glif":"\/fonts\/Unpacking\/bd074f39fb74998420582c345c55c359586318d0\/outlander-black.ufo\/glyphs\/A_circumflex.glif","\/fonts\/Unpacking\/bd074f39fb74998420582c345c55c359586318d0\/outlander-black.ufo\/glyphs\/A_dieresis.glif":"\/fonts\/Unpacking\/bd074f39fb74998420582c345c55c359586318d0\/outlander-black.ufo\/glyphs\/A_dieresis.glif","\/fonts\/Unpacking\/bd074f39fb74998420582c345c55c359586318d0\/outlander-black.ufo\/glyphs\/A_grave.glif":"\/fonts\/Unpacking\/bd074f39fb74998420582c345c55c359586318d0\/outlander-black.ufo\/glyphs\/A_grave.glif","\/fonts\/Unpacking\/bd074f39fb74998420582c345c55c359586318d0\/outlander-black.ufo\/glyphs\/A_ring.glif":"\/fonts\/Unpacking\/bd074f39fb74998420582c345c55c359586318d0\/outlander-black.ufo\/glyphs\/A_ring.glif","\/fonts\/Unpacking\/bd074f39fb74998420582c345c55c359586318d0\/outlander-black.ufo\/glyphs\/A_tilde.glif":"\/fonts\/Unpacking\/bd074f39fb74998420582c345c55c359586318d0\/outlander-black.ufo\/glyphs\/A_tilde.glif","\/fonts\/Unpacking\/bd074f39fb74998420582c345c55c359586318d0\/outlander-black.ufo\/glyphs\/B_.glif":"\/fonts\/Unpacking\/bd074f39fb74998420582c345c55c359586318d0\/outlander-black.ufo\/glyphs\/B_.glif","\/fonts\/Unpacking\/bd074f39fb74998420582c345c55c359586318d0\/outlander-black.ufo\/glyphs\/C_.glif":"\/fonts\/Unpacking\/bd074f39fb74998420582c345c55c359586318d0\/outlander-black.ufo\/glyphs\/C_.glif","\/fonts\/Unpacking\/bd074f39fb74998420582c345c55c359586318d0\/outlander-black.ufo\/glyphs\/C_cedilla.glif":"\/fonts\/Unpacking\/bd074f39fb74998420582c345c55c359586318d0\/outlander-black.ufo\/glyphs\/C_cedilla.glif","\/fonts\/Unpacking\/bd074f39fb74998420582c345c55c359586318d0\/outlander-black.ufo\/glyphs\/D_.glif":"\/fonts\/Unpacking\/bd074f39fb74998420582c345c55c359586318d0\/outlander-black.ufo\/glyphs\/D_.glif","\/fonts\/Unpacking\/bd074f39fb74998420582c345c55c359586318d0\/outlander-black.ufo\/glyphs\/E_.glif":"\/fonts\/Unpacking\/bd074f39fb74998420582c345c55c359586318d0\/outlander-black.ufo\/glyphs\/E_.glif","\/fonts\/Unpacking\/bd074f39fb74998420582c345c55c359586318d0\/outlander-black.ufo\/glyphs\/E_acute.glif":"\/fonts\/Unpacking\/bd074f39fb74998420582c345c55c359586318d0\/outlander-black.ufo\/glyphs\/E_acute.glif","\/fonts\/Unpacking\/bd074f39fb74998420582c345c55c359586318d0\/outlander-black.ufo\/glyphs\/E_circumflex.glif":"\/fonts\/Unpacking\/bd074f39fb74998420582c345c55c359586318d0\/outlander-black.ufo\/glyphs\/E_circumflex.glif","\/fonts\/Unpacking\/bd074f39fb74998420582c345c55c359586318d0\/outlander-black.ufo\/glyphs\/E_dieresis.glif":"\/fonts\/Unpacking\/bd074f39fb74998420582c345c55c359586318d0\/outlander-black.ufo\/glyphs\/E_dieresis.glif","\/fonts\/Unpacking\/bd074f39fb74998420582c345c55c359586318d0\/outlander-black.ufo\/glyphs\/E_grave.glif":"\/fonts\/Unpacking\/bd074f39fb74998420582c345c55c359586318d0\/outlander-black.ufo\/glyphs\/E_grave.glif","\/fonts\/Unpacking\/bd074f39fb74998420582c345c55c359586318d0\/outlander-black.ufo\/glyphs\/E_th.glif":"\/fonts\/Unpacking\/bd074f39fb74998420582c345c55c359586318d0\/outlander-black.ufo\/glyphs\/E_th.glif","\/fonts\/Unpacking\/bd074f39fb74998420582c345c55c359586318d0\/outlander-black.ufo\/glyphs\/F_.glif":"\/fonts\/Unpacking\/bd074f39fb74998420582c345c55c359586318d0\/outlander-black.ufo\/glyphs\/F_.glif","\/fonts\/Unpacking\/bd074f39fb74998420582c345c55c359586318d0\/outlander-black.ufo\/glyphs\/G_.glif":"\/fonts\/Unpacking\/bd074f39fb74998420582c345c55c359586318d0\/outlander-black.ufo\/glyphs\/G_.glif","\/fonts\/Unpacking\/bd074f39fb74998420582c345c55c359586318d0\/outlander-black.ufo\/glyphs\/H_.glif":"\/fonts\/Unpacking\/bd074f39fb74998420582c345c55c359586318d0\/outlander-black.ufo\/glyphs\/H_.glif","\/fonts\/Unpacking\/bd074f39fb74998420582c345c55c359586318d0\/outlander-black.ufo\/glyphs\/I_.glif":"\/fonts\/Unpacking\/bd074f39fb74998420582c345c55c359586318d0\/outlander-black.ufo\/glyphs\/I_.glif","\/fonts\/Unpacking\/bd074f39fb74998420582c345c55c359586318d0\/outlander-black.ufo\/glyphs\/I_acute.glif":"\/fonts\/Unpacking\/bd074f39fb74998420582c345c55c359586318d0\/outlander-black.ufo\/glyphs\/I_acute.glif","\/fonts\/Unpacking\/bd074f39fb74998420582c345c55c359586318d0\/outlander-black.ufo\/glyphs\/I_circumflex.glif":"\/fonts\/Unpacking\/bd074f39fb74998420582c345c55c359586318d0\/outlander-black.ufo\/glyphs\/I_circumflex.glif","\/fonts\/Unpacking\/bd074f39fb74998420582c345c55c359586318d0\/outlander-black.ufo\/glyphs\/I_dieresis.glif":"\/fonts\/Unpacking\/bd074f39fb74998420582c345c55c359586318d0\/outlander-black.ufo\/glyphs\/I_dieresis.glif","\/fonts\/Unpacking\/bd074f39fb74998420582c345c55c359586318d0\/outlander-black.ufo\/glyphs\/I_grave.glif":"\/fonts\/Unpacking\/bd074f39fb74998420582c345c55c359586318d0\/outlander-black.ufo\/glyphs\/I_grave.glif","\/fonts\/Unpacking\/bd074f39fb74998420582c345c55c359586318d0\/outlander-black.ufo\/glyphs\/J_.glif":"\/fonts\/Unpacking\/bd074f39fb74998420582c345c55c359586318d0\/outlander-black.ufo\/glyphs\/J_.glif","\/fonts\/Unpacking\/bd074f39fb74998420582c345c55c359586318d0\/outlander-black.ufo\/glyphs\/K_.glif":"\/fonts\/Unpacking\/bd074f39fb74998420582c345c55c359586318d0\/outlander-black.ufo\/glyphs\/K_.glif","\/fonts\/Unpacking\/bd074f39fb74998420582c345c55c359586318d0\/outlander-black.ufo\/glyphs\/L_.glif":"\/fonts\/Unpacking\/bd074f39fb74998420582c345c55c359586318d0\/outlander-black.ufo\/glyphs\/L_.glif","\/fonts\/Unpacking\/bd074f39fb74998420582c345c55c359586318d0\/outlander-black.ufo\/glyphs\/L_slash.glif":"\/fonts\/Unpacking\/bd074f39fb74998420582c345c55c359586318d0\/outlander-black.ufo\/glyphs\/L_slash.glif","\/fonts\/Unpacking\/bd074f39fb74998420582c345c55c359586318d0\/outlander-black.ufo\/glyphs\/M_.glif":"\/fonts\/Unpacking\/bd074f39fb74998420582c345c55c359586318d0\/outlander-black.ufo\/glyphs\/M_.glif","\/fonts\/Unpacking\/bd074f39fb74998420582c345c55c359586318d0\/outlander-black.ufo\/glyphs\/N_.glif":"\/fonts\/Unpacking\/bd074f39fb74998420582c345c55c359586318d0\/outlander-black.ufo\/glyphs\/N_.glif","\/fonts\/Unpacking\/bd074f39fb74998420582c345c55c359586318d0\/outlander-black.ufo\/glyphs\/N_tilde.glif":"\/fonts\/Unpacking\/bd074f39fb74998420582c345c55c359586318d0\/outlander-black.ufo\/glyphs\/N_tilde.glif","\/fonts\/Unpacking\/bd074f39fb74998420582c345c55c359586318d0\/outlander-black.ufo\/glyphs\/O_.glif":"\/fonts\/Unpacking\/bd074f39fb74998420582c345c55c359586318d0\/outlander-black.ufo\/glyphs\/O_.glif","\/fonts\/Unpacking\/bd074f39fb74998420582c345c55c359586318d0\/outlander-black.ufo\/glyphs\/O_E_.glif":"\/fonts\/Unpacking\/bd074f39fb74998420582c345c55c359586318d0\/outlander-black.ufo\/glyphs\/O_E_.glif","\/fonts\/Unpacking\/bd074f39fb74998420582c345c55c359586318d0\/outlander-black.ufo\/glyphs\/O_acute.glif":"\/fonts\/Unpacking\/bd074f39fb74998420582c345c55c359586318d0\/outlander-black.ufo\/glyphs\/O_acute.glif","\/fonts\/Unpacking\/bd074f39fb74998420582c345c55c359586318d0\/outlander-black.ufo\/glyphs\/O_circumflex.glif":"\/fonts\/Unpacking\/bd074f39fb74998420582c345c55c359586318d0\/outlander-black.ufo\/glyphs\/O_circumflex.glif","\/fonts\/Unpacking\/bd074f39fb74998420582c345c55c359586318d0\/outlander-black.ufo\/glyphs\/O_dieresis.glif":"\/fonts\/Unpacking\/bd074f39fb74998420582c345c55c359586318d0\/outlander-black.ufo\/glyphs\/O_dieresis.glif","\/fonts\/Unpacking\/bd074f39fb74998420582c345c55c359586318d0\/outlander-black.ufo\/glyphs\/O_grave.glif":"\/fonts\/Unpacking\/bd074f39fb74998420582c345c55c359586318d0\/outlander-black.ufo\/glyphs\/O_grave.glif","\/fonts\/Unpacking\/bd074f39fb74998420582c345c55c359586318d0\/outlander-black.ufo\/glyphs\/O_mega.glif":"\/fonts\/Unpacking\/bd074f39fb74998420582c345c55c359586318d0\/outlander-black.ufo\/glyphs\/O_mega.glif","\/fonts\/Unpacking\/bd074f39fb74998420582c345c55c359586318d0\/outlander-black.ufo\/glyphs\/O_slash.glif":"\/fonts\/Unpacking\/bd074f39fb74998420582c345c55c359586318d0\/outlander-black.ufo\/glyphs\/O_slash.glif","\/fonts\/Unpacking\/bd074f39fb74998420582c345c55c359586318d0\/outlander-black.ufo\/glyphs\/O_tilde.glif":"\/fonts\/Unpacking\/bd074f39fb74998420582c345c55c359586318d0\/outlander-black.ufo\/glyphs\/O_tilde.glif","\/fonts\/Unpacking\/bd074f39fb74998420582c345c55c359586318d0\/outlander-black.ufo\/glyphs\/P_.glif":"\/fonts\/Unpacking\/bd074f39fb74998420582c345c55c359586318d0\/outlander-black.ufo\/glyphs\/P_.glif","\/fonts\/Unpacking\/bd074f39fb74998420582c345c55c359586318d0\/outlander-black.ufo\/glyphs\/Q_.glif":"\/fonts\/Unpacking\/bd074f39fb74998420582c345c55c359586318d0\/outlander-black.ufo\/glyphs\/Q_.glif","\/fonts\/Unpacking\/bd074f39fb74998420582c345c55c359586318d0\/outlander-black.ufo\/glyphs\/R_.glif":"\/fonts\/Unpacking\/bd074f39fb74998420582c345c55c359586318d0\/outlander-black.ufo\/glyphs\/R_.glif","\/fonts\/Unpacking\/bd074f39fb74998420582c345c55c359586318d0\/outlander-black.ufo\/glyphs\/S_.glif":"\/fonts\/Unpacking\/bd074f39fb74998420582c345c55c359586318d0\/outlander-black.ufo\/glyphs\/S_.glif","\/fonts\/Unpacking\/bd074f39fb74998420582c345c55c359586318d0\/outlander-black.ufo\/glyphs\/S_caron.glif":"\/fonts\/Unpacking\/bd074f39fb74998420582c345c55c359586318d0\/outlander-black.ufo\/glyphs\/S_caron.glif","\/fonts\/Unpacking\/bd074f39fb74998420582c345c55c359586318d0\/outlander-black.ufo\/glyphs\/T_.glif":"\/fonts\/Unpacking\/bd074f39fb74998420582c345c55c359586318d0\/outlander-black.ufo\/glyphs\/T_.glif","\/fonts\/Unpacking\/bd074f39fb74998420582c345c55c359586318d0\/outlander-black.ufo\/glyphs\/T_horn.glif":"\/fonts\/Unpacking\/bd074f39fb74998420582c345c55c359586318d0\/outlander-black.ufo\/glyphs\/T_horn.glif","\/fonts\/Unpacking\/bd074f39fb74998420582c345c55c359586318d0\/outlander-black.ufo\/glyphs\/U_.glif":"\/fonts\/Unpacking\/bd074f39fb74998420582c345c55c359586318d0\/outlander-black.ufo\/glyphs\/U_.glif","\/fonts\/Unpacking\/bd074f39fb74998420582c345c55c359586318d0\/outlander-black.ufo\/glyphs\/U_acute.glif":"\/fonts\/Unpacking\/bd074f39fb74998420582c345c55c359586318d0\/outlander-black.ufo\/glyphs\/U_acute.glif","\/fonts\/Unpacking\/bd074f39fb74998420582c345c55c359586318d0\/outlander-black.ufo\/glyphs\/U_circumflex.glif":"\/fonts\/Unpacking\/bd074f39fb74998420582c345c55c359586318d0\/outlander-black.ufo\/glyphs\/U_circumflex.glif","\/fonts\/Unpacking\/bd074f39fb74998420582c345c55c359586318d0\/outlander-black.ufo\/glyphs\/U_dieresis.glif":"\/fonts\/Unpacking\/bd074f39fb74998420582c345c55c359586318d0\/outlander-black.ufo\/glyphs\/U_dieresis.glif","\/fonts\/Unpacking\/bd074f39fb74998420582c345c55c359586318d0\/outlander-black.ufo\/glyphs\/U_grave.glif":"\/fonts\/Unpacking\/bd074f39fb74998420582c345c55c359586318d0\/outlander-black.ufo\/glyphs\/U_grave.glif","\/fonts\/Unpacking\/bd074f39fb74998420582c345c55c359586318d0\/outlander-black.ufo\/glyphs\/V_.glif":"\/fonts\/Unpacking\/bd074f39fb74998420582c345c55c359586318d0\/outlander-black.ufo\/glyphs\/V_.glif","\/fonts\/Unpacking\/bd074f39fb74998420582c345c55c359586318d0\/outlander-black.ufo\/glyphs\/W_.glif":"\/fonts\/Unpacking\/bd074f39fb74998420582c345c55c359586318d0\/outlander-black.ufo\/glyphs\/W_.glif","\/fonts\/Unpacking\/bd074f39fb74998420582c345c55c359586318d0\/outlander-black.ufo\/glyphs\/X_.glif":"\/fonts\/Unpacking\/bd074f39fb74998420582c345c55c359586318d0\/outlander-black.ufo\/glyphs\/X_.glif","\/fonts\/Unpacking\/bd074f39fb74998420582c345c55c359586318d0\/outlander-black.ufo\/glyphs\/Y_.glif":"\/fonts\/Unpacking\/bd074f39fb74998420582c345c55c359586318d0\/outlander-black.ufo\/glyphs\/Y_.glif","\/fonts\/Unpacking\/bd074f39fb74998420582c345c55c359586318d0\/outlander-black.ufo\/glyphs\/Y_acute.glif":"\/fonts\/Unpacking\/bd074f39fb74998420582c345c55c359586318d0\/outlander-black.ufo\/glyphs\/Y_acute.glif","\/fonts\/Unpacking\/bd074f39fb74998420582c345c55c359586318d0\/outlander-black.ufo\/glyphs\/Y_dieresis.glif":"\/fonts\/Unpacking\/bd074f39fb74998420582c345c55c359586318d0\/outlander-black.ufo\/glyphs\/Y_dieresis.glif","\/fonts\/Unpacking\/bd074f39fb74998420582c345c55c359586318d0\/outlander-black.ufo\/glyphs\/Z_.glif":"\/fonts\/Unpacking\/bd074f39fb74998420582c345c55c359586318d0\/outlander-black.ufo\/glyphs\/Z_.glif","\/fonts\/Unpacking\/bd074f39fb74998420582c345c55c359586318d0\/outlander-black.ufo\/glyphs\/Z_caron.glif":"\/fonts\/Unpacking\/bd074f39fb74998420582c345c55c359586318d0\/outlander-black.ufo\/glyphs\/Z_caron.glif","\/fonts\/Unpacking\/bd074f39fb74998420582c345c55c359586318d0\/outlander-black.ufo\/glyphs\/a.glif":"\/fonts\/Unpacking\/bd074f39fb74998420582c345c55c359586318d0\/outlander-black.ufo\/glyphs\/a.glif","\/fonts\/Unpacking\/bd074f39fb74998420582c345c55c359586318d0\/outlander-black.ufo\/glyphs\/aacute.glif":"\/fonts\/Unpacking\/bd074f39fb74998420582c345c55c359586318d0\/outlander-black.ufo\/glyphs\/aacute.glif","\/fonts\/Unpacking\/bd074f39fb74998420582c345c55c359586318d0\/outlander-black.ufo\/glyphs\/acircumflex.glif":"\/fonts\/Unpacking\/bd074f39fb74998420582c345c55c359586318d0\/outlander-black.ufo\/glyphs\/acircumflex.glif","\/fonts\/Unpacking\/bd074f39fb74998420582c345c55c359586318d0\/outlander-black.ufo\/glyphs\/acute.glif":"\/fonts\/Unpacking\/bd074f39fb74998420582c345c55c359586318d0\/outlander-black.ufo\/glyphs\/acute.glif","\/fonts\/Unpacking\/bd074f39fb74998420582c345c55c359586318d0\/outlander-black.ufo\/glyphs\/adieresis.glif":"\/fonts\/Unpacking\/bd074f39fb74998420582c345c55c359586318d0\/outlander-black.ufo\/glyphs\/adieresis.glif","\/fonts\/Unpacking\/bd074f39fb74998420582c345c55c359586318d0\/outlander-black.ufo\/glyphs\/ae.glif":"\/fonts\/Unpacking\/bd074f39fb74998420582c345c55c359586318d0\/outlander-black.ufo\/glyphs\/ae.glif","\/fonts\/Unpacking\/bd074f39fb74998420582c345c55c359586318d0\/outlander-black.ufo\/glyphs\/agrave.glif":"\/fonts\/Unpacking\/bd074f39fb74998420582c345c55c359586318d0\/outlander-black.ufo\/glyphs\/agrave.glif","\/fonts\/Unpacking\/bd074f39fb74998420582c345c55c359586318d0\/outlander-black.ufo\/glyphs\/ampersand.glif":"\/fonts\/Unpacking\/bd074f39fb74998420582c345c55c359586318d0\/outlander-black.ufo\/glyphs\/ampersand.glif","\/fonts\/Unpacking\/bd074f39fb74998420582c345c55c359586318d0\/outlander-black.ufo\/glyphs\/apple.glif":"\/fonts\/Unpacking\/bd074f39fb74998420582c345c55c359586318d0\/outlander-black.ufo\/glyphs\/apple.glif","\/fonts\/Unpacking\/bd074f39fb74998420582c345c55c359586318d0\/outlander-black.ufo\/glyphs\/aring.glif":"\/fonts\/Unpacking\/bd074f39fb74998420582c345c55c359586318d0\/outlander-black.ufo\/glyphs\/aring.glif","\/fonts\/Unpacking\/bd074f39fb74998420582c345c55c359586318d0\/outlander-black.ufo\/glyphs\/asciicircum.glif":"\/fonts\/Unpacking\/bd074f39fb74998420582c345c55c359586318d0\/outlander-black.ufo\/glyphs\/asciicircum.glif","\/fonts\/Unpacking\/bd074f39fb74998420582c345c55c359586318d0\/outlander-black.ufo\/glyphs\/asciitilde.glif":"\/fonts\/Unpacking\/bd074f39fb74998420582c345c55c359586318d0\/outlander-black.ufo\/glyphs\/asciitilde.glif","\/fonts\/Unpacking\/bd074f39fb74998420582c345c55c359586318d0\/outlander-black.ufo\/glyphs\/asterisk.glif":"\/fonts\/Unpacking\/bd074f39fb74998420582c345c55c359586318d0\/outlander-black.ufo\/glyphs\/asterisk.glif","\/fonts\/Unpacking\/bd074f39fb74998420582c345c55c359586318d0\/outlander-black.ufo\/glyphs\/at.glif":"\/fonts\/Unpacking\/bd074f39fb74998420582c345c55c359586318d0\/outlander-black.ufo\/glyphs\/at.glif","\/fonts\/Unpacking\/bd074f39fb74998420582c345c55c359586318d0\/outlander-black.ufo\/glyphs\/atilde.glif":"\/fonts\/Unpacking\/bd074f39fb74998420582c345c55c359586318d0\/outlander-black.ufo\/glyphs\/atilde.glif","\/fonts\/Unpacking\/bd074f39fb74998420582c345c55c359586318d0\/outlander-black.ufo\/glyphs\/b.glif":"\/fonts\/Unpacking\/bd074f39fb74998420582c345c55c359586318d0\/outlander-black.ufo\/glyphs\/b.glif","\/fonts\/Unpacking\/bd074f39fb74998420582c345c55c359586318d0\/outlander-black.ufo\/glyphs\/backslash.glif":"\/fonts\/Unpacking\/bd074f39fb74998420582c345c55c359586318d0\/outlander-black.ufo\/glyphs\/backslash.glif","\/fonts\/Unpacking\/bd074f39fb74998420582c345c55c359586318d0\/outlander-black.ufo\/glyphs\/bar.glif":"\/fonts\/Unpacking\/bd074f39fb74998420582c345c55c359586318d0\/outlander-black.ufo\/glyphs\/bar.glif","\/fonts\/Unpacking\/bd074f39fb74998420582c345c55c359586318d0\/outlander-black.ufo\/glyphs\/braceleft.glif":"\/fonts\/Unpacking\/bd074f39fb74998420582c345c55c359586318d0\/outlander-black.ufo\/glyphs\/braceleft.glif","\/fonts\/Unpacking\/bd074f39fb74998420582c345c55c359586318d0\/outlander-black.ufo\/glyphs\/braceright.glif":"\/fonts\/Unpacking\/bd074f39fb74998420582c345c55c359586318d0\/outlander-black.ufo\/glyphs\/braceright.glif","\/fonts\/Unpacking\/bd074f39fb74998420582c345c55c359586318d0\/outlander-black.ufo\/glyphs\/bracketleft.glif":"\/fonts\/Unpacking\/bd074f39fb74998420582c345c55c359586318d0\/outlander-black.ufo\/glyphs\/bracketleft.glif","\/fonts\/Unpacking\/bd074f39fb74998420582c345c55c359586318d0\/outlander-black.ufo\/glyphs\/bracketright.glif":"\/fonts\/Unpacking\/bd074f39fb74998420582c345c55c359586318d0\/outlander-black.ufo\/glyphs\/bracketright.glif","\/fonts\/Unpacking\/bd074f39fb74998420582c345c55c359586318d0\/outlander-black.ufo\/glyphs\/breve.glif":"\/fonts\/Unpacking\/bd074f39fb74998420582c345c55c359586318d0\/outlander-black.ufo\/glyphs\/breve.glif","\/fonts\/Unpacking\/bd074f39fb74998420582c345c55c359586318d0\/outlander-black.ufo\/glyphs\/brokenbar.glif":"\/fonts\/Unpacking\/bd074f39fb74998420582c345c55c359586318d0\/outlander-black.ufo\/glyphs\/brokenbar.glif","\/fonts\/Unpacking\/bd074f39fb74998420582c345c55c359586318d0\/outlander-black.ufo\/glyphs\/bullet.glif":"\/fonts\/Unpacking\/bd074f39fb74998420582c345c55c359586318d0\/outlander-black.ufo\/glyphs\/bullet.glif","\/fonts\/Unpacking\/bd074f39fb74998420582c345c55c359586318d0\/outlander-black.ufo\/glyphs\/c.glif":"\/fonts\/Unpacking\/bd074f39fb74998420582c345c55c359586318d0\/outlander-black.ufo\/glyphs\/c.glif","\/fonts\/Unpacking\/bd074f39fb74998420582c345c55c359586318d0\/outlander-black.ufo\/glyphs\/caron.glif":"\/fonts\/Unpacking\/bd074f39fb74998420582c345c55c359586318d0\/outlander-black.ufo\/glyphs\/caron.glif","\/fonts\/Unpacking\/bd074f39fb74998420582c345c55c359586318d0\/outlander-black.ufo\/glyphs\/ccedilla.glif":"\/fonts\/Unpacking\/bd074f39fb74998420582c345c55c359586318d0\/outlander-black.ufo\/glyphs\/ccedilla.glif","\/fonts\/Unpacking\/bd074f39fb74998420582c345c55c359586318d0\/outlander-black.ufo\/glyphs\/cedilla.glif":"\/fonts\/Unpacking\/bd074f39fb74998420582c345c55c359586318d0\/outlander-black.ufo\/glyphs\/cedilla.glif","\/fonts\/Unpacking\/bd074f39fb74998420582c345c55c359586318d0\/outlander-black.ufo\/glyphs\/cent.glif":"\/fonts\/Unpacking\/bd074f39fb74998420582c345c55c359586318d0\/outlander-black.ufo\/glyphs\/cent.glif","\/fonts\/Unpacking\/bd074f39fb74998420582c345c55c359586318d0\/outlander-black.ufo\/glyphs\/circumflex.glif":"\/fonts\/Unpacking\/bd074f39fb74998420582c345c55c359586318d0\/outlander-black.ufo\/glyphs\/circumflex.glif","\/fonts\/Unpacking\/bd074f39fb74998420582c345c55c359586318d0\/outlander-black.ufo\/glyphs\/colon.glif":"\/fonts\/Unpacking\/bd074f39fb74998420582c345c55c359586318d0\/outlander-black.ufo\/glyphs\/colon.glif","\/fonts\/Unpacking\/bd074f39fb74998420582c345c55c359586318d0\/outlander-black.ufo\/glyphs\/comma.glif":"\/fonts\/Unpacking\/bd074f39fb74998420582c345c55c359586318d0\/outlander-black.ufo\/glyphs\/comma.glif","\/fonts\/Unpacking\/bd074f39fb74998420582c345c55c359586318d0\/outlander-black.ufo\/glyphs\/contents.plist":"\/fonts\/Unpacking\/bd074f39fb74998420582c345c55c359586318d0\/outlander-black.ufo\/glyphs\/contents.plist","\/fonts\/Unpacking\/bd074f39fb74998420582c345c55c359586318d0\/outlander-black.ufo\/glyphs\/copyright.glif":"\/fonts\/Unpacking\/bd074f39fb74998420582c345c55c359586318d0\/outlander-black.ufo\/glyphs\/copyright.glif","\/fonts\/Unpacking\/bd074f39fb74998420582c345c55c359586318d0\/outlander-black.ufo\/glyphs\/currency.glif":"\/fonts\/Unpacking\/bd074f39fb74998420582c345c55c359586318d0\/outlander-black.ufo\/glyphs\/currency.glif","\/fonts\/Unpacking\/bd074f39fb74998420582c345c55c359586318d0\/outlander-black.ufo\/glyphs\/d.glif":"\/fonts\/Unpacking\/bd074f39fb74998420582c345c55c359586318d0\/outlander-black.ufo\/glyphs\/d.glif","\/fonts\/Unpacking\/bd074f39fb74998420582c345c55c359586318d0\/outlander-black.ufo\/glyphs\/dagger.glif":"\/fonts\/Unpacking\/bd074f39fb74998420582c345c55c359586318d0\/outlander-black.ufo\/glyphs\/dagger.glif","\/fonts\/Unpacking\/bd074f39fb74998420582c345c55c359586318d0\/outlander-black.ufo\/glyphs\/degree.glif":"\/fonts\/Unpacking\/bd074f39fb74998420582c345c55c359586318d0\/outlander-black.ufo\/glyphs\/degree.glif","\/fonts\/Unpacking\/bd074f39fb74998420582c345c55c359586318d0\/outlander-black.ufo\/glyphs\/dieresis.glif":"\/fonts\/Unpacking\/bd074f39fb74998420582c345c55c359586318d0\/outlander-black.ufo\/glyphs\/dieresis.glif","\/fonts\/Unpacking\/bd074f39fb74998420582c345c55c359586318d0\/outlander-black.ufo\/glyphs\/divide.glif":"\/fonts\/Unpacking\/bd074f39fb74998420582c345c55c359586318d0\/outlander-black.ufo\/glyphs\/divide.glif","\/fonts\/Unpacking\/bd074f39fb74998420582c345c55c359586318d0\/outlander-black.ufo\/glyphs\/dollar.glif":"\/fonts\/Unpacking\/bd074f39fb74998420582c345c55c359586318d0\/outlander-black.ufo\/glyphs\/dollar.glif","\/fonts\/Unpacking\/bd074f39fb74998420582c345c55c359586318d0\/outlander-black.ufo\/glyphs\/dotaccent.glif":"\/fonts\/Unpacking\/bd074f39fb74998420582c345c55c359586318d0\/outlander-black.ufo\/glyphs\/dotaccent.glif","\/fonts\/Unpacking\/bd074f39fb74998420582c345c55c359586318d0\/outlander-black.ufo\/glyphs\/dotlessi.glif":"\/fonts\/Unpacking\/bd074f39fb74998420582c345c55c359586318d0\/outlander-black.ufo\/glyphs\/dotlessi.glif","\/fonts\/Unpacking\/bd074f39fb74998420582c345c55c359586318d0\/outlander-black.ufo\/glyphs\/e.glif":"\/fonts\/Unpacking\/bd074f39fb74998420582c345c55c359586318d0\/outlander-black.ufo\/glyphs\/e.glif","\/fonts\/Unpacking\/bd074f39fb74998420582c345c55c359586318d0\/outlander-black.ufo\/glyphs\/eacute.glif":"\/fonts\/Unpacking\/bd074f39fb74998420582c345c55c359586318d0\/outlander-black.ufo\/glyphs\/eacute.glif","\/fonts\/Unpacking\/bd074f39fb74998420582c345c55c359586318d0\/outlander-black.ufo\/glyphs\/ecircumflex.glif":"\/fonts\/Unpacking\/bd074f39fb74998420582c345c55c359586318d0\/outlander-black.ufo\/glyphs\/ecircumflex.glif","\/fonts\/Unpacking\/bd074f39fb74998420582c345c55c359586318d0\/outlander-black.ufo\/glyphs\/edieresis.glif":"\/fonts\/Unpacking\/bd074f39fb74998420582c345c55c359586318d0\/outlander-black.ufo\/glyphs\/edieresis.glif","\/fonts\/Unpacking\/bd074f39fb74998420582c345c55c359586318d0\/outlander-black.ufo\/glyphs\/egrave.glif":"\/fonts\/Unpacking\/bd074f39fb74998420582c345c55c359586318d0\/outlander-black.ufo\/glyphs\/egrave.glif","\/fonts\/Unpacking\/bd074f39fb74998420582c345c55c359586318d0\/outlander-black.ufo\/glyphs\/eight.glif":"\/fonts\/Unpacking\/bd074f39fb74998420582c345c55c359586318d0\/outlander-black.ufo\/glyphs\/eight.glif","\/fonts\/Unpacking\/bd074f39fb74998420582c345c55c359586318d0\/outlander-black.ufo\/glyphs\/ellipsis.glif":"\/fonts\/Unpacking\/bd074f39fb74998420582c345c55c359586318d0\/outlander-black.ufo\/glyphs\/ellipsis.glif","\/fonts\/Unpacking\/bd074f39fb74998420582c345c55c359586318d0\/outlander-black.ufo\/glyphs\/emdash.glif":"\/fonts\/Unpacking\/bd074f39fb74998420582c345c55c359586318d0\/outlander-black.ufo\/glyphs\/emdash.glif","\/fonts\/Unpacking\/bd074f39fb74998420582c345c55c359586318d0\/outlander-black.ufo\/glyphs\/endash.glif":"\/fonts\/Unpacking\/bd074f39fb74998420582c345c55c359586318d0\/outlander-black.ufo\/glyphs\/endash.glif","\/fonts\/Unpacking\/bd074f39fb74998420582c345c55c359586318d0\/outlander-black.ufo\/glyphs\/equal.glif":"\/fonts\/Unpacking\/bd074f39fb74998420582c345c55c359586318d0\/outlander-black.ufo\/glyphs\/equal.glif","\/fonts\/Unpacking\/bd074f39fb74998420582c345c55c359586318d0\/outlander-black.ufo\/glyphs\/eth.glif":"\/fonts\/Unpacking\/bd074f39fb74998420582c345c55c359586318d0\/outlander-black.ufo\/glyphs\/eth.glif","\/fonts\/Unpacking\/bd074f39fb74998420582c345c55c359586318d0\/outlander-black.ufo\/glyphs\/exclam.glif":"\/fonts\/Unpacking\/bd074f39fb74998420582c345c55c359586318d0\/outlander-black.ufo\/glyphs\/exclam.glif","\/fonts\/Unpacking\/bd074f39fb74998420582c345c55c359586318d0\/outlander-black.ufo\/glyphs\/exclamdown.glif":"\/fonts\/Unpacking\/bd074f39fb74998420582c345c55c359586318d0\/outlander-black.ufo\/glyphs\/exclamdown.glif","\/fonts\/Unpacking\/bd074f39fb74998420582c345c55c359586318d0\/outlander-black.ufo\/glyphs\/f.glif":"\/fonts\/Unpacking\/bd074f39fb74998420582c345c55c359586318d0\/outlander-black.ufo\/glyphs\/f.glif","\/fonts\/Unpacking\/bd074f39fb74998420582c345c55c359586318d0\/outlander-black.ufo\/glyphs\/five.glif":"\/fonts\/Unpacking\/bd074f39fb74998420582c345c55c359586318d0\/outlander-black.ufo\/glyphs\/five.glif","\/fonts\/Unpacking\/bd074f39fb74998420582c345c55c359586318d0\/outlander-black.ufo\/glyphs\/florin.glif":"\/fonts\/Unpacking\/bd074f39fb74998420582c345c55c359586318d0\/outlander-black.ufo\/glyphs\/florin.glif","\/fonts\/Unpacking\/bd074f39fb74998420582c345c55c359586318d0\/outlander-black.ufo\/glyphs\/four.glif":"\/fonts\/Unpacking\/bd074f39fb74998420582c345c55c359586318d0\/outlander-black.ufo\/glyphs\/four.glif","\/fonts\/Unpacking\/bd074f39fb74998420582c345c55c359586318d0\/outlander-black.ufo\/glyphs\/fraction.glif":"\/fonts\/Unpacking\/bd074f39fb74998420582c345c55c359586318d0\/outlander-black.ufo\/glyphs\/fraction.glif","\/fonts\/Unpacking\/bd074f39fb74998420582c345c55c359586318d0\/outlander-black.ufo\/glyphs\/g.glif":"\/fonts\/Unpacking\/bd074f39fb74998420582c345c55c359586318d0\/outlander-black.ufo\/glyphs\/g.glif","\/fonts\/Unpacking\/bd074f39fb74998420582c345c55c359586318d0\/outlander-black.ufo\/glyphs\/germandbls.glif":"\/fonts\/Unpacking\/bd074f39fb74998420582c345c55c359586318d0\/outlander-black.ufo\/glyphs\/germandbls.glif","\/fonts\/Unpacking\/bd074f39fb74998420582c345c55c359586318d0\/outlander-black.ufo\/glyphs\/grave.glif":"\/fonts\/Unpacking\/bd074f39fb74998420582c345c55c359586318d0\/outlander-black.ufo\/glyphs\/grave.glif","\/fonts\/Unpacking\/bd074f39fb74998420582c345c55c359586318d0\/outlander-black.ufo\/glyphs\/greater.glif":"\/fonts\/Unpacking\/bd074f39fb74998420582c345c55c359586318d0\/outlander-black.ufo\/glyphs\/greater.glif","\/fonts\/Unpacking\/bd074f39fb74998420582c345c55c359586318d0\/outlander-black.ufo\/glyphs\/greaterequal.glif":"\/fonts\/Unpacking\/bd074f39fb74998420582c345c55c359586318d0\/outlander-black.ufo\/glyphs\/greaterequal.glif","\/fonts\/Unpacking\/bd074f39fb74998420582c345c55c359586318d0\/outlander-black.ufo\/glyphs\/guillemotleft.glif":"\/fonts\/Unpacking\/bd074f39fb74998420582c345c55c359586318d0\/outlander-black.ufo\/glyphs\/guillemotleft.glif","\/fonts\/Unpacking\/bd074f39fb74998420582c345c55c359586318d0\/outlander-black.ufo\/glyphs\/guillemotright.glif":"\/fonts\/Unpacking\/bd074f39fb74998420582c345c55c359586318d0\/outlander-black.ufo\/glyphs\/guillemotright.glif","\/fonts\/Unpacking\/bd074f39fb74998420582c345c55c359586318d0\/outlander-black.ufo\/glyphs\/guilsinglleft.glif":"\/fonts\/Unpacking\/bd074f39fb74998420582c345c55c359586318d0\/outlander-black.ufo\/glyphs\/guilsinglleft.glif","\/fonts\/Unpacking\/bd074f39fb74998420582c345c55c359586318d0\/outlander-black.ufo\/glyphs\/guilsinglright.glif":"\/fonts\/Unpacking\/bd074f39fb74998420582c345c55c359586318d0\/outlander-black.ufo\/glyphs\/guilsinglright.glif","\/fonts\/Unpacking\/bd074f39fb74998420582c345c55c359586318d0\/outlander-black.ufo\/glyphs\/h.glif":"\/fonts\/Unpacking\/bd074f39fb74998420582c345c55c359586318d0\/outlander-black.ufo\/glyphs\/h.glif","\/fonts\/Unpacking\/bd074f39fb74998420582c345c55c359586318d0\/outlander-black.ufo\/glyphs\/hungarumlaut.glif":"\/fonts\/Unpacking\/bd074f39fb74998420582c345c55c359586318d0\/outlander-black.ufo\/glyphs\/hungarumlaut.glif","\/fonts\/Unpacking\/bd074f39fb74998420582c345c55c359586318d0\/outlander-black.ufo\/glyphs\/hyphen.glif":"\/fonts\/Unpacking\/bd074f39fb74998420582c345c55c359586318d0\/outlander-black.ufo\/glyphs\/hyphen.glif","\/fonts\/Unpacking\/bd074f39fb74998420582c345c55c359586318d0\/outlander-black.ufo\/glyphs\/i.glif":"\/fonts\/Unpacking\/bd074f39fb74998420582c345c55c359586318d0\/outlander-black.ufo\/glyphs\/i.glif","\/fonts\/Unpacking\/bd074f39fb74998420582c345c55c359586318d0\/outlander-black.ufo\/glyphs\/iacute.glif":"\/fonts\/Unpacking\/bd074f39fb74998420582c345c55c359586318d0\/outlander-black.ufo\/glyphs\/iacute.glif","\/fonts\/Unpacking\/bd074f39fb74998420582c345c55c359586318d0\/outlander-black.ufo\/glyphs\/icircumflex.glif":"\/fonts\/Unpacking\/bd074f39fb74998420582c345c55c359586318d0\/outlander-black.ufo\/glyphs\/icircumflex.glif","\/fonts\/Unpacking\/bd074f39fb74998420582c345c55c359586318d0\/outlander-black.ufo\/glyphs\/idieresis.glif":"\/fonts\/Unpacking\/bd074f39fb74998420582c345c55c359586318d0\/outlander-black.ufo\/glyphs\/idieresis.glif","\/fonts\/Unpacking\/bd074f39fb74998420582c345c55c359586318d0\/outlander-black.ufo\/glyphs\/igrave.glif":"\/fonts\/Unpacking\/bd074f39fb74998420582c345c55c359586318d0\/outlander-black.ufo\/glyphs\/igrave.glif","\/fonts\/Unpacking\/bd074f39fb74998420582c345c55c359586318d0\/outlander-black.ufo\/glyphs\/infinity.glif":"\/fonts\/Unpacking\/bd074f39fb74998420582c345c55c359586318d0\/outlander-black.ufo\/glyphs\/infinity.glif","\/fonts\/Unpacking\/bd074f39fb74998420582c345c55c359586318d0\/outlander-black.ufo\/glyphs\/integral.glif":"\/fonts\/Unpacking\/bd074f39fb74998420582c345c55c359586318d0\/outlander-black.ufo\/glyphs\/integral.glif","\/fonts\/Unpacking\/bd074f39fb74998420582c345c55c359586318d0\/outlander-black.ufo\/glyphs\/j.glif":"\/fonts\/Unpacking\/bd074f39fb74998420582c345c55c359586318d0\/outlander-black.ufo\/glyphs\/j.glif","\/fonts\/Unpacking\/bd074f39fb74998420582c345c55c359586318d0\/outlander-black.ufo\/glyphs\/k.glif":"\/fonts\/Unpacking\/bd074f39fb74998420582c345c55c359586318d0\/outlander-black.ufo\/glyphs\/k.glif","\/fonts\/Unpacking\/bd074f39fb74998420582c345c55c359586318d0\/outlander-black.ufo\/glyphs\/l.glif":"\/fonts\/Unpacking\/bd074f39fb74998420582c345c55c359586318d0\/outlander-black.ufo\/glyphs\/l.glif","\/fonts\/Unpacking\/bd074f39fb74998420582c345c55c359586318d0\/outlander-black.ufo\/glyphs\/less.glif":"\/fonts\/Unpacking\/bd074f39fb74998420582c345c55c359586318d0\/outlander-black.ufo\/glyphs\/less.glif","\/fonts\/Unpacking\/bd074f39fb74998420582c345c55c359586318d0\/outlander-black.ufo\/glyphs\/lessequal.glif":"\/fonts\/Unpacking\/bd074f39fb74998420582c345c55c359586318d0\/outlander-black.ufo\/glyphs\/lessequal.glif","\/fonts\/Unpacking\/bd074f39fb74998420582c345c55c359586318d0\/outlander-black.ufo\/glyphs\/logicalnot.glif":"\/fonts\/Unpacking\/bd074f39fb74998420582c345c55c359586318d0\/outlander-black.ufo\/glyphs\/logicalnot.glif","\/fonts\/Unpacking\/bd074f39fb74998420582c345c55c359586318d0\/outlander-black.ufo\/glyphs\/lslash.glif":"\/fonts\/Unpacking\/bd074f39fb74998420582c345c55c359586318d0\/outlander-black.ufo\/glyphs\/lslash.glif","\/fonts\/Unpacking\/bd074f39fb74998420582c345c55c359586318d0\/outlander-black.ufo\/glyphs\/m.glif":"\/fonts\/Unpacking\/bd074f39fb74998420582c345c55c359586318d0\/outlander-black.ufo\/glyphs\/m.glif","\/fonts\/Unpacking\/bd074f39fb74998420582c345c55c359586318d0\/outlander-black.ufo\/glyphs\/macron.glif":"\/fonts\/Unpacking\/bd074f39fb74998420582c345c55c359586318d0\/outlander-black.ufo\/glyphs\/macron.glif","\/fonts\/Unpacking\/bd074f39fb74998420582c345c55c359586318d0\/outlander-black.ufo\/glyphs\/minus.glif":"\/fonts\/Unpacking\/bd074f39fb74998420582c345c55c359586318d0\/outlander-black.ufo\/glyphs\/minus.glif","\/fonts\/Unpacking\/bd074f39fb74998420582c345c55c359586318d0\/outlander-black.ufo\/glyphs\/mu.glif":"\/fonts\/Unpacking\/bd074f39fb74998420582c345c55c359586318d0\/outlander-black.ufo\/glyphs\/mu.glif","\/fonts\/Unpacking\/bd074f39fb74998420582c345c55c359586318d0\/outlander-black.ufo\/glyphs\/multiply.glif":"\/fonts\/Unpacking\/bd074f39fb74998420582c345c55c359586318d0\/outlander-black.ufo\/glyphs\/multiply.glif","\/fonts\/Unpacking\/bd074f39fb74998420582c345c55c359586318d0\/outlander-black.ufo\/glyphs\/n.glif":"\/fonts\/Unpacking\/bd074f39fb74998420582c345c55c359586318d0\/outlander-black.ufo\/glyphs\/n.glif","\/fonts\/Unpacking\/bd074f39fb74998420582c345c55c359586318d0\/outlander-black.ufo\/glyphs\/nbspace.glif":"\/fonts\/Unpacking\/bd074f39fb74998420582c345c55c359586318d0\/outlander-black.ufo\/glyphs\/nbspace.glif","\/fonts\/Unpacking\/bd074f39fb74998420582c345c55c359586318d0\/outlander-black.ufo\/glyphs\/nine.glif":"\/fonts\/Unpacking\/bd074f39fb74998420582c345c55c359586318d0\/outlander-black.ufo\/glyphs\/nine.glif","\/fonts\/Unpacking\/bd074f39fb74998420582c345c55c359586318d0\/outlander-black.ufo\/glyphs\/notequal.glif":"\/fonts\/Unpacking\/bd074f39fb74998420582c345c55c359586318d0\/outlander-black.ufo\/glyphs\/notequal.glif","\/fonts\/Unpacking\/bd074f39fb74998420582c345c55c359586318d0\/outlander-black.ufo\/glyphs\/ntilde.glif":"\/fonts\/Unpacking\/bd074f39fb74998420582c345c55c359586318d0\/outlander-black.ufo\/glyphs\/ntilde.glif","\/fonts\/Unpacking\/bd074f39fb74998420582c345c55c359586318d0\/outlander-black.ufo\/glyphs\/numbersign.glif":"\/fonts\/Unpacking\/bd074f39fb74998420582c345c55c359586318d0\/outlander-black.ufo\/glyphs\/numbersign.glif","\/fonts\/Unpacking\/bd074f39fb74998420582c345c55c359586318d0\/outlander-black.ufo\/glyphs\/o.glif":"\/fonts\/Unpacking\/bd074f39fb74998420582c345c55c359586318d0\/outlander-black.ufo\/glyphs\/o.glif","\/fonts\/Unpacking\/bd074f39fb74998420582c345c55c359586318d0\/outlander-black.ufo\/glyphs\/oacute.glif":"\/fonts\/Unpacking\/bd074f39fb74998420582c345c55c359586318d0\/outlander-black.ufo\/glyphs\/oacute.glif","\/fonts\/Unpacking\/bd074f39fb74998420582c345c55c359586318d0\/outlander-black.ufo\/glyphs\/ocircumflex.glif":"\/fonts\/Unpacking\/bd074f39fb74998420582c345c55c359586318d0\/outlander-black.ufo\/glyphs\/ocircumflex.glif","\/fonts\/Unpacking\/bd074f39fb74998420582c345c55c359586318d0\/outlander-black.ufo\/glyphs\/odieresis.glif":"\/fonts\/Unpacking\/bd074f39fb74998420582c345c55c359586318d0\/outlander-black.ufo\/glyphs\/odieresis.glif","\/fonts\/Unpacking\/bd074f39fb74998420582c345c55c359586318d0\/outlander-black.ufo\/glyphs\/oe.glif":"\/fonts\/Unpacking\/bd074f39fb74998420582c345c55c359586318d0\/outlander-black.ufo\/glyphs\/oe.glif","\/fonts\/Unpacking\/bd074f39fb74998420582c345c55c359586318d0\/outlander-black.ufo\/glyphs\/ogonek.glif":"\/fonts\/Unpacking\/bd074f39fb74998420582c345c55c359586318d0\/outlander-black.ufo\/glyphs\/ogonek.glif","\/fonts\/Unpacking\/bd074f39fb74998420582c345c55c359586318d0\/outlander-black.ufo\/glyphs\/ograve.glif":"\/fonts\/Unpacking\/bd074f39fb74998420582c345c55c359586318d0\/outlander-black.ufo\/glyphs\/ograve.glif","\/fonts\/Unpacking\/bd074f39fb74998420582c345c55c359586318d0\/outlander-black.ufo\/glyphs\/one.glif":"\/fonts\/Unpacking\/bd074f39fb74998420582c345c55c359586318d0\/outlander-black.ufo\/glyphs\/one.glif","\/fonts\/Unpacking\/bd074f39fb74998420582c345c55c359586318d0\/outlander-black.ufo\/glyphs\/ordfeminine.glif":"\/fonts\/Unpacking\/bd074f39fb74998420582c345c55c359586318d0\/outlander-black.ufo\/glyphs\/ordfeminine.glif","\/fonts\/Unpacking\/bd074f39fb74998420582c345c55c359586318d0\/outlander-black.ufo\/glyphs\/ordmasculine.glif":"\/fonts\/Unpacking\/bd074f39fb74998420582c345c55c359586318d0\/outlander-black.ufo\/glyphs\/ordmasculine.glif","\/fonts\/Unpacking\/bd074f39fb74998420582c345c55c359586318d0\/outlander-black.ufo\/glyphs\/oslash.glif":"\/fonts\/Unpacking\/bd074f39fb74998420582c345c55c359586318d0\/outlander-black.ufo\/glyphs\/oslash.glif","\/fonts\/Unpacking\/bd074f39fb74998420582c345c55c359586318d0\/outlander-black.ufo\/glyphs\/otilde.glif":"\/fonts\/Unpacking\/bd074f39fb74998420582c345c55c359586318d0\/outlander-black.ufo\/glyphs\/otilde.glif","\/fonts\/Unpacking\/bd074f39fb74998420582c345c55c359586318d0\/outlander-black.ufo\/glyphs\/p.glif":"\/fonts\/Unpacking\/bd074f39fb74998420582c345c55c359586318d0\/outlander-black.ufo\/glyphs\/p.glif","\/fonts\/Unpacking\/bd074f39fb74998420582c345c55c359586318d0\/outlander-black.ufo\/glyphs\/paragraph.glif":"\/fonts\/Unpacking\/bd074f39fb74998420582c345c55c359586318d0\/outlander-black.ufo\/glyphs\/paragraph.glif","\/fonts\/Unpacking\/bd074f39fb74998420582c345c55c359586318d0\/outlander-black.ufo\/glyphs\/parenleft.glif":"\/fonts\/Unpacking\/bd074f39fb74998420582c345c55c359586318d0\/outlander-black.ufo\/glyphs\/parenleft.glif","\/fonts\/Unpacking\/bd074f39fb74998420582c345c55c359586318d0\/outlander-black.ufo\/glyphs\/parenright.glif":"\/fonts\/Unpacking\/bd074f39fb74998420582c345c55c359586318d0\/outlander-black.ufo\/glyphs\/parenright.glif","\/fonts\/Unpacking\/bd074f39fb74998420582c345c55c359586318d0\/outlander-black.ufo\/glyphs\/partialdiff.glif":"\/fonts\/Unpacking\/bd074f39fb74998420582c345c55c359586318d0\/outlander-black.ufo\/glyphs\/partialdiff.glif","\/fonts\/Unpacking\/bd074f39fb74998420582c345c55c359586318d0\/outlander-black.ufo\/glyphs\/percent.glif":"\/fonts\/Unpacking\/bd074f39fb74998420582c345c55c359586318d0\/outlander-black.ufo\/glyphs\/percent.glif","\/fonts\/Unpacking\/bd074f39fb74998420582c345c55c359586318d0\/outlander-black.ufo\/glyphs\/period.glif":"\/fonts\/Unpacking\/bd074f39fb74998420582c345c55c359586318d0\/outlander-black.ufo\/glyphs\/period.glif","\/fonts\/Unpacking\/bd074f39fb74998420582c345c55c359586318d0\/outlander-black.ufo\/glyphs\/periodcentered.glif":"\/fonts\/Unpacking\/bd074f39fb74998420582c345c55c359586318d0\/outlander-black.ufo\/glyphs\/periodcentered.glif","\/fonts\/Unpacking\/bd074f39fb74998420582c345c55c359586318d0\/outlander-black.ufo\/glyphs\/perthousand.glif":"\/fonts\/Unpacking\/bd074f39fb74998420582c345c55c359586318d0\/outlander-black.ufo\/glyphs\/perthousand.glif","\/fonts\/Unpacking\/bd074f39fb74998420582c345c55c359586318d0\/outlander-black.ufo\/glyphs\/pi.glif":"\/fonts\/Unpacking\/bd074f39fb74998420582c345c55c359586318d0\/outlander-black.ufo\/glyphs\/pi.glif","\/fonts\/Unpacking\/bd074f39fb74998420582c345c55c359586318d0\/outlander-black.ufo\/glyphs\/plus.glif":"\/fonts\/Unpacking\/bd074f39fb74998420582c345c55c359586318d0\/outlander-black.ufo\/glyphs\/plus.glif","\/fonts\/Unpacking\/bd074f39fb74998420582c345c55c359586318d0\/outlander-black.ufo\/glyphs\/plusminus.glif":"\/fonts\/Unpacking\/bd074f39fb74998420582c345c55c359586318d0\/outlander-black.ufo\/glyphs\/plusminus.glif","\/fonts\/Unpacking\/bd074f39fb74998420582c345c55c359586318d0\/outlander-black.ufo\/glyphs\/product.glif":"\/fonts\/Unpacking\/bd074f39fb74998420582c345c55c359586318d0\/outlander-black.ufo\/glyphs\/product.glif","\/fonts\/Unpacking\/bd074f39fb74998420582c345c55c359586318d0\/outlander-black.ufo\/glyphs\/q.glif":"\/fonts\/Unpacking\/bd074f39fb74998420582c345c55c359586318d0\/outlander-black.ufo\/glyphs\/q.glif","\/fonts\/Unpacking\/bd074f39fb74998420582c345c55c359586318d0\/outlander-black.ufo\/glyphs\/question.glif":"\/fonts\/Unpacking\/bd074f39fb74998420582c345c55c359586318d0\/outlander-black.ufo\/glyphs\/question.glif","\/fonts\/Unpacking\/bd074f39fb74998420582c345c55c359586318d0\/outlander-black.ufo\/glyphs\/questiondown.glif":"\/fonts\/Unpacking\/bd074f39fb74998420582c345c55c359586318d0\/outlander-black.ufo\/glyphs\/questiondown.glif","\/fonts\/Unpacking\/bd074f39fb74998420582c345c55c359586318d0\/outlander-black.ufo\/glyphs\/quotedbl.glif":"\/fonts\/Unpacking\/bd074f39fb74998420582c345c55c359586318d0\/outlander-black.ufo\/glyphs\/quotedbl.glif","\/fonts\/Unpacking\/bd074f39fb74998420582c345c55c359586318d0\/outlander-black.ufo\/glyphs\/quotedblbase.glif":"\/fonts\/Unpacking\/bd074f39fb74998420582c345c55c359586318d0\/outlander-black.ufo\/glyphs\/quotedblbase.glif","\/fonts\/Unpacking\/bd074f39fb74998420582c345c55c359586318d0\/outlander-black.ufo\/glyphs\/quotedblleft.glif":"\/fonts\/Unpacking\/bd074f39fb74998420582c345c55c359586318d0\/outlander-black.ufo\/glyphs\/quotedblleft.glif","\/fonts\/Unpacking\/bd074f39fb74998420582c345c55c359586318d0\/outlander-black.ufo\/glyphs\/quotedblright.glif":"\/fonts\/Unpacking\/bd074f39fb74998420582c345c55c359586318d0\/outlander-black.ufo\/glyphs\/quotedblright.glif","\/fonts\/Unpacking\/bd074f39fb74998420582c345c55c359586318d0\/outlander-black.ufo\/glyphs\/quoteleft.glif":"\/fonts\/Unpacking\/bd074f39fb74998420582c345c55c359586318d0\/outlander-black.ufo\/glyphs\/quoteleft.glif","\/fonts\/Unpacking\/bd074f39fb74998420582c345c55c359586318d0\/outlander-black.ufo\/glyphs\/quoteright.glif":"\/fonts\/Unpacking\/bd074f39fb74998420582c345c55c359586318d0\/outlander-black.ufo\/glyphs\/quoteright.glif","\/fonts\/Unpacking\/bd074f39fb74998420582c345c55c359586318d0\/outlander-black.ufo\/glyphs\/quotesinglbase.glif":"\/fonts\/Unpacking\/bd074f39fb74998420582c345c55c359586318d0\/outlander-black.ufo\/glyphs\/quotesinglbase.glif","\/fonts\/Unpacking\/bd074f39fb74998420582c345c55c359586318d0\/outlander-black.ufo\/glyphs\/quotesingle.glif":"\/fonts\/Unpacking\/bd074f39fb74998420582c345c55c359586318d0\/outlander-black.ufo\/glyphs\/quotesingle.glif","\/fonts\/Unpacking\/bd074f39fb74998420582c345c55c359586318d0\/outlander-black.ufo\/glyphs\/r.glif":"\/fonts\/Unpacking\/bd074f39fb74998420582c345c55c359586318d0\/outlander-black.ufo\/glyphs\/r.glif","\/fonts\/Unpacking\/bd074f39fb74998420582c345c55c359586318d0\/outlander-black.ufo\/glyphs\/registered.glif":"\/fonts\/Unpacking\/bd074f39fb74998420582c345c55c359586318d0\/outlander-black.ufo\/glyphs\/registered.glif","\/fonts\/Unpacking\/bd074f39fb74998420582c345c55c359586318d0\/outlander-black.ufo\/glyphs\/ring.glif":"\/fonts\/Unpacking\/bd074f39fb74998420582c345c55c359586318d0\/outlander-black.ufo\/glyphs\/ring.glif","\/fonts\/Unpacking\/bd074f39fb74998420582c345c55c359586318d0\/outlander-black.ufo\/glyphs\/s.glif":"\/fonts\/Unpacking\/bd074f39fb74998420582c345c55c359586318d0\/outlander-black.ufo\/glyphs\/s.glif","\/fonts\/Unpacking\/bd074f39fb74998420582c345c55c359586318d0\/outlander-black.ufo\/glyphs\/scaron.glif":"\/fonts\/Unpacking\/bd074f39fb74998420582c345c55c359586318d0\/outlander-black.ufo\/glyphs\/scaron.glif","\/fonts\/Unpacking\/bd074f39fb74998420582c345c55c359586318d0\/outlander-black.ufo\/glyphs\/semicolon.glif":"\/fonts\/Unpacking\/bd074f39fb74998420582c345c55c359586318d0\/outlander-black.ufo\/glyphs\/semicolon.glif","\/fonts\/Unpacking\/bd074f39fb74998420582c345c55c359586318d0\/outlander-black.ufo\/glyphs\/seven.glif":"\/fonts\/Unpacking\/bd074f39fb74998420582c345c55c359586318d0\/outlander-black.ufo\/glyphs\/seven.glif","\/fonts\/Unpacking\/bd074f39fb74998420582c345c55c359586318d0\/outlander-black.ufo\/glyphs\/six.glif":"\/fonts\/Unpacking\/bd074f39fb74998420582c345c55c359586318d0\/outlander-black.ufo\/glyphs\/six.glif","\/fonts\/Unpacking\/bd074f39fb74998420582c345c55c359586318d0\/outlander-black.ufo\/glyphs\/slash.glif":"\/fonts\/Unpacking\/bd074f39fb74998420582c345c55c359586318d0\/outlander-black.ufo\/glyphs\/slash.glif","\/fonts\/Unpacking\/bd074f39fb74998420582c345c55c359586318d0\/outlander-black.ufo\/glyphs\/space.glif":"\/fonts\/Unpacking\/bd074f39fb74998420582c345c55c359586318d0\/outlander-black.ufo\/glyphs\/space.glif","\/fonts\/Unpacking\/bd074f39fb74998420582c345c55c359586318d0\/outlander-black.ufo\/glyphs\/sterling.glif":"\/fonts\/Unpacking\/bd074f39fb74998420582c345c55c359586318d0\/outlander-black.ufo\/glyphs\/sterling.glif","\/fonts\/Unpacking\/bd074f39fb74998420582c345c55c359586318d0\/outlander-black.ufo\/glyphs\/summation.glif":"\/fonts\/Unpacking\/bd074f39fb74998420582c345c55c359586318d0\/outlander-black.ufo\/glyphs\/summation.glif","\/fonts\/Unpacking\/bd074f39fb74998420582c345c55c359586318d0\/outlander-black.ufo\/glyphs\/t.glif":"\/fonts\/Unpacking\/bd074f39fb74998420582c345c55c359586318d0\/outlander-black.ufo\/glyphs\/t.glif","\/fonts\/Unpacking\/bd074f39fb74998420582c345c55c359586318d0\/outlander-black.ufo\/glyphs\/thorn.glif":"\/fonts\/Unpacking\/bd074f39fb74998420582c345c55c359586318d0\/outlander-black.ufo\/glyphs\/thorn.glif","\/fonts\/Unpacking\/bd074f39fb74998420582c345c55c359586318d0\/outlander-black.ufo\/glyphs\/three.glif":"\/fonts\/Unpacking\/bd074f39fb74998420582c345c55c359586318d0\/outlander-black.ufo\/glyphs\/three.glif","\/fonts\/Unpacking\/bd074f39fb74998420582c345c55c359586318d0\/outlander-black.ufo\/glyphs\/tilde.glif":"\/fonts\/Unpacking\/bd074f39fb74998420582c345c55c359586318d0\/outlander-black.ufo\/glyphs\/tilde.glif","\/fonts\/Unpacking\/bd074f39fb74998420582c345c55c359586318d0\/outlander-black.ufo\/glyphs\/trademark.glif":"\/fonts\/Unpacking\/bd074f39fb74998420582c345c55c359586318d0\/outlander-black.ufo\/glyphs\/trademark.glif","\/fonts\/Unpacking\/bd074f39fb74998420582c345c55c359586318d0\/outlander-black.ufo\/glyphs\/two.glif":"\/fonts\/Unpacking\/bd074f39fb74998420582c345c55c359586318d0\/outlander-black.ufo\/glyphs\/two.glif","\/fonts\/Unpacking\/bd074f39fb74998420582c345c55c359586318d0\/outlander-black.ufo\/glyphs\/u.glif":"\/fonts\/Unpacking\/bd074f39fb74998420582c345c55c359586318d0\/outlander-black.ufo\/glyphs\/u.glif","\/fonts\/Unpacking\/bd074f39fb74998420582c345c55c359586318d0\/outlander-black.ufo\/glyphs\/uacute.glif":"\/fonts\/Unpacking\/bd074f39fb74998420582c345c55c359586318d0\/outlander-black.ufo\/glyphs\/uacute.glif","\/fonts\/Unpacking\/bd074f39fb74998420582c345c55c359586318d0\/outlander-black.ufo\/glyphs\/ucircumflex.glif":"\/fonts\/Unpacking\/bd074f39fb74998420582c345c55c359586318d0\/outlander-black.ufo\/glyphs\/ucircumflex.glif","\/fonts\/Unpacking\/bd074f39fb74998420582c345c55c359586318d0\/outlander-black.ufo\/glyphs\/udieresis.glif":"\/fonts\/Unpacking\/bd074f39fb74998420582c345c55c359586318d0\/outlander-black.ufo\/glyphs\/udieresis.glif","\/fonts\/Unpacking\/bd074f39fb74998420582c345c55c359586318d0\/outlander-black.ufo\/glyphs\/ugrave.glif":"\/fonts\/Unpacking\/bd074f39fb74998420582c345c55c359586318d0\/outlander-black.ufo\/glyphs\/ugrave.glif","\/fonts\/Unpacking\/bd074f39fb74998420582c345c55c359586318d0\/outlander-black.ufo\/glyphs\/underscore.glif":"\/fonts\/Unpacking\/bd074f39fb74998420582c345c55c359586318d0\/outlander-black.ufo\/glyphs\/underscore.glif","\/fonts\/Unpacking\/bd074f39fb74998420582c345c55c359586318d0\/outlander-black.ufo\/glyphs\/v.glif":"\/fonts\/Unpacking\/bd074f39fb74998420582c345c55c359586318d0\/outlander-black.ufo\/glyphs\/v.glif","\/fonts\/Unpacking\/bd074f39fb74998420582c345c55c359586318d0\/outlander-black.ufo\/glyphs\/w.glif":"\/fonts\/Unpacking\/bd074f39fb74998420582c345c55c359586318d0\/outlander-black.ufo\/glyphs\/w.glif","\/fonts\/Unpacking\/bd074f39fb74998420582c345c55c359586318d0\/outlander-black.ufo\/glyphs\/x.glif":"\/fonts\/Unpacking\/bd074f39fb74998420582c345c55c359586318d0\/outlander-black.ufo\/glyphs\/x.glif","\/fonts\/Unpacking\/bd074f39fb74998420582c345c55c359586318d0\/outlander-black.ufo\/glyphs\/y.glif":"\/fonts\/Unpacking\/bd074f39fb74998420582c345c55c359586318d0\/outlander-black.ufo\/glyphs\/y.glif","\/fonts\/Unpacking\/bd074f39fb74998420582c345c55c359586318d0\/outlander-black.ufo\/glyphs\/yacute.glif":"\/fonts\/Unpacking\/bd074f39fb74998420582c345c55c359586318d0\/outlander-black.ufo\/glyphs\/yacute.glif","\/fonts\/Unpacking\/bd074f39fb74998420582c345c55c359586318d0\/outlander-black.ufo\/glyphs\/ydieresis.glif":"\/fonts\/Unpacking\/bd074f39fb74998420582c345c55c359586318d0\/outlander-black.ufo\/glyphs\/ydieresis.glif","\/fonts\/Unpacking\/bd074f39fb74998420582c345c55c359586318d0\/outlander-black.ufo\/glyphs\/yen.glif":"\/fonts\/Unpacking\/bd074f39fb74998420582c345c55c359586318d0\/outlander-black.ufo\/glyphs\/yen.glif","\/fonts\/Unpacking\/bd074f39fb74998420582c345c55c359586318d0\/outlander-black.ufo\/glyphs\/z.glif":"\/fonts\/Unpacking\/bd074f39fb74998420582c345c55c359586318d0\/outlander-black.ufo\/glyphs\/z.glif","\/fonts\/Unpacking\/bd074f39fb74998420582c345c55c359586318d0\/outlander-black.ufo\/glyphs\/zcaron.glif":"\/fonts\/Unpacking\/bd074f39fb74998420582c345c55c359586318d0\/outlander-black.ufo\/glyphs\/zcaron.glif","\/fonts\/Unpacking\/bd074f39fb74998420582c345c55c359586318d0\/outlander-black.ufo\/glyphs\/zero.glif":"\/fonts\/Unpacking\/bd074f39fb74998420582c345c55c359586318d0\/outlander-black.ufo\/glyphs\/zero.glif"},"Font":null,"Licences":{"":false},"Table":{"FFTM":{"entryLength":16,"tag":"FFTM","checksum":1944366704,"offset":28688,"length":28},"GDEF":{"entryLength":16,"tag":"GDEF","checksum":18219014,"offset":28656,"length":32},"OS\/2":{"entryLength":16,"tag":"OS\/2","checksum":1497311230,"offset":344,"length":86},"cmap":{"entryLength":16,"tag":"cmap","checksum":450804363,"offset":1364,"length":654},"gasp":{"entryLength":16,"tag":"gasp","checksum":4294901763,"offset":28648,"length":8},"glyf":{"entryLength":16,"tag":"glyf","checksum":1082081216,"offset":2488,"length":24904},"head":{"entryLength":16,"tag":"head","checksum":256280133,"offset":220,"length":54},"hhea":{"entryLength":16,"tag":"hhea","checksum":205457430,"offset":276,"length":36},"hmtx":{"entryLength":16,"tag":"hmtx","checksum":279528173,"offset":432,"length":932},"loca":{"entryLength":16,"tag":"loca","checksum":2789982382,"offset":2020,"length":468},"maxp":{"entryLength":16,"tag":"maxp","checksum":22544987,"offset":312,"length":32},"name":{"entryLength":16,"tag":"name","checksum":146431400,"offset":27392,"length":747},"post":{"entryLength":16,"tag":"post","checksum":2907700394,"offset":28140,"length":508}},"UnicodeCharMap":{"32":3,"33":4,"34":5,"35":6,"36":7,"37":8,"38":9,"39":10,"40":11,"41":12,"42":13,"43":14,"44":15,"45":16,"46":17,"47":18,"48":19,"49":20,"50":21,"51":22,"52":23,"53":24,"54":25,"55":26,"56":27,"57":28,"58":29,"59":30,"60":31,"61":32,"62":33,"63":34,"64":35,"65":36,"66":37,"67":38,"68":39,"69":40,"70":41,"71":42,"72":43,"73":44,"74":45,"75":46,"76":47,"77":48,"78":49,"79":50,"80":51,"81":52,"82":53,"83":54,"84":55,"85":56,"86":57,"87":58,"88":59,"89":60,"90":61,"91":62,"92":63,"93":64,"94":65,"95":66,"96":67,"97":68,"98":69,"99":70,"100":71,"101":72,"102":73,"103":74,"104":75,"105":76,"106":77,"107":78,"108":79,"109":80,"110":81,"111":82,"112":83,"113":84,"114":85,"115":86,"116":87,"117":88,"118":89,"119":90,"120":91,"121":92,"122":93,"123":94,"124":95,"125":96,"126":97,"160":98,"161":99,"162":100,"163":101,"164":102,"165":103,"166":104,"168":105,"169":106,"170":107,"171":108,"172":109,"174":110,"175":111,"176":112,"177":113,"180":114,"182":116,"183":117,"184":118,"186":119,"187":120,"191":121,"192":122,"193":123,"194":124,"195":125,"196":126,"197":127,"198":128,"199":129,"200":130,"201":131,"202":132,"203":133,"204":134,"205":135,"206":136,"207":137,"208":138,"209":139,"210":140,"211":141,"212":142,"213":143,"214":144,"215":145,"216":146,"217":147,"218":148,"219":149,"220":150,"221":151,"222":152,"223":153,"224":154,"225":155,"226":156,"227":157,"228":158,"229":159,"230":160,"231":161,"232":162,"233":163,"234":164,"235":165,"236":166,"237":167,"238":168,"239":169,"240":170,"241":171,"242":172,"243":173,"244":174,"245":175,"246":176,"247":177,"248":178,"249":179,"250":180,"251":181,"252":182,"253":183,"254":184,"255":185,"305":212,"321":210,"322":213,"338":211,"339":214,"352":215,"353":216,"376":231,"381":217,"382":218,"402":189,"710":201,"711":208,"728":203,"729":204,"730":205,"731":207,"732":202,"733":206,"937":230,"956":115,"960":228,"8211":193,"8212":209,"8216":187,"8217":186,"8218":196,"8220":190,"8221":198,"8222":197,"8224":194,"8226":195,"8230":199,"8240":200,"8249":191,"8250":192,"8260":188,"8482":220,"8706":225,"8719":227,"8721":226,"8722":219,"8734":222,"8747":229,"8800":221,"8804":223,"8805":224},"Reserves":null,"Names":[],"Nodes":[],"Contributors":[],"FontIdentity":"be2a02970d1cdfe1076c1ad5f0119a6d","Bytes":2667157,"Networking":null,"barcode":null,"referee":null}