{"CSS":{"Zeitgeist MT Cameo":"buddha0:4f1895549a3f7fc64bc8f3ff.css"},"FontType":"TrueType","FontCopyright":"Copyright (c) 1990 Adobe Systems Incorporated. All rights reservedZeitgeist is a registered trademark of The Monotype Corporation plc","FontName":"Zeitgeist MT","FontSubfamily":"Cameo","FontSubfamilyID":"FontForge 2.0 : Zeitgeist MT Cameo : 16-10-2016","FontFullName":"Zeitgeist MT Cameo","FontVersion":"Version 001.003 ","FontWeight":null,"FontPostscriptName":"ZeitgeistMT-Cameo","Files":{"\/Zeitgeist MT Cameo.css":"\/Zeitgeist MT Cameo.css","\/font-resource.json":"\/font-resource.json","\/zeitgeistmt-cameo.afm":"\/zeitgeistmt-cameo.afm","\/zeitgeistmt-cameo.cef":"\/zeitgeistmt-cameo.cef","\/zeitgeistmt-cameo.cff":"\/zeitgeistmt-cameo.cff","\/zeitgeistmt-cameo.eot":"\/zeitgeistmt-cameo.eot","\/zeitgeistmt-cameo.gai":"\/zeitgeistmt-cameo.gai","\/zeitgeistmt-cameo.gsf":"\/zeitgeistmt-cameo.gsf","\/zeitgeistmt-cameo.otf":"\/zeitgeistmt-cameo.otf","\/zeitgeistmt-cameo.pf3":"\/zeitgeistmt-cameo.pf3","\/zeitgeistmt-cameo.pfa":"\/zeitgeistmt-cameo.pfa","\/zeitgeistmt-cameo.pfb":"\/zeitgeistmt-cameo.pfb","\/zeitgeistmt-cameo.php":"\/zeitgeistmt-cameo.php","\/zeitgeistmt-cameo.pt3":"\/zeitgeistmt-cameo.pt3","\/zeitgeistmt-cameo.sfd":"\/zeitgeistmt-cameo.sfd","\/zeitgeistmt-cameo.svg":"\/zeitgeistmt-cameo.svg","\/zeitgeistmt-cameo.t42":"\/zeitgeistmt-cameo.t42","\/zeitgeistmt-cameo.ttd":"\/zeitgeistmt-cameo.ttd","\/zeitgeistmt-cameo.ttf":"\/zeitgeistmt-cameo.ttf","\/zeitgeistmt-cameo.ttg":"\/zeitgeistmt-cameo.ttg","\/zeitgeistmt-cameo.ufm":"\/zeitgeistmt-cameo.ufm","\/zeitgeistmt-cameo.woff":"\/zeitgeistmt-cameo.woff","\/zeitgeistmt-cameo.z":"\/zeitgeistmt-cameo.z","\/zeitgeistmt-cameo.ufo\/feature.fea":"\/zeitgeistmt-cameo.ufo\/feature.fea","\/zeitgeistmt-cameo.ufo\/fontinfo.plist":"\/zeitgeistmt-cameo.ufo\/fontinfo.plist","\/zeitgeistmt-cameo.ufo\/groups.plist":"\/zeitgeistmt-cameo.ufo\/groups.plist","\/zeitgeistmt-cameo.ufo\/kerning.plist":"\/zeitgeistmt-cameo.ufo\/kerning.plist","\/zeitgeistmt-cameo.ufo\/metainfo.plist":"\/zeitgeistmt-cameo.ufo\/metainfo.plist","\/zeitgeistmt-cameo.ufo\/glyphs\/A_.glif":"\/zeitgeistmt-cameo.ufo\/glyphs\/A_.glif","\/zeitgeistmt-cameo.ufo\/glyphs\/A_E_.glif":"\/zeitgeistmt-cameo.ufo\/glyphs\/A_E_.glif","\/zeitgeistmt-cameo.ufo\/glyphs\/B_.glif":"\/zeitgeistmt-cameo.ufo\/glyphs\/B_.glif","\/zeitgeistmt-cameo.ufo\/glyphs\/C_.glif":"\/zeitgeistmt-cameo.ufo\/glyphs\/C_.glif","\/zeitgeistmt-cameo.ufo\/glyphs\/D_.glif":"\/zeitgeistmt-cameo.ufo\/glyphs\/D_.glif","\/zeitgeistmt-cameo.ufo\/glyphs\/E_.glif":"\/zeitgeistmt-cameo.ufo\/glyphs\/E_.glif","\/zeitgeistmt-cameo.ufo\/glyphs\/E_th.glif":"\/zeitgeistmt-cameo.ufo\/glyphs\/E_th.glif","\/zeitgeistmt-cameo.ufo\/glyphs\/F_.glif":"\/zeitgeistmt-cameo.ufo\/glyphs\/F_.glif","\/zeitgeistmt-cameo.ufo\/glyphs\/G_.glif":"\/zeitgeistmt-cameo.ufo\/glyphs\/G_.glif","\/zeitgeistmt-cameo.ufo\/glyphs\/H_.glif":"\/zeitgeistmt-cameo.ufo\/glyphs\/H_.glif","\/zeitgeistmt-cameo.ufo\/glyphs\/I_.glif":"\/zeitgeistmt-cameo.ufo\/glyphs\/I_.glif","\/zeitgeistmt-cameo.ufo\/glyphs\/J_.glif":"\/zeitgeistmt-cameo.ufo\/glyphs\/J_.glif","\/zeitgeistmt-cameo.ufo\/glyphs\/K_.glif":"\/zeitgeistmt-cameo.ufo\/glyphs\/K_.glif","\/zeitgeistmt-cameo.ufo\/glyphs\/L_.glif":"\/zeitgeistmt-cameo.ufo\/glyphs\/L_.glif","\/zeitgeistmt-cameo.ufo\/glyphs\/L_slash.glif":"\/zeitgeistmt-cameo.ufo\/glyphs\/L_slash.glif","\/zeitgeistmt-cameo.ufo\/glyphs\/M_.glif":"\/zeitgeistmt-cameo.ufo\/glyphs\/M_.glif","\/zeitgeistmt-cameo.ufo\/glyphs\/N_.glif":"\/zeitgeistmt-cameo.ufo\/glyphs\/N_.glif","\/zeitgeistmt-cameo.ufo\/glyphs\/O_.glif":"\/zeitgeistmt-cameo.ufo\/glyphs\/O_.glif","\/zeitgeistmt-cameo.ufo\/glyphs\/O_E_.glif":"\/zeitgeistmt-cameo.ufo\/glyphs\/O_E_.glif","\/zeitgeistmt-cameo.ufo\/glyphs\/O_slash.glif":"\/zeitgeistmt-cameo.ufo\/glyphs\/O_slash.glif","\/zeitgeistmt-cameo.ufo\/glyphs\/P_.glif":"\/zeitgeistmt-cameo.ufo\/glyphs\/P_.glif","\/zeitgeistmt-cameo.ufo\/glyphs\/Q_.glif":"\/zeitgeistmt-cameo.ufo\/glyphs\/Q_.glif","\/zeitgeistmt-cameo.ufo\/glyphs\/R_.glif":"\/zeitgeistmt-cameo.ufo\/glyphs\/R_.glif","\/zeitgeistmt-cameo.ufo\/glyphs\/S_.glif":"\/zeitgeistmt-cameo.ufo\/glyphs\/S_.glif","\/zeitgeistmt-cameo.ufo\/glyphs\/T_.glif":"\/zeitgeistmt-cameo.ufo\/glyphs\/T_.glif","\/zeitgeistmt-cameo.ufo\/glyphs\/T_horn.glif":"\/zeitgeistmt-cameo.ufo\/glyphs\/T_horn.glif","\/zeitgeistmt-cameo.ufo\/glyphs\/U_.glif":"\/zeitgeistmt-cameo.ufo\/glyphs\/U_.glif","\/zeitgeistmt-cameo.ufo\/glyphs\/V_.glif":"\/zeitgeistmt-cameo.ufo\/glyphs\/V_.glif","\/zeitgeistmt-cameo.ufo\/glyphs\/W_.glif":"\/zeitgeistmt-cameo.ufo\/glyphs\/W_.glif","\/zeitgeistmt-cameo.ufo\/glyphs\/X_.glif":"\/zeitgeistmt-cameo.ufo\/glyphs\/X_.glif","\/zeitgeistmt-cameo.ufo\/glyphs\/Y_.glif":"\/zeitgeistmt-cameo.ufo\/glyphs\/Y_.glif","\/zeitgeistmt-cameo.ufo\/glyphs\/Z_.glif":"\/zeitgeistmt-cameo.ufo\/glyphs\/Z_.glif","\/zeitgeistmt-cameo.ufo\/glyphs\/a.glif":"\/zeitgeistmt-cameo.ufo\/glyphs\/a.glif","\/zeitgeistmt-cameo.ufo\/glyphs\/acute.glif":"\/zeitgeistmt-cameo.ufo\/glyphs\/acute.glif","\/zeitgeistmt-cameo.ufo\/glyphs\/ae.glif":"\/zeitgeistmt-cameo.ufo\/glyphs\/ae.glif","\/zeitgeistmt-cameo.ufo\/glyphs\/ampersand.glif":"\/zeitgeistmt-cameo.ufo\/glyphs\/ampersand.glif","\/zeitgeistmt-cameo.ufo\/glyphs\/asciicircum.glif":"\/zeitgeistmt-cameo.ufo\/glyphs\/asciicircum.glif","\/zeitgeistmt-cameo.ufo\/glyphs\/asciitilde.glif":"\/zeitgeistmt-cameo.ufo\/glyphs\/asciitilde.glif","\/zeitgeistmt-cameo.ufo\/glyphs\/asterisk.glif":"\/zeitgeistmt-cameo.ufo\/glyphs\/asterisk.glif","\/zeitgeistmt-cameo.ufo\/glyphs\/at.glif":"\/zeitgeistmt-cameo.ufo\/glyphs\/at.glif","\/zeitgeistmt-cameo.ufo\/glyphs\/b.glif":"\/zeitgeistmt-cameo.ufo\/glyphs\/b.glif","\/zeitgeistmt-cameo.ufo\/glyphs\/backslash.glif":"\/zeitgeistmt-cameo.ufo\/glyphs\/backslash.glif","\/zeitgeistmt-cameo.ufo\/glyphs\/bar.glif":"\/zeitgeistmt-cameo.ufo\/glyphs\/bar.glif","\/zeitgeistmt-cameo.ufo\/glyphs\/braceleft.glif":"\/zeitgeistmt-cameo.ufo\/glyphs\/braceleft.glif","\/zeitgeistmt-cameo.ufo\/glyphs\/braceright.glif":"\/zeitgeistmt-cameo.ufo\/glyphs\/braceright.glif","\/zeitgeistmt-cameo.ufo\/glyphs\/bracketleft.glif":"\/zeitgeistmt-cameo.ufo\/glyphs\/bracketleft.glif","\/zeitgeistmt-cameo.ufo\/glyphs\/bracketright.glif":"\/zeitgeistmt-cameo.ufo\/glyphs\/bracketright.glif","\/zeitgeistmt-cameo.ufo\/glyphs\/breve.glif":"\/zeitgeistmt-cameo.ufo\/glyphs\/breve.glif","\/zeitgeistmt-cameo.ufo\/glyphs\/brokenbar.glif":"\/zeitgeistmt-cameo.ufo\/glyphs\/brokenbar.glif","\/zeitgeistmt-cameo.ufo\/glyphs\/bullet.glif":"\/zeitgeistmt-cameo.ufo\/glyphs\/bullet.glif","\/zeitgeistmt-cameo.ufo\/glyphs\/c.glif":"\/zeitgeistmt-cameo.ufo\/glyphs\/c.glif","\/zeitgeistmt-cameo.ufo\/glyphs\/caron.glif":"\/zeitgeistmt-cameo.ufo\/glyphs\/caron.glif","\/zeitgeistmt-cameo.ufo\/glyphs\/cedilla.glif":"\/zeitgeistmt-cameo.ufo\/glyphs\/cedilla.glif","\/zeitgeistmt-cameo.ufo\/glyphs\/cent.glif":"\/zeitgeistmt-cameo.ufo\/glyphs\/cent.glif","\/zeitgeistmt-cameo.ufo\/glyphs\/circumflex.glif":"\/zeitgeistmt-cameo.ufo\/glyphs\/circumflex.glif","\/zeitgeistmt-cameo.ufo\/glyphs\/colon.glif":"\/zeitgeistmt-cameo.ufo\/glyphs\/colon.glif","\/zeitgeistmt-cameo.ufo\/glyphs\/comma.glif":"\/zeitgeistmt-cameo.ufo\/glyphs\/comma.glif","\/zeitgeistmt-cameo.ufo\/glyphs\/contents.plist":"\/zeitgeistmt-cameo.ufo\/glyphs\/contents.plist","\/zeitgeistmt-cameo.ufo\/glyphs\/copyright.glif":"\/zeitgeistmt-cameo.ufo\/glyphs\/copyright.glif","\/zeitgeistmt-cameo.ufo\/glyphs\/currency.glif":"\/zeitgeistmt-cameo.ufo\/glyphs\/currency.glif","\/zeitgeistmt-cameo.ufo\/glyphs\/d.glif":"\/zeitgeistmt-cameo.ufo\/glyphs\/d.glif","\/zeitgeistmt-cameo.ufo\/glyphs\/dagger.glif":"\/zeitgeistmt-cameo.ufo\/glyphs\/dagger.glif","\/zeitgeistmt-cameo.ufo\/glyphs\/daggerdbl.glif":"\/zeitgeistmt-cameo.ufo\/glyphs\/daggerdbl.glif","\/zeitgeistmt-cameo.ufo\/glyphs\/degree.glif":"\/zeitgeistmt-cameo.ufo\/glyphs\/degree.glif","\/zeitgeistmt-cameo.ufo\/glyphs\/dieresis.glif":"\/zeitgeistmt-cameo.ufo\/glyphs\/dieresis.glif","\/zeitgeistmt-cameo.ufo\/glyphs\/divide.glif":"\/zeitgeistmt-cameo.ufo\/glyphs\/divide.glif","\/zeitgeistmt-cameo.ufo\/glyphs\/dollar.glif":"\/zeitgeistmt-cameo.ufo\/glyphs\/dollar.glif","\/zeitgeistmt-cameo.ufo\/glyphs\/dotaccent.glif":"\/zeitgeistmt-cameo.ufo\/glyphs\/dotaccent.glif","\/zeitgeistmt-cameo.ufo\/glyphs\/dotlessi.glif":"\/zeitgeistmt-cameo.ufo\/glyphs\/dotlessi.glif","\/zeitgeistmt-cameo.ufo\/glyphs\/e.glif":"\/zeitgeistmt-cameo.ufo\/glyphs\/e.glif","\/zeitgeistmt-cameo.ufo\/glyphs\/eight.glif":"\/zeitgeistmt-cameo.ufo\/glyphs\/eight.glif","\/zeitgeistmt-cameo.ufo\/glyphs\/ellipsis.glif":"\/zeitgeistmt-cameo.ufo\/glyphs\/ellipsis.glif","\/zeitgeistmt-cameo.ufo\/glyphs\/emdash.glif":"\/zeitgeistmt-cameo.ufo\/glyphs\/emdash.glif","\/zeitgeistmt-cameo.ufo\/glyphs\/endash.glif":"\/zeitgeistmt-cameo.ufo\/glyphs\/endash.glif","\/zeitgeistmt-cameo.ufo\/glyphs\/equal.glif":"\/zeitgeistmt-cameo.ufo\/glyphs\/equal.glif","\/zeitgeistmt-cameo.ufo\/glyphs\/eth.glif":"\/zeitgeistmt-cameo.ufo\/glyphs\/eth.glif","\/zeitgeistmt-cameo.ufo\/glyphs\/exclam.glif":"\/zeitgeistmt-cameo.ufo\/glyphs\/exclam.glif","\/zeitgeistmt-cameo.ufo\/glyphs\/exclamdown.glif":"\/zeitgeistmt-cameo.ufo\/glyphs\/exclamdown.glif","\/zeitgeistmt-cameo.ufo\/glyphs\/f.glif":"\/zeitgeistmt-cameo.ufo\/glyphs\/f.glif","\/zeitgeistmt-cameo.ufo\/glyphs\/fi.glif":"\/zeitgeistmt-cameo.ufo\/glyphs\/fi.glif","\/zeitgeistmt-cameo.ufo\/glyphs\/five.glif":"\/zeitgeistmt-cameo.ufo\/glyphs\/five.glif","\/zeitgeistmt-cameo.ufo\/glyphs\/fl.glif":"\/zeitgeistmt-cameo.ufo\/glyphs\/fl.glif","\/zeitgeistmt-cameo.ufo\/glyphs\/florin.glif":"\/zeitgeistmt-cameo.ufo\/glyphs\/florin.glif","\/zeitgeistmt-cameo.ufo\/glyphs\/four.glif":"\/zeitgeistmt-cameo.ufo\/glyphs\/four.glif","\/zeitgeistmt-cameo.ufo\/glyphs\/fraction.glif":"\/zeitgeistmt-cameo.ufo\/glyphs\/fraction.glif","\/zeitgeistmt-cameo.ufo\/glyphs\/g.glif":"\/zeitgeistmt-cameo.ufo\/glyphs\/g.glif","\/zeitgeistmt-cameo.ufo\/glyphs\/germandbls.glif":"\/zeitgeistmt-cameo.ufo\/glyphs\/germandbls.glif","\/zeitgeistmt-cameo.ufo\/glyphs\/grave.glif":"\/zeitgeistmt-cameo.ufo\/glyphs\/grave.glif","\/zeitgeistmt-cameo.ufo\/glyphs\/greater.glif":"\/zeitgeistmt-cameo.ufo\/glyphs\/greater.glif","\/zeitgeistmt-cameo.ufo\/glyphs\/guillemotleft.glif":"\/zeitgeistmt-cameo.ufo\/glyphs\/guillemotleft.glif","\/zeitgeistmt-cameo.ufo\/glyphs\/guillemotright.glif":"\/zeitgeistmt-cameo.ufo\/glyphs\/guillemotright.glif","\/zeitgeistmt-cameo.ufo\/glyphs\/guilsinglleft.glif":"\/zeitgeistmt-cameo.ufo\/glyphs\/guilsinglleft.glif","\/zeitgeistmt-cameo.ufo\/glyphs\/guilsinglright.glif":"\/zeitgeistmt-cameo.ufo\/glyphs\/guilsinglright.glif","\/zeitgeistmt-cameo.ufo\/glyphs\/h.glif":"\/zeitgeistmt-cameo.ufo\/glyphs\/h.glif","\/zeitgeistmt-cameo.ufo\/glyphs\/hungarumlaut.glif":"\/zeitgeistmt-cameo.ufo\/glyphs\/hungarumlaut.glif","\/zeitgeistmt-cameo.ufo\/glyphs\/hyphen.glif":"\/zeitgeistmt-cameo.ufo\/glyphs\/hyphen.glif","\/zeitgeistmt-cameo.ufo\/glyphs\/i.glif":"\/zeitgeistmt-cameo.ufo\/glyphs\/i.glif","\/zeitgeistmt-cameo.ufo\/glyphs\/j.glif":"\/zeitgeistmt-cameo.ufo\/glyphs\/j.glif","\/zeitgeistmt-cameo.ufo\/glyphs\/k.glif":"\/zeitgeistmt-cameo.ufo\/glyphs\/k.glif","\/zeitgeistmt-cameo.ufo\/glyphs\/l.glif":"\/zeitgeistmt-cameo.ufo\/glyphs\/l.glif","\/zeitgeistmt-cameo.ufo\/glyphs\/less.glif":"\/zeitgeistmt-cameo.ufo\/glyphs\/less.glif","\/zeitgeistmt-cameo.ufo\/glyphs\/logicalnot.glif":"\/zeitgeistmt-cameo.ufo\/glyphs\/logicalnot.glif","\/zeitgeistmt-cameo.ufo\/glyphs\/lslash.glif":"\/zeitgeistmt-cameo.ufo\/glyphs\/lslash.glif","\/zeitgeistmt-cameo.ufo\/glyphs\/m.glif":"\/zeitgeistmt-cameo.ufo\/glyphs\/m.glif","\/zeitgeistmt-cameo.ufo\/glyphs\/macron.glif":"\/zeitgeistmt-cameo.ufo\/glyphs\/macron.glif","\/zeitgeistmt-cameo.ufo\/glyphs\/minus.glif":"\/zeitgeistmt-cameo.ufo\/glyphs\/minus.glif","\/zeitgeistmt-cameo.ufo\/glyphs\/mu.glif":"\/zeitgeistmt-cameo.ufo\/glyphs\/mu.glif","\/zeitgeistmt-cameo.ufo\/glyphs\/multiply.glif":"\/zeitgeistmt-cameo.ufo\/glyphs\/multiply.glif","\/zeitgeistmt-cameo.ufo\/glyphs\/n.glif":"\/zeitgeistmt-cameo.ufo\/glyphs\/n.glif","\/zeitgeistmt-cameo.ufo\/glyphs\/nine.glif":"\/zeitgeistmt-cameo.ufo\/glyphs\/nine.glif","\/zeitgeistmt-cameo.ufo\/glyphs\/numbersign.glif":"\/zeitgeistmt-cameo.ufo\/glyphs\/numbersign.glif","\/zeitgeistmt-cameo.ufo\/glyphs\/o.glif":"\/zeitgeistmt-cameo.ufo\/glyphs\/o.glif","\/zeitgeistmt-cameo.ufo\/glyphs\/oe.glif":"\/zeitgeistmt-cameo.ufo\/glyphs\/oe.glif","\/zeitgeistmt-cameo.ufo\/glyphs\/ogonek.glif":"\/zeitgeistmt-cameo.ufo\/glyphs\/ogonek.glif","\/zeitgeistmt-cameo.ufo\/glyphs\/one.glif":"\/zeitgeistmt-cameo.ufo\/glyphs\/one.glif","\/zeitgeistmt-cameo.ufo\/glyphs\/onehalf.glif":"\/zeitgeistmt-cameo.ufo\/glyphs\/onehalf.glif","\/zeitgeistmt-cameo.ufo\/glyphs\/onequarter.glif":"\/zeitgeistmt-cameo.ufo\/glyphs\/onequarter.glif","\/zeitgeistmt-cameo.ufo\/glyphs\/onesuperior.glif":"\/zeitgeistmt-cameo.ufo\/glyphs\/onesuperior.glif","\/zeitgeistmt-cameo.ufo\/glyphs\/ordfeminine.glif":"\/zeitgeistmt-cameo.ufo\/glyphs\/ordfeminine.glif","\/zeitgeistmt-cameo.ufo\/glyphs\/ordmasculine.glif":"\/zeitgeistmt-cameo.ufo\/glyphs\/ordmasculine.glif","\/zeitgeistmt-cameo.ufo\/glyphs\/oslash.glif":"\/zeitgeistmt-cameo.ufo\/glyphs\/oslash.glif","\/zeitgeistmt-cameo.ufo\/glyphs\/p.glif":"\/zeitgeistmt-cameo.ufo\/glyphs\/p.glif","\/zeitgeistmt-cameo.ufo\/glyphs\/paragraph.glif":"\/zeitgeistmt-cameo.ufo\/glyphs\/paragraph.glif","\/zeitgeistmt-cameo.ufo\/glyphs\/parenleft.glif":"\/zeitgeistmt-cameo.ufo\/glyphs\/parenleft.glif","\/zeitgeistmt-cameo.ufo\/glyphs\/parenright.glif":"\/zeitgeistmt-cameo.ufo\/glyphs\/parenright.glif","\/zeitgeistmt-cameo.ufo\/glyphs\/percent.glif":"\/zeitgeistmt-cameo.ufo\/glyphs\/percent.glif","\/zeitgeistmt-cameo.ufo\/glyphs\/period.glif":"\/zeitgeistmt-cameo.ufo\/glyphs\/period.glif","\/zeitgeistmt-cameo.ufo\/glyphs\/periodcentered.glif":"\/zeitgeistmt-cameo.ufo\/glyphs\/periodcentered.glif","\/zeitgeistmt-cameo.ufo\/glyphs\/perthousand.glif":"\/zeitgeistmt-cameo.ufo\/glyphs\/perthousand.glif","\/zeitgeistmt-cameo.ufo\/glyphs\/plus.glif":"\/zeitgeistmt-cameo.ufo\/glyphs\/plus.glif","\/zeitgeistmt-cameo.ufo\/glyphs\/plusminus.glif":"\/zeitgeistmt-cameo.ufo\/glyphs\/plusminus.glif","\/zeitgeistmt-cameo.ufo\/glyphs\/q.glif":"\/zeitgeistmt-cameo.ufo\/glyphs\/q.glif","\/zeitgeistmt-cameo.ufo\/glyphs\/question.glif":"\/zeitgeistmt-cameo.ufo\/glyphs\/question.glif","\/zeitgeistmt-cameo.ufo\/glyphs\/questiondown.glif":"\/zeitgeistmt-cameo.ufo\/glyphs\/questiondown.glif","\/zeitgeistmt-cameo.ufo\/glyphs\/quotedbl.glif":"\/zeitgeistmt-cameo.ufo\/glyphs\/quotedbl.glif","\/zeitgeistmt-cameo.ufo\/glyphs\/quotedblbase.glif":"\/zeitgeistmt-cameo.ufo\/glyphs\/quotedblbase.glif","\/zeitgeistmt-cameo.ufo\/glyphs\/quotedblleft.glif":"\/zeitgeistmt-cameo.ufo\/glyphs\/quotedblleft.glif","\/zeitgeistmt-cameo.ufo\/glyphs\/quotedblright.glif":"\/zeitgeistmt-cameo.ufo\/glyphs\/quotedblright.glif","\/zeitgeistmt-cameo.ufo\/glyphs\/quoteleft.glif":"\/zeitgeistmt-cameo.ufo\/glyphs\/quoteleft.glif","\/zeitgeistmt-cameo.ufo\/glyphs\/quoteright.glif":"\/zeitgeistmt-cameo.ufo\/glyphs\/quoteright.glif","\/zeitgeistmt-cameo.ufo\/glyphs\/quotesinglbase.glif":"\/zeitgeistmt-cameo.ufo\/glyphs\/quotesinglbase.glif","\/zeitgeistmt-cameo.ufo\/glyphs\/quotesingle.glif":"\/zeitgeistmt-cameo.ufo\/glyphs\/quotesingle.glif","\/zeitgeistmt-cameo.ufo\/glyphs\/r.glif":"\/zeitgeistmt-cameo.ufo\/glyphs\/r.glif","\/zeitgeistmt-cameo.ufo\/glyphs\/registered.glif":"\/zeitgeistmt-cameo.ufo\/glyphs\/registered.glif","\/zeitgeistmt-cameo.ufo\/glyphs\/ring.glif":"\/zeitgeistmt-cameo.ufo\/glyphs\/ring.glif","\/zeitgeistmt-cameo.ufo\/glyphs\/s.glif":"\/zeitgeistmt-cameo.ufo\/glyphs\/s.glif","\/zeitgeistmt-cameo.ufo\/glyphs\/section.glif":"\/zeitgeistmt-cameo.ufo\/glyphs\/section.glif","\/zeitgeistmt-cameo.ufo\/glyphs\/semicolon.glif":"\/zeitgeistmt-cameo.ufo\/glyphs\/semicolon.glif","\/zeitgeistmt-cameo.ufo\/glyphs\/seven.glif":"\/zeitgeistmt-cameo.ufo\/glyphs\/seven.glif","\/zeitgeistmt-cameo.ufo\/glyphs\/six.glif":"\/zeitgeistmt-cameo.ufo\/glyphs\/six.glif","\/zeitgeistmt-cameo.ufo\/glyphs\/slash.glif":"\/zeitgeistmt-cameo.ufo\/glyphs\/slash.glif","\/zeitgeistmt-cameo.ufo\/glyphs\/space.glif":"\/zeitgeistmt-cameo.ufo\/glyphs\/space.glif","\/zeitgeistmt-cameo.ufo\/glyphs\/sterling.glif":"\/zeitgeistmt-cameo.ufo\/glyphs\/sterling.glif","\/zeitgeistmt-cameo.ufo\/glyphs\/t.glif":"\/zeitgeistmt-cameo.ufo\/glyphs\/t.glif","\/zeitgeistmt-cameo.ufo\/glyphs\/thorn.glif":"\/zeitgeistmt-cameo.ufo\/glyphs\/thorn.glif","\/zeitgeistmt-cameo.ufo\/glyphs\/three.glif":"\/zeitgeistmt-cameo.ufo\/glyphs\/three.glif","\/zeitgeistmt-cameo.ufo\/glyphs\/threequarters.glif":"\/zeitgeistmt-cameo.ufo\/glyphs\/threequarters.glif","\/zeitgeistmt-cameo.ufo\/glyphs\/threesuperior.glif":"\/zeitgeistmt-cameo.ufo\/glyphs\/threesuperior.glif","\/zeitgeistmt-cameo.ufo\/glyphs\/tilde.glif":"\/zeitgeistmt-cameo.ufo\/glyphs\/tilde.glif","\/zeitgeistmt-cameo.ufo\/glyphs\/trademark.glif":"\/zeitgeistmt-cameo.ufo\/glyphs\/trademark.glif","\/zeitgeistmt-cameo.ufo\/glyphs\/two.glif":"\/zeitgeistmt-cameo.ufo\/glyphs\/two.glif","\/zeitgeistmt-cameo.ufo\/glyphs\/twosuperior.glif":"\/zeitgeistmt-cameo.ufo\/glyphs\/twosuperior.glif","\/zeitgeistmt-cameo.ufo\/glyphs\/u.glif":"\/zeitgeistmt-cameo.ufo\/glyphs\/u.glif","\/zeitgeistmt-cameo.ufo\/glyphs\/underscore.glif":"\/zeitgeistmt-cameo.ufo\/glyphs\/underscore.glif","\/zeitgeistmt-cameo.ufo\/glyphs\/v.glif":"\/zeitgeistmt-cameo.ufo\/glyphs\/v.glif","\/zeitgeistmt-cameo.ufo\/glyphs\/w.glif":"\/zeitgeistmt-cameo.ufo\/glyphs\/w.glif","\/zeitgeistmt-cameo.ufo\/glyphs\/x.glif":"\/zeitgeistmt-cameo.ufo\/glyphs\/x.glif","\/zeitgeistmt-cameo.ufo\/glyphs\/y.glif":"\/zeitgeistmt-cameo.ufo\/glyphs\/y.glif","\/zeitgeistmt-cameo.ufo\/glyphs\/yen.glif":"\/zeitgeistmt-cameo.ufo\/glyphs\/yen.glif","\/zeitgeistmt-cameo.ufo\/glyphs\/z.glif":"\/zeitgeistmt-cameo.ufo\/glyphs\/z.glif","\/zeitgeistmt-cameo.ufo\/glyphs\/zero.glif":"\/zeitgeistmt-cameo.ufo\/glyphs\/zero.glif"},"Font":{"uploaded":1477136908.133,"licence":"gpl3","company":"Chronolabs Cooperative","title":"Zeitgeist MT Cameo","version":3.002,"date":"Fri Oct 14 23:25:24 2016","creator":"root","type":"1","matrix":"0.001 0 0 0.001 0 0","named":"ZeitgeistMT-Cameo","painttype":"0","info":"10 dict dup","name":"Zeitgeist MT Cameo","family":"Zeitgeist MT","weight":"Regular","fstype":"0","italicangle":"0","underlineposition":"","underlinethickness":""},"Licences":{"":false},"Table":{"FFTM":{"entryLength":16,"tag":"FFTM","checksum":1955350296,"offset":21088,"length":28},"GDEF":{"entryLength":16,"tag":"GDEF","checksum":14286854,"offset":21056,"length":32},"OS\/2":{"entryLength":16,"tag":"OS\/2","checksum":1464932695,"offset":344,"length":86},"cmap":{"entryLength":16,"tag":"cmap","checksum":4029200583,"offset":1124,"length":594},"gasp":{"entryLength":16,"tag":"gasp","checksum":4294901763,"offset":21048,"length":8},"glyf":{"entryLength":16,"tag":"glyf","checksum":2587193307,"offset":2068,"length":17660},"head":{"entryLength":16,"tag":"head","checksum":190395314,"offset":220,"length":54},"hhea":{"entryLength":16,"tag":"hhea","checksum":120718261,"offset":276,"length":36},"hmtx":{"entryLength":16,"tag":"hmtx","checksum":4273471643,"offset":432,"length":692},"loca":{"entryLength":16,"tag":"loca","checksum":3176779622,"offset":1720,"length":348},"maxp":{"entryLength":16,"tag":"maxp","checksum":16187527,"offset":312,"length":32},"name":{"entryLength":16,"tag":"name","checksum":2337943495,"offset":19728,"length":939},"post":{"entryLength":16,"tag":"post","checksum":610674019,"offset":20668,"length":380}},"UnicodeCharMap":{"32":3,"33":4,"34":5,"35":6,"36":7,"37":8,"38":9,"39":10,"40":11,"41":12,"42":13,"43":14,"44":15,"45":16,"46":17,"47":18,"48":19,"49":20,"50":21,"51":22,"52":23,"53":24,"54":25,"55":26,"56":27,"57":28,"58":29,"59":30,"60":31,"61":32,"62":33,"63":34,"64":35,"65":36,"66":37,"67":38,"68":39,"69":40,"70":41,"71":42,"72":43,"73":44,"74":45,"75":46,"76":47,"77":48,"78":49,"79":50,"80":51,"81":52,"82":53,"83":54,"84":55,"85":56,"86":57,"87":58,"88":59,"89":60,"90":61,"91":62,"92":63,"93":64,"94":65,"95":66,"96":67,"97":68,"98":69,"99":70,"100":71,"101":72,"102":73,"103":74,"104":75,"105":76,"106":77,"107":78,"108":79,"109":80,"110":81,"111":82,"112":83,"113":84,"114":85,"115":86,"116":87,"117":88,"118":89,"119":90,"120":91,"121":92,"122":93,"123":94,"124":95,"125":96,"126":97,"161":98,"162":99,"163":100,"164":101,"165":102,"166":103,"167":104,"168":105,"169":106,"170":107,"171":108,"172":109,"174":110,"175":111,"176":112,"177":113,"178":114,"179":115,"180":116,"182":118,"183":119,"184":120,"185":121,"186":122,"187":123,"188":124,"189":125,"190":126,"191":127,"198":128,"208":129,"215":130,"216":131,"222":132,"223":133,"230":134,"240":135,"247":136,"248":137,"254":138,"305":168,"321":166,"322":169,"338":167,"339":170,"402":142,"710":157,"711":164,"728":159,"729":160,"730":161,"731":163,"732":158,"733":162,"956":117,"8211":148,"8212":165,"8216":140,"8217":139,"8218":152,"8220":143,"8221":154,"8222":153,"8224":149,"8225":150,"8226":151,"8230":155,"8240":156,"8249":144,"8250":145,"8260":141,"8482":171,"8722":172,"64257":146,"64258":147},"Reserves":{"fontname":"Zeitgeist MT Cameo"},"Names":{"Zeitgeist MT Cameo":{"name":"Zeitgeist MT Cameo","longitude":"0.00000001","latitude":"0.00000001","country":"","region":"","city":""}},"Nodes":{"ze":{"type":"typal","node":"ze","usage":1,"weight":1},"st":{"type":"typal","node":"st","usage":1,"weight":1},"ca":{"type":"typal","node":"ca","usage":1,"weight":1},"eo":{"type":"typal","node":"eo","usage":1,"weight":1},"zei":{"type":"typal","node":"zei","usage":1,"weight":1},"ist":{"type":"typal","node":"ist","usage":1,"weight":1},"cam":{"type":"typal","node":"cam","usage":1,"weight":1},"meo":{"type":"typal","node":"meo","usage":1,"weight":1},"zeit":{"type":"keys","node":"zeit","usage":1,"weight":1},"eist":{"type":"keys","node":"eist","usage":1,"weight":1},"came":{"type":"keys","node":"came","usage":1,"weight":1},"ameo":{"type":"keys","node":"ameo","usage":1,"weight":1},"zeitg":{"type":"keys","node":"zeitg","usage":1,"weight":1},"geist":{"type":"keys","node":"geist","usage":1,"weight":1},"zeitgeist":{"type":"fixes","node":"zeitgeist","usage":1,"weight":1},"mt":{"type":"fixes","node":"mt","usage":1,"weight":1},"cameo":{"type":"fixes","node":"cameo","usage":1,"weight":1}},"Contributors":[],"FontIdentity":"buddha0:4f1895549a3f7fc64bc8f3ff","Bytes":null,"Networking":[],"barcode":"umauemik6a2g","referee":"6ueueseu"}