{"CSS":{"ExocetLight":"ExocetLight.css"},"FontType":"TrueType","FontCopyright":"Copyright (c) 1992 Emigre Graphics","FontName":"ExocetLight","FontSubfamily":"Light","FontSubfamilyID":"FontForge 2.0 : ExocetLight : 27-8-2016","FontFullName":"Exocet Light","FontVersion":"Version 001.000 ","FontWeight":null,"FontPostscriptName":"ExocetLight","Files":{"exocetlight.afm":"exocetlight.afm","exocetlight.bin":"exocetlight.bin","exocetlight.cef":"exocetlight.cef","exocetlight.cff":"exocetlight.cff","exocetlight.cid":"exocetlight.cid","exocetlight.dfont":"exocetlight.dfont","exocetlight.eot":"exocetlight.eot","exocetlight.fon":"exocetlight.fon","exocetlight.gai":"exocetlight.gai","exocetlight.gsf":"exocetlight.gsf","exocetlight.hqx":"exocetlight.hqx","exocetlight.ik":"exocetlight.ik","exocetlight.mf":"exocetlight.mf","exocetlight.otf":"exocetlight.otf","exocetlight.pcf":"exocetlight.pcf","exocetlight.pf3":"exocetlight.pf3","exocetlight.pfa":"exocetlight.pfa","exocetlight.pfb":"exocetlight.pfb","exocetlight.php":"exocetlight.php","exocetlight.pmf":"exocetlight.pmf","exocetlight.pt3":"exocetlight.pt3","exocetlight.sfd":"exocetlight.sfd","exocetlight.svg":"exocetlight.svg","exocetlight.t42":"exocetlight.t42","exocetlight.ttd":"exocetlight.ttd","exocetlight.ttf":"exocetlight.ttf","exocetlight.ttg":"exocetlight.ttg","exocetlight.ufm":"exocetlight.ufm","exocetlight.woff":"exocetlight.woff","exocetlight.z":"exocetlight.z","":{"exocetlight.afm":"exocetlight.afm","exocetlight.bin":"exocetlight.bin","exocetlight.cef":"exocetlight.cef","exocetlight.cff":"exocetlight.cff","exocetlight.cid":"exocetlight.cid","exocetlight.dfont":"exocetlight.dfont","exocetlight.eot":"exocetlight.eot","exocetlight.fon":"exocetlight.fon","exocetlight.gai":"exocetlight.gai","exocetlight.gsf":"exocetlight.gsf","exocetlight.hqx":"exocetlight.hqx","exocetlight.ik":"exocetlight.ik","exocetlight.mf":"exocetlight.mf","exocetlight.otf":"exocetlight.otf","exocetlight.pcf":"exocetlight.pcf","exocetlight.pf3":"exocetlight.pf3","exocetlight.pfa":"exocetlight.pfa","exocetlight.pfb":"exocetlight.pfb","exocetlight.php":"exocetlight.php","exocetlight.pmf":"exocetlight.pmf","exocetlight.pt3":"exocetlight.pt3","exocetlight.sfd":"exocetlight.sfd","exocetlight.svg":"exocetlight.svg","exocetlight.t42":"exocetlight.t42","exocetlight.ttd":"exocetlight.ttd","exocetlight.ttf":"exocetlight.ttf","exocetlight.ttg":"exocetlight.ttg","exocetlight.ufm":"exocetlight.ufm","exocetlight.woff":"exocetlight.woff","exocetlight.z":"exocetlight.z"},"\/exocetlight.ufo":{"feature.fea":"feature.fea","fontinfo.plist":"fontinfo.plist","groups.plist":"groups.plist","kerning.plist":"kerning.plist","metainfo.plist":"metainfo.plist"},"\/exocetlight.ufo\/glyphs":{"A_.glif":"A_.glif","A_E_.glif":"A_E_.glif","A_acute.glif":"A_acute.glif","A_circumflex.glif":"A_circumflex.glif","A_dieresis.glif":"A_dieresis.glif","A_grave.glif":"A_grave.glif","A_ring.glif":"A_ring.glif","A_tilde.glif":"A_tilde.glif","B_.glif":"B_.glif","C_.glif":"C_.glif","C_R_.glif":"C_R_.glif","C_cedilla.glif":"C_cedilla.glif","D_.glif":"D_.glif","D_C_1.glif":"D_C_1.glif","D_C_2.glif":"D_C_2.glif","D_C_3.glif":"D_C_3.glif","D_C_4.glif":"D_C_4.glif","D_E_L_.glif":"D_E_L_.glif","D_L_E_.glif":"D_L_E_.glif","D_elta.glif":"D_elta.glif","E_.glif":"E_.glif","E_acute.glif":"E_acute.glif","E_circumflex.glif":"E_circumflex.glif","E_dieresis.glif":"E_dieresis.glif","E_grave.glif":"E_grave.glif","E_th.glif":"E_th.glif","F_.glif":"F_.glif","G_.glif":"G_.glif","H_.glif":"H_.glif","H_T_.glif":"H_T_.glif","I_.glif":"I_.glif","I_acute.glif":"I_acute.glif","I_circumflex.glif":"I_circumflex.glif","I_dieresis.glif":"I_dieresis.glif","I_grave.glif":"I_grave.glif","J_.glif":"J_.glif","K_.glif":"K_.glif","L_.glif":"L_.glif","L_F_.glif":"L_F_.glif","L_slash.glif":"L_slash.glif","M_.glif":"M_.glif","N_.glif":"N_.glif","N_U_L_.glif":"N_U_L_.glif","N_tilde.glif":"N_tilde.glif","O_.glif":"O_.glif","O_E_.glif":"O_E_.glif","O_acute.glif":"O_acute.glif","O_circumflex.glif":"O_circumflex.glif","O_dieresis.glif":"O_dieresis.glif","O_grave.glif":"O_grave.glif","O_mega.glif":"O_mega.glif","O_slash.glif":"O_slash.glif","O_tilde.glif":"O_tilde.glif","P_.glif":"P_.glif","Q_.glif":"Q_.glif","R_.glif":"R_.glif","R_S_.glif":"R_S_.glif","S_.glif":"S_.glif","S_caron.glif":"S_caron.glif","T_.glif":"T_.glif","T_horn.glif":"T_horn.glif","U_.glif":"U_.glif","U_S_.glif":"U_S_.glif","U_acute.glif":"U_acute.glif","U_circumflex.glif":"U_circumflex.glif","U_dieresis.glif":"U_dieresis.glif","U_grave.glif":"U_grave.glif","V_.glif":"V_.glif","W_.glif":"W_.glif","X_.glif":"X_.glif","Y_.glif":"Y_.glif","Y_acute.glif":"Y_acute.glif","Y_dieresis.glif":"Y_dieresis.glif","Z_.glif":"Z_.glif","Z_caron.glif":"Z_caron.glif","a.glif":"a.glif","aacute.glif":"aacute.glif","acircumflex.glif":"acircumflex.glif","acute.glif":"acute.glif","adieresis.glif":"adieresis.glif","ae.glif":"ae.glif","agrave.glif":"agrave.glif","ampersand.glif":"ampersand.glif","apple.glif":"apple.glif","approxequal.glif":"approxequal.glif","aring.glif":"aring.glif","asciicircum.glif":"asciicircum.glif","asciitilde.glif":"asciitilde.glif","asterisk.glif":"asterisk.glif","at.glif":"at.glif","atilde.glif":"atilde.glif","b.glif":"b.glif","backslash.glif":"backslash.glif","bar.glif":"bar.glif","braceleft.glif":"braceleft.glif","braceright.glif":"braceright.glif","bracketleft.glif":"bracketleft.glif","bracketright.glif":"bracketright.glif","breve.glif":"breve.glif","brokenbar.glif":"brokenbar.glif","bullet.glif":"bullet.glif","c.glif":"c.glif","caron.glif":"caron.glif","ccedilla.glif":"ccedilla.glif","cedilla.glif":"cedilla.glif","cent.glif":"cent.glif","circumflex.glif":"circumflex.glif","colon.glif":"colon.glif","comma.glif":"comma.glif","contents.plist":"contents.plist","copyright.glif":"copyright.glif","currency.glif":"currency.glif","d.glif":"d.glif","dagger.glif":"dagger.glif","daggerdbl.glif":"daggerdbl.glif","degree.glif":"degree.glif","dieresis.glif":"dieresis.glif","divide.glif":"divide.glif","dollar.glif":"dollar.glif","dotaccent.glif":"dotaccent.glif","dotlessi.glif":"dotlessi.glif","e.glif":"e.glif","eacute.glif":"eacute.glif","ecircumflex.glif":"ecircumflex.glif","edieresis.glif":"edieresis.glif","egrave.glif":"egrave.glif","eight.glif":"eight.glif","ellipsis.glif":"ellipsis.glif","emdash.glif":"emdash.glif","endash.glif":"endash.glif","equal.glif":"equal.glif","eth.glif":"eth.glif","exclam.glif":"exclam.glif","exclamdown.glif":"exclamdown.glif","f.glif":"f.glif","fi.glif":"fi.glif","five.glif":"five.glif","fl.glif":"fl.glif","florin.glif":"florin.glif","four.glif":"four.glif","fraction.glif":"fraction.glif","g.glif":"g.glif","germandbls.glif":"germandbls.glif","grave.glif":"grave.glif","greater.glif":"greater.glif","greaterequal.glif":"greaterequal.glif","guillemotleft.glif":"guillemotleft.glif","guillemotright.glif":"guillemotright.glif","guilsinglleft.glif":"guilsinglleft.glif","guilsinglright.glif":"guilsinglright.glif","h.glif":"h.glif","hungarumlaut.glif":"hungarumlaut.glif","hyphen.glif":"hyphen.glif","i.glif":"i.glif","iacute.glif":"iacute.glif","icircumflex.glif":"icircumflex.glif","idieresis.glif":"idieresis.glif","igrave.glif":"igrave.glif","infinity.glif":"infinity.glif","integral.glif":"integral.glif","j.glif":"j.glif","k.glif":"k.glif","l.glif":"l.glif","less.glif":"less.glif","lessequal.glif":"lessequal.glif","logicalnot.glif":"logicalnot.glif","lozenge.glif":"lozenge.glif","lslash.glif":"lslash.glif","m.glif":"m.glif","macron.glif":"macron.glif","minus.glif":"minus.glif","mu.glif":"mu.glif","multiply.glif":"multiply.glif","n.glif":"n.glif","nbspace.glif":"nbspace.glif","nine.glif":"nine.glif","notequal.glif":"notequal.glif","ntilde.glif":"ntilde.glif","numbersign.glif":"numbersign.glif","o.glif":"o.glif","oacute.glif":"oacute.glif","ocircumflex.glif":"ocircumflex.glif","odieresis.glif":"odieresis.glif","oe.glif":"oe.glif","ogonek.glif":"ogonek.glif","ograve.glif":"ograve.glif","one.glif":"one.glif","onehalf.glif":"onehalf.glif","onequarter.glif":"onequarter.glif","onesuperior.glif":"onesuperior.glif","ordfeminine.glif":"ordfeminine.glif","ordmasculine.glif":"ordmasculine.glif","oslash.glif":"oslash.glif","otilde.glif":"otilde.glif","p.glif":"p.glif","paragraph.glif":"paragraph.glif","parenleft.glif":"parenleft.glif","parenright.glif":"parenright.glif","partialdiff.glif":"partialdiff.glif","percent.glif":"percent.glif","period.glif":"period.glif","periodcentered.glif":"periodcentered.glif","perthousand.glif":"perthousand.glif","pi.glif":"pi.glif","plus.glif":"plus.glif","plusminus.glif":"plusminus.glif","product.glif":"product.glif","q.glif":"q.glif","question.glif":"question.glif","questiondown.glif":"questiondown.glif","quotedbl.glif":"quotedbl.glif","quotedblbase.glif":"quotedblbase.glif","quotedblleft.glif":"quotedblleft.glif","quotedblright.glif":"quotedblright.glif","quoteleft.glif":"quoteleft.glif","quoteright.glif":"quoteright.glif","quotesinglbase.glif":"quotesinglbase.glif","quotesingle.glif":"quotesingle.glif","r.glif":"r.glif","radical.glif":"radical.glif","registered.glif":"registered.glif","ring.glif":"ring.glif","s.glif":"s.glif","scaron.glif":"scaron.glif","section.glif":"section.glif","semicolon.glif":"semicolon.glif","seven.glif":"seven.glif","six.glif":"six.glif","slash.glif":"slash.glif","space.glif":"space.glif","sterling.glif":"sterling.glif","summation.glif":"summation.glif","t.glif":"t.glif","thorn.glif":"thorn.glif","three.glif":"three.glif","threequarters.glif":"threequarters.glif","threesuperior.glif":"threesuperior.glif","tilde.glif":"tilde.glif","trademark.glif":"trademark.glif","two.glif":"two.glif","twosuperior.glif":"twosuperior.glif","u.glif":"u.glif","uacute.glif":"uacute.glif","ucircumflex.glif":"ucircumflex.glif","udieresis.glif":"udieresis.glif","ugrave.glif":"ugrave.glif","underscore.glif":"underscore.glif","v.glif":"v.glif","w.glif":"w.glif","x.glif":"x.glif","y.glif":"y.glif","yacute.glif":"yacute.glif","ydieresis.glif":"ydieresis.glif","yen.glif":"yen.glif","z.glif":"z.glif","zcaron.glif":"zcaron.glif","zero.glif":"zero.glif"}},"Font":{"uploaded":1472264403.7321,"licence":"gpl3","company":"Chronolabs Cooperative","title":"Exocet Light","version":2.001,"date":"Fri Aug 12 15:36:39 2016","creator":"root","type":"1","matrix":"0.001 0 0 0.001 0 0","named":"ExocetLight","painttype":"0","info":"10 dict dup","name":"ExocetLight","family":"ExocetLight","weight":"Medium","fstype":"0","italicangle":"0","underlineposition":"","underlinethickness":""},"Table":{"FFTM":{"entryLength":16,"tag":"FFTM","checksum":1944306848,"offset":36384,"length":28},"GDEF":{"entryLength":16,"tag":"GDEF","checksum":19922950,"offset":36352,"length":32},"OS\/2":{"entryLength":16,"tag":"OS\/2","checksum":1990604979,"offset":344,"length":86},"cmap":{"entryLength":16,"tag":"cmap","checksum":4064790932,"offset":1468,"length":914},"gasp":{"entryLength":16,"tag":"gasp","checksum":4294901763,"offset":36344,"length":8},"glyf":{"entryLength":16,"tag":"glyf","checksum":2133699505,"offset":2904,"length":32260},"head":{"entryLength":16,"tag":"head","checksum":182621639,"offset":220,"length":54},"hhea":{"entryLength":16,"tag":"hhea","checksum":126682187,"offset":276,"length":36},"hmtx":{"entryLength":16,"tag":"hmtx","checksum":870536248,"offset":432,"length":1036},"loca":{"entryLength":16,"tag":"loca","checksum":2613099476,"offset":2384,"length":520},"maxp":{"entryLength":16,"tag":"maxp","checksum":21954739,"offset":312,"length":32},"name":{"entryLength":16,"tag":"name","checksum":2708247447,"offset":35164,"length":576},"post":{"entryLength":16,"tag":"post","checksum":3008166530,"offset":35740,"length":603}},"UnicodeCharMap":{"32":3,"33":4,"34":5,"35":6,"36":7,"37":8,"38":9,"39":10,"40":11,"41":12,"42":13,"43":14,"44":15,"45":16,"46":17,"47":18,"48":19,"49":20,"50":21,"51":22,"52":23,"53":24,"54":25,"55":26,"56":27,"57":28,"58":29,"59":30,"60":31,"61":32,"62":33,"63":34,"64":35,"65":36,"66":37,"67":38,"68":39,"69":40,"70":41,"71":42,"72":43,"73":44,"74":45,"75":46,"76":47,"77":48,"78":49,"79":50,"80":51,"81":52,"82":53,"83":54,"84":55,"85":56,"86":57,"87":58,"88":59,"89":60,"90":61,"91":62,"92":63,"93":64,"94":65,"95":66,"96":67,"97":68,"98":69,"99":70,"100":71,"101":72,"102":73,"103":74,"104":75,"105":76,"106":77,"107":78,"108":79,"109":80,"110":81,"111":82,"112":83,"113":84,"114":85,"115":86,"116":87,"117":88,"118":89,"119":90,"120":91,"121":92,"122":93,"123":94,"124":95,"125":96,"126":97,"160":98,"161":99,"162":100,"163":101,"164":102,"165":103,"166":104,"167":105,"168":106,"169":107,"170":108,"171":109,"172":110,"174":111,"175":112,"176":113,"177":114,"178":115,"179":116,"180":117,"182":119,"183":120,"184":121,"185":122,"186":123,"187":124,"188":125,"189":126,"190":127,"191":128,"192":129,"193":130,"194":131,"195":132,"196":133,"197":134,"198":135,"199":136,"200":137,"201":138,"202":139,"203":140,"204":141,"205":142,"206":143,"207":144,"208":145,"209":146,"210":147,"211":148,"212":149,"213":150,"214":151,"215":152,"216":153,"217":154,"218":155,"219":156,"220":157,"221":158,"222":159,"223":160,"224":161,"225":162,"226":163,"227":164,"228":165,"229":166,"230":167,"231":168,"232":169,"233":170,"234":171,"235":172,"236":173,"237":174,"238":175,"239":176,"240":177,"241":178,"242":179,"243":180,"244":181,"245":182,"246":183,"247":184,"248":185,"249":186,"250":187,"251":188,"252":189,"253":190,"254":191,"255":192,"305":222,"321":220,"322":223,"338":221,"339":224,"352":226,"353":227,"376":257,"381":231,"382":232,"402":196,"710":211,"711":218,"728":213,"729":214,"730":215,"731":217,"732":212,"733":216,"916":255,"937":252,"956":118,"960":250,"8211":202,"8212":219,"8216":194,"8217":193,"8218":206,"8220":197,"8221":208,"8222":207,"8224":203,"8225":204,"8226":205,"8230":209,"8240":210,"8249":198,"8250":199,"8260":195,"8482":242,"8706":247,"8719":249,"8721":248,"8722":238,"8730":253,"8734":244,"8747":251,"8776":254,"8800":243,"8804":245,"8805":246,"9674":256,"64257":200,"64258":201},"Reserves":null,"Names":[],"Nodes":{"ex":{"type":"typal","node":"ex","usage":1,"weight":1},"et":{"type":"typal","node":"et","usage":1,"weight":1},"li":{"type":"typal","node":"li","usage":1,"weight":1},"ht":{"type":"typal","node":"ht","usage":1,"weight":1},"exo":{"type":"typal","node":"exo","usage":1,"weight":1},"cet":{"type":"typal","node":"cet","usage":1,"weight":1},"lig":{"type":"typal","node":"lig","usage":1,"weight":1},"ght":{"type":"typal","node":"ght","usage":1,"weight":1},"exoc":{"type":"keys","node":"exoc","usage":1,"weight":1},"ocet":{"type":"keys","node":"ocet","usage":1,"weight":1},"ligh":{"type":"keys","node":"ligh","usage":1,"weight":1},"ight":{"type":"keys","node":"ight","usage":1,"weight":1},"exoce":{"type":"keys","node":"exoce","usage":1,"weight":1},"xocet":{"type":"keys","node":"xocet","usage":1,"weight":1},"exocet":{"type":"fixes","node":"exocet","usage":1,"weight":1},"light":{"type":"fixes","node":"light","usage":1,"weight":1}},"Contributors":[],"FontIdentity":"09091713f5174f9434ba53aa6de7b6a6","Bytes":3041117,"Networking":[],"barcode":"swk10998sqakek","referee":"aySAKWm"}