{"CSS":{"NeutraDisp-DraftingAlt":"NeutraDisp-DraftingAlt.css","Neutra Disp Drafting Alt":"zinc77:6eee20c087974866001d59bbc.css"},"FontType":"TrueType","FontCopyright":"(C)2002 House Industries\/Brand Design Co. Inc.","FontName":"Neutra Display Drafting Alt","FontSubfamily":"DraftingAlt","FontSubfamilyID":"FontForge 2.0 : NeutraDisp-DraftingAlt : 2-12-2016","FontFullName":"Neutra Disp Drafting Alt","FontVersion":"Version 001.001 ","FontWeight":null,"FontPostscriptName":"NeutraDisp-DraftingAlt","Files":{"\/NeutraDisp-DraftingAlt.css":"\/NeutraDisp-DraftingAlt.css","\/font-resource.json":"\/font-resource.json","\/neutradisp-draftingalt.afm":"\/neutradisp-draftingalt.afm","\/neutradisp-draftingalt.cef":"\/neutradisp-draftingalt.cef","\/neutradisp-draftingalt.cff":"\/neutradisp-draftingalt.cff","\/neutradisp-draftingalt.eot":"\/neutradisp-draftingalt.eot","\/neutradisp-draftingalt.gai":"\/neutradisp-draftingalt.gai","\/neutradisp-draftingalt.gsf":"\/neutradisp-draftingalt.gsf","\/neutradisp-draftingalt.otf":"\/neutradisp-draftingalt.otf","\/neutradisp-draftingalt.pf3":"\/neutradisp-draftingalt.pf3","\/neutradisp-draftingalt.pfa":"\/neutradisp-draftingalt.pfa","\/neutradisp-draftingalt.pfb":"\/neutradisp-draftingalt.pfb","\/neutradisp-draftingalt.php":"\/neutradisp-draftingalt.php","\/neutradisp-draftingalt.pt3":"\/neutradisp-draftingalt.pt3","\/neutradisp-draftingalt.sfd":"\/neutradisp-draftingalt.sfd","\/neutradisp-draftingalt.svg":"\/neutradisp-draftingalt.svg","\/neutradisp-draftingalt.t42":"\/neutradisp-draftingalt.t42","\/neutradisp-draftingalt.ttd":"\/neutradisp-draftingalt.ttd","\/neutradisp-draftingalt.ttf":"\/neutradisp-draftingalt.ttf","\/neutradisp-draftingalt.ttg":"\/neutradisp-draftingalt.ttg","\/neutradisp-draftingalt.ufm":"\/neutradisp-draftingalt.ufm","\/neutradisp-draftingalt.woff":"\/neutradisp-draftingalt.woff","\/neutradisp-draftingalt.z":"\/neutradisp-draftingalt.z","\/zinc77:6eee20c087974866001d59bbc.css":"\/zinc77:6eee20c087974866001d59bbc.css","\/neutradisp-draftingalt.ufo\/feature.fea":"\/neutradisp-draftingalt.ufo\/feature.fea","\/neutradisp-draftingalt.ufo\/fontinfo.plist":"\/neutradisp-draftingalt.ufo\/fontinfo.plist","\/neutradisp-draftingalt.ufo\/groups.plist":"\/neutradisp-draftingalt.ufo\/groups.plist","\/neutradisp-draftingalt.ufo\/kerning.plist":"\/neutradisp-draftingalt.ufo\/kerning.plist","\/neutradisp-draftingalt.ufo\/metainfo.plist":"\/neutradisp-draftingalt.ufo\/metainfo.plist","\/neutradisp-draftingalt.ufo\/glyphs\/contents.plist":"\/neutradisp-draftingalt.ufo\/glyphs\/contents.plist","\/neutradisp-draftingalt.ufo\/glyphs\/space.glif":"\/neutradisp-draftingalt.ufo\/glyphs\/space.glif"},"Font":{"uploaded":1489312051.1793,"licence":"gpl3","company":"Chronolabs Cooperative","title":"Neutra Disp Drafting Alt","version":3.002,"date":"Fri Nov 25 23:05:42 2016","creator":"root","type":"1","matrix":"0.001 0 0 0.001 0 0","named":"NeutraDisp-DraftingAlt","painttype":"0","info":"9 dict dup","name":"NeutraDisp-DraftingAlt","family":"Neutra Display Drafting Alt","weight":"normal","italicangle":"0","underlineposition":"","underlinethickness":""},"Licences":{"":false},"Table":{"FFTM":{"entryLength":16,"tag":"FFTM","checksum":1962497532,"offset":2152,"length":28},"GDEF":{"entryLength":16,"tag":"GDEF","checksum":3211270,"offset":2120,"length":32},"OS\/2":{"entryLength":16,"tag":"OS\/2","checksum":1433951301,"offset":344,"length":86},"cmap":{"entryLength":16,"tag":"cmap","checksum":4199471456,"offset":448,"length":826},"gasp":{"entryLength":16,"tag":"gasp","checksum":4294901763,"offset":2112,"length":8},"glyf":{"entryLength":16,"tag":"glyf","checksum":0,"offset":1288,"length":0},"head":{"entryLength":16,"tag":"head","checksum":132816154,"offset":220,"length":54},"hhea":{"entryLength":16,"tag":"hhea","checksum":58458417,"offset":276,"length":36},"hmtx":{"entryLength":16,"tag":"hmtx","checksum":98304000,"offset":432,"length":16},"loca":{"entryLength":16,"tag":"loca","checksum":0,"offset":1276,"length":10},"maxp":{"entryLength":16,"tag":"maxp","checksum":4587523,"offset":312,"length":32},"name":{"entryLength":16,"tag":"name","checksum":1871095250,"offset":1288,"length":777},"post":{"entryLength":16,"tag":"post","checksum":4286251031,"offset":2068,"length":42}},"UnicodeCharMap":{"32":3},"Reserves":{"fontname":"Neutra Disp Drafting Alt"},"Names":{"Neutra Disp Drafting Alt":{"name":"Neutra Disp Drafting Alt","longitude":"0.00000001","latitude":"0.00000001","country":"","region":"","city":""}},"Nodes":{"ne":{"type":"typal","node":"ne","usage":1,"weight":1},"ra":{"type":"typal","node":"ra","usage":1,"weight":1},"di":{"type":"typal","node":"di","usage":1,"weight":1},"sp":{"type":"typal","node":"sp","usage":1,"weight":1},"dr":{"type":"typal","node":"dr","usage":1,"weight":1},"ng":{"type":"typal","node":"ng","usage":1,"weight":1},"al":{"type":"typal","node":"al","usage":1,"weight":1},"lt":{"type":"typal","node":"lt","usage":1,"weight":1},"neu":{"type":"typal","node":"neu","usage":1,"weight":1},"tra":{"type":"typal","node":"tra","usage":1,"weight":1},"dis":{"type":"typal","node":"dis","usage":1,"weight":1},"isp":{"type":"typal","node":"isp","usage":1,"weight":1},"dra":{"type":"typal","node":"dra","usage":1,"weight":1},"ing":{"type":"typal","node":"ing","usage":1,"weight":1},"neut":{"type":"keys","node":"neut","usage":1,"weight":1},"utra":{"type":"keys","node":"utra","usage":1,"weight":1},"draf":{"type":"keys","node":"draf","usage":1,"weight":1},"ting":{"type":"keys","node":"ting","usage":1,"weight":1},"neutr":{"type":"keys","node":"neutr","usage":1,"weight":1},"eutra":{"type":"keys","node":"eutra","usage":1,"weight":1},"draft":{"type":"keys","node":"draft","usage":1,"weight":1},"fting":{"type":"keys","node":"fting","usage":1,"weight":1},"neutra":{"type":"fixes","node":"neutra","usage":1,"weight":1},"disp":{"type":"fixes","node":"disp","usage":1,"weight":1},"drafting":{"type":"fixes","node":"drafting","usage":1,"weight":1},"alt":{"type":"fixes","node":"alt","usage":1,"weight":1}},"Contributors":[],"FontIdentity":"zinc77:6eee20c087974866001d59bbc","Bytes":null,"Networking":[],"barcode":"ayg7waiwa6aaq","referee":"oeuk8"}