{"CSS":{"Heimlich":"Heimlich.css"},"FontType":"TrueType","FontCopyright":"Designed by Elliott Earls   1993","FontName":"Heimlich","FontSubfamily":"Medium","FontSubfamilyID":"FontForge 2.0 : Heimlich : 27-12-2016","FontFullName":"Heimlich","FontVersion":"Version 001.000 ","FontWeight":null,"FontPostscriptName":"Heimlich","Files":{"heimlich.afm":"heimlich.afm","heimlich.bin":"heimlich.bin","heimlich.cef":"heimlich.cef","heimlich.cff":"heimlich.cff","heimlich.cid":"heimlich.cid","heimlich.dfont":"heimlich.dfont","heimlich.eot":"heimlich.eot","heimlich.fon":"heimlich.fon","heimlich.gai":"heimlich.gai","heimlich.gsf":"heimlich.gsf","heimlich.hqx":"heimlich.hqx","heimlich.ik":"heimlich.ik","heimlich.mf":"heimlich.mf","heimlich.otf":"heimlich.otf","heimlich.pcf":"heimlich.pcf","heimlich.pf3":"heimlich.pf3","heimlich.pfa":"heimlich.pfa","heimlich.pfb":"heimlich.pfb","heimlich.php":"heimlich.php","heimlich.pmf":"heimlich.pmf","heimlich.pt3":"heimlich.pt3","heimlich.sfd":"heimlich.sfd","heimlich.svg":"heimlich.svg","heimlich.t42":"heimlich.t42","heimlich.ttd":"heimlich.ttd","heimlich.ttf":"heimlich.ttf","heimlich.ttg":"heimlich.ttg","heimlich.ufm":"heimlich.ufm","heimlich.woff":"heimlich.woff","heimlich.z":"heimlich.z","":{"heimlich.afm":"heimlich.afm","heimlich.bin":"heimlich.bin","heimlich.cef":"heimlich.cef","heimlich.cff":"heimlich.cff","heimlich.cid":"heimlich.cid","heimlich.dfont":"heimlich.dfont","heimlich.eot":"heimlich.eot","heimlich.fon":"heimlich.fon","heimlich.gai":"heimlich.gai","heimlich.gsf":"heimlich.gsf","heimlich.hqx":"heimlich.hqx","heimlich.ik":"heimlich.ik","heimlich.mf":"heimlich.mf","heimlich.otf":"heimlich.otf","heimlich.pcf":"heimlich.pcf","heimlich.pf3":"heimlich.pf3","heimlich.pfa":"heimlich.pfa","heimlich.pfb":"heimlich.pfb","heimlich.php":"heimlich.php","heimlich.pmf":"heimlich.pmf","heimlich.pt3":"heimlich.pt3","heimlich.sfd":"heimlich.sfd","heimlich.svg":"heimlich.svg","heimlich.t42":"heimlich.t42","heimlich.ttd":"heimlich.ttd","heimlich.ttf":"heimlich.ttf","heimlich.ttg":"heimlich.ttg","heimlich.ufm":"heimlich.ufm","heimlich.woff":"heimlich.woff","heimlich.z":"heimlich.z"},"\/heimlich.ufo":{"feature.fea":"feature.fea","fontinfo.plist":"fontinfo.plist","groups.plist":"groups.plist","kerning.plist":"kerning.plist","metainfo.plist":"metainfo.plist"},"\/heimlich.ufo\/glyphs":{"A_.glif":"A_.glif","A_E_.glif":"A_E_.glif","A_acute.glif":"A_acute.glif","A_circumflex.glif":"A_circumflex.glif","A_dieresis.glif":"A_dieresis.glif","A_grave.glif":"A_grave.glif","A_ring.glif":"A_ring.glif","A_tilde.glif":"A_tilde.glif","B_.glif":"B_.glif","C_.glif":"C_.glif","C_cedilla.glif":"C_cedilla.glif","D_.glif":"D_.glif","E_.glif":"E_.glif","E_acute.glif":"E_acute.glif","E_circumflex.glif":"E_circumflex.glif","E_dieresis.glif":"E_dieresis.glif","E_grave.glif":"E_grave.glif","E_th.glif":"E_th.glif","F_.glif":"F_.glif","G_.glif":"G_.glif","H_.glif":"H_.glif","I_.glif":"I_.glif","I_acute.glif":"I_acute.glif","I_circumflex.glif":"I_circumflex.glif","I_dieresis.glif":"I_dieresis.glif","I_grave.glif":"I_grave.glif","J_.glif":"J_.glif","K_.glif":"K_.glif","L_.glif":"L_.glif","L_slash.glif":"L_slash.glif","M_.glif":"M_.glif","N_.glif":"N_.glif","N_tilde.glif":"N_tilde.glif","O_.glif":"O_.glif","O_E_.glif":"O_E_.glif","O_acute.glif":"O_acute.glif","O_circumflex.glif":"O_circumflex.glif","O_dieresis.glif":"O_dieresis.glif","O_grave.glif":"O_grave.glif","O_slash.glif":"O_slash.glif","O_tilde.glif":"O_tilde.glif","P_.glif":"P_.glif","Q_.glif":"Q_.glif","R_.glif":"R_.glif","S_.glif":"S_.glif","S_caron.glif":"S_caron.glif","T_.glif":"T_.glif","T_horn.glif":"T_horn.glif","U_.glif":"U_.glif","U_acute.glif":"U_acute.glif","U_circumflex.glif":"U_circumflex.glif","U_dieresis.glif":"U_dieresis.glif","U_grave.glif":"U_grave.glif","V_.glif":"V_.glif","W_.glif":"W_.glif","X_.glif":"X_.glif","Y_.glif":"Y_.glif","Y_acute.glif":"Y_acute.glif","Y_dieresis.glif":"Y_dieresis.glif","Z_.glif":"Z_.glif","Z_caron.glif":"Z_caron.glif","a.glif":"a.glif","aacute.glif":"aacute.glif","acircumflex.glif":"acircumflex.glif","acute.glif":"acute.glif","adieresis.glif":"adieresis.glif","agrave.glif":"agrave.glif","ampersand.glif":"ampersand.glif","aring.glif":"aring.glif","asciicircum.glif":"asciicircum.glif","asciitilde.glif":"asciitilde.glif","asterisk.glif":"asterisk.glif","at.glif":"at.glif","atilde.glif":"atilde.glif","b.glif":"b.glif","backslash.glif":"backslash.glif","bar.glif":"bar.glif","braceleft.glif":"braceleft.glif","braceright.glif":"braceright.glif","bracketleft.glif":"bracketleft.glif","bracketright.glif":"bracketright.glif","breve.glif":"breve.glif","brokenbar.glif":"brokenbar.glif","bullet.glif":"bullet.glif","c.glif":"c.glif","caron.glif":"caron.glif","ccedilla.glif":"ccedilla.glif","cedilla.glif":"cedilla.glif","cent.glif":"cent.glif","circumflex.glif":"circumflex.glif","colon.glif":"colon.glif","comma.glif":"comma.glif","contents.plist":"contents.plist","copyright.glif":"copyright.glif","currency.glif":"currency.glif","d.glif":"d.glif","dagger.glif":"dagger.glif","daggerdbl.glif":"daggerdbl.glif","degree.glif":"degree.glif","dieresis.glif":"dieresis.glif","divide.glif":"divide.glif","dollar.glif":"dollar.glif","dotaccent.glif":"dotaccent.glif","dotlessi.glif":"dotlessi.glif","e.glif":"e.glif","eacute.glif":"eacute.glif","ecircumflex.glif":"ecircumflex.glif","edieresis.glif":"edieresis.glif","egrave.glif":"egrave.glif","eight.glif":"eight.glif","ellipsis.glif":"ellipsis.glif","emdash.glif":"emdash.glif","endash.glif":"endash.glif","equal.glif":"equal.glif","eth.glif":"eth.glif","exclam.glif":"exclam.glif","exclamdown.glif":"exclamdown.glif","f.glif":"f.glif","fi.glif":"fi.glif","five.glif":"five.glif","fl.glif":"fl.glif","florin.glif":"florin.glif","four.glif":"four.glif","fraction.glif":"fraction.glif","g.glif":"g.glif","germandbls.glif":"germandbls.glif","grave.glif":"grave.glif","greater.glif":"greater.glif","guillemotleft.glif":"guillemotleft.glif","guillemotright.glif":"guillemotright.glif","guilsinglleft.glif":"guilsinglleft.glif","guilsinglright.glif":"guilsinglright.glif","h.glif":"h.glif","hungarumlaut.glif":"hungarumlaut.glif","hyphen.glif":"hyphen.glif","i.glif":"i.glif","iacute.glif":"iacute.glif","icircumflex.glif":"icircumflex.glif","idieresis.glif":"idieresis.glif","igrave.glif":"igrave.glif","j.glif":"j.glif","k.glif":"k.glif","l.glif":"l.glif","less.glif":"less.glif","logicalnot.glif":"logicalnot.glif","lslash.glif":"lslash.glif","m.glif":"m.glif","macron.glif":"macron.glif","minus.glif":"minus.glif","mu.glif":"mu.glif","multiply.glif":"multiply.glif","n.glif":"n.glif","nbspace.glif":"nbspace.glif","nine.glif":"nine.glif","ntilde.glif":"ntilde.glif","numbersign.glif":"numbersign.glif","o.glif":"o.glif","oacute.glif":"oacute.glif","ocircumflex.glif":"ocircumflex.glif","odieresis.glif":"odieresis.glif","ogonek.glif":"ogonek.glif","ograve.glif":"ograve.glif","one.glif":"one.glif","onehalf.glif":"onehalf.glif","onequarter.glif":"onequarter.glif","onesuperior.glif":"onesuperior.glif","oslash.glif":"oslash.glif","otilde.glif":"otilde.glif","p.glif":"p.glif","paragraph.glif":"paragraph.glif","parenleft.glif":"parenleft.glif","parenright.glif":"parenright.glif","percent.glif":"percent.glif","period.glif":"period.glif","periodcentered.glif":"periodcentered.glif","plus.glif":"plus.glif","plusminus.glif":"plusminus.glif","q.glif":"q.glif","question.glif":"question.glif","questiondown.glif":"questiondown.glif","quotedbl.glif":"quotedbl.glif","quotedblbase.glif":"quotedblbase.glif","quotedblleft.glif":"quotedblleft.glif","quotedblright.glif":"quotedblright.glif","quoteleft.glif":"quoteleft.glif","quoteright.glif":"quoteright.glif","quotesinglbase.glif":"quotesinglbase.glif","quotesingle.glif":"quotesingle.glif","r.glif":"r.glif","registered.glif":"registered.glif","ring.glif":"ring.glif","s.glif":"s.glif","scaron.glif":"scaron.glif","section.glif":"section.glif","semicolon.glif":"semicolon.glif","seven.glif":"seven.glif","six.glif":"six.glif","slash.glif":"slash.glif","space.glif":"space.glif","t.glif":"t.glif","thorn.glif":"thorn.glif","three.glif":"three.glif","threequarters.glif":"threequarters.glif","threesuperior.glif":"threesuperior.glif","tilde.glif":"tilde.glif","trademark.glif":"trademark.glif","two.glif":"two.glif","twosuperior.glif":"twosuperior.glif","u.glif":"u.glif","uacute.glif":"uacute.glif","ucircumflex.glif":"ucircumflex.glif","udieresis.glif":"udieresis.glif","ugrave.glif":"ugrave.glif","underscore.glif":"underscore.glif","v.glif":"v.glif","w.glif":"w.glif","x.glif":"x.glif","y.glif":"y.glif","yacute.glif":"yacute.glif","ydieresis.glif":"ydieresis.glif","yen.glif":"yen.glif","z.glif":"z.glif","zcaron.glif":"zcaron.glif","zero.glif":"zero.glif"}},"Font":{"uploaded":1482758054.761,"licence":"gpl3","company":"Chronolabs Cooperative","title":"hebrew","version":2.001,"date":"Thu Oct 27 12:25:16 2016","creator":"root","type":"1","matrix":"0.001 0 0 0.001 0 0","named":"hebrew","painttype":"0","info":"10 dict dup","name":"hebrew","family":"hebrew","weight":"Book","fstype":"4","italicangle":"0","underlineposition":"","underlinethickness":""},"Table":{"FFTM":{"entryLength":16,"tag":"FFTM","checksum":1944268368,"offset":43392,"length":28},"GDEF":{"entryLength":16,"tag":"GDEF","checksum":17760262,"offset":43360,"length":32},"OS\/2":{"entryLength":16,"tag":"OS\/2","checksum":1472863193,"offset":344,"length":86},"cmap":{"entryLength":16,"tag":"cmap","checksum":322420695,"offset":1336,"length":574},"gasp":{"entryLength":16,"tag":"gasp","checksum":4294901763,"offset":43352,"length":8},"glyf":{"entryLength":16,"tag":"glyf","checksum":1078197145,"offset":2368,"length":39948},"head":{"entryLength":16,"tag":"head","checksum":197581359,"offset":220,"length":54},"hhea":{"entryLength":16,"tag":"hhea","checksum":135070508,"offset":276,"length":36},"hmtx":{"entryLength":16,"tag":"hmtx","checksum":3196337639,"offset":432,"length":904},"loca":{"entryLength":16,"tag":"loca","checksum":3605836084,"offset":1912,"length":454},"maxp":{"entryLength":16,"tag":"maxp","checksum":19464401,"offset":312,"length":32},"name":{"entryLength":16,"tag":"name","checksum":3930388086,"offset":42316,"length":540},"post":{"entryLength":16,"tag":"post","checksum":4211191003,"offset":42856,"length":494}},"UnicodeCharMap":{"32":3,"33":4,"34":5,"35":6,"36":7,"37":8,"38":9,"39":10,"40":11,"41":12,"42":13,"43":14,"44":15,"45":16,"46":17,"47":18,"48":19,"49":20,"50":21,"51":22,"52":23,"53":24,"54":25,"55":26,"56":27,"57":28,"58":29,"59":30,"60":31,"61":32,"62":33,"63":34,"64":35,"65":36,"66":37,"67":38,"68":39,"69":40,"70":41,"71":42,"72":43,"73":44,"74":45,"75":46,"76":47,"77":48,"78":49,"79":50,"80":51,"81":52,"82":53,"83":54,"84":55,"85":56,"86":57,"87":58,"88":59,"89":60,"90":61,"91":62,"92":63,"93":64,"94":65,"95":66,"96":67,"97":68,"98":69,"99":70,"100":71,"101":72,"102":73,"103":74,"104":75,"105":76,"106":77,"107":78,"108":79,"109":80,"110":81,"111":82,"112":83,"113":84,"114":85,"115":86,"116":87,"117":88,"118":89,"119":90,"120":91,"121":92,"122":93,"123":94,"124":95,"125":96,"126":97,"160":98,"161":99,"162":100,"164":101,"165":102,"166":103,"167":104,"168":105,"169":106,"171":107,"172":108,"174":109,"175":110,"176":111,"177":112,"178":113,"179":114,"180":115,"182":117,"183":118,"184":119,"185":120,"187":121,"188":122,"189":123,"190":124,"191":125,"192":126,"193":127,"194":128,"195":129,"196":130,"197":131,"198":132,"199":133,"200":134,"201":135,"202":136,"203":137,"204":138,"205":139,"206":140,"207":141,"208":142,"209":143,"210":144,"211":145,"212":146,"213":147,"214":148,"215":149,"216":150,"217":151,"218":152,"219":153,"220":154,"221":155,"222":156,"223":157,"224":158,"225":159,"226":160,"227":161,"228":162,"229":163,"231":164,"232":165,"233":166,"234":167,"235":168,"236":169,"237":170,"238":171,"239":172,"240":173,"241":174,"242":175,"243":176,"244":177,"245":178,"246":179,"247":180,"248":181,"249":182,"250":183,"251":184,"252":185,"253":186,"254":187,"255":188,"305":217,"321":215,"322":218,"338":216,"352":219,"353":220,"376":225,"381":221,"382":222,"402":192,"710":206,"711":213,"728":208,"729":209,"730":210,"731":212,"732":207,"733":211,"956":116,"8211":198,"8212":214,"8216":190,"8217":189,"8218":202,"8220":193,"8221":204,"8222":203,"8224":199,"8225":200,"8226":201,"8230":205,"8249":194,"8250":195,"8260":191,"8482":224,"8722":223,"64257":196,"64258":197},"Reserves":null,"Names":[],"Nodes":{"he":{"type":"typal","node":"he","usage":1,"weight":1},"ch":{"type":"typal","node":"ch","usage":1,"weight":1},"hei":{"type":"typal","node":"hei","usage":1,"weight":1},"ich":{"type":"typal","node":"ich","usage":1,"weight":1},"heim":{"type":"keys","node":"heim","usage":1,"weight":1},"lich":{"type":"keys","node":"lich","usage":1,"weight":1},"heiml":{"type":"keys","node":"heiml","usage":1,"weight":1},"mlich":{"type":"keys","node":"mlich","usage":1,"weight":1},"heimlich":{"type":"fixes","node":"heimlich","usage":1,"weight":1}},"Contributors":[],"FontIdentity":"82c23eae652ad5c39bb9b25b89714613","Bytes":3609384,"Networking":[],"barcode":"okmewcqyagsw3","referee":"q8qisi"}