{"CSS":{"Bodoni MT Black":"thatcher0:8768c174852d3d1533fe1b.css"},"FontType":"TrueType","FontCopyright":"Digitized data copyright Monotype Typography, Ltd 1999. All rights reserved. Monotype Bodoni is a trademark of Monotype Typography, Ltd which may be registered in certain jurisdictions.","FontName":"Bodoni MT Black","FontSubfamily":"Black","FontSubfamilyID":"FontForge 2.0 : Bodoni MT Black : 28-8-2016","FontFullName":"Bodoni MT Black","FontVersion":"Version 2.10 ","FontWeight":null,"FontPostscriptName":"BodoniMTBlack","Files":{"\/Bodoni MT Black.css":"\/Bodoni MT Black.css","\/bod_blar.afm":"\/bod_blar.afm","\/bod_blar.cef":"\/bod_blar.cef","\/bod_blar.cff":"\/bod_blar.cff","\/bod_blar.eot":"\/bod_blar.eot","\/bod_blar.gai":"\/bod_blar.gai","\/bod_blar.gsf":"\/bod_blar.gsf","\/bod_blar.otf":"\/bod_blar.otf","\/bod_blar.pf3":"\/bod_blar.pf3","\/bod_blar.pfa":"\/bod_blar.pfa","\/bod_blar.pfb":"\/bod_blar.pfb","\/bod_blar.php":"\/bod_blar.php","\/bod_blar.pt3":"\/bod_blar.pt3","\/bod_blar.sfd":"\/bod_blar.sfd","\/bod_blar.svg":"\/bod_blar.svg","\/bod_blar.t42":"\/bod_blar.t42","\/bod_blar.ttd":"\/bod_blar.ttd","\/bod_blar.ttf":"\/bod_blar.ttf","\/bod_blar.ttg":"\/bod_blar.ttg","\/bod_blar.ufm":"\/bod_blar.ufm","\/bod_blar.woff":"\/bod_blar.woff","\/bod_blar.z":"\/bod_blar.z","\/font-resource.json":"\/font-resource.json","\/bod_blar.ufo\/feature.fea":"\/bod_blar.ufo\/feature.fea","\/bod_blar.ufo\/fontinfo.plist":"\/bod_blar.ufo\/fontinfo.plist","\/bod_blar.ufo\/groups.plist":"\/bod_blar.ufo\/groups.plist","\/bod_blar.ufo\/kerning.plist":"\/bod_blar.ufo\/kerning.plist","\/bod_blar.ufo\/metainfo.plist":"\/bod_blar.ufo\/metainfo.plist","\/bod_blar.ufo\/glyphs\/A_.glif":"\/bod_blar.ufo\/glyphs\/A_.glif","\/bod_blar.ufo\/glyphs\/A_E_.glif":"\/bod_blar.ufo\/glyphs\/A_E_.glif","\/bod_blar.ufo\/glyphs\/A_acute.glif":"\/bod_blar.ufo\/glyphs\/A_acute.glif","\/bod_blar.ufo\/glyphs\/A_circumflex.glif":"\/bod_blar.ufo\/glyphs\/A_circumflex.glif","\/bod_blar.ufo\/glyphs\/A_dieresis.glif":"\/bod_blar.ufo\/glyphs\/A_dieresis.glif","\/bod_blar.ufo\/glyphs\/A_grave.glif":"\/bod_blar.ufo\/glyphs\/A_grave.glif","\/bod_blar.ufo\/glyphs\/A_ring.glif":"\/bod_blar.ufo\/glyphs\/A_ring.glif","\/bod_blar.ufo\/glyphs\/A_tilde.glif":"\/bod_blar.ufo\/glyphs\/A_tilde.glif","\/bod_blar.ufo\/glyphs\/B_.glif":"\/bod_blar.ufo\/glyphs\/B_.glif","\/bod_blar.ufo\/glyphs\/C_.glif":"\/bod_blar.ufo\/glyphs\/C_.glif","\/bod_blar.ufo\/glyphs\/C_cedilla.glif":"\/bod_blar.ufo\/glyphs\/C_cedilla.glif","\/bod_blar.ufo\/glyphs\/D_.glif":"\/bod_blar.ufo\/glyphs\/D_.glif","\/bod_blar.ufo\/glyphs\/E_.glif":"\/bod_blar.ufo\/glyphs\/E_.glif","\/bod_blar.ufo\/glyphs\/E_acute.glif":"\/bod_blar.ufo\/glyphs\/E_acute.glif","\/bod_blar.ufo\/glyphs\/E_circumflex.glif":"\/bod_blar.ufo\/glyphs\/E_circumflex.glif","\/bod_blar.ufo\/glyphs\/E_dieresis.glif":"\/bod_blar.ufo\/glyphs\/E_dieresis.glif","\/bod_blar.ufo\/glyphs\/E_grave.glif":"\/bod_blar.ufo\/glyphs\/E_grave.glif","\/bod_blar.ufo\/glyphs\/E_th.glif":"\/bod_blar.ufo\/glyphs\/E_th.glif","\/bod_blar.ufo\/glyphs\/E_uro.glif":"\/bod_blar.ufo\/glyphs\/E_uro.glif","\/bod_blar.ufo\/glyphs\/F_.glif":"\/bod_blar.ufo\/glyphs\/F_.glif","\/bod_blar.ufo\/glyphs\/G_.glif":"\/bod_blar.ufo\/glyphs\/G_.glif","\/bod_blar.ufo\/glyphs\/H_.glif":"\/bod_blar.ufo\/glyphs\/H_.glif","\/bod_blar.ufo\/glyphs\/I_.glif":"\/bod_blar.ufo\/glyphs\/I_.glif","\/bod_blar.ufo\/glyphs\/I_acute.glif":"\/bod_blar.ufo\/glyphs\/I_acute.glif","\/bod_blar.ufo\/glyphs\/I_circumflex.glif":"\/bod_blar.ufo\/glyphs\/I_circumflex.glif","\/bod_blar.ufo\/glyphs\/I_dieresis.glif":"\/bod_blar.ufo\/glyphs\/I_dieresis.glif","\/bod_blar.ufo\/glyphs\/I_grave.glif":"\/bod_blar.ufo\/glyphs\/I_grave.glif","\/bod_blar.ufo\/glyphs\/J_.glif":"\/bod_blar.ufo\/glyphs\/J_.glif","\/bod_blar.ufo\/glyphs\/K_.glif":"\/bod_blar.ufo\/glyphs\/K_.glif","\/bod_blar.ufo\/glyphs\/L_.glif":"\/bod_blar.ufo\/glyphs\/L_.glif","\/bod_blar.ufo\/glyphs\/L_slash.glif":"\/bod_blar.ufo\/glyphs\/L_slash.glif","\/bod_blar.ufo\/glyphs\/M_.glif":"\/bod_blar.ufo\/glyphs\/M_.glif","\/bod_blar.ufo\/glyphs\/N_.glif":"\/bod_blar.ufo\/glyphs\/N_.glif","\/bod_blar.ufo\/glyphs\/N_tilde.glif":"\/bod_blar.ufo\/glyphs\/N_tilde.glif","\/bod_blar.ufo\/glyphs\/O_.glif":"\/bod_blar.ufo\/glyphs\/O_.glif","\/bod_blar.ufo\/glyphs\/O_E_.glif":"\/bod_blar.ufo\/glyphs\/O_E_.glif","\/bod_blar.ufo\/glyphs\/O_acute.glif":"\/bod_blar.ufo\/glyphs\/O_acute.glif","\/bod_blar.ufo\/glyphs\/O_circumflex.glif":"\/bod_blar.ufo\/glyphs\/O_circumflex.glif","\/bod_blar.ufo\/glyphs\/O_dieresis.glif":"\/bod_blar.ufo\/glyphs\/O_dieresis.glif","\/bod_blar.ufo\/glyphs\/O_grave.glif":"\/bod_blar.ufo\/glyphs\/O_grave.glif","\/bod_blar.ufo\/glyphs\/O_hm.glif":"\/bod_blar.ufo\/glyphs\/O_hm.glif","\/bod_blar.ufo\/glyphs\/O_slash.glif":"\/bod_blar.ufo\/glyphs\/O_slash.glif","\/bod_blar.ufo\/glyphs\/O_tilde.glif":"\/bod_blar.ufo\/glyphs\/O_tilde.glif","\/bod_blar.ufo\/glyphs\/P_.glif":"\/bod_blar.ufo\/glyphs\/P_.glif","\/bod_blar.ufo\/glyphs\/Q_.glif":"\/bod_blar.ufo\/glyphs\/Q_.glif","\/bod_blar.ufo\/glyphs\/R_.glif":"\/bod_blar.ufo\/glyphs\/R_.glif","\/bod_blar.ufo\/glyphs\/S_.glif":"\/bod_blar.ufo\/glyphs\/S_.glif","\/bod_blar.ufo\/glyphs\/S_caron.glif":"\/bod_blar.ufo\/glyphs\/S_caron.glif","\/bod_blar.ufo\/glyphs\/T_.glif":"\/bod_blar.ufo\/glyphs\/T_.glif","\/bod_blar.ufo\/glyphs\/T_horn.glif":"\/bod_blar.ufo\/glyphs\/T_horn.glif","\/bod_blar.ufo\/glyphs\/U_.glif":"\/bod_blar.ufo\/glyphs\/U_.glif","\/bod_blar.ufo\/glyphs\/U_acute.glif":"\/bod_blar.ufo\/glyphs\/U_acute.glif","\/bod_blar.ufo\/glyphs\/U_circumflex.glif":"\/bod_blar.ufo\/glyphs\/U_circumflex.glif","\/bod_blar.ufo\/glyphs\/U_dieresis.glif":"\/bod_blar.ufo\/glyphs\/U_dieresis.glif","\/bod_blar.ufo\/glyphs\/U_grave.glif":"\/bod_blar.ufo\/glyphs\/U_grave.glif","\/bod_blar.ufo\/glyphs\/V_.glif":"\/bod_blar.ufo\/glyphs\/V_.glif","\/bod_blar.ufo\/glyphs\/W_.glif":"\/bod_blar.ufo\/glyphs\/W_.glif","\/bod_blar.ufo\/glyphs\/X_.glif":"\/bod_blar.ufo\/glyphs\/X_.glif","\/bod_blar.ufo\/glyphs\/Y_.glif":"\/bod_blar.ufo\/glyphs\/Y_.glif","\/bod_blar.ufo\/glyphs\/Y_acute.glif":"\/bod_blar.ufo\/glyphs\/Y_acute.glif","\/bod_blar.ufo\/glyphs\/Y_dieresis.glif":"\/bod_blar.ufo\/glyphs\/Y_dieresis.glif","\/bod_blar.ufo\/glyphs\/Z_.glif":"\/bod_blar.ufo\/glyphs\/Z_.glif","\/bod_blar.ufo\/glyphs\/Z_caron.glif":"\/bod_blar.ufo\/glyphs\/Z_caron.glif","\/bod_blar.ufo\/glyphs\/_notdef.glif":"\/bod_blar.ufo\/glyphs\/_notdef.glif","\/bod_blar.ufo\/glyphs\/_null.glif":"\/bod_blar.ufo\/glyphs\/_null.glif","\/bod_blar.ufo\/glyphs\/a.glif":"\/bod_blar.ufo\/glyphs\/a.glif","\/bod_blar.ufo\/glyphs\/aacute.glif":"\/bod_blar.ufo\/glyphs\/aacute.glif","\/bod_blar.ufo\/glyphs\/acircumflex.glif":"\/bod_blar.ufo\/glyphs\/acircumflex.glif","\/bod_blar.ufo\/glyphs\/acute.glif":"\/bod_blar.ufo\/glyphs\/acute.glif","\/bod_blar.ufo\/glyphs\/adieresis.glif":"\/bod_blar.ufo\/glyphs\/adieresis.glif","\/bod_blar.ufo\/glyphs\/ae.glif":"\/bod_blar.ufo\/glyphs\/ae.glif","\/bod_blar.ufo\/glyphs\/agrave.glif":"\/bod_blar.ufo\/glyphs\/agrave.glif","\/bod_blar.ufo\/glyphs\/ampersand.glif":"\/bod_blar.ufo\/glyphs\/ampersand.glif","\/bod_blar.ufo\/glyphs\/apple.glif":"\/bod_blar.ufo\/glyphs\/apple.glif","\/bod_blar.ufo\/glyphs\/approxequal.glif":"\/bod_blar.ufo\/glyphs\/approxequal.glif","\/bod_blar.ufo\/glyphs\/aring.glif":"\/bod_blar.ufo\/glyphs\/aring.glif","\/bod_blar.ufo\/glyphs\/asciicircum.glif":"\/bod_blar.ufo\/glyphs\/asciicircum.glif","\/bod_blar.ufo\/glyphs\/asciitilde.glif":"\/bod_blar.ufo\/glyphs\/asciitilde.glif","\/bod_blar.ufo\/glyphs\/asterisk.glif":"\/bod_blar.ufo\/glyphs\/asterisk.glif","\/bod_blar.ufo\/glyphs\/at.glif":"\/bod_blar.ufo\/glyphs\/at.glif","\/bod_blar.ufo\/glyphs\/atilde.glif":"\/bod_blar.ufo\/glyphs\/atilde.glif","\/bod_blar.ufo\/glyphs\/b.glif":"\/bod_blar.ufo\/glyphs\/b.glif","\/bod_blar.ufo\/glyphs\/backslash.glif":"\/bod_blar.ufo\/glyphs\/backslash.glif","\/bod_blar.ufo\/glyphs\/bar.glif":"\/bod_blar.ufo\/glyphs\/bar.glif","\/bod_blar.ufo\/glyphs\/braceleft.glif":"\/bod_blar.ufo\/glyphs\/braceleft.glif","\/bod_blar.ufo\/glyphs\/braceright.glif":"\/bod_blar.ufo\/glyphs\/braceright.glif","\/bod_blar.ufo\/glyphs\/bracketleft.glif":"\/bod_blar.ufo\/glyphs\/bracketleft.glif","\/bod_blar.ufo\/glyphs\/bracketright.glif":"\/bod_blar.ufo\/glyphs\/bracketright.glif","\/bod_blar.ufo\/glyphs\/breve.glif":"\/bod_blar.ufo\/glyphs\/breve.glif","\/bod_blar.ufo\/glyphs\/brokenbar.glif":"\/bod_blar.ufo\/glyphs\/brokenbar.glif","\/bod_blar.ufo\/glyphs\/bullet.glif":"\/bod_blar.ufo\/glyphs\/bullet.glif","\/bod_blar.ufo\/glyphs\/c.glif":"\/bod_blar.ufo\/glyphs\/c.glif","\/bod_blar.ufo\/glyphs\/caron.glif":"\/bod_blar.ufo\/glyphs\/caron.glif","\/bod_blar.ufo\/glyphs\/ccedilla.glif":"\/bod_blar.ufo\/glyphs\/ccedilla.glif","\/bod_blar.ufo\/glyphs\/cedilla.glif":"\/bod_blar.ufo\/glyphs\/cedilla.glif","\/bod_blar.ufo\/glyphs\/cent.glif":"\/bod_blar.ufo\/glyphs\/cent.glif","\/bod_blar.ufo\/glyphs\/circumflex.glif":"\/bod_blar.ufo\/glyphs\/circumflex.glif","\/bod_blar.ufo\/glyphs\/colon.glif":"\/bod_blar.ufo\/glyphs\/colon.glif","\/bod_blar.ufo\/glyphs\/comma.glif":"\/bod_blar.ufo\/glyphs\/comma.glif","\/bod_blar.ufo\/glyphs\/contents.plist":"\/bod_blar.ufo\/glyphs\/contents.plist","\/bod_blar.ufo\/glyphs\/copyright.glif":"\/bod_blar.ufo\/glyphs\/copyright.glif","\/bod_blar.ufo\/glyphs\/currency.glif":"\/bod_blar.ufo\/glyphs\/currency.glif","\/bod_blar.ufo\/glyphs\/d.glif":"\/bod_blar.ufo\/glyphs\/d.glif","\/bod_blar.ufo\/glyphs\/dagger.glif":"\/bod_blar.ufo\/glyphs\/dagger.glif","\/bod_blar.ufo\/glyphs\/daggerdbl.glif":"\/bod_blar.ufo\/glyphs\/daggerdbl.glif","\/bod_blar.ufo\/glyphs\/degree.glif":"\/bod_blar.ufo\/glyphs\/degree.glif","\/bod_blar.ufo\/glyphs\/dieresis.glif":"\/bod_blar.ufo\/glyphs\/dieresis.glif","\/bod_blar.ufo\/glyphs\/divide.glif":"\/bod_blar.ufo\/glyphs\/divide.glif","\/bod_blar.ufo\/glyphs\/dollar.glif":"\/bod_blar.ufo\/glyphs\/dollar.glif","\/bod_blar.ufo\/glyphs\/dotaccent.glif":"\/bod_blar.ufo\/glyphs\/dotaccent.glif","\/bod_blar.ufo\/glyphs\/dotlessi.glif":"\/bod_blar.ufo\/glyphs\/dotlessi.glif","\/bod_blar.ufo\/glyphs\/e.glif":"\/bod_blar.ufo\/glyphs\/e.glif","\/bod_blar.ufo\/glyphs\/eacute.glif":"\/bod_blar.ufo\/glyphs\/eacute.glif","\/bod_blar.ufo\/glyphs\/ecircumflex.glif":"\/bod_blar.ufo\/glyphs\/ecircumflex.glif","\/bod_blar.ufo\/glyphs\/edieresis.glif":"\/bod_blar.ufo\/glyphs\/edieresis.glif","\/bod_blar.ufo\/glyphs\/egrave.glif":"\/bod_blar.ufo\/glyphs\/egrave.glif","\/bod_blar.ufo\/glyphs\/eight.glif":"\/bod_blar.ufo\/glyphs\/eight.glif","\/bod_blar.ufo\/glyphs\/ellipsis.glif":"\/bod_blar.ufo\/glyphs\/ellipsis.glif","\/bod_blar.ufo\/glyphs\/emdash.glif":"\/bod_blar.ufo\/glyphs\/emdash.glif","\/bod_blar.ufo\/glyphs\/endash.glif":"\/bod_blar.ufo\/glyphs\/endash.glif","\/bod_blar.ufo\/glyphs\/equal.glif":"\/bod_blar.ufo\/glyphs\/equal.glif","\/bod_blar.ufo\/glyphs\/eth.glif":"\/bod_blar.ufo\/glyphs\/eth.glif","\/bod_blar.ufo\/glyphs\/exclam.glif":"\/bod_blar.ufo\/glyphs\/exclam.glif","\/bod_blar.ufo\/glyphs\/exclamdown.glif":"\/bod_blar.ufo\/glyphs\/exclamdown.glif","\/bod_blar.ufo\/glyphs\/f.glif":"\/bod_blar.ufo\/glyphs\/f.glif","\/bod_blar.ufo\/glyphs\/fi.glif":"\/bod_blar.ufo\/glyphs\/fi.glif","\/bod_blar.ufo\/glyphs\/five.glif":"\/bod_blar.ufo\/glyphs\/five.glif","\/bod_blar.ufo\/glyphs\/fl.glif":"\/bod_blar.ufo\/glyphs\/fl.glif","\/bod_blar.ufo\/glyphs\/florin.glif":"\/bod_blar.ufo\/glyphs\/florin.glif","\/bod_blar.ufo\/glyphs\/four.glif":"\/bod_blar.ufo\/glyphs\/four.glif","\/bod_blar.ufo\/glyphs\/foursuperior.glif":"\/bod_blar.ufo\/glyphs\/foursuperior.glif","\/bod_blar.ufo\/glyphs\/fraction.glif":"\/bod_blar.ufo\/glyphs\/fraction.glif","\/bod_blar.ufo\/glyphs\/g.glif":"\/bod_blar.ufo\/glyphs\/g.glif","\/bod_blar.ufo\/glyphs\/germandbls.glif":"\/bod_blar.ufo\/glyphs\/germandbls.glif","\/bod_blar.ufo\/glyphs\/grave.glif":"\/bod_blar.ufo\/glyphs\/grave.glif","\/bod_blar.ufo\/glyphs\/greater.glif":"\/bod_blar.ufo\/glyphs\/greater.glif","\/bod_blar.ufo\/glyphs\/greaterequal.glif":"\/bod_blar.ufo\/glyphs\/greaterequal.glif","\/bod_blar.ufo\/glyphs\/guillemotleft.glif":"\/bod_blar.ufo\/glyphs\/guillemotleft.glif","\/bod_blar.ufo\/glyphs\/guillemotright.glif":"\/bod_blar.ufo\/glyphs\/guillemotright.glif","\/bod_blar.ufo\/glyphs\/guilsinglleft.glif":"\/bod_blar.ufo\/glyphs\/guilsinglleft.glif","\/bod_blar.ufo\/glyphs\/guilsinglright.glif":"\/bod_blar.ufo\/glyphs\/guilsinglright.glif","\/bod_blar.ufo\/glyphs\/h.glif":"\/bod_blar.ufo\/glyphs\/h.glif","\/bod_blar.ufo\/glyphs\/hungarumlaut.glif":"\/bod_blar.ufo\/glyphs\/hungarumlaut.glif","\/bod_blar.ufo\/glyphs\/hyphen.glif":"\/bod_blar.ufo\/glyphs\/hyphen.glif","\/bod_blar.ufo\/glyphs\/i.glif":"\/bod_blar.ufo\/glyphs\/i.glif","\/bod_blar.ufo\/glyphs\/iacute.glif":"\/bod_blar.ufo\/glyphs\/iacute.glif","\/bod_blar.ufo\/glyphs\/icircumflex.glif":"\/bod_blar.ufo\/glyphs\/icircumflex.glif","\/bod_blar.ufo\/glyphs\/idieresis.glif":"\/bod_blar.ufo\/glyphs\/idieresis.glif","\/bod_blar.ufo\/glyphs\/igrave.glif":"\/bod_blar.ufo\/glyphs\/igrave.glif","\/bod_blar.ufo\/glyphs\/increment.glif":"\/bod_blar.ufo\/glyphs\/increment.glif","\/bod_blar.ufo\/glyphs\/infinity.glif":"\/bod_blar.ufo\/glyphs\/infinity.glif","\/bod_blar.ufo\/glyphs\/integral.glif":"\/bod_blar.ufo\/glyphs\/integral.glif","\/bod_blar.ufo\/glyphs\/j.glif":"\/bod_blar.ufo\/glyphs\/j.glif","\/bod_blar.ufo\/glyphs\/k.glif":"\/bod_blar.ufo\/glyphs\/k.glif","\/bod_blar.ufo\/glyphs\/l.glif":"\/bod_blar.ufo\/glyphs\/l.glif","\/bod_blar.ufo\/glyphs\/less.glif":"\/bod_blar.ufo\/glyphs\/less.glif","\/bod_blar.ufo\/glyphs\/lessequal.glif":"\/bod_blar.ufo\/glyphs\/lessequal.glif","\/bod_blar.ufo\/glyphs\/logicalnot.glif":"\/bod_blar.ufo\/glyphs\/logicalnot.glif","\/bod_blar.ufo\/glyphs\/lozenge.glif":"\/bod_blar.ufo\/glyphs\/lozenge.glif","\/bod_blar.ufo\/glyphs\/lslash.glif":"\/bod_blar.ufo\/glyphs\/lslash.glif","\/bod_blar.ufo\/glyphs\/m.glif":"\/bod_blar.ufo\/glyphs\/m.glif","\/bod_blar.ufo\/glyphs\/macron.glif":"\/bod_blar.ufo\/glyphs\/macron.glif","\/bod_blar.ufo\/glyphs\/middot.glif":"\/bod_blar.ufo\/glyphs\/middot.glif","\/bod_blar.ufo\/glyphs\/minus.glif":"\/bod_blar.ufo\/glyphs\/minus.glif","\/bod_blar.ufo\/glyphs\/mu1.glif":"\/bod_blar.ufo\/glyphs\/mu1.glif","\/bod_blar.ufo\/glyphs\/multiply.glif":"\/bod_blar.ufo\/glyphs\/multiply.glif","\/bod_blar.ufo\/glyphs\/n.glif":"\/bod_blar.ufo\/glyphs\/n.glif","\/bod_blar.ufo\/glyphs\/nbspace.glif":"\/bod_blar.ufo\/glyphs\/nbspace.glif","\/bod_blar.ufo\/glyphs\/nine.glif":"\/bod_blar.ufo\/glyphs\/nine.glif","\/bod_blar.ufo\/glyphs\/nonmarkingreturn.glif":"\/bod_blar.ufo\/glyphs\/nonmarkingreturn.glif","\/bod_blar.ufo\/glyphs\/notequal.glif":"\/bod_blar.ufo\/glyphs\/notequal.glif","\/bod_blar.ufo\/glyphs\/ntilde.glif":"\/bod_blar.ufo\/glyphs\/ntilde.glif","\/bod_blar.ufo\/glyphs\/numbersign.glif":"\/bod_blar.ufo\/glyphs\/numbersign.glif","\/bod_blar.ufo\/glyphs\/o.glif":"\/bod_blar.ufo\/glyphs\/o.glif","\/bod_blar.ufo\/glyphs\/oacute.glif":"\/bod_blar.ufo\/glyphs\/oacute.glif","\/bod_blar.ufo\/glyphs\/ocircumflex.glif":"\/bod_blar.ufo\/glyphs\/ocircumflex.glif","\/bod_blar.ufo\/glyphs\/odieresis.glif":"\/bod_blar.ufo\/glyphs\/odieresis.glif","\/bod_blar.ufo\/glyphs\/oe.glif":"\/bod_blar.ufo\/glyphs\/oe.glif","\/bod_blar.ufo\/glyphs\/ogonek.glif":"\/bod_blar.ufo\/glyphs\/ogonek.glif","\/bod_blar.ufo\/glyphs\/ograve.glif":"\/bod_blar.ufo\/glyphs\/ograve.glif","\/bod_blar.ufo\/glyphs\/one.glif":"\/bod_blar.ufo\/glyphs\/one.glif","\/bod_blar.ufo\/glyphs\/onehalf.glif":"\/bod_blar.ufo\/glyphs\/onehalf.glif","\/bod_blar.ufo\/glyphs\/onequarter.glif":"\/bod_blar.ufo\/glyphs\/onequarter.glif","\/bod_blar.ufo\/glyphs\/onesuperior.glif":"\/bod_blar.ufo\/glyphs\/onesuperior.glif","\/bod_blar.ufo\/glyphs\/ordfeminine.glif":"\/bod_blar.ufo\/glyphs\/ordfeminine.glif","\/bod_blar.ufo\/glyphs\/ordmasculine.glif":"\/bod_blar.ufo\/glyphs\/ordmasculine.glif","\/bod_blar.ufo\/glyphs\/oslash.glif":"\/bod_blar.ufo\/glyphs\/oslash.glif","\/bod_blar.ufo\/glyphs\/otilde.glif":"\/bod_blar.ufo\/glyphs\/otilde.glif","\/bod_blar.ufo\/glyphs\/overscore.glif":"\/bod_blar.ufo\/glyphs\/overscore.glif","\/bod_blar.ufo\/glyphs\/p.glif":"\/bod_blar.ufo\/glyphs\/p.glif","\/bod_blar.ufo\/glyphs\/paragraph.glif":"\/bod_blar.ufo\/glyphs\/paragraph.glif","\/bod_blar.ufo\/glyphs\/parenleft.glif":"\/bod_blar.ufo\/glyphs\/parenleft.glif","\/bod_blar.ufo\/glyphs\/parenright.glif":"\/bod_blar.ufo\/glyphs\/parenright.glif","\/bod_blar.ufo\/glyphs\/partialdiff.glif":"\/bod_blar.ufo\/glyphs\/partialdiff.glif","\/bod_blar.ufo\/glyphs\/percent.glif":"\/bod_blar.ufo\/glyphs\/percent.glif","\/bod_blar.ufo\/glyphs\/period.glif":"\/bod_blar.ufo\/glyphs\/period.glif","\/bod_blar.ufo\/glyphs\/periodcentered.glif":"\/bod_blar.ufo\/glyphs\/periodcentered.glif","\/bod_blar.ufo\/glyphs\/perthousand.glif":"\/bod_blar.ufo\/glyphs\/perthousand.glif","\/bod_blar.ufo\/glyphs\/pi1.glif":"\/bod_blar.ufo\/glyphs\/pi1.glif","\/bod_blar.ufo\/glyphs\/plus.glif":"\/bod_blar.ufo\/glyphs\/plus.glif","\/bod_blar.ufo\/glyphs\/plusminus.glif":"\/bod_blar.ufo\/glyphs\/plusminus.glif","\/bod_blar.ufo\/glyphs\/product.glif":"\/bod_blar.ufo\/glyphs\/product.glif","\/bod_blar.ufo\/glyphs\/q.glif":"\/bod_blar.ufo\/glyphs\/q.glif","\/bod_blar.ufo\/glyphs\/question.glif":"\/bod_blar.ufo\/glyphs\/question.glif","\/bod_blar.ufo\/glyphs\/questiondown.glif":"\/bod_blar.ufo\/glyphs\/questiondown.glif","\/bod_blar.ufo\/glyphs\/quotedbl.glif":"\/bod_blar.ufo\/glyphs\/quotedbl.glif","\/bod_blar.ufo\/glyphs\/quotedblbase.glif":"\/bod_blar.ufo\/glyphs\/quotedblbase.glif","\/bod_blar.ufo\/glyphs\/quotedblleft.glif":"\/bod_blar.ufo\/glyphs\/quotedblleft.glif","\/bod_blar.ufo\/glyphs\/quotedblright.glif":"\/bod_blar.ufo\/glyphs\/quotedblright.glif","\/bod_blar.ufo\/glyphs\/quoteleft.glif":"\/bod_blar.ufo\/glyphs\/quoteleft.glif","\/bod_blar.ufo\/glyphs\/quoteright.glif":"\/bod_blar.ufo\/glyphs\/quoteright.glif","\/bod_blar.ufo\/glyphs\/quotesinglbase.glif":"\/bod_blar.ufo\/glyphs\/quotesinglbase.glif","\/bod_blar.ufo\/glyphs\/quotesingle.glif":"\/bod_blar.ufo\/glyphs\/quotesingle.glif","\/bod_blar.ufo\/glyphs\/r.glif":"\/bod_blar.ufo\/glyphs\/r.glif","\/bod_blar.ufo\/glyphs\/radical.glif":"\/bod_blar.ufo\/glyphs\/radical.glif","\/bod_blar.ufo\/glyphs\/registered.glif":"\/bod_blar.ufo\/glyphs\/registered.glif","\/bod_blar.ufo\/glyphs\/ring.glif":"\/bod_blar.ufo\/glyphs\/ring.glif","\/bod_blar.ufo\/glyphs\/s.glif":"\/bod_blar.ufo\/glyphs\/s.glif","\/bod_blar.ufo\/glyphs\/scaron.glif":"\/bod_blar.ufo\/glyphs\/scaron.glif","\/bod_blar.ufo\/glyphs\/section.glif":"\/bod_blar.ufo\/glyphs\/section.glif","\/bod_blar.ufo\/glyphs\/semicolon.glif":"\/bod_blar.ufo\/glyphs\/semicolon.glif","\/bod_blar.ufo\/glyphs\/seven.glif":"\/bod_blar.ufo\/glyphs\/seven.glif","\/bod_blar.ufo\/glyphs\/sfthyphen.glif":"\/bod_blar.ufo\/glyphs\/sfthyphen.glif","\/bod_blar.ufo\/glyphs\/six.glif":"\/bod_blar.ufo\/glyphs\/six.glif","\/bod_blar.ufo\/glyphs\/slash.glif":"\/bod_blar.ufo\/glyphs\/slash.glif","\/bod_blar.ufo\/glyphs\/space.glif":"\/bod_blar.ufo\/glyphs\/space.glif","\/bod_blar.ufo\/glyphs\/sterling.glif":"\/bod_blar.ufo\/glyphs\/sterling.glif","\/bod_blar.ufo\/glyphs\/summation.glif":"\/bod_blar.ufo\/glyphs\/summation.glif","\/bod_blar.ufo\/glyphs\/t.glif":"\/bod_blar.ufo\/glyphs\/t.glif","\/bod_blar.ufo\/glyphs\/thorn.glif":"\/bod_blar.ufo\/glyphs\/thorn.glif","\/bod_blar.ufo\/glyphs\/three.glif":"\/bod_blar.ufo\/glyphs\/three.glif","\/bod_blar.ufo\/glyphs\/threequarters.glif":"\/bod_blar.ufo\/glyphs\/threequarters.glif","\/bod_blar.ufo\/glyphs\/threesuperior.glif":"\/bod_blar.ufo\/glyphs\/threesuperior.glif","\/bod_blar.ufo\/glyphs\/tilde.glif":"\/bod_blar.ufo\/glyphs\/tilde.glif","\/bod_blar.ufo\/glyphs\/trademark.glif":"\/bod_blar.ufo\/glyphs\/trademark.glif","\/bod_blar.ufo\/glyphs\/two.glif":"\/bod_blar.ufo\/glyphs\/two.glif","\/bod_blar.ufo\/glyphs\/twosuperior.glif":"\/bod_blar.ufo\/glyphs\/twosuperior.glif","\/bod_blar.ufo\/glyphs\/u.glif":"\/bod_blar.ufo\/glyphs\/u.glif","\/bod_blar.ufo\/glyphs\/uacute.glif":"\/bod_blar.ufo\/glyphs\/uacute.glif","\/bod_blar.ufo\/glyphs\/ucircumflex.glif":"\/bod_blar.ufo\/glyphs\/ucircumflex.glif","\/bod_blar.ufo\/glyphs\/udieresis.glif":"\/bod_blar.ufo\/glyphs\/udieresis.glif","\/bod_blar.ufo\/glyphs\/ugrave.glif":"\/bod_blar.ufo\/glyphs\/ugrave.glif","\/bod_blar.ufo\/glyphs\/underscore.glif":"\/bod_blar.ufo\/glyphs\/underscore.glif","\/bod_blar.ufo\/glyphs\/v.glif":"\/bod_blar.ufo\/glyphs\/v.glif","\/bod_blar.ufo\/glyphs\/w.glif":"\/bod_blar.ufo\/glyphs\/w.glif","\/bod_blar.ufo\/glyphs\/x.glif":"\/bod_blar.ufo\/glyphs\/x.glif","\/bod_blar.ufo\/glyphs\/y.glif":"\/bod_blar.ufo\/glyphs\/y.glif","\/bod_blar.ufo\/glyphs\/yacute.glif":"\/bod_blar.ufo\/glyphs\/yacute.glif","\/bod_blar.ufo\/glyphs\/ydieresis.glif":"\/bod_blar.ufo\/glyphs\/ydieresis.glif","\/bod_blar.ufo\/glyphs\/yen.glif":"\/bod_blar.ufo\/glyphs\/yen.glif","\/bod_blar.ufo\/glyphs\/z.glif":"\/bod_blar.ufo\/glyphs\/z.glif","\/bod_blar.ufo\/glyphs\/zcaron.glif":"\/bod_blar.ufo\/glyphs\/zcaron.glif","\/bod_blar.ufo\/glyphs\/zero.glif":"\/bod_blar.ufo\/glyphs\/zero.glif"},"Font":{"uploaded":1472365473.6165,"licence":"gpl3","company":"Chronolabs Cooperative","title":"Bodoni MTBlack","version":3.002,"date":"Sun Aug 28 07:44:12 2016","creator":"root","type":"1","matrix":"0.000488281 0 0 0.000488281 0 0","named":"BodoniMTBlack","painttype":"0","info":"10 dict dup","name":"Bodoni MT Black","family":"Bodoni MT Black","weight":"Black","fstype":"8","italicangle":"0","underlineposition":"","underlinethickness":""},"Licences":{"":false},"Table":{"FFTM":{"entryLength":16,"tag":"FFTM","checksum":1947014952,"offset":28264,"length":28},"GDEF":{"entryLength":16,"tag":"GDEF","checksum":19464196,"offset":28232,"length":32},"OS\/2":{"entryLength":16,"tag":"OS\/2","checksum":2269137452,"offset":344,"length":86},"cmap":{"entryLength":16,"tag":"cmap","checksum":4268867659,"offset":1440,"length":810},"gasp":{"entryLength":16,"tag":"gasp","checksum":4294901763,"offset":28224,"length":8},"glyf":{"entryLength":16,"tag":"glyf","checksum":2438094772,"offset":2760,"length":23784},"head":{"entryLength":16,"tag":"head","checksum":261455002,"offset":220,"length":54},"hhea":{"entryLength":16,"tag":"hhea","checksum":280299462,"offset":276,"length":36},"hmtx":{"entryLength":16,"tag":"hmtx","checksum":3026007312,"offset":432,"length":1006},"loca":{"entryLength":16,"tag":"loca","checksum":405012840,"offset":2252,"length":506},"maxp":{"entryLength":16,"tag":"maxp","checksum":21692664,"offset":312,"length":32},"name":{"entryLength":16,"tag":"name","checksum":4027839849,"offset":26544,"length":1062},"post":{"entryLength":16,"tag":"post","checksum":1526646825,"offset":27608,"length":613}},"UnicodeCharMap":{"0":1,"13":2,"32":3,"33":4,"34":5,"35":6,"36":7,"37":8,"38":9,"39":10,"40":11,"41":12,"42":13,"43":14,"44":15,"45":16,"46":17,"47":18,"48":19,"49":20,"50":21,"51":22,"52":23,"53":24,"54":25,"55":26,"56":27,"57":28,"58":29,"59":30,"60":31,"61":32,"62":33,"63":34,"64":35,"65":36,"66":37,"67":38,"68":39,"69":40,"70":41,"71":42,"72":43,"73":44,"74":45,"75":46,"76":47,"77":48,"78":49,"79":50,"80":51,"81":52,"82":53,"83":54,"84":55,"85":56,"86":57,"87":58,"88":59,"89":60,"90":61,"91":62,"92":63,"93":64,"94":65,"95":66,"96":67,"97":68,"98":69,"99":70,"100":71,"101":72,"102":73,"103":74,"104":75,"105":76,"106":77,"107":78,"108":79,"109":80,"110":81,"111":82,"112":83,"113":84,"114":85,"115":86,"116":87,"117":88,"118":89,"119":90,"120":91,"121":92,"122":93,"123":94,"124":95,"125":96,"126":97,"160":98,"161":99,"162":100,"163":101,"164":102,"165":103,"166":104,"167":105,"168":106,"169":107,"170":108,"171":109,"172":110,"173":111,"174":112,"175":208,"176":114,"177":115,"178":116,"179":117,"180":118,"181":119,"182":120,"183":238,"184":122,"185":123,"186":124,"187":125,"188":126,"189":127,"190":128,"191":129,"192":130,"193":131,"194":132,"195":133,"196":134,"197":135,"198":136,"199":137,"200":138,"201":139,"202":140,"203":141,"204":142,"205":143,"206":144,"207":145,"208":146,"209":147,"210":148,"211":149,"212":150,"213":151,"214":152,"215":153,"216":154,"217":155,"218":156,"219":157,"220":158,"221":159,"222":160,"223":161,"224":162,"225":163,"226":164,"227":165,"228":166,"229":167,"230":168,"231":169,"232":170,"233":171,"234":172,"235":173,"236":174,"237":175,"238":176,"239":177,"240":178,"241":179,"242":180,"243":181,"244":182,"245":183,"246":184,"247":185,"248":186,"249":187,"250":188,"251":189,"252":190,"253":191,"254":192,"255":193,"305":195,"321":196,"322":197,"338":198,"339":199,"352":200,"353":201,"376":202,"381":203,"382":204,"402":205,"710":206,"711":207,"728":209,"729":210,"730":211,"731":212,"732":213,"733":214,"982":249,"8211":215,"8212":216,"8216":217,"8217":218,"8218":219,"8220":220,"8221":221,"8222":222,"8224":223,"8225":224,"8226":225,"8230":226,"8240":227,"8249":228,"8250":229,"8260":237,"8308":248,"8364":194,"8482":230,"8486":231,"8706":232,"8710":233,"8719":234,"8721":235,"8722":236,"8730":239,"8734":240,"8747":241,"8776":242,"8800":243,"8804":244,"8805":245,"9674":246,"64257":250,"64258":251},"Reserves":{"fontname":"Bodoni MT Black"},"Names":{"Bodoni MT Black":{"name":"Bodoni MT Black","longitude":"0.00000001","latitude":"0.00000001","country":"","region":"","city":""}},"Nodes":{"bo":{"type":"typal","node":"bo","usage":1,"weight":1},"ni":{"type":"typal","node":"ni","usage":1,"weight":1},"bl":{"type":"typal","node":"bl","usage":1,"weight":1},"ck":{"type":"typal","node":"ck","usage":1,"weight":1},"bod":{"type":"typal","node":"bod","usage":1,"weight":1},"oni":{"type":"typal","node":"oni","usage":1,"weight":1},"bla":{"type":"typal","node":"bla","usage":1,"weight":1},"ack":{"type":"typal","node":"ack","usage":1,"weight":1},"bodo":{"type":"keys","node":"bodo","usage":1,"weight":1},"doni":{"type":"keys","node":"doni","usage":1,"weight":1},"blac":{"type":"keys","node":"blac","usage":1,"weight":1},"lack":{"type":"keys","node":"lack","usage":1,"weight":1},"bodon":{"type":"keys","node":"bodon","usage":1,"weight":1},"odoni":{"type":"keys","node":"odoni","usage":1,"weight":1},"bodoni":{"type":"fixes","node":"bodoni","usage":1,"weight":1},"mt":{"type":"fixes","node":"mt","usage":1,"weight":1},"black":{"type":"fixes","node":"black","usage":1,"weight":1}},"Contributors":[],"FontIdentity":"thatcher0:8768c174852d3d1533fe1b","Bytes":null,"Networking":[],"barcode":"12asagii6aoio","referee":"m2o42"}