{"CSS":{"GriffinTwo":"GriffinTwo.css"},"FontType":"TrueType","FontCopyright":"Copyright 1992 by D. Rakowski. All Rights Reserved.","FontName":"GriffinTwo","FontSubfamily":"Plain","FontSubfamilyID":"FontForge 2.0 : GriffinTwo : 17-8-2016","FontFullName":"Griffin Two","FontVersion":"Version Altsys Fontographer  ","FontWeight":null,"FontPostscriptName":"GriffinTwoPlain","Files":{"griffintwo.afm":"griffintwo.afm","griffintwo.bin":"griffintwo.bin","griffintwo.cef":"griffintwo.cef","griffintwo.cff":"griffintwo.cff","griffintwo.cid":"griffintwo.cid","griffintwo.dfont":"griffintwo.dfont","griffintwo.eot":"griffintwo.eot","griffintwo.fon":"griffintwo.fon","griffintwo.gai":"griffintwo.gai","griffintwo.gsf":"griffintwo.gsf","griffintwo.hqx":"griffintwo.hqx","griffintwo.ik":"griffintwo.ik","griffintwo.mf":"griffintwo.mf","griffintwo.otf":"griffintwo.otf","griffintwo.pcf":"griffintwo.pcf","griffintwo.pf3":"griffintwo.pf3","griffintwo.pfa":"griffintwo.pfa","griffintwo.pfb":"griffintwo.pfb","griffintwo.php":"griffintwo.php","griffintwo.pmf":"griffintwo.pmf","griffintwo.pt3":"griffintwo.pt3","griffintwo.sfd":"griffintwo.sfd","griffintwo.svg":"griffintwo.svg","griffintwo.t42":"griffintwo.t42","griffintwo.ttd":"griffintwo.ttd","griffintwo.ttf":"griffintwo.ttf","griffintwo.ttg":"griffintwo.ttg","griffintwo.ufm":"griffintwo.ufm","griffintwo.woff":"griffintwo.woff","griffintwo.z":"griffintwo.z","":{"griffintwo.afm":"griffintwo.afm","griffintwo.bin":"griffintwo.bin","griffintwo.cef":"griffintwo.cef","griffintwo.cff":"griffintwo.cff","griffintwo.cid":"griffintwo.cid","griffintwo.dfont":"griffintwo.dfont","griffintwo.eot":"griffintwo.eot","griffintwo.fon":"griffintwo.fon","griffintwo.gai":"griffintwo.gai","griffintwo.gsf":"griffintwo.gsf","griffintwo.hqx":"griffintwo.hqx","griffintwo.ik":"griffintwo.ik","griffintwo.mf":"griffintwo.mf","griffintwo.otf":"griffintwo.otf","griffintwo.pcf":"griffintwo.pcf","griffintwo.pf3":"griffintwo.pf3","griffintwo.pfa":"griffintwo.pfa","griffintwo.pfb":"griffintwo.pfb","griffintwo.php":"griffintwo.php","griffintwo.pmf":"griffintwo.pmf","griffintwo.pt3":"griffintwo.pt3","griffintwo.sfd":"griffintwo.sfd","griffintwo.svg":"griffintwo.svg","griffintwo.t42":"griffintwo.t42","griffintwo.ttd":"griffintwo.ttd","griffintwo.ttf":"griffintwo.ttf","griffintwo.ttg":"griffintwo.ttg","griffintwo.ufm":"griffintwo.ufm","griffintwo.woff":"griffintwo.woff","griffintwo.z":"griffintwo.z"},"\/griffintwo.ufo":{"feature.fea":"feature.fea","fontinfo.plist":"fontinfo.plist","groups.plist":"groups.plist","kerning.plist":"kerning.plist","metainfo.plist":"metainfo.plist"},"\/griffintwo.ufo\/glyphs":{"_notdef.glif":"_notdef.glif","_null.glif":"_null.glif","a.glif":"a.glif","b.glif":"b.glif","backslash.glif":"backslash.glif","bracketleft.glif":"bracketleft.glif","bracketright.glif":"bracketright.glif","c.glif":"c.glif","comma.glif":"comma.glif","contents.plist":"contents.plist","d.glif":"d.glif","e.glif":"e.glif","eight.glif":"eight.glif","equal.glif":"equal.glif","f.glif":"f.glif","five.glif":"five.glif","four.glif":"four.glif","g.glif":"g.glif","grave.glif":"grave.glif","h.glif":"h.glif","hyphen.glif":"hyphen.glif","i.glif":"i.glif","j.glif":"j.glif","k.glif":"k.glif","l.glif":"l.glif","m.glif":"m.glif","n.glif":"n.glif","nine.glif":"nine.glif","nonmarkingreturn.glif":"nonmarkingreturn.glif","o.glif":"o.glif","one.glif":"one.glif","p.glif":"p.glif","period.glif":"period.glif","q.glif":"q.glif","quotesingle.glif":"quotesingle.glif","r.glif":"r.glif","s.glif":"s.glif","semicolon.glif":"semicolon.glif","seven.glif":"seven.glif","six.glif":"six.glif","slash.glif":"slash.glif","space.glif":"space.glif","t.glif":"t.glif","three.glif":"three.glif","two.glif":"two.glif","u.glif":"u.glif","v.glif":"v.glif","w.glif":"w.glif","x.glif":"x.glif","y.glif":"y.glif","z.glif":"z.glif","zero.glif":"zero.glif"}},"Font":null,"Table":{"FFTM":{"entryLength":16,"tag":"FFTM","checksum":1944402532,"offset":76216,"length":28},"GDEF":{"entryLength":16,"tag":"GDEF","checksum":6291460,"offset":76184,"length":32},"OS\/2":{"entryLength":16,"tag":"OS\/2","checksum":1475567630,"offset":344,"length":86},"cmap":{"entryLength":16,"tag":"cmap","checksum":760235993,"offset":636,"length":386},"gasp":{"entryLength":16,"tag":"gasp","checksum":4294901763,"offset":76176,"length":8},"glyf":{"entryLength":16,"tag":"glyf","checksum":922542732,"offset":1128,"length":74240},"head":{"entryLength":16,"tag":"head","checksum":279778909,"offset":220,"length":54},"hhea":{"entryLength":16,"tag":"hhea","checksum":238750057,"offset":276,"length":36},"hmtx":{"entryLength":16,"tag":"hmtx","checksum":3294627587,"offset":432,"length":204},"loca":{"entryLength":16,"tag":"loca","checksum":3363837574,"offset":1024,"length":104},"maxp":{"entryLength":16,"tag":"maxp","checksum":8717158,"offset":312,"length":32},"name":{"entryLength":16,"tag":"name","checksum":3524224623,"offset":75368,"length":669},"post":{"entryLength":16,"tag":"post","checksum":83035513,"offset":76040,"length":136}},"UnicodeCharMap":{"0":1,"13":2,"32":3,"39":4,"44":5,"45":6,"46":7,"47":8,"48":9,"49":10,"50":11,"51":12,"52":13,"53":14,"54":15,"55":16,"56":17,"57":18,"59":19,"61":20,"91":21,"92":22,"93":23,"96":24,"97":25,"98":26,"99":27,"100":28,"101":29,"102":30,"103":31,"104":32,"105":33,"106":34,"107":35,"108":36,"109":37,"110":38,"111":39,"112":40,"113":41,"114":42,"115":43,"116":44,"117":45,"118":46,"119":47,"120":48,"121":49,"122":50},"Reserves":null,"Names":[],"Nodes":{"gr":{"type":"typal","node":"gr","usage":1,"weight":1},"in":{"type":"typal","node":"in","usage":1,"weight":1},"tw":{"type":"typal","node":"tw","usage":1,"weight":1},"wo":{"type":"typal","node":"wo","usage":1,"weight":1},"gri":{"type":"typal","node":"gri","usage":1,"weight":1},"fin":{"type":"typal","node":"fin","usage":1,"weight":1},"grif":{"type":"keys","node":"grif","usage":1,"weight":1},"ffin":{"type":"keys","node":"ffin","usage":1,"weight":1},"griff":{"type":"keys","node":"griff","usage":1,"weight":1},"iffin":{"type":"keys","node":"iffin","usage":1,"weight":1},"griffin":{"type":"fixes","node":"griffin","usage":1,"weight":1},"two":{"type":"fixes","node":"two","usage":1,"weight":1}},"Contributors":[],"FontIdentity":"1b5c61516b03ff77c507233bd45f91d4","Bytes":7923451,"Networking":[],"barcode":"y6ew9owu2go4c","referee":"o5ygyma"}