{"CSS":{"Aldine 721 Light Italic BT":"Aldine 721 Light Italic BT.css"},"FontType":"TrueType","FontCopyright":"Copyright 1990-1993 Bitstream Inc.  All rights reserved.","FontName":"Aldine721 Lt BT","FontSubfamily":"Light Italic","FontSubfamilyID":"Aldine 721 Light Italic","FontFullName":"Aldine 721 Light Italic BT","FontVersion":"mfgpctt-v1.53 Monday, February 1, 1993 1:22:35 pm (EST)","FontWeight":null,"FontPostscriptName":"Aldine721BT-LightItalic","Files":null,"Table":{"FFTM":{"entryLength":16,"tag":"FFTM","checksum":457124938,"offset":48960,"length":28},"GDEF":{"entryLength":16,"tag":"GDEF","checksum":19988484,"offset":46816,"length":32},"GPOS":{"entryLength":16,"tag":"GPOS","checksum":2690698296,"offset":46896,"length":2064},"GSUB":{"entryLength":16,"tag":"GSUB","checksum":3103766782,"offset":46848,"length":48},"OS\/2":{"entryLength":16,"tag":"OS\/2","checksum":2621111221,"offset":408,"length":96},"cmap":{"entryLength":16,"tag":"cmap","checksum":3333985680,"offset":1544,"length":886},"cvt ":{"entryLength":16,"tag":"cvt ","checksum":4218236053,"offset":5064,"length":640},"fpgm":{"entryLength":16,"tag":"fpgm","checksum":1628926024,"offset":2432,"length":141},"glyf":{"entryLength":16,"tag":"glyf","checksum":796593915,"offset":6228,"length":39196},"head":{"entryLength":16,"tag":"head","checksum":205528825,"offset":284,"length":54},"hhea":{"entryLength":16,"tag":"hhea","checksum":248121147,"offset":340,"length":36},"hmtx":{"entryLength":16,"tag":"hmtx","checksum":2036276444,"offset":504,"length":1040},"loca":{"entryLength":16,"tag":"loca","checksum":834997248,"offset":5704,"length":522},"maxp":{"entryLength":16,"tag":"maxp","checksum":159384117,"offset":376,"length":32},"name":{"entryLength":16,"tag":"name","checksum":3055269690,"offset":45424,"length":825},"post":{"entryLength":16,"tag":"post","checksum":404298226,"offset":46252,"length":564},"prep":{"entryLength":16,"tag":"prep","checksum":3925164217,"offset":2576,"length":2487}},"UnicodeCharMap":{"32":3,"33":4,"34":5,"35":6,"36":7,"37":8,"38":9,"39":10,"40":11,"41":12,"42":13,"43":14,"44":15,"45":16,"46":17,"47":18,"48":19,"49":20,"50":21,"51":22,"52":23,"53":24,"54":25,"55":26,"56":27,"57":28,"58":29,"59":30,"60":31,"61":32,"62":33,"63":34,"64":35,"65":36,"66":37,"67":38,"68":39,"69":40,"70":41,"71":42,"72":43,"73":44,"74":45,"75":46,"76":47,"77":48,"78":49,"79":50,"80":51,"81":52,"82":53,"83":54,"84":55,"85":56,"86":57,"87":58,"88":59,"89":60,"90":61,"91":62,"92":63,"93":64,"94":65,"95":66,"96":67,"97":68,"98":69,"99":70,"100":71,"101":72,"102":73,"103":74,"104":75,"105":76,"106":77,"107":78,"108":79,"109":80,"110":81,"111":82,"112":83,"113":84,"114":85,"115":86,"116":87,"117":88,"118":89,"119":90,"120":91,"121":92,"122":93,"123":94,"124":95,"125":96,"126":97,"160":98,"161":99,"162":100,"163":101,"164":102,"165":103,"166":104,"167":105,"168":106,"169":107,"170":108,"171":109,"172":110,"173":111,"174":112,"175":113,"176":114,"177":115,"178":116,"179":117,"180":118,"181":119,"182":120,"183":121,"184":122,"185":123,"186":124,"187":125,"188":126,"189":127,"190":128,"191":129,"192":130,"193":131,"194":132,"195":133,"196":134,"197":135,"198":136,"199":137,"200":138,"201":139,"202":140,"203":141,"204":142,"205":143,"206":144,"207":145,"208":146,"209":147,"210":148,"211":149,"212":150,"213":151,"214":152,"215":153,"216":154,"217":155,"218":156,"219":157,"220":158,"221":159,"222":160,"223":161,"224":162,"225":163,"226":164,"227":165,"228":166,"229":167,"230":168,"231":169,"232":170,"233":171,"234":172,"235":173,"236":174,"237":175,"238":176,"239":177,"240":178,"241":179,"242":180,"243":181,"244":182,"245":183,"246":184,"247":185,"248":186,"249":187,"250":188,"251":189,"252":190,"253":191,"254":192,"255":193,"262":194,"263":195,"268":196,"269":197,"273":198,"286":199,"287":200,"304":201,"305":202,"321":203,"322":204,"338":205,"339":206,"350":207,"351":208,"352":209,"353":210,"376":211,"381":212,"382":213,"402":214,"710":215,"711":216,"728":217,"729":218,"730":219,"731":220,"732":221,"733":222,"937":223,"960":224,"8211":225,"8212":226,"8216":227,"8217":228,"8218":229,"8220":230,"8221":231,"8222":232,"8224":233,"8225":234,"8226":235,"8230":236,"8240":237,"8249":238,"8250":239,"8355":240,"8482":241,"8706":242,"8710":243,"8719":244,"8721":245,"8722":246,"8725":247,"8729":248,"8730":249,"8734":250,"8747":251,"8776":252,"8800":253,"8804":254,"8805":255,"9674":256,"61440":257,"61441":258,"61442":259},"Reserves":{"fontname":"Aldine 721 Light Italic BT"},"Names":{"Aldine 721 Light Italic BT":{"name":"Aldine 721 Light Italic BT","longitude":null,"latitude":null,"country":"","region":"","city":""}},"Nodes":{"al":{"type":"typal","node":"al","usage":1,"weight":1},"ne":{"type":"typal","node":"ne","usage":1,"weight":1},"72":{"type":"typal","node":72,"usage":1,"weight":1},"21":{"type":"typal","node":21,"usage":1,"weight":1},"li":{"type":"typal","node":"li","usage":1,"weight":1},"ht":{"type":"typal","node":"ht","usage":1,"weight":1},"it":{"type":"typal","node":"it","usage":1,"weight":1},"ic":{"type":"typal","node":"ic","usage":1,"weight":1},"ald":{"type":"typal","node":"ald","usage":1,"weight":1},"ine":{"type":"typal","node":"ine","usage":1,"weight":1},"lig":{"type":"typal","node":"lig","usage":1,"weight":1},"ght":{"type":"typal","node":"ght","usage":1,"weight":1},"ita":{"type":"typal","node":"ita","usage":1,"weight":1},"lic":{"type":"typal","node":"lic","usage":1,"weight":1},"aldi":{"type":"keys","node":"aldi","usage":1,"weight":1},"dine":{"type":"keys","node":"dine","usage":1,"weight":1},"ligh":{"type":"keys","node":"ligh","usage":1,"weight":1},"ight":{"type":"keys","node":"ight","usage":1,"weight":1},"ital":{"type":"keys","node":"ital","usage":1,"weight":1},"alic":{"type":"keys","node":"alic","usage":1,"weight":1},"aldin":{"type":"keys","node":"aldin","usage":1,"weight":1},"ldine":{"type":"keys","node":"ldine","usage":1,"weight":1},"itali":{"type":"keys","node":"itali","usage":1,"weight":1},"talic":{"type":"keys","node":"talic","usage":1,"weight":1},"aldine":{"type":"fixes","node":"aldine","usage":1,"weight":1},"721":{"type":"fixes","node":721,"usage":1,"weight":1},"light":{"type":"fixes","node":"light","usage":1,"weight":1},"italic":{"type":"fixes","node":"italic","usage":1,"weight":1},"bt":{"type":"fixes","node":"bt","usage":1,"weight":1}},"Contributors":[],"FontIdentity":"2c124ab51c15981c1a19c3127fac3458","Bytes":null,"Networking":[]}