{"CSS":{"KeetanoKatakana Regular":"KeetanoKatakana+Regular.css"},"FontType":"TrueType","FontCopyright":"Copyright (c) Shiseido Diamonds Corporation, 2004. All rights reserved.","FontName":"Keetano Katakana","FontSubfamily":"Regular","FontSubfamilyID":"FontForge 2.0 : KeetanoKatakana Regular : 23-12-2016","FontFullName":"Keetano Katakana Regular","FontVersion":"Version 1.000 2004 initial r ","FontWeight":null,"FontPostscriptName":"KeetanoKatakana-Regular","Files":{"keetano_katakana.afm":"keetano_katakana.afm","keetano_katakana.bin":"keetano_katakana.bin","keetano_katakana.cef":"keetano_katakana.cef","keetano_katakana.cff":"keetano_katakana.cff","keetano_katakana.cid":"keetano_katakana.cid","keetano_katakana.dfont":"keetano_katakana.dfont","keetano_katakana.eot":"keetano_katakana.eot","keetano_katakana.fon":"keetano_katakana.fon","keetano_katakana.gai":"keetano_katakana.gai","keetano_katakana.gsf":"keetano_katakana.gsf","keetano_katakana.hqx":"keetano_katakana.hqx","keetano_katakana.ik":"keetano_katakana.ik","keetano_katakana.mf":"keetano_katakana.mf","keetano_katakana.otf":"keetano_katakana.otf","keetano_katakana.pcf":"keetano_katakana.pcf","keetano_katakana.pf3":"keetano_katakana.pf3","keetano_katakana.pfa":"keetano_katakana.pfa","keetano_katakana.pfb":"keetano_katakana.pfb","keetano_katakana.php":"keetano_katakana.php","keetano_katakana.pmf":"keetano_katakana.pmf","keetano_katakana.pt3":"keetano_katakana.pt3","keetano_katakana.sfd":"keetano_katakana.sfd","keetano_katakana.svg":"keetano_katakana.svg","keetano_katakana.t42":"keetano_katakana.t42","keetano_katakana.ttd":"keetano_katakana.ttd","keetano_katakana.ttf":"keetano_katakana.ttf","keetano_katakana.ttg":"keetano_katakana.ttg","keetano_katakana.ufm":"keetano_katakana.ufm","keetano_katakana.woff":"keetano_katakana.woff","keetano_katakana.z":"keetano_katakana.z","":{"keetano_katakana.afm":"keetano_katakana.afm","keetano_katakana.bin":"keetano_katakana.bin","keetano_katakana.cef":"keetano_katakana.cef","keetano_katakana.cff":"keetano_katakana.cff","keetano_katakana.cid":"keetano_katakana.cid","keetano_katakana.dfont":"keetano_katakana.dfont","keetano_katakana.eot":"keetano_katakana.eot","keetano_katakana.fon":"keetano_katakana.fon","keetano_katakana.gai":"keetano_katakana.gai","keetano_katakana.gsf":"keetano_katakana.gsf","keetano_katakana.hqx":"keetano_katakana.hqx","keetano_katakana.ik":"keetano_katakana.ik","keetano_katakana.mf":"keetano_katakana.mf","keetano_katakana.otf":"keetano_katakana.otf","keetano_katakana.pcf":"keetano_katakana.pcf","keetano_katakana.pf3":"keetano_katakana.pf3","keetano_katakana.pfa":"keetano_katakana.pfa","keetano_katakana.pfb":"keetano_katakana.pfb","keetano_katakana.php":"keetano_katakana.php","keetano_katakana.pmf":"keetano_katakana.pmf","keetano_katakana.pt3":"keetano_katakana.pt3","keetano_katakana.sfd":"keetano_katakana.sfd","keetano_katakana.svg":"keetano_katakana.svg","keetano_katakana.t42":"keetano_katakana.t42","keetano_katakana.ttd":"keetano_katakana.ttd","keetano_katakana.ttf":"keetano_katakana.ttf","keetano_katakana.ttg":"keetano_katakana.ttg","keetano_katakana.ufm":"keetano_katakana.ufm","keetano_katakana.woff":"keetano_katakana.woff","keetano_katakana.z":"keetano_katakana.z"},"\/keetano_katakana.ufo":{"feature.fea":"feature.fea","fontinfo.plist":"fontinfo.plist","groups.plist":"groups.plist","kerning.plist":"kerning.plist","metainfo.plist":"metainfo.plist"},"\/keetano_katakana.ufo\/glyphs":{"A_.glif":"A_.glif","A_E_.glif":"A_E_.glif","A_acute.glif":"A_acute.glif","A_circumflex.glif":"A_circumflex.glif","A_dieresis.glif":"A_dieresis.glif","A_grave.glif":"A_grave.glif","A_ring.glif":"A_ring.glif","A_tilde.glif":"A_tilde.glif","B_.glif":"B_.glif","C_.glif":"C_.glif","C_cedilla.glif":"C_cedilla.glif","D_.glif":"D_.glif","E_.glif":"E_.glif","E_acute.glif":"E_acute.glif","E_circumflex.glif":"E_circumflex.glif","E_dieresis.glif":"E_dieresis.glif","E_grave.glif":"E_grave.glif","E_th.glif":"E_th.glif","E_uro.glif":"E_uro.glif","F_.glif":"F_.glif","G_.glif":"G_.glif","H_.glif":"H_.glif","I_.glif":"I_.glif","I_acute.glif":"I_acute.glif","I_circumflex.glif":"I_circumflex.glif","I_dieresis.glif":"I_dieresis.glif","I_grave.glif":"I_grave.glif","J_.glif":"J_.glif","K_.glif":"K_.glif","L_.glif":"L_.glif","M_.glif":"M_.glif","N_.glif":"N_.glif","N_U_L_L_.glif":"N_U_L_L_.glif","N_tilde.glif":"N_tilde.glif","O_.glif":"O_.glif","O_E_.glif":"O_E_.glif","O_acute.glif":"O_acute.glif","O_circumflex.glif":"O_circumflex.glif","O_dieresis.glif":"O_dieresis.glif","O_grave.glif":"O_grave.glif","O_slash.glif":"O_slash.glif","O_tilde.glif":"O_tilde.glif","P_.glif":"P_.glif","Q_.glif":"Q_.glif","R_.glif":"R_.glif","S_.glif":"S_.glif","S_caron.glif":"S_caron.glif","T_.glif":"T_.glif","T_horn.glif":"T_horn.glif","U_.glif":"U_.glif","U_acute.glif":"U_acute.glif","U_circumflex.glif":"U_circumflex.glif","U_dieresis.glif":"U_dieresis.glif","U_grave.glif":"U_grave.glif","V_.glif":"V_.glif","W_.glif":"W_.glif","X_.glif":"X_.glif","Y_.glif":"Y_.glif","Y_acute.glif":"Y_acute.glif","Y_dieresis.glif":"Y_dieresis.glif","Z_.glif":"Z_.glif","a.glif":"a.glif","aacute.glif":"aacute.glif","acircumflex.glif":"acircumflex.glif","acute.glif":"acute.glif","adieresis.glif":"adieresis.glif","ae.glif":"ae.glif","agrave.glif":"agrave.glif","ampersand.glif":"ampersand.glif","aring.glif":"aring.glif","asciicircum.glif":"asciicircum.glif","asciitilde.glif":"asciitilde.glif","asterisk.glif":"asterisk.glif","at.glif":"at.glif","atilde.glif":"atilde.glif","b.glif":"b.glif","backslash.glif":"backslash.glif","bar.glif":"bar.glif","braceleft.glif":"braceleft.glif","braceright.glif":"braceright.glif","bracketleft.glif":"bracketleft.glif","bracketright.glif":"bracketright.glif","brokenbar.glif":"brokenbar.glif","bullet.glif":"bullet.glif","c.glif":"c.glif","c128.glif":"c128.glif","c129.glif":"c129.glif","c141.glif":"c141.glif","c142.glif":"c142.glif","c143.glif":"c143.glif","c144.glif":"c144.glif","c157.glif":"c157.glif","c158.glif":"c158.glif","ccedilla.glif":"ccedilla.glif","cedilla.glif":"cedilla.glif","cent.glif":"cent.glif","colon.glif":"colon.glif","comma.glif":"comma.glif","contents.plist":"contents.plist","copyright.glif":"copyright.glif","currency.glif":"currency.glif","d.glif":"d.glif","dagger.glif":"dagger.glif","daggerdbl.glif":"daggerdbl.glif","degree.glif":"degree.glif","dieresis.glif":"dieresis.glif","divide.glif":"divide.glif","dollar.glif":"dollar.glif","e.glif":"e.glif","eacute.glif":"eacute.glif","ecircumflex.glif":"ecircumflex.glif","edieresis.glif":"edieresis.glif","egrave.glif":"egrave.glif","eight.glif":"eight.glif","ellipsis.glif":"ellipsis.glif","emdash.glif":"emdash.glif","endash.glif":"endash.glif","equal.glif":"equal.glif","eth.glif":"eth.glif","exclam.glif":"exclam.glif","exclamdown.glif":"exclamdown.glif","f.glif":"f.glif","five.glif":"five.glif","florin.glif":"florin.glif","four.glif":"four.glif","g.glif":"g.glif","germandbls.glif":"germandbls.glif","grave.glif":"grave.glif","greater.glif":"greater.glif","guillemotleft.glif":"guillemotleft.glif","guillemotright.glif":"guillemotright.glif","guilsinglleft.glif":"guilsinglleft.glif","guilsinglright.glif":"guilsinglright.glif","h.glif":"h.glif","hyphen.glif":"hyphen.glif","i.glif":"i.glif","iacute.glif":"iacute.glif","icircumflex.glif":"icircumflex.glif","idieresis.glif":"idieresis.glif","igrave.glif":"igrave.glif","j.glif":"j.glif","k.glif":"k.glif","l.glif":"l.glif","less.glif":"less.glif","logicalnot.glif":"logicalnot.glif","m.glif":"m.glif","macron.glif":"macron.glif","minus.glif":"minus.glif","mu.glif":"mu.glif","multiply.glif":"multiply.glif","n.glif":"n.glif","nine.glif":"nine.glif","nonbreakingspace.glif":"nonbreakingspace.glif","nonmarkingreturn.glif":"nonmarkingreturn.glif","ntilde.glif":"ntilde.glif","numbersign.glif":"numbersign.glif","o.glif":"o.glif","oacute.glif":"oacute.glif","ocircumflex.glif":"ocircumflex.glif","odieresis.glif":"odieresis.glif","oe.glif":"oe.glif","ograve.glif":"ograve.glif","one.glif":"one.glif","onehalf.glif":"onehalf.glif","onequarter.glif":"onequarter.glif","onesuperior.glif":"onesuperior.glif","ordfeminine.glif":"ordfeminine.glif","ordmasculine.glif":"ordmasculine.glif","oslash.glif":"oslash.glif","otilde.glif":"otilde.glif","p.glif":"p.glif","paragraph.glif":"paragraph.glif","parenleft.glif":"parenleft.glif","parenright.glif":"parenright.glif","percent.glif":"percent.glif","period.glif":"period.glif","periodcentered.glif":"periodcentered.glif","perthousand.glif":"perthousand.glif","plus.glif":"plus.glif","plusminus.glif":"plusminus.glif","q.glif":"q.glif","question.glif":"question.glif","questiondown.glif":"questiondown.glif","quotedbl.glif":"quotedbl.glif","quotedblbase.glif":"quotedblbase.glif","quotedblleft.glif":"quotedblleft.glif","quotedblright.glif":"quotedblright.glif","quoteleft.glif":"quoteleft.glif","quoteright.glif":"quoteright.glif","quotesinglbase.glif":"quotesinglbase.glif","quotesingle.glif":"quotesingle.glif","r.glif":"r.glif","registered.glif":"registered.glif","s.glif":"s.glif","scaron.glif":"scaron.glif","section.glif":"section.glif","semicolon.glif":"semicolon.glif","seven.glif":"seven.glif","six.glif":"six.glif","slash.glif":"slash.glif","space.glif":"space.glif","sterling.glif":"sterling.glif","t.glif":"t.glif","thorn.glif":"thorn.glif","three.glif":"three.glif","threequarters.glif":"threequarters.glif","threesuperior.glif":"threesuperior.glif","trademark.glif":"trademark.glif","two.glif":"two.glif","twosuperior.glif":"twosuperior.glif","u.glif":"u.glif","uacute.glif":"uacute.glif","ucircumflex.glif":"ucircumflex.glif","udieresis.glif":"udieresis.glif","ugrave.glif":"ugrave.glif","underscore.glif":"underscore.glif","v.glif":"v.glif","w.glif":"w.glif","x.glif":"x.glif","y.glif":"y.glif","yacute.glif":"yacute.glif","ydieresis.glif":"ydieresis.glif","yen.glif":"yen.glif","z.glif":"z.glif","zero.glif":"zero.glif"}},"Font":{"uploaded":1482472437.278,"licence":"gpl3","company":"Chronolabs Cooperative","title":"Keetano Katakana Regular","version":2.001,"date":"Fri Oct 14 23:33:01 2016","creator":"root","type":"1","matrix":"0.001 0 0 0.001 0 0","named":"KeetanoKatakana-Regular","painttype":"0","info":"10 dict dup","name":"KeetanoKatakana Regular","family":"Keetano Katakana","weight":"Book","fstype":"0","italicangle":"0","underlineposition":"","underlinethickness":""},"Table":{"FFTM":{"entryLength":16,"tag":"FFTM","checksum":1955243212,"offset":75436,"length":28},"GDEF":{"entryLength":16,"tag":"GDEF","checksum":17760261,"offset":75404,"length":32},"OS\/2":{"entryLength":16,"tag":"OS\/2","checksum":1460797703,"offset":344,"length":86},"cmap":{"entryLength":16,"tag":"cmap","checksum":1445783090,"offset":1336,"length":504},"gasp":{"entryLength":16,"tag":"gasp","checksum":4294901763,"offset":75396,"length":8},"glyf":{"entryLength":16,"tag":"glyf","checksum":1453516913,"offset":2296,"length":71704},"head":{"entryLength":16,"tag":"head","checksum":187243687,"offset":220,"length":54},"hhea":{"entryLength":16,"tag":"hhea","checksum":118424211,"offset":276,"length":36},"hmtx":{"entryLength":16,"tag":"hmtx","checksum":1276637763,"offset":432,"length":904},"loca":{"entryLength":16,"tag":"loca","checksum":2671402038,"offset":1840,"length":454},"maxp":{"entryLength":16,"tag":"maxp","checksum":19858109,"offset":312,"length":32},"name":{"entryLength":16,"tag":"name","checksum":3838200679,"offset":74000,"length":858},"post":{"entryLength":16,"tag":"post","checksum":3540581102,"offset":74860,"length":536}},"UnicodeCharMap":{"13":2,"32":3,"33":4,"34":5,"35":6,"36":7,"37":8,"38":9,"39":10,"40":11,"41":12,"42":13,"43":14,"44":15,"45":16,"46":17,"47":18,"48":19,"49":20,"50":21,"51":22,"52":23,"53":24,"54":25,"55":26,"56":27,"57":28,"58":29,"59":30,"60":31,"61":32,"62":33,"63":34,"64":35,"65":36,"66":37,"67":38,"68":39,"69":40,"70":41,"71":42,"72":43,"73":44,"74":45,"75":46,"76":47,"77":48,"78":49,"79":50,"80":51,"81":52,"82":53,"83":54,"84":55,"85":56,"86":57,"87":58,"88":59,"89":60,"90":61,"91":62,"92":63,"93":64,"94":65,"95":66,"96":67,"97":68,"98":69,"99":70,"100":71,"101":72,"102":73,"103":74,"104":75,"105":76,"106":77,"107":78,"108":79,"109":80,"110":81,"111":82,"112":83,"113":84,"114":85,"115":86,"116":87,"117":88,"118":89,"119":90,"120":91,"121":92,"122":93,"123":94,"124":95,"125":96,"126":97,"160":106,"161":107,"162":108,"163":109,"164":110,"165":111,"166":112,"167":113,"168":114,"169":115,"170":116,"171":117,"172":118,"174":120,"175":121,"176":122,"177":123,"178":124,"179":125,"180":126,"182":128,"183":129,"184":130,"185":131,"186":132,"187":133,"188":134,"189":135,"190":136,"191":137,"192":138,"193":139,"194":140,"195":141,"196":142,"197":143,"198":144,"199":145,"200":146,"201":147,"202":148,"203":149,"204":150,"205":151,"206":152,"207":153,"208":154,"209":155,"210":156,"211":157,"212":158,"213":159,"214":160,"215":161,"216":162,"217":163,"218":164,"219":165,"220":166,"221":167,"222":168,"223":169,"224":170,"225":171,"226":172,"227":173,"228":174,"229":175,"230":176,"231":177,"232":178,"233":179,"234":180,"235":181,"236":182,"237":183,"238":184,"239":185,"240":186,"241":187,"242":188,"243":189,"244":190,"245":191,"246":192,"247":193,"248":194,"249":195,"250":196,"251":197,"252":198,"253":199,"254":200,"255":201,"338":212,"339":223,"352":210,"353":221,"376":224,"402":204,"956":127,"8211":218,"8212":219,"8216":213,"8217":214,"8218":203,"8220":215,"8221":216,"8222":205,"8224":207,"8225":208,"8226":217,"8230":206,"8240":209,"8249":211,"8250":222,"8364":225,"8482":220,"8722":119},"Reserves":null,"Names":[],"Nodes":{"ke":{"type":"typal","node":"ke","usage":1,"weight":1},"no":{"type":"typal","node":"no","usage":1,"weight":1},"ka":{"type":"typal","node":"ka","usage":1,"weight":1},"na":{"type":"typal","node":"na","usage":1,"weight":1},"kee":{"type":"typal","node":"kee","usage":1,"weight":1},"ano":{"type":"typal","node":"ano","usage":1,"weight":1},"kat":{"type":"typal","node":"kat","usage":1,"weight":1},"ana":{"type":"typal","node":"ana","usage":1,"weight":1},"keet":{"type":"keys","node":"keet","usage":1,"weight":1},"tano":{"type":"keys","node":"tano","usage":1,"weight":1},"kata":{"type":"keys","node":"kata","usage":1,"weight":1},"kana":{"type":"keys","node":"kana","usage":1,"weight":1},"keeta":{"type":"keys","node":"keeta","usage":1,"weight":1},"etano":{"type":"keys","node":"etano","usage":1,"weight":1},"katak":{"type":"keys","node":"katak","usage":1,"weight":1},"akana":{"type":"keys","node":"akana","usage":1,"weight":1},"keetano":{"type":"fixes","node":"keetano","usage":1,"weight":1},"katakana":{"type":"fixes","node":"katakana","usage":1,"weight":1}},"Contributors":[],"FontIdentity":"e1bc81a5cbfd337b219881e1f830e544","Bytes":7214341,"Networking":[],"barcode":"86ew9iuaaciio","referee":"ig2qi"}