{"CSS":{"OPTIBenjieModern-Italic":"OPTIBenjieModern-Italic.css"},"FontType":"TrueType","FontCopyright":"1.2, Copyright Copr. Castcraft Software, Inc. 1990-1991.","FontName":"OPTIBenjieModern-Italic","FontSubfamily":"Italic","FontSubfamilyID":"FontForge 2.0 : OPTIBenjieModern-Italic : 18-8-2016","FontFullName":"OPTIBenjie Modern Italic","FontVersion":"Version 001.000 ","FontWeight":null,"FontPostscriptName":"OPTIBenjieModern-Italic","Files":{"\/fonts\/Unpacking\/63d8a79a333615e581c6b90d06db9ae03d7a3684\/optibenjiemodern-italic.afm":"\/fonts\/Unpacking\/63d8a79a333615e581c6b90d06db9ae03d7a3684\/optibenjiemodern-italic.afm","\/fonts\/Unpacking\/63d8a79a333615e581c6b90d06db9ae03d7a3684\/optibenjiemodern-italic.bin":"\/fonts\/Unpacking\/63d8a79a333615e581c6b90d06db9ae03d7a3684\/optibenjiemodern-italic.bin","\/fonts\/Unpacking\/63d8a79a333615e581c6b90d06db9ae03d7a3684\/optibenjiemodern-italic.cef":"\/fonts\/Unpacking\/63d8a79a333615e581c6b90d06db9ae03d7a3684\/optibenjiemodern-italic.cef","\/fonts\/Unpacking\/63d8a79a333615e581c6b90d06db9ae03d7a3684\/optibenjiemodern-italic.cff":"\/fonts\/Unpacking\/63d8a79a333615e581c6b90d06db9ae03d7a3684\/optibenjiemodern-italic.cff","\/fonts\/Unpacking\/63d8a79a333615e581c6b90d06db9ae03d7a3684\/optibenjiemodern-italic.cid":"\/fonts\/Unpacking\/63d8a79a333615e581c6b90d06db9ae03d7a3684\/optibenjiemodern-italic.cid","\/fonts\/Unpacking\/63d8a79a333615e581c6b90d06db9ae03d7a3684\/optibenjiemodern-italic.dfont":"\/fonts\/Unpacking\/63d8a79a333615e581c6b90d06db9ae03d7a3684\/optibenjiemodern-italic.dfont","\/fonts\/Unpacking\/63d8a79a333615e581c6b90d06db9ae03d7a3684\/optibenjiemodern-italic.eot":"\/fonts\/Unpacking\/63d8a79a333615e581c6b90d06db9ae03d7a3684\/optibenjiemodern-italic.eot","\/fonts\/Unpacking\/63d8a79a333615e581c6b90d06db9ae03d7a3684\/optibenjiemodern-italic.fon":"\/fonts\/Unpacking\/63d8a79a333615e581c6b90d06db9ae03d7a3684\/optibenjiemodern-italic.fon","\/fonts\/Unpacking\/63d8a79a333615e581c6b90d06db9ae03d7a3684\/optibenjiemodern-italic.gai":"\/fonts\/Unpacking\/63d8a79a333615e581c6b90d06db9ae03d7a3684\/optibenjiemodern-italic.gai","\/fonts\/Unpacking\/63d8a79a333615e581c6b90d06db9ae03d7a3684\/optibenjiemodern-italic.gsf":"\/fonts\/Unpacking\/63d8a79a333615e581c6b90d06db9ae03d7a3684\/optibenjiemodern-italic.gsf","\/fonts\/Unpacking\/63d8a79a333615e581c6b90d06db9ae03d7a3684\/optibenjiemodern-italic.hqx":"\/fonts\/Unpacking\/63d8a79a333615e581c6b90d06db9ae03d7a3684\/optibenjiemodern-italic.hqx","\/fonts\/Unpacking\/63d8a79a333615e581c6b90d06db9ae03d7a3684\/optibenjiemodern-italic.ik":"\/fonts\/Unpacking\/63d8a79a333615e581c6b90d06db9ae03d7a3684\/optibenjiemodern-italic.ik","\/fonts\/Unpacking\/63d8a79a333615e581c6b90d06db9ae03d7a3684\/optibenjiemodern-italic.mf":"\/fonts\/Unpacking\/63d8a79a333615e581c6b90d06db9ae03d7a3684\/optibenjiemodern-italic.mf","\/fonts\/Unpacking\/63d8a79a333615e581c6b90d06db9ae03d7a3684\/optibenjiemodern-italic.otf":"\/fonts\/Unpacking\/63d8a79a333615e581c6b90d06db9ae03d7a3684\/optibenjiemodern-italic.otf","\/fonts\/Unpacking\/63d8a79a333615e581c6b90d06db9ae03d7a3684\/optibenjiemodern-italic.pcf":"\/fonts\/Unpacking\/63d8a79a333615e581c6b90d06db9ae03d7a3684\/optibenjiemodern-italic.pcf","\/fonts\/Unpacking\/63d8a79a333615e581c6b90d06db9ae03d7a3684\/optibenjiemodern-italic.pf3":"\/fonts\/Unpacking\/63d8a79a333615e581c6b90d06db9ae03d7a3684\/optibenjiemodern-italic.pf3","\/fonts\/Unpacking\/63d8a79a333615e581c6b90d06db9ae03d7a3684\/optibenjiemodern-italic.pfa":"\/fonts\/Unpacking\/63d8a79a333615e581c6b90d06db9ae03d7a3684\/optibenjiemodern-italic.pfa","\/fonts\/Unpacking\/63d8a79a333615e581c6b90d06db9ae03d7a3684\/optibenjiemodern-italic.pfb":"\/fonts\/Unpacking\/63d8a79a333615e581c6b90d06db9ae03d7a3684\/optibenjiemodern-italic.pfb","\/fonts\/Unpacking\/63d8a79a333615e581c6b90d06db9ae03d7a3684\/optibenjiemodern-italic.php":"\/fonts\/Unpacking\/63d8a79a333615e581c6b90d06db9ae03d7a3684\/optibenjiemodern-italic.php","\/fonts\/Unpacking\/63d8a79a333615e581c6b90d06db9ae03d7a3684\/optibenjiemodern-italic.pmf":"\/fonts\/Unpacking\/63d8a79a333615e581c6b90d06db9ae03d7a3684\/optibenjiemodern-italic.pmf","\/fonts\/Unpacking\/63d8a79a333615e581c6b90d06db9ae03d7a3684\/optibenjiemodern-italic.pt3":"\/fonts\/Unpacking\/63d8a79a333615e581c6b90d06db9ae03d7a3684\/optibenjiemodern-italic.pt3","\/fonts\/Unpacking\/63d8a79a333615e581c6b90d06db9ae03d7a3684\/optibenjiemodern-italic.sfd":"\/fonts\/Unpacking\/63d8a79a333615e581c6b90d06db9ae03d7a3684\/optibenjiemodern-italic.sfd","\/fonts\/Unpacking\/63d8a79a333615e581c6b90d06db9ae03d7a3684\/optibenjiemodern-italic.svg":"\/fonts\/Unpacking\/63d8a79a333615e581c6b90d06db9ae03d7a3684\/optibenjiemodern-italic.svg","\/fonts\/Unpacking\/63d8a79a333615e581c6b90d06db9ae03d7a3684\/optibenjiemodern-italic.t42":"\/fonts\/Unpacking\/63d8a79a333615e581c6b90d06db9ae03d7a3684\/optibenjiemodern-italic.t42","\/fonts\/Unpacking\/63d8a79a333615e581c6b90d06db9ae03d7a3684\/optibenjiemodern-italic.ttd":"\/fonts\/Unpacking\/63d8a79a333615e581c6b90d06db9ae03d7a3684\/optibenjiemodern-italic.ttd","\/fonts\/Unpacking\/63d8a79a333615e581c6b90d06db9ae03d7a3684\/optibenjiemodern-italic.ttf":"\/fonts\/Unpacking\/63d8a79a333615e581c6b90d06db9ae03d7a3684\/optibenjiemodern-italic.ttf","\/fonts\/Unpacking\/63d8a79a333615e581c6b90d06db9ae03d7a3684\/optibenjiemodern-italic.ttg":"\/fonts\/Unpacking\/63d8a79a333615e581c6b90d06db9ae03d7a3684\/optibenjiemodern-italic.ttg","\/fonts\/Unpacking\/63d8a79a333615e581c6b90d06db9ae03d7a3684\/optibenjiemodern-italic.ufm":"\/fonts\/Unpacking\/63d8a79a333615e581c6b90d06db9ae03d7a3684\/optibenjiemodern-italic.ufm","\/fonts\/Unpacking\/63d8a79a333615e581c6b90d06db9ae03d7a3684\/optibenjiemodern-italic.woff":"\/fonts\/Unpacking\/63d8a79a333615e581c6b90d06db9ae03d7a3684\/optibenjiemodern-italic.woff","\/fonts\/Unpacking\/63d8a79a333615e581c6b90d06db9ae03d7a3684\/optibenjiemodern-italic.z":"\/fonts\/Unpacking\/63d8a79a333615e581c6b90d06db9ae03d7a3684\/optibenjiemodern-italic.z","\/fonts\/Unpacking\/63d8a79a333615e581c6b90d06db9ae03d7a3684\/optibenjiemodern-italic.ufo\/feature.fea":"\/fonts\/Unpacking\/63d8a79a333615e581c6b90d06db9ae03d7a3684\/optibenjiemodern-italic.ufo\/feature.fea","\/fonts\/Unpacking\/63d8a79a333615e581c6b90d06db9ae03d7a3684\/optibenjiemodern-italic.ufo\/fontinfo.plist":"\/fonts\/Unpacking\/63d8a79a333615e581c6b90d06db9ae03d7a3684\/optibenjiemodern-italic.ufo\/fontinfo.plist","\/fonts\/Unpacking\/63d8a79a333615e581c6b90d06db9ae03d7a3684\/optibenjiemodern-italic.ufo\/groups.plist":"\/fonts\/Unpacking\/63d8a79a333615e581c6b90d06db9ae03d7a3684\/optibenjiemodern-italic.ufo\/groups.plist","\/fonts\/Unpacking\/63d8a79a333615e581c6b90d06db9ae03d7a3684\/optibenjiemodern-italic.ufo\/kerning.plist":"\/fonts\/Unpacking\/63d8a79a333615e581c6b90d06db9ae03d7a3684\/optibenjiemodern-italic.ufo\/kerning.plist","\/fonts\/Unpacking\/63d8a79a333615e581c6b90d06db9ae03d7a3684\/optibenjiemodern-italic.ufo\/metainfo.plist":"\/fonts\/Unpacking\/63d8a79a333615e581c6b90d06db9ae03d7a3684\/optibenjiemodern-italic.ufo\/metainfo.plist","\/fonts\/Unpacking\/63d8a79a333615e581c6b90d06db9ae03d7a3684\/optibenjiemodern-italic.ufo\/glyphs\/A_.glif":"\/fonts\/Unpacking\/63d8a79a333615e581c6b90d06db9ae03d7a3684\/optibenjiemodern-italic.ufo\/glyphs\/A_.glif","\/fonts\/Unpacking\/63d8a79a333615e581c6b90d06db9ae03d7a3684\/optibenjiemodern-italic.ufo\/glyphs\/A_E_.glif":"\/fonts\/Unpacking\/63d8a79a333615e581c6b90d06db9ae03d7a3684\/optibenjiemodern-italic.ufo\/glyphs\/A_E_.glif","\/fonts\/Unpacking\/63d8a79a333615e581c6b90d06db9ae03d7a3684\/optibenjiemodern-italic.ufo\/glyphs\/A_acute.glif":"\/fonts\/Unpacking\/63d8a79a333615e581c6b90d06db9ae03d7a3684\/optibenjiemodern-italic.ufo\/glyphs\/A_acute.glif","\/fonts\/Unpacking\/63d8a79a333615e581c6b90d06db9ae03d7a3684\/optibenjiemodern-italic.ufo\/glyphs\/A_circumflex.glif":"\/fonts\/Unpacking\/63d8a79a333615e581c6b90d06db9ae03d7a3684\/optibenjiemodern-italic.ufo\/glyphs\/A_circumflex.glif","\/fonts\/Unpacking\/63d8a79a333615e581c6b90d06db9ae03d7a3684\/optibenjiemodern-italic.ufo\/glyphs\/A_dieresis.glif":"\/fonts\/Unpacking\/63d8a79a333615e581c6b90d06db9ae03d7a3684\/optibenjiemodern-italic.ufo\/glyphs\/A_dieresis.glif","\/fonts\/Unpacking\/63d8a79a333615e581c6b90d06db9ae03d7a3684\/optibenjiemodern-italic.ufo\/glyphs\/A_grave.glif":"\/fonts\/Unpacking\/63d8a79a333615e581c6b90d06db9ae03d7a3684\/optibenjiemodern-italic.ufo\/glyphs\/A_grave.glif","\/fonts\/Unpacking\/63d8a79a333615e581c6b90d06db9ae03d7a3684\/optibenjiemodern-italic.ufo\/glyphs\/A_ring.glif":"\/fonts\/Unpacking\/63d8a79a333615e581c6b90d06db9ae03d7a3684\/optibenjiemodern-italic.ufo\/glyphs\/A_ring.glif","\/fonts\/Unpacking\/63d8a79a333615e581c6b90d06db9ae03d7a3684\/optibenjiemodern-italic.ufo\/glyphs\/A_tilde.glif":"\/fonts\/Unpacking\/63d8a79a333615e581c6b90d06db9ae03d7a3684\/optibenjiemodern-italic.ufo\/glyphs\/A_tilde.glif","\/fonts\/Unpacking\/63d8a79a333615e581c6b90d06db9ae03d7a3684\/optibenjiemodern-italic.ufo\/glyphs\/B_.glif":"\/fonts\/Unpacking\/63d8a79a333615e581c6b90d06db9ae03d7a3684\/optibenjiemodern-italic.ufo\/glyphs\/B_.glif","\/fonts\/Unpacking\/63d8a79a333615e581c6b90d06db9ae03d7a3684\/optibenjiemodern-italic.ufo\/glyphs\/C_.glif":"\/fonts\/Unpacking\/63d8a79a333615e581c6b90d06db9ae03d7a3684\/optibenjiemodern-italic.ufo\/glyphs\/C_.glif","\/fonts\/Unpacking\/63d8a79a333615e581c6b90d06db9ae03d7a3684\/optibenjiemodern-italic.ufo\/glyphs\/C_cedilla.glif":"\/fonts\/Unpacking\/63d8a79a333615e581c6b90d06db9ae03d7a3684\/optibenjiemodern-italic.ufo\/glyphs\/C_cedilla.glif","\/fonts\/Unpacking\/63d8a79a333615e581c6b90d06db9ae03d7a3684\/optibenjiemodern-italic.ufo\/glyphs\/D_.glif":"\/fonts\/Unpacking\/63d8a79a333615e581c6b90d06db9ae03d7a3684\/optibenjiemodern-italic.ufo\/glyphs\/D_.glif","\/fonts\/Unpacking\/63d8a79a333615e581c6b90d06db9ae03d7a3684\/optibenjiemodern-italic.ufo\/glyphs\/E_.glif":"\/fonts\/Unpacking\/63d8a79a333615e581c6b90d06db9ae03d7a3684\/optibenjiemodern-italic.ufo\/glyphs\/E_.glif","\/fonts\/Unpacking\/63d8a79a333615e581c6b90d06db9ae03d7a3684\/optibenjiemodern-italic.ufo\/glyphs\/E_acute.glif":"\/fonts\/Unpacking\/63d8a79a333615e581c6b90d06db9ae03d7a3684\/optibenjiemodern-italic.ufo\/glyphs\/E_acute.glif","\/fonts\/Unpacking\/63d8a79a333615e581c6b90d06db9ae03d7a3684\/optibenjiemodern-italic.ufo\/glyphs\/E_circumflex.glif":"\/fonts\/Unpacking\/63d8a79a333615e581c6b90d06db9ae03d7a3684\/optibenjiemodern-italic.ufo\/glyphs\/E_circumflex.glif","\/fonts\/Unpacking\/63d8a79a333615e581c6b90d06db9ae03d7a3684\/optibenjiemodern-italic.ufo\/glyphs\/E_dieresis.glif":"\/fonts\/Unpacking\/63d8a79a333615e581c6b90d06db9ae03d7a3684\/optibenjiemodern-italic.ufo\/glyphs\/E_dieresis.glif","\/fonts\/Unpacking\/63d8a79a333615e581c6b90d06db9ae03d7a3684\/optibenjiemodern-italic.ufo\/glyphs\/E_grave.glif":"\/fonts\/Unpacking\/63d8a79a333615e581c6b90d06db9ae03d7a3684\/optibenjiemodern-italic.ufo\/glyphs\/E_grave.glif","\/fonts\/Unpacking\/63d8a79a333615e581c6b90d06db9ae03d7a3684\/optibenjiemodern-italic.ufo\/glyphs\/F_.glif":"\/fonts\/Unpacking\/63d8a79a333615e581c6b90d06db9ae03d7a3684\/optibenjiemodern-italic.ufo\/glyphs\/F_.glif","\/fonts\/Unpacking\/63d8a79a333615e581c6b90d06db9ae03d7a3684\/optibenjiemodern-italic.ufo\/glyphs\/G_.glif":"\/fonts\/Unpacking\/63d8a79a333615e581c6b90d06db9ae03d7a3684\/optibenjiemodern-italic.ufo\/glyphs\/G_.glif","\/fonts\/Unpacking\/63d8a79a333615e581c6b90d06db9ae03d7a3684\/optibenjiemodern-italic.ufo\/glyphs\/H_.glif":"\/fonts\/Unpacking\/63d8a79a333615e581c6b90d06db9ae03d7a3684\/optibenjiemodern-italic.ufo\/glyphs\/H_.glif","\/fonts\/Unpacking\/63d8a79a333615e581c6b90d06db9ae03d7a3684\/optibenjiemodern-italic.ufo\/glyphs\/I_.glif":"\/fonts\/Unpacking\/63d8a79a333615e581c6b90d06db9ae03d7a3684\/optibenjiemodern-italic.ufo\/glyphs\/I_.glif","\/fonts\/Unpacking\/63d8a79a333615e581c6b90d06db9ae03d7a3684\/optibenjiemodern-italic.ufo\/glyphs\/I_acute.glif":"\/fonts\/Unpacking\/63d8a79a333615e581c6b90d06db9ae03d7a3684\/optibenjiemodern-italic.ufo\/glyphs\/I_acute.glif","\/fonts\/Unpacking\/63d8a79a333615e581c6b90d06db9ae03d7a3684\/optibenjiemodern-italic.ufo\/glyphs\/I_circumflex.glif":"\/fonts\/Unpacking\/63d8a79a333615e581c6b90d06db9ae03d7a3684\/optibenjiemodern-italic.ufo\/glyphs\/I_circumflex.glif","\/fonts\/Unpacking\/63d8a79a333615e581c6b90d06db9ae03d7a3684\/optibenjiemodern-italic.ufo\/glyphs\/I_dieresis.glif":"\/fonts\/Unpacking\/63d8a79a333615e581c6b90d06db9ae03d7a3684\/optibenjiemodern-italic.ufo\/glyphs\/I_dieresis.glif","\/fonts\/Unpacking\/63d8a79a333615e581c6b90d06db9ae03d7a3684\/optibenjiemodern-italic.ufo\/glyphs\/I_grave.glif":"\/fonts\/Unpacking\/63d8a79a333615e581c6b90d06db9ae03d7a3684\/optibenjiemodern-italic.ufo\/glyphs\/I_grave.glif","\/fonts\/Unpacking\/63d8a79a333615e581c6b90d06db9ae03d7a3684\/optibenjiemodern-italic.ufo\/glyphs\/J_.glif":"\/fonts\/Unpacking\/63d8a79a333615e581c6b90d06db9ae03d7a3684\/optibenjiemodern-italic.ufo\/glyphs\/J_.glif","\/fonts\/Unpacking\/63d8a79a333615e581c6b90d06db9ae03d7a3684\/optibenjiemodern-italic.ufo\/glyphs\/K_.glif":"\/fonts\/Unpacking\/63d8a79a333615e581c6b90d06db9ae03d7a3684\/optibenjiemodern-italic.ufo\/glyphs\/K_.glif","\/fonts\/Unpacking\/63d8a79a333615e581c6b90d06db9ae03d7a3684\/optibenjiemodern-italic.ufo\/glyphs\/L_.glif":"\/fonts\/Unpacking\/63d8a79a333615e581c6b90d06db9ae03d7a3684\/optibenjiemodern-italic.ufo\/glyphs\/L_.glif","\/fonts\/Unpacking\/63d8a79a333615e581c6b90d06db9ae03d7a3684\/optibenjiemodern-italic.ufo\/glyphs\/M_.glif":"\/fonts\/Unpacking\/63d8a79a333615e581c6b90d06db9ae03d7a3684\/optibenjiemodern-italic.ufo\/glyphs\/M_.glif","\/fonts\/Unpacking\/63d8a79a333615e581c6b90d06db9ae03d7a3684\/optibenjiemodern-italic.ufo\/glyphs\/N_.glif":"\/fonts\/Unpacking\/63d8a79a333615e581c6b90d06db9ae03d7a3684\/optibenjiemodern-italic.ufo\/glyphs\/N_.glif","\/fonts\/Unpacking\/63d8a79a333615e581c6b90d06db9ae03d7a3684\/optibenjiemodern-italic.ufo\/glyphs\/N_tilde.glif":"\/fonts\/Unpacking\/63d8a79a333615e581c6b90d06db9ae03d7a3684\/optibenjiemodern-italic.ufo\/glyphs\/N_tilde.glif","\/fonts\/Unpacking\/63d8a79a333615e581c6b90d06db9ae03d7a3684\/optibenjiemodern-italic.ufo\/glyphs\/O_.glif":"\/fonts\/Unpacking\/63d8a79a333615e581c6b90d06db9ae03d7a3684\/optibenjiemodern-italic.ufo\/glyphs\/O_.glif","\/fonts\/Unpacking\/63d8a79a333615e581c6b90d06db9ae03d7a3684\/optibenjiemodern-italic.ufo\/glyphs\/O_E_.glif":"\/fonts\/Unpacking\/63d8a79a333615e581c6b90d06db9ae03d7a3684\/optibenjiemodern-italic.ufo\/glyphs\/O_E_.glif","\/fonts\/Unpacking\/63d8a79a333615e581c6b90d06db9ae03d7a3684\/optibenjiemodern-italic.ufo\/glyphs\/O_acute.glif":"\/fonts\/Unpacking\/63d8a79a333615e581c6b90d06db9ae03d7a3684\/optibenjiemodern-italic.ufo\/glyphs\/O_acute.glif","\/fonts\/Unpacking\/63d8a79a333615e581c6b90d06db9ae03d7a3684\/optibenjiemodern-italic.ufo\/glyphs\/O_circumflex.glif":"\/fonts\/Unpacking\/63d8a79a333615e581c6b90d06db9ae03d7a3684\/optibenjiemodern-italic.ufo\/glyphs\/O_circumflex.glif","\/fonts\/Unpacking\/63d8a79a333615e581c6b90d06db9ae03d7a3684\/optibenjiemodern-italic.ufo\/glyphs\/O_dieresis.glif":"\/fonts\/Unpacking\/63d8a79a333615e581c6b90d06db9ae03d7a3684\/optibenjiemodern-italic.ufo\/glyphs\/O_dieresis.glif","\/fonts\/Unpacking\/63d8a79a333615e581c6b90d06db9ae03d7a3684\/optibenjiemodern-italic.ufo\/glyphs\/O_grave.glif":"\/fonts\/Unpacking\/63d8a79a333615e581c6b90d06db9ae03d7a3684\/optibenjiemodern-italic.ufo\/glyphs\/O_grave.glif","\/fonts\/Unpacking\/63d8a79a333615e581c6b90d06db9ae03d7a3684\/optibenjiemodern-italic.ufo\/glyphs\/O_slash.glif":"\/fonts\/Unpacking\/63d8a79a333615e581c6b90d06db9ae03d7a3684\/optibenjiemodern-italic.ufo\/glyphs\/O_slash.glif","\/fonts\/Unpacking\/63d8a79a333615e581c6b90d06db9ae03d7a3684\/optibenjiemodern-italic.ufo\/glyphs\/O_tilde.glif":"\/fonts\/Unpacking\/63d8a79a333615e581c6b90d06db9ae03d7a3684\/optibenjiemodern-italic.ufo\/glyphs\/O_tilde.glif","\/fonts\/Unpacking\/63d8a79a333615e581c6b90d06db9ae03d7a3684\/optibenjiemodern-italic.ufo\/glyphs\/P_.glif":"\/fonts\/Unpacking\/63d8a79a333615e581c6b90d06db9ae03d7a3684\/optibenjiemodern-italic.ufo\/glyphs\/P_.glif","\/fonts\/Unpacking\/63d8a79a333615e581c6b90d06db9ae03d7a3684\/optibenjiemodern-italic.ufo\/glyphs\/Q_.glif":"\/fonts\/Unpacking\/63d8a79a333615e581c6b90d06db9ae03d7a3684\/optibenjiemodern-italic.ufo\/glyphs\/Q_.glif","\/fonts\/Unpacking\/63d8a79a333615e581c6b90d06db9ae03d7a3684\/optibenjiemodern-italic.ufo\/glyphs\/R_.glif":"\/fonts\/Unpacking\/63d8a79a333615e581c6b90d06db9ae03d7a3684\/optibenjiemodern-italic.ufo\/glyphs\/R_.glif","\/fonts\/Unpacking\/63d8a79a333615e581c6b90d06db9ae03d7a3684\/optibenjiemodern-italic.ufo\/glyphs\/S_.glif":"\/fonts\/Unpacking\/63d8a79a333615e581c6b90d06db9ae03d7a3684\/optibenjiemodern-italic.ufo\/glyphs\/S_.glif","\/fonts\/Unpacking\/63d8a79a333615e581c6b90d06db9ae03d7a3684\/optibenjiemodern-italic.ufo\/glyphs\/T_.glif":"\/fonts\/Unpacking\/63d8a79a333615e581c6b90d06db9ae03d7a3684\/optibenjiemodern-italic.ufo\/glyphs\/T_.glif","\/fonts\/Unpacking\/63d8a79a333615e581c6b90d06db9ae03d7a3684\/optibenjiemodern-italic.ufo\/glyphs\/U_.glif":"\/fonts\/Unpacking\/63d8a79a333615e581c6b90d06db9ae03d7a3684\/optibenjiemodern-italic.ufo\/glyphs\/U_.glif","\/fonts\/Unpacking\/63d8a79a333615e581c6b90d06db9ae03d7a3684\/optibenjiemodern-italic.ufo\/glyphs\/U_acute.glif":"\/fonts\/Unpacking\/63d8a79a333615e581c6b90d06db9ae03d7a3684\/optibenjiemodern-italic.ufo\/glyphs\/U_acute.glif","\/fonts\/Unpacking\/63d8a79a333615e581c6b90d06db9ae03d7a3684\/optibenjiemodern-italic.ufo\/glyphs\/U_circumflex.glif":"\/fonts\/Unpacking\/63d8a79a333615e581c6b90d06db9ae03d7a3684\/optibenjiemodern-italic.ufo\/glyphs\/U_circumflex.glif","\/fonts\/Unpacking\/63d8a79a333615e581c6b90d06db9ae03d7a3684\/optibenjiemodern-italic.ufo\/glyphs\/U_dieresis.glif":"\/fonts\/Unpacking\/63d8a79a333615e581c6b90d06db9ae03d7a3684\/optibenjiemodern-italic.ufo\/glyphs\/U_dieresis.glif","\/fonts\/Unpacking\/63d8a79a333615e581c6b90d06db9ae03d7a3684\/optibenjiemodern-italic.ufo\/glyphs\/U_grave.glif":"\/fonts\/Unpacking\/63d8a79a333615e581c6b90d06db9ae03d7a3684\/optibenjiemodern-italic.ufo\/glyphs\/U_grave.glif","\/fonts\/Unpacking\/63d8a79a333615e581c6b90d06db9ae03d7a3684\/optibenjiemodern-italic.ufo\/glyphs\/V_.glif":"\/fonts\/Unpacking\/63d8a79a333615e581c6b90d06db9ae03d7a3684\/optibenjiemodern-italic.ufo\/glyphs\/V_.glif","\/fonts\/Unpacking\/63d8a79a333615e581c6b90d06db9ae03d7a3684\/optibenjiemodern-italic.ufo\/glyphs\/W_.glif":"\/fonts\/Unpacking\/63d8a79a333615e581c6b90d06db9ae03d7a3684\/optibenjiemodern-italic.ufo\/glyphs\/W_.glif","\/fonts\/Unpacking\/63d8a79a333615e581c6b90d06db9ae03d7a3684\/optibenjiemodern-italic.ufo\/glyphs\/X_.glif":"\/fonts\/Unpacking\/63d8a79a333615e581c6b90d06db9ae03d7a3684\/optibenjiemodern-italic.ufo\/glyphs\/X_.glif","\/fonts\/Unpacking\/63d8a79a333615e581c6b90d06db9ae03d7a3684\/optibenjiemodern-italic.ufo\/glyphs\/Y_.glif":"\/fonts\/Unpacking\/63d8a79a333615e581c6b90d06db9ae03d7a3684\/optibenjiemodern-italic.ufo\/glyphs\/Y_.glif","\/fonts\/Unpacking\/63d8a79a333615e581c6b90d06db9ae03d7a3684\/optibenjiemodern-italic.ufo\/glyphs\/Y_dieresis.glif":"\/fonts\/Unpacking\/63d8a79a333615e581c6b90d06db9ae03d7a3684\/optibenjiemodern-italic.ufo\/glyphs\/Y_dieresis.glif","\/fonts\/Unpacking\/63d8a79a333615e581c6b90d06db9ae03d7a3684\/optibenjiemodern-italic.ufo\/glyphs\/Z_.glif":"\/fonts\/Unpacking\/63d8a79a333615e581c6b90d06db9ae03d7a3684\/optibenjiemodern-italic.ufo\/glyphs\/Z_.glif","\/fonts\/Unpacking\/63d8a79a333615e581c6b90d06db9ae03d7a3684\/optibenjiemodern-italic.ufo\/glyphs\/a.glif":"\/fonts\/Unpacking\/63d8a79a333615e581c6b90d06db9ae03d7a3684\/optibenjiemodern-italic.ufo\/glyphs\/a.glif","\/fonts\/Unpacking\/63d8a79a333615e581c6b90d06db9ae03d7a3684\/optibenjiemodern-italic.ufo\/glyphs\/aacute.glif":"\/fonts\/Unpacking\/63d8a79a333615e581c6b90d06db9ae03d7a3684\/optibenjiemodern-italic.ufo\/glyphs\/aacute.glif","\/fonts\/Unpacking\/63d8a79a333615e581c6b90d06db9ae03d7a3684\/optibenjiemodern-italic.ufo\/glyphs\/acircumflex.glif":"\/fonts\/Unpacking\/63d8a79a333615e581c6b90d06db9ae03d7a3684\/optibenjiemodern-italic.ufo\/glyphs\/acircumflex.glif","\/fonts\/Unpacking\/63d8a79a333615e581c6b90d06db9ae03d7a3684\/optibenjiemodern-italic.ufo\/glyphs\/acute.glif":"\/fonts\/Unpacking\/63d8a79a333615e581c6b90d06db9ae03d7a3684\/optibenjiemodern-italic.ufo\/glyphs\/acute.glif","\/fonts\/Unpacking\/63d8a79a333615e581c6b90d06db9ae03d7a3684\/optibenjiemodern-italic.ufo\/glyphs\/adieresis.glif":"\/fonts\/Unpacking\/63d8a79a333615e581c6b90d06db9ae03d7a3684\/optibenjiemodern-italic.ufo\/glyphs\/adieresis.glif","\/fonts\/Unpacking\/63d8a79a333615e581c6b90d06db9ae03d7a3684\/optibenjiemodern-italic.ufo\/glyphs\/ae.glif":"\/fonts\/Unpacking\/63d8a79a333615e581c6b90d06db9ae03d7a3684\/optibenjiemodern-italic.ufo\/glyphs\/ae.glif","\/fonts\/Unpacking\/63d8a79a333615e581c6b90d06db9ae03d7a3684\/optibenjiemodern-italic.ufo\/glyphs\/agrave.glif":"\/fonts\/Unpacking\/63d8a79a333615e581c6b90d06db9ae03d7a3684\/optibenjiemodern-italic.ufo\/glyphs\/agrave.glif","\/fonts\/Unpacking\/63d8a79a333615e581c6b90d06db9ae03d7a3684\/optibenjiemodern-italic.ufo\/glyphs\/ampersand.glif":"\/fonts\/Unpacking\/63d8a79a333615e581c6b90d06db9ae03d7a3684\/optibenjiemodern-italic.ufo\/glyphs\/ampersand.glif","\/fonts\/Unpacking\/63d8a79a333615e581c6b90d06db9ae03d7a3684\/optibenjiemodern-italic.ufo\/glyphs\/aring.glif":"\/fonts\/Unpacking\/63d8a79a333615e581c6b90d06db9ae03d7a3684\/optibenjiemodern-italic.ufo\/glyphs\/aring.glif","\/fonts\/Unpacking\/63d8a79a333615e581c6b90d06db9ae03d7a3684\/optibenjiemodern-italic.ufo\/glyphs\/asciicircum.glif":"\/fonts\/Unpacking\/63d8a79a333615e581c6b90d06db9ae03d7a3684\/optibenjiemodern-italic.ufo\/glyphs\/asciicircum.glif","\/fonts\/Unpacking\/63d8a79a333615e581c6b90d06db9ae03d7a3684\/optibenjiemodern-italic.ufo\/glyphs\/asciitilde.glif":"\/fonts\/Unpacking\/63d8a79a333615e581c6b90d06db9ae03d7a3684\/optibenjiemodern-italic.ufo\/glyphs\/asciitilde.glif","\/fonts\/Unpacking\/63d8a79a333615e581c6b90d06db9ae03d7a3684\/optibenjiemodern-italic.ufo\/glyphs\/asterisk.glif":"\/fonts\/Unpacking\/63d8a79a333615e581c6b90d06db9ae03d7a3684\/optibenjiemodern-italic.ufo\/glyphs\/asterisk.glif","\/fonts\/Unpacking\/63d8a79a333615e581c6b90d06db9ae03d7a3684\/optibenjiemodern-italic.ufo\/glyphs\/at.glif":"\/fonts\/Unpacking\/63d8a79a333615e581c6b90d06db9ae03d7a3684\/optibenjiemodern-italic.ufo\/glyphs\/at.glif","\/fonts\/Unpacking\/63d8a79a333615e581c6b90d06db9ae03d7a3684\/optibenjiemodern-italic.ufo\/glyphs\/atilde.glif":"\/fonts\/Unpacking\/63d8a79a333615e581c6b90d06db9ae03d7a3684\/optibenjiemodern-italic.ufo\/glyphs\/atilde.glif","\/fonts\/Unpacking\/63d8a79a333615e581c6b90d06db9ae03d7a3684\/optibenjiemodern-italic.ufo\/glyphs\/b.glif":"\/fonts\/Unpacking\/63d8a79a333615e581c6b90d06db9ae03d7a3684\/optibenjiemodern-italic.ufo\/glyphs\/b.glif","\/fonts\/Unpacking\/63d8a79a333615e581c6b90d06db9ae03d7a3684\/optibenjiemodern-italic.ufo\/glyphs\/backslash.glif":"\/fonts\/Unpacking\/63d8a79a333615e581c6b90d06db9ae03d7a3684\/optibenjiemodern-italic.ufo\/glyphs\/backslash.glif","\/fonts\/Unpacking\/63d8a79a333615e581c6b90d06db9ae03d7a3684\/optibenjiemodern-italic.ufo\/glyphs\/bar.glif":"\/fonts\/Unpacking\/63d8a79a333615e581c6b90d06db9ae03d7a3684\/optibenjiemodern-italic.ufo\/glyphs\/bar.glif","\/fonts\/Unpacking\/63d8a79a333615e581c6b90d06db9ae03d7a3684\/optibenjiemodern-italic.ufo\/glyphs\/braceleft.glif":"\/fonts\/Unpacking\/63d8a79a333615e581c6b90d06db9ae03d7a3684\/optibenjiemodern-italic.ufo\/glyphs\/braceleft.glif","\/fonts\/Unpacking\/63d8a79a333615e581c6b90d06db9ae03d7a3684\/optibenjiemodern-italic.ufo\/glyphs\/braceright.glif":"\/fonts\/Unpacking\/63d8a79a333615e581c6b90d06db9ae03d7a3684\/optibenjiemodern-italic.ufo\/glyphs\/braceright.glif","\/fonts\/Unpacking\/63d8a79a333615e581c6b90d06db9ae03d7a3684\/optibenjiemodern-italic.ufo\/glyphs\/bracketleft.glif":"\/fonts\/Unpacking\/63d8a79a333615e581c6b90d06db9ae03d7a3684\/optibenjiemodern-italic.ufo\/glyphs\/bracketleft.glif","\/fonts\/Unpacking\/63d8a79a333615e581c6b90d06db9ae03d7a3684\/optibenjiemodern-italic.ufo\/glyphs\/bracketright.glif":"\/fonts\/Unpacking\/63d8a79a333615e581c6b90d06db9ae03d7a3684\/optibenjiemodern-italic.ufo\/glyphs\/bracketright.glif","\/fonts\/Unpacking\/63d8a79a333615e581c6b90d06db9ae03d7a3684\/optibenjiemodern-italic.ufo\/glyphs\/breve.glif":"\/fonts\/Unpacking\/63d8a79a333615e581c6b90d06db9ae03d7a3684\/optibenjiemodern-italic.ufo\/glyphs\/breve.glif","\/fonts\/Unpacking\/63d8a79a333615e581c6b90d06db9ae03d7a3684\/optibenjiemodern-italic.ufo\/glyphs\/bullet.glif":"\/fonts\/Unpacking\/63d8a79a333615e581c6b90d06db9ae03d7a3684\/optibenjiemodern-italic.ufo\/glyphs\/bullet.glif","\/fonts\/Unpacking\/63d8a79a333615e581c6b90d06db9ae03d7a3684\/optibenjiemodern-italic.ufo\/glyphs\/c.glif":"\/fonts\/Unpacking\/63d8a79a333615e581c6b90d06db9ae03d7a3684\/optibenjiemodern-italic.ufo\/glyphs\/c.glif","\/fonts\/Unpacking\/63d8a79a333615e581c6b90d06db9ae03d7a3684\/optibenjiemodern-italic.ufo\/glyphs\/ccedilla.glif":"\/fonts\/Unpacking\/63d8a79a333615e581c6b90d06db9ae03d7a3684\/optibenjiemodern-italic.ufo\/glyphs\/ccedilla.glif","\/fonts\/Unpacking\/63d8a79a333615e581c6b90d06db9ae03d7a3684\/optibenjiemodern-italic.ufo\/glyphs\/cent.glif":"\/fonts\/Unpacking\/63d8a79a333615e581c6b90d06db9ae03d7a3684\/optibenjiemodern-italic.ufo\/glyphs\/cent.glif","\/fonts\/Unpacking\/63d8a79a333615e581c6b90d06db9ae03d7a3684\/optibenjiemodern-italic.ufo\/glyphs\/circumflex.glif":"\/fonts\/Unpacking\/63d8a79a333615e581c6b90d06db9ae03d7a3684\/optibenjiemodern-italic.ufo\/glyphs\/circumflex.glif","\/fonts\/Unpacking\/63d8a79a333615e581c6b90d06db9ae03d7a3684\/optibenjiemodern-italic.ufo\/glyphs\/colon.glif":"\/fonts\/Unpacking\/63d8a79a333615e581c6b90d06db9ae03d7a3684\/optibenjiemodern-italic.ufo\/glyphs\/colon.glif","\/fonts\/Unpacking\/63d8a79a333615e581c6b90d06db9ae03d7a3684\/optibenjiemodern-italic.ufo\/glyphs\/comma.glif":"\/fonts\/Unpacking\/63d8a79a333615e581c6b90d06db9ae03d7a3684\/optibenjiemodern-italic.ufo\/glyphs\/comma.glif","\/fonts\/Unpacking\/63d8a79a333615e581c6b90d06db9ae03d7a3684\/optibenjiemodern-italic.ufo\/glyphs\/contents.plist":"\/fonts\/Unpacking\/63d8a79a333615e581c6b90d06db9ae03d7a3684\/optibenjiemodern-italic.ufo\/glyphs\/contents.plist","\/fonts\/Unpacking\/63d8a79a333615e581c6b90d06db9ae03d7a3684\/optibenjiemodern-italic.ufo\/glyphs\/copyright.glif":"\/fonts\/Unpacking\/63d8a79a333615e581c6b90d06db9ae03d7a3684\/optibenjiemodern-italic.ufo\/glyphs\/copyright.glif","\/fonts\/Unpacking\/63d8a79a333615e581c6b90d06db9ae03d7a3684\/optibenjiemodern-italic.ufo\/glyphs\/d.glif":"\/fonts\/Unpacking\/63d8a79a333615e581c6b90d06db9ae03d7a3684\/optibenjiemodern-italic.ufo\/glyphs\/d.glif","\/fonts\/Unpacking\/63d8a79a333615e581c6b90d06db9ae03d7a3684\/optibenjiemodern-italic.ufo\/glyphs\/dagger.glif":"\/fonts\/Unpacking\/63d8a79a333615e581c6b90d06db9ae03d7a3684\/optibenjiemodern-italic.ufo\/glyphs\/dagger.glif","\/fonts\/Unpacking\/63d8a79a333615e581c6b90d06db9ae03d7a3684\/optibenjiemodern-italic.ufo\/glyphs\/daggerdbl.glif":"\/fonts\/Unpacking\/63d8a79a333615e581c6b90d06db9ae03d7a3684\/optibenjiemodern-italic.ufo\/glyphs\/daggerdbl.glif","\/fonts\/Unpacking\/63d8a79a333615e581c6b90d06db9ae03d7a3684\/optibenjiemodern-italic.ufo\/glyphs\/dieresis.glif":"\/fonts\/Unpacking\/63d8a79a333615e581c6b90d06db9ae03d7a3684\/optibenjiemodern-italic.ufo\/glyphs\/dieresis.glif","\/fonts\/Unpacking\/63d8a79a333615e581c6b90d06db9ae03d7a3684\/optibenjiemodern-italic.ufo\/glyphs\/divide.glif":"\/fonts\/Unpacking\/63d8a79a333615e581c6b90d06db9ae03d7a3684\/optibenjiemodern-italic.ufo\/glyphs\/divide.glif","\/fonts\/Unpacking\/63d8a79a333615e581c6b90d06db9ae03d7a3684\/optibenjiemodern-italic.ufo\/glyphs\/dollar.glif":"\/fonts\/Unpacking\/63d8a79a333615e581c6b90d06db9ae03d7a3684\/optibenjiemodern-italic.ufo\/glyphs\/dollar.glif","\/fonts\/Unpacking\/63d8a79a333615e581c6b90d06db9ae03d7a3684\/optibenjiemodern-italic.ufo\/glyphs\/dotaccent.glif":"\/fonts\/Unpacking\/63d8a79a333615e581c6b90d06db9ae03d7a3684\/optibenjiemodern-italic.ufo\/glyphs\/dotaccent.glif","\/fonts\/Unpacking\/63d8a79a333615e581c6b90d06db9ae03d7a3684\/optibenjiemodern-italic.ufo\/glyphs\/dotlessi.glif":"\/fonts\/Unpacking\/63d8a79a333615e581c6b90d06db9ae03d7a3684\/optibenjiemodern-italic.ufo\/glyphs\/dotlessi.glif","\/fonts\/Unpacking\/63d8a79a333615e581c6b90d06db9ae03d7a3684\/optibenjiemodern-italic.ufo\/glyphs\/e.glif":"\/fonts\/Unpacking\/63d8a79a333615e581c6b90d06db9ae03d7a3684\/optibenjiemodern-italic.ufo\/glyphs\/e.glif","\/fonts\/Unpacking\/63d8a79a333615e581c6b90d06db9ae03d7a3684\/optibenjiemodern-italic.ufo\/glyphs\/eacute.glif":"\/fonts\/Unpacking\/63d8a79a333615e581c6b90d06db9ae03d7a3684\/optibenjiemodern-italic.ufo\/glyphs\/eacute.glif","\/fonts\/Unpacking\/63d8a79a333615e581c6b90d06db9ae03d7a3684\/optibenjiemodern-italic.ufo\/glyphs\/ecircumflex.glif":"\/fonts\/Unpacking\/63d8a79a333615e581c6b90d06db9ae03d7a3684\/optibenjiemodern-italic.ufo\/glyphs\/ecircumflex.glif","\/fonts\/Unpacking\/63d8a79a333615e581c6b90d06db9ae03d7a3684\/optibenjiemodern-italic.ufo\/glyphs\/edieresis.glif":"\/fonts\/Unpacking\/63d8a79a333615e581c6b90d06db9ae03d7a3684\/optibenjiemodern-italic.ufo\/glyphs\/edieresis.glif","\/fonts\/Unpacking\/63d8a79a333615e581c6b90d06db9ae03d7a3684\/optibenjiemodern-italic.ufo\/glyphs\/egrave.glif":"\/fonts\/Unpacking\/63d8a79a333615e581c6b90d06db9ae03d7a3684\/optibenjiemodern-italic.ufo\/glyphs\/egrave.glif","\/fonts\/Unpacking\/63d8a79a333615e581c6b90d06db9ae03d7a3684\/optibenjiemodern-italic.ufo\/glyphs\/eight.glif":"\/fonts\/Unpacking\/63d8a79a333615e581c6b90d06db9ae03d7a3684\/optibenjiemodern-italic.ufo\/glyphs\/eight.glif","\/fonts\/Unpacking\/63d8a79a333615e581c6b90d06db9ae03d7a3684\/optibenjiemodern-italic.ufo\/glyphs\/emdash.glif":"\/fonts\/Unpacking\/63d8a79a333615e581c6b90d06db9ae03d7a3684\/optibenjiemodern-italic.ufo\/glyphs\/emdash.glif","\/fonts\/Unpacking\/63d8a79a333615e581c6b90d06db9ae03d7a3684\/optibenjiemodern-italic.ufo\/glyphs\/endash.glif":"\/fonts\/Unpacking\/63d8a79a333615e581c6b90d06db9ae03d7a3684\/optibenjiemodern-italic.ufo\/glyphs\/endash.glif","\/fonts\/Unpacking\/63d8a79a333615e581c6b90d06db9ae03d7a3684\/optibenjiemodern-italic.ufo\/glyphs\/equal.glif":"\/fonts\/Unpacking\/63d8a79a333615e581c6b90d06db9ae03d7a3684\/optibenjiemodern-italic.ufo\/glyphs\/equal.glif","\/fonts\/Unpacking\/63d8a79a333615e581c6b90d06db9ae03d7a3684\/optibenjiemodern-italic.ufo\/glyphs\/exclam.glif":"\/fonts\/Unpacking\/63d8a79a333615e581c6b90d06db9ae03d7a3684\/optibenjiemodern-italic.ufo\/glyphs\/exclam.glif","\/fonts\/Unpacking\/63d8a79a333615e581c6b90d06db9ae03d7a3684\/optibenjiemodern-italic.ufo\/glyphs\/exclamdown.glif":"\/fonts\/Unpacking\/63d8a79a333615e581c6b90d06db9ae03d7a3684\/optibenjiemodern-italic.ufo\/glyphs\/exclamdown.glif","\/fonts\/Unpacking\/63d8a79a333615e581c6b90d06db9ae03d7a3684\/optibenjiemodern-italic.ufo\/glyphs\/f.glif":"\/fonts\/Unpacking\/63d8a79a333615e581c6b90d06db9ae03d7a3684\/optibenjiemodern-italic.ufo\/glyphs\/f.glif","\/fonts\/Unpacking\/63d8a79a333615e581c6b90d06db9ae03d7a3684\/optibenjiemodern-italic.ufo\/glyphs\/fi.glif":"\/fonts\/Unpacking\/63d8a79a333615e581c6b90d06db9ae03d7a3684\/optibenjiemodern-italic.ufo\/glyphs\/fi.glif","\/fonts\/Unpacking\/63d8a79a333615e581c6b90d06db9ae03d7a3684\/optibenjiemodern-italic.ufo\/glyphs\/five.glif":"\/fonts\/Unpacking\/63d8a79a333615e581c6b90d06db9ae03d7a3684\/optibenjiemodern-italic.ufo\/glyphs\/five.glif","\/fonts\/Unpacking\/63d8a79a333615e581c6b90d06db9ae03d7a3684\/optibenjiemodern-italic.ufo\/glyphs\/fl.glif":"\/fonts\/Unpacking\/63d8a79a333615e581c6b90d06db9ae03d7a3684\/optibenjiemodern-italic.ufo\/glyphs\/fl.glif","\/fonts\/Unpacking\/63d8a79a333615e581c6b90d06db9ae03d7a3684\/optibenjiemodern-italic.ufo\/glyphs\/florin.glif":"\/fonts\/Unpacking\/63d8a79a333615e581c6b90d06db9ae03d7a3684\/optibenjiemodern-italic.ufo\/glyphs\/florin.glif","\/fonts\/Unpacking\/63d8a79a333615e581c6b90d06db9ae03d7a3684\/optibenjiemodern-italic.ufo\/glyphs\/four.glif":"\/fonts\/Unpacking\/63d8a79a333615e581c6b90d06db9ae03d7a3684\/optibenjiemodern-italic.ufo\/glyphs\/four.glif","\/fonts\/Unpacking\/63d8a79a333615e581c6b90d06db9ae03d7a3684\/optibenjiemodern-italic.ufo\/glyphs\/fraction.glif":"\/fonts\/Unpacking\/63d8a79a333615e581c6b90d06db9ae03d7a3684\/optibenjiemodern-italic.ufo\/glyphs\/fraction.glif","\/fonts\/Unpacking\/63d8a79a333615e581c6b90d06db9ae03d7a3684\/optibenjiemodern-italic.ufo\/glyphs\/g.glif":"\/fonts\/Unpacking\/63d8a79a333615e581c6b90d06db9ae03d7a3684\/optibenjiemodern-italic.ufo\/glyphs\/g.glif","\/fonts\/Unpacking\/63d8a79a333615e581c6b90d06db9ae03d7a3684\/optibenjiemodern-italic.ufo\/glyphs\/germandbls.glif":"\/fonts\/Unpacking\/63d8a79a333615e581c6b90d06db9ae03d7a3684\/optibenjiemodern-italic.ufo\/glyphs\/germandbls.glif","\/fonts\/Unpacking\/63d8a79a333615e581c6b90d06db9ae03d7a3684\/optibenjiemodern-italic.ufo\/glyphs\/grave.glif":"\/fonts\/Unpacking\/63d8a79a333615e581c6b90d06db9ae03d7a3684\/optibenjiemodern-italic.ufo\/glyphs\/grave.glif","\/fonts\/Unpacking\/63d8a79a333615e581c6b90d06db9ae03d7a3684\/optibenjiemodern-italic.ufo\/glyphs\/greater.glif":"\/fonts\/Unpacking\/63d8a79a333615e581c6b90d06db9ae03d7a3684\/optibenjiemodern-italic.ufo\/glyphs\/greater.glif","\/fonts\/Unpacking\/63d8a79a333615e581c6b90d06db9ae03d7a3684\/optibenjiemodern-italic.ufo\/glyphs\/guillemotleft.glif":"\/fonts\/Unpacking\/63d8a79a333615e581c6b90d06db9ae03d7a3684\/optibenjiemodern-italic.ufo\/glyphs\/guillemotleft.glif","\/fonts\/Unpacking\/63d8a79a333615e581c6b90d06db9ae03d7a3684\/optibenjiemodern-italic.ufo\/glyphs\/guillemotright.glif":"\/fonts\/Unpacking\/63d8a79a333615e581c6b90d06db9ae03d7a3684\/optibenjiemodern-italic.ufo\/glyphs\/guillemotright.glif","\/fonts\/Unpacking\/63d8a79a333615e581c6b90d06db9ae03d7a3684\/optibenjiemodern-italic.ufo\/glyphs\/guilsinglleft.glif":"\/fonts\/Unpacking\/63d8a79a333615e581c6b90d06db9ae03d7a3684\/optibenjiemodern-italic.ufo\/glyphs\/guilsinglleft.glif","\/fonts\/Unpacking\/63d8a79a333615e581c6b90d06db9ae03d7a3684\/optibenjiemodern-italic.ufo\/glyphs\/guilsinglright.glif":"\/fonts\/Unpacking\/63d8a79a333615e581c6b90d06db9ae03d7a3684\/optibenjiemodern-italic.ufo\/glyphs\/guilsinglright.glif","\/fonts\/Unpacking\/63d8a79a333615e581c6b90d06db9ae03d7a3684\/optibenjiemodern-italic.ufo\/glyphs\/h.glif":"\/fonts\/Unpacking\/63d8a79a333615e581c6b90d06db9ae03d7a3684\/optibenjiemodern-italic.ufo\/glyphs\/h.glif","\/fonts\/Unpacking\/63d8a79a333615e581c6b90d06db9ae03d7a3684\/optibenjiemodern-italic.ufo\/glyphs\/hyphen.glif":"\/fonts\/Unpacking\/63d8a79a333615e581c6b90d06db9ae03d7a3684\/optibenjiemodern-italic.ufo\/glyphs\/hyphen.glif","\/fonts\/Unpacking\/63d8a79a333615e581c6b90d06db9ae03d7a3684\/optibenjiemodern-italic.ufo\/glyphs\/i.glif":"\/fonts\/Unpacking\/63d8a79a333615e581c6b90d06db9ae03d7a3684\/optibenjiemodern-italic.ufo\/glyphs\/i.glif","\/fonts\/Unpacking\/63d8a79a333615e581c6b90d06db9ae03d7a3684\/optibenjiemodern-italic.ufo\/glyphs\/iacute.glif":"\/fonts\/Unpacking\/63d8a79a333615e581c6b90d06db9ae03d7a3684\/optibenjiemodern-italic.ufo\/glyphs\/iacute.glif","\/fonts\/Unpacking\/63d8a79a333615e581c6b90d06db9ae03d7a3684\/optibenjiemodern-italic.ufo\/glyphs\/icircumflex.glif":"\/fonts\/Unpacking\/63d8a79a333615e581c6b90d06db9ae03d7a3684\/optibenjiemodern-italic.ufo\/glyphs\/icircumflex.glif","\/fonts\/Unpacking\/63d8a79a333615e581c6b90d06db9ae03d7a3684\/optibenjiemodern-italic.ufo\/glyphs\/idieresis.glif":"\/fonts\/Unpacking\/63d8a79a333615e581c6b90d06db9ae03d7a3684\/optibenjiemodern-italic.ufo\/glyphs\/idieresis.glif","\/fonts\/Unpacking\/63d8a79a333615e581c6b90d06db9ae03d7a3684\/optibenjiemodern-italic.ufo\/glyphs\/igrave.glif":"\/fonts\/Unpacking\/63d8a79a333615e581c6b90d06db9ae03d7a3684\/optibenjiemodern-italic.ufo\/glyphs\/igrave.glif","\/fonts\/Unpacking\/63d8a79a333615e581c6b90d06db9ae03d7a3684\/optibenjiemodern-italic.ufo\/glyphs\/infinity.glif":"\/fonts\/Unpacking\/63d8a79a333615e581c6b90d06db9ae03d7a3684\/optibenjiemodern-italic.ufo\/glyphs\/infinity.glif","\/fonts\/Unpacking\/63d8a79a333615e581c6b90d06db9ae03d7a3684\/optibenjiemodern-italic.ufo\/glyphs\/integral.glif":"\/fonts\/Unpacking\/63d8a79a333615e581c6b90d06db9ae03d7a3684\/optibenjiemodern-italic.ufo\/glyphs\/integral.glif","\/fonts\/Unpacking\/63d8a79a333615e581c6b90d06db9ae03d7a3684\/optibenjiemodern-italic.ufo\/glyphs\/j.glif":"\/fonts\/Unpacking\/63d8a79a333615e581c6b90d06db9ae03d7a3684\/optibenjiemodern-italic.ufo\/glyphs\/j.glif","\/fonts\/Unpacking\/63d8a79a333615e581c6b90d06db9ae03d7a3684\/optibenjiemodern-italic.ufo\/glyphs\/k.glif":"\/fonts\/Unpacking\/63d8a79a333615e581c6b90d06db9ae03d7a3684\/optibenjiemodern-italic.ufo\/glyphs\/k.glif","\/fonts\/Unpacking\/63d8a79a333615e581c6b90d06db9ae03d7a3684\/optibenjiemodern-italic.ufo\/glyphs\/l.glif":"\/fonts\/Unpacking\/63d8a79a333615e581c6b90d06db9ae03d7a3684\/optibenjiemodern-italic.ufo\/glyphs\/l.glif","\/fonts\/Unpacking\/63d8a79a333615e581c6b90d06db9ae03d7a3684\/optibenjiemodern-italic.ufo\/glyphs\/less.glif":"\/fonts\/Unpacking\/63d8a79a333615e581c6b90d06db9ae03d7a3684\/optibenjiemodern-italic.ufo\/glyphs\/less.glif","\/fonts\/Unpacking\/63d8a79a333615e581c6b90d06db9ae03d7a3684\/optibenjiemodern-italic.ufo\/glyphs\/logicalnot.glif":"\/fonts\/Unpacking\/63d8a79a333615e581c6b90d06db9ae03d7a3684\/optibenjiemodern-italic.ufo\/glyphs\/logicalnot.glif","\/fonts\/Unpacking\/63d8a79a333615e581c6b90d06db9ae03d7a3684\/optibenjiemodern-italic.ufo\/glyphs\/m.glif":"\/fonts\/Unpacking\/63d8a79a333615e581c6b90d06db9ae03d7a3684\/optibenjiemodern-italic.ufo\/glyphs\/m.glif","\/fonts\/Unpacking\/63d8a79a333615e581c6b90d06db9ae03d7a3684\/optibenjiemodern-italic.ufo\/glyphs\/macron.glif":"\/fonts\/Unpacking\/63d8a79a333615e581c6b90d06db9ae03d7a3684\/optibenjiemodern-italic.ufo\/glyphs\/macron.glif","\/fonts\/Unpacking\/63d8a79a333615e581c6b90d06db9ae03d7a3684\/optibenjiemodern-italic.ufo\/glyphs\/mu.glif":"\/fonts\/Unpacking\/63d8a79a333615e581c6b90d06db9ae03d7a3684\/optibenjiemodern-italic.ufo\/glyphs\/mu.glif","\/fonts\/Unpacking\/63d8a79a333615e581c6b90d06db9ae03d7a3684\/optibenjiemodern-italic.ufo\/glyphs\/n.glif":"\/fonts\/Unpacking\/63d8a79a333615e581c6b90d06db9ae03d7a3684\/optibenjiemodern-italic.ufo\/glyphs\/n.glif","\/fonts\/Unpacking\/63d8a79a333615e581c6b90d06db9ae03d7a3684\/optibenjiemodern-italic.ufo\/glyphs\/nine.glif":"\/fonts\/Unpacking\/63d8a79a333615e581c6b90d06db9ae03d7a3684\/optibenjiemodern-italic.ufo\/glyphs\/nine.glif","\/fonts\/Unpacking\/63d8a79a333615e581c6b90d06db9ae03d7a3684\/optibenjiemodern-italic.ufo\/glyphs\/ntilde.glif":"\/fonts\/Unpacking\/63d8a79a333615e581c6b90d06db9ae03d7a3684\/optibenjiemodern-italic.ufo\/glyphs\/ntilde.glif","\/fonts\/Unpacking\/63d8a79a333615e581c6b90d06db9ae03d7a3684\/optibenjiemodern-italic.ufo\/glyphs\/numbersign.glif":"\/fonts\/Unpacking\/63d8a79a333615e581c6b90d06db9ae03d7a3684\/optibenjiemodern-italic.ufo\/glyphs\/numbersign.glif","\/fonts\/Unpacking\/63d8a79a333615e581c6b90d06db9ae03d7a3684\/optibenjiemodern-italic.ufo\/glyphs\/o.glif":"\/fonts\/Unpacking\/63d8a79a333615e581c6b90d06db9ae03d7a3684\/optibenjiemodern-italic.ufo\/glyphs\/o.glif","\/fonts\/Unpacking\/63d8a79a333615e581c6b90d06db9ae03d7a3684\/optibenjiemodern-italic.ufo\/glyphs\/oacute.glif":"\/fonts\/Unpacking\/63d8a79a333615e581c6b90d06db9ae03d7a3684\/optibenjiemodern-italic.ufo\/glyphs\/oacute.glif","\/fonts\/Unpacking\/63d8a79a333615e581c6b90d06db9ae03d7a3684\/optibenjiemodern-italic.ufo\/glyphs\/ocircumflex.glif":"\/fonts\/Unpacking\/63d8a79a333615e581c6b90d06db9ae03d7a3684\/optibenjiemodern-italic.ufo\/glyphs\/ocircumflex.glif","\/fonts\/Unpacking\/63d8a79a333615e581c6b90d06db9ae03d7a3684\/optibenjiemodern-italic.ufo\/glyphs\/odieresis.glif":"\/fonts\/Unpacking\/63d8a79a333615e581c6b90d06db9ae03d7a3684\/optibenjiemodern-italic.ufo\/glyphs\/odieresis.glif","\/fonts\/Unpacking\/63d8a79a333615e581c6b90d06db9ae03d7a3684\/optibenjiemodern-italic.ufo\/glyphs\/oe.glif":"\/fonts\/Unpacking\/63d8a79a333615e581c6b90d06db9ae03d7a3684\/optibenjiemodern-italic.ufo\/glyphs\/oe.glif","\/fonts\/Unpacking\/63d8a79a333615e581c6b90d06db9ae03d7a3684\/optibenjiemodern-italic.ufo\/glyphs\/ograve.glif":"\/fonts\/Unpacking\/63d8a79a333615e581c6b90d06db9ae03d7a3684\/optibenjiemodern-italic.ufo\/glyphs\/ograve.glif","\/fonts\/Unpacking\/63d8a79a333615e581c6b90d06db9ae03d7a3684\/optibenjiemodern-italic.ufo\/glyphs\/one.glif":"\/fonts\/Unpacking\/63d8a79a333615e581c6b90d06db9ae03d7a3684\/optibenjiemodern-italic.ufo\/glyphs\/one.glif","\/fonts\/Unpacking\/63d8a79a333615e581c6b90d06db9ae03d7a3684\/optibenjiemodern-italic.ufo\/glyphs\/ordfeminine.glif":"\/fonts\/Unpacking\/63d8a79a333615e581c6b90d06db9ae03d7a3684\/optibenjiemodern-italic.ufo\/glyphs\/ordfeminine.glif","\/fonts\/Unpacking\/63d8a79a333615e581c6b90d06db9ae03d7a3684\/optibenjiemodern-italic.ufo\/glyphs\/oslash.glif":"\/fonts\/Unpacking\/63d8a79a333615e581c6b90d06db9ae03d7a3684\/optibenjiemodern-italic.ufo\/glyphs\/oslash.glif","\/fonts\/Unpacking\/63d8a79a333615e581c6b90d06db9ae03d7a3684\/optibenjiemodern-italic.ufo\/glyphs\/otilde.glif":"\/fonts\/Unpacking\/63d8a79a333615e581c6b90d06db9ae03d7a3684\/optibenjiemodern-italic.ufo\/glyphs\/otilde.glif","\/fonts\/Unpacking\/63d8a79a333615e581c6b90d06db9ae03d7a3684\/optibenjiemodern-italic.ufo\/glyphs\/p.glif":"\/fonts\/Unpacking\/63d8a79a333615e581c6b90d06db9ae03d7a3684\/optibenjiemodern-italic.ufo\/glyphs\/p.glif","\/fonts\/Unpacking\/63d8a79a333615e581c6b90d06db9ae03d7a3684\/optibenjiemodern-italic.ufo\/glyphs\/paragraph.glif":"\/fonts\/Unpacking\/63d8a79a333615e581c6b90d06db9ae03d7a3684\/optibenjiemodern-italic.ufo\/glyphs\/paragraph.glif","\/fonts\/Unpacking\/63d8a79a333615e581c6b90d06db9ae03d7a3684\/optibenjiemodern-italic.ufo\/glyphs\/parenleft.glif":"\/fonts\/Unpacking\/63d8a79a333615e581c6b90d06db9ae03d7a3684\/optibenjiemodern-italic.ufo\/glyphs\/parenleft.glif","\/fonts\/Unpacking\/63d8a79a333615e581c6b90d06db9ae03d7a3684\/optibenjiemodern-italic.ufo\/glyphs\/parenright.glif":"\/fonts\/Unpacking\/63d8a79a333615e581c6b90d06db9ae03d7a3684\/optibenjiemodern-italic.ufo\/glyphs\/parenright.glif","\/fonts\/Unpacking\/63d8a79a333615e581c6b90d06db9ae03d7a3684\/optibenjiemodern-italic.ufo\/glyphs\/partialdiff.glif":"\/fonts\/Unpacking\/63d8a79a333615e581c6b90d06db9ae03d7a3684\/optibenjiemodern-italic.ufo\/glyphs\/partialdiff.glif","\/fonts\/Unpacking\/63d8a79a333615e581c6b90d06db9ae03d7a3684\/optibenjiemodern-italic.ufo\/glyphs\/percent.glif":"\/fonts\/Unpacking\/63d8a79a333615e581c6b90d06db9ae03d7a3684\/optibenjiemodern-italic.ufo\/glyphs\/percent.glif","\/fonts\/Unpacking\/63d8a79a333615e581c6b90d06db9ae03d7a3684\/optibenjiemodern-italic.ufo\/glyphs\/period.glif":"\/fonts\/Unpacking\/63d8a79a333615e581c6b90d06db9ae03d7a3684\/optibenjiemodern-italic.ufo\/glyphs\/period.glif","\/fonts\/Unpacking\/63d8a79a333615e581c6b90d06db9ae03d7a3684\/optibenjiemodern-italic.ufo\/glyphs\/periodcentered.glif":"\/fonts\/Unpacking\/63d8a79a333615e581c6b90d06db9ae03d7a3684\/optibenjiemodern-italic.ufo\/glyphs\/periodcentered.glif","\/fonts\/Unpacking\/63d8a79a333615e581c6b90d06db9ae03d7a3684\/optibenjiemodern-italic.ufo\/glyphs\/perthousand.glif":"\/fonts\/Unpacking\/63d8a79a333615e581c6b90d06db9ae03d7a3684\/optibenjiemodern-italic.ufo\/glyphs\/perthousand.glif","\/fonts\/Unpacking\/63d8a79a333615e581c6b90d06db9ae03d7a3684\/optibenjiemodern-italic.ufo\/glyphs\/plus.glif":"\/fonts\/Unpacking\/63d8a79a333615e581c6b90d06db9ae03d7a3684\/optibenjiemodern-italic.ufo\/glyphs\/plus.glif","\/fonts\/Unpacking\/63d8a79a333615e581c6b90d06db9ae03d7a3684\/optibenjiemodern-italic.ufo\/glyphs\/plusminus.glif":"\/fonts\/Unpacking\/63d8a79a333615e581c6b90d06db9ae03d7a3684\/optibenjiemodern-italic.ufo\/glyphs\/plusminus.glif","\/fonts\/Unpacking\/63d8a79a333615e581c6b90d06db9ae03d7a3684\/optibenjiemodern-italic.ufo\/glyphs\/q.glif":"\/fonts\/Unpacking\/63d8a79a333615e581c6b90d06db9ae03d7a3684\/optibenjiemodern-italic.ufo\/glyphs\/q.glif","\/fonts\/Unpacking\/63d8a79a333615e581c6b90d06db9ae03d7a3684\/optibenjiemodern-italic.ufo\/glyphs\/question.glif":"\/fonts\/Unpacking\/63d8a79a333615e581c6b90d06db9ae03d7a3684\/optibenjiemodern-italic.ufo\/glyphs\/question.glif","\/fonts\/Unpacking\/63d8a79a333615e581c6b90d06db9ae03d7a3684\/optibenjiemodern-italic.ufo\/glyphs\/questiondown.glif":"\/fonts\/Unpacking\/63d8a79a333615e581c6b90d06db9ae03d7a3684\/optibenjiemodern-italic.ufo\/glyphs\/questiondown.glif","\/fonts\/Unpacking\/63d8a79a333615e581c6b90d06db9ae03d7a3684\/optibenjiemodern-italic.ufo\/glyphs\/quotedbl.glif":"\/fonts\/Unpacking\/63d8a79a333615e581c6b90d06db9ae03d7a3684\/optibenjiemodern-italic.ufo\/glyphs\/quotedbl.glif","\/fonts\/Unpacking\/63d8a79a333615e581c6b90d06db9ae03d7a3684\/optibenjiemodern-italic.ufo\/glyphs\/quotedblbase.glif":"\/fonts\/Unpacking\/63d8a79a333615e581c6b90d06db9ae03d7a3684\/optibenjiemodern-italic.ufo\/glyphs\/quotedblbase.glif","\/fonts\/Unpacking\/63d8a79a333615e581c6b90d06db9ae03d7a3684\/optibenjiemodern-italic.ufo\/glyphs\/quotedblleft.glif":"\/fonts\/Unpacking\/63d8a79a333615e581c6b90d06db9ae03d7a3684\/optibenjiemodern-italic.ufo\/glyphs\/quotedblleft.glif","\/fonts\/Unpacking\/63d8a79a333615e581c6b90d06db9ae03d7a3684\/optibenjiemodern-italic.ufo\/glyphs\/quotedblright.glif":"\/fonts\/Unpacking\/63d8a79a333615e581c6b90d06db9ae03d7a3684\/optibenjiemodern-italic.ufo\/glyphs\/quotedblright.glif","\/fonts\/Unpacking\/63d8a79a333615e581c6b90d06db9ae03d7a3684\/optibenjiemodern-italic.ufo\/glyphs\/quoteleft.glif":"\/fonts\/Unpacking\/63d8a79a333615e581c6b90d06db9ae03d7a3684\/optibenjiemodern-italic.ufo\/glyphs\/quoteleft.glif","\/fonts\/Unpacking\/63d8a79a333615e581c6b90d06db9ae03d7a3684\/optibenjiemodern-italic.ufo\/glyphs\/quoteright.glif":"\/fonts\/Unpacking\/63d8a79a333615e581c6b90d06db9ae03d7a3684\/optibenjiemodern-italic.ufo\/glyphs\/quoteright.glif","\/fonts\/Unpacking\/63d8a79a333615e581c6b90d06db9ae03d7a3684\/optibenjiemodern-italic.ufo\/glyphs\/quotesinglbase.glif":"\/fonts\/Unpacking\/63d8a79a333615e581c6b90d06db9ae03d7a3684\/optibenjiemodern-italic.ufo\/glyphs\/quotesinglbase.glif","\/fonts\/Unpacking\/63d8a79a333615e581c6b90d06db9ae03d7a3684\/optibenjiemodern-italic.ufo\/glyphs\/quotesingle.glif":"\/fonts\/Unpacking\/63d8a79a333615e581c6b90d06db9ae03d7a3684\/optibenjiemodern-italic.ufo\/glyphs\/quotesingle.glif","\/fonts\/Unpacking\/63d8a79a333615e581c6b90d06db9ae03d7a3684\/optibenjiemodern-italic.ufo\/glyphs\/r.glif":"\/fonts\/Unpacking\/63d8a79a333615e581c6b90d06db9ae03d7a3684\/optibenjiemodern-italic.ufo\/glyphs\/r.glif","\/fonts\/Unpacking\/63d8a79a333615e581c6b90d06db9ae03d7a3684\/optibenjiemodern-italic.ufo\/glyphs\/radical.glif":"\/fonts\/Unpacking\/63d8a79a333615e581c6b90d06db9ae03d7a3684\/optibenjiemodern-italic.ufo\/glyphs\/radical.glif","\/fonts\/Unpacking\/63d8a79a333615e581c6b90d06db9ae03d7a3684\/optibenjiemodern-italic.ufo\/glyphs\/registered.glif":"\/fonts\/Unpacking\/63d8a79a333615e581c6b90d06db9ae03d7a3684\/optibenjiemodern-italic.ufo\/glyphs\/registered.glif","\/fonts\/Unpacking\/63d8a79a333615e581c6b90d06db9ae03d7a3684\/optibenjiemodern-italic.ufo\/glyphs\/ring.glif":"\/fonts\/Unpacking\/63d8a79a333615e581c6b90d06db9ae03d7a3684\/optibenjiemodern-italic.ufo\/glyphs\/ring.glif","\/fonts\/Unpacking\/63d8a79a333615e581c6b90d06db9ae03d7a3684\/optibenjiemodern-italic.ufo\/glyphs\/s.glif":"\/fonts\/Unpacking\/63d8a79a333615e581c6b90d06db9ae03d7a3684\/optibenjiemodern-italic.ufo\/glyphs\/s.glif","\/fonts\/Unpacking\/63d8a79a333615e581c6b90d06db9ae03d7a3684\/optibenjiemodern-italic.ufo\/glyphs\/section.glif":"\/fonts\/Unpacking\/63d8a79a333615e581c6b90d06db9ae03d7a3684\/optibenjiemodern-italic.ufo\/glyphs\/section.glif","\/fonts\/Unpacking\/63d8a79a333615e581c6b90d06db9ae03d7a3684\/optibenjiemodern-italic.ufo\/glyphs\/semicolon.glif":"\/fonts\/Unpacking\/63d8a79a333615e581c6b90d06db9ae03d7a3684\/optibenjiemodern-italic.ufo\/glyphs\/semicolon.glif","\/fonts\/Unpacking\/63d8a79a333615e581c6b90d06db9ae03d7a3684\/optibenjiemodern-italic.ufo\/glyphs\/seven.glif":"\/fonts\/Unpacking\/63d8a79a333615e581c6b90d06db9ae03d7a3684\/optibenjiemodern-italic.ufo\/glyphs\/seven.glif","\/fonts\/Unpacking\/63d8a79a333615e581c6b90d06db9ae03d7a3684\/optibenjiemodern-italic.ufo\/glyphs\/six.glif":"\/fonts\/Unpacking\/63d8a79a333615e581c6b90d06db9ae03d7a3684\/optibenjiemodern-italic.ufo\/glyphs\/six.glif","\/fonts\/Unpacking\/63d8a79a333615e581c6b90d06db9ae03d7a3684\/optibenjiemodern-italic.ufo\/glyphs\/slash.glif":"\/fonts\/Unpacking\/63d8a79a333615e581c6b90d06db9ae03d7a3684\/optibenjiemodern-italic.ufo\/glyphs\/slash.glif","\/fonts\/Unpacking\/63d8a79a333615e581c6b90d06db9ae03d7a3684\/optibenjiemodern-italic.ufo\/glyphs\/space.glif":"\/fonts\/Unpacking\/63d8a79a333615e581c6b90d06db9ae03d7a3684\/optibenjiemodern-italic.ufo\/glyphs\/space.glif","\/fonts\/Unpacking\/63d8a79a333615e581c6b90d06db9ae03d7a3684\/optibenjiemodern-italic.ufo\/glyphs\/sterling.glif":"\/fonts\/Unpacking\/63d8a79a333615e581c6b90d06db9ae03d7a3684\/optibenjiemodern-italic.ufo\/glyphs\/sterling.glif","\/fonts\/Unpacking\/63d8a79a333615e581c6b90d06db9ae03d7a3684\/optibenjiemodern-italic.ufo\/glyphs\/summation.glif":"\/fonts\/Unpacking\/63d8a79a333615e581c6b90d06db9ae03d7a3684\/optibenjiemodern-italic.ufo\/glyphs\/summation.glif","\/fonts\/Unpacking\/63d8a79a333615e581c6b90d06db9ae03d7a3684\/optibenjiemodern-italic.ufo\/glyphs\/t.glif":"\/fonts\/Unpacking\/63d8a79a333615e581c6b90d06db9ae03d7a3684\/optibenjiemodern-italic.ufo\/glyphs\/t.glif","\/fonts\/Unpacking\/63d8a79a333615e581c6b90d06db9ae03d7a3684\/optibenjiemodern-italic.ufo\/glyphs\/three.glif":"\/fonts\/Unpacking\/63d8a79a333615e581c6b90d06db9ae03d7a3684\/optibenjiemodern-italic.ufo\/glyphs\/three.glif","\/fonts\/Unpacking\/63d8a79a333615e581c6b90d06db9ae03d7a3684\/optibenjiemodern-italic.ufo\/glyphs\/tilde.glif":"\/fonts\/Unpacking\/63d8a79a333615e581c6b90d06db9ae03d7a3684\/optibenjiemodern-italic.ufo\/glyphs\/tilde.glif","\/fonts\/Unpacking\/63d8a79a333615e581c6b90d06db9ae03d7a3684\/optibenjiemodern-italic.ufo\/glyphs\/trademark.glif":"\/fonts\/Unpacking\/63d8a79a333615e581c6b90d06db9ae03d7a3684\/optibenjiemodern-italic.ufo\/glyphs\/trademark.glif","\/fonts\/Unpacking\/63d8a79a333615e581c6b90d06db9ae03d7a3684\/optibenjiemodern-italic.ufo\/glyphs\/two.glif":"\/fonts\/Unpacking\/63d8a79a333615e581c6b90d06db9ae03d7a3684\/optibenjiemodern-italic.ufo\/glyphs\/two.glif","\/fonts\/Unpacking\/63d8a79a333615e581c6b90d06db9ae03d7a3684\/optibenjiemodern-italic.ufo\/glyphs\/u.glif":"\/fonts\/Unpacking\/63d8a79a333615e581c6b90d06db9ae03d7a3684\/optibenjiemodern-italic.ufo\/glyphs\/u.glif","\/fonts\/Unpacking\/63d8a79a333615e581c6b90d06db9ae03d7a3684\/optibenjiemodern-italic.ufo\/glyphs\/uacute.glif":"\/fonts\/Unpacking\/63d8a79a333615e581c6b90d06db9ae03d7a3684\/optibenjiemodern-italic.ufo\/glyphs\/uacute.glif","\/fonts\/Unpacking\/63d8a79a333615e581c6b90d06db9ae03d7a3684\/optibenjiemodern-italic.ufo\/glyphs\/ucircumflex.glif":"\/fonts\/Unpacking\/63d8a79a333615e581c6b90d06db9ae03d7a3684\/optibenjiemodern-italic.ufo\/glyphs\/ucircumflex.glif","\/fonts\/Unpacking\/63d8a79a333615e581c6b90d06db9ae03d7a3684\/optibenjiemodern-italic.ufo\/glyphs\/udieresis.glif":"\/fonts\/Unpacking\/63d8a79a333615e581c6b90d06db9ae03d7a3684\/optibenjiemodern-italic.ufo\/glyphs\/udieresis.glif","\/fonts\/Unpacking\/63d8a79a333615e581c6b90d06db9ae03d7a3684\/optibenjiemodern-italic.ufo\/glyphs\/ugrave.glif":"\/fonts\/Unpacking\/63d8a79a333615e581c6b90d06db9ae03d7a3684\/optibenjiemodern-italic.ufo\/glyphs\/ugrave.glif","\/fonts\/Unpacking\/63d8a79a333615e581c6b90d06db9ae03d7a3684\/optibenjiemodern-italic.ufo\/glyphs\/underscore.glif":"\/fonts\/Unpacking\/63d8a79a333615e581c6b90d06db9ae03d7a3684\/optibenjiemodern-italic.ufo\/glyphs\/underscore.glif","\/fonts\/Unpacking\/63d8a79a333615e581c6b90d06db9ae03d7a3684\/optibenjiemodern-italic.ufo\/glyphs\/v.glif":"\/fonts\/Unpacking\/63d8a79a333615e581c6b90d06db9ae03d7a3684\/optibenjiemodern-italic.ufo\/glyphs\/v.glif","\/fonts\/Unpacking\/63d8a79a333615e581c6b90d06db9ae03d7a3684\/optibenjiemodern-italic.ufo\/glyphs\/w.glif":"\/fonts\/Unpacking\/63d8a79a333615e581c6b90d06db9ae03d7a3684\/optibenjiemodern-italic.ufo\/glyphs\/w.glif","\/fonts\/Unpacking\/63d8a79a333615e581c6b90d06db9ae03d7a3684\/optibenjiemodern-italic.ufo\/glyphs\/x.glif":"\/fonts\/Unpacking\/63d8a79a333615e581c6b90d06db9ae03d7a3684\/optibenjiemodern-italic.ufo\/glyphs\/x.glif","\/fonts\/Unpacking\/63d8a79a333615e581c6b90d06db9ae03d7a3684\/optibenjiemodern-italic.ufo\/glyphs\/y.glif":"\/fonts\/Unpacking\/63d8a79a333615e581c6b90d06db9ae03d7a3684\/optibenjiemodern-italic.ufo\/glyphs\/y.glif","\/fonts\/Unpacking\/63d8a79a333615e581c6b90d06db9ae03d7a3684\/optibenjiemodern-italic.ufo\/glyphs\/ydieresis.glif":"\/fonts\/Unpacking\/63d8a79a333615e581c6b90d06db9ae03d7a3684\/optibenjiemodern-italic.ufo\/glyphs\/ydieresis.glif","\/fonts\/Unpacking\/63d8a79a333615e581c6b90d06db9ae03d7a3684\/optibenjiemodern-italic.ufo\/glyphs\/yen.glif":"\/fonts\/Unpacking\/63d8a79a333615e581c6b90d06db9ae03d7a3684\/optibenjiemodern-italic.ufo\/glyphs\/yen.glif","\/fonts\/Unpacking\/63d8a79a333615e581c6b90d06db9ae03d7a3684\/optibenjiemodern-italic.ufo\/glyphs\/z.glif":"\/fonts\/Unpacking\/63d8a79a333615e581c6b90d06db9ae03d7a3684\/optibenjiemodern-italic.ufo\/glyphs\/z.glif","\/fonts\/Unpacking\/63d8a79a333615e581c6b90d06db9ae03d7a3684\/optibenjiemodern-italic.ufo\/glyphs\/zero.glif":"\/fonts\/Unpacking\/63d8a79a333615e581c6b90d06db9ae03d7a3684\/optibenjiemodern-italic.ufo\/glyphs\/zero.glif"},"Font":null,"Licences":{"":false},"Table":{"FFTM":{"entryLength":16,"tag":"FFTM","checksum":1944367496,"offset":42284,"length":28},"GDEF":{"entryLength":16,"tag":"GDEF","checksum":16515078,"offset":42252,"length":32},"OS\/2":{"entryLength":16,"tag":"OS\/2","checksum":1477524155,"offset":344,"length":86},"cmap":{"entryLength":16,"tag":"cmap","checksum":1317921726,"offset":1260,"length":630},"gasp":{"entryLength":16,"tag":"gasp","checksum":4294901763,"offset":42244,"length":8},"glyf":{"entryLength":16,"tag":"glyf","checksum":1021363806,"offset":2308,"length":38696},"head":{"entryLength":16,"tag":"head","checksum":168869817,"offset":220,"length":54},"hhea":{"entryLength":16,"tag":"hhea","checksum":125305655,"offset":276,"length":36},"hmtx":{"entryLength":16,"tag":"hmtx","checksum":2272724908,"offset":432,"length":828},"loca":{"entryLength":16,"tag":"loca","checksum":2336797206,"offset":1892,"length":416},"maxp":{"entryLength":16,"tag":"maxp","checksum":18350233,"offset":312,"length":32},"name":{"entryLength":16,"tag":"name","checksum":1398215014,"offset":41004,"length":789},"post":{"entryLength":16,"tag":"post","checksum":732441387,"offset":41796,"length":448}},"UnicodeCharMap":{"32":3,"33":4,"34":5,"35":6,"36":7,"37":8,"38":9,"39":10,"40":11,"41":12,"42":13,"43":14,"44":15,"45":16,"46":17,"47":18,"48":19,"49":20,"50":21,"51":22,"52":23,"53":24,"54":25,"55":26,"56":27,"57":28,"58":29,"59":30,"60":31,"61":32,"62":33,"63":34,"64":35,"65":36,"66":37,"67":38,"68":39,"69":40,"70":41,"71":42,"72":43,"73":44,"74":45,"75":46,"76":47,"77":48,"78":49,"79":50,"80":51,"81":52,"82":53,"83":54,"84":55,"85":56,"86":57,"87":58,"88":59,"89":60,"90":61,"91":62,"92":63,"93":64,"94":65,"95":66,"96":67,"97":68,"98":69,"99":70,"100":71,"101":72,"102":73,"103":74,"104":75,"105":76,"106":77,"107":78,"108":79,"109":80,"110":81,"111":82,"112":83,"113":84,"114":85,"115":86,"116":87,"117":88,"118":89,"119":90,"120":91,"121":92,"122":93,"123":94,"124":95,"125":96,"126":97,"161":98,"162":99,"163":100,"165":101,"167":102,"168":103,"169":104,"170":105,"171":106,"172":107,"174":108,"175":109,"177":110,"180":111,"182":113,"183":114,"187":115,"191":116,"192":117,"193":118,"194":119,"195":120,"196":121,"197":122,"198":123,"199":124,"200":125,"201":126,"202":127,"203":128,"204":129,"205":130,"206":131,"207":132,"209":133,"210":134,"211":135,"212":136,"213":137,"214":138,"216":139,"217":140,"218":141,"219":142,"220":143,"223":144,"224":145,"225":146,"226":147,"227":148,"228":149,"229":150,"230":151,"231":152,"232":153,"233":154,"234":155,"235":156,"236":157,"237":158,"238":159,"239":160,"241":161,"242":162,"243":163,"244":164,"245":165,"246":166,"247":167,"248":168,"249":169,"250":170,"251":171,"252":172,"255":173,"305":198,"338":197,"339":199,"376":206,"402":177,"710":191,"728":193,"729":194,"730":195,"732":192,"956":112,"8211":183,"8212":196,"8216":175,"8217":174,"8218":187,"8220":178,"8221":189,"8222":188,"8224":184,"8225":185,"8226":186,"8240":190,"8249":179,"8250":180,"8260":176,"8482":200,"8706":202,"8721":203,"8730":205,"8734":201,"8747":204,"64257":181,"64258":182},"Reserves":null,"Names":[],"Nodes":[],"Contributors":[],"FontIdentity":"53834b86371d4a09b3909535534978ba","Bytes":3493567,"Networking":null,"barcode":null,"referee":null}