{"CSS":{"Adams Wide Bold":"Adams+Wide+Bold.css"},"FontType":"TrueType","FontCopyright":"Copyright 1994 Bay Animation Inc. All Rights Reserved.","FontName":"Adams Wide","FontSubfamily":"Bold","FontSubfamilyID":"FontForge 2.0 : Adams Wide Bold : 25-11-2016","FontFullName":"Adams Wide Bold","FontVersion":"Version 1.0 Tue Jul 27 12:48 ","FontWeight":null,"FontPostscriptName":"AdamsWideBold","Files":{"admswidb.afm":"admswidb.afm","admswidb.bin":"admswidb.bin","admswidb.cef":"admswidb.cef","admswidb.cff":"admswidb.cff","admswidb.cid":"admswidb.cid","admswidb.dfont":"admswidb.dfont","admswidb.eot":"admswidb.eot","admswidb.fon":"admswidb.fon","admswidb.gai":"admswidb.gai","admswidb.gsf":"admswidb.gsf","admswidb.hqx":"admswidb.hqx","admswidb.ik":"admswidb.ik","admswidb.mf":"admswidb.mf","admswidb.otf":"admswidb.otf","admswidb.pcf":"admswidb.pcf","admswidb.pf3":"admswidb.pf3","admswidb.pfa":"admswidb.pfa","admswidb.pfb":"admswidb.pfb","admswidb.php":"admswidb.php","admswidb.pmf":"admswidb.pmf","admswidb.pt3":"admswidb.pt3","admswidb.sfd":"admswidb.sfd","admswidb.svg":"admswidb.svg","admswidb.t42":"admswidb.t42","admswidb.ttd":"admswidb.ttd","admswidb.ttf":"admswidb.ttf","admswidb.ttg":"admswidb.ttg","admswidb.ufm":"admswidb.ufm","admswidb.woff":"admswidb.woff","admswidb.z":"admswidb.z","":{"admswidb.afm":"admswidb.afm","admswidb.bin":"admswidb.bin","admswidb.cef":"admswidb.cef","admswidb.cff":"admswidb.cff","admswidb.cid":"admswidb.cid","admswidb.dfont":"admswidb.dfont","admswidb.eot":"admswidb.eot","admswidb.fon":"admswidb.fon","admswidb.gai":"admswidb.gai","admswidb.gsf":"admswidb.gsf","admswidb.hqx":"admswidb.hqx","admswidb.ik":"admswidb.ik","admswidb.mf":"admswidb.mf","admswidb.otf":"admswidb.otf","admswidb.pcf":"admswidb.pcf","admswidb.pf3":"admswidb.pf3","admswidb.pfa":"admswidb.pfa","admswidb.pfb":"admswidb.pfb","admswidb.php":"admswidb.php","admswidb.pmf":"admswidb.pmf","admswidb.pt3":"admswidb.pt3","admswidb.sfd":"admswidb.sfd","admswidb.svg":"admswidb.svg","admswidb.t42":"admswidb.t42","admswidb.ttd":"admswidb.ttd","admswidb.ttf":"admswidb.ttf","admswidb.ttg":"admswidb.ttg","admswidb.ufm":"admswidb.ufm","admswidb.woff":"admswidb.woff","admswidb.z":"admswidb.z"},"\/admswidb.ufo":{"feature.fea":"feature.fea","fontinfo.plist":"fontinfo.plist","groups.plist":"groups.plist","kerning.plist":"kerning.plist","metainfo.plist":"metainfo.plist"},"\/admswidb.ufo\/glyphs":{"A_.glif":"A_.glif","A_E_.glif":"A_E_.glif","A_acute.glif":"A_acute.glif","A_circumflex.glif":"A_circumflex.glif","A_dieresis.glif":"A_dieresis.glif","A_grave.glif":"A_grave.glif","A_ring.glif":"A_ring.glif","A_tilde.glif":"A_tilde.glif","B_.glif":"B_.glif","B_S_.glif":"B_S_.glif","C_.glif":"C_.glif","C_cedilla.glif":"C_cedilla.glif","D_.glif":"D_.glif","E_.glif":"E_.glif","E_acute.glif":"E_acute.glif","E_circumflex.glif":"E_circumflex.glif","E_dieresis.glif":"E_dieresis.glif","E_grave.glif":"E_grave.glif","E_th.glif":"E_th.glif","F_.glif":"F_.glif","G_.glif":"G_.glif","G_S_.glif":"G_S_.glif","H_.glif":"H_.glif","H_T_.glif":"H_T_.glif","I_.glif":"I_.glif","I_acute.glif":"I_acute.glif","I_circumflex.glif":"I_circumflex.glif","I_dieresis.glif":"I_dieresis.glif","I_grave.glif":"I_grave.glif","J_.glif":"J_.glif","K_.glif":"K_.glif","L_.glif":"L_.glif","M_.glif":"M_.glif","N_.glif":"N_.glif","N_tilde.glif":"N_tilde.glif","O_.glif":"O_.glif","O_E_.glif":"O_E_.glif","O_acute.glif":"O_acute.glif","O_circumflex.glif":"O_circumflex.glif","O_dieresis.glif":"O_dieresis.glif","O_grave.glif":"O_grave.glif","O_slash.glif":"O_slash.glif","O_tilde.glif":"O_tilde.glif","P_.glif":"P_.glif","Q_.glif":"Q_.glif","R_.glif":"R_.glif","S_.glif":"S_.glif","S_caron.glif":"S_caron.glif","T_.glif":"T_.glif","T_horn.glif":"T_horn.glif","U_.glif":"U_.glif","U_acute.glif":"U_acute.glif","U_circumflex.glif":"U_circumflex.glif","U_dieresis.glif":"U_dieresis.glif","U_grave.glif":"U_grave.glif","V_.glif":"V_.glif","W_.glif":"W_.glif","X_.glif":"X_.glif","Y_.glif":"Y_.glif","Y_acute.glif":"Y_acute.glif","Y_dieresis.glif":"Y_dieresis.glif","Z_.glif":"Z_.glif","_notdef.glif":"_notdef.glif","_null.glif":"_null.glif","a.glif":"a.glif","aacute.glif":"aacute.glif","acircumflex.glif":"acircumflex.glif","acute.glif":"acute.glif","adieresis.glif":"adieresis.glif","ae.glif":"ae.glif","agrave.glif":"agrave.glif","ampersand.glif":"ampersand.glif","aring.glif":"aring.glif","asciicircum.glif":"asciicircum.glif","asciitilde.glif":"asciitilde.glif","asterisk.glif":"asterisk.glif","at.glif":"at.glif","atilde.glif":"atilde.glif","b.glif":"b.glif","backslash.glif":"backslash.glif","bar.glif":"bar.glif","braceleft.glif":"braceleft.glif","braceright.glif":"braceright.glif","bracketleft.glif":"bracketleft.glif","bracketright.glif":"bracketright.glif","brokenbar.glif":"brokenbar.glif","bullet.glif":"bullet.glif","c.glif":"c.glif","ccedilla.glif":"ccedilla.glif","cedilla.glif":"cedilla.glif","cent.glif":"cent.glif","circumflex.glif":"circumflex.glif","colon.glif":"colon.glif","comma.glif":"comma.glif","contents.plist":"contents.plist","copyright.glif":"copyright.glif","currency.glif":"currency.glif","d.glif":"d.glif","dagger.glif":"dagger.glif","daggerdbl.glif":"daggerdbl.glif","degree.glif":"degree.glif","dieresis.glif":"dieresis.glif","divide.glif":"divide.glif","dollar.glif":"dollar.glif","dotoperator.glif":"dotoperator.glif","e.glif":"e.glif","eacute.glif":"eacute.glif","ecircumflex.glif":"ecircumflex.glif","edieresis.glif":"edieresis.glif","egrave.glif":"egrave.glif","eight.glif":"eight.glif","ellipsis.glif":"ellipsis.glif","emdash.glif":"emdash.glif","endash.glif":"endash.glif","equal.glif":"equal.glif","eth.glif":"eth.glif","exclam.glif":"exclam.glif","exclamdown.glif":"exclamdown.glif","f.glif":"f.glif","five.glif":"five.glif","florin.glif":"florin.glif","four.glif":"four.glif","g.glif":"g.glif","germandbls.glif":"germandbls.glif","glyph1.glif":"glyph1.glif","glyph2.glif":"glyph2.glif","grave.glif":"grave.glif","greater.glif":"greater.glif","guillemotleft.glif":"guillemotleft.glif","guillemotright.glif":"guillemotright.glif","guilsinglleft.glif":"guilsinglleft.glif","guilsinglright.glif":"guilsinglright.glif","h.glif":"h.glif","hyphen.glif":"hyphen.glif","i.glif":"i.glif","iacute.glif":"iacute.glif","icircumflex.glif":"icircumflex.glif","idieresis.glif":"idieresis.glif","igrave.glif":"igrave.glif","j.glif":"j.glif","k.glif":"k.glif","l.glif":"l.glif","less.glif":"less.glif","logicalnot.glif":"logicalnot.glif","m.glif":"m.glif","macron.glif":"macron.glif","minus.glif":"minus.glif","mu.glif":"mu.glif","multiply.glif":"multiply.glif","n.glif":"n.glif","nine.glif":"nine.glif","nonbreakingspace.glif":"nonbreakingspace.glif","nonmarkingreturn.glif":"nonmarkingreturn.glif","ntilde.glif":"ntilde.glif","numbersign.glif":"numbersign.glif","o.glif":"o.glif","oacute.glif":"oacute.glif","ocircumflex.glif":"ocircumflex.glif","odieresis.glif":"odieresis.glif","oe.glif":"oe.glif","ograve.glif":"ograve.glif","one.glif":"one.glif","onehalf.glif":"onehalf.glif","onequarter.glif":"onequarter.glif","onesuperior.glif":"onesuperior.glif","ordfeminine.glif":"ordfeminine.glif","ordmasculine.glif":"ordmasculine.glif","oslash.glif":"oslash.glif","otilde.glif":"otilde.glif","p.glif":"p.glif","paragraph.glif":"paragraph.glif","parenleft.glif":"parenleft.glif","parenright.glif":"parenright.glif","percent.glif":"percent.glif","period.glif":"period.glif","periodcentered.glif":"periodcentered.glif","perthousand.glif":"perthousand.glif","plus.glif":"plus.glif","plusminus.glif":"plusminus.glif","q.glif":"q.glif","question.glif":"question.glif","questiondown.glif":"questiondown.glif","quotedbl.glif":"quotedbl.glif","quotedblbase.glif":"quotedblbase.glif","quotedblleft.glif":"quotedblleft.glif","quotedblright.glif":"quotedblright.glif","quoteleft.glif":"quoteleft.glif","quoteright.glif":"quoteright.glif","quotesinglbase.glif":"quotesinglbase.glif","quotesingle.glif":"quotesingle.glif","r.glif":"r.glif","registered.glif":"registered.glif","s.glif":"s.glif","scaron.glif":"scaron.glif","section.glif":"section.glif","semicolon.glif":"semicolon.glif","seven.glif":"seven.glif","six.glif":"six.glif","slash.glif":"slash.glif","space.glif":"space.glif","sterling.glif":"sterling.glif","t.glif":"t.glif","thorn.glif":"thorn.glif","three.glif":"three.glif","threequarters.glif":"threequarters.glif","threesuperior.glif":"threesuperior.glif","tilde.glif":"tilde.glif","trademark.glif":"trademark.glif","two.glif":"two.glif","twosuperior.glif":"twosuperior.glif","u.glif":"u.glif","uacute.glif":"uacute.glif","ucircumflex.glif":"ucircumflex.glif","udieresis.glif":"udieresis.glif","ugrave.glif":"ugrave.glif","underscore.glif":"underscore.glif","v.glif":"v.glif","w.glif":"w.glif","x.glif":"x.glif","y.glif":"y.glif","yacute.glif":"yacute.glif","ydieresis.glif":"ydieresis.glif","yen.glif":"yen.glif","z.glif":"z.glif","zero.glif":"zero.glif"}},"Font":{"uploaded":1480014913.8211,"licence":"gpl3","company":"Chronolabs Cooperative","title":"Action Is","version":2.001,"date":"Sun Aug 28 07:48:47 2016","creator":"root","type":"1","matrix":"0.001 0 0 0.001 0 0","named":"ActionIs","painttype":"0","info":"10 dict dup","name":"ActionIs","family":"ActionIs","weight":"Book","fstype":"1","italicangle":"0","underlineposition":"","underlinethickness":""},"Table":{"FFTM":{"entryLength":16,"tag":"FFTM","checksum":1947015432,"offset":28696,"length":28},"GDEF":{"entryLength":16,"tag":"GDEF","checksum":17629188,"offset":28664,"length":32},"OS\/2":{"entryLength":16,"tag":"OS\/2","checksum":1722421850,"offset":344,"length":86},"cmap":{"entryLength":16,"tag":"cmap","checksum":2215955818,"offset":1328,"length":708},"gasp":{"entryLength":16,"tag":"gasp","checksum":4294901763,"offset":28656,"length":8},"glyf":{"entryLength":16,"tag":"glyf","checksum":2433877704,"offset":2488,"length":24944},"head":{"entryLength":16,"tag":"head","checksum":381363655,"offset":220,"length":54},"hhea":{"entryLength":16,"tag":"hhea","checksum":406982162,"offset":276,"length":36},"hmtx":{"entryLength":16,"tag":"hmtx","checksum":21399382,"offset":432,"length":896},"loca":{"entryLength":16,"tag":"loca","checksum":4168212078,"offset":2036,"length":450},"maxp":{"entryLength":16,"tag":"maxp","checksum":19464327,"offset":312,"length":32},"name":{"entryLength":16,"tag":"name","checksum":885739711,"offset":27432,"length":702},"post":{"entryLength":16,"tag":"post","checksum":1111037976,"offset":28136,"length":517}},"UnicodeCharMap":{"0":3,"13":6,"32":8,"33":9,"34":10,"35":11,"36":12,"37":13,"38":14,"39":15,"40":16,"41":17,"42":18,"43":19,"44":20,"45":21,"46":22,"47":23,"48":24,"49":25,"50":26,"51":27,"52":28,"53":29,"54":30,"55":31,"56":32,"57":33,"58":34,"59":35,"60":36,"61":37,"62":38,"63":39,"64":40,"65":41,"66":42,"67":43,"68":44,"69":45,"70":46,"71":47,"72":48,"73":49,"74":50,"75":51,"76":52,"77":53,"78":54,"79":55,"80":56,"81":57,"82":58,"83":59,"84":60,"85":61,"86":62,"87":63,"88":64,"89":65,"90":66,"91":67,"92":68,"93":69,"94":70,"95":71,"96":72,"97":73,"98":74,"99":75,"100":76,"101":77,"102":78,"103":79,"104":80,"105":81,"106":82,"107":83,"108":84,"109":85,"110":86,"111":87,"112":88,"113":89,"114":90,"115":91,"116":92,"117":93,"118":94,"119":95,"120":96,"121":97,"122":98,"123":99,"124":100,"125":101,"126":102,"160":103,"161":104,"162":105,"163":106,"164":107,"165":108,"166":207,"167":109,"168":110,"169":111,"170":112,"171":113,"172":114,"174":115,"175":116,"176":117,"177":118,"178":209,"179":210,"180":119,"182":121,"183":211,"184":122,"185":212,"186":123,"187":124,"188":213,"189":214,"190":215,"191":125,"192":126,"193":127,"194":128,"195":129,"196":130,"197":131,"198":132,"199":133,"200":134,"201":135,"202":136,"203":137,"204":138,"205":139,"206":140,"207":141,"208":216,"209":142,"210":143,"211":144,"212":145,"213":146,"214":147,"215":217,"216":148,"217":149,"218":150,"219":151,"220":152,"221":218,"222":219,"223":153,"224":154,"225":155,"226":156,"227":157,"228":158,"229":159,"230":160,"231":161,"232":162,"233":163,"234":164,"235":165,"236":166,"237":167,"238":168,"239":169,"240":220,"241":170,"242":171,"243":172,"244":173,"245":174,"246":175,"247":176,"248":177,"249":178,"250":179,"251":180,"252":181,"253":221,"254":222,"255":182,"338":193,"339":205,"352":191,"353":203,"376":206,"402":184,"710":189,"732":201,"956":120,"8211":199,"8212":200,"8216":194,"8217":195,"8218":183,"8220":196,"8221":197,"8222":185,"8224":187,"8225":188,"8226":198,"8230":186,"8240":190,"8249":192,"8250":204,"8482":202,"8722":208},"Reserves":null,"Names":[],"Nodes":{"ad":{"type":"typal","node":"ad","usage":1,"weight":1},"ms":{"type":"typal","node":"ms","usage":1,"weight":1},"wi":{"type":"typal","node":"wi","usage":1,"weight":1},"de":{"type":"typal","node":"de","usage":1,"weight":1},"ada":{"type":"typal","node":"ada","usage":1,"weight":1},"ams":{"type":"typal","node":"ams","usage":1,"weight":1},"wid":{"type":"typal","node":"wid","usage":1,"weight":1},"ide":{"type":"typal","node":"ide","usage":1,"weight":1},"adam":{"type":"keys","node":"adam","usage":1,"weight":1},"dams":{"type":"keys","node":"dams","usage":1,"weight":1},"adams":{"type":"fixes","node":"adams","usage":1,"weight":1},"wide":{"type":"fixes","node":"wide","usage":1,"weight":1}},"Contributors":[],"FontIdentity":"3739b9bb434b5a5625fec630364f6d78","Bytes":2881192,"Networking":[],"barcode":"soeqgqa6ksw3","referee":"7sk4m1ka"}