{"CSS":{"Quartet-Bold":"Quartet-Bold.css"},"FontType":"TrueType","FontCopyright":"Copyright (C) 1993 Emigre Graphics, Designed by Zuzana Licko","FontName":"Quartet","FontSubfamily":"Bold","FontSubfamilyID":"FontForge 2.0 : Quartet-Bold : 27-10-2016","FontFullName":"Quartet Bold","FontVersion":"Version 1.00 ","FontWeight":null,"FontPostscriptName":"Quartet-Bold","Files":{"\/fonts\/Unpacking\/a98919da3419c4325fa381a8dce93eee1d6d85fb\/quartet-bold.afm":"\/fonts\/Unpacking\/a98919da3419c4325fa381a8dce93eee1d6d85fb\/quartet-bold.afm","\/fonts\/Unpacking\/a98919da3419c4325fa381a8dce93eee1d6d85fb\/quartet-bold.bin":"\/fonts\/Unpacking\/a98919da3419c4325fa381a8dce93eee1d6d85fb\/quartet-bold.bin","\/fonts\/Unpacking\/a98919da3419c4325fa381a8dce93eee1d6d85fb\/quartet-bold.cef":"\/fonts\/Unpacking\/a98919da3419c4325fa381a8dce93eee1d6d85fb\/quartet-bold.cef","\/fonts\/Unpacking\/a98919da3419c4325fa381a8dce93eee1d6d85fb\/quartet-bold.cff":"\/fonts\/Unpacking\/a98919da3419c4325fa381a8dce93eee1d6d85fb\/quartet-bold.cff","\/fonts\/Unpacking\/a98919da3419c4325fa381a8dce93eee1d6d85fb\/quartet-bold.cid":"\/fonts\/Unpacking\/a98919da3419c4325fa381a8dce93eee1d6d85fb\/quartet-bold.cid","\/fonts\/Unpacking\/a98919da3419c4325fa381a8dce93eee1d6d85fb\/quartet-bold.dfont":"\/fonts\/Unpacking\/a98919da3419c4325fa381a8dce93eee1d6d85fb\/quartet-bold.dfont","\/fonts\/Unpacking\/a98919da3419c4325fa381a8dce93eee1d6d85fb\/quartet-bold.eot":"\/fonts\/Unpacking\/a98919da3419c4325fa381a8dce93eee1d6d85fb\/quartet-bold.eot","\/fonts\/Unpacking\/a98919da3419c4325fa381a8dce93eee1d6d85fb\/quartet-bold.fon":"\/fonts\/Unpacking\/a98919da3419c4325fa381a8dce93eee1d6d85fb\/quartet-bold.fon","\/fonts\/Unpacking\/a98919da3419c4325fa381a8dce93eee1d6d85fb\/quartet-bold.gai":"\/fonts\/Unpacking\/a98919da3419c4325fa381a8dce93eee1d6d85fb\/quartet-bold.gai","\/fonts\/Unpacking\/a98919da3419c4325fa381a8dce93eee1d6d85fb\/quartet-bold.gsf":"\/fonts\/Unpacking\/a98919da3419c4325fa381a8dce93eee1d6d85fb\/quartet-bold.gsf","\/fonts\/Unpacking\/a98919da3419c4325fa381a8dce93eee1d6d85fb\/quartet-bold.hqx":"\/fonts\/Unpacking\/a98919da3419c4325fa381a8dce93eee1d6d85fb\/quartet-bold.hqx","\/fonts\/Unpacking\/a98919da3419c4325fa381a8dce93eee1d6d85fb\/quartet-bold.ik":"\/fonts\/Unpacking\/a98919da3419c4325fa381a8dce93eee1d6d85fb\/quartet-bold.ik","\/fonts\/Unpacking\/a98919da3419c4325fa381a8dce93eee1d6d85fb\/quartet-bold.mf":"\/fonts\/Unpacking\/a98919da3419c4325fa381a8dce93eee1d6d85fb\/quartet-bold.mf","\/fonts\/Unpacking\/a98919da3419c4325fa381a8dce93eee1d6d85fb\/quartet-bold.otf":"\/fonts\/Unpacking\/a98919da3419c4325fa381a8dce93eee1d6d85fb\/quartet-bold.otf","\/fonts\/Unpacking\/a98919da3419c4325fa381a8dce93eee1d6d85fb\/quartet-bold.pcf":"\/fonts\/Unpacking\/a98919da3419c4325fa381a8dce93eee1d6d85fb\/quartet-bold.pcf","\/fonts\/Unpacking\/a98919da3419c4325fa381a8dce93eee1d6d85fb\/quartet-bold.pf3":"\/fonts\/Unpacking\/a98919da3419c4325fa381a8dce93eee1d6d85fb\/quartet-bold.pf3","\/fonts\/Unpacking\/a98919da3419c4325fa381a8dce93eee1d6d85fb\/quartet-bold.pfa":"\/fonts\/Unpacking\/a98919da3419c4325fa381a8dce93eee1d6d85fb\/quartet-bold.pfa","\/fonts\/Unpacking\/a98919da3419c4325fa381a8dce93eee1d6d85fb\/quartet-bold.pfb":"\/fonts\/Unpacking\/a98919da3419c4325fa381a8dce93eee1d6d85fb\/quartet-bold.pfb","\/fonts\/Unpacking\/a98919da3419c4325fa381a8dce93eee1d6d85fb\/quartet-bold.php":"\/fonts\/Unpacking\/a98919da3419c4325fa381a8dce93eee1d6d85fb\/quartet-bold.php","\/fonts\/Unpacking\/a98919da3419c4325fa381a8dce93eee1d6d85fb\/quartet-bold.pmf":"\/fonts\/Unpacking\/a98919da3419c4325fa381a8dce93eee1d6d85fb\/quartet-bold.pmf","\/fonts\/Unpacking\/a98919da3419c4325fa381a8dce93eee1d6d85fb\/quartet-bold.pt3":"\/fonts\/Unpacking\/a98919da3419c4325fa381a8dce93eee1d6d85fb\/quartet-bold.pt3","\/fonts\/Unpacking\/a98919da3419c4325fa381a8dce93eee1d6d85fb\/quartet-bold.sfd":"\/fonts\/Unpacking\/a98919da3419c4325fa381a8dce93eee1d6d85fb\/quartet-bold.sfd","\/fonts\/Unpacking\/a98919da3419c4325fa381a8dce93eee1d6d85fb\/quartet-bold.svg":"\/fonts\/Unpacking\/a98919da3419c4325fa381a8dce93eee1d6d85fb\/quartet-bold.svg","\/fonts\/Unpacking\/a98919da3419c4325fa381a8dce93eee1d6d85fb\/quartet-bold.t42":"\/fonts\/Unpacking\/a98919da3419c4325fa381a8dce93eee1d6d85fb\/quartet-bold.t42","\/fonts\/Unpacking\/a98919da3419c4325fa381a8dce93eee1d6d85fb\/quartet-bold.ttd":"\/fonts\/Unpacking\/a98919da3419c4325fa381a8dce93eee1d6d85fb\/quartet-bold.ttd","\/fonts\/Unpacking\/a98919da3419c4325fa381a8dce93eee1d6d85fb\/quartet-bold.ttf":"\/fonts\/Unpacking\/a98919da3419c4325fa381a8dce93eee1d6d85fb\/quartet-bold.ttf","\/fonts\/Unpacking\/a98919da3419c4325fa381a8dce93eee1d6d85fb\/quartet-bold.ttg":"\/fonts\/Unpacking\/a98919da3419c4325fa381a8dce93eee1d6d85fb\/quartet-bold.ttg","\/fonts\/Unpacking\/a98919da3419c4325fa381a8dce93eee1d6d85fb\/quartet-bold.ufm":"\/fonts\/Unpacking\/a98919da3419c4325fa381a8dce93eee1d6d85fb\/quartet-bold.ufm","\/fonts\/Unpacking\/a98919da3419c4325fa381a8dce93eee1d6d85fb\/quartet-bold.woff":"\/fonts\/Unpacking\/a98919da3419c4325fa381a8dce93eee1d6d85fb\/quartet-bold.woff","\/fonts\/Unpacking\/a98919da3419c4325fa381a8dce93eee1d6d85fb\/quartet-bold.z":"\/fonts\/Unpacking\/a98919da3419c4325fa381a8dce93eee1d6d85fb\/quartet-bold.z","\/fonts\/Unpacking\/a98919da3419c4325fa381a8dce93eee1d6d85fb\/quartet-bold.ufo\/feature.fea":"\/fonts\/Unpacking\/a98919da3419c4325fa381a8dce93eee1d6d85fb\/quartet-bold.ufo\/feature.fea","\/fonts\/Unpacking\/a98919da3419c4325fa381a8dce93eee1d6d85fb\/quartet-bold.ufo\/fontinfo.plist":"\/fonts\/Unpacking\/a98919da3419c4325fa381a8dce93eee1d6d85fb\/quartet-bold.ufo\/fontinfo.plist","\/fonts\/Unpacking\/a98919da3419c4325fa381a8dce93eee1d6d85fb\/quartet-bold.ufo\/groups.plist":"\/fonts\/Unpacking\/a98919da3419c4325fa381a8dce93eee1d6d85fb\/quartet-bold.ufo\/groups.plist","\/fonts\/Unpacking\/a98919da3419c4325fa381a8dce93eee1d6d85fb\/quartet-bold.ufo\/kerning.plist":"\/fonts\/Unpacking\/a98919da3419c4325fa381a8dce93eee1d6d85fb\/quartet-bold.ufo\/kerning.plist","\/fonts\/Unpacking\/a98919da3419c4325fa381a8dce93eee1d6d85fb\/quartet-bold.ufo\/metainfo.plist":"\/fonts\/Unpacking\/a98919da3419c4325fa381a8dce93eee1d6d85fb\/quartet-bold.ufo\/metainfo.plist","\/fonts\/Unpacking\/a98919da3419c4325fa381a8dce93eee1d6d85fb\/quartet-bold.ufo\/glyphs\/A_.glif":"\/fonts\/Unpacking\/a98919da3419c4325fa381a8dce93eee1d6d85fb\/quartet-bold.ufo\/glyphs\/A_.glif","\/fonts\/Unpacking\/a98919da3419c4325fa381a8dce93eee1d6d85fb\/quartet-bold.ufo\/glyphs\/A_E_.glif":"\/fonts\/Unpacking\/a98919da3419c4325fa381a8dce93eee1d6d85fb\/quartet-bold.ufo\/glyphs\/A_E_.glif","\/fonts\/Unpacking\/a98919da3419c4325fa381a8dce93eee1d6d85fb\/quartet-bold.ufo\/glyphs\/A_acute.glif":"\/fonts\/Unpacking\/a98919da3419c4325fa381a8dce93eee1d6d85fb\/quartet-bold.ufo\/glyphs\/A_acute.glif","\/fonts\/Unpacking\/a98919da3419c4325fa381a8dce93eee1d6d85fb\/quartet-bold.ufo\/glyphs\/A_circumflex.glif":"\/fonts\/Unpacking\/a98919da3419c4325fa381a8dce93eee1d6d85fb\/quartet-bold.ufo\/glyphs\/A_circumflex.glif","\/fonts\/Unpacking\/a98919da3419c4325fa381a8dce93eee1d6d85fb\/quartet-bold.ufo\/glyphs\/A_dieresis.glif":"\/fonts\/Unpacking\/a98919da3419c4325fa381a8dce93eee1d6d85fb\/quartet-bold.ufo\/glyphs\/A_dieresis.glif","\/fonts\/Unpacking\/a98919da3419c4325fa381a8dce93eee1d6d85fb\/quartet-bold.ufo\/glyphs\/A_grave.glif":"\/fonts\/Unpacking\/a98919da3419c4325fa381a8dce93eee1d6d85fb\/quartet-bold.ufo\/glyphs\/A_grave.glif","\/fonts\/Unpacking\/a98919da3419c4325fa381a8dce93eee1d6d85fb\/quartet-bold.ufo\/glyphs\/A_ring.glif":"\/fonts\/Unpacking\/a98919da3419c4325fa381a8dce93eee1d6d85fb\/quartet-bold.ufo\/glyphs\/A_ring.glif","\/fonts\/Unpacking\/a98919da3419c4325fa381a8dce93eee1d6d85fb\/quartet-bold.ufo\/glyphs\/A_tilde.glif":"\/fonts\/Unpacking\/a98919da3419c4325fa381a8dce93eee1d6d85fb\/quartet-bold.ufo\/glyphs\/A_tilde.glif","\/fonts\/Unpacking\/a98919da3419c4325fa381a8dce93eee1d6d85fb\/quartet-bold.ufo\/glyphs\/B_.glif":"\/fonts\/Unpacking\/a98919da3419c4325fa381a8dce93eee1d6d85fb\/quartet-bold.ufo\/glyphs\/B_.glif","\/fonts\/Unpacking\/a98919da3419c4325fa381a8dce93eee1d6d85fb\/quartet-bold.ufo\/glyphs\/C_.glif":"\/fonts\/Unpacking\/a98919da3419c4325fa381a8dce93eee1d6d85fb\/quartet-bold.ufo\/glyphs\/C_.glif","\/fonts\/Unpacking\/a98919da3419c4325fa381a8dce93eee1d6d85fb\/quartet-bold.ufo\/glyphs\/C_cedilla.glif":"\/fonts\/Unpacking\/a98919da3419c4325fa381a8dce93eee1d6d85fb\/quartet-bold.ufo\/glyphs\/C_cedilla.glif","\/fonts\/Unpacking\/a98919da3419c4325fa381a8dce93eee1d6d85fb\/quartet-bold.ufo\/glyphs\/D_.glif":"\/fonts\/Unpacking\/a98919da3419c4325fa381a8dce93eee1d6d85fb\/quartet-bold.ufo\/glyphs\/D_.glif","\/fonts\/Unpacking\/a98919da3419c4325fa381a8dce93eee1d6d85fb\/quartet-bold.ufo\/glyphs\/E_.glif":"\/fonts\/Unpacking\/a98919da3419c4325fa381a8dce93eee1d6d85fb\/quartet-bold.ufo\/glyphs\/E_.glif","\/fonts\/Unpacking\/a98919da3419c4325fa381a8dce93eee1d6d85fb\/quartet-bold.ufo\/glyphs\/E_acute.glif":"\/fonts\/Unpacking\/a98919da3419c4325fa381a8dce93eee1d6d85fb\/quartet-bold.ufo\/glyphs\/E_acute.glif","\/fonts\/Unpacking\/a98919da3419c4325fa381a8dce93eee1d6d85fb\/quartet-bold.ufo\/glyphs\/E_circumflex.glif":"\/fonts\/Unpacking\/a98919da3419c4325fa381a8dce93eee1d6d85fb\/quartet-bold.ufo\/glyphs\/E_circumflex.glif","\/fonts\/Unpacking\/a98919da3419c4325fa381a8dce93eee1d6d85fb\/quartet-bold.ufo\/glyphs\/E_dieresis.glif":"\/fonts\/Unpacking\/a98919da3419c4325fa381a8dce93eee1d6d85fb\/quartet-bold.ufo\/glyphs\/E_dieresis.glif","\/fonts\/Unpacking\/a98919da3419c4325fa381a8dce93eee1d6d85fb\/quartet-bold.ufo\/glyphs\/E_grave.glif":"\/fonts\/Unpacking\/a98919da3419c4325fa381a8dce93eee1d6d85fb\/quartet-bold.ufo\/glyphs\/E_grave.glif","\/fonts\/Unpacking\/a98919da3419c4325fa381a8dce93eee1d6d85fb\/quartet-bold.ufo\/glyphs\/E_th.glif":"\/fonts\/Unpacking\/a98919da3419c4325fa381a8dce93eee1d6d85fb\/quartet-bold.ufo\/glyphs\/E_th.glif","\/fonts\/Unpacking\/a98919da3419c4325fa381a8dce93eee1d6d85fb\/quartet-bold.ufo\/glyphs\/F_.glif":"\/fonts\/Unpacking\/a98919da3419c4325fa381a8dce93eee1d6d85fb\/quartet-bold.ufo\/glyphs\/F_.glif","\/fonts\/Unpacking\/a98919da3419c4325fa381a8dce93eee1d6d85fb\/quartet-bold.ufo\/glyphs\/G_.glif":"\/fonts\/Unpacking\/a98919da3419c4325fa381a8dce93eee1d6d85fb\/quartet-bold.ufo\/glyphs\/G_.glif","\/fonts\/Unpacking\/a98919da3419c4325fa381a8dce93eee1d6d85fb\/quartet-bold.ufo\/glyphs\/H_.glif":"\/fonts\/Unpacking\/a98919da3419c4325fa381a8dce93eee1d6d85fb\/quartet-bold.ufo\/glyphs\/H_.glif","\/fonts\/Unpacking\/a98919da3419c4325fa381a8dce93eee1d6d85fb\/quartet-bold.ufo\/glyphs\/I_.glif":"\/fonts\/Unpacking\/a98919da3419c4325fa381a8dce93eee1d6d85fb\/quartet-bold.ufo\/glyphs\/I_.glif","\/fonts\/Unpacking\/a98919da3419c4325fa381a8dce93eee1d6d85fb\/quartet-bold.ufo\/glyphs\/I_acute.glif":"\/fonts\/Unpacking\/a98919da3419c4325fa381a8dce93eee1d6d85fb\/quartet-bold.ufo\/glyphs\/I_acute.glif","\/fonts\/Unpacking\/a98919da3419c4325fa381a8dce93eee1d6d85fb\/quartet-bold.ufo\/glyphs\/I_circumflex.glif":"\/fonts\/Unpacking\/a98919da3419c4325fa381a8dce93eee1d6d85fb\/quartet-bold.ufo\/glyphs\/I_circumflex.glif","\/fonts\/Unpacking\/a98919da3419c4325fa381a8dce93eee1d6d85fb\/quartet-bold.ufo\/glyphs\/I_dieresis.glif":"\/fonts\/Unpacking\/a98919da3419c4325fa381a8dce93eee1d6d85fb\/quartet-bold.ufo\/glyphs\/I_dieresis.glif","\/fonts\/Unpacking\/a98919da3419c4325fa381a8dce93eee1d6d85fb\/quartet-bold.ufo\/glyphs\/I_grave.glif":"\/fonts\/Unpacking\/a98919da3419c4325fa381a8dce93eee1d6d85fb\/quartet-bold.ufo\/glyphs\/I_grave.glif","\/fonts\/Unpacking\/a98919da3419c4325fa381a8dce93eee1d6d85fb\/quartet-bold.ufo\/glyphs\/J_.glif":"\/fonts\/Unpacking\/a98919da3419c4325fa381a8dce93eee1d6d85fb\/quartet-bold.ufo\/glyphs\/J_.glif","\/fonts\/Unpacking\/a98919da3419c4325fa381a8dce93eee1d6d85fb\/quartet-bold.ufo\/glyphs\/K_.glif":"\/fonts\/Unpacking\/a98919da3419c4325fa381a8dce93eee1d6d85fb\/quartet-bold.ufo\/glyphs\/K_.glif","\/fonts\/Unpacking\/a98919da3419c4325fa381a8dce93eee1d6d85fb\/quartet-bold.ufo\/glyphs\/L_.glif":"\/fonts\/Unpacking\/a98919da3419c4325fa381a8dce93eee1d6d85fb\/quartet-bold.ufo\/glyphs\/L_.glif","\/fonts\/Unpacking\/a98919da3419c4325fa381a8dce93eee1d6d85fb\/quartet-bold.ufo\/glyphs\/M_.glif":"\/fonts\/Unpacking\/a98919da3419c4325fa381a8dce93eee1d6d85fb\/quartet-bold.ufo\/glyphs\/M_.glif","\/fonts\/Unpacking\/a98919da3419c4325fa381a8dce93eee1d6d85fb\/quartet-bold.ufo\/glyphs\/N_.glif":"\/fonts\/Unpacking\/a98919da3419c4325fa381a8dce93eee1d6d85fb\/quartet-bold.ufo\/glyphs\/N_.glif","\/fonts\/Unpacking\/a98919da3419c4325fa381a8dce93eee1d6d85fb\/quartet-bold.ufo\/glyphs\/N_tilde.glif":"\/fonts\/Unpacking\/a98919da3419c4325fa381a8dce93eee1d6d85fb\/quartet-bold.ufo\/glyphs\/N_tilde.glif","\/fonts\/Unpacking\/a98919da3419c4325fa381a8dce93eee1d6d85fb\/quartet-bold.ufo\/glyphs\/O_.glif":"\/fonts\/Unpacking\/a98919da3419c4325fa381a8dce93eee1d6d85fb\/quartet-bold.ufo\/glyphs\/O_.glif","\/fonts\/Unpacking\/a98919da3419c4325fa381a8dce93eee1d6d85fb\/quartet-bold.ufo\/glyphs\/O_E_.glif":"\/fonts\/Unpacking\/a98919da3419c4325fa381a8dce93eee1d6d85fb\/quartet-bold.ufo\/glyphs\/O_E_.glif","\/fonts\/Unpacking\/a98919da3419c4325fa381a8dce93eee1d6d85fb\/quartet-bold.ufo\/glyphs\/O_acute.glif":"\/fonts\/Unpacking\/a98919da3419c4325fa381a8dce93eee1d6d85fb\/quartet-bold.ufo\/glyphs\/O_acute.glif","\/fonts\/Unpacking\/a98919da3419c4325fa381a8dce93eee1d6d85fb\/quartet-bold.ufo\/glyphs\/O_circumflex.glif":"\/fonts\/Unpacking\/a98919da3419c4325fa381a8dce93eee1d6d85fb\/quartet-bold.ufo\/glyphs\/O_circumflex.glif","\/fonts\/Unpacking\/a98919da3419c4325fa381a8dce93eee1d6d85fb\/quartet-bold.ufo\/glyphs\/O_dieresis.glif":"\/fonts\/Unpacking\/a98919da3419c4325fa381a8dce93eee1d6d85fb\/quartet-bold.ufo\/glyphs\/O_dieresis.glif","\/fonts\/Unpacking\/a98919da3419c4325fa381a8dce93eee1d6d85fb\/quartet-bold.ufo\/glyphs\/O_grave.glif":"\/fonts\/Unpacking\/a98919da3419c4325fa381a8dce93eee1d6d85fb\/quartet-bold.ufo\/glyphs\/O_grave.glif","\/fonts\/Unpacking\/a98919da3419c4325fa381a8dce93eee1d6d85fb\/quartet-bold.ufo\/glyphs\/O_slash.glif":"\/fonts\/Unpacking\/a98919da3419c4325fa381a8dce93eee1d6d85fb\/quartet-bold.ufo\/glyphs\/O_slash.glif","\/fonts\/Unpacking\/a98919da3419c4325fa381a8dce93eee1d6d85fb\/quartet-bold.ufo\/glyphs\/O_tilde.glif":"\/fonts\/Unpacking\/a98919da3419c4325fa381a8dce93eee1d6d85fb\/quartet-bold.ufo\/glyphs\/O_tilde.glif","\/fonts\/Unpacking\/a98919da3419c4325fa381a8dce93eee1d6d85fb\/quartet-bold.ufo\/glyphs\/P_.glif":"\/fonts\/Unpacking\/a98919da3419c4325fa381a8dce93eee1d6d85fb\/quartet-bold.ufo\/glyphs\/P_.glif","\/fonts\/Unpacking\/a98919da3419c4325fa381a8dce93eee1d6d85fb\/quartet-bold.ufo\/glyphs\/Q_.glif":"\/fonts\/Unpacking\/a98919da3419c4325fa381a8dce93eee1d6d85fb\/quartet-bold.ufo\/glyphs\/Q_.glif","\/fonts\/Unpacking\/a98919da3419c4325fa381a8dce93eee1d6d85fb\/quartet-bold.ufo\/glyphs\/R_.glif":"\/fonts\/Unpacking\/a98919da3419c4325fa381a8dce93eee1d6d85fb\/quartet-bold.ufo\/glyphs\/R_.glif","\/fonts\/Unpacking\/a98919da3419c4325fa381a8dce93eee1d6d85fb\/quartet-bold.ufo\/glyphs\/S_.glif":"\/fonts\/Unpacking\/a98919da3419c4325fa381a8dce93eee1d6d85fb\/quartet-bold.ufo\/glyphs\/S_.glif","\/fonts\/Unpacking\/a98919da3419c4325fa381a8dce93eee1d6d85fb\/quartet-bold.ufo\/glyphs\/S_caron.glif":"\/fonts\/Unpacking\/a98919da3419c4325fa381a8dce93eee1d6d85fb\/quartet-bold.ufo\/glyphs\/S_caron.glif","\/fonts\/Unpacking\/a98919da3419c4325fa381a8dce93eee1d6d85fb\/quartet-bold.ufo\/glyphs\/T_.glif":"\/fonts\/Unpacking\/a98919da3419c4325fa381a8dce93eee1d6d85fb\/quartet-bold.ufo\/glyphs\/T_.glif","\/fonts\/Unpacking\/a98919da3419c4325fa381a8dce93eee1d6d85fb\/quartet-bold.ufo\/glyphs\/T_horn.glif":"\/fonts\/Unpacking\/a98919da3419c4325fa381a8dce93eee1d6d85fb\/quartet-bold.ufo\/glyphs\/T_horn.glif","\/fonts\/Unpacking\/a98919da3419c4325fa381a8dce93eee1d6d85fb\/quartet-bold.ufo\/glyphs\/U_.glif":"\/fonts\/Unpacking\/a98919da3419c4325fa381a8dce93eee1d6d85fb\/quartet-bold.ufo\/glyphs\/U_.glif","\/fonts\/Unpacking\/a98919da3419c4325fa381a8dce93eee1d6d85fb\/quartet-bold.ufo\/glyphs\/U_acute.glif":"\/fonts\/Unpacking\/a98919da3419c4325fa381a8dce93eee1d6d85fb\/quartet-bold.ufo\/glyphs\/U_acute.glif","\/fonts\/Unpacking\/a98919da3419c4325fa381a8dce93eee1d6d85fb\/quartet-bold.ufo\/glyphs\/U_circumflex.glif":"\/fonts\/Unpacking\/a98919da3419c4325fa381a8dce93eee1d6d85fb\/quartet-bold.ufo\/glyphs\/U_circumflex.glif","\/fonts\/Unpacking\/a98919da3419c4325fa381a8dce93eee1d6d85fb\/quartet-bold.ufo\/glyphs\/U_dieresis.glif":"\/fonts\/Unpacking\/a98919da3419c4325fa381a8dce93eee1d6d85fb\/quartet-bold.ufo\/glyphs\/U_dieresis.glif","\/fonts\/Unpacking\/a98919da3419c4325fa381a8dce93eee1d6d85fb\/quartet-bold.ufo\/glyphs\/U_grave.glif":"\/fonts\/Unpacking\/a98919da3419c4325fa381a8dce93eee1d6d85fb\/quartet-bold.ufo\/glyphs\/U_grave.glif","\/fonts\/Unpacking\/a98919da3419c4325fa381a8dce93eee1d6d85fb\/quartet-bold.ufo\/glyphs\/V_.glif":"\/fonts\/Unpacking\/a98919da3419c4325fa381a8dce93eee1d6d85fb\/quartet-bold.ufo\/glyphs\/V_.glif","\/fonts\/Unpacking\/a98919da3419c4325fa381a8dce93eee1d6d85fb\/quartet-bold.ufo\/glyphs\/W_.glif":"\/fonts\/Unpacking\/a98919da3419c4325fa381a8dce93eee1d6d85fb\/quartet-bold.ufo\/glyphs\/W_.glif","\/fonts\/Unpacking\/a98919da3419c4325fa381a8dce93eee1d6d85fb\/quartet-bold.ufo\/glyphs\/X_.glif":"\/fonts\/Unpacking\/a98919da3419c4325fa381a8dce93eee1d6d85fb\/quartet-bold.ufo\/glyphs\/X_.glif","\/fonts\/Unpacking\/a98919da3419c4325fa381a8dce93eee1d6d85fb\/quartet-bold.ufo\/glyphs\/Y_.glif":"\/fonts\/Unpacking\/a98919da3419c4325fa381a8dce93eee1d6d85fb\/quartet-bold.ufo\/glyphs\/Y_.glif","\/fonts\/Unpacking\/a98919da3419c4325fa381a8dce93eee1d6d85fb\/quartet-bold.ufo\/glyphs\/Y_acute.glif":"\/fonts\/Unpacking\/a98919da3419c4325fa381a8dce93eee1d6d85fb\/quartet-bold.ufo\/glyphs\/Y_acute.glif","\/fonts\/Unpacking\/a98919da3419c4325fa381a8dce93eee1d6d85fb\/quartet-bold.ufo\/glyphs\/Y_dieresis.glif":"\/fonts\/Unpacking\/a98919da3419c4325fa381a8dce93eee1d6d85fb\/quartet-bold.ufo\/glyphs\/Y_dieresis.glif","\/fonts\/Unpacking\/a98919da3419c4325fa381a8dce93eee1d6d85fb\/quartet-bold.ufo\/glyphs\/Z_.glif":"\/fonts\/Unpacking\/a98919da3419c4325fa381a8dce93eee1d6d85fb\/quartet-bold.ufo\/glyphs\/Z_.glif","\/fonts\/Unpacking\/a98919da3419c4325fa381a8dce93eee1d6d85fb\/quartet-bold.ufo\/glyphs\/_notdef.glif":"\/fonts\/Unpacking\/a98919da3419c4325fa381a8dce93eee1d6d85fb\/quartet-bold.ufo\/glyphs\/_notdef.glif","\/fonts\/Unpacking\/a98919da3419c4325fa381a8dce93eee1d6d85fb\/quartet-bold.ufo\/glyphs\/a.glif":"\/fonts\/Unpacking\/a98919da3419c4325fa381a8dce93eee1d6d85fb\/quartet-bold.ufo\/glyphs\/a.glif","\/fonts\/Unpacking\/a98919da3419c4325fa381a8dce93eee1d6d85fb\/quartet-bold.ufo\/glyphs\/aacute.glif":"\/fonts\/Unpacking\/a98919da3419c4325fa381a8dce93eee1d6d85fb\/quartet-bold.ufo\/glyphs\/aacute.glif","\/fonts\/Unpacking\/a98919da3419c4325fa381a8dce93eee1d6d85fb\/quartet-bold.ufo\/glyphs\/acircumflex.glif":"\/fonts\/Unpacking\/a98919da3419c4325fa381a8dce93eee1d6d85fb\/quartet-bold.ufo\/glyphs\/acircumflex.glif","\/fonts\/Unpacking\/a98919da3419c4325fa381a8dce93eee1d6d85fb\/quartet-bold.ufo\/glyphs\/acute.glif":"\/fonts\/Unpacking\/a98919da3419c4325fa381a8dce93eee1d6d85fb\/quartet-bold.ufo\/glyphs\/acute.glif","\/fonts\/Unpacking\/a98919da3419c4325fa381a8dce93eee1d6d85fb\/quartet-bold.ufo\/glyphs\/adieresis.glif":"\/fonts\/Unpacking\/a98919da3419c4325fa381a8dce93eee1d6d85fb\/quartet-bold.ufo\/glyphs\/adieresis.glif","\/fonts\/Unpacking\/a98919da3419c4325fa381a8dce93eee1d6d85fb\/quartet-bold.ufo\/glyphs\/ae.glif":"\/fonts\/Unpacking\/a98919da3419c4325fa381a8dce93eee1d6d85fb\/quartet-bold.ufo\/glyphs\/ae.glif","\/fonts\/Unpacking\/a98919da3419c4325fa381a8dce93eee1d6d85fb\/quartet-bold.ufo\/glyphs\/agrave.glif":"\/fonts\/Unpacking\/a98919da3419c4325fa381a8dce93eee1d6d85fb\/quartet-bold.ufo\/glyphs\/agrave.glif","\/fonts\/Unpacking\/a98919da3419c4325fa381a8dce93eee1d6d85fb\/quartet-bold.ufo\/glyphs\/ampersand.glif":"\/fonts\/Unpacking\/a98919da3419c4325fa381a8dce93eee1d6d85fb\/quartet-bold.ufo\/glyphs\/ampersand.glif","\/fonts\/Unpacking\/a98919da3419c4325fa381a8dce93eee1d6d85fb\/quartet-bold.ufo\/glyphs\/aring.glif":"\/fonts\/Unpacking\/a98919da3419c4325fa381a8dce93eee1d6d85fb\/quartet-bold.ufo\/glyphs\/aring.glif","\/fonts\/Unpacking\/a98919da3419c4325fa381a8dce93eee1d6d85fb\/quartet-bold.ufo\/glyphs\/asciicircum.glif":"\/fonts\/Unpacking\/a98919da3419c4325fa381a8dce93eee1d6d85fb\/quartet-bold.ufo\/glyphs\/asciicircum.glif","\/fonts\/Unpacking\/a98919da3419c4325fa381a8dce93eee1d6d85fb\/quartet-bold.ufo\/glyphs\/asciitilde.glif":"\/fonts\/Unpacking\/a98919da3419c4325fa381a8dce93eee1d6d85fb\/quartet-bold.ufo\/glyphs\/asciitilde.glif","\/fonts\/Unpacking\/a98919da3419c4325fa381a8dce93eee1d6d85fb\/quartet-bold.ufo\/glyphs\/asterisk.glif":"\/fonts\/Unpacking\/a98919da3419c4325fa381a8dce93eee1d6d85fb\/quartet-bold.ufo\/glyphs\/asterisk.glif","\/fonts\/Unpacking\/a98919da3419c4325fa381a8dce93eee1d6d85fb\/quartet-bold.ufo\/glyphs\/at.glif":"\/fonts\/Unpacking\/a98919da3419c4325fa381a8dce93eee1d6d85fb\/quartet-bold.ufo\/glyphs\/at.glif","\/fonts\/Unpacking\/a98919da3419c4325fa381a8dce93eee1d6d85fb\/quartet-bold.ufo\/glyphs\/atilde.glif":"\/fonts\/Unpacking\/a98919da3419c4325fa381a8dce93eee1d6d85fb\/quartet-bold.ufo\/glyphs\/atilde.glif","\/fonts\/Unpacking\/a98919da3419c4325fa381a8dce93eee1d6d85fb\/quartet-bold.ufo\/glyphs\/b.glif":"\/fonts\/Unpacking\/a98919da3419c4325fa381a8dce93eee1d6d85fb\/quartet-bold.ufo\/glyphs\/b.glif","\/fonts\/Unpacking\/a98919da3419c4325fa381a8dce93eee1d6d85fb\/quartet-bold.ufo\/glyphs\/backslash.glif":"\/fonts\/Unpacking\/a98919da3419c4325fa381a8dce93eee1d6d85fb\/quartet-bold.ufo\/glyphs\/backslash.glif","\/fonts\/Unpacking\/a98919da3419c4325fa381a8dce93eee1d6d85fb\/quartet-bold.ufo\/glyphs\/bar.glif":"\/fonts\/Unpacking\/a98919da3419c4325fa381a8dce93eee1d6d85fb\/quartet-bold.ufo\/glyphs\/bar.glif","\/fonts\/Unpacking\/a98919da3419c4325fa381a8dce93eee1d6d85fb\/quartet-bold.ufo\/glyphs\/braceleft.glif":"\/fonts\/Unpacking\/a98919da3419c4325fa381a8dce93eee1d6d85fb\/quartet-bold.ufo\/glyphs\/braceleft.glif","\/fonts\/Unpacking\/a98919da3419c4325fa381a8dce93eee1d6d85fb\/quartet-bold.ufo\/glyphs\/braceright.glif":"\/fonts\/Unpacking\/a98919da3419c4325fa381a8dce93eee1d6d85fb\/quartet-bold.ufo\/glyphs\/braceright.glif","\/fonts\/Unpacking\/a98919da3419c4325fa381a8dce93eee1d6d85fb\/quartet-bold.ufo\/glyphs\/bracketleft.glif":"\/fonts\/Unpacking\/a98919da3419c4325fa381a8dce93eee1d6d85fb\/quartet-bold.ufo\/glyphs\/bracketleft.glif","\/fonts\/Unpacking\/a98919da3419c4325fa381a8dce93eee1d6d85fb\/quartet-bold.ufo\/glyphs\/bracketright.glif":"\/fonts\/Unpacking\/a98919da3419c4325fa381a8dce93eee1d6d85fb\/quartet-bold.ufo\/glyphs\/bracketright.glif","\/fonts\/Unpacking\/a98919da3419c4325fa381a8dce93eee1d6d85fb\/quartet-bold.ufo\/glyphs\/brokenbar.glif":"\/fonts\/Unpacking\/a98919da3419c4325fa381a8dce93eee1d6d85fb\/quartet-bold.ufo\/glyphs\/brokenbar.glif","\/fonts\/Unpacking\/a98919da3419c4325fa381a8dce93eee1d6d85fb\/quartet-bold.ufo\/glyphs\/bullet.glif":"\/fonts\/Unpacking\/a98919da3419c4325fa381a8dce93eee1d6d85fb\/quartet-bold.ufo\/glyphs\/bullet.glif","\/fonts\/Unpacking\/a98919da3419c4325fa381a8dce93eee1d6d85fb\/quartet-bold.ufo\/glyphs\/c.glif":"\/fonts\/Unpacking\/a98919da3419c4325fa381a8dce93eee1d6d85fb\/quartet-bold.ufo\/glyphs\/c.glif","\/fonts\/Unpacking\/a98919da3419c4325fa381a8dce93eee1d6d85fb\/quartet-bold.ufo\/glyphs\/ccedilla.glif":"\/fonts\/Unpacking\/a98919da3419c4325fa381a8dce93eee1d6d85fb\/quartet-bold.ufo\/glyphs\/ccedilla.glif","\/fonts\/Unpacking\/a98919da3419c4325fa381a8dce93eee1d6d85fb\/quartet-bold.ufo\/glyphs\/cedilla.glif":"\/fonts\/Unpacking\/a98919da3419c4325fa381a8dce93eee1d6d85fb\/quartet-bold.ufo\/glyphs\/cedilla.glif","\/fonts\/Unpacking\/a98919da3419c4325fa381a8dce93eee1d6d85fb\/quartet-bold.ufo\/glyphs\/cent.glif":"\/fonts\/Unpacking\/a98919da3419c4325fa381a8dce93eee1d6d85fb\/quartet-bold.ufo\/glyphs\/cent.glif","\/fonts\/Unpacking\/a98919da3419c4325fa381a8dce93eee1d6d85fb\/quartet-bold.ufo\/glyphs\/circumflex.glif":"\/fonts\/Unpacking\/a98919da3419c4325fa381a8dce93eee1d6d85fb\/quartet-bold.ufo\/glyphs\/circumflex.glif","\/fonts\/Unpacking\/a98919da3419c4325fa381a8dce93eee1d6d85fb\/quartet-bold.ufo\/glyphs\/colon.glif":"\/fonts\/Unpacking\/a98919da3419c4325fa381a8dce93eee1d6d85fb\/quartet-bold.ufo\/glyphs\/colon.glif","\/fonts\/Unpacking\/a98919da3419c4325fa381a8dce93eee1d6d85fb\/quartet-bold.ufo\/glyphs\/comma.glif":"\/fonts\/Unpacking\/a98919da3419c4325fa381a8dce93eee1d6d85fb\/quartet-bold.ufo\/glyphs\/comma.glif","\/fonts\/Unpacking\/a98919da3419c4325fa381a8dce93eee1d6d85fb\/quartet-bold.ufo\/glyphs\/contents.plist":"\/fonts\/Unpacking\/a98919da3419c4325fa381a8dce93eee1d6d85fb\/quartet-bold.ufo\/glyphs\/contents.plist","\/fonts\/Unpacking\/a98919da3419c4325fa381a8dce93eee1d6d85fb\/quartet-bold.ufo\/glyphs\/copyright.glif":"\/fonts\/Unpacking\/a98919da3419c4325fa381a8dce93eee1d6d85fb\/quartet-bold.ufo\/glyphs\/copyright.glif","\/fonts\/Unpacking\/a98919da3419c4325fa381a8dce93eee1d6d85fb\/quartet-bold.ufo\/glyphs\/currency.glif":"\/fonts\/Unpacking\/a98919da3419c4325fa381a8dce93eee1d6d85fb\/quartet-bold.ufo\/glyphs\/currency.glif","\/fonts\/Unpacking\/a98919da3419c4325fa381a8dce93eee1d6d85fb\/quartet-bold.ufo\/glyphs\/d.glif":"\/fonts\/Unpacking\/a98919da3419c4325fa381a8dce93eee1d6d85fb\/quartet-bold.ufo\/glyphs\/d.glif","\/fonts\/Unpacking\/a98919da3419c4325fa381a8dce93eee1d6d85fb\/quartet-bold.ufo\/glyphs\/dagger.glif":"\/fonts\/Unpacking\/a98919da3419c4325fa381a8dce93eee1d6d85fb\/quartet-bold.ufo\/glyphs\/dagger.glif","\/fonts\/Unpacking\/a98919da3419c4325fa381a8dce93eee1d6d85fb\/quartet-bold.ufo\/glyphs\/daggerdbl.glif":"\/fonts\/Unpacking\/a98919da3419c4325fa381a8dce93eee1d6d85fb\/quartet-bold.ufo\/glyphs\/daggerdbl.glif","\/fonts\/Unpacking\/a98919da3419c4325fa381a8dce93eee1d6d85fb\/quartet-bold.ufo\/glyphs\/degree.glif":"\/fonts\/Unpacking\/a98919da3419c4325fa381a8dce93eee1d6d85fb\/quartet-bold.ufo\/glyphs\/degree.glif","\/fonts\/Unpacking\/a98919da3419c4325fa381a8dce93eee1d6d85fb\/quartet-bold.ufo\/glyphs\/dieresis.glif":"\/fonts\/Unpacking\/a98919da3419c4325fa381a8dce93eee1d6d85fb\/quartet-bold.ufo\/glyphs\/dieresis.glif","\/fonts\/Unpacking\/a98919da3419c4325fa381a8dce93eee1d6d85fb\/quartet-bold.ufo\/glyphs\/divide.glif":"\/fonts\/Unpacking\/a98919da3419c4325fa381a8dce93eee1d6d85fb\/quartet-bold.ufo\/glyphs\/divide.glif","\/fonts\/Unpacking\/a98919da3419c4325fa381a8dce93eee1d6d85fb\/quartet-bold.ufo\/glyphs\/dollar.glif":"\/fonts\/Unpacking\/a98919da3419c4325fa381a8dce93eee1d6d85fb\/quartet-bold.ufo\/glyphs\/dollar.glif","\/fonts\/Unpacking\/a98919da3419c4325fa381a8dce93eee1d6d85fb\/quartet-bold.ufo\/glyphs\/e.glif":"\/fonts\/Unpacking\/a98919da3419c4325fa381a8dce93eee1d6d85fb\/quartet-bold.ufo\/glyphs\/e.glif","\/fonts\/Unpacking\/a98919da3419c4325fa381a8dce93eee1d6d85fb\/quartet-bold.ufo\/glyphs\/eacute.glif":"\/fonts\/Unpacking\/a98919da3419c4325fa381a8dce93eee1d6d85fb\/quartet-bold.ufo\/glyphs\/eacute.glif","\/fonts\/Unpacking\/a98919da3419c4325fa381a8dce93eee1d6d85fb\/quartet-bold.ufo\/glyphs\/ecircumflex.glif":"\/fonts\/Unpacking\/a98919da3419c4325fa381a8dce93eee1d6d85fb\/quartet-bold.ufo\/glyphs\/ecircumflex.glif","\/fonts\/Unpacking\/a98919da3419c4325fa381a8dce93eee1d6d85fb\/quartet-bold.ufo\/glyphs\/edieresis.glif":"\/fonts\/Unpacking\/a98919da3419c4325fa381a8dce93eee1d6d85fb\/quartet-bold.ufo\/glyphs\/edieresis.glif","\/fonts\/Unpacking\/a98919da3419c4325fa381a8dce93eee1d6d85fb\/quartet-bold.ufo\/glyphs\/egrave.glif":"\/fonts\/Unpacking\/a98919da3419c4325fa381a8dce93eee1d6d85fb\/quartet-bold.ufo\/glyphs\/egrave.glif","\/fonts\/Unpacking\/a98919da3419c4325fa381a8dce93eee1d6d85fb\/quartet-bold.ufo\/glyphs\/eight.glif":"\/fonts\/Unpacking\/a98919da3419c4325fa381a8dce93eee1d6d85fb\/quartet-bold.ufo\/glyphs\/eight.glif","\/fonts\/Unpacking\/a98919da3419c4325fa381a8dce93eee1d6d85fb\/quartet-bold.ufo\/glyphs\/ellipsis.glif":"\/fonts\/Unpacking\/a98919da3419c4325fa381a8dce93eee1d6d85fb\/quartet-bold.ufo\/glyphs\/ellipsis.glif","\/fonts\/Unpacking\/a98919da3419c4325fa381a8dce93eee1d6d85fb\/quartet-bold.ufo\/glyphs\/emdash.glif":"\/fonts\/Unpacking\/a98919da3419c4325fa381a8dce93eee1d6d85fb\/quartet-bold.ufo\/glyphs\/emdash.glif","\/fonts\/Unpacking\/a98919da3419c4325fa381a8dce93eee1d6d85fb\/quartet-bold.ufo\/glyphs\/endash.glif":"\/fonts\/Unpacking\/a98919da3419c4325fa381a8dce93eee1d6d85fb\/quartet-bold.ufo\/glyphs\/endash.glif","\/fonts\/Unpacking\/a98919da3419c4325fa381a8dce93eee1d6d85fb\/quartet-bold.ufo\/glyphs\/equal.glif":"\/fonts\/Unpacking\/a98919da3419c4325fa381a8dce93eee1d6d85fb\/quartet-bold.ufo\/glyphs\/equal.glif","\/fonts\/Unpacking\/a98919da3419c4325fa381a8dce93eee1d6d85fb\/quartet-bold.ufo\/glyphs\/eth.glif":"\/fonts\/Unpacking\/a98919da3419c4325fa381a8dce93eee1d6d85fb\/quartet-bold.ufo\/glyphs\/eth.glif","\/fonts\/Unpacking\/a98919da3419c4325fa381a8dce93eee1d6d85fb\/quartet-bold.ufo\/glyphs\/exclam.glif":"\/fonts\/Unpacking\/a98919da3419c4325fa381a8dce93eee1d6d85fb\/quartet-bold.ufo\/glyphs\/exclam.glif","\/fonts\/Unpacking\/a98919da3419c4325fa381a8dce93eee1d6d85fb\/quartet-bold.ufo\/glyphs\/exclamdown.glif":"\/fonts\/Unpacking\/a98919da3419c4325fa381a8dce93eee1d6d85fb\/quartet-bold.ufo\/glyphs\/exclamdown.glif","\/fonts\/Unpacking\/a98919da3419c4325fa381a8dce93eee1d6d85fb\/quartet-bold.ufo\/glyphs\/f.glif":"\/fonts\/Unpacking\/a98919da3419c4325fa381a8dce93eee1d6d85fb\/quartet-bold.ufo\/glyphs\/f.glif","\/fonts\/Unpacking\/a98919da3419c4325fa381a8dce93eee1d6d85fb\/quartet-bold.ufo\/glyphs\/five.glif":"\/fonts\/Unpacking\/a98919da3419c4325fa381a8dce93eee1d6d85fb\/quartet-bold.ufo\/glyphs\/five.glif","\/fonts\/Unpacking\/a98919da3419c4325fa381a8dce93eee1d6d85fb\/quartet-bold.ufo\/glyphs\/florin.glif":"\/fonts\/Unpacking\/a98919da3419c4325fa381a8dce93eee1d6d85fb\/quartet-bold.ufo\/glyphs\/florin.glif","\/fonts\/Unpacking\/a98919da3419c4325fa381a8dce93eee1d6d85fb\/quartet-bold.ufo\/glyphs\/four.glif":"\/fonts\/Unpacking\/a98919da3419c4325fa381a8dce93eee1d6d85fb\/quartet-bold.ufo\/glyphs\/four.glif","\/fonts\/Unpacking\/a98919da3419c4325fa381a8dce93eee1d6d85fb\/quartet-bold.ufo\/glyphs\/g.glif":"\/fonts\/Unpacking\/a98919da3419c4325fa381a8dce93eee1d6d85fb\/quartet-bold.ufo\/glyphs\/g.glif","\/fonts\/Unpacking\/a98919da3419c4325fa381a8dce93eee1d6d85fb\/quartet-bold.ufo\/glyphs\/germandbls.glif":"\/fonts\/Unpacking\/a98919da3419c4325fa381a8dce93eee1d6d85fb\/quartet-bold.ufo\/glyphs\/germandbls.glif","\/fonts\/Unpacking\/a98919da3419c4325fa381a8dce93eee1d6d85fb\/quartet-bold.ufo\/glyphs\/grave.glif":"\/fonts\/Unpacking\/a98919da3419c4325fa381a8dce93eee1d6d85fb\/quartet-bold.ufo\/glyphs\/grave.glif","\/fonts\/Unpacking\/a98919da3419c4325fa381a8dce93eee1d6d85fb\/quartet-bold.ufo\/glyphs\/greater.glif":"\/fonts\/Unpacking\/a98919da3419c4325fa381a8dce93eee1d6d85fb\/quartet-bold.ufo\/glyphs\/greater.glif","\/fonts\/Unpacking\/a98919da3419c4325fa381a8dce93eee1d6d85fb\/quartet-bold.ufo\/glyphs\/guillemotleft.glif":"\/fonts\/Unpacking\/a98919da3419c4325fa381a8dce93eee1d6d85fb\/quartet-bold.ufo\/glyphs\/guillemotleft.glif","\/fonts\/Unpacking\/a98919da3419c4325fa381a8dce93eee1d6d85fb\/quartet-bold.ufo\/glyphs\/guillemotright.glif":"\/fonts\/Unpacking\/a98919da3419c4325fa381a8dce93eee1d6d85fb\/quartet-bold.ufo\/glyphs\/guillemotright.glif","\/fonts\/Unpacking\/a98919da3419c4325fa381a8dce93eee1d6d85fb\/quartet-bold.ufo\/glyphs\/guilsinglleft.glif":"\/fonts\/Unpacking\/a98919da3419c4325fa381a8dce93eee1d6d85fb\/quartet-bold.ufo\/glyphs\/guilsinglleft.glif","\/fonts\/Unpacking\/a98919da3419c4325fa381a8dce93eee1d6d85fb\/quartet-bold.ufo\/glyphs\/guilsinglright.glif":"\/fonts\/Unpacking\/a98919da3419c4325fa381a8dce93eee1d6d85fb\/quartet-bold.ufo\/glyphs\/guilsinglright.glif","\/fonts\/Unpacking\/a98919da3419c4325fa381a8dce93eee1d6d85fb\/quartet-bold.ufo\/glyphs\/h.glif":"\/fonts\/Unpacking\/a98919da3419c4325fa381a8dce93eee1d6d85fb\/quartet-bold.ufo\/glyphs\/h.glif","\/fonts\/Unpacking\/a98919da3419c4325fa381a8dce93eee1d6d85fb\/quartet-bold.ufo\/glyphs\/hyphen.glif":"\/fonts\/Unpacking\/a98919da3419c4325fa381a8dce93eee1d6d85fb\/quartet-bold.ufo\/glyphs\/hyphen.glif","\/fonts\/Unpacking\/a98919da3419c4325fa381a8dce93eee1d6d85fb\/quartet-bold.ufo\/glyphs\/i.glif":"\/fonts\/Unpacking\/a98919da3419c4325fa381a8dce93eee1d6d85fb\/quartet-bold.ufo\/glyphs\/i.glif","\/fonts\/Unpacking\/a98919da3419c4325fa381a8dce93eee1d6d85fb\/quartet-bold.ufo\/glyphs\/iacute.glif":"\/fonts\/Unpacking\/a98919da3419c4325fa381a8dce93eee1d6d85fb\/quartet-bold.ufo\/glyphs\/iacute.glif","\/fonts\/Unpacking\/a98919da3419c4325fa381a8dce93eee1d6d85fb\/quartet-bold.ufo\/glyphs\/icircumflex.glif":"\/fonts\/Unpacking\/a98919da3419c4325fa381a8dce93eee1d6d85fb\/quartet-bold.ufo\/glyphs\/icircumflex.glif","\/fonts\/Unpacking\/a98919da3419c4325fa381a8dce93eee1d6d85fb\/quartet-bold.ufo\/glyphs\/idieresis.glif":"\/fonts\/Unpacking\/a98919da3419c4325fa381a8dce93eee1d6d85fb\/quartet-bold.ufo\/glyphs\/idieresis.glif","\/fonts\/Unpacking\/a98919da3419c4325fa381a8dce93eee1d6d85fb\/quartet-bold.ufo\/glyphs\/igrave.glif":"\/fonts\/Unpacking\/a98919da3419c4325fa381a8dce93eee1d6d85fb\/quartet-bold.ufo\/glyphs\/igrave.glif","\/fonts\/Unpacking\/a98919da3419c4325fa381a8dce93eee1d6d85fb\/quartet-bold.ufo\/glyphs\/j.glif":"\/fonts\/Unpacking\/a98919da3419c4325fa381a8dce93eee1d6d85fb\/quartet-bold.ufo\/glyphs\/j.glif","\/fonts\/Unpacking\/a98919da3419c4325fa381a8dce93eee1d6d85fb\/quartet-bold.ufo\/glyphs\/k.glif":"\/fonts\/Unpacking\/a98919da3419c4325fa381a8dce93eee1d6d85fb\/quartet-bold.ufo\/glyphs\/k.glif","\/fonts\/Unpacking\/a98919da3419c4325fa381a8dce93eee1d6d85fb\/quartet-bold.ufo\/glyphs\/l.glif":"\/fonts\/Unpacking\/a98919da3419c4325fa381a8dce93eee1d6d85fb\/quartet-bold.ufo\/glyphs\/l.glif","\/fonts\/Unpacking\/a98919da3419c4325fa381a8dce93eee1d6d85fb\/quartet-bold.ufo\/glyphs\/less.glif":"\/fonts\/Unpacking\/a98919da3419c4325fa381a8dce93eee1d6d85fb\/quartet-bold.ufo\/glyphs\/less.glif","\/fonts\/Unpacking\/a98919da3419c4325fa381a8dce93eee1d6d85fb\/quartet-bold.ufo\/glyphs\/logicalnot.glif":"\/fonts\/Unpacking\/a98919da3419c4325fa381a8dce93eee1d6d85fb\/quartet-bold.ufo\/glyphs\/logicalnot.glif","\/fonts\/Unpacking\/a98919da3419c4325fa381a8dce93eee1d6d85fb\/quartet-bold.ufo\/glyphs\/m.glif":"\/fonts\/Unpacking\/a98919da3419c4325fa381a8dce93eee1d6d85fb\/quartet-bold.ufo\/glyphs\/m.glif","\/fonts\/Unpacking\/a98919da3419c4325fa381a8dce93eee1d6d85fb\/quartet-bold.ufo\/glyphs\/macron.glif":"\/fonts\/Unpacking\/a98919da3419c4325fa381a8dce93eee1d6d85fb\/quartet-bold.ufo\/glyphs\/macron.glif","\/fonts\/Unpacking\/a98919da3419c4325fa381a8dce93eee1d6d85fb\/quartet-bold.ufo\/glyphs\/minus.glif":"\/fonts\/Unpacking\/a98919da3419c4325fa381a8dce93eee1d6d85fb\/quartet-bold.ufo\/glyphs\/minus.glif","\/fonts\/Unpacking\/a98919da3419c4325fa381a8dce93eee1d6d85fb\/quartet-bold.ufo\/glyphs\/mu.glif":"\/fonts\/Unpacking\/a98919da3419c4325fa381a8dce93eee1d6d85fb\/quartet-bold.ufo\/glyphs\/mu.glif","\/fonts\/Unpacking\/a98919da3419c4325fa381a8dce93eee1d6d85fb\/quartet-bold.ufo\/glyphs\/multiply.glif":"\/fonts\/Unpacking\/a98919da3419c4325fa381a8dce93eee1d6d85fb\/quartet-bold.ufo\/glyphs\/multiply.glif","\/fonts\/Unpacking\/a98919da3419c4325fa381a8dce93eee1d6d85fb\/quartet-bold.ufo\/glyphs\/n.glif":"\/fonts\/Unpacking\/a98919da3419c4325fa381a8dce93eee1d6d85fb\/quartet-bold.ufo\/glyphs\/n.glif","\/fonts\/Unpacking\/a98919da3419c4325fa381a8dce93eee1d6d85fb\/quartet-bold.ufo\/glyphs\/nbspace.glif":"\/fonts\/Unpacking\/a98919da3419c4325fa381a8dce93eee1d6d85fb\/quartet-bold.ufo\/glyphs\/nbspace.glif","\/fonts\/Unpacking\/a98919da3419c4325fa381a8dce93eee1d6d85fb\/quartet-bold.ufo\/glyphs\/nine.glif":"\/fonts\/Unpacking\/a98919da3419c4325fa381a8dce93eee1d6d85fb\/quartet-bold.ufo\/glyphs\/nine.glif","\/fonts\/Unpacking\/a98919da3419c4325fa381a8dce93eee1d6d85fb\/quartet-bold.ufo\/glyphs\/ntilde.glif":"\/fonts\/Unpacking\/a98919da3419c4325fa381a8dce93eee1d6d85fb\/quartet-bold.ufo\/glyphs\/ntilde.glif","\/fonts\/Unpacking\/a98919da3419c4325fa381a8dce93eee1d6d85fb\/quartet-bold.ufo\/glyphs\/numbersign.glif":"\/fonts\/Unpacking\/a98919da3419c4325fa381a8dce93eee1d6d85fb\/quartet-bold.ufo\/glyphs\/numbersign.glif","\/fonts\/Unpacking\/a98919da3419c4325fa381a8dce93eee1d6d85fb\/quartet-bold.ufo\/glyphs\/o.glif":"\/fonts\/Unpacking\/a98919da3419c4325fa381a8dce93eee1d6d85fb\/quartet-bold.ufo\/glyphs\/o.glif","\/fonts\/Unpacking\/a98919da3419c4325fa381a8dce93eee1d6d85fb\/quartet-bold.ufo\/glyphs\/oacute.glif":"\/fonts\/Unpacking\/a98919da3419c4325fa381a8dce93eee1d6d85fb\/quartet-bold.ufo\/glyphs\/oacute.glif","\/fonts\/Unpacking\/a98919da3419c4325fa381a8dce93eee1d6d85fb\/quartet-bold.ufo\/glyphs\/ocircumflex.glif":"\/fonts\/Unpacking\/a98919da3419c4325fa381a8dce93eee1d6d85fb\/quartet-bold.ufo\/glyphs\/ocircumflex.glif","\/fonts\/Unpacking\/a98919da3419c4325fa381a8dce93eee1d6d85fb\/quartet-bold.ufo\/glyphs\/odieresis.glif":"\/fonts\/Unpacking\/a98919da3419c4325fa381a8dce93eee1d6d85fb\/quartet-bold.ufo\/glyphs\/odieresis.glif","\/fonts\/Unpacking\/a98919da3419c4325fa381a8dce93eee1d6d85fb\/quartet-bold.ufo\/glyphs\/oe.glif":"\/fonts\/Unpacking\/a98919da3419c4325fa381a8dce93eee1d6d85fb\/quartet-bold.ufo\/glyphs\/oe.glif","\/fonts\/Unpacking\/a98919da3419c4325fa381a8dce93eee1d6d85fb\/quartet-bold.ufo\/glyphs\/ograve.glif":"\/fonts\/Unpacking\/a98919da3419c4325fa381a8dce93eee1d6d85fb\/quartet-bold.ufo\/glyphs\/ograve.glif","\/fonts\/Unpacking\/a98919da3419c4325fa381a8dce93eee1d6d85fb\/quartet-bold.ufo\/glyphs\/one.glif":"\/fonts\/Unpacking\/a98919da3419c4325fa381a8dce93eee1d6d85fb\/quartet-bold.ufo\/glyphs\/one.glif","\/fonts\/Unpacking\/a98919da3419c4325fa381a8dce93eee1d6d85fb\/quartet-bold.ufo\/glyphs\/onehalf.glif":"\/fonts\/Unpacking\/a98919da3419c4325fa381a8dce93eee1d6d85fb\/quartet-bold.ufo\/glyphs\/onehalf.glif","\/fonts\/Unpacking\/a98919da3419c4325fa381a8dce93eee1d6d85fb\/quartet-bold.ufo\/glyphs\/onequarter.glif":"\/fonts\/Unpacking\/a98919da3419c4325fa381a8dce93eee1d6d85fb\/quartet-bold.ufo\/glyphs\/onequarter.glif","\/fonts\/Unpacking\/a98919da3419c4325fa381a8dce93eee1d6d85fb\/quartet-bold.ufo\/glyphs\/onesuperior.glif":"\/fonts\/Unpacking\/a98919da3419c4325fa381a8dce93eee1d6d85fb\/quartet-bold.ufo\/glyphs\/onesuperior.glif","\/fonts\/Unpacking\/a98919da3419c4325fa381a8dce93eee1d6d85fb\/quartet-bold.ufo\/glyphs\/ordfeminine.glif":"\/fonts\/Unpacking\/a98919da3419c4325fa381a8dce93eee1d6d85fb\/quartet-bold.ufo\/glyphs\/ordfeminine.glif","\/fonts\/Unpacking\/a98919da3419c4325fa381a8dce93eee1d6d85fb\/quartet-bold.ufo\/glyphs\/ordmasculine.glif":"\/fonts\/Unpacking\/a98919da3419c4325fa381a8dce93eee1d6d85fb\/quartet-bold.ufo\/glyphs\/ordmasculine.glif","\/fonts\/Unpacking\/a98919da3419c4325fa381a8dce93eee1d6d85fb\/quartet-bold.ufo\/glyphs\/oslash.glif":"\/fonts\/Unpacking\/a98919da3419c4325fa381a8dce93eee1d6d85fb\/quartet-bold.ufo\/glyphs\/oslash.glif","\/fonts\/Unpacking\/a98919da3419c4325fa381a8dce93eee1d6d85fb\/quartet-bold.ufo\/glyphs\/otilde.glif":"\/fonts\/Unpacking\/a98919da3419c4325fa381a8dce93eee1d6d85fb\/quartet-bold.ufo\/glyphs\/otilde.glif","\/fonts\/Unpacking\/a98919da3419c4325fa381a8dce93eee1d6d85fb\/quartet-bold.ufo\/glyphs\/p.glif":"\/fonts\/Unpacking\/a98919da3419c4325fa381a8dce93eee1d6d85fb\/quartet-bold.ufo\/glyphs\/p.glif","\/fonts\/Unpacking\/a98919da3419c4325fa381a8dce93eee1d6d85fb\/quartet-bold.ufo\/glyphs\/paragraph.glif":"\/fonts\/Unpacking\/a98919da3419c4325fa381a8dce93eee1d6d85fb\/quartet-bold.ufo\/glyphs\/paragraph.glif","\/fonts\/Unpacking\/a98919da3419c4325fa381a8dce93eee1d6d85fb\/quartet-bold.ufo\/glyphs\/parenleft.glif":"\/fonts\/Unpacking\/a98919da3419c4325fa381a8dce93eee1d6d85fb\/quartet-bold.ufo\/glyphs\/parenleft.glif","\/fonts\/Unpacking\/a98919da3419c4325fa381a8dce93eee1d6d85fb\/quartet-bold.ufo\/glyphs\/parenright.glif":"\/fonts\/Unpacking\/a98919da3419c4325fa381a8dce93eee1d6d85fb\/quartet-bold.ufo\/glyphs\/parenright.glif","\/fonts\/Unpacking\/a98919da3419c4325fa381a8dce93eee1d6d85fb\/quartet-bold.ufo\/glyphs\/percent.glif":"\/fonts\/Unpacking\/a98919da3419c4325fa381a8dce93eee1d6d85fb\/quartet-bold.ufo\/glyphs\/percent.glif","\/fonts\/Unpacking\/a98919da3419c4325fa381a8dce93eee1d6d85fb\/quartet-bold.ufo\/glyphs\/period.glif":"\/fonts\/Unpacking\/a98919da3419c4325fa381a8dce93eee1d6d85fb\/quartet-bold.ufo\/glyphs\/period.glif","\/fonts\/Unpacking\/a98919da3419c4325fa381a8dce93eee1d6d85fb\/quartet-bold.ufo\/glyphs\/periodcentered.glif":"\/fonts\/Unpacking\/a98919da3419c4325fa381a8dce93eee1d6d85fb\/quartet-bold.ufo\/glyphs\/periodcentered.glif","\/fonts\/Unpacking\/a98919da3419c4325fa381a8dce93eee1d6d85fb\/quartet-bold.ufo\/glyphs\/perthousand.glif":"\/fonts\/Unpacking\/a98919da3419c4325fa381a8dce93eee1d6d85fb\/quartet-bold.ufo\/glyphs\/perthousand.glif","\/fonts\/Unpacking\/a98919da3419c4325fa381a8dce93eee1d6d85fb\/quartet-bold.ufo\/glyphs\/plus.glif":"\/fonts\/Unpacking\/a98919da3419c4325fa381a8dce93eee1d6d85fb\/quartet-bold.ufo\/glyphs\/plus.glif","\/fonts\/Unpacking\/a98919da3419c4325fa381a8dce93eee1d6d85fb\/quartet-bold.ufo\/glyphs\/plusminus.glif":"\/fonts\/Unpacking\/a98919da3419c4325fa381a8dce93eee1d6d85fb\/quartet-bold.ufo\/glyphs\/plusminus.glif","\/fonts\/Unpacking\/a98919da3419c4325fa381a8dce93eee1d6d85fb\/quartet-bold.ufo\/glyphs\/q.glif":"\/fonts\/Unpacking\/a98919da3419c4325fa381a8dce93eee1d6d85fb\/quartet-bold.ufo\/glyphs\/q.glif","\/fonts\/Unpacking\/a98919da3419c4325fa381a8dce93eee1d6d85fb\/quartet-bold.ufo\/glyphs\/question.glif":"\/fonts\/Unpacking\/a98919da3419c4325fa381a8dce93eee1d6d85fb\/quartet-bold.ufo\/glyphs\/question.glif","\/fonts\/Unpacking\/a98919da3419c4325fa381a8dce93eee1d6d85fb\/quartet-bold.ufo\/glyphs\/questiondown.glif":"\/fonts\/Unpacking\/a98919da3419c4325fa381a8dce93eee1d6d85fb\/quartet-bold.ufo\/glyphs\/questiondown.glif","\/fonts\/Unpacking\/a98919da3419c4325fa381a8dce93eee1d6d85fb\/quartet-bold.ufo\/glyphs\/quotedbl.glif":"\/fonts\/Unpacking\/a98919da3419c4325fa381a8dce93eee1d6d85fb\/quartet-bold.ufo\/glyphs\/quotedbl.glif","\/fonts\/Unpacking\/a98919da3419c4325fa381a8dce93eee1d6d85fb\/quartet-bold.ufo\/glyphs\/quotedblbase.glif":"\/fonts\/Unpacking\/a98919da3419c4325fa381a8dce93eee1d6d85fb\/quartet-bold.ufo\/glyphs\/quotedblbase.glif","\/fonts\/Unpacking\/a98919da3419c4325fa381a8dce93eee1d6d85fb\/quartet-bold.ufo\/glyphs\/quotedblleft.glif":"\/fonts\/Unpacking\/a98919da3419c4325fa381a8dce93eee1d6d85fb\/quartet-bold.ufo\/glyphs\/quotedblleft.glif","\/fonts\/Unpacking\/a98919da3419c4325fa381a8dce93eee1d6d85fb\/quartet-bold.ufo\/glyphs\/quotedblright.glif":"\/fonts\/Unpacking\/a98919da3419c4325fa381a8dce93eee1d6d85fb\/quartet-bold.ufo\/glyphs\/quotedblright.glif","\/fonts\/Unpacking\/a98919da3419c4325fa381a8dce93eee1d6d85fb\/quartet-bold.ufo\/glyphs\/quoteleft.glif":"\/fonts\/Unpacking\/a98919da3419c4325fa381a8dce93eee1d6d85fb\/quartet-bold.ufo\/glyphs\/quoteleft.glif","\/fonts\/Unpacking\/a98919da3419c4325fa381a8dce93eee1d6d85fb\/quartet-bold.ufo\/glyphs\/quoteright.glif":"\/fonts\/Unpacking\/a98919da3419c4325fa381a8dce93eee1d6d85fb\/quartet-bold.ufo\/glyphs\/quoteright.glif","\/fonts\/Unpacking\/a98919da3419c4325fa381a8dce93eee1d6d85fb\/quartet-bold.ufo\/glyphs\/quotesinglbase.glif":"\/fonts\/Unpacking\/a98919da3419c4325fa381a8dce93eee1d6d85fb\/quartet-bold.ufo\/glyphs\/quotesinglbase.glif","\/fonts\/Unpacking\/a98919da3419c4325fa381a8dce93eee1d6d85fb\/quartet-bold.ufo\/glyphs\/quotesingle.glif":"\/fonts\/Unpacking\/a98919da3419c4325fa381a8dce93eee1d6d85fb\/quartet-bold.ufo\/glyphs\/quotesingle.glif","\/fonts\/Unpacking\/a98919da3419c4325fa381a8dce93eee1d6d85fb\/quartet-bold.ufo\/glyphs\/r.glif":"\/fonts\/Unpacking\/a98919da3419c4325fa381a8dce93eee1d6d85fb\/quartet-bold.ufo\/glyphs\/r.glif","\/fonts\/Unpacking\/a98919da3419c4325fa381a8dce93eee1d6d85fb\/quartet-bold.ufo\/glyphs\/registered.glif":"\/fonts\/Unpacking\/a98919da3419c4325fa381a8dce93eee1d6d85fb\/quartet-bold.ufo\/glyphs\/registered.glif","\/fonts\/Unpacking\/a98919da3419c4325fa381a8dce93eee1d6d85fb\/quartet-bold.ufo\/glyphs\/s.glif":"\/fonts\/Unpacking\/a98919da3419c4325fa381a8dce93eee1d6d85fb\/quartet-bold.ufo\/glyphs\/s.glif","\/fonts\/Unpacking\/a98919da3419c4325fa381a8dce93eee1d6d85fb\/quartet-bold.ufo\/glyphs\/scaron.glif":"\/fonts\/Unpacking\/a98919da3419c4325fa381a8dce93eee1d6d85fb\/quartet-bold.ufo\/glyphs\/scaron.glif","\/fonts\/Unpacking\/a98919da3419c4325fa381a8dce93eee1d6d85fb\/quartet-bold.ufo\/glyphs\/section.glif":"\/fonts\/Unpacking\/a98919da3419c4325fa381a8dce93eee1d6d85fb\/quartet-bold.ufo\/glyphs\/section.glif","\/fonts\/Unpacking\/a98919da3419c4325fa381a8dce93eee1d6d85fb\/quartet-bold.ufo\/glyphs\/semicolon.glif":"\/fonts\/Unpacking\/a98919da3419c4325fa381a8dce93eee1d6d85fb\/quartet-bold.ufo\/glyphs\/semicolon.glif","\/fonts\/Unpacking\/a98919da3419c4325fa381a8dce93eee1d6d85fb\/quartet-bold.ufo\/glyphs\/seven.glif":"\/fonts\/Unpacking\/a98919da3419c4325fa381a8dce93eee1d6d85fb\/quartet-bold.ufo\/glyphs\/seven.glif","\/fonts\/Unpacking\/a98919da3419c4325fa381a8dce93eee1d6d85fb\/quartet-bold.ufo\/glyphs\/six.glif":"\/fonts\/Unpacking\/a98919da3419c4325fa381a8dce93eee1d6d85fb\/quartet-bold.ufo\/glyphs\/six.glif","\/fonts\/Unpacking\/a98919da3419c4325fa381a8dce93eee1d6d85fb\/quartet-bold.ufo\/glyphs\/slash.glif":"\/fonts\/Unpacking\/a98919da3419c4325fa381a8dce93eee1d6d85fb\/quartet-bold.ufo\/glyphs\/slash.glif","\/fonts\/Unpacking\/a98919da3419c4325fa381a8dce93eee1d6d85fb\/quartet-bold.ufo\/glyphs\/space.glif":"\/fonts\/Unpacking\/a98919da3419c4325fa381a8dce93eee1d6d85fb\/quartet-bold.ufo\/glyphs\/space.glif","\/fonts\/Unpacking\/a98919da3419c4325fa381a8dce93eee1d6d85fb\/quartet-bold.ufo\/glyphs\/sterling.glif":"\/fonts\/Unpacking\/a98919da3419c4325fa381a8dce93eee1d6d85fb\/quartet-bold.ufo\/glyphs\/sterling.glif","\/fonts\/Unpacking\/a98919da3419c4325fa381a8dce93eee1d6d85fb\/quartet-bold.ufo\/glyphs\/t.glif":"\/fonts\/Unpacking\/a98919da3419c4325fa381a8dce93eee1d6d85fb\/quartet-bold.ufo\/glyphs\/t.glif","\/fonts\/Unpacking\/a98919da3419c4325fa381a8dce93eee1d6d85fb\/quartet-bold.ufo\/glyphs\/thorn.glif":"\/fonts\/Unpacking\/a98919da3419c4325fa381a8dce93eee1d6d85fb\/quartet-bold.ufo\/glyphs\/thorn.glif","\/fonts\/Unpacking\/a98919da3419c4325fa381a8dce93eee1d6d85fb\/quartet-bold.ufo\/glyphs\/three.glif":"\/fonts\/Unpacking\/a98919da3419c4325fa381a8dce93eee1d6d85fb\/quartet-bold.ufo\/glyphs\/three.glif","\/fonts\/Unpacking\/a98919da3419c4325fa381a8dce93eee1d6d85fb\/quartet-bold.ufo\/glyphs\/threequarters.glif":"\/fonts\/Unpacking\/a98919da3419c4325fa381a8dce93eee1d6d85fb\/quartet-bold.ufo\/glyphs\/threequarters.glif","\/fonts\/Unpacking\/a98919da3419c4325fa381a8dce93eee1d6d85fb\/quartet-bold.ufo\/glyphs\/threesuperior.glif":"\/fonts\/Unpacking\/a98919da3419c4325fa381a8dce93eee1d6d85fb\/quartet-bold.ufo\/glyphs\/threesuperior.glif","\/fonts\/Unpacking\/a98919da3419c4325fa381a8dce93eee1d6d85fb\/quartet-bold.ufo\/glyphs\/tilde.glif":"\/fonts\/Unpacking\/a98919da3419c4325fa381a8dce93eee1d6d85fb\/quartet-bold.ufo\/glyphs\/tilde.glif","\/fonts\/Unpacking\/a98919da3419c4325fa381a8dce93eee1d6d85fb\/quartet-bold.ufo\/glyphs\/trademark.glif":"\/fonts\/Unpacking\/a98919da3419c4325fa381a8dce93eee1d6d85fb\/quartet-bold.ufo\/glyphs\/trademark.glif","\/fonts\/Unpacking\/a98919da3419c4325fa381a8dce93eee1d6d85fb\/quartet-bold.ufo\/glyphs\/two.glif":"\/fonts\/Unpacking\/a98919da3419c4325fa381a8dce93eee1d6d85fb\/quartet-bold.ufo\/glyphs\/two.glif","\/fonts\/Unpacking\/a98919da3419c4325fa381a8dce93eee1d6d85fb\/quartet-bold.ufo\/glyphs\/twosuperior.glif":"\/fonts\/Unpacking\/a98919da3419c4325fa381a8dce93eee1d6d85fb\/quartet-bold.ufo\/glyphs\/twosuperior.glif","\/fonts\/Unpacking\/a98919da3419c4325fa381a8dce93eee1d6d85fb\/quartet-bold.ufo\/glyphs\/u.glif":"\/fonts\/Unpacking\/a98919da3419c4325fa381a8dce93eee1d6d85fb\/quartet-bold.ufo\/glyphs\/u.glif","\/fonts\/Unpacking\/a98919da3419c4325fa381a8dce93eee1d6d85fb\/quartet-bold.ufo\/glyphs\/uacute.glif":"\/fonts\/Unpacking\/a98919da3419c4325fa381a8dce93eee1d6d85fb\/quartet-bold.ufo\/glyphs\/uacute.glif","\/fonts\/Unpacking\/a98919da3419c4325fa381a8dce93eee1d6d85fb\/quartet-bold.ufo\/glyphs\/ucircumflex.glif":"\/fonts\/Unpacking\/a98919da3419c4325fa381a8dce93eee1d6d85fb\/quartet-bold.ufo\/glyphs\/ucircumflex.glif","\/fonts\/Unpacking\/a98919da3419c4325fa381a8dce93eee1d6d85fb\/quartet-bold.ufo\/glyphs\/udieresis.glif":"\/fonts\/Unpacking\/a98919da3419c4325fa381a8dce93eee1d6d85fb\/quartet-bold.ufo\/glyphs\/udieresis.glif","\/fonts\/Unpacking\/a98919da3419c4325fa381a8dce93eee1d6d85fb\/quartet-bold.ufo\/glyphs\/ugrave.glif":"\/fonts\/Unpacking\/a98919da3419c4325fa381a8dce93eee1d6d85fb\/quartet-bold.ufo\/glyphs\/ugrave.glif","\/fonts\/Unpacking\/a98919da3419c4325fa381a8dce93eee1d6d85fb\/quartet-bold.ufo\/glyphs\/underscore.glif":"\/fonts\/Unpacking\/a98919da3419c4325fa381a8dce93eee1d6d85fb\/quartet-bold.ufo\/glyphs\/underscore.glif","\/fonts\/Unpacking\/a98919da3419c4325fa381a8dce93eee1d6d85fb\/quartet-bold.ufo\/glyphs\/v.glif":"\/fonts\/Unpacking\/a98919da3419c4325fa381a8dce93eee1d6d85fb\/quartet-bold.ufo\/glyphs\/v.glif","\/fonts\/Unpacking\/a98919da3419c4325fa381a8dce93eee1d6d85fb\/quartet-bold.ufo\/glyphs\/w.glif":"\/fonts\/Unpacking\/a98919da3419c4325fa381a8dce93eee1d6d85fb\/quartet-bold.ufo\/glyphs\/w.glif","\/fonts\/Unpacking\/a98919da3419c4325fa381a8dce93eee1d6d85fb\/quartet-bold.ufo\/glyphs\/x.glif":"\/fonts\/Unpacking\/a98919da3419c4325fa381a8dce93eee1d6d85fb\/quartet-bold.ufo\/glyphs\/x.glif","\/fonts\/Unpacking\/a98919da3419c4325fa381a8dce93eee1d6d85fb\/quartet-bold.ufo\/glyphs\/y.glif":"\/fonts\/Unpacking\/a98919da3419c4325fa381a8dce93eee1d6d85fb\/quartet-bold.ufo\/glyphs\/y.glif","\/fonts\/Unpacking\/a98919da3419c4325fa381a8dce93eee1d6d85fb\/quartet-bold.ufo\/glyphs\/yacute.glif":"\/fonts\/Unpacking\/a98919da3419c4325fa381a8dce93eee1d6d85fb\/quartet-bold.ufo\/glyphs\/yacute.glif","\/fonts\/Unpacking\/a98919da3419c4325fa381a8dce93eee1d6d85fb\/quartet-bold.ufo\/glyphs\/ydieresis.glif":"\/fonts\/Unpacking\/a98919da3419c4325fa381a8dce93eee1d6d85fb\/quartet-bold.ufo\/glyphs\/ydieresis.glif","\/fonts\/Unpacking\/a98919da3419c4325fa381a8dce93eee1d6d85fb\/quartet-bold.ufo\/glyphs\/yen.glif":"\/fonts\/Unpacking\/a98919da3419c4325fa381a8dce93eee1d6d85fb\/quartet-bold.ufo\/glyphs\/yen.glif","\/fonts\/Unpacking\/a98919da3419c4325fa381a8dce93eee1d6d85fb\/quartet-bold.ufo\/glyphs\/z.glif":"\/fonts\/Unpacking\/a98919da3419c4325fa381a8dce93eee1d6d85fb\/quartet-bold.ufo\/glyphs\/z.glif","\/fonts\/Unpacking\/a98919da3419c4325fa381a8dce93eee1d6d85fb\/quartet-bold.ufo\/glyphs\/zero.glif":"\/fonts\/Unpacking\/a98919da3419c4325fa381a8dce93eee1d6d85fb\/quartet-bold.ufo\/glyphs\/zero.glif"},"Font":null,"Licences":{"":false},"Table":{"FFTM":{"entryLength":16,"tag":"FFTM","checksum":1955341968,"offset":32888,"length":28},"GDEF":{"entryLength":16,"tag":"GDEF","checksum":17235974,"offset":32856,"length":32},"OS\/2":{"entryLength":16,"tag":"OS\/2","checksum":1491207360,"offset":344,"length":86},"cmap":{"entryLength":16,"tag":"cmap","checksum":2195243471,"offset":1304,"length":504},"gasp":{"entryLength":16,"tag":"gasp","checksum":4294901763,"offset":32848,"length":8},"glyf":{"entryLength":16,"tag":"glyf","checksum":678841473,"offset":2248,"length":29476},"head":{"entryLength":16,"tag":"head","checksum":213449556,"offset":220,"length":54},"hhea":{"entryLength":16,"tag":"hhea","checksum":155518102,"offset":276,"length":36},"hmtx":{"entryLength":16,"tag":"hmtx","checksum":4017828807,"offset":432,"length":872},"loca":{"entryLength":16,"tag":"loca","checksum":1613972426,"offset":1808,"length":438},"maxp":{"entryLength":16,"tag":"maxp","checksum":19005603,"offset":312,"length":32},"name":{"entryLength":16,"tag":"name","checksum":137998454,"offset":31724,"length":642},"post":{"entryLength":16,"tag":"post","checksum":4136479092,"offset":32368,"length":478}},"UnicodeCharMap":{"32":3,"33":4,"34":5,"35":6,"36":7,"37":8,"38":9,"39":10,"40":11,"41":12,"42":13,"43":14,"44":15,"45":16,"46":17,"47":18,"48":19,"49":20,"50":21,"51":22,"52":23,"53":24,"54":25,"55":26,"56":27,"57":28,"58":29,"59":30,"60":31,"61":32,"62":33,"63":34,"64":35,"65":36,"66":37,"67":38,"68":39,"69":40,"70":41,"71":42,"72":43,"73":44,"74":45,"75":46,"76":47,"77":48,"78":49,"79":50,"80":51,"81":52,"82":53,"83":54,"84":55,"85":56,"86":57,"87":58,"88":59,"89":60,"90":61,"91":62,"92":63,"93":64,"94":65,"95":66,"96":67,"97":68,"98":69,"99":70,"100":71,"101":72,"102":73,"103":74,"104":75,"105":76,"106":77,"107":78,"108":79,"109":80,"110":81,"111":82,"112":83,"113":84,"114":85,"115":86,"116":87,"117":88,"118":89,"119":90,"120":91,"121":92,"122":93,"123":94,"124":95,"125":96,"126":97,"160":98,"161":99,"162":100,"163":101,"164":102,"165":103,"166":104,"167":105,"168":106,"169":107,"170":108,"171":109,"172":110,"174":112,"175":113,"176":114,"177":115,"178":116,"179":117,"180":118,"182":120,"183":121,"184":122,"185":123,"186":124,"187":125,"188":126,"189":127,"190":128,"191":129,"192":130,"193":131,"194":132,"195":133,"196":134,"197":135,"198":136,"199":137,"200":138,"201":139,"202":140,"203":141,"204":142,"205":143,"206":144,"207":145,"208":146,"209":147,"210":148,"211":149,"212":150,"213":151,"214":152,"215":153,"216":154,"217":155,"218":156,"219":157,"220":158,"221":159,"222":160,"223":161,"224":162,"225":163,"226":164,"227":165,"228":166,"229":167,"230":168,"231":169,"232":170,"233":171,"234":172,"235":173,"236":174,"237":175,"238":176,"239":177,"240":178,"241":179,"242":180,"243":181,"244":182,"245":183,"246":184,"247":185,"248":186,"249":187,"250":188,"251":189,"252":190,"253":191,"254":192,"255":193,"338":204,"339":216,"352":202,"353":214,"376":217,"402":195,"710":200,"732":212,"956":119,"8211":210,"8212":211,"8216":205,"8217":206,"8218":194,"8220":207,"8221":208,"8222":196,"8224":198,"8225":199,"8226":209,"8230":197,"8240":201,"8249":203,"8250":215,"8482":213,"8722":111},"Reserves":null,"Names":[],"Nodes":[],"Contributors":[],"FontIdentity":"122de23ebe88857f1e54a7e7aa43f4d9","Bytes":2881278,"Networking":null,"barcode":null,"referee":null}