{"CSS":{"Verdana":"Verdana.css"},"FontType":"TrueType","FontCopyright":"(c) 2016 Microsoft Corporation. All Rights Reserved.","FontName":"Verdana","FontSubfamily":"Book","FontSubfamilyID":"FontForge 2.0 : Verdana : 7-5-2017","FontFullName":"Verdana","FontVersion":"Version 5.32 ","FontWeight":null,"FontPostscriptName":"Verdana","Files":{"verdana.afm":"verdana.afm","verdana.bin":"verdana.bin","verdana.cef":"verdana.cef","verdana.cff":"verdana.cff","verdana.cid":"verdana.cid","verdana.dfont":"verdana.dfont","verdana.eot":"verdana.eot","verdana.fon":"verdana.fon","verdana.gai":"verdana.gai","verdana.gsf":"verdana.gsf","verdana.hqx":"verdana.hqx","verdana.ik":"verdana.ik","verdana.mf":"verdana.mf","verdana.otf":"verdana.otf","verdana.pcf":"verdana.pcf","verdana.pf3":"verdana.pf3","verdana.pfa":"verdana.pfa","verdana.pfb":"verdana.pfb","verdana.php":"verdana.php","verdana.pmf":"verdana.pmf","verdana.pt3":"verdana.pt3","verdana.sfd":"verdana.sfd","verdana.svg":"verdana.svg","verdana.t42":"verdana.t42","verdana.ttd":"verdana.ttd","verdana.ttf":"verdana.ttf","verdana.ttg":"verdana.ttg","verdana.ufm":"verdana.ufm","verdana.woff":"verdana.woff","verdana.z":"verdana.z","":{"verdana.afm":"verdana.afm","verdana.bin":"verdana.bin","verdana.cef":"verdana.cef","verdana.cff":"verdana.cff","verdana.cid":"verdana.cid","verdana.dfont":"verdana.dfont","verdana.eot":"verdana.eot","verdana.fon":"verdana.fon","verdana.gai":"verdana.gai","verdana.gsf":"verdana.gsf","verdana.hqx":"verdana.hqx","verdana.ik":"verdana.ik","verdana.mf":"verdana.mf","verdana.otf":"verdana.otf","verdana.pcf":"verdana.pcf","verdana.pf3":"verdana.pf3","verdana.pfa":"verdana.pfa","verdana.pfb":"verdana.pfb","verdana.php":"verdana.php","verdana.pmf":"verdana.pmf","verdana.pt3":"verdana.pt3","verdana.sfd":"verdana.sfd","verdana.svg":"verdana.svg","verdana.t42":"verdana.t42","verdana.ttd":"verdana.ttd","verdana.ttf":"verdana.ttf","verdana.ttg":"verdana.ttg","verdana.ufm":"verdana.ufm","verdana.woff":"verdana.woff","verdana.z":"verdana.z"},"\/verdana.ufo":{"features.fea":"features.fea","fontinfo.plist":"fontinfo.plist","metainfo.plist":"metainfo.plist"},"\/verdana.ufo\/glyphs":{"A_.glif":"A_.glif","A_E_.glif":"A_E_.glif","A_E_acute.glif":"A_E_acute.glif","A_acute.glif":"A_acute.glif","A_breve.glif":"A_breve.glif","A_circumflex.glif":"A_circumflex.glif","A_dieresis.glif":"A_dieresis.glif","A_grave.glif":"A_grave.glif","A_lpha.c2sc.glif":"A_lpha.c2sc.glif","A_lpha.glif":"A_lpha.glif","A_lphatonos.c2sc.glif":"A_lphatonos.c2sc.glif","A_lphatonos.glif":"A_lphatonos.glif","A_macron.glif":"A_macron.glif","A_ogonek.glif":"A_ogonek.glif","A_ring.glif":"A_ring.glif","A_ringacute.glif":"A_ringacute.glif","A_tilde.glif":"A_tilde.glif","B_.glif":"B_.glif","B_eta.c2sc.glif":"B_eta.c2sc.glif","B_eta.glif":"B_eta.glif","C_.glif":"C_.glif","C_acute.glif":"C_acute.glif","C_caron.glif":"C_caron.glif","C_cedilla.glif":"C_cedilla.glif","C_circumflex.glif":"C_circumflex.glif","C_dotaccent.glif":"C_dotaccent.glif","C_hi.c2sc.glif":"C_hi.c2sc.glif","C_hi.glif":"C_hi.glif","D_.glif":"D_.glif","D_caron.glif":"D_caron.glif","D_croat.glif":"D_croat.glif","D_elta.c2sc.glif":"D_elta.c2sc.glif","D_elta.glif":"D_elta.glif","E_.glif":"E_.glif","E_acute.glif":"E_acute.glif","E_breve.glif":"E_breve.glif","E_caron.glif":"E_caron.glif","E_circumflex.glif":"E_circumflex.glif","E_dieresis.glif":"E_dieresis.glif","E_dotaccent.glif":"E_dotaccent.glif","E_grave.glif":"E_grave.glif","E_macron.glif":"E_macron.glif","E_ng.glif":"E_ng.glif","E_ogonek.glif":"E_ogonek.glif","E_psilon.c2sc.glif":"E_psilon.c2sc.glif","E_psilon.glif":"E_psilon.glif","E_psilontonos.c2sc.glif":"E_psilontonos.c2sc.glif","E_psilontonos.glif":"E_psilontonos.glif","E_ta.c2sc.glif":"E_ta.c2sc.glif","E_ta.glif":"E_ta.glif","E_tatonos.c2sc.glif":"E_tatonos.c2sc.glif","E_tatonos.glif":"E_tatonos.glif","E_th.glif":"E_th.glif","E_uro.glif":"E_uro.glif","E_uro.oldstyle.glif":"E_uro.oldstyle.glif","E_uro.pnum.glif":"E_uro.pnum.glif","F_.glif":"F_.glif","G_.glif":"G_.glif","G_amma.c2sc.glif":"G_amma.c2sc.glif","G_amma.glif":"G_amma.glif","G_breve.glif":"G_breve.glif","G_circumflex.glif":"G_circumflex.glif","G_commaaccent.glif":"G_commaaccent.glif","G_dotaccent.glif":"G_dotaccent.glif","H_.glif":"H_.glif","H_18533.glif":"H_18533.glif","H_18543.glif":"H_18543.glif","H_18551.glif":"H_18551.glif","H_22073.glif":"H_22073.glif","H_bar.glif":"H_bar.glif","H_circumflex.glif":"H_circumflex.glif","I_.glif":"I_.glif","I_.salt.glif":"I_.salt.glif","I_J_.glif":"I_J_.glif","I_J_.salt.glif":"I_J_.salt.glif","I_acute.glif":"I_acute.glif","I_acute.salt.glif":"I_acute.salt.glif","I_breve.glif":"I_breve.glif","I_breve.salt.glif":"I_breve.salt.glif","I_circumflex.glif":"I_circumflex.glif","I_circumflex.salt.glif":"I_circumflex.salt.glif","I_dieresis.glif":"I_dieresis.glif","I_dieresis.salt.glif":"I_dieresis.salt.glif","I_dotaccent.glif":"I_dotaccent.glif","I_dotaccent.salt.glif":"I_dotaccent.salt.glif","I_grave.glif":"I_grave.glif","I_grave.salt.glif":"I_grave.salt.glif","I_macron.glif":"I_macron.glif","I_macron.salt.glif":"I_macron.salt.glif","I_ogonek.glif":"I_ogonek.glif","I_ogonek.salt.glif":"I_ogonek.salt.glif","I_ota.c2sc.glif":"I_ota.c2sc.glif","I_ota.c2sc.salt.glif":"I_ota.c2sc.salt.glif","I_ota.glif":"I_ota.glif","I_ota.salt.glif":"I_ota.salt.glif","I_otadieresis.c2sc.glif":"I_otadieresis.c2sc.glif","I_otadieresis.c2sc.salt.glif":"I_otadieresis.c2sc.salt.glif","I_otadieresis.glif":"I_otadieresis.glif","I_otadieresis.salt.glif":"I_otadieresis.salt.glif","I_otatonos.c2sc.glif":"I_otatonos.c2sc.glif","I_otatonos.c2sc.salt.glif":"I_otatonos.c2sc.salt.glif","I_otatonos.glif":"I_otatonos.glif","I_otatonos.salt.glif":"I_otatonos.salt.glif","I_tilde.glif":"I_tilde.glif","I_tilde.salt.glif":"I_tilde.salt.glif","J_.glif":"J_.glif","J_circumflex.glif":"J_circumflex.glif","K_.glif":"K_.glif","K_appa.c2sc.glif":"K_appa.c2sc.glif","K_appa.glif":"K_appa.glif","K_commaaccent.glif":"K_commaaccent.glif","L_.glif":"L_.glif","L_acute.glif":"L_acute.glif","L_ambda.c2sc.glif":"L_ambda.c2sc.glif","L_ambda.glif":"L_ambda.glif","L_caron.glif":"L_caron.glif","L_commaaccent.glif":"L_commaaccent.glif","L_dot.glif":"L_dot.glif","L_slash.glif":"L_slash.glif","M_.glif":"M_.glif","M_u.c2sc.glif":"M_u.c2sc.glif","M_u.glif":"M_u.glif","N_.glif":"N_.glif","N_acute.glif":"N_acute.glif","N_caron.glif":"N_caron.glif","N_commaaccent.glif":"N_commaaccent.glif","N_tilde.glif":"N_tilde.glif","N_u.c2sc.glif":"N_u.c2sc.glif","N_u.glif":"N_u.glif","O_.glif":"O_.glif","O_E_.glif":"O_E_.glif","O_acute.glif":"O_acute.glif","O_breve.glif":"O_breve.glif","O_circumflex.glif":"O_circumflex.glif","O_dieresis.glif":"O_dieresis.glif","O_grave.glif":"O_grave.glif","O_horn.glif":"O_horn.glif","O_hungarumlaut.glif":"O_hungarumlaut.glif","O_macron.glif":"O_macron.glif","O_mega.c2sc.glif":"O_mega.c2sc.glif","O_mega.glif":"O_mega.glif","O_megatonos.c2sc.glif":"O_megatonos.c2sc.glif","O_megatonos.glif":"O_megatonos.glif","O_micron.c2sc.glif":"O_micron.c2sc.glif","O_micron.glif":"O_micron.glif","O_microntonos.c2sc.glif":"O_microntonos.c2sc.glif","O_microntonos.glif":"O_microntonos.glif","O_slash.glif":"O_slash.glif","O_slashacute.glif":"O_slashacute.glif","O_tilde.glif":"O_tilde.glif","P_.glif":"P_.glif","P_hi.c2sc.glif":"P_hi.c2sc.glif","P_hi.glif":"P_hi.glif","P_i.c2sc.glif":"P_i.c2sc.glif","P_i.glif":"P_i.glif","P_si.c2sc.glif":"P_si.c2sc.glif","P_si.glif":"P_si.glif","Q_.glif":"Q_.glif","R_.glif":"R_.glif","R_acute.glif":"R_acute.glif","R_caron.glif":"R_caron.glif","R_commaaccent.glif":"R_commaaccent.glif","R_ho.c2sc.glif":"R_ho.c2sc.glif","R_ho.glif":"R_ho.glif","S_.glif":"S_.glif","S_F_010000.glif":"S_F_010000.glif","S_F_020000.glif":"S_F_020000.glif","S_F_030000.glif":"S_F_030000.glif","S_F_040000.glif":"S_F_040000.glif","S_F_100000.glif":"S_F_100000.glif","S_F_110000.glif":"S_F_110000.glif","S_acute.glif":"S_acute.glif","S_caron.glif":"S_caron.glif","S_cedilla.glif":"S_cedilla.glif","S_circumflex.glif":"S_circumflex.glif","S_commaaccent.glif":"S_commaaccent.glif","S_igma.c2sc.glif":"S_igma.c2sc.glif","S_igma.glif":"S_igma.glif","T_.glif":"T_.glif","T_au.c2sc.glif":"T_au.c2sc.glif","T_au.glif":"T_au.glif","T_bar.glif":"T_bar.glif","T_caron.glif":"T_caron.glif","T_commaaccent.glif":"T_commaaccent.glif","T_heta.c2sc.glif":"T_heta.c2sc.glif","T_heta.glif":"T_heta.glif","T_horn.glif":"T_horn.glif","U_.glif":"U_.glif","U_acute.glif":"U_acute.glif","U_breve.glif":"U_breve.glif","U_circumflex.glif":"U_circumflex.glif","U_dieresis.glif":"U_dieresis.glif","U_grave.glif":"U_grave.glif","U_horn.glif":"U_horn.glif","U_hungarumlaut.glif":"U_hungarumlaut.glif","U_macron.glif":"U_macron.glif","U_ogonek.glif":"U_ogonek.glif","U_psilon.c2sc.glif":"U_psilon.c2sc.glif","U_psilon.glif":"U_psilon.glif","U_psilondieresis.c2sc.glif":"U_psilondieresis.c2sc.glif","U_psilondieresis.glif":"U_psilondieresis.glif","U_psilontonos.c2sc.glif":"U_psilontonos.c2sc.glif","U_psilontonos.glif":"U_psilontonos.glif","U_ring.glif":"U_ring.glif","U_tilde.glif":"U_tilde.glif","V_.glif":"V_.glif","W_.glif":"W_.glif","W_acute.glif":"W_acute.glif","W_circumflex.glif":"W_circumflex.glif","W_dieresis.glif":"W_dieresis.glif","W_grave.glif":"W_grave.glif","X_.glif":"X_.glif","X_i.c2sc.glif":"X_i.c2sc.glif","X_i.glif":"X_i.glif","Y_.glif":"Y_.glif","Y_acute.glif":"Y_acute.glif","Y_circumflex.glif":"Y_circumflex.glif","Y_dieresis.glif":"Y_dieresis.glif","Y_grave.glif":"Y_grave.glif","Z_.glif":"Z_.glif","Z_acute.glif":"Z_acute.glif","Z_caron.glif":"Z_caron.glif","Z_dotaccent.glif":"Z_dotaccent.glif","Z_eta.c2sc.glif":"Z_eta.c2sc.glif","Z_eta.glif":"Z_eta.glif","_notdef.glif":"_notdef.glif","a.glif":"a.glif","a.sc.glif":"a.sc.glif","aacute.glif":"aacute.glif","aacute.sc.glif":"aacute.sc.glif","abreve.glif":"abreve.glif","abreve.sc.glif":"abreve.sc.glif","acircumflex.glif":"acircumflex.glif","acircumflex.sc.glif":"acircumflex.sc.glif","acute.glif":"acute.glif","acutecomb.glif":"acutecomb.glif","adieresis.glif":"adieresis.glif","adieresis.sc.glif":"adieresis.sc.glif","ae.glif":"ae.glif","ae.sc.glif":"ae.sc.glif","aeacute.glif":"aeacute.glif","aeacute.sc.glif":"aeacute.sc.glif","afii00208.glif":"afii00208.glif","afii10017.c2sc.glif":"afii10017.c2sc.glif","afii10017.glif":"afii10017.glif","afii10018.c2sc.glif":"afii10018.c2sc.glif","afii10018.glif":"afii10018.glif","afii10019.c2sc.glif":"afii10019.c2sc.glif","afii10019.glif":"afii10019.glif","afii10020.c2sc.glif":"afii10020.c2sc.glif","afii10020.glif":"afii10020.glif","afii10021.c2sc.glif":"afii10021.c2sc.glif","afii10021.glif":"afii10021.glif","afii10022.c2sc.glif":"afii10022.c2sc.glif","afii10022.glif":"afii10022.glif","afii10023.c2sc.glif":"afii10023.c2sc.glif","afii10023.glif":"afii10023.glif","afii10024.c2sc.glif":"afii10024.c2sc.glif","afii10024.c2sc.salt.glif":"afii10024.c2sc.salt.glif","afii10024.glif":"afii10024.glif","afii10024.salt.glif":"afii10024.salt.glif","afii10025.c2sc.glif":"afii10025.c2sc.glif","afii10025.glif":"afii10025.glif","afii10026.c2sc.glif":"afii10026.c2sc.glif","afii10026.glif":"afii10026.glif","afii10027.c2sc.glif":"afii10027.c2sc.glif","afii10027.glif":"afii10027.glif","afii10028.c2sc.glif":"afii10028.c2sc.glif","afii10028.c2sc.salt.glif":"afii10028.c2sc.salt.glif","afii10028.glif":"afii10028.glif","afii10028.salt.glif":"afii10028.salt.glif","afii10029.c2sc.glif":"afii10029.c2sc.glif","afii10029.glif":"afii10029.glif","afii10030.c2sc.glif":"afii10030.c2sc.glif","afii10030.glif":"afii10030.glif","afii10031.c2sc.glif":"afii10031.c2sc.glif","afii10031.glif":"afii10031.glif","afii10032.c2sc.glif":"afii10032.c2sc.glif","afii10032.glif":"afii10032.glif","afii10033.c2sc.glif":"afii10033.c2sc.glif","afii10033.glif":"afii10033.glif","afii10034.c2sc.glif":"afii10034.c2sc.glif","afii10034.glif":"afii10034.glif","afii10035.c2sc.glif":"afii10035.c2sc.glif","afii10035.glif":"afii10035.glif","afii10036.c2sc.glif":"afii10036.c2sc.glif","afii10036.glif":"afii10036.glif","afii10037.c2sc.glif":"afii10037.c2sc.glif","afii10037.glif":"afii10037.glif","afii10038.c2sc.glif":"afii10038.c2sc.glif","afii10038.glif":"afii10038.glif","afii10039.c2sc.glif":"afii10039.c2sc.glif","afii10039.glif":"afii10039.glif","afii10040.c2sc.glif":"afii10040.c2sc.glif","afii10040.glif":"afii10040.glif","afii10041.c2sc.glif":"afii10041.c2sc.glif","afii10041.glif":"afii10041.glif","afii10042.c2sc.glif":"afii10042.c2sc.glif","afii10042.glif":"afii10042.glif","afii10043.c2sc.glif":"afii10043.c2sc.glif","afii10043.glif":"afii10043.glif","afii10044.c2sc.glif":"afii10044.c2sc.glif","afii10044.glif":"afii10044.glif","afii10045.c2sc.glif":"afii10045.c2sc.glif","afii10045.glif":"afii10045.glif","afii10046.c2sc.glif":"afii10046.c2sc.glif","afii10046.glif":"afii10046.glif","afii10047.c2sc.glif":"afii10047.c2sc.glif","afii10047.glif":"afii10047.glif","afii10048.c2sc.glif":"afii10048.c2sc.glif","afii10048.glif":"afii10048.glif","afii10049.c2sc.glif":"afii10049.c2sc.glif","afii10049.c2sc.salt.glif":"afii10049.c2sc.salt.glif","afii10049.glif":"afii10049.glif","afii10049.salt.glif":"afii10049.salt.glif","afii10050.c2sc.glif":"afii10050.c2sc.glif","afii10050.glif":"afii10050.glif","afii10051.c2sc.glif":"afii10051.c2sc.glif","afii10051.glif":"afii10051.glif","afii10052.c2sc.glif":"afii10052.c2sc.glif","afii10052.glif":"afii10052.glif","afii10053.c2sc.glif":"afii10053.c2sc.glif","afii10053.glif":"afii10053.glif","afii10054.c2sc.glif":"afii10054.c2sc.glif","afii10054.glif":"afii10054.glif","afii10055.c2sc.glif":"afii10055.c2sc.glif","afii10055.c2sc.salt.glif":"afii10055.c2sc.salt.glif","afii10055.glif":"afii10055.glif","afii10055.salt.glif":"afii10055.salt.glif","afii10056.c2sc.glif":"afii10056.c2sc.glif","afii10056.c2sc.salt.glif":"afii10056.c2sc.salt.glif","afii10056.glif":"afii10056.glif","afii10056.salt.glif":"afii10056.salt.glif","afii10057.c2sc.glif":"afii10057.c2sc.glif","afii10057.glif":"afii10057.glif","afii10058.c2sc.glif":"afii10058.c2sc.glif","afii10058.glif":"afii10058.glif","afii10059.c2sc.glif":"afii10059.c2sc.glif","afii10059.glif":"afii10059.glif","afii10060.c2sc.glif":"afii10060.c2sc.glif","afii10060.glif":"afii10060.glif","afii10061.c2sc.glif":"afii10061.c2sc.glif","afii10061.c2sc.salt.glif":"afii10061.c2sc.salt.glif","afii10061.glif":"afii10061.glif","afii10061.salt.glif":"afii10061.salt.glif","afii10062.c2sc.glif":"afii10062.c2sc.glif","afii10062.glif":"afii10062.glif","afii10065.glif":"afii10065.glif","afii10066.glif":"afii10066.glif","afii10067.glif":"afii10067.glif","afii10068.glif":"afii10068.glif","afii10069.glif":"afii10069.glif","afii10070.glif":"afii10070.glif","afii10071.glif":"afii10071.glif","afii10072.glif":"afii10072.glif","afii10072.salt.glif":"afii10072.salt.glif","afii10073.glif":"afii10073.glif","afii10074.glif":"afii10074.glif","afii10075.glif":"afii10075.glif","afii10076.glif":"afii10076.glif","afii10076.salt.glif":"afii10076.salt.glif","afii10077.glif":"afii10077.glif","afii10078.glif":"afii10078.glif","afii10079.glif":"afii10079.glif","afii10080.glif":"afii10080.glif","afii10081.glif":"afii10081.glif","afii10082.glif":"afii10082.glif","afii10083.glif":"afii10083.glif","afii10084.glif":"afii10084.glif","afii10085.glif":"afii10085.glif","afii10086.glif":"afii10086.glif","afii10087.glif":"afii10087.glif","afii10088.glif":"afii10088.glif","afii10089.glif":"afii10089.glif","afii10090.glif":"afii10090.glif","afii10091.glif":"afii10091.glif","afii10092.glif":"afii10092.glif","afii10093.glif":"afii10093.glif","afii10094.glif":"afii10094.glif","afii10095.glif":"afii10095.glif","afii10096.glif":"afii10096.glif","afii10097.glif":"afii10097.glif","afii10097.salt.glif":"afii10097.salt.glif","afii10098.glif":"afii10098.glif","afii10099.glif":"afii10099.glif","afii10100.glif":"afii10100.glif","afii10101.glif":"afii10101.glif","afii10102.glif":"afii10102.glif","afii10103.glif":"afii10103.glif","afii10104.glif":"afii10104.glif","afii10105.glif":"afii10105.glif","afii10106.glif":"afii10106.glif","afii10107.glif":"afii10107.glif","afii10108.glif":"afii10108.glif","afii10109.glif":"afii10109.glif","afii10109.salt.glif":"afii10109.salt.glif","afii10110.glif":"afii10110.glif","afii10145.c2sc.glif":"afii10145.c2sc.glif","afii10145.glif":"afii10145.glif","afii10193.glif":"afii10193.glif","afii10846.glif":"afii10846.glif","afii57636.glif":"afii57636.glif","afii61248.glif":"afii61248.glif","afii61289.glif":"afii61289.glif","afii61352.glif":"afii61352.glif","agrave.glif":"agrave.glif","agrave.sc.glif":"agrave.sc.glif","alpha.glif":"alpha.glif","alphatonos.glif":"alphatonos.glif","amacron.glif":"amacron.glif","amacron.sc.glif":"amacron.sc.glif","ampersand.glif":"ampersand.glif","anoteleia.glif":"anoteleia.glif","aogonek.glif":"aogonek.glif","aogonek.sc.glif":"aogonek.sc.glif","approxequal.glif":"approxequal.glif","aring.glif":"aring.glif","aring.sc.glif":"aring.sc.glif","aringacute.glif":"aringacute.glif","aringacute.sc.glif":"aringacute.sc.glif","asciicircum.glif":"asciicircum.glif","asciitilde.glif":"asciitilde.glif","asterisk.glif":"asterisk.glif","at.glif":"at.glif","atilde.glif":"atilde.glif","atilde.sc.glif":"atilde.sc.glif","b.glif":"b.glif","b.sc.glif":"b.sc.glif","backslash.glif":"backslash.glif","bar.glif":"bar.glif","beta.glif":"beta.glif","braceleft.glif":"braceleft.glif","braceright.glif":"braceright.glif","bracketleft.glif":"bracketleft.glif","bracketright.glif":"bracketright.glif","breve.glif":"breve.glif","brokenbar.glif":"brokenbar.glif","bullet.glif":"bullet.glif","c.glif":"c.glif","c.sc.glif":"c.sc.glif","cacute.glif":"cacute.glif","cacute.sc.glif":"cacute.sc.glif","caron.glif":"caron.glif","ccaron.glif":"ccaron.glif","ccaron.sc.glif":"ccaron.sc.glif","ccedilla.glif":"ccedilla.glif","ccedilla.sc.glif":"ccedilla.sc.glif","ccircumflex.glif":"ccircumflex.glif","ccircumflex.sc.glif":"ccircumflex.sc.glif","cdotaccent.glif":"cdotaccent.glif","cdotaccent.sc.glif":"cdotaccent.sc.glif","cedilla.glif":"cedilla.glif","cent.glif":"cent.glif","cent.oldstyle.glif":"cent.oldstyle.glif","cent.pnum.glif":"cent.pnum.glif","chi.glif":"chi.glif","circumflex.glif":"circumflex.glif","colon.glif":"colon.glif","colonmonetary.glif":"colonmonetary.glif","comma.glif":"comma.glif","contents.plist":"contents.plist","copyright.glif":"copyright.glif","currency.glif":"currency.glif","currency.oldstyle.glif":"currency.oldstyle.glif","currency.pnum.glif":"currency.pnum.glif","d.glif":"d.glif","d.sc.glif":"d.sc.glif","dagger.glif":"dagger.glif","daggerdbl.glif":"daggerdbl.glif","dcaron.glif":"dcaron.glif","dcaron.sc.glif":"dcaron.sc.glif","dcroat.glif":"dcroat.glif","dcroat.sc.glif":"dcroat.sc.glif","degree.glif":"degree.glif","delta.glif":"delta.glif","dieresis.glif":"dieresis.glif","dieresistonos.glif":"dieresistonos.glif","divide.glif":"divide.glif","dollar.glif":"dollar.glif","dollar.oldstyle.glif":"dollar.oldstyle.glif","dollar.pnum.glif":"dollar.pnum.glif","dong.glif":"dong.glif","dotaccent.glif":"dotaccent.glif","dotbelowcomb.glif":"dotbelowcomb.glif","dotlessi.glif":"dotlessi.glif","e.glif":"e.glif","e.sc.glif":"e.sc.glif","eacute.glif":"eacute.glif","eacute.sc.glif":"eacute.sc.glif","ebreve.glif":"ebreve.glif","ebreve.sc.glif":"ebreve.sc.glif","ecaron.glif":"ecaron.glif","ecaron.sc.glif":"ecaron.sc.glif","ecircumflex.glif":"ecircumflex.glif","ecircumflex.sc.glif":"ecircumflex.sc.glif","edieresis.glif":"edieresis.glif","edieresis.sc.glif":"edieresis.sc.glif","edotaccent.glif":"edotaccent.glif","edotaccent.sc.glif":"edotaccent.sc.glif","egrave.glif":"egrave.glif","egrave.sc.glif":"egrave.sc.glif","eight.dnom.glif":"eight.dnom.glif","eight.frac.glif":"eight.frac.glif","eight.glif":"eight.glif","eight.oldstyle.glif":"eight.oldstyle.glif","eight.pnum.glif":"eight.pnum.glif","ellipsis.glif":"ellipsis.glif","emacron.glif":"emacron.glif","emacron.sc.glif":"emacron.sc.glif","emdash.glif":"emdash.glif","endash.glif":"endash.glif","eng.glif":"eng.glif","eng.sc.glif":"eng.sc.glif","eogonek.glif":"eogonek.glif","eogonek.sc.glif":"eogonek.sc.glif","epsilon.glif":"epsilon.glif","epsilontonos.glif":"epsilontonos.glif","equal.glif":"equal.glif","equivalence.glif":"equivalence.glif","estimated.glif":"estimated.glif","eta.glif":"eta.glif","etatonos.glif":"etatonos.glif","eth.glif":"eth.glif","eth.sc.glif":"eth.sc.glif","exclam.glif":"exclam.glif","exclamdbl.glif":"exclamdbl.glif","exclamdown.glif":"exclamdown.glif","f.glif":"f.glif","f.sc.glif":"f.sc.glif","f_j.dlig.glif":"f_j.dlig.glif","figuredash.glif":"figuredash.glif","five.dnom.glif":"five.dnom.glif","five.frac.glif":"five.frac.glif","five.glif":"five.glif","five.oldstyle.glif":"five.oldstyle.glif","five.pnum.glif":"five.pnum.glif","fiveeighths.glif":"fiveeighths.glif","florin.glif":"florin.glif","florin.oldstyle.glif":"florin.oldstyle.glif","florin.pnum.glif":"florin.pnum.glif","four.dnom.glif":"four.dnom.glif","four.frac.glif":"four.frac.glif","four.glif":"four.glif","four.oldstyle.glif":"four.oldstyle.glif","four.pnum.glif":"four.pnum.glif","fraction.glif":"fraction.glif","franc.glif":"franc.glif","franc.oldstyle.glif":"franc.oldstyle.glif","franc.pnum.glif":"franc.pnum.glif","g.glif":"g.glif","g.sc.glif":"g.sc.glif","gamma.glif":"gamma.glif","gbreve.glif":"gbreve.glif","gbreve.sc.glif":"gbreve.sc.glif","gcircumflex.glif":"gcircumflex.glif","gcircumflex.sc.glif":"gcircumflex.sc.glif","gcommaaccent.glif":"gcommaaccent.glif","gcommaaccent.sc.glif":"gcommaaccent.sc.glif","gdotaccent.glif":"gdotaccent.glif","gdotaccent.sc.glif":"gdotaccent.sc.glif","germandbls.glif":"germandbls.glif","glyph1.glif":"glyph1.glif","glyph1085.glif":"glyph1085.glif","glyph1227.glif":"glyph1227.glif","glyph1228.glif":"glyph1228.glif","glyph1229.glif":"glyph1229.glif","glyph1230.glif":"glyph1230.glif","glyph1264.glif":"glyph1264.glif","glyph1295.glif":"glyph1295.glif","glyph1296.glif":"glyph1296.glif","glyph1394.glif":"glyph1394.glif","glyph155.glif":"glyph155.glif","glyph2.glif":"glyph2.glif","glyph411.glif":"glyph411.glif","glyph412.glif":"glyph412.glif","glyph571.glif":"glyph571.glif","glyph572.glif":"glyph572.glif","glyph573.glif":"glyph573.glif","glyph578.glif":"glyph578.glif","glyph579.glif":"glyph579.glif","glyph580.glif":"glyph580.glif","glyph581.glif":"glyph581.glif","glyph590.glif":"glyph590.glif","glyph591.glif":"glyph591.glif","glyph592.glif":"glyph592.glif","glyph593.glif":"glyph593.glif","glyph594.glif":"glyph594.glif","glyph595.glif":"glyph595.glif","glyph596.glif":"glyph596.glif","glyph597.glif":"glyph597.glif","glyph598.glif":"glyph598.glif","glyph599.glif":"glyph599.glif","glyph600.glif":"glyph600.glif","glyph601.glif":"glyph601.glif","glyph602.glif":"glyph602.glif","glyph603.glif":"glyph603.glif","glyph604.glif":"glyph604.glif","glyph675.glif":"glyph675.glif","glyph676.glif":"glyph676.glif","glyph695.glif":"glyph695.glif","glyph696.glif":"glyph696.glif","glyph697.glif":"glyph697.glif","glyph698.glif":"glyph698.glif","glyph699.glif":"glyph699.glif","glyph700.glif":"glyph700.glif","glyph701.glif":"glyph701.glif","glyph702.glif":"glyph702.glif","glyph703.glif":"glyph703.glif","glyph704.glif":"glyph704.glif","glyph705.glif":"glyph705.glif","glyph706.glif":"glyph706.glif","glyph707.glif":"glyph707.glif","glyph708.glif":"glyph708.glif","glyph709.glif":"glyph709.glif","glyph710.glif":"glyph710.glif","glyph711.glif":"glyph711.glif","glyph712.glif":"glyph712.glif","glyph713.glif":"glyph713.glif","glyph714.glif":"glyph714.glif","glyph715.glif":"glyph715.glif","glyph716.glif":"glyph716.glif","glyph717.glif":"glyph717.glif","glyph718.glif":"glyph718.glif","glyph719.glif":"glyph719.glif","glyph720.glif":"glyph720.glif","glyph721.glif":"glyph721.glif","glyph722.glif":"glyph722.glif","glyph723.glif":"glyph723.glif","glyph724.glif":"glyph724.glif","glyph725.glif":"glyph725.glif","glyph726.glif":"glyph726.glif","glyph727.glif":"glyph727.glif","glyph728.glif":"glyph728.glif","glyph729.glif":"glyph729.glif","glyph730.glif":"glyph730.glif","glyph731.glif":"glyph731.glif","glyph732.glif":"glyph732.glif","glyph733.glif":"glyph733.glif","glyph734.glif":"glyph734.glif","glyph735.glif":"glyph735.glif","glyph736.glif":"glyph736.glif","glyph737.glif":"glyph737.glif","glyph738.glif":"glyph738.glif","glyph739.glif":"glyph739.glif","glyph740.glif":"glyph740.glif","glyph741.glif":"glyph741.glif","glyph742.glif":"glyph742.glif","glyph743.glif":"glyph743.glif","glyph744.glif":"glyph744.glif","glyph745.glif":"glyph745.glif","glyph746.glif":"glyph746.glif","glyph747.glif":"glyph747.glif","glyph748.glif":"glyph748.glif","glyph749.glif":"glyph749.glif","glyph750.glif":"glyph750.glif","glyph751.glif":"glyph751.glif","glyph752.glif":"glyph752.glif","glyph753.glif":"glyph753.glif","glyph754.glif":"glyph754.glif","glyph755.glif":"glyph755.glif","glyph756.glif":"glyph756.glif","glyph757.glif":"glyph757.glif","glyph758.glif":"glyph758.glif","glyph759.glif":"glyph759.glif","glyph760.glif":"glyph760.glif","glyph761.glif":"glyph761.glif","glyph762.glif":"glyph762.glif","glyph763.glif":"glyph763.glif","glyph764.glif":"glyph764.glif","glyph765.glif":"glyph765.glif","glyph766.glif":"glyph766.glif","glyph767.glif":"glyph767.glif","glyph768.glif":"glyph768.glif","glyph769.glif":"glyph769.glif","glyph770.glif":"glyph770.glif","glyph771.glif":"glyph771.glif","glyph772.glif":"glyph772.glif","glyph773.glif":"glyph773.glif","glyph774.glif":"glyph774.glif","glyph775.glif":"glyph775.glif","glyph776.glif":"glyph776.glif","glyph777.glif":"glyph777.glif","glyph778.glif":"glyph778.glif","glyph779.glif":"glyph779.glif","glyph780.glif":"glyph780.glif","glyph781.glif":"glyph781.glif","glyph782.glif":"glyph782.glif","glyph783.glif":"glyph783.glif","glyph784.glif":"glyph784.glif","glyph785.glif":"glyph785.glif","glyph786.glif":"glyph786.glif","glyph787.glif":"glyph787.glif","glyph788.glif":"glyph788.glif","glyph789.glif":"glyph789.glif","glyph790.glif":"glyph790.glif","glyph791.glif":"glyph791.glif","glyph792.glif":"glyph792.glif","glyph793.glif":"glyph793.glif","glyph794.glif":"glyph794.glif","glyph795.glif":"glyph795.glif","glyph796.glif":"glyph796.glif","glyph797.glif":"glyph797.glif","glyph798.glif":"glyph798.glif","glyph799.glif":"glyph799.glif","glyph800.glif":"glyph800.glif","glyph801.glif":"glyph801.glif","glyph802.glif":"glyph802.glif","glyph803.glif":"glyph803.glif","glyph804.glif":"glyph804.glif","glyph805.glif":"glyph805.glif","glyph806.glif":"glyph806.glif","glyph807.glif":"glyph807.glif","glyph808.glif":"glyph808.glif","glyph809.glif":"glyph809.glif","glyph810.glif":"glyph810.glif","glyph811.glif":"glyph811.glif","glyph812.glif":"glyph812.glif","glyph813.glif":"glyph813.glif","glyph814.glif":"glyph814.glif","glyph815.glif":"glyph815.glif","glyph816.glif":"glyph816.glif","glyph817.glif":"glyph817.glif","glyph818.glif":"glyph818.glif","glyph819.glif":"glyph819.glif","glyph820.glif":"glyph820.glif","glyph821.glif":"glyph821.glif","glyph822.glif":"glyph822.glif","glyph823.glif":"glyph823.glif","glyph824.glif":"glyph824.glif","glyph825.glif":"glyph825.glif","glyph826.glif":"glyph826.glif","glyph827.glif":"glyph827.glif","glyph828.glif":"glyph828.glif","glyph829.glif":"glyph829.glif","glyph830.glif":"glyph830.glif","glyph831.glif":"glyph831.glif","glyph832.glif":"glyph832.glif","glyph833.glif":"glyph833.glif","glyph834.glif":"glyph834.glif","glyph835.glif":"glyph835.glif","glyph836.glif":"glyph836.glif","glyph837.glif":"glyph837.glif","glyph838.glif":"glyph838.glif","glyph839.glif":"glyph839.glif","glyph840.glif":"glyph840.glif","glyph841.glif":"glyph841.glif","glyph842.glif":"glyph842.glif","glyph843.glif":"glyph843.glif","glyph882.glif":"glyph882.glif","glyph883.glif":"glyph883.glif","glyph910.glif":"glyph910.glif","glyph946.glif":"glyph946.glif","glyph947.glif":"glyph947.glif","grave.glif":"grave.glif","gravecomb.glif":"gravecomb.glif","greater.glif":"greater.glif","greaterequal.glif":"greaterequal.glif","guillemotleft.glif":"guillemotleft.glif","guillemotright.glif":"guillemotright.glif","guilsinglleft.glif":"guilsinglleft.glif","guilsinglright.glif":"guilsinglright.glif","h.glif":"h.glif","h.sc.glif":"h.sc.glif","hbar.glif":"hbar.glif","hbar.sc.glif":"hbar.sc.glif","hcircumflex.glif":"hcircumflex.glif","hcircumflex.sc.glif":"hcircumflex.sc.glif","hookabovecomb.glif":"hookabovecomb.glif","hungarumlaut.glif":"hungarumlaut.glif","hyphen.glif":"hyphen.glif","i.glif":"i.glif","i.sc.glif":"i.sc.glif","i.sc.ss01.glif":"i.sc.ss01.glif","iacute.glif":"iacute.glif","iacute.locl.glif":"iacute.locl.glif","iacute.sc.glif":"iacute.sc.glif","iacute.sc.ss01.glif":"iacute.sc.ss01.glif","ibreve.glif":"ibreve.glif","ibreve.sc.glif":"ibreve.sc.glif","ibreve.sc.ss01.glif":"ibreve.sc.ss01.glif","icircumflex.glif":"icircumflex.glif","icircumflex.sc.glif":"icircumflex.sc.glif","icircumflex.sc.ss01.glif":"icircumflex.sc.ss01.glif","idieresis.glif":"idieresis.glif","idieresis.sc.glif":"idieresis.sc.glif","idieresis.sc.ss01.glif":"idieresis.sc.ss01.glif","igrave.glif":"igrave.glif","igrave.sc.glif":"igrave.sc.glif","igrave.sc.ss01.glif":"igrave.sc.ss01.glif","ij.glif":"ij.glif","ij.sc.glif":"ij.sc.glif","ij.sc.ss01.glif":"ij.sc.ss01.glif","imacron.glif":"imacron.glif","imacron.sc.glif":"imacron.sc.glif","imacron.sc.ss01.glif":"imacron.sc.ss01.glif","infinity.glif":"infinity.glif","integral.glif":"integral.glif","iogonek.glif":"iogonek.glif","iogonek.sc.glif":"iogonek.sc.glif","iogonek.sc.ss01.glif":"iogonek.sc.ss01.glif","iota.glif":"iota.glif","iotadieresis.glif":"iotadieresis.glif","iotadieresistonos.glif":"iotadieresistonos.glif","iotatonos.glif":"iotatonos.glif","itilde.glif":"itilde.glif","itilde.sc.glif":"itilde.sc.glif","itilde.sc.ss01.glif":"itilde.sc.ss01.glif","j.glif":"j.glif","j.sc.glif":"j.sc.glif","jcircumflex.glif":"jcircumflex.glif","jcircumflex.sc.glif":"jcircumflex.sc.glif","k.glif":"k.glif","k.sc.glif":"k.sc.glif","kappa.glif":"kappa.glif","kcommaaccent.glif":"kcommaaccent.glif","kcommaaccent.sc.glif":"kcommaaccent.sc.glif","kgreenlandic.glif":"kgreenlandic.glif","l.glif":"l.glif","l.sc.glif":"l.sc.glif","lacute.glif":"lacute.glif","lacute.sc.glif":"lacute.sc.glif","lambda.glif":"lambda.glif","lcaron.glif":"lcaron.glif","lcaron.sc.glif":"lcaron.sc.glif","lcommaaccent.glif":"lcommaaccent.glif","lcommaaccent.sc.glif":"lcommaaccent.sc.glif","ldot.glif":"ldot.glif","ldot.sc.glif":"ldot.sc.glif","less.glif":"less.glif","lessequal.glif":"lessequal.glif","lira.glif":"lira.glif","lira.oldstyle.glif":"lira.oldstyle.glif","lira.pnum.glif":"lira.pnum.glif","logicalnot.glif":"logicalnot.glif","longs.glif":"longs.glif","lozenge.glif":"lozenge.glif","lslash.glif":"lslash.glif","lslash.sc.glif":"lslash.sc.glif","m.glif":"m.glif","m.sc.glif":"m.sc.glif","macron.glif":"macron.glif","minus.glif":"minus.glif","minute.glif":"minute.glif","mu.glif":"mu.glif","multiply.glif":"multiply.glif","musicalnote.glif":"musicalnote.glif","n.glif":"n.glif","n.sc.glif":"n.sc.glif","nacute.glif":"nacute.glif","nacute.sc.glif":"nacute.sc.glif","napostrophe.glif":"napostrophe.glif","ncaron.glif":"ncaron.glif","ncaron.sc.glif":"ncaron.sc.glif","ncommaaccent.glif":"ncommaaccent.glif","ncommaaccent.sc.glif":"ncommaaccent.sc.glif","nine.dnom.glif":"nine.dnom.glif","nine.frac.glif":"nine.frac.glif","nine.glif":"nine.glif","nine.oldstyle.glif":"nine.oldstyle.glif","nine.pnum.glif":"nine.pnum.glif","notequal.glif":"notequal.glif","ntilde.glif":"ntilde.glif","ntilde.sc.glif":"ntilde.sc.glif","nu.glif":"nu.glif","numbersign.glif":"numbersign.glif","o.glif":"o.glif","o.sc.glif":"o.sc.glif","oacute.glif":"oacute.glif","oacute.sc.glif":"oacute.sc.glif","obreve.glif":"obreve.glif","obreve.sc.glif":"obreve.sc.glif","ocircumflex.glif":"ocircumflex.glif","ocircumflex.sc.glif":"ocircumflex.sc.glif","odieresis.glif":"odieresis.glif","odieresis.sc.glif":"odieresis.sc.glif","oe.glif":"oe.glif","oe.sc.glif":"oe.sc.glif","ogonek.glif":"ogonek.glif","ograve.glif":"ograve.glif","ograve.sc.glif":"ograve.sc.glif","ohorn.glif":"ohorn.glif","ohungarumlaut.glif":"ohungarumlaut.glif","ohungarumlaut.sc.glif":"ohungarumlaut.sc.glif","omacron.glif":"omacron.glif","omacron.sc.glif":"omacron.sc.glif","omega.glif":"omega.glif","omega1.glif":"omega1.glif","omegatonos.glif":"omegatonos.glif","omicron.glif":"omicron.glif","omicrontonos.glif":"omicrontonos.glif","one.dnom.glif":"one.dnom.glif","one.frac.glif":"one.frac.glif","one.glif":"one.glif","one.oldstyle.glif":"one.oldstyle.glif","one.pnum.glif":"one.pnum.glif","oneeighth.glif":"oneeighth.glif","onehalf.glif":"onehalf.glif","onequarter.glif":"onequarter.glif","openbullet.glif":"openbullet.glif","ordfeminine.glif":"ordfeminine.glif","ordmasculine.glif":"ordmasculine.glif","oslash.glif":"oslash.glif","oslash.sc.glif":"oslash.sc.glif","oslashacute.glif":"oslashacute.glif","oslashacute.sc.glif":"oslashacute.sc.glif","otilde.glif":"otilde.glif","otilde.sc.glif":"otilde.sc.glif","p.glif":"p.glif","p.sc.glif":"p.sc.glif","paragraph.glif":"paragraph.glif","parenleft.glif":"parenleft.glif","parenright.glif":"parenright.glif","partialdiff.glif":"partialdiff.glif","percent.glif":"percent.glif","period.glif":"period.glif","periodcentered.glif":"periodcentered.glif","perthousand.glif":"perthousand.glif","peseta.glif":"peseta.glif","phi.glif":"phi.glif","pi.glif":"pi.glif","plus.glif":"plus.glif","plusminus.glif":"plusminus.glif","product.glif":"product.glif","psi.glif":"psi.glif","q.glif":"q.glif","q.sc.glif":"q.sc.glif","question.glif":"question.glif","questiondown.glif":"questiondown.glif","quotedbl.glif":"quotedbl.glif","quotedblbase.glif":"quotedblbase.glif","quotedblleft.glif":"quotedblleft.glif","quotedblright.glif":"quotedblright.glif","quoteleft.glif":"quoteleft.glif","quotereversed.glif":"quotereversed.glif","quoteright.glif":"quoteright.glif","quotesinglbase.glif":"quotesinglbase.glif","quotesingle.glif":"quotesingle.glif","r.glif":"r.glif","r.sc.glif":"r.sc.glif","racute.glif":"racute.glif","racute.sc.glif":"racute.sc.glif","radical.glif":"radical.glif","rcaron.glif":"rcaron.glif","rcaron.sc.glif":"rcaron.sc.glif","rcommaaccent.glif":"rcommaaccent.glif","rcommaaccent.sc.glif":"rcommaaccent.sc.glif","registered.glif":"registered.glif","rho.glif":"rho.glif","ring.glif":"ring.glif","s.glif":"s.glif","s.sc.glif":"s.sc.glif","sacute.glif":"sacute.glif","sacute.sc.glif":"sacute.sc.glif","scaron.glif":"scaron.glif","scaron.sc.glif":"scaron.sc.glif","scedilla.glif":"scedilla.glif","scedilla.sc.glif":"scedilla.sc.glif","scircumflex.glif":"scircumflex.glif","scircumflex.sc.glif":"scircumflex.sc.glif","scommaaccent.glif":"scommaaccent.glif","scommaaccent.sc.glif":"scommaaccent.sc.glif","second.glif":"second.glif","section.glif":"section.glif","semicolon.glif":"semicolon.glif","seven.dnom.glif":"seven.dnom.glif","seven.frac.glif":"seven.frac.glif","seven.glif":"seven.glif","seven.oldstyle.glif":"seven.oldstyle.glif","seven.pnum.glif":"seven.pnum.glif","seveneighths.glif":"seveneighths.glif","sigma.glif":"sigma.glif","sigma1.glif":"sigma1.glif","six.dnom.glif":"six.dnom.glif","six.frac.glif":"six.frac.glif","six.glif":"six.glif","six.oldstyle.glif":"six.oldstyle.glif","six.pnum.glif":"six.pnum.glif","slash.glif":"slash.glif","space.glif":"space.glif","sterling.glif":"sterling.glif","sterling.oldstyle.glif":"sterling.oldstyle.glif","sterling.pnum.glif":"sterling.pnum.glif","summation.glif":"summation.glif","t.glif":"t.glif","t.sc.glif":"t.sc.glif","tau.glif":"tau.glif","tbar.glif":"tbar.glif","tbar.sc.glif":"tbar.sc.glif","tcaron.glif":"tcaron.glif","tcaron.sc.glif":"tcaron.sc.glif","tcommaaccent.glif":"tcommaaccent.glif","tcommaaccent.sc.glif":"tcommaaccent.sc.glif","theta.glif":"theta.glif","thorn.glif":"thorn.glif","thorn.sc.glif":"thorn.sc.glif","three.dnom.glif":"three.dnom.glif","three.frac.glif":"three.frac.glif","three.glif":"three.glif","three.oldstyle.glif":"three.oldstyle.glif","three.pnum.glif":"three.pnum.glif","threeeighths.glif":"threeeighths.glif","threequarters.glif":"threequarters.glif","tilde.glif":"tilde.glif","tildecomb.glif":"tildecomb.glif","tonos.glif":"tonos.glif","trademark.glif":"trademark.glif","two.dnom.glif":"two.dnom.glif","two.frac.glif":"two.frac.glif","two.glif":"two.glif","two.oldstyle.glif":"two.oldstyle.glif","two.pnum.glif":"two.pnum.glif","u.glif":"u.glif","u.sc.glif":"u.sc.glif","uacute.glif":"uacute.glif","uacute.sc.glif":"uacute.sc.glif","ubreve.glif":"ubreve.glif","ubreve.sc.glif":"ubreve.sc.glif","ucircumflex.glif":"ucircumflex.glif","ucircumflex.sc.glif":"ucircumflex.sc.glif","udieresis.glif":"udieresis.glif","udieresis.sc.glif":"udieresis.sc.glif","ugrave.glif":"ugrave.glif","ugrave.sc.glif":"ugrave.sc.glif","uhorn.glif":"uhorn.glif","uhungarumlaut.glif":"uhungarumlaut.glif","uhungarumlaut.sc.glif":"uhungarumlaut.sc.glif","umacron.glif":"umacron.glif","umacron.sc.glif":"umacron.sc.glif","underscore.glif":"underscore.glif","underscoredbl.glif":"underscoredbl.glif","uni00B_2.glif":"uni00B_2.glif","uni00B_3.glif":"uni00B_3.glif","uni00B_5.glif":"uni00B_5.glif","uni00B_9.glif":"uni00B_9.glif","uni018F_.glif":"uni018F_.glif","uni021A_.glif":"uni021A_.glif","uni021B_.glif":"uni021B_.glif","uni021B_.sc.glif":"uni021B_.sc.glif","uni0237.glif":"uni0237.glif","uni0259.glif":"uni0259.glif","uni02C_9.glif":"uni02C_9.glif","uni0302.glif":"uni0302.glif","uni0306.glif":"uni0306.glif","uni0308.glif":"uni0308.glif","uni030B_.glif":"uni030B_.glif","uni030C_.glif":"uni030C_.glif","uni0326.glif":"uni0326.glif","uni0333.glif":"uni0333.glif","uni0347.glif":"uni0347.glif","uni040D_.glif":"uni040D_.glif","uni045D_.glif":"uni045D_.glif","uni0478.glif":"uni0478.glif","uni0479.glif":"uni0479.glif","uni047C_.glif":"uni047C_.glif","uni047D_.glif":"uni047D_.glif","uni0487.glif":"uni0487.glif","uni0492.glif":"uni0492.glif","uni0493.glif":"uni0493.glif","uni0496.glif":"uni0496.glif","uni0497.glif":"uni0497.glif","uni049A_.glif":"uni049A_.glif","uni049B_.glif":"uni049B_.glif","uni049C_.glif":"uni049C_.glif","uni049D_.glif":"uni049D_.glif","uni04A_2.glif":"uni04A_2.glif","uni04A_3.glif":"uni04A_3.glif","uni04A_8.glif":"uni04A_8.glif","uni04A_9.glif":"uni04A_9.glif","uni04A_C_.glif":"uni04A_C_.glif","uni04A_D_.glif":"uni04A_D_.glif","uni04A_E_.glif":"uni04A_E_.glif","uni04A_F_.glif":"uni04A_F_.glif","uni04B_0.glif":"uni04B_0.glif","uni04B_1.glif":"uni04B_1.glif","uni04B_2.glif":"uni04B_2.glif","uni04B_3.glif":"uni04B_3.glif","uni04B_4.glif":"uni04B_4.glif","uni04B_5.glif":"uni04B_5.glif","uni04B_8.glif":"uni04B_8.glif","uni04B_9.glif":"uni04B_9.glif","uni04B_A_.glif":"uni04B_A_.glif","uni04B_B_.glif":"uni04B_B_.glif","uni04B_C_.glif":"uni04B_C_.glif","uni04B_D_.glif":"uni04B_D_.glif","uni04B_E_.glif":"uni04B_E_.glif","uni04B_F_.glif":"uni04B_F_.glif","uni04D_8.glif":"uni04D_8.glif","uni04E_8.glif":"uni04E_8.glif","uni04E_9.glif":"uni04E_9.glif","uni04F_6.glif":"uni04F_6.glif","uni04F_7.glif":"uni04F_7.glif","uni051A_.glif":"uni051A_.glif","uni051B_.glif":"uni051B_.glif","uni051C_.glif":"uni051C_.glif","uni051D_.glif":"uni051D_.glif","uni0531.glif":"uni0531.glif","uni0532.glif":"uni0532.glif","uni0533.glif":"uni0533.glif","uni0534.glif":"uni0534.glif","uni0535.glif":"uni0535.glif","uni0536.glif":"uni0536.glif","uni0537.glif":"uni0537.glif","uni0538.glif":"uni0538.glif","uni0539.glif":"uni0539.glif","uni053A_.glif":"uni053A_.glif","uni053B_.glif":"uni053B_.glif","uni053C_.glif":"uni053C_.glif","uni053D_.glif":"uni053D_.glif","uni053E_.glif":"uni053E_.glif","uni053F_.glif":"uni053F_.glif","uni0540.glif":"uni0540.glif","uni0541.glif":"uni0541.glif","uni0542.glif":"uni0542.glif","uni0543.glif":"uni0543.glif","uni0544.glif":"uni0544.glif","uni0545.glif":"uni0545.glif","uni0546.glif":"uni0546.glif","uni0547.glif":"uni0547.glif","uni0548.glif":"uni0548.glif","uni0549.glif":"uni0549.glif","uni054A_.glif":"uni054A_.glif","uni054B_.glif":"uni054B_.glif","uni054C_.glif":"uni054C_.glif","uni054D_.glif":"uni054D_.glif","uni054E_.glif":"uni054E_.glif","uni054F_.glif":"uni054F_.glif","uni0550.glif":"uni0550.glif","uni0551.glif":"uni0551.glif","uni0552.glif":"uni0552.glif","uni0553.glif":"uni0553.glif","uni0554.glif":"uni0554.glif","uni0555.glif":"uni0555.glif","uni0556.glif":"uni0556.glif","uni0559.glif":"uni0559.glif","uni055A_.glif":"uni055A_.glif","uni055B_.glif":"uni055B_.glif","uni055C_.glif":"uni055C_.glif","uni055D_.glif":"uni055D_.glif","uni055E_.glif":"uni055E_.glif","uni055F_.glif":"uni055F_.glif","uni0561.glif":"uni0561.glif","uni0562.glif":"uni0562.glif","uni0563.glif":"uni0563.glif","uni0564.glif":"uni0564.glif","uni0565.glif":"uni0565.glif","uni0566.glif":"uni0566.glif","uni0567.glif":"uni0567.glif","uni0568.glif":"uni0568.glif","uni0569.glif":"uni0569.glif","uni056A_.glif":"uni056A_.glif","uni056B_.glif":"uni056B_.glif","uni056C_.glif":"uni056C_.glif","uni056D_.glif":"uni056D_.glif","uni056E_.glif":"uni056E_.glif","uni056F_.glif":"uni056F_.glif","uni0570.glif":"uni0570.glif","uni0571.glif":"uni0571.glif","uni0572.glif":"uni0572.glif","uni0573.glif":"uni0573.glif","uni0574.glif":"uni0574.glif","uni0575.glif":"uni0575.glif","uni0576.glif":"uni0576.glif","uni0577.glif":"uni0577.glif","uni0578.glif":"uni0578.glif","uni0579.glif":"uni0579.glif","uni057A_.glif":"uni057A_.glif","uni057B_.glif":"uni057B_.glif","uni057C_.glif":"uni057C_.glif","uni057D_.glif":"uni057D_.glif","uni057E_.glif":"uni057E_.glif","uni057F_.glif":"uni057F_.glif","uni0580.glif":"uni0580.glif","uni0581.glif":"uni0581.glif","uni0582.glif":"uni0582.glif","uni0583.glif":"uni0583.glif","uni0584.glif":"uni0584.glif","uni0585.glif":"uni0585.glif","uni0586.glif":"uni0586.glif","uni0587.glif":"uni0587.glif","uni0589.glif":"uni0589.glif","uni058A_.glif":"uni058A_.glif","uni058F_.glif":"uni058F_.glif","uni0E_3F_.glif":"uni0E_3F_.glif","uni1E_9E_.glif":"uni1E_9E_.glif","uni1E_A_0.glif":"uni1E_A_0.glif","uni1E_A_1.glif":"uni1E_A_1.glif","uni1E_A_2.glif":"uni1E_A_2.glif","uni1E_A_3.glif":"uni1E_A_3.glif","uni1E_A_4.glif":"uni1E_A_4.glif","uni1E_A_5.glif":"uni1E_A_5.glif","uni1E_A_6.glif":"uni1E_A_6.glif","uni1E_A_7.glif":"uni1E_A_7.glif","uni1E_A_8.glif":"uni1E_A_8.glif","uni1E_A_9.glif":"uni1E_A_9.glif","uni1E_A_A_.glif":"uni1E_A_A_.glif","uni1E_A_B_.glif":"uni1E_A_B_.glif","uni1E_A_C_.glif":"uni1E_A_C_.glif","uni1E_A_D_.glif":"uni1E_A_D_.glif","uni1E_A_E_.glif":"uni1E_A_E_.glif","uni1E_A_F_.glif":"uni1E_A_F_.glif","uni1E_B_0.glif":"uni1E_B_0.glif","uni1E_B_1.glif":"uni1E_B_1.glif","uni1E_B_2.glif":"uni1E_B_2.glif","uni1E_B_3.glif":"uni1E_B_3.glif","uni1E_B_4.glif":"uni1E_B_4.glif","uni1E_B_5.glif":"uni1E_B_5.glif","uni1E_B_6.glif":"uni1E_B_6.glif","uni1E_B_7.glif":"uni1E_B_7.glif","uni1E_B_8.glif":"uni1E_B_8.glif","uni1E_B_9.glif":"uni1E_B_9.glif","uni1E_B_A_.glif":"uni1E_B_A_.glif","uni1E_B_B_.glif":"uni1E_B_B_.glif","uni1E_B_C_.glif":"uni1E_B_C_.glif","uni1E_B_D_.glif":"uni1E_B_D_.glif","uni1E_B_E_.glif":"uni1E_B_E_.glif","uni1E_B_F_.glif":"uni1E_B_F_.glif","uni1E_C_0.glif":"uni1E_C_0.glif","uni1E_C_1.glif":"uni1E_C_1.glif","uni1E_C_2.glif":"uni1E_C_2.glif","uni1E_C_3.glif":"uni1E_C_3.glif","uni1E_C_4.glif":"uni1E_C_4.glif","uni1E_C_5.glif":"uni1E_C_5.glif","uni1E_C_6.glif":"uni1E_C_6.glif","uni1E_C_7.glif":"uni1E_C_7.glif","uni1E_C_8.glif":"uni1E_C_8.glif","uni1E_C_9.glif":"uni1E_C_9.glif","uni1E_C_A_.glif":"uni1E_C_A_.glif","uni1E_C_B_.glif":"uni1E_C_B_.glif","uni1E_C_C_.glif":"uni1E_C_C_.glif","uni1E_C_D_.glif":"uni1E_C_D_.glif","uni1E_C_E_.glif":"uni1E_C_E_.glif","uni1E_C_F_.glif":"uni1E_C_F_.glif","uni1E_D_0.glif":"uni1E_D_0.glif","uni1E_D_1.glif":"uni1E_D_1.glif","uni1E_D_2.glif":"uni1E_D_2.glif","uni1E_D_3.glif":"uni1E_D_3.glif","uni1E_D_4.glif":"uni1E_D_4.glif","uni1E_D_5.glif":"uni1E_D_5.glif","uni1E_D_6.glif":"uni1E_D_6.glif","uni1E_D_7.glif":"uni1E_D_7.glif","uni1E_D_8.glif":"uni1E_D_8.glif","uni1E_D_9.glif":"uni1E_D_9.glif","uni1E_D_A_.glif":"uni1E_D_A_.glif","uni1E_D_B_.glif":"uni1E_D_B_.glif","uni1E_D_C_.glif":"uni1E_D_C_.glif","uni1E_D_D_.glif":"uni1E_D_D_.glif","uni1E_D_E_.glif":"uni1E_D_E_.glif","uni1E_D_F_.glif":"uni1E_D_F_.glif","uni1E_E_0.glif":"uni1E_E_0.glif","uni1E_E_1.glif":"uni1E_E_1.glif","uni1E_E_2.glif":"uni1E_E_2.glif","uni1E_E_3.glif":"uni1E_E_3.glif","uni1E_E_4.glif":"uni1E_E_4.glif","uni1E_E_5.glif":"uni1E_E_5.glif","uni1E_E_6.glif":"uni1E_E_6.glif","uni1E_E_7.glif":"uni1E_E_7.glif","uni1E_E_8.glif":"uni1E_E_8.glif","uni1E_E_9.glif":"uni1E_E_9.glif","uni1E_E_A_.glif":"uni1E_E_A_.glif","uni1E_E_B_.glif":"uni1E_E_B_.glif","uni1E_E_C_.glif":"uni1E_E_C_.glif","uni1E_E_D_.glif":"uni1E_E_D_.glif","uni1E_E_E_.glif":"uni1E_E_E_.glif","uni1E_E_F_.glif":"uni1E_E_F_.glif","uni1E_F_0.glif":"uni1E_F_0.glif","uni1E_F_1.glif":"uni1E_F_1.glif","uni1E_F_4.glif":"uni1E_F_4.glif","uni1E_F_5.glif":"uni1E_F_5.glif","uni1E_F_6.glif":"uni1E_F_6.glif","uni1E_F_7.glif":"uni1E_F_7.glif","uni1E_F_8.glif":"uni1E_F_8.glif","uni1E_F_9.glif":"uni1E_F_9.glif","uni201F_.glif":"uni201F_.glif","uni202F_.glif":"uni202F_.glif","uni2034.glif":"uni2034.glif","uni203E_.glif":"uni203E_.glif","uni2070.glif":"uni2070.glif","uni2074.glif":"uni2074.glif","uni2075.glif":"uni2075.glif","uni2076.glif":"uni2076.glif","uni2077.glif":"uni2077.glif","uni2078.glif":"uni2078.glif","uni2079.glif":"uni2079.glif","uni207F_.glif":"uni207F_.glif","uni2080.glif":"uni2080.glif","uni2081.glif":"uni2081.glif","uni2082.glif":"uni2082.glif","uni2083.glif":"uni2083.glif","uni2084.glif":"uni2084.glif","uni2085.glif":"uni2085.glif","uni2086.glif":"uni2086.glif","uni2087.glif":"uni2087.glif","uni2088.glif":"uni2088.glif","uni2089.glif":"uni2089.glif","uni20A_0.glif":"uni20A_0.glif","uni20A_2.glif":"uni20A_2.glif","uni20A_5.glif":"uni20A_5.glif","uni20A_6.glif":"uni20A_6.glif","uni20A_8.glif":"uni20A_8.glif","uni20A_9.glif":"uni20A_9.glif","uni20A_D_.glif":"uni20A_D_.glif","uni20A_E_.glif":"uni20A_E_.glif","uni20A_F_.glif":"uni20A_F_.glif","uni20B_0.glif":"uni20B_0.glif","uni20B_1.glif":"uni20B_1.glif","uni20B_2.glif":"uni20B_2.glif","uni20B_3.glif":"uni20B_3.glif","uni20B_4.glif":"uni20B_4.glif","uni20B_5.glif":"uni20B_5.glif","uni20B_8.glif":"uni20B_8.glif","uni20B_9.glif":"uni20B_9.glif","uni20B_A_.glif":"uni20B_A_.glif","uni20B_B_.glif":"uni20B_B_.glif","uni20B_C_.glif":"uni20B_C_.glif","uni20B_D_.glif":"uni20B_D_.glif","uni20B_E_.glif":"uni20B_E_.glif","uni20F_0.glif":"uni20F_0.glif","uni2120.glif":"uni2120.glif","uni2126.glif":"uni2126.glif","uni2206.glif":"uni2206.glif","uni2219.glif":"uni2219.glif","uni2C_6D_.glif":"uni2C_6D_.glif","uni2C_71.glif":"uni2C_71.glif","uni2C_72.glif":"uni2C_72.glif","uni2C_73.glif":"uni2C_73.glif","uniA_71B_.glif":"uniA_71B_.glif","uniA_71C_.glif":"uniA_71C_.glif","uniA_71D_.glif":"uniA_71D_.glif","uniA_71E_.glif":"uniA_71E_.glif","uniA_71F_.glif":"uniA_71F_.glif","uniA_788.glif":"uniA_788.glif","uniA_789.glif":"uniA_789.glif","uniA_78A_.glif":"uniA_78A_.glif","uniA_78B_.glif":"uniA_78B_.glif","uniA_78C_.glif":"uniA_78C_.glif","uniF_B_00.glif":"uniF_B_00.glif","uniF_B_01.glif":"uniF_B_01.glif","uniF_B_02.glif":"uniF_B_02.glif","uniF_B_03.glif":"uniF_B_03.glif","uniF_B_04.glif":"uniF_B_04.glif","uniF_B_13.glif":"uniF_B_13.glif","uniF_B_14.glif":"uniF_B_14.glif","uniF_B_15.glif":"uniF_B_15.glif","uniF_B_16.glif":"uniF_B_16.glif","uniF_B_17.glif":"uniF_B_17.glif","uniF_F_F_D_.glif":"uniF_F_F_D_.glif","uogonek.glif":"uogonek.glif","uogonek.sc.glif":"uogonek.sc.glif","upsilon.glif":"upsilon.glif","upsilondieresis.glif":"upsilondieresis.glif","upsilondieresistonos.glif":"upsilondieresistonos.glif","upsilontonos.glif":"upsilontonos.glif","uring.glif":"uring.glif","uring.sc.glif":"uring.sc.glif","utilde.glif":"utilde.glif","utilde.sc.glif":"utilde.sc.glif","v.glif":"v.glif","v.sc.glif":"v.sc.glif","w.glif":"w.glif","w.sc.glif":"w.sc.glif","wacute.glif":"wacute.glif","wacute.sc.glif":"wacute.sc.glif","wcircumflex.glif":"wcircumflex.glif","wcircumflex.sc.glif":"wcircumflex.sc.glif","wdieresis.glif":"wdieresis.glif","wdieresis.sc.glif":"wdieresis.sc.glif","wgrave.glif":"wgrave.glif","wgrave.sc.glif":"wgrave.sc.glif","x.glif":"x.glif","x.sc.glif":"x.sc.glif","xi.glif":"xi.glif","y.glif":"y.glif","y.sc.glif":"y.sc.glif","yacute.glif":"yacute.glif","yacute.sc.glif":"yacute.sc.glif","ycircumflex.glif":"ycircumflex.glif","ycircumflex.sc.glif":"ycircumflex.sc.glif","ydieresis.glif":"ydieresis.glif","ydieresis.sc.glif":"ydieresis.sc.glif","yen.glif":"yen.glif","yen.oldstyle.glif":"yen.oldstyle.glif","yen.pnum.glif":"yen.pnum.glif","ygrave.glif":"ygrave.glif","ygrave.sc.glif":"ygrave.sc.glif","z.glif":"z.glif","z.sc.glif":"z.sc.glif","zacute.glif":"zacute.glif","zacute.sc.glif":"zacute.sc.glif","zcaron.glif":"zcaron.glif","zcaron.sc.glif":"zcaron.sc.glif","zdotaccent.glif":"zdotaccent.glif","zdotaccent.sc.glif":"zdotaccent.sc.glif","zero.dnom.glif":"zero.dnom.glif","zero.frac.glif":"zero.frac.glif","zero.glif":"zero.glif","zero.oldstyle.glif":"zero.oldstyle.glif","zero.pnum.glif":"zero.pnum.glif","zeta.glif":"zeta.glif"}},"Font":{"uploaded":1494105854.0768,"licence":"gpl3","company":"Chronolabs Cooperative","title":"Verdana","version":2.001,"date":"Fri Nov 25 21:44:58 2016","creator":"root","type":"1","matrix":"0.000488281 0 0 0.000488281 0 0","named":"Verdana","painttype":"0","info":"10 dict dup","name":"Verdana","family":"Verdana","weight":"Book","fstype":"8","italicangle":"0","underlineposition":"","underlinethickness":""},"Table":{"FFTM":{"entryLength":16,"tag":"FFTM","checksum":2095064765,"offset":149064,"length":28},"GDEF":{"entryLength":16,"tag":"GDEF","checksum":2557307,"offset":149032,"length":30},"OS\/2":{"entryLength":16,"tag":"OS\/2","checksum":3589893142,"offset":344,"length":86},"cmap":{"entryLength":16,"tag":"cmap","checksum":1263404879,"offset":6020,"length":2582},"gasp":{"entryLength":16,"tag":"gasp","checksum":4294901763,"offset":149024,"length":8},"glyf":{"entryLength":16,"tag":"glyf","checksum":1759674066,"offset":11400,"length":123228},"head":{"entryLength":16,"tag":"head","checksum":261368375,"offset":220,"length":54},"hhea":{"entryLength":16,"tag":"hhea","checksum":282594663,"offset":276,"length":36},"hmtx":{"entryLength":16,"tag":"hmtx","checksum":897474279,"offset":432,"length":5588},"loca":{"entryLength":16,"tag":"loca","checksum":1218363292,"offset":8604,"length":2796},"maxp":{"entryLength":16,"tag":"maxp","checksum":96731429,"offset":312,"length":32},"name":{"entryLength":16,"tag":"name","checksum":2599381768,"offset":134628,"length":567},"post":{"entryLength":16,"tag":"post","checksum":3477179008,"offset":135196,"length":13828}},"UnicodeCharMap":{"32":3,"33":4,"34":5,"35":6,"36":7,"37":8,"38":9,"39":10,"40":11,"41":12,"42":13,"43":14,"44":15,"45":16,"46":17,"47":18,"48":19,"49":20,"50":21,"51":22,"52":23,"53":24,"54":25,"55":26,"56":27,"57":28,"58":29,"59":30,"60":31,"61":32,"62":33,"63":34,"64":35,"65":36,"66":37,"67":38,"68":39,"69":40,"70":41,"71":42,"72":43,"73":44,"74":45,"75":46,"76":47,"77":48,"78":49,"79":50,"80":51,"81":52,"82":53,"83":54,"84":55,"85":56,"86":57,"87":58,"88":59,"89":60,"90":61,"91":62,"92":63,"93":64,"94":65,"95":66,"96":67,"97":68,"98":69,"99":70,"100":71,"101":72,"102":73,"103":74,"104":75,"105":76,"106":77,"107":78,"108":79,"109":80,"110":81,"111":82,"112":83,"113":84,"114":85,"115":86,"116":87,"117":88,"118":89,"119":90,"120":91,"121":92,"122":93,"123":94,"124":95,"125":96,"126":97,"161":98,"162":99,"163":100,"164":101,"165":102,"166":103,"167":104,"168":105,"169":106,"170":107,"171":108,"172":109,"174":110,"175":111,"176":112,"177":113,"178":114,"179":115,"180":116,"181":460,"182":118,"183":119,"184":120,"185":121,"186":122,"187":123,"188":124,"189":125,"190":126,"191":127,"192":128,"193":129,"194":130,"195":131,"196":132,"197":133,"198":134,"199":135,"200":136,"201":137,"202":138,"203":139,"204":140,"205":141,"206":142,"207":143,"208":144,"209":145,"210":146,"211":147,"212":148,"213":149,"214":150,"215":151,"216":152,"217":153,"218":154,"219":155,"220":156,"221":157,"222":158,"223":159,"224":160,"225":161,"226":162,"227":163,"228":164,"229":165,"230":166,"231":167,"232":168,"233":169,"234":170,"235":171,"236":172,"237":173,"238":174,"239":175,"240":176,"241":177,"242":178,"243":179,"244":180,"245":181,"246":182,"247":183,"248":184,"249":185,"250":186,"251":187,"252":188,"253":189,"254":190,"255":191,"256":325,"257":326,"258":259,"259":260,"260":261,"261":262,"262":254,"263":255,"264":327,"265":328,"266":329,"267":330,"268":256,"269":257,"270":263,"271":264,"272":265,"273":258,"274":331,"275":332,"276":333,"277":334,"278":335,"279":336,"280":266,"281":267,"282":268,"283":269,"284":337,"285":338,"286":249,"287":250,"288":339,"289":340,"290":341,"291":342,"292":343,"293":344,"294":345,"295":346,"296":347,"297":348,"298":349,"299":350,"300":351,"301":352,"302":353,"303":354,"304":251,"305":231,"306":313,"307":314,"308":355,"309":356,"310":357,"311":358,"312":359,"313":270,"314":271,"315":360,"316":361,"317":272,"318":273,"319":274,"320":275,"321":241,"322":242,"323":276,"324":277,"325":362,"326":363,"327":278,"328":279,"329":315,"330":364,"331":365,"332":366,"333":367,"334":368,"335":369,"336":280,"337":281,"338":210,"339":211,"340":282,"341":283,"342":370,"343":371,"344":284,"345":285,"346":286,"347":287,"348":372,"349":373,"350":252,"351":253,"352":243,"353":244,"354":288,"355":289,"356":290,"357":291,"358":374,"359":375,"360":376,"361":377,"362":378,"363":379,"364":380,"365":381,"366":292,"367":293,"368":294,"369":295,"370":382,"371":383,"372":384,"373":385,"374":386,"375":387,"376":219,"377":296,"378":297,"379":298,"380":299,"381":245,"382":246,"383":388,"399":650,"402":206,"416":583,"417":584,"431":585,"432":586,"506":389,"507":390,"508":391,"509":392,"510":393,"511":394,"536":905,"537":906,"538":907,"539":908,"567":956,"601":651,"710":232,"711":240,"713":234,"728":235,"729":236,"730":237,"731":239,"732":233,"733":238,"768":589,"769":590,"770":957,"771":892,"774":958,"776":959,"777":587,"779":960,"780":961,"803":588,"806":962,"819":913,"839":914,"900":414,"901":415,"902":416,"903":395,"904":417,"905":418,"906":419,"908":420,"910":421,"911":422,"912":423,"913":424,"914":425,"915":300,"917":427,"918":428,"919":429,"920":301,"921":430,"922":431,"923":432,"924":433,"925":434,"926":435,"927":436,"928":437,"929":438,"931":439,"932":440,"933":441,"934":302,"935":442,"936":443,"938":445,"939":446,"940":447,"941":448,"942":449,"943":450,"944":451,"945":303,"946":452,"947":453,"948":304,"949":305,"950":454,"951":455,"952":456,"953":457,"954":458,"955":459,"957":461,"958":462,"959":463,"960":571,"961":464,"962":465,"963":306,"964":307,"965":466,"966":308,"967":467,"968":468,"969":469,"970":470,"971":471,"972":472,"973":473,"974":474,"982":963,"1025":475,"1026":476,"1027":477,"1028":478,"1029":479,"1030":480,"1031":481,"1032":482,"1033":483,"1034":484,"1035":485,"1036":486,"1037":911,"1038":487,"1039":488,"1040":489,"1041":490,"1042":491,"1043":492,"1044":493,"1045":494,"1046":495,"1047":496,"1048":497,"1049":498,"1050":499,"1051":500,"1052":501,"1053":502,"1054":503,"1055":504,"1056":505,"1057":506,"1058":507,"1059":508,"1060":509,"1061":510,"1062":511,"1063":512,"1064":513,"1065":514,"1066":515,"1067":516,"1068":517,"1069":518,"1070":519,"1071":520,"1072":521,"1073":522,"1074":523,"1075":524,"1076":525,"1077":526,"1078":527,"1079":528,"1080":529,"1081":530,"1082":531,"1083":532,"1084":533,"1085":534,"1086":535,"1087":536,"1088":537,"1089":538,"1090":539,"1091":540,"1092":541,"1093":542,"1094":543,"1095":544,"1096":545,"1097":546,"1098":547,"1099":548,"1100":549,"1101":550,"1102":551,"1103":552,"1105":553,"1106":554,"1107":555,"1108":556,"1109":557,"1110":558,"1111":559,"1112":560,"1113":561,"1114":562,"1115":563,"1116":564,"1117":912,"1118":565,"1119":566,"1144":915,"1145":916,"1148":917,"1149":918,"1159":919,"1168":567,"1169":568,"1170":652,"1171":653,"1174":654,"1175":655,"1178":656,"1179":657,"1180":658,"1181":659,"1186":660,"1187":661,"1192":920,"1193":921,"1196":950,"1197":951,"1198":662,"1199":663,"1200":664,"1201":665,"1202":666,"1203":667,"1204":952,"1205":953,"1208":668,"1209":669,"1210":670,"1211":671,"1212":922,"1213":923,"1214":924,"1215":925,"1240":672,"1241":673,"1256":674,"1257":675,"1270":954,"1271":955,"1306":926,"1307":927,"1308":928,"1309":929,"1329":1299,"1330":1300,"1331":1301,"1332":1302,"1333":1303,"1334":1304,"1335":1305,"1336":1306,"1337":1307,"1338":1308,"1339":1309,"1340":1310,"1341":1311,"1342":1312,"1343":1313,"1344":1314,"1345":1315,"1346":1316,"1347":1317,"1348":1318,"1349":1319,"1350":1320,"1351":1321,"1352":1322,"1353":1323,"1354":1324,"1355":1325,"1356":1326,"1357":1327,"1358":1328,"1359":1329,"1360":1330,"1361":1331,"1362":1332,"1363":1333,"1364":1334,"1365":1335,"1366":1336,"1369":1337,"1370":1338,"1371":1339,"1372":1340,"1373":1341,"1374":1342,"1375":1343,"1377":1344,"1378":1345,"1379":1346,"1380":1347,"1381":1348,"1382":1349,"1383":1350,"1384":1351,"1385":1352,"1386":1353,"1387":1354,"1388":1355,"1389":1356,"1390":1357,"1391":1358,"1392":1359,"1393":1360,"1394":1361,"1395":1362,"1396":1363,"1397":1364,"1398":1365,"1399":1366,"1400":1367,"1401":1368,"1402":1369,"1403":1370,"1404":1371,"1405":1372,"1406":1373,"1407":1374,"1408":1375,"1409":1376,"1410":1377,"1411":1378,"1412":1379,"1413":1380,"1414":1381,"1415":1382,"1417":1383,"1418":1384,"1423":1385,"3647":695,"7808":396,"7809":397,"7810":398,"7811":399,"7812":400,"7813":401,"7838":930,"7840":606,"7841":607,"7842":608,"7843":609,"7844":610,"7845":611,"7846":612,"7847":613,"7848":614,"7849":615,"7850":616,"7851":617,"7852":618,"7853":619,"7854":620,"7855":621,"7856":622,"7857":623,"7858":624,"7859":625,"7860":626,"7861":627,"7862":628,"7863":629,"7864":630,"7865":631,"7866":632,"7867":633,"7868":634,"7869":635,"7870":636,"7871":637,"7872":638,"7873":639,"7874":640,"7875":641,"7876":642,"7877":643,"7878":644,"7879":645,"7880":646,"7881":647,"7882":648,"7883":649,"7884":845,"7885":846,"7886":847,"7887":848,"7888":849,"7889":850,"7890":851,"7891":852,"7892":853,"7893":854,"7894":855,"7895":856,"7896":857,"7897":858,"7898":859,"7899":860,"7900":861,"7901":862,"7902":863,"7903":864,"7904":865,"7905":866,"7906":867,"7907":868,"7908":869,"7909":870,"7910":871,"7911":872,"7912":873,"7913":874,"7914":875,"7915":876,"7916":877,"7917":878,"7918":879,"7919":880,"7920":881,"7921":882,"7922":402,"7923":403,"7924":885,"7925":886,"7926":887,"7927":888,"7928":889,"7929":890,"8210":678,"8211":212,"8212":213,"8213":569,"8215":309,"8216":216,"8217":217,"8218":228,"8219":404,"8220":214,"8221":215,"8222":229,"8223":679,"8224":192,"8225":226,"8226":193,"8230":209,"8239":948,"8240":230,"8242":316,"8243":317,"8244":680,"8249":222,"8250":223,"8252":310,"8254":405,"8260":220,"8304":964,"8308":575,"8309":576,"8310":965,"8311":577,"8312":578,"8313":966,"8319":311,"8320":967,"8321":968,"8322":969,"8323":970,"8324":971,"8325":972,"8326":973,"8327":974,"8328":975,"8329":976,"8352":681,"8353":682,"8354":683,"8355":248,"8356":406,"8357":684,"8358":685,"8359":312,"8360":686,"8361":687,"8362":688,"8363":891,"8364":221,"8365":689,"8366":690,"8367":691,"8368":692,"8369":693,"8370":901,"8371":902,"8372":903,"8373":904,"8376":1297,"8377":1298,"8378":1391,"8379":1395,"8380":1393,"8381":1392,"8382":1396,"8432":931,"8453":318,"8467":319,"8470":570,"8480":893,"8482":194,"8486":444,"8494":407,"8539":408,"8540":409,"8541":410,"8542":411,"8706":199,"8710":426,"8719":201,"8721":200,"8722":247,"8729":227,"8730":205,"8734":196,"8747":203,"8776":207,"8800":195,"8801":694,"8804":197,"8805":198,"9472":894,"9474":895,"9484":896,"9488":897,"9492":898,"9496":899,"9633":320,"9642":321,"9643":322,"9674":218,"9679":323,"9702":324,"9834":900,"11373":932,"11377":933,"11378":934,"11379":935,"42779":936,"42780":937,"42781":938,"42782":939,"42783":940,"42888":941,"42889":942,"42890":943,"42891":944,"42892":945,"64256":977,"64257":224,"64258":225,"64259":978,"64260":979,"64275":1386,"64276":1387,"64277":1388,"64278":1389,"64279":1390,"65533":949},"Reserves":null,"Names":[],"Nodes":{"ve":{"type":"typal","node":"ve","usage":1,"weight":1},"na":{"type":"typal","node":"na","usage":1,"weight":1},"ver":{"type":"typal","node":"ver","usage":1,"weight":1},"ana":{"type":"typal","node":"ana","usage":1,"weight":1},"verd":{"type":"keys","node":"verd","usage":1,"weight":1},"dana":{"type":"keys","node":"dana","usage":1,"weight":1},"verda":{"type":"keys","node":"verda","usage":1,"weight":1},"rdana":{"type":"keys","node":"rdana","usage":1,"weight":1},"verdana":{"type":"fixes","node":"verdana","usage":1,"weight":1}},"Contributors":[],"FontIdentity":"842d8298ce9b8a4f1e6908a78f585111","Bytes":12895718,"Networking":[],"barcode":"8scwmy8m6cc3k","referee":"ymscm0o"}