{"CSS":{"Collins":"Collins.css"},"FontType":"TrueType","FontCopyright":"Copyright (C) 1992","FontName":"Collins","FontSubfamily":"Book","FontSubfamilyID":"FontForge 2.0 : Collins : 17-10-2016","FontFullName":"Collins","FontVersion":"Version 3.1 ","FontWeight":null,"FontPostscriptName":"Collins","Files":{"collins.afm":"collins.afm","collins.bin":"collins.bin","collins.cef":"collins.cef","collins.cff":"collins.cff","collins.cid":"collins.cid","collins.dfont":"collins.dfont","collins.eot":"collins.eot","collins.fon":"collins.fon","collins.gai":"collins.gai","collins.gsf":"collins.gsf","collins.hqx":"collins.hqx","collins.ik":"collins.ik","collins.mf":"collins.mf","collins.otf":"collins.otf","collins.pcf":"collins.pcf","collins.pf3":"collins.pf3","collins.pfa":"collins.pfa","collins.pfb":"collins.pfb","collins.php":"collins.php","collins.pmf":"collins.pmf","collins.pt3":"collins.pt3","collins.sfd":"collins.sfd","collins.svg":"collins.svg","collins.t42":"collins.t42","collins.ttd":"collins.ttd","collins.ttf":"collins.ttf","collins.ttg":"collins.ttg","collins.ufm":"collins.ufm","collins.woff":"collins.woff","collins.z":"collins.z","":{"collins.afm":"collins.afm","collins.bin":"collins.bin","collins.cef":"collins.cef","collins.cff":"collins.cff","collins.cid":"collins.cid","collins.dfont":"collins.dfont","collins.eot":"collins.eot","collins.fon":"collins.fon","collins.gai":"collins.gai","collins.gsf":"collins.gsf","collins.hqx":"collins.hqx","collins.ik":"collins.ik","collins.mf":"collins.mf","collins.otf":"collins.otf","collins.pcf":"collins.pcf","collins.pf3":"collins.pf3","collins.pfa":"collins.pfa","collins.pfb":"collins.pfb","collins.php":"collins.php","collins.pmf":"collins.pmf","collins.pt3":"collins.pt3","collins.sfd":"collins.sfd","collins.svg":"collins.svg","collins.t42":"collins.t42","collins.ttd":"collins.ttd","collins.ttf":"collins.ttf","collins.ttg":"collins.ttg","collins.ufm":"collins.ufm","collins.woff":"collins.woff","collins.z":"collins.z"},"\/collins.ufo":{"feature.fea":"feature.fea","fontinfo.plist":"fontinfo.plist","groups.plist":"groups.plist","kerning.plist":"kerning.plist","metainfo.plist":"metainfo.plist"},"\/collins.ufo\/glyphs":{"A_.glif":"A_.glif","A_E_.glif":"A_E_.glif","A_acute.glif":"A_acute.glif","A_circumflex.glif":"A_circumflex.glif","A_dieresis.glif":"A_dieresis.glif","A_grave.glif":"A_grave.glif","A_ring.glif":"A_ring.glif","A_tilde.glif":"A_tilde.glif","B_.glif":"B_.glif","C_.glif":"C_.glif","C_cedilla.glif":"C_cedilla.glif","D_.glif":"D_.glif","E_.glif":"E_.glif","E_acute.glif":"E_acute.glif","E_circumflex.glif":"E_circumflex.glif","E_dieresis.glif":"E_dieresis.glif","E_grave.glif":"E_grave.glif","E_th.glif":"E_th.glif","F_.glif":"F_.glif","G_.glif":"G_.glif","H_.glif":"H_.glif","I_.glif":"I_.glif","I_acute.glif":"I_acute.glif","I_circumflex.glif":"I_circumflex.glif","I_dieresis.glif":"I_dieresis.glif","I_grave.glif":"I_grave.glif","J_.glif":"J_.glif","K_.glif":"K_.glif","L_.glif":"L_.glif","M_.glif":"M_.glif","N_.glif":"N_.glif","N_tilde.glif":"N_tilde.glif","O_.glif":"O_.glif","O_acute.glif":"O_acute.glif","O_circumflex.glif":"O_circumflex.glif","O_dieresis.glif":"O_dieresis.glif","O_grave.glif":"O_grave.glif","O_slash.glif":"O_slash.glif","O_tilde.glif":"O_tilde.glif","P_.glif":"P_.glif","Q_.glif":"Q_.glif","R_.glif":"R_.glif","S_.glif":"S_.glif","T_.glif":"T_.glif","T_horn.glif":"T_horn.glif","U_.glif":"U_.glif","U_acute.glif":"U_acute.glif","U_circumflex.glif":"U_circumflex.glif","U_dieresis.glif":"U_dieresis.glif","U_grave.glif":"U_grave.glif","V_.glif":"V_.glif","W_.glif":"W_.glif","X_.glif":"X_.glif","Y_.glif":"Y_.glif","Y_acute.glif":"Y_acute.glif","Z_.glif":"Z_.glif","_notdef.glif":"_notdef.glif","_null.glif":"_null.glif","a.glif":"a.glif","aacute.glif":"aacute.glif","acircumflex.glif":"acircumflex.glif","adieresis.glif":"adieresis.glif","ae.glif":"ae.glif","agrave.glif":"agrave.glif","aring.glif":"aring.glif","atilde.glif":"atilde.glif","b.glif":"b.glif","c.glif":"c.glif","ccedilla.glif":"ccedilla.glif","colon.glif":"colon.glif","comma.glif":"comma.glif","contents.plist":"contents.plist","d.glif":"d.glif","divide.glif":"divide.glif","e.glif":"e.glif","eacute.glif":"eacute.glif","ecircumflex.glif":"ecircumflex.glif","edieresis.glif":"edieresis.glif","egrave.glif":"egrave.glif","eight.glif":"eight.glif","eth.glif":"eth.glif","exclam.glif":"exclam.glif","f.glif":"f.glif","five.glif":"five.glif","four.glif":"four.glif","g.glif":"g.glif","germandbls.glif":"germandbls.glif","h.glif":"h.glif","hyphen.glif":"hyphen.glif","i.glif":"i.glif","iacute.glif":"iacute.glif","icircumflex.glif":"icircumflex.glif","idieresis.glif":"idieresis.glif","igrave.glif":"igrave.glif","j.glif":"j.glif","k.glif":"k.glif","l.glif":"l.glif","m.glif":"m.glif","multiply.glif":"multiply.glif","n.glif":"n.glif","nine.glif":"nine.glif","nonbreakingspace.glif":"nonbreakingspace.glif","nonmarkingreturn.glif":"nonmarkingreturn.glif","ntilde.glif":"ntilde.glif","o.glif":"o.glif","oacute.glif":"oacute.glif","ocircumflex.glif":"ocircumflex.glif","odieresis.glif":"odieresis.glif","ograve.glif":"ograve.glif","one.glif":"one.glif","oslash.glif":"oslash.glif","otilde.glif":"otilde.glif","p.glif":"p.glif","parenleft.glif":"parenleft.glif","parenright.glif":"parenright.glif","percent.glif":"percent.glif","period.glif":"period.glif","plus.glif":"plus.glif","q.glif":"q.glif","question.glif":"question.glif","quotedbl.glif":"quotedbl.glif","quotedblleft.glif":"quotedblleft.glif","quotedblright.glif":"quotedblright.glif","quotesingle.glif":"quotesingle.glif","r.glif":"r.glif","s.glif":"s.glif","semicolon.glif":"semicolon.glif","seven.glif":"seven.glif","six.glif":"six.glif","slash.glif":"slash.glif","space.glif":"space.glif","t.glif":"t.glif","thorn.glif":"thorn.glif","three.glif":"three.glif","two.glif":"two.glif","u.glif":"u.glif","uacute.glif":"uacute.glif","ucircumflex.glif":"ucircumflex.glif","udieresis.glif":"udieresis.glif","ugrave.glif":"ugrave.glif","v.glif":"v.glif","w.glif":"w.glif","x.glif":"x.glif","y.glif":"y.glif","yacute.glif":"yacute.glif","ydieresis.glif":"ydieresis.glif","z.glif":"z.glif","zero.glif":"zero.glif"}},"Font":{"uploaded":1476756216.3196,"licence":"gpl3","company":"Chronolabs Cooperative","title":"Carr Animal Dingbats","version":2.001,"date":"Sun Aug 28 07:51:13 2016","creator":"root","type":"1","matrix":"0.000244141 0 0 0.000244141 0 0","named":"CarrAnimalDingbats","painttype":"0","info":"7 dict dup","name":"Carr Animal Dingbats","family":"Carr Animal Dingbats","weight":"Book","fstype":"0","italicangle":"0"},"Table":{"FFTM":{"entryLength":16,"tag":"FFTM","checksum":1947119284,"offset":19036,"length":28},"GDEF":{"entryLength":16,"tag":"GDEF","checksum":12582916,"offset":19004,"length":32},"OS\/2":{"entryLength":16,"tag":"OS\/2","checksum":1442840694,"offset":344,"length":86},"cmap":{"entryLength":16,"tag":"cmap","checksum":396588950,"offset":1020,"length":410},"gasp":{"entryLength":16,"tag":"gasp","checksum":4294901763,"offset":18996,"length":8},"glyf":{"entryLength":16,"tag":"glyf","checksum":3958898836,"offset":1728,"length":16472},"head":{"entryLength":16,"tag":"head","checksum":198952173,"offset":220,"length":54},"hhea":{"entryLength":16,"tag":"hhea","checksum":139199918,"offset":276,"length":36},"hmtx":{"entryLength":16,"tag":"hmtx","checksum":3770291008,"offset":432,"length":588},"loca":{"entryLength":16,"tag":"loca","checksum":801783896,"offset":1432,"length":296},"maxp":{"entryLength":16,"tag":"maxp","checksum":14549097,"offset":312,"length":32},"name":{"entryLength":16,"tag":"name","checksum":2794067365,"offset":18200,"length":468},"post":{"entryLength":16,"tag":"post","checksum":474684473,"offset":18668,"length":328}},"UnicodeCharMap":{"0":1,"13":2,"32":3,"33":4,"34":5,"37":6,"39":7,"40":8,"41":9,"43":10,"44":11,"45":12,"46":13,"47":14,"48":15,"49":16,"50":17,"51":18,"52":19,"53":20,"54":21,"55":22,"56":23,"57":24,"58":25,"59":26,"63":27,"65":28,"66":29,"67":30,"68":31,"69":32,"70":33,"71":34,"72":35,"73":36,"74":37,"75":38,"76":39,"77":40,"78":41,"79":42,"80":43,"81":44,"82":45,"83":46,"84":47,"85":48,"86":49,"87":50,"88":51,"89":52,"90":53,"97":54,"98":55,"99":56,"100":57,"101":58,"102":59,"103":60,"104":61,"105":62,"106":63,"107":64,"108":65,"109":66,"110":67,"111":68,"112":69,"113":70,"114":71,"115":72,"116":73,"117":74,"118":75,"119":76,"120":77,"121":78,"122":79,"160":80,"192":81,"193":82,"194":83,"195":84,"196":85,"197":86,"198":87,"199":88,"200":89,"201":90,"202":91,"203":92,"204":93,"205":94,"206":95,"207":96,"208":97,"209":98,"210":99,"211":100,"212":101,"213":102,"214":103,"215":104,"216":105,"217":106,"218":107,"219":108,"220":109,"221":110,"222":111,"223":112,"224":113,"225":114,"226":115,"227":116,"228":117,"229":118,"230":119,"231":120,"232":121,"233":122,"234":123,"235":124,"236":125,"237":126,"238":127,"239":128,"240":129,"241":130,"242":131,"243":132,"244":133,"245":134,"246":135,"247":136,"248":137,"249":138,"250":139,"251":140,"252":141,"253":142,"254":143,"255":144,"8220":145,"8221":146},"Reserves":null,"Names":[],"Nodes":{"co":{"type":"typal","node":"co","usage":1,"weight":1},"ns":{"type":"typal","node":"ns","usage":1,"weight":1},"col":{"type":"typal","node":"col","usage":1,"weight":1},"ins":{"type":"typal","node":"ins","usage":1,"weight":1},"coll":{"type":"keys","node":"coll","usage":1,"weight":1},"lins":{"type":"keys","node":"lins","usage":1,"weight":1},"colli":{"type":"keys","node":"colli","usage":1,"weight":1},"llins":{"type":"keys","node":"llins","usage":1,"weight":1},"collins":{"type":"fixes","node":"collins","usage":1,"weight":1}},"Contributors":[],"FontIdentity":"dfdd0863d8e85b937550cd0d41932283","Bytes":1781103,"Networking":[],"barcode":"ykyuc6qa4gmms","referee":"o2uum"}