{"CSS":{"Univox":"aph:8335aae493d0147425b4b843e7ae.css"},"FontType":"TrueType","FontCopyright":"(c) 1996 Ray Larabie. This font is freeware. Read attached text file for details. Info & updates visit www.larabiefonts.com. Donations gratefully accepted at www.larabiefonts.com\/donation.html. Also visit my commercial type foundry at www.typodermic.com. This font was updated in 2004.","FontName":"Univox","FontSubfamily":"Book","FontSubfamilyID":"FontForge 2.0 : Univox : 15-10-2016","FontFullName":"Univox","FontVersion":"Version 2.000 2004 ","FontWeight":null,"FontPostscriptName":"Univox","Files":{"\/Univox.css":"\/Univox.css","\/font-resource.json":"\/font-resource.json","\/univox.afm":"\/univox.afm","\/univox.cef":"\/univox.cef","\/univox.cff":"\/univox.cff","\/univox.eot":"\/univox.eot","\/univox.gai":"\/univox.gai","\/univox.gsf":"\/univox.gsf","\/univox.otf":"\/univox.otf","\/univox.pf3":"\/univox.pf3","\/univox.pfa":"\/univox.pfa","\/univox.pfb":"\/univox.pfb","\/univox.php":"\/univox.php","\/univox.pt3":"\/univox.pt3","\/univox.sfd":"\/univox.sfd","\/univox.svg":"\/univox.svg","\/univox.t42":"\/univox.t42","\/univox.ttd":"\/univox.ttd","\/univox.ttf":"\/univox.ttf","\/univox.ttg":"\/univox.ttg","\/univox.ufm":"\/univox.ufm","\/univox.woff":"\/univox.woff","\/univox.z":"\/univox.z","\/univox.ufo\/feature.fea":"\/univox.ufo\/feature.fea","\/univox.ufo\/fontinfo.plist":"\/univox.ufo\/fontinfo.plist","\/univox.ufo\/groups.plist":"\/univox.ufo\/groups.plist","\/univox.ufo\/kerning.plist":"\/univox.ufo\/kerning.plist","\/univox.ufo\/metainfo.plist":"\/univox.ufo\/metainfo.plist","\/univox.ufo\/glyphs\/A_.glif":"\/univox.ufo\/glyphs\/A_.glif","\/univox.ufo\/glyphs\/A_E_.glif":"\/univox.ufo\/glyphs\/A_E_.glif","\/univox.ufo\/glyphs\/A_acute.glif":"\/univox.ufo\/glyphs\/A_acute.glif","\/univox.ufo\/glyphs\/A_circumflex.glif":"\/univox.ufo\/glyphs\/A_circumflex.glif","\/univox.ufo\/glyphs\/A_dieresis.glif":"\/univox.ufo\/glyphs\/A_dieresis.glif","\/univox.ufo\/glyphs\/A_grave.glif":"\/univox.ufo\/glyphs\/A_grave.glif","\/univox.ufo\/glyphs\/A_ring.glif":"\/univox.ufo\/glyphs\/A_ring.glif","\/univox.ufo\/glyphs\/A_tilde.glif":"\/univox.ufo\/glyphs\/A_tilde.glif","\/univox.ufo\/glyphs\/B_.glif":"\/univox.ufo\/glyphs\/B_.glif","\/univox.ufo\/glyphs\/C_.glif":"\/univox.ufo\/glyphs\/C_.glif","\/univox.ufo\/glyphs\/C_cedilla.glif":"\/univox.ufo\/glyphs\/C_cedilla.glif","\/univox.ufo\/glyphs\/D_.glif":"\/univox.ufo\/glyphs\/D_.glif","\/univox.ufo\/glyphs\/E_.glif":"\/univox.ufo\/glyphs\/E_.glif","\/univox.ufo\/glyphs\/E_S_C_.glif":"\/univox.ufo\/glyphs\/E_S_C_.glif","\/univox.ufo\/glyphs\/E_acute.glif":"\/univox.ufo\/glyphs\/E_acute.glif","\/univox.ufo\/glyphs\/E_circumflex.glif":"\/univox.ufo\/glyphs\/E_circumflex.glif","\/univox.ufo\/glyphs\/E_dieresis.glif":"\/univox.ufo\/glyphs\/E_dieresis.glif","\/univox.ufo\/glyphs\/E_grave.glif":"\/univox.ufo\/glyphs\/E_grave.glif","\/univox.ufo\/glyphs\/E_uro.glif":"\/univox.ufo\/glyphs\/E_uro.glif","\/univox.ufo\/glyphs\/F_.glif":"\/univox.ufo\/glyphs\/F_.glif","\/univox.ufo\/glyphs\/F_S_.glif":"\/univox.ufo\/glyphs\/F_S_.glif","\/univox.ufo\/glyphs\/G_.glif":"\/univox.ufo\/glyphs\/G_.glif","\/univox.ufo\/glyphs\/G_S_.glif":"\/univox.ufo\/glyphs\/G_S_.glif","\/univox.ufo\/glyphs\/H_.glif":"\/univox.ufo\/glyphs\/H_.glif","\/univox.ufo\/glyphs\/I_.glif":"\/univox.ufo\/glyphs\/I_.glif","\/univox.ufo\/glyphs\/I_acute.glif":"\/univox.ufo\/glyphs\/I_acute.glif","\/univox.ufo\/glyphs\/I_circumflex.glif":"\/univox.ufo\/glyphs\/I_circumflex.glif","\/univox.ufo\/glyphs\/I_dieresis.glif":"\/univox.ufo\/glyphs\/I_dieresis.glif","\/univox.ufo\/glyphs\/I_grave.glif":"\/univox.ufo\/glyphs\/I_grave.glif","\/univox.ufo\/glyphs\/J_.glif":"\/univox.ufo\/glyphs\/J_.glif","\/univox.ufo\/glyphs\/K_.glif":"\/univox.ufo\/glyphs\/K_.glif","\/univox.ufo\/glyphs\/L_.glif":"\/univox.ufo\/glyphs\/L_.glif","\/univox.ufo\/glyphs\/M_.glif":"\/univox.ufo\/glyphs\/M_.glif","\/univox.ufo\/glyphs\/N_.glif":"\/univox.ufo\/glyphs\/N_.glif","\/univox.ufo\/glyphs\/N_tilde.glif":"\/univox.ufo\/glyphs\/N_tilde.glif","\/univox.ufo\/glyphs\/O_.glif":"\/univox.ufo\/glyphs\/O_.glif","\/univox.ufo\/glyphs\/O_E_.glif":"\/univox.ufo\/glyphs\/O_E_.glif","\/univox.ufo\/glyphs\/O_acute.glif":"\/univox.ufo\/glyphs\/O_acute.glif","\/univox.ufo\/glyphs\/O_circumflex.glif":"\/univox.ufo\/glyphs\/O_circumflex.glif","\/univox.ufo\/glyphs\/O_dieresis.glif":"\/univox.ufo\/glyphs\/O_dieresis.glif","\/univox.ufo\/glyphs\/O_grave.glif":"\/univox.ufo\/glyphs\/O_grave.glif","\/univox.ufo\/glyphs\/O_slash.glif":"\/univox.ufo\/glyphs\/O_slash.glif","\/univox.ufo\/glyphs\/O_tilde.glif":"\/univox.ufo\/glyphs\/O_tilde.glif","\/univox.ufo\/glyphs\/P_.glif":"\/univox.ufo\/glyphs\/P_.glif","\/univox.ufo\/glyphs\/Q_.glif":"\/univox.ufo\/glyphs\/Q_.glif","\/univox.ufo\/glyphs\/R_.glif":"\/univox.ufo\/glyphs\/R_.glif","\/univox.ufo\/glyphs\/S_.glif":"\/univox.ufo\/glyphs\/S_.glif","\/univox.ufo\/glyphs\/T_.glif":"\/univox.ufo\/glyphs\/T_.glif","\/univox.ufo\/glyphs\/U_.glif":"\/univox.ufo\/glyphs\/U_.glif","\/univox.ufo\/glyphs\/U_acute.glif":"\/univox.ufo\/glyphs\/U_acute.glif","\/univox.ufo\/glyphs\/U_circumflex.glif":"\/univox.ufo\/glyphs\/U_circumflex.glif","\/univox.ufo\/glyphs\/U_dieresis.glif":"\/univox.ufo\/glyphs\/U_dieresis.glif","\/univox.ufo\/glyphs\/U_grave.glif":"\/univox.ufo\/glyphs\/U_grave.glif","\/univox.ufo\/glyphs\/V_.glif":"\/univox.ufo\/glyphs\/V_.glif","\/univox.ufo\/glyphs\/W_.glif":"\/univox.ufo\/glyphs\/W_.glif","\/univox.ufo\/glyphs\/X_.glif":"\/univox.ufo\/glyphs\/X_.glif","\/univox.ufo\/glyphs\/Y_.glif":"\/univox.ufo\/glyphs\/Y_.glif","\/univox.ufo\/glyphs\/Y_acute.glif":"\/univox.ufo\/glyphs\/Y_acute.glif","\/univox.ufo\/glyphs\/Y_dieresis.glif":"\/univox.ufo\/glyphs\/Y_dieresis.glif","\/univox.ufo\/glyphs\/Z_.glif":"\/univox.ufo\/glyphs\/Z_.glif","\/univox.ufo\/glyphs\/_null.glif":"\/univox.ufo\/glyphs\/_null.glif","\/univox.ufo\/glyphs\/a.glif":"\/univox.ufo\/glyphs\/a.glif","\/univox.ufo\/glyphs\/aacute.glif":"\/univox.ufo\/glyphs\/aacute.glif","\/univox.ufo\/glyphs\/acircumflex.glif":"\/univox.ufo\/glyphs\/acircumflex.glif","\/univox.ufo\/glyphs\/acute.glif":"\/univox.ufo\/glyphs\/acute.glif","\/univox.ufo\/glyphs\/adieresis.glif":"\/univox.ufo\/glyphs\/adieresis.glif","\/univox.ufo\/glyphs\/ae.glif":"\/univox.ufo\/glyphs\/ae.glif","\/univox.ufo\/glyphs\/agrave.glif":"\/univox.ufo\/glyphs\/agrave.glif","\/univox.ufo\/glyphs\/ampersand.glif":"\/univox.ufo\/glyphs\/ampersand.glif","\/univox.ufo\/glyphs\/aring.glif":"\/univox.ufo\/glyphs\/aring.glif","\/univox.ufo\/glyphs\/asciicircum.glif":"\/univox.ufo\/glyphs\/asciicircum.glif","\/univox.ufo\/glyphs\/asciitilde.glif":"\/univox.ufo\/glyphs\/asciitilde.glif","\/univox.ufo\/glyphs\/asterisk.glif":"\/univox.ufo\/glyphs\/asterisk.glif","\/univox.ufo\/glyphs\/at.glif":"\/univox.ufo\/glyphs\/at.glif","\/univox.ufo\/glyphs\/atilde.glif":"\/univox.ufo\/glyphs\/atilde.glif","\/univox.ufo\/glyphs\/b.glif":"\/univox.ufo\/glyphs\/b.glif","\/univox.ufo\/glyphs\/backslash.glif":"\/univox.ufo\/glyphs\/backslash.glif","\/univox.ufo\/glyphs\/bar.glif":"\/univox.ufo\/glyphs\/bar.glif","\/univox.ufo\/glyphs\/braceleft.glif":"\/univox.ufo\/glyphs\/braceleft.glif","\/univox.ufo\/glyphs\/braceright.glif":"\/univox.ufo\/glyphs\/braceright.glif","\/univox.ufo\/glyphs\/bracketleft.glif":"\/univox.ufo\/glyphs\/bracketleft.glif","\/univox.ufo\/glyphs\/bracketright.glif":"\/univox.ufo\/glyphs\/bracketright.glif","\/univox.ufo\/glyphs\/c.glif":"\/univox.ufo\/glyphs\/c.glif","\/univox.ufo\/glyphs\/ccedilla.glif":"\/univox.ufo\/glyphs\/ccedilla.glif","\/univox.ufo\/glyphs\/cedilla.glif":"\/univox.ufo\/glyphs\/cedilla.glif","\/univox.ufo\/glyphs\/circumflex.glif":"\/univox.ufo\/glyphs\/circumflex.glif","\/univox.ufo\/glyphs\/colon.glif":"\/univox.ufo\/glyphs\/colon.glif","\/univox.ufo\/glyphs\/comma.glif":"\/univox.ufo\/glyphs\/comma.glif","\/univox.ufo\/glyphs\/contents.plist":"\/univox.ufo\/glyphs\/contents.plist","\/univox.ufo\/glyphs\/copyright.glif":"\/univox.ufo\/glyphs\/copyright.glif","\/univox.ufo\/glyphs\/d.glif":"\/univox.ufo\/glyphs\/d.glif","\/univox.ufo\/glyphs\/dieresis.glif":"\/univox.ufo\/glyphs\/dieresis.glif","\/univox.ufo\/glyphs\/dollar.glif":"\/univox.ufo\/glyphs\/dollar.glif","\/univox.ufo\/glyphs\/dotlessi.glif":"\/univox.ufo\/glyphs\/dotlessi.glif","\/univox.ufo\/glyphs\/e.glif":"\/univox.ufo\/glyphs\/e.glif","\/univox.ufo\/glyphs\/eacute.glif":"\/univox.ufo\/glyphs\/eacute.glif","\/univox.ufo\/glyphs\/ecircumflex.glif":"\/univox.ufo\/glyphs\/ecircumflex.glif","\/univox.ufo\/glyphs\/edieresis.glif":"\/univox.ufo\/glyphs\/edieresis.glif","\/univox.ufo\/glyphs\/egrave.glif":"\/univox.ufo\/glyphs\/egrave.glif","\/univox.ufo\/glyphs\/eight.glif":"\/univox.ufo\/glyphs\/eight.glif","\/univox.ufo\/glyphs\/ellipsis.glif":"\/univox.ufo\/glyphs\/ellipsis.glif","\/univox.ufo\/glyphs\/equal.glif":"\/univox.ufo\/glyphs\/equal.glif","\/univox.ufo\/glyphs\/exclam.glif":"\/univox.ufo\/glyphs\/exclam.glif","\/univox.ufo\/glyphs\/exclamdown.glif":"\/univox.ufo\/glyphs\/exclamdown.glif","\/univox.ufo\/glyphs\/f.glif":"\/univox.ufo\/glyphs\/f.glif","\/univox.ufo\/glyphs\/five.glif":"\/univox.ufo\/glyphs\/five.glif","\/univox.ufo\/glyphs\/florin.glif":"\/univox.ufo\/glyphs\/florin.glif","\/univox.ufo\/glyphs\/four.glif":"\/univox.ufo\/glyphs\/four.glif","\/univox.ufo\/glyphs\/g.glif":"\/univox.ufo\/glyphs\/g.glif","\/univox.ufo\/glyphs\/germandbls.glif":"\/univox.ufo\/glyphs\/germandbls.glif","\/univox.ufo\/glyphs\/grave.glif":"\/univox.ufo\/glyphs\/grave.glif","\/univox.ufo\/glyphs\/greater.glif":"\/univox.ufo\/glyphs\/greater.glif","\/univox.ufo\/glyphs\/guillemotleft.glif":"\/univox.ufo\/glyphs\/guillemotleft.glif","\/univox.ufo\/glyphs\/guillemotright.glif":"\/univox.ufo\/glyphs\/guillemotright.glif","\/univox.ufo\/glyphs\/guilsinglleft.glif":"\/univox.ufo\/glyphs\/guilsinglleft.glif","\/univox.ufo\/glyphs\/guilsinglright.glif":"\/univox.ufo\/glyphs\/guilsinglright.glif","\/univox.ufo\/glyphs\/h.glif":"\/univox.ufo\/glyphs\/h.glif","\/univox.ufo\/glyphs\/hyphen.glif":"\/univox.ufo\/glyphs\/hyphen.glif","\/univox.ufo\/glyphs\/i.glif":"\/univox.ufo\/glyphs\/i.glif","\/univox.ufo\/glyphs\/iacute.glif":"\/univox.ufo\/glyphs\/iacute.glif","\/univox.ufo\/glyphs\/icircumflex.glif":"\/univox.ufo\/glyphs\/icircumflex.glif","\/univox.ufo\/glyphs\/idieresis.glif":"\/univox.ufo\/glyphs\/idieresis.glif","\/univox.ufo\/glyphs\/igrave.glif":"\/univox.ufo\/glyphs\/igrave.glif","\/univox.ufo\/glyphs\/j.glif":"\/univox.ufo\/glyphs\/j.glif","\/univox.ufo\/glyphs\/k.glif":"\/univox.ufo\/glyphs\/k.glif","\/univox.ufo\/glyphs\/l.glif":"\/univox.ufo\/glyphs\/l.glif","\/univox.ufo\/glyphs\/less.glif":"\/univox.ufo\/glyphs\/less.glif","\/univox.ufo\/glyphs\/m.glif":"\/univox.ufo\/glyphs\/m.glif","\/univox.ufo\/glyphs\/n.glif":"\/univox.ufo\/glyphs\/n.glif","\/univox.ufo\/glyphs\/nine.glif":"\/univox.ufo\/glyphs\/nine.glif","\/univox.ufo\/glyphs\/nonmarkingreturn.glif":"\/univox.ufo\/glyphs\/nonmarkingreturn.glif","\/univox.ufo\/glyphs\/ntilde.glif":"\/univox.ufo\/glyphs\/ntilde.glif","\/univox.ufo\/glyphs\/numbersign.glif":"\/univox.ufo\/glyphs\/numbersign.glif","\/univox.ufo\/glyphs\/o.glif":"\/univox.ufo\/glyphs\/o.glif","\/univox.ufo\/glyphs\/oacute.glif":"\/univox.ufo\/glyphs\/oacute.glif","\/univox.ufo\/glyphs\/ocircumflex.glif":"\/univox.ufo\/glyphs\/ocircumflex.glif","\/univox.ufo\/glyphs\/odieresis.glif":"\/univox.ufo\/glyphs\/odieresis.glif","\/univox.ufo\/glyphs\/oe.glif":"\/univox.ufo\/glyphs\/oe.glif","\/univox.ufo\/glyphs\/ograve.glif":"\/univox.ufo\/glyphs\/ograve.glif","\/univox.ufo\/glyphs\/one.glif":"\/univox.ufo\/glyphs\/one.glif","\/univox.ufo\/glyphs\/oslash.glif":"\/univox.ufo\/glyphs\/oslash.glif","\/univox.ufo\/glyphs\/otilde.glif":"\/univox.ufo\/glyphs\/otilde.glif","\/univox.ufo\/glyphs\/p.glif":"\/univox.ufo\/glyphs\/p.glif","\/univox.ufo\/glyphs\/parenleft.glif":"\/univox.ufo\/glyphs\/parenleft.glif","\/univox.ufo\/glyphs\/parenright.glif":"\/univox.ufo\/glyphs\/parenright.glif","\/univox.ufo\/glyphs\/percent.glif":"\/univox.ufo\/glyphs\/percent.glif","\/univox.ufo\/glyphs\/period.glif":"\/univox.ufo\/glyphs\/period.glif","\/univox.ufo\/glyphs\/plus.glif":"\/univox.ufo\/glyphs\/plus.glif","\/univox.ufo\/glyphs\/q.glif":"\/univox.ufo\/glyphs\/q.glif","\/univox.ufo\/glyphs\/question.glif":"\/univox.ufo\/glyphs\/question.glif","\/univox.ufo\/glyphs\/questiondown.glif":"\/univox.ufo\/glyphs\/questiondown.glif","\/univox.ufo\/glyphs\/quotedbl.glif":"\/univox.ufo\/glyphs\/quotedbl.glif","\/univox.ufo\/glyphs\/quotedblbase.glif":"\/univox.ufo\/glyphs\/quotedblbase.glif","\/univox.ufo\/glyphs\/quotedblleft.glif":"\/univox.ufo\/glyphs\/quotedblleft.glif","\/univox.ufo\/glyphs\/quotedblright.glif":"\/univox.ufo\/glyphs\/quotedblright.glif","\/univox.ufo\/glyphs\/quoteleft.glif":"\/univox.ufo\/glyphs\/quoteleft.glif","\/univox.ufo\/glyphs\/quoteright.glif":"\/univox.ufo\/glyphs\/quoteright.glif","\/univox.ufo\/glyphs\/quotesinglbase.glif":"\/univox.ufo\/glyphs\/quotesinglbase.glif","\/univox.ufo\/glyphs\/quotesingle.glif":"\/univox.ufo\/glyphs\/quotesingle.glif","\/univox.ufo\/glyphs\/r.glif":"\/univox.ufo\/glyphs\/r.glif","\/univox.ufo\/glyphs\/registered.glif":"\/univox.ufo\/glyphs\/registered.glif","\/univox.ufo\/glyphs\/ring.glif":"\/univox.ufo\/glyphs\/ring.glif","\/univox.ufo\/glyphs\/s.glif":"\/univox.ufo\/glyphs\/s.glif","\/univox.ufo\/glyphs\/semicolon.glif":"\/univox.ufo\/glyphs\/semicolon.glif","\/univox.ufo\/glyphs\/seven.glif":"\/univox.ufo\/glyphs\/seven.glif","\/univox.ufo\/glyphs\/six.glif":"\/univox.ufo\/glyphs\/six.glif","\/univox.ufo\/glyphs\/slash.glif":"\/univox.ufo\/glyphs\/slash.glif","\/univox.ufo\/glyphs\/space.glif":"\/univox.ufo\/glyphs\/space.glif","\/univox.ufo\/glyphs\/t.glif":"\/univox.ufo\/glyphs\/t.glif","\/univox.ufo\/glyphs\/three.glif":"\/univox.ufo\/glyphs\/three.glif","\/univox.ufo\/glyphs\/tilde.glif":"\/univox.ufo\/glyphs\/tilde.glif","\/univox.ufo\/glyphs\/trademark.glif":"\/univox.ufo\/glyphs\/trademark.glif","\/univox.ufo\/glyphs\/two.glif":"\/univox.ufo\/glyphs\/two.glif","\/univox.ufo\/glyphs\/u.glif":"\/univox.ufo\/glyphs\/u.glif","\/univox.ufo\/glyphs\/uacute.glif":"\/univox.ufo\/glyphs\/uacute.glif","\/univox.ufo\/glyphs\/ucircumflex.glif":"\/univox.ufo\/glyphs\/ucircumflex.glif","\/univox.ufo\/glyphs\/udieresis.glif":"\/univox.ufo\/glyphs\/udieresis.glif","\/univox.ufo\/glyphs\/ugrave.glif":"\/univox.ufo\/glyphs\/ugrave.glif","\/univox.ufo\/glyphs\/underscore.glif":"\/univox.ufo\/glyphs\/underscore.glif","\/univox.ufo\/glyphs\/v.glif":"\/univox.ufo\/glyphs\/v.glif","\/univox.ufo\/glyphs\/w.glif":"\/univox.ufo\/glyphs\/w.glif","\/univox.ufo\/glyphs\/x.glif":"\/univox.ufo\/glyphs\/x.glif","\/univox.ufo\/glyphs\/y.glif":"\/univox.ufo\/glyphs\/y.glif","\/univox.ufo\/glyphs\/yacute.glif":"\/univox.ufo\/glyphs\/yacute.glif","\/univox.ufo\/glyphs\/ydieresis.glif":"\/univox.ufo\/glyphs\/ydieresis.glif","\/univox.ufo\/glyphs\/z.glif":"\/univox.ufo\/glyphs\/z.glif","\/univox.ufo\/glyphs\/zero.glif":"\/univox.ufo\/glyphs\/zero.glif"},"Font":{"uploaded":1476809053.5023,"licence":"gpl3","company":"Chronolabs Cooperative","title":"Univox","version":3.002,"date":"Sat Oct 15 00:59:10 2016","creator":"root","type":"1","matrix":"0.001 0 0 0.001 0 0","named":"Univox","painttype":"0","info":"10 dict dup","name":"Univox","family":"Univox","weight":"Book","fstype":"0","italicangle":"0","underlineposition":"","underlinethickness":""},"Licences":{"":false},"Table":{"FFTM":{"entryLength":16,"tag":"FFTM","checksum":1955361548,"offset":22908,"length":28},"GDEF":{"entryLength":16,"tag":"GDEF","checksum":15204356,"offset":22876,"length":32},"OS\/2":{"entryLength":16,"tag":"OS\/2","checksum":1450707177,"offset":344,"length":86},"cmap":{"entryLength":16,"tag":"cmap","checksum":3353661152,"offset":1180,"length":570},"gasp":{"entryLength":16,"tag":"gasp","checksum":4294901763,"offset":22868,"length":8},"glyf":{"entryLength":16,"tag":"glyf","checksum":2319086776,"offset":2128,"length":19036},"head":{"entryLength":16,"tag":"head","checksum":528756815,"offset":220,"length":54},"hhea":{"entryLength":16,"tag":"hhea","checksum":465444644,"offset":276,"length":36},"hmtx":{"entryLength":16,"tag":"hmtx","checksum":1939762351,"offset":432,"length":748},"loca":{"entryLength":16,"tag":"loca","checksum":2752231258,"offset":1752,"length":376},"maxp":{"entryLength":16,"tag":"maxp","checksum":19071477,"offset":312,"length":32},"name":{"entryLength":16,"tag":"name","checksum":3984516257,"offset":21164,"length":1278},"post":{"entryLength":16,"tag":"post","checksum":3918872309,"offset":22444,"length":423}},"UnicodeCharMap":{"0":1,"13":2,"32":6,"33":7,"34":8,"35":9,"36":10,"37":11,"38":12,"39":13,"40":14,"41":15,"42":16,"43":17,"44":18,"45":19,"46":20,"47":21,"48":22,"49":23,"50":24,"51":25,"52":26,"53":27,"54":28,"55":29,"56":30,"57":31,"58":32,"59":33,"60":34,"61":35,"62":36,"63":37,"64":38,"65":39,"66":40,"67":41,"68":42,"69":43,"70":44,"71":45,"72":46,"73":47,"74":48,"75":49,"76":50,"77":51,"78":52,"79":53,"80":54,"81":55,"82":56,"83":57,"84":58,"85":59,"86":60,"87":61,"88":62,"89":63,"90":64,"91":65,"92":66,"93":67,"94":68,"95":69,"96":70,"97":71,"98":72,"99":73,"100":74,"101":75,"102":76,"103":77,"104":78,"105":79,"106":80,"107":81,"108":82,"109":83,"110":84,"111":85,"112":86,"113":87,"114":88,"115":89,"116":90,"117":91,"118":92,"119":93,"120":94,"121":95,"122":96,"123":97,"124":98,"125":99,"126":100,"161":101,"168":102,"169":103,"171":104,"174":105,"180":106,"184":107,"187":108,"191":109,"192":110,"193":111,"194":112,"195":113,"196":114,"197":115,"198":116,"199":117,"200":118,"201":119,"202":120,"203":121,"204":122,"205":123,"206":124,"207":125,"209":126,"210":127,"211":128,"212":129,"213":130,"214":131,"216":132,"217":133,"218":134,"219":135,"220":136,"221":137,"223":138,"224":139,"225":140,"226":141,"227":142,"228":143,"229":144,"230":145,"231":146,"232":147,"233":148,"234":149,"235":150,"236":151,"237":152,"238":153,"239":154,"241":155,"242":156,"243":157,"244":158,"245":159,"246":160,"248":161,"249":162,"250":163,"251":164,"252":165,"253":166,"255":167,"305":182,"338":184,"339":185,"376":183,"402":175,"710":179,"730":181,"732":180,"8216":168,"8217":169,"8218":174,"8220":170,"8221":171,"8222":173,"8230":172,"8249":176,"8250":178,"8364":186,"8482":177},"Reserves":{"fontname":"Univox"},"Names":{"Univox":{"name":"Univox","longitude":"0.00000001","latitude":"0.00000001","country":"","region":"","city":""}},"Nodes":{"un":{"type":"typal","node":"un","usage":1,"weight":1},"ox":{"type":"typal","node":"ox","usage":1,"weight":1},"uni":{"type":"typal","node":"uni","usage":1,"weight":1},"vox":{"type":"typal","node":"vox","usage":1,"weight":1},"univ":{"type":"keys","node":"univ","usage":1,"weight":1},"ivox":{"type":"keys","node":"ivox","usage":1,"weight":1},"univo":{"type":"keys","node":"univo","usage":1,"weight":1},"nivox":{"type":"keys","node":"nivox","usage":1,"weight":1},"univox":{"type":"fixes","node":"univox","usage":1,"weight":1}},"Contributors":[],"FontIdentity":"aph:8335aae493d0147425b4b843e7ae","Bytes":null,"Networking":[],"barcode":"kYkEs9gQgaAI","referee":"weyoek8"}