{"CSS":{"Zebrawood-Fill":"Zebrawood-Fill.css","Zebrawood Fill":"ef8579e46de2b6e90260f8269331c6fa.css"},"FontType":"TrueType","FontCopyright":null,"FontName":"Zebrawood","FontSubfamily":"Fill","FontSubfamilyID":"FontForge 2.0 : Zebrawood-Fill : 26-5-2016","FontFullName":"Zebrawood Fill","FontVersion":"Version 1.0","FontWeight":null,"FontPostscriptName":"Zebrawood-Fill","Files":null,"Table":{"FFTM":{"entryLength":16,"tag":"FFTM","checksum":1930740264,"offset":46176,"length":28},"GDEF":{"entryLength":16,"tag":"GDEF","checksum":16252934,"offset":41304,"length":32},"GPOS":{"entryLength":16,"tag":"GPOS","checksum":370084769,"offset":41384,"length":4790},"GSUB":{"entryLength":16,"tag":"GSUB","checksum":3103766782,"offset":41336,"length":48},"OS\/2":{"entryLength":16,"tag":"OS\/2","checksum":1427117459,"offset":376,"length":86},"cmap":{"entryLength":16,"tag":"cmap","checksum":1778983724,"offset":1276,"length":870},"gasp":{"entryLength":16,"tag":"gasp","checksum":4294901763,"offset":41296,"length":8},"glyf":{"entryLength":16,"tag":"glyf","checksum":2031668389,"offset":2556,"length":37848},"head":{"entryLength":16,"tag":"head","checksum":172319497,"offset":252,"length":54},"hhea":{"entryLength":16,"tag":"hhea","checksum":133170259,"offset":308,"length":36},"hmtx":{"entryLength":16,"tag":"hmtx","checksum":2929139967,"offset":464,"length":812},"loca":{"entryLength":16,"tag":"loca","checksum":1003315610,"offset":2148,"length":408},"maxp":{"entryLength":16,"tag":"maxp","checksum":17957057,"offset":344,"length":32},"name":{"entryLength":16,"tag":"name","checksum":3945291576,"offset":40404,"length":450},"post":{"entryLength":16,"tag":"post","checksum":766521599,"offset":40856,"length":440}},"UnicodeCharMap":{"33":3,"34":4,"36":5,"37":6,"38":7,"39":92,"40":9,"41":10,"42":11,"44":12,"45":13,"46":14,"47":15,"48":16,"49":17,"50":18,"51":19,"52":20,"53":21,"54":22,"55":23,"56":24,"57":25,"58":26,"59":27,"63":28,"65":29,"66":30,"67":31,"68":32,"69":33,"70":34,"71":35,"72":36,"73":37,"74":38,"75":39,"76":40,"77":41,"78":42,"79":43,"80":44,"81":45,"82":46,"83":47,"84":48,"85":49,"86":50,"87":51,"88":52,"89":53,"90":54,"91":55,"93":56,"95":57,"96":108,"97":59,"98":60,"99":61,"100":62,"101":63,"102":64,"103":65,"104":66,"105":67,"106":68,"107":69,"108":70,"109":71,"110":72,"111":73,"112":74,"113":75,"114":76,"115":77,"116":78,"117":79,"118":80,"119":81,"120":82,"121":83,"122":84,"123":85,"125":86,"161":87,"162":88,"163":89,"165":90,"168":115,"169":145,"170":123,"171":94,"174":137,"175":112,"178":134,"179":136,"180":109,"181":143,"183":100,"184":117,"185":138,"186":127,"187":105,"191":107,"192":150,"193":147,"194":148,"195":152,"196":149,"197":151,"198":122,"199":139,"200":156,"201":153,"202":154,"203":155,"204":160,"205":157,"206":158,"207":159,"208":141,"209":161,"210":165,"211":162,"212":163,"213":166,"214":164,"216":125,"217":171,"218":168,"219":169,"220":170,"221":172,"222":135,"223":133,"224":178,"225":175,"226":176,"227":180,"228":177,"229":179,"230":128,"231":144,"232":184,"233":181,"234":182,"235":183,"236":188,"237":185,"238":186,"239":187,"240":140,"241":189,"242":193,"243":190,"244":191,"245":194,"246":192,"248":131,"249":199,"250":196,"251":197,"252":198,"253":200,"254":142,"255":201,"305":129,"321":124,"322":130,"338":126,"339":132,"352":167,"353":195,"376":173,"381":174,"382":202,"402":91,"710":110,"711":120,"728":113,"729":114,"730":116,"731":119,"732":111,"733":118,"8211":99,"8212":121,"8216":58,"8217":8,"8218":102,"8220":93,"8221":104,"8222":103,"8226":101,"8230":106,"8249":95,"8250":96,"8482":146,"64257":97,"64258":98},"Reserves":{"fontname":"Zebrawood Fill"},"Names":{"Zebrawood Fill":{"name":"Zebrawood Fill","longitude":"0.00000001","latitude":"0.00000001","country":"","region":"","city":""}},"Nodes":{"ze":{"type":"typal","node":"ze","usage":1,"weight":1},"od":{"type":"typal","node":"od","usage":1,"weight":1},"fi":{"type":"typal","node":"fi","usage":1,"weight":1},"ll":{"type":"typal","node":"ll","usage":1,"weight":1},"zeb":{"type":"typal","node":"zeb","usage":1,"weight":1},"ood":{"type":"typal","node":"ood","usage":1,"weight":1},"fil":{"type":"typal","node":"fil","usage":1,"weight":1},"ill":{"type":"typal","node":"ill","usage":1,"weight":1},"zebr":{"type":"keys","node":"zebr","usage":1,"weight":1},"wood":{"type":"keys","node":"wood","usage":1,"weight":1},"zebra":{"type":"keys","node":"zebra","usage":1,"weight":1},"awood":{"type":"keys","node":"awood","usage":1,"weight":1},"zebrawood":{"type":"fixes","node":"zebrawood","usage":1,"weight":1},"fill":{"type":"fixes","node":"fill","usage":1,"weight":1}},"Contributors":[],"FontIdentity":"ef8579e46de2b6e90260f8269331c6fa","Bytes":null,"Networking":[]}