{"CSS":{"TutelageCapsSSK":"TutelageCapsSSK.css"},"FontType":"TrueType","FontCopyright":"Copyright 1993 Southern Software, Inc. All Rights Reserved","FontName":"TutelageCapsSSK","FontSubfamily":"Book","FontSubfamilyID":"FontForge 2.0 : TutelageCapsSSK : 28-10-2016","FontFullName":"Tutelage Caps SSK","FontVersion":"Version Macromedia Fontograp ","FontWeight":null,"FontPostscriptName":"TutelageCapsSSK","Files":{"tutelagecapsssk.afm":"tutelagecapsssk.afm","tutelagecapsssk.bin":"tutelagecapsssk.bin","tutelagecapsssk.cef":"tutelagecapsssk.cef","tutelagecapsssk.cff":"tutelagecapsssk.cff","tutelagecapsssk.cid":"tutelagecapsssk.cid","tutelagecapsssk.dfont":"tutelagecapsssk.dfont","tutelagecapsssk.eot":"tutelagecapsssk.eot","tutelagecapsssk.fon":"tutelagecapsssk.fon","tutelagecapsssk.gai":"tutelagecapsssk.gai","tutelagecapsssk.gsf":"tutelagecapsssk.gsf","tutelagecapsssk.hqx":"tutelagecapsssk.hqx","tutelagecapsssk.ik":"tutelagecapsssk.ik","tutelagecapsssk.mf":"tutelagecapsssk.mf","tutelagecapsssk.otf":"tutelagecapsssk.otf","tutelagecapsssk.pcf":"tutelagecapsssk.pcf","tutelagecapsssk.pf3":"tutelagecapsssk.pf3","tutelagecapsssk.pfa":"tutelagecapsssk.pfa","tutelagecapsssk.pfb":"tutelagecapsssk.pfb","tutelagecapsssk.php":"tutelagecapsssk.php","tutelagecapsssk.pmf":"tutelagecapsssk.pmf","tutelagecapsssk.pt3":"tutelagecapsssk.pt3","tutelagecapsssk.sfd":"tutelagecapsssk.sfd","tutelagecapsssk.svg":"tutelagecapsssk.svg","tutelagecapsssk.t42":"tutelagecapsssk.t42","tutelagecapsssk.ttd":"tutelagecapsssk.ttd","tutelagecapsssk.ttf":"tutelagecapsssk.ttf","tutelagecapsssk.ttg":"tutelagecapsssk.ttg","tutelagecapsssk.ufm":"tutelagecapsssk.ufm","tutelagecapsssk.woff":"tutelagecapsssk.woff","tutelagecapsssk.z":"tutelagecapsssk.z","":{"tutelagecapsssk.afm":"tutelagecapsssk.afm","tutelagecapsssk.bin":"tutelagecapsssk.bin","tutelagecapsssk.cef":"tutelagecapsssk.cef","tutelagecapsssk.cff":"tutelagecapsssk.cff","tutelagecapsssk.cid":"tutelagecapsssk.cid","tutelagecapsssk.dfont":"tutelagecapsssk.dfont","tutelagecapsssk.eot":"tutelagecapsssk.eot","tutelagecapsssk.fon":"tutelagecapsssk.fon","tutelagecapsssk.gai":"tutelagecapsssk.gai","tutelagecapsssk.gsf":"tutelagecapsssk.gsf","tutelagecapsssk.hqx":"tutelagecapsssk.hqx","tutelagecapsssk.ik":"tutelagecapsssk.ik","tutelagecapsssk.mf":"tutelagecapsssk.mf","tutelagecapsssk.otf":"tutelagecapsssk.otf","tutelagecapsssk.pcf":"tutelagecapsssk.pcf","tutelagecapsssk.pf3":"tutelagecapsssk.pf3","tutelagecapsssk.pfa":"tutelagecapsssk.pfa","tutelagecapsssk.pfb":"tutelagecapsssk.pfb","tutelagecapsssk.php":"tutelagecapsssk.php","tutelagecapsssk.pmf":"tutelagecapsssk.pmf","tutelagecapsssk.pt3":"tutelagecapsssk.pt3","tutelagecapsssk.sfd":"tutelagecapsssk.sfd","tutelagecapsssk.svg":"tutelagecapsssk.svg","tutelagecapsssk.t42":"tutelagecapsssk.t42","tutelagecapsssk.ttd":"tutelagecapsssk.ttd","tutelagecapsssk.ttf":"tutelagecapsssk.ttf","tutelagecapsssk.ttg":"tutelagecapsssk.ttg","tutelagecapsssk.ufm":"tutelagecapsssk.ufm","tutelagecapsssk.woff":"tutelagecapsssk.woff","tutelagecapsssk.z":"tutelagecapsssk.z"},"\/tutelagecapsssk.ufo":{"feature.fea":"feature.fea","fontinfo.plist":"fontinfo.plist","groups.plist":"groups.plist","kerning.plist":"kerning.plist","metainfo.plist":"metainfo.plist"},"\/tutelagecapsssk.ufo\/glyphs":{"A_.glif":"A_.glif","A_acute.glif":"A_acute.glif","A_circumflex.glif":"A_circumflex.glif","A_dieresis.glif":"A_dieresis.glif","A_grave.glif":"A_grave.glif","A_ring.glif":"A_ring.glif","A_tilde.glif":"A_tilde.glif","B_.glif":"B_.glif","C_.glif":"C_.glif","C_cedilla.glif":"C_cedilla.glif","D_.glif":"D_.glif","E_.glif":"E_.glif","E_acute.glif":"E_acute.glif","E_circumflex.glif":"E_circumflex.glif","E_dieresis.glif":"E_dieresis.glif","E_grave.glif":"E_grave.glif","F_.glif":"F_.glif","G_.glif":"G_.glif","H_.glif":"H_.glif","I_.glif":"I_.glif","I_circumflex.glif":"I_circumflex.glif","I_dieresis.glif":"I_dieresis.glif","J_.glif":"J_.glif","K_.glif":"K_.glif","L_.glif":"L_.glif","M_.glif":"M_.glif","N_.glif":"N_.glif","N_tilde.glif":"N_tilde.glif","O_.glif":"O_.glif","O_acute.glif":"O_acute.glif","O_circumflex.glif":"O_circumflex.glif","O_tilde.glif":"O_tilde.glif","P_.glif":"P_.glif","Q_.glif":"Q_.glif","R_.glif":"R_.glif","S_.glif":"S_.glif","T_.glif":"T_.glif","U_.glif":"U_.glif","U_acute.glif":"U_acute.glif","U_circumflex.glif":"U_circumflex.glif","U_grave.glif":"U_grave.glif","V_.glif":"V_.glif","W_.glif":"W_.glif","X_.glif":"X_.glif","Y_.glif":"Y_.glif","Y_dieresis.glif":"Y_dieresis.glif","Z_.glif":"Z_.glif","_notdef.glif":"_notdef.glif","_null.glif":"_null.glif","a.glif":"a.glif","aacute.glif":"aacute.glif","acircumflex.glif":"acircumflex.glif","adieresis.glif":"adieresis.glif","agrave.glif":"agrave.glif","aring.glif":"aring.glif","atilde.glif":"atilde.glif","b.glif":"b.glif","c.glif":"c.glif","ccedilla.glif":"ccedilla.glif","contents.plist":"contents.plist","d.glif":"d.glif","e.glif":"e.glif","eacute.glif":"eacute.glif","ecircumflex.glif":"ecircumflex.glif","edieresis.glif":"edieresis.glif","egrave.glif":"egrave.glif","eight.glif":"eight.glif","f.glif":"f.glif","five.glif":"five.glif","four.glif":"four.glif","g.glif":"g.glif","h.glif":"h.glif","i.glif":"i.glif","iacute.glif":"iacute.glif","icircumflex.glif":"icircumflex.glif","idieresis.glif":"idieresis.glif","igrave.glif":"igrave.glif","j.glif":"j.glif","k.glif":"k.glif","l.glif":"l.glif","m.glif":"m.glif","n.glif":"n.glif","nine.glif":"nine.glif","nonbreakingspace.glif":"nonbreakingspace.glif","nonmarkingreturn.glif":"nonmarkingreturn.glif","ntilde.glif":"ntilde.glif","o.glif":"o.glif","oacute.glif":"oacute.glif","ocircumflex.glif":"ocircumflex.glif","odieresis.glif":"odieresis.glif","ograve.glif":"ograve.glif","one.glif":"one.glif","otilde.glif":"otilde.glif","p.glif":"p.glif","q.glif":"q.glif","r.glif":"r.glif","s.glif":"s.glif","seven.glif":"seven.glif","six.glif":"six.glif","space.glif":"space.glif","t.glif":"t.glif","three.glif":"three.glif","two.glif":"two.glif","u.glif":"u.glif","uacute.glif":"uacute.glif","ucircumflex.glif":"ucircumflex.glif","udieresis.glif":"udieresis.glif","ugrave.glif":"ugrave.glif","v.glif":"v.glif","w.glif":"w.glif","x.glif":"x.glif","y.glif":"y.glif","ydieresis.glif":"ydieresis.glif","z.glif":"z.glif","zero.glif":"zero.glif"}},"Font":{"uploaded":1477638324.7156,"licence":"gpl3","company":"Chronolabs Cooperative","title":"Tutelage Caps SSK","version":2.001,"date":"Sun Aug 28 07:55:37 2016","creator":"root","type":"1","matrix":"0.001 0 0 0.001 0 0","named":"TutelageCapsSSK","painttype":"0","info":"10 dict dup","name":"TutelageCapsSSK","family":"TutelageCapsSSK","weight":"Book","fstype":"1","italicangle":"0","underlineposition":"","underlinethickness":""},"Table":{"FFTM":{"entryLength":16,"tag":"FFTM","checksum":1947117124,"offset":81384,"length":28},"GDEF":{"entryLength":16,"tag":"GDEF","checksum":10420228,"offset":81352,"length":32},"OS\/2":{"entryLength":16,"tag":"OS\/2","checksum":1433035453,"offset":344,"length":86},"cmap":{"entryLength":16,"tag":"cmap","checksum":673093452,"offset":888,"length":466},"gasp":{"entryLength":16,"tag":"gasp","checksum":4294901763,"offset":81344,"length":8},"glyf":{"entryLength":16,"tag":"glyf","checksum":3120387705,"offset":1588,"length":78756},"head":{"entryLength":16,"tag":"head","checksum":187281598,"offset":220,"length":54},"hhea":{"entryLength":16,"tag":"hhea","checksum":129631275,"offset":276,"length":36},"hmtx":{"entryLength":16,"tag":"hmtx","checksum":1855522777,"offset":432,"length":454},"loca":{"entryLength":16,"tag":"loca","checksum":2519484704,"offset":1356,"length":230},"maxp":{"entryLength":16,"tag":"maxp","checksum":13697797,"offset":312,"length":32},"name":{"entryLength":16,"tag":"name","checksum":4223429597,"offset":80344,"length":735},"post":{"entryLength":16,"tag":"post","checksum":341251333,"offset":81080,"length":262}},"UnicodeCharMap":{"0":1,"13":2,"32":3,"48":4,"49":5,"50":6,"51":7,"52":8,"53":9,"54":10,"55":11,"56":12,"57":13,"65":14,"66":15,"67":16,"68":17,"69":18,"70":19,"71":20,"72":21,"73":22,"74":23,"75":24,"76":25,"77":26,"78":27,"79":28,"80":29,"81":30,"82":31,"83":32,"84":33,"85":34,"86":35,"87":36,"88":37,"89":38,"90":39,"97":40,"98":41,"99":42,"100":43,"101":44,"102":45,"103":46,"104":47,"105":48,"106":49,"107":50,"108":51,"109":52,"110":53,"111":54,"112":55,"113":56,"114":57,"115":58,"116":59,"117":60,"118":61,"119":62,"120":63,"121":64,"122":65,"160":66,"192":67,"193":68,"194":69,"195":70,"196":71,"197":72,"199":73,"200":74,"201":75,"202":76,"203":77,"206":78,"207":79,"209":80,"211":81,"212":82,"213":83,"217":84,"218":85,"219":86,"224":87,"225":88,"226":89,"227":90,"228":91,"229":92,"231":93,"232":94,"233":95,"234":96,"235":97,"236":98,"237":99,"238":100,"239":101,"241":102,"242":103,"243":104,"244":105,"245":106,"246":107,"249":108,"250":109,"251":110,"252":111,"255":112,"376":113},"Reserves":null,"Names":[],"Nodes":{"tu":{"type":"typal","node":"tu","usage":1,"weight":1},"ge":{"type":"typal","node":"ge","usage":1,"weight":1},"ca":{"type":"typal","node":"ca","usage":1,"weight":1},"ps":{"type":"typal","node":"ps","usage":1,"weight":1},"ss":{"type":"typal","node":"ss","usage":1,"weight":1},"sk":{"type":"typal","node":"sk","usage":1,"weight":1},"tut":{"type":"typal","node":"tut","usage":1,"weight":1},"age":{"type":"typal","node":"age","usage":1,"weight":1},"cap":{"type":"typal","node":"cap","usage":1,"weight":1},"aps":{"type":"typal","node":"aps","usage":1,"weight":1},"tute":{"type":"keys","node":"tute","usage":1,"weight":1},"lage":{"type":"keys","node":"lage","usage":1,"weight":1},"tutel":{"type":"keys","node":"tutel","usage":1,"weight":1},"elage":{"type":"keys","node":"elage","usage":1,"weight":1},"tutelage":{"type":"fixes","node":"tutelage","usage":1,"weight":1},"caps":{"type":"fixes","node":"caps","usage":1,"weight":1},"ssk":{"type":"fixes","node":"ssk","usage":1,"weight":1}},"Contributors":[],"FontIdentity":"350f5fcb04e522ed50fd7cd52240764d","Bytes":7238439,"Networking":[],"barcode":"qisku72amqoac","referee":"giewo"}