{"CSS":{"H-ManPt2":"H-ManPt2.css"},"FontType":"TrueType","FontCopyright":"1.0 \\2511996 B.O.Nelson-Brain Eaters Font Co.","FontName":"H-Man","FontSubfamily":"ManPt2","FontSubfamilyID":"FontForge 2.0 : H-ManPt2 : 16-12-2016","FontFullName":"H Man Pt 2","FontVersion":"Version 001.000 ","FontWeight":null,"FontPostscriptName":"H-ManPt2","Files":{"h-manpt2.afm":"h-manpt2.afm","h-manpt2.bin":"h-manpt2.bin","h-manpt2.cef":"h-manpt2.cef","h-manpt2.cff":"h-manpt2.cff","h-manpt2.cid":"h-manpt2.cid","h-manpt2.dfont":"h-manpt2.dfont","h-manpt2.eot":"h-manpt2.eot","h-manpt2.fon":"h-manpt2.fon","h-manpt2.gai":"h-manpt2.gai","h-manpt2.gsf":"h-manpt2.gsf","h-manpt2.hqx":"h-manpt2.hqx","h-manpt2.ik":"h-manpt2.ik","h-manpt2.mf":"h-manpt2.mf","h-manpt2.otf":"h-manpt2.otf","h-manpt2.pcf":"h-manpt2.pcf","h-manpt2.pf3":"h-manpt2.pf3","h-manpt2.pfa":"h-manpt2.pfa","h-manpt2.pfb":"h-manpt2.pfb","h-manpt2.php":"h-manpt2.php","h-manpt2.pmf":"h-manpt2.pmf","h-manpt2.pt3":"h-manpt2.pt3","h-manpt2.sfd":"h-manpt2.sfd","h-manpt2.svg":"h-manpt2.svg","h-manpt2.t42":"h-manpt2.t42","h-manpt2.ttd":"h-manpt2.ttd","h-manpt2.ttf":"h-manpt2.ttf","h-manpt2.ttg":"h-manpt2.ttg","h-manpt2.ufm":"h-manpt2.ufm","h-manpt2.woff":"h-manpt2.woff","h-manpt2.z":"h-manpt2.z","":{"h-manpt2.afm":"h-manpt2.afm","h-manpt2.bin":"h-manpt2.bin","h-manpt2.cef":"h-manpt2.cef","h-manpt2.cff":"h-manpt2.cff","h-manpt2.cid":"h-manpt2.cid","h-manpt2.dfont":"h-manpt2.dfont","h-manpt2.eot":"h-manpt2.eot","h-manpt2.fon":"h-manpt2.fon","h-manpt2.gai":"h-manpt2.gai","h-manpt2.gsf":"h-manpt2.gsf","h-manpt2.hqx":"h-manpt2.hqx","h-manpt2.ik":"h-manpt2.ik","h-manpt2.mf":"h-manpt2.mf","h-manpt2.otf":"h-manpt2.otf","h-manpt2.pcf":"h-manpt2.pcf","h-manpt2.pf3":"h-manpt2.pf3","h-manpt2.pfa":"h-manpt2.pfa","h-manpt2.pfb":"h-manpt2.pfb","h-manpt2.php":"h-manpt2.php","h-manpt2.pmf":"h-manpt2.pmf","h-manpt2.pt3":"h-manpt2.pt3","h-manpt2.sfd":"h-manpt2.sfd","h-manpt2.svg":"h-manpt2.svg","h-manpt2.t42":"h-manpt2.t42","h-manpt2.ttd":"h-manpt2.ttd","h-manpt2.ttf":"h-manpt2.ttf","h-manpt2.ttg":"h-manpt2.ttg","h-manpt2.ufm":"h-manpt2.ufm","h-manpt2.woff":"h-manpt2.woff","h-manpt2.z":"h-manpt2.z"},"\/h-manpt2.ufo":{"feature.fea":"feature.fea","fontinfo.plist":"fontinfo.plist","groups.plist":"groups.plist","kerning.plist":"kerning.plist","metainfo.plist":"metainfo.plist"},"\/h-manpt2.ufo\/glyphs":{"A_.glif":"A_.glif","B_.glif":"B_.glif","C_.glif":"C_.glif","D_.glif":"D_.glif","E_.glif":"E_.glif","F_.glif":"F_.glif","G_.glif":"G_.glif","H_.glif":"H_.glif","I_.glif":"I_.glif","J_.glif":"J_.glif","K_.glif":"K_.glif","L_.glif":"L_.glif","M_.glif":"M_.glif","N_.glif":"N_.glif","O_.glif":"O_.glif","O_mega.glif":"O_mega.glif","P_.glif":"P_.glif","Q_.glif":"Q_.glif","R_.glif":"R_.glif","S_.glif":"S_.glif","T_.glif":"T_.glif","U_.glif":"U_.glif","V_.glif":"V_.glif","W_.glif":"W_.glif","X_.glif":"X_.glif","Y_.glif":"Y_.glif","Z_.glif":"Z_.glif","_null.glif":"_null.glif","a.glif":"a.glif","ampersand.glif":"ampersand.glif","apple.glif":"apple.glif","asciicircum.glif":"asciicircum.glif","asciitilde.glif":"asciitilde.glif","asterisk.glif":"asterisk.glif","at.glif":"at.glif","b.glif":"b.glif","backslash.glif":"backslash.glif","bar.glif":"bar.glif","braceleft.glif":"braceleft.glif","braceright.glif":"braceright.glif","bracketleft.glif":"bracketleft.glif","bracketright.glif":"bracketright.glif","bullet.glif":"bullet.glif","c.glif":"c.glif","cent.glif":"cent.glif","colon.glif":"colon.glif","comma.glif":"comma.glif","contents.plist":"contents.plist","copyright.glif":"copyright.glif","d.glif":"d.glif","divide.glif":"divide.glif","dollar.glif":"dollar.glif","e.glif":"e.glif","eight.glif":"eight.glif","equal.glif":"equal.glif","exclam.glif":"exclam.glif","f.glif":"f.glif","five.glif":"five.glif","four.glif":"four.glif","g.glif":"g.glif","glyph114.glif":"glyph114.glif","grave.glif":"grave.glif","greater.glif":"greater.glif","h.glif":"h.glif","hyphen.glif":"hyphen.glif","i.glif":"i.glif","j.glif":"j.glif","k.glif":"k.glif","l.glif":"l.glif","less.glif":"less.glif","m.glif":"m.glif","n.glif":"n.glif","nine.glif":"nine.glif","nonbreakingspace.glif":"nonbreakingspace.glif","nonmarkingreturn.glif":"nonmarkingreturn.glif","numbersign.glif":"numbersign.glif","o.glif":"o.glif","one.glif":"one.glif","p.glif":"p.glif","paragraph.glif":"paragraph.glif","parenleft.glif":"parenleft.glif","parenright.glif":"parenright.glif","percent.glif":"percent.glif","period.glif":"period.glif","pi.glif":"pi.glif","plus.glif":"plus.glif","q.glif":"q.glif","question.glif":"question.glif","quotedbl.glif":"quotedbl.glif","quotedblleft.glif":"quotedblleft.glif","quotedblright.glif":"quotedblright.glif","quoteleft.glif":"quoteleft.glif","quoteright.glif":"quoteright.glif","quotesingle.glif":"quotesingle.glif","r.glif":"r.glif","registered.glif":"registered.glif","s.glif":"s.glif","semicolon.glif":"semicolon.glif","seven.glif":"seven.glif","six.glif":"six.glif","slash.glif":"slash.glif","space.glif":"space.glif","sterling.glif":"sterling.glif","t.glif":"t.glif","three.glif":"three.glif","trademark.glif":"trademark.glif","two.glif":"two.glif","u.glif":"u.glif","underscore.glif":"underscore.glif","v.glif":"v.glif","w.glif":"w.glif","x.glif":"x.glif","y.glif":"y.glif","z.glif":"z.glif","zero.glif":"zero.glif"}},"Font":null,"Table":{"FFTM":{"entryLength":16,"tag":"FFTM","checksum":1957396968,"offset":26696,"length":28},"GDEF":{"entryLength":16,"tag":"GDEF","checksum":10485764,"offset":26664,"length":32},"OS\/2":{"entryLength":16,"tag":"OS\/2","checksum":1454047351,"offset":344,"length":86},"cmap":{"entryLength":16,"tag":"cmap","checksum":2146025904,"offset":892,"length":434},"gasp":{"entryLength":16,"tag":"gasp","checksum":4294901763,"offset":26656,"length":8},"glyf":{"entryLength":16,"tag":"glyf","checksum":1831209462,"offset":1560,"length":24248},"head":{"entryLength":16,"tag":"head","checksum":200689751,"offset":220,"length":54},"hhea":{"entryLength":16,"tag":"hhea","checksum":124322724,"offset":276,"length":36},"hmtx":{"entryLength":16,"tag":"hmtx","checksum":4132112096,"offset":432,"length":460},"loca":{"entryLength":16,"tag":"loca","checksum":3011432046,"offset":1328,"length":232},"maxp":{"entryLength":16,"tag":"maxp","checksum":12518560,"offset":312,"length":32},"name":{"entryLength":16,"tag":"name","checksum":725343073,"offset":25808,"length":570},"post":{"entryLength":16,"tag":"post","checksum":3137711433,"offset":26380,"length":273}},"UnicodeCharMap":{"0":1,"13":2,"32":3,"33":4,"34":5,"35":6,"36":7,"37":8,"38":9,"39":10,"40":11,"41":12,"42":13,"43":14,"44":15,"45":16,"46":17,"47":18,"48":19,"49":20,"50":21,"51":22,"52":23,"53":24,"54":25,"55":26,"56":27,"57":28,"58":29,"59":30,"60":31,"61":32,"62":33,"63":34,"64":35,"65":36,"66":37,"67":38,"68":39,"69":40,"70":41,"71":42,"72":43,"73":44,"74":45,"75":46,"76":47,"77":48,"78":49,"79":50,"80":51,"81":52,"82":53,"83":54,"84":55,"85":56,"86":57,"87":58,"88":59,"89":60,"90":61,"91":62,"92":63,"93":64,"94":65,"95":66,"96":67,"97":68,"98":69,"99":70,"100":71,"101":72,"102":73,"103":74,"104":75,"105":76,"106":77,"107":78,"108":79,"109":80,"110":81,"111":82,"112":83,"113":84,"114":85,"115":86,"116":87,"117":88,"118":89,"119":90,"120":91,"121":92,"122":93,"123":94,"124":95,"125":96,"126":97,"160":98,"162":99,"163":100,"169":101,"174":102,"182":103,"247":104,"937":113,"960":107,"8216":110,"8217":111,"8220":108,"8221":109,"8226":105,"8482":106},"Reserves":null,"Names":[],"Nodes":{"ma":{"type":"typal","node":"ma","usage":1,"weight":1},"an":{"type":"typal","node":"an","usage":1,"weight":1},"h":{"type":"fixes","node":"h","usage":1,"weight":1},"man":{"type":"fixes","node":"man","usage":1,"weight":1}},"Contributors":[],"FontIdentity":"c50d1a4538f5e24a5f79095b95051801","Bytes":2692687,"Networking":[],"barcode":"queweswee5sw3","referee":"gcyyq"}