{"CSS":{"Ninjas":"Ninjas.css"},"FontType":"TrueType","FontCopyright":"2002 Iconian Fonts - www.iconian.com","FontName":"Ninjas","FontSubfamily":"Book","FontSubfamilyID":"FontForge 2.0 : Ninjas : 18-10-2016","FontFullName":"Ninjas","FontVersion":"Version 1 ","FontWeight":null,"FontPostscriptName":"Ninjas","Files":{"ninjas.afm":"ninjas.afm","ninjas.bin":"ninjas.bin","ninjas.cef":"ninjas.cef","ninjas.cff":"ninjas.cff","ninjas.cid":"ninjas.cid","ninjas.dfont":"ninjas.dfont","ninjas.eot":"ninjas.eot","ninjas.fon":"ninjas.fon","ninjas.gai":"ninjas.gai","ninjas.gsf":"ninjas.gsf","ninjas.hqx":"ninjas.hqx","ninjas.ik":"ninjas.ik","ninjas.mf":"ninjas.mf","ninjas.otf":"ninjas.otf","ninjas.pcf":"ninjas.pcf","ninjas.pf3":"ninjas.pf3","ninjas.pfa":"ninjas.pfa","ninjas.pfb":"ninjas.pfb","ninjas.php":"ninjas.php","ninjas.pmf":"ninjas.pmf","ninjas.pt3":"ninjas.pt3","ninjas.sfd":"ninjas.sfd","ninjas.svg":"ninjas.svg","ninjas.t42":"ninjas.t42","ninjas.ttd":"ninjas.ttd","ninjas.ttf":"ninjas.ttf","ninjas.ttg":"ninjas.ttg","ninjas.ufm":"ninjas.ufm","ninjas.woff":"ninjas.woff","ninjas.z":"ninjas.z","":{"ninjas.afm":"ninjas.afm","ninjas.bin":"ninjas.bin","ninjas.cef":"ninjas.cef","ninjas.cff":"ninjas.cff","ninjas.cid":"ninjas.cid","ninjas.dfont":"ninjas.dfont","ninjas.eot":"ninjas.eot","ninjas.fon":"ninjas.fon","ninjas.gai":"ninjas.gai","ninjas.gsf":"ninjas.gsf","ninjas.hqx":"ninjas.hqx","ninjas.ik":"ninjas.ik","ninjas.mf":"ninjas.mf","ninjas.otf":"ninjas.otf","ninjas.pcf":"ninjas.pcf","ninjas.pf3":"ninjas.pf3","ninjas.pfa":"ninjas.pfa","ninjas.pfb":"ninjas.pfb","ninjas.php":"ninjas.php","ninjas.pmf":"ninjas.pmf","ninjas.pt3":"ninjas.pt3","ninjas.sfd":"ninjas.sfd","ninjas.svg":"ninjas.svg","ninjas.t42":"ninjas.t42","ninjas.ttd":"ninjas.ttd","ninjas.ttf":"ninjas.ttf","ninjas.ttg":"ninjas.ttg","ninjas.ufm":"ninjas.ufm","ninjas.woff":"ninjas.woff","ninjas.z":"ninjas.z"},"\/ninjas.ufo":{"feature.fea":"feature.fea","fontinfo.plist":"fontinfo.plist","groups.plist":"groups.plist","kerning.plist":"kerning.plist","metainfo.plist":"metainfo.plist"},"\/ninjas.ufo\/glyphs":{"F_L_0021h.glif":"F_L_0021h.glif","F_L_0022h.glif":"F_L_0022h.glif","F_L_0024h.glif":"F_L_0024h.glif","F_L_0025h.glif":"F_L_0025h.glif","F_L_0026h.glif":"F_L_0026h.glif","F_L_0027h.glif":"F_L_0027h.glif","F_L_0028h.glif":"F_L_0028h.glif","F_L_002B_h.glif":"F_L_002B_h.glif","F_L_002C_h.glif":"F_L_002C_h.glif","F_L_002D_h.glif":"F_L_002D_h.glif","F_L_002E_h.glif":"F_L_002E_h.glif","F_L_002F_h.glif":"F_L_002F_h.glif","F_L_0030h.glif":"F_L_0030h.glif","F_L_0031h.glif":"F_L_0031h.glif","F_L_0032h.glif":"F_L_0032h.glif","F_L_0033h.glif":"F_L_0033h.glif","F_L_0034h.glif":"F_L_0034h.glif","F_L_0035h.glif":"F_L_0035h.glif","F_L_0036h.glif":"F_L_0036h.glif","F_L_0037h.glif":"F_L_0037h.glif","F_L_0038h.glif":"F_L_0038h.glif","F_L_0039h.glif":"F_L_0039h.glif","F_L_003A_h.glif":"F_L_003A_h.glif","F_L_003B_h.glif":"F_L_003B_h.glif","F_L_003C_h.glif":"F_L_003C_h.glif","F_L_003D_h.glif":"F_L_003D_h.glif","F_L_003E_h.glif":"F_L_003E_h.glif","F_L_003F_h.glif":"F_L_003F_h.glif","F_L_0042h.glif":"F_L_0042h.glif","F_L_0043h.glif":"F_L_0043h.glif","F_L_0044h.glif":"F_L_0044h.glif","F_L_0045h.glif":"F_L_0045h.glif","F_L_0046h.glif":"F_L_0046h.glif","F_L_0047h.glif":"F_L_0047h.glif","F_L_0048h.glif":"F_L_0048h.glif","F_L_0049h.glif":"F_L_0049h.glif","F_L_004A_h.glif":"F_L_004A_h.glif","F_L_004B_h.glif":"F_L_004B_h.glif","F_L_004C_h.glif":"F_L_004C_h.glif","F_L_004D_h.glif":"F_L_004D_h.glif","F_L_004E_h.glif":"F_L_004E_h.glif","F_L_004F_h.glif":"F_L_004F_h.glif","F_L_0050h.glif":"F_L_0050h.glif","F_L_0051h.glif":"F_L_0051h.glif","F_L_0052h.glif":"F_L_0052h.glif","F_L_0053h.glif":"F_L_0053h.glif","F_L_0054h.glif":"F_L_0054h.glif","F_L_0055h.glif":"F_L_0055h.glif","F_L_0056h.glif":"F_L_0056h.glif","F_L_0057h.glif":"F_L_0057h.glif","F_L_0058h.glif":"F_L_0058h.glif","F_L_0059h.glif":"F_L_0059h.glif","F_L_005A_h.glif":"F_L_005A_h.glif","F_L_005B_h.glif":"F_L_005B_h.glif","F_L_005C_h.glif":"F_L_005C_h.glif","F_L_005D_h.glif":"F_L_005D_h.glif","F_L_005E_h.glif":"F_L_005E_h.glif","F_L_005F_h.glif":"F_L_005F_h.glif","F_L_0060h.glif":"F_L_0060h.glif","F_L_0069h.glif":"F_L_0069h.glif","F_L_006B_h.glif":"F_L_006B_h.glif","F_L_006C_h.glif":"F_L_006C_h.glif","F_L_006D_h.glif":"F_L_006D_h.glif","F_L_006E_h.glif":"F_L_006E_h.glif","F_L_006F_h.glif":"F_L_006F_h.glif","F_L_0070h.glif":"F_L_0070h.glif","F_L_0071h.glif":"F_L_0071h.glif","F_L_0072h.glif":"F_L_0072h.glif","F_L_0073h.glif":"F_L_0073h.glif","F_L_0074h.glif":"F_L_0074h.glif","F_L_0075h.glif":"F_L_0075h.glif","F_L_0076h.glif":"F_L_0076h.glif","F_L_0077h.glif":"F_L_0077h.glif","F_L_0078h.glif":"F_L_0078h.glif","F_L_0079h.glif":"F_L_0079h.glif","F_L_007A_h.glif":"F_L_007A_h.glif","F_L_007B_h.glif":"F_L_007B_h.glif","F_L_007C_h.glif":"F_L_007C_h.glif","F_L_007D_h.glif":"F_L_007D_h.glif","F_L_0A_9F_h.glif":"F_L_0A_9F_h.glif","F_L_2018h.glif":"F_L_2018h.glif","F_L_2019h.glif":"F_L_2019h.glif","F_L_201C_h.glif":"F_L_201C_h.glif","F_L_201D_h.glif":"F_L_201D_h.glif","_0046.glif":"_0046.glif","_0092.glif":"_0092.glif","_null.glif":"_null.glif","a.glif":"a.glif","b.glif":"b.glif","c.glif":"c.glif","contents.plist":"contents.plist","d.glif":"d.glif","e.glif":"e.glif","f.glif":"f.glif","g.glif":"g.glif","h.glif":"h.glif","nonmarkingreturn.glif":"nonmarkingreturn.glif","space.glif":"space.glif"}},"Font":{"uploaded":1476782614.6042,"licence":"gpl3","company":"Chronolabs Cooperative","title":"Ninjas","version":2.001,"date":"Fri Oct 14 23:30:30 2016","creator":"root","type":"1","matrix":"0.001 0 0 0.001 0 0","named":"Ninjas","painttype":"0","info":"10 dict dup","name":"Ninjas","family":"Ninjas","weight":"Book","fstype":"0","italicangle":"0","underlineposition":"","underlinethickness":""},"Table":{"FFTM":{"entryLength":16,"tag":"FFTM","checksum":1955350908,"offset":74556,"length":28},"GDEF":{"entryLength":16,"tag":"GDEF","checksum":9371652,"offset":74524,"length":32},"OS\/2":{"entryLength":16,"tag":"OS\/2","checksum":1435787678,"offset":344,"length":86},"cmap":{"entryLength":16,"tag":"cmap","checksum":2305332091,"offset":824,"length":346},"gasp":{"entryLength":16,"tag":"gasp","checksum":4294901763,"offset":74516,"length":8},"glyf":{"entryLength":16,"tag":"glyf","checksum":517680983,"offset":1372,"length":71724},"head":{"entryLength":16,"tag":"head","checksum":204765725,"offset":220,"length":54},"hhea":{"entryLength":16,"tag":"hhea","checksum":157025530,"offset":276,"length":36},"hmtx":{"entryLength":16,"tag":"hmtx","checksum":311821381,"offset":432,"length":390},"loca":{"entryLength":16,"tag":"loca","checksum":2841534812,"offset":1172,"length":198},"maxp":{"entryLength":16,"tag":"maxp","checksum":11927992,"offset":312,"length":32},"name":{"entryLength":16,"tag":"name","checksum":1006709812,"offset":73096,"length":504},"post":{"entryLength":16,"tag":"post","checksum":3176613218,"offset":73600,"length":914}},"UnicodeCharMap":{"0":1,"13":2,"32":3,"97":65,"98":66,"99":67,"100":68,"101":69,"102":70,"103":71,"104":72},"Reserves":null,"Names":[],"Nodes":{"ni":{"type":"typal","node":"ni","usage":1,"weight":1},"as":{"type":"typal","node":"as","usage":1,"weight":1},"nin":{"type":"typal","node":"nin","usage":1,"weight":1},"jas":{"type":"typal","node":"jas","usage":1,"weight":1},"ninj":{"type":"keys","node":"ninj","usage":1,"weight":1},"njas":{"type":"keys","node":"njas","usage":1,"weight":1},"ninja":{"type":"keys","node":"ninja","usage":1,"weight":1},"injas":{"type":"keys","node":"injas","usage":1,"weight":1},"ninjas":{"type":"fixes","node":"ninjas","usage":1,"weight":1}},"Contributors":[],"FontIdentity":"61c56fe2846b1ce9b85c52db449b6fbd","Bytes":6918704,"Networking":[],"barcode":"86eyeuaewac6w","referee":"7icmq0o"}