{"CSS":{"Kepler Std Medium Condensed Display Italic":"Kepler+Std+Medium+Condensed+Display+Italic.css"},"FontType":"TrueType","FontCopyright":"Copyright 1996, 2003 Adobe Systems Incorporated. All rights reserved. Kepler is either a registered trademark or a trademark of Adobe Systems Incorporated in the United States and\/or other countries.","FontName":"Kepler Std","FontSubfamily":"MediumCnItDisp","FontSubfamilyID":"FontForge 2.0 : Kepler Std Medium Condensed Display Italic : 16-8-2016","FontFullName":"Kepler Std Medium Condensed Display Italic","FontVersion":"Version 2.000 ","FontWeight":null,"FontPostscriptName":"KeplerStd-MediumCnItDisp","Files":{"keplerstd-mediumcnitdisp.afm":"keplerstd-mediumcnitdisp.afm","keplerstd-mediumcnitdisp.bin":"keplerstd-mediumcnitdisp.bin","keplerstd-mediumcnitdisp.cef":"keplerstd-mediumcnitdisp.cef","keplerstd-mediumcnitdisp.cff":"keplerstd-mediumcnitdisp.cff","keplerstd-mediumcnitdisp.cid":"keplerstd-mediumcnitdisp.cid","keplerstd-mediumcnitdisp.dfont":"keplerstd-mediumcnitdisp.dfont","keplerstd-mediumcnitdisp.eot":"keplerstd-mediumcnitdisp.eot","keplerstd-mediumcnitdisp.fon":"keplerstd-mediumcnitdisp.fon","keplerstd-mediumcnitdisp.gai":"keplerstd-mediumcnitdisp.gai","keplerstd-mediumcnitdisp.gsf":"keplerstd-mediumcnitdisp.gsf","keplerstd-mediumcnitdisp.hqx":"keplerstd-mediumcnitdisp.hqx","keplerstd-mediumcnitdisp.ik":"keplerstd-mediumcnitdisp.ik","keplerstd-mediumcnitdisp.mf":"keplerstd-mediumcnitdisp.mf","keplerstd-mediumcnitdisp.otf":"keplerstd-mediumcnitdisp.otf","keplerstd-mediumcnitdisp.pcf":"keplerstd-mediumcnitdisp.pcf","keplerstd-mediumcnitdisp.pf3":"keplerstd-mediumcnitdisp.pf3","keplerstd-mediumcnitdisp.pfa":"keplerstd-mediumcnitdisp.pfa","keplerstd-mediumcnitdisp.pfb":"keplerstd-mediumcnitdisp.pfb","keplerstd-mediumcnitdisp.php":"keplerstd-mediumcnitdisp.php","keplerstd-mediumcnitdisp.pmf":"keplerstd-mediumcnitdisp.pmf","keplerstd-mediumcnitdisp.pt3":"keplerstd-mediumcnitdisp.pt3","keplerstd-mediumcnitdisp.sfd":"keplerstd-mediumcnitdisp.sfd","keplerstd-mediumcnitdisp.svg":"keplerstd-mediumcnitdisp.svg","keplerstd-mediumcnitdisp.t42":"keplerstd-mediumcnitdisp.t42","keplerstd-mediumcnitdisp.ttd":"keplerstd-mediumcnitdisp.ttd","keplerstd-mediumcnitdisp.ttf":"keplerstd-mediumcnitdisp.ttf","keplerstd-mediumcnitdisp.ttg":"keplerstd-mediumcnitdisp.ttg","keplerstd-mediumcnitdisp.ufm":"keplerstd-mediumcnitdisp.ufm","keplerstd-mediumcnitdisp.woff":"keplerstd-mediumcnitdisp.woff","keplerstd-mediumcnitdisp.z":"keplerstd-mediumcnitdisp.z","":{"keplerstd-mediumcnitdisp.afm":"keplerstd-mediumcnitdisp.afm","keplerstd-mediumcnitdisp.bin":"keplerstd-mediumcnitdisp.bin","keplerstd-mediumcnitdisp.cef":"keplerstd-mediumcnitdisp.cef","keplerstd-mediumcnitdisp.cff":"keplerstd-mediumcnitdisp.cff","keplerstd-mediumcnitdisp.cid":"keplerstd-mediumcnitdisp.cid","keplerstd-mediumcnitdisp.dfont":"keplerstd-mediumcnitdisp.dfont","keplerstd-mediumcnitdisp.eot":"keplerstd-mediumcnitdisp.eot","keplerstd-mediumcnitdisp.fon":"keplerstd-mediumcnitdisp.fon","keplerstd-mediumcnitdisp.gai":"keplerstd-mediumcnitdisp.gai","keplerstd-mediumcnitdisp.gsf":"keplerstd-mediumcnitdisp.gsf","keplerstd-mediumcnitdisp.hqx":"keplerstd-mediumcnitdisp.hqx","keplerstd-mediumcnitdisp.ik":"keplerstd-mediumcnitdisp.ik","keplerstd-mediumcnitdisp.mf":"keplerstd-mediumcnitdisp.mf","keplerstd-mediumcnitdisp.otf":"keplerstd-mediumcnitdisp.otf","keplerstd-mediumcnitdisp.pcf":"keplerstd-mediumcnitdisp.pcf","keplerstd-mediumcnitdisp.pf3":"keplerstd-mediumcnitdisp.pf3","keplerstd-mediumcnitdisp.pfa":"keplerstd-mediumcnitdisp.pfa","keplerstd-mediumcnitdisp.pfb":"keplerstd-mediumcnitdisp.pfb","keplerstd-mediumcnitdisp.php":"keplerstd-mediumcnitdisp.php","keplerstd-mediumcnitdisp.pmf":"keplerstd-mediumcnitdisp.pmf","keplerstd-mediumcnitdisp.pt3":"keplerstd-mediumcnitdisp.pt3","keplerstd-mediumcnitdisp.sfd":"keplerstd-mediumcnitdisp.sfd","keplerstd-mediumcnitdisp.svg":"keplerstd-mediumcnitdisp.svg","keplerstd-mediumcnitdisp.t42":"keplerstd-mediumcnitdisp.t42","keplerstd-mediumcnitdisp.ttd":"keplerstd-mediumcnitdisp.ttd","keplerstd-mediumcnitdisp.ttf":"keplerstd-mediumcnitdisp.ttf","keplerstd-mediumcnitdisp.ttg":"keplerstd-mediumcnitdisp.ttg","keplerstd-mediumcnitdisp.ufm":"keplerstd-mediumcnitdisp.ufm","keplerstd-mediumcnitdisp.woff":"keplerstd-mediumcnitdisp.woff","keplerstd-mediumcnitdisp.z":"keplerstd-mediumcnitdisp.z"},"\/keplerstd-mediumcnitdisp.ufo":{"feature.fea":"feature.fea","fontinfo.plist":"fontinfo.plist","groups.plist":"groups.plist","kerning.plist":"kerning.plist","metainfo.plist":"metainfo.plist"},"\/keplerstd-mediumcnitdisp.ufo\/glyphs":{"A_.glif":"A_.glif","A_.sc.glif":"A_.sc.glif","A_.swash.glif":"A_.swash.glif","A_E_.glif":"A_E_.glif","A_E_.sc.glif":"A_E_.sc.glif","A_E_.swash.glif":"A_E_.swash.glif","A_acute.glif":"A_acute.glif","A_acute.sc.glif":"A_acute.sc.glif","A_acute.swash.glif":"A_acute.swash.glif","A_circumflex.glif":"A_circumflex.glif","A_circumflex.sc.glif":"A_circumflex.sc.glif","A_circumflex.swash.glif":"A_circumflex.swash.glif","A_dieresis.glif":"A_dieresis.glif","A_dieresis.sc.glif":"A_dieresis.sc.glif","A_dieresis.swash.glif":"A_dieresis.swash.glif","A_grave.glif":"A_grave.glif","A_grave.sc.glif":"A_grave.sc.glif","A_grave.swash.glif":"A_grave.swash.glif","A_ring.glif":"A_ring.glif","A_ring.sc.glif":"A_ring.sc.glif","A_ring.swash.glif":"A_ring.swash.glif","A_tilde.glif":"A_tilde.glif","A_tilde.sc.glif":"A_tilde.sc.glif","A_tilde.swash.glif":"A_tilde.swash.glif","B_.glif":"B_.glif","B_.sc.glif":"B_.sc.glif","B_.swash.glif":"B_.swash.glif","C_.glif":"C_.glif","C_.sc.glif":"C_.sc.glif","C_.swash.glif":"C_.swash.glif","C_cedilla.glif":"C_cedilla.glif","C_cedilla.sc.glif":"C_cedilla.sc.glif","C_cedilla.swash.glif":"C_cedilla.swash.glif","D_.glif":"D_.glif","D_.sc.glif":"D_.sc.glif","D_.swash.glif":"D_.swash.glif","D_elta.glif":"D_elta.glif","E_.glif":"E_.glif","E_.sc.glif":"E_.sc.glif","E_.swash.glif":"E_.swash.glif","E_acute.glif":"E_acute.glif","E_acute.sc.glif":"E_acute.sc.glif","E_acute.swash.glif":"E_acute.swash.glif","E_circumflex.glif":"E_circumflex.glif","E_circumflex.sc.glif":"E_circumflex.sc.glif","E_circumflex.swash.glif":"E_circumflex.swash.glif","E_dieresis.glif":"E_dieresis.glif","E_dieresis.sc.glif":"E_dieresis.sc.glif","E_dieresis.swash.glif":"E_dieresis.swash.glif","E_grave.glif":"E_grave.glif","E_grave.sc.glif":"E_grave.sc.glif","E_grave.swash.glif":"E_grave.swash.glif","E_th.glif":"E_th.glif","E_th.sc.glif":"E_th.sc.glif","E_th.swash.glif":"E_th.swash.glif","E_uro.fitted.glif":"E_uro.fitted.glif","E_uro.glif":"E_uro.glif","E_uro.oldstyle.glif":"E_uro.oldstyle.glif","E_uro.taboldstyle.glif":"E_uro.taboldstyle.glif","F_.glif":"F_.glif","F_.sc.glif":"F_.sc.glif","F_.swash.glif":"F_.swash.glif","G_.glif":"G_.glif","G_.sc.glif":"G_.sc.glif","G_.swash.glif":"G_.swash.glif","H_.glif":"H_.glif","H_.sc.glif":"H_.sc.glif","H_.swash.glif":"H_.swash.glif","I_.glif":"I_.glif","I_.sc.glif":"I_.sc.glif","I_.swash.glif":"I_.swash.glif","I_acute.glif":"I_acute.glif","I_acute.sc.glif":"I_acute.sc.glif","I_acute.swash.glif":"I_acute.swash.glif","I_circumflex.glif":"I_circumflex.glif","I_circumflex.sc.glif":"I_circumflex.sc.glif","I_circumflex.swash.glif":"I_circumflex.swash.glif","I_dieresis.glif":"I_dieresis.glif","I_dieresis.sc.glif":"I_dieresis.sc.glif","I_dieresis.swash.glif":"I_dieresis.swash.glif","I_grave.glif":"I_grave.glif","I_grave.sc.glif":"I_grave.sc.glif","I_grave.swash.glif":"I_grave.swash.glif","J_.glif":"J_.glif","J_.sc.glif":"J_.sc.glif","J_.swash.glif":"J_.swash.glif","K_.glif":"K_.glif","K_.sc.glif":"K_.sc.glif","K_.swash.glif":"K_.swash.glif","L_.glif":"L_.glif","L_.sc.glif":"L_.sc.glif","L_.swash.glif":"L_.swash.glif","L_slash.glif":"L_slash.glif","L_slash.sc.glif":"L_slash.sc.glif","L_slash.swash.glif":"L_slash.swash.glif","M_.glif":"M_.glif","M_.sc.glif":"M_.sc.glif","M_.swash.glif":"M_.swash.glif","N_.glif":"N_.glif","N_.sc.glif":"N_.sc.glif","N_.swash.glif":"N_.swash.glif","N_tilde.glif":"N_tilde.glif","N_tilde.sc.glif":"N_tilde.sc.glif","N_tilde.swash.glif":"N_tilde.swash.glif","O_.glif":"O_.glif","O_.sc.glif":"O_.sc.glif","O_.swash.glif":"O_.swash.glif","O_E_.glif":"O_E_.glif","O_E_.sc.glif":"O_E_.sc.glif","O_E_.swash.glif":"O_E_.swash.glif","O_acute.glif":"O_acute.glif","O_acute.sc.glif":"O_acute.sc.glif","O_acute.swash.glif":"O_acute.swash.glif","O_circumflex.glif":"O_circumflex.glif","O_circumflex.sc.glif":"O_circumflex.sc.glif","O_circumflex.swash.glif":"O_circumflex.swash.glif","O_dieresis.glif":"O_dieresis.glif","O_dieresis.sc.glif":"O_dieresis.sc.glif","O_dieresis.swash.glif":"O_dieresis.swash.glif","O_grave.glif":"O_grave.glif","O_grave.sc.glif":"O_grave.sc.glif","O_grave.swash.glif":"O_grave.swash.glif","O_mega.glif":"O_mega.glif","O_slash.glif":"O_slash.glif","O_slash.sc.glif":"O_slash.sc.glif","O_tilde.glif":"O_tilde.glif","O_tilde.sc.glif":"O_tilde.sc.glif","O_tilde.swash.glif":"O_tilde.swash.glif","P_.glif":"P_.glif","P_.sc.glif":"P_.sc.glif","P_.swash.glif":"P_.swash.glif","Q_.alt.glif":"Q_.alt.glif","Q_.glif":"Q_.glif","Q_.sc.glif":"Q_.sc.glif","Q_.scalt.glif":"Q_.scalt.glif","Q_.swash.glif":"Q_.swash.glif","R_.glif":"R_.glif","R_.sc.glif":"R_.sc.glif","R_.swash.glif":"R_.swash.glif","R__p.glif":"R__p.glif","S_.glif":"S_.glif","S_.sc.glif":"S_.sc.glif","S_.swash.glif":"S_.swash.glif","S_caron.glif":"S_caron.glif","S_caron.sc.glif":"S_caron.sc.glif","S_caron.swash.glif":"S_caron.swash.glif","T_.glif":"T_.glif","T_.sc.glif":"T_.sc.glif","T_.swash.glif":"T_.swash.glif","T__h.glif":"T__h.glif","T__h.swash.glif":"T__h.swash.glif","T_horn.glif":"T_horn.glif","T_horn.sc.glif":"T_horn.sc.glif","T_horn.swash.glif":"T_horn.swash.glif","U_.glif":"U_.glif","U_.sc.glif":"U_.sc.glif","U_.swash.glif":"U_.swash.glif","U_acute.glif":"U_acute.glif","U_acute.sc.glif":"U_acute.sc.glif","U_acute.swash.glif":"U_acute.swash.glif","U_circumflex.glif":"U_circumflex.glif","U_circumflex.sc.glif":"U_circumflex.sc.glif","U_circumflex.swash.glif":"U_circumflex.swash.glif","U_dieresis.glif":"U_dieresis.glif","U_dieresis.sc.glif":"U_dieresis.sc.glif","U_dieresis.swash.glif":"U_dieresis.swash.glif","U_grave.glif":"U_grave.glif","U_grave.sc.glif":"U_grave.sc.glif","U_grave.swash.glif":"U_grave.swash.glif","V_.glif":"V_.glif","V_.sc.glif":"V_.sc.glif","V_.swash.glif":"V_.swash.glif","W_.glif":"W_.glif","W_.sc.glif":"W_.sc.glif","W_.swash.glif":"W_.swash.glif","X_.glif":"X_.glif","X_.sc.glif":"X_.sc.glif","X_.swash.glif":"X_.swash.glif","Y_.glif":"Y_.glif","Y_.sc.glif":"Y_.sc.glif","Y_.swash.glif":"Y_.swash.glif","Y_acute.glif":"Y_acute.glif","Y_acute.sc.glif":"Y_acute.sc.glif","Y_acute.swash.glif":"Y_acute.swash.glif","Y_dieresis.glif":"Y_dieresis.glif","Y_dieresis.sc.glif":"Y_dieresis.sc.glif","Y_dieresis.swash.glif":"Y_dieresis.swash.glif","Z_.glif":"Z_.glif","Z_.sc.glif":"Z_.sc.glif","Z_.swash.glif":"Z_.swash.glif","Z_caron.glif":"Z_caron.glif","Z_caron.sc.glif":"Z_caron.sc.glif","Z_caron.swash.glif":"Z_caron.swash.glif","_notdef.glif":"_notdef.glif","a.glif":"a.glif","a.sc.glif":"a.sc.glif","a.superior.glif":"a.superior.glif","aacute.glif":"aacute.glif","aacute.sc.glif":"aacute.sc.glif","acircumflex.glif":"acircumflex.glif","acircumflex.sc.glif":"acircumflex.sc.glif","acute.cap.glif":"acute.cap.glif","acute.glif":"acute.glif","acute.sc.glif":"acute.sc.glif","adieresis.glif":"adieresis.glif","adieresis.sc.glif":"adieresis.sc.glif","ae.glif":"ae.glif","ae.sc.glif":"ae.sc.glif","agrave.glif":"agrave.glif","agrave.sc.glif":"agrave.sc.glif","ampersand.glif":"ampersand.glif","ampersand.sc.glif":"ampersand.sc.glif","approxequal.glif":"approxequal.glif","aring.glif":"aring.glif","aring.sc.glif":"aring.sc.glif","asciicircum.glif":"asciicircum.glif","asciitilde.glif":"asciitilde.glif","asterisk.glif":"asterisk.glif","at.cap.glif":"at.cap.glif","at.glif":"at.glif","atilde.glif":"atilde.glif","atilde.sc.glif":"atilde.sc.glif","b.glif":"b.glif","b.sc.glif":"b.sc.glif","b.superior.glif":"b.superior.glif","backslash.glif":"backslash.glif","bar.glif":"bar.glif","braceleft.cap.glif":"braceleft.cap.glif","braceleft.glif":"braceleft.glif","braceright.cap.glif":"braceright.cap.glif","braceright.glif":"braceright.glif","bracketleft.cap.glif":"bracketleft.cap.glif","bracketleft.glif":"bracketleft.glif","bracketright.cap.glif":"bracketright.cap.glif","bracketright.glif":"bracketright.glif","breve.cap.glif":"breve.cap.glif","breve.glif":"breve.glif","breve.sc.glif":"breve.sc.glif","brokenbar.glif":"brokenbar.glif","bullet.001.glif":"bullet.001.glif","bullet.002.glif":"bullet.002.glif","bullet.003.glif":"bullet.003.glif","bullet.004.glif":"bullet.004.glif","bullet.005.glif":"bullet.005.glif","bullet.006.glif":"bullet.006.glif","bullet.007.glif":"bullet.007.glif","bullet.008.glif":"bullet.008.glif","bullet.009.glif":"bullet.009.glif","bullet.010.glif":"bullet.010.glif","bullet.011.glif":"bullet.011.glif","bullet.012.glif":"bullet.012.glif","bullet.013.glif":"bullet.013.glif","bullet.014.glif":"bullet.014.glif","bullet.015.glif":"bullet.015.glif","bullet.016.glif":"bullet.016.glif","bullet.017.glif":"bullet.017.glif","bullet.018.glif":"bullet.018.glif","bullet.019.glif":"bullet.019.glif","bullet.020.glif":"bullet.020.glif","bullet.021.glif":"bullet.021.glif","bullet.022.glif":"bullet.022.glif","bullet.023.glif":"bullet.023.glif","bullet.024.glif":"bullet.024.glif","bullet.025.glif":"bullet.025.glif","bullet.026.glif":"bullet.026.glif","bullet.027.glif":"bullet.027.glif","bullet.028.glif":"bullet.028.glif","bullet.029.glif":"bullet.029.glif","bullet.030.glif":"bullet.030.glif","bullet.031.glif":"bullet.031.glif","bullet.032.glif":"bullet.032.glif","bullet.033.glif":"bullet.033.glif","bullet.034.glif":"bullet.034.glif","bullet.035.glif":"bullet.035.glif","bullet.036.glif":"bullet.036.glif","bullet.037.glif":"bullet.037.glif","bullet.038.glif":"bullet.038.glif","bullet.039.glif":"bullet.039.glif","bullet.040.glif":"bullet.040.glif","bullet.041.glif":"bullet.041.glif","bullet.042.glif":"bullet.042.glif","bullet.043.glif":"bullet.043.glif","bullet.044.glif":"bullet.044.glif","bullet.045.glif":"bullet.045.glif","bullet.046.glif":"bullet.046.glif","bullet.047.glif":"bullet.047.glif","bullet.048.glif":"bullet.048.glif","bullet.049.glif":"bullet.049.glif","bullet.050.glif":"bullet.050.glif","bullet.051.glif":"bullet.051.glif","bullet.052.glif":"bullet.052.glif","bullet.053.glif":"bullet.053.glif","bullet.054.glif":"bullet.054.glif","bullet.055.glif":"bullet.055.glif","bullet.056.glif":"bullet.056.glif","bullet.057.glif":"bullet.057.glif","bullet.058.glif":"bullet.058.glif","bullet.059.glif":"bullet.059.glif","bullet.060.glif":"bullet.060.glif","bullet.061.glif":"bullet.061.glif","bullet.062.glif":"bullet.062.glif","bullet.063.glif":"bullet.063.glif","bullet.064.glif":"bullet.064.glif","bullet.065.glif":"bullet.065.glif","bullet.066.glif":"bullet.066.glif","bullet.067.glif":"bullet.067.glif","bullet.068.glif":"bullet.068.glif","bullet.069.glif":"bullet.069.glif","bullet.070.glif":"bullet.070.glif","bullet.071.glif":"bullet.071.glif","bullet.072.glif":"bullet.072.glif","bullet.073.glif":"bullet.073.glif","bullet.074.glif":"bullet.074.glif","bullet.075.glif":"bullet.075.glif","bullet.076.glif":"bullet.076.glif","bullet.077.glif":"bullet.077.glif","bullet.078.glif":"bullet.078.glif","bullet.079.glif":"bullet.079.glif","bullet.080.glif":"bullet.080.glif","bullet.081.glif":"bullet.081.glif","bullet.082.glif":"bullet.082.glif","bullet.083.glif":"bullet.083.glif","bullet.084.glif":"bullet.084.glif","bullet.085.glif":"bullet.085.glif","bullet.086.glif":"bullet.086.glif","bullet.087.glif":"bullet.087.glif","bullet.088.glif":"bullet.088.glif","bullet.089.glif":"bullet.089.glif","bullet.090.glif":"bullet.090.glif","bullet.091.glif":"bullet.091.glif","bullet.092.glif":"bullet.092.glif","bullet.093.glif":"bullet.093.glif","bullet.094.glif":"bullet.094.glif","bullet.095.glif":"bullet.095.glif","bullet.096.glif":"bullet.096.glif","bullet.097.glif":"bullet.097.glif","bullet.098.glif":"bullet.098.glif","bullet.099.glif":"bullet.099.glif","bullet.100.glif":"bullet.100.glif","bullet.101.glif":"bullet.101.glif","bullet.102.glif":"bullet.102.glif","bullet.103.glif":"bullet.103.glif","bullet.104.glif":"bullet.104.glif","bullet.105.glif":"bullet.105.glif","bullet.106.glif":"bullet.106.glif","bullet.107.glif":"bullet.107.glif","bullet.108.glif":"bullet.108.glif","bullet.109.glif":"bullet.109.glif","bullet.110.glif":"bullet.110.glif","bullet.111.glif":"bullet.111.glif","bullet.112.glif":"bullet.112.glif","bullet.113.glif":"bullet.113.glif","bullet.114.glif":"bullet.114.glif","bullet.115.glif":"bullet.115.glif","bullet.116.glif":"bullet.116.glif","bullet.117.glif":"bullet.117.glif","bullet.118.glif":"bullet.118.glif","bullet.119.glif":"bullet.119.glif","bullet.120.glif":"bullet.120.glif","bullet.121.glif":"bullet.121.glif","bullet.122.glif":"bullet.122.glif","bullet.123.glif":"bullet.123.glif","bullet.124.glif":"bullet.124.glif","bullet.glif":"bullet.glif","c.glif":"c.glif","c.sc.glif":"c.sc.glif","c_t.glif":"c_t.glif","caron.cap.glif":"caron.cap.glif","caron.glif":"caron.glif","caron.sc.glif":"caron.sc.glif","ccedilla.glif":"ccedilla.glif","ccedilla.sc.glif":"ccedilla.sc.glif","cedilla.cap.glif":"cedilla.cap.glif","cedilla.glif":"cedilla.glif","cedilla.sc.glif":"cedilla.sc.glif","cent.denominator.glif":"cent.denominator.glif","cent.fitted.glif":"cent.fitted.glif","cent.glif":"cent.glif","cent.inferior.glif":"cent.inferior.glif","cent.numerator.glif":"cent.numerator.glif","cent.oldstyle.glif":"cent.oldstyle.glif","cent.superior.glif":"cent.superior.glif","cent.taboldstyle.glif":"cent.taboldstyle.glif","circumflex.cap.glif":"circumflex.cap.glif","circumflex.glif":"circumflex.glif","circumflex.sc.glif":"circumflex.sc.glif","colon.glif":"colon.glif","colonmonetary.glif":"colonmonetary.glif","colonmonetary.taboldstyle.glif":"colonmonetary.taboldstyle.glif","comma.denominator.glif":"comma.denominator.glif","comma.glif":"comma.glif","comma.inferior.glif":"comma.inferior.glif","comma.numerator.glif":"comma.numerator.glif","comma.superior.glif":"comma.superior.glif","contents.plist":"contents.plist","copyright.glif":"copyright.glif","currency.glif":"currency.glif","currency.taboldstyle.glif":"currency.taboldstyle.glif","d.glif":"d.glif","d.sc.glif":"d.sc.glif","d.superior.glif":"d.superior.glif","dagger.glif":"dagger.glif","daggerdbl.glif":"daggerdbl.glif","degree.glif":"degree.glif","dieresis.cap.glif":"dieresis.cap.glif","dieresis.glif":"dieresis.glif","dieresis.sc.glif":"dieresis.sc.glif","divide.glif":"divide.glif","dollar.denominator.glif":"dollar.denominator.glif","dollar.fitted.glif":"dollar.fitted.glif","dollar.glif":"dollar.glif","dollar.inferior.glif":"dollar.inferior.glif","dollar.numerator.glif":"dollar.numerator.glif","dollar.oldstyle.glif":"dollar.oldstyle.glif","dollar.superior.glif":"dollar.superior.glif","dollar.taboldstyle.glif":"dollar.taboldstyle.glif","dotaccent.cap.glif":"dotaccent.cap.glif","dotaccent.glif":"dotaccent.glif","dotaccent.sc.glif":"dotaccent.sc.glif","dotlessi.glif":"dotlessi.glif","dotlessi.sc.glif":"dotlessi.sc.glif","e.glif":"e.glif","e.sc.glif":"e.sc.glif","e.superior.glif":"e.superior.glif","eacute.glif":"eacute.glif","eacute.sc.glif":"eacute.sc.glif","ecircumflex.glif":"ecircumflex.glif","ecircumflex.sc.glif":"ecircumflex.sc.glif","edieresis.glif":"edieresis.glif","edieresis.sc.glif":"edieresis.sc.glif","egrave.glif":"egrave.glif","egrave.sc.glif":"egrave.sc.glif","egrave.superior.glif":"egrave.superior.glif","eight.denominator.glif":"eight.denominator.glif","eight.fitted.glif":"eight.fitted.glif","eight.glif":"eight.glif","eight.inferior.glif":"eight.inferior.glif","eight.numerator.glif":"eight.numerator.glif","eight.oldstyle.glif":"eight.oldstyle.glif","eight.superior.glif":"eight.superior.glif","eight.taboldstyle.glif":"eight.taboldstyle.glif","ellipsis.glif":"ellipsis.glif","emdash.alt.glif":"emdash.alt.glif","emdash.cap.glif":"emdash.cap.glif","emdash.glif":"emdash.glif","endash.cap.glif":"endash.cap.glif","endash.glif":"endash.glif","equal.glif":"equal.glif","estimated.glif":"estimated.glif","eth.glif":"eth.glif","eth.sc.glif":"eth.sc.glif","exclam.glif":"exclam.glif","exclam.sc.glif":"exclam.sc.glif","exclamdown.cap.glif":"exclamdown.cap.glif","exclamdown.glif":"exclamdown.glif","exclamdown.sc.glif":"exclamdown.sc.glif","f.glif":"f.glif","f.sc.glif":"f.sc.glif","f_f.glif":"f_f.glif","f_f_i.glif":"f_f_i.glif","f_f_l.glif":"f_f_l.glif","f_i.glif":"f_i.glif","f_l.glif":"f_l.glif","fi.glif":"fi.glif","fi.sc.glif":"fi.sc.glif","figuredash.glif":"figuredash.glif","five.denominator.glif":"five.denominator.glif","five.fitted.glif":"five.fitted.glif","five.glif":"five.glif","five.inferior.glif":"five.inferior.glif","five.numerator.glif":"five.numerator.glif","five.oldstyle.glif":"five.oldstyle.glif","five.superior.glif":"five.superior.glif","five.taboldstyle.glif":"five.taboldstyle.glif","fiveeighths.glif":"fiveeighths.glif","fl.glif":"fl.glif","fl.sc.glif":"fl.sc.glif","florin.fitted.glif":"florin.fitted.glif","florin.glif":"florin.glif","florin.oldstyle.glif":"florin.oldstyle.glif","florin.taboldstyle.glif":"florin.taboldstyle.glif","four.denominator.glif":"four.denominator.glif","four.fitted.glif":"four.fitted.glif","four.glif":"four.glif","four.inferior.glif":"four.inferior.glif","four.numerator.glif":"four.numerator.glif","four.oldstyle.glif":"four.oldstyle.glif","four.superior.glif":"four.superior.glif","four.taboldstyle.glif":"four.taboldstyle.glif","fraction.glif":"fraction.glif","g.glif":"g.glif","g.sc.glif":"g.sc.glif","g.superior.glif":"g.superior.glif","germandbls.glif":"germandbls.glif","germandbls.sc.glif":"germandbls.sc.glif","grave.cap.glif":"grave.cap.glif","grave.glif":"grave.glif","grave.sc.glif":"grave.sc.glif","greater.glif":"greater.glif","greaterequal.glif":"greaterequal.glif","guillemotleft.cap.glif":"guillemotleft.cap.glif","guillemotleft.glif":"guillemotleft.glif","guillemotright.cap.glif":"guillemotright.cap.glif","guillemotright.glif":"guillemotright.glif","guilsinglleft.cap.glif":"guilsinglleft.cap.glif","guilsinglleft.glif":"guilsinglleft.glif","guilsinglright.cap.glif":"guilsinglright.cap.glif","guilsinglright.glif":"guilsinglright.glif","h.glif":"h.glif","h.sc.glif":"h.sc.glif","h.superior.glif":"h.superior.glif","hungarumlaut.cap.glif":"hungarumlaut.cap.glif","hungarumlaut.glif":"hungarumlaut.glif","hungarumlaut.sc.glif":"hungarumlaut.sc.glif","hyphen.cap.glif":"hyphen.cap.glif","hyphen.denominator.glif":"hyphen.denominator.glif","hyphen.glif":"hyphen.glif","hyphen.inferior.glif":"hyphen.inferior.glif","hyphen.numerator.glif":"hyphen.numerator.glif","hyphen.superior.glif":"hyphen.superior.glif","i.glif":"i.glif","i.sc.glif":"i.sc.glif","i.superior.glif":"i.superior.glif","iacute.glif":"iacute.glif","iacute.sc.glif":"iacute.sc.glif","icircumflex.glif":"icircumflex.glif","icircumflex.sc.glif":"icircumflex.sc.glif","idieresis.glif":"idieresis.glif","idieresis.sc.glif":"idieresis.sc.glif","igrave.glif":"igrave.glif","igrave.sc.glif":"igrave.sc.glif","infinity.glif":"infinity.glif","integral.glif":"integral.glif","j.glif":"j.glif","j.sc.glif":"j.sc.glif","k.glif":"k.glif","k.sc.glif":"k.sc.glif","l.glif":"l.glif","l.sc.glif":"l.sc.glif","l.superior.glif":"l.superior.glif","less.glif":"less.glif","lessequal.glif":"lessequal.glif","logicalnot.glif":"logicalnot.glif","longs.glif":"longs.glif","lozenge.glif":"lozenge.glif","lslash.glif":"lslash.glif","lslash.sc.glif":"lslash.sc.glif","m.glif":"m.glif","m.sc.glif":"m.sc.glif","m.superior.glif":"m.superior.glif","macron.cap.glif":"macron.cap.glif","macron.glif":"macron.glif","macron.sc.glif":"macron.sc.glif","minus.glif":"minus.glif","mu.glif":"mu.glif","multiply.glif":"multiply.glif","n.glif":"n.glif","n.sc.glif":"n.sc.glif","n.superior.glif":"n.superior.glif","nine.denominator.glif":"nine.denominator.glif","nine.fitted.glif":"nine.fitted.glif","nine.glif":"nine.glif","nine.inferior.glif":"nine.inferior.glif","nine.numerator.glif":"nine.numerator.glif","nine.oldstyle.glif":"nine.oldstyle.glif","nine.superior.glif":"nine.superior.glif","nine.taboldstyle.glif":"nine.taboldstyle.glif","notequal.glif":"notequal.glif","ntilde.glif":"ntilde.glif","ntilde.sc.glif":"ntilde.sc.glif","numbersign.glif":"numbersign.glif","numbersign.oldstyle.glif":"numbersign.oldstyle.glif","numbersign.taboldstyle.glif":"numbersign.taboldstyle.glif","o.glif":"o.glif","o.sc.glif":"o.sc.glif","o.superior.glif":"o.superior.glif","oacute.glif":"oacute.glif","oacute.sc.glif":"oacute.sc.glif","ocircumflex.glif":"ocircumflex.glif","ocircumflex.sc.glif":"ocircumflex.sc.glif","odieresis.glif":"odieresis.glif","odieresis.sc.glif":"odieresis.sc.glif","oe.glif":"oe.glif","oe.sc.glif":"oe.sc.glif","ogonek.cap.glif":"ogonek.cap.glif","ogonek.glif":"ogonek.glif","ogonek.sc.glif":"ogonek.sc.glif","ograve.glif":"ograve.glif","ograve.sc.glif":"ograve.sc.glif","one.denominator.glif":"one.denominator.glif","one.fitted.glif":"one.fitted.glif","one.glif":"one.glif","one.inferior.glif":"one.inferior.glif","one.numerator.glif":"one.numerator.glif","one.oldstyle.glif":"one.oldstyle.glif","one.superior.glif":"one.superior.glif","one.taboldstyle.glif":"one.taboldstyle.glif","onedotenleader.glif":"onedotenleader.glif","oneeighth.glif":"oneeighth.glif","onehalf.glif":"onehalf.glif","onequarter.glif":"onequarter.glif","onesuperior.glif":"onesuperior.glif","onethird.glif":"onethird.glif","ordfeminine.glif":"ordfeminine.glif","ordmasculine.glif":"ordmasculine.glif","oslash.glif":"oslash.glif","oslash.sc.glif":"oslash.sc.glif","otilde.glif":"otilde.glif","otilde.sc.glif":"otilde.sc.glif","p.glif":"p.glif","p.sc.glif":"p.sc.glif","paragraph.glif":"paragraph.glif","parenleft.cap.glif":"parenleft.cap.glif","parenleft.denominator.glif":"parenleft.denominator.glif","parenleft.glif":"parenleft.glif","parenleft.inferior.glif":"parenleft.inferior.glif","parenleft.numerator.glif":"parenleft.numerator.glif","parenleft.superior.glif":"parenleft.superior.glif","parenright.cap.glif":"parenright.cap.glif","parenright.denominator.glif":"parenright.denominator.glif","parenright.glif":"parenright.glif","parenright.inferior.glif":"parenright.inferior.glif","parenright.numerator.glif":"parenright.numerator.glif","parenright.superior.glif":"parenright.superior.glif","partialdiff.glif":"partialdiff.glif","percent.glif":"percent.glif","percent.oldstyle.glif":"percent.oldstyle.glif","period.denominator.glif":"period.denominator.glif","period.glif":"period.glif","period.inferior.glif":"period.inferior.glif","period.numerator.glif":"period.numerator.glif","period.superior.glif":"period.superior.glif","periodcentered.cap.glif":"periodcentered.cap.glif","periodcentered.glif":"periodcentered.glif","perthousand.glif":"perthousand.glif","perthousand.oldstyle.glif":"perthousand.oldstyle.glif","pi.glif":"pi.glif","plus.glif":"plus.glif","plusminus.glif":"plusminus.glif","product.glif":"product.glif","q.glif":"q.glif","q.sc.glif":"q.sc.glif","q.scalt.glif":"q.scalt.glif","question.glif":"question.glif","question.sc.glif":"question.sc.glif","questiondown.cap.glif":"questiondown.cap.glif","questiondown.glif":"questiondown.glif","questiondown.sc.glif":"questiondown.sc.glif","quotedbl.glif":"quotedbl.glif","quotedblbase.glif":"quotedblbase.glif","quotedblleft.glif":"quotedblleft.glif","quotedblright.glif":"quotedblright.glif","quoteleft.glif":"quoteleft.glif","quoteright.glif":"quoteright.glif","quotesinglbase.glif":"quotesinglbase.glif","quotesingle.glif":"quotesingle.glif","r.glif":"r.glif","r.sc.glif":"r.sc.glif","r.superior.glif":"r.superior.glif","radical.glif":"radical.glif","registered.glif":"registered.glif","ring.cap.glif":"ring.cap.glif","ring.glif":"ring.glif","ring.sc.glif":"ring.sc.glif","s.glif":"s.glif","s.sc.glif":"s.sc.glif","s.superior.glif":"s.superior.glif","s_t.glif":"s_t.glif","scaron.glif":"scaron.glif","scaron.sc.glif":"scaron.sc.glif","section.glif":"section.glif","semicolon.glif":"semicolon.glif","seven.denominator.glif":"seven.denominator.glif","seven.fitted.glif":"seven.fitted.glif","seven.glif":"seven.glif","seven.inferior.glif":"seven.inferior.glif","seven.numerator.glif":"seven.numerator.glif","seven.oldstyle.glif":"seven.oldstyle.glif","seven.superior.glif":"seven.superior.glif","seven.taboldstyle.glif":"seven.taboldstyle.glif","seveneighths.glif":"seveneighths.glif","six.denominator.glif":"six.denominator.glif","six.fitted.glif":"six.fitted.glif","six.glif":"six.glif","six.inferior.glif":"six.inferior.glif","six.numerator.glif":"six.numerator.glif","six.oldstyle.glif":"six.oldstyle.glif","six.superior.glif":"six.superior.glif","six.taboldstyle.glif":"six.taboldstyle.glif","slash.frac.glif":"slash.frac.glif","slash.glif":"slash.glif","space.frac.glif":"space.frac.glif","space.glif":"space.glif","space_uni0326.glif":"space_uni0326.glif","sterling.fitted.glif":"sterling.fitted.glif","sterling.glif":"sterling.glif","sterling.oldstyle.glif":"sterling.oldstyle.glif","sterling.taboldstyle.glif":"sterling.taboldstyle.glif","summation.glif":"summation.glif","t.glif":"t.glif","t.sc.glif":"t.sc.glif","t.superior.glif":"t.superior.glif","thorn.glif":"thorn.glif","thorn.sc.glif":"thorn.sc.glif","three.denominator.glif":"three.denominator.glif","three.fitted.glif":"three.fitted.glif","three.glif":"three.glif","three.inferior.glif":"three.inferior.glif","three.numerator.glif":"three.numerator.glif","three.oldstyle.glif":"three.oldstyle.glif","three.superior.glif":"three.superior.glif","three.taboldstyle.glif":"three.taboldstyle.glif","threeeighths.glif":"threeeighths.glif","threequarters.glif":"threequarters.glif","threesuperior.glif":"threesuperior.glif","tilde.cap.glif":"tilde.cap.glif","tilde.glif":"tilde.glif","tilde.sc.glif":"tilde.sc.glif","trademark.glif":"trademark.glif","two.denominator.glif":"two.denominator.glif","two.fitted.glif":"two.fitted.glif","two.glif":"two.glif","two.inferior.glif":"two.inferior.glif","two.numerator.glif":"two.numerator.glif","two.oldstyle.glif":"two.oldstyle.glif","two.superior.glif":"two.superior.glif","two.taboldstyle.glif":"two.taboldstyle.glif","twodotenleader.glif":"twodotenleader.glif","twosuperior.glif":"twosuperior.glif","twothirds.glif":"twothirds.glif","u.glif":"u.glif","u.sc.glif":"u.sc.glif","uacute.glif":"uacute.glif","uacute.sc.glif":"uacute.sc.glif","ucircumflex.glif":"ucircumflex.glif","ucircumflex.sc.glif":"ucircumflex.sc.glif","udieresis.glif":"udieresis.glif","udieresis.sc.glif":"udieresis.sc.glif","ugrave.glif":"ugrave.glif","ugrave.sc.glif":"ugrave.sc.glif","underscore.glif":"underscore.glif","uni00A_0.frac.glif":"uni00A_0.frac.glif","uni00A_0.glif":"uni00A_0.glif","uni00A_D_.glif":"uni00A_D_.glif","uni02C_9.glif":"uni02C_9.glif","uni2010.glif":"uni2010.glif","uni2113.glif":"uni2113.glif","uni2190.alt1.glif":"uni2190.alt1.glif","uni2190.alt2.glif":"uni2190.alt2.glif","uni2190.glif":"uni2190.glif","uni2192.alt1.glif":"uni2192.alt1.glif","uni2192.alt2.glif":"uni2192.alt2.glif","uni2192.glif":"uni2192.glif","uni2215.glif":"uni2215.glif","uni2219.glif":"uni2219.glif","uni25A_0.glif":"uni25A_0.glif","uni25B_6.glif":"uni25B_6.glif","uni25B_7.glif":"uni25B_7.glif","uni25C_0.glif":"uni25C_0.glif","uni25C_1.glif":"uni25C_1.glif","uni25C_6.glif":"uni25C_6.glif","uni25C_9.glif":"uni25C_9.glif","uni2610.glif":"uni2610.glif","uni2611.glif":"uni2611.glif","v.glif":"v.glif","v.sc.glif":"v.sc.glif","w.glif":"w.glif","w.sc.glif":"w.sc.glif","x.glif":"x.glif","x.sc.glif":"x.sc.glif","y.glif":"y.glif","y.sc.glif":"y.sc.glif","yacute.glif":"yacute.glif","yacute.sc.glif":"yacute.sc.glif","ydieresis.glif":"ydieresis.glif","ydieresis.sc.glif":"ydieresis.sc.glif","yen.fitted.glif":"yen.fitted.glif","yen.glif":"yen.glif","yen.oldstyle.glif":"yen.oldstyle.glif","yen.taboldstyle.glif":"yen.taboldstyle.glif","z.glif":"z.glif","z.sc.glif":"z.sc.glif","zcaron.glif":"zcaron.glif","zcaron.sc.glif":"zcaron.sc.glif","zero.denominator.glif":"zero.denominator.glif","zero.fitted.glif":"zero.fitted.glif","zero.glif":"zero.glif","zero.inferior.glif":"zero.inferior.glif","zero.numerator.glif":"zero.numerator.glif","zero.oldstyle.glif":"zero.oldstyle.glif","zero.slash.glif":"zero.slash.glif","zero.superior.glif":"zero.superior.glif","zero.taboldstyle.glif":"zero.taboldstyle.glif"}},"Font":{"uploaded":1471375613.3152,"licence":"gpl3","company":"Chronolabs Cooperative","title":"Kepler Std Medium Cn It Disp","version":2.001,"date":"Fri Aug 12 07:04:26 2016","creator":"root","type":"1","matrix":"0.001 0 0 0.001 0 0","named":"KeplerStd-MediumCnItDisp","painttype":"0","info":"11 dict dup","name":"Kepler Std Medium Condensed Display Italic","family":"Kepler Std","weight":"Medium","fstype":"8","italicangle":"-13","underlineposition":"","underlinethickness":""},"Table":{"FFTM":{"entryLength":16,"tag":"FFTM","checksum":1944346184,"offset":190152,"length":28},"GDEF":{"entryLength":16,"tag":"GDEF","checksum":54984710,"offset":190120,"length":32},"OS\/2":{"entryLength":16,"tag":"OS\/2","checksum":3080796591,"offset":344,"length":86},"cmap":{"entryLength":16,"tag":"cmap","checksum":2287248663,"offset":3608,"length":1110},"gasp":{"entryLength":16,"tag":"gasp","checksum":4294901763,"offset":190112,"length":8},"glyf":{"entryLength":16,"tag":"glyf","checksum":2443089758,"offset":7900,"length":172972},"head":{"entryLength":16,"tag":"head","checksum":330724928,"offset":220,"length":54},"hhea":{"entryLength":16,"tag":"hhea","checksum":277679928,"offset":276,"length":36},"hmtx":{"entryLength":16,"tag":"hmtx","checksum":2280146421,"offset":432,"length":3176},"loca":{"entryLength":16,"tag":"loca","checksum":66213884,"offset":4720,"length":3180},"maxp":{"entryLength":16,"tag":"maxp","checksum":58852027,"offset":312,"length":32},"name":{"entryLength":16,"tag":"name","checksum":623407113,"offset":180872,"length":1314},"post":{"entryLength":16,"tag":"post","checksum":1049159360,"offset":182188,"length":7923}},"UnicodeCharMap":{"32":3,"33":4,"34":5,"35":6,"36":7,"37":8,"38":9,"39":10,"40":11,"41":12,"42":13,"43":14,"44":15,"45":16,"46":17,"47":18,"48":19,"49":20,"50":21,"51":22,"52":23,"53":24,"54":25,"55":26,"56":27,"57":28,"58":29,"59":30,"60":31,"61":32,"62":33,"63":34,"64":35,"65":36,"66":37,"67":38,"68":39,"69":40,"70":41,"71":42,"72":43,"73":44,"74":45,"75":46,"76":47,"77":48,"78":49,"79":50,"80":51,"81":52,"82":53,"83":54,"84":55,"85":56,"86":57,"87":58,"88":59,"89":60,"90":61,"91":62,"92":63,"93":64,"94":65,"95":66,"96":67,"97":68,"98":69,"99":70,"100":71,"101":72,"102":73,"103":74,"104":75,"105":76,"106":77,"107":78,"108":79,"109":80,"110":81,"111":82,"112":83,"113":84,"114":85,"115":86,"116":87,"117":88,"118":89,"119":90,"120":91,"121":92,"122":93,"123":94,"124":95,"125":96,"126":97,"160":98,"161":99,"162":100,"163":101,"164":102,"165":103,"166":104,"167":105,"168":106,"169":107,"170":108,"171":109,"172":110,"173":111,"174":112,"175":113,"176":114,"177":115,"178":116,"179":117,"180":118,"182":120,"183":121,"184":122,"185":123,"186":124,"187":125,"188":126,"189":127,"190":128,"191":129,"192":130,"193":131,"194":132,"195":133,"196":134,"197":135,"198":136,"199":137,"200":138,"201":139,"202":140,"203":141,"204":142,"205":143,"206":144,"207":145,"208":146,"209":147,"210":148,"211":149,"212":150,"213":151,"214":152,"215":153,"216":154,"217":155,"218":156,"219":157,"220":158,"221":159,"222":160,"223":161,"224":162,"225":163,"226":164,"227":165,"228":166,"229":167,"230":168,"231":169,"232":170,"233":171,"234":172,"235":173,"236":174,"237":175,"238":176,"239":177,"240":178,"241":179,"242":180,"243":181,"244":182,"245":183,"246":184,"247":185,"248":186,"249":187,"250":188,"251":189,"252":190,"253":191,"254":192,"255":193,"305":231,"321":227,"322":232,"338":244,"339":245,"352":228,"353":233,"376":229,"381":230,"382":234,"383":246,"402":214,"710":235,"711":236,"713":787,"728":237,"729":238,"730":239,"731":240,"732":241,"733":242,"916":680,"937":678,"956":119,"960":720,"8208":788,"8210":225,"8211":194,"8212":195,"8216":204,"8217":205,"8218":208,"8220":206,"8221":207,"8222":209,"8224":196,"8225":197,"8226":198,"8228":200,"8229":201,"8230":202,"8240":217,"8249":210,"8250":211,"8260":224,"8304":592,"8308":596,"8309":597,"8310":598,"8311":599,"8312":600,"8313":601,"8317":607,"8318":608,"8319":587,"8320":609,"8321":610,"8322":611,"8323":612,"8324":613,"8325":614,"8326":615,"8327":616,"8328":617,"8329":618,"8333":624,"8334":625,"8353":215,"8364":213,"8467":677,"8482":203,"8494":690,"8531":218,"8532":219,"8539":220,"8540":221,"8541":222,"8542":223,"8592":691,"8594":694,"8706":679,"8719":681,"8721":682,"8722":226,"8725":789,"8729":790,"8730":683,"8734":684,"8747":685,"8776":686,"8800":687,"8804":688,"8805":689,"9632":704,"9654":697,"9655":698,"9664":699,"9665":700,"9670":702,"9673":701,"9674":703,"9744":705,"9745":706,"64256":249,"64257":783,"64258":784,"64259":252,"64260":253,"64262":254},"Reserves":null,"Names":[],"Nodes":{"ke":{"type":"typal","node":"ke","usage":1,"weight":1},"er":{"type":"typal","node":"er","usage":1,"weight":1},"st":{"type":"typal","node":"st","usage":1,"weight":1},"td":{"type":"typal","node":"td","usage":1,"weight":1},"kep":{"type":"typal","node":"kep","usage":1,"weight":1},"ler":{"type":"typal","node":"ler","usage":1,"weight":1},"kepl":{"type":"keys","node":"kepl","usage":1,"weight":1},"pler":{"type":"keys","node":"pler","usage":1,"weight":1},"keple":{"type":"keys","node":"keple","usage":1,"weight":1},"epler":{"type":"keys","node":"epler","usage":1,"weight":1},"kepler":{"type":"fixes","node":"kepler","usage":1,"weight":1},"std":{"type":"fixes","node":"std","usage":1,"weight":1}},"Contributors":[],"FontIdentity":"18b3338b12040cdc2779852158bbf38f","Bytes":18683664,"Networking":[],"barcode":"s7ia89i7am6ua","referee":"gM3a0sI"}