{"CSS":{"MachaCow":"MachaCow.css","Macha Cow":"thatcher0:dd299eb8220ea09eddc588.css"},"FontType":"TrueType","FontCopyright":"Copyright(c)1999 Antonio Bucu.  All rights reserved","FontName":"MachaCow","FontSubfamily":"Book","FontSubfamilyID":"FontForge 2.0 : MachaCow : 15-10-2016","FontFullName":"Macha Cow","FontVersion":"Version Macromedia Fontograp ","FontWeight":null,"FontPostscriptName":"MachaCow","Files":{"\/MachaCow.css":"\/MachaCow.css","\/font-resource.json":"\/font-resource.json","\/machacow.afm":"\/machacow.afm","\/machacow.cef":"\/machacow.cef","\/machacow.cff":"\/machacow.cff","\/machacow.eot":"\/machacow.eot","\/machacow.gai":"\/machacow.gai","\/machacow.gsf":"\/machacow.gsf","\/machacow.otf":"\/machacow.otf","\/machacow.pf3":"\/machacow.pf3","\/machacow.pfa":"\/machacow.pfa","\/machacow.pfb":"\/machacow.pfb","\/machacow.php":"\/machacow.php","\/machacow.pt3":"\/machacow.pt3","\/machacow.sfd":"\/machacow.sfd","\/machacow.svg":"\/machacow.svg","\/machacow.t42":"\/machacow.t42","\/machacow.ttd":"\/machacow.ttd","\/machacow.ttf":"\/machacow.ttf","\/machacow.ttg":"\/machacow.ttg","\/machacow.ufm":"\/machacow.ufm","\/machacow.woff":"\/machacow.woff","\/machacow.z":"\/machacow.z","\/machacow.ufo\/feature.fea":"\/machacow.ufo\/feature.fea","\/machacow.ufo\/fontinfo.plist":"\/machacow.ufo\/fontinfo.plist","\/machacow.ufo\/groups.plist":"\/machacow.ufo\/groups.plist","\/machacow.ufo\/kerning.plist":"\/machacow.ufo\/kerning.plist","\/machacow.ufo\/metainfo.plist":"\/machacow.ufo\/metainfo.plist","\/machacow.ufo\/glyphs\/A_.glif":"\/machacow.ufo\/glyphs\/A_.glif","\/machacow.ufo\/glyphs\/B_.glif":"\/machacow.ufo\/glyphs\/B_.glif","\/machacow.ufo\/glyphs\/C_.glif":"\/machacow.ufo\/glyphs\/C_.glif","\/machacow.ufo\/glyphs\/D_.glif":"\/machacow.ufo\/glyphs\/D_.glif","\/machacow.ufo\/glyphs\/E_.glif":"\/machacow.ufo\/glyphs\/E_.glif","\/machacow.ufo\/glyphs\/F_.glif":"\/machacow.ufo\/glyphs\/F_.glif","\/machacow.ufo\/glyphs\/G_.glif":"\/machacow.ufo\/glyphs\/G_.glif","\/machacow.ufo\/glyphs\/H_.glif":"\/machacow.ufo\/glyphs\/H_.glif","\/machacow.ufo\/glyphs\/I_.glif":"\/machacow.ufo\/glyphs\/I_.glif","\/machacow.ufo\/glyphs\/J_.glif":"\/machacow.ufo\/glyphs\/J_.glif","\/machacow.ufo\/glyphs\/K_.glif":"\/machacow.ufo\/glyphs\/K_.glif","\/machacow.ufo\/glyphs\/L_.glif":"\/machacow.ufo\/glyphs\/L_.glif","\/machacow.ufo\/glyphs\/M_.glif":"\/machacow.ufo\/glyphs\/M_.glif","\/machacow.ufo\/glyphs\/N_.glif":"\/machacow.ufo\/glyphs\/N_.glif","\/machacow.ufo\/glyphs\/N_tilde.glif":"\/machacow.ufo\/glyphs\/N_tilde.glif","\/machacow.ufo\/glyphs\/O_.glif":"\/machacow.ufo\/glyphs\/O_.glif","\/machacow.ufo\/glyphs\/P_.glif":"\/machacow.ufo\/glyphs\/P_.glif","\/machacow.ufo\/glyphs\/Q_.glif":"\/machacow.ufo\/glyphs\/Q_.glif","\/machacow.ufo\/glyphs\/R_.glif":"\/machacow.ufo\/glyphs\/R_.glif","\/machacow.ufo\/glyphs\/S_.glif":"\/machacow.ufo\/glyphs\/S_.glif","\/machacow.ufo\/glyphs\/T_.glif":"\/machacow.ufo\/glyphs\/T_.glif","\/machacow.ufo\/glyphs\/U_.glif":"\/machacow.ufo\/glyphs\/U_.glif","\/machacow.ufo\/glyphs\/V_.glif":"\/machacow.ufo\/glyphs\/V_.glif","\/machacow.ufo\/glyphs\/W_.glif":"\/machacow.ufo\/glyphs\/W_.glif","\/machacow.ufo\/glyphs\/X_.glif":"\/machacow.ufo\/glyphs\/X_.glif","\/machacow.ufo\/glyphs\/Y_.glif":"\/machacow.ufo\/glyphs\/Y_.glif","\/machacow.ufo\/glyphs\/Z_.glif":"\/machacow.ufo\/glyphs\/Z_.glif","\/machacow.ufo\/glyphs\/_notdef.glif":"\/machacow.ufo\/glyphs\/_notdef.glif","\/machacow.ufo\/glyphs\/_null.glif":"\/machacow.ufo\/glyphs\/_null.glif","\/machacow.ufo\/glyphs\/a.glif":"\/machacow.ufo\/glyphs\/a.glif","\/machacow.ufo\/glyphs\/acute.glif":"\/machacow.ufo\/glyphs\/acute.glif","\/machacow.ufo\/glyphs\/ampersand.glif":"\/machacow.ufo\/glyphs\/ampersand.glif","\/machacow.ufo\/glyphs\/apple.glif":"\/machacow.ufo\/glyphs\/apple.glif","\/machacow.ufo\/glyphs\/asciitilde.glif":"\/machacow.ufo\/glyphs\/asciitilde.glif","\/machacow.ufo\/glyphs\/asterisk.glif":"\/machacow.ufo\/glyphs\/asterisk.glif","\/machacow.ufo\/glyphs\/b.glif":"\/machacow.ufo\/glyphs\/b.glif","\/machacow.ufo\/glyphs\/backslash.glif":"\/machacow.ufo\/glyphs\/backslash.glif","\/machacow.ufo\/glyphs\/bracketleft.glif":"\/machacow.ufo\/glyphs\/bracketleft.glif","\/machacow.ufo\/glyphs\/bracketright.glif":"\/machacow.ufo\/glyphs\/bracketright.glif","\/machacow.ufo\/glyphs\/bullet.glif":"\/machacow.ufo\/glyphs\/bullet.glif","\/machacow.ufo\/glyphs\/c.glif":"\/machacow.ufo\/glyphs\/c.glif","\/machacow.ufo\/glyphs\/colon.glif":"\/machacow.ufo\/glyphs\/colon.glif","\/machacow.ufo\/glyphs\/comma.glif":"\/machacow.ufo\/glyphs\/comma.glif","\/machacow.ufo\/glyphs\/contents.plist":"\/machacow.ufo\/glyphs\/contents.plist","\/machacow.ufo\/glyphs\/copyright.glif":"\/machacow.ufo\/glyphs\/copyright.glif","\/machacow.ufo\/glyphs\/d.glif":"\/machacow.ufo\/glyphs\/d.glif","\/machacow.ufo\/glyphs\/dollar.glif":"\/machacow.ufo\/glyphs\/dollar.glif","\/machacow.ufo\/glyphs\/e.glif":"\/machacow.ufo\/glyphs\/e.glif","\/machacow.ufo\/glyphs\/eight.glif":"\/machacow.ufo\/glyphs\/eight.glif","\/machacow.ufo\/glyphs\/emdash.glif":"\/machacow.ufo\/glyphs\/emdash.glif","\/machacow.ufo\/glyphs\/equal.glif":"\/machacow.ufo\/glyphs\/equal.glif","\/machacow.ufo\/glyphs\/exclam.glif":"\/machacow.ufo\/glyphs\/exclam.glif","\/machacow.ufo\/glyphs\/exclamdown.glif":"\/machacow.ufo\/glyphs\/exclamdown.glif","\/machacow.ufo\/glyphs\/f.glif":"\/machacow.ufo\/glyphs\/f.glif","\/machacow.ufo\/glyphs\/five.glif":"\/machacow.ufo\/glyphs\/five.glif","\/machacow.ufo\/glyphs\/four.glif":"\/machacow.ufo\/glyphs\/four.glif","\/machacow.ufo\/glyphs\/g.glif":"\/machacow.ufo\/glyphs\/g.glif","\/machacow.ufo\/glyphs\/glyph1.glif":"\/machacow.ufo\/glyphs\/glyph1.glif","\/machacow.ufo\/glyphs\/glyph110.glif":"\/machacow.ufo\/glyphs\/glyph110.glif","\/machacow.ufo\/glyphs\/grave.glif":"\/machacow.ufo\/glyphs\/grave.glif","\/machacow.ufo\/glyphs\/h.glif":"\/machacow.ufo\/glyphs\/h.glif","\/machacow.ufo\/glyphs\/hyphen.glif":"\/machacow.ufo\/glyphs\/hyphen.glif","\/machacow.ufo\/glyphs\/i.glif":"\/machacow.ufo\/glyphs\/i.glif","\/machacow.ufo\/glyphs\/j.glif":"\/machacow.ufo\/glyphs\/j.glif","\/machacow.ufo\/glyphs\/k.glif":"\/machacow.ufo\/glyphs\/k.glif","\/machacow.ufo\/glyphs\/l.glif":"\/machacow.ufo\/glyphs\/l.glif","\/machacow.ufo\/glyphs\/logicalnot.glif":"\/machacow.ufo\/glyphs\/logicalnot.glif","\/machacow.ufo\/glyphs\/m.glif":"\/machacow.ufo\/glyphs\/m.glif","\/machacow.ufo\/glyphs\/n.glif":"\/machacow.ufo\/glyphs\/n.glif","\/machacow.ufo\/glyphs\/nine.glif":"\/machacow.ufo\/glyphs\/nine.glif","\/machacow.ufo\/glyphs\/nonbreakingspace.glif":"\/machacow.ufo\/glyphs\/nonbreakingspace.glif","\/machacow.ufo\/glyphs\/nonmarkingreturn.glif":"\/machacow.ufo\/glyphs\/nonmarkingreturn.glif","\/machacow.ufo\/glyphs\/ntilde.glif":"\/machacow.ufo\/glyphs\/ntilde.glif","\/machacow.ufo\/glyphs\/numbersign.glif":"\/machacow.ufo\/glyphs\/numbersign.glif","\/machacow.ufo\/glyphs\/o.glif":"\/machacow.ufo\/glyphs\/o.glif","\/machacow.ufo\/glyphs\/one.glif":"\/machacow.ufo\/glyphs\/one.glif","\/machacow.ufo\/glyphs\/p.glif":"\/machacow.ufo\/glyphs\/p.glif","\/machacow.ufo\/glyphs\/parenleft.glif":"\/machacow.ufo\/glyphs\/parenleft.glif","\/machacow.ufo\/glyphs\/parenright.glif":"\/machacow.ufo\/glyphs\/parenright.glif","\/machacow.ufo\/glyphs\/percent.glif":"\/machacow.ufo\/glyphs\/percent.glif","\/machacow.ufo\/glyphs\/period.glif":"\/machacow.ufo\/glyphs\/period.glif","\/machacow.ufo\/glyphs\/plus.glif":"\/machacow.ufo\/glyphs\/plus.glif","\/machacow.ufo\/glyphs\/product.glif":"\/machacow.ufo\/glyphs\/product.glif","\/machacow.ufo\/glyphs\/q.glif":"\/machacow.ufo\/glyphs\/q.glif","\/machacow.ufo\/glyphs\/question.glif":"\/machacow.ufo\/glyphs\/question.glif","\/machacow.ufo\/glyphs\/questiondown.glif":"\/machacow.ufo\/glyphs\/questiondown.glif","\/machacow.ufo\/glyphs\/quotedbl.glif":"\/machacow.ufo\/glyphs\/quotedbl.glif","\/machacow.ufo\/glyphs\/quotedblleft.glif":"\/machacow.ufo\/glyphs\/quotedblleft.glif","\/machacow.ufo\/glyphs\/quotedblright.glif":"\/machacow.ufo\/glyphs\/quotedblright.glif","\/machacow.ufo\/glyphs\/quoteleft.glif":"\/machacow.ufo\/glyphs\/quoteleft.glif","\/machacow.ufo\/glyphs\/quoteright.glif":"\/machacow.ufo\/glyphs\/quoteright.glif","\/machacow.ufo\/glyphs\/quotesingle.glif":"\/machacow.ufo\/glyphs\/quotesingle.glif","\/machacow.ufo\/glyphs\/r.glif":"\/machacow.ufo\/glyphs\/r.glif","\/machacow.ufo\/glyphs\/registered.glif":"\/machacow.ufo\/glyphs\/registered.glif","\/machacow.ufo\/glyphs\/s.glif":"\/machacow.ufo\/glyphs\/s.glif","\/machacow.ufo\/glyphs\/semicolon.glif":"\/machacow.ufo\/glyphs\/semicolon.glif","\/machacow.ufo\/glyphs\/seven.glif":"\/machacow.ufo\/glyphs\/seven.glif","\/machacow.ufo\/glyphs\/six.glif":"\/machacow.ufo\/glyphs\/six.glif","\/machacow.ufo\/glyphs\/slash.glif":"\/machacow.ufo\/glyphs\/slash.glif","\/machacow.ufo\/glyphs\/space.glif":"\/machacow.ufo\/glyphs\/space.glif","\/machacow.ufo\/glyphs\/t.glif":"\/machacow.ufo\/glyphs\/t.glif","\/machacow.ufo\/glyphs\/three.glif":"\/machacow.ufo\/glyphs\/three.glif","\/machacow.ufo\/glyphs\/trademark.glif":"\/machacow.ufo\/glyphs\/trademark.glif","\/machacow.ufo\/glyphs\/two.glif":"\/machacow.ufo\/glyphs\/two.glif","\/machacow.ufo\/glyphs\/u.glif":"\/machacow.ufo\/glyphs\/u.glif","\/machacow.ufo\/glyphs\/underscore.glif":"\/machacow.ufo\/glyphs\/underscore.glif","\/machacow.ufo\/glyphs\/v.glif":"\/machacow.ufo\/glyphs\/v.glif","\/machacow.ufo\/glyphs\/w.glif":"\/machacow.ufo\/glyphs\/w.glif","\/machacow.ufo\/glyphs\/x.glif":"\/machacow.ufo\/glyphs\/x.glif","\/machacow.ufo\/glyphs\/y.glif":"\/machacow.ufo\/glyphs\/y.glif","\/machacow.ufo\/glyphs\/z.glif":"\/machacow.ufo\/glyphs\/z.glif","\/machacow.ufo\/glyphs\/zero.glif":"\/machacow.ufo\/glyphs\/zero.glif"},"Font":{"uploaded":1477070693.6908,"licence":"gpl3","company":"Chronolabs Cooperative","title":"Macha Cow","version":3.002,"date":"Sat Oct 15 02:26:37 2016","creator":"root","type":"1","matrix":"0.001 0 0 0.001 0 0","named":"MachaCow","painttype":"0","info":"10 dict dup","name":"MachaCow","family":"MachaCow","weight":"Book","fstype":"1","italicangle":"0","underlineposition":"","underlinethickness":""},"Licences":{"":false},"Table":{"FFTM":{"entryLength":16,"tag":"FFTM","checksum":1955372042,"offset":12948,"length":28},"GDEF":{"entryLength":16,"tag":"GDEF","checksum":10223620,"offset":12916,"length":32},"OS\/2":{"entryLength":16,"tag":"OS\/2","checksum":1451360880,"offset":344,"length":86},"cmap":{"entryLength":16,"tag":"cmap","checksum":2338887457,"offset":876,"length":490},"gasp":{"entryLength":16,"tag":"gasp","checksum":4294901763,"offset":12908,"length":8},"glyf":{"entryLength":16,"tag":"glyf","checksum":469383955,"offset":1592,"length":10412},"head":{"entryLength":16,"tag":"head","checksum":190507038,"offset":220,"length":54},"hhea":{"entryLength":16,"tag":"hhea","checksum":138150899,"offset":276,"length":36},"hmtx":{"entryLength":16,"tag":"hmtx","checksum":4179034992,"offset":432,"length":444},"loca":{"entryLength":16,"tag":"loca","checksum":2642520870,"offset":1368,"length":224},"maxp":{"entryLength":16,"tag":"maxp","checksum":13370741,"offset":312,"length":32},"name":{"entryLength":16,"tag":"name","checksum":1345166253,"offset":12004,"length":630},"post":{"entryLength":16,"tag":"post","checksum":1442928255,"offset":12636,"length":272}},"UnicodeCharMap":{"0":106,"13":2,"32":3,"33":4,"34":5,"35":6,"36":7,"37":8,"38":9,"39":10,"40":11,"41":12,"42":13,"43":14,"44":15,"45":16,"46":17,"47":18,"48":19,"49":20,"50":21,"51":22,"52":23,"53":24,"54":25,"55":26,"56":27,"57":28,"58":29,"59":30,"61":31,"63":32,"65":33,"66":34,"67":35,"68":36,"69":37,"70":38,"71":39,"72":40,"73":41,"74":42,"75":43,"76":44,"77":45,"78":46,"79":47,"80":48,"81":49,"82":50,"83":51,"84":52,"85":53,"86":54,"87":55,"88":56,"89":57,"90":58,"91":59,"92":60,"93":61,"95":62,"96":63,"97":64,"98":65,"99":66,"100":67,"101":68,"102":69,"103":70,"104":71,"105":72,"106":73,"107":74,"108":75,"109":76,"110":77,"111":78,"112":79,"113":80,"114":81,"115":82,"116":83,"117":84,"118":85,"119":86,"120":87,"121":88,"122":89,"126":90,"160":91,"161":92,"169":93,"172":94,"174":95,"180":96,"191":97,"209":98,"241":99,"8212":101,"8216":104,"8217":105,"8220":102,"8221":103,"8226":100,"8482":107,"8719":108},"Reserves":{"fontname":"Macha Cow"},"Names":{"Macha Cow":{"name":"Macha Cow","longitude":"0.00000001","latitude":"0.00000001","country":"","region":"","city":""}},"Nodes":{"ma":{"type":"typal","node":"ma","usage":1,"weight":1},"ha":{"type":"typal","node":"ha","usage":1,"weight":1},"co":{"type":"typal","node":"co","usage":1,"weight":1},"ow":{"type":"typal","node":"ow","usage":1,"weight":1},"mac":{"type":"typal","node":"mac","usage":1,"weight":1},"cha":{"type":"typal","node":"cha","usage":1,"weight":1},"mach":{"type":"keys","node":"mach","usage":1,"weight":1},"acha":{"type":"keys","node":"acha","usage":1,"weight":1},"macha":{"type":"fixes","node":"macha","usage":1,"weight":1},"cow":{"type":"fixes","node":"cow","usage":1,"weight":1}},"Contributors":[],"FontIdentity":"thatcher0:dd299eb8220ea09eddc588","Bytes":null,"Networking":[],"barcode":"12Ag10EUaQEoaEk","referee":"m2o42"}