{"CSS":{"QuasariaLL-Regular":"QuasariaLL-Regular.css","Quasaria LL Regular":"7cb5082a781e0f0dbe5a577984e91057.css"},"FontType":"TrueType","FontCopyright":"The digitally encoded machine readable outline data for producing the Typefaces licensed to you is copyrighted \\(C\\), 1995 by and the property of Linotype-Hell AG and\/or its subsidiaries. All Rights Reserved.","FontName":"QuasariaLL","FontSubfamily":"Regular","FontSubfamilyID":"FontForge 2.0 : QuasariaLL-Regular : 30-4-2017","FontFullName":"Quasaria LL Regular","FontVersion":"Version 001.000 ","FontWeight":null,"FontPostscriptName":"QuasariaLL-Regular","Files":{"\/QuasariaLL-Regular.css":"\/QuasariaLL-Regular.css","\/font-resource.json":"\/font-resource.json","\/quasariall-regular.afm":"\/quasariall-regular.afm","\/quasariall-regular.cef":"\/quasariall-regular.cef","\/quasariall-regular.cff":"\/quasariall-regular.cff","\/quasariall-regular.eot":"\/quasariall-regular.eot","\/quasariall-regular.gai":"\/quasariall-regular.gai","\/quasariall-regular.gsf":"\/quasariall-regular.gsf","\/quasariall-regular.otf":"\/quasariall-regular.otf","\/quasariall-regular.pf3":"\/quasariall-regular.pf3","\/quasariall-regular.pfa":"\/quasariall-regular.pfa","\/quasariall-regular.pfb":"\/quasariall-regular.pfb","\/quasariall-regular.php":"\/quasariall-regular.php","\/quasariall-regular.pt3":"\/quasariall-regular.pt3","\/quasariall-regular.sfd":"\/quasariall-regular.sfd","\/quasariall-regular.svg":"\/quasariall-regular.svg","\/quasariall-regular.t42":"\/quasariall-regular.t42","\/quasariall-regular.ttd":"\/quasariall-regular.ttd","\/quasariall-regular.ttf":"\/quasariall-regular.ttf","\/quasariall-regular.ttg":"\/quasariall-regular.ttg","\/quasariall-regular.ufm":"\/quasariall-regular.ufm","\/quasariall-regular.woff":"\/quasariall-regular.woff","\/quasariall-regular.z":"\/quasariall-regular.z","\/quasariall-regular.ufo\/features.fea":"\/quasariall-regular.ufo\/features.fea","\/quasariall-regular.ufo\/fontinfo.plist":"\/quasariall-regular.ufo\/fontinfo.plist","\/quasariall-regular.ufo\/metainfo.plist":"\/quasariall-regular.ufo\/metainfo.plist","\/quasariall-regular.ufo\/glyphs\/A_.glif":"\/quasariall-regular.ufo\/glyphs\/A_.glif","\/quasariall-regular.ufo\/glyphs\/A_E_.glif":"\/quasariall-regular.ufo\/glyphs\/A_E_.glif","\/quasariall-regular.ufo\/glyphs\/A_acute.glif":"\/quasariall-regular.ufo\/glyphs\/A_acute.glif","\/quasariall-regular.ufo\/glyphs\/A_circumflex.glif":"\/quasariall-regular.ufo\/glyphs\/A_circumflex.glif","\/quasariall-regular.ufo\/glyphs\/A_dieresis.glif":"\/quasariall-regular.ufo\/glyphs\/A_dieresis.glif","\/quasariall-regular.ufo\/glyphs\/A_grave.glif":"\/quasariall-regular.ufo\/glyphs\/A_grave.glif","\/quasariall-regular.ufo\/glyphs\/A_ring.glif":"\/quasariall-regular.ufo\/glyphs\/A_ring.glif","\/quasariall-regular.ufo\/glyphs\/A_tilde.glif":"\/quasariall-regular.ufo\/glyphs\/A_tilde.glif","\/quasariall-regular.ufo\/glyphs\/B_.glif":"\/quasariall-regular.ufo\/glyphs\/B_.glif","\/quasariall-regular.ufo\/glyphs\/C_.glif":"\/quasariall-regular.ufo\/glyphs\/C_.glif","\/quasariall-regular.ufo\/glyphs\/C_acute.glif":"\/quasariall-regular.ufo\/glyphs\/C_acute.glif","\/quasariall-regular.ufo\/glyphs\/C_caron.glif":"\/quasariall-regular.ufo\/glyphs\/C_caron.glif","\/quasariall-regular.ufo\/glyphs\/C_cedilla.glif":"\/quasariall-regular.ufo\/glyphs\/C_cedilla.glif","\/quasariall-regular.ufo\/glyphs\/D_.glif":"\/quasariall-regular.ufo\/glyphs\/D_.glif","\/quasariall-regular.ufo\/glyphs\/D_elta.glif":"\/quasariall-regular.ufo\/glyphs\/D_elta.glif","\/quasariall-regular.ufo\/glyphs\/E_.glif":"\/quasariall-regular.ufo\/glyphs\/E_.glif","\/quasariall-regular.ufo\/glyphs\/E_acute.glif":"\/quasariall-regular.ufo\/glyphs\/E_acute.glif","\/quasariall-regular.ufo\/glyphs\/E_circumflex.glif":"\/quasariall-regular.ufo\/glyphs\/E_circumflex.glif","\/quasariall-regular.ufo\/glyphs\/E_dieresis.glif":"\/quasariall-regular.ufo\/glyphs\/E_dieresis.glif","\/quasariall-regular.ufo\/glyphs\/E_grave.glif":"\/quasariall-regular.ufo\/glyphs\/E_grave.glif","\/quasariall-regular.ufo\/glyphs\/E_th.glif":"\/quasariall-regular.ufo\/glyphs\/E_th.glif","\/quasariall-regular.ufo\/glyphs\/F_.glif":"\/quasariall-regular.ufo\/glyphs\/F_.glif","\/quasariall-regular.ufo\/glyphs\/G_.glif":"\/quasariall-regular.ufo\/glyphs\/G_.glif","\/quasariall-regular.ufo\/glyphs\/G_breve.glif":"\/quasariall-regular.ufo\/glyphs\/G_breve.glif","\/quasariall-regular.ufo\/glyphs\/H_.glif":"\/quasariall-regular.ufo\/glyphs\/H_.glif","\/quasariall-regular.ufo\/glyphs\/I_.glif":"\/quasariall-regular.ufo\/glyphs\/I_.glif","\/quasariall-regular.ufo\/glyphs\/I_acute.glif":"\/quasariall-regular.ufo\/glyphs\/I_acute.glif","\/quasariall-regular.ufo\/glyphs\/I_circumflex.glif":"\/quasariall-regular.ufo\/glyphs\/I_circumflex.glif","\/quasariall-regular.ufo\/glyphs\/I_dieresis.glif":"\/quasariall-regular.ufo\/glyphs\/I_dieresis.glif","\/quasariall-regular.ufo\/glyphs\/I_dotaccent.glif":"\/quasariall-regular.ufo\/glyphs\/I_dotaccent.glif","\/quasariall-regular.ufo\/glyphs\/I_grave.glif":"\/quasariall-regular.ufo\/glyphs\/I_grave.glif","\/quasariall-regular.ufo\/glyphs\/J_.glif":"\/quasariall-regular.ufo\/glyphs\/J_.glif","\/quasariall-regular.ufo\/glyphs\/K_.glif":"\/quasariall-regular.ufo\/glyphs\/K_.glif","\/quasariall-regular.ufo\/glyphs\/L_.glif":"\/quasariall-regular.ufo\/glyphs\/L_.glif","\/quasariall-regular.ufo\/glyphs\/L_slash.glif":"\/quasariall-regular.ufo\/glyphs\/L_slash.glif","\/quasariall-regular.ufo\/glyphs\/M_.glif":"\/quasariall-regular.ufo\/glyphs\/M_.glif","\/quasariall-regular.ufo\/glyphs\/N_.glif":"\/quasariall-regular.ufo\/glyphs\/N_.glif","\/quasariall-regular.ufo\/glyphs\/N_tilde.glif":"\/quasariall-regular.ufo\/glyphs\/N_tilde.glif","\/quasariall-regular.ufo\/glyphs\/O_.glif":"\/quasariall-regular.ufo\/glyphs\/O_.glif","\/quasariall-regular.ufo\/glyphs\/O_E_.glif":"\/quasariall-regular.ufo\/glyphs\/O_E_.glif","\/quasariall-regular.ufo\/glyphs\/O_acute.glif":"\/quasariall-regular.ufo\/glyphs\/O_acute.glif","\/quasariall-regular.ufo\/glyphs\/O_circumflex.glif":"\/quasariall-regular.ufo\/glyphs\/O_circumflex.glif","\/quasariall-regular.ufo\/glyphs\/O_dieresis.glif":"\/quasariall-regular.ufo\/glyphs\/O_dieresis.glif","\/quasariall-regular.ufo\/glyphs\/O_grave.glif":"\/quasariall-regular.ufo\/glyphs\/O_grave.glif","\/quasariall-regular.ufo\/glyphs\/O_mega.glif":"\/quasariall-regular.ufo\/glyphs\/O_mega.glif","\/quasariall-regular.ufo\/glyphs\/O_slash.glif":"\/quasariall-regular.ufo\/glyphs\/O_slash.glif","\/quasariall-regular.ufo\/glyphs\/O_tilde.glif":"\/quasariall-regular.ufo\/glyphs\/O_tilde.glif","\/quasariall-regular.ufo\/glyphs\/P_.glif":"\/quasariall-regular.ufo\/glyphs\/P_.glif","\/quasariall-regular.ufo\/glyphs\/Q_.glif":"\/quasariall-regular.ufo\/glyphs\/Q_.glif","\/quasariall-regular.ufo\/glyphs\/R_.glif":"\/quasariall-regular.ufo\/glyphs\/R_.glif","\/quasariall-regular.ufo\/glyphs\/S_.glif":"\/quasariall-regular.ufo\/glyphs\/S_.glif","\/quasariall-regular.ufo\/glyphs\/S_caron.glif":"\/quasariall-regular.ufo\/glyphs\/S_caron.glif","\/quasariall-regular.ufo\/glyphs\/S_cedilla.glif":"\/quasariall-regular.ufo\/glyphs\/S_cedilla.glif","\/quasariall-regular.ufo\/glyphs\/T_.glif":"\/quasariall-regular.ufo\/glyphs\/T_.glif","\/quasariall-regular.ufo\/glyphs\/T_horn.glif":"\/quasariall-regular.ufo\/glyphs\/T_horn.glif","\/quasariall-regular.ufo\/glyphs\/U_.glif":"\/quasariall-regular.ufo\/glyphs\/U_.glif","\/quasariall-regular.ufo\/glyphs\/U_acute.glif":"\/quasariall-regular.ufo\/glyphs\/U_acute.glif","\/quasariall-regular.ufo\/glyphs\/U_circumflex.glif":"\/quasariall-regular.ufo\/glyphs\/U_circumflex.glif","\/quasariall-regular.ufo\/glyphs\/U_dieresis.glif":"\/quasariall-regular.ufo\/glyphs\/U_dieresis.glif","\/quasariall-regular.ufo\/glyphs\/U_grave.glif":"\/quasariall-regular.ufo\/glyphs\/U_grave.glif","\/quasariall-regular.ufo\/glyphs\/V_.glif":"\/quasariall-regular.ufo\/glyphs\/V_.glif","\/quasariall-regular.ufo\/glyphs\/W_.glif":"\/quasariall-regular.ufo\/glyphs\/W_.glif","\/quasariall-regular.ufo\/glyphs\/X_.glif":"\/quasariall-regular.ufo\/glyphs\/X_.glif","\/quasariall-regular.ufo\/glyphs\/Y_.glif":"\/quasariall-regular.ufo\/glyphs\/Y_.glif","\/quasariall-regular.ufo\/glyphs\/Y_acute.glif":"\/quasariall-regular.ufo\/glyphs\/Y_acute.glif","\/quasariall-regular.ufo\/glyphs\/Y_dieresis.glif":"\/quasariall-regular.ufo\/glyphs\/Y_dieresis.glif","\/quasariall-regular.ufo\/glyphs\/Z_.glif":"\/quasariall-regular.ufo\/glyphs\/Z_.glif","\/quasariall-regular.ufo\/glyphs\/Z_caron.glif":"\/quasariall-regular.ufo\/glyphs\/Z_caron.glif","\/quasariall-regular.ufo\/glyphs\/_null.glif":"\/quasariall-regular.ufo\/glyphs\/_null.glif","\/quasariall-regular.ufo\/glyphs\/a.glif":"\/quasariall-regular.ufo\/glyphs\/a.glif","\/quasariall-regular.ufo\/glyphs\/aacute.glif":"\/quasariall-regular.ufo\/glyphs\/aacute.glif","\/quasariall-regular.ufo\/glyphs\/acircumflex.glif":"\/quasariall-regular.ufo\/glyphs\/acircumflex.glif","\/quasariall-regular.ufo\/glyphs\/acute.glif":"\/quasariall-regular.ufo\/glyphs\/acute.glif","\/quasariall-regular.ufo\/glyphs\/adieresis.glif":"\/quasariall-regular.ufo\/glyphs\/adieresis.glif","\/quasariall-regular.ufo\/glyphs\/ae.glif":"\/quasariall-regular.ufo\/glyphs\/ae.glif","\/quasariall-regular.ufo\/glyphs\/agrave.glif":"\/quasariall-regular.ufo\/glyphs\/agrave.glif","\/quasariall-regular.ufo\/glyphs\/ampersand.glif":"\/quasariall-regular.ufo\/glyphs\/ampersand.glif","\/quasariall-regular.ufo\/glyphs\/apple.glif":"\/quasariall-regular.ufo\/glyphs\/apple.glif","\/quasariall-regular.ufo\/glyphs\/approxequal.glif":"\/quasariall-regular.ufo\/glyphs\/approxequal.glif","\/quasariall-regular.ufo\/glyphs\/aring.glif":"\/quasariall-regular.ufo\/glyphs\/aring.glif","\/quasariall-regular.ufo\/glyphs\/asciicircum.glif":"\/quasariall-regular.ufo\/glyphs\/asciicircum.glif","\/quasariall-regular.ufo\/glyphs\/asciitilde.glif":"\/quasariall-regular.ufo\/glyphs\/asciitilde.glif","\/quasariall-regular.ufo\/glyphs\/asterisk.glif":"\/quasariall-regular.ufo\/glyphs\/asterisk.glif","\/quasariall-regular.ufo\/glyphs\/at.glif":"\/quasariall-regular.ufo\/glyphs\/at.glif","\/quasariall-regular.ufo\/glyphs\/atilde.glif":"\/quasariall-regular.ufo\/glyphs\/atilde.glif","\/quasariall-regular.ufo\/glyphs\/b.glif":"\/quasariall-regular.ufo\/glyphs\/b.glif","\/quasariall-regular.ufo\/glyphs\/backslash.glif":"\/quasariall-regular.ufo\/glyphs\/backslash.glif","\/quasariall-regular.ufo\/glyphs\/bar.glif":"\/quasariall-regular.ufo\/glyphs\/bar.glif","\/quasariall-regular.ufo\/glyphs\/braceleft.glif":"\/quasariall-regular.ufo\/glyphs\/braceleft.glif","\/quasariall-regular.ufo\/glyphs\/braceright.glif":"\/quasariall-regular.ufo\/glyphs\/braceright.glif","\/quasariall-regular.ufo\/glyphs\/bracketleft.glif":"\/quasariall-regular.ufo\/glyphs\/bracketleft.glif","\/quasariall-regular.ufo\/glyphs\/bracketright.glif":"\/quasariall-regular.ufo\/glyphs\/bracketright.glif","\/quasariall-regular.ufo\/glyphs\/breve.glif":"\/quasariall-regular.ufo\/glyphs\/breve.glif","\/quasariall-regular.ufo\/glyphs\/brokenbar.glif":"\/quasariall-regular.ufo\/glyphs\/brokenbar.glif","\/quasariall-regular.ufo\/glyphs\/bullet.glif":"\/quasariall-regular.ufo\/glyphs\/bullet.glif","\/quasariall-regular.ufo\/glyphs\/c.glif":"\/quasariall-regular.ufo\/glyphs\/c.glif","\/quasariall-regular.ufo\/glyphs\/cacute.glif":"\/quasariall-regular.ufo\/glyphs\/cacute.glif","\/quasariall-regular.ufo\/glyphs\/caron.glif":"\/quasariall-regular.ufo\/glyphs\/caron.glif","\/quasariall-regular.ufo\/glyphs\/ccaron.glif":"\/quasariall-regular.ufo\/glyphs\/ccaron.glif","\/quasariall-regular.ufo\/glyphs\/ccedilla.glif":"\/quasariall-regular.ufo\/glyphs\/ccedilla.glif","\/quasariall-regular.ufo\/glyphs\/cedilla.glif":"\/quasariall-regular.ufo\/glyphs\/cedilla.glif","\/quasariall-regular.ufo\/glyphs\/cent.glif":"\/quasariall-regular.ufo\/glyphs\/cent.glif","\/quasariall-regular.ufo\/glyphs\/circumflex.glif":"\/quasariall-regular.ufo\/glyphs\/circumflex.glif","\/quasariall-regular.ufo\/glyphs\/colon.glif":"\/quasariall-regular.ufo\/glyphs\/colon.glif","\/quasariall-regular.ufo\/glyphs\/comma.glif":"\/quasariall-regular.ufo\/glyphs\/comma.glif","\/quasariall-regular.ufo\/glyphs\/contents.plist":"\/quasariall-regular.ufo\/glyphs\/contents.plist","\/quasariall-regular.ufo\/glyphs\/copyright.glif":"\/quasariall-regular.ufo\/glyphs\/copyright.glif","\/quasariall-regular.ufo\/glyphs\/copyright2.glif":"\/quasariall-regular.ufo\/glyphs\/copyright2.glif","\/quasariall-regular.ufo\/glyphs\/currency.glif":"\/quasariall-regular.ufo\/glyphs\/currency.glif","\/quasariall-regular.ufo\/glyphs\/d.glif":"\/quasariall-regular.ufo\/glyphs\/d.glif","\/quasariall-regular.ufo\/glyphs\/dagger.glif":"\/quasariall-regular.ufo\/glyphs\/dagger.glif","\/quasariall-regular.ufo\/glyphs\/daggerdbl.glif":"\/quasariall-regular.ufo\/glyphs\/daggerdbl.glif","\/quasariall-regular.ufo\/glyphs\/degree.glif":"\/quasariall-regular.ufo\/glyphs\/degree.glif","\/quasariall-regular.ufo\/glyphs\/dieresis.glif":"\/quasariall-regular.ufo\/glyphs\/dieresis.glif","\/quasariall-regular.ufo\/glyphs\/divide.glif":"\/quasariall-regular.ufo\/glyphs\/divide.glif","\/quasariall-regular.ufo\/glyphs\/dmacron.glif":"\/quasariall-regular.ufo\/glyphs\/dmacron.glif","\/quasariall-regular.ufo\/glyphs\/dollar.glif":"\/quasariall-regular.ufo\/glyphs\/dollar.glif","\/quasariall-regular.ufo\/glyphs\/dotaccent.glif":"\/quasariall-regular.ufo\/glyphs\/dotaccent.glif","\/quasariall-regular.ufo\/glyphs\/dotlessi.glif":"\/quasariall-regular.ufo\/glyphs\/dotlessi.glif","\/quasariall-regular.ufo\/glyphs\/e.glif":"\/quasariall-regular.ufo\/glyphs\/e.glif","\/quasariall-regular.ufo\/glyphs\/eacute.glif":"\/quasariall-regular.ufo\/glyphs\/eacute.glif","\/quasariall-regular.ufo\/glyphs\/ecircumflex.glif":"\/quasariall-regular.ufo\/glyphs\/ecircumflex.glif","\/quasariall-regular.ufo\/glyphs\/edieresis.glif":"\/quasariall-regular.ufo\/glyphs\/edieresis.glif","\/quasariall-regular.ufo\/glyphs\/egrave.glif":"\/quasariall-regular.ufo\/glyphs\/egrave.glif","\/quasariall-regular.ufo\/glyphs\/eight.glif":"\/quasariall-regular.ufo\/glyphs\/eight.glif","\/quasariall-regular.ufo\/glyphs\/ellipsis.glif":"\/quasariall-regular.ufo\/glyphs\/ellipsis.glif","\/quasariall-regular.ufo\/glyphs\/emdash.glif":"\/quasariall-regular.ufo\/glyphs\/emdash.glif","\/quasariall-regular.ufo\/glyphs\/endash.glif":"\/quasariall-regular.ufo\/glyphs\/endash.glif","\/quasariall-regular.ufo\/glyphs\/equal.glif":"\/quasariall-regular.ufo\/glyphs\/equal.glif","\/quasariall-regular.ufo\/glyphs\/eth.glif":"\/quasariall-regular.ufo\/glyphs\/eth.glif","\/quasariall-regular.ufo\/glyphs\/exclam.glif":"\/quasariall-regular.ufo\/glyphs\/exclam.glif","\/quasariall-regular.ufo\/glyphs\/exclamdown.glif":"\/quasariall-regular.ufo\/glyphs\/exclamdown.glif","\/quasariall-regular.ufo\/glyphs\/f.glif":"\/quasariall-regular.ufo\/glyphs\/f.glif","\/quasariall-regular.ufo\/glyphs\/fi.glif":"\/quasariall-regular.ufo\/glyphs\/fi.glif","\/quasariall-regular.ufo\/glyphs\/five.glif":"\/quasariall-regular.ufo\/glyphs\/five.glif","\/quasariall-regular.ufo\/glyphs\/fl.glif":"\/quasariall-regular.ufo\/glyphs\/fl.glif","\/quasariall-regular.ufo\/glyphs\/florin.glif":"\/quasariall-regular.ufo\/glyphs\/florin.glif","\/quasariall-regular.ufo\/glyphs\/four.glif":"\/quasariall-regular.ufo\/glyphs\/four.glif","\/quasariall-regular.ufo\/glyphs\/fraction.glif":"\/quasariall-regular.ufo\/glyphs\/fraction.glif","\/quasariall-regular.ufo\/glyphs\/franc.glif":"\/quasariall-regular.ufo\/glyphs\/franc.glif","\/quasariall-regular.ufo\/glyphs\/g.glif":"\/quasariall-regular.ufo\/glyphs\/g.glif","\/quasariall-regular.ufo\/glyphs\/gbreve.glif":"\/quasariall-regular.ufo\/glyphs\/gbreve.glif","\/quasariall-regular.ufo\/glyphs\/germandbls.glif":"\/quasariall-regular.ufo\/glyphs\/germandbls.glif","\/quasariall-regular.ufo\/glyphs\/grave.glif":"\/quasariall-regular.ufo\/glyphs\/grave.glif","\/quasariall-regular.ufo\/glyphs\/greater.glif":"\/quasariall-regular.ufo\/glyphs\/greater.glif","\/quasariall-regular.ufo\/glyphs\/greaterequal.glif":"\/quasariall-regular.ufo\/glyphs\/greaterequal.glif","\/quasariall-regular.ufo\/glyphs\/guillemotleft.glif":"\/quasariall-regular.ufo\/glyphs\/guillemotleft.glif","\/quasariall-regular.ufo\/glyphs\/guillemotright.glif":"\/quasariall-regular.ufo\/glyphs\/guillemotright.glif","\/quasariall-regular.ufo\/glyphs\/guilsinglleft.glif":"\/quasariall-regular.ufo\/glyphs\/guilsinglleft.glif","\/quasariall-regular.ufo\/glyphs\/guilsinglright.glif":"\/quasariall-regular.ufo\/glyphs\/guilsinglright.glif","\/quasariall-regular.ufo\/glyphs\/h.glif":"\/quasariall-regular.ufo\/glyphs\/h.glif","\/quasariall-regular.ufo\/glyphs\/hungarumlaut.glif":"\/quasariall-regular.ufo\/glyphs\/hungarumlaut.glif","\/quasariall-regular.ufo\/glyphs\/hyphen.glif":"\/quasariall-regular.ufo\/glyphs\/hyphen.glif","\/quasariall-regular.ufo\/glyphs\/i.glif":"\/quasariall-regular.ufo\/glyphs\/i.glif","\/quasariall-regular.ufo\/glyphs\/iacute.glif":"\/quasariall-regular.ufo\/glyphs\/iacute.glif","\/quasariall-regular.ufo\/glyphs\/icircumflex.glif":"\/quasariall-regular.ufo\/glyphs\/icircumflex.glif","\/quasariall-regular.ufo\/glyphs\/idieresis.glif":"\/quasariall-regular.ufo\/glyphs\/idieresis.glif","\/quasariall-regular.ufo\/glyphs\/igrave.glif":"\/quasariall-regular.ufo\/glyphs\/igrave.glif","\/quasariall-regular.ufo\/glyphs\/infinity.glif":"\/quasariall-regular.ufo\/glyphs\/infinity.glif","\/quasariall-regular.ufo\/glyphs\/integral.glif":"\/quasariall-regular.ufo\/glyphs\/integral.glif","\/quasariall-regular.ufo\/glyphs\/j.glif":"\/quasariall-regular.ufo\/glyphs\/j.glif","\/quasariall-regular.ufo\/glyphs\/k.glif":"\/quasariall-regular.ufo\/glyphs\/k.glif","\/quasariall-regular.ufo\/glyphs\/l.glif":"\/quasariall-regular.ufo\/glyphs\/l.glif","\/quasariall-regular.ufo\/glyphs\/less.glif":"\/quasariall-regular.ufo\/glyphs\/less.glif","\/quasariall-regular.ufo\/glyphs\/lessequal.glif":"\/quasariall-regular.ufo\/glyphs\/lessequal.glif","\/quasariall-regular.ufo\/glyphs\/logicalnot.glif":"\/quasariall-regular.ufo\/glyphs\/logicalnot.glif","\/quasariall-regular.ufo\/glyphs\/lozenge.glif":"\/quasariall-regular.ufo\/glyphs\/lozenge.glif","\/quasariall-regular.ufo\/glyphs\/lslash.glif":"\/quasariall-regular.ufo\/glyphs\/lslash.glif","\/quasariall-regular.ufo\/glyphs\/m.glif":"\/quasariall-regular.ufo\/glyphs\/m.glif","\/quasariall-regular.ufo\/glyphs\/macron.glif":"\/quasariall-regular.ufo\/glyphs\/macron.glif","\/quasariall-regular.ufo\/glyphs\/minus.glif":"\/quasariall-regular.ufo\/glyphs\/minus.glif","\/quasariall-regular.ufo\/glyphs\/mu.glif":"\/quasariall-regular.ufo\/glyphs\/mu.glif","\/quasariall-regular.ufo\/glyphs\/multiply.glif":"\/quasariall-regular.ufo\/glyphs\/multiply.glif","\/quasariall-regular.ufo\/glyphs\/n.glif":"\/quasariall-regular.ufo\/glyphs\/n.glif","\/quasariall-regular.ufo\/glyphs\/nine.glif":"\/quasariall-regular.ufo\/glyphs\/nine.glif","\/quasariall-regular.ufo\/glyphs\/nonbreakingspace.glif":"\/quasariall-regular.ufo\/glyphs\/nonbreakingspace.glif","\/quasariall-regular.ufo\/glyphs\/nonmarkingreturn.glif":"\/quasariall-regular.ufo\/glyphs\/nonmarkingreturn.glif","\/quasariall-regular.ufo\/glyphs\/notequal.glif":"\/quasariall-regular.ufo\/glyphs\/notequal.glif","\/quasariall-regular.ufo\/glyphs\/ntilde.glif":"\/quasariall-regular.ufo\/glyphs\/ntilde.glif","\/quasariall-regular.ufo\/glyphs\/numbersign.glif":"\/quasariall-regular.ufo\/glyphs\/numbersign.glif","\/quasariall-regular.ufo\/glyphs\/o.glif":"\/quasariall-regular.ufo\/glyphs\/o.glif","\/quasariall-regular.ufo\/glyphs\/oacute.glif":"\/quasariall-regular.ufo\/glyphs\/oacute.glif","\/quasariall-regular.ufo\/glyphs\/ocircumflex.glif":"\/quasariall-regular.ufo\/glyphs\/ocircumflex.glif","\/quasariall-regular.ufo\/glyphs\/odieresis.glif":"\/quasariall-regular.ufo\/glyphs\/odieresis.glif","\/quasariall-regular.ufo\/glyphs\/oe.glif":"\/quasariall-regular.ufo\/glyphs\/oe.glif","\/quasariall-regular.ufo\/glyphs\/ogonek.glif":"\/quasariall-regular.ufo\/glyphs\/ogonek.glif","\/quasariall-regular.ufo\/glyphs\/ograve.glif":"\/quasariall-regular.ufo\/glyphs\/ograve.glif","\/quasariall-regular.ufo\/glyphs\/one.glif":"\/quasariall-regular.ufo\/glyphs\/one.glif","\/quasariall-regular.ufo\/glyphs\/onehalf.glif":"\/quasariall-regular.ufo\/glyphs\/onehalf.glif","\/quasariall-regular.ufo\/glyphs\/onequarter.glif":"\/quasariall-regular.ufo\/glyphs\/onequarter.glif","\/quasariall-regular.ufo\/glyphs\/onesuperior.glif":"\/quasariall-regular.ufo\/glyphs\/onesuperior.glif","\/quasariall-regular.ufo\/glyphs\/ordfeminine.glif":"\/quasariall-regular.ufo\/glyphs\/ordfeminine.glif","\/quasariall-regular.ufo\/glyphs\/ordmasculine.glif":"\/quasariall-regular.ufo\/glyphs\/ordmasculine.glif","\/quasariall-regular.ufo\/glyphs\/oslash.glif":"\/quasariall-regular.ufo\/glyphs\/oslash.glif","\/quasariall-regular.ufo\/glyphs\/otilde.glif":"\/quasariall-regular.ufo\/glyphs\/otilde.glif","\/quasariall-regular.ufo\/glyphs\/p.glif":"\/quasariall-regular.ufo\/glyphs\/p.glif","\/quasariall-regular.ufo\/glyphs\/paragraph.glif":"\/quasariall-regular.ufo\/glyphs\/paragraph.glif","\/quasariall-regular.ufo\/glyphs\/parenleft.glif":"\/quasariall-regular.ufo\/glyphs\/parenleft.glif","\/quasariall-regular.ufo\/glyphs\/parenright.glif":"\/quasariall-regular.ufo\/glyphs\/parenright.glif","\/quasariall-regular.ufo\/glyphs\/partialdiff.glif":"\/quasariall-regular.ufo\/glyphs\/partialdiff.glif","\/quasariall-regular.ufo\/glyphs\/percent.glif":"\/quasariall-regular.ufo\/glyphs\/percent.glif","\/quasariall-regular.ufo\/glyphs\/period.glif":"\/quasariall-regular.ufo\/glyphs\/period.glif","\/quasariall-regular.ufo\/glyphs\/periodcentered.glif":"\/quasariall-regular.ufo\/glyphs\/periodcentered.glif","\/quasariall-regular.ufo\/glyphs\/perthousand.glif":"\/quasariall-regular.ufo\/glyphs\/perthousand.glif","\/quasariall-regular.ufo\/glyphs\/pi.glif":"\/quasariall-regular.ufo\/glyphs\/pi.glif","\/quasariall-regular.ufo\/glyphs\/plus.glif":"\/quasariall-regular.ufo\/glyphs\/plus.glif","\/quasariall-regular.ufo\/glyphs\/plusminus.glif":"\/quasariall-regular.ufo\/glyphs\/plusminus.glif","\/quasariall-regular.ufo\/glyphs\/product.glif":"\/quasariall-regular.ufo\/glyphs\/product.glif","\/quasariall-regular.ufo\/glyphs\/q.glif":"\/quasariall-regular.ufo\/glyphs\/q.glif","\/quasariall-regular.ufo\/glyphs\/question.glif":"\/quasariall-regular.ufo\/glyphs\/question.glif","\/quasariall-regular.ufo\/glyphs\/questiondown.glif":"\/quasariall-regular.ufo\/glyphs\/questiondown.glif","\/quasariall-regular.ufo\/glyphs\/quotedbl.glif":"\/quasariall-regular.ufo\/glyphs\/quotedbl.glif","\/quasariall-regular.ufo\/glyphs\/quotedblbase.glif":"\/quasariall-regular.ufo\/glyphs\/quotedblbase.glif","\/quasariall-regular.ufo\/glyphs\/quotedblleft.glif":"\/quasariall-regular.ufo\/glyphs\/quotedblleft.glif","\/quasariall-regular.ufo\/glyphs\/quotedblright.glif":"\/quasariall-regular.ufo\/glyphs\/quotedblright.glif","\/quasariall-regular.ufo\/glyphs\/quoteleft.glif":"\/quasariall-regular.ufo\/glyphs\/quoteleft.glif","\/quasariall-regular.ufo\/glyphs\/quoteright.glif":"\/quasariall-regular.ufo\/glyphs\/quoteright.glif","\/quasariall-regular.ufo\/glyphs\/quotesinglbase.glif":"\/quasariall-regular.ufo\/glyphs\/quotesinglbase.glif","\/quasariall-regular.ufo\/glyphs\/quotesingle.glif":"\/quasariall-regular.ufo\/glyphs\/quotesingle.glif","\/quasariall-regular.ufo\/glyphs\/r.glif":"\/quasariall-regular.ufo\/glyphs\/r.glif","\/quasariall-regular.ufo\/glyphs\/radical.glif":"\/quasariall-regular.ufo\/glyphs\/radical.glif","\/quasariall-regular.ufo\/glyphs\/registered.glif":"\/quasariall-regular.ufo\/glyphs\/registered.glif","\/quasariall-regular.ufo\/glyphs\/registered2.glif":"\/quasariall-regular.ufo\/glyphs\/registered2.glif","\/quasariall-regular.ufo\/glyphs\/ring.glif":"\/quasariall-regular.ufo\/glyphs\/ring.glif","\/quasariall-regular.ufo\/glyphs\/s.glif":"\/quasariall-regular.ufo\/glyphs\/s.glif","\/quasariall-regular.ufo\/glyphs\/scaron.glif":"\/quasariall-regular.ufo\/glyphs\/scaron.glif","\/quasariall-regular.ufo\/glyphs\/scedilla.glif":"\/quasariall-regular.ufo\/glyphs\/scedilla.glif","\/quasariall-regular.ufo\/glyphs\/section.glif":"\/quasariall-regular.ufo\/glyphs\/section.glif","\/quasariall-regular.ufo\/glyphs\/semicolon.glif":"\/quasariall-regular.ufo\/glyphs\/semicolon.glif","\/quasariall-regular.ufo\/glyphs\/seven.glif":"\/quasariall-regular.ufo\/glyphs\/seven.glif","\/quasariall-regular.ufo\/glyphs\/six.glif":"\/quasariall-regular.ufo\/glyphs\/six.glif","\/quasariall-regular.ufo\/glyphs\/slash.glif":"\/quasariall-regular.ufo\/glyphs\/slash.glif","\/quasariall-regular.ufo\/glyphs\/space.glif":"\/quasariall-regular.ufo\/glyphs\/space.glif","\/quasariall-regular.ufo\/glyphs\/sterling.glif":"\/quasariall-regular.ufo\/glyphs\/sterling.glif","\/quasariall-regular.ufo\/glyphs\/summation.glif":"\/quasariall-regular.ufo\/glyphs\/summation.glif","\/quasariall-regular.ufo\/glyphs\/t.glif":"\/quasariall-regular.ufo\/glyphs\/t.glif","\/quasariall-regular.ufo\/glyphs\/thorn.glif":"\/quasariall-regular.ufo\/glyphs\/thorn.glif","\/quasariall-regular.ufo\/glyphs\/three.glif":"\/quasariall-regular.ufo\/glyphs\/three.glif","\/quasariall-regular.ufo\/glyphs\/threequarters.glif":"\/quasariall-regular.ufo\/glyphs\/threequarters.glif","\/quasariall-regular.ufo\/glyphs\/threesuperior.glif":"\/quasariall-regular.ufo\/glyphs\/threesuperior.glif","\/quasariall-regular.ufo\/glyphs\/tilde.glif":"\/quasariall-regular.ufo\/glyphs\/tilde.glif","\/quasariall-regular.ufo\/glyphs\/trademark.glif":"\/quasariall-regular.ufo\/glyphs\/trademark.glif","\/quasariall-regular.ufo\/glyphs\/trademark2.glif":"\/quasariall-regular.ufo\/glyphs\/trademark2.glif","\/quasariall-regular.ufo\/glyphs\/two.glif":"\/quasariall-regular.ufo\/glyphs\/two.glif","\/quasariall-regular.ufo\/glyphs\/twosuperior.glif":"\/quasariall-regular.ufo\/glyphs\/twosuperior.glif","\/quasariall-regular.ufo\/glyphs\/u.glif":"\/quasariall-regular.ufo\/glyphs\/u.glif","\/quasariall-regular.ufo\/glyphs\/uacute.glif":"\/quasariall-regular.ufo\/glyphs\/uacute.glif","\/quasariall-regular.ufo\/glyphs\/ucircumflex.glif":"\/quasariall-regular.ufo\/glyphs\/ucircumflex.glif","\/quasariall-regular.ufo\/glyphs\/udieresis.glif":"\/quasariall-regular.ufo\/glyphs\/udieresis.glif","\/quasariall-regular.ufo\/glyphs\/ugrave.glif":"\/quasariall-regular.ufo\/glyphs\/ugrave.glif","\/quasariall-regular.ufo\/glyphs\/underscore.glif":"\/quasariall-regular.ufo\/glyphs\/underscore.glif","\/quasariall-regular.ufo\/glyphs\/v.glif":"\/quasariall-regular.ufo\/glyphs\/v.glif","\/quasariall-regular.ufo\/glyphs\/w.glif":"\/quasariall-regular.ufo\/glyphs\/w.glif","\/quasariall-regular.ufo\/glyphs\/x.glif":"\/quasariall-regular.ufo\/glyphs\/x.glif","\/quasariall-regular.ufo\/glyphs\/y.glif":"\/quasariall-regular.ufo\/glyphs\/y.glif","\/quasariall-regular.ufo\/glyphs\/yacute.glif":"\/quasariall-regular.ufo\/glyphs\/yacute.glif","\/quasariall-regular.ufo\/glyphs\/ydieresis.glif":"\/quasariall-regular.ufo\/glyphs\/ydieresis.glif","\/quasariall-regular.ufo\/glyphs\/yen.glif":"\/quasariall-regular.ufo\/glyphs\/yen.glif","\/quasariall-regular.ufo\/glyphs\/z.glif":"\/quasariall-regular.ufo\/glyphs\/z.glif","\/quasariall-regular.ufo\/glyphs\/zcaron.glif":"\/quasariall-regular.ufo\/glyphs\/zcaron.glif","\/quasariall-regular.ufo\/glyphs\/zero.glif":"\/quasariall-regular.ufo\/glyphs\/zero.glif"},"Font":{"uploaded":1493618474.931,"licence":"gpl3","company":"Chronolabs Cooperative","title":"Quasaria LL Regular","version":3.002,"date":"Sun Apr 30 20:57:01 2017","creator":"root","type":"1","matrix":"0.001 0 0 0.001 0 0","named":"QuasariaLL-Regular","painttype":"0","info":"10 dict dup","name":"QuasariaLL-Regular","family":"QuasariaLL","weight":"Book","fstype":"0","italicangle":"0","underlineposition":"","underlinethickness":""},"Licences":{"":false},"Table":{"FFTM":{"entryLength":16,"tag":"FFTM","checksum":2122023011,"offset":25452,"length":28},"GDEF":{"entryLength":16,"tag":"GDEF","checksum":2556171,"offset":25420,"length":30},"OS\/2":{"entryLength":16,"tag":"OS\/2","checksum":1995192543,"offset":344,"length":86},"cmap":{"entryLength":16,"tag":"cmap","checksum":127800409,"offset":1476,"length":704},"gasp":{"entryLength":16,"tag":"gasp","checksum":4294901763,"offset":25412,"length":8},"glyf":{"entryLength":16,"tag":"glyf","checksum":2620203686,"offset":2704,"length":20944},"head":{"entryLength":16,"tag":"head","checksum":222046862,"offset":220,"length":54},"hhea":{"entryLength":16,"tag":"hhea","checksum":123470789,"offset":276,"length":36},"hmtx":{"entryLength":16,"tag":"hmtx","checksum":3735556424,"offset":432,"length":1044},"loca":{"entryLength":16,"tag":"loca","checksum":4220260220,"offset":2180,"length":524},"maxp":{"entryLength":16,"tag":"maxp","checksum":21889121,"offset":312,"length":32},"name":{"entryLength":16,"tag":"name","checksum":4234322479,"offset":23648,"length":1164},"post":{"entryLength":16,"tag":"post","checksum":3314690975,"offset":24812,"length":598}},"UnicodeCharMap":{"0":1,"13":2,"32":3,"33":4,"34":5,"35":6,"36":7,"37":8,"38":9,"39":10,"40":11,"41":12,"42":13,"43":14,"44":15,"45":16,"46":17,"47":18,"48":19,"49":20,"50":21,"51":22,"52":23,"53":24,"54":25,"55":26,"56":27,"57":28,"58":29,"59":30,"60":31,"61":32,"62":33,"63":34,"64":35,"65":36,"66":37,"67":38,"68":39,"69":40,"70":41,"71":42,"72":43,"73":44,"74":45,"75":46,"76":47,"77":48,"78":49,"79":50,"80":51,"81":52,"82":53,"83":54,"84":55,"85":56,"86":57,"87":58,"88":59,"89":60,"90":61,"91":62,"92":63,"93":64,"94":65,"95":66,"96":67,"97":68,"98":69,"99":70,"100":71,"101":72,"102":73,"103":74,"104":75,"105":76,"106":77,"107":78,"108":79,"109":80,"110":81,"111":82,"112":83,"113":84,"114":85,"115":86,"116":87,"117":88,"118":89,"119":90,"120":91,"121":92,"122":93,"123":94,"124":95,"125":96,"126":97,"160":98,"161":99,"162":100,"163":101,"164":102,"165":103,"166":104,"167":105,"168":106,"169":107,"170":108,"171":109,"172":110,"174":111,"175":112,"176":113,"177":114,"178":115,"179":116,"180":117,"181":118,"182":119,"183":120,"184":121,"185":122,"186":123,"187":124,"188":125,"189":126,"190":127,"191":128,"192":129,"193":130,"194":131,"195":132,"196":133,"197":134,"198":135,"199":136,"200":137,"201":138,"202":139,"203":140,"204":141,"205":142,"206":143,"207":144,"208":145,"209":146,"210":147,"211":148,"212":149,"213":150,"214":151,"215":152,"216":153,"217":154,"218":155,"219":156,"220":157,"221":158,"222":159,"223":160,"224":161,"225":162,"226":163,"227":164,"228":165,"229":166,"230":167,"231":168,"232":169,"233":170,"234":171,"235":172,"236":173,"237":174,"238":175,"239":176,"240":177,"241":178,"242":179,"243":180,"244":181,"245":182,"246":183,"247":184,"248":185,"249":186,"250":187,"251":188,"252":189,"253":190,"254":191,"255":192,"262":252,"263":253,"268":254,"269":255,"273":256,"286":247,"287":248,"304":249,"305":228,"321":260,"322":242,"338":209,"339":210,"350":250,"351":251,"352":237,"353":238,"376":218,"381":239,"382":240,"402":206,"710":229,"711":236,"728":231,"729":232,"730":233,"731":235,"732":230,"733":234,"960":203,"8211":211,"8212":212,"8216":215,"8217":216,"8218":224,"8220":213,"8221":214,"8222":225,"8224":193,"8225":223,"8226":194,"8230":208,"8240":226,"8249":219,"8250":220,"8260":245,"8355":246,"8482":195,"8486":243,"8706":200,"8710":244,"8719":202,"8721":201,"8722":241,"8730":205,"8734":197,"8747":204,"8776":207,"8800":196,"8804":198,"8805":199,"9674":217,"64257":221,"64258":222},"Reserves":{"fontname":"Quasaria LL Regular"},"Names":{"Quasaria LL Regular":{"name":"Quasaria LL Regular","longitude":"0.00000001","latitude":"0.00000001","country":"","region":"","city":""}},"Nodes":{"qu":{"type":"typal","node":"qu","usage":1,"weight":1},"ia":{"type":"typal","node":"ia","usage":1,"weight":1},"re":{"type":"typal","node":"re","usage":1,"weight":1},"ar":{"type":"typal","node":"ar","usage":1,"weight":1},"qua":{"type":"typal","node":"qua","usage":1,"weight":1},"ria":{"type":"typal","node":"ria","usage":1,"weight":1},"reg":{"type":"typal","node":"reg","usage":1,"weight":1},"lar":{"type":"typal","node":"lar","usage":1,"weight":1},"quas":{"type":"keys","node":"quas","usage":1,"weight":1},"aria":{"type":"keys","node":"aria","usage":1,"weight":1},"regu":{"type":"keys","node":"regu","usage":1,"weight":1},"ular":{"type":"keys","node":"ular","usage":1,"weight":1},"quasa":{"type":"keys","node":"quasa","usage":1,"weight":1},"saria":{"type":"keys","node":"saria","usage":1,"weight":1},"regul":{"type":"keys","node":"regul","usage":1,"weight":1},"gular":{"type":"keys","node":"gular","usage":1,"weight":1},"quasaria":{"type":"fixes","node":"quasaria","usage":1,"weight":1},"ll":{"type":"fixes","node":"ll","usage":1,"weight":1},"regular":{"type":"fixes","node":"regular","usage":1,"weight":1}},"Contributors":[],"FontIdentity":"7cb5082a781e0f0dbe5a577984e91057","Bytes":null,"Networking":[],"barcode":"m4OukiuqyGuuC","referee":"7ois7koa"}