{"CSS":{"Juice":"toriquine:d958faadc17eb4e564b9a6.css"},"FontType":"TrueType","FontCopyright":"Juice(c)2002 Fontalicious Fonts. All Rights Reserved. Fontalicious is a registered trademark of Globitron, Inc.       www.fontalicious.com","FontName":"Juice","FontSubfamily":"Book","FontSubfamilyID":"FontForge 2.0 : Juice : 17-10-2016","FontFullName":"Juice","FontVersion":"Version Macromedia Fontograp ","FontWeight":null,"FontPostscriptName":"Juice","Files":{"\/Juice.css":"\/Juice.css","\/font-resource.json":"\/font-resource.json","\/juice___.afm":"\/juice___.afm","\/juice___.cef":"\/juice___.cef","\/juice___.cff":"\/juice___.cff","\/juice___.eot":"\/juice___.eot","\/juice___.gai":"\/juice___.gai","\/juice___.gsf":"\/juice___.gsf","\/juice___.otf":"\/juice___.otf","\/juice___.pf3":"\/juice___.pf3","\/juice___.pfa":"\/juice___.pfa","\/juice___.pfb":"\/juice___.pfb","\/juice___.php":"\/juice___.php","\/juice___.pt3":"\/juice___.pt3","\/juice___.sfd":"\/juice___.sfd","\/juice___.svg":"\/juice___.svg","\/juice___.t42":"\/juice___.t42","\/juice___.ttd":"\/juice___.ttd","\/juice___.ttf":"\/juice___.ttf","\/juice___.ttg":"\/juice___.ttg","\/juice___.ufm":"\/juice___.ufm","\/juice___.woff":"\/juice___.woff","\/juice___.z":"\/juice___.z","\/juice___.ufo\/feature.fea":"\/juice___.ufo\/feature.fea","\/juice___.ufo\/fontinfo.plist":"\/juice___.ufo\/fontinfo.plist","\/juice___.ufo\/groups.plist":"\/juice___.ufo\/groups.plist","\/juice___.ufo\/kerning.plist":"\/juice___.ufo\/kerning.plist","\/juice___.ufo\/metainfo.plist":"\/juice___.ufo\/metainfo.plist","\/juice___.ufo\/glyphs\/A_.glif":"\/juice___.ufo\/glyphs\/A_.glif","\/juice___.ufo\/glyphs\/A_E_.glif":"\/juice___.ufo\/glyphs\/A_E_.glif","\/juice___.ufo\/glyphs\/A_acute.glif":"\/juice___.ufo\/glyphs\/A_acute.glif","\/juice___.ufo\/glyphs\/A_circumflex.glif":"\/juice___.ufo\/glyphs\/A_circumflex.glif","\/juice___.ufo\/glyphs\/A_dieresis.glif":"\/juice___.ufo\/glyphs\/A_dieresis.glif","\/juice___.ufo\/glyphs\/A_grave.glif":"\/juice___.ufo\/glyphs\/A_grave.glif","\/juice___.ufo\/glyphs\/A_ring.glif":"\/juice___.ufo\/glyphs\/A_ring.glif","\/juice___.ufo\/glyphs\/A_tilde.glif":"\/juice___.ufo\/glyphs\/A_tilde.glif","\/juice___.ufo\/glyphs\/B_.glif":"\/juice___.ufo\/glyphs\/B_.glif","\/juice___.ufo\/glyphs\/C_.glif":"\/juice___.ufo\/glyphs\/C_.glif","\/juice___.ufo\/glyphs\/C_cedilla.glif":"\/juice___.ufo\/glyphs\/C_cedilla.glif","\/juice___.ufo\/glyphs\/D_.glif":"\/juice___.ufo\/glyphs\/D_.glif","\/juice___.ufo\/glyphs\/D_elta.glif":"\/juice___.ufo\/glyphs\/D_elta.glif","\/juice___.ufo\/glyphs\/E_.glif":"\/juice___.ufo\/glyphs\/E_.glif","\/juice___.ufo\/glyphs\/E_acute.glif":"\/juice___.ufo\/glyphs\/E_acute.glif","\/juice___.ufo\/glyphs\/E_circumflex.glif":"\/juice___.ufo\/glyphs\/E_circumflex.glif","\/juice___.ufo\/glyphs\/E_dieresis.glif":"\/juice___.ufo\/glyphs\/E_dieresis.glif","\/juice___.ufo\/glyphs\/E_grave.glif":"\/juice___.ufo\/glyphs\/E_grave.glif","\/juice___.ufo\/glyphs\/F_.glif":"\/juice___.ufo\/glyphs\/F_.glif","\/juice___.ufo\/glyphs\/G_.glif":"\/juice___.ufo\/glyphs\/G_.glif","\/juice___.ufo\/glyphs\/H_.glif":"\/juice___.ufo\/glyphs\/H_.glif","\/juice___.ufo\/glyphs\/I_.glif":"\/juice___.ufo\/glyphs\/I_.glif","\/juice___.ufo\/glyphs\/I_acute.glif":"\/juice___.ufo\/glyphs\/I_acute.glif","\/juice___.ufo\/glyphs\/I_circumflex.glif":"\/juice___.ufo\/glyphs\/I_circumflex.glif","\/juice___.ufo\/glyphs\/I_dieresis.glif":"\/juice___.ufo\/glyphs\/I_dieresis.glif","\/juice___.ufo\/glyphs\/I_grave.glif":"\/juice___.ufo\/glyphs\/I_grave.glif","\/juice___.ufo\/glyphs\/J_.glif":"\/juice___.ufo\/glyphs\/J_.glif","\/juice___.ufo\/glyphs\/K_.glif":"\/juice___.ufo\/glyphs\/K_.glif","\/juice___.ufo\/glyphs\/L_.glif":"\/juice___.ufo\/glyphs\/L_.glif","\/juice___.ufo\/glyphs\/M_.glif":"\/juice___.ufo\/glyphs\/M_.glif","\/juice___.ufo\/glyphs\/N_.glif":"\/juice___.ufo\/glyphs\/N_.glif","\/juice___.ufo\/glyphs\/N_tilde.glif":"\/juice___.ufo\/glyphs\/N_tilde.glif","\/juice___.ufo\/glyphs\/O_.glif":"\/juice___.ufo\/glyphs\/O_.glif","\/juice___.ufo\/glyphs\/O_E_.glif":"\/juice___.ufo\/glyphs\/O_E_.glif","\/juice___.ufo\/glyphs\/O_acute.glif":"\/juice___.ufo\/glyphs\/O_acute.glif","\/juice___.ufo\/glyphs\/O_circumflex.glif":"\/juice___.ufo\/glyphs\/O_circumflex.glif","\/juice___.ufo\/glyphs\/O_dieresis.glif":"\/juice___.ufo\/glyphs\/O_dieresis.glif","\/juice___.ufo\/glyphs\/O_grave.glif":"\/juice___.ufo\/glyphs\/O_grave.glif","\/juice___.ufo\/glyphs\/O_mega.glif":"\/juice___.ufo\/glyphs\/O_mega.glif","\/juice___.ufo\/glyphs\/O_slash.glif":"\/juice___.ufo\/glyphs\/O_slash.glif","\/juice___.ufo\/glyphs\/O_tilde.glif":"\/juice___.ufo\/glyphs\/O_tilde.glif","\/juice___.ufo\/glyphs\/P_.glif":"\/juice___.ufo\/glyphs\/P_.glif","\/juice___.ufo\/glyphs\/Q_.glif":"\/juice___.ufo\/glyphs\/Q_.glif","\/juice___.ufo\/glyphs\/R_.glif":"\/juice___.ufo\/glyphs\/R_.glif","\/juice___.ufo\/glyphs\/S_.glif":"\/juice___.ufo\/glyphs\/S_.glif","\/juice___.ufo\/glyphs\/T_.glif":"\/juice___.ufo\/glyphs\/T_.glif","\/juice___.ufo\/glyphs\/U_.glif":"\/juice___.ufo\/glyphs\/U_.glif","\/juice___.ufo\/glyphs\/U_acute.glif":"\/juice___.ufo\/glyphs\/U_acute.glif","\/juice___.ufo\/glyphs\/U_circumflex.glif":"\/juice___.ufo\/glyphs\/U_circumflex.glif","\/juice___.ufo\/glyphs\/U_dieresis.glif":"\/juice___.ufo\/glyphs\/U_dieresis.glif","\/juice___.ufo\/glyphs\/U_grave.glif":"\/juice___.ufo\/glyphs\/U_grave.glif","\/juice___.ufo\/glyphs\/V_.glif":"\/juice___.ufo\/glyphs\/V_.glif","\/juice___.ufo\/glyphs\/W_.glif":"\/juice___.ufo\/glyphs\/W_.glif","\/juice___.ufo\/glyphs\/X_.glif":"\/juice___.ufo\/glyphs\/X_.glif","\/juice___.ufo\/glyphs\/Y_.glif":"\/juice___.ufo\/glyphs\/Y_.glif","\/juice___.ufo\/glyphs\/Y_dieresis.glif":"\/juice___.ufo\/glyphs\/Y_dieresis.glif","\/juice___.ufo\/glyphs\/Z_.glif":"\/juice___.ufo\/glyphs\/Z_.glif","\/juice___.ufo\/glyphs\/_notdef.glif":"\/juice___.ufo\/glyphs\/_notdef.glif","\/juice___.ufo\/glyphs\/_null.glif":"\/juice___.ufo\/glyphs\/_null.glif","\/juice___.ufo\/glyphs\/a.glif":"\/juice___.ufo\/glyphs\/a.glif","\/juice___.ufo\/glyphs\/aacute.glif":"\/juice___.ufo\/glyphs\/aacute.glif","\/juice___.ufo\/glyphs\/acircumflex.glif":"\/juice___.ufo\/glyphs\/acircumflex.glif","\/juice___.ufo\/glyphs\/acute.glif":"\/juice___.ufo\/glyphs\/acute.glif","\/juice___.ufo\/glyphs\/adieresis.glif":"\/juice___.ufo\/glyphs\/adieresis.glif","\/juice___.ufo\/glyphs\/ae.glif":"\/juice___.ufo\/glyphs\/ae.glif","\/juice___.ufo\/glyphs\/agrave.glif":"\/juice___.ufo\/glyphs\/agrave.glif","\/juice___.ufo\/glyphs\/ampersand.glif":"\/juice___.ufo\/glyphs\/ampersand.glif","\/juice___.ufo\/glyphs\/apple.glif":"\/juice___.ufo\/glyphs\/apple.glif","\/juice___.ufo\/glyphs\/approxequal.glif":"\/juice___.ufo\/glyphs\/approxequal.glif","\/juice___.ufo\/glyphs\/aring.glif":"\/juice___.ufo\/glyphs\/aring.glif","\/juice___.ufo\/glyphs\/asciicircum.glif":"\/juice___.ufo\/glyphs\/asciicircum.glif","\/juice___.ufo\/glyphs\/asciitilde.glif":"\/juice___.ufo\/glyphs\/asciitilde.glif","\/juice___.ufo\/glyphs\/asterisk.glif":"\/juice___.ufo\/glyphs\/asterisk.glif","\/juice___.ufo\/glyphs\/at.glif":"\/juice___.ufo\/glyphs\/at.glif","\/juice___.ufo\/glyphs\/atilde.glif":"\/juice___.ufo\/glyphs\/atilde.glif","\/juice___.ufo\/glyphs\/b.glif":"\/juice___.ufo\/glyphs\/b.glif","\/juice___.ufo\/glyphs\/backslash.glif":"\/juice___.ufo\/glyphs\/backslash.glif","\/juice___.ufo\/glyphs\/bar.glif":"\/juice___.ufo\/glyphs\/bar.glif","\/juice___.ufo\/glyphs\/braceleft.glif":"\/juice___.ufo\/glyphs\/braceleft.glif","\/juice___.ufo\/glyphs\/braceright.glif":"\/juice___.ufo\/glyphs\/braceright.glif","\/juice___.ufo\/glyphs\/bracketleft.glif":"\/juice___.ufo\/glyphs\/bracketleft.glif","\/juice___.ufo\/glyphs\/bracketright.glif":"\/juice___.ufo\/glyphs\/bracketright.glif","\/juice___.ufo\/glyphs\/breve.glif":"\/juice___.ufo\/glyphs\/breve.glif","\/juice___.ufo\/glyphs\/bullet.glif":"\/juice___.ufo\/glyphs\/bullet.glif","\/juice___.ufo\/glyphs\/c.glif":"\/juice___.ufo\/glyphs\/c.glif","\/juice___.ufo\/glyphs\/caron.glif":"\/juice___.ufo\/glyphs\/caron.glif","\/juice___.ufo\/glyphs\/ccedilla.glif":"\/juice___.ufo\/glyphs\/ccedilla.glif","\/juice___.ufo\/glyphs\/cedilla.glif":"\/juice___.ufo\/glyphs\/cedilla.glif","\/juice___.ufo\/glyphs\/cent.glif":"\/juice___.ufo\/glyphs\/cent.glif","\/juice___.ufo\/glyphs\/circumflex.glif":"\/juice___.ufo\/glyphs\/circumflex.glif","\/juice___.ufo\/glyphs\/colon.glif":"\/juice___.ufo\/glyphs\/colon.glif","\/juice___.ufo\/glyphs\/comma.glif":"\/juice___.ufo\/glyphs\/comma.glif","\/juice___.ufo\/glyphs\/contents.plist":"\/juice___.ufo\/glyphs\/contents.plist","\/juice___.ufo\/glyphs\/copyright.glif":"\/juice___.ufo\/glyphs\/copyright.glif","\/juice___.ufo\/glyphs\/currency.glif":"\/juice___.ufo\/glyphs\/currency.glif","\/juice___.ufo\/glyphs\/d.glif":"\/juice___.ufo\/glyphs\/d.glif","\/juice___.ufo\/glyphs\/dagger.glif":"\/juice___.ufo\/glyphs\/dagger.glif","\/juice___.ufo\/glyphs\/daggerdbl.glif":"\/juice___.ufo\/glyphs\/daggerdbl.glif","\/juice___.ufo\/glyphs\/degree.glif":"\/juice___.ufo\/glyphs\/degree.glif","\/juice___.ufo\/glyphs\/dieresis.glif":"\/juice___.ufo\/glyphs\/dieresis.glif","\/juice___.ufo\/glyphs\/divide.glif":"\/juice___.ufo\/glyphs\/divide.glif","\/juice___.ufo\/glyphs\/dollar.glif":"\/juice___.ufo\/glyphs\/dollar.glif","\/juice___.ufo\/glyphs\/dotaccent.glif":"\/juice___.ufo\/glyphs\/dotaccent.glif","\/juice___.ufo\/glyphs\/dotlessi.glif":"\/juice___.ufo\/glyphs\/dotlessi.glif","\/juice___.ufo\/glyphs\/e.glif":"\/juice___.ufo\/glyphs\/e.glif","\/juice___.ufo\/glyphs\/eacute.glif":"\/juice___.ufo\/glyphs\/eacute.glif","\/juice___.ufo\/glyphs\/ecircumflex.glif":"\/juice___.ufo\/glyphs\/ecircumflex.glif","\/juice___.ufo\/glyphs\/edieresis.glif":"\/juice___.ufo\/glyphs\/edieresis.glif","\/juice___.ufo\/glyphs\/egrave.glif":"\/juice___.ufo\/glyphs\/egrave.glif","\/juice___.ufo\/glyphs\/eight.glif":"\/juice___.ufo\/glyphs\/eight.glif","\/juice___.ufo\/glyphs\/ellipsis.glif":"\/juice___.ufo\/glyphs\/ellipsis.glif","\/juice___.ufo\/glyphs\/emdash.glif":"\/juice___.ufo\/glyphs\/emdash.glif","\/juice___.ufo\/glyphs\/endash.glif":"\/juice___.ufo\/glyphs\/endash.glif","\/juice___.ufo\/glyphs\/equal.glif":"\/juice___.ufo\/glyphs\/equal.glif","\/juice___.ufo\/glyphs\/exclam.glif":"\/juice___.ufo\/glyphs\/exclam.glif","\/juice___.ufo\/glyphs\/exclamdown.glif":"\/juice___.ufo\/glyphs\/exclamdown.glif","\/juice___.ufo\/glyphs\/f.glif":"\/juice___.ufo\/glyphs\/f.glif","\/juice___.ufo\/glyphs\/fi.glif":"\/juice___.ufo\/glyphs\/fi.glif","\/juice___.ufo\/glyphs\/five.glif":"\/juice___.ufo\/glyphs\/five.glif","\/juice___.ufo\/glyphs\/fl.glif":"\/juice___.ufo\/glyphs\/fl.glif","\/juice___.ufo\/glyphs\/florin.glif":"\/juice___.ufo\/glyphs\/florin.glif","\/juice___.ufo\/glyphs\/four.glif":"\/juice___.ufo\/glyphs\/four.glif","\/juice___.ufo\/glyphs\/fraction.glif":"\/juice___.ufo\/glyphs\/fraction.glif","\/juice___.ufo\/glyphs\/g.glif":"\/juice___.ufo\/glyphs\/g.glif","\/juice___.ufo\/glyphs\/germandbls.glif":"\/juice___.ufo\/glyphs\/germandbls.glif","\/juice___.ufo\/glyphs\/grave.glif":"\/juice___.ufo\/glyphs\/grave.glif","\/juice___.ufo\/glyphs\/greater.glif":"\/juice___.ufo\/glyphs\/greater.glif","\/juice___.ufo\/glyphs\/greaterequal.glif":"\/juice___.ufo\/glyphs\/greaterequal.glif","\/juice___.ufo\/glyphs\/guillemotleft.glif":"\/juice___.ufo\/glyphs\/guillemotleft.glif","\/juice___.ufo\/glyphs\/guillemotright.glif":"\/juice___.ufo\/glyphs\/guillemotright.glif","\/juice___.ufo\/glyphs\/guilsinglleft.glif":"\/juice___.ufo\/glyphs\/guilsinglleft.glif","\/juice___.ufo\/glyphs\/guilsinglright.glif":"\/juice___.ufo\/glyphs\/guilsinglright.glif","\/juice___.ufo\/glyphs\/h.glif":"\/juice___.ufo\/glyphs\/h.glif","\/juice___.ufo\/glyphs\/hungarumlaut.glif":"\/juice___.ufo\/glyphs\/hungarumlaut.glif","\/juice___.ufo\/glyphs\/hyphen.glif":"\/juice___.ufo\/glyphs\/hyphen.glif","\/juice___.ufo\/glyphs\/i.glif":"\/juice___.ufo\/glyphs\/i.glif","\/juice___.ufo\/glyphs\/iacute.glif":"\/juice___.ufo\/glyphs\/iacute.glif","\/juice___.ufo\/glyphs\/icircumflex.glif":"\/juice___.ufo\/glyphs\/icircumflex.glif","\/juice___.ufo\/glyphs\/idieresis.glif":"\/juice___.ufo\/glyphs\/idieresis.glif","\/juice___.ufo\/glyphs\/igrave.glif":"\/juice___.ufo\/glyphs\/igrave.glif","\/juice___.ufo\/glyphs\/infinity.glif":"\/juice___.ufo\/glyphs\/infinity.glif","\/juice___.ufo\/glyphs\/integral.glif":"\/juice___.ufo\/glyphs\/integral.glif","\/juice___.ufo\/glyphs\/j.glif":"\/juice___.ufo\/glyphs\/j.glif","\/juice___.ufo\/glyphs\/k.glif":"\/juice___.ufo\/glyphs\/k.glif","\/juice___.ufo\/glyphs\/l.glif":"\/juice___.ufo\/glyphs\/l.glif","\/juice___.ufo\/glyphs\/less.glif":"\/juice___.ufo\/glyphs\/less.glif","\/juice___.ufo\/glyphs\/lessequal.glif":"\/juice___.ufo\/glyphs\/lessequal.glif","\/juice___.ufo\/glyphs\/logicalnot.glif":"\/juice___.ufo\/glyphs\/logicalnot.glif","\/juice___.ufo\/glyphs\/lozenge.glif":"\/juice___.ufo\/glyphs\/lozenge.glif","\/juice___.ufo\/glyphs\/m.glif":"\/juice___.ufo\/glyphs\/m.glif","\/juice___.ufo\/glyphs\/macron.glif":"\/juice___.ufo\/glyphs\/macron.glif","\/juice___.ufo\/glyphs\/mu.glif":"\/juice___.ufo\/glyphs\/mu.glif","\/juice___.ufo\/glyphs\/n.glif":"\/juice___.ufo\/glyphs\/n.glif","\/juice___.ufo\/glyphs\/nine.glif":"\/juice___.ufo\/glyphs\/nine.glif","\/juice___.ufo\/glyphs\/nonbreakingspace.glif":"\/juice___.ufo\/glyphs\/nonbreakingspace.glif","\/juice___.ufo\/glyphs\/nonmarkingreturn.glif":"\/juice___.ufo\/glyphs\/nonmarkingreturn.glif","\/juice___.ufo\/glyphs\/notequal.glif":"\/juice___.ufo\/glyphs\/notequal.glif","\/juice___.ufo\/glyphs\/ntilde.glif":"\/juice___.ufo\/glyphs\/ntilde.glif","\/juice___.ufo\/glyphs\/numbersign.glif":"\/juice___.ufo\/glyphs\/numbersign.glif","\/juice___.ufo\/glyphs\/o.glif":"\/juice___.ufo\/glyphs\/o.glif","\/juice___.ufo\/glyphs\/oacute.glif":"\/juice___.ufo\/glyphs\/oacute.glif","\/juice___.ufo\/glyphs\/ocircumflex.glif":"\/juice___.ufo\/glyphs\/ocircumflex.glif","\/juice___.ufo\/glyphs\/odieresis.glif":"\/juice___.ufo\/glyphs\/odieresis.glif","\/juice___.ufo\/glyphs\/oe.glif":"\/juice___.ufo\/glyphs\/oe.glif","\/juice___.ufo\/glyphs\/ogonek.glif":"\/juice___.ufo\/glyphs\/ogonek.glif","\/juice___.ufo\/glyphs\/ograve.glif":"\/juice___.ufo\/glyphs\/ograve.glif","\/juice___.ufo\/glyphs\/one.glif":"\/juice___.ufo\/glyphs\/one.glif","\/juice___.ufo\/glyphs\/ordfeminine.glif":"\/juice___.ufo\/glyphs\/ordfeminine.glif","\/juice___.ufo\/glyphs\/ordmasculine.glif":"\/juice___.ufo\/glyphs\/ordmasculine.glif","\/juice___.ufo\/glyphs\/oslash.glif":"\/juice___.ufo\/glyphs\/oslash.glif","\/juice___.ufo\/glyphs\/otilde.glif":"\/juice___.ufo\/glyphs\/otilde.glif","\/juice___.ufo\/glyphs\/p.glif":"\/juice___.ufo\/glyphs\/p.glif","\/juice___.ufo\/glyphs\/paragraph.glif":"\/juice___.ufo\/glyphs\/paragraph.glif","\/juice___.ufo\/glyphs\/parenleft.glif":"\/juice___.ufo\/glyphs\/parenleft.glif","\/juice___.ufo\/glyphs\/parenright.glif":"\/juice___.ufo\/glyphs\/parenright.glif","\/juice___.ufo\/glyphs\/partialdiff.glif":"\/juice___.ufo\/glyphs\/partialdiff.glif","\/juice___.ufo\/glyphs\/percent.glif":"\/juice___.ufo\/glyphs\/percent.glif","\/juice___.ufo\/glyphs\/period.glif":"\/juice___.ufo\/glyphs\/period.glif","\/juice___.ufo\/glyphs\/periodcentered.glif":"\/juice___.ufo\/glyphs\/periodcentered.glif","\/juice___.ufo\/glyphs\/perthousand.glif":"\/juice___.ufo\/glyphs\/perthousand.glif","\/juice___.ufo\/glyphs\/pi.glif":"\/juice___.ufo\/glyphs\/pi.glif","\/juice___.ufo\/glyphs\/plus.glif":"\/juice___.ufo\/glyphs\/plus.glif","\/juice___.ufo\/glyphs\/plusminus.glif":"\/juice___.ufo\/glyphs\/plusminus.glif","\/juice___.ufo\/glyphs\/product.glif":"\/juice___.ufo\/glyphs\/product.glif","\/juice___.ufo\/glyphs\/q.glif":"\/juice___.ufo\/glyphs\/q.glif","\/juice___.ufo\/glyphs\/question.glif":"\/juice___.ufo\/glyphs\/question.glif","\/juice___.ufo\/glyphs\/questiondown.glif":"\/juice___.ufo\/glyphs\/questiondown.glif","\/juice___.ufo\/glyphs\/quotedbl.glif":"\/juice___.ufo\/glyphs\/quotedbl.glif","\/juice___.ufo\/glyphs\/quotedblbase.glif":"\/juice___.ufo\/glyphs\/quotedblbase.glif","\/juice___.ufo\/glyphs\/quotedblleft.glif":"\/juice___.ufo\/glyphs\/quotedblleft.glif","\/juice___.ufo\/glyphs\/quotedblright.glif":"\/juice___.ufo\/glyphs\/quotedblright.glif","\/juice___.ufo\/glyphs\/quoteleft.glif":"\/juice___.ufo\/glyphs\/quoteleft.glif","\/juice___.ufo\/glyphs\/quoteright.glif":"\/juice___.ufo\/glyphs\/quoteright.glif","\/juice___.ufo\/glyphs\/quotesinglbase.glif":"\/juice___.ufo\/glyphs\/quotesinglbase.glif","\/juice___.ufo\/glyphs\/quotesingle.glif":"\/juice___.ufo\/glyphs\/quotesingle.glif","\/juice___.ufo\/glyphs\/r.glif":"\/juice___.ufo\/glyphs\/r.glif","\/juice___.ufo\/glyphs\/radical.glif":"\/juice___.ufo\/glyphs\/radical.glif","\/juice___.ufo\/glyphs\/registered.glif":"\/juice___.ufo\/glyphs\/registered.glif","\/juice___.ufo\/glyphs\/ring.glif":"\/juice___.ufo\/glyphs\/ring.glif","\/juice___.ufo\/glyphs\/s.glif":"\/juice___.ufo\/glyphs\/s.glif","\/juice___.ufo\/glyphs\/section.glif":"\/juice___.ufo\/glyphs\/section.glif","\/juice___.ufo\/glyphs\/semicolon.glif":"\/juice___.ufo\/glyphs\/semicolon.glif","\/juice___.ufo\/glyphs\/seven.glif":"\/juice___.ufo\/glyphs\/seven.glif","\/juice___.ufo\/glyphs\/six.glif":"\/juice___.ufo\/glyphs\/six.glif","\/juice___.ufo\/glyphs\/slash.glif":"\/juice___.ufo\/glyphs\/slash.glif","\/juice___.ufo\/glyphs\/space.glif":"\/juice___.ufo\/glyphs\/space.glif","\/juice___.ufo\/glyphs\/sterling.glif":"\/juice___.ufo\/glyphs\/sterling.glif","\/juice___.ufo\/glyphs\/summation.glif":"\/juice___.ufo\/glyphs\/summation.glif","\/juice___.ufo\/glyphs\/t.glif":"\/juice___.ufo\/glyphs\/t.glif","\/juice___.ufo\/glyphs\/three.glif":"\/juice___.ufo\/glyphs\/three.glif","\/juice___.ufo\/glyphs\/tilde.glif":"\/juice___.ufo\/glyphs\/tilde.glif","\/juice___.ufo\/glyphs\/trademark.glif":"\/juice___.ufo\/glyphs\/trademark.glif","\/juice___.ufo\/glyphs\/two.glif":"\/juice___.ufo\/glyphs\/two.glif","\/juice___.ufo\/glyphs\/u.glif":"\/juice___.ufo\/glyphs\/u.glif","\/juice___.ufo\/glyphs\/uacute.glif":"\/juice___.ufo\/glyphs\/uacute.glif","\/juice___.ufo\/glyphs\/ucircumflex.glif":"\/juice___.ufo\/glyphs\/ucircumflex.glif","\/juice___.ufo\/glyphs\/udieresis.glif":"\/juice___.ufo\/glyphs\/udieresis.glif","\/juice___.ufo\/glyphs\/ugrave.glif":"\/juice___.ufo\/glyphs\/ugrave.glif","\/juice___.ufo\/glyphs\/underscore.glif":"\/juice___.ufo\/glyphs\/underscore.glif","\/juice___.ufo\/glyphs\/v.glif":"\/juice___.ufo\/glyphs\/v.glif","\/juice___.ufo\/glyphs\/w.glif":"\/juice___.ufo\/glyphs\/w.glif","\/juice___.ufo\/glyphs\/x.glif":"\/juice___.ufo\/glyphs\/x.glif","\/juice___.ufo\/glyphs\/y.glif":"\/juice___.ufo\/glyphs\/y.glif","\/juice___.ufo\/glyphs\/ydieresis.glif":"\/juice___.ufo\/glyphs\/ydieresis.glif","\/juice___.ufo\/glyphs\/yen.glif":"\/juice___.ufo\/glyphs\/yen.glif","\/juice___.ufo\/glyphs\/z.glif":"\/juice___.ufo\/glyphs\/z.glif","\/juice___.ufo\/glyphs\/zero.glif":"\/juice___.ufo\/glyphs\/zero.glif"},"Font":{"uploaded":1476796927.8335,"licence":"gpl3","company":"Chronolabs Cooperative","title":"Juice","version":3.002,"date":"Fri Oct 14 23:32:11 2016","creator":"root","type":"1","matrix":"0.001 0 0 0.001 0 0","named":"Juice","painttype":"0","info":"10 dict dup","name":"Juice","family":"Juice","weight":"Book","fstype":"1","italicangle":"0","underlineposition":"","underlinethickness":""},"Licences":{"":false},"Table":{"FFTM":{"entryLength":16,"tag":"FFTM","checksum":1955351110,"offset":57544,"length":28},"GDEF":{"entryLength":16,"tag":"GDEF","checksum":17760260,"offset":57512,"length":32},"OS\/2":{"entryLength":16,"tag":"OS\/2","checksum":1998011250,"offset":344,"length":86},"cmap":{"entryLength":16,"tag":"cmap","checksum":3199942656,"offset":1336,"length":720},"gasp":{"entryLength":16,"tag":"gasp","checksum":4294901763,"offset":57504,"length":8},"glyf":{"entryLength":16,"tag":"glyf","checksum":1406468063,"offset":2512,"length":53648},"head":{"entryLength":16,"tag":"head","checksum":240690427,"offset":220,"length":54},"hhea":{"entryLength":16,"tag":"hhea","checksum":189335172,"offset":276,"length":36},"hmtx":{"entryLength":16,"tag":"hmtx","checksum":2904242429,"offset":432,"length":904},"loca":{"entryLength":16,"tag":"loca","checksum":4045914300,"offset":2056,"length":454},"maxp":{"entryLength":16,"tag":"maxp","checksum":20185594,"offset":312,"length":32},"name":{"entryLength":16,"tag":"name","checksum":2536250505,"offset":56160,"length":855},"post":{"entryLength":16,"tag":"post","checksum":838218190,"offset":57016,"length":486}},"UnicodeCharMap":{"0":1,"13":2,"32":3,"33":4,"34":5,"35":6,"36":7,"37":8,"38":9,"39":10,"40":11,"41":12,"42":13,"43":14,"44":15,"45":16,"46":17,"47":18,"48":19,"49":20,"50":21,"51":22,"52":23,"53":24,"54":25,"55":26,"56":27,"57":28,"58":29,"59":30,"60":31,"61":32,"62":33,"63":34,"64":35,"65":36,"66":37,"67":38,"68":39,"69":40,"70":41,"71":42,"72":43,"73":44,"74":45,"75":46,"76":47,"77":48,"78":49,"79":50,"80":51,"81":52,"82":53,"83":54,"84":55,"85":56,"86":57,"87":58,"88":59,"89":60,"90":61,"91":62,"92":63,"93":64,"94":65,"95":66,"96":67,"97":68,"98":69,"99":70,"100":71,"101":72,"102":73,"103":74,"104":75,"105":76,"106":77,"107":78,"108":79,"109":80,"110":81,"111":82,"112":83,"113":84,"114":85,"115":86,"116":87,"117":88,"118":89,"119":90,"120":91,"121":92,"122":93,"123":94,"124":95,"125":96,"126":97,"160":98,"161":99,"162":100,"163":101,"164":191,"165":102,"167":103,"168":104,"169":105,"170":106,"171":107,"172":108,"174":109,"175":110,"176":111,"177":112,"180":113,"182":115,"183":116,"184":117,"186":118,"187":119,"191":120,"192":121,"193":122,"194":123,"195":124,"196":125,"197":126,"198":127,"199":128,"200":129,"201":130,"202":131,"203":132,"204":133,"205":134,"206":135,"207":136,"209":137,"210":138,"211":139,"212":140,"213":141,"214":142,"216":143,"217":144,"218":145,"219":146,"220":147,"223":148,"224":149,"225":150,"226":151,"227":152,"228":153,"229":154,"230":155,"231":156,"232":157,"233":158,"234":159,"235":160,"236":161,"237":162,"238":163,"239":164,"241":165,"242":166,"243":167,"244":168,"245":169,"246":170,"247":171,"248":172,"249":173,"250":174,"251":175,"252":176,"255":177,"305":200,"338":182,"339":183,"376":210,"402":180,"710":201,"711":208,"728":203,"729":204,"730":205,"731":207,"732":202,"733":206,"916":223,"937":220,"956":114,"960":218,"8211":184,"8212":185,"8216":188,"8217":189,"8218":197,"8220":186,"8221":187,"8222":198,"8224":178,"8225":196,"8226":179,"8230":181,"8240":199,"8249":192,"8250":193,"8260":190,"8482":209,"8706":215,"8719":217,"8721":216,"8730":221,"8734":212,"8747":219,"8776":222,"8800":211,"8804":213,"8805":214,"9674":224,"64257":194,"64258":195},"Reserves":{"fontname":"Juice"},"Names":{"Juice":{"name":"Juice","longitude":"0.00000001","latitude":"0.00000001","country":"","region":"","city":""}},"Nodes":{"ju":{"type":"typal","node":"ju","usage":1,"weight":1},"ce":{"type":"typal","node":"ce","usage":1,"weight":1},"jui":{"type":"typal","node":"jui","usage":1,"weight":1},"ice":{"type":"typal","node":"ice","usage":1,"weight":1},"juic":{"type":"keys","node":"juic","usage":1,"weight":1},"uice":{"type":"keys","node":"uice","usage":1,"weight":1},"juice":{"type":"fixes","node":"juice","usage":1,"weight":1}},"Contributors":[],"FontIdentity":"toriquine:d958faadc17eb4e564b9a6","Bytes":null,"Networking":[],"barcode":"c7skuaks6ai8q","referee":"k4mewm"}