{"CSS":{"CarrDingbats2 Regular":"CarrDingbats2+Regular.css"},"FontType":"TrueType","FontCopyright":"FREEWARE! from Alan Carr. Remember to VOTE! If you don't vote, you can't bitch!","FontName":"CarrDingbats2","FontSubfamily":"Thin","FontSubfamilyID":"FontForge 2.0 : CarrDingbats2 Regular : 28-12-2016","FontFullName":"Carr Dingbats 2 Regular","FontVersion":"Version Altsys Fontographer  ","FontWeight":null,"FontPostscriptName":"CarrDingbats2","Files":{"carrdin2.afm":"carrdin2.afm","carrdin2.bin":"carrdin2.bin","carrdin2.cef":"carrdin2.cef","carrdin2.cff":"carrdin2.cff","carrdin2.cid":"carrdin2.cid","carrdin2.dfont":"carrdin2.dfont","carrdin2.eot":"carrdin2.eot","carrdin2.fon":"carrdin2.fon","carrdin2.gai":"carrdin2.gai","carrdin2.gsf":"carrdin2.gsf","carrdin2.hqx":"carrdin2.hqx","carrdin2.ik":"carrdin2.ik","carrdin2.mf":"carrdin2.mf","carrdin2.otf":"carrdin2.otf","carrdin2.pcf":"carrdin2.pcf","carrdin2.pf3":"carrdin2.pf3","carrdin2.pfa":"carrdin2.pfa","carrdin2.pfb":"carrdin2.pfb","carrdin2.php":"carrdin2.php","carrdin2.pmf":"carrdin2.pmf","carrdin2.pt3":"carrdin2.pt3","carrdin2.sfd":"carrdin2.sfd","carrdin2.svg":"carrdin2.svg","carrdin2.t42":"carrdin2.t42","carrdin2.ttd":"carrdin2.ttd","carrdin2.ttf":"carrdin2.ttf","carrdin2.ttg":"carrdin2.ttg","carrdin2.ufm":"carrdin2.ufm","carrdin2.woff":"carrdin2.woff","carrdin2.z":"carrdin2.z","":{"carrdin2.afm":"carrdin2.afm","carrdin2.bin":"carrdin2.bin","carrdin2.cef":"carrdin2.cef","carrdin2.cff":"carrdin2.cff","carrdin2.cid":"carrdin2.cid","carrdin2.dfont":"carrdin2.dfont","carrdin2.eot":"carrdin2.eot","carrdin2.fon":"carrdin2.fon","carrdin2.gai":"carrdin2.gai","carrdin2.gsf":"carrdin2.gsf","carrdin2.hqx":"carrdin2.hqx","carrdin2.ik":"carrdin2.ik","carrdin2.mf":"carrdin2.mf","carrdin2.otf":"carrdin2.otf","carrdin2.pcf":"carrdin2.pcf","carrdin2.pf3":"carrdin2.pf3","carrdin2.pfa":"carrdin2.pfa","carrdin2.pfb":"carrdin2.pfb","carrdin2.php":"carrdin2.php","carrdin2.pmf":"carrdin2.pmf","carrdin2.pt3":"carrdin2.pt3","carrdin2.sfd":"carrdin2.sfd","carrdin2.svg":"carrdin2.svg","carrdin2.t42":"carrdin2.t42","carrdin2.ttd":"carrdin2.ttd","carrdin2.ttf":"carrdin2.ttf","carrdin2.ttg":"carrdin2.ttg","carrdin2.ufm":"carrdin2.ufm","carrdin2.woff":"carrdin2.woff","carrdin2.z":"carrdin2.z"},"\/carrdin2.ufo":{"feature.fea":"feature.fea","fontinfo.plist":"fontinfo.plist","groups.plist":"groups.plist","kerning.plist":"kerning.plist","metainfo.plist":"metainfo.plist"},"\/carrdin2.ufo\/glyphs":{"A_.glif":"A_.glif","B_.glif":"B_.glif","C_.glif":"C_.glif","D_.glif":"D_.glif","E_.glif":"E_.glif","F_.glif":"F_.glif","G_.glif":"G_.glif","H_.glif":"H_.glif","I_.glif":"I_.glif","J_.glif":"J_.glif","K_.glif":"K_.glif","L_.glif":"L_.glif","M_.glif":"M_.glif","N_.glif":"N_.glif","O_.glif":"O_.glif","P_.glif":"P_.glif","Q_.glif":"Q_.glif","R_.glif":"R_.glif","S_.glif":"S_.glif","T_.glif":"T_.glif","U_.glif":"U_.glif","V_.glif":"V_.glif","W_.glif":"W_.glif","X_.glif":"X_.glif","Y_.glif":"Y_.glif","Z_.glif":"Z_.glif","_notdef.glif":"_notdef.glif","_null.glif":"_null.glif","a.glif":"a.glif","ampersand.glif":"ampersand.glif","asciicircum.glif":"asciicircum.glif","asciitilde.glif":"asciitilde.glif","asterisk.glif":"asterisk.glif","at.glif":"at.glif","b.glif":"b.glif","backslash.glif":"backslash.glif","bar.glif":"bar.glif","braceleft.glif":"braceleft.glif","braceright.glif":"braceright.glif","bracketleft.glif":"bracketleft.glif","bracketright.glif":"bracketright.glif","c.glif":"c.glif","colon.glif":"colon.glif","comma.glif":"comma.glif","contents.plist":"contents.plist","d.glif":"d.glif","dollar.glif":"dollar.glif","e.glif":"e.glif","eight.glif":"eight.glif","equal.glif":"equal.glif","exclam.glif":"exclam.glif","f.glif":"f.glif","five.glif":"five.glif","four.glif":"four.glif","g.glif":"g.glif","grave.glif":"grave.glif","greater.glif":"greater.glif","h.glif":"h.glif","hyphen.glif":"hyphen.glif","i.glif":"i.glif","j.glif":"j.glif","k.glif":"k.glif","l.glif":"l.glif","less.glif":"less.glif","m.glif":"m.glif","n.glif":"n.glif","nine.glif":"nine.glif","nonbreakingspace.glif":"nonbreakingspace.glif","nonmarkingreturn.glif":"nonmarkingreturn.glif","numbersign.glif":"numbersign.glif","o.glif":"o.glif","one.glif":"one.glif","p.glif":"p.glif","parenleft.glif":"parenleft.glif","parenright.glif":"parenright.glif","percent.glif":"percent.glif","period.glif":"period.glif","plus.glif":"plus.glif","q.glif":"q.glif","question.glif":"question.glif","quotedbl.glif":"quotedbl.glif","quotesingle.glif":"quotesingle.glif","r.glif":"r.glif","s.glif":"s.glif","semicolon.glif":"semicolon.glif","seven.glif":"seven.glif","six.glif":"six.glif","slash.glif":"slash.glif","space.glif":"space.glif","t.glif":"t.glif","three.glif":"three.glif","two.glif":"two.glif","u.glif":"u.glif","underscore.glif":"underscore.glif","v.glif":"v.glif","w.glif":"w.glif","x.glif":"x.glif","y.glif":"y.glif","z.glif":"z.glif","zero.glif":"zero.glif"}},"Font":{"uploaded":1482859846.6659,"licence":"gpl3","company":"Chronolabs Cooperative","title":"Carr Dingbats 2","version":2.001,"date":"Sun Aug 28 08:34:08 2016","creator":"root","type":"1","matrix":"0.001 0 0 0.001 0 0","named":"CarrDingbats2","painttype":"0","info":"10 dict dup","name":"CarrDingbats2 Regular","family":"CarrDingbats2","weight":"Thin","fstype":"1","italicangle":"0","underlineposition":"","underlinethickness":""},"Table":{"FFTM":{"entryLength":16,"tag":"FFTM","checksum":1947020944,"offset":9636,"length":28},"GDEF":{"entryLength":16,"tag":"GDEF","checksum":9437188,"offset":9604,"length":32},"OS\/2":{"entryLength":16,"tag":"OS\/2","checksum":1425366575,"offset":344,"length":86},"cmap":{"entryLength":16,"tag":"cmap","checksum":2774330855,"offset":824,"length":844},"gasp":{"entryLength":16,"tag":"gasp","checksum":4294901763,"offset":9596,"length":8},"glyf":{"entryLength":16,"tag":"glyf","checksum":3147696273,"offset":1868,"length":6672},"head":{"entryLength":16,"tag":"head","checksum":202862683,"offset":220,"length":54},"hhea":{"entryLength":16,"tag":"hhea","checksum":136905950,"offset":276,"length":36},"hmtx":{"entryLength":16,"tag":"hmtx","checksum":274334586,"offset":432,"length":392},"loca":{"entryLength":16,"tag":"loca","checksum":2161215374,"offset":1668,"length":200},"maxp":{"entryLength":16,"tag":"maxp","checksum":11403438,"offset":312,"length":32},"name":{"entryLength":16,"tag":"name","checksum":1102480490,"offset":8540,"length":822},"post":{"entryLength":16,"tag":"post","checksum":159255026,"offset":9364,"length":232}},"UnicodeCharMap":{"0":1,"13":2,"32":3,"33":4,"34":5,"35":6,"36":7,"37":8,"38":9,"39":96,"40":10,"41":11,"42":12,"43":13,"44":14,"45":15,"46":16,"47":17,"48":18,"49":19,"50":20,"51":21,"52":22,"53":23,"54":24,"55":25,"56":26,"57":27,"58":28,"59":29,"60":30,"61":31,"62":32,"63":33,"64":34,"65":35,"66":36,"67":37,"68":38,"69":39,"70":40,"71":41,"72":42,"73":43,"74":44,"75":45,"76":46,"77":47,"78":48,"79":49,"80":50,"81":51,"82":52,"83":53,"84":54,"85":55,"86":56,"87":57,"88":58,"89":59,"90":60,"91":61,"92":62,"93":63,"94":64,"95":65,"96":97,"97":66,"98":67,"99":68,"100":69,"101":70,"102":71,"103":72,"104":73,"105":74,"106":75,"107":76,"108":77,"109":78,"110":79,"111":80,"112":81,"113":82,"114":83,"115":84,"116":85,"117":86,"118":87,"119":88,"120":89,"121":90,"122":91,"123":92,"124":93,"125":94,"126":95,"160":98},"Reserves":null,"Names":[],"Nodes":{"ca":{"type":"typal","node":"ca","usage":1,"weight":1},"rr":{"type":"typal","node":"rr","usage":1,"weight":1},"di":{"type":"typal","node":"di","usage":1,"weight":1},"ts":{"type":"typal","node":"ts","usage":1,"weight":1},"car":{"type":"typal","node":"car","usage":1,"weight":1},"arr":{"type":"typal","node":"arr","usage":1,"weight":1},"din":{"type":"typal","node":"din","usage":1,"weight":1},"ats":{"type":"typal","node":"ats","usage":1,"weight":1},"ding":{"type":"keys","node":"ding","usage":1,"weight":1},"bats":{"type":"keys","node":"bats","usage":1,"weight":1},"dingb":{"type":"keys","node":"dingb","usage":1,"weight":1},"gbats":{"type":"keys","node":"gbats","usage":1,"weight":1},"carr":{"type":"fixes","node":"carr","usage":1,"weight":1},"dingbats":{"type":"fixes","node":"dingbats","usage":1,"weight":1},"2":{"type":"fixes","node":2,"usage":1,"weight":1}},"Contributors":[],"FontIdentity":"65e8d52cde7917538277838bde8591f1","Bytes":1146395,"Networking":[],"barcode":"qkckamwcksc4k","referee":"ama5imyk"}