{"CSS":{"Ekttor Mixed":"wagovau:7da249293513e95e6bff6cd8.css"},"FontType":"TrueType","FontCopyright":"Copr. Fabian Rottke, 1995. Published by FontShop International. FontFont release 13","FontName":"Ekttor","FontSubfamily":"Mixed","FontSubfamilyID":"FontForge 2.0 : Ekttor Mixed : 12-8-2016","FontFullName":"Ekttor Mixed","FontVersion":"Version 001.000 ","FontWeight":null,"FontPostscriptName":"Ekttor-Mixed","Files":{"\/Ekttor Mixed.css":"\/Ekttor Mixed.css","\/ekttor-mixed.afm":"\/ekttor-mixed.afm","\/ekttor-mixed.cef":"\/ekttor-mixed.cef","\/ekttor-mixed.cff":"\/ekttor-mixed.cff","\/ekttor-mixed.eot":"\/ekttor-mixed.eot","\/ekttor-mixed.gai":"\/ekttor-mixed.gai","\/ekttor-mixed.gsf":"\/ekttor-mixed.gsf","\/ekttor-mixed.otf":"\/ekttor-mixed.otf","\/ekttor-mixed.pf3":"\/ekttor-mixed.pf3","\/ekttor-mixed.pfa":"\/ekttor-mixed.pfa","\/ekttor-mixed.pfb":"\/ekttor-mixed.pfb","\/ekttor-mixed.php":"\/ekttor-mixed.php","\/ekttor-mixed.pt3":"\/ekttor-mixed.pt3","\/ekttor-mixed.sfd":"\/ekttor-mixed.sfd","\/ekttor-mixed.svg":"\/ekttor-mixed.svg","\/ekttor-mixed.t42":"\/ekttor-mixed.t42","\/ekttor-mixed.ttd":"\/ekttor-mixed.ttd","\/ekttor-mixed.ttf":"\/ekttor-mixed.ttf","\/ekttor-mixed.ttg":"\/ekttor-mixed.ttg","\/ekttor-mixed.ufm":"\/ekttor-mixed.ufm","\/ekttor-mixed.woff":"\/ekttor-mixed.woff","\/ekttor-mixed.z":"\/ekttor-mixed.z","\/font-resource.json":"\/font-resource.json","\/ekttor-mixed.ufo\/feature.fea":"\/ekttor-mixed.ufo\/feature.fea","\/ekttor-mixed.ufo\/fontinfo.plist":"\/ekttor-mixed.ufo\/fontinfo.plist","\/ekttor-mixed.ufo\/groups.plist":"\/ekttor-mixed.ufo\/groups.plist","\/ekttor-mixed.ufo\/kerning.plist":"\/ekttor-mixed.ufo\/kerning.plist","\/ekttor-mixed.ufo\/metainfo.plist":"\/ekttor-mixed.ufo\/metainfo.plist","\/ekttor-mixed.ufo\/glyphs\/A_.glif":"\/ekttor-mixed.ufo\/glyphs\/A_.glif","\/ekttor-mixed.ufo\/glyphs\/A_E_.glif":"\/ekttor-mixed.ufo\/glyphs\/A_E_.glif","\/ekttor-mixed.ufo\/glyphs\/A_acute.glif":"\/ekttor-mixed.ufo\/glyphs\/A_acute.glif","\/ekttor-mixed.ufo\/glyphs\/A_circumflex.glif":"\/ekttor-mixed.ufo\/glyphs\/A_circumflex.glif","\/ekttor-mixed.ufo\/glyphs\/A_dieresis.glif":"\/ekttor-mixed.ufo\/glyphs\/A_dieresis.glif","\/ekttor-mixed.ufo\/glyphs\/A_grave.glif":"\/ekttor-mixed.ufo\/glyphs\/A_grave.glif","\/ekttor-mixed.ufo\/glyphs\/A_ring.glif":"\/ekttor-mixed.ufo\/glyphs\/A_ring.glif","\/ekttor-mixed.ufo\/glyphs\/A_tilde.glif":"\/ekttor-mixed.ufo\/glyphs\/A_tilde.glif","\/ekttor-mixed.ufo\/glyphs\/B_.glif":"\/ekttor-mixed.ufo\/glyphs\/B_.glif","\/ekttor-mixed.ufo\/glyphs\/C_.glif":"\/ekttor-mixed.ufo\/glyphs\/C_.glif","\/ekttor-mixed.ufo\/glyphs\/C_cedilla.glif":"\/ekttor-mixed.ufo\/glyphs\/C_cedilla.glif","\/ekttor-mixed.ufo\/glyphs\/D_.glif":"\/ekttor-mixed.ufo\/glyphs\/D_.glif","\/ekttor-mixed.ufo\/glyphs\/E_.glif":"\/ekttor-mixed.ufo\/glyphs\/E_.glif","\/ekttor-mixed.ufo\/glyphs\/E_acute.glif":"\/ekttor-mixed.ufo\/glyphs\/E_acute.glif","\/ekttor-mixed.ufo\/glyphs\/E_circumflex.glif":"\/ekttor-mixed.ufo\/glyphs\/E_circumflex.glif","\/ekttor-mixed.ufo\/glyphs\/E_dieresis.glif":"\/ekttor-mixed.ufo\/glyphs\/E_dieresis.glif","\/ekttor-mixed.ufo\/glyphs\/E_grave.glif":"\/ekttor-mixed.ufo\/glyphs\/E_grave.glif","\/ekttor-mixed.ufo\/glyphs\/F_.glif":"\/ekttor-mixed.ufo\/glyphs\/F_.glif","\/ekttor-mixed.ufo\/glyphs\/G_.glif":"\/ekttor-mixed.ufo\/glyphs\/G_.glif","\/ekttor-mixed.ufo\/glyphs\/H_.glif":"\/ekttor-mixed.ufo\/glyphs\/H_.glif","\/ekttor-mixed.ufo\/glyphs\/I_.glif":"\/ekttor-mixed.ufo\/glyphs\/I_.glif","\/ekttor-mixed.ufo\/glyphs\/I_acute.glif":"\/ekttor-mixed.ufo\/glyphs\/I_acute.glif","\/ekttor-mixed.ufo\/glyphs\/I_circumflex.glif":"\/ekttor-mixed.ufo\/glyphs\/I_circumflex.glif","\/ekttor-mixed.ufo\/glyphs\/I_dieresis.glif":"\/ekttor-mixed.ufo\/glyphs\/I_dieresis.glif","\/ekttor-mixed.ufo\/glyphs\/I_grave.glif":"\/ekttor-mixed.ufo\/glyphs\/I_grave.glif","\/ekttor-mixed.ufo\/glyphs\/J_.glif":"\/ekttor-mixed.ufo\/glyphs\/J_.glif","\/ekttor-mixed.ufo\/glyphs\/K_.glif":"\/ekttor-mixed.ufo\/glyphs\/K_.glif","\/ekttor-mixed.ufo\/glyphs\/L_.glif":"\/ekttor-mixed.ufo\/glyphs\/L_.glif","\/ekttor-mixed.ufo\/glyphs\/M_.glif":"\/ekttor-mixed.ufo\/glyphs\/M_.glif","\/ekttor-mixed.ufo\/glyphs\/N_.glif":"\/ekttor-mixed.ufo\/glyphs\/N_.glif","\/ekttor-mixed.ufo\/glyphs\/N_tilde.glif":"\/ekttor-mixed.ufo\/glyphs\/N_tilde.glif","\/ekttor-mixed.ufo\/glyphs\/O_.glif":"\/ekttor-mixed.ufo\/glyphs\/O_.glif","\/ekttor-mixed.ufo\/glyphs\/O_E_.glif":"\/ekttor-mixed.ufo\/glyphs\/O_E_.glif","\/ekttor-mixed.ufo\/glyphs\/O_acute.glif":"\/ekttor-mixed.ufo\/glyphs\/O_acute.glif","\/ekttor-mixed.ufo\/glyphs\/O_circumflex.glif":"\/ekttor-mixed.ufo\/glyphs\/O_circumflex.glif","\/ekttor-mixed.ufo\/glyphs\/O_dieresis.glif":"\/ekttor-mixed.ufo\/glyphs\/O_dieresis.glif","\/ekttor-mixed.ufo\/glyphs\/O_grave.glif":"\/ekttor-mixed.ufo\/glyphs\/O_grave.glif","\/ekttor-mixed.ufo\/glyphs\/O_slash.glif":"\/ekttor-mixed.ufo\/glyphs\/O_slash.glif","\/ekttor-mixed.ufo\/glyphs\/O_tilde.glif":"\/ekttor-mixed.ufo\/glyphs\/O_tilde.glif","\/ekttor-mixed.ufo\/glyphs\/P_.glif":"\/ekttor-mixed.ufo\/glyphs\/P_.glif","\/ekttor-mixed.ufo\/glyphs\/Q_.glif":"\/ekttor-mixed.ufo\/glyphs\/Q_.glif","\/ekttor-mixed.ufo\/glyphs\/R_.glif":"\/ekttor-mixed.ufo\/glyphs\/R_.glif","\/ekttor-mixed.ufo\/glyphs\/S_.glif":"\/ekttor-mixed.ufo\/glyphs\/S_.glif","\/ekttor-mixed.ufo\/glyphs\/T_.glif":"\/ekttor-mixed.ufo\/glyphs\/T_.glif","\/ekttor-mixed.ufo\/glyphs\/U_.glif":"\/ekttor-mixed.ufo\/glyphs\/U_.glif","\/ekttor-mixed.ufo\/glyphs\/U_acute.glif":"\/ekttor-mixed.ufo\/glyphs\/U_acute.glif","\/ekttor-mixed.ufo\/glyphs\/U_circumflex.glif":"\/ekttor-mixed.ufo\/glyphs\/U_circumflex.glif","\/ekttor-mixed.ufo\/glyphs\/U_dieresis.glif":"\/ekttor-mixed.ufo\/glyphs\/U_dieresis.glif","\/ekttor-mixed.ufo\/glyphs\/U_grave.glif":"\/ekttor-mixed.ufo\/glyphs\/U_grave.glif","\/ekttor-mixed.ufo\/glyphs\/V_.glif":"\/ekttor-mixed.ufo\/glyphs\/V_.glif","\/ekttor-mixed.ufo\/glyphs\/W_.glif":"\/ekttor-mixed.ufo\/glyphs\/W_.glif","\/ekttor-mixed.ufo\/glyphs\/X_.glif":"\/ekttor-mixed.ufo\/glyphs\/X_.glif","\/ekttor-mixed.ufo\/glyphs\/Y_.glif":"\/ekttor-mixed.ufo\/glyphs\/Y_.glif","\/ekttor-mixed.ufo\/glyphs\/Y_dieresis.glif":"\/ekttor-mixed.ufo\/glyphs\/Y_dieresis.glif","\/ekttor-mixed.ufo\/glyphs\/Z_.glif":"\/ekttor-mixed.ufo\/glyphs\/Z_.glif","\/ekttor-mixed.ufo\/glyphs\/a.glif":"\/ekttor-mixed.ufo\/glyphs\/a.glif","\/ekttor-mixed.ufo\/glyphs\/aacute.glif":"\/ekttor-mixed.ufo\/glyphs\/aacute.glif","\/ekttor-mixed.ufo\/glyphs\/acircumflex.glif":"\/ekttor-mixed.ufo\/glyphs\/acircumflex.glif","\/ekttor-mixed.ufo\/glyphs\/acute.glif":"\/ekttor-mixed.ufo\/glyphs\/acute.glif","\/ekttor-mixed.ufo\/glyphs\/adieresis.glif":"\/ekttor-mixed.ufo\/glyphs\/adieresis.glif","\/ekttor-mixed.ufo\/glyphs\/ae.glif":"\/ekttor-mixed.ufo\/glyphs\/ae.glif","\/ekttor-mixed.ufo\/glyphs\/agrave.glif":"\/ekttor-mixed.ufo\/glyphs\/agrave.glif","\/ekttor-mixed.ufo\/glyphs\/ampersand.glif":"\/ekttor-mixed.ufo\/glyphs\/ampersand.glif","\/ekttor-mixed.ufo\/glyphs\/aring.glif":"\/ekttor-mixed.ufo\/glyphs\/aring.glif","\/ekttor-mixed.ufo\/glyphs\/atilde.glif":"\/ekttor-mixed.ufo\/glyphs\/atilde.glif","\/ekttor-mixed.ufo\/glyphs\/b.glif":"\/ekttor-mixed.ufo\/glyphs\/b.glif","\/ekttor-mixed.ufo\/glyphs\/bracketleft.glif":"\/ekttor-mixed.ufo\/glyphs\/bracketleft.glif","\/ekttor-mixed.ufo\/glyphs\/bracketright.glif":"\/ekttor-mixed.ufo\/glyphs\/bracketright.glif","\/ekttor-mixed.ufo\/glyphs\/c.glif":"\/ekttor-mixed.ufo\/glyphs\/c.glif","\/ekttor-mixed.ufo\/glyphs\/caron.glif":"\/ekttor-mixed.ufo\/glyphs\/caron.glif","\/ekttor-mixed.ufo\/glyphs\/ccedilla.glif":"\/ekttor-mixed.ufo\/glyphs\/ccedilla.glif","\/ekttor-mixed.ufo\/glyphs\/circumflex.glif":"\/ekttor-mixed.ufo\/glyphs\/circumflex.glif","\/ekttor-mixed.ufo\/glyphs\/colon.glif":"\/ekttor-mixed.ufo\/glyphs\/colon.glif","\/ekttor-mixed.ufo\/glyphs\/comma.glif":"\/ekttor-mixed.ufo\/glyphs\/comma.glif","\/ekttor-mixed.ufo\/glyphs\/contents.plist":"\/ekttor-mixed.ufo\/glyphs\/contents.plist","\/ekttor-mixed.ufo\/glyphs\/d.glif":"\/ekttor-mixed.ufo\/glyphs\/d.glif","\/ekttor-mixed.ufo\/glyphs\/dollar.glif":"\/ekttor-mixed.ufo\/glyphs\/dollar.glif","\/ekttor-mixed.ufo\/glyphs\/e.glif":"\/ekttor-mixed.ufo\/glyphs\/e.glif","\/ekttor-mixed.ufo\/glyphs\/eacute.glif":"\/ekttor-mixed.ufo\/glyphs\/eacute.glif","\/ekttor-mixed.ufo\/glyphs\/ecircumflex.glif":"\/ekttor-mixed.ufo\/glyphs\/ecircumflex.glif","\/ekttor-mixed.ufo\/glyphs\/edieresis.glif":"\/ekttor-mixed.ufo\/glyphs\/edieresis.glif","\/ekttor-mixed.ufo\/glyphs\/egrave.glif":"\/ekttor-mixed.ufo\/glyphs\/egrave.glif","\/ekttor-mixed.ufo\/glyphs\/eight.glif":"\/ekttor-mixed.ufo\/glyphs\/eight.glif","\/ekttor-mixed.ufo\/glyphs\/exclam.glif":"\/ekttor-mixed.ufo\/glyphs\/exclam.glif","\/ekttor-mixed.ufo\/glyphs\/exclamdown.glif":"\/ekttor-mixed.ufo\/glyphs\/exclamdown.glif","\/ekttor-mixed.ufo\/glyphs\/f.glif":"\/ekttor-mixed.ufo\/glyphs\/f.glif","\/ekttor-mixed.ufo\/glyphs\/five.glif":"\/ekttor-mixed.ufo\/glyphs\/five.glif","\/ekttor-mixed.ufo\/glyphs\/four.glif":"\/ekttor-mixed.ufo\/glyphs\/four.glif","\/ekttor-mixed.ufo\/glyphs\/g.glif":"\/ekttor-mixed.ufo\/glyphs\/g.glif","\/ekttor-mixed.ufo\/glyphs\/h.glif":"\/ekttor-mixed.ufo\/glyphs\/h.glif","\/ekttor-mixed.ufo\/glyphs\/hyphen.glif":"\/ekttor-mixed.ufo\/glyphs\/hyphen.glif","\/ekttor-mixed.ufo\/glyphs\/i.glif":"\/ekttor-mixed.ufo\/glyphs\/i.glif","\/ekttor-mixed.ufo\/glyphs\/iacute.glif":"\/ekttor-mixed.ufo\/glyphs\/iacute.glif","\/ekttor-mixed.ufo\/glyphs\/icircumflex.glif":"\/ekttor-mixed.ufo\/glyphs\/icircumflex.glif","\/ekttor-mixed.ufo\/glyphs\/idieresis.glif":"\/ekttor-mixed.ufo\/glyphs\/idieresis.glif","\/ekttor-mixed.ufo\/glyphs\/igrave.glif":"\/ekttor-mixed.ufo\/glyphs\/igrave.glif","\/ekttor-mixed.ufo\/glyphs\/j.glif":"\/ekttor-mixed.ufo\/glyphs\/j.glif","\/ekttor-mixed.ufo\/glyphs\/k.glif":"\/ekttor-mixed.ufo\/glyphs\/k.glif","\/ekttor-mixed.ufo\/glyphs\/l.glif":"\/ekttor-mixed.ufo\/glyphs\/l.glif","\/ekttor-mixed.ufo\/glyphs\/m.glif":"\/ekttor-mixed.ufo\/glyphs\/m.glif","\/ekttor-mixed.ufo\/glyphs\/n.glif":"\/ekttor-mixed.ufo\/glyphs\/n.glif","\/ekttor-mixed.ufo\/glyphs\/nbspace.glif":"\/ekttor-mixed.ufo\/glyphs\/nbspace.glif","\/ekttor-mixed.ufo\/glyphs\/nine.glif":"\/ekttor-mixed.ufo\/glyphs\/nine.glif","\/ekttor-mixed.ufo\/glyphs\/ntilde.glif":"\/ekttor-mixed.ufo\/glyphs\/ntilde.glif","\/ekttor-mixed.ufo\/glyphs\/o.glif":"\/ekttor-mixed.ufo\/glyphs\/o.glif","\/ekttor-mixed.ufo\/glyphs\/oacute.glif":"\/ekttor-mixed.ufo\/glyphs\/oacute.glif","\/ekttor-mixed.ufo\/glyphs\/ocircumflex.glif":"\/ekttor-mixed.ufo\/glyphs\/ocircumflex.glif","\/ekttor-mixed.ufo\/glyphs\/odieresis.glif":"\/ekttor-mixed.ufo\/glyphs\/odieresis.glif","\/ekttor-mixed.ufo\/glyphs\/oe.glif":"\/ekttor-mixed.ufo\/glyphs\/oe.glif","\/ekttor-mixed.ufo\/glyphs\/ograve.glif":"\/ekttor-mixed.ufo\/glyphs\/ograve.glif","\/ekttor-mixed.ufo\/glyphs\/one.glif":"\/ekttor-mixed.ufo\/glyphs\/one.glif","\/ekttor-mixed.ufo\/glyphs\/oslash.glif":"\/ekttor-mixed.ufo\/glyphs\/oslash.glif","\/ekttor-mixed.ufo\/glyphs\/otilde.glif":"\/ekttor-mixed.ufo\/glyphs\/otilde.glif","\/ekttor-mixed.ufo\/glyphs\/p.glif":"\/ekttor-mixed.ufo\/glyphs\/p.glif","\/ekttor-mixed.ufo\/glyphs\/paragraph.glif":"\/ekttor-mixed.ufo\/glyphs\/paragraph.glif","\/ekttor-mixed.ufo\/glyphs\/parenleft.glif":"\/ekttor-mixed.ufo\/glyphs\/parenleft.glif","\/ekttor-mixed.ufo\/glyphs\/parenright.glif":"\/ekttor-mixed.ufo\/glyphs\/parenright.glif","\/ekttor-mixed.ufo\/glyphs\/percent.glif":"\/ekttor-mixed.ufo\/glyphs\/percent.glif","\/ekttor-mixed.ufo\/glyphs\/period.glif":"\/ekttor-mixed.ufo\/glyphs\/period.glif","\/ekttor-mixed.ufo\/glyphs\/q.glif":"\/ekttor-mixed.ufo\/glyphs\/q.glif","\/ekttor-mixed.ufo\/glyphs\/question.glif":"\/ekttor-mixed.ufo\/glyphs\/question.glif","\/ekttor-mixed.ufo\/glyphs\/questiondown.glif":"\/ekttor-mixed.ufo\/glyphs\/questiondown.glif","\/ekttor-mixed.ufo\/glyphs\/quotedbl.glif":"\/ekttor-mixed.ufo\/glyphs\/quotedbl.glif","\/ekttor-mixed.ufo\/glyphs\/quotedblbase.glif":"\/ekttor-mixed.ufo\/glyphs\/quotedblbase.glif","\/ekttor-mixed.ufo\/glyphs\/quotedblleft.glif":"\/ekttor-mixed.ufo\/glyphs\/quotedblleft.glif","\/ekttor-mixed.ufo\/glyphs\/quotedblright.glif":"\/ekttor-mixed.ufo\/glyphs\/quotedblright.glif","\/ekttor-mixed.ufo\/glyphs\/quoteleft.glif":"\/ekttor-mixed.ufo\/glyphs\/quoteleft.glif","\/ekttor-mixed.ufo\/glyphs\/quoteright.glif":"\/ekttor-mixed.ufo\/glyphs\/quoteright.glif","\/ekttor-mixed.ufo\/glyphs\/quotesinglbase.glif":"\/ekttor-mixed.ufo\/glyphs\/quotesinglbase.glif","\/ekttor-mixed.ufo\/glyphs\/quotesingle.glif":"\/ekttor-mixed.ufo\/glyphs\/quotesingle.glif","\/ekttor-mixed.ufo\/glyphs\/r.glif":"\/ekttor-mixed.ufo\/glyphs\/r.glif","\/ekttor-mixed.ufo\/glyphs\/ring.glif":"\/ekttor-mixed.ufo\/glyphs\/ring.glif","\/ekttor-mixed.ufo\/glyphs\/s.glif":"\/ekttor-mixed.ufo\/glyphs\/s.glif","\/ekttor-mixed.ufo\/glyphs\/semicolon.glif":"\/ekttor-mixed.ufo\/glyphs\/semicolon.glif","\/ekttor-mixed.ufo\/glyphs\/seven.glif":"\/ekttor-mixed.ufo\/glyphs\/seven.glif","\/ekttor-mixed.ufo\/glyphs\/six.glif":"\/ekttor-mixed.ufo\/glyphs\/six.glif","\/ekttor-mixed.ufo\/glyphs\/slash.glif":"\/ekttor-mixed.ufo\/glyphs\/slash.glif","\/ekttor-mixed.ufo\/glyphs\/space.glif":"\/ekttor-mixed.ufo\/glyphs\/space.glif","\/ekttor-mixed.ufo\/glyphs\/sterling.glif":"\/ekttor-mixed.ufo\/glyphs\/sterling.glif","\/ekttor-mixed.ufo\/glyphs\/t.glif":"\/ekttor-mixed.ufo\/glyphs\/t.glif","\/ekttor-mixed.ufo\/glyphs\/three.glif":"\/ekttor-mixed.ufo\/glyphs\/three.glif","\/ekttor-mixed.ufo\/glyphs\/tilde.glif":"\/ekttor-mixed.ufo\/glyphs\/tilde.glif","\/ekttor-mixed.ufo\/glyphs\/two.glif":"\/ekttor-mixed.ufo\/glyphs\/two.glif","\/ekttor-mixed.ufo\/glyphs\/u.glif":"\/ekttor-mixed.ufo\/glyphs\/u.glif","\/ekttor-mixed.ufo\/glyphs\/uacute.glif":"\/ekttor-mixed.ufo\/glyphs\/uacute.glif","\/ekttor-mixed.ufo\/glyphs\/ucircumflex.glif":"\/ekttor-mixed.ufo\/glyphs\/ucircumflex.glif","\/ekttor-mixed.ufo\/glyphs\/udieresis.glif":"\/ekttor-mixed.ufo\/glyphs\/udieresis.glif","\/ekttor-mixed.ufo\/glyphs\/ugrave.glif":"\/ekttor-mixed.ufo\/glyphs\/ugrave.glif","\/ekttor-mixed.ufo\/glyphs\/v.glif":"\/ekttor-mixed.ufo\/glyphs\/v.glif","\/ekttor-mixed.ufo\/glyphs\/w.glif":"\/ekttor-mixed.ufo\/glyphs\/w.glif","\/ekttor-mixed.ufo\/glyphs\/x.glif":"\/ekttor-mixed.ufo\/glyphs\/x.glif","\/ekttor-mixed.ufo\/glyphs\/y.glif":"\/ekttor-mixed.ufo\/glyphs\/y.glif","\/ekttor-mixed.ufo\/glyphs\/ydieresis.glif":"\/ekttor-mixed.ufo\/glyphs\/ydieresis.glif","\/ekttor-mixed.ufo\/glyphs\/yen.glif":"\/ekttor-mixed.ufo\/glyphs\/yen.glif","\/ekttor-mixed.ufo\/glyphs\/z.glif":"\/ekttor-mixed.ufo\/glyphs\/z.glif","\/ekttor-mixed.ufo\/glyphs\/zero.glif":"\/ekttor-mixed.ufo\/glyphs\/zero.glif"},"Font":{"uploaded":1471124075.9396,"licence":"gpl3","company":"Chronolabs Cooperative","title":"Ekttor Mixed","version":3.002,"date":"Fri Aug 12 15:33:58 2016","creator":"root","type":"1","matrix":"0.001 0 0 0.001 0 0","named":"Ekttor-Mixed","painttype":"0","info":"10 dict dup","name":"Ekttor Mixed","family":"Ekttor","weight":"Medium","fstype":"0","italicangle":"0","underlineposition":"","underlinethickness":""},"Licences":{"":false},"Table":{"FFTM":{"entryLength":16,"tag":"FFTM","checksum":1944407324,"offset":148448,"length":28},"GDEF":{"entryLength":16,"tag":"GDEF","checksum":13303814,"offset":148416,"length":32},"OS\/2":{"entryLength":16,"tag":"OS\/2","checksum":1465254380,"offset":344,"length":86},"cmap":{"entryLength":16,"tag":"cmap","checksum":1144821264,"offset":1064,"length":538},"gasp":{"entryLength":16,"tag":"gasp","checksum":4294901763,"offset":148408,"length":8},"glyf":{"entryLength":16,"tag":"glyf","checksum":987493081,"offset":2240,"length":145088},"head":{"entryLength":16,"tag":"head","checksum":182931972,"offset":220,"length":54},"hhea":{"entryLength":16,"tag":"hhea","checksum":144966575,"offset":276,"length":36},"hmtx":{"entryLength":16,"tag":"hmtx","checksum":2280721838,"offset":432,"length":632},"loca":{"entryLength":16,"tag":"loca","checksum":10874588,"offset":1604,"length":636},"maxp":{"entryLength":16,"tag":"maxp","checksum":15139801,"offset":312,"length":32},"name":{"entryLength":16,"tag":"name","checksum":2504568342,"offset":147328,"length":717},"post":{"entryLength":16,"tag":"post","checksum":3845232155,"offset":148048,"length":358}},"UnicodeCharMap":{"32":3,"33":4,"34":5,"36":6,"37":7,"38":8,"39":9,"40":10,"41":11,"44":12,"45":13,"46":14,"47":15,"48":16,"49":17,"50":18,"51":19,"52":20,"53":21,"54":22,"55":23,"56":24,"57":25,"58":26,"59":27,"63":28,"65":29,"66":30,"67":31,"68":32,"69":33,"70":34,"71":35,"72":36,"73":37,"74":38,"75":39,"76":40,"77":41,"78":42,"79":43,"80":44,"81":45,"82":46,"83":47,"84":48,"85":49,"86":50,"87":51,"88":52,"89":53,"90":54,"91":55,"93":56,"97":57,"98":58,"99":59,"100":60,"101":61,"102":62,"103":63,"104":64,"105":65,"106":66,"107":67,"108":68,"109":69,"110":70,"111":71,"112":72,"113":73,"114":74,"115":75,"116":76,"117":77,"118":78,"119":79,"120":80,"121":81,"122":82,"160":83,"161":84,"163":85,"165":86,"180":87,"182":88,"191":89,"192":90,"193":91,"194":92,"195":93,"196":94,"197":95,"198":96,"199":97,"200":98,"201":99,"202":100,"203":101,"204":102,"205":103,"206":104,"207":105,"209":106,"210":107,"211":108,"212":109,"213":110,"214":111,"216":112,"217":113,"218":114,"219":115,"220":116,"224":117,"225":118,"226":119,"227":120,"228":121,"229":122,"230":123,"231":124,"232":125,"233":126,"234":127,"235":128,"236":129,"237":130,"238":131,"239":132,"241":133,"242":134,"243":135,"244":136,"245":137,"246":138,"248":139,"249":140,"250":141,"251":142,"252":143,"255":144,"338":155,"339":156,"376":157,"710":151,"711":154,"730":153,"732":152,"8216":146,"8217":145,"8218":148,"8220":147,"8221":150,"8222":149},"Reserves":{"fontname":"Ekttor Mixed"},"Names":{"Ekttor Mixed":{"name":"Ekttor Mixed","longitude":"0.00000001","latitude":"0.00000001","country":"","region":"","city":""}},"Nodes":{"ek":{"type":"typal","node":"ek","usage":1,"weight":1},"or":{"type":"typal","node":"or","usage":1,"weight":1},"mi":{"type":"typal","node":"mi","usage":1,"weight":1},"ed":{"type":"typal","node":"ed","usage":1,"weight":1},"ekt":{"type":"typal","node":"ekt","usage":1,"weight":1},"tor":{"type":"typal","node":"tor","usage":1,"weight":1},"mix":{"type":"typal","node":"mix","usage":1,"weight":1},"xed":{"type":"typal","node":"xed","usage":1,"weight":1},"ektt":{"type":"keys","node":"ektt","usage":1,"weight":1},"ttor":{"type":"keys","node":"ttor","usage":1,"weight":1},"mixe":{"type":"keys","node":"mixe","usage":1,"weight":1},"ixed":{"type":"keys","node":"ixed","usage":1,"weight":1},"ektto":{"type":"keys","node":"ektto","usage":1,"weight":1},"kttor":{"type":"keys","node":"kttor","usage":1,"weight":1},"ekttor":{"type":"fixes","node":"ekttor","usage":1,"weight":1},"mixed":{"type":"fixes","node":"mixed","usage":1,"weight":1}},"Contributors":[],"FontIdentity":"wagovau:7da249293513e95e6bff6cd8","Bytes":null,"Networking":[],"barcode":"yoywiy8gegwqw","referee":"COuGyO"}