{"CSS":{"Pompeijana LT Std Borders":"Pompeijana+LT+Std+Borders.css"},"FontType":"TrueType","FontCopyright":"Copyright 1993, 2001, 2002 Adobe Systems Incorporated. All rights reserved. Pompeijana is a trademark of Linotype GmbH and may be registered in certain jurisdictions.","FontName":"Pompeijana LT Std","FontSubfamily":"Borders","FontSubfamilyID":"FontForge 2.0 : Pompeijana LT Std Borders : 25-11-2016","FontFullName":"Pompeijana LT Std Borders","FontVersion":"Version 002.000 ","FontWeight":null,"FontPostscriptName":"PompeijanaLTStd-Borders","Files":{"pompeijanaltstd-borders.afm":"pompeijanaltstd-borders.afm","pompeijanaltstd-borders.bin":"pompeijanaltstd-borders.bin","pompeijanaltstd-borders.cef":"pompeijanaltstd-borders.cef","pompeijanaltstd-borders.cff":"pompeijanaltstd-borders.cff","pompeijanaltstd-borders.cid":"pompeijanaltstd-borders.cid","pompeijanaltstd-borders.dfont":"pompeijanaltstd-borders.dfont","pompeijanaltstd-borders.eot":"pompeijanaltstd-borders.eot","pompeijanaltstd-borders.fon":"pompeijanaltstd-borders.fon","pompeijanaltstd-borders.gai":"pompeijanaltstd-borders.gai","pompeijanaltstd-borders.gsf":"pompeijanaltstd-borders.gsf","pompeijanaltstd-borders.hqx":"pompeijanaltstd-borders.hqx","pompeijanaltstd-borders.ik":"pompeijanaltstd-borders.ik","pompeijanaltstd-borders.mf":"pompeijanaltstd-borders.mf","pompeijanaltstd-borders.otf":"pompeijanaltstd-borders.otf","pompeijanaltstd-borders.pcf":"pompeijanaltstd-borders.pcf","pompeijanaltstd-borders.pf3":"pompeijanaltstd-borders.pf3","pompeijanaltstd-borders.pfa":"pompeijanaltstd-borders.pfa","pompeijanaltstd-borders.pfb":"pompeijanaltstd-borders.pfb","pompeijanaltstd-borders.php":"pompeijanaltstd-borders.php","pompeijanaltstd-borders.pmf":"pompeijanaltstd-borders.pmf","pompeijanaltstd-borders.pt3":"pompeijanaltstd-borders.pt3","pompeijanaltstd-borders.sfd":"pompeijanaltstd-borders.sfd","pompeijanaltstd-borders.svg":"pompeijanaltstd-borders.svg","pompeijanaltstd-borders.t42":"pompeijanaltstd-borders.t42","pompeijanaltstd-borders.ttd":"pompeijanaltstd-borders.ttd","pompeijanaltstd-borders.ttf":"pompeijanaltstd-borders.ttf","pompeijanaltstd-borders.ttg":"pompeijanaltstd-borders.ttg","pompeijanaltstd-borders.ufm":"pompeijanaltstd-borders.ufm","pompeijanaltstd-borders.woff":"pompeijanaltstd-borders.woff","pompeijanaltstd-borders.z":"pompeijanaltstd-borders.z","":{"pompeijanaltstd-borders.afm":"pompeijanaltstd-borders.afm","pompeijanaltstd-borders.bin":"pompeijanaltstd-borders.bin","pompeijanaltstd-borders.cef":"pompeijanaltstd-borders.cef","pompeijanaltstd-borders.cff":"pompeijanaltstd-borders.cff","pompeijanaltstd-borders.cid":"pompeijanaltstd-borders.cid","pompeijanaltstd-borders.dfont":"pompeijanaltstd-borders.dfont","pompeijanaltstd-borders.eot":"pompeijanaltstd-borders.eot","pompeijanaltstd-borders.fon":"pompeijanaltstd-borders.fon","pompeijanaltstd-borders.gai":"pompeijanaltstd-borders.gai","pompeijanaltstd-borders.gsf":"pompeijanaltstd-borders.gsf","pompeijanaltstd-borders.hqx":"pompeijanaltstd-borders.hqx","pompeijanaltstd-borders.ik":"pompeijanaltstd-borders.ik","pompeijanaltstd-borders.mf":"pompeijanaltstd-borders.mf","pompeijanaltstd-borders.otf":"pompeijanaltstd-borders.otf","pompeijanaltstd-borders.pcf":"pompeijanaltstd-borders.pcf","pompeijanaltstd-borders.pf3":"pompeijanaltstd-borders.pf3","pompeijanaltstd-borders.pfa":"pompeijanaltstd-borders.pfa","pompeijanaltstd-borders.pfb":"pompeijanaltstd-borders.pfb","pompeijanaltstd-borders.php":"pompeijanaltstd-borders.php","pompeijanaltstd-borders.pmf":"pompeijanaltstd-borders.pmf","pompeijanaltstd-borders.pt3":"pompeijanaltstd-borders.pt3","pompeijanaltstd-borders.sfd":"pompeijanaltstd-borders.sfd","pompeijanaltstd-borders.svg":"pompeijanaltstd-borders.svg","pompeijanaltstd-borders.t42":"pompeijanaltstd-borders.t42","pompeijanaltstd-borders.ttd":"pompeijanaltstd-borders.ttd","pompeijanaltstd-borders.ttf":"pompeijanaltstd-borders.ttf","pompeijanaltstd-borders.ttg":"pompeijanaltstd-borders.ttg","pompeijanaltstd-borders.ufm":"pompeijanaltstd-borders.ufm","pompeijanaltstd-borders.woff":"pompeijanaltstd-borders.woff","pompeijanaltstd-borders.z":"pompeijanaltstd-borders.z"},"\/pompeijanaltstd-borders.ufo":{"feature.fea":"feature.fea","fontinfo.plist":"fontinfo.plist","groups.plist":"groups.plist","kerning.plist":"kerning.plist","metainfo.plist":"metainfo.plist"},"\/pompeijanaltstd-borders.ufo\/glyphs":{"_notdef.glif":"_notdef.glif","bullet.01.glif":"bullet.01.glif","bullet.02.glif":"bullet.02.glif","bullet.03.glif":"bullet.03.glif","bullet.04.glif":"bullet.04.glif","bullet.05.glif":"bullet.05.glif","bullet.06.glif":"bullet.06.glif","bullet.07.glif":"bullet.07.glif","bullet.08.glif":"bullet.08.glif","bullet.09.glif":"bullet.09.glif","bullet.10.glif":"bullet.10.glif","bullet.11.glif":"bullet.11.glif","bullet.12.glif":"bullet.12.glif","bullet.13.glif":"bullet.13.glif","bullet.14.glif":"bullet.14.glif","bullet.15.glif":"bullet.15.glif","bullet.16.glif":"bullet.16.glif","bullet.17.glif":"bullet.17.glif","bullet.18.glif":"bullet.18.glif","bullet.19.glif":"bullet.19.glif","bullet.20.glif":"bullet.20.glif","bullet.21.glif":"bullet.21.glif","bullet.22.glif":"bullet.22.glif","bullet.23.glif":"bullet.23.glif","bullet.24.glif":"bullet.24.glif","bullet.25.glif":"bullet.25.glif","bullet.26.glif":"bullet.26.glif","bullet.27.glif":"bullet.27.glif","bullet.28.glif":"bullet.28.glif","bullet.29.glif":"bullet.29.glif","bullet.30.glif":"bullet.30.glif","bullet.31.glif":"bullet.31.glif","bullet.32.glif":"bullet.32.glif","bullet.33.glif":"bullet.33.glif","bullet.34.glif":"bullet.34.glif","bullet.35.glif":"bullet.35.glif","bullet.36.glif":"bullet.36.glif","bullet.37.glif":"bullet.37.glif","bullet.38.glif":"bullet.38.glif","bullet.39.glif":"bullet.39.glif","bullet.40.glif":"bullet.40.glif","bullet.41.glif":"bullet.41.glif","bullet.glif":"bullet.glif","contents.plist":"contents.plist","space.glif":"space.glif","uni00A_0.glif":"uni00A_0.glif"}},"Font":{"uploaded":1480023821.0247,"licence":"gpl3","company":"Chronolabs Cooperative","title":"Pompeijana LTStd Borders","version":2.001,"date":"Sun Aug 28 07:52:29 2016","creator":"root","type":"1","matrix":"0.001 0 0 0.001 0 0","named":"PompeijanaLTStd-Borders","painttype":"0","info":"11 dict dup","name":"Pompeijana LT Std Borders","family":"Pompeijana LT Std","weight":"Regular","fstype":"4","italicangle":"0","underlineposition":"","underlinethickness":""},"Table":{"FFTM":{"entryLength":16,"tag":"FFTM","checksum":1947015948,"offset":9504,"length":28},"GDEF":{"entryLength":16,"tag":"GDEF","checksum":6029318,"offset":9472,"length":32},"OS\/2":{"entryLength":16,"tag":"OS\/2","checksum":1495598114,"offset":344,"length":86},"cmap":{"entryLength":16,"tag":"cmap","checksum":81930052,"offset":536,"length":338},"gasp":{"entryLength":16,"tag":"gasp","checksum":4294901763,"offset":9464,"length":8},"glyf":{"entryLength":16,"tag":"glyf","checksum":3508159286,"offset":972,"length":6824},"head":{"entryLength":16,"tag":"head","checksum":197288507,"offset":220,"length":54},"hhea":{"entryLength":16,"tag":"hhea","checksum":157548285,"offset":276,"length":36},"hmtx":{"entryLength":16,"tag":"hmtx","checksum":107805019,"offset":432,"length":102},"loca":{"entryLength":16,"tag":"loca","checksum":2215545544,"offset":876,"length":96},"maxp":{"entryLength":16,"tag":"maxp","checksum":7733352,"offset":312,"length":32},"name":{"entryLength":16,"tag":"name","checksum":2549646637,"offset":7796,"length":1119},"post":{"entryLength":16,"tag":"post","checksum":1313016417,"offset":8916,"length":546}},"UnicodeCharMap":{"32":3,"160":4,"8226":46},"Reserves":null,"Names":[],"Nodes":{"po":{"type":"typal","node":"po","usage":1,"weight":1},"na":{"type":"typal","node":"na","usage":1,"weight":1},"st":{"type":"typal","node":"st","usage":1,"weight":1},"td":{"type":"typal","node":"td","usage":1,"weight":1},"pom":{"type":"typal","node":"pom","usage":1,"weight":1},"ana":{"type":"typal","node":"ana","usage":1,"weight":1},"pomp":{"type":"keys","node":"pomp","usage":1,"weight":1},"jana":{"type":"keys","node":"jana","usage":1,"weight":1},"pompe":{"type":"keys","node":"pompe","usage":1,"weight":1},"ijana":{"type":"keys","node":"ijana","usage":1,"weight":1},"pompeijana":{"type":"fixes","node":"pompeijana","usage":1,"weight":1},"lt":{"type":"fixes","node":"lt","usage":1,"weight":1},"std":{"type":"fixes","node":"std","usage":1,"weight":1}},"Contributors":[],"FontIdentity":"e8dce9b115062ff970c6c448ecab98a7","Bytes":990663,"Networking":[],"barcode":"sm8s9iuwioya","referee":"o6eo-2s"}