{"CSS":{"ArribaPiPlain":"ArribaPiPlain.css"},"FontType":"TrueType","FontCopyright":"COPYRIGHT ESSELTE LETRASET LTD., 1990 ","FontName":"Arriba Pi","FontSubfamily":"Plain","FontSubfamilyID":"FontForge 2.0 : ArribaPiPlain : 12-3-2016","FontFullName":"ArribaPiPlain","FontVersion":"Version 001.000 ","FontWeight":null,"FontPostscriptName":"ArribaPiPlain","Files":null,"Table":{"FFTM":{"entryLength":16,"tag":"FFTM","checksum":1916551788,"offset":14540,"length":28},"GDEF":{"entryLength":16,"tag":"GDEF","checksum":17825798,"offset":14508,"length":32},"OS\/2":{"entryLength":16,"tag":"OS\/2","checksum":1993554592,"offset":344,"length":86},"cmap":{"entryLength":16,"tag":"cmap","checksum":1694513624,"offset":1296,"length":1066},"gasp":{"entryLength":16,"tag":"gasp","checksum":4294901763,"offset":14500,"length":8},"glyf":{"entryLength":16,"tag":"glyf","checksum":119103005,"offset":2820,"length":10580},"head":{"entryLength":16,"tag":"head","checksum":135258100,"offset":220,"length":54},"hhea":{"entryLength":16,"tag":"hhea","checksum":95552427,"offset":276,"length":36},"hmtx":{"entryLength":16,"tag":"hmtx","checksum":1212685107,"offset":432,"length":864},"loca":{"entryLength":16,"tag":"loca","checksum":2789519528,"offset":2364,"length":456},"maxp":{"entryLength":16,"tag":"maxp","checksum":19529779,"offset":312,"length":32},"name":{"entryLength":16,"tag":"name","checksum":2719504947,"offset":13400,"length":600},"post":{"entryLength":16,"tag":"post","checksum":2907717106,"offset":14000,"length":500}},"UnicodeCharMap":{"32":3,"33":4,"34":5,"35":6,"36":7,"37":8,"38":9,"39":106,"40":11,"41":12,"42":13,"43":14,"44":15,"45":16,"46":17,"47":18,"48":19,"49":20,"50":21,"51":22,"52":23,"53":24,"54":25,"55":26,"56":27,"57":28,"58":29,"59":30,"60":31,"61":32,"62":33,"63":34,"64":35,"65":36,"66":37,"67":38,"68":39,"69":40,"70":41,"71":42,"72":43,"73":44,"74":45,"75":46,"76":47,"77":48,"78":49,"79":50,"80":51,"81":52,"82":53,"83":54,"84":55,"85":56,"86":57,"87":58,"88":59,"89":60,"90":61,"91":62,"92":63,"93":64,"94":65,"95":66,"96":126,"97":68,"98":69,"99":70,"100":71,"101":72,"102":73,"103":74,"104":75,"105":76,"106":77,"107":78,"108":79,"109":80,"110":81,"111":82,"112":83,"113":84,"114":85,"115":86,"116":87,"117":88,"118":89,"119":90,"120":91,"121":92,"122":93,"123":94,"124":95,"125":96,"126":97,"160":203,"161":98,"162":99,"163":100,"164":105,"165":102,"167":104,"168":133,"169":185,"170":141,"171":108,"172":199,"174":184,"175":130,"176":183,"177":189,"180":127,"182":117,"183":116,"184":135,"186":144,"187":122,"191":125,"192":204,"193":213,"194":211,"195":205,"196":151,"197":152,"198":140,"199":153,"200":215,"201":154,"202":212,"203":214,"204":219,"205":216,"206":217,"207":218,"209":155,"210":223,"211":220,"212":221,"213":206,"214":156,"216":142,"217":226,"218":224,"219":225,"220":157,"223":149,"224":159,"225":158,"226":160,"227":162,"228":161,"229":163,"230":145,"231":164,"232":166,"233":165,"234":167,"235":168,"236":170,"237":169,"238":171,"239":172,"241":173,"242":175,"243":174,"244":176,"245":178,"246":177,"247":207,"248":147,"249":180,"250":179,"251":181,"252":182,"255":209,"305":146,"338":143,"339":148,"376":210,"402":103,"710":128,"711":138,"728":131,"729":132,"730":134,"731":137,"732":129,"733":136,"916":202,"937":198,"956":192,"960":196,"8211":113,"8212":139,"8216":67,"8217":10,"8218":119,"8220":107,"8221":121,"8222":120,"8224":114,"8225":115,"8226":118,"8230":123,"8240":124,"8249":109,"8250":110,"8260":101,"8482":186,"8706":193,"8719":195,"8721":194,"8730":200,"8734":188,"8747":197,"8776":201,"8800":187,"8804":190,"8805":191,"9674":208,"64257":111,"64258":112},"Reserves":{"fontname":"ArribaPiPlain"},"Names":{"ArribaPiPlain":{"name":"ArribaPiPlain","longitude":null,"latitude":null,"country":"","region":"","city":""}},"Nodes":{"ar":{"type":"typal","node":"ar","usage":1,"weight":1},"in":{"type":"typal","node":"in","usage":1,"weight":1},"arr":{"type":"typal","node":"arr","usage":1,"weight":1},"ain":{"type":"typal","node":"ain","usage":1,"weight":1},"arri":{"type":"keys","node":"arri","usage":1,"weight":1},"lain":{"type":"keys","node":"lain","usage":1,"weight":1},"arrib":{"type":"keys","node":"arrib","usage":1,"weight":1},"plain":{"type":"keys","node":"plain","usage":1,"weight":1},"arribapiplain":{"type":"fixes","node":"arribapiplain","usage":1,"weight":1}},"Contributors":[],"FontIdentity":"73a53a47b104831fd017798dd8e1e308","Bytes":null,"Networking":[]}