{"CSS":{"BeijingSSK":"BeijingSSK.css"},"FontType":"TrueType","FontCopyright":"Copyright 1992 Southern Software, Inc. All Rights Reserved","FontName":"BeijingSSK","FontSubfamily":"Book","FontSubfamilyID":"FontForge 2.0 : BeijingSSK : 23-12-2016","FontFullName":"Beijing SSK","FontVersion":"Version Macromedia Fontograp ","FontWeight":null,"FontPostscriptName":"BeijingSSK","Files":{"beijingssk.afm":"beijingssk.afm","beijingssk.bin":"beijingssk.bin","beijingssk.cef":"beijingssk.cef","beijingssk.cff":"beijingssk.cff","beijingssk.cid":"beijingssk.cid","beijingssk.dfont":"beijingssk.dfont","beijingssk.eot":"beijingssk.eot","beijingssk.fon":"beijingssk.fon","beijingssk.gai":"beijingssk.gai","beijingssk.gsf":"beijingssk.gsf","beijingssk.hqx":"beijingssk.hqx","beijingssk.ik":"beijingssk.ik","beijingssk.mf":"beijingssk.mf","beijingssk.otf":"beijingssk.otf","beijingssk.pcf":"beijingssk.pcf","beijingssk.pf3":"beijingssk.pf3","beijingssk.pfa":"beijingssk.pfa","beijingssk.pfb":"beijingssk.pfb","beijingssk.php":"beijingssk.php","beijingssk.pmf":"beijingssk.pmf","beijingssk.pt3":"beijingssk.pt3","beijingssk.sfd":"beijingssk.sfd","beijingssk.svg":"beijingssk.svg","beijingssk.t42":"beijingssk.t42","beijingssk.ttd":"beijingssk.ttd","beijingssk.ttf":"beijingssk.ttf","beijingssk.ttg":"beijingssk.ttg","beijingssk.ufm":"beijingssk.ufm","beijingssk.woff":"beijingssk.woff","beijingssk.z":"beijingssk.z","":{"beijingssk.afm":"beijingssk.afm","beijingssk.bin":"beijingssk.bin","beijingssk.cef":"beijingssk.cef","beijingssk.cff":"beijingssk.cff","beijingssk.cid":"beijingssk.cid","beijingssk.dfont":"beijingssk.dfont","beijingssk.eot":"beijingssk.eot","beijingssk.fon":"beijingssk.fon","beijingssk.gai":"beijingssk.gai","beijingssk.gsf":"beijingssk.gsf","beijingssk.hqx":"beijingssk.hqx","beijingssk.ik":"beijingssk.ik","beijingssk.mf":"beijingssk.mf","beijingssk.otf":"beijingssk.otf","beijingssk.pcf":"beijingssk.pcf","beijingssk.pf3":"beijingssk.pf3","beijingssk.pfa":"beijingssk.pfa","beijingssk.pfb":"beijingssk.pfb","beijingssk.php":"beijingssk.php","beijingssk.pmf":"beijingssk.pmf","beijingssk.pt3":"beijingssk.pt3","beijingssk.sfd":"beijingssk.sfd","beijingssk.svg":"beijingssk.svg","beijingssk.t42":"beijingssk.t42","beijingssk.ttd":"beijingssk.ttd","beijingssk.ttf":"beijingssk.ttf","beijingssk.ttg":"beijingssk.ttg","beijingssk.ufm":"beijingssk.ufm","beijingssk.woff":"beijingssk.woff","beijingssk.z":"beijingssk.z"},"\/beijingssk.ufo":{"feature.fea":"feature.fea","fontinfo.plist":"fontinfo.plist","groups.plist":"groups.plist","kerning.plist":"kerning.plist","metainfo.plist":"metainfo.plist"},"\/beijingssk.ufo\/glyphs":{"A_.glif":"A_.glif","A_E_.glif":"A_E_.glif","A_acute.glif":"A_acute.glif","A_circumflex.glif":"A_circumflex.glif","A_dieresis.glif":"A_dieresis.glif","A_grave.glif":"A_grave.glif","A_ring.glif":"A_ring.glif","A_tilde.glif":"A_tilde.glif","B_.glif":"B_.glif","C_.glif":"C_.glif","C_cedilla.glif":"C_cedilla.glif","D_.glif":"D_.glif","D_elta.glif":"D_elta.glif","E_.glif":"E_.glif","E_acute.glif":"E_acute.glif","E_circumflex.glif":"E_circumflex.glif","E_dieresis.glif":"E_dieresis.glif","E_grave.glif":"E_grave.glif","F_.glif":"F_.glif","G_.glif":"G_.glif","H_.glif":"H_.glif","I_.glif":"I_.glif","I_acute.glif":"I_acute.glif","I_circumflex.glif":"I_circumflex.glif","I_dieresis.glif":"I_dieresis.glif","I_grave.glif":"I_grave.glif","J_.glif":"J_.glif","K_.glif":"K_.glif","L_.glif":"L_.glif","M_.glif":"M_.glif","N_.glif":"N_.glif","N_tilde.glif":"N_tilde.glif","O_.glif":"O_.glif","O_acute.glif":"O_acute.glif","O_circumflex.glif":"O_circumflex.glif","O_dieresis.glif":"O_dieresis.glif","O_grave.glif":"O_grave.glif","O_mega.glif":"O_mega.glif","O_tilde.glif":"O_tilde.glif","P_.glif":"P_.glif","Q_.glif":"Q_.glif","R_.glif":"R_.glif","S_.glif":"S_.glif","T_.glif":"T_.glif","U_.glif":"U_.glif","U_acute.glif":"U_acute.glif","U_circumflex.glif":"U_circumflex.glif","U_dieresis.glif":"U_dieresis.glif","U_grave.glif":"U_grave.glif","V_.glif":"V_.glif","W_.glif":"W_.glif","X_.glif":"X_.glif","Y_.glif":"Y_.glif","Y_dieresis.glif":"Y_dieresis.glif","Z_.glif":"Z_.glif","_notdef.glif":"_notdef.glif","_null.glif":"_null.glif","a.glif":"a.glif","aacute.glif":"aacute.glif","acircumflex.glif":"acircumflex.glif","acute.glif":"acute.glif","adieresis.glif":"adieresis.glif","ae.glif":"ae.glif","agrave.glif":"agrave.glif","ampersand.glif":"ampersand.glif","apple.glif":"apple.glif","approxequal.glif":"approxequal.glif","aring.glif":"aring.glif","asciicircum.glif":"asciicircum.glif","asciitilde.glif":"asciitilde.glif","asterisk.glif":"asterisk.glif","at.glif":"at.glif","atilde.glif":"atilde.glif","b.glif":"b.glif","backslash.glif":"backslash.glif","bar.glif":"bar.glif","braceleft.glif":"braceleft.glif","braceright.glif":"braceright.glif","bracketleft.glif":"bracketleft.glif","bracketright.glif":"bracketright.glif","brokenbar.glif":"brokenbar.glif","bullet.glif":"bullet.glif","c.glif":"c.glif","ccedilla.glif":"ccedilla.glif","cent.glif":"cent.glif","circumflex.glif":"circumflex.glif","colon.glif":"colon.glif","comma.glif":"comma.glif","contents.plist":"contents.plist","d.glif":"d.glif","dieresis.glif":"dieresis.glif","divide.glif":"divide.glif","dollar.glif":"dollar.glif","e.glif":"e.glif","eacute.glif":"eacute.glif","ecircumflex.glif":"ecircumflex.glif","edieresis.glif":"edieresis.glif","egrave.glif":"egrave.glif","eight.glif":"eight.glif","equal.glif":"equal.glif","exclam.glif":"exclam.glif","exclamdown.glif":"exclamdown.glif","f.glif":"f.glif","five.glif":"five.glif","four.glif":"four.glif","fraction.glif":"fraction.glif","g.glif":"g.glif","germandbls.glif":"germandbls.glif","grave.glif":"grave.glif","greater.glif":"greater.glif","greaterequal.glif":"greaterequal.glif","guilsinglleft.glif":"guilsinglleft.glif","guilsinglright.glif":"guilsinglright.glif","h.glif":"h.glif","hyphen.glif":"hyphen.glif","i.glif":"i.glif","iacute.glif":"iacute.glif","icircumflex.glif":"icircumflex.glif","idieresis.glif":"idieresis.glif","igrave.glif":"igrave.glif","infinity.glif":"infinity.glif","integral.glif":"integral.glif","j.glif":"j.glif","k.glif":"k.glif","l.glif":"l.glif","less.glif":"less.glif","lessequal.glif":"lessequal.glif","lozenge.glif":"lozenge.glif","m.glif":"m.glif","minus.glif":"minus.glif","mu.glif":"mu.glif","multiply.glif":"multiply.glif","n.glif":"n.glif","nine.glif":"nine.glif","nonbreakingspace.glif":"nonbreakingspace.glif","nonmarkingreturn.glif":"nonmarkingreturn.glif","notequal.glif":"notequal.glif","ntilde.glif":"ntilde.glif","numbersign.glif":"numbersign.glif","o.glif":"o.glif","oacute.glif":"oacute.glif","ocircumflex.glif":"ocircumflex.glif","odieresis.glif":"odieresis.glif","ograve.glif":"ograve.glif","one.glif":"one.glif","otilde.glif":"otilde.glif","p.glif":"p.glif","paragraph.glif":"paragraph.glif","parenleft.glif":"parenleft.glif","parenright.glif":"parenright.glif","partialdiff.glif":"partialdiff.glif","percent.glif":"percent.glif","period.glif":"period.glif","pi.glif":"pi.glif","plus.glif":"plus.glif","plusminus.glif":"plusminus.glif","product.glif":"product.glif","q.glif":"q.glif","question.glif":"question.glif","questiondown.glif":"questiondown.glif","quotedbl.glif":"quotedbl.glif","quotedblleft.glif":"quotedblleft.glif","quotedblright.glif":"quotedblright.glif","quoteleft.glif":"quoteleft.glif","quoteright.glif":"quoteright.glif","quotesingle.glif":"quotesingle.glif","r.glif":"r.glif","radical.glif":"radical.glif","s.glif":"s.glif","section.glif":"section.glif","semicolon.glif":"semicolon.glif","seven.glif":"seven.glif","six.glif":"six.glif","slash.glif":"slash.glif","space.glif":"space.glif","sterling.glif":"sterling.glif","summation.glif":"summation.glif","t.glif":"t.glif","three.glif":"three.glif","tilde.glif":"tilde.glif","two.glif":"two.glif","u.glif":"u.glif","uacute.glif":"uacute.glif","ucircumflex.glif":"ucircumflex.glif","udieresis.glif":"udieresis.glif","ugrave.glif":"ugrave.glif","underscore.glif":"underscore.glif","v.glif":"v.glif","w.glif":"w.glif","x.glif":"x.glif","y.glif":"y.glif","ydieresis.glif":"ydieresis.glif","yen.glif":"yen.glif","z.glif":"z.glif","zero.glif":"zero.glif"}},"Font":{"uploaded":1482473692.7946,"licence":"gpl3","company":"Chronolabs Cooperative","title":"Beijing SSK","version":2.001,"date":"Sun Aug 28 07:56:17 2016","creator":"root","type":"1","matrix":"0.001 0 0 0.001 0 0","named":"BeijingSSK","painttype":"0","info":"10 dict dup","name":"BeijingSSK","family":"BeijingSSK","weight":"Book","fstype":"1","italicangle":"0","underlineposition":"","underlinethickness":""},"Table":{"FFTM":{"entryLength":16,"tag":"FFTM","checksum":1947016404,"offset":17016,"length":28},"GDEF":{"entryLength":16,"tag":"GDEF","checksum":15663108,"offset":16984,"length":32},"OS\/2":{"entryLength":16,"tag":"OS\/2","checksum":2001142964,"offset":344,"length":86},"cmap":{"entryLength":16,"tag":"cmap","checksum":2646704723,"offset":1208,"length":614},"gasp":{"entryLength":16,"tag":"gasp","checksum":4294901763,"offset":16976,"length":8},"glyf":{"entryLength":16,"tag":"glyf","checksum":1180219592,"offset":2216,"length":13660},"head":{"entryLength":16,"tag":"head","checksum":189742937,"offset":220,"length":54},"hhea":{"entryLength":16,"tag":"hhea","checksum":112198323,"offset":276,"length":36},"hmtx":{"entryLength":16,"tag":"hmtx","checksum":1451824611,"offset":432,"length":776},"loca":{"entryLength":16,"tag":"loca","checksum":2251192602,"offset":1824,"length":390},"maxp":{"entryLength":16,"tag":"maxp","checksum":17301652,"offset":312,"length":32},"name":{"entryLength":16,"tag":"name","checksum":2139768000,"offset":15876,"length":675},"post":{"entryLength":16,"tag":"post","checksum":658581157,"offset":16552,"length":422}},"UnicodeCharMap":{"0":1,"13":2,"32":3,"33":4,"34":5,"35":6,"36":7,"37":8,"38":9,"39":10,"40":11,"41":12,"42":13,"43":14,"44":15,"45":16,"46":17,"47":18,"48":19,"49":20,"50":21,"51":22,"52":23,"53":24,"54":25,"55":26,"56":27,"57":28,"58":29,"59":30,"60":31,"61":32,"62":33,"63":34,"64":35,"65":36,"66":37,"67":38,"68":39,"69":40,"70":41,"71":42,"72":43,"73":44,"74":45,"75":46,"76":47,"77":48,"78":49,"79":50,"80":51,"81":52,"82":53,"83":54,"84":55,"85":56,"86":57,"87":58,"88":59,"89":60,"90":61,"91":62,"92":63,"93":64,"94":65,"95":66,"96":67,"97":68,"98":69,"99":70,"100":71,"101":72,"102":73,"103":74,"104":75,"105":76,"106":77,"107":78,"108":79,"109":80,"110":81,"111":82,"112":83,"113":84,"114":85,"115":86,"116":87,"117":88,"118":89,"119":90,"120":91,"121":92,"122":93,"123":94,"124":95,"125":96,"126":97,"160":98,"161":99,"162":100,"163":101,"165":102,"166":103,"167":104,"168":105,"177":107,"180":108,"182":110,"191":111,"192":112,"193":113,"194":114,"195":115,"196":116,"197":117,"198":118,"199":119,"200":120,"201":121,"202":122,"203":123,"204":124,"205":125,"206":126,"207":127,"209":128,"210":129,"211":130,"212":131,"213":132,"214":133,"215":134,"217":135,"218":136,"219":137,"220":138,"223":139,"224":140,"225":141,"226":142,"227":143,"228":144,"229":145,"230":146,"231":147,"232":148,"233":149,"234":150,"235":151,"236":152,"237":153,"238":154,"239":155,"241":156,"242":157,"243":158,"244":159,"245":160,"246":161,"247":162,"249":163,"250":164,"251":165,"252":166,"255":167,"376":173,"710":176,"732":177,"916":190,"937":187,"956":109,"960":185,"8216":171,"8217":172,"8220":169,"8221":170,"8226":168,"8249":174,"8250":175,"8260":192,"8706":182,"8719":184,"8721":183,"8722":106,"8730":188,"8734":179,"8747":186,"8776":189,"8800":178,"8804":180,"8805":181,"9674":191},"Reserves":null,"Names":[],"Nodes":{"be":{"type":"typal","node":"be","usage":1,"weight":1},"ng":{"type":"typal","node":"ng","usage":1,"weight":1},"ss":{"type":"typal","node":"ss","usage":1,"weight":1},"sk":{"type":"typal","node":"sk","usage":1,"weight":1},"bei":{"type":"typal","node":"bei","usage":1,"weight":1},"ing":{"type":"typal","node":"ing","usage":1,"weight":1},"beij":{"type":"keys","node":"beij","usage":1,"weight":1},"jing":{"type":"keys","node":"jing","usage":1,"weight":1},"beiji":{"type":"keys","node":"beiji","usage":1,"weight":1},"ijing":{"type":"keys","node":"ijing","usage":1,"weight":1},"beijing":{"type":"fixes","node":"beijing","usage":1,"weight":1},"ssk":{"type":"fixes","node":"ssk","usage":1,"weight":1}},"Contributors":[],"FontIdentity":"2f20960897c23676246068be27dec052","Bytes":1639825,"Networking":[],"barcode":"6wogaoyuegou","referee":"kyqgy52"}