{"CSS":{"Hentzau_Initials":"Hentzau_Initials.css","Hentzau Initials":"nswhealth:bfbf654682a0ff4af56099.css"},"FontType":"TrueType","FontCopyright":"Hentzau_Initials (C) Copyright PJL '02","FontName":"Hentzau_Initials","FontSubfamily":"Book","FontSubfamilyID":"FontForge 2.0 : Hentzau_Initials : 27-10-2016","FontFullName":"Hentzau Initials","FontVersion":"Version 001.001 ","FontWeight":null,"FontPostscriptName":"Hentzau_Initials","Files":{"\/Hentzau_Initials.css":"\/Hentzau_Initials.css","\/font-resource.json":"\/font-resource.json","\/hentzau_initials.afm":"\/hentzau_initials.afm","\/hentzau_initials.cef":"\/hentzau_initials.cef","\/hentzau_initials.cff":"\/hentzau_initials.cff","\/hentzau_initials.eot":"\/hentzau_initials.eot","\/hentzau_initials.gai":"\/hentzau_initials.gai","\/hentzau_initials.gsf":"\/hentzau_initials.gsf","\/hentzau_initials.otf":"\/hentzau_initials.otf","\/hentzau_initials.pf3":"\/hentzau_initials.pf3","\/hentzau_initials.pfa":"\/hentzau_initials.pfa","\/hentzau_initials.pfb":"\/hentzau_initials.pfb","\/hentzau_initials.php":"\/hentzau_initials.php","\/hentzau_initials.pt3":"\/hentzau_initials.pt3","\/hentzau_initials.sfd":"\/hentzau_initials.sfd","\/hentzau_initials.svg":"\/hentzau_initials.svg","\/hentzau_initials.t42":"\/hentzau_initials.t42","\/hentzau_initials.ttd":"\/hentzau_initials.ttd","\/hentzau_initials.ttf":"\/hentzau_initials.ttf","\/hentzau_initials.ttg":"\/hentzau_initials.ttg","\/hentzau_initials.ufm":"\/hentzau_initials.ufm","\/hentzau_initials.woff":"\/hentzau_initials.woff","\/hentzau_initials.z":"\/hentzau_initials.z","\/hentzau_initials.ufo\/feature.fea":"\/hentzau_initials.ufo\/feature.fea","\/hentzau_initials.ufo\/fontinfo.plist":"\/hentzau_initials.ufo\/fontinfo.plist","\/hentzau_initials.ufo\/groups.plist":"\/hentzau_initials.ufo\/groups.plist","\/hentzau_initials.ufo\/kerning.plist":"\/hentzau_initials.ufo\/kerning.plist","\/hentzau_initials.ufo\/metainfo.plist":"\/hentzau_initials.ufo\/metainfo.plist","\/hentzau_initials.ufo\/glyphs\/A_.glif":"\/hentzau_initials.ufo\/glyphs\/A_.glif","\/hentzau_initials.ufo\/glyphs\/B_.glif":"\/hentzau_initials.ufo\/glyphs\/B_.glif","\/hentzau_initials.ufo\/glyphs\/C_.glif":"\/hentzau_initials.ufo\/glyphs\/C_.glif","\/hentzau_initials.ufo\/glyphs\/D_.glif":"\/hentzau_initials.ufo\/glyphs\/D_.glif","\/hentzau_initials.ufo\/glyphs\/E_.glif":"\/hentzau_initials.ufo\/glyphs\/E_.glif","\/hentzau_initials.ufo\/glyphs\/F_.glif":"\/hentzau_initials.ufo\/glyphs\/F_.glif","\/hentzau_initials.ufo\/glyphs\/G_.glif":"\/hentzau_initials.ufo\/glyphs\/G_.glif","\/hentzau_initials.ufo\/glyphs\/H_.glif":"\/hentzau_initials.ufo\/glyphs\/H_.glif","\/hentzau_initials.ufo\/glyphs\/I_.glif":"\/hentzau_initials.ufo\/glyphs\/I_.glif","\/hentzau_initials.ufo\/glyphs\/J_.glif":"\/hentzau_initials.ufo\/glyphs\/J_.glif","\/hentzau_initials.ufo\/glyphs\/K_.glif":"\/hentzau_initials.ufo\/glyphs\/K_.glif","\/hentzau_initials.ufo\/glyphs\/L_.glif":"\/hentzau_initials.ufo\/glyphs\/L_.glif","\/hentzau_initials.ufo\/glyphs\/M_.glif":"\/hentzau_initials.ufo\/glyphs\/M_.glif","\/hentzau_initials.ufo\/glyphs\/N_.glif":"\/hentzau_initials.ufo\/glyphs\/N_.glif","\/hentzau_initials.ufo\/glyphs\/O_.glif":"\/hentzau_initials.ufo\/glyphs\/O_.glif","\/hentzau_initials.ufo\/glyphs\/P_.glif":"\/hentzau_initials.ufo\/glyphs\/P_.glif","\/hentzau_initials.ufo\/glyphs\/Q_.glif":"\/hentzau_initials.ufo\/glyphs\/Q_.glif","\/hentzau_initials.ufo\/glyphs\/R_.glif":"\/hentzau_initials.ufo\/glyphs\/R_.glif","\/hentzau_initials.ufo\/glyphs\/S_.glif":"\/hentzau_initials.ufo\/glyphs\/S_.glif","\/hentzau_initials.ufo\/glyphs\/T_.glif":"\/hentzau_initials.ufo\/glyphs\/T_.glif","\/hentzau_initials.ufo\/glyphs\/U_.glif":"\/hentzau_initials.ufo\/glyphs\/U_.glif","\/hentzau_initials.ufo\/glyphs\/V_.glif":"\/hentzau_initials.ufo\/glyphs\/V_.glif","\/hentzau_initials.ufo\/glyphs\/W_.glif":"\/hentzau_initials.ufo\/glyphs\/W_.glif","\/hentzau_initials.ufo\/glyphs\/X_.glif":"\/hentzau_initials.ufo\/glyphs\/X_.glif","\/hentzau_initials.ufo\/glyphs\/Y_.glif":"\/hentzau_initials.ufo\/glyphs\/Y_.glif","\/hentzau_initials.ufo\/glyphs\/Z_.glif":"\/hentzau_initials.ufo\/glyphs\/Z_.glif","\/hentzau_initials.ufo\/glyphs\/_notdef.glif":"\/hentzau_initials.ufo\/glyphs\/_notdef.glif","\/hentzau_initials.ufo\/glyphs\/contents.plist":"\/hentzau_initials.ufo\/glyphs\/contents.plist","\/hentzau_initials.ufo\/glyphs\/space.glif":"\/hentzau_initials.ufo\/glyphs\/space.glif"},"Font":{"uploaded":1478214138.7945,"licence":"gpl3","company":"Chronolabs Cooperative","title":"Hentzau Initials","version":3.002,"date":"Thu Oct 27 10:15:29 2016","creator":"root","type":"1","matrix":"0.001 0 0 0.001 0 0","named":"Hentzau_Initials","painttype":"0","info":"10 dict dup","name":"Hentzau_Initials","family":"Hentzau_Initials","weight":"Book","fstype":"0","italicangle":"0","underlineposition":"","underlinethickness":""},"Licences":{"":false},"Table":{"FFTM":{"entryLength":16,"tag":"FFTM","checksum":1957501906,"offset":81480,"length":28},"GDEF":{"entryLength":16,"tag":"GDEF","checksum":4915206,"offset":81448,"length":32},"OS\/2":{"entryLength":16,"tag":"OS\/2","checksum":1445881608,"offset":344,"length":86},"cmap":{"entryLength":16,"tag":"cmap","checksum":1921794208,"offset":552,"length":826},"gasp":{"entryLength":16,"tag":"gasp","checksum":4294901763,"offset":81440,"length":8},"glyf":{"entryLength":16,"tag":"glyf","checksum":1806830120,"offset":1444,"length":79252},"head":{"entryLength":16,"tag":"head","checksum":218648937,"offset":220,"length":54},"hhea":{"entryLength":16,"tag":"hhea","checksum":201524840,"offset":276,"length":36},"hmtx":{"entryLength":16,"tag":"hmtx","checksum":2919889422,"offset":432,"length":120},"loca":{"entryLength":16,"tag":"loca","checksum":1185806724,"offset":1380,"length":62},"maxp":{"entryLength":16,"tag":"maxp","checksum":11797789,"offset":312,"length":32},"name":{"entryLength":16,"tag":"name","checksum":2098382408,"offset":80696,"length":648},"post":{"entryLength":16,"tag":"post","checksum":34276004,"offset":81344,"length":94}},"UnicodeCharMap":{"32":3,"65":4,"66":5,"67":6,"68":7,"69":8,"70":9,"71":10,"72":11,"73":12,"74":13,"75":14,"76":15,"77":16,"78":17,"79":18,"80":19,"81":20,"82":21,"83":22,"84":23,"85":24,"86":25,"87":26,"88":27,"89":28,"90":29},"Reserves":{"fontname":"Hentzau Initials"},"Names":{"Hentzau Initials":{"name":"Hentzau Initials","longitude":"0.00000001","latitude":"0.00000001","country":"","region":"","city":""}},"Nodes":{"he":{"type":"typal","node":"he","usage":1,"weight":1},"au":{"type":"typal","node":"au","usage":1,"weight":1},"in":{"type":"typal","node":"in","usage":1,"weight":1},"ls":{"type":"typal","node":"ls","usage":1,"weight":1},"hen":{"type":"typal","node":"hen","usage":1,"weight":1},"zau":{"type":"typal","node":"zau","usage":1,"weight":1},"ini":{"type":"typal","node":"ini","usage":1,"weight":1},"als":{"type":"typal","node":"als","usage":1,"weight":1},"hent":{"type":"keys","node":"hent","usage":1,"weight":1},"tzau":{"type":"keys","node":"tzau","usage":1,"weight":1},"init":{"type":"keys","node":"init","usage":1,"weight":1},"ials":{"type":"keys","node":"ials","usage":1,"weight":1},"hentz":{"type":"keys","node":"hentz","usage":1,"weight":1},"ntzau":{"type":"keys","node":"ntzau","usage":1,"weight":1},"initi":{"type":"keys","node":"initi","usage":1,"weight":1},"tials":{"type":"keys","node":"tials","usage":1,"weight":1},"hentzau":{"type":"fixes","node":"hentzau","usage":1,"weight":1},"initials":{"type":"fixes","node":"initials","usage":1,"weight":1}},"Contributors":[],"FontIdentity":"nswhealth:bfbf654682a0ff4af56099","Bytes":null,"Networking":[],"barcode":"qmeo7scoqayag","referee":"GuSaW"}