{"CSS":{"Hamsteade":"Hamsteade.css"},"FontType":"TrueType","FontCopyright":null,"FontName":"Hamsteade","FontSubfamily":"Medium","FontSubfamilyID":"FontForge 2.0 : Hamsteade : 26-12-2016","FontFullName":"Hamsteade","FontVersion":"Version 1.0 ","FontWeight":null,"FontPostscriptName":"Hamsteade","Files":{"hamsteade.afm":"hamsteade.afm","hamsteade.bin":"hamsteade.bin","hamsteade.cef":"hamsteade.cef","hamsteade.cff":"hamsteade.cff","hamsteade.cid":"hamsteade.cid","hamsteade.dfont":"hamsteade.dfont","hamsteade.eot":"hamsteade.eot","hamsteade.fon":"hamsteade.fon","hamsteade.gai":"hamsteade.gai","hamsteade.gsf":"hamsteade.gsf","hamsteade.hqx":"hamsteade.hqx","hamsteade.ik":"hamsteade.ik","hamsteade.mf":"hamsteade.mf","hamsteade.otf":"hamsteade.otf","hamsteade.pcf":"hamsteade.pcf","hamsteade.pf3":"hamsteade.pf3","hamsteade.pfa":"hamsteade.pfa","hamsteade.pfb":"hamsteade.pfb","hamsteade.php":"hamsteade.php","hamsteade.pmf":"hamsteade.pmf","hamsteade.pt3":"hamsteade.pt3","hamsteade.sfd":"hamsteade.sfd","hamsteade.svg":"hamsteade.svg","hamsteade.t42":"hamsteade.t42","hamsteade.ttd":"hamsteade.ttd","hamsteade.ttf":"hamsteade.ttf","hamsteade.ttg":"hamsteade.ttg","hamsteade.ufm":"hamsteade.ufm","hamsteade.woff":"hamsteade.woff","hamsteade.z":"hamsteade.z","":{"hamsteade.afm":"hamsteade.afm","hamsteade.bin":"hamsteade.bin","hamsteade.cef":"hamsteade.cef","hamsteade.cff":"hamsteade.cff","hamsteade.cid":"hamsteade.cid","hamsteade.dfont":"hamsteade.dfont","hamsteade.eot":"hamsteade.eot","hamsteade.fon":"hamsteade.fon","hamsteade.gai":"hamsteade.gai","hamsteade.gsf":"hamsteade.gsf","hamsteade.hqx":"hamsteade.hqx","hamsteade.ik":"hamsteade.ik","hamsteade.mf":"hamsteade.mf","hamsteade.otf":"hamsteade.otf","hamsteade.pcf":"hamsteade.pcf","hamsteade.pf3":"hamsteade.pf3","hamsteade.pfa":"hamsteade.pfa","hamsteade.pfb":"hamsteade.pfb","hamsteade.php":"hamsteade.php","hamsteade.pmf":"hamsteade.pmf","hamsteade.pt3":"hamsteade.pt3","hamsteade.sfd":"hamsteade.sfd","hamsteade.svg":"hamsteade.svg","hamsteade.t42":"hamsteade.t42","hamsteade.ttd":"hamsteade.ttd","hamsteade.ttf":"hamsteade.ttf","hamsteade.ttg":"hamsteade.ttg","hamsteade.ufm":"hamsteade.ufm","hamsteade.woff":"hamsteade.woff","hamsteade.z":"hamsteade.z"},"\/hamsteade.ufo":{"feature.fea":"feature.fea","fontinfo.plist":"fontinfo.plist","groups.plist":"groups.plist","kerning.plist":"kerning.plist","metainfo.plist":"metainfo.plist"},"\/hamsteade.ufo\/glyphs":{"A_.glif":"A_.glif","A_E_.glif":"A_E_.glif","A_acute.glif":"A_acute.glif","A_circumflex.glif":"A_circumflex.glif","A_dieresis.glif":"A_dieresis.glif","A_grave.glif":"A_grave.glif","A_ring.glif":"A_ring.glif","A_tilde.glif":"A_tilde.glif","B_.glif":"B_.glif","C_.glif":"C_.glif","C_cedilla.glif":"C_cedilla.glif","D_.glif":"D_.glif","D_elta.glif":"D_elta.glif","E_.glif":"E_.glif","E_acute.glif":"E_acute.glif","E_circumflex.glif":"E_circumflex.glif","E_dieresis.glif":"E_dieresis.glif","E_grave.glif":"E_grave.glif","E_th.glif":"E_th.glif","F_.glif":"F_.glif","G_.glif":"G_.glif","G_breve.glif":"G_breve.glif","H_.glif":"H_.glif","I_.glif":"I_.glif","I_acute.glif":"I_acute.glif","I_circumflex.glif":"I_circumflex.glif","I_dieresis.glif":"I_dieresis.glif","I_grave.glif":"I_grave.glif","J_.glif":"J_.glif","K_.glif":"K_.glif","L_.glif":"L_.glif","L_slash.glif":"L_slash.glif","M_.glif":"M_.glif","N_.glif":"N_.glif","N_tilde.glif":"N_tilde.glif","O_.glif":"O_.glif","O_E_.glif":"O_E_.glif","O_acute.glif":"O_acute.glif","O_circumflex.glif":"O_circumflex.glif","O_dieresis.glif":"O_dieresis.glif","O_grave.glif":"O_grave.glif","O_mega.glif":"O_mega.glif","O_slash.glif":"O_slash.glif","O_tilde.glif":"O_tilde.glif","P_.glif":"P_.glif","Q_.glif":"Q_.glif","R_.glif":"R_.glif","S_.glif":"S_.glif","S_caron.glif":"S_caron.glif","T_.glif":"T_.glif","T_horn.glif":"T_horn.glif","U_.glif":"U_.glif","U_acute.glif":"U_acute.glif","U_circumflex.glif":"U_circumflex.glif","U_dieresis.glif":"U_dieresis.glif","U_grave.glif":"U_grave.glif","V_.glif":"V_.glif","W_.glif":"W_.glif","X_.glif":"X_.glif","Y_.glif":"Y_.glif","Y_acute.glif":"Y_acute.glif","Y_dieresis.glif":"Y_dieresis.glif","Z_.glif":"Z_.glif","Z_caron.glif":"Z_caron.glif","_notdef.glif":"_notdef.glif","_null.glif":"_null.glif","a.glif":"a.glif","aacute.glif":"aacute.glif","acircumflex.glif":"acircumflex.glif","acute.glif":"acute.glif","adieresis.glif":"adieresis.glif","ae.glif":"ae.glif","agrave.glif":"agrave.glif","ampersand.glif":"ampersand.glif","approxequal.glif":"approxequal.glif","aring.glif":"aring.glif","asciicircum.glif":"asciicircum.glif","asciitilde.glif":"asciitilde.glif","asterisk.glif":"asterisk.glif","at.glif":"at.glif","atilde.glif":"atilde.glif","b.glif":"b.glif","backslash.glif":"backslash.glif","bar.glif":"bar.glif","braceleft.glif":"braceleft.glif","braceright.glif":"braceright.glif","bracketleft.glif":"bracketleft.glif","bracketright.glif":"bracketright.glif","brokenbar.glif":"brokenbar.glif","bullet.glif":"bullet.glif","c.glif":"c.glif","c258.glif":"c258.glif","c259.glif":"c259.glif","c260.glif":"c260.glif","c261.glif":"c261.glif","c262.glif":"c262.glif","c263.glif":"c263.glif","c264.glif":"c264.glif","c265.glif":"c265.glif","c266.glif":"c266.glif","c267.glif":"c267.glif","c268.glif":"c268.glif","c269.glif":"c269.glif","c270.glif":"c270.glif","c271.glif":"c271.glif","c272.glif":"c272.glif","c273.glif":"c273.glif","c274.glif":"c274.glif","c275.glif":"c275.glif","c276.glif":"c276.glif","c277.glif":"c277.glif","c278.glif":"c278.glif","c279.glif":"c279.glif","c280.glif":"c280.glif","c281.glif":"c281.glif","c282.glif":"c282.glif","c283.glif":"c283.glif","ccedilla.glif":"ccedilla.glif","cent.glif":"cent.glif","circumflex.glif":"circumflex.glif","colon.glif":"colon.glif","comma.glif":"comma.glif","contents.plist":"contents.plist","copyright.glif":"copyright.glif","d.glif":"d.glif","dagger.glif":"dagger.glif","dieresis.glif":"dieresis.glif","divide.glif":"divide.glif","dollar.glif":"dollar.glif","e.glif":"e.glif","eacute.glif":"eacute.glif","ecircumflex.glif":"ecircumflex.glif","edieresis.glif":"edieresis.glif","egrave.glif":"egrave.glif","eight.glif":"eight.glif","ellipsis.glif":"ellipsis.glif","emdash.glif":"emdash.glif","equal.glif":"equal.glif","exclam.glif":"exclam.glif","exclamdown.glif":"exclamdown.glif","f.glif":"f.glif","five.glif":"five.glif","four.glif":"four.glif","franc.glif":"franc.glif","g.glif":"g.glif","germandbls.glif":"germandbls.glif","glyph208.glif":"glyph208.glif","grave.glif":"grave.glif","greater.glif":"greater.glif","greaterequal.glif":"greaterequal.glif","guillemotleft.glif":"guillemotleft.glif","guillemotright.glif":"guillemotright.glif","h.glif":"h.glif","hyphen.glif":"hyphen.glif","i.glif":"i.glif","iacute.glif":"iacute.glif","icircumflex.glif":"icircumflex.glif","idieresis.glif":"idieresis.glif","igrave.glif":"igrave.glif","infinity.glif":"infinity.glif","integral.glif":"integral.glif","j.glif":"j.glif","k.glif":"k.glif","l.glif":"l.glif","less.glif":"less.glif","lessequal.glif":"lessequal.glif","lozenge.glif":"lozenge.glif","lslash.glif":"lslash.glif","m.glif":"m.glif","minus.glif":"minus.glif","mu.glif":"mu.glif","multiply.glif":"multiply.glif","n.glif":"n.glif","nine.glif":"nine.glif","nonbreakingspace.glif":"nonbreakingspace.glif","nonmarkingreturn.glif":"nonmarkingreturn.glif","notequal.glif":"notequal.glif","ntilde.glif":"ntilde.glif","numbersign.glif":"numbersign.glif","o.glif":"o.glif","oacute.glif":"oacute.glif","ocircumflex.glif":"ocircumflex.glif","odieresis.glif":"odieresis.glif","oe.glif":"oe.glif","ograve.glif":"ograve.glif","one.glif":"one.glif","onehalf.glif":"onehalf.glif","onequarter.glif":"onequarter.glif","onesuperior.glif":"onesuperior.glif","oslash.glif":"oslash.glif","otilde.glif":"otilde.glif","p.glif":"p.glif","paragraph.glif":"paragraph.glif","parenleft.glif":"parenleft.glif","parenright.glif":"parenright.glif","partialdiff.glif":"partialdiff.glif","percent.glif":"percent.glif","period.glif":"period.glif","perthousand.glif":"perthousand.glif","pi.glif":"pi.glif","plus.glif":"plus.glif","plusminus.glif":"plusminus.glif","product.glif":"product.glif","q.glif":"q.glif","question.glif":"question.glif","questiondown.glif":"questiondown.glif","quotedbl.glif":"quotedbl.glif","quotedblleft.glif":"quotedblleft.glif","quotedblright.glif":"quotedblright.glif","quoteleft.glif":"quoteleft.glif","quoteright.glif":"quoteright.glif","quotesingle.glif":"quotesingle.glif","r.glif":"r.glif","radical.glif":"radical.glif","registered.glif":"registered.glif","s.glif":"s.glif","scaron.glif":"scaron.glif","section.glif":"section.glif","semicolon.glif":"semicolon.glif","seven.glif":"seven.glif","six.glif":"six.glif","slash.glif":"slash.glif","space.glif":"space.glif","sterling.glif":"sterling.glif","summation.glif":"summation.glif","t.glif":"t.glif","thorn.glif":"thorn.glif","three.glif":"three.glif","threequarters.glif":"threequarters.glif","threesuperior.glif":"threesuperior.glif","tilde.glif":"tilde.glif","trademark.glif":"trademark.glif","two.glif":"two.glif","twosuperior.glif":"twosuperior.glif","u.glif":"u.glif","uacute.glif":"uacute.glif","ucircumflex.glif":"ucircumflex.glif","udieresis.glif":"udieresis.glif","ugrave.glif":"ugrave.glif","underscore.glif":"underscore.glif","v.glif":"v.glif","w.glif":"w.glif","x.glif":"x.glif","y.glif":"y.glif","yacute.glif":"yacute.glif","ydieresis.glif":"ydieresis.glif","yen.glif":"yen.glif","z.glif":"z.glif","zcaron.glif":"zcaron.glif","zero.glif":"zero.glif"}},"Font":{"uploaded":1482701235.2166,"licence":"gpl3","company":"Chronolabs Cooperative","title":"Hamsteade","version":2.001,"date":"Sun Aug 28 07:58:42 2016","creator":"root","type":"1","matrix":"0.001 0 0 0.001 0 0","named":"Hamsteade","painttype":"0","info":"7 dict dup","name":"Hamsteade","family":"Hamsteade","weight":"Medium","fstype":"0","italicangle":"0"},"Table":{"FFTM":{"entryLength":16,"tag":"FFTM","checksum":1947016692,"offset":25592,"length":28},"GDEF":{"entryLength":16,"tag":"GDEF","checksum":19267588,"offset":25560,"length":32},"OS\/2":{"entryLength":16,"tag":"OS\/2","checksum":2071275202,"offset":344,"length":86},"cmap":{"entryLength":16,"tag":"cmap","checksum":1628188816,"offset":1428,"length":816},"gasp":{"entryLength":16,"tag":"gasp","checksum":4294901763,"offset":25552,"length":8},"glyf":{"entryLength":16,"tag":"glyf","checksum":4163696276,"offset":2744,"length":21716},"head":{"entryLength":16,"tag":"head","checksum":194254083,"offset":220,"length":54},"hhea":{"entryLength":16,"tag":"hhea","checksum":138805210,"offset":276,"length":36},"hmtx":{"entryLength":16,"tag":"hmtx","checksum":2161845542,"offset":432,"length":996},"loca":{"entryLength":16,"tag":"loca","checksum":1641313620,"offset":2244,"length":500},"maxp":{"entryLength":16,"tag":"maxp","checksum":21430438,"offset":312,"length":32},"name":{"entryLength":16,"tag":"name","checksum":2475268729,"offset":24460,"length":417},"post":{"entryLength":16,"tag":"post","checksum":2009702481,"offset":24880,"length":671}},"UnicodeCharMap":{"0":1,"13":2,"32":3,"33":4,"34":5,"35":6,"36":7,"37":8,"38":9,"39":10,"40":11,"41":12,"42":13,"43":14,"44":15,"45":16,"46":17,"47":18,"48":19,"49":20,"50":21,"51":22,"52":23,"53":24,"54":25,"55":26,"56":27,"57":28,"58":29,"59":30,"60":31,"61":32,"62":33,"63":34,"64":35,"65":36,"66":37,"67":38,"68":39,"69":40,"70":41,"71":42,"72":43,"73":44,"74":45,"75":46,"76":47,"77":48,"78":49,"79":50,"80":51,"81":52,"82":53,"83":54,"84":55,"85":56,"86":57,"87":58,"88":59,"89":60,"90":61,"91":62,"92":63,"93":64,"94":65,"95":66,"96":67,"97":68,"98":69,"99":70,"100":71,"101":72,"102":73,"103":74,"104":75,"105":76,"106":77,"107":78,"108":79,"109":80,"110":81,"111":82,"112":83,"113":84,"114":85,"115":86,"116":87,"117":88,"118":89,"119":90,"120":91,"121":92,"122":93,"123":94,"124":95,"125":96,"126":97,"160":98,"161":99,"162":100,"163":101,"165":102,"166":206,"167":103,"168":104,"169":105,"171":106,"174":107,"177":108,"178":216,"179":217,"180":109,"182":111,"185":215,"187":112,"188":219,"189":218,"190":220,"191":113,"192":114,"193":115,"194":116,"195":117,"196":118,"197":119,"198":120,"199":121,"200":122,"201":123,"202":124,"203":125,"204":126,"205":127,"206":128,"207":129,"208":207,"209":130,"210":131,"211":132,"212":133,"213":134,"214":135,"215":214,"216":136,"217":137,"218":138,"219":139,"220":140,"221":209,"222":211,"223":141,"224":142,"225":143,"226":144,"227":145,"228":146,"229":147,"230":148,"231":149,"232":150,"233":151,"234":152,"235":153,"236":154,"237":155,"238":156,"239":157,"241":158,"242":159,"243":160,"244":161,"245":162,"246":163,"247":164,"248":165,"249":166,"250":167,"251":168,"252":169,"253":210,"254":212,"255":170,"286":222,"321":200,"322":201,"338":188,"339":189,"352":202,"353":203,"376":196,"381":204,"382":205,"710":198,"732":199,"916":186,"937":183,"956":110,"960":181,"8212":190,"8216":193,"8217":194,"8220":191,"8221":192,"8224":171,"8226":172,"8230":187,"8240":197,"8355":221,"8482":173,"8706":178,"8719":180,"8721":179,"8722":213,"8730":184,"8734":175,"8747":182,"8776":185,"8800":174,"8804":176,"8805":177,"9674":195},"Reserves":null,"Names":[],"Nodes":{"ha":{"type":"typal","node":"ha","usage":1,"weight":1},"de":{"type":"typal","node":"de","usage":1,"weight":1},"ham":{"type":"typal","node":"ham","usage":1,"weight":1},"ade":{"type":"typal","node":"ade","usage":1,"weight":1},"hams":{"type":"keys","node":"hams","usage":1,"weight":1},"eade":{"type":"keys","node":"eade","usage":1,"weight":1},"hamst":{"type":"keys","node":"hamst","usage":1,"weight":1},"teade":{"type":"keys","node":"teade","usage":1,"weight":1},"hamsteade":{"type":"fixes","node":"hamsteade","usage":1,"weight":1}},"Contributors":[],"FontIdentity":"15d9be4151b6b25108fd93c3d2dfced6","Bytes":2492023,"Networking":[],"barcode":"q6gsg2aisseio","referee":"q7kyey"}