{"CSS":{"Elektron-Shaded":"Elektron-Shaded.css","Elektron Shaded":"wagovau:d069e8d2f11cc9f2c0ea6493.css"},"FontType":"TrueType","FontCopyright":"Copr. Rian Hughes 1992. A Device font. All rights reserved. Device: 6 Salem Road, London W2 4BU. 0171 221 9580 Fax 0171 221 9589 Answerphone 0181 579 6669.","FontName":"Elektron","FontSubfamily":"Shaded","FontSubfamilyID":"FontForge 2.0 : Elektron-Shaded : 12-8-2016","FontFullName":"Elektron Shaded","FontVersion":"Version 001.000 ","FontWeight":null,"FontPostscriptName":"Elektron-Shaded","Files":{"\/Elektron-Shaded.css":"\/Elektron-Shaded.css","\/elektron-shaded.afm":"\/elektron-shaded.afm","\/elektron-shaded.cef":"\/elektron-shaded.cef","\/elektron-shaded.cff":"\/elektron-shaded.cff","\/elektron-shaded.eot":"\/elektron-shaded.eot","\/elektron-shaded.gai":"\/elektron-shaded.gai","\/elektron-shaded.gsf":"\/elektron-shaded.gsf","\/elektron-shaded.otf":"\/elektron-shaded.otf","\/elektron-shaded.pf3":"\/elektron-shaded.pf3","\/elektron-shaded.pfa":"\/elektron-shaded.pfa","\/elektron-shaded.pfb":"\/elektron-shaded.pfb","\/elektron-shaded.php":"\/elektron-shaded.php","\/elektron-shaded.pt3":"\/elektron-shaded.pt3","\/elektron-shaded.sfd":"\/elektron-shaded.sfd","\/elektron-shaded.svg":"\/elektron-shaded.svg","\/elektron-shaded.t42":"\/elektron-shaded.t42","\/elektron-shaded.ttd":"\/elektron-shaded.ttd","\/elektron-shaded.ttf":"\/elektron-shaded.ttf","\/elektron-shaded.ttg":"\/elektron-shaded.ttg","\/elektron-shaded.ufm":"\/elektron-shaded.ufm","\/elektron-shaded.woff":"\/elektron-shaded.woff","\/elektron-shaded.z":"\/elektron-shaded.z","\/font-resource.json":"\/font-resource.json","\/elektron-shaded.ufo\/feature.fea":"\/elektron-shaded.ufo\/feature.fea","\/elektron-shaded.ufo\/fontinfo.plist":"\/elektron-shaded.ufo\/fontinfo.plist","\/elektron-shaded.ufo\/groups.plist":"\/elektron-shaded.ufo\/groups.plist","\/elektron-shaded.ufo\/kerning.plist":"\/elektron-shaded.ufo\/kerning.plist","\/elektron-shaded.ufo\/metainfo.plist":"\/elektron-shaded.ufo\/metainfo.plist","\/elektron-shaded.ufo\/glyphs\/A_.glif":"\/elektron-shaded.ufo\/glyphs\/A_.glif","\/elektron-shaded.ufo\/glyphs\/A_E_.glif":"\/elektron-shaded.ufo\/glyphs\/A_E_.glif","\/elektron-shaded.ufo\/glyphs\/A_acute.glif":"\/elektron-shaded.ufo\/glyphs\/A_acute.glif","\/elektron-shaded.ufo\/glyphs\/A_circumflex.glif":"\/elektron-shaded.ufo\/glyphs\/A_circumflex.glif","\/elektron-shaded.ufo\/glyphs\/A_dieresis.glif":"\/elektron-shaded.ufo\/glyphs\/A_dieresis.glif","\/elektron-shaded.ufo\/glyphs\/A_grave.glif":"\/elektron-shaded.ufo\/glyphs\/A_grave.glif","\/elektron-shaded.ufo\/glyphs\/A_ring.glif":"\/elektron-shaded.ufo\/glyphs\/A_ring.glif","\/elektron-shaded.ufo\/glyphs\/A_tilde.glif":"\/elektron-shaded.ufo\/glyphs\/A_tilde.glif","\/elektron-shaded.ufo\/glyphs\/B_.glif":"\/elektron-shaded.ufo\/glyphs\/B_.glif","\/elektron-shaded.ufo\/glyphs\/C_.glif":"\/elektron-shaded.ufo\/glyphs\/C_.glif","\/elektron-shaded.ufo\/glyphs\/C_cedilla.glif":"\/elektron-shaded.ufo\/glyphs\/C_cedilla.glif","\/elektron-shaded.ufo\/glyphs\/D_.glif":"\/elektron-shaded.ufo\/glyphs\/D_.glif","\/elektron-shaded.ufo\/glyphs\/E_.glif":"\/elektron-shaded.ufo\/glyphs\/E_.glif","\/elektron-shaded.ufo\/glyphs\/E_acute.glif":"\/elektron-shaded.ufo\/glyphs\/E_acute.glif","\/elektron-shaded.ufo\/glyphs\/E_circumflex.glif":"\/elektron-shaded.ufo\/glyphs\/E_circumflex.glif","\/elektron-shaded.ufo\/glyphs\/E_dieresis.glif":"\/elektron-shaded.ufo\/glyphs\/E_dieresis.glif","\/elektron-shaded.ufo\/glyphs\/E_grave.glif":"\/elektron-shaded.ufo\/glyphs\/E_grave.glif","\/elektron-shaded.ufo\/glyphs\/E_th.glif":"\/elektron-shaded.ufo\/glyphs\/E_th.glif","\/elektron-shaded.ufo\/glyphs\/F_.glif":"\/elektron-shaded.ufo\/glyphs\/F_.glif","\/elektron-shaded.ufo\/glyphs\/G_.glif":"\/elektron-shaded.ufo\/glyphs\/G_.glif","\/elektron-shaded.ufo\/glyphs\/H_.glif":"\/elektron-shaded.ufo\/glyphs\/H_.glif","\/elektron-shaded.ufo\/glyphs\/I_.glif":"\/elektron-shaded.ufo\/glyphs\/I_.glif","\/elektron-shaded.ufo\/glyphs\/I_acute.glif":"\/elektron-shaded.ufo\/glyphs\/I_acute.glif","\/elektron-shaded.ufo\/glyphs\/I_circumflex.glif":"\/elektron-shaded.ufo\/glyphs\/I_circumflex.glif","\/elektron-shaded.ufo\/glyphs\/I_dieresis.glif":"\/elektron-shaded.ufo\/glyphs\/I_dieresis.glif","\/elektron-shaded.ufo\/glyphs\/I_grave.glif":"\/elektron-shaded.ufo\/glyphs\/I_grave.glif","\/elektron-shaded.ufo\/glyphs\/J_.glif":"\/elektron-shaded.ufo\/glyphs\/J_.glif","\/elektron-shaded.ufo\/glyphs\/K_.glif":"\/elektron-shaded.ufo\/glyphs\/K_.glif","\/elektron-shaded.ufo\/glyphs\/L_.glif":"\/elektron-shaded.ufo\/glyphs\/L_.glif","\/elektron-shaded.ufo\/glyphs\/L_slash.glif":"\/elektron-shaded.ufo\/glyphs\/L_slash.glif","\/elektron-shaded.ufo\/glyphs\/M_.glif":"\/elektron-shaded.ufo\/glyphs\/M_.glif","\/elektron-shaded.ufo\/glyphs\/N_.glif":"\/elektron-shaded.ufo\/glyphs\/N_.glif","\/elektron-shaded.ufo\/glyphs\/N_tilde.glif":"\/elektron-shaded.ufo\/glyphs\/N_tilde.glif","\/elektron-shaded.ufo\/glyphs\/O_.glif":"\/elektron-shaded.ufo\/glyphs\/O_.glif","\/elektron-shaded.ufo\/glyphs\/O_E_.glif":"\/elektron-shaded.ufo\/glyphs\/O_E_.glif","\/elektron-shaded.ufo\/glyphs\/O_acute.glif":"\/elektron-shaded.ufo\/glyphs\/O_acute.glif","\/elektron-shaded.ufo\/glyphs\/O_circumflex.glif":"\/elektron-shaded.ufo\/glyphs\/O_circumflex.glif","\/elektron-shaded.ufo\/glyphs\/O_dieresis.glif":"\/elektron-shaded.ufo\/glyphs\/O_dieresis.glif","\/elektron-shaded.ufo\/glyphs\/O_grave.glif":"\/elektron-shaded.ufo\/glyphs\/O_grave.glif","\/elektron-shaded.ufo\/glyphs\/O_slash.glif":"\/elektron-shaded.ufo\/glyphs\/O_slash.glif","\/elektron-shaded.ufo\/glyphs\/O_tilde.glif":"\/elektron-shaded.ufo\/glyphs\/O_tilde.glif","\/elektron-shaded.ufo\/glyphs\/P_.glif":"\/elektron-shaded.ufo\/glyphs\/P_.glif","\/elektron-shaded.ufo\/glyphs\/Q_.glif":"\/elektron-shaded.ufo\/glyphs\/Q_.glif","\/elektron-shaded.ufo\/glyphs\/R_.glif":"\/elektron-shaded.ufo\/glyphs\/R_.glif","\/elektron-shaded.ufo\/glyphs\/S_.glif":"\/elektron-shaded.ufo\/glyphs\/S_.glif","\/elektron-shaded.ufo\/glyphs\/S_caron.glif":"\/elektron-shaded.ufo\/glyphs\/S_caron.glif","\/elektron-shaded.ufo\/glyphs\/T_.glif":"\/elektron-shaded.ufo\/glyphs\/T_.glif","\/elektron-shaded.ufo\/glyphs\/T_horn.glif":"\/elektron-shaded.ufo\/glyphs\/T_horn.glif","\/elektron-shaded.ufo\/glyphs\/U_.glif":"\/elektron-shaded.ufo\/glyphs\/U_.glif","\/elektron-shaded.ufo\/glyphs\/U_acute.glif":"\/elektron-shaded.ufo\/glyphs\/U_acute.glif","\/elektron-shaded.ufo\/glyphs\/U_circumflex.glif":"\/elektron-shaded.ufo\/glyphs\/U_circumflex.glif","\/elektron-shaded.ufo\/glyphs\/U_dieresis.glif":"\/elektron-shaded.ufo\/glyphs\/U_dieresis.glif","\/elektron-shaded.ufo\/glyphs\/U_grave.glif":"\/elektron-shaded.ufo\/glyphs\/U_grave.glif","\/elektron-shaded.ufo\/glyphs\/V_.glif":"\/elektron-shaded.ufo\/glyphs\/V_.glif","\/elektron-shaded.ufo\/glyphs\/W_.glif":"\/elektron-shaded.ufo\/glyphs\/W_.glif","\/elektron-shaded.ufo\/glyphs\/X_.glif":"\/elektron-shaded.ufo\/glyphs\/X_.glif","\/elektron-shaded.ufo\/glyphs\/Y_.glif":"\/elektron-shaded.ufo\/glyphs\/Y_.glif","\/elektron-shaded.ufo\/glyphs\/Y_acute.glif":"\/elektron-shaded.ufo\/glyphs\/Y_acute.glif","\/elektron-shaded.ufo\/glyphs\/Y_dieresis.glif":"\/elektron-shaded.ufo\/glyphs\/Y_dieresis.glif","\/elektron-shaded.ufo\/glyphs\/Z_.glif":"\/elektron-shaded.ufo\/glyphs\/Z_.glif","\/elektron-shaded.ufo\/glyphs\/Z_caron.glif":"\/elektron-shaded.ufo\/glyphs\/Z_caron.glif","\/elektron-shaded.ufo\/glyphs\/a.glif":"\/elektron-shaded.ufo\/glyphs\/a.glif","\/elektron-shaded.ufo\/glyphs\/aacute.glif":"\/elektron-shaded.ufo\/glyphs\/aacute.glif","\/elektron-shaded.ufo\/glyphs\/acircumflex.glif":"\/elektron-shaded.ufo\/glyphs\/acircumflex.glif","\/elektron-shaded.ufo\/glyphs\/acute.glif":"\/elektron-shaded.ufo\/glyphs\/acute.glif","\/elektron-shaded.ufo\/glyphs\/adieresis.glif":"\/elektron-shaded.ufo\/glyphs\/adieresis.glif","\/elektron-shaded.ufo\/glyphs\/ae.glif":"\/elektron-shaded.ufo\/glyphs\/ae.glif","\/elektron-shaded.ufo\/glyphs\/agrave.glif":"\/elektron-shaded.ufo\/glyphs\/agrave.glif","\/elektron-shaded.ufo\/glyphs\/ampersand.glif":"\/elektron-shaded.ufo\/glyphs\/ampersand.glif","\/elektron-shaded.ufo\/glyphs\/apple.glif":"\/elektron-shaded.ufo\/glyphs\/apple.glif","\/elektron-shaded.ufo\/glyphs\/aring.glif":"\/elektron-shaded.ufo\/glyphs\/aring.glif","\/elektron-shaded.ufo\/glyphs\/asciicircum.glif":"\/elektron-shaded.ufo\/glyphs\/asciicircum.glif","\/elektron-shaded.ufo\/glyphs\/asciitilde.glif":"\/elektron-shaded.ufo\/glyphs\/asciitilde.glif","\/elektron-shaded.ufo\/glyphs\/asterisk.glif":"\/elektron-shaded.ufo\/glyphs\/asterisk.glif","\/elektron-shaded.ufo\/glyphs\/at.glif":"\/elektron-shaded.ufo\/glyphs\/at.glif","\/elektron-shaded.ufo\/glyphs\/atilde.glif":"\/elektron-shaded.ufo\/glyphs\/atilde.glif","\/elektron-shaded.ufo\/glyphs\/b.glif":"\/elektron-shaded.ufo\/glyphs\/b.glif","\/elektron-shaded.ufo\/glyphs\/backslash.glif":"\/elektron-shaded.ufo\/glyphs\/backslash.glif","\/elektron-shaded.ufo\/glyphs\/bar.glif":"\/elektron-shaded.ufo\/glyphs\/bar.glif","\/elektron-shaded.ufo\/glyphs\/braceleft.glif":"\/elektron-shaded.ufo\/glyphs\/braceleft.glif","\/elektron-shaded.ufo\/glyphs\/braceright.glif":"\/elektron-shaded.ufo\/glyphs\/braceright.glif","\/elektron-shaded.ufo\/glyphs\/bracketleft.glif":"\/elektron-shaded.ufo\/glyphs\/bracketleft.glif","\/elektron-shaded.ufo\/glyphs\/bracketright.glif":"\/elektron-shaded.ufo\/glyphs\/bracketright.glif","\/elektron-shaded.ufo\/glyphs\/breve.glif":"\/elektron-shaded.ufo\/glyphs\/breve.glif","\/elektron-shaded.ufo\/glyphs\/brokenbar.glif":"\/elektron-shaded.ufo\/glyphs\/brokenbar.glif","\/elektron-shaded.ufo\/glyphs\/bullet.glif":"\/elektron-shaded.ufo\/glyphs\/bullet.glif","\/elektron-shaded.ufo\/glyphs\/c.glif":"\/elektron-shaded.ufo\/glyphs\/c.glif","\/elektron-shaded.ufo\/glyphs\/caron.glif":"\/elektron-shaded.ufo\/glyphs\/caron.glif","\/elektron-shaded.ufo\/glyphs\/ccedilla.glif":"\/elektron-shaded.ufo\/glyphs\/ccedilla.glif","\/elektron-shaded.ufo\/glyphs\/cedilla.glif":"\/elektron-shaded.ufo\/glyphs\/cedilla.glif","\/elektron-shaded.ufo\/glyphs\/cent.glif":"\/elektron-shaded.ufo\/glyphs\/cent.glif","\/elektron-shaded.ufo\/glyphs\/circumflex.glif":"\/elektron-shaded.ufo\/glyphs\/circumflex.glif","\/elektron-shaded.ufo\/glyphs\/colon.glif":"\/elektron-shaded.ufo\/glyphs\/colon.glif","\/elektron-shaded.ufo\/glyphs\/comma.glif":"\/elektron-shaded.ufo\/glyphs\/comma.glif","\/elektron-shaded.ufo\/glyphs\/contents.plist":"\/elektron-shaded.ufo\/glyphs\/contents.plist","\/elektron-shaded.ufo\/glyphs\/copyright.glif":"\/elektron-shaded.ufo\/glyphs\/copyright.glif","\/elektron-shaded.ufo\/glyphs\/d.glif":"\/elektron-shaded.ufo\/glyphs\/d.glif","\/elektron-shaded.ufo\/glyphs\/dagger.glif":"\/elektron-shaded.ufo\/glyphs\/dagger.glif","\/elektron-shaded.ufo\/glyphs\/degree.glif":"\/elektron-shaded.ufo\/glyphs\/degree.glif","\/elektron-shaded.ufo\/glyphs\/dieresis.glif":"\/elektron-shaded.ufo\/glyphs\/dieresis.glif","\/elektron-shaded.ufo\/glyphs\/divide.glif":"\/elektron-shaded.ufo\/glyphs\/divide.glif","\/elektron-shaded.ufo\/glyphs\/dollar.glif":"\/elektron-shaded.ufo\/glyphs\/dollar.glif","\/elektron-shaded.ufo\/glyphs\/dotaccent.glif":"\/elektron-shaded.ufo\/glyphs\/dotaccent.glif","\/elektron-shaded.ufo\/glyphs\/dotlessi.glif":"\/elektron-shaded.ufo\/glyphs\/dotlessi.glif","\/elektron-shaded.ufo\/glyphs\/e.glif":"\/elektron-shaded.ufo\/glyphs\/e.glif","\/elektron-shaded.ufo\/glyphs\/eacute.glif":"\/elektron-shaded.ufo\/glyphs\/eacute.glif","\/elektron-shaded.ufo\/glyphs\/ecircumflex.glif":"\/elektron-shaded.ufo\/glyphs\/ecircumflex.glif","\/elektron-shaded.ufo\/glyphs\/edieresis.glif":"\/elektron-shaded.ufo\/glyphs\/edieresis.glif","\/elektron-shaded.ufo\/glyphs\/egrave.glif":"\/elektron-shaded.ufo\/glyphs\/egrave.glif","\/elektron-shaded.ufo\/glyphs\/eight.glif":"\/elektron-shaded.ufo\/glyphs\/eight.glif","\/elektron-shaded.ufo\/glyphs\/ellipsis.glif":"\/elektron-shaded.ufo\/glyphs\/ellipsis.glif","\/elektron-shaded.ufo\/glyphs\/emdash.glif":"\/elektron-shaded.ufo\/glyphs\/emdash.glif","\/elektron-shaded.ufo\/glyphs\/endash.glif":"\/elektron-shaded.ufo\/glyphs\/endash.glif","\/elektron-shaded.ufo\/glyphs\/equal.glif":"\/elektron-shaded.ufo\/glyphs\/equal.glif","\/elektron-shaded.ufo\/glyphs\/eth.glif":"\/elektron-shaded.ufo\/glyphs\/eth.glif","\/elektron-shaded.ufo\/glyphs\/exclam.glif":"\/elektron-shaded.ufo\/glyphs\/exclam.glif","\/elektron-shaded.ufo\/glyphs\/exclamdown.glif":"\/elektron-shaded.ufo\/glyphs\/exclamdown.glif","\/elektron-shaded.ufo\/glyphs\/f.glif":"\/elektron-shaded.ufo\/glyphs\/f.glif","\/elektron-shaded.ufo\/glyphs\/fi.glif":"\/elektron-shaded.ufo\/glyphs\/fi.glif","\/elektron-shaded.ufo\/glyphs\/five.glif":"\/elektron-shaded.ufo\/glyphs\/five.glif","\/elektron-shaded.ufo\/glyphs\/florin.glif":"\/elektron-shaded.ufo\/glyphs\/florin.glif","\/elektron-shaded.ufo\/glyphs\/four.glif":"\/elektron-shaded.ufo\/glyphs\/four.glif","\/elektron-shaded.ufo\/glyphs\/fraction.glif":"\/elektron-shaded.ufo\/glyphs\/fraction.glif","\/elektron-shaded.ufo\/glyphs\/g.glif":"\/elektron-shaded.ufo\/glyphs\/g.glif","\/elektron-shaded.ufo\/glyphs\/germandbls.glif":"\/elektron-shaded.ufo\/glyphs\/germandbls.glif","\/elektron-shaded.ufo\/glyphs\/grave.glif":"\/elektron-shaded.ufo\/glyphs\/grave.glif","\/elektron-shaded.ufo\/glyphs\/greater.glif":"\/elektron-shaded.ufo\/glyphs\/greater.glif","\/elektron-shaded.ufo\/glyphs\/guillemotleft.glif":"\/elektron-shaded.ufo\/glyphs\/guillemotleft.glif","\/elektron-shaded.ufo\/glyphs\/guillemotright.glif":"\/elektron-shaded.ufo\/glyphs\/guillemotright.glif","\/elektron-shaded.ufo\/glyphs\/guilsinglleft.glif":"\/elektron-shaded.ufo\/glyphs\/guilsinglleft.glif","\/elektron-shaded.ufo\/glyphs\/guilsinglright.glif":"\/elektron-shaded.ufo\/glyphs\/guilsinglright.glif","\/elektron-shaded.ufo\/glyphs\/h.glif":"\/elektron-shaded.ufo\/glyphs\/h.glif","\/elektron-shaded.ufo\/glyphs\/hungarumlaut.glif":"\/elektron-shaded.ufo\/glyphs\/hungarumlaut.glif","\/elektron-shaded.ufo\/glyphs\/hyphen.glif":"\/elektron-shaded.ufo\/glyphs\/hyphen.glif","\/elektron-shaded.ufo\/glyphs\/i.glif":"\/elektron-shaded.ufo\/glyphs\/i.glif","\/elektron-shaded.ufo\/glyphs\/iacute.glif":"\/elektron-shaded.ufo\/glyphs\/iacute.glif","\/elektron-shaded.ufo\/glyphs\/icircumflex.glif":"\/elektron-shaded.ufo\/glyphs\/icircumflex.glif","\/elektron-shaded.ufo\/glyphs\/idieresis.glif":"\/elektron-shaded.ufo\/glyphs\/idieresis.glif","\/elektron-shaded.ufo\/glyphs\/igrave.glif":"\/elektron-shaded.ufo\/glyphs\/igrave.glif","\/elektron-shaded.ufo\/glyphs\/j.glif":"\/elektron-shaded.ufo\/glyphs\/j.glif","\/elektron-shaded.ufo\/glyphs\/k.glif":"\/elektron-shaded.ufo\/glyphs\/k.glif","\/elektron-shaded.ufo\/glyphs\/l.glif":"\/elektron-shaded.ufo\/glyphs\/l.glif","\/elektron-shaded.ufo\/glyphs\/less.glif":"\/elektron-shaded.ufo\/glyphs\/less.glif","\/elektron-shaded.ufo\/glyphs\/lozenge.glif":"\/elektron-shaded.ufo\/glyphs\/lozenge.glif","\/elektron-shaded.ufo\/glyphs\/lslash.glif":"\/elektron-shaded.ufo\/glyphs\/lslash.glif","\/elektron-shaded.ufo\/glyphs\/m.glif":"\/elektron-shaded.ufo\/glyphs\/m.glif","\/elektron-shaded.ufo\/glyphs\/macron.glif":"\/elektron-shaded.ufo\/glyphs\/macron.glif","\/elektron-shaded.ufo\/glyphs\/minus.glif":"\/elektron-shaded.ufo\/glyphs\/minus.glif","\/elektron-shaded.ufo\/glyphs\/multiply.glif":"\/elektron-shaded.ufo\/glyphs\/multiply.glif","\/elektron-shaded.ufo\/glyphs\/n.glif":"\/elektron-shaded.ufo\/glyphs\/n.glif","\/elektron-shaded.ufo\/glyphs\/nbspace.glif":"\/elektron-shaded.ufo\/glyphs\/nbspace.glif","\/elektron-shaded.ufo\/glyphs\/nine.glif":"\/elektron-shaded.ufo\/glyphs\/nine.glif","\/elektron-shaded.ufo\/glyphs\/ntilde.glif":"\/elektron-shaded.ufo\/glyphs\/ntilde.glif","\/elektron-shaded.ufo\/glyphs\/numbersign.glif":"\/elektron-shaded.ufo\/glyphs\/numbersign.glif","\/elektron-shaded.ufo\/glyphs\/o.glif":"\/elektron-shaded.ufo\/glyphs\/o.glif","\/elektron-shaded.ufo\/glyphs\/oacute.glif":"\/elektron-shaded.ufo\/glyphs\/oacute.glif","\/elektron-shaded.ufo\/glyphs\/ocircumflex.glif":"\/elektron-shaded.ufo\/glyphs\/ocircumflex.glif","\/elektron-shaded.ufo\/glyphs\/odieresis.glif":"\/elektron-shaded.ufo\/glyphs\/odieresis.glif","\/elektron-shaded.ufo\/glyphs\/oe.glif":"\/elektron-shaded.ufo\/glyphs\/oe.glif","\/elektron-shaded.ufo\/glyphs\/ogonek.glif":"\/elektron-shaded.ufo\/glyphs\/ogonek.glif","\/elektron-shaded.ufo\/glyphs\/ograve.glif":"\/elektron-shaded.ufo\/glyphs\/ograve.glif","\/elektron-shaded.ufo\/glyphs\/one.glif":"\/elektron-shaded.ufo\/glyphs\/one.glif","\/elektron-shaded.ufo\/glyphs\/ordfeminine.glif":"\/elektron-shaded.ufo\/glyphs\/ordfeminine.glif","\/elektron-shaded.ufo\/glyphs\/ordmasculine.glif":"\/elektron-shaded.ufo\/glyphs\/ordmasculine.glif","\/elektron-shaded.ufo\/glyphs\/oslash.glif":"\/elektron-shaded.ufo\/glyphs\/oslash.glif","\/elektron-shaded.ufo\/glyphs\/otilde.glif":"\/elektron-shaded.ufo\/glyphs\/otilde.glif","\/elektron-shaded.ufo\/glyphs\/p.glif":"\/elektron-shaded.ufo\/glyphs\/p.glif","\/elektron-shaded.ufo\/glyphs\/paragraph.glif":"\/elektron-shaded.ufo\/glyphs\/paragraph.glif","\/elektron-shaded.ufo\/glyphs\/parenleft.glif":"\/elektron-shaded.ufo\/glyphs\/parenleft.glif","\/elektron-shaded.ufo\/glyphs\/parenright.glif":"\/elektron-shaded.ufo\/glyphs\/parenright.glif","\/elektron-shaded.ufo\/glyphs\/percent.glif":"\/elektron-shaded.ufo\/glyphs\/percent.glif","\/elektron-shaded.ufo\/glyphs\/period.glif":"\/elektron-shaded.ufo\/glyphs\/period.glif","\/elektron-shaded.ufo\/glyphs\/periodcentered.glif":"\/elektron-shaded.ufo\/glyphs\/periodcentered.glif","\/elektron-shaded.ufo\/glyphs\/perthousand.glif":"\/elektron-shaded.ufo\/glyphs\/perthousand.glif","\/elektron-shaded.ufo\/glyphs\/pi.glif":"\/elektron-shaded.ufo\/glyphs\/pi.glif","\/elektron-shaded.ufo\/glyphs\/plus.glif":"\/elektron-shaded.ufo\/glyphs\/plus.glif","\/elektron-shaded.ufo\/glyphs\/q.glif":"\/elektron-shaded.ufo\/glyphs\/q.glif","\/elektron-shaded.ufo\/glyphs\/question.glif":"\/elektron-shaded.ufo\/glyphs\/question.glif","\/elektron-shaded.ufo\/glyphs\/questiondown.glif":"\/elektron-shaded.ufo\/glyphs\/questiondown.glif","\/elektron-shaded.ufo\/glyphs\/quotedbl.glif":"\/elektron-shaded.ufo\/glyphs\/quotedbl.glif","\/elektron-shaded.ufo\/glyphs\/quotedblbase.glif":"\/elektron-shaded.ufo\/glyphs\/quotedblbase.glif","\/elektron-shaded.ufo\/glyphs\/quotedblleft.glif":"\/elektron-shaded.ufo\/glyphs\/quotedblleft.glif","\/elektron-shaded.ufo\/glyphs\/quotedblright.glif":"\/elektron-shaded.ufo\/glyphs\/quotedblright.glif","\/elektron-shaded.ufo\/glyphs\/quoteleft.glif":"\/elektron-shaded.ufo\/glyphs\/quoteleft.glif","\/elektron-shaded.ufo\/glyphs\/quoteright.glif":"\/elektron-shaded.ufo\/glyphs\/quoteright.glif","\/elektron-shaded.ufo\/glyphs\/quotesinglbase.glif":"\/elektron-shaded.ufo\/glyphs\/quotesinglbase.glif","\/elektron-shaded.ufo\/glyphs\/quotesingle.glif":"\/elektron-shaded.ufo\/glyphs\/quotesingle.glif","\/elektron-shaded.ufo\/glyphs\/r.glif":"\/elektron-shaded.ufo\/glyphs\/r.glif","\/elektron-shaded.ufo\/glyphs\/registered.glif":"\/elektron-shaded.ufo\/glyphs\/registered.glif","\/elektron-shaded.ufo\/glyphs\/ring.glif":"\/elektron-shaded.ufo\/glyphs\/ring.glif","\/elektron-shaded.ufo\/glyphs\/s.glif":"\/elektron-shaded.ufo\/glyphs\/s.glif","\/elektron-shaded.ufo\/glyphs\/scaron.glif":"\/elektron-shaded.ufo\/glyphs\/scaron.glif","\/elektron-shaded.ufo\/glyphs\/semicolon.glif":"\/elektron-shaded.ufo\/glyphs\/semicolon.glif","\/elektron-shaded.ufo\/glyphs\/seven.glif":"\/elektron-shaded.ufo\/glyphs\/seven.glif","\/elektron-shaded.ufo\/glyphs\/six.glif":"\/elektron-shaded.ufo\/glyphs\/six.glif","\/elektron-shaded.ufo\/glyphs\/slash.glif":"\/elektron-shaded.ufo\/glyphs\/slash.glif","\/elektron-shaded.ufo\/glyphs\/space.glif":"\/elektron-shaded.ufo\/glyphs\/space.glif","\/elektron-shaded.ufo\/glyphs\/sterling.glif":"\/elektron-shaded.ufo\/glyphs\/sterling.glif","\/elektron-shaded.ufo\/glyphs\/t.glif":"\/elektron-shaded.ufo\/glyphs\/t.glif","\/elektron-shaded.ufo\/glyphs\/thorn.glif":"\/elektron-shaded.ufo\/glyphs\/thorn.glif","\/elektron-shaded.ufo\/glyphs\/three.glif":"\/elektron-shaded.ufo\/glyphs\/three.glif","\/elektron-shaded.ufo\/glyphs\/tilde.glif":"\/elektron-shaded.ufo\/glyphs\/tilde.glif","\/elektron-shaded.ufo\/glyphs\/trademark.glif":"\/elektron-shaded.ufo\/glyphs\/trademark.glif","\/elektron-shaded.ufo\/glyphs\/two.glif":"\/elektron-shaded.ufo\/glyphs\/two.glif","\/elektron-shaded.ufo\/glyphs\/u.glif":"\/elektron-shaded.ufo\/glyphs\/u.glif","\/elektron-shaded.ufo\/glyphs\/uacute.glif":"\/elektron-shaded.ufo\/glyphs\/uacute.glif","\/elektron-shaded.ufo\/glyphs\/ucircumflex.glif":"\/elektron-shaded.ufo\/glyphs\/ucircumflex.glif","\/elektron-shaded.ufo\/glyphs\/udieresis.glif":"\/elektron-shaded.ufo\/glyphs\/udieresis.glif","\/elektron-shaded.ufo\/glyphs\/ugrave.glif":"\/elektron-shaded.ufo\/glyphs\/ugrave.glif","\/elektron-shaded.ufo\/glyphs\/underscore.glif":"\/elektron-shaded.ufo\/glyphs\/underscore.glif","\/elektron-shaded.ufo\/glyphs\/v.glif":"\/elektron-shaded.ufo\/glyphs\/v.glif","\/elektron-shaded.ufo\/glyphs\/w.glif":"\/elektron-shaded.ufo\/glyphs\/w.glif","\/elektron-shaded.ufo\/glyphs\/x.glif":"\/elektron-shaded.ufo\/glyphs\/x.glif","\/elektron-shaded.ufo\/glyphs\/y.glif":"\/elektron-shaded.ufo\/glyphs\/y.glif","\/elektron-shaded.ufo\/glyphs\/yacute.glif":"\/elektron-shaded.ufo\/glyphs\/yacute.glif","\/elektron-shaded.ufo\/glyphs\/ydieresis.glif":"\/elektron-shaded.ufo\/glyphs\/ydieresis.glif","\/elektron-shaded.ufo\/glyphs\/yen.glif":"\/elektron-shaded.ufo\/glyphs\/yen.glif","\/elektron-shaded.ufo\/glyphs\/z.glif":"\/elektron-shaded.ufo\/glyphs\/z.glif","\/elektron-shaded.ufo\/glyphs\/zcaron.glif":"\/elektron-shaded.ufo\/glyphs\/zcaron.glif","\/elektron-shaded.ufo\/glyphs\/zero.glif":"\/elektron-shaded.ufo\/glyphs\/zero.glif"},"Font":{"uploaded":1471054496.554,"licence":"gpl3","company":"Chronolabs Cooperative","title":"Elektron Shaded","version":3.002,"date":"Fri Aug 12 15:35:41 2016","creator":"root","type":"1","matrix":"0.001 0 0 0.001 0 0","named":"Elektron-Shaded","painttype":"0","info":"10 dict dup","name":"Elektron-Shaded","family":"Elektron","weight":"Shaded","fstype":"0","italicangle":"0","underlineposition":"","underlinethickness":""},"Licences":{"":false},"Table":{"FFTM":{"entryLength":16,"tag":"FFTM","checksum":1944407530,"offset":69996,"length":28},"GDEF":{"entryLength":16,"tag":"GDEF","checksum":17498118,"offset":69964,"length":32},"OS\/2":{"entryLength":16,"tag":"OS\/2","checksum":2006391454,"offset":344,"length":86},"cmap":{"entryLength":16,"tag":"cmap","checksum":3375258940,"offset":1320,"length":610},"gasp":{"entryLength":16,"tag":"gasp","checksum":4294901763,"offset":69956,"length":8},"glyf":{"entryLength":16,"tag":"glyf","checksum":4073962999,"offset":2380,"length":66116},"head":{"entryLength":16,"tag":"head","checksum":235419188,"offset":220,"length":54},"hhea":{"entryLength":16,"tag":"hhea","checksum":187959102,"offset":276,"length":36},"hmtx":{"entryLength":16,"tag":"hmtx","checksum":4092468013,"offset":432,"length":888},"loca":{"entryLength":16,"tag":"loca","checksum":1615470308,"offset":1932,"length":446},"maxp":{"entryLength":16,"tag":"maxp","checksum":19792229,"offset":312,"length":32},"name":{"entryLength":16,"tag":"name","checksum":1829048834,"offset":68496,"length":969},"post":{"entryLength":16,"tag":"post","checksum":4178291360,"offset":69468,"length":486}},"UnicodeCharMap":{"32":3,"33":4,"34":5,"35":6,"36":7,"37":8,"38":9,"39":10,"40":11,"41":12,"42":13,"43":14,"44":15,"45":16,"46":17,"47":18,"48":19,"49":20,"50":21,"51":22,"52":23,"53":24,"54":25,"55":26,"56":27,"57":28,"58":29,"59":30,"60":31,"61":32,"62":33,"63":34,"64":35,"65":36,"66":37,"67":38,"68":39,"69":40,"70":41,"71":42,"72":43,"73":44,"74":45,"75":46,"76":47,"77":48,"78":49,"79":50,"80":51,"81":52,"82":53,"83":54,"84":55,"85":56,"86":57,"87":58,"88":59,"89":60,"90":61,"91":62,"92":63,"93":64,"94":65,"95":66,"96":67,"97":68,"98":69,"99":70,"100":71,"101":72,"102":73,"103":74,"104":75,"105":76,"106":77,"107":78,"108":79,"109":80,"110":81,"111":82,"112":83,"113":84,"114":85,"115":86,"116":87,"117":88,"118":89,"119":90,"120":91,"121":92,"122":93,"123":94,"124":95,"125":96,"126":97,"160":98,"161":99,"162":100,"163":101,"165":102,"166":103,"168":104,"169":105,"170":106,"171":107,"174":108,"175":109,"176":110,"180":111,"182":112,"183":113,"184":114,"186":115,"187":116,"191":117,"192":118,"193":119,"194":120,"195":121,"196":122,"197":123,"198":124,"199":125,"200":126,"201":127,"202":128,"203":129,"204":130,"205":131,"206":132,"207":133,"208":134,"209":135,"210":136,"211":137,"212":138,"213":139,"214":140,"215":141,"216":142,"217":143,"218":144,"219":145,"220":146,"221":147,"222":148,"223":149,"224":150,"225":151,"226":152,"227":153,"228":154,"229":155,"230":156,"231":157,"232":158,"233":159,"234":160,"235":161,"236":162,"237":163,"238":164,"239":165,"240":166,"241":167,"242":168,"243":169,"244":170,"245":171,"246":172,"247":173,"248":174,"249":175,"250":176,"251":177,"252":178,"253":179,"254":180,"255":181,"305":209,"321":207,"322":210,"338":208,"339":211,"352":212,"353":213,"376":220,"381":214,"382":215,"402":185,"710":198,"711":205,"728":200,"729":201,"730":202,"731":204,"732":199,"733":203,"960":218,"8211":190,"8212":206,"8216":183,"8217":182,"8218":193,"8220":186,"8221":195,"8222":194,"8224":191,"8226":192,"8230":196,"8240":197,"8249":187,"8250":188,"8260":184,"8482":217,"8722":216,"9674":219,"64257":189},"Reserves":{"fontname":"Elektron Shaded"},"Names":{"Elektron Shaded":{"name":"Elektron Shaded","longitude":"0.00000001","latitude":"0.00000001","country":"","region":"","city":""}},"Nodes":{"el":{"type":"typal","node":"el","usage":1,"weight":1},"on":{"type":"typal","node":"on","usage":1,"weight":1},"sh":{"type":"typal","node":"sh","usage":1,"weight":1},"ed":{"type":"typal","node":"ed","usage":1,"weight":1},"ele":{"type":"typal","node":"ele","usage":1,"weight":1},"ron":{"type":"typal","node":"ron","usage":1,"weight":1},"sha":{"type":"typal","node":"sha","usage":1,"weight":1},"ded":{"type":"typal","node":"ded","usage":1,"weight":1},"elek":{"type":"keys","node":"elek","usage":1,"weight":1},"tron":{"type":"keys","node":"tron","usage":1,"weight":1},"shad":{"type":"keys","node":"shad","usage":1,"weight":1},"aded":{"type":"keys","node":"aded","usage":1,"weight":1},"elekt":{"type":"keys","node":"elekt","usage":1,"weight":1},"ktron":{"type":"keys","node":"ktron","usage":1,"weight":1},"shade":{"type":"keys","node":"shade","usage":1,"weight":1},"haded":{"type":"keys","node":"haded","usage":1,"weight":1},"elektron":{"type":"fixes","node":"elektron","usage":1,"weight":1},"shaded":{"type":"fixes","node":"shaded","usage":1,"weight":1}},"Contributors":[],"FontIdentity":"wagovau:d069e8d2f11cc9f2c0ea6493","Bytes":null,"Networking":[],"barcode":"ys1110m9ckaesw3","referee":"scu75"}