{"CSS":{"QTypeSquare-Book":"QTypeSquare-Book.css","QType Square Book":"emmaquine:c05cd4b44e3ba0fc6bff61.css"},"FontType":"TrueType","FontCopyright":"2004 Achaz Reuss, published by FontShop International for the FontFont library.","FontName":"QTypeSquare-Book","FontSubfamily":"Book","FontSubfamilyID":"FontForge 2.0 : QTypeSquare-Book : 15-10-2016","FontFullName":"QType Square Book","FontVersion":"Version 004.460 ","FontWeight":null,"FontPostscriptName":"QTypeSquare-Book","Files":{"\/QTypeSquare-Book.css":"\/QTypeSquare-Book.css","\/font-resource.json":"\/font-resource.json","\/qtypesquare-book.afm":"\/qtypesquare-book.afm","\/qtypesquare-book.cef":"\/qtypesquare-book.cef","\/qtypesquare-book.cff":"\/qtypesquare-book.cff","\/qtypesquare-book.eot":"\/qtypesquare-book.eot","\/qtypesquare-book.gai":"\/qtypesquare-book.gai","\/qtypesquare-book.gsf":"\/qtypesquare-book.gsf","\/qtypesquare-book.otf":"\/qtypesquare-book.otf","\/qtypesquare-book.pf3":"\/qtypesquare-book.pf3","\/qtypesquare-book.pfa":"\/qtypesquare-book.pfa","\/qtypesquare-book.pfb":"\/qtypesquare-book.pfb","\/qtypesquare-book.php":"\/qtypesquare-book.php","\/qtypesquare-book.pt3":"\/qtypesquare-book.pt3","\/qtypesquare-book.sfd":"\/qtypesquare-book.sfd","\/qtypesquare-book.svg":"\/qtypesquare-book.svg","\/qtypesquare-book.t42":"\/qtypesquare-book.t42","\/qtypesquare-book.ttd":"\/qtypesquare-book.ttd","\/qtypesquare-book.ttf":"\/qtypesquare-book.ttf","\/qtypesquare-book.ttg":"\/qtypesquare-book.ttg","\/qtypesquare-book.ufm":"\/qtypesquare-book.ufm","\/qtypesquare-book.woff":"\/qtypesquare-book.woff","\/qtypesquare-book.z":"\/qtypesquare-book.z","\/qtypesquare-book.ufo\/feature.fea":"\/qtypesquare-book.ufo\/feature.fea","\/qtypesquare-book.ufo\/fontinfo.plist":"\/qtypesquare-book.ufo\/fontinfo.plist","\/qtypesquare-book.ufo\/groups.plist":"\/qtypesquare-book.ufo\/groups.plist","\/qtypesquare-book.ufo\/kerning.plist":"\/qtypesquare-book.ufo\/kerning.plist","\/qtypesquare-book.ufo\/metainfo.plist":"\/qtypesquare-book.ufo\/metainfo.plist","\/qtypesquare-book.ufo\/glyphs\/A_.glif":"\/qtypesquare-book.ufo\/glyphs\/A_.glif","\/qtypesquare-book.ufo\/glyphs\/A_E_.glif":"\/qtypesquare-book.ufo\/glyphs\/A_E_.glif","\/qtypesquare-book.ufo\/glyphs\/A_acute.glif":"\/qtypesquare-book.ufo\/glyphs\/A_acute.glif","\/qtypesquare-book.ufo\/glyphs\/A_circumflex.glif":"\/qtypesquare-book.ufo\/glyphs\/A_circumflex.glif","\/qtypesquare-book.ufo\/glyphs\/A_dieresis.glif":"\/qtypesquare-book.ufo\/glyphs\/A_dieresis.glif","\/qtypesquare-book.ufo\/glyphs\/A_grave.glif":"\/qtypesquare-book.ufo\/glyphs\/A_grave.glif","\/qtypesquare-book.ufo\/glyphs\/A_ring.glif":"\/qtypesquare-book.ufo\/glyphs\/A_ring.glif","\/qtypesquare-book.ufo\/glyphs\/A_tilde.glif":"\/qtypesquare-book.ufo\/glyphs\/A_tilde.glif","\/qtypesquare-book.ufo\/glyphs\/B_.glif":"\/qtypesquare-book.ufo\/glyphs\/B_.glif","\/qtypesquare-book.ufo\/glyphs\/C_.glif":"\/qtypesquare-book.ufo\/glyphs\/C_.glif","\/qtypesquare-book.ufo\/glyphs\/C_R_.glif":"\/qtypesquare-book.ufo\/glyphs\/C_R_.glif","\/qtypesquare-book.ufo\/glyphs\/C_acute.glif":"\/qtypesquare-book.ufo\/glyphs\/C_acute.glif","\/qtypesquare-book.ufo\/glyphs\/C_caron.glif":"\/qtypesquare-book.ufo\/glyphs\/C_caron.glif","\/qtypesquare-book.ufo\/glyphs\/C_cedilla.glif":"\/qtypesquare-book.ufo\/glyphs\/C_cedilla.glif","\/qtypesquare-book.ufo\/glyphs\/D_.glif":"\/qtypesquare-book.ufo\/glyphs\/D_.glif","\/qtypesquare-book.ufo\/glyphs\/E_.glif":"\/qtypesquare-book.ufo\/glyphs\/E_.glif","\/qtypesquare-book.ufo\/glyphs\/E_acute.glif":"\/qtypesquare-book.ufo\/glyphs\/E_acute.glif","\/qtypesquare-book.ufo\/glyphs\/E_circumflex.glif":"\/qtypesquare-book.ufo\/glyphs\/E_circumflex.glif","\/qtypesquare-book.ufo\/glyphs\/E_dieresis.glif":"\/qtypesquare-book.ufo\/glyphs\/E_dieresis.glif","\/qtypesquare-book.ufo\/glyphs\/E_grave.glif":"\/qtypesquare-book.ufo\/glyphs\/E_grave.glif","\/qtypesquare-book.ufo\/glyphs\/E_th.glif":"\/qtypesquare-book.ufo\/glyphs\/E_th.glif","\/qtypesquare-book.ufo\/glyphs\/E_uro.glif":"\/qtypesquare-book.ufo\/glyphs\/E_uro.glif","\/qtypesquare-book.ufo\/glyphs\/F_.glif":"\/qtypesquare-book.ufo\/glyphs\/F_.glif","\/qtypesquare-book.ufo\/glyphs\/G_.glif":"\/qtypesquare-book.ufo\/glyphs\/G_.glif","\/qtypesquare-book.ufo\/glyphs\/G_breve.glif":"\/qtypesquare-book.ufo\/glyphs\/G_breve.glif","\/qtypesquare-book.ufo\/glyphs\/H_.glif":"\/qtypesquare-book.ufo\/glyphs\/H_.glif","\/qtypesquare-book.ufo\/glyphs\/I_.glif":"\/qtypesquare-book.ufo\/glyphs\/I_.glif","\/qtypesquare-book.ufo\/glyphs\/I_acute.glif":"\/qtypesquare-book.ufo\/glyphs\/I_acute.glif","\/qtypesquare-book.ufo\/glyphs\/I_circumflex.glif":"\/qtypesquare-book.ufo\/glyphs\/I_circumflex.glif","\/qtypesquare-book.ufo\/glyphs\/I_dieresis.glif":"\/qtypesquare-book.ufo\/glyphs\/I_dieresis.glif","\/qtypesquare-book.ufo\/glyphs\/I_dot.glif":"\/qtypesquare-book.ufo\/glyphs\/I_dot.glif","\/qtypesquare-book.ufo\/glyphs\/I_grave.glif":"\/qtypesquare-book.ufo\/glyphs\/I_grave.glif","\/qtypesquare-book.ufo\/glyphs\/J_.glif":"\/qtypesquare-book.ufo\/glyphs\/J_.glif","\/qtypesquare-book.ufo\/glyphs\/K_.glif":"\/qtypesquare-book.ufo\/glyphs\/K_.glif","\/qtypesquare-book.ufo\/glyphs\/L_.glif":"\/qtypesquare-book.ufo\/glyphs\/L_.glif","\/qtypesquare-book.ufo\/glyphs\/L_slash.glif":"\/qtypesquare-book.ufo\/glyphs\/L_slash.glif","\/qtypesquare-book.ufo\/glyphs\/M_.glif":"\/qtypesquare-book.ufo\/glyphs\/M_.glif","\/qtypesquare-book.ufo\/glyphs\/N_.glif":"\/qtypesquare-book.ufo\/glyphs\/N_.glif","\/qtypesquare-book.ufo\/glyphs\/N_tilde.glif":"\/qtypesquare-book.ufo\/glyphs\/N_tilde.glif","\/qtypesquare-book.ufo\/glyphs\/O_.glif":"\/qtypesquare-book.ufo\/glyphs\/O_.glif","\/qtypesquare-book.ufo\/glyphs\/O_E_.glif":"\/qtypesquare-book.ufo\/glyphs\/O_E_.glif","\/qtypesquare-book.ufo\/glyphs\/O_acute.glif":"\/qtypesquare-book.ufo\/glyphs\/O_acute.glif","\/qtypesquare-book.ufo\/glyphs\/O_circumflex.glif":"\/qtypesquare-book.ufo\/glyphs\/O_circumflex.glif","\/qtypesquare-book.ufo\/glyphs\/O_dieresis.glif":"\/qtypesquare-book.ufo\/glyphs\/O_dieresis.glif","\/qtypesquare-book.ufo\/glyphs\/O_grave.glif":"\/qtypesquare-book.ufo\/glyphs\/O_grave.glif","\/qtypesquare-book.ufo\/glyphs\/O_slash.glif":"\/qtypesquare-book.ufo\/glyphs\/O_slash.glif","\/qtypesquare-book.ufo\/glyphs\/O_tilde.glif":"\/qtypesquare-book.ufo\/glyphs\/O_tilde.glif","\/qtypesquare-book.ufo\/glyphs\/P_.glif":"\/qtypesquare-book.ufo\/glyphs\/P_.glif","\/qtypesquare-book.ufo\/glyphs\/Q_.glif":"\/qtypesquare-book.ufo\/glyphs\/Q_.glif","\/qtypesquare-book.ufo\/glyphs\/R_.glif":"\/qtypesquare-book.ufo\/glyphs\/R_.glif","\/qtypesquare-book.ufo\/glyphs\/S_.glif":"\/qtypesquare-book.ufo\/glyphs\/S_.glif","\/qtypesquare-book.ufo\/glyphs\/S_caron.glif":"\/qtypesquare-book.ufo\/glyphs\/S_caron.glif","\/qtypesquare-book.ufo\/glyphs\/S_cedilla.glif":"\/qtypesquare-book.ufo\/glyphs\/S_cedilla.glif","\/qtypesquare-book.ufo\/glyphs\/T_.glif":"\/qtypesquare-book.ufo\/glyphs\/T_.glif","\/qtypesquare-book.ufo\/glyphs\/T_horn.glif":"\/qtypesquare-book.ufo\/glyphs\/T_horn.glif","\/qtypesquare-book.ufo\/glyphs\/U_.glif":"\/qtypesquare-book.ufo\/glyphs\/U_.glif","\/qtypesquare-book.ufo\/glyphs\/U_acute.glif":"\/qtypesquare-book.ufo\/glyphs\/U_acute.glif","\/qtypesquare-book.ufo\/glyphs\/U_circumflex.glif":"\/qtypesquare-book.ufo\/glyphs\/U_circumflex.glif","\/qtypesquare-book.ufo\/glyphs\/U_dieresis.glif":"\/qtypesquare-book.ufo\/glyphs\/U_dieresis.glif","\/qtypesquare-book.ufo\/glyphs\/U_grave.glif":"\/qtypesquare-book.ufo\/glyphs\/U_grave.glif","\/qtypesquare-book.ufo\/glyphs\/V_.glif":"\/qtypesquare-book.ufo\/glyphs\/V_.glif","\/qtypesquare-book.ufo\/glyphs\/W_.glif":"\/qtypesquare-book.ufo\/glyphs\/W_.glif","\/qtypesquare-book.ufo\/glyphs\/X_.glif":"\/qtypesquare-book.ufo\/glyphs\/X_.glif","\/qtypesquare-book.ufo\/glyphs\/Y_.glif":"\/qtypesquare-book.ufo\/glyphs\/Y_.glif","\/qtypesquare-book.ufo\/glyphs\/Y_acute.glif":"\/qtypesquare-book.ufo\/glyphs\/Y_acute.glif","\/qtypesquare-book.ufo\/glyphs\/Y_dieresis.glif":"\/qtypesquare-book.ufo\/glyphs\/Y_dieresis.glif","\/qtypesquare-book.ufo\/glyphs\/Z_.glif":"\/qtypesquare-book.ufo\/glyphs\/Z_.glif","\/qtypesquare-book.ufo\/glyphs\/Z_caron.glif":"\/qtypesquare-book.ufo\/glyphs\/Z_caron.glif","\/qtypesquare-book.ufo\/glyphs\/_null.glif":"\/qtypesquare-book.ufo\/glyphs\/_null.glif","\/qtypesquare-book.ufo\/glyphs\/a.glif":"\/qtypesquare-book.ufo\/glyphs\/a.glif","\/qtypesquare-book.ufo\/glyphs\/aacute.glif":"\/qtypesquare-book.ufo\/glyphs\/aacute.glif","\/qtypesquare-book.ufo\/glyphs\/acircumflex.glif":"\/qtypesquare-book.ufo\/glyphs\/acircumflex.glif","\/qtypesquare-book.ufo\/glyphs\/acute.glif":"\/qtypesquare-book.ufo\/glyphs\/acute.glif","\/qtypesquare-book.ufo\/glyphs\/adieresis.glif":"\/qtypesquare-book.ufo\/glyphs\/adieresis.glif","\/qtypesquare-book.ufo\/glyphs\/ae.glif":"\/qtypesquare-book.ufo\/glyphs\/ae.glif","\/qtypesquare-book.ufo\/glyphs\/agrave.glif":"\/qtypesquare-book.ufo\/glyphs\/agrave.glif","\/qtypesquare-book.ufo\/glyphs\/ampersand.glif":"\/qtypesquare-book.ufo\/glyphs\/ampersand.glif","\/qtypesquare-book.ufo\/glyphs\/aring.glif":"\/qtypesquare-book.ufo\/glyphs\/aring.glif","\/qtypesquare-book.ufo\/glyphs\/asciicircum.glif":"\/qtypesquare-book.ufo\/glyphs\/asciicircum.glif","\/qtypesquare-book.ufo\/glyphs\/asciitilde.glif":"\/qtypesquare-book.ufo\/glyphs\/asciitilde.glif","\/qtypesquare-book.ufo\/glyphs\/asterisk.glif":"\/qtypesquare-book.ufo\/glyphs\/asterisk.glif","\/qtypesquare-book.ufo\/glyphs\/at.glif":"\/qtypesquare-book.ufo\/glyphs\/at.glif","\/qtypesquare-book.ufo\/glyphs\/atilde.glif":"\/qtypesquare-book.ufo\/glyphs\/atilde.glif","\/qtypesquare-book.ufo\/glyphs\/b.glif":"\/qtypesquare-book.ufo\/glyphs\/b.glif","\/qtypesquare-book.ufo\/glyphs\/backslash.glif":"\/qtypesquare-book.ufo\/glyphs\/backslash.glif","\/qtypesquare-book.ufo\/glyphs\/bar.glif":"\/qtypesquare-book.ufo\/glyphs\/bar.glif","\/qtypesquare-book.ufo\/glyphs\/braceleft.glif":"\/qtypesquare-book.ufo\/glyphs\/braceleft.glif","\/qtypesquare-book.ufo\/glyphs\/braceright.glif":"\/qtypesquare-book.ufo\/glyphs\/braceright.glif","\/qtypesquare-book.ufo\/glyphs\/bracketleft.glif":"\/qtypesquare-book.ufo\/glyphs\/bracketleft.glif","\/qtypesquare-book.ufo\/glyphs\/bracketright.glif":"\/qtypesquare-book.ufo\/glyphs\/bracketright.glif","\/qtypesquare-book.ufo\/glyphs\/breve.glif":"\/qtypesquare-book.ufo\/glyphs\/breve.glif","\/qtypesquare-book.ufo\/glyphs\/brokenbar.glif":"\/qtypesquare-book.ufo\/glyphs\/brokenbar.glif","\/qtypesquare-book.ufo\/glyphs\/bullet.glif":"\/qtypesquare-book.ufo\/glyphs\/bullet.glif","\/qtypesquare-book.ufo\/glyphs\/c.glif":"\/qtypesquare-book.ufo\/glyphs\/c.glif","\/qtypesquare-book.ufo\/glyphs\/cacute.glif":"\/qtypesquare-book.ufo\/glyphs\/cacute.glif","\/qtypesquare-book.ufo\/glyphs\/caron.glif":"\/qtypesquare-book.ufo\/glyphs\/caron.glif","\/qtypesquare-book.ufo\/glyphs\/ccaron.glif":"\/qtypesquare-book.ufo\/glyphs\/ccaron.glif","\/qtypesquare-book.ufo\/glyphs\/ccedilla.glif":"\/qtypesquare-book.ufo\/glyphs\/ccedilla.glif","\/qtypesquare-book.ufo\/glyphs\/cedilla.glif":"\/qtypesquare-book.ufo\/glyphs\/cedilla.glif","\/qtypesquare-book.ufo\/glyphs\/cent.glif":"\/qtypesquare-book.ufo\/glyphs\/cent.glif","\/qtypesquare-book.ufo\/glyphs\/circumflex.glif":"\/qtypesquare-book.ufo\/glyphs\/circumflex.glif","\/qtypesquare-book.ufo\/glyphs\/colon.glif":"\/qtypesquare-book.ufo\/glyphs\/colon.glif","\/qtypesquare-book.ufo\/glyphs\/comma.glif":"\/qtypesquare-book.ufo\/glyphs\/comma.glif","\/qtypesquare-book.ufo\/glyphs\/contents.plist":"\/qtypesquare-book.ufo\/glyphs\/contents.plist","\/qtypesquare-book.ufo\/glyphs\/copyright.glif":"\/qtypesquare-book.ufo\/glyphs\/copyright.glif","\/qtypesquare-book.ufo\/glyphs\/currency.glif":"\/qtypesquare-book.ufo\/glyphs\/currency.glif","\/qtypesquare-book.ufo\/glyphs\/d.glif":"\/qtypesquare-book.ufo\/glyphs\/d.glif","\/qtypesquare-book.ufo\/glyphs\/dagger.glif":"\/qtypesquare-book.ufo\/glyphs\/dagger.glif","\/qtypesquare-book.ufo\/glyphs\/daggerdbl.glif":"\/qtypesquare-book.ufo\/glyphs\/daggerdbl.glif","\/qtypesquare-book.ufo\/glyphs\/degree.glif":"\/qtypesquare-book.ufo\/glyphs\/degree.glif","\/qtypesquare-book.ufo\/glyphs\/dieresis.glif":"\/qtypesquare-book.ufo\/glyphs\/dieresis.glif","\/qtypesquare-book.ufo\/glyphs\/divide.glif":"\/qtypesquare-book.ufo\/glyphs\/divide.glif","\/qtypesquare-book.ufo\/glyphs\/dmacron.glif":"\/qtypesquare-book.ufo\/glyphs\/dmacron.glif","\/qtypesquare-book.ufo\/glyphs\/dollar.glif":"\/qtypesquare-book.ufo\/glyphs\/dollar.glif","\/qtypesquare-book.ufo\/glyphs\/dotaccent.glif":"\/qtypesquare-book.ufo\/glyphs\/dotaccent.glif","\/qtypesquare-book.ufo\/glyphs\/dotlessi.glif":"\/qtypesquare-book.ufo\/glyphs\/dotlessi.glif","\/qtypesquare-book.ufo\/glyphs\/e.glif":"\/qtypesquare-book.ufo\/glyphs\/e.glif","\/qtypesquare-book.ufo\/glyphs\/eacute.glif":"\/qtypesquare-book.ufo\/glyphs\/eacute.glif","\/qtypesquare-book.ufo\/glyphs\/ecircumflex.glif":"\/qtypesquare-book.ufo\/glyphs\/ecircumflex.glif","\/qtypesquare-book.ufo\/glyphs\/edieresis.glif":"\/qtypesquare-book.ufo\/glyphs\/edieresis.glif","\/qtypesquare-book.ufo\/glyphs\/egrave.glif":"\/qtypesquare-book.ufo\/glyphs\/egrave.glif","\/qtypesquare-book.ufo\/glyphs\/eight.glif":"\/qtypesquare-book.ufo\/glyphs\/eight.glif","\/qtypesquare-book.ufo\/glyphs\/ellipsis.glif":"\/qtypesquare-book.ufo\/glyphs\/ellipsis.glif","\/qtypesquare-book.ufo\/glyphs\/emdash.glif":"\/qtypesquare-book.ufo\/glyphs\/emdash.glif","\/qtypesquare-book.ufo\/glyphs\/endash.glif":"\/qtypesquare-book.ufo\/glyphs\/endash.glif","\/qtypesquare-book.ufo\/glyphs\/equal.glif":"\/qtypesquare-book.ufo\/glyphs\/equal.glif","\/qtypesquare-book.ufo\/glyphs\/eth.glif":"\/qtypesquare-book.ufo\/glyphs\/eth.glif","\/qtypesquare-book.ufo\/glyphs\/exclam.glif":"\/qtypesquare-book.ufo\/glyphs\/exclam.glif","\/qtypesquare-book.ufo\/glyphs\/exclamdown.glif":"\/qtypesquare-book.ufo\/glyphs\/exclamdown.glif","\/qtypesquare-book.ufo\/glyphs\/f.glif":"\/qtypesquare-book.ufo\/glyphs\/f.glif","\/qtypesquare-book.ufo\/glyphs\/fi.glif":"\/qtypesquare-book.ufo\/glyphs\/fi.glif","\/qtypesquare-book.ufo\/glyphs\/five.glif":"\/qtypesquare-book.ufo\/glyphs\/five.glif","\/qtypesquare-book.ufo\/glyphs\/fl.glif":"\/qtypesquare-book.ufo\/glyphs\/fl.glif","\/qtypesquare-book.ufo\/glyphs\/florin.glif":"\/qtypesquare-book.ufo\/glyphs\/florin.glif","\/qtypesquare-book.ufo\/glyphs\/four.glif":"\/qtypesquare-book.ufo\/glyphs\/four.glif","\/qtypesquare-book.ufo\/glyphs\/fraction.glif":"\/qtypesquare-book.ufo\/glyphs\/fraction.glif","\/qtypesquare-book.ufo\/glyphs\/franc.glif":"\/qtypesquare-book.ufo\/glyphs\/franc.glif","\/qtypesquare-book.ufo\/glyphs\/g.glif":"\/qtypesquare-book.ufo\/glyphs\/g.glif","\/qtypesquare-book.ufo\/glyphs\/gbreve.glif":"\/qtypesquare-book.ufo\/glyphs\/gbreve.glif","\/qtypesquare-book.ufo\/glyphs\/germandbls.glif":"\/qtypesquare-book.ufo\/glyphs\/germandbls.glif","\/qtypesquare-book.ufo\/glyphs\/grave.glif":"\/qtypesquare-book.ufo\/glyphs\/grave.glif","\/qtypesquare-book.ufo\/glyphs\/greater.glif":"\/qtypesquare-book.ufo\/glyphs\/greater.glif","\/qtypesquare-book.ufo\/glyphs\/guillemotleft.glif":"\/qtypesquare-book.ufo\/glyphs\/guillemotleft.glif","\/qtypesquare-book.ufo\/glyphs\/guillemotright.glif":"\/qtypesquare-book.ufo\/glyphs\/guillemotright.glif","\/qtypesquare-book.ufo\/glyphs\/guilsinglleft.glif":"\/qtypesquare-book.ufo\/glyphs\/guilsinglleft.glif","\/qtypesquare-book.ufo\/glyphs\/guilsinglright.glif":"\/qtypesquare-book.ufo\/glyphs\/guilsinglright.glif","\/qtypesquare-book.ufo\/glyphs\/h.glif":"\/qtypesquare-book.ufo\/glyphs\/h.glif","\/qtypesquare-book.ufo\/glyphs\/hungarumlaut.glif":"\/qtypesquare-book.ufo\/glyphs\/hungarumlaut.glif","\/qtypesquare-book.ufo\/glyphs\/hyphen.glif":"\/qtypesquare-book.ufo\/glyphs\/hyphen.glif","\/qtypesquare-book.ufo\/glyphs\/i.glif":"\/qtypesquare-book.ufo\/glyphs\/i.glif","\/qtypesquare-book.ufo\/glyphs\/iacute.glif":"\/qtypesquare-book.ufo\/glyphs\/iacute.glif","\/qtypesquare-book.ufo\/glyphs\/icircumflex.glif":"\/qtypesquare-book.ufo\/glyphs\/icircumflex.glif","\/qtypesquare-book.ufo\/glyphs\/idieresis.glif":"\/qtypesquare-book.ufo\/glyphs\/idieresis.glif","\/qtypesquare-book.ufo\/glyphs\/igrave.glif":"\/qtypesquare-book.ufo\/glyphs\/igrave.glif","\/qtypesquare-book.ufo\/glyphs\/j.glif":"\/qtypesquare-book.ufo\/glyphs\/j.glif","\/qtypesquare-book.ufo\/glyphs\/k.glif":"\/qtypesquare-book.ufo\/glyphs\/k.glif","\/qtypesquare-book.ufo\/glyphs\/l.glif":"\/qtypesquare-book.ufo\/glyphs\/l.glif","\/qtypesquare-book.ufo\/glyphs\/less.glif":"\/qtypesquare-book.ufo\/glyphs\/less.glif","\/qtypesquare-book.ufo\/glyphs\/logicalnot.glif":"\/qtypesquare-book.ufo\/glyphs\/logicalnot.glif","\/qtypesquare-book.ufo\/glyphs\/lslash.glif":"\/qtypesquare-book.ufo\/glyphs\/lslash.glif","\/qtypesquare-book.ufo\/glyphs\/m.glif":"\/qtypesquare-book.ufo\/glyphs\/m.glif","\/qtypesquare-book.ufo\/glyphs\/macron.glif":"\/qtypesquare-book.ufo\/glyphs\/macron.glif","\/qtypesquare-book.ufo\/glyphs\/minus.glif":"\/qtypesquare-book.ufo\/glyphs\/minus.glif","\/qtypesquare-book.ufo\/glyphs\/mu.glif":"\/qtypesquare-book.ufo\/glyphs\/mu.glif","\/qtypesquare-book.ufo\/glyphs\/multiply.glif":"\/qtypesquare-book.ufo\/glyphs\/multiply.glif","\/qtypesquare-book.ufo\/glyphs\/n.glif":"\/qtypesquare-book.ufo\/glyphs\/n.glif","\/qtypesquare-book.ufo\/glyphs\/nine.glif":"\/qtypesquare-book.ufo\/glyphs\/nine.glif","\/qtypesquare-book.ufo\/glyphs\/ntilde.glif":"\/qtypesquare-book.ufo\/glyphs\/ntilde.glif","\/qtypesquare-book.ufo\/glyphs\/numbersign.glif":"\/qtypesquare-book.ufo\/glyphs\/numbersign.glif","\/qtypesquare-book.ufo\/glyphs\/o.glif":"\/qtypesquare-book.ufo\/glyphs\/o.glif","\/qtypesquare-book.ufo\/glyphs\/oacute.glif":"\/qtypesquare-book.ufo\/glyphs\/oacute.glif","\/qtypesquare-book.ufo\/glyphs\/ocircumflex.glif":"\/qtypesquare-book.ufo\/glyphs\/ocircumflex.glif","\/qtypesquare-book.ufo\/glyphs\/odieresis.glif":"\/qtypesquare-book.ufo\/glyphs\/odieresis.glif","\/qtypesquare-book.ufo\/glyphs\/oe.glif":"\/qtypesquare-book.ufo\/glyphs\/oe.glif","\/qtypesquare-book.ufo\/glyphs\/ogonek.glif":"\/qtypesquare-book.ufo\/glyphs\/ogonek.glif","\/qtypesquare-book.ufo\/glyphs\/ograve.glif":"\/qtypesquare-book.ufo\/glyphs\/ograve.glif","\/qtypesquare-book.ufo\/glyphs\/one.glif":"\/qtypesquare-book.ufo\/glyphs\/one.glif","\/qtypesquare-book.ufo\/glyphs\/onehalf.glif":"\/qtypesquare-book.ufo\/glyphs\/onehalf.glif","\/qtypesquare-book.ufo\/glyphs\/onequarter.glif":"\/qtypesquare-book.ufo\/glyphs\/onequarter.glif","\/qtypesquare-book.ufo\/glyphs\/onesuperior.glif":"\/qtypesquare-book.ufo\/glyphs\/onesuperior.glif","\/qtypesquare-book.ufo\/glyphs\/ordfeminine.glif":"\/qtypesquare-book.ufo\/glyphs\/ordfeminine.glif","\/qtypesquare-book.ufo\/glyphs\/ordmasculine.glif":"\/qtypesquare-book.ufo\/glyphs\/ordmasculine.glif","\/qtypesquare-book.ufo\/glyphs\/oslash.glif":"\/qtypesquare-book.ufo\/glyphs\/oslash.glif","\/qtypesquare-book.ufo\/glyphs\/otilde.glif":"\/qtypesquare-book.ufo\/glyphs\/otilde.glif","\/qtypesquare-book.ufo\/glyphs\/p.glif":"\/qtypesquare-book.ufo\/glyphs\/p.glif","\/qtypesquare-book.ufo\/glyphs\/paragraph.glif":"\/qtypesquare-book.ufo\/glyphs\/paragraph.glif","\/qtypesquare-book.ufo\/glyphs\/parenleft.glif":"\/qtypesquare-book.ufo\/glyphs\/parenleft.glif","\/qtypesquare-book.ufo\/glyphs\/parenright.glif":"\/qtypesquare-book.ufo\/glyphs\/parenright.glif","\/qtypesquare-book.ufo\/glyphs\/percent.glif":"\/qtypesquare-book.ufo\/glyphs\/percent.glif","\/qtypesquare-book.ufo\/glyphs\/period.glif":"\/qtypesquare-book.ufo\/glyphs\/period.glif","\/qtypesquare-book.ufo\/glyphs\/periodcentered.glif":"\/qtypesquare-book.ufo\/glyphs\/periodcentered.glif","\/qtypesquare-book.ufo\/glyphs\/perthousand.glif":"\/qtypesquare-book.ufo\/glyphs\/perthousand.glif","\/qtypesquare-book.ufo\/glyphs\/plus.glif":"\/qtypesquare-book.ufo\/glyphs\/plus.glif","\/qtypesquare-book.ufo\/glyphs\/plusminus.glif":"\/qtypesquare-book.ufo\/glyphs\/plusminus.glif","\/qtypesquare-book.ufo\/glyphs\/q.glif":"\/qtypesquare-book.ufo\/glyphs\/q.glif","\/qtypesquare-book.ufo\/glyphs\/question.glif":"\/qtypesquare-book.ufo\/glyphs\/question.glif","\/qtypesquare-book.ufo\/glyphs\/questiondown.glif":"\/qtypesquare-book.ufo\/glyphs\/questiondown.glif","\/qtypesquare-book.ufo\/glyphs\/quotedbl.glif":"\/qtypesquare-book.ufo\/glyphs\/quotedbl.glif","\/qtypesquare-book.ufo\/glyphs\/quotedblbase.glif":"\/qtypesquare-book.ufo\/glyphs\/quotedblbase.glif","\/qtypesquare-book.ufo\/glyphs\/quotedblleft.glif":"\/qtypesquare-book.ufo\/glyphs\/quotedblleft.glif","\/qtypesquare-book.ufo\/glyphs\/quotedblright.glif":"\/qtypesquare-book.ufo\/glyphs\/quotedblright.glif","\/qtypesquare-book.ufo\/glyphs\/quoteleft.glif":"\/qtypesquare-book.ufo\/glyphs\/quoteleft.glif","\/qtypesquare-book.ufo\/glyphs\/quoteright.glif":"\/qtypesquare-book.ufo\/glyphs\/quoteright.glif","\/qtypesquare-book.ufo\/glyphs\/quotesinglbase.glif":"\/qtypesquare-book.ufo\/glyphs\/quotesinglbase.glif","\/qtypesquare-book.ufo\/glyphs\/quotesingle.glif":"\/qtypesquare-book.ufo\/glyphs\/quotesingle.glif","\/qtypesquare-book.ufo\/glyphs\/r.glif":"\/qtypesquare-book.ufo\/glyphs\/r.glif","\/qtypesquare-book.ufo\/glyphs\/registered.glif":"\/qtypesquare-book.ufo\/glyphs\/registered.glif","\/qtypesquare-book.ufo\/glyphs\/ring.glif":"\/qtypesquare-book.ufo\/glyphs\/ring.glif","\/qtypesquare-book.ufo\/glyphs\/s.glif":"\/qtypesquare-book.ufo\/glyphs\/s.glif","\/qtypesquare-book.ufo\/glyphs\/scaron.glif":"\/qtypesquare-book.ufo\/glyphs\/scaron.glif","\/qtypesquare-book.ufo\/glyphs\/section.glif":"\/qtypesquare-book.ufo\/glyphs\/section.glif","\/qtypesquare-book.ufo\/glyphs\/semicolon.glif":"\/qtypesquare-book.ufo\/glyphs\/semicolon.glif","\/qtypesquare-book.ufo\/glyphs\/seven.glif":"\/qtypesquare-book.ufo\/glyphs\/seven.glif","\/qtypesquare-book.ufo\/glyphs\/six.glif":"\/qtypesquare-book.ufo\/glyphs\/six.glif","\/qtypesquare-book.ufo\/glyphs\/slash.glif":"\/qtypesquare-book.ufo\/glyphs\/slash.glif","\/qtypesquare-book.ufo\/glyphs\/space.glif":"\/qtypesquare-book.ufo\/glyphs\/space.glif","\/qtypesquare-book.ufo\/glyphs\/sterling.glif":"\/qtypesquare-book.ufo\/glyphs\/sterling.glif","\/qtypesquare-book.ufo\/glyphs\/t.glif":"\/qtypesquare-book.ufo\/glyphs\/t.glif","\/qtypesquare-book.ufo\/glyphs\/thorn.glif":"\/qtypesquare-book.ufo\/glyphs\/thorn.glif","\/qtypesquare-book.ufo\/glyphs\/three.glif":"\/qtypesquare-book.ufo\/glyphs\/three.glif","\/qtypesquare-book.ufo\/glyphs\/threequarters.glif":"\/qtypesquare-book.ufo\/glyphs\/threequarters.glif","\/qtypesquare-book.ufo\/glyphs\/threesuperior.glif":"\/qtypesquare-book.ufo\/glyphs\/threesuperior.glif","\/qtypesquare-book.ufo\/glyphs\/tilde.glif":"\/qtypesquare-book.ufo\/glyphs\/tilde.glif","\/qtypesquare-book.ufo\/glyphs\/trademark.glif":"\/qtypesquare-book.ufo\/glyphs\/trademark.glif","\/qtypesquare-book.ufo\/glyphs\/two.glif":"\/qtypesquare-book.ufo\/glyphs\/two.glif","\/qtypesquare-book.ufo\/glyphs\/twosuperior.glif":"\/qtypesquare-book.ufo\/glyphs\/twosuperior.glif","\/qtypesquare-book.ufo\/glyphs\/u.glif":"\/qtypesquare-book.ufo\/glyphs\/u.glif","\/qtypesquare-book.ufo\/glyphs\/uacute.glif":"\/qtypesquare-book.ufo\/glyphs\/uacute.glif","\/qtypesquare-book.ufo\/glyphs\/ucircumflex.glif":"\/qtypesquare-book.ufo\/glyphs\/ucircumflex.glif","\/qtypesquare-book.ufo\/glyphs\/udieresis.glif":"\/qtypesquare-book.ufo\/glyphs\/udieresis.glif","\/qtypesquare-book.ufo\/glyphs\/ugrave.glif":"\/qtypesquare-book.ufo\/glyphs\/ugrave.glif","\/qtypesquare-book.ufo\/glyphs\/underscore.glif":"\/qtypesquare-book.ufo\/glyphs\/underscore.glif","\/qtypesquare-book.ufo\/glyphs\/uni00A_0.glif":"\/qtypesquare-book.ufo\/glyphs\/uni00A_0.glif","\/qtypesquare-book.ufo\/glyphs\/uni00A_D_.glif":"\/qtypesquare-book.ufo\/glyphs\/uni00A_D_.glif","\/qtypesquare-book.ufo\/glyphs\/uni02C_9.glif":"\/qtypesquare-book.ufo\/glyphs\/uni02C_9.glif","\/qtypesquare-book.ufo\/glyphs\/uni037E_.glif":"\/qtypesquare-book.ufo\/glyphs\/uni037E_.glif","\/qtypesquare-book.ufo\/glyphs\/uni03B_C_.glif":"\/qtypesquare-book.ufo\/glyphs\/uni03B_C_.glif","\/qtypesquare-book.ufo\/glyphs\/uni2215.glif":"\/qtypesquare-book.ufo\/glyphs\/uni2215.glif","\/qtypesquare-book.ufo\/glyphs\/uni2219.glif":"\/qtypesquare-book.ufo\/glyphs\/uni2219.glif","\/qtypesquare-book.ufo\/glyphs\/uni2224.glif":"\/qtypesquare-book.ufo\/glyphs\/uni2224.glif","\/qtypesquare-book.ufo\/glyphs\/uni2227.glif":"\/qtypesquare-book.ufo\/glyphs\/uni2227.glif","\/qtypesquare-book.ufo\/glyphs\/uni22C_5.glif":"\/qtypesquare-book.ufo\/glyphs\/uni22C_5.glif","\/qtypesquare-book.ufo\/glyphs\/v.glif":"\/qtypesquare-book.ufo\/glyphs\/v.glif","\/qtypesquare-book.ufo\/glyphs\/w.glif":"\/qtypesquare-book.ufo\/glyphs\/w.glif","\/qtypesquare-book.ufo\/glyphs\/x.glif":"\/qtypesquare-book.ufo\/glyphs\/x.glif","\/qtypesquare-book.ufo\/glyphs\/y.glif":"\/qtypesquare-book.ufo\/glyphs\/y.glif","\/qtypesquare-book.ufo\/glyphs\/yacute.glif":"\/qtypesquare-book.ufo\/glyphs\/yacute.glif","\/qtypesquare-book.ufo\/glyphs\/ydieresis.glif":"\/qtypesquare-book.ufo\/glyphs\/ydieresis.glif","\/qtypesquare-book.ufo\/glyphs\/yen.glif":"\/qtypesquare-book.ufo\/glyphs\/yen.glif","\/qtypesquare-book.ufo\/glyphs\/z.glif":"\/qtypesquare-book.ufo\/glyphs\/z.glif","\/qtypesquare-book.ufo\/glyphs\/zcaron.glif":"\/qtypesquare-book.ufo\/glyphs\/zcaron.glif","\/qtypesquare-book.ufo\/glyphs\/zero.glif":"\/qtypesquare-book.ufo\/glyphs\/zero.glif"},"Font":{"uploaded":1477090860.8191,"licence":"gpl3","company":"Chronolabs Cooperative","title":"QType Square Book","version":3.002,"date":"Fri Oct 14 22:19:47 2016","creator":"root","type":"1","matrix":"0.001 0 0 0.001 0 0","named":"QTypeSquare-Book","painttype":"0","info":"10 dict dup","name":"QTypeSquare-Book","family":"QTypeSquare-Book","weight":"Normal","fstype":"0","italicangle":"0","underlineposition":"","underlinethickness":""},"Licences":{"":false},"Table":{"FFTM":{"entryLength":16,"tag":"FFTM","checksum":1955342422,"offset":26464,"length":28},"GDEF":{"entryLength":16,"tag":"GDEF","checksum":19529732,"offset":26432,"length":32},"OS\/2":{"entryLength":16,"tag":"OS\/2","checksum":1466768172,"offset":344,"length":86},"cmap":{"entryLength":16,"tag":"cmap","checksum":2617145585,"offset":1440,"length":734},"gasp":{"entryLength":16,"tag":"gasp","checksum":4294901763,"offset":26424,"length":8},"glyf":{"entryLength":16,"tag":"glyf","checksum":2363906452,"offset":2684,"length":22324},"head":{"entryLength":16,"tag":"head","checksum":201034284,"offset":220,"length":54},"hhea":{"entryLength":16,"tag":"hhea","checksum":143394103,"offset":276,"length":36},"hmtx":{"entryLength":16,"tag":"hmtx","checksum":2433894326,"offset":432,"length":1006},"loca":{"entryLength":16,"tag":"loca","checksum":709640402,"offset":2176,"length":508},"maxp":{"entryLength":16,"tag":"maxp","checksum":21364854,"offset":312,"length":32},"name":{"entryLength":16,"tag":"name","checksum":1389589948,"offset":25008,"length":771},"post":{"entryLength":16,"tag":"post","checksum":1536082174,"offset":25780,"length":641}},"UnicodeCharMap":{"0":1,"32":3,"33":4,"34":5,"35":6,"36":7,"37":8,"38":9,"39":10,"40":11,"41":12,"42":13,"43":14,"44":15,"45":16,"46":17,"47":18,"48":19,"49":20,"50":21,"51":22,"52":23,"53":24,"54":25,"55":26,"56":27,"57":28,"58":29,"59":30,"60":31,"61":32,"62":33,"63":34,"64":35,"65":36,"66":37,"67":38,"68":39,"69":40,"70":41,"71":42,"72":43,"73":44,"74":45,"75":46,"76":47,"77":48,"78":49,"79":50,"80":51,"81":52,"82":53,"83":54,"84":55,"85":56,"86":57,"87":58,"88":59,"89":60,"90":61,"91":62,"92":63,"93":64,"94":65,"95":66,"96":67,"97":68,"98":69,"99":70,"100":71,"101":72,"102":73,"103":74,"104":75,"105":76,"106":77,"107":78,"108":79,"109":80,"110":81,"111":82,"112":83,"113":84,"114":85,"115":86,"116":87,"117":88,"118":89,"119":90,"120":91,"121":92,"122":93,"123":94,"124":95,"125":96,"126":97,"160":231,"161":125,"162":126,"163":127,"164":128,"165":129,"166":130,"167":131,"168":132,"169":133,"170":134,"171":135,"172":136,"173":244,"174":137,"175":138,"176":139,"177":140,"178":141,"179":142,"180":143,"182":145,"183":146,"184":147,"185":148,"186":149,"187":150,"188":151,"189":152,"190":153,"191":154,"192":155,"193":156,"194":157,"195":158,"196":159,"197":160,"198":161,"199":162,"200":163,"201":164,"202":165,"203":166,"204":167,"205":168,"206":169,"207":170,"208":171,"209":172,"210":173,"211":174,"212":175,"213":176,"214":177,"215":178,"216":179,"217":180,"218":181,"219":182,"220":183,"221":184,"222":185,"223":186,"224":187,"225":188,"226":189,"227":190,"228":191,"229":192,"230":193,"231":194,"232":195,"233":196,"234":197,"235":198,"236":199,"237":200,"238":201,"239":202,"240":203,"241":204,"242":205,"243":206,"244":207,"245":208,"246":209,"247":210,"248":211,"249":212,"250":213,"251":214,"252":215,"253":216,"254":217,"255":218,"262":234,"263":239,"268":235,"269":240,"273":241,"286":236,"287":243,"304":237,"305":225,"321":229,"322":230,"338":109,"339":122,"350":238,"352":107,"353":120,"376":124,"381":110,"382":123,"402":100,"710":105,"711":224,"713":245,"728":219,"729":220,"730":221,"731":223,"732":118,"733":222,"894":246,"956":247,"8211":116,"8212":117,"8216":111,"8217":112,"8218":99,"8220":113,"8221":114,"8222":101,"8224":103,"8225":104,"8226":115,"8230":102,"8240":106,"8249":108,"8250":121,"8260":226,"8355":242,"8364":98,"8482":119,"8722":232,"8725":248,"8729":249,"8740":250,"8743":251,"8901":252,"64257":227,"64258":228},"Reserves":{"fontname":"QType Square Book"},"Names":{"QType Square Book":{"name":"QType Square Book","longitude":"0.00000001","latitude":"0.00000001","country":"","region":"","city":""}},"Nodes":{"qt":{"type":"typal","node":"qt","usage":1,"weight":1},"pe":{"type":"typal","node":"pe","usage":1,"weight":1},"sq":{"type":"typal","node":"sq","usage":1,"weight":1},"re":{"type":"typal","node":"re","usage":1,"weight":1},"bo":{"type":"typal","node":"bo","usage":1,"weight":1},"ok":{"type":"typal","node":"ok","usage":1,"weight":1},"qty":{"type":"typal","node":"qty","usage":1,"weight":1},"ype":{"type":"typal","node":"ype","usage":1,"weight":1},"squ":{"type":"typal","node":"squ","usage":1,"weight":1},"are":{"type":"typal","node":"are","usage":1,"weight":1},"boo":{"type":"typal","node":"boo","usage":1,"weight":1},"ook":{"type":"typal","node":"ook","usage":1,"weight":1},"qtyp":{"type":"keys","node":"qtyp","usage":1,"weight":1},"type":{"type":"keys","node":"type","usage":1,"weight":1},"squa":{"type":"keys","node":"squa","usage":1,"weight":1},"uare":{"type":"keys","node":"uare","usage":1,"weight":1},"squar":{"type":"keys","node":"squar","usage":1,"weight":1},"quare":{"type":"keys","node":"quare","usage":1,"weight":1},"qtype":{"type":"fixes","node":"qtype","usage":1,"weight":1},"square":{"type":"fixes","node":"square","usage":1,"weight":1},"book":{"type":"fixes","node":"book","usage":1,"weight":1}},"Contributors":[],"FontIdentity":"emmaquine:c05cd4b44e3ba0fc6bff61","Bytes":null,"Networking":[],"barcode":"aaokyaqa6qw4c","referee":"yuq4qscs"}