{"CSS":{"18 VAG Rounded Thin 55390":"18+VAG+Rounded+Thin+55390.css"},"FontType":"TrueType","FontCopyright":"Copyright (c) 1989 Adobe Systems Incorporated.  All Rights Reserved.","FontName":"VAGRounded","FontSubfamily":"Thin","FontSubfamilyID":"FontForge 2.0 : 18 VAG Rounded Thin 55390 : 13-8-2016","FontFullName":"1 8 VAG Rounded Thin 5 3 9 0","FontVersion":"Version 001.000 ","FontWeight":null,"FontPostscriptName":"VAGRounded-Thin","Files":{"\/fonts\/Unpacking\/38017c36b32c98c15b587cd92b6cc1cc53f2d863\/LICENCE":"\/fonts\/Unpacking\/38017c36b32c98c15b587cd92b6cc1cc53f2d863\/LICENCE","\/fonts\/Unpacking\/38017c36b32c98c15b587cd92b6cc1cc53f2d863\/vagrounded-thin.afm":"\/fonts\/Unpacking\/38017c36b32c98c15b587cd92b6cc1cc53f2d863\/vagrounded-thin.afm","\/fonts\/Unpacking\/38017c36b32c98c15b587cd92b6cc1cc53f2d863\/vagrounded-thin.bin":"\/fonts\/Unpacking\/38017c36b32c98c15b587cd92b6cc1cc53f2d863\/vagrounded-thin.bin","\/fonts\/Unpacking\/38017c36b32c98c15b587cd92b6cc1cc53f2d863\/vagrounded-thin.cef":"\/fonts\/Unpacking\/38017c36b32c98c15b587cd92b6cc1cc53f2d863\/vagrounded-thin.cef","\/fonts\/Unpacking\/38017c36b32c98c15b587cd92b6cc1cc53f2d863\/vagrounded-thin.cff":"\/fonts\/Unpacking\/38017c36b32c98c15b587cd92b6cc1cc53f2d863\/vagrounded-thin.cff","\/fonts\/Unpacking\/38017c36b32c98c15b587cd92b6cc1cc53f2d863\/vagrounded-thin.cid":"\/fonts\/Unpacking\/38017c36b32c98c15b587cd92b6cc1cc53f2d863\/vagrounded-thin.cid","\/fonts\/Unpacking\/38017c36b32c98c15b587cd92b6cc1cc53f2d863\/vagrounded-thin.dfont":"\/fonts\/Unpacking\/38017c36b32c98c15b587cd92b6cc1cc53f2d863\/vagrounded-thin.dfont","\/fonts\/Unpacking\/38017c36b32c98c15b587cd92b6cc1cc53f2d863\/vagrounded-thin.eot":"\/fonts\/Unpacking\/38017c36b32c98c15b587cd92b6cc1cc53f2d863\/vagrounded-thin.eot","\/fonts\/Unpacking\/38017c36b32c98c15b587cd92b6cc1cc53f2d863\/vagrounded-thin.fon":"\/fonts\/Unpacking\/38017c36b32c98c15b587cd92b6cc1cc53f2d863\/vagrounded-thin.fon","\/fonts\/Unpacking\/38017c36b32c98c15b587cd92b6cc1cc53f2d863\/vagrounded-thin.gai":"\/fonts\/Unpacking\/38017c36b32c98c15b587cd92b6cc1cc53f2d863\/vagrounded-thin.gai","\/fonts\/Unpacking\/38017c36b32c98c15b587cd92b6cc1cc53f2d863\/vagrounded-thin.gsf":"\/fonts\/Unpacking\/38017c36b32c98c15b587cd92b6cc1cc53f2d863\/vagrounded-thin.gsf","\/fonts\/Unpacking\/38017c36b32c98c15b587cd92b6cc1cc53f2d863\/vagrounded-thin.hqx":"\/fonts\/Unpacking\/38017c36b32c98c15b587cd92b6cc1cc53f2d863\/vagrounded-thin.hqx","\/fonts\/Unpacking\/38017c36b32c98c15b587cd92b6cc1cc53f2d863\/vagrounded-thin.ik":"\/fonts\/Unpacking\/38017c36b32c98c15b587cd92b6cc1cc53f2d863\/vagrounded-thin.ik","\/fonts\/Unpacking\/38017c36b32c98c15b587cd92b6cc1cc53f2d863\/vagrounded-thin.mf":"\/fonts\/Unpacking\/38017c36b32c98c15b587cd92b6cc1cc53f2d863\/vagrounded-thin.mf","\/fonts\/Unpacking\/38017c36b32c98c15b587cd92b6cc1cc53f2d863\/vagrounded-thin.otf":"\/fonts\/Unpacking\/38017c36b32c98c15b587cd92b6cc1cc53f2d863\/vagrounded-thin.otf","\/fonts\/Unpacking\/38017c36b32c98c15b587cd92b6cc1cc53f2d863\/vagrounded-thin.pcf":"\/fonts\/Unpacking\/38017c36b32c98c15b587cd92b6cc1cc53f2d863\/vagrounded-thin.pcf","\/fonts\/Unpacking\/38017c36b32c98c15b587cd92b6cc1cc53f2d863\/vagrounded-thin.pf3":"\/fonts\/Unpacking\/38017c36b32c98c15b587cd92b6cc1cc53f2d863\/vagrounded-thin.pf3","\/fonts\/Unpacking\/38017c36b32c98c15b587cd92b6cc1cc53f2d863\/vagrounded-thin.pfa":"\/fonts\/Unpacking\/38017c36b32c98c15b587cd92b6cc1cc53f2d863\/vagrounded-thin.pfa","\/fonts\/Unpacking\/38017c36b32c98c15b587cd92b6cc1cc53f2d863\/vagrounded-thin.pfb":"\/fonts\/Unpacking\/38017c36b32c98c15b587cd92b6cc1cc53f2d863\/vagrounded-thin.pfb","\/fonts\/Unpacking\/38017c36b32c98c15b587cd92b6cc1cc53f2d863\/vagrounded-thin.php":"\/fonts\/Unpacking\/38017c36b32c98c15b587cd92b6cc1cc53f2d863\/vagrounded-thin.php","\/fonts\/Unpacking\/38017c36b32c98c15b587cd92b6cc1cc53f2d863\/vagrounded-thin.pmf":"\/fonts\/Unpacking\/38017c36b32c98c15b587cd92b6cc1cc53f2d863\/vagrounded-thin.pmf","\/fonts\/Unpacking\/38017c36b32c98c15b587cd92b6cc1cc53f2d863\/vagrounded-thin.pt3":"\/fonts\/Unpacking\/38017c36b32c98c15b587cd92b6cc1cc53f2d863\/vagrounded-thin.pt3","\/fonts\/Unpacking\/38017c36b32c98c15b587cd92b6cc1cc53f2d863\/vagrounded-thin.sfd":"\/fonts\/Unpacking\/38017c36b32c98c15b587cd92b6cc1cc53f2d863\/vagrounded-thin.sfd","\/fonts\/Unpacking\/38017c36b32c98c15b587cd92b6cc1cc53f2d863\/vagrounded-thin.svg":"\/fonts\/Unpacking\/38017c36b32c98c15b587cd92b6cc1cc53f2d863\/vagrounded-thin.svg","\/fonts\/Unpacking\/38017c36b32c98c15b587cd92b6cc1cc53f2d863\/vagrounded-thin.t42":"\/fonts\/Unpacking\/38017c36b32c98c15b587cd92b6cc1cc53f2d863\/vagrounded-thin.t42","\/fonts\/Unpacking\/38017c36b32c98c15b587cd92b6cc1cc53f2d863\/vagrounded-thin.ttd":"\/fonts\/Unpacking\/38017c36b32c98c15b587cd92b6cc1cc53f2d863\/vagrounded-thin.ttd","\/fonts\/Unpacking\/38017c36b32c98c15b587cd92b6cc1cc53f2d863\/vagrounded-thin.ttf":"\/fonts\/Unpacking\/38017c36b32c98c15b587cd92b6cc1cc53f2d863\/vagrounded-thin.ttf","\/fonts\/Unpacking\/38017c36b32c98c15b587cd92b6cc1cc53f2d863\/vagrounded-thin.ttg":"\/fonts\/Unpacking\/38017c36b32c98c15b587cd92b6cc1cc53f2d863\/vagrounded-thin.ttg","\/fonts\/Unpacking\/38017c36b32c98c15b587cd92b6cc1cc53f2d863\/vagrounded-thin.ufm":"\/fonts\/Unpacking\/38017c36b32c98c15b587cd92b6cc1cc53f2d863\/vagrounded-thin.ufm","\/fonts\/Unpacking\/38017c36b32c98c15b587cd92b6cc1cc53f2d863\/vagrounded-thin.woff":"\/fonts\/Unpacking\/38017c36b32c98c15b587cd92b6cc1cc53f2d863\/vagrounded-thin.woff","\/fonts\/Unpacking\/38017c36b32c98c15b587cd92b6cc1cc53f2d863\/vagrounded-thin.z":"\/fonts\/Unpacking\/38017c36b32c98c15b587cd92b6cc1cc53f2d863\/vagrounded-thin.z","\/fonts\/Unpacking\/38017c36b32c98c15b587cd92b6cc1cc53f2d863\/vagrounded-thin.ufo\/feature.fea":"\/fonts\/Unpacking\/38017c36b32c98c15b587cd92b6cc1cc53f2d863\/vagrounded-thin.ufo\/feature.fea","\/fonts\/Unpacking\/38017c36b32c98c15b587cd92b6cc1cc53f2d863\/vagrounded-thin.ufo\/fontinfo.plist":"\/fonts\/Unpacking\/38017c36b32c98c15b587cd92b6cc1cc53f2d863\/vagrounded-thin.ufo\/fontinfo.plist","\/fonts\/Unpacking\/38017c36b32c98c15b587cd92b6cc1cc53f2d863\/vagrounded-thin.ufo\/groups.plist":"\/fonts\/Unpacking\/38017c36b32c98c15b587cd92b6cc1cc53f2d863\/vagrounded-thin.ufo\/groups.plist","\/fonts\/Unpacking\/38017c36b32c98c15b587cd92b6cc1cc53f2d863\/vagrounded-thin.ufo\/kerning.plist":"\/fonts\/Unpacking\/38017c36b32c98c15b587cd92b6cc1cc53f2d863\/vagrounded-thin.ufo\/kerning.plist","\/fonts\/Unpacking\/38017c36b32c98c15b587cd92b6cc1cc53f2d863\/vagrounded-thin.ufo\/metainfo.plist":"\/fonts\/Unpacking\/38017c36b32c98c15b587cd92b6cc1cc53f2d863\/vagrounded-thin.ufo\/metainfo.plist","\/fonts\/Unpacking\/38017c36b32c98c15b587cd92b6cc1cc53f2d863\/vagrounded-thin.ufo\/glyphs\/A_.glif":"\/fonts\/Unpacking\/38017c36b32c98c15b587cd92b6cc1cc53f2d863\/vagrounded-thin.ufo\/glyphs\/A_.glif","\/fonts\/Unpacking\/38017c36b32c98c15b587cd92b6cc1cc53f2d863\/vagrounded-thin.ufo\/glyphs\/A_E_.glif":"\/fonts\/Unpacking\/38017c36b32c98c15b587cd92b6cc1cc53f2d863\/vagrounded-thin.ufo\/glyphs\/A_E_.glif","\/fonts\/Unpacking\/38017c36b32c98c15b587cd92b6cc1cc53f2d863\/vagrounded-thin.ufo\/glyphs\/A_acute.glif":"\/fonts\/Unpacking\/38017c36b32c98c15b587cd92b6cc1cc53f2d863\/vagrounded-thin.ufo\/glyphs\/A_acute.glif","\/fonts\/Unpacking\/38017c36b32c98c15b587cd92b6cc1cc53f2d863\/vagrounded-thin.ufo\/glyphs\/A_circumflex.glif":"\/fonts\/Unpacking\/38017c36b32c98c15b587cd92b6cc1cc53f2d863\/vagrounded-thin.ufo\/glyphs\/A_circumflex.glif","\/fonts\/Unpacking\/38017c36b32c98c15b587cd92b6cc1cc53f2d863\/vagrounded-thin.ufo\/glyphs\/A_dieresis.glif":"\/fonts\/Unpacking\/38017c36b32c98c15b587cd92b6cc1cc53f2d863\/vagrounded-thin.ufo\/glyphs\/A_dieresis.glif","\/fonts\/Unpacking\/38017c36b32c98c15b587cd92b6cc1cc53f2d863\/vagrounded-thin.ufo\/glyphs\/A_grave.glif":"\/fonts\/Unpacking\/38017c36b32c98c15b587cd92b6cc1cc53f2d863\/vagrounded-thin.ufo\/glyphs\/A_grave.glif","\/fonts\/Unpacking\/38017c36b32c98c15b587cd92b6cc1cc53f2d863\/vagrounded-thin.ufo\/glyphs\/A_ring.glif":"\/fonts\/Unpacking\/38017c36b32c98c15b587cd92b6cc1cc53f2d863\/vagrounded-thin.ufo\/glyphs\/A_ring.glif","\/fonts\/Unpacking\/38017c36b32c98c15b587cd92b6cc1cc53f2d863\/vagrounded-thin.ufo\/glyphs\/A_tilde.glif":"\/fonts\/Unpacking\/38017c36b32c98c15b587cd92b6cc1cc53f2d863\/vagrounded-thin.ufo\/glyphs\/A_tilde.glif","\/fonts\/Unpacking\/38017c36b32c98c15b587cd92b6cc1cc53f2d863\/vagrounded-thin.ufo\/glyphs\/B_.glif":"\/fonts\/Unpacking\/38017c36b32c98c15b587cd92b6cc1cc53f2d863\/vagrounded-thin.ufo\/glyphs\/B_.glif","\/fonts\/Unpacking\/38017c36b32c98c15b587cd92b6cc1cc53f2d863\/vagrounded-thin.ufo\/glyphs\/C_.glif":"\/fonts\/Unpacking\/38017c36b32c98c15b587cd92b6cc1cc53f2d863\/vagrounded-thin.ufo\/glyphs\/C_.glif","\/fonts\/Unpacking\/38017c36b32c98c15b587cd92b6cc1cc53f2d863\/vagrounded-thin.ufo\/glyphs\/C_cedilla.glif":"\/fonts\/Unpacking\/38017c36b32c98c15b587cd92b6cc1cc53f2d863\/vagrounded-thin.ufo\/glyphs\/C_cedilla.glif","\/fonts\/Unpacking\/38017c36b32c98c15b587cd92b6cc1cc53f2d863\/vagrounded-thin.ufo\/glyphs\/D_.glif":"\/fonts\/Unpacking\/38017c36b32c98c15b587cd92b6cc1cc53f2d863\/vagrounded-thin.ufo\/glyphs\/D_.glif","\/fonts\/Unpacking\/38017c36b32c98c15b587cd92b6cc1cc53f2d863\/vagrounded-thin.ufo\/glyphs\/E_.glif":"\/fonts\/Unpacking\/38017c36b32c98c15b587cd92b6cc1cc53f2d863\/vagrounded-thin.ufo\/glyphs\/E_.glif","\/fonts\/Unpacking\/38017c36b32c98c15b587cd92b6cc1cc53f2d863\/vagrounded-thin.ufo\/glyphs\/E_acute.glif":"\/fonts\/Unpacking\/38017c36b32c98c15b587cd92b6cc1cc53f2d863\/vagrounded-thin.ufo\/glyphs\/E_acute.glif","\/fonts\/Unpacking\/38017c36b32c98c15b587cd92b6cc1cc53f2d863\/vagrounded-thin.ufo\/glyphs\/E_circumflex.glif":"\/fonts\/Unpacking\/38017c36b32c98c15b587cd92b6cc1cc53f2d863\/vagrounded-thin.ufo\/glyphs\/E_circumflex.glif","\/fonts\/Unpacking\/38017c36b32c98c15b587cd92b6cc1cc53f2d863\/vagrounded-thin.ufo\/glyphs\/E_dieresis.glif":"\/fonts\/Unpacking\/38017c36b32c98c15b587cd92b6cc1cc53f2d863\/vagrounded-thin.ufo\/glyphs\/E_dieresis.glif","\/fonts\/Unpacking\/38017c36b32c98c15b587cd92b6cc1cc53f2d863\/vagrounded-thin.ufo\/glyphs\/E_grave.glif":"\/fonts\/Unpacking\/38017c36b32c98c15b587cd92b6cc1cc53f2d863\/vagrounded-thin.ufo\/glyphs\/E_grave.glif","\/fonts\/Unpacking\/38017c36b32c98c15b587cd92b6cc1cc53f2d863\/vagrounded-thin.ufo\/glyphs\/E_th.glif":"\/fonts\/Unpacking\/38017c36b32c98c15b587cd92b6cc1cc53f2d863\/vagrounded-thin.ufo\/glyphs\/E_th.glif","\/fonts\/Unpacking\/38017c36b32c98c15b587cd92b6cc1cc53f2d863\/vagrounded-thin.ufo\/glyphs\/F_.glif":"\/fonts\/Unpacking\/38017c36b32c98c15b587cd92b6cc1cc53f2d863\/vagrounded-thin.ufo\/glyphs\/F_.glif","\/fonts\/Unpacking\/38017c36b32c98c15b587cd92b6cc1cc53f2d863\/vagrounded-thin.ufo\/glyphs\/G_.glif":"\/fonts\/Unpacking\/38017c36b32c98c15b587cd92b6cc1cc53f2d863\/vagrounded-thin.ufo\/glyphs\/G_.glif","\/fonts\/Unpacking\/38017c36b32c98c15b587cd92b6cc1cc53f2d863\/vagrounded-thin.ufo\/glyphs\/H_.glif":"\/fonts\/Unpacking\/38017c36b32c98c15b587cd92b6cc1cc53f2d863\/vagrounded-thin.ufo\/glyphs\/H_.glif","\/fonts\/Unpacking\/38017c36b32c98c15b587cd92b6cc1cc53f2d863\/vagrounded-thin.ufo\/glyphs\/I_.glif":"\/fonts\/Unpacking\/38017c36b32c98c15b587cd92b6cc1cc53f2d863\/vagrounded-thin.ufo\/glyphs\/I_.glif","\/fonts\/Unpacking\/38017c36b32c98c15b587cd92b6cc1cc53f2d863\/vagrounded-thin.ufo\/glyphs\/I_acute.glif":"\/fonts\/Unpacking\/38017c36b32c98c15b587cd92b6cc1cc53f2d863\/vagrounded-thin.ufo\/glyphs\/I_acute.glif","\/fonts\/Unpacking\/38017c36b32c98c15b587cd92b6cc1cc53f2d863\/vagrounded-thin.ufo\/glyphs\/I_circumflex.glif":"\/fonts\/Unpacking\/38017c36b32c98c15b587cd92b6cc1cc53f2d863\/vagrounded-thin.ufo\/glyphs\/I_circumflex.glif","\/fonts\/Unpacking\/38017c36b32c98c15b587cd92b6cc1cc53f2d863\/vagrounded-thin.ufo\/glyphs\/I_dieresis.glif":"\/fonts\/Unpacking\/38017c36b32c98c15b587cd92b6cc1cc53f2d863\/vagrounded-thin.ufo\/glyphs\/I_dieresis.glif","\/fonts\/Unpacking\/38017c36b32c98c15b587cd92b6cc1cc53f2d863\/vagrounded-thin.ufo\/glyphs\/I_grave.glif":"\/fonts\/Unpacking\/38017c36b32c98c15b587cd92b6cc1cc53f2d863\/vagrounded-thin.ufo\/glyphs\/I_grave.glif","\/fonts\/Unpacking\/38017c36b32c98c15b587cd92b6cc1cc53f2d863\/vagrounded-thin.ufo\/glyphs\/J_.glif":"\/fonts\/Unpacking\/38017c36b32c98c15b587cd92b6cc1cc53f2d863\/vagrounded-thin.ufo\/glyphs\/J_.glif","\/fonts\/Unpacking\/38017c36b32c98c15b587cd92b6cc1cc53f2d863\/vagrounded-thin.ufo\/glyphs\/K_.glif":"\/fonts\/Unpacking\/38017c36b32c98c15b587cd92b6cc1cc53f2d863\/vagrounded-thin.ufo\/glyphs\/K_.glif","\/fonts\/Unpacking\/38017c36b32c98c15b587cd92b6cc1cc53f2d863\/vagrounded-thin.ufo\/glyphs\/L_.glif":"\/fonts\/Unpacking\/38017c36b32c98c15b587cd92b6cc1cc53f2d863\/vagrounded-thin.ufo\/glyphs\/L_.glif","\/fonts\/Unpacking\/38017c36b32c98c15b587cd92b6cc1cc53f2d863\/vagrounded-thin.ufo\/glyphs\/L_slash.glif":"\/fonts\/Unpacking\/38017c36b32c98c15b587cd92b6cc1cc53f2d863\/vagrounded-thin.ufo\/glyphs\/L_slash.glif","\/fonts\/Unpacking\/38017c36b32c98c15b587cd92b6cc1cc53f2d863\/vagrounded-thin.ufo\/glyphs\/M_.glif":"\/fonts\/Unpacking\/38017c36b32c98c15b587cd92b6cc1cc53f2d863\/vagrounded-thin.ufo\/glyphs\/M_.glif","\/fonts\/Unpacking\/38017c36b32c98c15b587cd92b6cc1cc53f2d863\/vagrounded-thin.ufo\/glyphs\/N_.glif":"\/fonts\/Unpacking\/38017c36b32c98c15b587cd92b6cc1cc53f2d863\/vagrounded-thin.ufo\/glyphs\/N_.glif","\/fonts\/Unpacking\/38017c36b32c98c15b587cd92b6cc1cc53f2d863\/vagrounded-thin.ufo\/glyphs\/N_tilde.glif":"\/fonts\/Unpacking\/38017c36b32c98c15b587cd92b6cc1cc53f2d863\/vagrounded-thin.ufo\/glyphs\/N_tilde.glif","\/fonts\/Unpacking\/38017c36b32c98c15b587cd92b6cc1cc53f2d863\/vagrounded-thin.ufo\/glyphs\/O_.glif":"\/fonts\/Unpacking\/38017c36b32c98c15b587cd92b6cc1cc53f2d863\/vagrounded-thin.ufo\/glyphs\/O_.glif","\/fonts\/Unpacking\/38017c36b32c98c15b587cd92b6cc1cc53f2d863\/vagrounded-thin.ufo\/glyphs\/O_E_.glif":"\/fonts\/Unpacking\/38017c36b32c98c15b587cd92b6cc1cc53f2d863\/vagrounded-thin.ufo\/glyphs\/O_E_.glif","\/fonts\/Unpacking\/38017c36b32c98c15b587cd92b6cc1cc53f2d863\/vagrounded-thin.ufo\/glyphs\/O_acute.glif":"\/fonts\/Unpacking\/38017c36b32c98c15b587cd92b6cc1cc53f2d863\/vagrounded-thin.ufo\/glyphs\/O_acute.glif","\/fonts\/Unpacking\/38017c36b32c98c15b587cd92b6cc1cc53f2d863\/vagrounded-thin.ufo\/glyphs\/O_circumflex.glif":"\/fonts\/Unpacking\/38017c36b32c98c15b587cd92b6cc1cc53f2d863\/vagrounded-thin.ufo\/glyphs\/O_circumflex.glif","\/fonts\/Unpacking\/38017c36b32c98c15b587cd92b6cc1cc53f2d863\/vagrounded-thin.ufo\/glyphs\/O_dieresis.glif":"\/fonts\/Unpacking\/38017c36b32c98c15b587cd92b6cc1cc53f2d863\/vagrounded-thin.ufo\/glyphs\/O_dieresis.glif","\/fonts\/Unpacking\/38017c36b32c98c15b587cd92b6cc1cc53f2d863\/vagrounded-thin.ufo\/glyphs\/O_grave.glif":"\/fonts\/Unpacking\/38017c36b32c98c15b587cd92b6cc1cc53f2d863\/vagrounded-thin.ufo\/glyphs\/O_grave.glif","\/fonts\/Unpacking\/38017c36b32c98c15b587cd92b6cc1cc53f2d863\/vagrounded-thin.ufo\/glyphs\/O_slash.glif":"\/fonts\/Unpacking\/38017c36b32c98c15b587cd92b6cc1cc53f2d863\/vagrounded-thin.ufo\/glyphs\/O_slash.glif","\/fonts\/Unpacking\/38017c36b32c98c15b587cd92b6cc1cc53f2d863\/vagrounded-thin.ufo\/glyphs\/O_tilde.glif":"\/fonts\/Unpacking\/38017c36b32c98c15b587cd92b6cc1cc53f2d863\/vagrounded-thin.ufo\/glyphs\/O_tilde.glif","\/fonts\/Unpacking\/38017c36b32c98c15b587cd92b6cc1cc53f2d863\/vagrounded-thin.ufo\/glyphs\/P_.glif":"\/fonts\/Unpacking\/38017c36b32c98c15b587cd92b6cc1cc53f2d863\/vagrounded-thin.ufo\/glyphs\/P_.glif","\/fonts\/Unpacking\/38017c36b32c98c15b587cd92b6cc1cc53f2d863\/vagrounded-thin.ufo\/glyphs\/Q_.glif":"\/fonts\/Unpacking\/38017c36b32c98c15b587cd92b6cc1cc53f2d863\/vagrounded-thin.ufo\/glyphs\/Q_.glif","\/fonts\/Unpacking\/38017c36b32c98c15b587cd92b6cc1cc53f2d863\/vagrounded-thin.ufo\/glyphs\/R_.glif":"\/fonts\/Unpacking\/38017c36b32c98c15b587cd92b6cc1cc53f2d863\/vagrounded-thin.ufo\/glyphs\/R_.glif","\/fonts\/Unpacking\/38017c36b32c98c15b587cd92b6cc1cc53f2d863\/vagrounded-thin.ufo\/glyphs\/S_.glif":"\/fonts\/Unpacking\/38017c36b32c98c15b587cd92b6cc1cc53f2d863\/vagrounded-thin.ufo\/glyphs\/S_.glif","\/fonts\/Unpacking\/38017c36b32c98c15b587cd92b6cc1cc53f2d863\/vagrounded-thin.ufo\/glyphs\/S_caron.glif":"\/fonts\/Unpacking\/38017c36b32c98c15b587cd92b6cc1cc53f2d863\/vagrounded-thin.ufo\/glyphs\/S_caron.glif","\/fonts\/Unpacking\/38017c36b32c98c15b587cd92b6cc1cc53f2d863\/vagrounded-thin.ufo\/glyphs\/T_.glif":"\/fonts\/Unpacking\/38017c36b32c98c15b587cd92b6cc1cc53f2d863\/vagrounded-thin.ufo\/glyphs\/T_.glif","\/fonts\/Unpacking\/38017c36b32c98c15b587cd92b6cc1cc53f2d863\/vagrounded-thin.ufo\/glyphs\/T_horn.glif":"\/fonts\/Unpacking\/38017c36b32c98c15b587cd92b6cc1cc53f2d863\/vagrounded-thin.ufo\/glyphs\/T_horn.glif","\/fonts\/Unpacking\/38017c36b32c98c15b587cd92b6cc1cc53f2d863\/vagrounded-thin.ufo\/glyphs\/U_.glif":"\/fonts\/Unpacking\/38017c36b32c98c15b587cd92b6cc1cc53f2d863\/vagrounded-thin.ufo\/glyphs\/U_.glif","\/fonts\/Unpacking\/38017c36b32c98c15b587cd92b6cc1cc53f2d863\/vagrounded-thin.ufo\/glyphs\/U_acute.glif":"\/fonts\/Unpacking\/38017c36b32c98c15b587cd92b6cc1cc53f2d863\/vagrounded-thin.ufo\/glyphs\/U_acute.glif","\/fonts\/Unpacking\/38017c36b32c98c15b587cd92b6cc1cc53f2d863\/vagrounded-thin.ufo\/glyphs\/U_circumflex.glif":"\/fonts\/Unpacking\/38017c36b32c98c15b587cd92b6cc1cc53f2d863\/vagrounded-thin.ufo\/glyphs\/U_circumflex.glif","\/fonts\/Unpacking\/38017c36b32c98c15b587cd92b6cc1cc53f2d863\/vagrounded-thin.ufo\/glyphs\/U_dieresis.glif":"\/fonts\/Unpacking\/38017c36b32c98c15b587cd92b6cc1cc53f2d863\/vagrounded-thin.ufo\/glyphs\/U_dieresis.glif","\/fonts\/Unpacking\/38017c36b32c98c15b587cd92b6cc1cc53f2d863\/vagrounded-thin.ufo\/glyphs\/U_grave.glif":"\/fonts\/Unpacking\/38017c36b32c98c15b587cd92b6cc1cc53f2d863\/vagrounded-thin.ufo\/glyphs\/U_grave.glif","\/fonts\/Unpacking\/38017c36b32c98c15b587cd92b6cc1cc53f2d863\/vagrounded-thin.ufo\/glyphs\/V_.glif":"\/fonts\/Unpacking\/38017c36b32c98c15b587cd92b6cc1cc53f2d863\/vagrounded-thin.ufo\/glyphs\/V_.glif","\/fonts\/Unpacking\/38017c36b32c98c15b587cd92b6cc1cc53f2d863\/vagrounded-thin.ufo\/glyphs\/W_.glif":"\/fonts\/Unpacking\/38017c36b32c98c15b587cd92b6cc1cc53f2d863\/vagrounded-thin.ufo\/glyphs\/W_.glif","\/fonts\/Unpacking\/38017c36b32c98c15b587cd92b6cc1cc53f2d863\/vagrounded-thin.ufo\/glyphs\/X_.glif":"\/fonts\/Unpacking\/38017c36b32c98c15b587cd92b6cc1cc53f2d863\/vagrounded-thin.ufo\/glyphs\/X_.glif","\/fonts\/Unpacking\/38017c36b32c98c15b587cd92b6cc1cc53f2d863\/vagrounded-thin.ufo\/glyphs\/Y_.glif":"\/fonts\/Unpacking\/38017c36b32c98c15b587cd92b6cc1cc53f2d863\/vagrounded-thin.ufo\/glyphs\/Y_.glif","\/fonts\/Unpacking\/38017c36b32c98c15b587cd92b6cc1cc53f2d863\/vagrounded-thin.ufo\/glyphs\/Y_acute.glif":"\/fonts\/Unpacking\/38017c36b32c98c15b587cd92b6cc1cc53f2d863\/vagrounded-thin.ufo\/glyphs\/Y_acute.glif","\/fonts\/Unpacking\/38017c36b32c98c15b587cd92b6cc1cc53f2d863\/vagrounded-thin.ufo\/glyphs\/Y_dieresis.glif":"\/fonts\/Unpacking\/38017c36b32c98c15b587cd92b6cc1cc53f2d863\/vagrounded-thin.ufo\/glyphs\/Y_dieresis.glif","\/fonts\/Unpacking\/38017c36b32c98c15b587cd92b6cc1cc53f2d863\/vagrounded-thin.ufo\/glyphs\/Z_.glif":"\/fonts\/Unpacking\/38017c36b32c98c15b587cd92b6cc1cc53f2d863\/vagrounded-thin.ufo\/glyphs\/Z_.glif","\/fonts\/Unpacking\/38017c36b32c98c15b587cd92b6cc1cc53f2d863\/vagrounded-thin.ufo\/glyphs\/Z_caron.glif":"\/fonts\/Unpacking\/38017c36b32c98c15b587cd92b6cc1cc53f2d863\/vagrounded-thin.ufo\/glyphs\/Z_caron.glif","\/fonts\/Unpacking\/38017c36b32c98c15b587cd92b6cc1cc53f2d863\/vagrounded-thin.ufo\/glyphs\/a.glif":"\/fonts\/Unpacking\/38017c36b32c98c15b587cd92b6cc1cc53f2d863\/vagrounded-thin.ufo\/glyphs\/a.glif","\/fonts\/Unpacking\/38017c36b32c98c15b587cd92b6cc1cc53f2d863\/vagrounded-thin.ufo\/glyphs\/aacute.glif":"\/fonts\/Unpacking\/38017c36b32c98c15b587cd92b6cc1cc53f2d863\/vagrounded-thin.ufo\/glyphs\/aacute.glif","\/fonts\/Unpacking\/38017c36b32c98c15b587cd92b6cc1cc53f2d863\/vagrounded-thin.ufo\/glyphs\/acircumflex.glif":"\/fonts\/Unpacking\/38017c36b32c98c15b587cd92b6cc1cc53f2d863\/vagrounded-thin.ufo\/glyphs\/acircumflex.glif","\/fonts\/Unpacking\/38017c36b32c98c15b587cd92b6cc1cc53f2d863\/vagrounded-thin.ufo\/glyphs\/acute.glif":"\/fonts\/Unpacking\/38017c36b32c98c15b587cd92b6cc1cc53f2d863\/vagrounded-thin.ufo\/glyphs\/acute.glif","\/fonts\/Unpacking\/38017c36b32c98c15b587cd92b6cc1cc53f2d863\/vagrounded-thin.ufo\/glyphs\/adieresis.glif":"\/fonts\/Unpacking\/38017c36b32c98c15b587cd92b6cc1cc53f2d863\/vagrounded-thin.ufo\/glyphs\/adieresis.glif","\/fonts\/Unpacking\/38017c36b32c98c15b587cd92b6cc1cc53f2d863\/vagrounded-thin.ufo\/glyphs\/ae.glif":"\/fonts\/Unpacking\/38017c36b32c98c15b587cd92b6cc1cc53f2d863\/vagrounded-thin.ufo\/glyphs\/ae.glif","\/fonts\/Unpacking\/38017c36b32c98c15b587cd92b6cc1cc53f2d863\/vagrounded-thin.ufo\/glyphs\/agrave.glif":"\/fonts\/Unpacking\/38017c36b32c98c15b587cd92b6cc1cc53f2d863\/vagrounded-thin.ufo\/glyphs\/agrave.glif","\/fonts\/Unpacking\/38017c36b32c98c15b587cd92b6cc1cc53f2d863\/vagrounded-thin.ufo\/glyphs\/ampersand.glif":"\/fonts\/Unpacking\/38017c36b32c98c15b587cd92b6cc1cc53f2d863\/vagrounded-thin.ufo\/glyphs\/ampersand.glif","\/fonts\/Unpacking\/38017c36b32c98c15b587cd92b6cc1cc53f2d863\/vagrounded-thin.ufo\/glyphs\/aring.glif":"\/fonts\/Unpacking\/38017c36b32c98c15b587cd92b6cc1cc53f2d863\/vagrounded-thin.ufo\/glyphs\/aring.glif","\/fonts\/Unpacking\/38017c36b32c98c15b587cd92b6cc1cc53f2d863\/vagrounded-thin.ufo\/glyphs\/asciicircum.glif":"\/fonts\/Unpacking\/38017c36b32c98c15b587cd92b6cc1cc53f2d863\/vagrounded-thin.ufo\/glyphs\/asciicircum.glif","\/fonts\/Unpacking\/38017c36b32c98c15b587cd92b6cc1cc53f2d863\/vagrounded-thin.ufo\/glyphs\/asciitilde.glif":"\/fonts\/Unpacking\/38017c36b32c98c15b587cd92b6cc1cc53f2d863\/vagrounded-thin.ufo\/glyphs\/asciitilde.glif","\/fonts\/Unpacking\/38017c36b32c98c15b587cd92b6cc1cc53f2d863\/vagrounded-thin.ufo\/glyphs\/asterisk.glif":"\/fonts\/Unpacking\/38017c36b32c98c15b587cd92b6cc1cc53f2d863\/vagrounded-thin.ufo\/glyphs\/asterisk.glif","\/fonts\/Unpacking\/38017c36b32c98c15b587cd92b6cc1cc53f2d863\/vagrounded-thin.ufo\/glyphs\/at.glif":"\/fonts\/Unpacking\/38017c36b32c98c15b587cd92b6cc1cc53f2d863\/vagrounded-thin.ufo\/glyphs\/at.glif","\/fonts\/Unpacking\/38017c36b32c98c15b587cd92b6cc1cc53f2d863\/vagrounded-thin.ufo\/glyphs\/atilde.glif":"\/fonts\/Unpacking\/38017c36b32c98c15b587cd92b6cc1cc53f2d863\/vagrounded-thin.ufo\/glyphs\/atilde.glif","\/fonts\/Unpacking\/38017c36b32c98c15b587cd92b6cc1cc53f2d863\/vagrounded-thin.ufo\/glyphs\/b.glif":"\/fonts\/Unpacking\/38017c36b32c98c15b587cd92b6cc1cc53f2d863\/vagrounded-thin.ufo\/glyphs\/b.glif","\/fonts\/Unpacking\/38017c36b32c98c15b587cd92b6cc1cc53f2d863\/vagrounded-thin.ufo\/glyphs\/backslash.glif":"\/fonts\/Unpacking\/38017c36b32c98c15b587cd92b6cc1cc53f2d863\/vagrounded-thin.ufo\/glyphs\/backslash.glif","\/fonts\/Unpacking\/38017c36b32c98c15b587cd92b6cc1cc53f2d863\/vagrounded-thin.ufo\/glyphs\/bar.glif":"\/fonts\/Unpacking\/38017c36b32c98c15b587cd92b6cc1cc53f2d863\/vagrounded-thin.ufo\/glyphs\/bar.glif","\/fonts\/Unpacking\/38017c36b32c98c15b587cd92b6cc1cc53f2d863\/vagrounded-thin.ufo\/glyphs\/braceleft.glif":"\/fonts\/Unpacking\/38017c36b32c98c15b587cd92b6cc1cc53f2d863\/vagrounded-thin.ufo\/glyphs\/braceleft.glif","\/fonts\/Unpacking\/38017c36b32c98c15b587cd92b6cc1cc53f2d863\/vagrounded-thin.ufo\/glyphs\/braceright.glif":"\/fonts\/Unpacking\/38017c36b32c98c15b587cd92b6cc1cc53f2d863\/vagrounded-thin.ufo\/glyphs\/braceright.glif","\/fonts\/Unpacking\/38017c36b32c98c15b587cd92b6cc1cc53f2d863\/vagrounded-thin.ufo\/glyphs\/bracketleft.glif":"\/fonts\/Unpacking\/38017c36b32c98c15b587cd92b6cc1cc53f2d863\/vagrounded-thin.ufo\/glyphs\/bracketleft.glif","\/fonts\/Unpacking\/38017c36b32c98c15b587cd92b6cc1cc53f2d863\/vagrounded-thin.ufo\/glyphs\/bracketright.glif":"\/fonts\/Unpacking\/38017c36b32c98c15b587cd92b6cc1cc53f2d863\/vagrounded-thin.ufo\/glyphs\/bracketright.glif","\/fonts\/Unpacking\/38017c36b32c98c15b587cd92b6cc1cc53f2d863\/vagrounded-thin.ufo\/glyphs\/breve.glif":"\/fonts\/Unpacking\/38017c36b32c98c15b587cd92b6cc1cc53f2d863\/vagrounded-thin.ufo\/glyphs\/breve.glif","\/fonts\/Unpacking\/38017c36b32c98c15b587cd92b6cc1cc53f2d863\/vagrounded-thin.ufo\/glyphs\/brokenbar.glif":"\/fonts\/Unpacking\/38017c36b32c98c15b587cd92b6cc1cc53f2d863\/vagrounded-thin.ufo\/glyphs\/brokenbar.glif","\/fonts\/Unpacking\/38017c36b32c98c15b587cd92b6cc1cc53f2d863\/vagrounded-thin.ufo\/glyphs\/bullet.glif":"\/fonts\/Unpacking\/38017c36b32c98c15b587cd92b6cc1cc53f2d863\/vagrounded-thin.ufo\/glyphs\/bullet.glif","\/fonts\/Unpacking\/38017c36b32c98c15b587cd92b6cc1cc53f2d863\/vagrounded-thin.ufo\/glyphs\/c.glif":"\/fonts\/Unpacking\/38017c36b32c98c15b587cd92b6cc1cc53f2d863\/vagrounded-thin.ufo\/glyphs\/c.glif","\/fonts\/Unpacking\/38017c36b32c98c15b587cd92b6cc1cc53f2d863\/vagrounded-thin.ufo\/glyphs\/caron.glif":"\/fonts\/Unpacking\/38017c36b32c98c15b587cd92b6cc1cc53f2d863\/vagrounded-thin.ufo\/glyphs\/caron.glif","\/fonts\/Unpacking\/38017c36b32c98c15b587cd92b6cc1cc53f2d863\/vagrounded-thin.ufo\/glyphs\/ccedilla.glif":"\/fonts\/Unpacking\/38017c36b32c98c15b587cd92b6cc1cc53f2d863\/vagrounded-thin.ufo\/glyphs\/ccedilla.glif","\/fonts\/Unpacking\/38017c36b32c98c15b587cd92b6cc1cc53f2d863\/vagrounded-thin.ufo\/glyphs\/cedilla.glif":"\/fonts\/Unpacking\/38017c36b32c98c15b587cd92b6cc1cc53f2d863\/vagrounded-thin.ufo\/glyphs\/cedilla.glif","\/fonts\/Unpacking\/38017c36b32c98c15b587cd92b6cc1cc53f2d863\/vagrounded-thin.ufo\/glyphs\/cent.glif":"\/fonts\/Unpacking\/38017c36b32c98c15b587cd92b6cc1cc53f2d863\/vagrounded-thin.ufo\/glyphs\/cent.glif","\/fonts\/Unpacking\/38017c36b32c98c15b587cd92b6cc1cc53f2d863\/vagrounded-thin.ufo\/glyphs\/circumflex.glif":"\/fonts\/Unpacking\/38017c36b32c98c15b587cd92b6cc1cc53f2d863\/vagrounded-thin.ufo\/glyphs\/circumflex.glif","\/fonts\/Unpacking\/38017c36b32c98c15b587cd92b6cc1cc53f2d863\/vagrounded-thin.ufo\/glyphs\/colon.glif":"\/fonts\/Unpacking\/38017c36b32c98c15b587cd92b6cc1cc53f2d863\/vagrounded-thin.ufo\/glyphs\/colon.glif","\/fonts\/Unpacking\/38017c36b32c98c15b587cd92b6cc1cc53f2d863\/vagrounded-thin.ufo\/glyphs\/comma.glif":"\/fonts\/Unpacking\/38017c36b32c98c15b587cd92b6cc1cc53f2d863\/vagrounded-thin.ufo\/glyphs\/comma.glif","\/fonts\/Unpacking\/38017c36b32c98c15b587cd92b6cc1cc53f2d863\/vagrounded-thin.ufo\/glyphs\/contents.plist":"\/fonts\/Unpacking\/38017c36b32c98c15b587cd92b6cc1cc53f2d863\/vagrounded-thin.ufo\/glyphs\/contents.plist","\/fonts\/Unpacking\/38017c36b32c98c15b587cd92b6cc1cc53f2d863\/vagrounded-thin.ufo\/glyphs\/copyright.glif":"\/fonts\/Unpacking\/38017c36b32c98c15b587cd92b6cc1cc53f2d863\/vagrounded-thin.ufo\/glyphs\/copyright.glif","\/fonts\/Unpacking\/38017c36b32c98c15b587cd92b6cc1cc53f2d863\/vagrounded-thin.ufo\/glyphs\/currency.glif":"\/fonts\/Unpacking\/38017c36b32c98c15b587cd92b6cc1cc53f2d863\/vagrounded-thin.ufo\/glyphs\/currency.glif","\/fonts\/Unpacking\/38017c36b32c98c15b587cd92b6cc1cc53f2d863\/vagrounded-thin.ufo\/glyphs\/d.glif":"\/fonts\/Unpacking\/38017c36b32c98c15b587cd92b6cc1cc53f2d863\/vagrounded-thin.ufo\/glyphs\/d.glif","\/fonts\/Unpacking\/38017c36b32c98c15b587cd92b6cc1cc53f2d863\/vagrounded-thin.ufo\/glyphs\/dagger.glif":"\/fonts\/Unpacking\/38017c36b32c98c15b587cd92b6cc1cc53f2d863\/vagrounded-thin.ufo\/glyphs\/dagger.glif","\/fonts\/Unpacking\/38017c36b32c98c15b587cd92b6cc1cc53f2d863\/vagrounded-thin.ufo\/glyphs\/daggerdbl.glif":"\/fonts\/Unpacking\/38017c36b32c98c15b587cd92b6cc1cc53f2d863\/vagrounded-thin.ufo\/glyphs\/daggerdbl.glif","\/fonts\/Unpacking\/38017c36b32c98c15b587cd92b6cc1cc53f2d863\/vagrounded-thin.ufo\/glyphs\/degree.glif":"\/fonts\/Unpacking\/38017c36b32c98c15b587cd92b6cc1cc53f2d863\/vagrounded-thin.ufo\/glyphs\/degree.glif","\/fonts\/Unpacking\/38017c36b32c98c15b587cd92b6cc1cc53f2d863\/vagrounded-thin.ufo\/glyphs\/dieresis.glif":"\/fonts\/Unpacking\/38017c36b32c98c15b587cd92b6cc1cc53f2d863\/vagrounded-thin.ufo\/glyphs\/dieresis.glif","\/fonts\/Unpacking\/38017c36b32c98c15b587cd92b6cc1cc53f2d863\/vagrounded-thin.ufo\/glyphs\/divide.glif":"\/fonts\/Unpacking\/38017c36b32c98c15b587cd92b6cc1cc53f2d863\/vagrounded-thin.ufo\/glyphs\/divide.glif","\/fonts\/Unpacking\/38017c36b32c98c15b587cd92b6cc1cc53f2d863\/vagrounded-thin.ufo\/glyphs\/dollar.glif":"\/fonts\/Unpacking\/38017c36b32c98c15b587cd92b6cc1cc53f2d863\/vagrounded-thin.ufo\/glyphs\/dollar.glif","\/fonts\/Unpacking\/38017c36b32c98c15b587cd92b6cc1cc53f2d863\/vagrounded-thin.ufo\/glyphs\/dotaccent.glif":"\/fonts\/Unpacking\/38017c36b32c98c15b587cd92b6cc1cc53f2d863\/vagrounded-thin.ufo\/glyphs\/dotaccent.glif","\/fonts\/Unpacking\/38017c36b32c98c15b587cd92b6cc1cc53f2d863\/vagrounded-thin.ufo\/glyphs\/dotlessi.glif":"\/fonts\/Unpacking\/38017c36b32c98c15b587cd92b6cc1cc53f2d863\/vagrounded-thin.ufo\/glyphs\/dotlessi.glif","\/fonts\/Unpacking\/38017c36b32c98c15b587cd92b6cc1cc53f2d863\/vagrounded-thin.ufo\/glyphs\/e.glif":"\/fonts\/Unpacking\/38017c36b32c98c15b587cd92b6cc1cc53f2d863\/vagrounded-thin.ufo\/glyphs\/e.glif","\/fonts\/Unpacking\/38017c36b32c98c15b587cd92b6cc1cc53f2d863\/vagrounded-thin.ufo\/glyphs\/eacute.glif":"\/fonts\/Unpacking\/38017c36b32c98c15b587cd92b6cc1cc53f2d863\/vagrounded-thin.ufo\/glyphs\/eacute.glif","\/fonts\/Unpacking\/38017c36b32c98c15b587cd92b6cc1cc53f2d863\/vagrounded-thin.ufo\/glyphs\/ecircumflex.glif":"\/fonts\/Unpacking\/38017c36b32c98c15b587cd92b6cc1cc53f2d863\/vagrounded-thin.ufo\/glyphs\/ecircumflex.glif","\/fonts\/Unpacking\/38017c36b32c98c15b587cd92b6cc1cc53f2d863\/vagrounded-thin.ufo\/glyphs\/edieresis.glif":"\/fonts\/Unpacking\/38017c36b32c98c15b587cd92b6cc1cc53f2d863\/vagrounded-thin.ufo\/glyphs\/edieresis.glif","\/fonts\/Unpacking\/38017c36b32c98c15b587cd92b6cc1cc53f2d863\/vagrounded-thin.ufo\/glyphs\/egrave.glif":"\/fonts\/Unpacking\/38017c36b32c98c15b587cd92b6cc1cc53f2d863\/vagrounded-thin.ufo\/glyphs\/egrave.glif","\/fonts\/Unpacking\/38017c36b32c98c15b587cd92b6cc1cc53f2d863\/vagrounded-thin.ufo\/glyphs\/eight.glif":"\/fonts\/Unpacking\/38017c36b32c98c15b587cd92b6cc1cc53f2d863\/vagrounded-thin.ufo\/glyphs\/eight.glif","\/fonts\/Unpacking\/38017c36b32c98c15b587cd92b6cc1cc53f2d863\/vagrounded-thin.ufo\/glyphs\/ellipsis.glif":"\/fonts\/Unpacking\/38017c36b32c98c15b587cd92b6cc1cc53f2d863\/vagrounded-thin.ufo\/glyphs\/ellipsis.glif","\/fonts\/Unpacking\/38017c36b32c98c15b587cd92b6cc1cc53f2d863\/vagrounded-thin.ufo\/glyphs\/emdash.glif":"\/fonts\/Unpacking\/38017c36b32c98c15b587cd92b6cc1cc53f2d863\/vagrounded-thin.ufo\/glyphs\/emdash.glif","\/fonts\/Unpacking\/38017c36b32c98c15b587cd92b6cc1cc53f2d863\/vagrounded-thin.ufo\/glyphs\/endash.glif":"\/fonts\/Unpacking\/38017c36b32c98c15b587cd92b6cc1cc53f2d863\/vagrounded-thin.ufo\/glyphs\/endash.glif","\/fonts\/Unpacking\/38017c36b32c98c15b587cd92b6cc1cc53f2d863\/vagrounded-thin.ufo\/glyphs\/equal.glif":"\/fonts\/Unpacking\/38017c36b32c98c15b587cd92b6cc1cc53f2d863\/vagrounded-thin.ufo\/glyphs\/equal.glif","\/fonts\/Unpacking\/38017c36b32c98c15b587cd92b6cc1cc53f2d863\/vagrounded-thin.ufo\/glyphs\/eth.glif":"\/fonts\/Unpacking\/38017c36b32c98c15b587cd92b6cc1cc53f2d863\/vagrounded-thin.ufo\/glyphs\/eth.glif","\/fonts\/Unpacking\/38017c36b32c98c15b587cd92b6cc1cc53f2d863\/vagrounded-thin.ufo\/glyphs\/exclam.glif":"\/fonts\/Unpacking\/38017c36b32c98c15b587cd92b6cc1cc53f2d863\/vagrounded-thin.ufo\/glyphs\/exclam.glif","\/fonts\/Unpacking\/38017c36b32c98c15b587cd92b6cc1cc53f2d863\/vagrounded-thin.ufo\/glyphs\/exclamdown.glif":"\/fonts\/Unpacking\/38017c36b32c98c15b587cd92b6cc1cc53f2d863\/vagrounded-thin.ufo\/glyphs\/exclamdown.glif","\/fonts\/Unpacking\/38017c36b32c98c15b587cd92b6cc1cc53f2d863\/vagrounded-thin.ufo\/glyphs\/f.glif":"\/fonts\/Unpacking\/38017c36b32c98c15b587cd92b6cc1cc53f2d863\/vagrounded-thin.ufo\/glyphs\/f.glif","\/fonts\/Unpacking\/38017c36b32c98c15b587cd92b6cc1cc53f2d863\/vagrounded-thin.ufo\/glyphs\/fi.glif":"\/fonts\/Unpacking\/38017c36b32c98c15b587cd92b6cc1cc53f2d863\/vagrounded-thin.ufo\/glyphs\/fi.glif","\/fonts\/Unpacking\/38017c36b32c98c15b587cd92b6cc1cc53f2d863\/vagrounded-thin.ufo\/glyphs\/five.glif":"\/fonts\/Unpacking\/38017c36b32c98c15b587cd92b6cc1cc53f2d863\/vagrounded-thin.ufo\/glyphs\/five.glif","\/fonts\/Unpacking\/38017c36b32c98c15b587cd92b6cc1cc53f2d863\/vagrounded-thin.ufo\/glyphs\/fl.glif":"\/fonts\/Unpacking\/38017c36b32c98c15b587cd92b6cc1cc53f2d863\/vagrounded-thin.ufo\/glyphs\/fl.glif","\/fonts\/Unpacking\/38017c36b32c98c15b587cd92b6cc1cc53f2d863\/vagrounded-thin.ufo\/glyphs\/florin.glif":"\/fonts\/Unpacking\/38017c36b32c98c15b587cd92b6cc1cc53f2d863\/vagrounded-thin.ufo\/glyphs\/florin.glif","\/fonts\/Unpacking\/38017c36b32c98c15b587cd92b6cc1cc53f2d863\/vagrounded-thin.ufo\/glyphs\/four.glif":"\/fonts\/Unpacking\/38017c36b32c98c15b587cd92b6cc1cc53f2d863\/vagrounded-thin.ufo\/glyphs\/four.glif","\/fonts\/Unpacking\/38017c36b32c98c15b587cd92b6cc1cc53f2d863\/vagrounded-thin.ufo\/glyphs\/fraction.glif":"\/fonts\/Unpacking\/38017c36b32c98c15b587cd92b6cc1cc53f2d863\/vagrounded-thin.ufo\/glyphs\/fraction.glif","\/fonts\/Unpacking\/38017c36b32c98c15b587cd92b6cc1cc53f2d863\/vagrounded-thin.ufo\/glyphs\/g.glif":"\/fonts\/Unpacking\/38017c36b32c98c15b587cd92b6cc1cc53f2d863\/vagrounded-thin.ufo\/glyphs\/g.glif","\/fonts\/Unpacking\/38017c36b32c98c15b587cd92b6cc1cc53f2d863\/vagrounded-thin.ufo\/glyphs\/germandbls.glif":"\/fonts\/Unpacking\/38017c36b32c98c15b587cd92b6cc1cc53f2d863\/vagrounded-thin.ufo\/glyphs\/germandbls.glif","\/fonts\/Unpacking\/38017c36b32c98c15b587cd92b6cc1cc53f2d863\/vagrounded-thin.ufo\/glyphs\/grave.glif":"\/fonts\/Unpacking\/38017c36b32c98c15b587cd92b6cc1cc53f2d863\/vagrounded-thin.ufo\/glyphs\/grave.glif","\/fonts\/Unpacking\/38017c36b32c98c15b587cd92b6cc1cc53f2d863\/vagrounded-thin.ufo\/glyphs\/greater.glif":"\/fonts\/Unpacking\/38017c36b32c98c15b587cd92b6cc1cc53f2d863\/vagrounded-thin.ufo\/glyphs\/greater.glif","\/fonts\/Unpacking\/38017c36b32c98c15b587cd92b6cc1cc53f2d863\/vagrounded-thin.ufo\/glyphs\/guillemotleft.glif":"\/fonts\/Unpacking\/38017c36b32c98c15b587cd92b6cc1cc53f2d863\/vagrounded-thin.ufo\/glyphs\/guillemotleft.glif","\/fonts\/Unpacking\/38017c36b32c98c15b587cd92b6cc1cc53f2d863\/vagrounded-thin.ufo\/glyphs\/guillemotright.glif":"\/fonts\/Unpacking\/38017c36b32c98c15b587cd92b6cc1cc53f2d863\/vagrounded-thin.ufo\/glyphs\/guillemotright.glif","\/fonts\/Unpacking\/38017c36b32c98c15b587cd92b6cc1cc53f2d863\/vagrounded-thin.ufo\/glyphs\/guilsinglleft.glif":"\/fonts\/Unpacking\/38017c36b32c98c15b587cd92b6cc1cc53f2d863\/vagrounded-thin.ufo\/glyphs\/guilsinglleft.glif","\/fonts\/Unpacking\/38017c36b32c98c15b587cd92b6cc1cc53f2d863\/vagrounded-thin.ufo\/glyphs\/guilsinglright.glif":"\/fonts\/Unpacking\/38017c36b32c98c15b587cd92b6cc1cc53f2d863\/vagrounded-thin.ufo\/glyphs\/guilsinglright.glif","\/fonts\/Unpacking\/38017c36b32c98c15b587cd92b6cc1cc53f2d863\/vagrounded-thin.ufo\/glyphs\/h.glif":"\/fonts\/Unpacking\/38017c36b32c98c15b587cd92b6cc1cc53f2d863\/vagrounded-thin.ufo\/glyphs\/h.glif","\/fonts\/Unpacking\/38017c36b32c98c15b587cd92b6cc1cc53f2d863\/vagrounded-thin.ufo\/glyphs\/hungarumlaut.glif":"\/fonts\/Unpacking\/38017c36b32c98c15b587cd92b6cc1cc53f2d863\/vagrounded-thin.ufo\/glyphs\/hungarumlaut.glif","\/fonts\/Unpacking\/38017c36b32c98c15b587cd92b6cc1cc53f2d863\/vagrounded-thin.ufo\/glyphs\/hyphen.glif":"\/fonts\/Unpacking\/38017c36b32c98c15b587cd92b6cc1cc53f2d863\/vagrounded-thin.ufo\/glyphs\/hyphen.glif","\/fonts\/Unpacking\/38017c36b32c98c15b587cd92b6cc1cc53f2d863\/vagrounded-thin.ufo\/glyphs\/i.glif":"\/fonts\/Unpacking\/38017c36b32c98c15b587cd92b6cc1cc53f2d863\/vagrounded-thin.ufo\/glyphs\/i.glif","\/fonts\/Unpacking\/38017c36b32c98c15b587cd92b6cc1cc53f2d863\/vagrounded-thin.ufo\/glyphs\/iacute.glif":"\/fonts\/Unpacking\/38017c36b32c98c15b587cd92b6cc1cc53f2d863\/vagrounded-thin.ufo\/glyphs\/iacute.glif","\/fonts\/Unpacking\/38017c36b32c98c15b587cd92b6cc1cc53f2d863\/vagrounded-thin.ufo\/glyphs\/icircumflex.glif":"\/fonts\/Unpacking\/38017c36b32c98c15b587cd92b6cc1cc53f2d863\/vagrounded-thin.ufo\/glyphs\/icircumflex.glif","\/fonts\/Unpacking\/38017c36b32c98c15b587cd92b6cc1cc53f2d863\/vagrounded-thin.ufo\/glyphs\/idieresis.glif":"\/fonts\/Unpacking\/38017c36b32c98c15b587cd92b6cc1cc53f2d863\/vagrounded-thin.ufo\/glyphs\/idieresis.glif","\/fonts\/Unpacking\/38017c36b32c98c15b587cd92b6cc1cc53f2d863\/vagrounded-thin.ufo\/glyphs\/igrave.glif":"\/fonts\/Unpacking\/38017c36b32c98c15b587cd92b6cc1cc53f2d863\/vagrounded-thin.ufo\/glyphs\/igrave.glif","\/fonts\/Unpacking\/38017c36b32c98c15b587cd92b6cc1cc53f2d863\/vagrounded-thin.ufo\/glyphs\/j.glif":"\/fonts\/Unpacking\/38017c36b32c98c15b587cd92b6cc1cc53f2d863\/vagrounded-thin.ufo\/glyphs\/j.glif","\/fonts\/Unpacking\/38017c36b32c98c15b587cd92b6cc1cc53f2d863\/vagrounded-thin.ufo\/glyphs\/k.glif":"\/fonts\/Unpacking\/38017c36b32c98c15b587cd92b6cc1cc53f2d863\/vagrounded-thin.ufo\/glyphs\/k.glif","\/fonts\/Unpacking\/38017c36b32c98c15b587cd92b6cc1cc53f2d863\/vagrounded-thin.ufo\/glyphs\/l.glif":"\/fonts\/Unpacking\/38017c36b32c98c15b587cd92b6cc1cc53f2d863\/vagrounded-thin.ufo\/glyphs\/l.glif","\/fonts\/Unpacking\/38017c36b32c98c15b587cd92b6cc1cc53f2d863\/vagrounded-thin.ufo\/glyphs\/less.glif":"\/fonts\/Unpacking\/38017c36b32c98c15b587cd92b6cc1cc53f2d863\/vagrounded-thin.ufo\/glyphs\/less.glif","\/fonts\/Unpacking\/38017c36b32c98c15b587cd92b6cc1cc53f2d863\/vagrounded-thin.ufo\/glyphs\/logicalnot.glif":"\/fonts\/Unpacking\/38017c36b32c98c15b587cd92b6cc1cc53f2d863\/vagrounded-thin.ufo\/glyphs\/logicalnot.glif","\/fonts\/Unpacking\/38017c36b32c98c15b587cd92b6cc1cc53f2d863\/vagrounded-thin.ufo\/glyphs\/lslash.glif":"\/fonts\/Unpacking\/38017c36b32c98c15b587cd92b6cc1cc53f2d863\/vagrounded-thin.ufo\/glyphs\/lslash.glif","\/fonts\/Unpacking\/38017c36b32c98c15b587cd92b6cc1cc53f2d863\/vagrounded-thin.ufo\/glyphs\/m.glif":"\/fonts\/Unpacking\/38017c36b32c98c15b587cd92b6cc1cc53f2d863\/vagrounded-thin.ufo\/glyphs\/m.glif","\/fonts\/Unpacking\/38017c36b32c98c15b587cd92b6cc1cc53f2d863\/vagrounded-thin.ufo\/glyphs\/macron.glif":"\/fonts\/Unpacking\/38017c36b32c98c15b587cd92b6cc1cc53f2d863\/vagrounded-thin.ufo\/glyphs\/macron.glif","\/fonts\/Unpacking\/38017c36b32c98c15b587cd92b6cc1cc53f2d863\/vagrounded-thin.ufo\/glyphs\/minus.glif":"\/fonts\/Unpacking\/38017c36b32c98c15b587cd92b6cc1cc53f2d863\/vagrounded-thin.ufo\/glyphs\/minus.glif","\/fonts\/Unpacking\/38017c36b32c98c15b587cd92b6cc1cc53f2d863\/vagrounded-thin.ufo\/glyphs\/mu.glif":"\/fonts\/Unpacking\/38017c36b32c98c15b587cd92b6cc1cc53f2d863\/vagrounded-thin.ufo\/glyphs\/mu.glif","\/fonts\/Unpacking\/38017c36b32c98c15b587cd92b6cc1cc53f2d863\/vagrounded-thin.ufo\/glyphs\/multiply.glif":"\/fonts\/Unpacking\/38017c36b32c98c15b587cd92b6cc1cc53f2d863\/vagrounded-thin.ufo\/glyphs\/multiply.glif","\/fonts\/Unpacking\/38017c36b32c98c15b587cd92b6cc1cc53f2d863\/vagrounded-thin.ufo\/glyphs\/n.glif":"\/fonts\/Unpacking\/38017c36b32c98c15b587cd92b6cc1cc53f2d863\/vagrounded-thin.ufo\/glyphs\/n.glif","\/fonts\/Unpacking\/38017c36b32c98c15b587cd92b6cc1cc53f2d863\/vagrounded-thin.ufo\/glyphs\/nine.glif":"\/fonts\/Unpacking\/38017c36b32c98c15b587cd92b6cc1cc53f2d863\/vagrounded-thin.ufo\/glyphs\/nine.glif","\/fonts\/Unpacking\/38017c36b32c98c15b587cd92b6cc1cc53f2d863\/vagrounded-thin.ufo\/glyphs\/ntilde.glif":"\/fonts\/Unpacking\/38017c36b32c98c15b587cd92b6cc1cc53f2d863\/vagrounded-thin.ufo\/glyphs\/ntilde.glif","\/fonts\/Unpacking\/38017c36b32c98c15b587cd92b6cc1cc53f2d863\/vagrounded-thin.ufo\/glyphs\/numbersign.glif":"\/fonts\/Unpacking\/38017c36b32c98c15b587cd92b6cc1cc53f2d863\/vagrounded-thin.ufo\/glyphs\/numbersign.glif","\/fonts\/Unpacking\/38017c36b32c98c15b587cd92b6cc1cc53f2d863\/vagrounded-thin.ufo\/glyphs\/o.glif":"\/fonts\/Unpacking\/38017c36b32c98c15b587cd92b6cc1cc53f2d863\/vagrounded-thin.ufo\/glyphs\/o.glif","\/fonts\/Unpacking\/38017c36b32c98c15b587cd92b6cc1cc53f2d863\/vagrounded-thin.ufo\/glyphs\/oacute.glif":"\/fonts\/Unpacking\/38017c36b32c98c15b587cd92b6cc1cc53f2d863\/vagrounded-thin.ufo\/glyphs\/oacute.glif","\/fonts\/Unpacking\/38017c36b32c98c15b587cd92b6cc1cc53f2d863\/vagrounded-thin.ufo\/glyphs\/ocircumflex.glif":"\/fonts\/Unpacking\/38017c36b32c98c15b587cd92b6cc1cc53f2d863\/vagrounded-thin.ufo\/glyphs\/ocircumflex.glif","\/fonts\/Unpacking\/38017c36b32c98c15b587cd92b6cc1cc53f2d863\/vagrounded-thin.ufo\/glyphs\/odieresis.glif":"\/fonts\/Unpacking\/38017c36b32c98c15b587cd92b6cc1cc53f2d863\/vagrounded-thin.ufo\/glyphs\/odieresis.glif","\/fonts\/Unpacking\/38017c36b32c98c15b587cd92b6cc1cc53f2d863\/vagrounded-thin.ufo\/glyphs\/oe.glif":"\/fonts\/Unpacking\/38017c36b32c98c15b587cd92b6cc1cc53f2d863\/vagrounded-thin.ufo\/glyphs\/oe.glif","\/fonts\/Unpacking\/38017c36b32c98c15b587cd92b6cc1cc53f2d863\/vagrounded-thin.ufo\/glyphs\/ogonek.glif":"\/fonts\/Unpacking\/38017c36b32c98c15b587cd92b6cc1cc53f2d863\/vagrounded-thin.ufo\/glyphs\/ogonek.glif","\/fonts\/Unpacking\/38017c36b32c98c15b587cd92b6cc1cc53f2d863\/vagrounded-thin.ufo\/glyphs\/ograve.glif":"\/fonts\/Unpacking\/38017c36b32c98c15b587cd92b6cc1cc53f2d863\/vagrounded-thin.ufo\/glyphs\/ograve.glif","\/fonts\/Unpacking\/38017c36b32c98c15b587cd92b6cc1cc53f2d863\/vagrounded-thin.ufo\/glyphs\/one.glif":"\/fonts\/Unpacking\/38017c36b32c98c15b587cd92b6cc1cc53f2d863\/vagrounded-thin.ufo\/glyphs\/one.glif","\/fonts\/Unpacking\/38017c36b32c98c15b587cd92b6cc1cc53f2d863\/vagrounded-thin.ufo\/glyphs\/onehalf.glif":"\/fonts\/Unpacking\/38017c36b32c98c15b587cd92b6cc1cc53f2d863\/vagrounded-thin.ufo\/glyphs\/onehalf.glif","\/fonts\/Unpacking\/38017c36b32c98c15b587cd92b6cc1cc53f2d863\/vagrounded-thin.ufo\/glyphs\/onequarter.glif":"\/fonts\/Unpacking\/38017c36b32c98c15b587cd92b6cc1cc53f2d863\/vagrounded-thin.ufo\/glyphs\/onequarter.glif","\/fonts\/Unpacking\/38017c36b32c98c15b587cd92b6cc1cc53f2d863\/vagrounded-thin.ufo\/glyphs\/onesuperior.glif":"\/fonts\/Unpacking\/38017c36b32c98c15b587cd92b6cc1cc53f2d863\/vagrounded-thin.ufo\/glyphs\/onesuperior.glif","\/fonts\/Unpacking\/38017c36b32c98c15b587cd92b6cc1cc53f2d863\/vagrounded-thin.ufo\/glyphs\/ordfeminine.glif":"\/fonts\/Unpacking\/38017c36b32c98c15b587cd92b6cc1cc53f2d863\/vagrounded-thin.ufo\/glyphs\/ordfeminine.glif","\/fonts\/Unpacking\/38017c36b32c98c15b587cd92b6cc1cc53f2d863\/vagrounded-thin.ufo\/glyphs\/ordmasculine.glif":"\/fonts\/Unpacking\/38017c36b32c98c15b587cd92b6cc1cc53f2d863\/vagrounded-thin.ufo\/glyphs\/ordmasculine.glif","\/fonts\/Unpacking\/38017c36b32c98c15b587cd92b6cc1cc53f2d863\/vagrounded-thin.ufo\/glyphs\/oslash.glif":"\/fonts\/Unpacking\/38017c36b32c98c15b587cd92b6cc1cc53f2d863\/vagrounded-thin.ufo\/glyphs\/oslash.glif","\/fonts\/Unpacking\/38017c36b32c98c15b587cd92b6cc1cc53f2d863\/vagrounded-thin.ufo\/glyphs\/otilde.glif":"\/fonts\/Unpacking\/38017c36b32c98c15b587cd92b6cc1cc53f2d863\/vagrounded-thin.ufo\/glyphs\/otilde.glif","\/fonts\/Unpacking\/38017c36b32c98c15b587cd92b6cc1cc53f2d863\/vagrounded-thin.ufo\/glyphs\/p.glif":"\/fonts\/Unpacking\/38017c36b32c98c15b587cd92b6cc1cc53f2d863\/vagrounded-thin.ufo\/glyphs\/p.glif","\/fonts\/Unpacking\/38017c36b32c98c15b587cd92b6cc1cc53f2d863\/vagrounded-thin.ufo\/glyphs\/paragraph.glif":"\/fonts\/Unpacking\/38017c36b32c98c15b587cd92b6cc1cc53f2d863\/vagrounded-thin.ufo\/glyphs\/paragraph.glif","\/fonts\/Unpacking\/38017c36b32c98c15b587cd92b6cc1cc53f2d863\/vagrounded-thin.ufo\/glyphs\/parenleft.glif":"\/fonts\/Unpacking\/38017c36b32c98c15b587cd92b6cc1cc53f2d863\/vagrounded-thin.ufo\/glyphs\/parenleft.glif","\/fonts\/Unpacking\/38017c36b32c98c15b587cd92b6cc1cc53f2d863\/vagrounded-thin.ufo\/glyphs\/parenright.glif":"\/fonts\/Unpacking\/38017c36b32c98c15b587cd92b6cc1cc53f2d863\/vagrounded-thin.ufo\/glyphs\/parenright.glif","\/fonts\/Unpacking\/38017c36b32c98c15b587cd92b6cc1cc53f2d863\/vagrounded-thin.ufo\/glyphs\/percent.glif":"\/fonts\/Unpacking\/38017c36b32c98c15b587cd92b6cc1cc53f2d863\/vagrounded-thin.ufo\/glyphs\/percent.glif","\/fonts\/Unpacking\/38017c36b32c98c15b587cd92b6cc1cc53f2d863\/vagrounded-thin.ufo\/glyphs\/period.glif":"\/fonts\/Unpacking\/38017c36b32c98c15b587cd92b6cc1cc53f2d863\/vagrounded-thin.ufo\/glyphs\/period.glif","\/fonts\/Unpacking\/38017c36b32c98c15b587cd92b6cc1cc53f2d863\/vagrounded-thin.ufo\/glyphs\/periodcentered.glif":"\/fonts\/Unpacking\/38017c36b32c98c15b587cd92b6cc1cc53f2d863\/vagrounded-thin.ufo\/glyphs\/periodcentered.glif","\/fonts\/Unpacking\/38017c36b32c98c15b587cd92b6cc1cc53f2d863\/vagrounded-thin.ufo\/glyphs\/perthousand.glif":"\/fonts\/Unpacking\/38017c36b32c98c15b587cd92b6cc1cc53f2d863\/vagrounded-thin.ufo\/glyphs\/perthousand.glif","\/fonts\/Unpacking\/38017c36b32c98c15b587cd92b6cc1cc53f2d863\/vagrounded-thin.ufo\/glyphs\/plus.glif":"\/fonts\/Unpacking\/38017c36b32c98c15b587cd92b6cc1cc53f2d863\/vagrounded-thin.ufo\/glyphs\/plus.glif","\/fonts\/Unpacking\/38017c36b32c98c15b587cd92b6cc1cc53f2d863\/vagrounded-thin.ufo\/glyphs\/plusminus.glif":"\/fonts\/Unpacking\/38017c36b32c98c15b587cd92b6cc1cc53f2d863\/vagrounded-thin.ufo\/glyphs\/plusminus.glif","\/fonts\/Unpacking\/38017c36b32c98c15b587cd92b6cc1cc53f2d863\/vagrounded-thin.ufo\/glyphs\/q.glif":"\/fonts\/Unpacking\/38017c36b32c98c15b587cd92b6cc1cc53f2d863\/vagrounded-thin.ufo\/glyphs\/q.glif","\/fonts\/Unpacking\/38017c36b32c98c15b587cd92b6cc1cc53f2d863\/vagrounded-thin.ufo\/glyphs\/question.glif":"\/fonts\/Unpacking\/38017c36b32c98c15b587cd92b6cc1cc53f2d863\/vagrounded-thin.ufo\/glyphs\/question.glif","\/fonts\/Unpacking\/38017c36b32c98c15b587cd92b6cc1cc53f2d863\/vagrounded-thin.ufo\/glyphs\/questiondown.glif":"\/fonts\/Unpacking\/38017c36b32c98c15b587cd92b6cc1cc53f2d863\/vagrounded-thin.ufo\/glyphs\/questiondown.glif","\/fonts\/Unpacking\/38017c36b32c98c15b587cd92b6cc1cc53f2d863\/vagrounded-thin.ufo\/glyphs\/quotedbl.glif":"\/fonts\/Unpacking\/38017c36b32c98c15b587cd92b6cc1cc53f2d863\/vagrounded-thin.ufo\/glyphs\/quotedbl.glif","\/fonts\/Unpacking\/38017c36b32c98c15b587cd92b6cc1cc53f2d863\/vagrounded-thin.ufo\/glyphs\/quotedblbase.glif":"\/fonts\/Unpacking\/38017c36b32c98c15b587cd92b6cc1cc53f2d863\/vagrounded-thin.ufo\/glyphs\/quotedblbase.glif","\/fonts\/Unpacking\/38017c36b32c98c15b587cd92b6cc1cc53f2d863\/vagrounded-thin.ufo\/glyphs\/quotedblleft.glif":"\/fonts\/Unpacking\/38017c36b32c98c15b587cd92b6cc1cc53f2d863\/vagrounded-thin.ufo\/glyphs\/quotedblleft.glif","\/fonts\/Unpacking\/38017c36b32c98c15b587cd92b6cc1cc53f2d863\/vagrounded-thin.ufo\/glyphs\/quotedblright.glif":"\/fonts\/Unpacking\/38017c36b32c98c15b587cd92b6cc1cc53f2d863\/vagrounded-thin.ufo\/glyphs\/quotedblright.glif","\/fonts\/Unpacking\/38017c36b32c98c15b587cd92b6cc1cc53f2d863\/vagrounded-thin.ufo\/glyphs\/quoteleft.glif":"\/fonts\/Unpacking\/38017c36b32c98c15b587cd92b6cc1cc53f2d863\/vagrounded-thin.ufo\/glyphs\/quoteleft.glif","\/fonts\/Unpacking\/38017c36b32c98c15b587cd92b6cc1cc53f2d863\/vagrounded-thin.ufo\/glyphs\/quoteright.glif":"\/fonts\/Unpacking\/38017c36b32c98c15b587cd92b6cc1cc53f2d863\/vagrounded-thin.ufo\/glyphs\/quoteright.glif","\/fonts\/Unpacking\/38017c36b32c98c15b587cd92b6cc1cc53f2d863\/vagrounded-thin.ufo\/glyphs\/quotesinglbase.glif":"\/fonts\/Unpacking\/38017c36b32c98c15b587cd92b6cc1cc53f2d863\/vagrounded-thin.ufo\/glyphs\/quotesinglbase.glif","\/fonts\/Unpacking\/38017c36b32c98c15b587cd92b6cc1cc53f2d863\/vagrounded-thin.ufo\/glyphs\/quotesingle.glif":"\/fonts\/Unpacking\/38017c36b32c98c15b587cd92b6cc1cc53f2d863\/vagrounded-thin.ufo\/glyphs\/quotesingle.glif","\/fonts\/Unpacking\/38017c36b32c98c15b587cd92b6cc1cc53f2d863\/vagrounded-thin.ufo\/glyphs\/r.glif":"\/fonts\/Unpacking\/38017c36b32c98c15b587cd92b6cc1cc53f2d863\/vagrounded-thin.ufo\/glyphs\/r.glif","\/fonts\/Unpacking\/38017c36b32c98c15b587cd92b6cc1cc53f2d863\/vagrounded-thin.ufo\/glyphs\/registered.glif":"\/fonts\/Unpacking\/38017c36b32c98c15b587cd92b6cc1cc53f2d863\/vagrounded-thin.ufo\/glyphs\/registered.glif","\/fonts\/Unpacking\/38017c36b32c98c15b587cd92b6cc1cc53f2d863\/vagrounded-thin.ufo\/glyphs\/ring.glif":"\/fonts\/Unpacking\/38017c36b32c98c15b587cd92b6cc1cc53f2d863\/vagrounded-thin.ufo\/glyphs\/ring.glif","\/fonts\/Unpacking\/38017c36b32c98c15b587cd92b6cc1cc53f2d863\/vagrounded-thin.ufo\/glyphs\/s.glif":"\/fonts\/Unpacking\/38017c36b32c98c15b587cd92b6cc1cc53f2d863\/vagrounded-thin.ufo\/glyphs\/s.glif","\/fonts\/Unpacking\/38017c36b32c98c15b587cd92b6cc1cc53f2d863\/vagrounded-thin.ufo\/glyphs\/scaron.glif":"\/fonts\/Unpacking\/38017c36b32c98c15b587cd92b6cc1cc53f2d863\/vagrounded-thin.ufo\/glyphs\/scaron.glif","\/fonts\/Unpacking\/38017c36b32c98c15b587cd92b6cc1cc53f2d863\/vagrounded-thin.ufo\/glyphs\/section.glif":"\/fonts\/Unpacking\/38017c36b32c98c15b587cd92b6cc1cc53f2d863\/vagrounded-thin.ufo\/glyphs\/section.glif","\/fonts\/Unpacking\/38017c36b32c98c15b587cd92b6cc1cc53f2d863\/vagrounded-thin.ufo\/glyphs\/semicolon.glif":"\/fonts\/Unpacking\/38017c36b32c98c15b587cd92b6cc1cc53f2d863\/vagrounded-thin.ufo\/glyphs\/semicolon.glif","\/fonts\/Unpacking\/38017c36b32c98c15b587cd92b6cc1cc53f2d863\/vagrounded-thin.ufo\/glyphs\/seven.glif":"\/fonts\/Unpacking\/38017c36b32c98c15b587cd92b6cc1cc53f2d863\/vagrounded-thin.ufo\/glyphs\/seven.glif","\/fonts\/Unpacking\/38017c36b32c98c15b587cd92b6cc1cc53f2d863\/vagrounded-thin.ufo\/glyphs\/six.glif":"\/fonts\/Unpacking\/38017c36b32c98c15b587cd92b6cc1cc53f2d863\/vagrounded-thin.ufo\/glyphs\/six.glif","\/fonts\/Unpacking\/38017c36b32c98c15b587cd92b6cc1cc53f2d863\/vagrounded-thin.ufo\/glyphs\/slash.glif":"\/fonts\/Unpacking\/38017c36b32c98c15b587cd92b6cc1cc53f2d863\/vagrounded-thin.ufo\/glyphs\/slash.glif","\/fonts\/Unpacking\/38017c36b32c98c15b587cd92b6cc1cc53f2d863\/vagrounded-thin.ufo\/glyphs\/space.glif":"\/fonts\/Unpacking\/38017c36b32c98c15b587cd92b6cc1cc53f2d863\/vagrounded-thin.ufo\/glyphs\/space.glif","\/fonts\/Unpacking\/38017c36b32c98c15b587cd92b6cc1cc53f2d863\/vagrounded-thin.ufo\/glyphs\/sterling.glif":"\/fonts\/Unpacking\/38017c36b32c98c15b587cd92b6cc1cc53f2d863\/vagrounded-thin.ufo\/glyphs\/sterling.glif","\/fonts\/Unpacking\/38017c36b32c98c15b587cd92b6cc1cc53f2d863\/vagrounded-thin.ufo\/glyphs\/t.glif":"\/fonts\/Unpacking\/38017c36b32c98c15b587cd92b6cc1cc53f2d863\/vagrounded-thin.ufo\/glyphs\/t.glif","\/fonts\/Unpacking\/38017c36b32c98c15b587cd92b6cc1cc53f2d863\/vagrounded-thin.ufo\/glyphs\/thorn.glif":"\/fonts\/Unpacking\/38017c36b32c98c15b587cd92b6cc1cc53f2d863\/vagrounded-thin.ufo\/glyphs\/thorn.glif","\/fonts\/Unpacking\/38017c36b32c98c15b587cd92b6cc1cc53f2d863\/vagrounded-thin.ufo\/glyphs\/three.glif":"\/fonts\/Unpacking\/38017c36b32c98c15b587cd92b6cc1cc53f2d863\/vagrounded-thin.ufo\/glyphs\/three.glif","\/fonts\/Unpacking\/38017c36b32c98c15b587cd92b6cc1cc53f2d863\/vagrounded-thin.ufo\/glyphs\/threequarters.glif":"\/fonts\/Unpacking\/38017c36b32c98c15b587cd92b6cc1cc53f2d863\/vagrounded-thin.ufo\/glyphs\/threequarters.glif","\/fonts\/Unpacking\/38017c36b32c98c15b587cd92b6cc1cc53f2d863\/vagrounded-thin.ufo\/glyphs\/threesuperior.glif":"\/fonts\/Unpacking\/38017c36b32c98c15b587cd92b6cc1cc53f2d863\/vagrounded-thin.ufo\/glyphs\/threesuperior.glif","\/fonts\/Unpacking\/38017c36b32c98c15b587cd92b6cc1cc53f2d863\/vagrounded-thin.ufo\/glyphs\/tilde.glif":"\/fonts\/Unpacking\/38017c36b32c98c15b587cd92b6cc1cc53f2d863\/vagrounded-thin.ufo\/glyphs\/tilde.glif","\/fonts\/Unpacking\/38017c36b32c98c15b587cd92b6cc1cc53f2d863\/vagrounded-thin.ufo\/glyphs\/trademark.glif":"\/fonts\/Unpacking\/38017c36b32c98c15b587cd92b6cc1cc53f2d863\/vagrounded-thin.ufo\/glyphs\/trademark.glif","\/fonts\/Unpacking\/38017c36b32c98c15b587cd92b6cc1cc53f2d863\/vagrounded-thin.ufo\/glyphs\/two.glif":"\/fonts\/Unpacking\/38017c36b32c98c15b587cd92b6cc1cc53f2d863\/vagrounded-thin.ufo\/glyphs\/two.glif","\/fonts\/Unpacking\/38017c36b32c98c15b587cd92b6cc1cc53f2d863\/vagrounded-thin.ufo\/glyphs\/twosuperior.glif":"\/fonts\/Unpacking\/38017c36b32c98c15b587cd92b6cc1cc53f2d863\/vagrounded-thin.ufo\/glyphs\/twosuperior.glif","\/fonts\/Unpacking\/38017c36b32c98c15b587cd92b6cc1cc53f2d863\/vagrounded-thin.ufo\/glyphs\/u.glif":"\/fonts\/Unpacking\/38017c36b32c98c15b587cd92b6cc1cc53f2d863\/vagrounded-thin.ufo\/glyphs\/u.glif","\/fonts\/Unpacking\/38017c36b32c98c15b587cd92b6cc1cc53f2d863\/vagrounded-thin.ufo\/glyphs\/uacute.glif":"\/fonts\/Unpacking\/38017c36b32c98c15b587cd92b6cc1cc53f2d863\/vagrounded-thin.ufo\/glyphs\/uacute.glif","\/fonts\/Unpacking\/38017c36b32c98c15b587cd92b6cc1cc53f2d863\/vagrounded-thin.ufo\/glyphs\/ucircumflex.glif":"\/fonts\/Unpacking\/38017c36b32c98c15b587cd92b6cc1cc53f2d863\/vagrounded-thin.ufo\/glyphs\/ucircumflex.glif","\/fonts\/Unpacking\/38017c36b32c98c15b587cd92b6cc1cc53f2d863\/vagrounded-thin.ufo\/glyphs\/udieresis.glif":"\/fonts\/Unpacking\/38017c36b32c98c15b587cd92b6cc1cc53f2d863\/vagrounded-thin.ufo\/glyphs\/udieresis.glif","\/fonts\/Unpacking\/38017c36b32c98c15b587cd92b6cc1cc53f2d863\/vagrounded-thin.ufo\/glyphs\/ugrave.glif":"\/fonts\/Unpacking\/38017c36b32c98c15b587cd92b6cc1cc53f2d863\/vagrounded-thin.ufo\/glyphs\/ugrave.glif","\/fonts\/Unpacking\/38017c36b32c98c15b587cd92b6cc1cc53f2d863\/vagrounded-thin.ufo\/glyphs\/underscore.glif":"\/fonts\/Unpacking\/38017c36b32c98c15b587cd92b6cc1cc53f2d863\/vagrounded-thin.ufo\/glyphs\/underscore.glif","\/fonts\/Unpacking\/38017c36b32c98c15b587cd92b6cc1cc53f2d863\/vagrounded-thin.ufo\/glyphs\/v.glif":"\/fonts\/Unpacking\/38017c36b32c98c15b587cd92b6cc1cc53f2d863\/vagrounded-thin.ufo\/glyphs\/v.glif","\/fonts\/Unpacking\/38017c36b32c98c15b587cd92b6cc1cc53f2d863\/vagrounded-thin.ufo\/glyphs\/w.glif":"\/fonts\/Unpacking\/38017c36b32c98c15b587cd92b6cc1cc53f2d863\/vagrounded-thin.ufo\/glyphs\/w.glif","\/fonts\/Unpacking\/38017c36b32c98c15b587cd92b6cc1cc53f2d863\/vagrounded-thin.ufo\/glyphs\/x.glif":"\/fonts\/Unpacking\/38017c36b32c98c15b587cd92b6cc1cc53f2d863\/vagrounded-thin.ufo\/glyphs\/x.glif","\/fonts\/Unpacking\/38017c36b32c98c15b587cd92b6cc1cc53f2d863\/vagrounded-thin.ufo\/glyphs\/y.glif":"\/fonts\/Unpacking\/38017c36b32c98c15b587cd92b6cc1cc53f2d863\/vagrounded-thin.ufo\/glyphs\/y.glif","\/fonts\/Unpacking\/38017c36b32c98c15b587cd92b6cc1cc53f2d863\/vagrounded-thin.ufo\/glyphs\/yacute.glif":"\/fonts\/Unpacking\/38017c36b32c98c15b587cd92b6cc1cc53f2d863\/vagrounded-thin.ufo\/glyphs\/yacute.glif","\/fonts\/Unpacking\/38017c36b32c98c15b587cd92b6cc1cc53f2d863\/vagrounded-thin.ufo\/glyphs\/ydieresis.glif":"\/fonts\/Unpacking\/38017c36b32c98c15b587cd92b6cc1cc53f2d863\/vagrounded-thin.ufo\/glyphs\/ydieresis.glif","\/fonts\/Unpacking\/38017c36b32c98c15b587cd92b6cc1cc53f2d863\/vagrounded-thin.ufo\/glyphs\/yen.glif":"\/fonts\/Unpacking\/38017c36b32c98c15b587cd92b6cc1cc53f2d863\/vagrounded-thin.ufo\/glyphs\/yen.glif","\/fonts\/Unpacking\/38017c36b32c98c15b587cd92b6cc1cc53f2d863\/vagrounded-thin.ufo\/glyphs\/z.glif":"\/fonts\/Unpacking\/38017c36b32c98c15b587cd92b6cc1cc53f2d863\/vagrounded-thin.ufo\/glyphs\/z.glif","\/fonts\/Unpacking\/38017c36b32c98c15b587cd92b6cc1cc53f2d863\/vagrounded-thin.ufo\/glyphs\/zcaron.glif":"\/fonts\/Unpacking\/38017c36b32c98c15b587cd92b6cc1cc53f2d863\/vagrounded-thin.ufo\/glyphs\/zcaron.glif","\/fonts\/Unpacking\/38017c36b32c98c15b587cd92b6cc1cc53f2d863\/vagrounded-thin.ufo\/glyphs\/zero.glif":"\/fonts\/Unpacking\/38017c36b32c98c15b587cd92b6cc1cc53f2d863\/vagrounded-thin.ufo\/glyphs\/zero.glif"},"Font":null,"Licences":{"":false},"Table":{"FFTM":{"entryLength":16,"tag":"FFTM","checksum":1944369420,"offset":27196,"length":28},"GDEF":{"entryLength":16,"tag":"GDEF","checksum":18087942,"offset":27164,"length":32},"OS\/2":{"entryLength":16,"tag":"OS\/2","checksum":1444681509,"offset":344,"length":86},"cmap":{"entryLength":16,"tag":"cmap","checksum":3902610361,"offset":1356,"length":562},"gasp":{"entryLength":16,"tag":"gasp","checksum":4294901763,"offset":27156,"length":8},"glyf":{"entryLength":16,"tag":"glyf","checksum":3208869836,"offset":2384,"length":23508},"head":{"entryLength":16,"tag":"head","checksum":175767553,"offset":220,"length":54},"hhea":{"entryLength":16,"tag":"hhea","checksum":128451561,"offset":276,"length":36},"hmtx":{"entryLength":16,"tag":"hmtx","checksum":2922257811,"offset":432,"length":924},"loca":{"entryLength":16,"tag":"loca","checksum":3660181984,"offset":1920,"length":464},"maxp":{"entryLength":16,"tag":"maxp","checksum":19923037,"offset":312,"length":32},"name":{"entryLength":16,"tag":"name","checksum":4208372863,"offset":25892,"length":768},"post":{"entryLength":16,"tag":"post","checksum":917649052,"offset":26660,"length":496}},"UnicodeCharMap":{"32":3,"33":4,"34":5,"35":6,"36":7,"37":8,"38":9,"39":10,"40":11,"41":12,"42":13,"43":14,"44":15,"45":16,"46":17,"47":18,"48":19,"49":20,"50":21,"51":22,"52":23,"53":24,"54":25,"55":26,"56":27,"57":28,"58":29,"59":30,"60":31,"61":32,"62":33,"63":34,"64":35,"65":36,"66":37,"67":38,"68":39,"69":40,"70":41,"71":42,"72":43,"73":44,"74":45,"75":46,"76":47,"77":48,"78":49,"79":50,"80":51,"81":52,"82":53,"83":54,"84":55,"85":56,"86":57,"87":58,"88":59,"89":60,"90":61,"91":62,"92":63,"93":64,"94":65,"95":66,"96":67,"97":68,"98":69,"99":70,"100":71,"101":72,"102":73,"103":74,"104":75,"105":76,"106":77,"107":78,"108":79,"109":80,"110":81,"111":82,"112":83,"113":84,"114":85,"115":86,"116":87,"117":88,"118":89,"119":90,"120":91,"121":92,"122":93,"123":94,"124":95,"125":96,"126":97,"161":98,"162":99,"163":100,"164":101,"165":102,"166":103,"167":104,"168":105,"169":106,"170":107,"171":108,"172":109,"174":110,"175":111,"176":112,"177":113,"178":114,"179":115,"180":116,"182":118,"183":119,"184":120,"185":121,"186":122,"187":123,"188":124,"189":125,"190":126,"191":127,"192":128,"193":129,"194":130,"195":131,"196":132,"197":133,"198":134,"199":135,"200":136,"201":137,"202":138,"203":139,"204":140,"205":141,"206":142,"207":143,"208":144,"209":145,"210":146,"211":147,"212":148,"213":149,"214":150,"215":151,"216":152,"217":153,"218":154,"219":155,"220":156,"221":157,"222":158,"223":159,"224":160,"225":161,"226":162,"227":163,"228":164,"229":165,"230":166,"231":167,"232":168,"233":169,"234":170,"235":171,"236":172,"237":173,"238":174,"239":175,"240":176,"241":177,"242":178,"243":179,"244":180,"245":181,"246":182,"247":183,"248":184,"249":185,"250":186,"251":187,"252":188,"253":189,"254":190,"255":191,"305":221,"321":219,"322":222,"338":220,"339":223,"352":224,"353":228,"376":225,"381":226,"382":230,"402":195,"710":210,"711":217,"728":212,"729":213,"730":214,"731":216,"732":211,"733":215,"956":117,"8211":201,"8212":218,"8216":193,"8217":192,"8218":205,"8220":196,"8221":207,"8222":206,"8224":202,"8225":203,"8226":204,"8230":208,"8240":209,"8249":197,"8250":198,"8260":194,"8482":229,"8722":227,"64257":199,"64258":200},"Reserves":null,"Names":[],"Nodes":[],"Contributors":[],"FontIdentity":"dc4b607df5ab0e720c7ba9ab6200db85","Bytes":2842467,"Networking":null,"barcode":null,"referee":null}