{"CSS":{"Battlefield Condensed":"Battlefield Condensed.css"},"FontType":"TrueType","FontCopyright":"1999 - Iconian Fonts: http:\/\/members.xoom.com\/iconianfonts\/","FontName":"Battlefield Condensed","FontSubfamily":"Condensed","FontSubfamilyID":"Battlefield Condensed","FontFullName":"Battlefield Condensed","FontVersion":"3","FontWeight":null,"FontPostscriptName":"BattlefieldCondensed","Files":{"Samarkan Normal.css":"Samarkan Normal.css","f56de887103fafbc50b8d846974cd5d4.afm":"f56de887103fafbc50b8d846974cd5d4.afm","f56de887103fafbc50b8d846974cd5d4.bin":"f56de887103fafbc50b8d846974cd5d4.bin","f56de887103fafbc50b8d846974cd5d4.cef":"f56de887103fafbc50b8d846974cd5d4.cef","f56de887103fafbc50b8d846974cd5d4.cff":"f56de887103fafbc50b8d846974cd5d4.cff","f56de887103fafbc50b8d846974cd5d4.dfont":"f56de887103fafbc50b8d846974cd5d4.dfont","f56de887103fafbc50b8d846974cd5d4.eot":"f56de887103fafbc50b8d846974cd5d4.eot","f56de887103fafbc50b8d846974cd5d4.fon":"f56de887103fafbc50b8d846974cd5d4.fon","f56de887103fafbc50b8d846974cd5d4.gai":"f56de887103fafbc50b8d846974cd5d4.gai","f56de887103fafbc50b8d846974cd5d4.gsf":"f56de887103fafbc50b8d846974cd5d4.gsf","f56de887103fafbc50b8d846974cd5d4.hqx":"f56de887103fafbc50b8d846974cd5d4.hqx","f56de887103fafbc50b8d846974cd5d4.ik":"f56de887103fafbc50b8d846974cd5d4.ik","f56de887103fafbc50b8d846974cd5d4.mf":"f56de887103fafbc50b8d846974cd5d4.mf","f56de887103fafbc50b8d846974cd5d4.otf":"f56de887103fafbc50b8d846974cd5d4.otf","f56de887103fafbc50b8d846974cd5d4.pcf":"f56de887103fafbc50b8d846974cd5d4.pcf","f56de887103fafbc50b8d846974cd5d4.pf3":"f56de887103fafbc50b8d846974cd5d4.pf3","f56de887103fafbc50b8d846974cd5d4.pfa":"f56de887103fafbc50b8d846974cd5d4.pfa","f56de887103fafbc50b8d846974cd5d4.pfb":"f56de887103fafbc50b8d846974cd5d4.pfb","f56de887103fafbc50b8d846974cd5d4.pmf":"f56de887103fafbc50b8d846974cd5d4.pmf","f56de887103fafbc50b8d846974cd5d4.pt3":"f56de887103fafbc50b8d846974cd5d4.pt3","f56de887103fafbc50b8d846974cd5d4.sfd":"f56de887103fafbc50b8d846974cd5d4.sfd","f56de887103fafbc50b8d846974cd5d4.svg":"f56de887103fafbc50b8d846974cd5d4.svg","f56de887103fafbc50b8d846974cd5d4.t42":"f56de887103fafbc50b8d846974cd5d4.t42","f56de887103fafbc50b8d846974cd5d4.ttf":"f56de887103fafbc50b8d846974cd5d4.ttf","f56de887103fafbc50b8d846974cd5d4.woff":"f56de887103fafbc50b8d846974cd5d4.woff","font-resource.json":"font-resource.json","\/fonts\/Converting\/simon@staff.labs.coop\/f56de887103fafbc50b8d846974cd5d4":{"Samarkan Normal.css":"Samarkan Normal.css","f56de887103fafbc50b8d846974cd5d4.afm":"f56de887103fafbc50b8d846974cd5d4.afm","f56de887103fafbc50b8d846974cd5d4.bin":"f56de887103fafbc50b8d846974cd5d4.bin","f56de887103fafbc50b8d846974cd5d4.cef":"f56de887103fafbc50b8d846974cd5d4.cef","f56de887103fafbc50b8d846974cd5d4.cff":"f56de887103fafbc50b8d846974cd5d4.cff","f56de887103fafbc50b8d846974cd5d4.dfont":"f56de887103fafbc50b8d846974cd5d4.dfont","f56de887103fafbc50b8d846974cd5d4.eot":"f56de887103fafbc50b8d846974cd5d4.eot","f56de887103fafbc50b8d846974cd5d4.fon":"f56de887103fafbc50b8d846974cd5d4.fon","f56de887103fafbc50b8d846974cd5d4.gai":"f56de887103fafbc50b8d846974cd5d4.gai","f56de887103fafbc50b8d846974cd5d4.gsf":"f56de887103fafbc50b8d846974cd5d4.gsf","f56de887103fafbc50b8d846974cd5d4.hqx":"f56de887103fafbc50b8d846974cd5d4.hqx","f56de887103fafbc50b8d846974cd5d4.ik":"f56de887103fafbc50b8d846974cd5d4.ik","f56de887103fafbc50b8d846974cd5d4.mf":"f56de887103fafbc50b8d846974cd5d4.mf","f56de887103fafbc50b8d846974cd5d4.otf":"f56de887103fafbc50b8d846974cd5d4.otf","f56de887103fafbc50b8d846974cd5d4.pcf":"f56de887103fafbc50b8d846974cd5d4.pcf","f56de887103fafbc50b8d846974cd5d4.pf3":"f56de887103fafbc50b8d846974cd5d4.pf3","f56de887103fafbc50b8d846974cd5d4.pfa":"f56de887103fafbc50b8d846974cd5d4.pfa","f56de887103fafbc50b8d846974cd5d4.pfb":"f56de887103fafbc50b8d846974cd5d4.pfb","f56de887103fafbc50b8d846974cd5d4.pmf":"f56de887103fafbc50b8d846974cd5d4.pmf","f56de887103fafbc50b8d846974cd5d4.pt3":"f56de887103fafbc50b8d846974cd5d4.pt3","f56de887103fafbc50b8d846974cd5d4.sfd":"f56de887103fafbc50b8d846974cd5d4.sfd","f56de887103fafbc50b8d846974cd5d4.svg":"f56de887103fafbc50b8d846974cd5d4.svg","f56de887103fafbc50b8d846974cd5d4.t42":"f56de887103fafbc50b8d846974cd5d4.t42","f56de887103fafbc50b8d846974cd5d4.ttf":"f56de887103fafbc50b8d846974cd5d4.ttf","f56de887103fafbc50b8d846974cd5d4.woff":"f56de887103fafbc50b8d846974cd5d4.woff","font-resource.json":"font-resource.json"},"f56de887103fafbc50b8d846974cd5d4.ufo":{"feature.fea":"feature.fea","fontinfo.plist":"fontinfo.plist","groups.plist":"groups.plist","kerning.plist":"kerning.plist","metainfo.plist":"metainfo.plist"},"f56de887103fafbc50b8d846974cd5d4.ufo\/glyphs":{"A_.glif":"A_.glif","B_.glif":"B_.glif","C_.glif":"C_.glif","D_.glif":"D_.glif","E_.glif":"E_.glif","F_.glif":"F_.glif","G_.glif":"G_.glif","H_.glif":"H_.glif","I_.glif":"I_.glif","J_.glif":"J_.glif","K_.glif":"K_.glif","L_.glif":"L_.glif","M_.glif":"M_.glif","N_.glif":"N_.glif","O_.glif":"O_.glif","P_.glif":"P_.glif","Q_.glif":"Q_.glif","R_.glif":"R_.glif","S_.glif":"S_.glif","T_.glif":"T_.glif","U_.glif":"U_.glif","V_.glif":"V_.glif","W_.glif":"W_.glif","X_.glif":"X_.glif","Y_.glif":"Y_.glif","Z_.glif":"Z_.glif","_notdef.glif":"_notdef.glif","_null.glif":"_null.glif","a.glif":"a.glif","acute.glif":"acute.glif","ampersand.glif":"ampersand.glif","b.glif":"b.glif","backslash.glif":"backslash.glif","bar.glif":"bar.glif","c.glif":"c.glif","c128.glif":"c128.glif","circumflex.glif":"circumflex.glif","colon.glif":"colon.glif","comma.glif":"comma.glif","contents.plist":"contents.plist","d.glif":"d.glif","dollar.glif":"dollar.glif","e.glif":"e.glif","eight.glif":"eight.glif","equal.glif":"equal.glif","exclam.glif":"exclam.glif","f.glif":"f.glif","five.glif":"five.glif","four.glif":"four.glif","g.glif":"g.glif","grave.glif":"grave.glif","h.glif":"h.glif","hyphen.glif":"hyphen.glif","i.glif":"i.glif","j.glif":"j.glif","k.glif":"k.glif","l.glif":"l.glif","m.glif":"m.glif","n.glif":"n.glif","nine.glif":"nine.glif","nonbreakingspace.glif":"nonbreakingspace.glif","nonmarkingreturn.glif":"nonmarkingreturn.glif","o.glif":"o.glif","oe.glif":"oe.glif","one.glif":"one.glif","p.glif":"p.glif","parenleft.glif":"parenleft.glif","parenright.glif":"parenright.glif","period.glif":"period.glif","q.glif":"q.glif","question.glif":"question.glif","quotedbl.glif":"quotedbl.glif","quotedblleft.glif":"quotedblleft.glif","quotedblright.glif":"quotedblright.glif","quoteleft.glif":"quoteleft.glif","quoteright.glif":"quoteright.glif","quotesingle.glif":"quotesingle.glif","r.glif":"r.glif","s.glif":"s.glif","semicolon.glif":"semicolon.glif","seven.glif":"seven.glif","six.glif":"six.glif","slash.glif":"slash.glif","space.glif":"space.glif","t.glif":"t.glif","three.glif":"three.glif","two.glif":"two.glif","u.glif":"u.glif","v.glif":"v.glif","w.glif":"w.glif","x.glif":"x.glif","y.glif":"y.glif","z.glif":"z.glif","zero.glif":"zero.glif"}},"Table":{"FFTM":{"entryLength":16,"tag":"FFTM","checksum":932078661,"offset":20944,"length":28},"GDEF":{"entryLength":16,"tag":"GDEF","checksum":17498116,"offset":20552,"length":32},"GPOS":{"entryLength":16,"tag":"GPOS","checksum":747577859,"offset":20632,"length":310},"GSUB":{"entryLength":16,"tag":"GSUB","checksum":3103766782,"offset":20584,"length":48},"OS\/2":{"entryLength":16,"tag":"OS\/2","checksum":1695478711,"offset":376,"length":96},"cmap":{"entryLength":16,"tag":"cmap","checksum":2398502073,"offset":1360,"length":466},"gasp":{"entryLength":16,"tag":"gasp","checksum":4294901763,"offset":20544,"length":8},"glyf":{"entryLength":16,"tag":"glyf","checksum":1120895531,"offset":2276,"length":16056},"head":{"entryLength":16,"tag":"head","checksum":142698897,"offset":252,"length":54},"hhea":{"entryLength":16,"tag":"hhea","checksum":118686853,"offset":308,"length":36},"hmtx":{"entryLength":16,"tag":"hmtx","checksum":4059561525,"offset":472,"length":888},"loca":{"entryLength":16,"tag":"loca","checksum":2356575306,"offset":1828,"length":446},"maxp":{"entryLength":16,"tag":"maxp","checksum":53739659,"offset":344,"length":32},"name":{"entryLength":16,"tag":"name","checksum":3230254456,"offset":18332,"length":651},"post":{"entryLength":16,"tag":"post","checksum":1304604691,"offset":18984,"length":1558}},"UnicodeCharMap":{"32":3,"33":4,"34":5,"35":6,"36":7,"37":8,"38":9,"39":10,"40":11,"41":12,"42":13,"43":14,"44":15,"45":16,"46":17,"47":18,"48":19,"49":20,"50":21,"51":22,"52":23,"53":24,"54":25,"55":26,"56":27,"57":28,"58":29,"59":30,"60":31,"61":32,"62":33,"63":34,"64":35,"65":36,"66":37,"67":38,"68":39,"69":40,"70":41,"71":42,"72":43,"73":44,"74":45,"75":46,"76":47,"77":48,"78":49,"79":50,"80":51,"81":52,"82":53,"83":54,"84":55,"85":56,"86":57,"87":58,"88":59,"89":60,"90":61,"91":62,"92":63,"93":64,"94":65,"95":66,"96":67,"97":68,"98":69,"99":70,"100":71,"101":72,"102":73,"103":74,"104":75,"105":76,"106":77,"107":78,"108":79,"109":80,"110":81,"111":82,"112":83,"113":84,"114":85,"115":86,"116":87,"117":88,"118":89,"119":90,"120":91,"121":92,"122":93,"123":94,"124":95,"125":96,"126":97,"160":98,"161":99,"162":100,"164":101,"165":102,"166":103,"167":104,"168":105,"169":106,"170":107,"171":108,"172":109,"173":110,"174":111,"175":112,"176":113,"177":114,"178":115,"179":116,"180":117,"181":118,"182":119,"183":120,"184":121,"185":122,"186":123,"187":124,"188":125,"189":126,"190":127,"191":128,"192":129,"193":130,"194":131,"195":132,"196":133,"197":134,"198":135,"199":136,"200":137,"201":138,"202":139,"203":140,"204":141,"205":142,"206":143,"207":144,"208":145,"209":146,"210":147,"211":148,"212":149,"213":150,"214":151,"215":152,"216":153,"217":154,"218":155,"219":156,"220":157,"221":158,"222":159,"223":160,"224":161,"225":162,"226":163,"227":164,"228":165,"229":166,"230":167,"231":168,"232":169,"233":170,"234":171,"235":172,"236":173,"237":174,"238":175,"239":176,"240":177,"241":178,"242":179,"243":180,"244":181,"245":182,"246":183,"247":184,"248":185,"249":186,"250":187,"251":188,"252":189,"253":190,"254":191,"255":192,"338":193,"339":194,"352":195,"353":196,"376":197,"381":198,"382":199,"402":200,"710":201,"732":202,"8211":203,"8212":204,"8216":205,"8217":206,"8218":207,"8220":208,"8221":209,"8222":210,"8224":211,"8225":212,"8226":213,"8230":214,"8240":215,"8249":216,"8250":217,"8364":218,"8482":219},"Reserves":{"fontname":"Battlefield Condensed"},"Names":{"Battlefield Condensed":{"name":"Battlefield Condensed","longitude":null,"latitude":null,"country":"","region":"","city":""}},"Nodes":{"ba":{"type":"typal","node":"ba","usage":1,"weight":1},"ld":{"type":"typal","node":"ld","usage":1,"weight":1},"co":{"type":"typal","node":"co","usage":1,"weight":1},"ed":{"type":"typal","node":"ed","usage":1,"weight":1},"bat":{"type":"typal","node":"bat","usage":1,"weight":1},"eld":{"type":"typal","node":"eld","usage":1,"weight":1},"con":{"type":"typal","node":"con","usage":1,"weight":1},"sed":{"type":"typal","node":"sed","usage":1,"weight":1},"batt":{"type":"keys","node":"batt","usage":1,"weight":1},"ield":{"type":"keys","node":"ield","usage":1,"weight":1},"cond":{"type":"keys","node":"cond","usage":1,"weight":1},"nsed":{"type":"keys","node":"nsed","usage":1,"weight":1},"battl":{"type":"keys","node":"battl","usage":1,"weight":1},"field":{"type":"keys","node":"field","usage":1,"weight":1},"conde":{"type":"keys","node":"conde","usage":1,"weight":1},"ensed":{"type":"keys","node":"ensed","usage":1,"weight":1},"battlefield":{"type":"fixes","node":"battlefield","usage":1,"weight":1},"condensed":{"type":"fixes","node":"condensed","usage":1,"weight":1}},"Contributors":[],"FontIdentity":"bb75e3a01102be5b4c3821465978a125","Bytes":null,"Networking":[]}