{"CSS":{"Fixedsys":"zinc69:7e5dca17aa60936d2e4f1f502.css"},"FontType":"TrueType","FontCopyright":"(c) Copyright Microsoft Corp. 1987-95. All rights reserved.","FontName":"Fixedsys","FontSubfamily":"Normal","FontSubfamilyID":"FontForge 2.0 : Fixedsys : 1-12-2016","FontFullName":"Fixedsys","FontVersion":"Version 001.000 ","FontWeight":null,"FontPostscriptName":"Fixedsys","Files":{"\/Fixedsys.css":"\/Fixedsys.css","\/font-resource.json":"\/font-resource.json","\/vgafixe.afm":"\/vgafixe.afm","\/vgafixe.cef":"\/vgafixe.cef","\/vgafixe.cff":"\/vgafixe.cff","\/vgafixe.eot":"\/vgafixe.eot","\/vgafixe.gai":"\/vgafixe.gai","\/vgafixe.gsf":"\/vgafixe.gsf","\/vgafixe.otf":"\/vgafixe.otf","\/vgafixe.pf3":"\/vgafixe.pf3","\/vgafixe.pfa":"\/vgafixe.pfa","\/vgafixe.pfb":"\/vgafixe.pfb","\/vgafixe.php":"\/vgafixe.php","\/vgafixe.pt3":"\/vgafixe.pt3","\/vgafixe.sfd":"\/vgafixe.sfd","\/vgafixe.svg":"\/vgafixe.svg","\/vgafixe.t42":"\/vgafixe.t42","\/vgafixe.ttd":"\/vgafixe.ttd","\/vgafixe.ttf":"\/vgafixe.ttf","\/vgafixe.ttg":"\/vgafixe.ttg","\/vgafixe.ufm":"\/vgafixe.ufm","\/vgafixe.woff":"\/vgafixe.woff","\/vgafixe.z":"\/vgafixe.z","\/zinc69:7e5dca17aa60936d2e4f1f502.css":"\/zinc69:7e5dca17aa60936d2e4f1f502.css","\/vgafixe.ufo\/feature.fea":"\/vgafixe.ufo\/feature.fea","\/vgafixe.ufo\/fontinfo.plist":"\/vgafixe.ufo\/fontinfo.plist","\/vgafixe.ufo\/groups.plist":"\/vgafixe.ufo\/groups.plist","\/vgafixe.ufo\/kerning.plist":"\/vgafixe.ufo\/kerning.plist","\/vgafixe.ufo\/metainfo.plist":"\/vgafixe.ufo\/metainfo.plist","\/vgafixe.ufo\/glyphs\/A_.glif":"\/vgafixe.ufo\/glyphs\/A_.glif","\/vgafixe.ufo\/glyphs\/A_E_.glif":"\/vgafixe.ufo\/glyphs\/A_E_.glif","\/vgafixe.ufo\/glyphs\/A_acute.glif":"\/vgafixe.ufo\/glyphs\/A_acute.glif","\/vgafixe.ufo\/glyphs\/A_circumflex.glif":"\/vgafixe.ufo\/glyphs\/A_circumflex.glif","\/vgafixe.ufo\/glyphs\/A_dieresis.glif":"\/vgafixe.ufo\/glyphs\/A_dieresis.glif","\/vgafixe.ufo\/glyphs\/A_grave.glif":"\/vgafixe.ufo\/glyphs\/A_grave.glif","\/vgafixe.ufo\/glyphs\/A_ring.glif":"\/vgafixe.ufo\/glyphs\/A_ring.glif","\/vgafixe.ufo\/glyphs\/A_tilde.glif":"\/vgafixe.ufo\/glyphs\/A_tilde.glif","\/vgafixe.ufo\/glyphs\/B_.glif":"\/vgafixe.ufo\/glyphs\/B_.glif","\/vgafixe.ufo\/glyphs\/C_.glif":"\/vgafixe.ufo\/glyphs\/C_.glif","\/vgafixe.ufo\/glyphs\/C_cedilla.glif":"\/vgafixe.ufo\/glyphs\/C_cedilla.glif","\/vgafixe.ufo\/glyphs\/D_.glif":"\/vgafixe.ufo\/glyphs\/D_.glif","\/vgafixe.ufo\/glyphs\/E_.glif":"\/vgafixe.ufo\/glyphs\/E_.glif","\/vgafixe.ufo\/glyphs\/E_acute.glif":"\/vgafixe.ufo\/glyphs\/E_acute.glif","\/vgafixe.ufo\/glyphs\/E_circumflex.glif":"\/vgafixe.ufo\/glyphs\/E_circumflex.glif","\/vgafixe.ufo\/glyphs\/E_dieresis.glif":"\/vgafixe.ufo\/glyphs\/E_dieresis.glif","\/vgafixe.ufo\/glyphs\/E_grave.glif":"\/vgafixe.ufo\/glyphs\/E_grave.glif","\/vgafixe.ufo\/glyphs\/E_th.glif":"\/vgafixe.ufo\/glyphs\/E_th.glif","\/vgafixe.ufo\/glyphs\/E_uro.glif":"\/vgafixe.ufo\/glyphs\/E_uro.glif","\/vgafixe.ufo\/glyphs\/F_.glif":"\/vgafixe.ufo\/glyphs\/F_.glif","\/vgafixe.ufo\/glyphs\/G_.glif":"\/vgafixe.ufo\/glyphs\/G_.glif","\/vgafixe.ufo\/glyphs\/H_.glif":"\/vgafixe.ufo\/glyphs\/H_.glif","\/vgafixe.ufo\/glyphs\/I_.glif":"\/vgafixe.ufo\/glyphs\/I_.glif","\/vgafixe.ufo\/glyphs\/I_acute.glif":"\/vgafixe.ufo\/glyphs\/I_acute.glif","\/vgafixe.ufo\/glyphs\/I_circumflex.glif":"\/vgafixe.ufo\/glyphs\/I_circumflex.glif","\/vgafixe.ufo\/glyphs\/I_dieresis.glif":"\/vgafixe.ufo\/glyphs\/I_dieresis.glif","\/vgafixe.ufo\/glyphs\/I_grave.glif":"\/vgafixe.ufo\/glyphs\/I_grave.glif","\/vgafixe.ufo\/glyphs\/J_.glif":"\/vgafixe.ufo\/glyphs\/J_.glif","\/vgafixe.ufo\/glyphs\/K_.glif":"\/vgafixe.ufo\/glyphs\/K_.glif","\/vgafixe.ufo\/glyphs\/L_.glif":"\/vgafixe.ufo\/glyphs\/L_.glif","\/vgafixe.ufo\/glyphs\/M_.glif":"\/vgafixe.ufo\/glyphs\/M_.glif","\/vgafixe.ufo\/glyphs\/N_.glif":"\/vgafixe.ufo\/glyphs\/N_.glif","\/vgafixe.ufo\/glyphs\/N_ameM_e.129.glif":"\/vgafixe.ufo\/glyphs\/N_ameM_e.129.glif","\/vgafixe.ufo\/glyphs\/N_ameM_e.141.glif":"\/vgafixe.ufo\/glyphs\/N_ameM_e.141.glif","\/vgafixe.ufo\/glyphs\/N_ameM_e.143.glif":"\/vgafixe.ufo\/glyphs\/N_ameM_e.143.glif","\/vgafixe.ufo\/glyphs\/N_ameM_e.144.glif":"\/vgafixe.ufo\/glyphs\/N_ameM_e.144.glif","\/vgafixe.ufo\/glyphs\/N_ameM_e.157.glif":"\/vgafixe.ufo\/glyphs\/N_ameM_e.157.glif","\/vgafixe.ufo\/glyphs\/N_tilde.glif":"\/vgafixe.ufo\/glyphs\/N_tilde.glif","\/vgafixe.ufo\/glyphs\/O_.glif":"\/vgafixe.ufo\/glyphs\/O_.glif","\/vgafixe.ufo\/glyphs\/O_E_.glif":"\/vgafixe.ufo\/glyphs\/O_E_.glif","\/vgafixe.ufo\/glyphs\/O_acute.glif":"\/vgafixe.ufo\/glyphs\/O_acute.glif","\/vgafixe.ufo\/glyphs\/O_circumflex.glif":"\/vgafixe.ufo\/glyphs\/O_circumflex.glif","\/vgafixe.ufo\/glyphs\/O_dieresis.glif":"\/vgafixe.ufo\/glyphs\/O_dieresis.glif","\/vgafixe.ufo\/glyphs\/O_grave.glif":"\/vgafixe.ufo\/glyphs\/O_grave.glif","\/vgafixe.ufo\/glyphs\/O_slash.glif":"\/vgafixe.ufo\/glyphs\/O_slash.glif","\/vgafixe.ufo\/glyphs\/O_tilde.glif":"\/vgafixe.ufo\/glyphs\/O_tilde.glif","\/vgafixe.ufo\/glyphs\/P_.glif":"\/vgafixe.ufo\/glyphs\/P_.glif","\/vgafixe.ufo\/glyphs\/Q_.glif":"\/vgafixe.ufo\/glyphs\/Q_.glif","\/vgafixe.ufo\/glyphs\/R_.glif":"\/vgafixe.ufo\/glyphs\/R_.glif","\/vgafixe.ufo\/glyphs\/S_.glif":"\/vgafixe.ufo\/glyphs\/S_.glif","\/vgafixe.ufo\/glyphs\/S_caron.glif":"\/vgafixe.ufo\/glyphs\/S_caron.glif","\/vgafixe.ufo\/glyphs\/T_.glif":"\/vgafixe.ufo\/glyphs\/T_.glif","\/vgafixe.ufo\/glyphs\/T_horn.glif":"\/vgafixe.ufo\/glyphs\/T_horn.glif","\/vgafixe.ufo\/glyphs\/U_.glif":"\/vgafixe.ufo\/glyphs\/U_.glif","\/vgafixe.ufo\/glyphs\/U_acute.glif":"\/vgafixe.ufo\/glyphs\/U_acute.glif","\/vgafixe.ufo\/glyphs\/U_circumflex.glif":"\/vgafixe.ufo\/glyphs\/U_circumflex.glif","\/vgafixe.ufo\/glyphs\/U_dieresis.glif":"\/vgafixe.ufo\/glyphs\/U_dieresis.glif","\/vgafixe.ufo\/glyphs\/U_grave.glif":"\/vgafixe.ufo\/glyphs\/U_grave.glif","\/vgafixe.ufo\/glyphs\/V_.glif":"\/vgafixe.ufo\/glyphs\/V_.glif","\/vgafixe.ufo\/glyphs\/W_.glif":"\/vgafixe.ufo\/glyphs\/W_.glif","\/vgafixe.ufo\/glyphs\/X_.glif":"\/vgafixe.ufo\/glyphs\/X_.glif","\/vgafixe.ufo\/glyphs\/Y_.glif":"\/vgafixe.ufo\/glyphs\/Y_.glif","\/vgafixe.ufo\/glyphs\/Y_acute.glif":"\/vgafixe.ufo\/glyphs\/Y_acute.glif","\/vgafixe.ufo\/glyphs\/Y_dieresis.glif":"\/vgafixe.ufo\/glyphs\/Y_dieresis.glif","\/vgafixe.ufo\/glyphs\/Z_.glif":"\/vgafixe.ufo\/glyphs\/Z_.glif","\/vgafixe.ufo\/glyphs\/Z_caron.glif":"\/vgafixe.ufo\/glyphs\/Z_caron.glif","\/vgafixe.ufo\/glyphs\/a.glif":"\/vgafixe.ufo\/glyphs\/a.glif","\/vgafixe.ufo\/glyphs\/aacute.glif":"\/vgafixe.ufo\/glyphs\/aacute.glif","\/vgafixe.ufo\/glyphs\/acircumflex.glif":"\/vgafixe.ufo\/glyphs\/acircumflex.glif","\/vgafixe.ufo\/glyphs\/acute.glif":"\/vgafixe.ufo\/glyphs\/acute.glif","\/vgafixe.ufo\/glyphs\/adieresis.glif":"\/vgafixe.ufo\/glyphs\/adieresis.glif","\/vgafixe.ufo\/glyphs\/ae.glif":"\/vgafixe.ufo\/glyphs\/ae.glif","\/vgafixe.ufo\/glyphs\/agrave.glif":"\/vgafixe.ufo\/glyphs\/agrave.glif","\/vgafixe.ufo\/glyphs\/ampersand.glif":"\/vgafixe.ufo\/glyphs\/ampersand.glif","\/vgafixe.ufo\/glyphs\/aring.glif":"\/vgafixe.ufo\/glyphs\/aring.glif","\/vgafixe.ufo\/glyphs\/asciicircum.glif":"\/vgafixe.ufo\/glyphs\/asciicircum.glif","\/vgafixe.ufo\/glyphs\/asciitilde.glif":"\/vgafixe.ufo\/glyphs\/asciitilde.glif","\/vgafixe.ufo\/glyphs\/asterisk.glif":"\/vgafixe.ufo\/glyphs\/asterisk.glif","\/vgafixe.ufo\/glyphs\/at.glif":"\/vgafixe.ufo\/glyphs\/at.glif","\/vgafixe.ufo\/glyphs\/atilde.glif":"\/vgafixe.ufo\/glyphs\/atilde.glif","\/vgafixe.ufo\/glyphs\/b.glif":"\/vgafixe.ufo\/glyphs\/b.glif","\/vgafixe.ufo\/glyphs\/backslash.glif":"\/vgafixe.ufo\/glyphs\/backslash.glif","\/vgafixe.ufo\/glyphs\/bar.glif":"\/vgafixe.ufo\/glyphs\/bar.glif","\/vgafixe.ufo\/glyphs\/braceleft.glif":"\/vgafixe.ufo\/glyphs\/braceleft.glif","\/vgafixe.ufo\/glyphs\/braceright.glif":"\/vgafixe.ufo\/glyphs\/braceright.glif","\/vgafixe.ufo\/glyphs\/bracketleft.glif":"\/vgafixe.ufo\/glyphs\/bracketleft.glif","\/vgafixe.ufo\/glyphs\/bracketright.glif":"\/vgafixe.ufo\/glyphs\/bracketright.glif","\/vgafixe.ufo\/glyphs\/brokenbar.glif":"\/vgafixe.ufo\/glyphs\/brokenbar.glif","\/vgafixe.ufo\/glyphs\/bullet.glif":"\/vgafixe.ufo\/glyphs\/bullet.glif","\/vgafixe.ufo\/glyphs\/c.glif":"\/vgafixe.ufo\/glyphs\/c.glif","\/vgafixe.ufo\/glyphs\/ccedilla.glif":"\/vgafixe.ufo\/glyphs\/ccedilla.glif","\/vgafixe.ufo\/glyphs\/cedilla.glif":"\/vgafixe.ufo\/glyphs\/cedilla.glif","\/vgafixe.ufo\/glyphs\/cent.glif":"\/vgafixe.ufo\/glyphs\/cent.glif","\/vgafixe.ufo\/glyphs\/circumflex.glif":"\/vgafixe.ufo\/glyphs\/circumflex.glif","\/vgafixe.ufo\/glyphs\/colon.glif":"\/vgafixe.ufo\/glyphs\/colon.glif","\/vgafixe.ufo\/glyphs\/comma.glif":"\/vgafixe.ufo\/glyphs\/comma.glif","\/vgafixe.ufo\/glyphs\/contents.plist":"\/vgafixe.ufo\/glyphs\/contents.plist","\/vgafixe.ufo\/glyphs\/copyright.glif":"\/vgafixe.ufo\/glyphs\/copyright.glif","\/vgafixe.ufo\/glyphs\/currency.glif":"\/vgafixe.ufo\/glyphs\/currency.glif","\/vgafixe.ufo\/glyphs\/d.glif":"\/vgafixe.ufo\/glyphs\/d.glif","\/vgafixe.ufo\/glyphs\/dagger.glif":"\/vgafixe.ufo\/glyphs\/dagger.glif","\/vgafixe.ufo\/glyphs\/daggerdbl.glif":"\/vgafixe.ufo\/glyphs\/daggerdbl.glif","\/vgafixe.ufo\/glyphs\/degree.glif":"\/vgafixe.ufo\/glyphs\/degree.glif","\/vgafixe.ufo\/glyphs\/dieresis.glif":"\/vgafixe.ufo\/glyphs\/dieresis.glif","\/vgafixe.ufo\/glyphs\/divide.glif":"\/vgafixe.ufo\/glyphs\/divide.glif","\/vgafixe.ufo\/glyphs\/dollar.glif":"\/vgafixe.ufo\/glyphs\/dollar.glif","\/vgafixe.ufo\/glyphs\/e.glif":"\/vgafixe.ufo\/glyphs\/e.glif","\/vgafixe.ufo\/glyphs\/eacute.glif":"\/vgafixe.ufo\/glyphs\/eacute.glif","\/vgafixe.ufo\/glyphs\/ecircumflex.glif":"\/vgafixe.ufo\/glyphs\/ecircumflex.glif","\/vgafixe.ufo\/glyphs\/edieresis.glif":"\/vgafixe.ufo\/glyphs\/edieresis.glif","\/vgafixe.ufo\/glyphs\/egrave.glif":"\/vgafixe.ufo\/glyphs\/egrave.glif","\/vgafixe.ufo\/glyphs\/eight.glif":"\/vgafixe.ufo\/glyphs\/eight.glif","\/vgafixe.ufo\/glyphs\/ellipsis.glif":"\/vgafixe.ufo\/glyphs\/ellipsis.glif","\/vgafixe.ufo\/glyphs\/emdash.glif":"\/vgafixe.ufo\/glyphs\/emdash.glif","\/vgafixe.ufo\/glyphs\/endash.glif":"\/vgafixe.ufo\/glyphs\/endash.glif","\/vgafixe.ufo\/glyphs\/equal.glif":"\/vgafixe.ufo\/glyphs\/equal.glif","\/vgafixe.ufo\/glyphs\/eth.glif":"\/vgafixe.ufo\/glyphs\/eth.glif","\/vgafixe.ufo\/glyphs\/exclam.glif":"\/vgafixe.ufo\/glyphs\/exclam.glif","\/vgafixe.ufo\/glyphs\/exclamdown.glif":"\/vgafixe.ufo\/glyphs\/exclamdown.glif","\/vgafixe.ufo\/glyphs\/f.glif":"\/vgafixe.ufo\/glyphs\/f.glif","\/vgafixe.ufo\/glyphs\/five.glif":"\/vgafixe.ufo\/glyphs\/five.glif","\/vgafixe.ufo\/glyphs\/florin.glif":"\/vgafixe.ufo\/glyphs\/florin.glif","\/vgafixe.ufo\/glyphs\/four.glif":"\/vgafixe.ufo\/glyphs\/four.glif","\/vgafixe.ufo\/glyphs\/g.glif":"\/vgafixe.ufo\/glyphs\/g.glif","\/vgafixe.ufo\/glyphs\/germandbls.glif":"\/vgafixe.ufo\/glyphs\/germandbls.glif","\/vgafixe.ufo\/glyphs\/grave.glif":"\/vgafixe.ufo\/glyphs\/grave.glif","\/vgafixe.ufo\/glyphs\/greater.glif":"\/vgafixe.ufo\/glyphs\/greater.glif","\/vgafixe.ufo\/glyphs\/guillemotleft.glif":"\/vgafixe.ufo\/glyphs\/guillemotleft.glif","\/vgafixe.ufo\/glyphs\/guillemotright.glif":"\/vgafixe.ufo\/glyphs\/guillemotright.glif","\/vgafixe.ufo\/glyphs\/guilsinglleft.glif":"\/vgafixe.ufo\/glyphs\/guilsinglleft.glif","\/vgafixe.ufo\/glyphs\/guilsinglright.glif":"\/vgafixe.ufo\/glyphs\/guilsinglright.glif","\/vgafixe.ufo\/glyphs\/h.glif":"\/vgafixe.ufo\/glyphs\/h.glif","\/vgafixe.ufo\/glyphs\/hyphen.glif":"\/vgafixe.ufo\/glyphs\/hyphen.glif","\/vgafixe.ufo\/glyphs\/i.glif":"\/vgafixe.ufo\/glyphs\/i.glif","\/vgafixe.ufo\/glyphs\/iacute.glif":"\/vgafixe.ufo\/glyphs\/iacute.glif","\/vgafixe.ufo\/glyphs\/icircumflex.glif":"\/vgafixe.ufo\/glyphs\/icircumflex.glif","\/vgafixe.ufo\/glyphs\/idieresis.glif":"\/vgafixe.ufo\/glyphs\/idieresis.glif","\/vgafixe.ufo\/glyphs\/igrave.glif":"\/vgafixe.ufo\/glyphs\/igrave.glif","\/vgafixe.ufo\/glyphs\/j.glif":"\/vgafixe.ufo\/glyphs\/j.glif","\/vgafixe.ufo\/glyphs\/k.glif":"\/vgafixe.ufo\/glyphs\/k.glif","\/vgafixe.ufo\/glyphs\/l.glif":"\/vgafixe.ufo\/glyphs\/l.glif","\/vgafixe.ufo\/glyphs\/less.glif":"\/vgafixe.ufo\/glyphs\/less.glif","\/vgafixe.ufo\/glyphs\/logicalnot.glif":"\/vgafixe.ufo\/glyphs\/logicalnot.glif","\/vgafixe.ufo\/glyphs\/m.glif":"\/vgafixe.ufo\/glyphs\/m.glif","\/vgafixe.ufo\/glyphs\/macron.glif":"\/vgafixe.ufo\/glyphs\/macron.glif","\/vgafixe.ufo\/glyphs\/multiply.glif":"\/vgafixe.ufo\/glyphs\/multiply.glif","\/vgafixe.ufo\/glyphs\/n.glif":"\/vgafixe.ufo\/glyphs\/n.glif","\/vgafixe.ufo\/glyphs\/nine.glif":"\/vgafixe.ufo\/glyphs\/nine.glif","\/vgafixe.ufo\/glyphs\/ntilde.glif":"\/vgafixe.ufo\/glyphs\/ntilde.glif","\/vgafixe.ufo\/glyphs\/numbersign.glif":"\/vgafixe.ufo\/glyphs\/numbersign.glif","\/vgafixe.ufo\/glyphs\/o.glif":"\/vgafixe.ufo\/glyphs\/o.glif","\/vgafixe.ufo\/glyphs\/oacute.glif":"\/vgafixe.ufo\/glyphs\/oacute.glif","\/vgafixe.ufo\/glyphs\/ocircumflex.glif":"\/vgafixe.ufo\/glyphs\/ocircumflex.glif","\/vgafixe.ufo\/glyphs\/odieresis.glif":"\/vgafixe.ufo\/glyphs\/odieresis.glif","\/vgafixe.ufo\/glyphs\/oe.glif":"\/vgafixe.ufo\/glyphs\/oe.glif","\/vgafixe.ufo\/glyphs\/ograve.glif":"\/vgafixe.ufo\/glyphs\/ograve.glif","\/vgafixe.ufo\/glyphs\/one.glif":"\/vgafixe.ufo\/glyphs\/one.glif","\/vgafixe.ufo\/glyphs\/onehalf.glif":"\/vgafixe.ufo\/glyphs\/onehalf.glif","\/vgafixe.ufo\/glyphs\/onequarter.glif":"\/vgafixe.ufo\/glyphs\/onequarter.glif","\/vgafixe.ufo\/glyphs\/ordfeminine.glif":"\/vgafixe.ufo\/glyphs\/ordfeminine.glif","\/vgafixe.ufo\/glyphs\/ordmasculine.glif":"\/vgafixe.ufo\/glyphs\/ordmasculine.glif","\/vgafixe.ufo\/glyphs\/oslash.glif":"\/vgafixe.ufo\/glyphs\/oslash.glif","\/vgafixe.ufo\/glyphs\/otilde.glif":"\/vgafixe.ufo\/glyphs\/otilde.glif","\/vgafixe.ufo\/glyphs\/p.glif":"\/vgafixe.ufo\/glyphs\/p.glif","\/vgafixe.ufo\/glyphs\/paragraph.glif":"\/vgafixe.ufo\/glyphs\/paragraph.glif","\/vgafixe.ufo\/glyphs\/parenleft.glif":"\/vgafixe.ufo\/glyphs\/parenleft.glif","\/vgafixe.ufo\/glyphs\/parenright.glif":"\/vgafixe.ufo\/glyphs\/parenright.glif","\/vgafixe.ufo\/glyphs\/percent.glif":"\/vgafixe.ufo\/glyphs\/percent.glif","\/vgafixe.ufo\/glyphs\/period.glif":"\/vgafixe.ufo\/glyphs\/period.glif","\/vgafixe.ufo\/glyphs\/periodcentered.glif":"\/vgafixe.ufo\/glyphs\/periodcentered.glif","\/vgafixe.ufo\/glyphs\/perthousand.glif":"\/vgafixe.ufo\/glyphs\/perthousand.glif","\/vgafixe.ufo\/glyphs\/plus.glif":"\/vgafixe.ufo\/glyphs\/plus.glif","\/vgafixe.ufo\/glyphs\/plusminus.glif":"\/vgafixe.ufo\/glyphs\/plusminus.glif","\/vgafixe.ufo\/glyphs\/q.glif":"\/vgafixe.ufo\/glyphs\/q.glif","\/vgafixe.ufo\/glyphs\/question.glif":"\/vgafixe.ufo\/glyphs\/question.glif","\/vgafixe.ufo\/glyphs\/questiondown.glif":"\/vgafixe.ufo\/glyphs\/questiondown.glif","\/vgafixe.ufo\/glyphs\/quotedbl.glif":"\/vgafixe.ufo\/glyphs\/quotedbl.glif","\/vgafixe.ufo\/glyphs\/quotedblbase.glif":"\/vgafixe.ufo\/glyphs\/quotedblbase.glif","\/vgafixe.ufo\/glyphs\/quotedblleft.glif":"\/vgafixe.ufo\/glyphs\/quotedblleft.glif","\/vgafixe.ufo\/glyphs\/quotedblright.glif":"\/vgafixe.ufo\/glyphs\/quotedblright.glif","\/vgafixe.ufo\/glyphs\/quoteleft.glif":"\/vgafixe.ufo\/glyphs\/quoteleft.glif","\/vgafixe.ufo\/glyphs\/quoteright.glif":"\/vgafixe.ufo\/glyphs\/quoteright.glif","\/vgafixe.ufo\/glyphs\/quotesinglbase.glif":"\/vgafixe.ufo\/glyphs\/quotesinglbase.glif","\/vgafixe.ufo\/glyphs\/quotesingle.glif":"\/vgafixe.ufo\/glyphs\/quotesingle.glif","\/vgafixe.ufo\/glyphs\/r.glif":"\/vgafixe.ufo\/glyphs\/r.glif","\/vgafixe.ufo\/glyphs\/registered.glif":"\/vgafixe.ufo\/glyphs\/registered.glif","\/vgafixe.ufo\/glyphs\/s.glif":"\/vgafixe.ufo\/glyphs\/s.glif","\/vgafixe.ufo\/glyphs\/scaron.glif":"\/vgafixe.ufo\/glyphs\/scaron.glif","\/vgafixe.ufo\/glyphs\/section.glif":"\/vgafixe.ufo\/glyphs\/section.glif","\/vgafixe.ufo\/glyphs\/semicolon.glif":"\/vgafixe.ufo\/glyphs\/semicolon.glif","\/vgafixe.ufo\/glyphs\/seven.glif":"\/vgafixe.ufo\/glyphs\/seven.glif","\/vgafixe.ufo\/glyphs\/six.glif":"\/vgafixe.ufo\/glyphs\/six.glif","\/vgafixe.ufo\/glyphs\/slash.glif":"\/vgafixe.ufo\/glyphs\/slash.glif","\/vgafixe.ufo\/glyphs\/space.glif":"\/vgafixe.ufo\/glyphs\/space.glif","\/vgafixe.ufo\/glyphs\/sterling.glif":"\/vgafixe.ufo\/glyphs\/sterling.glif","\/vgafixe.ufo\/glyphs\/t.glif":"\/vgafixe.ufo\/glyphs\/t.glif","\/vgafixe.ufo\/glyphs\/thorn.glif":"\/vgafixe.ufo\/glyphs\/thorn.glif","\/vgafixe.ufo\/glyphs\/three.glif":"\/vgafixe.ufo\/glyphs\/three.glif","\/vgafixe.ufo\/glyphs\/threequarters.glif":"\/vgafixe.ufo\/glyphs\/threequarters.glif","\/vgafixe.ufo\/glyphs\/tilde.glif":"\/vgafixe.ufo\/glyphs\/tilde.glif","\/vgafixe.ufo\/glyphs\/trademark.glif":"\/vgafixe.ufo\/glyphs\/trademark.glif","\/vgafixe.ufo\/glyphs\/two.glif":"\/vgafixe.ufo\/glyphs\/two.glif","\/vgafixe.ufo\/glyphs\/u.glif":"\/vgafixe.ufo\/glyphs\/u.glif","\/vgafixe.ufo\/glyphs\/uacute.glif":"\/vgafixe.ufo\/glyphs\/uacute.glif","\/vgafixe.ufo\/glyphs\/ucircumflex.glif":"\/vgafixe.ufo\/glyphs\/ucircumflex.glif","\/vgafixe.ufo\/glyphs\/udieresis.glif":"\/vgafixe.ufo\/glyphs\/udieresis.glif","\/vgafixe.ufo\/glyphs\/ugrave.glif":"\/vgafixe.ufo\/glyphs\/ugrave.glif","\/vgafixe.ufo\/glyphs\/underscore.glif":"\/vgafixe.ufo\/glyphs\/underscore.glif","\/vgafixe.ufo\/glyphs\/uni007F_.glif":"\/vgafixe.ufo\/glyphs\/uni007F_.glif","\/vgafixe.ufo\/glyphs\/uni00A_0.glif":"\/vgafixe.ufo\/glyphs\/uni00A_0.glif","\/vgafixe.ufo\/glyphs\/uni00A_D_.glif":"\/vgafixe.ufo\/glyphs\/uni00A_D_.glif","\/vgafixe.ufo\/glyphs\/uni00B_2.glif":"\/vgafixe.ufo\/glyphs\/uni00B_2.glif","\/vgafixe.ufo\/glyphs\/uni00B_3.glif":"\/vgafixe.ufo\/glyphs\/uni00B_3.glif","\/vgafixe.ufo\/glyphs\/uni00B_5.glif":"\/vgafixe.ufo\/glyphs\/uni00B_5.glif","\/vgafixe.ufo\/glyphs\/uni00B_9.glif":"\/vgafixe.ufo\/glyphs\/uni00B_9.glif","\/vgafixe.ufo\/glyphs\/v.glif":"\/vgafixe.ufo\/glyphs\/v.glif","\/vgafixe.ufo\/glyphs\/w.glif":"\/vgafixe.ufo\/glyphs\/w.glif","\/vgafixe.ufo\/glyphs\/x.glif":"\/vgafixe.ufo\/glyphs\/x.glif","\/vgafixe.ufo\/glyphs\/y.glif":"\/vgafixe.ufo\/glyphs\/y.glif","\/vgafixe.ufo\/glyphs\/yacute.glif":"\/vgafixe.ufo\/glyphs\/yacute.glif","\/vgafixe.ufo\/glyphs\/ydieresis.glif":"\/vgafixe.ufo\/glyphs\/ydieresis.glif","\/vgafixe.ufo\/glyphs\/yen.glif":"\/vgafixe.ufo\/glyphs\/yen.glif","\/vgafixe.ufo\/glyphs\/z.glif":"\/vgafixe.ufo\/glyphs\/z.glif","\/vgafixe.ufo\/glyphs\/zcaron.glif":"\/vgafixe.ufo\/glyphs\/zcaron.glif","\/vgafixe.ufo\/glyphs\/zero.glif":"\/vgafixe.ufo\/glyphs\/zero.glif"},"Font":{"uploaded":1489064071.1992,"licence":"gpl3","company":"Chronolabs Cooperative","title":"Fixedsys","version":3.002,"date":"Fri Nov 25 21:25:13 2016","creator":"root","type":"1","matrix":"0.001 0 0 0.001 0 0","named":"Fixedsys","painttype":"0","info":"9 dict dup","name":"Fixedsys","family":"Fixedsys","weight":"Normal","italicangle":"0","underlineposition":"","underlinethickness":""},"Licences":{"":false},"Table":{"FFTM":{"entryLength":16,"tag":"FFTM","checksum":1962485474,"offset":3108,"length":28},"GDEF":{"entryLength":16,"tag":"GDEF","checksum":17825798,"offset":3076,"length":32},"OS\/2":{"entryLength":16,"tag":"OS\/2","checksum":1437662535,"offset":344,"length":86},"cmap":{"entryLength":16,"tag":"cmap","checksum":3524748895,"offset":896,"length":492},"gasp":{"entryLength":16,"tag":"gasp","checksum":4294901763,"offset":3068,"length":8},"glyf":{"entryLength":16,"tag":"glyf","checksum":0,"offset":1844,"length":0},"head":{"entryLength":16,"tag":"head","checksum":132722837,"offset":220,"length":54},"hhea":{"entryLength":16,"tag":"hhea","checksum":58458417,"offset":276,"length":36},"hmtx":{"entryLength":16,"tag":"hmtx","checksum":98304000,"offset":432,"length":462},"loca":{"entryLength":16,"tag":"loca","checksum":0,"offset":1388,"length":456},"maxp":{"entryLength":16,"tag":"maxp","checksum":19202051,"offset":312,"length":32},"name":{"entryLength":16,"tag":"name","checksum":1122745971,"offset":1844,"length":618},"post":{"entryLength":16,"tag":"post","checksum":3515368961,"offset":2464,"length":604}},"UnicodeCharMap":{"32":3,"33":4,"34":5,"35":6,"36":7,"37":8,"38":9,"39":10,"40":11,"41":12,"42":13,"43":14,"44":15,"45":16,"46":17,"47":18,"48":19,"49":20,"50":21,"51":22,"52":23,"53":24,"54":25,"55":26,"56":27,"57":28,"58":29,"59":30,"60":31,"61":32,"62":33,"63":34,"64":35,"65":36,"66":37,"67":38,"68":39,"69":40,"70":41,"71":42,"72":43,"73":44,"74":45,"75":46,"76":47,"77":48,"78":49,"79":50,"80":51,"81":52,"82":53,"83":54,"84":55,"85":56,"86":57,"87":58,"88":59,"89":60,"90":61,"91":62,"92":63,"93":64,"94":65,"95":66,"96":67,"97":68,"98":69,"99":70,"100":71,"101":72,"102":73,"103":74,"104":75,"105":76,"106":77,"107":78,"108":79,"109":80,"110":81,"111":82,"112":83,"113":84,"114":85,"115":86,"116":87,"117":88,"118":89,"119":90,"120":91,"121":92,"122":93,"123":94,"124":95,"125":96,"126":97,"127":98,"160":131,"161":132,"162":133,"163":134,"164":135,"165":136,"166":137,"167":138,"168":139,"169":140,"170":141,"171":142,"172":143,"173":144,"174":145,"175":146,"176":147,"177":148,"178":149,"179":150,"180":151,"181":152,"182":153,"183":154,"184":155,"185":156,"186":157,"187":158,"188":159,"189":160,"190":161,"191":162,"192":163,"193":164,"194":165,"195":166,"196":167,"197":168,"198":169,"199":170,"200":171,"201":172,"202":173,"203":174,"204":175,"205":176,"206":177,"207":178,"208":179,"209":180,"210":181,"211":182,"212":183,"213":184,"214":185,"215":186,"216":187,"217":188,"218":189,"219":190,"220":191,"221":192,"222":193,"223":194,"224":195,"225":196,"226":197,"227":198,"228":199,"229":200,"230":201,"231":202,"232":203,"233":204,"234":205,"235":206,"236":207,"237":208,"238":209,"239":210,"240":211,"241":212,"242":213,"243":214,"244":215,"245":216,"246":217,"247":218,"248":219,"249":220,"250":221,"251":222,"252":223,"253":224,"254":225,"255":226,"338":111,"339":127,"352":109,"353":125,"376":130,"381":113,"382":129,"402":102,"710":107,"732":123,"8211":121,"8212":122,"8216":116,"8217":117,"8218":101,"8220":118,"8221":119,"8222":103,"8224":105,"8225":106,"8226":120,"8230":104,"8240":108,"8249":110,"8250":126,"8364":99,"8482":124},"Reserves":{"fontname":"Fixedsys"},"Names":{"Fixedsys":{"name":"Fixedsys","longitude":"0.00000001","latitude":"0.00000001","country":"","region":"","city":""}},"Nodes":{"fi":{"type":"typal","node":"fi","usage":1,"weight":1},"ys":{"type":"typal","node":"ys","usage":1,"weight":1},"fix":{"type":"typal","node":"fix","usage":1,"weight":1},"sys":{"type":"typal","node":"sys","usage":1,"weight":1},"fixe":{"type":"keys","node":"fixe","usage":1,"weight":1},"dsys":{"type":"keys","node":"dsys","usage":1,"weight":1},"fixed":{"type":"keys","node":"fixed","usage":1,"weight":1},"edsys":{"type":"keys","node":"edsys","usage":1,"weight":1},"fixedsys":{"type":"fixes","node":"fixedsys","usage":1,"weight":1}},"Contributors":[],"FontIdentity":"zinc69:7e5dca17aa60936d2e4f1f502","Bytes":null,"Networking":[],"barcode":"12k11wgmygeoou7","referee":"OC18yKA"}