{"CSS":{"Gunship Leftalic":"Gunship+Leftalic.css"},"FontType":"TrueType","FontCopyright":"2002 Iconian Fonts - www.iconian.com","FontName":"Gunship Leftalic","FontSubfamily":"Book","FontSubfamilyID":"FontForge 2.0 : Gunship Leftalic : 27-12-2016","FontFullName":"Gunship Leftalic","FontVersion":"Version 2 ","FontWeight":null,"FontPostscriptName":"GunshipLeftalic","Files":{"gunv2lt.afm":"gunv2lt.afm","gunv2lt.bin":"gunv2lt.bin","gunv2lt.cef":"gunv2lt.cef","gunv2lt.cff":"gunv2lt.cff","gunv2lt.cid":"gunv2lt.cid","gunv2lt.dfont":"gunv2lt.dfont","gunv2lt.eot":"gunv2lt.eot","gunv2lt.fon":"gunv2lt.fon","gunv2lt.gai":"gunv2lt.gai","gunv2lt.gsf":"gunv2lt.gsf","gunv2lt.hqx":"gunv2lt.hqx","gunv2lt.ik":"gunv2lt.ik","gunv2lt.mf":"gunv2lt.mf","gunv2lt.otf":"gunv2lt.otf","gunv2lt.pcf":"gunv2lt.pcf","gunv2lt.pf3":"gunv2lt.pf3","gunv2lt.pfa":"gunv2lt.pfa","gunv2lt.pfb":"gunv2lt.pfb","gunv2lt.php":"gunv2lt.php","gunv2lt.pmf":"gunv2lt.pmf","gunv2lt.pt3":"gunv2lt.pt3","gunv2lt.sfd":"gunv2lt.sfd","gunv2lt.svg":"gunv2lt.svg","gunv2lt.t42":"gunv2lt.t42","gunv2lt.ttd":"gunv2lt.ttd","gunv2lt.ttf":"gunv2lt.ttf","gunv2lt.ttg":"gunv2lt.ttg","gunv2lt.ufm":"gunv2lt.ufm","gunv2lt.woff":"gunv2lt.woff","gunv2lt.z":"gunv2lt.z","":{"gunv2lt.afm":"gunv2lt.afm","gunv2lt.bin":"gunv2lt.bin","gunv2lt.cef":"gunv2lt.cef","gunv2lt.cff":"gunv2lt.cff","gunv2lt.cid":"gunv2lt.cid","gunv2lt.dfont":"gunv2lt.dfont","gunv2lt.eot":"gunv2lt.eot","gunv2lt.fon":"gunv2lt.fon","gunv2lt.gai":"gunv2lt.gai","gunv2lt.gsf":"gunv2lt.gsf","gunv2lt.hqx":"gunv2lt.hqx","gunv2lt.ik":"gunv2lt.ik","gunv2lt.mf":"gunv2lt.mf","gunv2lt.otf":"gunv2lt.otf","gunv2lt.pcf":"gunv2lt.pcf","gunv2lt.pf3":"gunv2lt.pf3","gunv2lt.pfa":"gunv2lt.pfa","gunv2lt.pfb":"gunv2lt.pfb","gunv2lt.php":"gunv2lt.php","gunv2lt.pmf":"gunv2lt.pmf","gunv2lt.pt3":"gunv2lt.pt3","gunv2lt.sfd":"gunv2lt.sfd","gunv2lt.svg":"gunv2lt.svg","gunv2lt.t42":"gunv2lt.t42","gunv2lt.ttd":"gunv2lt.ttd","gunv2lt.ttf":"gunv2lt.ttf","gunv2lt.ttg":"gunv2lt.ttg","gunv2lt.ufm":"gunv2lt.ufm","gunv2lt.woff":"gunv2lt.woff","gunv2lt.z":"gunv2lt.z"},"\/gunv2lt.ufo":{"feature.fea":"feature.fea","fontinfo.plist":"fontinfo.plist","groups.plist":"groups.plist","kerning.plist":"kerning.plist","metainfo.plist":"metainfo.plist"},"\/gunv2lt.ufo\/glyphs":{"A_.glif":"A_.glif","B_.glif":"B_.glif","C_.glif":"C_.glif","D_.glif":"D_.glif","E_.glif":"E_.glif","F_.glif":"F_.glif","F_L_0021h.glif":"F_L_0021h.glif","F_L_0022h.glif":"F_L_0022h.glif","F_L_0023h.glif":"F_L_0023h.glif","F_L_0024h.glif":"F_L_0024h.glif","F_L_0025h.glif":"F_L_0025h.glif","F_L_0026h.glif":"F_L_0026h.glif","F_L_0027h.glif":"F_L_0027h.glif","F_L_002A_h.glif":"F_L_002A_h.glif","F_L_002B_h.glif":"F_L_002B_h.glif","F_L_002C_h.glif":"F_L_002C_h.glif","F_L_002D_h.glif":"F_L_002D_h.glif","F_L_003B_h.glif":"F_L_003B_h.glif","F_L_003C_h.glif":"F_L_003C_h.glif","F_L_0040h.glif":"F_L_0040h.glif","F_L_005E_h.glif":"F_L_005E_h.glif","F_L_005F_h.glif":"F_L_005F_h.glif","F_L_0060h.glif":"F_L_0060h.glif","F_L_007C_h.glif":"F_L_007C_h.glif","F_L_00A_0h.glif":"F_L_00A_0h.glif","F_L_00A_1h.glif":"F_L_00A_1h.glif","F_L_00A_6h.glif":"F_L_00A_6h.glif","F_L_00A_8h.glif":"F_L_00A_8h.glif","F_L_00B_4h.glif":"F_L_00B_4h.glif","F_L_00B_F_h.glif":"F_L_00B_F_h.glif","F_L_02C_6h.glif":"F_L_02C_6h.glif","F_L_2013h.glif":"F_L_2013h.glif","F_L_2014h.glif":"F_L_2014h.glif","F_L_2018h.glif":"F_L_2018h.glif","F_L_2019h.glif":"F_L_2019h.glif","F_L_201C_h.glif":"F_L_201C_h.glif","F_L_201D_h.glif":"F_L_201D_h.glif","F_L_2026h.glif":"F_L_2026h.glif","G_.glif":"G_.glif","H_.glif":"H_.glif","I_.glif":"I_.glif","J_.glif":"J_.glif","K_.glif":"K_.glif","L_.glif":"L_.glif","M_.glif":"M_.glif","N_.glif":"N_.glif","O_.glif":"O_.glif","P_.glif":"P_.glif","Q_.glif":"Q_.glif","R_.glif":"R_.glif","S_.glif":"S_.glif","T_.glif":"T_.glif","U_.glif":"U_.glif","V_.glif":"V_.glif","W_.glif":"W_.glif","X_.glif":"X_.glif","Y_.glif":"Y_.glif","Z_.glif":"Z_.glif","_notdef.glif":"_notdef.glif","_null.glif":"_null.glif","a.glif":"a.glif","apple.glif":"apple.glif","b.glif":"b.glif","backslash.glif":"backslash.glif","braceleft.glif":"braceleft.glif","braceright.glif":"braceright.glif","bracketleft.glif":"bracketleft.glif","bracketright.glif":"bracketright.glif","c.glif":"c.glif","colon.glif":"colon.glif","contents.plist":"contents.plist","d.glif":"d.glif","e.glif":"e.glif","eight.glif":"eight.glif","equal.glif":"equal.glif","f.glif":"f.glif","five.glif":"five.glif","four.glif":"four.glif","g.glif":"g.glif","greater.glif":"greater.glif","h.glif":"h.glif","i.glif":"i.glif","j.glif":"j.glif","k.glif":"k.glif","l.glif":"l.glif","m.glif":"m.glif","n.glif":"n.glif","nine.glif":"nine.glif","nonmarkingreturn.glif":"nonmarkingreturn.glif","o.glif":"o.glif","one.glif":"one.glif","p.glif":"p.glif","parenleft.glif":"parenleft.glif","parenright.glif":"parenright.glif","period.glif":"period.glif","q.glif":"q.glif","question.glif":"question.glif","r.glif":"r.glif","registered.glif":"registered.glif","s.glif":"s.glif","seven.glif":"seven.glif","six.glif":"six.glif","slash.glif":"slash.glif","space.glif":"space.glif","t.glif":"t.glif","three.glif":"three.glif","two.glif":"two.glif","u.glif":"u.glif","v.glif":"v.glif","w.glif":"w.glif","x.glif":"x.glif","y.glif":"y.glif","z.glif":"z.glif","zero.glif":"zero.glif"}},"Font":{"uploaded":1482828694.89,"licence":"gpl3","company":"Chronolabs Cooperative","title":"Goddesses","version":2.001,"date":"Sun Aug 28 07:52:51 2016","creator":"root","type":"1","matrix":"0.000488281 0 0 0.000488281 0 0","named":"Goddesses","painttype":"0","info":"9 dict dup","name":"Goddesses","family":"goddesses","weight":"Book","fstype":"8","italicangle":"0","underlineposition":"","underlinethickness":""},"Table":{"FFTM":{"entryLength":16,"tag":"FFTM","checksum":1947017228,"offset":9232,"length":28},"GDEF":{"entryLength":16,"tag":"GDEF","checksum":10354692,"offset":9200,"length":32},"OS\/2":{"entryLength":16,"tag":"OS\/2","checksum":1447518552,"offset":344,"length":86},"cmap":{"entryLength":16,"tag":"cmap","checksum":299240822,"offset":884,"length":394},"gasp":{"entryLength":16,"tag":"gasp","checksum":4294901763,"offset":9192,"length":8},"glyf":{"entryLength":16,"tag":"glyf","checksum":2272699300,"offset":1508,"length":6544},"head":{"entryLength":16,"tag":"head","checksum":198115638,"offset":220,"length":54},"hhea":{"entryLength":16,"tag":"hhea","checksum":125961356,"offset":276,"length":36},"hmtx":{"entryLength":16,"tag":"hmtx","checksum":1844820148,"offset":432,"length":452},"loca":{"entryLength":16,"tag":"loca","checksum":2022670120,"offset":1280,"length":228},"maxp":{"entryLength":16,"tag":"maxp","checksum":11927601,"offset":312,"length":32},"name":{"entryLength":16,"tag":"name","checksum":1155928145,"offset":8052,"length":621},"post":{"entryLength":16,"tag":"post","checksum":198240650,"offset":8676,"length":516}},"UnicodeCharMap":{"0":1,"13":2,"32":3,"40":11,"41":12,"46":17,"47":18,"48":19,"49":20,"50":21,"51":22,"52":23,"53":24,"54":25,"55":26,"56":27,"57":28,"58":29,"61":32,"62":33,"63":34,"65":36,"66":37,"67":38,"68":39,"69":40,"70":41,"71":42,"72":43,"73":44,"74":45,"75":46,"76":47,"77":48,"78":49,"79":50,"80":51,"81":52,"82":53,"83":54,"84":55,"85":56,"86":57,"87":58,"88":59,"89":60,"90":61,"91":62,"92":63,"93":64,"97":68,"98":69,"99":70,"100":71,"101":72,"102":73,"103":74,"104":75,"105":76,"106":77,"107":78,"108":79,"109":80,"110":81,"111":82,"112":83,"113":84,"114":85,"115":86,"116":87,"117":88,"118":89,"119":90,"120":91,"121":92,"122":93,"123":94,"125":96,"174":101},"Reserves":null,"Names":[],"Nodes":{"gu":{"type":"typal","node":"gu","usage":1,"weight":1},"ip":{"type":"typal","node":"ip","usage":1,"weight":1},"le":{"type":"typal","node":"le","usage":1,"weight":1},"ic":{"type":"typal","node":"ic","usage":1,"weight":1},"gun":{"type":"typal","node":"gun","usage":1,"weight":1},"hip":{"type":"typal","node":"hip","usage":1,"weight":1},"lef":{"type":"typal","node":"lef","usage":1,"weight":1},"lic":{"type":"typal","node":"lic","usage":1,"weight":1},"guns":{"type":"keys","node":"guns","usage":1,"weight":1},"ship":{"type":"keys","node":"ship","usage":1,"weight":1},"left":{"type":"keys","node":"left","usage":1,"weight":1},"alic":{"type":"keys","node":"alic","usage":1,"weight":1},"gunsh":{"type":"keys","node":"gunsh","usage":1,"weight":1},"nship":{"type":"keys","node":"nship","usage":1,"weight":1},"lefta":{"type":"keys","node":"lefta","usage":1,"weight":1},"talic":{"type":"keys","node":"talic","usage":1,"weight":1},"gunship":{"type":"fixes","node":"gunship","usage":1,"weight":1},"leftalic":{"type":"fixes","node":"leftalic","usage":1,"weight":1}},"Contributors":[],"FontIdentity":"daace5ebdbc77d00896e6da560aff7b6","Bytes":823680,"Networking":[],"barcode":"12sgqqaku6imsy","referee":"SiSiAOG"}