{"CSS":{"BrailleKiama":"BrailleKiama.css"},"FontType":"TrueType","FontCopyright":"Generated by Fontographer 4.0.4","FontName":"BrailleKiama","FontSubfamily":"Book","FontSubfamilyID":"FontForge 2.0 : BrailleKiama : 15-10-2016","FontFullName":"Braille Kiama","FontVersion":"Version Altsys Fontographer  ","FontWeight":null,"FontPostscriptName":"BrailleKiama","Files":{"braillekiama.afm":"braillekiama.afm","braillekiama.bin":"braillekiama.bin","braillekiama.cef":"braillekiama.cef","braillekiama.cff":"braillekiama.cff","braillekiama.cid":"braillekiama.cid","braillekiama.dfont":"braillekiama.dfont","braillekiama.eot":"braillekiama.eot","braillekiama.fon":"braillekiama.fon","braillekiama.gai":"braillekiama.gai","braillekiama.gsf":"braillekiama.gsf","braillekiama.hqx":"braillekiama.hqx","braillekiama.ik":"braillekiama.ik","braillekiama.mf":"braillekiama.mf","braillekiama.otf":"braillekiama.otf","braillekiama.pcf":"braillekiama.pcf","braillekiama.pf3":"braillekiama.pf3","braillekiama.pfa":"braillekiama.pfa","braillekiama.pfb":"braillekiama.pfb","braillekiama.php":"braillekiama.php","braillekiama.pmf":"braillekiama.pmf","braillekiama.pt3":"braillekiama.pt3","braillekiama.sfd":"braillekiama.sfd","braillekiama.svg":"braillekiama.svg","braillekiama.t42":"braillekiama.t42","braillekiama.ttd":"braillekiama.ttd","braillekiama.ttf":"braillekiama.ttf","braillekiama.ttg":"braillekiama.ttg","braillekiama.ufm":"braillekiama.ufm","braillekiama.woff":"braillekiama.woff","braillekiama.z":"braillekiama.z","":{"braillekiama.afm":"braillekiama.afm","braillekiama.bin":"braillekiama.bin","braillekiama.cef":"braillekiama.cef","braillekiama.cff":"braillekiama.cff","braillekiama.cid":"braillekiama.cid","braillekiama.dfont":"braillekiama.dfont","braillekiama.eot":"braillekiama.eot","braillekiama.fon":"braillekiama.fon","braillekiama.gai":"braillekiama.gai","braillekiama.gsf":"braillekiama.gsf","braillekiama.hqx":"braillekiama.hqx","braillekiama.ik":"braillekiama.ik","braillekiama.mf":"braillekiama.mf","braillekiama.otf":"braillekiama.otf","braillekiama.pcf":"braillekiama.pcf","braillekiama.pf3":"braillekiama.pf3","braillekiama.pfa":"braillekiama.pfa","braillekiama.pfb":"braillekiama.pfb","braillekiama.php":"braillekiama.php","braillekiama.pmf":"braillekiama.pmf","braillekiama.pt3":"braillekiama.pt3","braillekiama.sfd":"braillekiama.sfd","braillekiama.svg":"braillekiama.svg","braillekiama.t42":"braillekiama.t42","braillekiama.ttd":"braillekiama.ttd","braillekiama.ttf":"braillekiama.ttf","braillekiama.ttg":"braillekiama.ttg","braillekiama.ufm":"braillekiama.ufm","braillekiama.woff":"braillekiama.woff","braillekiama.z":"braillekiama.z"},"\/braillekiama.ufo":{"feature.fea":"feature.fea","fontinfo.plist":"fontinfo.plist","groups.plist":"groups.plist","kerning.plist":"kerning.plist","metainfo.plist":"metainfo.plist"},"\/braillekiama.ufo\/glyphs":{"A_.glif":"A_.glif","A_E_.glif":"A_E_.glif","A_acute.glif":"A_acute.glif","A_circumflex.glif":"A_circumflex.glif","A_dieresis.glif":"A_dieresis.glif","A_grave.glif":"A_grave.glif","A_ring.glif":"A_ring.glif","A_tilde.glif":"A_tilde.glif","B_.glif":"B_.glif","C_.glif":"C_.glif","C_cedilla.glif":"C_cedilla.glif","D_.glif":"D_.glif","D_elta.glif":"D_elta.glif","E_.glif":"E_.glif","E_acute.glif":"E_acute.glif","E_circumflex.glif":"E_circumflex.glif","E_dieresis.glif":"E_dieresis.glif","E_grave.glif":"E_grave.glif","F_.glif":"F_.glif","G_.glif":"G_.glif","H_.glif":"H_.glif","I_.glif":"I_.glif","I_acute.glif":"I_acute.glif","I_circumflex.glif":"I_circumflex.glif","I_dieresis.glif":"I_dieresis.glif","I_grave.glif":"I_grave.glif","J_.glif":"J_.glif","K_.glif":"K_.glif","L_.glif":"L_.glif","M_.glif":"M_.glif","N_.glif":"N_.glif","N_tilde.glif":"N_tilde.glif","O_.glif":"O_.glif","O_E_.glif":"O_E_.glif","O_acute.glif":"O_acute.glif","O_circumflex.glif":"O_circumflex.glif","O_dieresis.glif":"O_dieresis.glif","O_grave.glif":"O_grave.glif","O_mega.glif":"O_mega.glif","O_slash.glif":"O_slash.glif","O_tilde.glif":"O_tilde.glif","P_.glif":"P_.glif","Q_.glif":"Q_.glif","R_.glif":"R_.glif","S_.glif":"S_.glif","T_.glif":"T_.glif","U_.glif":"U_.glif","U_acute.glif":"U_acute.glif","U_circumflex.glif":"U_circumflex.glif","U_dieresis.glif":"U_dieresis.glif","U_grave.glif":"U_grave.glif","V_.glif":"V_.glif","W_.glif":"W_.glif","X_.glif":"X_.glif","Y_.glif":"Y_.glif","Y_dieresis.glif":"Y_dieresis.glif","Z_.glif":"Z_.glif","_notdef.glif":"_notdef.glif","_null.glif":"_null.glif","a.glif":"a.glif","aacute.glif":"aacute.glif","acircumflex.glif":"acircumflex.glif","acute.glif":"acute.glif","adieresis.glif":"adieresis.glif","ae.glif":"ae.glif","agrave.glif":"agrave.glif","ampersand.glif":"ampersand.glif","apple.glif":"apple.glif","approxequal.glif":"approxequal.glif","aring.glif":"aring.glif","asciicircum.glif":"asciicircum.glif","asciitilde.glif":"asciitilde.glif","asterisk.glif":"asterisk.glif","at.glif":"at.glif","atilde.glif":"atilde.glif","b.glif":"b.glif","backslash.glif":"backslash.glif","bar.glif":"bar.glif","braceleft.glif":"braceleft.glif","braceright.glif":"braceright.glif","bracketleft.glif":"bracketleft.glif","bracketright.glif":"bracketright.glif","breve.glif":"breve.glif","bullet.glif":"bullet.glif","bulletmath.glif":"bulletmath.glif","c.glif":"c.glif","caron.glif":"caron.glif","ccedilla.glif":"ccedilla.glif","cedilla.glif":"cedilla.glif","cent.glif":"cent.glif","circumflex.glif":"circumflex.glif","colon.glif":"colon.glif","comma.glif":"comma.glif","contents.plist":"contents.plist","copyright.glif":"copyright.glif","currency.glif":"currency.glif","d.glif":"d.glif","dagger.glif":"dagger.glif","daggerdbl.glif":"daggerdbl.glif","degree.glif":"degree.glif","dieresis.glif":"dieresis.glif","divide.glif":"divide.glif","dollar.glif":"dollar.glif","dotaccent.glif":"dotaccent.glif","dotlessi.glif":"dotlessi.glif","e.glif":"e.glif","eacute.glif":"eacute.glif","ecircumflex.glif":"ecircumflex.glif","edieresis.glif":"edieresis.glif","egrave.glif":"egrave.glif","eight.glif":"eight.glif","ellipsis.glif":"ellipsis.glif","emdash.glif":"emdash.glif","endash.glif":"endash.glif","equal.glif":"equal.glif","exclam.glif":"exclam.glif","exclamdown.glif":"exclamdown.glif","f.glif":"f.glif","fi.glif":"fi.glif","five.glif":"five.glif","fl.glif":"fl.glif","florin.glif":"florin.glif","four.glif":"four.glif","fraction.glif":"fraction.glif","g.glif":"g.glif","germandbls.glif":"germandbls.glif","grave.glif":"grave.glif","greater.glif":"greater.glif","greaterequal.glif":"greaterequal.glif","guillemotleft.glif":"guillemotleft.glif","guillemotright.glif":"guillemotright.glif","guilsinglleft.glif":"guilsinglleft.glif","guilsinglright.glif":"guilsinglright.glif","h.glif":"h.glif","hungarumlaut.glif":"hungarumlaut.glif","hyphen.glif":"hyphen.glif","hyphenminus.glif":"hyphenminus.glif","i.glif":"i.glif","iacute.glif":"iacute.glif","icircumflex.glif":"icircumflex.glif","idieresis.glif":"idieresis.glif","igrave.glif":"igrave.glif","infinity.glif":"infinity.glif","integral.glif":"integral.glif","j.glif":"j.glif","k.glif":"k.glif","l.glif":"l.glif","less.glif":"less.glif","lessequal.glif":"lessequal.glif","logicalnot.glif":"logicalnot.glif","lozenge.glif":"lozenge.glif","m.glif":"m.glif","macron.glif":"macron.glif","macron2.glif":"macron2.glif","mu.glif":"mu.glif","n.glif":"n.glif","nine.glif":"nine.glif","nonbreakingspace.glif":"nonbreakingspace.glif","nonmarkingreturn.glif":"nonmarkingreturn.glif","notequal.glif":"notequal.glif","ntilde.glif":"ntilde.glif","numbersign.glif":"numbersign.glif","o.glif":"o.glif","oacute.glif":"oacute.glif","ocircumflex.glif":"ocircumflex.glif","odieresis.glif":"odieresis.glif","oe.glif":"oe.glif","ogonek.glif":"ogonek.glif","ograve.glif":"ograve.glif","one.glif":"one.glif","ordfeminine.glif":"ordfeminine.glif","ordmasculine.glif":"ordmasculine.glif","oslash.glif":"oslash.glif","otilde.glif":"otilde.glif","p.glif":"p.glif","paragraph.glif":"paragraph.glif","parenleft.glif":"parenleft.glif","parenright.glif":"parenright.glif","partialdiff.glif":"partialdiff.glif","percent.glif":"percent.glif","period.glif":"period.glif","periodcentered.glif":"periodcentered.glif","perthousand.glif":"perthousand.glif","pi.glif":"pi.glif","plus.glif":"plus.glif","plusminus.glif":"plusminus.glif","product.glif":"product.glif","q.glif":"q.glif","question.glif":"question.glif","questiondown.glif":"questiondown.glif","quotedbl.glif":"quotedbl.glif","quotedblbase.glif":"quotedblbase.glif","quotedblleft.glif":"quotedblleft.glif","quotedblright.glif":"quotedblright.glif","quoteleft.glif":"quoteleft.glif","quoteright.glif":"quoteright.glif","quotesinglbase.glif":"quotesinglbase.glif","quotesingle.glif":"quotesingle.glif","r.glif":"r.glif","radical.glif":"radical.glif","registered.glif":"registered.glif","ring.glif":"ring.glif","s.glif":"s.glif","section.glif":"section.glif","semicolon.glif":"semicolon.glif","seven.glif":"seven.glif","six.glif":"six.glif","slash.glif":"slash.glif","space.glif":"space.glif","sterling.glif":"sterling.glif","summation.glif":"summation.glif","t.glif":"t.glif","three.glif":"three.glif","tilde.glif":"tilde.glif","trademark.glif":"trademark.glif","two.glif":"two.glif","u.glif":"u.glif","uacute.glif":"uacute.glif","ucircumflex.glif":"ucircumflex.glif","udieresis.glif":"udieresis.glif","ugrave.glif":"ugrave.glif","underscore.glif":"underscore.glif","v.glif":"v.glif","w.glif":"w.glif","x.glif":"x.glif","y.glif":"y.glif","ydieresis.glif":"ydieresis.glif","yen.glif":"yen.glif","z.glif":"z.glif","zero.glif":"zero.glif"}},"Font":{"uploaded":1476579626.9399,"licence":"gpl3","company":"Chronolabs Cooperative","title":"Braille Kiama","version":2.001,"date":"Sun Aug 28 08:03:51 2016","creator":"root","type":"1","matrix":"0.001 0 0 0.001 0 0","named":"BrailleKiama","painttype":"0","info":"10 dict dup","name":"BrailleKiama","family":"BrailleKiama","weight":"Book","fstype":"0","italicangle":"0","underlineposition":"","underlinethickness":""},"Table":{"FFTM":{"entryLength":16,"tag":"FFTM","checksum":1947118112,"offset":20740,"length":28},"GDEF":{"entryLength":16,"tag":"GDEF","checksum":17956868,"offset":20708,"length":32},"OS\/2":{"entryLength":16,"tag":"OS\/2","checksum":1984903901,"offset":344,"length":86},"cmap":{"entryLength":16,"tag":"cmap","checksum":1585386895,"offset":900,"length":1086},"gasp":{"entryLength":16,"tag":"gasp","checksum":4294901763,"offset":20700,"length":8},"glyf":{"entryLength":16,"tag":"glyf","checksum":2266423903,"offset":2448,"length":17108},"head":{"entryLength":16,"tag":"head","checksum":167528287,"offset":220,"length":54},"hhea":{"entryLength":16,"tag":"hhea","checksum":95683215,"offset":276,"length":36},"hmtx":{"entryLength":16,"tag":"hmtx","checksum":865086381,"offset":432,"length":466},"loca":{"entryLength":16,"tag":"loca","checksum":325133500,"offset":1988,"length":460},"maxp":{"entryLength":16,"tag":"maxp","checksum":19726411,"offset":312,"length":32},"name":{"entryLength":16,"tag":"name","checksum":1728875659,"offset":19556,"length":618},"post":{"entryLength":16,"tag":"post","checksum":3317528574,"offset":20176,"length":523}},"UnicodeCharMap":{"0":1,"13":2,"32":3,"33":4,"34":5,"35":6,"36":7,"37":8,"38":9,"39":106,"40":11,"41":12,"42":13,"43":14,"44":15,"45":226,"46":17,"47":18,"48":19,"49":20,"50":21,"51":22,"52":23,"53":24,"54":25,"55":26,"56":27,"57":28,"58":29,"59":30,"60":31,"61":32,"62":33,"63":34,"64":35,"65":36,"66":37,"67":38,"68":39,"69":40,"70":41,"71":42,"72":43,"73":44,"74":45,"75":46,"76":47,"77":48,"78":49,"79":50,"80":51,"81":52,"82":53,"83":54,"84":55,"85":56,"86":57,"87":58,"88":59,"89":60,"90":61,"91":62,"92":63,"93":64,"94":65,"95":66,"96":126,"97":68,"98":69,"99":70,"100":71,"101":72,"102":73,"103":74,"104":75,"105":76,"106":77,"107":78,"108":79,"109":80,"110":81,"111":82,"112":83,"113":84,"114":85,"115":86,"116":87,"117":88,"118":89,"119":90,"120":91,"121":92,"122":93,"123":94,"124":95,"125":96,"126":97,"160":189,"161":98,"162":99,"163":100,"164":105,"165":102,"167":104,"168":133,"169":184,"170":141,"171":108,"172":188,"174":183,"175":130,"176":182,"177":186,"180":127,"182":117,"183":116,"184":135,"186":144,"187":122,"191":125,"192":190,"193":198,"194":196,"195":191,"196":150,"197":151,"198":140,"199":152,"200":200,"201":153,"202":197,"203":199,"204":204,"205":201,"206":202,"207":203,"209":154,"210":207,"211":205,"212":206,"213":192,"214":155,"216":142,"217":210,"218":208,"219":209,"220":156,"223":149,"224":158,"225":157,"226":159,"227":161,"228":160,"229":162,"230":145,"231":163,"232":165,"233":164,"234":166,"235":167,"236":169,"237":168,"238":170,"239":171,"241":172,"242":174,"243":173,"244":175,"245":177,"246":176,"247":193,"248":147,"249":179,"250":178,"251":180,"252":181,"255":194,"305":146,"338":143,"339":148,"376":195,"402":103,"710":128,"711":138,"728":131,"729":132,"730":134,"731":137,"732":129,"733":136,"916":223,"937":220,"956":187,"960":218,"8211":113,"8212":139,"8216":67,"8217":10,"8218":119,"8220":107,"8221":121,"8222":120,"8224":114,"8225":115,"8226":118,"8230":123,"8240":124,"8249":109,"8250":110,"8260":101,"8482":185,"8706":215,"8719":217,"8721":216,"8729":227,"8730":221,"8734":212,"8747":219,"8776":222,"8800":211,"8804":213,"8805":214,"9674":224,"64257":111,"64258":112},"Reserves":null,"Names":[],"Nodes":{"br":{"type":"typal","node":"br","usage":1,"weight":1},"le":{"type":"typal","node":"le","usage":1,"weight":1},"ki":{"type":"typal","node":"ki","usage":1,"weight":1},"ma":{"type":"typal","node":"ma","usage":1,"weight":1},"bra":{"type":"typal","node":"bra","usage":1,"weight":1},"lle":{"type":"typal","node":"lle","usage":1,"weight":1},"kia":{"type":"typal","node":"kia","usage":1,"weight":1},"ama":{"type":"typal","node":"ama","usage":1,"weight":1},"brai":{"type":"keys","node":"brai","usage":1,"weight":1},"ille":{"type":"keys","node":"ille","usage":1,"weight":1},"kiam":{"type":"keys","node":"kiam","usage":1,"weight":1},"iama":{"type":"keys","node":"iama","usage":1,"weight":1},"brail":{"type":"keys","node":"brail","usage":1,"weight":1},"aille":{"type":"keys","node":"aille","usage":1,"weight":1},"braille":{"type":"fixes","node":"braille","usage":1,"weight":1},"kiama":{"type":"fixes","node":"kiama","usage":1,"weight":1}},"Contributors":[],"FontIdentity":"ae4e5bf13c77248702a7c81dbe55ca76","Bytes":1721840,"Networking":[],"barcode":"aWWWWA3aOeiem","referee":"m5yqgwk"}