{"CSS":{"QTypeSquare-BoldExpert":"QTypeSquare-BoldExpert.css"},"FontType":"TrueType","FontCopyright":"2004 Achaz Reuss, published by FontShop International for the FontFont library.","FontName":"QTypeSquare-BoldExpert","FontSubfamily":"BoldExpert","FontSubfamilyID":"FontForge 2.0 : QTypeSquare-BoldExpert : 7-5-2017","FontFullName":"QType Square Bold Expert","FontVersion":"Version 004.460 ","FontWeight":null,"FontPostscriptName":"QTypeSquare-BoldExpert","Files":{"qtypesquare-boldexpert.afm":"qtypesquare-boldexpert.afm","qtypesquare-boldexpert.bin":"qtypesquare-boldexpert.bin","qtypesquare-boldexpert.cef":"qtypesquare-boldexpert.cef","qtypesquare-boldexpert.cff":"qtypesquare-boldexpert.cff","qtypesquare-boldexpert.cid":"qtypesquare-boldexpert.cid","qtypesquare-boldexpert.dfont":"qtypesquare-boldexpert.dfont","qtypesquare-boldexpert.eot":"qtypesquare-boldexpert.eot","qtypesquare-boldexpert.fon":"qtypesquare-boldexpert.fon","qtypesquare-boldexpert.gai":"qtypesquare-boldexpert.gai","qtypesquare-boldexpert.gsf":"qtypesquare-boldexpert.gsf","qtypesquare-boldexpert.hqx":"qtypesquare-boldexpert.hqx","qtypesquare-boldexpert.ik":"qtypesquare-boldexpert.ik","qtypesquare-boldexpert.mf":"qtypesquare-boldexpert.mf","qtypesquare-boldexpert.otf":"qtypesquare-boldexpert.otf","qtypesquare-boldexpert.pcf":"qtypesquare-boldexpert.pcf","qtypesquare-boldexpert.pf3":"qtypesquare-boldexpert.pf3","qtypesquare-boldexpert.pfa":"qtypesquare-boldexpert.pfa","qtypesquare-boldexpert.pfb":"qtypesquare-boldexpert.pfb","qtypesquare-boldexpert.php":"qtypesquare-boldexpert.php","qtypesquare-boldexpert.pmf":"qtypesquare-boldexpert.pmf","qtypesquare-boldexpert.pt3":"qtypesquare-boldexpert.pt3","qtypesquare-boldexpert.sfd":"qtypesquare-boldexpert.sfd","qtypesquare-boldexpert.svg":"qtypesquare-boldexpert.svg","qtypesquare-boldexpert.t42":"qtypesquare-boldexpert.t42","qtypesquare-boldexpert.ttd":"qtypesquare-boldexpert.ttd","qtypesquare-boldexpert.ttf":"qtypesquare-boldexpert.ttf","qtypesquare-boldexpert.ttg":"qtypesquare-boldexpert.ttg","qtypesquare-boldexpert.ufm":"qtypesquare-boldexpert.ufm","qtypesquare-boldexpert.woff":"qtypesquare-boldexpert.woff","qtypesquare-boldexpert.z":"qtypesquare-boldexpert.z","":{"qtypesquare-boldexpert.afm":"qtypesquare-boldexpert.afm","qtypesquare-boldexpert.bin":"qtypesquare-boldexpert.bin","qtypesquare-boldexpert.cef":"qtypesquare-boldexpert.cef","qtypesquare-boldexpert.cff":"qtypesquare-boldexpert.cff","qtypesquare-boldexpert.cid":"qtypesquare-boldexpert.cid","qtypesquare-boldexpert.dfont":"qtypesquare-boldexpert.dfont","qtypesquare-boldexpert.eot":"qtypesquare-boldexpert.eot","qtypesquare-boldexpert.fon":"qtypesquare-boldexpert.fon","qtypesquare-boldexpert.gai":"qtypesquare-boldexpert.gai","qtypesquare-boldexpert.gsf":"qtypesquare-boldexpert.gsf","qtypesquare-boldexpert.hqx":"qtypesquare-boldexpert.hqx","qtypesquare-boldexpert.ik":"qtypesquare-boldexpert.ik","qtypesquare-boldexpert.mf":"qtypesquare-boldexpert.mf","qtypesquare-boldexpert.otf":"qtypesquare-boldexpert.otf","qtypesquare-boldexpert.pcf":"qtypesquare-boldexpert.pcf","qtypesquare-boldexpert.pf3":"qtypesquare-boldexpert.pf3","qtypesquare-boldexpert.pfa":"qtypesquare-boldexpert.pfa","qtypesquare-boldexpert.pfb":"qtypesquare-boldexpert.pfb","qtypesquare-boldexpert.php":"qtypesquare-boldexpert.php","qtypesquare-boldexpert.pmf":"qtypesquare-boldexpert.pmf","qtypesquare-boldexpert.pt3":"qtypesquare-boldexpert.pt3","qtypesquare-boldexpert.sfd":"qtypesquare-boldexpert.sfd","qtypesquare-boldexpert.svg":"qtypesquare-boldexpert.svg","qtypesquare-boldexpert.t42":"qtypesquare-boldexpert.t42","qtypesquare-boldexpert.ttd":"qtypesquare-boldexpert.ttd","qtypesquare-boldexpert.ttf":"qtypesquare-boldexpert.ttf","qtypesquare-boldexpert.ttg":"qtypesquare-boldexpert.ttg","qtypesquare-boldexpert.ufm":"qtypesquare-boldexpert.ufm","qtypesquare-boldexpert.woff":"qtypesquare-boldexpert.woff","qtypesquare-boldexpert.z":"qtypesquare-boldexpert.z"},"\/qtypesquare-boldexpert.ufo":{"features.fea":"features.fea","fontinfo.plist":"fontinfo.plist","metainfo.plist":"metainfo.plist"},"\/qtypesquare-boldexpert.ufo\/glyphs":{"A_.glif":"A_.glif","A_E_.glif":"A_E_.glif","A_acute.glif":"A_acute.glif","A_circumflex.glif":"A_circumflex.glif","A_dieresis.glif":"A_dieresis.glif","A_grave.glif":"A_grave.glif","A_ring.glif":"A_ring.glif","A_tilde.glif":"A_tilde.glif","B_.glif":"B_.glif","C_.glif":"C_.glif","C_R_.glif":"C_R_.glif","C_cedilla.glif":"C_cedilla.glif","D_.glif":"D_.glif","E_.glif":"E_.glif","E_acute.glif":"E_acute.glif","E_circumflex.glif":"E_circumflex.glif","E_dieresis.glif":"E_dieresis.glif","E_grave.glif":"E_grave.glif","E_th.glif":"E_th.glif","E_uro.glif":"E_uro.glif","F_.glif":"F_.glif","G_.glif":"G_.glif","H_.glif":"H_.glif","I_.glif":"I_.glif","I_acute.glif":"I_acute.glif","I_circumflex.glif":"I_circumflex.glif","I_dieresis.glif":"I_dieresis.glif","I_grave.glif":"I_grave.glif","J_.glif":"J_.glif","K_.glif":"K_.glif","L_.glif":"L_.glif","L_slash.glif":"L_slash.glif","M_.glif":"M_.glif","N_.glif":"N_.glif","N_tilde.glif":"N_tilde.glif","O_.glif":"O_.glif","O_E_.glif":"O_E_.glif","O_acute.glif":"O_acute.glif","O_circumflex.glif":"O_circumflex.glif","O_dieresis.glif":"O_dieresis.glif","O_grave.glif":"O_grave.glif","O_slash.glif":"O_slash.glif","O_tilde.glif":"O_tilde.glif","P_.glif":"P_.glif","Q_.glif":"Q_.glif","R_.glif":"R_.glif","S_.glif":"S_.glif","S_caron.glif":"S_caron.glif","T_.glif":"T_.glif","T_horn.glif":"T_horn.glif","U_.glif":"U_.glif","U_acute.glif":"U_acute.glif","U_circumflex.glif":"U_circumflex.glif","U_dieresis.glif":"U_dieresis.glif","U_grave.glif":"U_grave.glif","V_.glif":"V_.glif","W_.glif":"W_.glif","X_.glif":"X_.glif","Y_.glif":"Y_.glif","Y_acute.glif":"Y_acute.glif","Y_dieresis.glif":"Y_dieresis.glif","Z_.glif":"Z_.glif","Z_caron.glif":"Z_caron.glif","_null.glif":"_null.glif","a.glif":"a.glif","aacute.glif":"aacute.glif","acircumflex.glif":"acircumflex.glif","acute.glif":"acute.glif","adieresis.glif":"adieresis.glif","ae.glif":"ae.glif","agrave.glif":"agrave.glif","ampersand.glif":"ampersand.glif","aring.glif":"aring.glif","asciicircum.glif":"asciicircum.glif","asciitilde.glif":"asciitilde.glif","asterisk.glif":"asterisk.glif","at.glif":"at.glif","atilde.glif":"atilde.glif","b.glif":"b.glif","backslash.glif":"backslash.glif","bar.glif":"bar.glif","braceleft.glif":"braceleft.glif","braceright.glif":"braceright.glif","bracketleft.glif":"bracketleft.glif","bracketright.glif":"bracketright.glif","breve.glif":"breve.glif","brokenbar.glif":"brokenbar.glif","bullet.glif":"bullet.glif","c.glif":"c.glif","caron.glif":"caron.glif","ccedilla.glif":"ccedilla.glif","cedilla.glif":"cedilla.glif","cent.glif":"cent.glif","circumflex.glif":"circumflex.glif","colon.glif":"colon.glif","comma.glif":"comma.glif","contents.plist":"contents.plist","copyright.glif":"copyright.glif","currency.glif":"currency.glif","d.glif":"d.glif","dagger.glif":"dagger.glif","daggerdbl.glif":"daggerdbl.glif","degree.glif":"degree.glif","dieresis.glif":"dieresis.glif","divide.glif":"divide.glif","dollar.glif":"dollar.glif","dotaccent.glif":"dotaccent.glif","dotlessi.glif":"dotlessi.glif","e.glif":"e.glif","eacute.glif":"eacute.glif","ecircumflex.glif":"ecircumflex.glif","edieresis.glif":"edieresis.glif","egrave.glif":"egrave.glif","eight.glif":"eight.glif","ellipsis.glif":"ellipsis.glif","emdash.glif":"emdash.glif","endash.glif":"endash.glif","equal.glif":"equal.glif","eth.glif":"eth.glif","exclam.glif":"exclam.glif","exclamdown.glif":"exclamdown.glif","f.glif":"f.glif","fi.glif":"fi.glif","five.glif":"five.glif","fl.glif":"fl.glif","florin.glif":"florin.glif","four.glif":"four.glif","fraction.glif":"fraction.glif","g.glif":"g.glif","germandbls.glif":"germandbls.glif","grave.glif":"grave.glif","greater.glif":"greater.glif","guillemotleft.glif":"guillemotleft.glif","guillemotright.glif":"guillemotright.glif","guilsinglleft.glif":"guilsinglleft.glif","guilsinglright.glif":"guilsinglright.glif","h.glif":"h.glif","hungarumlaut.glif":"hungarumlaut.glif","hyphen.glif":"hyphen.glif","i.glif":"i.glif","iacute.glif":"iacute.glif","icircumflex.glif":"icircumflex.glif","idieresis.glif":"idieresis.glif","igrave.glif":"igrave.glif","j.glif":"j.glif","k.glif":"k.glif","l.glif":"l.glif","less.glif":"less.glif","logicalnot.glif":"logicalnot.glif","lslash.glif":"lslash.glif","m.glif":"m.glif","macron.glif":"macron.glif","minus.glif":"minus.glif","mu.glif":"mu.glif","multiply.glif":"multiply.glif","n.glif":"n.glif","nine.glif":"nine.glif","ntilde.glif":"ntilde.glif","numbersign.glif":"numbersign.glif","o.glif":"o.glif","oacute.glif":"oacute.glif","ocircumflex.glif":"ocircumflex.glif","odieresis.glif":"odieresis.glif","oe.glif":"oe.glif","ogonek.glif":"ogonek.glif","ograve.glif":"ograve.glif","one.glif":"one.glif","onehalf.glif":"onehalf.glif","onequarter.glif":"onequarter.glif","onesuperior.glif":"onesuperior.glif","ordfeminine.glif":"ordfeminine.glif","ordmasculine.glif":"ordmasculine.glif","oslash.glif":"oslash.glif","otilde.glif":"otilde.glif","p.glif":"p.glif","paragraph.glif":"paragraph.glif","parenleft.glif":"parenleft.glif","parenright.glif":"parenright.glif","percent.glif":"percent.glif","period.glif":"period.glif","periodcentered.glif":"periodcentered.glif","perthousand.glif":"perthousand.glif","plus.glif":"plus.glif","plusminus.glif":"plusminus.glif","q.glif":"q.glif","question.glif":"question.glif","questiondown.glif":"questiondown.glif","quotedbl.glif":"quotedbl.glif","quotedblbase.glif":"quotedblbase.glif","quotedblleft.glif":"quotedblleft.glif","quotedblright.glif":"quotedblright.glif","quoteleft.glif":"quoteleft.glif","quoteright.glif":"quoteright.glif","quotesinglbase.glif":"quotesinglbase.glif","quotesingle.glif":"quotesingle.glif","r.glif":"r.glif","registered.glif":"registered.glif","ring.glif":"ring.glif","s.glif":"s.glif","scaron.glif":"scaron.glif","section.glif":"section.glif","semicolon.glif":"semicolon.glif","seven.glif":"seven.glif","six.glif":"six.glif","slash.glif":"slash.glif","space.glif":"space.glif","sterling.glif":"sterling.glif","t.glif":"t.glif","thorn.glif":"thorn.glif","three.glif":"three.glif","threequarters.glif":"threequarters.glif","threesuperior.glif":"threesuperior.glif","tilde.glif":"tilde.glif","trademark.glif":"trademark.glif","two.glif":"two.glif","twosuperior.glif":"twosuperior.glif","u.glif":"u.glif","uacute.glif":"uacute.glif","ucircumflex.glif":"ucircumflex.glif","udieresis.glif":"udieresis.glif","ugrave.glif":"ugrave.glif","underscore.glif":"underscore.glif","uni00A_0.glif":"uni00A_0.glif","uni00A_D_.glif":"uni00A_D_.glif","uni02C_9.glif":"uni02C_9.glif","uni037E_.glif":"uni037E_.glif","uni03B_C_.glif":"uni03B_C_.glif","uni2215.glif":"uni2215.glif","uni2219.glif":"uni2219.glif","uni2224.glif":"uni2224.glif","uni2227.glif":"uni2227.glif","uni22C_5.glif":"uni22C_5.glif","v.glif":"v.glif","w.glif":"w.glif","x.glif":"x.glif","y.glif":"y.glif","yacute.glif":"yacute.glif","ydieresis.glif":"ydieresis.glif","yen.glif":"yen.glif","z.glif":"z.glif","zcaron.glif":"zcaron.glif","zero.glif":"zero.glif"}},"Font":{"uploaded":1494087279.6712,"licence":"gpl3","company":"Chronolabs Cooperative","title":"QType Square Bold Expert","version":2.001,"date":"Fri Oct 14 22:19:17 2016","creator":"root","type":"1","matrix":"0.001 0 0 0.001 0 0","named":"QTypeSquare-BoldExpert","painttype":"0","info":"10 dict dup","name":"QTypeSquare-BoldExpert","family":"QTypeSquare-BoldExpert","weight":"Normal","fstype":"0","italicangle":"0","underlineposition":"","underlinethickness":""},"Table":{"FFTM":{"entryLength":16,"tag":"FFTM","checksum":2087811285,"offset":19448,"length":28},"GDEF":{"entryLength":16,"tag":"GDEF","checksum":2556153,"offset":19416,"length":30},"OS\/2":{"entryLength":16,"tag":"OS\/2","checksum":1482300922,"offset":344,"length":86},"cmap":{"entryLength":16,"tag":"cmap","checksum":2197656887,"offset":1400,"length":812},"gasp":{"entryLength":16,"tag":"gasp","checksum":4294901763,"offset":19408,"length":8},"glyf":{"entryLength":16,"tag":"glyf","checksum":1457913181,"offset":2700,"length":15244},"head":{"entryLength":16,"tag":"head","checksum":198351059,"offset":220,"length":54},"hhea":{"entryLength":16,"tag":"hhea","checksum":136053743,"offset":276,"length":36},"hmtx":{"entryLength":16,"tag":"hmtx","checksum":2334093480,"offset":432,"length":966},"loca":{"entryLength":16,"tag":"loca","checksum":1384866226,"offset":2212,"length":488},"maxp":{"entryLength":16,"tag":"maxp","checksum":20512840,"offset":312,"length":32},"name":{"entryLength":16,"tag":"name","checksum":3901751788,"offset":17944,"length":855},"post":{"entryLength":16,"tag":"post","checksum":1202554274,"offset":18800,"length":608}},"UnicodeCharMap":{"0":1,"32":3,"33":4,"34":5,"35":6,"36":7,"37":8,"38":9,"39":10,"40":11,"41":12,"42":13,"43":14,"44":15,"45":16,"46":17,"47":18,"48":19,"49":20,"50":21,"51":22,"52":23,"53":24,"54":25,"55":26,"56":27,"57":28,"58":29,"59":30,"60":31,"61":32,"62":33,"63":34,"64":35,"65":36,"66":37,"67":38,"68":39,"69":40,"70":41,"71":42,"72":43,"73":44,"74":45,"75":46,"76":47,"77":48,"78":49,"79":50,"80":51,"81":52,"82":53,"83":54,"84":55,"85":56,"86":57,"87":58,"88":59,"89":60,"90":61,"91":62,"92":63,"93":64,"94":65,"95":66,"96":67,"97":68,"98":69,"99":70,"100":71,"101":72,"102":73,"103":74,"104":75,"105":76,"106":77,"107":78,"108":79,"109":80,"110":81,"111":82,"112":83,"113":84,"114":85,"115":86,"116":87,"117":88,"118":89,"119":90,"120":91,"121":92,"122":93,"123":94,"124":95,"125":96,"126":97,"160":231,"161":125,"162":126,"163":127,"164":128,"165":129,"166":130,"167":131,"168":132,"169":133,"170":134,"171":135,"172":136,"173":234,"174":137,"175":138,"176":139,"177":140,"178":141,"179":142,"180":143,"181":144,"182":145,"183":146,"184":147,"185":148,"186":149,"187":150,"188":151,"189":152,"190":153,"191":154,"192":155,"193":156,"194":157,"195":158,"196":159,"197":160,"198":161,"199":162,"200":163,"201":164,"202":165,"203":166,"204":167,"205":168,"206":169,"207":170,"208":171,"209":172,"210":173,"211":174,"212":175,"213":176,"214":177,"215":178,"216":179,"217":180,"218":181,"219":182,"220":183,"221":184,"222":185,"223":186,"224":187,"225":188,"226":189,"227":190,"228":191,"229":192,"230":193,"231":194,"232":195,"233":196,"234":197,"235":198,"236":199,"237":200,"238":201,"239":202,"240":203,"241":204,"242":205,"243":206,"244":207,"245":208,"246":209,"247":210,"248":211,"249":212,"250":213,"251":214,"252":215,"253":216,"254":217,"255":218,"305":225,"321":229,"322":230,"338":109,"339":122,"352":107,"353":120,"376":124,"381":110,"382":123,"402":100,"710":105,"711":224,"713":235,"728":219,"729":220,"730":221,"731":223,"732":118,"733":222,"894":236,"956":237,"8211":116,"8212":117,"8216":111,"8217":112,"8218":99,"8220":113,"8221":114,"8222":101,"8224":103,"8225":104,"8226":115,"8230":102,"8240":106,"8249":108,"8250":121,"8260":226,"8364":98,"8482":119,"8722":232,"8725":238,"8729":239,"8740":240,"8743":241,"8901":242,"64257":227,"64258":228},"Reserves":null,"Names":[],"Nodes":{"qt":{"type":"typal","node":"qt","usage":1,"weight":1},"pe":{"type":"typal","node":"pe","usage":1,"weight":1},"sq":{"type":"typal","node":"sq","usage":1,"weight":1},"re":{"type":"typal","node":"re","usage":1,"weight":1},"bo":{"type":"typal","node":"bo","usage":1,"weight":1},"ld":{"type":"typal","node":"ld","usage":1,"weight":1},"ex":{"type":"typal","node":"ex","usage":1,"weight":1},"rt":{"type":"typal","node":"rt","usage":1,"weight":1},"qty":{"type":"typal","node":"qty","usage":1,"weight":1},"ype":{"type":"typal","node":"ype","usage":1,"weight":1},"squ":{"type":"typal","node":"squ","usage":1,"weight":1},"are":{"type":"typal","node":"are","usage":1,"weight":1},"bol":{"type":"typal","node":"bol","usage":1,"weight":1},"old":{"type":"typal","node":"old","usage":1,"weight":1},"exp":{"type":"typal","node":"exp","usage":1,"weight":1},"ert":{"type":"typal","node":"ert","usage":1,"weight":1},"qtyp":{"type":"keys","node":"qtyp","usage":1,"weight":1},"type":{"type":"keys","node":"type","usage":1,"weight":1},"squa":{"type":"keys","node":"squa","usage":1,"weight":1},"uare":{"type":"keys","node":"uare","usage":1,"weight":1},"expe":{"type":"keys","node":"expe","usage":1,"weight":1},"pert":{"type":"keys","node":"pert","usage":1,"weight":1},"squar":{"type":"keys","node":"squar","usage":1,"weight":1},"quare":{"type":"keys","node":"quare","usage":1,"weight":1},"exper":{"type":"keys","node":"exper","usage":1,"weight":1},"xpert":{"type":"keys","node":"xpert","usage":1,"weight":1},"qtype":{"type":"fixes","node":"qtype","usage":1,"weight":1},"square":{"type":"fixes","node":"square","usage":1,"weight":1},"bold":{"type":"fixes","node":"bold","usage":1,"weight":1},"expert":{"type":"fixes","node":"expert","usage":1,"weight":1}},"Contributors":[],"FontIdentity":"4ec1edc6b3fc5c5ee2876f366be1a2ec","Bytes":1711333,"Networking":[],"barcode":"12u5wcweiuqyqw","referee":"qgwme"}