{"CSS":{"Hoedown":"Hoedown.css"},"FontType":"TrueType","FontCopyright":"Hoedown (c) 1999, font*a*licious fonts.","FontName":"Hoedown","FontSubfamily":"Book","FontSubfamilyID":"FontForge 2.0 : Hoedown : 15-10-2016","FontFullName":"Hoedown","FontVersion":"Version Macromedia Fontograp ","FontWeight":null,"FontPostscriptName":"Hoedown","Files":{"hoedown.afm":"hoedown.afm","hoedown.bin":"hoedown.bin","hoedown.cef":"hoedown.cef","hoedown.cff":"hoedown.cff","hoedown.cid":"hoedown.cid","hoedown.dfont":"hoedown.dfont","hoedown.eot":"hoedown.eot","hoedown.fon":"hoedown.fon","hoedown.gai":"hoedown.gai","hoedown.gsf":"hoedown.gsf","hoedown.hqx":"hoedown.hqx","hoedown.ik":"hoedown.ik","hoedown.mf":"hoedown.mf","hoedown.otf":"hoedown.otf","hoedown.pcf":"hoedown.pcf","hoedown.pf3":"hoedown.pf3","hoedown.pfa":"hoedown.pfa","hoedown.pfb":"hoedown.pfb","hoedown.php":"hoedown.php","hoedown.pmf":"hoedown.pmf","hoedown.pt3":"hoedown.pt3","hoedown.sfd":"hoedown.sfd","hoedown.svg":"hoedown.svg","hoedown.t42":"hoedown.t42","hoedown.ttd":"hoedown.ttd","hoedown.ttf":"hoedown.ttf","hoedown.ttg":"hoedown.ttg","hoedown.ufm":"hoedown.ufm","hoedown.woff":"hoedown.woff","hoedown.z":"hoedown.z","":{"hoedown.afm":"hoedown.afm","hoedown.bin":"hoedown.bin","hoedown.cef":"hoedown.cef","hoedown.cff":"hoedown.cff","hoedown.cid":"hoedown.cid","hoedown.dfont":"hoedown.dfont","hoedown.eot":"hoedown.eot","hoedown.fon":"hoedown.fon","hoedown.gai":"hoedown.gai","hoedown.gsf":"hoedown.gsf","hoedown.hqx":"hoedown.hqx","hoedown.ik":"hoedown.ik","hoedown.mf":"hoedown.mf","hoedown.otf":"hoedown.otf","hoedown.pcf":"hoedown.pcf","hoedown.pf3":"hoedown.pf3","hoedown.pfa":"hoedown.pfa","hoedown.pfb":"hoedown.pfb","hoedown.php":"hoedown.php","hoedown.pmf":"hoedown.pmf","hoedown.pt3":"hoedown.pt3","hoedown.sfd":"hoedown.sfd","hoedown.svg":"hoedown.svg","hoedown.t42":"hoedown.t42","hoedown.ttd":"hoedown.ttd","hoedown.ttf":"hoedown.ttf","hoedown.ttg":"hoedown.ttg","hoedown.ufm":"hoedown.ufm","hoedown.woff":"hoedown.woff","hoedown.z":"hoedown.z"},"\/hoedown.ufo":{"feature.fea":"feature.fea","fontinfo.plist":"fontinfo.plist","groups.plist":"groups.plist","kerning.plist":"kerning.plist","metainfo.plist":"metainfo.plist"},"\/hoedown.ufo\/glyphs":{"A_.glif":"A_.glif","B_.glif":"B_.glif","C_.glif":"C_.glif","D_.glif":"D_.glif","E_.glif":"E_.glif","F_.glif":"F_.glif","G_.glif":"G_.glif","H_.glif":"H_.glif","I_.glif":"I_.glif","J_.glif":"J_.glif","K_.glif":"K_.glif","L_.glif":"L_.glif","M_.glif":"M_.glif","N_.glif":"N_.glif","O_.glif":"O_.glif","P_.glif":"P_.glif","Q_.glif":"Q_.glif","R_.glif":"R_.glif","S_.glif":"S_.glif","T_.glif":"T_.glif","U_.glif":"U_.glif","V_.glif":"V_.glif","W_.glif":"W_.glif","X_.glif":"X_.glif","Y_.glif":"Y_.glif","Z_.glif":"Z_.glif","_notdef.glif":"_notdef.glif","_null.glif":"_null.glif","a.glif":"a.glif","ampersand.glif":"ampersand.glif","asciicircum.glif":"asciicircum.glif","asterisk.glif":"asterisk.glif","at.glif":"at.glif","b.glif":"b.glif","backslash.glif":"backslash.glif","braceleft.glif":"braceleft.glif","bracketleft.glif":"bracketleft.glif","bracketright.glif":"bracketright.glif","c.glif":"c.glif","colon.glif":"colon.glif","comma.glif":"comma.glif","contents.plist":"contents.plist","d.glif":"d.glif","dollar.glif":"dollar.glif","e.glif":"e.glif","eight.glif":"eight.glif","equal.glif":"equal.glif","exclam.glif":"exclam.glif","f.glif":"f.glif","five.glif":"five.glif","four.glif":"four.glif","g.glif":"g.glif","grave.glif":"grave.glif","greater.glif":"greater.glif","h.glif":"h.glif","hyphen.glif":"hyphen.glif","i.glif":"i.glif","j.glif":"j.glif","k.glif":"k.glif","l.glif":"l.glif","less.glif":"less.glif","m.glif":"m.glif","n.glif":"n.glif","nine.glif":"nine.glif","nonmarkingreturn.glif":"nonmarkingreturn.glif","numbersign.glif":"numbersign.glif","o.glif":"o.glif","one.glif":"one.glif","p.glif":"p.glif","parenleft.glif":"parenleft.glif","parenright.glif":"parenright.glif","percent.glif":"percent.glif","period.glif":"period.glif","plus.glif":"plus.glif","q.glif":"q.glif","question.glif":"question.glif","quotedbl.glif":"quotedbl.glif","quotesingle.glif":"quotesingle.glif","r.glif":"r.glif","s.glif":"s.glif","semicolon.glif":"semicolon.glif","seven.glif":"seven.glif","six.glif":"six.glif","slash.glif":"slash.glif","space.glif":"space.glif","t.glif":"t.glif","three.glif":"three.glif","two.glif":"two.glif","u.glif":"u.glif","underscore.glif":"underscore.glif","v.glif":"v.glif","w.glif":"w.glif","x.glif":"x.glif","y.glif":"y.glif","z.glif":"z.glif","zero.glif":"zero.glif"}},"Font":{"uploaded":1476569690.9651,"licence":"gpl3","company":"Chronolabs Cooperative","title":"Hoedown","version":2.001,"date":"Sun Aug 28 07:55:19 2016","creator":"root","type":"1","matrix":"0.001 0 0 0.001 0 0","named":"Hoedown","painttype":"0","info":"10 dict dup","name":"Hoedown","family":"Hoedown","weight":"Book","fstype":"1","italicangle":"0","underlineposition":"","underlinethickness":""},"Table":{"FFTM":{"entryLength":16,"tag":"FFTM","checksum":1947117088,"offset":32108,"length":28},"GDEF":{"entryLength":16,"tag":"GDEF","checksum":9175044,"offset":32076,"length":32},"OS\/2":{"entryLength":16,"tag":"OS\/2","checksum":1446731672,"offset":344,"length":86},"cmap":{"entryLength":16,"tag":"cmap","checksum":1805926813,"offset":812,"length":338},"gasp":{"entryLength":16,"tag":"gasp","checksum":4294901763,"offset":32068,"length":8},"glyf":{"entryLength":16,"tag":"glyf","checksum":2791178329,"offset":1344,"length":29916},"head":{"entryLength":16,"tag":"head","checksum":166990517,"offset":220,"length":54},"hhea":{"entryLength":16,"tag":"hhea","checksum":104858036,"offset":276,"length":36},"hmtx":{"entryLength":16,"tag":"hmtx","checksum":3044276616,"offset":432,"length":380},"loca":{"entryLength":16,"tag":"loca","checksum":3867083784,"offset":1152,"length":192},"maxp":{"entryLength":16,"tag":"maxp","checksum":11928189,"offset":312,"length":32},"name":{"entryLength":16,"tag":"name","checksum":813743841,"offset":31260,"length":582},"post":{"entryLength":16,"tag":"post","checksum":142412004,"offset":31844,"length":224}},"UnicodeCharMap":{"0":1,"13":2,"32":3,"33":4,"34":5,"35":6,"36":7,"37":8,"38":9,"39":10,"40":11,"41":12,"42":13,"43":14,"44":15,"45":16,"46":17,"47":18,"48":19,"49":20,"50":21,"51":22,"52":23,"53":24,"54":25,"55":26,"56":27,"57":28,"58":29,"59":30,"60":31,"61":32,"62":33,"63":34,"64":35,"65":36,"66":37,"67":38,"68":39,"69":40,"70":41,"71":42,"72":43,"73":44,"74":45,"75":46,"76":47,"77":48,"78":49,"79":50,"80":51,"81":52,"82":53,"83":54,"84":55,"85":56,"86":57,"87":58,"88":59,"89":60,"90":61,"91":62,"92":63,"93":64,"94":65,"95":66,"96":67,"97":68,"98":69,"99":70,"100":71,"101":72,"102":73,"103":74,"104":75,"105":76,"106":77,"107":78,"108":79,"109":80,"110":81,"111":82,"112":83,"113":84,"114":85,"115":86,"116":87,"117":88,"118":89,"119":90,"120":91,"121":92,"122":93,"123":94},"Reserves":null,"Names":[],"Nodes":{"ho":{"type":"typal","node":"ho","usage":1,"weight":1},"wn":{"type":"typal","node":"wn","usage":1,"weight":1},"hoe":{"type":"typal","node":"hoe","usage":1,"weight":1},"own":{"type":"typal","node":"own","usage":1,"weight":1},"hoed":{"type":"keys","node":"hoed","usage":1,"weight":1},"down":{"type":"keys","node":"down","usage":1,"weight":1},"hoedo":{"type":"keys","node":"hoedo","usage":1,"weight":1},"edown":{"type":"keys","node":"edown","usage":1,"weight":1},"hoedown":{"type":"fixes","node":"hoedown","usage":1,"weight":1}},"Contributors":[],"FontIdentity":"e0868aa07f432c026914a71c9123b275","Bytes":2433755,"Networking":[],"barcode":"8kaugqayekqw3","referee":"qOa-2S"}