{"CSS":{"GyrlLovesBoy":"GyrlLovesBoy.css"},"FontType":"TrueType","FontCopyright":"Copyright (c) Heather Daniels, 1999. All rights reserved.","FontName":"GyrlLovesBoy","FontSubfamily":"Book","FontSubfamilyID":"FontForge 2.0 : GyrlLovesBoy : 24-12-2016","FontFullName":"Gyrl Loves Boy","FontVersion":"Version 1999; 1.0, initial r ","FontWeight":null,"FontPostscriptName":"GyrlLovesBoy","Files":{"gyrllovesboy.afm":"gyrllovesboy.afm","gyrllovesboy.bin":"gyrllovesboy.bin","gyrllovesboy.cef":"gyrllovesboy.cef","gyrllovesboy.cff":"gyrllovesboy.cff","gyrllovesboy.cid":"gyrllovesboy.cid","gyrllovesboy.dfont":"gyrllovesboy.dfont","gyrllovesboy.eot":"gyrllovesboy.eot","gyrllovesboy.fon":"gyrllovesboy.fon","gyrllovesboy.gai":"gyrllovesboy.gai","gyrllovesboy.gsf":"gyrllovesboy.gsf","gyrllovesboy.hqx":"gyrllovesboy.hqx","gyrllovesboy.ik":"gyrllovesboy.ik","gyrllovesboy.mf":"gyrllovesboy.mf","gyrllovesboy.otf":"gyrllovesboy.otf","gyrllovesboy.pcf":"gyrllovesboy.pcf","gyrllovesboy.pf3":"gyrllovesboy.pf3","gyrllovesboy.pfa":"gyrllovesboy.pfa","gyrllovesboy.pfb":"gyrllovesboy.pfb","gyrllovesboy.php":"gyrllovesboy.php","gyrllovesboy.pmf":"gyrllovesboy.pmf","gyrllovesboy.pt3":"gyrllovesboy.pt3","gyrllovesboy.sfd":"gyrllovesboy.sfd","gyrllovesboy.svg":"gyrllovesboy.svg","gyrllovesboy.t42":"gyrllovesboy.t42","gyrllovesboy.ttd":"gyrllovesboy.ttd","gyrllovesboy.ttf":"gyrllovesboy.ttf","gyrllovesboy.ttg":"gyrllovesboy.ttg","gyrllovesboy.ufm":"gyrllovesboy.ufm","gyrllovesboy.woff":"gyrllovesboy.woff","gyrllovesboy.z":"gyrllovesboy.z","":{"gyrllovesboy.afm":"gyrllovesboy.afm","gyrllovesboy.bin":"gyrllovesboy.bin","gyrllovesboy.cef":"gyrllovesboy.cef","gyrllovesboy.cff":"gyrllovesboy.cff","gyrllovesboy.cid":"gyrllovesboy.cid","gyrllovesboy.dfont":"gyrllovesboy.dfont","gyrllovesboy.eot":"gyrllovesboy.eot","gyrllovesboy.fon":"gyrllovesboy.fon","gyrllovesboy.gai":"gyrllovesboy.gai","gyrllovesboy.gsf":"gyrllovesboy.gsf","gyrllovesboy.hqx":"gyrllovesboy.hqx","gyrllovesboy.ik":"gyrllovesboy.ik","gyrllovesboy.mf":"gyrllovesboy.mf","gyrllovesboy.otf":"gyrllovesboy.otf","gyrllovesboy.pcf":"gyrllovesboy.pcf","gyrllovesboy.pf3":"gyrllovesboy.pf3","gyrllovesboy.pfa":"gyrllovesboy.pfa","gyrllovesboy.pfb":"gyrllovesboy.pfb","gyrllovesboy.php":"gyrllovesboy.php","gyrllovesboy.pmf":"gyrllovesboy.pmf","gyrllovesboy.pt3":"gyrllovesboy.pt3","gyrllovesboy.sfd":"gyrllovesboy.sfd","gyrllovesboy.svg":"gyrllovesboy.svg","gyrllovesboy.t42":"gyrllovesboy.t42","gyrllovesboy.ttd":"gyrllovesboy.ttd","gyrllovesboy.ttf":"gyrllovesboy.ttf","gyrllovesboy.ttg":"gyrllovesboy.ttg","gyrllovesboy.ufm":"gyrllovesboy.ufm","gyrllovesboy.woff":"gyrllovesboy.woff","gyrllovesboy.z":"gyrllovesboy.z"},"\/gyrllovesboy.ufo":{"feature.fea":"feature.fea","fontinfo.plist":"fontinfo.plist","groups.plist":"groups.plist","kerning.plist":"kerning.plist","metainfo.plist":"metainfo.plist"},"\/gyrllovesboy.ufo\/glyphs":{"A_.glif":"A_.glif","B_.glif":"B_.glif","C_.glif":"C_.glif","D_.glif":"D_.glif","E_.glif":"E_.glif","F_.glif":"F_.glif","G_.glif":"G_.glif","H_.glif":"H_.glif","I_.glif":"I_.glif","J_.glif":"J_.glif","K_.glif":"K_.glif","L_.glif":"L_.glif","M_.glif":"M_.glif","N_.glif":"N_.glif","O_.glif":"O_.glif","P_.glif":"P_.glif","Q_.glif":"Q_.glif","R_.glif":"R_.glif","S_.glif":"S_.glif","T_.glif":"T_.glif","U_.glif":"U_.glif","V_.glif":"V_.glif","W_.glif":"W_.glif","X_.glif":"X_.glif","Y_.glif":"Y_.glif","Z_.glif":"Z_.glif","_0097.glif":"_0097.glif","_0098.glif":"_0098.glif","_0099.glif":"_0099.glif","_0100.glif":"_0100.glif","_0101.glif":"_0101.glif","_0102.glif":"_0102.glif","_0103.glif":"_0103.glif","_0104.glif":"_0104.glif","_0105.glif":"_0105.glif","_0106.glif":"_0106.glif","_0107.glif":"_0107.glif","_0108.glif":"_0108.glif","_0109.glif":"_0109.glif","_0110.glif":"_0110.glif","_0111.glif":"_0111.glif","_0112.glif":"_0112.glif","_0113.glif":"_0113.glif","_0114.glif":"_0114.glif","_0115.glif":"_0115.glif","_0116.glif":"_0116.glif","_0117.glif":"_0117.glif","_0118.glif":"_0118.glif","_0119.glif":"_0119.glif","_0120.glif":"_0120.glif","_0121.glif":"_0121.glif","_0122.glif":"_0122.glif","_null.glif":"_null.glif","contents.plist":"contents.plist","nonmarkingreturn.glif":"nonmarkingreturn.glif","space.glif":"space.glif"}},"Font":{"uploaded":1482542571.1303,"licence":"gpl3","company":"Chronolabs Cooperative","title":"Gyrl Loves Boy","version":2.001,"date":"Sun Aug 28 07:55:54 2016","creator":"root","type":"1","matrix":"0.001 0 0 0.001 0 0","named":"GyrlLovesBoy","painttype":"0","info":"10 dict dup","name":"GyrlLovesBoy","family":"GyrlLovesBoy","weight":"Book","fstype":"0","italicangle":"0","underlineposition":"","underlinethickness":""},"Table":{"FFTM":{"entryLength":16,"tag":"FFTM","checksum":1947016356,"offset":17420,"length":28},"GDEF":{"entryLength":16,"tag":"GDEF","checksum":6619140,"offset":17388,"length":32},"OS\/2":{"entryLength":16,"tag":"OS\/2","checksum":1445093542,"offset":344,"length":86},"cmap":{"entryLength":16,"tag":"cmap","checksum":2014342472,"offset":656,"length":346},"gasp":{"entryLength":16,"tag":"gasp","checksum":4294901763,"offset":17380,"length":8},"glyf":{"entryLength":16,"tag":"glyf","checksum":1256066297,"offset":1120,"length":15260},"head":{"entryLength":16,"tag":"head","checksum":322322648,"offset":220,"length":54},"hhea":{"entryLength":16,"tag":"hhea","checksum":126222986,"offset":276,"length":36},"hmtx":{"entryLength":16,"tag":"hmtx","checksum":1898905960,"offset":432,"length":224},"loca":{"entryLength":16,"tag":"loca","checksum":2628751604,"offset":1004,"length":114},"maxp":{"entryLength":16,"tag":"maxp","checksum":8388885,"offset":312,"length":32},"name":{"entryLength":16,"tag":"name","checksum":100187522,"offset":16380,"length":696},"post":{"entryLength":16,"tag":"post","checksum":1251103199,"offset":17076,"length":302}},"UnicodeCharMap":{"0":1,"13":2,"32":3,"65":4,"66":5,"67":6,"68":7,"69":8,"70":9,"71":10,"72":11,"73":12,"74":13,"75":14,"76":15,"77":16,"78":17,"79":18,"80":19,"81":20,"82":21,"83":22,"84":23,"85":24,"86":25,"87":26,"88":27,"89":28,"90":29},"Reserves":null,"Names":[],"Nodes":{"gy":{"type":"typal","node":"gy","usage":1,"weight":1},"rl":{"type":"typal","node":"rl","usage":1,"weight":1},"lo":{"type":"typal","node":"lo","usage":1,"weight":1},"es":{"type":"typal","node":"es","usage":1,"weight":1},"bo":{"type":"typal","node":"bo","usage":1,"weight":1},"oy":{"type":"typal","node":"oy","usage":1,"weight":1},"gyr":{"type":"typal","node":"gyr","usage":1,"weight":1},"yrl":{"type":"typal","node":"yrl","usage":1,"weight":1},"lov":{"type":"typal","node":"lov","usage":1,"weight":1},"ves":{"type":"typal","node":"ves","usage":1,"weight":1},"love":{"type":"keys","node":"love","usage":1,"weight":1},"oves":{"type":"keys","node":"oves","usage":1,"weight":1},"gyrl":{"type":"fixes","node":"gyrl","usage":1,"weight":1},"loves":{"type":"fixes","node":"loves","usage":1,"weight":1},"boy":{"type":"fixes","node":"boy","usage":1,"weight":1}},"Contributors":[],"FontIdentity":"d98159c64ff8abdb34e917e3777c50cd","Bytes":1305613,"Networking":[],"barcode":"EIIYawgIAUowa","referee":"wgckemwi"}