{"CSS":{"Maetl":"thatcher0:36ef92ad58d27d8f0f07ad.css"},"FontType":"TrueType","FontCopyright":"Copyright 2002 YouWorkForThem.  All Rights Reserved. http:\/\/www.youworkforthem.com.  YWFT Administration Contact: info@youworkforthem.com","FontName":"Maetl","FontSubfamily":"Book","FontSubfamilyID":"FontForge 2.0 : Maetl : 15-10-2016","FontFullName":"Maetl","FontVersion":"Version 1.00 ","FontWeight":null,"FontPostscriptName":"Maetl","Files":{"\/Maetl.css":"\/Maetl.css","\/font-resource.json":"\/font-resource.json","\/maetl.afm":"\/maetl.afm","\/maetl.cef":"\/maetl.cef","\/maetl.cff":"\/maetl.cff","\/maetl.eot":"\/maetl.eot","\/maetl.gai":"\/maetl.gai","\/maetl.gsf":"\/maetl.gsf","\/maetl.otf":"\/maetl.otf","\/maetl.pf3":"\/maetl.pf3","\/maetl.pfa":"\/maetl.pfa","\/maetl.pfb":"\/maetl.pfb","\/maetl.php":"\/maetl.php","\/maetl.pt3":"\/maetl.pt3","\/maetl.sfd":"\/maetl.sfd","\/maetl.svg":"\/maetl.svg","\/maetl.t42":"\/maetl.t42","\/maetl.ttd":"\/maetl.ttd","\/maetl.ttf":"\/maetl.ttf","\/maetl.ttg":"\/maetl.ttg","\/maetl.ufm":"\/maetl.ufm","\/maetl.woff":"\/maetl.woff","\/maetl.z":"\/maetl.z","\/maetl.ufo\/feature.fea":"\/maetl.ufo\/feature.fea","\/maetl.ufo\/fontinfo.plist":"\/maetl.ufo\/fontinfo.plist","\/maetl.ufo\/groups.plist":"\/maetl.ufo\/groups.plist","\/maetl.ufo\/kerning.plist":"\/maetl.ufo\/kerning.plist","\/maetl.ufo\/metainfo.plist":"\/maetl.ufo\/metainfo.plist","\/maetl.ufo\/glyphs\/A_.glif":"\/maetl.ufo\/glyphs\/A_.glif","\/maetl.ufo\/glyphs\/A_E_.glif":"\/maetl.ufo\/glyphs\/A_E_.glif","\/maetl.ufo\/glyphs\/A_acute.glif":"\/maetl.ufo\/glyphs\/A_acute.glif","\/maetl.ufo\/glyphs\/A_circumflex.glif":"\/maetl.ufo\/glyphs\/A_circumflex.glif","\/maetl.ufo\/glyphs\/A_dieresis.glif":"\/maetl.ufo\/glyphs\/A_dieresis.glif","\/maetl.ufo\/glyphs\/A_grave.glif":"\/maetl.ufo\/glyphs\/A_grave.glif","\/maetl.ufo\/glyphs\/A_ring.glif":"\/maetl.ufo\/glyphs\/A_ring.glif","\/maetl.ufo\/glyphs\/A_tilde.glif":"\/maetl.ufo\/glyphs\/A_tilde.glif","\/maetl.ufo\/glyphs\/B_.glif":"\/maetl.ufo\/glyphs\/B_.glif","\/maetl.ufo\/glyphs\/C_.glif":"\/maetl.ufo\/glyphs\/C_.glif","\/maetl.ufo\/glyphs\/C_cedilla.glif":"\/maetl.ufo\/glyphs\/C_cedilla.glif","\/maetl.ufo\/glyphs\/D_.glif":"\/maetl.ufo\/glyphs\/D_.glif","\/maetl.ufo\/glyphs\/D_E_L_.glif":"\/maetl.ufo\/glyphs\/D_E_L_.glif","\/maetl.ufo\/glyphs\/D_elta.glif":"\/maetl.ufo\/glyphs\/D_elta.glif","\/maetl.ufo\/glyphs\/E_.glif":"\/maetl.ufo\/glyphs\/E_.glif","\/maetl.ufo\/glyphs\/E_acute.glif":"\/maetl.ufo\/glyphs\/E_acute.glif","\/maetl.ufo\/glyphs\/E_circumflex.glif":"\/maetl.ufo\/glyphs\/E_circumflex.glif","\/maetl.ufo\/glyphs\/E_dieresis.glif":"\/maetl.ufo\/glyphs\/E_dieresis.glif","\/maetl.ufo\/glyphs\/E_grave.glif":"\/maetl.ufo\/glyphs\/E_grave.glif","\/maetl.ufo\/glyphs\/E_th.glif":"\/maetl.ufo\/glyphs\/E_th.glif","\/maetl.ufo\/glyphs\/F_.glif":"\/maetl.ufo\/glyphs\/F_.glif","\/maetl.ufo\/glyphs\/G_.glif":"\/maetl.ufo\/glyphs\/G_.glif","\/maetl.ufo\/glyphs\/H_.glif":"\/maetl.ufo\/glyphs\/H_.glif","\/maetl.ufo\/glyphs\/H_T_.glif":"\/maetl.ufo\/glyphs\/H_T_.glif","\/maetl.ufo\/glyphs\/I_.glif":"\/maetl.ufo\/glyphs\/I_.glif","\/maetl.ufo\/glyphs\/I_acute.glif":"\/maetl.ufo\/glyphs\/I_acute.glif","\/maetl.ufo\/glyphs\/I_circumflex.glif":"\/maetl.ufo\/glyphs\/I_circumflex.glif","\/maetl.ufo\/glyphs\/I_dieresis.glif":"\/maetl.ufo\/glyphs\/I_dieresis.glif","\/maetl.ufo\/glyphs\/I_grave.glif":"\/maetl.ufo\/glyphs\/I_grave.glif","\/maetl.ufo\/glyphs\/J_.glif":"\/maetl.ufo\/glyphs\/J_.glif","\/maetl.ufo\/glyphs\/K_.glif":"\/maetl.ufo\/glyphs\/K_.glif","\/maetl.ufo\/glyphs\/L_.glif":"\/maetl.ufo\/glyphs\/L_.glif","\/maetl.ufo\/glyphs\/L_slash.glif":"\/maetl.ufo\/glyphs\/L_slash.glif","\/maetl.ufo\/glyphs\/M_.glif":"\/maetl.ufo\/glyphs\/M_.glif","\/maetl.ufo\/glyphs\/N_.glif":"\/maetl.ufo\/glyphs\/N_.glif","\/maetl.ufo\/glyphs\/N_tilde.glif":"\/maetl.ufo\/glyphs\/N_tilde.glif","\/maetl.ufo\/glyphs\/O_.glif":"\/maetl.ufo\/glyphs\/O_.glif","\/maetl.ufo\/glyphs\/O_E_.glif":"\/maetl.ufo\/glyphs\/O_E_.glif","\/maetl.ufo\/glyphs\/O_acute.glif":"\/maetl.ufo\/glyphs\/O_acute.glif","\/maetl.ufo\/glyphs\/O_circumflex.glif":"\/maetl.ufo\/glyphs\/O_circumflex.glif","\/maetl.ufo\/glyphs\/O_dieresis.glif":"\/maetl.ufo\/glyphs\/O_dieresis.glif","\/maetl.ufo\/glyphs\/O_grave.glif":"\/maetl.ufo\/glyphs\/O_grave.glif","\/maetl.ufo\/glyphs\/O_mega.glif":"\/maetl.ufo\/glyphs\/O_mega.glif","\/maetl.ufo\/glyphs\/O_slash.glif":"\/maetl.ufo\/glyphs\/O_slash.glif","\/maetl.ufo\/glyphs\/O_tilde.glif":"\/maetl.ufo\/glyphs\/O_tilde.glif","\/maetl.ufo\/glyphs\/P_.glif":"\/maetl.ufo\/glyphs\/P_.glif","\/maetl.ufo\/glyphs\/Q_.glif":"\/maetl.ufo\/glyphs\/Q_.glif","\/maetl.ufo\/glyphs\/R_.glif":"\/maetl.ufo\/glyphs\/R_.glif","\/maetl.ufo\/glyphs\/S_.glif":"\/maetl.ufo\/glyphs\/S_.glif","\/maetl.ufo\/glyphs\/S_caron.glif":"\/maetl.ufo\/glyphs\/S_caron.glif","\/maetl.ufo\/glyphs\/T_.glif":"\/maetl.ufo\/glyphs\/T_.glif","\/maetl.ufo\/glyphs\/T_horn.glif":"\/maetl.ufo\/glyphs\/T_horn.glif","\/maetl.ufo\/glyphs\/U_.glif":"\/maetl.ufo\/glyphs\/U_.glif","\/maetl.ufo\/glyphs\/U_acute.glif":"\/maetl.ufo\/glyphs\/U_acute.glif","\/maetl.ufo\/glyphs\/U_circumflex.glif":"\/maetl.ufo\/glyphs\/U_circumflex.glif","\/maetl.ufo\/glyphs\/U_dieresis.glif":"\/maetl.ufo\/glyphs\/U_dieresis.glif","\/maetl.ufo\/glyphs\/U_grave.glif":"\/maetl.ufo\/glyphs\/U_grave.glif","\/maetl.ufo\/glyphs\/V_.glif":"\/maetl.ufo\/glyphs\/V_.glif","\/maetl.ufo\/glyphs\/W_.glif":"\/maetl.ufo\/glyphs\/W_.glif","\/maetl.ufo\/glyphs\/X_.glif":"\/maetl.ufo\/glyphs\/X_.glif","\/maetl.ufo\/glyphs\/Y_.glif":"\/maetl.ufo\/glyphs\/Y_.glif","\/maetl.ufo\/glyphs\/Y_acute.glif":"\/maetl.ufo\/glyphs\/Y_acute.glif","\/maetl.ufo\/glyphs\/Y_dieresis.glif":"\/maetl.ufo\/glyphs\/Y_dieresis.glif","\/maetl.ufo\/glyphs\/Z_.glif":"\/maetl.ufo\/glyphs\/Z_.glif","\/maetl.ufo\/glyphs\/Z_caron.glif":"\/maetl.ufo\/glyphs\/Z_caron.glif","\/maetl.ufo\/glyphs\/_notdef.glif":"\/maetl.ufo\/glyphs\/_notdef.glif","\/maetl.ufo\/glyphs\/_null.glif":"\/maetl.ufo\/glyphs\/_null.glif","\/maetl.ufo\/glyphs\/a.glif":"\/maetl.ufo\/glyphs\/a.glif","\/maetl.ufo\/glyphs\/aacute.glif":"\/maetl.ufo\/glyphs\/aacute.glif","\/maetl.ufo\/glyphs\/acircumflex.glif":"\/maetl.ufo\/glyphs\/acircumflex.glif","\/maetl.ufo\/glyphs\/acute.glif":"\/maetl.ufo\/glyphs\/acute.glif","\/maetl.ufo\/glyphs\/adieresis.glif":"\/maetl.ufo\/glyphs\/adieresis.glif","\/maetl.ufo\/glyphs\/ae.glif":"\/maetl.ufo\/glyphs\/ae.glif","\/maetl.ufo\/glyphs\/agrave.glif":"\/maetl.ufo\/glyphs\/agrave.glif","\/maetl.ufo\/glyphs\/ampersand.glif":"\/maetl.ufo\/glyphs\/ampersand.glif","\/maetl.ufo\/glyphs\/apple.glif":"\/maetl.ufo\/glyphs\/apple.glif","\/maetl.ufo\/glyphs\/approxequal.glif":"\/maetl.ufo\/glyphs\/approxequal.glif","\/maetl.ufo\/glyphs\/aring.glif":"\/maetl.ufo\/glyphs\/aring.glif","\/maetl.ufo\/glyphs\/asciicircum.glif":"\/maetl.ufo\/glyphs\/asciicircum.glif","\/maetl.ufo\/glyphs\/asciitilde.glif":"\/maetl.ufo\/glyphs\/asciitilde.glif","\/maetl.ufo\/glyphs\/asterisk.glif":"\/maetl.ufo\/glyphs\/asterisk.glif","\/maetl.ufo\/glyphs\/at.glif":"\/maetl.ufo\/glyphs\/at.glif","\/maetl.ufo\/glyphs\/atilde.glif":"\/maetl.ufo\/glyphs\/atilde.glif","\/maetl.ufo\/glyphs\/b.glif":"\/maetl.ufo\/glyphs\/b.glif","\/maetl.ufo\/glyphs\/backslash.glif":"\/maetl.ufo\/glyphs\/backslash.glif","\/maetl.ufo\/glyphs\/bar.glif":"\/maetl.ufo\/glyphs\/bar.glif","\/maetl.ufo\/glyphs\/braceleft.glif":"\/maetl.ufo\/glyphs\/braceleft.glif","\/maetl.ufo\/glyphs\/braceright.glif":"\/maetl.ufo\/glyphs\/braceright.glif","\/maetl.ufo\/glyphs\/bracketleft.glif":"\/maetl.ufo\/glyphs\/bracketleft.glif","\/maetl.ufo\/glyphs\/bracketright.glif":"\/maetl.ufo\/glyphs\/bracketright.glif","\/maetl.ufo\/glyphs\/breve.glif":"\/maetl.ufo\/glyphs\/breve.glif","\/maetl.ufo\/glyphs\/brokenbar.glif":"\/maetl.ufo\/glyphs\/brokenbar.glif","\/maetl.ufo\/glyphs\/bullet.glif":"\/maetl.ufo\/glyphs\/bullet.glif","\/maetl.ufo\/glyphs\/c.glif":"\/maetl.ufo\/glyphs\/c.glif","\/maetl.ufo\/glyphs\/caron.glif":"\/maetl.ufo\/glyphs\/caron.glif","\/maetl.ufo\/glyphs\/ccedilla.glif":"\/maetl.ufo\/glyphs\/ccedilla.glif","\/maetl.ufo\/glyphs\/cedilla.glif":"\/maetl.ufo\/glyphs\/cedilla.glif","\/maetl.ufo\/glyphs\/cent.glif":"\/maetl.ufo\/glyphs\/cent.glif","\/maetl.ufo\/glyphs\/circumflex.glif":"\/maetl.ufo\/glyphs\/circumflex.glif","\/maetl.ufo\/glyphs\/colon.glif":"\/maetl.ufo\/glyphs\/colon.glif","\/maetl.ufo\/glyphs\/comma.glif":"\/maetl.ufo\/glyphs\/comma.glif","\/maetl.ufo\/glyphs\/contents.plist":"\/maetl.ufo\/glyphs\/contents.plist","\/maetl.ufo\/glyphs\/copyright.glif":"\/maetl.ufo\/glyphs\/copyright.glif","\/maetl.ufo\/glyphs\/currency.glif":"\/maetl.ufo\/glyphs\/currency.glif","\/maetl.ufo\/glyphs\/d.glif":"\/maetl.ufo\/glyphs\/d.glif","\/maetl.ufo\/glyphs\/dagger.glif":"\/maetl.ufo\/glyphs\/dagger.glif","\/maetl.ufo\/glyphs\/daggerdbl.glif":"\/maetl.ufo\/glyphs\/daggerdbl.glif","\/maetl.ufo\/glyphs\/degree.glif":"\/maetl.ufo\/glyphs\/degree.glif","\/maetl.ufo\/glyphs\/dieresis.glif":"\/maetl.ufo\/glyphs\/dieresis.glif","\/maetl.ufo\/glyphs\/divide.glif":"\/maetl.ufo\/glyphs\/divide.glif","\/maetl.ufo\/glyphs\/dollar.glif":"\/maetl.ufo\/glyphs\/dollar.glif","\/maetl.ufo\/glyphs\/dotaccent.glif":"\/maetl.ufo\/glyphs\/dotaccent.glif","\/maetl.ufo\/glyphs\/dotlessi.glif":"\/maetl.ufo\/glyphs\/dotlessi.glif","\/maetl.ufo\/glyphs\/e.glif":"\/maetl.ufo\/glyphs\/e.glif","\/maetl.ufo\/glyphs\/eacute.glif":"\/maetl.ufo\/glyphs\/eacute.glif","\/maetl.ufo\/glyphs\/ecircumflex.glif":"\/maetl.ufo\/glyphs\/ecircumflex.glif","\/maetl.ufo\/glyphs\/edieresis.glif":"\/maetl.ufo\/glyphs\/edieresis.glif","\/maetl.ufo\/glyphs\/egrave.glif":"\/maetl.ufo\/glyphs\/egrave.glif","\/maetl.ufo\/glyphs\/eight.glif":"\/maetl.ufo\/glyphs\/eight.glif","\/maetl.ufo\/glyphs\/ellipsis.glif":"\/maetl.ufo\/glyphs\/ellipsis.glif","\/maetl.ufo\/glyphs\/emdash.glif":"\/maetl.ufo\/glyphs\/emdash.glif","\/maetl.ufo\/glyphs\/endash.glif":"\/maetl.ufo\/glyphs\/endash.glif","\/maetl.ufo\/glyphs\/equal.glif":"\/maetl.ufo\/glyphs\/equal.glif","\/maetl.ufo\/glyphs\/eth.glif":"\/maetl.ufo\/glyphs\/eth.glif","\/maetl.ufo\/glyphs\/exclam.glif":"\/maetl.ufo\/glyphs\/exclam.glif","\/maetl.ufo\/glyphs\/exclamdown.glif":"\/maetl.ufo\/glyphs\/exclamdown.glif","\/maetl.ufo\/glyphs\/f.glif":"\/maetl.ufo\/glyphs\/f.glif","\/maetl.ufo\/glyphs\/fi.glif":"\/maetl.ufo\/glyphs\/fi.glif","\/maetl.ufo\/glyphs\/five.glif":"\/maetl.ufo\/glyphs\/five.glif","\/maetl.ufo\/glyphs\/fl.glif":"\/maetl.ufo\/glyphs\/fl.glif","\/maetl.ufo\/glyphs\/florin.glif":"\/maetl.ufo\/glyphs\/florin.glif","\/maetl.ufo\/glyphs\/four.glif":"\/maetl.ufo\/glyphs\/four.glif","\/maetl.ufo\/glyphs\/fraction.glif":"\/maetl.ufo\/glyphs\/fraction.glif","\/maetl.ufo\/glyphs\/g.glif":"\/maetl.ufo\/glyphs\/g.glif","\/maetl.ufo\/glyphs\/germandbls.glif":"\/maetl.ufo\/glyphs\/germandbls.glif","\/maetl.ufo\/glyphs\/glyph1.glif":"\/maetl.ufo\/glyphs\/glyph1.glif","\/maetl.ufo\/glyphs\/glyph2.glif":"\/maetl.ufo\/glyphs\/glyph2.glif","\/maetl.ufo\/glyphs\/grave.glif":"\/maetl.ufo\/glyphs\/grave.glif","\/maetl.ufo\/glyphs\/greater.glif":"\/maetl.ufo\/glyphs\/greater.glif","\/maetl.ufo\/glyphs\/greaterequal.glif":"\/maetl.ufo\/glyphs\/greaterequal.glif","\/maetl.ufo\/glyphs\/guillemotleft.glif":"\/maetl.ufo\/glyphs\/guillemotleft.glif","\/maetl.ufo\/glyphs\/guillemotright.glif":"\/maetl.ufo\/glyphs\/guillemotright.glif","\/maetl.ufo\/glyphs\/guilsinglleft.glif":"\/maetl.ufo\/glyphs\/guilsinglleft.glif","\/maetl.ufo\/glyphs\/guilsinglright.glif":"\/maetl.ufo\/glyphs\/guilsinglright.glif","\/maetl.ufo\/glyphs\/h.glif":"\/maetl.ufo\/glyphs\/h.glif","\/maetl.ufo\/glyphs\/hungarumlaut.glif":"\/maetl.ufo\/glyphs\/hungarumlaut.glif","\/maetl.ufo\/glyphs\/hyphen.glif":"\/maetl.ufo\/glyphs\/hyphen.glif","\/maetl.ufo\/glyphs\/i.glif":"\/maetl.ufo\/glyphs\/i.glif","\/maetl.ufo\/glyphs\/iacute.glif":"\/maetl.ufo\/glyphs\/iacute.glif","\/maetl.ufo\/glyphs\/icircumflex.glif":"\/maetl.ufo\/glyphs\/icircumflex.glif","\/maetl.ufo\/glyphs\/idieresis.glif":"\/maetl.ufo\/glyphs\/idieresis.glif","\/maetl.ufo\/glyphs\/igrave.glif":"\/maetl.ufo\/glyphs\/igrave.glif","\/maetl.ufo\/glyphs\/infinity.glif":"\/maetl.ufo\/glyphs\/infinity.glif","\/maetl.ufo\/glyphs\/integral.glif":"\/maetl.ufo\/glyphs\/integral.glif","\/maetl.ufo\/glyphs\/j.glif":"\/maetl.ufo\/glyphs\/j.glif","\/maetl.ufo\/glyphs\/k.glif":"\/maetl.ufo\/glyphs\/k.glif","\/maetl.ufo\/glyphs\/l.glif":"\/maetl.ufo\/glyphs\/l.glif","\/maetl.ufo\/glyphs\/less.glif":"\/maetl.ufo\/glyphs\/less.glif","\/maetl.ufo\/glyphs\/lessequal.glif":"\/maetl.ufo\/glyphs\/lessequal.glif","\/maetl.ufo\/glyphs\/logicalnot.glif":"\/maetl.ufo\/glyphs\/logicalnot.glif","\/maetl.ufo\/glyphs\/lozenge.glif":"\/maetl.ufo\/glyphs\/lozenge.glif","\/maetl.ufo\/glyphs\/lslash.glif":"\/maetl.ufo\/glyphs\/lslash.glif","\/maetl.ufo\/glyphs\/m.glif":"\/maetl.ufo\/glyphs\/m.glif","\/maetl.ufo\/glyphs\/macron.glif":"\/maetl.ufo\/glyphs\/macron.glif","\/maetl.ufo\/glyphs\/minus.glif":"\/maetl.ufo\/glyphs\/minus.glif","\/maetl.ufo\/glyphs\/mu.glif":"\/maetl.ufo\/glyphs\/mu.glif","\/maetl.ufo\/glyphs\/multiply.glif":"\/maetl.ufo\/glyphs\/multiply.glif","\/maetl.ufo\/glyphs\/n.glif":"\/maetl.ufo\/glyphs\/n.glif","\/maetl.ufo\/glyphs\/nine.glif":"\/maetl.ufo\/glyphs\/nine.glif","\/maetl.ufo\/glyphs\/nonbreakingspace.glif":"\/maetl.ufo\/glyphs\/nonbreakingspace.glif","\/maetl.ufo\/glyphs\/nonmarkingreturn.glif":"\/maetl.ufo\/glyphs\/nonmarkingreturn.glif","\/maetl.ufo\/glyphs\/notequal.glif":"\/maetl.ufo\/glyphs\/notequal.glif","\/maetl.ufo\/glyphs\/ntilde.glif":"\/maetl.ufo\/glyphs\/ntilde.glif","\/maetl.ufo\/glyphs\/numbersign.glif":"\/maetl.ufo\/glyphs\/numbersign.glif","\/maetl.ufo\/glyphs\/o.glif":"\/maetl.ufo\/glyphs\/o.glif","\/maetl.ufo\/glyphs\/oacute.glif":"\/maetl.ufo\/glyphs\/oacute.glif","\/maetl.ufo\/glyphs\/ocircumflex.glif":"\/maetl.ufo\/glyphs\/ocircumflex.glif","\/maetl.ufo\/glyphs\/odieresis.glif":"\/maetl.ufo\/glyphs\/odieresis.glif","\/maetl.ufo\/glyphs\/oe.glif":"\/maetl.ufo\/glyphs\/oe.glif","\/maetl.ufo\/glyphs\/ogonek.glif":"\/maetl.ufo\/glyphs\/ogonek.glif","\/maetl.ufo\/glyphs\/ograve.glif":"\/maetl.ufo\/glyphs\/ograve.glif","\/maetl.ufo\/glyphs\/one.glif":"\/maetl.ufo\/glyphs\/one.glif","\/maetl.ufo\/glyphs\/ordfeminine.glif":"\/maetl.ufo\/glyphs\/ordfeminine.glif","\/maetl.ufo\/glyphs\/ordmasculine.glif":"\/maetl.ufo\/glyphs\/ordmasculine.glif","\/maetl.ufo\/glyphs\/oslash.glif":"\/maetl.ufo\/glyphs\/oslash.glif","\/maetl.ufo\/glyphs\/otilde.glif":"\/maetl.ufo\/glyphs\/otilde.glif","\/maetl.ufo\/glyphs\/p.glif":"\/maetl.ufo\/glyphs\/p.glif","\/maetl.ufo\/glyphs\/paragraph.glif":"\/maetl.ufo\/glyphs\/paragraph.glif","\/maetl.ufo\/glyphs\/parenleft.glif":"\/maetl.ufo\/glyphs\/parenleft.glif","\/maetl.ufo\/glyphs\/parenright.glif":"\/maetl.ufo\/glyphs\/parenright.glif","\/maetl.ufo\/glyphs\/partialdiff.glif":"\/maetl.ufo\/glyphs\/partialdiff.glif","\/maetl.ufo\/glyphs\/percent.glif":"\/maetl.ufo\/glyphs\/percent.glif","\/maetl.ufo\/glyphs\/period.glif":"\/maetl.ufo\/glyphs\/period.glif","\/maetl.ufo\/glyphs\/periodcentered.glif":"\/maetl.ufo\/glyphs\/periodcentered.glif","\/maetl.ufo\/glyphs\/perthousand.glif":"\/maetl.ufo\/glyphs\/perthousand.glif","\/maetl.ufo\/glyphs\/pi.glif":"\/maetl.ufo\/glyphs\/pi.glif","\/maetl.ufo\/glyphs\/plus.glif":"\/maetl.ufo\/glyphs\/plus.glif","\/maetl.ufo\/glyphs\/plusminus.glif":"\/maetl.ufo\/glyphs\/plusminus.glif","\/maetl.ufo\/glyphs\/product.glif":"\/maetl.ufo\/glyphs\/product.glif","\/maetl.ufo\/glyphs\/q.glif":"\/maetl.ufo\/glyphs\/q.glif","\/maetl.ufo\/glyphs\/question.glif":"\/maetl.ufo\/glyphs\/question.glif","\/maetl.ufo\/glyphs\/questiondown.glif":"\/maetl.ufo\/glyphs\/questiondown.glif","\/maetl.ufo\/glyphs\/quotedbl.glif":"\/maetl.ufo\/glyphs\/quotedbl.glif","\/maetl.ufo\/glyphs\/quotedblbase.glif":"\/maetl.ufo\/glyphs\/quotedblbase.glif","\/maetl.ufo\/glyphs\/quotedblleft.glif":"\/maetl.ufo\/glyphs\/quotedblleft.glif","\/maetl.ufo\/glyphs\/quotedblright.glif":"\/maetl.ufo\/glyphs\/quotedblright.glif","\/maetl.ufo\/glyphs\/quoteleft.glif":"\/maetl.ufo\/glyphs\/quoteleft.glif","\/maetl.ufo\/glyphs\/quoteright.glif":"\/maetl.ufo\/glyphs\/quoteright.glif","\/maetl.ufo\/glyphs\/quotesinglbase.glif":"\/maetl.ufo\/glyphs\/quotesinglbase.glif","\/maetl.ufo\/glyphs\/quotesingle.glif":"\/maetl.ufo\/glyphs\/quotesingle.glif","\/maetl.ufo\/glyphs\/r.glif":"\/maetl.ufo\/glyphs\/r.glif","\/maetl.ufo\/glyphs\/radical.glif":"\/maetl.ufo\/glyphs\/radical.glif","\/maetl.ufo\/glyphs\/registered.glif":"\/maetl.ufo\/glyphs\/registered.glif","\/maetl.ufo\/glyphs\/ring.glif":"\/maetl.ufo\/glyphs\/ring.glif","\/maetl.ufo\/glyphs\/s.glif":"\/maetl.ufo\/glyphs\/s.glif","\/maetl.ufo\/glyphs\/scaron.glif":"\/maetl.ufo\/glyphs\/scaron.glif","\/maetl.ufo\/glyphs\/section.glif":"\/maetl.ufo\/glyphs\/section.glif","\/maetl.ufo\/glyphs\/semicolon.glif":"\/maetl.ufo\/glyphs\/semicolon.glif","\/maetl.ufo\/glyphs\/seven.glif":"\/maetl.ufo\/glyphs\/seven.glif","\/maetl.ufo\/glyphs\/six.glif":"\/maetl.ufo\/glyphs\/six.glif","\/maetl.ufo\/glyphs\/slash.glif":"\/maetl.ufo\/glyphs\/slash.glif","\/maetl.ufo\/glyphs\/space.glif":"\/maetl.ufo\/glyphs\/space.glif","\/maetl.ufo\/glyphs\/sterling.glif":"\/maetl.ufo\/glyphs\/sterling.glif","\/maetl.ufo\/glyphs\/summation.glif":"\/maetl.ufo\/glyphs\/summation.glif","\/maetl.ufo\/glyphs\/t.glif":"\/maetl.ufo\/glyphs\/t.glif","\/maetl.ufo\/glyphs\/thorn.glif":"\/maetl.ufo\/glyphs\/thorn.glif","\/maetl.ufo\/glyphs\/three.glif":"\/maetl.ufo\/glyphs\/three.glif","\/maetl.ufo\/glyphs\/tilde.glif":"\/maetl.ufo\/glyphs\/tilde.glif","\/maetl.ufo\/glyphs\/trademark.glif":"\/maetl.ufo\/glyphs\/trademark.glif","\/maetl.ufo\/glyphs\/two.glif":"\/maetl.ufo\/glyphs\/two.glif","\/maetl.ufo\/glyphs\/u.glif":"\/maetl.ufo\/glyphs\/u.glif","\/maetl.ufo\/glyphs\/uacute.glif":"\/maetl.ufo\/glyphs\/uacute.glif","\/maetl.ufo\/glyphs\/ucircumflex.glif":"\/maetl.ufo\/glyphs\/ucircumflex.glif","\/maetl.ufo\/glyphs\/udieresis.glif":"\/maetl.ufo\/glyphs\/udieresis.glif","\/maetl.ufo\/glyphs\/ugrave.glif":"\/maetl.ufo\/glyphs\/ugrave.glif","\/maetl.ufo\/glyphs\/underscore.glif":"\/maetl.ufo\/glyphs\/underscore.glif","\/maetl.ufo\/glyphs\/v.glif":"\/maetl.ufo\/glyphs\/v.glif","\/maetl.ufo\/glyphs\/w.glif":"\/maetl.ufo\/glyphs\/w.glif","\/maetl.ufo\/glyphs\/x.glif":"\/maetl.ufo\/glyphs\/x.glif","\/maetl.ufo\/glyphs\/y.glif":"\/maetl.ufo\/glyphs\/y.glif","\/maetl.ufo\/glyphs\/yacute.glif":"\/maetl.ufo\/glyphs\/yacute.glif","\/maetl.ufo\/glyphs\/ydieresis.glif":"\/maetl.ufo\/glyphs\/ydieresis.glif","\/maetl.ufo\/glyphs\/yen.glif":"\/maetl.ufo\/glyphs\/yen.glif","\/maetl.ufo\/glyphs\/z.glif":"\/maetl.ufo\/glyphs\/z.glif","\/maetl.ufo\/glyphs\/zcaron.glif":"\/maetl.ufo\/glyphs\/zcaron.glif","\/maetl.ufo\/glyphs\/zero.glif":"\/maetl.ufo\/glyphs\/zero.glif"},"Font":{"uploaded":1476874872.717,"licence":"gpl3","company":"Chronolabs Cooperative","title":"Maetl","version":3.002,"date":"Sat Oct 15 02:19:02 2016","creator":"root","type":"1","matrix":"0.001 0 0 0.001 0 0","named":"Maetl","painttype":"0","info":"10 dict dup","name":"Maetl","family":"Maetl","weight":"Book","fstype":"0","italicangle":"0","underlineposition":"","underlinethickness":""},"Licences":{"":false},"Table":{"FFTM":{"entryLength":16,"tag":"FFTM","checksum":1955371132,"offset":16644,"length":28},"GDEF":{"entryLength":16,"tag":"GDEF","checksum":19005444,"offset":16612,"length":32},"OS\/2":{"entryLength":16,"tag":"OS\/2","checksum":2002467862,"offset":344,"length":86},"cmap":{"entryLength":16,"tag":"cmap","checksum":967713186,"offset":1412,"length":688},"gasp":{"entryLength":16,"tag":"gasp","checksum":4294901763,"offset":16604,"length":8},"glyf":{"entryLength":16,"tag":"glyf","checksum":3070713627,"offset":2592,"length":12660},"head":{"entryLength":16,"tag":"head","checksum":192110186,"offset":220,"length":54},"hhea":{"entryLength":16,"tag":"hhea","checksum":143328468,"offset":276,"length":36},"hmtx":{"entryLength":16,"tag":"hmtx","checksum":3103997670,"offset":432,"length":980},"loca":{"entryLength":16,"tag":"loca","checksum":3039019346,"offset":2100,"length":492},"maxp":{"entryLength":16,"tag":"maxp","checksum":21233932,"offset":312,"length":32},"name":{"entryLength":16,"tag":"name","checksum":2296827579,"offset":15252,"length":804},"post":{"entryLength":16,"tag":"post","checksum":569415561,"offset":16056,"length":545}},"UnicodeCharMap":{"0":188,"13":194,"32":3,"33":4,"34":5,"35":6,"36":7,"37":8,"38":9,"39":10,"40":11,"41":12,"42":13,"43":14,"44":15,"45":16,"46":17,"47":18,"48":19,"49":20,"50":21,"51":22,"52":23,"53":24,"54":25,"55":26,"56":27,"57":28,"58":29,"59":30,"60":31,"61":32,"62":33,"63":34,"64":35,"65":36,"66":37,"67":38,"68":39,"69":40,"70":41,"71":42,"72":43,"73":44,"74":45,"75":46,"76":47,"77":48,"78":49,"79":50,"80":51,"81":52,"82":53,"83":54,"84":55,"85":56,"86":57,"87":58,"88":59,"89":60,"90":61,"91":62,"92":63,"93":64,"94":65,"95":66,"96":67,"97":68,"98":69,"99":70,"100":71,"101":72,"102":73,"103":74,"104":75,"105":76,"106":77,"107":78,"108":79,"109":80,"110":81,"111":82,"112":83,"113":84,"114":85,"115":86,"116":87,"117":88,"118":89,"119":90,"120":91,"121":92,"122":93,"123":94,"124":95,"125":96,"126":97,"160":98,"161":99,"162":100,"163":101,"164":102,"165":103,"166":104,"167":105,"168":106,"169":107,"170":108,"171":109,"172":110,"174":112,"175":113,"176":114,"177":115,"180":116,"182":118,"183":119,"184":120,"186":121,"187":122,"191":123,"192":124,"193":125,"194":126,"195":127,"196":128,"197":129,"198":130,"199":131,"200":132,"201":133,"202":134,"203":135,"204":136,"205":137,"206":138,"207":139,"208":140,"209":141,"210":142,"211":143,"212":144,"213":145,"214":146,"215":147,"216":148,"217":149,"218":150,"219":151,"220":152,"221":153,"222":154,"223":155,"224":156,"225":157,"226":158,"227":159,"228":160,"229":161,"230":162,"231":163,"232":164,"233":165,"234":166,"235":167,"236":168,"237":169,"238":170,"239":171,"240":172,"241":173,"242":174,"243":175,"244":176,"245":177,"246":178,"247":179,"248":180,"249":181,"250":182,"251":183,"252":184,"253":185,"254":186,"255":187,"305":236,"321":189,"322":190,"338":216,"339":217,"352":191,"353":192,"376":225,"381":195,"382":196,"402":212,"710":237,"711":244,"728":239,"729":240,"730":241,"731":243,"732":238,"733":242,"916":214,"937":210,"956":117,"960":208,"8211":218,"8212":219,"8216":222,"8217":223,"8218":232,"8220":220,"8221":221,"8222":233,"8224":198,"8225":231,"8226":199,"8230":215,"8240":234,"8249":227,"8250":228,"8260":226,"8482":200,"8706":205,"8719":207,"8721":206,"8722":111,"8730":211,"8734":202,"8747":209,"8776":213,"8800":201,"8804":203,"8805":204,"9674":224,"64257":229,"64258":230},"Reserves":{"fontname":"Maetl"},"Names":{"Maetl":{"name":"Maetl","longitude":"0.00000001","latitude":"0.00000001","country":"","region":"","city":""}},"Nodes":{"ma":{"type":"typal","node":"ma","usage":1,"weight":1},"tl":{"type":"typal","node":"tl","usage":1,"weight":1},"mae":{"type":"typal","node":"mae","usage":1,"weight":1},"etl":{"type":"typal","node":"etl","usage":1,"weight":1},"maet":{"type":"keys","node":"maet","usage":1,"weight":1},"aetl":{"type":"keys","node":"aetl","usage":1,"weight":1},"maetl":{"type":"fixes","node":"maetl","usage":1,"weight":1}},"Contributors":[],"FontIdentity":"thatcher0:36ef92ad58d27d8f0f07ad","Bytes":null,"Networking":[],"barcode":"12uawaqygwamou","referee":"k5oeqgy"}