{"CSS":{"Casad-Light":"Casad-Light.css","Casad Light":"aphgovau:56eb5a6ceb657a02393c518.css"},"FontType":"TrueType","FontCopyright":"(C) 1993 B & P Graphics, Ltd.","FontName":"Casad-Light","FontSubfamily":"Light","FontSubfamilyID":"FontForge 2.0 : Casad-Light : 28-8-2016","FontFullName":"Casad Light","FontVersion":"Version B & P Graphics Ltd.: ","FontWeight":null,"FontPostscriptName":"Casad-Light","Files":{"\/Casad-Light.css":"\/Casad-Light.css","\/casad-light.afm":"\/casad-light.afm","\/casad-light.cef":"\/casad-light.cef","\/casad-light.cff":"\/casad-light.cff","\/casad-light.eot":"\/casad-light.eot","\/casad-light.gai":"\/casad-light.gai","\/casad-light.gsf":"\/casad-light.gsf","\/casad-light.otf":"\/casad-light.otf","\/casad-light.pf3":"\/casad-light.pf3","\/casad-light.pfa":"\/casad-light.pfa","\/casad-light.pfb":"\/casad-light.pfb","\/casad-light.php":"\/casad-light.php","\/casad-light.pt3":"\/casad-light.pt3","\/casad-light.sfd":"\/casad-light.sfd","\/casad-light.svg":"\/casad-light.svg","\/casad-light.t42":"\/casad-light.t42","\/casad-light.ttd":"\/casad-light.ttd","\/casad-light.ttf":"\/casad-light.ttf","\/casad-light.ttg":"\/casad-light.ttg","\/casad-light.ufm":"\/casad-light.ufm","\/casad-light.woff":"\/casad-light.woff","\/casad-light.z":"\/casad-light.z","\/font-resource.json":"\/font-resource.json","\/casad-light.ufo\/feature.fea":"\/casad-light.ufo\/feature.fea","\/casad-light.ufo\/fontinfo.plist":"\/casad-light.ufo\/fontinfo.plist","\/casad-light.ufo\/groups.plist":"\/casad-light.ufo\/groups.plist","\/casad-light.ufo\/kerning.plist":"\/casad-light.ufo\/kerning.plist","\/casad-light.ufo\/metainfo.plist":"\/casad-light.ufo\/metainfo.plist","\/casad-light.ufo\/glyphs\/A_.glif":"\/casad-light.ufo\/glyphs\/A_.glif","\/casad-light.ufo\/glyphs\/A_E_.glif":"\/casad-light.ufo\/glyphs\/A_E_.glif","\/casad-light.ufo\/glyphs\/A_acute.glif":"\/casad-light.ufo\/glyphs\/A_acute.glif","\/casad-light.ufo\/glyphs\/A_circumflex.glif":"\/casad-light.ufo\/glyphs\/A_circumflex.glif","\/casad-light.ufo\/glyphs\/A_dieresis.glif":"\/casad-light.ufo\/glyphs\/A_dieresis.glif","\/casad-light.ufo\/glyphs\/A_grave.glif":"\/casad-light.ufo\/glyphs\/A_grave.glif","\/casad-light.ufo\/glyphs\/A_ring.glif":"\/casad-light.ufo\/glyphs\/A_ring.glif","\/casad-light.ufo\/glyphs\/A_tilde.glif":"\/casad-light.ufo\/glyphs\/A_tilde.glif","\/casad-light.ufo\/glyphs\/B_.glif":"\/casad-light.ufo\/glyphs\/B_.glif","\/casad-light.ufo\/glyphs\/C_.glif":"\/casad-light.ufo\/glyphs\/C_.glif","\/casad-light.ufo\/glyphs\/C_cedilla.glif":"\/casad-light.ufo\/glyphs\/C_cedilla.glif","\/casad-light.ufo\/glyphs\/D_.glif":"\/casad-light.ufo\/glyphs\/D_.glif","\/casad-light.ufo\/glyphs\/D_elta.glif":"\/casad-light.ufo\/glyphs\/D_elta.glif","\/casad-light.ufo\/glyphs\/E_.glif":"\/casad-light.ufo\/glyphs\/E_.glif","\/casad-light.ufo\/glyphs\/E_acute.glif":"\/casad-light.ufo\/glyphs\/E_acute.glif","\/casad-light.ufo\/glyphs\/E_circumflex.glif":"\/casad-light.ufo\/glyphs\/E_circumflex.glif","\/casad-light.ufo\/glyphs\/E_dieresis.glif":"\/casad-light.ufo\/glyphs\/E_dieresis.glif","\/casad-light.ufo\/glyphs\/E_grave.glif":"\/casad-light.ufo\/glyphs\/E_grave.glif","\/casad-light.ufo\/glyphs\/F_.glif":"\/casad-light.ufo\/glyphs\/F_.glif","\/casad-light.ufo\/glyphs\/G_.glif":"\/casad-light.ufo\/glyphs\/G_.glif","\/casad-light.ufo\/glyphs\/H_.glif":"\/casad-light.ufo\/glyphs\/H_.glif","\/casad-light.ufo\/glyphs\/I_.glif":"\/casad-light.ufo\/glyphs\/I_.glif","\/casad-light.ufo\/glyphs\/I_acute.glif":"\/casad-light.ufo\/glyphs\/I_acute.glif","\/casad-light.ufo\/glyphs\/I_circumflex.glif":"\/casad-light.ufo\/glyphs\/I_circumflex.glif","\/casad-light.ufo\/glyphs\/I_dieresis.glif":"\/casad-light.ufo\/glyphs\/I_dieresis.glif","\/casad-light.ufo\/glyphs\/I_grave.glif":"\/casad-light.ufo\/glyphs\/I_grave.glif","\/casad-light.ufo\/glyphs\/J_.glif":"\/casad-light.ufo\/glyphs\/J_.glif","\/casad-light.ufo\/glyphs\/K_.glif":"\/casad-light.ufo\/glyphs\/K_.glif","\/casad-light.ufo\/glyphs\/L_.glif":"\/casad-light.ufo\/glyphs\/L_.glif","\/casad-light.ufo\/glyphs\/M_.glif":"\/casad-light.ufo\/glyphs\/M_.glif","\/casad-light.ufo\/glyphs\/N_.glif":"\/casad-light.ufo\/glyphs\/N_.glif","\/casad-light.ufo\/glyphs\/N_tilde.glif":"\/casad-light.ufo\/glyphs\/N_tilde.glif","\/casad-light.ufo\/glyphs\/O_.glif":"\/casad-light.ufo\/glyphs\/O_.glif","\/casad-light.ufo\/glyphs\/O_E_.glif":"\/casad-light.ufo\/glyphs\/O_E_.glif","\/casad-light.ufo\/glyphs\/O_acute.glif":"\/casad-light.ufo\/glyphs\/O_acute.glif","\/casad-light.ufo\/glyphs\/O_circumflex.glif":"\/casad-light.ufo\/glyphs\/O_circumflex.glif","\/casad-light.ufo\/glyphs\/O_dieresis.glif":"\/casad-light.ufo\/glyphs\/O_dieresis.glif","\/casad-light.ufo\/glyphs\/O_grave.glif":"\/casad-light.ufo\/glyphs\/O_grave.glif","\/casad-light.ufo\/glyphs\/O_mega.glif":"\/casad-light.ufo\/glyphs\/O_mega.glif","\/casad-light.ufo\/glyphs\/O_slash.glif":"\/casad-light.ufo\/glyphs\/O_slash.glif","\/casad-light.ufo\/glyphs\/O_tilde.glif":"\/casad-light.ufo\/glyphs\/O_tilde.glif","\/casad-light.ufo\/glyphs\/P_.glif":"\/casad-light.ufo\/glyphs\/P_.glif","\/casad-light.ufo\/glyphs\/Q_.glif":"\/casad-light.ufo\/glyphs\/Q_.glif","\/casad-light.ufo\/glyphs\/R_.glif":"\/casad-light.ufo\/glyphs\/R_.glif","\/casad-light.ufo\/glyphs\/S_.glif":"\/casad-light.ufo\/glyphs\/S_.glif","\/casad-light.ufo\/glyphs\/T_.glif":"\/casad-light.ufo\/glyphs\/T_.glif","\/casad-light.ufo\/glyphs\/U_.glif":"\/casad-light.ufo\/glyphs\/U_.glif","\/casad-light.ufo\/glyphs\/U_acute.glif":"\/casad-light.ufo\/glyphs\/U_acute.glif","\/casad-light.ufo\/glyphs\/U_circumflex.glif":"\/casad-light.ufo\/glyphs\/U_circumflex.glif","\/casad-light.ufo\/glyphs\/U_dieresis.glif":"\/casad-light.ufo\/glyphs\/U_dieresis.glif","\/casad-light.ufo\/glyphs\/U_grave.glif":"\/casad-light.ufo\/glyphs\/U_grave.glif","\/casad-light.ufo\/glyphs\/V_.glif":"\/casad-light.ufo\/glyphs\/V_.glif","\/casad-light.ufo\/glyphs\/W_.glif":"\/casad-light.ufo\/glyphs\/W_.glif","\/casad-light.ufo\/glyphs\/X_.glif":"\/casad-light.ufo\/glyphs\/X_.glif","\/casad-light.ufo\/glyphs\/Y_.glif":"\/casad-light.ufo\/glyphs\/Y_.glif","\/casad-light.ufo\/glyphs\/Y_dieresis.glif":"\/casad-light.ufo\/glyphs\/Y_dieresis.glif","\/casad-light.ufo\/glyphs\/Z_.glif":"\/casad-light.ufo\/glyphs\/Z_.glif","\/casad-light.ufo\/glyphs\/_notdef.glif":"\/casad-light.ufo\/glyphs\/_notdef.glif","\/casad-light.ufo\/glyphs\/_null.glif":"\/casad-light.ufo\/glyphs\/_null.glif","\/casad-light.ufo\/glyphs\/a.glif":"\/casad-light.ufo\/glyphs\/a.glif","\/casad-light.ufo\/glyphs\/aacute.glif":"\/casad-light.ufo\/glyphs\/aacute.glif","\/casad-light.ufo\/glyphs\/acircumflex.glif":"\/casad-light.ufo\/glyphs\/acircumflex.glif","\/casad-light.ufo\/glyphs\/acute.glif":"\/casad-light.ufo\/glyphs\/acute.glif","\/casad-light.ufo\/glyphs\/adieresis.glif":"\/casad-light.ufo\/glyphs\/adieresis.glif","\/casad-light.ufo\/glyphs\/ae.glif":"\/casad-light.ufo\/glyphs\/ae.glif","\/casad-light.ufo\/glyphs\/agrave.glif":"\/casad-light.ufo\/glyphs\/agrave.glif","\/casad-light.ufo\/glyphs\/ampersand.glif":"\/casad-light.ufo\/glyphs\/ampersand.glif","\/casad-light.ufo\/glyphs\/apple.glif":"\/casad-light.ufo\/glyphs\/apple.glif","\/casad-light.ufo\/glyphs\/approxequal.glif":"\/casad-light.ufo\/glyphs\/approxequal.glif","\/casad-light.ufo\/glyphs\/aring.glif":"\/casad-light.ufo\/glyphs\/aring.glif","\/casad-light.ufo\/glyphs\/asciicircum.glif":"\/casad-light.ufo\/glyphs\/asciicircum.glif","\/casad-light.ufo\/glyphs\/asciitilde.glif":"\/casad-light.ufo\/glyphs\/asciitilde.glif","\/casad-light.ufo\/glyphs\/asterisk.glif":"\/casad-light.ufo\/glyphs\/asterisk.glif","\/casad-light.ufo\/glyphs\/at.glif":"\/casad-light.ufo\/glyphs\/at.glif","\/casad-light.ufo\/glyphs\/atilde.glif":"\/casad-light.ufo\/glyphs\/atilde.glif","\/casad-light.ufo\/glyphs\/b.glif":"\/casad-light.ufo\/glyphs\/b.glif","\/casad-light.ufo\/glyphs\/backslash.glif":"\/casad-light.ufo\/glyphs\/backslash.glif","\/casad-light.ufo\/glyphs\/bar.glif":"\/casad-light.ufo\/glyphs\/bar.glif","\/casad-light.ufo\/glyphs\/braceleft.glif":"\/casad-light.ufo\/glyphs\/braceleft.glif","\/casad-light.ufo\/glyphs\/braceright.glif":"\/casad-light.ufo\/glyphs\/braceright.glif","\/casad-light.ufo\/glyphs\/bracketleft.glif":"\/casad-light.ufo\/glyphs\/bracketleft.glif","\/casad-light.ufo\/glyphs\/bracketright.glif":"\/casad-light.ufo\/glyphs\/bracketright.glif","\/casad-light.ufo\/glyphs\/breve.glif":"\/casad-light.ufo\/glyphs\/breve.glif","\/casad-light.ufo\/glyphs\/bullet.glif":"\/casad-light.ufo\/glyphs\/bullet.glif","\/casad-light.ufo\/glyphs\/c.glif":"\/casad-light.ufo\/glyphs\/c.glif","\/casad-light.ufo\/glyphs\/c128.glif":"\/casad-light.ufo\/glyphs\/c128.glif","\/casad-light.ufo\/glyphs\/c293.glif":"\/casad-light.ufo\/glyphs\/c293.glif","\/casad-light.ufo\/glyphs\/c294.glif":"\/casad-light.ufo\/glyphs\/c294.glif","\/casad-light.ufo\/glyphs\/c295.glif":"\/casad-light.ufo\/glyphs\/c295.glif","\/casad-light.ufo\/glyphs\/c296.glif":"\/casad-light.ufo\/glyphs\/c296.glif","\/casad-light.ufo\/glyphs\/caron.glif":"\/casad-light.ufo\/glyphs\/caron.glif","\/casad-light.ufo\/glyphs\/ccedilla.glif":"\/casad-light.ufo\/glyphs\/ccedilla.glif","\/casad-light.ufo\/glyphs\/cedilla.glif":"\/casad-light.ufo\/glyphs\/cedilla.glif","\/casad-light.ufo\/glyphs\/cent.glif":"\/casad-light.ufo\/glyphs\/cent.glif","\/casad-light.ufo\/glyphs\/circumflex.glif":"\/casad-light.ufo\/glyphs\/circumflex.glif","\/casad-light.ufo\/glyphs\/colon.glif":"\/casad-light.ufo\/glyphs\/colon.glif","\/casad-light.ufo\/glyphs\/comma.glif":"\/casad-light.ufo\/glyphs\/comma.glif","\/casad-light.ufo\/glyphs\/contents.plist":"\/casad-light.ufo\/glyphs\/contents.plist","\/casad-light.ufo\/glyphs\/copyright.glif":"\/casad-light.ufo\/glyphs\/copyright.glif","\/casad-light.ufo\/glyphs\/currency.glif":"\/casad-light.ufo\/glyphs\/currency.glif","\/casad-light.ufo\/glyphs\/d.glif":"\/casad-light.ufo\/glyphs\/d.glif","\/casad-light.ufo\/glyphs\/dagger.glif":"\/casad-light.ufo\/glyphs\/dagger.glif","\/casad-light.ufo\/glyphs\/daggerdbl.glif":"\/casad-light.ufo\/glyphs\/daggerdbl.glif","\/casad-light.ufo\/glyphs\/dieresis.glif":"\/casad-light.ufo\/glyphs\/dieresis.glif","\/casad-light.ufo\/glyphs\/divide.glif":"\/casad-light.ufo\/glyphs\/divide.glif","\/casad-light.ufo\/glyphs\/dollar.glif":"\/casad-light.ufo\/glyphs\/dollar.glif","\/casad-light.ufo\/glyphs\/dotaccent.glif":"\/casad-light.ufo\/glyphs\/dotaccent.glif","\/casad-light.ufo\/glyphs\/dotlessi.glif":"\/casad-light.ufo\/glyphs\/dotlessi.glif","\/casad-light.ufo\/glyphs\/e.glif":"\/casad-light.ufo\/glyphs\/e.glif","\/casad-light.ufo\/glyphs\/eacute.glif":"\/casad-light.ufo\/glyphs\/eacute.glif","\/casad-light.ufo\/glyphs\/ecircumflex.glif":"\/casad-light.ufo\/glyphs\/ecircumflex.glif","\/casad-light.ufo\/glyphs\/edieresis.glif":"\/casad-light.ufo\/glyphs\/edieresis.glif","\/casad-light.ufo\/glyphs\/egrave.glif":"\/casad-light.ufo\/glyphs\/egrave.glif","\/casad-light.ufo\/glyphs\/eight.glif":"\/casad-light.ufo\/glyphs\/eight.glif","\/casad-light.ufo\/glyphs\/ellipsis.glif":"\/casad-light.ufo\/glyphs\/ellipsis.glif","\/casad-light.ufo\/glyphs\/emdash.glif":"\/casad-light.ufo\/glyphs\/emdash.glif","\/casad-light.ufo\/glyphs\/endash.glif":"\/casad-light.ufo\/glyphs\/endash.glif","\/casad-light.ufo\/glyphs\/equal.glif":"\/casad-light.ufo\/glyphs\/equal.glif","\/casad-light.ufo\/glyphs\/exclam.glif":"\/casad-light.ufo\/glyphs\/exclam.glif","\/casad-light.ufo\/glyphs\/exclamdown.glif":"\/casad-light.ufo\/glyphs\/exclamdown.glif","\/casad-light.ufo\/glyphs\/f.glif":"\/casad-light.ufo\/glyphs\/f.glif","\/casad-light.ufo\/glyphs\/fi.glif":"\/casad-light.ufo\/glyphs\/fi.glif","\/casad-light.ufo\/glyphs\/five.glif":"\/casad-light.ufo\/glyphs\/five.glif","\/casad-light.ufo\/glyphs\/fl.glif":"\/casad-light.ufo\/glyphs\/fl.glif","\/casad-light.ufo\/glyphs\/florin.glif":"\/casad-light.ufo\/glyphs\/florin.glif","\/casad-light.ufo\/glyphs\/four.glif":"\/casad-light.ufo\/glyphs\/four.glif","\/casad-light.ufo\/glyphs\/fraction.glif":"\/casad-light.ufo\/glyphs\/fraction.glif","\/casad-light.ufo\/glyphs\/g.glif":"\/casad-light.ufo\/glyphs\/g.glif","\/casad-light.ufo\/glyphs\/germandbls.glif":"\/casad-light.ufo\/glyphs\/germandbls.glif","\/casad-light.ufo\/glyphs\/grave.glif":"\/casad-light.ufo\/glyphs\/grave.glif","\/casad-light.ufo\/glyphs\/greater.glif":"\/casad-light.ufo\/glyphs\/greater.glif","\/casad-light.ufo\/glyphs\/greaterequal.glif":"\/casad-light.ufo\/glyphs\/greaterequal.glif","\/casad-light.ufo\/glyphs\/guillemotleft.glif":"\/casad-light.ufo\/glyphs\/guillemotleft.glif","\/casad-light.ufo\/glyphs\/guillemotright.glif":"\/casad-light.ufo\/glyphs\/guillemotright.glif","\/casad-light.ufo\/glyphs\/guilsinglleft.glif":"\/casad-light.ufo\/glyphs\/guilsinglleft.glif","\/casad-light.ufo\/glyphs\/guilsinglright.glif":"\/casad-light.ufo\/glyphs\/guilsinglright.glif","\/casad-light.ufo\/glyphs\/h.glif":"\/casad-light.ufo\/glyphs\/h.glif","\/casad-light.ufo\/glyphs\/hungarumlaut.glif":"\/casad-light.ufo\/glyphs\/hungarumlaut.glif","\/casad-light.ufo\/glyphs\/hyphen.glif":"\/casad-light.ufo\/glyphs\/hyphen.glif","\/casad-light.ufo\/glyphs\/i.glif":"\/casad-light.ufo\/glyphs\/i.glif","\/casad-light.ufo\/glyphs\/iacute.glif":"\/casad-light.ufo\/glyphs\/iacute.glif","\/casad-light.ufo\/glyphs\/icircumflex.glif":"\/casad-light.ufo\/glyphs\/icircumflex.glif","\/casad-light.ufo\/glyphs\/idieresis.glif":"\/casad-light.ufo\/glyphs\/idieresis.glif","\/casad-light.ufo\/glyphs\/igrave.glif":"\/casad-light.ufo\/glyphs\/igrave.glif","\/casad-light.ufo\/glyphs\/infinity.glif":"\/casad-light.ufo\/glyphs\/infinity.glif","\/casad-light.ufo\/glyphs\/integral.glif":"\/casad-light.ufo\/glyphs\/integral.glif","\/casad-light.ufo\/glyphs\/j.glif":"\/casad-light.ufo\/glyphs\/j.glif","\/casad-light.ufo\/glyphs\/k.glif":"\/casad-light.ufo\/glyphs\/k.glif","\/casad-light.ufo\/glyphs\/l.glif":"\/casad-light.ufo\/glyphs\/l.glif","\/casad-light.ufo\/glyphs\/less.glif":"\/casad-light.ufo\/glyphs\/less.glif","\/casad-light.ufo\/glyphs\/lessequal.glif":"\/casad-light.ufo\/glyphs\/lessequal.glif","\/casad-light.ufo\/glyphs\/logicalnot.glif":"\/casad-light.ufo\/glyphs\/logicalnot.glif","\/casad-light.ufo\/glyphs\/lozenge.glif":"\/casad-light.ufo\/glyphs\/lozenge.glif","\/casad-light.ufo\/glyphs\/m.glif":"\/casad-light.ufo\/glyphs\/m.glif","\/casad-light.ufo\/glyphs\/macron.glif":"\/casad-light.ufo\/glyphs\/macron.glif","\/casad-light.ufo\/glyphs\/mu.glif":"\/casad-light.ufo\/glyphs\/mu.glif","\/casad-light.ufo\/glyphs\/n.glif":"\/casad-light.ufo\/glyphs\/n.glif","\/casad-light.ufo\/glyphs\/nine.glif":"\/casad-light.ufo\/glyphs\/nine.glif","\/casad-light.ufo\/glyphs\/nonbreakingspace.glif":"\/casad-light.ufo\/glyphs\/nonbreakingspace.glif","\/casad-light.ufo\/glyphs\/nonmarkingreturn.glif":"\/casad-light.ufo\/glyphs\/nonmarkingreturn.glif","\/casad-light.ufo\/glyphs\/notequal.glif":"\/casad-light.ufo\/glyphs\/notequal.glif","\/casad-light.ufo\/glyphs\/ntilde.glif":"\/casad-light.ufo\/glyphs\/ntilde.glif","\/casad-light.ufo\/glyphs\/numbersign.glif":"\/casad-light.ufo\/glyphs\/numbersign.glif","\/casad-light.ufo\/glyphs\/o.glif":"\/casad-light.ufo\/glyphs\/o.glif","\/casad-light.ufo\/glyphs\/oacute.glif":"\/casad-light.ufo\/glyphs\/oacute.glif","\/casad-light.ufo\/glyphs\/ocircumflex.glif":"\/casad-light.ufo\/glyphs\/ocircumflex.glif","\/casad-light.ufo\/glyphs\/odieresis.glif":"\/casad-light.ufo\/glyphs\/odieresis.glif","\/casad-light.ufo\/glyphs\/oe.glif":"\/casad-light.ufo\/glyphs\/oe.glif","\/casad-light.ufo\/glyphs\/ogonek.glif":"\/casad-light.ufo\/glyphs\/ogonek.glif","\/casad-light.ufo\/glyphs\/ograve.glif":"\/casad-light.ufo\/glyphs\/ograve.glif","\/casad-light.ufo\/glyphs\/one.glif":"\/casad-light.ufo\/glyphs\/one.glif","\/casad-light.ufo\/glyphs\/ordfeminine.glif":"\/casad-light.ufo\/glyphs\/ordfeminine.glif","\/casad-light.ufo\/glyphs\/ordmasculine.glif":"\/casad-light.ufo\/glyphs\/ordmasculine.glif","\/casad-light.ufo\/glyphs\/oslash.glif":"\/casad-light.ufo\/glyphs\/oslash.glif","\/casad-light.ufo\/glyphs\/otilde.glif":"\/casad-light.ufo\/glyphs\/otilde.glif","\/casad-light.ufo\/glyphs\/p.glif":"\/casad-light.ufo\/glyphs\/p.glif","\/casad-light.ufo\/glyphs\/paragraph.glif":"\/casad-light.ufo\/glyphs\/paragraph.glif","\/casad-light.ufo\/glyphs\/parenleft.glif":"\/casad-light.ufo\/glyphs\/parenleft.glif","\/casad-light.ufo\/glyphs\/parenright.glif":"\/casad-light.ufo\/glyphs\/parenright.glif","\/casad-light.ufo\/glyphs\/partialdiff.glif":"\/casad-light.ufo\/glyphs\/partialdiff.glif","\/casad-light.ufo\/glyphs\/percent.glif":"\/casad-light.ufo\/glyphs\/percent.glif","\/casad-light.ufo\/glyphs\/period.glif":"\/casad-light.ufo\/glyphs\/period.glif","\/casad-light.ufo\/glyphs\/periodcentered.glif":"\/casad-light.ufo\/glyphs\/periodcentered.glif","\/casad-light.ufo\/glyphs\/perthousand.glif":"\/casad-light.ufo\/glyphs\/perthousand.glif","\/casad-light.ufo\/glyphs\/pi.glif":"\/casad-light.ufo\/glyphs\/pi.glif","\/casad-light.ufo\/glyphs\/plus.glif":"\/casad-light.ufo\/glyphs\/plus.glif","\/casad-light.ufo\/glyphs\/plusminus.glif":"\/casad-light.ufo\/glyphs\/plusminus.glif","\/casad-light.ufo\/glyphs\/product.glif":"\/casad-light.ufo\/glyphs\/product.glif","\/casad-light.ufo\/glyphs\/q.glif":"\/casad-light.ufo\/glyphs\/q.glif","\/casad-light.ufo\/glyphs\/question.glif":"\/casad-light.ufo\/glyphs\/question.glif","\/casad-light.ufo\/glyphs\/questiondown.glif":"\/casad-light.ufo\/glyphs\/questiondown.glif","\/casad-light.ufo\/glyphs\/quotedbl.glif":"\/casad-light.ufo\/glyphs\/quotedbl.glif","\/casad-light.ufo\/glyphs\/quotedblbase.glif":"\/casad-light.ufo\/glyphs\/quotedblbase.glif","\/casad-light.ufo\/glyphs\/quotedblleft.glif":"\/casad-light.ufo\/glyphs\/quotedblleft.glif","\/casad-light.ufo\/glyphs\/quotedblright.glif":"\/casad-light.ufo\/glyphs\/quotedblright.glif","\/casad-light.ufo\/glyphs\/quoteleft.glif":"\/casad-light.ufo\/glyphs\/quoteleft.glif","\/casad-light.ufo\/glyphs\/quoteright.glif":"\/casad-light.ufo\/glyphs\/quoteright.glif","\/casad-light.ufo\/glyphs\/quotesinglbase.glif":"\/casad-light.ufo\/glyphs\/quotesinglbase.glif","\/casad-light.ufo\/glyphs\/quotesingle.glif":"\/casad-light.ufo\/glyphs\/quotesingle.glif","\/casad-light.ufo\/glyphs\/r.glif":"\/casad-light.ufo\/glyphs\/r.glif","\/casad-light.ufo\/glyphs\/radical.glif":"\/casad-light.ufo\/glyphs\/radical.glif","\/casad-light.ufo\/glyphs\/registered.glif":"\/casad-light.ufo\/glyphs\/registered.glif","\/casad-light.ufo\/glyphs\/ring.glif":"\/casad-light.ufo\/glyphs\/ring.glif","\/casad-light.ufo\/glyphs\/s.glif":"\/casad-light.ufo\/glyphs\/s.glif","\/casad-light.ufo\/glyphs\/section.glif":"\/casad-light.ufo\/glyphs\/section.glif","\/casad-light.ufo\/glyphs\/semicolon.glif":"\/casad-light.ufo\/glyphs\/semicolon.glif","\/casad-light.ufo\/glyphs\/seven.glif":"\/casad-light.ufo\/glyphs\/seven.glif","\/casad-light.ufo\/glyphs\/six.glif":"\/casad-light.ufo\/glyphs\/six.glif","\/casad-light.ufo\/glyphs\/slash.glif":"\/casad-light.ufo\/glyphs\/slash.glif","\/casad-light.ufo\/glyphs\/space.glif":"\/casad-light.ufo\/glyphs\/space.glif","\/casad-light.ufo\/glyphs\/sterling.glif":"\/casad-light.ufo\/glyphs\/sterling.glif","\/casad-light.ufo\/glyphs\/summation.glif":"\/casad-light.ufo\/glyphs\/summation.glif","\/casad-light.ufo\/glyphs\/t.glif":"\/casad-light.ufo\/glyphs\/t.glif","\/casad-light.ufo\/glyphs\/three.glif":"\/casad-light.ufo\/glyphs\/three.glif","\/casad-light.ufo\/glyphs\/tilde.glif":"\/casad-light.ufo\/glyphs\/tilde.glif","\/casad-light.ufo\/glyphs\/trademark.glif":"\/casad-light.ufo\/glyphs\/trademark.glif","\/casad-light.ufo\/glyphs\/two.glif":"\/casad-light.ufo\/glyphs\/two.glif","\/casad-light.ufo\/glyphs\/u.glif":"\/casad-light.ufo\/glyphs\/u.glif","\/casad-light.ufo\/glyphs\/uacute.glif":"\/casad-light.ufo\/glyphs\/uacute.glif","\/casad-light.ufo\/glyphs\/ucircumflex.glif":"\/casad-light.ufo\/glyphs\/ucircumflex.glif","\/casad-light.ufo\/glyphs\/udieresis.glif":"\/casad-light.ufo\/glyphs\/udieresis.glif","\/casad-light.ufo\/glyphs\/ugrave.glif":"\/casad-light.ufo\/glyphs\/ugrave.glif","\/casad-light.ufo\/glyphs\/underscore.glif":"\/casad-light.ufo\/glyphs\/underscore.glif","\/casad-light.ufo\/glyphs\/v.glif":"\/casad-light.ufo\/glyphs\/v.glif","\/casad-light.ufo\/glyphs\/w.glif":"\/casad-light.ufo\/glyphs\/w.glif","\/casad-light.ufo\/glyphs\/x.glif":"\/casad-light.ufo\/glyphs\/x.glif","\/casad-light.ufo\/glyphs\/y.glif":"\/casad-light.ufo\/glyphs\/y.glif","\/casad-light.ufo\/glyphs\/ydieresis.glif":"\/casad-light.ufo\/glyphs\/ydieresis.glif","\/casad-light.ufo\/glyphs\/yen.glif":"\/casad-light.ufo\/glyphs\/yen.glif","\/casad-light.ufo\/glyphs\/z.glif":"\/casad-light.ufo\/glyphs\/z.glif","\/casad-light.ufo\/glyphs\/zero.glif":"\/casad-light.ufo\/glyphs\/zero.glif"},"Font":{"uploaded":1472585130.4451,"licence":"gpl3","company":"Chronolabs Cooperative","title":"Casad Light","version":3.002,"date":"Sun Aug 28 08:30:45 2016","creator":"root","type":"1","matrix":"0.001 0 0 0.001 0 0","named":"Casad-Light","painttype":"0","info":"10 dict dup","name":"Casad-Light","family":"Casad-Light","weight":"Thin","fstype":"0","italicangle":"0","underlineposition":"","underlinethickness":""},"Licences":{"":false},"Table":{"FFTM":{"entryLength":16,"tag":"FFTM","checksum":1947020538,"offset":33728,"length":28},"GDEF":{"entryLength":16,"tag":"GDEF","checksum":18087940,"offset":33696,"length":32},"OS\/2":{"entryLength":16,"tag":"OS\/2","checksum":1988114467,"offset":344,"length":86},"cmap":{"entryLength":16,"tag":"cmap","checksum":1906746283,"offset":1356,"length":734},"gasp":{"entryLength":16,"tag":"gasp","checksum":4294901763,"offset":33688,"length":8},"glyf":{"entryLength":16,"tag":"glyf","checksum":13884193,"offset":2556,"length":30008},"head":{"entryLength":16,"tag":"head","checksum":173731722,"offset":220,"length":54},"hhea":{"entryLength":16,"tag":"hhea","checksum":124191631,"offset":276,"length":36},"hmtx":{"entryLength":16,"tag":"hmtx","checksum":2976914195,"offset":432,"length":924},"loca":{"entryLength":16,"tag":"loca","checksum":2860828274,"offset":2092,"length":464},"maxp":{"entryLength":16,"tag":"maxp","checksum":20316450,"offset":312,"length":32},"name":{"entryLength":16,"tag":"name","checksum":1232750809,"offset":32564,"length":600},"post":{"entryLength":16,"tag":"post","checksum":2037542090,"offset":33164,"length":521}},"UnicodeCharMap":{"0":230,"13":2,"32":3,"33":4,"34":5,"35":6,"36":7,"37":8,"38":9,"39":10,"40":11,"41":12,"42":13,"43":14,"44":15,"45":16,"46":17,"47":18,"48":19,"49":20,"50":21,"51":22,"52":23,"53":24,"54":25,"55":26,"56":27,"57":28,"58":29,"59":30,"60":31,"61":32,"62":33,"63":34,"64":35,"65":36,"66":37,"67":38,"68":39,"69":40,"70":41,"71":42,"72":43,"73":44,"74":45,"75":46,"76":47,"77":48,"78":49,"79":50,"80":51,"81":52,"82":53,"83":54,"84":55,"85":56,"86":57,"87":58,"88":59,"89":60,"90":61,"91":62,"92":63,"93":64,"94":65,"95":66,"96":67,"97":68,"98":69,"99":70,"100":71,"101":72,"102":73,"103":74,"104":75,"105":76,"106":77,"107":78,"108":79,"109":80,"110":81,"111":82,"112":83,"113":84,"114":85,"115":86,"116":87,"117":88,"118":89,"119":90,"120":91,"121":92,"122":93,"123":94,"124":95,"125":96,"126":97,"160":119,"161":120,"162":121,"163":122,"164":123,"165":124,"167":125,"168":126,"169":127,"170":128,"171":129,"172":130,"174":131,"175":220,"177":132,"180":133,"182":135,"183":215,"184":136,"186":137,"187":138,"191":139,"192":140,"193":141,"194":142,"195":143,"196":144,"197":145,"198":146,"199":147,"200":148,"201":149,"202":150,"203":151,"204":152,"205":153,"206":154,"207":155,"209":156,"210":157,"211":158,"212":159,"213":160,"214":161,"216":162,"217":163,"218":164,"219":165,"220":166,"223":167,"224":168,"225":169,"226":170,"227":171,"228":172,"229":173,"230":174,"231":175,"232":176,"233":177,"234":178,"235":179,"236":180,"237":181,"238":182,"239":183,"241":184,"242":185,"243":186,"244":187,"245":188,"246":189,"247":190,"248":191,"249":192,"250":193,"251":194,"252":195,"255":196,"305":199,"338":107,"339":117,"376":118,"402":100,"710":221,"711":202,"728":197,"729":198,"730":200,"731":201,"732":222,"733":219,"916":205,"937":224,"956":134,"960":203,"8211":113,"8212":114,"8216":108,"8217":109,"8218":99,"8220":110,"8221":111,"8222":101,"8224":103,"8225":104,"8226":112,"8230":102,"8240":105,"8249":106,"8250":116,"8260":216,"8482":115,"8706":204,"8719":206,"8721":223,"8730":207,"8734":208,"8747":209,"8776":210,"8800":211,"8804":212,"8805":213,"9674":214,"64257":217,"64258":218},"Reserves":{"fontname":"Casad Light"},"Names":{"Casad Light":{"name":"Casad Light","longitude":"0.00000001","latitude":"0.00000001","country":"","region":"","city":""}},"Nodes":{"ca":{"type":"typal","node":"ca","usage":1,"weight":1},"ad":{"type":"typal","node":"ad","usage":1,"weight":1},"li":{"type":"typal","node":"li","usage":1,"weight":1},"ht":{"type":"typal","node":"ht","usage":1,"weight":1},"cas":{"type":"typal","node":"cas","usage":1,"weight":1},"sad":{"type":"typal","node":"sad","usage":1,"weight":1},"lig":{"type":"typal","node":"lig","usage":1,"weight":1},"ght":{"type":"typal","node":"ght","usage":1,"weight":1},"casa":{"type":"keys","node":"casa","usage":1,"weight":1},"asad":{"type":"keys","node":"asad","usage":1,"weight":1},"ligh":{"type":"keys","node":"ligh","usage":1,"weight":1},"ight":{"type":"keys","node":"ight","usage":1,"weight":1},"casad":{"type":"fixes","node":"casad","usage":1,"weight":1},"light":{"type":"fixes","node":"light","usage":1,"weight":1}},"Contributors":[],"FontIdentity":"aphgovau:56eb5a6ceb657a02393c518","Bytes":null,"Networking":[],"barcode":"scsi2msu6ggo","referee":"iuoey"}