{"CSS":{"B Koodak Bold":"B+Koodak+Bold.css"},"FontType":"TrueType","FontCopyright":"(c) 2000 Borna Rayaneh","FontName":"B Koodak","FontSubfamily":"Bold","FontSubfamilyID":"FontForge 2.0 : B Koodak Bold : 15-10-2016","FontFullName":"B Koodak Bold","FontVersion":"Version 2.01 - Build 1379 ","FontWeight":null,"FontPostscriptName":"BKoodakBold","Files":{"bkoodkbd.afm":"bkoodkbd.afm","bkoodkbd.bin":"bkoodkbd.bin","bkoodkbd.cef":"bkoodkbd.cef","bkoodkbd.cff":"bkoodkbd.cff","bkoodkbd.cid":"bkoodkbd.cid","bkoodkbd.dfont":"bkoodkbd.dfont","bkoodkbd.eot":"bkoodkbd.eot","bkoodkbd.fon":"bkoodkbd.fon","bkoodkbd.gai":"bkoodkbd.gai","bkoodkbd.gsf":"bkoodkbd.gsf","bkoodkbd.hqx":"bkoodkbd.hqx","bkoodkbd.ik":"bkoodkbd.ik","bkoodkbd.mf":"bkoodkbd.mf","bkoodkbd.otf":"bkoodkbd.otf","bkoodkbd.pcf":"bkoodkbd.pcf","bkoodkbd.pf3":"bkoodkbd.pf3","bkoodkbd.pfa":"bkoodkbd.pfa","bkoodkbd.pfb":"bkoodkbd.pfb","bkoodkbd.php":"bkoodkbd.php","bkoodkbd.pmf":"bkoodkbd.pmf","bkoodkbd.pt3":"bkoodkbd.pt3","bkoodkbd.sfd":"bkoodkbd.sfd","bkoodkbd.svg":"bkoodkbd.svg","bkoodkbd.t42":"bkoodkbd.t42","bkoodkbd.ttd":"bkoodkbd.ttd","bkoodkbd.ttf":"bkoodkbd.ttf","bkoodkbd.ttg":"bkoodkbd.ttg","bkoodkbd.ufm":"bkoodkbd.ufm","bkoodkbd.woff":"bkoodkbd.woff","bkoodkbd.z":"bkoodkbd.z","":{"bkoodkbd.afm":"bkoodkbd.afm","bkoodkbd.bin":"bkoodkbd.bin","bkoodkbd.cef":"bkoodkbd.cef","bkoodkbd.cff":"bkoodkbd.cff","bkoodkbd.cid":"bkoodkbd.cid","bkoodkbd.dfont":"bkoodkbd.dfont","bkoodkbd.eot":"bkoodkbd.eot","bkoodkbd.fon":"bkoodkbd.fon","bkoodkbd.gai":"bkoodkbd.gai","bkoodkbd.gsf":"bkoodkbd.gsf","bkoodkbd.hqx":"bkoodkbd.hqx","bkoodkbd.ik":"bkoodkbd.ik","bkoodkbd.mf":"bkoodkbd.mf","bkoodkbd.otf":"bkoodkbd.otf","bkoodkbd.pcf":"bkoodkbd.pcf","bkoodkbd.pf3":"bkoodkbd.pf3","bkoodkbd.pfa":"bkoodkbd.pfa","bkoodkbd.pfb":"bkoodkbd.pfb","bkoodkbd.php":"bkoodkbd.php","bkoodkbd.pmf":"bkoodkbd.pmf","bkoodkbd.pt3":"bkoodkbd.pt3","bkoodkbd.sfd":"bkoodkbd.sfd","bkoodkbd.svg":"bkoodkbd.svg","bkoodkbd.t42":"bkoodkbd.t42","bkoodkbd.ttd":"bkoodkbd.ttd","bkoodkbd.ttf":"bkoodkbd.ttf","bkoodkbd.ttg":"bkoodkbd.ttg","bkoodkbd.ufm":"bkoodkbd.ufm","bkoodkbd.woff":"bkoodkbd.woff","bkoodkbd.z":"bkoodkbd.z"},"\/bkoodkbd.ufo":{"feature.fea":"feature.fea","fontinfo.plist":"fontinfo.plist","groups.plist":"groups.plist","kerning.plist":"kerning.plist","metainfo.plist":"metainfo.plist"},"\/bkoodkbd.ufo\/glyphs":{"H_circumflex.glif":"H_circumflex.glif","_notdef.glif":"_notdef.glif","_null.glif":"_null.glif","asterisk.glif":"asterisk.glif","braceleft.glif":"braceleft.glif","braceright.glif":"braceright.glif","bracketleft.glif":"bracketleft.glif","bracketright.glif":"bracketright.glif","colon.glif":"colon.glif","comma.glif":"comma.glif","contents.plist":"contents.plist","divide.glif":"divide.glif","eight.glif":"eight.glif","equal.glif":"equal.glif","exclam.glif":"exclam.glif","five.glif":"five.glif","four.glif":"four.glif","guillemotleft.glif":"guillemotleft.glif","guillemotright.glif":"guillemotright.glif","guilsinglleft.glif":"guilsinglleft.glif","guilsinglright.glif":"guilsinglright.glif","hyphen.glif":"hyphen.glif","lefttoright.glif":"lefttoright.glif","multiply.glif":"multiply.glif","nine.glif":"nine.glif","nonmarkingreturn.glif":"nonmarkingreturn.glif","one.glif":"one.glif","parenleft.glif":"parenleft.glif","parenright.glif":"parenright.glif","percent.glif":"percent.glif","period.glif":"period.glif","periodcentered.glif":"periodcentered.glif","plus.glif":"plus.glif","quotedblleft.glif":"quotedblleft.glif","quotedblright.glif":"quotedblright.glif","quoteleft.glif":"quoteleft.glif","quoteright.glif":"quoteright.glif","righttoleft.glif":"righttoleft.glif","seven.glif":"seven.glif","six.glif":"six.glif","slash.glif":"slash.glif","space.glif":"space.glif","three.glif":"three.glif","two.glif":"two.glif","u060C_.glif":"u060C_.glif","u061B_.glif":"u061B_.glif","u061F_.glif":"u061F_.glif","u0621.glif":"u0621.glif","u0622.glif":"u0622.glif","u0623.glif":"u0623.glif","u0624.glif":"u0624.glif","u0625.glif":"u0625.glif","u0626.glif":"u0626.glif","u0627.glif":"u0627.glif","u0628.glif":"u0628.glif","u0629.glif":"u0629.glif","u062A_.glif":"u062A_.glif","u062B_.glif":"u062B_.glif","u062C_.glif":"u062C_.glif","u062D_.glif":"u062D_.glif","u062E_.glif":"u062E_.glif","u062F_.glif":"u062F_.glif","u0630.glif":"u0630.glif","u0631.glif":"u0631.glif","u0632.glif":"u0632.glif","u0633.glif":"u0633.glif","u0634.glif":"u0634.glif","u0635.glif":"u0635.glif","u0636.glif":"u0636.glif","u0637.glif":"u0637.glif","u0638.glif":"u0638.glif","u0639.glif":"u0639.glif","u063A_.glif":"u063A_.glif","u0640.glif":"u0640.glif","u0641.glif":"u0641.glif","u0642.glif":"u0642.glif","u0643.glif":"u0643.glif","u0644.glif":"u0644.glif","u0645.glif":"u0645.glif","u0646.glif":"u0646.glif","u0647.glif":"u0647.glif","u0648.glif":"u0648.glif","u0649.glif":"u0649.glif","u064A_.glif":"u064A_.glif","u064B_.glif":"u064B_.glif","u064C_.glif":"u064C_.glif","u064D_.glif":"u064D_.glif","u064E_.glif":"u064E_.glif","u064F_.glif":"u064F_.glif","u0650.glif":"u0650.glif","u0651.glif":"u0651.glif","u0652.glif":"u0652.glif","u067E_.glif":"u067E_.glif","u0686.glif":"u0686.glif","u0698.glif":"u0698.glif","u06A_F_.glif":"u06A_F_.glif","uE_818.glif":"uE_818.glif","uE_820.glif":"uE_820.glif","uE_821.glif":"uE_821.glif","uE_822.glif":"uE_822.glif","uE_823.glif":"uE_823.glif","uE_824.glif":"uE_824.glif","uE_825.glif":"uE_825.glif","uE_826.glif":"uE_826.glif","uE_827.glif":"uE_827.glif","uE_828.glif":"uE_828.glif","uE_829.glif":"uE_829.glif","uE_82A_.glif":"uE_82A_.glif","uE_82B_.glif":"uE_82B_.glif","uE_82C_.glif":"uE_82C_.glif","uE_82D_.glif":"uE_82D_.glif","uF_B_57.glif":"uF_B_57.glif","uF_B_58.glif":"uF_B_58.glif","uF_B_59.glif":"uF_B_59.glif","uF_B_7B_.glif":"uF_B_7B_.glif","uF_B_7C_.glif":"uF_B_7C_.glif","uF_B_7D_.glif":"uF_B_7D_.glif","uF_B_8B_.glif":"uF_B_8B_.glif","uF_B_93.glif":"uF_B_93.glif","uF_B_94.glif":"uF_B_94.glif","uF_B_95.glif":"uF_B_95.glif","uF_C_5E_.glif":"uF_C_5E_.glif","uF_C_5F_.glif":"uF_C_5F_.glif","uF_C_60.glif":"uF_C_60.glif","uF_C_61.glif":"uF_C_61.glif","uF_C_62.glif":"uF_C_62.glif","uF_D_F_2.glif":"uF_D_F_2.glif","uF_E_84.glif":"uF_E_84.glif","uF_E_86.glif":"uF_E_86.glif","uF_E_88.glif":"uF_E_88.glif","uF_E_8A_.glif":"uF_E_8A_.glif","uF_E_8B_.glif":"uF_E_8B_.glif","uF_E_8C_.glif":"uF_E_8C_.glif","uF_E_8E_.glif":"uF_E_8E_.glif","uF_E_90.glif":"uF_E_90.glif","uF_E_91.glif":"uF_E_91.glif","uF_E_92.glif":"uF_E_92.glif","uF_E_94.glif":"uF_E_94.glif","uF_E_96.glif":"uF_E_96.glif","uF_E_97.glif":"uF_E_97.glif","uF_E_98.glif":"uF_E_98.glif","uF_E_9A_.glif":"uF_E_9A_.glif","uF_E_9B_.glif":"uF_E_9B_.glif","uF_E_9C_.glif":"uF_E_9C_.glif","uF_E_9E_.glif":"uF_E_9E_.glif","uF_E_9F_.glif":"uF_E_9F_.glif","uF_E_A_0.glif":"uF_E_A_0.glif","uF_E_A_2.glif":"uF_E_A_2.glif","uF_E_A_3.glif":"uF_E_A_3.glif","uF_E_A_4.glif":"uF_E_A_4.glif","uF_E_A_6.glif":"uF_E_A_6.glif","uF_E_A_7.glif":"uF_E_A_7.glif","uF_E_A_8.glif":"uF_E_A_8.glif","uF_E_A_A_.glif":"uF_E_A_A_.glif","uF_E_A_C_.glif":"uF_E_A_C_.glif","uF_E_A_E_.glif":"uF_E_A_E_.glif","uF_E_B_0.glif":"uF_E_B_0.glif","uF_E_B_2.glif":"uF_E_B_2.glif","uF_E_B_3.glif":"uF_E_B_3.glif","uF_E_B_4.glif":"uF_E_B_4.glif","uF_E_B_6.glif":"uF_E_B_6.glif","uF_E_B_7.glif":"uF_E_B_7.glif","uF_E_B_8.glif":"uF_E_B_8.glif","uF_E_B_A_.glif":"uF_E_B_A_.glif","uF_E_B_B_.glif":"uF_E_B_B_.glif","uF_E_B_C_.glif":"uF_E_B_C_.glif","uF_E_B_E_.glif":"uF_E_B_E_.glif","uF_E_B_F_.glif":"uF_E_B_F_.glif","uF_E_C_0.glif":"uF_E_C_0.glif","uF_E_C_2.glif":"uF_E_C_2.glif","uF_E_C_3.glif":"uF_E_C_3.glif","uF_E_C_4.glif":"uF_E_C_4.glif","uF_E_C_6.glif":"uF_E_C_6.glif","uF_E_C_7.glif":"uF_E_C_7.glif","uF_E_C_8.glif":"uF_E_C_8.glif","uF_E_C_A_.glif":"uF_E_C_A_.glif","uF_E_C_B_.glif":"uF_E_C_B_.glif","uF_E_C_C_.glif":"uF_E_C_C_.glif","uF_E_C_E_.glif":"uF_E_C_E_.glif","uF_E_C_F_.glif":"uF_E_C_F_.glif","uF_E_D_0.glif":"uF_E_D_0.glif","uF_E_D_2.glif":"uF_E_D_2.glif","uF_E_D_3.glif":"uF_E_D_3.glif","uF_E_D_4.glif":"uF_E_D_4.glif","uF_E_D_6.glif":"uF_E_D_6.glif","uF_E_D_7.glif":"uF_E_D_7.glif","uF_E_D_8.glif":"uF_E_D_8.glif","uF_E_D_A_.glif":"uF_E_D_A_.glif","uF_E_D_B_.glif":"uF_E_D_B_.glif","uF_E_D_C_.glif":"uF_E_D_C_.glif","uF_E_D_E_.glif":"uF_E_D_E_.glif","uF_E_D_F_.glif":"uF_E_D_F_.glif","uF_E_E_0.glif":"uF_E_E_0.glif","uF_E_E_2.glif":"uF_E_E_2.glif","uF_E_E_3.glif":"uF_E_E_3.glif","uF_E_E_4.glif":"uF_E_E_4.glif","uF_E_E_6.glif":"uF_E_E_6.glif","uF_E_E_7.glif":"uF_E_E_7.glif","uF_E_E_8.glif":"uF_E_E_8.glif","uF_E_E_A_.glif":"uF_E_E_A_.glif","uF_E_E_B_.glif":"uF_E_E_B_.glif","uF_E_E_C_.glif":"uF_E_E_C_.glif","uF_E_E_E_.glif":"uF_E_E_E_.glif","uF_E_F_0.glif":"uF_E_F_0.glif","uF_E_F_2.glif":"uF_E_F_2.glif","uF_E_F_3.glif":"uF_E_F_3.glif","uF_E_F_4.glif":"uF_E_F_4.glif","uF_E_F_5.glif":"uF_E_F_5.glif","uF_E_F_6.glif":"uF_E_F_6.glif","uF_E_F_7.glif":"uF_E_F_7.glif","uF_E_F_8.glif":"uF_E_F_8.glif","uF_E_F_9.glif":"uF_E_F_9.glif","uF_E_F_A_.glif":"uF_E_F_A_.glif","uF_E_F_B_.glif":"uF_E_F_B_.glif","uF_E_F_C_.glif":"uF_E_F_C_.glif","zero.glif":"zero.glif","zerojoin.glif":"zerojoin.glif","zeronojoin.glif":"zeronojoin.glif"}},"Font":{"uploaded":1476584374.054,"licence":"gpl3","company":"Chronolabs Cooperative","title":"BKoodak Bold","version":2.001,"date":"Fri Oct 14 23:32:51 2016","creator":"root","type":"1","matrix":"0.000488281 0 0 0.000488281 0 0","named":"BKoodakBold","painttype":"0","info":"10 dict dup","name":"B Koodak Bold","family":"B Koodak","weight":"Bold","fstype":"0","italicangle":"0","underlineposition":"","underlinethickness":""},"Table":{"FFTM":{"entryLength":16,"tag":"FFTM","checksum":1955351192,"offset":35384,"length":28},"GDEF":{"entryLength":16,"tag":"GDEF","checksum":17170436,"offset":35352,"length":32},"OS\/2":{"entryLength":16,"tag":"OS\/2","checksum":2301197545,"offset":344,"length":86},"cmap":{"entryLength":16,"tag":"cmap","checksum":3758296224,"offset":1300,"length":982},"gasp":{"entryLength":16,"tag":"gasp","checksum":4294901763,"offset":35344,"length":8},"glyf":{"entryLength":16,"tag":"glyf","checksum":3795635610,"offset":2720,"length":30496},"head":{"entryLength":16,"tag":"head","checksum":299463377,"offset":220,"length":54},"hhea":{"entryLength":16,"tag":"hhea","checksum":282722777,"offset":276,"length":36},"hmtx":{"entryLength":16,"tag":"hmtx","checksum":3799336630,"offset":432,"length":868},"loca":{"entryLength":16,"tag":"loca","checksum":641025032,"offset":2284,"length":436},"maxp":{"entryLength":16,"tag":"maxp","checksum":19005560,"offset":312,"length":32},"name":{"entryLength":16,"tag":"name","checksum":3529973449,"offset":33216,"length":573},"post":{"entryLength":16,"tag":"post","checksum":1982092185,"offset":33792,"length":1550}},"UnicodeCharMap":{"0":1,"13":2,"32":3,"33":4,"37":5,"40":6,"41":7,"42":8,"43":9,"44":10,"45":11,"46":12,"47":13,"48":14,"49":15,"50":16,"51":17,"52":18,"53":19,"54":20,"55":21,"56":22,"57":23,"58":24,"61":25,"91":26,"93":27,"123":28,"125":29,"171":30,"183":31,"187":32,"215":33,"247":34,"292":79,"1548":45,"1563":46,"1567":47,"1569":77,"1570":78,"1571":80,"1572":82,"1573":84,"1574":86,"1575":90,"1576":92,"1577":200,"1578":100,"1579":104,"1580":108,"1581":116,"1582":120,"1583":124,"1584":126,"1585":128,"1586":130,"1587":134,"1588":138,"1589":142,"1590":146,"1591":150,"1592":154,"1593":158,"1594":162,"1600":48,"1601":166,"1602":170,"1603":174,"1604":182,"1605":186,"1606":190,"1607":196,"1608":194,"1609":214,"1610":202,"1611":49,"1612":50,"1613":51,"1614":52,"1615":53,"1616":54,"1617":55,"1618":56,"1662":96,"1670":112,"1688":132,"1711":178,"8204":35,"8205":36,"8216":39,"8217":40,"8220":41,"8221":42,"8249":43,"8250":44,"59416":73,"59424":57,"59425":58,"59426":59,"59427":60,"59428":61,"59429":62,"59430":63,"59431":64,"59432":65,"59433":66,"59434":67,"59435":68,"59436":69,"59437":70,"64343":97,"64344":98,"64345":99,"64379":113,"64380":114,"64381":115,"64395":133,"64403":179,"64404":180,"64405":181,"64606":74,"64607":76,"64608":71,"64609":72,"64610":75,"65010":216,"65156":81,"65158":83,"65160":85,"65162":87,"65163":88,"65164":89,"65166":91,"65168":93,"65169":94,"65170":95,"65172":201,"65174":101,"65175":102,"65176":103,"65178":105,"65179":106,"65180":107,"65182":109,"65183":110,"65184":111,"65186":117,"65187":118,"65188":119,"65190":121,"65191":122,"65192":123,"65194":125,"65196":127,"65198":129,"65200":131,"65202":135,"65203":136,"65204":137,"65206":139,"65207":140,"65208":141,"65210":143,"65211":144,"65212":145,"65214":147,"65215":148,"65216":149,"65218":151,"65219":152,"65220":153,"65222":155,"65223":156,"65224":157,"65226":159,"65227":160,"65228":161,"65230":163,"65231":164,"65232":165,"65234":167,"65235":168,"65236":169,"65238":171,"65239":172,"65240":173,"65242":175,"65243":176,"65244":177,"65246":183,"65247":184,"65248":185,"65250":187,"65251":188,"65252":189,"65254":191,"65255":192,"65256":193,"65258":197,"65259":198,"65260":199,"65262":195,"65264":215,"65266":203,"65267":204,"65268":205,"65269":206,"65270":207,"65271":208,"65272":209,"65273":210,"65274":211,"65275":212,"65276":213},"Reserves":null,"Names":[],"Nodes":{"ko":{"type":"typal","node":"ko","usage":1,"weight":1},"ak":{"type":"typal","node":"ak","usage":1,"weight":1},"koo":{"type":"typal","node":"koo","usage":1,"weight":1},"dak":{"type":"typal","node":"dak","usage":1,"weight":1},"kood":{"type":"keys","node":"kood","usage":1,"weight":1},"odak":{"type":"keys","node":"odak","usage":1,"weight":1},"kooda":{"type":"keys","node":"kooda","usage":1,"weight":1},"oodak":{"type":"keys","node":"oodak","usage":1,"weight":1},"b":{"type":"fixes","node":"b","usage":1,"weight":1},"koodak":{"type":"fixes","node":"koodak","usage":1,"weight":1}},"Contributors":[],"FontIdentity":"881f46d1cc613ff977809f3b2bff3ca3","Bytes":3271647,"Networking":[],"barcode":"qAiqSKGGqeOu3","referee":"uogao5"}