{"CSS":{"OfficinaSansITC Bold":"OfficinaSansITC+Bold.css"},"FontType":"TrueType","FontCopyright":"URW Software, Copyright 1994 by URW","FontName":"OfficinaSansITC","FontSubfamily":"Bold","FontSubfamilyID":"FontForge 2.0 : OfficinaSansITC Bold : 29-10-2016","FontFullName":"Officina Sans ITC Bold","FontVersion":"Version 001.005 ","FontWeight":null,"FontPostscriptName":"OfficinaSansITC-Bold","Files":{"\/fonts\/Unpacking\/834459fa5544ab8f7be758e7cc2e316be9b68942\/LICENCE":"\/fonts\/Unpacking\/834459fa5544ab8f7be758e7cc2e316be9b68942\/LICENCE","\/fonts\/Unpacking\/834459fa5544ab8f7be758e7cc2e316be9b68942\/officinasansitc-bold.afm":"\/fonts\/Unpacking\/834459fa5544ab8f7be758e7cc2e316be9b68942\/officinasansitc-bold.afm","\/fonts\/Unpacking\/834459fa5544ab8f7be758e7cc2e316be9b68942\/officinasansitc-bold.bin":"\/fonts\/Unpacking\/834459fa5544ab8f7be758e7cc2e316be9b68942\/officinasansitc-bold.bin","\/fonts\/Unpacking\/834459fa5544ab8f7be758e7cc2e316be9b68942\/officinasansitc-bold.cef":"\/fonts\/Unpacking\/834459fa5544ab8f7be758e7cc2e316be9b68942\/officinasansitc-bold.cef","\/fonts\/Unpacking\/834459fa5544ab8f7be758e7cc2e316be9b68942\/officinasansitc-bold.cff":"\/fonts\/Unpacking\/834459fa5544ab8f7be758e7cc2e316be9b68942\/officinasansitc-bold.cff","\/fonts\/Unpacking\/834459fa5544ab8f7be758e7cc2e316be9b68942\/officinasansitc-bold.cid":"\/fonts\/Unpacking\/834459fa5544ab8f7be758e7cc2e316be9b68942\/officinasansitc-bold.cid","\/fonts\/Unpacking\/834459fa5544ab8f7be758e7cc2e316be9b68942\/officinasansitc-bold.dfont":"\/fonts\/Unpacking\/834459fa5544ab8f7be758e7cc2e316be9b68942\/officinasansitc-bold.dfont","\/fonts\/Unpacking\/834459fa5544ab8f7be758e7cc2e316be9b68942\/officinasansitc-bold.eot":"\/fonts\/Unpacking\/834459fa5544ab8f7be758e7cc2e316be9b68942\/officinasansitc-bold.eot","\/fonts\/Unpacking\/834459fa5544ab8f7be758e7cc2e316be9b68942\/officinasansitc-bold.fon":"\/fonts\/Unpacking\/834459fa5544ab8f7be758e7cc2e316be9b68942\/officinasansitc-bold.fon","\/fonts\/Unpacking\/834459fa5544ab8f7be758e7cc2e316be9b68942\/officinasansitc-bold.gai":"\/fonts\/Unpacking\/834459fa5544ab8f7be758e7cc2e316be9b68942\/officinasansitc-bold.gai","\/fonts\/Unpacking\/834459fa5544ab8f7be758e7cc2e316be9b68942\/officinasansitc-bold.gsf":"\/fonts\/Unpacking\/834459fa5544ab8f7be758e7cc2e316be9b68942\/officinasansitc-bold.gsf","\/fonts\/Unpacking\/834459fa5544ab8f7be758e7cc2e316be9b68942\/officinasansitc-bold.hqx":"\/fonts\/Unpacking\/834459fa5544ab8f7be758e7cc2e316be9b68942\/officinasansitc-bold.hqx","\/fonts\/Unpacking\/834459fa5544ab8f7be758e7cc2e316be9b68942\/officinasansitc-bold.ik":"\/fonts\/Unpacking\/834459fa5544ab8f7be758e7cc2e316be9b68942\/officinasansitc-bold.ik","\/fonts\/Unpacking\/834459fa5544ab8f7be758e7cc2e316be9b68942\/officinasansitc-bold.mf":"\/fonts\/Unpacking\/834459fa5544ab8f7be758e7cc2e316be9b68942\/officinasansitc-bold.mf","\/fonts\/Unpacking\/834459fa5544ab8f7be758e7cc2e316be9b68942\/officinasansitc-bold.otf":"\/fonts\/Unpacking\/834459fa5544ab8f7be758e7cc2e316be9b68942\/officinasansitc-bold.otf","\/fonts\/Unpacking\/834459fa5544ab8f7be758e7cc2e316be9b68942\/officinasansitc-bold.pcf":"\/fonts\/Unpacking\/834459fa5544ab8f7be758e7cc2e316be9b68942\/officinasansitc-bold.pcf","\/fonts\/Unpacking\/834459fa5544ab8f7be758e7cc2e316be9b68942\/officinasansitc-bold.pf3":"\/fonts\/Unpacking\/834459fa5544ab8f7be758e7cc2e316be9b68942\/officinasansitc-bold.pf3","\/fonts\/Unpacking\/834459fa5544ab8f7be758e7cc2e316be9b68942\/officinasansitc-bold.pfa":"\/fonts\/Unpacking\/834459fa5544ab8f7be758e7cc2e316be9b68942\/officinasansitc-bold.pfa","\/fonts\/Unpacking\/834459fa5544ab8f7be758e7cc2e316be9b68942\/officinasansitc-bold.pfb":"\/fonts\/Unpacking\/834459fa5544ab8f7be758e7cc2e316be9b68942\/officinasansitc-bold.pfb","\/fonts\/Unpacking\/834459fa5544ab8f7be758e7cc2e316be9b68942\/officinasansitc-bold.php":"\/fonts\/Unpacking\/834459fa5544ab8f7be758e7cc2e316be9b68942\/officinasansitc-bold.php","\/fonts\/Unpacking\/834459fa5544ab8f7be758e7cc2e316be9b68942\/officinasansitc-bold.pmf":"\/fonts\/Unpacking\/834459fa5544ab8f7be758e7cc2e316be9b68942\/officinasansitc-bold.pmf","\/fonts\/Unpacking\/834459fa5544ab8f7be758e7cc2e316be9b68942\/officinasansitc-bold.pt3":"\/fonts\/Unpacking\/834459fa5544ab8f7be758e7cc2e316be9b68942\/officinasansitc-bold.pt3","\/fonts\/Unpacking\/834459fa5544ab8f7be758e7cc2e316be9b68942\/officinasansitc-bold.sfd":"\/fonts\/Unpacking\/834459fa5544ab8f7be758e7cc2e316be9b68942\/officinasansitc-bold.sfd","\/fonts\/Unpacking\/834459fa5544ab8f7be758e7cc2e316be9b68942\/officinasansitc-bold.svg":"\/fonts\/Unpacking\/834459fa5544ab8f7be758e7cc2e316be9b68942\/officinasansitc-bold.svg","\/fonts\/Unpacking\/834459fa5544ab8f7be758e7cc2e316be9b68942\/officinasansitc-bold.t42":"\/fonts\/Unpacking\/834459fa5544ab8f7be758e7cc2e316be9b68942\/officinasansitc-bold.t42","\/fonts\/Unpacking\/834459fa5544ab8f7be758e7cc2e316be9b68942\/officinasansitc-bold.ttd":"\/fonts\/Unpacking\/834459fa5544ab8f7be758e7cc2e316be9b68942\/officinasansitc-bold.ttd","\/fonts\/Unpacking\/834459fa5544ab8f7be758e7cc2e316be9b68942\/officinasansitc-bold.ttf":"\/fonts\/Unpacking\/834459fa5544ab8f7be758e7cc2e316be9b68942\/officinasansitc-bold.ttf","\/fonts\/Unpacking\/834459fa5544ab8f7be758e7cc2e316be9b68942\/officinasansitc-bold.ttg":"\/fonts\/Unpacking\/834459fa5544ab8f7be758e7cc2e316be9b68942\/officinasansitc-bold.ttg","\/fonts\/Unpacking\/834459fa5544ab8f7be758e7cc2e316be9b68942\/officinasansitc-bold.ufm":"\/fonts\/Unpacking\/834459fa5544ab8f7be758e7cc2e316be9b68942\/officinasansitc-bold.ufm","\/fonts\/Unpacking\/834459fa5544ab8f7be758e7cc2e316be9b68942\/officinasansitc-bold.woff":"\/fonts\/Unpacking\/834459fa5544ab8f7be758e7cc2e316be9b68942\/officinasansitc-bold.woff","\/fonts\/Unpacking\/834459fa5544ab8f7be758e7cc2e316be9b68942\/officinasansitc-bold.z":"\/fonts\/Unpacking\/834459fa5544ab8f7be758e7cc2e316be9b68942\/officinasansitc-bold.z","\/fonts\/Unpacking\/834459fa5544ab8f7be758e7cc2e316be9b68942\/officinasansitc-bold.ufo\/feature.fea":"\/fonts\/Unpacking\/834459fa5544ab8f7be758e7cc2e316be9b68942\/officinasansitc-bold.ufo\/feature.fea","\/fonts\/Unpacking\/834459fa5544ab8f7be758e7cc2e316be9b68942\/officinasansitc-bold.ufo\/fontinfo.plist":"\/fonts\/Unpacking\/834459fa5544ab8f7be758e7cc2e316be9b68942\/officinasansitc-bold.ufo\/fontinfo.plist","\/fonts\/Unpacking\/834459fa5544ab8f7be758e7cc2e316be9b68942\/officinasansitc-bold.ufo\/groups.plist":"\/fonts\/Unpacking\/834459fa5544ab8f7be758e7cc2e316be9b68942\/officinasansitc-bold.ufo\/groups.plist","\/fonts\/Unpacking\/834459fa5544ab8f7be758e7cc2e316be9b68942\/officinasansitc-bold.ufo\/kerning.plist":"\/fonts\/Unpacking\/834459fa5544ab8f7be758e7cc2e316be9b68942\/officinasansitc-bold.ufo\/kerning.plist","\/fonts\/Unpacking\/834459fa5544ab8f7be758e7cc2e316be9b68942\/officinasansitc-bold.ufo\/metainfo.plist":"\/fonts\/Unpacking\/834459fa5544ab8f7be758e7cc2e316be9b68942\/officinasansitc-bold.ufo\/metainfo.plist","\/fonts\/Unpacking\/834459fa5544ab8f7be758e7cc2e316be9b68942\/officinasansitc-bold.ufo\/glyphs\/A_.glif":"\/fonts\/Unpacking\/834459fa5544ab8f7be758e7cc2e316be9b68942\/officinasansitc-bold.ufo\/glyphs\/A_.glif","\/fonts\/Unpacking\/834459fa5544ab8f7be758e7cc2e316be9b68942\/officinasansitc-bold.ufo\/glyphs\/A_E_.glif":"\/fonts\/Unpacking\/834459fa5544ab8f7be758e7cc2e316be9b68942\/officinasansitc-bold.ufo\/glyphs\/A_E_.glif","\/fonts\/Unpacking\/834459fa5544ab8f7be758e7cc2e316be9b68942\/officinasansitc-bold.ufo\/glyphs\/A_acute.glif":"\/fonts\/Unpacking\/834459fa5544ab8f7be758e7cc2e316be9b68942\/officinasansitc-bold.ufo\/glyphs\/A_acute.glif","\/fonts\/Unpacking\/834459fa5544ab8f7be758e7cc2e316be9b68942\/officinasansitc-bold.ufo\/glyphs\/A_circumflex.glif":"\/fonts\/Unpacking\/834459fa5544ab8f7be758e7cc2e316be9b68942\/officinasansitc-bold.ufo\/glyphs\/A_circumflex.glif","\/fonts\/Unpacking\/834459fa5544ab8f7be758e7cc2e316be9b68942\/officinasansitc-bold.ufo\/glyphs\/A_dieresis.glif":"\/fonts\/Unpacking\/834459fa5544ab8f7be758e7cc2e316be9b68942\/officinasansitc-bold.ufo\/glyphs\/A_dieresis.glif","\/fonts\/Unpacking\/834459fa5544ab8f7be758e7cc2e316be9b68942\/officinasansitc-bold.ufo\/glyphs\/A_grave.glif":"\/fonts\/Unpacking\/834459fa5544ab8f7be758e7cc2e316be9b68942\/officinasansitc-bold.ufo\/glyphs\/A_grave.glif","\/fonts\/Unpacking\/834459fa5544ab8f7be758e7cc2e316be9b68942\/officinasansitc-bold.ufo\/glyphs\/A_ring.glif":"\/fonts\/Unpacking\/834459fa5544ab8f7be758e7cc2e316be9b68942\/officinasansitc-bold.ufo\/glyphs\/A_ring.glif","\/fonts\/Unpacking\/834459fa5544ab8f7be758e7cc2e316be9b68942\/officinasansitc-bold.ufo\/glyphs\/A_tilde.glif":"\/fonts\/Unpacking\/834459fa5544ab8f7be758e7cc2e316be9b68942\/officinasansitc-bold.ufo\/glyphs\/A_tilde.glif","\/fonts\/Unpacking\/834459fa5544ab8f7be758e7cc2e316be9b68942\/officinasansitc-bold.ufo\/glyphs\/B_.glif":"\/fonts\/Unpacking\/834459fa5544ab8f7be758e7cc2e316be9b68942\/officinasansitc-bold.ufo\/glyphs\/B_.glif","\/fonts\/Unpacking\/834459fa5544ab8f7be758e7cc2e316be9b68942\/officinasansitc-bold.ufo\/glyphs\/C_.glif":"\/fonts\/Unpacking\/834459fa5544ab8f7be758e7cc2e316be9b68942\/officinasansitc-bold.ufo\/glyphs\/C_.glif","\/fonts\/Unpacking\/834459fa5544ab8f7be758e7cc2e316be9b68942\/officinasansitc-bold.ufo\/glyphs\/C_cedilla.glif":"\/fonts\/Unpacking\/834459fa5544ab8f7be758e7cc2e316be9b68942\/officinasansitc-bold.ufo\/glyphs\/C_cedilla.glif","\/fonts\/Unpacking\/834459fa5544ab8f7be758e7cc2e316be9b68942\/officinasansitc-bold.ufo\/glyphs\/D_.glif":"\/fonts\/Unpacking\/834459fa5544ab8f7be758e7cc2e316be9b68942\/officinasansitc-bold.ufo\/glyphs\/D_.glif","\/fonts\/Unpacking\/834459fa5544ab8f7be758e7cc2e316be9b68942\/officinasansitc-bold.ufo\/glyphs\/E_.glif":"\/fonts\/Unpacking\/834459fa5544ab8f7be758e7cc2e316be9b68942\/officinasansitc-bold.ufo\/glyphs\/E_.glif","\/fonts\/Unpacking\/834459fa5544ab8f7be758e7cc2e316be9b68942\/officinasansitc-bold.ufo\/glyphs\/E_acute.glif":"\/fonts\/Unpacking\/834459fa5544ab8f7be758e7cc2e316be9b68942\/officinasansitc-bold.ufo\/glyphs\/E_acute.glif","\/fonts\/Unpacking\/834459fa5544ab8f7be758e7cc2e316be9b68942\/officinasansitc-bold.ufo\/glyphs\/E_circumflex.glif":"\/fonts\/Unpacking\/834459fa5544ab8f7be758e7cc2e316be9b68942\/officinasansitc-bold.ufo\/glyphs\/E_circumflex.glif","\/fonts\/Unpacking\/834459fa5544ab8f7be758e7cc2e316be9b68942\/officinasansitc-bold.ufo\/glyphs\/E_dieresis.glif":"\/fonts\/Unpacking\/834459fa5544ab8f7be758e7cc2e316be9b68942\/officinasansitc-bold.ufo\/glyphs\/E_dieresis.glif","\/fonts\/Unpacking\/834459fa5544ab8f7be758e7cc2e316be9b68942\/officinasansitc-bold.ufo\/glyphs\/E_grave.glif":"\/fonts\/Unpacking\/834459fa5544ab8f7be758e7cc2e316be9b68942\/officinasansitc-bold.ufo\/glyphs\/E_grave.glif","\/fonts\/Unpacking\/834459fa5544ab8f7be758e7cc2e316be9b68942\/officinasansitc-bold.ufo\/glyphs\/E_th.glif":"\/fonts\/Unpacking\/834459fa5544ab8f7be758e7cc2e316be9b68942\/officinasansitc-bold.ufo\/glyphs\/E_th.glif","\/fonts\/Unpacking\/834459fa5544ab8f7be758e7cc2e316be9b68942\/officinasansitc-bold.ufo\/glyphs\/F_.glif":"\/fonts\/Unpacking\/834459fa5544ab8f7be758e7cc2e316be9b68942\/officinasansitc-bold.ufo\/glyphs\/F_.glif","\/fonts\/Unpacking\/834459fa5544ab8f7be758e7cc2e316be9b68942\/officinasansitc-bold.ufo\/glyphs\/G_.glif":"\/fonts\/Unpacking\/834459fa5544ab8f7be758e7cc2e316be9b68942\/officinasansitc-bold.ufo\/glyphs\/G_.glif","\/fonts\/Unpacking\/834459fa5544ab8f7be758e7cc2e316be9b68942\/officinasansitc-bold.ufo\/glyphs\/H_.glif":"\/fonts\/Unpacking\/834459fa5544ab8f7be758e7cc2e316be9b68942\/officinasansitc-bold.ufo\/glyphs\/H_.glif","\/fonts\/Unpacking\/834459fa5544ab8f7be758e7cc2e316be9b68942\/officinasansitc-bold.ufo\/glyphs\/I_.glif":"\/fonts\/Unpacking\/834459fa5544ab8f7be758e7cc2e316be9b68942\/officinasansitc-bold.ufo\/glyphs\/I_.glif","\/fonts\/Unpacking\/834459fa5544ab8f7be758e7cc2e316be9b68942\/officinasansitc-bold.ufo\/glyphs\/I_acute.glif":"\/fonts\/Unpacking\/834459fa5544ab8f7be758e7cc2e316be9b68942\/officinasansitc-bold.ufo\/glyphs\/I_acute.glif","\/fonts\/Unpacking\/834459fa5544ab8f7be758e7cc2e316be9b68942\/officinasansitc-bold.ufo\/glyphs\/I_circumflex.glif":"\/fonts\/Unpacking\/834459fa5544ab8f7be758e7cc2e316be9b68942\/officinasansitc-bold.ufo\/glyphs\/I_circumflex.glif","\/fonts\/Unpacking\/834459fa5544ab8f7be758e7cc2e316be9b68942\/officinasansitc-bold.ufo\/glyphs\/I_dieresis.glif":"\/fonts\/Unpacking\/834459fa5544ab8f7be758e7cc2e316be9b68942\/officinasansitc-bold.ufo\/glyphs\/I_dieresis.glif","\/fonts\/Unpacking\/834459fa5544ab8f7be758e7cc2e316be9b68942\/officinasansitc-bold.ufo\/glyphs\/I_grave.glif":"\/fonts\/Unpacking\/834459fa5544ab8f7be758e7cc2e316be9b68942\/officinasansitc-bold.ufo\/glyphs\/I_grave.glif","\/fonts\/Unpacking\/834459fa5544ab8f7be758e7cc2e316be9b68942\/officinasansitc-bold.ufo\/glyphs\/J_.glif":"\/fonts\/Unpacking\/834459fa5544ab8f7be758e7cc2e316be9b68942\/officinasansitc-bold.ufo\/glyphs\/J_.glif","\/fonts\/Unpacking\/834459fa5544ab8f7be758e7cc2e316be9b68942\/officinasansitc-bold.ufo\/glyphs\/K_.glif":"\/fonts\/Unpacking\/834459fa5544ab8f7be758e7cc2e316be9b68942\/officinasansitc-bold.ufo\/glyphs\/K_.glif","\/fonts\/Unpacking\/834459fa5544ab8f7be758e7cc2e316be9b68942\/officinasansitc-bold.ufo\/glyphs\/L_.glif":"\/fonts\/Unpacking\/834459fa5544ab8f7be758e7cc2e316be9b68942\/officinasansitc-bold.ufo\/glyphs\/L_.glif","\/fonts\/Unpacking\/834459fa5544ab8f7be758e7cc2e316be9b68942\/officinasansitc-bold.ufo\/glyphs\/L_slash.glif":"\/fonts\/Unpacking\/834459fa5544ab8f7be758e7cc2e316be9b68942\/officinasansitc-bold.ufo\/glyphs\/L_slash.glif","\/fonts\/Unpacking\/834459fa5544ab8f7be758e7cc2e316be9b68942\/officinasansitc-bold.ufo\/glyphs\/M_.glif":"\/fonts\/Unpacking\/834459fa5544ab8f7be758e7cc2e316be9b68942\/officinasansitc-bold.ufo\/glyphs\/M_.glif","\/fonts\/Unpacking\/834459fa5544ab8f7be758e7cc2e316be9b68942\/officinasansitc-bold.ufo\/glyphs\/N_.glif":"\/fonts\/Unpacking\/834459fa5544ab8f7be758e7cc2e316be9b68942\/officinasansitc-bold.ufo\/glyphs\/N_.glif","\/fonts\/Unpacking\/834459fa5544ab8f7be758e7cc2e316be9b68942\/officinasansitc-bold.ufo\/glyphs\/N_tilde.glif":"\/fonts\/Unpacking\/834459fa5544ab8f7be758e7cc2e316be9b68942\/officinasansitc-bold.ufo\/glyphs\/N_tilde.glif","\/fonts\/Unpacking\/834459fa5544ab8f7be758e7cc2e316be9b68942\/officinasansitc-bold.ufo\/glyphs\/O_.glif":"\/fonts\/Unpacking\/834459fa5544ab8f7be758e7cc2e316be9b68942\/officinasansitc-bold.ufo\/glyphs\/O_.glif","\/fonts\/Unpacking\/834459fa5544ab8f7be758e7cc2e316be9b68942\/officinasansitc-bold.ufo\/glyphs\/O_E_.glif":"\/fonts\/Unpacking\/834459fa5544ab8f7be758e7cc2e316be9b68942\/officinasansitc-bold.ufo\/glyphs\/O_E_.glif","\/fonts\/Unpacking\/834459fa5544ab8f7be758e7cc2e316be9b68942\/officinasansitc-bold.ufo\/glyphs\/O_acute.glif":"\/fonts\/Unpacking\/834459fa5544ab8f7be758e7cc2e316be9b68942\/officinasansitc-bold.ufo\/glyphs\/O_acute.glif","\/fonts\/Unpacking\/834459fa5544ab8f7be758e7cc2e316be9b68942\/officinasansitc-bold.ufo\/glyphs\/O_circumflex.glif":"\/fonts\/Unpacking\/834459fa5544ab8f7be758e7cc2e316be9b68942\/officinasansitc-bold.ufo\/glyphs\/O_circumflex.glif","\/fonts\/Unpacking\/834459fa5544ab8f7be758e7cc2e316be9b68942\/officinasansitc-bold.ufo\/glyphs\/O_dieresis.glif":"\/fonts\/Unpacking\/834459fa5544ab8f7be758e7cc2e316be9b68942\/officinasansitc-bold.ufo\/glyphs\/O_dieresis.glif","\/fonts\/Unpacking\/834459fa5544ab8f7be758e7cc2e316be9b68942\/officinasansitc-bold.ufo\/glyphs\/O_grave.glif":"\/fonts\/Unpacking\/834459fa5544ab8f7be758e7cc2e316be9b68942\/officinasansitc-bold.ufo\/glyphs\/O_grave.glif","\/fonts\/Unpacking\/834459fa5544ab8f7be758e7cc2e316be9b68942\/officinasansitc-bold.ufo\/glyphs\/O_slash.glif":"\/fonts\/Unpacking\/834459fa5544ab8f7be758e7cc2e316be9b68942\/officinasansitc-bold.ufo\/glyphs\/O_slash.glif","\/fonts\/Unpacking\/834459fa5544ab8f7be758e7cc2e316be9b68942\/officinasansitc-bold.ufo\/glyphs\/O_tilde.glif":"\/fonts\/Unpacking\/834459fa5544ab8f7be758e7cc2e316be9b68942\/officinasansitc-bold.ufo\/glyphs\/O_tilde.glif","\/fonts\/Unpacking\/834459fa5544ab8f7be758e7cc2e316be9b68942\/officinasansitc-bold.ufo\/glyphs\/P_.glif":"\/fonts\/Unpacking\/834459fa5544ab8f7be758e7cc2e316be9b68942\/officinasansitc-bold.ufo\/glyphs\/P_.glif","\/fonts\/Unpacking\/834459fa5544ab8f7be758e7cc2e316be9b68942\/officinasansitc-bold.ufo\/glyphs\/Q_.glif":"\/fonts\/Unpacking\/834459fa5544ab8f7be758e7cc2e316be9b68942\/officinasansitc-bold.ufo\/glyphs\/Q_.glif","\/fonts\/Unpacking\/834459fa5544ab8f7be758e7cc2e316be9b68942\/officinasansitc-bold.ufo\/glyphs\/R_.glif":"\/fonts\/Unpacking\/834459fa5544ab8f7be758e7cc2e316be9b68942\/officinasansitc-bold.ufo\/glyphs\/R_.glif","\/fonts\/Unpacking\/834459fa5544ab8f7be758e7cc2e316be9b68942\/officinasansitc-bold.ufo\/glyphs\/S_.glif":"\/fonts\/Unpacking\/834459fa5544ab8f7be758e7cc2e316be9b68942\/officinasansitc-bold.ufo\/glyphs\/S_.glif","\/fonts\/Unpacking\/834459fa5544ab8f7be758e7cc2e316be9b68942\/officinasansitc-bold.ufo\/glyphs\/S_caron.glif":"\/fonts\/Unpacking\/834459fa5544ab8f7be758e7cc2e316be9b68942\/officinasansitc-bold.ufo\/glyphs\/S_caron.glif","\/fonts\/Unpacking\/834459fa5544ab8f7be758e7cc2e316be9b68942\/officinasansitc-bold.ufo\/glyphs\/T_.glif":"\/fonts\/Unpacking\/834459fa5544ab8f7be758e7cc2e316be9b68942\/officinasansitc-bold.ufo\/glyphs\/T_.glif","\/fonts\/Unpacking\/834459fa5544ab8f7be758e7cc2e316be9b68942\/officinasansitc-bold.ufo\/glyphs\/T_horn.glif":"\/fonts\/Unpacking\/834459fa5544ab8f7be758e7cc2e316be9b68942\/officinasansitc-bold.ufo\/glyphs\/T_horn.glif","\/fonts\/Unpacking\/834459fa5544ab8f7be758e7cc2e316be9b68942\/officinasansitc-bold.ufo\/glyphs\/U_.glif":"\/fonts\/Unpacking\/834459fa5544ab8f7be758e7cc2e316be9b68942\/officinasansitc-bold.ufo\/glyphs\/U_.glif","\/fonts\/Unpacking\/834459fa5544ab8f7be758e7cc2e316be9b68942\/officinasansitc-bold.ufo\/glyphs\/U_acute.glif":"\/fonts\/Unpacking\/834459fa5544ab8f7be758e7cc2e316be9b68942\/officinasansitc-bold.ufo\/glyphs\/U_acute.glif","\/fonts\/Unpacking\/834459fa5544ab8f7be758e7cc2e316be9b68942\/officinasansitc-bold.ufo\/glyphs\/U_circumflex.glif":"\/fonts\/Unpacking\/834459fa5544ab8f7be758e7cc2e316be9b68942\/officinasansitc-bold.ufo\/glyphs\/U_circumflex.glif","\/fonts\/Unpacking\/834459fa5544ab8f7be758e7cc2e316be9b68942\/officinasansitc-bold.ufo\/glyphs\/U_dieresis.glif":"\/fonts\/Unpacking\/834459fa5544ab8f7be758e7cc2e316be9b68942\/officinasansitc-bold.ufo\/glyphs\/U_dieresis.glif","\/fonts\/Unpacking\/834459fa5544ab8f7be758e7cc2e316be9b68942\/officinasansitc-bold.ufo\/glyphs\/U_grave.glif":"\/fonts\/Unpacking\/834459fa5544ab8f7be758e7cc2e316be9b68942\/officinasansitc-bold.ufo\/glyphs\/U_grave.glif","\/fonts\/Unpacking\/834459fa5544ab8f7be758e7cc2e316be9b68942\/officinasansitc-bold.ufo\/glyphs\/V_.glif":"\/fonts\/Unpacking\/834459fa5544ab8f7be758e7cc2e316be9b68942\/officinasansitc-bold.ufo\/glyphs\/V_.glif","\/fonts\/Unpacking\/834459fa5544ab8f7be758e7cc2e316be9b68942\/officinasansitc-bold.ufo\/glyphs\/W_.glif":"\/fonts\/Unpacking\/834459fa5544ab8f7be758e7cc2e316be9b68942\/officinasansitc-bold.ufo\/glyphs\/W_.glif","\/fonts\/Unpacking\/834459fa5544ab8f7be758e7cc2e316be9b68942\/officinasansitc-bold.ufo\/glyphs\/X_.glif":"\/fonts\/Unpacking\/834459fa5544ab8f7be758e7cc2e316be9b68942\/officinasansitc-bold.ufo\/glyphs\/X_.glif","\/fonts\/Unpacking\/834459fa5544ab8f7be758e7cc2e316be9b68942\/officinasansitc-bold.ufo\/glyphs\/Y_.glif":"\/fonts\/Unpacking\/834459fa5544ab8f7be758e7cc2e316be9b68942\/officinasansitc-bold.ufo\/glyphs\/Y_.glif","\/fonts\/Unpacking\/834459fa5544ab8f7be758e7cc2e316be9b68942\/officinasansitc-bold.ufo\/glyphs\/Y_acute.glif":"\/fonts\/Unpacking\/834459fa5544ab8f7be758e7cc2e316be9b68942\/officinasansitc-bold.ufo\/glyphs\/Y_acute.glif","\/fonts\/Unpacking\/834459fa5544ab8f7be758e7cc2e316be9b68942\/officinasansitc-bold.ufo\/glyphs\/Y_dieresis.glif":"\/fonts\/Unpacking\/834459fa5544ab8f7be758e7cc2e316be9b68942\/officinasansitc-bold.ufo\/glyphs\/Y_dieresis.glif","\/fonts\/Unpacking\/834459fa5544ab8f7be758e7cc2e316be9b68942\/officinasansitc-bold.ufo\/glyphs\/Z_.glif":"\/fonts\/Unpacking\/834459fa5544ab8f7be758e7cc2e316be9b68942\/officinasansitc-bold.ufo\/glyphs\/Z_.glif","\/fonts\/Unpacking\/834459fa5544ab8f7be758e7cc2e316be9b68942\/officinasansitc-bold.ufo\/glyphs\/Z_caron.glif":"\/fonts\/Unpacking\/834459fa5544ab8f7be758e7cc2e316be9b68942\/officinasansitc-bold.ufo\/glyphs\/Z_caron.glif","\/fonts\/Unpacking\/834459fa5544ab8f7be758e7cc2e316be9b68942\/officinasansitc-bold.ufo\/glyphs\/a.glif":"\/fonts\/Unpacking\/834459fa5544ab8f7be758e7cc2e316be9b68942\/officinasansitc-bold.ufo\/glyphs\/a.glif","\/fonts\/Unpacking\/834459fa5544ab8f7be758e7cc2e316be9b68942\/officinasansitc-bold.ufo\/glyphs\/aacute.glif":"\/fonts\/Unpacking\/834459fa5544ab8f7be758e7cc2e316be9b68942\/officinasansitc-bold.ufo\/glyphs\/aacute.glif","\/fonts\/Unpacking\/834459fa5544ab8f7be758e7cc2e316be9b68942\/officinasansitc-bold.ufo\/glyphs\/acircumflex.glif":"\/fonts\/Unpacking\/834459fa5544ab8f7be758e7cc2e316be9b68942\/officinasansitc-bold.ufo\/glyphs\/acircumflex.glif","\/fonts\/Unpacking\/834459fa5544ab8f7be758e7cc2e316be9b68942\/officinasansitc-bold.ufo\/glyphs\/acute.glif":"\/fonts\/Unpacking\/834459fa5544ab8f7be758e7cc2e316be9b68942\/officinasansitc-bold.ufo\/glyphs\/acute.glif","\/fonts\/Unpacking\/834459fa5544ab8f7be758e7cc2e316be9b68942\/officinasansitc-bold.ufo\/glyphs\/adieresis.glif":"\/fonts\/Unpacking\/834459fa5544ab8f7be758e7cc2e316be9b68942\/officinasansitc-bold.ufo\/glyphs\/adieresis.glif","\/fonts\/Unpacking\/834459fa5544ab8f7be758e7cc2e316be9b68942\/officinasansitc-bold.ufo\/glyphs\/ae.glif":"\/fonts\/Unpacking\/834459fa5544ab8f7be758e7cc2e316be9b68942\/officinasansitc-bold.ufo\/glyphs\/ae.glif","\/fonts\/Unpacking\/834459fa5544ab8f7be758e7cc2e316be9b68942\/officinasansitc-bold.ufo\/glyphs\/agrave.glif":"\/fonts\/Unpacking\/834459fa5544ab8f7be758e7cc2e316be9b68942\/officinasansitc-bold.ufo\/glyphs\/agrave.glif","\/fonts\/Unpacking\/834459fa5544ab8f7be758e7cc2e316be9b68942\/officinasansitc-bold.ufo\/glyphs\/ampersand.glif":"\/fonts\/Unpacking\/834459fa5544ab8f7be758e7cc2e316be9b68942\/officinasansitc-bold.ufo\/glyphs\/ampersand.glif","\/fonts\/Unpacking\/834459fa5544ab8f7be758e7cc2e316be9b68942\/officinasansitc-bold.ufo\/glyphs\/aring.glif":"\/fonts\/Unpacking\/834459fa5544ab8f7be758e7cc2e316be9b68942\/officinasansitc-bold.ufo\/glyphs\/aring.glif","\/fonts\/Unpacking\/834459fa5544ab8f7be758e7cc2e316be9b68942\/officinasansitc-bold.ufo\/glyphs\/asciicircum.glif":"\/fonts\/Unpacking\/834459fa5544ab8f7be758e7cc2e316be9b68942\/officinasansitc-bold.ufo\/glyphs\/asciicircum.glif","\/fonts\/Unpacking\/834459fa5544ab8f7be758e7cc2e316be9b68942\/officinasansitc-bold.ufo\/glyphs\/asciitilde.glif":"\/fonts\/Unpacking\/834459fa5544ab8f7be758e7cc2e316be9b68942\/officinasansitc-bold.ufo\/glyphs\/asciitilde.glif","\/fonts\/Unpacking\/834459fa5544ab8f7be758e7cc2e316be9b68942\/officinasansitc-bold.ufo\/glyphs\/asterisk.glif":"\/fonts\/Unpacking\/834459fa5544ab8f7be758e7cc2e316be9b68942\/officinasansitc-bold.ufo\/glyphs\/asterisk.glif","\/fonts\/Unpacking\/834459fa5544ab8f7be758e7cc2e316be9b68942\/officinasansitc-bold.ufo\/glyphs\/at.glif":"\/fonts\/Unpacking\/834459fa5544ab8f7be758e7cc2e316be9b68942\/officinasansitc-bold.ufo\/glyphs\/at.glif","\/fonts\/Unpacking\/834459fa5544ab8f7be758e7cc2e316be9b68942\/officinasansitc-bold.ufo\/glyphs\/atilde.glif":"\/fonts\/Unpacking\/834459fa5544ab8f7be758e7cc2e316be9b68942\/officinasansitc-bold.ufo\/glyphs\/atilde.glif","\/fonts\/Unpacking\/834459fa5544ab8f7be758e7cc2e316be9b68942\/officinasansitc-bold.ufo\/glyphs\/b.glif":"\/fonts\/Unpacking\/834459fa5544ab8f7be758e7cc2e316be9b68942\/officinasansitc-bold.ufo\/glyphs\/b.glif","\/fonts\/Unpacking\/834459fa5544ab8f7be758e7cc2e316be9b68942\/officinasansitc-bold.ufo\/glyphs\/backslash.glif":"\/fonts\/Unpacking\/834459fa5544ab8f7be758e7cc2e316be9b68942\/officinasansitc-bold.ufo\/glyphs\/backslash.glif","\/fonts\/Unpacking\/834459fa5544ab8f7be758e7cc2e316be9b68942\/officinasansitc-bold.ufo\/glyphs\/bar.glif":"\/fonts\/Unpacking\/834459fa5544ab8f7be758e7cc2e316be9b68942\/officinasansitc-bold.ufo\/glyphs\/bar.glif","\/fonts\/Unpacking\/834459fa5544ab8f7be758e7cc2e316be9b68942\/officinasansitc-bold.ufo\/glyphs\/braceleft.glif":"\/fonts\/Unpacking\/834459fa5544ab8f7be758e7cc2e316be9b68942\/officinasansitc-bold.ufo\/glyphs\/braceleft.glif","\/fonts\/Unpacking\/834459fa5544ab8f7be758e7cc2e316be9b68942\/officinasansitc-bold.ufo\/glyphs\/braceright.glif":"\/fonts\/Unpacking\/834459fa5544ab8f7be758e7cc2e316be9b68942\/officinasansitc-bold.ufo\/glyphs\/braceright.glif","\/fonts\/Unpacking\/834459fa5544ab8f7be758e7cc2e316be9b68942\/officinasansitc-bold.ufo\/glyphs\/bracketleft.glif":"\/fonts\/Unpacking\/834459fa5544ab8f7be758e7cc2e316be9b68942\/officinasansitc-bold.ufo\/glyphs\/bracketleft.glif","\/fonts\/Unpacking\/834459fa5544ab8f7be758e7cc2e316be9b68942\/officinasansitc-bold.ufo\/glyphs\/bracketright.glif":"\/fonts\/Unpacking\/834459fa5544ab8f7be758e7cc2e316be9b68942\/officinasansitc-bold.ufo\/glyphs\/bracketright.glif","\/fonts\/Unpacking\/834459fa5544ab8f7be758e7cc2e316be9b68942\/officinasansitc-bold.ufo\/glyphs\/breve.glif":"\/fonts\/Unpacking\/834459fa5544ab8f7be758e7cc2e316be9b68942\/officinasansitc-bold.ufo\/glyphs\/breve.glif","\/fonts\/Unpacking\/834459fa5544ab8f7be758e7cc2e316be9b68942\/officinasansitc-bold.ufo\/glyphs\/brokenbar.glif":"\/fonts\/Unpacking\/834459fa5544ab8f7be758e7cc2e316be9b68942\/officinasansitc-bold.ufo\/glyphs\/brokenbar.glif","\/fonts\/Unpacking\/834459fa5544ab8f7be758e7cc2e316be9b68942\/officinasansitc-bold.ufo\/glyphs\/bullet.glif":"\/fonts\/Unpacking\/834459fa5544ab8f7be758e7cc2e316be9b68942\/officinasansitc-bold.ufo\/glyphs\/bullet.glif","\/fonts\/Unpacking\/834459fa5544ab8f7be758e7cc2e316be9b68942\/officinasansitc-bold.ufo\/glyphs\/c.glif":"\/fonts\/Unpacking\/834459fa5544ab8f7be758e7cc2e316be9b68942\/officinasansitc-bold.ufo\/glyphs\/c.glif","\/fonts\/Unpacking\/834459fa5544ab8f7be758e7cc2e316be9b68942\/officinasansitc-bold.ufo\/glyphs\/caron.glif":"\/fonts\/Unpacking\/834459fa5544ab8f7be758e7cc2e316be9b68942\/officinasansitc-bold.ufo\/glyphs\/caron.glif","\/fonts\/Unpacking\/834459fa5544ab8f7be758e7cc2e316be9b68942\/officinasansitc-bold.ufo\/glyphs\/ccedilla.glif":"\/fonts\/Unpacking\/834459fa5544ab8f7be758e7cc2e316be9b68942\/officinasansitc-bold.ufo\/glyphs\/ccedilla.glif","\/fonts\/Unpacking\/834459fa5544ab8f7be758e7cc2e316be9b68942\/officinasansitc-bold.ufo\/glyphs\/cedilla.glif":"\/fonts\/Unpacking\/834459fa5544ab8f7be758e7cc2e316be9b68942\/officinasansitc-bold.ufo\/glyphs\/cedilla.glif","\/fonts\/Unpacking\/834459fa5544ab8f7be758e7cc2e316be9b68942\/officinasansitc-bold.ufo\/glyphs\/cent.glif":"\/fonts\/Unpacking\/834459fa5544ab8f7be758e7cc2e316be9b68942\/officinasansitc-bold.ufo\/glyphs\/cent.glif","\/fonts\/Unpacking\/834459fa5544ab8f7be758e7cc2e316be9b68942\/officinasansitc-bold.ufo\/glyphs\/circumflex.glif":"\/fonts\/Unpacking\/834459fa5544ab8f7be758e7cc2e316be9b68942\/officinasansitc-bold.ufo\/glyphs\/circumflex.glif","\/fonts\/Unpacking\/834459fa5544ab8f7be758e7cc2e316be9b68942\/officinasansitc-bold.ufo\/glyphs\/colon.glif":"\/fonts\/Unpacking\/834459fa5544ab8f7be758e7cc2e316be9b68942\/officinasansitc-bold.ufo\/glyphs\/colon.glif","\/fonts\/Unpacking\/834459fa5544ab8f7be758e7cc2e316be9b68942\/officinasansitc-bold.ufo\/glyphs\/comma.glif":"\/fonts\/Unpacking\/834459fa5544ab8f7be758e7cc2e316be9b68942\/officinasansitc-bold.ufo\/glyphs\/comma.glif","\/fonts\/Unpacking\/834459fa5544ab8f7be758e7cc2e316be9b68942\/officinasansitc-bold.ufo\/glyphs\/contents.plist":"\/fonts\/Unpacking\/834459fa5544ab8f7be758e7cc2e316be9b68942\/officinasansitc-bold.ufo\/glyphs\/contents.plist","\/fonts\/Unpacking\/834459fa5544ab8f7be758e7cc2e316be9b68942\/officinasansitc-bold.ufo\/glyphs\/copyright.glif":"\/fonts\/Unpacking\/834459fa5544ab8f7be758e7cc2e316be9b68942\/officinasansitc-bold.ufo\/glyphs\/copyright.glif","\/fonts\/Unpacking\/834459fa5544ab8f7be758e7cc2e316be9b68942\/officinasansitc-bold.ufo\/glyphs\/currency.glif":"\/fonts\/Unpacking\/834459fa5544ab8f7be758e7cc2e316be9b68942\/officinasansitc-bold.ufo\/glyphs\/currency.glif","\/fonts\/Unpacking\/834459fa5544ab8f7be758e7cc2e316be9b68942\/officinasansitc-bold.ufo\/glyphs\/d.glif":"\/fonts\/Unpacking\/834459fa5544ab8f7be758e7cc2e316be9b68942\/officinasansitc-bold.ufo\/glyphs\/d.glif","\/fonts\/Unpacking\/834459fa5544ab8f7be758e7cc2e316be9b68942\/officinasansitc-bold.ufo\/glyphs\/dagger.glif":"\/fonts\/Unpacking\/834459fa5544ab8f7be758e7cc2e316be9b68942\/officinasansitc-bold.ufo\/glyphs\/dagger.glif","\/fonts\/Unpacking\/834459fa5544ab8f7be758e7cc2e316be9b68942\/officinasansitc-bold.ufo\/glyphs\/daggerdbl.glif":"\/fonts\/Unpacking\/834459fa5544ab8f7be758e7cc2e316be9b68942\/officinasansitc-bold.ufo\/glyphs\/daggerdbl.glif","\/fonts\/Unpacking\/834459fa5544ab8f7be758e7cc2e316be9b68942\/officinasansitc-bold.ufo\/glyphs\/degree.glif":"\/fonts\/Unpacking\/834459fa5544ab8f7be758e7cc2e316be9b68942\/officinasansitc-bold.ufo\/glyphs\/degree.glif","\/fonts\/Unpacking\/834459fa5544ab8f7be758e7cc2e316be9b68942\/officinasansitc-bold.ufo\/glyphs\/dieresis.glif":"\/fonts\/Unpacking\/834459fa5544ab8f7be758e7cc2e316be9b68942\/officinasansitc-bold.ufo\/glyphs\/dieresis.glif","\/fonts\/Unpacking\/834459fa5544ab8f7be758e7cc2e316be9b68942\/officinasansitc-bold.ufo\/glyphs\/divide.glif":"\/fonts\/Unpacking\/834459fa5544ab8f7be758e7cc2e316be9b68942\/officinasansitc-bold.ufo\/glyphs\/divide.glif","\/fonts\/Unpacking\/834459fa5544ab8f7be758e7cc2e316be9b68942\/officinasansitc-bold.ufo\/glyphs\/dollar.glif":"\/fonts\/Unpacking\/834459fa5544ab8f7be758e7cc2e316be9b68942\/officinasansitc-bold.ufo\/glyphs\/dollar.glif","\/fonts\/Unpacking\/834459fa5544ab8f7be758e7cc2e316be9b68942\/officinasansitc-bold.ufo\/glyphs\/dotaccent.glif":"\/fonts\/Unpacking\/834459fa5544ab8f7be758e7cc2e316be9b68942\/officinasansitc-bold.ufo\/glyphs\/dotaccent.glif","\/fonts\/Unpacking\/834459fa5544ab8f7be758e7cc2e316be9b68942\/officinasansitc-bold.ufo\/glyphs\/dotlessi.glif":"\/fonts\/Unpacking\/834459fa5544ab8f7be758e7cc2e316be9b68942\/officinasansitc-bold.ufo\/glyphs\/dotlessi.glif","\/fonts\/Unpacking\/834459fa5544ab8f7be758e7cc2e316be9b68942\/officinasansitc-bold.ufo\/glyphs\/e.glif":"\/fonts\/Unpacking\/834459fa5544ab8f7be758e7cc2e316be9b68942\/officinasansitc-bold.ufo\/glyphs\/e.glif","\/fonts\/Unpacking\/834459fa5544ab8f7be758e7cc2e316be9b68942\/officinasansitc-bold.ufo\/glyphs\/eacute.glif":"\/fonts\/Unpacking\/834459fa5544ab8f7be758e7cc2e316be9b68942\/officinasansitc-bold.ufo\/glyphs\/eacute.glif","\/fonts\/Unpacking\/834459fa5544ab8f7be758e7cc2e316be9b68942\/officinasansitc-bold.ufo\/glyphs\/ecircumflex.glif":"\/fonts\/Unpacking\/834459fa5544ab8f7be758e7cc2e316be9b68942\/officinasansitc-bold.ufo\/glyphs\/ecircumflex.glif","\/fonts\/Unpacking\/834459fa5544ab8f7be758e7cc2e316be9b68942\/officinasansitc-bold.ufo\/glyphs\/edieresis.glif":"\/fonts\/Unpacking\/834459fa5544ab8f7be758e7cc2e316be9b68942\/officinasansitc-bold.ufo\/glyphs\/edieresis.glif","\/fonts\/Unpacking\/834459fa5544ab8f7be758e7cc2e316be9b68942\/officinasansitc-bold.ufo\/glyphs\/egrave.glif":"\/fonts\/Unpacking\/834459fa5544ab8f7be758e7cc2e316be9b68942\/officinasansitc-bold.ufo\/glyphs\/egrave.glif","\/fonts\/Unpacking\/834459fa5544ab8f7be758e7cc2e316be9b68942\/officinasansitc-bold.ufo\/glyphs\/eight.glif":"\/fonts\/Unpacking\/834459fa5544ab8f7be758e7cc2e316be9b68942\/officinasansitc-bold.ufo\/glyphs\/eight.glif","\/fonts\/Unpacking\/834459fa5544ab8f7be758e7cc2e316be9b68942\/officinasansitc-bold.ufo\/glyphs\/ellipsis.glif":"\/fonts\/Unpacking\/834459fa5544ab8f7be758e7cc2e316be9b68942\/officinasansitc-bold.ufo\/glyphs\/ellipsis.glif","\/fonts\/Unpacking\/834459fa5544ab8f7be758e7cc2e316be9b68942\/officinasansitc-bold.ufo\/glyphs\/emdash.glif":"\/fonts\/Unpacking\/834459fa5544ab8f7be758e7cc2e316be9b68942\/officinasansitc-bold.ufo\/glyphs\/emdash.glif","\/fonts\/Unpacking\/834459fa5544ab8f7be758e7cc2e316be9b68942\/officinasansitc-bold.ufo\/glyphs\/endash.glif":"\/fonts\/Unpacking\/834459fa5544ab8f7be758e7cc2e316be9b68942\/officinasansitc-bold.ufo\/glyphs\/endash.glif","\/fonts\/Unpacking\/834459fa5544ab8f7be758e7cc2e316be9b68942\/officinasansitc-bold.ufo\/glyphs\/equal.glif":"\/fonts\/Unpacking\/834459fa5544ab8f7be758e7cc2e316be9b68942\/officinasansitc-bold.ufo\/glyphs\/equal.glif","\/fonts\/Unpacking\/834459fa5544ab8f7be758e7cc2e316be9b68942\/officinasansitc-bold.ufo\/glyphs\/eth.glif":"\/fonts\/Unpacking\/834459fa5544ab8f7be758e7cc2e316be9b68942\/officinasansitc-bold.ufo\/glyphs\/eth.glif","\/fonts\/Unpacking\/834459fa5544ab8f7be758e7cc2e316be9b68942\/officinasansitc-bold.ufo\/glyphs\/exclam.glif":"\/fonts\/Unpacking\/834459fa5544ab8f7be758e7cc2e316be9b68942\/officinasansitc-bold.ufo\/glyphs\/exclam.glif","\/fonts\/Unpacking\/834459fa5544ab8f7be758e7cc2e316be9b68942\/officinasansitc-bold.ufo\/glyphs\/exclamdown.glif":"\/fonts\/Unpacking\/834459fa5544ab8f7be758e7cc2e316be9b68942\/officinasansitc-bold.ufo\/glyphs\/exclamdown.glif","\/fonts\/Unpacking\/834459fa5544ab8f7be758e7cc2e316be9b68942\/officinasansitc-bold.ufo\/glyphs\/f.glif":"\/fonts\/Unpacking\/834459fa5544ab8f7be758e7cc2e316be9b68942\/officinasansitc-bold.ufo\/glyphs\/f.glif","\/fonts\/Unpacking\/834459fa5544ab8f7be758e7cc2e316be9b68942\/officinasansitc-bold.ufo\/glyphs\/fi.glif":"\/fonts\/Unpacking\/834459fa5544ab8f7be758e7cc2e316be9b68942\/officinasansitc-bold.ufo\/glyphs\/fi.glif","\/fonts\/Unpacking\/834459fa5544ab8f7be758e7cc2e316be9b68942\/officinasansitc-bold.ufo\/glyphs\/five.glif":"\/fonts\/Unpacking\/834459fa5544ab8f7be758e7cc2e316be9b68942\/officinasansitc-bold.ufo\/glyphs\/five.glif","\/fonts\/Unpacking\/834459fa5544ab8f7be758e7cc2e316be9b68942\/officinasansitc-bold.ufo\/glyphs\/fl.glif":"\/fonts\/Unpacking\/834459fa5544ab8f7be758e7cc2e316be9b68942\/officinasansitc-bold.ufo\/glyphs\/fl.glif","\/fonts\/Unpacking\/834459fa5544ab8f7be758e7cc2e316be9b68942\/officinasansitc-bold.ufo\/glyphs\/florin.glif":"\/fonts\/Unpacking\/834459fa5544ab8f7be758e7cc2e316be9b68942\/officinasansitc-bold.ufo\/glyphs\/florin.glif","\/fonts\/Unpacking\/834459fa5544ab8f7be758e7cc2e316be9b68942\/officinasansitc-bold.ufo\/glyphs\/four.glif":"\/fonts\/Unpacking\/834459fa5544ab8f7be758e7cc2e316be9b68942\/officinasansitc-bold.ufo\/glyphs\/four.glif","\/fonts\/Unpacking\/834459fa5544ab8f7be758e7cc2e316be9b68942\/officinasansitc-bold.ufo\/glyphs\/fraction.glif":"\/fonts\/Unpacking\/834459fa5544ab8f7be758e7cc2e316be9b68942\/officinasansitc-bold.ufo\/glyphs\/fraction.glif","\/fonts\/Unpacking\/834459fa5544ab8f7be758e7cc2e316be9b68942\/officinasansitc-bold.ufo\/glyphs\/g.glif":"\/fonts\/Unpacking\/834459fa5544ab8f7be758e7cc2e316be9b68942\/officinasansitc-bold.ufo\/glyphs\/g.glif","\/fonts\/Unpacking\/834459fa5544ab8f7be758e7cc2e316be9b68942\/officinasansitc-bold.ufo\/glyphs\/germandbls.glif":"\/fonts\/Unpacking\/834459fa5544ab8f7be758e7cc2e316be9b68942\/officinasansitc-bold.ufo\/glyphs\/germandbls.glif","\/fonts\/Unpacking\/834459fa5544ab8f7be758e7cc2e316be9b68942\/officinasansitc-bold.ufo\/glyphs\/grave.glif":"\/fonts\/Unpacking\/834459fa5544ab8f7be758e7cc2e316be9b68942\/officinasansitc-bold.ufo\/glyphs\/grave.glif","\/fonts\/Unpacking\/834459fa5544ab8f7be758e7cc2e316be9b68942\/officinasansitc-bold.ufo\/glyphs\/greater.glif":"\/fonts\/Unpacking\/834459fa5544ab8f7be758e7cc2e316be9b68942\/officinasansitc-bold.ufo\/glyphs\/greater.glif","\/fonts\/Unpacking\/834459fa5544ab8f7be758e7cc2e316be9b68942\/officinasansitc-bold.ufo\/glyphs\/guillemotleft.glif":"\/fonts\/Unpacking\/834459fa5544ab8f7be758e7cc2e316be9b68942\/officinasansitc-bold.ufo\/glyphs\/guillemotleft.glif","\/fonts\/Unpacking\/834459fa5544ab8f7be758e7cc2e316be9b68942\/officinasansitc-bold.ufo\/glyphs\/guillemotright.glif":"\/fonts\/Unpacking\/834459fa5544ab8f7be758e7cc2e316be9b68942\/officinasansitc-bold.ufo\/glyphs\/guillemotright.glif","\/fonts\/Unpacking\/834459fa5544ab8f7be758e7cc2e316be9b68942\/officinasansitc-bold.ufo\/glyphs\/guilsinglleft.glif":"\/fonts\/Unpacking\/834459fa5544ab8f7be758e7cc2e316be9b68942\/officinasansitc-bold.ufo\/glyphs\/guilsinglleft.glif","\/fonts\/Unpacking\/834459fa5544ab8f7be758e7cc2e316be9b68942\/officinasansitc-bold.ufo\/glyphs\/guilsinglright.glif":"\/fonts\/Unpacking\/834459fa5544ab8f7be758e7cc2e316be9b68942\/officinasansitc-bold.ufo\/glyphs\/guilsinglright.glif","\/fonts\/Unpacking\/834459fa5544ab8f7be758e7cc2e316be9b68942\/officinasansitc-bold.ufo\/glyphs\/h.glif":"\/fonts\/Unpacking\/834459fa5544ab8f7be758e7cc2e316be9b68942\/officinasansitc-bold.ufo\/glyphs\/h.glif","\/fonts\/Unpacking\/834459fa5544ab8f7be758e7cc2e316be9b68942\/officinasansitc-bold.ufo\/glyphs\/hungarumlaut.glif":"\/fonts\/Unpacking\/834459fa5544ab8f7be758e7cc2e316be9b68942\/officinasansitc-bold.ufo\/glyphs\/hungarumlaut.glif","\/fonts\/Unpacking\/834459fa5544ab8f7be758e7cc2e316be9b68942\/officinasansitc-bold.ufo\/glyphs\/hyphen.glif":"\/fonts\/Unpacking\/834459fa5544ab8f7be758e7cc2e316be9b68942\/officinasansitc-bold.ufo\/glyphs\/hyphen.glif","\/fonts\/Unpacking\/834459fa5544ab8f7be758e7cc2e316be9b68942\/officinasansitc-bold.ufo\/glyphs\/i.glif":"\/fonts\/Unpacking\/834459fa5544ab8f7be758e7cc2e316be9b68942\/officinasansitc-bold.ufo\/glyphs\/i.glif","\/fonts\/Unpacking\/834459fa5544ab8f7be758e7cc2e316be9b68942\/officinasansitc-bold.ufo\/glyphs\/iacute.glif":"\/fonts\/Unpacking\/834459fa5544ab8f7be758e7cc2e316be9b68942\/officinasansitc-bold.ufo\/glyphs\/iacute.glif","\/fonts\/Unpacking\/834459fa5544ab8f7be758e7cc2e316be9b68942\/officinasansitc-bold.ufo\/glyphs\/icircumflex.glif":"\/fonts\/Unpacking\/834459fa5544ab8f7be758e7cc2e316be9b68942\/officinasansitc-bold.ufo\/glyphs\/icircumflex.glif","\/fonts\/Unpacking\/834459fa5544ab8f7be758e7cc2e316be9b68942\/officinasansitc-bold.ufo\/glyphs\/idieresis.glif":"\/fonts\/Unpacking\/834459fa5544ab8f7be758e7cc2e316be9b68942\/officinasansitc-bold.ufo\/glyphs\/idieresis.glif","\/fonts\/Unpacking\/834459fa5544ab8f7be758e7cc2e316be9b68942\/officinasansitc-bold.ufo\/glyphs\/igrave.glif":"\/fonts\/Unpacking\/834459fa5544ab8f7be758e7cc2e316be9b68942\/officinasansitc-bold.ufo\/glyphs\/igrave.glif","\/fonts\/Unpacking\/834459fa5544ab8f7be758e7cc2e316be9b68942\/officinasansitc-bold.ufo\/glyphs\/j.glif":"\/fonts\/Unpacking\/834459fa5544ab8f7be758e7cc2e316be9b68942\/officinasansitc-bold.ufo\/glyphs\/j.glif","\/fonts\/Unpacking\/834459fa5544ab8f7be758e7cc2e316be9b68942\/officinasansitc-bold.ufo\/glyphs\/k.glif":"\/fonts\/Unpacking\/834459fa5544ab8f7be758e7cc2e316be9b68942\/officinasansitc-bold.ufo\/glyphs\/k.glif","\/fonts\/Unpacking\/834459fa5544ab8f7be758e7cc2e316be9b68942\/officinasansitc-bold.ufo\/glyphs\/l.glif":"\/fonts\/Unpacking\/834459fa5544ab8f7be758e7cc2e316be9b68942\/officinasansitc-bold.ufo\/glyphs\/l.glif","\/fonts\/Unpacking\/834459fa5544ab8f7be758e7cc2e316be9b68942\/officinasansitc-bold.ufo\/glyphs\/less.glif":"\/fonts\/Unpacking\/834459fa5544ab8f7be758e7cc2e316be9b68942\/officinasansitc-bold.ufo\/glyphs\/less.glif","\/fonts\/Unpacking\/834459fa5544ab8f7be758e7cc2e316be9b68942\/officinasansitc-bold.ufo\/glyphs\/logicalnot.glif":"\/fonts\/Unpacking\/834459fa5544ab8f7be758e7cc2e316be9b68942\/officinasansitc-bold.ufo\/glyphs\/logicalnot.glif","\/fonts\/Unpacking\/834459fa5544ab8f7be758e7cc2e316be9b68942\/officinasansitc-bold.ufo\/glyphs\/lslash.glif":"\/fonts\/Unpacking\/834459fa5544ab8f7be758e7cc2e316be9b68942\/officinasansitc-bold.ufo\/glyphs\/lslash.glif","\/fonts\/Unpacking\/834459fa5544ab8f7be758e7cc2e316be9b68942\/officinasansitc-bold.ufo\/glyphs\/m.glif":"\/fonts\/Unpacking\/834459fa5544ab8f7be758e7cc2e316be9b68942\/officinasansitc-bold.ufo\/glyphs\/m.glif","\/fonts\/Unpacking\/834459fa5544ab8f7be758e7cc2e316be9b68942\/officinasansitc-bold.ufo\/glyphs\/macron.glif":"\/fonts\/Unpacking\/834459fa5544ab8f7be758e7cc2e316be9b68942\/officinasansitc-bold.ufo\/glyphs\/macron.glif","\/fonts\/Unpacking\/834459fa5544ab8f7be758e7cc2e316be9b68942\/officinasansitc-bold.ufo\/glyphs\/middot.glif":"\/fonts\/Unpacking\/834459fa5544ab8f7be758e7cc2e316be9b68942\/officinasansitc-bold.ufo\/glyphs\/middot.glif","\/fonts\/Unpacking\/834459fa5544ab8f7be758e7cc2e316be9b68942\/officinasansitc-bold.ufo\/glyphs\/minus.glif":"\/fonts\/Unpacking\/834459fa5544ab8f7be758e7cc2e316be9b68942\/officinasansitc-bold.ufo\/glyphs\/minus.glif","\/fonts\/Unpacking\/834459fa5544ab8f7be758e7cc2e316be9b68942\/officinasansitc-bold.ufo\/glyphs\/mu.glif":"\/fonts\/Unpacking\/834459fa5544ab8f7be758e7cc2e316be9b68942\/officinasansitc-bold.ufo\/glyphs\/mu.glif","\/fonts\/Unpacking\/834459fa5544ab8f7be758e7cc2e316be9b68942\/officinasansitc-bold.ufo\/glyphs\/multiply.glif":"\/fonts\/Unpacking\/834459fa5544ab8f7be758e7cc2e316be9b68942\/officinasansitc-bold.ufo\/glyphs\/multiply.glif","\/fonts\/Unpacking\/834459fa5544ab8f7be758e7cc2e316be9b68942\/officinasansitc-bold.ufo\/glyphs\/n.glif":"\/fonts\/Unpacking\/834459fa5544ab8f7be758e7cc2e316be9b68942\/officinasansitc-bold.ufo\/glyphs\/n.glif","\/fonts\/Unpacking\/834459fa5544ab8f7be758e7cc2e316be9b68942\/officinasansitc-bold.ufo\/glyphs\/nbspace.glif":"\/fonts\/Unpacking\/834459fa5544ab8f7be758e7cc2e316be9b68942\/officinasansitc-bold.ufo\/glyphs\/nbspace.glif","\/fonts\/Unpacking\/834459fa5544ab8f7be758e7cc2e316be9b68942\/officinasansitc-bold.ufo\/glyphs\/nine.glif":"\/fonts\/Unpacking\/834459fa5544ab8f7be758e7cc2e316be9b68942\/officinasansitc-bold.ufo\/glyphs\/nine.glif","\/fonts\/Unpacking\/834459fa5544ab8f7be758e7cc2e316be9b68942\/officinasansitc-bold.ufo\/glyphs\/ntilde.glif":"\/fonts\/Unpacking\/834459fa5544ab8f7be758e7cc2e316be9b68942\/officinasansitc-bold.ufo\/glyphs\/ntilde.glif","\/fonts\/Unpacking\/834459fa5544ab8f7be758e7cc2e316be9b68942\/officinasansitc-bold.ufo\/glyphs\/numbersign.glif":"\/fonts\/Unpacking\/834459fa5544ab8f7be758e7cc2e316be9b68942\/officinasansitc-bold.ufo\/glyphs\/numbersign.glif","\/fonts\/Unpacking\/834459fa5544ab8f7be758e7cc2e316be9b68942\/officinasansitc-bold.ufo\/glyphs\/o.glif":"\/fonts\/Unpacking\/834459fa5544ab8f7be758e7cc2e316be9b68942\/officinasansitc-bold.ufo\/glyphs\/o.glif","\/fonts\/Unpacking\/834459fa5544ab8f7be758e7cc2e316be9b68942\/officinasansitc-bold.ufo\/glyphs\/oacute.glif":"\/fonts\/Unpacking\/834459fa5544ab8f7be758e7cc2e316be9b68942\/officinasansitc-bold.ufo\/glyphs\/oacute.glif","\/fonts\/Unpacking\/834459fa5544ab8f7be758e7cc2e316be9b68942\/officinasansitc-bold.ufo\/glyphs\/ocircumflex.glif":"\/fonts\/Unpacking\/834459fa5544ab8f7be758e7cc2e316be9b68942\/officinasansitc-bold.ufo\/glyphs\/ocircumflex.glif","\/fonts\/Unpacking\/834459fa5544ab8f7be758e7cc2e316be9b68942\/officinasansitc-bold.ufo\/glyphs\/odieresis.glif":"\/fonts\/Unpacking\/834459fa5544ab8f7be758e7cc2e316be9b68942\/officinasansitc-bold.ufo\/glyphs\/odieresis.glif","\/fonts\/Unpacking\/834459fa5544ab8f7be758e7cc2e316be9b68942\/officinasansitc-bold.ufo\/glyphs\/oe.glif":"\/fonts\/Unpacking\/834459fa5544ab8f7be758e7cc2e316be9b68942\/officinasansitc-bold.ufo\/glyphs\/oe.glif","\/fonts\/Unpacking\/834459fa5544ab8f7be758e7cc2e316be9b68942\/officinasansitc-bold.ufo\/glyphs\/ogonek.glif":"\/fonts\/Unpacking\/834459fa5544ab8f7be758e7cc2e316be9b68942\/officinasansitc-bold.ufo\/glyphs\/ogonek.glif","\/fonts\/Unpacking\/834459fa5544ab8f7be758e7cc2e316be9b68942\/officinasansitc-bold.ufo\/glyphs\/ograve.glif":"\/fonts\/Unpacking\/834459fa5544ab8f7be758e7cc2e316be9b68942\/officinasansitc-bold.ufo\/glyphs\/ograve.glif","\/fonts\/Unpacking\/834459fa5544ab8f7be758e7cc2e316be9b68942\/officinasansitc-bold.ufo\/glyphs\/one.glif":"\/fonts\/Unpacking\/834459fa5544ab8f7be758e7cc2e316be9b68942\/officinasansitc-bold.ufo\/glyphs\/one.glif","\/fonts\/Unpacking\/834459fa5544ab8f7be758e7cc2e316be9b68942\/officinasansitc-bold.ufo\/glyphs\/onehalf.glif":"\/fonts\/Unpacking\/834459fa5544ab8f7be758e7cc2e316be9b68942\/officinasansitc-bold.ufo\/glyphs\/onehalf.glif","\/fonts\/Unpacking\/834459fa5544ab8f7be758e7cc2e316be9b68942\/officinasansitc-bold.ufo\/glyphs\/onequarter.glif":"\/fonts\/Unpacking\/834459fa5544ab8f7be758e7cc2e316be9b68942\/officinasansitc-bold.ufo\/glyphs\/onequarter.glif","\/fonts\/Unpacking\/834459fa5544ab8f7be758e7cc2e316be9b68942\/officinasansitc-bold.ufo\/glyphs\/onesuperior.glif":"\/fonts\/Unpacking\/834459fa5544ab8f7be758e7cc2e316be9b68942\/officinasansitc-bold.ufo\/glyphs\/onesuperior.glif","\/fonts\/Unpacking\/834459fa5544ab8f7be758e7cc2e316be9b68942\/officinasansitc-bold.ufo\/glyphs\/ordfeminine.glif":"\/fonts\/Unpacking\/834459fa5544ab8f7be758e7cc2e316be9b68942\/officinasansitc-bold.ufo\/glyphs\/ordfeminine.glif","\/fonts\/Unpacking\/834459fa5544ab8f7be758e7cc2e316be9b68942\/officinasansitc-bold.ufo\/glyphs\/ordmasculine.glif":"\/fonts\/Unpacking\/834459fa5544ab8f7be758e7cc2e316be9b68942\/officinasansitc-bold.ufo\/glyphs\/ordmasculine.glif","\/fonts\/Unpacking\/834459fa5544ab8f7be758e7cc2e316be9b68942\/officinasansitc-bold.ufo\/glyphs\/oslash.glif":"\/fonts\/Unpacking\/834459fa5544ab8f7be758e7cc2e316be9b68942\/officinasansitc-bold.ufo\/glyphs\/oslash.glif","\/fonts\/Unpacking\/834459fa5544ab8f7be758e7cc2e316be9b68942\/officinasansitc-bold.ufo\/glyphs\/otilde.glif":"\/fonts\/Unpacking\/834459fa5544ab8f7be758e7cc2e316be9b68942\/officinasansitc-bold.ufo\/glyphs\/otilde.glif","\/fonts\/Unpacking\/834459fa5544ab8f7be758e7cc2e316be9b68942\/officinasansitc-bold.ufo\/glyphs\/p.glif":"\/fonts\/Unpacking\/834459fa5544ab8f7be758e7cc2e316be9b68942\/officinasansitc-bold.ufo\/glyphs\/p.glif","\/fonts\/Unpacking\/834459fa5544ab8f7be758e7cc2e316be9b68942\/officinasansitc-bold.ufo\/glyphs\/paragraph.glif":"\/fonts\/Unpacking\/834459fa5544ab8f7be758e7cc2e316be9b68942\/officinasansitc-bold.ufo\/glyphs\/paragraph.glif","\/fonts\/Unpacking\/834459fa5544ab8f7be758e7cc2e316be9b68942\/officinasansitc-bold.ufo\/glyphs\/parenleft.glif":"\/fonts\/Unpacking\/834459fa5544ab8f7be758e7cc2e316be9b68942\/officinasansitc-bold.ufo\/glyphs\/parenleft.glif","\/fonts\/Unpacking\/834459fa5544ab8f7be758e7cc2e316be9b68942\/officinasansitc-bold.ufo\/glyphs\/parenright.glif":"\/fonts\/Unpacking\/834459fa5544ab8f7be758e7cc2e316be9b68942\/officinasansitc-bold.ufo\/glyphs\/parenright.glif","\/fonts\/Unpacking\/834459fa5544ab8f7be758e7cc2e316be9b68942\/officinasansitc-bold.ufo\/glyphs\/percent.glif":"\/fonts\/Unpacking\/834459fa5544ab8f7be758e7cc2e316be9b68942\/officinasansitc-bold.ufo\/glyphs\/percent.glif","\/fonts\/Unpacking\/834459fa5544ab8f7be758e7cc2e316be9b68942\/officinasansitc-bold.ufo\/glyphs\/period.glif":"\/fonts\/Unpacking\/834459fa5544ab8f7be758e7cc2e316be9b68942\/officinasansitc-bold.ufo\/glyphs\/period.glif","\/fonts\/Unpacking\/834459fa5544ab8f7be758e7cc2e316be9b68942\/officinasansitc-bold.ufo\/glyphs\/periodcentered.glif":"\/fonts\/Unpacking\/834459fa5544ab8f7be758e7cc2e316be9b68942\/officinasansitc-bold.ufo\/glyphs\/periodcentered.glif","\/fonts\/Unpacking\/834459fa5544ab8f7be758e7cc2e316be9b68942\/officinasansitc-bold.ufo\/glyphs\/perthousand.glif":"\/fonts\/Unpacking\/834459fa5544ab8f7be758e7cc2e316be9b68942\/officinasansitc-bold.ufo\/glyphs\/perthousand.glif","\/fonts\/Unpacking\/834459fa5544ab8f7be758e7cc2e316be9b68942\/officinasansitc-bold.ufo\/glyphs\/plus.glif":"\/fonts\/Unpacking\/834459fa5544ab8f7be758e7cc2e316be9b68942\/officinasansitc-bold.ufo\/glyphs\/plus.glif","\/fonts\/Unpacking\/834459fa5544ab8f7be758e7cc2e316be9b68942\/officinasansitc-bold.ufo\/glyphs\/plusminus.glif":"\/fonts\/Unpacking\/834459fa5544ab8f7be758e7cc2e316be9b68942\/officinasansitc-bold.ufo\/glyphs\/plusminus.glif","\/fonts\/Unpacking\/834459fa5544ab8f7be758e7cc2e316be9b68942\/officinasansitc-bold.ufo\/glyphs\/q.glif":"\/fonts\/Unpacking\/834459fa5544ab8f7be758e7cc2e316be9b68942\/officinasansitc-bold.ufo\/glyphs\/q.glif","\/fonts\/Unpacking\/834459fa5544ab8f7be758e7cc2e316be9b68942\/officinasansitc-bold.ufo\/glyphs\/question.glif":"\/fonts\/Unpacking\/834459fa5544ab8f7be758e7cc2e316be9b68942\/officinasansitc-bold.ufo\/glyphs\/question.glif","\/fonts\/Unpacking\/834459fa5544ab8f7be758e7cc2e316be9b68942\/officinasansitc-bold.ufo\/glyphs\/questiondown.glif":"\/fonts\/Unpacking\/834459fa5544ab8f7be758e7cc2e316be9b68942\/officinasansitc-bold.ufo\/glyphs\/questiondown.glif","\/fonts\/Unpacking\/834459fa5544ab8f7be758e7cc2e316be9b68942\/officinasansitc-bold.ufo\/glyphs\/quotedbl.glif":"\/fonts\/Unpacking\/834459fa5544ab8f7be758e7cc2e316be9b68942\/officinasansitc-bold.ufo\/glyphs\/quotedbl.glif","\/fonts\/Unpacking\/834459fa5544ab8f7be758e7cc2e316be9b68942\/officinasansitc-bold.ufo\/glyphs\/quotedblbase.glif":"\/fonts\/Unpacking\/834459fa5544ab8f7be758e7cc2e316be9b68942\/officinasansitc-bold.ufo\/glyphs\/quotedblbase.glif","\/fonts\/Unpacking\/834459fa5544ab8f7be758e7cc2e316be9b68942\/officinasansitc-bold.ufo\/glyphs\/quotedblleft.glif":"\/fonts\/Unpacking\/834459fa5544ab8f7be758e7cc2e316be9b68942\/officinasansitc-bold.ufo\/glyphs\/quotedblleft.glif","\/fonts\/Unpacking\/834459fa5544ab8f7be758e7cc2e316be9b68942\/officinasansitc-bold.ufo\/glyphs\/quotedblright.glif":"\/fonts\/Unpacking\/834459fa5544ab8f7be758e7cc2e316be9b68942\/officinasansitc-bold.ufo\/glyphs\/quotedblright.glif","\/fonts\/Unpacking\/834459fa5544ab8f7be758e7cc2e316be9b68942\/officinasansitc-bold.ufo\/glyphs\/quoteleft.glif":"\/fonts\/Unpacking\/834459fa5544ab8f7be758e7cc2e316be9b68942\/officinasansitc-bold.ufo\/glyphs\/quoteleft.glif","\/fonts\/Unpacking\/834459fa5544ab8f7be758e7cc2e316be9b68942\/officinasansitc-bold.ufo\/glyphs\/quoteright.glif":"\/fonts\/Unpacking\/834459fa5544ab8f7be758e7cc2e316be9b68942\/officinasansitc-bold.ufo\/glyphs\/quoteright.glif","\/fonts\/Unpacking\/834459fa5544ab8f7be758e7cc2e316be9b68942\/officinasansitc-bold.ufo\/glyphs\/quotesinglbase.glif":"\/fonts\/Unpacking\/834459fa5544ab8f7be758e7cc2e316be9b68942\/officinasansitc-bold.ufo\/glyphs\/quotesinglbase.glif","\/fonts\/Unpacking\/834459fa5544ab8f7be758e7cc2e316be9b68942\/officinasansitc-bold.ufo\/glyphs\/quotesingle.glif":"\/fonts\/Unpacking\/834459fa5544ab8f7be758e7cc2e316be9b68942\/officinasansitc-bold.ufo\/glyphs\/quotesingle.glif","\/fonts\/Unpacking\/834459fa5544ab8f7be758e7cc2e316be9b68942\/officinasansitc-bold.ufo\/glyphs\/r.glif":"\/fonts\/Unpacking\/834459fa5544ab8f7be758e7cc2e316be9b68942\/officinasansitc-bold.ufo\/glyphs\/r.glif","\/fonts\/Unpacking\/834459fa5544ab8f7be758e7cc2e316be9b68942\/officinasansitc-bold.ufo\/glyphs\/registered.glif":"\/fonts\/Unpacking\/834459fa5544ab8f7be758e7cc2e316be9b68942\/officinasansitc-bold.ufo\/glyphs\/registered.glif","\/fonts\/Unpacking\/834459fa5544ab8f7be758e7cc2e316be9b68942\/officinasansitc-bold.ufo\/glyphs\/ring.glif":"\/fonts\/Unpacking\/834459fa5544ab8f7be758e7cc2e316be9b68942\/officinasansitc-bold.ufo\/glyphs\/ring.glif","\/fonts\/Unpacking\/834459fa5544ab8f7be758e7cc2e316be9b68942\/officinasansitc-bold.ufo\/glyphs\/s.glif":"\/fonts\/Unpacking\/834459fa5544ab8f7be758e7cc2e316be9b68942\/officinasansitc-bold.ufo\/glyphs\/s.glif","\/fonts\/Unpacking\/834459fa5544ab8f7be758e7cc2e316be9b68942\/officinasansitc-bold.ufo\/glyphs\/scaron.glif":"\/fonts\/Unpacking\/834459fa5544ab8f7be758e7cc2e316be9b68942\/officinasansitc-bold.ufo\/glyphs\/scaron.glif","\/fonts\/Unpacking\/834459fa5544ab8f7be758e7cc2e316be9b68942\/officinasansitc-bold.ufo\/glyphs\/section.glif":"\/fonts\/Unpacking\/834459fa5544ab8f7be758e7cc2e316be9b68942\/officinasansitc-bold.ufo\/glyphs\/section.glif","\/fonts\/Unpacking\/834459fa5544ab8f7be758e7cc2e316be9b68942\/officinasansitc-bold.ufo\/glyphs\/semicolon.glif":"\/fonts\/Unpacking\/834459fa5544ab8f7be758e7cc2e316be9b68942\/officinasansitc-bold.ufo\/glyphs\/semicolon.glif","\/fonts\/Unpacking\/834459fa5544ab8f7be758e7cc2e316be9b68942\/officinasansitc-bold.ufo\/glyphs\/seven.glif":"\/fonts\/Unpacking\/834459fa5544ab8f7be758e7cc2e316be9b68942\/officinasansitc-bold.ufo\/glyphs\/seven.glif","\/fonts\/Unpacking\/834459fa5544ab8f7be758e7cc2e316be9b68942\/officinasansitc-bold.ufo\/glyphs\/sfthyphen.glif":"\/fonts\/Unpacking\/834459fa5544ab8f7be758e7cc2e316be9b68942\/officinasansitc-bold.ufo\/glyphs\/sfthyphen.glif","\/fonts\/Unpacking\/834459fa5544ab8f7be758e7cc2e316be9b68942\/officinasansitc-bold.ufo\/glyphs\/six.glif":"\/fonts\/Unpacking\/834459fa5544ab8f7be758e7cc2e316be9b68942\/officinasansitc-bold.ufo\/glyphs\/six.glif","\/fonts\/Unpacking\/834459fa5544ab8f7be758e7cc2e316be9b68942\/officinasansitc-bold.ufo\/glyphs\/slash.glif":"\/fonts\/Unpacking\/834459fa5544ab8f7be758e7cc2e316be9b68942\/officinasansitc-bold.ufo\/glyphs\/slash.glif","\/fonts\/Unpacking\/834459fa5544ab8f7be758e7cc2e316be9b68942\/officinasansitc-bold.ufo\/glyphs\/space.glif":"\/fonts\/Unpacking\/834459fa5544ab8f7be758e7cc2e316be9b68942\/officinasansitc-bold.ufo\/glyphs\/space.glif","\/fonts\/Unpacking\/834459fa5544ab8f7be758e7cc2e316be9b68942\/officinasansitc-bold.ufo\/glyphs\/sterling.glif":"\/fonts\/Unpacking\/834459fa5544ab8f7be758e7cc2e316be9b68942\/officinasansitc-bold.ufo\/glyphs\/sterling.glif","\/fonts\/Unpacking\/834459fa5544ab8f7be758e7cc2e316be9b68942\/officinasansitc-bold.ufo\/glyphs\/t.glif":"\/fonts\/Unpacking\/834459fa5544ab8f7be758e7cc2e316be9b68942\/officinasansitc-bold.ufo\/glyphs\/t.glif","\/fonts\/Unpacking\/834459fa5544ab8f7be758e7cc2e316be9b68942\/officinasansitc-bold.ufo\/glyphs\/thorn.glif":"\/fonts\/Unpacking\/834459fa5544ab8f7be758e7cc2e316be9b68942\/officinasansitc-bold.ufo\/glyphs\/thorn.glif","\/fonts\/Unpacking\/834459fa5544ab8f7be758e7cc2e316be9b68942\/officinasansitc-bold.ufo\/glyphs\/three.glif":"\/fonts\/Unpacking\/834459fa5544ab8f7be758e7cc2e316be9b68942\/officinasansitc-bold.ufo\/glyphs\/three.glif","\/fonts\/Unpacking\/834459fa5544ab8f7be758e7cc2e316be9b68942\/officinasansitc-bold.ufo\/glyphs\/threequarters.glif":"\/fonts\/Unpacking\/834459fa5544ab8f7be758e7cc2e316be9b68942\/officinasansitc-bold.ufo\/glyphs\/threequarters.glif","\/fonts\/Unpacking\/834459fa5544ab8f7be758e7cc2e316be9b68942\/officinasansitc-bold.ufo\/glyphs\/threesuperior.glif":"\/fonts\/Unpacking\/834459fa5544ab8f7be758e7cc2e316be9b68942\/officinasansitc-bold.ufo\/glyphs\/threesuperior.glif","\/fonts\/Unpacking\/834459fa5544ab8f7be758e7cc2e316be9b68942\/officinasansitc-bold.ufo\/glyphs\/tilde.glif":"\/fonts\/Unpacking\/834459fa5544ab8f7be758e7cc2e316be9b68942\/officinasansitc-bold.ufo\/glyphs\/tilde.glif","\/fonts\/Unpacking\/834459fa5544ab8f7be758e7cc2e316be9b68942\/officinasansitc-bold.ufo\/glyphs\/trademark.glif":"\/fonts\/Unpacking\/834459fa5544ab8f7be758e7cc2e316be9b68942\/officinasansitc-bold.ufo\/glyphs\/trademark.glif","\/fonts\/Unpacking\/834459fa5544ab8f7be758e7cc2e316be9b68942\/officinasansitc-bold.ufo\/glyphs\/two.glif":"\/fonts\/Unpacking\/834459fa5544ab8f7be758e7cc2e316be9b68942\/officinasansitc-bold.ufo\/glyphs\/two.glif","\/fonts\/Unpacking\/834459fa5544ab8f7be758e7cc2e316be9b68942\/officinasansitc-bold.ufo\/glyphs\/twosuperior.glif":"\/fonts\/Unpacking\/834459fa5544ab8f7be758e7cc2e316be9b68942\/officinasansitc-bold.ufo\/glyphs\/twosuperior.glif","\/fonts\/Unpacking\/834459fa5544ab8f7be758e7cc2e316be9b68942\/officinasansitc-bold.ufo\/glyphs\/u.glif":"\/fonts\/Unpacking\/834459fa5544ab8f7be758e7cc2e316be9b68942\/officinasansitc-bold.ufo\/glyphs\/u.glif","\/fonts\/Unpacking\/834459fa5544ab8f7be758e7cc2e316be9b68942\/officinasansitc-bold.ufo\/glyphs\/uacute.glif":"\/fonts\/Unpacking\/834459fa5544ab8f7be758e7cc2e316be9b68942\/officinasansitc-bold.ufo\/glyphs\/uacute.glif","\/fonts\/Unpacking\/834459fa5544ab8f7be758e7cc2e316be9b68942\/officinasansitc-bold.ufo\/glyphs\/ucircumflex.glif":"\/fonts\/Unpacking\/834459fa5544ab8f7be758e7cc2e316be9b68942\/officinasansitc-bold.ufo\/glyphs\/ucircumflex.glif","\/fonts\/Unpacking\/834459fa5544ab8f7be758e7cc2e316be9b68942\/officinasansitc-bold.ufo\/glyphs\/udieresis.glif":"\/fonts\/Unpacking\/834459fa5544ab8f7be758e7cc2e316be9b68942\/officinasansitc-bold.ufo\/glyphs\/udieresis.glif","\/fonts\/Unpacking\/834459fa5544ab8f7be758e7cc2e316be9b68942\/officinasansitc-bold.ufo\/glyphs\/ugrave.glif":"\/fonts\/Unpacking\/834459fa5544ab8f7be758e7cc2e316be9b68942\/officinasansitc-bold.ufo\/glyphs\/ugrave.glif","\/fonts\/Unpacking\/834459fa5544ab8f7be758e7cc2e316be9b68942\/officinasansitc-bold.ufo\/glyphs\/underscore.glif":"\/fonts\/Unpacking\/834459fa5544ab8f7be758e7cc2e316be9b68942\/officinasansitc-bold.ufo\/glyphs\/underscore.glif","\/fonts\/Unpacking\/834459fa5544ab8f7be758e7cc2e316be9b68942\/officinasansitc-bold.ufo\/glyphs\/v.glif":"\/fonts\/Unpacking\/834459fa5544ab8f7be758e7cc2e316be9b68942\/officinasansitc-bold.ufo\/glyphs\/v.glif","\/fonts\/Unpacking\/834459fa5544ab8f7be758e7cc2e316be9b68942\/officinasansitc-bold.ufo\/glyphs\/w.glif":"\/fonts\/Unpacking\/834459fa5544ab8f7be758e7cc2e316be9b68942\/officinasansitc-bold.ufo\/glyphs\/w.glif","\/fonts\/Unpacking\/834459fa5544ab8f7be758e7cc2e316be9b68942\/officinasansitc-bold.ufo\/glyphs\/x.glif":"\/fonts\/Unpacking\/834459fa5544ab8f7be758e7cc2e316be9b68942\/officinasansitc-bold.ufo\/glyphs\/x.glif","\/fonts\/Unpacking\/834459fa5544ab8f7be758e7cc2e316be9b68942\/officinasansitc-bold.ufo\/glyphs\/y.glif":"\/fonts\/Unpacking\/834459fa5544ab8f7be758e7cc2e316be9b68942\/officinasansitc-bold.ufo\/glyphs\/y.glif","\/fonts\/Unpacking\/834459fa5544ab8f7be758e7cc2e316be9b68942\/officinasansitc-bold.ufo\/glyphs\/yacute.glif":"\/fonts\/Unpacking\/834459fa5544ab8f7be758e7cc2e316be9b68942\/officinasansitc-bold.ufo\/glyphs\/yacute.glif","\/fonts\/Unpacking\/834459fa5544ab8f7be758e7cc2e316be9b68942\/officinasansitc-bold.ufo\/glyphs\/ydieresis.glif":"\/fonts\/Unpacking\/834459fa5544ab8f7be758e7cc2e316be9b68942\/officinasansitc-bold.ufo\/glyphs\/ydieresis.glif","\/fonts\/Unpacking\/834459fa5544ab8f7be758e7cc2e316be9b68942\/officinasansitc-bold.ufo\/glyphs\/yen.glif":"\/fonts\/Unpacking\/834459fa5544ab8f7be758e7cc2e316be9b68942\/officinasansitc-bold.ufo\/glyphs\/yen.glif","\/fonts\/Unpacking\/834459fa5544ab8f7be758e7cc2e316be9b68942\/officinasansitc-bold.ufo\/glyphs\/z.glif":"\/fonts\/Unpacking\/834459fa5544ab8f7be758e7cc2e316be9b68942\/officinasansitc-bold.ufo\/glyphs\/z.glif","\/fonts\/Unpacking\/834459fa5544ab8f7be758e7cc2e316be9b68942\/officinasansitc-bold.ufo\/glyphs\/zcaron.glif":"\/fonts\/Unpacking\/834459fa5544ab8f7be758e7cc2e316be9b68942\/officinasansitc-bold.ufo\/glyphs\/zcaron.glif","\/fonts\/Unpacking\/834459fa5544ab8f7be758e7cc2e316be9b68942\/officinasansitc-bold.ufo\/glyphs\/zero.glif":"\/fonts\/Unpacking\/834459fa5544ab8f7be758e7cc2e316be9b68942\/officinasansitc-bold.ufo\/glyphs\/zero.glif"},"Font":null,"Licences":{"":false},"Table":{"FFTM":{"entryLength":16,"tag":"FFTM","checksum":1944367556,"offset":33732,"length":28},"GDEF":{"entryLength":16,"tag":"GDEF","checksum":18284550,"offset":33700,"length":32},"OS\/2":{"entryLength":16,"tag":"OS\/2","checksum":1487084907,"offset":344,"length":86},"cmap":{"entryLength":16,"tag":"cmap","checksum":3154406163,"offset":1368,"length":744},"gasp":{"entryLength":16,"tag":"gasp","checksum":4294901763,"offset":33692,"length":8},"glyf":{"entryLength":16,"tag":"glyf","checksum":776149334,"offset":2584,"length":29908},"head":{"entryLength":16,"tag":"head","checksum":193462834,"offset":220,"length":54},"hhea":{"entryLength":16,"tag":"hhea","checksum":135398414,"offset":276,"length":36},"hmtx":{"entryLength":16,"tag":"hmtx","checksum":3412273552,"offset":432,"length":936},"loca":{"entryLength":16,"tag":"loca","checksum":2776139742,"offset":2112,"length":470},"maxp":{"entryLength":16,"tag":"maxp","checksum":20119669,"offset":312,"length":32},"name":{"entryLength":16,"tag":"name","checksum":111528557,"offset":32492,"length":672},"post":{"entryLength":16,"tag":"post","checksum":3092149695,"offset":33164,"length":527}},"UnicodeCharMap":{"32":3,"33":4,"34":5,"35":6,"36":7,"37":8,"38":9,"39":10,"40":11,"41":12,"42":13,"43":14,"44":15,"45":16,"46":17,"47":18,"48":19,"49":20,"50":21,"51":22,"52":23,"53":24,"54":25,"55":26,"56":27,"57":28,"58":29,"59":30,"60":31,"61":32,"62":33,"63":34,"64":35,"65":36,"66":37,"67":38,"68":39,"69":40,"70":41,"71":42,"72":43,"73":44,"74":45,"75":46,"76":47,"77":48,"78":49,"79":50,"80":51,"81":52,"82":53,"83":54,"84":55,"85":56,"86":57,"87":58,"88":59,"89":60,"90":61,"91":62,"92":63,"93":64,"94":65,"95":66,"96":67,"97":68,"98":69,"99":70,"100":71,"101":72,"102":73,"103":74,"104":75,"105":76,"106":77,"107":78,"108":79,"109":80,"110":81,"111":82,"112":83,"113":84,"114":85,"115":86,"116":87,"117":88,"118":89,"119":90,"120":91,"121":92,"122":93,"123":94,"124":95,"125":96,"126":97,"160":110,"161":99,"162":100,"163":101,"164":102,"165":103,"166":119,"167":105,"168":106,"169":112,"170":108,"171":109,"172":104,"173":114,"174":98,"175":113,"176":231,"177":127,"178":116,"179":117,"180":118,"182":120,"183":111,"184":122,"185":123,"186":124,"187":125,"188":128,"189":126,"190":107,"191":129,"192":130,"193":131,"194":132,"195":133,"196":233,"197":135,"198":136,"199":137,"200":138,"201":139,"202":140,"203":141,"204":142,"205":143,"206":144,"207":145,"208":146,"209":147,"210":148,"211":149,"212":150,"213":151,"214":152,"215":185,"216":154,"217":155,"218":156,"219":157,"220":158,"221":159,"222":160,"223":161,"224":162,"225":163,"226":164,"227":165,"228":166,"229":167,"230":168,"231":169,"232":170,"233":171,"234":172,"235":173,"236":174,"237":175,"238":176,"239":177,"240":178,"241":179,"242":180,"243":181,"244":182,"245":183,"246":184,"247":232,"248":186,"249":187,"250":188,"251":189,"252":190,"253":191,"254":192,"255":193,"305":223,"321":221,"322":224,"338":222,"339":225,"352":226,"353":229,"376":228,"381":227,"382":230,"402":197,"710":212,"711":219,"728":214,"729":215,"730":216,"731":218,"732":213,"733":217,"956":134,"8211":203,"8212":220,"8216":195,"8217":194,"8218":207,"8220":198,"8221":209,"8222":208,"8224":204,"8225":205,"8226":206,"8230":210,"8240":211,"8249":199,"8250":200,"8260":196,"8482":115,"8722":153,"64257":201,"64258":202},"Reserves":null,"Names":[],"Nodes":[],"Contributors":[],"FontIdentity":"db3ee601c95945d25747e378e867bafa","Bytes":3579000,"Networking":null,"barcode":null,"referee":null}