{"CSS":{"Braganza ITC Light":"Braganza ITC Light.css"},"FontType":"TrueType","FontCopyright":"(c) Copyright 1994-1996 International Typeface Corporation  All rights reserved.","FontName":"Braganza ITC","FontSubfamily":"Light","FontSubfamilyID":"FontForge 2.0 : Braganza ITC Light : 11-3-2016","FontFullName":"Braganza ITC Light","FontVersion":"Version 001.001 ","FontWeight":null,"FontPostscriptName":"BraganzaITC-Light","Files":null,"Table":{"FFTM":{"entryLength":16,"tag":"FFTM","checksum":1916868046,"offset":25464,"length":28},"GDEF":{"entryLength":16,"tag":"GDEF","checksum":18087942,"offset":25432,"length":32},"OS\/2":{"entryLength":16,"tag":"OS\/2","checksum":1487411311,"offset":344,"length":86},"cmap":{"entryLength":16,"tag":"cmap","checksum":1069410314,"offset":1356,"length":952},"gasp":{"entryLength":16,"tag":"gasp","checksum":4294901763,"offset":25424,"length":8},"glyf":{"entryLength":16,"tag":"glyf","checksum":3807386093,"offset":2772,"length":21376},"head":{"entryLength":16,"tag":"head","checksum":215258686,"offset":220,"length":54},"hhea":{"entryLength":16,"tag":"hhea","checksum":199099702,"offset":276,"length":36},"hmtx":{"entryLength":16,"tag":"hmtx","checksum":199239135,"offset":432,"length":924},"loca":{"entryLength":16,"tag":"loca","checksum":378547112,"offset":2308,"length":464},"maxp":{"entryLength":16,"tag":"maxp","checksum":20185335,"offset":312,"length":32},"name":{"entryLength":16,"tag":"name","checksum":654588702,"offset":24148,"length":777},"post":{"entryLength":16,"tag":"post","checksum":893335329,"offset":24928,"length":496}},"UnicodeCharMap":{"32":3,"33":4,"34":5,"35":6,"36":7,"37":8,"38":9,"39":106,"40":11,"41":12,"42":13,"43":14,"44":15,"45":16,"46":17,"47":18,"48":19,"49":20,"50":21,"51":22,"52":23,"53":24,"54":25,"55":26,"56":27,"57":28,"58":29,"59":30,"60":31,"61":32,"62":33,"63":34,"64":35,"65":36,"66":37,"67":38,"68":39,"69":40,"70":41,"71":42,"72":43,"73":44,"74":45,"75":46,"76":47,"77":48,"78":49,"79":50,"80":51,"81":52,"82":53,"83":54,"84":55,"85":56,"86":57,"87":58,"88":59,"89":60,"90":61,"91":62,"92":63,"93":64,"94":65,"95":66,"96":126,"97":68,"98":69,"99":70,"100":71,"101":72,"102":73,"103":74,"104":75,"105":76,"106":77,"107":78,"108":79,"109":80,"110":81,"111":82,"112":83,"113":84,"114":85,"115":86,"116":87,"117":88,"118":89,"119":90,"120":91,"121":92,"122":93,"123":94,"124":95,"125":96,"126":97,"161":98,"162":99,"163":100,"164":105,"165":102,"166":189,"167":104,"168":133,"169":191,"170":141,"171":108,"172":203,"174":217,"175":130,"176":192,"177":216,"178":223,"179":221,"180":127,"182":117,"183":116,"184":135,"185":214,"186":145,"187":122,"188":213,"189":212,"190":220,"191":125,"192":155,"193":152,"194":153,"195":157,"196":154,"197":156,"198":140,"199":158,"200":162,"201":159,"202":160,"203":161,"204":167,"205":164,"206":165,"207":166,"208":163,"209":168,"210":172,"211":169,"212":170,"213":173,"214":171,"215":206,"216":143,"217":179,"218":176,"219":177,"220":178,"221":180,"222":175,"223":151,"224":186,"225":183,"226":184,"227":188,"228":185,"229":187,"230":146,"231":190,"232":197,"233":194,"234":195,"235":196,"236":202,"237":199,"238":200,"239":201,"240":198,"241":207,"242":211,"243":208,"244":209,"245":215,"246":210,"247":193,"248":149,"249":227,"250":224,"251":225,"252":226,"253":228,"254":219,"255":229,"305":147,"321":142,"322":148,"338":144,"339":150,"352":174,"353":218,"376":181,"381":182,"382":230,"402":103,"710":128,"711":138,"728":131,"729":132,"730":134,"731":137,"732":129,"733":136,"956":205,"8211":113,"8212":139,"8216":67,"8217":10,"8218":119,"8220":107,"8221":121,"8222":120,"8224":114,"8225":115,"8226":118,"8230":123,"8240":124,"8249":109,"8250":110,"8260":101,"8482":222,"8722":204,"64257":111,"64258":112},"Reserves":{"fontname":"Braganza ITC Light"},"Names":{"Braganza ITC Light":{"name":"Braganza ITC Light","longitude":null,"latitude":null,"country":"","region":"","city":""}},"Nodes":{"br":{"type":"typal","node":"br","usage":1,"weight":1},"za":{"type":"typal","node":"za","usage":1,"weight":1},"it":{"type":"typal","node":"it","usage":1,"weight":1},"tc":{"type":"typal","node":"tc","usage":1,"weight":1},"li":{"type":"typal","node":"li","usage":1,"weight":1},"ht":{"type":"typal","node":"ht","usage":1,"weight":1},"bra":{"type":"typal","node":"bra","usage":1,"weight":1},"nza":{"type":"typal","node":"nza","usage":1,"weight":1},"lig":{"type":"typal","node":"lig","usage":1,"weight":1},"ght":{"type":"typal","node":"ght","usage":1,"weight":1},"brag":{"type":"keys","node":"brag","usage":1,"weight":1},"anza":{"type":"keys","node":"anza","usage":1,"weight":1},"ligh":{"type":"keys","node":"ligh","usage":1,"weight":1},"ight":{"type":"keys","node":"ight","usage":1,"weight":1},"braga":{"type":"keys","node":"braga","usage":1,"weight":1},"ganza":{"type":"keys","node":"ganza","usage":1,"weight":1},"braganza":{"type":"fixes","node":"braganza","usage":1,"weight":1},"itc":{"type":"fixes","node":"itc","usage":1,"weight":1},"light":{"type":"fixes","node":"light","usage":1,"weight":1}},"Contributors":[],"FontIdentity":"fc1cbacea6826959775acf04a7056020","Bytes":null,"Networking":[]}