{"CSS":{"Fabian":"Fabian.css"},"FontType":"TrueType","FontCopyright":"(c) 2000 Ray Larabie. This font is freeware. Read attached text file for details. Info & updates visit www.larabiefonts.com. Donations gratefully accepted at www.larabiefonts.com\/donation.html. Also visit my commercial type foundry at www.typodermic.com. This font was updated in 2004.","FontName":"Fabian","FontSubfamily":"Book","FontSubfamilyID":"FontForge 2.0 : Fabian : 6-5-2017","FontFullName":"Fabian","FontVersion":"Version 2.000 2004 ","FontWeight":null,"FontPostscriptName":"Fabian","Files":{"fabian.afm":"fabian.afm","fabian.bin":"fabian.bin","fabian.cef":"fabian.cef","fabian.cff":"fabian.cff","fabian.cid":"fabian.cid","fabian.dfont":"fabian.dfont","fabian.eot":"fabian.eot","fabian.fon":"fabian.fon","fabian.gai":"fabian.gai","fabian.gsf":"fabian.gsf","fabian.hqx":"fabian.hqx","fabian.ik":"fabian.ik","fabian.mf":"fabian.mf","fabian.otf":"fabian.otf","fabian.pcf":"fabian.pcf","fabian.pf3":"fabian.pf3","fabian.pfa":"fabian.pfa","fabian.pfb":"fabian.pfb","fabian.php":"fabian.php","fabian.pmf":"fabian.pmf","fabian.pt3":"fabian.pt3","fabian.sfd":"fabian.sfd","fabian.svg":"fabian.svg","fabian.t42":"fabian.t42","fabian.ttd":"fabian.ttd","fabian.ttf":"fabian.ttf","fabian.ttg":"fabian.ttg","fabian.ufm":"fabian.ufm","fabian.woff":"fabian.woff","fabian.z":"fabian.z","":{"fabian.afm":"fabian.afm","fabian.bin":"fabian.bin","fabian.cef":"fabian.cef","fabian.cff":"fabian.cff","fabian.cid":"fabian.cid","fabian.dfont":"fabian.dfont","fabian.eot":"fabian.eot","fabian.fon":"fabian.fon","fabian.gai":"fabian.gai","fabian.gsf":"fabian.gsf","fabian.hqx":"fabian.hqx","fabian.ik":"fabian.ik","fabian.mf":"fabian.mf","fabian.otf":"fabian.otf","fabian.pcf":"fabian.pcf","fabian.pf3":"fabian.pf3","fabian.pfa":"fabian.pfa","fabian.pfb":"fabian.pfb","fabian.php":"fabian.php","fabian.pmf":"fabian.pmf","fabian.pt3":"fabian.pt3","fabian.sfd":"fabian.sfd","fabian.svg":"fabian.svg","fabian.t42":"fabian.t42","fabian.ttd":"fabian.ttd","fabian.ttf":"fabian.ttf","fabian.ttg":"fabian.ttg","fabian.ufm":"fabian.ufm","fabian.woff":"fabian.woff","fabian.z":"fabian.z"},"\/fabian.ufo":{"features.fea":"features.fea","fontinfo.plist":"fontinfo.plist","metainfo.plist":"metainfo.plist"},"\/fabian.ufo\/glyphs":{"A_.glif":"A_.glif","A_E_.glif":"A_E_.glif","A_acute.glif":"A_acute.glif","A_circumflex.glif":"A_circumflex.glif","A_dieresis.glif":"A_dieresis.glif","A_grave.glif":"A_grave.glif","A_ring.glif":"A_ring.glif","A_tilde.glif":"A_tilde.glif","B_.glif":"B_.glif","C_.glif":"C_.glif","C_caron.glif":"C_caron.glif","C_cedilla.glif":"C_cedilla.glif","D_.glif":"D_.glif","E_.glif":"E_.glif","E_acute.glif":"E_acute.glif","E_circumflex.glif":"E_circumflex.glif","E_dieresis.glif":"E_dieresis.glif","E_grave.glif":"E_grave.glif","F_.glif":"F_.glif","G_.glif":"G_.glif","H_.glif":"H_.glif","I_.glif":"I_.glif","I_acute.glif":"I_acute.glif","I_circumflex.glif":"I_circumflex.glif","I_dieresis.glif":"I_dieresis.glif","I_grave.glif":"I_grave.glif","J_.glif":"J_.glif","K_.glif":"K_.glif","L_.glif":"L_.glif","M_.glif":"M_.glif","N_.glif":"N_.glif","N_tilde.glif":"N_tilde.glif","O_.glif":"O_.glif","O_E_.glif":"O_E_.glif","O_acute.glif":"O_acute.glif","O_circumflex.glif":"O_circumflex.glif","O_dieresis.glif":"O_dieresis.glif","O_grave.glif":"O_grave.glif","O_slash.glif":"O_slash.glif","O_tilde.glif":"O_tilde.glif","P_.glif":"P_.glif","Q_.glif":"Q_.glif","R_.glif":"R_.glif","S_.glif":"S_.glif","S_caron.glif":"S_caron.glif","T_.glif":"T_.glif","U_.glif":"U_.glif","U_acute.glif":"U_acute.glif","U_circumflex.glif":"U_circumflex.glif","U_dieresis.glif":"U_dieresis.glif","U_grave.glif":"U_grave.glif","V_.glif":"V_.glif","W_.glif":"W_.glif","X_.glif":"X_.glif","Y_.glif":"Y_.glif","Z_.glif":"Z_.glif","Z_caron.glif":"Z_caron.glif","_null.glif":"_null.glif","a.glif":"a.glif","aacute.glif":"aacute.glif","acircumflex.glif":"acircumflex.glif","acute.glif":"acute.glif","adieresis.glif":"adieresis.glif","ae.glif":"ae.glif","agrave.glif":"agrave.glif","ampersand.glif":"ampersand.glif","aring.glif":"aring.glif","asterisk.glif":"asterisk.glif","at.glif":"at.glif","atilde.glif":"atilde.glif","b.glif":"b.glif","bar.glif":"bar.glif","braceleft.glif":"braceleft.glif","braceright.glif":"braceright.glif","bracketright.glif":"bracketright.glif","bullet.glif":"bullet.glif","c.glif":"c.glif","caron.glif":"caron.glif","ccaron.glif":"ccaron.glif","ccedilla.glif":"ccedilla.glif","cedilla.glif":"cedilla.glif","circumflex.glif":"circumflex.glif","colon.glif":"colon.glif","comma.glif":"comma.glif","contents.plist":"contents.plist","copyright.glif":"copyright.glif","currency.glif":"currency.glif","d.glif":"d.glif","dieresis.glif":"dieresis.glif","dollar.glif":"dollar.glif","dotlessi.glif":"dotlessi.glif","e.glif":"e.glif","eacute.glif":"eacute.glif","ecircumflex.glif":"ecircumflex.glif","edieresis.glif":"edieresis.glif","egrave.glif":"egrave.glif","eight.glif":"eight.glif","ellipsis.glif":"ellipsis.glif","emdash.glif":"emdash.glif","endash.glif":"endash.glif","equal.glif":"equal.glif","exclam.glif":"exclam.glif","exclamdown.glif":"exclamdown.glif","f.glif":"f.glif","five.glif":"five.glif","four.glif":"four.glif","g.glif":"g.glif","germandbls.glif":"germandbls.glif","grave.glif":"grave.glif","greater.glif":"greater.glif","guillemotleft.glif":"guillemotleft.glif","guillemotright.glif":"guillemotright.glif","h.glif":"h.glif","hyphen.glif":"hyphen.glif","i.glif":"i.glif","iacute.glif":"iacute.glif","icircumflex.glif":"icircumflex.glif","idieresis.glif":"idieresis.glif","igrave.glif":"igrave.glif","j.glif":"j.glif","k.glif":"k.glif","l.glif":"l.glif","less.glif":"less.glif","m.glif":"m.glif","n.glif":"n.glif","nine.glif":"nine.glif","nonmarkingreturn.glif":"nonmarkingreturn.glif","ntilde.glif":"ntilde.glif","numbersign.glif":"numbersign.glif","o.glif":"o.glif","oacute.glif":"oacute.glif","ocircumflex.glif":"ocircumflex.glif","odieresis.glif":"odieresis.glif","oe.glif":"oe.glif","ograve.glif":"ograve.glif","one.glif":"one.glif","oslash.glif":"oslash.glif","otilde.glif":"otilde.glif","p.glif":"p.glif","parenleft.glif":"parenleft.glif","parenright.glif":"parenright.glif","percent.glif":"percent.glif","period.glif":"period.glif","plus.glif":"plus.glif","q.glif":"q.glif","question.glif":"question.glif","questiondown.glif":"questiondown.glif","quotedbl.glif":"quotedbl.glif","quotedblleft.glif":"quotedblleft.glif","quotedblright.glif":"quotedblright.glif","quoteleft.glif":"quoteleft.glif","quoteright.glif":"quoteright.glif","quotesingle.glif":"quotesingle.glif","r.glif":"r.glif","registered.glif":"registered.glif","ring.glif":"ring.glif","s.glif":"s.glif","scaron.glif":"scaron.glif","semicolon.glif":"semicolon.glif","seven.glif":"seven.glif","six.glif":"six.glif","slash.glif":"slash.glif","space.glif":"space.glif","t.glif":"t.glif","three.glif":"three.glif","tilde.glif":"tilde.glif","two.glif":"two.glif","u.glif":"u.glif","uacute.glif":"uacute.glif","ucircumflex.glif":"ucircumflex.glif","udieresis.glif":"udieresis.glif","ugrave.glif":"ugrave.glif","v.glif":"v.glif","w.glif":"w.glif","x.glif":"x.glif","y.glif":"y.glif","z.glif":"z.glif","zcaron.glif":"zcaron.glif","zero.glif":"zero.glif"}},"Font":{"uploaded":1494051925.1691,"licence":"gpl3","company":"Chronolabs Cooperative","title":"Fabian","version":2.001,"date":"Sat Oct 15 00:58:21 2016","creator":"root","type":"1","matrix":"0.001 0 0 0.001 0 0","named":"Fabian","painttype":"0","info":"10 dict dup","name":"Fabian","family":"Fabian","weight":"Book","fstype":"0","italicangle":"0","underlineposition":"","underlinethickness":""},"Table":{"FFTM":{"entryLength":16,"tag":"FFTM","checksum":2087830373,"offset":13408,"length":28},"GDEF":{"entryLength":16,"tag":"GDEF","checksum":2556089,"offset":13376,"length":30},"OS\/2":{"entryLength":16,"tag":"OS\/2","checksum":1446182698,"offset":344,"length":86},"cmap":{"entryLength":16,"tag":"cmap","checksum":3252210734,"offset":1148,"length":570},"gasp":{"entryLength":16,"tag":"gasp","checksum":4294901763,"offset":13368,"length":8},"glyf":{"entryLength":16,"tag":"glyf","checksum":577858581,"offset":2080,"length":9624},"head":{"entryLength":16,"tag":"head","checksum":203255202,"offset":220,"length":54},"hhea":{"entryLength":16,"tag":"hhea","checksum":142738615,"offset":276,"length":36},"hmtx":{"entryLength":16,"tag":"hmtx","checksum":1054558405,"offset":432,"length":716},"loca":{"entryLength":16,"tag":"loca","checksum":2274726394,"offset":1720,"length":360},"maxp":{"entryLength":16,"tag":"maxp","checksum":18547102,"offset":312,"length":32},"name":{"entryLength":16,"tag":"name","checksum":4263885247,"offset":11704,"length":1272},"post":{"entryLength":16,"tag":"post","checksum":597042213,"offset":12976,"length":392}},"UnicodeCharMap":{"0":1,"13":2,"32":3,"33":4,"34":5,"35":6,"36":7,"37":8,"38":9,"39":10,"40":11,"41":12,"42":13,"43":14,"44":15,"45":16,"46":17,"47":18,"48":19,"49":20,"50":21,"51":22,"52":23,"53":24,"54":25,"55":26,"56":27,"57":28,"58":29,"59":30,"60":31,"61":32,"62":33,"63":34,"64":35,"65":36,"66":37,"67":38,"68":39,"69":40,"70":41,"71":42,"72":43,"73":44,"74":45,"75":46,"76":47,"77":48,"78":49,"79":50,"80":51,"81":52,"82":53,"83":54,"84":55,"85":56,"86":57,"87":58,"88":59,"89":60,"90":61,"93":62,"96":63,"97":64,"98":65,"99":66,"100":67,"101":68,"102":69,"103":70,"104":71,"105":72,"106":73,"107":74,"108":75,"109":76,"110":77,"111":78,"112":79,"113":80,"114":81,"115":82,"116":83,"117":84,"118":85,"119":86,"120":87,"121":88,"122":89,"123":90,"124":91,"125":92,"161":93,"164":94,"168":95,"169":96,"171":97,"174":98,"180":99,"184":100,"187":101,"191":102,"192":103,"193":104,"194":105,"195":106,"196":107,"197":108,"198":109,"199":110,"200":111,"201":112,"202":113,"203":114,"204":115,"205":116,"206":117,"207":118,"209":119,"210":120,"211":121,"212":122,"213":123,"214":124,"216":125,"217":126,"218":127,"219":128,"220":129,"223":130,"224":131,"225":132,"226":133,"227":134,"228":135,"229":136,"230":137,"231":138,"232":139,"233":140,"234":141,"235":142,"236":143,"237":144,"238":145,"239":146,"241":147,"242":148,"243":149,"244":150,"245":151,"246":152,"248":153,"249":154,"250":155,"251":156,"252":157,"268":173,"269":174,"305":158,"338":159,"339":160,"352":175,"353":176,"381":177,"382":178,"710":161,"711":162,"730":163,"732":164,"8211":165,"8212":166,"8216":167,"8217":168,"8220":169,"8221":170,"8226":171,"8230":172},"Reserves":null,"Names":[],"Nodes":{"fa":{"type":"typal","node":"fa","usage":1,"weight":1},"an":{"type":"typal","node":"an","usage":1,"weight":1},"fab":{"type":"typal","node":"fab","usage":1,"weight":1},"ian":{"type":"typal","node":"ian","usage":1,"weight":1},"fabi":{"type":"keys","node":"fabi","usage":1,"weight":1},"bian":{"type":"keys","node":"bian","usage":1,"weight":1},"fabia":{"type":"keys","node":"fabia","usage":1,"weight":1},"abian":{"type":"keys","node":"abian","usage":1,"weight":1},"fabian":{"type":"fixes","node":"fabian","usage":1,"weight":1}},"Contributors":[],"FontIdentity":"3b565bbb2b8a6e15cf1b36d713b71f85","Bytes":1239631,"Networking":[],"barcode":"y6gakuakkoysy","referee":"qausau"}