{"CSS":{"New Yearbook":"crash99:0b9c4ad124b8d6efec7642d1.css"},"FontType":"TrueType","FontCopyright":"Copyright (c) 1985, 1987, 1989 Adobe Systems Incorporated. All rights reserved.New Century Schoolbook is a trademark of Linotype AG and\/or its subsidiaries.","FontName":"New Yearbook","FontSubfamily":"Book","FontSubfamilyID":"FontForge 2.0 : New Yearbook : 28-8-2016","FontFullName":"New Yearbook","FontVersion":"Version 001.006 ","FontWeight":null,"FontPostscriptName":"NewCenturySchoolbook","Files":{"\/New Yearbook.css":"\/New Yearbook.css","\/font-resource.json":"\/font-resource.json","\/ttnewybk.afm":"\/ttnewybk.afm","\/ttnewybk.cef":"\/ttnewybk.cef","\/ttnewybk.cff":"\/ttnewybk.cff","\/ttnewybk.eot":"\/ttnewybk.eot","\/ttnewybk.gai":"\/ttnewybk.gai","\/ttnewybk.gsf":"\/ttnewybk.gsf","\/ttnewybk.otf":"\/ttnewybk.otf","\/ttnewybk.pf3":"\/ttnewybk.pf3","\/ttnewybk.pfa":"\/ttnewybk.pfa","\/ttnewybk.pfb":"\/ttnewybk.pfb","\/ttnewybk.php":"\/ttnewybk.php","\/ttnewybk.pt3":"\/ttnewybk.pt3","\/ttnewybk.sfd":"\/ttnewybk.sfd","\/ttnewybk.svg":"\/ttnewybk.svg","\/ttnewybk.t42":"\/ttnewybk.t42","\/ttnewybk.ttd":"\/ttnewybk.ttd","\/ttnewybk.ttf":"\/ttnewybk.ttf","\/ttnewybk.ttg":"\/ttnewybk.ttg","\/ttnewybk.ufm":"\/ttnewybk.ufm","\/ttnewybk.woff":"\/ttnewybk.woff","\/ttnewybk.z":"\/ttnewybk.z","\/ttnewybk.ufo\/feature.fea":"\/ttnewybk.ufo\/feature.fea","\/ttnewybk.ufo\/fontinfo.plist":"\/ttnewybk.ufo\/fontinfo.plist","\/ttnewybk.ufo\/groups.plist":"\/ttnewybk.ufo\/groups.plist","\/ttnewybk.ufo\/kerning.plist":"\/ttnewybk.ufo\/kerning.plist","\/ttnewybk.ufo\/metainfo.plist":"\/ttnewybk.ufo\/metainfo.plist","\/ttnewybk.ufo\/glyphs\/A_.glif":"\/ttnewybk.ufo\/glyphs\/A_.glif","\/ttnewybk.ufo\/glyphs\/A_E_.glif":"\/ttnewybk.ufo\/glyphs\/A_E_.glif","\/ttnewybk.ufo\/glyphs\/A_acute.glif":"\/ttnewybk.ufo\/glyphs\/A_acute.glif","\/ttnewybk.ufo\/glyphs\/A_circumflex.glif":"\/ttnewybk.ufo\/glyphs\/A_circumflex.glif","\/ttnewybk.ufo\/glyphs\/A_dieresis.glif":"\/ttnewybk.ufo\/glyphs\/A_dieresis.glif","\/ttnewybk.ufo\/glyphs\/A_grave.glif":"\/ttnewybk.ufo\/glyphs\/A_grave.glif","\/ttnewybk.ufo\/glyphs\/A_ring.glif":"\/ttnewybk.ufo\/glyphs\/A_ring.glif","\/ttnewybk.ufo\/glyphs\/A_tilde.glif":"\/ttnewybk.ufo\/glyphs\/A_tilde.glif","\/ttnewybk.ufo\/glyphs\/B_.glif":"\/ttnewybk.ufo\/glyphs\/B_.glif","\/ttnewybk.ufo\/glyphs\/C_.glif":"\/ttnewybk.ufo\/glyphs\/C_.glif","\/ttnewybk.ufo\/glyphs\/C_cedilla.glif":"\/ttnewybk.ufo\/glyphs\/C_cedilla.glif","\/ttnewybk.ufo\/glyphs\/D_.glif":"\/ttnewybk.ufo\/glyphs\/D_.glif","\/ttnewybk.ufo\/glyphs\/E_.glif":"\/ttnewybk.ufo\/glyphs\/E_.glif","\/ttnewybk.ufo\/glyphs\/E_acute.glif":"\/ttnewybk.ufo\/glyphs\/E_acute.glif","\/ttnewybk.ufo\/glyphs\/E_circumflex.glif":"\/ttnewybk.ufo\/glyphs\/E_circumflex.glif","\/ttnewybk.ufo\/glyphs\/E_dieresis.glif":"\/ttnewybk.ufo\/glyphs\/E_dieresis.glif","\/ttnewybk.ufo\/glyphs\/E_grave.glif":"\/ttnewybk.ufo\/glyphs\/E_grave.glif","\/ttnewybk.ufo\/glyphs\/E_th.glif":"\/ttnewybk.ufo\/glyphs\/E_th.glif","\/ttnewybk.ufo\/glyphs\/F_.glif":"\/ttnewybk.ufo\/glyphs\/F_.glif","\/ttnewybk.ufo\/glyphs\/G_.glif":"\/ttnewybk.ufo\/glyphs\/G_.glif","\/ttnewybk.ufo\/glyphs\/H_.glif":"\/ttnewybk.ufo\/glyphs\/H_.glif","\/ttnewybk.ufo\/glyphs\/I_.glif":"\/ttnewybk.ufo\/glyphs\/I_.glif","\/ttnewybk.ufo\/glyphs\/I_acute.glif":"\/ttnewybk.ufo\/glyphs\/I_acute.glif","\/ttnewybk.ufo\/glyphs\/I_circumflex.glif":"\/ttnewybk.ufo\/glyphs\/I_circumflex.glif","\/ttnewybk.ufo\/glyphs\/I_dieresis.glif":"\/ttnewybk.ufo\/glyphs\/I_dieresis.glif","\/ttnewybk.ufo\/glyphs\/I_grave.glif":"\/ttnewybk.ufo\/glyphs\/I_grave.glif","\/ttnewybk.ufo\/glyphs\/J_.glif":"\/ttnewybk.ufo\/glyphs\/J_.glif","\/ttnewybk.ufo\/glyphs\/K_.glif":"\/ttnewybk.ufo\/glyphs\/K_.glif","\/ttnewybk.ufo\/glyphs\/L_.glif":"\/ttnewybk.ufo\/glyphs\/L_.glif","\/ttnewybk.ufo\/glyphs\/L_slash.glif":"\/ttnewybk.ufo\/glyphs\/L_slash.glif","\/ttnewybk.ufo\/glyphs\/M_.glif":"\/ttnewybk.ufo\/glyphs\/M_.glif","\/ttnewybk.ufo\/glyphs\/N_.glif":"\/ttnewybk.ufo\/glyphs\/N_.glif","\/ttnewybk.ufo\/glyphs\/N_tilde.glif":"\/ttnewybk.ufo\/glyphs\/N_tilde.glif","\/ttnewybk.ufo\/glyphs\/O_.glif":"\/ttnewybk.ufo\/glyphs\/O_.glif","\/ttnewybk.ufo\/glyphs\/O_E_.glif":"\/ttnewybk.ufo\/glyphs\/O_E_.glif","\/ttnewybk.ufo\/glyphs\/O_acute.glif":"\/ttnewybk.ufo\/glyphs\/O_acute.glif","\/ttnewybk.ufo\/glyphs\/O_circumflex.glif":"\/ttnewybk.ufo\/glyphs\/O_circumflex.glif","\/ttnewybk.ufo\/glyphs\/O_dieresis.glif":"\/ttnewybk.ufo\/glyphs\/O_dieresis.glif","\/ttnewybk.ufo\/glyphs\/O_grave.glif":"\/ttnewybk.ufo\/glyphs\/O_grave.glif","\/ttnewybk.ufo\/glyphs\/O_slash.glif":"\/ttnewybk.ufo\/glyphs\/O_slash.glif","\/ttnewybk.ufo\/glyphs\/O_tilde.glif":"\/ttnewybk.ufo\/glyphs\/O_tilde.glif","\/ttnewybk.ufo\/glyphs\/P_.glif":"\/ttnewybk.ufo\/glyphs\/P_.glif","\/ttnewybk.ufo\/glyphs\/Q_.glif":"\/ttnewybk.ufo\/glyphs\/Q_.glif","\/ttnewybk.ufo\/glyphs\/R_.glif":"\/ttnewybk.ufo\/glyphs\/R_.glif","\/ttnewybk.ufo\/glyphs\/S_.glif":"\/ttnewybk.ufo\/glyphs\/S_.glif","\/ttnewybk.ufo\/glyphs\/S_caron.glif":"\/ttnewybk.ufo\/glyphs\/S_caron.glif","\/ttnewybk.ufo\/glyphs\/T_.glif":"\/ttnewybk.ufo\/glyphs\/T_.glif","\/ttnewybk.ufo\/glyphs\/T_horn.glif":"\/ttnewybk.ufo\/glyphs\/T_horn.glif","\/ttnewybk.ufo\/glyphs\/U_.glif":"\/ttnewybk.ufo\/glyphs\/U_.glif","\/ttnewybk.ufo\/glyphs\/U_acute.glif":"\/ttnewybk.ufo\/glyphs\/U_acute.glif","\/ttnewybk.ufo\/glyphs\/U_circumflex.glif":"\/ttnewybk.ufo\/glyphs\/U_circumflex.glif","\/ttnewybk.ufo\/glyphs\/U_dieresis.glif":"\/ttnewybk.ufo\/glyphs\/U_dieresis.glif","\/ttnewybk.ufo\/glyphs\/U_grave.glif":"\/ttnewybk.ufo\/glyphs\/U_grave.glif","\/ttnewybk.ufo\/glyphs\/V_.glif":"\/ttnewybk.ufo\/glyphs\/V_.glif","\/ttnewybk.ufo\/glyphs\/W_.glif":"\/ttnewybk.ufo\/glyphs\/W_.glif","\/ttnewybk.ufo\/glyphs\/X_.glif":"\/ttnewybk.ufo\/glyphs\/X_.glif","\/ttnewybk.ufo\/glyphs\/Y_.glif":"\/ttnewybk.ufo\/glyphs\/Y_.glif","\/ttnewybk.ufo\/glyphs\/Y_acute.glif":"\/ttnewybk.ufo\/glyphs\/Y_acute.glif","\/ttnewybk.ufo\/glyphs\/Y_dieresis.glif":"\/ttnewybk.ufo\/glyphs\/Y_dieresis.glif","\/ttnewybk.ufo\/glyphs\/Z_.glif":"\/ttnewybk.ufo\/glyphs\/Z_.glif","\/ttnewybk.ufo\/glyphs\/Z_caron.glif":"\/ttnewybk.ufo\/glyphs\/Z_caron.glif","\/ttnewybk.ufo\/glyphs\/_notdef.glif":"\/ttnewybk.ufo\/glyphs\/_notdef.glif","\/ttnewybk.ufo\/glyphs\/_null.glif":"\/ttnewybk.ufo\/glyphs\/_null.glif","\/ttnewybk.ufo\/glyphs\/a.glif":"\/ttnewybk.ufo\/glyphs\/a.glif","\/ttnewybk.ufo\/glyphs\/aacute.glif":"\/ttnewybk.ufo\/glyphs\/aacute.glif","\/ttnewybk.ufo\/glyphs\/acircumflex.glif":"\/ttnewybk.ufo\/glyphs\/acircumflex.glif","\/ttnewybk.ufo\/glyphs\/acute.glif":"\/ttnewybk.ufo\/glyphs\/acute.glif","\/ttnewybk.ufo\/glyphs\/adieresis.glif":"\/ttnewybk.ufo\/glyphs\/adieresis.glif","\/ttnewybk.ufo\/glyphs\/ae.glif":"\/ttnewybk.ufo\/glyphs\/ae.glif","\/ttnewybk.ufo\/glyphs\/agrave.glif":"\/ttnewybk.ufo\/glyphs\/agrave.glif","\/ttnewybk.ufo\/glyphs\/ampersand.glif":"\/ttnewybk.ufo\/glyphs\/ampersand.glif","\/ttnewybk.ufo\/glyphs\/aring.glif":"\/ttnewybk.ufo\/glyphs\/aring.glif","\/ttnewybk.ufo\/glyphs\/asciicircum.glif":"\/ttnewybk.ufo\/glyphs\/asciicircum.glif","\/ttnewybk.ufo\/glyphs\/asciitilde.glif":"\/ttnewybk.ufo\/glyphs\/asciitilde.glif","\/ttnewybk.ufo\/glyphs\/asterisk.glif":"\/ttnewybk.ufo\/glyphs\/asterisk.glif","\/ttnewybk.ufo\/glyphs\/at.glif":"\/ttnewybk.ufo\/glyphs\/at.glif","\/ttnewybk.ufo\/glyphs\/atilde.glif":"\/ttnewybk.ufo\/glyphs\/atilde.glif","\/ttnewybk.ufo\/glyphs\/b.glif":"\/ttnewybk.ufo\/glyphs\/b.glif","\/ttnewybk.ufo\/glyphs\/backslash.glif":"\/ttnewybk.ufo\/glyphs\/backslash.glif","\/ttnewybk.ufo\/glyphs\/bar.glif":"\/ttnewybk.ufo\/glyphs\/bar.glif","\/ttnewybk.ufo\/glyphs\/braceleft.glif":"\/ttnewybk.ufo\/glyphs\/braceleft.glif","\/ttnewybk.ufo\/glyphs\/braceright.glif":"\/ttnewybk.ufo\/glyphs\/braceright.glif","\/ttnewybk.ufo\/glyphs\/bracketleft.glif":"\/ttnewybk.ufo\/glyphs\/bracketleft.glif","\/ttnewybk.ufo\/glyphs\/bracketright.glif":"\/ttnewybk.ufo\/glyphs\/bracketright.glif","\/ttnewybk.ufo\/glyphs\/breve.glif":"\/ttnewybk.ufo\/glyphs\/breve.glif","\/ttnewybk.ufo\/glyphs\/brokenbar.glif":"\/ttnewybk.ufo\/glyphs\/brokenbar.glif","\/ttnewybk.ufo\/glyphs\/bullet.glif":"\/ttnewybk.ufo\/glyphs\/bullet.glif","\/ttnewybk.ufo\/glyphs\/c.glif":"\/ttnewybk.ufo\/glyphs\/c.glif","\/ttnewybk.ufo\/glyphs\/caron.glif":"\/ttnewybk.ufo\/glyphs\/caron.glif","\/ttnewybk.ufo\/glyphs\/ccedilla.glif":"\/ttnewybk.ufo\/glyphs\/ccedilla.glif","\/ttnewybk.ufo\/glyphs\/cedilla.glif":"\/ttnewybk.ufo\/glyphs\/cedilla.glif","\/ttnewybk.ufo\/glyphs\/cent.glif":"\/ttnewybk.ufo\/glyphs\/cent.glif","\/ttnewybk.ufo\/glyphs\/circumflex.glif":"\/ttnewybk.ufo\/glyphs\/circumflex.glif","\/ttnewybk.ufo\/glyphs\/colon.glif":"\/ttnewybk.ufo\/glyphs\/colon.glif","\/ttnewybk.ufo\/glyphs\/comma.glif":"\/ttnewybk.ufo\/glyphs\/comma.glif","\/ttnewybk.ufo\/glyphs\/contents.plist":"\/ttnewybk.ufo\/glyphs\/contents.plist","\/ttnewybk.ufo\/glyphs\/copyright.glif":"\/ttnewybk.ufo\/glyphs\/copyright.glif","\/ttnewybk.ufo\/glyphs\/currency.glif":"\/ttnewybk.ufo\/glyphs\/currency.glif","\/ttnewybk.ufo\/glyphs\/d.glif":"\/ttnewybk.ufo\/glyphs\/d.glif","\/ttnewybk.ufo\/glyphs\/dagger.glif":"\/ttnewybk.ufo\/glyphs\/dagger.glif","\/ttnewybk.ufo\/glyphs\/daggerdbl.glif":"\/ttnewybk.ufo\/glyphs\/daggerdbl.glif","\/ttnewybk.ufo\/glyphs\/degree.glif":"\/ttnewybk.ufo\/glyphs\/degree.glif","\/ttnewybk.ufo\/glyphs\/dieresis.glif":"\/ttnewybk.ufo\/glyphs\/dieresis.glif","\/ttnewybk.ufo\/glyphs\/divide.glif":"\/ttnewybk.ufo\/glyphs\/divide.glif","\/ttnewybk.ufo\/glyphs\/dollar.glif":"\/ttnewybk.ufo\/glyphs\/dollar.glif","\/ttnewybk.ufo\/glyphs\/dotaccent.glif":"\/ttnewybk.ufo\/glyphs\/dotaccent.glif","\/ttnewybk.ufo\/glyphs\/dotlessi.glif":"\/ttnewybk.ufo\/glyphs\/dotlessi.glif","\/ttnewybk.ufo\/glyphs\/e.glif":"\/ttnewybk.ufo\/glyphs\/e.glif","\/ttnewybk.ufo\/glyphs\/eacute.glif":"\/ttnewybk.ufo\/glyphs\/eacute.glif","\/ttnewybk.ufo\/glyphs\/ecircumflex.glif":"\/ttnewybk.ufo\/glyphs\/ecircumflex.glif","\/ttnewybk.ufo\/glyphs\/edieresis.glif":"\/ttnewybk.ufo\/glyphs\/edieresis.glif","\/ttnewybk.ufo\/glyphs\/egrave.glif":"\/ttnewybk.ufo\/glyphs\/egrave.glif","\/ttnewybk.ufo\/glyphs\/eight.glif":"\/ttnewybk.ufo\/glyphs\/eight.glif","\/ttnewybk.ufo\/glyphs\/ellipsis.glif":"\/ttnewybk.ufo\/glyphs\/ellipsis.glif","\/ttnewybk.ufo\/glyphs\/emdash.glif":"\/ttnewybk.ufo\/glyphs\/emdash.glif","\/ttnewybk.ufo\/glyphs\/endash.glif":"\/ttnewybk.ufo\/glyphs\/endash.glif","\/ttnewybk.ufo\/glyphs\/equal.glif":"\/ttnewybk.ufo\/glyphs\/equal.glif","\/ttnewybk.ufo\/glyphs\/eth.glif":"\/ttnewybk.ufo\/glyphs\/eth.glif","\/ttnewybk.ufo\/glyphs\/exclam.glif":"\/ttnewybk.ufo\/glyphs\/exclam.glif","\/ttnewybk.ufo\/glyphs\/exclamdown.glif":"\/ttnewybk.ufo\/glyphs\/exclamdown.glif","\/ttnewybk.ufo\/glyphs\/f.glif":"\/ttnewybk.ufo\/glyphs\/f.glif","\/ttnewybk.ufo\/glyphs\/fi.glif":"\/ttnewybk.ufo\/glyphs\/fi.glif","\/ttnewybk.ufo\/glyphs\/five.glif":"\/ttnewybk.ufo\/glyphs\/five.glif","\/ttnewybk.ufo\/glyphs\/fl.glif":"\/ttnewybk.ufo\/glyphs\/fl.glif","\/ttnewybk.ufo\/glyphs\/florin.glif":"\/ttnewybk.ufo\/glyphs\/florin.glif","\/ttnewybk.ufo\/glyphs\/four.glif":"\/ttnewybk.ufo\/glyphs\/four.glif","\/ttnewybk.ufo\/glyphs\/fraction.glif":"\/ttnewybk.ufo\/glyphs\/fraction.glif","\/ttnewybk.ufo\/glyphs\/g.glif":"\/ttnewybk.ufo\/glyphs\/g.glif","\/ttnewybk.ufo\/glyphs\/germandbls.glif":"\/ttnewybk.ufo\/glyphs\/germandbls.glif","\/ttnewybk.ufo\/glyphs\/grave.glif":"\/ttnewybk.ufo\/glyphs\/grave.glif","\/ttnewybk.ufo\/glyphs\/greater.glif":"\/ttnewybk.ufo\/glyphs\/greater.glif","\/ttnewybk.ufo\/glyphs\/guillemotleft.glif":"\/ttnewybk.ufo\/glyphs\/guillemotleft.glif","\/ttnewybk.ufo\/glyphs\/guillemotright.glif":"\/ttnewybk.ufo\/glyphs\/guillemotright.glif","\/ttnewybk.ufo\/glyphs\/guilsinglleft.glif":"\/ttnewybk.ufo\/glyphs\/guilsinglleft.glif","\/ttnewybk.ufo\/glyphs\/guilsinglright.glif":"\/ttnewybk.ufo\/glyphs\/guilsinglright.glif","\/ttnewybk.ufo\/glyphs\/h.glif":"\/ttnewybk.ufo\/glyphs\/h.glif","\/ttnewybk.ufo\/glyphs\/hungarumlaut.glif":"\/ttnewybk.ufo\/glyphs\/hungarumlaut.glif","\/ttnewybk.ufo\/glyphs\/hyphen.glif":"\/ttnewybk.ufo\/glyphs\/hyphen.glif","\/ttnewybk.ufo\/glyphs\/i.glif":"\/ttnewybk.ufo\/glyphs\/i.glif","\/ttnewybk.ufo\/glyphs\/iacute.glif":"\/ttnewybk.ufo\/glyphs\/iacute.glif","\/ttnewybk.ufo\/glyphs\/icircumflex.glif":"\/ttnewybk.ufo\/glyphs\/icircumflex.glif","\/ttnewybk.ufo\/glyphs\/idieresis.glif":"\/ttnewybk.ufo\/glyphs\/idieresis.glif","\/ttnewybk.ufo\/glyphs\/igrave.glif":"\/ttnewybk.ufo\/glyphs\/igrave.glif","\/ttnewybk.ufo\/glyphs\/j.glif":"\/ttnewybk.ufo\/glyphs\/j.glif","\/ttnewybk.ufo\/glyphs\/k.glif":"\/ttnewybk.ufo\/glyphs\/k.glif","\/ttnewybk.ufo\/glyphs\/l.glif":"\/ttnewybk.ufo\/glyphs\/l.glif","\/ttnewybk.ufo\/glyphs\/less.glif":"\/ttnewybk.ufo\/glyphs\/less.glif","\/ttnewybk.ufo\/glyphs\/logicalnot.glif":"\/ttnewybk.ufo\/glyphs\/logicalnot.glif","\/ttnewybk.ufo\/glyphs\/lslash.glif":"\/ttnewybk.ufo\/glyphs\/lslash.glif","\/ttnewybk.ufo\/glyphs\/m.glif":"\/ttnewybk.ufo\/glyphs\/m.glif","\/ttnewybk.ufo\/glyphs\/macron.glif":"\/ttnewybk.ufo\/glyphs\/macron.glif","\/ttnewybk.ufo\/glyphs\/minus.glif":"\/ttnewybk.ufo\/glyphs\/minus.glif","\/ttnewybk.ufo\/glyphs\/mu.glif":"\/ttnewybk.ufo\/glyphs\/mu.glif","\/ttnewybk.ufo\/glyphs\/multiply.glif":"\/ttnewybk.ufo\/glyphs\/multiply.glif","\/ttnewybk.ufo\/glyphs\/n.glif":"\/ttnewybk.ufo\/glyphs\/n.glif","\/ttnewybk.ufo\/glyphs\/nine.glif":"\/ttnewybk.ufo\/glyphs\/nine.glif","\/ttnewybk.ufo\/glyphs\/nonmarkingreturn.glif":"\/ttnewybk.ufo\/glyphs\/nonmarkingreturn.glif","\/ttnewybk.ufo\/glyphs\/ntilde.glif":"\/ttnewybk.ufo\/glyphs\/ntilde.glif","\/ttnewybk.ufo\/glyphs\/numbersign.glif":"\/ttnewybk.ufo\/glyphs\/numbersign.glif","\/ttnewybk.ufo\/glyphs\/o.glif":"\/ttnewybk.ufo\/glyphs\/o.glif","\/ttnewybk.ufo\/glyphs\/oacute.glif":"\/ttnewybk.ufo\/glyphs\/oacute.glif","\/ttnewybk.ufo\/glyphs\/ocircumflex.glif":"\/ttnewybk.ufo\/glyphs\/ocircumflex.glif","\/ttnewybk.ufo\/glyphs\/odieresis.glif":"\/ttnewybk.ufo\/glyphs\/odieresis.glif","\/ttnewybk.ufo\/glyphs\/oe.glif":"\/ttnewybk.ufo\/glyphs\/oe.glif","\/ttnewybk.ufo\/glyphs\/ogonek.glif":"\/ttnewybk.ufo\/glyphs\/ogonek.glif","\/ttnewybk.ufo\/glyphs\/ograve.glif":"\/ttnewybk.ufo\/glyphs\/ograve.glif","\/ttnewybk.ufo\/glyphs\/one.glif":"\/ttnewybk.ufo\/glyphs\/one.glif","\/ttnewybk.ufo\/glyphs\/onehalf.glif":"\/ttnewybk.ufo\/glyphs\/onehalf.glif","\/ttnewybk.ufo\/glyphs\/onequarter.glif":"\/ttnewybk.ufo\/glyphs\/onequarter.glif","\/ttnewybk.ufo\/glyphs\/onesuperior.glif":"\/ttnewybk.ufo\/glyphs\/onesuperior.glif","\/ttnewybk.ufo\/glyphs\/ordfeminine.glif":"\/ttnewybk.ufo\/glyphs\/ordfeminine.glif","\/ttnewybk.ufo\/glyphs\/ordmasculine.glif":"\/ttnewybk.ufo\/glyphs\/ordmasculine.glif","\/ttnewybk.ufo\/glyphs\/oslash.glif":"\/ttnewybk.ufo\/glyphs\/oslash.glif","\/ttnewybk.ufo\/glyphs\/otilde.glif":"\/ttnewybk.ufo\/glyphs\/otilde.glif","\/ttnewybk.ufo\/glyphs\/p.glif":"\/ttnewybk.ufo\/glyphs\/p.glif","\/ttnewybk.ufo\/glyphs\/paragraph.glif":"\/ttnewybk.ufo\/glyphs\/paragraph.glif","\/ttnewybk.ufo\/glyphs\/parenleft.glif":"\/ttnewybk.ufo\/glyphs\/parenleft.glif","\/ttnewybk.ufo\/glyphs\/parenright.glif":"\/ttnewybk.ufo\/glyphs\/parenright.glif","\/ttnewybk.ufo\/glyphs\/percent.glif":"\/ttnewybk.ufo\/glyphs\/percent.glif","\/ttnewybk.ufo\/glyphs\/period.glif":"\/ttnewybk.ufo\/glyphs\/period.glif","\/ttnewybk.ufo\/glyphs\/periodcentered.glif":"\/ttnewybk.ufo\/glyphs\/periodcentered.glif","\/ttnewybk.ufo\/glyphs\/perthousand.glif":"\/ttnewybk.ufo\/glyphs\/perthousand.glif","\/ttnewybk.ufo\/glyphs\/plus.glif":"\/ttnewybk.ufo\/glyphs\/plus.glif","\/ttnewybk.ufo\/glyphs\/plusminus.glif":"\/ttnewybk.ufo\/glyphs\/plusminus.glif","\/ttnewybk.ufo\/glyphs\/q.glif":"\/ttnewybk.ufo\/glyphs\/q.glif","\/ttnewybk.ufo\/glyphs\/question.glif":"\/ttnewybk.ufo\/glyphs\/question.glif","\/ttnewybk.ufo\/glyphs\/questiondown.glif":"\/ttnewybk.ufo\/glyphs\/questiondown.glif","\/ttnewybk.ufo\/glyphs\/quotedbl.glif":"\/ttnewybk.ufo\/glyphs\/quotedbl.glif","\/ttnewybk.ufo\/glyphs\/quotedblbase.glif":"\/ttnewybk.ufo\/glyphs\/quotedblbase.glif","\/ttnewybk.ufo\/glyphs\/quotedblleft.glif":"\/ttnewybk.ufo\/glyphs\/quotedblleft.glif","\/ttnewybk.ufo\/glyphs\/quotedblright.glif":"\/ttnewybk.ufo\/glyphs\/quotedblright.glif","\/ttnewybk.ufo\/glyphs\/quoteleft.glif":"\/ttnewybk.ufo\/glyphs\/quoteleft.glif","\/ttnewybk.ufo\/glyphs\/quoteright.glif":"\/ttnewybk.ufo\/glyphs\/quoteright.glif","\/ttnewybk.ufo\/glyphs\/quotesinglbase.glif":"\/ttnewybk.ufo\/glyphs\/quotesinglbase.glif","\/ttnewybk.ufo\/glyphs\/quotesingle.glif":"\/ttnewybk.ufo\/glyphs\/quotesingle.glif","\/ttnewybk.ufo\/glyphs\/r.glif":"\/ttnewybk.ufo\/glyphs\/r.glif","\/ttnewybk.ufo\/glyphs\/registered.glif":"\/ttnewybk.ufo\/glyphs\/registered.glif","\/ttnewybk.ufo\/glyphs\/ring.glif":"\/ttnewybk.ufo\/glyphs\/ring.glif","\/ttnewybk.ufo\/glyphs\/s.glif":"\/ttnewybk.ufo\/glyphs\/s.glif","\/ttnewybk.ufo\/glyphs\/scaron.glif":"\/ttnewybk.ufo\/glyphs\/scaron.glif","\/ttnewybk.ufo\/glyphs\/section.glif":"\/ttnewybk.ufo\/glyphs\/section.glif","\/ttnewybk.ufo\/glyphs\/semicolon.glif":"\/ttnewybk.ufo\/glyphs\/semicolon.glif","\/ttnewybk.ufo\/glyphs\/seven.glif":"\/ttnewybk.ufo\/glyphs\/seven.glif","\/ttnewybk.ufo\/glyphs\/six.glif":"\/ttnewybk.ufo\/glyphs\/six.glif","\/ttnewybk.ufo\/glyphs\/slash.glif":"\/ttnewybk.ufo\/glyphs\/slash.glif","\/ttnewybk.ufo\/glyphs\/space.glif":"\/ttnewybk.ufo\/glyphs\/space.glif","\/ttnewybk.ufo\/glyphs\/sterling.glif":"\/ttnewybk.ufo\/glyphs\/sterling.glif","\/ttnewybk.ufo\/glyphs\/t.glif":"\/ttnewybk.ufo\/glyphs\/t.glif","\/ttnewybk.ufo\/glyphs\/thorn.glif":"\/ttnewybk.ufo\/glyphs\/thorn.glif","\/ttnewybk.ufo\/glyphs\/three.glif":"\/ttnewybk.ufo\/glyphs\/three.glif","\/ttnewybk.ufo\/glyphs\/threequarters.glif":"\/ttnewybk.ufo\/glyphs\/threequarters.glif","\/ttnewybk.ufo\/glyphs\/threesuperior.glif":"\/ttnewybk.ufo\/glyphs\/threesuperior.glif","\/ttnewybk.ufo\/glyphs\/tilde.glif":"\/ttnewybk.ufo\/glyphs\/tilde.glif","\/ttnewybk.ufo\/glyphs\/trademark.glif":"\/ttnewybk.ufo\/glyphs\/trademark.glif","\/ttnewybk.ufo\/glyphs\/two.glif":"\/ttnewybk.ufo\/glyphs\/two.glif","\/ttnewybk.ufo\/glyphs\/twosuperior.glif":"\/ttnewybk.ufo\/glyphs\/twosuperior.glif","\/ttnewybk.ufo\/glyphs\/u.glif":"\/ttnewybk.ufo\/glyphs\/u.glif","\/ttnewybk.ufo\/glyphs\/uacute.glif":"\/ttnewybk.ufo\/glyphs\/uacute.glif","\/ttnewybk.ufo\/glyphs\/ucircumflex.glif":"\/ttnewybk.ufo\/glyphs\/ucircumflex.glif","\/ttnewybk.ufo\/glyphs\/udieresis.glif":"\/ttnewybk.ufo\/glyphs\/udieresis.glif","\/ttnewybk.ufo\/glyphs\/ugrave.glif":"\/ttnewybk.ufo\/glyphs\/ugrave.glif","\/ttnewybk.ufo\/glyphs\/underscore.glif":"\/ttnewybk.ufo\/glyphs\/underscore.glif","\/ttnewybk.ufo\/glyphs\/v.glif":"\/ttnewybk.ufo\/glyphs\/v.glif","\/ttnewybk.ufo\/glyphs\/w.glif":"\/ttnewybk.ufo\/glyphs\/w.glif","\/ttnewybk.ufo\/glyphs\/x.glif":"\/ttnewybk.ufo\/glyphs\/x.glif","\/ttnewybk.ufo\/glyphs\/y.glif":"\/ttnewybk.ufo\/glyphs\/y.glif","\/ttnewybk.ufo\/glyphs\/yacute.glif":"\/ttnewybk.ufo\/glyphs\/yacute.glif","\/ttnewybk.ufo\/glyphs\/ydieresis.glif":"\/ttnewybk.ufo\/glyphs\/ydieresis.glif","\/ttnewybk.ufo\/glyphs\/yen.glif":"\/ttnewybk.ufo\/glyphs\/yen.glif","\/ttnewybk.ufo\/glyphs\/z.glif":"\/ttnewybk.ufo\/glyphs\/z.glif","\/ttnewybk.ufo\/glyphs\/zcaron.glif":"\/ttnewybk.ufo\/glyphs\/zcaron.glif","\/ttnewybk.ufo\/glyphs\/zero.glif":"\/ttnewybk.ufo\/glyphs\/zero.glif"},"Font":{"uploaded":1472374233.662,"licence":"gpl3","company":"Chronolabs Cooperative","title":"New Century Schoolbook","version":3.002,"date":"Sun Aug 28 07:55:02 2016","creator":"root","type":"1","matrix":"0.000244141 0 0 0.000244141 0 0","named":"NewCenturySchoolbook","painttype":"0","info":"10 dict dup","name":"New Yearbook","family":"New Yearbook","weight":"Book","fstype":"0","italicangle":"0","underlineposition":"","underlinethickness":""},"Licences":{"":false},"Table":{"FFTM":{"entryLength":16,"tag":"FFTM","checksum":1947016252,"offset":35576,"length":28},"GDEF":{"entryLength":16,"tag":"GDEF","checksum":18087940,"offset":35544,"length":32},"OS\/2":{"entryLength":16,"tag":"OS\/2","checksum":2148743728,"offset":344,"length":86},"cmap":{"entryLength":16,"tag":"cmap","checksum":3821153470,"offset":1356,"length":578},"gasp":{"entryLength":16,"tag":"gasp","checksum":4294901763,"offset":35536,"length":8},"glyf":{"entryLength":16,"tag":"glyf","checksum":905383922,"offset":2400,"length":31664},"head":{"entryLength":16,"tag":"head","checksum":326536203,"offset":220,"length":54},"hhea":{"entryLength":16,"tag":"hhea","checksum":497617590,"offset":276,"length":36},"hmtx":{"entryLength":16,"tag":"hmtx","checksum":4214257698,"offset":432,"length":924},"loca":{"entryLength":16,"tag":"loca","checksum":1933546630,"offset":1936,"length":464},"maxp":{"entryLength":16,"tag":"maxp","checksum":20250919,"offset":312,"length":32},"name":{"entryLength":16,"tag":"name","checksum":3319044788,"offset":34064,"length":975},"post":{"entryLength":16,"tag":"post","checksum":923350605,"offset":35040,"length":496}},"UnicodeCharMap":{"0":1,"13":2,"32":3,"33":4,"34":5,"35":6,"36":7,"37":8,"38":9,"39":10,"40":11,"41":12,"42":13,"43":14,"44":15,"45":16,"46":17,"47":18,"48":19,"49":20,"50":21,"51":22,"52":23,"53":24,"54":25,"55":26,"56":27,"57":28,"58":29,"59":30,"60":31,"61":32,"62":33,"63":34,"64":35,"65":36,"66":37,"67":38,"68":39,"69":40,"70":41,"71":42,"72":43,"73":44,"74":45,"75":46,"76":47,"77":48,"78":49,"79":50,"80":51,"81":52,"82":53,"83":54,"84":55,"85":56,"86":57,"87":58,"88":59,"89":60,"90":61,"91":62,"92":63,"93":64,"94":65,"95":66,"96":67,"97":68,"98":69,"99":70,"100":71,"101":72,"102":73,"103":74,"104":75,"105":76,"106":77,"107":78,"108":79,"109":80,"110":81,"111":82,"112":83,"113":84,"114":85,"115":86,"116":87,"117":88,"118":89,"119":90,"120":91,"121":92,"122":93,"123":94,"124":95,"125":96,"126":97,"161":98,"162":99,"163":100,"164":101,"165":102,"166":103,"167":104,"168":105,"169":106,"170":107,"171":108,"172":109,"174":110,"175":111,"176":112,"177":113,"178":114,"179":115,"180":116,"182":118,"183":119,"184":120,"185":121,"186":122,"187":123,"188":124,"189":125,"190":126,"191":127,"192":128,"193":129,"194":130,"195":131,"196":132,"197":133,"198":134,"199":135,"200":136,"201":137,"202":138,"203":139,"204":140,"205":141,"206":142,"207":143,"208":144,"209":145,"210":146,"211":147,"212":148,"213":149,"214":150,"215":151,"216":152,"217":153,"218":154,"219":155,"220":156,"221":157,"222":158,"223":159,"224":160,"225":161,"226":162,"227":163,"228":164,"229":165,"230":166,"231":167,"232":168,"233":169,"234":170,"235":171,"236":172,"237":173,"238":174,"239":175,"240":176,"241":177,"242":178,"243":179,"244":180,"245":181,"246":182,"247":183,"248":184,"249":185,"250":186,"251":187,"252":188,"253":189,"254":190,"255":191,"305":221,"321":219,"322":222,"338":220,"339":223,"352":226,"353":229,"376":227,"381":228,"382":230,"402":195,"710":210,"711":217,"728":212,"729":213,"730":214,"731":216,"732":211,"733":215,"956":117,"8211":218,"8212":201,"8216":193,"8217":192,"8218":205,"8220":196,"8221":207,"8222":206,"8224":202,"8225":203,"8226":204,"8230":208,"8240":209,"8249":197,"8250":198,"8260":194,"8482":224,"8722":225,"64257":199,"64258":200},"Reserves":{"fontname":"New Yearbook"},"Names":{"New Yearbook":{"name":"New Yearbook","longitude":"0.00000001","latitude":"0.00000001","country":"","region":"","city":""}},"Nodes":{"ne":{"type":"typal","node":"ne","usage":1,"weight":1},"ew":{"type":"typal","node":"ew","usage":1,"weight":1},"ye":{"type":"typal","node":"ye","usage":1,"weight":1},"ok":{"type":"typal","node":"ok","usage":1,"weight":1},"yea":{"type":"typal","node":"yea","usage":1,"weight":1},"ook":{"type":"typal","node":"ook","usage":1,"weight":1},"year":{"type":"keys","node":"year","usage":1,"weight":1},"book":{"type":"keys","node":"book","usage":1,"weight":1},"yearb":{"type":"keys","node":"yearb","usage":1,"weight":1},"rbook":{"type":"keys","node":"rbook","usage":1,"weight":1},"new":{"type":"fixes","node":"new","usage":1,"weight":1},"yearbook":{"type":"fixes","node":"yearbook","usage":1,"weight":1}},"Contributors":[],"FontIdentity":"crash99:0b9c4ad124b8d6efec7642d1","Bytes":null,"Networking":[],"barcode":"siesmseai8ysy","referee":"3wiyoy7g"}