{"CSS":{"Z Dabble Down":".css"},"FontType":"TrueType","FontCopyright":"Copyright (c)1994 STAR Retrieval Systems. All Rights Reserved.","FontName":"Z Dabble Down","FontSubfamily":"DabbleDown","FontSubfamilyID":"FontForge 2.0 : Z Dabble Down : 30-5-2016","FontFullName":"Z Dabble Down","FontVersion":"Version 1.0 Fri Sep 02 10:27 ","FontWeight":null,"FontPostscriptName":"Z-DabbleDown","Files":{"Font Preview for Z Dabble Down.gif":"Font Preview for Z Dabble Down.gif","Font Preview for Z Dabble Down.jpg":"Font Preview for Z Dabble Down.jpg","Font Preview for Z Dabble Down.png":"Font Preview for Z Dabble Down.png","font-name-banner.gif":"font-name-banner.gif","font-name-banner.jpg":"font-name-banner.jpg","font-name-banner.png":"font-name-banner.png","z-dabble-down-normal.afm":"z-dabble-down-normal.afm","z-dabble-down-normal.bin":"z-dabble-down-normal.bin","z-dabble-down-normal.cef":"z-dabble-down-normal.cef","z-dabble-down-normal.cff":"z-dabble-down-normal.cff","z-dabble-down-normal.cid":"z-dabble-down-normal.cid","z-dabble-down-normal.dfont":"z-dabble-down-normal.dfont","z-dabble-down-normal.eot":"z-dabble-down-normal.eot","z-dabble-down-normal.fon":"z-dabble-down-normal.fon","z-dabble-down-normal.gai":"z-dabble-down-normal.gai","z-dabble-down-normal.gsf":"z-dabble-down-normal.gsf","z-dabble-down-normal.hqx":"z-dabble-down-normal.hqx","z-dabble-down-normal.ik":"z-dabble-down-normal.ik","z-dabble-down-normal.mf":"z-dabble-down-normal.mf","z-dabble-down-normal.otb":"z-dabble-down-normal.otb","z-dabble-down-normal.otf":"z-dabble-down-normal.otf","z-dabble-down-normal.pcf":"z-dabble-down-normal.pcf","z-dabble-down-normal.pf3":"z-dabble-down-normal.pf3","z-dabble-down-normal.pfa":"z-dabble-down-normal.pfa","z-dabble-down-normal.pfb":"z-dabble-down-normal.pfb","z-dabble-down-normal.php":"z-dabble-down-normal.php","z-dabble-down-normal.pmf":"z-dabble-down-normal.pmf","z-dabble-down-normal.pt3":"z-dabble-down-normal.pt3","z-dabble-down-normal.sfd":"z-dabble-down-normal.sfd","z-dabble-down-normal.svg":"z-dabble-down-normal.svg","z-dabble-down-normal.t42":"z-dabble-down-normal.t42","z-dabble-down-normal.ttd":"z-dabble-down-normal.ttd","z-dabble-down-normal.ttf":"z-dabble-down-normal.ttf","z-dabble-down-normal.ttg":"z-dabble-down-normal.ttg","z-dabble-down-normal.ufm":"z-dabble-down-normal.ufm","z-dabble-down-normal.woff":"z-dabble-down-normal.woff","z-dabble-down-normal.z":"z-dabble-down-normal.z","":{"0600471309392e1c31bba8c25a30a54f.css":"0600471309392e1c31bba8c25a30a54f.css","1810bf1d63c10975c15654ccee60a043.css":"1810bf1d63c10975c15654ccee60a043.css","34fd089c78f188a06166231a1bc3d8dc.css":"34fd089c78f188a06166231a1bc3d8dc.css","3c500e0d5f7e65efb466544bfb61b301.css":"3c500e0d5f7e65efb466544bfb61b301.css","3cef42edf639cb372ecb044741f12754.css":"3cef42edf639cb372ecb044741f12754.css","6131a7bd82acd95131f5688d6eeb2084.css":"6131a7bd82acd95131f5688d6eeb2084.css","6a42daf162ed907a520e612df175a196.css":"6a42daf162ed907a520e612df175a196.css","981e02ccbebbfdb6c74400ea48c9048c.css":"981e02ccbebbfdb6c74400ea48c9048c.css","Font Preview for Z Dabble Down.gif":"Font Preview for Z Dabble Down.gif","Font Preview for Z Dabble Down.jpg":"Font Preview for Z Dabble Down.jpg","Font Preview for Z Dabble Down.png":"Font Preview for Z Dabble Down.png","Z Dabble Down.css":"Z Dabble Down.css","a192b38a1fed3f443c73ef126c8fb0aa.css":"a192b38a1fed3f443c73ef126c8fb0aa.css","a50f41cdef83701b3c9d43a0a2b67bbd.css":"a50f41cdef83701b3c9d43a0a2b67bbd.css","ab51416c76588dbdde9d297eccc6b500.css":"ab51416c76588dbdde9d297eccc6b500.css","b7f95a56aede65cd2dbb5cb29ef8921e.css":"b7f95a56aede65cd2dbb5cb29ef8921e.css","c1087c68fd9afab364268dbd3f727f0b.css":"c1087c68fd9afab364268dbd3f727f0b.css","d6b597f4cf621ed2a34315c7bcaea1b0.css":"d6b597f4cf621ed2a34315c7bcaea1b0.css","e77359f70fa3cc5a6143e0c637a30865.css":"e77359f70fa3cc5a6143e0c637a30865.css","f7d5245c61f906b02201fdb6b5f09b63.css":"f7d5245c61f906b02201fdb6b5f09b63.css","font-name-banner.gif":"font-name-banner.gif","font-name-banner.jpg":"font-name-banner.jpg","font-name-banner.png":"font-name-banner.png","font-resource.json":"font-resource.json","z-dabble-down-normal.afm":"z-dabble-down-normal.afm","z-dabble-down-normal.bin":"z-dabble-down-normal.bin","z-dabble-down-normal.cef":"z-dabble-down-normal.cef","z-dabble-down-normal.cff":"z-dabble-down-normal.cff","z-dabble-down-normal.cid":"z-dabble-down-normal.cid","z-dabble-down-normal.dfont":"z-dabble-down-normal.dfont","z-dabble-down-normal.eot":"z-dabble-down-normal.eot","z-dabble-down-normal.fon":"z-dabble-down-normal.fon","z-dabble-down-normal.gai":"z-dabble-down-normal.gai","z-dabble-down-normal.gsf":"z-dabble-down-normal.gsf","z-dabble-down-normal.hqx":"z-dabble-down-normal.hqx","z-dabble-down-normal.ik":"z-dabble-down-normal.ik","z-dabble-down-normal.mf":"z-dabble-down-normal.mf","z-dabble-down-normal.otb":"z-dabble-down-normal.otb","z-dabble-down-normal.otf":"z-dabble-down-normal.otf","z-dabble-down-normal.pcf":"z-dabble-down-normal.pcf","z-dabble-down-normal.pf3":"z-dabble-down-normal.pf3","z-dabble-down-normal.pfa":"z-dabble-down-normal.pfa","z-dabble-down-normal.pfb":"z-dabble-down-normal.pfb","z-dabble-down-normal.php":"z-dabble-down-normal.php","z-dabble-down-normal.pmf":"z-dabble-down-normal.pmf","z-dabble-down-normal.pt3":"z-dabble-down-normal.pt3","z-dabble-down-normal.sfd":"z-dabble-down-normal.sfd","z-dabble-down-normal.svg":"z-dabble-down-normal.svg","z-dabble-down-normal.t42":"z-dabble-down-normal.t42","z-dabble-down-normal.ttd":"z-dabble-down-normal.ttd","z-dabble-down-normal.ttf":"z-dabble-down-normal.ttf","z-dabble-down-normal.ttg":"z-dabble-down-normal.ttg","z-dabble-down-normal.ufm":"z-dabble-down-normal.ufm","z-dabble-down-normal.woff":"z-dabble-down-normal.woff","z-dabble-down-normal.z":"z-dabble-down-normal.z"},"\/z-dabble-down-normal.ufo":{"feature.fea":"feature.fea","fontinfo.plist":"fontinfo.plist","groups.plist":"groups.plist","kerning.plist":"kerning.plist","metainfo.plist":"metainfo.plist"},"\/z-dabble-down-normal.ufo\/glyphs":{"A_.glif":"A_.glif","B_.glif":"B_.glif","C_.glif":"C_.glif","D_.glif":"D_.glif","E_.glif":"E_.glif","F_.glif":"F_.glif","G_.glif":"G_.glif","H_.glif":"H_.glif","I_.glif":"I_.glif","J_.glif":"J_.glif","K_.glif":"K_.glif","L_.glif":"L_.glif","M_.glif":"M_.glif","N_.glif":"N_.glif","O_.glif":"O_.glif","P_.glif":"P_.glif","Q_.glif":"Q_.glif","R_.glif":"R_.glif","S_.glif":"S_.glif","T_.glif":"T_.glif","U_.glif":"U_.glif","V_.glif":"V_.glif","W_.glif":"W_.glif","X_.glif":"X_.glif","Y_.glif":"Y_.glif","Y_dieresis.glif":"Y_dieresis.glif","Z_.glif":"Z_.glif","_notdef.glif":"_notdef.glif","_null.glif":"_null.glif","a.glif":"a.glif","acute.glif":"acute.glif","ampersand.glif":"ampersand.glif","asciicircum.glif":"asciicircum.glif","asciitilde.glif":"asciitilde.glif","asterisk.glif":"asterisk.glif","at.glif":"at.glif","b.glif":"b.glif","backslash.glif":"backslash.glif","bar.glif":"bar.glif","braceleft.glif":"braceleft.glif","braceright.glif":"braceright.glif","bracketleft.glif":"bracketleft.glif","bracketright.glif":"bracketright.glif","brokenbar.glif":"brokenbar.glif","bullet.glif":"bullet.glif","c.glif":"c.glif","cent.glif":"cent.glif","colon.glif":"colon.glif","comma.glif":"comma.glif","contents.plist":"contents.plist","copyright.glif":"copyright.glif","currency.glif":"currency.glif","d.glif":"d.glif","degree.glif":"degree.glif","divide.glif":"divide.glif","dollar.glif":"dollar.glif","e.glif":"e.glif","eight.glif":"eight.glif","emdash.glif":"emdash.glif","endash.glif":"endash.glif","equal.glif":"equal.glif","exclam.glif":"exclam.glif","exclamdown.glif":"exclamdown.glif","f.glif":"f.glif","five.glif":"five.glif","four.glif":"four.glif","g.glif":"g.glif","grave.glif":"grave.glif","greater.glif":"greater.glif","guillemotleft.glif":"guillemotleft.glif","guillemotright.glif":"guillemotright.glif","h.glif":"h.glif","hyphen.glif":"hyphen.glif","i.glif":"i.glif","j.glif":"j.glif","k.glif":"k.glif","l.glif":"l.glif","less.glif":"less.glif","m.glif":"m.glif","macron.glif":"macron.glif","minus.glif":"minus.glif","n.glif":"n.glif","nine.glif":"nine.glif","nonbreakingspace.glif":"nonbreakingspace.glif","nonmarkingreturn.glif":"nonmarkingreturn.glif","ntilde.glif":"ntilde.glif","numbersign.glif":"numbersign.glif","o.glif":"o.glif","one.glif":"one.glif","onehalf.glif":"onehalf.glif","onequarter.glif":"onequarter.glif","p.glif":"p.glif","paragraph.glif":"paragraph.glif","parenleft.glif":"parenleft.glif","parenright.glif":"parenright.glif","percent.glif":"percent.glif","period.glif":"period.glif","periodcentered.glif":"periodcentered.glif","plus.glif":"plus.glif","plusminus.glif":"plusminus.glif","q.glif":"q.glif","question.glif":"question.glif","questiondown.glif":"questiondown.glif","quotedbl.glif":"quotedbl.glif","quotedblbase.glif":"quotedblbase.glif","quotedblleft.glif":"quotedblleft.glif","quotedblright.glif":"quotedblright.glif","quoteleft.glif":"quoteleft.glif","quoteright.glif":"quoteright.glif","quotesinglbase.glif":"quotesinglbase.glif","quotesingle.glif":"quotesingle.glif","r.glif":"r.glif","registered.glif":"registered.glif","s.glif":"s.glif","semicolon.glif":"semicolon.glif","seven.glif":"seven.glif","six.glif":"six.glif","slash.glif":"slash.glif","space.glif":"space.glif","sterling.glif":"sterling.glif","t.glif":"t.glif","three.glif":"three.glif","threequarters.glif":"threequarters.glif","tilde.glif":"tilde.glif","trademark.glif":"trademark.glif","two.glif":"two.glif","u.glif":"u.glif","underscore.glif":"underscore.glif","v.glif":"v.glif","w.glif":"w.glif","x.glif":"x.glif","y.glif":"y.glif","yen.glif":"yen.glif","z.glif":"z.glif","zero.glif":"zero.glif"}},"Table":{"FFTM":{"entryLength":16,"tag":"FFTM","checksum":1931538794,"offset":40280,"length":28},"GDEF":{"entryLength":16,"tag":"GDEF","checksum":11730948,"offset":35348,"length":32},"GPOS":{"entryLength":16,"tag":"GPOS","checksum":3974145865,"offset":35428,"length":4850},"GSUB":{"entryLength":16,"tag":"GSUB","checksum":3103766782,"offset":35380,"length":48},"OS\/2":{"entryLength":16,"tag":"OS\/2","checksum":1463288166,"offset":376,"length":86},"cmap":{"entryLength":16,"tag":"cmap","checksum":73028972,"offset":1000,"length":486},"gasp":{"entryLength":16,"tag":"gasp","checksum":4294901763,"offset":35340,"length":8},"glyf":{"entryLength":16,"tag":"glyf","checksum":2033753837,"offset":1760,"length":32540},"head":{"entryLength":16,"tag":"head","checksum":199465195,"offset":252,"length":54},"hhea":{"entryLength":16,"tag":"hhea","checksum":142673099,"offset":308,"length":36},"hmtx":{"entryLength":16,"tag":"hmtx","checksum":2586118218,"offset":464,"length":536},"loca":{"entryLength":16,"tag":"loca","checksum":1213082154,"offset":1488,"length":270},"maxp":{"entryLength":16,"tag":"maxp","checksum":14156132,"offset":344,"length":32},"name":{"entryLength":16,"tag":"name","checksum":1551078315,"offset":34300,"length":735},"post":{"entryLength":16,"tag":"post","checksum":366220791,"offset":35036,"length":302}},"UnicodeCharMap":{"0":1,"13":2,"32":3,"33":4,"34":5,"35":6,"36":7,"37":8,"38":9,"39":10,"40":11,"41":12,"42":13,"43":14,"44":15,"45":16,"46":17,"47":18,"48":19,"49":20,"50":21,"51":22,"52":23,"53":24,"54":25,"55":26,"56":27,"57":28,"58":29,"59":30,"60":31,"61":32,"62":33,"63":34,"64":35,"65":36,"66":37,"67":38,"68":39,"69":40,"70":41,"71":42,"72":43,"73":44,"74":45,"75":46,"76":47,"77":48,"78":49,"79":50,"80":51,"81":52,"82":53,"83":54,"84":55,"85":56,"86":57,"87":58,"88":59,"89":60,"90":61,"91":62,"92":63,"93":64,"94":65,"95":66,"96":67,"97":68,"98":69,"99":70,"100":71,"101":72,"102":73,"103":74,"104":75,"105":76,"106":77,"107":78,"108":79,"109":80,"110":81,"111":82,"112":83,"113":84,"114":85,"115":86,"116":87,"117":88,"118":89,"119":90,"120":91,"121":92,"122":93,"123":94,"124":95,"125":96,"126":97,"160":98,"161":99,"162":100,"163":101,"164":102,"165":103,"166":104,"169":105,"171":106,"174":108,"175":109,"176":110,"177":111,"180":112,"182":113,"183":114,"187":115,"188":116,"189":117,"190":118,"191":119,"241":120,"247":121,"376":133,"732":131,"8211":129,"8212":130,"8216":124,"8217":125,"8218":122,"8220":126,"8221":127,"8222":123,"8226":128,"8482":132,"8722":107},"Reserves":null,"Names":{"Z Dabble Down":{"name":"Z Dabble Down","longitude":null,"latitude":null,"country":null,"region":null,"city":null}},"Nodes":{"da":{"type":"typal","node":"da","usage":1,"weight":1},"le":{"type":"typal","node":"le","usage":1,"weight":1},"do":{"type":"typal","node":"do","usage":1,"weight":1},"wn":{"type":"typal","node":"wn","usage":1,"weight":1},"dab":{"type":"typal","node":"dab","usage":1,"weight":1},"ble":{"type":"typal","node":"ble","usage":1,"weight":1},"dow":{"type":"typal","node":"dow","usage":1,"weight":1},"own":{"type":"typal","node":"own","usage":1,"weight":1},"dabb":{"type":"keys","node":"dabb","usage":1,"weight":1},"bble":{"type":"keys","node":"bble","usage":1,"weight":1},"dabbl":{"type":"keys","node":"dabbl","usage":1,"weight":1},"abble":{"type":"keys","node":"abble","usage":1,"weight":1},"z":{"type":"fixes","node":"z","usage":1,"weight":1},"dabble":{"type":"fixes","node":"dabble","usage":1,"weight":1},"down":{"type":"fixes","node":"down","usage":1,"weight":1}},"Contributors":[],"FontIdentity":"bd76b52619f6d44c58474db65b27e909","Bytes":6584943,"Networking":[],"json":{"CSS":{"Z Dabble Down":".css"},"FontType":"TrueType","FontCopyright":"Copyright (c)1994 STAR Retrieval Systems. All Rights Reserved.","FontName":"Z Dabble Down","FontSubfamily":"DabbleDown","FontSubfamilyID":"FontForge 2.0 : Z Dabble Down : 30-5-2016","FontFullName":"Z Dabble Down","FontVersion":"Version 1.0 Fri Sep 02 10:27 ","FontWeight":null,"FontPostscriptName":"Z-DabbleDown","Files":{"Font Preview for Z Dabble Down.gif":"Font Preview for Z Dabble Down.gif","Font Preview for Z Dabble Down.jpg":"Font Preview for Z Dabble Down.jpg","Font Preview for Z Dabble Down.png":"Font Preview for Z Dabble Down.png","font-name-banner.gif":"font-name-banner.gif","font-name-banner.jpg":"font-name-banner.jpg","font-name-banner.png":"font-name-banner.png","z-dabble-down-normal.afm":"z-dabble-down-normal.afm","z-dabble-down-normal.bin":"z-dabble-down-normal.bin","z-dabble-down-normal.cef":"z-dabble-down-normal.cef","z-dabble-down-normal.cff":"z-dabble-down-normal.cff","z-dabble-down-normal.cid":"z-dabble-down-normal.cid","z-dabble-down-normal.dfont":"z-dabble-down-normal.dfont","z-dabble-down-normal.eot":"z-dabble-down-normal.eot","z-dabble-down-normal.fon":"z-dabble-down-normal.fon","z-dabble-down-normal.gai":"z-dabble-down-normal.gai","z-dabble-down-normal.gsf":"z-dabble-down-normal.gsf","z-dabble-down-normal.hqx":"z-dabble-down-normal.hqx","z-dabble-down-normal.ik":"z-dabble-down-normal.ik","z-dabble-down-normal.mf":"z-dabble-down-normal.mf","z-dabble-down-normal.otb":"z-dabble-down-normal.otb","z-dabble-down-normal.otf":"z-dabble-down-normal.otf","z-dabble-down-normal.pcf":"z-dabble-down-normal.pcf","z-dabble-down-normal.pf3":"z-dabble-down-normal.pf3","z-dabble-down-normal.pfa":"z-dabble-down-normal.pfa","z-dabble-down-normal.pfb":"z-dabble-down-normal.pfb","z-dabble-down-normal.php":"z-dabble-down-normal.php","z-dabble-down-normal.pmf":"z-dabble-down-normal.pmf","z-dabble-down-normal.pt3":"z-dabble-down-normal.pt3","z-dabble-down-normal.sfd":"z-dabble-down-normal.sfd","z-dabble-down-normal.svg":"z-dabble-down-normal.svg","z-dabble-down-normal.t42":"z-dabble-down-normal.t42","z-dabble-down-normal.ttd":"z-dabble-down-normal.ttd","z-dabble-down-normal.ttf":"z-dabble-down-normal.ttf","z-dabble-down-normal.ttg":"z-dabble-down-normal.ttg","z-dabble-down-normal.ufm":"z-dabble-down-normal.ufm","z-dabble-down-normal.woff":"z-dabble-down-normal.woff","z-dabble-down-normal.z":"z-dabble-down-normal.z","":{"0600471309392e1c31bba8c25a30a54f.css":"0600471309392e1c31bba8c25a30a54f.css","1810bf1d63c10975c15654ccee60a043.css":"1810bf1d63c10975c15654ccee60a043.css","34fd089c78f188a06166231a1bc3d8dc.css":"34fd089c78f188a06166231a1bc3d8dc.css","3c500e0d5f7e65efb466544bfb61b301.css":"3c500e0d5f7e65efb466544bfb61b301.css","3cef42edf639cb372ecb044741f12754.css":"3cef42edf639cb372ecb044741f12754.css","6131a7bd82acd95131f5688d6eeb2084.css":"6131a7bd82acd95131f5688d6eeb2084.css","6a42daf162ed907a520e612df175a196.css":"6a42daf162ed907a520e612df175a196.css","981e02ccbebbfdb6c74400ea48c9048c.css":"981e02ccbebbfdb6c74400ea48c9048c.css","Font Preview for Z Dabble Down.gif":"Font Preview for Z Dabble Down.gif","Font Preview for Z Dabble Down.jpg":"Font Preview for Z Dabble Down.jpg","Font Preview for Z Dabble Down.png":"Font Preview for Z Dabble Down.png","Z Dabble Down.css":"Z Dabble Down.css","a192b38a1fed3f443c73ef126c8fb0aa.css":"a192b38a1fed3f443c73ef126c8fb0aa.css","a50f41cdef83701b3c9d43a0a2b67bbd.css":"a50f41cdef83701b3c9d43a0a2b67bbd.css","ab51416c76588dbdde9d297eccc6b500.css":"ab51416c76588dbdde9d297eccc6b500.css","b7f95a56aede65cd2dbb5cb29ef8921e.css":"b7f95a56aede65cd2dbb5cb29ef8921e.css","c1087c68fd9afab364268dbd3f727f0b.css":"c1087c68fd9afab364268dbd3f727f0b.css","d6b597f4cf621ed2a34315c7bcaea1b0.css":"d6b597f4cf621ed2a34315c7bcaea1b0.css","e77359f70fa3cc5a6143e0c637a30865.css":"e77359f70fa3cc5a6143e0c637a30865.css","f7d5245c61f906b02201fdb6b5f09b63.css":"f7d5245c61f906b02201fdb6b5f09b63.css","font-name-banner.gif":"font-name-banner.gif","font-name-banner.jpg":"font-name-banner.jpg","font-name-banner.png":"font-name-banner.png","font-resource.json":"font-resource.json","z-dabble-down-normal.afm":"z-dabble-down-normal.afm","z-dabble-down-normal.bin":"z-dabble-down-normal.bin","z-dabble-down-normal.cef":"z-dabble-down-normal.cef","z-dabble-down-normal.cff":"z-dabble-down-normal.cff","z-dabble-down-normal.cid":"z-dabble-down-normal.cid","z-dabble-down-normal.dfont":"z-dabble-down-normal.dfont","z-dabble-down-normal.eot":"z-dabble-down-normal.eot","z-dabble-down-normal.fon":"z-dabble-down-normal.fon","z-dabble-down-normal.gai":"z-dabble-down-normal.gai","z-dabble-down-normal.gsf":"z-dabble-down-normal.gsf","z-dabble-down-normal.hqx":"z-dabble-down-normal.hqx","z-dabble-down-normal.ik":"z-dabble-down-normal.ik","z-dabble-down-normal.mf":"z-dabble-down-normal.mf","z-dabble-down-normal.otb":"z-dabble-down-normal.otb","z-dabble-down-normal.otf":"z-dabble-down-normal.otf","z-dabble-down-normal.pcf":"z-dabble-down-normal.pcf","z-dabble-down-normal.pf3":"z-dabble-down-normal.pf3","z-dabble-down-normal.pfa":"z-dabble-down-normal.pfa","z-dabble-down-normal.pfb":"z-dabble-down-normal.pfb","z-dabble-down-normal.php":"z-dabble-down-normal.php","z-dabble-down-normal.pmf":"z-dabble-down-normal.pmf","z-dabble-down-normal.pt3":"z-dabble-down-normal.pt3","z-dabble-down-normal.sfd":"z-dabble-down-normal.sfd","z-dabble-down-normal.svg":"z-dabble-down-normal.svg","z-dabble-down-normal.t42":"z-dabble-down-normal.t42","z-dabble-down-normal.ttd":"z-dabble-down-normal.ttd","z-dabble-down-normal.ttf":"z-dabble-down-normal.ttf","z-dabble-down-normal.ttg":"z-dabble-down-normal.ttg","z-dabble-down-normal.ufm":"z-dabble-down-normal.ufm","z-dabble-down-normal.woff":"z-dabble-down-normal.woff","z-dabble-down-normal.z":"z-dabble-down-normal.z"},"\/z-dabble-down-normal.ufo":{"feature.fea":"feature.fea","fontinfo.plist":"fontinfo.plist","groups.plist":"groups.plist","kerning.plist":"kerning.plist","metainfo.plist":"metainfo.plist"},"\/z-dabble-down-normal.ufo\/glyphs":{"A_.glif":"A_.glif","B_.glif":"B_.glif","C_.glif":"C_.glif","D_.glif":"D_.glif","E_.glif":"E_.glif","F_.glif":"F_.glif","G_.glif":"G_.glif","H_.glif":"H_.glif","I_.glif":"I_.glif","J_.glif":"J_.glif","K_.glif":"K_.glif","L_.glif":"L_.glif","M_.glif":"M_.glif","N_.glif":"N_.glif","O_.glif":"O_.glif","P_.glif":"P_.glif","Q_.glif":"Q_.glif","R_.glif":"R_.glif","S_.glif":"S_.glif","T_.glif":"T_.glif","U_.glif":"U_.glif","V_.glif":"V_.glif","W_.glif":"W_.glif","X_.glif":"X_.glif","Y_.glif":"Y_.glif","Y_dieresis.glif":"Y_dieresis.glif","Z_.glif":"Z_.glif","_notdef.glif":"_notdef.glif","_null.glif":"_null.glif","a.glif":"a.glif","acute.glif":"acute.glif","ampersand.glif":"ampersand.glif","asciicircum.glif":"asciicircum.glif","asciitilde.glif":"asciitilde.glif","asterisk.glif":"asterisk.glif","at.glif":"at.glif","b.glif":"b.glif","backslash.glif":"backslash.glif","bar.glif":"bar.glif","braceleft.glif":"braceleft.glif","braceright.glif":"braceright.glif","bracketleft.glif":"bracketleft.glif","bracketright.glif":"bracketright.glif","brokenbar.glif":"brokenbar.glif","bullet.glif":"bullet.glif","c.glif":"c.glif","cent.glif":"cent.glif","colon.glif":"colon.glif","comma.glif":"comma.glif","contents.plist":"contents.plist","copyright.glif":"copyright.glif","currency.glif":"currency.glif","d.glif":"d.glif","degree.glif":"degree.glif","divide.glif":"divide.glif","dollar.glif":"dollar.glif","e.glif":"e.glif","eight.glif":"eight.glif","emdash.glif":"emdash.glif","endash.glif":"endash.glif","equal.glif":"equal.glif","exclam.glif":"exclam.glif","exclamdown.glif":"exclamdown.glif","f.glif":"f.glif","five.glif":"five.glif","four.glif":"four.glif","g.glif":"g.glif","grave.glif":"grave.glif","greater.glif":"greater.glif","guillemotleft.glif":"guillemotleft.glif","guillemotright.glif":"guillemotright.glif","h.glif":"h.glif","hyphen.glif":"hyphen.glif","i.glif":"i.glif","j.glif":"j.glif","k.glif":"k.glif","l.glif":"l.glif","less.glif":"less.glif","m.glif":"m.glif","macron.glif":"macron.glif","minus.glif":"minus.glif","n.glif":"n.glif","nine.glif":"nine.glif","nonbreakingspace.glif":"nonbreakingspace.glif","nonmarkingreturn.glif":"nonmarkingreturn.glif","ntilde.glif":"ntilde.glif","numbersign.glif":"numbersign.glif","o.glif":"o.glif","one.glif":"one.glif","onehalf.glif":"onehalf.glif","onequarter.glif":"onequarter.glif","p.glif":"p.glif","paragraph.glif":"paragraph.glif","parenleft.glif":"parenleft.glif","parenright.glif":"parenright.glif","percent.glif":"percent.glif","period.glif":"period.glif","periodcentered.glif":"periodcentered.glif","plus.glif":"plus.glif","plusminus.glif":"plusminus.glif","q.glif":"q.glif","question.glif":"question.glif","questiondown.glif":"questiondown.glif","quotedbl.glif":"quotedbl.glif","quotedblbase.glif":"quotedblbase.glif","quotedblleft.glif":"quotedblleft.glif","quotedblright.glif":"quotedblright.glif","quoteleft.glif":"quoteleft.glif","quoteright.glif":"quoteright.glif","quotesinglbase.glif":"quotesinglbase.glif","quotesingle.glif":"quotesingle.glif","r.glif":"r.glif","registered.glif":"registered.glif","s.glif":"s.glif","semicolon.glif":"semicolon.glif","seven.glif":"seven.glif","six.glif":"six.glif","slash.glif":"slash.glif","space.glif":"space.glif","sterling.glif":"sterling.glif","t.glif":"t.glif","three.glif":"three.glif","threequarters.glif":"threequarters.glif","tilde.glif":"tilde.glif","trademark.glif":"trademark.glif","two.glif":"two.glif","u.glif":"u.glif","underscore.glif":"underscore.glif","v.glif":"v.glif","w.glif":"w.glif","x.glif":"x.glif","y.glif":"y.glif","yen.glif":"yen.glif","z.glif":"z.glif","zero.glif":"zero.glif"}},"Table":{"FFTM":{"entryLength":16,"tag":"FFTM","checksum":1931538794,"offset":40280,"length":28},"GDEF":{"entryLength":16,"tag":"GDEF","checksum":11730948,"offset":35348,"length":32},"GPOS":{"entryLength":16,"tag":"GPOS","checksum":3974145865,"offset":35428,"length":4850},"GSUB":{"entryLength":16,"tag":"GSUB","checksum":3103766782,"offset":35380,"length":48},"OS\/2":{"entryLength":16,"tag":"OS\/2","checksum":1463288166,"offset":376,"length":86},"cmap":{"entryLength":16,"tag":"cmap","checksum":73028972,"offset":1000,"length":486},"gasp":{"entryLength":16,"tag":"gasp","checksum":4294901763,"offset":35340,"length":8},"glyf":{"entryLength":16,"tag":"glyf","checksum":2033753837,"offset":1760,"length":32540},"head":{"entryLength":16,"tag":"head","checksum":199465195,"offset":252,"length":54},"hhea":{"entryLength":16,"tag":"hhea","checksum":142673099,"offset":308,"length":36},"hmtx":{"entryLength":16,"tag":"hmtx","checksum":2586118218,"offset":464,"length":536},"loca":{"entryLength":16,"tag":"loca","checksum":1213082154,"offset":1488,"length":270},"maxp":{"entryLength":16,"tag":"maxp","checksum":14156132,"offset":344,"length":32},"name":{"entryLength":16,"tag":"name","checksum":1551078315,"offset":34300,"length":735},"post":{"entryLength":16,"tag":"post","checksum":366220791,"offset":35036,"length":302}},"UnicodeCharMap":{"0":1,"13":2,"32":3,"33":4,"34":5,"35":6,"36":7,"37":8,"38":9,"39":10,"40":11,"41":12,"42":13,"43":14,"44":15,"45":16,"46":17,"47":18,"48":19,"49":20,"50":21,"51":22,"52":23,"53":24,"54":25,"55":26,"56":27,"57":28,"58":29,"59":30,"60":31,"61":32,"62":33,"63":34,"64":35,"65":36,"66":37,"67":38,"68":39,"69":40,"70":41,"71":42,"72":43,"73":44,"74":45,"75":46,"76":47,"77":48,"78":49,"79":50,"80":51,"81":52,"82":53,"83":54,"84":55,"85":56,"86":57,"87":58,"88":59,"89":60,"90":61,"91":62,"92":63,"93":64,"94":65,"95":66,"96":67,"97":68,"98":69,"99":70,"100":71,"101":72,"102":73,"103":74,"104":75,"105":76,"106":77,"107":78,"108":79,"109":80,"110":81,"111":82,"112":83,"113":84,"114":85,"115":86,"116":87,"117":88,"118":89,"119":90,"120":91,"121":92,"122":93,"123":94,"124":95,"125":96,"126":97,"160":98,"161":99,"162":100,"163":101,"164":102,"165":103,"166":104,"169":105,"171":106,"174":108,"175":109,"176":110,"177":111,"180":112,"182":113,"183":114,"187":115,"188":116,"189":117,"190":118,"191":119,"241":120,"247":121,"376":133,"732":131,"8211":129,"8212":130,"8216":124,"8217":125,"8218":122,"8220":126,"8221":127,"8222":123,"8226":128,"8482":132,"8722":107},"Reserves":null,"Names":{"Z Dabble Down":{"name":"Z Dabble Down","longitude":null,"latitude":null,"country":null,"region":null,"city":null}},"Nodes":{"da":{"type":"typal","node":"da","usage":1,"weight":1},"le":{"type":"typal","node":"le","usage":1,"weight":1},"do":{"type":"typal","node":"do","usage":1,"weight":1},"wn":{"type":"typal","node":"wn","usage":1,"weight":1},"dab":{"type":"typal","node":"dab","usage":1,"weight":1},"ble":{"type":"typal","node":"ble","usage":1,"weight":1},"dow":{"type":"typal","node":"dow","usage":1,"weight":1},"own":{"type":"typal","node":"own","usage":1,"weight":1},"dabb":{"type":"keys","node":"dabb","usage":1,"weight":1},"bble":{"type":"keys","node":"bble","usage":1,"weight":1},"dabbl":{"type":"keys","node":"dabbl","usage":1,"weight":1},"abble":{"type":"keys","node":"abble","usage":1,"weight":1},"z":{"type":"fixes","node":"z","usage":1,"weight":1},"dabble":{"type":"fixes","node":"dabble","usage":1,"weight":1},"down":{"type":"fixes","node":"down","usage":1,"weight":1}},"Contributors":[],"FontIdentity":"bd76b52619f6d44c58474db65b27e909","Bytes":6584943,"Networking":[]}}