{"CSS":{"Gittani":"doofeu1:73edc9c048c4b9a507b733a7.css"},"FontType":"TrueType","FontCopyright":"Copyright 1994 NovelFonts! Corporation","FontName":"Gittani","FontSubfamily":"Book","FontSubfamilyID":"FontForge 2.0 : Gittani : 29-8-2016","FontFullName":"Gittani","FontVersion":"Version Altsys Fontographer  ","FontWeight":null,"FontPostscriptName":"Gittani","Files":{"\/Gittani.css":"\/Gittani.css","\/font-resource.json":"\/font-resource.json","\/gittani.afm":"\/gittani.afm","\/gittani.cef":"\/gittani.cef","\/gittani.cff":"\/gittani.cff","\/gittani.eot":"\/gittani.eot","\/gittani.gai":"\/gittani.gai","\/gittani.gsf":"\/gittani.gsf","\/gittani.otf":"\/gittani.otf","\/gittani.pf3":"\/gittani.pf3","\/gittani.pfa":"\/gittani.pfa","\/gittani.pfb":"\/gittani.pfb","\/gittani.php":"\/gittani.php","\/gittani.pt3":"\/gittani.pt3","\/gittani.sfd":"\/gittani.sfd","\/gittani.svg":"\/gittani.svg","\/gittani.t42":"\/gittani.t42","\/gittani.ttd":"\/gittani.ttd","\/gittani.ttf":"\/gittani.ttf","\/gittani.ttg":"\/gittani.ttg","\/gittani.ufm":"\/gittani.ufm","\/gittani.woff":"\/gittani.woff","\/gittani.z":"\/gittani.z","\/gittani.ufo\/feature.fea":"\/gittani.ufo\/feature.fea","\/gittani.ufo\/fontinfo.plist":"\/gittani.ufo\/fontinfo.plist","\/gittani.ufo\/groups.plist":"\/gittani.ufo\/groups.plist","\/gittani.ufo\/kerning.plist":"\/gittani.ufo\/kerning.plist","\/gittani.ufo\/metainfo.plist":"\/gittani.ufo\/metainfo.plist","\/gittani.ufo\/glyphs\/A_.glif":"\/gittani.ufo\/glyphs\/A_.glif","\/gittani.ufo\/glyphs\/A_E_.glif":"\/gittani.ufo\/glyphs\/A_E_.glif","\/gittani.ufo\/glyphs\/A_acute.glif":"\/gittani.ufo\/glyphs\/A_acute.glif","\/gittani.ufo\/glyphs\/A_circumflex.glif":"\/gittani.ufo\/glyphs\/A_circumflex.glif","\/gittani.ufo\/glyphs\/A_dieresis.glif":"\/gittani.ufo\/glyphs\/A_dieresis.glif","\/gittani.ufo\/glyphs\/A_grave.glif":"\/gittani.ufo\/glyphs\/A_grave.glif","\/gittani.ufo\/glyphs\/A_ring.glif":"\/gittani.ufo\/glyphs\/A_ring.glif","\/gittani.ufo\/glyphs\/A_tilde.glif":"\/gittani.ufo\/glyphs\/A_tilde.glif","\/gittani.ufo\/glyphs\/B_.glif":"\/gittani.ufo\/glyphs\/B_.glif","\/gittani.ufo\/glyphs\/C_.glif":"\/gittani.ufo\/glyphs\/C_.glif","\/gittani.ufo\/glyphs\/C_cedilla.glif":"\/gittani.ufo\/glyphs\/C_cedilla.glif","\/gittani.ufo\/glyphs\/D_.glif":"\/gittani.ufo\/glyphs\/D_.glif","\/gittani.ufo\/glyphs\/E_.glif":"\/gittani.ufo\/glyphs\/E_.glif","\/gittani.ufo\/glyphs\/E_acute.glif":"\/gittani.ufo\/glyphs\/E_acute.glif","\/gittani.ufo\/glyphs\/E_circumflex.glif":"\/gittani.ufo\/glyphs\/E_circumflex.glif","\/gittani.ufo\/glyphs\/E_dieresis.glif":"\/gittani.ufo\/glyphs\/E_dieresis.glif","\/gittani.ufo\/glyphs\/E_grave.glif":"\/gittani.ufo\/glyphs\/E_grave.glif","\/gittani.ufo\/glyphs\/F_.glif":"\/gittani.ufo\/glyphs\/F_.glif","\/gittani.ufo\/glyphs\/G_.glif":"\/gittani.ufo\/glyphs\/G_.glif","\/gittani.ufo\/glyphs\/H_.glif":"\/gittani.ufo\/glyphs\/H_.glif","\/gittani.ufo\/glyphs\/I_.glif":"\/gittani.ufo\/glyphs\/I_.glif","\/gittani.ufo\/glyphs\/I_acute.glif":"\/gittani.ufo\/glyphs\/I_acute.glif","\/gittani.ufo\/glyphs\/I_circumflex.glif":"\/gittani.ufo\/glyphs\/I_circumflex.glif","\/gittani.ufo\/glyphs\/I_dieresis.glif":"\/gittani.ufo\/glyphs\/I_dieresis.glif","\/gittani.ufo\/glyphs\/I_grave.glif":"\/gittani.ufo\/glyphs\/I_grave.glif","\/gittani.ufo\/glyphs\/J_.glif":"\/gittani.ufo\/glyphs\/J_.glif","\/gittani.ufo\/glyphs\/K_.glif":"\/gittani.ufo\/glyphs\/K_.glif","\/gittani.ufo\/glyphs\/L_.glif":"\/gittani.ufo\/glyphs\/L_.glif","\/gittani.ufo\/glyphs\/M_.glif":"\/gittani.ufo\/glyphs\/M_.glif","\/gittani.ufo\/glyphs\/N_.glif":"\/gittani.ufo\/glyphs\/N_.glif","\/gittani.ufo\/glyphs\/N_tilde.glif":"\/gittani.ufo\/glyphs\/N_tilde.glif","\/gittani.ufo\/glyphs\/O_.glif":"\/gittani.ufo\/glyphs\/O_.glif","\/gittani.ufo\/glyphs\/O_E_.glif":"\/gittani.ufo\/glyphs\/O_E_.glif","\/gittani.ufo\/glyphs\/O_acute.glif":"\/gittani.ufo\/glyphs\/O_acute.glif","\/gittani.ufo\/glyphs\/O_circumflex.glif":"\/gittani.ufo\/glyphs\/O_circumflex.glif","\/gittani.ufo\/glyphs\/O_dieresis.glif":"\/gittani.ufo\/glyphs\/O_dieresis.glif","\/gittani.ufo\/glyphs\/O_grave.glif":"\/gittani.ufo\/glyphs\/O_grave.glif","\/gittani.ufo\/glyphs\/O_slash.glif":"\/gittani.ufo\/glyphs\/O_slash.glif","\/gittani.ufo\/glyphs\/O_tilde.glif":"\/gittani.ufo\/glyphs\/O_tilde.glif","\/gittani.ufo\/glyphs\/P_.glif":"\/gittani.ufo\/glyphs\/P_.glif","\/gittani.ufo\/glyphs\/Q_.glif":"\/gittani.ufo\/glyphs\/Q_.glif","\/gittani.ufo\/glyphs\/R_.glif":"\/gittani.ufo\/glyphs\/R_.glif","\/gittani.ufo\/glyphs\/S_.glif":"\/gittani.ufo\/glyphs\/S_.glif","\/gittani.ufo\/glyphs\/T_.glif":"\/gittani.ufo\/glyphs\/T_.glif","\/gittani.ufo\/glyphs\/U_.glif":"\/gittani.ufo\/glyphs\/U_.glif","\/gittani.ufo\/glyphs\/U_acute.glif":"\/gittani.ufo\/glyphs\/U_acute.glif","\/gittani.ufo\/glyphs\/U_circumflex.glif":"\/gittani.ufo\/glyphs\/U_circumflex.glif","\/gittani.ufo\/glyphs\/U_dieresis.glif":"\/gittani.ufo\/glyphs\/U_dieresis.glif","\/gittani.ufo\/glyphs\/U_grave.glif":"\/gittani.ufo\/glyphs\/U_grave.glif","\/gittani.ufo\/glyphs\/V_.glif":"\/gittani.ufo\/glyphs\/V_.glif","\/gittani.ufo\/glyphs\/W_.glif":"\/gittani.ufo\/glyphs\/W_.glif","\/gittani.ufo\/glyphs\/X_.glif":"\/gittani.ufo\/glyphs\/X_.glif","\/gittani.ufo\/glyphs\/Y_.glif":"\/gittani.ufo\/glyphs\/Y_.glif","\/gittani.ufo\/glyphs\/Y_dieresis.glif":"\/gittani.ufo\/glyphs\/Y_dieresis.glif","\/gittani.ufo\/glyphs\/Z_.glif":"\/gittani.ufo\/glyphs\/Z_.glif","\/gittani.ufo\/glyphs\/_notdef.glif":"\/gittani.ufo\/glyphs\/_notdef.glif","\/gittani.ufo\/glyphs\/_null.glif":"\/gittani.ufo\/glyphs\/_null.glif","\/gittani.ufo\/glyphs\/a.glif":"\/gittani.ufo\/glyphs\/a.glif","\/gittani.ufo\/glyphs\/aacute.glif":"\/gittani.ufo\/glyphs\/aacute.glif","\/gittani.ufo\/glyphs\/acircumflex.glif":"\/gittani.ufo\/glyphs\/acircumflex.glif","\/gittani.ufo\/glyphs\/acute.glif":"\/gittani.ufo\/glyphs\/acute.glif","\/gittani.ufo\/glyphs\/adieresis.glif":"\/gittani.ufo\/glyphs\/adieresis.glif","\/gittani.ufo\/glyphs\/ae.glif":"\/gittani.ufo\/glyphs\/ae.glif","\/gittani.ufo\/glyphs\/agrave.glif":"\/gittani.ufo\/glyphs\/agrave.glif","\/gittani.ufo\/glyphs\/ampersand.glif":"\/gittani.ufo\/glyphs\/ampersand.glif","\/gittani.ufo\/glyphs\/apple.glif":"\/gittani.ufo\/glyphs\/apple.glif","\/gittani.ufo\/glyphs\/approxequal.glif":"\/gittani.ufo\/glyphs\/approxequal.glif","\/gittani.ufo\/glyphs\/aring.glif":"\/gittani.ufo\/glyphs\/aring.glif","\/gittani.ufo\/glyphs\/asciicircum.glif":"\/gittani.ufo\/glyphs\/asciicircum.glif","\/gittani.ufo\/glyphs\/asciitilde.glif":"\/gittani.ufo\/glyphs\/asciitilde.glif","\/gittani.ufo\/glyphs\/asterisk.glif":"\/gittani.ufo\/glyphs\/asterisk.glif","\/gittani.ufo\/glyphs\/at.glif":"\/gittani.ufo\/glyphs\/at.glif","\/gittani.ufo\/glyphs\/atilde.glif":"\/gittani.ufo\/glyphs\/atilde.glif","\/gittani.ufo\/glyphs\/b.glif":"\/gittani.ufo\/glyphs\/b.glif","\/gittani.ufo\/glyphs\/backslash.glif":"\/gittani.ufo\/glyphs\/backslash.glif","\/gittani.ufo\/glyphs\/bar.glif":"\/gittani.ufo\/glyphs\/bar.glif","\/gittani.ufo\/glyphs\/braceleft.glif":"\/gittani.ufo\/glyphs\/braceleft.glif","\/gittani.ufo\/glyphs\/braceright.glif":"\/gittani.ufo\/glyphs\/braceright.glif","\/gittani.ufo\/glyphs\/bracketleft.glif":"\/gittani.ufo\/glyphs\/bracketleft.glif","\/gittani.ufo\/glyphs\/bracketright.glif":"\/gittani.ufo\/glyphs\/bracketright.glif","\/gittani.ufo\/glyphs\/breve.glif":"\/gittani.ufo\/glyphs\/breve.glif","\/gittani.ufo\/glyphs\/bullet.glif":"\/gittani.ufo\/glyphs\/bullet.glif","\/gittani.ufo\/glyphs\/c.glif":"\/gittani.ufo\/glyphs\/c.glif","\/gittani.ufo\/glyphs\/caron.glif":"\/gittani.ufo\/glyphs\/caron.glif","\/gittani.ufo\/glyphs\/ccedilla.glif":"\/gittani.ufo\/glyphs\/ccedilla.glif","\/gittani.ufo\/glyphs\/cedilla.glif":"\/gittani.ufo\/glyphs\/cedilla.glif","\/gittani.ufo\/glyphs\/cent.glif":"\/gittani.ufo\/glyphs\/cent.glif","\/gittani.ufo\/glyphs\/circumflex.glif":"\/gittani.ufo\/glyphs\/circumflex.glif","\/gittani.ufo\/glyphs\/colon.glif":"\/gittani.ufo\/glyphs\/colon.glif","\/gittani.ufo\/glyphs\/comma.glif":"\/gittani.ufo\/glyphs\/comma.glif","\/gittani.ufo\/glyphs\/contents.plist":"\/gittani.ufo\/glyphs\/contents.plist","\/gittani.ufo\/glyphs\/copyright.glif":"\/gittani.ufo\/glyphs\/copyright.glif","\/gittani.ufo\/glyphs\/d.glif":"\/gittani.ufo\/glyphs\/d.glif","\/gittani.ufo\/glyphs\/dagger.glif":"\/gittani.ufo\/glyphs\/dagger.glif","\/gittani.ufo\/glyphs\/daggerdbl.glif":"\/gittani.ufo\/glyphs\/daggerdbl.glif","\/gittani.ufo\/glyphs\/degree.glif":"\/gittani.ufo\/glyphs\/degree.glif","\/gittani.ufo\/glyphs\/dieresis.glif":"\/gittani.ufo\/glyphs\/dieresis.glif","\/gittani.ufo\/glyphs\/dollar.glif":"\/gittani.ufo\/glyphs\/dollar.glif","\/gittani.ufo\/glyphs\/dotaccent.glif":"\/gittani.ufo\/glyphs\/dotaccent.glif","\/gittani.ufo\/glyphs\/dotlessi.glif":"\/gittani.ufo\/glyphs\/dotlessi.glif","\/gittani.ufo\/glyphs\/e.glif":"\/gittani.ufo\/glyphs\/e.glif","\/gittani.ufo\/glyphs\/eacute.glif":"\/gittani.ufo\/glyphs\/eacute.glif","\/gittani.ufo\/glyphs\/ecircumflex.glif":"\/gittani.ufo\/glyphs\/ecircumflex.glif","\/gittani.ufo\/glyphs\/edieresis.glif":"\/gittani.ufo\/glyphs\/edieresis.glif","\/gittani.ufo\/glyphs\/egrave.glif":"\/gittani.ufo\/glyphs\/egrave.glif","\/gittani.ufo\/glyphs\/eight.glif":"\/gittani.ufo\/glyphs\/eight.glif","\/gittani.ufo\/glyphs\/ellipsis.glif":"\/gittani.ufo\/glyphs\/ellipsis.glif","\/gittani.ufo\/glyphs\/emdash.glif":"\/gittani.ufo\/glyphs\/emdash.glif","\/gittani.ufo\/glyphs\/endash.glif":"\/gittani.ufo\/glyphs\/endash.glif","\/gittani.ufo\/glyphs\/equal.glif":"\/gittani.ufo\/glyphs\/equal.glif","\/gittani.ufo\/glyphs\/exclam.glif":"\/gittani.ufo\/glyphs\/exclam.glif","\/gittani.ufo\/glyphs\/exclamdown.glif":"\/gittani.ufo\/glyphs\/exclamdown.glif","\/gittani.ufo\/glyphs\/f.glif":"\/gittani.ufo\/glyphs\/f.glif","\/gittani.ufo\/glyphs\/fi.glif":"\/gittani.ufo\/glyphs\/fi.glif","\/gittani.ufo\/glyphs\/five.glif":"\/gittani.ufo\/glyphs\/five.glif","\/gittani.ufo\/glyphs\/fl.glif":"\/gittani.ufo\/glyphs\/fl.glif","\/gittani.ufo\/glyphs\/florin.glif":"\/gittani.ufo\/glyphs\/florin.glif","\/gittani.ufo\/glyphs\/four.glif":"\/gittani.ufo\/glyphs\/four.glif","\/gittani.ufo\/glyphs\/fraction.glif":"\/gittani.ufo\/glyphs\/fraction.glif","\/gittani.ufo\/glyphs\/g.glif":"\/gittani.ufo\/glyphs\/g.glif","\/gittani.ufo\/glyphs\/germandbls.glif":"\/gittani.ufo\/glyphs\/germandbls.glif","\/gittani.ufo\/glyphs\/grave.glif":"\/gittani.ufo\/glyphs\/grave.glif","\/gittani.ufo\/glyphs\/greater.glif":"\/gittani.ufo\/glyphs\/greater.glif","\/gittani.ufo\/glyphs\/guillemotleft.glif":"\/gittani.ufo\/glyphs\/guillemotleft.glif","\/gittani.ufo\/glyphs\/guillemotright.glif":"\/gittani.ufo\/glyphs\/guillemotright.glif","\/gittani.ufo\/glyphs\/guilsinglleft.glif":"\/gittani.ufo\/glyphs\/guilsinglleft.glif","\/gittani.ufo\/glyphs\/guilsinglright.glif":"\/gittani.ufo\/glyphs\/guilsinglright.glif","\/gittani.ufo\/glyphs\/h.glif":"\/gittani.ufo\/glyphs\/h.glif","\/gittani.ufo\/glyphs\/hungarumlaut.glif":"\/gittani.ufo\/glyphs\/hungarumlaut.glif","\/gittani.ufo\/glyphs\/hyphen.glif":"\/gittani.ufo\/glyphs\/hyphen.glif","\/gittani.ufo\/glyphs\/i.glif":"\/gittani.ufo\/glyphs\/i.glif","\/gittani.ufo\/glyphs\/iacute.glif":"\/gittani.ufo\/glyphs\/iacute.glif","\/gittani.ufo\/glyphs\/icircumflex.glif":"\/gittani.ufo\/glyphs\/icircumflex.glif","\/gittani.ufo\/glyphs\/idieresis.glif":"\/gittani.ufo\/glyphs\/idieresis.glif","\/gittani.ufo\/glyphs\/igrave.glif":"\/gittani.ufo\/glyphs\/igrave.glif","\/gittani.ufo\/glyphs\/infinity.glif":"\/gittani.ufo\/glyphs\/infinity.glif","\/gittani.ufo\/glyphs\/integral.glif":"\/gittani.ufo\/glyphs\/integral.glif","\/gittani.ufo\/glyphs\/j.glif":"\/gittani.ufo\/glyphs\/j.glif","\/gittani.ufo\/glyphs\/k.glif":"\/gittani.ufo\/glyphs\/k.glif","\/gittani.ufo\/glyphs\/l.glif":"\/gittani.ufo\/glyphs\/l.glif","\/gittani.ufo\/glyphs\/less.glif":"\/gittani.ufo\/glyphs\/less.glif","\/gittani.ufo\/glyphs\/logicalnot.glif":"\/gittani.ufo\/glyphs\/logicalnot.glif","\/gittani.ufo\/glyphs\/m.glif":"\/gittani.ufo\/glyphs\/m.glif","\/gittani.ufo\/glyphs\/macron.glif":"\/gittani.ufo\/glyphs\/macron.glif","\/gittani.ufo\/glyphs\/mu.glif":"\/gittani.ufo\/glyphs\/mu.glif","\/gittani.ufo\/glyphs\/n.glif":"\/gittani.ufo\/glyphs\/n.glif","\/gittani.ufo\/glyphs\/nine.glif":"\/gittani.ufo\/glyphs\/nine.glif","\/gittani.ufo\/glyphs\/nonbreakingspace.glif":"\/gittani.ufo\/glyphs\/nonbreakingspace.glif","\/gittani.ufo\/glyphs\/nonmarkingreturn.glif":"\/gittani.ufo\/glyphs\/nonmarkingreturn.glif","\/gittani.ufo\/glyphs\/ntilde.glif":"\/gittani.ufo\/glyphs\/ntilde.glif","\/gittani.ufo\/glyphs\/numbersign.glif":"\/gittani.ufo\/glyphs\/numbersign.glif","\/gittani.ufo\/glyphs\/o.glif":"\/gittani.ufo\/glyphs\/o.glif","\/gittani.ufo\/glyphs\/oacute.glif":"\/gittani.ufo\/glyphs\/oacute.glif","\/gittani.ufo\/glyphs\/ocircumflex.glif":"\/gittani.ufo\/glyphs\/ocircumflex.glif","\/gittani.ufo\/glyphs\/odieresis.glif":"\/gittani.ufo\/glyphs\/odieresis.glif","\/gittani.ufo\/glyphs\/oe.glif":"\/gittani.ufo\/glyphs\/oe.glif","\/gittani.ufo\/glyphs\/ogonek.glif":"\/gittani.ufo\/glyphs\/ogonek.glif","\/gittani.ufo\/glyphs\/ograve.glif":"\/gittani.ufo\/glyphs\/ograve.glif","\/gittani.ufo\/glyphs\/one.glif":"\/gittani.ufo\/glyphs\/one.glif","\/gittani.ufo\/glyphs\/ordfeminine.glif":"\/gittani.ufo\/glyphs\/ordfeminine.glif","\/gittani.ufo\/glyphs\/ordmasculine.glif":"\/gittani.ufo\/glyphs\/ordmasculine.glif","\/gittani.ufo\/glyphs\/oslash.glif":"\/gittani.ufo\/glyphs\/oslash.glif","\/gittani.ufo\/glyphs\/otilde.glif":"\/gittani.ufo\/glyphs\/otilde.glif","\/gittani.ufo\/glyphs\/p.glif":"\/gittani.ufo\/glyphs\/p.glif","\/gittani.ufo\/glyphs\/paragraph.glif":"\/gittani.ufo\/glyphs\/paragraph.glif","\/gittani.ufo\/glyphs\/parenleft.glif":"\/gittani.ufo\/glyphs\/parenleft.glif","\/gittani.ufo\/glyphs\/parenright.glif":"\/gittani.ufo\/glyphs\/parenright.glif","\/gittani.ufo\/glyphs\/partialdiff.glif":"\/gittani.ufo\/glyphs\/partialdiff.glif","\/gittani.ufo\/glyphs\/percent.glif":"\/gittani.ufo\/glyphs\/percent.glif","\/gittani.ufo\/glyphs\/period.glif":"\/gittani.ufo\/glyphs\/period.glif","\/gittani.ufo\/glyphs\/periodcentered.glif":"\/gittani.ufo\/glyphs\/periodcentered.glif","\/gittani.ufo\/glyphs\/perthousand.glif":"\/gittani.ufo\/glyphs\/perthousand.glif","\/gittani.ufo\/glyphs\/pi.glif":"\/gittani.ufo\/glyphs\/pi.glif","\/gittani.ufo\/glyphs\/plus.glif":"\/gittani.ufo\/glyphs\/plus.glif","\/gittani.ufo\/glyphs\/product.glif":"\/gittani.ufo\/glyphs\/product.glif","\/gittani.ufo\/glyphs\/q.glif":"\/gittani.ufo\/glyphs\/q.glif","\/gittani.ufo\/glyphs\/question.glif":"\/gittani.ufo\/glyphs\/question.glif","\/gittani.ufo\/glyphs\/questiondown.glif":"\/gittani.ufo\/glyphs\/questiondown.glif","\/gittani.ufo\/glyphs\/quotedbl.glif":"\/gittani.ufo\/glyphs\/quotedbl.glif","\/gittani.ufo\/glyphs\/quotedblbase.glif":"\/gittani.ufo\/glyphs\/quotedblbase.glif","\/gittani.ufo\/glyphs\/quotedblleft.glif":"\/gittani.ufo\/glyphs\/quotedblleft.glif","\/gittani.ufo\/glyphs\/quotedblright.glif":"\/gittani.ufo\/glyphs\/quotedblright.glif","\/gittani.ufo\/glyphs\/quoteleft.glif":"\/gittani.ufo\/glyphs\/quoteleft.glif","\/gittani.ufo\/glyphs\/quoteright.glif":"\/gittani.ufo\/glyphs\/quoteright.glif","\/gittani.ufo\/glyphs\/quotesinglbase.glif":"\/gittani.ufo\/glyphs\/quotesinglbase.glif","\/gittani.ufo\/glyphs\/quotesingle.glif":"\/gittani.ufo\/glyphs\/quotesingle.glif","\/gittani.ufo\/glyphs\/r.glif":"\/gittani.ufo\/glyphs\/r.glif","\/gittani.ufo\/glyphs\/radical.glif":"\/gittani.ufo\/glyphs\/radical.glif","\/gittani.ufo\/glyphs\/registered.glif":"\/gittani.ufo\/glyphs\/registered.glif","\/gittani.ufo\/glyphs\/ring.glif":"\/gittani.ufo\/glyphs\/ring.glif","\/gittani.ufo\/glyphs\/s.glif":"\/gittani.ufo\/glyphs\/s.glif","\/gittani.ufo\/glyphs\/section.glif":"\/gittani.ufo\/glyphs\/section.glif","\/gittani.ufo\/glyphs\/semicolon.glif":"\/gittani.ufo\/glyphs\/semicolon.glif","\/gittani.ufo\/glyphs\/seven.glif":"\/gittani.ufo\/glyphs\/seven.glif","\/gittani.ufo\/glyphs\/six.glif":"\/gittani.ufo\/glyphs\/six.glif","\/gittani.ufo\/glyphs\/slash.glif":"\/gittani.ufo\/glyphs\/slash.glif","\/gittani.ufo\/glyphs\/space.glif":"\/gittani.ufo\/glyphs\/space.glif","\/gittani.ufo\/glyphs\/sterling.glif":"\/gittani.ufo\/glyphs\/sterling.glif","\/gittani.ufo\/glyphs\/summation.glif":"\/gittani.ufo\/glyphs\/summation.glif","\/gittani.ufo\/glyphs\/t.glif":"\/gittani.ufo\/glyphs\/t.glif","\/gittani.ufo\/glyphs\/three.glif":"\/gittani.ufo\/glyphs\/three.glif","\/gittani.ufo\/glyphs\/tilde.glif":"\/gittani.ufo\/glyphs\/tilde.glif","\/gittani.ufo\/glyphs\/trademark.glif":"\/gittani.ufo\/glyphs\/trademark.glif","\/gittani.ufo\/glyphs\/two.glif":"\/gittani.ufo\/glyphs\/two.glif","\/gittani.ufo\/glyphs\/u.glif":"\/gittani.ufo\/glyphs\/u.glif","\/gittani.ufo\/glyphs\/uacute.glif":"\/gittani.ufo\/glyphs\/uacute.glif","\/gittani.ufo\/glyphs\/ucircumflex.glif":"\/gittani.ufo\/glyphs\/ucircumflex.glif","\/gittani.ufo\/glyphs\/udieresis.glif":"\/gittani.ufo\/glyphs\/udieresis.glif","\/gittani.ufo\/glyphs\/ugrave.glif":"\/gittani.ufo\/glyphs\/ugrave.glif","\/gittani.ufo\/glyphs\/underscore.glif":"\/gittani.ufo\/glyphs\/underscore.glif","\/gittani.ufo\/glyphs\/v.glif":"\/gittani.ufo\/glyphs\/v.glif","\/gittani.ufo\/glyphs\/w.glif":"\/gittani.ufo\/glyphs\/w.glif","\/gittani.ufo\/glyphs\/x.glif":"\/gittani.ufo\/glyphs\/x.glif","\/gittani.ufo\/glyphs\/y.glif":"\/gittani.ufo\/glyphs\/y.glif","\/gittani.ufo\/glyphs\/ydieresis.glif":"\/gittani.ufo\/glyphs\/ydieresis.glif","\/gittani.ufo\/glyphs\/yen.glif":"\/gittani.ufo\/glyphs\/yen.glif","\/gittani.ufo\/glyphs\/z.glif":"\/gittani.ufo\/glyphs\/z.glif","\/gittani.ufo\/glyphs\/zero.glif":"\/gittani.ufo\/glyphs\/zero.glif"},"Font":{"uploaded":1472474158.8976,"licence":"gpl3","company":"Chronolabs Cooperative","title":"Gittani","version":3.002,"date":"Sun Aug 28 07:54:36 2016","creator":"root","type":"1","matrix":"0.001 0 0 0.001 0 0","named":"Gittani","painttype":"0","info":"10 dict dup","name":"Gittani","family":"Gittani","weight":"Book","fstype":"1","italicangle":"0","underlineposition":"","underlinethickness":""},"Licences":{"":false},"Table":{"FFTM":{"entryLength":16,"tag":"FFTM","checksum":1947016200,"offset":20520,"length":28},"GDEF":{"entryLength":16,"tag":"GDEF","checksum":17170436,"offset":20488,"length":32},"OS\/2":{"entryLength":16,"tag":"OS\/2","checksum":1456093421,"offset":344,"length":86},"cmap":{"entryLength":16,"tag":"cmap","checksum":1271681355,"offset":1300,"length":696},"gasp":{"entryLength":16,"tag":"gasp","checksum":4294901763,"offset":20480,"length":8},"glyf":{"entryLength":16,"tag":"glyf","checksum":2419804008,"offset":2432,"length":17004},"head":{"entryLength":16,"tag":"head","checksum":147269766,"offset":220,"length":54},"hhea":{"entryLength":16,"tag":"hhea","checksum":88015476,"offset":276,"length":36},"hmtx":{"entryLength":16,"tag":"hmtx","checksum":2725451661,"offset":432,"length":868},"loca":{"entryLength":16,"tag":"loca","checksum":3275412386,"offset":1996,"length":436},"maxp":{"entryLength":16,"tag":"maxp","checksum":19005543,"offset":312,"length":32},"name":{"entryLength":16,"tag":"name","checksum":2052522106,"offset":19436,"length":576},"post":{"entryLength":16,"tag":"post","checksum":783626059,"offset":20012,"length":468}},"UnicodeCharMap":{"0":1,"13":2,"32":3,"33":4,"34":5,"35":6,"36":7,"37":8,"38":9,"39":10,"40":11,"41":12,"42":13,"43":14,"44":15,"45":16,"46":17,"47":18,"48":19,"49":20,"50":21,"51":22,"52":23,"53":24,"54":25,"55":26,"56":27,"57":28,"58":29,"59":30,"60":31,"61":32,"62":33,"63":34,"64":35,"65":36,"66":37,"67":38,"68":39,"69":40,"70":41,"71":42,"72":43,"73":44,"74":45,"75":46,"76":47,"77":48,"78":49,"79":50,"80":51,"81":52,"82":53,"83":54,"84":55,"85":56,"86":57,"87":58,"88":59,"89":60,"90":61,"91":62,"92":63,"93":64,"94":65,"95":66,"96":67,"97":68,"98":69,"99":70,"100":71,"101":72,"102":73,"103":74,"104":75,"105":76,"106":77,"107":78,"108":79,"109":80,"110":81,"111":82,"112":83,"113":84,"114":85,"115":86,"116":87,"117":88,"118":89,"119":90,"120":91,"121":92,"122":93,"123":94,"124":95,"125":96,"126":97,"160":98,"161":99,"162":100,"163":101,"165":102,"167":103,"168":104,"169":105,"170":106,"171":107,"172":108,"174":109,"175":197,"176":110,"180":111,"182":113,"183":191,"184":114,"186":115,"187":116,"191":117,"192":118,"193":119,"194":120,"195":121,"196":122,"197":123,"198":124,"199":125,"200":126,"201":127,"202":128,"203":129,"204":130,"205":131,"206":132,"207":133,"209":134,"210":135,"211":136,"212":137,"213":138,"214":139,"216":140,"217":141,"218":142,"219":143,"220":144,"223":145,"224":146,"225":147,"226":148,"227":149,"228":150,"229":151,"230":152,"231":153,"232":154,"233":155,"234":156,"235":157,"236":158,"237":159,"238":160,"239":161,"241":162,"242":163,"243":164,"244":165,"245":166,"246":167,"248":168,"249":169,"250":170,"251":171,"252":172,"255":173,"305":210,"338":179,"339":180,"376":187,"402":177,"710":195,"711":216,"728":211,"729":212,"730":213,"731":215,"732":196,"733":214,"956":112,"960":202,"8211":181,"8212":182,"8216":185,"8217":186,"8218":192,"8220":183,"8221":184,"8222":193,"8224":174,"8225":190,"8226":175,"8230":178,"8240":194,"8249":188,"8250":189,"8260":206,"8482":176,"8706":199,"8719":201,"8721":200,"8730":204,"8734":198,"8747":203,"8776":205,"64257":207,"64258":208},"Reserves":{"fontname":"Gittani"},"Names":{"Gittani":{"name":"Gittani","longitude":"0.00000001","latitude":"0.00000001","country":"","region":"","city":""}},"Nodes":{"gi":{"type":"typal","node":"gi","usage":1,"weight":1},"ni":{"type":"typal","node":"ni","usage":1,"weight":1},"git":{"type":"typal","node":"git","usage":1,"weight":1},"ani":{"type":"typal","node":"ani","usage":1,"weight":1},"gitt":{"type":"keys","node":"gitt","usage":1,"weight":1},"tani":{"type":"keys","node":"tani","usage":1,"weight":1},"gitta":{"type":"keys","node":"gitta","usage":1,"weight":1},"ttani":{"type":"keys","node":"ttani","usage":1,"weight":1},"gittani":{"type":"fixes","node":"gittani","usage":1,"weight":1}},"Contributors":[],"FontIdentity":"doofeu1:73edc9c048c4b9a507b733a7","Bytes":null,"Networking":[],"barcode":"cwg10gw7ekywag","referee":"O5752Cu"}