{"CSS":{"Cardiff Italic":"Cardiff+Italic.css"},"FontType":"TrueType","FontCopyright":"Copyright  [c]  - Roger White - 1993 - All Rights Reserved - see .txt file for terms for distribution and use.","FontName":"Cardiff","FontSubfamily":"Italic","FontSubfamilyID":"FontForge 2.0 : Cardiff Italic : 28-12-2016","FontFullName":"Cardiff Italic","FontVersion":"Version 1.00 ","FontWeight":null,"FontPostscriptName":"CardiffItalic","Files":{"cardif_i.afm":"cardif_i.afm","cardif_i.bin":"cardif_i.bin","cardif_i.cef":"cardif_i.cef","cardif_i.cff":"cardif_i.cff","cardif_i.cid":"cardif_i.cid","cardif_i.dfont":"cardif_i.dfont","cardif_i.eot":"cardif_i.eot","cardif_i.fon":"cardif_i.fon","cardif_i.gai":"cardif_i.gai","cardif_i.gsf":"cardif_i.gsf","cardif_i.hqx":"cardif_i.hqx","cardif_i.ik":"cardif_i.ik","cardif_i.mf":"cardif_i.mf","cardif_i.otf":"cardif_i.otf","cardif_i.pcf":"cardif_i.pcf","cardif_i.pf3":"cardif_i.pf3","cardif_i.pfa":"cardif_i.pfa","cardif_i.pfb":"cardif_i.pfb","cardif_i.php":"cardif_i.php","cardif_i.pmf":"cardif_i.pmf","cardif_i.pt3":"cardif_i.pt3","cardif_i.sfd":"cardif_i.sfd","cardif_i.svg":"cardif_i.svg","cardif_i.t42":"cardif_i.t42","cardif_i.ttd":"cardif_i.ttd","cardif_i.ttf":"cardif_i.ttf","cardif_i.ttg":"cardif_i.ttg","cardif_i.ufm":"cardif_i.ufm","cardif_i.woff":"cardif_i.woff","cardif_i.z":"cardif_i.z","":{"cardif_i.afm":"cardif_i.afm","cardif_i.bin":"cardif_i.bin","cardif_i.cef":"cardif_i.cef","cardif_i.cff":"cardif_i.cff","cardif_i.cid":"cardif_i.cid","cardif_i.dfont":"cardif_i.dfont","cardif_i.eot":"cardif_i.eot","cardif_i.fon":"cardif_i.fon","cardif_i.gai":"cardif_i.gai","cardif_i.gsf":"cardif_i.gsf","cardif_i.hqx":"cardif_i.hqx","cardif_i.ik":"cardif_i.ik","cardif_i.mf":"cardif_i.mf","cardif_i.otf":"cardif_i.otf","cardif_i.pcf":"cardif_i.pcf","cardif_i.pf3":"cardif_i.pf3","cardif_i.pfa":"cardif_i.pfa","cardif_i.pfb":"cardif_i.pfb","cardif_i.php":"cardif_i.php","cardif_i.pmf":"cardif_i.pmf","cardif_i.pt3":"cardif_i.pt3","cardif_i.sfd":"cardif_i.sfd","cardif_i.svg":"cardif_i.svg","cardif_i.t42":"cardif_i.t42","cardif_i.ttd":"cardif_i.ttd","cardif_i.ttf":"cardif_i.ttf","cardif_i.ttg":"cardif_i.ttg","cardif_i.ufm":"cardif_i.ufm","cardif_i.woff":"cardif_i.woff","cardif_i.z":"cardif_i.z"},"\/cardif_i.ufo":{"feature.fea":"feature.fea","fontinfo.plist":"fontinfo.plist","groups.plist":"groups.plist","kerning.plist":"kerning.plist","metainfo.plist":"metainfo.plist"},"\/cardif_i.ufo\/glyphs":{"A_.glif":"A_.glif","A_E_.glif":"A_E_.glif","A_acute.glif":"A_acute.glif","A_circumflex.glif":"A_circumflex.glif","A_dieresis.glif":"A_dieresis.glif","A_grave.glif":"A_grave.glif","A_ring.glif":"A_ring.glif","A_tilde.glif":"A_tilde.glif","B_.glif":"B_.glif","C_.glif":"C_.glif","C_cedilla.glif":"C_cedilla.glif","D_.glif":"D_.glif","E_.glif":"E_.glif","E_acute.glif":"E_acute.glif","E_circumflex.glif":"E_circumflex.glif","E_dieresis.glif":"E_dieresis.glif","E_grave.glif":"E_grave.glif","E_th.glif":"E_th.glif","F_.glif":"F_.glif","G_.glif":"G_.glif","H_.glif":"H_.glif","I_.glif":"I_.glif","I_acute.glif":"I_acute.glif","I_circumflex.glif":"I_circumflex.glif","I_dieresis.glif":"I_dieresis.glif","I_grave.glif":"I_grave.glif","J_.glif":"J_.glif","K_.glif":"K_.glif","L_.glif":"L_.glif","M_.glif":"M_.glif","N_.glif":"N_.glif","N_tilde.glif":"N_tilde.glif","O_.glif":"O_.glif","O_E_.glif":"O_E_.glif","O_acute.glif":"O_acute.glif","O_circumflex.glif":"O_circumflex.glif","O_dieresis.glif":"O_dieresis.glif","O_grave.glif":"O_grave.glif","O_slash.glif":"O_slash.glif","O_tilde.glif":"O_tilde.glif","P_.glif":"P_.glif","Q_.glif":"Q_.glif","R_.glif":"R_.glif","S_.glif":"S_.glif","S_caron.glif":"S_caron.glif","T_.glif":"T_.glif","T_horn.glif":"T_horn.glif","U_.glif":"U_.glif","U_acute.glif":"U_acute.glif","U_circumflex.glif":"U_circumflex.glif","U_dieresis.glif":"U_dieresis.glif","U_grave.glif":"U_grave.glif","V_.glif":"V_.glif","W_.glif":"W_.glif","X_.glif":"X_.glif","Y_.glif":"Y_.glif","Y_acute.glif":"Y_acute.glif","Y_dieresis.glif":"Y_dieresis.glif","Z_.glif":"Z_.glif","_notdef.glif":"_notdef.glif","a.glif":"a.glif","aacute.glif":"aacute.glif","acircumflex.glif":"acircumflex.glif","acute.glif":"acute.glif","adieresis.glif":"adieresis.glif","ae.glif":"ae.glif","agrave.glif":"agrave.glif","ampersand.glif":"ampersand.glif","aring.glif":"aring.glif","asciicircum.glif":"asciicircum.glif","asciitilde.glif":"asciitilde.glif","asterisk.glif":"asterisk.glif","at.glif":"at.glif","atilde.glif":"atilde.glif","b.glif":"b.glif","backslash.glif":"backslash.glif","bar.glif":"bar.glif","braceleft.glif":"braceleft.glif","braceright.glif":"braceright.glif","bracketleft.glif":"bracketleft.glif","bracketright.glif":"bracketright.glif","brokenbar.glif":"brokenbar.glif","bullet.glif":"bullet.glif","c.glif":"c.glif","ccedilla.glif":"ccedilla.glif","cedilla.glif":"cedilla.glif","cent.glif":"cent.glif","circumflex.glif":"circumflex.glif","colon.glif":"colon.glif","comma.glif":"comma.glif","contents.plist":"contents.plist","copyright.glif":"copyright.glif","currency.glif":"currency.glif","d.glif":"d.glif","dagger.glif":"dagger.glif","daggerdbl.glif":"daggerdbl.glif","degree.glif":"degree.glif","dieresis.glif":"dieresis.glif","divide.glif":"divide.glif","dollar.glif":"dollar.glif","e.glif":"e.glif","eacute.glif":"eacute.glif","ecircumflex.glif":"ecircumflex.glif","edieresis.glif":"edieresis.glif","egrave.glif":"egrave.glif","eight.glif":"eight.glif","ellipsis.glif":"ellipsis.glif","emdash.glif":"emdash.glif","endash.glif":"endash.glif","equal.glif":"equal.glif","eth.glif":"eth.glif","exclam.glif":"exclam.glif","exclamdown.glif":"exclamdown.glif","f.glif":"f.glif","five.glif":"five.glif","florin.glif":"florin.glif","four.glif":"four.glif","g.glif":"g.glif","germandbls.glif":"germandbls.glif","grave.glif":"grave.glif","greater.glif":"greater.glif","guillemotleft.glif":"guillemotleft.glif","guillemotright.glif":"guillemotright.glif","guilsinglleft.glif":"guilsinglleft.glif","guilsinglright.glif":"guilsinglright.glif","h.glif":"h.glif","hyphen.glif":"hyphen.glif","i.glif":"i.glif","iacute.glif":"iacute.glif","icircumflex.glif":"icircumflex.glif","idieresis.glif":"idieresis.glif","igrave.glif":"igrave.glif","j.glif":"j.glif","k.glif":"k.glif","l.glif":"l.glif","less.glif":"less.glif","logicalnot.glif":"logicalnot.glif","m.glif":"m.glif","mu.glif":"mu.glif","multiply.glif":"multiply.glif","n.glif":"n.glif","nine.glif":"nine.glif","ntilde.glif":"ntilde.glif","numbersign.glif":"numbersign.glif","o.glif":"o.glif","oacute.glif":"oacute.glif","ocircumflex.glif":"ocircumflex.glif","odieresis.glif":"odieresis.glif","oe.glif":"oe.glif","ograve.glif":"ograve.glif","one.glif":"one.glif","onehalf.glif":"onehalf.glif","onequarter.glif":"onequarter.glif","onesuperior.glif":"onesuperior.glif","ordfeminine.glif":"ordfeminine.glif","ordmasculine.glif":"ordmasculine.glif","oslash.glif":"oslash.glif","otilde.glif":"otilde.glif","p.glif":"p.glif","paragraph.glif":"paragraph.glif","parenleft.glif":"parenleft.glif","parenright.glif":"parenright.glif","percent.glif":"percent.glif","period.glif":"period.glif","periodcentered.glif":"periodcentered.glif","perthousand.glif":"perthousand.glif","plus.glif":"plus.glif","plusminus.glif":"plusminus.glif","q.glif":"q.glif","question.glif":"question.glif","questiondown.glif":"questiondown.glif","quotedbl.glif":"quotedbl.glif","quotedblbase.glif":"quotedblbase.glif","quotedblleft.glif":"quotedblleft.glif","quotedblright.glif":"quotedblright.glif","quoteleft.glif":"quoteleft.glif","quoteright.glif":"quoteright.glif","quotesinglbase.glif":"quotesinglbase.glif","quotesingle.glif":"quotesingle.glif","r.glif":"r.glif","registered.glif":"registered.glif","s.glif":"s.glif","scaron.glif":"scaron.glif","section.glif":"section.glif","semicolon.glif":"semicolon.glif","seven.glif":"seven.glif","six.glif":"six.glif","slash.glif":"slash.glif","space.glif":"space.glif","sterling.glif":"sterling.glif","t.glif":"t.glif","thorn.glif":"thorn.glif","three.glif":"three.glif","threequarters.glif":"threequarters.glif","threesuperior.glif":"threesuperior.glif","tilde.glif":"tilde.glif","trademark.glif":"trademark.glif","two.glif":"two.glif","twosuperior.glif":"twosuperior.glif","u.glif":"u.glif","uacute.glif":"uacute.glif","ucircumflex.glif":"ucircumflex.glif","udieresis.glif":"udieresis.glif","ugrave.glif":"ugrave.glif","underscore.glif":"underscore.glif","v.glif":"v.glif","w.glif":"w.glif","x.glif":"x.glif","y.glif":"y.glif","yacute.glif":"yacute.glif","ydieresis.glif":"ydieresis.glif","yen.glif":"yen.glif","z.glif":"z.glif","zero.glif":"zero.glif"}},"Font":{"uploaded":1482856536.1516,"licence":"gpl3","company":"Chronolabs Cooperative","title":"Cardiff Italic","version":2.001,"date":"Fri Nov 25 22:26:47 2016","creator":"root","type":"1","matrix":"0.001 0 0 0.001 0 0","named":"CardiffItalic","painttype":"0","info":"10 dict dup","name":"Cardiff Italic","family":"Cardiff","weight":"Medium","fstype":"4","italicangle":"12","underlineposition":"","underlinethickness":""},"Table":{"FFTM":{"entryLength":16,"tag":"FFTM","checksum":1962492864,"offset":41844,"length":28},"GDEF":{"entryLength":16,"tag":"GDEF","checksum":17039366,"offset":41812,"length":32},"OS\/2":{"entryLength":16,"tag":"OS\/2","checksum":1466696036,"offset":344,"length":86},"cmap":{"entryLength":16,"tag":"cmap","checksum":2361275558,"offset":1292,"length":504},"gasp":{"entryLength":16,"tag":"gasp","checksum":4294901763,"offset":41804,"length":8},"glyf":{"entryLength":16,"tag":"glyf","checksum":3836487423,"offset":2228,"length":38296},"head":{"entryLength":16,"tag":"head","checksum":192795955,"offset":220,"length":54},"hhea":{"entryLength":16,"tag":"hhea","checksum":118096826,"offset":276,"length":36},"hmtx":{"entryLength":16,"tag":"hmtx","checksum":3066238832,"offset":432,"length":860},"loca":{"entryLength":16,"tag":"loca","checksum":2125243866,"offset":1796,"length":432},"maxp":{"entryLength":16,"tag":"maxp","checksum":18808981,"offset":312,"length":32},"name":{"entryLength":16,"tag":"name","checksum":1596828290,"offset":40524,"length":813},"post":{"entryLength":16,"tag":"post","checksum":818097917,"offset":41340,"length":464}},"UnicodeCharMap":{"32":3,"33":4,"34":5,"35":6,"36":7,"37":8,"38":9,"39":10,"40":11,"41":12,"42":13,"43":14,"44":15,"45":16,"46":17,"47":18,"48":19,"49":20,"50":21,"51":22,"52":23,"53":24,"54":25,"55":26,"56":27,"57":28,"58":29,"59":30,"60":31,"61":32,"62":33,"63":34,"64":35,"65":36,"66":37,"67":38,"68":39,"69":40,"70":41,"71":42,"72":43,"73":44,"74":45,"75":46,"76":47,"77":48,"78":49,"79":50,"80":51,"81":52,"82":53,"83":54,"84":55,"85":56,"86":57,"87":58,"88":59,"89":60,"90":61,"91":62,"92":63,"93":64,"94":65,"95":66,"96":67,"97":68,"98":69,"99":70,"100":71,"101":72,"102":73,"103":74,"104":75,"105":76,"106":77,"107":78,"108":79,"109":80,"110":81,"111":82,"112":83,"113":84,"114":85,"115":86,"116":87,"117":88,"118":89,"119":90,"120":91,"121":92,"122":93,"123":94,"124":95,"125":96,"126":97,"161":98,"162":99,"163":100,"164":101,"165":102,"166":103,"167":104,"168":105,"169":106,"170":107,"171":108,"172":109,"174":110,"176":111,"177":112,"178":113,"179":114,"180":115,"182":117,"183":118,"184":119,"185":120,"186":121,"187":122,"188":123,"189":124,"190":125,"191":126,"192":127,"193":128,"194":129,"195":130,"196":131,"197":132,"198":133,"199":134,"200":135,"201":136,"202":137,"203":138,"204":139,"205":140,"206":141,"207":142,"208":143,"209":144,"210":145,"211":146,"212":147,"213":148,"214":149,"215":150,"216":151,"217":152,"218":153,"219":154,"220":155,"221":156,"222":157,"223":158,"224":159,"225":160,"226":161,"227":162,"228":163,"229":164,"230":165,"231":166,"232":167,"233":168,"234":169,"235":170,"236":171,"237":172,"238":173,"239":174,"240":175,"241":176,"242":177,"243":178,"244":179,"245":180,"246":181,"247":182,"248":183,"249":184,"250":185,"251":186,"252":187,"253":188,"254":189,"255":190,"338":201,"339":213,"352":199,"353":211,"376":214,"402":192,"710":197,"732":209,"956":116,"8211":207,"8212":208,"8216":202,"8217":203,"8218":191,"8220":204,"8221":205,"8222":193,"8224":195,"8225":196,"8226":206,"8230":194,"8240":198,"8249":200,"8250":212,"8482":210},"Reserves":null,"Names":[],"Nodes":{"ca":{"type":"typal","node":"ca","usage":1,"weight":1},"ff":{"type":"typal","node":"ff","usage":1,"weight":1},"car":{"type":"typal","node":"car","usage":1,"weight":1},"iff":{"type":"typal","node":"iff","usage":1,"weight":1},"card":{"type":"keys","node":"card","usage":1,"weight":1},"diff":{"type":"keys","node":"diff","usage":1,"weight":1},"cardi":{"type":"keys","node":"cardi","usage":1,"weight":1},"rdiff":{"type":"keys","node":"rdiff","usage":1,"weight":1},"cardiff":{"type":"fixes","node":"cardiff","usage":1,"weight":1}},"Contributors":[],"FontIdentity":"2c272ad3362d67eb1731eecda775c060","Bytes":3828199,"Networking":[],"barcode":"amiaqygg7aye","referee":"ckkwE-4"}