{"CSS":{"ChopinScript":"ChopinScript.css","Chopin Script":"aph:c05e3aade64aefcb3aacfe422186.css"},"FontType":"TrueType","FontCopyright":"Diogene","FontName":"ChopinScript","FontSubfamily":"Book","FontSubfamilyID":"FontForge 2.0 : ChopinScript : 17-10-2016","FontFullName":"Chopin Script","FontVersion":"Version Macromedia Fontograp ","FontWeight":null,"FontPostscriptName":"ChopinScript","Files":{"\/ChopinScript.css":"\/ChopinScript.css","\/chopinscript.afm":"\/chopinscript.afm","\/chopinscript.cef":"\/chopinscript.cef","\/chopinscript.cff":"\/chopinscript.cff","\/chopinscript.eot":"\/chopinscript.eot","\/chopinscript.gai":"\/chopinscript.gai","\/chopinscript.gsf":"\/chopinscript.gsf","\/chopinscript.otf":"\/chopinscript.otf","\/chopinscript.pf3":"\/chopinscript.pf3","\/chopinscript.pfa":"\/chopinscript.pfa","\/chopinscript.pfb":"\/chopinscript.pfb","\/chopinscript.php":"\/chopinscript.php","\/chopinscript.pt3":"\/chopinscript.pt3","\/chopinscript.sfd":"\/chopinscript.sfd","\/chopinscript.svg":"\/chopinscript.svg","\/chopinscript.t42":"\/chopinscript.t42","\/chopinscript.ttd":"\/chopinscript.ttd","\/chopinscript.ttf":"\/chopinscript.ttf","\/chopinscript.ttg":"\/chopinscript.ttg","\/chopinscript.ufm":"\/chopinscript.ufm","\/chopinscript.woff":"\/chopinscript.woff","\/chopinscript.z":"\/chopinscript.z","\/font-resource.json":"\/font-resource.json","\/chopinscript.ufo\/feature.fea":"\/chopinscript.ufo\/feature.fea","\/chopinscript.ufo\/fontinfo.plist":"\/chopinscript.ufo\/fontinfo.plist","\/chopinscript.ufo\/groups.plist":"\/chopinscript.ufo\/groups.plist","\/chopinscript.ufo\/kerning.plist":"\/chopinscript.ufo\/kerning.plist","\/chopinscript.ufo\/metainfo.plist":"\/chopinscript.ufo\/metainfo.plist","\/chopinscript.ufo\/glyphs\/A_.glif":"\/chopinscript.ufo\/glyphs\/A_.glif","\/chopinscript.ufo\/glyphs\/B_.glif":"\/chopinscript.ufo\/glyphs\/B_.glif","\/chopinscript.ufo\/glyphs\/C_.glif":"\/chopinscript.ufo\/glyphs\/C_.glif","\/chopinscript.ufo\/glyphs\/D_.glif":"\/chopinscript.ufo\/glyphs\/D_.glif","\/chopinscript.ufo\/glyphs\/E_.glif":"\/chopinscript.ufo\/glyphs\/E_.glif","\/chopinscript.ufo\/glyphs\/F_.glif":"\/chopinscript.ufo\/glyphs\/F_.glif","\/chopinscript.ufo\/glyphs\/G_.glif":"\/chopinscript.ufo\/glyphs\/G_.glif","\/chopinscript.ufo\/glyphs\/H_.glif":"\/chopinscript.ufo\/glyphs\/H_.glif","\/chopinscript.ufo\/glyphs\/I_.glif":"\/chopinscript.ufo\/glyphs\/I_.glif","\/chopinscript.ufo\/glyphs\/J_.glif":"\/chopinscript.ufo\/glyphs\/J_.glif","\/chopinscript.ufo\/glyphs\/K_.glif":"\/chopinscript.ufo\/glyphs\/K_.glif","\/chopinscript.ufo\/glyphs\/L_.glif":"\/chopinscript.ufo\/glyphs\/L_.glif","\/chopinscript.ufo\/glyphs\/M_.glif":"\/chopinscript.ufo\/glyphs\/M_.glif","\/chopinscript.ufo\/glyphs\/N_.glif":"\/chopinscript.ufo\/glyphs\/N_.glif","\/chopinscript.ufo\/glyphs\/O_.glif":"\/chopinscript.ufo\/glyphs\/O_.glif","\/chopinscript.ufo\/glyphs\/P_.glif":"\/chopinscript.ufo\/glyphs\/P_.glif","\/chopinscript.ufo\/glyphs\/Q_.glif":"\/chopinscript.ufo\/glyphs\/Q_.glif","\/chopinscript.ufo\/glyphs\/R_.glif":"\/chopinscript.ufo\/glyphs\/R_.glif","\/chopinscript.ufo\/glyphs\/S_.glif":"\/chopinscript.ufo\/glyphs\/S_.glif","\/chopinscript.ufo\/glyphs\/T_.glif":"\/chopinscript.ufo\/glyphs\/T_.glif","\/chopinscript.ufo\/glyphs\/U_.glif":"\/chopinscript.ufo\/glyphs\/U_.glif","\/chopinscript.ufo\/glyphs\/V_.glif":"\/chopinscript.ufo\/glyphs\/V_.glif","\/chopinscript.ufo\/glyphs\/W_.glif":"\/chopinscript.ufo\/glyphs\/W_.glif","\/chopinscript.ufo\/glyphs\/X_.glif":"\/chopinscript.ufo\/glyphs\/X_.glif","\/chopinscript.ufo\/glyphs\/Y_.glif":"\/chopinscript.ufo\/glyphs\/Y_.glif","\/chopinscript.ufo\/glyphs\/Z_.glif":"\/chopinscript.ufo\/glyphs\/Z_.glif","\/chopinscript.ufo\/glyphs\/_notdef.glif":"\/chopinscript.ufo\/glyphs\/_notdef.glif","\/chopinscript.ufo\/glyphs\/_null.glif":"\/chopinscript.ufo\/glyphs\/_null.glif","\/chopinscript.ufo\/glyphs\/a.glif":"\/chopinscript.ufo\/glyphs\/a.glif","\/chopinscript.ufo\/glyphs\/aacute.glif":"\/chopinscript.ufo\/glyphs\/aacute.glif","\/chopinscript.ufo\/glyphs\/acircumflex.glif":"\/chopinscript.ufo\/glyphs\/acircumflex.glif","\/chopinscript.ufo\/glyphs\/acute.glif":"\/chopinscript.ufo\/glyphs\/acute.glif","\/chopinscript.ufo\/glyphs\/adieresis.glif":"\/chopinscript.ufo\/glyphs\/adieresis.glif","\/chopinscript.ufo\/glyphs\/ae.glif":"\/chopinscript.ufo\/glyphs\/ae.glif","\/chopinscript.ufo\/glyphs\/agrave.glif":"\/chopinscript.ufo\/glyphs\/agrave.glif","\/chopinscript.ufo\/glyphs\/ampersand.glif":"\/chopinscript.ufo\/glyphs\/ampersand.glif","\/chopinscript.ufo\/glyphs\/asciicircum.glif":"\/chopinscript.ufo\/glyphs\/asciicircum.glif","\/chopinscript.ufo\/glyphs\/asterisk.glif":"\/chopinscript.ufo\/glyphs\/asterisk.glif","\/chopinscript.ufo\/glyphs\/at.glif":"\/chopinscript.ufo\/glyphs\/at.glif","\/chopinscript.ufo\/glyphs\/b.glif":"\/chopinscript.ufo\/glyphs\/b.glif","\/chopinscript.ufo\/glyphs\/backslash.glif":"\/chopinscript.ufo\/glyphs\/backslash.glif","\/chopinscript.ufo\/glyphs\/bracketleft.glif":"\/chopinscript.ufo\/glyphs\/bracketleft.glif","\/chopinscript.ufo\/glyphs\/bracketright.glif":"\/chopinscript.ufo\/glyphs\/bracketright.glif","\/chopinscript.ufo\/glyphs\/bullet.glif":"\/chopinscript.ufo\/glyphs\/bullet.glif","\/chopinscript.ufo\/glyphs\/c.glif":"\/chopinscript.ufo\/glyphs\/c.glif","\/chopinscript.ufo\/glyphs\/ccedilla.glif":"\/chopinscript.ufo\/glyphs\/ccedilla.glif","\/chopinscript.ufo\/glyphs\/cent.glif":"\/chopinscript.ufo\/glyphs\/cent.glif","\/chopinscript.ufo\/glyphs\/circumflex.glif":"\/chopinscript.ufo\/glyphs\/circumflex.glif","\/chopinscript.ufo\/glyphs\/colon.glif":"\/chopinscript.ufo\/glyphs\/colon.glif","\/chopinscript.ufo\/glyphs\/comma.glif":"\/chopinscript.ufo\/glyphs\/comma.glif","\/chopinscript.ufo\/glyphs\/contents.plist":"\/chopinscript.ufo\/glyphs\/contents.plist","\/chopinscript.ufo\/glyphs\/d.glif":"\/chopinscript.ufo\/glyphs\/d.glif","\/chopinscript.ufo\/glyphs\/degree.glif":"\/chopinscript.ufo\/glyphs\/degree.glif","\/chopinscript.ufo\/glyphs\/dieresis.glif":"\/chopinscript.ufo\/glyphs\/dieresis.glif","\/chopinscript.ufo\/glyphs\/dollar.glif":"\/chopinscript.ufo\/glyphs\/dollar.glif","\/chopinscript.ufo\/glyphs\/dotlessi.glif":"\/chopinscript.ufo\/glyphs\/dotlessi.glif","\/chopinscript.ufo\/glyphs\/e.glif":"\/chopinscript.ufo\/glyphs\/e.glif","\/chopinscript.ufo\/glyphs\/eacute.glif":"\/chopinscript.ufo\/glyphs\/eacute.glif","\/chopinscript.ufo\/glyphs\/ecircumflex.glif":"\/chopinscript.ufo\/glyphs\/ecircumflex.glif","\/chopinscript.ufo\/glyphs\/edieresis.glif":"\/chopinscript.ufo\/glyphs\/edieresis.glif","\/chopinscript.ufo\/glyphs\/egrave.glif":"\/chopinscript.ufo\/glyphs\/egrave.glif","\/chopinscript.ufo\/glyphs\/eight.glif":"\/chopinscript.ufo\/glyphs\/eight.glif","\/chopinscript.ufo\/glyphs\/ellipsis.glif":"\/chopinscript.ufo\/glyphs\/ellipsis.glif","\/chopinscript.ufo\/glyphs\/emdash.glif":"\/chopinscript.ufo\/glyphs\/emdash.glif","\/chopinscript.ufo\/glyphs\/endash.glif":"\/chopinscript.ufo\/glyphs\/endash.glif","\/chopinscript.ufo\/glyphs\/equal.glif":"\/chopinscript.ufo\/glyphs\/equal.glif","\/chopinscript.ufo\/glyphs\/exclam.glif":"\/chopinscript.ufo\/glyphs\/exclam.glif","\/chopinscript.ufo\/glyphs\/f.glif":"\/chopinscript.ufo\/glyphs\/f.glif","\/chopinscript.ufo\/glyphs\/fi.glif":"\/chopinscript.ufo\/glyphs\/fi.glif","\/chopinscript.ufo\/glyphs\/five.glif":"\/chopinscript.ufo\/glyphs\/five.glif","\/chopinscript.ufo\/glyphs\/fl.glif":"\/chopinscript.ufo\/glyphs\/fl.glif","\/chopinscript.ufo\/glyphs\/four.glif":"\/chopinscript.ufo\/glyphs\/four.glif","\/chopinscript.ufo\/glyphs\/fraction.glif":"\/chopinscript.ufo\/glyphs\/fraction.glif","\/chopinscript.ufo\/glyphs\/g.glif":"\/chopinscript.ufo\/glyphs\/g.glif","\/chopinscript.ufo\/glyphs\/glyph134.glif":"\/chopinscript.ufo\/glyphs\/glyph134.glif","\/chopinscript.ufo\/glyphs\/glyph2.glif":"\/chopinscript.ufo\/glyphs\/glyph2.glif","\/chopinscript.ufo\/glyphs\/grave.glif":"\/chopinscript.ufo\/glyphs\/grave.glif","\/chopinscript.ufo\/glyphs\/h.glif":"\/chopinscript.ufo\/glyphs\/h.glif","\/chopinscript.ufo\/glyphs\/hyphen.glif":"\/chopinscript.ufo\/glyphs\/hyphen.glif","\/chopinscript.ufo\/glyphs\/i.glif":"\/chopinscript.ufo\/glyphs\/i.glif","\/chopinscript.ufo\/glyphs\/iacute.glif":"\/chopinscript.ufo\/glyphs\/iacute.glif","\/chopinscript.ufo\/glyphs\/icircumflex.glif":"\/chopinscript.ufo\/glyphs\/icircumflex.glif","\/chopinscript.ufo\/glyphs\/idieresis.glif":"\/chopinscript.ufo\/glyphs\/idieresis.glif","\/chopinscript.ufo\/glyphs\/igrave.glif":"\/chopinscript.ufo\/glyphs\/igrave.glif","\/chopinscript.ufo\/glyphs\/j.glif":"\/chopinscript.ufo\/glyphs\/j.glif","\/chopinscript.ufo\/glyphs\/k.glif":"\/chopinscript.ufo\/glyphs\/k.glif","\/chopinscript.ufo\/glyphs\/l.glif":"\/chopinscript.ufo\/glyphs\/l.glif","\/chopinscript.ufo\/glyphs\/m.glif":"\/chopinscript.ufo\/glyphs\/m.glif","\/chopinscript.ufo\/glyphs\/n.glif":"\/chopinscript.ufo\/glyphs\/n.glif","\/chopinscript.ufo\/glyphs\/nine.glif":"\/chopinscript.ufo\/glyphs\/nine.glif","\/chopinscript.ufo\/glyphs\/nonbreakingspace.glif":"\/chopinscript.ufo\/glyphs\/nonbreakingspace.glif","\/chopinscript.ufo\/glyphs\/nonmarkingreturn.glif":"\/chopinscript.ufo\/glyphs\/nonmarkingreturn.glif","\/chopinscript.ufo\/glyphs\/null.glif":"\/chopinscript.ufo\/glyphs\/null.glif","\/chopinscript.ufo\/glyphs\/numbersign.glif":"\/chopinscript.ufo\/glyphs\/numbersign.glif","\/chopinscript.ufo\/glyphs\/o.glif":"\/chopinscript.ufo\/glyphs\/o.glif","\/chopinscript.ufo\/glyphs\/oacute.glif":"\/chopinscript.ufo\/glyphs\/oacute.glif","\/chopinscript.ufo\/glyphs\/ocircumflex.glif":"\/chopinscript.ufo\/glyphs\/ocircumflex.glif","\/chopinscript.ufo\/glyphs\/odieresis.glif":"\/chopinscript.ufo\/glyphs\/odieresis.glif","\/chopinscript.ufo\/glyphs\/oe.glif":"\/chopinscript.ufo\/glyphs\/oe.glif","\/chopinscript.ufo\/glyphs\/ograve.glif":"\/chopinscript.ufo\/glyphs\/ograve.glif","\/chopinscript.ufo\/glyphs\/one.glif":"\/chopinscript.ufo\/glyphs\/one.glif","\/chopinscript.ufo\/glyphs\/p.glif":"\/chopinscript.ufo\/glyphs\/p.glif","\/chopinscript.ufo\/glyphs\/parenleft.glif":"\/chopinscript.ufo\/glyphs\/parenleft.glif","\/chopinscript.ufo\/glyphs\/parenright.glif":"\/chopinscript.ufo\/glyphs\/parenright.glif","\/chopinscript.ufo\/glyphs\/percent.glif":"\/chopinscript.ufo\/glyphs\/percent.glif","\/chopinscript.ufo\/glyphs\/period.glif":"\/chopinscript.ufo\/glyphs\/period.glif","\/chopinscript.ufo\/glyphs\/plus.glif":"\/chopinscript.ufo\/glyphs\/plus.glif","\/chopinscript.ufo\/glyphs\/q.glif":"\/chopinscript.ufo\/glyphs\/q.glif","\/chopinscript.ufo\/glyphs\/question.glif":"\/chopinscript.ufo\/glyphs\/question.glif","\/chopinscript.ufo\/glyphs\/quotedbl.glif":"\/chopinscript.ufo\/glyphs\/quotedbl.glif","\/chopinscript.ufo\/glyphs\/quotedblleft.glif":"\/chopinscript.ufo\/glyphs\/quotedblleft.glif","\/chopinscript.ufo\/glyphs\/quotedblright.glif":"\/chopinscript.ufo\/glyphs\/quotedblright.glif","\/chopinscript.ufo\/glyphs\/quoteleft.glif":"\/chopinscript.ufo\/glyphs\/quoteleft.glif","\/chopinscript.ufo\/glyphs\/quoteright.glif":"\/chopinscript.ufo\/glyphs\/quoteright.glif","\/chopinscript.ufo\/glyphs\/quotesingle.glif":"\/chopinscript.ufo\/glyphs\/quotesingle.glif","\/chopinscript.ufo\/glyphs\/r.glif":"\/chopinscript.ufo\/glyphs\/r.glif","\/chopinscript.ufo\/glyphs\/s.glif":"\/chopinscript.ufo\/glyphs\/s.glif","\/chopinscript.ufo\/glyphs\/semicolon.glif":"\/chopinscript.ufo\/glyphs\/semicolon.glif","\/chopinscript.ufo\/glyphs\/seven.glif":"\/chopinscript.ufo\/glyphs\/seven.glif","\/chopinscript.ufo\/glyphs\/six.glif":"\/chopinscript.ufo\/glyphs\/six.glif","\/chopinscript.ufo\/glyphs\/slash.glif":"\/chopinscript.ufo\/glyphs\/slash.glif","\/chopinscript.ufo\/glyphs\/space.glif":"\/chopinscript.ufo\/glyphs\/space.glif","\/chopinscript.ufo\/glyphs\/t.glif":"\/chopinscript.ufo\/glyphs\/t.glif","\/chopinscript.ufo\/glyphs\/three.glif":"\/chopinscript.ufo\/glyphs\/three.glif","\/chopinscript.ufo\/glyphs\/two.glif":"\/chopinscript.ufo\/glyphs\/two.glif","\/chopinscript.ufo\/glyphs\/u.glif":"\/chopinscript.ufo\/glyphs\/u.glif","\/chopinscript.ufo\/glyphs\/uacute.glif":"\/chopinscript.ufo\/glyphs\/uacute.glif","\/chopinscript.ufo\/glyphs\/ucircumflex.glif":"\/chopinscript.ufo\/glyphs\/ucircumflex.glif","\/chopinscript.ufo\/glyphs\/udieresis.glif":"\/chopinscript.ufo\/glyphs\/udieresis.glif","\/chopinscript.ufo\/glyphs\/ugrave.glif":"\/chopinscript.ufo\/glyphs\/ugrave.glif","\/chopinscript.ufo\/glyphs\/underscore.glif":"\/chopinscript.ufo\/glyphs\/underscore.glif","\/chopinscript.ufo\/glyphs\/v.glif":"\/chopinscript.ufo\/glyphs\/v.glif","\/chopinscript.ufo\/glyphs\/w.glif":"\/chopinscript.ufo\/glyphs\/w.glif","\/chopinscript.ufo\/glyphs\/x.glif":"\/chopinscript.ufo\/glyphs\/x.glif","\/chopinscript.ufo\/glyphs\/y.glif":"\/chopinscript.ufo\/glyphs\/y.glif","\/chopinscript.ufo\/glyphs\/z.glif":"\/chopinscript.ufo\/glyphs\/z.glif","\/chopinscript.ufo\/glyphs\/zero.glif":"\/chopinscript.ufo\/glyphs\/zero.glif"},"Font":{"uploaded":1476759657.3084,"licence":"gpl3","company":"Chronolabs Cooperative","title":"Chopin Script","version":3.002,"date":"Sat Oct 15 01:11:17 2016","creator":"root","type":"1","matrix":"0.001 0 0 0.001 0 0","named":"ChopinScript","painttype":"0","info":"10 dict dup","name":"ChopinScript","family":"ChopinScript","weight":"Book","fstype":"1","italicangle":"0","underlineposition":"","underlinethickness":""},"Licences":{"":false},"Table":{"FFTM":{"entryLength":16,"tag":"FFTM","checksum":1955363002,"offset":25052,"length":28},"GDEF":{"entryLength":16,"tag":"GDEF","checksum":11862020,"offset":25020,"length":32},"OS\/2":{"entryLength":16,"tag":"OS\/2","checksum":1495931411,"offset":344,"length":86},"cmap":{"entryLength":16,"tag":"cmap","checksum":4263634238,"offset":976,"length":530},"gasp":{"entryLength":16,"tag":"gasp","checksum":4294901763,"offset":25012,"length":8},"glyf":{"entryLength":16,"tag":"glyf","checksum":2618936775,"offset":1784,"length":22352},"head":{"entryLength":16,"tag":"head","checksum":201567926,"offset":220,"length":54},"hhea":{"entryLength":16,"tag":"hhea","checksum":143261868,"offset":276,"length":36},"hmtx":{"entryLength":16,"tag":"hmtx","checksum":4110281297,"offset":432,"length":544},"loca":{"entryLength":16,"tag":"loca","checksum":3666658228,"offset":1508,"length":274},"maxp":{"entryLength":16,"tag":"maxp","checksum":14221616,"offset":312,"length":32},"name":{"entryLength":16,"tag":"name","checksum":131103573,"offset":24136,"length":546},"post":{"entryLength":16,"tag":"post","checksum":3577335114,"offset":24684,"length":327}},"UnicodeCharMap":{"0":1,"13":133,"32":3,"33":4,"34":5,"35":6,"36":7,"37":8,"38":9,"39":10,"40":11,"41":12,"42":13,"43":14,"44":15,"45":16,"46":17,"47":18,"48":19,"49":20,"50":21,"51":22,"52":23,"53":24,"54":25,"55":26,"56":27,"57":28,"58":29,"59":30,"61":31,"63":32,"64":33,"65":34,"66":35,"67":36,"68":37,"69":38,"70":39,"71":40,"72":41,"73":42,"74":43,"75":44,"76":45,"77":46,"78":47,"79":48,"80":49,"81":50,"82":51,"83":52,"84":53,"85":54,"86":55,"87":56,"88":57,"89":58,"90":59,"91":60,"92":61,"93":62,"94":63,"95":64,"96":65,"97":66,"98":67,"99":68,"100":69,"101":70,"102":71,"103":72,"104":73,"105":74,"106":75,"107":76,"108":77,"109":78,"110":79,"111":80,"112":81,"113":82,"114":83,"115":84,"116":85,"117":86,"118":87,"119":88,"120":89,"121":90,"122":91,"160":92,"162":93,"168":94,"176":95,"180":96,"224":97,"225":98,"226":99,"228":100,"230":101,"231":102,"232":103,"233":104,"234":105,"235":106,"236":107,"237":108,"238":109,"239":110,"242":111,"243":112,"244":113,"246":114,"249":115,"250":116,"251":117,"252":118,"305":131,"339":121,"710":132,"8211":122,"8212":123,"8216":126,"8217":127,"8220":124,"8221":125,"8226":119,"8230":120,"8260":128,"9216":135,"64257":129,"64258":130},"Reserves":{"fontname":"Chopin Script"},"Names":{"Chopin Script":{"name":"Chopin Script","longitude":"0.00000001","latitude":"0.00000001","country":"","region":"","city":""}},"Nodes":{"ch":{"type":"typal","node":"ch","usage":1,"weight":1},"in":{"type":"typal","node":"in","usage":1,"weight":1},"sc":{"type":"typal","node":"sc","usage":1,"weight":1},"pt":{"type":"typal","node":"pt","usage":1,"weight":1},"cho":{"type":"typal","node":"cho","usage":1,"weight":1},"pin":{"type":"typal","node":"pin","usage":1,"weight":1},"scr":{"type":"typal","node":"scr","usage":1,"weight":1},"ipt":{"type":"typal","node":"ipt","usage":1,"weight":1},"chop":{"type":"keys","node":"chop","usage":1,"weight":1},"opin":{"type":"keys","node":"opin","usage":1,"weight":1},"scri":{"type":"keys","node":"scri","usage":1,"weight":1},"ript":{"type":"keys","node":"ript","usage":1,"weight":1},"chopi":{"type":"keys","node":"chopi","usage":1,"weight":1},"hopin":{"type":"keys","node":"hopin","usage":1,"weight":1},"scrip":{"type":"keys","node":"scrip","usage":1,"weight":1},"cript":{"type":"keys","node":"cript","usage":1,"weight":1},"chopin":{"type":"fixes","node":"chopin","usage":1,"weight":1},"script":{"type":"fixes","node":"script","usage":1,"weight":1}},"Contributors":[],"FontIdentity":"aph:c05e3aade64aefcb3aacfe422186","Bytes":null,"Networking":[],"barcode":"sc2kaiyyeomqw","referee":"iukas"}