{"CSS":{"Quebec-Regular":"Quebec-Regular.css"},"FontType":"TrueType","FontCopyright":"N\/A","FontName":"Quebec-Regular","FontSubfamily":"Regular","FontSubfamilyID":"FontForge 2.0 : Quebec-Regular : 2-11-2016","FontFullName":"Quebec Regular","FontVersion":"Version 001.001 ","FontWeight":null,"FontPostscriptName":"Quebec-Regular","Files":{"\/fonts\/Unpacking\/051b386240bb598b22efc801ab0b256b2037c01b\/quebec-regular.afm":"\/fonts\/Unpacking\/051b386240bb598b22efc801ab0b256b2037c01b\/quebec-regular.afm","\/fonts\/Unpacking\/051b386240bb598b22efc801ab0b256b2037c01b\/quebec-regular.bin":"\/fonts\/Unpacking\/051b386240bb598b22efc801ab0b256b2037c01b\/quebec-regular.bin","\/fonts\/Unpacking\/051b386240bb598b22efc801ab0b256b2037c01b\/quebec-regular.cef":"\/fonts\/Unpacking\/051b386240bb598b22efc801ab0b256b2037c01b\/quebec-regular.cef","\/fonts\/Unpacking\/051b386240bb598b22efc801ab0b256b2037c01b\/quebec-regular.cff":"\/fonts\/Unpacking\/051b386240bb598b22efc801ab0b256b2037c01b\/quebec-regular.cff","\/fonts\/Unpacking\/051b386240bb598b22efc801ab0b256b2037c01b\/quebec-regular.cid":"\/fonts\/Unpacking\/051b386240bb598b22efc801ab0b256b2037c01b\/quebec-regular.cid","\/fonts\/Unpacking\/051b386240bb598b22efc801ab0b256b2037c01b\/quebec-regular.dfont":"\/fonts\/Unpacking\/051b386240bb598b22efc801ab0b256b2037c01b\/quebec-regular.dfont","\/fonts\/Unpacking\/051b386240bb598b22efc801ab0b256b2037c01b\/quebec-regular.eot":"\/fonts\/Unpacking\/051b386240bb598b22efc801ab0b256b2037c01b\/quebec-regular.eot","\/fonts\/Unpacking\/051b386240bb598b22efc801ab0b256b2037c01b\/quebec-regular.fon":"\/fonts\/Unpacking\/051b386240bb598b22efc801ab0b256b2037c01b\/quebec-regular.fon","\/fonts\/Unpacking\/051b386240bb598b22efc801ab0b256b2037c01b\/quebec-regular.gai":"\/fonts\/Unpacking\/051b386240bb598b22efc801ab0b256b2037c01b\/quebec-regular.gai","\/fonts\/Unpacking\/051b386240bb598b22efc801ab0b256b2037c01b\/quebec-regular.gsf":"\/fonts\/Unpacking\/051b386240bb598b22efc801ab0b256b2037c01b\/quebec-regular.gsf","\/fonts\/Unpacking\/051b386240bb598b22efc801ab0b256b2037c01b\/quebec-regular.hqx":"\/fonts\/Unpacking\/051b386240bb598b22efc801ab0b256b2037c01b\/quebec-regular.hqx","\/fonts\/Unpacking\/051b386240bb598b22efc801ab0b256b2037c01b\/quebec-regular.ik":"\/fonts\/Unpacking\/051b386240bb598b22efc801ab0b256b2037c01b\/quebec-regular.ik","\/fonts\/Unpacking\/051b386240bb598b22efc801ab0b256b2037c01b\/quebec-regular.mf":"\/fonts\/Unpacking\/051b386240bb598b22efc801ab0b256b2037c01b\/quebec-regular.mf","\/fonts\/Unpacking\/051b386240bb598b22efc801ab0b256b2037c01b\/quebec-regular.otf":"\/fonts\/Unpacking\/051b386240bb598b22efc801ab0b256b2037c01b\/quebec-regular.otf","\/fonts\/Unpacking\/051b386240bb598b22efc801ab0b256b2037c01b\/quebec-regular.pcf":"\/fonts\/Unpacking\/051b386240bb598b22efc801ab0b256b2037c01b\/quebec-regular.pcf","\/fonts\/Unpacking\/051b386240bb598b22efc801ab0b256b2037c01b\/quebec-regular.pf3":"\/fonts\/Unpacking\/051b386240bb598b22efc801ab0b256b2037c01b\/quebec-regular.pf3","\/fonts\/Unpacking\/051b386240bb598b22efc801ab0b256b2037c01b\/quebec-regular.pfa":"\/fonts\/Unpacking\/051b386240bb598b22efc801ab0b256b2037c01b\/quebec-regular.pfa","\/fonts\/Unpacking\/051b386240bb598b22efc801ab0b256b2037c01b\/quebec-regular.pfb":"\/fonts\/Unpacking\/051b386240bb598b22efc801ab0b256b2037c01b\/quebec-regular.pfb","\/fonts\/Unpacking\/051b386240bb598b22efc801ab0b256b2037c01b\/quebec-regular.php":"\/fonts\/Unpacking\/051b386240bb598b22efc801ab0b256b2037c01b\/quebec-regular.php","\/fonts\/Unpacking\/051b386240bb598b22efc801ab0b256b2037c01b\/quebec-regular.pmf":"\/fonts\/Unpacking\/051b386240bb598b22efc801ab0b256b2037c01b\/quebec-regular.pmf","\/fonts\/Unpacking\/051b386240bb598b22efc801ab0b256b2037c01b\/quebec-regular.pt3":"\/fonts\/Unpacking\/051b386240bb598b22efc801ab0b256b2037c01b\/quebec-regular.pt3","\/fonts\/Unpacking\/051b386240bb598b22efc801ab0b256b2037c01b\/quebec-regular.sfd":"\/fonts\/Unpacking\/051b386240bb598b22efc801ab0b256b2037c01b\/quebec-regular.sfd","\/fonts\/Unpacking\/051b386240bb598b22efc801ab0b256b2037c01b\/quebec-regular.svg":"\/fonts\/Unpacking\/051b386240bb598b22efc801ab0b256b2037c01b\/quebec-regular.svg","\/fonts\/Unpacking\/051b386240bb598b22efc801ab0b256b2037c01b\/quebec-regular.t42":"\/fonts\/Unpacking\/051b386240bb598b22efc801ab0b256b2037c01b\/quebec-regular.t42","\/fonts\/Unpacking\/051b386240bb598b22efc801ab0b256b2037c01b\/quebec-regular.ttd":"\/fonts\/Unpacking\/051b386240bb598b22efc801ab0b256b2037c01b\/quebec-regular.ttd","\/fonts\/Unpacking\/051b386240bb598b22efc801ab0b256b2037c01b\/quebec-regular.ttf":"\/fonts\/Unpacking\/051b386240bb598b22efc801ab0b256b2037c01b\/quebec-regular.ttf","\/fonts\/Unpacking\/051b386240bb598b22efc801ab0b256b2037c01b\/quebec-regular.ttg":"\/fonts\/Unpacking\/051b386240bb598b22efc801ab0b256b2037c01b\/quebec-regular.ttg","\/fonts\/Unpacking\/051b386240bb598b22efc801ab0b256b2037c01b\/quebec-regular.ufm":"\/fonts\/Unpacking\/051b386240bb598b22efc801ab0b256b2037c01b\/quebec-regular.ufm","\/fonts\/Unpacking\/051b386240bb598b22efc801ab0b256b2037c01b\/quebec-regular.woff":"\/fonts\/Unpacking\/051b386240bb598b22efc801ab0b256b2037c01b\/quebec-regular.woff","\/fonts\/Unpacking\/051b386240bb598b22efc801ab0b256b2037c01b\/quebec-regular.z":"\/fonts\/Unpacking\/051b386240bb598b22efc801ab0b256b2037c01b\/quebec-regular.z","\/fonts\/Unpacking\/051b386240bb598b22efc801ab0b256b2037c01b\/quebec-regular.ufo\/feature.fea":"\/fonts\/Unpacking\/051b386240bb598b22efc801ab0b256b2037c01b\/quebec-regular.ufo\/feature.fea","\/fonts\/Unpacking\/051b386240bb598b22efc801ab0b256b2037c01b\/quebec-regular.ufo\/fontinfo.plist":"\/fonts\/Unpacking\/051b386240bb598b22efc801ab0b256b2037c01b\/quebec-regular.ufo\/fontinfo.plist","\/fonts\/Unpacking\/051b386240bb598b22efc801ab0b256b2037c01b\/quebec-regular.ufo\/groups.plist":"\/fonts\/Unpacking\/051b386240bb598b22efc801ab0b256b2037c01b\/quebec-regular.ufo\/groups.plist","\/fonts\/Unpacking\/051b386240bb598b22efc801ab0b256b2037c01b\/quebec-regular.ufo\/kerning.plist":"\/fonts\/Unpacking\/051b386240bb598b22efc801ab0b256b2037c01b\/quebec-regular.ufo\/kerning.plist","\/fonts\/Unpacking\/051b386240bb598b22efc801ab0b256b2037c01b\/quebec-regular.ufo\/metainfo.plist":"\/fonts\/Unpacking\/051b386240bb598b22efc801ab0b256b2037c01b\/quebec-regular.ufo\/metainfo.plist","\/fonts\/Unpacking\/051b386240bb598b22efc801ab0b256b2037c01b\/quebec-regular.ufo\/glyphs\/A_.glif":"\/fonts\/Unpacking\/051b386240bb598b22efc801ab0b256b2037c01b\/quebec-regular.ufo\/glyphs\/A_.glif","\/fonts\/Unpacking\/051b386240bb598b22efc801ab0b256b2037c01b\/quebec-regular.ufo\/glyphs\/A_E_.glif":"\/fonts\/Unpacking\/051b386240bb598b22efc801ab0b256b2037c01b\/quebec-regular.ufo\/glyphs\/A_E_.glif","\/fonts\/Unpacking\/051b386240bb598b22efc801ab0b256b2037c01b\/quebec-regular.ufo\/glyphs\/A_acute.glif":"\/fonts\/Unpacking\/051b386240bb598b22efc801ab0b256b2037c01b\/quebec-regular.ufo\/glyphs\/A_acute.glif","\/fonts\/Unpacking\/051b386240bb598b22efc801ab0b256b2037c01b\/quebec-regular.ufo\/glyphs\/A_circumflex.glif":"\/fonts\/Unpacking\/051b386240bb598b22efc801ab0b256b2037c01b\/quebec-regular.ufo\/glyphs\/A_circumflex.glif","\/fonts\/Unpacking\/051b386240bb598b22efc801ab0b256b2037c01b\/quebec-regular.ufo\/glyphs\/A_dieresis.glif":"\/fonts\/Unpacking\/051b386240bb598b22efc801ab0b256b2037c01b\/quebec-regular.ufo\/glyphs\/A_dieresis.glif","\/fonts\/Unpacking\/051b386240bb598b22efc801ab0b256b2037c01b\/quebec-regular.ufo\/glyphs\/A_grave.glif":"\/fonts\/Unpacking\/051b386240bb598b22efc801ab0b256b2037c01b\/quebec-regular.ufo\/glyphs\/A_grave.glif","\/fonts\/Unpacking\/051b386240bb598b22efc801ab0b256b2037c01b\/quebec-regular.ufo\/glyphs\/A_ring.glif":"\/fonts\/Unpacking\/051b386240bb598b22efc801ab0b256b2037c01b\/quebec-regular.ufo\/glyphs\/A_ring.glif","\/fonts\/Unpacking\/051b386240bb598b22efc801ab0b256b2037c01b\/quebec-regular.ufo\/glyphs\/A_tilde.glif":"\/fonts\/Unpacking\/051b386240bb598b22efc801ab0b256b2037c01b\/quebec-regular.ufo\/glyphs\/A_tilde.glif","\/fonts\/Unpacking\/051b386240bb598b22efc801ab0b256b2037c01b\/quebec-regular.ufo\/glyphs\/B_.glif":"\/fonts\/Unpacking\/051b386240bb598b22efc801ab0b256b2037c01b\/quebec-regular.ufo\/glyphs\/B_.glif","\/fonts\/Unpacking\/051b386240bb598b22efc801ab0b256b2037c01b\/quebec-regular.ufo\/glyphs\/C_.glif":"\/fonts\/Unpacking\/051b386240bb598b22efc801ab0b256b2037c01b\/quebec-regular.ufo\/glyphs\/C_.glif","\/fonts\/Unpacking\/051b386240bb598b22efc801ab0b256b2037c01b\/quebec-regular.ufo\/glyphs\/C_cedilla.glif":"\/fonts\/Unpacking\/051b386240bb598b22efc801ab0b256b2037c01b\/quebec-regular.ufo\/glyphs\/C_cedilla.glif","\/fonts\/Unpacking\/051b386240bb598b22efc801ab0b256b2037c01b\/quebec-regular.ufo\/glyphs\/D_.glif":"\/fonts\/Unpacking\/051b386240bb598b22efc801ab0b256b2037c01b\/quebec-regular.ufo\/glyphs\/D_.glif","\/fonts\/Unpacking\/051b386240bb598b22efc801ab0b256b2037c01b\/quebec-regular.ufo\/glyphs\/D_elta.glif":"\/fonts\/Unpacking\/051b386240bb598b22efc801ab0b256b2037c01b\/quebec-regular.ufo\/glyphs\/D_elta.glif","\/fonts\/Unpacking\/051b386240bb598b22efc801ab0b256b2037c01b\/quebec-regular.ufo\/glyphs\/E_.glif":"\/fonts\/Unpacking\/051b386240bb598b22efc801ab0b256b2037c01b\/quebec-regular.ufo\/glyphs\/E_.glif","\/fonts\/Unpacking\/051b386240bb598b22efc801ab0b256b2037c01b\/quebec-regular.ufo\/glyphs\/E_acute.glif":"\/fonts\/Unpacking\/051b386240bb598b22efc801ab0b256b2037c01b\/quebec-regular.ufo\/glyphs\/E_acute.glif","\/fonts\/Unpacking\/051b386240bb598b22efc801ab0b256b2037c01b\/quebec-regular.ufo\/glyphs\/E_circumflex.glif":"\/fonts\/Unpacking\/051b386240bb598b22efc801ab0b256b2037c01b\/quebec-regular.ufo\/glyphs\/E_circumflex.glif","\/fonts\/Unpacking\/051b386240bb598b22efc801ab0b256b2037c01b\/quebec-regular.ufo\/glyphs\/E_dieresis.glif":"\/fonts\/Unpacking\/051b386240bb598b22efc801ab0b256b2037c01b\/quebec-regular.ufo\/glyphs\/E_dieresis.glif","\/fonts\/Unpacking\/051b386240bb598b22efc801ab0b256b2037c01b\/quebec-regular.ufo\/glyphs\/E_grave.glif":"\/fonts\/Unpacking\/051b386240bb598b22efc801ab0b256b2037c01b\/quebec-regular.ufo\/glyphs\/E_grave.glif","\/fonts\/Unpacking\/051b386240bb598b22efc801ab0b256b2037c01b\/quebec-regular.ufo\/glyphs\/F_.glif":"\/fonts\/Unpacking\/051b386240bb598b22efc801ab0b256b2037c01b\/quebec-regular.ufo\/glyphs\/F_.glif","\/fonts\/Unpacking\/051b386240bb598b22efc801ab0b256b2037c01b\/quebec-regular.ufo\/glyphs\/G_.glif":"\/fonts\/Unpacking\/051b386240bb598b22efc801ab0b256b2037c01b\/quebec-regular.ufo\/glyphs\/G_.glif","\/fonts\/Unpacking\/051b386240bb598b22efc801ab0b256b2037c01b\/quebec-regular.ufo\/glyphs\/H_.glif":"\/fonts\/Unpacking\/051b386240bb598b22efc801ab0b256b2037c01b\/quebec-regular.ufo\/glyphs\/H_.glif","\/fonts\/Unpacking\/051b386240bb598b22efc801ab0b256b2037c01b\/quebec-regular.ufo\/glyphs\/I_.glif":"\/fonts\/Unpacking\/051b386240bb598b22efc801ab0b256b2037c01b\/quebec-regular.ufo\/glyphs\/I_.glif","\/fonts\/Unpacking\/051b386240bb598b22efc801ab0b256b2037c01b\/quebec-regular.ufo\/glyphs\/I_acute.glif":"\/fonts\/Unpacking\/051b386240bb598b22efc801ab0b256b2037c01b\/quebec-regular.ufo\/glyphs\/I_acute.glif","\/fonts\/Unpacking\/051b386240bb598b22efc801ab0b256b2037c01b\/quebec-regular.ufo\/glyphs\/I_circumflex.glif":"\/fonts\/Unpacking\/051b386240bb598b22efc801ab0b256b2037c01b\/quebec-regular.ufo\/glyphs\/I_circumflex.glif","\/fonts\/Unpacking\/051b386240bb598b22efc801ab0b256b2037c01b\/quebec-regular.ufo\/glyphs\/I_dieresis.glif":"\/fonts\/Unpacking\/051b386240bb598b22efc801ab0b256b2037c01b\/quebec-regular.ufo\/glyphs\/I_dieresis.glif","\/fonts\/Unpacking\/051b386240bb598b22efc801ab0b256b2037c01b\/quebec-regular.ufo\/glyphs\/I_grave.glif":"\/fonts\/Unpacking\/051b386240bb598b22efc801ab0b256b2037c01b\/quebec-regular.ufo\/glyphs\/I_grave.glif","\/fonts\/Unpacking\/051b386240bb598b22efc801ab0b256b2037c01b\/quebec-regular.ufo\/glyphs\/J_.glif":"\/fonts\/Unpacking\/051b386240bb598b22efc801ab0b256b2037c01b\/quebec-regular.ufo\/glyphs\/J_.glif","\/fonts\/Unpacking\/051b386240bb598b22efc801ab0b256b2037c01b\/quebec-regular.ufo\/glyphs\/K_.glif":"\/fonts\/Unpacking\/051b386240bb598b22efc801ab0b256b2037c01b\/quebec-regular.ufo\/glyphs\/K_.glif","\/fonts\/Unpacking\/051b386240bb598b22efc801ab0b256b2037c01b\/quebec-regular.ufo\/glyphs\/L_.glif":"\/fonts\/Unpacking\/051b386240bb598b22efc801ab0b256b2037c01b\/quebec-regular.ufo\/glyphs\/L_.glif","\/fonts\/Unpacking\/051b386240bb598b22efc801ab0b256b2037c01b\/quebec-regular.ufo\/glyphs\/M_.glif":"\/fonts\/Unpacking\/051b386240bb598b22efc801ab0b256b2037c01b\/quebec-regular.ufo\/glyphs\/M_.glif","\/fonts\/Unpacking\/051b386240bb598b22efc801ab0b256b2037c01b\/quebec-regular.ufo\/glyphs\/N_.glif":"\/fonts\/Unpacking\/051b386240bb598b22efc801ab0b256b2037c01b\/quebec-regular.ufo\/glyphs\/N_.glif","\/fonts\/Unpacking\/051b386240bb598b22efc801ab0b256b2037c01b\/quebec-regular.ufo\/glyphs\/N_tilde.glif":"\/fonts\/Unpacking\/051b386240bb598b22efc801ab0b256b2037c01b\/quebec-regular.ufo\/glyphs\/N_tilde.glif","\/fonts\/Unpacking\/051b386240bb598b22efc801ab0b256b2037c01b\/quebec-regular.ufo\/glyphs\/O_.glif":"\/fonts\/Unpacking\/051b386240bb598b22efc801ab0b256b2037c01b\/quebec-regular.ufo\/glyphs\/O_.glif","\/fonts\/Unpacking\/051b386240bb598b22efc801ab0b256b2037c01b\/quebec-regular.ufo\/glyphs\/O_E_.glif":"\/fonts\/Unpacking\/051b386240bb598b22efc801ab0b256b2037c01b\/quebec-regular.ufo\/glyphs\/O_E_.glif","\/fonts\/Unpacking\/051b386240bb598b22efc801ab0b256b2037c01b\/quebec-regular.ufo\/glyphs\/O_acute.glif":"\/fonts\/Unpacking\/051b386240bb598b22efc801ab0b256b2037c01b\/quebec-regular.ufo\/glyphs\/O_acute.glif","\/fonts\/Unpacking\/051b386240bb598b22efc801ab0b256b2037c01b\/quebec-regular.ufo\/glyphs\/O_circumflex.glif":"\/fonts\/Unpacking\/051b386240bb598b22efc801ab0b256b2037c01b\/quebec-regular.ufo\/glyphs\/O_circumflex.glif","\/fonts\/Unpacking\/051b386240bb598b22efc801ab0b256b2037c01b\/quebec-regular.ufo\/glyphs\/O_dieresis.glif":"\/fonts\/Unpacking\/051b386240bb598b22efc801ab0b256b2037c01b\/quebec-regular.ufo\/glyphs\/O_dieresis.glif","\/fonts\/Unpacking\/051b386240bb598b22efc801ab0b256b2037c01b\/quebec-regular.ufo\/glyphs\/O_grave.glif":"\/fonts\/Unpacking\/051b386240bb598b22efc801ab0b256b2037c01b\/quebec-regular.ufo\/glyphs\/O_grave.glif","\/fonts\/Unpacking\/051b386240bb598b22efc801ab0b256b2037c01b\/quebec-regular.ufo\/glyphs\/O_mega.glif":"\/fonts\/Unpacking\/051b386240bb598b22efc801ab0b256b2037c01b\/quebec-regular.ufo\/glyphs\/O_mega.glif","\/fonts\/Unpacking\/051b386240bb598b22efc801ab0b256b2037c01b\/quebec-regular.ufo\/glyphs\/O_slash.glif":"\/fonts\/Unpacking\/051b386240bb598b22efc801ab0b256b2037c01b\/quebec-regular.ufo\/glyphs\/O_slash.glif","\/fonts\/Unpacking\/051b386240bb598b22efc801ab0b256b2037c01b\/quebec-regular.ufo\/glyphs\/O_tilde.glif":"\/fonts\/Unpacking\/051b386240bb598b22efc801ab0b256b2037c01b\/quebec-regular.ufo\/glyphs\/O_tilde.glif","\/fonts\/Unpacking\/051b386240bb598b22efc801ab0b256b2037c01b\/quebec-regular.ufo\/glyphs\/P_.glif":"\/fonts\/Unpacking\/051b386240bb598b22efc801ab0b256b2037c01b\/quebec-regular.ufo\/glyphs\/P_.glif","\/fonts\/Unpacking\/051b386240bb598b22efc801ab0b256b2037c01b\/quebec-regular.ufo\/glyphs\/Q_.glif":"\/fonts\/Unpacking\/051b386240bb598b22efc801ab0b256b2037c01b\/quebec-regular.ufo\/glyphs\/Q_.glif","\/fonts\/Unpacking\/051b386240bb598b22efc801ab0b256b2037c01b\/quebec-regular.ufo\/glyphs\/R_.glif":"\/fonts\/Unpacking\/051b386240bb598b22efc801ab0b256b2037c01b\/quebec-regular.ufo\/glyphs\/R_.glif","\/fonts\/Unpacking\/051b386240bb598b22efc801ab0b256b2037c01b\/quebec-regular.ufo\/glyphs\/S_.glif":"\/fonts\/Unpacking\/051b386240bb598b22efc801ab0b256b2037c01b\/quebec-regular.ufo\/glyphs\/S_.glif","\/fonts\/Unpacking\/051b386240bb598b22efc801ab0b256b2037c01b\/quebec-regular.ufo\/glyphs\/S_caron.glif":"\/fonts\/Unpacking\/051b386240bb598b22efc801ab0b256b2037c01b\/quebec-regular.ufo\/glyphs\/S_caron.glif","\/fonts\/Unpacking\/051b386240bb598b22efc801ab0b256b2037c01b\/quebec-regular.ufo\/glyphs\/T_.glif":"\/fonts\/Unpacking\/051b386240bb598b22efc801ab0b256b2037c01b\/quebec-regular.ufo\/glyphs\/T_.glif","\/fonts\/Unpacking\/051b386240bb598b22efc801ab0b256b2037c01b\/quebec-regular.ufo\/glyphs\/U_.glif":"\/fonts\/Unpacking\/051b386240bb598b22efc801ab0b256b2037c01b\/quebec-regular.ufo\/glyphs\/U_.glif","\/fonts\/Unpacking\/051b386240bb598b22efc801ab0b256b2037c01b\/quebec-regular.ufo\/glyphs\/U_acute.glif":"\/fonts\/Unpacking\/051b386240bb598b22efc801ab0b256b2037c01b\/quebec-regular.ufo\/glyphs\/U_acute.glif","\/fonts\/Unpacking\/051b386240bb598b22efc801ab0b256b2037c01b\/quebec-regular.ufo\/glyphs\/U_circumflex.glif":"\/fonts\/Unpacking\/051b386240bb598b22efc801ab0b256b2037c01b\/quebec-regular.ufo\/glyphs\/U_circumflex.glif","\/fonts\/Unpacking\/051b386240bb598b22efc801ab0b256b2037c01b\/quebec-regular.ufo\/glyphs\/U_dieresis.glif":"\/fonts\/Unpacking\/051b386240bb598b22efc801ab0b256b2037c01b\/quebec-regular.ufo\/glyphs\/U_dieresis.glif","\/fonts\/Unpacking\/051b386240bb598b22efc801ab0b256b2037c01b\/quebec-regular.ufo\/glyphs\/U_grave.glif":"\/fonts\/Unpacking\/051b386240bb598b22efc801ab0b256b2037c01b\/quebec-regular.ufo\/glyphs\/U_grave.glif","\/fonts\/Unpacking\/051b386240bb598b22efc801ab0b256b2037c01b\/quebec-regular.ufo\/glyphs\/V_.glif":"\/fonts\/Unpacking\/051b386240bb598b22efc801ab0b256b2037c01b\/quebec-regular.ufo\/glyphs\/V_.glif","\/fonts\/Unpacking\/051b386240bb598b22efc801ab0b256b2037c01b\/quebec-regular.ufo\/glyphs\/W_.glif":"\/fonts\/Unpacking\/051b386240bb598b22efc801ab0b256b2037c01b\/quebec-regular.ufo\/glyphs\/W_.glif","\/fonts\/Unpacking\/051b386240bb598b22efc801ab0b256b2037c01b\/quebec-regular.ufo\/glyphs\/X_.glif":"\/fonts\/Unpacking\/051b386240bb598b22efc801ab0b256b2037c01b\/quebec-regular.ufo\/glyphs\/X_.glif","\/fonts\/Unpacking\/051b386240bb598b22efc801ab0b256b2037c01b\/quebec-regular.ufo\/glyphs\/Y_.glif":"\/fonts\/Unpacking\/051b386240bb598b22efc801ab0b256b2037c01b\/quebec-regular.ufo\/glyphs\/Y_.glif","\/fonts\/Unpacking\/051b386240bb598b22efc801ab0b256b2037c01b\/quebec-regular.ufo\/glyphs\/Y_dieresis.glif":"\/fonts\/Unpacking\/051b386240bb598b22efc801ab0b256b2037c01b\/quebec-regular.ufo\/glyphs\/Y_dieresis.glif","\/fonts\/Unpacking\/051b386240bb598b22efc801ab0b256b2037c01b\/quebec-regular.ufo\/glyphs\/Z_.glif":"\/fonts\/Unpacking\/051b386240bb598b22efc801ab0b256b2037c01b\/quebec-regular.ufo\/glyphs\/Z_.glif","\/fonts\/Unpacking\/051b386240bb598b22efc801ab0b256b2037c01b\/quebec-regular.ufo\/glyphs\/Z_caron.glif":"\/fonts\/Unpacking\/051b386240bb598b22efc801ab0b256b2037c01b\/quebec-regular.ufo\/glyphs\/Z_caron.glif","\/fonts\/Unpacking\/051b386240bb598b22efc801ab0b256b2037c01b\/quebec-regular.ufo\/glyphs\/a.glif":"\/fonts\/Unpacking\/051b386240bb598b22efc801ab0b256b2037c01b\/quebec-regular.ufo\/glyphs\/a.glif","\/fonts\/Unpacking\/051b386240bb598b22efc801ab0b256b2037c01b\/quebec-regular.ufo\/glyphs\/aacute.glif":"\/fonts\/Unpacking\/051b386240bb598b22efc801ab0b256b2037c01b\/quebec-regular.ufo\/glyphs\/aacute.glif","\/fonts\/Unpacking\/051b386240bb598b22efc801ab0b256b2037c01b\/quebec-regular.ufo\/glyphs\/acircumflex.glif":"\/fonts\/Unpacking\/051b386240bb598b22efc801ab0b256b2037c01b\/quebec-regular.ufo\/glyphs\/acircumflex.glif","\/fonts\/Unpacking\/051b386240bb598b22efc801ab0b256b2037c01b\/quebec-regular.ufo\/glyphs\/acute.glif":"\/fonts\/Unpacking\/051b386240bb598b22efc801ab0b256b2037c01b\/quebec-regular.ufo\/glyphs\/acute.glif","\/fonts\/Unpacking\/051b386240bb598b22efc801ab0b256b2037c01b\/quebec-regular.ufo\/glyphs\/adieresis.glif":"\/fonts\/Unpacking\/051b386240bb598b22efc801ab0b256b2037c01b\/quebec-regular.ufo\/glyphs\/adieresis.glif","\/fonts\/Unpacking\/051b386240bb598b22efc801ab0b256b2037c01b\/quebec-regular.ufo\/glyphs\/ae.glif":"\/fonts\/Unpacking\/051b386240bb598b22efc801ab0b256b2037c01b\/quebec-regular.ufo\/glyphs\/ae.glif","\/fonts\/Unpacking\/051b386240bb598b22efc801ab0b256b2037c01b\/quebec-regular.ufo\/glyphs\/agrave.glif":"\/fonts\/Unpacking\/051b386240bb598b22efc801ab0b256b2037c01b\/quebec-regular.ufo\/glyphs\/agrave.glif","\/fonts\/Unpacking\/051b386240bb598b22efc801ab0b256b2037c01b\/quebec-regular.ufo\/glyphs\/ampersand.glif":"\/fonts\/Unpacking\/051b386240bb598b22efc801ab0b256b2037c01b\/quebec-regular.ufo\/glyphs\/ampersand.glif","\/fonts\/Unpacking\/051b386240bb598b22efc801ab0b256b2037c01b\/quebec-regular.ufo\/glyphs\/apple.glif":"\/fonts\/Unpacking\/051b386240bb598b22efc801ab0b256b2037c01b\/quebec-regular.ufo\/glyphs\/apple.glif","\/fonts\/Unpacking\/051b386240bb598b22efc801ab0b256b2037c01b\/quebec-regular.ufo\/glyphs\/approxequal.glif":"\/fonts\/Unpacking\/051b386240bb598b22efc801ab0b256b2037c01b\/quebec-regular.ufo\/glyphs\/approxequal.glif","\/fonts\/Unpacking\/051b386240bb598b22efc801ab0b256b2037c01b\/quebec-regular.ufo\/glyphs\/aring.glif":"\/fonts\/Unpacking\/051b386240bb598b22efc801ab0b256b2037c01b\/quebec-regular.ufo\/glyphs\/aring.glif","\/fonts\/Unpacking\/051b386240bb598b22efc801ab0b256b2037c01b\/quebec-regular.ufo\/glyphs\/asciicircum.glif":"\/fonts\/Unpacking\/051b386240bb598b22efc801ab0b256b2037c01b\/quebec-regular.ufo\/glyphs\/asciicircum.glif","\/fonts\/Unpacking\/051b386240bb598b22efc801ab0b256b2037c01b\/quebec-regular.ufo\/glyphs\/asciitilde.glif":"\/fonts\/Unpacking\/051b386240bb598b22efc801ab0b256b2037c01b\/quebec-regular.ufo\/glyphs\/asciitilde.glif","\/fonts\/Unpacking\/051b386240bb598b22efc801ab0b256b2037c01b\/quebec-regular.ufo\/glyphs\/asterisk.glif":"\/fonts\/Unpacking\/051b386240bb598b22efc801ab0b256b2037c01b\/quebec-regular.ufo\/glyphs\/asterisk.glif","\/fonts\/Unpacking\/051b386240bb598b22efc801ab0b256b2037c01b\/quebec-regular.ufo\/glyphs\/at.glif":"\/fonts\/Unpacking\/051b386240bb598b22efc801ab0b256b2037c01b\/quebec-regular.ufo\/glyphs\/at.glif","\/fonts\/Unpacking\/051b386240bb598b22efc801ab0b256b2037c01b\/quebec-regular.ufo\/glyphs\/atilde.glif":"\/fonts\/Unpacking\/051b386240bb598b22efc801ab0b256b2037c01b\/quebec-regular.ufo\/glyphs\/atilde.glif","\/fonts\/Unpacking\/051b386240bb598b22efc801ab0b256b2037c01b\/quebec-regular.ufo\/glyphs\/b.glif":"\/fonts\/Unpacking\/051b386240bb598b22efc801ab0b256b2037c01b\/quebec-regular.ufo\/glyphs\/b.glif","\/fonts\/Unpacking\/051b386240bb598b22efc801ab0b256b2037c01b\/quebec-regular.ufo\/glyphs\/backslash.glif":"\/fonts\/Unpacking\/051b386240bb598b22efc801ab0b256b2037c01b\/quebec-regular.ufo\/glyphs\/backslash.glif","\/fonts\/Unpacking\/051b386240bb598b22efc801ab0b256b2037c01b\/quebec-regular.ufo\/glyphs\/bar.glif":"\/fonts\/Unpacking\/051b386240bb598b22efc801ab0b256b2037c01b\/quebec-regular.ufo\/glyphs\/bar.glif","\/fonts\/Unpacking\/051b386240bb598b22efc801ab0b256b2037c01b\/quebec-regular.ufo\/glyphs\/braceleft.glif":"\/fonts\/Unpacking\/051b386240bb598b22efc801ab0b256b2037c01b\/quebec-regular.ufo\/glyphs\/braceleft.glif","\/fonts\/Unpacking\/051b386240bb598b22efc801ab0b256b2037c01b\/quebec-regular.ufo\/glyphs\/braceright.glif":"\/fonts\/Unpacking\/051b386240bb598b22efc801ab0b256b2037c01b\/quebec-regular.ufo\/glyphs\/braceright.glif","\/fonts\/Unpacking\/051b386240bb598b22efc801ab0b256b2037c01b\/quebec-regular.ufo\/glyphs\/bracketleft.glif":"\/fonts\/Unpacking\/051b386240bb598b22efc801ab0b256b2037c01b\/quebec-regular.ufo\/glyphs\/bracketleft.glif","\/fonts\/Unpacking\/051b386240bb598b22efc801ab0b256b2037c01b\/quebec-regular.ufo\/glyphs\/bracketright.glif":"\/fonts\/Unpacking\/051b386240bb598b22efc801ab0b256b2037c01b\/quebec-regular.ufo\/glyphs\/bracketright.glif","\/fonts\/Unpacking\/051b386240bb598b22efc801ab0b256b2037c01b\/quebec-regular.ufo\/glyphs\/breve.glif":"\/fonts\/Unpacking\/051b386240bb598b22efc801ab0b256b2037c01b\/quebec-regular.ufo\/glyphs\/breve.glif","\/fonts\/Unpacking\/051b386240bb598b22efc801ab0b256b2037c01b\/quebec-regular.ufo\/glyphs\/bullet.glif":"\/fonts\/Unpacking\/051b386240bb598b22efc801ab0b256b2037c01b\/quebec-regular.ufo\/glyphs\/bullet.glif","\/fonts\/Unpacking\/051b386240bb598b22efc801ab0b256b2037c01b\/quebec-regular.ufo\/glyphs\/c.glif":"\/fonts\/Unpacking\/051b386240bb598b22efc801ab0b256b2037c01b\/quebec-regular.ufo\/glyphs\/c.glif","\/fonts\/Unpacking\/051b386240bb598b22efc801ab0b256b2037c01b\/quebec-regular.ufo\/glyphs\/caron.glif":"\/fonts\/Unpacking\/051b386240bb598b22efc801ab0b256b2037c01b\/quebec-regular.ufo\/glyphs\/caron.glif","\/fonts\/Unpacking\/051b386240bb598b22efc801ab0b256b2037c01b\/quebec-regular.ufo\/glyphs\/ccedilla.glif":"\/fonts\/Unpacking\/051b386240bb598b22efc801ab0b256b2037c01b\/quebec-regular.ufo\/glyphs\/ccedilla.glif","\/fonts\/Unpacking\/051b386240bb598b22efc801ab0b256b2037c01b\/quebec-regular.ufo\/glyphs\/cedilla.glif":"\/fonts\/Unpacking\/051b386240bb598b22efc801ab0b256b2037c01b\/quebec-regular.ufo\/glyphs\/cedilla.glif","\/fonts\/Unpacking\/051b386240bb598b22efc801ab0b256b2037c01b\/quebec-regular.ufo\/glyphs\/cent.glif":"\/fonts\/Unpacking\/051b386240bb598b22efc801ab0b256b2037c01b\/quebec-regular.ufo\/glyphs\/cent.glif","\/fonts\/Unpacking\/051b386240bb598b22efc801ab0b256b2037c01b\/quebec-regular.ufo\/glyphs\/circumflex.glif":"\/fonts\/Unpacking\/051b386240bb598b22efc801ab0b256b2037c01b\/quebec-regular.ufo\/glyphs\/circumflex.glif","\/fonts\/Unpacking\/051b386240bb598b22efc801ab0b256b2037c01b\/quebec-regular.ufo\/glyphs\/colon.glif":"\/fonts\/Unpacking\/051b386240bb598b22efc801ab0b256b2037c01b\/quebec-regular.ufo\/glyphs\/colon.glif","\/fonts\/Unpacking\/051b386240bb598b22efc801ab0b256b2037c01b\/quebec-regular.ufo\/glyphs\/comma.glif":"\/fonts\/Unpacking\/051b386240bb598b22efc801ab0b256b2037c01b\/quebec-regular.ufo\/glyphs\/comma.glif","\/fonts\/Unpacking\/051b386240bb598b22efc801ab0b256b2037c01b\/quebec-regular.ufo\/glyphs\/contents.plist":"\/fonts\/Unpacking\/051b386240bb598b22efc801ab0b256b2037c01b\/quebec-regular.ufo\/glyphs\/contents.plist","\/fonts\/Unpacking\/051b386240bb598b22efc801ab0b256b2037c01b\/quebec-regular.ufo\/glyphs\/copyright.glif":"\/fonts\/Unpacking\/051b386240bb598b22efc801ab0b256b2037c01b\/quebec-regular.ufo\/glyphs\/copyright.glif","\/fonts\/Unpacking\/051b386240bb598b22efc801ab0b256b2037c01b\/quebec-regular.ufo\/glyphs\/currency.glif":"\/fonts\/Unpacking\/051b386240bb598b22efc801ab0b256b2037c01b\/quebec-regular.ufo\/glyphs\/currency.glif","\/fonts\/Unpacking\/051b386240bb598b22efc801ab0b256b2037c01b\/quebec-regular.ufo\/glyphs\/d.glif":"\/fonts\/Unpacking\/051b386240bb598b22efc801ab0b256b2037c01b\/quebec-regular.ufo\/glyphs\/d.glif","\/fonts\/Unpacking\/051b386240bb598b22efc801ab0b256b2037c01b\/quebec-regular.ufo\/glyphs\/dagger.glif":"\/fonts\/Unpacking\/051b386240bb598b22efc801ab0b256b2037c01b\/quebec-regular.ufo\/glyphs\/dagger.glif","\/fonts\/Unpacking\/051b386240bb598b22efc801ab0b256b2037c01b\/quebec-regular.ufo\/glyphs\/daggerdbl.glif":"\/fonts\/Unpacking\/051b386240bb598b22efc801ab0b256b2037c01b\/quebec-regular.ufo\/glyphs\/daggerdbl.glif","\/fonts\/Unpacking\/051b386240bb598b22efc801ab0b256b2037c01b\/quebec-regular.ufo\/glyphs\/dieresis.glif":"\/fonts\/Unpacking\/051b386240bb598b22efc801ab0b256b2037c01b\/quebec-regular.ufo\/glyphs\/dieresis.glif","\/fonts\/Unpacking\/051b386240bb598b22efc801ab0b256b2037c01b\/quebec-regular.ufo\/glyphs\/divide.glif":"\/fonts\/Unpacking\/051b386240bb598b22efc801ab0b256b2037c01b\/quebec-regular.ufo\/glyphs\/divide.glif","\/fonts\/Unpacking\/051b386240bb598b22efc801ab0b256b2037c01b\/quebec-regular.ufo\/glyphs\/dollar.glif":"\/fonts\/Unpacking\/051b386240bb598b22efc801ab0b256b2037c01b\/quebec-regular.ufo\/glyphs\/dollar.glif","\/fonts\/Unpacking\/051b386240bb598b22efc801ab0b256b2037c01b\/quebec-regular.ufo\/glyphs\/dotaccent.glif":"\/fonts\/Unpacking\/051b386240bb598b22efc801ab0b256b2037c01b\/quebec-regular.ufo\/glyphs\/dotaccent.glif","\/fonts\/Unpacking\/051b386240bb598b22efc801ab0b256b2037c01b\/quebec-regular.ufo\/glyphs\/dotlessi.glif":"\/fonts\/Unpacking\/051b386240bb598b22efc801ab0b256b2037c01b\/quebec-regular.ufo\/glyphs\/dotlessi.glif","\/fonts\/Unpacking\/051b386240bb598b22efc801ab0b256b2037c01b\/quebec-regular.ufo\/glyphs\/e.glif":"\/fonts\/Unpacking\/051b386240bb598b22efc801ab0b256b2037c01b\/quebec-regular.ufo\/glyphs\/e.glif","\/fonts\/Unpacking\/051b386240bb598b22efc801ab0b256b2037c01b\/quebec-regular.ufo\/glyphs\/eacute.glif":"\/fonts\/Unpacking\/051b386240bb598b22efc801ab0b256b2037c01b\/quebec-regular.ufo\/glyphs\/eacute.glif","\/fonts\/Unpacking\/051b386240bb598b22efc801ab0b256b2037c01b\/quebec-regular.ufo\/glyphs\/ecircumflex.glif":"\/fonts\/Unpacking\/051b386240bb598b22efc801ab0b256b2037c01b\/quebec-regular.ufo\/glyphs\/ecircumflex.glif","\/fonts\/Unpacking\/051b386240bb598b22efc801ab0b256b2037c01b\/quebec-regular.ufo\/glyphs\/edieresis.glif":"\/fonts\/Unpacking\/051b386240bb598b22efc801ab0b256b2037c01b\/quebec-regular.ufo\/glyphs\/edieresis.glif","\/fonts\/Unpacking\/051b386240bb598b22efc801ab0b256b2037c01b\/quebec-regular.ufo\/glyphs\/egrave.glif":"\/fonts\/Unpacking\/051b386240bb598b22efc801ab0b256b2037c01b\/quebec-regular.ufo\/glyphs\/egrave.glif","\/fonts\/Unpacking\/051b386240bb598b22efc801ab0b256b2037c01b\/quebec-regular.ufo\/glyphs\/eight.glif":"\/fonts\/Unpacking\/051b386240bb598b22efc801ab0b256b2037c01b\/quebec-regular.ufo\/glyphs\/eight.glif","\/fonts\/Unpacking\/051b386240bb598b22efc801ab0b256b2037c01b\/quebec-regular.ufo\/glyphs\/ellipsis.glif":"\/fonts\/Unpacking\/051b386240bb598b22efc801ab0b256b2037c01b\/quebec-regular.ufo\/glyphs\/ellipsis.glif","\/fonts\/Unpacking\/051b386240bb598b22efc801ab0b256b2037c01b\/quebec-regular.ufo\/glyphs\/emdash.glif":"\/fonts\/Unpacking\/051b386240bb598b22efc801ab0b256b2037c01b\/quebec-regular.ufo\/glyphs\/emdash.glif","\/fonts\/Unpacking\/051b386240bb598b22efc801ab0b256b2037c01b\/quebec-regular.ufo\/glyphs\/endash.glif":"\/fonts\/Unpacking\/051b386240bb598b22efc801ab0b256b2037c01b\/quebec-regular.ufo\/glyphs\/endash.glif","\/fonts\/Unpacking\/051b386240bb598b22efc801ab0b256b2037c01b\/quebec-regular.ufo\/glyphs\/equal.glif":"\/fonts\/Unpacking\/051b386240bb598b22efc801ab0b256b2037c01b\/quebec-regular.ufo\/glyphs\/equal.glif","\/fonts\/Unpacking\/051b386240bb598b22efc801ab0b256b2037c01b\/quebec-regular.ufo\/glyphs\/exclam.glif":"\/fonts\/Unpacking\/051b386240bb598b22efc801ab0b256b2037c01b\/quebec-regular.ufo\/glyphs\/exclam.glif","\/fonts\/Unpacking\/051b386240bb598b22efc801ab0b256b2037c01b\/quebec-regular.ufo\/glyphs\/exclamdown.glif":"\/fonts\/Unpacking\/051b386240bb598b22efc801ab0b256b2037c01b\/quebec-regular.ufo\/glyphs\/exclamdown.glif","\/fonts\/Unpacking\/051b386240bb598b22efc801ab0b256b2037c01b\/quebec-regular.ufo\/glyphs\/f.glif":"\/fonts\/Unpacking\/051b386240bb598b22efc801ab0b256b2037c01b\/quebec-regular.ufo\/glyphs\/f.glif","\/fonts\/Unpacking\/051b386240bb598b22efc801ab0b256b2037c01b\/quebec-regular.ufo\/glyphs\/fi.glif":"\/fonts\/Unpacking\/051b386240bb598b22efc801ab0b256b2037c01b\/quebec-regular.ufo\/glyphs\/fi.glif","\/fonts\/Unpacking\/051b386240bb598b22efc801ab0b256b2037c01b\/quebec-regular.ufo\/glyphs\/five.glif":"\/fonts\/Unpacking\/051b386240bb598b22efc801ab0b256b2037c01b\/quebec-regular.ufo\/glyphs\/five.glif","\/fonts\/Unpacking\/051b386240bb598b22efc801ab0b256b2037c01b\/quebec-regular.ufo\/glyphs\/fl.glif":"\/fonts\/Unpacking\/051b386240bb598b22efc801ab0b256b2037c01b\/quebec-regular.ufo\/glyphs\/fl.glif","\/fonts\/Unpacking\/051b386240bb598b22efc801ab0b256b2037c01b\/quebec-regular.ufo\/glyphs\/florin.glif":"\/fonts\/Unpacking\/051b386240bb598b22efc801ab0b256b2037c01b\/quebec-regular.ufo\/glyphs\/florin.glif","\/fonts\/Unpacking\/051b386240bb598b22efc801ab0b256b2037c01b\/quebec-regular.ufo\/glyphs\/four.glif":"\/fonts\/Unpacking\/051b386240bb598b22efc801ab0b256b2037c01b\/quebec-regular.ufo\/glyphs\/four.glif","\/fonts\/Unpacking\/051b386240bb598b22efc801ab0b256b2037c01b\/quebec-regular.ufo\/glyphs\/fraction.glif":"\/fonts\/Unpacking\/051b386240bb598b22efc801ab0b256b2037c01b\/quebec-regular.ufo\/glyphs\/fraction.glif","\/fonts\/Unpacking\/051b386240bb598b22efc801ab0b256b2037c01b\/quebec-regular.ufo\/glyphs\/g.glif":"\/fonts\/Unpacking\/051b386240bb598b22efc801ab0b256b2037c01b\/quebec-regular.ufo\/glyphs\/g.glif","\/fonts\/Unpacking\/051b386240bb598b22efc801ab0b256b2037c01b\/quebec-regular.ufo\/glyphs\/germandbls.glif":"\/fonts\/Unpacking\/051b386240bb598b22efc801ab0b256b2037c01b\/quebec-regular.ufo\/glyphs\/germandbls.glif","\/fonts\/Unpacking\/051b386240bb598b22efc801ab0b256b2037c01b\/quebec-regular.ufo\/glyphs\/grave.glif":"\/fonts\/Unpacking\/051b386240bb598b22efc801ab0b256b2037c01b\/quebec-regular.ufo\/glyphs\/grave.glif","\/fonts\/Unpacking\/051b386240bb598b22efc801ab0b256b2037c01b\/quebec-regular.ufo\/glyphs\/greater.glif":"\/fonts\/Unpacking\/051b386240bb598b22efc801ab0b256b2037c01b\/quebec-regular.ufo\/glyphs\/greater.glif","\/fonts\/Unpacking\/051b386240bb598b22efc801ab0b256b2037c01b\/quebec-regular.ufo\/glyphs\/greaterequal.glif":"\/fonts\/Unpacking\/051b386240bb598b22efc801ab0b256b2037c01b\/quebec-regular.ufo\/glyphs\/greaterequal.glif","\/fonts\/Unpacking\/051b386240bb598b22efc801ab0b256b2037c01b\/quebec-regular.ufo\/glyphs\/guillemotleft.glif":"\/fonts\/Unpacking\/051b386240bb598b22efc801ab0b256b2037c01b\/quebec-regular.ufo\/glyphs\/guillemotleft.glif","\/fonts\/Unpacking\/051b386240bb598b22efc801ab0b256b2037c01b\/quebec-regular.ufo\/glyphs\/guillemotright.glif":"\/fonts\/Unpacking\/051b386240bb598b22efc801ab0b256b2037c01b\/quebec-regular.ufo\/glyphs\/guillemotright.glif","\/fonts\/Unpacking\/051b386240bb598b22efc801ab0b256b2037c01b\/quebec-regular.ufo\/glyphs\/guilsinglleft.glif":"\/fonts\/Unpacking\/051b386240bb598b22efc801ab0b256b2037c01b\/quebec-regular.ufo\/glyphs\/guilsinglleft.glif","\/fonts\/Unpacking\/051b386240bb598b22efc801ab0b256b2037c01b\/quebec-regular.ufo\/glyphs\/guilsinglright.glif":"\/fonts\/Unpacking\/051b386240bb598b22efc801ab0b256b2037c01b\/quebec-regular.ufo\/glyphs\/guilsinglright.glif","\/fonts\/Unpacking\/051b386240bb598b22efc801ab0b256b2037c01b\/quebec-regular.ufo\/glyphs\/h.glif":"\/fonts\/Unpacking\/051b386240bb598b22efc801ab0b256b2037c01b\/quebec-regular.ufo\/glyphs\/h.glif","\/fonts\/Unpacking\/051b386240bb598b22efc801ab0b256b2037c01b\/quebec-regular.ufo\/glyphs\/hungarumlaut.glif":"\/fonts\/Unpacking\/051b386240bb598b22efc801ab0b256b2037c01b\/quebec-regular.ufo\/glyphs\/hungarumlaut.glif","\/fonts\/Unpacking\/051b386240bb598b22efc801ab0b256b2037c01b\/quebec-regular.ufo\/glyphs\/hyphen.glif":"\/fonts\/Unpacking\/051b386240bb598b22efc801ab0b256b2037c01b\/quebec-regular.ufo\/glyphs\/hyphen.glif","\/fonts\/Unpacking\/051b386240bb598b22efc801ab0b256b2037c01b\/quebec-regular.ufo\/glyphs\/i.glif":"\/fonts\/Unpacking\/051b386240bb598b22efc801ab0b256b2037c01b\/quebec-regular.ufo\/glyphs\/i.glif","\/fonts\/Unpacking\/051b386240bb598b22efc801ab0b256b2037c01b\/quebec-regular.ufo\/glyphs\/iacute.glif":"\/fonts\/Unpacking\/051b386240bb598b22efc801ab0b256b2037c01b\/quebec-regular.ufo\/glyphs\/iacute.glif","\/fonts\/Unpacking\/051b386240bb598b22efc801ab0b256b2037c01b\/quebec-regular.ufo\/glyphs\/icircumflex.glif":"\/fonts\/Unpacking\/051b386240bb598b22efc801ab0b256b2037c01b\/quebec-regular.ufo\/glyphs\/icircumflex.glif","\/fonts\/Unpacking\/051b386240bb598b22efc801ab0b256b2037c01b\/quebec-regular.ufo\/glyphs\/idieresis.glif":"\/fonts\/Unpacking\/051b386240bb598b22efc801ab0b256b2037c01b\/quebec-regular.ufo\/glyphs\/idieresis.glif","\/fonts\/Unpacking\/051b386240bb598b22efc801ab0b256b2037c01b\/quebec-regular.ufo\/glyphs\/igrave.glif":"\/fonts\/Unpacking\/051b386240bb598b22efc801ab0b256b2037c01b\/quebec-regular.ufo\/glyphs\/igrave.glif","\/fonts\/Unpacking\/051b386240bb598b22efc801ab0b256b2037c01b\/quebec-regular.ufo\/glyphs\/infinity.glif":"\/fonts\/Unpacking\/051b386240bb598b22efc801ab0b256b2037c01b\/quebec-regular.ufo\/glyphs\/infinity.glif","\/fonts\/Unpacking\/051b386240bb598b22efc801ab0b256b2037c01b\/quebec-regular.ufo\/glyphs\/integral.glif":"\/fonts\/Unpacking\/051b386240bb598b22efc801ab0b256b2037c01b\/quebec-regular.ufo\/glyphs\/integral.glif","\/fonts\/Unpacking\/051b386240bb598b22efc801ab0b256b2037c01b\/quebec-regular.ufo\/glyphs\/j.glif":"\/fonts\/Unpacking\/051b386240bb598b22efc801ab0b256b2037c01b\/quebec-regular.ufo\/glyphs\/j.glif","\/fonts\/Unpacking\/051b386240bb598b22efc801ab0b256b2037c01b\/quebec-regular.ufo\/glyphs\/k.glif":"\/fonts\/Unpacking\/051b386240bb598b22efc801ab0b256b2037c01b\/quebec-regular.ufo\/glyphs\/k.glif","\/fonts\/Unpacking\/051b386240bb598b22efc801ab0b256b2037c01b\/quebec-regular.ufo\/glyphs\/l.glif":"\/fonts\/Unpacking\/051b386240bb598b22efc801ab0b256b2037c01b\/quebec-regular.ufo\/glyphs\/l.glif","\/fonts\/Unpacking\/051b386240bb598b22efc801ab0b256b2037c01b\/quebec-regular.ufo\/glyphs\/less.glif":"\/fonts\/Unpacking\/051b386240bb598b22efc801ab0b256b2037c01b\/quebec-regular.ufo\/glyphs\/less.glif","\/fonts\/Unpacking\/051b386240bb598b22efc801ab0b256b2037c01b\/quebec-regular.ufo\/glyphs\/lessequal.glif":"\/fonts\/Unpacking\/051b386240bb598b22efc801ab0b256b2037c01b\/quebec-regular.ufo\/glyphs\/lessequal.glif","\/fonts\/Unpacking\/051b386240bb598b22efc801ab0b256b2037c01b\/quebec-regular.ufo\/glyphs\/logicalnot.glif":"\/fonts\/Unpacking\/051b386240bb598b22efc801ab0b256b2037c01b\/quebec-regular.ufo\/glyphs\/logicalnot.glif","\/fonts\/Unpacking\/051b386240bb598b22efc801ab0b256b2037c01b\/quebec-regular.ufo\/glyphs\/lozenge.glif":"\/fonts\/Unpacking\/051b386240bb598b22efc801ab0b256b2037c01b\/quebec-regular.ufo\/glyphs\/lozenge.glif","\/fonts\/Unpacking\/051b386240bb598b22efc801ab0b256b2037c01b\/quebec-regular.ufo\/glyphs\/m.glif":"\/fonts\/Unpacking\/051b386240bb598b22efc801ab0b256b2037c01b\/quebec-regular.ufo\/glyphs\/m.glif","\/fonts\/Unpacking\/051b386240bb598b22efc801ab0b256b2037c01b\/quebec-regular.ufo\/glyphs\/macron.glif":"\/fonts\/Unpacking\/051b386240bb598b22efc801ab0b256b2037c01b\/quebec-regular.ufo\/glyphs\/macron.glif","\/fonts\/Unpacking\/051b386240bb598b22efc801ab0b256b2037c01b\/quebec-regular.ufo\/glyphs\/mu.glif":"\/fonts\/Unpacking\/051b386240bb598b22efc801ab0b256b2037c01b\/quebec-regular.ufo\/glyphs\/mu.glif","\/fonts\/Unpacking\/051b386240bb598b22efc801ab0b256b2037c01b\/quebec-regular.ufo\/glyphs\/n.glif":"\/fonts\/Unpacking\/051b386240bb598b22efc801ab0b256b2037c01b\/quebec-regular.ufo\/glyphs\/n.glif","\/fonts\/Unpacking\/051b386240bb598b22efc801ab0b256b2037c01b\/quebec-regular.ufo\/glyphs\/nbspace.glif":"\/fonts\/Unpacking\/051b386240bb598b22efc801ab0b256b2037c01b\/quebec-regular.ufo\/glyphs\/nbspace.glif","\/fonts\/Unpacking\/051b386240bb598b22efc801ab0b256b2037c01b\/quebec-regular.ufo\/glyphs\/nine.glif":"\/fonts\/Unpacking\/051b386240bb598b22efc801ab0b256b2037c01b\/quebec-regular.ufo\/glyphs\/nine.glif","\/fonts\/Unpacking\/051b386240bb598b22efc801ab0b256b2037c01b\/quebec-regular.ufo\/glyphs\/notequal.glif":"\/fonts\/Unpacking\/051b386240bb598b22efc801ab0b256b2037c01b\/quebec-regular.ufo\/glyphs\/notequal.glif","\/fonts\/Unpacking\/051b386240bb598b22efc801ab0b256b2037c01b\/quebec-regular.ufo\/glyphs\/ntilde.glif":"\/fonts\/Unpacking\/051b386240bb598b22efc801ab0b256b2037c01b\/quebec-regular.ufo\/glyphs\/ntilde.glif","\/fonts\/Unpacking\/051b386240bb598b22efc801ab0b256b2037c01b\/quebec-regular.ufo\/glyphs\/numbersign.glif":"\/fonts\/Unpacking\/051b386240bb598b22efc801ab0b256b2037c01b\/quebec-regular.ufo\/glyphs\/numbersign.glif","\/fonts\/Unpacking\/051b386240bb598b22efc801ab0b256b2037c01b\/quebec-regular.ufo\/glyphs\/o.glif":"\/fonts\/Unpacking\/051b386240bb598b22efc801ab0b256b2037c01b\/quebec-regular.ufo\/glyphs\/o.glif","\/fonts\/Unpacking\/051b386240bb598b22efc801ab0b256b2037c01b\/quebec-regular.ufo\/glyphs\/oacute.glif":"\/fonts\/Unpacking\/051b386240bb598b22efc801ab0b256b2037c01b\/quebec-regular.ufo\/glyphs\/oacute.glif","\/fonts\/Unpacking\/051b386240bb598b22efc801ab0b256b2037c01b\/quebec-regular.ufo\/glyphs\/ocircumflex.glif":"\/fonts\/Unpacking\/051b386240bb598b22efc801ab0b256b2037c01b\/quebec-regular.ufo\/glyphs\/ocircumflex.glif","\/fonts\/Unpacking\/051b386240bb598b22efc801ab0b256b2037c01b\/quebec-regular.ufo\/glyphs\/odieresis.glif":"\/fonts\/Unpacking\/051b386240bb598b22efc801ab0b256b2037c01b\/quebec-regular.ufo\/glyphs\/odieresis.glif","\/fonts\/Unpacking\/051b386240bb598b22efc801ab0b256b2037c01b\/quebec-regular.ufo\/glyphs\/oe.glif":"\/fonts\/Unpacking\/051b386240bb598b22efc801ab0b256b2037c01b\/quebec-regular.ufo\/glyphs\/oe.glif","\/fonts\/Unpacking\/051b386240bb598b22efc801ab0b256b2037c01b\/quebec-regular.ufo\/glyphs\/ogonek.glif":"\/fonts\/Unpacking\/051b386240bb598b22efc801ab0b256b2037c01b\/quebec-regular.ufo\/glyphs\/ogonek.glif","\/fonts\/Unpacking\/051b386240bb598b22efc801ab0b256b2037c01b\/quebec-regular.ufo\/glyphs\/ograve.glif":"\/fonts\/Unpacking\/051b386240bb598b22efc801ab0b256b2037c01b\/quebec-regular.ufo\/glyphs\/ograve.glif","\/fonts\/Unpacking\/051b386240bb598b22efc801ab0b256b2037c01b\/quebec-regular.ufo\/glyphs\/one.glif":"\/fonts\/Unpacking\/051b386240bb598b22efc801ab0b256b2037c01b\/quebec-regular.ufo\/glyphs\/one.glif","\/fonts\/Unpacking\/051b386240bb598b22efc801ab0b256b2037c01b\/quebec-regular.ufo\/glyphs\/ordfeminine.glif":"\/fonts\/Unpacking\/051b386240bb598b22efc801ab0b256b2037c01b\/quebec-regular.ufo\/glyphs\/ordfeminine.glif","\/fonts\/Unpacking\/051b386240bb598b22efc801ab0b256b2037c01b\/quebec-regular.ufo\/glyphs\/ordmasculine.glif":"\/fonts\/Unpacking\/051b386240bb598b22efc801ab0b256b2037c01b\/quebec-regular.ufo\/glyphs\/ordmasculine.glif","\/fonts\/Unpacking\/051b386240bb598b22efc801ab0b256b2037c01b\/quebec-regular.ufo\/glyphs\/oslash.glif":"\/fonts\/Unpacking\/051b386240bb598b22efc801ab0b256b2037c01b\/quebec-regular.ufo\/glyphs\/oslash.glif","\/fonts\/Unpacking\/051b386240bb598b22efc801ab0b256b2037c01b\/quebec-regular.ufo\/glyphs\/otilde.glif":"\/fonts\/Unpacking\/051b386240bb598b22efc801ab0b256b2037c01b\/quebec-regular.ufo\/glyphs\/otilde.glif","\/fonts\/Unpacking\/051b386240bb598b22efc801ab0b256b2037c01b\/quebec-regular.ufo\/glyphs\/p.glif":"\/fonts\/Unpacking\/051b386240bb598b22efc801ab0b256b2037c01b\/quebec-regular.ufo\/glyphs\/p.glif","\/fonts\/Unpacking\/051b386240bb598b22efc801ab0b256b2037c01b\/quebec-regular.ufo\/glyphs\/paragraph.glif":"\/fonts\/Unpacking\/051b386240bb598b22efc801ab0b256b2037c01b\/quebec-regular.ufo\/glyphs\/paragraph.glif","\/fonts\/Unpacking\/051b386240bb598b22efc801ab0b256b2037c01b\/quebec-regular.ufo\/glyphs\/parenleft.glif":"\/fonts\/Unpacking\/051b386240bb598b22efc801ab0b256b2037c01b\/quebec-regular.ufo\/glyphs\/parenleft.glif","\/fonts\/Unpacking\/051b386240bb598b22efc801ab0b256b2037c01b\/quebec-regular.ufo\/glyphs\/parenright.glif":"\/fonts\/Unpacking\/051b386240bb598b22efc801ab0b256b2037c01b\/quebec-regular.ufo\/glyphs\/parenright.glif","\/fonts\/Unpacking\/051b386240bb598b22efc801ab0b256b2037c01b\/quebec-regular.ufo\/glyphs\/partialdiff.glif":"\/fonts\/Unpacking\/051b386240bb598b22efc801ab0b256b2037c01b\/quebec-regular.ufo\/glyphs\/partialdiff.glif","\/fonts\/Unpacking\/051b386240bb598b22efc801ab0b256b2037c01b\/quebec-regular.ufo\/glyphs\/percent.glif":"\/fonts\/Unpacking\/051b386240bb598b22efc801ab0b256b2037c01b\/quebec-regular.ufo\/glyphs\/percent.glif","\/fonts\/Unpacking\/051b386240bb598b22efc801ab0b256b2037c01b\/quebec-regular.ufo\/glyphs\/period.glif":"\/fonts\/Unpacking\/051b386240bb598b22efc801ab0b256b2037c01b\/quebec-regular.ufo\/glyphs\/period.glif","\/fonts\/Unpacking\/051b386240bb598b22efc801ab0b256b2037c01b\/quebec-regular.ufo\/glyphs\/periodcentered.glif":"\/fonts\/Unpacking\/051b386240bb598b22efc801ab0b256b2037c01b\/quebec-regular.ufo\/glyphs\/periodcentered.glif","\/fonts\/Unpacking\/051b386240bb598b22efc801ab0b256b2037c01b\/quebec-regular.ufo\/glyphs\/perthousand.glif":"\/fonts\/Unpacking\/051b386240bb598b22efc801ab0b256b2037c01b\/quebec-regular.ufo\/glyphs\/perthousand.glif","\/fonts\/Unpacking\/051b386240bb598b22efc801ab0b256b2037c01b\/quebec-regular.ufo\/glyphs\/pi.glif":"\/fonts\/Unpacking\/051b386240bb598b22efc801ab0b256b2037c01b\/quebec-regular.ufo\/glyphs\/pi.glif","\/fonts\/Unpacking\/051b386240bb598b22efc801ab0b256b2037c01b\/quebec-regular.ufo\/glyphs\/plus.glif":"\/fonts\/Unpacking\/051b386240bb598b22efc801ab0b256b2037c01b\/quebec-regular.ufo\/glyphs\/plus.glif","\/fonts\/Unpacking\/051b386240bb598b22efc801ab0b256b2037c01b\/quebec-regular.ufo\/glyphs\/plusminus.glif":"\/fonts\/Unpacking\/051b386240bb598b22efc801ab0b256b2037c01b\/quebec-regular.ufo\/glyphs\/plusminus.glif","\/fonts\/Unpacking\/051b386240bb598b22efc801ab0b256b2037c01b\/quebec-regular.ufo\/glyphs\/product.glif":"\/fonts\/Unpacking\/051b386240bb598b22efc801ab0b256b2037c01b\/quebec-regular.ufo\/glyphs\/product.glif","\/fonts\/Unpacking\/051b386240bb598b22efc801ab0b256b2037c01b\/quebec-regular.ufo\/glyphs\/q.glif":"\/fonts\/Unpacking\/051b386240bb598b22efc801ab0b256b2037c01b\/quebec-regular.ufo\/glyphs\/q.glif","\/fonts\/Unpacking\/051b386240bb598b22efc801ab0b256b2037c01b\/quebec-regular.ufo\/glyphs\/question.glif":"\/fonts\/Unpacking\/051b386240bb598b22efc801ab0b256b2037c01b\/quebec-regular.ufo\/glyphs\/question.glif","\/fonts\/Unpacking\/051b386240bb598b22efc801ab0b256b2037c01b\/quebec-regular.ufo\/glyphs\/questiondown.glif":"\/fonts\/Unpacking\/051b386240bb598b22efc801ab0b256b2037c01b\/quebec-regular.ufo\/glyphs\/questiondown.glif","\/fonts\/Unpacking\/051b386240bb598b22efc801ab0b256b2037c01b\/quebec-regular.ufo\/glyphs\/quotedbl.glif":"\/fonts\/Unpacking\/051b386240bb598b22efc801ab0b256b2037c01b\/quebec-regular.ufo\/glyphs\/quotedbl.glif","\/fonts\/Unpacking\/051b386240bb598b22efc801ab0b256b2037c01b\/quebec-regular.ufo\/glyphs\/quotedblbase.glif":"\/fonts\/Unpacking\/051b386240bb598b22efc801ab0b256b2037c01b\/quebec-regular.ufo\/glyphs\/quotedblbase.glif","\/fonts\/Unpacking\/051b386240bb598b22efc801ab0b256b2037c01b\/quebec-regular.ufo\/glyphs\/quotedblleft.glif":"\/fonts\/Unpacking\/051b386240bb598b22efc801ab0b256b2037c01b\/quebec-regular.ufo\/glyphs\/quotedblleft.glif","\/fonts\/Unpacking\/051b386240bb598b22efc801ab0b256b2037c01b\/quebec-regular.ufo\/glyphs\/quotedblright.glif":"\/fonts\/Unpacking\/051b386240bb598b22efc801ab0b256b2037c01b\/quebec-regular.ufo\/glyphs\/quotedblright.glif","\/fonts\/Unpacking\/051b386240bb598b22efc801ab0b256b2037c01b\/quebec-regular.ufo\/glyphs\/quoteleft.glif":"\/fonts\/Unpacking\/051b386240bb598b22efc801ab0b256b2037c01b\/quebec-regular.ufo\/glyphs\/quoteleft.glif","\/fonts\/Unpacking\/051b386240bb598b22efc801ab0b256b2037c01b\/quebec-regular.ufo\/glyphs\/quoteright.glif":"\/fonts\/Unpacking\/051b386240bb598b22efc801ab0b256b2037c01b\/quebec-regular.ufo\/glyphs\/quoteright.glif","\/fonts\/Unpacking\/051b386240bb598b22efc801ab0b256b2037c01b\/quebec-regular.ufo\/glyphs\/quotesinglbase.glif":"\/fonts\/Unpacking\/051b386240bb598b22efc801ab0b256b2037c01b\/quebec-regular.ufo\/glyphs\/quotesinglbase.glif","\/fonts\/Unpacking\/051b386240bb598b22efc801ab0b256b2037c01b\/quebec-regular.ufo\/glyphs\/quotesingle.glif":"\/fonts\/Unpacking\/051b386240bb598b22efc801ab0b256b2037c01b\/quebec-regular.ufo\/glyphs\/quotesingle.glif","\/fonts\/Unpacking\/051b386240bb598b22efc801ab0b256b2037c01b\/quebec-regular.ufo\/glyphs\/r.glif":"\/fonts\/Unpacking\/051b386240bb598b22efc801ab0b256b2037c01b\/quebec-regular.ufo\/glyphs\/r.glif","\/fonts\/Unpacking\/051b386240bb598b22efc801ab0b256b2037c01b\/quebec-regular.ufo\/glyphs\/radical.glif":"\/fonts\/Unpacking\/051b386240bb598b22efc801ab0b256b2037c01b\/quebec-regular.ufo\/glyphs\/radical.glif","\/fonts\/Unpacking\/051b386240bb598b22efc801ab0b256b2037c01b\/quebec-regular.ufo\/glyphs\/registered.glif":"\/fonts\/Unpacking\/051b386240bb598b22efc801ab0b256b2037c01b\/quebec-regular.ufo\/glyphs\/registered.glif","\/fonts\/Unpacking\/051b386240bb598b22efc801ab0b256b2037c01b\/quebec-regular.ufo\/glyphs\/ring.glif":"\/fonts\/Unpacking\/051b386240bb598b22efc801ab0b256b2037c01b\/quebec-regular.ufo\/glyphs\/ring.glif","\/fonts\/Unpacking\/051b386240bb598b22efc801ab0b256b2037c01b\/quebec-regular.ufo\/glyphs\/s.glif":"\/fonts\/Unpacking\/051b386240bb598b22efc801ab0b256b2037c01b\/quebec-regular.ufo\/glyphs\/s.glif","\/fonts\/Unpacking\/051b386240bb598b22efc801ab0b256b2037c01b\/quebec-regular.ufo\/glyphs\/scaron.glif":"\/fonts\/Unpacking\/051b386240bb598b22efc801ab0b256b2037c01b\/quebec-regular.ufo\/glyphs\/scaron.glif","\/fonts\/Unpacking\/051b386240bb598b22efc801ab0b256b2037c01b\/quebec-regular.ufo\/glyphs\/section.glif":"\/fonts\/Unpacking\/051b386240bb598b22efc801ab0b256b2037c01b\/quebec-regular.ufo\/glyphs\/section.glif","\/fonts\/Unpacking\/051b386240bb598b22efc801ab0b256b2037c01b\/quebec-regular.ufo\/glyphs\/semicolon.glif":"\/fonts\/Unpacking\/051b386240bb598b22efc801ab0b256b2037c01b\/quebec-regular.ufo\/glyphs\/semicolon.glif","\/fonts\/Unpacking\/051b386240bb598b22efc801ab0b256b2037c01b\/quebec-regular.ufo\/glyphs\/seven.glif":"\/fonts\/Unpacking\/051b386240bb598b22efc801ab0b256b2037c01b\/quebec-regular.ufo\/glyphs\/seven.glif","\/fonts\/Unpacking\/051b386240bb598b22efc801ab0b256b2037c01b\/quebec-regular.ufo\/glyphs\/six.glif":"\/fonts\/Unpacking\/051b386240bb598b22efc801ab0b256b2037c01b\/quebec-regular.ufo\/glyphs\/six.glif","\/fonts\/Unpacking\/051b386240bb598b22efc801ab0b256b2037c01b\/quebec-regular.ufo\/glyphs\/slash.glif":"\/fonts\/Unpacking\/051b386240bb598b22efc801ab0b256b2037c01b\/quebec-regular.ufo\/glyphs\/slash.glif","\/fonts\/Unpacking\/051b386240bb598b22efc801ab0b256b2037c01b\/quebec-regular.ufo\/glyphs\/space.glif":"\/fonts\/Unpacking\/051b386240bb598b22efc801ab0b256b2037c01b\/quebec-regular.ufo\/glyphs\/space.glif","\/fonts\/Unpacking\/051b386240bb598b22efc801ab0b256b2037c01b\/quebec-regular.ufo\/glyphs\/sterling.glif":"\/fonts\/Unpacking\/051b386240bb598b22efc801ab0b256b2037c01b\/quebec-regular.ufo\/glyphs\/sterling.glif","\/fonts\/Unpacking\/051b386240bb598b22efc801ab0b256b2037c01b\/quebec-regular.ufo\/glyphs\/summation.glif":"\/fonts\/Unpacking\/051b386240bb598b22efc801ab0b256b2037c01b\/quebec-regular.ufo\/glyphs\/summation.glif","\/fonts\/Unpacking\/051b386240bb598b22efc801ab0b256b2037c01b\/quebec-regular.ufo\/glyphs\/t.glif":"\/fonts\/Unpacking\/051b386240bb598b22efc801ab0b256b2037c01b\/quebec-regular.ufo\/glyphs\/t.glif","\/fonts\/Unpacking\/051b386240bb598b22efc801ab0b256b2037c01b\/quebec-regular.ufo\/glyphs\/three.glif":"\/fonts\/Unpacking\/051b386240bb598b22efc801ab0b256b2037c01b\/quebec-regular.ufo\/glyphs\/three.glif","\/fonts\/Unpacking\/051b386240bb598b22efc801ab0b256b2037c01b\/quebec-regular.ufo\/glyphs\/tilde.glif":"\/fonts\/Unpacking\/051b386240bb598b22efc801ab0b256b2037c01b\/quebec-regular.ufo\/glyphs\/tilde.glif","\/fonts\/Unpacking\/051b386240bb598b22efc801ab0b256b2037c01b\/quebec-regular.ufo\/glyphs\/trademark.glif":"\/fonts\/Unpacking\/051b386240bb598b22efc801ab0b256b2037c01b\/quebec-regular.ufo\/glyphs\/trademark.glif","\/fonts\/Unpacking\/051b386240bb598b22efc801ab0b256b2037c01b\/quebec-regular.ufo\/glyphs\/two.glif":"\/fonts\/Unpacking\/051b386240bb598b22efc801ab0b256b2037c01b\/quebec-regular.ufo\/glyphs\/two.glif","\/fonts\/Unpacking\/051b386240bb598b22efc801ab0b256b2037c01b\/quebec-regular.ufo\/glyphs\/u.glif":"\/fonts\/Unpacking\/051b386240bb598b22efc801ab0b256b2037c01b\/quebec-regular.ufo\/glyphs\/u.glif","\/fonts\/Unpacking\/051b386240bb598b22efc801ab0b256b2037c01b\/quebec-regular.ufo\/glyphs\/uacute.glif":"\/fonts\/Unpacking\/051b386240bb598b22efc801ab0b256b2037c01b\/quebec-regular.ufo\/glyphs\/uacute.glif","\/fonts\/Unpacking\/051b386240bb598b22efc801ab0b256b2037c01b\/quebec-regular.ufo\/glyphs\/ucircumflex.glif":"\/fonts\/Unpacking\/051b386240bb598b22efc801ab0b256b2037c01b\/quebec-regular.ufo\/glyphs\/ucircumflex.glif","\/fonts\/Unpacking\/051b386240bb598b22efc801ab0b256b2037c01b\/quebec-regular.ufo\/glyphs\/udieresis.glif":"\/fonts\/Unpacking\/051b386240bb598b22efc801ab0b256b2037c01b\/quebec-regular.ufo\/glyphs\/udieresis.glif","\/fonts\/Unpacking\/051b386240bb598b22efc801ab0b256b2037c01b\/quebec-regular.ufo\/glyphs\/ugrave.glif":"\/fonts\/Unpacking\/051b386240bb598b22efc801ab0b256b2037c01b\/quebec-regular.ufo\/glyphs\/ugrave.glif","\/fonts\/Unpacking\/051b386240bb598b22efc801ab0b256b2037c01b\/quebec-regular.ufo\/glyphs\/underscore.glif":"\/fonts\/Unpacking\/051b386240bb598b22efc801ab0b256b2037c01b\/quebec-regular.ufo\/glyphs\/underscore.glif","\/fonts\/Unpacking\/051b386240bb598b22efc801ab0b256b2037c01b\/quebec-regular.ufo\/glyphs\/v.glif":"\/fonts\/Unpacking\/051b386240bb598b22efc801ab0b256b2037c01b\/quebec-regular.ufo\/glyphs\/v.glif","\/fonts\/Unpacking\/051b386240bb598b22efc801ab0b256b2037c01b\/quebec-regular.ufo\/glyphs\/w.glif":"\/fonts\/Unpacking\/051b386240bb598b22efc801ab0b256b2037c01b\/quebec-regular.ufo\/glyphs\/w.glif","\/fonts\/Unpacking\/051b386240bb598b22efc801ab0b256b2037c01b\/quebec-regular.ufo\/glyphs\/x.glif":"\/fonts\/Unpacking\/051b386240bb598b22efc801ab0b256b2037c01b\/quebec-regular.ufo\/glyphs\/x.glif","\/fonts\/Unpacking\/051b386240bb598b22efc801ab0b256b2037c01b\/quebec-regular.ufo\/glyphs\/y.glif":"\/fonts\/Unpacking\/051b386240bb598b22efc801ab0b256b2037c01b\/quebec-regular.ufo\/glyphs\/y.glif","\/fonts\/Unpacking\/051b386240bb598b22efc801ab0b256b2037c01b\/quebec-regular.ufo\/glyphs\/ydieresis.glif":"\/fonts\/Unpacking\/051b386240bb598b22efc801ab0b256b2037c01b\/quebec-regular.ufo\/glyphs\/ydieresis.glif","\/fonts\/Unpacking\/051b386240bb598b22efc801ab0b256b2037c01b\/quebec-regular.ufo\/glyphs\/yen.glif":"\/fonts\/Unpacking\/051b386240bb598b22efc801ab0b256b2037c01b\/quebec-regular.ufo\/glyphs\/yen.glif","\/fonts\/Unpacking\/051b386240bb598b22efc801ab0b256b2037c01b\/quebec-regular.ufo\/glyphs\/z.glif":"\/fonts\/Unpacking\/051b386240bb598b22efc801ab0b256b2037c01b\/quebec-regular.ufo\/glyphs\/z.glif","\/fonts\/Unpacking\/051b386240bb598b22efc801ab0b256b2037c01b\/quebec-regular.ufo\/glyphs\/zcaron.glif":"\/fonts\/Unpacking\/051b386240bb598b22efc801ab0b256b2037c01b\/quebec-regular.ufo\/glyphs\/zcaron.glif","\/fonts\/Unpacking\/051b386240bb598b22efc801ab0b256b2037c01b\/quebec-regular.ufo\/glyphs\/zero.glif":"\/fonts\/Unpacking\/051b386240bb598b22efc801ab0b256b2037c01b\/quebec-regular.ufo\/glyphs\/zero.glif"},"Font":null,"Licences":{"":false},"Table":{"FFTM":{"entryLength":16,"tag":"FFTM","checksum":1955342416,"offset":22060,"length":28},"GDEF":{"entryLength":16,"tag":"GDEF","checksum":17956870,"offset":22028,"length":32},"OS\/2":{"entryLength":16,"tag":"OS\/2","checksum":2011642820,"offset":344,"length":86},"cmap":{"entryLength":16,"tag":"cmap","checksum":705218375,"offset":1348,"length":718},"gasp":{"entryLength":16,"tag":"gasp","checksum":4294901763,"offset":22020,"length":8},"glyf":{"entryLength":16,"tag":"glyf","checksum":2151575214,"offset":2528,"length":18464},"head":{"entryLength":16,"tag":"head","checksum":184570974,"offset":220,"length":54},"hhea":{"entryLength":16,"tag":"hhea","checksum":128516946,"offset":276,"length":36},"hmtx":{"entryLength":16,"tag":"hmtx","checksum":3141606297,"offset":432,"length":916},"loca":{"entryLength":16,"tag":"loca","checksum":2527570236,"offset":2068,"length":460},"maxp":{"entryLength":16,"tag":"maxp","checksum":19791965,"offset":312,"length":32},"name":{"entryLength":16,"tag":"name","checksum":1614748359,"offset":20992,"length":525},"post":{"entryLength":16,"tag":"post","checksum":2880764258,"offset":21520,"length":500}},"UnicodeCharMap":{"32":3,"33":4,"34":5,"35":6,"36":7,"37":8,"38":9,"39":10,"40":11,"41":12,"42":13,"43":14,"44":15,"45":16,"46":17,"47":18,"48":19,"49":20,"50":21,"51":22,"52":23,"53":24,"54":25,"55":26,"56":27,"57":28,"58":29,"59":30,"60":31,"61":32,"62":33,"63":34,"64":35,"65":36,"66":37,"67":38,"68":39,"69":40,"70":41,"71":42,"72":43,"73":44,"74":45,"75":46,"76":47,"77":48,"78":49,"79":50,"80":51,"81":52,"82":53,"83":54,"84":55,"85":56,"86":57,"87":58,"88":59,"89":60,"90":61,"91":62,"92":63,"93":64,"94":65,"95":66,"96":67,"97":68,"98":69,"99":70,"100":71,"101":72,"102":73,"103":74,"104":75,"105":76,"106":77,"107":78,"108":79,"109":80,"110":81,"111":82,"112":83,"113":84,"114":85,"115":86,"116":87,"117":88,"118":89,"119":90,"120":91,"121":92,"122":93,"123":94,"124":95,"125":96,"126":97,"160":98,"161":99,"162":100,"163":101,"164":102,"165":103,"167":104,"168":105,"169":106,"170":107,"171":108,"172":109,"174":110,"175":111,"177":112,"180":113,"182":115,"183":116,"184":117,"186":118,"187":119,"191":120,"192":121,"193":122,"194":123,"195":124,"196":125,"197":126,"198":127,"199":128,"200":129,"201":130,"202":131,"203":132,"204":133,"205":134,"206":135,"207":136,"209":137,"210":138,"211":139,"212":140,"213":141,"214":142,"216":143,"217":144,"218":145,"219":146,"220":147,"223":148,"224":149,"225":150,"226":151,"227":152,"228":153,"229":154,"230":155,"231":156,"232":157,"233":158,"234":159,"235":160,"236":161,"237":162,"238":163,"239":164,"241":165,"242":166,"243":167,"244":168,"245":169,"246":170,"247":171,"248":172,"249":173,"250":174,"251":175,"252":176,"255":177,"305":206,"338":205,"339":207,"352":208,"353":209,"376":227,"381":210,"382":211,"402":181,"710":196,"711":203,"728":198,"729":199,"730":200,"731":202,"732":197,"733":201,"916":225,"937":222,"956":114,"960":220,"8211":187,"8212":204,"8216":179,"8217":178,"8218":191,"8220":182,"8221":193,"8222":192,"8224":188,"8225":189,"8226":190,"8230":194,"8240":195,"8249":183,"8250":184,"8260":180,"8482":212,"8706":217,"8719":219,"8721":218,"8730":223,"8734":214,"8747":221,"8776":224,"8800":213,"8804":215,"8805":216,"9674":226,"64257":185,"64258":186},"Reserves":null,"Names":[],"Nodes":[],"Contributors":[],"FontIdentity":"1cb9c36121f26aa9a46bd7a45bfe45f1","Bytes":2182770,"Networking":null,"barcode":null,"referee":null}