{"CSS":{"Proforma Light SC":"Proforma+Light+SC.css"},"FontType":"TrueType","FontCopyright":"Copr.1994, Petr van Blokland, designer. Produced by The Font Bureau, Inc. ","FontName":"Proforma","FontSubfamily":"LightSC","FontSubfamilyID":"FontForge 2.0 : Proforma Light SC : 23-12-2016","FontFullName":"Proforma Light SC","FontVersion":"Version 001.001 ","FontWeight":null,"FontPostscriptName":"Proforma-LightSC","Files":{"proforma-lightsc.afm":"proforma-lightsc.afm","proforma-lightsc.bin":"proforma-lightsc.bin","proforma-lightsc.cef":"proforma-lightsc.cef","proforma-lightsc.cff":"proforma-lightsc.cff","proforma-lightsc.cid":"proforma-lightsc.cid","proforma-lightsc.dfont":"proforma-lightsc.dfont","proforma-lightsc.eot":"proforma-lightsc.eot","proforma-lightsc.fon":"proforma-lightsc.fon","proforma-lightsc.gai":"proforma-lightsc.gai","proforma-lightsc.gsf":"proforma-lightsc.gsf","proforma-lightsc.hqx":"proforma-lightsc.hqx","proforma-lightsc.ik":"proforma-lightsc.ik","proforma-lightsc.mf":"proforma-lightsc.mf","proforma-lightsc.otf":"proforma-lightsc.otf","proforma-lightsc.pcf":"proforma-lightsc.pcf","proforma-lightsc.pf3":"proforma-lightsc.pf3","proforma-lightsc.pfa":"proforma-lightsc.pfa","proforma-lightsc.pfb":"proforma-lightsc.pfb","proforma-lightsc.php":"proforma-lightsc.php","proforma-lightsc.pmf":"proforma-lightsc.pmf","proforma-lightsc.pt3":"proforma-lightsc.pt3","proforma-lightsc.sfd":"proforma-lightsc.sfd","proforma-lightsc.svg":"proforma-lightsc.svg","proforma-lightsc.t42":"proforma-lightsc.t42","proforma-lightsc.ttd":"proforma-lightsc.ttd","proforma-lightsc.ttf":"proforma-lightsc.ttf","proforma-lightsc.ttg":"proforma-lightsc.ttg","proforma-lightsc.ufm":"proforma-lightsc.ufm","proforma-lightsc.woff":"proforma-lightsc.woff","proforma-lightsc.z":"proforma-lightsc.z","":{"proforma-lightsc.afm":"proforma-lightsc.afm","proforma-lightsc.bin":"proforma-lightsc.bin","proforma-lightsc.cef":"proforma-lightsc.cef","proforma-lightsc.cff":"proforma-lightsc.cff","proforma-lightsc.cid":"proforma-lightsc.cid","proforma-lightsc.dfont":"proforma-lightsc.dfont","proforma-lightsc.eot":"proforma-lightsc.eot","proforma-lightsc.fon":"proforma-lightsc.fon","proforma-lightsc.gai":"proforma-lightsc.gai","proforma-lightsc.gsf":"proforma-lightsc.gsf","proforma-lightsc.hqx":"proforma-lightsc.hqx","proforma-lightsc.ik":"proforma-lightsc.ik","proforma-lightsc.mf":"proforma-lightsc.mf","proforma-lightsc.otf":"proforma-lightsc.otf","proforma-lightsc.pcf":"proforma-lightsc.pcf","proforma-lightsc.pf3":"proforma-lightsc.pf3","proforma-lightsc.pfa":"proforma-lightsc.pfa","proforma-lightsc.pfb":"proforma-lightsc.pfb","proforma-lightsc.php":"proforma-lightsc.php","proforma-lightsc.pmf":"proforma-lightsc.pmf","proforma-lightsc.pt3":"proforma-lightsc.pt3","proforma-lightsc.sfd":"proforma-lightsc.sfd","proforma-lightsc.svg":"proforma-lightsc.svg","proforma-lightsc.t42":"proforma-lightsc.t42","proforma-lightsc.ttd":"proforma-lightsc.ttd","proforma-lightsc.ttf":"proforma-lightsc.ttf","proforma-lightsc.ttg":"proforma-lightsc.ttg","proforma-lightsc.ufm":"proforma-lightsc.ufm","proforma-lightsc.woff":"proforma-lightsc.woff","proforma-lightsc.z":"proforma-lightsc.z"},"\/proforma-lightsc.ufo":{"feature.fea":"feature.fea","fontinfo.plist":"fontinfo.plist","groups.plist":"groups.plist","kerning.plist":"kerning.plist","metainfo.plist":"metainfo.plist"},"\/proforma-lightsc.ufo\/glyphs":{"A_.glif":"A_.glif","A_E_.glif":"A_E_.glif","A_acute.glif":"A_acute.glif","A_circumflex.glif":"A_circumflex.glif","A_dieresis.glif":"A_dieresis.glif","A_grave.glif":"A_grave.glif","A_ring.glif":"A_ring.glif","A_tilde.glif":"A_tilde.glif","B_.glif":"B_.glif","C_.glif":"C_.glif","C_cedilla.glif":"C_cedilla.glif","D_.glif":"D_.glif","D_elta.glif":"D_elta.glif","E_.glif":"E_.glif","E_acute.glif":"E_acute.glif","E_circumflex.glif":"E_circumflex.glif","E_dieresis.glif":"E_dieresis.glif","E_grave.glif":"E_grave.glif","E_th.glif":"E_th.glif","F_.glif":"F_.glif","G_.glif":"G_.glif","H_.glif":"H_.glif","I_.glif":"I_.glif","I_acute.glif":"I_acute.glif","I_circumflex.glif":"I_circumflex.glif","I_dieresis.glif":"I_dieresis.glif","I_grave.glif":"I_grave.glif","J_.glif":"J_.glif","K_.glif":"K_.glif","L_.glif":"L_.glif","L_slash.glif":"L_slash.glif","M_.glif":"M_.glif","N_.glif":"N_.glif","N_U_L_.glif":"N_U_L_.glif","N_tilde.glif":"N_tilde.glif","O_.glif":"O_.glif","O_E_.glif":"O_E_.glif","O_acute.glif":"O_acute.glif","O_circumflex.glif":"O_circumflex.glif","O_dieresis.glif":"O_dieresis.glif","O_grave.glif":"O_grave.glif","O_mega.glif":"O_mega.glif","O_slash.glif":"O_slash.glif","O_tilde.glif":"O_tilde.glif","P_.glif":"P_.glif","Q_.glif":"Q_.glif","R_.glif":"R_.glif","S_.glif":"S_.glif","S_caron.glif":"S_caron.glif","T_.glif":"T_.glif","T_horn.glif":"T_horn.glif","U_.glif":"U_.glif","U_acute.glif":"U_acute.glif","U_circumflex.glif":"U_circumflex.glif","U_dieresis.glif":"U_dieresis.glif","U_grave.glif":"U_grave.glif","V_.glif":"V_.glif","W_.glif":"W_.glif","X_.glif":"X_.glif","Y_.glif":"Y_.glif","Y_acute.glif":"Y_acute.glif","Y_dieresis.glif":"Y_dieresis.glif","Z_.glif":"Z_.glif","Z_caron.glif":"Z_caron.glif","a.glif":"a.glif","aacute.glif":"aacute.glif","acircumflex.glif":"acircumflex.glif","acute.glif":"acute.glif","adieresis.glif":"adieresis.glif","ae.glif":"ae.glif","agrave.glif":"agrave.glif","ampersand.glif":"ampersand.glif","apple.glif":"apple.glif","approxequal.glif":"approxequal.glif","aring.glif":"aring.glif","asciicircum.glif":"asciicircum.glif","asciitilde.glif":"asciitilde.glif","asterisk.glif":"asterisk.glif","at.glif":"at.glif","atilde.glif":"atilde.glif","b.glif":"b.glif","backslash.glif":"backslash.glif","bar.glif":"bar.glif","braceleft.glif":"braceleft.glif","braceright.glif":"braceright.glif","bracketleft.glif":"bracketleft.glif","bracketright.glif":"bracketright.glif","breve.glif":"breve.glif","brokenbar.glif":"brokenbar.glif","bullet.glif":"bullet.glif","c.glif":"c.glif","caron.glif":"caron.glif","ccedilla.glif":"ccedilla.glif","cedilla.glif":"cedilla.glif","cent.glif":"cent.glif","circumflex.glif":"circumflex.glif","colon.glif":"colon.glif","comma.glif":"comma.glif","contents.plist":"contents.plist","copyright.glif":"copyright.glif","currency.glif":"currency.glif","d.glif":"d.glif","dagger.glif":"dagger.glif","daggerdbl.glif":"daggerdbl.glif","degree.glif":"degree.glif","dieresis.glif":"dieresis.glif","divide.glif":"divide.glif","dollar.glif":"dollar.glif","dotaccent.glif":"dotaccent.glif","dotlessi.glif":"dotlessi.glif","e.glif":"e.glif","eacute.glif":"eacute.glif","ecircumflex.glif":"ecircumflex.glif","edieresis.glif":"edieresis.glif","egrave.glif":"egrave.glif","eight.glif":"eight.glif","ellipsis.glif":"ellipsis.glif","emdash.glif":"emdash.glif","endash.glif":"endash.glif","equal.glif":"equal.glif","eth.glif":"eth.glif","exclam.glif":"exclam.glif","exclamdown.glif":"exclamdown.glif","f.glif":"f.glif","fi.glif":"fi.glif","five.glif":"five.glif","fl.glif":"fl.glif","florin.glif":"florin.glif","four.glif":"four.glif","fraction.glif":"fraction.glif","g.glif":"g.glif","germandbls.glif":"germandbls.glif","grave.glif":"grave.glif","greater.glif":"greater.glif","greaterequal.glif":"greaterequal.glif","guillemotleft.glif":"guillemotleft.glif","guillemotright.glif":"guillemotright.glif","guilsinglleft.glif":"guilsinglleft.glif","guilsinglright.glif":"guilsinglright.glif","h.glif":"h.glif","hungarumlaut.glif":"hungarumlaut.glif","hyphen.glif":"hyphen.glif","i.glif":"i.glif","iacute.glif":"iacute.glif","icircumflex.glif":"icircumflex.glif","idieresis.glif":"idieresis.glif","igrave.glif":"igrave.glif","infinity.glif":"infinity.glif","integral.glif":"integral.glif","j.glif":"j.glif","k.glif":"k.glif","l.glif":"l.glif","less.glif":"less.glif","lessequal.glif":"lessequal.glif","logicalnot.glif":"logicalnot.glif","lozenge.glif":"lozenge.glif","lslash.glif":"lslash.glif","m.glif":"m.glif","macron.glif":"macron.glif","minus.glif":"minus.glif","mu.glif":"mu.glif","multiply.glif":"multiply.glif","n.glif":"n.glif","nbspace.glif":"nbspace.glif","nine.glif":"nine.glif","notequal.glif":"notequal.glif","ntilde.glif":"ntilde.glif","numbersign.glif":"numbersign.glif","o.glif":"o.glif","oacute.glif":"oacute.glif","ocircumflex.glif":"ocircumflex.glif","odieresis.glif":"odieresis.glif","oe.glif":"oe.glif","ogonek.glif":"ogonek.glif","ograve.glif":"ograve.glif","one.glif":"one.glif","onehalf.glif":"onehalf.glif","onequarter.glif":"onequarter.glif","onesuperior.glif":"onesuperior.glif","ordfeminine.glif":"ordfeminine.glif","ordmasculine.glif":"ordmasculine.glif","oslash.glif":"oslash.glif","otilde.glif":"otilde.glif","p.glif":"p.glif","paragraph.glif":"paragraph.glif","parenleft.glif":"parenleft.glif","parenright.glif":"parenright.glif","partialdiff.glif":"partialdiff.glif","percent.glif":"percent.glif","period.glif":"period.glif","periodcentered.glif":"periodcentered.glif","perthousand.glif":"perthousand.glif","pi.glif":"pi.glif","plus.glif":"plus.glif","plusminus.glif":"plusminus.glif","product.glif":"product.glif","q.glif":"q.glif","question.glif":"question.glif","questiondown.glif":"questiondown.glif","quotedbl.glif":"quotedbl.glif","quotedblbase.glif":"quotedblbase.glif","quotedblleft.glif":"quotedblleft.glif","quotedblright.glif":"quotedblright.glif","quoteleft.glif":"quoteleft.glif","quoteright.glif":"quoteright.glif","quotesinglbase.glif":"quotesinglbase.glif","quotesingle.glif":"quotesingle.glif","r.glif":"r.glif","radical.glif":"radical.glif","registered.glif":"registered.glif","ring.glif":"ring.glif","s.glif":"s.glif","scaron.glif":"scaron.glif","section.glif":"section.glif","semicolon.glif":"semicolon.glif","seven.glif":"seven.glif","six.glif":"six.glif","slash.glif":"slash.glif","space.glif":"space.glif","sterling.glif":"sterling.glif","summation.glif":"summation.glif","t.glif":"t.glif","thorn.glif":"thorn.glif","three.glif":"three.glif","threequarters.glif":"threequarters.glif","threesuperior.glif":"threesuperior.glif","tilde.glif":"tilde.glif","trademark.glif":"trademark.glif","two.glif":"two.glif","twosuperior.glif":"twosuperior.glif","u.glif":"u.glif","uacute.glif":"uacute.glif","ucircumflex.glif":"ucircumflex.glif","udieresis.glif":"udieresis.glif","ugrave.glif":"ugrave.glif","underscore.glif":"underscore.glif","v.glif":"v.glif","w.glif":"w.glif","x.glif":"x.glif","y.glif":"y.glif","yacute.glif":"yacute.glif","ydieresis.glif":"ydieresis.glif","yen.glif":"yen.glif","z.glif":"z.glif","zcaron.glif":"zcaron.glif","zero.glif":"zero.glif"}},"Font":{"uploaded":1482427252.7469,"licence":"gpl3","company":"Chronolabs Cooperative","title":"Proforma Light SC","version":2.001,"date":"Fri Nov 25 22:21:41 2016","creator":"root","type":"1","matrix":"0.001 0 0 0.001 0 0","named":"Proforma-LightSC","painttype":"0","info":"10 dict dup","name":"Proforma Light SC","family":"Proforma","weight":"Regular","fstype":"260","italicangle":"0","underlineposition":"","underlinethickness":""},"Table":{"FFTM":{"entryLength":16,"tag":"FFTM","checksum":1962492252,"offset":28884,"length":28},"GDEF":{"entryLength":16,"tag":"GDEF","checksum":19202054,"offset":28852,"length":32},"OS\/2":{"entryLength":16,"tag":"OS\/2","checksum":1990342695,"offset":344,"length":86},"cmap":{"entryLength":16,"tag":"cmap","checksum":3388863637,"offset":1412,"length":674},"gasp":{"entryLength":16,"tag":"gasp","checksum":4294901763,"offset":28844,"length":8},"glyf":{"entryLength":16,"tag":"glyf","checksum":3531664937,"offset":2588,"length":24964},"head":{"entryLength":16,"tag":"head","checksum":205175738,"offset":220,"length":54},"hhea":{"entryLength":16,"tag":"hhea","checksum":135988306,"offset":276,"length":36},"hmtx":{"entryLength":16,"tag":"hmtx","checksum":3599964607,"offset":432,"length":978},"loca":{"entryLength":16,"tag":"loca","checksum":1682918290,"offset":2088,"length":498},"maxp":{"entryLength":16,"tag":"maxp","checksum":21430542,"offset":312,"length":32},"name":{"entryLength":16,"tag":"name","checksum":2101612703,"offset":27552,"length":747},"post":{"entryLength":16,"tag":"post","checksum":1468839691,"offset":28300,"length":542}},"UnicodeCharMap":{"32":3,"33":4,"34":5,"35":6,"36":7,"37":8,"38":9,"39":10,"40":11,"41":12,"42":13,"43":14,"44":15,"45":16,"46":17,"47":18,"48":19,"49":20,"50":21,"51":22,"52":23,"53":24,"54":25,"55":26,"56":27,"57":28,"58":29,"59":30,"60":31,"61":32,"62":33,"63":34,"64":35,"65":36,"66":37,"67":38,"68":39,"69":40,"70":41,"71":42,"72":43,"73":44,"74":45,"75":46,"76":47,"77":48,"78":49,"79":50,"80":51,"81":52,"82":53,"83":54,"84":55,"85":56,"86":57,"87":58,"88":59,"89":60,"90":61,"91":62,"92":63,"93":64,"94":65,"95":66,"96":67,"97":68,"98":69,"99":70,"100":71,"101":72,"102":73,"103":74,"104":75,"105":76,"106":77,"107":78,"108":79,"109":80,"110":81,"111":82,"112":83,"113":84,"114":85,"115":86,"116":87,"117":88,"118":89,"119":90,"120":91,"121":92,"122":93,"123":94,"124":95,"125":96,"126":97,"160":218,"161":98,"162":99,"163":100,"164":101,"165":102,"166":103,"167":104,"168":105,"169":106,"170":107,"171":108,"172":109,"174":110,"175":111,"176":112,"177":113,"178":114,"179":115,"180":116,"182":118,"183":119,"184":120,"185":121,"186":122,"187":123,"188":124,"189":125,"190":126,"191":127,"192":128,"193":129,"194":130,"195":131,"196":132,"197":133,"198":134,"199":135,"200":136,"201":137,"202":138,"203":139,"204":140,"205":141,"206":142,"207":143,"208":144,"209":145,"210":146,"211":147,"212":148,"213":149,"214":150,"215":151,"216":152,"217":153,"218":154,"219":155,"220":156,"221":157,"222":158,"223":159,"224":160,"225":161,"226":162,"227":163,"228":164,"229":165,"230":166,"231":167,"232":168,"233":169,"234":170,"235":171,"236":172,"237":173,"238":174,"239":175,"240":176,"241":177,"242":178,"243":179,"244":180,"245":181,"246":182,"247":183,"248":184,"249":185,"250":186,"251":187,"252":188,"253":189,"254":190,"255":191,"305":239,"321":193,"322":194,"338":219,"339":220,"352":195,"353":196,"376":228,"381":197,"382":198,"402":214,"710":240,"711":247,"728":242,"729":243,"730":244,"731":246,"732":241,"733":245,"916":216,"937":212,"956":117,"960":210,"8211":221,"8212":222,"8216":225,"8217":226,"8218":235,"8220":223,"8221":224,"8222":236,"8224":200,"8225":234,"8226":201,"8230":217,"8240":237,"8249":230,"8250":231,"8260":229,"8482":202,"8706":207,"8719":209,"8721":208,"8722":199,"8730":213,"8734":204,"8747":211,"8776":215,"8800":203,"8804":205,"8805":206,"9674":227,"64257":232,"64258":233},"Reserves":null,"Names":[],"Nodes":{"pr":{"type":"typal","node":"pr","usage":1,"weight":1},"ma":{"type":"typal","node":"ma","usage":1,"weight":1},"pro":{"type":"typal","node":"pro","usage":1,"weight":1},"rma":{"type":"typal","node":"rma","usage":1,"weight":1},"prof":{"type":"keys","node":"prof","usage":1,"weight":1},"orma":{"type":"keys","node":"orma","usage":1,"weight":1},"profo":{"type":"keys","node":"profo","usage":1,"weight":1},"forma":{"type":"keys","node":"forma","usage":1,"weight":1},"proforma":{"type":"fixes","node":"proforma","usage":1,"weight":1}},"Contributors":[],"FontIdentity":"408e6c6a31434a867bb1c5ba8afeb36b","Bytes":2508119,"Networking":[],"barcode":"8kaqa83eoagkq","referee":"Yo6cYMc"}