{"CSS":{"Elementa Symbol Regular":"Elementa+Symbol+Regular.css"},"FontType":"TrueType","FontCopyright":"< info@fontfont.de > Copyright Mindaugas Strockis, 1998. Published by FontShop International.  FontFont Release 23","FontName":"Elementa Symbol","FontSubfamily":"Regular","FontSubfamilyID":"FontForge 2.0 : Elementa Symbol Regular : 14-8-2016","FontFullName":"Elementa Symbol Regular","FontVersion":"Version 001.000 ","FontWeight":null,"FontPostscriptName":"ElementaSymbol-Regular","Files":{"elementasymbol-regular.afm":"elementasymbol-regular.afm","elementasymbol-regular.bin":"elementasymbol-regular.bin","elementasymbol-regular.cef":"elementasymbol-regular.cef","elementasymbol-regular.cff":"elementasymbol-regular.cff","elementasymbol-regular.cid":"elementasymbol-regular.cid","elementasymbol-regular.dfont":"elementasymbol-regular.dfont","elementasymbol-regular.eot":"elementasymbol-regular.eot","elementasymbol-regular.fon":"elementasymbol-regular.fon","elementasymbol-regular.gai":"elementasymbol-regular.gai","elementasymbol-regular.gsf":"elementasymbol-regular.gsf","elementasymbol-regular.hqx":"elementasymbol-regular.hqx","elementasymbol-regular.ik":"elementasymbol-regular.ik","elementasymbol-regular.mf":"elementasymbol-regular.mf","elementasymbol-regular.otf":"elementasymbol-regular.otf","elementasymbol-regular.pcf":"elementasymbol-regular.pcf","elementasymbol-regular.pf3":"elementasymbol-regular.pf3","elementasymbol-regular.pfa":"elementasymbol-regular.pfa","elementasymbol-regular.pfb":"elementasymbol-regular.pfb","elementasymbol-regular.php":"elementasymbol-regular.php","elementasymbol-regular.pmf":"elementasymbol-regular.pmf","elementasymbol-regular.pt3":"elementasymbol-regular.pt3","elementasymbol-regular.sfd":"elementasymbol-regular.sfd","elementasymbol-regular.svg":"elementasymbol-regular.svg","elementasymbol-regular.t42":"elementasymbol-regular.t42","elementasymbol-regular.ttd":"elementasymbol-regular.ttd","elementasymbol-regular.ttf":"elementasymbol-regular.ttf","elementasymbol-regular.ttg":"elementasymbol-regular.ttg","elementasymbol-regular.ufm":"elementasymbol-regular.ufm","elementasymbol-regular.woff":"elementasymbol-regular.woff","elementasymbol-regular.z":"elementasymbol-regular.z","":{"elementasymbol-regular.afm":"elementasymbol-regular.afm","elementasymbol-regular.bin":"elementasymbol-regular.bin","elementasymbol-regular.cef":"elementasymbol-regular.cef","elementasymbol-regular.cff":"elementasymbol-regular.cff","elementasymbol-regular.cid":"elementasymbol-regular.cid","elementasymbol-regular.dfont":"elementasymbol-regular.dfont","elementasymbol-regular.eot":"elementasymbol-regular.eot","elementasymbol-regular.fon":"elementasymbol-regular.fon","elementasymbol-regular.gai":"elementasymbol-regular.gai","elementasymbol-regular.gsf":"elementasymbol-regular.gsf","elementasymbol-regular.hqx":"elementasymbol-regular.hqx","elementasymbol-regular.ik":"elementasymbol-regular.ik","elementasymbol-regular.mf":"elementasymbol-regular.mf","elementasymbol-regular.otf":"elementasymbol-regular.otf","elementasymbol-regular.pcf":"elementasymbol-regular.pcf","elementasymbol-regular.pf3":"elementasymbol-regular.pf3","elementasymbol-regular.pfa":"elementasymbol-regular.pfa","elementasymbol-regular.pfb":"elementasymbol-regular.pfb","elementasymbol-regular.php":"elementasymbol-regular.php","elementasymbol-regular.pmf":"elementasymbol-regular.pmf","elementasymbol-regular.pt3":"elementasymbol-regular.pt3","elementasymbol-regular.sfd":"elementasymbol-regular.sfd","elementasymbol-regular.svg":"elementasymbol-regular.svg","elementasymbol-regular.t42":"elementasymbol-regular.t42","elementasymbol-regular.ttd":"elementasymbol-regular.ttd","elementasymbol-regular.ttf":"elementasymbol-regular.ttf","elementasymbol-regular.ttg":"elementasymbol-regular.ttg","elementasymbol-regular.ufm":"elementasymbol-regular.ufm","elementasymbol-regular.woff":"elementasymbol-regular.woff","elementasymbol-regular.z":"elementasymbol-regular.z"},"\/elementasymbol-regular.ufo":{"feature.fea":"feature.fea","fontinfo.plist":"fontinfo.plist","groups.plist":"groups.plist","kerning.plist":"kerning.plist","metainfo.plist":"metainfo.plist"},"\/elementasymbol-regular.ufo\/glyphs":{"A_.glif":"A_.glif","A_E_.glif":"A_E_.glif","A_acute.glif":"A_acute.glif","A_circumflex.glif":"A_circumflex.glif","A_dieresis.glif":"A_dieresis.glif","A_grave.glif":"A_grave.glif","A_ring.glif":"A_ring.glif","A_tilde.glif":"A_tilde.glif","B_.glif":"B_.glif","C_.glif":"C_.glif","C_cedilla.glif":"C_cedilla.glif","D_.glif":"D_.glif","E_.glif":"E_.glif","E_acute.glif":"E_acute.glif","E_circumflex.glif":"E_circumflex.glif","E_dieresis.glif":"E_dieresis.glif","E_grave.glif":"E_grave.glif","E_th.glif":"E_th.glif","F_.glif":"F_.glif","G_.glif":"G_.glif","H_.glif":"H_.glif","I_.glif":"I_.glif","I_acute.glif":"I_acute.glif","I_circumflex.glif":"I_circumflex.glif","I_dieresis.glif":"I_dieresis.glif","I_grave.glif":"I_grave.glif","J_.glif":"J_.glif","K_.glif":"K_.glif","L_.glif":"L_.glif","L_slash.glif":"L_slash.glif","M_.glif":"M_.glif","N_.glif":"N_.glif","N_tilde.glif":"N_tilde.glif","O_.glif":"O_.glif","O_E_.glif":"O_E_.glif","O_acute.glif":"O_acute.glif","O_circumflex.glif":"O_circumflex.glif","O_dieresis.glif":"O_dieresis.glif","O_grave.glif":"O_grave.glif","O_slash.glif":"O_slash.glif","O_tilde.glif":"O_tilde.glif","P_.glif":"P_.glif","Q_.glif":"Q_.glif","R_.glif":"R_.glif","S_.glif":"S_.glif","S_caron.glif":"S_caron.glif","T_.glif":"T_.glif","T_horn.glif":"T_horn.glif","U_.glif":"U_.glif","U_acute.glif":"U_acute.glif","U_circumflex.glif":"U_circumflex.glif","U_dieresis.glif":"U_dieresis.glif","U_grave.glif":"U_grave.glif","V_.glif":"V_.glif","W_.glif":"W_.glif","X_.glif":"X_.glif","Y_.glif":"Y_.glif","Y_acute.glif":"Y_acute.glif","Y_dieresis.glif":"Y_dieresis.glif","Z_.glif":"Z_.glif","Z_caron.glif":"Z_caron.glif","a.glif":"a.glif","aacute.glif":"aacute.glif","acircumflex.glif":"acircumflex.glif","acute.glif":"acute.glif","adieresis.glif":"adieresis.glif","ae.glif":"ae.glif","agrave.glif":"agrave.glif","ampersand.glif":"ampersand.glif","aring.glif":"aring.glif","asciicircum.glif":"asciicircum.glif","asciitilde.glif":"asciitilde.glif","asterisk.glif":"asterisk.glif","at.glif":"at.glif","atilde.glif":"atilde.glif","b.glif":"b.glif","backslash.glif":"backslash.glif","bar.glif":"bar.glif","braceleft.glif":"braceleft.glif","braceright.glif":"braceright.glif","bracketleft.glif":"bracketleft.glif","bracketright.glif":"bracketright.glif","breve.glif":"breve.glif","brokenbar.glif":"brokenbar.glif","bullet.glif":"bullet.glif","c.glif":"c.glif","caron.glif":"caron.glif","ccedilla.glif":"ccedilla.glif","cedilla.glif":"cedilla.glif","cent.glif":"cent.glif","circumflex.glif":"circumflex.glif","colon.glif":"colon.glif","comma.glif":"comma.glif","contents.plist":"contents.plist","copyright.glif":"copyright.glif","currency.glif":"currency.glif","d.glif":"d.glif","dagger.glif":"dagger.glif","daggerdbl.glif":"daggerdbl.glif","degree.glif":"degree.glif","dieresis.glif":"dieresis.glif","divide.glif":"divide.glif","dollar.glif":"dollar.glif","dotaccent.glif":"dotaccent.glif","dotlessi.glif":"dotlessi.glif","e.glif":"e.glif","eacute.glif":"eacute.glif","ecircumflex.glif":"ecircumflex.glif","edieresis.glif":"edieresis.glif","egrave.glif":"egrave.glif","eight.glif":"eight.glif","ellipsis.glif":"ellipsis.glif","emdash.glif":"emdash.glif","endash.glif":"endash.glif","equal.glif":"equal.glif","eth.glif":"eth.glif","exclam.glif":"exclam.glif","exclamdown.glif":"exclamdown.glif","f.glif":"f.glif","fi.glif":"fi.glif","five.glif":"five.glif","fl.glif":"fl.glif","florin.glif":"florin.glif","four.glif":"four.glif","fraction.glif":"fraction.glif","g.glif":"g.glif","germandbls.glif":"germandbls.glif","grave.glif":"grave.glif","greater.glif":"greater.glif","guillemotleft.glif":"guillemotleft.glif","guillemotright.glif":"guillemotright.glif","guilsinglleft.glif":"guilsinglleft.glif","guilsinglright.glif":"guilsinglright.glif","h.glif":"h.glif","hungarumlaut.glif":"hungarumlaut.glif","hyphen.glif":"hyphen.glif","i.glif":"i.glif","iacute.glif":"iacute.glif","icircumflex.glif":"icircumflex.glif","idieresis.glif":"idieresis.glif","igrave.glif":"igrave.glif","j.glif":"j.glif","k.glif":"k.glif","l.glif":"l.glif","less.glif":"less.glif","logicalnot.glif":"logicalnot.glif","lslash.glif":"lslash.glif","m.glif":"m.glif","macron.glif":"macron.glif","minus.glif":"minus.glif","mu.glif":"mu.glif","multiply.glif":"multiply.glif","n.glif":"n.glif","nine.glif":"nine.glif","ntilde.glif":"ntilde.glif","numbersign.glif":"numbersign.glif","o.glif":"o.glif","oacute.glif":"oacute.glif","ocircumflex.glif":"ocircumflex.glif","odieresis.glif":"odieresis.glif","oe.glif":"oe.glif","ogonek.glif":"ogonek.glif","ograve.glif":"ograve.glif","one.glif":"one.glif","onehalf.glif":"onehalf.glif","onequarter.glif":"onequarter.glif","onesuperior.glif":"onesuperior.glif","ordfeminine.glif":"ordfeminine.glif","ordmasculine.glif":"ordmasculine.glif","oslash.glif":"oslash.glif","otilde.glif":"otilde.glif","p.glif":"p.glif","paragraph.glif":"paragraph.glif","parenleft.glif":"parenleft.glif","parenright.glif":"parenright.glif","percent.glif":"percent.glif","period.glif":"period.glif","periodcentered.glif":"periodcentered.glif","perthousand.glif":"perthousand.glif","plus.glif":"plus.glif","plusminus.glif":"plusminus.glif","q.glif":"q.glif","question.glif":"question.glif","questiondown.glif":"questiondown.glif","quotedbl.glif":"quotedbl.glif","quotedblbase.glif":"quotedblbase.glif","quotedblleft.glif":"quotedblleft.glif","quotedblright.glif":"quotedblright.glif","quoteleft.glif":"quoteleft.glif","quoteright.glif":"quoteright.glif","quotesinglbase.glif":"quotesinglbase.glif","quotesingle.glif":"quotesingle.glif","r.glif":"r.glif","registered.glif":"registered.glif","ring.glif":"ring.glif","s.glif":"s.glif","scaron.glif":"scaron.glif","section.glif":"section.glif","semicolon.glif":"semicolon.glif","seven.glif":"seven.glif","six.glif":"six.glif","slash.glif":"slash.glif","space.glif":"space.glif","sterling.glif":"sterling.glif","t.glif":"t.glif","thorn.glif":"thorn.glif","three.glif":"three.glif","threequarters.glif":"threequarters.glif","threesuperior.glif":"threesuperior.glif","tilde.glif":"tilde.glif","trademark.glif":"trademark.glif","two.glif":"two.glif","twosuperior.glif":"twosuperior.glif","u.glif":"u.glif","uacute.glif":"uacute.glif","ucircumflex.glif":"ucircumflex.glif","udieresis.glif":"udieresis.glif","ugrave.glif":"ugrave.glif","underscore.glif":"underscore.glif","v.glif":"v.glif","w.glif":"w.glif","x.glif":"x.glif","y.glif":"y.glif","yacute.glif":"yacute.glif","ydieresis.glif":"ydieresis.glif","yen.glif":"yen.glif","z.glif":"z.glif","zcaron.glif":"zcaron.glif","zero.glif":"zero.glif"}},"Font":{"uploaded":1471227399.0711,"licence":"gpl3","company":"Chronolabs Cooperative","title":"Elementa Symbol Regular","version":2.001,"date":"Fri Aug 12 16:00:56 2016","creator":"root","type":"1","matrix":"0.001 0 0 0.001 0 0","named":"ElementaSymbol-Regular","painttype":"0","info":"10 dict dup","name":"Elementa Symbol Regular","family":"Elementa Symbol","weight":"Medium","fstype":"0","italicangle":"0","underlineposition":"","underlinethickness":""},"Table":{"FFTM":{"entryLength":16,"tag":"FFTM","checksum":1944410560,"offset":23280,"length":28},"GDEF":{"entryLength":16,"tag":"GDEF","checksum":18087942,"offset":23248,"length":32},"OS\/2":{"entryLength":16,"tag":"OS\/2","checksum":1472338864,"offset":344,"length":86},"cmap":{"entryLength":16,"tag":"cmap","checksum":3872004190,"offset":904,"length":554},"gasp":{"entryLength":16,"tag":"gasp","checksum":4294901763,"offset":23240,"length":8},"glyf":{"entryLength":16,"tag":"glyf","checksum":2231392496,"offset":1924,"length":19880},"head":{"entryLength":16,"tag":"head","checksum":153808928,"offset":220,"length":54},"hhea":{"entryLength":16,"tag":"hhea","checksum":97911108,"offset":276,"length":36},"hmtx":{"entryLength":16,"tag":"hmtx","checksum":520165928,"offset":432,"length":470},"loca":{"entryLength":16,"tag":"loca","checksum":3431719066,"offset":1460,"length":464},"maxp":{"entryLength":16,"tag":"maxp","checksum":19857537,"offset":312,"length":32},"name":{"entryLength":16,"tag":"name","checksum":656588966,"offset":21804,"length":939},"post":{"entryLength":16,"tag":"post","checksum":915551837,"offset":22744,"length":496}},"UnicodeCharMap":{"32":3,"33":4,"34":5,"35":6,"36":7,"37":8,"38":9,"39":10,"40":11,"41":12,"42":13,"43":14,"44":15,"45":16,"46":17,"47":18,"48":19,"49":20,"50":21,"51":22,"52":23,"53":24,"54":25,"55":26,"56":27,"57":28,"58":29,"59":30,"60":31,"61":32,"62":33,"63":34,"64":35,"65":36,"66":37,"67":38,"68":39,"69":40,"70":41,"71":42,"72":43,"73":44,"74":45,"75":46,"76":47,"77":48,"78":49,"79":50,"80":51,"81":52,"82":53,"83":54,"84":55,"85":56,"86":57,"87":58,"88":59,"89":60,"90":61,"91":62,"92":63,"93":64,"94":65,"95":66,"96":67,"97":68,"98":69,"99":70,"100":71,"101":72,"102":73,"103":74,"104":75,"105":76,"106":77,"107":78,"108":79,"109":80,"110":81,"111":82,"112":83,"113":84,"114":85,"115":86,"116":87,"117":88,"118":89,"119":90,"120":91,"121":92,"122":93,"123":94,"124":95,"125":96,"126":97,"161":98,"162":99,"163":100,"164":101,"165":102,"166":103,"167":104,"168":105,"169":106,"170":107,"171":108,"172":109,"174":110,"175":111,"176":112,"177":113,"178":114,"179":115,"180":116,"182":118,"183":119,"184":120,"185":121,"186":122,"187":123,"188":124,"189":125,"190":126,"191":127,"192":128,"193":129,"194":130,"195":131,"196":132,"197":133,"198":134,"199":135,"200":136,"201":137,"202":138,"203":139,"204":140,"205":141,"206":142,"207":143,"208":144,"209":145,"210":146,"211":147,"212":148,"213":149,"214":150,"215":151,"216":152,"217":153,"218":154,"219":155,"220":156,"221":157,"222":158,"223":159,"224":160,"225":161,"226":162,"227":163,"228":164,"229":165,"230":166,"231":167,"232":168,"233":169,"234":170,"235":171,"236":172,"237":173,"238":174,"239":175,"240":176,"241":177,"242":178,"243":179,"244":180,"245":181,"246":182,"247":183,"248":184,"249":185,"250":186,"251":187,"252":188,"253":189,"254":190,"255":191,"305":221,"321":219,"322":222,"338":220,"339":223,"352":224,"353":225,"376":230,"381":226,"382":227,"402":195,"710":210,"711":217,"728":212,"729":213,"730":214,"731":216,"732":211,"733":215,"956":117,"8211":201,"8212":218,"8216":193,"8217":192,"8218":205,"8220":196,"8221":207,"8222":206,"8224":202,"8225":203,"8226":204,"8230":208,"8240":209,"8249":197,"8250":198,"8260":194,"8482":229,"8722":228,"64257":199,"64258":200},"Reserves":null,"Names":[],"Nodes":{"el":{"type":"typal","node":"el","usage":1,"weight":1},"ta":{"type":"typal","node":"ta","usage":1,"weight":1},"sy":{"type":"typal","node":"sy","usage":1,"weight":1},"ol":{"type":"typal","node":"ol","usage":1,"weight":1},"ele":{"type":"typal","node":"ele","usage":1,"weight":1},"nta":{"type":"typal","node":"nta","usage":1,"weight":1},"sym":{"type":"typal","node":"sym","usage":1,"weight":1},"bol":{"type":"typal","node":"bol","usage":1,"weight":1},"elem":{"type":"keys","node":"elem","usage":1,"weight":1},"enta":{"type":"keys","node":"enta","usage":1,"weight":1},"symb":{"type":"keys","node":"symb","usage":1,"weight":1},"mbol":{"type":"keys","node":"mbol","usage":1,"weight":1},"eleme":{"type":"keys","node":"eleme","usage":1,"weight":1},"menta":{"type":"keys","node":"menta","usage":1,"weight":1},"symbo":{"type":"keys","node":"symbo","usage":1,"weight":1},"ymbol":{"type":"keys","node":"ymbol","usage":1,"weight":1},"elementa":{"type":"fixes","node":"elementa","usage":1,"weight":1},"symbol":{"type":"fixes","node":"symbol","usage":1,"weight":1}},"Contributors":[],"FontIdentity":"81353e1bcc992c957d05b94b04a52a4b","Bytes":2202330,"Networking":[],"barcode":"8g11ui3oyy4mmy","referee":"ak4ue85"}