{"CSS":{"Orient":"wagovau:ab236ee0a238d5ce7548470e.css"},"FontType":"TrueType","FontCopyright":"Copyright (c) 1995 Solotech Design. All Rights Reserved.","FontName":"Orient","FontSubfamily":"Medium","FontSubfamilyID":"FontForge 2.0 : Orient : 12-8-2016","FontFullName":"Orient","FontVersion":"Version 001.000 ","FontWeight":null,"FontPostscriptName":"Orient","Files":{"\/Orient.css":"\/Orient.css","\/font-resource.json":"\/font-resource.json","\/orient.afm":"\/orient.afm","\/orient.cef":"\/orient.cef","\/orient.cff":"\/orient.cff","\/orient.eot":"\/orient.eot","\/orient.gai":"\/orient.gai","\/orient.gsf":"\/orient.gsf","\/orient.otf":"\/orient.otf","\/orient.pf3":"\/orient.pf3","\/orient.pfa":"\/orient.pfa","\/orient.pfb":"\/orient.pfb","\/orient.php":"\/orient.php","\/orient.pt3":"\/orient.pt3","\/orient.sfd":"\/orient.sfd","\/orient.svg":"\/orient.svg","\/orient.t42":"\/orient.t42","\/orient.ttd":"\/orient.ttd","\/orient.ttf":"\/orient.ttf","\/orient.ttg":"\/orient.ttg","\/orient.ufm":"\/orient.ufm","\/orient.woff":"\/orient.woff","\/orient.z":"\/orient.z","\/orient.ufo\/feature.fea":"\/orient.ufo\/feature.fea","\/orient.ufo\/fontinfo.plist":"\/orient.ufo\/fontinfo.plist","\/orient.ufo\/groups.plist":"\/orient.ufo\/groups.plist","\/orient.ufo\/kerning.plist":"\/orient.ufo\/kerning.plist","\/orient.ufo\/metainfo.plist":"\/orient.ufo\/metainfo.plist","\/orient.ufo\/glyphs\/A_.glif":"\/orient.ufo\/glyphs\/A_.glif","\/orient.ufo\/glyphs\/A_circumflex.glif":"\/orient.ufo\/glyphs\/A_circumflex.glif","\/orient.ufo\/glyphs\/D_.glif":"\/orient.ufo\/glyphs\/D_.glif","\/orient.ufo\/glyphs\/E_.glif":"\/orient.ufo\/glyphs\/E_.glif","\/orient.ufo\/glyphs\/F_.glif":"\/orient.ufo\/glyphs\/F_.glif","\/orient.ufo\/glyphs\/G_.glif":"\/orient.ufo\/glyphs\/G_.glif","\/orient.ufo\/glyphs\/H_.glif":"\/orient.ufo\/glyphs\/H_.glif","\/orient.ufo\/glyphs\/I_.glif":"\/orient.ufo\/glyphs\/I_.glif","\/orient.ufo\/glyphs\/J_.glif":"\/orient.ufo\/glyphs\/J_.glif","\/orient.ufo\/glyphs\/K_.glif":"\/orient.ufo\/glyphs\/K_.glif","\/orient.ufo\/glyphs\/L_.glif":"\/orient.ufo\/glyphs\/L_.glif","\/orient.ufo\/glyphs\/O_.glif":"\/orient.ufo\/glyphs\/O_.glif","\/orient.ufo\/glyphs\/O_mega.glif":"\/orient.ufo\/glyphs\/O_mega.glif","\/orient.ufo\/glyphs\/P_.glif":"\/orient.ufo\/glyphs\/P_.glif","\/orient.ufo\/glyphs\/Q_.glif":"\/orient.ufo\/glyphs\/Q_.glif","\/orient.ufo\/glyphs\/R_.glif":"\/orient.ufo\/glyphs\/R_.glif","\/orient.ufo\/glyphs\/S_.glif":"\/orient.ufo\/glyphs\/S_.glif","\/orient.ufo\/glyphs\/T_.glif":"\/orient.ufo\/glyphs\/T_.glif","\/orient.ufo\/glyphs\/U_.glif":"\/orient.ufo\/glyphs\/U_.glif","\/orient.ufo\/glyphs\/W_.glif":"\/orient.ufo\/glyphs\/W_.glif","\/orient.ufo\/glyphs\/Y_.glif":"\/orient.ufo\/glyphs\/Y_.glif","\/orient.ufo\/glyphs\/a.glif":"\/orient.ufo\/glyphs\/a.glif","\/orient.ufo\/glyphs\/approxequal.glif":"\/orient.ufo\/glyphs\/approxequal.glif","\/orient.ufo\/glyphs\/aring.glif":"\/orient.ufo\/glyphs\/aring.glif","\/orient.ufo\/glyphs\/asciicircum.glif":"\/orient.ufo\/glyphs\/asciicircum.glif","\/orient.ufo\/glyphs\/asterisk.glif":"\/orient.ufo\/glyphs\/asterisk.glif","\/orient.ufo\/glyphs\/b.glif":"\/orient.ufo\/glyphs\/b.glif","\/orient.ufo\/glyphs\/braceleft.glif":"\/orient.ufo\/glyphs\/braceleft.glif","\/orient.ufo\/glyphs\/braceright.glif":"\/orient.ufo\/glyphs\/braceright.glif","\/orient.ufo\/glyphs\/bracketleft.glif":"\/orient.ufo\/glyphs\/bracketleft.glif","\/orient.ufo\/glyphs\/bracketright.glif":"\/orient.ufo\/glyphs\/bracketright.glif","\/orient.ufo\/glyphs\/breve.glif":"\/orient.ufo\/glyphs\/breve.glif","\/orient.ufo\/glyphs\/c.glif":"\/orient.ufo\/glyphs\/c.glif","\/orient.ufo\/glyphs\/ccedilla.glif":"\/orient.ufo\/glyphs\/ccedilla.glif","\/orient.ufo\/glyphs\/colon.glif":"\/orient.ufo\/glyphs\/colon.glif","\/orient.ufo\/glyphs\/comma.glif":"\/orient.ufo\/glyphs\/comma.glif","\/orient.ufo\/glyphs\/contents.plist":"\/orient.ufo\/glyphs\/contents.plist","\/orient.ufo\/glyphs\/copyright.glif":"\/orient.ufo\/glyphs\/copyright.glif","\/orient.ufo\/glyphs\/d.glif":"\/orient.ufo\/glyphs\/d.glif","\/orient.ufo\/glyphs\/divide.glif":"\/orient.ufo\/glyphs\/divide.glif","\/orient.ufo\/glyphs\/e.glif":"\/orient.ufo\/glyphs\/e.glif","\/orient.ufo\/glyphs\/eight.glif":"\/orient.ufo\/glyphs\/eight.glif","\/orient.ufo\/glyphs\/f.glif":"\/orient.ufo\/glyphs\/f.glif","\/orient.ufo\/glyphs\/five.glif":"\/orient.ufo\/glyphs\/five.glif","\/orient.ufo\/glyphs\/florin.glif":"\/orient.ufo\/glyphs\/florin.glif","\/orient.ufo\/glyphs\/four.glif":"\/orient.ufo\/glyphs\/four.glif","\/orient.ufo\/glyphs\/g.glif":"\/orient.ufo\/glyphs\/g.glif","\/orient.ufo\/glyphs\/germandbls.glif":"\/orient.ufo\/glyphs\/germandbls.glif","\/orient.ufo\/glyphs\/greaterequal.glif":"\/orient.ufo\/glyphs\/greaterequal.glif","\/orient.ufo\/glyphs\/h.glif":"\/orient.ufo\/glyphs\/h.glif","\/orient.ufo\/glyphs\/hyphen.glif":"\/orient.ufo\/glyphs\/hyphen.glif","\/orient.ufo\/glyphs\/i.glif":"\/orient.ufo\/glyphs\/i.glif","\/orient.ufo\/glyphs\/icircumflex.glif":"\/orient.ufo\/glyphs\/icircumflex.glif","\/orient.ufo\/glyphs\/integral.glif":"\/orient.ufo\/glyphs\/integral.glif","\/orient.ufo\/glyphs\/j.glif":"\/orient.ufo\/glyphs\/j.glif","\/orient.ufo\/glyphs\/k.glif":"\/orient.ufo\/glyphs\/k.glif","\/orient.ufo\/glyphs\/l.glif":"\/orient.ufo\/glyphs\/l.glif","\/orient.ufo\/glyphs\/lessequal.glif":"\/orient.ufo\/glyphs\/lessequal.glif","\/orient.ufo\/glyphs\/m.glif":"\/orient.ufo\/glyphs\/m.glif","\/orient.ufo\/glyphs\/macron.glif":"\/orient.ufo\/glyphs\/macron.glif","\/orient.ufo\/glyphs\/mu.glif":"\/orient.ufo\/glyphs\/mu.glif","\/orient.ufo\/glyphs\/n.glif":"\/orient.ufo\/glyphs\/n.glif","\/orient.ufo\/glyphs\/nbspace.glif":"\/orient.ufo\/glyphs\/nbspace.glif","\/orient.ufo\/glyphs\/nine.glif":"\/orient.ufo\/glyphs\/nine.glif","\/orient.ufo\/glyphs\/ntilde.glif":"\/orient.ufo\/glyphs\/ntilde.glif","\/orient.ufo\/glyphs\/o.glif":"\/orient.ufo\/glyphs\/o.glif","\/orient.ufo\/glyphs\/one.glif":"\/orient.ufo\/glyphs\/one.glif","\/orient.ufo\/glyphs\/oslash.glif":"\/orient.ufo\/glyphs\/oslash.glif","\/orient.ufo\/glyphs\/p.glif":"\/orient.ufo\/glyphs\/p.glif","\/orient.ufo\/glyphs\/parenleft.glif":"\/orient.ufo\/glyphs\/parenleft.glif","\/orient.ufo\/glyphs\/parenright.glif":"\/orient.ufo\/glyphs\/parenright.glif","\/orient.ufo\/glyphs\/partialdiff.glif":"\/orient.ufo\/glyphs\/partialdiff.glif","\/orient.ufo\/glyphs\/period.glif":"\/orient.ufo\/glyphs\/period.glif","\/orient.ufo\/glyphs\/pi.glif":"\/orient.ufo\/glyphs\/pi.glif","\/orient.ufo\/glyphs\/q.glif":"\/orient.ufo\/glyphs\/q.glif","\/orient.ufo\/glyphs\/questiondown.glif":"\/orient.ufo\/glyphs\/questiondown.glif","\/orient.ufo\/glyphs\/quotedbl.glif":"\/orient.ufo\/glyphs\/quotedbl.glif","\/orient.ufo\/glyphs\/quotesingle.glif":"\/orient.ufo\/glyphs\/quotesingle.glif","\/orient.ufo\/glyphs\/r.glif":"\/orient.ufo\/glyphs\/r.glif","\/orient.ufo\/glyphs\/radical.glif":"\/orient.ufo\/glyphs\/radical.glif","\/orient.ufo\/glyphs\/s.glif":"\/orient.ufo\/glyphs\/s.glif","\/orient.ufo\/glyphs\/semicolon.glif":"\/orient.ufo\/glyphs\/semicolon.glif","\/orient.ufo\/glyphs\/seven.glif":"\/orient.ufo\/glyphs\/seven.glif","\/orient.ufo\/glyphs\/six.glif":"\/orient.ufo\/glyphs\/six.glif","\/orient.ufo\/glyphs\/slash.glif":"\/orient.ufo\/glyphs\/slash.glif","\/orient.ufo\/glyphs\/space.glif":"\/orient.ufo\/glyphs\/space.glif","\/orient.ufo\/glyphs\/t.glif":"\/orient.ufo\/glyphs\/t.glif","\/orient.ufo\/glyphs\/three.glif":"\/orient.ufo\/glyphs\/three.glif","\/orient.ufo\/glyphs\/tilde.glif":"\/orient.ufo\/glyphs\/tilde.glif","\/orient.ufo\/glyphs\/two.glif":"\/orient.ufo\/glyphs\/two.glif","\/orient.ufo\/glyphs\/u.glif":"\/orient.ufo\/glyphs\/u.glif","\/orient.ufo\/glyphs\/udieresis.glif":"\/orient.ufo\/glyphs\/udieresis.glif","\/orient.ufo\/glyphs\/v.glif":"\/orient.ufo\/glyphs\/v.glif","\/orient.ufo\/glyphs\/w.glif":"\/orient.ufo\/glyphs\/w.glif","\/orient.ufo\/glyphs\/x.glif":"\/orient.ufo\/glyphs\/x.glif","\/orient.ufo\/glyphs\/y.glif":"\/orient.ufo\/glyphs\/y.glif","\/orient.ufo\/glyphs\/yen.glif":"\/orient.ufo\/glyphs\/yen.glif","\/orient.ufo\/glyphs\/z.glif":"\/orient.ufo\/glyphs\/z.glif","\/orient.ufo\/glyphs\/zero.glif":"\/orient.ufo\/glyphs\/zero.glif"},"Font":{"uploaded":1471016610.3718,"licence":"gpl3","company":"Chronolabs Cooperative","title":"Orient","version":3.002,"date":"Fri Aug 12 10:02:51 2016","creator":"root","type":"1","matrix":"0.001 0 0 0.001 0 0","named":"Orient","painttype":"0","info":"10 dict dup","name":"Orient","family":"Orient","weight":"Medium","fstype":"0","italicangle":"0","underlineposition":"","underlinethickness":""},"Licences":{"":false},"Table":{"FFTM":{"entryLength":16,"tag":"FFTM","checksum":1944367590,"offset":20300,"length":28},"GDEF":{"entryLength":16,"tag":"GDEF","checksum":9568262,"offset":20268,"length":32},"OS\/2":{"entryLength":16,"tag":"OS\/2","checksum":1473676522,"offset":344,"length":86},"cmap":{"entryLength":16,"tag":"cmap","checksum":4186228049,"offset":836,"length":610},"gasp":{"entryLength":16,"tag":"gasp","checksum":4294901763,"offset":20260,"length":8},"glyf":{"entryLength":16,"tag":"glyf","checksum":3637006822,"offset":1652,"length":17776},"head":{"entryLength":16,"tag":"head","checksum":184446754,"offset":220,"length":54},"hhea":{"entryLength":16,"tag":"hhea","checksum":134742757,"offset":276,"length":36},"hmtx":{"entryLength":16,"tag":"hmtx","checksum":1982340565,"offset":432,"length":404},"loca":{"entryLength":16,"tag":"loca","checksum":3993829114,"offset":1448,"length":204},"maxp":{"entryLength":16,"tag":"maxp","checksum":11337857,"offset":312,"length":32},"name":{"entryLength":16,"tag":"name","checksum":3848976588,"offset":19428,"length":585},"post":{"entryLength":16,"tag":"post","checksum":2270680457,"offset":20016,"length":244}},"UnicodeCharMap":{"32":3,"34":4,"39":5,"40":6,"41":7,"42":8,"44":9,"45":10,"46":11,"47":12,"48":13,"49":14,"50":15,"51":16,"52":17,"53":18,"54":19,"55":20,"56":21,"57":22,"58":23,"59":24,"65":25,"68":26,"69":27,"70":28,"71":29,"72":30,"73":31,"74":32,"75":33,"76":34,"79":35,"80":36,"81":37,"82":38,"83":39,"84":40,"85":41,"87":42,"89":43,"91":44,"93":45,"94":46,"97":47,"98":48,"99":49,"100":50,"101":51,"102":52,"103":53,"104":54,"105":55,"106":56,"107":57,"108":58,"109":59,"110":60,"111":61,"112":62,"113":63,"114":64,"115":65,"116":66,"117":67,"118":68,"119":69,"120":70,"121":71,"122":72,"123":73,"125":74,"160":75,"165":76,"169":77,"175":78,"191":80,"194":81,"223":82,"229":83,"231":84,"238":85,"241":86,"247":87,"248":88,"252":89,"402":90,"728":92,"732":91,"937":98,"956":79,"960":96,"8706":95,"8730":99,"8747":97,"8776":100,"8804":93,"8805":94},"Reserves":{"fontname":"Orient"},"Names":{"Orient":{"name":"Orient","longitude":"0.00000001","latitude":"0.00000001","country":"","region":"","city":""}},"Nodes":{"or":{"type":"typal","node":"or","usage":1,"weight":1},"nt":{"type":"typal","node":"nt","usage":1,"weight":1},"ori":{"type":"typal","node":"ori","usage":1,"weight":1},"ent":{"type":"typal","node":"ent","usage":1,"weight":1},"orie":{"type":"keys","node":"orie","usage":1,"weight":1},"ient":{"type":"keys","node":"ient","usage":1,"weight":1},"orien":{"type":"keys","node":"orien","usage":1,"weight":1},"rient":{"type":"keys","node":"rient","usage":1,"weight":1},"orient":{"type":"fixes","node":"orient","usage":1,"weight":1}},"Contributors":[],"FontIdentity":"wagovau:ab236ee0a238d5ce7548470e","Bytes":null,"Networking":[],"barcode":"12cMg9UMIQIogo","referee":"qiw2k2q"}