{"CSS":{"EuroSerifEF-Three":"EuroSerifEF-Three.css"},"FontType":"TrueType","FontCopyright":"Copyright \\(c\\) 1998 Elsner+Flake. All Rights Reserved.","FontName":"EuroSerifEF","FontSubfamily":"Three","FontSubfamilyID":"FontForge 2.0 : EuroSerifEF-Three : 21-10-2016","FontFullName":"Euro Serif EF Three","FontVersion":"Version 001.000 ","FontWeight":null,"FontPostscriptName":"EuroSerifEF-Three","Files":{"euroserifef-three.afm":"euroserifef-three.afm","euroserifef-three.bin":"euroserifef-three.bin","euroserifef-three.cef":"euroserifef-three.cef","euroserifef-three.cff":"euroserifef-three.cff","euroserifef-three.cid":"euroserifef-three.cid","euroserifef-three.dfont":"euroserifef-three.dfont","euroserifef-three.eot":"euroserifef-three.eot","euroserifef-three.fon":"euroserifef-three.fon","euroserifef-three.gai":"euroserifef-three.gai","euroserifef-three.gsf":"euroserifef-three.gsf","euroserifef-three.hqx":"euroserifef-three.hqx","euroserifef-three.ik":"euroserifef-three.ik","euroserifef-three.mf":"euroserifef-three.mf","euroserifef-three.otf":"euroserifef-three.otf","euroserifef-three.pcf":"euroserifef-three.pcf","euroserifef-three.pf3":"euroserifef-three.pf3","euroserifef-three.pfa":"euroserifef-three.pfa","euroserifef-three.pfb":"euroserifef-three.pfb","euroserifef-three.php":"euroserifef-three.php","euroserifef-three.pmf":"euroserifef-three.pmf","euroserifef-three.pt3":"euroserifef-three.pt3","euroserifef-three.sfd":"euroserifef-three.sfd","euroserifef-three.svg":"euroserifef-three.svg","euroserifef-three.t42":"euroserifef-three.t42","euroserifef-three.ttd":"euroserifef-three.ttd","euroserifef-three.ttf":"euroserifef-three.ttf","euroserifef-three.ttg":"euroserifef-three.ttg","euroserifef-three.ufm":"euroserifef-three.ufm","euroserifef-three.woff":"euroserifef-three.woff","euroserifef-three.z":"euroserifef-three.z","":{"euroserifef-three.afm":"euroserifef-three.afm","euroserifef-three.bin":"euroserifef-three.bin","euroserifef-three.cef":"euroserifef-three.cef","euroserifef-three.cff":"euroserifef-three.cff","euroserifef-three.cid":"euroserifef-three.cid","euroserifef-three.dfont":"euroserifef-three.dfont","euroserifef-three.eot":"euroserifef-three.eot","euroserifef-three.fon":"euroserifef-three.fon","euroserifef-three.gai":"euroserifef-three.gai","euroserifef-three.gsf":"euroserifef-three.gsf","euroserifef-three.hqx":"euroserifef-three.hqx","euroserifef-three.ik":"euroserifef-three.ik","euroserifef-three.mf":"euroserifef-three.mf","euroserifef-three.otf":"euroserifef-three.otf","euroserifef-three.pcf":"euroserifef-three.pcf","euroserifef-three.pf3":"euroserifef-three.pf3","euroserifef-three.pfa":"euroserifef-three.pfa","euroserifef-three.pfb":"euroserifef-three.pfb","euroserifef-three.php":"euroserifef-three.php","euroserifef-three.pmf":"euroserifef-three.pmf","euroserifef-three.pt3":"euroserifef-three.pt3","euroserifef-three.sfd":"euroserifef-three.sfd","euroserifef-three.svg":"euroserifef-three.svg","euroserifef-three.t42":"euroserifef-three.t42","euroserifef-three.ttd":"euroserifef-three.ttd","euroserifef-three.ttf":"euroserifef-three.ttf","euroserifef-three.ttg":"euroserifef-three.ttg","euroserifef-three.ufm":"euroserifef-three.ufm","euroserifef-three.woff":"euroserifef-three.woff","euroserifef-three.z":"euroserifef-three.z"},"\/euroserifef-three.ufo":{"feature.fea":"feature.fea","fontinfo.plist":"fontinfo.plist","groups.plist":"groups.plist","kerning.plist":"kerning.plist","metainfo.plist":"metainfo.plist"},"\/euroserifef-three.ufo\/glyphs":{"A_.glif":"A_.glif","B_.glif":"B_.glif","C_.glif":"C_.glif","C_R_.glif":"C_R_.glif","D_.glif":"D_.glif","D_C_1.glif":"D_C_1.glif","D_C_2.glif":"D_C_2.glif","D_C_3.glif":"D_C_3.glif","D_C_4.glif":"D_C_4.glif","D_L_E_.glif":"D_L_E_.glif","E_.glif":"E_.glif","E_th.glif":"E_th.glif","F_.glif":"F_.glif","G_.glif":"G_.glif","H_.glif":"H_.glif","H_T_.glif":"H_T_.glif","I_.glif":"I_.glif","J_.glif":"J_.glif","K_.glif":"K_.glif","L_.glif":"L_.glif","L_F_.glif":"L_F_.glif","L_slash.glif":"L_slash.glif","M_.glif":"M_.glif","N_.glif":"N_.glif","N_U_L_.glif":"N_U_L_.glif","O_.glif":"O_.glif","P_.glif":"P_.glif","Q_.glif":"Q_.glif","R_.glif":"R_.glif","R_S_.glif":"R_S_.glif","S_.glif":"S_.glif","S_caron.glif":"S_caron.glif","T_.glif":"T_.glif","T_horn.glif":"T_horn.glif","U_.glif":"U_.glif","U_S_.glif":"U_S_.glif","V_.glif":"V_.glif","W_.glif":"W_.glif","X_.glif":"X_.glif","Y_acute.glif":"Y_acute.glif","Z_caron.glif":"Z_caron.glif","a.glif":"a.glif","b.glif":"b.glif","bar.glif":"bar.glif","brokenbar.glif":"brokenbar.glif","bullet.glif":"bullet.glif","c.glif":"c.glif","contents.plist":"contents.plist","d.glif":"d.glif","e.glif":"e.glif","eth.glif":"eth.glif","f.glif":"f.glif","g.glif":"g.glif","h.glif":"h.glif","i.glif":"i.glif","j.glif":"j.glif","k.glif":"k.glif","l.glif":"l.glif","lslash.glif":"lslash.glif","m.glif":"m.glif","minus.glif":"minus.glif","multiply.glif":"multiply.glif","n.glif":"n.glif","nbspace.glif":"nbspace.glif","o.glif":"o.glif","onehalf.glif":"onehalf.glif","onequarter.glif":"onequarter.glif","onesuperior.glif":"onesuperior.glif","p.glif":"p.glif","q.glif":"q.glif","r.glif":"r.glif","s.glif":"s.glif","scaron.glif":"scaron.glif","space.glif":"space.glif","t.glif":"t.glif","thorn.glif":"thorn.glif","threequarters.glif":"threequarters.glif","threesuperior.glif":"threesuperior.glif","twosuperior.glif":"twosuperior.glif","u.glif":"u.glif","v.glif":"v.glif","w.glif":"w.glif","x.glif":"x.glif","yacute.glif":"yacute.glif","zcaron.glif":"zcaron.glif","zero.glif":"zero.glif"}},"Font":{"uploaded":1477059361.1158,"licence":"gpl3","company":"Chronolabs Cooperative","title":"Eureka Small Caps","version":2.001,"date":"Fri Aug 12 15:38:02 2016","creator":"root","type":"1","matrix":"0.001 0 0 0.001 0 0","named":"Eureka-SmallCaps","painttype":"0","info":"10 dict dup","name":"Eureka SmallCaps","family":"Eureka","weight":"Regular","fstype":"0","italicangle":"0","underlineposition":"","underlinethickness":""},"Table":{"FFTM":{"entryLength":16,"tag":"FFTM","checksum":1944407916,"offset":9940,"length":28},"GDEF":{"entryLength":16,"tag":"GDEF","checksum":8716294,"offset":9908,"length":32},"OS\/2":{"entryLength":16,"tag":"OS\/2","checksum":1452212501,"offset":344,"length":86},"cmap":{"entryLength":16,"tag":"cmap","checksum":3048853619,"offset":752,"length":474},"gasp":{"entryLength":16,"tag":"gasp","checksum":4294901763,"offset":9900,"length":8},"glyf":{"entryLength":16,"tag":"glyf","checksum":74136655,"offset":1408,"length":7536},"head":{"entryLength":16,"tag":"head","checksum":196604630,"offset":220,"length":54},"hhea":{"entryLength":16,"tag":"hhea","checksum":121963424,"offset":276,"length":36},"hmtx":{"entryLength":16,"tag":"hmtx","checksum":2687762920,"offset":432,"length":318},"loca":{"entryLength":16,"tag":"loca","checksum":3186603688,"offset":1228,"length":178},"maxp":{"entryLength":16,"tag":"maxp","checksum":10158175,"offset":312,"length":32},"name":{"entryLength":16,"tag":"name","checksum":4127872198,"offset":8944,"length":696},"post":{"entryLength":16,"tag":"post","checksum":2182235045,"offset":9640,"length":257}},"UnicodeCharMap":{"32":3,"48":4,"65":5,"66":6,"67":7,"68":8,"69":9,"70":10,"71":11,"72":12,"73":13,"74":14,"75":15,"76":16,"77":17,"78":18,"79":19,"80":20,"81":21,"82":22,"83":23,"84":24,"85":25,"86":26,"87":27,"88":28,"97":29,"98":30,"99":31,"100":32,"101":33,"102":34,"103":35,"104":36,"105":37,"106":38,"107":39,"108":40,"109":41,"110":42,"111":43,"112":44,"113":45,"114":46,"115":47,"116":48,"117":49,"118":50,"119":51,"120":52,"124":53,"160":54,"166":55,"178":56,"179":57,"185":58,"188":59,"189":60,"190":61,"208":62,"215":63,"221":64,"222":65,"240":66,"253":67,"254":68,"321":70,"322":71,"352":73,"353":74,"381":78,"382":79,"8226":69,"8722":85},"Reserves":null,"Names":[],"Nodes":{"eu":{"type":"typal","node":"eu","usage":1,"weight":1},"ro":{"type":"typal","node":"ro","usage":1,"weight":1},"se":{"type":"typal","node":"se","usage":1,"weight":1},"if":{"type":"typal","node":"if","usage":1,"weight":1},"eur":{"type":"typal","node":"eur","usage":1,"weight":1},"uro":{"type":"typal","node":"uro","usage":1,"weight":1},"ser":{"type":"typal","node":"ser","usage":1,"weight":1},"rif":{"type":"typal","node":"rif","usage":1,"weight":1},"seri":{"type":"keys","node":"seri","usage":1,"weight":1},"erif":{"type":"keys","node":"erif","usage":1,"weight":1},"euro":{"type":"fixes","node":"euro","usage":1,"weight":1},"serif":{"type":"fixes","node":"serif","usage":1,"weight":1},"ef":{"type":"fixes","node":"ef","usage":1,"weight":1}},"Contributors":[],"FontIdentity":"a45c27828574ce07fdd13587ab36998d","Bytes":1124712,"Networking":[],"barcode":"qiui6iis6gkkq","referee":"8iyo5e"}