{"CSS":{"Zapotec":"826c1fdaa19e6d926ae8823283de72d8.css"},"FontType":"TrueType","FontCopyright":"Copyright 1994 NovelFonts! Corporation","FontName":"Zapotec","FontSubfamily":"Book","FontSubfamilyID":"FontForge 2.0 : Zapotec : 26-5-2016","FontFullName":"Zapotec","FontVersion":"Version 1.0 ","FontWeight":null,"FontPostscriptName":"Zapotec","Files":null,"Table":{"FFTM":{"entryLength":16,"tag":"FFTM","checksum":4213534986,"offset":36704,"length":28},"GDEF":{"entryLength":16,"tag":"GDEF","checksum":15532036,"offset":35092,"length":32},"GPOS":{"entryLength":16,"tag":"GPOS","checksum":3330529946,"offset":35172,"length":1532},"GSUB":{"entryLength":16,"tag":"GSUB","checksum":3103766782,"offset":35124,"length":48},"OS\/2":{"entryLength":16,"tag":"OS\/2","checksum":1500519917,"offset":408,"length":96},"cmap":{"entryLength":16,"tag":"cmap","checksum":2574982019,"offset":1272,"length":578},"cvt ":{"entryLength":16,"tag":"cvt ","checksum":2699528409,"offset":1924,"length":644},"fpgm":{"entryLength":16,"tag":"fpgm","checksum":2201207375,"offset":1852,"length":20},"glyf":{"entryLength":16,"tag":"glyf","checksum":3932049720,"offset":2956,"length":31188},"head":{"entryLength":16,"tag":"head","checksum":168778514,"offset":284,"length":54},"hhea":{"entryLength":16,"tag":"hhea","checksum":139133874,"offset":340,"length":36},"hmtx":{"entryLength":16,"tag":"hmtx","checksum":2790924753,"offset":504,"length":768},"loca":{"entryLength":16,"tag":"loca","checksum":451869822,"offset":2568,"length":386},"maxp":{"entryLength":16,"tag":"maxp","checksum":18481429,"offset":376,"length":32},"name":{"entryLength":16,"tag":"name","checksum":2602626493,"offset":34144,"length":525},"post":{"entryLength":16,"tag":"post","checksum":662644261,"offset":34672,"length":418},"prep":{"entryLength":16,"tag":"prep","checksum":3305360398,"offset":1872,"length":52}},"UnicodeCharMap":{"0":1,"13":2,"32":3,"33":4,"34":5,"35":6,"36":7,"37":8,"38":9,"39":10,"40":11,"41":12,"42":13,"43":14,"44":15,"45":16,"46":17,"47":18,"48":19,"49":20,"50":21,"51":22,"52":23,"53":24,"54":25,"55":26,"56":27,"57":28,"58":29,"59":30,"60":31,"61":32,"62":33,"63":34,"64":35,"65":36,"66":37,"67":38,"68":39,"69":40,"70":41,"71":42,"72":43,"73":44,"74":45,"75":46,"76":47,"77":48,"78":49,"79":50,"80":51,"81":52,"82":53,"83":54,"84":55,"85":56,"86":57,"87":58,"88":59,"89":60,"90":61,"91":62,"92":63,"93":64,"94":65,"95":66,"96":67,"97":68,"98":69,"99":70,"100":71,"101":72,"102":73,"103":74,"104":75,"105":76,"106":77,"107":78,"108":79,"109":80,"110":81,"111":82,"112":83,"113":84,"114":85,"115":86,"116":87,"117":88,"118":89,"119":90,"120":91,"121":92,"122":93,"123":94,"124":95,"125":96,"126":97,"160":98,"161":99,"162":100,"163":101,"164":102,"168":103,"170":104,"176":105,"180":106,"182":107,"183":108,"184":109,"186":110,"192":111,"193":112,"194":113,"195":114,"196":115,"197":116,"198":117,"199":118,"200":119,"201":120,"202":121,"203":122,"204":123,"205":124,"206":125,"207":126,"209":127,"210":128,"211":129,"212":130,"213":131,"214":132,"216":133,"217":134,"218":135,"219":136,"220":137,"223":138,"224":139,"225":140,"226":141,"227":142,"228":143,"229":144,"230":145,"231":146,"232":147,"233":148,"234":149,"235":150,"236":151,"237":152,"238":153,"239":154,"241":155,"242":156,"243":157,"244":158,"245":159,"246":160,"248":161,"249":162,"250":163,"251":164,"252":165,"255":166,"305":167,"338":168,"339":169,"376":170,"710":171,"711":172,"730":173,"732":174,"8211":175,"8212":176,"8216":177,"8217":178,"8220":179,"8221":180,"8225":181,"8226":182,"8249":183,"8250":184,"8260":185,"8730":186,"8734":187,"8747":188,"64257":189,"64258":190},"Reserves":{"fontname":"Zapotec"},"Names":{"Zapotec":{"name":"Zapotec","longitude":"0.00000001","latitude":"0.00000001","country":"","region":"","city":""}},"Nodes":{"za":{"type":"typal","node":"za","usage":1,"weight":1},"ec":{"type":"typal","node":"ec","usage":1,"weight":1},"zap":{"type":"typal","node":"zap","usage":1,"weight":1},"tec":{"type":"typal","node":"tec","usage":1,"weight":1},"zapo":{"type":"keys","node":"zapo","usage":1,"weight":1},"otec":{"type":"keys","node":"otec","usage":1,"weight":1},"zapot":{"type":"keys","node":"zapot","usage":1,"weight":1},"potec":{"type":"keys","node":"potec","usage":1,"weight":1},"zapotec":{"type":"fixes","node":"zapotec","usage":1,"weight":1}},"Contributors":[],"FontIdentity":"826c1fdaa19e6d926ae8823283de72d8","Bytes":null,"Networking":[]}