{"CSS":{"Eagle-Book":"Eagle-Book.css","Eagle Book":"wagovau:3987fa469ae933740cd60a76.css"},"FontType":"TrueType","FontCopyright":"Copr.1990, 1991, 1992, 1993 The Font Bureau, Inc.","FontName":"Eagle","FontSubfamily":"Book","FontSubfamilyID":"FontForge 2.0 : Eagle-Book : 12-8-2016","FontFullName":"Eagle Book","FontVersion":"Version 001.000 ","FontWeight":null,"FontPostscriptName":"Eagle-Book","Files":{"\/Eagle-Book.css":"\/Eagle-Book.css","\/eagle-book.afm":"\/eagle-book.afm","\/eagle-book.cef":"\/eagle-book.cef","\/eagle-book.cff":"\/eagle-book.cff","\/eagle-book.eot":"\/eagle-book.eot","\/eagle-book.gai":"\/eagle-book.gai","\/eagle-book.gsf":"\/eagle-book.gsf","\/eagle-book.otf":"\/eagle-book.otf","\/eagle-book.pf3":"\/eagle-book.pf3","\/eagle-book.pfa":"\/eagle-book.pfa","\/eagle-book.pfb":"\/eagle-book.pfb","\/eagle-book.php":"\/eagle-book.php","\/eagle-book.pt3":"\/eagle-book.pt3","\/eagle-book.sfd":"\/eagle-book.sfd","\/eagle-book.svg":"\/eagle-book.svg","\/eagle-book.t42":"\/eagle-book.t42","\/eagle-book.ttd":"\/eagle-book.ttd","\/eagle-book.ttf":"\/eagle-book.ttf","\/eagle-book.ttg":"\/eagle-book.ttg","\/eagle-book.ufm":"\/eagle-book.ufm","\/eagle-book.woff":"\/eagle-book.woff","\/eagle-book.z":"\/eagle-book.z","\/font-resource.json":"\/font-resource.json","\/eagle-book.ufo\/feature.fea":"\/eagle-book.ufo\/feature.fea","\/eagle-book.ufo\/fontinfo.plist":"\/eagle-book.ufo\/fontinfo.plist","\/eagle-book.ufo\/groups.plist":"\/eagle-book.ufo\/groups.plist","\/eagle-book.ufo\/kerning.plist":"\/eagle-book.ufo\/kerning.plist","\/eagle-book.ufo\/metainfo.plist":"\/eagle-book.ufo\/metainfo.plist","\/eagle-book.ufo\/glyphs\/A_.glif":"\/eagle-book.ufo\/glyphs\/A_.glif","\/eagle-book.ufo\/glyphs\/A_E_.glif":"\/eagle-book.ufo\/glyphs\/A_E_.glif","\/eagle-book.ufo\/glyphs\/A_acute.glif":"\/eagle-book.ufo\/glyphs\/A_acute.glif","\/eagle-book.ufo\/glyphs\/A_circumflex.glif":"\/eagle-book.ufo\/glyphs\/A_circumflex.glif","\/eagle-book.ufo\/glyphs\/A_dieresis.glif":"\/eagle-book.ufo\/glyphs\/A_dieresis.glif","\/eagle-book.ufo\/glyphs\/A_grave.glif":"\/eagle-book.ufo\/glyphs\/A_grave.glif","\/eagle-book.ufo\/glyphs\/A_ring.glif":"\/eagle-book.ufo\/glyphs\/A_ring.glif","\/eagle-book.ufo\/glyphs\/A_tilde.glif":"\/eagle-book.ufo\/glyphs\/A_tilde.glif","\/eagle-book.ufo\/glyphs\/B_.glif":"\/eagle-book.ufo\/glyphs\/B_.glif","\/eagle-book.ufo\/glyphs\/C_.glif":"\/eagle-book.ufo\/glyphs\/C_.glif","\/eagle-book.ufo\/glyphs\/C_cedilla.glif":"\/eagle-book.ufo\/glyphs\/C_cedilla.glif","\/eagle-book.ufo\/glyphs\/D_.glif":"\/eagle-book.ufo\/glyphs\/D_.glif","\/eagle-book.ufo\/glyphs\/D_elta.glif":"\/eagle-book.ufo\/glyphs\/D_elta.glif","\/eagle-book.ufo\/glyphs\/E_.glif":"\/eagle-book.ufo\/glyphs\/E_.glif","\/eagle-book.ufo\/glyphs\/E_acute.glif":"\/eagle-book.ufo\/glyphs\/E_acute.glif","\/eagle-book.ufo\/glyphs\/E_circumflex.glif":"\/eagle-book.ufo\/glyphs\/E_circumflex.glif","\/eagle-book.ufo\/glyphs\/E_dieresis.glif":"\/eagle-book.ufo\/glyphs\/E_dieresis.glif","\/eagle-book.ufo\/glyphs\/E_grave.glif":"\/eagle-book.ufo\/glyphs\/E_grave.glif","\/eagle-book.ufo\/glyphs\/E_th.glif":"\/eagle-book.ufo\/glyphs\/E_th.glif","\/eagle-book.ufo\/glyphs\/F_.glif":"\/eagle-book.ufo\/glyphs\/F_.glif","\/eagle-book.ufo\/glyphs\/G_.glif":"\/eagle-book.ufo\/glyphs\/G_.glif","\/eagle-book.ufo\/glyphs\/H_.glif":"\/eagle-book.ufo\/glyphs\/H_.glif","\/eagle-book.ufo\/glyphs\/I_.glif":"\/eagle-book.ufo\/glyphs\/I_.glif","\/eagle-book.ufo\/glyphs\/I_acute.glif":"\/eagle-book.ufo\/glyphs\/I_acute.glif","\/eagle-book.ufo\/glyphs\/I_circumflex.glif":"\/eagle-book.ufo\/glyphs\/I_circumflex.glif","\/eagle-book.ufo\/glyphs\/I_dieresis.glif":"\/eagle-book.ufo\/glyphs\/I_dieresis.glif","\/eagle-book.ufo\/glyphs\/I_grave.glif":"\/eagle-book.ufo\/glyphs\/I_grave.glif","\/eagle-book.ufo\/glyphs\/J_.glif":"\/eagle-book.ufo\/glyphs\/J_.glif","\/eagle-book.ufo\/glyphs\/K_.glif":"\/eagle-book.ufo\/glyphs\/K_.glif","\/eagle-book.ufo\/glyphs\/L_.glif":"\/eagle-book.ufo\/glyphs\/L_.glif","\/eagle-book.ufo\/glyphs\/L_slash.glif":"\/eagle-book.ufo\/glyphs\/L_slash.glif","\/eagle-book.ufo\/glyphs\/M_.glif":"\/eagle-book.ufo\/glyphs\/M_.glif","\/eagle-book.ufo\/glyphs\/N_.glif":"\/eagle-book.ufo\/glyphs\/N_.glif","\/eagle-book.ufo\/glyphs\/N_U_L_.glif":"\/eagle-book.ufo\/glyphs\/N_U_L_.glif","\/eagle-book.ufo\/glyphs\/N_tilde.glif":"\/eagle-book.ufo\/glyphs\/N_tilde.glif","\/eagle-book.ufo\/glyphs\/O_.glif":"\/eagle-book.ufo\/glyphs\/O_.glif","\/eagle-book.ufo\/glyphs\/O_E_.glif":"\/eagle-book.ufo\/glyphs\/O_E_.glif","\/eagle-book.ufo\/glyphs\/O_acute.glif":"\/eagle-book.ufo\/glyphs\/O_acute.glif","\/eagle-book.ufo\/glyphs\/O_circumflex.glif":"\/eagle-book.ufo\/glyphs\/O_circumflex.glif","\/eagle-book.ufo\/glyphs\/O_dieresis.glif":"\/eagle-book.ufo\/glyphs\/O_dieresis.glif","\/eagle-book.ufo\/glyphs\/O_grave.glif":"\/eagle-book.ufo\/glyphs\/O_grave.glif","\/eagle-book.ufo\/glyphs\/O_mega.glif":"\/eagle-book.ufo\/glyphs\/O_mega.glif","\/eagle-book.ufo\/glyphs\/O_slash.glif":"\/eagle-book.ufo\/glyphs\/O_slash.glif","\/eagle-book.ufo\/glyphs\/O_tilde.glif":"\/eagle-book.ufo\/glyphs\/O_tilde.glif","\/eagle-book.ufo\/glyphs\/P_.glif":"\/eagle-book.ufo\/glyphs\/P_.glif","\/eagle-book.ufo\/glyphs\/Q_.glif":"\/eagle-book.ufo\/glyphs\/Q_.glif","\/eagle-book.ufo\/glyphs\/R_.glif":"\/eagle-book.ufo\/glyphs\/R_.glif","\/eagle-book.ufo\/glyphs\/S_.glif":"\/eagle-book.ufo\/glyphs\/S_.glif","\/eagle-book.ufo\/glyphs\/S_caron.glif":"\/eagle-book.ufo\/glyphs\/S_caron.glif","\/eagle-book.ufo\/glyphs\/T_.glif":"\/eagle-book.ufo\/glyphs\/T_.glif","\/eagle-book.ufo\/glyphs\/T_horn.glif":"\/eagle-book.ufo\/glyphs\/T_horn.glif","\/eagle-book.ufo\/glyphs\/U_.glif":"\/eagle-book.ufo\/glyphs\/U_.glif","\/eagle-book.ufo\/glyphs\/U_acute.glif":"\/eagle-book.ufo\/glyphs\/U_acute.glif","\/eagle-book.ufo\/glyphs\/U_circumflex.glif":"\/eagle-book.ufo\/glyphs\/U_circumflex.glif","\/eagle-book.ufo\/glyphs\/U_dieresis.glif":"\/eagle-book.ufo\/glyphs\/U_dieresis.glif","\/eagle-book.ufo\/glyphs\/U_grave.glif":"\/eagle-book.ufo\/glyphs\/U_grave.glif","\/eagle-book.ufo\/glyphs\/V_.glif":"\/eagle-book.ufo\/glyphs\/V_.glif","\/eagle-book.ufo\/glyphs\/W_.glif":"\/eagle-book.ufo\/glyphs\/W_.glif","\/eagle-book.ufo\/glyphs\/X_.glif":"\/eagle-book.ufo\/glyphs\/X_.glif","\/eagle-book.ufo\/glyphs\/Y_.glif":"\/eagle-book.ufo\/glyphs\/Y_.glif","\/eagle-book.ufo\/glyphs\/Y_acute.glif":"\/eagle-book.ufo\/glyphs\/Y_acute.glif","\/eagle-book.ufo\/glyphs\/Y_dieresis.glif":"\/eagle-book.ufo\/glyphs\/Y_dieresis.glif","\/eagle-book.ufo\/glyphs\/Z_.glif":"\/eagle-book.ufo\/glyphs\/Z_.glif","\/eagle-book.ufo\/glyphs\/Z_caron.glif":"\/eagle-book.ufo\/glyphs\/Z_caron.glif","\/eagle-book.ufo\/glyphs\/a.glif":"\/eagle-book.ufo\/glyphs\/a.glif","\/eagle-book.ufo\/glyphs\/aacute.glif":"\/eagle-book.ufo\/glyphs\/aacute.glif","\/eagle-book.ufo\/glyphs\/acircumflex.glif":"\/eagle-book.ufo\/glyphs\/acircumflex.glif","\/eagle-book.ufo\/glyphs\/acute.glif":"\/eagle-book.ufo\/glyphs\/acute.glif","\/eagle-book.ufo\/glyphs\/adieresis.glif":"\/eagle-book.ufo\/glyphs\/adieresis.glif","\/eagle-book.ufo\/glyphs\/ae.glif":"\/eagle-book.ufo\/glyphs\/ae.glif","\/eagle-book.ufo\/glyphs\/agrave.glif":"\/eagle-book.ufo\/glyphs\/agrave.glif","\/eagle-book.ufo\/glyphs\/ampersand.glif":"\/eagle-book.ufo\/glyphs\/ampersand.glif","\/eagle-book.ufo\/glyphs\/apple.glif":"\/eagle-book.ufo\/glyphs\/apple.glif","\/eagle-book.ufo\/glyphs\/approxequal.glif":"\/eagle-book.ufo\/glyphs\/approxequal.glif","\/eagle-book.ufo\/glyphs\/aring.glif":"\/eagle-book.ufo\/glyphs\/aring.glif","\/eagle-book.ufo\/glyphs\/asciicircum.glif":"\/eagle-book.ufo\/glyphs\/asciicircum.glif","\/eagle-book.ufo\/glyphs\/asciitilde.glif":"\/eagle-book.ufo\/glyphs\/asciitilde.glif","\/eagle-book.ufo\/glyphs\/asterisk.glif":"\/eagle-book.ufo\/glyphs\/asterisk.glif","\/eagle-book.ufo\/glyphs\/at.glif":"\/eagle-book.ufo\/glyphs\/at.glif","\/eagle-book.ufo\/glyphs\/atilde.glif":"\/eagle-book.ufo\/glyphs\/atilde.glif","\/eagle-book.ufo\/glyphs\/b.glif":"\/eagle-book.ufo\/glyphs\/b.glif","\/eagle-book.ufo\/glyphs\/backslash.glif":"\/eagle-book.ufo\/glyphs\/backslash.glif","\/eagle-book.ufo\/glyphs\/bar.glif":"\/eagle-book.ufo\/glyphs\/bar.glif","\/eagle-book.ufo\/glyphs\/braceleft.glif":"\/eagle-book.ufo\/glyphs\/braceleft.glif","\/eagle-book.ufo\/glyphs\/braceright.glif":"\/eagle-book.ufo\/glyphs\/braceright.glif","\/eagle-book.ufo\/glyphs\/bracketleft.glif":"\/eagle-book.ufo\/glyphs\/bracketleft.glif","\/eagle-book.ufo\/glyphs\/bracketright.glif":"\/eagle-book.ufo\/glyphs\/bracketright.glif","\/eagle-book.ufo\/glyphs\/breve.glif":"\/eagle-book.ufo\/glyphs\/breve.glif","\/eagle-book.ufo\/glyphs\/brokenbar.glif":"\/eagle-book.ufo\/glyphs\/brokenbar.glif","\/eagle-book.ufo\/glyphs\/bullet.glif":"\/eagle-book.ufo\/glyphs\/bullet.glif","\/eagle-book.ufo\/glyphs\/c.glif":"\/eagle-book.ufo\/glyphs\/c.glif","\/eagle-book.ufo\/glyphs\/caron.glif":"\/eagle-book.ufo\/glyphs\/caron.glif","\/eagle-book.ufo\/glyphs\/ccedilla.glif":"\/eagle-book.ufo\/glyphs\/ccedilla.glif","\/eagle-book.ufo\/glyphs\/cedilla.glif":"\/eagle-book.ufo\/glyphs\/cedilla.glif","\/eagle-book.ufo\/glyphs\/cent.glif":"\/eagle-book.ufo\/glyphs\/cent.glif","\/eagle-book.ufo\/glyphs\/circumflex.glif":"\/eagle-book.ufo\/glyphs\/circumflex.glif","\/eagle-book.ufo\/glyphs\/colon.glif":"\/eagle-book.ufo\/glyphs\/colon.glif","\/eagle-book.ufo\/glyphs\/comma.glif":"\/eagle-book.ufo\/glyphs\/comma.glif","\/eagle-book.ufo\/glyphs\/contents.plist":"\/eagle-book.ufo\/glyphs\/contents.plist","\/eagle-book.ufo\/glyphs\/copyright.glif":"\/eagle-book.ufo\/glyphs\/copyright.glif","\/eagle-book.ufo\/glyphs\/currency.glif":"\/eagle-book.ufo\/glyphs\/currency.glif","\/eagle-book.ufo\/glyphs\/d.glif":"\/eagle-book.ufo\/glyphs\/d.glif","\/eagle-book.ufo\/glyphs\/dagger.glif":"\/eagle-book.ufo\/glyphs\/dagger.glif","\/eagle-book.ufo\/glyphs\/daggerdbl.glif":"\/eagle-book.ufo\/glyphs\/daggerdbl.glif","\/eagle-book.ufo\/glyphs\/degree.glif":"\/eagle-book.ufo\/glyphs\/degree.glif","\/eagle-book.ufo\/glyphs\/dieresis.glif":"\/eagle-book.ufo\/glyphs\/dieresis.glif","\/eagle-book.ufo\/glyphs\/divide.glif":"\/eagle-book.ufo\/glyphs\/divide.glif","\/eagle-book.ufo\/glyphs\/dollar.glif":"\/eagle-book.ufo\/glyphs\/dollar.glif","\/eagle-book.ufo\/glyphs\/dotaccent.glif":"\/eagle-book.ufo\/glyphs\/dotaccent.glif","\/eagle-book.ufo\/glyphs\/dotlessi.glif":"\/eagle-book.ufo\/glyphs\/dotlessi.glif","\/eagle-book.ufo\/glyphs\/e.glif":"\/eagle-book.ufo\/glyphs\/e.glif","\/eagle-book.ufo\/glyphs\/eacute.glif":"\/eagle-book.ufo\/glyphs\/eacute.glif","\/eagle-book.ufo\/glyphs\/ecircumflex.glif":"\/eagle-book.ufo\/glyphs\/ecircumflex.glif","\/eagle-book.ufo\/glyphs\/edieresis.glif":"\/eagle-book.ufo\/glyphs\/edieresis.glif","\/eagle-book.ufo\/glyphs\/egrave.glif":"\/eagle-book.ufo\/glyphs\/egrave.glif","\/eagle-book.ufo\/glyphs\/eight.glif":"\/eagle-book.ufo\/glyphs\/eight.glif","\/eagle-book.ufo\/glyphs\/ellipsis.glif":"\/eagle-book.ufo\/glyphs\/ellipsis.glif","\/eagle-book.ufo\/glyphs\/emdash.glif":"\/eagle-book.ufo\/glyphs\/emdash.glif","\/eagle-book.ufo\/glyphs\/endash.glif":"\/eagle-book.ufo\/glyphs\/endash.glif","\/eagle-book.ufo\/glyphs\/equal.glif":"\/eagle-book.ufo\/glyphs\/equal.glif","\/eagle-book.ufo\/glyphs\/eth.glif":"\/eagle-book.ufo\/glyphs\/eth.glif","\/eagle-book.ufo\/glyphs\/exclam.glif":"\/eagle-book.ufo\/glyphs\/exclam.glif","\/eagle-book.ufo\/glyphs\/exclamdown.glif":"\/eagle-book.ufo\/glyphs\/exclamdown.glif","\/eagle-book.ufo\/glyphs\/f.glif":"\/eagle-book.ufo\/glyphs\/f.glif","\/eagle-book.ufo\/glyphs\/fi.glif":"\/eagle-book.ufo\/glyphs\/fi.glif","\/eagle-book.ufo\/glyphs\/five.glif":"\/eagle-book.ufo\/glyphs\/five.glif","\/eagle-book.ufo\/glyphs\/fl.glif":"\/eagle-book.ufo\/glyphs\/fl.glif","\/eagle-book.ufo\/glyphs\/florin.glif":"\/eagle-book.ufo\/glyphs\/florin.glif","\/eagle-book.ufo\/glyphs\/four.glif":"\/eagle-book.ufo\/glyphs\/four.glif","\/eagle-book.ufo\/glyphs\/fraction.glif":"\/eagle-book.ufo\/glyphs\/fraction.glif","\/eagle-book.ufo\/glyphs\/g.glif":"\/eagle-book.ufo\/glyphs\/g.glif","\/eagle-book.ufo\/glyphs\/germandbls.glif":"\/eagle-book.ufo\/glyphs\/germandbls.glif","\/eagle-book.ufo\/glyphs\/grave.glif":"\/eagle-book.ufo\/glyphs\/grave.glif","\/eagle-book.ufo\/glyphs\/greater.glif":"\/eagle-book.ufo\/glyphs\/greater.glif","\/eagle-book.ufo\/glyphs\/greaterequal.glif":"\/eagle-book.ufo\/glyphs\/greaterequal.glif","\/eagle-book.ufo\/glyphs\/guillemotleft.glif":"\/eagle-book.ufo\/glyphs\/guillemotleft.glif","\/eagle-book.ufo\/glyphs\/guillemotright.glif":"\/eagle-book.ufo\/glyphs\/guillemotright.glif","\/eagle-book.ufo\/glyphs\/guilsinglleft.glif":"\/eagle-book.ufo\/glyphs\/guilsinglleft.glif","\/eagle-book.ufo\/glyphs\/guilsinglright.glif":"\/eagle-book.ufo\/glyphs\/guilsinglright.glif","\/eagle-book.ufo\/glyphs\/h.glif":"\/eagle-book.ufo\/glyphs\/h.glif","\/eagle-book.ufo\/glyphs\/hungarumlaut.glif":"\/eagle-book.ufo\/glyphs\/hungarumlaut.glif","\/eagle-book.ufo\/glyphs\/hyphen.glif":"\/eagle-book.ufo\/glyphs\/hyphen.glif","\/eagle-book.ufo\/glyphs\/i.glif":"\/eagle-book.ufo\/glyphs\/i.glif","\/eagle-book.ufo\/glyphs\/iacute.glif":"\/eagle-book.ufo\/glyphs\/iacute.glif","\/eagle-book.ufo\/glyphs\/icircumflex.glif":"\/eagle-book.ufo\/glyphs\/icircumflex.glif","\/eagle-book.ufo\/glyphs\/idieresis.glif":"\/eagle-book.ufo\/glyphs\/idieresis.glif","\/eagle-book.ufo\/glyphs\/igrave.glif":"\/eagle-book.ufo\/glyphs\/igrave.glif","\/eagle-book.ufo\/glyphs\/infinity.glif":"\/eagle-book.ufo\/glyphs\/infinity.glif","\/eagle-book.ufo\/glyphs\/integral.glif":"\/eagle-book.ufo\/glyphs\/integral.glif","\/eagle-book.ufo\/glyphs\/j.glif":"\/eagle-book.ufo\/glyphs\/j.glif","\/eagle-book.ufo\/glyphs\/k.glif":"\/eagle-book.ufo\/glyphs\/k.glif","\/eagle-book.ufo\/glyphs\/l.glif":"\/eagle-book.ufo\/glyphs\/l.glif","\/eagle-book.ufo\/glyphs\/less.glif":"\/eagle-book.ufo\/glyphs\/less.glif","\/eagle-book.ufo\/glyphs\/lessequal.glif":"\/eagle-book.ufo\/glyphs\/lessequal.glif","\/eagle-book.ufo\/glyphs\/logicalnot.glif":"\/eagle-book.ufo\/glyphs\/logicalnot.glif","\/eagle-book.ufo\/glyphs\/lozenge.glif":"\/eagle-book.ufo\/glyphs\/lozenge.glif","\/eagle-book.ufo\/glyphs\/lslash.glif":"\/eagle-book.ufo\/glyphs\/lslash.glif","\/eagle-book.ufo\/glyphs\/m.glif":"\/eagle-book.ufo\/glyphs\/m.glif","\/eagle-book.ufo\/glyphs\/macron.glif":"\/eagle-book.ufo\/glyphs\/macron.glif","\/eagle-book.ufo\/glyphs\/minus.glif":"\/eagle-book.ufo\/glyphs\/minus.glif","\/eagle-book.ufo\/glyphs\/mu.glif":"\/eagle-book.ufo\/glyphs\/mu.glif","\/eagle-book.ufo\/glyphs\/multiply.glif":"\/eagle-book.ufo\/glyphs\/multiply.glif","\/eagle-book.ufo\/glyphs\/n.glif":"\/eagle-book.ufo\/glyphs\/n.glif","\/eagle-book.ufo\/glyphs\/nbspace.glif":"\/eagle-book.ufo\/glyphs\/nbspace.glif","\/eagle-book.ufo\/glyphs\/nine.glif":"\/eagle-book.ufo\/glyphs\/nine.glif","\/eagle-book.ufo\/glyphs\/notequal.glif":"\/eagle-book.ufo\/glyphs\/notequal.glif","\/eagle-book.ufo\/glyphs\/ntilde.glif":"\/eagle-book.ufo\/glyphs\/ntilde.glif","\/eagle-book.ufo\/glyphs\/numbersign.glif":"\/eagle-book.ufo\/glyphs\/numbersign.glif","\/eagle-book.ufo\/glyphs\/o.glif":"\/eagle-book.ufo\/glyphs\/o.glif","\/eagle-book.ufo\/glyphs\/oacute.glif":"\/eagle-book.ufo\/glyphs\/oacute.glif","\/eagle-book.ufo\/glyphs\/ocircumflex.glif":"\/eagle-book.ufo\/glyphs\/ocircumflex.glif","\/eagle-book.ufo\/glyphs\/odieresis.glif":"\/eagle-book.ufo\/glyphs\/odieresis.glif","\/eagle-book.ufo\/glyphs\/oe.glif":"\/eagle-book.ufo\/glyphs\/oe.glif","\/eagle-book.ufo\/glyphs\/ogonek.glif":"\/eagle-book.ufo\/glyphs\/ogonek.glif","\/eagle-book.ufo\/glyphs\/ograve.glif":"\/eagle-book.ufo\/glyphs\/ograve.glif","\/eagle-book.ufo\/glyphs\/one.glif":"\/eagle-book.ufo\/glyphs\/one.glif","\/eagle-book.ufo\/glyphs\/onehalf.glif":"\/eagle-book.ufo\/glyphs\/onehalf.glif","\/eagle-book.ufo\/glyphs\/onequarter.glif":"\/eagle-book.ufo\/glyphs\/onequarter.glif","\/eagle-book.ufo\/glyphs\/onesuperior.glif":"\/eagle-book.ufo\/glyphs\/onesuperior.glif","\/eagle-book.ufo\/glyphs\/ordfeminine.glif":"\/eagle-book.ufo\/glyphs\/ordfeminine.glif","\/eagle-book.ufo\/glyphs\/ordmasculine.glif":"\/eagle-book.ufo\/glyphs\/ordmasculine.glif","\/eagle-book.ufo\/glyphs\/oslash.glif":"\/eagle-book.ufo\/glyphs\/oslash.glif","\/eagle-book.ufo\/glyphs\/otilde.glif":"\/eagle-book.ufo\/glyphs\/otilde.glif","\/eagle-book.ufo\/glyphs\/p.glif":"\/eagle-book.ufo\/glyphs\/p.glif","\/eagle-book.ufo\/glyphs\/paragraph.glif":"\/eagle-book.ufo\/glyphs\/paragraph.glif","\/eagle-book.ufo\/glyphs\/parenleft.glif":"\/eagle-book.ufo\/glyphs\/parenleft.glif","\/eagle-book.ufo\/glyphs\/parenright.glif":"\/eagle-book.ufo\/glyphs\/parenright.glif","\/eagle-book.ufo\/glyphs\/partialdiff.glif":"\/eagle-book.ufo\/glyphs\/partialdiff.glif","\/eagle-book.ufo\/glyphs\/percent.glif":"\/eagle-book.ufo\/glyphs\/percent.glif","\/eagle-book.ufo\/glyphs\/period.glif":"\/eagle-book.ufo\/glyphs\/period.glif","\/eagle-book.ufo\/glyphs\/periodcentered.glif":"\/eagle-book.ufo\/glyphs\/periodcentered.glif","\/eagle-book.ufo\/glyphs\/perthousand.glif":"\/eagle-book.ufo\/glyphs\/perthousand.glif","\/eagle-book.ufo\/glyphs\/pi.glif":"\/eagle-book.ufo\/glyphs\/pi.glif","\/eagle-book.ufo\/glyphs\/plus.glif":"\/eagle-book.ufo\/glyphs\/plus.glif","\/eagle-book.ufo\/glyphs\/plusminus.glif":"\/eagle-book.ufo\/glyphs\/plusminus.glif","\/eagle-book.ufo\/glyphs\/product.glif":"\/eagle-book.ufo\/glyphs\/product.glif","\/eagle-book.ufo\/glyphs\/q.glif":"\/eagle-book.ufo\/glyphs\/q.glif","\/eagle-book.ufo\/glyphs\/question.glif":"\/eagle-book.ufo\/glyphs\/question.glif","\/eagle-book.ufo\/glyphs\/questiondown.glif":"\/eagle-book.ufo\/glyphs\/questiondown.glif","\/eagle-book.ufo\/glyphs\/quotedbl.glif":"\/eagle-book.ufo\/glyphs\/quotedbl.glif","\/eagle-book.ufo\/glyphs\/quotedblbase.glif":"\/eagle-book.ufo\/glyphs\/quotedblbase.glif","\/eagle-book.ufo\/glyphs\/quotedblleft.glif":"\/eagle-book.ufo\/glyphs\/quotedblleft.glif","\/eagle-book.ufo\/glyphs\/quotedblright.glif":"\/eagle-book.ufo\/glyphs\/quotedblright.glif","\/eagle-book.ufo\/glyphs\/quoteleft.glif":"\/eagle-book.ufo\/glyphs\/quoteleft.glif","\/eagle-book.ufo\/glyphs\/quoteright.glif":"\/eagle-book.ufo\/glyphs\/quoteright.glif","\/eagle-book.ufo\/glyphs\/quotesinglbase.glif":"\/eagle-book.ufo\/glyphs\/quotesinglbase.glif","\/eagle-book.ufo\/glyphs\/quotesingle.glif":"\/eagle-book.ufo\/glyphs\/quotesingle.glif","\/eagle-book.ufo\/glyphs\/r.glif":"\/eagle-book.ufo\/glyphs\/r.glif","\/eagle-book.ufo\/glyphs\/radical.glif":"\/eagle-book.ufo\/glyphs\/radical.glif","\/eagle-book.ufo\/glyphs\/registered.glif":"\/eagle-book.ufo\/glyphs\/registered.glif","\/eagle-book.ufo\/glyphs\/ring.glif":"\/eagle-book.ufo\/glyphs\/ring.glif","\/eagle-book.ufo\/glyphs\/s.glif":"\/eagle-book.ufo\/glyphs\/s.glif","\/eagle-book.ufo\/glyphs\/scaron.glif":"\/eagle-book.ufo\/glyphs\/scaron.glif","\/eagle-book.ufo\/glyphs\/section.glif":"\/eagle-book.ufo\/glyphs\/section.glif","\/eagle-book.ufo\/glyphs\/semicolon.glif":"\/eagle-book.ufo\/glyphs\/semicolon.glif","\/eagle-book.ufo\/glyphs\/seven.glif":"\/eagle-book.ufo\/glyphs\/seven.glif","\/eagle-book.ufo\/glyphs\/six.glif":"\/eagle-book.ufo\/glyphs\/six.glif","\/eagle-book.ufo\/glyphs\/slash.glif":"\/eagle-book.ufo\/glyphs\/slash.glif","\/eagle-book.ufo\/glyphs\/space.glif":"\/eagle-book.ufo\/glyphs\/space.glif","\/eagle-book.ufo\/glyphs\/sterling.glif":"\/eagle-book.ufo\/glyphs\/sterling.glif","\/eagle-book.ufo\/glyphs\/summation.glif":"\/eagle-book.ufo\/glyphs\/summation.glif","\/eagle-book.ufo\/glyphs\/t.glif":"\/eagle-book.ufo\/glyphs\/t.glif","\/eagle-book.ufo\/glyphs\/thorn.glif":"\/eagle-book.ufo\/glyphs\/thorn.glif","\/eagle-book.ufo\/glyphs\/three.glif":"\/eagle-book.ufo\/glyphs\/three.glif","\/eagle-book.ufo\/glyphs\/threequarters.glif":"\/eagle-book.ufo\/glyphs\/threequarters.glif","\/eagle-book.ufo\/glyphs\/threesuperior.glif":"\/eagle-book.ufo\/glyphs\/threesuperior.glif","\/eagle-book.ufo\/glyphs\/tilde.glif":"\/eagle-book.ufo\/glyphs\/tilde.glif","\/eagle-book.ufo\/glyphs\/trademark.glif":"\/eagle-book.ufo\/glyphs\/trademark.glif","\/eagle-book.ufo\/glyphs\/two.glif":"\/eagle-book.ufo\/glyphs\/two.glif","\/eagle-book.ufo\/glyphs\/twosuperior.glif":"\/eagle-book.ufo\/glyphs\/twosuperior.glif","\/eagle-book.ufo\/glyphs\/u.glif":"\/eagle-book.ufo\/glyphs\/u.glif","\/eagle-book.ufo\/glyphs\/uacute.glif":"\/eagle-book.ufo\/glyphs\/uacute.glif","\/eagle-book.ufo\/glyphs\/ucircumflex.glif":"\/eagle-book.ufo\/glyphs\/ucircumflex.glif","\/eagle-book.ufo\/glyphs\/udieresis.glif":"\/eagle-book.ufo\/glyphs\/udieresis.glif","\/eagle-book.ufo\/glyphs\/ugrave.glif":"\/eagle-book.ufo\/glyphs\/ugrave.glif","\/eagle-book.ufo\/glyphs\/underscore.glif":"\/eagle-book.ufo\/glyphs\/underscore.glif","\/eagle-book.ufo\/glyphs\/v.glif":"\/eagle-book.ufo\/glyphs\/v.glif","\/eagle-book.ufo\/glyphs\/w.glif":"\/eagle-book.ufo\/glyphs\/w.glif","\/eagle-book.ufo\/glyphs\/x.glif":"\/eagle-book.ufo\/glyphs\/x.glif","\/eagle-book.ufo\/glyphs\/y.glif":"\/eagle-book.ufo\/glyphs\/y.glif","\/eagle-book.ufo\/glyphs\/yacute.glif":"\/eagle-book.ufo\/glyphs\/yacute.glif","\/eagle-book.ufo\/glyphs\/ydieresis.glif":"\/eagle-book.ufo\/glyphs\/ydieresis.glif","\/eagle-book.ufo\/glyphs\/yen.glif":"\/eagle-book.ufo\/glyphs\/yen.glif","\/eagle-book.ufo\/glyphs\/z.glif":"\/eagle-book.ufo\/glyphs\/z.glif","\/eagle-book.ufo\/glyphs\/zcaron.glif":"\/eagle-book.ufo\/glyphs\/zcaron.glif","\/eagle-book.ufo\/glyphs\/zero.glif":"\/eagle-book.ufo\/glyphs\/zero.glif"},"Font":{"uploaded":1471128253.2459,"licence":"gpl3","company":"Chronolabs Cooperative","title":"Eagle Book","version":3.002,"date":"Fri Aug 12 15:57:47 2016","creator":"root","type":"1","matrix":"0.001 0 0 0.001 0 0","named":"Eagle-Book","painttype":"0","info":"10 dict dup","name":"Eagle-Book","family":"Eagle","weight":"Medium","fstype":"0","italicangle":"0","underlineposition":"","underlinethickness":""},"Licences":{"":false},"Table":{"FFTM":{"entryLength":16,"tag":"FFTM","checksum":1944410182,"offset":37104,"length":28},"GDEF":{"entryLength":16,"tag":"GDEF","checksum":19202054,"offset":37072,"length":32},"OS\/2":{"entryLength":16,"tag":"OS\/2","checksum":2008365966,"offset":344,"length":86},"cmap":{"entryLength":16,"tag":"cmap","checksum":3901671643,"offset":1424,"length":654},"gasp":{"entryLength":16,"tag":"gasp","checksum":4294901763,"offset":37064,"length":8},"glyf":{"entryLength":16,"tag":"glyf","checksum":2674476145,"offset":2580,"length":33348},"head":{"entryLength":16,"tag":"head","checksum":185895747,"offset":220,"length":54},"hhea":{"entryLength":16,"tag":"hhea","checksum":137757829,"offset":276,"length":36},"hmtx":{"entryLength":16,"tag":"hmtx","checksum":928261036,"offset":432,"length":992},"loca":{"entryLength":16,"tag":"loca","checksum":398719100,"offset":2080,"length":498},"maxp":{"entryLength":16,"tag":"maxp","checksum":21037181,"offset":312,"length":32},"name":{"entryLength":16,"tag":"name","checksum":611994985,"offset":35928,"length":591},"post":{"entryLength":16,"tag":"post","checksum":1462089643,"offset":36520,"length":542}},"UnicodeCharMap":{"32":3,"33":4,"34":5,"35":6,"36":7,"37":8,"38":9,"39":10,"40":11,"41":12,"42":13,"43":14,"44":15,"45":16,"46":17,"47":18,"48":19,"49":20,"50":21,"51":22,"52":23,"53":24,"54":25,"55":26,"56":27,"57":28,"58":29,"59":30,"60":31,"61":32,"62":33,"63":34,"64":35,"65":36,"66":37,"67":38,"68":39,"69":40,"70":41,"71":42,"72":43,"73":44,"74":45,"75":46,"76":47,"77":48,"78":49,"79":50,"80":51,"81":52,"82":53,"83":54,"84":55,"85":56,"86":57,"87":58,"88":59,"89":60,"90":61,"91":62,"92":63,"93":64,"94":65,"95":66,"96":67,"97":68,"98":69,"99":70,"100":71,"101":72,"102":73,"103":74,"104":75,"105":76,"106":77,"107":78,"108":79,"109":80,"110":81,"111":82,"112":83,"113":84,"114":85,"115":86,"116":87,"117":88,"118":89,"119":90,"120":91,"121":92,"122":93,"123":94,"124":95,"125":96,"126":97,"160":98,"161":99,"162":100,"163":101,"164":102,"165":103,"166":104,"167":105,"168":106,"169":107,"170":108,"171":109,"172":110,"174":111,"175":112,"176":113,"177":114,"178":115,"179":116,"180":117,"182":119,"183":120,"184":121,"185":122,"186":123,"187":124,"188":125,"189":126,"190":127,"191":128,"192":129,"193":130,"194":131,"195":132,"196":133,"197":134,"198":135,"199":136,"200":137,"201":138,"202":139,"203":140,"204":141,"205":142,"206":143,"207":144,"208":145,"209":146,"210":147,"211":148,"212":149,"213":150,"214":151,"215":152,"216":153,"217":154,"218":155,"219":156,"220":157,"221":158,"222":159,"223":160,"224":161,"225":162,"226":163,"227":164,"228":165,"229":166,"230":167,"231":168,"232":169,"233":170,"234":171,"235":172,"236":173,"237":174,"238":175,"239":176,"240":177,"241":178,"242":179,"243":180,"244":181,"245":182,"246":183,"247":184,"248":185,"249":186,"250":187,"251":188,"252":189,"253":190,"254":191,"255":192,"305":222,"321":220,"322":223,"338":221,"339":224,"352":226,"353":227,"376":246,"381":228,"382":229,"402":196,"710":211,"711":218,"728":213,"729":214,"730":215,"731":217,"732":212,"733":216,"916":244,"937":241,"956":118,"960":239,"8211":202,"8212":219,"8216":194,"8217":193,"8218":206,"8220":197,"8221":208,"8222":207,"8224":203,"8225":204,"8226":205,"8230":209,"8240":210,"8249":198,"8250":199,"8260":195,"8482":231,"8706":236,"8719":238,"8721":237,"8722":230,"8730":242,"8734":233,"8747":240,"8776":243,"8800":232,"8804":234,"8805":235,"9674":245,"64257":200,"64258":201},"Reserves":{"fontname":"Eagle Book"},"Names":{"Eagle Book":{"name":"Eagle Book","longitude":"0.00000001","latitude":"0.00000001","country":"","region":"","city":""}},"Nodes":{"ea":{"type":"typal","node":"ea","usage":1,"weight":1},"le":{"type":"typal","node":"le","usage":1,"weight":1},"bo":{"type":"typal","node":"bo","usage":1,"weight":1},"ok":{"type":"typal","node":"ok","usage":1,"weight":1},"eag":{"type":"typal","node":"eag","usage":1,"weight":1},"gle":{"type":"typal","node":"gle","usage":1,"weight":1},"boo":{"type":"typal","node":"boo","usage":1,"weight":1},"ook":{"type":"typal","node":"ook","usage":1,"weight":1},"eagl":{"type":"keys","node":"eagl","usage":1,"weight":1},"agle":{"type":"keys","node":"agle","usage":1,"weight":1},"eagle":{"type":"fixes","node":"eagle","usage":1,"weight":1},"book":{"type":"fixes","node":"book","usage":1,"weight":1}},"Contributors":[],"FontIdentity":"wagovau:3987fa469ae933740cd60a76","Bytes":null,"Networking":[],"barcode":"12oao3koy6guya","referee":"qiw2k2q"}