{"CSS":{"XmasOne":"XmasOne.css"},"FontType":"TrueType","FontCopyright":"Copyright (c)  M. Klein    11-04","FontName":"XmasOne","FontSubfamily":"Medium","FontSubfamilyID":"FontForge 2.0 : XmasOne : 29-10-2016","FontFullName":"Xmas One","FontVersion":"Version 1.0 2004-11-16 ","FontWeight":null,"FontPostscriptName":"XmasOne","Files":{"\/fonts\/Unpacking\/920346029834022d38bdd0ad421b5eeda6956fe2\/xmasone.afm":"\/fonts\/Unpacking\/920346029834022d38bdd0ad421b5eeda6956fe2\/xmasone.afm","\/fonts\/Unpacking\/920346029834022d38bdd0ad421b5eeda6956fe2\/xmasone.bin":"\/fonts\/Unpacking\/920346029834022d38bdd0ad421b5eeda6956fe2\/xmasone.bin","\/fonts\/Unpacking\/920346029834022d38bdd0ad421b5eeda6956fe2\/xmasone.cef":"\/fonts\/Unpacking\/920346029834022d38bdd0ad421b5eeda6956fe2\/xmasone.cef","\/fonts\/Unpacking\/920346029834022d38bdd0ad421b5eeda6956fe2\/xmasone.cff":"\/fonts\/Unpacking\/920346029834022d38bdd0ad421b5eeda6956fe2\/xmasone.cff","\/fonts\/Unpacking\/920346029834022d38bdd0ad421b5eeda6956fe2\/xmasone.cid":"\/fonts\/Unpacking\/920346029834022d38bdd0ad421b5eeda6956fe2\/xmasone.cid","\/fonts\/Unpacking\/920346029834022d38bdd0ad421b5eeda6956fe2\/xmasone.dfont":"\/fonts\/Unpacking\/920346029834022d38bdd0ad421b5eeda6956fe2\/xmasone.dfont","\/fonts\/Unpacking\/920346029834022d38bdd0ad421b5eeda6956fe2\/xmasone.eot":"\/fonts\/Unpacking\/920346029834022d38bdd0ad421b5eeda6956fe2\/xmasone.eot","\/fonts\/Unpacking\/920346029834022d38bdd0ad421b5eeda6956fe2\/xmasone.fon":"\/fonts\/Unpacking\/920346029834022d38bdd0ad421b5eeda6956fe2\/xmasone.fon","\/fonts\/Unpacking\/920346029834022d38bdd0ad421b5eeda6956fe2\/xmasone.gai":"\/fonts\/Unpacking\/920346029834022d38bdd0ad421b5eeda6956fe2\/xmasone.gai","\/fonts\/Unpacking\/920346029834022d38bdd0ad421b5eeda6956fe2\/xmasone.gsf":"\/fonts\/Unpacking\/920346029834022d38bdd0ad421b5eeda6956fe2\/xmasone.gsf","\/fonts\/Unpacking\/920346029834022d38bdd0ad421b5eeda6956fe2\/xmasone.hqx":"\/fonts\/Unpacking\/920346029834022d38bdd0ad421b5eeda6956fe2\/xmasone.hqx","\/fonts\/Unpacking\/920346029834022d38bdd0ad421b5eeda6956fe2\/xmasone.ik":"\/fonts\/Unpacking\/920346029834022d38bdd0ad421b5eeda6956fe2\/xmasone.ik","\/fonts\/Unpacking\/920346029834022d38bdd0ad421b5eeda6956fe2\/xmasone.mf":"\/fonts\/Unpacking\/920346029834022d38bdd0ad421b5eeda6956fe2\/xmasone.mf","\/fonts\/Unpacking\/920346029834022d38bdd0ad421b5eeda6956fe2\/xmasone.otf":"\/fonts\/Unpacking\/920346029834022d38bdd0ad421b5eeda6956fe2\/xmasone.otf","\/fonts\/Unpacking\/920346029834022d38bdd0ad421b5eeda6956fe2\/xmasone.pcf":"\/fonts\/Unpacking\/920346029834022d38bdd0ad421b5eeda6956fe2\/xmasone.pcf","\/fonts\/Unpacking\/920346029834022d38bdd0ad421b5eeda6956fe2\/xmasone.pf3":"\/fonts\/Unpacking\/920346029834022d38bdd0ad421b5eeda6956fe2\/xmasone.pf3","\/fonts\/Unpacking\/920346029834022d38bdd0ad421b5eeda6956fe2\/xmasone.pfa":"\/fonts\/Unpacking\/920346029834022d38bdd0ad421b5eeda6956fe2\/xmasone.pfa","\/fonts\/Unpacking\/920346029834022d38bdd0ad421b5eeda6956fe2\/xmasone.pfb":"\/fonts\/Unpacking\/920346029834022d38bdd0ad421b5eeda6956fe2\/xmasone.pfb","\/fonts\/Unpacking\/920346029834022d38bdd0ad421b5eeda6956fe2\/xmasone.php":"\/fonts\/Unpacking\/920346029834022d38bdd0ad421b5eeda6956fe2\/xmasone.php","\/fonts\/Unpacking\/920346029834022d38bdd0ad421b5eeda6956fe2\/xmasone.pmf":"\/fonts\/Unpacking\/920346029834022d38bdd0ad421b5eeda6956fe2\/xmasone.pmf","\/fonts\/Unpacking\/920346029834022d38bdd0ad421b5eeda6956fe2\/xmasone.pt3":"\/fonts\/Unpacking\/920346029834022d38bdd0ad421b5eeda6956fe2\/xmasone.pt3","\/fonts\/Unpacking\/920346029834022d38bdd0ad421b5eeda6956fe2\/xmasone.sfd":"\/fonts\/Unpacking\/920346029834022d38bdd0ad421b5eeda6956fe2\/xmasone.sfd","\/fonts\/Unpacking\/920346029834022d38bdd0ad421b5eeda6956fe2\/xmasone.svg":"\/fonts\/Unpacking\/920346029834022d38bdd0ad421b5eeda6956fe2\/xmasone.svg","\/fonts\/Unpacking\/920346029834022d38bdd0ad421b5eeda6956fe2\/xmasone.t42":"\/fonts\/Unpacking\/920346029834022d38bdd0ad421b5eeda6956fe2\/xmasone.t42","\/fonts\/Unpacking\/920346029834022d38bdd0ad421b5eeda6956fe2\/xmasone.ttd":"\/fonts\/Unpacking\/920346029834022d38bdd0ad421b5eeda6956fe2\/xmasone.ttd","\/fonts\/Unpacking\/920346029834022d38bdd0ad421b5eeda6956fe2\/xmasone.ttf":"\/fonts\/Unpacking\/920346029834022d38bdd0ad421b5eeda6956fe2\/xmasone.ttf","\/fonts\/Unpacking\/920346029834022d38bdd0ad421b5eeda6956fe2\/xmasone.ttg":"\/fonts\/Unpacking\/920346029834022d38bdd0ad421b5eeda6956fe2\/xmasone.ttg","\/fonts\/Unpacking\/920346029834022d38bdd0ad421b5eeda6956fe2\/xmasone.ufm":"\/fonts\/Unpacking\/920346029834022d38bdd0ad421b5eeda6956fe2\/xmasone.ufm","\/fonts\/Unpacking\/920346029834022d38bdd0ad421b5eeda6956fe2\/xmasone.woff":"\/fonts\/Unpacking\/920346029834022d38bdd0ad421b5eeda6956fe2\/xmasone.woff","\/fonts\/Unpacking\/920346029834022d38bdd0ad421b5eeda6956fe2\/xmasone.z":"\/fonts\/Unpacking\/920346029834022d38bdd0ad421b5eeda6956fe2\/xmasone.z","\/fonts\/Unpacking\/920346029834022d38bdd0ad421b5eeda6956fe2\/fonts\/Converting\/bc4a8f95b194cbb67045bc6404dd657f\/xmasone.eot":"\/fonts\/Unpacking\/920346029834022d38bdd0ad421b5eeda6956fe2\/fonts\/Converting\/bc4a8f95b194cbb67045bc6404dd657f\/xmasone.eot","\/fonts\/Unpacking\/920346029834022d38bdd0ad421b5eeda6956fe2\/xmasone.ufo\/feature.fea":"\/fonts\/Unpacking\/920346029834022d38bdd0ad421b5eeda6956fe2\/xmasone.ufo\/feature.fea","\/fonts\/Unpacking\/920346029834022d38bdd0ad421b5eeda6956fe2\/xmasone.ufo\/fontinfo.plist":"\/fonts\/Unpacking\/920346029834022d38bdd0ad421b5eeda6956fe2\/xmasone.ufo\/fontinfo.plist","\/fonts\/Unpacking\/920346029834022d38bdd0ad421b5eeda6956fe2\/xmasone.ufo\/groups.plist":"\/fonts\/Unpacking\/920346029834022d38bdd0ad421b5eeda6956fe2\/xmasone.ufo\/groups.plist","\/fonts\/Unpacking\/920346029834022d38bdd0ad421b5eeda6956fe2\/xmasone.ufo\/kerning.plist":"\/fonts\/Unpacking\/920346029834022d38bdd0ad421b5eeda6956fe2\/xmasone.ufo\/kerning.plist","\/fonts\/Unpacking\/920346029834022d38bdd0ad421b5eeda6956fe2\/xmasone.ufo\/metainfo.plist":"\/fonts\/Unpacking\/920346029834022d38bdd0ad421b5eeda6956fe2\/xmasone.ufo\/metainfo.plist","\/fonts\/Unpacking\/920346029834022d38bdd0ad421b5eeda6956fe2\/xmasone.ufo\/glyphs\/A_.glif":"\/fonts\/Unpacking\/920346029834022d38bdd0ad421b5eeda6956fe2\/xmasone.ufo\/glyphs\/A_.glif","\/fonts\/Unpacking\/920346029834022d38bdd0ad421b5eeda6956fe2\/xmasone.ufo\/glyphs\/A_E_.glif":"\/fonts\/Unpacking\/920346029834022d38bdd0ad421b5eeda6956fe2\/xmasone.ufo\/glyphs\/A_E_.glif","\/fonts\/Unpacking\/920346029834022d38bdd0ad421b5eeda6956fe2\/xmasone.ufo\/glyphs\/A_acute.glif":"\/fonts\/Unpacking\/920346029834022d38bdd0ad421b5eeda6956fe2\/xmasone.ufo\/glyphs\/A_acute.glif","\/fonts\/Unpacking\/920346029834022d38bdd0ad421b5eeda6956fe2\/xmasone.ufo\/glyphs\/A_circumflex.glif":"\/fonts\/Unpacking\/920346029834022d38bdd0ad421b5eeda6956fe2\/xmasone.ufo\/glyphs\/A_circumflex.glif","\/fonts\/Unpacking\/920346029834022d38bdd0ad421b5eeda6956fe2\/xmasone.ufo\/glyphs\/A_dieresis.glif":"\/fonts\/Unpacking\/920346029834022d38bdd0ad421b5eeda6956fe2\/xmasone.ufo\/glyphs\/A_dieresis.glif","\/fonts\/Unpacking\/920346029834022d38bdd0ad421b5eeda6956fe2\/xmasone.ufo\/glyphs\/A_grave.glif":"\/fonts\/Unpacking\/920346029834022d38bdd0ad421b5eeda6956fe2\/xmasone.ufo\/glyphs\/A_grave.glif","\/fonts\/Unpacking\/920346029834022d38bdd0ad421b5eeda6956fe2\/xmasone.ufo\/glyphs\/A_ring.glif":"\/fonts\/Unpacking\/920346029834022d38bdd0ad421b5eeda6956fe2\/xmasone.ufo\/glyphs\/A_ring.glif","\/fonts\/Unpacking\/920346029834022d38bdd0ad421b5eeda6956fe2\/xmasone.ufo\/glyphs\/A_tilde.glif":"\/fonts\/Unpacking\/920346029834022d38bdd0ad421b5eeda6956fe2\/xmasone.ufo\/glyphs\/A_tilde.glif","\/fonts\/Unpacking\/920346029834022d38bdd0ad421b5eeda6956fe2\/xmasone.ufo\/glyphs\/B_.glif":"\/fonts\/Unpacking\/920346029834022d38bdd0ad421b5eeda6956fe2\/xmasone.ufo\/glyphs\/B_.glif","\/fonts\/Unpacking\/920346029834022d38bdd0ad421b5eeda6956fe2\/xmasone.ufo\/glyphs\/C_.glif":"\/fonts\/Unpacking\/920346029834022d38bdd0ad421b5eeda6956fe2\/xmasone.ufo\/glyphs\/C_.glif","\/fonts\/Unpacking\/920346029834022d38bdd0ad421b5eeda6956fe2\/xmasone.ufo\/glyphs\/C_cedilla.glif":"\/fonts\/Unpacking\/920346029834022d38bdd0ad421b5eeda6956fe2\/xmasone.ufo\/glyphs\/C_cedilla.glif","\/fonts\/Unpacking\/920346029834022d38bdd0ad421b5eeda6956fe2\/xmasone.ufo\/glyphs\/D_.glif":"\/fonts\/Unpacking\/920346029834022d38bdd0ad421b5eeda6956fe2\/xmasone.ufo\/glyphs\/D_.glif","\/fonts\/Unpacking\/920346029834022d38bdd0ad421b5eeda6956fe2\/xmasone.ufo\/glyphs\/E_.glif":"\/fonts\/Unpacking\/920346029834022d38bdd0ad421b5eeda6956fe2\/xmasone.ufo\/glyphs\/E_.glif","\/fonts\/Unpacking\/920346029834022d38bdd0ad421b5eeda6956fe2\/xmasone.ufo\/glyphs\/E_acute.glif":"\/fonts\/Unpacking\/920346029834022d38bdd0ad421b5eeda6956fe2\/xmasone.ufo\/glyphs\/E_acute.glif","\/fonts\/Unpacking\/920346029834022d38bdd0ad421b5eeda6956fe2\/xmasone.ufo\/glyphs\/E_circumflex.glif":"\/fonts\/Unpacking\/920346029834022d38bdd0ad421b5eeda6956fe2\/xmasone.ufo\/glyphs\/E_circumflex.glif","\/fonts\/Unpacking\/920346029834022d38bdd0ad421b5eeda6956fe2\/xmasone.ufo\/glyphs\/E_dieresis.glif":"\/fonts\/Unpacking\/920346029834022d38bdd0ad421b5eeda6956fe2\/xmasone.ufo\/glyphs\/E_dieresis.glif","\/fonts\/Unpacking\/920346029834022d38bdd0ad421b5eeda6956fe2\/xmasone.ufo\/glyphs\/E_grave.glif":"\/fonts\/Unpacking\/920346029834022d38bdd0ad421b5eeda6956fe2\/xmasone.ufo\/glyphs\/E_grave.glif","\/fonts\/Unpacking\/920346029834022d38bdd0ad421b5eeda6956fe2\/xmasone.ufo\/glyphs\/E_th.glif":"\/fonts\/Unpacking\/920346029834022d38bdd0ad421b5eeda6956fe2\/xmasone.ufo\/glyphs\/E_th.glif","\/fonts\/Unpacking\/920346029834022d38bdd0ad421b5eeda6956fe2\/xmasone.ufo\/glyphs\/F_.glif":"\/fonts\/Unpacking\/920346029834022d38bdd0ad421b5eeda6956fe2\/xmasone.ufo\/glyphs\/F_.glif","\/fonts\/Unpacking\/920346029834022d38bdd0ad421b5eeda6956fe2\/xmasone.ufo\/glyphs\/G_.glif":"\/fonts\/Unpacking\/920346029834022d38bdd0ad421b5eeda6956fe2\/xmasone.ufo\/glyphs\/G_.glif","\/fonts\/Unpacking\/920346029834022d38bdd0ad421b5eeda6956fe2\/xmasone.ufo\/glyphs\/H_.glif":"\/fonts\/Unpacking\/920346029834022d38bdd0ad421b5eeda6956fe2\/xmasone.ufo\/glyphs\/H_.glif","\/fonts\/Unpacking\/920346029834022d38bdd0ad421b5eeda6956fe2\/xmasone.ufo\/glyphs\/I_.glif":"\/fonts\/Unpacking\/920346029834022d38bdd0ad421b5eeda6956fe2\/xmasone.ufo\/glyphs\/I_.glif","\/fonts\/Unpacking\/920346029834022d38bdd0ad421b5eeda6956fe2\/xmasone.ufo\/glyphs\/I_acute.glif":"\/fonts\/Unpacking\/920346029834022d38bdd0ad421b5eeda6956fe2\/xmasone.ufo\/glyphs\/I_acute.glif","\/fonts\/Unpacking\/920346029834022d38bdd0ad421b5eeda6956fe2\/xmasone.ufo\/glyphs\/I_circumflex.glif":"\/fonts\/Unpacking\/920346029834022d38bdd0ad421b5eeda6956fe2\/xmasone.ufo\/glyphs\/I_circumflex.glif","\/fonts\/Unpacking\/920346029834022d38bdd0ad421b5eeda6956fe2\/xmasone.ufo\/glyphs\/I_dieresis.glif":"\/fonts\/Unpacking\/920346029834022d38bdd0ad421b5eeda6956fe2\/xmasone.ufo\/glyphs\/I_dieresis.glif","\/fonts\/Unpacking\/920346029834022d38bdd0ad421b5eeda6956fe2\/xmasone.ufo\/glyphs\/I_grave.glif":"\/fonts\/Unpacking\/920346029834022d38bdd0ad421b5eeda6956fe2\/xmasone.ufo\/glyphs\/I_grave.glif","\/fonts\/Unpacking\/920346029834022d38bdd0ad421b5eeda6956fe2\/xmasone.ufo\/glyphs\/J_.glif":"\/fonts\/Unpacking\/920346029834022d38bdd0ad421b5eeda6956fe2\/xmasone.ufo\/glyphs\/J_.glif","\/fonts\/Unpacking\/920346029834022d38bdd0ad421b5eeda6956fe2\/xmasone.ufo\/glyphs\/K_.glif":"\/fonts\/Unpacking\/920346029834022d38bdd0ad421b5eeda6956fe2\/xmasone.ufo\/glyphs\/K_.glif","\/fonts\/Unpacking\/920346029834022d38bdd0ad421b5eeda6956fe2\/xmasone.ufo\/glyphs\/L_.glif":"\/fonts\/Unpacking\/920346029834022d38bdd0ad421b5eeda6956fe2\/xmasone.ufo\/glyphs\/L_.glif","\/fonts\/Unpacking\/920346029834022d38bdd0ad421b5eeda6956fe2\/xmasone.ufo\/glyphs\/L_slash.glif":"\/fonts\/Unpacking\/920346029834022d38bdd0ad421b5eeda6956fe2\/xmasone.ufo\/glyphs\/L_slash.glif","\/fonts\/Unpacking\/920346029834022d38bdd0ad421b5eeda6956fe2\/xmasone.ufo\/glyphs\/M_.glif":"\/fonts\/Unpacking\/920346029834022d38bdd0ad421b5eeda6956fe2\/xmasone.ufo\/glyphs\/M_.glif","\/fonts\/Unpacking\/920346029834022d38bdd0ad421b5eeda6956fe2\/xmasone.ufo\/glyphs\/N_.glif":"\/fonts\/Unpacking\/920346029834022d38bdd0ad421b5eeda6956fe2\/xmasone.ufo\/glyphs\/N_.glif","\/fonts\/Unpacking\/920346029834022d38bdd0ad421b5eeda6956fe2\/xmasone.ufo\/glyphs\/N_tilde.glif":"\/fonts\/Unpacking\/920346029834022d38bdd0ad421b5eeda6956fe2\/xmasone.ufo\/glyphs\/N_tilde.glif","\/fonts\/Unpacking\/920346029834022d38bdd0ad421b5eeda6956fe2\/xmasone.ufo\/glyphs\/O_.glif":"\/fonts\/Unpacking\/920346029834022d38bdd0ad421b5eeda6956fe2\/xmasone.ufo\/glyphs\/O_.glif","\/fonts\/Unpacking\/920346029834022d38bdd0ad421b5eeda6956fe2\/xmasone.ufo\/glyphs\/O_E_.glif":"\/fonts\/Unpacking\/920346029834022d38bdd0ad421b5eeda6956fe2\/xmasone.ufo\/glyphs\/O_E_.glif","\/fonts\/Unpacking\/920346029834022d38bdd0ad421b5eeda6956fe2\/xmasone.ufo\/glyphs\/O_acute.glif":"\/fonts\/Unpacking\/920346029834022d38bdd0ad421b5eeda6956fe2\/xmasone.ufo\/glyphs\/O_acute.glif","\/fonts\/Unpacking\/920346029834022d38bdd0ad421b5eeda6956fe2\/xmasone.ufo\/glyphs\/O_circumflex.glif":"\/fonts\/Unpacking\/920346029834022d38bdd0ad421b5eeda6956fe2\/xmasone.ufo\/glyphs\/O_circumflex.glif","\/fonts\/Unpacking\/920346029834022d38bdd0ad421b5eeda6956fe2\/xmasone.ufo\/glyphs\/O_dieresis.glif":"\/fonts\/Unpacking\/920346029834022d38bdd0ad421b5eeda6956fe2\/xmasone.ufo\/glyphs\/O_dieresis.glif","\/fonts\/Unpacking\/920346029834022d38bdd0ad421b5eeda6956fe2\/xmasone.ufo\/glyphs\/O_grave.glif":"\/fonts\/Unpacking\/920346029834022d38bdd0ad421b5eeda6956fe2\/xmasone.ufo\/glyphs\/O_grave.glif","\/fonts\/Unpacking\/920346029834022d38bdd0ad421b5eeda6956fe2\/xmasone.ufo\/glyphs\/O_slash.glif":"\/fonts\/Unpacking\/920346029834022d38bdd0ad421b5eeda6956fe2\/xmasone.ufo\/glyphs\/O_slash.glif","\/fonts\/Unpacking\/920346029834022d38bdd0ad421b5eeda6956fe2\/xmasone.ufo\/glyphs\/O_tilde.glif":"\/fonts\/Unpacking\/920346029834022d38bdd0ad421b5eeda6956fe2\/xmasone.ufo\/glyphs\/O_tilde.glif","\/fonts\/Unpacking\/920346029834022d38bdd0ad421b5eeda6956fe2\/xmasone.ufo\/glyphs\/P_.glif":"\/fonts\/Unpacking\/920346029834022d38bdd0ad421b5eeda6956fe2\/xmasone.ufo\/glyphs\/P_.glif","\/fonts\/Unpacking\/920346029834022d38bdd0ad421b5eeda6956fe2\/xmasone.ufo\/glyphs\/Q_.glif":"\/fonts\/Unpacking\/920346029834022d38bdd0ad421b5eeda6956fe2\/xmasone.ufo\/glyphs\/Q_.glif","\/fonts\/Unpacking\/920346029834022d38bdd0ad421b5eeda6956fe2\/xmasone.ufo\/glyphs\/R_.glif":"\/fonts\/Unpacking\/920346029834022d38bdd0ad421b5eeda6956fe2\/xmasone.ufo\/glyphs\/R_.glif","\/fonts\/Unpacking\/920346029834022d38bdd0ad421b5eeda6956fe2\/xmasone.ufo\/glyphs\/S_.glif":"\/fonts\/Unpacking\/920346029834022d38bdd0ad421b5eeda6956fe2\/xmasone.ufo\/glyphs\/S_.glif","\/fonts\/Unpacking\/920346029834022d38bdd0ad421b5eeda6956fe2\/xmasone.ufo\/glyphs\/S_caron.glif":"\/fonts\/Unpacking\/920346029834022d38bdd0ad421b5eeda6956fe2\/xmasone.ufo\/glyphs\/S_caron.glif","\/fonts\/Unpacking\/920346029834022d38bdd0ad421b5eeda6956fe2\/xmasone.ufo\/glyphs\/T_.glif":"\/fonts\/Unpacking\/920346029834022d38bdd0ad421b5eeda6956fe2\/xmasone.ufo\/glyphs\/T_.glif","\/fonts\/Unpacking\/920346029834022d38bdd0ad421b5eeda6956fe2\/xmasone.ufo\/glyphs\/T_horn.glif":"\/fonts\/Unpacking\/920346029834022d38bdd0ad421b5eeda6956fe2\/xmasone.ufo\/glyphs\/T_horn.glif","\/fonts\/Unpacking\/920346029834022d38bdd0ad421b5eeda6956fe2\/xmasone.ufo\/glyphs\/U_.glif":"\/fonts\/Unpacking\/920346029834022d38bdd0ad421b5eeda6956fe2\/xmasone.ufo\/glyphs\/U_.glif","\/fonts\/Unpacking\/920346029834022d38bdd0ad421b5eeda6956fe2\/xmasone.ufo\/glyphs\/U_acute.glif":"\/fonts\/Unpacking\/920346029834022d38bdd0ad421b5eeda6956fe2\/xmasone.ufo\/glyphs\/U_acute.glif","\/fonts\/Unpacking\/920346029834022d38bdd0ad421b5eeda6956fe2\/xmasone.ufo\/glyphs\/U_circumflex.glif":"\/fonts\/Unpacking\/920346029834022d38bdd0ad421b5eeda6956fe2\/xmasone.ufo\/glyphs\/U_circumflex.glif","\/fonts\/Unpacking\/920346029834022d38bdd0ad421b5eeda6956fe2\/xmasone.ufo\/glyphs\/U_dieresis.glif":"\/fonts\/Unpacking\/920346029834022d38bdd0ad421b5eeda6956fe2\/xmasone.ufo\/glyphs\/U_dieresis.glif","\/fonts\/Unpacking\/920346029834022d38bdd0ad421b5eeda6956fe2\/xmasone.ufo\/glyphs\/U_grave.glif":"\/fonts\/Unpacking\/920346029834022d38bdd0ad421b5eeda6956fe2\/xmasone.ufo\/glyphs\/U_grave.glif","\/fonts\/Unpacking\/920346029834022d38bdd0ad421b5eeda6956fe2\/xmasone.ufo\/glyphs\/V_.glif":"\/fonts\/Unpacking\/920346029834022d38bdd0ad421b5eeda6956fe2\/xmasone.ufo\/glyphs\/V_.glif","\/fonts\/Unpacking\/920346029834022d38bdd0ad421b5eeda6956fe2\/xmasone.ufo\/glyphs\/W_.glif":"\/fonts\/Unpacking\/920346029834022d38bdd0ad421b5eeda6956fe2\/xmasone.ufo\/glyphs\/W_.glif","\/fonts\/Unpacking\/920346029834022d38bdd0ad421b5eeda6956fe2\/xmasone.ufo\/glyphs\/X_.glif":"\/fonts\/Unpacking\/920346029834022d38bdd0ad421b5eeda6956fe2\/xmasone.ufo\/glyphs\/X_.glif","\/fonts\/Unpacking\/920346029834022d38bdd0ad421b5eeda6956fe2\/xmasone.ufo\/glyphs\/Y_.glif":"\/fonts\/Unpacking\/920346029834022d38bdd0ad421b5eeda6956fe2\/xmasone.ufo\/glyphs\/Y_.glif","\/fonts\/Unpacking\/920346029834022d38bdd0ad421b5eeda6956fe2\/xmasone.ufo\/glyphs\/Y_acute.glif":"\/fonts\/Unpacking\/920346029834022d38bdd0ad421b5eeda6956fe2\/xmasone.ufo\/glyphs\/Y_acute.glif","\/fonts\/Unpacking\/920346029834022d38bdd0ad421b5eeda6956fe2\/xmasone.ufo\/glyphs\/Y_dieresis.glif":"\/fonts\/Unpacking\/920346029834022d38bdd0ad421b5eeda6956fe2\/xmasone.ufo\/glyphs\/Y_dieresis.glif","\/fonts\/Unpacking\/920346029834022d38bdd0ad421b5eeda6956fe2\/xmasone.ufo\/glyphs\/Z_.glif":"\/fonts\/Unpacking\/920346029834022d38bdd0ad421b5eeda6956fe2\/xmasone.ufo\/glyphs\/Z_.glif","\/fonts\/Unpacking\/920346029834022d38bdd0ad421b5eeda6956fe2\/xmasone.ufo\/glyphs\/Z_caron.glif":"\/fonts\/Unpacking\/920346029834022d38bdd0ad421b5eeda6956fe2\/xmasone.ufo\/glyphs\/Z_caron.glif","\/fonts\/Unpacking\/920346029834022d38bdd0ad421b5eeda6956fe2\/xmasone.ufo\/glyphs\/a.glif":"\/fonts\/Unpacking\/920346029834022d38bdd0ad421b5eeda6956fe2\/xmasone.ufo\/glyphs\/a.glif","\/fonts\/Unpacking\/920346029834022d38bdd0ad421b5eeda6956fe2\/xmasone.ufo\/glyphs\/aacute.glif":"\/fonts\/Unpacking\/920346029834022d38bdd0ad421b5eeda6956fe2\/xmasone.ufo\/glyphs\/aacute.glif","\/fonts\/Unpacking\/920346029834022d38bdd0ad421b5eeda6956fe2\/xmasone.ufo\/glyphs\/acircumflex.glif":"\/fonts\/Unpacking\/920346029834022d38bdd0ad421b5eeda6956fe2\/xmasone.ufo\/glyphs\/acircumflex.glif","\/fonts\/Unpacking\/920346029834022d38bdd0ad421b5eeda6956fe2\/xmasone.ufo\/glyphs\/acute.glif":"\/fonts\/Unpacking\/920346029834022d38bdd0ad421b5eeda6956fe2\/xmasone.ufo\/glyphs\/acute.glif","\/fonts\/Unpacking\/920346029834022d38bdd0ad421b5eeda6956fe2\/xmasone.ufo\/glyphs\/adieresis.glif":"\/fonts\/Unpacking\/920346029834022d38bdd0ad421b5eeda6956fe2\/xmasone.ufo\/glyphs\/adieresis.glif","\/fonts\/Unpacking\/920346029834022d38bdd0ad421b5eeda6956fe2\/xmasone.ufo\/glyphs\/ae.glif":"\/fonts\/Unpacking\/920346029834022d38bdd0ad421b5eeda6956fe2\/xmasone.ufo\/glyphs\/ae.glif","\/fonts\/Unpacking\/920346029834022d38bdd0ad421b5eeda6956fe2\/xmasone.ufo\/glyphs\/agrave.glif":"\/fonts\/Unpacking\/920346029834022d38bdd0ad421b5eeda6956fe2\/xmasone.ufo\/glyphs\/agrave.glif","\/fonts\/Unpacking\/920346029834022d38bdd0ad421b5eeda6956fe2\/xmasone.ufo\/glyphs\/ampersand.glif":"\/fonts\/Unpacking\/920346029834022d38bdd0ad421b5eeda6956fe2\/xmasone.ufo\/glyphs\/ampersand.glif","\/fonts\/Unpacking\/920346029834022d38bdd0ad421b5eeda6956fe2\/xmasone.ufo\/glyphs\/aring.glif":"\/fonts\/Unpacking\/920346029834022d38bdd0ad421b5eeda6956fe2\/xmasone.ufo\/glyphs\/aring.glif","\/fonts\/Unpacking\/920346029834022d38bdd0ad421b5eeda6956fe2\/xmasone.ufo\/glyphs\/asciicircum.glif":"\/fonts\/Unpacking\/920346029834022d38bdd0ad421b5eeda6956fe2\/xmasone.ufo\/glyphs\/asciicircum.glif","\/fonts\/Unpacking\/920346029834022d38bdd0ad421b5eeda6956fe2\/xmasone.ufo\/glyphs\/asciitilde.glif":"\/fonts\/Unpacking\/920346029834022d38bdd0ad421b5eeda6956fe2\/xmasone.ufo\/glyphs\/asciitilde.glif","\/fonts\/Unpacking\/920346029834022d38bdd0ad421b5eeda6956fe2\/xmasone.ufo\/glyphs\/asterisk.glif":"\/fonts\/Unpacking\/920346029834022d38bdd0ad421b5eeda6956fe2\/xmasone.ufo\/glyphs\/asterisk.glif","\/fonts\/Unpacking\/920346029834022d38bdd0ad421b5eeda6956fe2\/xmasone.ufo\/glyphs\/at.glif":"\/fonts\/Unpacking\/920346029834022d38bdd0ad421b5eeda6956fe2\/xmasone.ufo\/glyphs\/at.glif","\/fonts\/Unpacking\/920346029834022d38bdd0ad421b5eeda6956fe2\/xmasone.ufo\/glyphs\/atilde.glif":"\/fonts\/Unpacking\/920346029834022d38bdd0ad421b5eeda6956fe2\/xmasone.ufo\/glyphs\/atilde.glif","\/fonts\/Unpacking\/920346029834022d38bdd0ad421b5eeda6956fe2\/xmasone.ufo\/glyphs\/b.glif":"\/fonts\/Unpacking\/920346029834022d38bdd0ad421b5eeda6956fe2\/xmasone.ufo\/glyphs\/b.glif","\/fonts\/Unpacking\/920346029834022d38bdd0ad421b5eeda6956fe2\/xmasone.ufo\/glyphs\/backslash.glif":"\/fonts\/Unpacking\/920346029834022d38bdd0ad421b5eeda6956fe2\/xmasone.ufo\/glyphs\/backslash.glif","\/fonts\/Unpacking\/920346029834022d38bdd0ad421b5eeda6956fe2\/xmasone.ufo\/glyphs\/bar.glif":"\/fonts\/Unpacking\/920346029834022d38bdd0ad421b5eeda6956fe2\/xmasone.ufo\/glyphs\/bar.glif","\/fonts\/Unpacking\/920346029834022d38bdd0ad421b5eeda6956fe2\/xmasone.ufo\/glyphs\/braceleft.glif":"\/fonts\/Unpacking\/920346029834022d38bdd0ad421b5eeda6956fe2\/xmasone.ufo\/glyphs\/braceleft.glif","\/fonts\/Unpacking\/920346029834022d38bdd0ad421b5eeda6956fe2\/xmasone.ufo\/glyphs\/braceright.glif":"\/fonts\/Unpacking\/920346029834022d38bdd0ad421b5eeda6956fe2\/xmasone.ufo\/glyphs\/braceright.glif","\/fonts\/Unpacking\/920346029834022d38bdd0ad421b5eeda6956fe2\/xmasone.ufo\/glyphs\/bracketleft.glif":"\/fonts\/Unpacking\/920346029834022d38bdd0ad421b5eeda6956fe2\/xmasone.ufo\/glyphs\/bracketleft.glif","\/fonts\/Unpacking\/920346029834022d38bdd0ad421b5eeda6956fe2\/xmasone.ufo\/glyphs\/bracketright.glif":"\/fonts\/Unpacking\/920346029834022d38bdd0ad421b5eeda6956fe2\/xmasone.ufo\/glyphs\/bracketright.glif","\/fonts\/Unpacking\/920346029834022d38bdd0ad421b5eeda6956fe2\/xmasone.ufo\/glyphs\/breve.glif":"\/fonts\/Unpacking\/920346029834022d38bdd0ad421b5eeda6956fe2\/xmasone.ufo\/glyphs\/breve.glif","\/fonts\/Unpacking\/920346029834022d38bdd0ad421b5eeda6956fe2\/xmasone.ufo\/glyphs\/brokenbar.glif":"\/fonts\/Unpacking\/920346029834022d38bdd0ad421b5eeda6956fe2\/xmasone.ufo\/glyphs\/brokenbar.glif","\/fonts\/Unpacking\/920346029834022d38bdd0ad421b5eeda6956fe2\/xmasone.ufo\/glyphs\/bullet.glif":"\/fonts\/Unpacking\/920346029834022d38bdd0ad421b5eeda6956fe2\/xmasone.ufo\/glyphs\/bullet.glif","\/fonts\/Unpacking\/920346029834022d38bdd0ad421b5eeda6956fe2\/xmasone.ufo\/glyphs\/c.glif":"\/fonts\/Unpacking\/920346029834022d38bdd0ad421b5eeda6956fe2\/xmasone.ufo\/glyphs\/c.glif","\/fonts\/Unpacking\/920346029834022d38bdd0ad421b5eeda6956fe2\/xmasone.ufo\/glyphs\/ccedilla.glif":"\/fonts\/Unpacking\/920346029834022d38bdd0ad421b5eeda6956fe2\/xmasone.ufo\/glyphs\/ccedilla.glif","\/fonts\/Unpacking\/920346029834022d38bdd0ad421b5eeda6956fe2\/xmasone.ufo\/glyphs\/cent.glif":"\/fonts\/Unpacking\/920346029834022d38bdd0ad421b5eeda6956fe2\/xmasone.ufo\/glyphs\/cent.glif","\/fonts\/Unpacking\/920346029834022d38bdd0ad421b5eeda6956fe2\/xmasone.ufo\/glyphs\/circumflex.glif":"\/fonts\/Unpacking\/920346029834022d38bdd0ad421b5eeda6956fe2\/xmasone.ufo\/glyphs\/circumflex.glif","\/fonts\/Unpacking\/920346029834022d38bdd0ad421b5eeda6956fe2\/xmasone.ufo\/glyphs\/colon.glif":"\/fonts\/Unpacking\/920346029834022d38bdd0ad421b5eeda6956fe2\/xmasone.ufo\/glyphs\/colon.glif","\/fonts\/Unpacking\/920346029834022d38bdd0ad421b5eeda6956fe2\/xmasone.ufo\/glyphs\/comma.glif":"\/fonts\/Unpacking\/920346029834022d38bdd0ad421b5eeda6956fe2\/xmasone.ufo\/glyphs\/comma.glif","\/fonts\/Unpacking\/920346029834022d38bdd0ad421b5eeda6956fe2\/xmasone.ufo\/glyphs\/contents.plist":"\/fonts\/Unpacking\/920346029834022d38bdd0ad421b5eeda6956fe2\/xmasone.ufo\/glyphs\/contents.plist","\/fonts\/Unpacking\/920346029834022d38bdd0ad421b5eeda6956fe2\/xmasone.ufo\/glyphs\/copyright.glif":"\/fonts\/Unpacking\/920346029834022d38bdd0ad421b5eeda6956fe2\/xmasone.ufo\/glyphs\/copyright.glif","\/fonts\/Unpacking\/920346029834022d38bdd0ad421b5eeda6956fe2\/xmasone.ufo\/glyphs\/currency.glif":"\/fonts\/Unpacking\/920346029834022d38bdd0ad421b5eeda6956fe2\/xmasone.ufo\/glyphs\/currency.glif","\/fonts\/Unpacking\/920346029834022d38bdd0ad421b5eeda6956fe2\/xmasone.ufo\/glyphs\/d.glif":"\/fonts\/Unpacking\/920346029834022d38bdd0ad421b5eeda6956fe2\/xmasone.ufo\/glyphs\/d.glif","\/fonts\/Unpacking\/920346029834022d38bdd0ad421b5eeda6956fe2\/xmasone.ufo\/glyphs\/dagger.glif":"\/fonts\/Unpacking\/920346029834022d38bdd0ad421b5eeda6956fe2\/xmasone.ufo\/glyphs\/dagger.glif","\/fonts\/Unpacking\/920346029834022d38bdd0ad421b5eeda6956fe2\/xmasone.ufo\/glyphs\/daggerdbl.glif":"\/fonts\/Unpacking\/920346029834022d38bdd0ad421b5eeda6956fe2\/xmasone.ufo\/glyphs\/daggerdbl.glif","\/fonts\/Unpacking\/920346029834022d38bdd0ad421b5eeda6956fe2\/xmasone.ufo\/glyphs\/degree.glif":"\/fonts\/Unpacking\/920346029834022d38bdd0ad421b5eeda6956fe2\/xmasone.ufo\/glyphs\/degree.glif","\/fonts\/Unpacking\/920346029834022d38bdd0ad421b5eeda6956fe2\/xmasone.ufo\/glyphs\/dieresis.glif":"\/fonts\/Unpacking\/920346029834022d38bdd0ad421b5eeda6956fe2\/xmasone.ufo\/glyphs\/dieresis.glif","\/fonts\/Unpacking\/920346029834022d38bdd0ad421b5eeda6956fe2\/xmasone.ufo\/glyphs\/divide.glif":"\/fonts\/Unpacking\/920346029834022d38bdd0ad421b5eeda6956fe2\/xmasone.ufo\/glyphs\/divide.glif","\/fonts\/Unpacking\/920346029834022d38bdd0ad421b5eeda6956fe2\/xmasone.ufo\/glyphs\/dollar.glif":"\/fonts\/Unpacking\/920346029834022d38bdd0ad421b5eeda6956fe2\/xmasone.ufo\/glyphs\/dollar.glif","\/fonts\/Unpacking\/920346029834022d38bdd0ad421b5eeda6956fe2\/xmasone.ufo\/glyphs\/dotlessi.glif":"\/fonts\/Unpacking\/920346029834022d38bdd0ad421b5eeda6956fe2\/xmasone.ufo\/glyphs\/dotlessi.glif","\/fonts\/Unpacking\/920346029834022d38bdd0ad421b5eeda6956fe2\/xmasone.ufo\/glyphs\/e.glif":"\/fonts\/Unpacking\/920346029834022d38bdd0ad421b5eeda6956fe2\/xmasone.ufo\/glyphs\/e.glif","\/fonts\/Unpacking\/920346029834022d38bdd0ad421b5eeda6956fe2\/xmasone.ufo\/glyphs\/eacute.glif":"\/fonts\/Unpacking\/920346029834022d38bdd0ad421b5eeda6956fe2\/xmasone.ufo\/glyphs\/eacute.glif","\/fonts\/Unpacking\/920346029834022d38bdd0ad421b5eeda6956fe2\/xmasone.ufo\/glyphs\/ecircumflex.glif":"\/fonts\/Unpacking\/920346029834022d38bdd0ad421b5eeda6956fe2\/xmasone.ufo\/glyphs\/ecircumflex.glif","\/fonts\/Unpacking\/920346029834022d38bdd0ad421b5eeda6956fe2\/xmasone.ufo\/glyphs\/edieresis.glif":"\/fonts\/Unpacking\/920346029834022d38bdd0ad421b5eeda6956fe2\/xmasone.ufo\/glyphs\/edieresis.glif","\/fonts\/Unpacking\/920346029834022d38bdd0ad421b5eeda6956fe2\/xmasone.ufo\/glyphs\/egrave.glif":"\/fonts\/Unpacking\/920346029834022d38bdd0ad421b5eeda6956fe2\/xmasone.ufo\/glyphs\/egrave.glif","\/fonts\/Unpacking\/920346029834022d38bdd0ad421b5eeda6956fe2\/xmasone.ufo\/glyphs\/eight.glif":"\/fonts\/Unpacking\/920346029834022d38bdd0ad421b5eeda6956fe2\/xmasone.ufo\/glyphs\/eight.glif","\/fonts\/Unpacking\/920346029834022d38bdd0ad421b5eeda6956fe2\/xmasone.ufo\/glyphs\/ellipsis.glif":"\/fonts\/Unpacking\/920346029834022d38bdd0ad421b5eeda6956fe2\/xmasone.ufo\/glyphs\/ellipsis.glif","\/fonts\/Unpacking\/920346029834022d38bdd0ad421b5eeda6956fe2\/xmasone.ufo\/glyphs\/emdash.glif":"\/fonts\/Unpacking\/920346029834022d38bdd0ad421b5eeda6956fe2\/xmasone.ufo\/glyphs\/emdash.glif","\/fonts\/Unpacking\/920346029834022d38bdd0ad421b5eeda6956fe2\/xmasone.ufo\/glyphs\/endash.glif":"\/fonts\/Unpacking\/920346029834022d38bdd0ad421b5eeda6956fe2\/xmasone.ufo\/glyphs\/endash.glif","\/fonts\/Unpacking\/920346029834022d38bdd0ad421b5eeda6956fe2\/xmasone.ufo\/glyphs\/equal.glif":"\/fonts\/Unpacking\/920346029834022d38bdd0ad421b5eeda6956fe2\/xmasone.ufo\/glyphs\/equal.glif","\/fonts\/Unpacking\/920346029834022d38bdd0ad421b5eeda6956fe2\/xmasone.ufo\/glyphs\/eth.glif":"\/fonts\/Unpacking\/920346029834022d38bdd0ad421b5eeda6956fe2\/xmasone.ufo\/glyphs\/eth.glif","\/fonts\/Unpacking\/920346029834022d38bdd0ad421b5eeda6956fe2\/xmasone.ufo\/glyphs\/exclam.glif":"\/fonts\/Unpacking\/920346029834022d38bdd0ad421b5eeda6956fe2\/xmasone.ufo\/glyphs\/exclam.glif","\/fonts\/Unpacking\/920346029834022d38bdd0ad421b5eeda6956fe2\/xmasone.ufo\/glyphs\/exclamdown.glif":"\/fonts\/Unpacking\/920346029834022d38bdd0ad421b5eeda6956fe2\/xmasone.ufo\/glyphs\/exclamdown.glif","\/fonts\/Unpacking\/920346029834022d38bdd0ad421b5eeda6956fe2\/xmasone.ufo\/glyphs\/f.glif":"\/fonts\/Unpacking\/920346029834022d38bdd0ad421b5eeda6956fe2\/xmasone.ufo\/glyphs\/f.glif","\/fonts\/Unpacking\/920346029834022d38bdd0ad421b5eeda6956fe2\/xmasone.ufo\/glyphs\/fi.glif":"\/fonts\/Unpacking\/920346029834022d38bdd0ad421b5eeda6956fe2\/xmasone.ufo\/glyphs\/fi.glif","\/fonts\/Unpacking\/920346029834022d38bdd0ad421b5eeda6956fe2\/xmasone.ufo\/glyphs\/five.glif":"\/fonts\/Unpacking\/920346029834022d38bdd0ad421b5eeda6956fe2\/xmasone.ufo\/glyphs\/five.glif","\/fonts\/Unpacking\/920346029834022d38bdd0ad421b5eeda6956fe2\/xmasone.ufo\/glyphs\/fl.glif":"\/fonts\/Unpacking\/920346029834022d38bdd0ad421b5eeda6956fe2\/xmasone.ufo\/glyphs\/fl.glif","\/fonts\/Unpacking\/920346029834022d38bdd0ad421b5eeda6956fe2\/xmasone.ufo\/glyphs\/florin.glif":"\/fonts\/Unpacking\/920346029834022d38bdd0ad421b5eeda6956fe2\/xmasone.ufo\/glyphs\/florin.glif","\/fonts\/Unpacking\/920346029834022d38bdd0ad421b5eeda6956fe2\/xmasone.ufo\/glyphs\/four.glif":"\/fonts\/Unpacking\/920346029834022d38bdd0ad421b5eeda6956fe2\/xmasone.ufo\/glyphs\/four.glif","\/fonts\/Unpacking\/920346029834022d38bdd0ad421b5eeda6956fe2\/xmasone.ufo\/glyphs\/fraction.glif":"\/fonts\/Unpacking\/920346029834022d38bdd0ad421b5eeda6956fe2\/xmasone.ufo\/glyphs\/fraction.glif","\/fonts\/Unpacking\/920346029834022d38bdd0ad421b5eeda6956fe2\/xmasone.ufo\/glyphs\/g.glif":"\/fonts\/Unpacking\/920346029834022d38bdd0ad421b5eeda6956fe2\/xmasone.ufo\/glyphs\/g.glif","\/fonts\/Unpacking\/920346029834022d38bdd0ad421b5eeda6956fe2\/xmasone.ufo\/glyphs\/germandbls.glif":"\/fonts\/Unpacking\/920346029834022d38bdd0ad421b5eeda6956fe2\/xmasone.ufo\/glyphs\/germandbls.glif","\/fonts\/Unpacking\/920346029834022d38bdd0ad421b5eeda6956fe2\/xmasone.ufo\/glyphs\/grave.glif":"\/fonts\/Unpacking\/920346029834022d38bdd0ad421b5eeda6956fe2\/xmasone.ufo\/glyphs\/grave.glif","\/fonts\/Unpacking\/920346029834022d38bdd0ad421b5eeda6956fe2\/xmasone.ufo\/glyphs\/greater.glif":"\/fonts\/Unpacking\/920346029834022d38bdd0ad421b5eeda6956fe2\/xmasone.ufo\/glyphs\/greater.glif","\/fonts\/Unpacking\/920346029834022d38bdd0ad421b5eeda6956fe2\/xmasone.ufo\/glyphs\/guillemotleft.glif":"\/fonts\/Unpacking\/920346029834022d38bdd0ad421b5eeda6956fe2\/xmasone.ufo\/glyphs\/guillemotleft.glif","\/fonts\/Unpacking\/920346029834022d38bdd0ad421b5eeda6956fe2\/xmasone.ufo\/glyphs\/guillemotright.glif":"\/fonts\/Unpacking\/920346029834022d38bdd0ad421b5eeda6956fe2\/xmasone.ufo\/glyphs\/guillemotright.glif","\/fonts\/Unpacking\/920346029834022d38bdd0ad421b5eeda6956fe2\/xmasone.ufo\/glyphs\/guilsinglleft.glif":"\/fonts\/Unpacking\/920346029834022d38bdd0ad421b5eeda6956fe2\/xmasone.ufo\/glyphs\/guilsinglleft.glif","\/fonts\/Unpacking\/920346029834022d38bdd0ad421b5eeda6956fe2\/xmasone.ufo\/glyphs\/guilsinglright.glif":"\/fonts\/Unpacking\/920346029834022d38bdd0ad421b5eeda6956fe2\/xmasone.ufo\/glyphs\/guilsinglright.glif","\/fonts\/Unpacking\/920346029834022d38bdd0ad421b5eeda6956fe2\/xmasone.ufo\/glyphs\/h.glif":"\/fonts\/Unpacking\/920346029834022d38bdd0ad421b5eeda6956fe2\/xmasone.ufo\/glyphs\/h.glif","\/fonts\/Unpacking\/920346029834022d38bdd0ad421b5eeda6956fe2\/xmasone.ufo\/glyphs\/hyphen.glif":"\/fonts\/Unpacking\/920346029834022d38bdd0ad421b5eeda6956fe2\/xmasone.ufo\/glyphs\/hyphen.glif","\/fonts\/Unpacking\/920346029834022d38bdd0ad421b5eeda6956fe2\/xmasone.ufo\/glyphs\/i.glif":"\/fonts\/Unpacking\/920346029834022d38bdd0ad421b5eeda6956fe2\/xmasone.ufo\/glyphs\/i.glif","\/fonts\/Unpacking\/920346029834022d38bdd0ad421b5eeda6956fe2\/xmasone.ufo\/glyphs\/iacute.glif":"\/fonts\/Unpacking\/920346029834022d38bdd0ad421b5eeda6956fe2\/xmasone.ufo\/glyphs\/iacute.glif","\/fonts\/Unpacking\/920346029834022d38bdd0ad421b5eeda6956fe2\/xmasone.ufo\/glyphs\/icircumflex.glif":"\/fonts\/Unpacking\/920346029834022d38bdd0ad421b5eeda6956fe2\/xmasone.ufo\/glyphs\/icircumflex.glif","\/fonts\/Unpacking\/920346029834022d38bdd0ad421b5eeda6956fe2\/xmasone.ufo\/glyphs\/idieresis.glif":"\/fonts\/Unpacking\/920346029834022d38bdd0ad421b5eeda6956fe2\/xmasone.ufo\/glyphs\/idieresis.glif","\/fonts\/Unpacking\/920346029834022d38bdd0ad421b5eeda6956fe2\/xmasone.ufo\/glyphs\/igrave.glif":"\/fonts\/Unpacking\/920346029834022d38bdd0ad421b5eeda6956fe2\/xmasone.ufo\/glyphs\/igrave.glif","\/fonts\/Unpacking\/920346029834022d38bdd0ad421b5eeda6956fe2\/xmasone.ufo\/glyphs\/j.glif":"\/fonts\/Unpacking\/920346029834022d38bdd0ad421b5eeda6956fe2\/xmasone.ufo\/glyphs\/j.glif","\/fonts\/Unpacking\/920346029834022d38bdd0ad421b5eeda6956fe2\/xmasone.ufo\/glyphs\/k.glif":"\/fonts\/Unpacking\/920346029834022d38bdd0ad421b5eeda6956fe2\/xmasone.ufo\/glyphs\/k.glif","\/fonts\/Unpacking\/920346029834022d38bdd0ad421b5eeda6956fe2\/xmasone.ufo\/glyphs\/l.glif":"\/fonts\/Unpacking\/920346029834022d38bdd0ad421b5eeda6956fe2\/xmasone.ufo\/glyphs\/l.glif","\/fonts\/Unpacking\/920346029834022d38bdd0ad421b5eeda6956fe2\/xmasone.ufo\/glyphs\/less.glif":"\/fonts\/Unpacking\/920346029834022d38bdd0ad421b5eeda6956fe2\/xmasone.ufo\/glyphs\/less.glif","\/fonts\/Unpacking\/920346029834022d38bdd0ad421b5eeda6956fe2\/xmasone.ufo\/glyphs\/logicalnot.glif":"\/fonts\/Unpacking\/920346029834022d38bdd0ad421b5eeda6956fe2\/xmasone.ufo\/glyphs\/logicalnot.glif","\/fonts\/Unpacking\/920346029834022d38bdd0ad421b5eeda6956fe2\/xmasone.ufo\/glyphs\/lslash.glif":"\/fonts\/Unpacking\/920346029834022d38bdd0ad421b5eeda6956fe2\/xmasone.ufo\/glyphs\/lslash.glif","\/fonts\/Unpacking\/920346029834022d38bdd0ad421b5eeda6956fe2\/xmasone.ufo\/glyphs\/m.glif":"\/fonts\/Unpacking\/920346029834022d38bdd0ad421b5eeda6956fe2\/xmasone.ufo\/glyphs\/m.glif","\/fonts\/Unpacking\/920346029834022d38bdd0ad421b5eeda6956fe2\/xmasone.ufo\/glyphs\/macron.glif":"\/fonts\/Unpacking\/920346029834022d38bdd0ad421b5eeda6956fe2\/xmasone.ufo\/glyphs\/macron.glif","\/fonts\/Unpacking\/920346029834022d38bdd0ad421b5eeda6956fe2\/xmasone.ufo\/glyphs\/mu.glif":"\/fonts\/Unpacking\/920346029834022d38bdd0ad421b5eeda6956fe2\/xmasone.ufo\/glyphs\/mu.glif","\/fonts\/Unpacking\/920346029834022d38bdd0ad421b5eeda6956fe2\/xmasone.ufo\/glyphs\/multiply.glif":"\/fonts\/Unpacking\/920346029834022d38bdd0ad421b5eeda6956fe2\/xmasone.ufo\/glyphs\/multiply.glif","\/fonts\/Unpacking\/920346029834022d38bdd0ad421b5eeda6956fe2\/xmasone.ufo\/glyphs\/n.glif":"\/fonts\/Unpacking\/920346029834022d38bdd0ad421b5eeda6956fe2\/xmasone.ufo\/glyphs\/n.glif","\/fonts\/Unpacking\/920346029834022d38bdd0ad421b5eeda6956fe2\/xmasone.ufo\/glyphs\/nine.glif":"\/fonts\/Unpacking\/920346029834022d38bdd0ad421b5eeda6956fe2\/xmasone.ufo\/glyphs\/nine.glif","\/fonts\/Unpacking\/920346029834022d38bdd0ad421b5eeda6956fe2\/xmasone.ufo\/glyphs\/ntilde.glif":"\/fonts\/Unpacking\/920346029834022d38bdd0ad421b5eeda6956fe2\/xmasone.ufo\/glyphs\/ntilde.glif","\/fonts\/Unpacking\/920346029834022d38bdd0ad421b5eeda6956fe2\/xmasone.ufo\/glyphs\/numbersign.glif":"\/fonts\/Unpacking\/920346029834022d38bdd0ad421b5eeda6956fe2\/xmasone.ufo\/glyphs\/numbersign.glif","\/fonts\/Unpacking\/920346029834022d38bdd0ad421b5eeda6956fe2\/xmasone.ufo\/glyphs\/o.glif":"\/fonts\/Unpacking\/920346029834022d38bdd0ad421b5eeda6956fe2\/xmasone.ufo\/glyphs\/o.glif","\/fonts\/Unpacking\/920346029834022d38bdd0ad421b5eeda6956fe2\/xmasone.ufo\/glyphs\/oacute.glif":"\/fonts\/Unpacking\/920346029834022d38bdd0ad421b5eeda6956fe2\/xmasone.ufo\/glyphs\/oacute.glif","\/fonts\/Unpacking\/920346029834022d38bdd0ad421b5eeda6956fe2\/xmasone.ufo\/glyphs\/ocircumflex.glif":"\/fonts\/Unpacking\/920346029834022d38bdd0ad421b5eeda6956fe2\/xmasone.ufo\/glyphs\/ocircumflex.glif","\/fonts\/Unpacking\/920346029834022d38bdd0ad421b5eeda6956fe2\/xmasone.ufo\/glyphs\/odieresis.glif":"\/fonts\/Unpacking\/920346029834022d38bdd0ad421b5eeda6956fe2\/xmasone.ufo\/glyphs\/odieresis.glif","\/fonts\/Unpacking\/920346029834022d38bdd0ad421b5eeda6956fe2\/xmasone.ufo\/glyphs\/oe.glif":"\/fonts\/Unpacking\/920346029834022d38bdd0ad421b5eeda6956fe2\/xmasone.ufo\/glyphs\/oe.glif","\/fonts\/Unpacking\/920346029834022d38bdd0ad421b5eeda6956fe2\/xmasone.ufo\/glyphs\/ograve.glif":"\/fonts\/Unpacking\/920346029834022d38bdd0ad421b5eeda6956fe2\/xmasone.ufo\/glyphs\/ograve.glif","\/fonts\/Unpacking\/920346029834022d38bdd0ad421b5eeda6956fe2\/xmasone.ufo\/glyphs\/one.glif":"\/fonts\/Unpacking\/920346029834022d38bdd0ad421b5eeda6956fe2\/xmasone.ufo\/glyphs\/one.glif","\/fonts\/Unpacking\/920346029834022d38bdd0ad421b5eeda6956fe2\/xmasone.ufo\/glyphs\/onehalf.glif":"\/fonts\/Unpacking\/920346029834022d38bdd0ad421b5eeda6956fe2\/xmasone.ufo\/glyphs\/onehalf.glif","\/fonts\/Unpacking\/920346029834022d38bdd0ad421b5eeda6956fe2\/xmasone.ufo\/glyphs\/onequarter.glif":"\/fonts\/Unpacking\/920346029834022d38bdd0ad421b5eeda6956fe2\/xmasone.ufo\/glyphs\/onequarter.glif","\/fonts\/Unpacking\/920346029834022d38bdd0ad421b5eeda6956fe2\/xmasone.ufo\/glyphs\/onesuperior.glif":"\/fonts\/Unpacking\/920346029834022d38bdd0ad421b5eeda6956fe2\/xmasone.ufo\/glyphs\/onesuperior.glif","\/fonts\/Unpacking\/920346029834022d38bdd0ad421b5eeda6956fe2\/xmasone.ufo\/glyphs\/ordfeminine.glif":"\/fonts\/Unpacking\/920346029834022d38bdd0ad421b5eeda6956fe2\/xmasone.ufo\/glyphs\/ordfeminine.glif","\/fonts\/Unpacking\/920346029834022d38bdd0ad421b5eeda6956fe2\/xmasone.ufo\/glyphs\/ordmasculine.glif":"\/fonts\/Unpacking\/920346029834022d38bdd0ad421b5eeda6956fe2\/xmasone.ufo\/glyphs\/ordmasculine.glif","\/fonts\/Unpacking\/920346029834022d38bdd0ad421b5eeda6956fe2\/xmasone.ufo\/glyphs\/oslash.glif":"\/fonts\/Unpacking\/920346029834022d38bdd0ad421b5eeda6956fe2\/xmasone.ufo\/glyphs\/oslash.glif","\/fonts\/Unpacking\/920346029834022d38bdd0ad421b5eeda6956fe2\/xmasone.ufo\/glyphs\/otilde.glif":"\/fonts\/Unpacking\/920346029834022d38bdd0ad421b5eeda6956fe2\/xmasone.ufo\/glyphs\/otilde.glif","\/fonts\/Unpacking\/920346029834022d38bdd0ad421b5eeda6956fe2\/xmasone.ufo\/glyphs\/p.glif":"\/fonts\/Unpacking\/920346029834022d38bdd0ad421b5eeda6956fe2\/xmasone.ufo\/glyphs\/p.glif","\/fonts\/Unpacking\/920346029834022d38bdd0ad421b5eeda6956fe2\/xmasone.ufo\/glyphs\/paragraph.glif":"\/fonts\/Unpacking\/920346029834022d38bdd0ad421b5eeda6956fe2\/xmasone.ufo\/glyphs\/paragraph.glif","\/fonts\/Unpacking\/920346029834022d38bdd0ad421b5eeda6956fe2\/xmasone.ufo\/glyphs\/parenleft.glif":"\/fonts\/Unpacking\/920346029834022d38bdd0ad421b5eeda6956fe2\/xmasone.ufo\/glyphs\/parenleft.glif","\/fonts\/Unpacking\/920346029834022d38bdd0ad421b5eeda6956fe2\/xmasone.ufo\/glyphs\/parenright.glif":"\/fonts\/Unpacking\/920346029834022d38bdd0ad421b5eeda6956fe2\/xmasone.ufo\/glyphs\/parenright.glif","\/fonts\/Unpacking\/920346029834022d38bdd0ad421b5eeda6956fe2\/xmasone.ufo\/glyphs\/percent.glif":"\/fonts\/Unpacking\/920346029834022d38bdd0ad421b5eeda6956fe2\/xmasone.ufo\/glyphs\/percent.glif","\/fonts\/Unpacking\/920346029834022d38bdd0ad421b5eeda6956fe2\/xmasone.ufo\/glyphs\/period.glif":"\/fonts\/Unpacking\/920346029834022d38bdd0ad421b5eeda6956fe2\/xmasone.ufo\/glyphs\/period.glif","\/fonts\/Unpacking\/920346029834022d38bdd0ad421b5eeda6956fe2\/xmasone.ufo\/glyphs\/periodcentered.glif":"\/fonts\/Unpacking\/920346029834022d38bdd0ad421b5eeda6956fe2\/xmasone.ufo\/glyphs\/periodcentered.glif","\/fonts\/Unpacking\/920346029834022d38bdd0ad421b5eeda6956fe2\/xmasone.ufo\/glyphs\/perthousand.glif":"\/fonts\/Unpacking\/920346029834022d38bdd0ad421b5eeda6956fe2\/xmasone.ufo\/glyphs\/perthousand.glif","\/fonts\/Unpacking\/920346029834022d38bdd0ad421b5eeda6956fe2\/xmasone.ufo\/glyphs\/plus.glif":"\/fonts\/Unpacking\/920346029834022d38bdd0ad421b5eeda6956fe2\/xmasone.ufo\/glyphs\/plus.glif","\/fonts\/Unpacking\/920346029834022d38bdd0ad421b5eeda6956fe2\/xmasone.ufo\/glyphs\/plusminus.glif":"\/fonts\/Unpacking\/920346029834022d38bdd0ad421b5eeda6956fe2\/xmasone.ufo\/glyphs\/plusminus.glif","\/fonts\/Unpacking\/920346029834022d38bdd0ad421b5eeda6956fe2\/xmasone.ufo\/glyphs\/q.glif":"\/fonts\/Unpacking\/920346029834022d38bdd0ad421b5eeda6956fe2\/xmasone.ufo\/glyphs\/q.glif","\/fonts\/Unpacking\/920346029834022d38bdd0ad421b5eeda6956fe2\/xmasone.ufo\/glyphs\/question.glif":"\/fonts\/Unpacking\/920346029834022d38bdd0ad421b5eeda6956fe2\/xmasone.ufo\/glyphs\/question.glif","\/fonts\/Unpacking\/920346029834022d38bdd0ad421b5eeda6956fe2\/xmasone.ufo\/glyphs\/questiondown.glif":"\/fonts\/Unpacking\/920346029834022d38bdd0ad421b5eeda6956fe2\/xmasone.ufo\/glyphs\/questiondown.glif","\/fonts\/Unpacking\/920346029834022d38bdd0ad421b5eeda6956fe2\/xmasone.ufo\/glyphs\/quotedbl.glif":"\/fonts\/Unpacking\/920346029834022d38bdd0ad421b5eeda6956fe2\/xmasone.ufo\/glyphs\/quotedbl.glif","\/fonts\/Unpacking\/920346029834022d38bdd0ad421b5eeda6956fe2\/xmasone.ufo\/glyphs\/quotedblbase.glif":"\/fonts\/Unpacking\/920346029834022d38bdd0ad421b5eeda6956fe2\/xmasone.ufo\/glyphs\/quotedblbase.glif","\/fonts\/Unpacking\/920346029834022d38bdd0ad421b5eeda6956fe2\/xmasone.ufo\/glyphs\/quotedblleft.glif":"\/fonts\/Unpacking\/920346029834022d38bdd0ad421b5eeda6956fe2\/xmasone.ufo\/glyphs\/quotedblleft.glif","\/fonts\/Unpacking\/920346029834022d38bdd0ad421b5eeda6956fe2\/xmasone.ufo\/glyphs\/quotedblright.glif":"\/fonts\/Unpacking\/920346029834022d38bdd0ad421b5eeda6956fe2\/xmasone.ufo\/glyphs\/quotedblright.glif","\/fonts\/Unpacking\/920346029834022d38bdd0ad421b5eeda6956fe2\/xmasone.ufo\/glyphs\/quoteleft.glif":"\/fonts\/Unpacking\/920346029834022d38bdd0ad421b5eeda6956fe2\/xmasone.ufo\/glyphs\/quoteleft.glif","\/fonts\/Unpacking\/920346029834022d38bdd0ad421b5eeda6956fe2\/xmasone.ufo\/glyphs\/quoteright.glif":"\/fonts\/Unpacking\/920346029834022d38bdd0ad421b5eeda6956fe2\/xmasone.ufo\/glyphs\/quoteright.glif","\/fonts\/Unpacking\/920346029834022d38bdd0ad421b5eeda6956fe2\/xmasone.ufo\/glyphs\/quotesinglbase.glif":"\/fonts\/Unpacking\/920346029834022d38bdd0ad421b5eeda6956fe2\/xmasone.ufo\/glyphs\/quotesinglbase.glif","\/fonts\/Unpacking\/920346029834022d38bdd0ad421b5eeda6956fe2\/xmasone.ufo\/glyphs\/quotesingle.glif":"\/fonts\/Unpacking\/920346029834022d38bdd0ad421b5eeda6956fe2\/xmasone.ufo\/glyphs\/quotesingle.glif","\/fonts\/Unpacking\/920346029834022d38bdd0ad421b5eeda6956fe2\/xmasone.ufo\/glyphs\/r.glif":"\/fonts\/Unpacking\/920346029834022d38bdd0ad421b5eeda6956fe2\/xmasone.ufo\/glyphs\/r.glif","\/fonts\/Unpacking\/920346029834022d38bdd0ad421b5eeda6956fe2\/xmasone.ufo\/glyphs\/registered.glif":"\/fonts\/Unpacking\/920346029834022d38bdd0ad421b5eeda6956fe2\/xmasone.ufo\/glyphs\/registered.glif","\/fonts\/Unpacking\/920346029834022d38bdd0ad421b5eeda6956fe2\/xmasone.ufo\/glyphs\/s.glif":"\/fonts\/Unpacking\/920346029834022d38bdd0ad421b5eeda6956fe2\/xmasone.ufo\/glyphs\/s.glif","\/fonts\/Unpacking\/920346029834022d38bdd0ad421b5eeda6956fe2\/xmasone.ufo\/glyphs\/scaron.glif":"\/fonts\/Unpacking\/920346029834022d38bdd0ad421b5eeda6956fe2\/xmasone.ufo\/glyphs\/scaron.glif","\/fonts\/Unpacking\/920346029834022d38bdd0ad421b5eeda6956fe2\/xmasone.ufo\/glyphs\/section.glif":"\/fonts\/Unpacking\/920346029834022d38bdd0ad421b5eeda6956fe2\/xmasone.ufo\/glyphs\/section.glif","\/fonts\/Unpacking\/920346029834022d38bdd0ad421b5eeda6956fe2\/xmasone.ufo\/glyphs\/semicolon.glif":"\/fonts\/Unpacking\/920346029834022d38bdd0ad421b5eeda6956fe2\/xmasone.ufo\/glyphs\/semicolon.glif","\/fonts\/Unpacking\/920346029834022d38bdd0ad421b5eeda6956fe2\/xmasone.ufo\/glyphs\/seven.glif":"\/fonts\/Unpacking\/920346029834022d38bdd0ad421b5eeda6956fe2\/xmasone.ufo\/glyphs\/seven.glif","\/fonts\/Unpacking\/920346029834022d38bdd0ad421b5eeda6956fe2\/xmasone.ufo\/glyphs\/six.glif":"\/fonts\/Unpacking\/920346029834022d38bdd0ad421b5eeda6956fe2\/xmasone.ufo\/glyphs\/six.glif","\/fonts\/Unpacking\/920346029834022d38bdd0ad421b5eeda6956fe2\/xmasone.ufo\/glyphs\/slash.glif":"\/fonts\/Unpacking\/920346029834022d38bdd0ad421b5eeda6956fe2\/xmasone.ufo\/glyphs\/slash.glif","\/fonts\/Unpacking\/920346029834022d38bdd0ad421b5eeda6956fe2\/xmasone.ufo\/glyphs\/space.glif":"\/fonts\/Unpacking\/920346029834022d38bdd0ad421b5eeda6956fe2\/xmasone.ufo\/glyphs\/space.glif","\/fonts\/Unpacking\/920346029834022d38bdd0ad421b5eeda6956fe2\/xmasone.ufo\/glyphs\/sterling.glif":"\/fonts\/Unpacking\/920346029834022d38bdd0ad421b5eeda6956fe2\/xmasone.ufo\/glyphs\/sterling.glif","\/fonts\/Unpacking\/920346029834022d38bdd0ad421b5eeda6956fe2\/xmasone.ufo\/glyphs\/t.glif":"\/fonts\/Unpacking\/920346029834022d38bdd0ad421b5eeda6956fe2\/xmasone.ufo\/glyphs\/t.glif","\/fonts\/Unpacking\/920346029834022d38bdd0ad421b5eeda6956fe2\/xmasone.ufo\/glyphs\/thorn.glif":"\/fonts\/Unpacking\/920346029834022d38bdd0ad421b5eeda6956fe2\/xmasone.ufo\/glyphs\/thorn.glif","\/fonts\/Unpacking\/920346029834022d38bdd0ad421b5eeda6956fe2\/xmasone.ufo\/glyphs\/three.glif":"\/fonts\/Unpacking\/920346029834022d38bdd0ad421b5eeda6956fe2\/xmasone.ufo\/glyphs\/three.glif","\/fonts\/Unpacking\/920346029834022d38bdd0ad421b5eeda6956fe2\/xmasone.ufo\/glyphs\/threequarters.glif":"\/fonts\/Unpacking\/920346029834022d38bdd0ad421b5eeda6956fe2\/xmasone.ufo\/glyphs\/threequarters.glif","\/fonts\/Unpacking\/920346029834022d38bdd0ad421b5eeda6956fe2\/xmasone.ufo\/glyphs\/threesuperior.glif":"\/fonts\/Unpacking\/920346029834022d38bdd0ad421b5eeda6956fe2\/xmasone.ufo\/glyphs\/threesuperior.glif","\/fonts\/Unpacking\/920346029834022d38bdd0ad421b5eeda6956fe2\/xmasone.ufo\/glyphs\/tilde.glif":"\/fonts\/Unpacking\/920346029834022d38bdd0ad421b5eeda6956fe2\/xmasone.ufo\/glyphs\/tilde.glif","\/fonts\/Unpacking\/920346029834022d38bdd0ad421b5eeda6956fe2\/xmasone.ufo\/glyphs\/trademark.glif":"\/fonts\/Unpacking\/920346029834022d38bdd0ad421b5eeda6956fe2\/xmasone.ufo\/glyphs\/trademark.glif","\/fonts\/Unpacking\/920346029834022d38bdd0ad421b5eeda6956fe2\/xmasone.ufo\/glyphs\/two.glif":"\/fonts\/Unpacking\/920346029834022d38bdd0ad421b5eeda6956fe2\/xmasone.ufo\/glyphs\/two.glif","\/fonts\/Unpacking\/920346029834022d38bdd0ad421b5eeda6956fe2\/xmasone.ufo\/glyphs\/twosuperior.glif":"\/fonts\/Unpacking\/920346029834022d38bdd0ad421b5eeda6956fe2\/xmasone.ufo\/glyphs\/twosuperior.glif","\/fonts\/Unpacking\/920346029834022d38bdd0ad421b5eeda6956fe2\/xmasone.ufo\/glyphs\/u.glif":"\/fonts\/Unpacking\/920346029834022d38bdd0ad421b5eeda6956fe2\/xmasone.ufo\/glyphs\/u.glif","\/fonts\/Unpacking\/920346029834022d38bdd0ad421b5eeda6956fe2\/xmasone.ufo\/glyphs\/uacute.glif":"\/fonts\/Unpacking\/920346029834022d38bdd0ad421b5eeda6956fe2\/xmasone.ufo\/glyphs\/uacute.glif","\/fonts\/Unpacking\/920346029834022d38bdd0ad421b5eeda6956fe2\/xmasone.ufo\/glyphs\/ucircumflex.glif":"\/fonts\/Unpacking\/920346029834022d38bdd0ad421b5eeda6956fe2\/xmasone.ufo\/glyphs\/ucircumflex.glif","\/fonts\/Unpacking\/920346029834022d38bdd0ad421b5eeda6956fe2\/xmasone.ufo\/glyphs\/udieresis.glif":"\/fonts\/Unpacking\/920346029834022d38bdd0ad421b5eeda6956fe2\/xmasone.ufo\/glyphs\/udieresis.glif","\/fonts\/Unpacking\/920346029834022d38bdd0ad421b5eeda6956fe2\/xmasone.ufo\/glyphs\/ugrave.glif":"\/fonts\/Unpacking\/920346029834022d38bdd0ad421b5eeda6956fe2\/xmasone.ufo\/glyphs\/ugrave.glif","\/fonts\/Unpacking\/920346029834022d38bdd0ad421b5eeda6956fe2\/xmasone.ufo\/glyphs\/underscore.glif":"\/fonts\/Unpacking\/920346029834022d38bdd0ad421b5eeda6956fe2\/xmasone.ufo\/glyphs\/underscore.glif","\/fonts\/Unpacking\/920346029834022d38bdd0ad421b5eeda6956fe2\/xmasone.ufo\/glyphs\/v.glif":"\/fonts\/Unpacking\/920346029834022d38bdd0ad421b5eeda6956fe2\/xmasone.ufo\/glyphs\/v.glif","\/fonts\/Unpacking\/920346029834022d38bdd0ad421b5eeda6956fe2\/xmasone.ufo\/glyphs\/w.glif":"\/fonts\/Unpacking\/920346029834022d38bdd0ad421b5eeda6956fe2\/xmasone.ufo\/glyphs\/w.glif","\/fonts\/Unpacking\/920346029834022d38bdd0ad421b5eeda6956fe2\/xmasone.ufo\/glyphs\/x.glif":"\/fonts\/Unpacking\/920346029834022d38bdd0ad421b5eeda6956fe2\/xmasone.ufo\/glyphs\/x.glif","\/fonts\/Unpacking\/920346029834022d38bdd0ad421b5eeda6956fe2\/xmasone.ufo\/glyphs\/y.glif":"\/fonts\/Unpacking\/920346029834022d38bdd0ad421b5eeda6956fe2\/xmasone.ufo\/glyphs\/y.glif","\/fonts\/Unpacking\/920346029834022d38bdd0ad421b5eeda6956fe2\/xmasone.ufo\/glyphs\/yacute.glif":"\/fonts\/Unpacking\/920346029834022d38bdd0ad421b5eeda6956fe2\/xmasone.ufo\/glyphs\/yacute.glif","\/fonts\/Unpacking\/920346029834022d38bdd0ad421b5eeda6956fe2\/xmasone.ufo\/glyphs\/ydieresis.glif":"\/fonts\/Unpacking\/920346029834022d38bdd0ad421b5eeda6956fe2\/xmasone.ufo\/glyphs\/ydieresis.glif","\/fonts\/Unpacking\/920346029834022d38bdd0ad421b5eeda6956fe2\/xmasone.ufo\/glyphs\/yen.glif":"\/fonts\/Unpacking\/920346029834022d38bdd0ad421b5eeda6956fe2\/xmasone.ufo\/glyphs\/yen.glif","\/fonts\/Unpacking\/920346029834022d38bdd0ad421b5eeda6956fe2\/xmasone.ufo\/glyphs\/z.glif":"\/fonts\/Unpacking\/920346029834022d38bdd0ad421b5eeda6956fe2\/xmasone.ufo\/glyphs\/z.glif","\/fonts\/Unpacking\/920346029834022d38bdd0ad421b5eeda6956fe2\/xmasone.ufo\/glyphs\/zcaron.glif":"\/fonts\/Unpacking\/920346029834022d38bdd0ad421b5eeda6956fe2\/xmasone.ufo\/glyphs\/zcaron.glif","\/fonts\/Unpacking\/920346029834022d38bdd0ad421b5eeda6956fe2\/xmasone.ufo\/glyphs\/zero.glif":"\/fonts\/Unpacking\/920346029834022d38bdd0ad421b5eeda6956fe2\/xmasone.ufo\/glyphs\/zero.glif"},"Font":null,"Licences":{"":false},"Table":{"FFTM":{"entryLength":16,"tag":"FFTM","checksum":1931225600,"offset":293488,"length":28},"GDEF":{"entryLength":16,"tag":"GDEF","checksum":17629190,"offset":293456,"length":32},"OS\/2":{"entryLength":16,"tag":"OS\/2","checksum":1452809490,"offset":344,"length":86},"cmap":{"entryLength":16,"tag":"cmap","checksum":821507774,"offset":1192,"length":552},"gasp":{"entryLength":16,"tag":"gasp","checksum":4294901763,"offset":293448,"length":8},"glyf":{"entryLength":16,"tag":"glyf","checksum":2691705632,"offset":2644,"length":289768},"head":{"entryLength":16,"tag":"head","checksum":223546810,"offset":220,"length":54},"hhea":{"entryLength":16,"tag":"hhea","checksum":167904983,"offset":276,"length":36},"hmtx":{"entryLength":16,"tag":"hmtx","checksum":1214579959,"offset":432,"length":760},"loca":{"entryLength":16,"tag":"loca","checksum":43802028,"offset":1744,"length":900},"maxp":{"entryLength":16,"tag":"maxp","checksum":25169243,"offset":312,"length":32},"name":{"entryLength":16,"tag":"name","checksum":3308523182,"offset":292412,"length":549},"post":{"entryLength":16,"tag":"post","checksum":856962061,"offset":292964,"length":482}},"UnicodeCharMap":{"32":12,"33":13,"34":14,"35":15,"36":16,"37":17,"38":18,"39":19,"40":20,"41":21,"42":22,"43":23,"44":24,"45":25,"46":26,"47":27,"48":28,"49":29,"50":30,"51":31,"52":32,"53":33,"54":34,"55":35,"56":36,"57":37,"58":38,"59":39,"60":40,"61":41,"62":42,"63":43,"64":44,"65":45,"66":46,"67":47,"68":48,"69":49,"70":50,"71":51,"72":52,"73":53,"74":54,"75":55,"76":56,"77":57,"78":58,"79":59,"80":60,"81":61,"82":62,"83":63,"84":64,"85":65,"86":66,"87":67,"88":68,"89":69,"90":70,"91":71,"92":72,"93":73,"94":74,"95":75,"96":76,"97":77,"98":78,"99":79,"100":80,"101":81,"102":82,"103":83,"104":84,"105":85,"106":86,"107":87,"108":88,"109":89,"110":90,"111":91,"112":92,"113":93,"114":94,"115":95,"116":96,"117":97,"118":98,"119":99,"120":100,"121":101,"122":102,"123":103,"124":104,"125":105,"126":106,"161":107,"162":108,"163":109,"164":110,"165":111,"166":112,"167":113,"168":114,"169":115,"170":116,"171":117,"172":118,"174":119,"175":120,"176":121,"177":122,"178":123,"179":124,"180":125,"182":127,"183":128,"185":129,"186":130,"187":131,"188":132,"189":133,"190":134,"191":135,"192":136,"193":137,"194":138,"195":139,"196":140,"197":141,"198":142,"199":143,"200":144,"201":145,"202":146,"203":147,"204":148,"205":149,"206":150,"207":151,"208":152,"209":153,"210":154,"211":155,"212":156,"213":157,"214":158,"215":159,"216":160,"217":161,"218":162,"219":163,"220":164,"221":165,"222":166,"223":167,"224":168,"225":169,"226":170,"227":171,"228":172,"229":173,"230":174,"231":175,"232":176,"233":177,"234":178,"235":179,"236":180,"237":181,"238":182,"239":183,"240":184,"241":185,"242":186,"243":187,"244":188,"245":189,"246":190,"247":191,"248":192,"249":193,"250":194,"251":195,"252":196,"253":197,"254":198,"255":199,"305":4,"321":8,"322":9,"338":210,"339":222,"352":208,"353":220,"376":223,"381":10,"382":11,"402":201,"710":206,"728":3,"732":218,"956":126,"8211":216,"8212":217,"8216":211,"8217":212,"8218":200,"8220":213,"8221":214,"8222":202,"8224":204,"8225":205,"8226":215,"8230":203,"8240":207,"8249":209,"8250":221,"8260":5,"8482":219,"64257":6,"64258":7},"Reserves":null,"Names":[],"Nodes":[],"Contributors":[],"FontIdentity":"218a0b59e4173e729c80d9b10a70c4b4","Bytes":21210244,"Networking":null,"barcode":null,"referee":null}