{"CSS":{"Moonglow Bold":"thatcher0:d65ca6cc74958c1abbd1b4.css"},"FontType":"TrueType","FontCopyright":"Copyright (c) 2000 Adobe Systems Incorporated. All Rights Reserved. Patent pending.Moonglow is a either a registered trademark or a trademark of Adobe Systems Incorporated in the United States and\/or other countries.","FontName":"Moonglow","FontSubfamily":"Bold","FontSubfamilyID":"FontForge 2.0 : Moonglow Bold : 15-10-2016","FontFullName":"Moonglow Bold","FontVersion":"Version 001.000 ","FontWeight":null,"FontPostscriptName":"Moonglow-Bold","Files":{"\/Moonglow Bold.css":"\/Moonglow Bold.css","\/font-resource.json":"\/font-resource.json","\/moonglow-bold.afm":"\/moonglow-bold.afm","\/moonglow-bold.cef":"\/moonglow-bold.cef","\/moonglow-bold.cff":"\/moonglow-bold.cff","\/moonglow-bold.eot":"\/moonglow-bold.eot","\/moonglow-bold.gai":"\/moonglow-bold.gai","\/moonglow-bold.gsf":"\/moonglow-bold.gsf","\/moonglow-bold.otf":"\/moonglow-bold.otf","\/moonglow-bold.pf3":"\/moonglow-bold.pf3","\/moonglow-bold.pfa":"\/moonglow-bold.pfa","\/moonglow-bold.pfb":"\/moonglow-bold.pfb","\/moonglow-bold.php":"\/moonglow-bold.php","\/moonglow-bold.pt3":"\/moonglow-bold.pt3","\/moonglow-bold.sfd":"\/moonglow-bold.sfd","\/moonglow-bold.svg":"\/moonglow-bold.svg","\/moonglow-bold.t42":"\/moonglow-bold.t42","\/moonglow-bold.ttd":"\/moonglow-bold.ttd","\/moonglow-bold.ttf":"\/moonglow-bold.ttf","\/moonglow-bold.ttg":"\/moonglow-bold.ttg","\/moonglow-bold.ufm":"\/moonglow-bold.ufm","\/moonglow-bold.woff":"\/moonglow-bold.woff","\/moonglow-bold.z":"\/moonglow-bold.z","\/moonglow-bold.ufo\/feature.fea":"\/moonglow-bold.ufo\/feature.fea","\/moonglow-bold.ufo\/fontinfo.plist":"\/moonglow-bold.ufo\/fontinfo.plist","\/moonglow-bold.ufo\/groups.plist":"\/moonglow-bold.ufo\/groups.plist","\/moonglow-bold.ufo\/kerning.plist":"\/moonglow-bold.ufo\/kerning.plist","\/moonglow-bold.ufo\/metainfo.plist":"\/moonglow-bold.ufo\/metainfo.plist","\/moonglow-bold.ufo\/glyphs\/A_.alt.glif":"\/moonglow-bold.ufo\/glyphs\/A_.alt.glif","\/moonglow-bold.ufo\/glyphs\/A_.glif":"\/moonglow-bold.ufo\/glyphs\/A_.glif","\/moonglow-bold.ufo\/glyphs\/A_E_.glif":"\/moonglow-bold.ufo\/glyphs\/A_E_.glif","\/moonglow-bold.ufo\/glyphs\/A_acute.alt.glif":"\/moonglow-bold.ufo\/glyphs\/A_acute.alt.glif","\/moonglow-bold.ufo\/glyphs\/A_acute.glif":"\/moonglow-bold.ufo\/glyphs\/A_acute.glif","\/moonglow-bold.ufo\/glyphs\/A_circumflex.alt.glif":"\/moonglow-bold.ufo\/glyphs\/A_circumflex.alt.glif","\/moonglow-bold.ufo\/glyphs\/A_circumflex.glif":"\/moonglow-bold.ufo\/glyphs\/A_circumflex.glif","\/moonglow-bold.ufo\/glyphs\/A_dieresis.alt.glif":"\/moonglow-bold.ufo\/glyphs\/A_dieresis.alt.glif","\/moonglow-bold.ufo\/glyphs\/A_dieresis.glif":"\/moonglow-bold.ufo\/glyphs\/A_dieresis.glif","\/moonglow-bold.ufo\/glyphs\/A_grave.alt.glif":"\/moonglow-bold.ufo\/glyphs\/A_grave.alt.glif","\/moonglow-bold.ufo\/glyphs\/A_grave.glif":"\/moonglow-bold.ufo\/glyphs\/A_grave.glif","\/moonglow-bold.ufo\/glyphs\/A_ring.alt.glif":"\/moonglow-bold.ufo\/glyphs\/A_ring.alt.glif","\/moonglow-bold.ufo\/glyphs\/A_ring.glif":"\/moonglow-bold.ufo\/glyphs\/A_ring.glif","\/moonglow-bold.ufo\/glyphs\/A_tilde.alt.glif":"\/moonglow-bold.ufo\/glyphs\/A_tilde.alt.glif","\/moonglow-bold.ufo\/glyphs\/A_tilde.glif":"\/moonglow-bold.ufo\/glyphs\/A_tilde.glif","\/moonglow-bold.ufo\/glyphs\/B_.glif":"\/moonglow-bold.ufo\/glyphs\/B_.glif","\/moonglow-bold.ufo\/glyphs\/C_.glif":"\/moonglow-bold.ufo\/glyphs\/C_.glif","\/moonglow-bold.ufo\/glyphs\/C_cedilla.glif":"\/moonglow-bold.ufo\/glyphs\/C_cedilla.glif","\/moonglow-bold.ufo\/glyphs\/D_.glif":"\/moonglow-bold.ufo\/glyphs\/D_.glif","\/moonglow-bold.ufo\/glyphs\/E_.alt.glif":"\/moonglow-bold.ufo\/glyphs\/E_.alt.glif","\/moonglow-bold.ufo\/glyphs\/E_.glif":"\/moonglow-bold.ufo\/glyphs\/E_.glif","\/moonglow-bold.ufo\/glyphs\/E_acute.alt.glif":"\/moonglow-bold.ufo\/glyphs\/E_acute.alt.glif","\/moonglow-bold.ufo\/glyphs\/E_acute.glif":"\/moonglow-bold.ufo\/glyphs\/E_acute.glif","\/moonglow-bold.ufo\/glyphs\/E_circumflex.alt.glif":"\/moonglow-bold.ufo\/glyphs\/E_circumflex.alt.glif","\/moonglow-bold.ufo\/glyphs\/E_circumflex.glif":"\/moonglow-bold.ufo\/glyphs\/E_circumflex.glif","\/moonglow-bold.ufo\/glyphs\/E_dieresis.alt.glif":"\/moonglow-bold.ufo\/glyphs\/E_dieresis.alt.glif","\/moonglow-bold.ufo\/glyphs\/E_dieresis.glif":"\/moonglow-bold.ufo\/glyphs\/E_dieresis.glif","\/moonglow-bold.ufo\/glyphs\/E_grave.alt.glif":"\/moonglow-bold.ufo\/glyphs\/E_grave.alt.glif","\/moonglow-bold.ufo\/glyphs\/E_grave.glif":"\/moonglow-bold.ufo\/glyphs\/E_grave.glif","\/moonglow-bold.ufo\/glyphs\/E_th.glif":"\/moonglow-bold.ufo\/glyphs\/E_th.glif","\/moonglow-bold.ufo\/glyphs\/E_uro.glif":"\/moonglow-bold.ufo\/glyphs\/E_uro.glif","\/moonglow-bold.ufo\/glyphs\/F_.glif":"\/moonglow-bold.ufo\/glyphs\/F_.glif","\/moonglow-bold.ufo\/glyphs\/G_.alt.glif":"\/moonglow-bold.ufo\/glyphs\/G_.alt.glif","\/moonglow-bold.ufo\/glyphs\/G_.glif":"\/moonglow-bold.ufo\/glyphs\/G_.glif","\/moonglow-bold.ufo\/glyphs\/H_.glif":"\/moonglow-bold.ufo\/glyphs\/H_.glif","\/moonglow-bold.ufo\/glyphs\/I_.glif":"\/moonglow-bold.ufo\/glyphs\/I_.glif","\/moonglow-bold.ufo\/glyphs\/I_acute.glif":"\/moonglow-bold.ufo\/glyphs\/I_acute.glif","\/moonglow-bold.ufo\/glyphs\/I_circumflex.glif":"\/moonglow-bold.ufo\/glyphs\/I_circumflex.glif","\/moonglow-bold.ufo\/glyphs\/I_dieresis.glif":"\/moonglow-bold.ufo\/glyphs\/I_dieresis.glif","\/moonglow-bold.ufo\/glyphs\/I_grave.glif":"\/moonglow-bold.ufo\/glyphs\/I_grave.glif","\/moonglow-bold.ufo\/glyphs\/J_.alt.glif":"\/moonglow-bold.ufo\/glyphs\/J_.alt.glif","\/moonglow-bold.ufo\/glyphs\/J_.glif":"\/moonglow-bold.ufo\/glyphs\/J_.glif","\/moonglow-bold.ufo\/glyphs\/K_.alt.glif":"\/moonglow-bold.ufo\/glyphs\/K_.alt.glif","\/moonglow-bold.ufo\/glyphs\/K_.glif":"\/moonglow-bold.ufo\/glyphs\/K_.glif","\/moonglow-bold.ufo\/glyphs\/L_.glif":"\/moonglow-bold.ufo\/glyphs\/L_.glif","\/moonglow-bold.ufo\/glyphs\/L_slash.glif":"\/moonglow-bold.ufo\/glyphs\/L_slash.glif","\/moonglow-bold.ufo\/glyphs\/M_.glif":"\/moonglow-bold.ufo\/glyphs\/M_.glif","\/moonglow-bold.ufo\/glyphs\/N_.glif":"\/moonglow-bold.ufo\/glyphs\/N_.glif","\/moonglow-bold.ufo\/glyphs\/N_tilde.glif":"\/moonglow-bold.ufo\/glyphs\/N_tilde.glif","\/moonglow-bold.ufo\/glyphs\/O_.glif":"\/moonglow-bold.ufo\/glyphs\/O_.glif","\/moonglow-bold.ufo\/glyphs\/O_E_.glif":"\/moonglow-bold.ufo\/glyphs\/O_E_.glif","\/moonglow-bold.ufo\/glyphs\/O_acute.glif":"\/moonglow-bold.ufo\/glyphs\/O_acute.glif","\/moonglow-bold.ufo\/glyphs\/O_circumflex.glif":"\/moonglow-bold.ufo\/glyphs\/O_circumflex.glif","\/moonglow-bold.ufo\/glyphs\/O_dieresis.glif":"\/moonglow-bold.ufo\/glyphs\/O_dieresis.glif","\/moonglow-bold.ufo\/glyphs\/O_grave.glif":"\/moonglow-bold.ufo\/glyphs\/O_grave.glif","\/moonglow-bold.ufo\/glyphs\/O_slash.glif":"\/moonglow-bold.ufo\/glyphs\/O_slash.glif","\/moonglow-bold.ufo\/glyphs\/O_tilde.glif":"\/moonglow-bold.ufo\/glyphs\/O_tilde.glif","\/moonglow-bold.ufo\/glyphs\/P_.alt.glif":"\/moonglow-bold.ufo\/glyphs\/P_.alt.glif","\/moonglow-bold.ufo\/glyphs\/P_.glif":"\/moonglow-bold.ufo\/glyphs\/P_.glif","\/moonglow-bold.ufo\/glyphs\/Q_.glif":"\/moonglow-bold.ufo\/glyphs\/Q_.glif","\/moonglow-bold.ufo\/glyphs\/R_.alt.glif":"\/moonglow-bold.ufo\/glyphs\/R_.alt.glif","\/moonglow-bold.ufo\/glyphs\/R_.glif":"\/moonglow-bold.ufo\/glyphs\/R_.glif","\/moonglow-bold.ufo\/glyphs\/S_.glif":"\/moonglow-bold.ufo\/glyphs\/S_.glif","\/moonglow-bold.ufo\/glyphs\/S_caron.glif":"\/moonglow-bold.ufo\/glyphs\/S_caron.glif","\/moonglow-bold.ufo\/glyphs\/T_.glif":"\/moonglow-bold.ufo\/glyphs\/T_.glif","\/moonglow-bold.ufo\/glyphs\/T_horn.glif":"\/moonglow-bold.ufo\/glyphs\/T_horn.glif","\/moonglow-bold.ufo\/glyphs\/U_.alt.glif":"\/moonglow-bold.ufo\/glyphs\/U_.alt.glif","\/moonglow-bold.ufo\/glyphs\/U_.glif":"\/moonglow-bold.ufo\/glyphs\/U_.glif","\/moonglow-bold.ufo\/glyphs\/U_acute.alt.glif":"\/moonglow-bold.ufo\/glyphs\/U_acute.alt.glif","\/moonglow-bold.ufo\/glyphs\/U_acute.glif":"\/moonglow-bold.ufo\/glyphs\/U_acute.glif","\/moonglow-bold.ufo\/glyphs\/U_circumflex.alt.glif":"\/moonglow-bold.ufo\/glyphs\/U_circumflex.alt.glif","\/moonglow-bold.ufo\/glyphs\/U_circumflex.glif":"\/moonglow-bold.ufo\/glyphs\/U_circumflex.glif","\/moonglow-bold.ufo\/glyphs\/U_dieresis.alt.glif":"\/moonglow-bold.ufo\/glyphs\/U_dieresis.alt.glif","\/moonglow-bold.ufo\/glyphs\/U_dieresis.glif":"\/moonglow-bold.ufo\/glyphs\/U_dieresis.glif","\/moonglow-bold.ufo\/glyphs\/U_grave.alt.glif":"\/moonglow-bold.ufo\/glyphs\/U_grave.alt.glif","\/moonglow-bold.ufo\/glyphs\/U_grave.glif":"\/moonglow-bold.ufo\/glyphs\/U_grave.glif","\/moonglow-bold.ufo\/glyphs\/V_.glif":"\/moonglow-bold.ufo\/glyphs\/V_.glif","\/moonglow-bold.ufo\/glyphs\/W_.glif":"\/moonglow-bold.ufo\/glyphs\/W_.glif","\/moonglow-bold.ufo\/glyphs\/X_.glif":"\/moonglow-bold.ufo\/glyphs\/X_.glif","\/moonglow-bold.ufo\/glyphs\/Y_.glif":"\/moonglow-bold.ufo\/glyphs\/Y_.glif","\/moonglow-bold.ufo\/glyphs\/Y_acute.glif":"\/moonglow-bold.ufo\/glyphs\/Y_acute.glif","\/moonglow-bold.ufo\/glyphs\/Y_dieresis.glif":"\/moonglow-bold.ufo\/glyphs\/Y_dieresis.glif","\/moonglow-bold.ufo\/glyphs\/Z_.glif":"\/moonglow-bold.ufo\/glyphs\/Z_.glif","\/moonglow-bold.ufo\/glyphs\/Z_caron.glif":"\/moonglow-bold.ufo\/glyphs\/Z_caron.glif","\/moonglow-bold.ufo\/glyphs\/_notdef.glif":"\/moonglow-bold.ufo\/glyphs\/_notdef.glif","\/moonglow-bold.ufo\/glyphs\/a.glif":"\/moonglow-bold.ufo\/glyphs\/a.glif","\/moonglow-bold.ufo\/glyphs\/aacute.glif":"\/moonglow-bold.ufo\/glyphs\/aacute.glif","\/moonglow-bold.ufo\/glyphs\/acircumflex.glif":"\/moonglow-bold.ufo\/glyphs\/acircumflex.glif","\/moonglow-bold.ufo\/glyphs\/acute.glif":"\/moonglow-bold.ufo\/glyphs\/acute.glif","\/moonglow-bold.ufo\/glyphs\/adieresis.glif":"\/moonglow-bold.ufo\/glyphs\/adieresis.glif","\/moonglow-bold.ufo\/glyphs\/ae.glif":"\/moonglow-bold.ufo\/glyphs\/ae.glif","\/moonglow-bold.ufo\/glyphs\/afii61289.glif":"\/moonglow-bold.ufo\/glyphs\/afii61289.glif","\/moonglow-bold.ufo\/glyphs\/agrave.glif":"\/moonglow-bold.ufo\/glyphs\/agrave.glif","\/moonglow-bold.ufo\/glyphs\/ampersand.glif":"\/moonglow-bold.ufo\/glyphs\/ampersand.glif","\/moonglow-bold.ufo\/glyphs\/aring.glif":"\/moonglow-bold.ufo\/glyphs\/aring.glif","\/moonglow-bold.ufo\/glyphs\/asciicircum.glif":"\/moonglow-bold.ufo\/glyphs\/asciicircum.glif","\/moonglow-bold.ufo\/glyphs\/asciitilde.glif":"\/moonglow-bold.ufo\/glyphs\/asciitilde.glif","\/moonglow-bold.ufo\/glyphs\/asterisk.glif":"\/moonglow-bold.ufo\/glyphs\/asterisk.glif","\/moonglow-bold.ufo\/glyphs\/at.glif":"\/moonglow-bold.ufo\/glyphs\/at.glif","\/moonglow-bold.ufo\/glyphs\/atilde.glif":"\/moonglow-bold.ufo\/glyphs\/atilde.glif","\/moonglow-bold.ufo\/glyphs\/b.glif":"\/moonglow-bold.ufo\/glyphs\/b.glif","\/moonglow-bold.ufo\/glyphs\/backslash.glif":"\/moonglow-bold.ufo\/glyphs\/backslash.glif","\/moonglow-bold.ufo\/glyphs\/bar.glif":"\/moonglow-bold.ufo\/glyphs\/bar.glif","\/moonglow-bold.ufo\/glyphs\/braceleft.glif":"\/moonglow-bold.ufo\/glyphs\/braceleft.glif","\/moonglow-bold.ufo\/glyphs\/braceright.glif":"\/moonglow-bold.ufo\/glyphs\/braceright.glif","\/moonglow-bold.ufo\/glyphs\/bracketleft.glif":"\/moonglow-bold.ufo\/glyphs\/bracketleft.glif","\/moonglow-bold.ufo\/glyphs\/bracketright.glif":"\/moonglow-bold.ufo\/glyphs\/bracketright.glif","\/moonglow-bold.ufo\/glyphs\/breve.glif":"\/moonglow-bold.ufo\/glyphs\/breve.glif","\/moonglow-bold.ufo\/glyphs\/brokenbar.glif":"\/moonglow-bold.ufo\/glyphs\/brokenbar.glif","\/moonglow-bold.ufo\/glyphs\/bullet.glif":"\/moonglow-bold.ufo\/glyphs\/bullet.glif","\/moonglow-bold.ufo\/glyphs\/c.glif":"\/moonglow-bold.ufo\/glyphs\/c.glif","\/moonglow-bold.ufo\/glyphs\/caron.glif":"\/moonglow-bold.ufo\/glyphs\/caron.glif","\/moonglow-bold.ufo\/glyphs\/ccedilla.glif":"\/moonglow-bold.ufo\/glyphs\/ccedilla.glif","\/moonglow-bold.ufo\/glyphs\/cedilla.glif":"\/moonglow-bold.ufo\/glyphs\/cedilla.glif","\/moonglow-bold.ufo\/glyphs\/cent.glif":"\/moonglow-bold.ufo\/glyphs\/cent.glif","\/moonglow-bold.ufo\/glyphs\/circumflex.glif":"\/moonglow-bold.ufo\/glyphs\/circumflex.glif","\/moonglow-bold.ufo\/glyphs\/colon.glif":"\/moonglow-bold.ufo\/glyphs\/colon.glif","\/moonglow-bold.ufo\/glyphs\/comma.glif":"\/moonglow-bold.ufo\/glyphs\/comma.glif","\/moonglow-bold.ufo\/glyphs\/contents.plist":"\/moonglow-bold.ufo\/glyphs\/contents.plist","\/moonglow-bold.ufo\/glyphs\/copyright.glif":"\/moonglow-bold.ufo\/glyphs\/copyright.glif","\/moonglow-bold.ufo\/glyphs\/currency.glif":"\/moonglow-bold.ufo\/glyphs\/currency.glif","\/moonglow-bold.ufo\/glyphs\/d.glif":"\/moonglow-bold.ufo\/glyphs\/d.glif","\/moonglow-bold.ufo\/glyphs\/dagger.glif":"\/moonglow-bold.ufo\/glyphs\/dagger.glif","\/moonglow-bold.ufo\/glyphs\/daggerdbl.glif":"\/moonglow-bold.ufo\/glyphs\/daggerdbl.glif","\/moonglow-bold.ufo\/glyphs\/degree.glif":"\/moonglow-bold.ufo\/glyphs\/degree.glif","\/moonglow-bold.ufo\/glyphs\/dieresis.glif":"\/moonglow-bold.ufo\/glyphs\/dieresis.glif","\/moonglow-bold.ufo\/glyphs\/divide.glif":"\/moonglow-bold.ufo\/glyphs\/divide.glif","\/moonglow-bold.ufo\/glyphs\/dollar.glif":"\/moonglow-bold.ufo\/glyphs\/dollar.glif","\/moonglow-bold.ufo\/glyphs\/dotaccent.glif":"\/moonglow-bold.ufo\/glyphs\/dotaccent.glif","\/moonglow-bold.ufo\/glyphs\/dotlessi.glif":"\/moonglow-bold.ufo\/glyphs\/dotlessi.glif","\/moonglow-bold.ufo\/glyphs\/e.glif":"\/moonglow-bold.ufo\/glyphs\/e.glif","\/moonglow-bold.ufo\/glyphs\/eacute.glif":"\/moonglow-bold.ufo\/glyphs\/eacute.glif","\/moonglow-bold.ufo\/glyphs\/ecircumflex.glif":"\/moonglow-bold.ufo\/glyphs\/ecircumflex.glif","\/moonglow-bold.ufo\/glyphs\/edieresis.glif":"\/moonglow-bold.ufo\/glyphs\/edieresis.glif","\/moonglow-bold.ufo\/glyphs\/egrave.glif":"\/moonglow-bold.ufo\/glyphs\/egrave.glif","\/moonglow-bold.ufo\/glyphs\/eight.glif":"\/moonglow-bold.ufo\/glyphs\/eight.glif","\/moonglow-bold.ufo\/glyphs\/ellipsis.glif":"\/moonglow-bold.ufo\/glyphs\/ellipsis.glif","\/moonglow-bold.ufo\/glyphs\/emdash.glif":"\/moonglow-bold.ufo\/glyphs\/emdash.glif","\/moonglow-bold.ufo\/glyphs\/endash.glif":"\/moonglow-bold.ufo\/glyphs\/endash.glif","\/moonglow-bold.ufo\/glyphs\/equal.glif":"\/moonglow-bold.ufo\/glyphs\/equal.glif","\/moonglow-bold.ufo\/glyphs\/estimated.glif":"\/moonglow-bold.ufo\/glyphs\/estimated.glif","\/moonglow-bold.ufo\/glyphs\/eth.glif":"\/moonglow-bold.ufo\/glyphs\/eth.glif","\/moonglow-bold.ufo\/glyphs\/exclam.glif":"\/moonglow-bold.ufo\/glyphs\/exclam.glif","\/moonglow-bold.ufo\/glyphs\/exclamdown.glif":"\/moonglow-bold.ufo\/glyphs\/exclamdown.glif","\/moonglow-bold.ufo\/glyphs\/f.glif":"\/moonglow-bold.ufo\/glyphs\/f.glif","\/moonglow-bold.ufo\/glyphs\/fi.glif":"\/moonglow-bold.ufo\/glyphs\/fi.glif","\/moonglow-bold.ufo\/glyphs\/five.glif":"\/moonglow-bold.ufo\/glyphs\/five.glif","\/moonglow-bold.ufo\/glyphs\/fl.glif":"\/moonglow-bold.ufo\/glyphs\/fl.glif","\/moonglow-bold.ufo\/glyphs\/florin.glif":"\/moonglow-bold.ufo\/glyphs\/florin.glif","\/moonglow-bold.ufo\/glyphs\/four.glif":"\/moonglow-bold.ufo\/glyphs\/four.glif","\/moonglow-bold.ufo\/glyphs\/fourinferior.glif":"\/moonglow-bold.ufo\/glyphs\/fourinferior.glif","\/moonglow-bold.ufo\/glyphs\/foursuperior.glif":"\/moonglow-bold.ufo\/glyphs\/foursuperior.glif","\/moonglow-bold.ufo\/glyphs\/fraction.glif":"\/moonglow-bold.ufo\/glyphs\/fraction.glif","\/moonglow-bold.ufo\/glyphs\/g.glif":"\/moonglow-bold.ufo\/glyphs\/g.glif","\/moonglow-bold.ufo\/glyphs\/germandbls.glif":"\/moonglow-bold.ufo\/glyphs\/germandbls.glif","\/moonglow-bold.ufo\/glyphs\/grave.glif":"\/moonglow-bold.ufo\/glyphs\/grave.glif","\/moonglow-bold.ufo\/glyphs\/greater.glif":"\/moonglow-bold.ufo\/glyphs\/greater.glif","\/moonglow-bold.ufo\/glyphs\/guillemotleft.glif":"\/moonglow-bold.ufo\/glyphs\/guillemotleft.glif","\/moonglow-bold.ufo\/glyphs\/guillemotright.glif":"\/moonglow-bold.ufo\/glyphs\/guillemotright.glif","\/moonglow-bold.ufo\/glyphs\/guilsinglleft.glif":"\/moonglow-bold.ufo\/glyphs\/guilsinglleft.glif","\/moonglow-bold.ufo\/glyphs\/guilsinglright.glif":"\/moonglow-bold.ufo\/glyphs\/guilsinglright.glif","\/moonglow-bold.ufo\/glyphs\/h.glif":"\/moonglow-bold.ufo\/glyphs\/h.glif","\/moonglow-bold.ufo\/glyphs\/hungarumlaut.glif":"\/moonglow-bold.ufo\/glyphs\/hungarumlaut.glif","\/moonglow-bold.ufo\/glyphs\/hyphen.glif":"\/moonglow-bold.ufo\/glyphs\/hyphen.glif","\/moonglow-bold.ufo\/glyphs\/i.glif":"\/moonglow-bold.ufo\/glyphs\/i.glif","\/moonglow-bold.ufo\/glyphs\/iacute.glif":"\/moonglow-bold.ufo\/glyphs\/iacute.glif","\/moonglow-bold.ufo\/glyphs\/icircumflex.glif":"\/moonglow-bold.ufo\/glyphs\/icircumflex.glif","\/moonglow-bold.ufo\/glyphs\/idieresis.glif":"\/moonglow-bold.ufo\/glyphs\/idieresis.glif","\/moonglow-bold.ufo\/glyphs\/igrave.glif":"\/moonglow-bold.ufo\/glyphs\/igrave.glif","\/moonglow-bold.ufo\/glyphs\/j.glif":"\/moonglow-bold.ufo\/glyphs\/j.glif","\/moonglow-bold.ufo\/glyphs\/k.glif":"\/moonglow-bold.ufo\/glyphs\/k.glif","\/moonglow-bold.ufo\/glyphs\/l.glif":"\/moonglow-bold.ufo\/glyphs\/l.glif","\/moonglow-bold.ufo\/glyphs\/less.glif":"\/moonglow-bold.ufo\/glyphs\/less.glif","\/moonglow-bold.ufo\/glyphs\/logicalnot.glif":"\/moonglow-bold.ufo\/glyphs\/logicalnot.glif","\/moonglow-bold.ufo\/glyphs\/lslash.glif":"\/moonglow-bold.ufo\/glyphs\/lslash.glif","\/moonglow-bold.ufo\/glyphs\/m.glif":"\/moonglow-bold.ufo\/glyphs\/m.glif","\/moonglow-bold.ufo\/glyphs\/macron.glif":"\/moonglow-bold.ufo\/glyphs\/macron.glif","\/moonglow-bold.ufo\/glyphs\/minus.glif":"\/moonglow-bold.ufo\/glyphs\/minus.glif","\/moonglow-bold.ufo\/glyphs\/mu.glif":"\/moonglow-bold.ufo\/glyphs\/mu.glif","\/moonglow-bold.ufo\/glyphs\/multiply.glif":"\/moonglow-bold.ufo\/glyphs\/multiply.glif","\/moonglow-bold.ufo\/glyphs\/n.glif":"\/moonglow-bold.ufo\/glyphs\/n.glif","\/moonglow-bold.ufo\/glyphs\/nine.glif":"\/moonglow-bold.ufo\/glyphs\/nine.glif","\/moonglow-bold.ufo\/glyphs\/ntilde.glif":"\/moonglow-bold.ufo\/glyphs\/ntilde.glif","\/moonglow-bold.ufo\/glyphs\/numbersign.glif":"\/moonglow-bold.ufo\/glyphs\/numbersign.glif","\/moonglow-bold.ufo\/glyphs\/o.glif":"\/moonglow-bold.ufo\/glyphs\/o.glif","\/moonglow-bold.ufo\/glyphs\/oacute.glif":"\/moonglow-bold.ufo\/glyphs\/oacute.glif","\/moonglow-bold.ufo\/glyphs\/ocircumflex.glif":"\/moonglow-bold.ufo\/glyphs\/ocircumflex.glif","\/moonglow-bold.ufo\/glyphs\/odieresis.glif":"\/moonglow-bold.ufo\/glyphs\/odieresis.glif","\/moonglow-bold.ufo\/glyphs\/oe.glif":"\/moonglow-bold.ufo\/glyphs\/oe.glif","\/moonglow-bold.ufo\/glyphs\/ogonek.glif":"\/moonglow-bold.ufo\/glyphs\/ogonek.glif","\/moonglow-bold.ufo\/glyphs\/ograve.glif":"\/moonglow-bold.ufo\/glyphs\/ograve.glif","\/moonglow-bold.ufo\/glyphs\/one.glif":"\/moonglow-bold.ufo\/glyphs\/one.glif","\/moonglow-bold.ufo\/glyphs\/onehalf.glif":"\/moonglow-bold.ufo\/glyphs\/onehalf.glif","\/moonglow-bold.ufo\/glyphs\/oneinferior.glif":"\/moonglow-bold.ufo\/glyphs\/oneinferior.glif","\/moonglow-bold.ufo\/glyphs\/onequarter.glif":"\/moonglow-bold.ufo\/glyphs\/onequarter.glif","\/moonglow-bold.ufo\/glyphs\/onesuperior.glif":"\/moonglow-bold.ufo\/glyphs\/onesuperior.glif","\/moonglow-bold.ufo\/glyphs\/ordfeminine.glif":"\/moonglow-bold.ufo\/glyphs\/ordfeminine.glif","\/moonglow-bold.ufo\/glyphs\/ordmasculine.glif":"\/moonglow-bold.ufo\/glyphs\/ordmasculine.glif","\/moonglow-bold.ufo\/glyphs\/oslash.glif":"\/moonglow-bold.ufo\/glyphs\/oslash.glif","\/moonglow-bold.ufo\/glyphs\/otilde.glif":"\/moonglow-bold.ufo\/glyphs\/otilde.glif","\/moonglow-bold.ufo\/glyphs\/p.glif":"\/moonglow-bold.ufo\/glyphs\/p.glif","\/moonglow-bold.ufo\/glyphs\/paragraph.glif":"\/moonglow-bold.ufo\/glyphs\/paragraph.glif","\/moonglow-bold.ufo\/glyphs\/parenleft.glif":"\/moonglow-bold.ufo\/glyphs\/parenleft.glif","\/moonglow-bold.ufo\/glyphs\/parenright.glif":"\/moonglow-bold.ufo\/glyphs\/parenright.glif","\/moonglow-bold.ufo\/glyphs\/percent.glif":"\/moonglow-bold.ufo\/glyphs\/percent.glif","\/moonglow-bold.ufo\/glyphs\/period.glif":"\/moonglow-bold.ufo\/glyphs\/period.glif","\/moonglow-bold.ufo\/glyphs\/periodcentered.glif":"\/moonglow-bold.ufo\/glyphs\/periodcentered.glif","\/moonglow-bold.ufo\/glyphs\/perthousand.glif":"\/moonglow-bold.ufo\/glyphs\/perthousand.glif","\/moonglow-bold.ufo\/glyphs\/plus.glif":"\/moonglow-bold.ufo\/glyphs\/plus.glif","\/moonglow-bold.ufo\/glyphs\/plusminus.glif":"\/moonglow-bold.ufo\/glyphs\/plusminus.glif","\/moonglow-bold.ufo\/glyphs\/q.glif":"\/moonglow-bold.ufo\/glyphs\/q.glif","\/moonglow-bold.ufo\/glyphs\/question.glif":"\/moonglow-bold.ufo\/glyphs\/question.glif","\/moonglow-bold.ufo\/glyphs\/questiondown.glif":"\/moonglow-bold.ufo\/glyphs\/questiondown.glif","\/moonglow-bold.ufo\/glyphs\/quotedbl.glif":"\/moonglow-bold.ufo\/glyphs\/quotedbl.glif","\/moonglow-bold.ufo\/glyphs\/quotedblbase.glif":"\/moonglow-bold.ufo\/glyphs\/quotedblbase.glif","\/moonglow-bold.ufo\/glyphs\/quotedblleft.glif":"\/moonglow-bold.ufo\/glyphs\/quotedblleft.glif","\/moonglow-bold.ufo\/glyphs\/quotedblright.glif":"\/moonglow-bold.ufo\/glyphs\/quotedblright.glif","\/moonglow-bold.ufo\/glyphs\/quoteleft.glif":"\/moonglow-bold.ufo\/glyphs\/quoteleft.glif","\/moonglow-bold.ufo\/glyphs\/quoteright.glif":"\/moonglow-bold.ufo\/glyphs\/quoteright.glif","\/moonglow-bold.ufo\/glyphs\/quotesinglbase.glif":"\/moonglow-bold.ufo\/glyphs\/quotesinglbase.glif","\/moonglow-bold.ufo\/glyphs\/quotesingle.glif":"\/moonglow-bold.ufo\/glyphs\/quotesingle.glif","\/moonglow-bold.ufo\/glyphs\/r.glif":"\/moonglow-bold.ufo\/glyphs\/r.glif","\/moonglow-bold.ufo\/glyphs\/registered.glif":"\/moonglow-bold.ufo\/glyphs\/registered.glif","\/moonglow-bold.ufo\/glyphs\/ring.glif":"\/moonglow-bold.ufo\/glyphs\/ring.glif","\/moonglow-bold.ufo\/glyphs\/s.glif":"\/moonglow-bold.ufo\/glyphs\/s.glif","\/moonglow-bold.ufo\/glyphs\/scaron.glif":"\/moonglow-bold.ufo\/glyphs\/scaron.glif","\/moonglow-bold.ufo\/glyphs\/section.glif":"\/moonglow-bold.ufo\/glyphs\/section.glif","\/moonglow-bold.ufo\/glyphs\/semicolon.glif":"\/moonglow-bold.ufo\/glyphs\/semicolon.glif","\/moonglow-bold.ufo\/glyphs\/seven.glif":"\/moonglow-bold.ufo\/glyphs\/seven.glif","\/moonglow-bold.ufo\/glyphs\/six.glif":"\/moonglow-bold.ufo\/glyphs\/six.glif","\/moonglow-bold.ufo\/glyphs\/slash.glif":"\/moonglow-bold.ufo\/glyphs\/slash.glif","\/moonglow-bold.ufo\/glyphs\/space.glif":"\/moonglow-bold.ufo\/glyphs\/space.glif","\/moonglow-bold.ufo\/glyphs\/sterling.glif":"\/moonglow-bold.ufo\/glyphs\/sterling.glif","\/moonglow-bold.ufo\/glyphs\/t.glif":"\/moonglow-bold.ufo\/glyphs\/t.glif","\/moonglow-bold.ufo\/glyphs\/thorn.glif":"\/moonglow-bold.ufo\/glyphs\/thorn.glif","\/moonglow-bold.ufo\/glyphs\/three.glif":"\/moonglow-bold.ufo\/glyphs\/three.glif","\/moonglow-bold.ufo\/glyphs\/threeinferior.glif":"\/moonglow-bold.ufo\/glyphs\/threeinferior.glif","\/moonglow-bold.ufo\/glyphs\/threequarters.glif":"\/moonglow-bold.ufo\/glyphs\/threequarters.glif","\/moonglow-bold.ufo\/glyphs\/threesuperior.glif":"\/moonglow-bold.ufo\/glyphs\/threesuperior.glif","\/moonglow-bold.ufo\/glyphs\/tilde.glif":"\/moonglow-bold.ufo\/glyphs\/tilde.glif","\/moonglow-bold.ufo\/glyphs\/trademark.glif":"\/moonglow-bold.ufo\/glyphs\/trademark.glif","\/moonglow-bold.ufo\/glyphs\/two.glif":"\/moonglow-bold.ufo\/glyphs\/two.glif","\/moonglow-bold.ufo\/glyphs\/twoinferior.glif":"\/moonglow-bold.ufo\/glyphs\/twoinferior.glif","\/moonglow-bold.ufo\/glyphs\/twosuperior.glif":"\/moonglow-bold.ufo\/glyphs\/twosuperior.glif","\/moonglow-bold.ufo\/glyphs\/u.glif":"\/moonglow-bold.ufo\/glyphs\/u.glif","\/moonglow-bold.ufo\/glyphs\/uacute.glif":"\/moonglow-bold.ufo\/glyphs\/uacute.glif","\/moonglow-bold.ufo\/glyphs\/ucircumflex.glif":"\/moonglow-bold.ufo\/glyphs\/ucircumflex.glif","\/moonglow-bold.ufo\/glyphs\/udieresis.glif":"\/moonglow-bold.ufo\/glyphs\/udieresis.glif","\/moonglow-bold.ufo\/glyphs\/ugrave.glif":"\/moonglow-bold.ufo\/glyphs\/ugrave.glif","\/moonglow-bold.ufo\/glyphs\/underscore.glif":"\/moonglow-bold.ufo\/glyphs\/underscore.glif","\/moonglow-bold.ufo\/glyphs\/uni00A_0.glif":"\/moonglow-bold.ufo\/glyphs\/uni00A_0.glif","\/moonglow-bold.ufo\/glyphs\/uni00A_D_.glif":"\/moonglow-bold.ufo\/glyphs\/uni00A_D_.glif","\/moonglow-bold.ufo\/glyphs\/uni02C_9.glif":"\/moonglow-bold.ufo\/glyphs\/uni02C_9.glif","\/moonglow-bold.ufo\/glyphs\/uni2215.glif":"\/moonglow-bold.ufo\/glyphs\/uni2215.glif","\/moonglow-bold.ufo\/glyphs\/uni2219.glif":"\/moonglow-bold.ufo\/glyphs\/uni2219.glif","\/moonglow-bold.ufo\/glyphs\/uniF_638.glif":"\/moonglow-bold.ufo\/glyphs\/uniF_638.glif","\/moonglow-bold.ufo\/glyphs\/v.glif":"\/moonglow-bold.ufo\/glyphs\/v.glif","\/moonglow-bold.ufo\/glyphs\/w.glif":"\/moonglow-bold.ufo\/glyphs\/w.glif","\/moonglow-bold.ufo\/glyphs\/x.glif":"\/moonglow-bold.ufo\/glyphs\/x.glif","\/moonglow-bold.ufo\/glyphs\/y.glif":"\/moonglow-bold.ufo\/glyphs\/y.glif","\/moonglow-bold.ufo\/glyphs\/yacute.glif":"\/moonglow-bold.ufo\/glyphs\/yacute.glif","\/moonglow-bold.ufo\/glyphs\/ydieresis.glif":"\/moonglow-bold.ufo\/glyphs\/ydieresis.glif","\/moonglow-bold.ufo\/glyphs\/yen.glif":"\/moonglow-bold.ufo\/glyphs\/yen.glif","\/moonglow-bold.ufo\/glyphs\/z.glif":"\/moonglow-bold.ufo\/glyphs\/z.glif","\/moonglow-bold.ufo\/glyphs\/zcaron.glif":"\/moonglow-bold.ufo\/glyphs\/zcaron.glif","\/moonglow-bold.ufo\/glyphs\/zero.glif":"\/moonglow-bold.ufo\/glyphs\/zero.glif"},"Font":{"uploaded":1476612191.1029,"licence":"gpl3","company":"Chronolabs Cooperative","title":"Moonglow Bold","version":3.002,"date":"Sat Oct 15 02:32:39 2016","creator":"root","type":"1","matrix":"0.001 0 0 0.001 0 0","named":"Moonglow-Bold","painttype":"0","info":"11 dict dup","name":"Moonglow Bold","family":"Moonglow","weight":"Bold","fstype":"8","italicangle":"0","underlineposition":"","underlinethickness":""},"Licences":{"":false},"Table":{"FFTM":{"entryLength":16,"tag":"FFTM","checksum":1955372766,"offset":62240,"length":28},"GDEF":{"entryLength":16,"tag":"GDEF","checksum":20447238,"offset":62208,"length":32},"OS\/2":{"entryLength":16,"tag":"OS\/2","checksum":1482567054,"offset":344,"length":86},"cmap":{"entryLength":16,"tag":"cmap","checksum":3694320500,"offset":1500,"length":626},"gasp":{"entryLength":16,"tag":"gasp","checksum":4294901763,"offset":62200,"length":8},"glyf":{"entryLength":16,"tag":"glyf","checksum":3938674584,"offset":2664,"length":57472},"head":{"entryLength":16,"tag":"head","checksum":196387574,"offset":220,"length":54},"hhea":{"entryLength":16,"tag":"hhea","checksum":138609700,"offset":276,"length":36},"hmtx":{"entryLength":16,"tag":"hmtx","checksum":1693062872,"offset":432,"length":1068},"loca":{"entryLength":16,"tag":"loca","checksum":415453534,"offset":2128,"length":536},"maxp":{"entryLength":16,"tag":"maxp","checksum":22741193,"offset":312,"length":32},"name":{"entryLength":16,"tag":"name","checksum":2766733250,"offset":60136,"length":1131},"post":{"entryLength":16,"tag":"post","checksum":3381176634,"offset":61268,"length":930}},"UnicodeCharMap":{"32":3,"33":4,"34":5,"35":6,"36":7,"37":8,"38":9,"39":10,"40":11,"41":12,"42":13,"43":14,"44":15,"45":16,"46":17,"47":18,"48":19,"49":20,"50":21,"51":22,"52":23,"53":24,"54":25,"55":26,"56":27,"57":28,"58":29,"59":30,"60":31,"61":32,"62":33,"63":34,"64":35,"65":36,"66":37,"67":38,"68":39,"69":40,"70":41,"71":42,"72":43,"73":44,"74":45,"75":46,"76":47,"77":48,"78":49,"79":50,"80":51,"81":52,"82":53,"83":54,"84":55,"85":56,"86":57,"87":58,"88":59,"89":60,"90":61,"91":62,"92":63,"93":64,"94":65,"95":66,"96":67,"97":68,"98":69,"99":70,"100":71,"101":72,"102":73,"103":74,"104":75,"105":76,"106":77,"107":78,"108":79,"109":80,"110":81,"111":82,"112":83,"113":84,"114":85,"115":86,"116":87,"117":88,"118":89,"119":90,"120":91,"121":92,"122":93,"123":94,"124":95,"125":96,"126":97,"160":98,"161":99,"162":100,"163":101,"164":102,"165":103,"166":104,"167":105,"168":106,"169":107,"170":108,"171":109,"172":110,"173":111,"174":112,"175":113,"176":114,"177":115,"178":116,"179":117,"180":118,"182":120,"183":121,"184":122,"185":123,"186":124,"187":125,"188":126,"189":127,"190":128,"191":129,"192":130,"193":131,"194":132,"195":133,"196":134,"197":135,"198":136,"199":137,"200":138,"201":139,"202":140,"203":141,"204":142,"205":143,"206":144,"207":145,"208":146,"209":147,"210":148,"211":149,"212":150,"213":151,"214":152,"215":153,"216":154,"217":155,"218":156,"219":157,"220":158,"221":159,"222":160,"223":161,"224":162,"225":163,"226":164,"227":165,"228":166,"229":167,"230":168,"231":169,"232":170,"233":171,"234":172,"235":173,"236":174,"237":175,"238":176,"239":177,"240":178,"241":179,"242":180,"243":181,"244":182,"245":183,"246":184,"247":185,"248":186,"249":187,"250":188,"251":189,"252":190,"253":191,"254":192,"255":193,"305":223,"321":221,"322":224,"338":222,"339":225,"352":228,"353":231,"376":229,"381":230,"382":232,"402":197,"710":212,"711":219,"713":242,"728":214,"729":215,"730":216,"731":218,"732":213,"733":217,"956":119,"8211":203,"8212":220,"8216":195,"8217":194,"8218":207,"8220":198,"8221":209,"8222":208,"8224":204,"8225":205,"8226":206,"8230":210,"8240":211,"8249":199,"8250":200,"8260":196,"8308":233,"8321":234,"8322":235,"8323":236,"8324":237,"8364":238,"8467":239,"8482":226,"8494":240,"8722":227,"8725":253,"8729":241,"63032":243,"64257":201,"64258":202},"Reserves":{"fontname":"Moonglow Bold"},"Names":{"Moonglow Bold":{"name":"Moonglow Bold","longitude":"0.00000001","latitude":"0.00000001","country":"","region":"","city":""}},"Nodes":{"mo":{"type":"typal","node":"mo","usage":1,"weight":1},"ow":{"type":"typal","node":"ow","usage":1,"weight":1},"bo":{"type":"typal","node":"bo","usage":1,"weight":1},"ld":{"type":"typal","node":"ld","usage":1,"weight":1},"moo":{"type":"typal","node":"moo","usage":1,"weight":1},"low":{"type":"typal","node":"low","usage":1,"weight":1},"bol":{"type":"typal","node":"bol","usage":1,"weight":1},"old":{"type":"typal","node":"old","usage":1,"weight":1},"moon":{"type":"keys","node":"moon","usage":1,"weight":1},"glow":{"type":"keys","node":"glow","usage":1,"weight":1},"moong":{"type":"keys","node":"moong","usage":1,"weight":1},"nglow":{"type":"keys","node":"nglow","usage":1,"weight":1},"moonglow":{"type":"fixes","node":"moonglow","usage":1,"weight":1},"bold":{"type":"fixes","node":"bold","usage":1,"weight":1}},"Contributors":[],"FontIdentity":"thatcher0:d65ca6cc74958c1abbd1b4","Bytes":null,"Networking":[],"barcode":"aumw4wyweesms","referee":"GAiyiym"}