{"CSS":{"OPTIOriginal-Script":"OPTIOriginal-Script.css"},"FontType":"TrueType","FontCopyright":"1.2, Copyright Copr. Castcraft Software, Inc. 1990-1991.","FontName":"OPTIOriginal","FontSubfamily":"Script","FontSubfamilyID":"FontForge 2.0 : OPTIOriginal-Script : 13-8-2016","FontFullName":"OPTIOriginal Script","FontVersion":"Version 001.000 ","FontWeight":null,"FontPostscriptName":"OPTIOriginal-Script","Files":{"\/fonts\/Unpacking\/cf3dd9f7666b8e09e6701fec06fdd534d7eaf141\/Font Preview for OPTIOriginal Script.png":"\/fonts\/Unpacking\/cf3dd9f7666b8e09e6701fec06fdd534d7eaf141\/Font Preview for OPTIOriginal Script.png","\/fonts\/Unpacking\/cf3dd9f7666b8e09e6701fec06fdd534d7eaf141\/font-name-banner.png":"\/fonts\/Unpacking\/cf3dd9f7666b8e09e6701fec06fdd534d7eaf141\/font-name-banner.png","\/fonts\/Unpacking\/cf3dd9f7666b8e09e6701fec06fdd534d7eaf141\/optioriginal-script.afm":"\/fonts\/Unpacking\/cf3dd9f7666b8e09e6701fec06fdd534d7eaf141\/optioriginal-script.afm","\/fonts\/Unpacking\/cf3dd9f7666b8e09e6701fec06fdd534d7eaf141\/optioriginal-script.bin":"\/fonts\/Unpacking\/cf3dd9f7666b8e09e6701fec06fdd534d7eaf141\/optioriginal-script.bin","\/fonts\/Unpacking\/cf3dd9f7666b8e09e6701fec06fdd534d7eaf141\/optioriginal-script.cef":"\/fonts\/Unpacking\/cf3dd9f7666b8e09e6701fec06fdd534d7eaf141\/optioriginal-script.cef","\/fonts\/Unpacking\/cf3dd9f7666b8e09e6701fec06fdd534d7eaf141\/optioriginal-script.cff":"\/fonts\/Unpacking\/cf3dd9f7666b8e09e6701fec06fdd534d7eaf141\/optioriginal-script.cff","\/fonts\/Unpacking\/cf3dd9f7666b8e09e6701fec06fdd534d7eaf141\/optioriginal-script.cid":"\/fonts\/Unpacking\/cf3dd9f7666b8e09e6701fec06fdd534d7eaf141\/optioriginal-script.cid","\/fonts\/Unpacking\/cf3dd9f7666b8e09e6701fec06fdd534d7eaf141\/optioriginal-script.dfont":"\/fonts\/Unpacking\/cf3dd9f7666b8e09e6701fec06fdd534d7eaf141\/optioriginal-script.dfont","\/fonts\/Unpacking\/cf3dd9f7666b8e09e6701fec06fdd534d7eaf141\/optioriginal-script.eot":"\/fonts\/Unpacking\/cf3dd9f7666b8e09e6701fec06fdd534d7eaf141\/optioriginal-script.eot","\/fonts\/Unpacking\/cf3dd9f7666b8e09e6701fec06fdd534d7eaf141\/optioriginal-script.fon":"\/fonts\/Unpacking\/cf3dd9f7666b8e09e6701fec06fdd534d7eaf141\/optioriginal-script.fon","\/fonts\/Unpacking\/cf3dd9f7666b8e09e6701fec06fdd534d7eaf141\/optioriginal-script.gai":"\/fonts\/Unpacking\/cf3dd9f7666b8e09e6701fec06fdd534d7eaf141\/optioriginal-script.gai","\/fonts\/Unpacking\/cf3dd9f7666b8e09e6701fec06fdd534d7eaf141\/optioriginal-script.gsf":"\/fonts\/Unpacking\/cf3dd9f7666b8e09e6701fec06fdd534d7eaf141\/optioriginal-script.gsf","\/fonts\/Unpacking\/cf3dd9f7666b8e09e6701fec06fdd534d7eaf141\/optioriginal-script.hqx":"\/fonts\/Unpacking\/cf3dd9f7666b8e09e6701fec06fdd534d7eaf141\/optioriginal-script.hqx","\/fonts\/Unpacking\/cf3dd9f7666b8e09e6701fec06fdd534d7eaf141\/optioriginal-script.ik":"\/fonts\/Unpacking\/cf3dd9f7666b8e09e6701fec06fdd534d7eaf141\/optioriginal-script.ik","\/fonts\/Unpacking\/cf3dd9f7666b8e09e6701fec06fdd534d7eaf141\/optioriginal-script.mf":"\/fonts\/Unpacking\/cf3dd9f7666b8e09e6701fec06fdd534d7eaf141\/optioriginal-script.mf","\/fonts\/Unpacking\/cf3dd9f7666b8e09e6701fec06fdd534d7eaf141\/optioriginal-script.otf":"\/fonts\/Unpacking\/cf3dd9f7666b8e09e6701fec06fdd534d7eaf141\/optioriginal-script.otf","\/fonts\/Unpacking\/cf3dd9f7666b8e09e6701fec06fdd534d7eaf141\/optioriginal-script.pcf":"\/fonts\/Unpacking\/cf3dd9f7666b8e09e6701fec06fdd534d7eaf141\/optioriginal-script.pcf","\/fonts\/Unpacking\/cf3dd9f7666b8e09e6701fec06fdd534d7eaf141\/optioriginal-script.pf3":"\/fonts\/Unpacking\/cf3dd9f7666b8e09e6701fec06fdd534d7eaf141\/optioriginal-script.pf3","\/fonts\/Unpacking\/cf3dd9f7666b8e09e6701fec06fdd534d7eaf141\/optioriginal-script.pfa":"\/fonts\/Unpacking\/cf3dd9f7666b8e09e6701fec06fdd534d7eaf141\/optioriginal-script.pfa","\/fonts\/Unpacking\/cf3dd9f7666b8e09e6701fec06fdd534d7eaf141\/optioriginal-script.pfb":"\/fonts\/Unpacking\/cf3dd9f7666b8e09e6701fec06fdd534d7eaf141\/optioriginal-script.pfb","\/fonts\/Unpacking\/cf3dd9f7666b8e09e6701fec06fdd534d7eaf141\/optioriginal-script.php":"\/fonts\/Unpacking\/cf3dd9f7666b8e09e6701fec06fdd534d7eaf141\/optioriginal-script.php","\/fonts\/Unpacking\/cf3dd9f7666b8e09e6701fec06fdd534d7eaf141\/optioriginal-script.pmf":"\/fonts\/Unpacking\/cf3dd9f7666b8e09e6701fec06fdd534d7eaf141\/optioriginal-script.pmf","\/fonts\/Unpacking\/cf3dd9f7666b8e09e6701fec06fdd534d7eaf141\/optioriginal-script.pt3":"\/fonts\/Unpacking\/cf3dd9f7666b8e09e6701fec06fdd534d7eaf141\/optioriginal-script.pt3","\/fonts\/Unpacking\/cf3dd9f7666b8e09e6701fec06fdd534d7eaf141\/optioriginal-script.sfd":"\/fonts\/Unpacking\/cf3dd9f7666b8e09e6701fec06fdd534d7eaf141\/optioriginal-script.sfd","\/fonts\/Unpacking\/cf3dd9f7666b8e09e6701fec06fdd534d7eaf141\/optioriginal-script.svg":"\/fonts\/Unpacking\/cf3dd9f7666b8e09e6701fec06fdd534d7eaf141\/optioriginal-script.svg","\/fonts\/Unpacking\/cf3dd9f7666b8e09e6701fec06fdd534d7eaf141\/optioriginal-script.t42":"\/fonts\/Unpacking\/cf3dd9f7666b8e09e6701fec06fdd534d7eaf141\/optioriginal-script.t42","\/fonts\/Unpacking\/cf3dd9f7666b8e09e6701fec06fdd534d7eaf141\/optioriginal-script.ttd":"\/fonts\/Unpacking\/cf3dd9f7666b8e09e6701fec06fdd534d7eaf141\/optioriginal-script.ttd","\/fonts\/Unpacking\/cf3dd9f7666b8e09e6701fec06fdd534d7eaf141\/optioriginal-script.ttf":"\/fonts\/Unpacking\/cf3dd9f7666b8e09e6701fec06fdd534d7eaf141\/optioriginal-script.ttf","\/fonts\/Unpacking\/cf3dd9f7666b8e09e6701fec06fdd534d7eaf141\/optioriginal-script.ttg":"\/fonts\/Unpacking\/cf3dd9f7666b8e09e6701fec06fdd534d7eaf141\/optioriginal-script.ttg","\/fonts\/Unpacking\/cf3dd9f7666b8e09e6701fec06fdd534d7eaf141\/optioriginal-script.ufm":"\/fonts\/Unpacking\/cf3dd9f7666b8e09e6701fec06fdd534d7eaf141\/optioriginal-script.ufm","\/fonts\/Unpacking\/cf3dd9f7666b8e09e6701fec06fdd534d7eaf141\/optioriginal-script.woff":"\/fonts\/Unpacking\/cf3dd9f7666b8e09e6701fec06fdd534d7eaf141\/optioriginal-script.woff","\/fonts\/Unpacking\/cf3dd9f7666b8e09e6701fec06fdd534d7eaf141\/optioriginal-script.z":"\/fonts\/Unpacking\/cf3dd9f7666b8e09e6701fec06fdd534d7eaf141\/optioriginal-script.z","\/fonts\/Unpacking\/cf3dd9f7666b8e09e6701fec06fdd534d7eaf141\/optioriginal-script.ufo\/feature.fea":"\/fonts\/Unpacking\/cf3dd9f7666b8e09e6701fec06fdd534d7eaf141\/optioriginal-script.ufo\/feature.fea","\/fonts\/Unpacking\/cf3dd9f7666b8e09e6701fec06fdd534d7eaf141\/optioriginal-script.ufo\/fontinfo.plist":"\/fonts\/Unpacking\/cf3dd9f7666b8e09e6701fec06fdd534d7eaf141\/optioriginal-script.ufo\/fontinfo.plist","\/fonts\/Unpacking\/cf3dd9f7666b8e09e6701fec06fdd534d7eaf141\/optioriginal-script.ufo\/groups.plist":"\/fonts\/Unpacking\/cf3dd9f7666b8e09e6701fec06fdd534d7eaf141\/optioriginal-script.ufo\/groups.plist","\/fonts\/Unpacking\/cf3dd9f7666b8e09e6701fec06fdd534d7eaf141\/optioriginal-script.ufo\/kerning.plist":"\/fonts\/Unpacking\/cf3dd9f7666b8e09e6701fec06fdd534d7eaf141\/optioriginal-script.ufo\/kerning.plist","\/fonts\/Unpacking\/cf3dd9f7666b8e09e6701fec06fdd534d7eaf141\/optioriginal-script.ufo\/metainfo.plist":"\/fonts\/Unpacking\/cf3dd9f7666b8e09e6701fec06fdd534d7eaf141\/optioriginal-script.ufo\/metainfo.plist","\/fonts\/Unpacking\/cf3dd9f7666b8e09e6701fec06fdd534d7eaf141\/optioriginal-script.ufo\/glyphs\/A_.glif":"\/fonts\/Unpacking\/cf3dd9f7666b8e09e6701fec06fdd534d7eaf141\/optioriginal-script.ufo\/glyphs\/A_.glif","\/fonts\/Unpacking\/cf3dd9f7666b8e09e6701fec06fdd534d7eaf141\/optioriginal-script.ufo\/glyphs\/A_E_.glif":"\/fonts\/Unpacking\/cf3dd9f7666b8e09e6701fec06fdd534d7eaf141\/optioriginal-script.ufo\/glyphs\/A_E_.glif","\/fonts\/Unpacking\/cf3dd9f7666b8e09e6701fec06fdd534d7eaf141\/optioriginal-script.ufo\/glyphs\/A_acute.glif":"\/fonts\/Unpacking\/cf3dd9f7666b8e09e6701fec06fdd534d7eaf141\/optioriginal-script.ufo\/glyphs\/A_acute.glif","\/fonts\/Unpacking\/cf3dd9f7666b8e09e6701fec06fdd534d7eaf141\/optioriginal-script.ufo\/glyphs\/A_circumflex.glif":"\/fonts\/Unpacking\/cf3dd9f7666b8e09e6701fec06fdd534d7eaf141\/optioriginal-script.ufo\/glyphs\/A_circumflex.glif","\/fonts\/Unpacking\/cf3dd9f7666b8e09e6701fec06fdd534d7eaf141\/optioriginal-script.ufo\/glyphs\/A_dieresis.glif":"\/fonts\/Unpacking\/cf3dd9f7666b8e09e6701fec06fdd534d7eaf141\/optioriginal-script.ufo\/glyphs\/A_dieresis.glif","\/fonts\/Unpacking\/cf3dd9f7666b8e09e6701fec06fdd534d7eaf141\/optioriginal-script.ufo\/glyphs\/A_grave.glif":"\/fonts\/Unpacking\/cf3dd9f7666b8e09e6701fec06fdd534d7eaf141\/optioriginal-script.ufo\/glyphs\/A_grave.glif","\/fonts\/Unpacking\/cf3dd9f7666b8e09e6701fec06fdd534d7eaf141\/optioriginal-script.ufo\/glyphs\/A_ring.glif":"\/fonts\/Unpacking\/cf3dd9f7666b8e09e6701fec06fdd534d7eaf141\/optioriginal-script.ufo\/glyphs\/A_ring.glif","\/fonts\/Unpacking\/cf3dd9f7666b8e09e6701fec06fdd534d7eaf141\/optioriginal-script.ufo\/glyphs\/A_tilde.glif":"\/fonts\/Unpacking\/cf3dd9f7666b8e09e6701fec06fdd534d7eaf141\/optioriginal-script.ufo\/glyphs\/A_tilde.glif","\/fonts\/Unpacking\/cf3dd9f7666b8e09e6701fec06fdd534d7eaf141\/optioriginal-script.ufo\/glyphs\/B_.glif":"\/fonts\/Unpacking\/cf3dd9f7666b8e09e6701fec06fdd534d7eaf141\/optioriginal-script.ufo\/glyphs\/B_.glif","\/fonts\/Unpacking\/cf3dd9f7666b8e09e6701fec06fdd534d7eaf141\/optioriginal-script.ufo\/glyphs\/C_.glif":"\/fonts\/Unpacking\/cf3dd9f7666b8e09e6701fec06fdd534d7eaf141\/optioriginal-script.ufo\/glyphs\/C_.glif","\/fonts\/Unpacking\/cf3dd9f7666b8e09e6701fec06fdd534d7eaf141\/optioriginal-script.ufo\/glyphs\/C_cedilla.glif":"\/fonts\/Unpacking\/cf3dd9f7666b8e09e6701fec06fdd534d7eaf141\/optioriginal-script.ufo\/glyphs\/C_cedilla.glif","\/fonts\/Unpacking\/cf3dd9f7666b8e09e6701fec06fdd534d7eaf141\/optioriginal-script.ufo\/glyphs\/D_.glif":"\/fonts\/Unpacking\/cf3dd9f7666b8e09e6701fec06fdd534d7eaf141\/optioriginal-script.ufo\/glyphs\/D_.glif","\/fonts\/Unpacking\/cf3dd9f7666b8e09e6701fec06fdd534d7eaf141\/optioriginal-script.ufo\/glyphs\/E_.glif":"\/fonts\/Unpacking\/cf3dd9f7666b8e09e6701fec06fdd534d7eaf141\/optioriginal-script.ufo\/glyphs\/E_.glif","\/fonts\/Unpacking\/cf3dd9f7666b8e09e6701fec06fdd534d7eaf141\/optioriginal-script.ufo\/glyphs\/E_acute.glif":"\/fonts\/Unpacking\/cf3dd9f7666b8e09e6701fec06fdd534d7eaf141\/optioriginal-script.ufo\/glyphs\/E_acute.glif","\/fonts\/Unpacking\/cf3dd9f7666b8e09e6701fec06fdd534d7eaf141\/optioriginal-script.ufo\/glyphs\/E_circumflex.glif":"\/fonts\/Unpacking\/cf3dd9f7666b8e09e6701fec06fdd534d7eaf141\/optioriginal-script.ufo\/glyphs\/E_circumflex.glif","\/fonts\/Unpacking\/cf3dd9f7666b8e09e6701fec06fdd534d7eaf141\/optioriginal-script.ufo\/glyphs\/E_dieresis.glif":"\/fonts\/Unpacking\/cf3dd9f7666b8e09e6701fec06fdd534d7eaf141\/optioriginal-script.ufo\/glyphs\/E_dieresis.glif","\/fonts\/Unpacking\/cf3dd9f7666b8e09e6701fec06fdd534d7eaf141\/optioriginal-script.ufo\/glyphs\/E_grave.glif":"\/fonts\/Unpacking\/cf3dd9f7666b8e09e6701fec06fdd534d7eaf141\/optioriginal-script.ufo\/glyphs\/E_grave.glif","\/fonts\/Unpacking\/cf3dd9f7666b8e09e6701fec06fdd534d7eaf141\/optioriginal-script.ufo\/glyphs\/F_.glif":"\/fonts\/Unpacking\/cf3dd9f7666b8e09e6701fec06fdd534d7eaf141\/optioriginal-script.ufo\/glyphs\/F_.glif","\/fonts\/Unpacking\/cf3dd9f7666b8e09e6701fec06fdd534d7eaf141\/optioriginal-script.ufo\/glyphs\/G_.glif":"\/fonts\/Unpacking\/cf3dd9f7666b8e09e6701fec06fdd534d7eaf141\/optioriginal-script.ufo\/glyphs\/G_.glif","\/fonts\/Unpacking\/cf3dd9f7666b8e09e6701fec06fdd534d7eaf141\/optioriginal-script.ufo\/glyphs\/H_.glif":"\/fonts\/Unpacking\/cf3dd9f7666b8e09e6701fec06fdd534d7eaf141\/optioriginal-script.ufo\/glyphs\/H_.glif","\/fonts\/Unpacking\/cf3dd9f7666b8e09e6701fec06fdd534d7eaf141\/optioriginal-script.ufo\/glyphs\/I_.glif":"\/fonts\/Unpacking\/cf3dd9f7666b8e09e6701fec06fdd534d7eaf141\/optioriginal-script.ufo\/glyphs\/I_.glif","\/fonts\/Unpacking\/cf3dd9f7666b8e09e6701fec06fdd534d7eaf141\/optioriginal-script.ufo\/glyphs\/I_acute.glif":"\/fonts\/Unpacking\/cf3dd9f7666b8e09e6701fec06fdd534d7eaf141\/optioriginal-script.ufo\/glyphs\/I_acute.glif","\/fonts\/Unpacking\/cf3dd9f7666b8e09e6701fec06fdd534d7eaf141\/optioriginal-script.ufo\/glyphs\/I_circumflex.glif":"\/fonts\/Unpacking\/cf3dd9f7666b8e09e6701fec06fdd534d7eaf141\/optioriginal-script.ufo\/glyphs\/I_circumflex.glif","\/fonts\/Unpacking\/cf3dd9f7666b8e09e6701fec06fdd534d7eaf141\/optioriginal-script.ufo\/glyphs\/I_dieresis.glif":"\/fonts\/Unpacking\/cf3dd9f7666b8e09e6701fec06fdd534d7eaf141\/optioriginal-script.ufo\/glyphs\/I_dieresis.glif","\/fonts\/Unpacking\/cf3dd9f7666b8e09e6701fec06fdd534d7eaf141\/optioriginal-script.ufo\/glyphs\/I_grave.glif":"\/fonts\/Unpacking\/cf3dd9f7666b8e09e6701fec06fdd534d7eaf141\/optioriginal-script.ufo\/glyphs\/I_grave.glif","\/fonts\/Unpacking\/cf3dd9f7666b8e09e6701fec06fdd534d7eaf141\/optioriginal-script.ufo\/glyphs\/J_.glif":"\/fonts\/Unpacking\/cf3dd9f7666b8e09e6701fec06fdd534d7eaf141\/optioriginal-script.ufo\/glyphs\/J_.glif","\/fonts\/Unpacking\/cf3dd9f7666b8e09e6701fec06fdd534d7eaf141\/optioriginal-script.ufo\/glyphs\/K_.glif":"\/fonts\/Unpacking\/cf3dd9f7666b8e09e6701fec06fdd534d7eaf141\/optioriginal-script.ufo\/glyphs\/K_.glif","\/fonts\/Unpacking\/cf3dd9f7666b8e09e6701fec06fdd534d7eaf141\/optioriginal-script.ufo\/glyphs\/L_.glif":"\/fonts\/Unpacking\/cf3dd9f7666b8e09e6701fec06fdd534d7eaf141\/optioriginal-script.ufo\/glyphs\/L_.glif","\/fonts\/Unpacking\/cf3dd9f7666b8e09e6701fec06fdd534d7eaf141\/optioriginal-script.ufo\/glyphs\/M_.glif":"\/fonts\/Unpacking\/cf3dd9f7666b8e09e6701fec06fdd534d7eaf141\/optioriginal-script.ufo\/glyphs\/M_.glif","\/fonts\/Unpacking\/cf3dd9f7666b8e09e6701fec06fdd534d7eaf141\/optioriginal-script.ufo\/glyphs\/N_.glif":"\/fonts\/Unpacking\/cf3dd9f7666b8e09e6701fec06fdd534d7eaf141\/optioriginal-script.ufo\/glyphs\/N_.glif","\/fonts\/Unpacking\/cf3dd9f7666b8e09e6701fec06fdd534d7eaf141\/optioriginal-script.ufo\/glyphs\/N_tilde.glif":"\/fonts\/Unpacking\/cf3dd9f7666b8e09e6701fec06fdd534d7eaf141\/optioriginal-script.ufo\/glyphs\/N_tilde.glif","\/fonts\/Unpacking\/cf3dd9f7666b8e09e6701fec06fdd534d7eaf141\/optioriginal-script.ufo\/glyphs\/O_.glif":"\/fonts\/Unpacking\/cf3dd9f7666b8e09e6701fec06fdd534d7eaf141\/optioriginal-script.ufo\/glyphs\/O_.glif","\/fonts\/Unpacking\/cf3dd9f7666b8e09e6701fec06fdd534d7eaf141\/optioriginal-script.ufo\/glyphs\/O_E_.glif":"\/fonts\/Unpacking\/cf3dd9f7666b8e09e6701fec06fdd534d7eaf141\/optioriginal-script.ufo\/glyphs\/O_E_.glif","\/fonts\/Unpacking\/cf3dd9f7666b8e09e6701fec06fdd534d7eaf141\/optioriginal-script.ufo\/glyphs\/O_acute.glif":"\/fonts\/Unpacking\/cf3dd9f7666b8e09e6701fec06fdd534d7eaf141\/optioriginal-script.ufo\/glyphs\/O_acute.glif","\/fonts\/Unpacking\/cf3dd9f7666b8e09e6701fec06fdd534d7eaf141\/optioriginal-script.ufo\/glyphs\/O_circumflex.glif":"\/fonts\/Unpacking\/cf3dd9f7666b8e09e6701fec06fdd534d7eaf141\/optioriginal-script.ufo\/glyphs\/O_circumflex.glif","\/fonts\/Unpacking\/cf3dd9f7666b8e09e6701fec06fdd534d7eaf141\/optioriginal-script.ufo\/glyphs\/O_dieresis.glif":"\/fonts\/Unpacking\/cf3dd9f7666b8e09e6701fec06fdd534d7eaf141\/optioriginal-script.ufo\/glyphs\/O_dieresis.glif","\/fonts\/Unpacking\/cf3dd9f7666b8e09e6701fec06fdd534d7eaf141\/optioriginal-script.ufo\/glyphs\/O_grave.glif":"\/fonts\/Unpacking\/cf3dd9f7666b8e09e6701fec06fdd534d7eaf141\/optioriginal-script.ufo\/glyphs\/O_grave.glif","\/fonts\/Unpacking\/cf3dd9f7666b8e09e6701fec06fdd534d7eaf141\/optioriginal-script.ufo\/glyphs\/O_slash.glif":"\/fonts\/Unpacking\/cf3dd9f7666b8e09e6701fec06fdd534d7eaf141\/optioriginal-script.ufo\/glyphs\/O_slash.glif","\/fonts\/Unpacking\/cf3dd9f7666b8e09e6701fec06fdd534d7eaf141\/optioriginal-script.ufo\/glyphs\/O_tilde.glif":"\/fonts\/Unpacking\/cf3dd9f7666b8e09e6701fec06fdd534d7eaf141\/optioriginal-script.ufo\/glyphs\/O_tilde.glif","\/fonts\/Unpacking\/cf3dd9f7666b8e09e6701fec06fdd534d7eaf141\/optioriginal-script.ufo\/glyphs\/P_.glif":"\/fonts\/Unpacking\/cf3dd9f7666b8e09e6701fec06fdd534d7eaf141\/optioriginal-script.ufo\/glyphs\/P_.glif","\/fonts\/Unpacking\/cf3dd9f7666b8e09e6701fec06fdd534d7eaf141\/optioriginal-script.ufo\/glyphs\/Q_.glif":"\/fonts\/Unpacking\/cf3dd9f7666b8e09e6701fec06fdd534d7eaf141\/optioriginal-script.ufo\/glyphs\/Q_.glif","\/fonts\/Unpacking\/cf3dd9f7666b8e09e6701fec06fdd534d7eaf141\/optioriginal-script.ufo\/glyphs\/R_.glif":"\/fonts\/Unpacking\/cf3dd9f7666b8e09e6701fec06fdd534d7eaf141\/optioriginal-script.ufo\/glyphs\/R_.glif","\/fonts\/Unpacking\/cf3dd9f7666b8e09e6701fec06fdd534d7eaf141\/optioriginal-script.ufo\/glyphs\/S_.glif":"\/fonts\/Unpacking\/cf3dd9f7666b8e09e6701fec06fdd534d7eaf141\/optioriginal-script.ufo\/glyphs\/S_.glif","\/fonts\/Unpacking\/cf3dd9f7666b8e09e6701fec06fdd534d7eaf141\/optioriginal-script.ufo\/glyphs\/T_.glif":"\/fonts\/Unpacking\/cf3dd9f7666b8e09e6701fec06fdd534d7eaf141\/optioriginal-script.ufo\/glyphs\/T_.glif","\/fonts\/Unpacking\/cf3dd9f7666b8e09e6701fec06fdd534d7eaf141\/optioriginal-script.ufo\/glyphs\/U_.glif":"\/fonts\/Unpacking\/cf3dd9f7666b8e09e6701fec06fdd534d7eaf141\/optioriginal-script.ufo\/glyphs\/U_.glif","\/fonts\/Unpacking\/cf3dd9f7666b8e09e6701fec06fdd534d7eaf141\/optioriginal-script.ufo\/glyphs\/U_acute.glif":"\/fonts\/Unpacking\/cf3dd9f7666b8e09e6701fec06fdd534d7eaf141\/optioriginal-script.ufo\/glyphs\/U_acute.glif","\/fonts\/Unpacking\/cf3dd9f7666b8e09e6701fec06fdd534d7eaf141\/optioriginal-script.ufo\/glyphs\/U_circumflex.glif":"\/fonts\/Unpacking\/cf3dd9f7666b8e09e6701fec06fdd534d7eaf141\/optioriginal-script.ufo\/glyphs\/U_circumflex.glif","\/fonts\/Unpacking\/cf3dd9f7666b8e09e6701fec06fdd534d7eaf141\/optioriginal-script.ufo\/glyphs\/U_dieresis.glif":"\/fonts\/Unpacking\/cf3dd9f7666b8e09e6701fec06fdd534d7eaf141\/optioriginal-script.ufo\/glyphs\/U_dieresis.glif","\/fonts\/Unpacking\/cf3dd9f7666b8e09e6701fec06fdd534d7eaf141\/optioriginal-script.ufo\/glyphs\/U_grave.glif":"\/fonts\/Unpacking\/cf3dd9f7666b8e09e6701fec06fdd534d7eaf141\/optioriginal-script.ufo\/glyphs\/U_grave.glif","\/fonts\/Unpacking\/cf3dd9f7666b8e09e6701fec06fdd534d7eaf141\/optioriginal-script.ufo\/glyphs\/V_.glif":"\/fonts\/Unpacking\/cf3dd9f7666b8e09e6701fec06fdd534d7eaf141\/optioriginal-script.ufo\/glyphs\/V_.glif","\/fonts\/Unpacking\/cf3dd9f7666b8e09e6701fec06fdd534d7eaf141\/optioriginal-script.ufo\/glyphs\/W_.glif":"\/fonts\/Unpacking\/cf3dd9f7666b8e09e6701fec06fdd534d7eaf141\/optioriginal-script.ufo\/glyphs\/W_.glif","\/fonts\/Unpacking\/cf3dd9f7666b8e09e6701fec06fdd534d7eaf141\/optioriginal-script.ufo\/glyphs\/X_.glif":"\/fonts\/Unpacking\/cf3dd9f7666b8e09e6701fec06fdd534d7eaf141\/optioriginal-script.ufo\/glyphs\/X_.glif","\/fonts\/Unpacking\/cf3dd9f7666b8e09e6701fec06fdd534d7eaf141\/optioriginal-script.ufo\/glyphs\/Y_.glif":"\/fonts\/Unpacking\/cf3dd9f7666b8e09e6701fec06fdd534d7eaf141\/optioriginal-script.ufo\/glyphs\/Y_.glif","\/fonts\/Unpacking\/cf3dd9f7666b8e09e6701fec06fdd534d7eaf141\/optioriginal-script.ufo\/glyphs\/Y_dieresis.glif":"\/fonts\/Unpacking\/cf3dd9f7666b8e09e6701fec06fdd534d7eaf141\/optioriginal-script.ufo\/glyphs\/Y_dieresis.glif","\/fonts\/Unpacking\/cf3dd9f7666b8e09e6701fec06fdd534d7eaf141\/optioriginal-script.ufo\/glyphs\/Z_.glif":"\/fonts\/Unpacking\/cf3dd9f7666b8e09e6701fec06fdd534d7eaf141\/optioriginal-script.ufo\/glyphs\/Z_.glif","\/fonts\/Unpacking\/cf3dd9f7666b8e09e6701fec06fdd534d7eaf141\/optioriginal-script.ufo\/glyphs\/a.glif":"\/fonts\/Unpacking\/cf3dd9f7666b8e09e6701fec06fdd534d7eaf141\/optioriginal-script.ufo\/glyphs\/a.glif","\/fonts\/Unpacking\/cf3dd9f7666b8e09e6701fec06fdd534d7eaf141\/optioriginal-script.ufo\/glyphs\/aacute.glif":"\/fonts\/Unpacking\/cf3dd9f7666b8e09e6701fec06fdd534d7eaf141\/optioriginal-script.ufo\/glyphs\/aacute.glif","\/fonts\/Unpacking\/cf3dd9f7666b8e09e6701fec06fdd534d7eaf141\/optioriginal-script.ufo\/glyphs\/acircumflex.glif":"\/fonts\/Unpacking\/cf3dd9f7666b8e09e6701fec06fdd534d7eaf141\/optioriginal-script.ufo\/glyphs\/acircumflex.glif","\/fonts\/Unpacking\/cf3dd9f7666b8e09e6701fec06fdd534d7eaf141\/optioriginal-script.ufo\/glyphs\/acute.glif":"\/fonts\/Unpacking\/cf3dd9f7666b8e09e6701fec06fdd534d7eaf141\/optioriginal-script.ufo\/glyphs\/acute.glif","\/fonts\/Unpacking\/cf3dd9f7666b8e09e6701fec06fdd534d7eaf141\/optioriginal-script.ufo\/glyphs\/adieresis.glif":"\/fonts\/Unpacking\/cf3dd9f7666b8e09e6701fec06fdd534d7eaf141\/optioriginal-script.ufo\/glyphs\/adieresis.glif","\/fonts\/Unpacking\/cf3dd9f7666b8e09e6701fec06fdd534d7eaf141\/optioriginal-script.ufo\/glyphs\/ae.glif":"\/fonts\/Unpacking\/cf3dd9f7666b8e09e6701fec06fdd534d7eaf141\/optioriginal-script.ufo\/glyphs\/ae.glif","\/fonts\/Unpacking\/cf3dd9f7666b8e09e6701fec06fdd534d7eaf141\/optioriginal-script.ufo\/glyphs\/agrave.glif":"\/fonts\/Unpacking\/cf3dd9f7666b8e09e6701fec06fdd534d7eaf141\/optioriginal-script.ufo\/glyphs\/agrave.glif","\/fonts\/Unpacking\/cf3dd9f7666b8e09e6701fec06fdd534d7eaf141\/optioriginal-script.ufo\/glyphs\/ampersand.glif":"\/fonts\/Unpacking\/cf3dd9f7666b8e09e6701fec06fdd534d7eaf141\/optioriginal-script.ufo\/glyphs\/ampersand.glif","\/fonts\/Unpacking\/cf3dd9f7666b8e09e6701fec06fdd534d7eaf141\/optioriginal-script.ufo\/glyphs\/aring.glif":"\/fonts\/Unpacking\/cf3dd9f7666b8e09e6701fec06fdd534d7eaf141\/optioriginal-script.ufo\/glyphs\/aring.glif","\/fonts\/Unpacking\/cf3dd9f7666b8e09e6701fec06fdd534d7eaf141\/optioriginal-script.ufo\/glyphs\/asciicircum.glif":"\/fonts\/Unpacking\/cf3dd9f7666b8e09e6701fec06fdd534d7eaf141\/optioriginal-script.ufo\/glyphs\/asciicircum.glif","\/fonts\/Unpacking\/cf3dd9f7666b8e09e6701fec06fdd534d7eaf141\/optioriginal-script.ufo\/glyphs\/asciitilde.glif":"\/fonts\/Unpacking\/cf3dd9f7666b8e09e6701fec06fdd534d7eaf141\/optioriginal-script.ufo\/glyphs\/asciitilde.glif","\/fonts\/Unpacking\/cf3dd9f7666b8e09e6701fec06fdd534d7eaf141\/optioriginal-script.ufo\/glyphs\/asterisk.glif":"\/fonts\/Unpacking\/cf3dd9f7666b8e09e6701fec06fdd534d7eaf141\/optioriginal-script.ufo\/glyphs\/asterisk.glif","\/fonts\/Unpacking\/cf3dd9f7666b8e09e6701fec06fdd534d7eaf141\/optioriginal-script.ufo\/glyphs\/at.glif":"\/fonts\/Unpacking\/cf3dd9f7666b8e09e6701fec06fdd534d7eaf141\/optioriginal-script.ufo\/glyphs\/at.glif","\/fonts\/Unpacking\/cf3dd9f7666b8e09e6701fec06fdd534d7eaf141\/optioriginal-script.ufo\/glyphs\/atilde.glif":"\/fonts\/Unpacking\/cf3dd9f7666b8e09e6701fec06fdd534d7eaf141\/optioriginal-script.ufo\/glyphs\/atilde.glif","\/fonts\/Unpacking\/cf3dd9f7666b8e09e6701fec06fdd534d7eaf141\/optioriginal-script.ufo\/glyphs\/b.glif":"\/fonts\/Unpacking\/cf3dd9f7666b8e09e6701fec06fdd534d7eaf141\/optioriginal-script.ufo\/glyphs\/b.glif","\/fonts\/Unpacking\/cf3dd9f7666b8e09e6701fec06fdd534d7eaf141\/optioriginal-script.ufo\/glyphs\/backslash.glif":"\/fonts\/Unpacking\/cf3dd9f7666b8e09e6701fec06fdd534d7eaf141\/optioriginal-script.ufo\/glyphs\/backslash.glif","\/fonts\/Unpacking\/cf3dd9f7666b8e09e6701fec06fdd534d7eaf141\/optioriginal-script.ufo\/glyphs\/bar.glif":"\/fonts\/Unpacking\/cf3dd9f7666b8e09e6701fec06fdd534d7eaf141\/optioriginal-script.ufo\/glyphs\/bar.glif","\/fonts\/Unpacking\/cf3dd9f7666b8e09e6701fec06fdd534d7eaf141\/optioriginal-script.ufo\/glyphs\/braceleft.glif":"\/fonts\/Unpacking\/cf3dd9f7666b8e09e6701fec06fdd534d7eaf141\/optioriginal-script.ufo\/glyphs\/braceleft.glif","\/fonts\/Unpacking\/cf3dd9f7666b8e09e6701fec06fdd534d7eaf141\/optioriginal-script.ufo\/glyphs\/braceright.glif":"\/fonts\/Unpacking\/cf3dd9f7666b8e09e6701fec06fdd534d7eaf141\/optioriginal-script.ufo\/glyphs\/braceright.glif","\/fonts\/Unpacking\/cf3dd9f7666b8e09e6701fec06fdd534d7eaf141\/optioriginal-script.ufo\/glyphs\/bracketleft.glif":"\/fonts\/Unpacking\/cf3dd9f7666b8e09e6701fec06fdd534d7eaf141\/optioriginal-script.ufo\/glyphs\/bracketleft.glif","\/fonts\/Unpacking\/cf3dd9f7666b8e09e6701fec06fdd534d7eaf141\/optioriginal-script.ufo\/glyphs\/bracketright.glif":"\/fonts\/Unpacking\/cf3dd9f7666b8e09e6701fec06fdd534d7eaf141\/optioriginal-script.ufo\/glyphs\/bracketright.glif","\/fonts\/Unpacking\/cf3dd9f7666b8e09e6701fec06fdd534d7eaf141\/optioriginal-script.ufo\/glyphs\/bullet.glif":"\/fonts\/Unpacking\/cf3dd9f7666b8e09e6701fec06fdd534d7eaf141\/optioriginal-script.ufo\/glyphs\/bullet.glif","\/fonts\/Unpacking\/cf3dd9f7666b8e09e6701fec06fdd534d7eaf141\/optioriginal-script.ufo\/glyphs\/c.glif":"\/fonts\/Unpacking\/cf3dd9f7666b8e09e6701fec06fdd534d7eaf141\/optioriginal-script.ufo\/glyphs\/c.glif","\/fonts\/Unpacking\/cf3dd9f7666b8e09e6701fec06fdd534d7eaf141\/optioriginal-script.ufo\/glyphs\/ccedilla.glif":"\/fonts\/Unpacking\/cf3dd9f7666b8e09e6701fec06fdd534d7eaf141\/optioriginal-script.ufo\/glyphs\/ccedilla.glif","\/fonts\/Unpacking\/cf3dd9f7666b8e09e6701fec06fdd534d7eaf141\/optioriginal-script.ufo\/glyphs\/cent.glif":"\/fonts\/Unpacking\/cf3dd9f7666b8e09e6701fec06fdd534d7eaf141\/optioriginal-script.ufo\/glyphs\/cent.glif","\/fonts\/Unpacking\/cf3dd9f7666b8e09e6701fec06fdd534d7eaf141\/optioriginal-script.ufo\/glyphs\/circumflex.glif":"\/fonts\/Unpacking\/cf3dd9f7666b8e09e6701fec06fdd534d7eaf141\/optioriginal-script.ufo\/glyphs\/circumflex.glif","\/fonts\/Unpacking\/cf3dd9f7666b8e09e6701fec06fdd534d7eaf141\/optioriginal-script.ufo\/glyphs\/colon.glif":"\/fonts\/Unpacking\/cf3dd9f7666b8e09e6701fec06fdd534d7eaf141\/optioriginal-script.ufo\/glyphs\/colon.glif","\/fonts\/Unpacking\/cf3dd9f7666b8e09e6701fec06fdd534d7eaf141\/optioriginal-script.ufo\/glyphs\/comma.glif":"\/fonts\/Unpacking\/cf3dd9f7666b8e09e6701fec06fdd534d7eaf141\/optioriginal-script.ufo\/glyphs\/comma.glif","\/fonts\/Unpacking\/cf3dd9f7666b8e09e6701fec06fdd534d7eaf141\/optioriginal-script.ufo\/glyphs\/contents.plist":"\/fonts\/Unpacking\/cf3dd9f7666b8e09e6701fec06fdd534d7eaf141\/optioriginal-script.ufo\/glyphs\/contents.plist","\/fonts\/Unpacking\/cf3dd9f7666b8e09e6701fec06fdd534d7eaf141\/optioriginal-script.ufo\/glyphs\/copyright.glif":"\/fonts\/Unpacking\/cf3dd9f7666b8e09e6701fec06fdd534d7eaf141\/optioriginal-script.ufo\/glyphs\/copyright.glif","\/fonts\/Unpacking\/cf3dd9f7666b8e09e6701fec06fdd534d7eaf141\/optioriginal-script.ufo\/glyphs\/d.glif":"\/fonts\/Unpacking\/cf3dd9f7666b8e09e6701fec06fdd534d7eaf141\/optioriginal-script.ufo\/glyphs\/d.glif","\/fonts\/Unpacking\/cf3dd9f7666b8e09e6701fec06fdd534d7eaf141\/optioriginal-script.ufo\/glyphs\/dieresis.glif":"\/fonts\/Unpacking\/cf3dd9f7666b8e09e6701fec06fdd534d7eaf141\/optioriginal-script.ufo\/glyphs\/dieresis.glif","\/fonts\/Unpacking\/cf3dd9f7666b8e09e6701fec06fdd534d7eaf141\/optioriginal-script.ufo\/glyphs\/dollar.glif":"\/fonts\/Unpacking\/cf3dd9f7666b8e09e6701fec06fdd534d7eaf141\/optioriginal-script.ufo\/glyphs\/dollar.glif","\/fonts\/Unpacking\/cf3dd9f7666b8e09e6701fec06fdd534d7eaf141\/optioriginal-script.ufo\/glyphs\/dotlessi.glif":"\/fonts\/Unpacking\/cf3dd9f7666b8e09e6701fec06fdd534d7eaf141\/optioriginal-script.ufo\/glyphs\/dotlessi.glif","\/fonts\/Unpacking\/cf3dd9f7666b8e09e6701fec06fdd534d7eaf141\/optioriginal-script.ufo\/glyphs\/e.glif":"\/fonts\/Unpacking\/cf3dd9f7666b8e09e6701fec06fdd534d7eaf141\/optioriginal-script.ufo\/glyphs\/e.glif","\/fonts\/Unpacking\/cf3dd9f7666b8e09e6701fec06fdd534d7eaf141\/optioriginal-script.ufo\/glyphs\/eacute.glif":"\/fonts\/Unpacking\/cf3dd9f7666b8e09e6701fec06fdd534d7eaf141\/optioriginal-script.ufo\/glyphs\/eacute.glif","\/fonts\/Unpacking\/cf3dd9f7666b8e09e6701fec06fdd534d7eaf141\/optioriginal-script.ufo\/glyphs\/ecircumflex.glif":"\/fonts\/Unpacking\/cf3dd9f7666b8e09e6701fec06fdd534d7eaf141\/optioriginal-script.ufo\/glyphs\/ecircumflex.glif","\/fonts\/Unpacking\/cf3dd9f7666b8e09e6701fec06fdd534d7eaf141\/optioriginal-script.ufo\/glyphs\/edieresis.glif":"\/fonts\/Unpacking\/cf3dd9f7666b8e09e6701fec06fdd534d7eaf141\/optioriginal-script.ufo\/glyphs\/edieresis.glif","\/fonts\/Unpacking\/cf3dd9f7666b8e09e6701fec06fdd534d7eaf141\/optioriginal-script.ufo\/glyphs\/egrave.glif":"\/fonts\/Unpacking\/cf3dd9f7666b8e09e6701fec06fdd534d7eaf141\/optioriginal-script.ufo\/glyphs\/egrave.glif","\/fonts\/Unpacking\/cf3dd9f7666b8e09e6701fec06fdd534d7eaf141\/optioriginal-script.ufo\/glyphs\/eight.glif":"\/fonts\/Unpacking\/cf3dd9f7666b8e09e6701fec06fdd534d7eaf141\/optioriginal-script.ufo\/glyphs\/eight.glif","\/fonts\/Unpacking\/cf3dd9f7666b8e09e6701fec06fdd534d7eaf141\/optioriginal-script.ufo\/glyphs\/emdash.glif":"\/fonts\/Unpacking\/cf3dd9f7666b8e09e6701fec06fdd534d7eaf141\/optioriginal-script.ufo\/glyphs\/emdash.glif","\/fonts\/Unpacking\/cf3dd9f7666b8e09e6701fec06fdd534d7eaf141\/optioriginal-script.ufo\/glyphs\/endash.glif":"\/fonts\/Unpacking\/cf3dd9f7666b8e09e6701fec06fdd534d7eaf141\/optioriginal-script.ufo\/glyphs\/endash.glif","\/fonts\/Unpacking\/cf3dd9f7666b8e09e6701fec06fdd534d7eaf141\/optioriginal-script.ufo\/glyphs\/equal.glif":"\/fonts\/Unpacking\/cf3dd9f7666b8e09e6701fec06fdd534d7eaf141\/optioriginal-script.ufo\/glyphs\/equal.glif","\/fonts\/Unpacking\/cf3dd9f7666b8e09e6701fec06fdd534d7eaf141\/optioriginal-script.ufo\/glyphs\/exclam.glif":"\/fonts\/Unpacking\/cf3dd9f7666b8e09e6701fec06fdd534d7eaf141\/optioriginal-script.ufo\/glyphs\/exclam.glif","\/fonts\/Unpacking\/cf3dd9f7666b8e09e6701fec06fdd534d7eaf141\/optioriginal-script.ufo\/glyphs\/f.glif":"\/fonts\/Unpacking\/cf3dd9f7666b8e09e6701fec06fdd534d7eaf141\/optioriginal-script.ufo\/glyphs\/f.glif","\/fonts\/Unpacking\/cf3dd9f7666b8e09e6701fec06fdd534d7eaf141\/optioriginal-script.ufo\/glyphs\/five.glif":"\/fonts\/Unpacking\/cf3dd9f7666b8e09e6701fec06fdd534d7eaf141\/optioriginal-script.ufo\/glyphs\/five.glif","\/fonts\/Unpacking\/cf3dd9f7666b8e09e6701fec06fdd534d7eaf141\/optioriginal-script.ufo\/glyphs\/four.glif":"\/fonts\/Unpacking\/cf3dd9f7666b8e09e6701fec06fdd534d7eaf141\/optioriginal-script.ufo\/glyphs\/four.glif","\/fonts\/Unpacking\/cf3dd9f7666b8e09e6701fec06fdd534d7eaf141\/optioriginal-script.ufo\/glyphs\/fraction.glif":"\/fonts\/Unpacking\/cf3dd9f7666b8e09e6701fec06fdd534d7eaf141\/optioriginal-script.ufo\/glyphs\/fraction.glif","\/fonts\/Unpacking\/cf3dd9f7666b8e09e6701fec06fdd534d7eaf141\/optioriginal-script.ufo\/glyphs\/g.glif":"\/fonts\/Unpacking\/cf3dd9f7666b8e09e6701fec06fdd534d7eaf141\/optioriginal-script.ufo\/glyphs\/g.glif","\/fonts\/Unpacking\/cf3dd9f7666b8e09e6701fec06fdd534d7eaf141\/optioriginal-script.ufo\/glyphs\/germandbls.glif":"\/fonts\/Unpacking\/cf3dd9f7666b8e09e6701fec06fdd534d7eaf141\/optioriginal-script.ufo\/glyphs\/germandbls.glif","\/fonts\/Unpacking\/cf3dd9f7666b8e09e6701fec06fdd534d7eaf141\/optioriginal-script.ufo\/glyphs\/grave.glif":"\/fonts\/Unpacking\/cf3dd9f7666b8e09e6701fec06fdd534d7eaf141\/optioriginal-script.ufo\/glyphs\/grave.glif","\/fonts\/Unpacking\/cf3dd9f7666b8e09e6701fec06fdd534d7eaf141\/optioriginal-script.ufo\/glyphs\/greater.glif":"\/fonts\/Unpacking\/cf3dd9f7666b8e09e6701fec06fdd534d7eaf141\/optioriginal-script.ufo\/glyphs\/greater.glif","\/fonts\/Unpacking\/cf3dd9f7666b8e09e6701fec06fdd534d7eaf141\/optioriginal-script.ufo\/glyphs\/h.glif":"\/fonts\/Unpacking\/cf3dd9f7666b8e09e6701fec06fdd534d7eaf141\/optioriginal-script.ufo\/glyphs\/h.glif","\/fonts\/Unpacking\/cf3dd9f7666b8e09e6701fec06fdd534d7eaf141\/optioriginal-script.ufo\/glyphs\/hyphen.glif":"\/fonts\/Unpacking\/cf3dd9f7666b8e09e6701fec06fdd534d7eaf141\/optioriginal-script.ufo\/glyphs\/hyphen.glif","\/fonts\/Unpacking\/cf3dd9f7666b8e09e6701fec06fdd534d7eaf141\/optioriginal-script.ufo\/glyphs\/i.glif":"\/fonts\/Unpacking\/cf3dd9f7666b8e09e6701fec06fdd534d7eaf141\/optioriginal-script.ufo\/glyphs\/i.glif","\/fonts\/Unpacking\/cf3dd9f7666b8e09e6701fec06fdd534d7eaf141\/optioriginal-script.ufo\/glyphs\/iacute.glif":"\/fonts\/Unpacking\/cf3dd9f7666b8e09e6701fec06fdd534d7eaf141\/optioriginal-script.ufo\/glyphs\/iacute.glif","\/fonts\/Unpacking\/cf3dd9f7666b8e09e6701fec06fdd534d7eaf141\/optioriginal-script.ufo\/glyphs\/icircumflex.glif":"\/fonts\/Unpacking\/cf3dd9f7666b8e09e6701fec06fdd534d7eaf141\/optioriginal-script.ufo\/glyphs\/icircumflex.glif","\/fonts\/Unpacking\/cf3dd9f7666b8e09e6701fec06fdd534d7eaf141\/optioriginal-script.ufo\/glyphs\/idieresis.glif":"\/fonts\/Unpacking\/cf3dd9f7666b8e09e6701fec06fdd534d7eaf141\/optioriginal-script.ufo\/glyphs\/idieresis.glif","\/fonts\/Unpacking\/cf3dd9f7666b8e09e6701fec06fdd534d7eaf141\/optioriginal-script.ufo\/glyphs\/igrave.glif":"\/fonts\/Unpacking\/cf3dd9f7666b8e09e6701fec06fdd534d7eaf141\/optioriginal-script.ufo\/glyphs\/igrave.glif","\/fonts\/Unpacking\/cf3dd9f7666b8e09e6701fec06fdd534d7eaf141\/optioriginal-script.ufo\/glyphs\/infinity.glif":"\/fonts\/Unpacking\/cf3dd9f7666b8e09e6701fec06fdd534d7eaf141\/optioriginal-script.ufo\/glyphs\/infinity.glif","\/fonts\/Unpacking\/cf3dd9f7666b8e09e6701fec06fdd534d7eaf141\/optioriginal-script.ufo\/glyphs\/j.glif":"\/fonts\/Unpacking\/cf3dd9f7666b8e09e6701fec06fdd534d7eaf141\/optioriginal-script.ufo\/glyphs\/j.glif","\/fonts\/Unpacking\/cf3dd9f7666b8e09e6701fec06fdd534d7eaf141\/optioriginal-script.ufo\/glyphs\/k.glif":"\/fonts\/Unpacking\/cf3dd9f7666b8e09e6701fec06fdd534d7eaf141\/optioriginal-script.ufo\/glyphs\/k.glif","\/fonts\/Unpacking\/cf3dd9f7666b8e09e6701fec06fdd534d7eaf141\/optioriginal-script.ufo\/glyphs\/l.glif":"\/fonts\/Unpacking\/cf3dd9f7666b8e09e6701fec06fdd534d7eaf141\/optioriginal-script.ufo\/glyphs\/l.glif","\/fonts\/Unpacking\/cf3dd9f7666b8e09e6701fec06fdd534d7eaf141\/optioriginal-script.ufo\/glyphs\/less.glif":"\/fonts\/Unpacking\/cf3dd9f7666b8e09e6701fec06fdd534d7eaf141\/optioriginal-script.ufo\/glyphs\/less.glif","\/fonts\/Unpacking\/cf3dd9f7666b8e09e6701fec06fdd534d7eaf141\/optioriginal-script.ufo\/glyphs\/m.glif":"\/fonts\/Unpacking\/cf3dd9f7666b8e09e6701fec06fdd534d7eaf141\/optioriginal-script.ufo\/glyphs\/m.glif","\/fonts\/Unpacking\/cf3dd9f7666b8e09e6701fec06fdd534d7eaf141\/optioriginal-script.ufo\/glyphs\/n.glif":"\/fonts\/Unpacking\/cf3dd9f7666b8e09e6701fec06fdd534d7eaf141\/optioriginal-script.ufo\/glyphs\/n.glif","\/fonts\/Unpacking\/cf3dd9f7666b8e09e6701fec06fdd534d7eaf141\/optioriginal-script.ufo\/glyphs\/nine.glif":"\/fonts\/Unpacking\/cf3dd9f7666b8e09e6701fec06fdd534d7eaf141\/optioriginal-script.ufo\/glyphs\/nine.glif","\/fonts\/Unpacking\/cf3dd9f7666b8e09e6701fec06fdd534d7eaf141\/optioriginal-script.ufo\/glyphs\/ntilde.glif":"\/fonts\/Unpacking\/cf3dd9f7666b8e09e6701fec06fdd534d7eaf141\/optioriginal-script.ufo\/glyphs\/ntilde.glif","\/fonts\/Unpacking\/cf3dd9f7666b8e09e6701fec06fdd534d7eaf141\/optioriginal-script.ufo\/glyphs\/numbersign.glif":"\/fonts\/Unpacking\/cf3dd9f7666b8e09e6701fec06fdd534d7eaf141\/optioriginal-script.ufo\/glyphs\/numbersign.glif","\/fonts\/Unpacking\/cf3dd9f7666b8e09e6701fec06fdd534d7eaf141\/optioriginal-script.ufo\/glyphs\/o.glif":"\/fonts\/Unpacking\/cf3dd9f7666b8e09e6701fec06fdd534d7eaf141\/optioriginal-script.ufo\/glyphs\/o.glif","\/fonts\/Unpacking\/cf3dd9f7666b8e09e6701fec06fdd534d7eaf141\/optioriginal-script.ufo\/glyphs\/oacute.glif":"\/fonts\/Unpacking\/cf3dd9f7666b8e09e6701fec06fdd534d7eaf141\/optioriginal-script.ufo\/glyphs\/oacute.glif","\/fonts\/Unpacking\/cf3dd9f7666b8e09e6701fec06fdd534d7eaf141\/optioriginal-script.ufo\/glyphs\/ocircumflex.glif":"\/fonts\/Unpacking\/cf3dd9f7666b8e09e6701fec06fdd534d7eaf141\/optioriginal-script.ufo\/glyphs\/ocircumflex.glif","\/fonts\/Unpacking\/cf3dd9f7666b8e09e6701fec06fdd534d7eaf141\/optioriginal-script.ufo\/glyphs\/odieresis.glif":"\/fonts\/Unpacking\/cf3dd9f7666b8e09e6701fec06fdd534d7eaf141\/optioriginal-script.ufo\/glyphs\/odieresis.glif","\/fonts\/Unpacking\/cf3dd9f7666b8e09e6701fec06fdd534d7eaf141\/optioriginal-script.ufo\/glyphs\/oe.glif":"\/fonts\/Unpacking\/cf3dd9f7666b8e09e6701fec06fdd534d7eaf141\/optioriginal-script.ufo\/glyphs\/oe.glif","\/fonts\/Unpacking\/cf3dd9f7666b8e09e6701fec06fdd534d7eaf141\/optioriginal-script.ufo\/glyphs\/ograve.glif":"\/fonts\/Unpacking\/cf3dd9f7666b8e09e6701fec06fdd534d7eaf141\/optioriginal-script.ufo\/glyphs\/ograve.glif","\/fonts\/Unpacking\/cf3dd9f7666b8e09e6701fec06fdd534d7eaf141\/optioriginal-script.ufo\/glyphs\/one.glif":"\/fonts\/Unpacking\/cf3dd9f7666b8e09e6701fec06fdd534d7eaf141\/optioriginal-script.ufo\/glyphs\/one.glif","\/fonts\/Unpacking\/cf3dd9f7666b8e09e6701fec06fdd534d7eaf141\/optioriginal-script.ufo\/glyphs\/oslash.glif":"\/fonts\/Unpacking\/cf3dd9f7666b8e09e6701fec06fdd534d7eaf141\/optioriginal-script.ufo\/glyphs\/oslash.glif","\/fonts\/Unpacking\/cf3dd9f7666b8e09e6701fec06fdd534d7eaf141\/optioriginal-script.ufo\/glyphs\/otilde.glif":"\/fonts\/Unpacking\/cf3dd9f7666b8e09e6701fec06fdd534d7eaf141\/optioriginal-script.ufo\/glyphs\/otilde.glif","\/fonts\/Unpacking\/cf3dd9f7666b8e09e6701fec06fdd534d7eaf141\/optioriginal-script.ufo\/glyphs\/p.glif":"\/fonts\/Unpacking\/cf3dd9f7666b8e09e6701fec06fdd534d7eaf141\/optioriginal-script.ufo\/glyphs\/p.glif","\/fonts\/Unpacking\/cf3dd9f7666b8e09e6701fec06fdd534d7eaf141\/optioriginal-script.ufo\/glyphs\/parenleft.glif":"\/fonts\/Unpacking\/cf3dd9f7666b8e09e6701fec06fdd534d7eaf141\/optioriginal-script.ufo\/glyphs\/parenleft.glif","\/fonts\/Unpacking\/cf3dd9f7666b8e09e6701fec06fdd534d7eaf141\/optioriginal-script.ufo\/glyphs\/parenright.glif":"\/fonts\/Unpacking\/cf3dd9f7666b8e09e6701fec06fdd534d7eaf141\/optioriginal-script.ufo\/glyphs\/parenright.glif","\/fonts\/Unpacking\/cf3dd9f7666b8e09e6701fec06fdd534d7eaf141\/optioriginal-script.ufo\/glyphs\/percent.glif":"\/fonts\/Unpacking\/cf3dd9f7666b8e09e6701fec06fdd534d7eaf141\/optioriginal-script.ufo\/glyphs\/percent.glif","\/fonts\/Unpacking\/cf3dd9f7666b8e09e6701fec06fdd534d7eaf141\/optioriginal-script.ufo\/glyphs\/period.glif":"\/fonts\/Unpacking\/cf3dd9f7666b8e09e6701fec06fdd534d7eaf141\/optioriginal-script.ufo\/glyphs\/period.glif","\/fonts\/Unpacking\/cf3dd9f7666b8e09e6701fec06fdd534d7eaf141\/optioriginal-script.ufo\/glyphs\/periodcentered.glif":"\/fonts\/Unpacking\/cf3dd9f7666b8e09e6701fec06fdd534d7eaf141\/optioriginal-script.ufo\/glyphs\/periodcentered.glif","\/fonts\/Unpacking\/cf3dd9f7666b8e09e6701fec06fdd534d7eaf141\/optioriginal-script.ufo\/glyphs\/plus.glif":"\/fonts\/Unpacking\/cf3dd9f7666b8e09e6701fec06fdd534d7eaf141\/optioriginal-script.ufo\/glyphs\/plus.glif","\/fonts\/Unpacking\/cf3dd9f7666b8e09e6701fec06fdd534d7eaf141\/optioriginal-script.ufo\/glyphs\/q.glif":"\/fonts\/Unpacking\/cf3dd9f7666b8e09e6701fec06fdd534d7eaf141\/optioriginal-script.ufo\/glyphs\/q.glif","\/fonts\/Unpacking\/cf3dd9f7666b8e09e6701fec06fdd534d7eaf141\/optioriginal-script.ufo\/glyphs\/question.glif":"\/fonts\/Unpacking\/cf3dd9f7666b8e09e6701fec06fdd534d7eaf141\/optioriginal-script.ufo\/glyphs\/question.glif","\/fonts\/Unpacking\/cf3dd9f7666b8e09e6701fec06fdd534d7eaf141\/optioriginal-script.ufo\/glyphs\/quotedbl.glif":"\/fonts\/Unpacking\/cf3dd9f7666b8e09e6701fec06fdd534d7eaf141\/optioriginal-script.ufo\/glyphs\/quotedbl.glif","\/fonts\/Unpacking\/cf3dd9f7666b8e09e6701fec06fdd534d7eaf141\/optioriginal-script.ufo\/glyphs\/quotedblleft.glif":"\/fonts\/Unpacking\/cf3dd9f7666b8e09e6701fec06fdd534d7eaf141\/optioriginal-script.ufo\/glyphs\/quotedblleft.glif","\/fonts\/Unpacking\/cf3dd9f7666b8e09e6701fec06fdd534d7eaf141\/optioriginal-script.ufo\/glyphs\/quotedblright.glif":"\/fonts\/Unpacking\/cf3dd9f7666b8e09e6701fec06fdd534d7eaf141\/optioriginal-script.ufo\/glyphs\/quotedblright.glif","\/fonts\/Unpacking\/cf3dd9f7666b8e09e6701fec06fdd534d7eaf141\/optioriginal-script.ufo\/glyphs\/quoteleft.glif":"\/fonts\/Unpacking\/cf3dd9f7666b8e09e6701fec06fdd534d7eaf141\/optioriginal-script.ufo\/glyphs\/quoteleft.glif","\/fonts\/Unpacking\/cf3dd9f7666b8e09e6701fec06fdd534d7eaf141\/optioriginal-script.ufo\/glyphs\/quoteright.glif":"\/fonts\/Unpacking\/cf3dd9f7666b8e09e6701fec06fdd534d7eaf141\/optioriginal-script.ufo\/glyphs\/quoteright.glif","\/fonts\/Unpacking\/cf3dd9f7666b8e09e6701fec06fdd534d7eaf141\/optioriginal-script.ufo\/glyphs\/quotesingle.glif":"\/fonts\/Unpacking\/cf3dd9f7666b8e09e6701fec06fdd534d7eaf141\/optioriginal-script.ufo\/glyphs\/quotesingle.glif","\/fonts\/Unpacking\/cf3dd9f7666b8e09e6701fec06fdd534d7eaf141\/optioriginal-script.ufo\/glyphs\/r.glif":"\/fonts\/Unpacking\/cf3dd9f7666b8e09e6701fec06fdd534d7eaf141\/optioriginal-script.ufo\/glyphs\/r.glif","\/fonts\/Unpacking\/cf3dd9f7666b8e09e6701fec06fdd534d7eaf141\/optioriginal-script.ufo\/glyphs\/radical.glif":"\/fonts\/Unpacking\/cf3dd9f7666b8e09e6701fec06fdd534d7eaf141\/optioriginal-script.ufo\/glyphs\/radical.glif","\/fonts\/Unpacking\/cf3dd9f7666b8e09e6701fec06fdd534d7eaf141\/optioriginal-script.ufo\/glyphs\/registered.glif":"\/fonts\/Unpacking\/cf3dd9f7666b8e09e6701fec06fdd534d7eaf141\/optioriginal-script.ufo\/glyphs\/registered.glif","\/fonts\/Unpacking\/cf3dd9f7666b8e09e6701fec06fdd534d7eaf141\/optioriginal-script.ufo\/glyphs\/ring.glif":"\/fonts\/Unpacking\/cf3dd9f7666b8e09e6701fec06fdd534d7eaf141\/optioriginal-script.ufo\/glyphs\/ring.glif","\/fonts\/Unpacking\/cf3dd9f7666b8e09e6701fec06fdd534d7eaf141\/optioriginal-script.ufo\/glyphs\/s.glif":"\/fonts\/Unpacking\/cf3dd9f7666b8e09e6701fec06fdd534d7eaf141\/optioriginal-script.ufo\/glyphs\/s.glif","\/fonts\/Unpacking\/cf3dd9f7666b8e09e6701fec06fdd534d7eaf141\/optioriginal-script.ufo\/glyphs\/semicolon.glif":"\/fonts\/Unpacking\/cf3dd9f7666b8e09e6701fec06fdd534d7eaf141\/optioriginal-script.ufo\/glyphs\/semicolon.glif","\/fonts\/Unpacking\/cf3dd9f7666b8e09e6701fec06fdd534d7eaf141\/optioriginal-script.ufo\/glyphs\/seven.glif":"\/fonts\/Unpacking\/cf3dd9f7666b8e09e6701fec06fdd534d7eaf141\/optioriginal-script.ufo\/glyphs\/seven.glif","\/fonts\/Unpacking\/cf3dd9f7666b8e09e6701fec06fdd534d7eaf141\/optioriginal-script.ufo\/glyphs\/six.glif":"\/fonts\/Unpacking\/cf3dd9f7666b8e09e6701fec06fdd534d7eaf141\/optioriginal-script.ufo\/glyphs\/six.glif","\/fonts\/Unpacking\/cf3dd9f7666b8e09e6701fec06fdd534d7eaf141\/optioriginal-script.ufo\/glyphs\/slash.glif":"\/fonts\/Unpacking\/cf3dd9f7666b8e09e6701fec06fdd534d7eaf141\/optioriginal-script.ufo\/glyphs\/slash.glif","\/fonts\/Unpacking\/cf3dd9f7666b8e09e6701fec06fdd534d7eaf141\/optioriginal-script.ufo\/glyphs\/space.glif":"\/fonts\/Unpacking\/cf3dd9f7666b8e09e6701fec06fdd534d7eaf141\/optioriginal-script.ufo\/glyphs\/space.glif","\/fonts\/Unpacking\/cf3dd9f7666b8e09e6701fec06fdd534d7eaf141\/optioriginal-script.ufo\/glyphs\/sterling.glif":"\/fonts\/Unpacking\/cf3dd9f7666b8e09e6701fec06fdd534d7eaf141\/optioriginal-script.ufo\/glyphs\/sterling.glif","\/fonts\/Unpacking\/cf3dd9f7666b8e09e6701fec06fdd534d7eaf141\/optioriginal-script.ufo\/glyphs\/t.glif":"\/fonts\/Unpacking\/cf3dd9f7666b8e09e6701fec06fdd534d7eaf141\/optioriginal-script.ufo\/glyphs\/t.glif","\/fonts\/Unpacking\/cf3dd9f7666b8e09e6701fec06fdd534d7eaf141\/optioriginal-script.ufo\/glyphs\/three.glif":"\/fonts\/Unpacking\/cf3dd9f7666b8e09e6701fec06fdd534d7eaf141\/optioriginal-script.ufo\/glyphs\/three.glif","\/fonts\/Unpacking\/cf3dd9f7666b8e09e6701fec06fdd534d7eaf141\/optioriginal-script.ufo\/glyphs\/tilde.glif":"\/fonts\/Unpacking\/cf3dd9f7666b8e09e6701fec06fdd534d7eaf141\/optioriginal-script.ufo\/glyphs\/tilde.glif","\/fonts\/Unpacking\/cf3dd9f7666b8e09e6701fec06fdd534d7eaf141\/optioriginal-script.ufo\/glyphs\/trademark.glif":"\/fonts\/Unpacking\/cf3dd9f7666b8e09e6701fec06fdd534d7eaf141\/optioriginal-script.ufo\/glyphs\/trademark.glif","\/fonts\/Unpacking\/cf3dd9f7666b8e09e6701fec06fdd534d7eaf141\/optioriginal-script.ufo\/glyphs\/two.glif":"\/fonts\/Unpacking\/cf3dd9f7666b8e09e6701fec06fdd534d7eaf141\/optioriginal-script.ufo\/glyphs\/two.glif","\/fonts\/Unpacking\/cf3dd9f7666b8e09e6701fec06fdd534d7eaf141\/optioriginal-script.ufo\/glyphs\/u.glif":"\/fonts\/Unpacking\/cf3dd9f7666b8e09e6701fec06fdd534d7eaf141\/optioriginal-script.ufo\/glyphs\/u.glif","\/fonts\/Unpacking\/cf3dd9f7666b8e09e6701fec06fdd534d7eaf141\/optioriginal-script.ufo\/glyphs\/uacute.glif":"\/fonts\/Unpacking\/cf3dd9f7666b8e09e6701fec06fdd534d7eaf141\/optioriginal-script.ufo\/glyphs\/uacute.glif","\/fonts\/Unpacking\/cf3dd9f7666b8e09e6701fec06fdd534d7eaf141\/optioriginal-script.ufo\/glyphs\/ucircumflex.glif":"\/fonts\/Unpacking\/cf3dd9f7666b8e09e6701fec06fdd534d7eaf141\/optioriginal-script.ufo\/glyphs\/ucircumflex.glif","\/fonts\/Unpacking\/cf3dd9f7666b8e09e6701fec06fdd534d7eaf141\/optioriginal-script.ufo\/glyphs\/udieresis.glif":"\/fonts\/Unpacking\/cf3dd9f7666b8e09e6701fec06fdd534d7eaf141\/optioriginal-script.ufo\/glyphs\/udieresis.glif","\/fonts\/Unpacking\/cf3dd9f7666b8e09e6701fec06fdd534d7eaf141\/optioriginal-script.ufo\/glyphs\/ugrave.glif":"\/fonts\/Unpacking\/cf3dd9f7666b8e09e6701fec06fdd534d7eaf141\/optioriginal-script.ufo\/glyphs\/ugrave.glif","\/fonts\/Unpacking\/cf3dd9f7666b8e09e6701fec06fdd534d7eaf141\/optioriginal-script.ufo\/glyphs\/underscore.glif":"\/fonts\/Unpacking\/cf3dd9f7666b8e09e6701fec06fdd534d7eaf141\/optioriginal-script.ufo\/glyphs\/underscore.glif","\/fonts\/Unpacking\/cf3dd9f7666b8e09e6701fec06fdd534d7eaf141\/optioriginal-script.ufo\/glyphs\/v.glif":"\/fonts\/Unpacking\/cf3dd9f7666b8e09e6701fec06fdd534d7eaf141\/optioriginal-script.ufo\/glyphs\/v.glif","\/fonts\/Unpacking\/cf3dd9f7666b8e09e6701fec06fdd534d7eaf141\/optioriginal-script.ufo\/glyphs\/w.glif":"\/fonts\/Unpacking\/cf3dd9f7666b8e09e6701fec06fdd534d7eaf141\/optioriginal-script.ufo\/glyphs\/w.glif","\/fonts\/Unpacking\/cf3dd9f7666b8e09e6701fec06fdd534d7eaf141\/optioriginal-script.ufo\/glyphs\/x.glif":"\/fonts\/Unpacking\/cf3dd9f7666b8e09e6701fec06fdd534d7eaf141\/optioriginal-script.ufo\/glyphs\/x.glif","\/fonts\/Unpacking\/cf3dd9f7666b8e09e6701fec06fdd534d7eaf141\/optioriginal-script.ufo\/glyphs\/y.glif":"\/fonts\/Unpacking\/cf3dd9f7666b8e09e6701fec06fdd534d7eaf141\/optioriginal-script.ufo\/glyphs\/y.glif","\/fonts\/Unpacking\/cf3dd9f7666b8e09e6701fec06fdd534d7eaf141\/optioriginal-script.ufo\/glyphs\/ydieresis.glif":"\/fonts\/Unpacking\/cf3dd9f7666b8e09e6701fec06fdd534d7eaf141\/optioriginal-script.ufo\/glyphs\/ydieresis.glif","\/fonts\/Unpacking\/cf3dd9f7666b8e09e6701fec06fdd534d7eaf141\/optioriginal-script.ufo\/glyphs\/z.glif":"\/fonts\/Unpacking\/cf3dd9f7666b8e09e6701fec06fdd534d7eaf141\/optioriginal-script.ufo\/glyphs\/z.glif","\/fonts\/Unpacking\/cf3dd9f7666b8e09e6701fec06fdd534d7eaf141\/optioriginal-script.ufo\/glyphs\/zero.glif":"\/fonts\/Unpacking\/cf3dd9f7666b8e09e6701fec06fdd534d7eaf141\/optioriginal-script.ufo\/glyphs\/zero.glif"},"Font":null,"Licences":{"":false},"Table":{"FFTM":{"entryLength":16,"tag":"FFTM","checksum":1944367548,"offset":30460,"length":28},"GDEF":{"entryLength":16,"tag":"GDEF","checksum":14680070,"offset":30428,"length":32},"OS\/2":{"entryLength":16,"tag":"OS\/2","checksum":1485242807,"offset":344,"length":86},"cmap":{"entryLength":16,"tag":"cmap","checksum":2225015071,"offset":1148,"length":546},"gasp":{"entryLength":16,"tag":"gasp","checksum":4294901763,"offset":30420,"length":8},"glyf":{"entryLength":16,"tag":"glyf","checksum":3099603929,"offset":2056,"length":27252},"head":{"entryLength":16,"tag":"head","checksum":164346170,"offset":220,"length":54},"hhea":{"entryLength":16,"tag":"hhea","checksum":114622837,"offset":276,"length":36},"hmtx":{"entryLength":16,"tag":"hmtx","checksum":24904370,"offset":432,"length":716},"loca":{"entryLength":16,"tag":"loca","checksum":3361792640,"offset":1696,"length":360},"maxp":{"entryLength":16,"tag":"maxp","checksum":16515236,"offset":312,"length":32},"name":{"entryLength":16,"tag":"name","checksum":1293165141,"offset":29308,"length":720},"post":{"entryLength":16,"tag":"post","checksum":566829574,"offset":30028,"length":392}},"UnicodeCharMap":{"32":3,"33":4,"34":5,"35":6,"36":7,"37":8,"38":9,"39":10,"40":11,"41":12,"42":13,"43":14,"44":15,"45":16,"46":17,"47":18,"48":19,"49":20,"50":21,"51":22,"52":23,"53":24,"54":25,"55":26,"56":27,"57":28,"58":29,"59":30,"60":31,"61":32,"62":33,"63":34,"64":35,"65":36,"66":37,"67":38,"68":39,"69":40,"70":41,"71":42,"72":43,"73":44,"74":45,"75":46,"76":47,"77":48,"78":49,"79":50,"80":51,"81":52,"82":53,"83":54,"84":55,"85":56,"86":57,"87":58,"88":59,"89":60,"90":61,"91":62,"92":63,"93":64,"94":65,"95":66,"96":67,"97":68,"98":69,"99":70,"100":71,"101":72,"102":73,"103":74,"104":75,"105":76,"106":77,"107":78,"108":79,"109":80,"110":81,"111":82,"112":83,"113":84,"114":85,"115":86,"116":87,"117":88,"118":89,"119":90,"120":91,"121":92,"122":93,"123":94,"124":95,"125":96,"126":97,"162":98,"163":99,"168":100,"169":101,"174":102,"180":103,"183":104,"192":105,"193":106,"194":107,"195":108,"196":109,"197":110,"198":111,"199":112,"200":113,"201":114,"202":115,"203":116,"204":117,"205":118,"206":119,"207":120,"209":121,"210":122,"211":123,"212":124,"213":125,"214":126,"216":127,"217":128,"218":129,"219":130,"220":131,"223":132,"224":133,"225":134,"226":135,"227":136,"228":137,"229":138,"230":139,"231":140,"232":141,"233":142,"234":143,"235":144,"236":145,"237":146,"238":147,"239":148,"241":149,"242":150,"243":151,"244":152,"245":153,"246":154,"248":155,"249":156,"250":157,"251":158,"252":159,"255":160,"305":173,"338":172,"339":174,"376":178,"710":168,"730":170,"732":169,"8211":165,"8212":171,"8216":162,"8217":161,"8220":164,"8221":167,"8226":166,"8260":163,"8482":175,"8730":177,"8734":176},"Reserves":null,"Names":[],"Nodes":[],"Contributors":[],"FontIdentity":"db020719cd84cbe0e71aba770962402d","Bytes":3353503,"Networking":null,"barcode":null,"referee":null}