{"CSS":{"ActionIs":"ActionIs.css","Action Is":"doofinc1:ed0865ec8c5d96cf09bf8af.css"},"FontType":"TrueType","FontCopyright":"1.0(c)1998 Brad Nelson\/Jeff Levine. Freeware,NOT PublicDomain","FontName":"ActionIs","FontSubfamily":"Book","FontSubfamilyID":"FontForge 2.0 : ActionIs : 28-8-2016","FontFullName":"Action Is","FontVersion":"Version Macromedia Fontograp ","FontWeight":null,"FontPostscriptName":"ActionIs","Files":{"\/ActionIs.css":"\/ActionIs.css","\/actionis.afm":"\/actionis.afm","\/actionis.cef":"\/actionis.cef","\/actionis.cff":"\/actionis.cff","\/actionis.eot":"\/actionis.eot","\/actionis.gai":"\/actionis.gai","\/actionis.gsf":"\/actionis.gsf","\/actionis.otf":"\/actionis.otf","\/actionis.pf3":"\/actionis.pf3","\/actionis.pfa":"\/actionis.pfa","\/actionis.pfb":"\/actionis.pfb","\/actionis.php":"\/actionis.php","\/actionis.pt3":"\/actionis.pt3","\/actionis.sfd":"\/actionis.sfd","\/actionis.svg":"\/actionis.svg","\/actionis.t42":"\/actionis.t42","\/actionis.ttd":"\/actionis.ttd","\/actionis.ttf":"\/actionis.ttf","\/actionis.ttg":"\/actionis.ttg","\/actionis.ufm":"\/actionis.ufm","\/actionis.woff":"\/actionis.woff","\/actionis.z":"\/actionis.z","\/doofinc1:ed0865ec8c5d96cf09bf8af.css":"\/doofinc1:ed0865ec8c5d96cf09bf8af.css","\/font-resource.json":"\/font-resource.json","\/actionis.ufo\/feature.fea":"\/actionis.ufo\/feature.fea","\/actionis.ufo\/fontinfo.plist":"\/actionis.ufo\/fontinfo.plist","\/actionis.ufo\/groups.plist":"\/actionis.ufo\/groups.plist","\/actionis.ufo\/kerning.plist":"\/actionis.ufo\/kerning.plist","\/actionis.ufo\/metainfo.plist":"\/actionis.ufo\/metainfo.plist","\/actionis.ufo\/glyphs\/A_.glif":"\/actionis.ufo\/glyphs\/A_.glif","\/actionis.ufo\/glyphs\/B_.glif":"\/actionis.ufo\/glyphs\/B_.glif","\/actionis.ufo\/glyphs\/C_.glif":"\/actionis.ufo\/glyphs\/C_.glif","\/actionis.ufo\/glyphs\/D_.glif":"\/actionis.ufo\/glyphs\/D_.glif","\/actionis.ufo\/glyphs\/E_.glif":"\/actionis.ufo\/glyphs\/E_.glif","\/actionis.ufo\/glyphs\/F_.glif":"\/actionis.ufo\/glyphs\/F_.glif","\/actionis.ufo\/glyphs\/G_.glif":"\/actionis.ufo\/glyphs\/G_.glif","\/actionis.ufo\/glyphs\/H_.glif":"\/actionis.ufo\/glyphs\/H_.glif","\/actionis.ufo\/glyphs\/I_.glif":"\/actionis.ufo\/glyphs\/I_.glif","\/actionis.ufo\/glyphs\/J_.glif":"\/actionis.ufo\/glyphs\/J_.glif","\/actionis.ufo\/glyphs\/K_.glif":"\/actionis.ufo\/glyphs\/K_.glif","\/actionis.ufo\/glyphs\/L_.glif":"\/actionis.ufo\/glyphs\/L_.glif","\/actionis.ufo\/glyphs\/M_.glif":"\/actionis.ufo\/glyphs\/M_.glif","\/actionis.ufo\/glyphs\/N_.glif":"\/actionis.ufo\/glyphs\/N_.glif","\/actionis.ufo\/glyphs\/O_.glif":"\/actionis.ufo\/glyphs\/O_.glif","\/actionis.ufo\/glyphs\/P_.glif":"\/actionis.ufo\/glyphs\/P_.glif","\/actionis.ufo\/glyphs\/Q_.glif":"\/actionis.ufo\/glyphs\/Q_.glif","\/actionis.ufo\/glyphs\/R_.glif":"\/actionis.ufo\/glyphs\/R_.glif","\/actionis.ufo\/glyphs\/S_.glif":"\/actionis.ufo\/glyphs\/S_.glif","\/actionis.ufo\/glyphs\/T_.glif":"\/actionis.ufo\/glyphs\/T_.glif","\/actionis.ufo\/glyphs\/U_.glif":"\/actionis.ufo\/glyphs\/U_.glif","\/actionis.ufo\/glyphs\/V_.glif":"\/actionis.ufo\/glyphs\/V_.glif","\/actionis.ufo\/glyphs\/W_.glif":"\/actionis.ufo\/glyphs\/W_.glif","\/actionis.ufo\/glyphs\/X_.glif":"\/actionis.ufo\/glyphs\/X_.glif","\/actionis.ufo\/glyphs\/Y_.glif":"\/actionis.ufo\/glyphs\/Y_.glif","\/actionis.ufo\/glyphs\/Z_.glif":"\/actionis.ufo\/glyphs\/Z_.glif","\/actionis.ufo\/glyphs\/_notdef.glif":"\/actionis.ufo\/glyphs\/_notdef.glif","\/actionis.ufo\/glyphs\/_null.glif":"\/actionis.ufo\/glyphs\/_null.glif","\/actionis.ufo\/glyphs\/a.glif":"\/actionis.ufo\/glyphs\/a.glif","\/actionis.ufo\/glyphs\/ampersand.glif":"\/actionis.ufo\/glyphs\/ampersand.glif","\/actionis.ufo\/glyphs\/apple.glif":"\/actionis.ufo\/glyphs\/apple.glif","\/actionis.ufo\/glyphs\/at.glif":"\/actionis.ufo\/glyphs\/at.glif","\/actionis.ufo\/glyphs\/b.glif":"\/actionis.ufo\/glyphs\/b.glif","\/actionis.ufo\/glyphs\/backslash.glif":"\/actionis.ufo\/glyphs\/backslash.glif","\/actionis.ufo\/glyphs\/bar.glif":"\/actionis.ufo\/glyphs\/bar.glif","\/actionis.ufo\/glyphs\/bullet.glif":"\/actionis.ufo\/glyphs\/bullet.glif","\/actionis.ufo\/glyphs\/c.glif":"\/actionis.ufo\/glyphs\/c.glif","\/actionis.ufo\/glyphs\/colon.glif":"\/actionis.ufo\/glyphs\/colon.glif","\/actionis.ufo\/glyphs\/comma.glif":"\/actionis.ufo\/glyphs\/comma.glif","\/actionis.ufo\/glyphs\/contents.plist":"\/actionis.ufo\/glyphs\/contents.plist","\/actionis.ufo\/glyphs\/copyright.glif":"\/actionis.ufo\/glyphs\/copyright.glif","\/actionis.ufo\/glyphs\/d.glif":"\/actionis.ufo\/glyphs\/d.glif","\/actionis.ufo\/glyphs\/dollar.glif":"\/actionis.ufo\/glyphs\/dollar.glif","\/actionis.ufo\/glyphs\/e.glif":"\/actionis.ufo\/glyphs\/e.glif","\/actionis.ufo\/glyphs\/eight.glif":"\/actionis.ufo\/glyphs\/eight.glif","\/actionis.ufo\/glyphs\/emdash.glif":"\/actionis.ufo\/glyphs\/emdash.glif","\/actionis.ufo\/glyphs\/endash.glif":"\/actionis.ufo\/glyphs\/endash.glif","\/actionis.ufo\/glyphs\/equal.glif":"\/actionis.ufo\/glyphs\/equal.glif","\/actionis.ufo\/glyphs\/exclam.glif":"\/actionis.ufo\/glyphs\/exclam.glif","\/actionis.ufo\/glyphs\/f.glif":"\/actionis.ufo\/glyphs\/f.glif","\/actionis.ufo\/glyphs\/five.glif":"\/actionis.ufo\/glyphs\/five.glif","\/actionis.ufo\/glyphs\/four.glif":"\/actionis.ufo\/glyphs\/four.glif","\/actionis.ufo\/glyphs\/fraction.glif":"\/actionis.ufo\/glyphs\/fraction.glif","\/actionis.ufo\/glyphs\/g.glif":"\/actionis.ufo\/glyphs\/g.glif","\/actionis.ufo\/glyphs\/glyph100.glif":"\/actionis.ufo\/glyphs\/glyph100.glif","\/actionis.ufo\/glyphs\/grave.glif":"\/actionis.ufo\/glyphs\/grave.glif","\/actionis.ufo\/glyphs\/h.glif":"\/actionis.ufo\/glyphs\/h.glif","\/actionis.ufo\/glyphs\/hyphen.glif":"\/actionis.ufo\/glyphs\/hyphen.glif","\/actionis.ufo\/glyphs\/i.glif":"\/actionis.ufo\/glyphs\/i.glif","\/actionis.ufo\/glyphs\/j.glif":"\/actionis.ufo\/glyphs\/j.glif","\/actionis.ufo\/glyphs\/k.glif":"\/actionis.ufo\/glyphs\/k.glif","\/actionis.ufo\/glyphs\/l.glif":"\/actionis.ufo\/glyphs\/l.glif","\/actionis.ufo\/glyphs\/m.glif":"\/actionis.ufo\/glyphs\/m.glif","\/actionis.ufo\/glyphs\/n.glif":"\/actionis.ufo\/glyphs\/n.glif","\/actionis.ufo\/glyphs\/nine.glif":"\/actionis.ufo\/glyphs\/nine.glif","\/actionis.ufo\/glyphs\/nonbreakingspace.glif":"\/actionis.ufo\/glyphs\/nonbreakingspace.glif","\/actionis.ufo\/glyphs\/nonmarkingreturn.glif":"\/actionis.ufo\/glyphs\/nonmarkingreturn.glif","\/actionis.ufo\/glyphs\/o.glif":"\/actionis.ufo\/glyphs\/o.glif","\/actionis.ufo\/glyphs\/one.glif":"\/actionis.ufo\/glyphs\/one.glif","\/actionis.ufo\/glyphs\/p.glif":"\/actionis.ufo\/glyphs\/p.glif","\/actionis.ufo\/glyphs\/paragraph.glif":"\/actionis.ufo\/glyphs\/paragraph.glif","\/actionis.ufo\/glyphs\/parenleft.glif":"\/actionis.ufo\/glyphs\/parenleft.glif","\/actionis.ufo\/glyphs\/period.glif":"\/actionis.ufo\/glyphs\/period.glif","\/actionis.ufo\/glyphs\/plus.glif":"\/actionis.ufo\/glyphs\/plus.glif","\/actionis.ufo\/glyphs\/q.glif":"\/actionis.ufo\/glyphs\/q.glif","\/actionis.ufo\/glyphs\/question.glif":"\/actionis.ufo\/glyphs\/question.glif","\/actionis.ufo\/glyphs\/quotedbl.glif":"\/actionis.ufo\/glyphs\/quotedbl.glif","\/actionis.ufo\/glyphs\/quotedblleft.glif":"\/actionis.ufo\/glyphs\/quotedblleft.glif","\/actionis.ufo\/glyphs\/quotedblright.glif":"\/actionis.ufo\/glyphs\/quotedblright.glif","\/actionis.ufo\/glyphs\/quoteleft.glif":"\/actionis.ufo\/glyphs\/quoteleft.glif","\/actionis.ufo\/glyphs\/quoteright.glif":"\/actionis.ufo\/glyphs\/quoteright.glif","\/actionis.ufo\/glyphs\/quotesingle.glif":"\/actionis.ufo\/glyphs\/quotesingle.glif","\/actionis.ufo\/glyphs\/r.glif":"\/actionis.ufo\/glyphs\/r.glif","\/actionis.ufo\/glyphs\/registered.glif":"\/actionis.ufo\/glyphs\/registered.glif","\/actionis.ufo\/glyphs\/s.glif":"\/actionis.ufo\/glyphs\/s.glif","\/actionis.ufo\/glyphs\/semicolon.glif":"\/actionis.ufo\/glyphs\/semicolon.glif","\/actionis.ufo\/glyphs\/seven.glif":"\/actionis.ufo\/glyphs\/seven.glif","\/actionis.ufo\/glyphs\/six.glif":"\/actionis.ufo\/glyphs\/six.glif","\/actionis.ufo\/glyphs\/slash.glif":"\/actionis.ufo\/glyphs\/slash.glif","\/actionis.ufo\/glyphs\/space.glif":"\/actionis.ufo\/glyphs\/space.glif","\/actionis.ufo\/glyphs\/t.glif":"\/actionis.ufo\/glyphs\/t.glif","\/actionis.ufo\/glyphs\/three.glif":"\/actionis.ufo\/glyphs\/three.glif","\/actionis.ufo\/glyphs\/trademark.glif":"\/actionis.ufo\/glyphs\/trademark.glif","\/actionis.ufo\/glyphs\/two.glif":"\/actionis.ufo\/glyphs\/two.glif","\/actionis.ufo\/glyphs\/u.glif":"\/actionis.ufo\/glyphs\/u.glif","\/actionis.ufo\/glyphs\/underscore.glif":"\/actionis.ufo\/glyphs\/underscore.glif","\/actionis.ufo\/glyphs\/v.glif":"\/actionis.ufo\/glyphs\/v.glif","\/actionis.ufo\/glyphs\/w.glif":"\/actionis.ufo\/glyphs\/w.glif","\/actionis.ufo\/glyphs\/x.glif":"\/actionis.ufo\/glyphs\/x.glif","\/actionis.ufo\/glyphs\/y.glif":"\/actionis.ufo\/glyphs\/y.glif","\/actionis.ufo\/glyphs\/z.glif":"\/actionis.ufo\/glyphs\/z.glif","\/actionis.ufo\/glyphs\/zero.glif":"\/actionis.ufo\/glyphs\/zero.glif"},"Font":{"uploaded":1474816855.0244,"licence":"gpl3","company":"Chronolabs Cooperative","title":"Action Is","version":3.002,"date":"Sun Aug 28 07:48:47 2016","creator":"root","type":"1","matrix":"0.001 0 0 0.001 0 0","named":"ActionIs","painttype":"0","info":"10 dict dup","name":"ActionIs","family":"ActionIs","weight":"Book","fstype":"1","italicangle":"0","underlineposition":"","underlinethickness":""},"Licences":{"":false},"Table":{"FFTM":{"entryLength":16,"tag":"FFTM","checksum":1947015502,"offset":36572,"length":28},"GDEF":{"entryLength":16,"tag":"GDEF","checksum":9568260,"offset":36540,"length":32},"OS\/2":{"entryLength":16,"tag":"OS\/2","checksum":1445593111,"offset":344,"length":86},"cmap":{"entryLength":16,"tag":"cmap","checksum":3045027402,"offset":836,"length":482},"gasp":{"entryLength":16,"tag":"gasp","checksum":4294901763,"offset":36532,"length":8},"glyf":{"entryLength":16,"tag":"glyf","checksum":1248782693,"offset":1524,"length":34100},"head":{"entryLength":16,"tag":"head","checksum":241566914,"offset":220,"length":54},"hhea":{"entryLength":16,"tag":"hhea","checksum":183895817,"offset":276,"length":36},"hmtx":{"entryLength":16,"tag":"hmtx","checksum":3227257937,"offset":432,"length":404},"loca":{"entryLength":16,"tag":"loca","checksum":4228847526,"offset":1320,"length":204},"maxp":{"entryLength":16,"tag":"maxp","checksum":14878653,"offset":312,"length":32},"name":{"entryLength":16,"tag":"name","checksum":1490345523,"offset":35624,"length":657},"post":{"entryLength":16,"tag":"post","checksum":3047992117,"offset":36284,"length":245}},"UnicodeCharMap":{"0":1,"13":2,"32":3,"33":4,"34":5,"36":6,"38":7,"39":8,"40":9,"43":10,"44":11,"45":12,"46":13,"47":14,"48":15,"49":16,"50":17,"51":18,"52":19,"53":20,"54":21,"55":22,"56":23,"57":24,"58":25,"59":26,"61":27,"63":28,"64":29,"65":30,"66":31,"67":32,"68":33,"69":34,"70":35,"71":36,"72":37,"73":38,"74":39,"75":40,"76":41,"77":42,"78":43,"79":44,"80":45,"81":46,"82":47,"83":48,"84":49,"85":50,"86":51,"87":52,"88":53,"89":54,"90":55,"92":56,"95":57,"96":58,"97":59,"98":60,"99":61,"100":62,"101":63,"102":64,"103":65,"104":66,"105":67,"106":68,"107":69,"108":70,"109":71,"110":72,"111":73,"112":74,"113":75,"114":76,"115":77,"116":78,"117":79,"118":80,"119":81,"120":82,"121":83,"122":84,"124":85,"160":86,"169":87,"174":88,"182":89,"8211":91,"8212":92,"8216":95,"8217":96,"8220":93,"8221":94,"8226":90,"8260":97,"8482":98},"Reserves":{"fontname":"Action Is"},"Names":{"Action Is":{"name":"Action Is","longitude":"0.00000001","latitude":"0.00000001","country":"","region":"","city":""}},"Nodes":{"ac":{"type":"typal","node":"ac","usage":1,"weight":1},"on":{"type":"typal","node":"on","usage":1,"weight":1},"act":{"type":"typal","node":"act","usage":1,"weight":1},"ion":{"type":"typal","node":"ion","usage":1,"weight":1},"acti":{"type":"keys","node":"acti","usage":1,"weight":1},"tion":{"type":"keys","node":"tion","usage":1,"weight":1},"actio":{"type":"keys","node":"actio","usage":1,"weight":1},"ction":{"type":"keys","node":"ction","usage":1,"weight":1},"action":{"type":"fixes","node":"action","usage":1,"weight":1},"is":{"type":"fixes","node":"is","usage":1,"weight":1}},"Contributors":[],"FontIdentity":"doofinc1:ed0865ec8c5d96cf09bf8af","Bytes":null,"Networking":[],"barcode":"a12q3kaewyu34e","referee":"mmeuK"}