{"CSS":{"Technetium":"Technetium.css"},"FontType":"TrueType","FontCopyright":"http:\/\/fonts.tom7.com\/ - Technetium Copyright (c) 1999 Tom Murphy 7 - Use and distribute freely, but never sell (on CD, for instance!) - ImightbeTM@aol.com - 399 Still Hill Rd - Hamden CT 06518.1830 - Enjoy! - May I abuse you please, in my subspace biogr","FontName":"Technetium","FontSubfamily":"Book","FontSubfamilyID":"FontForge 2.0 : Technetium : 2-9-2016","FontFullName":"Technetium","FontVersion":"Version 1.0.0 Frog: 7.10.99 ","FontWeight":null,"FontPostscriptName":"Technetium","Files":{"technetium.afm":"technetium.afm","technetium.bin":"technetium.bin","technetium.cef":"technetium.cef","technetium.cff":"technetium.cff","technetium.cid":"technetium.cid","technetium.dfont":"technetium.dfont","technetium.eot":"technetium.eot","technetium.fon":"technetium.fon","technetium.gai":"technetium.gai","technetium.gsf":"technetium.gsf","technetium.hqx":"technetium.hqx","technetium.ik":"technetium.ik","technetium.mf":"technetium.mf","technetium.otf":"technetium.otf","technetium.pcf":"technetium.pcf","technetium.pf3":"technetium.pf3","technetium.pfa":"technetium.pfa","technetium.pfb":"technetium.pfb","technetium.php":"technetium.php","technetium.pmf":"technetium.pmf","technetium.pt3":"technetium.pt3","technetium.sfd":"technetium.sfd","technetium.svg":"technetium.svg","technetium.t42":"technetium.t42","technetium.ttd":"technetium.ttd","technetium.ttf":"technetium.ttf","technetium.ttg":"technetium.ttg","technetium.ufm":"technetium.ufm","technetium.woff":"technetium.woff","technetium.z":"technetium.z","":{"technetium.afm":"technetium.afm","technetium.bin":"technetium.bin","technetium.cef":"technetium.cef","technetium.cff":"technetium.cff","technetium.cid":"technetium.cid","technetium.dfont":"technetium.dfont","technetium.eot":"technetium.eot","technetium.fon":"technetium.fon","technetium.gai":"technetium.gai","technetium.gsf":"technetium.gsf","technetium.hqx":"technetium.hqx","technetium.ik":"technetium.ik","technetium.mf":"technetium.mf","technetium.otf":"technetium.otf","technetium.pcf":"technetium.pcf","technetium.pf3":"technetium.pf3","technetium.pfa":"technetium.pfa","technetium.pfb":"technetium.pfb","technetium.php":"technetium.php","technetium.pmf":"technetium.pmf","technetium.pt3":"technetium.pt3","technetium.sfd":"technetium.sfd","technetium.svg":"technetium.svg","technetium.t42":"technetium.t42","technetium.ttd":"technetium.ttd","technetium.ttf":"technetium.ttf","technetium.ttg":"technetium.ttg","technetium.ufm":"technetium.ufm","technetium.woff":"technetium.woff","technetium.z":"technetium.z"},"\/technetium.ufo":{"feature.fea":"feature.fea","fontinfo.plist":"fontinfo.plist","groups.plist":"groups.plist","kerning.plist":"kerning.plist","metainfo.plist":"metainfo.plist"},"\/technetium.ufo\/glyphs":{"A_.glif":"A_.glif","B_.glif":"B_.glif","C_.glif":"C_.glif","C_cedilla.glif":"C_cedilla.glif","D_.glif":"D_.glif","E_.glif":"E_.glif","F_.glif":"F_.glif","G_.glif":"G_.glif","H_.glif":"H_.glif","I_.glif":"I_.glif","J_.glif":"J_.glif","K_.glif":"K_.glif","L_.glif":"L_.glif","M_.glif":"M_.glif","N_.glif":"N_.glif","N_tilde.glif":"N_tilde.glif","O_.glif":"O_.glif","P_.glif":"P_.glif","Q_.glif":"Q_.glif","R_.glif":"R_.glif","S_.glif":"S_.glif","T_.glif":"T_.glif","U_.glif":"U_.glif","V_.glif":"V_.glif","W_.glif":"W_.glif","X_.glif":"X_.glif","Y_.glif":"Y_.glif","Z_.glif":"Z_.glif","_notdef.glif":"_notdef.glif","_null.glif":"_null.glif","a.glif":"a.glif","afii00208.glif":"afii00208.glif","ampersand.glif":"ampersand.glif","asciicircum.glif":"asciicircum.glif","asciitilde.glif":"asciitilde.glif","asterisk.glif":"asterisk.glif","at.glif":"at.glif","b.glif":"b.glif","backslash.glif":"backslash.glif","bar.glif":"bar.glif","braceleft.glif":"braceleft.glif","braceright.glif":"braceright.glif","bracketleft.glif":"bracketleft.glif","bracketright.glif":"bracketright.glif","bullet.glif":"bullet.glif","c.glif":"c.glif","ccedilla.glif":"ccedilla.glif","colon.glif":"colon.glif","comma.glif":"comma.glif","contents.plist":"contents.plist","copyright.glif":"copyright.glif","currency.glif":"currency.glif","d.glif":"d.glif","degree.glif":"degree.glif","divide.glif":"divide.glif","dollar.glif":"dollar.glif","e.glif":"e.glif","eight.glif":"eight.glif","ellipsis.glif":"ellipsis.glif","emdash.glif":"emdash.glif","endash.glif":"endash.glif","equal.glif":"equal.glif","exclam.glif":"exclam.glif","exclamdown.glif":"exclamdown.glif","f.glif":"f.glif","five.glif":"five.glif","four.glif":"four.glif","g.glif":"g.glif","germandbls.glif":"germandbls.glif","grave.glif":"grave.glif","greater.glif":"greater.glif","h.glif":"h.glif","hyphen.glif":"hyphen.glif","i.glif":"i.glif","j.glif":"j.glif","k.glif":"k.glif","l.glif":"l.glif","less.glif":"less.glif","m.glif":"m.glif","multiply.glif":"multiply.glif","n.glif":"n.glif","nine.glif":"nine.glif","nonmarkingreturn.glif":"nonmarkingreturn.glif","ntilde.glif":"ntilde.glif","numbersign.glif":"numbersign.glif","o.glif":"o.glif","one.glif":"one.glif","p.glif":"p.glif","parenleft.glif":"parenleft.glif","parenright.glif":"parenright.glif","percent.glif":"percent.glif","period.glif":"period.glif","plus.glif":"plus.glif","q.glif":"q.glif","question.glif":"question.glif","questiondown.glif":"questiondown.glif","quotedbl.glif":"quotedbl.glif","quotedblleft.glif":"quotedblleft.glif","quotedblright.glif":"quotedblright.glif","quoteleft.glif":"quoteleft.glif","quoteright.glif":"quoteright.glif","quotesingle.glif":"quotesingle.glif","r.glif":"r.glif","registered.glif":"registered.glif","s.glif":"s.glif","semicolon.glif":"semicolon.glif","seven.glif":"seven.glif","six.glif":"six.glif","slash.glif":"slash.glif","space.glif":"space.glif","t.glif":"t.glif","three.glif":"three.glif","two.glif":"two.glif","u.glif":"u.glif","underscore.glif":"underscore.glif","v.glif":"v.glif","w.glif":"w.glif","x.glif":"x.glif","y.glif":"y.glif","z.glif":"z.glif","zero.glif":"zero.glif"}},"Font":{"uploaded":1472763533.197,"licence":"gpl3","company":"Chronolabs Cooperative","title":"Technetium","version":2.001,"date":"Sun Aug 28 07:58:26 2016","creator":"root","type":"1","matrix":"0.001 0 0 0.001 0 0","named":"Technetium","painttype":"0","info":"10 dict dup","name":"Technetium","family":"Technetium","weight":"Book","fstype":"0","italicangle":"0","underlineposition":"","underlinethickness":""},"Table":{"FFTM":{"entryLength":16,"tag":"FFTM","checksum":1947016660,"offset":42028,"length":28},"GDEF":{"entryLength":16,"tag":"GDEF","checksum":10813444,"offset":41996,"length":32},"OS\/2":{"entryLength":16,"tag":"OS\/2","checksum":1441726362,"offset":344,"length":86},"cmap":{"entryLength":16,"tag":"cmap","checksum":3459196024,"offset":912,"length":482},"gasp":{"entryLength":16,"tag":"gasp","checksum":4294901763,"offset":41988,"length":8},"glyf":{"entryLength":16,"tag":"glyf","checksum":3977269686,"offset":1640,"length":38808},"head":{"entryLength":16,"tag":"head","checksum":289984919,"offset":220,"length":54},"hhea":{"entryLength":16,"tag":"hhea","checksum":232131131,"offset":276,"length":36},"hmtx":{"entryLength":16,"tag":"hmtx","checksum":3873376994,"offset":432,"length":480},"loca":{"entryLength":16,"tag":"loca","checksum":969086404,"offset":1396,"length":242},"maxp":{"entryLength":16,"tag":"maxp","checksum":14615556,"offset":312,"length":32},"name":{"entryLength":16,"tag":"name","checksum":53057892,"offset":40448,"length":1254},"post":{"entryLength":16,"tag":"post","checksum":2802627293,"offset":41704,"length":284}},"UnicodeCharMap":{"0":1,"13":2,"32":3,"33":4,"34":5,"35":6,"36":7,"37":8,"38":9,"39":10,"40":11,"41":12,"42":13,"43":14,"44":15,"45":16,"46":17,"47":18,"48":19,"49":20,"50":21,"51":22,"52":23,"53":24,"54":25,"55":26,"56":27,"57":28,"58":29,"59":30,"60":31,"61":32,"62":33,"63":34,"64":35,"65":36,"66":37,"67":38,"68":39,"69":40,"70":41,"71":42,"72":43,"73":44,"74":45,"75":46,"76":47,"77":48,"78":49,"79":50,"80":51,"81":52,"82":53,"83":54,"84":55,"85":56,"86":57,"87":58,"88":59,"89":60,"90":61,"91":62,"92":63,"93":64,"94":65,"95":66,"96":67,"97":68,"98":69,"99":70,"100":71,"101":72,"102":73,"103":74,"104":75,"105":76,"106":77,"107":78,"108":79,"109":80,"110":81,"111":82,"112":83,"113":84,"114":85,"115":86,"116":87,"117":88,"118":89,"119":90,"120":91,"121":92,"122":93,"123":94,"124":95,"125":96,"126":97,"161":98,"164":99,"169":100,"174":101,"176":102,"191":103,"199":104,"209":105,"215":106,"223":107,"231":108,"241":109,"247":110,"8211":111,"8212":112,"8213":113,"8216":114,"8217":115,"8220":116,"8221":117,"8226":118,"8230":119},"Reserves":null,"Names":[],"Nodes":{"te":{"type":"typal","node":"te","usage":1,"weight":1},"um":{"type":"typal","node":"um","usage":1,"weight":1},"tec":{"type":"typal","node":"tec","usage":1,"weight":1},"ium":{"type":"typal","node":"ium","usage":1,"weight":1},"tech":{"type":"keys","node":"tech","usage":1,"weight":1},"tium":{"type":"keys","node":"tium","usage":1,"weight":1},"techn":{"type":"keys","node":"techn","usage":1,"weight":1},"etium":{"type":"keys","node":"etium","usage":1,"weight":1},"technetium":{"type":"fixes","node":"technetium","usage":1,"weight":1}},"Contributors":[],"FontIdentity":"3ea411247e675e69a075d4184512e877","Bytes":4361266,"Networking":[],"barcode":"ayogwiussgkou","referee":"S65me"}