{"CSS":{"MBell-Italic":"MBell-Italic.css"},"FontType":"TrueType","FontCopyright":"Converted by ALLTYPE","FontName":"MBell-Italic","FontSubfamily":"Italic","FontSubfamilyID":"FontForge 2.0 : MBell-Italic : 23-12-2016","FontFullName":"MBell Italic","FontVersion":"Version Converted from C:EBE ","FontWeight":null,"FontPostscriptName":"MBell-Italic","Files":{"mbell-italic.afm":"mbell-italic.afm","mbell-italic.bin":"mbell-italic.bin","mbell-italic.cef":"mbell-italic.cef","mbell-italic.cff":"mbell-italic.cff","mbell-italic.cid":"mbell-italic.cid","mbell-italic.dfont":"mbell-italic.dfont","mbell-italic.eot":"mbell-italic.eot","mbell-italic.fon":"mbell-italic.fon","mbell-italic.gai":"mbell-italic.gai","mbell-italic.gsf":"mbell-italic.gsf","mbell-italic.hqx":"mbell-italic.hqx","mbell-italic.ik":"mbell-italic.ik","mbell-italic.mf":"mbell-italic.mf","mbell-italic.otf":"mbell-italic.otf","mbell-italic.pcf":"mbell-italic.pcf","mbell-italic.pf3":"mbell-italic.pf3","mbell-italic.pfa":"mbell-italic.pfa","mbell-italic.pfb":"mbell-italic.pfb","mbell-italic.php":"mbell-italic.php","mbell-italic.pmf":"mbell-italic.pmf","mbell-italic.pt3":"mbell-italic.pt3","mbell-italic.sfd":"mbell-italic.sfd","mbell-italic.svg":"mbell-italic.svg","mbell-italic.t42":"mbell-italic.t42","mbell-italic.ttd":"mbell-italic.ttd","mbell-italic.ttf":"mbell-italic.ttf","mbell-italic.ttg":"mbell-italic.ttg","mbell-italic.ufm":"mbell-italic.ufm","mbell-italic.woff":"mbell-italic.woff","mbell-italic.z":"mbell-italic.z","":{"mbell-italic.afm":"mbell-italic.afm","mbell-italic.bin":"mbell-italic.bin","mbell-italic.cef":"mbell-italic.cef","mbell-italic.cff":"mbell-italic.cff","mbell-italic.cid":"mbell-italic.cid","mbell-italic.dfont":"mbell-italic.dfont","mbell-italic.eot":"mbell-italic.eot","mbell-italic.fon":"mbell-italic.fon","mbell-italic.gai":"mbell-italic.gai","mbell-italic.gsf":"mbell-italic.gsf","mbell-italic.hqx":"mbell-italic.hqx","mbell-italic.ik":"mbell-italic.ik","mbell-italic.mf":"mbell-italic.mf","mbell-italic.otf":"mbell-italic.otf","mbell-italic.pcf":"mbell-italic.pcf","mbell-italic.pf3":"mbell-italic.pf3","mbell-italic.pfa":"mbell-italic.pfa","mbell-italic.pfb":"mbell-italic.pfb","mbell-italic.php":"mbell-italic.php","mbell-italic.pmf":"mbell-italic.pmf","mbell-italic.pt3":"mbell-italic.pt3","mbell-italic.sfd":"mbell-italic.sfd","mbell-italic.svg":"mbell-italic.svg","mbell-italic.t42":"mbell-italic.t42","mbell-italic.ttd":"mbell-italic.ttd","mbell-italic.ttf":"mbell-italic.ttf","mbell-italic.ttg":"mbell-italic.ttg","mbell-italic.ufm":"mbell-italic.ufm","mbell-italic.woff":"mbell-italic.woff","mbell-italic.z":"mbell-italic.z"},"\/mbell-italic.ufo":{"feature.fea":"feature.fea","fontinfo.plist":"fontinfo.plist","groups.plist":"groups.plist","kerning.plist":"kerning.plist","metainfo.plist":"metainfo.plist"},"\/mbell-italic.ufo\/glyphs":{"A_.glif":"A_.glif","A_E_.glif":"A_E_.glif","A_acute.glif":"A_acute.glif","A_breve.glif":"A_breve.glif","A_circumflex.glif":"A_circumflex.glif","A_dieresis.glif":"A_dieresis.glif","A_grave.glif":"A_grave.glif","A_ogonek.glif":"A_ogonek.glif","A_ring.glif":"A_ring.glif","A_tilde.glif":"A_tilde.glif","B_.glif":"B_.glif","C_.glif":"C_.glif","C_acute.glif":"C_acute.glif","C_caron.glif":"C_caron.glif","C_cedilla.glif":"C_cedilla.glif","D_.glif":"D_.glif","D_caron.glif":"D_caron.glif","D_croat.glif":"D_croat.glif","E_.glif":"E_.glif","E_acute.glif":"E_acute.glif","E_caron.glif":"E_caron.glif","E_circumflex.glif":"E_circumflex.glif","E_dieresis.glif":"E_dieresis.glif","E_grave.glif":"E_grave.glif","E_ogonek.glif":"E_ogonek.glif","E_th.glif":"E_th.glif","F_.glif":"F_.glif","G_.glif":"G_.glif","G_amma.glif":"G_amma.glif","G_breve.glif":"G_breve.glif","H_.glif":"H_.glif","I_.glif":"I_.glif","I_acute.glif":"I_acute.glif","I_circumflex.glif":"I_circumflex.glif","I_dieresis.glif":"I_dieresis.glif","I_dotaccent.glif":"I_dotaccent.glif","I_grave.glif":"I_grave.glif","J_.glif":"J_.glif","K_.glif":"K_.glif","L_.glif":"L_.glif","L_acute.glif":"L_acute.glif","L_caron.glif":"L_caron.glif","L_dot.glif":"L_dot.glif","L_slash.glif":"L_slash.glif","M_.glif":"M_.glif","N_.glif":"N_.glif","N_acute.glif":"N_acute.glif","N_caron.glif":"N_caron.glif","N_tilde.glif":"N_tilde.glif","O_.glif":"O_.glif","O_E_.glif":"O_E_.glif","O_acute.glif":"O_acute.glif","O_circumflex.glif":"O_circumflex.glif","O_dieresis.glif":"O_dieresis.glif","O_grave.glif":"O_grave.glif","O_hungarumlaut.glif":"O_hungarumlaut.glif","O_slash.glif":"O_slash.glif","O_tilde.glif":"O_tilde.glif","P_.glif":"P_.glif","P_hi.glif":"P_hi.glif","Q_.glif":"Q_.glif","R_.glif":"R_.glif","R_acute.glif":"R_acute.glif","R_caron.glif":"R_caron.glif","S_.glif":"S_.glif","S_F_010000.glif":"S_F_010000.glif","S_F_020000.glif":"S_F_020000.glif","S_F_030000.glif":"S_F_030000.glif","S_F_040000.glif":"S_F_040000.glif","S_F_050000.glif":"S_F_050000.glif","S_F_060000.glif":"S_F_060000.glif","S_F_070000.glif":"S_F_070000.glif","S_F_080000.glif":"S_F_080000.glif","S_F_090000.glif":"S_F_090000.glif","S_F_100000.glif":"S_F_100000.glif","S_F_110000.glif":"S_F_110000.glif","S_F_190000.glif":"S_F_190000.glif","S_F_200000.glif":"S_F_200000.glif","S_F_210000.glif":"S_F_210000.glif","S_F_220000.glif":"S_F_220000.glif","S_F_230000.glif":"S_F_230000.glif","S_F_240000.glif":"S_F_240000.glif","S_F_250000.glif":"S_F_250000.glif","S_F_260000.glif":"S_F_260000.glif","S_F_270000.glif":"S_F_270000.glif","S_F_280000.glif":"S_F_280000.glif","S_F_360000.glif":"S_F_360000.glif","S_F_370000.glif":"S_F_370000.glif","S_F_380000.glif":"S_F_380000.glif","S_F_390000.glif":"S_F_390000.glif","S_F_400000.glif":"S_F_400000.glif","S_F_410000.glif":"S_F_410000.glif","S_F_420000.glif":"S_F_420000.glif","S_F_430000.glif":"S_F_430000.glif","S_F_440000.glif":"S_F_440000.glif","S_F_450000.glif":"S_F_450000.glif","S_F_460000.glif":"S_F_460000.glif","S_F_470000.glif":"S_F_470000.glif","S_F_480000.glif":"S_F_480000.glif","S_F_490000.glif":"S_F_490000.glif","S_F_500000.glif":"S_F_500000.glif","S_F_510000.glif":"S_F_510000.glif","S_F_520000.glif":"S_F_520000.glif","S_F_530000.glif":"S_F_530000.glif","S_F_540000.glif":"S_F_540000.glif","S_acute.glif":"S_acute.glif","S_caron.glif":"S_caron.glif","S_cedilla.glif":"S_cedilla.glif","T_.glif":"T_.glif","T_caron.glif":"T_caron.glif","T_commaaccent.glif":"T_commaaccent.glif","T_heta.glif":"T_heta.glif","T_horn.glif":"T_horn.glif","U_.glif":"U_.glif","U_acute.glif":"U_acute.glif","U_circumflex.glif":"U_circumflex.glif","U_dieresis.glif":"U_dieresis.glif","U_grave.glif":"U_grave.glif","U_hungarumlaut.glif":"U_hungarumlaut.glif","U_ring.glif":"U_ring.glif","V_.glif":"V_.glif","W_.glif":"W_.glif","X_.glif":"X_.glif","Y_.glif":"Y_.glif","Y_acute.glif":"Y_acute.glif","Y_dieresis.glif":"Y_dieresis.glif","Z_.glif":"Z_.glif","Z_acute.glif":"Z_acute.glif","Z_caron.glif":"Z_caron.glif","Z_dotaccent.glif":"Z_dotaccent.glif","a.glif":"a.glif","aacute.glif":"aacute.glif","abreve.glif":"abreve.glif","acircumflex.glif":"acircumflex.glif","acute.glif":"acute.glif","adieresis.glif":"adieresis.glif","ae.glif":"ae.glif","agrave.glif":"agrave.glif","alpha.glif":"alpha.glif","ampersand.glif":"ampersand.glif","aogonek.glif":"aogonek.glif","aring.glif":"aring.glif","arrowboth.glif":"arrowboth.glif","arrowdown.glif":"arrowdown.glif","arrowleft.glif":"arrowleft.glif","arrowright.glif":"arrowright.glif","arrowup.glif":"arrowup.glif","arrowupdn.glif":"arrowupdn.glif","arrowupdnbse.glif":"arrowupdnbse.glif","asciicircum.glif":"asciicircum.glif","asciitilde.glif":"asciitilde.glif","asterisk.glif":"asterisk.glif","at.glif":"at.glif","atilde.glif":"atilde.glif","b.glif":"b.glif","backslash.glif":"backslash.glif","bar.glif":"bar.glif","block.glif":"block.glif","braceleft.glif":"braceleft.glif","braceright.glif":"braceright.glif","bracketleft.glif":"bracketleft.glif","bracketright.glif":"bracketright.glif","breve.glif":"breve.glif","brokenbar.glif":"brokenbar.glif","bullet.glif":"bullet.glif","c.glif":"c.glif","cacute.glif":"cacute.glif","caron.glif":"caron.glif","ccaron.glif":"ccaron.glif","ccedilla.glif":"ccedilla.glif","cedilla.glif":"cedilla.glif","cent.glif":"cent.glif","circle.glif":"circle.glif","circumflex.glif":"circumflex.glif","club.glif":"club.glif","colon.glif":"colon.glif","comma.glif":"comma.glif","contents.plist":"contents.plist","copyright.glif":"copyright.glif","currency.glif":"currency.glif","d.glif":"d.glif","dagger.glif":"dagger.glif","daggerdbl.glif":"daggerdbl.glif","dcaron.glif":"dcaron.glif","dcroat.glif":"dcroat.glif","degree.glif":"degree.glif","delta.glif":"delta.glif","diamond.glif":"diamond.glif","dieresis.glif":"dieresis.glif","dkshade.glif":"dkshade.glif","dnblock.glif":"dnblock.glif","dollar.glif":"dollar.glif","dotaccent.glif":"dotaccent.glif","dotlessi.glif":"dotlessi.glif","e.glif":"e.glif","eacute.glif":"eacute.glif","ecaron.glif":"ecaron.glif","ecircumflex.glif":"ecircumflex.glif","edieresis.glif":"edieresis.glif","egrave.glif":"egrave.glif","eight.glif":"eight.glif","ellipsis.glif":"ellipsis.glif","emdash.glif":"emdash.glif","endash.glif":"endash.glif","eogonek.glif":"eogonek.glif","epsilon.glif":"epsilon.glif","equal.glif":"equal.glif","equivalence.glif":"equivalence.glif","eth.glif":"eth.glif","exclam.glif":"exclam.glif","exclamdbl.glif":"exclamdbl.glif","exclamdown.glif":"exclamdown.glif","f.glif":"f.glif","female.glif":"female.glif","fi.glif":"fi.glif","filledbox.glif":"filledbox.glif","filledrect.glif":"filledrect.glif","five.glif":"five.glif","fl.glif":"fl.glif","florin.glif":"florin.glif","four.glif":"four.glif","fraction.glif":"fraction.glif","franc.glif":"franc.glif","g.glif":"g.glif","gbreve.glif":"gbreve.glif","germandbls.glif":"germandbls.glif","glyph1.glif":"glyph1.glif","glyph2.glif":"glyph2.glif","glyph223.glif":"glyph223.glif","glyph224.glif":"glyph224.glif","glyph225.glif":"glyph225.glif","glyph226.glif":"glyph226.glif","glyph227.glif":"glyph227.glif","glyph228.glif":"glyph228.glif","glyph232.glif":"glyph232.glif","glyph233.glif":"glyph233.glif","glyph236.glif":"glyph236.glif","glyph237.glif":"glyph237.glif","glyph243.glif":"glyph243.glif","glyph257.glif":"glyph257.glif","glyph258.glif":"glyph258.glif","glyph259.glif":"glyph259.glif","glyph261.glif":"glyph261.glif","glyph262.glif":"glyph262.glif","glyph263.glif":"glyph263.glif","glyph264.glif":"glyph264.glif","glyph265.glif":"glyph265.glif","grave.glif":"grave.glif","greater.glif":"greater.glif","guillemotleft.glif":"guillemotleft.glif","guillemotright.glif":"guillemotright.glif","guilsinglleft.glif":"guilsinglleft.glif","guilsinglright.glif":"guilsinglright.glif","h.glif":"h.glif","heart.glif":"heart.glif","house.glif":"house.glif","hungarumlaut.glif":"hungarumlaut.glif","hyphen.glif":"hyphen.glif","i.glif":"i.glif","iacute.glif":"iacute.glif","icircumflex.glif":"icircumflex.glif","idieresis.glif":"idieresis.glif","igrave.glif":"igrave.glif","integralbt.glif":"integralbt.glif","integraltp.glif":"integraltp.glif","intersection.glif":"intersection.glif","invbullet.glif":"invbullet.glif","invcircle.glif":"invcircle.glif","invsmileface.glif":"invsmileface.glif","j.glif":"j.glif","k.glif":"k.glif","l.glif":"l.glif","lacute.glif":"lacute.glif","lcaron.glif":"lcaron.glif","ldot.glif":"ldot.glif","less.glif":"less.glif","lfblock.glif":"lfblock.glif","lslash.glif":"lslash.glif","ltshade.glif":"ltshade.glif","m.glif":"m.glif","macron.glif":"macron.glif","male.glif":"male.glif","minus.glif":"minus.glif","mu.glif":"mu.glif","multiply.glif":"multiply.glif","musicalnote.glif":"musicalnote.glif","musicalnotedbl.glif":"musicalnotedbl.glif","n.glif":"n.glif","nacute.glif":"nacute.glif","ncaron.glif":"ncaron.glif","nine.glif":"nine.glif","ntilde.glif":"ntilde.glif","numbersign.glif":"numbersign.glif","o.glif":"o.glif","oacute.glif":"oacute.glif","ocircumflex.glif":"ocircumflex.glif","odieresis.glif":"odieresis.glif","oe.glif":"oe.glif","ogonek.glif":"ogonek.glif","ograve.glif":"ograve.glif","ohungarumlaut.glif":"ohungarumlaut.glif","one.glif":"one.glif","onehalf.glif":"onehalf.glif","onequarter.glif":"onequarter.glif","ordfeminine.glif":"ordfeminine.glif","ordmasculine.glif":"ordmasculine.glif","orthogonal.glif":"orthogonal.glif","oslash.glif":"oslash.glif","otilde.glif":"otilde.glif","p.glif":"p.glif","paragraph.glif":"paragraph.glif","parenleft.glif":"parenleft.glif","parenright.glif":"parenright.glif","percent.glif":"percent.glif","period.glif":"period.glif","periodcentered.glif":"periodcentered.glif","perthousand.glif":"perthousand.glif","peseta.glif":"peseta.glif","phi.glif":"phi.glif","plus.glif":"plus.glif","plusminus.glif":"plusminus.glif","q.glif":"q.glif","question.glif":"question.glif","questiondown.glif":"questiondown.glif","quotedbl.glif":"quotedbl.glif","quotedblbase.glif":"quotedblbase.glif","quotedblleft.glif":"quotedblleft.glif","quotedblright.glif":"quotedblright.glif","quoteleft.glif":"quoteleft.glif","quoteright.glif":"quoteright.glif","quotesingle.glif":"quotesingle.glif","r.glif":"r.glif","racute.glif":"racute.glif","rcaron.glif":"rcaron.glif","registered.glif":"registered.glif","revlogicalnot.glif":"revlogicalnot.glif","ring.glif":"ring.glif","rtblock.glif":"rtblock.glif","s.glif":"s.glif","sacute.glif":"sacute.glif","scaron.glif":"scaron.glif","scedilla.glif":"scedilla.glif","section.glif":"section.glif","semicolon.glif":"semicolon.glif","seven.glif":"seven.glif","sfthyphen.glif":"sfthyphen.glif","shade.glif":"shade.glif","sigma.glif":"sigma.glif","six.glif":"six.glif","slash.glif":"slash.glif","smileface.glif":"smileface.glif","space.glif":"space.glif","spade.glif":"spade.glif","sterling.glif":"sterling.glif","sun.glif":"sun.glif","t.glif":"t.glif","tau.glif":"tau.glif","tcaron.glif":"tcaron.glif","tcommaaccent.glif":"tcommaaccent.glif","thorn.glif":"thorn.glif","three.glif":"three.glif","threequarters.glif":"threequarters.glif","tilde.glif":"tilde.glif","trademark.glif":"trademark.glif","triagdn.glif":"triagdn.glif","triaglf.glif":"triaglf.glif","triagrt.glif":"triagrt.glif","triagup.glif":"triagup.glif","two.glif":"two.glif","u.glif":"u.glif","uacute.glif":"uacute.glif","ucircumflex.glif":"ucircumflex.glif","udieresis.glif":"udieresis.glif","ugrave.glif":"ugrave.glif","uhungarumlaut.glif":"uhungarumlaut.glif","underscore.glif":"underscore.glif","underscoredbl.glif":"underscoredbl.glif","uni00A_D_.glif":"uni00A_D_.glif","uni00B_2.glif":"uni00B_2.glif","uni00B_3.glif":"uni00B_3.glif","uni00B_9.glif":"uni00B_9.glif","uni02B_A_.glif":"uni02B_A_.glif","uni207F_.glif":"uni207F_.glif","upblock.glif":"upblock.glif","uring.glif":"uring.glif","v.glif":"v.glif","w.glif":"w.glif","x.glif":"x.glif","y.glif":"y.glif","yacute.glif":"yacute.glif","ydieresis.glif":"ydieresis.glif","yen.glif":"yen.glif","z.glif":"z.glif","zacute.glif":"zacute.glif","zcaron.glif":"zcaron.glif","zdotaccent.glif":"zdotaccent.glif","zero.glif":"zero.glif"}},"Font":{"uploaded":1482425846.2985,"licence":"gpl3","company":"Chronolabs Cooperative","title":"MBell Italic","version":2.001,"date":"Sat Oct 15 02:21:19 2016","creator":"root","type":"1","matrix":"0.001 0 0 0.001 0 0","named":"MBell-Italic","painttype":"0","info":"10 dict dup","name":"MBell-Italic","family":"MBell-Italic","weight":"Thin","fstype":"0","italicangle":"0","underlineposition":"","underlinethickness":""},"Table":{"FFTM":{"entryLength":16,"tag":"FFTM","checksum":1955263408,"offset":97140,"length":28},"GDEF":{"entryLength":16,"tag":"GDEF","checksum":29097988,"offset":97108,"length":32},"OS\/2":{"entryLength":16,"tag":"OS\/2","checksum":3473480731,"offset":344,"length":86},"cmap":{"entryLength":16,"tag":"cmap","checksum":1503553658,"offset":1760,"length":1334},"gasp":{"entryLength":16,"tag":"gasp","checksum":4294901763,"offset":97100,"length":8},"glyf":{"entryLength":16,"tag":"glyf","checksum":2896531407,"offset":3896,"length":90380},"head":{"entryLength":16,"tag":"head","checksum":195276850,"offset":220,"length":54},"hhea":{"entryLength":16,"tag":"hhea","checksum":122487549,"offset":276,"length":36},"hmtx":{"entryLength":16,"tag":"hmtx","checksum":3954914664,"offset":432,"length":1328},"loca":{"entryLength":16,"tag":"loca","checksum":552892756,"offset":3096,"length":800},"maxp":{"entryLength":16,"tag":"maxp","checksum":30933426,"offset":312,"length":32},"name":{"entryLength":16,"tag":"name","checksum":2767669511,"offset":94276,"length":591},"post":{"entryLength":16,"tag":"post","checksum":3958963437,"offset":94868,"length":2230}},"UnicodeCharMap":{"32":3,"33":4,"34":5,"35":6,"36":7,"37":8,"38":9,"39":10,"40":11,"41":12,"42":13,"43":14,"44":15,"45":16,"46":17,"47":18,"48":19,"49":20,"50":21,"51":22,"52":23,"53":24,"54":25,"55":26,"56":27,"57":28,"58":29,"59":30,"60":31,"61":32,"62":33,"63":34,"64":35,"65":36,"66":37,"67":38,"68":39,"69":40,"70":41,"71":42,"72":43,"73":44,"74":45,"75":46,"76":47,"77":48,"78":49,"79":50,"80":51,"81":52,"82":53,"83":54,"84":55,"85":56,"86":57,"87":58,"88":59,"89":60,"90":61,"91":62,"92":63,"93":64,"94":65,"95":66,"96":67,"97":68,"98":69,"99":70,"100":71,"101":72,"102":73,"103":74,"104":75,"105":76,"106":77,"107":78,"108":79,"109":80,"110":81,"111":82,"112":83,"113":84,"114":85,"115":86,"116":87,"117":88,"118":89,"119":90,"120":91,"121":92,"122":93,"123":94,"124":95,"125":96,"126":97,"161":201,"162":99,"163":100,"164":129,"165":197,"166":103,"167":104,"168":105,"169":106,"170":198,"171":203,"173":110,"174":111,"175":139,"176":194,"177":153,"178":115,"179":116,"180":117,"182":119,"183":214,"184":142,"185":122,"186":199,"187":204,"188":125,"189":233,"190":127,"191":200,"192":123,"193":184,"194":217,"195":205,"196":133,"197":134,"198":196,"199":136,"200":192,"201":138,"202":218,"203":219,"204":222,"205":220,"206":221,"207":101,"208":155,"209":146,"210":225,"211":223,"212":224,"213":167,"214":151,"215":152,"216":135,"217":228,"218":226,"219":227,"220":157,"221":158,"222":154,"223":160,"224":161,"225":162,"226":163,"227":164,"228":165,"229":166,"230":102,"231":168,"232":169,"233":170,"234":171,"235":172,"236":173,"237":174,"238":175,"239":176,"240":156,"241":178,"242":179,"243":180,"244":181,"245":182,"246":183,"248":118,"249":186,"250":187,"251":188,"252":189,"253":190,"254":232,"255":108,"258":317,"259":318,"260":319,"261":320,"262":254,"263":255,"268":256,"269":257,"270":321,"271":322,"272":323,"273":258,"280":324,"281":325,"282":326,"283":327,"286":249,"287":250,"304":251,"305":229,"313":328,"314":329,"317":330,"318":331,"319":355,"320":356,"321":148,"322":149,"323":332,"324":333,"327":334,"328":335,"336":336,"337":337,"338":185,"339":128,"340":338,"341":339,"344":297,"345":340,"346":341,"347":342,"350":252,"351":253,"352":231,"353":147,"354":343,"355":344,"356":345,"357":346,"366":347,"367":348,"368":350,"369":349,"376":124,"377":351,"378":352,"379":353,"380":354,"381":245,"382":246,"402":202,"698":238,"710":230,"711":141,"728":130,"729":140,"730":137,"731":144,"732":131,"733":143,"915":268,"920":269,"934":270,"945":271,"948":272,"949":273,"956":114,"963":274,"964":275,"966":276,"8211":397,"8212":109,"8215":264,"8216":208,"8217":209,"8220":206,"8221":207,"8222":215,"8224":193,"8225":213,"8226":398,"8230":107,"8240":216,"8249":132,"8250":150,"8252":265,"8260":210,"8319":266,"8355":248,"8359":267,"8482":195,"8592":277,"8593":278,"8594":234,"8595":279,"8596":280,"8597":281,"8616":282,"8722":247,"8735":283,"8745":284,"8801":285,"8962":235,"8976":286,"8992":287,"8993":288,"9472":357,"9474":358,"9484":359,"9488":360,"9492":361,"9496":362,"9500":363,"9508":364,"9516":365,"9524":366,"9532":367,"9552":368,"9553":369,"9554":370,"9555":371,"9556":372,"9557":373,"9558":374,"9559":375,"9560":376,"9561":377,"9562":378,"9563":379,"9564":380,"9565":381,"9566":382,"9567":383,"9568":384,"9569":385,"9570":386,"9571":387,"9572":388,"9573":389,"9574":390,"9575":391,"9576":392,"9577":393,"9578":394,"9579":395,"9580":396,"9600":298,"9604":299,"9608":300,"9612":301,"9616":302,"9617":303,"9618":304,"9619":305,"9632":237,"9644":289,"9650":291,"9658":292,"9660":293,"9668":294,"9675":290,"9688":295,"9689":296,"9786":306,"9787":307,"9788":308,"9792":309,"9794":310,"9824":311,"9827":312,"9829":313,"9830":314,"9834":315,"9835":316,"64257":211,"64258":212},"Reserves":null,"Names":[],"Nodes":{"mb":{"type":"typal","node":"mb","usage":1,"weight":1},"ll":{"type":"typal","node":"ll","usage":1,"weight":1},"it":{"type":"typal","node":"it","usage":1,"weight":1},"ic":{"type":"typal","node":"ic","usage":1,"weight":1},"mbe":{"type":"typal","node":"mbe","usage":1,"weight":1},"ell":{"type":"typal","node":"ell","usage":1,"weight":1},"ita":{"type":"typal","node":"ita","usage":1,"weight":1},"lic":{"type":"typal","node":"lic","usage":1,"weight":1},"mbel":{"type":"keys","node":"mbel","usage":1,"weight":1},"bell":{"type":"keys","node":"bell","usage":1,"weight":1},"ital":{"type":"keys","node":"ital","usage":1,"weight":1},"alic":{"type":"keys","node":"alic","usage":1,"weight":1},"itali":{"type":"keys","node":"itali","usage":1,"weight":1},"talic":{"type":"keys","node":"talic","usage":1,"weight":1},"mbell":{"type":"fixes","node":"mbell","usage":1,"weight":1},"italic":{"type":"fixes","node":"italic","usage":1,"weight":1}},"Contributors":[],"FontIdentity":"9973c8002d80b0b26809a0932305d358","Bytes":8367295,"Networking":[],"barcode":"12SiW3C1AGC7u3","referee":"wi7sasg"}