{"CSS":{"Quadrangle":"Quadrangle.css"},"FontType":"TrueType","FontCopyright":"1997 by Ray Larabie - freeware","FontName":"Quadrangle","FontSubfamily":"Book","FontSubfamilyID":"FontForge 2.0 : Quadrangle : 23-10-2016","FontFullName":"Quadrangle","FontVersion":"Version 1.0 Sat Mar 08 14:37 ","FontWeight":null,"FontPostscriptName":"Quadrangle","Files":{"quadrangle.afm":"quadrangle.afm","quadrangle.bin":"quadrangle.bin","quadrangle.cef":"quadrangle.cef","quadrangle.cff":"quadrangle.cff","quadrangle.cid":"quadrangle.cid","quadrangle.dfont":"quadrangle.dfont","quadrangle.eot":"quadrangle.eot","quadrangle.fon":"quadrangle.fon","quadrangle.gai":"quadrangle.gai","quadrangle.gsf":"quadrangle.gsf","quadrangle.hqx":"quadrangle.hqx","quadrangle.ik":"quadrangle.ik","quadrangle.mf":"quadrangle.mf","quadrangle.otf":"quadrangle.otf","quadrangle.pcf":"quadrangle.pcf","quadrangle.pf3":"quadrangle.pf3","quadrangle.pfa":"quadrangle.pfa","quadrangle.pfb":"quadrangle.pfb","quadrangle.php":"quadrangle.php","quadrangle.pmf":"quadrangle.pmf","quadrangle.pt3":"quadrangle.pt3","quadrangle.sfd":"quadrangle.sfd","quadrangle.svg":"quadrangle.svg","quadrangle.t42":"quadrangle.t42","quadrangle.ttd":"quadrangle.ttd","quadrangle.ttf":"quadrangle.ttf","quadrangle.ttg":"quadrangle.ttg","quadrangle.ufm":"quadrangle.ufm","quadrangle.woff":"quadrangle.woff","quadrangle.z":"quadrangle.z","":{"quadrangle.afm":"quadrangle.afm","quadrangle.bin":"quadrangle.bin","quadrangle.cef":"quadrangle.cef","quadrangle.cff":"quadrangle.cff","quadrangle.cid":"quadrangle.cid","quadrangle.dfont":"quadrangle.dfont","quadrangle.eot":"quadrangle.eot","quadrangle.fon":"quadrangle.fon","quadrangle.gai":"quadrangle.gai","quadrangle.gsf":"quadrangle.gsf","quadrangle.hqx":"quadrangle.hqx","quadrangle.ik":"quadrangle.ik","quadrangle.mf":"quadrangle.mf","quadrangle.otf":"quadrangle.otf","quadrangle.pcf":"quadrangle.pcf","quadrangle.pf3":"quadrangle.pf3","quadrangle.pfa":"quadrangle.pfa","quadrangle.pfb":"quadrangle.pfb","quadrangle.php":"quadrangle.php","quadrangle.pmf":"quadrangle.pmf","quadrangle.pt3":"quadrangle.pt3","quadrangle.sfd":"quadrangle.sfd","quadrangle.svg":"quadrangle.svg","quadrangle.t42":"quadrangle.t42","quadrangle.ttd":"quadrangle.ttd","quadrangle.ttf":"quadrangle.ttf","quadrangle.ttg":"quadrangle.ttg","quadrangle.ufm":"quadrangle.ufm","quadrangle.woff":"quadrangle.woff","quadrangle.z":"quadrangle.z"},"\/quadrangle.ufo":{"feature.fea":"feature.fea","fontinfo.plist":"fontinfo.plist","groups.plist":"groups.plist","kerning.plist":"kerning.plist","metainfo.plist":"metainfo.plist"},"\/quadrangle.ufo\/glyphs":{"A_.glif":"A_.glif","B_.glif":"B_.glif","C_.glif":"C_.glif","D_.glif":"D_.glif","D_E_L_.glif":"D_E_L_.glif","E_.glif":"E_.glif","F_.glif":"F_.glif","G_.glif":"G_.glif","H_.glif":"H_.glif","I_.glif":"I_.glif","J_.glif":"J_.glif","K_.glif":"K_.glif","L_.glif":"L_.glif","M_.glif":"M_.glif","N_.glif":"N_.glif","O_.glif":"O_.glif","P_.glif":"P_.glif","Q_.glif":"Q_.glif","R_.glif":"R_.glif","S_.glif":"S_.glif","T_.glif":"T_.glif","U_.glif":"U_.glif","V_.glif":"V_.glif","W_.glif":"W_.glif","X_.glif":"X_.glif","Y_.glif":"Y_.glif","Z_.glif":"Z_.glif","_notdef.glif":"_notdef.glif","_null.glif":"_null.glif","a.glif":"a.glif","ampersand.glif":"ampersand.glif","asciicircum.glif":"asciicircum.glif","asciitilde.glif":"asciitilde.glif","asterisk.glif":"asterisk.glif","at.glif":"at.glif","b.glif":"b.glif","backslash.glif":"backslash.glif","bar.glif":"bar.glif","braceleft.glif":"braceleft.glif","braceright.glif":"braceright.glif","bracketleft.glif":"bracketleft.glif","bracketright.glif":"bracketright.glif","bullet.glif":"bullet.glif","c.glif":"c.glif","c128.glif":"c128.glif","c129.glif":"c129.glif","colon.glif":"colon.glif","comma.glif":"comma.glif","contents.plist":"contents.plist","d.glif":"d.glif","dollar.glif":"dollar.glif","e.glif":"e.glif","eight.glif":"eight.glif","equal.glif":"equal.glif","exclam.glif":"exclam.glif","f.glif":"f.glif","five.glif":"five.glif","four.glif":"four.glif","g.glif":"g.glif","grave.glif":"grave.glif","greater.glif":"greater.glif","h.glif":"h.glif","hyphen.glif":"hyphen.glif","i.glif":"i.glif","j.glif":"j.glif","k.glif":"k.glif","l.glif":"l.glif","less.glif":"less.glif","m.glif":"m.glif","n.glif":"n.glif","nine.glif":"nine.glif","nonmarkingreturn.glif":"nonmarkingreturn.glif","numbersign.glif":"numbersign.glif","o.glif":"o.glif","one.glif":"one.glif","p.glif":"p.glif","parenleft.glif":"parenleft.glif","parenright.glif":"parenright.glif","percent.glif":"percent.glif","period.glif":"period.glif","plus.glif":"plus.glif","q.glif":"q.glif","question.glif":"question.glif","quotedbl.glif":"quotedbl.glif","quotedblleft.glif":"quotedblleft.glif","quotedblright.glif":"quotedblright.glif","quoteleft.glif":"quoteleft.glif","quoteright.glif":"quoteright.glif","quotesinglbase.glif":"quotesinglbase.glif","quotesingle.glif":"quotesingle.glif","r.glif":"r.glif","s.glif":"s.glif","semicolon.glif":"semicolon.glif","seven.glif":"seven.glif","six.glif":"six.glif","slash.glif":"slash.glif","space.glif":"space.glif","t.glif":"t.glif","three.glif":"three.glif","two.glif":"two.glif","u.glif":"u.glif","underscore.glif":"underscore.glif","v.glif":"v.glif","w.glif":"w.glif","x.glif":"x.glif","y.glif":"y.glif","z.glif":"z.glif","zero.glif":"zero.glif"}},"Font":{"uploaded":1477219632.3845,"licence":"gpl3","company":"Chronolabs Cooperative","title":"Quadrangle","version":2.001,"date":"Fri Oct 14 22:18:30 2016","creator":"root","type":"1","matrix":"0.000488281 0 0 0.000488281 0 0","named":"Quadrangle","painttype":"0","info":"10 dict dup","name":"Quadrangle","family":"Quadrangle","weight":"Book","fstype":"0","italicangle":"0","underlineposition":"","underlinethickness":""},"Table":{"FFTM":{"entryLength":16,"tag":"FFTM","checksum":1955342268,"offset":8028,"length":28},"GDEF":{"entryLength":16,"tag":"GDEF","checksum":9961476,"offset":7996,"length":32},"OS\/2":{"entryLength":16,"tag":"OS\/2","checksum":1668942668,"offset":344,"length":86},"cmap":{"entryLength":16,"tag":"cmap","checksum":1749007463,"offset":860,"length":368},"gasp":{"entryLength":16,"tag":"gasp","checksum":4294901763,"offset":7988,"length":8},"glyf":{"entryLength":16,"tag":"glyf","checksum":239623432,"offset":1444,"length":5688},"head":{"entryLength":16,"tag":"head","checksum":300274950,"offset":220,"length":54},"hhea":{"entryLength":16,"tag":"hhea","checksum":284035579,"offset":276,"length":36},"hmtx":{"entryLength":16,"tag":"hmtx","checksum":3572248886,"offset":432,"length":428},"loca":{"entryLength":16,"tag":"loca","checksum":883767838,"offset":1228,"length":216},"maxp":{"entryLength":16,"tag":"maxp","checksum":11665533,"offset":312,"length":32},"name":{"entryLength":16,"tag":"name","checksum":1249506145,"offset":7132,"length":591},"post":{"entryLength":16,"tag":"post","checksum":2122442504,"offset":7724,"length":262}},"UnicodeCharMap":{"0":1,"13":2,"32":3,"33":4,"34":5,"35":6,"36":7,"37":8,"38":9,"39":10,"40":11,"41":12,"42":13,"43":14,"44":15,"45":16,"46":17,"47":18,"48":19,"49":20,"50":21,"51":22,"52":23,"53":24,"54":25,"55":26,"56":27,"57":28,"58":29,"59":30,"60":31,"61":32,"62":33,"63":34,"64":35,"65":36,"66":37,"67":38,"68":39,"69":40,"70":41,"71":42,"72":43,"73":44,"74":45,"75":46,"76":47,"77":48,"78":49,"79":50,"80":51,"81":52,"82":53,"83":54,"84":55,"85":56,"86":57,"87":58,"88":59,"89":60,"90":61,"91":62,"92":63,"93":64,"94":65,"95":66,"96":67,"97":68,"98":69,"99":70,"100":71,"101":72,"102":73,"103":74,"104":75,"105":76,"106":77,"107":78,"108":79,"109":80,"110":81,"111":82,"112":83,"113":84,"114":85,"115":86,"116":87,"117":88,"118":89,"119":90,"120":91,"121":92,"122":93,"123":94,"124":95,"125":96,"126":97,"8216":102,"8217":103,"8218":101,"8220":104,"8221":105,"8226":106},"Reserves":null,"Names":[],"Nodes":{"qu":{"type":"typal","node":"qu","usage":1,"weight":1},"le":{"type":"typal","node":"le","usage":1,"weight":1},"qua":{"type":"typal","node":"qua","usage":1,"weight":1},"gle":{"type":"typal","node":"gle","usage":1,"weight":1},"quad":{"type":"keys","node":"quad","usage":1,"weight":1},"ngle":{"type":"keys","node":"ngle","usage":1,"weight":1},"quadr":{"type":"keys","node":"quadr","usage":1,"weight":1},"angle":{"type":"keys","node":"angle","usage":1,"weight":1},"quadrangle":{"type":"fixes","node":"quadrangle","usage":1,"weight":1}},"Contributors":[],"FontIdentity":"f9c7ea79687b6ed58cc02cd032f11180","Bytes":786868,"Networking":[],"barcode":"sooyk7mkaiims","referee":"wqcy6wk"}