{"CSS":{"Exit-Bold":"Exit-Bold.css","Exit Bold":"wagovau:1f24affcd19e57f5c4079bfa.css"},"FontType":"TrueType","FontCopyright":"1994 [T-26] Chicago, Illinois. Schiavi Fabrizio-Designer","FontName":"Exit","FontSubfamily":"Bold","FontSubfamilyID":"FontForge 2.0 : Exit-Bold : 12-8-2016","FontFullName":"Exit Bold","FontVersion":"Version 001.000 ","FontWeight":null,"FontPostscriptName":"Exit-Bold","Files":{"\/Exit-Bold.css":"\/Exit-Bold.css","\/exit-bold.afm":"\/exit-bold.afm","\/exit-bold.cef":"\/exit-bold.cef","\/exit-bold.cff":"\/exit-bold.cff","\/exit-bold.eot":"\/exit-bold.eot","\/exit-bold.gai":"\/exit-bold.gai","\/exit-bold.gsf":"\/exit-bold.gsf","\/exit-bold.otf":"\/exit-bold.otf","\/exit-bold.pf3":"\/exit-bold.pf3","\/exit-bold.pfa":"\/exit-bold.pfa","\/exit-bold.pfb":"\/exit-bold.pfb","\/exit-bold.php":"\/exit-bold.php","\/exit-bold.pt3":"\/exit-bold.pt3","\/exit-bold.sfd":"\/exit-bold.sfd","\/exit-bold.svg":"\/exit-bold.svg","\/exit-bold.t42":"\/exit-bold.t42","\/exit-bold.ttd":"\/exit-bold.ttd","\/exit-bold.ttf":"\/exit-bold.ttf","\/exit-bold.ttg":"\/exit-bold.ttg","\/exit-bold.ufm":"\/exit-bold.ufm","\/exit-bold.woff":"\/exit-bold.woff","\/exit-bold.z":"\/exit-bold.z","\/font-resource.json":"\/font-resource.json","\/exit-bold.ufo\/feature.fea":"\/exit-bold.ufo\/feature.fea","\/exit-bold.ufo\/fontinfo.plist":"\/exit-bold.ufo\/fontinfo.plist","\/exit-bold.ufo\/groups.plist":"\/exit-bold.ufo\/groups.plist","\/exit-bold.ufo\/kerning.plist":"\/exit-bold.ufo\/kerning.plist","\/exit-bold.ufo\/metainfo.plist":"\/exit-bold.ufo\/metainfo.plist","\/exit-bold.ufo\/glyphs\/A_.glif":"\/exit-bold.ufo\/glyphs\/A_.glif","\/exit-bold.ufo\/glyphs\/A_E_.glif":"\/exit-bold.ufo\/glyphs\/A_E_.glif","\/exit-bold.ufo\/glyphs\/A_acute.glif":"\/exit-bold.ufo\/glyphs\/A_acute.glif","\/exit-bold.ufo\/glyphs\/A_circumflex.glif":"\/exit-bold.ufo\/glyphs\/A_circumflex.glif","\/exit-bold.ufo\/glyphs\/A_dieresis.glif":"\/exit-bold.ufo\/glyphs\/A_dieresis.glif","\/exit-bold.ufo\/glyphs\/A_grave.glif":"\/exit-bold.ufo\/glyphs\/A_grave.glif","\/exit-bold.ufo\/glyphs\/A_ring.glif":"\/exit-bold.ufo\/glyphs\/A_ring.glif","\/exit-bold.ufo\/glyphs\/A_tilde.glif":"\/exit-bold.ufo\/glyphs\/A_tilde.glif","\/exit-bold.ufo\/glyphs\/B_.glif":"\/exit-bold.ufo\/glyphs\/B_.glif","\/exit-bold.ufo\/glyphs\/C_.glif":"\/exit-bold.ufo\/glyphs\/C_.glif","\/exit-bold.ufo\/glyphs\/C_cedilla.glif":"\/exit-bold.ufo\/glyphs\/C_cedilla.glif","\/exit-bold.ufo\/glyphs\/D_.glif":"\/exit-bold.ufo\/glyphs\/D_.glif","\/exit-bold.ufo\/glyphs\/D_elta.glif":"\/exit-bold.ufo\/glyphs\/D_elta.glif","\/exit-bold.ufo\/glyphs\/E_.glif":"\/exit-bold.ufo\/glyphs\/E_.glif","\/exit-bold.ufo\/glyphs\/E_acute.glif":"\/exit-bold.ufo\/glyphs\/E_acute.glif","\/exit-bold.ufo\/glyphs\/E_circumflex.glif":"\/exit-bold.ufo\/glyphs\/E_circumflex.glif","\/exit-bold.ufo\/glyphs\/E_dieresis.glif":"\/exit-bold.ufo\/glyphs\/E_dieresis.glif","\/exit-bold.ufo\/glyphs\/E_grave.glif":"\/exit-bold.ufo\/glyphs\/E_grave.glif","\/exit-bold.ufo\/glyphs\/E_th.glif":"\/exit-bold.ufo\/glyphs\/E_th.glif","\/exit-bold.ufo\/glyphs\/F_.glif":"\/exit-bold.ufo\/glyphs\/F_.glif","\/exit-bold.ufo\/glyphs\/G_.glif":"\/exit-bold.ufo\/glyphs\/G_.glif","\/exit-bold.ufo\/glyphs\/H_.glif":"\/exit-bold.ufo\/glyphs\/H_.glif","\/exit-bold.ufo\/glyphs\/I_.glif":"\/exit-bold.ufo\/glyphs\/I_.glif","\/exit-bold.ufo\/glyphs\/I_acute.glif":"\/exit-bold.ufo\/glyphs\/I_acute.glif","\/exit-bold.ufo\/glyphs\/I_circumflex.glif":"\/exit-bold.ufo\/glyphs\/I_circumflex.glif","\/exit-bold.ufo\/glyphs\/I_dieresis.glif":"\/exit-bold.ufo\/glyphs\/I_dieresis.glif","\/exit-bold.ufo\/glyphs\/I_grave.glif":"\/exit-bold.ufo\/glyphs\/I_grave.glif","\/exit-bold.ufo\/glyphs\/J_.glif":"\/exit-bold.ufo\/glyphs\/J_.glif","\/exit-bold.ufo\/glyphs\/K_.glif":"\/exit-bold.ufo\/glyphs\/K_.glif","\/exit-bold.ufo\/glyphs\/L_.glif":"\/exit-bold.ufo\/glyphs\/L_.glif","\/exit-bold.ufo\/glyphs\/L_slash.glif":"\/exit-bold.ufo\/glyphs\/L_slash.glif","\/exit-bold.ufo\/glyphs\/M_.glif":"\/exit-bold.ufo\/glyphs\/M_.glif","\/exit-bold.ufo\/glyphs\/N_.glif":"\/exit-bold.ufo\/glyphs\/N_.glif","\/exit-bold.ufo\/glyphs\/N_U_L_.glif":"\/exit-bold.ufo\/glyphs\/N_U_L_.glif","\/exit-bold.ufo\/glyphs\/N_tilde.glif":"\/exit-bold.ufo\/glyphs\/N_tilde.glif","\/exit-bold.ufo\/glyphs\/O_.glif":"\/exit-bold.ufo\/glyphs\/O_.glif","\/exit-bold.ufo\/glyphs\/O_E_.glif":"\/exit-bold.ufo\/glyphs\/O_E_.glif","\/exit-bold.ufo\/glyphs\/O_acute.glif":"\/exit-bold.ufo\/glyphs\/O_acute.glif","\/exit-bold.ufo\/glyphs\/O_circumflex.glif":"\/exit-bold.ufo\/glyphs\/O_circumflex.glif","\/exit-bold.ufo\/glyphs\/O_dieresis.glif":"\/exit-bold.ufo\/glyphs\/O_dieresis.glif","\/exit-bold.ufo\/glyphs\/O_grave.glif":"\/exit-bold.ufo\/glyphs\/O_grave.glif","\/exit-bold.ufo\/glyphs\/O_mega.glif":"\/exit-bold.ufo\/glyphs\/O_mega.glif","\/exit-bold.ufo\/glyphs\/O_slash.glif":"\/exit-bold.ufo\/glyphs\/O_slash.glif","\/exit-bold.ufo\/glyphs\/O_tilde.glif":"\/exit-bold.ufo\/glyphs\/O_tilde.glif","\/exit-bold.ufo\/glyphs\/P_.glif":"\/exit-bold.ufo\/glyphs\/P_.glif","\/exit-bold.ufo\/glyphs\/Q_.glif":"\/exit-bold.ufo\/glyphs\/Q_.glif","\/exit-bold.ufo\/glyphs\/R_.glif":"\/exit-bold.ufo\/glyphs\/R_.glif","\/exit-bold.ufo\/glyphs\/S_.glif":"\/exit-bold.ufo\/glyphs\/S_.glif","\/exit-bold.ufo\/glyphs\/S_caron.glif":"\/exit-bold.ufo\/glyphs\/S_caron.glif","\/exit-bold.ufo\/glyphs\/T_.glif":"\/exit-bold.ufo\/glyphs\/T_.glif","\/exit-bold.ufo\/glyphs\/T_horn.glif":"\/exit-bold.ufo\/glyphs\/T_horn.glif","\/exit-bold.ufo\/glyphs\/U_.glif":"\/exit-bold.ufo\/glyphs\/U_.glif","\/exit-bold.ufo\/glyphs\/U_acute.glif":"\/exit-bold.ufo\/glyphs\/U_acute.glif","\/exit-bold.ufo\/glyphs\/U_circumflex.glif":"\/exit-bold.ufo\/glyphs\/U_circumflex.glif","\/exit-bold.ufo\/glyphs\/U_dieresis.glif":"\/exit-bold.ufo\/glyphs\/U_dieresis.glif","\/exit-bold.ufo\/glyphs\/U_grave.glif":"\/exit-bold.ufo\/glyphs\/U_grave.glif","\/exit-bold.ufo\/glyphs\/V_.glif":"\/exit-bold.ufo\/glyphs\/V_.glif","\/exit-bold.ufo\/glyphs\/W_.glif":"\/exit-bold.ufo\/glyphs\/W_.glif","\/exit-bold.ufo\/glyphs\/X_.glif":"\/exit-bold.ufo\/glyphs\/X_.glif","\/exit-bold.ufo\/glyphs\/Y_.glif":"\/exit-bold.ufo\/glyphs\/Y_.glif","\/exit-bold.ufo\/glyphs\/Y_acute.glif":"\/exit-bold.ufo\/glyphs\/Y_acute.glif","\/exit-bold.ufo\/glyphs\/Y_dieresis.glif":"\/exit-bold.ufo\/glyphs\/Y_dieresis.glif","\/exit-bold.ufo\/glyphs\/Z_.glif":"\/exit-bold.ufo\/glyphs\/Z_.glif","\/exit-bold.ufo\/glyphs\/Z_caron.glif":"\/exit-bold.ufo\/glyphs\/Z_caron.glif","\/exit-bold.ufo\/glyphs\/a.glif":"\/exit-bold.ufo\/glyphs\/a.glif","\/exit-bold.ufo\/glyphs\/aacute.glif":"\/exit-bold.ufo\/glyphs\/aacute.glif","\/exit-bold.ufo\/glyphs\/acircumflex.glif":"\/exit-bold.ufo\/glyphs\/acircumflex.glif","\/exit-bold.ufo\/glyphs\/acute.glif":"\/exit-bold.ufo\/glyphs\/acute.glif","\/exit-bold.ufo\/glyphs\/adieresis.glif":"\/exit-bold.ufo\/glyphs\/adieresis.glif","\/exit-bold.ufo\/glyphs\/ae.glif":"\/exit-bold.ufo\/glyphs\/ae.glif","\/exit-bold.ufo\/glyphs\/agrave.glif":"\/exit-bold.ufo\/glyphs\/agrave.glif","\/exit-bold.ufo\/glyphs\/ampersand.glif":"\/exit-bold.ufo\/glyphs\/ampersand.glif","\/exit-bold.ufo\/glyphs\/apple.glif":"\/exit-bold.ufo\/glyphs\/apple.glif","\/exit-bold.ufo\/glyphs\/approxequal.glif":"\/exit-bold.ufo\/glyphs\/approxequal.glif","\/exit-bold.ufo\/glyphs\/aring.glif":"\/exit-bold.ufo\/glyphs\/aring.glif","\/exit-bold.ufo\/glyphs\/asciicircum.glif":"\/exit-bold.ufo\/glyphs\/asciicircum.glif","\/exit-bold.ufo\/glyphs\/asciitilde.glif":"\/exit-bold.ufo\/glyphs\/asciitilde.glif","\/exit-bold.ufo\/glyphs\/asterisk.glif":"\/exit-bold.ufo\/glyphs\/asterisk.glif","\/exit-bold.ufo\/glyphs\/at.glif":"\/exit-bold.ufo\/glyphs\/at.glif","\/exit-bold.ufo\/glyphs\/atilde.glif":"\/exit-bold.ufo\/glyphs\/atilde.glif","\/exit-bold.ufo\/glyphs\/b.glif":"\/exit-bold.ufo\/glyphs\/b.glif","\/exit-bold.ufo\/glyphs\/backslash.glif":"\/exit-bold.ufo\/glyphs\/backslash.glif","\/exit-bold.ufo\/glyphs\/bar.glif":"\/exit-bold.ufo\/glyphs\/bar.glif","\/exit-bold.ufo\/glyphs\/braceleft.glif":"\/exit-bold.ufo\/glyphs\/braceleft.glif","\/exit-bold.ufo\/glyphs\/braceright.glif":"\/exit-bold.ufo\/glyphs\/braceright.glif","\/exit-bold.ufo\/glyphs\/bracketleft.glif":"\/exit-bold.ufo\/glyphs\/bracketleft.glif","\/exit-bold.ufo\/glyphs\/bracketright.glif":"\/exit-bold.ufo\/glyphs\/bracketright.glif","\/exit-bold.ufo\/glyphs\/breve.glif":"\/exit-bold.ufo\/glyphs\/breve.glif","\/exit-bold.ufo\/glyphs\/brokenbar.glif":"\/exit-bold.ufo\/glyphs\/brokenbar.glif","\/exit-bold.ufo\/glyphs\/bullet.glif":"\/exit-bold.ufo\/glyphs\/bullet.glif","\/exit-bold.ufo\/glyphs\/c.glif":"\/exit-bold.ufo\/glyphs\/c.glif","\/exit-bold.ufo\/glyphs\/caron.glif":"\/exit-bold.ufo\/glyphs\/caron.glif","\/exit-bold.ufo\/glyphs\/ccedilla.glif":"\/exit-bold.ufo\/glyphs\/ccedilla.glif","\/exit-bold.ufo\/glyphs\/cedilla.glif":"\/exit-bold.ufo\/glyphs\/cedilla.glif","\/exit-bold.ufo\/glyphs\/cent.glif":"\/exit-bold.ufo\/glyphs\/cent.glif","\/exit-bold.ufo\/glyphs\/circumflex.glif":"\/exit-bold.ufo\/glyphs\/circumflex.glif","\/exit-bold.ufo\/glyphs\/colon.glif":"\/exit-bold.ufo\/glyphs\/colon.glif","\/exit-bold.ufo\/glyphs\/comma.glif":"\/exit-bold.ufo\/glyphs\/comma.glif","\/exit-bold.ufo\/glyphs\/contents.plist":"\/exit-bold.ufo\/glyphs\/contents.plist","\/exit-bold.ufo\/glyphs\/copyright.glif":"\/exit-bold.ufo\/glyphs\/copyright.glif","\/exit-bold.ufo\/glyphs\/currency.glif":"\/exit-bold.ufo\/glyphs\/currency.glif","\/exit-bold.ufo\/glyphs\/d.glif":"\/exit-bold.ufo\/glyphs\/d.glif","\/exit-bold.ufo\/glyphs\/dagger.glif":"\/exit-bold.ufo\/glyphs\/dagger.glif","\/exit-bold.ufo\/glyphs\/daggerdbl.glif":"\/exit-bold.ufo\/glyphs\/daggerdbl.glif","\/exit-bold.ufo\/glyphs\/degree.glif":"\/exit-bold.ufo\/glyphs\/degree.glif","\/exit-bold.ufo\/glyphs\/dieresis.glif":"\/exit-bold.ufo\/glyphs\/dieresis.glif","\/exit-bold.ufo\/glyphs\/divide.glif":"\/exit-bold.ufo\/glyphs\/divide.glif","\/exit-bold.ufo\/glyphs\/dollar.glif":"\/exit-bold.ufo\/glyphs\/dollar.glif","\/exit-bold.ufo\/glyphs\/dotaccent.glif":"\/exit-bold.ufo\/glyphs\/dotaccent.glif","\/exit-bold.ufo\/glyphs\/dotlessi.glif":"\/exit-bold.ufo\/glyphs\/dotlessi.glif","\/exit-bold.ufo\/glyphs\/e.glif":"\/exit-bold.ufo\/glyphs\/e.glif","\/exit-bold.ufo\/glyphs\/eacute.glif":"\/exit-bold.ufo\/glyphs\/eacute.glif","\/exit-bold.ufo\/glyphs\/ecircumflex.glif":"\/exit-bold.ufo\/glyphs\/ecircumflex.glif","\/exit-bold.ufo\/glyphs\/edieresis.glif":"\/exit-bold.ufo\/glyphs\/edieresis.glif","\/exit-bold.ufo\/glyphs\/egrave.glif":"\/exit-bold.ufo\/glyphs\/egrave.glif","\/exit-bold.ufo\/glyphs\/eight.glif":"\/exit-bold.ufo\/glyphs\/eight.glif","\/exit-bold.ufo\/glyphs\/ellipsis.glif":"\/exit-bold.ufo\/glyphs\/ellipsis.glif","\/exit-bold.ufo\/glyphs\/emdash.glif":"\/exit-bold.ufo\/glyphs\/emdash.glif","\/exit-bold.ufo\/glyphs\/endash.glif":"\/exit-bold.ufo\/glyphs\/endash.glif","\/exit-bold.ufo\/glyphs\/equal.glif":"\/exit-bold.ufo\/glyphs\/equal.glif","\/exit-bold.ufo\/glyphs\/eth.glif":"\/exit-bold.ufo\/glyphs\/eth.glif","\/exit-bold.ufo\/glyphs\/exclam.glif":"\/exit-bold.ufo\/glyphs\/exclam.glif","\/exit-bold.ufo\/glyphs\/exclamdown.glif":"\/exit-bold.ufo\/glyphs\/exclamdown.glif","\/exit-bold.ufo\/glyphs\/f.glif":"\/exit-bold.ufo\/glyphs\/f.glif","\/exit-bold.ufo\/glyphs\/fi.glif":"\/exit-bold.ufo\/glyphs\/fi.glif","\/exit-bold.ufo\/glyphs\/five.glif":"\/exit-bold.ufo\/glyphs\/five.glif","\/exit-bold.ufo\/glyphs\/fl.glif":"\/exit-bold.ufo\/glyphs\/fl.glif","\/exit-bold.ufo\/glyphs\/florin.glif":"\/exit-bold.ufo\/glyphs\/florin.glif","\/exit-bold.ufo\/glyphs\/four.glif":"\/exit-bold.ufo\/glyphs\/four.glif","\/exit-bold.ufo\/glyphs\/fraction.glif":"\/exit-bold.ufo\/glyphs\/fraction.glif","\/exit-bold.ufo\/glyphs\/g.glif":"\/exit-bold.ufo\/glyphs\/g.glif","\/exit-bold.ufo\/glyphs\/germandbls.glif":"\/exit-bold.ufo\/glyphs\/germandbls.glif","\/exit-bold.ufo\/glyphs\/grave.glif":"\/exit-bold.ufo\/glyphs\/grave.glif","\/exit-bold.ufo\/glyphs\/greater.glif":"\/exit-bold.ufo\/glyphs\/greater.glif","\/exit-bold.ufo\/glyphs\/greaterequal.glif":"\/exit-bold.ufo\/glyphs\/greaterequal.glif","\/exit-bold.ufo\/glyphs\/guillemotleft.glif":"\/exit-bold.ufo\/glyphs\/guillemotleft.glif","\/exit-bold.ufo\/glyphs\/guillemotright.glif":"\/exit-bold.ufo\/glyphs\/guillemotright.glif","\/exit-bold.ufo\/glyphs\/guilsinglleft.glif":"\/exit-bold.ufo\/glyphs\/guilsinglleft.glif","\/exit-bold.ufo\/glyphs\/guilsinglright.glif":"\/exit-bold.ufo\/glyphs\/guilsinglright.glif","\/exit-bold.ufo\/glyphs\/h.glif":"\/exit-bold.ufo\/glyphs\/h.glif","\/exit-bold.ufo\/glyphs\/hungarumlaut.glif":"\/exit-bold.ufo\/glyphs\/hungarumlaut.glif","\/exit-bold.ufo\/glyphs\/hyphen.glif":"\/exit-bold.ufo\/glyphs\/hyphen.glif","\/exit-bold.ufo\/glyphs\/i.glif":"\/exit-bold.ufo\/glyphs\/i.glif","\/exit-bold.ufo\/glyphs\/iacute.glif":"\/exit-bold.ufo\/glyphs\/iacute.glif","\/exit-bold.ufo\/glyphs\/icircumflex.glif":"\/exit-bold.ufo\/glyphs\/icircumflex.glif","\/exit-bold.ufo\/glyphs\/idieresis.glif":"\/exit-bold.ufo\/glyphs\/idieresis.glif","\/exit-bold.ufo\/glyphs\/igrave.glif":"\/exit-bold.ufo\/glyphs\/igrave.glif","\/exit-bold.ufo\/glyphs\/infinity.glif":"\/exit-bold.ufo\/glyphs\/infinity.glif","\/exit-bold.ufo\/glyphs\/integral.glif":"\/exit-bold.ufo\/glyphs\/integral.glif","\/exit-bold.ufo\/glyphs\/j.glif":"\/exit-bold.ufo\/glyphs\/j.glif","\/exit-bold.ufo\/glyphs\/k.glif":"\/exit-bold.ufo\/glyphs\/k.glif","\/exit-bold.ufo\/glyphs\/l.glif":"\/exit-bold.ufo\/glyphs\/l.glif","\/exit-bold.ufo\/glyphs\/less.glif":"\/exit-bold.ufo\/glyphs\/less.glif","\/exit-bold.ufo\/glyphs\/lessequal.glif":"\/exit-bold.ufo\/glyphs\/lessequal.glif","\/exit-bold.ufo\/glyphs\/logicalnot.glif":"\/exit-bold.ufo\/glyphs\/logicalnot.glif","\/exit-bold.ufo\/glyphs\/lozenge.glif":"\/exit-bold.ufo\/glyphs\/lozenge.glif","\/exit-bold.ufo\/glyphs\/lslash.glif":"\/exit-bold.ufo\/glyphs\/lslash.glif","\/exit-bold.ufo\/glyphs\/m.glif":"\/exit-bold.ufo\/glyphs\/m.glif","\/exit-bold.ufo\/glyphs\/macron.glif":"\/exit-bold.ufo\/glyphs\/macron.glif","\/exit-bold.ufo\/glyphs\/minus.glif":"\/exit-bold.ufo\/glyphs\/minus.glif","\/exit-bold.ufo\/glyphs\/mu.glif":"\/exit-bold.ufo\/glyphs\/mu.glif","\/exit-bold.ufo\/glyphs\/multiply.glif":"\/exit-bold.ufo\/glyphs\/multiply.glif","\/exit-bold.ufo\/glyphs\/n.glif":"\/exit-bold.ufo\/glyphs\/n.glif","\/exit-bold.ufo\/glyphs\/nbspace.glif":"\/exit-bold.ufo\/glyphs\/nbspace.glif","\/exit-bold.ufo\/glyphs\/nine.glif":"\/exit-bold.ufo\/glyphs\/nine.glif","\/exit-bold.ufo\/glyphs\/notequal.glif":"\/exit-bold.ufo\/glyphs\/notequal.glif","\/exit-bold.ufo\/glyphs\/ntilde.glif":"\/exit-bold.ufo\/glyphs\/ntilde.glif","\/exit-bold.ufo\/glyphs\/numbersign.glif":"\/exit-bold.ufo\/glyphs\/numbersign.glif","\/exit-bold.ufo\/glyphs\/o.glif":"\/exit-bold.ufo\/glyphs\/o.glif","\/exit-bold.ufo\/glyphs\/oacute.glif":"\/exit-bold.ufo\/glyphs\/oacute.glif","\/exit-bold.ufo\/glyphs\/ocircumflex.glif":"\/exit-bold.ufo\/glyphs\/ocircumflex.glif","\/exit-bold.ufo\/glyphs\/odieresis.glif":"\/exit-bold.ufo\/glyphs\/odieresis.glif","\/exit-bold.ufo\/glyphs\/oe.glif":"\/exit-bold.ufo\/glyphs\/oe.glif","\/exit-bold.ufo\/glyphs\/ogonek.glif":"\/exit-bold.ufo\/glyphs\/ogonek.glif","\/exit-bold.ufo\/glyphs\/ograve.glif":"\/exit-bold.ufo\/glyphs\/ograve.glif","\/exit-bold.ufo\/glyphs\/one.glif":"\/exit-bold.ufo\/glyphs\/one.glif","\/exit-bold.ufo\/glyphs\/onehalf.glif":"\/exit-bold.ufo\/glyphs\/onehalf.glif","\/exit-bold.ufo\/glyphs\/onequarter.glif":"\/exit-bold.ufo\/glyphs\/onequarter.glif","\/exit-bold.ufo\/glyphs\/onesuperior.glif":"\/exit-bold.ufo\/glyphs\/onesuperior.glif","\/exit-bold.ufo\/glyphs\/ordfeminine.glif":"\/exit-bold.ufo\/glyphs\/ordfeminine.glif","\/exit-bold.ufo\/glyphs\/ordmasculine.glif":"\/exit-bold.ufo\/glyphs\/ordmasculine.glif","\/exit-bold.ufo\/glyphs\/oslash.glif":"\/exit-bold.ufo\/glyphs\/oslash.glif","\/exit-bold.ufo\/glyphs\/otilde.glif":"\/exit-bold.ufo\/glyphs\/otilde.glif","\/exit-bold.ufo\/glyphs\/p.glif":"\/exit-bold.ufo\/glyphs\/p.glif","\/exit-bold.ufo\/glyphs\/paragraph.glif":"\/exit-bold.ufo\/glyphs\/paragraph.glif","\/exit-bold.ufo\/glyphs\/parenleft.glif":"\/exit-bold.ufo\/glyphs\/parenleft.glif","\/exit-bold.ufo\/glyphs\/parenright.glif":"\/exit-bold.ufo\/glyphs\/parenright.glif","\/exit-bold.ufo\/glyphs\/partialdiff.glif":"\/exit-bold.ufo\/glyphs\/partialdiff.glif","\/exit-bold.ufo\/glyphs\/percent.glif":"\/exit-bold.ufo\/glyphs\/percent.glif","\/exit-bold.ufo\/glyphs\/period.glif":"\/exit-bold.ufo\/glyphs\/period.glif","\/exit-bold.ufo\/glyphs\/periodcentered.glif":"\/exit-bold.ufo\/glyphs\/periodcentered.glif","\/exit-bold.ufo\/glyphs\/perthousand.glif":"\/exit-bold.ufo\/glyphs\/perthousand.glif","\/exit-bold.ufo\/glyphs\/pi.glif":"\/exit-bold.ufo\/glyphs\/pi.glif","\/exit-bold.ufo\/glyphs\/plus.glif":"\/exit-bold.ufo\/glyphs\/plus.glif","\/exit-bold.ufo\/glyphs\/plusminus.glif":"\/exit-bold.ufo\/glyphs\/plusminus.glif","\/exit-bold.ufo\/glyphs\/product.glif":"\/exit-bold.ufo\/glyphs\/product.glif","\/exit-bold.ufo\/glyphs\/q.glif":"\/exit-bold.ufo\/glyphs\/q.glif","\/exit-bold.ufo\/glyphs\/question.glif":"\/exit-bold.ufo\/glyphs\/question.glif","\/exit-bold.ufo\/glyphs\/questiondown.glif":"\/exit-bold.ufo\/glyphs\/questiondown.glif","\/exit-bold.ufo\/glyphs\/quotedbl.glif":"\/exit-bold.ufo\/glyphs\/quotedbl.glif","\/exit-bold.ufo\/glyphs\/quotedblbase.glif":"\/exit-bold.ufo\/glyphs\/quotedblbase.glif","\/exit-bold.ufo\/glyphs\/quotedblleft.glif":"\/exit-bold.ufo\/glyphs\/quotedblleft.glif","\/exit-bold.ufo\/glyphs\/quotedblright.glif":"\/exit-bold.ufo\/glyphs\/quotedblright.glif","\/exit-bold.ufo\/glyphs\/quoteleft.glif":"\/exit-bold.ufo\/glyphs\/quoteleft.glif","\/exit-bold.ufo\/glyphs\/quoteright.glif":"\/exit-bold.ufo\/glyphs\/quoteright.glif","\/exit-bold.ufo\/glyphs\/quotesinglbase.glif":"\/exit-bold.ufo\/glyphs\/quotesinglbase.glif","\/exit-bold.ufo\/glyphs\/quotesingle.glif":"\/exit-bold.ufo\/glyphs\/quotesingle.glif","\/exit-bold.ufo\/glyphs\/r.glif":"\/exit-bold.ufo\/glyphs\/r.glif","\/exit-bold.ufo\/glyphs\/radical.glif":"\/exit-bold.ufo\/glyphs\/radical.glif","\/exit-bold.ufo\/glyphs\/registered.glif":"\/exit-bold.ufo\/glyphs\/registered.glif","\/exit-bold.ufo\/glyphs\/ring.glif":"\/exit-bold.ufo\/glyphs\/ring.glif","\/exit-bold.ufo\/glyphs\/s.glif":"\/exit-bold.ufo\/glyphs\/s.glif","\/exit-bold.ufo\/glyphs\/scaron.glif":"\/exit-bold.ufo\/glyphs\/scaron.glif","\/exit-bold.ufo\/glyphs\/section.glif":"\/exit-bold.ufo\/glyphs\/section.glif","\/exit-bold.ufo\/glyphs\/semicolon.glif":"\/exit-bold.ufo\/glyphs\/semicolon.glif","\/exit-bold.ufo\/glyphs\/seven.glif":"\/exit-bold.ufo\/glyphs\/seven.glif","\/exit-bold.ufo\/glyphs\/six.glif":"\/exit-bold.ufo\/glyphs\/six.glif","\/exit-bold.ufo\/glyphs\/slash.glif":"\/exit-bold.ufo\/glyphs\/slash.glif","\/exit-bold.ufo\/glyphs\/space.glif":"\/exit-bold.ufo\/glyphs\/space.glif","\/exit-bold.ufo\/glyphs\/sterling.glif":"\/exit-bold.ufo\/glyphs\/sterling.glif","\/exit-bold.ufo\/glyphs\/summation.glif":"\/exit-bold.ufo\/glyphs\/summation.glif","\/exit-bold.ufo\/glyphs\/t.glif":"\/exit-bold.ufo\/glyphs\/t.glif","\/exit-bold.ufo\/glyphs\/thorn.glif":"\/exit-bold.ufo\/glyphs\/thorn.glif","\/exit-bold.ufo\/glyphs\/three.glif":"\/exit-bold.ufo\/glyphs\/three.glif","\/exit-bold.ufo\/glyphs\/threequarters.glif":"\/exit-bold.ufo\/glyphs\/threequarters.glif","\/exit-bold.ufo\/glyphs\/threesuperior.glif":"\/exit-bold.ufo\/glyphs\/threesuperior.glif","\/exit-bold.ufo\/glyphs\/tilde.glif":"\/exit-bold.ufo\/glyphs\/tilde.glif","\/exit-bold.ufo\/glyphs\/trademark.glif":"\/exit-bold.ufo\/glyphs\/trademark.glif","\/exit-bold.ufo\/glyphs\/two.glif":"\/exit-bold.ufo\/glyphs\/two.glif","\/exit-bold.ufo\/glyphs\/twosuperior.glif":"\/exit-bold.ufo\/glyphs\/twosuperior.glif","\/exit-bold.ufo\/glyphs\/u.glif":"\/exit-bold.ufo\/glyphs\/u.glif","\/exit-bold.ufo\/glyphs\/uacute.glif":"\/exit-bold.ufo\/glyphs\/uacute.glif","\/exit-bold.ufo\/glyphs\/ucircumflex.glif":"\/exit-bold.ufo\/glyphs\/ucircumflex.glif","\/exit-bold.ufo\/glyphs\/udieresis.glif":"\/exit-bold.ufo\/glyphs\/udieresis.glif","\/exit-bold.ufo\/glyphs\/ugrave.glif":"\/exit-bold.ufo\/glyphs\/ugrave.glif","\/exit-bold.ufo\/glyphs\/underscore.glif":"\/exit-bold.ufo\/glyphs\/underscore.glif","\/exit-bold.ufo\/glyphs\/v.glif":"\/exit-bold.ufo\/glyphs\/v.glif","\/exit-bold.ufo\/glyphs\/w.glif":"\/exit-bold.ufo\/glyphs\/w.glif","\/exit-bold.ufo\/glyphs\/x.glif":"\/exit-bold.ufo\/glyphs\/x.glif","\/exit-bold.ufo\/glyphs\/y.glif":"\/exit-bold.ufo\/glyphs\/y.glif","\/exit-bold.ufo\/glyphs\/yacute.glif":"\/exit-bold.ufo\/glyphs\/yacute.glif","\/exit-bold.ufo\/glyphs\/ydieresis.glif":"\/exit-bold.ufo\/glyphs\/ydieresis.glif","\/exit-bold.ufo\/glyphs\/yen.glif":"\/exit-bold.ufo\/glyphs\/yen.glif","\/exit-bold.ufo\/glyphs\/z.glif":"\/exit-bold.ufo\/glyphs\/z.glif","\/exit-bold.ufo\/glyphs\/zcaron.glif":"\/exit-bold.ufo\/glyphs\/zcaron.glif","\/exit-bold.ufo\/glyphs\/zero.glif":"\/exit-bold.ufo\/glyphs\/zero.glif"},"Font":{"uploaded":1471130337.506,"licence":"gpl3","company":"Chronolabs Cooperative","title":"Exit Bold","version":3.002,"date":"Fri Aug 12 15:36:38 2016","creator":"root","type":"1","matrix":"0.001 0 0 0.001 0 0","named":"Exit-Bold","painttype":"0","info":"8 dict dup","name":"Exit-Bold","family":"Exit","weight":"Bold","fstype":"0","italicangle":"0"},"Licences":{"":false},"Table":{"FFTM":{"entryLength":16,"tag":"FFTM","checksum":1944407644,"offset":24880,"length":28},"GDEF":{"entryLength":16,"tag":"GDEF","checksum":19202054,"offset":24848,"length":32},"OS\/2":{"entryLength":16,"tag":"OS\/2","checksum":2016754884,"offset":344,"length":86},"cmap":{"entryLength":16,"tag":"cmap","checksum":2609252427,"offset":1424,"length":664},"gasp":{"entryLength":16,"tag":"gasp","checksum":4294901763,"offset":24840,"length":8},"glyf":{"entryLength":16,"tag":"glyf","checksum":2033538979,"offset":2588,"length":21108},"head":{"entryLength":16,"tag":"head","checksum":166950972,"offset":220,"length":54},"hhea":{"entryLength":16,"tag":"hhea","checksum":119276403,"offset":276,"length":36},"hmtx":{"entryLength":16,"tag":"hmtx","checksum":682109426,"offset":432,"length":992},"loca":{"entryLength":16,"tag":"loca","checksum":2333635334,"offset":2088,"length":498},"maxp":{"entryLength":16,"tag":"maxp","checksum":22872997,"offset":312,"length":32},"name":{"entryLength":16,"tag":"name","checksum":2893717090,"offset":23696,"length":600},"post":{"entryLength":16,"tag":"post","checksum":1483388631,"offset":24296,"length":542}},"UnicodeCharMap":{"32":3,"33":4,"34":5,"35":6,"36":7,"37":8,"38":9,"39":10,"40":11,"41":12,"42":13,"43":14,"44":15,"45":16,"46":17,"47":18,"48":19,"49":20,"50":21,"51":22,"52":23,"53":24,"54":25,"55":26,"56":27,"57":28,"58":29,"59":30,"60":31,"61":32,"62":33,"63":34,"64":35,"65":36,"66":37,"67":38,"68":39,"69":40,"70":41,"71":42,"72":43,"73":44,"74":45,"75":46,"76":47,"77":48,"78":49,"79":50,"80":51,"81":52,"82":53,"83":54,"84":55,"85":56,"86":57,"87":58,"88":59,"89":60,"90":61,"91":62,"92":63,"93":64,"94":65,"95":66,"96":67,"97":68,"98":69,"99":70,"100":71,"101":72,"102":73,"103":74,"104":75,"105":76,"106":77,"107":78,"108":79,"109":80,"110":81,"111":82,"112":83,"113":84,"114":85,"115":86,"116":87,"117":88,"118":89,"119":90,"120":91,"121":92,"122":93,"123":94,"124":95,"125":96,"126":97,"160":124,"161":125,"162":126,"163":127,"164":128,"165":129,"166":130,"167":131,"168":132,"169":133,"170":134,"171":135,"172":136,"174":137,"175":138,"176":139,"177":140,"178":141,"179":142,"180":143,"182":145,"183":146,"184":147,"185":148,"186":149,"187":150,"188":151,"189":152,"190":153,"191":154,"192":155,"193":156,"194":157,"195":158,"196":159,"197":160,"198":161,"199":162,"200":163,"201":164,"202":165,"203":166,"204":167,"205":168,"206":169,"207":170,"208":171,"209":172,"210":173,"211":174,"212":175,"213":176,"214":177,"215":178,"216":179,"217":180,"218":181,"219":182,"220":183,"221":184,"222":185,"223":186,"224":187,"225":188,"226":189,"227":190,"228":191,"229":192,"230":193,"231":194,"232":195,"233":196,"234":197,"235":198,"236":199,"237":200,"238":201,"239":202,"240":203,"241":204,"242":205,"243":206,"244":207,"245":208,"246":209,"247":210,"248":211,"249":212,"250":213,"251":214,"252":215,"253":216,"254":217,"255":218,"305":240,"321":219,"322":220,"338":108,"339":121,"352":106,"353":119,"376":123,"381":109,"382":122,"402":99,"710":104,"711":246,"728":241,"729":242,"730":243,"731":245,"732":117,"733":244,"916":234,"937":231,"956":144,"960":229,"8211":115,"8212":116,"8216":110,"8217":111,"8218":98,"8220":112,"8221":113,"8222":100,"8224":102,"8225":103,"8226":114,"8230":101,"8240":105,"8249":107,"8250":120,"8260":236,"8482":118,"8706":226,"8719":228,"8721":227,"8722":221,"8730":232,"8734":223,"8747":230,"8776":233,"8800":222,"8804":224,"8805":225,"9674":235,"64257":237,"64258":238},"Reserves":{"fontname":"Exit Bold"},"Names":{"Exit Bold":{"name":"Exit Bold","longitude":"0.00000001","latitude":"0.00000001","country":"","region":"","city":""}},"Nodes":{"ex":{"type":"typal","node":"ex","usage":1,"weight":1},"it":{"type":"typal","node":"it","usage":1,"weight":1},"bo":{"type":"typal","node":"bo","usage":1,"weight":1},"ld":{"type":"typal","node":"ld","usage":1,"weight":1},"exi":{"type":"typal","node":"exi","usage":1,"weight":1},"xit":{"type":"typal","node":"xit","usage":1,"weight":1},"bol":{"type":"typal","node":"bol","usage":1,"weight":1},"old":{"type":"typal","node":"old","usage":1,"weight":1},"exit":{"type":"fixes","node":"exit","usage":1,"weight":1},"bold":{"type":"fixes","node":"bold","usage":1,"weight":1}},"Contributors":[],"FontIdentity":"wagovau:1f24affcd19e57f5c4079bfa","Bytes":null,"Networking":[],"barcode":"yoywiy8ki85ek","referee":"qyGuAym"}