{"CSS":{"77London":"77London.css"},"FontType":"TrueType","FontCopyright":"Copyright (c) 1997 [T-26] 1110 N. Milwaukee Ave. IL 60622. T0279 ID#5092441 Designer: Peter Bruhn","FontName":"77London","FontSubfamily":"Medium","FontSubfamilyID":"FontForge 2.0 : 77London : 25-11-2016","FontFullName":"7 London","FontVersion":"Version 001.000 ","FontWeight":null,"FontPostscriptName":"77London","Files":{"77london.afm":"77london.afm","77london.bin":"77london.bin","77london.cef":"77london.cef","77london.cff":"77london.cff","77london.cid":"77london.cid","77london.dfont":"77london.dfont","77london.eot":"77london.eot","77london.fon":"77london.fon","77london.gai":"77london.gai","77london.gsf":"77london.gsf","77london.hqx":"77london.hqx","77london.ik":"77london.ik","77london.mf":"77london.mf","77london.otf":"77london.otf","77london.pcf":"77london.pcf","77london.pf3":"77london.pf3","77london.pfa":"77london.pfa","77london.pfb":"77london.pfb","77london.php":"77london.php","77london.pmf":"77london.pmf","77london.pt3":"77london.pt3","77london.sfd":"77london.sfd","77london.svg":"77london.svg","77london.t42":"77london.t42","77london.ttd":"77london.ttd","77london.ttf":"77london.ttf","77london.ttg":"77london.ttg","77london.ufm":"77london.ufm","77london.woff":"77london.woff","77london.z":"77london.z","":{"77london.afm":"77london.afm","77london.bin":"77london.bin","77london.cef":"77london.cef","77london.cff":"77london.cff","77london.cid":"77london.cid","77london.dfont":"77london.dfont","77london.eot":"77london.eot","77london.fon":"77london.fon","77london.gai":"77london.gai","77london.gsf":"77london.gsf","77london.hqx":"77london.hqx","77london.ik":"77london.ik","77london.mf":"77london.mf","77london.otf":"77london.otf","77london.pcf":"77london.pcf","77london.pf3":"77london.pf3","77london.pfa":"77london.pfa","77london.pfb":"77london.pfb","77london.php":"77london.php","77london.pmf":"77london.pmf","77london.pt3":"77london.pt3","77london.sfd":"77london.sfd","77london.svg":"77london.svg","77london.t42":"77london.t42","77london.ttd":"77london.ttd","77london.ttf":"77london.ttf","77london.ttg":"77london.ttg","77london.ufm":"77london.ufm","77london.woff":"77london.woff","77london.z":"77london.z"},"\/77london.ufo":{"feature.fea":"feature.fea","fontinfo.plist":"fontinfo.plist","groups.plist":"groups.plist","kerning.plist":"kerning.plist","metainfo.plist":"metainfo.plist"},"\/77london.ufo\/glyphs":{"A_.glif":"A_.glif","A_E_.glif":"A_E_.glif","A_acute.glif":"A_acute.glif","A_circumflex.glif":"A_circumflex.glif","A_dieresis.glif":"A_dieresis.glif","A_grave.glif":"A_grave.glif","A_ring.glif":"A_ring.glif","A_tilde.glif":"A_tilde.glif","B_.glif":"B_.glif","C_.glif":"C_.glif","C_cedilla.glif":"C_cedilla.glif","D_.glif":"D_.glif","D_C_2.glif":"D_C_2.glif","E_.glif":"E_.glif","E_acute.glif":"E_acute.glif","E_circumflex.glif":"E_circumflex.glif","E_dieresis.glif":"E_dieresis.glif","E_grave.glif":"E_grave.glif","F_.glif":"F_.glif","G_.glif":"G_.glif","H_.glif":"H_.glif","I_.glif":"I_.glif","I_acute.glif":"I_acute.glif","I_circumflex.glif":"I_circumflex.glif","I_dieresis.glif":"I_dieresis.glif","I_grave.glif":"I_grave.glif","J_.glif":"J_.glif","K_.glif":"K_.glif","L_.glif":"L_.glif","M_.glif":"M_.glif","N_.glif":"N_.glif","N_tilde.glif":"N_tilde.glif","O_.glif":"O_.glif","O_E_.glif":"O_E_.glif","O_acute.glif":"O_acute.glif","O_circumflex.glif":"O_circumflex.glif","O_dieresis.glif":"O_dieresis.glif","O_grave.glif":"O_grave.glif","O_slash.glif":"O_slash.glif","O_tilde.glif":"O_tilde.glif","P_.glif":"P_.glif","Q_.glif":"Q_.glif","R_.glif":"R_.glif","S_.glif":"S_.glif","S_caron.glif":"S_caron.glif","T_.glif":"T_.glif","U_.glif":"U_.glif","U_acute.glif":"U_acute.glif","U_circumflex.glif":"U_circumflex.glif","U_dieresis.glif":"U_dieresis.glif","U_grave.glif":"U_grave.glif","V_.glif":"V_.glif","W_.glif":"W_.glif","X_.glif":"X_.glif","Y_.glif":"Y_.glif","Y_acute.glif":"Y_acute.glif","Y_dieresis.glif":"Y_dieresis.glif","Z_.glif":"Z_.glif","Z_caron.glif":"Z_caron.glif","a.glif":"a.glif","aacute.glif":"aacute.glif","acircumflex.glif":"acircumflex.glif","acute.glif":"acute.glif","adieresis.glif":"adieresis.glif","ae.glif":"ae.glif","agrave.glif":"agrave.glif","ampersand.glif":"ampersand.glif","aring.glif":"aring.glif","asciicircum.glif":"asciicircum.glif","asciitilde.glif":"asciitilde.glif","asterisk.glif":"asterisk.glif","at.glif":"at.glif","atilde.glif":"atilde.glif","b.glif":"b.glif","backslash.glif":"backslash.glif","bar.glif":"bar.glif","braceleft.glif":"braceleft.glif","braceright.glif":"braceright.glif","bracketleft.glif":"bracketleft.glif","bracketright.glif":"bracketright.glif","breve.glif":"breve.glif","bullet.glif":"bullet.glif","c.glif":"c.glif","caron.glif":"caron.glif","ccedilla.glif":"ccedilla.glif","cedilla.glif":"cedilla.glif","cent.glif":"cent.glif","circumflex.glif":"circumflex.glif","colon.glif":"colon.glif","comma.glif":"comma.glif","contents.plist":"contents.plist","copyright.glif":"copyright.glif","currency.glif":"currency.glif","d.glif":"d.glif","dagger.glif":"dagger.glif","degree.glif":"degree.glif","dieresis.glif":"dieresis.glif","divide.glif":"divide.glif","dollar.glif":"dollar.glif","dotaccent.glif":"dotaccent.glif","dotlessi.glif":"dotlessi.glif","e.glif":"e.glif","eacute.glif":"eacute.glif","ecircumflex.glif":"ecircumflex.glif","edieresis.glif":"edieresis.glif","egrave.glif":"egrave.glif","eight.glif":"eight.glif","ellipsis.glif":"ellipsis.glif","emdash.glif":"emdash.glif","endash.glif":"endash.glif","equal.glif":"equal.glif","exclam.glif":"exclam.glif","exclamdown.glif":"exclamdown.glif","f.glif":"f.glif","five.glif":"five.glif","four.glif":"four.glif","fraction.glif":"fraction.glif","g.glif":"g.glif","germandbls.glif":"germandbls.glif","grave.glif":"grave.glif","greater.glif":"greater.glif","guillemotleft.glif":"guillemotleft.glif","guillemotright.glif":"guillemotright.glif","guilsinglleft.glif":"guilsinglleft.glif","guilsinglright.glif":"guilsinglright.glif","h.glif":"h.glif","hungarumlaut.glif":"hungarumlaut.glif","hyphen.glif":"hyphen.glif","i.glif":"i.glif","iacute.glif":"iacute.glif","icircumflex.glif":"icircumflex.glif","idieresis.glif":"idieresis.glif","igrave.glif":"igrave.glif","j.glif":"j.glif","k.glif":"k.glif","l.glif":"l.glif","less.glif":"less.glif","logicalnot.glif":"logicalnot.glif","m.glif":"m.glif","macron.glif":"macron.glif","mu.glif":"mu.glif","n.glif":"n.glif","nbspace.glif":"nbspace.glif","nine.glif":"nine.glif","notequal.glif":"notequal.glif","ntilde.glif":"ntilde.glif","numbersign.glif":"numbersign.glif","o.glif":"o.glif","oacute.glif":"oacute.glif","ocircumflex.glif":"ocircumflex.glif","odieresis.glif":"odieresis.glif","oe.glif":"oe.glif","ogonek.glif":"ogonek.glif","ograve.glif":"ograve.glif","one.glif":"one.glif","oslash.glif":"oslash.glif","otilde.glif":"otilde.glif","p.glif":"p.glif","paragraph.glif":"paragraph.glif","parenleft.glif":"parenleft.glif","parenright.glif":"parenright.glif","partialdiff.glif":"partialdiff.glif","percent.glif":"percent.glif","period.glif":"period.glif","periodcentered.glif":"periodcentered.glif","perthousand.glif":"perthousand.glif","plus.glif":"plus.glif","plusminus.glif":"plusminus.glif","product.glif":"product.glif","q.glif":"q.glif","question.glif":"question.glif","questiondown.glif":"questiondown.glif","quotedbl.glif":"quotedbl.glif","quotedblbase.glif":"quotedblbase.glif","quotedblleft.glif":"quotedblleft.glif","quotedblright.glif":"quotedblright.glif","quoteleft.glif":"quoteleft.glif","quoteright.glif":"quoteright.glif","quotesinglbase.glif":"quotesinglbase.glif","quotesingle.glif":"quotesingle.glif","r.glif":"r.glif","registered.glif":"registered.glif","ring.glif":"ring.glif","s.glif":"s.glif","scaron.glif":"scaron.glif","section.glif":"section.glif","semicolon.glif":"semicolon.glif","seven.glif":"seven.glif","six.glif":"six.glif","slash.glif":"slash.glif","space.glif":"space.glif","sterling.glif":"sterling.glif","summation.glif":"summation.glif","t.glif":"t.glif","three.glif":"three.glif","tilde.glif":"tilde.glif","trademark.glif":"trademark.glif","two.glif":"two.glif","u.glif":"u.glif","uacute.glif":"uacute.glif","ucircumflex.glif":"ucircumflex.glif","udieresis.glif":"udieresis.glif","ugrave.glif":"ugrave.glif","underscore.glif":"underscore.glif","v.glif":"v.glif","w.glif":"w.glif","x.glif":"x.glif","y.glif":"y.glif","ydieresis.glif":"ydieresis.glif","yen.glif":"yen.glif","z.glif":"z.glif","zcaron.glif":"zcaron.glif","zero.glif":"zero.glif"}},"Font":{"uploaded":1480002856.6246,"licence":"gpl3","company":"Chronolabs Cooperative","title":"7 London","version":2.001,"date":"Thu Oct 27 10:07:27 2016","creator":"root","type":"1","matrix":"0.001 0 0 0.001 0 0","named":"77London","painttype":"0","info":"10 dict dup","name":"77London","family":"77London","weight":"Medium","fstype":"0","italicangle":"0","underlineposition":"","underlinethickness":""},"Table":{"FFTM":{"entryLength":16,"tag":"FFTM","checksum":1957392944,"offset":21732,"length":28},"GDEF":{"entryLength":16,"tag":"GDEF","checksum":17039366,"offset":21700,"length":32},"OS\/2":{"entryLength":16,"tag":"OS\/2","checksum":1470112623,"offset":344,"length":86},"cmap":{"entryLength":16,"tag":"cmap","checksum":1975666391,"offset":1292,"length":638},"gasp":{"entryLength":16,"tag":"gasp","checksum":4294901763,"offset":21692,"length":8},"glyf":{"entryLength":16,"tag":"glyf","checksum":588686187,"offset":2364,"length":18116},"head":{"entryLength":16,"tag":"head","checksum":195804998,"offset":220,"length":54},"hhea":{"entryLength":16,"tag":"hhea","checksum":135726087,"offset":276,"length":36},"hmtx":{"entryLength":16,"tag":"hmtx","checksum":2985827734,"offset":432,"length":858},"loca":{"entryLength":16,"tag":"loca","checksum":1225480962,"offset":1932,"length":432},"maxp":{"entryLength":16,"tag":"maxp","checksum":18874467,"offset":312,"length":32},"name":{"entryLength":16,"tag":"name","checksum":2340559453,"offset":20480,"length":735},"post":{"entryLength":16,"tag":"post","checksum":2850044061,"offset":21216,"length":476}},"UnicodeCharMap":{"32":3,"33":4,"34":5,"35":6,"36":7,"37":8,"38":9,"39":10,"40":11,"41":12,"42":13,"43":14,"44":15,"45":16,"46":17,"47":18,"48":19,"49":20,"50":21,"51":22,"52":23,"53":24,"54":25,"55":26,"56":27,"57":28,"58":29,"59":30,"60":31,"61":32,"62":33,"63":34,"64":35,"65":36,"66":37,"67":38,"68":39,"69":40,"70":41,"71":42,"72":43,"73":44,"74":45,"75":46,"76":47,"77":48,"78":49,"79":50,"80":51,"81":52,"82":53,"83":54,"84":55,"85":56,"86":57,"87":58,"88":59,"89":60,"90":61,"91":62,"92":63,"93":64,"94":65,"95":66,"96":67,"97":68,"98":69,"99":70,"100":71,"101":72,"102":73,"103":74,"104":75,"105":76,"106":77,"107":78,"108":79,"109":80,"110":81,"111":82,"112":83,"113":84,"114":85,"115":86,"116":87,"117":88,"118":89,"119":90,"120":91,"121":92,"122":93,"123":94,"124":95,"125":96,"126":97,"160":98,"161":99,"162":100,"163":101,"164":102,"165":103,"167":104,"168":105,"169":106,"171":107,"172":108,"174":109,"175":110,"176":111,"177":112,"180":113,"182":115,"183":116,"184":117,"187":118,"191":119,"192":120,"193":121,"194":122,"195":123,"196":124,"197":125,"198":126,"199":127,"200":128,"201":129,"202":130,"203":131,"204":132,"205":133,"206":134,"207":135,"209":136,"210":137,"211":138,"212":139,"213":140,"214":141,"216":142,"217":143,"218":144,"219":145,"220":146,"221":147,"223":148,"224":149,"225":150,"226":151,"227":152,"228":153,"229":154,"230":155,"231":156,"232":157,"233":158,"234":159,"235":160,"236":161,"237":162,"238":163,"239":164,"241":165,"242":166,"243":167,"244":168,"245":169,"246":170,"247":171,"248":172,"249":173,"250":174,"251":175,"252":176,"255":177,"305":202,"338":201,"339":203,"352":204,"353":205,"376":214,"381":206,"382":207,"710":192,"711":199,"728":194,"729":195,"730":196,"731":198,"732":193,"733":197,"956":114,"8211":184,"8212":200,"8216":179,"8217":178,"8218":187,"8220":181,"8221":189,"8222":188,"8224":185,"8226":186,"8230":190,"8240":191,"8249":182,"8250":183,"8260":180,"8482":209,"8706":211,"8719":213,"8721":212,"8800":210},"Reserves":null,"Names":[],"Nodes":{"lo":{"type":"typal","node":"lo","usage":1,"weight":1},"on":{"type":"typal","node":"on","usage":1,"weight":1},"lon":{"type":"typal","node":"lon","usage":1,"weight":1},"don":{"type":"typal","node":"don","usage":1,"weight":1},"lond":{"type":"keys","node":"lond","usage":1,"weight":1},"ndon":{"type":"keys","node":"ndon","usage":1,"weight":1},"londo":{"type":"keys","node":"londo","usage":1,"weight":1},"ondon":{"type":"keys","node":"ondon","usage":1,"weight":1},"7":{"type":"fixes","node":7,"usage":1,"weight":1},"london":{"type":"fixes","node":"london","usage":1,"weight":1}},"Contributors":[],"FontIdentity":"f3db061b638c87e9633dff73d32fdc01","Bytes":1972931,"Networking":[],"barcode":"q5ocoyyckkms","referee":"cyqi0og"}