{"CSS":{"Miriam Fixed":"zinc77:521c601006ab9168a1be87066.css"},"FontType":"TrueType","FontCopyright":"(c) 1991-1993 Kivun Computers Ltd. Portions (c) The Monotype Corporation","FontName":"Miriam Fixed","FontSubfamily":"Book","FontSubfamilyID":"FontForge 2.0 : Miriam Fixed : 26-11-2016","FontFullName":"Miriam Fixed","FontVersion":"Version 5.10 ","FontWeight":null,"FontPostscriptName":"MiriamFixed","Files":{"\/Miriam Fixed.css":"\/Miriam Fixed.css","\/font-resource.json":"\/font-resource.json","\/mriamc.afm":"\/mriamc.afm","\/mriamc.cef":"\/mriamc.cef","\/mriamc.cff":"\/mriamc.cff","\/mriamc.eot":"\/mriamc.eot","\/mriamc.gai":"\/mriamc.gai","\/mriamc.gsf":"\/mriamc.gsf","\/mriamc.otf":"\/mriamc.otf","\/mriamc.pf3":"\/mriamc.pf3","\/mriamc.pfa":"\/mriamc.pfa","\/mriamc.pfb":"\/mriamc.pfb","\/mriamc.php":"\/mriamc.php","\/mriamc.pt3":"\/mriamc.pt3","\/mriamc.sfd":"\/mriamc.sfd","\/mriamc.svg":"\/mriamc.svg","\/mriamc.t42":"\/mriamc.t42","\/mriamc.ttd":"\/mriamc.ttd","\/mriamc.ttf":"\/mriamc.ttf","\/mriamc.ttg":"\/mriamc.ttg","\/mriamc.ufm":"\/mriamc.ufm","\/mriamc.woff":"\/mriamc.woff","\/mriamc.z":"\/mriamc.z","\/zinc77:521c601006ab9168a1be87066.css":"\/zinc77:521c601006ab9168a1be87066.css","\/mriamc.ufo\/feature.fea":"\/mriamc.ufo\/feature.fea","\/mriamc.ufo\/fontinfo.plist":"\/mriamc.ufo\/fontinfo.plist","\/mriamc.ufo\/groups.plist":"\/mriamc.ufo\/groups.plist","\/mriamc.ufo\/kerning.plist":"\/mriamc.ufo\/kerning.plist","\/mriamc.ufo\/metainfo.plist":"\/mriamc.ufo\/metainfo.plist","\/mriamc.ufo\/glyphs\/A_.glif":"\/mriamc.ufo\/glyphs\/A_.glif","\/mriamc.ufo\/glyphs\/A_E_.glif":"\/mriamc.ufo\/glyphs\/A_E_.glif","\/mriamc.ufo\/glyphs\/A_acute.glif":"\/mriamc.ufo\/glyphs\/A_acute.glif","\/mriamc.ufo\/glyphs\/A_circumflex.glif":"\/mriamc.ufo\/glyphs\/A_circumflex.glif","\/mriamc.ufo\/glyphs\/A_dieresis.glif":"\/mriamc.ufo\/glyphs\/A_dieresis.glif","\/mriamc.ufo\/glyphs\/A_grave.glif":"\/mriamc.ufo\/glyphs\/A_grave.glif","\/mriamc.ufo\/glyphs\/A_ring.glif":"\/mriamc.ufo\/glyphs\/A_ring.glif","\/mriamc.ufo\/glyphs\/A_tilde.glif":"\/mriamc.ufo\/glyphs\/A_tilde.glif","\/mriamc.ufo\/glyphs\/B_.glif":"\/mriamc.ufo\/glyphs\/B_.glif","\/mriamc.ufo\/glyphs\/C_.glif":"\/mriamc.ufo\/glyphs\/C_.glif","\/mriamc.ufo\/glyphs\/C_cedilla.glif":"\/mriamc.ufo\/glyphs\/C_cedilla.glif","\/mriamc.ufo\/glyphs\/D_.glif":"\/mriamc.ufo\/glyphs\/D_.glif","\/mriamc.ufo\/glyphs\/E_.glif":"\/mriamc.ufo\/glyphs\/E_.glif","\/mriamc.ufo\/glyphs\/E_acute.glif":"\/mriamc.ufo\/glyphs\/E_acute.glif","\/mriamc.ufo\/glyphs\/E_circumflex.glif":"\/mriamc.ufo\/glyphs\/E_circumflex.glif","\/mriamc.ufo\/glyphs\/E_dieresis.glif":"\/mriamc.ufo\/glyphs\/E_dieresis.glif","\/mriamc.ufo\/glyphs\/E_grave.glif":"\/mriamc.ufo\/glyphs\/E_grave.glif","\/mriamc.ufo\/glyphs\/E_th.glif":"\/mriamc.ufo\/glyphs\/E_th.glif","\/mriamc.ufo\/glyphs\/E_uro.glif":"\/mriamc.ufo\/glyphs\/E_uro.glif","\/mriamc.ufo\/glyphs\/F_.glif":"\/mriamc.ufo\/glyphs\/F_.glif","\/mriamc.ufo\/glyphs\/G_.glif":"\/mriamc.ufo\/glyphs\/G_.glif","\/mriamc.ufo\/glyphs\/H_.glif":"\/mriamc.ufo\/glyphs\/H_.glif","\/mriamc.ufo\/glyphs\/I_.glif":"\/mriamc.ufo\/glyphs\/I_.glif","\/mriamc.ufo\/glyphs\/I_acute.glif":"\/mriamc.ufo\/glyphs\/I_acute.glif","\/mriamc.ufo\/glyphs\/I_circumflex.glif":"\/mriamc.ufo\/glyphs\/I_circumflex.glif","\/mriamc.ufo\/glyphs\/I_dieresis.glif":"\/mriamc.ufo\/glyphs\/I_dieresis.glif","\/mriamc.ufo\/glyphs\/I_grave.glif":"\/mriamc.ufo\/glyphs\/I_grave.glif","\/mriamc.ufo\/glyphs\/J_.glif":"\/mriamc.ufo\/glyphs\/J_.glif","\/mriamc.ufo\/glyphs\/K_.glif":"\/mriamc.ufo\/glyphs\/K_.glif","\/mriamc.ufo\/glyphs\/L_.glif":"\/mriamc.ufo\/glyphs\/L_.glif","\/mriamc.ufo\/glyphs\/M_.glif":"\/mriamc.ufo\/glyphs\/M_.glif","\/mriamc.ufo\/glyphs\/N_.glif":"\/mriamc.ufo\/glyphs\/N_.glif","\/mriamc.ufo\/glyphs\/N_tilde.glif":"\/mriamc.ufo\/glyphs\/N_tilde.glif","\/mriamc.ufo\/glyphs\/O_.glif":"\/mriamc.ufo\/glyphs\/O_.glif","\/mriamc.ufo\/glyphs\/O_E_.glif":"\/mriamc.ufo\/glyphs\/O_E_.glif","\/mriamc.ufo\/glyphs\/O_acute.glif":"\/mriamc.ufo\/glyphs\/O_acute.glif","\/mriamc.ufo\/glyphs\/O_circumflex.glif":"\/mriamc.ufo\/glyphs\/O_circumflex.glif","\/mriamc.ufo\/glyphs\/O_dieresis.glif":"\/mriamc.ufo\/glyphs\/O_dieresis.glif","\/mriamc.ufo\/glyphs\/O_grave.glif":"\/mriamc.ufo\/glyphs\/O_grave.glif","\/mriamc.ufo\/glyphs\/O_slash.glif":"\/mriamc.ufo\/glyphs\/O_slash.glif","\/mriamc.ufo\/glyphs\/O_tilde.glif":"\/mriamc.ufo\/glyphs\/O_tilde.glif","\/mriamc.ufo\/glyphs\/P_.glif":"\/mriamc.ufo\/glyphs\/P_.glif","\/mriamc.ufo\/glyphs\/Q_.glif":"\/mriamc.ufo\/glyphs\/Q_.glif","\/mriamc.ufo\/glyphs\/R_.glif":"\/mriamc.ufo\/glyphs\/R_.glif","\/mriamc.ufo\/glyphs\/S_.glif":"\/mriamc.ufo\/glyphs\/S_.glif","\/mriamc.ufo\/glyphs\/S_caron.glif":"\/mriamc.ufo\/glyphs\/S_caron.glif","\/mriamc.ufo\/glyphs\/T_.glif":"\/mriamc.ufo\/glyphs\/T_.glif","\/mriamc.ufo\/glyphs\/T_horn.glif":"\/mriamc.ufo\/glyphs\/T_horn.glif","\/mriamc.ufo\/glyphs\/U_.glif":"\/mriamc.ufo\/glyphs\/U_.glif","\/mriamc.ufo\/glyphs\/U_acute.glif":"\/mriamc.ufo\/glyphs\/U_acute.glif","\/mriamc.ufo\/glyphs\/U_circumflex.glif":"\/mriamc.ufo\/glyphs\/U_circumflex.glif","\/mriamc.ufo\/glyphs\/U_dieresis.glif":"\/mriamc.ufo\/glyphs\/U_dieresis.glif","\/mriamc.ufo\/glyphs\/U_grave.glif":"\/mriamc.ufo\/glyphs\/U_grave.glif","\/mriamc.ufo\/glyphs\/V_.glif":"\/mriamc.ufo\/glyphs\/V_.glif","\/mriamc.ufo\/glyphs\/W_.glif":"\/mriamc.ufo\/glyphs\/W_.glif","\/mriamc.ufo\/glyphs\/X_.glif":"\/mriamc.ufo\/glyphs\/X_.glif","\/mriamc.ufo\/glyphs\/Y_.glif":"\/mriamc.ufo\/glyphs\/Y_.glif","\/mriamc.ufo\/glyphs\/Y_acute.glif":"\/mriamc.ufo\/glyphs\/Y_acute.glif","\/mriamc.ufo\/glyphs\/Y_dieresis.glif":"\/mriamc.ufo\/glyphs\/Y_dieresis.glif","\/mriamc.ufo\/glyphs\/Z_.glif":"\/mriamc.ufo\/glyphs\/Z_.glif","\/mriamc.ufo\/glyphs\/Z_caron.glif":"\/mriamc.ufo\/glyphs\/Z_caron.glif","\/mriamc.ufo\/glyphs\/_notdef.glif":"\/mriamc.ufo\/glyphs\/_notdef.glif","\/mriamc.ufo\/glyphs\/a.glif":"\/mriamc.ufo\/glyphs\/a.glif","\/mriamc.ufo\/glyphs\/aacute.glif":"\/mriamc.ufo\/glyphs\/aacute.glif","\/mriamc.ufo\/glyphs\/acircumflex.glif":"\/mriamc.ufo\/glyphs\/acircumflex.glif","\/mriamc.ufo\/glyphs\/acute.glif":"\/mriamc.ufo\/glyphs\/acute.glif","\/mriamc.ufo\/glyphs\/adieresis.glif":"\/mriamc.ufo\/glyphs\/adieresis.glif","\/mriamc.ufo\/glyphs\/ae.glif":"\/mriamc.ufo\/glyphs\/ae.glif","\/mriamc.ufo\/glyphs\/afii299.glif":"\/mriamc.ufo\/glyphs\/afii299.glif","\/mriamc.ufo\/glyphs\/afii300.glif":"\/mriamc.ufo\/glyphs\/afii300.glif","\/mriamc.ufo\/glyphs\/afii57636.glif":"\/mriamc.ufo\/glyphs\/afii57636.glif","\/mriamc.ufo\/glyphs\/afii57645.glif":"\/mriamc.ufo\/glyphs\/afii57645.glif","\/mriamc.ufo\/glyphs\/afii57658.glif":"\/mriamc.ufo\/glyphs\/afii57658.glif","\/mriamc.ufo\/glyphs\/afii57664.glif":"\/mriamc.ufo\/glyphs\/afii57664.glif","\/mriamc.ufo\/glyphs\/afii57665.glif":"\/mriamc.ufo\/glyphs\/afii57665.glif","\/mriamc.ufo\/glyphs\/afii57666.glif":"\/mriamc.ufo\/glyphs\/afii57666.glif","\/mriamc.ufo\/glyphs\/afii57667.glif":"\/mriamc.ufo\/glyphs\/afii57667.glif","\/mriamc.ufo\/glyphs\/afii57668.glif":"\/mriamc.ufo\/glyphs\/afii57668.glif","\/mriamc.ufo\/glyphs\/afii57669.glif":"\/mriamc.ufo\/glyphs\/afii57669.glif","\/mriamc.ufo\/glyphs\/afii57670.glif":"\/mriamc.ufo\/glyphs\/afii57670.glif","\/mriamc.ufo\/glyphs\/afii57671.glif":"\/mriamc.ufo\/glyphs\/afii57671.glif","\/mriamc.ufo\/glyphs\/afii57672.glif":"\/mriamc.ufo\/glyphs\/afii57672.glif","\/mriamc.ufo\/glyphs\/afii57673.glif":"\/mriamc.ufo\/glyphs\/afii57673.glif","\/mriamc.ufo\/glyphs\/afii57674.glif":"\/mriamc.ufo\/glyphs\/afii57674.glif","\/mriamc.ufo\/glyphs\/afii57674_afii57797.ccmp.glif":"\/mriamc.ufo\/glyphs\/afii57674_afii57797.ccmp.glif","\/mriamc.ufo\/glyphs\/afii57674_afii57799.ccmp.glif":"\/mriamc.ufo\/glyphs\/afii57674_afii57799.ccmp.glif","\/mriamc.ufo\/glyphs\/afii57675.glif":"\/mriamc.ufo\/glyphs\/afii57675.glif","\/mriamc.ufo\/glyphs\/afii57676.glif":"\/mriamc.ufo\/glyphs\/afii57676.glif","\/mriamc.ufo\/glyphs\/afii57676_afii57806.ccmp.glif":"\/mriamc.ufo\/glyphs\/afii57676_afii57806.ccmp.glif","\/mriamc.ufo\/glyphs\/afii57676_afii57807_afii57806.ccmp.glif":"\/mriamc.ufo\/glyphs\/afii57676_afii57807_afii57806.ccmp.glif","\/mriamc.ufo\/glyphs\/afii57677.glif":"\/mriamc.ufo\/glyphs\/afii57677.glif","\/mriamc.ufo\/glyphs\/afii57678.glif":"\/mriamc.ufo\/glyphs\/afii57678.glif","\/mriamc.ufo\/glyphs\/afii57679.glif":"\/mriamc.ufo\/glyphs\/afii57679.glif","\/mriamc.ufo\/glyphs\/afii57680.glif":"\/mriamc.ufo\/glyphs\/afii57680.glif","\/mriamc.ufo\/glyphs\/afii57681.glif":"\/mriamc.ufo\/glyphs\/afii57681.glif","\/mriamc.ufo\/glyphs\/afii57682.glif":"\/mriamc.ufo\/glyphs\/afii57682.glif","\/mriamc.ufo\/glyphs\/afii57683.glif":"\/mriamc.ufo\/glyphs\/afii57683.glif","\/mriamc.ufo\/glyphs\/afii57684.glif":"\/mriamc.ufo\/glyphs\/afii57684.glif","\/mriamc.ufo\/glyphs\/afii57685.glif":"\/mriamc.ufo\/glyphs\/afii57685.glif","\/mriamc.ufo\/glyphs\/afii57686.glif":"\/mriamc.ufo\/glyphs\/afii57686.glif","\/mriamc.ufo\/glyphs\/afii57687.glif":"\/mriamc.ufo\/glyphs\/afii57687.glif","\/mriamc.ufo\/glyphs\/afii57688.glif":"\/mriamc.ufo\/glyphs\/afii57688.glif","\/mriamc.ufo\/glyphs\/afii57689.glif":"\/mriamc.ufo\/glyphs\/afii57689.glif","\/mriamc.ufo\/glyphs\/afii57690.glif":"\/mriamc.ufo\/glyphs\/afii57690.glif","\/mriamc.ufo\/glyphs\/afii57716.glif":"\/mriamc.ufo\/glyphs\/afii57716.glif","\/mriamc.ufo\/glyphs\/afii57717.glif":"\/mriamc.ufo\/glyphs\/afii57717.glif","\/mriamc.ufo\/glyphs\/afii57718.glif":"\/mriamc.ufo\/glyphs\/afii57718.glif","\/mriamc.ufo\/glyphs\/afii57793.glif":"\/mriamc.ufo\/glyphs\/afii57793.glif","\/mriamc.ufo\/glyphs\/afii57794.glif":"\/mriamc.ufo\/glyphs\/afii57794.glif","\/mriamc.ufo\/glyphs\/afii57795.glif":"\/mriamc.ufo\/glyphs\/afii57795.glif","\/mriamc.ufo\/glyphs\/afii57796.glif":"\/mriamc.ufo\/glyphs\/afii57796.glif","\/mriamc.ufo\/glyphs\/afii57797.glif":"\/mriamc.ufo\/glyphs\/afii57797.glif","\/mriamc.ufo\/glyphs\/afii57798.glif":"\/mriamc.ufo\/glyphs\/afii57798.glif","\/mriamc.ufo\/glyphs\/afii57799.glif":"\/mriamc.ufo\/glyphs\/afii57799.glif","\/mriamc.ufo\/glyphs\/afii57800.glif":"\/mriamc.ufo\/glyphs\/afii57800.glif","\/mriamc.ufo\/glyphs\/afii57801.glif":"\/mriamc.ufo\/glyphs\/afii57801.glif","\/mriamc.ufo\/glyphs\/afii57802.glif":"\/mriamc.ufo\/glyphs\/afii57802.glif","\/mriamc.ufo\/glyphs\/afii57803.glif":"\/mriamc.ufo\/glyphs\/afii57803.glif","\/mriamc.ufo\/glyphs\/afii57804.glif":"\/mriamc.ufo\/glyphs\/afii57804.glif","\/mriamc.ufo\/glyphs\/afii57806.glif":"\/mriamc.ufo\/glyphs\/afii57806.glif","\/mriamc.ufo\/glyphs\/afii57807.glif":"\/mriamc.ufo\/glyphs\/afii57807.glif","\/mriamc.ufo\/glyphs\/afii57839.glif":"\/mriamc.ufo\/glyphs\/afii57839.glif","\/mriamc.ufo\/glyphs\/afii57841.glif":"\/mriamc.ufo\/glyphs\/afii57841.glif","\/mriamc.ufo\/glyphs\/afii57842.glif":"\/mriamc.ufo\/glyphs\/afii57842.glif","\/mriamc.ufo\/glyphs\/agrave.glif":"\/mriamc.ufo\/glyphs\/agrave.glif","\/mriamc.ufo\/glyphs\/ampersand.glif":"\/mriamc.ufo\/glyphs\/ampersand.glif","\/mriamc.ufo\/glyphs\/aring.glif":"\/mriamc.ufo\/glyphs\/aring.glif","\/mriamc.ufo\/glyphs\/asciicircum.glif":"\/mriamc.ufo\/glyphs\/asciicircum.glif","\/mriamc.ufo\/glyphs\/asciitilde.glif":"\/mriamc.ufo\/glyphs\/asciitilde.glif","\/mriamc.ufo\/glyphs\/asterisk.glif":"\/mriamc.ufo\/glyphs\/asterisk.glif","\/mriamc.ufo\/glyphs\/at.glif":"\/mriamc.ufo\/glyphs\/at.glif","\/mriamc.ufo\/glyphs\/atilde.glif":"\/mriamc.ufo\/glyphs\/atilde.glif","\/mriamc.ufo\/glyphs\/b.glif":"\/mriamc.ufo\/glyphs\/b.glif","\/mriamc.ufo\/glyphs\/backslash.glif":"\/mriamc.ufo\/glyphs\/backslash.glif","\/mriamc.ufo\/glyphs\/bar.glif":"\/mriamc.ufo\/glyphs\/bar.glif","\/mriamc.ufo\/glyphs\/braceleft.glif":"\/mriamc.ufo\/glyphs\/braceleft.glif","\/mriamc.ufo\/glyphs\/braceright.glif":"\/mriamc.ufo\/glyphs\/braceright.glif","\/mriamc.ufo\/glyphs\/bracketleft.glif":"\/mriamc.ufo\/glyphs\/bracketleft.glif","\/mriamc.ufo\/glyphs\/bracketright.glif":"\/mriamc.ufo\/glyphs\/bracketright.glif","\/mriamc.ufo\/glyphs\/brokenbar.glif":"\/mriamc.ufo\/glyphs\/brokenbar.glif","\/mriamc.ufo\/glyphs\/bullet.glif":"\/mriamc.ufo\/glyphs\/bullet.glif","\/mriamc.ufo\/glyphs\/c.glif":"\/mriamc.ufo\/glyphs\/c.glif","\/mriamc.ufo\/glyphs\/caron.glif":"\/mriamc.ufo\/glyphs\/caron.glif","\/mriamc.ufo\/glyphs\/ccedilla.glif":"\/mriamc.ufo\/glyphs\/ccedilla.glif","\/mriamc.ufo\/glyphs\/cedilla.glif":"\/mriamc.ufo\/glyphs\/cedilla.glif","\/mriamc.ufo\/glyphs\/cent.glif":"\/mriamc.ufo\/glyphs\/cent.glif","\/mriamc.ufo\/glyphs\/circumflex.glif":"\/mriamc.ufo\/glyphs\/circumflex.glif","\/mriamc.ufo\/glyphs\/colon.glif":"\/mriamc.ufo\/glyphs\/colon.glif","\/mriamc.ufo\/glyphs\/comma.glif":"\/mriamc.ufo\/glyphs\/comma.glif","\/mriamc.ufo\/glyphs\/contents.plist":"\/mriamc.ufo\/glyphs\/contents.plist","\/mriamc.ufo\/glyphs\/copyright.glif":"\/mriamc.ufo\/glyphs\/copyright.glif","\/mriamc.ufo\/glyphs\/currency.glif":"\/mriamc.ufo\/glyphs\/currency.glif","\/mriamc.ufo\/glyphs\/d.glif":"\/mriamc.ufo\/glyphs\/d.glif","\/mriamc.ufo\/glyphs\/dagger.glif":"\/mriamc.ufo\/glyphs\/dagger.glif","\/mriamc.ufo\/glyphs\/daggerdbl.glif":"\/mriamc.ufo\/glyphs\/daggerdbl.glif","\/mriamc.ufo\/glyphs\/degree.glif":"\/mriamc.ufo\/glyphs\/degree.glif","\/mriamc.ufo\/glyphs\/dieresis.glif":"\/mriamc.ufo\/glyphs\/dieresis.glif","\/mriamc.ufo\/glyphs\/divide.glif":"\/mriamc.ufo\/glyphs\/divide.glif","\/mriamc.ufo\/glyphs\/dollar.glif":"\/mriamc.ufo\/glyphs\/dollar.glif","\/mriamc.ufo\/glyphs\/dotlessi.glif":"\/mriamc.ufo\/glyphs\/dotlessi.glif","\/mriamc.ufo\/glyphs\/e.glif":"\/mriamc.ufo\/glyphs\/e.glif","\/mriamc.ufo\/glyphs\/eacute.glif":"\/mriamc.ufo\/glyphs\/eacute.glif","\/mriamc.ufo\/glyphs\/ecircumflex.glif":"\/mriamc.ufo\/glyphs\/ecircumflex.glif","\/mriamc.ufo\/glyphs\/edieresis.glif":"\/mriamc.ufo\/glyphs\/edieresis.glif","\/mriamc.ufo\/glyphs\/egrave.glif":"\/mriamc.ufo\/glyphs\/egrave.glif","\/mriamc.ufo\/glyphs\/eight.glif":"\/mriamc.ufo\/glyphs\/eight.glif","\/mriamc.ufo\/glyphs\/ellipsis.glif":"\/mriamc.ufo\/glyphs\/ellipsis.glif","\/mriamc.ufo\/glyphs\/emdash.glif":"\/mriamc.ufo\/glyphs\/emdash.glif","\/mriamc.ufo\/glyphs\/endash.glif":"\/mriamc.ufo\/glyphs\/endash.glif","\/mriamc.ufo\/glyphs\/equal.glif":"\/mriamc.ufo\/glyphs\/equal.glif","\/mriamc.ufo\/glyphs\/eth.glif":"\/mriamc.ufo\/glyphs\/eth.glif","\/mriamc.ufo\/glyphs\/exclam.glif":"\/mriamc.ufo\/glyphs\/exclam.glif","\/mriamc.ufo\/glyphs\/exclamdown.glif":"\/mriamc.ufo\/glyphs\/exclamdown.glif","\/mriamc.ufo\/glyphs\/f.glif":"\/mriamc.ufo\/glyphs\/f.glif","\/mriamc.ufo\/glyphs\/five.glif":"\/mriamc.ufo\/glyphs\/five.glif","\/mriamc.ufo\/glyphs\/florin.glif":"\/mriamc.ufo\/glyphs\/florin.glif","\/mriamc.ufo\/glyphs\/four.glif":"\/mriamc.ufo\/glyphs\/four.glif","\/mriamc.ufo\/glyphs\/g.glif":"\/mriamc.ufo\/glyphs\/g.glif","\/mriamc.ufo\/glyphs\/germandbls.glif":"\/mriamc.ufo\/glyphs\/germandbls.glif","\/mriamc.ufo\/glyphs\/glyph1.glif":"\/mriamc.ufo\/glyphs\/glyph1.glif","\/mriamc.ufo\/glyphs\/glyph2.glif":"\/mriamc.ufo\/glyphs\/glyph2.glif","\/mriamc.ufo\/glyphs\/glyph364.glif":"\/mriamc.ufo\/glyphs\/glyph364.glif","\/mriamc.ufo\/glyphs\/glyph365.glif":"\/mriamc.ufo\/glyphs\/glyph365.glif","\/mriamc.ufo\/glyphs\/glyph366.glif":"\/mriamc.ufo\/glyphs\/glyph366.glif","\/mriamc.ufo\/glyphs\/grave.glif":"\/mriamc.ufo\/glyphs\/grave.glif","\/mriamc.ufo\/glyphs\/greater.glif":"\/mriamc.ufo\/glyphs\/greater.glif","\/mriamc.ufo\/glyphs\/guillemotleft.glif":"\/mriamc.ufo\/glyphs\/guillemotleft.glif","\/mriamc.ufo\/glyphs\/guillemotright.glif":"\/mriamc.ufo\/glyphs\/guillemotright.glif","\/mriamc.ufo\/glyphs\/guilsinglleft.glif":"\/mriamc.ufo\/glyphs\/guilsinglleft.glif","\/mriamc.ufo\/glyphs\/guilsinglright.glif":"\/mriamc.ufo\/glyphs\/guilsinglright.glif","\/mriamc.ufo\/glyphs\/h.glif":"\/mriamc.ufo\/glyphs\/h.glif","\/mriamc.ufo\/glyphs\/hyphen.glif":"\/mriamc.ufo\/glyphs\/hyphen.glif","\/mriamc.ufo\/glyphs\/i.glif":"\/mriamc.ufo\/glyphs\/i.glif","\/mriamc.ufo\/glyphs\/iacute.glif":"\/mriamc.ufo\/glyphs\/iacute.glif","\/mriamc.ufo\/glyphs\/icircumflex.glif":"\/mriamc.ufo\/glyphs\/icircumflex.glif","\/mriamc.ufo\/glyphs\/idieresis.glif":"\/mriamc.ufo\/glyphs\/idieresis.glif","\/mriamc.ufo\/glyphs\/igrave.glif":"\/mriamc.ufo\/glyphs\/igrave.glif","\/mriamc.ufo\/glyphs\/j.glif":"\/mriamc.ufo\/glyphs\/j.glif","\/mriamc.ufo\/glyphs\/k.glif":"\/mriamc.ufo\/glyphs\/k.glif","\/mriamc.ufo\/glyphs\/l.glif":"\/mriamc.ufo\/glyphs\/l.glif","\/mriamc.ufo\/glyphs\/less.glif":"\/mriamc.ufo\/glyphs\/less.glif","\/mriamc.ufo\/glyphs\/logicalnot.glif":"\/mriamc.ufo\/glyphs\/logicalnot.glif","\/mriamc.ufo\/glyphs\/m.glif":"\/mriamc.ufo\/glyphs\/m.glif","\/mriamc.ufo\/glyphs\/macron.glif":"\/mriamc.ufo\/glyphs\/macron.glif","\/mriamc.ufo\/glyphs\/multiply.glif":"\/mriamc.ufo\/glyphs\/multiply.glif","\/mriamc.ufo\/glyphs\/n.glif":"\/mriamc.ufo\/glyphs\/n.glif","\/mriamc.ufo\/glyphs\/nine.glif":"\/mriamc.ufo\/glyphs\/nine.glif","\/mriamc.ufo\/glyphs\/ntilde.glif":"\/mriamc.ufo\/glyphs\/ntilde.glif","\/mriamc.ufo\/glyphs\/numbersign.glif":"\/mriamc.ufo\/glyphs\/numbersign.glif","\/mriamc.ufo\/glyphs\/o.glif":"\/mriamc.ufo\/glyphs\/o.glif","\/mriamc.ufo\/glyphs\/oacute.glif":"\/mriamc.ufo\/glyphs\/oacute.glif","\/mriamc.ufo\/glyphs\/ocircumflex.glif":"\/mriamc.ufo\/glyphs\/ocircumflex.glif","\/mriamc.ufo\/glyphs\/odieresis.glif":"\/mriamc.ufo\/glyphs\/odieresis.glif","\/mriamc.ufo\/glyphs\/ograve.glif":"\/mriamc.ufo\/glyphs\/ograve.glif","\/mriamc.ufo\/glyphs\/one.glif":"\/mriamc.ufo\/glyphs\/one.glif","\/mriamc.ufo\/glyphs\/onehalf.glif":"\/mriamc.ufo\/glyphs\/onehalf.glif","\/mriamc.ufo\/glyphs\/onequarter.glif":"\/mriamc.ufo\/glyphs\/onequarter.glif","\/mriamc.ufo\/glyphs\/ordfeminine.glif":"\/mriamc.ufo\/glyphs\/ordfeminine.glif","\/mriamc.ufo\/glyphs\/ordmasculine.glif":"\/mriamc.ufo\/glyphs\/ordmasculine.glif","\/mriamc.ufo\/glyphs\/oslash.glif":"\/mriamc.ufo\/glyphs\/oslash.glif","\/mriamc.ufo\/glyphs\/otilde.glif":"\/mriamc.ufo\/glyphs\/otilde.glif","\/mriamc.ufo\/glyphs\/p.glif":"\/mriamc.ufo\/glyphs\/p.glif","\/mriamc.ufo\/glyphs\/paragraph.glif":"\/mriamc.ufo\/glyphs\/paragraph.glif","\/mriamc.ufo\/glyphs\/parenleft.glif":"\/mriamc.ufo\/glyphs\/parenleft.glif","\/mriamc.ufo\/glyphs\/parenright.glif":"\/mriamc.ufo\/glyphs\/parenright.glif","\/mriamc.ufo\/glyphs\/percent.glif":"\/mriamc.ufo\/glyphs\/percent.glif","\/mriamc.ufo\/glyphs\/period.glif":"\/mriamc.ufo\/glyphs\/period.glif","\/mriamc.ufo\/glyphs\/periodcentered.glif":"\/mriamc.ufo\/glyphs\/periodcentered.glif","\/mriamc.ufo\/glyphs\/perthousand.glif":"\/mriamc.ufo\/glyphs\/perthousand.glif","\/mriamc.ufo\/glyphs\/plus.glif":"\/mriamc.ufo\/glyphs\/plus.glif","\/mriamc.ufo\/glyphs\/plusminus.glif":"\/mriamc.ufo\/glyphs\/plusminus.glif","\/mriamc.ufo\/glyphs\/q.glif":"\/mriamc.ufo\/glyphs\/q.glif","\/mriamc.ufo\/glyphs\/question.glif":"\/mriamc.ufo\/glyphs\/question.glif","\/mriamc.ufo\/glyphs\/questiondown.glif":"\/mriamc.ufo\/glyphs\/questiondown.glif","\/mriamc.ufo\/glyphs\/quotedbl.glif":"\/mriamc.ufo\/glyphs\/quotedbl.glif","\/mriamc.ufo\/glyphs\/quotedblbase.glif":"\/mriamc.ufo\/glyphs\/quotedblbase.glif","\/mriamc.ufo\/glyphs\/quotedblleft.glif":"\/mriamc.ufo\/glyphs\/quotedblleft.glif","\/mriamc.ufo\/glyphs\/quotedblright.glif":"\/mriamc.ufo\/glyphs\/quotedblright.glif","\/mriamc.ufo\/glyphs\/quoteleft.glif":"\/mriamc.ufo\/glyphs\/quoteleft.glif","\/mriamc.ufo\/glyphs\/quoteright.glif":"\/mriamc.ufo\/glyphs\/quoteright.glif","\/mriamc.ufo\/glyphs\/quotesinglbase.glif":"\/mriamc.ufo\/glyphs\/quotesinglbase.glif","\/mriamc.ufo\/glyphs\/quotesingle.glif":"\/mriamc.ufo\/glyphs\/quotesingle.glif","\/mriamc.ufo\/glyphs\/r.glif":"\/mriamc.ufo\/glyphs\/r.glif","\/mriamc.ufo\/glyphs\/registered.glif":"\/mriamc.ufo\/glyphs\/registered.glif","\/mriamc.ufo\/glyphs\/ring.glif":"\/mriamc.ufo\/glyphs\/ring.glif","\/mriamc.ufo\/glyphs\/s.glif":"\/mriamc.ufo\/glyphs\/s.glif","\/mriamc.ufo\/glyphs\/scaron.glif":"\/mriamc.ufo\/glyphs\/scaron.glif","\/mriamc.ufo\/glyphs\/section.glif":"\/mriamc.ufo\/glyphs\/section.glif","\/mriamc.ufo\/glyphs\/semicolon.glif":"\/mriamc.ufo\/glyphs\/semicolon.glif","\/mriamc.ufo\/glyphs\/seven.glif":"\/mriamc.ufo\/glyphs\/seven.glif","\/mriamc.ufo\/glyphs\/six.glif":"\/mriamc.ufo\/glyphs\/six.glif","\/mriamc.ufo\/glyphs\/slash.glif":"\/mriamc.ufo\/glyphs\/slash.glif","\/mriamc.ufo\/glyphs\/space.glif":"\/mriamc.ufo\/glyphs\/space.glif","\/mriamc.ufo\/glyphs\/sterling.glif":"\/mriamc.ufo\/glyphs\/sterling.glif","\/mriamc.ufo\/glyphs\/t.glif":"\/mriamc.ufo\/glyphs\/t.glif","\/mriamc.ufo\/glyphs\/tcommaaccent.glif":"\/mriamc.ufo\/glyphs\/tcommaaccent.glif","\/mriamc.ufo\/glyphs\/thorn.glif":"\/mriamc.ufo\/glyphs\/thorn.glif","\/mriamc.ufo\/glyphs\/three.glif":"\/mriamc.ufo\/glyphs\/three.glif","\/mriamc.ufo\/glyphs\/threequarters.glif":"\/mriamc.ufo\/glyphs\/threequarters.glif","\/mriamc.ufo\/glyphs\/tilde.glif":"\/mriamc.ufo\/glyphs\/tilde.glif","\/mriamc.ufo\/glyphs\/trademark.glif":"\/mriamc.ufo\/glyphs\/trademark.glif","\/mriamc.ufo\/glyphs\/two.glif":"\/mriamc.ufo\/glyphs\/two.glif","\/mriamc.ufo\/glyphs\/u.glif":"\/mriamc.ufo\/glyphs\/u.glif","\/mriamc.ufo\/glyphs\/uacute.glif":"\/mriamc.ufo\/glyphs\/uacute.glif","\/mriamc.ufo\/glyphs\/ucircumflex.glif":"\/mriamc.ufo\/glyphs\/ucircumflex.glif","\/mriamc.ufo\/glyphs\/udieresis.glif":"\/mriamc.ufo\/glyphs\/udieresis.glif","\/mriamc.ufo\/glyphs\/ugrave.glif":"\/mriamc.ufo\/glyphs\/ugrave.glif","\/mriamc.ufo\/glyphs\/underscore.glif":"\/mriamc.ufo\/glyphs\/underscore.glif","\/mriamc.ufo\/glyphs\/uni007F_.glif":"\/mriamc.ufo\/glyphs\/uni007F_.glif","\/mriamc.ufo\/glyphs\/uni00A_0.glif":"\/mriamc.ufo\/glyphs\/uni00A_0.glif","\/mriamc.ufo\/glyphs\/uni00A_D_.glif":"\/mriamc.ufo\/glyphs\/uni00A_D_.glif","\/mriamc.ufo\/glyphs\/uni00B_2.glif":"\/mriamc.ufo\/glyphs\/uni00B_2.glif","\/mriamc.ufo\/glyphs\/uni00B_3.glif":"\/mriamc.ufo\/glyphs\/uni00B_3.glif","\/mriamc.ufo\/glyphs\/uni00B_5.glif":"\/mriamc.ufo\/glyphs\/uni00B_5.glif","\/mriamc.ufo\/glyphs\/uni00B_9.glif":"\/mriamc.ufo\/glyphs\/uni00B_9.glif","\/mriamc.ufo\/glyphs\/uni0591.glif":"\/mriamc.ufo\/glyphs\/uni0591.glif","\/mriamc.ufo\/glyphs\/uni0592.glif":"\/mriamc.ufo\/glyphs\/uni0592.glif","\/mriamc.ufo\/glyphs\/uni0593.glif":"\/mriamc.ufo\/glyphs\/uni0593.glif","\/mriamc.ufo\/glyphs\/uni0594.glif":"\/mriamc.ufo\/glyphs\/uni0594.glif","\/mriamc.ufo\/glyphs\/uni0595.glif":"\/mriamc.ufo\/glyphs\/uni0595.glif","\/mriamc.ufo\/glyphs\/uni0596.glif":"\/mriamc.ufo\/glyphs\/uni0596.glif","\/mriamc.ufo\/glyphs\/uni0597.glif":"\/mriamc.ufo\/glyphs\/uni0597.glif","\/mriamc.ufo\/glyphs\/uni0598.glif":"\/mriamc.ufo\/glyphs\/uni0598.glif","\/mriamc.ufo\/glyphs\/uni0599.glif":"\/mriamc.ufo\/glyphs\/uni0599.glif","\/mriamc.ufo\/glyphs\/uni059A_.glif":"\/mriamc.ufo\/glyphs\/uni059A_.glif","\/mriamc.ufo\/glyphs\/uni059B_.glif":"\/mriamc.ufo\/glyphs\/uni059B_.glif","\/mriamc.ufo\/glyphs\/uni059C_.glif":"\/mriamc.ufo\/glyphs\/uni059C_.glif","\/mriamc.ufo\/glyphs\/uni059D_.glif":"\/mriamc.ufo\/glyphs\/uni059D_.glif","\/mriamc.ufo\/glyphs\/uni059E_.glif":"\/mriamc.ufo\/glyphs\/uni059E_.glif","\/mriamc.ufo\/glyphs\/uni059F_.glif":"\/mriamc.ufo\/glyphs\/uni059F_.glif","\/mriamc.ufo\/glyphs\/uni05A_0.glif":"\/mriamc.ufo\/glyphs\/uni05A_0.glif","\/mriamc.ufo\/glyphs\/uni05A_1.glif":"\/mriamc.ufo\/glyphs\/uni05A_1.glif","\/mriamc.ufo\/glyphs\/uni05A_2.glif":"\/mriamc.ufo\/glyphs\/uni05A_2.glif","\/mriamc.ufo\/glyphs\/uni05A_3.glif":"\/mriamc.ufo\/glyphs\/uni05A_3.glif","\/mriamc.ufo\/glyphs\/uni05A_4.glif":"\/mriamc.ufo\/glyphs\/uni05A_4.glif","\/mriamc.ufo\/glyphs\/uni05A_5.glif":"\/mriamc.ufo\/glyphs\/uni05A_5.glif","\/mriamc.ufo\/glyphs\/uni05A_6.glif":"\/mriamc.ufo\/glyphs\/uni05A_6.glif","\/mriamc.ufo\/glyphs\/uni05A_7.glif":"\/mriamc.ufo\/glyphs\/uni05A_7.glif","\/mriamc.ufo\/glyphs\/uni05A_8.glif":"\/mriamc.ufo\/glyphs\/uni05A_8.glif","\/mriamc.ufo\/glyphs\/uni05A_9.glif":"\/mriamc.ufo\/glyphs\/uni05A_9.glif","\/mriamc.ufo\/glyphs\/uni05A_A_.glif":"\/mriamc.ufo\/glyphs\/uni05A_A_.glif","\/mriamc.ufo\/glyphs\/uni05A_B_.glif":"\/mriamc.ufo\/glyphs\/uni05A_B_.glif","\/mriamc.ufo\/glyphs\/uni05A_C_.glif":"\/mriamc.ufo\/glyphs\/uni05A_C_.glif","\/mriamc.ufo\/glyphs\/uni05A_D_.glif":"\/mriamc.ufo\/glyphs\/uni05A_D_.glif","\/mriamc.ufo\/glyphs\/uni05A_E_.glif":"\/mriamc.ufo\/glyphs\/uni05A_E_.glif","\/mriamc.ufo\/glyphs\/uni05A_F_.glif":"\/mriamc.ufo\/glyphs\/uni05A_F_.glif","\/mriamc.ufo\/glyphs\/uni05B_A_.glif":"\/mriamc.ufo\/glyphs\/uni05B_A_.glif","\/mriamc.ufo\/glyphs\/uni05C_4.glif":"\/mriamc.ufo\/glyphs\/uni05C_4.glif","\/mriamc.ufo\/glyphs\/uni05C_5.glif":"\/mriamc.ufo\/glyphs\/uni05C_5.glif","\/mriamc.ufo\/glyphs\/uni05C_6.glif":"\/mriamc.ufo\/glyphs\/uni05C_6.glif","\/mriamc.ufo\/glyphs\/uni05C_7.glif":"\/mriamc.ufo\/glyphs\/uni05C_7.glif","\/mriamc.ufo\/glyphs\/uni05F_3.glif":"\/mriamc.ufo\/glyphs\/uni05F_3.glif","\/mriamc.ufo\/glyphs\/uni05F_4.glif":"\/mriamc.ufo\/glyphs\/uni05F_4.glif","\/mriamc.ufo\/glyphs\/uni25C_C_.glif":"\/mriamc.ufo\/glyphs\/uni25C_C_.glif","\/mriamc.ufo\/glyphs\/uni2643.glif":"\/mriamc.ufo\/glyphs\/uni2643.glif","\/mriamc.ufo\/glyphs\/uniF_B_1D_.glif":"\/mriamc.ufo\/glyphs\/uniF_B_1D_.glif","\/mriamc.ufo\/glyphs\/uniF_B_1E_.glif":"\/mriamc.ufo\/glyphs\/uniF_B_1E_.glif","\/mriamc.ufo\/glyphs\/uniF_B_1F_.glif":"\/mriamc.ufo\/glyphs\/uniF_B_1F_.glif","\/mriamc.ufo\/glyphs\/uniF_B_20.glif":"\/mriamc.ufo\/glyphs\/uniF_B_20.glif","\/mriamc.ufo\/glyphs\/uniF_B_21.glif":"\/mriamc.ufo\/glyphs\/uniF_B_21.glif","\/mriamc.ufo\/glyphs\/uniF_B_22.glif":"\/mriamc.ufo\/glyphs\/uniF_B_22.glif","\/mriamc.ufo\/glyphs\/uniF_B_23.glif":"\/mriamc.ufo\/glyphs\/uniF_B_23.glif","\/mriamc.ufo\/glyphs\/uniF_B_24.glif":"\/mriamc.ufo\/glyphs\/uniF_B_24.glif","\/mriamc.ufo\/glyphs\/uniF_B_25.glif":"\/mriamc.ufo\/glyphs\/uniF_B_25.glif","\/mriamc.ufo\/glyphs\/uniF_B_26.glif":"\/mriamc.ufo\/glyphs\/uniF_B_26.glif","\/mriamc.ufo\/glyphs\/uniF_B_27.glif":"\/mriamc.ufo\/glyphs\/uniF_B_27.glif","\/mriamc.ufo\/glyphs\/uniF_B_28.glif":"\/mriamc.ufo\/glyphs\/uniF_B_28.glif","\/mriamc.ufo\/glyphs\/uniF_B_29.glif":"\/mriamc.ufo\/glyphs\/uniF_B_29.glif","\/mriamc.ufo\/glyphs\/uniF_B_2A_.glif":"\/mriamc.ufo\/glyphs\/uniF_B_2A_.glif","\/mriamc.ufo\/glyphs\/uniF_B_2B_.glif":"\/mriamc.ufo\/glyphs\/uniF_B_2B_.glif","\/mriamc.ufo\/glyphs\/uniF_B_2C_.glif":"\/mriamc.ufo\/glyphs\/uniF_B_2C_.glif","\/mriamc.ufo\/glyphs\/uniF_B_2D_.glif":"\/mriamc.ufo\/glyphs\/uniF_B_2D_.glif","\/mriamc.ufo\/glyphs\/uniF_B_2E_.glif":"\/mriamc.ufo\/glyphs\/uniF_B_2E_.glif","\/mriamc.ufo\/glyphs\/uniF_B_2F_.glif":"\/mriamc.ufo\/glyphs\/uniF_B_2F_.glif","\/mriamc.ufo\/glyphs\/uniF_B_30.glif":"\/mriamc.ufo\/glyphs\/uniF_B_30.glif","\/mriamc.ufo\/glyphs\/uniF_B_31.glif":"\/mriamc.ufo\/glyphs\/uniF_B_31.glif","\/mriamc.ufo\/glyphs\/uniF_B_32.glif":"\/mriamc.ufo\/glyphs\/uniF_B_32.glif","\/mriamc.ufo\/glyphs\/uniF_B_33.glif":"\/mriamc.ufo\/glyphs\/uniF_B_33.glif","\/mriamc.ufo\/glyphs\/uniF_B_34.glif":"\/mriamc.ufo\/glyphs\/uniF_B_34.glif","\/mriamc.ufo\/glyphs\/uniF_B_35.glif":"\/mriamc.ufo\/glyphs\/uniF_B_35.glif","\/mriamc.ufo\/glyphs\/uniF_B_36.glif":"\/mriamc.ufo\/glyphs\/uniF_B_36.glif","\/mriamc.ufo\/glyphs\/uniF_B_38.glif":"\/mriamc.ufo\/glyphs\/uniF_B_38.glif","\/mriamc.ufo\/glyphs\/uniF_B_39.glif":"\/mriamc.ufo\/glyphs\/uniF_B_39.glif","\/mriamc.ufo\/glyphs\/uniF_B_3A_.glif":"\/mriamc.ufo\/glyphs\/uniF_B_3A_.glif","\/mriamc.ufo\/glyphs\/uniF_B_3B_.glif":"\/mriamc.ufo\/glyphs\/uniF_B_3B_.glif","\/mriamc.ufo\/glyphs\/uniF_B_3C_.glif":"\/mriamc.ufo\/glyphs\/uniF_B_3C_.glif","\/mriamc.ufo\/glyphs\/uniF_B_3E_.glif":"\/mriamc.ufo\/glyphs\/uniF_B_3E_.glif","\/mriamc.ufo\/glyphs\/uniF_B_40.glif":"\/mriamc.ufo\/glyphs\/uniF_B_40.glif","\/mriamc.ufo\/glyphs\/uniF_B_41.glif":"\/mriamc.ufo\/glyphs\/uniF_B_41.glif","\/mriamc.ufo\/glyphs\/uniF_B_43.glif":"\/mriamc.ufo\/glyphs\/uniF_B_43.glif","\/mriamc.ufo\/glyphs\/uniF_B_44.glif":"\/mriamc.ufo\/glyphs\/uniF_B_44.glif","\/mriamc.ufo\/glyphs\/uniF_B_46.glif":"\/mriamc.ufo\/glyphs\/uniF_B_46.glif","\/mriamc.ufo\/glyphs\/uniF_B_47.glif":"\/mriamc.ufo\/glyphs\/uniF_B_47.glif","\/mriamc.ufo\/glyphs\/uniF_B_48.glif":"\/mriamc.ufo\/glyphs\/uniF_B_48.glif","\/mriamc.ufo\/glyphs\/uniF_B_49.glif":"\/mriamc.ufo\/glyphs\/uniF_B_49.glif","\/mriamc.ufo\/glyphs\/uniF_B_4A_.glif":"\/mriamc.ufo\/glyphs\/uniF_B_4A_.glif","\/mriamc.ufo\/glyphs\/uniF_B_4B_.glif":"\/mriamc.ufo\/glyphs\/uniF_B_4B_.glif","\/mriamc.ufo\/glyphs\/uniF_B_4C_.glif":"\/mriamc.ufo\/glyphs\/uniF_B_4C_.glif","\/mriamc.ufo\/glyphs\/uniF_B_4D_.glif":"\/mriamc.ufo\/glyphs\/uniF_B_4D_.glif","\/mriamc.ufo\/glyphs\/uniF_B_4E_.glif":"\/mriamc.ufo\/glyphs\/uniF_B_4E_.glif","\/mriamc.ufo\/glyphs\/uniF_B_4F_.glif":"\/mriamc.ufo\/glyphs\/uniF_B_4F_.glif","\/mriamc.ufo\/glyphs\/v.glif":"\/mriamc.ufo\/glyphs\/v.glif","\/mriamc.ufo\/glyphs\/w.glif":"\/mriamc.ufo\/glyphs\/w.glif","\/mriamc.ufo\/glyphs\/x.glif":"\/mriamc.ufo\/glyphs\/x.glif","\/mriamc.ufo\/glyphs\/y.glif":"\/mriamc.ufo\/glyphs\/y.glif","\/mriamc.ufo\/glyphs\/yacute.glif":"\/mriamc.ufo\/glyphs\/yacute.glif","\/mriamc.ufo\/glyphs\/ydieresis.glif":"\/mriamc.ufo\/glyphs\/ydieresis.glif","\/mriamc.ufo\/glyphs\/yen.glif":"\/mriamc.ufo\/glyphs\/yen.glif","\/mriamc.ufo\/glyphs\/z.glif":"\/mriamc.ufo\/glyphs\/z.glif","\/mriamc.ufo\/glyphs\/zcaron.glif":"\/mriamc.ufo\/glyphs\/zcaron.glif","\/mriamc.ufo\/glyphs\/zero.glif":"\/mriamc.ufo\/glyphs\/zero.glif"},"Font":{"uploaded":1489321546.948,"licence":"gpl3","company":"Chronolabs Cooperative","title":"Miriam Fixed","version":3.002,"date":"Fri Nov 25 21:51:41 2016","creator":"root","type":"1","matrix":"0.000488281 0 0 0.000488281 0 0","named":"MiriamFixed","painttype":"0","info":"10 dict dup","name":"Miriam Fixed","family":"Miriam Fixed","weight":"Book","fstype":"8","italicangle":"0","underlineposition":"","underlinethickness":""},"Licences":{"":false},"Table":{"FFTM":{"entryLength":16,"tag":"FFTM","checksum":1962488650,"offset":40760,"length":28},"GDEF":{"entryLength":16,"tag":"GDEF","checksum":27197444,"offset":40728,"length":32},"OS\/2":{"entryLength":16,"tag":"OS\/2","checksum":3436717506,"offset":344,"length":86},"cmap":{"entryLength":16,"tag":"cmap","checksum":2112564455,"offset":1816,"length":1044},"gasp":{"entryLength":16,"tag":"gasp","checksum":4294901763,"offset":40720,"length":8},"glyf":{"entryLength":16,"tag":"glyf","checksum":2577071525,"offset":3604,"length":34220},"head":{"entryLength":16,"tag":"head","checksum":246768215,"offset":220,"length":54},"hhea":{"entryLength":16,"tag":"hhea","checksum":207095486,"offset":276,"length":36},"hmtx":{"entryLength":16,"tag":"hmtx","checksum":555093465,"offset":432,"length":1382},"loca":{"entryLength":16,"tag":"loca","checksum":2138201272,"offset":2860,"length":742},"maxp":{"entryLength":16,"tag":"maxp","checksum":30015692,"offset":312,"length":32},"name":{"entryLength":16,"tag":"name","checksum":3294744942,"offset":37824,"length":690},"post":{"entryLength":16,"tag":"post","checksum":2254596435,"offset":38516,"length":2203}},"UnicodeCharMap":{"32":3,"33":4,"34":5,"35":6,"36":7,"37":8,"38":9,"39":10,"40":11,"41":12,"42":13,"43":14,"44":15,"45":16,"46":17,"47":18,"48":19,"49":20,"50":21,"51":22,"52":23,"53":24,"54":25,"55":26,"56":27,"57":28,"58":29,"59":30,"60":31,"61":32,"62":33,"63":34,"64":35,"65":36,"66":37,"67":38,"68":39,"69":40,"70":41,"71":42,"72":43,"73":44,"74":45,"75":46,"76":47,"77":48,"78":49,"79":50,"80":51,"81":52,"82":53,"83":54,"84":55,"85":56,"86":57,"87":58,"88":59,"89":60,"90":61,"91":62,"92":63,"93":64,"94":65,"95":66,"96":67,"97":68,"98":69,"99":70,"100":71,"101":72,"102":73,"103":74,"104":75,"105":76,"106":77,"107":78,"108":79,"109":80,"110":81,"111":82,"112":83,"113":84,"114":85,"115":86,"116":87,"117":88,"118":89,"119":90,"120":91,"121":92,"122":93,"123":94,"124":95,"125":96,"126":97,"127":98,"160":99,"161":100,"162":101,"163":102,"164":103,"165":104,"166":105,"167":106,"168":107,"169":108,"170":109,"171":110,"172":111,"173":112,"174":113,"175":114,"176":115,"177":116,"178":117,"179":118,"180":119,"181":120,"182":121,"183":122,"184":123,"185":124,"186":125,"187":126,"188":127,"189":128,"190":129,"191":130,"192":131,"193":132,"194":133,"195":134,"196":135,"197":136,"198":137,"199":138,"200":139,"201":140,"202":141,"203":142,"204":143,"205":144,"206":145,"207":146,"208":147,"209":148,"210":149,"211":150,"212":151,"213":152,"214":153,"215":154,"216":155,"217":156,"218":157,"219":158,"220":159,"221":160,"222":161,"223":162,"224":163,"225":164,"226":165,"227":166,"228":167,"229":168,"230":169,"231":170,"232":171,"233":172,"234":173,"235":174,"236":175,"237":176,"238":177,"239":178,"240":179,"241":180,"242":181,"243":182,"244":183,"245":184,"246":185,"247":186,"248":187,"249":188,"250":189,"251":190,"252":191,"253":192,"254":193,"255":194,"305":317,"338":308,"352":307,"353":311,"355":312,"376":314,"381":309,"382":313,"402":195,"710":306,"711":316,"730":315,"732":310,"1425":318,"1426":319,"1427":320,"1428":321,"1429":322,"1430":323,"1431":324,"1432":325,"1433":326,"1434":327,"1435":328,"1436":329,"1437":330,"1438":331,"1439":332,"1440":333,"1441":334,"1442":335,"1443":336,"1444":337,"1445":338,"1446":339,"1447":340,"1448":341,"1449":342,"1450":343,"1451":344,"1452":345,"1453":346,"1454":347,"1455":348,"1456":196,"1457":197,"1458":198,"1459":199,"1460":200,"1461":201,"1462":202,"1463":203,"1464":204,"1465":205,"1466":349,"1467":206,"1468":207,"1469":208,"1470":209,"1471":210,"1472":211,"1473":212,"1474":213,"1475":214,"1476":350,"1477":351,"1478":352,"1479":353,"1488":215,"1489":216,"1490":217,"1491":218,"1492":219,"1493":220,"1494":221,"1495":222,"1496":223,"1497":224,"1498":225,"1499":226,"1500":227,"1501":228,"1502":229,"1503":230,"1504":231,"1505":232,"1506":233,"1507":234,"1508":235,"1509":236,"1510":237,"1511":238,"1512":239,"1513":240,"1514":241,"1520":242,"1521":243,"1522":244,"1523":245,"1524":246,"8206":247,"8207":248,"8211":249,"8212":250,"8216":251,"8217":252,"8218":253,"8220":254,"8221":255,"8222":256,"8224":257,"8225":258,"8226":259,"8230":260,"8240":261,"8249":262,"8250":263,"8362":264,"8364":305,"8482":265,"9676":363,"9795":266,"64285":367,"64286":368,"64287":369,"64288":271,"64289":354,"64290":355,"64291":356,"64292":357,"64293":358,"64294":359,"64295":360,"64296":361,"64297":362,"64298":281,"64299":282,"64300":283,"64301":284,"64302":272,"64303":273,"64304":274,"64305":285,"64306":286,"64307":287,"64308":288,"64309":289,"64310":290,"64312":291,"64313":292,"64314":293,"64315":294,"64316":295,"64318":296,"64320":297,"64321":298,"64323":275,"64324":299,"64326":300,"64327":301,"64328":302,"64329":303,"64330":304,"64331":276,"64332":277,"64333":278,"64334":279,"64335":280},"Reserves":{"fontname":"Miriam Fixed"},"Names":{"Miriam Fixed":{"name":"Miriam Fixed","longitude":"0.00000001","latitude":"0.00000001","country":"","region":"","city":""}},"Nodes":{"mi":{"type":"typal","node":"mi","usage":1,"weight":1},"am":{"type":"typal","node":"am","usage":1,"weight":1},"fi":{"type":"typal","node":"fi","usage":1,"weight":1},"ed":{"type":"typal","node":"ed","usage":1,"weight":1},"mir":{"type":"typal","node":"mir","usage":1,"weight":1},"iam":{"type":"typal","node":"iam","usage":1,"weight":1},"fix":{"type":"typal","node":"fix","usage":1,"weight":1},"xed":{"type":"typal","node":"xed","usage":1,"weight":1},"miri":{"type":"keys","node":"miri","usage":1,"weight":1},"riam":{"type":"keys","node":"riam","usage":1,"weight":1},"fixe":{"type":"keys","node":"fixe","usage":1,"weight":1},"ixed":{"type":"keys","node":"ixed","usage":1,"weight":1},"miria":{"type":"keys","node":"miria","usage":1,"weight":1},"iriam":{"type":"keys","node":"iriam","usage":1,"weight":1},"miriam":{"type":"fixes","node":"miriam","usage":1,"weight":1},"fixed":{"type":"fixes","node":"fixed","usage":1,"weight":1}},"Contributors":[],"FontIdentity":"zinc77:521c601006ab9168a1be87066","Bytes":null,"Networking":[],"barcode":"1qu2Si8muuyS3","referee":"o70wo"}