{"CSS":{"Wingdings 3":"zinc17:f3e2d889405744b0328fdae01.css"},"FontType":"TrueType","FontCopyright":"Wingdings 3 designed by Bigelow & Holmes Inc. for Microsoft Corporation. Copyright (c) 1992 Microsoft Corporation. Pat. pend. All Rights Reserved. (c) 1990-1991 Type Solutions, Inc. All Rights Reserved.","FontName":"Wingdings 3","FontSubfamily":"Book","FontSubfamilyID":"FontForge 2.0 : Wingdings 3 : 4-12-2016","FontFullName":"Wingdings 3","FontVersion":"Version 1.55 ","FontWeight":null,"FontPostscriptName":"Wingdings3","Files":{"\/Wingdings 3.css":"\/Wingdings 3.css","\/font-resource.json":"\/font-resource.json","\/wingdng3.afm":"\/wingdng3.afm","\/wingdng3.cef":"\/wingdng3.cef","\/wingdng3.cff":"\/wingdng3.cff","\/wingdng3.eot":"\/wingdng3.eot","\/wingdng3.gai":"\/wingdng3.gai","\/wingdng3.gsf":"\/wingdng3.gsf","\/wingdng3.otf":"\/wingdng3.otf","\/wingdng3.pf3":"\/wingdng3.pf3","\/wingdng3.pfa":"\/wingdng3.pfa","\/wingdng3.pfb":"\/wingdng3.pfb","\/wingdng3.php":"\/wingdng3.php","\/wingdng3.pt3":"\/wingdng3.pt3","\/wingdng3.sfd":"\/wingdng3.sfd","\/wingdng3.svg":"\/wingdng3.svg","\/wingdng3.t42":"\/wingdng3.t42","\/wingdng3.ttd":"\/wingdng3.ttd","\/wingdng3.ttf":"\/wingdng3.ttf","\/wingdng3.ttg":"\/wingdng3.ttg","\/wingdng3.ufm":"\/wingdng3.ufm","\/wingdng3.woff":"\/wingdng3.woff","\/wingdng3.z":"\/wingdng3.z","\/zinc17:f3e2d889405744b0328fdae01.css":"\/zinc17:f3e2d889405744b0328fdae01.css","\/wingdng3.ufo\/feature.fea":"\/wingdng3.ufo\/feature.fea","\/wingdng3.ufo\/fontinfo.plist":"\/wingdng3.ufo\/fontinfo.plist","\/wingdng3.ufo\/groups.plist":"\/wingdng3.ufo\/groups.plist","\/wingdng3.ufo\/kerning.plist":"\/wingdng3.ufo\/kerning.plist","\/wingdng3.ufo\/metainfo.plist":"\/wingdng3.ufo\/metainfo.plist","\/wingdng3.ufo\/glyphs\/_notdef.glif":"\/wingdng3.ufo\/glyphs\/_notdef.glif","\/wingdng3.ufo\/glyphs\/a1down.glif":"\/wingdng3.ufo\/glyphs\/a1down.glif","\/wingdng3.ufo\/glyphs\/a1left.glif":"\/wingdng3.ufo\/glyphs\/a1left.glif","\/wingdng3.ufo\/glyphs\/a1right.glif":"\/wingdng3.ufo\/glyphs\/a1right.glif","\/wingdng3.ufo\/glyphs\/a1up.glif":"\/wingdng3.ufo\/glyphs\/a1up.glif","\/wingdng3.ufo\/glyphs\/a2clockwise.glif":"\/wingdng3.ufo\/glyphs\/a2clockwise.glif","\/wingdng3.ufo\/glyphs\/a2cntrclockwise.glif":"\/wingdng3.ufo\/glyphs\/a2cntrclockwise.glif","\/wingdng3.ufo\/glyphs\/a2cornerdwnleft.glif":"\/wingdng3.ufo\/glyphs\/a2cornerdwnleft.glif","\/wingdng3.ufo\/glyphs\/a2cornerdwnrt.glif":"\/wingdng3.ufo\/glyphs\/a2cornerdwnrt.glif","\/wingdng3.ufo\/glyphs\/a2cornerleftdwn.glif":"\/wingdng3.ufo\/glyphs\/a2cornerleftdwn.glif","\/wingdng3.ufo\/glyphs\/a2cornerleftup.glif":"\/wingdng3.ufo\/glyphs\/a2cornerleftup.glif","\/wingdng3.ufo\/glyphs\/a2cornerrightup.glif":"\/wingdng3.ufo\/glyphs\/a2cornerrightup.glif","\/wingdng3.ufo\/glyphs\/a2cornerrtdwn.glif":"\/wingdng3.ufo\/glyphs\/a2cornerrtdwn.glif","\/wingdng3.ufo\/glyphs\/a2cornerupleft.glif":"\/wingdng3.ufo\/glyphs\/a2cornerupleft.glif","\/wingdng3.ufo\/glyphs\/a2corneruprt.glif":"\/wingdng3.ufo\/glyphs\/a2corneruprt.glif","\/wingdng3.ufo\/glyphs\/a2down.glif":"\/wingdng3.ufo\/glyphs\/a2down.glif","\/wingdng3.ufo\/glyphs\/a2downdash.glif":"\/wingdng3.ufo\/glyphs\/a2downdash.glif","\/wingdng3.ufo\/glyphs\/a2end.glif":"\/wingdng3.ufo\/glyphs\/a2end.glif","\/wingdng3.ufo\/glyphs\/a2home.glif":"\/wingdng3.ufo\/glyphs\/a2home.glif","\/wingdng3.ufo\/glyphs\/a2left.glif":"\/wingdng3.ufo\/glyphs\/a2left.glif","\/wingdng3.ufo\/glyphs\/a2leftdash.glif":"\/wingdng3.ufo\/glyphs\/a2leftdash.glif","\/wingdng3.ufo\/glyphs\/a2leftright.glif":"\/wingdng3.ufo\/glyphs\/a2leftright.glif","\/wingdng3.ufo\/glyphs\/a2ne.glif":"\/wingdng3.ufo\/glyphs\/a2ne.glif","\/wingdng3.ufo\/glyphs\/a2nw.glif":"\/wingdng3.ufo\/glyphs\/a2nw.glif","\/wingdng3.ufo\/glyphs\/a2opdwnup.glif":"\/wingdng3.ufo\/glyphs\/a2opdwnup.glif","\/wingdng3.ufo\/glyphs\/a2opleftrt.glif":"\/wingdng3.ufo\/glyphs\/a2opleftrt.glif","\/wingdng3.ufo\/glyphs\/a2optabdwnup.glif":"\/wingdng3.ufo\/glyphs\/a2optabdwnup.glif","\/wingdng3.ufo\/glyphs\/a2optableftrt.glif":"\/wingdng3.ufo\/glyphs\/a2optableftrt.glif","\/wingdng3.ufo\/glyphs\/a2pagedown.glif":"\/wingdng3.ufo\/glyphs\/a2pagedown.glif","\/wingdng3.ufo\/glyphs\/a2pageup.glif":"\/wingdng3.ufo\/glyphs\/a2pageup.glif","\/wingdng3.ufo\/glyphs\/a2parlldown.glif":"\/wingdng3.ufo\/glyphs\/a2parlldown.glif","\/wingdng3.ufo\/glyphs\/a2parllleft.glif":"\/wingdng3.ufo\/glyphs\/a2parllleft.glif","\/wingdng3.ufo\/glyphs\/a2parllright.glif":"\/wingdng3.ufo\/glyphs\/a2parllright.glif","\/wingdng3.ufo\/glyphs\/a2parllup.glif":"\/wingdng3.ufo\/glyphs\/a2parllup.glif","\/wingdng3.ufo\/glyphs\/a2right.glif":"\/wingdng3.ufo\/glyphs\/a2right.glif","\/wingdng3.ufo\/glyphs\/a2rightdash.glif":"\/wingdng3.ufo\/glyphs\/a2rightdash.glif","\/wingdng3.ufo\/glyphs\/a2se.glif":"\/wingdng3.ufo\/glyphs\/a2se.glif","\/wingdng3.ufo\/glyphs\/a2sw.glif":"\/wingdng3.ufo\/glyphs\/a2sw.glif","\/wingdng3.ufo\/glyphs\/a2tabdown.glif":"\/wingdng3.ufo\/glyphs\/a2tabdown.glif","\/wingdng3.ufo\/glyphs\/a2tableft.glif":"\/wingdng3.ufo\/glyphs\/a2tableft.glif","\/wingdng3.ufo\/glyphs\/a2tabright.glif":"\/wingdng3.ufo\/glyphs\/a2tabright.glif","\/wingdng3.ufo\/glyphs\/a2tabup.glif":"\/wingdng3.ufo\/glyphs\/a2tabup.glif","\/wingdng3.ufo\/glyphs\/a2uaboveleft.glif":"\/wingdng3.ufo\/glyphs\/a2uaboveleft.glif","\/wingdng3.ufo\/glyphs\/a2ubelowright.glif":"\/wingdng3.ufo\/glyphs\/a2ubelowright.glif","\/wingdng3.ufo\/glyphs\/a2uleftdown.glif":"\/wingdng3.ufo\/glyphs\/a2uleftdown.glif","\/wingdng3.ufo\/glyphs\/a2up.glif":"\/wingdng3.ufo\/glyphs\/a2up.glif","\/wingdng3.ufo\/glyphs\/a2updash.glif":"\/wingdng3.ufo\/glyphs\/a2updash.glif","\/wingdng3.ufo\/glyphs\/a2updown.glif":"\/wingdng3.ufo\/glyphs\/a2updown.glif","\/wingdng3.ufo\/glyphs\/a2urightup.glif":"\/wingdng3.ufo\/glyphs\/a2urightup.glif","\/wingdng3.ufo\/glyphs\/a2zigzag.glif":"\/wingdng3.ufo\/glyphs\/a2zigzag.glif","\/wingdng3.ufo\/glyphs\/a3down.glif":"\/wingdng3.ufo\/glyphs\/a3down.glif","\/wingdng3.ufo\/glyphs\/a3left.glif":"\/wingdng3.ufo\/glyphs\/a3left.glif","\/wingdng3.ufo\/glyphs\/a3right.glif":"\/wingdng3.ufo\/glyphs\/a3right.glif","\/wingdng3.ufo\/glyphs\/a3up.glif":"\/wingdng3.ufo\/glyphs\/a3up.glif","\/wingdng3.ufo\/glyphs\/a4down.glif":"\/wingdng3.ufo\/glyphs\/a4down.glif","\/wingdng3.ufo\/glyphs\/a4left.glif":"\/wingdng3.ufo\/glyphs\/a4left.glif","\/wingdng3.ufo\/glyphs\/a4right.glif":"\/wingdng3.ufo\/glyphs\/a4right.glif","\/wingdng3.ufo\/glyphs\/a4up.glif":"\/wingdng3.ufo\/glyphs\/a4up.glif","\/wingdng3.ufo\/glyphs\/arrowdwnleft.glif":"\/wingdng3.ufo\/glyphs\/arrowdwnleft.glif","\/wingdng3.ufo\/glyphs\/arrowdwnrt.glif":"\/wingdng3.ufo\/glyphs\/arrowdwnrt.glif","\/wingdng3.ufo\/glyphs\/arrowleftdwn.glif":"\/wingdng3.ufo\/glyphs\/arrowleftdwn.glif","\/wingdng3.ufo\/glyphs\/arrowleftup.glif":"\/wingdng3.ufo\/glyphs\/arrowleftup.glif","\/wingdng3.ufo\/glyphs\/arrowrtdwn.glif":"\/wingdng3.ufo\/glyphs\/arrowrtdwn.glif","\/wingdng3.ufo\/glyphs\/arrowrtup.glif":"\/wingdng3.ufo\/glyphs\/arrowrtup.glif","\/wingdng3.ufo\/glyphs\/arrowupleft.glif":"\/wingdng3.ufo\/glyphs\/arrowupleft.glif","\/wingdng3.ufo\/glyphs\/arrowuprt.glif":"\/wingdng3.ufo\/glyphs\/arrowuprt.glif","\/wingdng3.ufo\/glyphs\/b2down.glif":"\/wingdng3.ufo\/glyphs\/b2down.glif","\/wingdng3.ufo\/glyphs\/b2left.glif":"\/wingdng3.ufo\/glyphs\/b2left.glif","\/wingdng3.ufo\/glyphs\/b2leftright.glif":"\/wingdng3.ufo\/glyphs\/b2leftright.glif","\/wingdng3.ufo\/glyphs\/b2ne.glif":"\/wingdng3.ufo\/glyphs\/b2ne.glif","\/wingdng3.ufo\/glyphs\/b2nw.glif":"\/wingdng3.ufo\/glyphs\/b2nw.glif","\/wingdng3.ufo\/glyphs\/b2right.glif":"\/wingdng3.ufo\/glyphs\/b2right.glif","\/wingdng3.ufo\/glyphs\/b2se.glif":"\/wingdng3.ufo\/glyphs\/b2se.glif","\/wingdng3.ufo\/glyphs\/b2sw.glif":"\/wingdng3.ufo\/glyphs\/b2sw.glif","\/wingdng3.ufo\/glyphs\/b2up.glif":"\/wingdng3.ufo\/glyphs\/b2up.glif","\/wingdng3.ufo\/glyphs\/b2updown.glif":"\/wingdng3.ufo\/glyphs\/b2updown.glif","\/wingdng3.ufo\/glyphs\/barb1down.glif":"\/wingdng3.ufo\/glyphs\/barb1down.glif","\/wingdng3.ufo\/glyphs\/barb1left.glif":"\/wingdng3.ufo\/glyphs\/barb1left.glif","\/wingdng3.ufo\/glyphs\/barb1ne.glif":"\/wingdng3.ufo\/glyphs\/barb1ne.glif","\/wingdng3.ufo\/glyphs\/barb1nw.glif":"\/wingdng3.ufo\/glyphs\/barb1nw.glif","\/wingdng3.ufo\/glyphs\/barb1right.glif":"\/wingdng3.ufo\/glyphs\/barb1right.glif","\/wingdng3.ufo\/glyphs\/barb1se.glif":"\/wingdng3.ufo\/glyphs\/barb1se.glif","\/wingdng3.ufo\/glyphs\/barb1sw.glif":"\/wingdng3.ufo\/glyphs\/barb1sw.glif","\/wingdng3.ufo\/glyphs\/barb1up.glif":"\/wingdng3.ufo\/glyphs\/barb1up.glif","\/wingdng3.ufo\/glyphs\/barb3down.glif":"\/wingdng3.ufo\/glyphs\/barb3down.glif","\/wingdng3.ufo\/glyphs\/barb3left.glif":"\/wingdng3.ufo\/glyphs\/barb3left.glif","\/wingdng3.ufo\/glyphs\/barb3ne.glif":"\/wingdng3.ufo\/glyphs\/barb3ne.glif","\/wingdng3.ufo\/glyphs\/barb3nw.glif":"\/wingdng3.ufo\/glyphs\/barb3nw.glif","\/wingdng3.ufo\/glyphs\/barb3right.glif":"\/wingdng3.ufo\/glyphs\/barb3right.glif","\/wingdng3.ufo\/glyphs\/barb3se.glif":"\/wingdng3.ufo\/glyphs\/barb3se.glif","\/wingdng3.ufo\/glyphs\/barb3sw.glif":"\/wingdng3.ufo\/glyphs\/barb3sw.glif","\/wingdng3.ufo\/glyphs\/barb3up.glif":"\/wingdng3.ufo\/glyphs\/barb3up.glif","\/wingdng3.ufo\/glyphs\/barb5down.glif":"\/wingdng3.ufo\/glyphs\/barb5down.glif","\/wingdng3.ufo\/glyphs\/barb5left.glif":"\/wingdng3.ufo\/glyphs\/barb5left.glif","\/wingdng3.ufo\/glyphs\/barb5ne.glif":"\/wingdng3.ufo\/glyphs\/barb5ne.glif","\/wingdng3.ufo\/glyphs\/barb5nw.glif":"\/wingdng3.ufo\/glyphs\/barb5nw.glif","\/wingdng3.ufo\/glyphs\/barb5right.glif":"\/wingdng3.ufo\/glyphs\/barb5right.glif","\/wingdng3.ufo\/glyphs\/barb5se.glif":"\/wingdng3.ufo\/glyphs\/barb5se.glif","\/wingdng3.ufo\/glyphs\/barb5sw.glif":"\/wingdng3.ufo\/glyphs\/barb5sw.glif","\/wingdng3.ufo\/glyphs\/barb5up.glif":"\/wingdng3.ufo\/glyphs\/barb5up.glif","\/wingdng3.ufo\/glyphs\/c1down.glif":"\/wingdng3.ufo\/glyphs\/c1down.glif","\/wingdng3.ufo\/glyphs\/c1left.glif":"\/wingdng3.ufo\/glyphs\/c1left.glif","\/wingdng3.ufo\/glyphs\/c1right.glif":"\/wingdng3.ufo\/glyphs\/c1right.glif","\/wingdng3.ufo\/glyphs\/c1up.glif":"\/wingdng3.ufo\/glyphs\/c1up.glif","\/wingdng3.ufo\/glyphs\/c2down.glif":"\/wingdng3.ufo\/glyphs\/c2down.glif","\/wingdng3.ufo\/glyphs\/c2left.glif":"\/wingdng3.ufo\/glyphs\/c2left.glif","\/wingdng3.ufo\/glyphs\/c2right.glif":"\/wingdng3.ufo\/glyphs\/c2right.glif","\/wingdng3.ufo\/glyphs\/c2up.glif":"\/wingdng3.ufo\/glyphs\/c2up.glif","\/wingdng3.ufo\/glyphs\/c3down.glif":"\/wingdng3.ufo\/glyphs\/c3down.glif","\/wingdng3.ufo\/glyphs\/c3left.glif":"\/wingdng3.ufo\/glyphs\/c3left.glif","\/wingdng3.ufo\/glyphs\/c3right.glif":"\/wingdng3.ufo\/glyphs\/c3right.glif","\/wingdng3.ufo\/glyphs\/c3up.glif":"\/wingdng3.ufo\/glyphs\/c3up.glif","\/wingdng3.ufo\/glyphs\/c4down.glif":"\/wingdng3.ufo\/glyphs\/c4down.glif","\/wingdng3.ufo\/glyphs\/c4left.glif":"\/wingdng3.ufo\/glyphs\/c4left.glif","\/wingdng3.ufo\/glyphs\/c4right.glif":"\/wingdng3.ufo\/glyphs\/c4right.glif","\/wingdng3.ufo\/glyphs\/c4up.glif":"\/wingdng3.ufo\/glyphs\/c4up.glif","\/wingdng3.ufo\/glyphs\/capslock.glif":"\/wingdng3.ufo\/glyphs\/capslock.glif","\/wingdng3.ufo\/glyphs\/contents.plist":"\/wingdng3.ufo\/glyphs\/contents.plist","\/wingdng3.ufo\/glyphs\/control.glif":"\/wingdng3.ufo\/glyphs\/control.glif","\/wingdng3.ufo\/glyphs\/d1left.glif":"\/wingdng3.ufo\/glyphs\/d1left.glif","\/wingdng3.ufo\/glyphs\/d1right.glif":"\/wingdng3.ufo\/glyphs\/d1right.glif","\/wingdng3.ufo\/glyphs\/drawdbldown.glif":"\/wingdng3.ufo\/glyphs\/drawdbldown.glif","\/wingdng3.ufo\/glyphs\/drawdblleft.glif":"\/wingdng3.ufo\/glyphs\/drawdblleft.glif","\/wingdng3.ufo\/glyphs\/drawdblright.glif":"\/wingdng3.ufo\/glyphs\/drawdblright.glif","\/wingdng3.ufo\/glyphs\/drawdblup.glif":"\/wingdng3.ufo\/glyphs\/drawdblup.glif","\/wingdng3.ufo\/glyphs\/drawdown.glif":"\/wingdng3.ufo\/glyphs\/drawdown.glif","\/wingdng3.ufo\/glyphs\/drawleft.glif":"\/wingdng3.ufo\/glyphs\/drawleft.glif","\/wingdng3.ufo\/glyphs\/drawright.glif":"\/wingdng3.ufo\/glyphs\/drawright.glif","\/wingdng3.ufo\/glyphs\/drawup.glif":"\/wingdng3.ufo\/glyphs\/drawup.glif","\/wingdng3.ufo\/glyphs\/e3left.glif":"\/wingdng3.ufo\/glyphs\/e3left.glif","\/wingdng3.ufo\/glyphs\/e3right.glif":"\/wingdng3.ufo\/glyphs\/e3right.glif","\/wingdng3.ufo\/glyphs\/enter.glif":"\/wingdng3.ufo\/glyphs\/enter.glif","\/wingdng3.ufo\/glyphs\/escape1.glif":"\/wingdng3.ufo\/glyphs\/escape1.glif","\/wingdng3.ufo\/glyphs\/f4left.glif":"\/wingdng3.ufo\/glyphs\/f4left.glif","\/wingdng3.ufo\/glyphs\/f4right.glif":"\/wingdng3.ufo\/glyphs\/f4right.glif","\/wingdng3.ufo\/glyphs\/g51.glif":"\/wingdng3.ufo\/glyphs\/g51.glif","\/wingdng3.ufo\/glyphs\/g5dash2.glif":"\/wingdng3.ufo\/glyphs\/g5dash2.glif","\/wingdng3.ufo\/glyphs\/g5dash3.glif":"\/wingdng3.ufo\/glyphs\/g5dash3.glif","\/wingdng3.ufo\/glyphs\/g5dash4.glif":"\/wingdng3.ufo\/glyphs\/g5dash4.glif","\/wingdng3.ufo\/glyphs\/g5left.glif":"\/wingdng3.ufo\/glyphs\/g5left.glif","\/wingdng3.ufo\/glyphs\/g5right.glif":"\/wingdng3.ufo\/glyphs\/g5right.glif","\/wingdng3.ufo\/glyphs\/h6left.glif":"\/wingdng3.ufo\/glyphs\/h6left.glif","\/wingdng3.ufo\/glyphs\/h6right.glif":"\/wingdng3.ufo\/glyphs\/h6right.glif","\/wingdng3.ufo\/glyphs\/headdown.glif":"\/wingdng3.ufo\/glyphs\/headdown.glif","\/wingdng3.ufo\/glyphs\/headleft.glif":"\/wingdng3.ufo\/glyphs\/headleft.glif","\/wingdng3.ufo\/glyphs\/headright.glif":"\/wingdng3.ufo\/glyphs\/headright.glif","\/wingdng3.ufo\/glyphs\/headup.glif":"\/wingdng3.ufo\/glyphs\/headup.glif","\/wingdng3.ufo\/glyphs\/i8left.glif":"\/wingdng3.ufo\/glyphs\/i8left.glif","\/wingdng3.ufo\/glyphs\/i8right.glif":"\/wingdng3.ufo\/glyphs\/i8right.glif","\/wingdng3.ufo\/glyphs\/j6down.glif":"\/wingdng3.ufo\/glyphs\/j6down.glif","\/wingdng3.ufo\/glyphs\/j6left.glif":"\/wingdng3.ufo\/glyphs\/j6left.glif","\/wingdng3.ufo\/glyphs\/j6right.glif":"\/wingdng3.ufo\/glyphs\/j6right.glif","\/wingdng3.ufo\/glyphs\/j6up.glif":"\/wingdng3.ufo\/glyphs\/j6up.glif","\/wingdng3.ufo\/glyphs\/k6down.glif":"\/wingdng3.ufo\/glyphs\/k6down.glif","\/wingdng3.ufo\/glyphs\/k6left.glif":"\/wingdng3.ufo\/glyphs\/k6left.glif","\/wingdng3.ufo\/glyphs\/k6right.glif":"\/wingdng3.ufo\/glyphs\/k6right.glif","\/wingdng3.ufo\/glyphs\/k6up.glif":"\/wingdng3.ufo\/glyphs\/k6up.glif","\/wingdng3.ufo\/glyphs\/l7down.glif":"\/wingdng3.ufo\/glyphs\/l7down.glif","\/wingdng3.ufo\/glyphs\/l7left.glif":"\/wingdng3.ufo\/glyphs\/l7left.glif","\/wingdng3.ufo\/glyphs\/l7right.glif":"\/wingdng3.ufo\/glyphs\/l7right.glif","\/wingdng3.ufo\/glyphs\/l7up.glif":"\/wingdng3.ufo\/glyphs\/l7up.glif","\/wingdng3.ufo\/glyphs\/m9down.glif":"\/wingdng3.ufo\/glyphs\/m9down.glif","\/wingdng3.ufo\/glyphs\/m9left.glif":"\/wingdng3.ufo\/glyphs\/m9left.glif","\/wingdng3.ufo\/glyphs\/m9right.glif":"\/wingdng3.ufo\/glyphs\/m9right.glif","\/wingdng3.ufo\/glyphs\/m9up.glif":"\/wingdng3.ufo\/glyphs\/m9up.glif","\/wingdng3.ufo\/glyphs\/n7down.glif":"\/wingdng3.ufo\/glyphs\/n7down.glif","\/wingdng3.ufo\/glyphs\/n7left.glif":"\/wingdng3.ufo\/glyphs\/n7left.glif","\/wingdng3.ufo\/glyphs\/n7right.glif":"\/wingdng3.ufo\/glyphs\/n7right.glif","\/wingdng3.ufo\/glyphs\/n7up.glif":"\/wingdng3.ufo\/glyphs\/n7up.glif","\/wingdng3.ufo\/glyphs\/newlineleft.glif":"\/wingdng3.ufo\/glyphs\/newlineleft.glif","\/wingdng3.ufo\/glyphs\/newlineright.glif":"\/wingdng3.ufo\/glyphs\/newlineright.glif","\/wingdng3.ufo\/glyphs\/nobreakspacemark.glif":"\/wingdng3.ufo\/glyphs\/nobreakspacemark.glif","\/wingdng3.ufo\/glyphs\/oleftoblqshad.glif":"\/wingdng3.ufo\/glyphs\/oleftoblqshad.glif","\/wingdng3.ufo\/glyphs\/oleftoblqshadup.glif":"\/wingdng3.ufo\/glyphs\/oleftoblqshadup.glif","\/wingdng3.ufo\/glyphs\/oleftshadlft.glif":"\/wingdng3.ufo\/glyphs\/oleftshadlft.glif","\/wingdng3.ufo\/glyphs\/oleftshadow.glif":"\/wingdng3.ufo\/glyphs\/oleftshadow.glif","\/wingdng3.ufo\/glyphs\/oleftshadrt.glif":"\/wingdng3.ufo\/glyphs\/oleftshadrt.glif","\/wingdng3.ufo\/glyphs\/oleftshadup.glif":"\/wingdng3.ufo\/glyphs\/oleftshadup.glif","\/wingdng3.ufo\/glyphs\/option.glif":"\/wingdng3.ufo\/glyphs\/option.glif","\/wingdng3.ufo\/glyphs\/orightoblqshad.glif":"\/wingdng3.ufo\/glyphs\/orightoblqshad.glif","\/wingdng3.ufo\/glyphs\/orightoblqshadup.glif":"\/wingdng3.ufo\/glyphs\/orightoblqshadup.glif","\/wingdng3.ufo\/glyphs\/orightshadlft.glif":"\/wingdng3.ufo\/glyphs\/orightshadlft.glif","\/wingdng3.ufo\/glyphs\/orightshadow.glif":"\/wingdng3.ufo\/glyphs\/orightshadow.glif","\/wingdng3.ufo\/glyphs\/orightshadrt.glif":"\/wingdng3.ufo\/glyphs\/orightshadrt.glif","\/wingdng3.ufo\/glyphs\/orightshadup.glif":"\/wingdng3.ufo\/glyphs\/orightshadup.glif","\/wingdng3.ufo\/glyphs\/returnleft.glif":"\/wingdng3.ufo\/glyphs\/returnleft.glif","\/wingdng3.ufo\/glyphs\/returnright.glif":"\/wingdng3.ufo\/glyphs\/returnright.glif","\/wingdng3.ufo\/glyphs\/shiftlock.glif":"\/wingdng3.ufo\/glyphs\/shiftlock.glif","\/wingdng3.ufo\/glyphs\/space.glif":"\/wingdng3.ufo\/glyphs\/space.glif","\/wingdng3.ufo\/glyphs\/spacemark.glif":"\/wingdng3.ufo\/glyphs\/spacemark.glif","\/wingdng3.ufo\/glyphs\/triang45baseleft.glif":"\/wingdng3.ufo\/glyphs\/triang45baseleft.glif","\/wingdng3.ufo\/glyphs\/triangle45basert.glif":"\/wingdng3.ufo\/glyphs\/triangle45basert.glif","\/wingdng3.ufo\/glyphs\/triangle45down.glif":"\/wingdng3.ufo\/glyphs\/triangle45down.glif","\/wingdng3.ufo\/glyphs\/triangle45left.glif":"\/wingdng3.ufo\/glyphs\/triangle45left.glif","\/wingdng3.ufo\/glyphs\/triangle45right.glif":"\/wingdng3.ufo\/glyphs\/triangle45right.glif","\/wingdng3.ufo\/glyphs\/triangle45toppleft.glif":"\/wingdng3.ufo\/glyphs\/triangle45toppleft.glif","\/wingdng3.ufo\/glyphs\/triangle45toprt.glif":"\/wingdng3.ufo\/glyphs\/triangle45toprt.glif","\/wingdng3.ufo\/glyphs\/triangle45up.glif":"\/wingdng3.ufo\/glyphs\/triangle45up.glif","\/wingdng3.ufo\/glyphs\/trianglecentdwn.glif":"\/wingdng3.ufo\/glyphs\/trianglecentdwn.glif","\/wingdng3.ufo\/glyphs\/trianglecentleft.glif":"\/wingdng3.ufo\/glyphs\/trianglecentleft.glif","\/wingdng3.ufo\/glyphs\/trianglecentrt.glif":"\/wingdng3.ufo\/glyphs\/trianglecentrt.glif","\/wingdng3.ufo\/glyphs\/trianglecentup.glif":"\/wingdng3.ufo\/glyphs\/trianglecentup.glif","\/wingdng3.ufo\/glyphs\/triangledwn.glif":"\/wingdng3.ufo\/glyphs\/triangledwn.glif","\/wingdng3.ufo\/glyphs\/triangleleft.glif":"\/wingdng3.ufo\/glyphs\/triangleleft.glif","\/wingdng3.ufo\/glyphs\/triangleopendwn.glif":"\/wingdng3.ufo\/glyphs\/triangleopendwn.glif","\/wingdng3.ufo\/glyphs\/triangleopenleft.glif":"\/wingdng3.ufo\/glyphs\/triangleopenleft.glif","\/wingdng3.ufo\/glyphs\/triangleopenrt.glif":"\/wingdng3.ufo\/glyphs\/triangleopenrt.glif","\/wingdng3.ufo\/glyphs\/triangleopenup.glif":"\/wingdng3.ufo\/glyphs\/triangleopenup.glif","\/wingdng3.ufo\/glyphs\/trianglert.glif":"\/wingdng3.ufo\/glyphs\/trianglert.glif","\/wingdng3.ufo\/glyphs\/triangleup.glif":"\/wingdng3.ufo\/glyphs\/triangleup.glif","\/wingdng3.ufo\/glyphs\/uni000D_.glif":"\/wingdng3.ufo\/glyphs\/uni000D_.glif","\/wingdng3.ufo\/glyphs\/uni001D_.glif":"\/wingdng3.ufo\/glyphs\/uni001D_.glif"},"Font":{"uploaded":1489224213.8724,"licence":"gpl3","company":"Chronolabs Cooperative","title":"Wingdings 3","version":3.002,"date":"Fri Nov 25 22:18:13 2016","creator":"root","type":"1","matrix":"0.000488281 0 0 0.000488281 0 0","named":"Wingdings3","painttype":"0","info":"10 dict dup","name":"Wingdings 3","family":"Wingdings 3","weight":"Book","fstype":"8","italicangle":"0","underlineposition":"","underlinethickness":""},"Licences":{"":false},"Table":{"FFTM":{"entryLength":16,"tag":"FFTM","checksum":1962491834,"offset":15828,"length":28},"GDEF":{"entryLength":16,"tag":"GDEF","checksum":16842757,"offset":15796,"length":32},"OS\/2":{"entryLength":16,"tag":"OS\/2","checksum":1693225015,"offset":344,"length":86},"cmap":{"entryLength":16,"tag":"cmap","checksum":2325228566,"offset":1280,"length":378},"gasp":{"entryLength":16,"tag":"gasp","checksum":4294901763,"offset":15788,"length":8},"glyf":{"entryLength":16,"tag":"glyf","checksum":220683464,"offset":2088,"length":10152},"head":{"entryLength":16,"tag":"head","checksum":271269429,"offset":220,"length":54},"hhea":{"entryLength":16,"tag":"hhea","checksum":274662915,"offset":276,"length":36},"hmtx":{"entryLength":16,"tag":"hmtx","checksum":356158628,"offset":432,"length":846},"loca":{"entryLength":16,"tag":"loca","checksum":1468157326,"offset":1660,"length":426},"maxp":{"entryLength":16,"tag":"maxp","checksum":18546722,"offset":312,"length":32},"name":{"entryLength":16,"tag":"name","checksum":2863482108,"offset":12240,"length":1065},"post":{"entryLength":16,"tag":"post","checksum":2690035236,"offset":13308,"length":2478}},"UnicodeCharMap":{"13":2,"29":3,"32":4,"8598":174,"8682":61,"8883":88,"8963":56,"8997":57},"Reserves":{"fontname":"Wingdings 3"},"Names":{"Wingdings 3":{"name":"Wingdings 3","longitude":"0.00000001","latitude":"0.00000001","country":"","region":"","city":""}},"Nodes":{"wi":{"type":"typal","node":"wi","usage":1,"weight":1},"gs":{"type":"typal","node":"gs","usage":1,"weight":1},"win":{"type":"typal","node":"win","usage":1,"weight":1},"ngs":{"type":"typal","node":"ngs","usage":1,"weight":1},"wing":{"type":"keys","node":"wing","usage":1,"weight":1},"ings":{"type":"keys","node":"ings","usage":1,"weight":1},"wingd":{"type":"keys","node":"wingd","usage":1,"weight":1},"dings":{"type":"keys","node":"dings","usage":1,"weight":1},"wingdings":{"type":"fixes","node":"wingdings","usage":1,"weight":1},"3":{"type":"fixes","node":3,"usage":1,"weight":1}},"Contributors":[],"FontIdentity":"zinc17:f3e2d889405744b0328fdae01","Bytes":null,"Networking":[],"barcode":"12seamygqqw4w3","referee":"oauum"}