{"CSS":{"Vampir":"Vampir.css"},"FontType":"TrueType","FontCopyright":"N\/A","FontName":"Vampir","FontSubfamily":"Medium","FontSubfamilyID":"FontForge 2.0 : Vampir : 7-5-2017","FontFullName":"Vampir","FontVersion":"Version 001.001 ","FontWeight":null,"FontPostscriptName":"Vampir","Files":{"vampir.afm":"vampir.afm","vampir.bin":"vampir.bin","vampir.cef":"vampir.cef","vampir.cff":"vampir.cff","vampir.cid":"vampir.cid","vampir.dfont":"vampir.dfont","vampir.eot":"vampir.eot","vampir.fon":"vampir.fon","vampir.gai":"vampir.gai","vampir.gsf":"vampir.gsf","vampir.hqx":"vampir.hqx","vampir.ik":"vampir.ik","vampir.mf":"vampir.mf","vampir.otf":"vampir.otf","vampir.pcf":"vampir.pcf","vampir.pf3":"vampir.pf3","vampir.pfa":"vampir.pfa","vampir.pfb":"vampir.pfb","vampir.php":"vampir.php","vampir.pmf":"vampir.pmf","vampir.pt3":"vampir.pt3","vampir.sfd":"vampir.sfd","vampir.svg":"vampir.svg","vampir.t42":"vampir.t42","vampir.ttd":"vampir.ttd","vampir.ttf":"vampir.ttf","vampir.ttg":"vampir.ttg","vampir.ufm":"vampir.ufm","vampir.woff":"vampir.woff","vampir.z":"vampir.z","":{"vampir.afm":"vampir.afm","vampir.bin":"vampir.bin","vampir.cef":"vampir.cef","vampir.cff":"vampir.cff","vampir.cid":"vampir.cid","vampir.dfont":"vampir.dfont","vampir.eot":"vampir.eot","vampir.fon":"vampir.fon","vampir.gai":"vampir.gai","vampir.gsf":"vampir.gsf","vampir.hqx":"vampir.hqx","vampir.ik":"vampir.ik","vampir.mf":"vampir.mf","vampir.otf":"vampir.otf","vampir.pcf":"vampir.pcf","vampir.pf3":"vampir.pf3","vampir.pfa":"vampir.pfa","vampir.pfb":"vampir.pfb","vampir.php":"vampir.php","vampir.pmf":"vampir.pmf","vampir.pt3":"vampir.pt3","vampir.sfd":"vampir.sfd","vampir.svg":"vampir.svg","vampir.t42":"vampir.t42","vampir.ttd":"vampir.ttd","vampir.ttf":"vampir.ttf","vampir.ttg":"vampir.ttg","vampir.ufm":"vampir.ufm","vampir.woff":"vampir.woff","vampir.z":"vampir.z"},"\/vampir.ufo":{"features.fea":"features.fea","fontinfo.plist":"fontinfo.plist","metainfo.plist":"metainfo.plist"},"\/vampir.ufo\/glyphs":{"A_.glif":"A_.glif","A_E_.glif":"A_E_.glif","A_acute.glif":"A_acute.glif","A_circumflex.glif":"A_circumflex.glif","A_dieresis.glif":"A_dieresis.glif","A_grave.glif":"A_grave.glif","A_ring.glif":"A_ring.glif","A_tilde.glif":"A_tilde.glif","B_.glif":"B_.glif","C_.glif":"C_.glif","C_cedilla.glif":"C_cedilla.glif","D_.glif":"D_.glif","D_elta.glif":"D_elta.glif","E_.glif":"E_.glif","E_acute.glif":"E_acute.glif","E_circumflex.glif":"E_circumflex.glif","E_dieresis.glif":"E_dieresis.glif","E_grave.glif":"E_grave.glif","F_.glif":"F_.glif","G_.glif":"G_.glif","H_.glif":"H_.glif","I_.glif":"I_.glif","I_acute.glif":"I_acute.glif","I_circumflex.glif":"I_circumflex.glif","I_dieresis.glif":"I_dieresis.glif","I_grave.glif":"I_grave.glif","J_.glif":"J_.glif","K_.glif":"K_.glif","L_.glif":"L_.glif","M_.glif":"M_.glif","N_.glif":"N_.glif","N_tilde.glif":"N_tilde.glif","O_.glif":"O_.glif","O_E_.glif":"O_E_.glif","O_acute.glif":"O_acute.glif","O_circumflex.glif":"O_circumflex.glif","O_dieresis.glif":"O_dieresis.glif","O_grave.glif":"O_grave.glif","O_slash.glif":"O_slash.glif","O_tilde.glif":"O_tilde.glif","P_.glif":"P_.glif","Q_.glif":"Q_.glif","R_.glif":"R_.glif","S_.glif":"S_.glif","S_caron.glif":"S_caron.glif","T_.glif":"T_.glif","U_.glif":"U_.glif","U_acute.glif":"U_acute.glif","U_circumflex.glif":"U_circumflex.glif","U_dieresis.glif":"U_dieresis.glif","U_grave.glif":"U_grave.glif","V_.glif":"V_.glif","W_.glif":"W_.glif","X_.glif":"X_.glif","Y_.glif":"Y_.glif","Y_dieresis.glif":"Y_dieresis.glif","Z_.glif":"Z_.glif","Z_caron.glif":"Z_caron.glif","a.glif":"a.glif","aacute.glif":"aacute.glif","acircumflex.glif":"acircumflex.glif","acute.glif":"acute.glif","adieresis.glif":"adieresis.glif","ae.glif":"ae.glif","agrave.glif":"agrave.glif","ampersand.glif":"ampersand.glif","approxequal.glif":"approxequal.glif","aring.glif":"aring.glif","asciicircum.glif":"asciicircum.glif","asciitilde.glif":"asciitilde.glif","asterisk.glif":"asterisk.glif","at.glif":"at.glif","atilde.glif":"atilde.glif","b.glif":"b.glif","backslash.glif":"backslash.glif","bar.glif":"bar.glif","braceleft.glif":"braceleft.glif","braceright.glif":"braceright.glif","bracketleft.glif":"bracketleft.glif","bracketright.glif":"bracketright.glif","bullet.glif":"bullet.glif","c.glif":"c.glif","caron.glif":"caron.glif","ccedilla.glif":"ccedilla.glif","cedilla.glif":"cedilla.glif","cent.glif":"cent.glif","circumflex.glif":"circumflex.glif","colon.glif":"colon.glif","comma.glif":"comma.glif","contents.plist":"contents.plist","currency.glif":"currency.glif","d.glif":"d.glif","dagger.glif":"dagger.glif","daggerdbl.glif":"daggerdbl.glif","degree.glif":"degree.glif","dieresis.glif":"dieresis.glif","divide.glif":"divide.glif","dollar.glif":"dollar.glif","dotaccent.glif":"dotaccent.glif","dotlessi.glif":"dotlessi.glif","e.glif":"e.glif","eacute.glif":"eacute.glif","ecircumflex.glif":"ecircumflex.glif","edieresis.glif":"edieresis.glif","egrave.glif":"egrave.glif","eight.glif":"eight.glif","ellipsis.glif":"ellipsis.glif","emdash.glif":"emdash.glif","endash.glif":"endash.glif","equal.glif":"equal.glif","exclam.glif":"exclam.glif","exclamdown.glif":"exclamdown.glif","f.glif":"f.glif","five.glif":"five.glif","florin.glif":"florin.glif","four.glif":"four.glif","fraction.glif":"fraction.glif","g.glif":"g.glif","germandbls.glif":"germandbls.glif","grave.glif":"grave.glif","greater.glif":"greater.glif","guillemotleft.glif":"guillemotleft.glif","guillemotright.glif":"guillemotright.glif","guilsinglleft.glif":"guilsinglleft.glif","guilsinglright.glif":"guilsinglright.glif","h.glif":"h.glif","hyphen.glif":"hyphen.glif","i.glif":"i.glif","iacute.glif":"iacute.glif","icircumflex.glif":"icircumflex.glif","idieresis.glif":"idieresis.glif","igrave.glif":"igrave.glif","integral.glif":"integral.glif","j.glif":"j.glif","k.glif":"k.glif","l.glif":"l.glif","less.glif":"less.glif","logicalnot.glif":"logicalnot.glif","lozenge.glif":"lozenge.glif","m.glif":"m.glif","n.glif":"n.glif","nbspace.glif":"nbspace.glif","nine.glif":"nine.glif","ntilde.glif":"ntilde.glif","numbersign.glif":"numbersign.glif","o.glif":"o.glif","oacute.glif":"oacute.glif","ocircumflex.glif":"ocircumflex.glif","odieresis.glif":"odieresis.glif","oe.glif":"oe.glif","ogonek.glif":"ogonek.glif","ograve.glif":"ograve.glif","one.glif":"one.glif","oslash.glif":"oslash.glif","otilde.glif":"otilde.glif","p.glif":"p.glif","parenleft.glif":"parenleft.glif","parenright.glif":"parenright.glif","percent.glif":"percent.glif","period.glif":"period.glif","periodcentered.glif":"periodcentered.glif","perthousand.glif":"perthousand.glif","plus.glif":"plus.glif","q.glif":"q.glif","question.glif":"question.glif","questiondown.glif":"questiondown.glif","quotedbl.glif":"quotedbl.glif","quotedblbase.glif":"quotedblbase.glif","quotedblleft.glif":"quotedblleft.glif","quotedblright.glif":"quotedblright.glif","quoteleft.glif":"quoteleft.glif","quoteright.glif":"quoteright.glif","quotesinglbase.glif":"quotesinglbase.glif","quotesingle.glif":"quotesingle.glif","r.glif":"r.glif","radical.glif":"radical.glif","ring.glif":"ring.glif","s.glif":"s.glif","scaron.glif":"scaron.glif","section.glif":"section.glif","semicolon.glif":"semicolon.glif","seven.glif":"seven.glif","six.glif":"six.glif","slash.glif":"slash.glif","space.glif":"space.glif","sterling.glif":"sterling.glif","t.glif":"t.glif","three.glif":"three.glif","tilde.glif":"tilde.glif","trademark.glif":"trademark.glif","two.glif":"two.glif","u.glif":"u.glif","uacute.glif":"uacute.glif","ucircumflex.glif":"ucircumflex.glif","udieresis.glif":"udieresis.glif","ugrave.glif":"ugrave.glif","underscore.glif":"underscore.glif","v.glif":"v.glif","w.glif":"w.glif","x.glif":"x.glif","y.glif":"y.glif","ydieresis.glif":"ydieresis.glif","yen.glif":"yen.glif","z.glif":"z.glif","zcaron.glif":"zcaron.glif","zero.glif":"zero.glif"}},"Font":{"uploaded":1494109519.9317,"licence":"gpl3","company":"Chronolabs Cooperative","title":"Vermont Std","version":2.001,"date":"Fri Aug 12 10:18:25 2016","creator":"root","type":"1","matrix":"0.001 0 0 0.001 0 0","named":"VermontStd","painttype":"0","info":"8 dict dup","name":"Vermont Std Regular","family":"Vermont Std","weight":"Regular","fstype":"4","italicangle":"0"},"Table":{"FFTM":{"entryLength":16,"tag":"FFTM","checksum":2076845565,"offset":34240,"length":28},"GDEF":{"entryLength":16,"tag":"GDEF","checksum":2687190,"offset":34208,"length":30},"OS\/2":{"entryLength":16,"tag":"OS\/2","checksum":1998914991,"offset":344,"length":86},"cmap":{"entryLength":16,"tag":"cmap","checksum":861958080,"offset":1264,"length":634},"gasp":{"entryLength":16,"tag":"gasp","checksum":4294901763,"offset":34200,"length":8},"glyf":{"entryLength":16,"tag":"glyf","checksum":3932543776,"offset":2320,"length":30996},"head":{"entryLength":16,"tag":"head","checksum":176345162,"offset":220,"length":54},"hhea":{"entryLength":16,"tag":"hhea","checksum":125633546,"offset":276,"length":36},"hmtx":{"entryLength":16,"tag":"hmtx","checksum":1381702091,"offset":432,"length":832},"loca":{"entryLength":16,"tag":"loca","checksum":4183416022,"offset":1900,"length":418},"maxp":{"entryLength":16,"tag":"maxp","checksum":18415738,"offset":312,"length":32},"name":{"entryLength":16,"tag":"name","checksum":3371977809,"offset":33316,"length":423},"post":{"entryLength":16,"tag":"post","checksum":4063667445,"offset":33740,"length":458}},"UnicodeCharMap":{"32":3,"33":4,"34":5,"35":6,"36":7,"37":8,"38":9,"39":10,"40":11,"41":12,"42":13,"43":14,"44":15,"45":16,"46":17,"47":18,"48":19,"49":20,"50":21,"51":22,"52":23,"53":24,"54":25,"55":26,"56":27,"57":28,"58":29,"59":30,"60":31,"61":32,"62":33,"63":34,"64":35,"65":36,"66":37,"67":38,"68":39,"69":40,"70":41,"71":42,"72":43,"73":44,"74":45,"75":46,"76":47,"77":48,"78":49,"79":50,"80":51,"81":52,"82":53,"83":54,"84":55,"85":56,"86":57,"87":58,"88":59,"89":60,"90":61,"91":62,"92":63,"93":64,"94":65,"95":66,"96":67,"97":68,"98":69,"99":70,"100":71,"101":72,"102":73,"103":74,"104":75,"105":76,"106":77,"107":78,"108":79,"109":80,"110":81,"111":82,"112":83,"113":84,"114":85,"115":86,"116":87,"117":88,"118":89,"119":90,"120":91,"121":92,"122":93,"123":94,"124":95,"125":96,"126":97,"160":98,"161":99,"162":100,"163":101,"164":102,"165":103,"167":104,"168":105,"171":106,"172":107,"176":108,"180":109,"183":110,"184":111,"187":112,"191":113,"192":114,"193":115,"194":116,"195":117,"196":118,"197":119,"198":120,"199":121,"200":122,"201":123,"202":124,"203":125,"204":126,"205":127,"206":128,"207":129,"209":130,"210":131,"211":132,"212":133,"213":134,"214":135,"216":136,"217":137,"218":138,"219":139,"220":140,"223":141,"224":142,"225":143,"226":144,"227":145,"228":146,"229":147,"230":148,"231":149,"232":150,"233":151,"234":152,"235":153,"236":154,"237":155,"238":156,"239":157,"241":158,"242":159,"243":160,"244":161,"245":162,"246":163,"247":164,"248":165,"249":166,"250":167,"251":168,"252":169,"255":170,"305":195,"338":194,"339":196,"352":197,"353":198,"376":207,"381":199,"382":200,"402":174,"710":187,"711":192,"729":189,"730":190,"731":191,"732":188,"8211":178,"8212":193,"8216":172,"8217":171,"8218":182,"8220":175,"8221":184,"8222":183,"8224":179,"8225":180,"8226":181,"8230":185,"8240":186,"8249":176,"8250":177,"8260":173,"8482":201,"8710":205,"8730":203,"8747":202,"8776":204,"9674":206},"Reserves":null,"Names":[],"Nodes":{"va":{"type":"typal","node":"va","usage":1,"weight":1},"ir":{"type":"typal","node":"ir","usage":1,"weight":1},"vam":{"type":"typal","node":"vam","usage":1,"weight":1},"pir":{"type":"typal","node":"pir","usage":1,"weight":1},"vamp":{"type":"keys","node":"vamp","usage":1,"weight":1},"mpir":{"type":"keys","node":"mpir","usage":1,"weight":1},"vampi":{"type":"keys","node":"vampi","usage":1,"weight":1},"ampir":{"type":"keys","node":"ampir","usage":1,"weight":1},"vampir":{"type":"fixes","node":"vampir","usage":1,"weight":1}},"Contributors":[],"FontIdentity":"093c064006c7aa66e6e29062777e8108","Bytes":1667441,"Networking":[],"barcode":"soayayy6iiw4e","referee":"8m2sk3"}