{"CSS":{"%fontnamespaced%":"%25fontnamespaced%25.css"},"FontType":"TrueType","FontCopyright":null,"FontName":"%fontnamespaced%","FontSubfamily":"Medium","FontSubfamilyID":"FontForge 2.0 : %fontnamespaced% : 9-8-2016","FontFullName":"fontnamespaced","FontVersion":"Version 1.0","FontWeight":null,"FontPostscriptName":"%fontnamespaced%","Files":{"\/fonts\/Unpacking\/f7a5cf0facda6d74ab6cb8be81a3a43c53360d9e\/praterblockone-fillexpert.afm":"\/fonts\/Unpacking\/f7a5cf0facda6d74ab6cb8be81a3a43c53360d9e\/praterblockone-fillexpert.afm","\/fonts\/Unpacking\/f7a5cf0facda6d74ab6cb8be81a3a43c53360d9e\/praterblockone-fillexpert.bin":"\/fonts\/Unpacking\/f7a5cf0facda6d74ab6cb8be81a3a43c53360d9e\/praterblockone-fillexpert.bin","\/fonts\/Unpacking\/f7a5cf0facda6d74ab6cb8be81a3a43c53360d9e\/praterblockone-fillexpert.cef":"\/fonts\/Unpacking\/f7a5cf0facda6d74ab6cb8be81a3a43c53360d9e\/praterblockone-fillexpert.cef","\/fonts\/Unpacking\/f7a5cf0facda6d74ab6cb8be81a3a43c53360d9e\/praterblockone-fillexpert.cff":"\/fonts\/Unpacking\/f7a5cf0facda6d74ab6cb8be81a3a43c53360d9e\/praterblockone-fillexpert.cff","\/fonts\/Unpacking\/f7a5cf0facda6d74ab6cb8be81a3a43c53360d9e\/praterblockone-fillexpert.cid":"\/fonts\/Unpacking\/f7a5cf0facda6d74ab6cb8be81a3a43c53360d9e\/praterblockone-fillexpert.cid","\/fonts\/Unpacking\/f7a5cf0facda6d74ab6cb8be81a3a43c53360d9e\/praterblockone-fillexpert.dfont":"\/fonts\/Unpacking\/f7a5cf0facda6d74ab6cb8be81a3a43c53360d9e\/praterblockone-fillexpert.dfont","\/fonts\/Unpacking\/f7a5cf0facda6d74ab6cb8be81a3a43c53360d9e\/praterblockone-fillexpert.eot":"\/fonts\/Unpacking\/f7a5cf0facda6d74ab6cb8be81a3a43c53360d9e\/praterblockone-fillexpert.eot","\/fonts\/Unpacking\/f7a5cf0facda6d74ab6cb8be81a3a43c53360d9e\/praterblockone-fillexpert.fon":"\/fonts\/Unpacking\/f7a5cf0facda6d74ab6cb8be81a3a43c53360d9e\/praterblockone-fillexpert.fon","\/fonts\/Unpacking\/f7a5cf0facda6d74ab6cb8be81a3a43c53360d9e\/praterblockone-fillexpert.gai":"\/fonts\/Unpacking\/f7a5cf0facda6d74ab6cb8be81a3a43c53360d9e\/praterblockone-fillexpert.gai","\/fonts\/Unpacking\/f7a5cf0facda6d74ab6cb8be81a3a43c53360d9e\/praterblockone-fillexpert.gsf":"\/fonts\/Unpacking\/f7a5cf0facda6d74ab6cb8be81a3a43c53360d9e\/praterblockone-fillexpert.gsf","\/fonts\/Unpacking\/f7a5cf0facda6d74ab6cb8be81a3a43c53360d9e\/praterblockone-fillexpert.hqx":"\/fonts\/Unpacking\/f7a5cf0facda6d74ab6cb8be81a3a43c53360d9e\/praterblockone-fillexpert.hqx","\/fonts\/Unpacking\/f7a5cf0facda6d74ab6cb8be81a3a43c53360d9e\/praterblockone-fillexpert.ik":"\/fonts\/Unpacking\/f7a5cf0facda6d74ab6cb8be81a3a43c53360d9e\/praterblockone-fillexpert.ik","\/fonts\/Unpacking\/f7a5cf0facda6d74ab6cb8be81a3a43c53360d9e\/praterblockone-fillexpert.mf":"\/fonts\/Unpacking\/f7a5cf0facda6d74ab6cb8be81a3a43c53360d9e\/praterblockone-fillexpert.mf","\/fonts\/Unpacking\/f7a5cf0facda6d74ab6cb8be81a3a43c53360d9e\/praterblockone-fillexpert.otf":"\/fonts\/Unpacking\/f7a5cf0facda6d74ab6cb8be81a3a43c53360d9e\/praterblockone-fillexpert.otf","\/fonts\/Unpacking\/f7a5cf0facda6d74ab6cb8be81a3a43c53360d9e\/praterblockone-fillexpert.pcf":"\/fonts\/Unpacking\/f7a5cf0facda6d74ab6cb8be81a3a43c53360d9e\/praterblockone-fillexpert.pcf","\/fonts\/Unpacking\/f7a5cf0facda6d74ab6cb8be81a3a43c53360d9e\/praterblockone-fillexpert.pf3":"\/fonts\/Unpacking\/f7a5cf0facda6d74ab6cb8be81a3a43c53360d9e\/praterblockone-fillexpert.pf3","\/fonts\/Unpacking\/f7a5cf0facda6d74ab6cb8be81a3a43c53360d9e\/praterblockone-fillexpert.pfa":"\/fonts\/Unpacking\/f7a5cf0facda6d74ab6cb8be81a3a43c53360d9e\/praterblockone-fillexpert.pfa","\/fonts\/Unpacking\/f7a5cf0facda6d74ab6cb8be81a3a43c53360d9e\/praterblockone-fillexpert.pfb":"\/fonts\/Unpacking\/f7a5cf0facda6d74ab6cb8be81a3a43c53360d9e\/praterblockone-fillexpert.pfb","\/fonts\/Unpacking\/f7a5cf0facda6d74ab6cb8be81a3a43c53360d9e\/praterblockone-fillexpert.php":"\/fonts\/Unpacking\/f7a5cf0facda6d74ab6cb8be81a3a43c53360d9e\/praterblockone-fillexpert.php","\/fonts\/Unpacking\/f7a5cf0facda6d74ab6cb8be81a3a43c53360d9e\/praterblockone-fillexpert.pmf":"\/fonts\/Unpacking\/f7a5cf0facda6d74ab6cb8be81a3a43c53360d9e\/praterblockone-fillexpert.pmf","\/fonts\/Unpacking\/f7a5cf0facda6d74ab6cb8be81a3a43c53360d9e\/praterblockone-fillexpert.pt3":"\/fonts\/Unpacking\/f7a5cf0facda6d74ab6cb8be81a3a43c53360d9e\/praterblockone-fillexpert.pt3","\/fonts\/Unpacking\/f7a5cf0facda6d74ab6cb8be81a3a43c53360d9e\/praterblockone-fillexpert.sfd":"\/fonts\/Unpacking\/f7a5cf0facda6d74ab6cb8be81a3a43c53360d9e\/praterblockone-fillexpert.sfd","\/fonts\/Unpacking\/f7a5cf0facda6d74ab6cb8be81a3a43c53360d9e\/praterblockone-fillexpert.svg":"\/fonts\/Unpacking\/f7a5cf0facda6d74ab6cb8be81a3a43c53360d9e\/praterblockone-fillexpert.svg","\/fonts\/Unpacking\/f7a5cf0facda6d74ab6cb8be81a3a43c53360d9e\/praterblockone-fillexpert.t42":"\/fonts\/Unpacking\/f7a5cf0facda6d74ab6cb8be81a3a43c53360d9e\/praterblockone-fillexpert.t42","\/fonts\/Unpacking\/f7a5cf0facda6d74ab6cb8be81a3a43c53360d9e\/praterblockone-fillexpert.ttd":"\/fonts\/Unpacking\/f7a5cf0facda6d74ab6cb8be81a3a43c53360d9e\/praterblockone-fillexpert.ttd","\/fonts\/Unpacking\/f7a5cf0facda6d74ab6cb8be81a3a43c53360d9e\/praterblockone-fillexpert.ttf":"\/fonts\/Unpacking\/f7a5cf0facda6d74ab6cb8be81a3a43c53360d9e\/praterblockone-fillexpert.ttf","\/fonts\/Unpacking\/f7a5cf0facda6d74ab6cb8be81a3a43c53360d9e\/praterblockone-fillexpert.ttg":"\/fonts\/Unpacking\/f7a5cf0facda6d74ab6cb8be81a3a43c53360d9e\/praterblockone-fillexpert.ttg","\/fonts\/Unpacking\/f7a5cf0facda6d74ab6cb8be81a3a43c53360d9e\/praterblockone-fillexpert.ufm":"\/fonts\/Unpacking\/f7a5cf0facda6d74ab6cb8be81a3a43c53360d9e\/praterblockone-fillexpert.ufm","\/fonts\/Unpacking\/f7a5cf0facda6d74ab6cb8be81a3a43c53360d9e\/praterblockone-fillexpert.woff":"\/fonts\/Unpacking\/f7a5cf0facda6d74ab6cb8be81a3a43c53360d9e\/praterblockone-fillexpert.woff","\/fonts\/Unpacking\/f7a5cf0facda6d74ab6cb8be81a3a43c53360d9e\/praterblockone-fillexpert.z":"\/fonts\/Unpacking\/f7a5cf0facda6d74ab6cb8be81a3a43c53360d9e\/praterblockone-fillexpert.z","\/fonts\/Unpacking\/f7a5cf0facda6d74ab6cb8be81a3a43c53360d9e\/praterblockone-fillexpert.ufo\/feature.fea":"\/fonts\/Unpacking\/f7a5cf0facda6d74ab6cb8be81a3a43c53360d9e\/praterblockone-fillexpert.ufo\/feature.fea","\/fonts\/Unpacking\/f7a5cf0facda6d74ab6cb8be81a3a43c53360d9e\/praterblockone-fillexpert.ufo\/fontinfo.plist":"\/fonts\/Unpacking\/f7a5cf0facda6d74ab6cb8be81a3a43c53360d9e\/praterblockone-fillexpert.ufo\/fontinfo.plist","\/fonts\/Unpacking\/f7a5cf0facda6d74ab6cb8be81a3a43c53360d9e\/praterblockone-fillexpert.ufo\/groups.plist":"\/fonts\/Unpacking\/f7a5cf0facda6d74ab6cb8be81a3a43c53360d9e\/praterblockone-fillexpert.ufo\/groups.plist","\/fonts\/Unpacking\/f7a5cf0facda6d74ab6cb8be81a3a43c53360d9e\/praterblockone-fillexpert.ufo\/kerning.plist":"\/fonts\/Unpacking\/f7a5cf0facda6d74ab6cb8be81a3a43c53360d9e\/praterblockone-fillexpert.ufo\/kerning.plist","\/fonts\/Unpacking\/f7a5cf0facda6d74ab6cb8be81a3a43c53360d9e\/praterblockone-fillexpert.ufo\/metainfo.plist":"\/fonts\/Unpacking\/f7a5cf0facda6d74ab6cb8be81a3a43c53360d9e\/praterblockone-fillexpert.ufo\/metainfo.plist","\/fonts\/Unpacking\/f7a5cf0facda6d74ab6cb8be81a3a43c53360d9e\/praterblockone-fillexpert.ufo\/glyphs\/contents.plist":"\/fonts\/Unpacking\/f7a5cf0facda6d74ab6cb8be81a3a43c53360d9e\/praterblockone-fillexpert.ufo\/glyphs\/contents.plist"},"Font":null,"Licences":{"":false},"Table":{"FFTM":{"entryLength":16,"tag":"FFTM","checksum":1943870614,"offset":1844,"length":28},"GDEF":{"entryLength":16,"tag":"GDEF","checksum":2162696,"offset":1816,"length":26},"OS\/2":{"entryLength":16,"tag":"OS\/2","checksum":1438276895,"offset":344,"length":86},"cmap":{"entryLength":16,"tag":"cmap","checksum":4199274080,"offset":444,"length":826},"gasp":{"entryLength":16,"tag":"gasp","checksum":4294901763,"offset":1808,"length":8},"glyf":{"entryLength":16,"tag":"glyf","checksum":0,"offset":1280,"length":0},"head":{"entryLength":16,"tag":"head","checksum":113097387,"offset":220,"length":54},"hhea":{"entryLength":16,"tag":"hhea","checksum":58588982,"offset":276,"length":36},"hmtx":{"entryLength":16,"tag":"hmtx","checksum":21823488,"offset":432,"length":12},"loca":{"entryLength":16,"tag":"loca","checksum":0,"offset":1272,"length":8},"maxp":{"entryLength":16,"tag":"maxp","checksum":4521987,"offset":312,"length":32},"name":{"entryLength":16,"tag":"name","checksum":1095527804,"offset":1280,"length":492},"post":{"entryLength":16,"tag":"post","checksum":196608,"offset":1772,"length":36}},"UnicodeCharMap":[],"Reserves":null,"Names":[],"Nodes":[],"Contributors":[],"FontIdentity":"07dba5491c18e79377c94ea7402c2f98","Bytes":108424,"Networking":null,"barcode":null,"referee":null}