{"CSS":{"Ebrima Bold":"Ebrima+Bold.css"},"FontType":"TrueType","FontCopyright":"(c) 2015 Microsoft Corporation. All Rights Reserved.","FontName":"Ebrima","FontSubfamily":"Bold","FontSubfamilyID":"FontForge 2.0 : Ebrima Bold : 7-5-2017","FontFullName":"Ebrima Bold","FontVersion":"Version 5.10 ","FontWeight":null,"FontPostscriptName":"Ebrima-Bold","Files":{"ebrimabd.afm":"ebrimabd.afm","ebrimabd.bin":"ebrimabd.bin","ebrimabd.cef":"ebrimabd.cef","ebrimabd.cff":"ebrimabd.cff","ebrimabd.cid":"ebrimabd.cid","ebrimabd.dfont":"ebrimabd.dfont","ebrimabd.eot":"ebrimabd.eot","ebrimabd.fon":"ebrimabd.fon","ebrimabd.gai":"ebrimabd.gai","ebrimabd.gsf":"ebrimabd.gsf","ebrimabd.hqx":"ebrimabd.hqx","ebrimabd.ik":"ebrimabd.ik","ebrimabd.mf":"ebrimabd.mf","ebrimabd.otf":"ebrimabd.otf","ebrimabd.pcf":"ebrimabd.pcf","ebrimabd.pf3":"ebrimabd.pf3","ebrimabd.pfa":"ebrimabd.pfa","ebrimabd.pfb":"ebrimabd.pfb","ebrimabd.php":"ebrimabd.php","ebrimabd.pmf":"ebrimabd.pmf","ebrimabd.pt3":"ebrimabd.pt3","ebrimabd.sfd":"ebrimabd.sfd","ebrimabd.svg":"ebrimabd.svg","ebrimabd.t42":"ebrimabd.t42","ebrimabd.ttd":"ebrimabd.ttd","ebrimabd.ttf":"ebrimabd.ttf","ebrimabd.ttg":"ebrimabd.ttg","ebrimabd.ufm":"ebrimabd.ufm","ebrimabd.woff":"ebrimabd.woff","ebrimabd.z":"ebrimabd.z","":{"ebrimabd.afm":"ebrimabd.afm","ebrimabd.bin":"ebrimabd.bin","ebrimabd.cef":"ebrimabd.cef","ebrimabd.cff":"ebrimabd.cff","ebrimabd.cid":"ebrimabd.cid","ebrimabd.dfont":"ebrimabd.dfont","ebrimabd.eot":"ebrimabd.eot","ebrimabd.fon":"ebrimabd.fon","ebrimabd.gai":"ebrimabd.gai","ebrimabd.gsf":"ebrimabd.gsf","ebrimabd.hqx":"ebrimabd.hqx","ebrimabd.ik":"ebrimabd.ik","ebrimabd.mf":"ebrimabd.mf","ebrimabd.otf":"ebrimabd.otf","ebrimabd.pcf":"ebrimabd.pcf","ebrimabd.pf3":"ebrimabd.pf3","ebrimabd.pfa":"ebrimabd.pfa","ebrimabd.pfb":"ebrimabd.pfb","ebrimabd.php":"ebrimabd.php","ebrimabd.pmf":"ebrimabd.pmf","ebrimabd.pt3":"ebrimabd.pt3","ebrimabd.sfd":"ebrimabd.sfd","ebrimabd.svg":"ebrimabd.svg","ebrimabd.t42":"ebrimabd.t42","ebrimabd.ttd":"ebrimabd.ttd","ebrimabd.ttf":"ebrimabd.ttf","ebrimabd.ttg":"ebrimabd.ttg","ebrimabd.ufm":"ebrimabd.ufm","ebrimabd.woff":"ebrimabd.woff","ebrimabd.z":"ebrimabd.z"},"\/ebrimabd.ufo":{"features.fea":"features.fea","fontinfo.plist":"fontinfo.plist","metainfo.plist":"metainfo.plist"},"\/ebrimabd.ufo\/glyphs":{"A_.glif":"A_.glif","A_E_.glif":"A_E_.glif","A_E_acute.glif":"A_E_acute.glif","A_acute.glif":"A_acute.glif","A_breve.glif":"A_breve.glif","A_circumflex.glif":"A_circumflex.glif","A_dieresis.glif":"A_dieresis.glif","A_grave.glif":"A_grave.glif","A_macron.glif":"A_macron.glif","A_ogonek.glif":"A_ogonek.glif","A_ring.glif":"A_ring.glif","A_ringacute.glif":"A_ringacute.glif","A_tilde.glif":"A_tilde.glif","B_.glif":"B_.glif","C_.glif":"C_.glif","C_acute.glif":"C_acute.glif","C_caron.glif":"C_caron.glif","C_cedilla.glif":"C_cedilla.glif","C_circumflex.glif":"C_circumflex.glif","C_dotaccent.glif":"C_dotaccent.glif","D_.glif":"D_.glif","D_caron.glif":"D_caron.glif","D_croat.glif":"D_croat.glif","E_.glif":"E_.glif","E_acute.glif":"E_acute.glif","E_breve.glif":"E_breve.glif","E_caron.glif":"E_caron.glif","E_circumflex.glif":"E_circumflex.glif","E_dieresis.glif":"E_dieresis.glif","E_dotaccent.glif":"E_dotaccent.glif","E_grave.glif":"E_grave.glif","E_macron.glif":"E_macron.glif","E_ng.glif":"E_ng.glif","E_ogonek.glif":"E_ogonek.glif","E_th.glif":"E_th.glif","E_uro.glif":"E_uro.glif","F_.glif":"F_.glif","G_.glif":"G_.glif","G_breve.glif":"G_breve.glif","G_caron.glif":"G_caron.glif","G_circumflex.glif":"G_circumflex.glif","G_commaaccent.glif":"G_commaaccent.glif","G_dotaccent.glif":"G_dotaccent.glif","H_.glif":"H_.glif","H_bar.glif":"H_bar.glif","H_circumflex.glif":"H_circumflex.glif","I_.glif":"I_.glif","I_J_.glif":"I_J_.glif","I_acute.glif":"I_acute.glif","I_breve.glif":"I_breve.glif","I_circumflex.glif":"I_circumflex.glif","I_dieresis.glif":"I_dieresis.glif","I_dotaccent.glif":"I_dotaccent.glif","I_grave.glif":"I_grave.glif","I_macron.glif":"I_macron.glif","I_ogonek.glif":"I_ogonek.glif","I_tilde.glif":"I_tilde.glif","J_.glif":"J_.glif","J_circumflex.glif":"J_circumflex.glif","K_.glif":"K_.glif","K_commaaccent.glif":"K_commaaccent.glif","L_.glif":"L_.glif","L_acute.glif":"L_acute.glif","L_caron.glif":"L_caron.glif","L_commaaccent.glif":"L_commaaccent.glif","L_dot.glif":"L_dot.glif","L_slash.glif":"L_slash.glif","M_.glif":"M_.glif","N_.glif":"N_.glif","N_acute.glif":"N_acute.glif","N_caron.glif":"N_caron.glif","N_commaaccent.glif":"N_commaaccent.glif","N_tilde.glif":"N_tilde.glif","O_.glif":"O_.glif","O_E_.glif":"O_E_.glif","O_acute.glif":"O_acute.glif","O_breve.glif":"O_breve.glif","O_circumflex.glif":"O_circumflex.glif","O_dieresis.glif":"O_dieresis.glif","O_grave.glif":"O_grave.glif","O_hungarumlaut.glif":"O_hungarumlaut.glif","O_macron.glif":"O_macron.glif","O_slash.glif":"O_slash.glif","O_slashacute.glif":"O_slashacute.glif","O_tilde.glif":"O_tilde.glif","P_.glif":"P_.glif","Q_.glif":"Q_.glif","R_.glif":"R_.glif","R_acute.glif":"R_acute.glif","R_caron.glif":"R_caron.glif","R_commaaccent.glif":"R_commaaccent.glif","S_.glif":"S_.glif","S_acute.glif":"S_acute.glif","S_caron.glif":"S_caron.glif","S_cedilla.glif":"S_cedilla.glif","S_circumflex.glif":"S_circumflex.glif","S_commaaccent.glif":"S_commaaccent.glif","T_.glif":"T_.glif","T_bar.glif":"T_bar.glif","T_caron.glif":"T_caron.glif","T_commaaccent.glif":"T_commaaccent.glif","T_horn.glif":"T_horn.glif","U_.glif":"U_.glif","U_acute.glif":"U_acute.glif","U_breve.glif":"U_breve.glif","U_circumflex.glif":"U_circumflex.glif","U_dieresis.glif":"U_dieresis.glif","U_grave.glif":"U_grave.glif","U_hungarumlaut.glif":"U_hungarumlaut.glif","U_macron.glif":"U_macron.glif","U_ogonek.glif":"U_ogonek.glif","U_ring.glif":"U_ring.glif","U_tilde.glif":"U_tilde.glif","V_.glif":"V_.glif","W_.glif":"W_.glif","W_acute.glif":"W_acute.glif","W_circumflex.glif":"W_circumflex.glif","W_dieresis.glif":"W_dieresis.glif","W_grave.glif":"W_grave.glif","X_.glif":"X_.glif","Y_.glif":"Y_.glif","Y_acute.glif":"Y_acute.glif","Y_circumflex.glif":"Y_circumflex.glif","Y_dieresis.glif":"Y_dieresis.glif","Y_grave.glif":"Y_grave.glif","Z_.glif":"Z_.glif","Z_acute.glif":"Z_acute.glif","Z_caron.glif":"Z_caron.glif","Z_dotaccent.glif":"Z_dotaccent.glif","_notdef.glif":"_notdef.glif","a.glif":"a.glif","aacute.glif":"aacute.glif","abreve.glif":"abreve.glif","acircumflex.glif":"acircumflex.glif","acute.glif":"acute.glif","acutecomb.glif":"acutecomb.glif","adieresis.glif":"adieresis.glif","ae.glif":"ae.glif","aeacute.glif":"aeacute.glif","afii299.glif":"afii299.glif","afii300.glif":"afii300.glif","afii301.glif":"afii301.glif","afii57381.glif":"afii57381.glif","afii57388.glif":"afii57388.glif","afii57403.glif":"afii57403.glif","afii57407.glif":"afii57407.glif","afii61664.glif":"afii61664.glif","agrave.glif":"agrave.glif","amacron.glif":"amacron.glif","ampersand.glif":"ampersand.glif","aogonek.glif":"aogonek.glif","approxequal.glif":"approxequal.glif","aring.glif":"aring.glif","aringacute.glif":"aringacute.glif","asciicircum.glif":"asciicircum.glif","asciitilde.glif":"asciitilde.glif","asterisk.glif":"asterisk.glif","at.glif":"at.glif","atilde.glif":"atilde.glif","b.glif":"b.glif","backslash.glif":"backslash.glif","bar.glif":"bar.glif","beta.glif":"beta.glif","braceleft.glif":"braceleft.glif","braceright.glif":"braceright.glif","bracketleft.glif":"bracketleft.glif","bracketright.glif":"bracketright.glif","breve.glif":"breve.glif","brokenbar.glif":"brokenbar.glif","bullet.glif":"bullet.glif","c.glif":"c.glif","cacute.glif":"cacute.glif","caron.glif":"caron.glif","ccaron.glif":"ccaron.glif","ccedilla.glif":"ccedilla.glif","ccircumflex.glif":"ccircumflex.glif","cdotaccent.glif":"cdotaccent.glif","cedilla.glif":"cedilla.glif","cent.glif":"cent.glif","circumflex.glif":"circumflex.glif","colon.glif":"colon.glif","comma.glif":"comma.glif","contents.plist":"contents.plist","copyright.glif":"copyright.glif","currency.glif":"currency.glif","d.glif":"d.glif","dagger.glif":"dagger.glif","daggerdbl.glif":"daggerdbl.glif","dcaron.glif":"dcaron.glif","dcroat.glif":"dcroat.glif","degree.glif":"degree.glif","dieresis.glif":"dieresis.glif","divide.glif":"divide.glif","dollar.glif":"dollar.glif","dotaccent.glif":"dotaccent.glif","dotbelowcomb.glif":"dotbelowcomb.glif","dotlessi.glif":"dotlessi.glif","e.glif":"e.glif","eacute.glif":"eacute.glif","ebreve.glif":"ebreve.glif","ecaron.glif":"ecaron.glif","ecircumflex.glif":"ecircumflex.glif","edieresis.glif":"edieresis.glif","edotaccent.glif":"edotaccent.glif","egrave.glif":"egrave.glif","eight.glif":"eight.glif","ellipsis.glif":"ellipsis.glif","emacron.glif":"emacron.glif","emdash.glif":"emdash.glif","endash.glif":"endash.glif","eng.glif":"eng.glif","eogonek.glif":"eogonek.glif","equal.glif":"equal.glif","eth.glif":"eth.glif","exclam.glif":"exclam.glif","exclamdown.glif":"exclamdown.glif","f.glif":"f.glif","figuredash.glif":"figuredash.glif","five.glif":"five.glif","fiveeighths.glif":"fiveeighths.glif","florin.glif":"florin.glif","four.glif":"four.glif","franc.glif":"franc.glif","g.glif":"g.glif","gbreve.glif":"gbreve.glif","gcaron.glif":"gcaron.glif","gcircumflex.glif":"gcircumflex.glif","gcommaaccent.glif":"gcommaaccent.glif","gdotaccent.glif":"gdotaccent.glif","germandbls.glif":"germandbls.glif","glyph1118.glif":"glyph1118.glif","glyph1119.glif":"glyph1119.glif","glyph1120.glif":"glyph1120.glif","glyph1131.glif":"glyph1131.glif","glyph1132.glif":"glyph1132.glif","glyph1133.glif":"glyph1133.glif","glyph1134.glif":"glyph1134.glif","glyph1483.glif":"glyph1483.glif","glyph156.glif":"glyph156.glif","glyph157.glif":"glyph157.glif","glyph158.glif":"glyph158.glif","glyph159.glif":"glyph159.glif","glyph162.glif":"glyph162.glif","glyph163.glif":"glyph163.glif","glyph164.glif":"glyph164.glif","glyph165.glif":"glyph165.glif","glyph168.glif":"glyph168.glif","glyph169.glif":"glyph169.glif","glyph170.glif":"glyph170.glif","glyph171.glif":"glyph171.glif","glyph172.glif":"glyph172.glif","glyph173.glif":"glyph173.glif","glyph1979.glif":"glyph1979.glif","glyph2009.glif":"glyph2009.glif","glyph2010.glif":"glyph2010.glif","glyph2011.glif":"glyph2011.glif","glyph2012.glif":"glyph2012.glif","glyph247.glif":"glyph247.glif","glyph250.glif":"glyph250.glif","glyph251.glif":"glyph251.glif","glyph252.glif":"glyph252.glif","glyph253.glif":"glyph253.glif","glyph256.glif":"glyph256.glif","glyph260.glif":"glyph260.glif","glyph263.glif":"glyph263.glif","glyph264.glif":"glyph264.glif","glyph265.glif":"glyph265.glif","glyph266.glif":"glyph266.glif","glyph267.glif":"glyph267.glif","glyph268.glif":"glyph268.glif","glyph269.glif":"glyph269.glif","glyph271.glif":"glyph271.glif","glyph272.glif":"glyph272.glif","glyph277.glif":"glyph277.glif","glyph278.glif":"glyph278.glif","glyph279.glif":"glyph279.glif","glyph280.glif":"glyph280.glif","glyph281.glif":"glyph281.glif","glyph283.glif":"glyph283.glif","glyph284.glif":"glyph284.glif","glyph285.glif":"glyph285.glif","glyph286.glif":"glyph286.glif","glyph365.glif":"glyph365.glif","glyph366.glif":"glyph366.glif","glyph367.glif":"glyph367.glif","glyph370.glif":"glyph370.glif","glyph40.glif":"glyph40.glif","glyph41.glif":"glyph41.glif","glyph417.glif":"glyph417.glif","glyph418.glif":"glyph418.glif","glyph429.glif":"glyph429.glif","glyph430.glif":"glyph430.glif","glyph431.glif":"glyph431.glif","glyph432.glif":"glyph432.glif","glyph435.glif":"glyph435.glif","glyph436.glif":"glyph436.glif","glyph437.glif":"glyph437.glif","glyph438.glif":"glyph438.glif","glyph439.glif":"glyph439.glif","glyph440.glif":"glyph440.glif","glyph453.glif":"glyph453.glif","glyph46.glif":"glyph46.glif","glyph47.glif":"glyph47.glif","glyph48.glif":"glyph48.glif","glyph49.glif":"glyph49.glif","glyph52.glif":"glyph52.glif","glyph53.glif":"glyph53.glif","glyph54.glif":"glyph54.glif","glyph55.glif":"glyph55.glif","glyph579.glif":"glyph579.glif","glyph58.glif":"glyph58.glif","glyph580.glif":"glyph580.glif","glyph585.glif":"glyph585.glif","glyph586.glif":"glyph586.glif","glyph587.glif":"glyph587.glif","glyph588.glif":"glyph588.glif","glyph59.glif":"glyph59.glif","glyph591.glif":"glyph591.glif","glyph592.glif":"glyph592.glif","glyph593.glif":"glyph593.glif","glyph594.glif":"glyph594.glif","glyph597.glif":"glyph597.glif","glyph598.glif":"glyph598.glif","glyph599.glif":"glyph599.glif","glyph60.glif":"glyph60.glif","glyph600.glif":"glyph600.glif","glyph61.glif":"glyph61.glif","glyph666.glif":"glyph666.glif","glyph785.glif":"glyph785.glif","glyph786.glif":"glyph786.glif","glyph787.glif":"glyph787.glif","glyph788.glif":"glyph788.glif","glyph789.glif":"glyph789.glif","glyph790.glif":"glyph790.glif","glyph791.glif":"glyph791.glif","glyph792.glif":"glyph792.glif","glyph793.glif":"glyph793.glif","glyph794.glif":"glyph794.glif","glyph907.glif":"glyph907.glif","glyph909.glif":"glyph909.glif","glyph913.glif":"glyph913.glif","glyph915.glif":"glyph915.glif","glyph917.glif":"glyph917.glif","glyph920.glif":"glyph920.glif","glyph923.glif":"glyph923.glif","glyph928.glif":"glyph928.glif","glyph931.glif":"glyph931.glif","glyph937.glif":"glyph937.glif","glyph942.glif":"glyph942.glif","glyph946.glif":"glyph946.glif","glyph952.glif":"glyph952.glif","glyph954.glif":"glyph954.glif","glyph958.glif":"glyph958.glif","glyph960.glif":"glyph960.glif","glyph964.glif":"glyph964.glif","glyph967.glif":"glyph967.glif","grave.glif":"grave.glif","gravecomb.glif":"gravecomb.glif","greater.glif":"greater.glif","greaterequal.glif":"greaterequal.glif","guillemotleft.glif":"guillemotleft.glif","guillemotright.glif":"guillemotright.glif","guilsinglleft.glif":"guilsinglleft.glif","guilsinglright.glif":"guilsinglright.glif","h.glif":"h.glif","hbar.glif":"hbar.glif","hcircumflex.glif":"hcircumflex.glif","hookabovecomb.glif":"hookabovecomb.glif","hungarumlaut.glif":"hungarumlaut.glif","i.glif":"i.glif","iacute.glif":"iacute.glif","ibreve.glif":"ibreve.glif","icircumflex.glif":"icircumflex.glif","idieresis.glif":"idieresis.glif","igrave.glif":"igrave.glif","ij.glif":"ij.glif","imacron.glif":"imacron.glif","infinity.glif":"infinity.glif","integral.glif":"integral.glif","iogonek.glif":"iogonek.glif","itilde.glif":"itilde.glif","j.glif":"j.glif","jcircumflex.glif":"jcircumflex.glif","k.glif":"k.glif","kcommaaccent.glif":"kcommaaccent.glif","l.glif":"l.glif","lacute.glif":"lacute.glif","lambda.glif":"lambda.glif","lcaron.glif":"lcaron.glif","lcommaaccent.glif":"lcommaaccent.glif","ldot.glif":"ldot.glif","less.glif":"less.glif","lessequal.glif":"lessequal.glif","logicalnot.glif":"logicalnot.glif","lozenge.glif":"lozenge.glif","lslash.glif":"lslash.glif","m.glif":"m.glif","minus.glif":"minus.glif","mu.glif":"mu.glif","multiply.glif":"multiply.glif","n.glif":"n.glif","nacute.glif":"nacute.glif","napostrophe.glif":"napostrophe.glif","ncaron.glif":"ncaron.glif","ncommaaccent.glif":"ncommaaccent.glif","nine.glif":"nine.glif","notequal.glif":"notequal.glif","ntilde.glif":"ntilde.glif","numbersign.glif":"numbersign.glif","o.glif":"o.glif","oacute.glif":"oacute.glif","obreve.glif":"obreve.glif","ocircumflex.glif":"ocircumflex.glif","odieresis.glif":"odieresis.glif","oe.glif":"oe.glif","ogonek.glif":"ogonek.glif","ograve.glif":"ograve.glif","ohungarumlaut.glif":"ohungarumlaut.glif","omacron.glif":"omacron.glif","omega.glif":"omega.glif","one.glif":"one.glif","oneeighth.glif":"oneeighth.glif","onehalf.glif":"onehalf.glif","onequarter.glif":"onequarter.glif","ordfeminine.glif":"ordfeminine.glif","ordmasculine.glif":"ordmasculine.glif","oslash.glif":"oslash.glif","oslashacute.glif":"oslashacute.glif","otilde.glif":"otilde.glif","p.glif":"p.glif","paragraph.glif":"paragraph.glif","parenleft.glif":"parenleft.glif","parenright.glif":"parenright.glif","partialdiff.glif":"partialdiff.glif","percent.glif":"percent.glif","period.glif":"period.glif","perthousand.glif":"perthousand.glif","pi.glif":"pi.glif","plus.glif":"plus.glif","plusminus.glif":"plusminus.glif","product.glif":"product.glif","q.glif":"q.glif","question.glif":"question.glif","questiondown.glif":"questiondown.glif","quotedbl.glif":"quotedbl.glif","quotedblbase.glif":"quotedblbase.glif","quotedblleft.glif":"quotedblleft.glif","quotedblright.glif":"quotedblright.glif","quoteleft.glif":"quoteleft.glif","quoteright.glif":"quoteright.glif","quotesinglbase.glif":"quotesinglbase.glif","quotesingle.glif":"quotesingle.glif","r.glif":"r.glif","racute.glif":"racute.glif","radical.glif":"radical.glif","rcaron.glif":"rcaron.glif","rcommaaccent.glif":"rcommaaccent.glif","registered.glif":"registered.glif","ring.glif":"ring.glif","s.glif":"s.glif","sacute.glif":"sacute.glif","scaron.glif":"scaron.glif","scedilla.glif":"scedilla.glif","scircumflex.glif":"scircumflex.glif","scommaaccent.glif":"scommaaccent.glif","section.glif":"section.glif","semicolon.glif":"semicolon.glif","seven.glif":"seven.glif","seveneighths.glif":"seveneighths.glif","six.glif":"six.glif","slash.glif":"slash.glif","sterling.glif":"sterling.glif","summation.glif":"summation.glif","t.glif":"t.glif","tbar.glif":"tbar.glif","tcaron.glif":"tcaron.glif","tcommaaccent.glif":"tcommaaccent.glif","theta.glif":"theta.glif","thorn.glif":"thorn.glif","three.glif":"three.glif","threeeighths.glif":"threeeighths.glif","threequarters.glif":"threequarters.glif","tilde.glif":"tilde.glif","tildecomb.glif":"tildecomb.glif","trademark.glif":"trademark.glif","two.glif":"two.glif","u.glif":"u.glif","u10480.glif":"u10480.glif","u10481.glif":"u10481.glif","u10482.glif":"u10482.glif","u10483.glif":"u10483.glif","u10484.glif":"u10484.glif","u10485.glif":"u10485.glif","u10486.glif":"u10486.glif","u10487.glif":"u10487.glif","u10488.glif":"u10488.glif","u10489.glif":"u10489.glif","u1048A_.glif":"u1048A_.glif","u1048B_.glif":"u1048B_.glif","u1048C_.glif":"u1048C_.glif","u1048D_.glif":"u1048D_.glif","u1048E_.glif":"u1048E_.glif","u1048F_.glif":"u1048F_.glif","u10490.glif":"u10490.glif","u10491.glif":"u10491.glif","u10492.glif":"u10492.glif","u10493.glif":"u10493.glif","u10494.glif":"u10494.glif","u10495.glif":"u10495.glif","u10496.glif":"u10496.glif","u10497.glif":"u10497.glif","u10498.glif":"u10498.glif","u10499.glif":"u10499.glif","u1049A_.glif":"u1049A_.glif","u1049B_.glif":"u1049B_.glif","u1049C_.glif":"u1049C_.glif","u1049D_.glif":"u1049D_.glif","u104A_0.glif":"u104A_0.glif","u104A_1.glif":"u104A_1.glif","u104A_2.glif":"u104A_2.glif","u104A_3.glif":"u104A_3.glif","u104A_4.glif":"u104A_4.glif","u104A_5.glif":"u104A_5.glif","u104A_6.glif":"u104A_6.glif","u104A_7.glif":"u104A_7.glif","u104A_8.glif":"u104A_8.glif","u104A_9.glif":"u104A_9.glif","uacute.glif":"uacute.glif","ubreve.glif":"ubreve.glif","ucircumflex.glif":"ucircumflex.glif","udieresis.glif":"udieresis.glif","ugrave.glif":"ugrave.glif","uhungarumlaut.glif":"uhungarumlaut.glif","umacron.glif":"umacron.glif","underscore.glif":"underscore.glif","uni0000.glif":"uni0000.glif","uni000D_.glif":"uni000D_.glif","uni00A_0.glif":"uni00A_0.glif","uni00A_D_.glif":"uni00A_D_.glif","uni00B_2.glif":"uni00B_2.glif","uni00B_3.glif":"uni00B_3.glif","uni00B_9.glif":"uni00B_9.glif","uni0181.glif":"uni0181.glif","uni0186.glif":"uni0186.glif","uni0187.glif":"uni0187.glif","uni0188.glif":"uni0188.glif","uni0189.glif":"uni0189.glif","uni018A_.glif":"uni018A_.glif","uni018E_.glif":"uni018E_.glif","uni018F_.glif":"uni018F_.glif","uni0190.glif":"uni0190.glif","uni0191.glif":"uni0191.glif","uni0193.glif":"uni0193.glif","uni0194.glif":"uni0194.glif","uni0196.glif":"uni0196.glif","uni0197.glif":"uni0197.glif","uni0198.glif":"uni0198.glif","uni0199.glif":"uni0199.glif","uni019A_.glif":"uni019A_.glif","uni019D_.glif":"uni019D_.glif","uni019E_.glif":"uni019E_.glif","uni019F_.glif":"uni019F_.glif","uni01A_4.glif":"uni01A_4.glif","uni01A_5.glif":"uni01A_5.glif","uni01A_9.glif":"uni01A_9.glif","uni01A_C_.glif":"uni01A_C_.glif","uni01A_D_.glif":"uni01A_D_.glif","uni01A_E_.glif":"uni01A_E_.glif","uni01B_1.glif":"uni01B_1.glif","uni01B_2.glif":"uni01B_2.glif","uni01B_3.glif":"uni01B_3.glif","uni01B_4.glif":"uni01B_4.glif","uni01B_5.glif":"uni01B_5.glif","uni01B_6.glif":"uni01B_6.glif","uni01B_7.glif":"uni01B_7.glif","uni01B_8.glif":"uni01B_8.glif","uni01B_9.glif":"uni01B_9.glif","uni01C_0.glif":"uni01C_0.glif","uni01C_1.glif":"uni01C_1.glif","uni01C_2.glif":"uni01C_2.glif","uni01C_3.glif":"uni01C_3.glif","uni01C_D_.glif":"uni01C_D_.glif","uni01C_E_.glif":"uni01C_E_.glif","uni01C_F_.glif":"uni01C_F_.glif","uni01D_0.glif":"uni01D_0.glif","uni01D_1.glif":"uni01D_1.glif","uni01D_2.glif":"uni01D_2.glif","uni01D_3.glif":"uni01D_3.glif","uni01D_4.glif":"uni01D_4.glif","uni01D_5.glif":"uni01D_5.glif","uni01D_6.glif":"uni01D_6.glif","uni01D_7.glif":"uni01D_7.glif","uni01D_8.glif":"uni01D_8.glif","uni01D_9.glif":"uni01D_9.glif","uni01D_A_.glif":"uni01D_A_.glif","uni01D_B_.glif":"uni01D_B_.glif","uni01D_C_.glif":"uni01D_C_.glif","uni01D_D_.glif":"uni01D_D_.glif","uni01D_E_.glif":"uni01D_E_.glif","uni01D_F_.glif":"uni01D_F_.glif","uni01E_0.glif":"uni01E_0.glif","uni01E_1.glif":"uni01E_1.glif","uni01E_2.glif":"uni01E_2.glif","uni01E_3.glif":"uni01E_3.glif","uni01E_4.glif":"uni01E_4.glif","uni01E_5.glif":"uni01E_5.glif","uni01E_8.glif":"uni01E_8.glif","uni01E_9.glif":"uni01E_9.glif","uni01E_A_.glif":"uni01E_A_.glif","uni01E_B_.glif":"uni01E_B_.glif","uni01E_C_.glif":"uni01E_C_.glif","uni01E_D_.glif":"uni01E_D_.glif","uni01E_E_.glif":"uni01E_E_.glif","uni01E_F_.glif":"uni01E_F_.glif","uni01F_4.glif":"uni01F_4.glif","uni01F_5.glif":"uni01F_5.glif","uni01F_8.glif":"uni01F_8.glif","uni01F_9.glif":"uni01F_9.glif","uni0200.glif":"uni0200.glif","uni0201.glif":"uni0201.glif","uni0202.glif":"uni0202.glif","uni0203.glif":"uni0203.glif","uni0204.glif":"uni0204.glif","uni0205.glif":"uni0205.glif","uni0206.glif":"uni0206.glif","uni0207.glif":"uni0207.glif","uni0208.glif":"uni0208.glif","uni0209.glif":"uni0209.glif","uni020A_.glif":"uni020A_.glif","uni020B_.glif":"uni020B_.glif","uni020C_.glif":"uni020C_.glif","uni020D_.glif":"uni020D_.glif","uni020E_.glif":"uni020E_.glif","uni020F_.glif":"uni020F_.glif","uni0210.glif":"uni0210.glif","uni0211.glif":"uni0211.glif","uni0212.glif":"uni0212.glif","uni0213.glif":"uni0213.glif","uni0214.glif":"uni0214.glif","uni0215.glif":"uni0215.glif","uni0216.glif":"uni0216.glif","uni0217.glif":"uni0217.glif","uni021A_.glif":"uni021A_.glif","uni021B_.glif":"uni021B_.glif","uni021E_.glif":"uni021E_.glif","uni021F_.glif":"uni021F_.glif","uni0220.glif":"uni0220.glif","uni0226.glif":"uni0226.glif","uni0227.glif":"uni0227.glif","uni0228.glif":"uni0228.glif","uni0229.glif":"uni0229.glif","uni022A_.glif":"uni022A_.glif","uni022B_.glif":"uni022B_.glif","uni022C_.glif":"uni022C_.glif","uni022D_.glif":"uni022D_.glif","uni022E_.glif":"uni022E_.glif","uni022F_.glif":"uni022F_.glif","uni0230.glif":"uni0230.glif","uni0231.glif":"uni0231.glif","uni0232.glif":"uni0232.glif","uni0233.glif":"uni0233.glif","uni0237.glif":"uni0237.glif","uni023D_.glif":"uni023D_.glif","uni0244.glif":"uni0244.glif","uni0245.glif":"uni0245.glif","uni0248.glif":"uni0248.glif","uni0249.glif":"uni0249.glif","uni024A_.glif":"uni024A_.glif","uni024B_.glif":"uni024B_.glif","uni024C_.glif":"uni024C_.glif","uni024D_.glif":"uni024D_.glif","uni024E_.glif":"uni024E_.glif","uni024F_.glif":"uni024F_.glif","uni0250.glif":"uni0250.glif","uni0251.glif":"uni0251.glif","uni0253.glif":"uni0253.glif","uni0254.glif":"uni0254.glif","uni0256.glif":"uni0256.glif","uni0257.glif":"uni0257.glif","uni0259.glif":"uni0259.glif","uni025B_.glif":"uni025B_.glif","uni025F_.glif":"uni025F_.glif","uni0260.glif":"uni0260.glif","uni0263.glif":"uni0263.glif","uni0268.glif":"uni0268.glif","uni0269.glif":"uni0269.glif","uni026A_.glif":"uni026A_.glif","uni026B_.glif":"uni026B_.glif","uni0271.glif":"uni0271.glif","uni0272.glif":"uni0272.glif","uni0273.glif":"uni0273.glif","uni0275.glif":"uni0275.glif","uni0278.glif":"uni0278.glif","uni027D_.glif":"uni027D_.glif","uni0283.glif":"uni0283.glif","uni0288.glif":"uni0288.glif","uni0289.glif":"uni0289.glif","uni028A_.glif":"uni028A_.glif","uni028B_.glif":"uni028B_.glif","uni028C_.glif":"uni028C_.glif","uni0292.glif":"uni0292.glif","uni0294.glif":"uni0294.glif","uni0295.glif":"uni0295.glif","uni02A_1.glif":"uni02A_1.glif","uni02A_2.glif":"uni02A_2.glif","uni02C_9.glif":"uni02C_9.glif","uni02D_0.glif":"uni02D_0.glif","uni0302.glif":"uni0302.glif","uni0304.glif":"uni0304.glif","uni0305.glif":"uni0305.glif","uni0306.glif":"uni0306.glif","uni0307.glif":"uni0307.glif","uni0308.glif":"uni0308.glif","uni030A_.glif":"uni030A_.glif","uni030B_.glif":"uni030B_.glif","uni030C_.glif":"uni030C_.glif","uni030D_.glif":"uni030D_.glif","uni030E_.glif":"uni030E_.glif","uni030F_.glif":"uni030F_.glif","uni0311.glif":"uni0311.glif","uni0312.glif":"uni0312.glif","uni0313.glif":"uni0313.glif","uni0314.glif":"uni0314.glif","uni0315.glif":"uni0315.glif","uni0316.glif":"uni0316.glif","uni0317.glif":"uni0317.glif","uni0321.glif":"uni0321.glif","uni0322.glif":"uni0322.glif","uni0324.glif":"uni0324.glif","uni0325.glif":"uni0325.glif","uni0326.glif":"uni0326.glif","uni0327.glif":"uni0327.glif","uni0328.glif":"uni0328.glif","uni0329.glif":"uni0329.glif","uni032C_.glif":"uni032C_.glif","uni032D_.glif":"uni032D_.glif","uni032E_.glif":"uni032E_.glif","uni032F_.glif":"uni032F_.glif","uni0330.glif":"uni0330.glif","uni0331.glif":"uni0331.glif","uni0334.glif":"uni0334.glif","uni0335.glif":"uni0335.glif","uni0336.glif":"uni0336.glif","uni0337.glif":"uni0337.glif","uni0338.glif":"uni0338.glif","uni0348.glif":"uni0348.glif","uni034F_.glif":"uni034F_.glif","uni07C_0.glif":"uni07C_0.glif","uni07C_1.glif":"uni07C_1.glif","uni07C_2.glif":"uni07C_2.glif","uni07C_3.glif":"uni07C_3.glif","uni07C_4.glif":"uni07C_4.glif","uni07C_5.glif":"uni07C_5.glif","uni07C_6.glif":"uni07C_6.glif","uni07C_7.glif":"uni07C_7.glif","uni07C_8.glif":"uni07C_8.glif","uni07C_9.glif":"uni07C_9.glif","uni07C_A_.fina.glif":"uni07C_A_.fina.glif","uni07C_A_.glif":"uni07C_A_.glif","uni07C_A_.init.glif":"uni07C_A_.init.glif","uni07C_A_.medi.glif":"uni07C_A_.medi.glif","uni07C_B_.fina.glif":"uni07C_B_.fina.glif","uni07C_B_.glif":"uni07C_B_.glif","uni07C_B_.init.glif":"uni07C_B_.init.glif","uni07C_B_.medi.glif":"uni07C_B_.medi.glif","uni07C_C_.fina.glif":"uni07C_C_.fina.glif","uni07C_C_.glif":"uni07C_C_.glif","uni07C_C_.init.glif":"uni07C_C_.init.glif","uni07C_C_.medi.glif":"uni07C_C_.medi.glif","uni07C_D_.fina.glif":"uni07C_D_.fina.glif","uni07C_D_.glif":"uni07C_D_.glif","uni07C_D_.init.glif":"uni07C_D_.init.glif","uni07C_D_.medi.glif":"uni07C_D_.medi.glif","uni07C_E_.fina.glif":"uni07C_E_.fina.glif","uni07C_E_.glif":"uni07C_E_.glif","uni07C_E_.init.glif":"uni07C_E_.init.glif","uni07C_E_.medi.glif":"uni07C_E_.medi.glif","uni07C_F_.fina.glif":"uni07C_F_.fina.glif","uni07C_F_.glif":"uni07C_F_.glif","uni07C_F_.init.glif":"uni07C_F_.init.glif","uni07C_F_.medi.glif":"uni07C_F_.medi.glif","uni07D_0.fina.glif":"uni07D_0.fina.glif","uni07D_0.glif":"uni07D_0.glif","uni07D_0.init.glif":"uni07D_0.init.glif","uni07D_0.medi.glif":"uni07D_0.medi.glif","uni07D_1.fina.glif":"uni07D_1.fina.glif","uni07D_1.glif":"uni07D_1.glif","uni07D_1.init.glif":"uni07D_1.init.glif","uni07D_1.medi.glif":"uni07D_1.medi.glif","uni07D_2.fina.glif":"uni07D_2.fina.glif","uni07D_2.glif":"uni07D_2.glif","uni07D_2.init.glif":"uni07D_2.init.glif","uni07D_2.medi.glif":"uni07D_2.medi.glif","uni07D_3.fina.glif":"uni07D_3.fina.glif","uni07D_3.glif":"uni07D_3.glif","uni07D_3.init.glif":"uni07D_3.init.glif","uni07D_3.medi.glif":"uni07D_3.medi.glif","uni07D_4.fina.glif":"uni07D_4.fina.glif","uni07D_4.glif":"uni07D_4.glif","uni07D_4.init.glif":"uni07D_4.init.glif","uni07D_4.medi.glif":"uni07D_4.medi.glif","uni07D_5.fina.glif":"uni07D_5.fina.glif","uni07D_5.glif":"uni07D_5.glif","uni07D_5.init.glif":"uni07D_5.init.glif","uni07D_5.medi.glif":"uni07D_5.medi.glif","uni07D_6.fina.glif":"uni07D_6.fina.glif","uni07D_6.glif":"uni07D_6.glif","uni07D_6.init.glif":"uni07D_6.init.glif","uni07D_6.medi.glif":"uni07D_6.medi.glif","uni07D_7.fina.glif":"uni07D_7.fina.glif","uni07D_7.glif":"uni07D_7.glif","uni07D_7.init.glif":"uni07D_7.init.glif","uni07D_7.medi.glif":"uni07D_7.medi.glif","uni07D_8.fina.glif":"uni07D_8.fina.glif","uni07D_8.glif":"uni07D_8.glif","uni07D_8.init.glif":"uni07D_8.init.glif","uni07D_8.medi.glif":"uni07D_8.medi.glif","uni07D_9.fina.glif":"uni07D_9.fina.glif","uni07D_9.glif":"uni07D_9.glif","uni07D_9.init.glif":"uni07D_9.init.glif","uni07D_9.medi.glif":"uni07D_9.medi.glif","uni07D_A_.fina.glif":"uni07D_A_.fina.glif","uni07D_A_.glif":"uni07D_A_.glif","uni07D_A_.init.glif":"uni07D_A_.init.glif","uni07D_A_.medi.glif":"uni07D_A_.medi.glif","uni07D_B_.fina.glif":"uni07D_B_.fina.glif","uni07D_B_.glif":"uni07D_B_.glif","uni07D_B_.init.glif":"uni07D_B_.init.glif","uni07D_B_.medi.glif":"uni07D_B_.medi.glif","uni07D_C_.fina.glif":"uni07D_C_.fina.glif","uni07D_C_.glif":"uni07D_C_.glif","uni07D_C_.init.glif":"uni07D_C_.init.glif","uni07D_C_.medi.glif":"uni07D_C_.medi.glif","uni07D_D_.fina.glif":"uni07D_D_.fina.glif","uni07D_D_.glif":"uni07D_D_.glif","uni07D_D_.init.glif":"uni07D_D_.init.glif","uni07D_D_.medi.glif":"uni07D_D_.medi.glif","uni07D_E_.fina.glif":"uni07D_E_.fina.glif","uni07D_E_.glif":"uni07D_E_.glif","uni07D_E_.init.glif":"uni07D_E_.init.glif","uni07D_E_.medi.glif":"uni07D_E_.medi.glif","uni07D_F_.fina.glif":"uni07D_F_.fina.glif","uni07D_F_.glif":"uni07D_F_.glif","uni07D_F_.init.glif":"uni07D_F_.init.glif","uni07D_F_.medi.glif":"uni07D_F_.medi.glif","uni07E_0.fina.glif":"uni07E_0.fina.glif","uni07E_0.glif":"uni07E_0.glif","uni07E_0.init.glif":"uni07E_0.init.glif","uni07E_0.medi.glif":"uni07E_0.medi.glif","uni07E_1.fina.glif":"uni07E_1.fina.glif","uni07E_1.glif":"uni07E_1.glif","uni07E_1.init.glif":"uni07E_1.init.glif","uni07E_1.medi.glif":"uni07E_1.medi.glif","uni07E_2.fina.glif":"uni07E_2.fina.glif","uni07E_2.glif":"uni07E_2.glif","uni07E_2.init.glif":"uni07E_2.init.glif","uni07E_2.medi.glif":"uni07E_2.medi.glif","uni07E_3.fina.glif":"uni07E_3.fina.glif","uni07E_3.glif":"uni07E_3.glif","uni07E_3.init.glif":"uni07E_3.init.glif","uni07E_3.medi.glif":"uni07E_3.medi.glif","uni07E_4.fina.glif":"uni07E_4.fina.glif","uni07E_4.glif":"uni07E_4.glif","uni07E_4.init.glif":"uni07E_4.init.glif","uni07E_4.medi.glif":"uni07E_4.medi.glif","uni07E_5.fina.glif":"uni07E_5.fina.glif","uni07E_5.glif":"uni07E_5.glif","uni07E_5.init.glif":"uni07E_5.init.glif","uni07E_5.medi.glif":"uni07E_5.medi.glif","uni07E_6.fina.glif":"uni07E_6.fina.glif","uni07E_6.glif":"uni07E_6.glif","uni07E_6.init.glif":"uni07E_6.init.glif","uni07E_6.medi.glif":"uni07E_6.medi.glif","uni07E_7.fina.glif":"uni07E_7.fina.glif","uni07E_7.glif":"uni07E_7.glif","uni07E_7.init.glif":"uni07E_7.init.glif","uni07E_7.medi.glif":"uni07E_7.medi.glif","uni07E_8.fina.glif":"uni07E_8.fina.glif","uni07E_8.glif":"uni07E_8.glif","uni07E_8.init.glif":"uni07E_8.init.glif","uni07E_8.medi.glif":"uni07E_8.medi.glif","uni07E_9.fina.glif":"uni07E_9.fina.glif","uni07E_9.glif":"uni07E_9.glif","uni07E_9.init.glif":"uni07E_9.init.glif","uni07E_9.medi.glif":"uni07E_9.medi.glif","uni07E_A_.fina.glif":"uni07E_A_.fina.glif","uni07E_A_.glif":"uni07E_A_.glif","uni07E_A_.init.glif":"uni07E_A_.init.glif","uni07E_A_.medi.glif":"uni07E_A_.medi.glif","uni07E_B_.glif":"uni07E_B_.glif","uni07E_C_.glif":"uni07E_C_.glif","uni07E_D_.glif":"uni07E_D_.glif","uni07E_E_.glif":"uni07E_E_.glif","uni07E_F_.glif":"uni07E_F_.glif","uni07F_0.glif":"uni07F_0.glif","uni07F_1.glif":"uni07F_1.glif","uni07F_2.glif":"uni07F_2.glif","uni07F_3.glif":"uni07F_3.glif","uni07F_4.glif":"uni07F_4.glif","uni07F_5.glif":"uni07F_5.glif","uni07F_6.glif":"uni07F_6.glif","uni07F_7.glif":"uni07F_7.glif","uni07F_8.glif":"uni07F_8.glif","uni07F_9.glif":"uni07F_9.glif","uni07F_A_.glif":"uni07F_A_.glif","uni1200.glif":"uni1200.glif","uni1201.glif":"uni1201.glif","uni1202.glif":"uni1202.glif","uni1203.glif":"uni1203.glif","uni1204.glif":"uni1204.glif","uni1205.glif":"uni1205.glif","uni1206.glif":"uni1206.glif","uni1207.glif":"uni1207.glif","uni1208.glif":"uni1208.glif","uni1209.glif":"uni1209.glif","uni120A_.glif":"uni120A_.glif","uni120B_.glif":"uni120B_.glif","uni120C_.glif":"uni120C_.glif","uni120D_.glif":"uni120D_.glif","uni120E_.glif":"uni120E_.glif","uni120F_.glif":"uni120F_.glif","uni1210.glif":"uni1210.glif","uni1211.glif":"uni1211.glif","uni1212.glif":"uni1212.glif","uni1213.glif":"uni1213.glif","uni1214.glif":"uni1214.glif","uni1215.glif":"uni1215.glif","uni1216.glif":"uni1216.glif","uni1217.glif":"uni1217.glif","uni1218.glif":"uni1218.glif","uni1219.glif":"uni1219.glif","uni121A_.glif":"uni121A_.glif","uni121B_.glif":"uni121B_.glif","uni121C_.glif":"uni121C_.glif","uni121D_.glif":"uni121D_.glif","uni121E_.glif":"uni121E_.glif","uni121F_.glif":"uni121F_.glif","uni1220.glif":"uni1220.glif","uni1221.glif":"uni1221.glif","uni1222.glif":"uni1222.glif","uni1223.glif":"uni1223.glif","uni1224.glif":"uni1224.glif","uni1225.glif":"uni1225.glif","uni1226.glif":"uni1226.glif","uni1227.glif":"uni1227.glif","uni1228.glif":"uni1228.glif","uni1229.glif":"uni1229.glif","uni122A_.glif":"uni122A_.glif","uni122B_.glif":"uni122B_.glif","uni122C_.glif":"uni122C_.glif","uni122D_.glif":"uni122D_.glif","uni122E_.glif":"uni122E_.glif","uni122F_.glif":"uni122F_.glif","uni1230.glif":"uni1230.glif","uni1231.glif":"uni1231.glif","uni1232.glif":"uni1232.glif","uni1233.glif":"uni1233.glif","uni1234.glif":"uni1234.glif","uni1235.glif":"uni1235.glif","uni1236.glif":"uni1236.glif","uni1237.glif":"uni1237.glif","uni1238.glif":"uni1238.glif","uni1239.glif":"uni1239.glif","uni123A_.glif":"uni123A_.glif","uni123B_.glif":"uni123B_.glif","uni123C_.glif":"uni123C_.glif","uni123D_.glif":"uni123D_.glif","uni123E_.glif":"uni123E_.glif","uni123F_.glif":"uni123F_.glif","uni1240.glif":"uni1240.glif","uni1241.glif":"uni1241.glif","uni1242.glif":"uni1242.glif","uni1243.glif":"uni1243.glif","uni1244.glif":"uni1244.glif","uni1245.glif":"uni1245.glif","uni1246.glif":"uni1246.glif","uni1247.glif":"uni1247.glif","uni1248.glif":"uni1248.glif","uni124A_.glif":"uni124A_.glif","uni124B_.glif":"uni124B_.glif","uni124C_.glif":"uni124C_.glif","uni124D_.glif":"uni124D_.glif","uni1250.glif":"uni1250.glif","uni1251.glif":"uni1251.glif","uni1252.glif":"uni1252.glif","uni1253.glif":"uni1253.glif","uni1254.glif":"uni1254.glif","uni1255.glif":"uni1255.glif","uni1256.glif":"uni1256.glif","uni1258.glif":"uni1258.glif","uni125A_.glif":"uni125A_.glif","uni125B_.glif":"uni125B_.glif","uni125C_.glif":"uni125C_.glif","uni125D_.glif":"uni125D_.glif","uni1260.glif":"uni1260.glif","uni1261.glif":"uni1261.glif","uni1262.glif":"uni1262.glif","uni1263.glif":"uni1263.glif","uni1264.glif":"uni1264.glif","uni1265.glif":"uni1265.glif","uni1266.glif":"uni1266.glif","uni1267.glif":"uni1267.glif","uni1268.glif":"uni1268.glif","uni1269.glif":"uni1269.glif","uni126A_.glif":"uni126A_.glif","uni126B_.glif":"uni126B_.glif","uni126C_.glif":"uni126C_.glif","uni126D_.glif":"uni126D_.glif","uni126E_.glif":"uni126E_.glif","uni126F_.glif":"uni126F_.glif","uni1270.glif":"uni1270.glif","uni1271.glif":"uni1271.glif","uni1272.glif":"uni1272.glif","uni1273.glif":"uni1273.glif","uni1274.glif":"uni1274.glif","uni1275.glif":"uni1275.glif","uni1276.glif":"uni1276.glif","uni1277.glif":"uni1277.glif","uni1278.glif":"uni1278.glif","uni1279.glif":"uni1279.glif","uni127A_.glif":"uni127A_.glif","uni127B_.glif":"uni127B_.glif","uni127C_.glif":"uni127C_.glif","uni127D_.glif":"uni127D_.glif","uni127E_.glif":"uni127E_.glif","uni127F_.glif":"uni127F_.glif","uni1280.glif":"uni1280.glif","uni1281.glif":"uni1281.glif","uni1282.glif":"uni1282.glif","uni1283.glif":"uni1283.glif","uni1284.glif":"uni1284.glif","uni1285.glif":"uni1285.glif","uni1286.glif":"uni1286.glif","uni1287.glif":"uni1287.glif","uni1288.glif":"uni1288.glif","uni128A_.glif":"uni128A_.glif","uni128B_.glif":"uni128B_.glif","uni128C_.glif":"uni128C_.glif","uni128D_.glif":"uni128D_.glif","uni1290.glif":"uni1290.glif","uni1291.glif":"uni1291.glif","uni1292.glif":"uni1292.glif","uni1293.glif":"uni1293.glif","uni1294.glif":"uni1294.glif","uni1295.glif":"uni1295.glif","uni1296.glif":"uni1296.glif","uni1297.glif":"uni1297.glif","uni1298.glif":"uni1298.glif","uni1299.glif":"uni1299.glif","uni129A_.glif":"uni129A_.glif","uni129B_.glif":"uni129B_.glif","uni129C_.glif":"uni129C_.glif","uni129D_.glif":"uni129D_.glif","uni129E_.glif":"uni129E_.glif","uni129F_.glif":"uni129F_.glif","uni12A_0.glif":"uni12A_0.glif","uni12A_1.glif":"uni12A_1.glif","uni12A_2.glif":"uni12A_2.glif","uni12A_3.glif":"uni12A_3.glif","uni12A_4.glif":"uni12A_4.glif","uni12A_5.glif":"uni12A_5.glif","uni12A_6.glif":"uni12A_6.glif","uni12A_7.glif":"uni12A_7.glif","uni12A_8.glif":"uni12A_8.glif","uni12A_9.glif":"uni12A_9.glif","uni12A_A_.glif":"uni12A_A_.glif","uni12A_B_.glif":"uni12A_B_.glif","uni12A_C_.glif":"uni12A_C_.glif","uni12A_D_.glif":"uni12A_D_.glif","uni12A_E_.glif":"uni12A_E_.glif","uni12A_F_.glif":"uni12A_F_.glif","uni12B_0.glif":"uni12B_0.glif","uni12B_2.glif":"uni12B_2.glif","uni12B_3.glif":"uni12B_3.glif","uni12B_4.glif":"uni12B_4.glif","uni12B_5.glif":"uni12B_5.glif","uni12B_8.glif":"uni12B_8.glif","uni12B_9.glif":"uni12B_9.glif","uni12B_A_.glif":"uni12B_A_.glif","uni12B_B_.glif":"uni12B_B_.glif","uni12B_C_.glif":"uni12B_C_.glif","uni12B_D_.glif":"uni12B_D_.glif","uni12B_E_.glif":"uni12B_E_.glif","uni12C_0.glif":"uni12C_0.glif","uni12C_2.glif":"uni12C_2.glif","uni12C_3.glif":"uni12C_3.glif","uni12C_4.glif":"uni12C_4.glif","uni12C_5.glif":"uni12C_5.glif","uni12C_8.glif":"uni12C_8.glif","uni12C_9.glif":"uni12C_9.glif","uni12C_A_.glif":"uni12C_A_.glif","uni12C_B_.glif":"uni12C_B_.glif","uni12C_C_.glif":"uni12C_C_.glif","uni12C_D_.glif":"uni12C_D_.glif","uni12C_E_.glif":"uni12C_E_.glif","uni12C_F_.glif":"uni12C_F_.glif","uni12D_0.glif":"uni12D_0.glif","uni12D_1.glif":"uni12D_1.glif","uni12D_2.glif":"uni12D_2.glif","uni12D_3.glif":"uni12D_3.glif","uni12D_4.glif":"uni12D_4.glif","uni12D_5.glif":"uni12D_5.glif","uni12D_6.glif":"uni12D_6.glif","uni12D_8.glif":"uni12D_8.glif","uni12D_9.glif":"uni12D_9.glif","uni12D_A_.glif":"uni12D_A_.glif","uni12D_B_.glif":"uni12D_B_.glif","uni12D_C_.glif":"uni12D_C_.glif","uni12D_D_.glif":"uni12D_D_.glif","uni12D_E_.glif":"uni12D_E_.glif","uni12D_F_.glif":"uni12D_F_.glif","uni12E_0.glif":"uni12E_0.glif","uni12E_1.glif":"uni12E_1.glif","uni12E_2.glif":"uni12E_2.glif","uni12E_3.glif":"uni12E_3.glif","uni12E_4.glif":"uni12E_4.glif","uni12E_5.glif":"uni12E_5.glif","uni12E_6.glif":"uni12E_6.glif","uni12E_7.glif":"uni12E_7.glif","uni12E_8.glif":"uni12E_8.glif","uni12E_9.glif":"uni12E_9.glif","uni12E_A_.glif":"uni12E_A_.glif","uni12E_B_.glif":"uni12E_B_.glif","uni12E_C_.glif":"uni12E_C_.glif","uni12E_D_.glif":"uni12E_D_.glif","uni12E_E_.glif":"uni12E_E_.glif","uni12E_F_.glif":"uni12E_F_.glif","uni12F_0.glif":"uni12F_0.glif","uni12F_1.glif":"uni12F_1.glif","uni12F_2.glif":"uni12F_2.glif","uni12F_3.glif":"uni12F_3.glif","uni12F_4.glif":"uni12F_4.glif","uni12F_5.glif":"uni12F_5.glif","uni12F_6.glif":"uni12F_6.glif","uni12F_7.glif":"uni12F_7.glif","uni12F_8.glif":"uni12F_8.glif","uni12F_9.glif":"uni12F_9.glif","uni12F_A_.glif":"uni12F_A_.glif","uni12F_B_.glif":"uni12F_B_.glif","uni12F_C_.glif":"uni12F_C_.glif","uni12F_D_.glif":"uni12F_D_.glif","uni12F_E_.glif":"uni12F_E_.glif","uni12F_F_.glif":"uni12F_F_.glif","uni1300.glif":"uni1300.glif","uni1301.glif":"uni1301.glif","uni1302.glif":"uni1302.glif","uni1303.glif":"uni1303.glif","uni1304.glif":"uni1304.glif","uni1305.glif":"uni1305.glif","uni1306.glif":"uni1306.glif","uni1307.glif":"uni1307.glif","uni1308.glif":"uni1308.glif","uni1309.glif":"uni1309.glif","uni130A_.glif":"uni130A_.glif","uni130B_.glif":"uni130B_.glif","uni130C_.glif":"uni130C_.glif","uni130D_.glif":"uni130D_.glif","uni130E_.glif":"uni130E_.glif","uni130F_.glif":"uni130F_.glif","uni1310.glif":"uni1310.glif","uni1312.glif":"uni1312.glif","uni1313.glif":"uni1313.glif","uni1314.glif":"uni1314.glif","uni1315.glif":"uni1315.glif","uni1318.glif":"uni1318.glif","uni1319.glif":"uni1319.glif","uni131A_.glif":"uni131A_.glif","uni131B_.glif":"uni131B_.glif","uni131C_.glif":"uni131C_.glif","uni131D_.glif":"uni131D_.glif","uni131E_.glif":"uni131E_.glif","uni131F_.glif":"uni131F_.glif","uni1320.glif":"uni1320.glif","uni1321.glif":"uni1321.glif","uni1322.glif":"uni1322.glif","uni1323.glif":"uni1323.glif","uni1324.glif":"uni1324.glif","uni1325.glif":"uni1325.glif","uni1326.glif":"uni1326.glif","uni1327.glif":"uni1327.glif","uni1328.glif":"uni1328.glif","uni1329.glif":"uni1329.glif","uni132A_.glif":"uni132A_.glif","uni132B_.glif":"uni132B_.glif","uni132C_.glif":"uni132C_.glif","uni132D_.glif":"uni132D_.glif","uni132E_.glif":"uni132E_.glif","uni132F_.glif":"uni132F_.glif","uni1330.glif":"uni1330.glif","uni1331.glif":"uni1331.glif","uni1332.glif":"uni1332.glif","uni1333.glif":"uni1333.glif","uni1334.glif":"uni1334.glif","uni1335.glif":"uni1335.glif","uni1336.glif":"uni1336.glif","uni1337.glif":"uni1337.glif","uni1338.glif":"uni1338.glif","uni1339.glif":"uni1339.glif","uni133A_.glif":"uni133A_.glif","uni133B_.glif":"uni133B_.glif","uni133C_.glif":"uni133C_.glif","uni133D_.glif":"uni133D_.glif","uni133E_.glif":"uni133E_.glif","uni133F_.glif":"uni133F_.glif","uni1340.glif":"uni1340.glif","uni1341.glif":"uni1341.glif","uni1342.glif":"uni1342.glif","uni1343.glif":"uni1343.glif","uni1344.glif":"uni1344.glif","uni1345.glif":"uni1345.glif","uni1346.glif":"uni1346.glif","uni1347.glif":"uni1347.glif","uni1348.glif":"uni1348.glif","uni1349.glif":"uni1349.glif","uni134A_.glif":"uni134A_.glif","uni134B_.glif":"uni134B_.glif","uni134C_.glif":"uni134C_.glif","uni134D_.glif":"uni134D_.glif","uni134E_.glif":"uni134E_.glif","uni134F_.glif":"uni134F_.glif","uni1350.glif":"uni1350.glif","uni1351.glif":"uni1351.glif","uni1352.glif":"uni1352.glif","uni1353.glif":"uni1353.glif","uni1354.glif":"uni1354.glif","uni1355.glif":"uni1355.glif","uni1356.glif":"uni1356.glif","uni1357.glif":"uni1357.glif","uni1358.glif":"uni1358.glif","uni1359.glif":"uni1359.glif","uni135A_.glif":"uni135A_.glif","uni135D_.glif":"uni135D_.glif","uni135E_.glif":"uni135E_.glif","uni135F_.glif":"uni135F_.glif","uni1360.glif":"uni1360.glif","uni1361.glif":"uni1361.glif","uni1362.glif":"uni1362.glif","uni1363.glif":"uni1363.glif","uni1364.glif":"uni1364.glif","uni1365.glif":"uni1365.glif","uni1366.glif":"uni1366.glif","uni1367.glif":"uni1367.glif","uni1368.glif":"uni1368.glif","uni1369.glif":"uni1369.glif","uni136A_.glif":"uni136A_.glif","uni136B_.glif":"uni136B_.glif","uni136C_.glif":"uni136C_.glif","uni136D_.glif":"uni136D_.glif","uni136E_.glif":"uni136E_.glif","uni136F_.glif":"uni136F_.glif","uni1370.glif":"uni1370.glif","uni1371.glif":"uni1371.glif","uni1372.glif":"uni1372.glif","uni1373.glif":"uni1373.glif","uni1374.glif":"uni1374.glif","uni1375.glif":"uni1375.glif","uni1376.glif":"uni1376.glif","uni1377.glif":"uni1377.glif","uni1378.glif":"uni1378.glif","uni1379.glif":"uni1379.glif","uni137A_.glif":"uni137A_.glif","uni137B_.glif":"uni137B_.glif","uni137C_.glif":"uni137C_.glif","uni1380.glif":"uni1380.glif","uni1381.glif":"uni1381.glif","uni1382.glif":"uni1382.glif","uni1383.glif":"uni1383.glif","uni1384.glif":"uni1384.glif","uni1385.glif":"uni1385.glif","uni1386.glif":"uni1386.glif","uni1387.glif":"uni1387.glif","uni1388.glif":"uni1388.glif","uni1389.glif":"uni1389.glif","uni138A_.glif":"uni138A_.glif","uni138B_.glif":"uni138B_.glif","uni138C_.glif":"uni138C_.glif","uni138D_.glif":"uni138D_.glif","uni138E_.glif":"uni138E_.glif","uni138F_.glif":"uni138F_.glif","uni1390.glif":"uni1390.glif","uni1391.glif":"uni1391.glif","uni1392.glif":"uni1392.glif","uni1393.glif":"uni1393.glif","uni1394.glif":"uni1394.glif","uni1395.glif":"uni1395.glif","uni1396.glif":"uni1396.glif","uni1397.glif":"uni1397.glif","uni1398.glif":"uni1398.glif","uni1399.glif":"uni1399.glif","uni1D_7B_.glif":"uni1D_7B_.glif","uni1D_7C_.glif":"uni1D_7C_.glif","uni1D_7D_.glif":"uni1D_7D_.glif","uni1D_C_D_.glif":"uni1D_C_D_.glif","uni1E_00.glif":"uni1E_00.glif","uni1E_01.glif":"uni1E_01.glif","uni1E_02.glif":"uni1E_02.glif","uni1E_03.glif":"uni1E_03.glif","uni1E_04.glif":"uni1E_04.glif","uni1E_05.glif":"uni1E_05.glif","uni1E_06.glif":"uni1E_06.glif","uni1E_07.glif":"uni1E_07.glif","uni1E_08.glif":"uni1E_08.glif","uni1E_09.glif":"uni1E_09.glif","uni1E_0A_.glif":"uni1E_0A_.glif","uni1E_0B_.glif":"uni1E_0B_.glif","uni1E_0C_.glif":"uni1E_0C_.glif","uni1E_0D_.glif":"uni1E_0D_.glif","uni1E_0E_.glif":"uni1E_0E_.glif","uni1E_0F_.glif":"uni1E_0F_.glif","uni1E_10.glif":"uni1E_10.glif","uni1E_11.glif":"uni1E_11.glif","uni1E_12.glif":"uni1E_12.glif","uni1E_13.glif":"uni1E_13.glif","uni1E_14.glif":"uni1E_14.glif","uni1E_15.glif":"uni1E_15.glif","uni1E_16.glif":"uni1E_16.glif","uni1E_17.glif":"uni1E_17.glif","uni1E_18.glif":"uni1E_18.glif","uni1E_19.glif":"uni1E_19.glif","uni1E_1A_.glif":"uni1E_1A_.glif","uni1E_1B_.glif":"uni1E_1B_.glif","uni1E_1C_.glif":"uni1E_1C_.glif","uni1E_1D_.glif":"uni1E_1D_.glif","uni1E_1E_.glif":"uni1E_1E_.glif","uni1E_1F_.glif":"uni1E_1F_.glif","uni1E_20.glif":"uni1E_20.glif","uni1E_21.glif":"uni1E_21.glif","uni1E_22.glif":"uni1E_22.glif","uni1E_23.glif":"uni1E_23.glif","uni1E_24.glif":"uni1E_24.glif","uni1E_25.glif":"uni1E_25.glif","uni1E_26.glif":"uni1E_26.glif","uni1E_27.glif":"uni1E_27.glif","uni1E_28.glif":"uni1E_28.glif","uni1E_29.glif":"uni1E_29.glif","uni1E_2A_.glif":"uni1E_2A_.glif","uni1E_2B_.glif":"uni1E_2B_.glif","uni1E_2C_.glif":"uni1E_2C_.glif","uni1E_2D_.glif":"uni1E_2D_.glif","uni1E_2E_.glif":"uni1E_2E_.glif","uni1E_2F_.glif":"uni1E_2F_.glif","uni1E_30.glif":"uni1E_30.glif","uni1E_31.glif":"uni1E_31.glif","uni1E_32.glif":"uni1E_32.glif","uni1E_33.glif":"uni1E_33.glif","uni1E_34.glif":"uni1E_34.glif","uni1E_35.glif":"uni1E_35.glif","uni1E_36.glif":"uni1E_36.glif","uni1E_37.glif":"uni1E_37.glif","uni1E_38.glif":"uni1E_38.glif","uni1E_39.glif":"uni1E_39.glif","uni1E_3A_.glif":"uni1E_3A_.glif","uni1E_3B_.glif":"uni1E_3B_.glif","uni1E_3C_.glif":"uni1E_3C_.glif","uni1E_3D_.glif":"uni1E_3D_.glif","uni1E_3E_.glif":"uni1E_3E_.glif","uni1E_3F_.glif":"uni1E_3F_.glif","uni1E_40.glif":"uni1E_40.glif","uni1E_41.glif":"uni1E_41.glif","uni1E_42.glif":"uni1E_42.glif","uni1E_43.glif":"uni1E_43.glif","uni1E_44.glif":"uni1E_44.glif","uni1E_45.glif":"uni1E_45.glif","uni1E_46.glif":"uni1E_46.glif","uni1E_47.glif":"uni1E_47.glif","uni1E_48.glif":"uni1E_48.glif","uni1E_49.glif":"uni1E_49.glif","uni1E_4A_.glif":"uni1E_4A_.glif","uni1E_4B_.glif":"uni1E_4B_.glif","uni1E_4C_.glif":"uni1E_4C_.glif","uni1E_4D_.glif":"uni1E_4D_.glif","uni1E_4E_.glif":"uni1E_4E_.glif","uni1E_4F_.glif":"uni1E_4F_.glif","uni1E_50.glif":"uni1E_50.glif","uni1E_51.glif":"uni1E_51.glif","uni1E_52.glif":"uni1E_52.glif","uni1E_53.glif":"uni1E_53.glif","uni1E_54.glif":"uni1E_54.glif","uni1E_55.glif":"uni1E_55.glif","uni1E_56.glif":"uni1E_56.glif","uni1E_57.glif":"uni1E_57.glif","uni1E_58.glif":"uni1E_58.glif","uni1E_59.glif":"uni1E_59.glif","uni1E_5A_.glif":"uni1E_5A_.glif","uni1E_5B_.glif":"uni1E_5B_.glif","uni1E_5C_.glif":"uni1E_5C_.glif","uni1E_5D_.glif":"uni1E_5D_.glif","uni1E_5E_.glif":"uni1E_5E_.glif","uni1E_5F_.glif":"uni1E_5F_.glif","uni1E_60.glif":"uni1E_60.glif","uni1E_61.glif":"uni1E_61.glif","uni1E_62.glif":"uni1E_62.glif","uni1E_63.glif":"uni1E_63.glif","uni1E_64.glif":"uni1E_64.glif","uni1E_65.glif":"uni1E_65.glif","uni1E_66.glif":"uni1E_66.glif","uni1E_67.glif":"uni1E_67.glif","uni1E_68.glif":"uni1E_68.glif","uni1E_69.glif":"uni1E_69.glif","uni1E_6A_.glif":"uni1E_6A_.glif","uni1E_6B_.glif":"uni1E_6B_.glif","uni1E_6C_.glif":"uni1E_6C_.glif","uni1E_6D_.glif":"uni1E_6D_.glif","uni1E_6E_.glif":"uni1E_6E_.glif","uni1E_6F_.glif":"uni1E_6F_.glif","uni1E_70.glif":"uni1E_70.glif","uni1E_71.glif":"uni1E_71.glif","uni1E_72.glif":"uni1E_72.glif","uni1E_73.glif":"uni1E_73.glif","uni1E_74.glif":"uni1E_74.glif","uni1E_75.glif":"uni1E_75.glif","uni1E_76.glif":"uni1E_76.glif","uni1E_77.glif":"uni1E_77.glif","uni1E_78.glif":"uni1E_78.glif","uni1E_79.glif":"uni1E_79.glif","uni1E_7A_.glif":"uni1E_7A_.glif","uni1E_7B_.glif":"uni1E_7B_.glif","uni1E_7C_.glif":"uni1E_7C_.glif","uni1E_7D_.glif":"uni1E_7D_.glif","uni1E_7E_.glif":"uni1E_7E_.glif","uni1E_7F_.glif":"uni1E_7F_.glif","uni1E_86.glif":"uni1E_86.glif","uni1E_87.glif":"uni1E_87.glif","uni1E_88.glif":"uni1E_88.glif","uni1E_89.glif":"uni1E_89.glif","uni1E_8A_.glif":"uni1E_8A_.glif","uni1E_8B_.glif":"uni1E_8B_.glif","uni1E_8C_.glif":"uni1E_8C_.glif","uni1E_8D_.glif":"uni1E_8D_.glif","uni1E_8E_.glif":"uni1E_8E_.glif","uni1E_8F_.glif":"uni1E_8F_.glif","uni1E_90.glif":"uni1E_90.glif","uni1E_91.glif":"uni1E_91.glif","uni1E_92.glif":"uni1E_92.glif","uni1E_93.glif":"uni1E_93.glif","uni1E_94.glif":"uni1E_94.glif","uni1E_95.glif":"uni1E_95.glif","uni1E_A_0.glif":"uni1E_A_0.glif","uni1E_A_1.glif":"uni1E_A_1.glif","uni1E_B_8.glif":"uni1E_B_8.glif","uni1E_B_9.glif":"uni1E_B_9.glif","uni1E_B_C_.glif":"uni1E_B_C_.glif","uni1E_B_D_.glif":"uni1E_B_D_.glif","uni1E_C_A_.glif":"uni1E_C_A_.glif","uni1E_C_B_.glif":"uni1E_C_B_.glif","uni1E_C_C_.glif":"uni1E_C_C_.glif","uni1E_C_D_.glif":"uni1E_C_D_.glif","uni1E_E_4.glif":"uni1E_E_4.glif","uni1E_E_5.glif":"uni1E_E_5.glif","uni1E_F_4.glif":"uni1E_F_4.glif","uni1E_F_5.glif":"uni1E_F_5.glif","uni1E_F_8.glif":"uni1E_F_8.glif","uni1E_F_9.glif":"uni1E_F_9.glif","uni200A_.glif":"uni200A_.glif","uni2070.glif":"uni2070.glif","uni2074.glif":"uni2074.glif","uni2075.glif":"uni2075.glif","uni2076.glif":"uni2076.glif","uni2077.glif":"uni2077.glif","uni2078.glif":"uni2078.glif","uni2079.glif":"uni2079.glif","uni207A_.glif":"uni207A_.glif","uni207B_.glif":"uni207B_.glif","uni207C_.glif":"uni207C_.glif","uni207D_.glif":"uni207D_.glif","uni207E_.glif":"uni207E_.glif","uni2080.glif":"uni2080.glif","uni2081.glif":"uni2081.glif","uni2082.glif":"uni2082.glif","uni2083.glif":"uni2083.glif","uni2084.glif":"uni2084.glif","uni2085.glif":"uni2085.glif","uni2086.glif":"uni2086.glif","uni2087.glif":"uni2087.glif","uni2088.glif":"uni2088.glif","uni2089.glif":"uni2089.glif","uni208A_.glif":"uni208A_.glif","uni208B_.glif":"uni208B_.glif","uni208C_.glif":"uni208C_.glif","uni208D_.glif":"uni208D_.glif","uni208E_.glif":"uni208E_.glif","uni20B_5.glif":"uni20B_5.glif","uni2126.glif":"uni2126.glif","uni2206.glif":"uni2206.glif","uni2215.glif":"uni2215.glif","uni2219.glif":"uni2219.glif","uni2236.glif":"uni2236.glif","uni25C_C_.glif":"uni25C_C_.glif","uni2C_62.glif":"uni2C_62.glif","uni2C_63.glif":"uni2C_63.glif","uni2C_64.glif":"uni2C_64.glif","uni2C_6D_.glif":"uni2C_6D_.glif","uni2C_6E_.glif":"uni2C_6E_.glif","uni2C_6F_.glif":"uni2C_6F_.glif","uni2D_30.glif":"uni2D_30.glif","uni2D_31.glif":"uni2D_31.glif","uni2D_32.glif":"uni2D_32.glif","uni2D_33.glif":"uni2D_33.glif","uni2D_34.glif":"uni2D_34.glif","uni2D_35.glif":"uni2D_35.glif","uni2D_36.glif":"uni2D_36.glif","uni2D_37.glif":"uni2D_37.glif","uni2D_38.glif":"uni2D_38.glif","uni2D_39.glif":"uni2D_39.glif","uni2D_3A_.glif":"uni2D_3A_.glif","uni2D_3B_.glif":"uni2D_3B_.glif","uni2D_3C_.glif":"uni2D_3C_.glif","uni2D_3C__uni2D_7F__uni2D_5C_.ccmp.glif":"uni2D_3C__uni2D_7F__uni2D_5C_.ccmp.glif","uni2D_3D_.glif":"uni2D_3D_.glif","uni2D_3E_.glif":"uni2D_3E_.glif","uni2D_3F_.glif":"uni2D_3F_.glif","uni2D_40.glif":"uni2D_40.glif","uni2D_40_uni2D_7F__uni2D_5C_.ccmp.glif":"uni2D_40_uni2D_7F__uni2D_5C_.ccmp.glif","uni2D_41.glif":"uni2D_41.glif","uni2D_42.glif":"uni2D_42.glif","uni2D_43.glif":"uni2D_43.glif","uni2D_44.glif":"uni2D_44.glif","uni2D_45.glif":"uni2D_45.glif","uni2D_46.glif":"uni2D_46.glif","uni2D_47.glif":"uni2D_47.glif","uni2D_48.glif":"uni2D_48.glif","uni2D_49.glif":"uni2D_49.glif","uni2D_4A_.glif":"uni2D_4A_.glif","uni2D_4B_.glif":"uni2D_4B_.glif","uni2D_4C_.glif":"uni2D_4C_.glif","uni2D_4C__uni2D_7F__uni2D_5C_.ccmp.glif":"uni2D_4C__uni2D_7F__uni2D_5C_.ccmp.glif","uni2D_4D_.glif":"uni2D_4D_.glif","uni2D_4D__uni2D_7F__uni2D_5C_.ccmp.glif":"uni2D_4D__uni2D_7F__uni2D_5C_.ccmp.glif","uni2D_4E_.glif":"uni2D_4E_.glif","uni2D_4E__uni2D_7F__uni2D_40.ccmp.glif":"uni2D_4E__uni2D_7F__uni2D_40.ccmp.glif","uni2D_4E__uni2D_7F__uni2D_59.ccmp.glif":"uni2D_4E__uni2D_7F__uni2D_59.ccmp.glif","uni2D_4E__uni2D_7F__uni2D_5C_.ccmp.glif":"uni2D_4E__uni2D_7F__uni2D_5C_.ccmp.glif","uni2D_4F_.glif":"uni2D_4F_.glif","uni2D_4F__uni2D_7F__uni2D_34.ccmp.glif":"uni2D_4F__uni2D_7F__uni2D_34.ccmp.glif","uni2D_4F__uni2D_7F__uni2D_36.ccmp.glif":"uni2D_4F__uni2D_7F__uni2D_36.ccmp.glif","uni2D_4F__uni2D_7F__uni2D_38.ccmp.glif":"uni2D_4F__uni2D_7F__uni2D_38.ccmp.glif","uni2D_4F__uni2D_7F__uni2D_39.ccmp.glif":"uni2D_4F__uni2D_7F__uni2D_39.ccmp.glif","uni2D_4F__uni2D_7F__uni2D_3C_.ccmp.glif":"uni2D_4F__uni2D_7F__uni2D_3C_.ccmp.glif","uni2D_4F__uni2D_7F__uni2D_3E_.ccmp.glif":"uni2D_4F__uni2D_7F__uni2D_3E_.ccmp.glif","uni2D_4F__uni2D_7F__uni2D_40.ccmp.glif":"uni2D_4F__uni2D_7F__uni2D_40.ccmp.glif","uni2D_4F__uni2D_7F__uni2D_4C_.ccmp.glif":"uni2D_4F__uni2D_7F__uni2D_4C_.ccmp.glif","uni2D_4F__uni2D_7F__uni2D_57.ccmp.glif":"uni2D_4F__uni2D_7F__uni2D_57.ccmp.glif","uni2D_4F__uni2D_7F__uni2D_59.ccmp.glif":"uni2D_4F__uni2D_7F__uni2D_59.ccmp.glif","uni2D_4F__uni2D_7F__uni2D_5C_.ccmp.glif":"uni2D_4F__uni2D_7F__uni2D_5C_.ccmp.glif","uni2D_4F__uni2D_7F__uni2D_64.ccmp.glif":"uni2D_4F__uni2D_7F__uni2D_64.ccmp.glif","uni2D_50.glif":"uni2D_50.glif","uni2D_51.glif":"uni2D_51.glif","uni2D_52.glif":"uni2D_52.glif","uni2D_53.glif":"uni2D_53.glif","uni2D_53_uni2D_7F__uni2D_5C_.ccmp.glif":"uni2D_53_uni2D_7F__uni2D_5C_.ccmp.glif","uni2D_54.glif":"uni2D_54.glif","uni2D_54_uni2D_7F__uni2D_5C_.ccmp.glif":"uni2D_54_uni2D_7F__uni2D_5C_.ccmp.glif","uni2D_55.glif":"uni2D_55.glif","uni2D_56.glif":"uni2D_56.glif","uni2D_57.glif":"uni2D_57.glif","uni2D_58.glif":"uni2D_58.glif","uni2D_59.glif":"uni2D_59.glif","uni2D_59_uni2D_7F__uni2D_4F_.ccmp.glif":"uni2D_59_uni2D_7F__uni2D_4F_.ccmp.glif","uni2D_59_uni2D_7F__uni2D_5C_.ccmp.glif":"uni2D_59_uni2D_7F__uni2D_5C_.ccmp.glif","uni2D_5A_.glif":"uni2D_5A_.glif","uni2D_5B_.glif":"uni2D_5B_.glif","uni2D_5B__uni2D_7F__uni2D_5C_.ccmp.glif":"uni2D_5B__uni2D_7F__uni2D_5C_.ccmp.glif","uni2D_5C_.glif":"uni2D_5C_.glif","uni2D_5C__uni2D_7F__uni2D_59.ccmp.glif":"uni2D_5C__uni2D_7F__uni2D_59.ccmp.glif","uni2D_5D_.glif":"uni2D_5D_.glif","uni2D_5E_.glif":"uni2D_5E_.glif","uni2D_5F_.glif":"uni2D_5F_.glif","uni2D_60.glif":"uni2D_60.glif","uni2D_61.glif":"uni2D_61.glif","uni2D_62.glif":"uni2D_62.glif","uni2D_62_uni2D_7F__uni2D_5C_.ccmp.glif":"uni2D_62_uni2D_7F__uni2D_5C_.ccmp.glif","uni2D_63.glif":"uni2D_63.glif","uni2D_64.glif":"uni2D_64.glif","uni2D_65.glif":"uni2D_65.glif","uni2D_66.glif":"uni2D_66.glif","uni2D_67.glif":"uni2D_67.glif","uni2D_6F_.glif":"uni2D_6F_.glif","uni2D_70.glif":"uni2D_70.glif","uni2D_7F_.glif":"uni2D_7F_.glif","uni2D_80.glif":"uni2D_80.glif","uni2D_81.glif":"uni2D_81.glif","uni2D_82.glif":"uni2D_82.glif","uni2D_83.glif":"uni2D_83.glif","uni2D_84.glif":"uni2D_84.glif","uni2D_85.glif":"uni2D_85.glif","uni2D_86.glif":"uni2D_86.glif","uni2D_87.glif":"uni2D_87.glif","uni2D_88.glif":"uni2D_88.glif","uni2D_89.glif":"uni2D_89.glif","uni2D_8A_.glif":"uni2D_8A_.glif","uni2D_8B_.glif":"uni2D_8B_.glif","uni2D_8C_.glif":"uni2D_8C_.glif","uni2D_8D_.glif":"uni2D_8D_.glif","uni2D_8E_.glif":"uni2D_8E_.glif","uni2D_8F_.glif":"uni2D_8F_.glif","uni2D_90.glif":"uni2D_90.glif","uni2D_91.glif":"uni2D_91.glif","uni2D_92.glif":"uni2D_92.glif","uni2D_93.glif":"uni2D_93.glif","uni2D_94.glif":"uni2D_94.glif","uni2D_95.glif":"uni2D_95.glif","uni2D_96.glif":"uni2D_96.glif","uni2D_A_0.glif":"uni2D_A_0.glif","uni2D_A_1.glif":"uni2D_A_1.glif","uni2D_A_2.glif":"uni2D_A_2.glif","uni2D_A_3.glif":"uni2D_A_3.glif","uni2D_A_4.glif":"uni2D_A_4.glif","uni2D_A_5.glif":"uni2D_A_5.glif","uni2D_A_6.glif":"uni2D_A_6.glif","uni2D_A_8.glif":"uni2D_A_8.glif","uni2D_A_9.glif":"uni2D_A_9.glif","uni2D_A_A_.glif":"uni2D_A_A_.glif","uni2D_A_B_.glif":"uni2D_A_B_.glif","uni2D_A_C_.glif":"uni2D_A_C_.glif","uni2D_A_D_.glif":"uni2D_A_D_.glif","uni2D_A_E_.glif":"uni2D_A_E_.glif","uni2D_B_0.glif":"uni2D_B_0.glif","uni2D_B_1.glif":"uni2D_B_1.glif","uni2D_B_2.glif":"uni2D_B_2.glif","uni2D_B_3.glif":"uni2D_B_3.glif","uni2D_B_4.glif":"uni2D_B_4.glif","uni2D_B_5.glif":"uni2D_B_5.glif","uni2D_B_6.glif":"uni2D_B_6.glif","uni2D_B_8.glif":"uni2D_B_8.glif","uni2D_B_9.glif":"uni2D_B_9.glif","uni2D_B_A_.glif":"uni2D_B_A_.glif","uni2D_B_B_.glif":"uni2D_B_B_.glif","uni2D_B_C_.glif":"uni2D_B_C_.glif","uni2D_B_D_.glif":"uni2D_B_D_.glif","uni2D_B_E_.glif":"uni2D_B_E_.glif","uni2D_C_0.glif":"uni2D_C_0.glif","uni2D_C_1.glif":"uni2D_C_1.glif","uni2D_C_2.glif":"uni2D_C_2.glif","uni2D_C_3.glif":"uni2D_C_3.glif","uni2D_C_4.glif":"uni2D_C_4.glif","uni2D_C_5.glif":"uni2D_C_5.glif","uni2D_C_6.glif":"uni2D_C_6.glif","uni2D_C_8.glif":"uni2D_C_8.glif","uni2D_C_9.glif":"uni2D_C_9.glif","uni2D_C_A_.glif":"uni2D_C_A_.glif","uni2D_C_B_.glif":"uni2D_C_B_.glif","uni2D_C_C_.glif":"uni2D_C_C_.glif","uni2D_C_D_.glif":"uni2D_C_D_.glif","uni2D_C_E_.glif":"uni2D_C_E_.glif","uni2D_D_0.glif":"uni2D_D_0.glif","uni2D_D_1.glif":"uni2D_D_1.glif","uni2D_D_2.glif":"uni2D_D_2.glif","uni2D_D_3.glif":"uni2D_D_3.glif","uni2D_D_4.glif":"uni2D_D_4.glif","uni2D_D_5.glif":"uni2D_D_5.glif","uni2D_D_6.glif":"uni2D_D_6.glif","uni2D_D_8.glif":"uni2D_D_8.glif","uni2D_D_9.glif":"uni2D_D_9.glif","uni2D_D_A_.glif":"uni2D_D_A_.glif","uni2D_D_B_.glif":"uni2D_D_B_.glif","uni2D_D_C_.glif":"uni2D_D_C_.glif","uni2D_D_D_.glif":"uni2D_D_D_.glif","uni2D_D_E_.glif":"uni2D_D_E_.glif","uni2E_1C_.glif":"uni2E_1C_.glif","uni2E_1D_.glif":"uni2E_1D_.glif","uniA_500.glif":"uniA_500.glif","uniA_501.glif":"uniA_501.glif","uniA_502.glif":"uniA_502.glif","uniA_503.glif":"uniA_503.glif","uniA_504.glif":"uniA_504.glif","uniA_505.glif":"uniA_505.glif","uniA_506.glif":"uniA_506.glif","uniA_507.glif":"uniA_507.glif","uniA_508.glif":"uniA_508.glif","uniA_509.glif":"uniA_509.glif","uniA_50A_.glif":"uniA_50A_.glif","uniA_50B_.glif":"uniA_50B_.glif","uniA_50C_.glif":"uniA_50C_.glif","uniA_50D_.glif":"uniA_50D_.glif","uniA_50E_.glif":"uniA_50E_.glif","uniA_50F_.glif":"uniA_50F_.glif","uniA_510.glif":"uniA_510.glif","uniA_511.glif":"uniA_511.glif","uniA_512.glif":"uniA_512.glif","uniA_513.glif":"uniA_513.glif","uniA_514.glif":"uniA_514.glif","uniA_515.glif":"uniA_515.glif","uniA_516.glif":"uniA_516.glif","uniA_517.glif":"uniA_517.glif","uniA_518.glif":"uniA_518.glif","uniA_519.glif":"uniA_519.glif","uniA_51A_.glif":"uniA_51A_.glif","uniA_51B_.glif":"uniA_51B_.glif","uniA_51C_.glif":"uniA_51C_.glif","uniA_51D_.glif":"uniA_51D_.glif","uniA_51E_.glif":"uniA_51E_.glif","uniA_51F_.glif":"uniA_51F_.glif","uniA_520.glif":"uniA_520.glif","uniA_521.glif":"uniA_521.glif","uniA_522.glif":"uniA_522.glif","uniA_523.glif":"uniA_523.glif","uniA_524.glif":"uniA_524.glif","uniA_525.glif":"uniA_525.glif","uniA_526.glif":"uniA_526.glif","uniA_527.glif":"uniA_527.glif","uniA_528.glif":"uniA_528.glif","uniA_529.glif":"uniA_529.glif","uniA_52A_.glif":"uniA_52A_.glif","uniA_52B_.glif":"uniA_52B_.glif","uniA_52C_.glif":"uniA_52C_.glif","uniA_52D_.glif":"uniA_52D_.glif","uniA_52E_.glif":"uniA_52E_.glif","uniA_52F_.glif":"uniA_52F_.glif","uniA_530.glif":"uniA_530.glif","uniA_531.glif":"uniA_531.glif","uniA_532.glif":"uniA_532.glif","uniA_533.glif":"uniA_533.glif","uniA_534.glif":"uniA_534.glif","uniA_535.glif":"uniA_535.glif","uniA_536.glif":"uniA_536.glif","uniA_537.glif":"uniA_537.glif","uniA_538.glif":"uniA_538.glif","uniA_539.glif":"uniA_539.glif","uniA_53A_.glif":"uniA_53A_.glif","uniA_53B_.glif":"uniA_53B_.glif","uniA_53C_.glif":"uniA_53C_.glif","uniA_53D_.glif":"uniA_53D_.glif","uniA_53E_.glif":"uniA_53E_.glif","uniA_53F_.glif":"uniA_53F_.glif","uniA_540.glif":"uniA_540.glif","uniA_541.glif":"uniA_541.glif","uniA_542.glif":"uniA_542.glif","uniA_543.glif":"uniA_543.glif","uniA_544.glif":"uniA_544.glif","uniA_545.glif":"uniA_545.glif","uniA_546.glif":"uniA_546.glif","uniA_547.glif":"uniA_547.glif","uniA_548.glif":"uniA_548.glif","uniA_549.glif":"uniA_549.glif","uniA_54A_.glif":"uniA_54A_.glif","uniA_54B_.glif":"uniA_54B_.glif","uniA_54C_.glif":"uniA_54C_.glif","uniA_54D_.glif":"uniA_54D_.glif","uniA_54E_.glif":"uniA_54E_.glif","uniA_54F_.glif":"uniA_54F_.glif","uniA_550.glif":"uniA_550.glif","uniA_551.glif":"uniA_551.glif","uniA_552.glif":"uniA_552.glif","uniA_553.glif":"uniA_553.glif","uniA_554.glif":"uniA_554.glif","uniA_555.glif":"uniA_555.glif","uniA_556.glif":"uniA_556.glif","uniA_557.glif":"uniA_557.glif","uniA_558.glif":"uniA_558.glif","uniA_559.glif":"uniA_559.glif","uniA_55A_.glif":"uniA_55A_.glif","uniA_55B_.glif":"uniA_55B_.glif","uniA_55C_.glif":"uniA_55C_.glif","uniA_55D_.glif":"uniA_55D_.glif","uniA_55E_.glif":"uniA_55E_.glif","uniA_55F_.glif":"uniA_55F_.glif","uniA_560.glif":"uniA_560.glif","uniA_561.glif":"uniA_561.glif","uniA_562.glif":"uniA_562.glif","uniA_563.glif":"uniA_563.glif","uniA_564.glif":"uniA_564.glif","uniA_565.glif":"uniA_565.glif","uniA_566.glif":"uniA_566.glif","uniA_567.glif":"uniA_567.glif","uniA_568.glif":"uniA_568.glif","uniA_569.glif":"uniA_569.glif","uniA_56A_.glif":"uniA_56A_.glif","uniA_56B_.glif":"uniA_56B_.glif","uniA_56C_.glif":"uniA_56C_.glif","uniA_56D_.glif":"uniA_56D_.glif","uniA_56E_.glif":"uniA_56E_.glif","uniA_56F_.glif":"uniA_56F_.glif","uniA_570.glif":"uniA_570.glif","uniA_571.glif":"uniA_571.glif","uniA_572.glif":"uniA_572.glif","uniA_573.glif":"uniA_573.glif","uniA_574.glif":"uniA_574.glif","uniA_575.glif":"uniA_575.glif","uniA_576.glif":"uniA_576.glif","uniA_577.glif":"uniA_577.glif","uniA_578.glif":"uniA_578.glif","uniA_579.glif":"uniA_579.glif","uniA_57A_.glif":"uniA_57A_.glif","uniA_57B_.glif":"uniA_57B_.glif","uniA_57C_.glif":"uniA_57C_.glif","uniA_57D_.glif":"uniA_57D_.glif","uniA_57E_.glif":"uniA_57E_.glif","uniA_57F_.glif":"uniA_57F_.glif","uniA_580.glif":"uniA_580.glif","uniA_581.glif":"uniA_581.glif","uniA_582.glif":"uniA_582.glif","uniA_583.glif":"uniA_583.glif","uniA_584.glif":"uniA_584.glif","uniA_585.glif":"uniA_585.glif","uniA_586.glif":"uniA_586.glif","uniA_587.glif":"uniA_587.glif","uniA_588.glif":"uniA_588.glif","uniA_589.glif":"uniA_589.glif","uniA_58A_.glif":"uniA_58A_.glif","uniA_58B_.glif":"uniA_58B_.glif","uniA_58C_.glif":"uniA_58C_.glif","uniA_58D_.glif":"uniA_58D_.glif","uniA_58E_.glif":"uniA_58E_.glif","uniA_58F_.glif":"uniA_58F_.glif","uniA_590.glif":"uniA_590.glif","uniA_591.glif":"uniA_591.glif","uniA_592.glif":"uniA_592.glif","uniA_593.glif":"uniA_593.glif","uniA_594.glif":"uniA_594.glif","uniA_595.glif":"uniA_595.glif","uniA_596.glif":"uniA_596.glif","uniA_597.glif":"uniA_597.glif","uniA_598.glif":"uniA_598.glif","uniA_599.glif":"uniA_599.glif","uniA_59A_.glif":"uniA_59A_.glif","uniA_59B_.glif":"uniA_59B_.glif","uniA_59C_.glif":"uniA_59C_.glif","uniA_59D_.glif":"uniA_59D_.glif","uniA_59E_.glif":"uniA_59E_.glif","uniA_59F_.glif":"uniA_59F_.glif","uniA_5A_0.glif":"uniA_5A_0.glif","uniA_5A_1.glif":"uniA_5A_1.glif","uniA_5A_2.glif":"uniA_5A_2.glif","uniA_5A_3.glif":"uniA_5A_3.glif","uniA_5A_4.glif":"uniA_5A_4.glif","uniA_5A_5.glif":"uniA_5A_5.glif","uniA_5A_6.glif":"uniA_5A_6.glif","uniA_5A_7.glif":"uniA_5A_7.glif","uniA_5A_8.glif":"uniA_5A_8.glif","uniA_5A_9.glif":"uniA_5A_9.glif","uniA_5A_A_.glif":"uniA_5A_A_.glif","uniA_5A_B_.glif":"uniA_5A_B_.glif","uniA_5A_C_.glif":"uniA_5A_C_.glif","uniA_5A_D_.glif":"uniA_5A_D_.glif","uniA_5A_E_.glif":"uniA_5A_E_.glif","uniA_5A_F_.glif":"uniA_5A_F_.glif","uniA_5B_0.glif":"uniA_5B_0.glif","uniA_5B_1.glif":"uniA_5B_1.glif","uniA_5B_2.glif":"uniA_5B_2.glif","uniA_5B_3.glif":"uniA_5B_3.glif","uniA_5B_4.glif":"uniA_5B_4.glif","uniA_5B_5.glif":"uniA_5B_5.glif","uniA_5B_6.glif":"uniA_5B_6.glif","uniA_5B_7.glif":"uniA_5B_7.glif","uniA_5B_8.glif":"uniA_5B_8.glif","uniA_5B_9.glif":"uniA_5B_9.glif","uniA_5B_A_.glif":"uniA_5B_A_.glif","uniA_5B_B_.glif":"uniA_5B_B_.glif","uniA_5B_C_.glif":"uniA_5B_C_.glif","uniA_5B_D_.glif":"uniA_5B_D_.glif","uniA_5B_E_.glif":"uniA_5B_E_.glif","uniA_5B_F_.glif":"uniA_5B_F_.glif","uniA_5C_0.glif":"uniA_5C_0.glif","uniA_5C_1.glif":"uniA_5C_1.glif","uniA_5C_2.glif":"uniA_5C_2.glif","uniA_5C_3.glif":"uniA_5C_3.glif","uniA_5C_4.glif":"uniA_5C_4.glif","uniA_5C_5.glif":"uniA_5C_5.glif","uniA_5C_6.glif":"uniA_5C_6.glif","uniA_5C_7.glif":"uniA_5C_7.glif","uniA_5C_8.glif":"uniA_5C_8.glif","uniA_5C_9.glif":"uniA_5C_9.glif","uniA_5C_A_.glif":"uniA_5C_A_.glif","uniA_5C_B_.glif":"uniA_5C_B_.glif","uniA_5C_C_.glif":"uniA_5C_C_.glif","uniA_5C_D_.glif":"uniA_5C_D_.glif","uniA_5C_E_.glif":"uniA_5C_E_.glif","uniA_5C_F_.glif":"uniA_5C_F_.glif","uniA_5D_0.glif":"uniA_5D_0.glif","uniA_5D_1.glif":"uniA_5D_1.glif","uniA_5D_2.glif":"uniA_5D_2.glif","uniA_5D_3.glif":"uniA_5D_3.glif","uniA_5D_4.glif":"uniA_5D_4.glif","uniA_5D_5.glif":"uniA_5D_5.glif","uniA_5D_6.glif":"uniA_5D_6.glif","uniA_5D_7.glif":"uniA_5D_7.glif","uniA_5D_8.glif":"uniA_5D_8.glif","uniA_5D_9.glif":"uniA_5D_9.glif","uniA_5D_A_.glif":"uniA_5D_A_.glif","uniA_5D_B_.glif":"uniA_5D_B_.glif","uniA_5D_C_.glif":"uniA_5D_C_.glif","uniA_5D_D_.glif":"uniA_5D_D_.glif","uniA_5D_E_.glif":"uniA_5D_E_.glif","uniA_5D_F_.glif":"uniA_5D_F_.glif","uniA_5E_0.glif":"uniA_5E_0.glif","uniA_5E_1.glif":"uniA_5E_1.glif","uniA_5E_2.glif":"uniA_5E_2.glif","uniA_5E_3.glif":"uniA_5E_3.glif","uniA_5E_4.glif":"uniA_5E_4.glif","uniA_5E_5.glif":"uniA_5E_5.glif","uniA_5E_6.glif":"uniA_5E_6.glif","uniA_5E_7.glif":"uniA_5E_7.glif","uniA_5E_8.glif":"uniA_5E_8.glif","uniA_5E_9.glif":"uniA_5E_9.glif","uniA_5E_A_.glif":"uniA_5E_A_.glif","uniA_5E_B_.glif":"uniA_5E_B_.glif","uniA_5E_C_.glif":"uniA_5E_C_.glif","uniA_5E_D_.glif":"uniA_5E_D_.glif","uniA_5E_E_.glif":"uniA_5E_E_.glif","uniA_5E_F_.glif":"uniA_5E_F_.glif","uniA_5F_0.glif":"uniA_5F_0.glif","uniA_5F_1.glif":"uniA_5F_1.glif","uniA_5F_2.glif":"uniA_5F_2.glif","uniA_5F_3.glif":"uniA_5F_3.glif","uniA_5F_4.glif":"uniA_5F_4.glif","uniA_5F_5.glif":"uniA_5F_5.glif","uniA_5F_6.glif":"uniA_5F_6.glif","uniA_5F_7.glif":"uniA_5F_7.glif","uniA_5F_8.glif":"uniA_5F_8.glif","uniA_5F_9.glif":"uniA_5F_9.glif","uniA_5F_A_.glif":"uniA_5F_A_.glif","uniA_5F_B_.glif":"uniA_5F_B_.glif","uniA_5F_C_.glif":"uniA_5F_C_.glif","uniA_5F_D_.glif":"uniA_5F_D_.glif","uniA_5F_E_.glif":"uniA_5F_E_.glif","uniA_5F_F_.glif":"uniA_5F_F_.glif","uniA_600.glif":"uniA_600.glif","uniA_601.glif":"uniA_601.glif","uniA_602.glif":"uniA_602.glif","uniA_603.glif":"uniA_603.glif","uniA_604.glif":"uniA_604.glif","uniA_605.glif":"uniA_605.glif","uniA_606.glif":"uniA_606.glif","uniA_607.glif":"uniA_607.glif","uniA_608.glif":"uniA_608.glif","uniA_609.glif":"uniA_609.glif","uniA_60A_.glif":"uniA_60A_.glif","uniA_60B_.glif":"uniA_60B_.glif","uniA_60C_.glif":"uniA_60C_.glif","uniA_60D_.glif":"uniA_60D_.glif","uniA_60E_.glif":"uniA_60E_.glif","uniA_60F_.glif":"uniA_60F_.glif","uniA_610.glif":"uniA_610.glif","uniA_611.glif":"uniA_611.glif","uniA_612.glif":"uniA_612.glif","uniA_613.glif":"uniA_613.glif","uniA_614.glif":"uniA_614.glif","uniA_615.glif":"uniA_615.glif","uniA_616.glif":"uniA_616.glif","uniA_617.glif":"uniA_617.glif","uniA_618.glif":"uniA_618.glif","uniA_619.glif":"uniA_619.glif","uniA_61A_.glif":"uniA_61A_.glif","uniA_61B_.glif":"uniA_61B_.glif","uniA_61C_.glif":"uniA_61C_.glif","uniA_61D_.glif":"uniA_61D_.glif","uniA_61E_.glif":"uniA_61E_.glif","uniA_61F_.glif":"uniA_61F_.glif","uniA_620.glif":"uniA_620.glif","uniA_621.glif":"uniA_621.glif","uniA_622.glif":"uniA_622.glif","uniA_623.glif":"uniA_623.glif","uniA_624.glif":"uniA_624.glif","uniA_625.glif":"uniA_625.glif","uniA_626.glif":"uniA_626.glif","uniA_627.glif":"uniA_627.glif","uniA_628.glif":"uniA_628.glif","uniA_629.glif":"uniA_629.glif","uniA_62A_.glif":"uniA_62A_.glif","uniA_62B_.glif":"uniA_62B_.glif","uniA_B_01.glif":"uniA_B_01.glif","uniA_B_02.glif":"uniA_B_02.glif","uniA_B_03.glif":"uniA_B_03.glif","uniA_B_04.glif":"uniA_B_04.glif","uniA_B_05.glif":"uniA_B_05.glif","uniA_B_06.glif":"uniA_B_06.glif","uniA_B_09.glif":"uniA_B_09.glif","uniA_B_0A_.glif":"uniA_B_0A_.glif","uniA_B_0B_.glif":"uniA_B_0B_.glif","uniA_B_0C_.glif":"uniA_B_0C_.glif","uniA_B_0D_.glif":"uniA_B_0D_.glif","uniA_B_0E_.glif":"uniA_B_0E_.glif","uniA_B_11.glif":"uniA_B_11.glif","uniA_B_12.glif":"uniA_B_12.glif","uniA_B_13.glif":"uniA_B_13.glif","uniA_B_14.glif":"uniA_B_14.glif","uniA_B_15.glif":"uniA_B_15.glif","uniA_B_16.glif":"uniA_B_16.glif","uniA_B_20.glif":"uniA_B_20.glif","uniA_B_21.glif":"uniA_B_21.glif","uniA_B_22.glif":"uniA_B_22.glif","uniA_B_23.glif":"uniA_B_23.glif","uniA_B_24.glif":"uniA_B_24.glif","uniA_B_25.glif":"uniA_B_25.glif","uniA_B_26.glif":"uniA_B_26.glif","uniA_B_28.glif":"uniA_B_28.glif","uniA_B_29.glif":"uniA_B_29.glif","uniA_B_2A_.glif":"uniA_B_2A_.glif","uniA_B_2B_.glif":"uniA_B_2B_.glif","uniA_B_2C_.glif":"uniA_B_2C_.glif","uniA_B_2D_.glif":"uniA_B_2D_.glif","uniA_B_2E_.glif":"uniA_B_2E_.glif","uniF_B_01.glif":"uniF_B_01.glif","uniF_B_02.glif":"uniF_B_02.glif","uniF_D_3E_.glif":"uniF_D_3E_.glif","uniF_D_3F_.glif":"uniF_D_3F_.glif","uogonek.glif":"uogonek.glif","upsilon.glif":"upsilon.glif","uring.glif":"uring.glif","utilde.glif":"utilde.glif","v.glif":"v.glif","w.glif":"w.glif","wacute.glif":"wacute.glif","wcircumflex.glif":"wcircumflex.glif","wdieresis.glif":"wdieresis.glif","wgrave.glif":"wgrave.glif","x.glif":"x.glif","y.glif":"y.glif","yacute.glif":"yacute.glif","ycircumflex.glif":"ycircumflex.glif","ydieresis.glif":"ydieresis.glif","yen.glif":"yen.glif","ygrave.glif":"ygrave.glif","z.glif":"z.glif","zacute.glif":"zacute.glif","zcaron.glif":"zcaron.glif","zdotaccent.glif":"zdotaccent.glif","zero.glif":"zero.glif"}},"Font":{"uploaded":1494107350.1259,"licence":"gpl3","company":"Chronolabs Cooperative","title":"Ebrima Bold","version":2.001,"date":"Fri Nov 25 21:27:52 2016","creator":"root","type":"1","matrix":"0.000488281 0 0 0.000488281 0 0","named":"Ebrima-Bold","painttype":"0","info":"10 dict dup","name":"Ebrima Bold","family":"Ebrima","weight":"Bold","fstype":"8","italicangle":"0","underlineposition":"","underlinethickness":""},"Table":{"FFTM":{"entryLength":16,"tag":"FFTM","checksum":2095062713,"offset":360860,"length":28},"GDEF":{"entryLength":16,"tag":"GDEF","checksum":2557927,"offset":360828,"length":30},"OS\/2":{"entryLength":16,"tag":"OS\/2","checksum":57201190,"offset":344,"length":86},"cmap":{"entryLength":16,"tag":"cmap","checksum":611260239,"offset":8500,"length":9132},"gasp":{"entryLength":16,"tag":"gasp","checksum":4294901763,"offset":360820,"length":8},"glyf":{"entryLength":16,"tag":"glyf","checksum":1692186261,"offset":25704,"length":314976},"head":{"entryLength":16,"tag":"head","checksum":345893409,"offset":220,"length":54},"hhea":{"entryLength":16,"tag":"hhea","checksum":331616209,"offset":276,"length":36},"hmtx":{"entryLength":16,"tag":"hmtx","checksum":710429482,"offset":432,"length":8066},"loca":{"entryLength":16,"tag":"loca","checksum":240161288,"offset":17632,"length":8072},"maxp":{"entryLength":16,"tag":"maxp","checksum":138543452,"offset":312,"length":32},"name":{"entryLength":16,"tag":"name","checksum":4182731546,"offset":340680,"length":600},"post":{"entryLength":16,"tag":"post","checksum":2913232789,"offset":341280,"length":19540}},"UnicodeCharMap":{"0":1,"13":2,"33":4,"34":5,"35":6,"36":7,"37":8,"38":9,"39":10,"40":11,"41":12,"42":13,"43":14,"44":15,"46":17,"47":18,"48":19,"49":20,"50":21,"51":22,"52":23,"53":24,"54":25,"55":26,"56":27,"57":28,"58":29,"59":30,"60":31,"61":32,"62":33,"63":34,"64":35,"65":36,"66":37,"67":38,"68":39,"69":40,"70":41,"71":42,"72":43,"73":44,"74":45,"75":46,"76":47,"77":48,"78":49,"79":50,"80":51,"81":52,"82":53,"83":54,"84":55,"85":56,"86":57,"87":58,"88":59,"89":60,"90":61,"91":62,"92":63,"93":64,"94":65,"95":66,"96":67,"97":68,"98":69,"99":70,"100":71,"101":72,"102":73,"103":74,"104":75,"105":76,"106":77,"107":78,"108":79,"109":80,"110":81,"111":82,"112":83,"113":84,"114":85,"115":86,"116":87,"117":88,"118":89,"119":90,"120":91,"121":92,"122":93,"123":94,"124":95,"125":96,"126":97,"160":3,"161":98,"162":99,"163":100,"164":101,"165":102,"166":103,"167":104,"168":105,"169":106,"170":107,"171":108,"172":109,"173":16,"174":110,"176":112,"177":113,"178":114,"179":115,"180":116,"181":117,"182":118,"184":120,"185":121,"186":122,"187":123,"188":124,"189":125,"190":126,"191":127,"192":128,"193":129,"194":130,"195":131,"196":132,"197":133,"198":134,"199":135,"200":136,"201":137,"202":138,"203":139,"204":140,"205":141,"206":142,"207":143,"208":144,"209":145,"210":146,"211":147,"212":148,"213":149,"214":150,"215":151,"216":152,"217":153,"218":154,"219":155,"220":156,"221":157,"222":158,"223":159,"224":160,"225":161,"226":162,"227":163,"228":164,"229":165,"230":166,"231":167,"232":168,"233":169,"234":170,"235":171,"236":172,"237":173,"238":174,"239":175,"240":176,"241":177,"242":178,"243":179,"244":180,"245":181,"246":182,"247":183,"248":184,"249":185,"250":186,"251":187,"252":188,"253":189,"254":190,"255":191,"256":196,"257":197,"258":198,"259":199,"260":216,"261":217,"262":248,"263":249,"264":250,"265":251,"266":254,"267":255,"268":252,"269":253,"270":260,"271":261,"272":272,"273":273,"274":280,"275":281,"276":286,"277":287,"278":290,"279":291,"280":306,"281":307,"282":278,"283":279,"284":335,"285":336,"286":341,"287":342,"288":343,"289":344,"290":345,"291":346,"292":353,"293":354,"294":367,"295":368,"296":371,"297":372,"298":375,"299":376,"300":377,"301":378,"302":392,"303":393,"304":395,"305":396,"306":411,"307":412,"308":426,"309":427,"310":439,"311":440,"313":443,"314":444,"315":455,"316":456,"317":447,"318":448,"319":457,"320":458,"321":459,"322":460,"323":475,"324":476,"325":487,"326":488,"327":477,"328":478,"329":489,"330":490,"331":494,"332":511,"333":512,"334":513,"335":514,"336":527,"337":528,"338":553,"339":554,"340":566,"341":567,"342":582,"343":583,"344":568,"345":569,"346":588,"347":589,"348":592,"349":593,"350":604,"351":605,"352":594,"353":595,"354":620,"355":621,"356":610,"357":611,"358":624,"359":625,"360":632,"361":633,"362":644,"363":645,"364":648,"365":649,"366":652,"367":653,"368":656,"369":657,"370":668,"371":669,"372":696,"373":697,"374":710,"375":711,"376":712,"377":725,"378":726,"379":731,"380":732,"381":729,"382":730,"385":246,"390":545,"391":258,"392":259,"393":274,"394":276,"398":308,"399":314,"400":320,"401":330,"402":331,"403":349,"404":351,"406":413,"407":399,"408":441,"409":442,"410":462,"413":495,"414":500,"415":537,"420":561,"421":562,"425":608,"428":626,"429":627,"430":628,"433":682,"434":676,"435":723,"436":724,"437":737,"438":738,"439":739,"440":744,"441":745,"448":750,"449":751,"450":752,"451":753,"461":192,"462":193,"463":369,"464":370,"465":501,"466":502,"467":630,"468":631,"469":642,"470":643,"471":638,"472":639,"473":640,"474":641,"475":636,"476":637,"477":309,"478":194,"479":195,"480":206,"481":207,"482":238,"483":239,"484":347,"485":348,"486":337,"487":338,"488":433,"489":434,"490":533,"491":534,"492":535,"493":536,"494":742,"495":743,"500":333,"501":334,"504":473,"505":474,"506":200,"507":201,"508":236,"509":237,"510":539,"511":540,"512":208,"513":209,"514":202,"515":203,"516":292,"517":293,"518":288,"519":289,"520":381,"521":382,"522":379,"523":380,"524":525,"525":526,"526":515,"527":516,"528":576,"529":577,"530":572,"531":573,"532":654,"533":655,"534":650,"535":651,"536":606,"537":607,"538":622,"539":623,"542":355,"543":356,"544":499,"550":204,"551":205,"552":302,"553":303,"554":509,"555":510,"556":507,"557":508,"558":521,"559":522,"560":523,"561":524,"562":715,"563":716,"567":425,"573":461,"580":670,"581":224,"584":428,"585":429,"586":564,"587":565,"588":584,"589":585,"590":721,"591":722,"592":231,"593":219,"595":247,"596":546,"598":275,"599":277,"601":315,"603":321,"607":430,"608":350,"611":352,"616":400,"617":414,"618":397,"619":464,"625":472,"626":497,"627":498,"629":538,"632":332,"637":587,"643":609,"648":629,"649":671,"650":683,"651":677,"652":225,"658":741,"660":746,"661":748,"673":747,"674":749,"710":829,"711":830,"713":111,"720":754,"728":832,"729":834,"730":833,"731":836,"732":831,"733":835,"768":839,"769":840,"770":841,"771":843,"772":846,"773":859,"774":847,"775":850,"776":844,"777":845,"778":849,"779":852,"780":842,"781":857,"782":858,"783":851,"785":848,"786":853,"787":854,"788":855,"789":856,"790":860,"791":861,"801":876,"802":877,"803":870,"804":865,"805":869,"806":871,"807":874,"808":875,"809":872,"812":863,"813":862,"814":867,"815":868,"816":864,"817":866,"820":878,"821":879,"822":880,"823":881,"824":882,"840":873,"847":838,"946":757,"952":758,"955":759,"960":892,"965":760,"969":761,"1548":1135,"1563":1136,"1567":1137,"1642":1138,"1984":1121,"1985":1122,"1986":1123,"1987":1124,"1988":1125,"1989":1126,"1990":1127,"1991":1128,"1992":1129,"1993":1130,"1994":970,"1995":974,"1996":978,"1997":982,"1998":986,"1999":990,"2000":994,"2001":998,"2002":1002,"2003":1006,"2004":1010,"2005":1014,"2006":1018,"2007":1022,"2008":1026,"2009":1030,"2010":1034,"2011":1038,"2012":1042,"2013":1046,"2014":1050,"2015":1054,"2016":1058,"2017":1062,"2018":1066,"2019":1070,"2020":1074,"2021":1078,"2022":1082,"2023":1086,"2024":1090,"2025":1094,"2026":1098,"2027":1102,"2028":1103,"2029":1104,"2030":1105,"2031":1106,"2032":1107,"2033":1108,"2034":1109,"2035":1110,"2036":1111,"2037":1112,"2038":1113,"2039":1114,"2040":1115,"2041":1116,"2042":1117,"4608":1484,"4609":1485,"4610":1486,"4611":1487,"4612":1488,"4613":1489,"4614":1490,"4615":1491,"4616":1492,"4617":1493,"4618":1494,"4619":1495,"4620":1496,"4621":1497,"4622":1498,"4623":1499,"4624":1500,"4625":1501,"4626":1502,"4627":1503,"4628":1504,"4629":1505,"4630":1506,"4631":1507,"4632":1508,"4633":1509,"4634":1510,"4635":1511,"4636":1512,"4637":1513,"4638":1514,"4639":1515,"4640":1516,"4641":1517,"4642":1518,"4643":1519,"4644":1520,"4645":1521,"4646":1522,"4647":1523,"4648":1524,"4649":1525,"4650":1526,"4651":1527,"4652":1528,"4653":1529,"4654":1530,"4655":1531,"4656":1532,"4657":1533,"4658":1534,"4659":1535,"4660":1536,"4661":1537,"4662":1538,"4663":1539,"4664":1540,"4665":1541,"4666":1542,"4667":1543,"4668":1544,"4669":1545,"4670":1546,"4671":1547,"4672":1548,"4673":1549,"4674":1550,"4675":1551,"4676":1552,"4677":1553,"4678":1554,"4679":1555,"4680":1556,"4682":1557,"4683":1558,"4684":1559,"4685":1560,"4688":1561,"4689":1562,"4690":1563,"4691":1564,"4692":1565,"4693":1566,"4694":1567,"4696":1568,"4698":1569,"4699":1570,"4700":1571,"4701":1572,"4704":1573,"4705":1574,"4706":1575,"4707":1576,"4708":1577,"4709":1578,"4710":1579,"4711":1580,"4712":1581,"4713":1582,"4714":1583,"4715":1584,"4716":1585,"4717":1586,"4718":1587,"4719":1588,"4720":1589,"4721":1590,"4722":1591,"4723":1592,"4724":1593,"4725":1594,"4726":1595,"4727":1596,"4728":1597,"4729":1598,"4730":1599,"4731":1600,"4732":1601,"4733":1602,"4734":1603,"4735":1604,"4736":1605,"4737":1606,"4738":1607,"4739":1608,"4740":1609,"4741":1610,"4742":1611,"4743":1612,"4744":1613,"4746":1614,"4747":1615,"4748":1616,"4749":1617,"4752":1618,"4753":1619,"4754":1620,"4755":1621,"4756":1622,"4757":1623,"4758":1624,"4759":1625,"4760":1626,"4761":1627,"4762":1628,"4763":1629,"4764":1630,"4765":1631,"4766":1632,"4767":1633,"4768":1634,"4769":1635,"4770":1636,"4771":1637,"4772":1638,"4773":1639,"4774":1640,"4775":1641,"4776":1642,"4777":1643,"4778":1644,"4779":1645,"4780":1646,"4781":1647,"4782":1648,"4783":1649,"4784":1650,"4786":1651,"4787":1652,"4788":1653,"4789":1654,"4792":1655,"4793":1656,"4794":1657,"4795":1658,"4796":1659,"4797":1660,"4798":1661,"4800":1662,"4802":1663,"4803":1664,"4804":1665,"4805":1666,"4808":1667,"4809":1668,"4810":1669,"4811":1670,"4812":1671,"4813":1672,"4814":1673,"4815":1674,"4816":1675,"4817":1676,"4818":1677,"4819":1678,"4820":1679,"4821":1680,"4822":1681,"4824":1682,"4825":1683,"4826":1684,"4827":1685,"4828":1686,"4829":1687,"4830":1688,"4831":1689,"4832":1690,"4833":1691,"4834":1692,"4835":1693,"4836":1694,"4837":1695,"4838":1696,"4839":1697,"4840":1698,"4841":1699,"4842":1700,"4843":1701,"4844":1702,"4845":1703,"4846":1704,"4847":1705,"4848":1706,"4849":1707,"4850":1708,"4851":1709,"4852":1710,"4853":1711,"4854":1712,"4855":1713,"4856":1714,"4857":1715,"4858":1716,"4859":1717,"4860":1718,"4861":1719,"4862":1720,"4863":1721,"4864":1722,"4865":1723,"4866":1724,"4867":1725,"4868":1726,"4869":1727,"4870":1728,"4871":1729,"4872":1730,"4873":1731,"4874":1732,"4875":1733,"4876":1734,"4877":1735,"4878":1736,"4879":1737,"4880":1738,"4882":1739,"4883":1740,"4884":1741,"4885":1742,"4888":1743,"4889":1744,"4890":1745,"4891":1746,"4892":1747,"4893":1748,"4894":1749,"4895":1750,"4896":1751,"4897":1752,"4898":1753,"4899":1754,"4900":1755,"4901":1756,"4902":1757,"4903":1758,"4904":1759,"4905":1760,"4906":1761,"4907":1762,"4908":1763,"4909":1764,"4910":1765,"4911":1766,"4912":1767,"4913":1768,"4914":1769,"4915":1770,"4916":1771,"4917":1772,"4918":1773,"4919":1774,"4920":1775,"4921":1776,"4922":1777,"4923":1778,"4924":1779,"4925":1780,"4926":1781,"4927":1782,"4928":1783,"4929":1784,"4930":1785,"4931":1786,"4932":1787,"4933":1788,"4934":1789,"4935":1790,"4936":1791,"4937":1792,"4938":1793,"4939":1794,"4940":1795,"4941":1796,"4942":1797,"4943":1798,"4944":1799,"4945":1800,"4946":1801,"4947":1802,"4948":1803,"4949":1804,"4950":1805,"4951":1806,"4952":1807,"4953":1808,"4954":1809,"4957":1810,"4958":1811,"4959":1812,"4960":1813,"4961":1814,"4962":1815,"4963":1816,"4964":1817,"4965":1818,"4966":1819,"4967":1820,"4968":1821,"4969":1822,"4970":1823,"4971":1824,"4972":1825,"4973":1826,"4974":1827,"4975":1828,"4976":1829,"4977":1830,"4978":1831,"4979":1832,"4980":1833,"4981":1834,"4982":1835,"4983":1836,"4984":1837,"4985":1838,"4986":1839,"4987":1840,"4988":1841,"4992":1842,"4993":1843,"4994":1844,"4995":1845,"4996":1846,"4997":1847,"4998":1848,"4999":1849,"5000":1850,"5001":1851,"5002":1852,"5003":1853,"5004":1854,"5005":1855,"5006":1856,"5007":1857,"5008":1858,"5009":1859,"5010":1860,"5011":1861,"5012":1862,"5013":1863,"5014":1864,"5015":1865,"5016":1866,"5017":1867,"7547":408,"7548":420,"7549":560,"7629":2007,"7680":210,"7681":211,"7682":240,"7683":241,"7684":244,"7685":245,"7686":242,"7687":243,"7688":256,"7689":257,"7690":262,"7691":263,"7692":268,"7693":269,"7694":266,"7695":267,"7696":270,"7697":271,"7698":264,"7699":265,"7700":282,"7701":283,"7702":284,"7703":285,"7704":294,"7705":295,"7706":296,"7707":297,"7708":304,"7709":305,"7710":328,"7711":329,"7712":339,"7713":340,"7714":359,"7715":360,"7716":361,"7717":362,"7718":357,"7719":358,"7720":365,"7721":366,"7722":363,"7723":364,"7724":383,"7725":384,"7726":373,"7727":374,"7728":431,"7729":432,"7730":437,"7731":438,"7732":435,"7733":436,"7734":453,"7735":454,"7736":445,"7737":446,"7738":451,"7739":452,"7740":449,"7741":450,"7742":465,"7743":466,"7744":467,"7745":468,"7746":469,"7747":470,"7748":479,"7749":480,"7750":485,"7751":486,"7752":483,"7753":484,"7754":481,"7755":482,"7756":503,"7757":504,"7758":505,"7759":506,"7760":517,"7761":518,"7762":519,"7763":520,"7764":555,"7765":556,"7766":557,"7767":558,"7768":574,"7769":575,"7770":580,"7771":581,"7772":570,"7773":571,"7774":578,"7775":579,"7776":598,"7777":599,"7778":602,"7779":603,"7780":590,"7781":591,"7782":596,"7783":597,"7784":600,"7785":601,"7786":612,"7787":613,"7788":618,"7789":619,"7790":616,"7791":617,"7792":614,"7793":615,"7794":660,"7795":661,"7796":662,"7797":663,"7798":658,"7799":659,"7800":634,"7801":635,"7802":646,"7803":647,"7804":688,"7805":689,"7806":690,"7807":691,"7808":692,"7809":693,"7810":694,"7811":695,"7812":698,"7813":699,"7814":700,"7815":701,"7816":702,"7817":703,"7818":706,"7819":707,"7820":704,"7821":705,"7822":717,"7823":718,"7824":727,"7825":728,"7826":735,"7827":736,"7828":733,"7829":734,"7840":212,"7841":213,"7864":298,"7865":299,"7868":300,"7869":301,"7882":386,"7883":387,"7884":529,"7885":530,"7908":664,"7909":665,"7922":708,"7923":709,"7924":719,"7925":720,"7928":713,"7929":714,"8202":2014,"8204":883,"8205":884,"8206":885,"8207":886,"8210":777,"8211":775,"8212":776,"8216":763,"8217":764,"8218":767,"8220":765,"8221":766,"8222":768,"8224":771,"8225":772,"8226":773,"8230":762,"8240":805,"8249":769,"8250":770,"8304":778,"8308":779,"8309":780,"8310":781,"8311":782,"8312":783,"8313":784,"8314":785,"8315":786,"8316":787,"8317":788,"8318":789,"8320":790,"8321":791,"8322":792,"8323":793,"8324":794,"8325":795,"8326":796,"8327":797,"8328":798,"8329":799,"8330":800,"8331":801,"8332":802,"8333":803,"8334":804,"8355":827,"8364":826,"8373":828,"8482":774,"8486":890,"8539":807,"8540":808,"8541":809,"8542":810,"8706":891,"8710":887,"8719":888,"8721":889,"8722":821,"8725":806,"8729":119,"8730":893,"8734":894,"8747":895,"8758":2013,"8776":823,"8800":822,"8804":824,"8805":825,"9674":896,"9676":837,"11362":463,"11363":559,"11364":586,"11373":218,"11374":471,"11375":230,"11568":897,"11569":898,"11570":899,"11571":900,"11572":901,"11573":902,"11574":903,"11575":904,"11576":905,"11577":906,"11578":908,"11579":910,"11580":911,"11581":912,"11582":914,"11583":916,"11584":918,"11585":919,"11586":921,"11587":922,"11588":924,"11589":925,"11590":926,"11591":927,"11592":929,"11593":930,"11594":932,"11595":933,"11596":934,"11597":935,"11598":936,"11599":938,"11600":939,"11601":940,"11602":941,"11603":943,"11604":944,"11605":945,"11606":947,"11607":948,"11608":949,"11609":950,"11610":951,"11611":953,"11612":955,"11613":956,"11614":957,"11615":959,"11616":961,"11617":962,"11618":963,"11619":965,"11620":966,"11621":968,"11622":2015,"11623":2016,"11631":969,"11632":2008,"11647":1980,"11648":1868,"11649":1869,"11650":1870,"11651":1871,"11652":1872,"11653":1873,"11654":1874,"11655":1875,"11656":1876,"11657":1877,"11658":1878,"11659":1879,"11660":1880,"11661":1881,"11662":1882,"11663":1883,"11664":1884,"11665":1885,"11666":1886,"11667":1887,"11668":1888,"11669":1889,"11670":1890,"11680":1891,"11681":1892,"11682":1893,"11683":1894,"11684":1895,"11685":1896,"11686":1897,"11688":1898,"11689":1899,"11690":1900,"11691":1901,"11692":1902,"11693":1903,"11694":1904,"11696":1905,"11697":1906,"11698":1907,"11699":1908,"11700":1909,"11701":1910,"11702":1911,"11704":1912,"11705":1913,"11706":1914,"11707":1915,"11708":1916,"11709":1917,"11710":1918,"11712":1919,"11713":1920,"11714":1921,"11715":1922,"11716":1923,"11717":1924,"11718":1925,"11720":1926,"11721":1927,"11722":1928,"11723":1929,"11724":1930,"11725":1931,"11726":1932,"11728":1933,"11729":1934,"11730":1935,"11731":1936,"11732":1937,"11733":1938,"11734":1939,"11736":1940,"11737":1941,"11738":1942,"11739":1943,"11740":1944,"11741":1945,"11742":1946,"11804":1139,"11805":1140,"42240":1143,"42241":1144,"42242":1145,"42243":1146,"42244":1147,"42245":1148,"42246":1149,"42247":1150,"42248":1151,"42249":1152,"42250":1153,"42251":1154,"42252":1155,"42253":1156,"42254":1157,"42255":1158,"42256":1159,"42257":1160,"42258":1161,"42259":1162,"42260":1163,"42261":1164,"42262":1165,"42263":1166,"42264":1167,"42265":1168,"42266":1169,"42267":1170,"42268":1171,"42269":1172,"42270":1173,"42271":1174,"42272":1175,"42273":1176,"42274":1177,"42275":1178,"42276":1179,"42277":1180,"42278":1181,"42279":1182,"42280":1183,"42281":1184,"42282":1185,"42283":1186,"42284":1187,"42285":1188,"42286":1189,"42287":1190,"42288":1191,"42289":1192,"42290":1193,"42291":1194,"42292":1195,"42293":1196,"42294":1197,"42295":1198,"42296":1199,"42297":1200,"42298":1201,"42299":1202,"42300":1203,"42301":1204,"42302":1205,"42303":1206,"42304":1207,"42305":1208,"42306":1209,"42307":1210,"42308":1211,"42309":1212,"42310":1213,"42311":1214,"42312":1215,"42313":1216,"42314":1217,"42315":1218,"42316":1219,"42317":1220,"42318":1221,"42319":1222,"42320":1223,"42321":1224,"42322":1225,"42323":1226,"42324":1227,"42325":1228,"42326":1229,"42327":1230,"42328":1231,"42329":1232,"42330":1233,"42331":1234,"42332":1235,"42333":1236,"42334":1237,"42335":1238,"42336":1239,"42337":1240,"42338":1241,"42339":1242,"42340":1243,"42341":1244,"42342":1245,"42343":1246,"42344":1247,"42345":1248,"42346":1249,"42347":1250,"42348":1251,"42349":1252,"42350":1253,"42351":1254,"42352":1255,"42353":1256,"42354":1257,"42355":1258,"42356":1259,"42357":1260,"42358":1261,"42359":1262,"42360":1263,"42361":1264,"42362":1265,"42363":1266,"42364":1267,"42365":1268,"42366":1269,"42367":1270,"42368":1271,"42369":1272,"42370":1273,"42371":1274,"42372":1275,"42373":1276,"42374":1277,"42375":1278,"42376":1279,"42377":1280,"42378":1281,"42379":1282,"42380":1283,"42381":1284,"42382":1285,"42383":1286,"42384":1287,"42385":1288,"42386":1289,"42387":1290,"42388":1291,"42389":1292,"42390":1293,"42391":1294,"42392":1295,"42393":1296,"42394":1297,"42395":1298,"42396":1299,"42397":1300,"42398":1301,"42399":1302,"42400":1303,"42401":1304,"42402":1305,"42403":1306,"42404":1307,"42405":1308,"42406":1309,"42407":1310,"42408":1311,"42409":1312,"42410":1313,"42411":1314,"42412":1315,"42413":1316,"42414":1317,"42415":1318,"42416":1319,"42417":1320,"42418":1321,"42419":1322,"42420":1323,"42421":1324,"42422":1325,"42423":1326,"42424":1327,"42425":1328,"42426":1329,"42427":1330,"42428":1331,"42429":1332,"42430":1333,"42431":1334,"42432":1335,"42433":1336,"42434":1337,"42435":1338,"42436":1339,"42437":1340,"42438":1341,"42439":1342,"42440":1343,"42441":1344,"42442":1345,"42443":1346,"42444":1347,"42445":1348,"42446":1349,"42447":1350,"42448":1351,"42449":1352,"42450":1353,"42451":1354,"42452":1355,"42453":1356,"42454":1357,"42455":1358,"42456":1359,"42457":1360,"42458":1361,"42459":1362,"42460":1363,"42461":1364,"42462":1365,"42463":1366,"42464":1367,"42465":1368,"42466":1369,"42467":1370,"42468":1371,"42469":1372,"42470":1373,"42471":1374,"42472":1375,"42473":1376,"42474":1377,"42475":1378,"42476":1379,"42477":1380,"42478":1381,"42479":1382,"42480":1383,"42481":1384,"42482":1385,"42483":1386,"42484":1387,"42485":1388,"42486":1389,"42487":1390,"42488":1391,"42489":1392,"42490":1393,"42491":1394,"42492":1395,"42493":1396,"42494":1397,"42495":1398,"42496":1399,"42497":1400,"42498":1401,"42499":1402,"42500":1403,"42501":1404,"42502":1405,"42503":1406,"42504":1407,"42505":1408,"42506":1409,"42507":1410,"42508":1416,"42509":1417,"42510":1418,"42511":1419,"42512":1411,"42513":1412,"42514":1413,"42515":1420,"42516":1421,"42517":1422,"42518":1423,"42519":1424,"42520":1425,"42521":1426,"42522":1427,"42523":1428,"42524":1429,"42525":1430,"42526":1431,"42527":1432,"42528":1433,"42529":1434,"42530":1435,"42531":1436,"42532":1437,"42533":1438,"42534":1439,"42535":1440,"42536":1441,"42537":1442,"42538":1414,"42539":1415,"43777":1947,"43778":1948,"43779":1949,"43780":1950,"43781":1951,"43782":1952,"43785":1953,"43786":1954,"43787":1955,"43788":1956,"43789":1957,"43790":1958,"43793":1959,"43794":1960,"43795":1961,"43796":1962,"43797":1963,"43798":1964,"43808":1965,"43809":1966,"43810":1967,"43811":1968,"43812":1969,"43813":1970,"43814":1971,"43816":1972,"43817":1973,"43818":1974,"43819":1975,"43820":1976,"43821":1977,"43822":1978,"64257":755,"64258":756,"64830":1141,"64831":1142},"Reserves":null,"Names":[],"Nodes":{"eb":{"type":"typal","node":"eb","usage":1,"weight":1},"ma":{"type":"typal","node":"ma","usage":1,"weight":1},"ebr":{"type":"typal","node":"ebr","usage":1,"weight":1},"ima":{"type":"typal","node":"ima","usage":1,"weight":1},"ebri":{"type":"keys","node":"ebri","usage":1,"weight":1},"rima":{"type":"keys","node":"rima","usage":1,"weight":1},"ebrim":{"type":"keys","node":"ebrim","usage":1,"weight":1},"brima":{"type":"keys","node":"brima","usage":1,"weight":1},"ebrima":{"type":"fixes","node":"ebrima","usage":1,"weight":1}},"Contributors":[],"FontIdentity":"e89d8a37dc33628cc60ccbe5118fd5e1","Bytes":31125778,"Networking":[],"barcode":"sqaugyiqqei5s","referee":"iGCSaGuG"}