{"CSS":{"Zapf Chancery 2 Swash Medium Italic ":"Zapf+Chancery+2+Swash+Medium+Italic+.css"},"FontType":"TrueType","FontCopyright":"(c) COPYRIGHT H. BERTHOLD AG 1993 Alle Rechte vorbehalten.","FontName":"Zapf Chancery Swash BQ","FontSubfamily":"MediumItalic","FontSubfamilyID":"FontForge 2.0 : Zapf Chancery 2 Swash Medium Italic  : 6-5-2017","FontFullName":"Zapf Chancery 2 Swash Medium Italic","FontVersion":"Version 001.000 ","FontWeight":null,"FontPostscriptName":"ZapfChancerySwashBQ-MediumItalic","Files":{"zapfchanceryswashbq-mediumitalic.afm":"zapfchanceryswashbq-mediumitalic.afm","zapfchanceryswashbq-mediumitalic.bin":"zapfchanceryswashbq-mediumitalic.bin","zapfchanceryswashbq-mediumitalic.cef":"zapfchanceryswashbq-mediumitalic.cef","zapfchanceryswashbq-mediumitalic.cff":"zapfchanceryswashbq-mediumitalic.cff","zapfchanceryswashbq-mediumitalic.cid":"zapfchanceryswashbq-mediumitalic.cid","zapfchanceryswashbq-mediumitalic.dfont":"zapfchanceryswashbq-mediumitalic.dfont","zapfchanceryswashbq-mediumitalic.eot":"zapfchanceryswashbq-mediumitalic.eot","zapfchanceryswashbq-mediumitalic.fon":"zapfchanceryswashbq-mediumitalic.fon","zapfchanceryswashbq-mediumitalic.gai":"zapfchanceryswashbq-mediumitalic.gai","zapfchanceryswashbq-mediumitalic.gsf":"zapfchanceryswashbq-mediumitalic.gsf","zapfchanceryswashbq-mediumitalic.hqx":"zapfchanceryswashbq-mediumitalic.hqx","zapfchanceryswashbq-mediumitalic.ik":"zapfchanceryswashbq-mediumitalic.ik","zapfchanceryswashbq-mediumitalic.mf":"zapfchanceryswashbq-mediumitalic.mf","zapfchanceryswashbq-mediumitalic.otf":"zapfchanceryswashbq-mediumitalic.otf","zapfchanceryswashbq-mediumitalic.pcf":"zapfchanceryswashbq-mediumitalic.pcf","zapfchanceryswashbq-mediumitalic.pf3":"zapfchanceryswashbq-mediumitalic.pf3","zapfchanceryswashbq-mediumitalic.pfa":"zapfchanceryswashbq-mediumitalic.pfa","zapfchanceryswashbq-mediumitalic.pfb":"zapfchanceryswashbq-mediumitalic.pfb","zapfchanceryswashbq-mediumitalic.php":"zapfchanceryswashbq-mediumitalic.php","zapfchanceryswashbq-mediumitalic.pmf":"zapfchanceryswashbq-mediumitalic.pmf","zapfchanceryswashbq-mediumitalic.pt3":"zapfchanceryswashbq-mediumitalic.pt3","zapfchanceryswashbq-mediumitalic.sfd":"zapfchanceryswashbq-mediumitalic.sfd","zapfchanceryswashbq-mediumitalic.svg":"zapfchanceryswashbq-mediumitalic.svg","zapfchanceryswashbq-mediumitalic.t42":"zapfchanceryswashbq-mediumitalic.t42","zapfchanceryswashbq-mediumitalic.ttd":"zapfchanceryswashbq-mediumitalic.ttd","zapfchanceryswashbq-mediumitalic.ttf":"zapfchanceryswashbq-mediumitalic.ttf","zapfchanceryswashbq-mediumitalic.ttg":"zapfchanceryswashbq-mediumitalic.ttg","zapfchanceryswashbq-mediumitalic.ufm":"zapfchanceryswashbq-mediumitalic.ufm","zapfchanceryswashbq-mediumitalic.woff":"zapfchanceryswashbq-mediumitalic.woff","zapfchanceryswashbq-mediumitalic.z":"zapfchanceryswashbq-mediumitalic.z","":{"zapfchanceryswashbq-mediumitalic.afm":"zapfchanceryswashbq-mediumitalic.afm","zapfchanceryswashbq-mediumitalic.bin":"zapfchanceryswashbq-mediumitalic.bin","zapfchanceryswashbq-mediumitalic.cef":"zapfchanceryswashbq-mediumitalic.cef","zapfchanceryswashbq-mediumitalic.cff":"zapfchanceryswashbq-mediumitalic.cff","zapfchanceryswashbq-mediumitalic.cid":"zapfchanceryswashbq-mediumitalic.cid","zapfchanceryswashbq-mediumitalic.dfont":"zapfchanceryswashbq-mediumitalic.dfont","zapfchanceryswashbq-mediumitalic.eot":"zapfchanceryswashbq-mediumitalic.eot","zapfchanceryswashbq-mediumitalic.fon":"zapfchanceryswashbq-mediumitalic.fon","zapfchanceryswashbq-mediumitalic.gai":"zapfchanceryswashbq-mediumitalic.gai","zapfchanceryswashbq-mediumitalic.gsf":"zapfchanceryswashbq-mediumitalic.gsf","zapfchanceryswashbq-mediumitalic.hqx":"zapfchanceryswashbq-mediumitalic.hqx","zapfchanceryswashbq-mediumitalic.ik":"zapfchanceryswashbq-mediumitalic.ik","zapfchanceryswashbq-mediumitalic.mf":"zapfchanceryswashbq-mediumitalic.mf","zapfchanceryswashbq-mediumitalic.otf":"zapfchanceryswashbq-mediumitalic.otf","zapfchanceryswashbq-mediumitalic.pcf":"zapfchanceryswashbq-mediumitalic.pcf","zapfchanceryswashbq-mediumitalic.pf3":"zapfchanceryswashbq-mediumitalic.pf3","zapfchanceryswashbq-mediumitalic.pfa":"zapfchanceryswashbq-mediumitalic.pfa","zapfchanceryswashbq-mediumitalic.pfb":"zapfchanceryswashbq-mediumitalic.pfb","zapfchanceryswashbq-mediumitalic.php":"zapfchanceryswashbq-mediumitalic.php","zapfchanceryswashbq-mediumitalic.pmf":"zapfchanceryswashbq-mediumitalic.pmf","zapfchanceryswashbq-mediumitalic.pt3":"zapfchanceryswashbq-mediumitalic.pt3","zapfchanceryswashbq-mediumitalic.sfd":"zapfchanceryswashbq-mediumitalic.sfd","zapfchanceryswashbq-mediumitalic.svg":"zapfchanceryswashbq-mediumitalic.svg","zapfchanceryswashbq-mediumitalic.t42":"zapfchanceryswashbq-mediumitalic.t42","zapfchanceryswashbq-mediumitalic.ttd":"zapfchanceryswashbq-mediumitalic.ttd","zapfchanceryswashbq-mediumitalic.ttf":"zapfchanceryswashbq-mediumitalic.ttf","zapfchanceryswashbq-mediumitalic.ttg":"zapfchanceryswashbq-mediumitalic.ttg","zapfchanceryswashbq-mediumitalic.ufm":"zapfchanceryswashbq-mediumitalic.ufm","zapfchanceryswashbq-mediumitalic.woff":"zapfchanceryswashbq-mediumitalic.woff","zapfchanceryswashbq-mediumitalic.z":"zapfchanceryswashbq-mediumitalic.z"},"\/zapfchanceryswashbq-mediumitalic.ufo":{"features.fea":"features.fea","fontinfo.plist":"fontinfo.plist","metainfo.plist":"metainfo.plist"},"\/zapfchanceryswashbq-mediumitalic.ufo\/glyphs":{"A_.glif":"A_.glif","A_dieresis.glif":"A_dieresis.glif","A_ring.glif":"A_ring.glif","B_.glif":"B_.glif","C_.glif":"C_.glif","D_.glif":"D_.glif","D_elta.glif":"D_elta.glif","E_.glif":"E_.glif","F_.glif":"F_.glif","G_.glif":"G_.glif","H_.glif":"H_.glif","I_.glif":"I_.glif","J_.glif":"J_.glif","K_.glif":"K_.glif","L_.glif":"L_.glif","M_.glif":"M_.glif","N_.glif":"N_.glif","O_.glif":"O_.glif","O_dieresis.glif":"O_dieresis.glif","P_.glif":"P_.glif","Q_.glif":"Q_.glif","R_.glif":"R_.glif","S_.glif":"S_.glif","T_.glif":"T_.glif","U_.glif":"U_.glif","U_circumflex.glif":"U_circumflex.glif","U_dieresis.glif":"U_dieresis.glif","V_.glif":"V_.glif","W_.glif":"W_.glif","X_.glif":"X_.glif","Y_.glif":"Y_.glif","Z_.glif":"Z_.glif","a.glif":"a.glif","adieresis.glif":"adieresis.glif","ampersand.glif":"ampersand.glif","approxequal.glif":"approxequal.glif","aring.glif":"aring.glif","asterisk.glif":"asterisk.glif","b.glif":"b.glif","backslash.glif":"backslash.glif","bracketleft.glif":"bracketleft.glif","bracketright.glif":"bracketright.glif","c.glif":"c.glif","ccedilla.glif":"ccedilla.glif","cent.glif":"cent.glif","colon.glif":"colon.glif","comma.glif":"comma.glif","contents.plist":"contents.plist","copyright.glif":"copyright.glif","currency.glif":"currency.glif","d.glif":"d.glif","dagger.glif":"dagger.glif","daggerdbl.glif":"daggerdbl.glif","dollar.glif":"dollar.glif","e.glif":"e.glif","eight.glif":"eight.glif","emdash.glif":"emdash.glif","endash.glif":"endash.glif","equal.glif":"equal.glif","exclam.glif":"exclam.glif","f.glif":"f.glif","five.glif":"five.glif","fl.glif":"fl.glif","florin.glif":"florin.glif","four.glif":"four.glif","g.glif":"g.glif","germandbls.glif":"germandbls.glif","guilsinglleft.glif":"guilsinglleft.glif","guilsinglright.glif":"guilsinglright.glif","h.glif":"h.glif","hungarumlaut.glif":"hungarumlaut.glif","hyphen.glif":"hyphen.glif","i.glif":"i.glif","j.glif":"j.glif","k.glif":"k.glif","l.glif":"l.glif","m.glif":"m.glif","n.glif":"n.glif","nine.glif":"nine.glif","o.glif":"o.glif","odieresis.glif":"odieresis.glif","one.glif":"one.glif","ordfeminine.glif":"ordfeminine.glif","oslash.glif":"oslash.glif","p.glif":"p.glif","paragraph.glif":"paragraph.glif","parenleft.glif":"parenleft.glif","parenright.glif":"parenright.glif","partialdiff.glif":"partialdiff.glif","percent.glif":"percent.glif","period.glif":"period.glif","periodcentered.glif":"periodcentered.glif","perthousand.glif":"perthousand.glif","plus.glif":"plus.glif","q.glif":"q.glif","question.glif":"question.glif","quotedblbase.glif":"quotedblbase.glif","quotedblleft.glif":"quotedblleft.glif","quotedblright.glif":"quotedblright.glif","quoteright.glif":"quoteright.glif","quotesinglbase.glif":"quotesinglbase.glif","r.glif":"r.glif","radical.glif":"radical.glif","registered.glif":"registered.glif","s.glif":"s.glif","section.glif":"section.glif","semicolon.glif":"semicolon.glif","seven.glif":"seven.glif","six.glif":"six.glif","slash.glif":"slash.glif","space.glif":"space.glif","sterling.glif":"sterling.glif","summation.glif":"summation.glif","t.glif":"t.glif","three.glif":"three.glif","tilde.glif":"tilde.glif","trademark.glif":"trademark.glif","two.glif":"two.glif","u.glif":"u.glif","udieresis.glif":"udieresis.glif","underscore.glif":"underscore.glif","v.glif":"v.glif","w.glif":"w.glif","x.glif":"x.glif","y.glif":"y.glif","yen.glif":"yen.glif","z.glif":"z.glif","zero.glif":"zero.glif"}},"Font":{"uploaded":1494060231.6385,"licence":"gpl3","company":"Chronolabs Cooperative","title":"Zapf Chancery Swash BQ Medium Italic","version":2.001,"date":"Fri Oct 14 23:24:49 2016","creator":"root","type":"1","matrix":"0.001 0 0 0.001 0 0","named":"ZapfChancerySwashBQ-MediumItalic","painttype":"0","info":"10 dict dup","name":"Zapf Chancery 2 Swash Medium Italic","family":"Zapf Chancery Swash BQ","weight":"Medium","fstype":"0","italicangle":"-14.2","underlineposition":"","underlinethickness":""},"Table":{"FFTM":{"entryLength":16,"tag":"FFTM","checksum":2087819149,"offset":27584,"length":28},"GDEF":{"entryLength":16,"tag":"GDEF","checksum":2687112,"offset":27552,"length":30},"OS\/2":{"entryLength":16,"tag":"OS\/2","checksum":1470896818,"offset":344,"length":86},"cmap":{"entryLength":16,"tag":"cmap","checksum":4047555958,"offset":952,"length":624},"gasp":{"entryLength":16,"tag":"gasp","checksum":4294901763,"offset":27544,"length":8},"glyf":{"entryLength":16,"tag":"glyf","checksum":3805314844,"offset":1840,"length":24496},"head":{"entryLength":16,"tag":"head","checksum":192889143,"offset":220,"length":54},"hhea":{"entryLength":16,"tag":"hhea","checksum":135398010,"offset":276,"length":36},"hmtx":{"entryLength":16,"tag":"hmtx","checksum":244652404,"offset":432,"length":520},"loca":{"entryLength":16,"tag":"loca","checksum":3158156306,"offset":1576,"length":262},"maxp":{"entryLength":16,"tag":"maxp","checksum":13107342,"offset":312,"length":32},"name":{"entryLength":16,"tag":"name","checksum":1330927192,"offset":26336,"length":912},"post":{"entryLength":16,"tag":"post","checksum":367321695,"offset":27248,"length":294}},"UnicodeCharMap":{"32":3,"33":4,"36":5,"37":6,"38":7,"40":8,"41":9,"42":10,"43":11,"44":12,"45":13,"46":14,"47":15,"48":16,"49":17,"50":18,"51":19,"52":20,"53":21,"54":22,"55":23,"56":24,"57":25,"58":26,"59":27,"61":28,"63":29,"65":30,"66":31,"67":32,"68":33,"69":34,"70":35,"71":36,"72":37,"73":38,"74":39,"75":40,"76":41,"77":42,"78":43,"79":44,"80":45,"81":46,"82":47,"83":48,"84":49,"85":50,"86":51,"87":52,"88":53,"89":54,"90":55,"91":56,"92":57,"93":58,"95":59,"97":60,"98":61,"99":62,"100":63,"101":64,"102":65,"103":66,"104":67,"105":68,"106":69,"107":70,"108":71,"109":72,"110":73,"111":74,"112":75,"113":76,"114":77,"115":78,"116":79,"117":80,"118":81,"119":82,"120":83,"121":84,"122":85,"162":86,"163":87,"164":88,"165":89,"167":90,"169":91,"170":92,"174":93,"182":94,"183":95,"196":96,"197":97,"214":98,"219":99,"220":100,"223":101,"228":102,"229":103,"231":104,"246":105,"248":106,"252":107,"402":109,"732":121,"733":122,"8211":114,"8212":123,"8217":108,"8218":117,"8220":110,"8221":119,"8222":118,"8224":115,"8225":116,"8240":120,"8249":111,"8250":112,"8482":124,"8706":125,"8710":129,"8721":126,"8730":127,"8776":128,"64258":113},"Reserves":null,"Names":[],"Nodes":{"za":{"type":"typal","node":"za","usage":1,"weight":1},"pf":{"type":"typal","node":"pf","usage":1,"weight":1},"ch":{"type":"typal","node":"ch","usage":1,"weight":1},"ry":{"type":"typal","node":"ry","usage":1,"weight":1},"sw":{"type":"typal","node":"sw","usage":1,"weight":1},"sh":{"type":"typal","node":"sh","usage":1,"weight":1},"zap":{"type":"typal","node":"zap","usage":1,"weight":1},"apf":{"type":"typal","node":"apf","usage":1,"weight":1},"cha":{"type":"typal","node":"cha","usage":1,"weight":1},"ery":{"type":"typal","node":"ery","usage":1,"weight":1},"swa":{"type":"typal","node":"swa","usage":1,"weight":1},"ash":{"type":"typal","node":"ash","usage":1,"weight":1},"chan":{"type":"keys","node":"chan","usage":1,"weight":1},"cery":{"type":"keys","node":"cery","usage":1,"weight":1},"swas":{"type":"keys","node":"swas","usage":1,"weight":1},"wash":{"type":"keys","node":"wash","usage":1,"weight":1},"chanc":{"type":"keys","node":"chanc","usage":1,"weight":1},"ncery":{"type":"keys","node":"ncery","usage":1,"weight":1},"zapf":{"type":"fixes","node":"zapf","usage":1,"weight":1},"chancery":{"type":"fixes","node":"chancery","usage":1,"weight":1},"swash":{"type":"fixes","node":"swash","usage":1,"weight":1},"bq":{"type":"fixes","node":"bq","usage":1,"weight":1}},"Contributors":[],"FontIdentity":"3e71feead25a97d7ff6f0bd2b17952f0","Bytes":2572191,"Networking":[],"barcode":"a6kuiqgouime7","referee":"mg2ia"}