{"CSS":{"Bullets3":"Bullets3.css","Bullets 3":"zinc77:ccd6dccc19abcbffe9b00ebbb.css"},"FontType":"TrueType","FontCopyright":"Generated by Fontographer 3.5","FontName":"Bullets3","FontSubfamily":"Normal","FontSubfamilyID":"FontForge 2.0 : Bullets3 : 2-12-2016","FontFullName":"Bullets 3","FontVersion":"Version 0.000 ","FontWeight":null,"FontPostscriptName":"Bullets3","Files":{"\/Bullets3.css":"\/Bullets3.css","\/bullets3.afm":"\/bullets3.afm","\/bullets3.cef":"\/bullets3.cef","\/bullets3.cff":"\/bullets3.cff","\/bullets3.eot":"\/bullets3.eot","\/bullets3.gai":"\/bullets3.gai","\/bullets3.gsf":"\/bullets3.gsf","\/bullets3.otf":"\/bullets3.otf","\/bullets3.pf3":"\/bullets3.pf3","\/bullets3.pfa":"\/bullets3.pfa","\/bullets3.pfb":"\/bullets3.pfb","\/bullets3.php":"\/bullets3.php","\/bullets3.pt3":"\/bullets3.pt3","\/bullets3.sfd":"\/bullets3.sfd","\/bullets3.svg":"\/bullets3.svg","\/bullets3.t42":"\/bullets3.t42","\/bullets3.ttd":"\/bullets3.ttd","\/bullets3.ttf":"\/bullets3.ttf","\/bullets3.ttg":"\/bullets3.ttg","\/bullets3.ufm":"\/bullets3.ufm","\/bullets3.woff":"\/bullets3.woff","\/bullets3.z":"\/bullets3.z","\/font-resource.json":"\/font-resource.json","\/zinc77:ccd6dccc19abcbffe9b00ebbb.css":"\/zinc77:ccd6dccc19abcbffe9b00ebbb.css","\/bullets3.ufo\/feature.fea":"\/bullets3.ufo\/feature.fea","\/bullets3.ufo\/fontinfo.plist":"\/bullets3.ufo\/fontinfo.plist","\/bullets3.ufo\/groups.plist":"\/bullets3.ufo\/groups.plist","\/bullets3.ufo\/kerning.plist":"\/bullets3.ufo\/kerning.plist","\/bullets3.ufo\/metainfo.plist":"\/bullets3.ufo\/metainfo.plist","\/bullets3.ufo\/glyphs\/A_.glif":"\/bullets3.ufo\/glyphs\/A_.glif","\/bullets3.ufo\/glyphs\/B_.glif":"\/bullets3.ufo\/glyphs\/B_.glif","\/bullets3.ufo\/glyphs\/C_.glif":"\/bullets3.ufo\/glyphs\/C_.glif","\/bullets3.ufo\/glyphs\/D_.glif":"\/bullets3.ufo\/glyphs\/D_.glif","\/bullets3.ufo\/glyphs\/D_E_L_.glif":"\/bullets3.ufo\/glyphs\/D_E_L_.glif","\/bullets3.ufo\/glyphs\/E_.glif":"\/bullets3.ufo\/glyphs\/E_.glif","\/bullets3.ufo\/glyphs\/F_.glif":"\/bullets3.ufo\/glyphs\/F_.glif","\/bullets3.ufo\/glyphs\/G_.glif":"\/bullets3.ufo\/glyphs\/G_.glif","\/bullets3.ufo\/glyphs\/H_.glif":"\/bullets3.ufo\/glyphs\/H_.glif","\/bullets3.ufo\/glyphs\/I_.glif":"\/bullets3.ufo\/glyphs\/I_.glif","\/bullets3.ufo\/glyphs\/J_.glif":"\/bullets3.ufo\/glyphs\/J_.glif","\/bullets3.ufo\/glyphs\/K_.glif":"\/bullets3.ufo\/glyphs\/K_.glif","\/bullets3.ufo\/glyphs\/L_.glif":"\/bullets3.ufo\/glyphs\/L_.glif","\/bullets3.ufo\/glyphs\/M_.glif":"\/bullets3.ufo\/glyphs\/M_.glif","\/bullets3.ufo\/glyphs\/N_.glif":"\/bullets3.ufo\/glyphs\/N_.glif","\/bullets3.ufo\/glyphs\/O_.glif":"\/bullets3.ufo\/glyphs\/O_.glif","\/bullets3.ufo\/glyphs\/O_E_.glif":"\/bullets3.ufo\/glyphs\/O_E_.glif","\/bullets3.ufo\/glyphs\/P_.glif":"\/bullets3.ufo\/glyphs\/P_.glif","\/bullets3.ufo\/glyphs\/Q_.glif":"\/bullets3.ufo\/glyphs\/Q_.glif","\/bullets3.ufo\/glyphs\/R_.glif":"\/bullets3.ufo\/glyphs\/R_.glif","\/bullets3.ufo\/glyphs\/S_.glif":"\/bullets3.ufo\/glyphs\/S_.glif","\/bullets3.ufo\/glyphs\/S_caron.glif":"\/bullets3.ufo\/glyphs\/S_caron.glif","\/bullets3.ufo\/glyphs\/T_.glif":"\/bullets3.ufo\/glyphs\/T_.glif","\/bullets3.ufo\/glyphs\/U_.glif":"\/bullets3.ufo\/glyphs\/U_.glif","\/bullets3.ufo\/glyphs\/V_.glif":"\/bullets3.ufo\/glyphs\/V_.glif","\/bullets3.ufo\/glyphs\/W_.glif":"\/bullets3.ufo\/glyphs\/W_.glif","\/bullets3.ufo\/glyphs\/X_.glif":"\/bullets3.ufo\/glyphs\/X_.glif","\/bullets3.ufo\/glyphs\/Y_.glif":"\/bullets3.ufo\/glyphs\/Y_.glif","\/bullets3.ufo\/glyphs\/Y_dieresis.glif":"\/bullets3.ufo\/glyphs\/Y_dieresis.glif","\/bullets3.ufo\/glyphs\/Z_.glif":"\/bullets3.ufo\/glyphs\/Z_.glif","\/bullets3.ufo\/glyphs\/a.glif":"\/bullets3.ufo\/glyphs\/a.glif","\/bullets3.ufo\/glyphs\/ampersand.glif":"\/bullets3.ufo\/glyphs\/ampersand.glif","\/bullets3.ufo\/glyphs\/asciicircum.glif":"\/bullets3.ufo\/glyphs\/asciicircum.glif","\/bullets3.ufo\/glyphs\/asciitilde.glif":"\/bullets3.ufo\/glyphs\/asciitilde.glif","\/bullets3.ufo\/glyphs\/asterisk.glif":"\/bullets3.ufo\/glyphs\/asterisk.glif","\/bullets3.ufo\/glyphs\/at.glif":"\/bullets3.ufo\/glyphs\/at.glif","\/bullets3.ufo\/glyphs\/b.glif":"\/bullets3.ufo\/glyphs\/b.glif","\/bullets3.ufo\/glyphs\/backslash.glif":"\/bullets3.ufo\/glyphs\/backslash.glif","\/bullets3.ufo\/glyphs\/bar.glif":"\/bullets3.ufo\/glyphs\/bar.glif","\/bullets3.ufo\/glyphs\/braceleft.glif":"\/bullets3.ufo\/glyphs\/braceleft.glif","\/bullets3.ufo\/glyphs\/braceright.glif":"\/bullets3.ufo\/glyphs\/braceright.glif","\/bullets3.ufo\/glyphs\/bracketleft.glif":"\/bullets3.ufo\/glyphs\/bracketleft.glif","\/bullets3.ufo\/glyphs\/bracketright.glif":"\/bullets3.ufo\/glyphs\/bracketright.glif","\/bullets3.ufo\/glyphs\/bullet.glif":"\/bullets3.ufo\/glyphs\/bullet.glif","\/bullets3.ufo\/glyphs\/c.glif":"\/bullets3.ufo\/glyphs\/c.glif","\/bullets3.ufo\/glyphs\/c128.glif":"\/bullets3.ufo\/glyphs\/c128.glif","\/bullets3.ufo\/glyphs\/c129.glif":"\/bullets3.ufo\/glyphs\/c129.glif","\/bullets3.ufo\/glyphs\/c141.glif":"\/bullets3.ufo\/glyphs\/c141.glif","\/bullets3.ufo\/glyphs\/c142.glif":"\/bullets3.ufo\/glyphs\/c142.glif","\/bullets3.ufo\/glyphs\/c143.glif":"\/bullets3.ufo\/glyphs\/c143.glif","\/bullets3.ufo\/glyphs\/c144.glif":"\/bullets3.ufo\/glyphs\/c144.glif","\/bullets3.ufo\/glyphs\/c157.glif":"\/bullets3.ufo\/glyphs\/c157.glif","\/bullets3.ufo\/glyphs\/c158.glif":"\/bullets3.ufo\/glyphs\/c158.glif","\/bullets3.ufo\/glyphs\/cent.glif":"\/bullets3.ufo\/glyphs\/cent.glif","\/bullets3.ufo\/glyphs\/circumflex.glif":"\/bullets3.ufo\/glyphs\/circumflex.glif","\/bullets3.ufo\/glyphs\/colon.glif":"\/bullets3.ufo\/glyphs\/colon.glif","\/bullets3.ufo\/glyphs\/comma.glif":"\/bullets3.ufo\/glyphs\/comma.glif","\/bullets3.ufo\/glyphs\/contents.plist":"\/bullets3.ufo\/glyphs\/contents.plist","\/bullets3.ufo\/glyphs\/currency.glif":"\/bullets3.ufo\/glyphs\/currency.glif","\/bullets3.ufo\/glyphs\/d.glif":"\/bullets3.ufo\/glyphs\/d.glif","\/bullets3.ufo\/glyphs\/dagger.glif":"\/bullets3.ufo\/glyphs\/dagger.glif","\/bullets3.ufo\/glyphs\/daggerdbl.glif":"\/bullets3.ufo\/glyphs\/daggerdbl.glif","\/bullets3.ufo\/glyphs\/dollar.glif":"\/bullets3.ufo\/glyphs\/dollar.glif","\/bullets3.ufo\/glyphs\/e.glif":"\/bullets3.ufo\/glyphs\/e.glif","\/bullets3.ufo\/glyphs\/eight.glif":"\/bullets3.ufo\/glyphs\/eight.glif","\/bullets3.ufo\/glyphs\/ellipsis.glif":"\/bullets3.ufo\/glyphs\/ellipsis.glif","\/bullets3.ufo\/glyphs\/emdash.glif":"\/bullets3.ufo\/glyphs\/emdash.glif","\/bullets3.ufo\/glyphs\/endash.glif":"\/bullets3.ufo\/glyphs\/endash.glif","\/bullets3.ufo\/glyphs\/equal.glif":"\/bullets3.ufo\/glyphs\/equal.glif","\/bullets3.ufo\/glyphs\/exclam.glif":"\/bullets3.ufo\/glyphs\/exclam.glif","\/bullets3.ufo\/glyphs\/exclamdown.glif":"\/bullets3.ufo\/glyphs\/exclamdown.glif","\/bullets3.ufo\/glyphs\/f.glif":"\/bullets3.ufo\/glyphs\/f.glif","\/bullets3.ufo\/glyphs\/five.glif":"\/bullets3.ufo\/glyphs\/five.glif","\/bullets3.ufo\/glyphs\/florin.glif":"\/bullets3.ufo\/glyphs\/florin.glif","\/bullets3.ufo\/glyphs\/four.glif":"\/bullets3.ufo\/glyphs\/four.glif","\/bullets3.ufo\/glyphs\/g.glif":"\/bullets3.ufo\/glyphs\/g.glif","\/bullets3.ufo\/glyphs\/grave.glif":"\/bullets3.ufo\/glyphs\/grave.glif","\/bullets3.ufo\/glyphs\/greater.glif":"\/bullets3.ufo\/glyphs\/greater.glif","\/bullets3.ufo\/glyphs\/guilsinglleft.glif":"\/bullets3.ufo\/glyphs\/guilsinglleft.glif","\/bullets3.ufo\/glyphs\/guilsinglright.glif":"\/bullets3.ufo\/glyphs\/guilsinglright.glif","\/bullets3.ufo\/glyphs\/h.glif":"\/bullets3.ufo\/glyphs\/h.glif","\/bullets3.ufo\/glyphs\/hyphen.glif":"\/bullets3.ufo\/glyphs\/hyphen.glif","\/bullets3.ufo\/glyphs\/i.glif":"\/bullets3.ufo\/glyphs\/i.glif","\/bullets3.ufo\/glyphs\/j.glif":"\/bullets3.ufo\/glyphs\/j.glif","\/bullets3.ufo\/glyphs\/k.glif":"\/bullets3.ufo\/glyphs\/k.glif","\/bullets3.ufo\/glyphs\/l.glif":"\/bullets3.ufo\/glyphs\/l.glif","\/bullets3.ufo\/glyphs\/less.glif":"\/bullets3.ufo\/glyphs\/less.glif","\/bullets3.ufo\/glyphs\/m.glif":"\/bullets3.ufo\/glyphs\/m.glif","\/bullets3.ufo\/glyphs\/n.glif":"\/bullets3.ufo\/glyphs\/n.glif","\/bullets3.ufo\/glyphs\/nbspace.glif":"\/bullets3.ufo\/glyphs\/nbspace.glif","\/bullets3.ufo\/glyphs\/nine.glif":"\/bullets3.ufo\/glyphs\/nine.glif","\/bullets3.ufo\/glyphs\/numbersign.glif":"\/bullets3.ufo\/glyphs\/numbersign.glif","\/bullets3.ufo\/glyphs\/o.glif":"\/bullets3.ufo\/glyphs\/o.glif","\/bullets3.ufo\/glyphs\/oe.glif":"\/bullets3.ufo\/glyphs\/oe.glif","\/bullets3.ufo\/glyphs\/one.glif":"\/bullets3.ufo\/glyphs\/one.glif","\/bullets3.ufo\/glyphs\/p.glif":"\/bullets3.ufo\/glyphs\/p.glif","\/bullets3.ufo\/glyphs\/parenleft.glif":"\/bullets3.ufo\/glyphs\/parenleft.glif","\/bullets3.ufo\/glyphs\/parenright.glif":"\/bullets3.ufo\/glyphs\/parenright.glif","\/bullets3.ufo\/glyphs\/percent.glif":"\/bullets3.ufo\/glyphs\/percent.glif","\/bullets3.ufo\/glyphs\/period.glif":"\/bullets3.ufo\/glyphs\/period.glif","\/bullets3.ufo\/glyphs\/perthousand.glif":"\/bullets3.ufo\/glyphs\/perthousand.glif","\/bullets3.ufo\/glyphs\/plus.glif":"\/bullets3.ufo\/glyphs\/plus.glif","\/bullets3.ufo\/glyphs\/q.glif":"\/bullets3.ufo\/glyphs\/q.glif","\/bullets3.ufo\/glyphs\/question.glif":"\/bullets3.ufo\/glyphs\/question.glif","\/bullets3.ufo\/glyphs\/quotedbl.glif":"\/bullets3.ufo\/glyphs\/quotedbl.glif","\/bullets3.ufo\/glyphs\/quotedblbase.glif":"\/bullets3.ufo\/glyphs\/quotedblbase.glif","\/bullets3.ufo\/glyphs\/quotedblleft.glif":"\/bullets3.ufo\/glyphs\/quotedblleft.glif","\/bullets3.ufo\/glyphs\/quotedblright.glif":"\/bullets3.ufo\/glyphs\/quotedblright.glif","\/bullets3.ufo\/glyphs\/quoteleft.glif":"\/bullets3.ufo\/glyphs\/quoteleft.glif","\/bullets3.ufo\/glyphs\/quoteright.glif":"\/bullets3.ufo\/glyphs\/quoteright.glif","\/bullets3.ufo\/glyphs\/quotesinglbase.glif":"\/bullets3.ufo\/glyphs\/quotesinglbase.glif","\/bullets3.ufo\/glyphs\/quotesingle.glif":"\/bullets3.ufo\/glyphs\/quotesingle.glif","\/bullets3.ufo\/glyphs\/r.glif":"\/bullets3.ufo\/glyphs\/r.glif","\/bullets3.ufo\/glyphs\/s.glif":"\/bullets3.ufo\/glyphs\/s.glif","\/bullets3.ufo\/glyphs\/scaron.glif":"\/bullets3.ufo\/glyphs\/scaron.glif","\/bullets3.ufo\/glyphs\/semicolon.glif":"\/bullets3.ufo\/glyphs\/semicolon.glif","\/bullets3.ufo\/glyphs\/seven.glif":"\/bullets3.ufo\/glyphs\/seven.glif","\/bullets3.ufo\/glyphs\/six.glif":"\/bullets3.ufo\/glyphs\/six.glif","\/bullets3.ufo\/glyphs\/slash.glif":"\/bullets3.ufo\/glyphs\/slash.glif","\/bullets3.ufo\/glyphs\/sterling.glif":"\/bullets3.ufo\/glyphs\/sterling.glif","\/bullets3.ufo\/glyphs\/t.glif":"\/bullets3.ufo\/glyphs\/t.glif","\/bullets3.ufo\/glyphs\/three.glif":"\/bullets3.ufo\/glyphs\/three.glif","\/bullets3.ufo\/glyphs\/tilde.glif":"\/bullets3.ufo\/glyphs\/tilde.glif","\/bullets3.ufo\/glyphs\/trademark.glif":"\/bullets3.ufo\/glyphs\/trademark.glif","\/bullets3.ufo\/glyphs\/two.glif":"\/bullets3.ufo\/glyphs\/two.glif","\/bullets3.ufo\/glyphs\/u.glif":"\/bullets3.ufo\/glyphs\/u.glif","\/bullets3.ufo\/glyphs\/underscore.glif":"\/bullets3.ufo\/glyphs\/underscore.glif","\/bullets3.ufo\/glyphs\/v.glif":"\/bullets3.ufo\/glyphs\/v.glif","\/bullets3.ufo\/glyphs\/w.glif":"\/bullets3.ufo\/glyphs\/w.glif","\/bullets3.ufo\/glyphs\/x.glif":"\/bullets3.ufo\/glyphs\/x.glif","\/bullets3.ufo\/glyphs\/y.glif":"\/bullets3.ufo\/glyphs\/y.glif","\/bullets3.ufo\/glyphs\/z.glif":"\/bullets3.ufo\/glyphs\/z.glif","\/bullets3.ufo\/glyphs\/zero.glif":"\/bullets3.ufo\/glyphs\/zero.glif"},"Font":{"uploaded":1489025520.1476,"licence":"gpl3","company":"Chronolabs Cooperative","title":"Bullets 3","version":3.002,"date":"Fri Nov 25 23:08:47 2016","creator":"root","type":"1","matrix":"0.001 0 0 0.001 0 0","named":"Bullets3","painttype":"0","info":"7 dict dup","name":"Bullets3","family":"Bullets3","weight":"Normal","italicangle":"0"},"Licences":{"":false},"Table":{"FFTM":{"entryLength":16,"tag":"FFTM","checksum":1962497902,"offset":16496,"length":28},"GDEF":{"entryLength":16,"tag":"GDEF","checksum":11796486,"offset":16464,"length":32},"OS\/2":{"entryLength":16,"tag":"OS\/2","checksum":1434649207,"offset":344,"length":86},"cmap":{"entryLength":16,"tag":"cmap","checksum":1395832555,"offset":860,"length":472},"gasp":{"entryLength":16,"tag":"gasp","checksum":4294901763,"offset":16456,"length":8},"glyf":{"entryLength":16,"tag":"glyf","checksum":1094683934,"offset":1604,"length":13972},"head":{"entryLength":16,"tag":"head","checksum":198378269,"offset":220,"length":54},"hhea":{"entryLength":16,"tag":"hhea","checksum":123143226,"offset":276,"length":36},"hmtx":{"entryLength":16,"tag":"hmtx","checksum":832770632,"offset":432,"length":428},"loca":{"entryLength":16,"tag":"loca","checksum":2136050728,"offset":1332,"length":272},"maxp":{"entryLength":16,"tag":"maxp","checksum":13631554,"offset":312,"length":32},"name":{"entryLength":16,"tag":"name","checksum":1513418877,"offset":15576,"length":522},"post":{"entryLength":16,"tag":"post","checksum":2522359534,"offset":16100,"length":356}},"UnicodeCharMap":{"33":3,"34":4,"35":5,"36":6,"37":7,"38":8,"39":9,"40":10,"41":11,"42":12,"43":13,"44":14,"45":15,"46":16,"47":17,"48":18,"49":19,"50":20,"51":21,"52":22,"53":23,"54":24,"55":25,"56":26,"57":27,"58":28,"59":29,"60":30,"61":31,"62":32,"63":33,"64":34,"65":35,"66":36,"67":37,"68":38,"69":39,"70":40,"71":41,"72":42,"73":43,"74":44,"75":45,"76":46,"77":47,"78":48,"79":49,"80":50,"81":51,"82":52,"83":53,"84":54,"85":55,"86":56,"87":57,"88":58,"89":59,"90":60,"91":61,"92":62,"93":63,"94":64,"95":65,"96":66,"97":67,"98":68,"99":69,"100":70,"101":71,"102":72,"103":73,"104":74,"105":75,"106":76,"107":77,"108":78,"109":79,"110":80,"111":81,"112":82,"113":83,"114":84,"115":85,"116":86,"117":87,"118":88,"119":89,"120":90,"121":91,"122":92,"123":93,"124":94,"125":95,"126":96,"160":130,"161":131,"162":132,"163":133,"164":134,"338":110,"339":126,"352":108,"353":124,"376":129,"402":101,"710":106,"732":122,"8211":120,"8212":121,"8216":115,"8217":116,"8218":100,"8220":117,"8221":118,"8222":102,"8224":104,"8225":105,"8226":119,"8230":103,"8240":107,"8249":109,"8250":125,"8482":123},"Reserves":{"fontname":"Bullets 3"},"Names":{"Bullets 3":{"name":"Bullets 3","longitude":"0.00000001","latitude":"0.00000001","country":"","region":"","city":""}},"Nodes":{"bu":{"type":"typal","node":"bu","usage":1,"weight":1},"ts":{"type":"typal","node":"ts","usage":1,"weight":1},"bul":{"type":"typal","node":"bul","usage":1,"weight":1},"ets":{"type":"typal","node":"ets","usage":1,"weight":1},"bull":{"type":"keys","node":"bull","usage":1,"weight":1},"lets":{"type":"keys","node":"lets","usage":1,"weight":1},"bulle":{"type":"keys","node":"bulle","usage":1,"weight":1},"llets":{"type":"keys","node":"llets","usage":1,"weight":1},"bullets":{"type":"fixes","node":"bullets","usage":1,"weight":1},"3":{"type":"fixes","node":3,"usage":1,"weight":1}},"Contributors":[],"FontIdentity":"zinc77:ccd6dccc19abcbffe9b00ebbb","Bytes":null,"Networking":[],"barcode":"12wi10oais6ec73","referee":"AUI5oUk"}