{"CSS":{"SMMyungjoStd-Medium-Alphabetic":"SMMyungjoStd-Medium-Alphabetic.css"},"FontType":"TrueType","FontCopyright":null,"FontName":"SMMyungjoStd-Medium-Alphabetic","FontSubfamily":"Medium-Alphabetic","FontSubfamilyID":"FontForge 2.0 : SMMyungjoStd-Medium-Alphabetic : 2-9-2016","FontFullName":"SMMyungjo Std Medium Alphabetic","FontVersion":"Version 1.0","FontWeight":null,"FontPostscriptName":"SMMyungjoStd-Medium-Alphabetic","Files":{"smmyungjostd-medium.afm":"smmyungjostd-medium.afm","smmyungjostd-medium.bin":"smmyungjostd-medium.bin","smmyungjostd-medium.cef":"smmyungjostd-medium.cef","smmyungjostd-medium.cff":"smmyungjostd-medium.cff","smmyungjostd-medium.cid":"smmyungjostd-medium.cid","smmyungjostd-medium.dfont":"smmyungjostd-medium.dfont","smmyungjostd-medium.eot":"smmyungjostd-medium.eot","smmyungjostd-medium.fon":"smmyungjostd-medium.fon","smmyungjostd-medium.gai":"smmyungjostd-medium.gai","smmyungjostd-medium.gsf":"smmyungjostd-medium.gsf","smmyungjostd-medium.hqx":"smmyungjostd-medium.hqx","smmyungjostd-medium.ik":"smmyungjostd-medium.ik","smmyungjostd-medium.mf":"smmyungjostd-medium.mf","smmyungjostd-medium.otf":"smmyungjostd-medium.otf","smmyungjostd-medium.pcf":"smmyungjostd-medium.pcf","smmyungjostd-medium.pf3":"smmyungjostd-medium.pf3","smmyungjostd-medium.pfa":"smmyungjostd-medium.pfa","smmyungjostd-medium.pfb":"smmyungjostd-medium.pfb","smmyungjostd-medium.php":"smmyungjostd-medium.php","smmyungjostd-medium.pmf":"smmyungjostd-medium.pmf","smmyungjostd-medium.pt3":"smmyungjostd-medium.pt3","smmyungjostd-medium.sfd":"smmyungjostd-medium.sfd","smmyungjostd-medium.svg":"smmyungjostd-medium.svg","smmyungjostd-medium.t42":"smmyungjostd-medium.t42","smmyungjostd-medium.ttd":"smmyungjostd-medium.ttd","smmyungjostd-medium.ttf":"smmyungjostd-medium.ttf","smmyungjostd-medium.ttg":"smmyungjostd-medium.ttg","smmyungjostd-medium.ufm":"smmyungjostd-medium.ufm","smmyungjostd-medium.woff":"smmyungjostd-medium.woff","smmyungjostd-medium.z":"smmyungjostd-medium.z","":{"smmyungjostd-medium.afm":"smmyungjostd-medium.afm","smmyungjostd-medium.bin":"smmyungjostd-medium.bin","smmyungjostd-medium.cef":"smmyungjostd-medium.cef","smmyungjostd-medium.cff":"smmyungjostd-medium.cff","smmyungjostd-medium.cid":"smmyungjostd-medium.cid","smmyungjostd-medium.dfont":"smmyungjostd-medium.dfont","smmyungjostd-medium.eot":"smmyungjostd-medium.eot","smmyungjostd-medium.fon":"smmyungjostd-medium.fon","smmyungjostd-medium.gai":"smmyungjostd-medium.gai","smmyungjostd-medium.gsf":"smmyungjostd-medium.gsf","smmyungjostd-medium.hqx":"smmyungjostd-medium.hqx","smmyungjostd-medium.ik":"smmyungjostd-medium.ik","smmyungjostd-medium.mf":"smmyungjostd-medium.mf","smmyungjostd-medium.otf":"smmyungjostd-medium.otf","smmyungjostd-medium.pcf":"smmyungjostd-medium.pcf","smmyungjostd-medium.pf3":"smmyungjostd-medium.pf3","smmyungjostd-medium.pfa":"smmyungjostd-medium.pfa","smmyungjostd-medium.pfb":"smmyungjostd-medium.pfb","smmyungjostd-medium.php":"smmyungjostd-medium.php","smmyungjostd-medium.pmf":"smmyungjostd-medium.pmf","smmyungjostd-medium.pt3":"smmyungjostd-medium.pt3","smmyungjostd-medium.sfd":"smmyungjostd-medium.sfd","smmyungjostd-medium.svg":"smmyungjostd-medium.svg","smmyungjostd-medium.t42":"smmyungjostd-medium.t42","smmyungjostd-medium.ttd":"smmyungjostd-medium.ttd","smmyungjostd-medium.ttf":"smmyungjostd-medium.ttf","smmyungjostd-medium.ttg":"smmyungjostd-medium.ttg","smmyungjostd-medium.ufm":"smmyungjostd-medium.ufm","smmyungjostd-medium.woff":"smmyungjostd-medium.woff","smmyungjostd-medium.z":"smmyungjostd-medium.z"},"\/smmyungjostd-medium.ufo":{"feature.fea":"feature.fea","fontinfo.plist":"fontinfo.plist","groups.plist":"groups.plist","kerning.plist":"kerning.plist","metainfo.plist":"metainfo.plist"},"\/smmyungjostd-medium.ufo\/glyphs":{"K_orea1.1020.glif":"K_orea1.1020.glif","K_orea1.1021.glif":"K_orea1.1021.glif","K_orea1.1022.glif":"K_orea1.1022.glif","K_orea1.1023.glif":"K_orea1.1023.glif","K_orea1.1024.glif":"K_orea1.1024.glif","K_orea1.1025.glif":"K_orea1.1025.glif","K_orea1.1026.glif":"K_orea1.1026.glif","K_orea1.1027.glif":"K_orea1.1027.glif","K_orea1.1028.glif":"K_orea1.1028.glif","K_orea1.1029.glif":"K_orea1.1029.glif","K_orea1.1030.glif":"K_orea1.1030.glif","K_orea1.1031.glif":"K_orea1.1031.glif","K_orea1.1032.glif":"K_orea1.1032.glif","K_orea1.1033.glif":"K_orea1.1033.glif","K_orea1.1034.glif":"K_orea1.1034.glif","K_orea1.1035.glif":"K_orea1.1035.glif","K_orea1.1036.glif":"K_orea1.1036.glif","K_orea1.1037.glif":"K_orea1.1037.glif","K_orea1.1038.glif":"K_orea1.1038.glif","K_orea1.1039.glif":"K_orea1.1039.glif","K_orea1.1040.glif":"K_orea1.1040.glif","K_orea1.1041.glif":"K_orea1.1041.glif","K_orea1.1042.glif":"K_orea1.1042.glif","K_orea1.1043.glif":"K_orea1.1043.glif","K_orea1.1044.glif":"K_orea1.1044.glif","K_orea1.1045.glif":"K_orea1.1045.glif","K_orea1.1046.glif":"K_orea1.1046.glif","K_orea1.1047.glif":"K_orea1.1047.glif","K_orea1.1048.glif":"K_orea1.1048.glif","K_orea1.1049.glif":"K_orea1.1049.glif","K_orea1.1050.glif":"K_orea1.1050.glif","K_orea1.1051.glif":"K_orea1.1051.glif","K_orea1.1052.glif":"K_orea1.1052.glif","K_orea1.1053.glif":"K_orea1.1053.glif","K_orea1.1054.glif":"K_orea1.1054.glif","K_orea1.1055.glif":"K_orea1.1055.glif","K_orea1.1056.glif":"K_orea1.1056.glif","K_orea1.1057.glif":"K_orea1.1057.glif","K_orea1.1058.glif":"K_orea1.1058.glif","K_orea1.1059.glif":"K_orea1.1059.glif","K_orea1.1060.glif":"K_orea1.1060.glif","K_orea1.1061.glif":"K_orea1.1061.glif","K_orea1.1062.glif":"K_orea1.1062.glif","K_orea1.1063.glif":"K_orea1.1063.glif","K_orea1.1064.glif":"K_orea1.1064.glif","K_orea1.1065.glif":"K_orea1.1065.glif","K_orea1.1066.glif":"K_orea1.1066.glif","K_orea1.1067.glif":"K_orea1.1067.glif","K_orea1.1068.glif":"K_orea1.1068.glif","K_orea1.1069.glif":"K_orea1.1069.glif","K_orea1.1070.glif":"K_orea1.1070.glif","K_orea1.1071.glif":"K_orea1.1071.glif","K_orea1.1072.glif":"K_orea1.1072.glif","K_orea1.1073.glif":"K_orea1.1073.glif","K_orea1.1074.glif":"K_orea1.1074.glif","K_orea1.1075.glif":"K_orea1.1075.glif","K_orea1.1076.glif":"K_orea1.1076.glif","K_orea1.1077.glif":"K_orea1.1077.glif","K_orea1.1078.glif":"K_orea1.1078.glif","K_orea1.1079.glif":"K_orea1.1079.glif","K_orea1.1080.glif":"K_orea1.1080.glif","K_orea1.1081.glif":"K_orea1.1081.glif","K_orea1.1082.glif":"K_orea1.1082.glif","K_orea1.1083.glif":"K_orea1.1083.glif","K_orea1.1084.glif":"K_orea1.1084.glif","K_orea1.1085.glif":"K_orea1.1085.glif","K_orea1.279.glif":"K_orea1.279.glif","K_orea1.280.glif":"K_orea1.280.glif","K_orea1.281.glif":"K_orea1.281.glif","K_orea1.282.glif":"K_orea1.282.glif","K_orea1.283.glif":"K_orea1.283.glif","K_orea1.284.glif":"K_orea1.284.glif","K_orea1.285.glif":"K_orea1.285.glif","K_orea1.286.glif":"K_orea1.286.glif","K_orea1.287.glif":"K_orea1.287.glif","K_orea1.288.glif":"K_orea1.288.glif","K_orea1.296.glif":"K_orea1.296.glif","K_orea1.297.glif":"K_orea1.297.glif","K_orea1.298.glif":"K_orea1.298.glif","K_orea1.299.glif":"K_orea1.299.glif","K_orea1.300.glif":"K_orea1.300.glif","K_orea1.301.glif":"K_orea1.301.glif","K_orea1.302.glif":"K_orea1.302.glif","K_orea1.303.glif":"K_orea1.303.glif","K_orea1.304.glif":"K_orea1.304.glif","K_orea1.305.glif":"K_orea1.305.glif","K_orea1.306.glif":"K_orea1.306.glif","K_orea1.307.glif":"K_orea1.307.glif","K_orea1.308.glif":"K_orea1.308.glif","K_orea1.309.glif":"K_orea1.309.glif","K_orea1.310.glif":"K_orea1.310.glif","K_orea1.311.glif":"K_orea1.311.glif","K_orea1.312.glif":"K_orea1.312.glif","K_orea1.313.glif":"K_orea1.313.glif","K_orea1.314.glif":"K_orea1.314.glif","K_orea1.315.glif":"K_orea1.315.glif","K_orea1.316.glif":"K_orea1.316.glif","K_orea1.317.glif":"K_orea1.317.glif","K_orea1.318.glif":"K_orea1.318.glif","K_orea1.319.glif":"K_orea1.319.glif","K_orea1.320.glif":"K_orea1.320.glif","K_orea1.321.glif":"K_orea1.321.glif","K_orea1.328.glif":"K_orea1.328.glif","K_orea1.329.glif":"K_orea1.329.glif","K_orea1.330.glif":"K_orea1.330.glif","K_orea1.331.glif":"K_orea1.331.glif","K_orea1.332.glif":"K_orea1.332.glif","K_orea1.333.glif":"K_orea1.333.glif","K_orea1.334.glif":"K_orea1.334.glif","K_orea1.335.glif":"K_orea1.335.glif","K_orea1.336.glif":"K_orea1.336.glif","K_orea1.337.glif":"K_orea1.337.glif","K_orea1.338.glif":"K_orea1.338.glif","K_orea1.339.glif":"K_orea1.339.glif","K_orea1.340.glif":"K_orea1.340.glif","K_orea1.341.glif":"K_orea1.341.glif","K_orea1.342.glif":"K_orea1.342.glif","K_orea1.343.glif":"K_orea1.343.glif","K_orea1.344.glif":"K_orea1.344.glif","K_orea1.345.glif":"K_orea1.345.glif","K_orea1.346.glif":"K_orea1.346.glif","K_orea1.347.glif":"K_orea1.347.glif","K_orea1.348.glif":"K_orea1.348.glif","K_orea1.349.glif":"K_orea1.349.glif","K_orea1.350.glif":"K_orea1.350.glif","K_orea1.351.glif":"K_orea1.351.glif","K_orea1.352.glif":"K_orea1.352.glif","K_orea1.353.glif":"K_orea1.353.glif","K_orea1.471.glif":"K_orea1.471.glif","K_orea1.472.glif":"K_orea1.472.glif","K_orea1.473.glif":"K_orea1.473.glif","K_orea1.474.glif":"K_orea1.474.glif","K_orea1.475.glif":"K_orea1.475.glif","K_orea1.476.glif":"K_orea1.476.glif","K_orea1.477.glif":"K_orea1.477.glif","K_orea1.478.glif":"K_orea1.478.glif","K_orea1.479.glif":"K_orea1.479.glif","K_orea1.480.glif":"K_orea1.480.glif","K_orea1.481.glif":"K_orea1.481.glif","K_orea1.482.glif":"K_orea1.482.glif","K_orea1.483.glif":"K_orea1.483.glif","K_orea1.484.glif":"K_orea1.484.glif","K_orea1.485.glif":"K_orea1.485.glif","K_orea1.486.glif":"K_orea1.486.glif","K_orea1.487.glif":"K_orea1.487.glif","K_orea1.488.glif":"K_orea1.488.glif","K_orea1.489.glif":"K_orea1.489.glif","K_orea1.490.glif":"K_orea1.490.glif","K_orea1.491.glif":"K_orea1.491.glif","K_orea1.492.glif":"K_orea1.492.glif","K_orea1.493.glif":"K_orea1.493.glif","K_orea1.494.glif":"K_orea1.494.glif","K_orea1.495.glif":"K_orea1.495.glif","K_orea1.496.glif":"K_orea1.496.glif","K_orea1.497.glif":"K_orea1.497.glif","K_orea1.498.glif":"K_orea1.498.glif","K_orea1.499.glif":"K_orea1.499.glif","K_orea1.500.glif":"K_orea1.500.glif","K_orea1.501.glif":"K_orea1.501.glif","K_orea1.502.glif":"K_orea1.502.glif","K_orea1.503.glif":"K_orea1.503.glif","K_orea1.504.glif":"K_orea1.504.glif","K_orea1.505.glif":"K_orea1.505.glif","K_orea1.506.glif":"K_orea1.506.glif","K_orea1.507.glif":"K_orea1.507.glif","K_orea1.508.glif":"K_orea1.508.glif","K_orea1.509.glif":"K_orea1.509.glif","K_orea1.510.glif":"K_orea1.510.glif","K_orea1.511.glif":"K_orea1.511.glif","K_orea1.512.glif":"K_orea1.512.glif","K_orea1.513.glif":"K_orea1.513.glif","K_orea1.514.glif":"K_orea1.514.glif","K_orea1.515.glif":"K_orea1.515.glif","K_orea1.516.glif":"K_orea1.516.glif","K_orea1.517.glif":"K_orea1.517.glif","K_orea1.518.glif":"K_orea1.518.glif","contents.plist":"contents.plist"}},"Font":{"uploaded":1472786543.9187,"licence":"gpl3","company":"Chronolabs Cooperative","title":"SMMyungjo Std Medium Alphabetic","version":2.001,"date":"Sun Aug 28 07:51:48 2016","creator":"root","type":"1","matrix":"0.001 0 0 0.001 0 0","named":"SMMyungjoStd-Medium-Alphabetic","painttype":"0","info":"4 dict dup","italicangle":"0","underlineposition":"","underlinethickness":""},"Table":{"FFTM":{"entryLength":16,"tag":"FFTM","checksum":1947015864,"offset":31244,"length":28},"GDEF":{"entryLength":16,"tag":"GDEF","checksum":14680070,"offset":31212,"length":32},"OS\/2":{"entryLength":16,"tag":"OS\/2","checksum":1451384901,"offset":344,"length":86},"cmap":{"entryLength":16,"tag":"cmap","checksum":4199274080,"offset":800,"length":826},"gasp":{"entryLength":16,"tag":"gasp","checksum":4294901763,"offset":31204,"length":8},"glyf":{"entryLength":16,"tag":"glyf","checksum":3632357511,"offset":1988,"length":26124},"head":{"entryLength":16,"tag":"head","checksum":182027549,"offset":220,"length":54},"hhea":{"entryLength":16,"tag":"hhea","checksum":123274021,"offset":276,"length":36},"hmtx":{"entryLength":16,"tag":"hmtx","checksum":1261453030,"offset":432,"length":366},"loca":{"entryLength":16,"tag":"loca","checksum":2836447934,"offset":1628,"length":360},"maxp":{"entryLength":16,"tag":"maxp","checksum":16318561,"offset":312,"length":32},"name":{"entryLength":16,"tag":"name","checksum":2823277050,"offset":28112,"length":693},"post":{"entryLength":16,"tag":"post","checksum":1742409774,"offset":28808,"length":2394}},"UnicodeCharMap":[],"Reserves":null,"Names":[],"Nodes":{"sm":{"type":"typal","node":"sm","usage":1,"weight":1},"jo":{"type":"typal","node":"jo","usage":1,"weight":1},"st":{"type":"typal","node":"st","usage":1,"weight":1},"td":{"type":"typal","node":"td","usage":1,"weight":1},"me":{"type":"typal","node":"me","usage":1,"weight":1},"um":{"type":"typal","node":"um","usage":1,"weight":1},"al":{"type":"typal","node":"al","usage":1,"weight":1},"ic":{"type":"typal","node":"ic","usage":1,"weight":1},"smm":{"type":"typal","node":"smm","usage":1,"weight":1},"gjo":{"type":"typal","node":"gjo","usage":1,"weight":1},"med":{"type":"typal","node":"med","usage":1,"weight":1},"ium":{"type":"typal","node":"ium","usage":1,"weight":1},"alp":{"type":"typal","node":"alp","usage":1,"weight":1},"tic":{"type":"typal","node":"tic","usage":1,"weight":1},"smmy":{"type":"keys","node":"smmy","usage":1,"weight":1},"ngjo":{"type":"keys","node":"ngjo","usage":1,"weight":1},"medi":{"type":"keys","node":"medi","usage":1,"weight":1},"dium":{"type":"keys","node":"dium","usage":1,"weight":1},"alph":{"type":"keys","node":"alph","usage":1,"weight":1},"etic":{"type":"keys","node":"etic","usage":1,"weight":1},"smmyu":{"type":"keys","node":"smmyu","usage":1,"weight":1},"ungjo":{"type":"keys","node":"ungjo","usage":1,"weight":1},"mediu":{"type":"keys","node":"mediu","usage":1,"weight":1},"edium":{"type":"keys","node":"edium","usage":1,"weight":1},"alpha":{"type":"keys","node":"alpha","usage":1,"weight":1},"betic":{"type":"keys","node":"betic","usage":1,"weight":1},"smmyungjo":{"type":"fixes","node":"smmyungjo","usage":1,"weight":1},"std":{"type":"fixes","node":"std","usage":1,"weight":1},"medium":{"type":"fixes","node":"medium","usage":1,"weight":1},"alphabetic":{"type":"fixes","node":"alphabetic","usage":1,"weight":1}},"Contributors":[],"FontIdentity":"b87f904e8780ac30d16a9ab3bcc8356d","Bytes":1898981,"Networking":[],"barcode":"sise5iu4iqsqw","referee":"smeymwk"}