{"CSS":{"ZapfElliptical711C BT":"ZapfElliptical711C+BT.css","Zapf Elliptical 7 1 C BT":"79b23a0c6842f95fc5128ed546d0e0ae.css"},"FontType":"TrueType","FontCopyright":"Copyright 1990-1993 Bitstream Inc.  All rights reserved.  Copyright (c) ParaType, Inc., 2002. All rights reserved.","FontName":"ZapfElliptical711C BT","FontSubfamily":"Regular","FontSubfamilyID":"FontForge 2.0 : ZapfElliptical711C BT : 26-5-2016","FontFullName":"Zapf Elliptical 7 1 C BT","FontVersion":"Version 001.000 ","FontWeight":null,"FontPostscriptName":"ZapfElliptical711CBT","Files":null,"Table":{"FFTM":{"entryLength":16,"tag":"FFTM","checksum":1930743602,"offset":48672,"length":28},"GDEF":{"entryLength":16,"tag":"GDEF","checksum":18350084,"offset":48640,"length":32},"OS\/2":{"entryLength":16,"tag":"OS\/2","checksum":1497104850,"offset":344,"length":86},"cmap":{"entryLength":16,"tag":"cmap","checksum":2433953769,"offset":1372,"length":594},"gasp":{"entryLength":16,"tag":"gasp","checksum":4294901763,"offset":48632,"length":8},"glyf":{"entryLength":16,"tag":"glyf","checksum":4198957289,"offset":2440,"length":43752},"head":{"entryLength":16,"tag":"head","checksum":165048459,"offset":220,"length":54},"hhea":{"entryLength":16,"tag":"hhea","checksum":131925025,"offset":276,"length":36},"hmtx":{"entryLength":16,"tag":"hmtx","checksum":529933352,"offset":432,"length":940},"loca":{"entryLength":16,"tag":"loca","checksum":4119994208,"offset":1968,"length":472},"maxp":{"entryLength":16,"tag":"maxp","checksum":20054204,"offset":312,"length":32},"name":{"entryLength":16,"tag":"name","checksum":3436314176,"offset":46192,"length":939},"post":{"entryLength":16,"tag":"post","checksum":1648721501,"offset":47132,"length":1500}},"UnicodeCharMap":{"32":3,"33":4,"34":5,"35":6,"36":7,"37":8,"38":9,"39":10,"40":11,"41":12,"42":13,"43":14,"44":15,"45":16,"46":17,"47":18,"48":19,"49":20,"50":21,"51":22,"52":23,"53":24,"54":25,"55":26,"56":27,"57":28,"58":29,"59":30,"60":31,"61":32,"62":33,"63":34,"64":35,"65":36,"66":37,"67":38,"68":39,"69":40,"70":41,"71":42,"72":43,"73":44,"74":45,"75":46,"76":47,"77":48,"78":49,"79":50,"80":51,"81":52,"82":53,"83":54,"84":55,"85":56,"86":57,"87":58,"88":59,"89":60,"90":61,"91":62,"92":63,"93":64,"94":65,"95":66,"96":67,"97":68,"98":69,"99":70,"100":71,"101":72,"102":73,"103":74,"104":75,"105":76,"106":77,"107":78,"108":79,"109":80,"110":81,"111":82,"112":83,"113":84,"114":85,"115":86,"116":87,"117":88,"118":89,"119":90,"120":91,"121":92,"122":93,"123":94,"124":95,"125":96,"126":97,"160":98,"163":99,"164":100,"167":101,"168":102,"169":103,"171":104,"172":105,"174":106,"176":107,"177":108,"180":109,"182":110,"187":111,"247":112,"305":113,"402":114,"729":115,"916":116,"956":117,"1025":118,"1026":119,"1027":120,"1028":121,"1029":122,"1030":123,"1031":124,"1032":125,"1033":126,"1034":127,"1035":128,"1036":129,"1038":130,"1039":131,"1040":132,"1041":133,"1042":134,"1043":135,"1044":136,"1045":137,"1046":138,"1047":139,"1048":140,"1049":141,"1050":142,"1051":143,"1052":144,"1053":145,"1054":146,"1055":147,"1056":148,"1057":149,"1058":150,"1059":151,"1060":152,"1061":153,"1062":154,"1063":155,"1064":156,"1065":157,"1066":158,"1067":159,"1068":160,"1069":161,"1070":162,"1071":163,"1072":164,"1073":165,"1074":166,"1075":167,"1076":168,"1077":169,"1078":170,"1079":171,"1080":172,"1081":173,"1082":174,"1083":175,"1084":176,"1085":177,"1086":178,"1087":179,"1088":180,"1089":181,"1090":182,"1091":183,"1092":184,"1093":185,"1094":186,"1095":187,"1096":188,"1097":189,"1098":190,"1099":191,"1100":192,"1101":193,"1102":194,"1103":195,"1105":196,"1106":197,"1107":198,"1108":199,"1109":200,"1110":201,"1111":202,"1112":203,"1113":204,"1114":205,"1115":206,"1116":207,"1118":208,"1119":209,"1168":210,"1169":211,"8211":212,"8212":213,"8216":214,"8217":215,"8220":216,"8221":217,"8222":218,"8224":219,"8226":220,"8230":221,"8364":222,"8470":223,"8482":224,"8730":225,"8734":226,"8776":227,"8800":228,"8804":229,"8805":230},"Reserves":{"fontname":"Zapf Elliptical 7 1 C BT"},"Names":{"Zapf Elliptical 7 1 C BT":{"name":"Zapf Elliptical 7 1 C BT","longitude":"0.00000001","latitude":"0.00000001","country":"","region":"","city":""}},"Nodes":{"za":{"type":"typal","node":"za","usage":1,"weight":1},"pf":{"type":"typal","node":"pf","usage":1,"weight":1},"el":{"type":"typal","node":"el","usage":1,"weight":1},"al":{"type":"typal","node":"al","usage":1,"weight":1},"zap":{"type":"typal","node":"zap","usage":1,"weight":1},"apf":{"type":"typal","node":"apf","usage":1,"weight":1},"ell":{"type":"typal","node":"ell","usage":1,"weight":1},"cal":{"type":"typal","node":"cal","usage":1,"weight":1},"elli":{"type":"keys","node":"elli","usage":1,"weight":1},"ical":{"type":"keys","node":"ical","usage":1,"weight":1},"ellip":{"type":"keys","node":"ellip","usage":1,"weight":1},"tical":{"type":"keys","node":"tical","usage":1,"weight":1},"zapf":{"type":"fixes","node":"zapf","usage":1,"weight":1},"elliptical":{"type":"fixes","node":"elliptical","usage":1,"weight":1},"7":{"type":"fixes","node":7,"usage":1,"weight":1},"1":{"type":"fixes","node":1,"usage":1,"weight":1},"c":{"type":"fixes","node":"c","usage":1,"weight":1},"bt":{"type":"fixes","node":"bt","usage":1,"weight":1}},"Contributors":[],"FontIdentity":"79b23a0c6842f95fc5128ed546d0e0ae","Bytes":null,"Networking":[]}