{"CSS":{"TQF_FruitfulBlack":"TQF_FruitfulBlack.css","TQF Fruitful Black":"crash99:671cbe2f8cbb58f89c53a9d8.css"},"FontType":"TrueType","FontCopyright":"Copyright (c) 1995. Gerard E. Bernor. All Rights Reserved. TQF (Typeset Quality Font)","FontName":"TQF_FruitfulBlack","FontSubfamily":"Black","FontSubfamilyID":"FontForge 2.0 : TQF_FruitfulBlack : 2-9-2016","FontFullName":"TQF Fruitful Black","FontVersion":"Version 1.0 ","FontWeight":null,"FontPostscriptName":"TQFFruitfulBlack","Files":{"\/TQF_FruitfulBlack.css":"\/TQF_FruitfulBlack.css","\/font-resource.json":"\/font-resource.json","\/tqf_fruitfulblack.afm":"\/tqf_fruitfulblack.afm","\/tqf_fruitfulblack.cef":"\/tqf_fruitfulblack.cef","\/tqf_fruitfulblack.cff":"\/tqf_fruitfulblack.cff","\/tqf_fruitfulblack.eot":"\/tqf_fruitfulblack.eot","\/tqf_fruitfulblack.gai":"\/tqf_fruitfulblack.gai","\/tqf_fruitfulblack.gsf":"\/tqf_fruitfulblack.gsf","\/tqf_fruitfulblack.otf":"\/tqf_fruitfulblack.otf","\/tqf_fruitfulblack.pf3":"\/tqf_fruitfulblack.pf3","\/tqf_fruitfulblack.pfa":"\/tqf_fruitfulblack.pfa","\/tqf_fruitfulblack.pfb":"\/tqf_fruitfulblack.pfb","\/tqf_fruitfulblack.php":"\/tqf_fruitfulblack.php","\/tqf_fruitfulblack.pt3":"\/tqf_fruitfulblack.pt3","\/tqf_fruitfulblack.sfd":"\/tqf_fruitfulblack.sfd","\/tqf_fruitfulblack.svg":"\/tqf_fruitfulblack.svg","\/tqf_fruitfulblack.t42":"\/tqf_fruitfulblack.t42","\/tqf_fruitfulblack.ttd":"\/tqf_fruitfulblack.ttd","\/tqf_fruitfulblack.ttf":"\/tqf_fruitfulblack.ttf","\/tqf_fruitfulblack.ttg":"\/tqf_fruitfulblack.ttg","\/tqf_fruitfulblack.ufm":"\/tqf_fruitfulblack.ufm","\/tqf_fruitfulblack.woff":"\/tqf_fruitfulblack.woff","\/tqf_fruitfulblack.z":"\/tqf_fruitfulblack.z","\/tqf_fruitfulblack.ufo\/feature.fea":"\/tqf_fruitfulblack.ufo\/feature.fea","\/tqf_fruitfulblack.ufo\/fontinfo.plist":"\/tqf_fruitfulblack.ufo\/fontinfo.plist","\/tqf_fruitfulblack.ufo\/groups.plist":"\/tqf_fruitfulblack.ufo\/groups.plist","\/tqf_fruitfulblack.ufo\/kerning.plist":"\/tqf_fruitfulblack.ufo\/kerning.plist","\/tqf_fruitfulblack.ufo\/metainfo.plist":"\/tqf_fruitfulblack.ufo\/metainfo.plist","\/tqf_fruitfulblack.ufo\/glyphs\/A_.glif":"\/tqf_fruitfulblack.ufo\/glyphs\/A_.glif","\/tqf_fruitfulblack.ufo\/glyphs\/A_E_.glif":"\/tqf_fruitfulblack.ufo\/glyphs\/A_E_.glif","\/tqf_fruitfulblack.ufo\/glyphs\/A_acute.glif":"\/tqf_fruitfulblack.ufo\/glyphs\/A_acute.glif","\/tqf_fruitfulblack.ufo\/glyphs\/A_circumflex.glif":"\/tqf_fruitfulblack.ufo\/glyphs\/A_circumflex.glif","\/tqf_fruitfulblack.ufo\/glyphs\/A_dieresis.glif":"\/tqf_fruitfulblack.ufo\/glyphs\/A_dieresis.glif","\/tqf_fruitfulblack.ufo\/glyphs\/A_grave.glif":"\/tqf_fruitfulblack.ufo\/glyphs\/A_grave.glif","\/tqf_fruitfulblack.ufo\/glyphs\/A_ring.glif":"\/tqf_fruitfulblack.ufo\/glyphs\/A_ring.glif","\/tqf_fruitfulblack.ufo\/glyphs\/A_tilde.glif":"\/tqf_fruitfulblack.ufo\/glyphs\/A_tilde.glif","\/tqf_fruitfulblack.ufo\/glyphs\/B_.glif":"\/tqf_fruitfulblack.ufo\/glyphs\/B_.glif","\/tqf_fruitfulblack.ufo\/glyphs\/C_.glif":"\/tqf_fruitfulblack.ufo\/glyphs\/C_.glif","\/tqf_fruitfulblack.ufo\/glyphs\/C_cedilla.glif":"\/tqf_fruitfulblack.ufo\/glyphs\/C_cedilla.glif","\/tqf_fruitfulblack.ufo\/glyphs\/D_.glif":"\/tqf_fruitfulblack.ufo\/glyphs\/D_.glif","\/tqf_fruitfulblack.ufo\/glyphs\/E_.glif":"\/tqf_fruitfulblack.ufo\/glyphs\/E_.glif","\/tqf_fruitfulblack.ufo\/glyphs\/E_acute.glif":"\/tqf_fruitfulblack.ufo\/glyphs\/E_acute.glif","\/tqf_fruitfulblack.ufo\/glyphs\/E_circumflex.glif":"\/tqf_fruitfulblack.ufo\/glyphs\/E_circumflex.glif","\/tqf_fruitfulblack.ufo\/glyphs\/E_dieresis.glif":"\/tqf_fruitfulblack.ufo\/glyphs\/E_dieresis.glif","\/tqf_fruitfulblack.ufo\/glyphs\/E_grave.glif":"\/tqf_fruitfulblack.ufo\/glyphs\/E_grave.glif","\/tqf_fruitfulblack.ufo\/glyphs\/E_th.glif":"\/tqf_fruitfulblack.ufo\/glyphs\/E_th.glif","\/tqf_fruitfulblack.ufo\/glyphs\/F_.glif":"\/tqf_fruitfulblack.ufo\/glyphs\/F_.glif","\/tqf_fruitfulblack.ufo\/glyphs\/G_.glif":"\/tqf_fruitfulblack.ufo\/glyphs\/G_.glif","\/tqf_fruitfulblack.ufo\/glyphs\/H_.glif":"\/tqf_fruitfulblack.ufo\/glyphs\/H_.glif","\/tqf_fruitfulblack.ufo\/glyphs\/I_.glif":"\/tqf_fruitfulblack.ufo\/glyphs\/I_.glif","\/tqf_fruitfulblack.ufo\/glyphs\/I_acute.glif":"\/tqf_fruitfulblack.ufo\/glyphs\/I_acute.glif","\/tqf_fruitfulblack.ufo\/glyphs\/I_circumflex.glif":"\/tqf_fruitfulblack.ufo\/glyphs\/I_circumflex.glif","\/tqf_fruitfulblack.ufo\/glyphs\/I_dieresis.glif":"\/tqf_fruitfulblack.ufo\/glyphs\/I_dieresis.glif","\/tqf_fruitfulblack.ufo\/glyphs\/I_grave.glif":"\/tqf_fruitfulblack.ufo\/glyphs\/I_grave.glif","\/tqf_fruitfulblack.ufo\/glyphs\/J_.glif":"\/tqf_fruitfulblack.ufo\/glyphs\/J_.glif","\/tqf_fruitfulblack.ufo\/glyphs\/K_.glif":"\/tqf_fruitfulblack.ufo\/glyphs\/K_.glif","\/tqf_fruitfulblack.ufo\/glyphs\/L_.glif":"\/tqf_fruitfulblack.ufo\/glyphs\/L_.glif","\/tqf_fruitfulblack.ufo\/glyphs\/M_.glif":"\/tqf_fruitfulblack.ufo\/glyphs\/M_.glif","\/tqf_fruitfulblack.ufo\/glyphs\/N_.glif":"\/tqf_fruitfulblack.ufo\/glyphs\/N_.glif","\/tqf_fruitfulblack.ufo\/glyphs\/N_tilde.glif":"\/tqf_fruitfulblack.ufo\/glyphs\/N_tilde.glif","\/tqf_fruitfulblack.ufo\/glyphs\/O_.glif":"\/tqf_fruitfulblack.ufo\/glyphs\/O_.glif","\/tqf_fruitfulblack.ufo\/glyphs\/O_E_.glif":"\/tqf_fruitfulblack.ufo\/glyphs\/O_E_.glif","\/tqf_fruitfulblack.ufo\/glyphs\/O_acute.glif":"\/tqf_fruitfulblack.ufo\/glyphs\/O_acute.glif","\/tqf_fruitfulblack.ufo\/glyphs\/O_circumflex.glif":"\/tqf_fruitfulblack.ufo\/glyphs\/O_circumflex.glif","\/tqf_fruitfulblack.ufo\/glyphs\/O_dieresis.glif":"\/tqf_fruitfulblack.ufo\/glyphs\/O_dieresis.glif","\/tqf_fruitfulblack.ufo\/glyphs\/O_grave.glif":"\/tqf_fruitfulblack.ufo\/glyphs\/O_grave.glif","\/tqf_fruitfulblack.ufo\/glyphs\/O_slash.glif":"\/tqf_fruitfulblack.ufo\/glyphs\/O_slash.glif","\/tqf_fruitfulblack.ufo\/glyphs\/O_tilde.glif":"\/tqf_fruitfulblack.ufo\/glyphs\/O_tilde.glif","\/tqf_fruitfulblack.ufo\/glyphs\/P_.glif":"\/tqf_fruitfulblack.ufo\/glyphs\/P_.glif","\/tqf_fruitfulblack.ufo\/glyphs\/Q_.glif":"\/tqf_fruitfulblack.ufo\/glyphs\/Q_.glif","\/tqf_fruitfulblack.ufo\/glyphs\/R_.glif":"\/tqf_fruitfulblack.ufo\/glyphs\/R_.glif","\/tqf_fruitfulblack.ufo\/glyphs\/S_.glif":"\/tqf_fruitfulblack.ufo\/glyphs\/S_.glif","\/tqf_fruitfulblack.ufo\/glyphs\/S_caron.glif":"\/tqf_fruitfulblack.ufo\/glyphs\/S_caron.glif","\/tqf_fruitfulblack.ufo\/glyphs\/T_.glif":"\/tqf_fruitfulblack.ufo\/glyphs\/T_.glif","\/tqf_fruitfulblack.ufo\/glyphs\/T_horn.glif":"\/tqf_fruitfulblack.ufo\/glyphs\/T_horn.glif","\/tqf_fruitfulblack.ufo\/glyphs\/U_.glif":"\/tqf_fruitfulblack.ufo\/glyphs\/U_.glif","\/tqf_fruitfulblack.ufo\/glyphs\/U_acute.glif":"\/tqf_fruitfulblack.ufo\/glyphs\/U_acute.glif","\/tqf_fruitfulblack.ufo\/glyphs\/U_circumflex.glif":"\/tqf_fruitfulblack.ufo\/glyphs\/U_circumflex.glif","\/tqf_fruitfulblack.ufo\/glyphs\/U_dieresis.glif":"\/tqf_fruitfulblack.ufo\/glyphs\/U_dieresis.glif","\/tqf_fruitfulblack.ufo\/glyphs\/U_grave.glif":"\/tqf_fruitfulblack.ufo\/glyphs\/U_grave.glif","\/tqf_fruitfulblack.ufo\/glyphs\/V_.glif":"\/tqf_fruitfulblack.ufo\/glyphs\/V_.glif","\/tqf_fruitfulblack.ufo\/glyphs\/W_.glif":"\/tqf_fruitfulblack.ufo\/glyphs\/W_.glif","\/tqf_fruitfulblack.ufo\/glyphs\/X_.glif":"\/tqf_fruitfulblack.ufo\/glyphs\/X_.glif","\/tqf_fruitfulblack.ufo\/glyphs\/Y_.glif":"\/tqf_fruitfulblack.ufo\/glyphs\/Y_.glif","\/tqf_fruitfulblack.ufo\/glyphs\/Y_acute.glif":"\/tqf_fruitfulblack.ufo\/glyphs\/Y_acute.glif","\/tqf_fruitfulblack.ufo\/glyphs\/Y_dieresis.glif":"\/tqf_fruitfulblack.ufo\/glyphs\/Y_dieresis.glif","\/tqf_fruitfulblack.ufo\/glyphs\/Z_.glif":"\/tqf_fruitfulblack.ufo\/glyphs\/Z_.glif","\/tqf_fruitfulblack.ufo\/glyphs\/_notdef.glif":"\/tqf_fruitfulblack.ufo\/glyphs\/_notdef.glif","\/tqf_fruitfulblack.ufo\/glyphs\/_null.glif":"\/tqf_fruitfulblack.ufo\/glyphs\/_null.glif","\/tqf_fruitfulblack.ufo\/glyphs\/a.glif":"\/tqf_fruitfulblack.ufo\/glyphs\/a.glif","\/tqf_fruitfulblack.ufo\/glyphs\/aacute.glif":"\/tqf_fruitfulblack.ufo\/glyphs\/aacute.glif","\/tqf_fruitfulblack.ufo\/glyphs\/acircumflex.glif":"\/tqf_fruitfulblack.ufo\/glyphs\/acircumflex.glif","\/tqf_fruitfulblack.ufo\/glyphs\/acute.glif":"\/tqf_fruitfulblack.ufo\/glyphs\/acute.glif","\/tqf_fruitfulblack.ufo\/glyphs\/adieresis.glif":"\/tqf_fruitfulblack.ufo\/glyphs\/adieresis.glif","\/tqf_fruitfulblack.ufo\/glyphs\/ae.glif":"\/tqf_fruitfulblack.ufo\/glyphs\/ae.glif","\/tqf_fruitfulblack.ufo\/glyphs\/agrave.glif":"\/tqf_fruitfulblack.ufo\/glyphs\/agrave.glif","\/tqf_fruitfulblack.ufo\/glyphs\/ampersand.glif":"\/tqf_fruitfulblack.ufo\/glyphs\/ampersand.glif","\/tqf_fruitfulblack.ufo\/glyphs\/aring.glif":"\/tqf_fruitfulblack.ufo\/glyphs\/aring.glif","\/tqf_fruitfulblack.ufo\/glyphs\/asciicircum.glif":"\/tqf_fruitfulblack.ufo\/glyphs\/asciicircum.glif","\/tqf_fruitfulblack.ufo\/glyphs\/asciitilde.glif":"\/tqf_fruitfulblack.ufo\/glyphs\/asciitilde.glif","\/tqf_fruitfulblack.ufo\/glyphs\/asterisk.glif":"\/tqf_fruitfulblack.ufo\/glyphs\/asterisk.glif","\/tqf_fruitfulblack.ufo\/glyphs\/at.glif":"\/tqf_fruitfulblack.ufo\/glyphs\/at.glif","\/tqf_fruitfulblack.ufo\/glyphs\/atilde.glif":"\/tqf_fruitfulblack.ufo\/glyphs\/atilde.glif","\/tqf_fruitfulblack.ufo\/glyphs\/b.glif":"\/tqf_fruitfulblack.ufo\/glyphs\/b.glif","\/tqf_fruitfulblack.ufo\/glyphs\/backslash.glif":"\/tqf_fruitfulblack.ufo\/glyphs\/backslash.glif","\/tqf_fruitfulblack.ufo\/glyphs\/bar.glif":"\/tqf_fruitfulblack.ufo\/glyphs\/bar.glif","\/tqf_fruitfulblack.ufo\/glyphs\/braceleft.glif":"\/tqf_fruitfulblack.ufo\/glyphs\/braceleft.glif","\/tqf_fruitfulblack.ufo\/glyphs\/braceright.glif":"\/tqf_fruitfulblack.ufo\/glyphs\/braceright.glif","\/tqf_fruitfulblack.ufo\/glyphs\/bracketleft.glif":"\/tqf_fruitfulblack.ufo\/glyphs\/bracketleft.glif","\/tqf_fruitfulblack.ufo\/glyphs\/bracketright.glif":"\/tqf_fruitfulblack.ufo\/glyphs\/bracketright.glif","\/tqf_fruitfulblack.ufo\/glyphs\/brokenbar.glif":"\/tqf_fruitfulblack.ufo\/glyphs\/brokenbar.glif","\/tqf_fruitfulblack.ufo\/glyphs\/bullet.glif":"\/tqf_fruitfulblack.ufo\/glyphs\/bullet.glif","\/tqf_fruitfulblack.ufo\/glyphs\/c.glif":"\/tqf_fruitfulblack.ufo\/glyphs\/c.glif","\/tqf_fruitfulblack.ufo\/glyphs\/ccedilla.glif":"\/tqf_fruitfulblack.ufo\/glyphs\/ccedilla.glif","\/tqf_fruitfulblack.ufo\/glyphs\/cedilla.glif":"\/tqf_fruitfulblack.ufo\/glyphs\/cedilla.glif","\/tqf_fruitfulblack.ufo\/glyphs\/cent.glif":"\/tqf_fruitfulblack.ufo\/glyphs\/cent.glif","\/tqf_fruitfulblack.ufo\/glyphs\/circumflex.glif":"\/tqf_fruitfulblack.ufo\/glyphs\/circumflex.glif","\/tqf_fruitfulblack.ufo\/glyphs\/colon.glif":"\/tqf_fruitfulblack.ufo\/glyphs\/colon.glif","\/tqf_fruitfulblack.ufo\/glyphs\/comma.glif":"\/tqf_fruitfulblack.ufo\/glyphs\/comma.glif","\/tqf_fruitfulblack.ufo\/glyphs\/contents.plist":"\/tqf_fruitfulblack.ufo\/glyphs\/contents.plist","\/tqf_fruitfulblack.ufo\/glyphs\/copyright.glif":"\/tqf_fruitfulblack.ufo\/glyphs\/copyright.glif","\/tqf_fruitfulblack.ufo\/glyphs\/currency.glif":"\/tqf_fruitfulblack.ufo\/glyphs\/currency.glif","\/tqf_fruitfulblack.ufo\/glyphs\/d.glif":"\/tqf_fruitfulblack.ufo\/glyphs\/d.glif","\/tqf_fruitfulblack.ufo\/glyphs\/dagger.glif":"\/tqf_fruitfulblack.ufo\/glyphs\/dagger.glif","\/tqf_fruitfulblack.ufo\/glyphs\/daggerdbl.glif":"\/tqf_fruitfulblack.ufo\/glyphs\/daggerdbl.glif","\/tqf_fruitfulblack.ufo\/glyphs\/degree.glif":"\/tqf_fruitfulblack.ufo\/glyphs\/degree.glif","\/tqf_fruitfulblack.ufo\/glyphs\/dieresis.glif":"\/tqf_fruitfulblack.ufo\/glyphs\/dieresis.glif","\/tqf_fruitfulblack.ufo\/glyphs\/divide.glif":"\/tqf_fruitfulblack.ufo\/glyphs\/divide.glif","\/tqf_fruitfulblack.ufo\/glyphs\/dollar.glif":"\/tqf_fruitfulblack.ufo\/glyphs\/dollar.glif","\/tqf_fruitfulblack.ufo\/glyphs\/e.glif":"\/tqf_fruitfulblack.ufo\/glyphs\/e.glif","\/tqf_fruitfulblack.ufo\/glyphs\/eacute.glif":"\/tqf_fruitfulblack.ufo\/glyphs\/eacute.glif","\/tqf_fruitfulblack.ufo\/glyphs\/ecircumflex.glif":"\/tqf_fruitfulblack.ufo\/glyphs\/ecircumflex.glif","\/tqf_fruitfulblack.ufo\/glyphs\/edieresis.glif":"\/tqf_fruitfulblack.ufo\/glyphs\/edieresis.glif","\/tqf_fruitfulblack.ufo\/glyphs\/egrave.glif":"\/tqf_fruitfulblack.ufo\/glyphs\/egrave.glif","\/tqf_fruitfulblack.ufo\/glyphs\/eight.glif":"\/tqf_fruitfulblack.ufo\/glyphs\/eight.glif","\/tqf_fruitfulblack.ufo\/glyphs\/ellipsis.glif":"\/tqf_fruitfulblack.ufo\/glyphs\/ellipsis.glif","\/tqf_fruitfulblack.ufo\/glyphs\/emdash.glif":"\/tqf_fruitfulblack.ufo\/glyphs\/emdash.glif","\/tqf_fruitfulblack.ufo\/glyphs\/endash.glif":"\/tqf_fruitfulblack.ufo\/glyphs\/endash.glif","\/tqf_fruitfulblack.ufo\/glyphs\/equal.glif":"\/tqf_fruitfulblack.ufo\/glyphs\/equal.glif","\/tqf_fruitfulblack.ufo\/glyphs\/eth.glif":"\/tqf_fruitfulblack.ufo\/glyphs\/eth.glif","\/tqf_fruitfulblack.ufo\/glyphs\/exclam.glif":"\/tqf_fruitfulblack.ufo\/glyphs\/exclam.glif","\/tqf_fruitfulblack.ufo\/glyphs\/exclamdown.glif":"\/tqf_fruitfulblack.ufo\/glyphs\/exclamdown.glif","\/tqf_fruitfulblack.ufo\/glyphs\/f.glif":"\/tqf_fruitfulblack.ufo\/glyphs\/f.glif","\/tqf_fruitfulblack.ufo\/glyphs\/five.glif":"\/tqf_fruitfulblack.ufo\/glyphs\/five.glif","\/tqf_fruitfulblack.ufo\/glyphs\/florin.glif":"\/tqf_fruitfulblack.ufo\/glyphs\/florin.glif","\/tqf_fruitfulblack.ufo\/glyphs\/four.glif":"\/tqf_fruitfulblack.ufo\/glyphs\/four.glif","\/tqf_fruitfulblack.ufo\/glyphs\/fraction.glif":"\/tqf_fruitfulblack.ufo\/glyphs\/fraction.glif","\/tqf_fruitfulblack.ufo\/glyphs\/g.glif":"\/tqf_fruitfulblack.ufo\/glyphs\/g.glif","\/tqf_fruitfulblack.ufo\/glyphs\/germandbls.glif":"\/tqf_fruitfulblack.ufo\/glyphs\/germandbls.glif","\/tqf_fruitfulblack.ufo\/glyphs\/grave.glif":"\/tqf_fruitfulblack.ufo\/glyphs\/grave.glif","\/tqf_fruitfulblack.ufo\/glyphs\/greater.glif":"\/tqf_fruitfulblack.ufo\/glyphs\/greater.glif","\/tqf_fruitfulblack.ufo\/glyphs\/guillemotleft.glif":"\/tqf_fruitfulblack.ufo\/glyphs\/guillemotleft.glif","\/tqf_fruitfulblack.ufo\/glyphs\/guillemotright.glif":"\/tqf_fruitfulblack.ufo\/glyphs\/guillemotright.glif","\/tqf_fruitfulblack.ufo\/glyphs\/guilsinglleft.glif":"\/tqf_fruitfulblack.ufo\/glyphs\/guilsinglleft.glif","\/tqf_fruitfulblack.ufo\/glyphs\/guilsinglright.glif":"\/tqf_fruitfulblack.ufo\/glyphs\/guilsinglright.glif","\/tqf_fruitfulblack.ufo\/glyphs\/h.glif":"\/tqf_fruitfulblack.ufo\/glyphs\/h.glif","\/tqf_fruitfulblack.ufo\/glyphs\/hyphen.glif":"\/tqf_fruitfulblack.ufo\/glyphs\/hyphen.glif","\/tqf_fruitfulblack.ufo\/glyphs\/i.glif":"\/tqf_fruitfulblack.ufo\/glyphs\/i.glif","\/tqf_fruitfulblack.ufo\/glyphs\/iacute.glif":"\/tqf_fruitfulblack.ufo\/glyphs\/iacute.glif","\/tqf_fruitfulblack.ufo\/glyphs\/icircumflex.glif":"\/tqf_fruitfulblack.ufo\/glyphs\/icircumflex.glif","\/tqf_fruitfulblack.ufo\/glyphs\/idieresis.glif":"\/tqf_fruitfulblack.ufo\/glyphs\/idieresis.glif","\/tqf_fruitfulblack.ufo\/glyphs\/igrave.glif":"\/tqf_fruitfulblack.ufo\/glyphs\/igrave.glif","\/tqf_fruitfulblack.ufo\/glyphs\/j.glif":"\/tqf_fruitfulblack.ufo\/glyphs\/j.glif","\/tqf_fruitfulblack.ufo\/glyphs\/k.glif":"\/tqf_fruitfulblack.ufo\/glyphs\/k.glif","\/tqf_fruitfulblack.ufo\/glyphs\/l.glif":"\/tqf_fruitfulblack.ufo\/glyphs\/l.glif","\/tqf_fruitfulblack.ufo\/glyphs\/less.glif":"\/tqf_fruitfulblack.ufo\/glyphs\/less.glif","\/tqf_fruitfulblack.ufo\/glyphs\/logicalnot.glif":"\/tqf_fruitfulblack.ufo\/glyphs\/logicalnot.glif","\/tqf_fruitfulblack.ufo\/glyphs\/m.glif":"\/tqf_fruitfulblack.ufo\/glyphs\/m.glif","\/tqf_fruitfulblack.ufo\/glyphs\/macron.glif":"\/tqf_fruitfulblack.ufo\/glyphs\/macron.glif","\/tqf_fruitfulblack.ufo\/glyphs\/mu.glif":"\/tqf_fruitfulblack.ufo\/glyphs\/mu.glif","\/tqf_fruitfulblack.ufo\/glyphs\/multiply.glif":"\/tqf_fruitfulblack.ufo\/glyphs\/multiply.glif","\/tqf_fruitfulblack.ufo\/glyphs\/n.glif":"\/tqf_fruitfulblack.ufo\/glyphs\/n.glif","\/tqf_fruitfulblack.ufo\/glyphs\/nine.glif":"\/tqf_fruitfulblack.ufo\/glyphs\/nine.glif","\/tqf_fruitfulblack.ufo\/glyphs\/nonbreakingspace.glif":"\/tqf_fruitfulblack.ufo\/glyphs\/nonbreakingspace.glif","\/tqf_fruitfulblack.ufo\/glyphs\/nonmarkingreturn.glif":"\/tqf_fruitfulblack.ufo\/glyphs\/nonmarkingreturn.glif","\/tqf_fruitfulblack.ufo\/glyphs\/ntilde.glif":"\/tqf_fruitfulblack.ufo\/glyphs\/ntilde.glif","\/tqf_fruitfulblack.ufo\/glyphs\/numbersign.glif":"\/tqf_fruitfulblack.ufo\/glyphs\/numbersign.glif","\/tqf_fruitfulblack.ufo\/glyphs\/o.glif":"\/tqf_fruitfulblack.ufo\/glyphs\/o.glif","\/tqf_fruitfulblack.ufo\/glyphs\/oacute.glif":"\/tqf_fruitfulblack.ufo\/glyphs\/oacute.glif","\/tqf_fruitfulblack.ufo\/glyphs\/ocircumflex.glif":"\/tqf_fruitfulblack.ufo\/glyphs\/ocircumflex.glif","\/tqf_fruitfulblack.ufo\/glyphs\/odieresis.glif":"\/tqf_fruitfulblack.ufo\/glyphs\/odieresis.glif","\/tqf_fruitfulblack.ufo\/glyphs\/oe.glif":"\/tqf_fruitfulblack.ufo\/glyphs\/oe.glif","\/tqf_fruitfulblack.ufo\/glyphs\/ograve.glif":"\/tqf_fruitfulblack.ufo\/glyphs\/ograve.glif","\/tqf_fruitfulblack.ufo\/glyphs\/one.glif":"\/tqf_fruitfulblack.ufo\/glyphs\/one.glif","\/tqf_fruitfulblack.ufo\/glyphs\/onehalf.glif":"\/tqf_fruitfulblack.ufo\/glyphs\/onehalf.glif","\/tqf_fruitfulblack.ufo\/glyphs\/onequarter.glif":"\/tqf_fruitfulblack.ufo\/glyphs\/onequarter.glif","\/tqf_fruitfulblack.ufo\/glyphs\/onesuperior.glif":"\/tqf_fruitfulblack.ufo\/glyphs\/onesuperior.glif","\/tqf_fruitfulblack.ufo\/glyphs\/ordfeminine.glif":"\/tqf_fruitfulblack.ufo\/glyphs\/ordfeminine.glif","\/tqf_fruitfulblack.ufo\/glyphs\/ordmasculine.glif":"\/tqf_fruitfulblack.ufo\/glyphs\/ordmasculine.glif","\/tqf_fruitfulblack.ufo\/glyphs\/oslash.glif":"\/tqf_fruitfulblack.ufo\/glyphs\/oslash.glif","\/tqf_fruitfulblack.ufo\/glyphs\/otilde.glif":"\/tqf_fruitfulblack.ufo\/glyphs\/otilde.glif","\/tqf_fruitfulblack.ufo\/glyphs\/p.glif":"\/tqf_fruitfulblack.ufo\/glyphs\/p.glif","\/tqf_fruitfulblack.ufo\/glyphs\/paragraph.glif":"\/tqf_fruitfulblack.ufo\/glyphs\/paragraph.glif","\/tqf_fruitfulblack.ufo\/glyphs\/parenleft.glif":"\/tqf_fruitfulblack.ufo\/glyphs\/parenleft.glif","\/tqf_fruitfulblack.ufo\/glyphs\/parenright.glif":"\/tqf_fruitfulblack.ufo\/glyphs\/parenright.glif","\/tqf_fruitfulblack.ufo\/glyphs\/percent.glif":"\/tqf_fruitfulblack.ufo\/glyphs\/percent.glif","\/tqf_fruitfulblack.ufo\/glyphs\/period.glif":"\/tqf_fruitfulblack.ufo\/glyphs\/period.glif","\/tqf_fruitfulblack.ufo\/glyphs\/periodcentered.glif":"\/tqf_fruitfulblack.ufo\/glyphs\/periodcentered.glif","\/tqf_fruitfulblack.ufo\/glyphs\/perthousand.glif":"\/tqf_fruitfulblack.ufo\/glyphs\/perthousand.glif","\/tqf_fruitfulblack.ufo\/glyphs\/plus.glif":"\/tqf_fruitfulblack.ufo\/glyphs\/plus.glif","\/tqf_fruitfulblack.ufo\/glyphs\/plusminus.glif":"\/tqf_fruitfulblack.ufo\/glyphs\/plusminus.glif","\/tqf_fruitfulblack.ufo\/glyphs\/q.glif":"\/tqf_fruitfulblack.ufo\/glyphs\/q.glif","\/tqf_fruitfulblack.ufo\/glyphs\/question.glif":"\/tqf_fruitfulblack.ufo\/glyphs\/question.glif","\/tqf_fruitfulblack.ufo\/glyphs\/questiondown.glif":"\/tqf_fruitfulblack.ufo\/glyphs\/questiondown.glif","\/tqf_fruitfulblack.ufo\/glyphs\/quotedbl.glif":"\/tqf_fruitfulblack.ufo\/glyphs\/quotedbl.glif","\/tqf_fruitfulblack.ufo\/glyphs\/quotedblbase.glif":"\/tqf_fruitfulblack.ufo\/glyphs\/quotedblbase.glif","\/tqf_fruitfulblack.ufo\/glyphs\/quotedblleft.glif":"\/tqf_fruitfulblack.ufo\/glyphs\/quotedblleft.glif","\/tqf_fruitfulblack.ufo\/glyphs\/quotedblright.glif":"\/tqf_fruitfulblack.ufo\/glyphs\/quotedblright.glif","\/tqf_fruitfulblack.ufo\/glyphs\/quoteleft.glif":"\/tqf_fruitfulblack.ufo\/glyphs\/quoteleft.glif","\/tqf_fruitfulblack.ufo\/glyphs\/quoteright.glif":"\/tqf_fruitfulblack.ufo\/glyphs\/quoteright.glif","\/tqf_fruitfulblack.ufo\/glyphs\/quotesinglbase.glif":"\/tqf_fruitfulblack.ufo\/glyphs\/quotesinglbase.glif","\/tqf_fruitfulblack.ufo\/glyphs\/quotesingle.glif":"\/tqf_fruitfulblack.ufo\/glyphs\/quotesingle.glif","\/tqf_fruitfulblack.ufo\/glyphs\/r.glif":"\/tqf_fruitfulblack.ufo\/glyphs\/r.glif","\/tqf_fruitfulblack.ufo\/glyphs\/registered.glif":"\/tqf_fruitfulblack.ufo\/glyphs\/registered.glif","\/tqf_fruitfulblack.ufo\/glyphs\/s.glif":"\/tqf_fruitfulblack.ufo\/glyphs\/s.glif","\/tqf_fruitfulblack.ufo\/glyphs\/scaron.glif":"\/tqf_fruitfulblack.ufo\/glyphs\/scaron.glif","\/tqf_fruitfulblack.ufo\/glyphs\/section.glif":"\/tqf_fruitfulblack.ufo\/glyphs\/section.glif","\/tqf_fruitfulblack.ufo\/glyphs\/semicolon.glif":"\/tqf_fruitfulblack.ufo\/glyphs\/semicolon.glif","\/tqf_fruitfulblack.ufo\/glyphs\/seven.glif":"\/tqf_fruitfulblack.ufo\/glyphs\/seven.glif","\/tqf_fruitfulblack.ufo\/glyphs\/six.glif":"\/tqf_fruitfulblack.ufo\/glyphs\/six.glif","\/tqf_fruitfulblack.ufo\/glyphs\/slash.glif":"\/tqf_fruitfulblack.ufo\/glyphs\/slash.glif","\/tqf_fruitfulblack.ufo\/glyphs\/softhyphen.glif":"\/tqf_fruitfulblack.ufo\/glyphs\/softhyphen.glif","\/tqf_fruitfulblack.ufo\/glyphs\/space.glif":"\/tqf_fruitfulblack.ufo\/glyphs\/space.glif","\/tqf_fruitfulblack.ufo\/glyphs\/sterling.glif":"\/tqf_fruitfulblack.ufo\/glyphs\/sterling.glif","\/tqf_fruitfulblack.ufo\/glyphs\/t.glif":"\/tqf_fruitfulblack.ufo\/glyphs\/t.glif","\/tqf_fruitfulblack.ufo\/glyphs\/thorn.glif":"\/tqf_fruitfulblack.ufo\/glyphs\/thorn.glif","\/tqf_fruitfulblack.ufo\/glyphs\/three.glif":"\/tqf_fruitfulblack.ufo\/glyphs\/three.glif","\/tqf_fruitfulblack.ufo\/glyphs\/threequarters.glif":"\/tqf_fruitfulblack.ufo\/glyphs\/threequarters.glif","\/tqf_fruitfulblack.ufo\/glyphs\/threesuperior.glif":"\/tqf_fruitfulblack.ufo\/glyphs\/threesuperior.glif","\/tqf_fruitfulblack.ufo\/glyphs\/tilde.glif":"\/tqf_fruitfulblack.ufo\/glyphs\/tilde.glif","\/tqf_fruitfulblack.ufo\/glyphs\/trademark.glif":"\/tqf_fruitfulblack.ufo\/glyphs\/trademark.glif","\/tqf_fruitfulblack.ufo\/glyphs\/two.glif":"\/tqf_fruitfulblack.ufo\/glyphs\/two.glif","\/tqf_fruitfulblack.ufo\/glyphs\/twosuperior.glif":"\/tqf_fruitfulblack.ufo\/glyphs\/twosuperior.glif","\/tqf_fruitfulblack.ufo\/glyphs\/u.glif":"\/tqf_fruitfulblack.ufo\/glyphs\/u.glif","\/tqf_fruitfulblack.ufo\/glyphs\/u0081.glif":"\/tqf_fruitfulblack.ufo\/glyphs\/u0081.glif","\/tqf_fruitfulblack.ufo\/glyphs\/uacute.glif":"\/tqf_fruitfulblack.ufo\/glyphs\/uacute.glif","\/tqf_fruitfulblack.ufo\/glyphs\/ucircumflex.glif":"\/tqf_fruitfulblack.ufo\/glyphs\/ucircumflex.glif","\/tqf_fruitfulblack.ufo\/glyphs\/udieresis.glif":"\/tqf_fruitfulblack.ufo\/glyphs\/udieresis.glif","\/tqf_fruitfulblack.ufo\/glyphs\/ugrave.glif":"\/tqf_fruitfulblack.ufo\/glyphs\/ugrave.glif","\/tqf_fruitfulblack.ufo\/glyphs\/underscore.glif":"\/tqf_fruitfulblack.ufo\/glyphs\/underscore.glif","\/tqf_fruitfulblack.ufo\/glyphs\/v.glif":"\/tqf_fruitfulblack.ufo\/glyphs\/v.glif","\/tqf_fruitfulblack.ufo\/glyphs\/w.glif":"\/tqf_fruitfulblack.ufo\/glyphs\/w.glif","\/tqf_fruitfulblack.ufo\/glyphs\/x.glif":"\/tqf_fruitfulblack.ufo\/glyphs\/x.glif","\/tqf_fruitfulblack.ufo\/glyphs\/y.glif":"\/tqf_fruitfulblack.ufo\/glyphs\/y.glif","\/tqf_fruitfulblack.ufo\/glyphs\/yacute.glif":"\/tqf_fruitfulblack.ufo\/glyphs\/yacute.glif","\/tqf_fruitfulblack.ufo\/glyphs\/ydieresis.glif":"\/tqf_fruitfulblack.ufo\/glyphs\/ydieresis.glif","\/tqf_fruitfulblack.ufo\/glyphs\/yen.glif":"\/tqf_fruitfulblack.ufo\/glyphs\/yen.glif","\/tqf_fruitfulblack.ufo\/glyphs\/z.glif":"\/tqf_fruitfulblack.ufo\/glyphs\/z.glif","\/tqf_fruitfulblack.ufo\/glyphs\/zero.glif":"\/tqf_fruitfulblack.ufo\/glyphs\/zero.glif"},"Font":{"uploaded":1472757141.6541,"licence":"gpl3","company":"Chronolabs Cooperative","title":"TQFFruitful Black","version":3.002,"date":"Sun Aug 28 07:50:02 2016","creator":"root","type":"1","matrix":"0.000488281 0 0 0.000488281 0 0","named":"TQFFruitfulBlack","painttype":"0","info":"10 dict dup","name":"TQF_FruitfulBlack","family":"TQF_FruitfulBlack","weight":"Black","fstype":"6","italicangle":"0","underlineposition":"","underlinethickness":""},"Licences":{"":false},"Table":{"FFTM":{"entryLength":16,"tag":"FFTM","checksum":1947015652,"offset":11440,"length":28},"GDEF":{"entryLength":16,"tag":"GDEF","checksum":17367044,"offset":11408,"length":32},"OS\/2":{"entryLength":16,"tag":"OS\/2","checksum":1722552226,"offset":344,"length":86},"cmap":{"entryLength":16,"tag":"cmap","checksum":3344412083,"offset":1284,"length":668},"gasp":{"entryLength":16,"tag":"gasp","checksum":4294901763,"offset":11400,"length":8},"glyf":{"entryLength":16,"tag":"glyf","checksum":2304232066,"offset":2396,"length":7728},"head":{"entryLength":16,"tag":"head","checksum":270488240,"offset":220,"length":54},"hhea":{"entryLength":16,"tag":"hhea","checksum":278857665,"offset":276,"length":36},"hmtx":{"entryLength":16,"tag":"hmtx","checksum":1431832789,"offset":432,"length":852},"loca":{"entryLength":16,"tag":"loca","checksum":3170940534,"offset":1952,"length":442},"maxp":{"entryLength":16,"tag":"maxp","checksum":19071071,"offset":312,"length":32},"name":{"entryLength":16,"tag":"name","checksum":3825460631,"offset":10124,"length":783},"post":{"entryLength":16,"tag":"post","checksum":1220200218,"offset":10908,"length":491}},"UnicodeCharMap":{"0":1,"13":2,"32":3,"33":4,"34":5,"35":6,"36":7,"37":8,"38":9,"39":10,"40":11,"41":12,"42":13,"43":14,"44":15,"45":16,"46":17,"47":18,"48":19,"49":20,"50":21,"51":22,"52":23,"53":24,"54":25,"55":26,"56":27,"57":28,"58":29,"59":30,"60":31,"61":32,"62":33,"63":34,"64":35,"65":36,"66":37,"67":38,"68":39,"69":40,"70":41,"71":42,"72":43,"73":44,"74":45,"75":46,"76":47,"77":48,"78":49,"79":50,"80":51,"81":52,"82":53,"83":54,"84":55,"85":56,"86":57,"87":58,"88":59,"89":60,"90":61,"91":62,"92":63,"93":64,"94":65,"95":66,"96":67,"97":68,"98":69,"99":70,"100":71,"101":72,"102":73,"103":74,"104":75,"105":76,"106":77,"107":78,"108":79,"109":80,"110":81,"111":82,"112":83,"113":84,"114":85,"115":86,"116":87,"117":88,"118":89,"119":90,"120":91,"121":92,"122":93,"123":94,"124":95,"125":96,"126":97,"129":98,"160":99,"161":100,"162":101,"163":102,"164":103,"165":104,"166":105,"167":106,"168":107,"169":108,"170":109,"171":110,"172":111,"173":112,"174":113,"175":114,"176":115,"177":116,"178":117,"179":118,"180":119,"182":121,"183":201,"184":122,"185":123,"186":124,"187":125,"188":126,"189":127,"190":128,"191":129,"192":130,"193":131,"194":132,"195":133,"196":134,"197":135,"198":136,"199":137,"200":138,"201":139,"202":140,"203":141,"204":142,"205":143,"206":144,"207":145,"208":146,"209":147,"210":148,"211":149,"212":150,"213":151,"214":152,"215":153,"216":154,"217":155,"218":156,"219":157,"220":158,"221":159,"222":160,"223":161,"224":162,"225":163,"226":164,"227":165,"228":166,"229":167,"230":168,"231":169,"232":170,"233":171,"234":172,"235":173,"236":174,"237":175,"238":176,"239":177,"240":178,"241":179,"242":180,"243":181,"244":182,"245":183,"246":184,"247":185,"248":186,"249":187,"250":188,"251":189,"252":190,"253":191,"254":192,"255":193,"338":213,"339":218,"352":210,"353":217,"376":219,"402":214,"710":205,"732":206,"956":120,"8211":199,"8212":198,"8216":194,"8217":203,"8218":207,"8220":195,"8221":196,"8222":208,"8224":215,"8225":216,"8226":197,"8230":209,"8240":202,"8249":211,"8250":212,"8260":204,"8482":200},"Reserves":{"fontname":"TQF Fruitful Black"},"Names":{"TQF Fruitful Black":{"name":"TQF Fruitful Black","longitude":"0.00000001","latitude":"0.00000001","country":"","region":"","city":""}},"Nodes":{"tq":{"type":"typal","node":"tq","usage":1,"weight":1},"qf":{"type":"typal","node":"qf","usage":1,"weight":1},"fr":{"type":"typal","node":"fr","usage":1,"weight":1},"ul":{"type":"typal","node":"ul","usage":1,"weight":1},"bl":{"type":"typal","node":"bl","usage":1,"weight":1},"ck":{"type":"typal","node":"ck","usage":1,"weight":1},"fru":{"type":"typal","node":"fru","usage":1,"weight":1},"ful":{"type":"typal","node":"ful","usage":1,"weight":1},"bla":{"type":"typal","node":"bla","usage":1,"weight":1},"ack":{"type":"typal","node":"ack","usage":1,"weight":1},"frui":{"type":"keys","node":"frui","usage":1,"weight":1},"tful":{"type":"keys","node":"tful","usage":1,"weight":1},"blac":{"type":"keys","node":"blac","usage":1,"weight":1},"lack":{"type":"keys","node":"lack","usage":1,"weight":1},"fruit":{"type":"keys","node":"fruit","usage":1,"weight":1},"itful":{"type":"keys","node":"itful","usage":1,"weight":1},"tqf":{"type":"fixes","node":"tqf","usage":1,"weight":1},"fruitful":{"type":"fixes","node":"fruitful","usage":1,"weight":1},"black":{"type":"fixes","node":"black","usage":1,"weight":1}},"Contributors":[],"FontIdentity":"crash99:671cbe2f8cbb58f89c53a9d8","Bytes":null,"Networking":[],"barcode":"qkeyeqa7muugm","referee":"mk0um"}