{"CSS":{"Helvetica Neue LT Com 53 Extended":"Helvetica+Neue+LT+Com+53+Extended.css","Helvetica Neue LT Com 5 3 Extended":"hotshot1:936597bbe9ea4868422ec23.css"},"FontType":"TrueType","FontCopyright":"Part of the digitally encoded machine readable outline data for producing the Typefaces provided is copyrighted (c) 2006 Linotype GmbH, www.linotype.com. All rights reserved. This software is the property of Linotype GmbH, and may not be reproduced, modified, disclosed or transferred without the express written approval of Linotype GmbH.  Copyright (c) 1988, 1990, 1993 Adobe Systems Incorporated. All Rights Reserved. Helvetica is a trademark of Heidelberger Druckmaschinen AG, exclusively licensed through Linotype GmbH, and may be registered in certain jurisdictions. This typeface is original artwork of Linotype Design Studio. The design may be protected in certain jurisdictions.","FontName":"HelveticaNeueLT Com 53 Ex","FontSubfamily":"Ex","FontSubfamilyID":"FontForge 2.0 : Helvetica Neue LT Com 53 Extended : 1-1-2017","FontFullName":"Helvetica Neue LT Com 5 3 Extended","FontVersion":"Version 1.00; 2006 ","FontWeight":null,"FontPostscriptName":"HelveticaNeueLTCom-Ex","Files":{"\/Helvetica Neue LT Com 53 Extended.css":"\/Helvetica Neue LT Com 53 Extended.css","\/font-resource.json":"\/font-resource.json","\/helveticaneueltcom-ex.afm":"\/helveticaneueltcom-ex.afm","\/helveticaneueltcom-ex.cef":"\/helveticaneueltcom-ex.cef","\/helveticaneueltcom-ex.cff":"\/helveticaneueltcom-ex.cff","\/helveticaneueltcom-ex.eot":"\/helveticaneueltcom-ex.eot","\/helveticaneueltcom-ex.gai":"\/helveticaneueltcom-ex.gai","\/helveticaneueltcom-ex.gsf":"\/helveticaneueltcom-ex.gsf","\/helveticaneueltcom-ex.otf":"\/helveticaneueltcom-ex.otf","\/helveticaneueltcom-ex.pf3":"\/helveticaneueltcom-ex.pf3","\/helveticaneueltcom-ex.pfa":"\/helveticaneueltcom-ex.pfa","\/helveticaneueltcom-ex.pfb":"\/helveticaneueltcom-ex.pfb","\/helveticaneueltcom-ex.php":"\/helveticaneueltcom-ex.php","\/helveticaneueltcom-ex.pt3":"\/helveticaneueltcom-ex.pt3","\/helveticaneueltcom-ex.sfd":"\/helveticaneueltcom-ex.sfd","\/helveticaneueltcom-ex.svg":"\/helveticaneueltcom-ex.svg","\/helveticaneueltcom-ex.t42":"\/helveticaneueltcom-ex.t42","\/helveticaneueltcom-ex.ttd":"\/helveticaneueltcom-ex.ttd","\/helveticaneueltcom-ex.ttf":"\/helveticaneueltcom-ex.ttf","\/helveticaneueltcom-ex.ttg":"\/helveticaneueltcom-ex.ttg","\/helveticaneueltcom-ex.ufm":"\/helveticaneueltcom-ex.ufm","\/helveticaneueltcom-ex.woff":"\/helveticaneueltcom-ex.woff","\/helveticaneueltcom-ex.z":"\/helveticaneueltcom-ex.z","\/hotshot1:936597bbe9ea4868422ec23.css":"\/hotshot1:936597bbe9ea4868422ec23.css","\/helveticaneueltcom-ex.ufo\/feature.fea":"\/helveticaneueltcom-ex.ufo\/feature.fea","\/helveticaneueltcom-ex.ufo\/fontinfo.plist":"\/helveticaneueltcom-ex.ufo\/fontinfo.plist","\/helveticaneueltcom-ex.ufo\/groups.plist":"\/helveticaneueltcom-ex.ufo\/groups.plist","\/helveticaneueltcom-ex.ufo\/kerning.plist":"\/helveticaneueltcom-ex.ufo\/kerning.plist","\/helveticaneueltcom-ex.ufo\/metainfo.plist":"\/helveticaneueltcom-ex.ufo\/metainfo.plist","\/helveticaneueltcom-ex.ufo\/glyphs\/A_.glif":"\/helveticaneueltcom-ex.ufo\/glyphs\/A_.glif","\/helveticaneueltcom-ex.ufo\/glyphs\/A_E_.glif":"\/helveticaneueltcom-ex.ufo\/glyphs\/A_E_.glif","\/helveticaneueltcom-ex.ufo\/glyphs\/A_acute.glif":"\/helveticaneueltcom-ex.ufo\/glyphs\/A_acute.glif","\/helveticaneueltcom-ex.ufo\/glyphs\/A_breve.glif":"\/helveticaneueltcom-ex.ufo\/glyphs\/A_breve.glif","\/helveticaneueltcom-ex.ufo\/glyphs\/A_circumflex.glif":"\/helveticaneueltcom-ex.ufo\/glyphs\/A_circumflex.glif","\/helveticaneueltcom-ex.ufo\/glyphs\/A_dieresis.glif":"\/helveticaneueltcom-ex.ufo\/glyphs\/A_dieresis.glif","\/helveticaneueltcom-ex.ufo\/glyphs\/A_grave.glif":"\/helveticaneueltcom-ex.ufo\/glyphs\/A_grave.glif","\/helveticaneueltcom-ex.ufo\/glyphs\/A_macron.glif":"\/helveticaneueltcom-ex.ufo\/glyphs\/A_macron.glif","\/helveticaneueltcom-ex.ufo\/glyphs\/A_ogonek.glif":"\/helveticaneueltcom-ex.ufo\/glyphs\/A_ogonek.glif","\/helveticaneueltcom-ex.ufo\/glyphs\/A_ring.glif":"\/helveticaneueltcom-ex.ufo\/glyphs\/A_ring.glif","\/helveticaneueltcom-ex.ufo\/glyphs\/A_tilde.glif":"\/helveticaneueltcom-ex.ufo\/glyphs\/A_tilde.glif","\/helveticaneueltcom-ex.ufo\/glyphs\/B_.glif":"\/helveticaneueltcom-ex.ufo\/glyphs\/B_.glif","\/helveticaneueltcom-ex.ufo\/glyphs\/C_.glif":"\/helveticaneueltcom-ex.ufo\/glyphs\/C_.glif","\/helveticaneueltcom-ex.ufo\/glyphs\/C_acute.glif":"\/helveticaneueltcom-ex.ufo\/glyphs\/C_acute.glif","\/helveticaneueltcom-ex.ufo\/glyphs\/C_caron.glif":"\/helveticaneueltcom-ex.ufo\/glyphs\/C_caron.glif","\/helveticaneueltcom-ex.ufo\/glyphs\/C_cedilla.glif":"\/helveticaneueltcom-ex.ufo\/glyphs\/C_cedilla.glif","\/helveticaneueltcom-ex.ufo\/glyphs\/C_circumflex.glif":"\/helveticaneueltcom-ex.ufo\/glyphs\/C_circumflex.glif","\/helveticaneueltcom-ex.ufo\/glyphs\/C_dotaccent.glif":"\/helveticaneueltcom-ex.ufo\/glyphs\/C_dotaccent.glif","\/helveticaneueltcom-ex.ufo\/glyphs\/D_.glif":"\/helveticaneueltcom-ex.ufo\/glyphs\/D_.glif","\/helveticaneueltcom-ex.ufo\/glyphs\/D_caron.glif":"\/helveticaneueltcom-ex.ufo\/glyphs\/D_caron.glif","\/helveticaneueltcom-ex.ufo\/glyphs\/D_croat.glif":"\/helveticaneueltcom-ex.ufo\/glyphs\/D_croat.glif","\/helveticaneueltcom-ex.ufo\/glyphs\/D_elta.glif":"\/helveticaneueltcom-ex.ufo\/glyphs\/D_elta.glif","\/helveticaneueltcom-ex.ufo\/glyphs\/E_.glif":"\/helveticaneueltcom-ex.ufo\/glyphs\/E_.glif","\/helveticaneueltcom-ex.ufo\/glyphs\/E_acute.glif":"\/helveticaneueltcom-ex.ufo\/glyphs\/E_acute.glif","\/helveticaneueltcom-ex.ufo\/glyphs\/E_breve.glif":"\/helveticaneueltcom-ex.ufo\/glyphs\/E_breve.glif","\/helveticaneueltcom-ex.ufo\/glyphs\/E_caron.glif":"\/helveticaneueltcom-ex.ufo\/glyphs\/E_caron.glif","\/helveticaneueltcom-ex.ufo\/glyphs\/E_circumflex.glif":"\/helveticaneueltcom-ex.ufo\/glyphs\/E_circumflex.glif","\/helveticaneueltcom-ex.ufo\/glyphs\/E_dieresis.glif":"\/helveticaneueltcom-ex.ufo\/glyphs\/E_dieresis.glif","\/helveticaneueltcom-ex.ufo\/glyphs\/E_dotaccent.glif":"\/helveticaneueltcom-ex.ufo\/glyphs\/E_dotaccent.glif","\/helveticaneueltcom-ex.ufo\/glyphs\/E_grave.glif":"\/helveticaneueltcom-ex.ufo\/glyphs\/E_grave.glif","\/helveticaneueltcom-ex.ufo\/glyphs\/E_macron.glif":"\/helveticaneueltcom-ex.ufo\/glyphs\/E_macron.glif","\/helveticaneueltcom-ex.ufo\/glyphs\/E_ogonek.glif":"\/helveticaneueltcom-ex.ufo\/glyphs\/E_ogonek.glif","\/helveticaneueltcom-ex.ufo\/glyphs\/E_th.glif":"\/helveticaneueltcom-ex.ufo\/glyphs\/E_th.glif","\/helveticaneueltcom-ex.ufo\/glyphs\/E_uro.glif":"\/helveticaneueltcom-ex.ufo\/glyphs\/E_uro.glif","\/helveticaneueltcom-ex.ufo\/glyphs\/F_.glif":"\/helveticaneueltcom-ex.ufo\/glyphs\/F_.glif","\/helveticaneueltcom-ex.ufo\/glyphs\/G_.glif":"\/helveticaneueltcom-ex.ufo\/glyphs\/G_.glif","\/helveticaneueltcom-ex.ufo\/glyphs\/G_breve.glif":"\/helveticaneueltcom-ex.ufo\/glyphs\/G_breve.glif","\/helveticaneueltcom-ex.ufo\/glyphs\/G_circumflex.glif":"\/helveticaneueltcom-ex.ufo\/glyphs\/G_circumflex.glif","\/helveticaneueltcom-ex.ufo\/glyphs\/G_commaaccent.glif":"\/helveticaneueltcom-ex.ufo\/glyphs\/G_commaaccent.glif","\/helveticaneueltcom-ex.ufo\/glyphs\/G_dotaccent.glif":"\/helveticaneueltcom-ex.ufo\/glyphs\/G_dotaccent.glif","\/helveticaneueltcom-ex.ufo\/glyphs\/H_.glif":"\/helveticaneueltcom-ex.ufo\/glyphs\/H_.glif","\/helveticaneueltcom-ex.ufo\/glyphs\/H_bar.glif":"\/helveticaneueltcom-ex.ufo\/glyphs\/H_bar.glif","\/helveticaneueltcom-ex.ufo\/glyphs\/H_circumflex.glif":"\/helveticaneueltcom-ex.ufo\/glyphs\/H_circumflex.glif","\/helveticaneueltcom-ex.ufo\/glyphs\/I_.glif":"\/helveticaneueltcom-ex.ufo\/glyphs\/I_.glif","\/helveticaneueltcom-ex.ufo\/glyphs\/I_J_.glif":"\/helveticaneueltcom-ex.ufo\/glyphs\/I_J_.glif","\/helveticaneueltcom-ex.ufo\/glyphs\/I_acute.glif":"\/helveticaneueltcom-ex.ufo\/glyphs\/I_acute.glif","\/helveticaneueltcom-ex.ufo\/glyphs\/I_circumflex.glif":"\/helveticaneueltcom-ex.ufo\/glyphs\/I_circumflex.glif","\/helveticaneueltcom-ex.ufo\/glyphs\/I_dieresis.glif":"\/helveticaneueltcom-ex.ufo\/glyphs\/I_dieresis.glif","\/helveticaneueltcom-ex.ufo\/glyphs\/I_dotaccent.glif":"\/helveticaneueltcom-ex.ufo\/glyphs\/I_dotaccent.glif","\/helveticaneueltcom-ex.ufo\/glyphs\/I_grave.glif":"\/helveticaneueltcom-ex.ufo\/glyphs\/I_grave.glif","\/helveticaneueltcom-ex.ufo\/glyphs\/I_macron.glif":"\/helveticaneueltcom-ex.ufo\/glyphs\/I_macron.glif","\/helveticaneueltcom-ex.ufo\/glyphs\/I_ogonek.glif":"\/helveticaneueltcom-ex.ufo\/glyphs\/I_ogonek.glif","\/helveticaneueltcom-ex.ufo\/glyphs\/I_tilde.glif":"\/helveticaneueltcom-ex.ufo\/glyphs\/I_tilde.glif","\/helveticaneueltcom-ex.ufo\/glyphs\/J_.glif":"\/helveticaneueltcom-ex.ufo\/glyphs\/J_.glif","\/helveticaneueltcom-ex.ufo\/glyphs\/J_circumflex.glif":"\/helveticaneueltcom-ex.ufo\/glyphs\/J_circumflex.glif","\/helveticaneueltcom-ex.ufo\/glyphs\/K_.glif":"\/helveticaneueltcom-ex.ufo\/glyphs\/K_.glif","\/helveticaneueltcom-ex.ufo\/glyphs\/K_commaaccent.glif":"\/helveticaneueltcom-ex.ufo\/glyphs\/K_commaaccent.glif","\/helveticaneueltcom-ex.ufo\/glyphs\/L_.glif":"\/helveticaneueltcom-ex.ufo\/glyphs\/L_.glif","\/helveticaneueltcom-ex.ufo\/glyphs\/L_acute.glif":"\/helveticaneueltcom-ex.ufo\/glyphs\/L_acute.glif","\/helveticaneueltcom-ex.ufo\/glyphs\/L_caron.glif":"\/helveticaneueltcom-ex.ufo\/glyphs\/L_caron.glif","\/helveticaneueltcom-ex.ufo\/glyphs\/L_commaaccent.glif":"\/helveticaneueltcom-ex.ufo\/glyphs\/L_commaaccent.glif","\/helveticaneueltcom-ex.ufo\/glyphs\/L_dot.glif":"\/helveticaneueltcom-ex.ufo\/glyphs\/L_dot.glif","\/helveticaneueltcom-ex.ufo\/glyphs\/L_slash.glif":"\/helveticaneueltcom-ex.ufo\/glyphs\/L_slash.glif","\/helveticaneueltcom-ex.ufo\/glyphs\/M_.glif":"\/helveticaneueltcom-ex.ufo\/glyphs\/M_.glif","\/helveticaneueltcom-ex.ufo\/glyphs\/N_.glif":"\/helveticaneueltcom-ex.ufo\/glyphs\/N_.glif","\/helveticaneueltcom-ex.ufo\/glyphs\/N_acute.glif":"\/helveticaneueltcom-ex.ufo\/glyphs\/N_acute.glif","\/helveticaneueltcom-ex.ufo\/glyphs\/N_caron.glif":"\/helveticaneueltcom-ex.ufo\/glyphs\/N_caron.glif","\/helveticaneueltcom-ex.ufo\/glyphs\/N_commaaccent.glif":"\/helveticaneueltcom-ex.ufo\/glyphs\/N_commaaccent.glif","\/helveticaneueltcom-ex.ufo\/glyphs\/N_tilde.glif":"\/helveticaneueltcom-ex.ufo\/glyphs\/N_tilde.glif","\/helveticaneueltcom-ex.ufo\/glyphs\/O_.glif":"\/helveticaneueltcom-ex.ufo\/glyphs\/O_.glif","\/helveticaneueltcom-ex.ufo\/glyphs\/O_E_.glif":"\/helveticaneueltcom-ex.ufo\/glyphs\/O_E_.glif","\/helveticaneueltcom-ex.ufo\/glyphs\/O_acute.glif":"\/helveticaneueltcom-ex.ufo\/glyphs\/O_acute.glif","\/helveticaneueltcom-ex.ufo\/glyphs\/O_breve.glif":"\/helveticaneueltcom-ex.ufo\/glyphs\/O_breve.glif","\/helveticaneueltcom-ex.ufo\/glyphs\/O_circumflex.glif":"\/helveticaneueltcom-ex.ufo\/glyphs\/O_circumflex.glif","\/helveticaneueltcom-ex.ufo\/glyphs\/O_dieresis.glif":"\/helveticaneueltcom-ex.ufo\/glyphs\/O_dieresis.glif","\/helveticaneueltcom-ex.ufo\/glyphs\/O_grave.glif":"\/helveticaneueltcom-ex.ufo\/glyphs\/O_grave.glif","\/helveticaneueltcom-ex.ufo\/glyphs\/O_hungarumlaut.glif":"\/helveticaneueltcom-ex.ufo\/glyphs\/O_hungarumlaut.glif","\/helveticaneueltcom-ex.ufo\/glyphs\/O_macron.glif":"\/helveticaneueltcom-ex.ufo\/glyphs\/O_macron.glif","\/helveticaneueltcom-ex.ufo\/glyphs\/O_mega.glif":"\/helveticaneueltcom-ex.ufo\/glyphs\/O_mega.glif","\/helveticaneueltcom-ex.ufo\/glyphs\/O_slash.glif":"\/helveticaneueltcom-ex.ufo\/glyphs\/O_slash.glif","\/helveticaneueltcom-ex.ufo\/glyphs\/O_tilde.glif":"\/helveticaneueltcom-ex.ufo\/glyphs\/O_tilde.glif","\/helveticaneueltcom-ex.ufo\/glyphs\/P_.glif":"\/helveticaneueltcom-ex.ufo\/glyphs\/P_.glif","\/helveticaneueltcom-ex.ufo\/glyphs\/Q_.glif":"\/helveticaneueltcom-ex.ufo\/glyphs\/Q_.glif","\/helveticaneueltcom-ex.ufo\/glyphs\/R_.glif":"\/helveticaneueltcom-ex.ufo\/glyphs\/R_.glif","\/helveticaneueltcom-ex.ufo\/glyphs\/R_acute.glif":"\/helveticaneueltcom-ex.ufo\/glyphs\/R_acute.glif","\/helveticaneueltcom-ex.ufo\/glyphs\/R_caron.glif":"\/helveticaneueltcom-ex.ufo\/glyphs\/R_caron.glif","\/helveticaneueltcom-ex.ufo\/glyphs\/R_commaaccent.glif":"\/helveticaneueltcom-ex.ufo\/glyphs\/R_commaaccent.glif","\/helveticaneueltcom-ex.ufo\/glyphs\/S_.glif":"\/helveticaneueltcom-ex.ufo\/glyphs\/S_.glif","\/helveticaneueltcom-ex.ufo\/glyphs\/S_acute.glif":"\/helveticaneueltcom-ex.ufo\/glyphs\/S_acute.glif","\/helveticaneueltcom-ex.ufo\/glyphs\/S_caron.glif":"\/helveticaneueltcom-ex.ufo\/glyphs\/S_caron.glif","\/helveticaneueltcom-ex.ufo\/glyphs\/S_cedilla.glif":"\/helveticaneueltcom-ex.ufo\/glyphs\/S_cedilla.glif","\/helveticaneueltcom-ex.ufo\/glyphs\/S_circumflex.glif":"\/helveticaneueltcom-ex.ufo\/glyphs\/S_circumflex.glif","\/helveticaneueltcom-ex.ufo\/glyphs\/S_commaaccent.glif":"\/helveticaneueltcom-ex.ufo\/glyphs\/S_commaaccent.glif","\/helveticaneueltcom-ex.ufo\/glyphs\/T_.glif":"\/helveticaneueltcom-ex.ufo\/glyphs\/T_.glif","\/helveticaneueltcom-ex.ufo\/glyphs\/T_bar.glif":"\/helveticaneueltcom-ex.ufo\/glyphs\/T_bar.glif","\/helveticaneueltcom-ex.ufo\/glyphs\/T_caron.glif":"\/helveticaneueltcom-ex.ufo\/glyphs\/T_caron.glif","\/helveticaneueltcom-ex.ufo\/glyphs\/T_commaaccent.glif":"\/helveticaneueltcom-ex.ufo\/glyphs\/T_commaaccent.glif","\/helveticaneueltcom-ex.ufo\/glyphs\/T_horn.glif":"\/helveticaneueltcom-ex.ufo\/glyphs\/T_horn.glif","\/helveticaneueltcom-ex.ufo\/glyphs\/U_.glif":"\/helveticaneueltcom-ex.ufo\/glyphs\/U_.glif","\/helveticaneueltcom-ex.ufo\/glyphs\/U_acute.glif":"\/helveticaneueltcom-ex.ufo\/glyphs\/U_acute.glif","\/helveticaneueltcom-ex.ufo\/glyphs\/U_breve.glif":"\/helveticaneueltcom-ex.ufo\/glyphs\/U_breve.glif","\/helveticaneueltcom-ex.ufo\/glyphs\/U_circumflex.glif":"\/helveticaneueltcom-ex.ufo\/glyphs\/U_circumflex.glif","\/helveticaneueltcom-ex.ufo\/glyphs\/U_dieresis.glif":"\/helveticaneueltcom-ex.ufo\/glyphs\/U_dieresis.glif","\/helveticaneueltcom-ex.ufo\/glyphs\/U_grave.glif":"\/helveticaneueltcom-ex.ufo\/glyphs\/U_grave.glif","\/helveticaneueltcom-ex.ufo\/glyphs\/U_hungarumlaut.glif":"\/helveticaneueltcom-ex.ufo\/glyphs\/U_hungarumlaut.glif","\/helveticaneueltcom-ex.ufo\/glyphs\/U_macron.glif":"\/helveticaneueltcom-ex.ufo\/glyphs\/U_macron.glif","\/helveticaneueltcom-ex.ufo\/glyphs\/U_ogonek.glif":"\/helveticaneueltcom-ex.ufo\/glyphs\/U_ogonek.glif","\/helveticaneueltcom-ex.ufo\/glyphs\/U_ring.glif":"\/helveticaneueltcom-ex.ufo\/glyphs\/U_ring.glif","\/helveticaneueltcom-ex.ufo\/glyphs\/U_tilde.glif":"\/helveticaneueltcom-ex.ufo\/glyphs\/U_tilde.glif","\/helveticaneueltcom-ex.ufo\/glyphs\/V_.glif":"\/helveticaneueltcom-ex.ufo\/glyphs\/V_.glif","\/helveticaneueltcom-ex.ufo\/glyphs\/W_.glif":"\/helveticaneueltcom-ex.ufo\/glyphs\/W_.glif","\/helveticaneueltcom-ex.ufo\/glyphs\/W_circumflex.glif":"\/helveticaneueltcom-ex.ufo\/glyphs\/W_circumflex.glif","\/helveticaneueltcom-ex.ufo\/glyphs\/X_.glif":"\/helveticaneueltcom-ex.ufo\/glyphs\/X_.glif","\/helveticaneueltcom-ex.ufo\/glyphs\/Y_.glif":"\/helveticaneueltcom-ex.ufo\/glyphs\/Y_.glif","\/helveticaneueltcom-ex.ufo\/glyphs\/Y_acute.glif":"\/helveticaneueltcom-ex.ufo\/glyphs\/Y_acute.glif","\/helveticaneueltcom-ex.ufo\/glyphs\/Y_circumflex.glif":"\/helveticaneueltcom-ex.ufo\/glyphs\/Y_circumflex.glif","\/helveticaneueltcom-ex.ufo\/glyphs\/Y_dieresis.glif":"\/helveticaneueltcom-ex.ufo\/glyphs\/Y_dieresis.glif","\/helveticaneueltcom-ex.ufo\/glyphs\/Z_.glif":"\/helveticaneueltcom-ex.ufo\/glyphs\/Z_.glif","\/helveticaneueltcom-ex.ufo\/glyphs\/Z_acute.glif":"\/helveticaneueltcom-ex.ufo\/glyphs\/Z_acute.glif","\/helveticaneueltcom-ex.ufo\/glyphs\/Z_caron.glif":"\/helveticaneueltcom-ex.ufo\/glyphs\/Z_caron.glif","\/helveticaneueltcom-ex.ufo\/glyphs\/Z_dotaccent.glif":"\/helveticaneueltcom-ex.ufo\/glyphs\/Z_dotaccent.glif","\/helveticaneueltcom-ex.ufo\/glyphs\/_notdef.glif":"\/helveticaneueltcom-ex.ufo\/glyphs\/_notdef.glif","\/helveticaneueltcom-ex.ufo\/glyphs\/_null.glif":"\/helveticaneueltcom-ex.ufo\/glyphs\/_null.glif","\/helveticaneueltcom-ex.ufo\/glyphs\/a.glif":"\/helveticaneueltcom-ex.ufo\/glyphs\/a.glif","\/helveticaneueltcom-ex.ufo\/glyphs\/aacute.glif":"\/helveticaneueltcom-ex.ufo\/glyphs\/aacute.glif","\/helveticaneueltcom-ex.ufo\/glyphs\/abreve.glif":"\/helveticaneueltcom-ex.ufo\/glyphs\/abreve.glif","\/helveticaneueltcom-ex.ufo\/glyphs\/acircumflex.glif":"\/helveticaneueltcom-ex.ufo\/glyphs\/acircumflex.glif","\/helveticaneueltcom-ex.ufo\/glyphs\/acute.cap.glif":"\/helveticaneueltcom-ex.ufo\/glyphs\/acute.cap.glif","\/helveticaneueltcom-ex.ufo\/glyphs\/acute.glif":"\/helveticaneueltcom-ex.ufo\/glyphs\/acute.glif","\/helveticaneueltcom-ex.ufo\/glyphs\/adieresis.glif":"\/helveticaneueltcom-ex.ufo\/glyphs\/adieresis.glif","\/helveticaneueltcom-ex.ufo\/glyphs\/ae.glif":"\/helveticaneueltcom-ex.ufo\/glyphs\/ae.glif","\/helveticaneueltcom-ex.ufo\/glyphs\/afii61289.glif":"\/helveticaneueltcom-ex.ufo\/glyphs\/afii61289.glif","\/helveticaneueltcom-ex.ufo\/glyphs\/agrave.glif":"\/helveticaneueltcom-ex.ufo\/glyphs\/agrave.glif","\/helveticaneueltcom-ex.ufo\/glyphs\/amacron.glif":"\/helveticaneueltcom-ex.ufo\/glyphs\/amacron.glif","\/helveticaneueltcom-ex.ufo\/glyphs\/ampersand.glif":"\/helveticaneueltcom-ex.ufo\/glyphs\/ampersand.glif","\/helveticaneueltcom-ex.ufo\/glyphs\/aogonek.glif":"\/helveticaneueltcom-ex.ufo\/glyphs\/aogonek.glif","\/helveticaneueltcom-ex.ufo\/glyphs\/approxequal.glif":"\/helveticaneueltcom-ex.ufo\/glyphs\/approxequal.glif","\/helveticaneueltcom-ex.ufo\/glyphs\/aring.glif":"\/helveticaneueltcom-ex.ufo\/glyphs\/aring.glif","\/helveticaneueltcom-ex.ufo\/glyphs\/asciicircum.glif":"\/helveticaneueltcom-ex.ufo\/glyphs\/asciicircum.glif","\/helveticaneueltcom-ex.ufo\/glyphs\/asciitilde.glif":"\/helveticaneueltcom-ex.ufo\/glyphs\/asciitilde.glif","\/helveticaneueltcom-ex.ufo\/glyphs\/asterisk.glif":"\/helveticaneueltcom-ex.ufo\/glyphs\/asterisk.glif","\/helveticaneueltcom-ex.ufo\/glyphs\/at.glif":"\/helveticaneueltcom-ex.ufo\/glyphs\/at.glif","\/helveticaneueltcom-ex.ufo\/glyphs\/atilde.glif":"\/helveticaneueltcom-ex.ufo\/glyphs\/atilde.glif","\/helveticaneueltcom-ex.ufo\/glyphs\/b.glif":"\/helveticaneueltcom-ex.ufo\/glyphs\/b.glif","\/helveticaneueltcom-ex.ufo\/glyphs\/backslash.glif":"\/helveticaneueltcom-ex.ufo\/glyphs\/backslash.glif","\/helveticaneueltcom-ex.ufo\/glyphs\/bar.glif":"\/helveticaneueltcom-ex.ufo\/glyphs\/bar.glif","\/helveticaneueltcom-ex.ufo\/glyphs\/braceleft.glif":"\/helveticaneueltcom-ex.ufo\/glyphs\/braceleft.glif","\/helveticaneueltcom-ex.ufo\/glyphs\/braceright.glif":"\/helveticaneueltcom-ex.ufo\/glyphs\/braceright.glif","\/helveticaneueltcom-ex.ufo\/glyphs\/bracketleft.glif":"\/helveticaneueltcom-ex.ufo\/glyphs\/bracketleft.glif","\/helveticaneueltcom-ex.ufo\/glyphs\/bracketright.glif":"\/helveticaneueltcom-ex.ufo\/glyphs\/bracketright.glif","\/helveticaneueltcom-ex.ufo\/glyphs\/breve.cap.glif":"\/helveticaneueltcom-ex.ufo\/glyphs\/breve.cap.glif","\/helveticaneueltcom-ex.ufo\/glyphs\/breve.glif":"\/helveticaneueltcom-ex.ufo\/glyphs\/breve.glif","\/helveticaneueltcom-ex.ufo\/glyphs\/brokenbar.glif":"\/helveticaneueltcom-ex.ufo\/glyphs\/brokenbar.glif","\/helveticaneueltcom-ex.ufo\/glyphs\/bullet.glif":"\/helveticaneueltcom-ex.ufo\/glyphs\/bullet.glif","\/helveticaneueltcom-ex.ufo\/glyphs\/c.glif":"\/helveticaneueltcom-ex.ufo\/glyphs\/c.glif","\/helveticaneueltcom-ex.ufo\/glyphs\/cacute.glif":"\/helveticaneueltcom-ex.ufo\/glyphs\/cacute.glif","\/helveticaneueltcom-ex.ufo\/glyphs\/caron.alt.glif":"\/helveticaneueltcom-ex.ufo\/glyphs\/caron.alt.glif","\/helveticaneueltcom-ex.ufo\/glyphs\/caron.cap.glif":"\/helveticaneueltcom-ex.ufo\/glyphs\/caron.cap.glif","\/helveticaneueltcom-ex.ufo\/glyphs\/caron.glif":"\/helveticaneueltcom-ex.ufo\/glyphs\/caron.glif","\/helveticaneueltcom-ex.ufo\/glyphs\/ccaron.glif":"\/helveticaneueltcom-ex.ufo\/glyphs\/ccaron.glif","\/helveticaneueltcom-ex.ufo\/glyphs\/ccedilla.glif":"\/helveticaneueltcom-ex.ufo\/glyphs\/ccedilla.glif","\/helveticaneueltcom-ex.ufo\/glyphs\/ccircumflex.glif":"\/helveticaneueltcom-ex.ufo\/glyphs\/ccircumflex.glif","\/helveticaneueltcom-ex.ufo\/glyphs\/cdotaccent.glif":"\/helveticaneueltcom-ex.ufo\/glyphs\/cdotaccent.glif","\/helveticaneueltcom-ex.ufo\/glyphs\/cedilla.glif":"\/helveticaneueltcom-ex.ufo\/glyphs\/cedilla.glif","\/helveticaneueltcom-ex.ufo\/glyphs\/cent.glif":"\/helveticaneueltcom-ex.ufo\/glyphs\/cent.glif","\/helveticaneueltcom-ex.ufo\/glyphs\/circumflex.cap.glif":"\/helveticaneueltcom-ex.ufo\/glyphs\/circumflex.cap.glif","\/helveticaneueltcom-ex.ufo\/glyphs\/circumflex.glif":"\/helveticaneueltcom-ex.ufo\/glyphs\/circumflex.glif","\/helveticaneueltcom-ex.ufo\/glyphs\/colon.glif":"\/helveticaneueltcom-ex.ufo\/glyphs\/colon.glif","\/helveticaneueltcom-ex.ufo\/glyphs\/comma.glif":"\/helveticaneueltcom-ex.ufo\/glyphs\/comma.glif","\/helveticaneueltcom-ex.ufo\/glyphs\/commaaccent.alt.glif":"\/helveticaneueltcom-ex.ufo\/glyphs\/commaaccent.alt.glif","\/helveticaneueltcom-ex.ufo\/glyphs\/commaaccent.glif":"\/helveticaneueltcom-ex.ufo\/glyphs\/commaaccent.glif","\/helveticaneueltcom-ex.ufo\/glyphs\/contents.plist":"\/helveticaneueltcom-ex.ufo\/glyphs\/contents.plist","\/helveticaneueltcom-ex.ufo\/glyphs\/copyright.glif":"\/helveticaneueltcom-ex.ufo\/glyphs\/copyright.glif","\/helveticaneueltcom-ex.ufo\/glyphs\/currency.glif":"\/helveticaneueltcom-ex.ufo\/glyphs\/currency.glif","\/helveticaneueltcom-ex.ufo\/glyphs\/d.glif":"\/helveticaneueltcom-ex.ufo\/glyphs\/d.glif","\/helveticaneueltcom-ex.ufo\/glyphs\/dagger.glif":"\/helveticaneueltcom-ex.ufo\/glyphs\/dagger.glif","\/helveticaneueltcom-ex.ufo\/glyphs\/daggerdbl.glif":"\/helveticaneueltcom-ex.ufo\/glyphs\/daggerdbl.glif","\/helveticaneueltcom-ex.ufo\/glyphs\/dcaron.glif":"\/helveticaneueltcom-ex.ufo\/glyphs\/dcaron.glif","\/helveticaneueltcom-ex.ufo\/glyphs\/dcroat.glif":"\/helveticaneueltcom-ex.ufo\/glyphs\/dcroat.glif","\/helveticaneueltcom-ex.ufo\/glyphs\/degree.glif":"\/helveticaneueltcom-ex.ufo\/glyphs\/degree.glif","\/helveticaneueltcom-ex.ufo\/glyphs\/dieresis.cap.glif":"\/helveticaneueltcom-ex.ufo\/glyphs\/dieresis.cap.glif","\/helveticaneueltcom-ex.ufo\/glyphs\/dieresis.glif":"\/helveticaneueltcom-ex.ufo\/glyphs\/dieresis.glif","\/helveticaneueltcom-ex.ufo\/glyphs\/divide.glif":"\/helveticaneueltcom-ex.ufo\/glyphs\/divide.glif","\/helveticaneueltcom-ex.ufo\/glyphs\/dollar.glif":"\/helveticaneueltcom-ex.ufo\/glyphs\/dollar.glif","\/helveticaneueltcom-ex.ufo\/glyphs\/dotaccent.cap.glif":"\/helveticaneueltcom-ex.ufo\/glyphs\/dotaccent.cap.glif","\/helveticaneueltcom-ex.ufo\/glyphs\/dotaccent.glif":"\/helveticaneueltcom-ex.ufo\/glyphs\/dotaccent.glif","\/helveticaneueltcom-ex.ufo\/glyphs\/dotlessi.glif":"\/helveticaneueltcom-ex.ufo\/glyphs\/dotlessi.glif","\/helveticaneueltcom-ex.ufo\/glyphs\/dotlessj.glif":"\/helveticaneueltcom-ex.ufo\/glyphs\/dotlessj.glif","\/helveticaneueltcom-ex.ufo\/glyphs\/e.glif":"\/helveticaneueltcom-ex.ufo\/glyphs\/e.glif","\/helveticaneueltcom-ex.ufo\/glyphs\/eacute.glif":"\/helveticaneueltcom-ex.ufo\/glyphs\/eacute.glif","\/helveticaneueltcom-ex.ufo\/glyphs\/ebreve.glif":"\/helveticaneueltcom-ex.ufo\/glyphs\/ebreve.glif","\/helveticaneueltcom-ex.ufo\/glyphs\/ecaron.glif":"\/helveticaneueltcom-ex.ufo\/glyphs\/ecaron.glif","\/helveticaneueltcom-ex.ufo\/glyphs\/ecircumflex.glif":"\/helveticaneueltcom-ex.ufo\/glyphs\/ecircumflex.glif","\/helveticaneueltcom-ex.ufo\/glyphs\/edieresis.glif":"\/helveticaneueltcom-ex.ufo\/glyphs\/edieresis.glif","\/helveticaneueltcom-ex.ufo\/glyphs\/edotaccent.glif":"\/helveticaneueltcom-ex.ufo\/glyphs\/edotaccent.glif","\/helveticaneueltcom-ex.ufo\/glyphs\/egrave.glif":"\/helveticaneueltcom-ex.ufo\/glyphs\/egrave.glif","\/helveticaneueltcom-ex.ufo\/glyphs\/eight.glif":"\/helveticaneueltcom-ex.ufo\/glyphs\/eight.glif","\/helveticaneueltcom-ex.ufo\/glyphs\/ellipsis.glif":"\/helveticaneueltcom-ex.ufo\/glyphs\/ellipsis.glif","\/helveticaneueltcom-ex.ufo\/glyphs\/emacron.glif":"\/helveticaneueltcom-ex.ufo\/glyphs\/emacron.glif","\/helveticaneueltcom-ex.ufo\/glyphs\/emdash.glif":"\/helveticaneueltcom-ex.ufo\/glyphs\/emdash.glif","\/helveticaneueltcom-ex.ufo\/glyphs\/endash.glif":"\/helveticaneueltcom-ex.ufo\/glyphs\/endash.glif","\/helveticaneueltcom-ex.ufo\/glyphs\/eogonek.glif":"\/helveticaneueltcom-ex.ufo\/glyphs\/eogonek.glif","\/helveticaneueltcom-ex.ufo\/glyphs\/equal.glif":"\/helveticaneueltcom-ex.ufo\/glyphs\/equal.glif","\/helveticaneueltcom-ex.ufo\/glyphs\/estimated.glif":"\/helveticaneueltcom-ex.ufo\/glyphs\/estimated.glif","\/helveticaneueltcom-ex.ufo\/glyphs\/eth.glif":"\/helveticaneueltcom-ex.ufo\/glyphs\/eth.glif","\/helveticaneueltcom-ex.ufo\/glyphs\/exclam.glif":"\/helveticaneueltcom-ex.ufo\/glyphs\/exclam.glif","\/helveticaneueltcom-ex.ufo\/glyphs\/exclamdown.glif":"\/helveticaneueltcom-ex.ufo\/glyphs\/exclamdown.glif","\/helveticaneueltcom-ex.ufo\/glyphs\/f.glif":"\/helveticaneueltcom-ex.ufo\/glyphs\/f.glif","\/helveticaneueltcom-ex.ufo\/glyphs\/fi.glif":"\/helveticaneueltcom-ex.ufo\/glyphs\/fi.glif","\/helveticaneueltcom-ex.ufo\/glyphs\/five.glif":"\/helveticaneueltcom-ex.ufo\/glyphs\/five.glif","\/helveticaneueltcom-ex.ufo\/glyphs\/fl.glif":"\/helveticaneueltcom-ex.ufo\/glyphs\/fl.glif","\/helveticaneueltcom-ex.ufo\/glyphs\/florin.glif":"\/helveticaneueltcom-ex.ufo\/glyphs\/florin.glif","\/helveticaneueltcom-ex.ufo\/glyphs\/four.glif":"\/helveticaneueltcom-ex.ufo\/glyphs\/four.glif","\/helveticaneueltcom-ex.ufo\/glyphs\/fraction.glif":"\/helveticaneueltcom-ex.ufo\/glyphs\/fraction.glif","\/helveticaneueltcom-ex.ufo\/glyphs\/g.glif":"\/helveticaneueltcom-ex.ufo\/glyphs\/g.glif","\/helveticaneueltcom-ex.ufo\/glyphs\/gbreve.glif":"\/helveticaneueltcom-ex.ufo\/glyphs\/gbreve.glif","\/helveticaneueltcom-ex.ufo\/glyphs\/gcircumflex.glif":"\/helveticaneueltcom-ex.ufo\/glyphs\/gcircumflex.glif","\/helveticaneueltcom-ex.ufo\/glyphs\/gcommaaccent.glif":"\/helveticaneueltcom-ex.ufo\/glyphs\/gcommaaccent.glif","\/helveticaneueltcom-ex.ufo\/glyphs\/gdotaccent.glif":"\/helveticaneueltcom-ex.ufo\/glyphs\/gdotaccent.glif","\/helveticaneueltcom-ex.ufo\/glyphs\/germandbls.glif":"\/helveticaneueltcom-ex.ufo\/glyphs\/germandbls.glif","\/helveticaneueltcom-ex.ufo\/glyphs\/grave.cap.glif":"\/helveticaneueltcom-ex.ufo\/glyphs\/grave.cap.glif","\/helveticaneueltcom-ex.ufo\/glyphs\/grave.glif":"\/helveticaneueltcom-ex.ufo\/glyphs\/grave.glif","\/helveticaneueltcom-ex.ufo\/glyphs\/greater.glif":"\/helveticaneueltcom-ex.ufo\/glyphs\/greater.glif","\/helveticaneueltcom-ex.ufo\/glyphs\/greaterequal.glif":"\/helveticaneueltcom-ex.ufo\/glyphs\/greaterequal.glif","\/helveticaneueltcom-ex.ufo\/glyphs\/guillemotleft.glif":"\/helveticaneueltcom-ex.ufo\/glyphs\/guillemotleft.glif","\/helveticaneueltcom-ex.ufo\/glyphs\/guillemotright.glif":"\/helveticaneueltcom-ex.ufo\/glyphs\/guillemotright.glif","\/helveticaneueltcom-ex.ufo\/glyphs\/guilsinglleft.glif":"\/helveticaneueltcom-ex.ufo\/glyphs\/guilsinglleft.glif","\/helveticaneueltcom-ex.ufo\/glyphs\/guilsinglright.glif":"\/helveticaneueltcom-ex.ufo\/glyphs\/guilsinglright.glif","\/helveticaneueltcom-ex.ufo\/glyphs\/h.glif":"\/helveticaneueltcom-ex.ufo\/glyphs\/h.glif","\/helveticaneueltcom-ex.ufo\/glyphs\/hbar.glif":"\/helveticaneueltcom-ex.ufo\/glyphs\/hbar.glif","\/helveticaneueltcom-ex.ufo\/glyphs\/hcircumflex.glif":"\/helveticaneueltcom-ex.ufo\/glyphs\/hcircumflex.glif","\/helveticaneueltcom-ex.ufo\/glyphs\/hungarumlaut.cap.glif":"\/helveticaneueltcom-ex.ufo\/glyphs\/hungarumlaut.cap.glif","\/helveticaneueltcom-ex.ufo\/glyphs\/hungarumlaut.glif":"\/helveticaneueltcom-ex.ufo\/glyphs\/hungarumlaut.glif","\/helveticaneueltcom-ex.ufo\/glyphs\/hyphen.glif":"\/helveticaneueltcom-ex.ufo\/glyphs\/hyphen.glif","\/helveticaneueltcom-ex.ufo\/glyphs\/i.glif":"\/helveticaneueltcom-ex.ufo\/glyphs\/i.glif","\/helveticaneueltcom-ex.ufo\/glyphs\/iacute.glif":"\/helveticaneueltcom-ex.ufo\/glyphs\/iacute.glif","\/helveticaneueltcom-ex.ufo\/glyphs\/icircumflex.glif":"\/helveticaneueltcom-ex.ufo\/glyphs\/icircumflex.glif","\/helveticaneueltcom-ex.ufo\/glyphs\/idieresis.glif":"\/helveticaneueltcom-ex.ufo\/glyphs\/idieresis.glif","\/helveticaneueltcom-ex.ufo\/glyphs\/igrave.glif":"\/helveticaneueltcom-ex.ufo\/glyphs\/igrave.glif","\/helveticaneueltcom-ex.ufo\/glyphs\/ij.glif":"\/helveticaneueltcom-ex.ufo\/glyphs\/ij.glif","\/helveticaneueltcom-ex.ufo\/glyphs\/imacron.glif":"\/helveticaneueltcom-ex.ufo\/glyphs\/imacron.glif","\/helveticaneueltcom-ex.ufo\/glyphs\/infinity.glif":"\/helveticaneueltcom-ex.ufo\/glyphs\/infinity.glif","\/helveticaneueltcom-ex.ufo\/glyphs\/integral.glif":"\/helveticaneueltcom-ex.ufo\/glyphs\/integral.glif","\/helveticaneueltcom-ex.ufo\/glyphs\/iogonek.glif":"\/helveticaneueltcom-ex.ufo\/glyphs\/iogonek.glif","\/helveticaneueltcom-ex.ufo\/glyphs\/itilde.glif":"\/helveticaneueltcom-ex.ufo\/glyphs\/itilde.glif","\/helveticaneueltcom-ex.ufo\/glyphs\/j.glif":"\/helveticaneueltcom-ex.ufo\/glyphs\/j.glif","\/helveticaneueltcom-ex.ufo\/glyphs\/jcircumflex.glif":"\/helveticaneueltcom-ex.ufo\/glyphs\/jcircumflex.glif","\/helveticaneueltcom-ex.ufo\/glyphs\/k.glif":"\/helveticaneueltcom-ex.ufo\/glyphs\/k.glif","\/helveticaneueltcom-ex.ufo\/glyphs\/kcommaaccent.glif":"\/helveticaneueltcom-ex.ufo\/glyphs\/kcommaaccent.glif","\/helveticaneueltcom-ex.ufo\/glyphs\/l.glif":"\/helveticaneueltcom-ex.ufo\/glyphs\/l.glif","\/helveticaneueltcom-ex.ufo\/glyphs\/lacute.glif":"\/helveticaneueltcom-ex.ufo\/glyphs\/lacute.glif","\/helveticaneueltcom-ex.ufo\/glyphs\/lcaron.glif":"\/helveticaneueltcom-ex.ufo\/glyphs\/lcaron.glif","\/helveticaneueltcom-ex.ufo\/glyphs\/lcommaaccent.glif":"\/helveticaneueltcom-ex.ufo\/glyphs\/lcommaaccent.glif","\/helveticaneueltcom-ex.ufo\/glyphs\/ldot.glif":"\/helveticaneueltcom-ex.ufo\/glyphs\/ldot.glif","\/helveticaneueltcom-ex.ufo\/glyphs\/less.glif":"\/helveticaneueltcom-ex.ufo\/glyphs\/less.glif","\/helveticaneueltcom-ex.ufo\/glyphs\/lessequal.glif":"\/helveticaneueltcom-ex.ufo\/glyphs\/lessequal.glif","\/helveticaneueltcom-ex.ufo\/glyphs\/logicalnot.glif":"\/helveticaneueltcom-ex.ufo\/glyphs\/logicalnot.glif","\/helveticaneueltcom-ex.ufo\/glyphs\/lozenge.glif":"\/helveticaneueltcom-ex.ufo\/glyphs\/lozenge.glif","\/helveticaneueltcom-ex.ufo\/glyphs\/lslash.glif":"\/helveticaneueltcom-ex.ufo\/glyphs\/lslash.glif","\/helveticaneueltcom-ex.ufo\/glyphs\/m.glif":"\/helveticaneueltcom-ex.ufo\/glyphs\/m.glif","\/helveticaneueltcom-ex.ufo\/glyphs\/macron.cap.glif":"\/helveticaneueltcom-ex.ufo\/glyphs\/macron.cap.glif","\/helveticaneueltcom-ex.ufo\/glyphs\/macron.glif":"\/helveticaneueltcom-ex.ufo\/glyphs\/macron.glif","\/helveticaneueltcom-ex.ufo\/glyphs\/minus.glif":"\/helveticaneueltcom-ex.ufo\/glyphs\/minus.glif","\/helveticaneueltcom-ex.ufo\/glyphs\/mu.glif":"\/helveticaneueltcom-ex.ufo\/glyphs\/mu.glif","\/helveticaneueltcom-ex.ufo\/glyphs\/multiply.glif":"\/helveticaneueltcom-ex.ufo\/glyphs\/multiply.glif","\/helveticaneueltcom-ex.ufo\/glyphs\/n.glif":"\/helveticaneueltcom-ex.ufo\/glyphs\/n.glif","\/helveticaneueltcom-ex.ufo\/glyphs\/nacute.glif":"\/helveticaneueltcom-ex.ufo\/glyphs\/nacute.glif","\/helveticaneueltcom-ex.ufo\/glyphs\/napostrophe.glif":"\/helveticaneueltcom-ex.ufo\/glyphs\/napostrophe.glif","\/helveticaneueltcom-ex.ufo\/glyphs\/ncaron.glif":"\/helveticaneueltcom-ex.ufo\/glyphs\/ncaron.glif","\/helveticaneueltcom-ex.ufo\/glyphs\/ncommaaccent.glif":"\/helveticaneueltcom-ex.ufo\/glyphs\/ncommaaccent.glif","\/helveticaneueltcom-ex.ufo\/glyphs\/nine.glif":"\/helveticaneueltcom-ex.ufo\/glyphs\/nine.glif","\/helveticaneueltcom-ex.ufo\/glyphs\/nonmarkingreturn.glif":"\/helveticaneueltcom-ex.ufo\/glyphs\/nonmarkingreturn.glif","\/helveticaneueltcom-ex.ufo\/glyphs\/notequal.glif":"\/helveticaneueltcom-ex.ufo\/glyphs\/notequal.glif","\/helveticaneueltcom-ex.ufo\/glyphs\/ntilde.glif":"\/helveticaneueltcom-ex.ufo\/glyphs\/ntilde.glif","\/helveticaneueltcom-ex.ufo\/glyphs\/numbersign.glif":"\/helveticaneueltcom-ex.ufo\/glyphs\/numbersign.glif","\/helveticaneueltcom-ex.ufo\/glyphs\/o.glif":"\/helveticaneueltcom-ex.ufo\/glyphs\/o.glif","\/helveticaneueltcom-ex.ufo\/glyphs\/oacute.glif":"\/helveticaneueltcom-ex.ufo\/glyphs\/oacute.glif","\/helveticaneueltcom-ex.ufo\/glyphs\/obreve.glif":"\/helveticaneueltcom-ex.ufo\/glyphs\/obreve.glif","\/helveticaneueltcom-ex.ufo\/glyphs\/ocircumflex.glif":"\/helveticaneueltcom-ex.ufo\/glyphs\/ocircumflex.glif","\/helveticaneueltcom-ex.ufo\/glyphs\/odieresis.glif":"\/helveticaneueltcom-ex.ufo\/glyphs\/odieresis.glif","\/helveticaneueltcom-ex.ufo\/glyphs\/oe.glif":"\/helveticaneueltcom-ex.ufo\/glyphs\/oe.glif","\/helveticaneueltcom-ex.ufo\/glyphs\/ogonek.glif":"\/helveticaneueltcom-ex.ufo\/glyphs\/ogonek.glif","\/helveticaneueltcom-ex.ufo\/glyphs\/ograve.glif":"\/helveticaneueltcom-ex.ufo\/glyphs\/ograve.glif","\/helveticaneueltcom-ex.ufo\/glyphs\/ohungarumlaut.glif":"\/helveticaneueltcom-ex.ufo\/glyphs\/ohungarumlaut.glif","\/helveticaneueltcom-ex.ufo\/glyphs\/omacron.glif":"\/helveticaneueltcom-ex.ufo\/glyphs\/omacron.glif","\/helveticaneueltcom-ex.ufo\/glyphs\/one.glif":"\/helveticaneueltcom-ex.ufo\/glyphs\/one.glif","\/helveticaneueltcom-ex.ufo\/glyphs\/onehalf.glif":"\/helveticaneueltcom-ex.ufo\/glyphs\/onehalf.glif","\/helveticaneueltcom-ex.ufo\/glyphs\/onequarter.glif":"\/helveticaneueltcom-ex.ufo\/glyphs\/onequarter.glif","\/helveticaneueltcom-ex.ufo\/glyphs\/onesuperior.glif":"\/helveticaneueltcom-ex.ufo\/glyphs\/onesuperior.glif","\/helveticaneueltcom-ex.ufo\/glyphs\/ordfeminine.glif":"\/helveticaneueltcom-ex.ufo\/glyphs\/ordfeminine.glif","\/helveticaneueltcom-ex.ufo\/glyphs\/ordmasculine.glif":"\/helveticaneueltcom-ex.ufo\/glyphs\/ordmasculine.glif","\/helveticaneueltcom-ex.ufo\/glyphs\/oslash.glif":"\/helveticaneueltcom-ex.ufo\/glyphs\/oslash.glif","\/helveticaneueltcom-ex.ufo\/glyphs\/otilde.glif":"\/helveticaneueltcom-ex.ufo\/glyphs\/otilde.glif","\/helveticaneueltcom-ex.ufo\/glyphs\/p.glif":"\/helveticaneueltcom-ex.ufo\/glyphs\/p.glif","\/helveticaneueltcom-ex.ufo\/glyphs\/paragraph.glif":"\/helveticaneueltcom-ex.ufo\/glyphs\/paragraph.glif","\/helveticaneueltcom-ex.ufo\/glyphs\/parenleft.glif":"\/helveticaneueltcom-ex.ufo\/glyphs\/parenleft.glif","\/helveticaneueltcom-ex.ufo\/glyphs\/parenright.glif":"\/helveticaneueltcom-ex.ufo\/glyphs\/parenright.glif","\/helveticaneueltcom-ex.ufo\/glyphs\/partialdiff.glif":"\/helveticaneueltcom-ex.ufo\/glyphs\/partialdiff.glif","\/helveticaneueltcom-ex.ufo\/glyphs\/percent.glif":"\/helveticaneueltcom-ex.ufo\/glyphs\/percent.glif","\/helveticaneueltcom-ex.ufo\/glyphs\/period.glif":"\/helveticaneueltcom-ex.ufo\/glyphs\/period.glif","\/helveticaneueltcom-ex.ufo\/glyphs\/periodcentered.glif":"\/helveticaneueltcom-ex.ufo\/glyphs\/periodcentered.glif","\/helveticaneueltcom-ex.ufo\/glyphs\/perthousand.glif":"\/helveticaneueltcom-ex.ufo\/glyphs\/perthousand.glif","\/helveticaneueltcom-ex.ufo\/glyphs\/pi.glif":"\/helveticaneueltcom-ex.ufo\/glyphs\/pi.glif","\/helveticaneueltcom-ex.ufo\/glyphs\/plus.glif":"\/helveticaneueltcom-ex.ufo\/glyphs\/plus.glif","\/helveticaneueltcom-ex.ufo\/glyphs\/plusminus.glif":"\/helveticaneueltcom-ex.ufo\/glyphs\/plusminus.glif","\/helveticaneueltcom-ex.ufo\/glyphs\/product.glif":"\/helveticaneueltcom-ex.ufo\/glyphs\/product.glif","\/helveticaneueltcom-ex.ufo\/glyphs\/q.glif":"\/helveticaneueltcom-ex.ufo\/glyphs\/q.glif","\/helveticaneueltcom-ex.ufo\/glyphs\/question.glif":"\/helveticaneueltcom-ex.ufo\/glyphs\/question.glif","\/helveticaneueltcom-ex.ufo\/glyphs\/questiondown.glif":"\/helveticaneueltcom-ex.ufo\/glyphs\/questiondown.glif","\/helveticaneueltcom-ex.ufo\/glyphs\/quotedbl.glif":"\/helveticaneueltcom-ex.ufo\/glyphs\/quotedbl.glif","\/helveticaneueltcom-ex.ufo\/glyphs\/quotedblbase.glif":"\/helveticaneueltcom-ex.ufo\/glyphs\/quotedblbase.glif","\/helveticaneueltcom-ex.ufo\/glyphs\/quotedblleft.glif":"\/helveticaneueltcom-ex.ufo\/glyphs\/quotedblleft.glif","\/helveticaneueltcom-ex.ufo\/glyphs\/quotedblright.glif":"\/helveticaneueltcom-ex.ufo\/glyphs\/quotedblright.glif","\/helveticaneueltcom-ex.ufo\/glyphs\/quoteleft.glif":"\/helveticaneueltcom-ex.ufo\/glyphs\/quoteleft.glif","\/helveticaneueltcom-ex.ufo\/glyphs\/quoteright.glif":"\/helveticaneueltcom-ex.ufo\/glyphs\/quoteright.glif","\/helveticaneueltcom-ex.ufo\/glyphs\/quotesinglbase.glif":"\/helveticaneueltcom-ex.ufo\/glyphs\/quotesinglbase.glif","\/helveticaneueltcom-ex.ufo\/glyphs\/quotesingle.glif":"\/helveticaneueltcom-ex.ufo\/glyphs\/quotesingle.glif","\/helveticaneueltcom-ex.ufo\/glyphs\/r.glif":"\/helveticaneueltcom-ex.ufo\/glyphs\/r.glif","\/helveticaneueltcom-ex.ufo\/glyphs\/racute.glif":"\/helveticaneueltcom-ex.ufo\/glyphs\/racute.glif","\/helveticaneueltcom-ex.ufo\/glyphs\/radical.glif":"\/helveticaneueltcom-ex.ufo\/glyphs\/radical.glif","\/helveticaneueltcom-ex.ufo\/glyphs\/rcaron.glif":"\/helveticaneueltcom-ex.ufo\/glyphs\/rcaron.glif","\/helveticaneueltcom-ex.ufo\/glyphs\/rcommaaccent.glif":"\/helveticaneueltcom-ex.ufo\/glyphs\/rcommaaccent.glif","\/helveticaneueltcom-ex.ufo\/glyphs\/registered.glif":"\/helveticaneueltcom-ex.ufo\/glyphs\/registered.glif","\/helveticaneueltcom-ex.ufo\/glyphs\/ring.cap.glif":"\/helveticaneueltcom-ex.ufo\/glyphs\/ring.cap.glif","\/helveticaneueltcom-ex.ufo\/glyphs\/ring.glif":"\/helveticaneueltcom-ex.ufo\/glyphs\/ring.glif","\/helveticaneueltcom-ex.ufo\/glyphs\/s.glif":"\/helveticaneueltcom-ex.ufo\/glyphs\/s.glif","\/helveticaneueltcom-ex.ufo\/glyphs\/sacute.glif":"\/helveticaneueltcom-ex.ufo\/glyphs\/sacute.glif","\/helveticaneueltcom-ex.ufo\/glyphs\/scaron.glif":"\/helveticaneueltcom-ex.ufo\/glyphs\/scaron.glif","\/helveticaneueltcom-ex.ufo\/glyphs\/scedilla.glif":"\/helveticaneueltcom-ex.ufo\/glyphs\/scedilla.glif","\/helveticaneueltcom-ex.ufo\/glyphs\/scircumflex.glif":"\/helveticaneueltcom-ex.ufo\/glyphs\/scircumflex.glif","\/helveticaneueltcom-ex.ufo\/glyphs\/scommaaccent.glif":"\/helveticaneueltcom-ex.ufo\/glyphs\/scommaaccent.glif","\/helveticaneueltcom-ex.ufo\/glyphs\/section.glif":"\/helveticaneueltcom-ex.ufo\/glyphs\/section.glif","\/helveticaneueltcom-ex.ufo\/glyphs\/semicolon.glif":"\/helveticaneueltcom-ex.ufo\/glyphs\/semicolon.glif","\/helveticaneueltcom-ex.ufo\/glyphs\/seven.glif":"\/helveticaneueltcom-ex.ufo\/glyphs\/seven.glif","\/helveticaneueltcom-ex.ufo\/glyphs\/six.glif":"\/helveticaneueltcom-ex.ufo\/glyphs\/six.glif","\/helveticaneueltcom-ex.ufo\/glyphs\/slash.glif":"\/helveticaneueltcom-ex.ufo\/glyphs\/slash.glif","\/helveticaneueltcom-ex.ufo\/glyphs\/space.glif":"\/helveticaneueltcom-ex.ufo\/glyphs\/space.glif","\/helveticaneueltcom-ex.ufo\/glyphs\/sterling.glif":"\/helveticaneueltcom-ex.ufo\/glyphs\/sterling.glif","\/helveticaneueltcom-ex.ufo\/glyphs\/summation.glif":"\/helveticaneueltcom-ex.ufo\/glyphs\/summation.glif","\/helveticaneueltcom-ex.ufo\/glyphs\/t.glif":"\/helveticaneueltcom-ex.ufo\/glyphs\/t.glif","\/helveticaneueltcom-ex.ufo\/glyphs\/tbar.glif":"\/helveticaneueltcom-ex.ufo\/glyphs\/tbar.glif","\/helveticaneueltcom-ex.ufo\/glyphs\/tcaron.glif":"\/helveticaneueltcom-ex.ufo\/glyphs\/tcaron.glif","\/helveticaneueltcom-ex.ufo\/glyphs\/tcommaaccent.glif":"\/helveticaneueltcom-ex.ufo\/glyphs\/tcommaaccent.glif","\/helveticaneueltcom-ex.ufo\/glyphs\/thorn.glif":"\/helveticaneueltcom-ex.ufo\/glyphs\/thorn.glif","\/helveticaneueltcom-ex.ufo\/glyphs\/three.glif":"\/helveticaneueltcom-ex.ufo\/glyphs\/three.glif","\/helveticaneueltcom-ex.ufo\/glyphs\/threequarters.glif":"\/helveticaneueltcom-ex.ufo\/glyphs\/threequarters.glif","\/helveticaneueltcom-ex.ufo\/glyphs\/threesuperior.glif":"\/helveticaneueltcom-ex.ufo\/glyphs\/threesuperior.glif","\/helveticaneueltcom-ex.ufo\/glyphs\/tilde.cap.glif":"\/helveticaneueltcom-ex.ufo\/glyphs\/tilde.cap.glif","\/helveticaneueltcom-ex.ufo\/glyphs\/tilde.glif":"\/helveticaneueltcom-ex.ufo\/glyphs\/tilde.glif","\/helveticaneueltcom-ex.ufo\/glyphs\/trademark.glif":"\/helveticaneueltcom-ex.ufo\/glyphs\/trademark.glif","\/helveticaneueltcom-ex.ufo\/glyphs\/two.glif":"\/helveticaneueltcom-ex.ufo\/glyphs\/two.glif","\/helveticaneueltcom-ex.ufo\/glyphs\/twosuperior.glif":"\/helveticaneueltcom-ex.ufo\/glyphs\/twosuperior.glif","\/helveticaneueltcom-ex.ufo\/glyphs\/u.glif":"\/helveticaneueltcom-ex.ufo\/glyphs\/u.glif","\/helveticaneueltcom-ex.ufo\/glyphs\/uacute.glif":"\/helveticaneueltcom-ex.ufo\/glyphs\/uacute.glif","\/helveticaneueltcom-ex.ufo\/glyphs\/ubreve.glif":"\/helveticaneueltcom-ex.ufo\/glyphs\/ubreve.glif","\/helveticaneueltcom-ex.ufo\/glyphs\/ucircumflex.glif":"\/helveticaneueltcom-ex.ufo\/glyphs\/ucircumflex.glif","\/helveticaneueltcom-ex.ufo\/glyphs\/udieresis.glif":"\/helveticaneueltcom-ex.ufo\/glyphs\/udieresis.glif","\/helveticaneueltcom-ex.ufo\/glyphs\/ugrave.glif":"\/helveticaneueltcom-ex.ufo\/glyphs\/ugrave.glif","\/helveticaneueltcom-ex.ufo\/glyphs\/uhungarumlaut.glif":"\/helveticaneueltcom-ex.ufo\/glyphs\/uhungarumlaut.glif","\/helveticaneueltcom-ex.ufo\/glyphs\/umacron.glif":"\/helveticaneueltcom-ex.ufo\/glyphs\/umacron.glif","\/helveticaneueltcom-ex.ufo\/glyphs\/underscore.glif":"\/helveticaneueltcom-ex.ufo\/glyphs\/underscore.glif","\/helveticaneueltcom-ex.ufo\/glyphs\/uni00A_0.glif":"\/helveticaneueltcom-ex.ufo\/glyphs\/uni00A_0.glif","\/helveticaneueltcom-ex.ufo\/glyphs\/uni00A_D_.glif":"\/helveticaneueltcom-ex.ufo\/glyphs\/uni00A_D_.glif","\/helveticaneueltcom-ex.ufo\/glyphs\/uni021A_.glif":"\/helveticaneueltcom-ex.ufo\/glyphs\/uni021A_.glif","\/helveticaneueltcom-ex.ufo\/glyphs\/uni021B_.glif":"\/helveticaneueltcom-ex.ufo\/glyphs\/uni021B_.glif","\/helveticaneueltcom-ex.ufo\/glyphs\/uni02C_9.glif":"\/helveticaneueltcom-ex.ufo\/glyphs\/uni02C_9.glif","\/helveticaneueltcom-ex.ufo\/glyphs\/uni0394.glif":"\/helveticaneueltcom-ex.ufo\/glyphs\/uni0394.glif","\/helveticaneueltcom-ex.ufo\/glyphs\/uni03A_9.glif":"\/helveticaneueltcom-ex.ufo\/glyphs\/uni03A_9.glif","\/helveticaneueltcom-ex.ufo\/glyphs\/uni03B_C_.glif":"\/helveticaneueltcom-ex.ufo\/glyphs\/uni03B_C_.glif","\/helveticaneueltcom-ex.ufo\/glyphs\/uni2215.glif":"\/helveticaneueltcom-ex.ufo\/glyphs\/uni2215.glif","\/helveticaneueltcom-ex.ufo\/glyphs\/uni2219.glif":"\/helveticaneueltcom-ex.ufo\/glyphs\/uni2219.glif","\/helveticaneueltcom-ex.ufo\/glyphs\/uniF_8F_F_.glif":"\/helveticaneueltcom-ex.ufo\/glyphs\/uniF_8F_F_.glif","\/helveticaneueltcom-ex.ufo\/glyphs\/uogonek.glif":"\/helveticaneueltcom-ex.ufo\/glyphs\/uogonek.glif","\/helveticaneueltcom-ex.ufo\/glyphs\/uring.glif":"\/helveticaneueltcom-ex.ufo\/glyphs\/uring.glif","\/helveticaneueltcom-ex.ufo\/glyphs\/utilde.glif":"\/helveticaneueltcom-ex.ufo\/glyphs\/utilde.glif","\/helveticaneueltcom-ex.ufo\/glyphs\/v.glif":"\/helveticaneueltcom-ex.ufo\/glyphs\/v.glif","\/helveticaneueltcom-ex.ufo\/glyphs\/w.glif":"\/helveticaneueltcom-ex.ufo\/glyphs\/w.glif","\/helveticaneueltcom-ex.ufo\/glyphs\/wcircumflex.glif":"\/helveticaneueltcom-ex.ufo\/glyphs\/wcircumflex.glif","\/helveticaneueltcom-ex.ufo\/glyphs\/x.glif":"\/helveticaneueltcom-ex.ufo\/glyphs\/x.glif","\/helveticaneueltcom-ex.ufo\/glyphs\/y.glif":"\/helveticaneueltcom-ex.ufo\/glyphs\/y.glif","\/helveticaneueltcom-ex.ufo\/glyphs\/yacute.glif":"\/helveticaneueltcom-ex.ufo\/glyphs\/yacute.glif","\/helveticaneueltcom-ex.ufo\/glyphs\/ycircumflex.glif":"\/helveticaneueltcom-ex.ufo\/glyphs\/ycircumflex.glif","\/helveticaneueltcom-ex.ufo\/glyphs\/ydieresis.glif":"\/helveticaneueltcom-ex.ufo\/glyphs\/ydieresis.glif","\/helveticaneueltcom-ex.ufo\/glyphs\/yen.glif":"\/helveticaneueltcom-ex.ufo\/glyphs\/yen.glif","\/helveticaneueltcom-ex.ufo\/glyphs\/z.glif":"\/helveticaneueltcom-ex.ufo\/glyphs\/z.glif","\/helveticaneueltcom-ex.ufo\/glyphs\/zacute.glif":"\/helveticaneueltcom-ex.ufo\/glyphs\/zacute.glif","\/helveticaneueltcom-ex.ufo\/glyphs\/zcaron.glif":"\/helveticaneueltcom-ex.ufo\/glyphs\/zcaron.glif","\/helveticaneueltcom-ex.ufo\/glyphs\/zdotaccent.glif":"\/helveticaneueltcom-ex.ufo\/glyphs\/zdotaccent.glif","\/helveticaneueltcom-ex.ufo\/glyphs\/zero.glif":"\/helveticaneueltcom-ex.ufo\/glyphs\/zero.glif"},"Font":{"uploaded":1489128559.779,"licence":"gpl3","company":"Chronolabs Cooperative","title":"Helvetica Neue LTCom Ex","version":3.002,"date":"Thu Dec 29 10:10:57 2016","creator":"root","type":"1","matrix":"0.001 0 0 0.001 0 0","named":"HelveticaNeueLTCom-Ex","painttype":"0","info":"11 dict dup","name":"Helvetica Neue LT Com 53 Extended","family":"HelveticaNeueLT Com 53 Ex","weight":"Book","fstype":"4","italicangle":"0","underlineposition":"","underlinethickness":""},"Licences":{"":false},"Table":{"FFTM":{"entryLength":16,"tag":"FFTM","checksum":1968279762,"offset":43204,"length":28},"GDEF":{"entryLength":16,"tag":"GDEF","checksum":28377092,"offset":43172,"length":32},"OS\/2":{"entryLength":16,"tag":"OS\/2","checksum":2003454657,"offset":344,"length":86},"cmap":{"entryLength":16,"tag":"cmap","checksum":1649775523,"offset":1984,"length":1294},"gasp":{"entryLength":16,"tag":"gasp","checksum":4294901763,"offset":43164,"length":8},"glyf":{"entryLength":16,"tag":"glyf","checksum":3727725011,"offset":4060,"length":34324},"head":{"entryLength":16,"tag":"head","checksum":208111586,"offset":220,"length":54},"hhea":{"entryLength":16,"tag":"hhea","checksum":136512663,"offset":276,"length":36},"hmtx":{"entryLength":16,"tag":"hmtx","checksum":2234791036,"offset":432,"length":1550},"loca":{"entryLength":16,"tag":"loca","checksum":2816313542,"offset":3280,"length":778},"maxp":{"entryLength":16,"tag":"maxp","checksum":30605583,"offset":312,"length":32},"name":{"entryLength":16,"tag":"name","checksum":1663422615,"offset":38384,"length":2736},"post":{"entryLength":16,"tag":"post","checksum":2106014262,"offset":41120,"length":2042}},"UnicodeCharMap":{"0":1,"13":2,"32":3,"33":4,"34":5,"35":6,"36":7,"37":8,"38":9,"39":10,"40":11,"41":12,"42":13,"43":14,"44":15,"45":16,"46":17,"47":18,"48":19,"49":20,"50":21,"51":22,"52":23,"53":24,"54":25,"55":26,"56":27,"57":28,"58":29,"59":30,"60":31,"61":32,"62":33,"63":34,"64":35,"65":36,"66":37,"67":38,"68":39,"69":40,"70":41,"71":42,"72":43,"73":44,"74":45,"75":46,"76":47,"77":48,"78":49,"79":50,"80":51,"81":52,"82":53,"83":54,"84":55,"85":56,"86":57,"87":58,"88":59,"89":60,"90":61,"91":62,"92":63,"93":64,"94":65,"95":66,"96":67,"97":68,"98":69,"99":70,"100":71,"101":72,"102":73,"103":74,"104":75,"105":76,"106":77,"107":78,"108":79,"109":80,"110":81,"111":82,"112":83,"113":84,"114":85,"115":86,"116":87,"117":88,"118":89,"119":90,"120":91,"121":92,"122":93,"123":94,"124":95,"125":96,"126":97,"160":98,"161":99,"162":100,"163":101,"164":102,"165":103,"166":104,"167":105,"168":106,"169":107,"170":108,"171":109,"172":110,"173":111,"174":112,"175":113,"176":114,"177":115,"178":116,"179":117,"180":118,"182":120,"183":121,"184":122,"185":123,"186":124,"187":125,"188":126,"189":127,"190":128,"191":129,"192":130,"193":131,"194":132,"195":133,"196":134,"197":135,"198":136,"199":137,"200":138,"201":139,"202":140,"203":141,"204":142,"205":143,"206":144,"207":145,"208":146,"209":147,"210":148,"211":149,"212":150,"213":151,"214":152,"215":153,"216":154,"217":155,"218":156,"219":157,"220":158,"221":159,"222":160,"223":161,"224":162,"225":163,"226":164,"227":165,"228":166,"229":167,"230":168,"231":169,"232":170,"233":171,"234":172,"235":173,"236":174,"237":175,"238":176,"239":177,"240":178,"241":179,"242":180,"243":181,"244":182,"245":183,"246":184,"247":185,"248":186,"249":187,"250":188,"251":189,"252":190,"253":191,"254":192,"255":193,"256":221,"257":222,"258":223,"259":224,"260":225,"261":226,"262":227,"263":228,"264":229,"265":230,"266":231,"267":232,"268":233,"269":234,"270":235,"271":236,"272":237,"273":238,"274":239,"275":240,"276":241,"277":242,"278":243,"279":244,"280":245,"281":246,"282":247,"283":248,"284":249,"285":250,"286":251,"287":252,"288":253,"289":254,"290":255,"291":256,"292":257,"293":258,"294":259,"295":260,"296":261,"297":262,"298":263,"299":264,"302":265,"303":266,"304":267,"305":268,"306":269,"307":270,"308":271,"309":272,"310":273,"311":274,"313":275,"314":276,"315":277,"316":278,"317":279,"318":280,"319":281,"320":282,"321":283,"322":284,"323":285,"324":286,"325":287,"326":288,"327":289,"328":290,"329":291,"332":292,"333":293,"334":294,"335":295,"336":296,"337":297,"338":205,"339":218,"340":298,"341":299,"342":300,"343":301,"344":302,"345":303,"346":304,"347":305,"348":306,"349":307,"350":308,"351":309,"352":203,"353":216,"354":310,"355":311,"356":312,"357":313,"358":314,"359":315,"360":316,"361":317,"362":318,"363":319,"364":320,"365":321,"366":322,"367":323,"368":324,"369":325,"370":326,"371":327,"372":328,"373":329,"374":330,"375":331,"376":220,"377":332,"378":333,"379":334,"380":335,"381":206,"382":219,"402":196,"536":336,"537":337,"538":338,"539":339,"567":370,"710":201,"711":340,"713":341,"728":342,"729":343,"730":344,"731":345,"732":214,"733":346,"916":356,"937":353,"956":349,"960":350,"8211":212,"8212":213,"8216":207,"8217":208,"8218":195,"8220":209,"8221":210,"8222":197,"8224":199,"8225":200,"8226":211,"8230":198,"8240":202,"8249":204,"8250":217,"8260":351,"8364":194,"8467":352,"8482":215,"8494":354,"8706":355,"8719":357,"8721":358,"8722":359,"8725":360,"8729":361,"8730":362,"8734":363,"8747":364,"8776":365,"8800":366,"8804":367,"8805":368,"9674":369,"63743":385,"64257":386,"64258":387},"Reserves":{"fontname":"Helvetica Neue LT Com 5 3 Extended"},"Names":{"Helvetica Neue LT Com 5 3 Extended":{"name":"Helvetica Neue LT Com 5 3 Extended","longitude":"0.00000001","latitude":"0.00000001","country":"","region":"","city":""}},"Nodes":{"he":{"type":"typal","node":"he","usage":1,"weight":1},"ca":{"type":"typal","node":"ca","usage":1,"weight":1},"ne":{"type":"typal","node":"ne","usage":1,"weight":1},"ue":{"type":"typal","node":"ue","usage":1,"weight":1},"co":{"type":"typal","node":"co","usage":1,"weight":1},"om":{"type":"typal","node":"om","usage":1,"weight":1},"ex":{"type":"typal","node":"ex","usage":1,"weight":1},"ed":{"type":"typal","node":"ed","usage":1,"weight":1},"hel":{"type":"typal","node":"hel","usage":1,"weight":1},"ica":{"type":"typal","node":"ica","usage":1,"weight":1},"neu":{"type":"typal","node":"neu","usage":1,"weight":1},"eue":{"type":"typal","node":"eue","usage":1,"weight":1},"ext":{"type":"typal","node":"ext","usage":1,"weight":1},"ded":{"type":"typal","node":"ded","usage":1,"weight":1},"helv":{"type":"keys","node":"helv","usage":1,"weight":1},"tica":{"type":"keys","node":"tica","usage":1,"weight":1},"exte":{"type":"keys","node":"exte","usage":1,"weight":1},"nded":{"type":"keys","node":"nded","usage":1,"weight":1},"helve":{"type":"keys","node":"helve","usage":1,"weight":1},"etica":{"type":"keys","node":"etica","usage":1,"weight":1},"exten":{"type":"keys","node":"exten","usage":1,"weight":1},"ended":{"type":"keys","node":"ended","usage":1,"weight":1},"helvetica":{"type":"fixes","node":"helvetica","usage":1,"weight":1},"neue":{"type":"fixes","node":"neue","usage":1,"weight":1},"lt":{"type":"fixes","node":"lt","usage":1,"weight":1},"com":{"type":"fixes","node":"com","usage":1,"weight":1},"5":{"type":"fixes","node":5,"usage":1,"weight":1},"3":{"type":"fixes","node":3,"usage":1,"weight":1},"extended":{"type":"fixes","node":"extended","usage":1,"weight":1}},"Contributors":[],"FontIdentity":"hotshot1:936597bbe9ea4868422ec23","Bytes":null,"Networking":[],"barcode":"12wsc798ioy4ci","referee":"5gycka"}