{"CSS":{"Blackoninaut Redux BRK":"Blackoninaut Redux BRK.css"},"FontType":"TrueType","FontCopyright":"\u00c6NIGMA FONTS   [e-mail]  kentpw@norwich.net","FontName":"Blackoninaut Redux BRK","FontSubfamily":"Normal","FontSubfamilyID":"FONTLAB30:TTEXPORT","FontFullName":"Blackoninaut Redux BRK","FontVersion":"Version 2.00","FontWeight":null,"FontPostscriptName":"BlackoninautReduxBRK","Files":{"5cac048a2bfce0269b6f4b22c5950f29.afm":"5cac048a2bfce0269b6f4b22c5950f29.afm","5cac048a2bfce0269b6f4b22c5950f29.bin":"5cac048a2bfce0269b6f4b22c5950f29.bin","5cac048a2bfce0269b6f4b22c5950f29.cef":"5cac048a2bfce0269b6f4b22c5950f29.cef","5cac048a2bfce0269b6f4b22c5950f29.cff":"5cac048a2bfce0269b6f4b22c5950f29.cff","5cac048a2bfce0269b6f4b22c5950f29.dfont":"5cac048a2bfce0269b6f4b22c5950f29.dfont","5cac048a2bfce0269b6f4b22c5950f29.eot":"5cac048a2bfce0269b6f4b22c5950f29.eot","5cac048a2bfce0269b6f4b22c5950f29.fon":"5cac048a2bfce0269b6f4b22c5950f29.fon","5cac048a2bfce0269b6f4b22c5950f29.gai":"5cac048a2bfce0269b6f4b22c5950f29.gai","5cac048a2bfce0269b6f4b22c5950f29.gsf":"5cac048a2bfce0269b6f4b22c5950f29.gsf","5cac048a2bfce0269b6f4b22c5950f29.hqx":"5cac048a2bfce0269b6f4b22c5950f29.hqx","5cac048a2bfce0269b6f4b22c5950f29.ik":"5cac048a2bfce0269b6f4b22c5950f29.ik","5cac048a2bfce0269b6f4b22c5950f29.mf":"5cac048a2bfce0269b6f4b22c5950f29.mf","5cac048a2bfce0269b6f4b22c5950f29.otf":"5cac048a2bfce0269b6f4b22c5950f29.otf","5cac048a2bfce0269b6f4b22c5950f29.pcf":"5cac048a2bfce0269b6f4b22c5950f29.pcf","5cac048a2bfce0269b6f4b22c5950f29.pf3":"5cac048a2bfce0269b6f4b22c5950f29.pf3","5cac048a2bfce0269b6f4b22c5950f29.pfa":"5cac048a2bfce0269b6f4b22c5950f29.pfa","5cac048a2bfce0269b6f4b22c5950f29.pfb":"5cac048a2bfce0269b6f4b22c5950f29.pfb","5cac048a2bfce0269b6f4b22c5950f29.pmf":"5cac048a2bfce0269b6f4b22c5950f29.pmf","5cac048a2bfce0269b6f4b22c5950f29.pt3":"5cac048a2bfce0269b6f4b22c5950f29.pt3","5cac048a2bfce0269b6f4b22c5950f29.sfd":"5cac048a2bfce0269b6f4b22c5950f29.sfd","5cac048a2bfce0269b6f4b22c5950f29.svg":"5cac048a2bfce0269b6f4b22c5950f29.svg","5cac048a2bfce0269b6f4b22c5950f29.t42":"5cac048a2bfce0269b6f4b22c5950f29.t42","5cac048a2bfce0269b6f4b22c5950f29.ttf":"5cac048a2bfce0269b6f4b22c5950f29.ttf","5cac048a2bfce0269b6f4b22c5950f29.woff":"5cac048a2bfce0269b6f4b22c5950f29.woff","HollowGothic Caps Medium.css":"HollowGothic Caps Medium.css","font-resource.json":"font-resource.json","\/fonts\/Converting\/simon@staff.labs.coop\/5cac048a2bfce0269b6f4b22c5950f29":{"5cac048a2bfce0269b6f4b22c5950f29.afm":"5cac048a2bfce0269b6f4b22c5950f29.afm","5cac048a2bfce0269b6f4b22c5950f29.bin":"5cac048a2bfce0269b6f4b22c5950f29.bin","5cac048a2bfce0269b6f4b22c5950f29.cef":"5cac048a2bfce0269b6f4b22c5950f29.cef","5cac048a2bfce0269b6f4b22c5950f29.cff":"5cac048a2bfce0269b6f4b22c5950f29.cff","5cac048a2bfce0269b6f4b22c5950f29.dfont":"5cac048a2bfce0269b6f4b22c5950f29.dfont","5cac048a2bfce0269b6f4b22c5950f29.eot":"5cac048a2bfce0269b6f4b22c5950f29.eot","5cac048a2bfce0269b6f4b22c5950f29.fon":"5cac048a2bfce0269b6f4b22c5950f29.fon","5cac048a2bfce0269b6f4b22c5950f29.gai":"5cac048a2bfce0269b6f4b22c5950f29.gai","5cac048a2bfce0269b6f4b22c5950f29.gsf":"5cac048a2bfce0269b6f4b22c5950f29.gsf","5cac048a2bfce0269b6f4b22c5950f29.hqx":"5cac048a2bfce0269b6f4b22c5950f29.hqx","5cac048a2bfce0269b6f4b22c5950f29.ik":"5cac048a2bfce0269b6f4b22c5950f29.ik","5cac048a2bfce0269b6f4b22c5950f29.mf":"5cac048a2bfce0269b6f4b22c5950f29.mf","5cac048a2bfce0269b6f4b22c5950f29.otf":"5cac048a2bfce0269b6f4b22c5950f29.otf","5cac048a2bfce0269b6f4b22c5950f29.pcf":"5cac048a2bfce0269b6f4b22c5950f29.pcf","5cac048a2bfce0269b6f4b22c5950f29.pf3":"5cac048a2bfce0269b6f4b22c5950f29.pf3","5cac048a2bfce0269b6f4b22c5950f29.pfa":"5cac048a2bfce0269b6f4b22c5950f29.pfa","5cac048a2bfce0269b6f4b22c5950f29.pfb":"5cac048a2bfce0269b6f4b22c5950f29.pfb","5cac048a2bfce0269b6f4b22c5950f29.pmf":"5cac048a2bfce0269b6f4b22c5950f29.pmf","5cac048a2bfce0269b6f4b22c5950f29.pt3":"5cac048a2bfce0269b6f4b22c5950f29.pt3","5cac048a2bfce0269b6f4b22c5950f29.sfd":"5cac048a2bfce0269b6f4b22c5950f29.sfd","5cac048a2bfce0269b6f4b22c5950f29.svg":"5cac048a2bfce0269b6f4b22c5950f29.svg","5cac048a2bfce0269b6f4b22c5950f29.t42":"5cac048a2bfce0269b6f4b22c5950f29.t42","5cac048a2bfce0269b6f4b22c5950f29.ttf":"5cac048a2bfce0269b6f4b22c5950f29.ttf","5cac048a2bfce0269b6f4b22c5950f29.woff":"5cac048a2bfce0269b6f4b22c5950f29.woff","HollowGothic Caps Medium.css":"HollowGothic Caps Medium.css","font-resource.json":"font-resource.json"},"5cac048a2bfce0269b6f4b22c5950f29.ufo":{"feature.fea":"feature.fea","fontinfo.plist":"fontinfo.plist","groups.plist":"groups.plist","kerning.plist":"kerning.plist","metainfo.plist":"metainfo.plist"},"5cac048a2bfce0269b6f4b22c5950f29.ufo\/glyphs":{"A_.glif":"A_.glif","B_.glif":"B_.glif","C_.glif":"C_.glif","D_.glif":"D_.glif","E_.glif":"E_.glif","F_.glif":"F_.glif","G_.glif":"G_.glif","H_.glif":"H_.glif","I_.glif":"I_.glif","J_.glif":"J_.glif","K_.glif":"K_.glif","L_.glif":"L_.glif","M_.glif":"M_.glif","N_.glif":"N_.glif","O_.glif":"O_.glif","P_.glif":"P_.glif","Q_.glif":"Q_.glif","R_.glif":"R_.glif","S_.glif":"S_.glif","T_.glif":"T_.glif","U_.glif":"U_.glif","V_.glif":"V_.glif","W_.glif":"W_.glif","X_.glif":"X_.glif","Y_.glif":"Y_.glif","Z_.glif":"Z_.glif","_notdef.glif":"_notdef.glif","_null.glif":"_null.glif","a.glif":"a.glif","ampersand.glif":"ampersand.glif","asciicircum.glif":"asciicircum.glif","asciitilde.glif":"asciitilde.glif","at.glif":"at.glif","b.glif":"b.glif","backslash.glif":"backslash.glif","bar.glif":"bar.glif","bracketleft.glif":"bracketleft.glif","bracketright.glif":"bracketright.glif","c.glif":"c.glif","caron.glif":"caron.glif","colon.glif":"colon.glif","comma.glif":"comma.glif","contents.plist":"contents.plist","d.glif":"d.glif","dollar.glif":"dollar.glif","e.glif":"e.glif","eight.glif":"eight.glif","equal.glif":"equal.glif","exclam.glif":"exclam.glif","f.glif":"f.glif","five.glif":"five.glif","four.glif":"four.glif","g.glif":"g.glif","grave.glif":"grave.glif","greater.glif":"greater.glif","h.glif":"h.glif","hyphen.glif":"hyphen.glif","i.glif":"i.glif","j.glif":"j.glif","k.glif":"k.glif","l.glif":"l.glif","less.glif":"less.glif","m.glif":"m.glif","n.glif":"n.glif","nine.glif":"nine.glif","nonbreakingspace.glif":"nonbreakingspace.glif","nonmarkingreturn.glif":"nonmarkingreturn.glif","numbersign.glif":"numbersign.glif","o.glif":"o.glif","one.glif":"one.glif","p.glif":"p.glif","parenleft.glif":"parenleft.glif","parenright.glif":"parenright.glif","percent.glif":"percent.glif","period.glif":"period.glif","plus.glif":"plus.glif","q.glif":"q.glif","question.glif":"question.glif","quotedbl.glif":"quotedbl.glif","quotesingle.glif":"quotesingle.glif","r.glif":"r.glif","s.glif":"s.glif","semicolon.glif":"semicolon.glif","seven.glif":"seven.glif","six.glif":"six.glif","slash.glif":"slash.glif","space.glif":"space.glif","t.glif":"t.glif","three.glif":"three.glif","two.glif":"two.glif","u.glif":"u.glif","underscore.glif":"underscore.glif","v.glif":"v.glif","w.glif":"w.glif","x.glif":"x.glif","y.glif":"y.glif","z.glif":"z.glif","zero.glif":"zero.glif"}},"Table":{"FFTM":{"entryLength":16,"tag":"FFTM","checksum":3447402493,"offset":71232,"length":28},"GDEF":{"entryLength":16,"tag":"GDEF","checksum":15007748,"offset":39436,"length":32},"GPOS":{"entryLength":16,"tag":"GPOS","checksum":1709033554,"offset":39516,"length":31716},"GSUB":{"entryLength":16,"tag":"GSUB","checksum":3103766782,"offset":39468,"length":48},"OS\/2":{"entryLength":16,"tag":"OS\/2","checksum":1691758733,"offset":376,"length":96},"cmap":{"entryLength":16,"tag":"cmap","checksum":1237515374,"offset":1208,"length":400},"gasp":{"entryLength":16,"tag":"gasp","checksum":1507337,"offset":39420,"length":16},"glyf":{"entryLength":16,"tag":"glyf","checksum":2980545268,"offset":1980,"length":36412},"head":{"entryLength":16,"tag":"head","checksum":135722521,"offset":252,"length":54},"hhea":{"entryLength":16,"tag":"hhea","checksum":115409828,"offset":308,"length":36},"hmtx":{"entryLength":16,"tag":"hmtx","checksum":4019979703,"offset":472,"length":736},"loca":{"entryLength":16,"tag":"loca","checksum":211151326,"offset":1608,"length":370},"maxp":{"entryLength":16,"tag":"maxp","checksum":12517507,"offset":344,"length":32},"name":{"entryLength":16,"tag":"name","checksum":4255199388,"offset":38392,"length":624},"post":{"entryLength":16,"tag":"post","checksum":608773695,"offset":39016,"length":402}},"UnicodeCharMap":{"32":3,"33":4,"34":5,"35":6,"36":7,"37":8,"38":9,"39":10,"40":11,"41":12,"42":13,"43":14,"44":15,"45":16,"46":17,"47":18,"48":19,"49":20,"50":21,"51":22,"52":23,"53":24,"54":25,"55":26,"56":27,"57":28,"58":29,"59":30,"60":31,"61":32,"62":33,"63":34,"64":35,"65":36,"66":37,"67":38,"68":39,"69":40,"70":41,"71":42,"72":43,"73":44,"74":45,"75":46,"76":47,"77":48,"78":49,"79":50,"80":51,"81":52,"82":53,"83":54,"84":55,"85":56,"86":57,"87":58,"88":59,"89":60,"90":61,"91":62,"92":63,"93":64,"94":65,"95":66,"96":67,"97":68,"98":69,"99":70,"100":71,"101":72,"102":73,"103":74,"104":75,"105":76,"106":77,"107":78,"108":79,"109":80,"110":81,"111":82,"112":83,"113":84,"114":85,"115":86,"116":87,"117":88,"118":89,"119":90,"120":91,"121":92,"122":93,"123":94,"124":95,"125":96,"126":97,"176":98,"177":99,"178":100,"179":101,"180":102,"181":103,"182":104,"183":105,"184":106,"185":107,"186":108,"187":109,"188":110,"189":111,"190":112,"191":113,"192":114,"193":115,"194":116,"195":117,"196":118,"197":119,"198":120,"199":121,"200":122,"201":123,"202":124,"203":125,"204":126,"205":127,"206":128,"207":129,"208":130,"209":131,"210":132,"211":133,"212":134,"213":135,"214":136,"216":137,"217":138,"218":139,"219":140,"220":141,"221":142,"222":143,"223":144,"224":145,"225":146,"226":147,"227":148,"228":149,"229":150,"230":151,"231":152,"232":153,"233":154,"234":155,"235":156,"236":157,"237":158,"238":159,"239":160,"240":161,"241":162,"242":163,"243":164,"244":165,"245":166,"246":167,"248":168,"249":169,"250":170,"251":171,"252":172,"253":173,"254":174,"255":175,"338":176,"339":177,"352":178,"353":179,"376":180,"8216":181,"8217":182,"8729":105,"57344":183,"57345":2,"57346":1},"Reserves":{"fontname":"Blackoninaut Redux BRK"},"Names":{"Blackoninaut Redux BRK":{"name":"Blackoninaut Redux BRK","longitude":null,"latitude":null,"country":"","region":"","city":""}},"Nodes":{"bl":{"type":"typal","node":"bl","usage":1,"weight":1},"ut":{"type":"typal","node":"ut","usage":1,"weight":1},"re":{"type":"typal","node":"re","usage":1,"weight":1},"ux":{"type":"typal","node":"ux","usage":1,"weight":1},"br":{"type":"typal","node":"br","usage":1,"weight":1},"rk":{"type":"typal","node":"rk","usage":1,"weight":1},"bla":{"type":"typal","node":"bla","usage":1,"weight":1},"aut":{"type":"typal","node":"aut","usage":1,"weight":1},"red":{"type":"typal","node":"red","usage":1,"weight":1},"dux":{"type":"typal","node":"dux","usage":1,"weight":1},"blac":{"type":"keys","node":"blac","usage":1,"weight":1},"naut":{"type":"keys","node":"naut","usage":1,"weight":1},"redu":{"type":"keys","node":"redu","usage":1,"weight":1},"edux":{"type":"keys","node":"edux","usage":1,"weight":1},"black":{"type":"keys","node":"black","usage":1,"weight":1},"inaut":{"type":"keys","node":"inaut","usage":1,"weight":1},"blackoninaut":{"type":"fixes","node":"blackoninaut","usage":1,"weight":1},"redux":{"type":"fixes","node":"redux","usage":1,"weight":1},"brk":{"type":"fixes","node":"brk","usage":1,"weight":1}},"Contributors":[],"FontIdentity":"30c9e001054bd95ff902c4ecbe8b3a73","Bytes":null,"Networking":[]}