{"CSS":{"Zeeland":"d2abafcfce09477cfb11e9a6677e565d.css"},"FontType":"TrueType","FontCopyright":"(c)1995, FontBank Inc.","FontName":"Zeeland","FontSubfamily":"Book","FontSubfamilyID":"FontForge 2.0 : Zeeland : 26-5-2016","FontFullName":"Zeeland","FontVersion":"Version Altsys Fontographer  ","FontWeight":null,"FontPostscriptName":"Zeeland","Files":null,"Table":{"FFTM":{"entryLength":16,"tag":"FFTM","checksum":1930884178,"offset":42408,"length":28},"GDEF":{"entryLength":16,"tag":"GDEF","checksum":17170436,"offset":42376,"length":32},"OS\/2":{"entryLength":16,"tag":"OS\/2","checksum":1461846207,"offset":344,"length":86},"cmap":{"entryLength":16,"tag":"cmap","checksum":230063227,"offset":1300,"length":620},"gasp":{"entryLength":16,"tag":"gasp","checksum":4294901763,"offset":42368,"length":8},"glyf":{"entryLength":16,"tag":"glyf","checksum":825082707,"offset":2356,"length":39016},"head":{"entryLength":16,"tag":"head","checksum":167227078,"offset":220,"length":54},"hhea":{"entryLength":16,"tag":"hhea","checksum":131859277,"offset":276,"length":36},"hmtx":{"entryLength":16,"tag":"hmtx","checksum":2302355296,"offset":432,"length":868},"loca":{"entryLength":16,"tag":"loca","checksum":4269286558,"offset":1920,"length":436},"maxp":{"entryLength":16,"tag":"maxp","checksum":18940100,"offset":312,"length":32},"name":{"entryLength":16,"tag":"name","checksum":1089302753,"offset":41372,"length":528},"post":{"entryLength":16,"tag":"post","checksum":825176163,"offset":41900,"length":468}},"UnicodeCharMap":{"0":1,"13":2,"32":3,"33":4,"34":5,"35":6,"36":7,"37":8,"38":9,"39":10,"40":11,"41":12,"42":13,"43":14,"44":15,"45":16,"46":17,"47":18,"48":19,"49":20,"50":21,"51":22,"52":23,"53":24,"54":25,"55":26,"56":27,"57":28,"58":29,"59":30,"60":31,"61":32,"62":33,"63":34,"64":35,"65":36,"66":37,"67":38,"68":39,"69":40,"70":41,"71":42,"72":43,"73":44,"74":45,"75":46,"76":47,"77":48,"78":49,"79":50,"80":51,"81":52,"82":53,"83":54,"84":55,"85":56,"86":57,"87":58,"88":59,"89":60,"90":61,"91":62,"92":63,"93":64,"94":65,"95":66,"96":67,"97":68,"98":69,"99":70,"100":71,"101":72,"102":73,"103":74,"104":75,"105":76,"106":77,"107":78,"108":79,"109":80,"110":81,"111":82,"112":83,"113":84,"114":85,"115":86,"116":87,"117":88,"118":89,"119":90,"120":91,"121":92,"122":93,"123":94,"124":95,"125":96,"126":97,"160":98,"161":99,"162":100,"163":101,"165":102,"167":103,"168":104,"169":105,"171":106,"172":107,"174":108,"175":109,"180":110,"182":112,"183":113,"184":114,"187":115,"191":116,"192":117,"193":118,"194":119,"195":120,"196":121,"197":122,"198":123,"199":124,"200":125,"201":126,"202":127,"203":128,"204":129,"205":130,"206":131,"207":132,"208":133,"209":134,"210":135,"211":136,"212":137,"213":138,"214":139,"216":140,"217":141,"218":142,"219":143,"220":144,"221":145,"222":146,"223":147,"224":148,"225":149,"226":150,"227":151,"228":152,"229":153,"230":154,"231":155,"232":156,"233":157,"234":158,"235":159,"236":160,"237":161,"238":162,"239":163,"240":164,"241":165,"242":166,"243":167,"244":168,"245":169,"246":170,"248":171,"249":172,"250":173,"251":174,"252":175,"253":176,"254":177,"255":178,"305":210,"321":202,"322":203,"338":183,"339":184,"352":200,"353":201,"376":191,"381":204,"382":205,"710":198,"711":216,"728":211,"729":212,"730":213,"731":215,"732":199,"733":214,"956":111,"8211":185,"8212":186,"8216":189,"8217":190,"8218":195,"8220":187,"8221":188,"8222":196,"8224":179,"8225":194,"8226":180,"8230":182,"8240":197,"8249":192,"8250":193,"8260":208,"8482":181,"8730":207,"8734":206},"Reserves":{"fontname":"Zeeland"},"Names":{"Zeeland":{"name":"Zeeland","longitude":"0.00000001","latitude":"0.00000001","country":"","region":"","city":""}},"Nodes":{"ze":{"type":"typal","node":"ze","usage":1,"weight":1},"nd":{"type":"typal","node":"nd","usage":1,"weight":1},"zee":{"type":"typal","node":"zee","usage":1,"weight":1},"and":{"type":"typal","node":"and","usage":1,"weight":1},"zeel":{"type":"keys","node":"zeel","usage":1,"weight":1},"land":{"type":"keys","node":"land","usage":1,"weight":1},"zeela":{"type":"keys","node":"zeela","usage":1,"weight":1},"eland":{"type":"keys","node":"eland","usage":1,"weight":1},"zeeland":{"type":"fixes","node":"zeeland","usage":1,"weight":1}},"Contributors":[],"FontIdentity":"d2abafcfce09477cfb11e9a6677e565d","Bytes":null,"Networking":[]}