{"CSS":{"Osiris  R":"Osiris++R.css","Osiris R":"wagovau:ea50a5dca993e6a7d3f490dc.css"},"FontType":"TrueType","FontCopyright":"(c) COPYRIGHT H. BERTHOLD AG 1992 Alle Rechte vorbehalten.","FontName":"Osiris BQ","FontSubfamily":"Medium","FontSubfamilyID":"FontForge 2.0 : Osiris  R : 12-8-2016","FontFullName":"Osiris R","FontVersion":"Version 001.000 ","FontWeight":null,"FontPostscriptName":"OsirisBQ-Medium","Files":{"\/Osiris  R.css":"\/Osiris  R.css","\/font-resource.json":"\/font-resource.json","\/osirisbq-medium.afm":"\/osirisbq-medium.afm","\/osirisbq-medium.cef":"\/osirisbq-medium.cef","\/osirisbq-medium.cff":"\/osirisbq-medium.cff","\/osirisbq-medium.eot":"\/osirisbq-medium.eot","\/osirisbq-medium.gai":"\/osirisbq-medium.gai","\/osirisbq-medium.gsf":"\/osirisbq-medium.gsf","\/osirisbq-medium.otf":"\/osirisbq-medium.otf","\/osirisbq-medium.pf3":"\/osirisbq-medium.pf3","\/osirisbq-medium.pfa":"\/osirisbq-medium.pfa","\/osirisbq-medium.pfb":"\/osirisbq-medium.pfb","\/osirisbq-medium.php":"\/osirisbq-medium.php","\/osirisbq-medium.pt3":"\/osirisbq-medium.pt3","\/osirisbq-medium.sfd":"\/osirisbq-medium.sfd","\/osirisbq-medium.svg":"\/osirisbq-medium.svg","\/osirisbq-medium.t42":"\/osirisbq-medium.t42","\/osirisbq-medium.ttd":"\/osirisbq-medium.ttd","\/osirisbq-medium.ttf":"\/osirisbq-medium.ttf","\/osirisbq-medium.ttg":"\/osirisbq-medium.ttg","\/osirisbq-medium.ufm":"\/osirisbq-medium.ufm","\/osirisbq-medium.woff":"\/osirisbq-medium.woff","\/osirisbq-medium.z":"\/osirisbq-medium.z","\/wagovau:ea50a5dca993e6a7d3f490dc.css":"\/wagovau:ea50a5dca993e6a7d3f490dc.css","\/osirisbq-medium.ufo\/feature.fea":"\/osirisbq-medium.ufo\/feature.fea","\/osirisbq-medium.ufo\/fontinfo.plist":"\/osirisbq-medium.ufo\/fontinfo.plist","\/osirisbq-medium.ufo\/groups.plist":"\/osirisbq-medium.ufo\/groups.plist","\/osirisbq-medium.ufo\/kerning.plist":"\/osirisbq-medium.ufo\/kerning.plist","\/osirisbq-medium.ufo\/metainfo.plist":"\/osirisbq-medium.ufo\/metainfo.plist","\/osirisbq-medium.ufo\/glyphs\/A_.glif":"\/osirisbq-medium.ufo\/glyphs\/A_.glif","\/osirisbq-medium.ufo\/glyphs\/A_E_.glif":"\/osirisbq-medium.ufo\/glyphs\/A_E_.glif","\/osirisbq-medium.ufo\/glyphs\/A_acute.glif":"\/osirisbq-medium.ufo\/glyphs\/A_acute.glif","\/osirisbq-medium.ufo\/glyphs\/A_circumflex.glif":"\/osirisbq-medium.ufo\/glyphs\/A_circumflex.glif","\/osirisbq-medium.ufo\/glyphs\/A_cute.glif":"\/osirisbq-medium.ufo\/glyphs\/A_cute.glif","\/osirisbq-medium.ufo\/glyphs\/A_dieresis.glif":"\/osirisbq-medium.ufo\/glyphs\/A_dieresis.glif","\/osirisbq-medium.ufo\/glyphs\/A_grave.glif":"\/osirisbq-medium.ufo\/glyphs\/A_grave.glif","\/osirisbq-medium.ufo\/glyphs\/A_ring.glif":"\/osirisbq-medium.ufo\/glyphs\/A_ring.glif","\/osirisbq-medium.ufo\/glyphs\/A_tilde.glif":"\/osirisbq-medium.ufo\/glyphs\/A_tilde.glif","\/osirisbq-medium.ufo\/glyphs\/B_.glif":"\/osirisbq-medium.ufo\/glyphs\/B_.glif","\/osirisbq-medium.ufo\/glyphs\/C_.glif":"\/osirisbq-medium.ufo\/glyphs\/C_.glif","\/osirisbq-medium.ufo\/glyphs\/C_aron.glif":"\/osirisbq-medium.ufo\/glyphs\/C_aron.glif","\/osirisbq-medium.ufo\/glyphs\/C_cedilla.glif":"\/osirisbq-medium.ufo\/glyphs\/C_cedilla.glif","\/osirisbq-medium.ufo\/glyphs\/C_ircumflex.glif":"\/osirisbq-medium.ufo\/glyphs\/C_ircumflex.glif","\/osirisbq-medium.ufo\/glyphs\/D_.glif":"\/osirisbq-medium.ufo\/glyphs\/D_.glif","\/osirisbq-medium.ufo\/glyphs\/D_ieresis.glif":"\/osirisbq-medium.ufo\/glyphs\/D_ieresis.glif","\/osirisbq-medium.ufo\/glyphs\/E_.glif":"\/osirisbq-medium.ufo\/glyphs\/E_.glif","\/osirisbq-medium.ufo\/glyphs\/E_acute.glif":"\/osirisbq-medium.ufo\/glyphs\/E_acute.glif","\/osirisbq-medium.ufo\/glyphs\/E_circumflex.glif":"\/osirisbq-medium.ufo\/glyphs\/E_circumflex.glif","\/osirisbq-medium.ufo\/glyphs\/E_dieresis.glif":"\/osirisbq-medium.ufo\/glyphs\/E_dieresis.glif","\/osirisbq-medium.ufo\/glyphs\/E_grave.glif":"\/osirisbq-medium.ufo\/glyphs\/E_grave.glif","\/osirisbq-medium.ufo\/glyphs\/F_.glif":"\/osirisbq-medium.ufo\/glyphs\/F_.glif","\/osirisbq-medium.ufo\/glyphs\/G_.glif":"\/osirisbq-medium.ufo\/glyphs\/G_.glif","\/osirisbq-medium.ufo\/glyphs\/G_rave.glif":"\/osirisbq-medium.ufo\/glyphs\/G_rave.glif","\/osirisbq-medium.ufo\/glyphs\/H_.glif":"\/osirisbq-medium.ufo\/glyphs\/H_.glif","\/osirisbq-medium.ufo\/glyphs\/I_.glif":"\/osirisbq-medium.ufo\/glyphs\/I_.glif","\/osirisbq-medium.ufo\/glyphs\/I_acute.glif":"\/osirisbq-medium.ufo\/glyphs\/I_acute.glif","\/osirisbq-medium.ufo\/glyphs\/I_circumflex.glif":"\/osirisbq-medium.ufo\/glyphs\/I_circumflex.glif","\/osirisbq-medium.ufo\/glyphs\/I_dieresis.glif":"\/osirisbq-medium.ufo\/glyphs\/I_dieresis.glif","\/osirisbq-medium.ufo\/glyphs\/I_grave.glif":"\/osirisbq-medium.ufo\/glyphs\/I_grave.glif","\/osirisbq-medium.ufo\/glyphs\/J_.glif":"\/osirisbq-medium.ufo\/glyphs\/J_.glif","\/osirisbq-medium.ufo\/glyphs\/K_.glif":"\/osirisbq-medium.ufo\/glyphs\/K_.glif","\/osirisbq-medium.ufo\/glyphs\/L_.glif":"\/osirisbq-medium.ufo\/glyphs\/L_.glif","\/osirisbq-medium.ufo\/glyphs\/M_.glif":"\/osirisbq-medium.ufo\/glyphs\/M_.glif","\/osirisbq-medium.ufo\/glyphs\/N_.glif":"\/osirisbq-medium.ufo\/glyphs\/N_.glif","\/osirisbq-medium.ufo\/glyphs\/N_tilde.glif":"\/osirisbq-medium.ufo\/glyphs\/N_tilde.glif","\/osirisbq-medium.ufo\/glyphs\/O_.glif":"\/osirisbq-medium.ufo\/glyphs\/O_.glif","\/osirisbq-medium.ufo\/glyphs\/O_E_.glif":"\/osirisbq-medium.ufo\/glyphs\/O_E_.glif","\/osirisbq-medium.ufo\/glyphs\/O_acute.glif":"\/osirisbq-medium.ufo\/glyphs\/O_acute.glif","\/osirisbq-medium.ufo\/glyphs\/O_circumflex.glif":"\/osirisbq-medium.ufo\/glyphs\/O_circumflex.glif","\/osirisbq-medium.ufo\/glyphs\/O_dieresis.glif":"\/osirisbq-medium.ufo\/glyphs\/O_dieresis.glif","\/osirisbq-medium.ufo\/glyphs\/O_grave.glif":"\/osirisbq-medium.ufo\/glyphs\/O_grave.glif","\/osirisbq-medium.ufo\/glyphs\/O_slash.glif":"\/osirisbq-medium.ufo\/glyphs\/O_slash.glif","\/osirisbq-medium.ufo\/glyphs\/O_tilde.glif":"\/osirisbq-medium.ufo\/glyphs\/O_tilde.glif","\/osirisbq-medium.ufo\/glyphs\/P_.glif":"\/osirisbq-medium.ufo\/glyphs\/P_.glif","\/osirisbq-medium.ufo\/glyphs\/Q_.glif":"\/osirisbq-medium.ufo\/glyphs\/Q_.glif","\/osirisbq-medium.ufo\/glyphs\/R_.glif":"\/osirisbq-medium.ufo\/glyphs\/R_.glif","\/osirisbq-medium.ufo\/glyphs\/S_.glif":"\/osirisbq-medium.ufo\/glyphs\/S_.glif","\/osirisbq-medium.ufo\/glyphs\/T_.glif":"\/osirisbq-medium.ufo\/glyphs\/T_.glif","\/osirisbq-medium.ufo\/glyphs\/T_ilde.glif":"\/osirisbq-medium.ufo\/glyphs\/T_ilde.glif","\/osirisbq-medium.ufo\/glyphs\/U_.glif":"\/osirisbq-medium.ufo\/glyphs\/U_.glif","\/osirisbq-medium.ufo\/glyphs\/U_acute.glif":"\/osirisbq-medium.ufo\/glyphs\/U_acute.glif","\/osirisbq-medium.ufo\/glyphs\/U_circumflex.glif":"\/osirisbq-medium.ufo\/glyphs\/U_circumflex.glif","\/osirisbq-medium.ufo\/glyphs\/U_dieresis.glif":"\/osirisbq-medium.ufo\/glyphs\/U_dieresis.glif","\/osirisbq-medium.ufo\/glyphs\/U_grave.glif":"\/osirisbq-medium.ufo\/glyphs\/U_grave.glif","\/osirisbq-medium.ufo\/glyphs\/V_.glif":"\/osirisbq-medium.ufo\/glyphs\/V_.glif","\/osirisbq-medium.ufo\/glyphs\/W_.glif":"\/osirisbq-medium.ufo\/glyphs\/W_.glif","\/osirisbq-medium.ufo\/glyphs\/X_.glif":"\/osirisbq-medium.ufo\/glyphs\/X_.glif","\/osirisbq-medium.ufo\/glyphs\/Y_.glif":"\/osirisbq-medium.ufo\/glyphs\/Y_.glif","\/osirisbq-medium.ufo\/glyphs\/Y_dieresis.glif":"\/osirisbq-medium.ufo\/glyphs\/Y_dieresis.glif","\/osirisbq-medium.ufo\/glyphs\/Z_.glif":"\/osirisbq-medium.ufo\/glyphs\/Z_.glif","\/osirisbq-medium.ufo\/glyphs\/a.glif":"\/osirisbq-medium.ufo\/glyphs\/a.glif","\/osirisbq-medium.ufo\/glyphs\/aacute.glif":"\/osirisbq-medium.ufo\/glyphs\/aacute.glif","\/osirisbq-medium.ufo\/glyphs\/acircumflex.glif":"\/osirisbq-medium.ufo\/glyphs\/acircumflex.glif","\/osirisbq-medium.ufo\/glyphs\/acute.glif":"\/osirisbq-medium.ufo\/glyphs\/acute.glif","\/osirisbq-medium.ufo\/glyphs\/adieresis.glif":"\/osirisbq-medium.ufo\/glyphs\/adieresis.glif","\/osirisbq-medium.ufo\/glyphs\/ae.glif":"\/osirisbq-medium.ufo\/glyphs\/ae.glif","\/osirisbq-medium.ufo\/glyphs\/agrave.glif":"\/osirisbq-medium.ufo\/glyphs\/agrave.glif","\/osirisbq-medium.ufo\/glyphs\/ampersand.glif":"\/osirisbq-medium.ufo\/glyphs\/ampersand.glif","\/osirisbq-medium.ufo\/glyphs\/aring.glif":"\/osirisbq-medium.ufo\/glyphs\/aring.glif","\/osirisbq-medium.ufo\/glyphs\/asciicircum.glif":"\/osirisbq-medium.ufo\/glyphs\/asciicircum.glif","\/osirisbq-medium.ufo\/glyphs\/asciitilde.glif":"\/osirisbq-medium.ufo\/glyphs\/asciitilde.glif","\/osirisbq-medium.ufo\/glyphs\/asterisk.glif":"\/osirisbq-medium.ufo\/glyphs\/asterisk.glif","\/osirisbq-medium.ufo\/glyphs\/at.glif":"\/osirisbq-medium.ufo\/glyphs\/at.glif","\/osirisbq-medium.ufo\/glyphs\/atilde.glif":"\/osirisbq-medium.ufo\/glyphs\/atilde.glif","\/osirisbq-medium.ufo\/glyphs\/b.glif":"\/osirisbq-medium.ufo\/glyphs\/b.glif","\/osirisbq-medium.ufo\/glyphs\/backslash.glif":"\/osirisbq-medium.ufo\/glyphs\/backslash.glif","\/osirisbq-medium.ufo\/glyphs\/bar.glif":"\/osirisbq-medium.ufo\/glyphs\/bar.glif","\/osirisbq-medium.ufo\/glyphs\/braceleft.glif":"\/osirisbq-medium.ufo\/glyphs\/braceleft.glif","\/osirisbq-medium.ufo\/glyphs\/braceright.glif":"\/osirisbq-medium.ufo\/glyphs\/braceright.glif","\/osirisbq-medium.ufo\/glyphs\/bracketleft.glif":"\/osirisbq-medium.ufo\/glyphs\/bracketleft.glif","\/osirisbq-medium.ufo\/glyphs\/bracketright.glif":"\/osirisbq-medium.ufo\/glyphs\/bracketright.glif","\/osirisbq-medium.ufo\/glyphs\/brokenbar.glif":"\/osirisbq-medium.ufo\/glyphs\/brokenbar.glif","\/osirisbq-medium.ufo\/glyphs\/bullet.glif":"\/osirisbq-medium.ufo\/glyphs\/bullet.glif","\/osirisbq-medium.ufo\/glyphs\/c.glif":"\/osirisbq-medium.ufo\/glyphs\/c.glif","\/osirisbq-medium.ufo\/glyphs\/caron.glif":"\/osirisbq-medium.ufo\/glyphs\/caron.glif","\/osirisbq-medium.ufo\/glyphs\/ccedilla.glif":"\/osirisbq-medium.ufo\/glyphs\/ccedilla.glif","\/osirisbq-medium.ufo\/glyphs\/cedilla.glif":"\/osirisbq-medium.ufo\/glyphs\/cedilla.glif","\/osirisbq-medium.ufo\/glyphs\/circumflex.glif":"\/osirisbq-medium.ufo\/glyphs\/circumflex.glif","\/osirisbq-medium.ufo\/glyphs\/colon.glif":"\/osirisbq-medium.ufo\/glyphs\/colon.glif","\/osirisbq-medium.ufo\/glyphs\/comma.glif":"\/osirisbq-medium.ufo\/glyphs\/comma.glif","\/osirisbq-medium.ufo\/glyphs\/contents.plist":"\/osirisbq-medium.ufo\/glyphs\/contents.plist","\/osirisbq-medium.ufo\/glyphs\/copyright.glif":"\/osirisbq-medium.ufo\/glyphs\/copyright.glif","\/osirisbq-medium.ufo\/glyphs\/currency.glif":"\/osirisbq-medium.ufo\/glyphs\/currency.glif","\/osirisbq-medium.ufo\/glyphs\/d.glif":"\/osirisbq-medium.ufo\/glyphs\/d.glif","\/osirisbq-medium.ufo\/glyphs\/dagger.glif":"\/osirisbq-medium.ufo\/glyphs\/dagger.glif","\/osirisbq-medium.ufo\/glyphs\/degree.glif":"\/osirisbq-medium.ufo\/glyphs\/degree.glif","\/osirisbq-medium.ufo\/glyphs\/dieresis.glif":"\/osirisbq-medium.ufo\/glyphs\/dieresis.glif","\/osirisbq-medium.ufo\/glyphs\/divide.glif":"\/osirisbq-medium.ufo\/glyphs\/divide.glif","\/osirisbq-medium.ufo\/glyphs\/dollar.glif":"\/osirisbq-medium.ufo\/glyphs\/dollar.glif","\/osirisbq-medium.ufo\/glyphs\/dotlessi.glif":"\/osirisbq-medium.ufo\/glyphs\/dotlessi.glif","\/osirisbq-medium.ufo\/glyphs\/e.glif":"\/osirisbq-medium.ufo\/glyphs\/e.glif","\/osirisbq-medium.ufo\/glyphs\/eacute.glif":"\/osirisbq-medium.ufo\/glyphs\/eacute.glif","\/osirisbq-medium.ufo\/glyphs\/ecircumflex.glif":"\/osirisbq-medium.ufo\/glyphs\/ecircumflex.glif","\/osirisbq-medium.ufo\/glyphs\/edieresis.glif":"\/osirisbq-medium.ufo\/glyphs\/edieresis.glif","\/osirisbq-medium.ufo\/glyphs\/egrave.glif":"\/osirisbq-medium.ufo\/glyphs\/egrave.glif","\/osirisbq-medium.ufo\/glyphs\/eight.glif":"\/osirisbq-medium.ufo\/glyphs\/eight.glif","\/osirisbq-medium.ufo\/glyphs\/ellipsis.glif":"\/osirisbq-medium.ufo\/glyphs\/ellipsis.glif","\/osirisbq-medium.ufo\/glyphs\/emdash.glif":"\/osirisbq-medium.ufo\/glyphs\/emdash.glif","\/osirisbq-medium.ufo\/glyphs\/endash.glif":"\/osirisbq-medium.ufo\/glyphs\/endash.glif","\/osirisbq-medium.ufo\/glyphs\/equal.glif":"\/osirisbq-medium.ufo\/glyphs\/equal.glif","\/osirisbq-medium.ufo\/glyphs\/exclam.glif":"\/osirisbq-medium.ufo\/glyphs\/exclam.glif","\/osirisbq-medium.ufo\/glyphs\/exclamdown.glif":"\/osirisbq-medium.ufo\/glyphs\/exclamdown.glif","\/osirisbq-medium.ufo\/glyphs\/f.glif":"\/osirisbq-medium.ufo\/glyphs\/f.glif","\/osirisbq-medium.ufo\/glyphs\/fi.glif":"\/osirisbq-medium.ufo\/glyphs\/fi.glif","\/osirisbq-medium.ufo\/glyphs\/five.glif":"\/osirisbq-medium.ufo\/glyphs\/five.glif","\/osirisbq-medium.ufo\/glyphs\/fl.glif":"\/osirisbq-medium.ufo\/glyphs\/fl.glif","\/osirisbq-medium.ufo\/glyphs\/four.glif":"\/osirisbq-medium.ufo\/glyphs\/four.glif","\/osirisbq-medium.ufo\/glyphs\/fraction.glif":"\/osirisbq-medium.ufo\/glyphs\/fraction.glif","\/osirisbq-medium.ufo\/glyphs\/g.glif":"\/osirisbq-medium.ufo\/glyphs\/g.glif","\/osirisbq-medium.ufo\/glyphs\/germandbls.glif":"\/osirisbq-medium.ufo\/glyphs\/germandbls.glif","\/osirisbq-medium.ufo\/glyphs\/grave.glif":"\/osirisbq-medium.ufo\/glyphs\/grave.glif","\/osirisbq-medium.ufo\/glyphs\/greater.glif":"\/osirisbq-medium.ufo\/glyphs\/greater.glif","\/osirisbq-medium.ufo\/glyphs\/guillemotleft.glif":"\/osirisbq-medium.ufo\/glyphs\/guillemotleft.glif","\/osirisbq-medium.ufo\/glyphs\/guillemotright.glif":"\/osirisbq-medium.ufo\/glyphs\/guillemotright.glif","\/osirisbq-medium.ufo\/glyphs\/h.glif":"\/osirisbq-medium.ufo\/glyphs\/h.glif","\/osirisbq-medium.ufo\/glyphs\/hyphen.glif":"\/osirisbq-medium.ufo\/glyphs\/hyphen.glif","\/osirisbq-medium.ufo\/glyphs\/i.glif":"\/osirisbq-medium.ufo\/glyphs\/i.glif","\/osirisbq-medium.ufo\/glyphs\/iacute.glif":"\/osirisbq-medium.ufo\/glyphs\/iacute.glif","\/osirisbq-medium.ufo\/glyphs\/icircumflex.glif":"\/osirisbq-medium.ufo\/glyphs\/icircumflex.glif","\/osirisbq-medium.ufo\/glyphs\/idieresis.glif":"\/osirisbq-medium.ufo\/glyphs\/idieresis.glif","\/osirisbq-medium.ufo\/glyphs\/igrave.glif":"\/osirisbq-medium.ufo\/glyphs\/igrave.glif","\/osirisbq-medium.ufo\/glyphs\/j.glif":"\/osirisbq-medium.ufo\/glyphs\/j.glif","\/osirisbq-medium.ufo\/glyphs\/k.glif":"\/osirisbq-medium.ufo\/glyphs\/k.glif","\/osirisbq-medium.ufo\/glyphs\/l.glif":"\/osirisbq-medium.ufo\/glyphs\/l.glif","\/osirisbq-medium.ufo\/glyphs\/less.glif":"\/osirisbq-medium.ufo\/glyphs\/less.glif","\/osirisbq-medium.ufo\/glyphs\/logicalnot.glif":"\/osirisbq-medium.ufo\/glyphs\/logicalnot.glif","\/osirisbq-medium.ufo\/glyphs\/m.glif":"\/osirisbq-medium.ufo\/glyphs\/m.glif","\/osirisbq-medium.ufo\/glyphs\/minus.glif":"\/osirisbq-medium.ufo\/glyphs\/minus.glif","\/osirisbq-medium.ufo\/glyphs\/mu.glif":"\/osirisbq-medium.ufo\/glyphs\/mu.glif","\/osirisbq-medium.ufo\/glyphs\/multiply.glif":"\/osirisbq-medium.ufo\/glyphs\/multiply.glif","\/osirisbq-medium.ufo\/glyphs\/n.glif":"\/osirisbq-medium.ufo\/glyphs\/n.glif","\/osirisbq-medium.ufo\/glyphs\/nine.glif":"\/osirisbq-medium.ufo\/glyphs\/nine.glif","\/osirisbq-medium.ufo\/glyphs\/ntilde.glif":"\/osirisbq-medium.ufo\/glyphs\/ntilde.glif","\/osirisbq-medium.ufo\/glyphs\/numbersign.glif":"\/osirisbq-medium.ufo\/glyphs\/numbersign.glif","\/osirisbq-medium.ufo\/glyphs\/o.glif":"\/osirisbq-medium.ufo\/glyphs\/o.glif","\/osirisbq-medium.ufo\/glyphs\/oacute.glif":"\/osirisbq-medium.ufo\/glyphs\/oacute.glif","\/osirisbq-medium.ufo\/glyphs\/ocircumflex.glif":"\/osirisbq-medium.ufo\/glyphs\/ocircumflex.glif","\/osirisbq-medium.ufo\/glyphs\/odieresis.glif":"\/osirisbq-medium.ufo\/glyphs\/odieresis.glif","\/osirisbq-medium.ufo\/glyphs\/oe.glif":"\/osirisbq-medium.ufo\/glyphs\/oe.glif","\/osirisbq-medium.ufo\/glyphs\/ograve.glif":"\/osirisbq-medium.ufo\/glyphs\/ograve.glif","\/osirisbq-medium.ufo\/glyphs\/one.glif":"\/osirisbq-medium.ufo\/glyphs\/one.glif","\/osirisbq-medium.ufo\/glyphs\/onefitted.glif":"\/osirisbq-medium.ufo\/glyphs\/onefitted.glif","\/osirisbq-medium.ufo\/glyphs\/oslash.glif":"\/osirisbq-medium.ufo\/glyphs\/oslash.glif","\/osirisbq-medium.ufo\/glyphs\/otilde.glif":"\/osirisbq-medium.ufo\/glyphs\/otilde.glif","\/osirisbq-medium.ufo\/glyphs\/p.glif":"\/osirisbq-medium.ufo\/glyphs\/p.glif","\/osirisbq-medium.ufo\/glyphs\/paragraph.glif":"\/osirisbq-medium.ufo\/glyphs\/paragraph.glif","\/osirisbq-medium.ufo\/glyphs\/parenleft.glif":"\/osirisbq-medium.ufo\/glyphs\/parenleft.glif","\/osirisbq-medium.ufo\/glyphs\/parenright.glif":"\/osirisbq-medium.ufo\/glyphs\/parenright.glif","\/osirisbq-medium.ufo\/glyphs\/percent.glif":"\/osirisbq-medium.ufo\/glyphs\/percent.glif","\/osirisbq-medium.ufo\/glyphs\/period.glif":"\/osirisbq-medium.ufo\/glyphs\/period.glif","\/osirisbq-medium.ufo\/glyphs\/periodcentered.glif":"\/osirisbq-medium.ufo\/glyphs\/periodcentered.glif","\/osirisbq-medium.ufo\/glyphs\/plus.glif":"\/osirisbq-medium.ufo\/glyphs\/plus.glif","\/osirisbq-medium.ufo\/glyphs\/plusminus.glif":"\/osirisbq-medium.ufo\/glyphs\/plusminus.glif","\/osirisbq-medium.ufo\/glyphs\/q.glif":"\/osirisbq-medium.ufo\/glyphs\/q.glif","\/osirisbq-medium.ufo\/glyphs\/question.glif":"\/osirisbq-medium.ufo\/glyphs\/question.glif","\/osirisbq-medium.ufo\/glyphs\/questiondown.glif":"\/osirisbq-medium.ufo\/glyphs\/questiondown.glif","\/osirisbq-medium.ufo\/glyphs\/quotedbl.glif":"\/osirisbq-medium.ufo\/glyphs\/quotedbl.glif","\/osirisbq-medium.ufo\/glyphs\/quotedblbase.glif":"\/osirisbq-medium.ufo\/glyphs\/quotedblbase.glif","\/osirisbq-medium.ufo\/glyphs\/quotedblleft.glif":"\/osirisbq-medium.ufo\/glyphs\/quotedblleft.glif","\/osirisbq-medium.ufo\/glyphs\/quotedblright.glif":"\/osirisbq-medium.ufo\/glyphs\/quotedblright.glif","\/osirisbq-medium.ufo\/glyphs\/quoteleft.glif":"\/osirisbq-medium.ufo\/glyphs\/quoteleft.glif","\/osirisbq-medium.ufo\/glyphs\/quoteright.glif":"\/osirisbq-medium.ufo\/glyphs\/quoteright.glif","\/osirisbq-medium.ufo\/glyphs\/quotesinglbase.glif":"\/osirisbq-medium.ufo\/glyphs\/quotesinglbase.glif","\/osirisbq-medium.ufo\/glyphs\/quotesingle.glif":"\/osirisbq-medium.ufo\/glyphs\/quotesingle.glif","\/osirisbq-medium.ufo\/glyphs\/r.glif":"\/osirisbq-medium.ufo\/glyphs\/r.glif","\/osirisbq-medium.ufo\/glyphs\/registered.glif":"\/osirisbq-medium.ufo\/glyphs\/registered.glif","\/osirisbq-medium.ufo\/glyphs\/s.glif":"\/osirisbq-medium.ufo\/glyphs\/s.glif","\/osirisbq-medium.ufo\/glyphs\/section.glif":"\/osirisbq-medium.ufo\/glyphs\/section.glif","\/osirisbq-medium.ufo\/glyphs\/semicolon.glif":"\/osirisbq-medium.ufo\/glyphs\/semicolon.glif","\/osirisbq-medium.ufo\/glyphs\/seven.glif":"\/osirisbq-medium.ufo\/glyphs\/seven.glif","\/osirisbq-medium.ufo\/glyphs\/six.glif":"\/osirisbq-medium.ufo\/glyphs\/six.glif","\/osirisbq-medium.ufo\/glyphs\/slash.glif":"\/osirisbq-medium.ufo\/glyphs\/slash.glif","\/osirisbq-medium.ufo\/glyphs\/space.glif":"\/osirisbq-medium.ufo\/glyphs\/space.glif","\/osirisbq-medium.ufo\/glyphs\/sterling.glif":"\/osirisbq-medium.ufo\/glyphs\/sterling.glif","\/osirisbq-medium.ufo\/glyphs\/t.glif":"\/osirisbq-medium.ufo\/glyphs\/t.glif","\/osirisbq-medium.ufo\/glyphs\/three.glif":"\/osirisbq-medium.ufo\/glyphs\/three.glif","\/osirisbq-medium.ufo\/glyphs\/tilde.glif":"\/osirisbq-medium.ufo\/glyphs\/tilde.glif","\/osirisbq-medium.ufo\/glyphs\/trademark.glif":"\/osirisbq-medium.ufo\/glyphs\/trademark.glif","\/osirisbq-medium.ufo\/glyphs\/two.glif":"\/osirisbq-medium.ufo\/glyphs\/two.glif","\/osirisbq-medium.ufo\/glyphs\/u.glif":"\/osirisbq-medium.ufo\/glyphs\/u.glif","\/osirisbq-medium.ufo\/glyphs\/uacute.glif":"\/osirisbq-medium.ufo\/glyphs\/uacute.glif","\/osirisbq-medium.ufo\/glyphs\/ucircumflex.glif":"\/osirisbq-medium.ufo\/glyphs\/ucircumflex.glif","\/osirisbq-medium.ufo\/glyphs\/udieresis.glif":"\/osirisbq-medium.ufo\/glyphs\/udieresis.glif","\/osirisbq-medium.ufo\/glyphs\/ugrave.glif":"\/osirisbq-medium.ufo\/glyphs\/ugrave.glif","\/osirisbq-medium.ufo\/glyphs\/underscore.glif":"\/osirisbq-medium.ufo\/glyphs\/underscore.glif","\/osirisbq-medium.ufo\/glyphs\/v.glif":"\/osirisbq-medium.ufo\/glyphs\/v.glif","\/osirisbq-medium.ufo\/glyphs\/w.glif":"\/osirisbq-medium.ufo\/glyphs\/w.glif","\/osirisbq-medium.ufo\/glyphs\/x.glif":"\/osirisbq-medium.ufo\/glyphs\/x.glif","\/osirisbq-medium.ufo\/glyphs\/y.glif":"\/osirisbq-medium.ufo\/glyphs\/y.glif","\/osirisbq-medium.ufo\/glyphs\/ydieresis.glif":"\/osirisbq-medium.ufo\/glyphs\/ydieresis.glif","\/osirisbq-medium.ufo\/glyphs\/z.glif":"\/osirisbq-medium.ufo\/glyphs\/z.glif","\/osirisbq-medium.ufo\/glyphs\/zero.glif":"\/osirisbq-medium.ufo\/glyphs\/zero.glif"},"Font":{"uploaded":1471038823.3436,"licence":"gpl3","company":"Chronolabs Cooperative","title":"Osiris BQ Medium","version":3.002,"date":"Fri Aug 12 10:02:30 2016","creator":"root","type":"1","matrix":"0.001 0 0 0.001 0 0","named":"OsirisBQ-Medium","painttype":"0","info":"10 dict dup","name":"Osiris  R","family":"Osiris BQ","weight":"Medium","fstype":"0","italicangle":"0","underlineposition":"","underlinethickness":""},"Licences":{"":false},"Table":{"FFTM":{"entryLength":16,"tag":"FFTM","checksum":1944367548,"offset":25536,"length":28},"GDEF":{"entryLength":16,"tag":"GDEF","checksum":16384006,"offset":25504,"length":32},"OS\/2":{"entryLength":16,"tag":"OS\/2","checksum":1475091411,"offset":344,"length":86},"cmap":{"entryLength":16,"tag":"cmap","checksum":1202625338,"offset":1252,"length":586},"gasp":{"entryLength":16,"tag":"gasp","checksum":4294901763,"offset":25496,"length":8},"glyf":{"entryLength":16,"tag":"glyf","checksum":3394024092,"offset":2252,"length":22096},"head":{"entryLength":16,"tag":"head","checksum":174305134,"offset":220,"length":54},"hhea":{"entryLength":16,"tag":"hhea","checksum":129958745,"offset":276,"length":36},"hmtx":{"entryLength":16,"tag":"hmtx","checksum":3253210442,"offset":432,"length":820},"loca":{"entryLength":16,"tag":"loca","checksum":1352165092,"offset":1840,"length":412},"maxp":{"entryLength":16,"tag":"maxp","checksum":18088057,"offset":312,"length":32},"name":{"entryLength":16,"tag":"name","checksum":3444589228,"offset":24348,"length":645},"post":{"entryLength":16,"tag":"post","checksum":2761544944,"offset":24996,"length":498}},"UnicodeCharMap":{"32":3,"33":4,"34":5,"35":6,"36":7,"37":8,"38":9,"39":10,"40":11,"41":12,"42":13,"43":14,"44":15,"45":16,"46":17,"47":18,"48":19,"49":20,"50":21,"51":22,"52":23,"53":24,"54":25,"55":26,"56":27,"57":28,"58":29,"59":30,"60":31,"61":32,"62":33,"63":34,"64":35,"65":36,"66":37,"67":38,"68":39,"69":40,"70":41,"71":42,"72":43,"73":44,"74":45,"75":46,"76":47,"77":48,"78":49,"79":50,"80":51,"81":52,"82":53,"83":54,"84":55,"85":56,"86":57,"87":58,"88":59,"89":60,"90":61,"91":62,"92":63,"93":64,"94":65,"95":66,"96":67,"97":68,"98":69,"99":70,"100":71,"101":72,"102":73,"103":74,"104":75,"105":76,"106":77,"107":78,"108":79,"109":80,"110":81,"111":82,"112":83,"113":84,"114":85,"115":86,"116":87,"117":88,"118":89,"119":90,"120":91,"121":92,"122":93,"123":94,"124":95,"125":96,"126":97,"161":98,"163":99,"164":100,"166":101,"167":102,"168":103,"169":104,"171":105,"172":106,"174":107,"176":108,"177":109,"180":110,"182":112,"183":113,"184":114,"187":115,"191":116,"192":117,"193":118,"194":119,"195":120,"196":121,"197":122,"198":123,"199":124,"200":125,"201":126,"202":127,"203":128,"204":129,"205":130,"206":131,"207":132,"209":133,"210":134,"211":135,"212":136,"213":137,"214":138,"215":139,"216":140,"217":141,"218":142,"219":143,"220":144,"223":145,"224":146,"225":147,"226":148,"227":149,"228":150,"229":151,"230":152,"231":153,"232":154,"233":155,"234":156,"235":157,"236":158,"237":159,"238":160,"239":161,"241":162,"242":163,"243":164,"244":165,"245":166,"246":167,"247":168,"248":169,"249":170,"250":171,"251":172,"252":173,"255":174,"305":193,"338":192,"339":194,"376":203,"710":188,"711":190,"732":189,"956":111,"8211":181,"8212":191,"8216":176,"8217":175,"8218":184,"8220":178,"8221":186,"8222":185,"8224":182,"8226":183,"8230":187,"8260":177,"8482":201,"8722":202,"64257":179,"64258":180},"Reserves":{"fontname":"Osiris R"},"Names":{"Osiris R":{"name":"Osiris R","longitude":"0.00000001","latitude":"0.00000001","country":"","region":"","city":""}},"Nodes":{"os":{"type":"typal","node":"os","usage":1,"weight":1},"is":{"type":"typal","node":"is","usage":1,"weight":1},"osi":{"type":"typal","node":"osi","usage":1,"weight":1},"ris":{"type":"typal","node":"ris","usage":1,"weight":1},"osir":{"type":"keys","node":"osir","usage":1,"weight":1},"iris":{"type":"keys","node":"iris","usage":1,"weight":1},"osiri":{"type":"keys","node":"osiri","usage":1,"weight":1},"siris":{"type":"keys","node":"siris","usage":1,"weight":1},"osiris":{"type":"fixes","node":"osiris","usage":1,"weight":1},"r":{"type":"fixes","node":"r","usage":1,"weight":1}},"Contributors":[],"FontIdentity":"wagovau:ea50a5dca993e6a7d3f490dc","Bytes":null,"Networking":[],"barcode":"aumiyci8c6qw","referee":"k842UI-3"}