{"CSS":{"Blood Of Dracula":"Blood Of Dracula.css"},"FontType":"TrueType","FontCopyright":"1.0 \u00a91995 B.O.Nelson\u2010Brain Eaters Font Co.","FontName":"Blood Of Dracula","FontSubfamily":"Regular","FontSubfamilyID":"Macromedia Fontographer 4.1 Blood Of Dracula","FontFullName":"Blood Of Dracula","FontVersion":"Macromedia Fontographer 4.1 9\/20\/95","FontWeight":null,"FontPostscriptName":"BloodOfDracula","Files":{"BancoITC TT Light.css":"BancoITC TT Light.css","Font Preview for .gif":"Font Preview for .gif","Font Preview for .jpg":"Font Preview for .jpg","Font Preview for .png":"Font Preview for .png","bancil__.afm":"bancil__.afm","bancil__.bin":"bancil__.bin","bancil__.cef":"bancil__.cef","bancil__.cff":"bancil__.cff","bancil__.dfont":"bancil__.dfont","bancil__.eot":"bancil__.eot","bancil__.fon":"bancil__.fon","bancil__.gai":"bancil__.gai","bancil__.gsf":"bancil__.gsf","bancil__.hqx":"bancil__.hqx","bancil__.ik":"bancil__.ik","bancil__.mf":"bancil__.mf","bancil__.otf":"bancil__.otf","bancil__.pcf":"bancil__.pcf","bancil__.pf3":"bancil__.pf3","bancil__.pfa":"bancil__.pfa","bancil__.pfb":"bancil__.pfb","bancil__.pfm":"bancil__.pfm","bancil__.pmf":"bancil__.pmf","bancil__.pt3":"bancil__.pt3","bancil__.sfd":"bancil__.sfd","bancil__.svg":"bancil__.svg","bancil__.t42":"bancil__.t42","bancil__.ttd":"bancil__.ttd","bancil__.ttf":"bancil__.ttf","bancil__.ttg":"bancil__.ttg","bancil__.woff":"bancil__.woff","font-name-banner.gif":"font-name-banner.gif","font-name-banner.jpg":"font-name-banner.jpg","font-name-banner.png":"font-name-banner.png","font-resource.json":"font-resource.json"},"Table":{"FFTM":{"entryLength":16,"tag":"FFTM","checksum":625524140,"offset":47996,"length":28},"GDEF":{"entryLength":16,"tag":"GDEF","checksum":10092548,"offset":47964,"length":32},"OS\/2":{"entryLength":16,"tag":"OS\/2","checksum":2253616061,"offset":376,"length":96},"cmap":{"entryLength":16,"tag":"cmap","checksum":285004643,"offset":908,"length":402},"cvt ":{"entryLength":16,"tag":"cvt ","checksum":1077084101,"offset":1460,"length":636},"fpgm":{"entryLength":16,"tag":"fpgm","checksum":2201207375,"offset":1312,"length":20},"glyf":{"entryLength":16,"tag":"glyf","checksum":2073662597,"offset":2316,"length":44680},"head":{"entryLength":16,"tag":"head","checksum":147639972,"offset":252,"length":54},"hhea":{"entryLength":16,"tag":"hhea","checksum":114098889,"offset":308,"length":36},"hmtx":{"entryLength":16,"tag":"hmtx","checksum":3783660668,"offset":472,"length":436},"loca":{"entryLength":16,"tag":"loca","checksum":3910997462,"offset":2096,"length":220},"maxp":{"entryLength":16,"tag":"maxp","checksum":24445738,"offset":344,"length":32},"name":{"entryLength":16,"tag":"name","checksum":2736668140,"offset":46996,"length":716},"post":{"entryLength":16,"tag":"post","checksum":206179579,"offset":47712,"length":252},"prep":{"entryLength":16,"tag":"prep","checksum":82965699,"offset":1332,"length":127}},"UnicodeCharMap":{"32":3,"33":4,"34":5,"35":6,"36":7,"37":8,"38":9,"39":10,"40":11,"41":12,"42":13,"43":14,"44":15,"45":16,"46":17,"47":18,"48":19,"49":20,"50":21,"51":22,"52":23,"53":24,"54":25,"55":26,"56":27,"57":28,"58":29,"59":30,"60":31,"61":32,"62":33,"63":34,"64":35,"65":36,"66":37,"67":38,"68":39,"69":40,"70":41,"71":42,"72":43,"73":44,"74":45,"75":46,"76":47,"77":48,"78":49,"79":50,"80":51,"81":52,"82":53,"83":54,"84":55,"85":56,"86":57,"87":58,"88":59,"89":60,"90":61,"91":62,"92":63,"93":64,"94":65,"95":66,"96":67,"97":68,"98":69,"99":70,"100":71,"101":72,"102":73,"103":74,"104":75,"105":76,"106":77,"107":78,"108":79,"109":80,"110":81,"111":82,"112":83,"113":84,"114":85,"115":86,"116":87,"117":88,"118":89,"119":90,"120":91,"121":92,"122":93,"123":94,"124":95,"125":96,"126":97,"160":98,"162":99,"169":100,"174":101,"182":102,"8208":16,"8216":103,"8217":104,"8220":105,"8221":106,"8226":107,"8482":108},"Reserves":{"fontname":"Blood Of Dracula"},"Names":{"Blood Of Dracula":{"name":"Blood Of Dracula","longitude":null,"latitude":null,"country":"","region":"","city":""}},"Nodes":{"bl":{"type":"typal","node":"bl","usage":1,"weight":1},"od":{"type":"typal","node":"od","usage":1,"weight":1},"dr":{"type":"typal","node":"dr","usage":1,"weight":1},"la":{"type":"typal","node":"la","usage":1,"weight":1},"blo":{"type":"typal","node":"blo","usage":1,"weight":1},"ood":{"type":"typal","node":"ood","usage":1,"weight":1},"dra":{"type":"typal","node":"dra","usage":1,"weight":1},"ula":{"type":"typal","node":"ula","usage":1,"weight":1},"bloo":{"type":"keys","node":"bloo","usage":1,"weight":1},"lood":{"type":"keys","node":"lood","usage":1,"weight":1},"drac":{"type":"keys","node":"drac","usage":1,"weight":1},"cula":{"type":"keys","node":"cula","usage":1,"weight":1},"dracu":{"type":"keys","node":"dracu","usage":1,"weight":1},"acula":{"type":"keys","node":"acula","usage":1,"weight":1},"blood":{"type":"fixes","node":"blood","usage":1,"weight":1},"of":{"type":"fixes","node":"of","usage":1,"weight":1},"dracula":{"type":"fixes","node":"dracula","usage":1,"weight":1}},"Contributors":[],"FontIdentity":"ea2c52707235babc5e74cb146331af98","Bytes":null,"Networking":[]}