{"CSS":{"AquitaineInitialsPlain":"AquitaineInitialsPlain.css"},"FontType":"TrueType","FontCopyright":"COPYRIGHT ESSELTE LETRASET LTD., 1990 ","FontName":"Aquitaine Initials","FontSubfamily":"Plain","FontSubfamilyID":"FontForge 2.0 : AquitaineInitialsPlain : 4-3-2016","FontFullName":"AquitaineInitialsPlain","FontVersion":"Version 001.000 ","FontWeight":null,"FontPostscriptName":"AquitaineInitialsPlain","Files":null,"Table":{"FFTM":{"entryLength":16,"tag":"FFTM","checksum":1916551630,"offset":42928,"length":28},"GDEF":{"entryLength":16,"tag":"GDEF","checksum":17760262,"offset":42896,"length":32},"OS\/2":{"entryLength":16,"tag":"OS\/2","checksum":2022194171,"offset":344,"length":86},"cmap":{"entryLength":16,"tag":"cmap","checksum":1372137887,"offset":1332,"length":1066},"gasp":{"entryLength":16,"tag":"gasp","checksum":4294901763,"offset":42888,"length":8},"glyf":{"entryLength":16,"tag":"glyf","checksum":2060183399,"offset":2856,"length":38828},"head":{"entryLength":16,"tag":"head","checksum":158003746,"offset":220,"length":54},"hhea":{"entryLength":16,"tag":"hhea","checksum":138936915,"offset":276,"length":36},"hmtx":{"entryLength":16,"tag":"hmtx","checksum":3668646257,"offset":432,"length":900},"loca":{"entryLength":16,"tag":"loca","checksum":2780660240,"offset":2400,"length":454},"maxp":{"entryLength":16,"tag":"maxp","checksum":20382167,"offset":312,"length":32},"name":{"entryLength":16,"tag":"name","checksum":841177783,"offset":41684,"length":705},"post":{"entryLength":16,"tag":"post","checksum":4160596400,"offset":42392,"length":494}},"UnicodeCharMap":{"32":3,"33":4,"34":5,"35":6,"36":7,"37":8,"38":9,"39":106,"40":11,"41":12,"42":13,"43":14,"44":15,"45":16,"46":17,"47":18,"48":19,"49":20,"50":21,"51":22,"52":23,"53":24,"54":25,"55":26,"56":27,"57":28,"58":29,"59":30,"60":31,"61":32,"62":33,"63":34,"64":35,"65":36,"66":37,"67":38,"68":39,"69":40,"70":41,"71":42,"72":43,"73":44,"74":45,"75":46,"76":47,"77":48,"78":49,"79":50,"80":51,"81":52,"82":53,"83":54,"84":55,"85":56,"86":57,"87":58,"88":59,"89":60,"90":61,"91":62,"92":63,"93":64,"94":65,"95":66,"96":126,"97":68,"98":69,"99":70,"100":71,"101":72,"102":73,"103":74,"104":75,"105":76,"106":77,"107":78,"108":79,"109":80,"110":81,"111":82,"112":83,"113":84,"114":85,"115":86,"116":87,"117":88,"118":89,"119":90,"120":91,"121":92,"122":93,"123":94,"124":95,"125":96,"126":97,"160":202,"161":98,"162":99,"163":100,"164":105,"165":102,"167":104,"168":133,"169":184,"170":141,"171":108,"172":198,"174":183,"175":130,"176":182,"177":188,"180":127,"182":117,"183":116,"184":135,"186":144,"187":122,"191":125,"192":203,"193":212,"194":210,"195":204,"196":150,"197":151,"198":140,"199":152,"200":214,"201":153,"202":211,"203":213,"204":218,"205":215,"206":216,"207":217,"209":154,"210":222,"211":219,"212":220,"213":205,"214":155,"216":142,"217":225,"218":223,"219":224,"220":156,"223":149,"224":158,"225":157,"226":159,"227":161,"228":160,"229":162,"230":145,"231":163,"232":165,"233":164,"234":166,"235":167,"236":169,"237":168,"238":170,"239":171,"241":172,"242":174,"243":173,"244":175,"245":177,"246":176,"247":206,"248":147,"249":179,"250":178,"251":180,"252":181,"255":208,"305":146,"338":143,"339":148,"376":209,"402":103,"710":128,"711":138,"728":131,"729":132,"730":134,"731":137,"732":129,"733":136,"916":201,"937":197,"956":191,"960":195,"8211":113,"8212":139,"8216":67,"8217":10,"8218":119,"8220":107,"8221":121,"8222":120,"8224":114,"8225":115,"8226":118,"8230":123,"8240":124,"8249":109,"8250":110,"8260":101,"8482":185,"8706":192,"8719":194,"8721":193,"8730":199,"8734":187,"8747":196,"8776":200,"8800":186,"8804":189,"8805":190,"9674":207,"64257":111,"64258":112},"Reserves":{"fontname":"AquitaineInitialsPlain"},"Names":{"AquitaineInitialsPlain":{"name":"AquitaineInitialsPlain","longitude":null,"latitude":null,"country":"","region":"","city":""}},"Nodes":{"aq":{"type":"typal","node":"aq","usage":1,"weight":1},"in":{"type":"typal","node":"in","usage":1,"weight":1},"aqu":{"type":"typal","node":"aqu","usage":1,"weight":1},"ain":{"type":"typal","node":"ain","usage":1,"weight":1},"aqui":{"type":"keys","node":"aqui","usage":1,"weight":1},"lain":{"type":"keys","node":"lain","usage":1,"weight":1},"aquit":{"type":"keys","node":"aquit","usage":1,"weight":1},"plain":{"type":"keys","node":"plain","usage":1,"weight":1},"aquitaineinitialsplain":{"type":"fixes","node":"aquitaineinitialsplain","usage":1,"weight":1}},"Contributors":[],"FontIdentity":"a3dfb2139893ba02c9a27eec9391eb33","Bytes":null,"Networking":[]}