{"CSS":{"Calisto MT Italic":"zinc77:7fad5a165920860b2d36e7b36.css"},"FontType":"TrueType","FontCopyright":"Digitized data copyright (C) 1992 - 1997 The Monotype Corporation. All rights reserved. Calisto is a trademark of The Monotype Corporation which may be registered in certain jurisdictions.","FontName":"Calisto MT","FontSubfamily":"Italic","FontSubfamilyID":"FontForge 2.0 : Calisto MT Italic : 29-11-2016","FontFullName":"Calisto MT Italic","FontVersion":"Version 1.62 ","FontWeight":null,"FontPostscriptName":"CalistoMT-Italic","Files":{"\/Calisto MT Italic.css":"\/Calisto MT Italic.css","\/calisti.afm":"\/calisti.afm","\/calisti.cef":"\/calisti.cef","\/calisti.cff":"\/calisti.cff","\/calisti.eot":"\/calisti.eot","\/calisti.gai":"\/calisti.gai","\/calisti.gsf":"\/calisti.gsf","\/calisti.otf":"\/calisti.otf","\/calisti.pf3":"\/calisti.pf3","\/calisti.pfa":"\/calisti.pfa","\/calisti.pfb":"\/calisti.pfb","\/calisti.php":"\/calisti.php","\/calisti.pt3":"\/calisti.pt3","\/calisti.sfd":"\/calisti.sfd","\/calisti.svg":"\/calisti.svg","\/calisti.t42":"\/calisti.t42","\/calisti.ttd":"\/calisti.ttd","\/calisti.ttf":"\/calisti.ttf","\/calisti.ttg":"\/calisti.ttg","\/calisti.ufm":"\/calisti.ufm","\/calisti.woff":"\/calisti.woff","\/calisti.z":"\/calisti.z","\/font-resource.json":"\/font-resource.json","\/calisti.ufo\/feature.fea":"\/calisti.ufo\/feature.fea","\/calisti.ufo\/fontinfo.plist":"\/calisti.ufo\/fontinfo.plist","\/calisti.ufo\/groups.plist":"\/calisti.ufo\/groups.plist","\/calisti.ufo\/kerning.plist":"\/calisti.ufo\/kerning.plist","\/calisti.ufo\/metainfo.plist":"\/calisti.ufo\/metainfo.plist","\/calisti.ufo\/glyphs\/A_.glif":"\/calisti.ufo\/glyphs\/A_.glif","\/calisti.ufo\/glyphs\/A_E_.glif":"\/calisti.ufo\/glyphs\/A_E_.glif","\/calisti.ufo\/glyphs\/A_acute.glif":"\/calisti.ufo\/glyphs\/A_acute.glif","\/calisti.ufo\/glyphs\/A_circumflex.glif":"\/calisti.ufo\/glyphs\/A_circumflex.glif","\/calisti.ufo\/glyphs\/A_dieresis.glif":"\/calisti.ufo\/glyphs\/A_dieresis.glif","\/calisti.ufo\/glyphs\/A_grave.glif":"\/calisti.ufo\/glyphs\/A_grave.glif","\/calisti.ufo\/glyphs\/A_ring.glif":"\/calisti.ufo\/glyphs\/A_ring.glif","\/calisti.ufo\/glyphs\/A_tilde.glif":"\/calisti.ufo\/glyphs\/A_tilde.glif","\/calisti.ufo\/glyphs\/B_.glif":"\/calisti.ufo\/glyphs\/B_.glif","\/calisti.ufo\/glyphs\/C_.glif":"\/calisti.ufo\/glyphs\/C_.glif","\/calisti.ufo\/glyphs\/C_cedilla.glif":"\/calisti.ufo\/glyphs\/C_cedilla.glif","\/calisti.ufo\/glyphs\/D_.glif":"\/calisti.ufo\/glyphs\/D_.glif","\/calisti.ufo\/glyphs\/E_.glif":"\/calisti.ufo\/glyphs\/E_.glif","\/calisti.ufo\/glyphs\/E_acute.glif":"\/calisti.ufo\/glyphs\/E_acute.glif","\/calisti.ufo\/glyphs\/E_circumflex.glif":"\/calisti.ufo\/glyphs\/E_circumflex.glif","\/calisti.ufo\/glyphs\/E_dieresis.glif":"\/calisti.ufo\/glyphs\/E_dieresis.glif","\/calisti.ufo\/glyphs\/E_grave.glif":"\/calisti.ufo\/glyphs\/E_grave.glif","\/calisti.ufo\/glyphs\/E_th.glif":"\/calisti.ufo\/glyphs\/E_th.glif","\/calisti.ufo\/glyphs\/E_uro.glif":"\/calisti.ufo\/glyphs\/E_uro.glif","\/calisti.ufo\/glyphs\/F_.glif":"\/calisti.ufo\/glyphs\/F_.glif","\/calisti.ufo\/glyphs\/G_.glif":"\/calisti.ufo\/glyphs\/G_.glif","\/calisti.ufo\/glyphs\/H_.glif":"\/calisti.ufo\/glyphs\/H_.glif","\/calisti.ufo\/glyphs\/I_.glif":"\/calisti.ufo\/glyphs\/I_.glif","\/calisti.ufo\/glyphs\/I_acute.glif":"\/calisti.ufo\/glyphs\/I_acute.glif","\/calisti.ufo\/glyphs\/I_circumflex.glif":"\/calisti.ufo\/glyphs\/I_circumflex.glif","\/calisti.ufo\/glyphs\/I_dieresis.glif":"\/calisti.ufo\/glyphs\/I_dieresis.glif","\/calisti.ufo\/glyphs\/I_grave.glif":"\/calisti.ufo\/glyphs\/I_grave.glif","\/calisti.ufo\/glyphs\/J_.glif":"\/calisti.ufo\/glyphs\/J_.glif","\/calisti.ufo\/glyphs\/K_.glif":"\/calisti.ufo\/glyphs\/K_.glif","\/calisti.ufo\/glyphs\/L_.glif":"\/calisti.ufo\/glyphs\/L_.glif","\/calisti.ufo\/glyphs\/M_.glif":"\/calisti.ufo\/glyphs\/M_.glif","\/calisti.ufo\/glyphs\/N_.glif":"\/calisti.ufo\/glyphs\/N_.glif","\/calisti.ufo\/glyphs\/N_tilde.glif":"\/calisti.ufo\/glyphs\/N_tilde.glif","\/calisti.ufo\/glyphs\/O_.glif":"\/calisti.ufo\/glyphs\/O_.glif","\/calisti.ufo\/glyphs\/O_E_.glif":"\/calisti.ufo\/glyphs\/O_E_.glif","\/calisti.ufo\/glyphs\/O_acute.glif":"\/calisti.ufo\/glyphs\/O_acute.glif","\/calisti.ufo\/glyphs\/O_circumflex.glif":"\/calisti.ufo\/glyphs\/O_circumflex.glif","\/calisti.ufo\/glyphs\/O_dieresis.glif":"\/calisti.ufo\/glyphs\/O_dieresis.glif","\/calisti.ufo\/glyphs\/O_grave.glif":"\/calisti.ufo\/glyphs\/O_grave.glif","\/calisti.ufo\/glyphs\/O_hm.glif":"\/calisti.ufo\/glyphs\/O_hm.glif","\/calisti.ufo\/glyphs\/O_slash.glif":"\/calisti.ufo\/glyphs\/O_slash.glif","\/calisti.ufo\/glyphs\/O_tilde.glif":"\/calisti.ufo\/glyphs\/O_tilde.glif","\/calisti.ufo\/glyphs\/P_.glif":"\/calisti.ufo\/glyphs\/P_.glif","\/calisti.ufo\/glyphs\/Q_.glif":"\/calisti.ufo\/glyphs\/Q_.glif","\/calisti.ufo\/glyphs\/R_.glif":"\/calisti.ufo\/glyphs\/R_.glif","\/calisti.ufo\/glyphs\/S_.glif":"\/calisti.ufo\/glyphs\/S_.glif","\/calisti.ufo\/glyphs\/S_caron.glif":"\/calisti.ufo\/glyphs\/S_caron.glif","\/calisti.ufo\/glyphs\/T_.glif":"\/calisti.ufo\/glyphs\/T_.glif","\/calisti.ufo\/glyphs\/T_horn.glif":"\/calisti.ufo\/glyphs\/T_horn.glif","\/calisti.ufo\/glyphs\/U_.glif":"\/calisti.ufo\/glyphs\/U_.glif","\/calisti.ufo\/glyphs\/U_acute.glif":"\/calisti.ufo\/glyphs\/U_acute.glif","\/calisti.ufo\/glyphs\/U_circumflex.glif":"\/calisti.ufo\/glyphs\/U_circumflex.glif","\/calisti.ufo\/glyphs\/U_dieresis.glif":"\/calisti.ufo\/glyphs\/U_dieresis.glif","\/calisti.ufo\/glyphs\/U_grave.glif":"\/calisti.ufo\/glyphs\/U_grave.glif","\/calisti.ufo\/glyphs\/V_.glif":"\/calisti.ufo\/glyphs\/V_.glif","\/calisti.ufo\/glyphs\/W_.glif":"\/calisti.ufo\/glyphs\/W_.glif","\/calisti.ufo\/glyphs\/X_.glif":"\/calisti.ufo\/glyphs\/X_.glif","\/calisti.ufo\/glyphs\/Y_.glif":"\/calisti.ufo\/glyphs\/Y_.glif","\/calisti.ufo\/glyphs\/Y_acute.glif":"\/calisti.ufo\/glyphs\/Y_acute.glif","\/calisti.ufo\/glyphs\/Y_dieresis.glif":"\/calisti.ufo\/glyphs\/Y_dieresis.glif","\/calisti.ufo\/glyphs\/Z_.glif":"\/calisti.ufo\/glyphs\/Z_.glif","\/calisti.ufo\/glyphs\/_notdef.glif":"\/calisti.ufo\/glyphs\/_notdef.glif","\/calisti.ufo\/glyphs\/_null.glif":"\/calisti.ufo\/glyphs\/_null.glif","\/calisti.ufo\/glyphs\/a.glif":"\/calisti.ufo\/glyphs\/a.glif","\/calisti.ufo\/glyphs\/aacute.glif":"\/calisti.ufo\/glyphs\/aacute.glif","\/calisti.ufo\/glyphs\/acircumflex.glif":"\/calisti.ufo\/glyphs\/acircumflex.glif","\/calisti.ufo\/glyphs\/acute.glif":"\/calisti.ufo\/glyphs\/acute.glif","\/calisti.ufo\/glyphs\/adieresis.glif":"\/calisti.ufo\/glyphs\/adieresis.glif","\/calisti.ufo\/glyphs\/ae.glif":"\/calisti.ufo\/glyphs\/ae.glif","\/calisti.ufo\/glyphs\/agrave.glif":"\/calisti.ufo\/glyphs\/agrave.glif","\/calisti.ufo\/glyphs\/ampersand.glif":"\/calisti.ufo\/glyphs\/ampersand.glif","\/calisti.ufo\/glyphs\/approxequal.glif":"\/calisti.ufo\/glyphs\/approxequal.glif","\/calisti.ufo\/glyphs\/aring.glif":"\/calisti.ufo\/glyphs\/aring.glif","\/calisti.ufo\/glyphs\/asciicircum.glif":"\/calisti.ufo\/glyphs\/asciicircum.glif","\/calisti.ufo\/glyphs\/asciitilde.glif":"\/calisti.ufo\/glyphs\/asciitilde.glif","\/calisti.ufo\/glyphs\/asterisk.glif":"\/calisti.ufo\/glyphs\/asterisk.glif","\/calisti.ufo\/glyphs\/at.glif":"\/calisti.ufo\/glyphs\/at.glif","\/calisti.ufo\/glyphs\/atilde.glif":"\/calisti.ufo\/glyphs\/atilde.glif","\/calisti.ufo\/glyphs\/b.glif":"\/calisti.ufo\/glyphs\/b.glif","\/calisti.ufo\/glyphs\/backslash.glif":"\/calisti.ufo\/glyphs\/backslash.glif","\/calisti.ufo\/glyphs\/bar.glif":"\/calisti.ufo\/glyphs\/bar.glif","\/calisti.ufo\/glyphs\/braceleft.glif":"\/calisti.ufo\/glyphs\/braceleft.glif","\/calisti.ufo\/glyphs\/braceright.glif":"\/calisti.ufo\/glyphs\/braceright.glif","\/calisti.ufo\/glyphs\/bracketleft.glif":"\/calisti.ufo\/glyphs\/bracketleft.glif","\/calisti.ufo\/glyphs\/bracketright.glif":"\/calisti.ufo\/glyphs\/bracketright.glif","\/calisti.ufo\/glyphs\/breve.glif":"\/calisti.ufo\/glyphs\/breve.glif","\/calisti.ufo\/glyphs\/brokenbar.glif":"\/calisti.ufo\/glyphs\/brokenbar.glif","\/calisti.ufo\/glyphs\/bullet.glif":"\/calisti.ufo\/glyphs\/bullet.glif","\/calisti.ufo\/glyphs\/c.glif":"\/calisti.ufo\/glyphs\/c.glif","\/calisti.ufo\/glyphs\/caron.glif":"\/calisti.ufo\/glyphs\/caron.glif","\/calisti.ufo\/glyphs\/ccedilla.glif":"\/calisti.ufo\/glyphs\/ccedilla.glif","\/calisti.ufo\/glyphs\/cedilla.glif":"\/calisti.ufo\/glyphs\/cedilla.glif","\/calisti.ufo\/glyphs\/cent.glif":"\/calisti.ufo\/glyphs\/cent.glif","\/calisti.ufo\/glyphs\/circumflex.glif":"\/calisti.ufo\/glyphs\/circumflex.glif","\/calisti.ufo\/glyphs\/colon.glif":"\/calisti.ufo\/glyphs\/colon.glif","\/calisti.ufo\/glyphs\/comma.glif":"\/calisti.ufo\/glyphs\/comma.glif","\/calisti.ufo\/glyphs\/contents.plist":"\/calisti.ufo\/glyphs\/contents.plist","\/calisti.ufo\/glyphs\/copyright.glif":"\/calisti.ufo\/glyphs\/copyright.glif","\/calisti.ufo\/glyphs\/currency.glif":"\/calisti.ufo\/glyphs\/currency.glif","\/calisti.ufo\/glyphs\/d.glif":"\/calisti.ufo\/glyphs\/d.glif","\/calisti.ufo\/glyphs\/dagger.glif":"\/calisti.ufo\/glyphs\/dagger.glif","\/calisti.ufo\/glyphs\/daggerdbl.glif":"\/calisti.ufo\/glyphs\/daggerdbl.glif","\/calisti.ufo\/glyphs\/degree.glif":"\/calisti.ufo\/glyphs\/degree.glif","\/calisti.ufo\/glyphs\/dieresis.glif":"\/calisti.ufo\/glyphs\/dieresis.glif","\/calisti.ufo\/glyphs\/divide.glif":"\/calisti.ufo\/glyphs\/divide.glif","\/calisti.ufo\/glyphs\/dollar.glif":"\/calisti.ufo\/glyphs\/dollar.glif","\/calisti.ufo\/glyphs\/dotaccent.glif":"\/calisti.ufo\/glyphs\/dotaccent.glif","\/calisti.ufo\/glyphs\/dotlessi.glif":"\/calisti.ufo\/glyphs\/dotlessi.glif","\/calisti.ufo\/glyphs\/e.glif":"\/calisti.ufo\/glyphs\/e.glif","\/calisti.ufo\/glyphs\/eacute.glif":"\/calisti.ufo\/glyphs\/eacute.glif","\/calisti.ufo\/glyphs\/ecircumflex.glif":"\/calisti.ufo\/glyphs\/ecircumflex.glif","\/calisti.ufo\/glyphs\/edieresis.glif":"\/calisti.ufo\/glyphs\/edieresis.glif","\/calisti.ufo\/glyphs\/egrave.glif":"\/calisti.ufo\/glyphs\/egrave.glif","\/calisti.ufo\/glyphs\/eight.glif":"\/calisti.ufo\/glyphs\/eight.glif","\/calisti.ufo\/glyphs\/ellipsis.glif":"\/calisti.ufo\/glyphs\/ellipsis.glif","\/calisti.ufo\/glyphs\/emdash.glif":"\/calisti.ufo\/glyphs\/emdash.glif","\/calisti.ufo\/glyphs\/endash.glif":"\/calisti.ufo\/glyphs\/endash.glif","\/calisti.ufo\/glyphs\/equal.glif":"\/calisti.ufo\/glyphs\/equal.glif","\/calisti.ufo\/glyphs\/eth.glif":"\/calisti.ufo\/glyphs\/eth.glif","\/calisti.ufo\/glyphs\/exclam.glif":"\/calisti.ufo\/glyphs\/exclam.glif","\/calisti.ufo\/glyphs\/exclamdown.glif":"\/calisti.ufo\/glyphs\/exclamdown.glif","\/calisti.ufo\/glyphs\/f.glif":"\/calisti.ufo\/glyphs\/f.glif","\/calisti.ufo\/glyphs\/fi.glif":"\/calisti.ufo\/glyphs\/fi.glif","\/calisti.ufo\/glyphs\/five.glif":"\/calisti.ufo\/glyphs\/five.glif","\/calisti.ufo\/glyphs\/fl.glif":"\/calisti.ufo\/glyphs\/fl.glif","\/calisti.ufo\/glyphs\/florin.glif":"\/calisti.ufo\/glyphs\/florin.glif","\/calisti.ufo\/glyphs\/four.glif":"\/calisti.ufo\/glyphs\/four.glif","\/calisti.ufo\/glyphs\/fraction.glif":"\/calisti.ufo\/glyphs\/fraction.glif","\/calisti.ufo\/glyphs\/g.glif":"\/calisti.ufo\/glyphs\/g.glif","\/calisti.ufo\/glyphs\/germandbls.glif":"\/calisti.ufo\/glyphs\/germandbls.glif","\/calisti.ufo\/glyphs\/grave.glif":"\/calisti.ufo\/glyphs\/grave.glif","\/calisti.ufo\/glyphs\/greater.glif":"\/calisti.ufo\/glyphs\/greater.glif","\/calisti.ufo\/glyphs\/greaterequal.glif":"\/calisti.ufo\/glyphs\/greaterequal.glif","\/calisti.ufo\/glyphs\/guillemotleft.glif":"\/calisti.ufo\/glyphs\/guillemotleft.glif","\/calisti.ufo\/glyphs\/guillemotright.glif":"\/calisti.ufo\/glyphs\/guillemotright.glif","\/calisti.ufo\/glyphs\/guilsinglleft.glif":"\/calisti.ufo\/glyphs\/guilsinglleft.glif","\/calisti.ufo\/glyphs\/guilsinglright.glif":"\/calisti.ufo\/glyphs\/guilsinglright.glif","\/calisti.ufo\/glyphs\/h.glif":"\/calisti.ufo\/glyphs\/h.glif","\/calisti.ufo\/glyphs\/hungarumlaut.glif":"\/calisti.ufo\/glyphs\/hungarumlaut.glif","\/calisti.ufo\/glyphs\/hyphen.glif":"\/calisti.ufo\/glyphs\/hyphen.glif","\/calisti.ufo\/glyphs\/i.glif":"\/calisti.ufo\/glyphs\/i.glif","\/calisti.ufo\/glyphs\/iacute.glif":"\/calisti.ufo\/glyphs\/iacute.glif","\/calisti.ufo\/glyphs\/icircumflex.glif":"\/calisti.ufo\/glyphs\/icircumflex.glif","\/calisti.ufo\/glyphs\/idieresis.glif":"\/calisti.ufo\/glyphs\/idieresis.glif","\/calisti.ufo\/glyphs\/igrave.glif":"\/calisti.ufo\/glyphs\/igrave.glif","\/calisti.ufo\/glyphs\/increment.glif":"\/calisti.ufo\/glyphs\/increment.glif","\/calisti.ufo\/glyphs\/infinity.glif":"\/calisti.ufo\/glyphs\/infinity.glif","\/calisti.ufo\/glyphs\/integral.glif":"\/calisti.ufo\/glyphs\/integral.glif","\/calisti.ufo\/glyphs\/j.glif":"\/calisti.ufo\/glyphs\/j.glif","\/calisti.ufo\/glyphs\/k.glif":"\/calisti.ufo\/glyphs\/k.glif","\/calisti.ufo\/glyphs\/l.glif":"\/calisti.ufo\/glyphs\/l.glif","\/calisti.ufo\/glyphs\/less.glif":"\/calisti.ufo\/glyphs\/less.glif","\/calisti.ufo\/glyphs\/lessequal.glif":"\/calisti.ufo\/glyphs\/lessequal.glif","\/calisti.ufo\/glyphs\/logicalnot.glif":"\/calisti.ufo\/glyphs\/logicalnot.glif","\/calisti.ufo\/glyphs\/lozenge.glif":"\/calisti.ufo\/glyphs\/lozenge.glif","\/calisti.ufo\/glyphs\/m.glif":"\/calisti.ufo\/glyphs\/m.glif","\/calisti.ufo\/glyphs\/macron.glif":"\/calisti.ufo\/glyphs\/macron.glif","\/calisti.ufo\/glyphs\/mu.glif":"\/calisti.ufo\/glyphs\/mu.glif","\/calisti.ufo\/glyphs\/multiply.glif":"\/calisti.ufo\/glyphs\/multiply.glif","\/calisti.ufo\/glyphs\/n.glif":"\/calisti.ufo\/glyphs\/n.glif","\/calisti.ufo\/glyphs\/nbspace.glif":"\/calisti.ufo\/glyphs\/nbspace.glif","\/calisti.ufo\/glyphs\/nine.glif":"\/calisti.ufo\/glyphs\/nine.glif","\/calisti.ufo\/glyphs\/nonmarkingreturn.glif":"\/calisti.ufo\/glyphs\/nonmarkingreturn.glif","\/calisti.ufo\/glyphs\/notequal.glif":"\/calisti.ufo\/glyphs\/notequal.glif","\/calisti.ufo\/glyphs\/ntilde.glif":"\/calisti.ufo\/glyphs\/ntilde.glif","\/calisti.ufo\/glyphs\/numbersign.glif":"\/calisti.ufo\/glyphs\/numbersign.glif","\/calisti.ufo\/glyphs\/o.glif":"\/calisti.ufo\/glyphs\/o.glif","\/calisti.ufo\/glyphs\/oacute.glif":"\/calisti.ufo\/glyphs\/oacute.glif","\/calisti.ufo\/glyphs\/ocircumflex.glif":"\/calisti.ufo\/glyphs\/ocircumflex.glif","\/calisti.ufo\/glyphs\/odieresis.glif":"\/calisti.ufo\/glyphs\/odieresis.glif","\/calisti.ufo\/glyphs\/oe.glif":"\/calisti.ufo\/glyphs\/oe.glif","\/calisti.ufo\/glyphs\/ogonek.glif":"\/calisti.ufo\/glyphs\/ogonek.glif","\/calisti.ufo\/glyphs\/ograve.glif":"\/calisti.ufo\/glyphs\/ograve.glif","\/calisti.ufo\/glyphs\/one.glif":"\/calisti.ufo\/glyphs\/one.glif","\/calisti.ufo\/glyphs\/onehalf.glif":"\/calisti.ufo\/glyphs\/onehalf.glif","\/calisti.ufo\/glyphs\/onequarter.glif":"\/calisti.ufo\/glyphs\/onequarter.glif","\/calisti.ufo\/glyphs\/onesuperior.glif":"\/calisti.ufo\/glyphs\/onesuperior.glif","\/calisti.ufo\/glyphs\/ordfeminine.glif":"\/calisti.ufo\/glyphs\/ordfeminine.glif","\/calisti.ufo\/glyphs\/ordmasculine.glif":"\/calisti.ufo\/glyphs\/ordmasculine.glif","\/calisti.ufo\/glyphs\/oslash.glif":"\/calisti.ufo\/glyphs\/oslash.glif","\/calisti.ufo\/glyphs\/otilde.glif":"\/calisti.ufo\/glyphs\/otilde.glif","\/calisti.ufo\/glyphs\/p.glif":"\/calisti.ufo\/glyphs\/p.glif","\/calisti.ufo\/glyphs\/paragraph.glif":"\/calisti.ufo\/glyphs\/paragraph.glif","\/calisti.ufo\/glyphs\/parenleft.glif":"\/calisti.ufo\/glyphs\/parenleft.glif","\/calisti.ufo\/glyphs\/parenright.glif":"\/calisti.ufo\/glyphs\/parenright.glif","\/calisti.ufo\/glyphs\/partialdiff.glif":"\/calisti.ufo\/glyphs\/partialdiff.glif","\/calisti.ufo\/glyphs\/percent.glif":"\/calisti.ufo\/glyphs\/percent.glif","\/calisti.ufo\/glyphs\/period.glif":"\/calisti.ufo\/glyphs\/period.glif","\/calisti.ufo\/glyphs\/periodcentered.glif":"\/calisti.ufo\/glyphs\/periodcentered.glif","\/calisti.ufo\/glyphs\/perthousand.glif":"\/calisti.ufo\/glyphs\/perthousand.glif","\/calisti.ufo\/glyphs\/pi1.glif":"\/calisti.ufo\/glyphs\/pi1.glif","\/calisti.ufo\/glyphs\/plus.glif":"\/calisti.ufo\/glyphs\/plus.glif","\/calisti.ufo\/glyphs\/plusminus.glif":"\/calisti.ufo\/glyphs\/plusminus.glif","\/calisti.ufo\/glyphs\/product.glif":"\/calisti.ufo\/glyphs\/product.glif","\/calisti.ufo\/glyphs\/q.glif":"\/calisti.ufo\/glyphs\/q.glif","\/calisti.ufo\/glyphs\/question.glif":"\/calisti.ufo\/glyphs\/question.glif","\/calisti.ufo\/glyphs\/questiondown.glif":"\/calisti.ufo\/glyphs\/questiondown.glif","\/calisti.ufo\/glyphs\/quotedbl.glif":"\/calisti.ufo\/glyphs\/quotedbl.glif","\/calisti.ufo\/glyphs\/quotedblbase.glif":"\/calisti.ufo\/glyphs\/quotedblbase.glif","\/calisti.ufo\/glyphs\/quotedblleft.glif":"\/calisti.ufo\/glyphs\/quotedblleft.glif","\/calisti.ufo\/glyphs\/quotedblright.glif":"\/calisti.ufo\/glyphs\/quotedblright.glif","\/calisti.ufo\/glyphs\/quoteleft.glif":"\/calisti.ufo\/glyphs\/quoteleft.glif","\/calisti.ufo\/glyphs\/quoteright.glif":"\/calisti.ufo\/glyphs\/quoteright.glif","\/calisti.ufo\/glyphs\/quotesinglbase.glif":"\/calisti.ufo\/glyphs\/quotesinglbase.glif","\/calisti.ufo\/glyphs\/quotesingle.glif":"\/calisti.ufo\/glyphs\/quotesingle.glif","\/calisti.ufo\/glyphs\/r.glif":"\/calisti.ufo\/glyphs\/r.glif","\/calisti.ufo\/glyphs\/radical.glif":"\/calisti.ufo\/glyphs\/radical.glif","\/calisti.ufo\/glyphs\/registered.glif":"\/calisti.ufo\/glyphs\/registered.glif","\/calisti.ufo\/glyphs\/ring.glif":"\/calisti.ufo\/glyphs\/ring.glif","\/calisti.ufo\/glyphs\/s.glif":"\/calisti.ufo\/glyphs\/s.glif","\/calisti.ufo\/glyphs\/scaron.glif":"\/calisti.ufo\/glyphs\/scaron.glif","\/calisti.ufo\/glyphs\/section.glif":"\/calisti.ufo\/glyphs\/section.glif","\/calisti.ufo\/glyphs\/semicolon.glif":"\/calisti.ufo\/glyphs\/semicolon.glif","\/calisti.ufo\/glyphs\/seven.glif":"\/calisti.ufo\/glyphs\/seven.glif","\/calisti.ufo\/glyphs\/six.glif":"\/calisti.ufo\/glyphs\/six.glif","\/calisti.ufo\/glyphs\/slash.glif":"\/calisti.ufo\/glyphs\/slash.glif","\/calisti.ufo\/glyphs\/space.glif":"\/calisti.ufo\/glyphs\/space.glif","\/calisti.ufo\/glyphs\/sterling.glif":"\/calisti.ufo\/glyphs\/sterling.glif","\/calisti.ufo\/glyphs\/summation.glif":"\/calisti.ufo\/glyphs\/summation.glif","\/calisti.ufo\/glyphs\/t.glif":"\/calisti.ufo\/glyphs\/t.glif","\/calisti.ufo\/glyphs\/thorn.glif":"\/calisti.ufo\/glyphs\/thorn.glif","\/calisti.ufo\/glyphs\/three.glif":"\/calisti.ufo\/glyphs\/three.glif","\/calisti.ufo\/glyphs\/threequarters.glif":"\/calisti.ufo\/glyphs\/threequarters.glif","\/calisti.ufo\/glyphs\/threesuperior.glif":"\/calisti.ufo\/glyphs\/threesuperior.glif","\/calisti.ufo\/glyphs\/tilde.glif":"\/calisti.ufo\/glyphs\/tilde.glif","\/calisti.ufo\/glyphs\/trademark.glif":"\/calisti.ufo\/glyphs\/trademark.glif","\/calisti.ufo\/glyphs\/two.glif":"\/calisti.ufo\/glyphs\/two.glif","\/calisti.ufo\/glyphs\/twosuperior.glif":"\/calisti.ufo\/glyphs\/twosuperior.glif","\/calisti.ufo\/glyphs\/u.glif":"\/calisti.ufo\/glyphs\/u.glif","\/calisti.ufo\/glyphs\/uacute.glif":"\/calisti.ufo\/glyphs\/uacute.glif","\/calisti.ufo\/glyphs\/ucircumflex.glif":"\/calisti.ufo\/glyphs\/ucircumflex.glif","\/calisti.ufo\/glyphs\/udieresis.glif":"\/calisti.ufo\/glyphs\/udieresis.glif","\/calisti.ufo\/glyphs\/ugrave.glif":"\/calisti.ufo\/glyphs\/ugrave.glif","\/calisti.ufo\/glyphs\/underscore.glif":"\/calisti.ufo\/glyphs\/underscore.glif","\/calisti.ufo\/glyphs\/v.glif":"\/calisti.ufo\/glyphs\/v.glif","\/calisti.ufo\/glyphs\/w.glif":"\/calisti.ufo\/glyphs\/w.glif","\/calisti.ufo\/glyphs\/x.glif":"\/calisti.ufo\/glyphs\/x.glif","\/calisti.ufo\/glyphs\/y.glif":"\/calisti.ufo\/glyphs\/y.glif","\/calisti.ufo\/glyphs\/yacute.glif":"\/calisti.ufo\/glyphs\/yacute.glif","\/calisti.ufo\/glyphs\/ydieresis.glif":"\/calisti.ufo\/glyphs\/ydieresis.glif","\/calisti.ufo\/glyphs\/yen.glif":"\/calisti.ufo\/glyphs\/yen.glif","\/calisti.ufo\/glyphs\/z.glif":"\/calisti.ufo\/glyphs\/z.glif","\/calisti.ufo\/glyphs\/zero.glif":"\/calisti.ufo\/glyphs\/zero.glif"},"Font":{"uploaded":1489179073.4159,"licence":"gpl3","company":"Chronolabs Cooperative","title":"Calisto MT Italic","version":3.002,"date":"Fri Nov 25 21:43:42 2016","creator":"root","type":"1","matrix":"0.000488281 0 0 0.000488281 0 0","named":"CalistoMT-Italic","painttype":"0","info":"10 dict dup","name":"Calisto MT Italic","family":"Calisto MT","weight":"Book","fstype":"8","italicangle":"-16","underlineposition":"","underlinethickness":""},"Licences":{"":false},"Table":{"FFTM":{"entryLength":16,"tag":"FFTM","checksum":1962487692,"offset":42116,"length":28},"GDEF":{"entryLength":16,"tag":"GDEF","checksum":18808836,"offset":42084,"length":32},"OS\/2":{"entryLength":16,"tag":"OS\/2","checksum":2236236598,"offset":344,"length":86},"cmap":{"entryLength":16,"tag":"cmap","checksum":259441403,"offset":1400,"length":800},"gasp":{"entryLength":16,"tag":"gasp","checksum":4294901763,"offset":42076,"length":8},"glyf":{"entryLength":16,"tag":"glyf","checksum":1417967864,"offset":2688,"length":37752},"head":{"entryLength":16,"tag":"head","checksum":257638975,"offset":220,"length":54},"hhea":{"entryLength":16,"tag":"hhea","checksum":262341912,"offset":276,"length":36},"hmtx":{"entryLength":16,"tag":"hmtx","checksum":3589233103,"offset":432,"length":968},"loca":{"entryLength":16,"tag":"loca","checksum":2138135450,"offset":2200,"length":486},"maxp":{"entryLength":16,"tag":"maxp","checksum":21037420,"offset":312,"length":32},"name":{"entryLength":16,"tag":"name","checksum":1248450523,"offset":40440,"length":1083},"post":{"entryLength":16,"tag":"post","checksum":525539818,"offset":41524,"length":549}},"UnicodeCharMap":{"0":1,"13":2,"32":3,"33":4,"34":5,"35":6,"36":7,"37":8,"38":9,"39":10,"40":11,"41":12,"42":13,"43":14,"44":15,"45":16,"46":17,"47":18,"48":19,"49":20,"50":21,"51":22,"52":23,"53":24,"54":25,"55":26,"56":27,"57":28,"58":29,"59":30,"60":31,"61":32,"62":33,"63":34,"64":35,"65":36,"66":37,"67":38,"68":39,"69":40,"70":41,"71":42,"72":43,"73":44,"74":45,"75":46,"76":47,"77":48,"78":49,"79":50,"80":51,"81":52,"82":53,"83":54,"84":55,"85":56,"86":57,"87":58,"88":59,"89":60,"90":61,"91":62,"92":63,"93":64,"94":65,"95":66,"96":67,"97":68,"98":69,"99":70,"100":71,"101":72,"102":73,"103":74,"104":75,"105":76,"106":77,"107":78,"108":79,"109":80,"110":81,"111":82,"112":83,"113":84,"114":85,"115":86,"116":87,"117":88,"118":89,"119":90,"120":91,"121":92,"122":93,"123":94,"124":95,"125":96,"126":97,"160":98,"161":99,"162":100,"163":101,"164":102,"165":103,"166":104,"167":105,"168":106,"169":107,"170":108,"171":109,"172":110,"174":111,"175":112,"176":113,"177":114,"178":115,"179":116,"180":117,"182":119,"183":227,"184":120,"185":121,"186":122,"187":123,"188":124,"189":125,"190":126,"191":127,"192":128,"193":129,"194":130,"195":131,"196":132,"197":133,"198":134,"199":135,"200":136,"201":137,"202":138,"203":139,"204":140,"205":141,"206":142,"207":143,"208":144,"209":145,"210":146,"211":147,"212":148,"213":149,"214":150,"215":151,"216":152,"217":153,"218":154,"219":155,"220":156,"221":157,"222":158,"223":159,"224":160,"225":161,"226":162,"227":163,"228":164,"229":165,"230":166,"231":167,"232":168,"233":169,"234":170,"235":171,"236":172,"237":173,"238":174,"239":175,"240":176,"241":177,"242":178,"243":179,"244":180,"245":181,"246":182,"247":183,"248":184,"249":185,"250":186,"251":187,"252":188,"253":189,"254":190,"255":191,"305":231,"338":210,"339":211,"352":240,"353":241,"376":219,"402":206,"710":232,"711":239,"728":234,"729":235,"730":236,"731":238,"732":233,"733":237,"956":118,"982":202,"8211":212,"8212":213,"8216":216,"8217":217,"8218":228,"8220":214,"8221":215,"8222":229,"8224":192,"8225":226,"8226":193,"8230":209,"8240":230,"8249":222,"8250":223,"8260":220,"8364":221,"8482":194,"8486":204,"8706":199,"8710":208,"8719":201,"8721":200,"8730":205,"8734":196,"8747":203,"8776":207,"8800":195,"8804":197,"8805":198,"9674":218,"64257":224,"64258":225},"Reserves":{"fontname":"Calisto MT Italic"},"Names":{"Calisto MT Italic":{"name":"Calisto MT Italic","longitude":"0.00000001","latitude":"0.00000001","country":"","region":"","city":""}},"Nodes":{"ca":{"type":"typal","node":"ca","usage":1,"weight":1},"to":{"type":"typal","node":"to","usage":1,"weight":1},"it":{"type":"typal","node":"it","usage":1,"weight":1},"ic":{"type":"typal","node":"ic","usage":1,"weight":1},"cal":{"type":"typal","node":"cal","usage":1,"weight":1},"sto":{"type":"typal","node":"sto","usage":1,"weight":1},"ita":{"type":"typal","node":"ita","usage":1,"weight":1},"lic":{"type":"typal","node":"lic","usage":1,"weight":1},"cali":{"type":"keys","node":"cali","usage":1,"weight":1},"isto":{"type":"keys","node":"isto","usage":1,"weight":1},"ital":{"type":"keys","node":"ital","usage":1,"weight":1},"alic":{"type":"keys","node":"alic","usage":1,"weight":1},"calis":{"type":"keys","node":"calis","usage":1,"weight":1},"listo":{"type":"keys","node":"listo","usage":1,"weight":1},"itali":{"type":"keys","node":"itali","usage":1,"weight":1},"talic":{"type":"keys","node":"talic","usage":1,"weight":1},"calisto":{"type":"fixes","node":"calisto","usage":1,"weight":1},"mt":{"type":"fixes","node":"mt","usage":1,"weight":1},"italic":{"type":"fixes","node":"italic","usage":1,"weight":1}},"Contributors":[],"FontIdentity":"zinc77:7fad5a165920860b2d36e7b36","Bytes":null,"Networking":[],"barcode":"12wi10oaisuw4ou","referee":"oeuk8"}