{"CSS":{"Zwo-LF-w-7-SC-Exp":"Zwo-LF-w-7-SC-Exp.css","Zwo LF w 7 SC Exp":"92f84182c9a791db32fe2bb0b972c383.css"},"FontType":"TrueType","FontCopyright":"2002 Joerg Hemker, published by FontShop International for the FontFont library.","FontName":"Zwo-LF","FontSubfamily":"LF-w-7-SC-Exp","FontSubfamilyID":"FontForge 2.0 : Zwo-LF-w-7-SC-Exp : 27-5-2016","FontFullName":"Zwo LF w 7 SC Exp","FontVersion":"Version 4.313 ","FontWeight":null,"FontPostscriptName":"Zwo-LF-w-7-SC-Exp","Files":null,"Table":{"FFTM":{"entryLength":16,"tag":"FFTM","checksum":1931032016,"offset":17012,"length":28},"GDEF":{"entryLength":16,"tag":"GDEF","checksum":18219014,"offset":16980,"length":32},"OS\/2":{"entryLength":16,"tag":"OS\/2","checksum":1466374791,"offset":344,"length":86},"cmap":{"entryLength":16,"tag":"cmap","checksum":993690252,"offset":1364,"length":566},"gasp":{"entryLength":16,"tag":"gasp","checksum":4294901763,"offset":16972,"length":8},"glyf":{"entryLength":16,"tag":"glyf","checksum":80620520,"offset":2400,"length":13284},"head":{"entryLength":16,"tag":"head","checksum":274736914,"offset":220,"length":54},"hhea":{"entryLength":16,"tag":"hhea","checksum":235866653,"offset":276,"length":36},"hmtx":{"entryLength":16,"tag":"hmtx","checksum":2496536849,"offset":432,"length":932},"loca":{"entryLength":16,"tag":"loca","checksum":2070185962,"offset":1932,"length":468},"maxp":{"entryLength":16,"tag":"maxp","checksum":20578479,"offset":312,"length":32},"name":{"entryLength":16,"tag":"name","checksum":4188792440,"offset":15684,"length":771},"post":{"entryLength":16,"tag":"post","checksum":569406384,"offset":16456,"length":513}},"UnicodeCharMap":{"32":3,"33":4,"34":5,"35":6,"36":7,"37":8,"38":9,"39":10,"40":11,"41":12,"42":13,"43":14,"44":15,"45":16,"46":17,"47":18,"48":19,"49":20,"50":21,"51":22,"52":23,"53":24,"54":25,"55":26,"56":27,"57":28,"58":29,"59":30,"60":31,"61":32,"62":33,"63":34,"64":35,"65":36,"66":37,"67":38,"68":39,"69":40,"70":41,"71":42,"72":43,"73":44,"74":45,"75":46,"76":47,"77":48,"78":49,"79":50,"80":51,"81":52,"82":53,"83":54,"84":55,"85":56,"86":57,"87":58,"88":59,"89":60,"90":61,"91":62,"92":63,"93":64,"94":65,"95":66,"96":67,"97":68,"98":69,"99":70,"100":71,"101":72,"102":73,"103":74,"104":75,"105":76,"106":77,"107":78,"108":79,"109":80,"110":81,"111":82,"112":83,"113":84,"114":85,"115":86,"116":87,"117":88,"118":89,"119":90,"120":91,"121":92,"122":93,"123":94,"124":95,"125":96,"126":97,"160":98,"161":99,"162":100,"163":101,"164":102,"165":103,"166":104,"167":105,"168":106,"169":107,"170":108,"171":109,"172":110,"174":111,"175":112,"176":113,"177":114,"178":115,"179":116,"180":117,"182":119,"183":120,"184":121,"185":122,"186":123,"187":124,"188":125,"189":126,"190":127,"191":128,"192":129,"193":130,"194":131,"195":132,"196":133,"197":134,"198":135,"199":136,"200":137,"201":138,"202":139,"203":140,"204":141,"205":142,"206":143,"207":144,"208":145,"209":146,"210":147,"211":148,"212":149,"213":150,"214":151,"215":152,"216":153,"217":154,"218":155,"219":156,"220":157,"221":158,"222":159,"223":160,"224":161,"225":162,"226":163,"227":164,"228":165,"229":166,"230":167,"231":168,"232":169,"233":170,"234":171,"235":172,"236":173,"237":174,"238":175,"239":176,"240":177,"241":178,"242":179,"243":180,"244":181,"245":182,"246":183,"247":184,"248":185,"249":186,"250":187,"251":188,"252":189,"253":190,"254":191,"255":192,"305":222,"321":220,"322":223,"338":221,"339":224,"352":225,"353":226,"376":230,"381":227,"382":232,"402":196,"710":211,"711":218,"728":213,"729":214,"730":215,"731":217,"732":212,"733":216,"956":118,"8211":202,"8212":219,"8216":194,"8217":193,"8218":206,"8220":197,"8221":208,"8222":207,"8224":203,"8225":204,"8226":205,"8230":209,"8240":210,"8249":198,"8250":199,"8260":195,"8364":231,"8482":229,"8722":228,"64257":200,"64258":201},"Reserves":{"fontname":"Zwo LF w 7 SC Exp"},"Names":{"Zwo LF w 7 SC Exp":{"name":"Zwo LF w 7 SC Exp","longitude":"0.00000001","latitude":"0.00000001","country":"","region":"","city":""}},"Nodes":{"zw":{"type":"typal","node":"zw","usage":1,"weight":1},"wo":{"type":"typal","node":"wo","usage":1,"weight":1},"ex":{"type":"typal","node":"ex","usage":1,"weight":1},"xp":{"type":"typal","node":"xp","usage":1,"weight":1},"zwo":{"type":"fixes","node":"zwo","usage":1,"weight":1},"lf":{"type":"fixes","node":"lf","usage":1,"weight":1},"w":{"type":"fixes","node":"w","usage":1,"weight":1},"7":{"type":"fixes","node":7,"usage":1,"weight":1},"sc":{"type":"fixes","node":"sc","usage":1,"weight":1},"exp":{"type":"fixes","node":"exp","usage":1,"weight":1}},"Contributors":[],"FontIdentity":"92f84182c9a791db32fe2bb0b972c383","Bytes":null,"Networking":[]}