{"CSS":{"VonnesTTBoldExt":"VonnesTTBoldExt.css","Vonnes TTBold Ext":"qldgovau:e454169c4bf829820b63e7a.css"},"FontType":"TrueType","FontCopyright":"Copyright (c) 1997, The Font Bureau, Inc. David Berlow, All rights reserved","FontName":"VonnesTTBoldExt","FontSubfamily":"BoldExt","FontSubfamilyID":"FontForge 2.0 : VonnesTTBoldExt : 12-8-2016","FontFullName":"Vonnes TTBold Ext","FontVersion":"Version 001.000 ","FontWeight":null,"FontPostscriptName":"VonnesTTBoldExt","Files":{"\/VonnesTTBoldExt.css":"\/VonnesTTBoldExt.css","\/font-resource.json":"\/font-resource.json","\/vonnesttboldext.afm":"\/vonnesttboldext.afm","\/vonnesttboldext.cef":"\/vonnesttboldext.cef","\/vonnesttboldext.cff":"\/vonnesttboldext.cff","\/vonnesttboldext.eot":"\/vonnesttboldext.eot","\/vonnesttboldext.gai":"\/vonnesttboldext.gai","\/vonnesttboldext.gsf":"\/vonnesttboldext.gsf","\/vonnesttboldext.otf":"\/vonnesttboldext.otf","\/vonnesttboldext.pf3":"\/vonnesttboldext.pf3","\/vonnesttboldext.pfa":"\/vonnesttboldext.pfa","\/vonnesttboldext.pfb":"\/vonnesttboldext.pfb","\/vonnesttboldext.php":"\/vonnesttboldext.php","\/vonnesttboldext.pt3":"\/vonnesttboldext.pt3","\/vonnesttboldext.sfd":"\/vonnesttboldext.sfd","\/vonnesttboldext.svg":"\/vonnesttboldext.svg","\/vonnesttboldext.t42":"\/vonnesttboldext.t42","\/vonnesttboldext.ttd":"\/vonnesttboldext.ttd","\/vonnesttboldext.ttf":"\/vonnesttboldext.ttf","\/vonnesttboldext.ttg":"\/vonnesttboldext.ttg","\/vonnesttboldext.ufm":"\/vonnesttboldext.ufm","\/vonnesttboldext.woff":"\/vonnesttboldext.woff","\/vonnesttboldext.z":"\/vonnesttboldext.z","\/vonnesttboldext.ufo\/feature.fea":"\/vonnesttboldext.ufo\/feature.fea","\/vonnesttboldext.ufo\/fontinfo.plist":"\/vonnesttboldext.ufo\/fontinfo.plist","\/vonnesttboldext.ufo\/groups.plist":"\/vonnesttboldext.ufo\/groups.plist","\/vonnesttboldext.ufo\/kerning.plist":"\/vonnesttboldext.ufo\/kerning.plist","\/vonnesttboldext.ufo\/metainfo.plist":"\/vonnesttboldext.ufo\/metainfo.plist","\/vonnesttboldext.ufo\/glyphs\/A_.glif":"\/vonnesttboldext.ufo\/glyphs\/A_.glif","\/vonnesttboldext.ufo\/glyphs\/A_E_.glif":"\/vonnesttboldext.ufo\/glyphs\/A_E_.glif","\/vonnesttboldext.ufo\/glyphs\/A_acute.glif":"\/vonnesttboldext.ufo\/glyphs\/A_acute.glif","\/vonnesttboldext.ufo\/glyphs\/A_circumflex.glif":"\/vonnesttboldext.ufo\/glyphs\/A_circumflex.glif","\/vonnesttboldext.ufo\/glyphs\/A_dieresis.glif":"\/vonnesttboldext.ufo\/glyphs\/A_dieresis.glif","\/vonnesttboldext.ufo\/glyphs\/A_grave.glif":"\/vonnesttboldext.ufo\/glyphs\/A_grave.glif","\/vonnesttboldext.ufo\/glyphs\/A_ring.glif":"\/vonnesttboldext.ufo\/glyphs\/A_ring.glif","\/vonnesttboldext.ufo\/glyphs\/A_tilde.glif":"\/vonnesttboldext.ufo\/glyphs\/A_tilde.glif","\/vonnesttboldext.ufo\/glyphs\/B_.glif":"\/vonnesttboldext.ufo\/glyphs\/B_.glif","\/vonnesttboldext.ufo\/glyphs\/C_.glif":"\/vonnesttboldext.ufo\/glyphs\/C_.glif","\/vonnesttboldext.ufo\/glyphs\/C_R_.glif":"\/vonnesttboldext.ufo\/glyphs\/C_R_.glif","\/vonnesttboldext.ufo\/glyphs\/C_cedilla.glif":"\/vonnesttboldext.ufo\/glyphs\/C_cedilla.glif","\/vonnesttboldext.ufo\/glyphs\/D_.glif":"\/vonnesttboldext.ufo\/glyphs\/D_.glif","\/vonnesttboldext.ufo\/glyphs\/D_elta.glif":"\/vonnesttboldext.ufo\/glyphs\/D_elta.glif","\/vonnesttboldext.ufo\/glyphs\/E_.glif":"\/vonnesttboldext.ufo\/glyphs\/E_.glif","\/vonnesttboldext.ufo\/glyphs\/E_acute.glif":"\/vonnesttboldext.ufo\/glyphs\/E_acute.glif","\/vonnesttboldext.ufo\/glyphs\/E_circumflex.glif":"\/vonnesttboldext.ufo\/glyphs\/E_circumflex.glif","\/vonnesttboldext.ufo\/glyphs\/E_dieresis.glif":"\/vonnesttboldext.ufo\/glyphs\/E_dieresis.glif","\/vonnesttboldext.ufo\/glyphs\/E_grave.glif":"\/vonnesttboldext.ufo\/glyphs\/E_grave.glif","\/vonnesttboldext.ufo\/glyphs\/E_th.glif":"\/vonnesttboldext.ufo\/glyphs\/E_th.glif","\/vonnesttboldext.ufo\/glyphs\/F_.glif":"\/vonnesttboldext.ufo\/glyphs\/F_.glif","\/vonnesttboldext.ufo\/glyphs\/G_.glif":"\/vonnesttboldext.ufo\/glyphs\/G_.glif","\/vonnesttboldext.ufo\/glyphs\/H_.glif":"\/vonnesttboldext.ufo\/glyphs\/H_.glif","\/vonnesttboldext.ufo\/glyphs\/H_T_.glif":"\/vonnesttboldext.ufo\/glyphs\/H_T_.glif","\/vonnesttboldext.ufo\/glyphs\/I_.glif":"\/vonnesttboldext.ufo\/glyphs\/I_.glif","\/vonnesttboldext.ufo\/glyphs\/I_acute.glif":"\/vonnesttboldext.ufo\/glyphs\/I_acute.glif","\/vonnesttboldext.ufo\/glyphs\/I_circumflex.glif":"\/vonnesttboldext.ufo\/glyphs\/I_circumflex.glif","\/vonnesttboldext.ufo\/glyphs\/I_dieresis.glif":"\/vonnesttboldext.ufo\/glyphs\/I_dieresis.glif","\/vonnesttboldext.ufo\/glyphs\/I_grave.glif":"\/vonnesttboldext.ufo\/glyphs\/I_grave.glif","\/vonnesttboldext.ufo\/glyphs\/J_.glif":"\/vonnesttboldext.ufo\/glyphs\/J_.glif","\/vonnesttboldext.ufo\/glyphs\/K_.glif":"\/vonnesttboldext.ufo\/glyphs\/K_.glif","\/vonnesttboldext.ufo\/glyphs\/L_.glif":"\/vonnesttboldext.ufo\/glyphs\/L_.glif","\/vonnesttboldext.ufo\/glyphs\/L_slash.glif":"\/vonnesttboldext.ufo\/glyphs\/L_slash.glif","\/vonnesttboldext.ufo\/glyphs\/M_.glif":"\/vonnesttboldext.ufo\/glyphs\/M_.glif","\/vonnesttboldext.ufo\/glyphs\/N_.glif":"\/vonnesttboldext.ufo\/glyphs\/N_.glif","\/vonnesttboldext.ufo\/glyphs\/N_U_L_.glif":"\/vonnesttboldext.ufo\/glyphs\/N_U_L_.glif","\/vonnesttboldext.ufo\/glyphs\/N_tilde.glif":"\/vonnesttboldext.ufo\/glyphs\/N_tilde.glif","\/vonnesttboldext.ufo\/glyphs\/O_.glif":"\/vonnesttboldext.ufo\/glyphs\/O_.glif","\/vonnesttboldext.ufo\/glyphs\/O_E_.glif":"\/vonnesttboldext.ufo\/glyphs\/O_E_.glif","\/vonnesttboldext.ufo\/glyphs\/O_acute.glif":"\/vonnesttboldext.ufo\/glyphs\/O_acute.glif","\/vonnesttboldext.ufo\/glyphs\/O_circumflex.glif":"\/vonnesttboldext.ufo\/glyphs\/O_circumflex.glif","\/vonnesttboldext.ufo\/glyphs\/O_dieresis.glif":"\/vonnesttboldext.ufo\/glyphs\/O_dieresis.glif","\/vonnesttboldext.ufo\/glyphs\/O_grave.glif":"\/vonnesttboldext.ufo\/glyphs\/O_grave.glif","\/vonnesttboldext.ufo\/glyphs\/O_mega.glif":"\/vonnesttboldext.ufo\/glyphs\/O_mega.glif","\/vonnesttboldext.ufo\/glyphs\/O_slash.glif":"\/vonnesttboldext.ufo\/glyphs\/O_slash.glif","\/vonnesttboldext.ufo\/glyphs\/O_tilde.glif":"\/vonnesttboldext.ufo\/glyphs\/O_tilde.glif","\/vonnesttboldext.ufo\/glyphs\/P_.glif":"\/vonnesttboldext.ufo\/glyphs\/P_.glif","\/vonnesttboldext.ufo\/glyphs\/Q_.glif":"\/vonnesttboldext.ufo\/glyphs\/Q_.glif","\/vonnesttboldext.ufo\/glyphs\/R_.glif":"\/vonnesttboldext.ufo\/glyphs\/R_.glif","\/vonnesttboldext.ufo\/glyphs\/S_.glif":"\/vonnesttboldext.ufo\/glyphs\/S_.glif","\/vonnesttboldext.ufo\/glyphs\/S_caron.glif":"\/vonnesttboldext.ufo\/glyphs\/S_caron.glif","\/vonnesttboldext.ufo\/glyphs\/T_.glif":"\/vonnesttboldext.ufo\/glyphs\/T_.glif","\/vonnesttboldext.ufo\/glyphs\/T_horn.glif":"\/vonnesttboldext.ufo\/glyphs\/T_horn.glif","\/vonnesttboldext.ufo\/glyphs\/U_.glif":"\/vonnesttboldext.ufo\/glyphs\/U_.glif","\/vonnesttboldext.ufo\/glyphs\/U_acute.glif":"\/vonnesttboldext.ufo\/glyphs\/U_acute.glif","\/vonnesttboldext.ufo\/glyphs\/U_circumflex.glif":"\/vonnesttboldext.ufo\/glyphs\/U_circumflex.glif","\/vonnesttboldext.ufo\/glyphs\/U_dieresis.glif":"\/vonnesttboldext.ufo\/glyphs\/U_dieresis.glif","\/vonnesttboldext.ufo\/glyphs\/U_grave.glif":"\/vonnesttboldext.ufo\/glyphs\/U_grave.glif","\/vonnesttboldext.ufo\/glyphs\/V_.glif":"\/vonnesttboldext.ufo\/glyphs\/V_.glif","\/vonnesttboldext.ufo\/glyphs\/W_.glif":"\/vonnesttboldext.ufo\/glyphs\/W_.glif","\/vonnesttboldext.ufo\/glyphs\/X_.glif":"\/vonnesttboldext.ufo\/glyphs\/X_.glif","\/vonnesttboldext.ufo\/glyphs\/Y_.glif":"\/vonnesttboldext.ufo\/glyphs\/Y_.glif","\/vonnesttboldext.ufo\/glyphs\/Y_acute.glif":"\/vonnesttboldext.ufo\/glyphs\/Y_acute.glif","\/vonnesttboldext.ufo\/glyphs\/Y_dieresis.glif":"\/vonnesttboldext.ufo\/glyphs\/Y_dieresis.glif","\/vonnesttboldext.ufo\/glyphs\/Z_.glif":"\/vonnesttboldext.ufo\/glyphs\/Z_.glif","\/vonnesttboldext.ufo\/glyphs\/Z_caron.glif":"\/vonnesttboldext.ufo\/glyphs\/Z_caron.glif","\/vonnesttboldext.ufo\/glyphs\/a.glif":"\/vonnesttboldext.ufo\/glyphs\/a.glif","\/vonnesttboldext.ufo\/glyphs\/aacute.glif":"\/vonnesttboldext.ufo\/glyphs\/aacute.glif","\/vonnesttboldext.ufo\/glyphs\/acircumflex.glif":"\/vonnesttboldext.ufo\/glyphs\/acircumflex.glif","\/vonnesttboldext.ufo\/glyphs\/acute.glif":"\/vonnesttboldext.ufo\/glyphs\/acute.glif","\/vonnesttboldext.ufo\/glyphs\/adieresis.glif":"\/vonnesttboldext.ufo\/glyphs\/adieresis.glif","\/vonnesttboldext.ufo\/glyphs\/ae.glif":"\/vonnesttboldext.ufo\/glyphs\/ae.glif","\/vonnesttboldext.ufo\/glyphs\/agrave.glif":"\/vonnesttboldext.ufo\/glyphs\/agrave.glif","\/vonnesttboldext.ufo\/glyphs\/ampersand.glif":"\/vonnesttboldext.ufo\/glyphs\/ampersand.glif","\/vonnesttboldext.ufo\/glyphs\/apple.glif":"\/vonnesttboldext.ufo\/glyphs\/apple.glif","\/vonnesttboldext.ufo\/glyphs\/approxequal.glif":"\/vonnesttboldext.ufo\/glyphs\/approxequal.glif","\/vonnesttboldext.ufo\/glyphs\/aring.glif":"\/vonnesttboldext.ufo\/glyphs\/aring.glif","\/vonnesttboldext.ufo\/glyphs\/asciicircum.glif":"\/vonnesttboldext.ufo\/glyphs\/asciicircum.glif","\/vonnesttboldext.ufo\/glyphs\/asciitilde.glif":"\/vonnesttboldext.ufo\/glyphs\/asciitilde.glif","\/vonnesttboldext.ufo\/glyphs\/asterisk.glif":"\/vonnesttboldext.ufo\/glyphs\/asterisk.glif","\/vonnesttboldext.ufo\/glyphs\/at.glif":"\/vonnesttboldext.ufo\/glyphs\/at.glif","\/vonnesttboldext.ufo\/glyphs\/atilde.glif":"\/vonnesttboldext.ufo\/glyphs\/atilde.glif","\/vonnesttboldext.ufo\/glyphs\/b.glif":"\/vonnesttboldext.ufo\/glyphs\/b.glif","\/vonnesttboldext.ufo\/glyphs\/backslash.glif":"\/vonnesttboldext.ufo\/glyphs\/backslash.glif","\/vonnesttboldext.ufo\/glyphs\/bar.glif":"\/vonnesttboldext.ufo\/glyphs\/bar.glif","\/vonnesttboldext.ufo\/glyphs\/braceleft.glif":"\/vonnesttboldext.ufo\/glyphs\/braceleft.glif","\/vonnesttboldext.ufo\/glyphs\/braceright.glif":"\/vonnesttboldext.ufo\/glyphs\/braceright.glif","\/vonnesttboldext.ufo\/glyphs\/bracketleft.glif":"\/vonnesttboldext.ufo\/glyphs\/bracketleft.glif","\/vonnesttboldext.ufo\/glyphs\/bracketright.glif":"\/vonnesttboldext.ufo\/glyphs\/bracketright.glif","\/vonnesttboldext.ufo\/glyphs\/breve.glif":"\/vonnesttboldext.ufo\/glyphs\/breve.glif","\/vonnesttboldext.ufo\/glyphs\/brokenbar.glif":"\/vonnesttboldext.ufo\/glyphs\/brokenbar.glif","\/vonnesttboldext.ufo\/glyphs\/bullet.glif":"\/vonnesttboldext.ufo\/glyphs\/bullet.glif","\/vonnesttboldext.ufo\/glyphs\/c.glif":"\/vonnesttboldext.ufo\/glyphs\/c.glif","\/vonnesttboldext.ufo\/glyphs\/caron.glif":"\/vonnesttboldext.ufo\/glyphs\/caron.glif","\/vonnesttboldext.ufo\/glyphs\/ccedilla.glif":"\/vonnesttboldext.ufo\/glyphs\/ccedilla.glif","\/vonnesttboldext.ufo\/glyphs\/cedilla.glif":"\/vonnesttboldext.ufo\/glyphs\/cedilla.glif","\/vonnesttboldext.ufo\/glyphs\/cent.glif":"\/vonnesttboldext.ufo\/glyphs\/cent.glif","\/vonnesttboldext.ufo\/glyphs\/circumflex.glif":"\/vonnesttboldext.ufo\/glyphs\/circumflex.glif","\/vonnesttboldext.ufo\/glyphs\/colon.glif":"\/vonnesttboldext.ufo\/glyphs\/colon.glif","\/vonnesttboldext.ufo\/glyphs\/comma.glif":"\/vonnesttboldext.ufo\/glyphs\/comma.glif","\/vonnesttboldext.ufo\/glyphs\/contents.plist":"\/vonnesttboldext.ufo\/glyphs\/contents.plist","\/vonnesttboldext.ufo\/glyphs\/copyright.glif":"\/vonnesttboldext.ufo\/glyphs\/copyright.glif","\/vonnesttboldext.ufo\/glyphs\/currency.glif":"\/vonnesttboldext.ufo\/glyphs\/currency.glif","\/vonnesttboldext.ufo\/glyphs\/d.glif":"\/vonnesttboldext.ufo\/glyphs\/d.glif","\/vonnesttboldext.ufo\/glyphs\/dagger.glif":"\/vonnesttboldext.ufo\/glyphs\/dagger.glif","\/vonnesttboldext.ufo\/glyphs\/daggerdbl.glif":"\/vonnesttboldext.ufo\/glyphs\/daggerdbl.glif","\/vonnesttboldext.ufo\/glyphs\/degree.glif":"\/vonnesttboldext.ufo\/glyphs\/degree.glif","\/vonnesttboldext.ufo\/glyphs\/dieresis.glif":"\/vonnesttboldext.ufo\/glyphs\/dieresis.glif","\/vonnesttboldext.ufo\/glyphs\/divide.glif":"\/vonnesttboldext.ufo\/glyphs\/divide.glif","\/vonnesttboldext.ufo\/glyphs\/dollar.glif":"\/vonnesttboldext.ufo\/glyphs\/dollar.glif","\/vonnesttboldext.ufo\/glyphs\/dotaccent.glif":"\/vonnesttboldext.ufo\/glyphs\/dotaccent.glif","\/vonnesttboldext.ufo\/glyphs\/dotlessi.glif":"\/vonnesttboldext.ufo\/glyphs\/dotlessi.glif","\/vonnesttboldext.ufo\/glyphs\/e.glif":"\/vonnesttboldext.ufo\/glyphs\/e.glif","\/vonnesttboldext.ufo\/glyphs\/eacute.glif":"\/vonnesttboldext.ufo\/glyphs\/eacute.glif","\/vonnesttboldext.ufo\/glyphs\/ecircumflex.glif":"\/vonnesttboldext.ufo\/glyphs\/ecircumflex.glif","\/vonnesttboldext.ufo\/glyphs\/edieresis.glif":"\/vonnesttboldext.ufo\/glyphs\/edieresis.glif","\/vonnesttboldext.ufo\/glyphs\/egrave.glif":"\/vonnesttboldext.ufo\/glyphs\/egrave.glif","\/vonnesttboldext.ufo\/glyphs\/eight.glif":"\/vonnesttboldext.ufo\/glyphs\/eight.glif","\/vonnesttboldext.ufo\/glyphs\/ellipsis.glif":"\/vonnesttboldext.ufo\/glyphs\/ellipsis.glif","\/vonnesttboldext.ufo\/glyphs\/emdash.glif":"\/vonnesttboldext.ufo\/glyphs\/emdash.glif","\/vonnesttboldext.ufo\/glyphs\/endash.glif":"\/vonnesttboldext.ufo\/glyphs\/endash.glif","\/vonnesttboldext.ufo\/glyphs\/equal.glif":"\/vonnesttboldext.ufo\/glyphs\/equal.glif","\/vonnesttboldext.ufo\/glyphs\/eth.glif":"\/vonnesttboldext.ufo\/glyphs\/eth.glif","\/vonnesttboldext.ufo\/glyphs\/exclam.glif":"\/vonnesttboldext.ufo\/glyphs\/exclam.glif","\/vonnesttboldext.ufo\/glyphs\/exclamdown.glif":"\/vonnesttboldext.ufo\/glyphs\/exclamdown.glif","\/vonnesttboldext.ufo\/glyphs\/f.glif":"\/vonnesttboldext.ufo\/glyphs\/f.glif","\/vonnesttboldext.ufo\/glyphs\/fi.glif":"\/vonnesttboldext.ufo\/glyphs\/fi.glif","\/vonnesttboldext.ufo\/glyphs\/five.glif":"\/vonnesttboldext.ufo\/glyphs\/five.glif","\/vonnesttboldext.ufo\/glyphs\/fl.glif":"\/vonnesttboldext.ufo\/glyphs\/fl.glif","\/vonnesttboldext.ufo\/glyphs\/florin.glif":"\/vonnesttboldext.ufo\/glyphs\/florin.glif","\/vonnesttboldext.ufo\/glyphs\/four.glif":"\/vonnesttboldext.ufo\/glyphs\/four.glif","\/vonnesttboldext.ufo\/glyphs\/fraction.glif":"\/vonnesttboldext.ufo\/glyphs\/fraction.glif","\/vonnesttboldext.ufo\/glyphs\/g.glif":"\/vonnesttboldext.ufo\/glyphs\/g.glif","\/vonnesttboldext.ufo\/glyphs\/germandbls.glif":"\/vonnesttboldext.ufo\/glyphs\/germandbls.glif","\/vonnesttboldext.ufo\/glyphs\/grave.glif":"\/vonnesttboldext.ufo\/glyphs\/grave.glif","\/vonnesttboldext.ufo\/glyphs\/greater.glif":"\/vonnesttboldext.ufo\/glyphs\/greater.glif","\/vonnesttboldext.ufo\/glyphs\/greaterequal.glif":"\/vonnesttboldext.ufo\/glyphs\/greaterequal.glif","\/vonnesttboldext.ufo\/glyphs\/guillemotleft.glif":"\/vonnesttboldext.ufo\/glyphs\/guillemotleft.glif","\/vonnesttboldext.ufo\/glyphs\/guillemotright.glif":"\/vonnesttboldext.ufo\/glyphs\/guillemotright.glif","\/vonnesttboldext.ufo\/glyphs\/guilsinglleft.glif":"\/vonnesttboldext.ufo\/glyphs\/guilsinglleft.glif","\/vonnesttboldext.ufo\/glyphs\/guilsinglright.glif":"\/vonnesttboldext.ufo\/glyphs\/guilsinglright.glif","\/vonnesttboldext.ufo\/glyphs\/h.glif":"\/vonnesttboldext.ufo\/glyphs\/h.glif","\/vonnesttboldext.ufo\/glyphs\/hungarumlaut.glif":"\/vonnesttboldext.ufo\/glyphs\/hungarumlaut.glif","\/vonnesttboldext.ufo\/glyphs\/hyphen.glif":"\/vonnesttboldext.ufo\/glyphs\/hyphen.glif","\/vonnesttboldext.ufo\/glyphs\/i.glif":"\/vonnesttboldext.ufo\/glyphs\/i.glif","\/vonnesttboldext.ufo\/glyphs\/iacute.glif":"\/vonnesttboldext.ufo\/glyphs\/iacute.glif","\/vonnesttboldext.ufo\/glyphs\/icircumflex.glif":"\/vonnesttboldext.ufo\/glyphs\/icircumflex.glif","\/vonnesttboldext.ufo\/glyphs\/idieresis.glif":"\/vonnesttboldext.ufo\/glyphs\/idieresis.glif","\/vonnesttboldext.ufo\/glyphs\/igrave.glif":"\/vonnesttboldext.ufo\/glyphs\/igrave.glif","\/vonnesttboldext.ufo\/glyphs\/infinity.glif":"\/vonnesttboldext.ufo\/glyphs\/infinity.glif","\/vonnesttboldext.ufo\/glyphs\/integral.glif":"\/vonnesttboldext.ufo\/glyphs\/integral.glif","\/vonnesttboldext.ufo\/glyphs\/j.glif":"\/vonnesttboldext.ufo\/glyphs\/j.glif","\/vonnesttboldext.ufo\/glyphs\/k.glif":"\/vonnesttboldext.ufo\/glyphs\/k.glif","\/vonnesttboldext.ufo\/glyphs\/l.glif":"\/vonnesttboldext.ufo\/glyphs\/l.glif","\/vonnesttboldext.ufo\/glyphs\/less.glif":"\/vonnesttboldext.ufo\/glyphs\/less.glif","\/vonnesttboldext.ufo\/glyphs\/lessequal.glif":"\/vonnesttboldext.ufo\/glyphs\/lessequal.glif","\/vonnesttboldext.ufo\/glyphs\/logicalnot.glif":"\/vonnesttboldext.ufo\/glyphs\/logicalnot.glif","\/vonnesttboldext.ufo\/glyphs\/lozenge.glif":"\/vonnesttboldext.ufo\/glyphs\/lozenge.glif","\/vonnesttboldext.ufo\/glyphs\/lslash.glif":"\/vonnesttboldext.ufo\/glyphs\/lslash.glif","\/vonnesttboldext.ufo\/glyphs\/m.glif":"\/vonnesttboldext.ufo\/glyphs\/m.glif","\/vonnesttboldext.ufo\/glyphs\/macron.glif":"\/vonnesttboldext.ufo\/glyphs\/macron.glif","\/vonnesttboldext.ufo\/glyphs\/minus.glif":"\/vonnesttboldext.ufo\/glyphs\/minus.glif","\/vonnesttboldext.ufo\/glyphs\/mu.glif":"\/vonnesttboldext.ufo\/glyphs\/mu.glif","\/vonnesttboldext.ufo\/glyphs\/multiply.glif":"\/vonnesttboldext.ufo\/glyphs\/multiply.glif","\/vonnesttboldext.ufo\/glyphs\/n.glif":"\/vonnesttboldext.ufo\/glyphs\/n.glif","\/vonnesttboldext.ufo\/glyphs\/nbspace.glif":"\/vonnesttboldext.ufo\/glyphs\/nbspace.glif","\/vonnesttboldext.ufo\/glyphs\/nine.glif":"\/vonnesttboldext.ufo\/glyphs\/nine.glif","\/vonnesttboldext.ufo\/glyphs\/notequal.glif":"\/vonnesttboldext.ufo\/glyphs\/notequal.glif","\/vonnesttboldext.ufo\/glyphs\/ntilde.glif":"\/vonnesttboldext.ufo\/glyphs\/ntilde.glif","\/vonnesttboldext.ufo\/glyphs\/numbersign.glif":"\/vonnesttboldext.ufo\/glyphs\/numbersign.glif","\/vonnesttboldext.ufo\/glyphs\/o.glif":"\/vonnesttboldext.ufo\/glyphs\/o.glif","\/vonnesttboldext.ufo\/glyphs\/oacute.glif":"\/vonnesttboldext.ufo\/glyphs\/oacute.glif","\/vonnesttboldext.ufo\/glyphs\/ocircumflex.glif":"\/vonnesttboldext.ufo\/glyphs\/ocircumflex.glif","\/vonnesttboldext.ufo\/glyphs\/odieresis.glif":"\/vonnesttboldext.ufo\/glyphs\/odieresis.glif","\/vonnesttboldext.ufo\/glyphs\/oe.glif":"\/vonnesttboldext.ufo\/glyphs\/oe.glif","\/vonnesttboldext.ufo\/glyphs\/ogonek.glif":"\/vonnesttboldext.ufo\/glyphs\/ogonek.glif","\/vonnesttboldext.ufo\/glyphs\/ograve.glif":"\/vonnesttboldext.ufo\/glyphs\/ograve.glif","\/vonnesttboldext.ufo\/glyphs\/one.glif":"\/vonnesttboldext.ufo\/glyphs\/one.glif","\/vonnesttboldext.ufo\/glyphs\/onehalf.glif":"\/vonnesttboldext.ufo\/glyphs\/onehalf.glif","\/vonnesttboldext.ufo\/glyphs\/onequarter.glif":"\/vonnesttboldext.ufo\/glyphs\/onequarter.glif","\/vonnesttboldext.ufo\/glyphs\/onesuperior.glif":"\/vonnesttboldext.ufo\/glyphs\/onesuperior.glif","\/vonnesttboldext.ufo\/glyphs\/ordfeminine.glif":"\/vonnesttboldext.ufo\/glyphs\/ordfeminine.glif","\/vonnesttboldext.ufo\/glyphs\/ordmasculine.glif":"\/vonnesttboldext.ufo\/glyphs\/ordmasculine.glif","\/vonnesttboldext.ufo\/glyphs\/oslash.glif":"\/vonnesttboldext.ufo\/glyphs\/oslash.glif","\/vonnesttboldext.ufo\/glyphs\/otilde.glif":"\/vonnesttboldext.ufo\/glyphs\/otilde.glif","\/vonnesttboldext.ufo\/glyphs\/p.glif":"\/vonnesttboldext.ufo\/glyphs\/p.glif","\/vonnesttboldext.ufo\/glyphs\/paragraph.glif":"\/vonnesttboldext.ufo\/glyphs\/paragraph.glif","\/vonnesttboldext.ufo\/glyphs\/parenleft.glif":"\/vonnesttboldext.ufo\/glyphs\/parenleft.glif","\/vonnesttboldext.ufo\/glyphs\/parenright.glif":"\/vonnesttboldext.ufo\/glyphs\/parenright.glif","\/vonnesttboldext.ufo\/glyphs\/partialdiff.glif":"\/vonnesttboldext.ufo\/glyphs\/partialdiff.glif","\/vonnesttboldext.ufo\/glyphs\/percent.glif":"\/vonnesttboldext.ufo\/glyphs\/percent.glif","\/vonnesttboldext.ufo\/glyphs\/period.glif":"\/vonnesttboldext.ufo\/glyphs\/period.glif","\/vonnesttboldext.ufo\/glyphs\/periodcentered.glif":"\/vonnesttboldext.ufo\/glyphs\/periodcentered.glif","\/vonnesttboldext.ufo\/glyphs\/perthousand.glif":"\/vonnesttboldext.ufo\/glyphs\/perthousand.glif","\/vonnesttboldext.ufo\/glyphs\/pi.glif":"\/vonnesttboldext.ufo\/glyphs\/pi.glif","\/vonnesttboldext.ufo\/glyphs\/plus.glif":"\/vonnesttboldext.ufo\/glyphs\/plus.glif","\/vonnesttboldext.ufo\/glyphs\/plusminus.glif":"\/vonnesttboldext.ufo\/glyphs\/plusminus.glif","\/vonnesttboldext.ufo\/glyphs\/product.glif":"\/vonnesttboldext.ufo\/glyphs\/product.glif","\/vonnesttboldext.ufo\/glyphs\/q.glif":"\/vonnesttboldext.ufo\/glyphs\/q.glif","\/vonnesttboldext.ufo\/glyphs\/question.glif":"\/vonnesttboldext.ufo\/glyphs\/question.glif","\/vonnesttboldext.ufo\/glyphs\/questiondown.glif":"\/vonnesttboldext.ufo\/glyphs\/questiondown.glif","\/vonnesttboldext.ufo\/glyphs\/quotedbl.glif":"\/vonnesttboldext.ufo\/glyphs\/quotedbl.glif","\/vonnesttboldext.ufo\/glyphs\/quotedblbase.glif":"\/vonnesttboldext.ufo\/glyphs\/quotedblbase.glif","\/vonnesttboldext.ufo\/glyphs\/quotedblleft.glif":"\/vonnesttboldext.ufo\/glyphs\/quotedblleft.glif","\/vonnesttboldext.ufo\/glyphs\/quotedblright.glif":"\/vonnesttboldext.ufo\/glyphs\/quotedblright.glif","\/vonnesttboldext.ufo\/glyphs\/quoteleft.glif":"\/vonnesttboldext.ufo\/glyphs\/quoteleft.glif","\/vonnesttboldext.ufo\/glyphs\/quoteright.glif":"\/vonnesttboldext.ufo\/glyphs\/quoteright.glif","\/vonnesttboldext.ufo\/glyphs\/quotesinglbase.glif":"\/vonnesttboldext.ufo\/glyphs\/quotesinglbase.glif","\/vonnesttboldext.ufo\/glyphs\/quotesingle.glif":"\/vonnesttboldext.ufo\/glyphs\/quotesingle.glif","\/vonnesttboldext.ufo\/glyphs\/r.glif":"\/vonnesttboldext.ufo\/glyphs\/r.glif","\/vonnesttboldext.ufo\/glyphs\/radical.glif":"\/vonnesttboldext.ufo\/glyphs\/radical.glif","\/vonnesttboldext.ufo\/glyphs\/registered.glif":"\/vonnesttboldext.ufo\/glyphs\/registered.glif","\/vonnesttboldext.ufo\/glyphs\/ring.glif":"\/vonnesttboldext.ufo\/glyphs\/ring.glif","\/vonnesttboldext.ufo\/glyphs\/s.glif":"\/vonnesttboldext.ufo\/glyphs\/s.glif","\/vonnesttboldext.ufo\/glyphs\/scaron.glif":"\/vonnesttboldext.ufo\/glyphs\/scaron.glif","\/vonnesttboldext.ufo\/glyphs\/section.glif":"\/vonnesttboldext.ufo\/glyphs\/section.glif","\/vonnesttboldext.ufo\/glyphs\/semicolon.glif":"\/vonnesttboldext.ufo\/glyphs\/semicolon.glif","\/vonnesttboldext.ufo\/glyphs\/seven.glif":"\/vonnesttboldext.ufo\/glyphs\/seven.glif","\/vonnesttboldext.ufo\/glyphs\/six.glif":"\/vonnesttboldext.ufo\/glyphs\/six.glif","\/vonnesttboldext.ufo\/glyphs\/slash.glif":"\/vonnesttboldext.ufo\/glyphs\/slash.glif","\/vonnesttboldext.ufo\/glyphs\/space.glif":"\/vonnesttboldext.ufo\/glyphs\/space.glif","\/vonnesttboldext.ufo\/glyphs\/sterling.glif":"\/vonnesttboldext.ufo\/glyphs\/sterling.glif","\/vonnesttboldext.ufo\/glyphs\/summation.glif":"\/vonnesttboldext.ufo\/glyphs\/summation.glif","\/vonnesttboldext.ufo\/glyphs\/t.glif":"\/vonnesttboldext.ufo\/glyphs\/t.glif","\/vonnesttboldext.ufo\/glyphs\/thorn.glif":"\/vonnesttboldext.ufo\/glyphs\/thorn.glif","\/vonnesttboldext.ufo\/glyphs\/three.glif":"\/vonnesttboldext.ufo\/glyphs\/three.glif","\/vonnesttboldext.ufo\/glyphs\/threequarters.glif":"\/vonnesttboldext.ufo\/glyphs\/threequarters.glif","\/vonnesttboldext.ufo\/glyphs\/threesuperior.glif":"\/vonnesttboldext.ufo\/glyphs\/threesuperior.glif","\/vonnesttboldext.ufo\/glyphs\/tilde.glif":"\/vonnesttboldext.ufo\/glyphs\/tilde.glif","\/vonnesttboldext.ufo\/glyphs\/trademark.glif":"\/vonnesttboldext.ufo\/glyphs\/trademark.glif","\/vonnesttboldext.ufo\/glyphs\/two.glif":"\/vonnesttboldext.ufo\/glyphs\/two.glif","\/vonnesttboldext.ufo\/glyphs\/twosuperior.glif":"\/vonnesttboldext.ufo\/glyphs\/twosuperior.glif","\/vonnesttboldext.ufo\/glyphs\/u.glif":"\/vonnesttboldext.ufo\/glyphs\/u.glif","\/vonnesttboldext.ufo\/glyphs\/uacute.glif":"\/vonnesttboldext.ufo\/glyphs\/uacute.glif","\/vonnesttboldext.ufo\/glyphs\/ucircumflex.glif":"\/vonnesttboldext.ufo\/glyphs\/ucircumflex.glif","\/vonnesttboldext.ufo\/glyphs\/udieresis.glif":"\/vonnesttboldext.ufo\/glyphs\/udieresis.glif","\/vonnesttboldext.ufo\/glyphs\/ugrave.glif":"\/vonnesttboldext.ufo\/glyphs\/ugrave.glif","\/vonnesttboldext.ufo\/glyphs\/underscore.glif":"\/vonnesttboldext.ufo\/glyphs\/underscore.glif","\/vonnesttboldext.ufo\/glyphs\/v.glif":"\/vonnesttboldext.ufo\/glyphs\/v.glif","\/vonnesttboldext.ufo\/glyphs\/w.glif":"\/vonnesttboldext.ufo\/glyphs\/w.glif","\/vonnesttboldext.ufo\/glyphs\/x.glif":"\/vonnesttboldext.ufo\/glyphs\/x.glif","\/vonnesttboldext.ufo\/glyphs\/y.glif":"\/vonnesttboldext.ufo\/glyphs\/y.glif","\/vonnesttboldext.ufo\/glyphs\/yacute.glif":"\/vonnesttboldext.ufo\/glyphs\/yacute.glif","\/vonnesttboldext.ufo\/glyphs\/ydieresis.glif":"\/vonnesttboldext.ufo\/glyphs\/ydieresis.glif","\/vonnesttboldext.ufo\/glyphs\/yen.glif":"\/vonnesttboldext.ufo\/glyphs\/yen.glif","\/vonnesttboldext.ufo\/glyphs\/z.glif":"\/vonnesttboldext.ufo\/glyphs\/z.glif","\/vonnesttboldext.ufo\/glyphs\/zcaron.glif":"\/vonnesttboldext.ufo\/glyphs\/zcaron.glif","\/vonnesttboldext.ufo\/glyphs\/zero.glif":"\/vonnesttboldext.ufo\/glyphs\/zero.glif"},"Font":{"uploaded":1471016390.9081,"licence":"gpl3","company":"Chronolabs Cooperative","title":"Vonnes TTBold Ext","version":3.002,"date":"Fri Aug 12 10:18:22 2016","creator":"root","type":"1","matrix":"0.001 0 0 0.001 0 0","named":"VonnesTTBoldExt","painttype":"0","info":"10 dict dup","name":"VonnesTTBoldExt","family":"VonnesTTBoldExt","weight":"Medium","fstype":"0","italicangle":"0","underlineposition":"","underlinethickness":""},"Licences":{"":false},"Table":{"FFTM":{"entryLength":16,"tag":"FFTM","checksum":1944369452,"offset":27872,"length":28},"GDEF":{"entryLength":16,"tag":"GDEF","checksum":19333126,"offset":27840,"length":32},"OS\/2":{"entryLength":16,"tag":"OS\/2","checksum":2022063768,"offset":344,"length":86},"cmap":{"entryLength":16,"tag":"cmap","checksum":4037463287,"offset":1432,"length":654},"gasp":{"entryLength":16,"tag":"gasp","checksum":4294901763,"offset":27832,"length":8},"glyf":{"entryLength":16,"tag":"glyf","checksum":2208878454,"offset":2592,"length":23932},"head":{"entryLength":16,"tag":"head","checksum":251686245,"offset":220,"length":54},"hhea":{"entryLength":16,"tag":"hhea","checksum":205916236,"offset":276,"length":36},"hmtx":{"entryLength":16,"tag":"hmtx","checksum":615657100,"offset":432,"length":1000},"loca":{"entryLength":16,"tag":"loca","checksum":1920883794,"offset":2088,"length":502},"maxp":{"entryLength":16,"tag":"maxp","checksum":21168224,"offset":312,"length":32},"name":{"entryLength":16,"tag":"name","checksum":2691194959,"offset":26524,"length":753},"post":{"entryLength":16,"tag":"post","checksum":2893545028,"offset":27280,"length":552}},"UnicodeCharMap":{"32":3,"33":4,"34":5,"35":6,"36":7,"37":8,"38":9,"39":10,"40":11,"41":12,"42":13,"43":14,"44":15,"45":16,"46":17,"47":18,"48":19,"49":20,"50":21,"51":22,"52":23,"53":24,"54":25,"55":26,"56":27,"57":28,"58":29,"59":30,"60":31,"61":32,"62":33,"63":34,"64":35,"65":36,"66":37,"67":38,"68":39,"69":40,"70":41,"71":42,"72":43,"73":44,"74":45,"75":46,"76":47,"77":48,"78":49,"79":50,"80":51,"81":52,"82":53,"83":54,"84":55,"85":56,"86":57,"87":58,"88":59,"89":60,"90":61,"91":62,"92":63,"93":64,"94":65,"95":66,"96":67,"97":68,"98":69,"99":70,"100":71,"101":72,"102":73,"103":74,"104":75,"105":76,"106":77,"107":78,"108":79,"109":80,"110":81,"111":82,"112":83,"113":84,"114":85,"115":86,"116":87,"117":88,"118":89,"119":90,"120":91,"121":92,"122":93,"123":94,"124":95,"125":96,"126":97,"160":98,"161":99,"162":100,"163":101,"164":102,"165":103,"166":104,"167":105,"168":106,"169":107,"170":108,"171":109,"172":110,"174":111,"175":112,"176":113,"177":114,"178":115,"179":116,"180":117,"182":119,"183":120,"184":121,"185":122,"186":123,"187":124,"188":125,"189":126,"190":127,"191":128,"192":129,"193":130,"194":131,"195":132,"196":133,"197":134,"198":135,"199":136,"200":137,"201":138,"202":139,"203":140,"204":141,"205":142,"206":143,"207":144,"208":145,"209":146,"210":147,"211":148,"212":149,"213":150,"214":151,"215":152,"216":153,"217":154,"218":155,"219":156,"220":157,"221":158,"222":159,"223":160,"224":161,"225":162,"226":163,"227":164,"228":165,"229":166,"230":167,"231":168,"232":169,"233":170,"234":171,"235":172,"236":173,"237":174,"238":175,"239":176,"240":177,"241":178,"242":179,"243":180,"244":181,"245":182,"246":183,"247":184,"248":185,"249":186,"250":187,"251":188,"252":189,"253":190,"254":191,"255":192,"305":222,"321":220,"322":223,"338":221,"339":224,"352":226,"353":227,"376":248,"381":230,"382":231,"402":196,"710":211,"711":218,"728":213,"729":214,"730":215,"731":217,"732":212,"733":216,"916":246,"937":243,"956":118,"960":241,"8211":202,"8212":219,"8216":194,"8217":193,"8218":206,"8220":197,"8221":208,"8222":207,"8224":203,"8225":204,"8226":205,"8230":209,"8240":210,"8249":198,"8250":199,"8260":195,"8482":233,"8706":238,"8719":240,"8721":239,"8722":232,"8730":244,"8734":235,"8747":242,"8776":245,"8800":234,"8804":236,"8805":237,"9674":247,"64257":200,"64258":201},"Reserves":{"fontname":"Vonnes TTBold Ext"},"Names":{"Vonnes TTBold Ext":{"name":"Vonnes TTBold Ext","longitude":"0.00000001","latitude":"0.00000001","country":"","region":"","city":""}},"Nodes":{"vo":{"type":"typal","node":"vo","usage":1,"weight":1},"es":{"type":"typal","node":"es","usage":1,"weight":1},"tt":{"type":"typal","node":"tt","usage":1,"weight":1},"ld":{"type":"typal","node":"ld","usage":1,"weight":1},"ex":{"type":"typal","node":"ex","usage":1,"weight":1},"xt":{"type":"typal","node":"xt","usage":1,"weight":1},"von":{"type":"typal","node":"von","usage":1,"weight":1},"nes":{"type":"typal","node":"nes","usage":1,"weight":1},"ttb":{"type":"typal","node":"ttb","usage":1,"weight":1},"old":{"type":"typal","node":"old","usage":1,"weight":1},"vonn":{"type":"keys","node":"vonn","usage":1,"weight":1},"nnes":{"type":"keys","node":"nnes","usage":1,"weight":1},"ttbo":{"type":"keys","node":"ttbo","usage":1,"weight":1},"bold":{"type":"keys","node":"bold","usage":1,"weight":1},"vonne":{"type":"keys","node":"vonne","usage":1,"weight":1},"onnes":{"type":"keys","node":"onnes","usage":1,"weight":1},"ttbol":{"type":"keys","node":"ttbol","usage":1,"weight":1},"tbold":{"type":"keys","node":"tbold","usage":1,"weight":1},"vonnes":{"type":"fixes","node":"vonnes","usage":1,"weight":1},"ttbold":{"type":"fixes","node":"ttbold","usage":1,"weight":1},"ext":{"type":"fixes","node":"ext","usage":1,"weight":1}},"Contributors":[],"FontIdentity":"qldgovau:e454169c4bf829820b63e7a","Bytes":null,"Networking":[],"barcode":"aueu9im7aeuou","referee":"32WGA"}