{"CSS":{"Laibach":"Laibach.css"},"FontType":"TrueType","FontCopyright":"N\/A","FontName":"Laibach","FontSubfamily":"Medium","FontSubfamilyID":"FontForge 2.0 : Laibach : 25-11-2016","FontFullName":"Laibach","FontVersion":"Version 001.001 ","FontWeight":null,"FontPostscriptName":"Laibach","Files":{"laibach.afm":"laibach.afm","laibach.bin":"laibach.bin","laibach.cef":"laibach.cef","laibach.cff":"laibach.cff","laibach.cid":"laibach.cid","laibach.dfont":"laibach.dfont","laibach.eot":"laibach.eot","laibach.fon":"laibach.fon","laibach.gai":"laibach.gai","laibach.gsf":"laibach.gsf","laibach.hqx":"laibach.hqx","laibach.ik":"laibach.ik","laibach.mf":"laibach.mf","laibach.otf":"laibach.otf","laibach.pcf":"laibach.pcf","laibach.pf3":"laibach.pf3","laibach.pfa":"laibach.pfa","laibach.pfb":"laibach.pfb","laibach.php":"laibach.php","laibach.pmf":"laibach.pmf","laibach.pt3":"laibach.pt3","laibach.sfd":"laibach.sfd","laibach.svg":"laibach.svg","laibach.t42":"laibach.t42","laibach.ttd":"laibach.ttd","laibach.ttf":"laibach.ttf","laibach.ttg":"laibach.ttg","laibach.ufm":"laibach.ufm","laibach.woff":"laibach.woff","laibach.z":"laibach.z","":{"laibach.afm":"laibach.afm","laibach.bin":"laibach.bin","laibach.cef":"laibach.cef","laibach.cff":"laibach.cff","laibach.cid":"laibach.cid","laibach.dfont":"laibach.dfont","laibach.eot":"laibach.eot","laibach.fon":"laibach.fon","laibach.gai":"laibach.gai","laibach.gsf":"laibach.gsf","laibach.hqx":"laibach.hqx","laibach.ik":"laibach.ik","laibach.mf":"laibach.mf","laibach.otf":"laibach.otf","laibach.pcf":"laibach.pcf","laibach.pf3":"laibach.pf3","laibach.pfa":"laibach.pfa","laibach.pfb":"laibach.pfb","laibach.php":"laibach.php","laibach.pmf":"laibach.pmf","laibach.pt3":"laibach.pt3","laibach.sfd":"laibach.sfd","laibach.svg":"laibach.svg","laibach.t42":"laibach.t42","laibach.ttd":"laibach.ttd","laibach.ttf":"laibach.ttf","laibach.ttg":"laibach.ttg","laibach.ufm":"laibach.ufm","laibach.woff":"laibach.woff","laibach.z":"laibach.z"},"\/laibach.ufo":{"feature.fea":"feature.fea","fontinfo.plist":"fontinfo.plist","groups.plist":"groups.plist","kerning.plist":"kerning.plist","metainfo.plist":"metainfo.plist"},"\/laibach.ufo\/glyphs":{"A_.glif":"A_.glif","A_E_.glif":"A_E_.glif","A_acute.glif":"A_acute.glif","A_circumflex.glif":"A_circumflex.glif","A_dieresis.glif":"A_dieresis.glif","A_grave.glif":"A_grave.glif","A_ring.glif":"A_ring.glif","A_tilde.glif":"A_tilde.glif","B_.glif":"B_.glif","C_.glif":"C_.glif","C_cedilla.glif":"C_cedilla.glif","D_.glif":"D_.glif","D_elta.glif":"D_elta.glif","E_.glif":"E_.glif","E_acute.glif":"E_acute.glif","E_circumflex.glif":"E_circumflex.glif","E_dieresis.glif":"E_dieresis.glif","E_grave.glif":"E_grave.glif","F_.glif":"F_.glif","G_.glif":"G_.glif","H_.glif":"H_.glif","I_.glif":"I_.glif","I_acute.glif":"I_acute.glif","I_circumflex.glif":"I_circumflex.glif","I_dieresis.glif":"I_dieresis.glif","I_grave.glif":"I_grave.glif","J_.glif":"J_.glif","K_.glif":"K_.glif","L_.glif":"L_.glif","M_.glif":"M_.glif","N_.glif":"N_.glif","N_tilde.glif":"N_tilde.glif","O_.glif":"O_.glif","O_E_.glif":"O_E_.glif","O_acute.glif":"O_acute.glif","O_circumflex.glif":"O_circumflex.glif","O_dieresis.glif":"O_dieresis.glif","O_grave.glif":"O_grave.glif","O_mega.glif":"O_mega.glif","O_slash.glif":"O_slash.glif","O_tilde.glif":"O_tilde.glif","P_.glif":"P_.glif","Q_.glif":"Q_.glif","R_.glif":"R_.glif","S_.glif":"S_.glif","T_.glif":"T_.glif","U_.glif":"U_.glif","U_acute.glif":"U_acute.glif","U_circumflex.glif":"U_circumflex.glif","U_dieresis.glif":"U_dieresis.glif","U_grave.glif":"U_grave.glif","V_.glif":"V_.glif","W_.glif":"W_.glif","X_.glif":"X_.glif","Y_.glif":"Y_.glif","Y_dieresis.glif":"Y_dieresis.glif","Z_.glif":"Z_.glif","a.glif":"a.glif","aacute.glif":"aacute.glif","acircumflex.glif":"acircumflex.glif","acute.glif":"acute.glif","adieresis.glif":"adieresis.glif","ae.glif":"ae.glif","agrave.glif":"agrave.glif","ampersand.glif":"ampersand.glif","apple.glif":"apple.glif","approxequal.glif":"approxequal.glif","aring.glif":"aring.glif","asciicircum.glif":"asciicircum.glif","asciitilde.glif":"asciitilde.glif","asterisk.glif":"asterisk.glif","at.glif":"at.glif","atilde.glif":"atilde.glif","b.glif":"b.glif","backslash.glif":"backslash.glif","bar.glif":"bar.glif","braceleft.glif":"braceleft.glif","braceright.glif":"braceright.glif","bracketleft.glif":"bracketleft.glif","bracketright.glif":"bracketright.glif","bullet.glif":"bullet.glif","c.glif":"c.glif","ccedilla.glif":"ccedilla.glif","cent.glif":"cent.glif","circumflex.glif":"circumflex.glif","colon.glif":"colon.glif","comma.glif":"comma.glif","contents.plist":"contents.plist","d.glif":"d.glif","dieresis.glif":"dieresis.glif","divide.glif":"divide.glif","dollar.glif":"dollar.glif","dotlessi.glif":"dotlessi.glif","e.glif":"e.glif","eacute.glif":"eacute.glif","ecircumflex.glif":"ecircumflex.glif","edieresis.glif":"edieresis.glif","egrave.glif":"egrave.glif","eight.glif":"eight.glif","emdash.glif":"emdash.glif","endash.glif":"endash.glif","equal.glif":"equal.glif","exclam.glif":"exclam.glif","f.glif":"f.glif","five.glif":"five.glif","four.glif":"four.glif","fraction.glif":"fraction.glif","g.glif":"g.glif","germandbls.glif":"germandbls.glif","grave.glif":"grave.glif","greater.glif":"greater.glif","greaterequal.glif":"greaterequal.glif","h.glif":"h.glif","hyphen.glif":"hyphen.glif","i.glif":"i.glif","iacute.glif":"iacute.glif","icircumflex.glif":"icircumflex.glif","idieresis.glif":"idieresis.glif","igrave.glif":"igrave.glif","infinity.glif":"infinity.glif","integral.glif":"integral.glif","j.glif":"j.glif","k.glif":"k.glif","l.glif":"l.glif","less.glif":"less.glif","lessequal.glif":"lessequal.glif","lozenge.glif":"lozenge.glif","m.glif":"m.glif","macron.glif":"macron.glif","mu.glif":"mu.glif","n.glif":"n.glif","nbspace.glif":"nbspace.glif","nine.glif":"nine.glif","notequal.glif":"notequal.glif","ntilde.glif":"ntilde.glif","numbersign.glif":"numbersign.glif","o.glif":"o.glif","oacute.glif":"oacute.glif","ocircumflex.glif":"ocircumflex.glif","odieresis.glif":"odieresis.glif","oe.glif":"oe.glif","ograve.glif":"ograve.glif","one.glif":"one.glif","oslash.glif":"oslash.glif","otilde.glif":"otilde.glif","p.glif":"p.glif","parenleft.glif":"parenleft.glif","parenright.glif":"parenright.glif","partialdiff.glif":"partialdiff.glif","percent.glif":"percent.glif","period.glif":"period.glif","periodcentered.glif":"periodcentered.glif","pi.glif":"pi.glif","plus.glif":"plus.glif","plusminus.glif":"plusminus.glif","product.glif":"product.glif","q.glif":"q.glif","question.glif":"question.glif","quotedbl.glif":"quotedbl.glif","quotedblleft.glif":"quotedblleft.glif","quotedblright.glif":"quotedblright.glif","quoteleft.glif":"quoteleft.glif","quoteright.glif":"quoteright.glif","quotesingle.glif":"quotesingle.glif","r.glif":"r.glif","radical.glif":"radical.glif","ring.glif":"ring.glif","s.glif":"s.glif","semicolon.glif":"semicolon.glif","seven.glif":"seven.glif","six.glif":"six.glif","slash.glif":"slash.glif","space.glif":"space.glif","sterling.glif":"sterling.glif","summation.glif":"summation.glif","t.glif":"t.glif","three.glif":"three.glif","tilde.glif":"tilde.glif","two.glif":"two.glif","u.glif":"u.glif","uacute.glif":"uacute.glif","ucircumflex.glif":"ucircumflex.glif","udieresis.glif":"udieresis.glif","ugrave.glif":"ugrave.glif","underscore.glif":"underscore.glif","v.glif":"v.glif","w.glif":"w.glif","x.glif":"x.glif","y.glif":"y.glif","ydieresis.glif":"ydieresis.glif","z.glif":"z.glif","zero.glif":"zero.glif"}},"Font":{"uploaded":1480037042.7671,"licence":"gpl3","company":"Chronolabs Cooperative","title":"Laibach","version":2.001,"date":"Wed Nov  2 10:38:00 2016","creator":"root","type":"1","matrix":"0.001 0 0 0.001 0 0","named":"Laibach","painttype":"0","info":"10 dict dup","name":"Laibach","family":"Laibach","weight":"Medium","fstype":"0","italicangle":"0","underlineposition":"","underlinethickness":""},"Table":{"FFTM":{"entryLength":16,"tag":"FFTM","checksum":1958433408,"offset":26612,"length":28},"GDEF":{"entryLength":16,"tag":"GDEF","checksum":15663110,"offset":26580,"length":32},"OS\/2":{"entryLength":16,"tag":"OS\/2","checksum":2010121948,"offset":344,"length":86},"cmap":{"entryLength":16,"tag":"cmap","checksum":3122422181,"offset":1208,"length":642},"gasp":{"entryLength":16,"tag":"gasp","checksum":4294901763,"offset":26572,"length":8},"glyf":{"entryLength":16,"tag":"glyf","checksum":3796308754,"offset":2244,"length":23452},"head":{"entryLength":16,"tag":"head","checksum":203868765,"offset":220,"length":54},"hhea":{"entryLength":16,"tag":"hhea","checksum":143262659,"offset":276,"length":36},"hmtx":{"entryLength":16,"tag":"hmtx","checksum":3576111916,"offset":432,"length":776},"loca":{"entryLength":16,"tag":"loca","checksum":1437613702,"offset":1852,"length":390},"maxp":{"entryLength":16,"tag":"maxp","checksum":17367131,"offset":312,"length":32},"name":{"entryLength":16,"tag":"name","checksum":3117335540,"offset":25696,"length":441},"post":{"entryLength":16,"tag":"post","checksum":3973947120,"offset":26140,"length":430}},"UnicodeCharMap":{"32":3,"33":4,"34":5,"35":6,"36":7,"37":8,"38":9,"39":10,"40":11,"41":12,"42":13,"43":14,"44":15,"45":16,"46":17,"47":18,"48":19,"49":20,"50":21,"51":22,"52":23,"53":24,"54":25,"55":26,"56":27,"57":28,"58":29,"59":30,"60":31,"61":32,"62":33,"63":34,"64":35,"65":36,"66":37,"67":38,"68":39,"69":40,"70":41,"71":42,"72":43,"73":44,"74":45,"75":46,"76":47,"77":48,"78":49,"79":50,"80":51,"81":52,"82":53,"83":54,"84":55,"85":56,"86":57,"87":58,"88":59,"89":60,"90":61,"91":62,"92":63,"93":64,"94":65,"95":66,"96":67,"97":68,"98":69,"99":70,"100":71,"101":72,"102":73,"103":74,"104":75,"105":76,"106":77,"107":78,"108":79,"109":80,"110":81,"111":82,"112":83,"113":84,"114":85,"115":86,"116":87,"117":88,"118":89,"119":90,"120":91,"121":92,"122":93,"123":94,"124":95,"125":96,"126":97,"160":98,"162":99,"163":100,"168":101,"175":102,"177":103,"180":104,"183":106,"192":107,"193":108,"194":109,"195":110,"196":111,"197":112,"198":113,"199":114,"200":115,"201":116,"202":117,"203":118,"204":119,"205":120,"206":121,"207":122,"209":123,"210":124,"211":125,"212":126,"213":127,"214":128,"216":129,"217":130,"218":131,"219":132,"220":133,"223":134,"224":135,"225":136,"226":137,"227":138,"228":139,"229":140,"230":141,"231":142,"232":143,"233":144,"234":145,"235":146,"236":147,"237":148,"238":149,"239":150,"241":151,"242":152,"243":153,"244":154,"245":155,"246":156,"247":157,"248":158,"249":159,"250":160,"251":161,"252":162,"255":163,"305":176,"338":175,"339":177,"376":192,"710":171,"730":173,"732":172,"916":190,"937":187,"956":105,"960":185,"8211":168,"8212":174,"8216":165,"8217":164,"8220":167,"8221":170,"8226":169,"8260":166,"8706":182,"8719":184,"8721":183,"8730":188,"8734":179,"8747":186,"8776":189,"8800":178,"8804":180,"8805":181,"9674":191},"Reserves":null,"Names":[],"Nodes":{"la":{"type":"typal","node":"la","usage":1,"weight":1},"ch":{"type":"typal","node":"ch","usage":1,"weight":1},"lai":{"type":"typal","node":"lai","usage":1,"weight":1},"ach":{"type":"typal","node":"ach","usage":1,"weight":1},"laib":{"type":"keys","node":"laib","usage":1,"weight":1},"bach":{"type":"keys","node":"bach","usage":1,"weight":1},"laiba":{"type":"keys","node":"laiba","usage":1,"weight":1},"ibach":{"type":"keys","node":"ibach","usage":1,"weight":1},"laibach":{"type":"fixes","node":"laibach","usage":1,"weight":1}},"Contributors":[],"FontIdentity":"5bd26544fd53a4ed73aaee2b778a8483","Bytes":2253003,"Networking":[],"barcode":"yqkaigsaykou7","referee":"qayme"}