{"CSS":{"PescaderoSSK":"PescaderoSSK.css"},"FontType":"TrueType","FontCopyright":"Copyright 1995 Southern Software, Inc., All Rights Reserved","FontName":"PescaderoSSK","FontSubfamily":"Book","FontSubfamilyID":"FontForge 2.0 : PescaderoSSK : 25-11-2016","FontFullName":"Pescadero SSK","FontVersion":"Version Macromedia Fontograp ","FontWeight":null,"FontPostscriptName":"PescaderoSSK","Files":{"pescaderossk.afm":"pescaderossk.afm","pescaderossk.bin":"pescaderossk.bin","pescaderossk.cef":"pescaderossk.cef","pescaderossk.cff":"pescaderossk.cff","pescaderossk.cid":"pescaderossk.cid","pescaderossk.dfont":"pescaderossk.dfont","pescaderossk.eot":"pescaderossk.eot","pescaderossk.fon":"pescaderossk.fon","pescaderossk.gai":"pescaderossk.gai","pescaderossk.gsf":"pescaderossk.gsf","pescaderossk.hqx":"pescaderossk.hqx","pescaderossk.ik":"pescaderossk.ik","pescaderossk.mf":"pescaderossk.mf","pescaderossk.otf":"pescaderossk.otf","pescaderossk.pcf":"pescaderossk.pcf","pescaderossk.pf3":"pescaderossk.pf3","pescaderossk.pfa":"pescaderossk.pfa","pescaderossk.pfb":"pescaderossk.pfb","pescaderossk.php":"pescaderossk.php","pescaderossk.pmf":"pescaderossk.pmf","pescaderossk.pt3":"pescaderossk.pt3","pescaderossk.sfd":"pescaderossk.sfd","pescaderossk.svg":"pescaderossk.svg","pescaderossk.t42":"pescaderossk.t42","pescaderossk.ttd":"pescaderossk.ttd","pescaderossk.ttf":"pescaderossk.ttf","pescaderossk.ttg":"pescaderossk.ttg","pescaderossk.ufm":"pescaderossk.ufm","pescaderossk.woff":"pescaderossk.woff","pescaderossk.z":"pescaderossk.z","":{"pescaderossk.afm":"pescaderossk.afm","pescaderossk.bin":"pescaderossk.bin","pescaderossk.cef":"pescaderossk.cef","pescaderossk.cff":"pescaderossk.cff","pescaderossk.cid":"pescaderossk.cid","pescaderossk.dfont":"pescaderossk.dfont","pescaderossk.eot":"pescaderossk.eot","pescaderossk.fon":"pescaderossk.fon","pescaderossk.gai":"pescaderossk.gai","pescaderossk.gsf":"pescaderossk.gsf","pescaderossk.hqx":"pescaderossk.hqx","pescaderossk.ik":"pescaderossk.ik","pescaderossk.mf":"pescaderossk.mf","pescaderossk.otf":"pescaderossk.otf","pescaderossk.pcf":"pescaderossk.pcf","pescaderossk.pf3":"pescaderossk.pf3","pescaderossk.pfa":"pescaderossk.pfa","pescaderossk.pfb":"pescaderossk.pfb","pescaderossk.php":"pescaderossk.php","pescaderossk.pmf":"pescaderossk.pmf","pescaderossk.pt3":"pescaderossk.pt3","pescaderossk.sfd":"pescaderossk.sfd","pescaderossk.svg":"pescaderossk.svg","pescaderossk.t42":"pescaderossk.t42","pescaderossk.ttd":"pescaderossk.ttd","pescaderossk.ttf":"pescaderossk.ttf","pescaderossk.ttg":"pescaderossk.ttg","pescaderossk.ufm":"pescaderossk.ufm","pescaderossk.woff":"pescaderossk.woff","pescaderossk.z":"pescaderossk.z"},"\/pescaderossk.ufo":{"feature.fea":"feature.fea","fontinfo.plist":"fontinfo.plist","groups.plist":"groups.plist","kerning.plist":"kerning.plist","metainfo.plist":"metainfo.plist"},"\/pescaderossk.ufo\/glyphs":{"A_.glif":"A_.glif","B_.glif":"B_.glif","C_.glif":"C_.glif","D_.glif":"D_.glif","E_.glif":"E_.glif","F_.glif":"F_.glif","G_.glif":"G_.glif","H_.glif":"H_.glif","I_.glif":"I_.glif","J_.glif":"J_.glif","K_.glif":"K_.glif","L_.glif":"L_.glif","M_.glif":"M_.glif","N_.glif":"N_.glif","O_.glif":"O_.glif","P_.glif":"P_.glif","Q_.glif":"Q_.glif","R_.glif":"R_.glif","S_.glif":"S_.glif","T_.glif":"T_.glif","U_.glif":"U_.glif","V_.glif":"V_.glif","W_.glif":"W_.glif","X_.glif":"X_.glif","Y_.glif":"Y_.glif","Z_.glif":"Z_.glif","_notdef.glif":"_notdef.glif","_null.glif":"_null.glif","a.glif":"a.glif","b.glif":"b.glif","c.glif":"c.glif","colon.glif":"colon.glif","comma.glif":"comma.glif","contents.plist":"contents.plist","d.glif":"d.glif","e.glif":"e.glif","eight.glif":"eight.glif","exclam.glif":"exclam.glif","f.glif":"f.glif","five.glif":"five.glif","four.glif":"four.glif","g.glif":"g.glif","h.glif":"h.glif","hyphen.glif":"hyphen.glif","i.glif":"i.glif","j.glif":"j.glif","k.glif":"k.glif","l.glif":"l.glif","m.glif":"m.glif","n.glif":"n.glif","nine.glif":"nine.glif","nonbreakingspace.glif":"nonbreakingspace.glif","nonmarkingreturn.glif":"nonmarkingreturn.glif","o.glif":"o.glif","one.glif":"one.glif","p.glif":"p.glif","period.glif":"period.glif","q.glif":"q.glif","question.glif":"question.glif","quotesingle.glif":"quotesingle.glif","r.glif":"r.glif","s.glif":"s.glif","semicolon.glif":"semicolon.glif","seven.glif":"seven.glif","six.glif":"six.glif","space.glif":"space.glif","t.glif":"t.glif","three.glif":"three.glif","two.glif":"two.glif","u.glif":"u.glif","v.glif":"v.glif","w.glif":"w.glif","x.glif":"x.glif","y.glif":"y.glif","z.glif":"z.glif","zero.glif":"zero.glif"}},"Font":{"uploaded":1480025851.5332,"licence":"gpl3","company":"Chronolabs Cooperative","title":"Pescadero SSK","version":2.001,"date":"Sun Aug 28 08:01:35 2016","creator":"root","type":"1","matrix":"0.001 0 0 0.001 0 0","named":"PescaderoSSK","painttype":"0","info":"11 dict dup","name":"PescaderoSSK","family":"PescaderoSSK","weight":"Book","fstype":"1","italicangle":"0","underlineposition":"","underlinethickness":""},"Table":{"FFTM":{"entryLength":16,"tag":"FFTM","checksum":1947017040,"offset":10536,"length":28},"GDEF":{"entryLength":16,"tag":"GDEF","checksum":7864324,"offset":10504,"length":32},"OS\/2":{"entryLength":16,"tag":"OS\/2","checksum":1441750765,"offset":344,"length":86},"cmap":{"entryLength":16,"tag":"cmap","checksum":599226419,"offset":732,"length":394},"gasp":{"entryLength":16,"tag":"gasp","checksum":4294901763,"offset":10496,"length":8},"glyf":{"entryLength":16,"tag":"glyf","checksum":585176123,"offset":1280,"length":8328},"head":{"entryLength":16,"tag":"head","checksum":183536553,"offset":220,"length":54},"hhea":{"entryLength":16,"tag":"hhea","checksum":107283166,"offset":276,"length":36},"hmtx":{"entryLength":16,"tag":"hmtx","checksum":2160591342,"offset":432,"length":300},"loca":{"entryLength":16,"tag":"loca","checksum":493037036,"offset":1128,"length":152},"maxp":{"entryLength":16,"tag":"maxp","checksum":9437279,"offset":312,"length":32},"name":{"entryLength":16,"tag":"name","checksum":847761063,"offset":9608,"length":702},"post":{"entryLength":16,"tag":"post","checksum":122161145,"offset":10312,"length":184}},"UnicodeCharMap":{"0":1,"13":2,"32":3,"33":4,"39":5,"44":6,"45":7,"46":8,"48":9,"49":10,"50":11,"51":12,"52":13,"53":14,"54":15,"55":16,"56":17,"57":18,"58":19,"59":20,"63":21,"65":22,"66":23,"67":24,"68":25,"69":26,"70":27,"71":28,"72":29,"73":30,"74":31,"75":32,"76":33,"77":34,"78":35,"79":36,"80":37,"81":38,"82":39,"83":40,"84":41,"85":42,"86":43,"87":44,"88":45,"89":46,"90":47,"97":48,"98":49,"99":50,"100":51,"101":52,"102":53,"103":54,"104":55,"105":56,"106":57,"107":58,"108":59,"109":60,"110":61,"111":62,"112":63,"113":64,"114":65,"115":66,"116":67,"117":68,"118":69,"119":70,"120":71,"121":72,"122":73,"160":74},"Reserves":null,"Names":[],"Nodes":{"pe":{"type":"typal","node":"pe","usage":1,"weight":1},"ro":{"type":"typal","node":"ro","usage":1,"weight":1},"ss":{"type":"typal","node":"ss","usage":1,"weight":1},"sk":{"type":"typal","node":"sk","usage":1,"weight":1},"pes":{"type":"typal","node":"pes","usage":1,"weight":1},"ero":{"type":"typal","node":"ero","usage":1,"weight":1},"pesc":{"type":"keys","node":"pesc","usage":1,"weight":1},"dero":{"type":"keys","node":"dero","usage":1,"weight":1},"pesca":{"type":"keys","node":"pesca","usage":1,"weight":1},"adero":{"type":"keys","node":"adero","usage":1,"weight":1},"pescadero":{"type":"fixes","node":"pescadero","usage":1,"weight":1},"ssk":{"type":"fixes","node":"ssk","usage":1,"weight":1}},"Contributors":[],"FontIdentity":"7fd9fc3efab25ef07ef0704f1860c9e2","Bytes":1267664,"Networking":[],"barcode":"aukaocq6ggmqw","referee":"o2ucy"}