{"CSS":{"PermanentWaves":"PermanentWaves.css"},"FontType":"TrueType","FontCopyright":"Copyright (c) 1998 Stu's Font Diner - http:\/\/www.fontdiner.com","FontName":"PermanentWaves","FontSubfamily":"Medium","FontSubfamilyID":"FontForge 2.0 : PermanentWaves : 23-12-2016","FontFullName":"Permanent Waves","FontVersion":"Version 001.000 ","FontWeight":null,"FontPostscriptName":"PermanentWaves","Files":{"permanentwaves.afm":"permanentwaves.afm","permanentwaves.bin":"permanentwaves.bin","permanentwaves.cef":"permanentwaves.cef","permanentwaves.cff":"permanentwaves.cff","permanentwaves.cid":"permanentwaves.cid","permanentwaves.dfont":"permanentwaves.dfont","permanentwaves.eot":"permanentwaves.eot","permanentwaves.fon":"permanentwaves.fon","permanentwaves.gai":"permanentwaves.gai","permanentwaves.gsf":"permanentwaves.gsf","permanentwaves.hqx":"permanentwaves.hqx","permanentwaves.ik":"permanentwaves.ik","permanentwaves.mf":"permanentwaves.mf","permanentwaves.otf":"permanentwaves.otf","permanentwaves.pcf":"permanentwaves.pcf","permanentwaves.pf3":"permanentwaves.pf3","permanentwaves.pfa":"permanentwaves.pfa","permanentwaves.pfb":"permanentwaves.pfb","permanentwaves.php":"permanentwaves.php","permanentwaves.pmf":"permanentwaves.pmf","permanentwaves.pt3":"permanentwaves.pt3","permanentwaves.sfd":"permanentwaves.sfd","permanentwaves.svg":"permanentwaves.svg","permanentwaves.t42":"permanentwaves.t42","permanentwaves.ttd":"permanentwaves.ttd","permanentwaves.ttf":"permanentwaves.ttf","permanentwaves.ttg":"permanentwaves.ttg","permanentwaves.ufm":"permanentwaves.ufm","permanentwaves.woff":"permanentwaves.woff","permanentwaves.z":"permanentwaves.z","":{"permanentwaves.afm":"permanentwaves.afm","permanentwaves.bin":"permanentwaves.bin","permanentwaves.cef":"permanentwaves.cef","permanentwaves.cff":"permanentwaves.cff","permanentwaves.cid":"permanentwaves.cid","permanentwaves.dfont":"permanentwaves.dfont","permanentwaves.eot":"permanentwaves.eot","permanentwaves.fon":"permanentwaves.fon","permanentwaves.gai":"permanentwaves.gai","permanentwaves.gsf":"permanentwaves.gsf","permanentwaves.hqx":"permanentwaves.hqx","permanentwaves.ik":"permanentwaves.ik","permanentwaves.mf":"permanentwaves.mf","permanentwaves.otf":"permanentwaves.otf","permanentwaves.pcf":"permanentwaves.pcf","permanentwaves.pf3":"permanentwaves.pf3","permanentwaves.pfa":"permanentwaves.pfa","permanentwaves.pfb":"permanentwaves.pfb","permanentwaves.php":"permanentwaves.php","permanentwaves.pmf":"permanentwaves.pmf","permanentwaves.pt3":"permanentwaves.pt3","permanentwaves.sfd":"permanentwaves.sfd","permanentwaves.svg":"permanentwaves.svg","permanentwaves.t42":"permanentwaves.t42","permanentwaves.ttd":"permanentwaves.ttd","permanentwaves.ttf":"permanentwaves.ttf","permanentwaves.ttg":"permanentwaves.ttg","permanentwaves.ufm":"permanentwaves.ufm","permanentwaves.woff":"permanentwaves.woff","permanentwaves.z":"permanentwaves.z"},"\/permanentwaves.ufo":{"feature.fea":"feature.fea","fontinfo.plist":"fontinfo.plist","groups.plist":"groups.plist","kerning.plist":"kerning.plist","metainfo.plist":"metainfo.plist"},"\/permanentwaves.ufo\/glyphs":{"A_.glif":"A_.glif","A_acute.glif":"A_acute.glif","A_circumflex.glif":"A_circumflex.glif","A_dieresis.glif":"A_dieresis.glif","A_grave.glif":"A_grave.glif","A_ring.glif":"A_ring.glif","A_tilde.glif":"A_tilde.glif","B_.glif":"B_.glif","C_.glif":"C_.glif","C_R_.glif":"C_R_.glif","C_cedilla.glif":"C_cedilla.glif","D_.glif":"D_.glif","E_.glif":"E_.glif","E_acute.glif":"E_acute.glif","E_circumflex.glif":"E_circumflex.glif","E_dieresis.glif":"E_dieresis.glif","E_grave.glif":"E_grave.glif","E_th.glif":"E_th.glif","F_.glif":"F_.glif","G_.glif":"G_.glif","H_.glif":"H_.glif","H_T_.glif":"H_T_.glif","I_.glif":"I_.glif","I_acute.glif":"I_acute.glif","I_circumflex.glif":"I_circumflex.glif","I_dieresis.glif":"I_dieresis.glif","I_grave.glif":"I_grave.glif","J_.glif":"J_.glif","K_.glif":"K_.glif","L_.glif":"L_.glif","L_slash.glif":"L_slash.glif","M_.glif":"M_.glif","N_.glif":"N_.glif","N_U_L_.glif":"N_U_L_.glif","N_tilde.glif":"N_tilde.glif","O_.glif":"O_.glif","O_acute.glif":"O_acute.glif","O_circumflex.glif":"O_circumflex.glif","O_dieresis.glif":"O_dieresis.glif","O_grave.glif":"O_grave.glif","O_slash.glif":"O_slash.glif","O_tilde.glif":"O_tilde.glif","P_.glif":"P_.glif","Q_.glif":"Q_.glif","R_.glif":"R_.glif","S_.glif":"S_.glif","S_caron.glif":"S_caron.glif","T_.glif":"T_.glif","T_horn.glif":"T_horn.glif","U_.glif":"U_.glif","U_acute.glif":"U_acute.glif","U_circumflex.glif":"U_circumflex.glif","U_dieresis.glif":"U_dieresis.glif","U_grave.glif":"U_grave.glif","V_.glif":"V_.glif","W_.glif":"W_.glif","X_.glif":"X_.glif","Y_.glif":"Y_.glif","Y_acute.glif":"Y_acute.glif","Y_dieresis.glif":"Y_dieresis.glif","Z_.glif":"Z_.glif","Z_caron.glif":"Z_caron.glif","a.glif":"a.glif","aacute.glif":"aacute.glif","acircumflex.glif":"acircumflex.glif","acute.glif":"acute.glif","adieresis.glif":"adieresis.glif","agrave.glif":"agrave.glif","ampersand.glif":"ampersand.glif","aring.glif":"aring.glif","asciicircum.glif":"asciicircum.glif","asciitilde.glif":"asciitilde.glif","asterisk.glif":"asterisk.glif","at.glif":"at.glif","atilde.glif":"atilde.glif","b.glif":"b.glif","backslash.glif":"backslash.glif","bar.glif":"bar.glif","braceleft.glif":"braceleft.glif","braceright.glif":"braceright.glif","bracketleft.glif":"bracketleft.glif","bracketright.glif":"bracketright.glif","breve.glif":"breve.glif","bullet.glif":"bullet.glif","c.glif":"c.glif","caron.glif":"caron.glif","ccedilla.glif":"ccedilla.glif","cedilla.glif":"cedilla.glif","cent.glif":"cent.glif","circumflex.glif":"circumflex.glif","colon.glif":"colon.glif","comma.glif":"comma.glif","contents.plist":"contents.plist","copyright.glif":"copyright.glif","currency.glif":"currency.glif","d.glif":"d.glif","dieresis.glif":"dieresis.glif","dollar.glif":"dollar.glif","dotaccent.glif":"dotaccent.glif","dotlessi.glif":"dotlessi.glif","e.glif":"e.glif","eacute.glif":"eacute.glif","ecircumflex.glif":"ecircumflex.glif","edieresis.glif":"edieresis.glif","egrave.glif":"egrave.glif","eight.glif":"eight.glif","emdash.glif":"emdash.glif","endash.glif":"endash.glif","equal.glif":"equal.glif","eth.glif":"eth.glif","exclam.glif":"exclam.glif","exclamdown.glif":"exclamdown.glif","f.glif":"f.glif","five.glif":"five.glif","four.glif":"four.glif","g.glif":"g.glif","germandbls.glif":"germandbls.glif","grave.glif":"grave.glif","greater.glif":"greater.glif","h.glif":"h.glif","hungarumlaut.glif":"hungarumlaut.glif","hyphen.glif":"hyphen.glif","i.glif":"i.glif","iacute.glif":"iacute.glif","icircumflex.glif":"icircumflex.glif","idieresis.glif":"idieresis.glif","igrave.glif":"igrave.glif","j.glif":"j.glif","k.glif":"k.glif","l.glif":"l.glif","less.glif":"less.glif","lslash.glif":"lslash.glif","m.glif":"m.glif","macron.glif":"macron.glif","minus.glif":"minus.glif","multiply.glif":"multiply.glif","n.glif":"n.glif","nine.glif":"nine.glif","ntilde.glif":"ntilde.glif","numbersign.glif":"numbersign.glif","o.glif":"o.glif","oacute.glif":"oacute.glif","ocircumflex.glif":"ocircumflex.glif","odieresis.glif":"odieresis.glif","ogonek.glif":"ogonek.glif","ograve.glif":"ograve.glif","one.glif":"one.glif","oslash.glif":"oslash.glif","otilde.glif":"otilde.glif","p.glif":"p.glif","parenleft.glif":"parenleft.glif","parenright.glif":"parenright.glif","partialdiff.glif":"partialdiff.glif","percent.glif":"percent.glif","period.glif":"period.glif","periodcentered.glif":"periodcentered.glif","perthousand.glif":"perthousand.glif","plus.glif":"plus.glif","q.glif":"q.glif","question.glif":"question.glif","questiondown.glif":"questiondown.glif","quotedbl.glif":"quotedbl.glif","quotedblbase.glif":"quotedblbase.glif","quotedblleft.glif":"quotedblleft.glif","quotedblright.glif":"quotedblright.glif","quoteleft.glif":"quoteleft.glif","quoteright.glif":"quoteright.glif","quotesinglbase.glif":"quotesinglbase.glif","quotesingle.glif":"quotesingle.glif","r.glif":"r.glif","registered.glif":"registered.glif","ring.glif":"ring.glif","s.glif":"s.glif","scaron.glif":"scaron.glif","semicolon.glif":"semicolon.glif","seven.glif":"seven.glif","six.glif":"six.glif","slash.glif":"slash.glif","space.glif":"space.glif","sterling.glif":"sterling.glif","t.glif":"t.glif","thorn.glif":"thorn.glif","three.glif":"three.glif","tilde.glif":"tilde.glif","trademark.glif":"trademark.glif","two.glif":"two.glif","u.glif":"u.glif","uacute.glif":"uacute.glif","ucircumflex.glif":"ucircumflex.glif","udieresis.glif":"udieresis.glif","ugrave.glif":"ugrave.glif","underscore.glif":"underscore.glif","v.glif":"v.glif","w.glif":"w.glif","x.glif":"x.glif","y.glif":"y.glif","yacute.glif":"yacute.glif","ydieresis.glif":"ydieresis.glif","yen.glif":"yen.glif","z.glif":"z.glif","zcaron.glif":"zcaron.glif","zero.glif":"zero.glif"}},"Font":{"uploaded":1482418934.4476,"licence":"gpl3","company":"Chronolabs Cooperative","title":"Permanent Waves","version":2.001,"date":"Fri Nov 25 23:39:25 2016","creator":"root","type":"1","matrix":"0.001 0 0 0.001 0 0","named":"PermanentWaves","painttype":"0","info":"9 dict dup","name":"PermanentWaves","family":"PermanentWaves","weight":"Medium","italicangle":"0","underlineposition":"","underlinethickness":""},"Table":{"FFTM":{"entryLength":16,"tag":"FFTM","checksum":1962501580,"offset":28512,"length":28},"GDEF":{"entryLength":16,"tag":"GDEF","checksum":16318470,"offset":28480,"length":32},"OS\/2":{"entryLength":16,"tag":"OS\/2","checksum":1486292132,"offset":344,"length":86},"cmap":{"entryLength":16,"tag":"cmap","checksum":4246953002,"offset":1244,"length":968},"gasp":{"entryLength":16,"tag":"gasp","checksum":4294901763,"offset":28472,"length":8},"glyf":{"entryLength":16,"tag":"glyf","checksum":3974864092,"offset":2624,"length":24692},"head":{"entryLength":16,"tag":"head","checksum":220690794,"offset":220,"length":54},"hhea":{"entryLength":16,"tag":"hhea","checksum":155648709,"offset":276,"length":36},"hmtx":{"entryLength":16,"tag":"hmtx","checksum":1557523816,"offset":432,"length":812},"loca":{"entryLength":16,"tag":"loca","checksum":2194631648,"offset":2212,"length":410},"maxp":{"entryLength":16,"tag":"maxp","checksum":18350340,"offset":312,"length":32},"name":{"entryLength":16,"tag":"name","checksum":2531614669,"offset":27316,"length":702},"post":{"entryLength":16,"tag":"post","checksum":3602085356,"offset":28020,"length":452}},"UnicodeCharMap":{"32":3,"33":4,"34":5,"35":6,"36":7,"37":8,"38":9,"39":103,"40":11,"41":12,"42":13,"43":14,"44":15,"45":16,"46":17,"47":18,"48":19,"49":20,"50":21,"51":22,"52":23,"53":24,"54":25,"55":26,"56":27,"57":28,"58":29,"59":30,"60":31,"61":32,"62":33,"63":34,"64":35,"65":36,"66":37,"67":38,"68":39,"69":40,"70":41,"71":42,"72":43,"73":44,"74":45,"75":46,"76":47,"77":48,"78":49,"79":50,"80":51,"81":52,"82":53,"83":54,"84":55,"85":56,"86":57,"87":58,"88":59,"89":60,"90":61,"91":62,"92":63,"93":64,"94":65,"95":66,"96":113,"97":68,"98":69,"99":70,"100":71,"101":72,"102":73,"103":74,"104":75,"105":76,"106":77,"107":78,"108":79,"109":80,"110":81,"111":82,"112":83,"113":84,"114":85,"115":86,"116":87,"117":88,"118":89,"119":90,"120":91,"121":92,"122":93,"123":94,"124":95,"125":96,"126":97,"161":98,"162":99,"163":100,"164":102,"165":101,"168":120,"169":181,"174":180,"175":117,"180":114,"183":106,"184":122,"191":112,"192":184,"193":191,"194":189,"195":185,"196":148,"197":149,"199":150,"200":193,"201":151,"202":190,"203":192,"204":197,"205":194,"206":195,"207":196,"208":134,"209":152,"210":200,"211":198,"212":199,"213":186,"214":153,"215":147,"216":128,"217":203,"218":201,"219":202,"220":154,"221":138,"222":141,"223":132,"224":156,"225":155,"226":157,"227":159,"228":158,"229":160,"231":161,"232":163,"233":162,"234":164,"235":165,"236":167,"237":166,"238":168,"239":169,"240":135,"241":170,"242":172,"243":171,"244":173,"245":175,"246":174,"248":131,"249":177,"250":176,"251":178,"252":179,"253":139,"254":142,"255":187,"305":129,"321":127,"322":130,"352":136,"353":137,"376":188,"381":144,"382":145,"710":115,"711":125,"728":118,"729":119,"730":121,"731":124,"732":116,"733":123,"8211":105,"8212":126,"8216":67,"8217":10,"8218":108,"8220":104,"8221":110,"8222":109,"8226":107,"8240":111,"8482":182,"8706":183,"8722":146},"Reserves":null,"Names":[],"Nodes":{"pe":{"type":"typal","node":"pe","usage":1,"weight":1},"nt":{"type":"typal","node":"nt","usage":1,"weight":1},"wa":{"type":"typal","node":"wa","usage":1,"weight":1},"es":{"type":"typal","node":"es","usage":1,"weight":1},"per":{"type":"typal","node":"per","usage":1,"weight":1},"ent":{"type":"typal","node":"ent","usage":1,"weight":1},"wav":{"type":"typal","node":"wav","usage":1,"weight":1},"ves":{"type":"typal","node":"ves","usage":1,"weight":1},"perm":{"type":"keys","node":"perm","usage":1,"weight":1},"nent":{"type":"keys","node":"nent","usage":1,"weight":1},"wave":{"type":"keys","node":"wave","usage":1,"weight":1},"aves":{"type":"keys","node":"aves","usage":1,"weight":1},"perma":{"type":"keys","node":"perma","usage":1,"weight":1},"anent":{"type":"keys","node":"anent","usage":1,"weight":1},"permanent":{"type":"fixes","node":"permanent","usage":1,"weight":1},"waves":{"type":"fixes","node":"waves","usage":1,"weight":1}},"Contributors":[],"FontIdentity":"532fa171ff9f3e9a1fa964b2237b8452","Bytes":2080676,"Networking":[],"barcode":"queqeuwcmywug","referee":"SOiSAAq"}