{"CSS":{"Zartz!":"Zartz%21.css","Zartz !":"2d888761b92a98031b7af8386291e494.css"},"FontType":"TrueType","FontCopyright":null,"FontName":"Zartz!","FontSubfamily":"Book","FontSubfamilyID":"FontForge 2.0 : Zartz! : 27-5-2016","FontFullName":"Zartz !","FontVersion":"Version 1.0 ","FontWeight":null,"FontPostscriptName":"Zartz!","Files":{"Font Preview for LHFOld Block Cond Bold.gif":"Font Preview for LHFOld Block Cond Bold.gif","Font Preview for LHFOld Block Cond Bold.jpg":"Font Preview for LHFOld Block Cond Bold.jpg","Font Preview for LHFOld Block Cond Bold.png":"Font Preview for LHFOld Block Cond Bold.png","LHFOldBlockCondBold.css":"LHFOldBlockCondBold.css","b9c3d020a97e6695080fea75769c556d.css":"b9c3d020a97e6695080fea75769c556d.css","font-name-banner.gif":"font-name-banner.gif","font-name-banner.jpg":"font-name-banner.jpg","font-name-banner.png":"font-name-banner.png","font-resource.json":"font-resource.json","lhfoldblockcondbold.afm":"lhfoldblockcondbold.afm","lhfoldblockcondbold.bin":"lhfoldblockcondbold.bin","lhfoldblockcondbold.cef":"lhfoldblockcondbold.cef","lhfoldblockcondbold.cff":"lhfoldblockcondbold.cff","lhfoldblockcondbold.dfont":"lhfoldblockcondbold.dfont","lhfoldblockcondbold.eot":"lhfoldblockcondbold.eot","lhfoldblockcondbold.fon":"lhfoldblockcondbold.fon","lhfoldblockcondbold.gai":"lhfoldblockcondbold.gai","lhfoldblockcondbold.gsf":"lhfoldblockcondbold.gsf","lhfoldblockcondbold.hqx":"lhfoldblockcondbold.hqx","lhfoldblockcondbold.ik":"lhfoldblockcondbold.ik","lhfoldblockcondbold.mf":"lhfoldblockcondbold.mf","lhfoldblockcondbold.otf":"lhfoldblockcondbold.otf","lhfoldblockcondbold.pcf":"lhfoldblockcondbold.pcf","lhfoldblockcondbold.pf3":"lhfoldblockcondbold.pf3","lhfoldblockcondbold.pfa":"lhfoldblockcondbold.pfa","lhfoldblockcondbold.pfb":"lhfoldblockcondbold.pfb","lhfoldblockcondbold.php":"lhfoldblockcondbold.php","lhfoldblockcondbold.pmf":"lhfoldblockcondbold.pmf","lhfoldblockcondbold.pt3":"lhfoldblockcondbold.pt3","lhfoldblockcondbold.sfd":"lhfoldblockcondbold.sfd","lhfoldblockcondbold.svg":"lhfoldblockcondbold.svg","lhfoldblockcondbold.t42":"lhfoldblockcondbold.t42","lhfoldblockcondbold.ttd":"lhfoldblockcondbold.ttd","lhfoldblockcondbold.ttf":"lhfoldblockcondbold.ttf","lhfoldblockcondbold.ttg":"lhfoldblockcondbold.ttg","lhfoldblockcondbold.ufm":"lhfoldblockcondbold.ufm","lhfoldblockcondbold.woff":"lhfoldblockcondbold.woff","lhfoldblockcondbold.z":"lhfoldblockcondbold.z","":{"Font Preview for LHFOld Block Cond Bold.gif":"Font Preview for LHFOld Block Cond Bold.gif","Font Preview for LHFOld Block Cond Bold.jpg":"Font Preview for LHFOld Block Cond Bold.jpg","Font Preview for LHFOld Block Cond Bold.png":"Font Preview for LHFOld Block Cond Bold.png","LHFOldBlockCondBold.css":"LHFOldBlockCondBold.css","b9c3d020a97e6695080fea75769c556d.css":"b9c3d020a97e6695080fea75769c556d.css","font-name-banner.gif":"font-name-banner.gif","font-name-banner.jpg":"font-name-banner.jpg","font-name-banner.png":"font-name-banner.png","font-resource.json":"font-resource.json","lhfoldblockcondbold.afm":"lhfoldblockcondbold.afm","lhfoldblockcondbold.bin":"lhfoldblockcondbold.bin","lhfoldblockcondbold.cef":"lhfoldblockcondbold.cef","lhfoldblockcondbold.cff":"lhfoldblockcondbold.cff","lhfoldblockcondbold.dfont":"lhfoldblockcondbold.dfont","lhfoldblockcondbold.eot":"lhfoldblockcondbold.eot","lhfoldblockcondbold.fon":"lhfoldblockcondbold.fon","lhfoldblockcondbold.gai":"lhfoldblockcondbold.gai","lhfoldblockcondbold.gsf":"lhfoldblockcondbold.gsf","lhfoldblockcondbold.hqx":"lhfoldblockcondbold.hqx","lhfoldblockcondbold.ik":"lhfoldblockcondbold.ik","lhfoldblockcondbold.mf":"lhfoldblockcondbold.mf","lhfoldblockcondbold.otf":"lhfoldblockcondbold.otf","lhfoldblockcondbold.pcf":"lhfoldblockcondbold.pcf","lhfoldblockcondbold.pf3":"lhfoldblockcondbold.pf3","lhfoldblockcondbold.pfa":"lhfoldblockcondbold.pfa","lhfoldblockcondbold.pfb":"lhfoldblockcondbold.pfb","lhfoldblockcondbold.php":"lhfoldblockcondbold.php","lhfoldblockcondbold.pmf":"lhfoldblockcondbold.pmf","lhfoldblockcondbold.pt3":"lhfoldblockcondbold.pt3","lhfoldblockcondbold.sfd":"lhfoldblockcondbold.sfd","lhfoldblockcondbold.svg":"lhfoldblockcondbold.svg","lhfoldblockcondbold.t42":"lhfoldblockcondbold.t42","lhfoldblockcondbold.ttd":"lhfoldblockcondbold.ttd","lhfoldblockcondbold.ttf":"lhfoldblockcondbold.ttf","lhfoldblockcondbold.ttg":"lhfoldblockcondbold.ttg","lhfoldblockcondbold.ufm":"lhfoldblockcondbold.ufm","lhfoldblockcondbold.woff":"lhfoldblockcondbold.woff","lhfoldblockcondbold.z":"lhfoldblockcondbold.z"},"\/lhfoldblockcondbold.ufo":{"feature.fea":"feature.fea","fontinfo.plist":"fontinfo.plist","groups.plist":"groups.plist","kerning.plist":"kerning.plist","metainfo.plist":"metainfo.plist"},"\/lhfoldblockcondbold.ufo\/glyphs":{"A_.glif":"A_.glif","A_E_.glif":"A_E_.glif","A_acute.glif":"A_acute.glif","A_circumflex.glif":"A_circumflex.glif","A_dieresis.glif":"A_dieresis.glif","A_grave.glif":"A_grave.glif","A_ring.glif":"A_ring.glif","A_tilde.glif":"A_tilde.glif","B_.glif":"B_.glif","C_.glif":"C_.glif","C_cedilla.glif":"C_cedilla.glif","D_.glif":"D_.glif","E_.glif":"E_.glif","E_acute.glif":"E_acute.glif","E_circumflex.glif":"E_circumflex.glif","E_dieresis.glif":"E_dieresis.glif","E_grave.glif":"E_grave.glif","E_th.glif":"E_th.glif","F_.glif":"F_.glif","G_.glif":"G_.glif","H_.glif":"H_.glif","I_.glif":"I_.glif","I_acute.glif":"I_acute.glif","I_circumflex.glif":"I_circumflex.glif","I_dieresis.glif":"I_dieresis.glif","I_grave.glif":"I_grave.glif","J_.glif":"J_.glif","K_.glif":"K_.glif","L_.glif":"L_.glif","M_.glif":"M_.glif","N_.glif":"N_.glif","N_tilde.glif":"N_tilde.glif","O_.glif":"O_.glif","O_E_.glif":"O_E_.glif","O_acute.glif":"O_acute.glif","O_circumflex.glif":"O_circumflex.glif","O_dieresis.glif":"O_dieresis.glif","O_grave.glif":"O_grave.glif","O_slash.glif":"O_slash.glif","O_tilde.glif":"O_tilde.glif","P_.glif":"P_.glif","Q_.glif":"Q_.glif","R_.glif":"R_.glif","S_.glif":"S_.glif","T_.glif":"T_.glif","U_.glif":"U_.glif","U_acute.glif":"U_acute.glif","U_circumflex.glif":"U_circumflex.glif","U_dieresis.glif":"U_dieresis.glif","U_grave.glif":"U_grave.glif","V_.glif":"V_.glif","W_.glif":"W_.glif","X_.glif":"X_.glif","Y_.glif":"Y_.glif","Y_acute.glif":"Y_acute.glif","Z_.glif":"Z_.glif","a.glif":"a.glif","aacute.glif":"aacute.glif","acircumflex.glif":"acircumflex.glif","adieresis.glif":"adieresis.glif","ae.glif":"ae.glif","afii61352.glif":"afii61352.glif","agrave.glif":"agrave.glif","ampersand.glif":"ampersand.glif","aring.glif":"aring.glif","asciicircum.glif":"asciicircum.glif","asciitilde.glif":"asciitilde.glif","asterisk.glif":"asterisk.glif","at.glif":"at.glif","atilde.glif":"atilde.glif","b.glif":"b.glif","backslash.glif":"backslash.glif","bar.glif":"bar.glif","braceleft.glif":"braceleft.glif","braceright.glif":"braceright.glif","bracketleft.glif":"bracketleft.glif","bracketright.glif":"bracketright.glif","c.glif":"c.glif","ccedilla.glif":"ccedilla.glif","cedilla.glif":"cedilla.glif","cent.glif":"cent.glif","colon.glif":"colon.glif","comma.glif":"comma.glif","contents.plist":"contents.plist","copyright.glif":"copyright.glif","currency.glif":"currency.glif","d.glif":"d.glif","degree.glif":"degree.glif","dieresis.glif":"dieresis.glif","dollar.glif":"dollar.glif","e.glif":"e.glif","eacute.glif":"eacute.glif","ecircumflex.glif":"ecircumflex.glif","edieresis.glif":"edieresis.glif","egrave.glif":"egrave.glif","eight.glif":"eight.glif","equal.glif":"equal.glif","eth.glif":"eth.glif","exclam.glif":"exclam.glif","exclamdown.glif":"exclamdown.glif","f.glif":"f.glif","five.glif":"five.glif","florin.glif":"florin.glif","four.glif":"four.glif","g.glif":"g.glif","germandbls.glif":"germandbls.glif","grave.glif":"grave.glif","greater.glif":"greater.glif","guillemotleft.glif":"guillemotleft.glif","guillemotright.glif":"guillemotright.glif","h.glif":"h.glif","hyphen.glif":"hyphen.glif","i.glif":"i.glif","iacute.glif":"iacute.glif","icircumflex.glif":"icircumflex.glif","idieresis.glif":"idieresis.glif","igrave.glif":"igrave.glif","j.glif":"j.glif","k.glif":"k.glif","l.glif":"l.glif","less.glif":"less.glif","m.glif":"m.glif","n.glif":"n.glif","nine.glif":"nine.glif","ntilde.glif":"ntilde.glif","numbersign.glif":"numbersign.glif","o.glif":"o.glif","oacute.glif":"oacute.glif","ocircumflex.glif":"ocircumflex.glif","odieresis.glif":"odieresis.glif","oe.glif":"oe.glif","ograve.glif":"ograve.glif","one.glif":"one.glif","oslash.glif":"oslash.glif","otilde.glif":"otilde.glif","p.glif":"p.glif","parenleft.glif":"parenleft.glif","parenright.glif":"parenright.glif","percent.glif":"percent.glif","period.glif":"period.glif","perthousand.glif":"perthousand.glif","plus.glif":"plus.glif","q.glif":"q.glif","question.glif":"question.glif","questiondown.glif":"questiondown.glif","quotedbl.glif":"quotedbl.glif","quotedblbase.glif":"quotedblbase.glif","quotedblleft.glif":"quotedblleft.glif","quotedblright.glif":"quotedblright.glif","quoteleft.glif":"quoteleft.glif","quoteright.glif":"quoteright.glif","quotesinglbase.glif":"quotesinglbase.glif","quotesingle.glif":"quotesingle.glif","r.glif":"r.glif","registered.glif":"registered.glif","s.glif":"s.glif","semicolon.glif":"semicolon.glif","seven.glif":"seven.glif","six.glif":"six.glif","slash.glif":"slash.glif","space.glif":"space.glif","sterling.glif":"sterling.glif","t.glif":"t.glif","three.glif":"three.glif","trademark.glif":"trademark.glif","two.glif":"two.glif","u.glif":"u.glif","uacute.glif":"uacute.glif","ucircumflex.glif":"ucircumflex.glif","udieresis.glif":"udieresis.glif","ugrave.glif":"ugrave.glif","underscore.glif":"underscore.glif","v.glif":"v.glif","w.glif":"w.glif","x.glif":"x.glif","y.glif":"y.glif","yacute.glif":"yacute.glif","ydieresis.glif":"ydieresis.glif","yen.glif":"yen.glif","z.glif":"z.glif","zero.glif":"zero.glif"}},"Table":{"FFTM":{"entryLength":16,"tag":"FFTM","checksum":1930942394,"offset":153296,"length":28},"GDEF":{"entryLength":16,"tag":"GDEF","checksum":6684676,"offset":153264,"length":32},"OS\/2":{"entryLength":16,"tag":"OS\/2","checksum":1429168713,"offset":344,"length":86},"cmap":{"entryLength":16,"tag":"cmap","checksum":2967360024,"offset":660,"length":826},"gasp":{"entryLength":16,"tag":"gasp","checksum":4294901763,"offset":153256,"length":8},"glyf":{"entryLength":16,"tag":"glyf","checksum":1523389108,"offset":1720,"length":151000},"head":{"entryLength":16,"tag":"head","checksum":172128946,"offset":220,"length":54},"hhea":{"entryLength":16,"tag":"hhea","checksum":140772375,"offset":276,"length":36},"hmtx":{"entryLength":16,"tag":"hmtx","checksum":3488748204,"offset":432,"length":228},"loca":{"entryLength":16,"tag":"loca","checksum":4353960,"offset":1488,"length":232},"maxp":{"entryLength":16,"tag":"maxp","checksum":10881995,"offset":312,"length":32},"name":{"entryLength":16,"tag":"name","checksum":24578016,"offset":152720,"length":372},"post":{"entryLength":16,"tag":"post","checksum":1311645328,"offset":153092,"length":162}},"UnicodeCharMap":{"32":3,"33":4,"65":5,"66":6,"67":7,"68":8,"69":9,"70":10,"71":11,"72":12,"73":13,"74":14,"75":15,"76":16,"77":17,"78":18,"79":19,"80":20,"81":21,"82":22,"83":23,"84":24,"85":25,"86":26,"87":27,"88":28,"89":29,"90":30,"97":31,"98":32,"99":33,"100":34,"101":35,"102":36,"103":37,"104":38,"105":39,"106":40,"107":41,"108":42,"109":43,"110":44,"111":45,"112":46,"113":47,"114":48,"115":49,"116":50,"117":51,"118":52,"119":53,"120":54,"121":55,"122":56},"Reserves":{"fontname":"Zartz !"},"Names":{"Zartz !":{"name":"Zartz !","longitude":"0.00000001","latitude":"0.00000001","country":"","region":"","city":""}},"Nodes":{"za":{"type":"typal","node":"za","usage":1,"weight":1},"tz":{"type":"typal","node":"tz","usage":1,"weight":1},"zar":{"type":"typal","node":"zar","usage":1,"weight":1},"rtz":{"type":"typal","node":"rtz","usage":1,"weight":1},"zart":{"type":"keys","node":"zart","usage":1,"weight":1},"artz":{"type":"keys","node":"artz","usage":1,"weight":1},"zartz":{"type":"fixes","node":"zartz","usage":1,"weight":1},"!":{"type":"fixes","node":"!","usage":1,"weight":1}},"Contributors":[],"FontIdentity":"2d888761b92a98031b7af8386291e494","Bytes":null,"Networking":[]}