{"CSS":{"Edit Undo Dot -BRK-":"Edit+Undo+Dot+-BRK-.css"},"FontType":"TrueType","FontCopyright":"NIGMA FONTS   [e-mail]  kentpw@norwich.net","FontName":"Edit Undo Dot -BRK-","FontSubfamily":"BRK-","FontSubfamilyID":"FontForge 2.0 : Edit Undo Dot -BRK- : 27-8-2016","FontFullName":"Edit Undo Dot BRK","FontVersion":"Version 001.000 ","FontWeight":null,"FontPostscriptName":"EditUndoDot-BRK-","Files":{"edundot.afm":"edundot.afm","edundot.bin":"edundot.bin","edundot.cef":"edundot.cef","edundot.cff":"edundot.cff","edundot.cid":"edundot.cid","edundot.dfont":"edundot.dfont","edundot.eot":"edundot.eot","edundot.fon":"edundot.fon","edundot.gai":"edundot.gai","edundot.gsf":"edundot.gsf","edundot.hqx":"edundot.hqx","edundot.ik":"edundot.ik","edundot.mf":"edundot.mf","edundot.otf":"edundot.otf","edundot.pcf":"edundot.pcf","edundot.pf3":"edundot.pf3","edundot.pfa":"edundot.pfa","edundot.pfb":"edundot.pfb","edundot.php":"edundot.php","edundot.pmf":"edundot.pmf","edundot.pt3":"edundot.pt3","edundot.sfd":"edundot.sfd","edundot.svg":"edundot.svg","edundot.t42":"edundot.t42","edundot.ttd":"edundot.ttd","edundot.ttf":"edundot.ttf","edundot.ttg":"edundot.ttg","edundot.ufm":"edundot.ufm","edundot.woff":"edundot.woff","edundot.z":"edundot.z","":{"edundot.afm":"edundot.afm","edundot.bin":"edundot.bin","edundot.cef":"edundot.cef","edundot.cff":"edundot.cff","edundot.cid":"edundot.cid","edundot.dfont":"edundot.dfont","edundot.eot":"edundot.eot","edundot.fon":"edundot.fon","edundot.gai":"edundot.gai","edundot.gsf":"edundot.gsf","edundot.hqx":"edundot.hqx","edundot.ik":"edundot.ik","edundot.mf":"edundot.mf","edundot.otf":"edundot.otf","edundot.pcf":"edundot.pcf","edundot.pf3":"edundot.pf3","edundot.pfa":"edundot.pfa","edundot.pfb":"edundot.pfb","edundot.php":"edundot.php","edundot.pmf":"edundot.pmf","edundot.pt3":"edundot.pt3","edundot.sfd":"edundot.sfd","edundot.svg":"edundot.svg","edundot.t42":"edundot.t42","edundot.ttd":"edundot.ttd","edundot.ttf":"edundot.ttf","edundot.ttg":"edundot.ttg","edundot.ufm":"edundot.ufm","edundot.woff":"edundot.woff","edundot.z":"edundot.z"},"\/edundot.ufo":{"feature.fea":"feature.fea","fontinfo.plist":"fontinfo.plist","groups.plist":"groups.plist","kerning.plist":"kerning.plist","metainfo.plist":"metainfo.plist"},"\/edundot.ufo\/glyphs":{"A_.glif":"A_.glif","A_E_.glif":"A_E_.glif","A_acute.glif":"A_acute.glif","A_circumflex.glif":"A_circumflex.glif","A_dieresis.glif":"A_dieresis.glif","A_grave.glif":"A_grave.glif","A_ring.glif":"A_ring.glif","A_tilde.glif":"A_tilde.glif","B_.glif":"B_.glif","C_.glif":"C_.glif","C_cedilla.glif":"C_cedilla.glif","D_.glif":"D_.glif","E_.glif":"E_.glif","E_acute.glif":"E_acute.glif","E_circumflex.glif":"E_circumflex.glif","E_dieresis.glif":"E_dieresis.glif","E_grave.glif":"E_grave.glif","E_th.glif":"E_th.glif","E_uro.glif":"E_uro.glif","F_.glif":"F_.glif","G_.glif":"G_.glif","H_.glif":"H_.glif","I_.glif":"I_.glif","I_acute.glif":"I_acute.glif","I_circumflex.glif":"I_circumflex.glif","I_dieresis.glif":"I_dieresis.glif","I_grave.glif":"I_grave.glif","J_.glif":"J_.glif","K_.glif":"K_.glif","L_.glif":"L_.glif","M_.glif":"M_.glif","N_.glif":"N_.glif","N_ameM_e.129.glif":"N_ameM_e.129.glif","N_ameM_e.141.glif":"N_ameM_e.141.glif","N_ameM_e.143.glif":"N_ameM_e.143.glif","N_ameM_e.144.glif":"N_ameM_e.144.glif","N_ameM_e.157.glif":"N_ameM_e.157.glif","N_tilde.glif":"N_tilde.glif","O_.glif":"O_.glif","O_E_.glif":"O_E_.glif","O_acute.glif":"O_acute.glif","O_circumflex.glif":"O_circumflex.glif","O_dieresis.glif":"O_dieresis.glif","O_grave.glif":"O_grave.glif","O_slash.glif":"O_slash.glif","O_tilde.glif":"O_tilde.glif","P_.glif":"P_.glif","Q_.glif":"Q_.glif","R_.glif":"R_.glif","S_.glif":"S_.glif","S_caron.glif":"S_caron.glif","T_.glif":"T_.glif","T_horn.glif":"T_horn.glif","U_.glif":"U_.glif","U_acute.glif":"U_acute.glif","U_circumflex.glif":"U_circumflex.glif","U_dieresis.glif":"U_dieresis.glif","U_grave.glif":"U_grave.glif","V_.glif":"V_.glif","W_.glif":"W_.glif","X_.glif":"X_.glif","Y_.glif":"Y_.glif","Y_acute.glif":"Y_acute.glif","Y_dieresis.glif":"Y_dieresis.glif","Z_.glif":"Z_.glif","Z_caron.glif":"Z_caron.glif","a.glif":"a.glif","aacute.glif":"aacute.glif","acircumflex.glif":"acircumflex.glif","acute.glif":"acute.glif","adieresis.glif":"adieresis.glif","ae.glif":"ae.glif","agrave.glif":"agrave.glif","ampersand.glif":"ampersand.glif","aring.glif":"aring.glif","asciicircum.glif":"asciicircum.glif","asciitilde.glif":"asciitilde.glif","asterisk.glif":"asterisk.glif","at.glif":"at.glif","atilde.glif":"atilde.glif","b.glif":"b.glif","backslash.glif":"backslash.glif","bar.glif":"bar.glif","braceleft.glif":"braceleft.glif","braceright.glif":"braceright.glif","bracketleft.glif":"bracketleft.glif","bracketright.glif":"bracketright.glif","brokenbar.glif":"brokenbar.glif","bullet.glif":"bullet.glif","c.glif":"c.glif","ccedilla.glif":"ccedilla.glif","cedilla.glif":"cedilla.glif","cent.glif":"cent.glif","circumflex.glif":"circumflex.glif","colon.glif":"colon.glif","comma.glif":"comma.glif","contents.plist":"contents.plist","copyright.glif":"copyright.glif","currency.glif":"currency.glif","d.glif":"d.glif","dagger.glif":"dagger.glif","daggerdbl.glif":"daggerdbl.glif","degree.glif":"degree.glif","dieresis.glif":"dieresis.glif","divide.glif":"divide.glif","dollar.glif":"dollar.glif","e.glif":"e.glif","eacute.glif":"eacute.glif","ecircumflex.glif":"ecircumflex.glif","edieresis.glif":"edieresis.glif","egrave.glif":"egrave.glif","eight.glif":"eight.glif","ellipsis.glif":"ellipsis.glif","emdash.glif":"emdash.glif","endash.glif":"endash.glif","equal.glif":"equal.glif","eth.glif":"eth.glif","exclam.glif":"exclam.glif","exclamdown.glif":"exclamdown.glif","f.glif":"f.glif","five.glif":"five.glif","florin.glif":"florin.glif","four.glif":"four.glif","g.glif":"g.glif","germandbls.glif":"germandbls.glif","grave.glif":"grave.glif","greater.glif":"greater.glif","guillemotleft.glif":"guillemotleft.glif","guillemotright.glif":"guillemotright.glif","guilsinglleft.glif":"guilsinglleft.glif","guilsinglright.glif":"guilsinglright.glif","h.glif":"h.glif","hyphen.glif":"hyphen.glif","i.glif":"i.glif","iacute.glif":"iacute.glif","icircumflex.glif":"icircumflex.glif","idieresis.glif":"idieresis.glif","igrave.glif":"igrave.glif","j.glif":"j.glif","k.glif":"k.glif","l.glif":"l.glif","less.glif":"less.glif","logicalnot.glif":"logicalnot.glif","m.glif":"m.glif","macron.glif":"macron.glif","multiply.glif":"multiply.glif","n.glif":"n.glif","nine.glif":"nine.glif","ntilde.glif":"ntilde.glif","numbersign.glif":"numbersign.glif","o.glif":"o.glif","oacute.glif":"oacute.glif","ocircumflex.glif":"ocircumflex.glif","odieresis.glif":"odieresis.glif","oe.glif":"oe.glif","ograve.glif":"ograve.glif","one.glif":"one.glif","onehalf.glif":"onehalf.glif","onequarter.glif":"onequarter.glif","ordfeminine.glif":"ordfeminine.glif","ordmasculine.glif":"ordmasculine.glif","oslash.glif":"oslash.glif","otilde.glif":"otilde.glif","p.glif":"p.glif","paragraph.glif":"paragraph.glif","parenleft.glif":"parenleft.glif","parenright.glif":"parenright.glif","percent.glif":"percent.glif","period.glif":"period.glif","periodcentered.glif":"periodcentered.glif","perthousand.glif":"perthousand.glif","plus.glif":"plus.glif","plusminus.glif":"plusminus.glif","q.glif":"q.glif","question.glif":"question.glif","questiondown.glif":"questiondown.glif","quotedbl.glif":"quotedbl.glif","quotedblbase.glif":"quotedblbase.glif","quotedblleft.glif":"quotedblleft.glif","quotedblright.glif":"quotedblright.glif","quoteleft.glif":"quoteleft.glif","quoteright.glif":"quoteright.glif","quotesinglbase.glif":"quotesinglbase.glif","quotesingle.glif":"quotesingle.glif","r.glif":"r.glif","registered.glif":"registered.glif","s.glif":"s.glif","scaron.glif":"scaron.glif","section.glif":"section.glif","semicolon.glif":"semicolon.glif","seven.glif":"seven.glif","six.glif":"six.glif","slash.glif":"slash.glif","space.glif":"space.glif","sterling.glif":"sterling.glif","t.glif":"t.glif","thorn.glif":"thorn.glif","three.glif":"three.glif","threequarters.glif":"threequarters.glif","tilde.glif":"tilde.glif","trademark.glif":"trademark.glif","two.glif":"two.glif","u.glif":"u.glif","uacute.glif":"uacute.glif","ucircumflex.glif":"ucircumflex.glif","udieresis.glif":"udieresis.glif","ugrave.glif":"ugrave.glif","underscore.glif":"underscore.glif","uni007F_.glif":"uni007F_.glif","uni00A_0.glif":"uni00A_0.glif","uni00A_D_.glif":"uni00A_D_.glif","uni00B_2.glif":"uni00B_2.glif","uni00B_3.glif":"uni00B_3.glif","uni00B_5.glif":"uni00B_5.glif","uni00B_9.glif":"uni00B_9.glif","v.glif":"v.glif","w.glif":"w.glif","x.glif":"x.glif","y.glif":"y.glif","yacute.glif":"yacute.glif","ydieresis.glif":"ydieresis.glif","yen.glif":"yen.glif","z.glif":"z.glif","zcaron.glif":"zcaron.glif","zero.glif":"zero.glif"}},"Font":{"uploaded":1472255642.6449,"licence":"gpl3","company":"Chronolabs Cooperative","title":"Edit Undo Dot BRK","version":2.001,"date":"Fri Aug 12 15:09:40 2016","creator":"root","type":"1","matrix":"0.001 0 0 0.001 0 0","named":"EditUndoDot-BRK-","painttype":"0","info":"9 dict dup","name":"Edit Undo Dot -BRK-","family":"Edit Undo Dot -BRK-","weight":"Normal","italicangle":"0","underlineposition":"","underlinethickness":""},"Table":{"FFTM":{"entryLength":16,"tag":"FFTM","checksum":1944303608,"offset":3588,"length":28},"GDEF":{"entryLength":16,"tag":"GDEF","checksum":17825798,"offset":3556,"length":32},"OS\/2":{"entryLength":16,"tag":"OS\/2","checksum":1437662556,"offset":344,"length":86},"cmap":{"entryLength":16,"tag":"cmap","checksum":3524748895,"offset":1312,"length":492},"gasp":{"entryLength":16,"tag":"gasp","checksum":4294901763,"offset":3548,"length":8},"glyf":{"entryLength":16,"tag":"glyf","checksum":0,"offset":2260,"length":0},"head":{"entryLength":16,"tag":"head","checksum":116084505,"offset":220,"length":54},"hhea":{"entryLength":16,"tag":"hhea","checksum":58459000,"offset":276,"length":36},"hmtx":{"entryLength":16,"tag":"hmtx","checksum":2765946880,"offset":432,"length":878},"loca":{"entryLength":16,"tag":"loca","checksum":0,"offset":1804,"length":456},"maxp":{"entryLength":16,"tag":"maxp","checksum":19202051,"offset":312,"length":32},"name":{"entryLength":16,"tag":"name","checksum":824150168,"offset":2260,"length":684},"post":{"entryLength":16,"tag":"post","checksum":3515368960,"offset":2944,"length":604}},"UnicodeCharMap":{"32":3,"33":4,"34":5,"35":6,"36":7,"37":8,"38":9,"39":10,"40":11,"41":12,"42":13,"43":14,"44":15,"45":16,"46":17,"47":18,"48":19,"49":20,"50":21,"51":22,"52":23,"53":24,"54":25,"55":26,"56":27,"57":28,"58":29,"59":30,"60":31,"61":32,"62":33,"63":34,"64":35,"65":36,"66":37,"67":38,"68":39,"69":40,"70":41,"71":42,"72":43,"73":44,"74":45,"75":46,"76":47,"77":48,"78":49,"79":50,"80":51,"81":52,"82":53,"83":54,"84":55,"85":56,"86":57,"87":58,"88":59,"89":60,"90":61,"91":62,"92":63,"93":64,"94":65,"95":66,"96":67,"97":68,"98":69,"99":70,"100":71,"101":72,"102":73,"103":74,"104":75,"105":76,"106":77,"107":78,"108":79,"109":80,"110":81,"111":82,"112":83,"113":84,"114":85,"115":86,"116":87,"117":88,"118":89,"119":90,"120":91,"121":92,"122":93,"123":94,"124":95,"125":96,"126":97,"127":98,"160":131,"161":132,"162":133,"163":134,"164":135,"165":136,"166":137,"167":138,"168":139,"169":140,"170":141,"171":142,"172":143,"173":144,"174":145,"175":146,"176":147,"177":148,"178":149,"179":150,"180":151,"181":152,"182":153,"183":154,"184":155,"185":156,"186":157,"187":158,"188":159,"189":160,"190":161,"191":162,"192":163,"193":164,"194":165,"195":166,"196":167,"197":168,"198":169,"199":170,"200":171,"201":172,"202":173,"203":174,"204":175,"205":176,"206":177,"207":178,"208":179,"209":180,"210":181,"211":182,"212":183,"213":184,"214":185,"215":186,"216":187,"217":188,"218":189,"219":190,"220":191,"221":192,"222":193,"223":194,"224":195,"225":196,"226":197,"227":198,"228":199,"229":200,"230":201,"231":202,"232":203,"233":204,"234":205,"235":206,"236":207,"237":208,"238":209,"239":210,"240":211,"241":212,"242":213,"243":214,"244":215,"245":216,"246":217,"247":218,"248":219,"249":220,"250":221,"251":222,"252":223,"253":224,"254":225,"255":226,"338":111,"339":127,"352":109,"353":125,"376":130,"381":113,"382":129,"402":102,"710":107,"732":123,"8211":121,"8212":122,"8216":116,"8217":117,"8218":101,"8220":118,"8221":119,"8222":103,"8224":105,"8225":106,"8226":120,"8230":104,"8240":108,"8249":110,"8250":126,"8364":99,"8482":124},"Reserves":null,"Names":[],"Nodes":{"ed":{"type":"typal","node":"ed","usage":1,"weight":1},"it":{"type":"typal","node":"it","usage":1,"weight":1},"un":{"type":"typal","node":"un","usage":1,"weight":1},"do":{"type":"typal","node":"do","usage":1,"weight":2},"ot":{"type":"typal","node":"ot","usage":1,"weight":1},"br":{"type":"typal","node":"br","usage":1,"weight":1},"rk":{"type":"typal","node":"rk","usage":1,"weight":1},"edi":{"type":"typal","node":"edi","usage":1,"weight":1},"dit":{"type":"typal","node":"dit","usage":1,"weight":1},"und":{"type":"typal","node":"und","usage":1,"weight":1},"ndo":{"type":"typal","node":"ndo","usage":1,"weight":1},"edit":{"type":"fixes","node":"edit","usage":1,"weight":1},"undo":{"type":"fixes","node":"undo","usage":1,"weight":1},"dot":{"type":"fixes","node":"dot","usage":1,"weight":1},"brk":{"type":"fixes","node":"brk","usage":1,"weight":1}},"Contributors":[],"FontIdentity":"2571cf7c91cd0bfb4f50b8edeb0d1229","Bytes":621061,"Networking":[],"barcode":"qgao4ygoaa5ek","referee":"YcsgUEY"}