{"CSS":{"MetaMediumCyr-Roman":"MetaMediumCyr-Roman.css"},"FontType":"TrueType","FontCopyright":"Copyright 2001, Erik Spiekermann,Tagir Safayev, Olga Chayeva, published by FSI Fonts und Software.","FontName":"MetaMediumCyr-Roman","FontSubfamily":"Roman","FontSubfamilyID":"FontForge 2.0 : MetaMediumCyr-Roman : 27-10-2016","FontFullName":"Meta Medium Cyr Roman","FontVersion":"Version 004.031 ","FontWeight":null,"FontPostscriptName":"MetaMediumCyr-Roman","Files":{"\/fonts\/Unpacking\/8d91eb56aaf577328bd5ba36ec1db30e6f4b3773\/LICENCE":"\/fonts\/Unpacking\/8d91eb56aaf577328bd5ba36ec1db30e6f4b3773\/LICENCE","\/fonts\/Unpacking\/8d91eb56aaf577328bd5ba36ec1db30e6f4b3773\/metamediumcyr-roman.afm":"\/fonts\/Unpacking\/8d91eb56aaf577328bd5ba36ec1db30e6f4b3773\/metamediumcyr-roman.afm","\/fonts\/Unpacking\/8d91eb56aaf577328bd5ba36ec1db30e6f4b3773\/metamediumcyr-roman.bin":"\/fonts\/Unpacking\/8d91eb56aaf577328bd5ba36ec1db30e6f4b3773\/metamediumcyr-roman.bin","\/fonts\/Unpacking\/8d91eb56aaf577328bd5ba36ec1db30e6f4b3773\/metamediumcyr-roman.cef":"\/fonts\/Unpacking\/8d91eb56aaf577328bd5ba36ec1db30e6f4b3773\/metamediumcyr-roman.cef","\/fonts\/Unpacking\/8d91eb56aaf577328bd5ba36ec1db30e6f4b3773\/metamediumcyr-roman.cff":"\/fonts\/Unpacking\/8d91eb56aaf577328bd5ba36ec1db30e6f4b3773\/metamediumcyr-roman.cff","\/fonts\/Unpacking\/8d91eb56aaf577328bd5ba36ec1db30e6f4b3773\/metamediumcyr-roman.cid":"\/fonts\/Unpacking\/8d91eb56aaf577328bd5ba36ec1db30e6f4b3773\/metamediumcyr-roman.cid","\/fonts\/Unpacking\/8d91eb56aaf577328bd5ba36ec1db30e6f4b3773\/metamediumcyr-roman.dfont":"\/fonts\/Unpacking\/8d91eb56aaf577328bd5ba36ec1db30e6f4b3773\/metamediumcyr-roman.dfont","\/fonts\/Unpacking\/8d91eb56aaf577328bd5ba36ec1db30e6f4b3773\/metamediumcyr-roman.eot":"\/fonts\/Unpacking\/8d91eb56aaf577328bd5ba36ec1db30e6f4b3773\/metamediumcyr-roman.eot","\/fonts\/Unpacking\/8d91eb56aaf577328bd5ba36ec1db30e6f4b3773\/metamediumcyr-roman.fon":"\/fonts\/Unpacking\/8d91eb56aaf577328bd5ba36ec1db30e6f4b3773\/metamediumcyr-roman.fon","\/fonts\/Unpacking\/8d91eb56aaf577328bd5ba36ec1db30e6f4b3773\/metamediumcyr-roman.gai":"\/fonts\/Unpacking\/8d91eb56aaf577328bd5ba36ec1db30e6f4b3773\/metamediumcyr-roman.gai","\/fonts\/Unpacking\/8d91eb56aaf577328bd5ba36ec1db30e6f4b3773\/metamediumcyr-roman.gsf":"\/fonts\/Unpacking\/8d91eb56aaf577328bd5ba36ec1db30e6f4b3773\/metamediumcyr-roman.gsf","\/fonts\/Unpacking\/8d91eb56aaf577328bd5ba36ec1db30e6f4b3773\/metamediumcyr-roman.hqx":"\/fonts\/Unpacking\/8d91eb56aaf577328bd5ba36ec1db30e6f4b3773\/metamediumcyr-roman.hqx","\/fonts\/Unpacking\/8d91eb56aaf577328bd5ba36ec1db30e6f4b3773\/metamediumcyr-roman.ik":"\/fonts\/Unpacking\/8d91eb56aaf577328bd5ba36ec1db30e6f4b3773\/metamediumcyr-roman.ik","\/fonts\/Unpacking\/8d91eb56aaf577328bd5ba36ec1db30e6f4b3773\/metamediumcyr-roman.mf":"\/fonts\/Unpacking\/8d91eb56aaf577328bd5ba36ec1db30e6f4b3773\/metamediumcyr-roman.mf","\/fonts\/Unpacking\/8d91eb56aaf577328bd5ba36ec1db30e6f4b3773\/metamediumcyr-roman.otf":"\/fonts\/Unpacking\/8d91eb56aaf577328bd5ba36ec1db30e6f4b3773\/metamediumcyr-roman.otf","\/fonts\/Unpacking\/8d91eb56aaf577328bd5ba36ec1db30e6f4b3773\/metamediumcyr-roman.pcf":"\/fonts\/Unpacking\/8d91eb56aaf577328bd5ba36ec1db30e6f4b3773\/metamediumcyr-roman.pcf","\/fonts\/Unpacking\/8d91eb56aaf577328bd5ba36ec1db30e6f4b3773\/metamediumcyr-roman.pf3":"\/fonts\/Unpacking\/8d91eb56aaf577328bd5ba36ec1db30e6f4b3773\/metamediumcyr-roman.pf3","\/fonts\/Unpacking\/8d91eb56aaf577328bd5ba36ec1db30e6f4b3773\/metamediumcyr-roman.pfa":"\/fonts\/Unpacking\/8d91eb56aaf577328bd5ba36ec1db30e6f4b3773\/metamediumcyr-roman.pfa","\/fonts\/Unpacking\/8d91eb56aaf577328bd5ba36ec1db30e6f4b3773\/metamediumcyr-roman.pfb":"\/fonts\/Unpacking\/8d91eb56aaf577328bd5ba36ec1db30e6f4b3773\/metamediumcyr-roman.pfb","\/fonts\/Unpacking\/8d91eb56aaf577328bd5ba36ec1db30e6f4b3773\/metamediumcyr-roman.php":"\/fonts\/Unpacking\/8d91eb56aaf577328bd5ba36ec1db30e6f4b3773\/metamediumcyr-roman.php","\/fonts\/Unpacking\/8d91eb56aaf577328bd5ba36ec1db30e6f4b3773\/metamediumcyr-roman.pmf":"\/fonts\/Unpacking\/8d91eb56aaf577328bd5ba36ec1db30e6f4b3773\/metamediumcyr-roman.pmf","\/fonts\/Unpacking\/8d91eb56aaf577328bd5ba36ec1db30e6f4b3773\/metamediumcyr-roman.pt3":"\/fonts\/Unpacking\/8d91eb56aaf577328bd5ba36ec1db30e6f4b3773\/metamediumcyr-roman.pt3","\/fonts\/Unpacking\/8d91eb56aaf577328bd5ba36ec1db30e6f4b3773\/metamediumcyr-roman.sfd":"\/fonts\/Unpacking\/8d91eb56aaf577328bd5ba36ec1db30e6f4b3773\/metamediumcyr-roman.sfd","\/fonts\/Unpacking\/8d91eb56aaf577328bd5ba36ec1db30e6f4b3773\/metamediumcyr-roman.svg":"\/fonts\/Unpacking\/8d91eb56aaf577328bd5ba36ec1db30e6f4b3773\/metamediumcyr-roman.svg","\/fonts\/Unpacking\/8d91eb56aaf577328bd5ba36ec1db30e6f4b3773\/metamediumcyr-roman.t42":"\/fonts\/Unpacking\/8d91eb56aaf577328bd5ba36ec1db30e6f4b3773\/metamediumcyr-roman.t42","\/fonts\/Unpacking\/8d91eb56aaf577328bd5ba36ec1db30e6f4b3773\/metamediumcyr-roman.ttd":"\/fonts\/Unpacking\/8d91eb56aaf577328bd5ba36ec1db30e6f4b3773\/metamediumcyr-roman.ttd","\/fonts\/Unpacking\/8d91eb56aaf577328bd5ba36ec1db30e6f4b3773\/metamediumcyr-roman.ttf":"\/fonts\/Unpacking\/8d91eb56aaf577328bd5ba36ec1db30e6f4b3773\/metamediumcyr-roman.ttf","\/fonts\/Unpacking\/8d91eb56aaf577328bd5ba36ec1db30e6f4b3773\/metamediumcyr-roman.ttg":"\/fonts\/Unpacking\/8d91eb56aaf577328bd5ba36ec1db30e6f4b3773\/metamediumcyr-roman.ttg","\/fonts\/Unpacking\/8d91eb56aaf577328bd5ba36ec1db30e6f4b3773\/metamediumcyr-roman.ufm":"\/fonts\/Unpacking\/8d91eb56aaf577328bd5ba36ec1db30e6f4b3773\/metamediumcyr-roman.ufm","\/fonts\/Unpacking\/8d91eb56aaf577328bd5ba36ec1db30e6f4b3773\/metamediumcyr-roman.woff":"\/fonts\/Unpacking\/8d91eb56aaf577328bd5ba36ec1db30e6f4b3773\/metamediumcyr-roman.woff","\/fonts\/Unpacking\/8d91eb56aaf577328bd5ba36ec1db30e6f4b3773\/metamediumcyr-roman.z":"\/fonts\/Unpacking\/8d91eb56aaf577328bd5ba36ec1db30e6f4b3773\/metamediumcyr-roman.z","\/fonts\/Unpacking\/8d91eb56aaf577328bd5ba36ec1db30e6f4b3773\/metamediumcyr-roman.ufo\/feature.fea":"\/fonts\/Unpacking\/8d91eb56aaf577328bd5ba36ec1db30e6f4b3773\/metamediumcyr-roman.ufo\/feature.fea","\/fonts\/Unpacking\/8d91eb56aaf577328bd5ba36ec1db30e6f4b3773\/metamediumcyr-roman.ufo\/fontinfo.plist":"\/fonts\/Unpacking\/8d91eb56aaf577328bd5ba36ec1db30e6f4b3773\/metamediumcyr-roman.ufo\/fontinfo.plist","\/fonts\/Unpacking\/8d91eb56aaf577328bd5ba36ec1db30e6f4b3773\/metamediumcyr-roman.ufo\/groups.plist":"\/fonts\/Unpacking\/8d91eb56aaf577328bd5ba36ec1db30e6f4b3773\/metamediumcyr-roman.ufo\/groups.plist","\/fonts\/Unpacking\/8d91eb56aaf577328bd5ba36ec1db30e6f4b3773\/metamediumcyr-roman.ufo\/kerning.plist":"\/fonts\/Unpacking\/8d91eb56aaf577328bd5ba36ec1db30e6f4b3773\/metamediumcyr-roman.ufo\/kerning.plist","\/fonts\/Unpacking\/8d91eb56aaf577328bd5ba36ec1db30e6f4b3773\/metamediumcyr-roman.ufo\/metainfo.plist":"\/fonts\/Unpacking\/8d91eb56aaf577328bd5ba36ec1db30e6f4b3773\/metamediumcyr-roman.ufo\/metainfo.plist","\/fonts\/Unpacking\/8d91eb56aaf577328bd5ba36ec1db30e6f4b3773\/metamediumcyr-roman.ufo\/glyphs\/A_.glif":"\/fonts\/Unpacking\/8d91eb56aaf577328bd5ba36ec1db30e6f4b3773\/metamediumcyr-roman.ufo\/glyphs\/A_.glif","\/fonts\/Unpacking\/8d91eb56aaf577328bd5ba36ec1db30e6f4b3773\/metamediumcyr-roman.ufo\/glyphs\/B_.glif":"\/fonts\/Unpacking\/8d91eb56aaf577328bd5ba36ec1db30e6f4b3773\/metamediumcyr-roman.ufo\/glyphs\/B_.glif","\/fonts\/Unpacking\/8d91eb56aaf577328bd5ba36ec1db30e6f4b3773\/metamediumcyr-roman.ufo\/glyphs\/C_.glif":"\/fonts\/Unpacking\/8d91eb56aaf577328bd5ba36ec1db30e6f4b3773\/metamediumcyr-roman.ufo\/glyphs\/C_.glif","\/fonts\/Unpacking\/8d91eb56aaf577328bd5ba36ec1db30e6f4b3773\/metamediumcyr-roman.ufo\/glyphs\/D_.glif":"\/fonts\/Unpacking\/8d91eb56aaf577328bd5ba36ec1db30e6f4b3773\/metamediumcyr-roman.ufo\/glyphs\/D_.glif","\/fonts\/Unpacking\/8d91eb56aaf577328bd5ba36ec1db30e6f4b3773\/metamediumcyr-roman.ufo\/glyphs\/E_.glif":"\/fonts\/Unpacking\/8d91eb56aaf577328bd5ba36ec1db30e6f4b3773\/metamediumcyr-roman.ufo\/glyphs\/E_.glif","\/fonts\/Unpacking\/8d91eb56aaf577328bd5ba36ec1db30e6f4b3773\/metamediumcyr-roman.ufo\/glyphs\/E_uro.glif":"\/fonts\/Unpacking\/8d91eb56aaf577328bd5ba36ec1db30e6f4b3773\/metamediumcyr-roman.ufo\/glyphs\/E_uro.glif","\/fonts\/Unpacking\/8d91eb56aaf577328bd5ba36ec1db30e6f4b3773\/metamediumcyr-roman.ufo\/glyphs\/F_.glif":"\/fonts\/Unpacking\/8d91eb56aaf577328bd5ba36ec1db30e6f4b3773\/metamediumcyr-roman.ufo\/glyphs\/F_.glif","\/fonts\/Unpacking\/8d91eb56aaf577328bd5ba36ec1db30e6f4b3773\/metamediumcyr-roman.ufo\/glyphs\/G_.glif":"\/fonts\/Unpacking\/8d91eb56aaf577328bd5ba36ec1db30e6f4b3773\/metamediumcyr-roman.ufo\/glyphs\/G_.glif","\/fonts\/Unpacking\/8d91eb56aaf577328bd5ba36ec1db30e6f4b3773\/metamediumcyr-roman.ufo\/glyphs\/H_.glif":"\/fonts\/Unpacking\/8d91eb56aaf577328bd5ba36ec1db30e6f4b3773\/metamediumcyr-roman.ufo\/glyphs\/H_.glif","\/fonts\/Unpacking\/8d91eb56aaf577328bd5ba36ec1db30e6f4b3773\/metamediumcyr-roman.ufo\/glyphs\/I_.glif":"\/fonts\/Unpacking\/8d91eb56aaf577328bd5ba36ec1db30e6f4b3773\/metamediumcyr-roman.ufo\/glyphs\/I_.glif","\/fonts\/Unpacking\/8d91eb56aaf577328bd5ba36ec1db30e6f4b3773\/metamediumcyr-roman.ufo\/glyphs\/J_.glif":"\/fonts\/Unpacking\/8d91eb56aaf577328bd5ba36ec1db30e6f4b3773\/metamediumcyr-roman.ufo\/glyphs\/J_.glif","\/fonts\/Unpacking\/8d91eb56aaf577328bd5ba36ec1db30e6f4b3773\/metamediumcyr-roman.ufo\/glyphs\/K_.glif":"\/fonts\/Unpacking\/8d91eb56aaf577328bd5ba36ec1db30e6f4b3773\/metamediumcyr-roman.ufo\/glyphs\/K_.glif","\/fonts\/Unpacking\/8d91eb56aaf577328bd5ba36ec1db30e6f4b3773\/metamediumcyr-roman.ufo\/glyphs\/L_.glif":"\/fonts\/Unpacking\/8d91eb56aaf577328bd5ba36ec1db30e6f4b3773\/metamediumcyr-roman.ufo\/glyphs\/L_.glif","\/fonts\/Unpacking\/8d91eb56aaf577328bd5ba36ec1db30e6f4b3773\/metamediumcyr-roman.ufo\/glyphs\/M_.glif":"\/fonts\/Unpacking\/8d91eb56aaf577328bd5ba36ec1db30e6f4b3773\/metamediumcyr-roman.ufo\/glyphs\/M_.glif","\/fonts\/Unpacking\/8d91eb56aaf577328bd5ba36ec1db30e6f4b3773\/metamediumcyr-roman.ufo\/glyphs\/N_.glif":"\/fonts\/Unpacking\/8d91eb56aaf577328bd5ba36ec1db30e6f4b3773\/metamediumcyr-roman.ufo\/glyphs\/N_.glif","\/fonts\/Unpacking\/8d91eb56aaf577328bd5ba36ec1db30e6f4b3773\/metamediumcyr-roman.ufo\/glyphs\/O_.glif":"\/fonts\/Unpacking\/8d91eb56aaf577328bd5ba36ec1db30e6f4b3773\/metamediumcyr-roman.ufo\/glyphs\/O_.glif","\/fonts\/Unpacking\/8d91eb56aaf577328bd5ba36ec1db30e6f4b3773\/metamediumcyr-roman.ufo\/glyphs\/P_.glif":"\/fonts\/Unpacking\/8d91eb56aaf577328bd5ba36ec1db30e6f4b3773\/metamediumcyr-roman.ufo\/glyphs\/P_.glif","\/fonts\/Unpacking\/8d91eb56aaf577328bd5ba36ec1db30e6f4b3773\/metamediumcyr-roman.ufo\/glyphs\/Q_.glif":"\/fonts\/Unpacking\/8d91eb56aaf577328bd5ba36ec1db30e6f4b3773\/metamediumcyr-roman.ufo\/glyphs\/Q_.glif","\/fonts\/Unpacking\/8d91eb56aaf577328bd5ba36ec1db30e6f4b3773\/metamediumcyr-roman.ufo\/glyphs\/R_.glif":"\/fonts\/Unpacking\/8d91eb56aaf577328bd5ba36ec1db30e6f4b3773\/metamediumcyr-roman.ufo\/glyphs\/R_.glif","\/fonts\/Unpacking\/8d91eb56aaf577328bd5ba36ec1db30e6f4b3773\/metamediumcyr-roman.ufo\/glyphs\/S_.glif":"\/fonts\/Unpacking\/8d91eb56aaf577328bd5ba36ec1db30e6f4b3773\/metamediumcyr-roman.ufo\/glyphs\/S_.glif","\/fonts\/Unpacking\/8d91eb56aaf577328bd5ba36ec1db30e6f4b3773\/metamediumcyr-roman.ufo\/glyphs\/T_.glif":"\/fonts\/Unpacking\/8d91eb56aaf577328bd5ba36ec1db30e6f4b3773\/metamediumcyr-roman.ufo\/glyphs\/T_.glif","\/fonts\/Unpacking\/8d91eb56aaf577328bd5ba36ec1db30e6f4b3773\/metamediumcyr-roman.ufo\/glyphs\/U_.glif":"\/fonts\/Unpacking\/8d91eb56aaf577328bd5ba36ec1db30e6f4b3773\/metamediumcyr-roman.ufo\/glyphs\/U_.glif","\/fonts\/Unpacking\/8d91eb56aaf577328bd5ba36ec1db30e6f4b3773\/metamediumcyr-roman.ufo\/glyphs\/V_.glif":"\/fonts\/Unpacking\/8d91eb56aaf577328bd5ba36ec1db30e6f4b3773\/metamediumcyr-roman.ufo\/glyphs\/V_.glif","\/fonts\/Unpacking\/8d91eb56aaf577328bd5ba36ec1db30e6f4b3773\/metamediumcyr-roman.ufo\/glyphs\/W_.glif":"\/fonts\/Unpacking\/8d91eb56aaf577328bd5ba36ec1db30e6f4b3773\/metamediumcyr-roman.ufo\/glyphs\/W_.glif","\/fonts\/Unpacking\/8d91eb56aaf577328bd5ba36ec1db30e6f4b3773\/metamediumcyr-roman.ufo\/glyphs\/X_.glif":"\/fonts\/Unpacking\/8d91eb56aaf577328bd5ba36ec1db30e6f4b3773\/metamediumcyr-roman.ufo\/glyphs\/X_.glif","\/fonts\/Unpacking\/8d91eb56aaf577328bd5ba36ec1db30e6f4b3773\/metamediumcyr-roman.ufo\/glyphs\/Y_.glif":"\/fonts\/Unpacking\/8d91eb56aaf577328bd5ba36ec1db30e6f4b3773\/metamediumcyr-roman.ufo\/glyphs\/Y_.glif","\/fonts\/Unpacking\/8d91eb56aaf577328bd5ba36ec1db30e6f4b3773\/metamediumcyr-roman.ufo\/glyphs\/Z_.glif":"\/fonts\/Unpacking\/8d91eb56aaf577328bd5ba36ec1db30e6f4b3773\/metamediumcyr-roman.ufo\/glyphs\/Z_.glif","\/fonts\/Unpacking\/8d91eb56aaf577328bd5ba36ec1db30e6f4b3773\/metamediumcyr-roman.ufo\/glyphs\/a.glif":"\/fonts\/Unpacking\/8d91eb56aaf577328bd5ba36ec1db30e6f4b3773\/metamediumcyr-roman.ufo\/glyphs\/a.glif","\/fonts\/Unpacking\/8d91eb56aaf577328bd5ba36ec1db30e6f4b3773\/metamediumcyr-roman.ufo\/glyphs\/acute.glif":"\/fonts\/Unpacking\/8d91eb56aaf577328bd5ba36ec1db30e6f4b3773\/metamediumcyr-roman.ufo\/glyphs\/acute.glif","\/fonts\/Unpacking\/8d91eb56aaf577328bd5ba36ec1db30e6f4b3773\/metamediumcyr-roman.ufo\/glyphs\/afii10017.glif":"\/fonts\/Unpacking\/8d91eb56aaf577328bd5ba36ec1db30e6f4b3773\/metamediumcyr-roman.ufo\/glyphs\/afii10017.glif","\/fonts\/Unpacking\/8d91eb56aaf577328bd5ba36ec1db30e6f4b3773\/metamediumcyr-roman.ufo\/glyphs\/afii10018.glif":"\/fonts\/Unpacking\/8d91eb56aaf577328bd5ba36ec1db30e6f4b3773\/metamediumcyr-roman.ufo\/glyphs\/afii10018.glif","\/fonts\/Unpacking\/8d91eb56aaf577328bd5ba36ec1db30e6f4b3773\/metamediumcyr-roman.ufo\/glyphs\/afii10019.glif":"\/fonts\/Unpacking\/8d91eb56aaf577328bd5ba36ec1db30e6f4b3773\/metamediumcyr-roman.ufo\/glyphs\/afii10019.glif","\/fonts\/Unpacking\/8d91eb56aaf577328bd5ba36ec1db30e6f4b3773\/metamediumcyr-roman.ufo\/glyphs\/afii10020.glif":"\/fonts\/Unpacking\/8d91eb56aaf577328bd5ba36ec1db30e6f4b3773\/metamediumcyr-roman.ufo\/glyphs\/afii10020.glif","\/fonts\/Unpacking\/8d91eb56aaf577328bd5ba36ec1db30e6f4b3773\/metamediumcyr-roman.ufo\/glyphs\/afii10021.glif":"\/fonts\/Unpacking\/8d91eb56aaf577328bd5ba36ec1db30e6f4b3773\/metamediumcyr-roman.ufo\/glyphs\/afii10021.glif","\/fonts\/Unpacking\/8d91eb56aaf577328bd5ba36ec1db30e6f4b3773\/metamediumcyr-roman.ufo\/glyphs\/afii10022.glif":"\/fonts\/Unpacking\/8d91eb56aaf577328bd5ba36ec1db30e6f4b3773\/metamediumcyr-roman.ufo\/glyphs\/afii10022.glif","\/fonts\/Unpacking\/8d91eb56aaf577328bd5ba36ec1db30e6f4b3773\/metamediumcyr-roman.ufo\/glyphs\/afii10023.glif":"\/fonts\/Unpacking\/8d91eb56aaf577328bd5ba36ec1db30e6f4b3773\/metamediumcyr-roman.ufo\/glyphs\/afii10023.glif","\/fonts\/Unpacking\/8d91eb56aaf577328bd5ba36ec1db30e6f4b3773\/metamediumcyr-roman.ufo\/glyphs\/afii10024.glif":"\/fonts\/Unpacking\/8d91eb56aaf577328bd5ba36ec1db30e6f4b3773\/metamediumcyr-roman.ufo\/glyphs\/afii10024.glif","\/fonts\/Unpacking\/8d91eb56aaf577328bd5ba36ec1db30e6f4b3773\/metamediumcyr-roman.ufo\/glyphs\/afii10025.glif":"\/fonts\/Unpacking\/8d91eb56aaf577328bd5ba36ec1db30e6f4b3773\/metamediumcyr-roman.ufo\/glyphs\/afii10025.glif","\/fonts\/Unpacking\/8d91eb56aaf577328bd5ba36ec1db30e6f4b3773\/metamediumcyr-roman.ufo\/glyphs\/afii10026.glif":"\/fonts\/Unpacking\/8d91eb56aaf577328bd5ba36ec1db30e6f4b3773\/metamediumcyr-roman.ufo\/glyphs\/afii10026.glif","\/fonts\/Unpacking\/8d91eb56aaf577328bd5ba36ec1db30e6f4b3773\/metamediumcyr-roman.ufo\/glyphs\/afii10027.glif":"\/fonts\/Unpacking\/8d91eb56aaf577328bd5ba36ec1db30e6f4b3773\/metamediumcyr-roman.ufo\/glyphs\/afii10027.glif","\/fonts\/Unpacking\/8d91eb56aaf577328bd5ba36ec1db30e6f4b3773\/metamediumcyr-roman.ufo\/glyphs\/afii10028.glif":"\/fonts\/Unpacking\/8d91eb56aaf577328bd5ba36ec1db30e6f4b3773\/metamediumcyr-roman.ufo\/glyphs\/afii10028.glif","\/fonts\/Unpacking\/8d91eb56aaf577328bd5ba36ec1db30e6f4b3773\/metamediumcyr-roman.ufo\/glyphs\/afii10029.glif":"\/fonts\/Unpacking\/8d91eb56aaf577328bd5ba36ec1db30e6f4b3773\/metamediumcyr-roman.ufo\/glyphs\/afii10029.glif","\/fonts\/Unpacking\/8d91eb56aaf577328bd5ba36ec1db30e6f4b3773\/metamediumcyr-roman.ufo\/glyphs\/afii10030.glif":"\/fonts\/Unpacking\/8d91eb56aaf577328bd5ba36ec1db30e6f4b3773\/metamediumcyr-roman.ufo\/glyphs\/afii10030.glif","\/fonts\/Unpacking\/8d91eb56aaf577328bd5ba36ec1db30e6f4b3773\/metamediumcyr-roman.ufo\/glyphs\/afii10031.glif":"\/fonts\/Unpacking\/8d91eb56aaf577328bd5ba36ec1db30e6f4b3773\/metamediumcyr-roman.ufo\/glyphs\/afii10031.glif","\/fonts\/Unpacking\/8d91eb56aaf577328bd5ba36ec1db30e6f4b3773\/metamediumcyr-roman.ufo\/glyphs\/afii10032.glif":"\/fonts\/Unpacking\/8d91eb56aaf577328bd5ba36ec1db30e6f4b3773\/metamediumcyr-roman.ufo\/glyphs\/afii10032.glif","\/fonts\/Unpacking\/8d91eb56aaf577328bd5ba36ec1db30e6f4b3773\/metamediumcyr-roman.ufo\/glyphs\/afii10033.glif":"\/fonts\/Unpacking\/8d91eb56aaf577328bd5ba36ec1db30e6f4b3773\/metamediumcyr-roman.ufo\/glyphs\/afii10033.glif","\/fonts\/Unpacking\/8d91eb56aaf577328bd5ba36ec1db30e6f4b3773\/metamediumcyr-roman.ufo\/glyphs\/afii10034.glif":"\/fonts\/Unpacking\/8d91eb56aaf577328bd5ba36ec1db30e6f4b3773\/metamediumcyr-roman.ufo\/glyphs\/afii10034.glif","\/fonts\/Unpacking\/8d91eb56aaf577328bd5ba36ec1db30e6f4b3773\/metamediumcyr-roman.ufo\/glyphs\/afii10035.glif":"\/fonts\/Unpacking\/8d91eb56aaf577328bd5ba36ec1db30e6f4b3773\/metamediumcyr-roman.ufo\/glyphs\/afii10035.glif","\/fonts\/Unpacking\/8d91eb56aaf577328bd5ba36ec1db30e6f4b3773\/metamediumcyr-roman.ufo\/glyphs\/afii10036.glif":"\/fonts\/Unpacking\/8d91eb56aaf577328bd5ba36ec1db30e6f4b3773\/metamediumcyr-roman.ufo\/glyphs\/afii10036.glif","\/fonts\/Unpacking\/8d91eb56aaf577328bd5ba36ec1db30e6f4b3773\/metamediumcyr-roman.ufo\/glyphs\/afii10037.glif":"\/fonts\/Unpacking\/8d91eb56aaf577328bd5ba36ec1db30e6f4b3773\/metamediumcyr-roman.ufo\/glyphs\/afii10037.glif","\/fonts\/Unpacking\/8d91eb56aaf577328bd5ba36ec1db30e6f4b3773\/metamediumcyr-roman.ufo\/glyphs\/afii10038.glif":"\/fonts\/Unpacking\/8d91eb56aaf577328bd5ba36ec1db30e6f4b3773\/metamediumcyr-roman.ufo\/glyphs\/afii10038.glif","\/fonts\/Unpacking\/8d91eb56aaf577328bd5ba36ec1db30e6f4b3773\/metamediumcyr-roman.ufo\/glyphs\/afii10039.glif":"\/fonts\/Unpacking\/8d91eb56aaf577328bd5ba36ec1db30e6f4b3773\/metamediumcyr-roman.ufo\/glyphs\/afii10039.glif","\/fonts\/Unpacking\/8d91eb56aaf577328bd5ba36ec1db30e6f4b3773\/metamediumcyr-roman.ufo\/glyphs\/afii10040.glif":"\/fonts\/Unpacking\/8d91eb56aaf577328bd5ba36ec1db30e6f4b3773\/metamediumcyr-roman.ufo\/glyphs\/afii10040.glif","\/fonts\/Unpacking\/8d91eb56aaf577328bd5ba36ec1db30e6f4b3773\/metamediumcyr-roman.ufo\/glyphs\/afii10041.glif":"\/fonts\/Unpacking\/8d91eb56aaf577328bd5ba36ec1db30e6f4b3773\/metamediumcyr-roman.ufo\/glyphs\/afii10041.glif","\/fonts\/Unpacking\/8d91eb56aaf577328bd5ba36ec1db30e6f4b3773\/metamediumcyr-roman.ufo\/glyphs\/afii10042.glif":"\/fonts\/Unpacking\/8d91eb56aaf577328bd5ba36ec1db30e6f4b3773\/metamediumcyr-roman.ufo\/glyphs\/afii10042.glif","\/fonts\/Unpacking\/8d91eb56aaf577328bd5ba36ec1db30e6f4b3773\/metamediumcyr-roman.ufo\/glyphs\/afii10043.glif":"\/fonts\/Unpacking\/8d91eb56aaf577328bd5ba36ec1db30e6f4b3773\/metamediumcyr-roman.ufo\/glyphs\/afii10043.glif","\/fonts\/Unpacking\/8d91eb56aaf577328bd5ba36ec1db30e6f4b3773\/metamediumcyr-roman.ufo\/glyphs\/afii10044.glif":"\/fonts\/Unpacking\/8d91eb56aaf577328bd5ba36ec1db30e6f4b3773\/metamediumcyr-roman.ufo\/glyphs\/afii10044.glif","\/fonts\/Unpacking\/8d91eb56aaf577328bd5ba36ec1db30e6f4b3773\/metamediumcyr-roman.ufo\/glyphs\/afii10045.glif":"\/fonts\/Unpacking\/8d91eb56aaf577328bd5ba36ec1db30e6f4b3773\/metamediumcyr-roman.ufo\/glyphs\/afii10045.glif","\/fonts\/Unpacking\/8d91eb56aaf577328bd5ba36ec1db30e6f4b3773\/metamediumcyr-roman.ufo\/glyphs\/afii10046.glif":"\/fonts\/Unpacking\/8d91eb56aaf577328bd5ba36ec1db30e6f4b3773\/metamediumcyr-roman.ufo\/glyphs\/afii10046.glif","\/fonts\/Unpacking\/8d91eb56aaf577328bd5ba36ec1db30e6f4b3773\/metamediumcyr-roman.ufo\/glyphs\/afii10047.glif":"\/fonts\/Unpacking\/8d91eb56aaf577328bd5ba36ec1db30e6f4b3773\/metamediumcyr-roman.ufo\/glyphs\/afii10047.glif","\/fonts\/Unpacking\/8d91eb56aaf577328bd5ba36ec1db30e6f4b3773\/metamediumcyr-roman.ufo\/glyphs\/afii10048.glif":"\/fonts\/Unpacking\/8d91eb56aaf577328bd5ba36ec1db30e6f4b3773\/metamediumcyr-roman.ufo\/glyphs\/afii10048.glif","\/fonts\/Unpacking\/8d91eb56aaf577328bd5ba36ec1db30e6f4b3773\/metamediumcyr-roman.ufo\/glyphs\/afii10049.glif":"\/fonts\/Unpacking\/8d91eb56aaf577328bd5ba36ec1db30e6f4b3773\/metamediumcyr-roman.ufo\/glyphs\/afii10049.glif","\/fonts\/Unpacking\/8d91eb56aaf577328bd5ba36ec1db30e6f4b3773\/metamediumcyr-roman.ufo\/glyphs\/afii10050.glif":"\/fonts\/Unpacking\/8d91eb56aaf577328bd5ba36ec1db30e6f4b3773\/metamediumcyr-roman.ufo\/glyphs\/afii10050.glif","\/fonts\/Unpacking\/8d91eb56aaf577328bd5ba36ec1db30e6f4b3773\/metamediumcyr-roman.ufo\/glyphs\/afii10051.glif":"\/fonts\/Unpacking\/8d91eb56aaf577328bd5ba36ec1db30e6f4b3773\/metamediumcyr-roman.ufo\/glyphs\/afii10051.glif","\/fonts\/Unpacking\/8d91eb56aaf577328bd5ba36ec1db30e6f4b3773\/metamediumcyr-roman.ufo\/glyphs\/afii10052.glif":"\/fonts\/Unpacking\/8d91eb56aaf577328bd5ba36ec1db30e6f4b3773\/metamediumcyr-roman.ufo\/glyphs\/afii10052.glif","\/fonts\/Unpacking\/8d91eb56aaf577328bd5ba36ec1db30e6f4b3773\/metamediumcyr-roman.ufo\/glyphs\/afii10053.glif":"\/fonts\/Unpacking\/8d91eb56aaf577328bd5ba36ec1db30e6f4b3773\/metamediumcyr-roman.ufo\/glyphs\/afii10053.glif","\/fonts\/Unpacking\/8d91eb56aaf577328bd5ba36ec1db30e6f4b3773\/metamediumcyr-roman.ufo\/glyphs\/afii10054.glif":"\/fonts\/Unpacking\/8d91eb56aaf577328bd5ba36ec1db30e6f4b3773\/metamediumcyr-roman.ufo\/glyphs\/afii10054.glif","\/fonts\/Unpacking\/8d91eb56aaf577328bd5ba36ec1db30e6f4b3773\/metamediumcyr-roman.ufo\/glyphs\/afii10055.glif":"\/fonts\/Unpacking\/8d91eb56aaf577328bd5ba36ec1db30e6f4b3773\/metamediumcyr-roman.ufo\/glyphs\/afii10055.glif","\/fonts\/Unpacking\/8d91eb56aaf577328bd5ba36ec1db30e6f4b3773\/metamediumcyr-roman.ufo\/glyphs\/afii10056.glif":"\/fonts\/Unpacking\/8d91eb56aaf577328bd5ba36ec1db30e6f4b3773\/metamediumcyr-roman.ufo\/glyphs\/afii10056.glif","\/fonts\/Unpacking\/8d91eb56aaf577328bd5ba36ec1db30e6f4b3773\/metamediumcyr-roman.ufo\/glyphs\/afii10057.glif":"\/fonts\/Unpacking\/8d91eb56aaf577328bd5ba36ec1db30e6f4b3773\/metamediumcyr-roman.ufo\/glyphs\/afii10057.glif","\/fonts\/Unpacking\/8d91eb56aaf577328bd5ba36ec1db30e6f4b3773\/metamediumcyr-roman.ufo\/glyphs\/afii10058.glif":"\/fonts\/Unpacking\/8d91eb56aaf577328bd5ba36ec1db30e6f4b3773\/metamediumcyr-roman.ufo\/glyphs\/afii10058.glif","\/fonts\/Unpacking\/8d91eb56aaf577328bd5ba36ec1db30e6f4b3773\/metamediumcyr-roman.ufo\/glyphs\/afii10059.glif":"\/fonts\/Unpacking\/8d91eb56aaf577328bd5ba36ec1db30e6f4b3773\/metamediumcyr-roman.ufo\/glyphs\/afii10059.glif","\/fonts\/Unpacking\/8d91eb56aaf577328bd5ba36ec1db30e6f4b3773\/metamediumcyr-roman.ufo\/glyphs\/afii10060.glif":"\/fonts\/Unpacking\/8d91eb56aaf577328bd5ba36ec1db30e6f4b3773\/metamediumcyr-roman.ufo\/glyphs\/afii10060.glif","\/fonts\/Unpacking\/8d91eb56aaf577328bd5ba36ec1db30e6f4b3773\/metamediumcyr-roman.ufo\/glyphs\/afii10061.glif":"\/fonts\/Unpacking\/8d91eb56aaf577328bd5ba36ec1db30e6f4b3773\/metamediumcyr-roman.ufo\/glyphs\/afii10061.glif","\/fonts\/Unpacking\/8d91eb56aaf577328bd5ba36ec1db30e6f4b3773\/metamediumcyr-roman.ufo\/glyphs\/afii10062.glif":"\/fonts\/Unpacking\/8d91eb56aaf577328bd5ba36ec1db30e6f4b3773\/metamediumcyr-roman.ufo\/glyphs\/afii10062.glif","\/fonts\/Unpacking\/8d91eb56aaf577328bd5ba36ec1db30e6f4b3773\/metamediumcyr-roman.ufo\/glyphs\/afii10065.glif":"\/fonts\/Unpacking\/8d91eb56aaf577328bd5ba36ec1db30e6f4b3773\/metamediumcyr-roman.ufo\/glyphs\/afii10065.glif","\/fonts\/Unpacking\/8d91eb56aaf577328bd5ba36ec1db30e6f4b3773\/metamediumcyr-roman.ufo\/glyphs\/afii10066.glif":"\/fonts\/Unpacking\/8d91eb56aaf577328bd5ba36ec1db30e6f4b3773\/metamediumcyr-roman.ufo\/glyphs\/afii10066.glif","\/fonts\/Unpacking\/8d91eb56aaf577328bd5ba36ec1db30e6f4b3773\/metamediumcyr-roman.ufo\/glyphs\/afii10067.glif":"\/fonts\/Unpacking\/8d91eb56aaf577328bd5ba36ec1db30e6f4b3773\/metamediumcyr-roman.ufo\/glyphs\/afii10067.glif","\/fonts\/Unpacking\/8d91eb56aaf577328bd5ba36ec1db30e6f4b3773\/metamediumcyr-roman.ufo\/glyphs\/afii10068.glif":"\/fonts\/Unpacking\/8d91eb56aaf577328bd5ba36ec1db30e6f4b3773\/metamediumcyr-roman.ufo\/glyphs\/afii10068.glif","\/fonts\/Unpacking\/8d91eb56aaf577328bd5ba36ec1db30e6f4b3773\/metamediumcyr-roman.ufo\/glyphs\/afii10069.glif":"\/fonts\/Unpacking\/8d91eb56aaf577328bd5ba36ec1db30e6f4b3773\/metamediumcyr-roman.ufo\/glyphs\/afii10069.glif","\/fonts\/Unpacking\/8d91eb56aaf577328bd5ba36ec1db30e6f4b3773\/metamediumcyr-roman.ufo\/glyphs\/afii10070.glif":"\/fonts\/Unpacking\/8d91eb56aaf577328bd5ba36ec1db30e6f4b3773\/metamediumcyr-roman.ufo\/glyphs\/afii10070.glif","\/fonts\/Unpacking\/8d91eb56aaf577328bd5ba36ec1db30e6f4b3773\/metamediumcyr-roman.ufo\/glyphs\/afii10071.glif":"\/fonts\/Unpacking\/8d91eb56aaf577328bd5ba36ec1db30e6f4b3773\/metamediumcyr-roman.ufo\/glyphs\/afii10071.glif","\/fonts\/Unpacking\/8d91eb56aaf577328bd5ba36ec1db30e6f4b3773\/metamediumcyr-roman.ufo\/glyphs\/afii10072.glif":"\/fonts\/Unpacking\/8d91eb56aaf577328bd5ba36ec1db30e6f4b3773\/metamediumcyr-roman.ufo\/glyphs\/afii10072.glif","\/fonts\/Unpacking\/8d91eb56aaf577328bd5ba36ec1db30e6f4b3773\/metamediumcyr-roman.ufo\/glyphs\/afii10073.glif":"\/fonts\/Unpacking\/8d91eb56aaf577328bd5ba36ec1db30e6f4b3773\/metamediumcyr-roman.ufo\/glyphs\/afii10073.glif","\/fonts\/Unpacking\/8d91eb56aaf577328bd5ba36ec1db30e6f4b3773\/metamediumcyr-roman.ufo\/glyphs\/afii10074.glif":"\/fonts\/Unpacking\/8d91eb56aaf577328bd5ba36ec1db30e6f4b3773\/metamediumcyr-roman.ufo\/glyphs\/afii10074.glif","\/fonts\/Unpacking\/8d91eb56aaf577328bd5ba36ec1db30e6f4b3773\/metamediumcyr-roman.ufo\/glyphs\/afii10075.glif":"\/fonts\/Unpacking\/8d91eb56aaf577328bd5ba36ec1db30e6f4b3773\/metamediumcyr-roman.ufo\/glyphs\/afii10075.glif","\/fonts\/Unpacking\/8d91eb56aaf577328bd5ba36ec1db30e6f4b3773\/metamediumcyr-roman.ufo\/glyphs\/afii10076.glif":"\/fonts\/Unpacking\/8d91eb56aaf577328bd5ba36ec1db30e6f4b3773\/metamediumcyr-roman.ufo\/glyphs\/afii10076.glif","\/fonts\/Unpacking\/8d91eb56aaf577328bd5ba36ec1db30e6f4b3773\/metamediumcyr-roman.ufo\/glyphs\/afii10077.glif":"\/fonts\/Unpacking\/8d91eb56aaf577328bd5ba36ec1db30e6f4b3773\/metamediumcyr-roman.ufo\/glyphs\/afii10077.glif","\/fonts\/Unpacking\/8d91eb56aaf577328bd5ba36ec1db30e6f4b3773\/metamediumcyr-roman.ufo\/glyphs\/afii10078.glif":"\/fonts\/Unpacking\/8d91eb56aaf577328bd5ba36ec1db30e6f4b3773\/metamediumcyr-roman.ufo\/glyphs\/afii10078.glif","\/fonts\/Unpacking\/8d91eb56aaf577328bd5ba36ec1db30e6f4b3773\/metamediumcyr-roman.ufo\/glyphs\/afii10079.glif":"\/fonts\/Unpacking\/8d91eb56aaf577328bd5ba36ec1db30e6f4b3773\/metamediumcyr-roman.ufo\/glyphs\/afii10079.glif","\/fonts\/Unpacking\/8d91eb56aaf577328bd5ba36ec1db30e6f4b3773\/metamediumcyr-roman.ufo\/glyphs\/afii10080.glif":"\/fonts\/Unpacking\/8d91eb56aaf577328bd5ba36ec1db30e6f4b3773\/metamediumcyr-roman.ufo\/glyphs\/afii10080.glif","\/fonts\/Unpacking\/8d91eb56aaf577328bd5ba36ec1db30e6f4b3773\/metamediumcyr-roman.ufo\/glyphs\/afii10081.glif":"\/fonts\/Unpacking\/8d91eb56aaf577328bd5ba36ec1db30e6f4b3773\/metamediumcyr-roman.ufo\/glyphs\/afii10081.glif","\/fonts\/Unpacking\/8d91eb56aaf577328bd5ba36ec1db30e6f4b3773\/metamediumcyr-roman.ufo\/glyphs\/afii10082.glif":"\/fonts\/Unpacking\/8d91eb56aaf577328bd5ba36ec1db30e6f4b3773\/metamediumcyr-roman.ufo\/glyphs\/afii10082.glif","\/fonts\/Unpacking\/8d91eb56aaf577328bd5ba36ec1db30e6f4b3773\/metamediumcyr-roman.ufo\/glyphs\/afii10083.glif":"\/fonts\/Unpacking\/8d91eb56aaf577328bd5ba36ec1db30e6f4b3773\/metamediumcyr-roman.ufo\/glyphs\/afii10083.glif","\/fonts\/Unpacking\/8d91eb56aaf577328bd5ba36ec1db30e6f4b3773\/metamediumcyr-roman.ufo\/glyphs\/afii10084.glif":"\/fonts\/Unpacking\/8d91eb56aaf577328bd5ba36ec1db30e6f4b3773\/metamediumcyr-roman.ufo\/glyphs\/afii10084.glif","\/fonts\/Unpacking\/8d91eb56aaf577328bd5ba36ec1db30e6f4b3773\/metamediumcyr-roman.ufo\/glyphs\/afii10085.glif":"\/fonts\/Unpacking\/8d91eb56aaf577328bd5ba36ec1db30e6f4b3773\/metamediumcyr-roman.ufo\/glyphs\/afii10085.glif","\/fonts\/Unpacking\/8d91eb56aaf577328bd5ba36ec1db30e6f4b3773\/metamediumcyr-roman.ufo\/glyphs\/afii10086.glif":"\/fonts\/Unpacking\/8d91eb56aaf577328bd5ba36ec1db30e6f4b3773\/metamediumcyr-roman.ufo\/glyphs\/afii10086.glif","\/fonts\/Unpacking\/8d91eb56aaf577328bd5ba36ec1db30e6f4b3773\/metamediumcyr-roman.ufo\/glyphs\/afii10087.glif":"\/fonts\/Unpacking\/8d91eb56aaf577328bd5ba36ec1db30e6f4b3773\/metamediumcyr-roman.ufo\/glyphs\/afii10087.glif","\/fonts\/Unpacking\/8d91eb56aaf577328bd5ba36ec1db30e6f4b3773\/metamediumcyr-roman.ufo\/glyphs\/afii10088.glif":"\/fonts\/Unpacking\/8d91eb56aaf577328bd5ba36ec1db30e6f4b3773\/metamediumcyr-roman.ufo\/glyphs\/afii10088.glif","\/fonts\/Unpacking\/8d91eb56aaf577328bd5ba36ec1db30e6f4b3773\/metamediumcyr-roman.ufo\/glyphs\/afii10089.glif":"\/fonts\/Unpacking\/8d91eb56aaf577328bd5ba36ec1db30e6f4b3773\/metamediumcyr-roman.ufo\/glyphs\/afii10089.glif","\/fonts\/Unpacking\/8d91eb56aaf577328bd5ba36ec1db30e6f4b3773\/metamediumcyr-roman.ufo\/glyphs\/afii10090.glif":"\/fonts\/Unpacking\/8d91eb56aaf577328bd5ba36ec1db30e6f4b3773\/metamediumcyr-roman.ufo\/glyphs\/afii10090.glif","\/fonts\/Unpacking\/8d91eb56aaf577328bd5ba36ec1db30e6f4b3773\/metamediumcyr-roman.ufo\/glyphs\/afii10091.glif":"\/fonts\/Unpacking\/8d91eb56aaf577328bd5ba36ec1db30e6f4b3773\/metamediumcyr-roman.ufo\/glyphs\/afii10091.glif","\/fonts\/Unpacking\/8d91eb56aaf577328bd5ba36ec1db30e6f4b3773\/metamediumcyr-roman.ufo\/glyphs\/afii10092.glif":"\/fonts\/Unpacking\/8d91eb56aaf577328bd5ba36ec1db30e6f4b3773\/metamediumcyr-roman.ufo\/glyphs\/afii10092.glif","\/fonts\/Unpacking\/8d91eb56aaf577328bd5ba36ec1db30e6f4b3773\/metamediumcyr-roman.ufo\/glyphs\/afii10093.glif":"\/fonts\/Unpacking\/8d91eb56aaf577328bd5ba36ec1db30e6f4b3773\/metamediumcyr-roman.ufo\/glyphs\/afii10093.glif","\/fonts\/Unpacking\/8d91eb56aaf577328bd5ba36ec1db30e6f4b3773\/metamediumcyr-roman.ufo\/glyphs\/afii10094.glif":"\/fonts\/Unpacking\/8d91eb56aaf577328bd5ba36ec1db30e6f4b3773\/metamediumcyr-roman.ufo\/glyphs\/afii10094.glif","\/fonts\/Unpacking\/8d91eb56aaf577328bd5ba36ec1db30e6f4b3773\/metamediumcyr-roman.ufo\/glyphs\/afii10095.glif":"\/fonts\/Unpacking\/8d91eb56aaf577328bd5ba36ec1db30e6f4b3773\/metamediumcyr-roman.ufo\/glyphs\/afii10095.glif","\/fonts\/Unpacking\/8d91eb56aaf577328bd5ba36ec1db30e6f4b3773\/metamediumcyr-roman.ufo\/glyphs\/afii10096.glif":"\/fonts\/Unpacking\/8d91eb56aaf577328bd5ba36ec1db30e6f4b3773\/metamediumcyr-roman.ufo\/glyphs\/afii10096.glif","\/fonts\/Unpacking\/8d91eb56aaf577328bd5ba36ec1db30e6f4b3773\/metamediumcyr-roman.ufo\/glyphs\/afii10097.glif":"\/fonts\/Unpacking\/8d91eb56aaf577328bd5ba36ec1db30e6f4b3773\/metamediumcyr-roman.ufo\/glyphs\/afii10097.glif","\/fonts\/Unpacking\/8d91eb56aaf577328bd5ba36ec1db30e6f4b3773\/metamediumcyr-roman.ufo\/glyphs\/afii10098.glif":"\/fonts\/Unpacking\/8d91eb56aaf577328bd5ba36ec1db30e6f4b3773\/metamediumcyr-roman.ufo\/glyphs\/afii10098.glif","\/fonts\/Unpacking\/8d91eb56aaf577328bd5ba36ec1db30e6f4b3773\/metamediumcyr-roman.ufo\/glyphs\/afii10099.glif":"\/fonts\/Unpacking\/8d91eb56aaf577328bd5ba36ec1db30e6f4b3773\/metamediumcyr-roman.ufo\/glyphs\/afii10099.glif","\/fonts\/Unpacking\/8d91eb56aaf577328bd5ba36ec1db30e6f4b3773\/metamediumcyr-roman.ufo\/glyphs\/afii10100.glif":"\/fonts\/Unpacking\/8d91eb56aaf577328bd5ba36ec1db30e6f4b3773\/metamediumcyr-roman.ufo\/glyphs\/afii10100.glif","\/fonts\/Unpacking\/8d91eb56aaf577328bd5ba36ec1db30e6f4b3773\/metamediumcyr-roman.ufo\/glyphs\/afii10101.glif":"\/fonts\/Unpacking\/8d91eb56aaf577328bd5ba36ec1db30e6f4b3773\/metamediumcyr-roman.ufo\/glyphs\/afii10101.glif","\/fonts\/Unpacking\/8d91eb56aaf577328bd5ba36ec1db30e6f4b3773\/metamediumcyr-roman.ufo\/glyphs\/afii10102.glif":"\/fonts\/Unpacking\/8d91eb56aaf577328bd5ba36ec1db30e6f4b3773\/metamediumcyr-roman.ufo\/glyphs\/afii10102.glif","\/fonts\/Unpacking\/8d91eb56aaf577328bd5ba36ec1db30e6f4b3773\/metamediumcyr-roman.ufo\/glyphs\/afii10103.glif":"\/fonts\/Unpacking\/8d91eb56aaf577328bd5ba36ec1db30e6f4b3773\/metamediumcyr-roman.ufo\/glyphs\/afii10103.glif","\/fonts\/Unpacking\/8d91eb56aaf577328bd5ba36ec1db30e6f4b3773\/metamediumcyr-roman.ufo\/glyphs\/afii10104.glif":"\/fonts\/Unpacking\/8d91eb56aaf577328bd5ba36ec1db30e6f4b3773\/metamediumcyr-roman.ufo\/glyphs\/afii10104.glif","\/fonts\/Unpacking\/8d91eb56aaf577328bd5ba36ec1db30e6f4b3773\/metamediumcyr-roman.ufo\/glyphs\/afii10105.glif":"\/fonts\/Unpacking\/8d91eb56aaf577328bd5ba36ec1db30e6f4b3773\/metamediumcyr-roman.ufo\/glyphs\/afii10105.glif","\/fonts\/Unpacking\/8d91eb56aaf577328bd5ba36ec1db30e6f4b3773\/metamediumcyr-roman.ufo\/glyphs\/afii10106.glif":"\/fonts\/Unpacking\/8d91eb56aaf577328bd5ba36ec1db30e6f4b3773\/metamediumcyr-roman.ufo\/glyphs\/afii10106.glif","\/fonts\/Unpacking\/8d91eb56aaf577328bd5ba36ec1db30e6f4b3773\/metamediumcyr-roman.ufo\/glyphs\/afii10107.glif":"\/fonts\/Unpacking\/8d91eb56aaf577328bd5ba36ec1db30e6f4b3773\/metamediumcyr-roman.ufo\/glyphs\/afii10107.glif","\/fonts\/Unpacking\/8d91eb56aaf577328bd5ba36ec1db30e6f4b3773\/metamediumcyr-roman.ufo\/glyphs\/afii10108.glif":"\/fonts\/Unpacking\/8d91eb56aaf577328bd5ba36ec1db30e6f4b3773\/metamediumcyr-roman.ufo\/glyphs\/afii10108.glif","\/fonts\/Unpacking\/8d91eb56aaf577328bd5ba36ec1db30e6f4b3773\/metamediumcyr-roman.ufo\/glyphs\/afii10109.glif":"\/fonts\/Unpacking\/8d91eb56aaf577328bd5ba36ec1db30e6f4b3773\/metamediumcyr-roman.ufo\/glyphs\/afii10109.glif","\/fonts\/Unpacking\/8d91eb56aaf577328bd5ba36ec1db30e6f4b3773\/metamediumcyr-roman.ufo\/glyphs\/afii10110.glif":"\/fonts\/Unpacking\/8d91eb56aaf577328bd5ba36ec1db30e6f4b3773\/metamediumcyr-roman.ufo\/glyphs\/afii10110.glif","\/fonts\/Unpacking\/8d91eb56aaf577328bd5ba36ec1db30e6f4b3773\/metamediumcyr-roman.ufo\/glyphs\/afii10145.glif":"\/fonts\/Unpacking\/8d91eb56aaf577328bd5ba36ec1db30e6f4b3773\/metamediumcyr-roman.ufo\/glyphs\/afii10145.glif","\/fonts\/Unpacking\/8d91eb56aaf577328bd5ba36ec1db30e6f4b3773\/metamediumcyr-roman.ufo\/glyphs\/afii10193.glif":"\/fonts\/Unpacking\/8d91eb56aaf577328bd5ba36ec1db30e6f4b3773\/metamediumcyr-roman.ufo\/glyphs\/afii10193.glif","\/fonts\/Unpacking\/8d91eb56aaf577328bd5ba36ec1db30e6f4b3773\/metamediumcyr-roman.ufo\/glyphs\/afii61352.glif":"\/fonts\/Unpacking\/8d91eb56aaf577328bd5ba36ec1db30e6f4b3773\/metamediumcyr-roman.ufo\/glyphs\/afii61352.glif","\/fonts\/Unpacking\/8d91eb56aaf577328bd5ba36ec1db30e6f4b3773\/metamediumcyr-roman.ufo\/glyphs\/ampersand.glif":"\/fonts\/Unpacking\/8d91eb56aaf577328bd5ba36ec1db30e6f4b3773\/metamediumcyr-roman.ufo\/glyphs\/ampersand.glif","\/fonts\/Unpacking\/8d91eb56aaf577328bd5ba36ec1db30e6f4b3773\/metamediumcyr-roman.ufo\/glyphs\/asciicircum.glif":"\/fonts\/Unpacking\/8d91eb56aaf577328bd5ba36ec1db30e6f4b3773\/metamediumcyr-roman.ufo\/glyphs\/asciicircum.glif","\/fonts\/Unpacking\/8d91eb56aaf577328bd5ba36ec1db30e6f4b3773\/metamediumcyr-roman.ufo\/glyphs\/asciitilde.glif":"\/fonts\/Unpacking\/8d91eb56aaf577328bd5ba36ec1db30e6f4b3773\/metamediumcyr-roman.ufo\/glyphs\/asciitilde.glif","\/fonts\/Unpacking\/8d91eb56aaf577328bd5ba36ec1db30e6f4b3773\/metamediumcyr-roman.ufo\/glyphs\/asterisk.glif":"\/fonts\/Unpacking\/8d91eb56aaf577328bd5ba36ec1db30e6f4b3773\/metamediumcyr-roman.ufo\/glyphs\/asterisk.glif","\/fonts\/Unpacking\/8d91eb56aaf577328bd5ba36ec1db30e6f4b3773\/metamediumcyr-roman.ufo\/glyphs\/at.glif":"\/fonts\/Unpacking\/8d91eb56aaf577328bd5ba36ec1db30e6f4b3773\/metamediumcyr-roman.ufo\/glyphs\/at.glif","\/fonts\/Unpacking\/8d91eb56aaf577328bd5ba36ec1db30e6f4b3773\/metamediumcyr-roman.ufo\/glyphs\/b.glif":"\/fonts\/Unpacking\/8d91eb56aaf577328bd5ba36ec1db30e6f4b3773\/metamediumcyr-roman.ufo\/glyphs\/b.glif","\/fonts\/Unpacking\/8d91eb56aaf577328bd5ba36ec1db30e6f4b3773\/metamediumcyr-roman.ufo\/glyphs\/backslash.glif":"\/fonts\/Unpacking\/8d91eb56aaf577328bd5ba36ec1db30e6f4b3773\/metamediumcyr-roman.ufo\/glyphs\/backslash.glif","\/fonts\/Unpacking\/8d91eb56aaf577328bd5ba36ec1db30e6f4b3773\/metamediumcyr-roman.ufo\/glyphs\/bar.glif":"\/fonts\/Unpacking\/8d91eb56aaf577328bd5ba36ec1db30e6f4b3773\/metamediumcyr-roman.ufo\/glyphs\/bar.glif","\/fonts\/Unpacking\/8d91eb56aaf577328bd5ba36ec1db30e6f4b3773\/metamediumcyr-roman.ufo\/glyphs\/braceleft.glif":"\/fonts\/Unpacking\/8d91eb56aaf577328bd5ba36ec1db30e6f4b3773\/metamediumcyr-roman.ufo\/glyphs\/braceleft.glif","\/fonts\/Unpacking\/8d91eb56aaf577328bd5ba36ec1db30e6f4b3773\/metamediumcyr-roman.ufo\/glyphs\/braceright.glif":"\/fonts\/Unpacking\/8d91eb56aaf577328bd5ba36ec1db30e6f4b3773\/metamediumcyr-roman.ufo\/glyphs\/braceright.glif","\/fonts\/Unpacking\/8d91eb56aaf577328bd5ba36ec1db30e6f4b3773\/metamediumcyr-roman.ufo\/glyphs\/bracketleft.glif":"\/fonts\/Unpacking\/8d91eb56aaf577328bd5ba36ec1db30e6f4b3773\/metamediumcyr-roman.ufo\/glyphs\/bracketleft.glif","\/fonts\/Unpacking\/8d91eb56aaf577328bd5ba36ec1db30e6f4b3773\/metamediumcyr-roman.ufo\/glyphs\/bracketright.glif":"\/fonts\/Unpacking\/8d91eb56aaf577328bd5ba36ec1db30e6f4b3773\/metamediumcyr-roman.ufo\/glyphs\/bracketright.glif","\/fonts\/Unpacking\/8d91eb56aaf577328bd5ba36ec1db30e6f4b3773\/metamediumcyr-roman.ufo\/glyphs\/brokenbar.glif":"\/fonts\/Unpacking\/8d91eb56aaf577328bd5ba36ec1db30e6f4b3773\/metamediumcyr-roman.ufo\/glyphs\/brokenbar.glif","\/fonts\/Unpacking\/8d91eb56aaf577328bd5ba36ec1db30e6f4b3773\/metamediumcyr-roman.ufo\/glyphs\/bullet.glif":"\/fonts\/Unpacking\/8d91eb56aaf577328bd5ba36ec1db30e6f4b3773\/metamediumcyr-roman.ufo\/glyphs\/bullet.glif","\/fonts\/Unpacking\/8d91eb56aaf577328bd5ba36ec1db30e6f4b3773\/metamediumcyr-roman.ufo\/glyphs\/c.glif":"\/fonts\/Unpacking\/8d91eb56aaf577328bd5ba36ec1db30e6f4b3773\/metamediumcyr-roman.ufo\/glyphs\/c.glif","\/fonts\/Unpacking\/8d91eb56aaf577328bd5ba36ec1db30e6f4b3773\/metamediumcyr-roman.ufo\/glyphs\/colon.glif":"\/fonts\/Unpacking\/8d91eb56aaf577328bd5ba36ec1db30e6f4b3773\/metamediumcyr-roman.ufo\/glyphs\/colon.glif","\/fonts\/Unpacking\/8d91eb56aaf577328bd5ba36ec1db30e6f4b3773\/metamediumcyr-roman.ufo\/glyphs\/comma.glif":"\/fonts\/Unpacking\/8d91eb56aaf577328bd5ba36ec1db30e6f4b3773\/metamediumcyr-roman.ufo\/glyphs\/comma.glif","\/fonts\/Unpacking\/8d91eb56aaf577328bd5ba36ec1db30e6f4b3773\/metamediumcyr-roman.ufo\/glyphs\/contents.plist":"\/fonts\/Unpacking\/8d91eb56aaf577328bd5ba36ec1db30e6f4b3773\/metamediumcyr-roman.ufo\/glyphs\/contents.plist","\/fonts\/Unpacking\/8d91eb56aaf577328bd5ba36ec1db30e6f4b3773\/metamediumcyr-roman.ufo\/glyphs\/copyright.glif":"\/fonts\/Unpacking\/8d91eb56aaf577328bd5ba36ec1db30e6f4b3773\/metamediumcyr-roman.ufo\/glyphs\/copyright.glif","\/fonts\/Unpacking\/8d91eb56aaf577328bd5ba36ec1db30e6f4b3773\/metamediumcyr-roman.ufo\/glyphs\/currency.glif":"\/fonts\/Unpacking\/8d91eb56aaf577328bd5ba36ec1db30e6f4b3773\/metamediumcyr-roman.ufo\/glyphs\/currency.glif","\/fonts\/Unpacking\/8d91eb56aaf577328bd5ba36ec1db30e6f4b3773\/metamediumcyr-roman.ufo\/glyphs\/d.glif":"\/fonts\/Unpacking\/8d91eb56aaf577328bd5ba36ec1db30e6f4b3773\/metamediumcyr-roman.ufo\/glyphs\/d.glif","\/fonts\/Unpacking\/8d91eb56aaf577328bd5ba36ec1db30e6f4b3773\/metamediumcyr-roman.ufo\/glyphs\/dagger.glif":"\/fonts\/Unpacking\/8d91eb56aaf577328bd5ba36ec1db30e6f4b3773\/metamediumcyr-roman.ufo\/glyphs\/dagger.glif","\/fonts\/Unpacking\/8d91eb56aaf577328bd5ba36ec1db30e6f4b3773\/metamediumcyr-roman.ufo\/glyphs\/daggerdbl.glif":"\/fonts\/Unpacking\/8d91eb56aaf577328bd5ba36ec1db30e6f4b3773\/metamediumcyr-roman.ufo\/glyphs\/daggerdbl.glif","\/fonts\/Unpacking\/8d91eb56aaf577328bd5ba36ec1db30e6f4b3773\/metamediumcyr-roman.ufo\/glyphs\/degree.glif":"\/fonts\/Unpacking\/8d91eb56aaf577328bd5ba36ec1db30e6f4b3773\/metamediumcyr-roman.ufo\/glyphs\/degree.glif","\/fonts\/Unpacking\/8d91eb56aaf577328bd5ba36ec1db30e6f4b3773\/metamediumcyr-roman.ufo\/glyphs\/dollar.glif":"\/fonts\/Unpacking\/8d91eb56aaf577328bd5ba36ec1db30e6f4b3773\/metamediumcyr-roman.ufo\/glyphs\/dollar.glif","\/fonts\/Unpacking\/8d91eb56aaf577328bd5ba36ec1db30e6f4b3773\/metamediumcyr-roman.ufo\/glyphs\/e.glif":"\/fonts\/Unpacking\/8d91eb56aaf577328bd5ba36ec1db30e6f4b3773\/metamediumcyr-roman.ufo\/glyphs\/e.glif","\/fonts\/Unpacking\/8d91eb56aaf577328bd5ba36ec1db30e6f4b3773\/metamediumcyr-roman.ufo\/glyphs\/eight.glif":"\/fonts\/Unpacking\/8d91eb56aaf577328bd5ba36ec1db30e6f4b3773\/metamediumcyr-roman.ufo\/glyphs\/eight.glif","\/fonts\/Unpacking\/8d91eb56aaf577328bd5ba36ec1db30e6f4b3773\/metamediumcyr-roman.ufo\/glyphs\/ellipsis.glif":"\/fonts\/Unpacking\/8d91eb56aaf577328bd5ba36ec1db30e6f4b3773\/metamediumcyr-roman.ufo\/glyphs\/ellipsis.glif","\/fonts\/Unpacking\/8d91eb56aaf577328bd5ba36ec1db30e6f4b3773\/metamediumcyr-roman.ufo\/glyphs\/emdash.glif":"\/fonts\/Unpacking\/8d91eb56aaf577328bd5ba36ec1db30e6f4b3773\/metamediumcyr-roman.ufo\/glyphs\/emdash.glif","\/fonts\/Unpacking\/8d91eb56aaf577328bd5ba36ec1db30e6f4b3773\/metamediumcyr-roman.ufo\/glyphs\/endash.glif":"\/fonts\/Unpacking\/8d91eb56aaf577328bd5ba36ec1db30e6f4b3773\/metamediumcyr-roman.ufo\/glyphs\/endash.glif","\/fonts\/Unpacking\/8d91eb56aaf577328bd5ba36ec1db30e6f4b3773\/metamediumcyr-roman.ufo\/glyphs\/equal.glif":"\/fonts\/Unpacking\/8d91eb56aaf577328bd5ba36ec1db30e6f4b3773\/metamediumcyr-roman.ufo\/glyphs\/equal.glif","\/fonts\/Unpacking\/8d91eb56aaf577328bd5ba36ec1db30e6f4b3773\/metamediumcyr-roman.ufo\/glyphs\/exclam.glif":"\/fonts\/Unpacking\/8d91eb56aaf577328bd5ba36ec1db30e6f4b3773\/metamediumcyr-roman.ufo\/glyphs\/exclam.glif","\/fonts\/Unpacking\/8d91eb56aaf577328bd5ba36ec1db30e6f4b3773\/metamediumcyr-roman.ufo\/glyphs\/f.glif":"\/fonts\/Unpacking\/8d91eb56aaf577328bd5ba36ec1db30e6f4b3773\/metamediumcyr-roman.ufo\/glyphs\/f.glif","\/fonts\/Unpacking\/8d91eb56aaf577328bd5ba36ec1db30e6f4b3773\/metamediumcyr-roman.ufo\/glyphs\/five.glif":"\/fonts\/Unpacking\/8d91eb56aaf577328bd5ba36ec1db30e6f4b3773\/metamediumcyr-roman.ufo\/glyphs\/five.glif","\/fonts\/Unpacking\/8d91eb56aaf577328bd5ba36ec1db30e6f4b3773\/metamediumcyr-roman.ufo\/glyphs\/four.glif":"\/fonts\/Unpacking\/8d91eb56aaf577328bd5ba36ec1db30e6f4b3773\/metamediumcyr-roman.ufo\/glyphs\/four.glif","\/fonts\/Unpacking\/8d91eb56aaf577328bd5ba36ec1db30e6f4b3773\/metamediumcyr-roman.ufo\/glyphs\/g.glif":"\/fonts\/Unpacking\/8d91eb56aaf577328bd5ba36ec1db30e6f4b3773\/metamediumcyr-roman.ufo\/glyphs\/g.glif","\/fonts\/Unpacking\/8d91eb56aaf577328bd5ba36ec1db30e6f4b3773\/metamediumcyr-roman.ufo\/glyphs\/grave.glif":"\/fonts\/Unpacking\/8d91eb56aaf577328bd5ba36ec1db30e6f4b3773\/metamediumcyr-roman.ufo\/glyphs\/grave.glif","\/fonts\/Unpacking\/8d91eb56aaf577328bd5ba36ec1db30e6f4b3773\/metamediumcyr-roman.ufo\/glyphs\/greater.glif":"\/fonts\/Unpacking\/8d91eb56aaf577328bd5ba36ec1db30e6f4b3773\/metamediumcyr-roman.ufo\/glyphs\/greater.glif","\/fonts\/Unpacking\/8d91eb56aaf577328bd5ba36ec1db30e6f4b3773\/metamediumcyr-roman.ufo\/glyphs\/guillemotleft.glif":"\/fonts\/Unpacking\/8d91eb56aaf577328bd5ba36ec1db30e6f4b3773\/metamediumcyr-roman.ufo\/glyphs\/guillemotleft.glif","\/fonts\/Unpacking\/8d91eb56aaf577328bd5ba36ec1db30e6f4b3773\/metamediumcyr-roman.ufo\/glyphs\/guillemotright.glif":"\/fonts\/Unpacking\/8d91eb56aaf577328bd5ba36ec1db30e6f4b3773\/metamediumcyr-roman.ufo\/glyphs\/guillemotright.glif","\/fonts\/Unpacking\/8d91eb56aaf577328bd5ba36ec1db30e6f4b3773\/metamediumcyr-roman.ufo\/glyphs\/guilsinglleft.glif":"\/fonts\/Unpacking\/8d91eb56aaf577328bd5ba36ec1db30e6f4b3773\/metamediumcyr-roman.ufo\/glyphs\/guilsinglleft.glif","\/fonts\/Unpacking\/8d91eb56aaf577328bd5ba36ec1db30e6f4b3773\/metamediumcyr-roman.ufo\/glyphs\/guilsinglright.glif":"\/fonts\/Unpacking\/8d91eb56aaf577328bd5ba36ec1db30e6f4b3773\/metamediumcyr-roman.ufo\/glyphs\/guilsinglright.glif","\/fonts\/Unpacking\/8d91eb56aaf577328bd5ba36ec1db30e6f4b3773\/metamediumcyr-roman.ufo\/glyphs\/h.glif":"\/fonts\/Unpacking\/8d91eb56aaf577328bd5ba36ec1db30e6f4b3773\/metamediumcyr-roman.ufo\/glyphs\/h.glif","\/fonts\/Unpacking\/8d91eb56aaf577328bd5ba36ec1db30e6f4b3773\/metamediumcyr-roman.ufo\/glyphs\/hyphen.glif":"\/fonts\/Unpacking\/8d91eb56aaf577328bd5ba36ec1db30e6f4b3773\/metamediumcyr-roman.ufo\/glyphs\/hyphen.glif","\/fonts\/Unpacking\/8d91eb56aaf577328bd5ba36ec1db30e6f4b3773\/metamediumcyr-roman.ufo\/glyphs\/i.glif":"\/fonts\/Unpacking\/8d91eb56aaf577328bd5ba36ec1db30e6f4b3773\/metamediumcyr-roman.ufo\/glyphs\/i.glif","\/fonts\/Unpacking\/8d91eb56aaf577328bd5ba36ec1db30e6f4b3773\/metamediumcyr-roman.ufo\/glyphs\/j.glif":"\/fonts\/Unpacking\/8d91eb56aaf577328bd5ba36ec1db30e6f4b3773\/metamediumcyr-roman.ufo\/glyphs\/j.glif","\/fonts\/Unpacking\/8d91eb56aaf577328bd5ba36ec1db30e6f4b3773\/metamediumcyr-roman.ufo\/glyphs\/k.glif":"\/fonts\/Unpacking\/8d91eb56aaf577328bd5ba36ec1db30e6f4b3773\/metamediumcyr-roman.ufo\/glyphs\/k.glif","\/fonts\/Unpacking\/8d91eb56aaf577328bd5ba36ec1db30e6f4b3773\/metamediumcyr-roman.ufo\/glyphs\/l.glif":"\/fonts\/Unpacking\/8d91eb56aaf577328bd5ba36ec1db30e6f4b3773\/metamediumcyr-roman.ufo\/glyphs\/l.glif","\/fonts\/Unpacking\/8d91eb56aaf577328bd5ba36ec1db30e6f4b3773\/metamediumcyr-roman.ufo\/glyphs\/less.glif":"\/fonts\/Unpacking\/8d91eb56aaf577328bd5ba36ec1db30e6f4b3773\/metamediumcyr-roman.ufo\/glyphs\/less.glif","\/fonts\/Unpacking\/8d91eb56aaf577328bd5ba36ec1db30e6f4b3773\/metamediumcyr-roman.ufo\/glyphs\/logicalnot.glif":"\/fonts\/Unpacking\/8d91eb56aaf577328bd5ba36ec1db30e6f4b3773\/metamediumcyr-roman.ufo\/glyphs\/logicalnot.glif","\/fonts\/Unpacking\/8d91eb56aaf577328bd5ba36ec1db30e6f4b3773\/metamediumcyr-roman.ufo\/glyphs\/m.glif":"\/fonts\/Unpacking\/8d91eb56aaf577328bd5ba36ec1db30e6f4b3773\/metamediumcyr-roman.ufo\/glyphs\/m.glif","\/fonts\/Unpacking\/8d91eb56aaf577328bd5ba36ec1db30e6f4b3773\/metamediumcyr-roman.ufo\/glyphs\/mu.glif":"\/fonts\/Unpacking\/8d91eb56aaf577328bd5ba36ec1db30e6f4b3773\/metamediumcyr-roman.ufo\/glyphs\/mu.glif","\/fonts\/Unpacking\/8d91eb56aaf577328bd5ba36ec1db30e6f4b3773\/metamediumcyr-roman.ufo\/glyphs\/n.glif":"\/fonts\/Unpacking\/8d91eb56aaf577328bd5ba36ec1db30e6f4b3773\/metamediumcyr-roman.ufo\/glyphs\/n.glif","\/fonts\/Unpacking\/8d91eb56aaf577328bd5ba36ec1db30e6f4b3773\/metamediumcyr-roman.ufo\/glyphs\/nine.glif":"\/fonts\/Unpacking\/8d91eb56aaf577328bd5ba36ec1db30e6f4b3773\/metamediumcyr-roman.ufo\/glyphs\/nine.glif","\/fonts\/Unpacking\/8d91eb56aaf577328bd5ba36ec1db30e6f4b3773\/metamediumcyr-roman.ufo\/glyphs\/numbersign.glif":"\/fonts\/Unpacking\/8d91eb56aaf577328bd5ba36ec1db30e6f4b3773\/metamediumcyr-roman.ufo\/glyphs\/numbersign.glif","\/fonts\/Unpacking\/8d91eb56aaf577328bd5ba36ec1db30e6f4b3773\/metamediumcyr-roman.ufo\/glyphs\/o.glif":"\/fonts\/Unpacking\/8d91eb56aaf577328bd5ba36ec1db30e6f4b3773\/metamediumcyr-roman.ufo\/glyphs\/o.glif","\/fonts\/Unpacking\/8d91eb56aaf577328bd5ba36ec1db30e6f4b3773\/metamediumcyr-roman.ufo\/glyphs\/one.glif":"\/fonts\/Unpacking\/8d91eb56aaf577328bd5ba36ec1db30e6f4b3773\/metamediumcyr-roman.ufo\/glyphs\/one.glif","\/fonts\/Unpacking\/8d91eb56aaf577328bd5ba36ec1db30e6f4b3773\/metamediumcyr-roman.ufo\/glyphs\/p.glif":"\/fonts\/Unpacking\/8d91eb56aaf577328bd5ba36ec1db30e6f4b3773\/metamediumcyr-roman.ufo\/glyphs\/p.glif","\/fonts\/Unpacking\/8d91eb56aaf577328bd5ba36ec1db30e6f4b3773\/metamediumcyr-roman.ufo\/glyphs\/paragraph.glif":"\/fonts\/Unpacking\/8d91eb56aaf577328bd5ba36ec1db30e6f4b3773\/metamediumcyr-roman.ufo\/glyphs\/paragraph.glif","\/fonts\/Unpacking\/8d91eb56aaf577328bd5ba36ec1db30e6f4b3773\/metamediumcyr-roman.ufo\/glyphs\/parenleft.glif":"\/fonts\/Unpacking\/8d91eb56aaf577328bd5ba36ec1db30e6f4b3773\/metamediumcyr-roman.ufo\/glyphs\/parenleft.glif","\/fonts\/Unpacking\/8d91eb56aaf577328bd5ba36ec1db30e6f4b3773\/metamediumcyr-roman.ufo\/glyphs\/parenright.glif":"\/fonts\/Unpacking\/8d91eb56aaf577328bd5ba36ec1db30e6f4b3773\/metamediumcyr-roman.ufo\/glyphs\/parenright.glif","\/fonts\/Unpacking\/8d91eb56aaf577328bd5ba36ec1db30e6f4b3773\/metamediumcyr-roman.ufo\/glyphs\/percent.glif":"\/fonts\/Unpacking\/8d91eb56aaf577328bd5ba36ec1db30e6f4b3773\/metamediumcyr-roman.ufo\/glyphs\/percent.glif","\/fonts\/Unpacking\/8d91eb56aaf577328bd5ba36ec1db30e6f4b3773\/metamediumcyr-roman.ufo\/glyphs\/period.glif":"\/fonts\/Unpacking\/8d91eb56aaf577328bd5ba36ec1db30e6f4b3773\/metamediumcyr-roman.ufo\/glyphs\/period.glif","\/fonts\/Unpacking\/8d91eb56aaf577328bd5ba36ec1db30e6f4b3773\/metamediumcyr-roman.ufo\/glyphs\/periodcentered.glif":"\/fonts\/Unpacking\/8d91eb56aaf577328bd5ba36ec1db30e6f4b3773\/metamediumcyr-roman.ufo\/glyphs\/periodcentered.glif","\/fonts\/Unpacking\/8d91eb56aaf577328bd5ba36ec1db30e6f4b3773\/metamediumcyr-roman.ufo\/glyphs\/perthousand.glif":"\/fonts\/Unpacking\/8d91eb56aaf577328bd5ba36ec1db30e6f4b3773\/metamediumcyr-roman.ufo\/glyphs\/perthousand.glif","\/fonts\/Unpacking\/8d91eb56aaf577328bd5ba36ec1db30e6f4b3773\/metamediumcyr-roman.ufo\/glyphs\/plus.glif":"\/fonts\/Unpacking\/8d91eb56aaf577328bd5ba36ec1db30e6f4b3773\/metamediumcyr-roman.ufo\/glyphs\/plus.glif","\/fonts\/Unpacking\/8d91eb56aaf577328bd5ba36ec1db30e6f4b3773\/metamediumcyr-roman.ufo\/glyphs\/plusminus.glif":"\/fonts\/Unpacking\/8d91eb56aaf577328bd5ba36ec1db30e6f4b3773\/metamediumcyr-roman.ufo\/glyphs\/plusminus.glif","\/fonts\/Unpacking\/8d91eb56aaf577328bd5ba36ec1db30e6f4b3773\/metamediumcyr-roman.ufo\/glyphs\/q.glif":"\/fonts\/Unpacking\/8d91eb56aaf577328bd5ba36ec1db30e6f4b3773\/metamediumcyr-roman.ufo\/glyphs\/q.glif","\/fonts\/Unpacking\/8d91eb56aaf577328bd5ba36ec1db30e6f4b3773\/metamediumcyr-roman.ufo\/glyphs\/question.glif":"\/fonts\/Unpacking\/8d91eb56aaf577328bd5ba36ec1db30e6f4b3773\/metamediumcyr-roman.ufo\/glyphs\/question.glif","\/fonts\/Unpacking\/8d91eb56aaf577328bd5ba36ec1db30e6f4b3773\/metamediumcyr-roman.ufo\/glyphs\/quotedbl.glif":"\/fonts\/Unpacking\/8d91eb56aaf577328bd5ba36ec1db30e6f4b3773\/metamediumcyr-roman.ufo\/glyphs\/quotedbl.glif","\/fonts\/Unpacking\/8d91eb56aaf577328bd5ba36ec1db30e6f4b3773\/metamediumcyr-roman.ufo\/glyphs\/quotedblbase.glif":"\/fonts\/Unpacking\/8d91eb56aaf577328bd5ba36ec1db30e6f4b3773\/metamediumcyr-roman.ufo\/glyphs\/quotedblbase.glif","\/fonts\/Unpacking\/8d91eb56aaf577328bd5ba36ec1db30e6f4b3773\/metamediumcyr-roman.ufo\/glyphs\/quotedblleft.glif":"\/fonts\/Unpacking\/8d91eb56aaf577328bd5ba36ec1db30e6f4b3773\/metamediumcyr-roman.ufo\/glyphs\/quotedblleft.glif","\/fonts\/Unpacking\/8d91eb56aaf577328bd5ba36ec1db30e6f4b3773\/metamediumcyr-roman.ufo\/glyphs\/quotedblright.glif":"\/fonts\/Unpacking\/8d91eb56aaf577328bd5ba36ec1db30e6f4b3773\/metamediumcyr-roman.ufo\/glyphs\/quotedblright.glif","\/fonts\/Unpacking\/8d91eb56aaf577328bd5ba36ec1db30e6f4b3773\/metamediumcyr-roman.ufo\/glyphs\/quoteleft.glif":"\/fonts\/Unpacking\/8d91eb56aaf577328bd5ba36ec1db30e6f4b3773\/metamediumcyr-roman.ufo\/glyphs\/quoteleft.glif","\/fonts\/Unpacking\/8d91eb56aaf577328bd5ba36ec1db30e6f4b3773\/metamediumcyr-roman.ufo\/glyphs\/quoteright.glif":"\/fonts\/Unpacking\/8d91eb56aaf577328bd5ba36ec1db30e6f4b3773\/metamediumcyr-roman.ufo\/glyphs\/quoteright.glif","\/fonts\/Unpacking\/8d91eb56aaf577328bd5ba36ec1db30e6f4b3773\/metamediumcyr-roman.ufo\/glyphs\/quotesinglbase.glif":"\/fonts\/Unpacking\/8d91eb56aaf577328bd5ba36ec1db30e6f4b3773\/metamediumcyr-roman.ufo\/glyphs\/quotesinglbase.glif","\/fonts\/Unpacking\/8d91eb56aaf577328bd5ba36ec1db30e6f4b3773\/metamediumcyr-roman.ufo\/glyphs\/quotesingle.glif":"\/fonts\/Unpacking\/8d91eb56aaf577328bd5ba36ec1db30e6f4b3773\/metamediumcyr-roman.ufo\/glyphs\/quotesingle.glif","\/fonts\/Unpacking\/8d91eb56aaf577328bd5ba36ec1db30e6f4b3773\/metamediumcyr-roman.ufo\/glyphs\/r.glif":"\/fonts\/Unpacking\/8d91eb56aaf577328bd5ba36ec1db30e6f4b3773\/metamediumcyr-roman.ufo\/glyphs\/r.glif","\/fonts\/Unpacking\/8d91eb56aaf577328bd5ba36ec1db30e6f4b3773\/metamediumcyr-roman.ufo\/glyphs\/registered.glif":"\/fonts\/Unpacking\/8d91eb56aaf577328bd5ba36ec1db30e6f4b3773\/metamediumcyr-roman.ufo\/glyphs\/registered.glif","\/fonts\/Unpacking\/8d91eb56aaf577328bd5ba36ec1db30e6f4b3773\/metamediumcyr-roman.ufo\/glyphs\/s.glif":"\/fonts\/Unpacking\/8d91eb56aaf577328bd5ba36ec1db30e6f4b3773\/metamediumcyr-roman.ufo\/glyphs\/s.glif","\/fonts\/Unpacking\/8d91eb56aaf577328bd5ba36ec1db30e6f4b3773\/metamediumcyr-roman.ufo\/glyphs\/section.glif":"\/fonts\/Unpacking\/8d91eb56aaf577328bd5ba36ec1db30e6f4b3773\/metamediumcyr-roman.ufo\/glyphs\/section.glif","\/fonts\/Unpacking\/8d91eb56aaf577328bd5ba36ec1db30e6f4b3773\/metamediumcyr-roman.ufo\/glyphs\/semicolon.glif":"\/fonts\/Unpacking\/8d91eb56aaf577328bd5ba36ec1db30e6f4b3773\/metamediumcyr-roman.ufo\/glyphs\/semicolon.glif","\/fonts\/Unpacking\/8d91eb56aaf577328bd5ba36ec1db30e6f4b3773\/metamediumcyr-roman.ufo\/glyphs\/seven.glif":"\/fonts\/Unpacking\/8d91eb56aaf577328bd5ba36ec1db30e6f4b3773\/metamediumcyr-roman.ufo\/glyphs\/seven.glif","\/fonts\/Unpacking\/8d91eb56aaf577328bd5ba36ec1db30e6f4b3773\/metamediumcyr-roman.ufo\/glyphs\/six.glif":"\/fonts\/Unpacking\/8d91eb56aaf577328bd5ba36ec1db30e6f4b3773\/metamediumcyr-roman.ufo\/glyphs\/six.glif","\/fonts\/Unpacking\/8d91eb56aaf577328bd5ba36ec1db30e6f4b3773\/metamediumcyr-roman.ufo\/glyphs\/slash.glif":"\/fonts\/Unpacking\/8d91eb56aaf577328bd5ba36ec1db30e6f4b3773\/metamediumcyr-roman.ufo\/glyphs\/slash.glif","\/fonts\/Unpacking\/8d91eb56aaf577328bd5ba36ec1db30e6f4b3773\/metamediumcyr-roman.ufo\/glyphs\/space.glif":"\/fonts\/Unpacking\/8d91eb56aaf577328bd5ba36ec1db30e6f4b3773\/metamediumcyr-roman.ufo\/glyphs\/space.glif","\/fonts\/Unpacking\/8d91eb56aaf577328bd5ba36ec1db30e6f4b3773\/metamediumcyr-roman.ufo\/glyphs\/t.glif":"\/fonts\/Unpacking\/8d91eb56aaf577328bd5ba36ec1db30e6f4b3773\/metamediumcyr-roman.ufo\/glyphs\/t.glif","\/fonts\/Unpacking\/8d91eb56aaf577328bd5ba36ec1db30e6f4b3773\/metamediumcyr-roman.ufo\/glyphs\/three.glif":"\/fonts\/Unpacking\/8d91eb56aaf577328bd5ba36ec1db30e6f4b3773\/metamediumcyr-roman.ufo\/glyphs\/three.glif","\/fonts\/Unpacking\/8d91eb56aaf577328bd5ba36ec1db30e6f4b3773\/metamediumcyr-roman.ufo\/glyphs\/trademark.glif":"\/fonts\/Unpacking\/8d91eb56aaf577328bd5ba36ec1db30e6f4b3773\/metamediumcyr-roman.ufo\/glyphs\/trademark.glif","\/fonts\/Unpacking\/8d91eb56aaf577328bd5ba36ec1db30e6f4b3773\/metamediumcyr-roman.ufo\/glyphs\/two.glif":"\/fonts\/Unpacking\/8d91eb56aaf577328bd5ba36ec1db30e6f4b3773\/metamediumcyr-roman.ufo\/glyphs\/two.glif","\/fonts\/Unpacking\/8d91eb56aaf577328bd5ba36ec1db30e6f4b3773\/metamediumcyr-roman.ufo\/glyphs\/u.glif":"\/fonts\/Unpacking\/8d91eb56aaf577328bd5ba36ec1db30e6f4b3773\/metamediumcyr-roman.ufo\/glyphs\/u.glif","\/fonts\/Unpacking\/8d91eb56aaf577328bd5ba36ec1db30e6f4b3773\/metamediumcyr-roman.ufo\/glyphs\/underscore.glif":"\/fonts\/Unpacking\/8d91eb56aaf577328bd5ba36ec1db30e6f4b3773\/metamediumcyr-roman.ufo\/glyphs\/underscore.glif","\/fonts\/Unpacking\/8d91eb56aaf577328bd5ba36ec1db30e6f4b3773\/metamediumcyr-roman.ufo\/glyphs\/v.glif":"\/fonts\/Unpacking\/8d91eb56aaf577328bd5ba36ec1db30e6f4b3773\/metamediumcyr-roman.ufo\/glyphs\/v.glif","\/fonts\/Unpacking\/8d91eb56aaf577328bd5ba36ec1db30e6f4b3773\/metamediumcyr-roman.ufo\/glyphs\/w.glif":"\/fonts\/Unpacking\/8d91eb56aaf577328bd5ba36ec1db30e6f4b3773\/metamediumcyr-roman.ufo\/glyphs\/w.glif","\/fonts\/Unpacking\/8d91eb56aaf577328bd5ba36ec1db30e6f4b3773\/metamediumcyr-roman.ufo\/glyphs\/x.glif":"\/fonts\/Unpacking\/8d91eb56aaf577328bd5ba36ec1db30e6f4b3773\/metamediumcyr-roman.ufo\/glyphs\/x.glif","\/fonts\/Unpacking\/8d91eb56aaf577328bd5ba36ec1db30e6f4b3773\/metamediumcyr-roman.ufo\/glyphs\/y.glif":"\/fonts\/Unpacking\/8d91eb56aaf577328bd5ba36ec1db30e6f4b3773\/metamediumcyr-roman.ufo\/glyphs\/y.glif","\/fonts\/Unpacking\/8d91eb56aaf577328bd5ba36ec1db30e6f4b3773\/metamediumcyr-roman.ufo\/glyphs\/z.glif":"\/fonts\/Unpacking\/8d91eb56aaf577328bd5ba36ec1db30e6f4b3773\/metamediumcyr-roman.ufo\/glyphs\/z.glif","\/fonts\/Unpacking\/8d91eb56aaf577328bd5ba36ec1db30e6f4b3773\/metamediumcyr-roman.ufo\/glyphs\/zero.glif":"\/fonts\/Unpacking\/8d91eb56aaf577328bd5ba36ec1db30e6f4b3773\/metamediumcyr-roman.ufo\/glyphs\/zero.glif"},"Font":null,"Licences":{"":false},"Table":{"FFTM":{"entryLength":16,"tag":"FFTM","checksum":1955372952,"offset":23432,"length":28},"GDEF":{"entryLength":16,"tag":"GDEF","checksum":17629190,"offset":23400,"length":32},"OS\/2":{"entryLength":16,"tag":"OS\/2","checksum":1497629068,"offset":344,"length":86},"cmap":{"entryLength":16,"tag":"cmap","checksum":279604940,"offset":1328,"length":732},"gasp":{"entryLength":16,"tag":"gasp","checksum":4294901763,"offset":23392,"length":8},"glyf":{"entryLength":16,"tag":"glyf","checksum":3051176941,"offset":2512,"length":18572},"head":{"entryLength":16,"tag":"head","checksum":202965569,"offset":220,"length":54},"hhea":{"entryLength":16,"tag":"hhea","checksum":141952153,"offset":276,"length":36},"hmtx":{"entryLength":16,"tag":"hmtx","checksum":3498321774,"offset":432,"length":896},"loca":{"entryLength":16,"tag":"loca","checksum":2006017664,"offset":2060,"length":450},"maxp":{"entryLength":16,"tag":"maxp","checksum":19464299,"offset":312,"length":32},"name":{"entryLength":16,"tag":"name","checksum":2444566476,"offset":21084,"length":867},"post":{"entryLength":16,"tag":"post","checksum":306842931,"offset":21952,"length":1437}},"UnicodeCharMap":{"32":3,"33":4,"34":5,"35":6,"36":7,"37":8,"38":9,"39":10,"40":11,"41":12,"42":13,"43":14,"44":15,"45":16,"46":17,"47":18,"48":19,"49":20,"50":21,"51":22,"52":23,"53":24,"54":25,"55":26,"56":27,"57":28,"58":29,"59":30,"60":31,"61":32,"62":33,"63":34,"64":35,"65":36,"66":37,"67":38,"68":39,"69":40,"70":41,"71":42,"72":43,"73":44,"74":45,"75":46,"76":47,"77":48,"78":49,"79":50,"80":51,"81":52,"82":53,"83":54,"84":55,"85":56,"86":57,"87":58,"88":59,"89":60,"90":61,"91":62,"92":63,"93":64,"94":65,"95":66,"96":67,"97":68,"98":69,"99":70,"100":71,"101":72,"102":73,"103":74,"104":75,"105":76,"106":77,"107":78,"108":79,"109":80,"110":81,"111":82,"112":83,"113":84,"114":85,"115":86,"116":87,"117":88,"118":89,"119":90,"120":91,"121":92,"122":93,"123":94,"124":95,"125":96,"126":97,"164":133,"166":135,"167":136,"169":138,"171":140,"172":141,"174":142,"176":144,"177":145,"180":122,"182":150,"183":151,"187":155,"956":149,"1025":137,"1026":98,"1027":99,"1028":139,"1029":157,"1030":146,"1031":143,"1032":132,"1033":108,"1034":110,"1035":112,"1036":111,"1038":130,"1039":113,"1040":160,"1041":161,"1042":162,"1043":163,"1044":164,"1045":165,"1046":166,"1047":167,"1048":168,"1049":169,"1050":170,"1051":171,"1052":172,"1053":173,"1054":174,"1055":175,"1056":176,"1057":177,"1058":178,"1059":179,"1060":180,"1061":181,"1062":182,"1063":183,"1064":184,"1065":185,"1066":186,"1067":187,"1068":188,"1069":189,"1070":190,"1071":191,"1072":192,"1073":193,"1074":194,"1075":195,"1076":196,"1077":197,"1078":198,"1079":199,"1080":200,"1081":201,"1082":202,"1083":203,"1084":204,"1085":205,"1086":206,"1087":207,"1088":208,"1089":209,"1090":210,"1091":211,"1092":212,"1093":213,"1094":214,"1095":215,"1096":216,"1097":217,"1098":218,"1099":219,"1100":220,"1101":221,"1102":222,"1103":223,"1105":152,"1106":114,"1107":101,"1108":154,"1109":158,"1110":147,"1111":159,"1112":156,"1113":124,"1114":126,"1115":128,"1116":127,"1118":131,"1119":129,"1168":134,"1169":148,"8211":120,"8212":121,"8216":115,"8217":116,"8218":100,"8220":117,"8221":118,"8222":102,"8224":104,"8225":105,"8226":119,"8230":103,"8240":107,"8249":109,"8250":125,"8364":106,"8470":153,"8482":123},"Reserves":null,"Names":[],"Nodes":[],"Contributors":[],"FontIdentity":"20d7862e26f2fa6490e3d8f508895e58","Bytes":2000796,"Networking":null,"barcode":null,"referee":null}