{"CSS":{"Engine-Bold":"Engine-Bold.css","Engine Bold":"wagovau:30c45ad03780d721ba5bb82e.css"},"FontType":"TrueType","FontCopyright":"(c) Alex Scholing, 1995. Published by FontShop International FontFont release 15","FontName":"Engine","FontSubfamily":"Bold","FontSubfamilyID":"FontForge 2.0 : Engine-Bold : 12-8-2016","FontFullName":"Engine Bold","FontVersion":"Version 001.000 ","FontWeight":null,"FontPostscriptName":"Engine-Bold","Files":{"\/Engine-Bold.css":"\/Engine-Bold.css","\/engine-bold.afm":"\/engine-bold.afm","\/engine-bold.cef":"\/engine-bold.cef","\/engine-bold.cff":"\/engine-bold.cff","\/engine-bold.eot":"\/engine-bold.eot","\/engine-bold.gai":"\/engine-bold.gai","\/engine-bold.gsf":"\/engine-bold.gsf","\/engine-bold.otf":"\/engine-bold.otf","\/engine-bold.pf3":"\/engine-bold.pf3","\/engine-bold.pfa":"\/engine-bold.pfa","\/engine-bold.pfb":"\/engine-bold.pfb","\/engine-bold.php":"\/engine-bold.php","\/engine-bold.pt3":"\/engine-bold.pt3","\/engine-bold.sfd":"\/engine-bold.sfd","\/engine-bold.svg":"\/engine-bold.svg","\/engine-bold.t42":"\/engine-bold.t42","\/engine-bold.ttd":"\/engine-bold.ttd","\/engine-bold.ttf":"\/engine-bold.ttf","\/engine-bold.ttg":"\/engine-bold.ttg","\/engine-bold.ufm":"\/engine-bold.ufm","\/engine-bold.woff":"\/engine-bold.woff","\/engine-bold.z":"\/engine-bold.z","\/font-resource.json":"\/font-resource.json","\/engine-bold.ufo\/feature.fea":"\/engine-bold.ufo\/feature.fea","\/engine-bold.ufo\/fontinfo.plist":"\/engine-bold.ufo\/fontinfo.plist","\/engine-bold.ufo\/groups.plist":"\/engine-bold.ufo\/groups.plist","\/engine-bold.ufo\/kerning.plist":"\/engine-bold.ufo\/kerning.plist","\/engine-bold.ufo\/metainfo.plist":"\/engine-bold.ufo\/metainfo.plist","\/engine-bold.ufo\/glyphs\/A_.glif":"\/engine-bold.ufo\/glyphs\/A_.glif","\/engine-bold.ufo\/glyphs\/A_E_.glif":"\/engine-bold.ufo\/glyphs\/A_E_.glif","\/engine-bold.ufo\/glyphs\/A_acute.glif":"\/engine-bold.ufo\/glyphs\/A_acute.glif","\/engine-bold.ufo\/glyphs\/A_circumflex.glif":"\/engine-bold.ufo\/glyphs\/A_circumflex.glif","\/engine-bold.ufo\/glyphs\/A_dieresis.glif":"\/engine-bold.ufo\/glyphs\/A_dieresis.glif","\/engine-bold.ufo\/glyphs\/A_grave.glif":"\/engine-bold.ufo\/glyphs\/A_grave.glif","\/engine-bold.ufo\/glyphs\/A_ring.glif":"\/engine-bold.ufo\/glyphs\/A_ring.glif","\/engine-bold.ufo\/glyphs\/A_tilde.glif":"\/engine-bold.ufo\/glyphs\/A_tilde.glif","\/engine-bold.ufo\/glyphs\/B_.glif":"\/engine-bold.ufo\/glyphs\/B_.glif","\/engine-bold.ufo\/glyphs\/C_.glif":"\/engine-bold.ufo\/glyphs\/C_.glif","\/engine-bold.ufo\/glyphs\/C_cedilla.glif":"\/engine-bold.ufo\/glyphs\/C_cedilla.glif","\/engine-bold.ufo\/glyphs\/D_.glif":"\/engine-bold.ufo\/glyphs\/D_.glif","\/engine-bold.ufo\/glyphs\/D_C_1.glif":"\/engine-bold.ufo\/glyphs\/D_C_1.glif","\/engine-bold.ufo\/glyphs\/D_elta.glif":"\/engine-bold.ufo\/glyphs\/D_elta.glif","\/engine-bold.ufo\/glyphs\/E_.glif":"\/engine-bold.ufo\/glyphs\/E_.glif","\/engine-bold.ufo\/glyphs\/E_acute.glif":"\/engine-bold.ufo\/glyphs\/E_acute.glif","\/engine-bold.ufo\/glyphs\/E_circumflex.glif":"\/engine-bold.ufo\/glyphs\/E_circumflex.glif","\/engine-bold.ufo\/glyphs\/E_dieresis.glif":"\/engine-bold.ufo\/glyphs\/E_dieresis.glif","\/engine-bold.ufo\/glyphs\/E_grave.glif":"\/engine-bold.ufo\/glyphs\/E_grave.glif","\/engine-bold.ufo\/glyphs\/E_th.glif":"\/engine-bold.ufo\/glyphs\/E_th.glif","\/engine-bold.ufo\/glyphs\/F_.glif":"\/engine-bold.ufo\/glyphs\/F_.glif","\/engine-bold.ufo\/glyphs\/G_.glif":"\/engine-bold.ufo\/glyphs\/G_.glif","\/engine-bold.ufo\/glyphs\/H_.glif":"\/engine-bold.ufo\/glyphs\/H_.glif","\/engine-bold.ufo\/glyphs\/I_.glif":"\/engine-bold.ufo\/glyphs\/I_.glif","\/engine-bold.ufo\/glyphs\/I_acute.glif":"\/engine-bold.ufo\/glyphs\/I_acute.glif","\/engine-bold.ufo\/glyphs\/I_circumflex.glif":"\/engine-bold.ufo\/glyphs\/I_circumflex.glif","\/engine-bold.ufo\/glyphs\/I_dieresis.glif":"\/engine-bold.ufo\/glyphs\/I_dieresis.glif","\/engine-bold.ufo\/glyphs\/I_grave.glif":"\/engine-bold.ufo\/glyphs\/I_grave.glif","\/engine-bold.ufo\/glyphs\/J_.glif":"\/engine-bold.ufo\/glyphs\/J_.glif","\/engine-bold.ufo\/glyphs\/K_.glif":"\/engine-bold.ufo\/glyphs\/K_.glif","\/engine-bold.ufo\/glyphs\/L_.glif":"\/engine-bold.ufo\/glyphs\/L_.glif","\/engine-bold.ufo\/glyphs\/L_slash.glif":"\/engine-bold.ufo\/glyphs\/L_slash.glif","\/engine-bold.ufo\/glyphs\/M_.glif":"\/engine-bold.ufo\/glyphs\/M_.glif","\/engine-bold.ufo\/glyphs\/N_.glif":"\/engine-bold.ufo\/glyphs\/N_.glif","\/engine-bold.ufo\/glyphs\/N_tilde.glif":"\/engine-bold.ufo\/glyphs\/N_tilde.glif","\/engine-bold.ufo\/glyphs\/O_.glif":"\/engine-bold.ufo\/glyphs\/O_.glif","\/engine-bold.ufo\/glyphs\/O_E_.glif":"\/engine-bold.ufo\/glyphs\/O_E_.glif","\/engine-bold.ufo\/glyphs\/O_acute.glif":"\/engine-bold.ufo\/glyphs\/O_acute.glif","\/engine-bold.ufo\/glyphs\/O_circumflex.glif":"\/engine-bold.ufo\/glyphs\/O_circumflex.glif","\/engine-bold.ufo\/glyphs\/O_dieresis.glif":"\/engine-bold.ufo\/glyphs\/O_dieresis.glif","\/engine-bold.ufo\/glyphs\/O_grave.glif":"\/engine-bold.ufo\/glyphs\/O_grave.glif","\/engine-bold.ufo\/glyphs\/O_mega.glif":"\/engine-bold.ufo\/glyphs\/O_mega.glif","\/engine-bold.ufo\/glyphs\/O_slash.glif":"\/engine-bold.ufo\/glyphs\/O_slash.glif","\/engine-bold.ufo\/glyphs\/O_tilde.glif":"\/engine-bold.ufo\/glyphs\/O_tilde.glif","\/engine-bold.ufo\/glyphs\/P_.glif":"\/engine-bold.ufo\/glyphs\/P_.glif","\/engine-bold.ufo\/glyphs\/Q_.glif":"\/engine-bold.ufo\/glyphs\/Q_.glif","\/engine-bold.ufo\/glyphs\/R_.glif":"\/engine-bold.ufo\/glyphs\/R_.glif","\/engine-bold.ufo\/glyphs\/S_.glif":"\/engine-bold.ufo\/glyphs\/S_.glif","\/engine-bold.ufo\/glyphs\/S_caron.glif":"\/engine-bold.ufo\/glyphs\/S_caron.glif","\/engine-bold.ufo\/glyphs\/T_.glif":"\/engine-bold.ufo\/glyphs\/T_.glif","\/engine-bold.ufo\/glyphs\/T_horn.glif":"\/engine-bold.ufo\/glyphs\/T_horn.glif","\/engine-bold.ufo\/glyphs\/U_.glif":"\/engine-bold.ufo\/glyphs\/U_.glif","\/engine-bold.ufo\/glyphs\/U_acute.glif":"\/engine-bold.ufo\/glyphs\/U_acute.glif","\/engine-bold.ufo\/glyphs\/U_circumflex.glif":"\/engine-bold.ufo\/glyphs\/U_circumflex.glif","\/engine-bold.ufo\/glyphs\/U_dieresis.glif":"\/engine-bold.ufo\/glyphs\/U_dieresis.glif","\/engine-bold.ufo\/glyphs\/U_grave.glif":"\/engine-bold.ufo\/glyphs\/U_grave.glif","\/engine-bold.ufo\/glyphs\/V_.glif":"\/engine-bold.ufo\/glyphs\/V_.glif","\/engine-bold.ufo\/glyphs\/W_.glif":"\/engine-bold.ufo\/glyphs\/W_.glif","\/engine-bold.ufo\/glyphs\/X_.glif":"\/engine-bold.ufo\/glyphs\/X_.glif","\/engine-bold.ufo\/glyphs\/Y_.glif":"\/engine-bold.ufo\/glyphs\/Y_.glif","\/engine-bold.ufo\/glyphs\/Y_acute.glif":"\/engine-bold.ufo\/glyphs\/Y_acute.glif","\/engine-bold.ufo\/glyphs\/Y_dieresis.glif":"\/engine-bold.ufo\/glyphs\/Y_dieresis.glif","\/engine-bold.ufo\/glyphs\/Z_.glif":"\/engine-bold.ufo\/glyphs\/Z_.glif","\/engine-bold.ufo\/glyphs\/Z_caron.glif":"\/engine-bold.ufo\/glyphs\/Z_caron.glif","\/engine-bold.ufo\/glyphs\/a.glif":"\/engine-bold.ufo\/glyphs\/a.glif","\/engine-bold.ufo\/glyphs\/aacute.glif":"\/engine-bold.ufo\/glyphs\/aacute.glif","\/engine-bold.ufo\/glyphs\/acircumflex.glif":"\/engine-bold.ufo\/glyphs\/acircumflex.glif","\/engine-bold.ufo\/glyphs\/acute.glif":"\/engine-bold.ufo\/glyphs\/acute.glif","\/engine-bold.ufo\/glyphs\/adieresis.glif":"\/engine-bold.ufo\/glyphs\/adieresis.glif","\/engine-bold.ufo\/glyphs\/ae.glif":"\/engine-bold.ufo\/glyphs\/ae.glif","\/engine-bold.ufo\/glyphs\/agrave.glif":"\/engine-bold.ufo\/glyphs\/agrave.glif","\/engine-bold.ufo\/glyphs\/ampersand.glif":"\/engine-bold.ufo\/glyphs\/ampersand.glif","\/engine-bold.ufo\/glyphs\/apple.glif":"\/engine-bold.ufo\/glyphs\/apple.glif","\/engine-bold.ufo\/glyphs\/approxequal.glif":"\/engine-bold.ufo\/glyphs\/approxequal.glif","\/engine-bold.ufo\/glyphs\/aring.glif":"\/engine-bold.ufo\/glyphs\/aring.glif","\/engine-bold.ufo\/glyphs\/asciicircum.glif":"\/engine-bold.ufo\/glyphs\/asciicircum.glif","\/engine-bold.ufo\/glyphs\/asciitilde.glif":"\/engine-bold.ufo\/glyphs\/asciitilde.glif","\/engine-bold.ufo\/glyphs\/asterisk.glif":"\/engine-bold.ufo\/glyphs\/asterisk.glif","\/engine-bold.ufo\/glyphs\/at.glif":"\/engine-bold.ufo\/glyphs\/at.glif","\/engine-bold.ufo\/glyphs\/atilde.glif":"\/engine-bold.ufo\/glyphs\/atilde.glif","\/engine-bold.ufo\/glyphs\/b.glif":"\/engine-bold.ufo\/glyphs\/b.glif","\/engine-bold.ufo\/glyphs\/backslash.glif":"\/engine-bold.ufo\/glyphs\/backslash.glif","\/engine-bold.ufo\/glyphs\/bar.glif":"\/engine-bold.ufo\/glyphs\/bar.glif","\/engine-bold.ufo\/glyphs\/braceleft.glif":"\/engine-bold.ufo\/glyphs\/braceleft.glif","\/engine-bold.ufo\/glyphs\/braceright.glif":"\/engine-bold.ufo\/glyphs\/braceright.glif","\/engine-bold.ufo\/glyphs\/bracketleft.glif":"\/engine-bold.ufo\/glyphs\/bracketleft.glif","\/engine-bold.ufo\/glyphs\/bracketright.glif":"\/engine-bold.ufo\/glyphs\/bracketright.glif","\/engine-bold.ufo\/glyphs\/breve.glif":"\/engine-bold.ufo\/glyphs\/breve.glif","\/engine-bold.ufo\/glyphs\/brokenbar.glif":"\/engine-bold.ufo\/glyphs\/brokenbar.glif","\/engine-bold.ufo\/glyphs\/bullet.glif":"\/engine-bold.ufo\/glyphs\/bullet.glif","\/engine-bold.ufo\/glyphs\/c.glif":"\/engine-bold.ufo\/glyphs\/c.glif","\/engine-bold.ufo\/glyphs\/caron.glif":"\/engine-bold.ufo\/glyphs\/caron.glif","\/engine-bold.ufo\/glyphs\/ccedilla.glif":"\/engine-bold.ufo\/glyphs\/ccedilla.glif","\/engine-bold.ufo\/glyphs\/cedilla.glif":"\/engine-bold.ufo\/glyphs\/cedilla.glif","\/engine-bold.ufo\/glyphs\/cent.glif":"\/engine-bold.ufo\/glyphs\/cent.glif","\/engine-bold.ufo\/glyphs\/circumflex.glif":"\/engine-bold.ufo\/glyphs\/circumflex.glif","\/engine-bold.ufo\/glyphs\/colon.glif":"\/engine-bold.ufo\/glyphs\/colon.glif","\/engine-bold.ufo\/glyphs\/comma.glif":"\/engine-bold.ufo\/glyphs\/comma.glif","\/engine-bold.ufo\/glyphs\/contents.plist":"\/engine-bold.ufo\/glyphs\/contents.plist","\/engine-bold.ufo\/glyphs\/copyright.glif":"\/engine-bold.ufo\/glyphs\/copyright.glif","\/engine-bold.ufo\/glyphs\/currency.glif":"\/engine-bold.ufo\/glyphs\/currency.glif","\/engine-bold.ufo\/glyphs\/d.glif":"\/engine-bold.ufo\/glyphs\/d.glif","\/engine-bold.ufo\/glyphs\/dagger.glif":"\/engine-bold.ufo\/glyphs\/dagger.glif","\/engine-bold.ufo\/glyphs\/daggerdbl.glif":"\/engine-bold.ufo\/glyphs\/daggerdbl.glif","\/engine-bold.ufo\/glyphs\/degree.glif":"\/engine-bold.ufo\/glyphs\/degree.glif","\/engine-bold.ufo\/glyphs\/dieresis.glif":"\/engine-bold.ufo\/glyphs\/dieresis.glif","\/engine-bold.ufo\/glyphs\/divide.glif":"\/engine-bold.ufo\/glyphs\/divide.glif","\/engine-bold.ufo\/glyphs\/dollar.glif":"\/engine-bold.ufo\/glyphs\/dollar.glif","\/engine-bold.ufo\/glyphs\/dotaccent.glif":"\/engine-bold.ufo\/glyphs\/dotaccent.glif","\/engine-bold.ufo\/glyphs\/dotlessi.glif":"\/engine-bold.ufo\/glyphs\/dotlessi.glif","\/engine-bold.ufo\/glyphs\/e.glif":"\/engine-bold.ufo\/glyphs\/e.glif","\/engine-bold.ufo\/glyphs\/eacute.glif":"\/engine-bold.ufo\/glyphs\/eacute.glif","\/engine-bold.ufo\/glyphs\/ecircumflex.glif":"\/engine-bold.ufo\/glyphs\/ecircumflex.glif","\/engine-bold.ufo\/glyphs\/edieresis.glif":"\/engine-bold.ufo\/glyphs\/edieresis.glif","\/engine-bold.ufo\/glyphs\/egrave.glif":"\/engine-bold.ufo\/glyphs\/egrave.glif","\/engine-bold.ufo\/glyphs\/eight.glif":"\/engine-bold.ufo\/glyphs\/eight.glif","\/engine-bold.ufo\/glyphs\/ellipsis.glif":"\/engine-bold.ufo\/glyphs\/ellipsis.glif","\/engine-bold.ufo\/glyphs\/emdash.glif":"\/engine-bold.ufo\/glyphs\/emdash.glif","\/engine-bold.ufo\/glyphs\/endash.glif":"\/engine-bold.ufo\/glyphs\/endash.glif","\/engine-bold.ufo\/glyphs\/equal.glif":"\/engine-bold.ufo\/glyphs\/equal.glif","\/engine-bold.ufo\/glyphs\/eth.glif":"\/engine-bold.ufo\/glyphs\/eth.glif","\/engine-bold.ufo\/glyphs\/exclam.glif":"\/engine-bold.ufo\/glyphs\/exclam.glif","\/engine-bold.ufo\/glyphs\/exclamdown.glif":"\/engine-bold.ufo\/glyphs\/exclamdown.glif","\/engine-bold.ufo\/glyphs\/f.glif":"\/engine-bold.ufo\/glyphs\/f.glif","\/engine-bold.ufo\/glyphs\/fi.glif":"\/engine-bold.ufo\/glyphs\/fi.glif","\/engine-bold.ufo\/glyphs\/five.glif":"\/engine-bold.ufo\/glyphs\/five.glif","\/engine-bold.ufo\/glyphs\/fl.glif":"\/engine-bold.ufo\/glyphs\/fl.glif","\/engine-bold.ufo\/glyphs\/florin.glif":"\/engine-bold.ufo\/glyphs\/florin.glif","\/engine-bold.ufo\/glyphs\/four.glif":"\/engine-bold.ufo\/glyphs\/four.glif","\/engine-bold.ufo\/glyphs\/fraction.glif":"\/engine-bold.ufo\/glyphs\/fraction.glif","\/engine-bold.ufo\/glyphs\/g.glif":"\/engine-bold.ufo\/glyphs\/g.glif","\/engine-bold.ufo\/glyphs\/germandbls.glif":"\/engine-bold.ufo\/glyphs\/germandbls.glif","\/engine-bold.ufo\/glyphs\/grave.glif":"\/engine-bold.ufo\/glyphs\/grave.glif","\/engine-bold.ufo\/glyphs\/greater.glif":"\/engine-bold.ufo\/glyphs\/greater.glif","\/engine-bold.ufo\/glyphs\/greaterequal.glif":"\/engine-bold.ufo\/glyphs\/greaterequal.glif","\/engine-bold.ufo\/glyphs\/guillemotleft.glif":"\/engine-bold.ufo\/glyphs\/guillemotleft.glif","\/engine-bold.ufo\/glyphs\/guillemotright.glif":"\/engine-bold.ufo\/glyphs\/guillemotright.glif","\/engine-bold.ufo\/glyphs\/guilsinglleft.glif":"\/engine-bold.ufo\/glyphs\/guilsinglleft.glif","\/engine-bold.ufo\/glyphs\/guilsinglright.glif":"\/engine-bold.ufo\/glyphs\/guilsinglright.glif","\/engine-bold.ufo\/glyphs\/h.glif":"\/engine-bold.ufo\/glyphs\/h.glif","\/engine-bold.ufo\/glyphs\/hungarumlaut.glif":"\/engine-bold.ufo\/glyphs\/hungarumlaut.glif","\/engine-bold.ufo\/glyphs\/hyphen.glif":"\/engine-bold.ufo\/glyphs\/hyphen.glif","\/engine-bold.ufo\/glyphs\/i.glif":"\/engine-bold.ufo\/glyphs\/i.glif","\/engine-bold.ufo\/glyphs\/iacute.glif":"\/engine-bold.ufo\/glyphs\/iacute.glif","\/engine-bold.ufo\/glyphs\/icircumflex.glif":"\/engine-bold.ufo\/glyphs\/icircumflex.glif","\/engine-bold.ufo\/glyphs\/idieresis.glif":"\/engine-bold.ufo\/glyphs\/idieresis.glif","\/engine-bold.ufo\/glyphs\/igrave.glif":"\/engine-bold.ufo\/glyphs\/igrave.glif","\/engine-bold.ufo\/glyphs\/infinity.glif":"\/engine-bold.ufo\/glyphs\/infinity.glif","\/engine-bold.ufo\/glyphs\/integral.glif":"\/engine-bold.ufo\/glyphs\/integral.glif","\/engine-bold.ufo\/glyphs\/j.glif":"\/engine-bold.ufo\/glyphs\/j.glif","\/engine-bold.ufo\/glyphs\/k.glif":"\/engine-bold.ufo\/glyphs\/k.glif","\/engine-bold.ufo\/glyphs\/l.glif":"\/engine-bold.ufo\/glyphs\/l.glif","\/engine-bold.ufo\/glyphs\/less.glif":"\/engine-bold.ufo\/glyphs\/less.glif","\/engine-bold.ufo\/glyphs\/lessequal.glif":"\/engine-bold.ufo\/glyphs\/lessequal.glif","\/engine-bold.ufo\/glyphs\/logicalnot.glif":"\/engine-bold.ufo\/glyphs\/logicalnot.glif","\/engine-bold.ufo\/glyphs\/lozenge.glif":"\/engine-bold.ufo\/glyphs\/lozenge.glif","\/engine-bold.ufo\/glyphs\/lslash.glif":"\/engine-bold.ufo\/glyphs\/lslash.glif","\/engine-bold.ufo\/glyphs\/m.glif":"\/engine-bold.ufo\/glyphs\/m.glif","\/engine-bold.ufo\/glyphs\/macron.glif":"\/engine-bold.ufo\/glyphs\/macron.glif","\/engine-bold.ufo\/glyphs\/minus.glif":"\/engine-bold.ufo\/glyphs\/minus.glif","\/engine-bold.ufo\/glyphs\/mu.glif":"\/engine-bold.ufo\/glyphs\/mu.glif","\/engine-bold.ufo\/glyphs\/multiply.glif":"\/engine-bold.ufo\/glyphs\/multiply.glif","\/engine-bold.ufo\/glyphs\/n.glif":"\/engine-bold.ufo\/glyphs\/n.glif","\/engine-bold.ufo\/glyphs\/nbspace.glif":"\/engine-bold.ufo\/glyphs\/nbspace.glif","\/engine-bold.ufo\/glyphs\/nine.glif":"\/engine-bold.ufo\/glyphs\/nine.glif","\/engine-bold.ufo\/glyphs\/notequal.glif":"\/engine-bold.ufo\/glyphs\/notequal.glif","\/engine-bold.ufo\/glyphs\/ntilde.glif":"\/engine-bold.ufo\/glyphs\/ntilde.glif","\/engine-bold.ufo\/glyphs\/numbersign.glif":"\/engine-bold.ufo\/glyphs\/numbersign.glif","\/engine-bold.ufo\/glyphs\/o.glif":"\/engine-bold.ufo\/glyphs\/o.glif","\/engine-bold.ufo\/glyphs\/oacute.glif":"\/engine-bold.ufo\/glyphs\/oacute.glif","\/engine-bold.ufo\/glyphs\/ocircumflex.glif":"\/engine-bold.ufo\/glyphs\/ocircumflex.glif","\/engine-bold.ufo\/glyphs\/odieresis.glif":"\/engine-bold.ufo\/glyphs\/odieresis.glif","\/engine-bold.ufo\/glyphs\/oe.glif":"\/engine-bold.ufo\/glyphs\/oe.glif","\/engine-bold.ufo\/glyphs\/ogonek.glif":"\/engine-bold.ufo\/glyphs\/ogonek.glif","\/engine-bold.ufo\/glyphs\/ograve.glif":"\/engine-bold.ufo\/glyphs\/ograve.glif","\/engine-bold.ufo\/glyphs\/one.glif":"\/engine-bold.ufo\/glyphs\/one.glif","\/engine-bold.ufo\/glyphs\/onehalf.glif":"\/engine-bold.ufo\/glyphs\/onehalf.glif","\/engine-bold.ufo\/glyphs\/onequarter.glif":"\/engine-bold.ufo\/glyphs\/onequarter.glif","\/engine-bold.ufo\/glyphs\/onesuperior.glif":"\/engine-bold.ufo\/glyphs\/onesuperior.glif","\/engine-bold.ufo\/glyphs\/ordfeminine.glif":"\/engine-bold.ufo\/glyphs\/ordfeminine.glif","\/engine-bold.ufo\/glyphs\/ordmasculine.glif":"\/engine-bold.ufo\/glyphs\/ordmasculine.glif","\/engine-bold.ufo\/glyphs\/oslash.glif":"\/engine-bold.ufo\/glyphs\/oslash.glif","\/engine-bold.ufo\/glyphs\/otilde.glif":"\/engine-bold.ufo\/glyphs\/otilde.glif","\/engine-bold.ufo\/glyphs\/p.glif":"\/engine-bold.ufo\/glyphs\/p.glif","\/engine-bold.ufo\/glyphs\/paragraph.glif":"\/engine-bold.ufo\/glyphs\/paragraph.glif","\/engine-bold.ufo\/glyphs\/parenleft.glif":"\/engine-bold.ufo\/glyphs\/parenleft.glif","\/engine-bold.ufo\/glyphs\/parenright.glif":"\/engine-bold.ufo\/glyphs\/parenright.glif","\/engine-bold.ufo\/glyphs\/partialdiff.glif":"\/engine-bold.ufo\/glyphs\/partialdiff.glif","\/engine-bold.ufo\/glyphs\/percent.glif":"\/engine-bold.ufo\/glyphs\/percent.glif","\/engine-bold.ufo\/glyphs\/period.glif":"\/engine-bold.ufo\/glyphs\/period.glif","\/engine-bold.ufo\/glyphs\/periodcentered.glif":"\/engine-bold.ufo\/glyphs\/periodcentered.glif","\/engine-bold.ufo\/glyphs\/perthousand.glif":"\/engine-bold.ufo\/glyphs\/perthousand.glif","\/engine-bold.ufo\/glyphs\/pi.glif":"\/engine-bold.ufo\/glyphs\/pi.glif","\/engine-bold.ufo\/glyphs\/plus.glif":"\/engine-bold.ufo\/glyphs\/plus.glif","\/engine-bold.ufo\/glyphs\/plusminus.glif":"\/engine-bold.ufo\/glyphs\/plusminus.glif","\/engine-bold.ufo\/glyphs\/product.glif":"\/engine-bold.ufo\/glyphs\/product.glif","\/engine-bold.ufo\/glyphs\/q.glif":"\/engine-bold.ufo\/glyphs\/q.glif","\/engine-bold.ufo\/glyphs\/question.glif":"\/engine-bold.ufo\/glyphs\/question.glif","\/engine-bold.ufo\/glyphs\/questiondown.glif":"\/engine-bold.ufo\/glyphs\/questiondown.glif","\/engine-bold.ufo\/glyphs\/quotedbl.glif":"\/engine-bold.ufo\/glyphs\/quotedbl.glif","\/engine-bold.ufo\/glyphs\/quotedblbase.glif":"\/engine-bold.ufo\/glyphs\/quotedblbase.glif","\/engine-bold.ufo\/glyphs\/quotedblleft.glif":"\/engine-bold.ufo\/glyphs\/quotedblleft.glif","\/engine-bold.ufo\/glyphs\/quotedblright.glif":"\/engine-bold.ufo\/glyphs\/quotedblright.glif","\/engine-bold.ufo\/glyphs\/quoteleft.glif":"\/engine-bold.ufo\/glyphs\/quoteleft.glif","\/engine-bold.ufo\/glyphs\/quoteright.glif":"\/engine-bold.ufo\/glyphs\/quoteright.glif","\/engine-bold.ufo\/glyphs\/quotesinglbase.glif":"\/engine-bold.ufo\/glyphs\/quotesinglbase.glif","\/engine-bold.ufo\/glyphs\/quotesingle.glif":"\/engine-bold.ufo\/glyphs\/quotesingle.glif","\/engine-bold.ufo\/glyphs\/r.glif":"\/engine-bold.ufo\/glyphs\/r.glif","\/engine-bold.ufo\/glyphs\/radical.glif":"\/engine-bold.ufo\/glyphs\/radical.glif","\/engine-bold.ufo\/glyphs\/registered.glif":"\/engine-bold.ufo\/glyphs\/registered.glif","\/engine-bold.ufo\/glyphs\/ring.glif":"\/engine-bold.ufo\/glyphs\/ring.glif","\/engine-bold.ufo\/glyphs\/s.glif":"\/engine-bold.ufo\/glyphs\/s.glif","\/engine-bold.ufo\/glyphs\/scaron.glif":"\/engine-bold.ufo\/glyphs\/scaron.glif","\/engine-bold.ufo\/glyphs\/section.glif":"\/engine-bold.ufo\/glyphs\/section.glif","\/engine-bold.ufo\/glyphs\/semicolon.glif":"\/engine-bold.ufo\/glyphs\/semicolon.glif","\/engine-bold.ufo\/glyphs\/seven.glif":"\/engine-bold.ufo\/glyphs\/seven.glif","\/engine-bold.ufo\/glyphs\/six.glif":"\/engine-bold.ufo\/glyphs\/six.glif","\/engine-bold.ufo\/glyphs\/slash.glif":"\/engine-bold.ufo\/glyphs\/slash.glif","\/engine-bold.ufo\/glyphs\/space.glif":"\/engine-bold.ufo\/glyphs\/space.glif","\/engine-bold.ufo\/glyphs\/sterling.glif":"\/engine-bold.ufo\/glyphs\/sterling.glif","\/engine-bold.ufo\/glyphs\/summation.glif":"\/engine-bold.ufo\/glyphs\/summation.glif","\/engine-bold.ufo\/glyphs\/t.glif":"\/engine-bold.ufo\/glyphs\/t.glif","\/engine-bold.ufo\/glyphs\/thorn.glif":"\/engine-bold.ufo\/glyphs\/thorn.glif","\/engine-bold.ufo\/glyphs\/three.glif":"\/engine-bold.ufo\/glyphs\/three.glif","\/engine-bold.ufo\/glyphs\/threequarters.glif":"\/engine-bold.ufo\/glyphs\/threequarters.glif","\/engine-bold.ufo\/glyphs\/threesuperior.glif":"\/engine-bold.ufo\/glyphs\/threesuperior.glif","\/engine-bold.ufo\/glyphs\/tilde.glif":"\/engine-bold.ufo\/glyphs\/tilde.glif","\/engine-bold.ufo\/glyphs\/trademark.glif":"\/engine-bold.ufo\/glyphs\/trademark.glif","\/engine-bold.ufo\/glyphs\/two.glif":"\/engine-bold.ufo\/glyphs\/two.glif","\/engine-bold.ufo\/glyphs\/twosuperior.glif":"\/engine-bold.ufo\/glyphs\/twosuperior.glif","\/engine-bold.ufo\/glyphs\/u.glif":"\/engine-bold.ufo\/glyphs\/u.glif","\/engine-bold.ufo\/glyphs\/uacute.glif":"\/engine-bold.ufo\/glyphs\/uacute.glif","\/engine-bold.ufo\/glyphs\/ucircumflex.glif":"\/engine-bold.ufo\/glyphs\/ucircumflex.glif","\/engine-bold.ufo\/glyphs\/udieresis.glif":"\/engine-bold.ufo\/glyphs\/udieresis.glif","\/engine-bold.ufo\/glyphs\/ugrave.glif":"\/engine-bold.ufo\/glyphs\/ugrave.glif","\/engine-bold.ufo\/glyphs\/underscore.glif":"\/engine-bold.ufo\/glyphs\/underscore.glif","\/engine-bold.ufo\/glyphs\/v.glif":"\/engine-bold.ufo\/glyphs\/v.glif","\/engine-bold.ufo\/glyphs\/w.glif":"\/engine-bold.ufo\/glyphs\/w.glif","\/engine-bold.ufo\/glyphs\/x.glif":"\/engine-bold.ufo\/glyphs\/x.glif","\/engine-bold.ufo\/glyphs\/y.glif":"\/engine-bold.ufo\/glyphs\/y.glif","\/engine-bold.ufo\/glyphs\/yacute.glif":"\/engine-bold.ufo\/glyphs\/yacute.glif","\/engine-bold.ufo\/glyphs\/ydieresis.glif":"\/engine-bold.ufo\/glyphs\/ydieresis.glif","\/engine-bold.ufo\/glyphs\/yen.glif":"\/engine-bold.ufo\/glyphs\/yen.glif","\/engine-bold.ufo\/glyphs\/z.glif":"\/engine-bold.ufo\/glyphs\/z.glif","\/engine-bold.ufo\/glyphs\/zcaron.glif":"\/engine-bold.ufo\/glyphs\/zcaron.glif","\/engine-bold.ufo\/glyphs\/zero.glif":"\/engine-bold.ufo\/glyphs\/zero.glif"},"Font":{"uploaded":1471087393.1483,"licence":"gpl3","company":"Chronolabs Cooperative","title":"Engine Bold","version":3.002,"date":"Fri Aug 12 16:01:18 2016","creator":"root","type":"1","matrix":"0.001 0 0 0.001 0 0","named":"Engine-Bold","painttype":"0","info":"10 dict dup","name":"Engine-Bold","family":"Engine","weight":"Bold","fstype":"0","italicangle":"0","underlineposition":"","underlinethickness":""},"Licences":{"":false},"Table":{"FFTM":{"entryLength":16,"tag":"FFTM","checksum":1944410604,"offset":35588,"length":28},"GDEF":{"entryLength":16,"tag":"GDEF","checksum":19202054,"offset":35556,"length":32},"OS\/2":{"entryLength":16,"tag":"OS\/2","checksum":2029665791,"offset":344,"length":86},"cmap":{"entryLength":16,"tag":"cmap","checksum":3901671641,"offset":1424,"length":654},"gasp":{"entryLength":16,"tag":"gasp","checksum":4294901763,"offset":35548,"length":8},"glyf":{"entryLength":16,"tag":"glyf","checksum":3320352832,"offset":2580,"length":31728},"head":{"entryLength":16,"tag":"head","checksum":216823858,"offset":220,"length":54},"hhea":{"entryLength":16,"tag":"hhea","checksum":175900002,"offset":276,"length":36},"hmtx":{"entryLength":16,"tag":"hmtx","checksum":1394356407,"offset":432,"length":992},"loca":{"entryLength":16,"tag":"loca","checksum":1165108878,"offset":2080,"length":498},"maxp":{"entryLength":16,"tag":"maxp","checksum":21037160,"offset":312,"length":32},"name":{"entryLength":16,"tag":"name","checksum":459268479,"offset":34308,"length":696},"post":{"entryLength":16,"tag":"post","checksum":1137424401,"offset":35004,"length":542}},"UnicodeCharMap":{"32":3,"33":4,"34":5,"35":6,"36":7,"37":8,"38":9,"39":10,"40":11,"41":12,"42":13,"43":14,"44":15,"45":16,"46":17,"47":18,"48":19,"49":20,"50":21,"51":22,"52":23,"53":24,"54":25,"55":26,"56":27,"57":28,"58":29,"59":30,"60":31,"61":32,"62":33,"63":34,"64":35,"65":36,"66":37,"67":38,"68":39,"69":40,"70":41,"71":42,"72":43,"73":44,"74":45,"75":46,"76":47,"77":48,"78":49,"79":50,"80":51,"81":52,"82":53,"83":54,"84":55,"85":56,"86":57,"87":58,"88":59,"89":60,"90":61,"91":62,"92":63,"93":64,"94":65,"95":66,"96":67,"97":68,"98":69,"99":70,"100":71,"101":72,"102":73,"103":74,"104":75,"105":76,"106":77,"107":78,"108":79,"109":80,"110":81,"111":82,"112":83,"113":84,"114":85,"115":86,"116":87,"117":88,"118":89,"119":90,"120":91,"121":92,"122":93,"123":94,"124":95,"125":96,"126":97,"160":98,"161":99,"162":100,"163":101,"164":102,"165":103,"166":104,"167":105,"168":106,"169":107,"170":108,"171":109,"172":110,"174":111,"175":112,"176":113,"177":114,"178":115,"179":116,"180":117,"182":119,"183":120,"184":121,"185":122,"186":123,"187":124,"188":125,"189":126,"190":127,"191":128,"192":129,"193":130,"194":131,"195":132,"196":133,"197":134,"198":135,"199":136,"200":137,"201":138,"202":139,"203":140,"204":141,"205":142,"206":143,"207":144,"208":145,"209":146,"210":147,"211":148,"212":149,"213":150,"214":151,"215":152,"216":153,"217":154,"218":155,"219":156,"220":157,"221":158,"222":159,"223":160,"224":161,"225":162,"226":163,"227":164,"228":165,"229":166,"230":167,"231":168,"232":169,"233":170,"234":171,"235":172,"236":173,"237":174,"238":175,"239":176,"240":177,"241":178,"242":179,"243":180,"244":181,"245":182,"246":183,"247":184,"248":185,"249":186,"250":187,"251":188,"252":189,"253":190,"254":191,"255":192,"305":222,"321":220,"322":223,"338":221,"339":224,"352":225,"353":226,"376":246,"381":227,"382":228,"402":196,"710":211,"711":218,"728":213,"729":214,"730":215,"731":217,"732":212,"733":216,"916":244,"937":241,"956":118,"960":239,"8211":202,"8212":219,"8216":194,"8217":193,"8218":206,"8220":197,"8221":208,"8222":207,"8224":203,"8225":204,"8226":205,"8230":209,"8240":210,"8249":198,"8250":199,"8260":195,"8482":231,"8706":236,"8719":238,"8721":237,"8722":230,"8730":242,"8734":233,"8747":240,"8776":243,"8800":232,"8804":234,"8805":235,"9674":245,"64257":200,"64258":201},"Reserves":{"fontname":"Engine Bold"},"Names":{"Engine Bold":{"name":"Engine Bold","longitude":"0.00000001","latitude":"0.00000001","country":"","region":"","city":""}},"Nodes":{"en":{"type":"typal","node":"en","usage":1,"weight":1},"ne":{"type":"typal","node":"ne","usage":1,"weight":1},"bo":{"type":"typal","node":"bo","usage":1,"weight":1},"ld":{"type":"typal","node":"ld","usage":1,"weight":1},"eng":{"type":"typal","node":"eng","usage":1,"weight":1},"ine":{"type":"typal","node":"ine","usage":1,"weight":1},"bol":{"type":"typal","node":"bol","usage":1,"weight":1},"old":{"type":"typal","node":"old","usage":1,"weight":1},"engi":{"type":"keys","node":"engi","usage":1,"weight":1},"gine":{"type":"keys","node":"gine","usage":1,"weight":1},"engin":{"type":"keys","node":"engin","usage":1,"weight":1},"ngine":{"type":"keys","node":"ngine","usage":1,"weight":1},"engine":{"type":"fixes","node":"engine","usage":1,"weight":1},"bold":{"type":"fixes","node":"bold","usage":1,"weight":1}},"Contributors":[],"FontIdentity":"wagovau:30c45ad03780d721ba5bb82e","Bytes":null,"Networking":[],"barcode":"aumiyci2kiyqw","referee":"OKeOeymA"}