{"CSS":{"BoyzClubSSK":"BoyzClubSSK.css"},"FontType":"TrueType","FontCopyright":"Copyright 1993 Southern Software, Inc. All Rights Reserved","FontName":"BoyzClubSSK","FontSubfamily":"Book","FontSubfamilyID":"FontForge 2.0 : BoyzClubSSK : 29-8-2016","FontFullName":"Boyz Club SSK","FontVersion":"Version Macromedia Fontograp ","FontWeight":null,"FontPostscriptName":"BoyzClubSSK","Files":{"boyzclubssk.afm":"boyzclubssk.afm","boyzclubssk.bin":"boyzclubssk.bin","boyzclubssk.cef":"boyzclubssk.cef","boyzclubssk.cff":"boyzclubssk.cff","boyzclubssk.cid":"boyzclubssk.cid","boyzclubssk.dfont":"boyzclubssk.dfont","boyzclubssk.eot":"boyzclubssk.eot","boyzclubssk.fon":"boyzclubssk.fon","boyzclubssk.gai":"boyzclubssk.gai","boyzclubssk.gsf":"boyzclubssk.gsf","boyzclubssk.hqx":"boyzclubssk.hqx","boyzclubssk.ik":"boyzclubssk.ik","boyzclubssk.mf":"boyzclubssk.mf","boyzclubssk.otf":"boyzclubssk.otf","boyzclubssk.pcf":"boyzclubssk.pcf","boyzclubssk.pf3":"boyzclubssk.pf3","boyzclubssk.pfa":"boyzclubssk.pfa","boyzclubssk.pfb":"boyzclubssk.pfb","boyzclubssk.php":"boyzclubssk.php","boyzclubssk.pmf":"boyzclubssk.pmf","boyzclubssk.pt3":"boyzclubssk.pt3","boyzclubssk.sfd":"boyzclubssk.sfd","boyzclubssk.svg":"boyzclubssk.svg","boyzclubssk.t42":"boyzclubssk.t42","boyzclubssk.ttd":"boyzclubssk.ttd","boyzclubssk.ttf":"boyzclubssk.ttf","boyzclubssk.ttg":"boyzclubssk.ttg","boyzclubssk.ufm":"boyzclubssk.ufm","boyzclubssk.woff":"boyzclubssk.woff","boyzclubssk.z":"boyzclubssk.z","":{"boyzclubssk.afm":"boyzclubssk.afm","boyzclubssk.bin":"boyzclubssk.bin","boyzclubssk.cef":"boyzclubssk.cef","boyzclubssk.cff":"boyzclubssk.cff","boyzclubssk.cid":"boyzclubssk.cid","boyzclubssk.dfont":"boyzclubssk.dfont","boyzclubssk.eot":"boyzclubssk.eot","boyzclubssk.fon":"boyzclubssk.fon","boyzclubssk.gai":"boyzclubssk.gai","boyzclubssk.gsf":"boyzclubssk.gsf","boyzclubssk.hqx":"boyzclubssk.hqx","boyzclubssk.ik":"boyzclubssk.ik","boyzclubssk.mf":"boyzclubssk.mf","boyzclubssk.otf":"boyzclubssk.otf","boyzclubssk.pcf":"boyzclubssk.pcf","boyzclubssk.pf3":"boyzclubssk.pf3","boyzclubssk.pfa":"boyzclubssk.pfa","boyzclubssk.pfb":"boyzclubssk.pfb","boyzclubssk.php":"boyzclubssk.php","boyzclubssk.pmf":"boyzclubssk.pmf","boyzclubssk.pt3":"boyzclubssk.pt3","boyzclubssk.sfd":"boyzclubssk.sfd","boyzclubssk.svg":"boyzclubssk.svg","boyzclubssk.t42":"boyzclubssk.t42","boyzclubssk.ttd":"boyzclubssk.ttd","boyzclubssk.ttf":"boyzclubssk.ttf","boyzclubssk.ttg":"boyzclubssk.ttg","boyzclubssk.ufm":"boyzclubssk.ufm","boyzclubssk.woff":"boyzclubssk.woff","boyzclubssk.z":"boyzclubssk.z"},"\/boyzclubssk.ufo":{"feature.fea":"feature.fea","fontinfo.plist":"fontinfo.plist","groups.plist":"groups.plist","kerning.plist":"kerning.plist","metainfo.plist":"metainfo.plist"},"\/boyzclubssk.ufo\/glyphs":{"A_.glif":"A_.glif","A_acute.glif":"A_acute.glif","A_circumflex.glif":"A_circumflex.glif","A_dieresis.glif":"A_dieresis.glif","A_grave.glif":"A_grave.glif","A_ring.glif":"A_ring.glif","A_tilde.glif":"A_tilde.glif","B_.glif":"B_.glif","C_.glif":"C_.glif","C_cedilla.glif":"C_cedilla.glif","D_.glif":"D_.glif","D_elta.glif":"D_elta.glif","E_.glif":"E_.glif","E_acute.glif":"E_acute.glif","E_circumflex.glif":"E_circumflex.glif","E_dieresis.glif":"E_dieresis.glif","E_grave.glif":"E_grave.glif","F_.glif":"F_.glif","G_.glif":"G_.glif","H_.glif":"H_.glif","I_.glif":"I_.glif","I_circumflex.glif":"I_circumflex.glif","I_dieresis.glif":"I_dieresis.glif","J_.glif":"J_.glif","K_.glif":"K_.glif","L_.glif":"L_.glif","M_.glif":"M_.glif","N_.glif":"N_.glif","N_tilde.glif":"N_tilde.glif","O_.glif":"O_.glif","O_acute.glif":"O_acute.glif","O_circumflex.glif":"O_circumflex.glif","O_mega.glif":"O_mega.glif","O_tilde.glif":"O_tilde.glif","P_.glif":"P_.glif","Q_.glif":"Q_.glif","R_.glif":"R_.glif","S_.glif":"S_.glif","T_.glif":"T_.glif","U_.glif":"U_.glif","U_acute.glif":"U_acute.glif","U_circumflex.glif":"U_circumflex.glif","U_grave.glif":"U_grave.glif","V_.glif":"V_.glif","W_.glif":"W_.glif","X_.glif":"X_.glif","Y_.glif":"Y_.glif","Z_.glif":"Z_.glif","_notdef.glif":"_notdef.glif","_null.glif":"_null.glif","a.glif":"a.glif","aacute.glif":"aacute.glif","acircumflex.glif":"acircumflex.glif","adieresis.glif":"adieresis.glif","agrave.glif":"agrave.glif","ampersand.glif":"ampersand.glif","approxequal.glif":"approxequal.glif","aring.glif":"aring.glif","atilde.glif":"atilde.glif","b.glif":"b.glif","bullet.glif":"bullet.glif","c.glif":"c.glif","ccedilla.glif":"ccedilla.glif","colon.glif":"colon.glif","comma.glif":"comma.glif","contents.plist":"contents.plist","d.glif":"d.glif","divide.glif":"divide.glif","dollar.glif":"dollar.glif","e.glif":"e.glif","eacute.glif":"eacute.glif","ecircumflex.glif":"ecircumflex.glif","edieresis.glif":"edieresis.glif","egrave.glif":"egrave.glif","eight.glif":"eight.glif","ellipsis.glif":"ellipsis.glif","emdash.glif":"emdash.glif","endash.glif":"endash.glif","exclam.glif":"exclam.glif","f.glif":"f.glif","five.glif":"five.glif","four.glif":"four.glif","g.glif":"g.glif","glyph153.glif":"glyph153.glif","greaterequal.glif":"greaterequal.glif","h.glif":"h.glif","hyphen.glif":"hyphen.glif","i.glif":"i.glif","iacute.glif":"iacute.glif","icircumflex.glif":"icircumflex.glif","idieresis.glif":"idieresis.glif","igrave.glif":"igrave.glif","infinity.glif":"infinity.glif","integral.glif":"integral.glif","j.glif":"j.glif","k.glif":"k.glif","l.glif":"l.glif","lessequal.glif":"lessequal.glif","lozenge.glif":"lozenge.glif","m.glif":"m.glif","mu.glif":"mu.glif","n.glif":"n.glif","nine.glif":"nine.glif","nonbreakingspace.glif":"nonbreakingspace.glif","nonmarkingreturn.glif":"nonmarkingreturn.glif","notequal.glif":"notequal.glif","ntilde.glif":"ntilde.glif","o.glif":"o.glif","oacute.glif":"oacute.glif","ocircumflex.glif":"ocircumflex.glif","odieresis.glif":"odieresis.glif","ograve.glif":"ograve.glif","one.glif":"one.glif","otilde.glif":"otilde.glif","p.glif":"p.glif","parenleft.glif":"parenleft.glif","parenright.glif":"parenright.glif","partialdiff.glif":"partialdiff.glif","percent.glif":"percent.glif","period.glif":"period.glif","pi.glif":"pi.glif","plusminus.glif":"plusminus.glif","product.glif":"product.glif","q.glif":"q.glif","question.glif":"question.glif","quotedbl.glif":"quotedbl.glif","quotedblleft.glif":"quotedblleft.glif","quotedblright.glif":"quotedblright.glif","quoteleft.glif":"quoteleft.glif","quoteright.glif":"quoteright.glif","quotesingle.glif":"quotesingle.glif","r.glif":"r.glif","radical.glif":"radical.glif","s.glif":"s.glif","semicolon.glif":"semicolon.glif","seven.glif":"seven.glif","six.glif":"six.glif","slash.glif":"slash.glif","space.glif":"space.glif","summation.glif":"summation.glif","t.glif":"t.glif","three.glif":"three.glif","two.glif":"two.glif","u.glif":"u.glif","uacute.glif":"uacute.glif","ucircumflex.glif":"ucircumflex.glif","udieresis.glif":"udieresis.glif","ugrave.glif":"ugrave.glif","v.glif":"v.glif","w.glif":"w.glif","x.glif":"x.glif","y.glif":"y.glif","ydieresis.glif":"ydieresis.glif","z.glif":"z.glif","zero.glif":"zero.glif"}},"Font":{"uploaded":1472419188.2553,"licence":"gpl3","company":"Chronolabs Cooperative","title":"Boyz Club SSK","version":2.001,"date":"Sun Aug 28 08:04:25 2016","creator":"root","type":"1","matrix":"0.001 0 0 0.001 0 0","named":"BoyzClubSSK","painttype":"0","info":"10 dict dup","name":"BoyzClubSSK","family":"BoyzClubSSK","weight":"Book","fstype":"1","italicangle":"0","underlineposition":"","underlinethickness":""},"Table":{"FFTM":{"entryLength":16,"tag":"FFTM","checksum":1947017380,"offset":16596,"length":28},"GDEF":{"entryLength":16,"tag":"GDEF","checksum":13041668,"offset":16564,"length":32},"OS\/2":{"entryLength":16,"tag":"OS\/2","checksum":1996227842,"offset":344,"length":86},"cmap":{"entryLength":16,"tag":"cmap","checksum":4158419371,"offset":1048,"length":634},"gasp":{"entryLength":16,"tag":"gasp","checksum":4294901763,"offset":16556,"length":8},"glyf":{"entryLength":16,"tag":"glyf","checksum":3322544553,"offset":1996,"length":13524},"head":{"entryLength":16,"tag":"head","checksum":171665690,"offset":220,"length":54},"hhea":{"entryLength":16,"tag":"hhea","checksum":121176777,"offset":276,"length":36},"hmtx":{"entryLength":16,"tag":"hmtx","checksum":686360861,"offset":432,"length":616},"loca":{"entryLength":16,"tag":"loca","checksum":3619474168,"offset":1684,"length":310},"maxp":{"entryLength":16,"tag":"maxp","checksum":14745702,"offset":312,"length":32},"name":{"entryLength":16,"tag":"name","checksum":151881467,"offset":15520,"length":684},"post":{"entryLength":16,"tag":"post","checksum":3147679833,"offset":16204,"length":351}},"UnicodeCharMap":{"0":1,"13":2,"32":3,"33":4,"34":5,"36":6,"37":7,"38":8,"39":9,"40":10,"41":11,"44":12,"45":13,"46":14,"47":15,"48":16,"49":17,"50":18,"51":19,"52":20,"53":21,"54":22,"55":23,"56":24,"57":25,"58":26,"59":27,"63":28,"65":29,"66":30,"67":31,"68":32,"69":33,"70":34,"71":35,"72":36,"73":37,"74":38,"75":39,"76":40,"77":41,"78":42,"79":43,"80":44,"81":45,"82":46,"83":47,"84":48,"85":49,"86":50,"87":51,"88":52,"89":53,"90":54,"97":55,"98":56,"99":57,"100":58,"101":59,"102":60,"103":61,"104":62,"105":63,"106":64,"107":65,"108":66,"109":67,"110":68,"111":69,"112":70,"113":71,"114":72,"115":73,"116":74,"117":75,"118":76,"119":77,"120":78,"121":79,"122":80,"160":81,"177":82,"192":84,"193":85,"194":86,"195":87,"196":88,"197":89,"199":90,"200":91,"201":92,"202":93,"203":94,"206":95,"207":96,"209":97,"211":98,"212":99,"213":100,"217":101,"218":102,"219":103,"224":104,"225":105,"226":106,"227":107,"228":108,"229":109,"231":110,"232":111,"233":112,"234":113,"235":114,"236":115,"237":116,"238":117,"239":118,"241":119,"242":120,"243":121,"244":122,"245":123,"246":124,"247":125,"249":126,"250":127,"251":128,"252":129,"255":130,"916":151,"937":148,"956":83,"960":146,"8211":133,"8212":134,"8216":137,"8217":138,"8220":135,"8221":136,"8226":131,"8230":132,"8706":143,"8719":145,"8721":144,"8730":149,"8734":140,"8747":147,"8776":150,"8800":139,"8804":141,"8805":142,"9674":152},"Reserves":null,"Names":[],"Nodes":{"bo":{"type":"typal","node":"bo","usage":1,"weight":1},"yz":{"type":"typal","node":"yz","usage":1,"weight":1},"cl":{"type":"typal","node":"cl","usage":1,"weight":1},"ub":{"type":"typal","node":"ub","usage":1,"weight":1},"ss":{"type":"typal","node":"ss","usage":1,"weight":1},"sk":{"type":"typal","node":"sk","usage":1,"weight":1},"boy":{"type":"typal","node":"boy","usage":1,"weight":1},"oyz":{"type":"typal","node":"oyz","usage":1,"weight":1},"clu":{"type":"typal","node":"clu","usage":1,"weight":1},"lub":{"type":"typal","node":"lub","usage":1,"weight":1},"boyz":{"type":"fixes","node":"boyz","usage":1,"weight":1},"club":{"type":"fixes","node":"club","usage":1,"weight":1},"ssk":{"type":"fixes","node":"ssk","usage":1,"weight":1}},"Contributors":[],"FontIdentity":"f668583289f515e2da7b409cf23e4943","Bytes":1921668,"Networking":[],"barcode":"8qeumq875kqw3","referee":"OaKCGG"}