{"CSS":{"Plakatbau":"Plakatbau.css"},"FontType":"TrueType","FontCopyright":"Plakatbau based on 3bauhaus-typos. for the use on mac Lopetz95:bu:ro destruct (c)copyright bu:ro destruct","FontName":"Plakatbau","FontSubfamily":"Book","FontSubfamilyID":"FontForge 2.0 : Plakatbau : 23-10-2016","FontFullName":"Plakatbau","FontVersion":"Version Macromedia Fontograp ","FontWeight":null,"FontPostscriptName":"Plakatbau","Files":{"\/fonts\/Unpacking\/d83430bdd02b15e2e76f0074f0b6eb77ad4a548d\/plakatbau.afm":"\/fonts\/Unpacking\/d83430bdd02b15e2e76f0074f0b6eb77ad4a548d\/plakatbau.afm","\/fonts\/Unpacking\/d83430bdd02b15e2e76f0074f0b6eb77ad4a548d\/plakatbau.bin":"\/fonts\/Unpacking\/d83430bdd02b15e2e76f0074f0b6eb77ad4a548d\/plakatbau.bin","\/fonts\/Unpacking\/d83430bdd02b15e2e76f0074f0b6eb77ad4a548d\/plakatbau.cef":"\/fonts\/Unpacking\/d83430bdd02b15e2e76f0074f0b6eb77ad4a548d\/plakatbau.cef","\/fonts\/Unpacking\/d83430bdd02b15e2e76f0074f0b6eb77ad4a548d\/plakatbau.cff":"\/fonts\/Unpacking\/d83430bdd02b15e2e76f0074f0b6eb77ad4a548d\/plakatbau.cff","\/fonts\/Unpacking\/d83430bdd02b15e2e76f0074f0b6eb77ad4a548d\/plakatbau.cid":"\/fonts\/Unpacking\/d83430bdd02b15e2e76f0074f0b6eb77ad4a548d\/plakatbau.cid","\/fonts\/Unpacking\/d83430bdd02b15e2e76f0074f0b6eb77ad4a548d\/plakatbau.dfont":"\/fonts\/Unpacking\/d83430bdd02b15e2e76f0074f0b6eb77ad4a548d\/plakatbau.dfont","\/fonts\/Unpacking\/d83430bdd02b15e2e76f0074f0b6eb77ad4a548d\/plakatbau.eot":"\/fonts\/Unpacking\/d83430bdd02b15e2e76f0074f0b6eb77ad4a548d\/plakatbau.eot","\/fonts\/Unpacking\/d83430bdd02b15e2e76f0074f0b6eb77ad4a548d\/plakatbau.fon":"\/fonts\/Unpacking\/d83430bdd02b15e2e76f0074f0b6eb77ad4a548d\/plakatbau.fon","\/fonts\/Unpacking\/d83430bdd02b15e2e76f0074f0b6eb77ad4a548d\/plakatbau.gai":"\/fonts\/Unpacking\/d83430bdd02b15e2e76f0074f0b6eb77ad4a548d\/plakatbau.gai","\/fonts\/Unpacking\/d83430bdd02b15e2e76f0074f0b6eb77ad4a548d\/plakatbau.gsf":"\/fonts\/Unpacking\/d83430bdd02b15e2e76f0074f0b6eb77ad4a548d\/plakatbau.gsf","\/fonts\/Unpacking\/d83430bdd02b15e2e76f0074f0b6eb77ad4a548d\/plakatbau.hqx":"\/fonts\/Unpacking\/d83430bdd02b15e2e76f0074f0b6eb77ad4a548d\/plakatbau.hqx","\/fonts\/Unpacking\/d83430bdd02b15e2e76f0074f0b6eb77ad4a548d\/plakatbau.ik":"\/fonts\/Unpacking\/d83430bdd02b15e2e76f0074f0b6eb77ad4a548d\/plakatbau.ik","\/fonts\/Unpacking\/d83430bdd02b15e2e76f0074f0b6eb77ad4a548d\/plakatbau.mf":"\/fonts\/Unpacking\/d83430bdd02b15e2e76f0074f0b6eb77ad4a548d\/plakatbau.mf","\/fonts\/Unpacking\/d83430bdd02b15e2e76f0074f0b6eb77ad4a548d\/plakatbau.otf":"\/fonts\/Unpacking\/d83430bdd02b15e2e76f0074f0b6eb77ad4a548d\/plakatbau.otf","\/fonts\/Unpacking\/d83430bdd02b15e2e76f0074f0b6eb77ad4a548d\/plakatbau.pcf":"\/fonts\/Unpacking\/d83430bdd02b15e2e76f0074f0b6eb77ad4a548d\/plakatbau.pcf","\/fonts\/Unpacking\/d83430bdd02b15e2e76f0074f0b6eb77ad4a548d\/plakatbau.pf3":"\/fonts\/Unpacking\/d83430bdd02b15e2e76f0074f0b6eb77ad4a548d\/plakatbau.pf3","\/fonts\/Unpacking\/d83430bdd02b15e2e76f0074f0b6eb77ad4a548d\/plakatbau.pfa":"\/fonts\/Unpacking\/d83430bdd02b15e2e76f0074f0b6eb77ad4a548d\/plakatbau.pfa","\/fonts\/Unpacking\/d83430bdd02b15e2e76f0074f0b6eb77ad4a548d\/plakatbau.pfb":"\/fonts\/Unpacking\/d83430bdd02b15e2e76f0074f0b6eb77ad4a548d\/plakatbau.pfb","\/fonts\/Unpacking\/d83430bdd02b15e2e76f0074f0b6eb77ad4a548d\/plakatbau.php":"\/fonts\/Unpacking\/d83430bdd02b15e2e76f0074f0b6eb77ad4a548d\/plakatbau.php","\/fonts\/Unpacking\/d83430bdd02b15e2e76f0074f0b6eb77ad4a548d\/plakatbau.pmf":"\/fonts\/Unpacking\/d83430bdd02b15e2e76f0074f0b6eb77ad4a548d\/plakatbau.pmf","\/fonts\/Unpacking\/d83430bdd02b15e2e76f0074f0b6eb77ad4a548d\/plakatbau.pt3":"\/fonts\/Unpacking\/d83430bdd02b15e2e76f0074f0b6eb77ad4a548d\/plakatbau.pt3","\/fonts\/Unpacking\/d83430bdd02b15e2e76f0074f0b6eb77ad4a548d\/plakatbau.sfd":"\/fonts\/Unpacking\/d83430bdd02b15e2e76f0074f0b6eb77ad4a548d\/plakatbau.sfd","\/fonts\/Unpacking\/d83430bdd02b15e2e76f0074f0b6eb77ad4a548d\/plakatbau.svg":"\/fonts\/Unpacking\/d83430bdd02b15e2e76f0074f0b6eb77ad4a548d\/plakatbau.svg","\/fonts\/Unpacking\/d83430bdd02b15e2e76f0074f0b6eb77ad4a548d\/plakatbau.t42":"\/fonts\/Unpacking\/d83430bdd02b15e2e76f0074f0b6eb77ad4a548d\/plakatbau.t42","\/fonts\/Unpacking\/d83430bdd02b15e2e76f0074f0b6eb77ad4a548d\/plakatbau.ttd":"\/fonts\/Unpacking\/d83430bdd02b15e2e76f0074f0b6eb77ad4a548d\/plakatbau.ttd","\/fonts\/Unpacking\/d83430bdd02b15e2e76f0074f0b6eb77ad4a548d\/plakatbau.ttf":"\/fonts\/Unpacking\/d83430bdd02b15e2e76f0074f0b6eb77ad4a548d\/plakatbau.ttf","\/fonts\/Unpacking\/d83430bdd02b15e2e76f0074f0b6eb77ad4a548d\/plakatbau.ttg":"\/fonts\/Unpacking\/d83430bdd02b15e2e76f0074f0b6eb77ad4a548d\/plakatbau.ttg","\/fonts\/Unpacking\/d83430bdd02b15e2e76f0074f0b6eb77ad4a548d\/plakatbau.ufm":"\/fonts\/Unpacking\/d83430bdd02b15e2e76f0074f0b6eb77ad4a548d\/plakatbau.ufm","\/fonts\/Unpacking\/d83430bdd02b15e2e76f0074f0b6eb77ad4a548d\/plakatbau.woff":"\/fonts\/Unpacking\/d83430bdd02b15e2e76f0074f0b6eb77ad4a548d\/plakatbau.woff","\/fonts\/Unpacking\/d83430bdd02b15e2e76f0074f0b6eb77ad4a548d\/plakatbau.z":"\/fonts\/Unpacking\/d83430bdd02b15e2e76f0074f0b6eb77ad4a548d\/plakatbau.z","\/fonts\/Unpacking\/d83430bdd02b15e2e76f0074f0b6eb77ad4a548d\/plakatbau.ufo\/feature.fea":"\/fonts\/Unpacking\/d83430bdd02b15e2e76f0074f0b6eb77ad4a548d\/plakatbau.ufo\/feature.fea","\/fonts\/Unpacking\/d83430bdd02b15e2e76f0074f0b6eb77ad4a548d\/plakatbau.ufo\/fontinfo.plist":"\/fonts\/Unpacking\/d83430bdd02b15e2e76f0074f0b6eb77ad4a548d\/plakatbau.ufo\/fontinfo.plist","\/fonts\/Unpacking\/d83430bdd02b15e2e76f0074f0b6eb77ad4a548d\/plakatbau.ufo\/groups.plist":"\/fonts\/Unpacking\/d83430bdd02b15e2e76f0074f0b6eb77ad4a548d\/plakatbau.ufo\/groups.plist","\/fonts\/Unpacking\/d83430bdd02b15e2e76f0074f0b6eb77ad4a548d\/plakatbau.ufo\/kerning.plist":"\/fonts\/Unpacking\/d83430bdd02b15e2e76f0074f0b6eb77ad4a548d\/plakatbau.ufo\/kerning.plist","\/fonts\/Unpacking\/d83430bdd02b15e2e76f0074f0b6eb77ad4a548d\/plakatbau.ufo\/metainfo.plist":"\/fonts\/Unpacking\/d83430bdd02b15e2e76f0074f0b6eb77ad4a548d\/plakatbau.ufo\/metainfo.plist","\/fonts\/Unpacking\/d83430bdd02b15e2e76f0074f0b6eb77ad4a548d\/plakatbau.ufo\/glyphs\/A_.glif":"\/fonts\/Unpacking\/d83430bdd02b15e2e76f0074f0b6eb77ad4a548d\/plakatbau.ufo\/glyphs\/A_.glif","\/fonts\/Unpacking\/d83430bdd02b15e2e76f0074f0b6eb77ad4a548d\/plakatbau.ufo\/glyphs\/A_dieresis.glif":"\/fonts\/Unpacking\/d83430bdd02b15e2e76f0074f0b6eb77ad4a548d\/plakatbau.ufo\/glyphs\/A_dieresis.glif","\/fonts\/Unpacking\/d83430bdd02b15e2e76f0074f0b6eb77ad4a548d\/plakatbau.ufo\/glyphs\/B_.glif":"\/fonts\/Unpacking\/d83430bdd02b15e2e76f0074f0b6eb77ad4a548d\/plakatbau.ufo\/glyphs\/B_.glif","\/fonts\/Unpacking\/d83430bdd02b15e2e76f0074f0b6eb77ad4a548d\/plakatbau.ufo\/glyphs\/C_.glif":"\/fonts\/Unpacking\/d83430bdd02b15e2e76f0074f0b6eb77ad4a548d\/plakatbau.ufo\/glyphs\/C_.glif","\/fonts\/Unpacking\/d83430bdd02b15e2e76f0074f0b6eb77ad4a548d\/plakatbau.ufo\/glyphs\/D_.glif":"\/fonts\/Unpacking\/d83430bdd02b15e2e76f0074f0b6eb77ad4a548d\/plakatbau.ufo\/glyphs\/D_.glif","\/fonts\/Unpacking\/d83430bdd02b15e2e76f0074f0b6eb77ad4a548d\/plakatbau.ufo\/glyphs\/E_.glif":"\/fonts\/Unpacking\/d83430bdd02b15e2e76f0074f0b6eb77ad4a548d\/plakatbau.ufo\/glyphs\/E_.glif","\/fonts\/Unpacking\/d83430bdd02b15e2e76f0074f0b6eb77ad4a548d\/plakatbau.ufo\/glyphs\/F_.glif":"\/fonts\/Unpacking\/d83430bdd02b15e2e76f0074f0b6eb77ad4a548d\/plakatbau.ufo\/glyphs\/F_.glif","\/fonts\/Unpacking\/d83430bdd02b15e2e76f0074f0b6eb77ad4a548d\/plakatbau.ufo\/glyphs\/G_.glif":"\/fonts\/Unpacking\/d83430bdd02b15e2e76f0074f0b6eb77ad4a548d\/plakatbau.ufo\/glyphs\/G_.glif","\/fonts\/Unpacking\/d83430bdd02b15e2e76f0074f0b6eb77ad4a548d\/plakatbau.ufo\/glyphs\/H_.glif":"\/fonts\/Unpacking\/d83430bdd02b15e2e76f0074f0b6eb77ad4a548d\/plakatbau.ufo\/glyphs\/H_.glif","\/fonts\/Unpacking\/d83430bdd02b15e2e76f0074f0b6eb77ad4a548d\/plakatbau.ufo\/glyphs\/I_.glif":"\/fonts\/Unpacking\/d83430bdd02b15e2e76f0074f0b6eb77ad4a548d\/plakatbau.ufo\/glyphs\/I_.glif","\/fonts\/Unpacking\/d83430bdd02b15e2e76f0074f0b6eb77ad4a548d\/plakatbau.ufo\/glyphs\/J_.glif":"\/fonts\/Unpacking\/d83430bdd02b15e2e76f0074f0b6eb77ad4a548d\/plakatbau.ufo\/glyphs\/J_.glif","\/fonts\/Unpacking\/d83430bdd02b15e2e76f0074f0b6eb77ad4a548d\/plakatbau.ufo\/glyphs\/K_.glif":"\/fonts\/Unpacking\/d83430bdd02b15e2e76f0074f0b6eb77ad4a548d\/plakatbau.ufo\/glyphs\/K_.glif","\/fonts\/Unpacking\/d83430bdd02b15e2e76f0074f0b6eb77ad4a548d\/plakatbau.ufo\/glyphs\/L_.glif":"\/fonts\/Unpacking\/d83430bdd02b15e2e76f0074f0b6eb77ad4a548d\/plakatbau.ufo\/glyphs\/L_.glif","\/fonts\/Unpacking\/d83430bdd02b15e2e76f0074f0b6eb77ad4a548d\/plakatbau.ufo\/glyphs\/M_.glif":"\/fonts\/Unpacking\/d83430bdd02b15e2e76f0074f0b6eb77ad4a548d\/plakatbau.ufo\/glyphs\/M_.glif","\/fonts\/Unpacking\/d83430bdd02b15e2e76f0074f0b6eb77ad4a548d\/plakatbau.ufo\/glyphs\/N_.glif":"\/fonts\/Unpacking\/d83430bdd02b15e2e76f0074f0b6eb77ad4a548d\/plakatbau.ufo\/glyphs\/N_.glif","\/fonts\/Unpacking\/d83430bdd02b15e2e76f0074f0b6eb77ad4a548d\/plakatbau.ufo\/glyphs\/O_.glif":"\/fonts\/Unpacking\/d83430bdd02b15e2e76f0074f0b6eb77ad4a548d\/plakatbau.ufo\/glyphs\/O_.glif","\/fonts\/Unpacking\/d83430bdd02b15e2e76f0074f0b6eb77ad4a548d\/plakatbau.ufo\/glyphs\/O_dieresis.glif":"\/fonts\/Unpacking\/d83430bdd02b15e2e76f0074f0b6eb77ad4a548d\/plakatbau.ufo\/glyphs\/O_dieresis.glif","\/fonts\/Unpacking\/d83430bdd02b15e2e76f0074f0b6eb77ad4a548d\/plakatbau.ufo\/glyphs\/P_.glif":"\/fonts\/Unpacking\/d83430bdd02b15e2e76f0074f0b6eb77ad4a548d\/plakatbau.ufo\/glyphs\/P_.glif","\/fonts\/Unpacking\/d83430bdd02b15e2e76f0074f0b6eb77ad4a548d\/plakatbau.ufo\/glyphs\/Q_.glif":"\/fonts\/Unpacking\/d83430bdd02b15e2e76f0074f0b6eb77ad4a548d\/plakatbau.ufo\/glyphs\/Q_.glif","\/fonts\/Unpacking\/d83430bdd02b15e2e76f0074f0b6eb77ad4a548d\/plakatbau.ufo\/glyphs\/R_.glif":"\/fonts\/Unpacking\/d83430bdd02b15e2e76f0074f0b6eb77ad4a548d\/plakatbau.ufo\/glyphs\/R_.glif","\/fonts\/Unpacking\/d83430bdd02b15e2e76f0074f0b6eb77ad4a548d\/plakatbau.ufo\/glyphs\/S_.glif":"\/fonts\/Unpacking\/d83430bdd02b15e2e76f0074f0b6eb77ad4a548d\/plakatbau.ufo\/glyphs\/S_.glif","\/fonts\/Unpacking\/d83430bdd02b15e2e76f0074f0b6eb77ad4a548d\/plakatbau.ufo\/glyphs\/T_.glif":"\/fonts\/Unpacking\/d83430bdd02b15e2e76f0074f0b6eb77ad4a548d\/plakatbau.ufo\/glyphs\/T_.glif","\/fonts\/Unpacking\/d83430bdd02b15e2e76f0074f0b6eb77ad4a548d\/plakatbau.ufo\/glyphs\/U_.glif":"\/fonts\/Unpacking\/d83430bdd02b15e2e76f0074f0b6eb77ad4a548d\/plakatbau.ufo\/glyphs\/U_.glif","\/fonts\/Unpacking\/d83430bdd02b15e2e76f0074f0b6eb77ad4a548d\/plakatbau.ufo\/glyphs\/U_dieresis.glif":"\/fonts\/Unpacking\/d83430bdd02b15e2e76f0074f0b6eb77ad4a548d\/plakatbau.ufo\/glyphs\/U_dieresis.glif","\/fonts\/Unpacking\/d83430bdd02b15e2e76f0074f0b6eb77ad4a548d\/plakatbau.ufo\/glyphs\/V_.glif":"\/fonts\/Unpacking\/d83430bdd02b15e2e76f0074f0b6eb77ad4a548d\/plakatbau.ufo\/glyphs\/V_.glif","\/fonts\/Unpacking\/d83430bdd02b15e2e76f0074f0b6eb77ad4a548d\/plakatbau.ufo\/glyphs\/W_.glif":"\/fonts\/Unpacking\/d83430bdd02b15e2e76f0074f0b6eb77ad4a548d\/plakatbau.ufo\/glyphs\/W_.glif","\/fonts\/Unpacking\/d83430bdd02b15e2e76f0074f0b6eb77ad4a548d\/plakatbau.ufo\/glyphs\/X_.glif":"\/fonts\/Unpacking\/d83430bdd02b15e2e76f0074f0b6eb77ad4a548d\/plakatbau.ufo\/glyphs\/X_.glif","\/fonts\/Unpacking\/d83430bdd02b15e2e76f0074f0b6eb77ad4a548d\/plakatbau.ufo\/glyphs\/Y_.glif":"\/fonts\/Unpacking\/d83430bdd02b15e2e76f0074f0b6eb77ad4a548d\/plakatbau.ufo\/glyphs\/Y_.glif","\/fonts\/Unpacking\/d83430bdd02b15e2e76f0074f0b6eb77ad4a548d\/plakatbau.ufo\/glyphs\/Z_.glif":"\/fonts\/Unpacking\/d83430bdd02b15e2e76f0074f0b6eb77ad4a548d\/plakatbau.ufo\/glyphs\/Z_.glif","\/fonts\/Unpacking\/d83430bdd02b15e2e76f0074f0b6eb77ad4a548d\/plakatbau.ufo\/glyphs\/_notdef.glif":"\/fonts\/Unpacking\/d83430bdd02b15e2e76f0074f0b6eb77ad4a548d\/plakatbau.ufo\/glyphs\/_notdef.glif","\/fonts\/Unpacking\/d83430bdd02b15e2e76f0074f0b6eb77ad4a548d\/plakatbau.ufo\/glyphs\/_null.glif":"\/fonts\/Unpacking\/d83430bdd02b15e2e76f0074f0b6eb77ad4a548d\/plakatbau.ufo\/glyphs\/_null.glif","\/fonts\/Unpacking\/d83430bdd02b15e2e76f0074f0b6eb77ad4a548d\/plakatbau.ufo\/glyphs\/a.glif":"\/fonts\/Unpacking\/d83430bdd02b15e2e76f0074f0b6eb77ad4a548d\/plakatbau.ufo\/glyphs\/a.glif","\/fonts\/Unpacking\/d83430bdd02b15e2e76f0074f0b6eb77ad4a548d\/plakatbau.ufo\/glyphs\/adieresis.glif":"\/fonts\/Unpacking\/d83430bdd02b15e2e76f0074f0b6eb77ad4a548d\/plakatbau.ufo\/glyphs\/adieresis.glif","\/fonts\/Unpacking\/d83430bdd02b15e2e76f0074f0b6eb77ad4a548d\/plakatbau.ufo\/glyphs\/b.glif":"\/fonts\/Unpacking\/d83430bdd02b15e2e76f0074f0b6eb77ad4a548d\/plakatbau.ufo\/glyphs\/b.glif","\/fonts\/Unpacking\/d83430bdd02b15e2e76f0074f0b6eb77ad4a548d\/plakatbau.ufo\/glyphs\/c.glif":"\/fonts\/Unpacking\/d83430bdd02b15e2e76f0074f0b6eb77ad4a548d\/plakatbau.ufo\/glyphs\/c.glif","\/fonts\/Unpacking\/d83430bdd02b15e2e76f0074f0b6eb77ad4a548d\/plakatbau.ufo\/glyphs\/contents.plist":"\/fonts\/Unpacking\/d83430bdd02b15e2e76f0074f0b6eb77ad4a548d\/plakatbau.ufo\/glyphs\/contents.plist","\/fonts\/Unpacking\/d83430bdd02b15e2e76f0074f0b6eb77ad4a548d\/plakatbau.ufo\/glyphs\/d.glif":"\/fonts\/Unpacking\/d83430bdd02b15e2e76f0074f0b6eb77ad4a548d\/plakatbau.ufo\/glyphs\/d.glif","\/fonts\/Unpacking\/d83430bdd02b15e2e76f0074f0b6eb77ad4a548d\/plakatbau.ufo\/glyphs\/e.glif":"\/fonts\/Unpacking\/d83430bdd02b15e2e76f0074f0b6eb77ad4a548d\/plakatbau.ufo\/glyphs\/e.glif","\/fonts\/Unpacking\/d83430bdd02b15e2e76f0074f0b6eb77ad4a548d\/plakatbau.ufo\/glyphs\/eight.glif":"\/fonts\/Unpacking\/d83430bdd02b15e2e76f0074f0b6eb77ad4a548d\/plakatbau.ufo\/glyphs\/eight.glif","\/fonts\/Unpacking\/d83430bdd02b15e2e76f0074f0b6eb77ad4a548d\/plakatbau.ufo\/glyphs\/f.glif":"\/fonts\/Unpacking\/d83430bdd02b15e2e76f0074f0b6eb77ad4a548d\/plakatbau.ufo\/glyphs\/f.glif","\/fonts\/Unpacking\/d83430bdd02b15e2e76f0074f0b6eb77ad4a548d\/plakatbau.ufo\/glyphs\/five.glif":"\/fonts\/Unpacking\/d83430bdd02b15e2e76f0074f0b6eb77ad4a548d\/plakatbau.ufo\/glyphs\/five.glif","\/fonts\/Unpacking\/d83430bdd02b15e2e76f0074f0b6eb77ad4a548d\/plakatbau.ufo\/glyphs\/four.glif":"\/fonts\/Unpacking\/d83430bdd02b15e2e76f0074f0b6eb77ad4a548d\/plakatbau.ufo\/glyphs\/four.glif","\/fonts\/Unpacking\/d83430bdd02b15e2e76f0074f0b6eb77ad4a548d\/plakatbau.ufo\/glyphs\/g.glif":"\/fonts\/Unpacking\/d83430bdd02b15e2e76f0074f0b6eb77ad4a548d\/plakatbau.ufo\/glyphs\/g.glif","\/fonts\/Unpacking\/d83430bdd02b15e2e76f0074f0b6eb77ad4a548d\/plakatbau.ufo\/glyphs\/germandbls.glif":"\/fonts\/Unpacking\/d83430bdd02b15e2e76f0074f0b6eb77ad4a548d\/plakatbau.ufo\/glyphs\/germandbls.glif","\/fonts\/Unpacking\/d83430bdd02b15e2e76f0074f0b6eb77ad4a548d\/plakatbau.ufo\/glyphs\/h.glif":"\/fonts\/Unpacking\/d83430bdd02b15e2e76f0074f0b6eb77ad4a548d\/plakatbau.ufo\/glyphs\/h.glif","\/fonts\/Unpacking\/d83430bdd02b15e2e76f0074f0b6eb77ad4a548d\/plakatbau.ufo\/glyphs\/i.glif":"\/fonts\/Unpacking\/d83430bdd02b15e2e76f0074f0b6eb77ad4a548d\/plakatbau.ufo\/glyphs\/i.glif","\/fonts\/Unpacking\/d83430bdd02b15e2e76f0074f0b6eb77ad4a548d\/plakatbau.ufo\/glyphs\/j.glif":"\/fonts\/Unpacking\/d83430bdd02b15e2e76f0074f0b6eb77ad4a548d\/plakatbau.ufo\/glyphs\/j.glif","\/fonts\/Unpacking\/d83430bdd02b15e2e76f0074f0b6eb77ad4a548d\/plakatbau.ufo\/glyphs\/k.glif":"\/fonts\/Unpacking\/d83430bdd02b15e2e76f0074f0b6eb77ad4a548d\/plakatbau.ufo\/glyphs\/k.glif","\/fonts\/Unpacking\/d83430bdd02b15e2e76f0074f0b6eb77ad4a548d\/plakatbau.ufo\/glyphs\/l.glif":"\/fonts\/Unpacking\/d83430bdd02b15e2e76f0074f0b6eb77ad4a548d\/plakatbau.ufo\/glyphs\/l.glif","\/fonts\/Unpacking\/d83430bdd02b15e2e76f0074f0b6eb77ad4a548d\/plakatbau.ufo\/glyphs\/m.glif":"\/fonts\/Unpacking\/d83430bdd02b15e2e76f0074f0b6eb77ad4a548d\/plakatbau.ufo\/glyphs\/m.glif","\/fonts\/Unpacking\/d83430bdd02b15e2e76f0074f0b6eb77ad4a548d\/plakatbau.ufo\/glyphs\/n.glif":"\/fonts\/Unpacking\/d83430bdd02b15e2e76f0074f0b6eb77ad4a548d\/plakatbau.ufo\/glyphs\/n.glif","\/fonts\/Unpacking\/d83430bdd02b15e2e76f0074f0b6eb77ad4a548d\/plakatbau.ufo\/glyphs\/nine.glif":"\/fonts\/Unpacking\/d83430bdd02b15e2e76f0074f0b6eb77ad4a548d\/plakatbau.ufo\/glyphs\/nine.glif","\/fonts\/Unpacking\/d83430bdd02b15e2e76f0074f0b6eb77ad4a548d\/plakatbau.ufo\/glyphs\/nonbreakingspace.glif":"\/fonts\/Unpacking\/d83430bdd02b15e2e76f0074f0b6eb77ad4a548d\/plakatbau.ufo\/glyphs\/nonbreakingspace.glif","\/fonts\/Unpacking\/d83430bdd02b15e2e76f0074f0b6eb77ad4a548d\/plakatbau.ufo\/glyphs\/nonmarkingreturn.glif":"\/fonts\/Unpacking\/d83430bdd02b15e2e76f0074f0b6eb77ad4a548d\/plakatbau.ufo\/glyphs\/nonmarkingreturn.glif","\/fonts\/Unpacking\/d83430bdd02b15e2e76f0074f0b6eb77ad4a548d\/plakatbau.ufo\/glyphs\/o.glif":"\/fonts\/Unpacking\/d83430bdd02b15e2e76f0074f0b6eb77ad4a548d\/plakatbau.ufo\/glyphs\/o.glif","\/fonts\/Unpacking\/d83430bdd02b15e2e76f0074f0b6eb77ad4a548d\/plakatbau.ufo\/glyphs\/odieresis.glif":"\/fonts\/Unpacking\/d83430bdd02b15e2e76f0074f0b6eb77ad4a548d\/plakatbau.ufo\/glyphs\/odieresis.glif","\/fonts\/Unpacking\/d83430bdd02b15e2e76f0074f0b6eb77ad4a548d\/plakatbau.ufo\/glyphs\/one.glif":"\/fonts\/Unpacking\/d83430bdd02b15e2e76f0074f0b6eb77ad4a548d\/plakatbau.ufo\/glyphs\/one.glif","\/fonts\/Unpacking\/d83430bdd02b15e2e76f0074f0b6eb77ad4a548d\/plakatbau.ufo\/glyphs\/p.glif":"\/fonts\/Unpacking\/d83430bdd02b15e2e76f0074f0b6eb77ad4a548d\/plakatbau.ufo\/glyphs\/p.glif","\/fonts\/Unpacking\/d83430bdd02b15e2e76f0074f0b6eb77ad4a548d\/plakatbau.ufo\/glyphs\/q.glif":"\/fonts\/Unpacking\/d83430bdd02b15e2e76f0074f0b6eb77ad4a548d\/plakatbau.ufo\/glyphs\/q.glif","\/fonts\/Unpacking\/d83430bdd02b15e2e76f0074f0b6eb77ad4a548d\/plakatbau.ufo\/glyphs\/r.glif":"\/fonts\/Unpacking\/d83430bdd02b15e2e76f0074f0b6eb77ad4a548d\/plakatbau.ufo\/glyphs\/r.glif","\/fonts\/Unpacking\/d83430bdd02b15e2e76f0074f0b6eb77ad4a548d\/plakatbau.ufo\/glyphs\/s.glif":"\/fonts\/Unpacking\/d83430bdd02b15e2e76f0074f0b6eb77ad4a548d\/plakatbau.ufo\/glyphs\/s.glif","\/fonts\/Unpacking\/d83430bdd02b15e2e76f0074f0b6eb77ad4a548d\/plakatbau.ufo\/glyphs\/seven.glif":"\/fonts\/Unpacking\/d83430bdd02b15e2e76f0074f0b6eb77ad4a548d\/plakatbau.ufo\/glyphs\/seven.glif","\/fonts\/Unpacking\/d83430bdd02b15e2e76f0074f0b6eb77ad4a548d\/plakatbau.ufo\/glyphs\/six.glif":"\/fonts\/Unpacking\/d83430bdd02b15e2e76f0074f0b6eb77ad4a548d\/plakatbau.ufo\/glyphs\/six.glif","\/fonts\/Unpacking\/d83430bdd02b15e2e76f0074f0b6eb77ad4a548d\/plakatbau.ufo\/glyphs\/space.glif":"\/fonts\/Unpacking\/d83430bdd02b15e2e76f0074f0b6eb77ad4a548d\/plakatbau.ufo\/glyphs\/space.glif","\/fonts\/Unpacking\/d83430bdd02b15e2e76f0074f0b6eb77ad4a548d\/plakatbau.ufo\/glyphs\/t.glif":"\/fonts\/Unpacking\/d83430bdd02b15e2e76f0074f0b6eb77ad4a548d\/plakatbau.ufo\/glyphs\/t.glif","\/fonts\/Unpacking\/d83430bdd02b15e2e76f0074f0b6eb77ad4a548d\/plakatbau.ufo\/glyphs\/three.glif":"\/fonts\/Unpacking\/d83430bdd02b15e2e76f0074f0b6eb77ad4a548d\/plakatbau.ufo\/glyphs\/three.glif","\/fonts\/Unpacking\/d83430bdd02b15e2e76f0074f0b6eb77ad4a548d\/plakatbau.ufo\/glyphs\/two.glif":"\/fonts\/Unpacking\/d83430bdd02b15e2e76f0074f0b6eb77ad4a548d\/plakatbau.ufo\/glyphs\/two.glif","\/fonts\/Unpacking\/d83430bdd02b15e2e76f0074f0b6eb77ad4a548d\/plakatbau.ufo\/glyphs\/u.glif":"\/fonts\/Unpacking\/d83430bdd02b15e2e76f0074f0b6eb77ad4a548d\/plakatbau.ufo\/glyphs\/u.glif","\/fonts\/Unpacking\/d83430bdd02b15e2e76f0074f0b6eb77ad4a548d\/plakatbau.ufo\/glyphs\/udieresis.glif":"\/fonts\/Unpacking\/d83430bdd02b15e2e76f0074f0b6eb77ad4a548d\/plakatbau.ufo\/glyphs\/udieresis.glif","\/fonts\/Unpacking\/d83430bdd02b15e2e76f0074f0b6eb77ad4a548d\/plakatbau.ufo\/glyphs\/v.glif":"\/fonts\/Unpacking\/d83430bdd02b15e2e76f0074f0b6eb77ad4a548d\/plakatbau.ufo\/glyphs\/v.glif","\/fonts\/Unpacking\/d83430bdd02b15e2e76f0074f0b6eb77ad4a548d\/plakatbau.ufo\/glyphs\/w.glif":"\/fonts\/Unpacking\/d83430bdd02b15e2e76f0074f0b6eb77ad4a548d\/plakatbau.ufo\/glyphs\/w.glif","\/fonts\/Unpacking\/d83430bdd02b15e2e76f0074f0b6eb77ad4a548d\/plakatbau.ufo\/glyphs\/x.glif":"\/fonts\/Unpacking\/d83430bdd02b15e2e76f0074f0b6eb77ad4a548d\/plakatbau.ufo\/glyphs\/x.glif","\/fonts\/Unpacking\/d83430bdd02b15e2e76f0074f0b6eb77ad4a548d\/plakatbau.ufo\/glyphs\/y.glif":"\/fonts\/Unpacking\/d83430bdd02b15e2e76f0074f0b6eb77ad4a548d\/plakatbau.ufo\/glyphs\/y.glif","\/fonts\/Unpacking\/d83430bdd02b15e2e76f0074f0b6eb77ad4a548d\/plakatbau.ufo\/glyphs\/z.glif":"\/fonts\/Unpacking\/d83430bdd02b15e2e76f0074f0b6eb77ad4a548d\/plakatbau.ufo\/glyphs\/z.glif","\/fonts\/Unpacking\/d83430bdd02b15e2e76f0074f0b6eb77ad4a548d\/plakatbau.ufo\/glyphs\/zero.glif":"\/fonts\/Unpacking\/d83430bdd02b15e2e76f0074f0b6eb77ad4a548d\/plakatbau.ufo\/glyphs\/zero.glif"},"Font":null,"Licences":{"":false},"Table":{"FFTM":{"entryLength":16,"tag":"FFTM","checksum":1947118144,"offset":18288,"length":28},"GDEF":{"entryLength":16,"tag":"GDEF","checksum":7798788,"offset":18256,"length":32},"OS\/2":{"entryLength":16,"tag":"OS\/2","checksum":1441554290,"offset":344,"length":86},"cmap":{"entryLength":16,"tag":"cmap","checksum":1165441563,"offset":728,"length":892},"gasp":{"entryLength":16,"tag":"gasp","checksum":4294901763,"offset":18248,"length":8},"glyf":{"entryLength":16,"tag":"glyf","checksum":1443529469,"offset":1772,"length":15488},"head":{"entryLength":16,"tag":"head","checksum":152715250,"offset":220,"length":54},"hhea":{"entryLength":16,"tag":"hhea","checksum":85000576,"offset":276,"length":36},"hmtx":{"entryLength":16,"tag":"hmtx","checksum":1593442149,"offset":432,"length":296},"loca":{"entryLength":16,"tag":"loca","checksum":1141519956,"offset":1620,"length":150},"maxp":{"entryLength":16,"tag":"maxp","checksum":10813670,"offset":312,"length":32},"name":{"entryLength":16,"tag":"name","checksum":2385304530,"offset":17260,"length":804},"post":{"entryLength":16,"tag":"post","checksum":147785958,"offset":18064,"length":182}},"UnicodeCharMap":{"0":1,"13":2,"32":3,"48":4,"49":5,"50":6,"51":7,"52":8,"53":9,"54":10,"55":11,"56":12,"57":13,"65":14,"66":15,"67":16,"68":17,"69":18,"70":19,"71":20,"72":21,"73":22,"74":23,"75":24,"76":25,"77":26,"78":27,"79":28,"80":29,"81":30,"82":31,"83":32,"84":33,"85":34,"86":35,"87":36,"88":37,"89":38,"90":39,"97":40,"98":41,"99":42,"100":43,"101":44,"102":45,"103":46,"104":47,"105":48,"106":49,"107":50,"108":51,"109":52,"110":53,"111":54,"112":55,"113":56,"114":57,"115":58,"116":59,"117":60,"118":61,"119":62,"120":63,"121":64,"122":65,"160":73,"196":67,"214":68,"220":69,"223":66,"228":70,"246":71,"252":72},"Reserves":null,"Names":[],"Nodes":[],"Contributors":[],"FontIdentity":"d5712dd8e56b0769d0af2fbd6a81eff8","Bytes":2122895,"Networking":null,"barcode":null,"referee":null}