{"CSS":{"BDRocket70":"BDRocket70.css"},"FontType":"TrueType","FontCopyright":"Rocket70 faxed by Lopetz96 and crashed by H1reber for buro destruct. encoded by Lopetz96:buro destruct. \u00a9copyright buro destruct. www.burodestruct.net","FontName":"BDRocket70","FontSubfamily":"Regular","FontSubfamilyID":"Macromedia Fontographer 4.1.2 BDRocket70","FontFullName":"BDRocket70","FontVersion":"Macromedia Fontographer 4.1.2 18.7.2001","FontWeight":null,"FontPostscriptName":"BDRocket70","Files":{"5773a0271b0eaa8e5bbb03e92ac5a0c0.afm":"5773a0271b0eaa8e5bbb03e92ac5a0c0.afm","5773a0271b0eaa8e5bbb03e92ac5a0c0.bin":"5773a0271b0eaa8e5bbb03e92ac5a0c0.bin","5773a0271b0eaa8e5bbb03e92ac5a0c0.cef":"5773a0271b0eaa8e5bbb03e92ac5a0c0.cef","5773a0271b0eaa8e5bbb03e92ac5a0c0.cff":"5773a0271b0eaa8e5bbb03e92ac5a0c0.cff","5773a0271b0eaa8e5bbb03e92ac5a0c0.dfont":"5773a0271b0eaa8e5bbb03e92ac5a0c0.dfont","5773a0271b0eaa8e5bbb03e92ac5a0c0.eot":"5773a0271b0eaa8e5bbb03e92ac5a0c0.eot","5773a0271b0eaa8e5bbb03e92ac5a0c0.fon":"5773a0271b0eaa8e5bbb03e92ac5a0c0.fon","5773a0271b0eaa8e5bbb03e92ac5a0c0.gai":"5773a0271b0eaa8e5bbb03e92ac5a0c0.gai","5773a0271b0eaa8e5bbb03e92ac5a0c0.gsf":"5773a0271b0eaa8e5bbb03e92ac5a0c0.gsf","5773a0271b0eaa8e5bbb03e92ac5a0c0.hqx":"5773a0271b0eaa8e5bbb03e92ac5a0c0.hqx","5773a0271b0eaa8e5bbb03e92ac5a0c0.ik":"5773a0271b0eaa8e5bbb03e92ac5a0c0.ik","5773a0271b0eaa8e5bbb03e92ac5a0c0.mf":"5773a0271b0eaa8e5bbb03e92ac5a0c0.mf","5773a0271b0eaa8e5bbb03e92ac5a0c0.otf":"5773a0271b0eaa8e5bbb03e92ac5a0c0.otf","5773a0271b0eaa8e5bbb03e92ac5a0c0.pcf":"5773a0271b0eaa8e5bbb03e92ac5a0c0.pcf","5773a0271b0eaa8e5bbb03e92ac5a0c0.pf3":"5773a0271b0eaa8e5bbb03e92ac5a0c0.pf3","5773a0271b0eaa8e5bbb03e92ac5a0c0.pfa":"5773a0271b0eaa8e5bbb03e92ac5a0c0.pfa","5773a0271b0eaa8e5bbb03e92ac5a0c0.pfb":"5773a0271b0eaa8e5bbb03e92ac5a0c0.pfb","5773a0271b0eaa8e5bbb03e92ac5a0c0.pmf":"5773a0271b0eaa8e5bbb03e92ac5a0c0.pmf","5773a0271b0eaa8e5bbb03e92ac5a0c0.pt3":"5773a0271b0eaa8e5bbb03e92ac5a0c0.pt3","5773a0271b0eaa8e5bbb03e92ac5a0c0.sfd":"5773a0271b0eaa8e5bbb03e92ac5a0c0.sfd","5773a0271b0eaa8e5bbb03e92ac5a0c0.svg":"5773a0271b0eaa8e5bbb03e92ac5a0c0.svg","5773a0271b0eaa8e5bbb03e92ac5a0c0.t42":"5773a0271b0eaa8e5bbb03e92ac5a0c0.t42","5773a0271b0eaa8e5bbb03e92ac5a0c0.ttf":"5773a0271b0eaa8e5bbb03e92ac5a0c0.ttf","5773a0271b0eaa8e5bbb03e92ac5a0c0.woff":"5773a0271b0eaa8e5bbb03e92ac5a0c0.woff","Dali.css":"Dali.css","font-resource.json":"font-resource.json","\/fonts\/Converting\/simon@staff.labs.coop\/5773a0271b0eaa8e5bbb03e92ac5a0c0":{"5773a0271b0eaa8e5bbb03e92ac5a0c0.afm":"5773a0271b0eaa8e5bbb03e92ac5a0c0.afm","5773a0271b0eaa8e5bbb03e92ac5a0c0.bin":"5773a0271b0eaa8e5bbb03e92ac5a0c0.bin","5773a0271b0eaa8e5bbb03e92ac5a0c0.cef":"5773a0271b0eaa8e5bbb03e92ac5a0c0.cef","5773a0271b0eaa8e5bbb03e92ac5a0c0.cff":"5773a0271b0eaa8e5bbb03e92ac5a0c0.cff","5773a0271b0eaa8e5bbb03e92ac5a0c0.dfont":"5773a0271b0eaa8e5bbb03e92ac5a0c0.dfont","5773a0271b0eaa8e5bbb03e92ac5a0c0.eot":"5773a0271b0eaa8e5bbb03e92ac5a0c0.eot","5773a0271b0eaa8e5bbb03e92ac5a0c0.fon":"5773a0271b0eaa8e5bbb03e92ac5a0c0.fon","5773a0271b0eaa8e5bbb03e92ac5a0c0.gai":"5773a0271b0eaa8e5bbb03e92ac5a0c0.gai","5773a0271b0eaa8e5bbb03e92ac5a0c0.gsf":"5773a0271b0eaa8e5bbb03e92ac5a0c0.gsf","5773a0271b0eaa8e5bbb03e92ac5a0c0.hqx":"5773a0271b0eaa8e5bbb03e92ac5a0c0.hqx","5773a0271b0eaa8e5bbb03e92ac5a0c0.ik":"5773a0271b0eaa8e5bbb03e92ac5a0c0.ik","5773a0271b0eaa8e5bbb03e92ac5a0c0.mf":"5773a0271b0eaa8e5bbb03e92ac5a0c0.mf","5773a0271b0eaa8e5bbb03e92ac5a0c0.otf":"5773a0271b0eaa8e5bbb03e92ac5a0c0.otf","5773a0271b0eaa8e5bbb03e92ac5a0c0.pcf":"5773a0271b0eaa8e5bbb03e92ac5a0c0.pcf","5773a0271b0eaa8e5bbb03e92ac5a0c0.pf3":"5773a0271b0eaa8e5bbb03e92ac5a0c0.pf3","5773a0271b0eaa8e5bbb03e92ac5a0c0.pfa":"5773a0271b0eaa8e5bbb03e92ac5a0c0.pfa","5773a0271b0eaa8e5bbb03e92ac5a0c0.pfb":"5773a0271b0eaa8e5bbb03e92ac5a0c0.pfb","5773a0271b0eaa8e5bbb03e92ac5a0c0.pmf":"5773a0271b0eaa8e5bbb03e92ac5a0c0.pmf","5773a0271b0eaa8e5bbb03e92ac5a0c0.pt3":"5773a0271b0eaa8e5bbb03e92ac5a0c0.pt3","5773a0271b0eaa8e5bbb03e92ac5a0c0.sfd":"5773a0271b0eaa8e5bbb03e92ac5a0c0.sfd","5773a0271b0eaa8e5bbb03e92ac5a0c0.svg":"5773a0271b0eaa8e5bbb03e92ac5a0c0.svg","5773a0271b0eaa8e5bbb03e92ac5a0c0.t42":"5773a0271b0eaa8e5bbb03e92ac5a0c0.t42","5773a0271b0eaa8e5bbb03e92ac5a0c0.ttf":"5773a0271b0eaa8e5bbb03e92ac5a0c0.ttf","5773a0271b0eaa8e5bbb03e92ac5a0c0.woff":"5773a0271b0eaa8e5bbb03e92ac5a0c0.woff","Dali.css":"Dali.css","font-resource.json":"font-resource.json"},"5773a0271b0eaa8e5bbb03e92ac5a0c0.ufo":{"feature.fea":"feature.fea","fontinfo.plist":"fontinfo.plist","groups.plist":"groups.plist","kerning.plist":"kerning.plist","metainfo.plist":"metainfo.plist"},"5773a0271b0eaa8e5bbb03e92ac5a0c0.ufo\/glyphs":{"A_.glif":"A_.glif","A_acute.glif":"A_acute.glif","A_circumflex.glif":"A_circumflex.glif","B_.glif":"B_.glif","C_.glif":"C_.glif","D_.glif":"D_.glif","E_.glif":"E_.glif","E_circumflex.glif":"E_circumflex.glif","E_dieresis.glif":"E_dieresis.glif","E_grave.glif":"E_grave.glif","F_.glif":"F_.glif","G_.glif":"G_.glif","H_.glif":"H_.glif","I_.glif":"I_.glif","I_acute.glif":"I_acute.glif","J_.glif":"J_.glif","K_.glif":"K_.glif","L_.glif":"L_.glif","M_.glif":"M_.glif","N_.glif":"N_.glif","O_.glif":"O_.glif","P_.glif":"P_.glif","Q_.glif":"Q_.glif","R_.glif":"R_.glif","S_.glif":"S_.glif","T_.glif":"T_.glif","U_.glif":"U_.glif","V_.glif":"V_.glif","W_.glif":"W_.glif","X_.glif":"X_.glif","Y_.glif":"Y_.glif","Z_.glif":"Z_.glif","_notdef.glif":"_notdef.glif","_null.glif":"_null.glif","a.glif":"a.glif","acute.glif":"acute.glif","ampersand.glif":"ampersand.glif","aring.glif":"aring.glif","asciicircum.glif":"asciicircum.glif","asciitilde.glif":"asciitilde.glif","asterisk.glif":"asterisk.glif","at.glif":"at.glif","b.glif":"b.glif","backslash.glif":"backslash.glif","c.glif":"c.glif","ccedilla.glif":"ccedilla.glif","circumflex.glif":"circumflex.glif","colon.glif":"colon.glif","comma.glif":"comma.glif","contents.plist":"contents.plist","d.glif":"d.glif","dieresis.glif":"dieresis.glif","dollar.glif":"dollar.glif","e.glif":"e.glif","eight.glif":"eight.glif","equal.glif":"equal.glif","exclam.glif":"exclam.glif","exclamdown.glif":"exclamdown.glif","f.glif":"f.glif","five.glif":"five.glif","four.glif":"four.glif","g.glif":"g.glif","germandbls.glif":"germandbls.glif","grave.glif":"grave.glif","h.glif":"h.glif","hyphen.glif":"hyphen.glif","i.glif":"i.glif","integral.glif":"integral.glif","j.glif":"j.glif","k.glif":"k.glif","l.glif":"l.glif","m.glif":"m.glif","n.glif":"n.glif","nine.glif":"nine.glif","nonbreakingspace.glif":"nonbreakingspace.glif","nonmarkingreturn.glif":"nonmarkingreturn.glif","ntilde.glif":"ntilde.glif","numbersign.glif":"numbersign.glif","o.glif":"o.glif","one.glif":"one.glif","p.glif":"p.glif","parenleft.glif":"parenleft.glif","parenright.glif":"parenright.glif","percent.glif":"percent.glif","period.glif":"period.glif","pi.glif":"pi.glif","plus.glif":"plus.glif","q.glif":"q.glif","question.glif":"question.glif","questiondown.glif":"questiondown.glif","quotedbl.glif":"quotedbl.glif","quotedblbase.glif":"quotedblbase.glif","quotedblleft.glif":"quotedblleft.glif","quotedblright.glif":"quotedblright.glif","quoteleft.glif":"quoteleft.glif","quoteright.glif":"quoteright.glif","quotesingle.glif":"quotesingle.glif","r.glif":"r.glif","registered.glif":"registered.glif","s.glif":"s.glif","semicolon.glif":"semicolon.glif","seven.glif":"seven.glif","six.glif":"six.glif","slash.glif":"slash.glif","space.glif":"space.glif","t.glif":"t.glif","three.glif":"three.glif","tilde.glif":"tilde.glif","two.glif":"two.glif","u.glif":"u.glif","v.glif":"v.glif","w.glif":"w.glif","x.glif":"x.glif","y.glif":"y.glif","z.glif":"z.glif","zero.glif":"zero.glif"}},"Table":{"FFTM":{"entryLength":16,"tag":"FFTM","checksum":1168843188,"offset":17192,"length":28},"GDEF":{"entryLength":16,"tag":"GDEF","checksum":9240580,"offset":17160,"length":32},"OS\/2":{"entryLength":16,"tag":"OS\/2","checksum":2214416787,"offset":344,"length":96},"cmap":{"entryLength":16,"tag":"cmap","checksum":2959861618,"offset":824,"length":498},"gasp":{"entryLength":16,"tag":"gasp","checksum":4294901763,"offset":17152,"length":8},"glyf":{"entryLength":16,"tag":"glyf","checksum":1393174749,"offset":1520,"length":14408},"head":{"entryLength":16,"tag":"head","checksum":102460076,"offset":220,"length":54},"hhea":{"entryLength":16,"tag":"hhea","checksum":81199520,"offset":276,"length":36},"hmtx":{"entryLength":16,"tag":"hmtx","checksum":1663105892,"offset":440,"length":384},"loca":{"entryLength":16,"tag":"loca","checksum":2387115928,"offset":1324,"length":194},"maxp":{"entryLength":16,"tag":"maxp","checksum":16056490,"offset":312,"length":32},"name":{"entryLength":16,"tag":"name","checksum":4173428887,"offset":15928,"length":993},"post":{"entryLength":16,"tag":"post","checksum":211749966,"offset":16924,"length":226}},"UnicodeCharMap":{"32":3,"33":4,"34":5,"36":6,"38":7,"39":8,"40":9,"41":10,"44":11,"45":12,"46":13,"48":14,"49":15,"50":16,"51":17,"52":18,"53":19,"54":20,"55":21,"56":22,"57":23,"58":24,"59":25,"63":26,"65":27,"66":28,"67":29,"68":30,"69":31,"70":32,"71":33,"72":34,"73":35,"74":36,"75":37,"76":38,"77":39,"78":40,"79":41,"80":42,"81":43,"82":44,"83":45,"84":46,"85":47,"86":48,"87":49,"88":50,"89":51,"90":52,"97":53,"98":54,"99":55,"100":56,"101":57,"102":58,"103":59,"104":60,"105":61,"106":62,"107":63,"108":64,"109":65,"110":66,"111":67,"112":68,"113":69,"114":70,"115":71,"116":72,"117":73,"118":74,"119":75,"120":76,"121":77,"122":78,"132":79,"145":80,"146":81,"150":82,"151":83,"160":84,"168":85,"171":86,"180":87,"187":88,"196":89,"214":90,"220":91,"228":92,"246":93,"252":94,"256":95},"Reserves":{"fontname":"BDRocket70"},"Names":{"BDRocket70":{"name":"BDRocket70","longitude":null,"latitude":null,"country":"","region":"","city":""}},"Nodes":{"bd":{"type":"typal","node":"bd","usage":1,"weight":1},"70":{"type":"typal","node":70,"usage":1,"weight":1},"bdr":{"type":"typal","node":"bdr","usage":1,"weight":1},"t70":{"type":"typal","node":"t70","usage":1,"weight":1},"bdro":{"type":"keys","node":"bdro","usage":1,"weight":1},"et70":{"type":"keys","node":"et70","usage":1,"weight":1},"bdroc":{"type":"keys","node":"bdroc","usage":1,"weight":1},"ket70":{"type":"keys","node":"ket70","usage":1,"weight":1},"bdrocket70":{"type":"fixes","node":"bdrocket70","usage":1,"weight":1}},"Contributors":[],"FontIdentity":"0e5c2b00354729ad866fb348ee0432cc","Bytes":null,"Networking":[]}