{"CSS":{"Neuralnomicon":"Neuralnomicon.css"},"FontType":"TrueType","FontCopyright":"2000 Iconian Fonts - www.iconian.com","FontName":"Neuralnomicon","FontSubfamily":"Book","FontSubfamilyID":"FontForge 2.0 : Neuralnomicon : 19-10-2016","FontFullName":"Neuralnomicon","FontVersion":"Version 1 ","FontWeight":null,"FontPostscriptName":"Neuralnomicon","Files":{"neuralnomicon.afm":"neuralnomicon.afm","neuralnomicon.bin":"neuralnomicon.bin","neuralnomicon.cef":"neuralnomicon.cef","neuralnomicon.cff":"neuralnomicon.cff","neuralnomicon.cid":"neuralnomicon.cid","neuralnomicon.dfont":"neuralnomicon.dfont","neuralnomicon.eot":"neuralnomicon.eot","neuralnomicon.fon":"neuralnomicon.fon","neuralnomicon.gai":"neuralnomicon.gai","neuralnomicon.gsf":"neuralnomicon.gsf","neuralnomicon.hqx":"neuralnomicon.hqx","neuralnomicon.ik":"neuralnomicon.ik","neuralnomicon.mf":"neuralnomicon.mf","neuralnomicon.otf":"neuralnomicon.otf","neuralnomicon.pcf":"neuralnomicon.pcf","neuralnomicon.pf3":"neuralnomicon.pf3","neuralnomicon.pfa":"neuralnomicon.pfa","neuralnomicon.pfb":"neuralnomicon.pfb","neuralnomicon.php":"neuralnomicon.php","neuralnomicon.pmf":"neuralnomicon.pmf","neuralnomicon.pt3":"neuralnomicon.pt3","neuralnomicon.sfd":"neuralnomicon.sfd","neuralnomicon.svg":"neuralnomicon.svg","neuralnomicon.t42":"neuralnomicon.t42","neuralnomicon.ttd":"neuralnomicon.ttd","neuralnomicon.ttf":"neuralnomicon.ttf","neuralnomicon.ttg":"neuralnomicon.ttg","neuralnomicon.ufm":"neuralnomicon.ufm","neuralnomicon.woff":"neuralnomicon.woff","neuralnomicon.z":"neuralnomicon.z","":{"neuralnomicon.afm":"neuralnomicon.afm","neuralnomicon.bin":"neuralnomicon.bin","neuralnomicon.cef":"neuralnomicon.cef","neuralnomicon.cff":"neuralnomicon.cff","neuralnomicon.cid":"neuralnomicon.cid","neuralnomicon.dfont":"neuralnomicon.dfont","neuralnomicon.eot":"neuralnomicon.eot","neuralnomicon.fon":"neuralnomicon.fon","neuralnomicon.gai":"neuralnomicon.gai","neuralnomicon.gsf":"neuralnomicon.gsf","neuralnomicon.hqx":"neuralnomicon.hqx","neuralnomicon.ik":"neuralnomicon.ik","neuralnomicon.mf":"neuralnomicon.mf","neuralnomicon.otf":"neuralnomicon.otf","neuralnomicon.pcf":"neuralnomicon.pcf","neuralnomicon.pf3":"neuralnomicon.pf3","neuralnomicon.pfa":"neuralnomicon.pfa","neuralnomicon.pfb":"neuralnomicon.pfb","neuralnomicon.php":"neuralnomicon.php","neuralnomicon.pmf":"neuralnomicon.pmf","neuralnomicon.pt3":"neuralnomicon.pt3","neuralnomicon.sfd":"neuralnomicon.sfd","neuralnomicon.svg":"neuralnomicon.svg","neuralnomicon.t42":"neuralnomicon.t42","neuralnomicon.ttd":"neuralnomicon.ttd","neuralnomicon.ttf":"neuralnomicon.ttf","neuralnomicon.ttg":"neuralnomicon.ttg","neuralnomicon.ufm":"neuralnomicon.ufm","neuralnomicon.woff":"neuralnomicon.woff","neuralnomicon.z":"neuralnomicon.z"},"\/neuralnomicon.ufo":{"feature.fea":"feature.fea","fontinfo.plist":"fontinfo.plist","groups.plist":"groups.plist","kerning.plist":"kerning.plist","metainfo.plist":"metainfo.plist"},"\/neuralnomicon.ufo\/glyphs":{"A_.glif":"A_.glif","B_.glif":"B_.glif","C_.glif":"C_.glif","D_.glif":"D_.glif","E_.glif":"E_.glif","F_.glif":"F_.glif","G_.glif":"G_.glif","H_.glif":"H_.glif","I_.glif":"I_.glif","J_.glif":"J_.glif","K_.glif":"K_.glif","L_.glif":"L_.glif","M_.glif":"M_.glif","N_.glif":"N_.glif","O_.glif":"O_.glif","P_.glif":"P_.glif","Q_.glif":"Q_.glif","R_.glif":"R_.glif","S_.glif":"S_.glif","T_.glif":"T_.glif","U_.glif":"U_.glif","V_.glif":"V_.glif","W_.glif":"W_.glif","X_.glif":"X_.glif","Y_.glif":"Y_.glif","Z_.glif":"Z_.glif","_null.glif":"_null.glif","a.glif":"a.glif","ampersand.glif":"ampersand.glif","at.glif":"at.glif","b.glif":"b.glif","backslash.glif":"backslash.glif","bar.glif":"bar.glif","bracketleft.glif":"bracketleft.glif","bracketright.glif":"bracketright.glif","c.glif":"c.glif","colon.glif":"colon.glif","comma.glif":"comma.glif","contents.plist":"contents.plist","d.glif":"d.glif","dollar.glif":"dollar.glif","e.glif":"e.glif","eight.glif":"eight.glif","ellipsis.glif":"ellipsis.glif","equal.glif":"equal.glif","exclam.glif":"exclam.glif","f.glif":"f.glif","five.glif":"five.glif","four.glif":"four.glif","g.glif":"g.glif","grave.glif":"grave.glif","h.glif":"h.glif","i.glif":"i.glif","j.glif":"j.glif","k.glif":"k.glif","l.glif":"l.glif","m.glif":"m.glif","minus.glif":"minus.glif","n.glif":"n.glif","nine.glif":"nine.glif","nonmarkingreturn.glif":"nonmarkingreturn.glif","o.glif":"o.glif","one.glif":"one.glif","p.glif":"p.glif","parenleft.glif":"parenleft.glif","parenright.glif":"parenright.glif","period.glif":"period.glif","plus.glif":"plus.glif","q.glif":"q.glif","question.glif":"question.glif","quotedbl.glif":"quotedbl.glif","quotesingle.glif":"quotesingle.glif","r.glif":"r.glif","s.glif":"s.glif","semicolon.glif":"semicolon.glif","seven.glif":"seven.glif","sf278.glif":"sf278.glif","sf314.glif":"sf314.glif","six.glif":"six.glif","slash.glif":"slash.glif","space.glif":"space.glif","t.glif":"t.glif","three.glif":"three.glif","two.glif":"two.glif","u.glif":"u.glif","underscore.glif":"underscore.glif","v.glif":"v.glif","w.glif":"w.glif","x.glif":"x.glif","y.glif":"y.glif","z.glif":"z.glif","zero.glif":"zero.glif"}},"Font":{"uploaded":1476910349.8021,"licence":"gpl3","company":"Chronolabs Cooperative","title":"Napoleone Slab ITCStd Bold Ita","version":2.001,"date":"Sun Aug 28 07:59:01 2016","creator":"root","type":"1","matrix":"0.001 0 0 0.001 0 0","named":"NapoleoneSlabITCStd-BoldIta","painttype":"0","info":"10 dict dup","name":"Napoleone Slab ITC Std Bold Italic","family":"Napoleone Slab ITC Std","weight":"Bold","fstype":"4","italicangle":"-12","underlineposition":"","underlinethickness":""},"Table":{"FFTM":{"entryLength":16,"tag":"FFTM","checksum":1947116588,"offset":10676,"length":28},"GDEF":{"entryLength":16,"tag":"GDEF","checksum":8978436,"offset":10644,"length":32},"OS\/2":{"entryLength":16,"tag":"OS\/2","checksum":1518733165,"offset":344,"length":86},"cmap":{"entryLength":16,"tag":"cmap","checksum":3266985450,"offset":800,"length":418},"gasp":{"entryLength":16,"tag":"gasp","checksum":4294901763,"offset":10636,"length":8},"glyf":{"entryLength":16,"tag":"glyf","checksum":696899064,"offset":1408,"length":8408},"head":{"entryLength":16,"tag":"head","checksum":197891748,"offset":220,"length":54},"hhea":{"entryLength":16,"tag":"hhea","checksum":189531425,"offset":276,"length":36},"hmtx":{"entryLength":16,"tag":"hmtx","checksum":277217278,"offset":432,"length":368},"loca":{"entryLength":16,"tag":"loca","checksum":2036429144,"offset":1220,"length":186},"maxp":{"entryLength":16,"tag":"maxp","checksum":10551372,"offset":312,"length":32},"name":{"entryLength":16,"tag":"name","checksum":1680583265,"offset":9816,"length":588},"post":{"entryLength":16,"tag":"post","checksum":2813570197,"offset":10404,"length":230}},"UnicodeCharMap":{"0":1,"13":2,"32":3,"33":4,"34":5,"36":6,"38":7,"39":8,"40":9,"41":10,"43":11,"44":12,"46":14,"47":15,"48":16,"49":17,"50":18,"51":19,"52":20,"53":21,"54":22,"55":23,"56":24,"57":25,"58":26,"59":27,"61":28,"63":29,"64":30,"65":31,"66":32,"67":33,"68":34,"69":35,"70":36,"71":37,"72":38,"73":39,"74":40,"75":41,"76":42,"77":43,"78":44,"79":45,"80":46,"81":47,"82":48,"83":49,"84":50,"85":51,"86":52,"87":53,"88":54,"89":55,"90":56,"91":57,"92":58,"93":59,"95":60,"96":61,"97":62,"98":63,"99":64,"100":65,"101":66,"102":67,"103":68,"104":69,"105":70,"106":71,"107":72,"108":73,"109":74,"110":75,"111":76,"112":77,"113":78,"114":79,"115":80,"116":81,"117":82,"118":83,"119":84,"120":85,"121":86,"122":87,"124":88,"8230":89,"8722":13},"Reserves":null,"Names":[],"Nodes":{"ne":{"type":"typal","node":"ne","usage":1,"weight":1},"on":{"type":"typal","node":"on","usage":1,"weight":1},"neu":{"type":"typal","node":"neu","usage":1,"weight":1},"con":{"type":"typal","node":"con","usage":1,"weight":1},"neur":{"type":"keys","node":"neur","usage":1,"weight":1},"icon":{"type":"keys","node":"icon","usage":1,"weight":1},"neura":{"type":"keys","node":"neura","usage":1,"weight":1},"micon":{"type":"keys","node":"micon","usage":1,"weight":1},"neuralnomicon":{"type":"fixes","node":"neuralnomicon","usage":1,"weight":1}},"Contributors":[],"FontIdentity":"029f93ce51bed5481d088f890055eda5","Bytes":924982,"Networking":[],"barcode":"WKqW93G4iaGCm","referee":"YaUIw5U"}