{"CSS":{"NexusSerifTF-Regular":"NexusSerifTF-Regular.css"},"FontType":"TrueType","FontCopyright":"2004 Martin Majoor, published by FontShop International for the FontFont library.","FontName":"NexusSerifTF-Regular","FontSubfamily":"Regular","FontSubfamilyID":"FontForge 2.0 : NexusSerifTF-Regular : 10-10-2016","FontFullName":"Nexus Serif TF Regular","FontVersion":"Version 4.460 ","FontWeight":null,"FontPostscriptName":"NexusSerifTF-Regular","Files":{"nexusseriftf-regular.afm":"nexusseriftf-regular.afm","nexusseriftf-regular.bin":"nexusseriftf-regular.bin","nexusseriftf-regular.cef":"nexusseriftf-regular.cef","nexusseriftf-regular.cff":"nexusseriftf-regular.cff","nexusseriftf-regular.cid":"nexusseriftf-regular.cid","nexusseriftf-regular.dfont":"nexusseriftf-regular.dfont","nexusseriftf-regular.eot":"nexusseriftf-regular.eot","nexusseriftf-regular.fon":"nexusseriftf-regular.fon","nexusseriftf-regular.gai":"nexusseriftf-regular.gai","nexusseriftf-regular.gsf":"nexusseriftf-regular.gsf","nexusseriftf-regular.hqx":"nexusseriftf-regular.hqx","nexusseriftf-regular.ik":"nexusseriftf-regular.ik","nexusseriftf-regular.mf":"nexusseriftf-regular.mf","nexusseriftf-regular.otf":"nexusseriftf-regular.otf","nexusseriftf-regular.pcf":"nexusseriftf-regular.pcf","nexusseriftf-regular.pf3":"nexusseriftf-regular.pf3","nexusseriftf-regular.pfa":"nexusseriftf-regular.pfa","nexusseriftf-regular.pfb":"nexusseriftf-regular.pfb","nexusseriftf-regular.php":"nexusseriftf-regular.php","nexusseriftf-regular.pmf":"nexusseriftf-regular.pmf","nexusseriftf-regular.pt3":"nexusseriftf-regular.pt3","nexusseriftf-regular.sfd":"nexusseriftf-regular.sfd","nexusseriftf-regular.svg":"nexusseriftf-regular.svg","nexusseriftf-regular.t42":"nexusseriftf-regular.t42","nexusseriftf-regular.ttd":"nexusseriftf-regular.ttd","nexusseriftf-regular.ttf":"nexusseriftf-regular.ttf","nexusseriftf-regular.ttg":"nexusseriftf-regular.ttg","nexusseriftf-regular.ufm":"nexusseriftf-regular.ufm","nexusseriftf-regular.woff":"nexusseriftf-regular.woff","nexusseriftf-regular.z":"nexusseriftf-regular.z","":{"nexusseriftf-regular.afm":"nexusseriftf-regular.afm","nexusseriftf-regular.bin":"nexusseriftf-regular.bin","nexusseriftf-regular.cef":"nexusseriftf-regular.cef","nexusseriftf-regular.cff":"nexusseriftf-regular.cff","nexusseriftf-regular.cid":"nexusseriftf-regular.cid","nexusseriftf-regular.dfont":"nexusseriftf-regular.dfont","nexusseriftf-regular.eot":"nexusseriftf-regular.eot","nexusseriftf-regular.fon":"nexusseriftf-regular.fon","nexusseriftf-regular.gai":"nexusseriftf-regular.gai","nexusseriftf-regular.gsf":"nexusseriftf-regular.gsf","nexusseriftf-regular.hqx":"nexusseriftf-regular.hqx","nexusseriftf-regular.ik":"nexusseriftf-regular.ik","nexusseriftf-regular.mf":"nexusseriftf-regular.mf","nexusseriftf-regular.otf":"nexusseriftf-regular.otf","nexusseriftf-regular.pcf":"nexusseriftf-regular.pcf","nexusseriftf-regular.pf3":"nexusseriftf-regular.pf3","nexusseriftf-regular.pfa":"nexusseriftf-regular.pfa","nexusseriftf-regular.pfb":"nexusseriftf-regular.pfb","nexusseriftf-regular.php":"nexusseriftf-regular.php","nexusseriftf-regular.pmf":"nexusseriftf-regular.pmf","nexusseriftf-regular.pt3":"nexusseriftf-regular.pt3","nexusseriftf-regular.sfd":"nexusseriftf-regular.sfd","nexusseriftf-regular.svg":"nexusseriftf-regular.svg","nexusseriftf-regular.t42":"nexusseriftf-regular.t42","nexusseriftf-regular.ttd":"nexusseriftf-regular.ttd","nexusseriftf-regular.ttf":"nexusseriftf-regular.ttf","nexusseriftf-regular.ttg":"nexusseriftf-regular.ttg","nexusseriftf-regular.ufm":"nexusseriftf-regular.ufm","nexusseriftf-regular.woff":"nexusseriftf-regular.woff","nexusseriftf-regular.z":"nexusseriftf-regular.z"},"\/nexusseriftf-regular.ufo":{"feature.fea":"feature.fea","fontinfo.plist":"fontinfo.plist","groups.plist":"groups.plist","kerning.plist":"kerning.plist","metainfo.plist":"metainfo.plist"},"\/nexusseriftf-regular.ufo\/glyphs":{"A_.glif":"A_.glif","A_E_.glif":"A_E_.glif","A_acute.glif":"A_acute.glif","A_circumflex.glif":"A_circumflex.glif","A_dieresis.glif":"A_dieresis.glif","A_grave.glif":"A_grave.glif","A_ring.glif":"A_ring.glif","A_tilde.glif":"A_tilde.glif","B_.glif":"B_.glif","C_.glif":"C_.glif","C_R_.glif":"C_R_.glif","C_cedilla.glif":"C_cedilla.glif","D_.glif":"D_.glif","E_.glif":"E_.glif","E_acute.glif":"E_acute.glif","E_circumflex.glif":"E_circumflex.glif","E_dieresis.glif":"E_dieresis.glif","E_grave.glif":"E_grave.glif","E_th.glif":"E_th.glif","E_uro.glif":"E_uro.glif","F_.glif":"F_.glif","G_.glif":"G_.glif","H_.glif":"H_.glif","I_.glif":"I_.glif","I_acute.glif":"I_acute.glif","I_circumflex.glif":"I_circumflex.glif","I_dieresis.glif":"I_dieresis.glif","I_grave.glif":"I_grave.glif","J_.glif":"J_.glif","K_.glif":"K_.glif","L_.glif":"L_.glif","L_slash.glif":"L_slash.glif","M_.glif":"M_.glif","N_.glif":"N_.glif","N_tilde.glif":"N_tilde.glif","O_.glif":"O_.glif","O_E_.glif":"O_E_.glif","O_acute.glif":"O_acute.glif","O_circumflex.glif":"O_circumflex.glif","O_dieresis.glif":"O_dieresis.glif","O_grave.glif":"O_grave.glif","O_slash.glif":"O_slash.glif","O_tilde.glif":"O_tilde.glif","P_.glif":"P_.glif","Q_.glif":"Q_.glif","R_.glif":"R_.glif","S_.glif":"S_.glif","S_caron.glif":"S_caron.glif","T_.glif":"T_.glif","T_horn.glif":"T_horn.glif","U_.glif":"U_.glif","U_acute.glif":"U_acute.glif","U_circumflex.glif":"U_circumflex.glif","U_dieresis.glif":"U_dieresis.glif","U_grave.glif":"U_grave.glif","V_.glif":"V_.glif","W_.glif":"W_.glif","X_.glif":"X_.glif","Y_.glif":"Y_.glif","Y_acute.glif":"Y_acute.glif","Y_dieresis.glif":"Y_dieresis.glif","Z_.glif":"Z_.glif","Z_caron.glif":"Z_caron.glif","_null.glif":"_null.glif","a.glif":"a.glif","aacute.glif":"aacute.glif","acircumflex.glif":"acircumflex.glif","acute.glif":"acute.glif","acute.lc.glif":"acute.lc.glif","acute.uc.glif":"acute.uc.glif","adieresis.glif":"adieresis.glif","ae.glif":"ae.glif","agrave.glif":"agrave.glif","ampersand.glif":"ampersand.glif","aring.glif":"aring.glif","asciicircum.glif":"asciicircum.glif","asciitilde.glif":"asciitilde.glif","asterisk.glif":"asterisk.glif","at.glif":"at.glif","atilde.glif":"atilde.glif","b.glif":"b.glif","backslash.glif":"backslash.glif","bar.glif":"bar.glif","braceleft.glif":"braceleft.glif","braceright.glif":"braceright.glif","bracketleft.glif":"bracketleft.glif","bracketright.glif":"bracketright.glif","breve.glif":"breve.glif","breve.lc.glif":"breve.lc.glif","breve.uc.glif":"breve.uc.glif","brokenbar.glif":"brokenbar.glif","bullet.glif":"bullet.glif","c.glif":"c.glif","caron.glif":"caron.glif","caron.lc.glif":"caron.lc.glif","caron.uc.glif":"caron.uc.glif","ccedilla.glif":"ccedilla.glif","cedilla.glif":"cedilla.glif","cent.glif":"cent.glif","circumflex.glif":"circumflex.glif","circumflex.lc.glif":"circumflex.lc.glif","circumflex.uc.glif":"circumflex.uc.glif","colon.glif":"colon.glif","comma.glif":"comma.glif","contents.plist":"contents.plist","copyright.glif":"copyright.glif","currency.glif":"currency.glif","d.glif":"d.glif","dagger.glif":"dagger.glif","daggerdbl.glif":"daggerdbl.glif","degree.glif":"degree.glif","diedot.lc.glif":"diedot.lc.glif","diedot.uc.glif":"diedot.uc.glif","dieresis.glif":"dieresis.glif","dieresis.lc.glif":"dieresis.lc.glif","dieresis.uc.glif":"dieresis.uc.glif","divide.glif":"divide.glif","dollar.glif":"dollar.glif","dotaccent.glif":"dotaccent.glif","dotaccent.lc.glif":"dotaccent.lc.glif","dotaccent.uc.glif":"dotaccent.uc.glif","dotlessi.glif":"dotlessi.glif","e.glif":"e.glif","eacute.glif":"eacute.glif","ecircumflex.glif":"ecircumflex.glif","edieresis.glif":"edieresis.glif","egrave.glif":"egrave.glif","eight.glif":"eight.glif","ellipsis.glif":"ellipsis.glif","emdash.glif":"emdash.glif","endash.glif":"endash.glif","equal.glif":"equal.glif","eth.glif":"eth.glif","exclam.glif":"exclam.glif","exclamdown.glif":"exclamdown.glif","f.glif":"f.glif","fi.glif":"fi.glif","five.glif":"five.glif","fl.glif":"fl.glif","florin.glif":"florin.glif","four.glif":"four.glif","fraction.glif":"fraction.glif","g.glif":"g.glif","germandbls.glif":"germandbls.glif","grave.glif":"grave.glif","grave.lc.glif":"grave.lc.glif","grave.uc.glif":"grave.uc.glif","greater.glif":"greater.glif","guillemotleft.glif":"guillemotleft.glif","guillemotright.glif":"guillemotright.glif","guilsinglleft.glif":"guilsinglleft.glif","guilsinglright.glif":"guilsinglright.glif","h.glif":"h.glif","hungarumlaut.glif":"hungarumlaut.glif","hungarumlaut.lc.glif":"hungarumlaut.lc.glif","hungarumlaut.uc.glif":"hungarumlaut.uc.glif","hyphen.glif":"hyphen.glif","i.glif":"i.glif","iacute.glif":"iacute.glif","icircumflex.glif":"icircumflex.glif","idieresis.glif":"idieresis.glif","igrave.glif":"igrave.glif","j.glif":"j.glif","k.glif":"k.glif","l.glif":"l.glif","less.glif":"less.glif","logicalnot.glif":"logicalnot.glif","lslash.glif":"lslash.glif","m.glif":"m.glif","macron.glif":"macron.glif","macron.lc.glif":"macron.lc.glif","macron.uc.glif":"macron.uc.glif","minus.glif":"minus.glif","mu.glif":"mu.glif","multiply.glif":"multiply.glif","n.glif":"n.glif","nine.glif":"nine.glif","ntilde.glif":"ntilde.glif","numbersign.glif":"numbersign.glif","o.glif":"o.glif","oacute.glif":"oacute.glif","ocircumflex.glif":"ocircumflex.glif","odieresis.glif":"odieresis.glif","oe.glif":"oe.glif","ogonek.glif":"ogonek.glif","ograve.glif":"ograve.glif","one.glif":"one.glif","onehalf.glif":"onehalf.glif","onequarter.glif":"onequarter.glif","onesuperior.glif":"onesuperior.glif","ordfeminine.glif":"ordfeminine.glif","ordmasculine.glif":"ordmasculine.glif","oslash.glif":"oslash.glif","otilde.glif":"otilde.glif","p.glif":"p.glif","paragraph.glif":"paragraph.glif","parenleft.glif":"parenleft.glif","parenright.glif":"parenright.glif","percent.glif":"percent.glif","period.glif":"period.glif","periodcentered.glif":"periodcentered.glif","perthousand.glif":"perthousand.glif","plus.glif":"plus.glif","plusminus.glif":"plusminus.glif","q.glif":"q.glif","question.glif":"question.glif","questiondown.glif":"questiondown.glif","quotedbl.glif":"quotedbl.glif","quotedblbase.glif":"quotedblbase.glif","quotedblleft.glif":"quotedblleft.glif","quotedblright.glif":"quotedblright.glif","quoteleft.glif":"quoteleft.glif","quoteright.glif":"quoteright.glif","quotesinglbase.glif":"quotesinglbase.glif","quotesingle.glif":"quotesingle.glif","r.glif":"r.glif","registered.glif":"registered.glif","ring.glif":"ring.glif","ring.lc.glif":"ring.lc.glif","ring.uc.glif":"ring.uc.glif","s.glif":"s.glif","scaron.glif":"scaron.glif","section.glif":"section.glif","semicolon.glif":"semicolon.glif","seven.glif":"seven.glif","six.glif":"six.glif","slash.glif":"slash.glif","space.glif":"space.glif","sterling.glif":"sterling.glif","t.glif":"t.glif","thorn.glif":"thorn.glif","three.glif":"three.glif","threequarters.glif":"threequarters.glif","threesuperior.glif":"threesuperior.glif","tilde.glif":"tilde.glif","tilde.lc.glif":"tilde.lc.glif","tilde.uc.glif":"tilde.uc.glif","trademark.glif":"trademark.glif","two.glif":"two.glif","twosuperior.glif":"twosuperior.glif","u.glif":"u.glif","uacute.glif":"uacute.glif","ucircumflex.glif":"ucircumflex.glif","udieresis.glif":"udieresis.glif","ugrave.glif":"ugrave.glif","underscore.glif":"underscore.glif","uni00A_0.glif":"uni00A_0.glif","uni00A_D_.glif":"uni00A_D_.glif","uni2219.glif":"uni2219.glif","uni2224.glif":"uni2224.glif","uni2227.glif":"uni2227.glif","uni22C_5.glif":"uni22C_5.glif","v.glif":"v.glif","w.glif":"w.glif","x.glif":"x.glif","y.glif":"y.glif","yacute.glif":"yacute.glif","ydieresis.glif":"ydieresis.glif","yen.glif":"yen.glif","z.glif":"z.glif","zcaron.glif":"zcaron.glif","zero.glif":"zero.glif"}},"Font":{"uploaded":1476120106.5934,"licence":"gpl3","company":"Chronolabs Cooperative","title":"Nexus Serif TF Regular","version":2.001,"date":"Sun Aug 28 07:59:25 2016","creator":"root","type":"1","matrix":"0.001 0 0 0.001 0 0","named":"NexusSerifTF-Regular","painttype":"0","info":"10 dict dup","name":"NexusSerifTF-Regular","family":"NexusSerifTF-Regular","weight":"Normal","fstype":"0","italicangle":"0","underlineposition":"","underlinethickness":""},"Table":{"FFTM":{"entryLength":16,"tag":"FFTM","checksum":1947117580,"offset":32548,"length":28},"GDEF":{"entryLength":16,"tag":"GDEF","checksum":20185092,"offset":32516,"length":32},"OS\/2":{"entryLength":16,"tag":"OS\/2","checksum":1466440304,"offset":344,"length":86},"cmap":{"entryLength":16,"tag":"cmap","checksum":2577654801,"offset":1480,"length":598},"gasp":{"entryLength":16,"tag":"gasp","checksum":4294901763,"offset":32508,"length":8},"glyf":{"entryLength":16,"tag":"glyf","checksum":1557229533,"offset":2608,"length":28200},"head":{"entryLength":16,"tag":"head","checksum":194426489,"offset":220,"length":54},"hhea":{"entryLength":16,"tag":"hhea","checksum":136315931,"offset":276,"length":36},"hmtx":{"entryLength":16,"tag":"hmtx","checksum":265365952,"offset":432,"length":1046},"loca":{"entryLength":16,"tag":"loca","checksum":4045278158,"offset":2080,"length":528},"maxp":{"entryLength":16,"tag":"maxp","checksum":22020196,"offset":312,"length":32},"name":{"entryLength":16,"tag":"name","checksum":3450582971,"offset":30808,"length":828},"post":{"entryLength":16,"tag":"post","checksum":1436847771,"offset":31636,"length":872}},"UnicodeCharMap":{"0":1,"32":3,"33":4,"34":5,"35":6,"36":7,"37":8,"38":9,"39":10,"40":11,"41":12,"42":13,"43":14,"44":15,"45":16,"46":17,"47":18,"48":19,"49":20,"50":21,"51":22,"52":23,"53":24,"54":25,"55":26,"56":27,"57":28,"58":29,"59":30,"60":31,"61":32,"62":33,"63":34,"64":35,"65":36,"66":37,"67":38,"68":39,"69":40,"70":41,"71":42,"72":43,"73":44,"74":45,"75":46,"76":47,"77":48,"78":49,"79":50,"80":51,"81":52,"82":53,"83":54,"84":55,"85":56,"86":57,"87":58,"88":59,"89":60,"90":61,"91":62,"92":63,"93":64,"94":65,"95":66,"96":67,"97":68,"98":69,"99":70,"100":71,"101":72,"102":73,"103":74,"104":75,"105":76,"106":77,"107":78,"108":79,"109":80,"110":81,"111":82,"112":83,"113":84,"114":85,"115":86,"116":87,"117":88,"118":89,"119":90,"120":91,"121":92,"122":93,"123":94,"124":95,"125":96,"126":97,"160":98,"161":99,"162":100,"163":101,"164":102,"165":103,"166":104,"167":105,"168":106,"169":107,"170":108,"171":109,"172":110,"173":111,"174":112,"175":113,"176":114,"177":115,"178":116,"179":117,"180":118,"182":120,"183":121,"184":122,"185":123,"186":124,"187":125,"188":126,"189":127,"190":128,"191":129,"192":130,"193":131,"194":132,"195":133,"196":134,"197":135,"198":136,"199":137,"200":138,"201":139,"202":140,"203":141,"204":142,"205":143,"206":144,"207":145,"208":146,"209":147,"210":148,"211":149,"212":150,"213":151,"214":152,"215":153,"216":154,"217":155,"218":156,"219":157,"220":158,"221":159,"222":160,"223":161,"224":162,"225":163,"226":164,"227":165,"228":166,"229":167,"230":168,"231":169,"232":170,"233":171,"234":172,"235":173,"236":174,"237":175,"238":176,"239":177,"240":178,"241":179,"242":180,"243":181,"244":182,"245":183,"246":184,"247":185,"248":186,"249":187,"250":188,"251":189,"252":190,"253":191,"254":192,"255":193,"305":223,"321":221,"322":224,"338":222,"339":225,"352":229,"353":231,"376":232,"381":226,"382":227,"402":197,"710":212,"711":219,"728":214,"729":215,"730":216,"731":218,"732":213,"733":217,"956":119,"8211":203,"8212":220,"8216":195,"8217":194,"8218":207,"8220":198,"8221":209,"8222":208,"8224":204,"8225":205,"8226":206,"8230":210,"8240":211,"8249":199,"8250":200,"8260":196,"8364":228,"8482":230,"8722":233,"8729":259,"8740":260,"8743":261,"8901":262,"64257":201,"64258":202},"Reserves":null,"Names":[],"Nodes":{"ne":{"type":"typal","node":"ne","usage":1,"weight":1},"us":{"type":"typal","node":"us","usage":1,"weight":1},"se":{"type":"typal","node":"se","usage":1,"weight":1},"if":{"type":"typal","node":"if","usage":1,"weight":1},"re":{"type":"typal","node":"re","usage":1,"weight":1},"ar":{"type":"typal","node":"ar","usage":1,"weight":1},"nex":{"type":"typal","node":"nex","usage":1,"weight":1},"xus":{"type":"typal","node":"xus","usage":1,"weight":1},"ser":{"type":"typal","node":"ser","usage":1,"weight":1},"rif":{"type":"typal","node":"rif","usage":1,"weight":1},"reg":{"type":"typal","node":"reg","usage":1,"weight":1},"lar":{"type":"typal","node":"lar","usage":1,"weight":1},"nexu":{"type":"keys","node":"nexu","usage":1,"weight":1},"exus":{"type":"keys","node":"exus","usage":1,"weight":1},"seri":{"type":"keys","node":"seri","usage":1,"weight":1},"erif":{"type":"keys","node":"erif","usage":1,"weight":1},"regu":{"type":"keys","node":"regu","usage":1,"weight":1},"ular":{"type":"keys","node":"ular","usage":1,"weight":1},"regul":{"type":"keys","node":"regul","usage":1,"weight":1},"gular":{"type":"keys","node":"gular","usage":1,"weight":1},"nexus":{"type":"fixes","node":"nexus","usage":1,"weight":1},"serif":{"type":"fixes","node":"serif","usage":1,"weight":1},"tf":{"type":"fixes","node":"tf","usage":1,"weight":1},"regular":{"type":"fixes","node":"regular","usage":1,"weight":1}},"Contributors":[],"FontIdentity":"369f0b1f71d923eef7aa7e7969e7b6fc","Bytes":3358083,"Networking":[],"barcode":"qk11weoemwa2g","referee":"wmeai-4"}