{"CSS":{"BradleyHandITC":"BradleyHandITC.css"},"FontType":"TrueType","FontCopyright":"(c) Copyright 1994-1995 as an unpublished work by Galapagos Design Group, Inc.  All rights reserved.","FontName":"BradleyHandITC","FontSubfamily":"Light","FontSubfamilyID":"FontForge 2.0 : BradleyHandITC : 28-10-2016","FontFullName":"Bradley Hand ITC","FontVersion":"Version 1.00 ","FontWeight":null,"FontPostscriptName":"BradleyHandITC","Files":{"\/fonts\/Unpacking\/f6a60250aa40e09236cc67d618f66de42a1ac72e\/LICENCE":"\/fonts\/Unpacking\/f6a60250aa40e09236cc67d618f66de42a1ac72e\/LICENCE","\/fonts\/Unpacking\/f6a60250aa40e09236cc67d618f66de42a1ac72e\/bradleyhanditc.afm":"\/fonts\/Unpacking\/f6a60250aa40e09236cc67d618f66de42a1ac72e\/bradleyhanditc.afm","\/fonts\/Unpacking\/f6a60250aa40e09236cc67d618f66de42a1ac72e\/bradleyhanditc.bin":"\/fonts\/Unpacking\/f6a60250aa40e09236cc67d618f66de42a1ac72e\/bradleyhanditc.bin","\/fonts\/Unpacking\/f6a60250aa40e09236cc67d618f66de42a1ac72e\/bradleyhanditc.cef":"\/fonts\/Unpacking\/f6a60250aa40e09236cc67d618f66de42a1ac72e\/bradleyhanditc.cef","\/fonts\/Unpacking\/f6a60250aa40e09236cc67d618f66de42a1ac72e\/bradleyhanditc.cff":"\/fonts\/Unpacking\/f6a60250aa40e09236cc67d618f66de42a1ac72e\/bradleyhanditc.cff","\/fonts\/Unpacking\/f6a60250aa40e09236cc67d618f66de42a1ac72e\/bradleyhanditc.cid":"\/fonts\/Unpacking\/f6a60250aa40e09236cc67d618f66de42a1ac72e\/bradleyhanditc.cid","\/fonts\/Unpacking\/f6a60250aa40e09236cc67d618f66de42a1ac72e\/bradleyhanditc.dfont":"\/fonts\/Unpacking\/f6a60250aa40e09236cc67d618f66de42a1ac72e\/bradleyhanditc.dfont","\/fonts\/Unpacking\/f6a60250aa40e09236cc67d618f66de42a1ac72e\/bradleyhanditc.eot":"\/fonts\/Unpacking\/f6a60250aa40e09236cc67d618f66de42a1ac72e\/bradleyhanditc.eot","\/fonts\/Unpacking\/f6a60250aa40e09236cc67d618f66de42a1ac72e\/bradleyhanditc.fon":"\/fonts\/Unpacking\/f6a60250aa40e09236cc67d618f66de42a1ac72e\/bradleyhanditc.fon","\/fonts\/Unpacking\/f6a60250aa40e09236cc67d618f66de42a1ac72e\/bradleyhanditc.gai":"\/fonts\/Unpacking\/f6a60250aa40e09236cc67d618f66de42a1ac72e\/bradleyhanditc.gai","\/fonts\/Unpacking\/f6a60250aa40e09236cc67d618f66de42a1ac72e\/bradleyhanditc.gsf":"\/fonts\/Unpacking\/f6a60250aa40e09236cc67d618f66de42a1ac72e\/bradleyhanditc.gsf","\/fonts\/Unpacking\/f6a60250aa40e09236cc67d618f66de42a1ac72e\/bradleyhanditc.hqx":"\/fonts\/Unpacking\/f6a60250aa40e09236cc67d618f66de42a1ac72e\/bradleyhanditc.hqx","\/fonts\/Unpacking\/f6a60250aa40e09236cc67d618f66de42a1ac72e\/bradleyhanditc.ik":"\/fonts\/Unpacking\/f6a60250aa40e09236cc67d618f66de42a1ac72e\/bradleyhanditc.ik","\/fonts\/Unpacking\/f6a60250aa40e09236cc67d618f66de42a1ac72e\/bradleyhanditc.mf":"\/fonts\/Unpacking\/f6a60250aa40e09236cc67d618f66de42a1ac72e\/bradleyhanditc.mf","\/fonts\/Unpacking\/f6a60250aa40e09236cc67d618f66de42a1ac72e\/bradleyhanditc.otf":"\/fonts\/Unpacking\/f6a60250aa40e09236cc67d618f66de42a1ac72e\/bradleyhanditc.otf","\/fonts\/Unpacking\/f6a60250aa40e09236cc67d618f66de42a1ac72e\/bradleyhanditc.pcf":"\/fonts\/Unpacking\/f6a60250aa40e09236cc67d618f66de42a1ac72e\/bradleyhanditc.pcf","\/fonts\/Unpacking\/f6a60250aa40e09236cc67d618f66de42a1ac72e\/bradleyhanditc.pf3":"\/fonts\/Unpacking\/f6a60250aa40e09236cc67d618f66de42a1ac72e\/bradleyhanditc.pf3","\/fonts\/Unpacking\/f6a60250aa40e09236cc67d618f66de42a1ac72e\/bradleyhanditc.pfa":"\/fonts\/Unpacking\/f6a60250aa40e09236cc67d618f66de42a1ac72e\/bradleyhanditc.pfa","\/fonts\/Unpacking\/f6a60250aa40e09236cc67d618f66de42a1ac72e\/bradleyhanditc.pfb":"\/fonts\/Unpacking\/f6a60250aa40e09236cc67d618f66de42a1ac72e\/bradleyhanditc.pfb","\/fonts\/Unpacking\/f6a60250aa40e09236cc67d618f66de42a1ac72e\/bradleyhanditc.php":"\/fonts\/Unpacking\/f6a60250aa40e09236cc67d618f66de42a1ac72e\/bradleyhanditc.php","\/fonts\/Unpacking\/f6a60250aa40e09236cc67d618f66de42a1ac72e\/bradleyhanditc.pmf":"\/fonts\/Unpacking\/f6a60250aa40e09236cc67d618f66de42a1ac72e\/bradleyhanditc.pmf","\/fonts\/Unpacking\/f6a60250aa40e09236cc67d618f66de42a1ac72e\/bradleyhanditc.pt3":"\/fonts\/Unpacking\/f6a60250aa40e09236cc67d618f66de42a1ac72e\/bradleyhanditc.pt3","\/fonts\/Unpacking\/f6a60250aa40e09236cc67d618f66de42a1ac72e\/bradleyhanditc.sfd":"\/fonts\/Unpacking\/f6a60250aa40e09236cc67d618f66de42a1ac72e\/bradleyhanditc.sfd","\/fonts\/Unpacking\/f6a60250aa40e09236cc67d618f66de42a1ac72e\/bradleyhanditc.svg":"\/fonts\/Unpacking\/f6a60250aa40e09236cc67d618f66de42a1ac72e\/bradleyhanditc.svg","\/fonts\/Unpacking\/f6a60250aa40e09236cc67d618f66de42a1ac72e\/bradleyhanditc.t42":"\/fonts\/Unpacking\/f6a60250aa40e09236cc67d618f66de42a1ac72e\/bradleyhanditc.t42","\/fonts\/Unpacking\/f6a60250aa40e09236cc67d618f66de42a1ac72e\/bradleyhanditc.ttd":"\/fonts\/Unpacking\/f6a60250aa40e09236cc67d618f66de42a1ac72e\/bradleyhanditc.ttd","\/fonts\/Unpacking\/f6a60250aa40e09236cc67d618f66de42a1ac72e\/bradleyhanditc.ttf":"\/fonts\/Unpacking\/f6a60250aa40e09236cc67d618f66de42a1ac72e\/bradleyhanditc.ttf","\/fonts\/Unpacking\/f6a60250aa40e09236cc67d618f66de42a1ac72e\/bradleyhanditc.ttg":"\/fonts\/Unpacking\/f6a60250aa40e09236cc67d618f66de42a1ac72e\/bradleyhanditc.ttg","\/fonts\/Unpacking\/f6a60250aa40e09236cc67d618f66de42a1ac72e\/bradleyhanditc.ufm":"\/fonts\/Unpacking\/f6a60250aa40e09236cc67d618f66de42a1ac72e\/bradleyhanditc.ufm","\/fonts\/Unpacking\/f6a60250aa40e09236cc67d618f66de42a1ac72e\/bradleyhanditc.woff":"\/fonts\/Unpacking\/f6a60250aa40e09236cc67d618f66de42a1ac72e\/bradleyhanditc.woff","\/fonts\/Unpacking\/f6a60250aa40e09236cc67d618f66de42a1ac72e\/bradleyhanditc.z":"\/fonts\/Unpacking\/f6a60250aa40e09236cc67d618f66de42a1ac72e\/bradleyhanditc.z","\/fonts\/Unpacking\/f6a60250aa40e09236cc67d618f66de42a1ac72e\/bradleyhanditc.ufo\/feature.fea":"\/fonts\/Unpacking\/f6a60250aa40e09236cc67d618f66de42a1ac72e\/bradleyhanditc.ufo\/feature.fea","\/fonts\/Unpacking\/f6a60250aa40e09236cc67d618f66de42a1ac72e\/bradleyhanditc.ufo\/fontinfo.plist":"\/fonts\/Unpacking\/f6a60250aa40e09236cc67d618f66de42a1ac72e\/bradleyhanditc.ufo\/fontinfo.plist","\/fonts\/Unpacking\/f6a60250aa40e09236cc67d618f66de42a1ac72e\/bradleyhanditc.ufo\/groups.plist":"\/fonts\/Unpacking\/f6a60250aa40e09236cc67d618f66de42a1ac72e\/bradleyhanditc.ufo\/groups.plist","\/fonts\/Unpacking\/f6a60250aa40e09236cc67d618f66de42a1ac72e\/bradleyhanditc.ufo\/kerning.plist":"\/fonts\/Unpacking\/f6a60250aa40e09236cc67d618f66de42a1ac72e\/bradleyhanditc.ufo\/kerning.plist","\/fonts\/Unpacking\/f6a60250aa40e09236cc67d618f66de42a1ac72e\/bradleyhanditc.ufo\/metainfo.plist":"\/fonts\/Unpacking\/f6a60250aa40e09236cc67d618f66de42a1ac72e\/bradleyhanditc.ufo\/metainfo.plist","\/fonts\/Unpacking\/f6a60250aa40e09236cc67d618f66de42a1ac72e\/bradleyhanditc.ufo\/glyphs\/A_.glif":"\/fonts\/Unpacking\/f6a60250aa40e09236cc67d618f66de42a1ac72e\/bradleyhanditc.ufo\/glyphs\/A_.glif","\/fonts\/Unpacking\/f6a60250aa40e09236cc67d618f66de42a1ac72e\/bradleyhanditc.ufo\/glyphs\/A_E_.glif":"\/fonts\/Unpacking\/f6a60250aa40e09236cc67d618f66de42a1ac72e\/bradleyhanditc.ufo\/glyphs\/A_E_.glif","\/fonts\/Unpacking\/f6a60250aa40e09236cc67d618f66de42a1ac72e\/bradleyhanditc.ufo\/glyphs\/A_acute.glif":"\/fonts\/Unpacking\/f6a60250aa40e09236cc67d618f66de42a1ac72e\/bradleyhanditc.ufo\/glyphs\/A_acute.glif","\/fonts\/Unpacking\/f6a60250aa40e09236cc67d618f66de42a1ac72e\/bradleyhanditc.ufo\/glyphs\/A_circumflex.glif":"\/fonts\/Unpacking\/f6a60250aa40e09236cc67d618f66de42a1ac72e\/bradleyhanditc.ufo\/glyphs\/A_circumflex.glif","\/fonts\/Unpacking\/f6a60250aa40e09236cc67d618f66de42a1ac72e\/bradleyhanditc.ufo\/glyphs\/A_dieresis.glif":"\/fonts\/Unpacking\/f6a60250aa40e09236cc67d618f66de42a1ac72e\/bradleyhanditc.ufo\/glyphs\/A_dieresis.glif","\/fonts\/Unpacking\/f6a60250aa40e09236cc67d618f66de42a1ac72e\/bradleyhanditc.ufo\/glyphs\/A_grave.glif":"\/fonts\/Unpacking\/f6a60250aa40e09236cc67d618f66de42a1ac72e\/bradleyhanditc.ufo\/glyphs\/A_grave.glif","\/fonts\/Unpacking\/f6a60250aa40e09236cc67d618f66de42a1ac72e\/bradleyhanditc.ufo\/glyphs\/A_ring.glif":"\/fonts\/Unpacking\/f6a60250aa40e09236cc67d618f66de42a1ac72e\/bradleyhanditc.ufo\/glyphs\/A_ring.glif","\/fonts\/Unpacking\/f6a60250aa40e09236cc67d618f66de42a1ac72e\/bradleyhanditc.ufo\/glyphs\/A_tilde.glif":"\/fonts\/Unpacking\/f6a60250aa40e09236cc67d618f66de42a1ac72e\/bradleyhanditc.ufo\/glyphs\/A_tilde.glif","\/fonts\/Unpacking\/f6a60250aa40e09236cc67d618f66de42a1ac72e\/bradleyhanditc.ufo\/glyphs\/B_.glif":"\/fonts\/Unpacking\/f6a60250aa40e09236cc67d618f66de42a1ac72e\/bradleyhanditc.ufo\/glyphs\/B_.glif","\/fonts\/Unpacking\/f6a60250aa40e09236cc67d618f66de42a1ac72e\/bradleyhanditc.ufo\/glyphs\/C_.glif":"\/fonts\/Unpacking\/f6a60250aa40e09236cc67d618f66de42a1ac72e\/bradleyhanditc.ufo\/glyphs\/C_.glif","\/fonts\/Unpacking\/f6a60250aa40e09236cc67d618f66de42a1ac72e\/bradleyhanditc.ufo\/glyphs\/C_cedilla.glif":"\/fonts\/Unpacking\/f6a60250aa40e09236cc67d618f66de42a1ac72e\/bradleyhanditc.ufo\/glyphs\/C_cedilla.glif","\/fonts\/Unpacking\/f6a60250aa40e09236cc67d618f66de42a1ac72e\/bradleyhanditc.ufo\/glyphs\/D_.glif":"\/fonts\/Unpacking\/f6a60250aa40e09236cc67d618f66de42a1ac72e\/bradleyhanditc.ufo\/glyphs\/D_.glif","\/fonts\/Unpacking\/f6a60250aa40e09236cc67d618f66de42a1ac72e\/bradleyhanditc.ufo\/glyphs\/E_.glif":"\/fonts\/Unpacking\/f6a60250aa40e09236cc67d618f66de42a1ac72e\/bradleyhanditc.ufo\/glyphs\/E_.glif","\/fonts\/Unpacking\/f6a60250aa40e09236cc67d618f66de42a1ac72e\/bradleyhanditc.ufo\/glyphs\/E_acute.glif":"\/fonts\/Unpacking\/f6a60250aa40e09236cc67d618f66de42a1ac72e\/bradleyhanditc.ufo\/glyphs\/E_acute.glif","\/fonts\/Unpacking\/f6a60250aa40e09236cc67d618f66de42a1ac72e\/bradleyhanditc.ufo\/glyphs\/E_circumflex.glif":"\/fonts\/Unpacking\/f6a60250aa40e09236cc67d618f66de42a1ac72e\/bradleyhanditc.ufo\/glyphs\/E_circumflex.glif","\/fonts\/Unpacking\/f6a60250aa40e09236cc67d618f66de42a1ac72e\/bradleyhanditc.ufo\/glyphs\/E_dieresis.glif":"\/fonts\/Unpacking\/f6a60250aa40e09236cc67d618f66de42a1ac72e\/bradleyhanditc.ufo\/glyphs\/E_dieresis.glif","\/fonts\/Unpacking\/f6a60250aa40e09236cc67d618f66de42a1ac72e\/bradleyhanditc.ufo\/glyphs\/E_grave.glif":"\/fonts\/Unpacking\/f6a60250aa40e09236cc67d618f66de42a1ac72e\/bradleyhanditc.ufo\/glyphs\/E_grave.glif","\/fonts\/Unpacking\/f6a60250aa40e09236cc67d618f66de42a1ac72e\/bradleyhanditc.ufo\/glyphs\/E_th.glif":"\/fonts\/Unpacking\/f6a60250aa40e09236cc67d618f66de42a1ac72e\/bradleyhanditc.ufo\/glyphs\/E_th.glif","\/fonts\/Unpacking\/f6a60250aa40e09236cc67d618f66de42a1ac72e\/bradleyhanditc.ufo\/glyphs\/F_.glif":"\/fonts\/Unpacking\/f6a60250aa40e09236cc67d618f66de42a1ac72e\/bradleyhanditc.ufo\/glyphs\/F_.glif","\/fonts\/Unpacking\/f6a60250aa40e09236cc67d618f66de42a1ac72e\/bradleyhanditc.ufo\/glyphs\/G_.glif":"\/fonts\/Unpacking\/f6a60250aa40e09236cc67d618f66de42a1ac72e\/bradleyhanditc.ufo\/glyphs\/G_.glif","\/fonts\/Unpacking\/f6a60250aa40e09236cc67d618f66de42a1ac72e\/bradleyhanditc.ufo\/glyphs\/H_.glif":"\/fonts\/Unpacking\/f6a60250aa40e09236cc67d618f66de42a1ac72e\/bradleyhanditc.ufo\/glyphs\/H_.glif","\/fonts\/Unpacking\/f6a60250aa40e09236cc67d618f66de42a1ac72e\/bradleyhanditc.ufo\/glyphs\/I_.glif":"\/fonts\/Unpacking\/f6a60250aa40e09236cc67d618f66de42a1ac72e\/bradleyhanditc.ufo\/glyphs\/I_.glif","\/fonts\/Unpacking\/f6a60250aa40e09236cc67d618f66de42a1ac72e\/bradleyhanditc.ufo\/glyphs\/I_acute.glif":"\/fonts\/Unpacking\/f6a60250aa40e09236cc67d618f66de42a1ac72e\/bradleyhanditc.ufo\/glyphs\/I_acute.glif","\/fonts\/Unpacking\/f6a60250aa40e09236cc67d618f66de42a1ac72e\/bradleyhanditc.ufo\/glyphs\/I_circumflex.glif":"\/fonts\/Unpacking\/f6a60250aa40e09236cc67d618f66de42a1ac72e\/bradleyhanditc.ufo\/glyphs\/I_circumflex.glif","\/fonts\/Unpacking\/f6a60250aa40e09236cc67d618f66de42a1ac72e\/bradleyhanditc.ufo\/glyphs\/I_dieresis.glif":"\/fonts\/Unpacking\/f6a60250aa40e09236cc67d618f66de42a1ac72e\/bradleyhanditc.ufo\/glyphs\/I_dieresis.glif","\/fonts\/Unpacking\/f6a60250aa40e09236cc67d618f66de42a1ac72e\/bradleyhanditc.ufo\/glyphs\/I_grave.glif":"\/fonts\/Unpacking\/f6a60250aa40e09236cc67d618f66de42a1ac72e\/bradleyhanditc.ufo\/glyphs\/I_grave.glif","\/fonts\/Unpacking\/f6a60250aa40e09236cc67d618f66de42a1ac72e\/bradleyhanditc.ufo\/glyphs\/J_.glif":"\/fonts\/Unpacking\/f6a60250aa40e09236cc67d618f66de42a1ac72e\/bradleyhanditc.ufo\/glyphs\/J_.glif","\/fonts\/Unpacking\/f6a60250aa40e09236cc67d618f66de42a1ac72e\/bradleyhanditc.ufo\/glyphs\/K_.glif":"\/fonts\/Unpacking\/f6a60250aa40e09236cc67d618f66de42a1ac72e\/bradleyhanditc.ufo\/glyphs\/K_.glif","\/fonts\/Unpacking\/f6a60250aa40e09236cc67d618f66de42a1ac72e\/bradleyhanditc.ufo\/glyphs\/L_.glif":"\/fonts\/Unpacking\/f6a60250aa40e09236cc67d618f66de42a1ac72e\/bradleyhanditc.ufo\/glyphs\/L_.glif","\/fonts\/Unpacking\/f6a60250aa40e09236cc67d618f66de42a1ac72e\/bradleyhanditc.ufo\/glyphs\/M_.glif":"\/fonts\/Unpacking\/f6a60250aa40e09236cc67d618f66de42a1ac72e\/bradleyhanditc.ufo\/glyphs\/M_.glif","\/fonts\/Unpacking\/f6a60250aa40e09236cc67d618f66de42a1ac72e\/bradleyhanditc.ufo\/glyphs\/N_.glif":"\/fonts\/Unpacking\/f6a60250aa40e09236cc67d618f66de42a1ac72e\/bradleyhanditc.ufo\/glyphs\/N_.glif","\/fonts\/Unpacking\/f6a60250aa40e09236cc67d618f66de42a1ac72e\/bradleyhanditc.ufo\/glyphs\/N_tilde.glif":"\/fonts\/Unpacking\/f6a60250aa40e09236cc67d618f66de42a1ac72e\/bradleyhanditc.ufo\/glyphs\/N_tilde.glif","\/fonts\/Unpacking\/f6a60250aa40e09236cc67d618f66de42a1ac72e\/bradleyhanditc.ufo\/glyphs\/O_.glif":"\/fonts\/Unpacking\/f6a60250aa40e09236cc67d618f66de42a1ac72e\/bradleyhanditc.ufo\/glyphs\/O_.glif","\/fonts\/Unpacking\/f6a60250aa40e09236cc67d618f66de42a1ac72e\/bradleyhanditc.ufo\/glyphs\/O_E_.glif":"\/fonts\/Unpacking\/f6a60250aa40e09236cc67d618f66de42a1ac72e\/bradleyhanditc.ufo\/glyphs\/O_E_.glif","\/fonts\/Unpacking\/f6a60250aa40e09236cc67d618f66de42a1ac72e\/bradleyhanditc.ufo\/glyphs\/O_acute.glif":"\/fonts\/Unpacking\/f6a60250aa40e09236cc67d618f66de42a1ac72e\/bradleyhanditc.ufo\/glyphs\/O_acute.glif","\/fonts\/Unpacking\/f6a60250aa40e09236cc67d618f66de42a1ac72e\/bradleyhanditc.ufo\/glyphs\/O_circumflex.glif":"\/fonts\/Unpacking\/f6a60250aa40e09236cc67d618f66de42a1ac72e\/bradleyhanditc.ufo\/glyphs\/O_circumflex.glif","\/fonts\/Unpacking\/f6a60250aa40e09236cc67d618f66de42a1ac72e\/bradleyhanditc.ufo\/glyphs\/O_dieresis.glif":"\/fonts\/Unpacking\/f6a60250aa40e09236cc67d618f66de42a1ac72e\/bradleyhanditc.ufo\/glyphs\/O_dieresis.glif","\/fonts\/Unpacking\/f6a60250aa40e09236cc67d618f66de42a1ac72e\/bradleyhanditc.ufo\/glyphs\/O_grave.glif":"\/fonts\/Unpacking\/f6a60250aa40e09236cc67d618f66de42a1ac72e\/bradleyhanditc.ufo\/glyphs\/O_grave.glif","\/fonts\/Unpacking\/f6a60250aa40e09236cc67d618f66de42a1ac72e\/bradleyhanditc.ufo\/glyphs\/O_slash.glif":"\/fonts\/Unpacking\/f6a60250aa40e09236cc67d618f66de42a1ac72e\/bradleyhanditc.ufo\/glyphs\/O_slash.glif","\/fonts\/Unpacking\/f6a60250aa40e09236cc67d618f66de42a1ac72e\/bradleyhanditc.ufo\/glyphs\/O_tilde.glif":"\/fonts\/Unpacking\/f6a60250aa40e09236cc67d618f66de42a1ac72e\/bradleyhanditc.ufo\/glyphs\/O_tilde.glif","\/fonts\/Unpacking\/f6a60250aa40e09236cc67d618f66de42a1ac72e\/bradleyhanditc.ufo\/glyphs\/P_.glif":"\/fonts\/Unpacking\/f6a60250aa40e09236cc67d618f66de42a1ac72e\/bradleyhanditc.ufo\/glyphs\/P_.glif","\/fonts\/Unpacking\/f6a60250aa40e09236cc67d618f66de42a1ac72e\/bradleyhanditc.ufo\/glyphs\/Q_.glif":"\/fonts\/Unpacking\/f6a60250aa40e09236cc67d618f66de42a1ac72e\/bradleyhanditc.ufo\/glyphs\/Q_.glif","\/fonts\/Unpacking\/f6a60250aa40e09236cc67d618f66de42a1ac72e\/bradleyhanditc.ufo\/glyphs\/R_.glif":"\/fonts\/Unpacking\/f6a60250aa40e09236cc67d618f66de42a1ac72e\/bradleyhanditc.ufo\/glyphs\/R_.glif","\/fonts\/Unpacking\/f6a60250aa40e09236cc67d618f66de42a1ac72e\/bradleyhanditc.ufo\/glyphs\/S_.glif":"\/fonts\/Unpacking\/f6a60250aa40e09236cc67d618f66de42a1ac72e\/bradleyhanditc.ufo\/glyphs\/S_.glif","\/fonts\/Unpacking\/f6a60250aa40e09236cc67d618f66de42a1ac72e\/bradleyhanditc.ufo\/glyphs\/S_caron.glif":"\/fonts\/Unpacking\/f6a60250aa40e09236cc67d618f66de42a1ac72e\/bradleyhanditc.ufo\/glyphs\/S_caron.glif","\/fonts\/Unpacking\/f6a60250aa40e09236cc67d618f66de42a1ac72e\/bradleyhanditc.ufo\/glyphs\/T_.glif":"\/fonts\/Unpacking\/f6a60250aa40e09236cc67d618f66de42a1ac72e\/bradleyhanditc.ufo\/glyphs\/T_.glif","\/fonts\/Unpacking\/f6a60250aa40e09236cc67d618f66de42a1ac72e\/bradleyhanditc.ufo\/glyphs\/T_horn.glif":"\/fonts\/Unpacking\/f6a60250aa40e09236cc67d618f66de42a1ac72e\/bradleyhanditc.ufo\/glyphs\/T_horn.glif","\/fonts\/Unpacking\/f6a60250aa40e09236cc67d618f66de42a1ac72e\/bradleyhanditc.ufo\/glyphs\/U_.glif":"\/fonts\/Unpacking\/f6a60250aa40e09236cc67d618f66de42a1ac72e\/bradleyhanditc.ufo\/glyphs\/U_.glif","\/fonts\/Unpacking\/f6a60250aa40e09236cc67d618f66de42a1ac72e\/bradleyhanditc.ufo\/glyphs\/U_acute.glif":"\/fonts\/Unpacking\/f6a60250aa40e09236cc67d618f66de42a1ac72e\/bradleyhanditc.ufo\/glyphs\/U_acute.glif","\/fonts\/Unpacking\/f6a60250aa40e09236cc67d618f66de42a1ac72e\/bradleyhanditc.ufo\/glyphs\/U_circumflex.glif":"\/fonts\/Unpacking\/f6a60250aa40e09236cc67d618f66de42a1ac72e\/bradleyhanditc.ufo\/glyphs\/U_circumflex.glif","\/fonts\/Unpacking\/f6a60250aa40e09236cc67d618f66de42a1ac72e\/bradleyhanditc.ufo\/glyphs\/U_dieresis.glif":"\/fonts\/Unpacking\/f6a60250aa40e09236cc67d618f66de42a1ac72e\/bradleyhanditc.ufo\/glyphs\/U_dieresis.glif","\/fonts\/Unpacking\/f6a60250aa40e09236cc67d618f66de42a1ac72e\/bradleyhanditc.ufo\/glyphs\/U_grave.glif":"\/fonts\/Unpacking\/f6a60250aa40e09236cc67d618f66de42a1ac72e\/bradleyhanditc.ufo\/glyphs\/U_grave.glif","\/fonts\/Unpacking\/f6a60250aa40e09236cc67d618f66de42a1ac72e\/bradleyhanditc.ufo\/glyphs\/V_.glif":"\/fonts\/Unpacking\/f6a60250aa40e09236cc67d618f66de42a1ac72e\/bradleyhanditc.ufo\/glyphs\/V_.glif","\/fonts\/Unpacking\/f6a60250aa40e09236cc67d618f66de42a1ac72e\/bradleyhanditc.ufo\/glyphs\/W_.glif":"\/fonts\/Unpacking\/f6a60250aa40e09236cc67d618f66de42a1ac72e\/bradleyhanditc.ufo\/glyphs\/W_.glif","\/fonts\/Unpacking\/f6a60250aa40e09236cc67d618f66de42a1ac72e\/bradleyhanditc.ufo\/glyphs\/X_.glif":"\/fonts\/Unpacking\/f6a60250aa40e09236cc67d618f66de42a1ac72e\/bradleyhanditc.ufo\/glyphs\/X_.glif","\/fonts\/Unpacking\/f6a60250aa40e09236cc67d618f66de42a1ac72e\/bradleyhanditc.ufo\/glyphs\/Y_.glif":"\/fonts\/Unpacking\/f6a60250aa40e09236cc67d618f66de42a1ac72e\/bradleyhanditc.ufo\/glyphs\/Y_.glif","\/fonts\/Unpacking\/f6a60250aa40e09236cc67d618f66de42a1ac72e\/bradleyhanditc.ufo\/glyphs\/Y_acute.glif":"\/fonts\/Unpacking\/f6a60250aa40e09236cc67d618f66de42a1ac72e\/bradleyhanditc.ufo\/glyphs\/Y_acute.glif","\/fonts\/Unpacking\/f6a60250aa40e09236cc67d618f66de42a1ac72e\/bradleyhanditc.ufo\/glyphs\/Y_dieresis.glif":"\/fonts\/Unpacking\/f6a60250aa40e09236cc67d618f66de42a1ac72e\/bradleyhanditc.ufo\/glyphs\/Y_dieresis.glif","\/fonts\/Unpacking\/f6a60250aa40e09236cc67d618f66de42a1ac72e\/bradleyhanditc.ufo\/glyphs\/Z_.glif":"\/fonts\/Unpacking\/f6a60250aa40e09236cc67d618f66de42a1ac72e\/bradleyhanditc.ufo\/glyphs\/Z_.glif","\/fonts\/Unpacking\/f6a60250aa40e09236cc67d618f66de42a1ac72e\/bradleyhanditc.ufo\/glyphs\/_notdef.glif":"\/fonts\/Unpacking\/f6a60250aa40e09236cc67d618f66de42a1ac72e\/bradleyhanditc.ufo\/glyphs\/_notdef.glif","\/fonts\/Unpacking\/f6a60250aa40e09236cc67d618f66de42a1ac72e\/bradleyhanditc.ufo\/glyphs\/a.glif":"\/fonts\/Unpacking\/f6a60250aa40e09236cc67d618f66de42a1ac72e\/bradleyhanditc.ufo\/glyphs\/a.glif","\/fonts\/Unpacking\/f6a60250aa40e09236cc67d618f66de42a1ac72e\/bradleyhanditc.ufo\/glyphs\/aacute.glif":"\/fonts\/Unpacking\/f6a60250aa40e09236cc67d618f66de42a1ac72e\/bradleyhanditc.ufo\/glyphs\/aacute.glif","\/fonts\/Unpacking\/f6a60250aa40e09236cc67d618f66de42a1ac72e\/bradleyhanditc.ufo\/glyphs\/acircumflex.glif":"\/fonts\/Unpacking\/f6a60250aa40e09236cc67d618f66de42a1ac72e\/bradleyhanditc.ufo\/glyphs\/acircumflex.glif","\/fonts\/Unpacking\/f6a60250aa40e09236cc67d618f66de42a1ac72e\/bradleyhanditc.ufo\/glyphs\/acute.glif":"\/fonts\/Unpacking\/f6a60250aa40e09236cc67d618f66de42a1ac72e\/bradleyhanditc.ufo\/glyphs\/acute.glif","\/fonts\/Unpacking\/f6a60250aa40e09236cc67d618f66de42a1ac72e\/bradleyhanditc.ufo\/glyphs\/adieresis.glif":"\/fonts\/Unpacking\/f6a60250aa40e09236cc67d618f66de42a1ac72e\/bradleyhanditc.ufo\/glyphs\/adieresis.glif","\/fonts\/Unpacking\/f6a60250aa40e09236cc67d618f66de42a1ac72e\/bradleyhanditc.ufo\/glyphs\/ae.glif":"\/fonts\/Unpacking\/f6a60250aa40e09236cc67d618f66de42a1ac72e\/bradleyhanditc.ufo\/glyphs\/ae.glif","\/fonts\/Unpacking\/f6a60250aa40e09236cc67d618f66de42a1ac72e\/bradleyhanditc.ufo\/glyphs\/agrave.glif":"\/fonts\/Unpacking\/f6a60250aa40e09236cc67d618f66de42a1ac72e\/bradleyhanditc.ufo\/glyphs\/agrave.glif","\/fonts\/Unpacking\/f6a60250aa40e09236cc67d618f66de42a1ac72e\/bradleyhanditc.ufo\/glyphs\/ampersand.glif":"\/fonts\/Unpacking\/f6a60250aa40e09236cc67d618f66de42a1ac72e\/bradleyhanditc.ufo\/glyphs\/ampersand.glif","\/fonts\/Unpacking\/f6a60250aa40e09236cc67d618f66de42a1ac72e\/bradleyhanditc.ufo\/glyphs\/aring.glif":"\/fonts\/Unpacking\/f6a60250aa40e09236cc67d618f66de42a1ac72e\/bradleyhanditc.ufo\/glyphs\/aring.glif","\/fonts\/Unpacking\/f6a60250aa40e09236cc67d618f66de42a1ac72e\/bradleyhanditc.ufo\/glyphs\/asciicircum.glif":"\/fonts\/Unpacking\/f6a60250aa40e09236cc67d618f66de42a1ac72e\/bradleyhanditc.ufo\/glyphs\/asciicircum.glif","\/fonts\/Unpacking\/f6a60250aa40e09236cc67d618f66de42a1ac72e\/bradleyhanditc.ufo\/glyphs\/asciitilde.glif":"\/fonts\/Unpacking\/f6a60250aa40e09236cc67d618f66de42a1ac72e\/bradleyhanditc.ufo\/glyphs\/asciitilde.glif","\/fonts\/Unpacking\/f6a60250aa40e09236cc67d618f66de42a1ac72e\/bradleyhanditc.ufo\/glyphs\/asterisk.glif":"\/fonts\/Unpacking\/f6a60250aa40e09236cc67d618f66de42a1ac72e\/bradleyhanditc.ufo\/glyphs\/asterisk.glif","\/fonts\/Unpacking\/f6a60250aa40e09236cc67d618f66de42a1ac72e\/bradleyhanditc.ufo\/glyphs\/at.glif":"\/fonts\/Unpacking\/f6a60250aa40e09236cc67d618f66de42a1ac72e\/bradleyhanditc.ufo\/glyphs\/at.glif","\/fonts\/Unpacking\/f6a60250aa40e09236cc67d618f66de42a1ac72e\/bradleyhanditc.ufo\/glyphs\/atilde.glif":"\/fonts\/Unpacking\/f6a60250aa40e09236cc67d618f66de42a1ac72e\/bradleyhanditc.ufo\/glyphs\/atilde.glif","\/fonts\/Unpacking\/f6a60250aa40e09236cc67d618f66de42a1ac72e\/bradleyhanditc.ufo\/glyphs\/b.glif":"\/fonts\/Unpacking\/f6a60250aa40e09236cc67d618f66de42a1ac72e\/bradleyhanditc.ufo\/glyphs\/b.glif","\/fonts\/Unpacking\/f6a60250aa40e09236cc67d618f66de42a1ac72e\/bradleyhanditc.ufo\/glyphs\/backslash.glif":"\/fonts\/Unpacking\/f6a60250aa40e09236cc67d618f66de42a1ac72e\/bradleyhanditc.ufo\/glyphs\/backslash.glif","\/fonts\/Unpacking\/f6a60250aa40e09236cc67d618f66de42a1ac72e\/bradleyhanditc.ufo\/glyphs\/bar.glif":"\/fonts\/Unpacking\/f6a60250aa40e09236cc67d618f66de42a1ac72e\/bradleyhanditc.ufo\/glyphs\/bar.glif","\/fonts\/Unpacking\/f6a60250aa40e09236cc67d618f66de42a1ac72e\/bradleyhanditc.ufo\/glyphs\/braceleft.glif":"\/fonts\/Unpacking\/f6a60250aa40e09236cc67d618f66de42a1ac72e\/bradleyhanditc.ufo\/glyphs\/braceleft.glif","\/fonts\/Unpacking\/f6a60250aa40e09236cc67d618f66de42a1ac72e\/bradleyhanditc.ufo\/glyphs\/braceright.glif":"\/fonts\/Unpacking\/f6a60250aa40e09236cc67d618f66de42a1ac72e\/bradleyhanditc.ufo\/glyphs\/braceright.glif","\/fonts\/Unpacking\/f6a60250aa40e09236cc67d618f66de42a1ac72e\/bradleyhanditc.ufo\/glyphs\/bracketleft.glif":"\/fonts\/Unpacking\/f6a60250aa40e09236cc67d618f66de42a1ac72e\/bradleyhanditc.ufo\/glyphs\/bracketleft.glif","\/fonts\/Unpacking\/f6a60250aa40e09236cc67d618f66de42a1ac72e\/bradleyhanditc.ufo\/glyphs\/bracketright.glif":"\/fonts\/Unpacking\/f6a60250aa40e09236cc67d618f66de42a1ac72e\/bradleyhanditc.ufo\/glyphs\/bracketright.glif","\/fonts\/Unpacking\/f6a60250aa40e09236cc67d618f66de42a1ac72e\/bradleyhanditc.ufo\/glyphs\/brokenbar.glif":"\/fonts\/Unpacking\/f6a60250aa40e09236cc67d618f66de42a1ac72e\/bradleyhanditc.ufo\/glyphs\/brokenbar.glif","\/fonts\/Unpacking\/f6a60250aa40e09236cc67d618f66de42a1ac72e\/bradleyhanditc.ufo\/glyphs\/bullet.glif":"\/fonts\/Unpacking\/f6a60250aa40e09236cc67d618f66de42a1ac72e\/bradleyhanditc.ufo\/glyphs\/bullet.glif","\/fonts\/Unpacking\/f6a60250aa40e09236cc67d618f66de42a1ac72e\/bradleyhanditc.ufo\/glyphs\/c.glif":"\/fonts\/Unpacking\/f6a60250aa40e09236cc67d618f66de42a1ac72e\/bradleyhanditc.ufo\/glyphs\/c.glif","\/fonts\/Unpacking\/f6a60250aa40e09236cc67d618f66de42a1ac72e\/bradleyhanditc.ufo\/glyphs\/ccedilla.glif":"\/fonts\/Unpacking\/f6a60250aa40e09236cc67d618f66de42a1ac72e\/bradleyhanditc.ufo\/glyphs\/ccedilla.glif","\/fonts\/Unpacking\/f6a60250aa40e09236cc67d618f66de42a1ac72e\/bradleyhanditc.ufo\/glyphs\/cedilla.glif":"\/fonts\/Unpacking\/f6a60250aa40e09236cc67d618f66de42a1ac72e\/bradleyhanditc.ufo\/glyphs\/cedilla.glif","\/fonts\/Unpacking\/f6a60250aa40e09236cc67d618f66de42a1ac72e\/bradleyhanditc.ufo\/glyphs\/cent.glif":"\/fonts\/Unpacking\/f6a60250aa40e09236cc67d618f66de42a1ac72e\/bradleyhanditc.ufo\/glyphs\/cent.glif","\/fonts\/Unpacking\/f6a60250aa40e09236cc67d618f66de42a1ac72e\/bradleyhanditc.ufo\/glyphs\/circumflex.glif":"\/fonts\/Unpacking\/f6a60250aa40e09236cc67d618f66de42a1ac72e\/bradleyhanditc.ufo\/glyphs\/circumflex.glif","\/fonts\/Unpacking\/f6a60250aa40e09236cc67d618f66de42a1ac72e\/bradleyhanditc.ufo\/glyphs\/colon.glif":"\/fonts\/Unpacking\/f6a60250aa40e09236cc67d618f66de42a1ac72e\/bradleyhanditc.ufo\/glyphs\/colon.glif","\/fonts\/Unpacking\/f6a60250aa40e09236cc67d618f66de42a1ac72e\/bradleyhanditc.ufo\/glyphs\/comma.glif":"\/fonts\/Unpacking\/f6a60250aa40e09236cc67d618f66de42a1ac72e\/bradleyhanditc.ufo\/glyphs\/comma.glif","\/fonts\/Unpacking\/f6a60250aa40e09236cc67d618f66de42a1ac72e\/bradleyhanditc.ufo\/glyphs\/contents.plist":"\/fonts\/Unpacking\/f6a60250aa40e09236cc67d618f66de42a1ac72e\/bradleyhanditc.ufo\/glyphs\/contents.plist","\/fonts\/Unpacking\/f6a60250aa40e09236cc67d618f66de42a1ac72e\/bradleyhanditc.ufo\/glyphs\/copyright.glif":"\/fonts\/Unpacking\/f6a60250aa40e09236cc67d618f66de42a1ac72e\/bradleyhanditc.ufo\/glyphs\/copyright.glif","\/fonts\/Unpacking\/f6a60250aa40e09236cc67d618f66de42a1ac72e\/bradleyhanditc.ufo\/glyphs\/currency.glif":"\/fonts\/Unpacking\/f6a60250aa40e09236cc67d618f66de42a1ac72e\/bradleyhanditc.ufo\/glyphs\/currency.glif","\/fonts\/Unpacking\/f6a60250aa40e09236cc67d618f66de42a1ac72e\/bradleyhanditc.ufo\/glyphs\/d.glif":"\/fonts\/Unpacking\/f6a60250aa40e09236cc67d618f66de42a1ac72e\/bradleyhanditc.ufo\/glyphs\/d.glif","\/fonts\/Unpacking\/f6a60250aa40e09236cc67d618f66de42a1ac72e\/bradleyhanditc.ufo\/glyphs\/dagger.glif":"\/fonts\/Unpacking\/f6a60250aa40e09236cc67d618f66de42a1ac72e\/bradleyhanditc.ufo\/glyphs\/dagger.glif","\/fonts\/Unpacking\/f6a60250aa40e09236cc67d618f66de42a1ac72e\/bradleyhanditc.ufo\/glyphs\/daggerdbl.glif":"\/fonts\/Unpacking\/f6a60250aa40e09236cc67d618f66de42a1ac72e\/bradleyhanditc.ufo\/glyphs\/daggerdbl.glif","\/fonts\/Unpacking\/f6a60250aa40e09236cc67d618f66de42a1ac72e\/bradleyhanditc.ufo\/glyphs\/degree.glif":"\/fonts\/Unpacking\/f6a60250aa40e09236cc67d618f66de42a1ac72e\/bradleyhanditc.ufo\/glyphs\/degree.glif","\/fonts\/Unpacking\/f6a60250aa40e09236cc67d618f66de42a1ac72e\/bradleyhanditc.ufo\/glyphs\/dieresis.glif":"\/fonts\/Unpacking\/f6a60250aa40e09236cc67d618f66de42a1ac72e\/bradleyhanditc.ufo\/glyphs\/dieresis.glif","\/fonts\/Unpacking\/f6a60250aa40e09236cc67d618f66de42a1ac72e\/bradleyhanditc.ufo\/glyphs\/divide.glif":"\/fonts\/Unpacking\/f6a60250aa40e09236cc67d618f66de42a1ac72e\/bradleyhanditc.ufo\/glyphs\/divide.glif","\/fonts\/Unpacking\/f6a60250aa40e09236cc67d618f66de42a1ac72e\/bradleyhanditc.ufo\/glyphs\/dollar.glif":"\/fonts\/Unpacking\/f6a60250aa40e09236cc67d618f66de42a1ac72e\/bradleyhanditc.ufo\/glyphs\/dollar.glif","\/fonts\/Unpacking\/f6a60250aa40e09236cc67d618f66de42a1ac72e\/bradleyhanditc.ufo\/glyphs\/e.glif":"\/fonts\/Unpacking\/f6a60250aa40e09236cc67d618f66de42a1ac72e\/bradleyhanditc.ufo\/glyphs\/e.glif","\/fonts\/Unpacking\/f6a60250aa40e09236cc67d618f66de42a1ac72e\/bradleyhanditc.ufo\/glyphs\/eacute.glif":"\/fonts\/Unpacking\/f6a60250aa40e09236cc67d618f66de42a1ac72e\/bradleyhanditc.ufo\/glyphs\/eacute.glif","\/fonts\/Unpacking\/f6a60250aa40e09236cc67d618f66de42a1ac72e\/bradleyhanditc.ufo\/glyphs\/ecircumflex.glif":"\/fonts\/Unpacking\/f6a60250aa40e09236cc67d618f66de42a1ac72e\/bradleyhanditc.ufo\/glyphs\/ecircumflex.glif","\/fonts\/Unpacking\/f6a60250aa40e09236cc67d618f66de42a1ac72e\/bradleyhanditc.ufo\/glyphs\/edieresis.glif":"\/fonts\/Unpacking\/f6a60250aa40e09236cc67d618f66de42a1ac72e\/bradleyhanditc.ufo\/glyphs\/edieresis.glif","\/fonts\/Unpacking\/f6a60250aa40e09236cc67d618f66de42a1ac72e\/bradleyhanditc.ufo\/glyphs\/egrave.glif":"\/fonts\/Unpacking\/f6a60250aa40e09236cc67d618f66de42a1ac72e\/bradleyhanditc.ufo\/glyphs\/egrave.glif","\/fonts\/Unpacking\/f6a60250aa40e09236cc67d618f66de42a1ac72e\/bradleyhanditc.ufo\/glyphs\/eight.glif":"\/fonts\/Unpacking\/f6a60250aa40e09236cc67d618f66de42a1ac72e\/bradleyhanditc.ufo\/glyphs\/eight.glif","\/fonts\/Unpacking\/f6a60250aa40e09236cc67d618f66de42a1ac72e\/bradleyhanditc.ufo\/glyphs\/ellipsis.glif":"\/fonts\/Unpacking\/f6a60250aa40e09236cc67d618f66de42a1ac72e\/bradleyhanditc.ufo\/glyphs\/ellipsis.glif","\/fonts\/Unpacking\/f6a60250aa40e09236cc67d618f66de42a1ac72e\/bradleyhanditc.ufo\/glyphs\/emdash.glif":"\/fonts\/Unpacking\/f6a60250aa40e09236cc67d618f66de42a1ac72e\/bradleyhanditc.ufo\/glyphs\/emdash.glif","\/fonts\/Unpacking\/f6a60250aa40e09236cc67d618f66de42a1ac72e\/bradleyhanditc.ufo\/glyphs\/endash.glif":"\/fonts\/Unpacking\/f6a60250aa40e09236cc67d618f66de42a1ac72e\/bradleyhanditc.ufo\/glyphs\/endash.glif","\/fonts\/Unpacking\/f6a60250aa40e09236cc67d618f66de42a1ac72e\/bradleyhanditc.ufo\/glyphs\/equal.glif":"\/fonts\/Unpacking\/f6a60250aa40e09236cc67d618f66de42a1ac72e\/bradleyhanditc.ufo\/glyphs\/equal.glif","\/fonts\/Unpacking\/f6a60250aa40e09236cc67d618f66de42a1ac72e\/bradleyhanditc.ufo\/glyphs\/eth.glif":"\/fonts\/Unpacking\/f6a60250aa40e09236cc67d618f66de42a1ac72e\/bradleyhanditc.ufo\/glyphs\/eth.glif","\/fonts\/Unpacking\/f6a60250aa40e09236cc67d618f66de42a1ac72e\/bradleyhanditc.ufo\/glyphs\/exclam.glif":"\/fonts\/Unpacking\/f6a60250aa40e09236cc67d618f66de42a1ac72e\/bradleyhanditc.ufo\/glyphs\/exclam.glif","\/fonts\/Unpacking\/f6a60250aa40e09236cc67d618f66de42a1ac72e\/bradleyhanditc.ufo\/glyphs\/exclamdown.glif":"\/fonts\/Unpacking\/f6a60250aa40e09236cc67d618f66de42a1ac72e\/bradleyhanditc.ufo\/glyphs\/exclamdown.glif","\/fonts\/Unpacking\/f6a60250aa40e09236cc67d618f66de42a1ac72e\/bradleyhanditc.ufo\/glyphs\/f.glif":"\/fonts\/Unpacking\/f6a60250aa40e09236cc67d618f66de42a1ac72e\/bradleyhanditc.ufo\/glyphs\/f.glif","\/fonts\/Unpacking\/f6a60250aa40e09236cc67d618f66de42a1ac72e\/bradleyhanditc.ufo\/glyphs\/five.glif":"\/fonts\/Unpacking\/f6a60250aa40e09236cc67d618f66de42a1ac72e\/bradleyhanditc.ufo\/glyphs\/five.glif","\/fonts\/Unpacking\/f6a60250aa40e09236cc67d618f66de42a1ac72e\/bradleyhanditc.ufo\/glyphs\/florin.glif":"\/fonts\/Unpacking\/f6a60250aa40e09236cc67d618f66de42a1ac72e\/bradleyhanditc.ufo\/glyphs\/florin.glif","\/fonts\/Unpacking\/f6a60250aa40e09236cc67d618f66de42a1ac72e\/bradleyhanditc.ufo\/glyphs\/four.glif":"\/fonts\/Unpacking\/f6a60250aa40e09236cc67d618f66de42a1ac72e\/bradleyhanditc.ufo\/glyphs\/four.glif","\/fonts\/Unpacking\/f6a60250aa40e09236cc67d618f66de42a1ac72e\/bradleyhanditc.ufo\/glyphs\/g.glif":"\/fonts\/Unpacking\/f6a60250aa40e09236cc67d618f66de42a1ac72e\/bradleyhanditc.ufo\/glyphs\/g.glif","\/fonts\/Unpacking\/f6a60250aa40e09236cc67d618f66de42a1ac72e\/bradleyhanditc.ufo\/glyphs\/germandbls.glif":"\/fonts\/Unpacking\/f6a60250aa40e09236cc67d618f66de42a1ac72e\/bradleyhanditc.ufo\/glyphs\/germandbls.glif","\/fonts\/Unpacking\/f6a60250aa40e09236cc67d618f66de42a1ac72e\/bradleyhanditc.ufo\/glyphs\/grave.glif":"\/fonts\/Unpacking\/f6a60250aa40e09236cc67d618f66de42a1ac72e\/bradleyhanditc.ufo\/glyphs\/grave.glif","\/fonts\/Unpacking\/f6a60250aa40e09236cc67d618f66de42a1ac72e\/bradleyhanditc.ufo\/glyphs\/greater.glif":"\/fonts\/Unpacking\/f6a60250aa40e09236cc67d618f66de42a1ac72e\/bradleyhanditc.ufo\/glyphs\/greater.glif","\/fonts\/Unpacking\/f6a60250aa40e09236cc67d618f66de42a1ac72e\/bradleyhanditc.ufo\/glyphs\/guillemotleft.glif":"\/fonts\/Unpacking\/f6a60250aa40e09236cc67d618f66de42a1ac72e\/bradleyhanditc.ufo\/glyphs\/guillemotleft.glif","\/fonts\/Unpacking\/f6a60250aa40e09236cc67d618f66de42a1ac72e\/bradleyhanditc.ufo\/glyphs\/guillemotright.glif":"\/fonts\/Unpacking\/f6a60250aa40e09236cc67d618f66de42a1ac72e\/bradleyhanditc.ufo\/glyphs\/guillemotright.glif","\/fonts\/Unpacking\/f6a60250aa40e09236cc67d618f66de42a1ac72e\/bradleyhanditc.ufo\/glyphs\/guilsinglleft.glif":"\/fonts\/Unpacking\/f6a60250aa40e09236cc67d618f66de42a1ac72e\/bradleyhanditc.ufo\/glyphs\/guilsinglleft.glif","\/fonts\/Unpacking\/f6a60250aa40e09236cc67d618f66de42a1ac72e\/bradleyhanditc.ufo\/glyphs\/guilsinglright.glif":"\/fonts\/Unpacking\/f6a60250aa40e09236cc67d618f66de42a1ac72e\/bradleyhanditc.ufo\/glyphs\/guilsinglright.glif","\/fonts\/Unpacking\/f6a60250aa40e09236cc67d618f66de42a1ac72e\/bradleyhanditc.ufo\/glyphs\/h.glif":"\/fonts\/Unpacking\/f6a60250aa40e09236cc67d618f66de42a1ac72e\/bradleyhanditc.ufo\/glyphs\/h.glif","\/fonts\/Unpacking\/f6a60250aa40e09236cc67d618f66de42a1ac72e\/bradleyhanditc.ufo\/glyphs\/hyphen.glif":"\/fonts\/Unpacking\/f6a60250aa40e09236cc67d618f66de42a1ac72e\/bradleyhanditc.ufo\/glyphs\/hyphen.glif","\/fonts\/Unpacking\/f6a60250aa40e09236cc67d618f66de42a1ac72e\/bradleyhanditc.ufo\/glyphs\/i.glif":"\/fonts\/Unpacking\/f6a60250aa40e09236cc67d618f66de42a1ac72e\/bradleyhanditc.ufo\/glyphs\/i.glif","\/fonts\/Unpacking\/f6a60250aa40e09236cc67d618f66de42a1ac72e\/bradleyhanditc.ufo\/glyphs\/iacute.glif":"\/fonts\/Unpacking\/f6a60250aa40e09236cc67d618f66de42a1ac72e\/bradleyhanditc.ufo\/glyphs\/iacute.glif","\/fonts\/Unpacking\/f6a60250aa40e09236cc67d618f66de42a1ac72e\/bradleyhanditc.ufo\/glyphs\/icircumflex.glif":"\/fonts\/Unpacking\/f6a60250aa40e09236cc67d618f66de42a1ac72e\/bradleyhanditc.ufo\/glyphs\/icircumflex.glif","\/fonts\/Unpacking\/f6a60250aa40e09236cc67d618f66de42a1ac72e\/bradleyhanditc.ufo\/glyphs\/idieresis.glif":"\/fonts\/Unpacking\/f6a60250aa40e09236cc67d618f66de42a1ac72e\/bradleyhanditc.ufo\/glyphs\/idieresis.glif","\/fonts\/Unpacking\/f6a60250aa40e09236cc67d618f66de42a1ac72e\/bradleyhanditc.ufo\/glyphs\/igrave.glif":"\/fonts\/Unpacking\/f6a60250aa40e09236cc67d618f66de42a1ac72e\/bradleyhanditc.ufo\/glyphs\/igrave.glif","\/fonts\/Unpacking\/f6a60250aa40e09236cc67d618f66de42a1ac72e\/bradleyhanditc.ufo\/glyphs\/j.glif":"\/fonts\/Unpacking\/f6a60250aa40e09236cc67d618f66de42a1ac72e\/bradleyhanditc.ufo\/glyphs\/j.glif","\/fonts\/Unpacking\/f6a60250aa40e09236cc67d618f66de42a1ac72e\/bradleyhanditc.ufo\/glyphs\/k.glif":"\/fonts\/Unpacking\/f6a60250aa40e09236cc67d618f66de42a1ac72e\/bradleyhanditc.ufo\/glyphs\/k.glif","\/fonts\/Unpacking\/f6a60250aa40e09236cc67d618f66de42a1ac72e\/bradleyhanditc.ufo\/glyphs\/l.glif":"\/fonts\/Unpacking\/f6a60250aa40e09236cc67d618f66de42a1ac72e\/bradleyhanditc.ufo\/glyphs\/l.glif","\/fonts\/Unpacking\/f6a60250aa40e09236cc67d618f66de42a1ac72e\/bradleyhanditc.ufo\/glyphs\/less.glif":"\/fonts\/Unpacking\/f6a60250aa40e09236cc67d618f66de42a1ac72e\/bradleyhanditc.ufo\/glyphs\/less.glif","\/fonts\/Unpacking\/f6a60250aa40e09236cc67d618f66de42a1ac72e\/bradleyhanditc.ufo\/glyphs\/logicalnot.glif":"\/fonts\/Unpacking\/f6a60250aa40e09236cc67d618f66de42a1ac72e\/bradleyhanditc.ufo\/glyphs\/logicalnot.glif","\/fonts\/Unpacking\/f6a60250aa40e09236cc67d618f66de42a1ac72e\/bradleyhanditc.ufo\/glyphs\/m.glif":"\/fonts\/Unpacking\/f6a60250aa40e09236cc67d618f66de42a1ac72e\/bradleyhanditc.ufo\/glyphs\/m.glif","\/fonts\/Unpacking\/f6a60250aa40e09236cc67d618f66de42a1ac72e\/bradleyhanditc.ufo\/glyphs\/macron.glif":"\/fonts\/Unpacking\/f6a60250aa40e09236cc67d618f66de42a1ac72e\/bradleyhanditc.ufo\/glyphs\/macron.glif","\/fonts\/Unpacking\/f6a60250aa40e09236cc67d618f66de42a1ac72e\/bradleyhanditc.ufo\/glyphs\/minus.glif":"\/fonts\/Unpacking\/f6a60250aa40e09236cc67d618f66de42a1ac72e\/bradleyhanditc.ufo\/glyphs\/minus.glif","\/fonts\/Unpacking\/f6a60250aa40e09236cc67d618f66de42a1ac72e\/bradleyhanditc.ufo\/glyphs\/mu.glif":"\/fonts\/Unpacking\/f6a60250aa40e09236cc67d618f66de42a1ac72e\/bradleyhanditc.ufo\/glyphs\/mu.glif","\/fonts\/Unpacking\/f6a60250aa40e09236cc67d618f66de42a1ac72e\/bradleyhanditc.ufo\/glyphs\/multiply.glif":"\/fonts\/Unpacking\/f6a60250aa40e09236cc67d618f66de42a1ac72e\/bradleyhanditc.ufo\/glyphs\/multiply.glif","\/fonts\/Unpacking\/f6a60250aa40e09236cc67d618f66de42a1ac72e\/bradleyhanditc.ufo\/glyphs\/n.glif":"\/fonts\/Unpacking\/f6a60250aa40e09236cc67d618f66de42a1ac72e\/bradleyhanditc.ufo\/glyphs\/n.glif","\/fonts\/Unpacking\/f6a60250aa40e09236cc67d618f66de42a1ac72e\/bradleyhanditc.ufo\/glyphs\/nine.glif":"\/fonts\/Unpacking\/f6a60250aa40e09236cc67d618f66de42a1ac72e\/bradleyhanditc.ufo\/glyphs\/nine.glif","\/fonts\/Unpacking\/f6a60250aa40e09236cc67d618f66de42a1ac72e\/bradleyhanditc.ufo\/glyphs\/ntilde.glif":"\/fonts\/Unpacking\/f6a60250aa40e09236cc67d618f66de42a1ac72e\/bradleyhanditc.ufo\/glyphs\/ntilde.glif","\/fonts\/Unpacking\/f6a60250aa40e09236cc67d618f66de42a1ac72e\/bradleyhanditc.ufo\/glyphs\/numbersign.glif":"\/fonts\/Unpacking\/f6a60250aa40e09236cc67d618f66de42a1ac72e\/bradleyhanditc.ufo\/glyphs\/numbersign.glif","\/fonts\/Unpacking\/f6a60250aa40e09236cc67d618f66de42a1ac72e\/bradleyhanditc.ufo\/glyphs\/o.glif":"\/fonts\/Unpacking\/f6a60250aa40e09236cc67d618f66de42a1ac72e\/bradleyhanditc.ufo\/glyphs\/o.glif","\/fonts\/Unpacking\/f6a60250aa40e09236cc67d618f66de42a1ac72e\/bradleyhanditc.ufo\/glyphs\/oacute.glif":"\/fonts\/Unpacking\/f6a60250aa40e09236cc67d618f66de42a1ac72e\/bradleyhanditc.ufo\/glyphs\/oacute.glif","\/fonts\/Unpacking\/f6a60250aa40e09236cc67d618f66de42a1ac72e\/bradleyhanditc.ufo\/glyphs\/ocircumflex.glif":"\/fonts\/Unpacking\/f6a60250aa40e09236cc67d618f66de42a1ac72e\/bradleyhanditc.ufo\/glyphs\/ocircumflex.glif","\/fonts\/Unpacking\/f6a60250aa40e09236cc67d618f66de42a1ac72e\/bradleyhanditc.ufo\/glyphs\/odieresis.glif":"\/fonts\/Unpacking\/f6a60250aa40e09236cc67d618f66de42a1ac72e\/bradleyhanditc.ufo\/glyphs\/odieresis.glif","\/fonts\/Unpacking\/f6a60250aa40e09236cc67d618f66de42a1ac72e\/bradleyhanditc.ufo\/glyphs\/oe.glif":"\/fonts\/Unpacking\/f6a60250aa40e09236cc67d618f66de42a1ac72e\/bradleyhanditc.ufo\/glyphs\/oe.glif","\/fonts\/Unpacking\/f6a60250aa40e09236cc67d618f66de42a1ac72e\/bradleyhanditc.ufo\/glyphs\/ograve.glif":"\/fonts\/Unpacking\/f6a60250aa40e09236cc67d618f66de42a1ac72e\/bradleyhanditc.ufo\/glyphs\/ograve.glif","\/fonts\/Unpacking\/f6a60250aa40e09236cc67d618f66de42a1ac72e\/bradleyhanditc.ufo\/glyphs\/one.glif":"\/fonts\/Unpacking\/f6a60250aa40e09236cc67d618f66de42a1ac72e\/bradleyhanditc.ufo\/glyphs\/one.glif","\/fonts\/Unpacking\/f6a60250aa40e09236cc67d618f66de42a1ac72e\/bradleyhanditc.ufo\/glyphs\/onehalf.glif":"\/fonts\/Unpacking\/f6a60250aa40e09236cc67d618f66de42a1ac72e\/bradleyhanditc.ufo\/glyphs\/onehalf.glif","\/fonts\/Unpacking\/f6a60250aa40e09236cc67d618f66de42a1ac72e\/bradleyhanditc.ufo\/glyphs\/onequarter.glif":"\/fonts\/Unpacking\/f6a60250aa40e09236cc67d618f66de42a1ac72e\/bradleyhanditc.ufo\/glyphs\/onequarter.glif","\/fonts\/Unpacking\/f6a60250aa40e09236cc67d618f66de42a1ac72e\/bradleyhanditc.ufo\/glyphs\/onesuperior.glif":"\/fonts\/Unpacking\/f6a60250aa40e09236cc67d618f66de42a1ac72e\/bradleyhanditc.ufo\/glyphs\/onesuperior.glif","\/fonts\/Unpacking\/f6a60250aa40e09236cc67d618f66de42a1ac72e\/bradleyhanditc.ufo\/glyphs\/ordfeminine.glif":"\/fonts\/Unpacking\/f6a60250aa40e09236cc67d618f66de42a1ac72e\/bradleyhanditc.ufo\/glyphs\/ordfeminine.glif","\/fonts\/Unpacking\/f6a60250aa40e09236cc67d618f66de42a1ac72e\/bradleyhanditc.ufo\/glyphs\/ordmasculine.glif":"\/fonts\/Unpacking\/f6a60250aa40e09236cc67d618f66de42a1ac72e\/bradleyhanditc.ufo\/glyphs\/ordmasculine.glif","\/fonts\/Unpacking\/f6a60250aa40e09236cc67d618f66de42a1ac72e\/bradleyhanditc.ufo\/glyphs\/oslash.glif":"\/fonts\/Unpacking\/f6a60250aa40e09236cc67d618f66de42a1ac72e\/bradleyhanditc.ufo\/glyphs\/oslash.glif","\/fonts\/Unpacking\/f6a60250aa40e09236cc67d618f66de42a1ac72e\/bradleyhanditc.ufo\/glyphs\/otilde.glif":"\/fonts\/Unpacking\/f6a60250aa40e09236cc67d618f66de42a1ac72e\/bradleyhanditc.ufo\/glyphs\/otilde.glif","\/fonts\/Unpacking\/f6a60250aa40e09236cc67d618f66de42a1ac72e\/bradleyhanditc.ufo\/glyphs\/p.glif":"\/fonts\/Unpacking\/f6a60250aa40e09236cc67d618f66de42a1ac72e\/bradleyhanditc.ufo\/glyphs\/p.glif","\/fonts\/Unpacking\/f6a60250aa40e09236cc67d618f66de42a1ac72e\/bradleyhanditc.ufo\/glyphs\/paragraph.glif":"\/fonts\/Unpacking\/f6a60250aa40e09236cc67d618f66de42a1ac72e\/bradleyhanditc.ufo\/glyphs\/paragraph.glif","\/fonts\/Unpacking\/f6a60250aa40e09236cc67d618f66de42a1ac72e\/bradleyhanditc.ufo\/glyphs\/parenleft.glif":"\/fonts\/Unpacking\/f6a60250aa40e09236cc67d618f66de42a1ac72e\/bradleyhanditc.ufo\/glyphs\/parenleft.glif","\/fonts\/Unpacking\/f6a60250aa40e09236cc67d618f66de42a1ac72e\/bradleyhanditc.ufo\/glyphs\/parenright.glif":"\/fonts\/Unpacking\/f6a60250aa40e09236cc67d618f66de42a1ac72e\/bradleyhanditc.ufo\/glyphs\/parenright.glif","\/fonts\/Unpacking\/f6a60250aa40e09236cc67d618f66de42a1ac72e\/bradleyhanditc.ufo\/glyphs\/percent.glif":"\/fonts\/Unpacking\/f6a60250aa40e09236cc67d618f66de42a1ac72e\/bradleyhanditc.ufo\/glyphs\/percent.glif","\/fonts\/Unpacking\/f6a60250aa40e09236cc67d618f66de42a1ac72e\/bradleyhanditc.ufo\/glyphs\/period.glif":"\/fonts\/Unpacking\/f6a60250aa40e09236cc67d618f66de42a1ac72e\/bradleyhanditc.ufo\/glyphs\/period.glif","\/fonts\/Unpacking\/f6a60250aa40e09236cc67d618f66de42a1ac72e\/bradleyhanditc.ufo\/glyphs\/periodcentered.glif":"\/fonts\/Unpacking\/f6a60250aa40e09236cc67d618f66de42a1ac72e\/bradleyhanditc.ufo\/glyphs\/periodcentered.glif","\/fonts\/Unpacking\/f6a60250aa40e09236cc67d618f66de42a1ac72e\/bradleyhanditc.ufo\/glyphs\/perthousand.glif":"\/fonts\/Unpacking\/f6a60250aa40e09236cc67d618f66de42a1ac72e\/bradleyhanditc.ufo\/glyphs\/perthousand.glif","\/fonts\/Unpacking\/f6a60250aa40e09236cc67d618f66de42a1ac72e\/bradleyhanditc.ufo\/glyphs\/plus.glif":"\/fonts\/Unpacking\/f6a60250aa40e09236cc67d618f66de42a1ac72e\/bradleyhanditc.ufo\/glyphs\/plus.glif","\/fonts\/Unpacking\/f6a60250aa40e09236cc67d618f66de42a1ac72e\/bradleyhanditc.ufo\/glyphs\/plusminus.glif":"\/fonts\/Unpacking\/f6a60250aa40e09236cc67d618f66de42a1ac72e\/bradleyhanditc.ufo\/glyphs\/plusminus.glif","\/fonts\/Unpacking\/f6a60250aa40e09236cc67d618f66de42a1ac72e\/bradleyhanditc.ufo\/glyphs\/q.glif":"\/fonts\/Unpacking\/f6a60250aa40e09236cc67d618f66de42a1ac72e\/bradleyhanditc.ufo\/glyphs\/q.glif","\/fonts\/Unpacking\/f6a60250aa40e09236cc67d618f66de42a1ac72e\/bradleyhanditc.ufo\/glyphs\/question.glif":"\/fonts\/Unpacking\/f6a60250aa40e09236cc67d618f66de42a1ac72e\/bradleyhanditc.ufo\/glyphs\/question.glif","\/fonts\/Unpacking\/f6a60250aa40e09236cc67d618f66de42a1ac72e\/bradleyhanditc.ufo\/glyphs\/questiondown.glif":"\/fonts\/Unpacking\/f6a60250aa40e09236cc67d618f66de42a1ac72e\/bradleyhanditc.ufo\/glyphs\/questiondown.glif","\/fonts\/Unpacking\/f6a60250aa40e09236cc67d618f66de42a1ac72e\/bradleyhanditc.ufo\/glyphs\/quotedbl.glif":"\/fonts\/Unpacking\/f6a60250aa40e09236cc67d618f66de42a1ac72e\/bradleyhanditc.ufo\/glyphs\/quotedbl.glif","\/fonts\/Unpacking\/f6a60250aa40e09236cc67d618f66de42a1ac72e\/bradleyhanditc.ufo\/glyphs\/quotedblbase.glif":"\/fonts\/Unpacking\/f6a60250aa40e09236cc67d618f66de42a1ac72e\/bradleyhanditc.ufo\/glyphs\/quotedblbase.glif","\/fonts\/Unpacking\/f6a60250aa40e09236cc67d618f66de42a1ac72e\/bradleyhanditc.ufo\/glyphs\/quotedblleft.glif":"\/fonts\/Unpacking\/f6a60250aa40e09236cc67d618f66de42a1ac72e\/bradleyhanditc.ufo\/glyphs\/quotedblleft.glif","\/fonts\/Unpacking\/f6a60250aa40e09236cc67d618f66de42a1ac72e\/bradleyhanditc.ufo\/glyphs\/quotedblright.glif":"\/fonts\/Unpacking\/f6a60250aa40e09236cc67d618f66de42a1ac72e\/bradleyhanditc.ufo\/glyphs\/quotedblright.glif","\/fonts\/Unpacking\/f6a60250aa40e09236cc67d618f66de42a1ac72e\/bradleyhanditc.ufo\/glyphs\/quoteleft.glif":"\/fonts\/Unpacking\/f6a60250aa40e09236cc67d618f66de42a1ac72e\/bradleyhanditc.ufo\/glyphs\/quoteleft.glif","\/fonts\/Unpacking\/f6a60250aa40e09236cc67d618f66de42a1ac72e\/bradleyhanditc.ufo\/glyphs\/quoteright.glif":"\/fonts\/Unpacking\/f6a60250aa40e09236cc67d618f66de42a1ac72e\/bradleyhanditc.ufo\/glyphs\/quoteright.glif","\/fonts\/Unpacking\/f6a60250aa40e09236cc67d618f66de42a1ac72e\/bradleyhanditc.ufo\/glyphs\/quotesinglbase.glif":"\/fonts\/Unpacking\/f6a60250aa40e09236cc67d618f66de42a1ac72e\/bradleyhanditc.ufo\/glyphs\/quotesinglbase.glif","\/fonts\/Unpacking\/f6a60250aa40e09236cc67d618f66de42a1ac72e\/bradleyhanditc.ufo\/glyphs\/quotesingle.glif":"\/fonts\/Unpacking\/f6a60250aa40e09236cc67d618f66de42a1ac72e\/bradleyhanditc.ufo\/glyphs\/quotesingle.glif","\/fonts\/Unpacking\/f6a60250aa40e09236cc67d618f66de42a1ac72e\/bradleyhanditc.ufo\/glyphs\/r.glif":"\/fonts\/Unpacking\/f6a60250aa40e09236cc67d618f66de42a1ac72e\/bradleyhanditc.ufo\/glyphs\/r.glif","\/fonts\/Unpacking\/f6a60250aa40e09236cc67d618f66de42a1ac72e\/bradleyhanditc.ufo\/glyphs\/registered.glif":"\/fonts\/Unpacking\/f6a60250aa40e09236cc67d618f66de42a1ac72e\/bradleyhanditc.ufo\/glyphs\/registered.glif","\/fonts\/Unpacking\/f6a60250aa40e09236cc67d618f66de42a1ac72e\/bradleyhanditc.ufo\/glyphs\/s.glif":"\/fonts\/Unpacking\/f6a60250aa40e09236cc67d618f66de42a1ac72e\/bradleyhanditc.ufo\/glyphs\/s.glif","\/fonts\/Unpacking\/f6a60250aa40e09236cc67d618f66de42a1ac72e\/bradleyhanditc.ufo\/glyphs\/scaron.glif":"\/fonts\/Unpacking\/f6a60250aa40e09236cc67d618f66de42a1ac72e\/bradleyhanditc.ufo\/glyphs\/scaron.glif","\/fonts\/Unpacking\/f6a60250aa40e09236cc67d618f66de42a1ac72e\/bradleyhanditc.ufo\/glyphs\/section.glif":"\/fonts\/Unpacking\/f6a60250aa40e09236cc67d618f66de42a1ac72e\/bradleyhanditc.ufo\/glyphs\/section.glif","\/fonts\/Unpacking\/f6a60250aa40e09236cc67d618f66de42a1ac72e\/bradleyhanditc.ufo\/glyphs\/semicolon.glif":"\/fonts\/Unpacking\/f6a60250aa40e09236cc67d618f66de42a1ac72e\/bradleyhanditc.ufo\/glyphs\/semicolon.glif","\/fonts\/Unpacking\/f6a60250aa40e09236cc67d618f66de42a1ac72e\/bradleyhanditc.ufo\/glyphs\/seven.glif":"\/fonts\/Unpacking\/f6a60250aa40e09236cc67d618f66de42a1ac72e\/bradleyhanditc.ufo\/glyphs\/seven.glif","\/fonts\/Unpacking\/f6a60250aa40e09236cc67d618f66de42a1ac72e\/bradleyhanditc.ufo\/glyphs\/six.glif":"\/fonts\/Unpacking\/f6a60250aa40e09236cc67d618f66de42a1ac72e\/bradleyhanditc.ufo\/glyphs\/six.glif","\/fonts\/Unpacking\/f6a60250aa40e09236cc67d618f66de42a1ac72e\/bradleyhanditc.ufo\/glyphs\/slash.glif":"\/fonts\/Unpacking\/f6a60250aa40e09236cc67d618f66de42a1ac72e\/bradleyhanditc.ufo\/glyphs\/slash.glif","\/fonts\/Unpacking\/f6a60250aa40e09236cc67d618f66de42a1ac72e\/bradleyhanditc.ufo\/glyphs\/space.glif":"\/fonts\/Unpacking\/f6a60250aa40e09236cc67d618f66de42a1ac72e\/bradleyhanditc.ufo\/glyphs\/space.glif","\/fonts\/Unpacking\/f6a60250aa40e09236cc67d618f66de42a1ac72e\/bradleyhanditc.ufo\/glyphs\/sterling.glif":"\/fonts\/Unpacking\/f6a60250aa40e09236cc67d618f66de42a1ac72e\/bradleyhanditc.ufo\/glyphs\/sterling.glif","\/fonts\/Unpacking\/f6a60250aa40e09236cc67d618f66de42a1ac72e\/bradleyhanditc.ufo\/glyphs\/t.glif":"\/fonts\/Unpacking\/f6a60250aa40e09236cc67d618f66de42a1ac72e\/bradleyhanditc.ufo\/glyphs\/t.glif","\/fonts\/Unpacking\/f6a60250aa40e09236cc67d618f66de42a1ac72e\/bradleyhanditc.ufo\/glyphs\/thorn.glif":"\/fonts\/Unpacking\/f6a60250aa40e09236cc67d618f66de42a1ac72e\/bradleyhanditc.ufo\/glyphs\/thorn.glif","\/fonts\/Unpacking\/f6a60250aa40e09236cc67d618f66de42a1ac72e\/bradleyhanditc.ufo\/glyphs\/three.glif":"\/fonts\/Unpacking\/f6a60250aa40e09236cc67d618f66de42a1ac72e\/bradleyhanditc.ufo\/glyphs\/three.glif","\/fonts\/Unpacking\/f6a60250aa40e09236cc67d618f66de42a1ac72e\/bradleyhanditc.ufo\/glyphs\/threequarters.glif":"\/fonts\/Unpacking\/f6a60250aa40e09236cc67d618f66de42a1ac72e\/bradleyhanditc.ufo\/glyphs\/threequarters.glif","\/fonts\/Unpacking\/f6a60250aa40e09236cc67d618f66de42a1ac72e\/bradleyhanditc.ufo\/glyphs\/threesuperior.glif":"\/fonts\/Unpacking\/f6a60250aa40e09236cc67d618f66de42a1ac72e\/bradleyhanditc.ufo\/glyphs\/threesuperior.glif","\/fonts\/Unpacking\/f6a60250aa40e09236cc67d618f66de42a1ac72e\/bradleyhanditc.ufo\/glyphs\/tilde.glif":"\/fonts\/Unpacking\/f6a60250aa40e09236cc67d618f66de42a1ac72e\/bradleyhanditc.ufo\/glyphs\/tilde.glif","\/fonts\/Unpacking\/f6a60250aa40e09236cc67d618f66de42a1ac72e\/bradleyhanditc.ufo\/glyphs\/trademark.glif":"\/fonts\/Unpacking\/f6a60250aa40e09236cc67d618f66de42a1ac72e\/bradleyhanditc.ufo\/glyphs\/trademark.glif","\/fonts\/Unpacking\/f6a60250aa40e09236cc67d618f66de42a1ac72e\/bradleyhanditc.ufo\/glyphs\/two.glif":"\/fonts\/Unpacking\/f6a60250aa40e09236cc67d618f66de42a1ac72e\/bradleyhanditc.ufo\/glyphs\/two.glif","\/fonts\/Unpacking\/f6a60250aa40e09236cc67d618f66de42a1ac72e\/bradleyhanditc.ufo\/glyphs\/twosuperior.glif":"\/fonts\/Unpacking\/f6a60250aa40e09236cc67d618f66de42a1ac72e\/bradleyhanditc.ufo\/glyphs\/twosuperior.glif","\/fonts\/Unpacking\/f6a60250aa40e09236cc67d618f66de42a1ac72e\/bradleyhanditc.ufo\/glyphs\/u.glif":"\/fonts\/Unpacking\/f6a60250aa40e09236cc67d618f66de42a1ac72e\/bradleyhanditc.ufo\/glyphs\/u.glif","\/fonts\/Unpacking\/f6a60250aa40e09236cc67d618f66de42a1ac72e\/bradleyhanditc.ufo\/glyphs\/uacute.glif":"\/fonts\/Unpacking\/f6a60250aa40e09236cc67d618f66de42a1ac72e\/bradleyhanditc.ufo\/glyphs\/uacute.glif","\/fonts\/Unpacking\/f6a60250aa40e09236cc67d618f66de42a1ac72e\/bradleyhanditc.ufo\/glyphs\/ucircumflex.glif":"\/fonts\/Unpacking\/f6a60250aa40e09236cc67d618f66de42a1ac72e\/bradleyhanditc.ufo\/glyphs\/ucircumflex.glif","\/fonts\/Unpacking\/f6a60250aa40e09236cc67d618f66de42a1ac72e\/bradleyhanditc.ufo\/glyphs\/udieresis.glif":"\/fonts\/Unpacking\/f6a60250aa40e09236cc67d618f66de42a1ac72e\/bradleyhanditc.ufo\/glyphs\/udieresis.glif","\/fonts\/Unpacking\/f6a60250aa40e09236cc67d618f66de42a1ac72e\/bradleyhanditc.ufo\/glyphs\/ugrave.glif":"\/fonts\/Unpacking\/f6a60250aa40e09236cc67d618f66de42a1ac72e\/bradleyhanditc.ufo\/glyphs\/ugrave.glif","\/fonts\/Unpacking\/f6a60250aa40e09236cc67d618f66de42a1ac72e\/bradleyhanditc.ufo\/glyphs\/underscore.glif":"\/fonts\/Unpacking\/f6a60250aa40e09236cc67d618f66de42a1ac72e\/bradleyhanditc.ufo\/glyphs\/underscore.glif","\/fonts\/Unpacking\/f6a60250aa40e09236cc67d618f66de42a1ac72e\/bradleyhanditc.ufo\/glyphs\/v.glif":"\/fonts\/Unpacking\/f6a60250aa40e09236cc67d618f66de42a1ac72e\/bradleyhanditc.ufo\/glyphs\/v.glif","\/fonts\/Unpacking\/f6a60250aa40e09236cc67d618f66de42a1ac72e\/bradleyhanditc.ufo\/glyphs\/w.glif":"\/fonts\/Unpacking\/f6a60250aa40e09236cc67d618f66de42a1ac72e\/bradleyhanditc.ufo\/glyphs\/w.glif","\/fonts\/Unpacking\/f6a60250aa40e09236cc67d618f66de42a1ac72e\/bradleyhanditc.ufo\/glyphs\/x.glif":"\/fonts\/Unpacking\/f6a60250aa40e09236cc67d618f66de42a1ac72e\/bradleyhanditc.ufo\/glyphs\/x.glif","\/fonts\/Unpacking\/f6a60250aa40e09236cc67d618f66de42a1ac72e\/bradleyhanditc.ufo\/glyphs\/y.glif":"\/fonts\/Unpacking\/f6a60250aa40e09236cc67d618f66de42a1ac72e\/bradleyhanditc.ufo\/glyphs\/y.glif","\/fonts\/Unpacking\/f6a60250aa40e09236cc67d618f66de42a1ac72e\/bradleyhanditc.ufo\/glyphs\/yacute.glif":"\/fonts\/Unpacking\/f6a60250aa40e09236cc67d618f66de42a1ac72e\/bradleyhanditc.ufo\/glyphs\/yacute.glif","\/fonts\/Unpacking\/f6a60250aa40e09236cc67d618f66de42a1ac72e\/bradleyhanditc.ufo\/glyphs\/ydieresis.glif":"\/fonts\/Unpacking\/f6a60250aa40e09236cc67d618f66de42a1ac72e\/bradleyhanditc.ufo\/glyphs\/ydieresis.glif","\/fonts\/Unpacking\/f6a60250aa40e09236cc67d618f66de42a1ac72e\/bradleyhanditc.ufo\/glyphs\/yen.glif":"\/fonts\/Unpacking\/f6a60250aa40e09236cc67d618f66de42a1ac72e\/bradleyhanditc.ufo\/glyphs\/yen.glif","\/fonts\/Unpacking\/f6a60250aa40e09236cc67d618f66de42a1ac72e\/bradleyhanditc.ufo\/glyphs\/z.glif":"\/fonts\/Unpacking\/f6a60250aa40e09236cc67d618f66de42a1ac72e\/bradleyhanditc.ufo\/glyphs\/z.glif","\/fonts\/Unpacking\/f6a60250aa40e09236cc67d618f66de42a1ac72e\/bradleyhanditc.ufo\/glyphs\/zero.glif":"\/fonts\/Unpacking\/f6a60250aa40e09236cc67d618f66de42a1ac72e\/bradleyhanditc.ufo\/glyphs\/zero.glif"},"Font":null,"Licences":{"":false},"Table":{"FFTM":{"entryLength":16,"tag":"FFTM","checksum":1947117216,"offset":133212,"length":28},"GDEF":{"entryLength":16,"tag":"GDEF","checksum":17235974,"offset":133180,"length":32},"OS\/2":{"entryLength":16,"tag":"OS\/2","checksum":1463091047,"offset":344,"length":86},"cmap":{"entryLength":16,"tag":"cmap","checksum":2906004164,"offset":1304,"length":694},"gasp":{"entryLength":16,"tag":"gasp","checksum":4294901763,"offset":133172,"length":8},"glyf":{"entryLength":16,"tag":"glyf","checksum":4177109397,"offset":2440,"length":129456},"head":{"entryLength":16,"tag":"head","checksum":171253328,"offset":220,"length":54},"hhea":{"entryLength":16,"tag":"hhea","checksum":106038101,"offset":276,"length":36},"hmtx":{"entryLength":16,"tag":"hmtx","checksum":3331597269,"offset":432,"length":872},"loca":{"entryLength":16,"tag":"loca","checksum":3382659400,"offset":2000,"length":438},"maxp":{"entryLength":16,"tag":"maxp","checksum":19006151,"offset":312,"length":32},"name":{"entryLength":16,"tag":"name","checksum":1246121720,"offset":131896,"length":804},"post":{"entryLength":16,"tag":"post","checksum":822685765,"offset":132700,"length":470}},"UnicodeCharMap":{"32":217,"33":4,"34":5,"35":6,"36":7,"37":8,"38":9,"39":10,"40":11,"41":12,"42":13,"43":14,"44":15,"45":16,"46":17,"47":18,"48":19,"49":20,"50":21,"51":22,"52":23,"53":24,"54":25,"55":26,"56":27,"57":28,"58":29,"59":30,"60":31,"61":32,"62":33,"63":34,"64":35,"65":36,"66":37,"67":38,"68":39,"69":40,"70":41,"71":42,"72":43,"73":44,"74":45,"75":46,"76":47,"77":48,"78":49,"79":50,"80":51,"81":52,"82":53,"83":54,"84":55,"85":56,"86":57,"87":58,"88":59,"89":60,"90":61,"91":62,"92":63,"93":64,"94":65,"95":66,"96":67,"97":68,"98":69,"99":70,"100":71,"101":72,"102":73,"103":74,"104":75,"105":76,"106":77,"107":78,"108":79,"109":80,"110":81,"111":82,"112":83,"113":84,"114":85,"115":86,"116":87,"117":88,"118":89,"119":90,"120":91,"121":92,"122":93,"123":94,"124":95,"125":96,"126":97,"161":98,"162":99,"163":100,"164":101,"165":102,"166":103,"167":104,"168":105,"169":106,"170":107,"171":108,"172":109,"174":111,"175":112,"176":113,"177":114,"178":115,"179":116,"180":117,"182":119,"183":120,"184":121,"185":122,"186":123,"187":124,"188":125,"189":126,"190":127,"191":128,"192":129,"193":130,"194":131,"195":132,"196":133,"197":134,"198":135,"199":136,"200":137,"201":138,"202":139,"203":140,"204":141,"205":142,"206":143,"207":144,"208":145,"209":146,"210":147,"211":148,"212":149,"213":150,"214":151,"215":152,"216":153,"217":154,"218":155,"219":156,"220":157,"221":158,"222":159,"223":160,"224":161,"225":162,"226":163,"227":164,"228":165,"229":166,"230":167,"231":168,"232":169,"233":170,"234":171,"235":172,"236":173,"237":174,"238":175,"239":176,"240":177,"241":178,"242":179,"243":180,"244":181,"245":182,"246":183,"247":184,"248":185,"249":186,"250":187,"251":188,"252":189,"253":190,"254":191,"255":192,"338":203,"339":215,"352":201,"353":213,"376":216,"402":194,"710":199,"732":211,"956":118,"8211":209,"8212":210,"8216":204,"8217":205,"8218":193,"8220":206,"8221":207,"8222":195,"8224":197,"8225":198,"8226":208,"8230":196,"8240":200,"8249":202,"8250":214,"8482":212,"8722":110},"Reserves":null,"Names":[],"Nodes":[],"Contributors":[],"FontIdentity":"5498b8946d8225308791ac04f358af67","Bytes":12450891,"Networking":null,"barcode":null,"referee":null}