{"CSS":{"APS-DV-Piyush-Italic":"APS-DV-Piyush-Italic.css","APS DV Piyush Italic":"zinc17:b23cc058215f3a83fd9bcb14d.css"},"FontType":"TrueType","FontCopyright":"APS Devanagri Priyanka-Normal Ver 3.0, Copyright (c) 1992,   VSOFT SERVICES., BOMBAY, INDIA.                                  Devaloped By K N Parab.                                                            VSPL Priyanka SNO 6 (11-6-96)","FontName":"APS-DV-Piyush","FontSubfamily":"DV-Piyush-Italic","FontSubfamilyID":"FontForge 2.0 : APS-DV-Piyush-Italic : 26-11-2016","FontFullName":"APS DV Piyush Italic","FontVersion":"Version 1.0 Sat Nov 13 14:42 ","FontWeight":null,"FontPostscriptName":"APS-DV-Piyush-Italic","Files":{"\/APS-DV-Piyush-Italic.css":"\/APS-DV-Piyush-Italic.css","\/font-resource.json":"\/font-resource.json","\/piyui.afm":"\/piyui.afm","\/piyui.cef":"\/piyui.cef","\/piyui.cff":"\/piyui.cff","\/piyui.eot":"\/piyui.eot","\/piyui.gai":"\/piyui.gai","\/piyui.gsf":"\/piyui.gsf","\/piyui.otf":"\/piyui.otf","\/piyui.pf3":"\/piyui.pf3","\/piyui.pfa":"\/piyui.pfa","\/piyui.pfb":"\/piyui.pfb","\/piyui.php":"\/piyui.php","\/piyui.pt3":"\/piyui.pt3","\/piyui.sfd":"\/piyui.sfd","\/piyui.svg":"\/piyui.svg","\/piyui.t42":"\/piyui.t42","\/piyui.ttd":"\/piyui.ttd","\/piyui.ttf":"\/piyui.ttf","\/piyui.ttg":"\/piyui.ttg","\/piyui.ufm":"\/piyui.ufm","\/piyui.woff":"\/piyui.woff","\/piyui.z":"\/piyui.z","\/piyui.ufo\/feature.fea":"\/piyui.ufo\/feature.fea","\/piyui.ufo\/fontinfo.plist":"\/piyui.ufo\/fontinfo.plist","\/piyui.ufo\/groups.plist":"\/piyui.ufo\/groups.plist","\/piyui.ufo\/kerning.plist":"\/piyui.ufo\/kerning.plist","\/piyui.ufo\/metainfo.plist":"\/piyui.ufo\/metainfo.plist","\/piyui.ufo\/glyphs\/A_.glif":"\/piyui.ufo\/glyphs\/A_.glif","\/piyui.ufo\/glyphs\/A_E_.glif":"\/piyui.ufo\/glyphs\/A_E_.glif","\/piyui.ufo\/glyphs\/A_acute.glif":"\/piyui.ufo\/glyphs\/A_acute.glif","\/piyui.ufo\/glyphs\/A_circumflex.glif":"\/piyui.ufo\/glyphs\/A_circumflex.glif","\/piyui.ufo\/glyphs\/A_dieresis.glif":"\/piyui.ufo\/glyphs\/A_dieresis.glif","\/piyui.ufo\/glyphs\/A_grave.glif":"\/piyui.ufo\/glyphs\/A_grave.glif","\/piyui.ufo\/glyphs\/A_ring.glif":"\/piyui.ufo\/glyphs\/A_ring.glif","\/piyui.ufo\/glyphs\/A_tilde.glif":"\/piyui.ufo\/glyphs\/A_tilde.glif","\/piyui.ufo\/glyphs\/B_.glif":"\/piyui.ufo\/glyphs\/B_.glif","\/piyui.ufo\/glyphs\/C_.glif":"\/piyui.ufo\/glyphs\/C_.glif","\/piyui.ufo\/glyphs\/C_cedilla.glif":"\/piyui.ufo\/glyphs\/C_cedilla.glif","\/piyui.ufo\/glyphs\/D_.glif":"\/piyui.ufo\/glyphs\/D_.glif","\/piyui.ufo\/glyphs\/E_.glif":"\/piyui.ufo\/glyphs\/E_.glif","\/piyui.ufo\/glyphs\/E_acute.glif":"\/piyui.ufo\/glyphs\/E_acute.glif","\/piyui.ufo\/glyphs\/E_circumflex.glif":"\/piyui.ufo\/glyphs\/E_circumflex.glif","\/piyui.ufo\/glyphs\/E_dieresis.glif":"\/piyui.ufo\/glyphs\/E_dieresis.glif","\/piyui.ufo\/glyphs\/E_grave.glif":"\/piyui.ufo\/glyphs\/E_grave.glif","\/piyui.ufo\/glyphs\/F_.glif":"\/piyui.ufo\/glyphs\/F_.glif","\/piyui.ufo\/glyphs\/G_.glif":"\/piyui.ufo\/glyphs\/G_.glif","\/piyui.ufo\/glyphs\/H_.glif":"\/piyui.ufo\/glyphs\/H_.glif","\/piyui.ufo\/glyphs\/I_.glif":"\/piyui.ufo\/glyphs\/I_.glif","\/piyui.ufo\/glyphs\/I_acute.glif":"\/piyui.ufo\/glyphs\/I_acute.glif","\/piyui.ufo\/glyphs\/I_circumflex.glif":"\/piyui.ufo\/glyphs\/I_circumflex.glif","\/piyui.ufo\/glyphs\/I_dieresis.glif":"\/piyui.ufo\/glyphs\/I_dieresis.glif","\/piyui.ufo\/glyphs\/I_grave.glif":"\/piyui.ufo\/glyphs\/I_grave.glif","\/piyui.ufo\/glyphs\/J_.glif":"\/piyui.ufo\/glyphs\/J_.glif","\/piyui.ufo\/glyphs\/K_.glif":"\/piyui.ufo\/glyphs\/K_.glif","\/piyui.ufo\/glyphs\/L_.glif":"\/piyui.ufo\/glyphs\/L_.glif","\/piyui.ufo\/glyphs\/M_.glif":"\/piyui.ufo\/glyphs\/M_.glif","\/piyui.ufo\/glyphs\/N_.glif":"\/piyui.ufo\/glyphs\/N_.glif","\/piyui.ufo\/glyphs\/N_tilde.glif":"\/piyui.ufo\/glyphs\/N_tilde.glif","\/piyui.ufo\/glyphs\/O_.glif":"\/piyui.ufo\/glyphs\/O_.glif","\/piyui.ufo\/glyphs\/O_E_.glif":"\/piyui.ufo\/glyphs\/O_E_.glif","\/piyui.ufo\/glyphs\/O_acute.glif":"\/piyui.ufo\/glyphs\/O_acute.glif","\/piyui.ufo\/glyphs\/O_circumflex.glif":"\/piyui.ufo\/glyphs\/O_circumflex.glif","\/piyui.ufo\/glyphs\/O_dieresis.glif":"\/piyui.ufo\/glyphs\/O_dieresis.glif","\/piyui.ufo\/glyphs\/O_grave.glif":"\/piyui.ufo\/glyphs\/O_grave.glif","\/piyui.ufo\/glyphs\/O_slash.glif":"\/piyui.ufo\/glyphs\/O_slash.glif","\/piyui.ufo\/glyphs\/O_tilde.glif":"\/piyui.ufo\/glyphs\/O_tilde.glif","\/piyui.ufo\/glyphs\/P_.glif":"\/piyui.ufo\/glyphs\/P_.glif","\/piyui.ufo\/glyphs\/Q_.glif":"\/piyui.ufo\/glyphs\/Q_.glif","\/piyui.ufo\/glyphs\/R_.glif":"\/piyui.ufo\/glyphs\/R_.glif","\/piyui.ufo\/glyphs\/S_.glif":"\/piyui.ufo\/glyphs\/S_.glif","\/piyui.ufo\/glyphs\/S_caron.glif":"\/piyui.ufo\/glyphs\/S_caron.glif","\/piyui.ufo\/glyphs\/T_.glif":"\/piyui.ufo\/glyphs\/T_.glif","\/piyui.ufo\/glyphs\/U_.glif":"\/piyui.ufo\/glyphs\/U_.glif","\/piyui.ufo\/glyphs\/U_acute.glif":"\/piyui.ufo\/glyphs\/U_acute.glif","\/piyui.ufo\/glyphs\/U_circumflex.glif":"\/piyui.ufo\/glyphs\/U_circumflex.glif","\/piyui.ufo\/glyphs\/U_dieresis.glif":"\/piyui.ufo\/glyphs\/U_dieresis.glif","\/piyui.ufo\/glyphs\/U_grave.glif":"\/piyui.ufo\/glyphs\/U_grave.glif","\/piyui.ufo\/glyphs\/V_.glif":"\/piyui.ufo\/glyphs\/V_.glif","\/piyui.ufo\/glyphs\/W_.glif":"\/piyui.ufo\/glyphs\/W_.glif","\/piyui.ufo\/glyphs\/X_.glif":"\/piyui.ufo\/glyphs\/X_.glif","\/piyui.ufo\/glyphs\/Y_.glif":"\/piyui.ufo\/glyphs\/Y_.glif","\/piyui.ufo\/glyphs\/Y_dieresis.glif":"\/piyui.ufo\/glyphs\/Y_dieresis.glif","\/piyui.ufo\/glyphs\/Z_.glif":"\/piyui.ufo\/glyphs\/Z_.glif","\/piyui.ufo\/glyphs\/_notdef.glif":"\/piyui.ufo\/glyphs\/_notdef.glif","\/piyui.ufo\/glyphs\/_null.glif":"\/piyui.ufo\/glyphs\/_null.glif","\/piyui.ufo\/glyphs\/a.glif":"\/piyui.ufo\/glyphs\/a.glif","\/piyui.ufo\/glyphs\/aacute.glif":"\/piyui.ufo\/glyphs\/aacute.glif","\/piyui.ufo\/glyphs\/acircumflex.glif":"\/piyui.ufo\/glyphs\/acircumflex.glif","\/piyui.ufo\/glyphs\/adieresis.glif":"\/piyui.ufo\/glyphs\/adieresis.glif","\/piyui.ufo\/glyphs\/ae.glif":"\/piyui.ufo\/glyphs\/ae.glif","\/piyui.ufo\/glyphs\/agrave.glif":"\/piyui.ufo\/glyphs\/agrave.glif","\/piyui.ufo\/glyphs\/ampersand.glif":"\/piyui.ufo\/glyphs\/ampersand.glif","\/piyui.ufo\/glyphs\/aring.glif":"\/piyui.ufo\/glyphs\/aring.glif","\/piyui.ufo\/glyphs\/asciicircum.glif":"\/piyui.ufo\/glyphs\/asciicircum.glif","\/piyui.ufo\/glyphs\/asciitilde.glif":"\/piyui.ufo\/glyphs\/asciitilde.glif","\/piyui.ufo\/glyphs\/asterisk.glif":"\/piyui.ufo\/glyphs\/asterisk.glif","\/piyui.ufo\/glyphs\/at.glif":"\/piyui.ufo\/glyphs\/at.glif","\/piyui.ufo\/glyphs\/atilde.glif":"\/piyui.ufo\/glyphs\/atilde.glif","\/piyui.ufo\/glyphs\/b.glif":"\/piyui.ufo\/glyphs\/b.glif","\/piyui.ufo\/glyphs\/backslash.glif":"\/piyui.ufo\/glyphs\/backslash.glif","\/piyui.ufo\/glyphs\/bar.glif":"\/piyui.ufo\/glyphs\/bar.glif","\/piyui.ufo\/glyphs\/braceleft.glif":"\/piyui.ufo\/glyphs\/braceleft.glif","\/piyui.ufo\/glyphs\/braceright.glif":"\/piyui.ufo\/glyphs\/braceright.glif","\/piyui.ufo\/glyphs\/bracketleft.glif":"\/piyui.ufo\/glyphs\/bracketleft.glif","\/piyui.ufo\/glyphs\/bracketright.glif":"\/piyui.ufo\/glyphs\/bracketright.glif","\/piyui.ufo\/glyphs\/brokenbar.glif":"\/piyui.ufo\/glyphs\/brokenbar.glif","\/piyui.ufo\/glyphs\/c.glif":"\/piyui.ufo\/glyphs\/c.glif","\/piyui.ufo\/glyphs\/ccedilla.glif":"\/piyui.ufo\/glyphs\/ccedilla.glif","\/piyui.ufo\/glyphs\/cent.glif":"\/piyui.ufo\/glyphs\/cent.glif","\/piyui.ufo\/glyphs\/colon.glif":"\/piyui.ufo\/glyphs\/colon.glif","\/piyui.ufo\/glyphs\/comma.glif":"\/piyui.ufo\/glyphs\/comma.glif","\/piyui.ufo\/glyphs\/contents.plist":"\/piyui.ufo\/glyphs\/contents.plist","\/piyui.ufo\/glyphs\/copyright.glif":"\/piyui.ufo\/glyphs\/copyright.glif","\/piyui.ufo\/glyphs\/currency.glif":"\/piyui.ufo\/glyphs\/currency.glif","\/piyui.ufo\/glyphs\/d.glif":"\/piyui.ufo\/glyphs\/d.glif","\/piyui.ufo\/glyphs\/dagger.glif":"\/piyui.ufo\/glyphs\/dagger.glif","\/piyui.ufo\/glyphs\/daggerdbl.glif":"\/piyui.ufo\/glyphs\/daggerdbl.glif","\/piyui.ufo\/glyphs\/degree.glif":"\/piyui.ufo\/glyphs\/degree.glif","\/piyui.ufo\/glyphs\/dollar.glif":"\/piyui.ufo\/glyphs\/dollar.glif","\/piyui.ufo\/glyphs\/e.glif":"\/piyui.ufo\/glyphs\/e.glif","\/piyui.ufo\/glyphs\/eacute.glif":"\/piyui.ufo\/glyphs\/eacute.glif","\/piyui.ufo\/glyphs\/ecircumflex.glif":"\/piyui.ufo\/glyphs\/ecircumflex.glif","\/piyui.ufo\/glyphs\/edieresis.glif":"\/piyui.ufo\/glyphs\/edieresis.glif","\/piyui.ufo\/glyphs\/egrave.glif":"\/piyui.ufo\/glyphs\/egrave.glif","\/piyui.ufo\/glyphs\/eight.glif":"\/piyui.ufo\/glyphs\/eight.glif","\/piyui.ufo\/glyphs\/ellipsis.glif":"\/piyui.ufo\/glyphs\/ellipsis.glif","\/piyui.ufo\/glyphs\/emdash.glif":"\/piyui.ufo\/glyphs\/emdash.glif","\/piyui.ufo\/glyphs\/endash.glif":"\/piyui.ufo\/glyphs\/endash.glif","\/piyui.ufo\/glyphs\/equal.glif":"\/piyui.ufo\/glyphs\/equal.glif","\/piyui.ufo\/glyphs\/exclam.glif":"\/piyui.ufo\/glyphs\/exclam.glif","\/piyui.ufo\/glyphs\/exclamdown.glif":"\/piyui.ufo\/glyphs\/exclamdown.glif","\/piyui.ufo\/glyphs\/f.glif":"\/piyui.ufo\/glyphs\/f.glif","\/piyui.ufo\/glyphs\/five.glif":"\/piyui.ufo\/glyphs\/five.glif","\/piyui.ufo\/glyphs\/florin.glif":"\/piyui.ufo\/glyphs\/florin.glif","\/piyui.ufo\/glyphs\/four.glif":"\/piyui.ufo\/glyphs\/four.glif","\/piyui.ufo\/glyphs\/g.glif":"\/piyui.ufo\/glyphs\/g.glif","\/piyui.ufo\/glyphs\/germandbls.glif":"\/piyui.ufo\/glyphs\/germandbls.glif","\/piyui.ufo\/glyphs\/grave.glif":"\/piyui.ufo\/glyphs\/grave.glif","\/piyui.ufo\/glyphs\/greater.glif":"\/piyui.ufo\/glyphs\/greater.glif","\/piyui.ufo\/glyphs\/guillemotleft.glif":"\/piyui.ufo\/glyphs\/guillemotleft.glif","\/piyui.ufo\/glyphs\/guillemotright.glif":"\/piyui.ufo\/glyphs\/guillemotright.glif","\/piyui.ufo\/glyphs\/guilsinglleft.glif":"\/piyui.ufo\/glyphs\/guilsinglleft.glif","\/piyui.ufo\/glyphs\/guilsinglright.glif":"\/piyui.ufo\/glyphs\/guilsinglright.glif","\/piyui.ufo\/glyphs\/h.glif":"\/piyui.ufo\/glyphs\/h.glif","\/piyui.ufo\/glyphs\/hyphen.glif":"\/piyui.ufo\/glyphs\/hyphen.glif","\/piyui.ufo\/glyphs\/i.glif":"\/piyui.ufo\/glyphs\/i.glif","\/piyui.ufo\/glyphs\/iacute.glif":"\/piyui.ufo\/glyphs\/iacute.glif","\/piyui.ufo\/glyphs\/icircumflex.glif":"\/piyui.ufo\/glyphs\/icircumflex.glif","\/piyui.ufo\/glyphs\/idieresis.glif":"\/piyui.ufo\/glyphs\/idieresis.glif","\/piyui.ufo\/glyphs\/igrave.glif":"\/piyui.ufo\/glyphs\/igrave.glif","\/piyui.ufo\/glyphs\/j.glif":"\/piyui.ufo\/glyphs\/j.glif","\/piyui.ufo\/glyphs\/k.glif":"\/piyui.ufo\/glyphs\/k.glif","\/piyui.ufo\/glyphs\/l.glif":"\/piyui.ufo\/glyphs\/l.glif","\/piyui.ufo\/glyphs\/less.glif":"\/piyui.ufo\/glyphs\/less.glif","\/piyui.ufo\/glyphs\/m.glif":"\/piyui.ufo\/glyphs\/m.glif","\/piyui.ufo\/glyphs\/n.glif":"\/piyui.ufo\/glyphs\/n.glif","\/piyui.ufo\/glyphs\/nine.glif":"\/piyui.ufo\/glyphs\/nine.glif","\/piyui.ufo\/glyphs\/nonbreakingspace.glif":"\/piyui.ufo\/glyphs\/nonbreakingspace.glif","\/piyui.ufo\/glyphs\/nonmarkingreturn.glif":"\/piyui.ufo\/glyphs\/nonmarkingreturn.glif","\/piyui.ufo\/glyphs\/ntilde.glif":"\/piyui.ufo\/glyphs\/ntilde.glif","\/piyui.ufo\/glyphs\/numbersign.glif":"\/piyui.ufo\/glyphs\/numbersign.glif","\/piyui.ufo\/glyphs\/o.glif":"\/piyui.ufo\/glyphs\/o.glif","\/piyui.ufo\/glyphs\/oacute.glif":"\/piyui.ufo\/glyphs\/oacute.glif","\/piyui.ufo\/glyphs\/ocircumflex.glif":"\/piyui.ufo\/glyphs\/ocircumflex.glif","\/piyui.ufo\/glyphs\/odieresis.glif":"\/piyui.ufo\/glyphs\/odieresis.glif","\/piyui.ufo\/glyphs\/oe.glif":"\/piyui.ufo\/glyphs\/oe.glif","\/piyui.ufo\/glyphs\/ograve.glif":"\/piyui.ufo\/glyphs\/ograve.glif","\/piyui.ufo\/glyphs\/one.glif":"\/piyui.ufo\/glyphs\/one.glif","\/piyui.ufo\/glyphs\/ordfeminine.glif":"\/piyui.ufo\/glyphs\/ordfeminine.glif","\/piyui.ufo\/glyphs\/ordmasculine.glif":"\/piyui.ufo\/glyphs\/ordmasculine.glif","\/piyui.ufo\/glyphs\/oslash.glif":"\/piyui.ufo\/glyphs\/oslash.glif","\/piyui.ufo\/glyphs\/otilde.glif":"\/piyui.ufo\/glyphs\/otilde.glif","\/piyui.ufo\/glyphs\/p.glif":"\/piyui.ufo\/glyphs\/p.glif","\/piyui.ufo\/glyphs\/paragraph.glif":"\/piyui.ufo\/glyphs\/paragraph.glif","\/piyui.ufo\/glyphs\/parenleft.glif":"\/piyui.ufo\/glyphs\/parenleft.glif","\/piyui.ufo\/glyphs\/parenright.glif":"\/piyui.ufo\/glyphs\/parenright.glif","\/piyui.ufo\/glyphs\/percent.glif":"\/piyui.ufo\/glyphs\/percent.glif","\/piyui.ufo\/glyphs\/period.glif":"\/piyui.ufo\/glyphs\/period.glif","\/piyui.ufo\/glyphs\/perthousand.glif":"\/piyui.ufo\/glyphs\/perthousand.glif","\/piyui.ufo\/glyphs\/plus.glif":"\/piyui.ufo\/glyphs\/plus.glif","\/piyui.ufo\/glyphs\/q.glif":"\/piyui.ufo\/glyphs\/q.glif","\/piyui.ufo\/glyphs\/question.glif":"\/piyui.ufo\/glyphs\/question.glif","\/piyui.ufo\/glyphs\/questiondown.glif":"\/piyui.ufo\/glyphs\/questiondown.glif","\/piyui.ufo\/glyphs\/quotedbl.glif":"\/piyui.ufo\/glyphs\/quotedbl.glif","\/piyui.ufo\/glyphs\/quotedblbase.glif":"\/piyui.ufo\/glyphs\/quotedblbase.glif","\/piyui.ufo\/glyphs\/quotedblleft.glif":"\/piyui.ufo\/glyphs\/quotedblleft.glif","\/piyui.ufo\/glyphs\/quotedblright.glif":"\/piyui.ufo\/glyphs\/quotedblright.glif","\/piyui.ufo\/glyphs\/quoteleft.glif":"\/piyui.ufo\/glyphs\/quoteleft.glif","\/piyui.ufo\/glyphs\/quoteright.glif":"\/piyui.ufo\/glyphs\/quoteright.glif","\/piyui.ufo\/glyphs\/quotesingle.glif":"\/piyui.ufo\/glyphs\/quotesingle.glif","\/piyui.ufo\/glyphs\/r.glif":"\/piyui.ufo\/glyphs\/r.glif","\/piyui.ufo\/glyphs\/registered.glif":"\/piyui.ufo\/glyphs\/registered.glif","\/piyui.ufo\/glyphs\/s.glif":"\/piyui.ufo\/glyphs\/s.glif","\/piyui.ufo\/glyphs\/scaron.glif":"\/piyui.ufo\/glyphs\/scaron.glif","\/piyui.ufo\/glyphs\/section.glif":"\/piyui.ufo\/glyphs\/section.glif","\/piyui.ufo\/glyphs\/semicolon.glif":"\/piyui.ufo\/glyphs\/semicolon.glif","\/piyui.ufo\/glyphs\/seven.glif":"\/piyui.ufo\/glyphs\/seven.glif","\/piyui.ufo\/glyphs\/six.glif":"\/piyui.ufo\/glyphs\/six.glif","\/piyui.ufo\/glyphs\/slash.glif":"\/piyui.ufo\/glyphs\/slash.glif","\/piyui.ufo\/glyphs\/space.glif":"\/piyui.ufo\/glyphs\/space.glif","\/piyui.ufo\/glyphs\/sterling.glif":"\/piyui.ufo\/glyphs\/sterling.glif","\/piyui.ufo\/glyphs\/t.glif":"\/piyui.ufo\/glyphs\/t.glif","\/piyui.ufo\/glyphs\/three.glif":"\/piyui.ufo\/glyphs\/three.glif","\/piyui.ufo\/glyphs\/trademark.glif":"\/piyui.ufo\/glyphs\/trademark.glif","\/piyui.ufo\/glyphs\/two.glif":"\/piyui.ufo\/glyphs\/two.glif","\/piyui.ufo\/glyphs\/u.glif":"\/piyui.ufo\/glyphs\/u.glif","\/piyui.ufo\/glyphs\/uacute.glif":"\/piyui.ufo\/glyphs\/uacute.glif","\/piyui.ufo\/glyphs\/ucircumflex.glif":"\/piyui.ufo\/glyphs\/ucircumflex.glif","\/piyui.ufo\/glyphs\/udieresis.glif":"\/piyui.ufo\/glyphs\/udieresis.glif","\/piyui.ufo\/glyphs\/ugrave.glif":"\/piyui.ufo\/glyphs\/ugrave.glif","\/piyui.ufo\/glyphs\/underscore.glif":"\/piyui.ufo\/glyphs\/underscore.glif","\/piyui.ufo\/glyphs\/v.glif":"\/piyui.ufo\/glyphs\/v.glif","\/piyui.ufo\/glyphs\/w.glif":"\/piyui.ufo\/glyphs\/w.glif","\/piyui.ufo\/glyphs\/x.glif":"\/piyui.ufo\/glyphs\/x.glif","\/piyui.ufo\/glyphs\/y.glif":"\/piyui.ufo\/glyphs\/y.glif","\/piyui.ufo\/glyphs\/ydieresis.glif":"\/piyui.ufo\/glyphs\/ydieresis.glif","\/piyui.ufo\/glyphs\/yen.glif":"\/piyui.ufo\/glyphs\/yen.glif","\/piyui.ufo\/glyphs\/z.glif":"\/piyui.ufo\/glyphs\/z.glif","\/piyui.ufo\/glyphs\/zero.glif":"\/piyui.ufo\/glyphs\/zero.glif"},"Font":{"uploaded":1480343857.1427,"licence":"gpl3","company":"Chronolabs Cooperative","title":"APS DV Piyush Italic","version":3.002,"date":"Fri Nov 25 23:01:38 2016","creator":"root","type":"1","matrix":"0.001 0 0 0.001 0 0","named":"APS-DV-Piyush-Italic","painttype":"0","info":"10 dict dup","name":"APS-DV-Piyush-Italic","family":"APS-DV-Piyush","weight":"Book","fstype":"1","italicangle":"14","underlineposition":"","underlinethickness":""},"Licences":{"":false},"Table":{"FFTM":{"entryLength":16,"tag":"FFTM","checksum":1962497044,"offset":30412,"length":28},"GDEF":{"entryLength":16,"tag":"GDEF","checksum":15466500,"offset":30380,"length":32},"OS\/2":{"entryLength":16,"tag":"OS\/2","checksum":1453916038,"offset":344,"length":86},"cmap":{"entryLength":16,"tag":"cmap","checksum":747674057,"offset":1196,"length":556},"gasp":{"entryLength":16,"tag":"gasp","checksum":4294901763,"offset":30372,"length":8},"glyf":{"entryLength":16,"tag":"glyf","checksum":3481382367,"offset":2136,"length":26468},"head":{"entryLength":16,"tag":"head","checksum":162070062,"offset":220,"length":54},"hhea":{"entryLength":16,"tag":"hhea","checksum":90898793,"offset":276,"length":36},"hmtx":{"entryLength":16,"tag":"hmtx","checksum":3953730160,"offset":432,"length":764},"loca":{"entryLength":16,"tag":"loca","checksum":3693278988,"offset":1752,"length":384},"maxp":{"entryLength":16,"tag":"maxp","checksum":17105028,"offset":312,"length":32},"name":{"entryLength":16,"tag":"name","checksum":784914673,"offset":28604,"length":1350},"post":{"entryLength":16,"tag":"post","checksum":633939468,"offset":29956,"length":416}},"UnicodeCharMap":{"0":1,"13":2,"32":3,"33":4,"34":5,"35":6,"36":7,"37":8,"38":9,"39":10,"40":11,"41":12,"42":13,"43":14,"44":15,"45":16,"46":17,"47":18,"48":19,"49":20,"50":21,"51":22,"52":23,"53":24,"54":25,"55":26,"56":27,"57":28,"58":29,"59":30,"60":31,"61":32,"62":33,"63":34,"64":35,"65":36,"66":37,"67":38,"68":39,"69":40,"70":41,"71":42,"72":43,"73":44,"74":45,"75":46,"76":47,"77":48,"78":49,"79":50,"80":51,"81":52,"82":53,"83":54,"84":55,"85":56,"86":57,"87":58,"88":59,"89":60,"90":61,"91":62,"92":63,"93":64,"94":65,"95":66,"96":67,"97":68,"98":69,"99":70,"100":71,"101":72,"102":73,"103":74,"104":75,"105":76,"106":77,"107":78,"108":79,"109":80,"110":81,"111":82,"112":83,"113":84,"114":85,"115":86,"116":87,"117":88,"118":89,"119":90,"120":91,"121":92,"122":93,"123":94,"124":95,"125":96,"126":97,"160":98,"161":99,"162":100,"163":101,"164":102,"165":103,"166":104,"167":105,"169":106,"170":107,"171":108,"174":109,"176":110,"182":111,"186":112,"187":113,"191":114,"192":115,"193":116,"194":117,"195":118,"196":119,"197":120,"198":121,"199":122,"200":123,"201":124,"202":125,"203":126,"204":127,"205":128,"206":129,"207":130,"209":131,"210":132,"211":133,"212":134,"213":135,"214":136,"216":137,"217":138,"218":139,"219":140,"220":141,"223":142,"224":143,"225":144,"226":145,"227":146,"228":147,"229":148,"230":149,"231":150,"232":151,"233":152,"234":153,"235":154,"236":155,"237":156,"238":157,"239":158,"241":159,"242":160,"243":161,"244":162,"245":163,"246":164,"248":165,"249":166,"250":167,"251":168,"252":169,"255":170,"338":179,"339":189,"352":177,"353":187,"376":190,"402":171,"8211":184,"8212":185,"8216":180,"8217":181,"8220":182,"8221":183,"8222":172,"8224":174,"8225":175,"8230":173,"8240":176,"8249":178,"8250":188,"8482":186},"Reserves":{"fontname":"APS DV Piyush Italic"},"Names":{"APS DV Piyush Italic":{"name":"APS DV Piyush Italic","longitude":"0.00000001","latitude":"0.00000001","country":"","region":"","city":""}},"Nodes":{"ap":{"type":"typal","node":"ap","usage":1,"weight":1},"ps":{"type":"typal","node":"ps","usage":1,"weight":1},"pi":{"type":"typal","node":"pi","usage":1,"weight":1},"sh":{"type":"typal","node":"sh","usage":1,"weight":1},"it":{"type":"typal","node":"it","usage":1,"weight":1},"ic":{"type":"typal","node":"ic","usage":1,"weight":1},"piy":{"type":"typal","node":"piy","usage":1,"weight":1},"ush":{"type":"typal","node":"ush","usage":1,"weight":1},"ita":{"type":"typal","node":"ita","usage":1,"weight":1},"lic":{"type":"typal","node":"lic","usage":1,"weight":1},"piyu":{"type":"keys","node":"piyu","usage":1,"weight":1},"yush":{"type":"keys","node":"yush","usage":1,"weight":1},"ital":{"type":"keys","node":"ital","usage":1,"weight":1},"alic":{"type":"keys","node":"alic","usage":1,"weight":1},"piyus":{"type":"keys","node":"piyus","usage":1,"weight":1},"iyush":{"type":"keys","node":"iyush","usage":1,"weight":1},"itali":{"type":"keys","node":"itali","usage":1,"weight":1},"talic":{"type":"keys","node":"talic","usage":1,"weight":1},"aps":{"type":"fixes","node":"aps","usage":1,"weight":1},"dv":{"type":"fixes","node":"dv","usage":1,"weight":1},"piyush":{"type":"fixes","node":"piyush","usage":1,"weight":1},"italic":{"type":"fixes","node":"italic","usage":1,"weight":1}},"Contributors":[],"FontIdentity":"zinc17:b23cc058215f3a83fd9bcb14d","Bytes":null,"Networking":[],"barcode":"aaqi6iyg6ayya","referee":"mausa52"}