{"CSS":{"Boneyard":"Boneyard.css"},"FontType":"TrueType","FontCopyright":"Boneyard v. 1.0 - Copyright 1997, David F. Nalle - Scriptorium Fonts.  This is a demo version of the font.  To register and get the full version, stop by our website at http:\/\/www.ragnarokpress.com\/scriptorium","FontName":"Boneyard","FontSubfamily":"Regular","FontSubfamilyID":"Altsys Fontographer 4.0.3 Boneyard","FontFullName":"Boneyard","FontVersion":"Altsys Fontographer 4.0.3 10\/9\/97","FontWeight":null,"FontPostscriptName":"Boneyard","Files":null,"Table":{"FFTM":{"entryLength":16,"tag":"FFTM","checksum":756667917,"offset":31676,"length":28},"GDEF":{"entryLength":16,"tag":"GDEF","checksum":4587524,"offset":31644,"length":32},"OS\/2":{"entryLength":16,"tag":"OS\/2","checksum":2257015413,"offset":392,"length":96},"cmap":{"entryLength":16,"tag":"cmap","checksum":1110981718,"offset":588,"length":354},"cvt ":{"entryLength":16,"tag":"cvt ","checksum":1457387599,"offset":1028,"length":46},"fpgm":{"entryLength":16,"tag":"fpgm","checksum":2201207375,"offset":944,"length":20},"gasp":{"entryLength":16,"tag":"gasp","checksum":4294901763,"offset":31636,"length":8},"glyf":{"entryLength":16,"tag":"glyf","checksum":3432681638,"offset":1128,"length":29308},"head":{"entryLength":16,"tag":"head","checksum":143434581,"offset":268,"length":54},"hhea":{"entryLength":16,"tag":"hhea","checksum":119472954,"offset":324,"length":36},"hmtx":{"entryLength":16,"tag":"hmtx","checksum":1228144831,"offset":488,"length":100},"loca":{"entryLength":16,"tag":"loca","checksum":1081563132,"offset":1076,"length":52},"maxp":{"entryLength":16,"tag":"maxp","checksum":11928945,"offset":360,"length":32},"name":{"entryLength":16,"tag":"name","checksum":50663325,"offset":30436,"length":1116},"post":{"entryLength":16,"tag":"post","checksum":23790116,"offset":31552,"length":84},"prep":{"entryLength":16,"tag":"prep","checksum":1992301912,"offset":964,"length":62}},"UnicodeCharMap":{"32":3,"65":4,"66":5,"67":6,"68":7,"69":8,"70":9,"71":10,"72":11,"73":12,"74":13,"75":14,"76":15,"77":16,"78":17,"79":18,"80":19,"81":20,"82":21,"87":22,"89":23,"101":24},"Reserves":{"fontname":"Boneyard"},"Names":{"Boneyard":{"name":"Boneyard","longitude":null,"latitude":null,"country":"","region":"","city":""}},"Nodes":{"bo":{"type":"typal","node":"bo","usage":1,"weight":1},"rd":{"type":"typal","node":"rd","usage":1,"weight":1},"bon":{"type":"typal","node":"bon","usage":1,"weight":1},"ard":{"type":"typal","node":"ard","usage":1,"weight":1},"bone":{"type":"keys","node":"bone","usage":1,"weight":1},"yard":{"type":"keys","node":"yard","usage":1,"weight":1},"boney":{"type":"keys","node":"boney","usage":1,"weight":1},"eyard":{"type":"keys","node":"eyard","usage":1,"weight":1},"boneyard":{"type":"fixes","node":"boneyard","usage":1,"weight":1}},"Contributors":[],"FontIdentity":"70f0038b8322b7bb9da3475c68db6891","Bytes":null,"Networking":[]}