{"CSS":{"Sauna Black":"aphgovau:75f1e20a2621530b61ddbea.css"},"FontType":"TrueType","FontCopyright":"Copyright   2002, Underware. All rights reserved.","FontName":"Sauna","FontSubfamily":"Black","FontSubfamilyID":"FontForge 2.0 : Sauna Black : 12-8-2016","FontFullName":"Sauna Black","FontVersion":"Version 001.001 ","FontWeight":null,"FontPostscriptName":"Sauna-Black","Files":{"\/Sauna Black.css":"\/Sauna Black.css","\/font-resource.json":"\/font-resource.json","\/sauna-black.afm":"\/sauna-black.afm","\/sauna-black.cef":"\/sauna-black.cef","\/sauna-black.cff":"\/sauna-black.cff","\/sauna-black.eot":"\/sauna-black.eot","\/sauna-black.gai":"\/sauna-black.gai","\/sauna-black.gsf":"\/sauna-black.gsf","\/sauna-black.otf":"\/sauna-black.otf","\/sauna-black.pf3":"\/sauna-black.pf3","\/sauna-black.pfa":"\/sauna-black.pfa","\/sauna-black.pfb":"\/sauna-black.pfb","\/sauna-black.php":"\/sauna-black.php","\/sauna-black.pt3":"\/sauna-black.pt3","\/sauna-black.sfd":"\/sauna-black.sfd","\/sauna-black.svg":"\/sauna-black.svg","\/sauna-black.t42":"\/sauna-black.t42","\/sauna-black.ttd":"\/sauna-black.ttd","\/sauna-black.ttf":"\/sauna-black.ttf","\/sauna-black.ttg":"\/sauna-black.ttg","\/sauna-black.ufm":"\/sauna-black.ufm","\/sauna-black.woff":"\/sauna-black.woff","\/sauna-black.z":"\/sauna-black.z","\/sauna-black.ufo\/feature.fea":"\/sauna-black.ufo\/feature.fea","\/sauna-black.ufo\/fontinfo.plist":"\/sauna-black.ufo\/fontinfo.plist","\/sauna-black.ufo\/groups.plist":"\/sauna-black.ufo\/groups.plist","\/sauna-black.ufo\/kerning.plist":"\/sauna-black.ufo\/kerning.plist","\/sauna-black.ufo\/metainfo.plist":"\/sauna-black.ufo\/metainfo.plist","\/sauna-black.ufo\/glyphs\/A_.glif":"\/sauna-black.ufo\/glyphs\/A_.glif","\/sauna-black.ufo\/glyphs\/A_E_.glif":"\/sauna-black.ufo\/glyphs\/A_E_.glif","\/sauna-black.ufo\/glyphs\/A_acute.glif":"\/sauna-black.ufo\/glyphs\/A_acute.glif","\/sauna-black.ufo\/glyphs\/A_circumflex.glif":"\/sauna-black.ufo\/glyphs\/A_circumflex.glif","\/sauna-black.ufo\/glyphs\/A_dieresis.glif":"\/sauna-black.ufo\/glyphs\/A_dieresis.glif","\/sauna-black.ufo\/glyphs\/A_grave.glif":"\/sauna-black.ufo\/glyphs\/A_grave.glif","\/sauna-black.ufo\/glyphs\/A_ring.glif":"\/sauna-black.ufo\/glyphs\/A_ring.glif","\/sauna-black.ufo\/glyphs\/A_tilde.glif":"\/sauna-black.ufo\/glyphs\/A_tilde.glif","\/sauna-black.ufo\/glyphs\/B_.glif":"\/sauna-black.ufo\/glyphs\/B_.glif","\/sauna-black.ufo\/glyphs\/C_.glif":"\/sauna-black.ufo\/glyphs\/C_.glif","\/sauna-black.ufo\/glyphs\/C_cedilla.glif":"\/sauna-black.ufo\/glyphs\/C_cedilla.glif","\/sauna-black.ufo\/glyphs\/D_.glif":"\/sauna-black.ufo\/glyphs\/D_.glif","\/sauna-black.ufo\/glyphs\/D_elta.glif":"\/sauna-black.ufo\/glyphs\/D_elta.glif","\/sauna-black.ufo\/glyphs\/E_.glif":"\/sauna-black.ufo\/glyphs\/E_.glif","\/sauna-black.ufo\/glyphs\/E_acute.glif":"\/sauna-black.ufo\/glyphs\/E_acute.glif","\/sauna-black.ufo\/glyphs\/E_circumflex.glif":"\/sauna-black.ufo\/glyphs\/E_circumflex.glif","\/sauna-black.ufo\/glyphs\/E_dieresis.glif":"\/sauna-black.ufo\/glyphs\/E_dieresis.glif","\/sauna-black.ufo\/glyphs\/E_grave.glif":"\/sauna-black.ufo\/glyphs\/E_grave.glif","\/sauna-black.ufo\/glyphs\/E_th.glif":"\/sauna-black.ufo\/glyphs\/E_th.glif","\/sauna-black.ufo\/glyphs\/E_uro.glif":"\/sauna-black.ufo\/glyphs\/E_uro.glif","\/sauna-black.ufo\/glyphs\/F_.glif":"\/sauna-black.ufo\/glyphs\/F_.glif","\/sauna-black.ufo\/glyphs\/G_.glif":"\/sauna-black.ufo\/glyphs\/G_.glif","\/sauna-black.ufo\/glyphs\/H_.glif":"\/sauna-black.ufo\/glyphs\/H_.glif","\/sauna-black.ufo\/glyphs\/I_.glif":"\/sauna-black.ufo\/glyphs\/I_.glif","\/sauna-black.ufo\/glyphs\/I_acute.glif":"\/sauna-black.ufo\/glyphs\/I_acute.glif","\/sauna-black.ufo\/glyphs\/I_circumflex.glif":"\/sauna-black.ufo\/glyphs\/I_circumflex.glif","\/sauna-black.ufo\/glyphs\/I_dieresis.glif":"\/sauna-black.ufo\/glyphs\/I_dieresis.glif","\/sauna-black.ufo\/glyphs\/I_grave.glif":"\/sauna-black.ufo\/glyphs\/I_grave.glif","\/sauna-black.ufo\/glyphs\/J_.glif":"\/sauna-black.ufo\/glyphs\/J_.glif","\/sauna-black.ufo\/glyphs\/K_.glif":"\/sauna-black.ufo\/glyphs\/K_.glif","\/sauna-black.ufo\/glyphs\/L_.glif":"\/sauna-black.ufo\/glyphs\/L_.glif","\/sauna-black.ufo\/glyphs\/L_slash.glif":"\/sauna-black.ufo\/glyphs\/L_slash.glif","\/sauna-black.ufo\/glyphs\/M_.glif":"\/sauna-black.ufo\/glyphs\/M_.glif","\/sauna-black.ufo\/glyphs\/N_.glif":"\/sauna-black.ufo\/glyphs\/N_.glif","\/sauna-black.ufo\/glyphs\/N_tilde.glif":"\/sauna-black.ufo\/glyphs\/N_tilde.glif","\/sauna-black.ufo\/glyphs\/O_.glif":"\/sauna-black.ufo\/glyphs\/O_.glif","\/sauna-black.ufo\/glyphs\/O_E_.glif":"\/sauna-black.ufo\/glyphs\/O_E_.glif","\/sauna-black.ufo\/glyphs\/O_acute.glif":"\/sauna-black.ufo\/glyphs\/O_acute.glif","\/sauna-black.ufo\/glyphs\/O_circumflex.glif":"\/sauna-black.ufo\/glyphs\/O_circumflex.glif","\/sauna-black.ufo\/glyphs\/O_dieresis.glif":"\/sauna-black.ufo\/glyphs\/O_dieresis.glif","\/sauna-black.ufo\/glyphs\/O_grave.glif":"\/sauna-black.ufo\/glyphs\/O_grave.glif","\/sauna-black.ufo\/glyphs\/O_mega.glif":"\/sauna-black.ufo\/glyphs\/O_mega.glif","\/sauna-black.ufo\/glyphs\/O_slash.glif":"\/sauna-black.ufo\/glyphs\/O_slash.glif","\/sauna-black.ufo\/glyphs\/O_tilde.glif":"\/sauna-black.ufo\/glyphs\/O_tilde.glif","\/sauna-black.ufo\/glyphs\/P_.glif":"\/sauna-black.ufo\/glyphs\/P_.glif","\/sauna-black.ufo\/glyphs\/Q_.glif":"\/sauna-black.ufo\/glyphs\/Q_.glif","\/sauna-black.ufo\/glyphs\/R_.glif":"\/sauna-black.ufo\/glyphs\/R_.glif","\/sauna-black.ufo\/glyphs\/S_.glif":"\/sauna-black.ufo\/glyphs\/S_.glif","\/sauna-black.ufo\/glyphs\/S_caron.glif":"\/sauna-black.ufo\/glyphs\/S_caron.glif","\/sauna-black.ufo\/glyphs\/T_.glif":"\/sauna-black.ufo\/glyphs\/T_.glif","\/sauna-black.ufo\/glyphs\/T_horn.glif":"\/sauna-black.ufo\/glyphs\/T_horn.glif","\/sauna-black.ufo\/glyphs\/U_.glif":"\/sauna-black.ufo\/glyphs\/U_.glif","\/sauna-black.ufo\/glyphs\/U_acute.glif":"\/sauna-black.ufo\/glyphs\/U_acute.glif","\/sauna-black.ufo\/glyphs\/U_circumflex.glif":"\/sauna-black.ufo\/glyphs\/U_circumflex.glif","\/sauna-black.ufo\/glyphs\/U_dieresis.glif":"\/sauna-black.ufo\/glyphs\/U_dieresis.glif","\/sauna-black.ufo\/glyphs\/U_grave.glif":"\/sauna-black.ufo\/glyphs\/U_grave.glif","\/sauna-black.ufo\/glyphs\/V_.glif":"\/sauna-black.ufo\/glyphs\/V_.glif","\/sauna-black.ufo\/glyphs\/W_.glif":"\/sauna-black.ufo\/glyphs\/W_.glif","\/sauna-black.ufo\/glyphs\/X_.glif":"\/sauna-black.ufo\/glyphs\/X_.glif","\/sauna-black.ufo\/glyphs\/Y_.glif":"\/sauna-black.ufo\/glyphs\/Y_.glif","\/sauna-black.ufo\/glyphs\/Y_acute.glif":"\/sauna-black.ufo\/glyphs\/Y_acute.glif","\/sauna-black.ufo\/glyphs\/Y_dieresis.glif":"\/sauna-black.ufo\/glyphs\/Y_dieresis.glif","\/sauna-black.ufo\/glyphs\/Z_.glif":"\/sauna-black.ufo\/glyphs\/Z_.glif","\/sauna-black.ufo\/glyphs\/Z_caron.glif":"\/sauna-black.ufo\/glyphs\/Z_caron.glif","\/sauna-black.ufo\/glyphs\/a.glif":"\/sauna-black.ufo\/glyphs\/a.glif","\/sauna-black.ufo\/glyphs\/aacute.glif":"\/sauna-black.ufo\/glyphs\/aacute.glif","\/sauna-black.ufo\/glyphs\/acircumflex.glif":"\/sauna-black.ufo\/glyphs\/acircumflex.glif","\/sauna-black.ufo\/glyphs\/acute.glif":"\/sauna-black.ufo\/glyphs\/acute.glif","\/sauna-black.ufo\/glyphs\/adieresis.glif":"\/sauna-black.ufo\/glyphs\/adieresis.glif","\/sauna-black.ufo\/glyphs\/ae.glif":"\/sauna-black.ufo\/glyphs\/ae.glif","\/sauna-black.ufo\/glyphs\/agrave.glif":"\/sauna-black.ufo\/glyphs\/agrave.glif","\/sauna-black.ufo\/glyphs\/ampersand.glif":"\/sauna-black.ufo\/glyphs\/ampersand.glif","\/sauna-black.ufo\/glyphs\/apple.glif":"\/sauna-black.ufo\/glyphs\/apple.glif","\/sauna-black.ufo\/glyphs\/approxequal.glif":"\/sauna-black.ufo\/glyphs\/approxequal.glif","\/sauna-black.ufo\/glyphs\/aring.glif":"\/sauna-black.ufo\/glyphs\/aring.glif","\/sauna-black.ufo\/glyphs\/asciicircum.glif":"\/sauna-black.ufo\/glyphs\/asciicircum.glif","\/sauna-black.ufo\/glyphs\/asciitilde.glif":"\/sauna-black.ufo\/glyphs\/asciitilde.glif","\/sauna-black.ufo\/glyphs\/asterisk.glif":"\/sauna-black.ufo\/glyphs\/asterisk.glif","\/sauna-black.ufo\/glyphs\/at.glif":"\/sauna-black.ufo\/glyphs\/at.glif","\/sauna-black.ufo\/glyphs\/atilde.glif":"\/sauna-black.ufo\/glyphs\/atilde.glif","\/sauna-black.ufo\/glyphs\/b.glif":"\/sauna-black.ufo\/glyphs\/b.glif","\/sauna-black.ufo\/glyphs\/backslash.glif":"\/sauna-black.ufo\/glyphs\/backslash.glif","\/sauna-black.ufo\/glyphs\/bar.glif":"\/sauna-black.ufo\/glyphs\/bar.glif","\/sauna-black.ufo\/glyphs\/braceleft.glif":"\/sauna-black.ufo\/glyphs\/braceleft.glif","\/sauna-black.ufo\/glyphs\/braceright.glif":"\/sauna-black.ufo\/glyphs\/braceright.glif","\/sauna-black.ufo\/glyphs\/bracketleft.glif":"\/sauna-black.ufo\/glyphs\/bracketleft.glif","\/sauna-black.ufo\/glyphs\/bracketright.glif":"\/sauna-black.ufo\/glyphs\/bracketright.glif","\/sauna-black.ufo\/glyphs\/breve.glif":"\/sauna-black.ufo\/glyphs\/breve.glif","\/sauna-black.ufo\/glyphs\/brokenbar.glif":"\/sauna-black.ufo\/glyphs\/brokenbar.glif","\/sauna-black.ufo\/glyphs\/bullet.glif":"\/sauna-black.ufo\/glyphs\/bullet.glif","\/sauna-black.ufo\/glyphs\/c.glif":"\/sauna-black.ufo\/glyphs\/c.glif","\/sauna-black.ufo\/glyphs\/caron.glif":"\/sauna-black.ufo\/glyphs\/caron.glif","\/sauna-black.ufo\/glyphs\/ccedilla.glif":"\/sauna-black.ufo\/glyphs\/ccedilla.glif","\/sauna-black.ufo\/glyphs\/cedilla.glif":"\/sauna-black.ufo\/glyphs\/cedilla.glif","\/sauna-black.ufo\/glyphs\/cent.glif":"\/sauna-black.ufo\/glyphs\/cent.glif","\/sauna-black.ufo\/glyphs\/circumflex.glif":"\/sauna-black.ufo\/glyphs\/circumflex.glif","\/sauna-black.ufo\/glyphs\/colon.glif":"\/sauna-black.ufo\/glyphs\/colon.glif","\/sauna-black.ufo\/glyphs\/comma.glif":"\/sauna-black.ufo\/glyphs\/comma.glif","\/sauna-black.ufo\/glyphs\/contents.plist":"\/sauna-black.ufo\/glyphs\/contents.plist","\/sauna-black.ufo\/glyphs\/copyright.glif":"\/sauna-black.ufo\/glyphs\/copyright.glif","\/sauna-black.ufo\/glyphs\/currency.glif":"\/sauna-black.ufo\/glyphs\/currency.glif","\/sauna-black.ufo\/glyphs\/d.glif":"\/sauna-black.ufo\/glyphs\/d.glif","\/sauna-black.ufo\/glyphs\/dagger.glif":"\/sauna-black.ufo\/glyphs\/dagger.glif","\/sauna-black.ufo\/glyphs\/daggerdbl.glif":"\/sauna-black.ufo\/glyphs\/daggerdbl.glif","\/sauna-black.ufo\/glyphs\/degree.glif":"\/sauna-black.ufo\/glyphs\/degree.glif","\/sauna-black.ufo\/glyphs\/dieresis.glif":"\/sauna-black.ufo\/glyphs\/dieresis.glif","\/sauna-black.ufo\/glyphs\/divide.glif":"\/sauna-black.ufo\/glyphs\/divide.glif","\/sauna-black.ufo\/glyphs\/dollar.glif":"\/sauna-black.ufo\/glyphs\/dollar.glif","\/sauna-black.ufo\/glyphs\/dotaccent.glif":"\/sauna-black.ufo\/glyphs\/dotaccent.glif","\/sauna-black.ufo\/glyphs\/dotlessi.glif":"\/sauna-black.ufo\/glyphs\/dotlessi.glif","\/sauna-black.ufo\/glyphs\/e.glif":"\/sauna-black.ufo\/glyphs\/e.glif","\/sauna-black.ufo\/glyphs\/eacute.glif":"\/sauna-black.ufo\/glyphs\/eacute.glif","\/sauna-black.ufo\/glyphs\/ecircumflex.glif":"\/sauna-black.ufo\/glyphs\/ecircumflex.glif","\/sauna-black.ufo\/glyphs\/edieresis.glif":"\/sauna-black.ufo\/glyphs\/edieresis.glif","\/sauna-black.ufo\/glyphs\/egrave.glif":"\/sauna-black.ufo\/glyphs\/egrave.glif","\/sauna-black.ufo\/glyphs\/eight.glif":"\/sauna-black.ufo\/glyphs\/eight.glif","\/sauna-black.ufo\/glyphs\/ellipsis.glif":"\/sauna-black.ufo\/glyphs\/ellipsis.glif","\/sauna-black.ufo\/glyphs\/emdash.glif":"\/sauna-black.ufo\/glyphs\/emdash.glif","\/sauna-black.ufo\/glyphs\/endash.glif":"\/sauna-black.ufo\/glyphs\/endash.glif","\/sauna-black.ufo\/glyphs\/equal.glif":"\/sauna-black.ufo\/glyphs\/equal.glif","\/sauna-black.ufo\/glyphs\/eth.glif":"\/sauna-black.ufo\/glyphs\/eth.glif","\/sauna-black.ufo\/glyphs\/exclam.glif":"\/sauna-black.ufo\/glyphs\/exclam.glif","\/sauna-black.ufo\/glyphs\/exclamdown.glif":"\/sauna-black.ufo\/glyphs\/exclamdown.glif","\/sauna-black.ufo\/glyphs\/f.glif":"\/sauna-black.ufo\/glyphs\/f.glif","\/sauna-black.ufo\/glyphs\/fi.glif":"\/sauna-black.ufo\/glyphs\/fi.glif","\/sauna-black.ufo\/glyphs\/five.glif":"\/sauna-black.ufo\/glyphs\/five.glif","\/sauna-black.ufo\/glyphs\/fl.glif":"\/sauna-black.ufo\/glyphs\/fl.glif","\/sauna-black.ufo\/glyphs\/florin.glif":"\/sauna-black.ufo\/glyphs\/florin.glif","\/sauna-black.ufo\/glyphs\/four.glif":"\/sauna-black.ufo\/glyphs\/four.glif","\/sauna-black.ufo\/glyphs\/fraction.glif":"\/sauna-black.ufo\/glyphs\/fraction.glif","\/sauna-black.ufo\/glyphs\/g.glif":"\/sauna-black.ufo\/glyphs\/g.glif","\/sauna-black.ufo\/glyphs\/germandbls.glif":"\/sauna-black.ufo\/glyphs\/germandbls.glif","\/sauna-black.ufo\/glyphs\/grave.glif":"\/sauna-black.ufo\/glyphs\/grave.glif","\/sauna-black.ufo\/glyphs\/greater.glif":"\/sauna-black.ufo\/glyphs\/greater.glif","\/sauna-black.ufo\/glyphs\/greaterequal.glif":"\/sauna-black.ufo\/glyphs\/greaterequal.glif","\/sauna-black.ufo\/glyphs\/guillemotleft.glif":"\/sauna-black.ufo\/glyphs\/guillemotleft.glif","\/sauna-black.ufo\/glyphs\/guillemotright.glif":"\/sauna-black.ufo\/glyphs\/guillemotright.glif","\/sauna-black.ufo\/glyphs\/guilsinglleft.glif":"\/sauna-black.ufo\/glyphs\/guilsinglleft.glif","\/sauna-black.ufo\/glyphs\/guilsinglright.glif":"\/sauna-black.ufo\/glyphs\/guilsinglright.glif","\/sauna-black.ufo\/glyphs\/h.glif":"\/sauna-black.ufo\/glyphs\/h.glif","\/sauna-black.ufo\/glyphs\/hungarumlaut.glif":"\/sauna-black.ufo\/glyphs\/hungarumlaut.glif","\/sauna-black.ufo\/glyphs\/hyphen.glif":"\/sauna-black.ufo\/glyphs\/hyphen.glif","\/sauna-black.ufo\/glyphs\/i.glif":"\/sauna-black.ufo\/glyphs\/i.glif","\/sauna-black.ufo\/glyphs\/iacute.glif":"\/sauna-black.ufo\/glyphs\/iacute.glif","\/sauna-black.ufo\/glyphs\/icircumflex.glif":"\/sauna-black.ufo\/glyphs\/icircumflex.glif","\/sauna-black.ufo\/glyphs\/idieresis.glif":"\/sauna-black.ufo\/glyphs\/idieresis.glif","\/sauna-black.ufo\/glyphs\/igrave.glif":"\/sauna-black.ufo\/glyphs\/igrave.glif","\/sauna-black.ufo\/glyphs\/infinity.glif":"\/sauna-black.ufo\/glyphs\/infinity.glif","\/sauna-black.ufo\/glyphs\/integral.glif":"\/sauna-black.ufo\/glyphs\/integral.glif","\/sauna-black.ufo\/glyphs\/j.glif":"\/sauna-black.ufo\/glyphs\/j.glif","\/sauna-black.ufo\/glyphs\/k.glif":"\/sauna-black.ufo\/glyphs\/k.glif","\/sauna-black.ufo\/glyphs\/l.glif":"\/sauna-black.ufo\/glyphs\/l.glif","\/sauna-black.ufo\/glyphs\/less.glif":"\/sauna-black.ufo\/glyphs\/less.glif","\/sauna-black.ufo\/glyphs\/lessequal.glif":"\/sauna-black.ufo\/glyphs\/lessequal.glif","\/sauna-black.ufo\/glyphs\/logicalnot.glif":"\/sauna-black.ufo\/glyphs\/logicalnot.glif","\/sauna-black.ufo\/glyphs\/lozenge.glif":"\/sauna-black.ufo\/glyphs\/lozenge.glif","\/sauna-black.ufo\/glyphs\/lslash.glif":"\/sauna-black.ufo\/glyphs\/lslash.glif","\/sauna-black.ufo\/glyphs\/m.glif":"\/sauna-black.ufo\/glyphs\/m.glif","\/sauna-black.ufo\/glyphs\/macron.glif":"\/sauna-black.ufo\/glyphs\/macron.glif","\/sauna-black.ufo\/glyphs\/minus.glif":"\/sauna-black.ufo\/glyphs\/minus.glif","\/sauna-black.ufo\/glyphs\/mu.glif":"\/sauna-black.ufo\/glyphs\/mu.glif","\/sauna-black.ufo\/glyphs\/multiply.glif":"\/sauna-black.ufo\/glyphs\/multiply.glif","\/sauna-black.ufo\/glyphs\/n.glif":"\/sauna-black.ufo\/glyphs\/n.glif","\/sauna-black.ufo\/glyphs\/nine.glif":"\/sauna-black.ufo\/glyphs\/nine.glif","\/sauna-black.ufo\/glyphs\/notequal.glif":"\/sauna-black.ufo\/glyphs\/notequal.glif","\/sauna-black.ufo\/glyphs\/ntilde.glif":"\/sauna-black.ufo\/glyphs\/ntilde.glif","\/sauna-black.ufo\/glyphs\/numbersign.glif":"\/sauna-black.ufo\/glyphs\/numbersign.glif","\/sauna-black.ufo\/glyphs\/o.glif":"\/sauna-black.ufo\/glyphs\/o.glif","\/sauna-black.ufo\/glyphs\/oacute.glif":"\/sauna-black.ufo\/glyphs\/oacute.glif","\/sauna-black.ufo\/glyphs\/ocircumflex.glif":"\/sauna-black.ufo\/glyphs\/ocircumflex.glif","\/sauna-black.ufo\/glyphs\/odieresis.glif":"\/sauna-black.ufo\/glyphs\/odieresis.glif","\/sauna-black.ufo\/glyphs\/oe.glif":"\/sauna-black.ufo\/glyphs\/oe.glif","\/sauna-black.ufo\/glyphs\/ogonek.glif":"\/sauna-black.ufo\/glyphs\/ogonek.glif","\/sauna-black.ufo\/glyphs\/ograve.glif":"\/sauna-black.ufo\/glyphs\/ograve.glif","\/sauna-black.ufo\/glyphs\/one.glif":"\/sauna-black.ufo\/glyphs\/one.glif","\/sauna-black.ufo\/glyphs\/onehalf.glif":"\/sauna-black.ufo\/glyphs\/onehalf.glif","\/sauna-black.ufo\/glyphs\/onequarter.glif":"\/sauna-black.ufo\/glyphs\/onequarter.glif","\/sauna-black.ufo\/glyphs\/onesuperior.glif":"\/sauna-black.ufo\/glyphs\/onesuperior.glif","\/sauna-black.ufo\/glyphs\/ordfeminine.glif":"\/sauna-black.ufo\/glyphs\/ordfeminine.glif","\/sauna-black.ufo\/glyphs\/ordmasculine.glif":"\/sauna-black.ufo\/glyphs\/ordmasculine.glif","\/sauna-black.ufo\/glyphs\/oslash.glif":"\/sauna-black.ufo\/glyphs\/oslash.glif","\/sauna-black.ufo\/glyphs\/otilde.glif":"\/sauna-black.ufo\/glyphs\/otilde.glif","\/sauna-black.ufo\/glyphs\/p.glif":"\/sauna-black.ufo\/glyphs\/p.glif","\/sauna-black.ufo\/glyphs\/paragraph.glif":"\/sauna-black.ufo\/glyphs\/paragraph.glif","\/sauna-black.ufo\/glyphs\/parenleft.glif":"\/sauna-black.ufo\/glyphs\/parenleft.glif","\/sauna-black.ufo\/glyphs\/parenright.glif":"\/sauna-black.ufo\/glyphs\/parenright.glif","\/sauna-black.ufo\/glyphs\/partialdiff.glif":"\/sauna-black.ufo\/glyphs\/partialdiff.glif","\/sauna-black.ufo\/glyphs\/percent.glif":"\/sauna-black.ufo\/glyphs\/percent.glif","\/sauna-black.ufo\/glyphs\/period.glif":"\/sauna-black.ufo\/glyphs\/period.glif","\/sauna-black.ufo\/glyphs\/periodcentered.glif":"\/sauna-black.ufo\/glyphs\/periodcentered.glif","\/sauna-black.ufo\/glyphs\/perthousand.glif":"\/sauna-black.ufo\/glyphs\/perthousand.glif","\/sauna-black.ufo\/glyphs\/pi.glif":"\/sauna-black.ufo\/glyphs\/pi.glif","\/sauna-black.ufo\/glyphs\/plus.glif":"\/sauna-black.ufo\/glyphs\/plus.glif","\/sauna-black.ufo\/glyphs\/plusminus.glif":"\/sauna-black.ufo\/glyphs\/plusminus.glif","\/sauna-black.ufo\/glyphs\/product.glif":"\/sauna-black.ufo\/glyphs\/product.glif","\/sauna-black.ufo\/glyphs\/q.glif":"\/sauna-black.ufo\/glyphs\/q.glif","\/sauna-black.ufo\/glyphs\/question.glif":"\/sauna-black.ufo\/glyphs\/question.glif","\/sauna-black.ufo\/glyphs\/questiondown.glif":"\/sauna-black.ufo\/glyphs\/questiondown.glif","\/sauna-black.ufo\/glyphs\/quotedbl.glif":"\/sauna-black.ufo\/glyphs\/quotedbl.glif","\/sauna-black.ufo\/glyphs\/quotedblbase.glif":"\/sauna-black.ufo\/glyphs\/quotedblbase.glif","\/sauna-black.ufo\/glyphs\/quotedblleft.glif":"\/sauna-black.ufo\/glyphs\/quotedblleft.glif","\/sauna-black.ufo\/glyphs\/quotedblright.glif":"\/sauna-black.ufo\/glyphs\/quotedblright.glif","\/sauna-black.ufo\/glyphs\/quoteleft.glif":"\/sauna-black.ufo\/glyphs\/quoteleft.glif","\/sauna-black.ufo\/glyphs\/quoteright.glif":"\/sauna-black.ufo\/glyphs\/quoteright.glif","\/sauna-black.ufo\/glyphs\/quotesinglbase.glif":"\/sauna-black.ufo\/glyphs\/quotesinglbase.glif","\/sauna-black.ufo\/glyphs\/quotesingle.glif":"\/sauna-black.ufo\/glyphs\/quotesingle.glif","\/sauna-black.ufo\/glyphs\/r.glif":"\/sauna-black.ufo\/glyphs\/r.glif","\/sauna-black.ufo\/glyphs\/radical.glif":"\/sauna-black.ufo\/glyphs\/radical.glif","\/sauna-black.ufo\/glyphs\/registered.glif":"\/sauna-black.ufo\/glyphs\/registered.glif","\/sauna-black.ufo\/glyphs\/ring.glif":"\/sauna-black.ufo\/glyphs\/ring.glif","\/sauna-black.ufo\/glyphs\/s.glif":"\/sauna-black.ufo\/glyphs\/s.glif","\/sauna-black.ufo\/glyphs\/scaron.glif":"\/sauna-black.ufo\/glyphs\/scaron.glif","\/sauna-black.ufo\/glyphs\/section.glif":"\/sauna-black.ufo\/glyphs\/section.glif","\/sauna-black.ufo\/glyphs\/semicolon.glif":"\/sauna-black.ufo\/glyphs\/semicolon.glif","\/sauna-black.ufo\/glyphs\/seven.glif":"\/sauna-black.ufo\/glyphs\/seven.glif","\/sauna-black.ufo\/glyphs\/six.glif":"\/sauna-black.ufo\/glyphs\/six.glif","\/sauna-black.ufo\/glyphs\/slash.glif":"\/sauna-black.ufo\/glyphs\/slash.glif","\/sauna-black.ufo\/glyphs\/space.glif":"\/sauna-black.ufo\/glyphs\/space.glif","\/sauna-black.ufo\/glyphs\/sterling.glif":"\/sauna-black.ufo\/glyphs\/sterling.glif","\/sauna-black.ufo\/glyphs\/summation.glif":"\/sauna-black.ufo\/glyphs\/summation.glif","\/sauna-black.ufo\/glyphs\/t.glif":"\/sauna-black.ufo\/glyphs\/t.glif","\/sauna-black.ufo\/glyphs\/thorn.glif":"\/sauna-black.ufo\/glyphs\/thorn.glif","\/sauna-black.ufo\/glyphs\/three.glif":"\/sauna-black.ufo\/glyphs\/three.glif","\/sauna-black.ufo\/glyphs\/threequarters.glif":"\/sauna-black.ufo\/glyphs\/threequarters.glif","\/sauna-black.ufo\/glyphs\/threesuperior.glif":"\/sauna-black.ufo\/glyphs\/threesuperior.glif","\/sauna-black.ufo\/glyphs\/tilde.glif":"\/sauna-black.ufo\/glyphs\/tilde.glif","\/sauna-black.ufo\/glyphs\/trademark.glif":"\/sauna-black.ufo\/glyphs\/trademark.glif","\/sauna-black.ufo\/glyphs\/two.glif":"\/sauna-black.ufo\/glyphs\/two.glif","\/sauna-black.ufo\/glyphs\/twosuperior.glif":"\/sauna-black.ufo\/glyphs\/twosuperior.glif","\/sauna-black.ufo\/glyphs\/u.glif":"\/sauna-black.ufo\/glyphs\/u.glif","\/sauna-black.ufo\/glyphs\/uacute.glif":"\/sauna-black.ufo\/glyphs\/uacute.glif","\/sauna-black.ufo\/glyphs\/ucircumflex.glif":"\/sauna-black.ufo\/glyphs\/ucircumflex.glif","\/sauna-black.ufo\/glyphs\/udieresis.glif":"\/sauna-black.ufo\/glyphs\/udieresis.glif","\/sauna-black.ufo\/glyphs\/ugrave.glif":"\/sauna-black.ufo\/glyphs\/ugrave.glif","\/sauna-black.ufo\/glyphs\/underscore.glif":"\/sauna-black.ufo\/glyphs\/underscore.glif","\/sauna-black.ufo\/glyphs\/v.glif":"\/sauna-black.ufo\/glyphs\/v.glif","\/sauna-black.ufo\/glyphs\/w.glif":"\/sauna-black.ufo\/glyphs\/w.glif","\/sauna-black.ufo\/glyphs\/x.glif":"\/sauna-black.ufo\/glyphs\/x.glif","\/sauna-black.ufo\/glyphs\/y.glif":"\/sauna-black.ufo\/glyphs\/y.glif","\/sauna-black.ufo\/glyphs\/yacute.glif":"\/sauna-black.ufo\/glyphs\/yacute.glif","\/sauna-black.ufo\/glyphs\/ydieresis.glif":"\/sauna-black.ufo\/glyphs\/ydieresis.glif","\/sauna-black.ufo\/glyphs\/yen.glif":"\/sauna-black.ufo\/glyphs\/yen.glif","\/sauna-black.ufo\/glyphs\/z.glif":"\/sauna-black.ufo\/glyphs\/z.glif","\/sauna-black.ufo\/glyphs\/zcaron.glif":"\/sauna-black.ufo\/glyphs\/zcaron.glif","\/sauna-black.ufo\/glyphs\/zero.glif":"\/sauna-black.ufo\/glyphs\/zero.glif"},"Font":{"uploaded":1471140833.3917,"licence":"gpl3","company":"Chronolabs Cooperative","title":"Sauna Black","version":3.002,"date":"Fri Aug 12 15:19:43 2016","creator":"root","type":"1","matrix":"0.001 0 0 0.001 0 0","named":"Sauna-Black","painttype":"0","info":"9 dict dup","name":"Sauna Black","family":"Sauna","weight":"Medium","italicangle":"0","underlineposition":"","underlinethickness":""},"Licences":{"":false},"Table":{"FFTM":{"entryLength":16,"tag":"FFTM","checksum":1944405614,"offset":31592,"length":28},"GDEF":{"entryLength":16,"tag":"GDEF","checksum":19136518,"offset":31560,"length":32},"OS\/2":{"entryLength":16,"tag":"OS\/2","checksum":2036154213,"offset":344,"length":86},"cmap":{"entryLength":16,"tag":"cmap","checksum":1709790866,"offset":1420,"length":1052},"gasp":{"entryLength":16,"tag":"gasp","checksum":4294901763,"offset":31552,"length":8},"glyf":{"entryLength":16,"tag":"glyf","checksum":1040704673,"offset":2968,"length":27444},"head":{"entryLength":16,"tag":"head","checksum":174656674,"offset":220,"length":54},"hhea":{"entryLength":16,"tag":"hhea","checksum":126813098,"offset":276,"length":36},"hmtx":{"entryLength":16,"tag":"hmtx","checksum":112792189,"offset":432,"length":988},"loca":{"entryLength":16,"tag":"loca","checksum":3477334726,"offset":2472,"length":496},"maxp":{"entryLength":16,"tag":"maxp","checksum":20971752,"offset":312,"length":32},"name":{"entryLength":16,"tag":"name","checksum":14044129,"offset":30412,"length":603},"post":{"entryLength":16,"tag":"post","checksum":2931405183,"offset":31016,"length":533}},"UnicodeCharMap":{"32":3,"33":4,"34":5,"35":6,"36":7,"37":8,"38":9,"39":106,"40":11,"41":12,"42":13,"43":14,"44":15,"45":16,"46":17,"47":18,"48":19,"49":20,"50":21,"51":22,"52":23,"53":24,"54":25,"55":26,"56":27,"57":28,"58":29,"59":30,"60":31,"61":32,"62":33,"63":34,"64":35,"65":36,"66":37,"67":38,"68":39,"69":40,"70":41,"71":42,"72":43,"73":44,"74":45,"75":46,"76":47,"77":48,"78":49,"79":50,"80":51,"81":52,"82":53,"83":54,"84":55,"85":56,"86":57,"87":58,"88":59,"89":60,"90":61,"91":62,"92":63,"93":64,"94":65,"95":66,"96":126,"97":68,"98":69,"99":70,"100":71,"101":72,"102":73,"103":74,"104":75,"105":76,"106":77,"107":78,"108":79,"109":80,"110":81,"111":82,"112":83,"113":84,"114":85,"115":86,"116":87,"117":88,"118":89,"119":90,"120":91,"121":92,"122":93,"123":94,"124":95,"125":96,"126":97,"161":98,"162":99,"163":100,"164":105,"165":102,"166":168,"167":104,"168":133,"169":205,"170":141,"171":108,"172":219,"174":204,"175":130,"176":203,"177":209,"178":167,"179":166,"180":127,"182":117,"183":116,"184":135,"185":164,"186":145,"187":122,"188":163,"189":162,"190":165,"191":125,"192":223,"193":232,"194":230,"195":224,"196":171,"197":172,"198":140,"199":173,"200":234,"201":174,"202":231,"203":233,"204":238,"205":235,"206":236,"207":237,"208":152,"209":175,"210":242,"211":239,"212":240,"213":225,"214":176,"215":170,"216":143,"217":245,"218":243,"219":244,"220":177,"221":156,"222":158,"223":151,"224":179,"225":178,"226":180,"227":182,"228":181,"229":183,"230":146,"231":184,"232":186,"233":185,"234":187,"235":188,"236":190,"237":189,"238":191,"239":192,"240":153,"241":193,"242":195,"243":194,"244":196,"245":198,"246":197,"247":226,"248":149,"249":200,"250":199,"251":201,"252":202,"253":157,"254":159,"255":228,"305":147,"321":142,"322":148,"338":144,"339":150,"352":154,"353":155,"376":229,"381":160,"382":161,"402":103,"710":128,"711":138,"728":131,"729":132,"730":134,"731":137,"732":129,"733":136,"916":222,"937":218,"956":212,"960":216,"8211":113,"8212":139,"8216":67,"8217":10,"8218":119,"8220":107,"8221":121,"8222":120,"8224":114,"8225":115,"8226":118,"8230":123,"8240":124,"8249":109,"8250":110,"8260":101,"8364":246,"8482":206,"8706":213,"8719":215,"8721":214,"8722":169,"8730":220,"8734":208,"8747":217,"8776":221,"8800":207,"8804":210,"8805":211,"9674":227,"64257":111,"64258":112},"Reserves":{"fontname":"Sauna Black"},"Names":{"Sauna Black":{"name":"Sauna Black","longitude":"0.00000001","latitude":"0.00000001","country":"","region":"","city":""}},"Nodes":{"sa":{"type":"typal","node":"sa","usage":1,"weight":1},"na":{"type":"typal","node":"na","usage":1,"weight":1},"bl":{"type":"typal","node":"bl","usage":1,"weight":1},"ck":{"type":"typal","node":"ck","usage":1,"weight":1},"sau":{"type":"typal","node":"sau","usage":1,"weight":1},"una":{"type":"typal","node":"una","usage":1,"weight":1},"bla":{"type":"typal","node":"bla","usage":1,"weight":1},"ack":{"type":"typal","node":"ack","usage":1,"weight":1},"saun":{"type":"keys","node":"saun","usage":1,"weight":1},"auna":{"type":"keys","node":"auna","usage":1,"weight":1},"blac":{"type":"keys","node":"blac","usage":1,"weight":1},"lack":{"type":"keys","node":"lack","usage":1,"weight":1},"sauna":{"type":"fixes","node":"sauna","usage":1,"weight":1},"black":{"type":"fixes","node":"black","usage":1,"weight":1}},"Contributors":[],"FontIdentity":"aphgovau:75f1e20a2621530b61ddbea","Bytes":null,"Networking":[],"barcode":"qmamuaesw5kgo","referee":"oWSeWKSe"}