{"CSS":{"ExcaliburEF-Regular":"ExcaliburEF-Regular.css"},"FontType":"TrueType","FontCopyright":"ExcaliburEF-Regular","FontName":"ExcaliburEF-Regular","FontSubfamily":"Regular","FontSubfamilyID":"FontForge 2.0 : ExcaliburEF-Regular : 27-8-2016","FontFullName":"Excalibur EF Regular","FontVersion":"Version 001.001 ","FontWeight":null,"FontPostscriptName":"ExcaliburEF-Regular","Files":{"excaliburef-regular.afm":"excaliburef-regular.afm","excaliburef-regular.bin":"excaliburef-regular.bin","excaliburef-regular.cef":"excaliburef-regular.cef","excaliburef-regular.cff":"excaliburef-regular.cff","excaliburef-regular.cid":"excaliburef-regular.cid","excaliburef-regular.dfont":"excaliburef-regular.dfont","excaliburef-regular.eot":"excaliburef-regular.eot","excaliburef-regular.fon":"excaliburef-regular.fon","excaliburef-regular.gai":"excaliburef-regular.gai","excaliburef-regular.gsf":"excaliburef-regular.gsf","excaliburef-regular.hqx":"excaliburef-regular.hqx","excaliburef-regular.ik":"excaliburef-regular.ik","excaliburef-regular.mf":"excaliburef-regular.mf","excaliburef-regular.otf":"excaliburef-regular.otf","excaliburef-regular.pcf":"excaliburef-regular.pcf","excaliburef-regular.pf3":"excaliburef-regular.pf3","excaliburef-regular.pfa":"excaliburef-regular.pfa","excaliburef-regular.pfb":"excaliburef-regular.pfb","excaliburef-regular.php":"excaliburef-regular.php","excaliburef-regular.pmf":"excaliburef-regular.pmf","excaliburef-regular.pt3":"excaliburef-regular.pt3","excaliburef-regular.sfd":"excaliburef-regular.sfd","excaliburef-regular.svg":"excaliburef-regular.svg","excaliburef-regular.t42":"excaliburef-regular.t42","excaliburef-regular.ttd":"excaliburef-regular.ttd","excaliburef-regular.ttf":"excaliburef-regular.ttf","excaliburef-regular.ttg":"excaliburef-regular.ttg","excaliburef-regular.ufm":"excaliburef-regular.ufm","excaliburef-regular.woff":"excaliburef-regular.woff","excaliburef-regular.z":"excaliburef-regular.z","":{"excaliburef-regular.afm":"excaliburef-regular.afm","excaliburef-regular.bin":"excaliburef-regular.bin","excaliburef-regular.cef":"excaliburef-regular.cef","excaliburef-regular.cff":"excaliburef-regular.cff","excaliburef-regular.cid":"excaliburef-regular.cid","excaliburef-regular.dfont":"excaliburef-regular.dfont","excaliburef-regular.eot":"excaliburef-regular.eot","excaliburef-regular.fon":"excaliburef-regular.fon","excaliburef-regular.gai":"excaliburef-regular.gai","excaliburef-regular.gsf":"excaliburef-regular.gsf","excaliburef-regular.hqx":"excaliburef-regular.hqx","excaliburef-regular.ik":"excaliburef-regular.ik","excaliburef-regular.mf":"excaliburef-regular.mf","excaliburef-regular.otf":"excaliburef-regular.otf","excaliburef-regular.pcf":"excaliburef-regular.pcf","excaliburef-regular.pf3":"excaliburef-regular.pf3","excaliburef-regular.pfa":"excaliburef-regular.pfa","excaliburef-regular.pfb":"excaliburef-regular.pfb","excaliburef-regular.php":"excaliburef-regular.php","excaliburef-regular.pmf":"excaliburef-regular.pmf","excaliburef-regular.pt3":"excaliburef-regular.pt3","excaliburef-regular.sfd":"excaliburef-regular.sfd","excaliburef-regular.svg":"excaliburef-regular.svg","excaliburef-regular.t42":"excaliburef-regular.t42","excaliburef-regular.ttd":"excaliburef-regular.ttd","excaliburef-regular.ttf":"excaliburef-regular.ttf","excaliburef-regular.ttg":"excaliburef-regular.ttg","excaliburef-regular.ufm":"excaliburef-regular.ufm","excaliburef-regular.woff":"excaliburef-regular.woff","excaliburef-regular.z":"excaliburef-regular.z"},"\/excaliburef-regular.ufo":{"feature.fea":"feature.fea","fontinfo.plist":"fontinfo.plist","groups.plist":"groups.plist","kerning.plist":"kerning.plist","metainfo.plist":"metainfo.plist"},"\/excaliburef-regular.ufo\/glyphs":{"A_.glif":"A_.glif","A_E_.glif":"A_E_.glif","A_acute.glif":"A_acute.glif","A_circumflex.glif":"A_circumflex.glif","A_dieresis.glif":"A_dieresis.glif","A_grave.glif":"A_grave.glif","A_ring.glif":"A_ring.glif","A_tilde.glif":"A_tilde.glif","B_.glif":"B_.glif","C_.glif":"C_.glif","C_cedilla.glif":"C_cedilla.glif","D_.glif":"D_.glif","D_elta.glif":"D_elta.glif","E_.glif":"E_.glif","E_acute.glif":"E_acute.glif","E_circumflex.glif":"E_circumflex.glif","E_dieresis.glif":"E_dieresis.glif","E_grave.glif":"E_grave.glif","F_.glif":"F_.glif","G_.glif":"G_.glif","H_.glif":"H_.glif","I_.glif":"I_.glif","I_acute.glif":"I_acute.glif","I_circumflex.glif":"I_circumflex.glif","I_dieresis.glif":"I_dieresis.glif","I_grave.glif":"I_grave.glif","J_.glif":"J_.glif","K_.glif":"K_.glif","L_.glif":"L_.glif","M_.glif":"M_.glif","N_.glif":"N_.glif","N_tilde.glif":"N_tilde.glif","O_.glif":"O_.glif","O_E_.glif":"O_E_.glif","O_acute.glif":"O_acute.glif","O_circumflex.glif":"O_circumflex.glif","O_dieresis.glif":"O_dieresis.glif","O_grave.glif":"O_grave.glif","O_mega.glif":"O_mega.glif","O_slash.glif":"O_slash.glif","O_tilde.glif":"O_tilde.glif","P_.glif":"P_.glif","Q_.glif":"Q_.glif","R_.glif":"R_.glif","S_.glif":"S_.glif","T_.glif":"T_.glif","U_.glif":"U_.glif","U_acute.glif":"U_acute.glif","U_circumflex.glif":"U_circumflex.glif","U_dieresis.glif":"U_dieresis.glif","U_grave.glif":"U_grave.glif","V_.glif":"V_.glif","W_.glif":"W_.glif","X_.glif":"X_.glif","Y_.glif":"Y_.glif","Y_dieresis.glif":"Y_dieresis.glif","Z_.glif":"Z_.glif","a.glif":"a.glif","aacute.glif":"aacute.glif","acircumflex.glif":"acircumflex.glif","acute.glif":"acute.glif","adieresis.glif":"adieresis.glif","ae.glif":"ae.glif","agrave.glif":"agrave.glif","ampersand.glif":"ampersand.glif","apple.glif":"apple.glif","approxequal.glif":"approxequal.glif","aring.glif":"aring.glif","asciicircum.glif":"asciicircum.glif","asciitilde.glif":"asciitilde.glif","asterisk.glif":"asterisk.glif","at.glif":"at.glif","atilde.glif":"atilde.glif","b.glif":"b.glif","backslash.glif":"backslash.glif","bar.glif":"bar.glif","braceleft.glif":"braceleft.glif","braceright.glif":"braceright.glif","bracketleft.glif":"bracketleft.glif","bracketright.glif":"bracketright.glif","breve.glif":"breve.glif","bullet.glif":"bullet.glif","c.glif":"c.glif","caron.glif":"caron.glif","ccedilla.glif":"ccedilla.glif","cedilla.glif":"cedilla.glif","cent.glif":"cent.glif","circumflex.glif":"circumflex.glif","colon.glif":"colon.glif","comma.glif":"comma.glif","contents.plist":"contents.plist","copyright.glif":"copyright.glif","currency.glif":"currency.glif","d.glif":"d.glif","dagger.glif":"dagger.glif","daggerdbl.glif":"daggerdbl.glif","degree.glif":"degree.glif","dieresis.glif":"dieresis.glif","divide.glif":"divide.glif","dollar.glif":"dollar.glif","dotaccent.glif":"dotaccent.glif","dotlessi.glif":"dotlessi.glif","e.glif":"e.glif","eacute.glif":"eacute.glif","ecircumflex.glif":"ecircumflex.glif","edieresis.glif":"edieresis.glif","egrave.glif":"egrave.glif","eight.glif":"eight.glif","ellipsis.glif":"ellipsis.glif","emdash.glif":"emdash.glif","endash.glif":"endash.glif","equal.glif":"equal.glif","exclam.glif":"exclam.glif","exclamdown.glif":"exclamdown.glif","f.glif":"f.glif","fi.glif":"fi.glif","five.glif":"five.glif","fl.glif":"fl.glif","florin.glif":"florin.glif","four.glif":"four.glif","fraction.glif":"fraction.glif","g.glif":"g.glif","germandbls.glif":"germandbls.glif","grave.glif":"grave.glif","greater.glif":"greater.glif","greaterequal.glif":"greaterequal.glif","guillemotleft.glif":"guillemotleft.glif","guillemotright.glif":"guillemotright.glif","guilsinglleft.glif":"guilsinglleft.glif","guilsinglright.glif":"guilsinglright.glif","h.glif":"h.glif","hungarumlaut.glif":"hungarumlaut.glif","hyphen.glif":"hyphen.glif","i.glif":"i.glif","iacute.glif":"iacute.glif","icircumflex.glif":"icircumflex.glif","idieresis.glif":"idieresis.glif","igrave.glif":"igrave.glif","infinity.glif":"infinity.glif","integral.glif":"integral.glif","j.glif":"j.glif","k.glif":"k.glif","l.glif":"l.glif","less.glif":"less.glif","lessequal.glif":"lessequal.glif","logicalnot.glif":"logicalnot.glif","lozenge.glif":"lozenge.glif","m.glif":"m.glif","macron.glif":"macron.glif","mu.glif":"mu.glif","n.glif":"n.glif","nbspace.glif":"nbspace.glif","nine.glif":"nine.glif","notequal.glif":"notequal.glif","ntilde.glif":"ntilde.glif","numbersign.glif":"numbersign.glif","o.glif":"o.glif","oacute.glif":"oacute.glif","ocircumflex.glif":"ocircumflex.glif","odieresis.glif":"odieresis.glif","oe.glif":"oe.glif","ogonek.glif":"ogonek.glif","ograve.glif":"ograve.glif","one.glif":"one.glif","ordfeminine.glif":"ordfeminine.glif","ordmasculine.glif":"ordmasculine.glif","oslash.glif":"oslash.glif","otilde.glif":"otilde.glif","p.glif":"p.glif","paragraph.glif":"paragraph.glif","parenleft.glif":"parenleft.glif","parenright.glif":"parenright.glif","partialdiff.glif":"partialdiff.glif","percent.glif":"percent.glif","period.glif":"period.glif","periodcentered.glif":"periodcentered.glif","perthousand.glif":"perthousand.glif","pi.glif":"pi.glif","plus.glif":"plus.glif","plusminus.glif":"plusminus.glif","product.glif":"product.glif","q.glif":"q.glif","question.glif":"question.glif","questiondown.glif":"questiondown.glif","quotedbl.glif":"quotedbl.glif","quotedblbase.glif":"quotedblbase.glif","quotedblleft.glif":"quotedblleft.glif","quotedblright.glif":"quotedblright.glif","quoteleft.glif":"quoteleft.glif","quoteright.glif":"quoteright.glif","quotesinglbase.glif":"quotesinglbase.glif","quotesingle.glif":"quotesingle.glif","r.glif":"r.glif","radical.glif":"radical.glif","registered.glif":"registered.glif","ring.glif":"ring.glif","s.glif":"s.glif","section.glif":"section.glif","semicolon.glif":"semicolon.glif","seven.glif":"seven.glif","six.glif":"six.glif","slash.glif":"slash.glif","space.glif":"space.glif","sterling.glif":"sterling.glif","summation.glif":"summation.glif","t.glif":"t.glif","three.glif":"three.glif","tilde.glif":"tilde.glif","trademark.glif":"trademark.glif","two.glif":"two.glif","u.glif":"u.glif","uacute.glif":"uacute.glif","ucircumflex.glif":"ucircumflex.glif","udieresis.glif":"udieresis.glif","ugrave.glif":"ugrave.glif","underscore.glif":"underscore.glif","v.glif":"v.glif","w.glif":"w.glif","x.glif":"x.glif","y.glif":"y.glif","ydieresis.glif":"ydieresis.glif","yen.glif":"yen.glif","z.glif":"z.glif","zero.glif":"zero.glif"}},"Font":{"uploaded":1472256560.2336,"licence":"gpl3","company":"Chronolabs Cooperative","title":"Excalibur EF Regular","version":2.001,"date":"Fri Aug 12 15:36:45 2016","creator":"root","type":"1","matrix":"0.001 0 0 0.001 0 0","named":"ExcaliburEF-Regular","painttype":"0","info":"10 dict dup","name":"ExcaliburEF-Regular","family":"ExcaliburEF-Regular","weight":"Medium","fstype":"0","italicangle":"0","underlineposition":"","underlinethickness":""},"Table":{"FFTM":{"entryLength":16,"tag":"FFTM","checksum":1944306860,"offset":24156,"length":28},"GDEF":{"entryLength":16,"tag":"GDEF","checksum":17760262,"offset":24124,"length":32},"OS\/2":{"entryLength":16,"tag":"OS\/2","checksum":2009938626,"offset":344,"length":86},"cmap":{"entryLength":16,"tag":"cmap","checksum":1712890833,"offset":1336,"length":694},"gasp":{"entryLength":16,"tag":"gasp","checksum":4294901763,"offset":24116,"length":8},"glyf":{"entryLength":16,"tag":"glyf","checksum":2840701638,"offset":2488,"length":20496},"head":{"entryLength":16,"tag":"head","checksum":155801863,"offset":220,"length":54},"hhea":{"entryLength":16,"tag":"hhea","checksum":104137319,"offset":276,"length":36},"hmtx":{"entryLength":16,"tag":"hmtx","checksum":1170807758,"offset":432,"length":904},"loca":{"entryLength":16,"tag":"loca","checksum":2273342388,"offset":2032,"length":454},"maxp":{"entryLength":16,"tag":"maxp","checksum":19595353,"offset":312,"length":32},"name":{"entryLength":16,"tag":"name","checksum":1897213606,"offset":22984,"length":633},"post":{"entryLength":16,"tag":"post","checksum":4154829291,"offset":23620,"length":494}},"UnicodeCharMap":{"32":3,"33":4,"34":5,"35":6,"36":7,"37":8,"38":9,"39":10,"40":11,"41":12,"42":13,"43":14,"44":15,"45":16,"46":17,"47":18,"48":19,"49":20,"50":21,"51":22,"52":23,"53":24,"54":25,"55":26,"56":27,"57":28,"58":29,"59":30,"60":31,"61":32,"62":33,"63":34,"64":35,"65":36,"66":37,"67":38,"68":39,"69":40,"70":41,"71":42,"72":43,"73":44,"74":45,"75":46,"76":47,"77":48,"78":49,"79":50,"80":51,"81":52,"82":53,"83":54,"84":55,"85":56,"86":57,"87":58,"88":59,"89":60,"90":61,"91":62,"92":63,"93":64,"94":65,"95":66,"96":67,"97":68,"98":69,"99":70,"100":71,"101":72,"102":73,"103":74,"104":75,"105":76,"106":77,"107":78,"108":79,"109":80,"110":81,"111":82,"112":83,"113":84,"114":85,"115":86,"116":87,"117":88,"118":89,"119":90,"120":91,"121":92,"122":93,"123":94,"124":95,"125":96,"126":97,"160":98,"161":99,"162":100,"163":101,"164":102,"165":103,"167":104,"168":105,"169":106,"170":107,"171":108,"172":109,"174":110,"175":111,"176":112,"177":113,"180":114,"182":116,"183":117,"184":118,"186":119,"187":120,"191":121,"192":122,"193":123,"194":124,"195":125,"196":126,"197":127,"198":128,"199":129,"200":130,"201":131,"202":132,"203":133,"204":134,"205":135,"206":136,"207":137,"209":138,"210":139,"211":140,"212":141,"213":142,"214":143,"216":144,"217":145,"218":146,"219":147,"220":148,"223":149,"224":150,"225":151,"226":152,"227":153,"228":154,"229":155,"230":156,"231":157,"232":158,"233":159,"234":160,"235":161,"236":162,"237":163,"238":164,"239":165,"241":166,"242":167,"243":168,"244":169,"245":170,"246":171,"247":172,"248":173,"249":174,"250":175,"251":176,"252":177,"255":178,"305":207,"338":206,"339":208,"376":224,"402":182,"710":197,"711":204,"728":199,"729":200,"730":201,"731":203,"732":198,"733":202,"916":222,"937":219,"956":115,"960":217,"8211":188,"8212":205,"8216":180,"8217":179,"8218":192,"8220":183,"8221":194,"8222":193,"8224":189,"8225":190,"8226":191,"8230":195,"8240":196,"8249":184,"8250":185,"8260":181,"8482":209,"8706":214,"8719":216,"8721":215,"8730":220,"8734":211,"8747":218,"8776":221,"8800":210,"8804":212,"8805":213,"9674":223,"64257":186,"64258":187},"Reserves":null,"Names":[],"Nodes":{"ex":{"type":"typal","node":"ex","usage":1,"weight":1},"ur":{"type":"typal","node":"ur","usage":1,"weight":1},"re":{"type":"typal","node":"re","usage":1,"weight":1},"ar":{"type":"typal","node":"ar","usage":1,"weight":1},"exc":{"type":"typal","node":"exc","usage":1,"weight":1},"bur":{"type":"typal","node":"bur","usage":1,"weight":1},"reg":{"type":"typal","node":"reg","usage":1,"weight":1},"lar":{"type":"typal","node":"lar","usage":1,"weight":1},"exca":{"type":"keys","node":"exca","usage":1,"weight":1},"ibur":{"type":"keys","node":"ibur","usage":1,"weight":1},"regu":{"type":"keys","node":"regu","usage":1,"weight":1},"ular":{"type":"keys","node":"ular","usage":1,"weight":1},"excal":{"type":"keys","node":"excal","usage":1,"weight":1},"libur":{"type":"keys","node":"libur","usage":1,"weight":1},"regul":{"type":"keys","node":"regul","usage":1,"weight":1},"gular":{"type":"keys","node":"gular","usage":1,"weight":1},"excalibur":{"type":"fixes","node":"excalibur","usage":1,"weight":1},"ef":{"type":"fixes","node":"ef","usage":1,"weight":1},"regular":{"type":"fixes","node":"regular","usage":1,"weight":1}},"Contributors":[],"FontIdentity":"26f8cfdbe633140255ab4b3b4d3d90db","Bytes":2341746,"Networking":[],"barcode":"8i11iue83ak5w3","referee":"5aME2A"}