{"CSS":{"Lobo Tommy Gradient":"Lobo+Tommy+Gradient.css"},"FontType":"TrueType","FontCopyright":"2008 Iconian Fonts - www.iconian.com","FontName":"Lobo Tommy Gradient","FontSubfamily":"Book","FontSubfamilyID":"FontForge 2.0 : Lobo Tommy Gradient : 7-5-2017","FontFullName":"Lobo Tommy Gradient","FontVersion":"Version 001.000 ","FontWeight":null,"FontPostscriptName":"LoboTommyGradient","Files":{"lobotommyg.afm":"lobotommyg.afm","lobotommyg.bin":"lobotommyg.bin","lobotommyg.cef":"lobotommyg.cef","lobotommyg.cff":"lobotommyg.cff","lobotommyg.cid":"lobotommyg.cid","lobotommyg.dfont":"lobotommyg.dfont","lobotommyg.eot":"lobotommyg.eot","lobotommyg.fon":"lobotommyg.fon","lobotommyg.gai":"lobotommyg.gai","lobotommyg.gsf":"lobotommyg.gsf","lobotommyg.hqx":"lobotommyg.hqx","lobotommyg.ik":"lobotommyg.ik","lobotommyg.mf":"lobotommyg.mf","lobotommyg.otf":"lobotommyg.otf","lobotommyg.pcf":"lobotommyg.pcf","lobotommyg.pf3":"lobotommyg.pf3","lobotommyg.pfa":"lobotommyg.pfa","lobotommyg.pfb":"lobotommyg.pfb","lobotommyg.php":"lobotommyg.php","lobotommyg.pmf":"lobotommyg.pmf","lobotommyg.pt3":"lobotommyg.pt3","lobotommyg.sfd":"lobotommyg.sfd","lobotommyg.svg":"lobotommyg.svg","lobotommyg.t42":"lobotommyg.t42","lobotommyg.ttd":"lobotommyg.ttd","lobotommyg.ttf":"lobotommyg.ttf","lobotommyg.ttg":"lobotommyg.ttg","lobotommyg.ufm":"lobotommyg.ufm","lobotommyg.woff":"lobotommyg.woff","lobotommyg.z":"lobotommyg.z","":{"lobotommyg.afm":"lobotommyg.afm","lobotommyg.bin":"lobotommyg.bin","lobotommyg.cef":"lobotommyg.cef","lobotommyg.cff":"lobotommyg.cff","lobotommyg.cid":"lobotommyg.cid","lobotommyg.dfont":"lobotommyg.dfont","lobotommyg.eot":"lobotommyg.eot","lobotommyg.fon":"lobotommyg.fon","lobotommyg.gai":"lobotommyg.gai","lobotommyg.gsf":"lobotommyg.gsf","lobotommyg.hqx":"lobotommyg.hqx","lobotommyg.ik":"lobotommyg.ik","lobotommyg.mf":"lobotommyg.mf","lobotommyg.otf":"lobotommyg.otf","lobotommyg.pcf":"lobotommyg.pcf","lobotommyg.pf3":"lobotommyg.pf3","lobotommyg.pfa":"lobotommyg.pfa","lobotommyg.pfb":"lobotommyg.pfb","lobotommyg.php":"lobotommyg.php","lobotommyg.pmf":"lobotommyg.pmf","lobotommyg.pt3":"lobotommyg.pt3","lobotommyg.sfd":"lobotommyg.sfd","lobotommyg.svg":"lobotommyg.svg","lobotommyg.t42":"lobotommyg.t42","lobotommyg.ttd":"lobotommyg.ttd","lobotommyg.ttf":"lobotommyg.ttf","lobotommyg.ttg":"lobotommyg.ttg","lobotommyg.ufm":"lobotommyg.ufm","lobotommyg.woff":"lobotommyg.woff","lobotommyg.z":"lobotommyg.z"},"\/lobotommyg.ufo":{"features.fea":"features.fea","fontinfo.plist":"fontinfo.plist","metainfo.plist":"metainfo.plist"},"\/lobotommyg.ufo\/glyphs":{"F_L_0021h.glif":"F_L_0021h.glif","F_L_0022h.glif":"F_L_0022h.glif","F_L_0023h.glif":"F_L_0023h.glif","F_L_0024h.glif":"F_L_0024h.glif","F_L_0025h.glif":"F_L_0025h.glif","F_L_0026h.glif":"F_L_0026h.glif","F_L_0027h.glif":"F_L_0027h.glif","F_L_0028h.glif":"F_L_0028h.glif","F_L_0029h.glif":"F_L_0029h.glif","F_L_002A_h.glif":"F_L_002A_h.glif","F_L_002B_h.glif":"F_L_002B_h.glif","F_L_002C_h.glif":"F_L_002C_h.glif","F_L_002D_h.glif":"F_L_002D_h.glif","F_L_002E_h.glif":"F_L_002E_h.glif","F_L_002F_h.glif":"F_L_002F_h.glif","F_L_0030h.glif":"F_L_0030h.glif","F_L_0031h.glif":"F_L_0031h.glif","F_L_0032h.glif":"F_L_0032h.glif","F_L_0034h.glif":"F_L_0034h.glif","F_L_0035h.glif":"F_L_0035h.glif","F_L_0036h.glif":"F_L_0036h.glif","F_L_0037h.glif":"F_L_0037h.glif","F_L_0038h.glif":"F_L_0038h.glif","F_L_0039h.glif":"F_L_0039h.glif","F_L_003A_h.glif":"F_L_003A_h.glif","F_L_003B_h.glif":"F_L_003B_h.glif","F_L_003C_h.glif":"F_L_003C_h.glif","F_L_003D_h.glif":"F_L_003D_h.glif","F_L_003F_h.glif":"F_L_003F_h.glif","F_L_0040h.glif":"F_L_0040h.glif","F_L_0041h.glif":"F_L_0041h.glif","F_L_0042h.glif":"F_L_0042h.glif","F_L_0043h.glif":"F_L_0043h.glif","F_L_0044h.glif":"F_L_0044h.glif","F_L_0045h.glif":"F_L_0045h.glif","F_L_0047h.glif":"F_L_0047h.glif","F_L_0048h.glif":"F_L_0048h.glif","F_L_0049h.glif":"F_L_0049h.glif","F_L_004A_h.glif":"F_L_004A_h.glif","F_L_004B_h.glif":"F_L_004B_h.glif","F_L_004C_h.glif":"F_L_004C_h.glif","F_L_004D_h.glif":"F_L_004D_h.glif","F_L_004E_h.glif":"F_L_004E_h.glif","F_L_004F_h.glif":"F_L_004F_h.glif","F_L_0050h.glif":"F_L_0050h.glif","F_L_0051h.glif":"F_L_0051h.glif","F_L_0052h.glif":"F_L_0052h.glif","F_L_0053h.glif":"F_L_0053h.glif","F_L_0054h.glif":"F_L_0054h.glif","F_L_0055h.glif":"F_L_0055h.glif","F_L_0056h.glif":"F_L_0056h.glif","F_L_0057h.glif":"F_L_0057h.glif","F_L_0058h.glif":"F_L_0058h.glif","F_L_0059h.glif":"F_L_0059h.glif","F_L_005A_h.glif":"F_L_005A_h.glif","F_L_005B_h.glif":"F_L_005B_h.glif","F_L_005C_h.glif":"F_L_005C_h.glif","F_L_005D_h.glif":"F_L_005D_h.glif","F_L_005F_h.glif":"F_L_005F_h.glif","F_L_0060h.glif":"F_L_0060h.glif","F_L_0062h.glif":"F_L_0062h.glif","F_L_006D_h.glif":"F_L_006D_h.glif","F_L_0077h.glif":"F_L_0077h.glif","F_L_0078h.glif":"F_L_0078h.glif","F_L_0079h.glif":"F_L_0079h.glif","F_L_007A_h.glif":"F_L_007A_h.glif","F_L_007B_h.glif":"F_L_007B_h.glif","F_L_007C_h.glif":"F_L_007C_h.glif","F_L_007D_h.glif":"F_L_007D_h.glif","F_L_007E_h.glif":"F_L_007E_h.glif","F_L_00A_1h.glif":"F_L_00A_1h.glif","F_L_00A_2h.glif":"F_L_00A_2h.glif","F_L_00A_3h.glif":"F_L_00A_3h.glif","F_L_00A_5h.glif":"F_L_00A_5h.glif","F_L_00A_6h.glif":"F_L_00A_6h.glif","F_L_00A_7h.glif":"F_L_00A_7h.glif","F_L_00A_8h.glif":"F_L_00A_8h.glif","F_L_00A_9h.glif":"F_L_00A_9h.glif","F_L_00A_A_h.glif":"F_L_00A_A_h.glif","F_L_00A_B_h.glif":"F_L_00A_B_h.glif","F_L_00A_C_h.glif":"F_L_00A_C_h.glif","F_L_00A_D_h.glif":"F_L_00A_D_h.glif","F_L_00A_E_h.glif":"F_L_00A_E_h.glif","F_L_00A_F_h.glif":"F_L_00A_F_h.glif","F_L_00B_0h.glif":"F_L_00B_0h.glif","F_L_00B_1h.glif":"F_L_00B_1h.glif","F_L_00B_2h.glif":"F_L_00B_2h.glif","F_L_00B_3h.glif":"F_L_00B_3h.glif","F_L_00B_4h.glif":"F_L_00B_4h.glif","F_L_00B_5h.glif":"F_L_00B_5h.glif","F_L_00B_6h.glif":"F_L_00B_6h.glif","F_L_00B_7h.glif":"F_L_00B_7h.glif","F_L_00B_8h.glif":"F_L_00B_8h.glif","F_L_00B_9h.glif":"F_L_00B_9h.glif","F_L_00B_A_h.glif":"F_L_00B_A_h.glif","F_L_00B_B_h.glif":"F_L_00B_B_h.glif","F_L_00B_C_h.glif":"F_L_00B_C_h.glif","F_L_00B_D_h.glif":"F_L_00B_D_h.glif","F_L_00B_E_h.glif":"F_L_00B_E_h.glif","F_L_00B_F_h.glif":"F_L_00B_F_h.glif","F_L_00C_0h.glif":"F_L_00C_0h.glif","F_L_00C_1h.glif":"F_L_00C_1h.glif","F_L_00C_2h.glif":"F_L_00C_2h.glif","F_L_00C_3h.glif":"F_L_00C_3h.glif","F_L_00C_4h.glif":"F_L_00C_4h.glif","F_L_00C_5h.glif":"F_L_00C_5h.glif","F_L_00C_6h.glif":"F_L_00C_6h.glif","F_L_00C_7h.glif":"F_L_00C_7h.glif","F_L_00C_8h.glif":"F_L_00C_8h.glif","F_L_00C_9h.glif":"F_L_00C_9h.glif","F_L_00C_A_h.glif":"F_L_00C_A_h.glif","F_L_00C_B_h.glif":"F_L_00C_B_h.glif","F_L_00C_C_h.glif":"F_L_00C_C_h.glif","F_L_00C_D_h.glif":"F_L_00C_D_h.glif","F_L_00C_E_h.glif":"F_L_00C_E_h.glif","F_L_00C_F_h.glif":"F_L_00C_F_h.glif","F_L_00D_0h.glif":"F_L_00D_0h.glif","F_L_00D_1h.glif":"F_L_00D_1h.glif","F_L_00D_2h.glif":"F_L_00D_2h.glif","F_L_00D_3h.glif":"F_L_00D_3h.glif","F_L_00D_4h.glif":"F_L_00D_4h.glif","F_L_00D_5h.glif":"F_L_00D_5h.glif","F_L_00D_7h.glif":"F_L_00D_7h.glif","F_L_00D_8h.glif":"F_L_00D_8h.glif","F_L_00D_9h.glif":"F_L_00D_9h.glif","F_L_00D_A_h.glif":"F_L_00D_A_h.glif","F_L_00D_B_h.glif":"F_L_00D_B_h.glif","F_L_00D_C_h.glif":"F_L_00D_C_h.glif","F_L_00D_D_h.glif":"F_L_00D_D_h.glif","F_L_00D_E_h.glif":"F_L_00D_E_h.glif","F_L_00D_F_h.glif":"F_L_00D_F_h.glif","F_L_00E_0h.glif":"F_L_00E_0h.glif","F_L_00E_1h.glif":"F_L_00E_1h.glif","F_L_00E_2h.glif":"F_L_00E_2h.glif","F_L_00E_3h.glif":"F_L_00E_3h.glif","F_L_00E_4h.glif":"F_L_00E_4h.glif","F_L_00E_5h.glif":"F_L_00E_5h.glif","F_L_00E_6h.glif":"F_L_00E_6h.glif","F_L_00E_7h.glif":"F_L_00E_7h.glif","F_L_00E_8h.glif":"F_L_00E_8h.glif","F_L_00E_9h.glif":"F_L_00E_9h.glif","F_L_00E_A_h.glif":"F_L_00E_A_h.glif","F_L_00E_B_h.glif":"F_L_00E_B_h.glif","F_L_00E_C_h.glif":"F_L_00E_C_h.glif","F_L_00E_D_h.glif":"F_L_00E_D_h.glif","F_L_00E_E_h.glif":"F_L_00E_E_h.glif","F_L_00E_F_h.glif":"F_L_00E_F_h.glif","F_L_00F_0h.glif":"F_L_00F_0h.glif","F_L_00F_1h.glif":"F_L_00F_1h.glif","F_L_00F_2h.glif":"F_L_00F_2h.glif","F_L_00F_3h.glif":"F_L_00F_3h.glif","F_L_00F_4h.glif":"F_L_00F_4h.glif","F_L_00F_5h.glif":"F_L_00F_5h.glif","F_L_00F_6h.glif":"F_L_00F_6h.glif","F_L_00F_7h.glif":"F_L_00F_7h.glif","F_L_00F_8h.glif":"F_L_00F_8h.glif","F_L_00F_9h.glif":"F_L_00F_9h.glif","F_L_00F_A_h.glif":"F_L_00F_A_h.glif","F_L_00F_B_h.glif":"F_L_00F_B_h.glif","F_L_00F_C_h.glif":"F_L_00F_C_h.glif","F_L_00F_D_h.glif":"F_L_00F_D_h.glif","F_L_00F_E_h.glif":"F_L_00F_E_h.glif","F_L_00F_F_h.glif":"F_L_00F_F_h.glif","F_L_0100h.glif":"F_L_0100h.glif","F_L_0152h.glif":"F_L_0152h.glif","F_L_0153h.glif":"F_L_0153h.glif","F_L_0160h.glif":"F_L_0160h.glif","F_L_0161h.glif":"F_L_0161h.glif","F_L_0178h.glif":"F_L_0178h.glif","F_L_017D_h.glif":"F_L_017D_h.glif","F_L_017E_h.glif":"F_L_017E_h.glif","F_L_0192h.glif":"F_L_0192h.glif","F_L_02C_6h.glif":"F_L_02C_6h.glif","F_L_02D_C_h.glif":"F_L_02D_C_h.glif","F_L_0A_D_9h.glif":"F_L_0A_D_9h.glif","F_L_0A_F_4h.glif":"F_L_0A_F_4h.glif","F_L_2013h.glif":"F_L_2013h.glif","F_L_2014h.glif":"F_L_2014h.glif","F_L_2019h.glif":"F_L_2019h.glif","F_L_201A_h.glif":"F_L_201A_h.glif","F_L_201B_h.glif":"F_L_201B_h.glif","F_L_201C_h.glif":"F_L_201C_h.glif","F_L_201D_h.glif":"F_L_201D_h.glif","F_L_201E_h.glif":"F_L_201E_h.glif","F_L_2022h.glif":"F_L_2022h.glif","F_L_2026h.glif":"F_L_2026h.glif","F_L_2030h.glif":"F_L_2030h.glif","F_L_2039h.glif":"F_L_2039h.glif","F_L_203A_h.glif":"F_L_203A_h.glif","F_L_20A_C_h.glif":"F_L_20A_C_h.glif","F_L_2122h.glif":"F_L_2122h.glif","F_L_2123h.glif":"F_L_2123h.glif","I_.glif":"I_.glif","_null.glif":"_null.glif","a.glif":"a.glif","b.glif":"b.glif","c.glif":"c.glif","contents.plist":"contents.plist","d.glif":"d.glif","e.glif":"e.glif","f.glif":"f.glif","g.glif":"g.glif","h.glif":"h.glif","i.glif":"i.glif","j.glif":"j.glif","k.glif":"k.glif","l.glif":"l.glif","n.glif":"n.glif","nonmarkingreturn.glif":"nonmarkingreturn.glif","o.glif":"o.glif","p.glif":"p.glif","q.glif":"q.glif","r.glif":"r.glif","s.glif":"s.glif","space.glif":"space.glif","t.glif":"t.glif","three.glif":"three.glif","u.glif":"u.glif","y.glif":"y.glif","z.glif":"z.glif"}},"Font":{"uploaded":1494085707.1883,"licence":"gpl3","company":"Chronolabs Cooperative","title":"Lobo Tommy Gradient","version":2.001,"date":"Fri Nov 25 22:18:32 2016","creator":"root","type":"1","matrix":"0.001 0 0 0.001 0 0","named":"LoboTommyGradient","painttype":"0","info":"10 dict dup","name":"Lobo Tommy Gradient","family":"Lobo Tommy Gradient","weight":"Book","fstype":"0","italicangle":"0","underlineposition":"","underlinethickness":""},"Table":{"FFTM":{"entryLength":16,"tag":"FFTM","checksum":2095068793,"offset":37320,"length":28},"GDEF":{"entryLength":16,"tag":"GDEF","checksum":2556130,"offset":37288,"length":30},"OS\/2":{"entryLength":16,"tag":"OS\/2","checksum":1442996627,"offset":344,"length":86},"cmap":{"entryLength":16,"tag":"cmap","checksum":3304683781,"offset":1312,"length":422},"gasp":{"entryLength":16,"tag":"gasp","checksum":4294901763,"offset":37280,"length":8},"glyf":{"entryLength":16,"tag":"glyf","checksum":447057407,"offset":2180,"length":32420},"head":{"entryLength":16,"tag":"head","checksum":220717474,"offset":220,"length":54},"hhea":{"entryLength":16,"tag":"hhea","checksum":167838251,"offset":276,"length":36},"hmtx":{"entryLength":16,"tag":"hmtx","checksum":1678315376,"offset":432,"length":878},"loca":{"entryLength":16,"tag":"loca","checksum":3109853522,"offset":1736,"length":442},"maxp":{"entryLength":16,"tag":"maxp","checksum":21430578,"offset":312,"length":32},"name":{"entryLength":16,"tag":"name","checksum":2990269567,"offset":34600,"length":666},"post":{"entryLength":16,"tag":"post","checksum":2818791820,"offset":35268,"length":2010}},"UnicodeCharMap":{"0":1,"13":2,"32":3,"51":22,"73":44,"97":36,"98":69,"99":70,"100":39,"101":72,"102":73,"103":74,"104":75,"105":76,"106":77,"107":78,"108":79,"110":81,"111":50,"112":83,"113":84,"114":85,"115":54,"116":87,"117":88,"121":92,"122":61},"Reserves":null,"Names":[],"Nodes":{"lo":{"type":"typal","node":"lo","usage":1,"weight":1},"bo":{"type":"typal","node":"bo","usage":1,"weight":1},"to":{"type":"typal","node":"to","usage":1,"weight":1},"my":{"type":"typal","node":"my","usage":1,"weight":1},"gr":{"type":"typal","node":"gr","usage":1,"weight":1},"nt":{"type":"typal","node":"nt","usage":1,"weight":1},"lob":{"type":"typal","node":"lob","usage":1,"weight":1},"obo":{"type":"typal","node":"obo","usage":1,"weight":1},"tom":{"type":"typal","node":"tom","usage":1,"weight":1},"mmy":{"type":"typal","node":"mmy","usage":1,"weight":1},"gra":{"type":"typal","node":"gra","usage":1,"weight":1},"ent":{"type":"typal","node":"ent","usage":1,"weight":1},"tomm":{"type":"keys","node":"tomm","usage":1,"weight":1},"ommy":{"type":"keys","node":"ommy","usage":1,"weight":1},"grad":{"type":"keys","node":"grad","usage":1,"weight":1},"ient":{"type":"keys","node":"ient","usage":1,"weight":1},"gradi":{"type":"keys","node":"gradi","usage":1,"weight":1},"dient":{"type":"keys","node":"dient","usage":1,"weight":1},"lobo":{"type":"fixes","node":"lobo","usage":1,"weight":1},"tommy":{"type":"fixes","node":"tommy","usage":1,"weight":1},"gradient":{"type":"fixes","node":"gradient","usage":1,"weight":1}},"Contributors":[],"FontIdentity":"ad1ca25d9d8e3f811632cb0213d6f356","Bytes":3195252,"Networking":[],"barcode":"a7gswq8e5oow3","referee":"Ic03Y"}