{"CSS":{"Zettelkasten15":"Zettelkasten15.css","Zettelkasten 1 5":"4c8775f5b7822aa1de1d61f70d0c9aae.css"},"FontType":"TrueType","FontCopyright":"Copyright (c)  m. Klein 7.1.05","FontName":"Zettelkasten15","FontSubfamily":"Medium","FontSubfamilyID":"FontForge 2.0 : Zettelkasten15 : 31-5-2016","FontFullName":"Zettelkasten 1 5","FontVersion":"Version 1.0 2005-01-07 ","FontWeight":null,"FontPostscriptName":"Zettelkasten15","Files":{"\/Zettelkasten15.css":"\/Zettelkasten15.css","\/font-resource.json":"\/font-resource.json","\/zettelkasten15.afm":"\/zettelkasten15.afm","\/zettelkasten15.bin":"\/zettelkasten15.bin","\/zettelkasten15.cef":"\/zettelkasten15.cef","\/zettelkasten15.cff":"\/zettelkasten15.cff","\/zettelkasten15.dfont":"\/zettelkasten15.dfont","\/zettelkasten15.eot":"\/zettelkasten15.eot","\/zettelkasten15.fon":"\/zettelkasten15.fon","\/zettelkasten15.gai":"\/zettelkasten15.gai","\/zettelkasten15.gsf":"\/zettelkasten15.gsf","\/zettelkasten15.hqx":"\/zettelkasten15.hqx","\/zettelkasten15.ik":"\/zettelkasten15.ik","\/zettelkasten15.mf":"\/zettelkasten15.mf","\/zettelkasten15.otf":"\/zettelkasten15.otf","\/zettelkasten15.pcf":"\/zettelkasten15.pcf","\/zettelkasten15.pf3":"\/zettelkasten15.pf3","\/zettelkasten15.pfa":"\/zettelkasten15.pfa","\/zettelkasten15.pfb":"\/zettelkasten15.pfb","\/zettelkasten15.php":"\/zettelkasten15.php","\/zettelkasten15.pmf":"\/zettelkasten15.pmf","\/zettelkasten15.pt3":"\/zettelkasten15.pt3","\/zettelkasten15.sfd":"\/zettelkasten15.sfd","\/zettelkasten15.svg":"\/zettelkasten15.svg","\/zettelkasten15.t42":"\/zettelkasten15.t42","\/zettelkasten15.ttd":"\/zettelkasten15.ttd","\/zettelkasten15.ttf":"\/zettelkasten15.ttf","\/zettelkasten15.ttg":"\/zettelkasten15.ttg","\/zettelkasten15.ufm":"\/zettelkasten15.ufm","\/zettelkasten15.woff":"\/zettelkasten15.woff","\/zettelkasten15.z":"\/zettelkasten15.z","\/zettelkasten15.ufo\/feature.fea":"\/zettelkasten15.ufo\/feature.fea","\/zettelkasten15.ufo\/fontinfo.plist":"\/zettelkasten15.ufo\/fontinfo.plist","\/zettelkasten15.ufo\/groups.plist":"\/zettelkasten15.ufo\/groups.plist","\/zettelkasten15.ufo\/kerning.plist":"\/zettelkasten15.ufo\/kerning.plist","\/zettelkasten15.ufo\/metainfo.plist":"\/zettelkasten15.ufo\/metainfo.plist","\/zettelkasten15.ufo\/glyphs\/A_.glif":"\/zettelkasten15.ufo\/glyphs\/A_.glif","\/zettelkasten15.ufo\/glyphs\/A_E_.glif":"\/zettelkasten15.ufo\/glyphs\/A_E_.glif","\/zettelkasten15.ufo\/glyphs\/A_acute.glif":"\/zettelkasten15.ufo\/glyphs\/A_acute.glif","\/zettelkasten15.ufo\/glyphs\/A_circumflex.glif":"\/zettelkasten15.ufo\/glyphs\/A_circumflex.glif","\/zettelkasten15.ufo\/glyphs\/A_dieresis.glif":"\/zettelkasten15.ufo\/glyphs\/A_dieresis.glif","\/zettelkasten15.ufo\/glyphs\/A_grave.glif":"\/zettelkasten15.ufo\/glyphs\/A_grave.glif","\/zettelkasten15.ufo\/glyphs\/A_ring.glif":"\/zettelkasten15.ufo\/glyphs\/A_ring.glif","\/zettelkasten15.ufo\/glyphs\/A_tilde.glif":"\/zettelkasten15.ufo\/glyphs\/A_tilde.glif","\/zettelkasten15.ufo\/glyphs\/B_.glif":"\/zettelkasten15.ufo\/glyphs\/B_.glif","\/zettelkasten15.ufo\/glyphs\/C_.glif":"\/zettelkasten15.ufo\/glyphs\/C_.glif","\/zettelkasten15.ufo\/glyphs\/C_cedilla.glif":"\/zettelkasten15.ufo\/glyphs\/C_cedilla.glif","\/zettelkasten15.ufo\/glyphs\/D_.glif":"\/zettelkasten15.ufo\/glyphs\/D_.glif","\/zettelkasten15.ufo\/glyphs\/E_.glif":"\/zettelkasten15.ufo\/glyphs\/E_.glif","\/zettelkasten15.ufo\/glyphs\/E_acute.glif":"\/zettelkasten15.ufo\/glyphs\/E_acute.glif","\/zettelkasten15.ufo\/glyphs\/E_circumflex.glif":"\/zettelkasten15.ufo\/glyphs\/E_circumflex.glif","\/zettelkasten15.ufo\/glyphs\/E_dieresis.glif":"\/zettelkasten15.ufo\/glyphs\/E_dieresis.glif","\/zettelkasten15.ufo\/glyphs\/E_grave.glif":"\/zettelkasten15.ufo\/glyphs\/E_grave.glif","\/zettelkasten15.ufo\/glyphs\/E_th.glif":"\/zettelkasten15.ufo\/glyphs\/E_th.glif","\/zettelkasten15.ufo\/glyphs\/F_.glif":"\/zettelkasten15.ufo\/glyphs\/F_.glif","\/zettelkasten15.ufo\/glyphs\/G_.glif":"\/zettelkasten15.ufo\/glyphs\/G_.glif","\/zettelkasten15.ufo\/glyphs\/H_.glif":"\/zettelkasten15.ufo\/glyphs\/H_.glif","\/zettelkasten15.ufo\/glyphs\/I_.glif":"\/zettelkasten15.ufo\/glyphs\/I_.glif","\/zettelkasten15.ufo\/glyphs\/I_acute.glif":"\/zettelkasten15.ufo\/glyphs\/I_acute.glif","\/zettelkasten15.ufo\/glyphs\/I_circumflex.glif":"\/zettelkasten15.ufo\/glyphs\/I_circumflex.glif","\/zettelkasten15.ufo\/glyphs\/I_dieresis.glif":"\/zettelkasten15.ufo\/glyphs\/I_dieresis.glif","\/zettelkasten15.ufo\/glyphs\/I_grave.glif":"\/zettelkasten15.ufo\/glyphs\/I_grave.glif","\/zettelkasten15.ufo\/glyphs\/J_.glif":"\/zettelkasten15.ufo\/glyphs\/J_.glif","\/zettelkasten15.ufo\/glyphs\/K_.glif":"\/zettelkasten15.ufo\/glyphs\/K_.glif","\/zettelkasten15.ufo\/glyphs\/L_.glif":"\/zettelkasten15.ufo\/glyphs\/L_.glif","\/zettelkasten15.ufo\/glyphs\/L_slash.glif":"\/zettelkasten15.ufo\/glyphs\/L_slash.glif","\/zettelkasten15.ufo\/glyphs\/M_.glif":"\/zettelkasten15.ufo\/glyphs\/M_.glif","\/zettelkasten15.ufo\/glyphs\/N_.glif":"\/zettelkasten15.ufo\/glyphs\/N_.glif","\/zettelkasten15.ufo\/glyphs\/N_tilde.glif":"\/zettelkasten15.ufo\/glyphs\/N_tilde.glif","\/zettelkasten15.ufo\/glyphs\/O_.glif":"\/zettelkasten15.ufo\/glyphs\/O_.glif","\/zettelkasten15.ufo\/glyphs\/O_E_.glif":"\/zettelkasten15.ufo\/glyphs\/O_E_.glif","\/zettelkasten15.ufo\/glyphs\/O_acute.glif":"\/zettelkasten15.ufo\/glyphs\/O_acute.glif","\/zettelkasten15.ufo\/glyphs\/O_circumflex.glif":"\/zettelkasten15.ufo\/glyphs\/O_circumflex.glif","\/zettelkasten15.ufo\/glyphs\/O_dieresis.glif":"\/zettelkasten15.ufo\/glyphs\/O_dieresis.glif","\/zettelkasten15.ufo\/glyphs\/O_grave.glif":"\/zettelkasten15.ufo\/glyphs\/O_grave.glif","\/zettelkasten15.ufo\/glyphs\/O_slash.glif":"\/zettelkasten15.ufo\/glyphs\/O_slash.glif","\/zettelkasten15.ufo\/glyphs\/O_tilde.glif":"\/zettelkasten15.ufo\/glyphs\/O_tilde.glif","\/zettelkasten15.ufo\/glyphs\/P_.glif":"\/zettelkasten15.ufo\/glyphs\/P_.glif","\/zettelkasten15.ufo\/glyphs\/Q_.glif":"\/zettelkasten15.ufo\/glyphs\/Q_.glif","\/zettelkasten15.ufo\/glyphs\/R_.glif":"\/zettelkasten15.ufo\/glyphs\/R_.glif","\/zettelkasten15.ufo\/glyphs\/S_.glif":"\/zettelkasten15.ufo\/glyphs\/S_.glif","\/zettelkasten15.ufo\/glyphs\/S_caron.glif":"\/zettelkasten15.ufo\/glyphs\/S_caron.glif","\/zettelkasten15.ufo\/glyphs\/T_.glif":"\/zettelkasten15.ufo\/glyphs\/T_.glif","\/zettelkasten15.ufo\/glyphs\/T_horn.glif":"\/zettelkasten15.ufo\/glyphs\/T_horn.glif","\/zettelkasten15.ufo\/glyphs\/U_.glif":"\/zettelkasten15.ufo\/glyphs\/U_.glif","\/zettelkasten15.ufo\/glyphs\/U_acute.glif":"\/zettelkasten15.ufo\/glyphs\/U_acute.glif","\/zettelkasten15.ufo\/glyphs\/U_circumflex.glif":"\/zettelkasten15.ufo\/glyphs\/U_circumflex.glif","\/zettelkasten15.ufo\/glyphs\/U_dieresis.glif":"\/zettelkasten15.ufo\/glyphs\/U_dieresis.glif","\/zettelkasten15.ufo\/glyphs\/U_grave.glif":"\/zettelkasten15.ufo\/glyphs\/U_grave.glif","\/zettelkasten15.ufo\/glyphs\/V_.glif":"\/zettelkasten15.ufo\/glyphs\/V_.glif","\/zettelkasten15.ufo\/glyphs\/W_.glif":"\/zettelkasten15.ufo\/glyphs\/W_.glif","\/zettelkasten15.ufo\/glyphs\/X_.glif":"\/zettelkasten15.ufo\/glyphs\/X_.glif","\/zettelkasten15.ufo\/glyphs\/Y_.glif":"\/zettelkasten15.ufo\/glyphs\/Y_.glif","\/zettelkasten15.ufo\/glyphs\/Y_acute.glif":"\/zettelkasten15.ufo\/glyphs\/Y_acute.glif","\/zettelkasten15.ufo\/glyphs\/Y_dieresis.glif":"\/zettelkasten15.ufo\/glyphs\/Y_dieresis.glif","\/zettelkasten15.ufo\/glyphs\/Z_.glif":"\/zettelkasten15.ufo\/glyphs\/Z_.glif","\/zettelkasten15.ufo\/glyphs\/Z_caron.glif":"\/zettelkasten15.ufo\/glyphs\/Z_caron.glif","\/zettelkasten15.ufo\/glyphs\/_notdef.glif":"\/zettelkasten15.ufo\/glyphs\/_notdef.glif","\/zettelkasten15.ufo\/glyphs\/a.glif":"\/zettelkasten15.ufo\/glyphs\/a.glif","\/zettelkasten15.ufo\/glyphs\/aacute.glif":"\/zettelkasten15.ufo\/glyphs\/aacute.glif","\/zettelkasten15.ufo\/glyphs\/acircumflex.glif":"\/zettelkasten15.ufo\/glyphs\/acircumflex.glif","\/zettelkasten15.ufo\/glyphs\/acute.glif":"\/zettelkasten15.ufo\/glyphs\/acute.glif","\/zettelkasten15.ufo\/glyphs\/adieresis.glif":"\/zettelkasten15.ufo\/glyphs\/adieresis.glif","\/zettelkasten15.ufo\/glyphs\/ae.glif":"\/zettelkasten15.ufo\/glyphs\/ae.glif","\/zettelkasten15.ufo\/glyphs\/agrave.glif":"\/zettelkasten15.ufo\/glyphs\/agrave.glif","\/zettelkasten15.ufo\/glyphs\/ampersand.glif":"\/zettelkasten15.ufo\/glyphs\/ampersand.glif","\/zettelkasten15.ufo\/glyphs\/aring.glif":"\/zettelkasten15.ufo\/glyphs\/aring.glif","\/zettelkasten15.ufo\/glyphs\/asciicircum.glif":"\/zettelkasten15.ufo\/glyphs\/asciicircum.glif","\/zettelkasten15.ufo\/glyphs\/asciitilde.glif":"\/zettelkasten15.ufo\/glyphs\/asciitilde.glif","\/zettelkasten15.ufo\/glyphs\/asterisk.glif":"\/zettelkasten15.ufo\/glyphs\/asterisk.glif","\/zettelkasten15.ufo\/glyphs\/at.glif":"\/zettelkasten15.ufo\/glyphs\/at.glif","\/zettelkasten15.ufo\/glyphs\/atilde.glif":"\/zettelkasten15.ufo\/glyphs\/atilde.glif","\/zettelkasten15.ufo\/glyphs\/b.glif":"\/zettelkasten15.ufo\/glyphs\/b.glif","\/zettelkasten15.ufo\/glyphs\/backslash.glif":"\/zettelkasten15.ufo\/glyphs\/backslash.glif","\/zettelkasten15.ufo\/glyphs\/bar.glif":"\/zettelkasten15.ufo\/glyphs\/bar.glif","\/zettelkasten15.ufo\/glyphs\/braceleft.glif":"\/zettelkasten15.ufo\/glyphs\/braceleft.glif","\/zettelkasten15.ufo\/glyphs\/braceright.glif":"\/zettelkasten15.ufo\/glyphs\/braceright.glif","\/zettelkasten15.ufo\/glyphs\/bracketleft.glif":"\/zettelkasten15.ufo\/glyphs\/bracketleft.glif","\/zettelkasten15.ufo\/glyphs\/bracketright.glif":"\/zettelkasten15.ufo\/glyphs\/bracketright.glif","\/zettelkasten15.ufo\/glyphs\/breve.glif":"\/zettelkasten15.ufo\/glyphs\/breve.glif","\/zettelkasten15.ufo\/glyphs\/brokenbar.glif":"\/zettelkasten15.ufo\/glyphs\/brokenbar.glif","\/zettelkasten15.ufo\/glyphs\/bullet.glif":"\/zettelkasten15.ufo\/glyphs\/bullet.glif","\/zettelkasten15.ufo\/glyphs\/c.glif":"\/zettelkasten15.ufo\/glyphs\/c.glif","\/zettelkasten15.ufo\/glyphs\/caron.glif":"\/zettelkasten15.ufo\/glyphs\/caron.glif","\/zettelkasten15.ufo\/glyphs\/ccedilla.glif":"\/zettelkasten15.ufo\/glyphs\/ccedilla.glif","\/zettelkasten15.ufo\/glyphs\/cedilla.glif":"\/zettelkasten15.ufo\/glyphs\/cedilla.glif","\/zettelkasten15.ufo\/glyphs\/cent.glif":"\/zettelkasten15.ufo\/glyphs\/cent.glif","\/zettelkasten15.ufo\/glyphs\/circumflex.glif":"\/zettelkasten15.ufo\/glyphs\/circumflex.glif","\/zettelkasten15.ufo\/glyphs\/colon.glif":"\/zettelkasten15.ufo\/glyphs\/colon.glif","\/zettelkasten15.ufo\/glyphs\/comma.glif":"\/zettelkasten15.ufo\/glyphs\/comma.glif","\/zettelkasten15.ufo\/glyphs\/contents.plist":"\/zettelkasten15.ufo\/glyphs\/contents.plist","\/zettelkasten15.ufo\/glyphs\/copyright.glif":"\/zettelkasten15.ufo\/glyphs\/copyright.glif","\/zettelkasten15.ufo\/glyphs\/currency.glif":"\/zettelkasten15.ufo\/glyphs\/currency.glif","\/zettelkasten15.ufo\/glyphs\/d.glif":"\/zettelkasten15.ufo\/glyphs\/d.glif","\/zettelkasten15.ufo\/glyphs\/dagger.glif":"\/zettelkasten15.ufo\/glyphs\/dagger.glif","\/zettelkasten15.ufo\/glyphs\/daggerdbl.glif":"\/zettelkasten15.ufo\/glyphs\/daggerdbl.glif","\/zettelkasten15.ufo\/glyphs\/degree.glif":"\/zettelkasten15.ufo\/glyphs\/degree.glif","\/zettelkasten15.ufo\/glyphs\/dieresis.glif":"\/zettelkasten15.ufo\/glyphs\/dieresis.glif","\/zettelkasten15.ufo\/glyphs\/divide.glif":"\/zettelkasten15.ufo\/glyphs\/divide.glif","\/zettelkasten15.ufo\/glyphs\/dollar.glif":"\/zettelkasten15.ufo\/glyphs\/dollar.glif","\/zettelkasten15.ufo\/glyphs\/dotaccent.glif":"\/zettelkasten15.ufo\/glyphs\/dotaccent.glif","\/zettelkasten15.ufo\/glyphs\/dotlessi.glif":"\/zettelkasten15.ufo\/glyphs\/dotlessi.glif","\/zettelkasten15.ufo\/glyphs\/e.glif":"\/zettelkasten15.ufo\/glyphs\/e.glif","\/zettelkasten15.ufo\/glyphs\/eacute.glif":"\/zettelkasten15.ufo\/glyphs\/eacute.glif","\/zettelkasten15.ufo\/glyphs\/ecircumflex.glif":"\/zettelkasten15.ufo\/glyphs\/ecircumflex.glif","\/zettelkasten15.ufo\/glyphs\/edieresis.glif":"\/zettelkasten15.ufo\/glyphs\/edieresis.glif","\/zettelkasten15.ufo\/glyphs\/egrave.glif":"\/zettelkasten15.ufo\/glyphs\/egrave.glif","\/zettelkasten15.ufo\/glyphs\/eight.glif":"\/zettelkasten15.ufo\/glyphs\/eight.glif","\/zettelkasten15.ufo\/glyphs\/ellipsis.glif":"\/zettelkasten15.ufo\/glyphs\/ellipsis.glif","\/zettelkasten15.ufo\/glyphs\/emdash.glif":"\/zettelkasten15.ufo\/glyphs\/emdash.glif","\/zettelkasten15.ufo\/glyphs\/endash.glif":"\/zettelkasten15.ufo\/glyphs\/endash.glif","\/zettelkasten15.ufo\/glyphs\/equal.glif":"\/zettelkasten15.ufo\/glyphs\/equal.glif","\/zettelkasten15.ufo\/glyphs\/eth.glif":"\/zettelkasten15.ufo\/glyphs\/eth.glif","\/zettelkasten15.ufo\/glyphs\/exclam.glif":"\/zettelkasten15.ufo\/glyphs\/exclam.glif","\/zettelkasten15.ufo\/glyphs\/exclamdown.glif":"\/zettelkasten15.ufo\/glyphs\/exclamdown.glif","\/zettelkasten15.ufo\/glyphs\/f.glif":"\/zettelkasten15.ufo\/glyphs\/f.glif","\/zettelkasten15.ufo\/glyphs\/fi.glif":"\/zettelkasten15.ufo\/glyphs\/fi.glif","\/zettelkasten15.ufo\/glyphs\/five.glif":"\/zettelkasten15.ufo\/glyphs\/five.glif","\/zettelkasten15.ufo\/glyphs\/fl.glif":"\/zettelkasten15.ufo\/glyphs\/fl.glif","\/zettelkasten15.ufo\/glyphs\/florin.glif":"\/zettelkasten15.ufo\/glyphs\/florin.glif","\/zettelkasten15.ufo\/glyphs\/four.glif":"\/zettelkasten15.ufo\/glyphs\/four.glif","\/zettelkasten15.ufo\/glyphs\/fraction.glif":"\/zettelkasten15.ufo\/glyphs\/fraction.glif","\/zettelkasten15.ufo\/glyphs\/g.glif":"\/zettelkasten15.ufo\/glyphs\/g.glif","\/zettelkasten15.ufo\/glyphs\/germandbls.glif":"\/zettelkasten15.ufo\/glyphs\/germandbls.glif","\/zettelkasten15.ufo\/glyphs\/grave.glif":"\/zettelkasten15.ufo\/glyphs\/grave.glif","\/zettelkasten15.ufo\/glyphs\/greater.glif":"\/zettelkasten15.ufo\/glyphs\/greater.glif","\/zettelkasten15.ufo\/glyphs\/guillemotleft.glif":"\/zettelkasten15.ufo\/glyphs\/guillemotleft.glif","\/zettelkasten15.ufo\/glyphs\/guillemotright.glif":"\/zettelkasten15.ufo\/glyphs\/guillemotright.glif","\/zettelkasten15.ufo\/glyphs\/guilsinglleft.glif":"\/zettelkasten15.ufo\/glyphs\/guilsinglleft.glif","\/zettelkasten15.ufo\/glyphs\/guilsinglright.glif":"\/zettelkasten15.ufo\/glyphs\/guilsinglright.glif","\/zettelkasten15.ufo\/glyphs\/h.glif":"\/zettelkasten15.ufo\/glyphs\/h.glif","\/zettelkasten15.ufo\/glyphs\/hungarumlaut.glif":"\/zettelkasten15.ufo\/glyphs\/hungarumlaut.glif","\/zettelkasten15.ufo\/glyphs\/hyphen.glif":"\/zettelkasten15.ufo\/glyphs\/hyphen.glif","\/zettelkasten15.ufo\/glyphs\/i.glif":"\/zettelkasten15.ufo\/glyphs\/i.glif","\/zettelkasten15.ufo\/glyphs\/iacute.glif":"\/zettelkasten15.ufo\/glyphs\/iacute.glif","\/zettelkasten15.ufo\/glyphs\/icircumflex.glif":"\/zettelkasten15.ufo\/glyphs\/icircumflex.glif","\/zettelkasten15.ufo\/glyphs\/idieresis.glif":"\/zettelkasten15.ufo\/glyphs\/idieresis.glif","\/zettelkasten15.ufo\/glyphs\/igrave.glif":"\/zettelkasten15.ufo\/glyphs\/igrave.glif","\/zettelkasten15.ufo\/glyphs\/j.glif":"\/zettelkasten15.ufo\/glyphs\/j.glif","\/zettelkasten15.ufo\/glyphs\/k.glif":"\/zettelkasten15.ufo\/glyphs\/k.glif","\/zettelkasten15.ufo\/glyphs\/l.glif":"\/zettelkasten15.ufo\/glyphs\/l.glif","\/zettelkasten15.ufo\/glyphs\/less.glif":"\/zettelkasten15.ufo\/glyphs\/less.glif","\/zettelkasten15.ufo\/glyphs\/logicalnot.glif":"\/zettelkasten15.ufo\/glyphs\/logicalnot.glif","\/zettelkasten15.ufo\/glyphs\/lslash.glif":"\/zettelkasten15.ufo\/glyphs\/lslash.glif","\/zettelkasten15.ufo\/glyphs\/m.glif":"\/zettelkasten15.ufo\/glyphs\/m.glif","\/zettelkasten15.ufo\/glyphs\/macron.glif":"\/zettelkasten15.ufo\/glyphs\/macron.glif","\/zettelkasten15.ufo\/glyphs\/mu.glif":"\/zettelkasten15.ufo\/glyphs\/mu.glif","\/zettelkasten15.ufo\/glyphs\/multiply.glif":"\/zettelkasten15.ufo\/glyphs\/multiply.glif","\/zettelkasten15.ufo\/glyphs\/n.glif":"\/zettelkasten15.ufo\/glyphs\/n.glif","\/zettelkasten15.ufo\/glyphs\/nine.glif":"\/zettelkasten15.ufo\/glyphs\/nine.glif","\/zettelkasten15.ufo\/glyphs\/ntilde.glif":"\/zettelkasten15.ufo\/glyphs\/ntilde.glif","\/zettelkasten15.ufo\/glyphs\/numbersign.glif":"\/zettelkasten15.ufo\/glyphs\/numbersign.glif","\/zettelkasten15.ufo\/glyphs\/o.glif":"\/zettelkasten15.ufo\/glyphs\/o.glif","\/zettelkasten15.ufo\/glyphs\/oacute.glif":"\/zettelkasten15.ufo\/glyphs\/oacute.glif","\/zettelkasten15.ufo\/glyphs\/ocircumflex.glif":"\/zettelkasten15.ufo\/glyphs\/ocircumflex.glif","\/zettelkasten15.ufo\/glyphs\/odieresis.glif":"\/zettelkasten15.ufo\/glyphs\/odieresis.glif","\/zettelkasten15.ufo\/glyphs\/oe.glif":"\/zettelkasten15.ufo\/glyphs\/oe.glif","\/zettelkasten15.ufo\/glyphs\/ogonek.glif":"\/zettelkasten15.ufo\/glyphs\/ogonek.glif","\/zettelkasten15.ufo\/glyphs\/ograve.glif":"\/zettelkasten15.ufo\/glyphs\/ograve.glif","\/zettelkasten15.ufo\/glyphs\/one.glif":"\/zettelkasten15.ufo\/glyphs\/one.glif","\/zettelkasten15.ufo\/glyphs\/onehalf.glif":"\/zettelkasten15.ufo\/glyphs\/onehalf.glif","\/zettelkasten15.ufo\/glyphs\/onequarter.glif":"\/zettelkasten15.ufo\/glyphs\/onequarter.glif","\/zettelkasten15.ufo\/glyphs\/onesuperior.glif":"\/zettelkasten15.ufo\/glyphs\/onesuperior.glif","\/zettelkasten15.ufo\/glyphs\/ordfeminine.glif":"\/zettelkasten15.ufo\/glyphs\/ordfeminine.glif","\/zettelkasten15.ufo\/glyphs\/ordmasculine.glif":"\/zettelkasten15.ufo\/glyphs\/ordmasculine.glif","\/zettelkasten15.ufo\/glyphs\/oslash.glif":"\/zettelkasten15.ufo\/glyphs\/oslash.glif","\/zettelkasten15.ufo\/glyphs\/otilde.glif":"\/zettelkasten15.ufo\/glyphs\/otilde.glif","\/zettelkasten15.ufo\/glyphs\/p.glif":"\/zettelkasten15.ufo\/glyphs\/p.glif","\/zettelkasten15.ufo\/glyphs\/paragraph.glif":"\/zettelkasten15.ufo\/glyphs\/paragraph.glif","\/zettelkasten15.ufo\/glyphs\/parenleft.glif":"\/zettelkasten15.ufo\/glyphs\/parenleft.glif","\/zettelkasten15.ufo\/glyphs\/parenright.glif":"\/zettelkasten15.ufo\/glyphs\/parenright.glif","\/zettelkasten15.ufo\/glyphs\/percent.glif":"\/zettelkasten15.ufo\/glyphs\/percent.glif","\/zettelkasten15.ufo\/glyphs\/period.glif":"\/zettelkasten15.ufo\/glyphs\/period.glif","\/zettelkasten15.ufo\/glyphs\/periodcentered.glif":"\/zettelkasten15.ufo\/glyphs\/periodcentered.glif","\/zettelkasten15.ufo\/glyphs\/perthousand.glif":"\/zettelkasten15.ufo\/glyphs\/perthousand.glif","\/zettelkasten15.ufo\/glyphs\/plus.glif":"\/zettelkasten15.ufo\/glyphs\/plus.glif","\/zettelkasten15.ufo\/glyphs\/plusminus.glif":"\/zettelkasten15.ufo\/glyphs\/plusminus.glif","\/zettelkasten15.ufo\/glyphs\/q.glif":"\/zettelkasten15.ufo\/glyphs\/q.glif","\/zettelkasten15.ufo\/glyphs\/question.glif":"\/zettelkasten15.ufo\/glyphs\/question.glif","\/zettelkasten15.ufo\/glyphs\/questiondown.glif":"\/zettelkasten15.ufo\/glyphs\/questiondown.glif","\/zettelkasten15.ufo\/glyphs\/quotedbl.glif":"\/zettelkasten15.ufo\/glyphs\/quotedbl.glif","\/zettelkasten15.ufo\/glyphs\/quotedblbase.glif":"\/zettelkasten15.ufo\/glyphs\/quotedblbase.glif","\/zettelkasten15.ufo\/glyphs\/quotedblleft.glif":"\/zettelkasten15.ufo\/glyphs\/quotedblleft.glif","\/zettelkasten15.ufo\/glyphs\/quotedblright.glif":"\/zettelkasten15.ufo\/glyphs\/quotedblright.glif","\/zettelkasten15.ufo\/glyphs\/quoteleft.glif":"\/zettelkasten15.ufo\/glyphs\/quoteleft.glif","\/zettelkasten15.ufo\/glyphs\/quoteright.glif":"\/zettelkasten15.ufo\/glyphs\/quoteright.glif","\/zettelkasten15.ufo\/glyphs\/quotesinglbase.glif":"\/zettelkasten15.ufo\/glyphs\/quotesinglbase.glif","\/zettelkasten15.ufo\/glyphs\/quotesingle.glif":"\/zettelkasten15.ufo\/glyphs\/quotesingle.glif","\/zettelkasten15.ufo\/glyphs\/r.glif":"\/zettelkasten15.ufo\/glyphs\/r.glif","\/zettelkasten15.ufo\/glyphs\/registered.glif":"\/zettelkasten15.ufo\/glyphs\/registered.glif","\/zettelkasten15.ufo\/glyphs\/ring.glif":"\/zettelkasten15.ufo\/glyphs\/ring.glif","\/zettelkasten15.ufo\/glyphs\/s.glif":"\/zettelkasten15.ufo\/glyphs\/s.glif","\/zettelkasten15.ufo\/glyphs\/scaron.glif":"\/zettelkasten15.ufo\/glyphs\/scaron.glif","\/zettelkasten15.ufo\/glyphs\/section.glif":"\/zettelkasten15.ufo\/glyphs\/section.glif","\/zettelkasten15.ufo\/glyphs\/semicolon.glif":"\/zettelkasten15.ufo\/glyphs\/semicolon.glif","\/zettelkasten15.ufo\/glyphs\/seven.glif":"\/zettelkasten15.ufo\/glyphs\/seven.glif","\/zettelkasten15.ufo\/glyphs\/six.glif":"\/zettelkasten15.ufo\/glyphs\/six.glif","\/zettelkasten15.ufo\/glyphs\/slash.glif":"\/zettelkasten15.ufo\/glyphs\/slash.glif","\/zettelkasten15.ufo\/glyphs\/space.glif":"\/zettelkasten15.ufo\/glyphs\/space.glif","\/zettelkasten15.ufo\/glyphs\/sterling.glif":"\/zettelkasten15.ufo\/glyphs\/sterling.glif","\/zettelkasten15.ufo\/glyphs\/t.glif":"\/zettelkasten15.ufo\/glyphs\/t.glif","\/zettelkasten15.ufo\/glyphs\/thorn.glif":"\/zettelkasten15.ufo\/glyphs\/thorn.glif","\/zettelkasten15.ufo\/glyphs\/three.glif":"\/zettelkasten15.ufo\/glyphs\/three.glif","\/zettelkasten15.ufo\/glyphs\/threequarters.glif":"\/zettelkasten15.ufo\/glyphs\/threequarters.glif","\/zettelkasten15.ufo\/glyphs\/threesuperior.glif":"\/zettelkasten15.ufo\/glyphs\/threesuperior.glif","\/zettelkasten15.ufo\/glyphs\/tilde.glif":"\/zettelkasten15.ufo\/glyphs\/tilde.glif","\/zettelkasten15.ufo\/glyphs\/trademark.glif":"\/zettelkasten15.ufo\/glyphs\/trademark.glif","\/zettelkasten15.ufo\/glyphs\/two.glif":"\/zettelkasten15.ufo\/glyphs\/two.glif","\/zettelkasten15.ufo\/glyphs\/twosuperior.glif":"\/zettelkasten15.ufo\/glyphs\/twosuperior.glif","\/zettelkasten15.ufo\/glyphs\/u.glif":"\/zettelkasten15.ufo\/glyphs\/u.glif","\/zettelkasten15.ufo\/glyphs\/uacute.glif":"\/zettelkasten15.ufo\/glyphs\/uacute.glif","\/zettelkasten15.ufo\/glyphs\/ucircumflex.glif":"\/zettelkasten15.ufo\/glyphs\/ucircumflex.glif","\/zettelkasten15.ufo\/glyphs\/udieresis.glif":"\/zettelkasten15.ufo\/glyphs\/udieresis.glif","\/zettelkasten15.ufo\/glyphs\/ugrave.glif":"\/zettelkasten15.ufo\/glyphs\/ugrave.glif","\/zettelkasten15.ufo\/glyphs\/v.glif":"\/zettelkasten15.ufo\/glyphs\/v.glif","\/zettelkasten15.ufo\/glyphs\/w.glif":"\/zettelkasten15.ufo\/glyphs\/w.glif","\/zettelkasten15.ufo\/glyphs\/x.glif":"\/zettelkasten15.ufo\/glyphs\/x.glif","\/zettelkasten15.ufo\/glyphs\/y.glif":"\/zettelkasten15.ufo\/glyphs\/y.glif","\/zettelkasten15.ufo\/glyphs\/yacute.glif":"\/zettelkasten15.ufo\/glyphs\/yacute.glif","\/zettelkasten15.ufo\/glyphs\/ydieresis.glif":"\/zettelkasten15.ufo\/glyphs\/ydieresis.glif","\/zettelkasten15.ufo\/glyphs\/yen.glif":"\/zettelkasten15.ufo\/glyphs\/yen.glif","\/zettelkasten15.ufo\/glyphs\/z.glif":"\/zettelkasten15.ufo\/glyphs\/z.glif","\/zettelkasten15.ufo\/glyphs\/zcaron.glif":"\/zettelkasten15.ufo\/glyphs\/zcaron.glif","\/zettelkasten15.ufo\/glyphs\/zero.glif":"\/zettelkasten15.ufo\/glyphs\/zero.glif"},"Font":{"uploaded":1465589216.2717,"licence":"gpl3","title":"Zettelkasten 1 5","version":2.001,"date":"Tue May 31 17:46:51 2016","creator":"root","type":"1","matrix":"0.001 0 0 0.001 0 0","named":"Zettelkasten15","painttype":"0","info":"10 dict dup","name":"Zettelkasten15","family":"Zettelkasten15","weight":"Medium","fstype":"0","italicangle":"0","underlineposition":"","underlinethickness":""},"Licences":{"":false},"Table":{"FFTM":{"entryLength":16,"tag":"FFTM","checksum":1931708072,"offset":128640,"length":28},"GDEF":{"entryLength":16,"tag":"GDEF","checksum":17956870,"offset":128608,"length":32},"OS\/2":{"entryLength":16,"tag":"OS\/2","checksum":1468800202,"offset":344,"length":86},"cmap":{"entryLength":16,"tag":"cmap","checksum":4125747178,"offset":1172,"length":560},"gasp":{"entryLength":16,"tag":"gasp","checksum":4294901763,"offset":128600,"length":8},"glyf":{"entryLength":16,"tag":"glyf","checksum":2582836850,"offset":2192,"length":125292},"head":{"entryLength":16,"tag":"head","checksum":166864770,"offset":220,"length":54},"hhea":{"entryLength":16,"tag":"hhea","checksum":128254831,"offset":276,"length":36},"hmtx":{"entryLength":16,"tag":"hmtx","checksum":445653986,"offset":432,"length":740},"loca":{"entryLength":16,"tag":"loca","checksum":2440955884,"offset":1732,"length":460},"maxp":{"entryLength":16,"tag":"maxp","checksum":25757181,"offset":312,"length":32},"name":{"entryLength":16,"tag":"name","checksum":265785822,"offset":127484,"length":624},"post":{"entryLength":16,"tag":"post","checksum":911947200,"offset":128108,"length":492}},"UnicodeCharMap":{"32":17,"33":18,"34":19,"35":20,"36":21,"37":22,"38":23,"39":24,"40":25,"41":26,"42":27,"43":28,"44":29,"45":30,"46":31,"47":32,"48":33,"49":34,"50":35,"51":36,"52":37,"53":38,"54":39,"55":40,"56":41,"57":42,"58":43,"59":44,"60":45,"61":46,"62":47,"63":48,"64":49,"65":50,"66":51,"67":52,"68":53,"69":54,"70":55,"71":56,"72":57,"73":58,"74":59,"75":60,"76":61,"77":62,"78":63,"79":64,"80":65,"81":66,"82":67,"83":68,"84":69,"85":70,"86":71,"87":72,"88":73,"89":74,"90":75,"91":76,"92":77,"93":78,"94":79,"96":80,"97":81,"98":82,"99":83,"100":84,"101":85,"102":86,"103":87,"104":88,"105":89,"106":90,"107":91,"108":92,"109":93,"110":94,"111":95,"112":96,"113":97,"114":98,"115":99,"116":100,"117":101,"118":102,"119":103,"120":104,"121":105,"122":106,"123":107,"124":108,"125":109,"126":110,"161":111,"162":112,"163":113,"164":114,"165":115,"166":116,"167":117,"168":118,"169":119,"170":120,"171":121,"172":122,"174":123,"175":124,"176":125,"177":126,"178":127,"179":128,"180":129,"182":131,"183":132,"184":133,"185":134,"186":135,"187":136,"188":137,"189":138,"190":139,"191":140,"192":141,"193":142,"194":143,"195":144,"196":145,"197":146,"198":147,"199":148,"200":149,"201":150,"202":151,"203":152,"204":153,"205":154,"206":155,"207":156,"208":157,"209":158,"210":159,"211":160,"212":161,"213":162,"214":163,"215":164,"216":165,"217":166,"218":167,"219":168,"220":169,"221":170,"222":171,"223":172,"224":173,"225":174,"226":175,"227":176,"228":177,"229":178,"230":179,"231":180,"232":181,"233":182,"234":183,"235":184,"236":185,"237":186,"238":187,"239":188,"240":189,"241":190,"242":191,"243":192,"244":193,"245":194,"246":195,"247":196,"248":197,"249":198,"250":199,"251":200,"252":201,"253":202,"254":203,"255":204,"305":9,"321":13,"322":14,"338":215,"339":227,"352":213,"353":225,"376":228,"381":15,"382":16,"402":206,"710":211,"711":8,"728":3,"729":4,"730":5,"731":7,"732":223,"733":6,"956":130,"8211":221,"8212":222,"8216":216,"8217":217,"8218":205,"8220":218,"8221":219,"8222":207,"8224":209,"8225":210,"8226":220,"8230":208,"8240":212,"8249":214,"8250":226,"8260":10,"8482":224,"64257":11,"64258":12},"Reserves":{"fontname":"Zettelkasten 1 5"},"Names":{"Zettelkasten 1 5":{"name":"Zettelkasten 1 5","longitude":"0.00000001","latitude":"0.00000001","country":"","region":"","city":""}},"Nodes":{"ze":{"type":"typal","node":"ze","usage":1,"weight":1},"en":{"type":"typal","node":"en","usage":1,"weight":1},"zet":{"type":"typal","node":"zet","usage":1,"weight":1},"ten":{"type":"typal","node":"ten","usage":1,"weight":1},"zett":{"type":"keys","node":"zett","usage":1,"weight":1},"sten":{"type":"keys","node":"sten","usage":1,"weight":1},"zette":{"type":"keys","node":"zette","usage":1,"weight":1},"asten":{"type":"keys","node":"asten","usage":1,"weight":1},"zettelkasten":{"type":"fixes","node":"zettelkasten","usage":1,"weight":1},"1":{"type":"fixes","node":1,"usage":1,"weight":1},"5":{"type":"fixes","node":5,"usage":1,"weight":1}},"Contributors":[],"FontIdentity":"4c8775f5b7822aa1de1d61f70d0c9aae","Bytes":null,"Networking":[]}