{"CSS":{"OPTIRomana-Estrecha":"OPTIRomana-Estrecha.css","OPTIRomana Estrecha":"wagovau:e4c700114d345209fd8bef03.css"},"FontType":"TrueType","FontCopyright":"1.2, Copyright Copr. Castcraft Software, Inc. 1990-1991.","FontName":"OPTIRomana-Estrecha","FontSubfamily":"Estrecha","FontSubfamilyID":"FontForge 2.0 : OPTIRomana-Estrecha : 12-8-2016","FontFullName":"OPTIRomana Estrecha","FontVersion":"Version 001.000 ","FontWeight":null,"FontPostscriptName":"OPTIRomana-Estrecha","Files":{"\/OPTIRomana-Estrecha.css":"\/OPTIRomana-Estrecha.css","\/font-resource.json":"\/font-resource.json","\/optiromana-estrecha.afm":"\/optiromana-estrecha.afm","\/optiromana-estrecha.cef":"\/optiromana-estrecha.cef","\/optiromana-estrecha.cff":"\/optiromana-estrecha.cff","\/optiromana-estrecha.eot":"\/optiromana-estrecha.eot","\/optiromana-estrecha.gai":"\/optiromana-estrecha.gai","\/optiromana-estrecha.gsf":"\/optiromana-estrecha.gsf","\/optiromana-estrecha.otf":"\/optiromana-estrecha.otf","\/optiromana-estrecha.pf3":"\/optiromana-estrecha.pf3","\/optiromana-estrecha.pfa":"\/optiromana-estrecha.pfa","\/optiromana-estrecha.pfb":"\/optiromana-estrecha.pfb","\/optiromana-estrecha.php":"\/optiromana-estrecha.php","\/optiromana-estrecha.pt3":"\/optiromana-estrecha.pt3","\/optiromana-estrecha.sfd":"\/optiromana-estrecha.sfd","\/optiromana-estrecha.svg":"\/optiromana-estrecha.svg","\/optiromana-estrecha.t42":"\/optiromana-estrecha.t42","\/optiromana-estrecha.ttd":"\/optiromana-estrecha.ttd","\/optiromana-estrecha.ttf":"\/optiromana-estrecha.ttf","\/optiromana-estrecha.ttg":"\/optiromana-estrecha.ttg","\/optiromana-estrecha.ufm":"\/optiromana-estrecha.ufm","\/optiromana-estrecha.woff":"\/optiromana-estrecha.woff","\/optiromana-estrecha.z":"\/optiromana-estrecha.z","\/optiromana-estrecha.ufo\/feature.fea":"\/optiromana-estrecha.ufo\/feature.fea","\/optiromana-estrecha.ufo\/fontinfo.plist":"\/optiromana-estrecha.ufo\/fontinfo.plist","\/optiromana-estrecha.ufo\/groups.plist":"\/optiromana-estrecha.ufo\/groups.plist","\/optiromana-estrecha.ufo\/kerning.plist":"\/optiromana-estrecha.ufo\/kerning.plist","\/optiromana-estrecha.ufo\/metainfo.plist":"\/optiromana-estrecha.ufo\/metainfo.plist","\/optiromana-estrecha.ufo\/glyphs\/A_.glif":"\/optiromana-estrecha.ufo\/glyphs\/A_.glif","\/optiromana-estrecha.ufo\/glyphs\/A_E_.glif":"\/optiromana-estrecha.ufo\/glyphs\/A_E_.glif","\/optiromana-estrecha.ufo\/glyphs\/A_acute.glif":"\/optiromana-estrecha.ufo\/glyphs\/A_acute.glif","\/optiromana-estrecha.ufo\/glyphs\/A_circumflex.glif":"\/optiromana-estrecha.ufo\/glyphs\/A_circumflex.glif","\/optiromana-estrecha.ufo\/glyphs\/A_dieresis.glif":"\/optiromana-estrecha.ufo\/glyphs\/A_dieresis.glif","\/optiromana-estrecha.ufo\/glyphs\/A_grave.glif":"\/optiromana-estrecha.ufo\/glyphs\/A_grave.glif","\/optiromana-estrecha.ufo\/glyphs\/A_ring.glif":"\/optiromana-estrecha.ufo\/glyphs\/A_ring.glif","\/optiromana-estrecha.ufo\/glyphs\/A_tilde.glif":"\/optiromana-estrecha.ufo\/glyphs\/A_tilde.glif","\/optiromana-estrecha.ufo\/glyphs\/B_.glif":"\/optiromana-estrecha.ufo\/glyphs\/B_.glif","\/optiromana-estrecha.ufo\/glyphs\/C_.glif":"\/optiromana-estrecha.ufo\/glyphs\/C_.glif","\/optiromana-estrecha.ufo\/glyphs\/C_cedilla.glif":"\/optiromana-estrecha.ufo\/glyphs\/C_cedilla.glif","\/optiromana-estrecha.ufo\/glyphs\/D_.glif":"\/optiromana-estrecha.ufo\/glyphs\/D_.glif","\/optiromana-estrecha.ufo\/glyphs\/E_.glif":"\/optiromana-estrecha.ufo\/glyphs\/E_.glif","\/optiromana-estrecha.ufo\/glyphs\/E_acute.glif":"\/optiromana-estrecha.ufo\/glyphs\/E_acute.glif","\/optiromana-estrecha.ufo\/glyphs\/E_circumflex.glif":"\/optiromana-estrecha.ufo\/glyphs\/E_circumflex.glif","\/optiromana-estrecha.ufo\/glyphs\/E_dieresis.glif":"\/optiromana-estrecha.ufo\/glyphs\/E_dieresis.glif","\/optiromana-estrecha.ufo\/glyphs\/E_grave.glif":"\/optiromana-estrecha.ufo\/glyphs\/E_grave.glif","\/optiromana-estrecha.ufo\/glyphs\/F_.glif":"\/optiromana-estrecha.ufo\/glyphs\/F_.glif","\/optiromana-estrecha.ufo\/glyphs\/G_.glif":"\/optiromana-estrecha.ufo\/glyphs\/G_.glif","\/optiromana-estrecha.ufo\/glyphs\/H_.glif":"\/optiromana-estrecha.ufo\/glyphs\/H_.glif","\/optiromana-estrecha.ufo\/glyphs\/I_.glif":"\/optiromana-estrecha.ufo\/glyphs\/I_.glif","\/optiromana-estrecha.ufo\/glyphs\/I_acute.glif":"\/optiromana-estrecha.ufo\/glyphs\/I_acute.glif","\/optiromana-estrecha.ufo\/glyphs\/I_circumflex.glif":"\/optiromana-estrecha.ufo\/glyphs\/I_circumflex.glif","\/optiromana-estrecha.ufo\/glyphs\/I_dieresis.glif":"\/optiromana-estrecha.ufo\/glyphs\/I_dieresis.glif","\/optiromana-estrecha.ufo\/glyphs\/I_grave.glif":"\/optiromana-estrecha.ufo\/glyphs\/I_grave.glif","\/optiromana-estrecha.ufo\/glyphs\/J_.glif":"\/optiromana-estrecha.ufo\/glyphs\/J_.glif","\/optiromana-estrecha.ufo\/glyphs\/K_.glif":"\/optiromana-estrecha.ufo\/glyphs\/K_.glif","\/optiromana-estrecha.ufo\/glyphs\/L_.glif":"\/optiromana-estrecha.ufo\/glyphs\/L_.glif","\/optiromana-estrecha.ufo\/glyphs\/M_.glif":"\/optiromana-estrecha.ufo\/glyphs\/M_.glif","\/optiromana-estrecha.ufo\/glyphs\/N_.glif":"\/optiromana-estrecha.ufo\/glyphs\/N_.glif","\/optiromana-estrecha.ufo\/glyphs\/N_tilde.glif":"\/optiromana-estrecha.ufo\/glyphs\/N_tilde.glif","\/optiromana-estrecha.ufo\/glyphs\/O_.glif":"\/optiromana-estrecha.ufo\/glyphs\/O_.glif","\/optiromana-estrecha.ufo\/glyphs\/O_E_.glif":"\/optiromana-estrecha.ufo\/glyphs\/O_E_.glif","\/optiromana-estrecha.ufo\/glyphs\/O_acute.glif":"\/optiromana-estrecha.ufo\/glyphs\/O_acute.glif","\/optiromana-estrecha.ufo\/glyphs\/O_circumflex.glif":"\/optiromana-estrecha.ufo\/glyphs\/O_circumflex.glif","\/optiromana-estrecha.ufo\/glyphs\/O_dieresis.glif":"\/optiromana-estrecha.ufo\/glyphs\/O_dieresis.glif","\/optiromana-estrecha.ufo\/glyphs\/O_grave.glif":"\/optiromana-estrecha.ufo\/glyphs\/O_grave.glif","\/optiromana-estrecha.ufo\/glyphs\/O_slash.glif":"\/optiromana-estrecha.ufo\/glyphs\/O_slash.glif","\/optiromana-estrecha.ufo\/glyphs\/O_tilde.glif":"\/optiromana-estrecha.ufo\/glyphs\/O_tilde.glif","\/optiromana-estrecha.ufo\/glyphs\/P_.glif":"\/optiromana-estrecha.ufo\/glyphs\/P_.glif","\/optiromana-estrecha.ufo\/glyphs\/Q_.glif":"\/optiromana-estrecha.ufo\/glyphs\/Q_.glif","\/optiromana-estrecha.ufo\/glyphs\/R_.glif":"\/optiromana-estrecha.ufo\/glyphs\/R_.glif","\/optiromana-estrecha.ufo\/glyphs\/S_.glif":"\/optiromana-estrecha.ufo\/glyphs\/S_.glif","\/optiromana-estrecha.ufo\/glyphs\/T_.glif":"\/optiromana-estrecha.ufo\/glyphs\/T_.glif","\/optiromana-estrecha.ufo\/glyphs\/U_.glif":"\/optiromana-estrecha.ufo\/glyphs\/U_.glif","\/optiromana-estrecha.ufo\/glyphs\/U_acute.glif":"\/optiromana-estrecha.ufo\/glyphs\/U_acute.glif","\/optiromana-estrecha.ufo\/glyphs\/U_circumflex.glif":"\/optiromana-estrecha.ufo\/glyphs\/U_circumflex.glif","\/optiromana-estrecha.ufo\/glyphs\/U_dieresis.glif":"\/optiromana-estrecha.ufo\/glyphs\/U_dieresis.glif","\/optiromana-estrecha.ufo\/glyphs\/U_grave.glif":"\/optiromana-estrecha.ufo\/glyphs\/U_grave.glif","\/optiromana-estrecha.ufo\/glyphs\/V_.glif":"\/optiromana-estrecha.ufo\/glyphs\/V_.glif","\/optiromana-estrecha.ufo\/glyphs\/W_.glif":"\/optiromana-estrecha.ufo\/glyphs\/W_.glif","\/optiromana-estrecha.ufo\/glyphs\/X_.glif":"\/optiromana-estrecha.ufo\/glyphs\/X_.glif","\/optiromana-estrecha.ufo\/glyphs\/Y_.glif":"\/optiromana-estrecha.ufo\/glyphs\/Y_.glif","\/optiromana-estrecha.ufo\/glyphs\/Y_dieresis.glif":"\/optiromana-estrecha.ufo\/glyphs\/Y_dieresis.glif","\/optiromana-estrecha.ufo\/glyphs\/Z_.glif":"\/optiromana-estrecha.ufo\/glyphs\/Z_.glif","\/optiromana-estrecha.ufo\/glyphs\/a.glif":"\/optiromana-estrecha.ufo\/glyphs\/a.glif","\/optiromana-estrecha.ufo\/glyphs\/aacute.glif":"\/optiromana-estrecha.ufo\/glyphs\/aacute.glif","\/optiromana-estrecha.ufo\/glyphs\/acircumflex.glif":"\/optiromana-estrecha.ufo\/glyphs\/acircumflex.glif","\/optiromana-estrecha.ufo\/glyphs\/acute.glif":"\/optiromana-estrecha.ufo\/glyphs\/acute.glif","\/optiromana-estrecha.ufo\/glyphs\/adieresis.glif":"\/optiromana-estrecha.ufo\/glyphs\/adieresis.glif","\/optiromana-estrecha.ufo\/glyphs\/ae.glif":"\/optiromana-estrecha.ufo\/glyphs\/ae.glif","\/optiromana-estrecha.ufo\/glyphs\/agrave.glif":"\/optiromana-estrecha.ufo\/glyphs\/agrave.glif","\/optiromana-estrecha.ufo\/glyphs\/ampersand.glif":"\/optiromana-estrecha.ufo\/glyphs\/ampersand.glif","\/optiromana-estrecha.ufo\/glyphs\/aring.glif":"\/optiromana-estrecha.ufo\/glyphs\/aring.glif","\/optiromana-estrecha.ufo\/glyphs\/asciicircum.glif":"\/optiromana-estrecha.ufo\/glyphs\/asciicircum.glif","\/optiromana-estrecha.ufo\/glyphs\/asciitilde.glif":"\/optiromana-estrecha.ufo\/glyphs\/asciitilde.glif","\/optiromana-estrecha.ufo\/glyphs\/asterisk.glif":"\/optiromana-estrecha.ufo\/glyphs\/asterisk.glif","\/optiromana-estrecha.ufo\/glyphs\/at.glif":"\/optiromana-estrecha.ufo\/glyphs\/at.glif","\/optiromana-estrecha.ufo\/glyphs\/atilde.glif":"\/optiromana-estrecha.ufo\/glyphs\/atilde.glif","\/optiromana-estrecha.ufo\/glyphs\/b.glif":"\/optiromana-estrecha.ufo\/glyphs\/b.glif","\/optiromana-estrecha.ufo\/glyphs\/backslash.glif":"\/optiromana-estrecha.ufo\/glyphs\/backslash.glif","\/optiromana-estrecha.ufo\/glyphs\/bar.glif":"\/optiromana-estrecha.ufo\/glyphs\/bar.glif","\/optiromana-estrecha.ufo\/glyphs\/braceleft.glif":"\/optiromana-estrecha.ufo\/glyphs\/braceleft.glif","\/optiromana-estrecha.ufo\/glyphs\/braceright.glif":"\/optiromana-estrecha.ufo\/glyphs\/braceright.glif","\/optiromana-estrecha.ufo\/glyphs\/bracketleft.glif":"\/optiromana-estrecha.ufo\/glyphs\/bracketleft.glif","\/optiromana-estrecha.ufo\/glyphs\/bracketright.glif":"\/optiromana-estrecha.ufo\/glyphs\/bracketright.glif","\/optiromana-estrecha.ufo\/glyphs\/bullet.glif":"\/optiromana-estrecha.ufo\/glyphs\/bullet.glif","\/optiromana-estrecha.ufo\/glyphs\/c.glif":"\/optiromana-estrecha.ufo\/glyphs\/c.glif","\/optiromana-estrecha.ufo\/glyphs\/ccedilla.glif":"\/optiromana-estrecha.ufo\/glyphs\/ccedilla.glif","\/optiromana-estrecha.ufo\/glyphs\/cent.glif":"\/optiromana-estrecha.ufo\/glyphs\/cent.glif","\/optiromana-estrecha.ufo\/glyphs\/circumflex.glif":"\/optiromana-estrecha.ufo\/glyphs\/circumflex.glif","\/optiromana-estrecha.ufo\/glyphs\/colon.glif":"\/optiromana-estrecha.ufo\/glyphs\/colon.glif","\/optiromana-estrecha.ufo\/glyphs\/comma.glif":"\/optiromana-estrecha.ufo\/glyphs\/comma.glif","\/optiromana-estrecha.ufo\/glyphs\/contents.plist":"\/optiromana-estrecha.ufo\/glyphs\/contents.plist","\/optiromana-estrecha.ufo\/glyphs\/copyright.glif":"\/optiromana-estrecha.ufo\/glyphs\/copyright.glif","\/optiromana-estrecha.ufo\/glyphs\/d.glif":"\/optiromana-estrecha.ufo\/glyphs\/d.glif","\/optiromana-estrecha.ufo\/glyphs\/dieresis.glif":"\/optiromana-estrecha.ufo\/glyphs\/dieresis.glif","\/optiromana-estrecha.ufo\/glyphs\/dollar.glif":"\/optiromana-estrecha.ufo\/glyphs\/dollar.glif","\/optiromana-estrecha.ufo\/glyphs\/dotlessi.glif":"\/optiromana-estrecha.ufo\/glyphs\/dotlessi.glif","\/optiromana-estrecha.ufo\/glyphs\/e.glif":"\/optiromana-estrecha.ufo\/glyphs\/e.glif","\/optiromana-estrecha.ufo\/glyphs\/eacute.glif":"\/optiromana-estrecha.ufo\/glyphs\/eacute.glif","\/optiromana-estrecha.ufo\/glyphs\/ecircumflex.glif":"\/optiromana-estrecha.ufo\/glyphs\/ecircumflex.glif","\/optiromana-estrecha.ufo\/glyphs\/edieresis.glif":"\/optiromana-estrecha.ufo\/glyphs\/edieresis.glif","\/optiromana-estrecha.ufo\/glyphs\/egrave.glif":"\/optiromana-estrecha.ufo\/glyphs\/egrave.glif","\/optiromana-estrecha.ufo\/glyphs\/eight.glif":"\/optiromana-estrecha.ufo\/glyphs\/eight.glif","\/optiromana-estrecha.ufo\/glyphs\/emdash.glif":"\/optiromana-estrecha.ufo\/glyphs\/emdash.glif","\/optiromana-estrecha.ufo\/glyphs\/endash.glif":"\/optiromana-estrecha.ufo\/glyphs\/endash.glif","\/optiromana-estrecha.ufo\/glyphs\/equal.glif":"\/optiromana-estrecha.ufo\/glyphs\/equal.glif","\/optiromana-estrecha.ufo\/glyphs\/exclam.glif":"\/optiromana-estrecha.ufo\/glyphs\/exclam.glif","\/optiromana-estrecha.ufo\/glyphs\/exclamdown.glif":"\/optiromana-estrecha.ufo\/glyphs\/exclamdown.glif","\/optiromana-estrecha.ufo\/glyphs\/f.glif":"\/optiromana-estrecha.ufo\/glyphs\/f.glif","\/optiromana-estrecha.ufo\/glyphs\/five.glif":"\/optiromana-estrecha.ufo\/glyphs\/five.glif","\/optiromana-estrecha.ufo\/glyphs\/four.glif":"\/optiromana-estrecha.ufo\/glyphs\/four.glif","\/optiromana-estrecha.ufo\/glyphs\/fraction.glif":"\/optiromana-estrecha.ufo\/glyphs\/fraction.glif","\/optiromana-estrecha.ufo\/glyphs\/g.glif":"\/optiromana-estrecha.ufo\/glyphs\/g.glif","\/optiromana-estrecha.ufo\/glyphs\/germandbls.glif":"\/optiromana-estrecha.ufo\/glyphs\/germandbls.glif","\/optiromana-estrecha.ufo\/glyphs\/grave.glif":"\/optiromana-estrecha.ufo\/glyphs\/grave.glif","\/optiromana-estrecha.ufo\/glyphs\/greater.glif":"\/optiromana-estrecha.ufo\/glyphs\/greater.glif","\/optiromana-estrecha.ufo\/glyphs\/h.glif":"\/optiromana-estrecha.ufo\/glyphs\/h.glif","\/optiromana-estrecha.ufo\/glyphs\/hyphen.glif":"\/optiromana-estrecha.ufo\/glyphs\/hyphen.glif","\/optiromana-estrecha.ufo\/glyphs\/i.glif":"\/optiromana-estrecha.ufo\/glyphs\/i.glif","\/optiromana-estrecha.ufo\/glyphs\/iacute.glif":"\/optiromana-estrecha.ufo\/glyphs\/iacute.glif","\/optiromana-estrecha.ufo\/glyphs\/icircumflex.glif":"\/optiromana-estrecha.ufo\/glyphs\/icircumflex.glif","\/optiromana-estrecha.ufo\/glyphs\/idieresis.glif":"\/optiromana-estrecha.ufo\/glyphs\/idieresis.glif","\/optiromana-estrecha.ufo\/glyphs\/igrave.glif":"\/optiromana-estrecha.ufo\/glyphs\/igrave.glif","\/optiromana-estrecha.ufo\/glyphs\/infinity.glif":"\/optiromana-estrecha.ufo\/glyphs\/infinity.glif","\/optiromana-estrecha.ufo\/glyphs\/j.glif":"\/optiromana-estrecha.ufo\/glyphs\/j.glif","\/optiromana-estrecha.ufo\/glyphs\/k.glif":"\/optiromana-estrecha.ufo\/glyphs\/k.glif","\/optiromana-estrecha.ufo\/glyphs\/l.glif":"\/optiromana-estrecha.ufo\/glyphs\/l.glif","\/optiromana-estrecha.ufo\/glyphs\/less.glif":"\/optiromana-estrecha.ufo\/glyphs\/less.glif","\/optiromana-estrecha.ufo\/glyphs\/m.glif":"\/optiromana-estrecha.ufo\/glyphs\/m.glif","\/optiromana-estrecha.ufo\/glyphs\/n.glif":"\/optiromana-estrecha.ufo\/glyphs\/n.glif","\/optiromana-estrecha.ufo\/glyphs\/nine.glif":"\/optiromana-estrecha.ufo\/glyphs\/nine.glif","\/optiromana-estrecha.ufo\/glyphs\/ntilde.glif":"\/optiromana-estrecha.ufo\/glyphs\/ntilde.glif","\/optiromana-estrecha.ufo\/glyphs\/numbersign.glif":"\/optiromana-estrecha.ufo\/glyphs\/numbersign.glif","\/optiromana-estrecha.ufo\/glyphs\/o.glif":"\/optiromana-estrecha.ufo\/glyphs\/o.glif","\/optiromana-estrecha.ufo\/glyphs\/oacute.glif":"\/optiromana-estrecha.ufo\/glyphs\/oacute.glif","\/optiromana-estrecha.ufo\/glyphs\/ocircumflex.glif":"\/optiromana-estrecha.ufo\/glyphs\/ocircumflex.glif","\/optiromana-estrecha.ufo\/glyphs\/odieresis.glif":"\/optiromana-estrecha.ufo\/glyphs\/odieresis.glif","\/optiromana-estrecha.ufo\/glyphs\/oe.glif":"\/optiromana-estrecha.ufo\/glyphs\/oe.glif","\/optiromana-estrecha.ufo\/glyphs\/ograve.glif":"\/optiromana-estrecha.ufo\/glyphs\/ograve.glif","\/optiromana-estrecha.ufo\/glyphs\/one.glif":"\/optiromana-estrecha.ufo\/glyphs\/one.glif","\/optiromana-estrecha.ufo\/glyphs\/oslash.glif":"\/optiromana-estrecha.ufo\/glyphs\/oslash.glif","\/optiromana-estrecha.ufo\/glyphs\/otilde.glif":"\/optiromana-estrecha.ufo\/glyphs\/otilde.glif","\/optiromana-estrecha.ufo\/glyphs\/p.glif":"\/optiromana-estrecha.ufo\/glyphs\/p.glif","\/optiromana-estrecha.ufo\/glyphs\/parenleft.glif":"\/optiromana-estrecha.ufo\/glyphs\/parenleft.glif","\/optiromana-estrecha.ufo\/glyphs\/parenright.glif":"\/optiromana-estrecha.ufo\/glyphs\/parenright.glif","\/optiromana-estrecha.ufo\/glyphs\/percent.glif":"\/optiromana-estrecha.ufo\/glyphs\/percent.glif","\/optiromana-estrecha.ufo\/glyphs\/period.glif":"\/optiromana-estrecha.ufo\/glyphs\/period.glif","\/optiromana-estrecha.ufo\/glyphs\/periodcentered.glif":"\/optiromana-estrecha.ufo\/glyphs\/periodcentered.glif","\/optiromana-estrecha.ufo\/glyphs\/plus.glif":"\/optiromana-estrecha.ufo\/glyphs\/plus.glif","\/optiromana-estrecha.ufo\/glyphs\/q.glif":"\/optiromana-estrecha.ufo\/glyphs\/q.glif","\/optiromana-estrecha.ufo\/glyphs\/question.glif":"\/optiromana-estrecha.ufo\/glyphs\/question.glif","\/optiromana-estrecha.ufo\/glyphs\/quotedbl.glif":"\/optiromana-estrecha.ufo\/glyphs\/quotedbl.glif","\/optiromana-estrecha.ufo\/glyphs\/quotedblleft.glif":"\/optiromana-estrecha.ufo\/glyphs\/quotedblleft.glif","\/optiromana-estrecha.ufo\/glyphs\/quotedblright.glif":"\/optiromana-estrecha.ufo\/glyphs\/quotedblright.glif","\/optiromana-estrecha.ufo\/glyphs\/quoteleft.glif":"\/optiromana-estrecha.ufo\/glyphs\/quoteleft.glif","\/optiromana-estrecha.ufo\/glyphs\/quoteright.glif":"\/optiromana-estrecha.ufo\/glyphs\/quoteright.glif","\/optiromana-estrecha.ufo\/glyphs\/quotesingle.glif":"\/optiromana-estrecha.ufo\/glyphs\/quotesingle.glif","\/optiromana-estrecha.ufo\/glyphs\/r.glif":"\/optiromana-estrecha.ufo\/glyphs\/r.glif","\/optiromana-estrecha.ufo\/glyphs\/radical.glif":"\/optiromana-estrecha.ufo\/glyphs\/radical.glif","\/optiromana-estrecha.ufo\/glyphs\/registered.glif":"\/optiromana-estrecha.ufo\/glyphs\/registered.glif","\/optiromana-estrecha.ufo\/glyphs\/ring.glif":"\/optiromana-estrecha.ufo\/glyphs\/ring.glif","\/optiromana-estrecha.ufo\/glyphs\/s.glif":"\/optiromana-estrecha.ufo\/glyphs\/s.glif","\/optiromana-estrecha.ufo\/glyphs\/section.glif":"\/optiromana-estrecha.ufo\/glyphs\/section.glif","\/optiromana-estrecha.ufo\/glyphs\/semicolon.glif":"\/optiromana-estrecha.ufo\/glyphs\/semicolon.glif","\/optiromana-estrecha.ufo\/glyphs\/seven.glif":"\/optiromana-estrecha.ufo\/glyphs\/seven.glif","\/optiromana-estrecha.ufo\/glyphs\/six.glif":"\/optiromana-estrecha.ufo\/glyphs\/six.glif","\/optiromana-estrecha.ufo\/glyphs\/slash.glif":"\/optiromana-estrecha.ufo\/glyphs\/slash.glif","\/optiromana-estrecha.ufo\/glyphs\/space.glif":"\/optiromana-estrecha.ufo\/glyphs\/space.glif","\/optiromana-estrecha.ufo\/glyphs\/sterling.glif":"\/optiromana-estrecha.ufo\/glyphs\/sterling.glif","\/optiromana-estrecha.ufo\/glyphs\/t.glif":"\/optiromana-estrecha.ufo\/glyphs\/t.glif","\/optiromana-estrecha.ufo\/glyphs\/three.glif":"\/optiromana-estrecha.ufo\/glyphs\/three.glif","\/optiromana-estrecha.ufo\/glyphs\/tilde.glif":"\/optiromana-estrecha.ufo\/glyphs\/tilde.glif","\/optiromana-estrecha.ufo\/glyphs\/trademark.glif":"\/optiromana-estrecha.ufo\/glyphs\/trademark.glif","\/optiromana-estrecha.ufo\/glyphs\/two.glif":"\/optiromana-estrecha.ufo\/glyphs\/two.glif","\/optiromana-estrecha.ufo\/glyphs\/u.glif":"\/optiromana-estrecha.ufo\/glyphs\/u.glif","\/optiromana-estrecha.ufo\/glyphs\/uacute.glif":"\/optiromana-estrecha.ufo\/glyphs\/uacute.glif","\/optiromana-estrecha.ufo\/glyphs\/ucircumflex.glif":"\/optiromana-estrecha.ufo\/glyphs\/ucircumflex.glif","\/optiromana-estrecha.ufo\/glyphs\/udieresis.glif":"\/optiromana-estrecha.ufo\/glyphs\/udieresis.glif","\/optiromana-estrecha.ufo\/glyphs\/ugrave.glif":"\/optiromana-estrecha.ufo\/glyphs\/ugrave.glif","\/optiromana-estrecha.ufo\/glyphs\/underscore.glif":"\/optiromana-estrecha.ufo\/glyphs\/underscore.glif","\/optiromana-estrecha.ufo\/glyphs\/v.glif":"\/optiromana-estrecha.ufo\/glyphs\/v.glif","\/optiromana-estrecha.ufo\/glyphs\/w.glif":"\/optiromana-estrecha.ufo\/glyphs\/w.glif","\/optiromana-estrecha.ufo\/glyphs\/x.glif":"\/optiromana-estrecha.ufo\/glyphs\/x.glif","\/optiromana-estrecha.ufo\/glyphs\/y.glif":"\/optiromana-estrecha.ufo\/glyphs\/y.glif","\/optiromana-estrecha.ufo\/glyphs\/ydieresis.glif":"\/optiromana-estrecha.ufo\/glyphs\/ydieresis.glif","\/optiromana-estrecha.ufo\/glyphs\/z.glif":"\/optiromana-estrecha.ufo\/glyphs\/z.glif","\/optiromana-estrecha.ufo\/glyphs\/zero.glif":"\/optiromana-estrecha.ufo\/glyphs\/zero.glif"},"Font":{"uploaded":1471012770.9771,"licence":"gpl3","company":"Chronolabs Cooperative","title":"OPTIRomana Estrecha","version":3.002,"date":"Fri Aug 12 10:02:37 2016","creator":"root","type":"1","matrix":"0.001 0 0 0.001 0 0","named":"OPTIRomana-Estrecha","painttype":"0","info":"10 dict dup","name":"OPTIRomana-Estrecha","family":"OPTIRomana-Estrecha","weight":"Medium","fstype":"0","italicangle":"0","underlineposition":"","underlinethickness":""},"Licences":{"":false},"Table":{"FFTM":{"entryLength":16,"tag":"FFTM","checksum":1944367562,"offset":29820,"length":28},"GDEF":{"entryLength":16,"tag":"GDEF","checksum":14811142,"offset":29788,"length":32},"OS\/2":{"entryLength":16,"tag":"OS\/2","checksum":1463485031,"offset":344,"length":86},"cmap":{"entryLength":16,"tag":"cmap","checksum":2884211397,"offset":1156,"length":546},"gasp":{"entryLength":16,"tag":"gasp","checksum":4294901763,"offset":29780,"length":8},"glyf":{"entryLength":16,"tag":"glyf","checksum":2080289542,"offset":2068,"length":26568},"head":{"entryLength":16,"tag":"head","checksum":166421331,"offset":220,"length":54},"hhea":{"entryLength":16,"tag":"hhea","checksum":121766684,"offset":276,"length":36},"hmtx":{"entryLength":16,"tag":"hmtx","checksum":444339248,"offset":432,"length":724},"loca":{"entryLength":16,"tag":"loca","checksum":1987612774,"offset":1704,"length":364},"maxp":{"entryLength":16,"tag":"maxp","checksum":16515201,"offset":312,"length":32},"name":{"entryLength":16,"tag":"name","checksum":3941844540,"offset":28636,"length":747},"post":{"entryLength":16,"tag":"post","checksum":575152815,"offset":29384,"length":396}},"UnicodeCharMap":{"32":3,"33":4,"34":5,"35":6,"36":7,"37":8,"38":9,"39":10,"40":11,"41":12,"42":13,"43":14,"44":15,"45":16,"46":17,"47":18,"48":19,"49":20,"50":21,"51":22,"52":23,"53":24,"54":25,"55":26,"56":27,"57":28,"58":29,"59":30,"60":31,"61":32,"62":33,"63":34,"64":35,"65":36,"66":37,"67":38,"68":39,"69":40,"70":41,"71":42,"72":43,"73":44,"74":45,"75":46,"76":47,"77":48,"78":49,"79":50,"80":51,"81":52,"82":53,"83":54,"84":55,"85":56,"86":57,"87":58,"88":59,"89":60,"90":61,"91":62,"92":63,"93":64,"94":65,"95":66,"96":67,"97":68,"98":69,"99":70,"100":71,"101":72,"102":73,"103":74,"104":75,"105":76,"106":77,"107":78,"108":79,"109":80,"110":81,"111":82,"112":83,"113":84,"114":85,"115":86,"116":87,"117":88,"118":89,"119":90,"120":91,"121":92,"122":93,"123":94,"124":95,"125":96,"126":97,"161":98,"162":99,"163":100,"167":101,"168":102,"169":103,"174":104,"180":105,"183":106,"192":107,"193":108,"194":109,"195":110,"196":111,"197":112,"198":113,"199":114,"200":115,"201":116,"202":117,"203":118,"204":119,"205":120,"206":121,"207":122,"209":123,"210":124,"211":125,"212":126,"213":127,"214":128,"216":129,"217":130,"218":131,"219":132,"220":133,"223":134,"224":135,"225":136,"226":137,"227":138,"228":139,"229":140,"230":141,"231":142,"232":143,"233":144,"234":145,"235":146,"236":147,"237":148,"238":149,"239":150,"241":151,"242":152,"243":153,"244":154,"245":155,"246":156,"248":157,"249":158,"250":159,"251":160,"252":161,"255":162,"305":175,"338":174,"339":176,"376":180,"710":170,"730":172,"732":171,"8211":167,"8212":173,"8216":164,"8217":163,"8220":166,"8221":169,"8226":168,"8260":165,"8482":177,"8730":179,"8734":178},"Reserves":{"fontname":"OPTIRomana Estrecha"},"Names":{"OPTIRomana Estrecha":{"name":"OPTIRomana Estrecha","longitude":"0.00000001","latitude":"0.00000001","country":"","region":"","city":""}},"Nodes":{"op":{"type":"typal","node":"op","usage":1,"weight":1},"na":{"type":"typal","node":"na","usage":1,"weight":1},"es":{"type":"typal","node":"es","usage":1,"weight":1},"ha":{"type":"typal","node":"ha","usage":1,"weight":1},"opt":{"type":"typal","node":"opt","usage":1,"weight":1},"ana":{"type":"typal","node":"ana","usage":1,"weight":1},"est":{"type":"typal","node":"est","usage":1,"weight":1},"cha":{"type":"typal","node":"cha","usage":1,"weight":1},"opti":{"type":"keys","node":"opti","usage":1,"weight":1},"mana":{"type":"keys","node":"mana","usage":1,"weight":1},"estr":{"type":"keys","node":"estr","usage":1,"weight":1},"echa":{"type":"keys","node":"echa","usage":1,"weight":1},"optir":{"type":"keys","node":"optir","usage":1,"weight":1},"omana":{"type":"keys","node":"omana","usage":1,"weight":1},"estre":{"type":"keys","node":"estre","usage":1,"weight":1},"recha":{"type":"keys","node":"recha","usage":1,"weight":1},"optiromana":{"type":"fixes","node":"optiromana","usage":1,"weight":1},"estrecha":{"type":"fixes","node":"estrecha","usage":1,"weight":1}},"Contributors":[],"FontIdentity":"wagovau:e4c700114d345209fd8bef03","Bytes":null,"Networking":[],"barcode":"ys1110m9cmaaagm","referee":"aqyc83ug"}