{"CSS":{"Atlantic Inline-Normal":"Atlantic Inline-Normal.css"},"FontType":"TrueType","FontCopyright":null,"FontName":"Atlantic Inline","FontSubfamily":"Regular","FontSubfamilyID":"Atlantic Inline","FontFullName":"Atlantic Inline-Normal","FontVersion":"Version 1.0 ","FontWeight":null,"FontPostscriptName":"AtlanticInline-Normal","Files":{"2a19c6b0ab721eb0c4646ecc29e6b7cc.afm":"2a19c6b0ab721eb0c4646ecc29e6b7cc.afm","2a19c6b0ab721eb0c4646ecc29e6b7cc.bin":"2a19c6b0ab721eb0c4646ecc29e6b7cc.bin","2a19c6b0ab721eb0c4646ecc29e6b7cc.cef":"2a19c6b0ab721eb0c4646ecc29e6b7cc.cef","2a19c6b0ab721eb0c4646ecc29e6b7cc.cff":"2a19c6b0ab721eb0c4646ecc29e6b7cc.cff","2a19c6b0ab721eb0c4646ecc29e6b7cc.dfont":"2a19c6b0ab721eb0c4646ecc29e6b7cc.dfont","2a19c6b0ab721eb0c4646ecc29e6b7cc.eot":"2a19c6b0ab721eb0c4646ecc29e6b7cc.eot","2a19c6b0ab721eb0c4646ecc29e6b7cc.fon":"2a19c6b0ab721eb0c4646ecc29e6b7cc.fon","2a19c6b0ab721eb0c4646ecc29e6b7cc.gai":"2a19c6b0ab721eb0c4646ecc29e6b7cc.gai","2a19c6b0ab721eb0c4646ecc29e6b7cc.gsf":"2a19c6b0ab721eb0c4646ecc29e6b7cc.gsf","2a19c6b0ab721eb0c4646ecc29e6b7cc.hqx":"2a19c6b0ab721eb0c4646ecc29e6b7cc.hqx","2a19c6b0ab721eb0c4646ecc29e6b7cc.ik":"2a19c6b0ab721eb0c4646ecc29e6b7cc.ik","2a19c6b0ab721eb0c4646ecc29e6b7cc.mf":"2a19c6b0ab721eb0c4646ecc29e6b7cc.mf","2a19c6b0ab721eb0c4646ecc29e6b7cc.otf":"2a19c6b0ab721eb0c4646ecc29e6b7cc.otf","2a19c6b0ab721eb0c4646ecc29e6b7cc.pcf":"2a19c6b0ab721eb0c4646ecc29e6b7cc.pcf","2a19c6b0ab721eb0c4646ecc29e6b7cc.pf3":"2a19c6b0ab721eb0c4646ecc29e6b7cc.pf3","2a19c6b0ab721eb0c4646ecc29e6b7cc.pfa":"2a19c6b0ab721eb0c4646ecc29e6b7cc.pfa","2a19c6b0ab721eb0c4646ecc29e6b7cc.pfb":"2a19c6b0ab721eb0c4646ecc29e6b7cc.pfb","2a19c6b0ab721eb0c4646ecc29e6b7cc.pmf":"2a19c6b0ab721eb0c4646ecc29e6b7cc.pmf","2a19c6b0ab721eb0c4646ecc29e6b7cc.pt3":"2a19c6b0ab721eb0c4646ecc29e6b7cc.pt3","2a19c6b0ab721eb0c4646ecc29e6b7cc.sfd":"2a19c6b0ab721eb0c4646ecc29e6b7cc.sfd","2a19c6b0ab721eb0c4646ecc29e6b7cc.svg":"2a19c6b0ab721eb0c4646ecc29e6b7cc.svg","2a19c6b0ab721eb0c4646ecc29e6b7cc.t42":"2a19c6b0ab721eb0c4646ecc29e6b7cc.t42","2a19c6b0ab721eb0c4646ecc29e6b7cc.ttf":"2a19c6b0ab721eb0c4646ecc29e6b7cc.ttf","2a19c6b0ab721eb0c4646ecc29e6b7cc.woff":"2a19c6b0ab721eb0c4646ecc29e6b7cc.woff","font-resource.json":"font-resource.json","monoeger 05_55.css":"monoeger 05_55.css","\/fonts\/Converting\/simon@staff.labs.coop\/2a19c6b0ab721eb0c4646ecc29e6b7cc":{"2a19c6b0ab721eb0c4646ecc29e6b7cc.afm":"2a19c6b0ab721eb0c4646ecc29e6b7cc.afm","2a19c6b0ab721eb0c4646ecc29e6b7cc.bin":"2a19c6b0ab721eb0c4646ecc29e6b7cc.bin","2a19c6b0ab721eb0c4646ecc29e6b7cc.cef":"2a19c6b0ab721eb0c4646ecc29e6b7cc.cef","2a19c6b0ab721eb0c4646ecc29e6b7cc.cff":"2a19c6b0ab721eb0c4646ecc29e6b7cc.cff","2a19c6b0ab721eb0c4646ecc29e6b7cc.dfont":"2a19c6b0ab721eb0c4646ecc29e6b7cc.dfont","2a19c6b0ab721eb0c4646ecc29e6b7cc.eot":"2a19c6b0ab721eb0c4646ecc29e6b7cc.eot","2a19c6b0ab721eb0c4646ecc29e6b7cc.fon":"2a19c6b0ab721eb0c4646ecc29e6b7cc.fon","2a19c6b0ab721eb0c4646ecc29e6b7cc.gai":"2a19c6b0ab721eb0c4646ecc29e6b7cc.gai","2a19c6b0ab721eb0c4646ecc29e6b7cc.gsf":"2a19c6b0ab721eb0c4646ecc29e6b7cc.gsf","2a19c6b0ab721eb0c4646ecc29e6b7cc.hqx":"2a19c6b0ab721eb0c4646ecc29e6b7cc.hqx","2a19c6b0ab721eb0c4646ecc29e6b7cc.ik":"2a19c6b0ab721eb0c4646ecc29e6b7cc.ik","2a19c6b0ab721eb0c4646ecc29e6b7cc.mf":"2a19c6b0ab721eb0c4646ecc29e6b7cc.mf","2a19c6b0ab721eb0c4646ecc29e6b7cc.otf":"2a19c6b0ab721eb0c4646ecc29e6b7cc.otf","2a19c6b0ab721eb0c4646ecc29e6b7cc.pcf":"2a19c6b0ab721eb0c4646ecc29e6b7cc.pcf","2a19c6b0ab721eb0c4646ecc29e6b7cc.pf3":"2a19c6b0ab721eb0c4646ecc29e6b7cc.pf3","2a19c6b0ab721eb0c4646ecc29e6b7cc.pfa":"2a19c6b0ab721eb0c4646ecc29e6b7cc.pfa","2a19c6b0ab721eb0c4646ecc29e6b7cc.pfb":"2a19c6b0ab721eb0c4646ecc29e6b7cc.pfb","2a19c6b0ab721eb0c4646ecc29e6b7cc.pmf":"2a19c6b0ab721eb0c4646ecc29e6b7cc.pmf","2a19c6b0ab721eb0c4646ecc29e6b7cc.pt3":"2a19c6b0ab721eb0c4646ecc29e6b7cc.pt3","2a19c6b0ab721eb0c4646ecc29e6b7cc.sfd":"2a19c6b0ab721eb0c4646ecc29e6b7cc.sfd","2a19c6b0ab721eb0c4646ecc29e6b7cc.svg":"2a19c6b0ab721eb0c4646ecc29e6b7cc.svg","2a19c6b0ab721eb0c4646ecc29e6b7cc.t42":"2a19c6b0ab721eb0c4646ecc29e6b7cc.t42","2a19c6b0ab721eb0c4646ecc29e6b7cc.ttf":"2a19c6b0ab721eb0c4646ecc29e6b7cc.ttf","2a19c6b0ab721eb0c4646ecc29e6b7cc.woff":"2a19c6b0ab721eb0c4646ecc29e6b7cc.woff","font-resource.json":"font-resource.json","monoeger 05_55.css":"monoeger 05_55.css"},"2a19c6b0ab721eb0c4646ecc29e6b7cc.ufo":{"feature.fea":"feature.fea","fontinfo.plist":"fontinfo.plist","groups.plist":"groups.plist","kerning.plist":"kerning.plist","metainfo.plist":"metainfo.plist"},"2a19c6b0ab721eb0c4646ecc29e6b7cc.ufo\/glyphs":{"A_.glif":"A_.glif","A_E_.glif":"A_E_.glif","A_acute.glif":"A_acute.glif","A_circumflex.glif":"A_circumflex.glif","A_dieresis.glif":"A_dieresis.glif","A_grave.glif":"A_grave.glif","A_ring.glif":"A_ring.glif","A_tilde.glif":"A_tilde.glif","B_.glif":"B_.glif","C_.glif":"C_.glif","C_cedilla.glif":"C_cedilla.glif","D_.glif":"D_.glif","D_C_1.glif":"D_C_1.glif","D_C_2.glif":"D_C_2.glif","D_C_3.glif":"D_C_3.glif","D_C_4.glif":"D_C_4.glif","D_E_L_.glif":"D_E_L_.glif","D_L_E_.glif":"D_L_E_.glif","D_elta.glif":"D_elta.glif","E_.glif":"E_.glif","E_acute.glif":"E_acute.glif","E_circumflex.glif":"E_circumflex.glif","E_dieresis.glif":"E_dieresis.glif","E_grave.glif":"E_grave.glif","E_th.glif":"E_th.glif","F_.glif":"F_.glif","G_.glif":"G_.glif","H_.glif":"H_.glif","H_T_.glif":"H_T_.glif","I_.glif":"I_.glif","I_acute.glif":"I_acute.glif","I_circumflex.glif":"I_circumflex.glif","I_dieresis.glif":"I_dieresis.glif","I_grave.glif":"I_grave.glif","J_.glif":"J_.glif","K_.glif":"K_.glif","L_.glif":"L_.glif","L_F_.glif":"L_F_.glif","L_slash.glif":"L_slash.glif","M_.glif":"M_.glif","N_.glif":"N_.glif","N_tilde.glif":"N_tilde.glif","O_.glif":"O_.glif","O_E_.glif":"O_E_.glif","O_acute.glif":"O_acute.glif","O_circumflex.glif":"O_circumflex.glif","O_dieresis.glif":"O_dieresis.glif","O_grave.glif":"O_grave.glif","O_mega.glif":"O_mega.glif","O_slash.glif":"O_slash.glif","O_tilde.glif":"O_tilde.glif","P_.glif":"P_.glif","Q_.glif":"Q_.glif","R_.glif":"R_.glif","R_S_.glif":"R_S_.glif","S_.glif":"S_.glif","S_caron.glif":"S_caron.glif","T_.glif":"T_.glif","T_horn.glif":"T_horn.glif","U_.glif":"U_.glif","U_S_.glif":"U_S_.glif","U_acute.glif":"U_acute.glif","U_circumflex.glif":"U_circumflex.glif","U_dieresis.glif":"U_dieresis.glif","U_grave.glif":"U_grave.glif","V_.glif":"V_.glif","W_.glif":"W_.glif","X_.glif":"X_.glif","Y_.glif":"Y_.glif","Y_acute.glif":"Y_acute.glif","Y_dieresis.glif":"Y_dieresis.glif","Z_.glif":"Z_.glif","Z_caron.glif":"Z_caron.glif","_notdef.glif":"_notdef.glif","_null.glif":"_null.glif","a.glif":"a.glif","aacute.glif":"aacute.glif","acircumflex.glif":"acircumflex.glif","acute.glif":"acute.glif","adieresis.glif":"adieresis.glif","ae.glif":"ae.glif","agrave.glif":"agrave.glif","ampersand.glif":"ampersand.glif","apple.glif":"apple.glif","approxequal.glif":"approxequal.glif","aring.glif":"aring.glif","asciicircum.glif":"asciicircum.glif","asciitilde.glif":"asciitilde.glif","asterisk.glif":"asterisk.glif","at.glif":"at.glif","atilde.glif":"atilde.glif","b.glif":"b.glif","backslash.glif":"backslash.glif","bar.glif":"bar.glif","braceleft.glif":"braceleft.glif","braceright.glif":"braceright.glif","bracketleft.glif":"bracketleft.glif","bracketright.glif":"bracketright.glif","breve.glif":"breve.glif","brokenbar.glif":"brokenbar.glif","bullet.glif":"bullet.glif","c.glif":"c.glif","caron.glif":"caron.glif","ccedilla.glif":"ccedilla.glif","cedilla.glif":"cedilla.glif","cent.glif":"cent.glif","circumflex.glif":"circumflex.glif","colon.glif":"colon.glif","comma.glif":"comma.glif","contents.plist":"contents.plist","copyright.glif":"copyright.glif","currency.glif":"currency.glif","d.glif":"d.glif","dagger.glif":"dagger.glif","daggerdbl.glif":"daggerdbl.glif","degree.glif":"degree.glif","dieresis.glif":"dieresis.glif","divide.glif":"divide.glif","dollar.glif":"dollar.glif","dotaccent.glif":"dotaccent.glif","dotlessi.glif":"dotlessi.glif","e.glif":"e.glif","eacute.glif":"eacute.glif","ecircumflex.glif":"ecircumflex.glif","edieresis.glif":"edieresis.glif","egrave.glif":"egrave.glif","eight.glif":"eight.glif","ellipsis.glif":"ellipsis.glif","emdash.glif":"emdash.glif","endash.glif":"endash.glif","equal.glif":"equal.glif","eth.glif":"eth.glif","exclam.glif":"exclam.glif","exclamdown.glif":"exclamdown.glif","f.glif":"f.glif","fi.glif":"fi.glif","five.glif":"five.glif","fl.glif":"fl.glif","florin.glif":"florin.glif","four.glif":"four.glif","fraction.glif":"fraction.glif","g.glif":"g.glif","germandbls.glif":"germandbls.glif","glyph1.glif":"glyph1.glif","glyph2.glif":"glyph2.glif","grave.glif":"grave.glif","greater.glif":"greater.glif","greaterequal.glif":"greaterequal.glif","guillemotleft.glif":"guillemotleft.glif","guillemotright.glif":"guillemotright.glif","guilsinglleft.glif":"guilsinglleft.glif","guilsinglright.glif":"guilsinglright.glif","h.glif":"h.glif","hungarumlaut.glif":"hungarumlaut.glif","hyphen.glif":"hyphen.glif","i.glif":"i.glif","iacute.glif":"iacute.glif","icircumflex.glif":"icircumflex.glif","idieresis.glif":"idieresis.glif","igrave.glif":"igrave.glif","infinity.glif":"infinity.glif","integral.glif":"integral.glif","j.glif":"j.glif","k.glif":"k.glif","l.glif":"l.glif","less.glif":"less.glif","lessequal.glif":"lessequal.glif","logicalnot.glif":"logicalnot.glif","lozenge.glif":"lozenge.glif","lslash.glif":"lslash.glif","m.glif":"m.glif","macron.glif":"macron.glif","minus.glif":"minus.glif","mu.glif":"mu.glif","multiply.glif":"multiply.glif","n.glif":"n.glif","nine.glif":"nine.glif","nonbreakingspace.glif":"nonbreakingspace.glif","nonmarkingreturn.glif":"nonmarkingreturn.glif","notequal.glif":"notequal.glif","ntilde.glif":"ntilde.glif","numbersign.glif":"numbersign.glif","o.glif":"o.glif","oacute.glif":"oacute.glif","ocircumflex.glif":"ocircumflex.glif","odieresis.glif":"odieresis.glif","oe.glif":"oe.glif","ogonek.glif":"ogonek.glif","ograve.glif":"ograve.glif","one.glif":"one.glif","onehalf.glif":"onehalf.glif","onequarter.glif":"onequarter.glif","onesuperior.glif":"onesuperior.glif","ordfeminine.glif":"ordfeminine.glif","ordmasculine.glif":"ordmasculine.glif","oslash.glif":"oslash.glif","otilde.glif":"otilde.glif","p.glif":"p.glif","paragraph.glif":"paragraph.glif","parenleft.glif":"parenleft.glif","parenright.glif":"parenright.glif","partialdiff.glif":"partialdiff.glif","percent.glif":"percent.glif","period.glif":"period.glif","periodcentered.glif":"periodcentered.glif","perthousand.glif":"perthousand.glif","pi.glif":"pi.glif","plus.glif":"plus.glif","plusminus.glif":"plusminus.glif","product.glif":"product.glif","q.glif":"q.glif","question.glif":"question.glif","questiondown.glif":"questiondown.glif","quotedbl.glif":"quotedbl.glif","quotedblbase.glif":"quotedblbase.glif","quotedblleft.glif":"quotedblleft.glif","quotedblright.glif":"quotedblright.glif","quoteleft.glif":"quoteleft.glif","quoteright.glif":"quoteright.glif","quotesinglbase.glif":"quotesinglbase.glif","quotesingle.glif":"quotesingle.glif","r.glif":"r.glif","radical.glif":"radical.glif","registered.glif":"registered.glif","ring.glif":"ring.glif","s.glif":"s.glif","scaron.glif":"scaron.glif","section.glif":"section.glif","semicolon.glif":"semicolon.glif","seven.glif":"seven.glif","six.glif":"six.glif","slash.glif":"slash.glif","space.glif":"space.glif","sterling.glif":"sterling.glif","summation.glif":"summation.glif","t.glif":"t.glif","thorn.glif":"thorn.glif","three.glif":"three.glif","threequarters.glif":"threequarters.glif","threesuperior.glif":"threesuperior.glif","tilde.glif":"tilde.glif","trademark.glif":"trademark.glif","two.glif":"two.glif","twosuperior.glif":"twosuperior.glif","u.glif":"u.glif","uacute.glif":"uacute.glif","ucircumflex.glif":"ucircumflex.glif","udieresis.glif":"udieresis.glif","ugrave.glif":"ugrave.glif","underscore.glif":"underscore.glif","v.glif":"v.glif","w.glif":"w.glif","x.glif":"x.glif","y.glif":"y.glif","yacute.glif":"yacute.glif","ydieresis.glif":"ydieresis.glif","yen.glif":"yen.glif","z.glif":"z.glif","zcaron.glif":"zcaron.glif","zero.glif":"zero.glif"}},"Table":{"FFTM":{"entryLength":16,"tag":"FFTM","checksum":399118824,"offset":67576,"length":28},"GDEF":{"entryLength":16,"tag":"GDEF","checksum":19136516,"offset":65168,"length":32},"GPOS":{"entryLength":16,"tag":"GPOS","checksum":1974094785,"offset":65232,"length":2342},"GSUB":{"entryLength":16,"tag":"GSUB","checksum":1821471887,"offset":65200,"length":32},"OS\/2":{"entryLength":16,"tag":"OS\/2","checksum":1080469554,"offset":408,"length":96},"cmap":{"entryLength":16,"tag":"cmap","checksum":9003638,"offset":1472,"length":814},"cvt ":{"entryLength":16,"tag":"cvt ","checksum":649865405,"offset":2696,"length":168},"fpgm":{"entryLength":16,"tag":"fpgm","checksum":2816040595,"offset":2288,"length":100},"glyf":{"entryLength":16,"tag":"glyf","checksum":214083188,"offset":3360,"length":60836},"head":{"entryLength":16,"tag":"head","checksum":157627350,"offset":284,"length":54},"hhea":{"entryLength":16,"tag":"hhea","checksum":147588358,"offset":340,"length":36},"hmtx":{"entryLength":16,"tag":"hmtx","checksum":1254827693,"offset":504,"length":968},"loca":{"entryLength":16,"tag":"loca","checksum":1634704562,"offset":2864,"length":496},"maxp":{"entryLength":16,"tag":"maxp","checksum":26018207,"offset":376,"length":32},"name":{"entryLength":16,"tag":"name","checksum":3153555949,"offset":64196,"length":444},"post":{"entryLength":16,"tag":"post","checksum":990854175,"offset":64640,"length":528},"prep":{"entryLength":16,"tag":"prep","checksum":2793432269,"offset":2388,"length":305}},"UnicodeCharMap":{"32":3,"33":4,"34":5,"35":6,"36":7,"37":8,"38":9,"39":10,"40":11,"41":12,"42":13,"43":14,"44":15,"45":16,"46":17,"47":18,"48":19,"49":20,"50":21,"51":22,"52":23,"53":24,"54":25,"55":26,"56":27,"57":28,"58":29,"59":30,"60":31,"61":32,"62":33,"63":34,"64":35,"65":36,"66":37,"67":38,"68":39,"69":40,"70":41,"71":42,"72":43,"73":44,"74":45,"75":46,"76":47,"77":48,"78":49,"79":50,"80":51,"81":52,"82":53,"83":54,"84":55,"85":56,"86":57,"87":58,"88":59,"89":60,"90":61,"91":62,"92":63,"93":64,"94":65,"95":66,"96":67,"97":68,"98":69,"99":70,"100":71,"101":72,"102":73,"103":74,"104":75,"105":76,"106":77,"107":78,"108":79,"109":80,"110":81,"111":82,"112":83,"113":84,"114":85,"115":86,"116":87,"117":88,"118":89,"119":90,"120":91,"121":92,"122":93,"123":94,"124":95,"125":96,"126":97,"160":98,"161":99,"162":100,"163":101,"164":102,"165":103,"166":104,"167":105,"168":106,"169":107,"170":108,"171":109,"172":110,"173":16,"174":111,"175":112,"176":113,"177":114,"178":115,"179":116,"180":117,"181":118,"182":119,"183":120,"184":121,"185":122,"186":123,"187":124,"188":125,"189":126,"190":127,"191":128,"192":129,"193":130,"194":131,"195":132,"196":133,"197":134,"198":135,"199":136,"200":137,"201":138,"202":139,"203":140,"204":141,"205":142,"206":143,"207":144,"208":145,"209":146,"210":147,"211":148,"212":149,"213":150,"214":151,"215":152,"216":153,"217":154,"218":155,"219":156,"220":157,"221":158,"222":159,"223":160,"224":161,"225":162,"226":163,"227":164,"228":165,"229":166,"230":167,"231":168,"232":169,"233":170,"234":171,"235":172,"236":173,"237":174,"238":175,"239":176,"240":177,"241":178,"242":179,"243":180,"244":181,"245":182,"246":183,"247":184,"248":185,"249":186,"250":187,"251":188,"252":189,"253":190,"254":191,"255":192,"305":193,"321":194,"322":195,"338":196,"339":197,"352":198,"353":199,"376":200,"381":201,"383":202,"402":203,"698":204,"710":205,"711":206,"713":112,"728":207,"729":208,"730":209,"731":210,"732":211,"931":212,"937":213,"960":214,"8211":215,"8212":216,"8216":217,"8217":218,"8218":219,"8220":220,"8221":221,"8222":222,"8224":223,"8225":224,"8226":225,"8230":226,"8240":227,"8249":228,"8250":229,"8482":230,"8706":231,"8710":232,"8719":233,"8722":234,"8725":235,"8729":120,"8730":236,"8734":237,"8747":238,"8776":239,"8800":240,"8804":241,"8805":242,"9674":243,"61440":244,"61441":245,"61442":246},"Reserves":{"fontname":"Atlantic Inline-Normal"},"Names":{"Atlantic Inline-Normal":{"name":"Atlantic Inline-Normal","longitude":null,"latitude":null,"country":"","region":"","city":""}},"Nodes":{"at":{"type":"typal","node":"at","usage":1,"weight":1},"ic":{"type":"typal","node":"ic","usage":1,"weight":1},"in":{"type":"typal","node":"in","usage":1,"weight":1},"ne":{"type":"typal","node":"ne","usage":1,"weight":1},"no":{"type":"typal","node":"no","usage":1,"weight":1},"al":{"type":"typal","node":"al","usage":1,"weight":1},"atl":{"type":"typal","node":"atl","usage":1,"weight":1},"tic":{"type":"typal","node":"tic","usage":1,"weight":1},"inl":{"type":"typal","node":"inl","usage":1,"weight":1},"ine":{"type":"typal","node":"ine","usage":1,"weight":1},"nor":{"type":"typal","node":"nor","usage":1,"weight":1},"mal":{"type":"typal","node":"mal","usage":1,"weight":1},"atla":{"type":"keys","node":"atla","usage":1,"weight":1},"ntic":{"type":"keys","node":"ntic","usage":1,"weight":1},"inli":{"type":"keys","node":"inli","usage":1,"weight":1},"line":{"type":"keys","node":"line","usage":1,"weight":1},"norm":{"type":"keys","node":"norm","usage":1,"weight":1},"rmal":{"type":"keys","node":"rmal","usage":1,"weight":1},"atlan":{"type":"keys","node":"atlan","usage":1,"weight":1},"antic":{"type":"keys","node":"antic","usage":1,"weight":1},"inlin":{"type":"keys","node":"inlin","usage":1,"weight":1},"nline":{"type":"keys","node":"nline","usage":1,"weight":1},"norma":{"type":"keys","node":"norma","usage":1,"weight":1},"ormal":{"type":"keys","node":"ormal","usage":1,"weight":1},"atlantic":{"type":"fixes","node":"atlantic","usage":1,"weight":1},"inline":{"type":"fixes","node":"inline","usage":1,"weight":1},"normal":{"type":"fixes","node":"normal","usage":1,"weight":1}},"Contributors":[],"FontIdentity":"1c47d44911f3ccb8300222d42f42f2cb","Bytes":null,"Networking":[]}