{"CSS":{"Virtual":"Virtual.css"},"FontType":"TrueType","FontCopyright":"Copr.1992 Neville Brody for FUSE 5, FontShop International","FontName":"Virtual","FontSubfamily":"Medium","FontSubfamilyID":"FontForge 2.0 : Virtual : 14-8-2016","FontFullName":"Virtual","FontVersion":"Version 001.000 ","FontWeight":null,"FontPostscriptName":"Virtual","Files":{"virtual.afm":"virtual.afm","virtual.bin":"virtual.bin","virtual.cef":"virtual.cef","virtual.cff":"virtual.cff","virtual.cid":"virtual.cid","virtual.dfont":"virtual.dfont","virtual.eot":"virtual.eot","virtual.fon":"virtual.fon","virtual.gai":"virtual.gai","virtual.gsf":"virtual.gsf","virtual.hqx":"virtual.hqx","virtual.ik":"virtual.ik","virtual.mf":"virtual.mf","virtual.otf":"virtual.otf","virtual.pcf":"virtual.pcf","virtual.pf3":"virtual.pf3","virtual.pfa":"virtual.pfa","virtual.pfb":"virtual.pfb","virtual.php":"virtual.php","virtual.pmf":"virtual.pmf","virtual.pt3":"virtual.pt3","virtual.sfd":"virtual.sfd","virtual.svg":"virtual.svg","virtual.t42":"virtual.t42","virtual.ttd":"virtual.ttd","virtual.ttf":"virtual.ttf","virtual.ttg":"virtual.ttg","virtual.ufm":"virtual.ufm","virtual.woff":"virtual.woff","virtual.z":"virtual.z","":{"virtual.afm":"virtual.afm","virtual.bin":"virtual.bin","virtual.cef":"virtual.cef","virtual.cff":"virtual.cff","virtual.cid":"virtual.cid","virtual.dfont":"virtual.dfont","virtual.eot":"virtual.eot","virtual.fon":"virtual.fon","virtual.gai":"virtual.gai","virtual.gsf":"virtual.gsf","virtual.hqx":"virtual.hqx","virtual.ik":"virtual.ik","virtual.mf":"virtual.mf","virtual.otf":"virtual.otf","virtual.pcf":"virtual.pcf","virtual.pf3":"virtual.pf3","virtual.pfa":"virtual.pfa","virtual.pfb":"virtual.pfb","virtual.php":"virtual.php","virtual.pmf":"virtual.pmf","virtual.pt3":"virtual.pt3","virtual.sfd":"virtual.sfd","virtual.svg":"virtual.svg","virtual.t42":"virtual.t42","virtual.ttd":"virtual.ttd","virtual.ttf":"virtual.ttf","virtual.ttg":"virtual.ttg","virtual.ufm":"virtual.ufm","virtual.woff":"virtual.woff","virtual.z":"virtual.z"},"\/virtual.ufo":{"feature.fea":"feature.fea","fontinfo.plist":"fontinfo.plist","groups.plist":"groups.plist","kerning.plist":"kerning.plist","metainfo.plist":"metainfo.plist"},"\/virtual.ufo\/glyphs":{"A_.glif":"A_.glif","B_.glif":"B_.glif","C_.glif":"C_.glif","D_.glif":"D_.glif","D_elta.glif":"D_elta.glif","E_.glif":"E_.glif","F_.glif":"F_.glif","G_.glif":"G_.glif","H_.glif":"H_.glif","I_.glif":"I_.glif","I_acute.glif":"I_acute.glif","J_.glif":"J_.glif","K_.glif":"K_.glif","L_.glif":"L_.glif","M_.glif":"M_.glif","N_.glif":"N_.glif","O_.glif":"O_.glif","O_E_.glif":"O_E_.glif","O_circumflex.glif":"O_circumflex.glif","P_.glif":"P_.glif","Q_.glif":"Q_.glif","R_.glif":"R_.glif","S_.glif":"S_.glif","T_.glif":"T_.glif","U_.glif":"U_.glif","V_.glif":"V_.glif","W_.glif":"W_.glif","X_.glif":"X_.glif","Y_.glif":"Y_.glif","Z_.glif":"Z_.glif","a.glif":"a.glif","ampersand.glif":"ampersand.glif","asciicircum.glif":"asciicircum.glif","asterisk.glif":"asterisk.glif","at.glif":"at.glif","b.glif":"b.glif","bracketleft.glif":"bracketleft.glif","bracketright.glif":"bracketright.glif","c.glif":"c.glif","colon.glif":"colon.glif","comma.glif":"comma.glif","contents.plist":"contents.plist","d.glif":"d.glif","dollar.glif":"dollar.glif","e.glif":"e.glif","eight.glif":"eight.glif","equal.glif":"equal.glif","exclam.glif":"exclam.glif","f.glif":"f.glif","five.glif":"five.glif","four.glif":"four.glif","g.glif":"g.glif","germandbls.glif":"germandbls.glif","greater.glif":"greater.glif","h.glif":"h.glif","i.glif":"i.glif","j.glif":"j.glif","k.glif":"k.glif","l.glif":"l.glif","less.glif":"less.glif","m.glif":"m.glif","n.glif":"n.glif","nbspace.glif":"nbspace.glif","nine.glif":"nine.glif","numbersign.glif":"numbersign.glif","o.glif":"o.glif","oe.glif":"oe.glif","one.glif":"one.glif","p.glif":"p.glif","parenleft.glif":"parenleft.glif","parenright.glif":"parenright.glif","percent.glif":"percent.glif","period.glif":"period.glif","plus.glif":"plus.glif","q.glif":"q.glif","question.glif":"question.glif","quotedbl.glif":"quotedbl.glif","quotesingle.glif":"quotesingle.glif","r.glif":"r.glif","s.glif":"s.glif","semicolon.glif":"semicolon.glif","seven.glif":"seven.glif","six.glif":"six.glif","slash.glif":"slash.glif","space.glif":"space.glif","t.glif":"t.glif","three.glif":"three.glif","two.glif":"two.glif","u.glif":"u.glif","v.glif":"v.glif","w.glif":"w.glif","x.glif":"x.glif","y.glif":"y.glif","z.glif":"z.glif","zero.glif":"zero.glif"}},"Font":{"uploaded":1471150185.9805,"licence":"gpl3","company":"Chronolabs Cooperative","title":"Virtual","version":2.001,"date":"Fri Aug 12 10:18:46 2016","creator":"root","type":"1","matrix":"0.001 0 0 0.001 0 0","named":"Virtual","painttype":"0","info":"8 dict dup","name":"Virtual","family":"Virtual","weight":"Medium","fstype":"0","italicangle":"0"},"Table":{"FFTM":{"entryLength":16,"tag":"FFTM","checksum":1944369500,"offset":11952,"length":28},"GDEF":{"entryLength":16,"tag":"GDEF","checksum":9306118,"offset":11920,"length":32},"OS\/2":{"entryLength":16,"tag":"OS\/2","checksum":1458857021,"offset":344,"length":86},"cmap":{"entryLength":16,"tag":"cmap","checksum":1592893073,"offset":636,"length":394},"gasp":{"entryLength":16,"tag":"gasp","checksum":4294901763,"offset":11912,"length":8},"glyf":{"entryLength":16,"tag":"glyf","checksum":2628094026,"offset":1228,"length":9844},"head":{"entryLength":16,"tag":"head","checksum":153261383,"offset":220,"length":54},"hhea":{"entryLength":16,"tag":"hhea","checksum":97780171,"offset":276,"length":36},"hmtx":{"entryLength":16,"tag":"hmtx","checksum":254806668,"offset":432,"length":202},"loca":{"entryLength":16,"tag":"loca","checksum":2874783018,"offset":1032,"length":196},"maxp":{"entryLength":16,"tag":"maxp","checksum":11403371,"offset":312,"length":32},"name":{"entryLength":16,"tag":"name","checksum":3723926858,"offset":11072,"length":603},"post":{"entryLength":16,"tag":"post","checksum":2188300557,"offset":11676,"length":236}},"UnicodeCharMap":{"32":3,"33":4,"34":5,"35":6,"36":7,"37":8,"38":9,"39":10,"40":11,"41":12,"42":13,"43":14,"44":15,"46":16,"47":17,"48":18,"49":19,"50":20,"51":21,"52":22,"53":23,"54":24,"55":25,"56":26,"57":27,"58":28,"59":29,"60":30,"61":31,"62":32,"63":33,"64":34,"65":35,"66":36,"67":37,"68":38,"69":39,"70":40,"71":41,"72":42,"73":43,"74":44,"75":45,"76":46,"77":47,"78":48,"79":49,"80":50,"81":51,"82":52,"83":53,"84":54,"85":55,"86":56,"87":57,"88":58,"89":59,"90":60,"91":61,"93":62,"94":63,"97":64,"98":65,"99":66,"100":67,"101":68,"102":69,"103":70,"104":71,"105":72,"106":73,"107":74,"108":75,"109":76,"110":77,"111":78,"112":79,"113":80,"114":81,"115":82,"116":83,"117":84,"118":85,"119":86,"120":87,"121":88,"122":89,"160":90,"205":91,"212":92,"223":93,"338":94,"339":95,"916":96},"Reserves":null,"Names":[],"Nodes":{"vi":{"type":"typal","node":"vi","usage":1,"weight":1},"al":{"type":"typal","node":"al","usage":1,"weight":1},"vir":{"type":"typal","node":"vir","usage":1,"weight":1},"ual":{"type":"typal","node":"ual","usage":1,"weight":1},"virt":{"type":"keys","node":"virt","usage":1,"weight":1},"tual":{"type":"keys","node":"tual","usage":1,"weight":1},"virtu":{"type":"keys","node":"virtu","usage":1,"weight":1},"rtual":{"type":"keys","node":"rtual","usage":1,"weight":1},"virtual":{"type":"fixes","node":"virtual","usage":1,"weight":1}},"Contributors":[],"FontIdentity":"3252c3e97cdd5098cf21c75af8edadd7","Bytes":988407,"Networking":[],"barcode":"agwYMoAkossow","referee":"yoiaqewm"}