{"CSS":{"EuroSerifEF-One":"EuroSerifEF-One.css","Euro Serif EF One":"wagovau:0b37796139791224e9bd1b32.css"},"FontType":"TrueType","FontCopyright":"Copyright \\(c\\) 1998 Elsner+Flake. All Rights Reserved.","FontName":"EuroSerifEF","FontSubfamily":"One","FontSubfamilyID":"FontForge 2.0 : EuroSerifEF-One : 12-8-2016","FontFullName":"Euro Serif EF One","FontVersion":"Version 001.000 ","FontWeight":null,"FontPostscriptName":"EuroSerifEF-One","Files":{"\/EuroSerifEF-One.css":"\/EuroSerifEF-One.css","\/euroserifef-one.afm":"\/euroserifef-one.afm","\/euroserifef-one.cef":"\/euroserifef-one.cef","\/euroserifef-one.cff":"\/euroserifef-one.cff","\/euroserifef-one.eot":"\/euroserifef-one.eot","\/euroserifef-one.gai":"\/euroserifef-one.gai","\/euroserifef-one.gsf":"\/euroserifef-one.gsf","\/euroserifef-one.otf":"\/euroserifef-one.otf","\/euroserifef-one.pf3":"\/euroserifef-one.pf3","\/euroserifef-one.pfa":"\/euroserifef-one.pfa","\/euroserifef-one.pfb":"\/euroserifef-one.pfb","\/euroserifef-one.php":"\/euroserifef-one.php","\/euroserifef-one.pt3":"\/euroserifef-one.pt3","\/euroserifef-one.sfd":"\/euroserifef-one.sfd","\/euroserifef-one.svg":"\/euroserifef-one.svg","\/euroserifef-one.t42":"\/euroserifef-one.t42","\/euroserifef-one.ttd":"\/euroserifef-one.ttd","\/euroserifef-one.ttf":"\/euroserifef-one.ttf","\/euroserifef-one.ttg":"\/euroserifef-one.ttg","\/euroserifef-one.ufm":"\/euroserifef-one.ufm","\/euroserifef-one.woff":"\/euroserifef-one.woff","\/euroserifef-one.z":"\/euroserifef-one.z","\/font-resource.json":"\/font-resource.json","\/euroserifef-one.ufo\/feature.fea":"\/euroserifef-one.ufo\/feature.fea","\/euroserifef-one.ufo\/fontinfo.plist":"\/euroserifef-one.ufo\/fontinfo.plist","\/euroserifef-one.ufo\/groups.plist":"\/euroserifef-one.ufo\/groups.plist","\/euroserifef-one.ufo\/kerning.plist":"\/euroserifef-one.ufo\/kerning.plist","\/euroserifef-one.ufo\/metainfo.plist":"\/euroserifef-one.ufo\/metainfo.plist","\/euroserifef-one.ufo\/glyphs\/A_.glif":"\/euroserifef-one.ufo\/glyphs\/A_.glif","\/euroserifef-one.ufo\/glyphs\/B_.glif":"\/euroserifef-one.ufo\/glyphs\/B_.glif","\/euroserifef-one.ufo\/glyphs\/C_.glif":"\/euroserifef-one.ufo\/glyphs\/C_.glif","\/euroserifef-one.ufo\/glyphs\/D_.glif":"\/euroserifef-one.ufo\/glyphs\/D_.glif","\/euroserifef-one.ufo\/glyphs\/E_.glif":"\/euroserifef-one.ufo\/glyphs\/E_.glif","\/euroserifef-one.ufo\/glyphs\/F_.glif":"\/euroserifef-one.ufo\/glyphs\/F_.glif","\/euroserifef-one.ufo\/glyphs\/G_.glif":"\/euroserifef-one.ufo\/glyphs\/G_.glif","\/euroserifef-one.ufo\/glyphs\/H_.glif":"\/euroserifef-one.ufo\/glyphs\/H_.glif","\/euroserifef-one.ufo\/glyphs\/I_.glif":"\/euroserifef-one.ufo\/glyphs\/I_.glif","\/euroserifef-one.ufo\/glyphs\/J_.glif":"\/euroserifef-one.ufo\/glyphs\/J_.glif","\/euroserifef-one.ufo\/glyphs\/K_.glif":"\/euroserifef-one.ufo\/glyphs\/K_.glif","\/euroserifef-one.ufo\/glyphs\/L_.glif":"\/euroserifef-one.ufo\/glyphs\/L_.glif","\/euroserifef-one.ufo\/glyphs\/M_.glif":"\/euroserifef-one.ufo\/glyphs\/M_.glif","\/euroserifef-one.ufo\/glyphs\/N_.glif":"\/euroserifef-one.ufo\/glyphs\/N_.glif","\/euroserifef-one.ufo\/glyphs\/O_.glif":"\/euroserifef-one.ufo\/glyphs\/O_.glif","\/euroserifef-one.ufo\/glyphs\/P_.glif":"\/euroserifef-one.ufo\/glyphs\/P_.glif","\/euroserifef-one.ufo\/glyphs\/Q_.glif":"\/euroserifef-one.ufo\/glyphs\/Q_.glif","\/euroserifef-one.ufo\/glyphs\/R_.glif":"\/euroserifef-one.ufo\/glyphs\/R_.glif","\/euroserifef-one.ufo\/glyphs\/S_.glif":"\/euroserifef-one.ufo\/glyphs\/S_.glif","\/euroserifef-one.ufo\/glyphs\/T_.glif":"\/euroserifef-one.ufo\/glyphs\/T_.glif","\/euroserifef-one.ufo\/glyphs\/U_.glif":"\/euroserifef-one.ufo\/glyphs\/U_.glif","\/euroserifef-one.ufo\/glyphs\/V_.glif":"\/euroserifef-one.ufo\/glyphs\/V_.glif","\/euroserifef-one.ufo\/glyphs\/W_.glif":"\/euroserifef-one.ufo\/glyphs\/W_.glif","\/euroserifef-one.ufo\/glyphs\/X_.glif":"\/euroserifef-one.ufo\/glyphs\/X_.glif","\/euroserifef-one.ufo\/glyphs\/Y_.glif":"\/euroserifef-one.ufo\/glyphs\/Y_.glif","\/euroserifef-one.ufo\/glyphs\/Z_.glif":"\/euroserifef-one.ufo\/glyphs\/Z_.glif","\/euroserifef-one.ufo\/glyphs\/a.glif":"\/euroserifef-one.ufo\/glyphs\/a.glif","\/euroserifef-one.ufo\/glyphs\/b.glif":"\/euroserifef-one.ufo\/glyphs\/b.glif","\/euroserifef-one.ufo\/glyphs\/bar.glif":"\/euroserifef-one.ufo\/glyphs\/bar.glif","\/euroserifef-one.ufo\/glyphs\/bullet.glif":"\/euroserifef-one.ufo\/glyphs\/bullet.glif","\/euroserifef-one.ufo\/glyphs\/c.glif":"\/euroserifef-one.ufo\/glyphs\/c.glif","\/euroserifef-one.ufo\/glyphs\/contents.plist":"\/euroserifef-one.ufo\/glyphs\/contents.plist","\/euroserifef-one.ufo\/glyphs\/d.glif":"\/euroserifef-one.ufo\/glyphs\/d.glif","\/euroserifef-one.ufo\/glyphs\/e.glif":"\/euroserifef-one.ufo\/glyphs\/e.glif","\/euroserifef-one.ufo\/glyphs\/f.glif":"\/euroserifef-one.ufo\/glyphs\/f.glif","\/euroserifef-one.ufo\/glyphs\/g.glif":"\/euroserifef-one.ufo\/glyphs\/g.glif","\/euroserifef-one.ufo\/glyphs\/h.glif":"\/euroserifef-one.ufo\/glyphs\/h.glif","\/euroserifef-one.ufo\/glyphs\/i.glif":"\/euroserifef-one.ufo\/glyphs\/i.glif","\/euroserifef-one.ufo\/glyphs\/j.glif":"\/euroserifef-one.ufo\/glyphs\/j.glif","\/euroserifef-one.ufo\/glyphs\/k.glif":"\/euroserifef-one.ufo\/glyphs\/k.glif","\/euroserifef-one.ufo\/glyphs\/l.glif":"\/euroserifef-one.ufo\/glyphs\/l.glif","\/euroserifef-one.ufo\/glyphs\/m.glif":"\/euroserifef-one.ufo\/glyphs\/m.glif","\/euroserifef-one.ufo\/glyphs\/n.glif":"\/euroserifef-one.ufo\/glyphs\/n.glif","\/euroserifef-one.ufo\/glyphs\/nbspace.glif":"\/euroserifef-one.ufo\/glyphs\/nbspace.glif","\/euroserifef-one.ufo\/glyphs\/o.glif":"\/euroserifef-one.ufo\/glyphs\/o.glif","\/euroserifef-one.ufo\/glyphs\/p.glif":"\/euroserifef-one.ufo\/glyphs\/p.glif","\/euroserifef-one.ufo\/glyphs\/q.glif":"\/euroserifef-one.ufo\/glyphs\/q.glif","\/euroserifef-one.ufo\/glyphs\/r.glif":"\/euroserifef-one.ufo\/glyphs\/r.glif","\/euroserifef-one.ufo\/glyphs\/s.glif":"\/euroserifef-one.ufo\/glyphs\/s.glif","\/euroserifef-one.ufo\/glyphs\/space.glif":"\/euroserifef-one.ufo\/glyphs\/space.glif","\/euroserifef-one.ufo\/glyphs\/t.glif":"\/euroserifef-one.ufo\/glyphs\/t.glif","\/euroserifef-one.ufo\/glyphs\/u.glif":"\/euroserifef-one.ufo\/glyphs\/u.glif","\/euroserifef-one.ufo\/glyphs\/v.glif":"\/euroserifef-one.ufo\/glyphs\/v.glif","\/euroserifef-one.ufo\/glyphs\/w.glif":"\/euroserifef-one.ufo\/glyphs\/w.glif","\/euroserifef-one.ufo\/glyphs\/x.glif":"\/euroserifef-one.ufo\/glyphs\/x.glif","\/euroserifef-one.ufo\/glyphs\/y.glif":"\/euroserifef-one.ufo\/glyphs\/y.glif","\/euroserifef-one.ufo\/glyphs\/zero.glif":"\/euroserifef-one.ufo\/glyphs\/zero.glif"},"Font":{"uploaded":1471122338.9771,"licence":"gpl3","company":"Chronolabs Cooperative","title":"Euro Serif EF One","version":3.002,"date":"Fri Aug 12 15:51:51 2016","creator":"root","type":"1","matrix":"0.001 0 0 0.001 0 0","named":"EuroSerifEF-One","painttype":"0","info":"10 dict dup","name":"EuroSerifEF-One","family":"EuroSerifEF","weight":"One","fstype":"0","italicangle":"0","underlineposition":"","underlinethickness":""},"Licences":{"":false},"Table":{"FFTM":{"entryLength":16,"tag":"FFTM","checksum":1944409470,"offset":9976,"length":28},"GDEF":{"entryLength":16,"tag":"GDEF","checksum":6815750,"offset":9944,"length":32},"OS\/2":{"entryLength":16,"tag":"OS\/2","checksum":1447755773,"offset":344,"length":86},"cmap":{"entryLength":16,"tag":"cmap","checksum":3058162283,"offset":668,"length":370},"gasp":{"entryLength":16,"tag":"gasp","checksum":4294901763,"offset":9936,"length":8},"glyf":{"entryLength":16,"tag":"glyf","checksum":3960900962,"offset":1160,"length":7944},"head":{"entryLength":16,"tag":"head","checksum":176469421,"offset":220,"length":54},"hhea":{"entryLength":16,"tag":"hhea","checksum":116785943,"offset":276,"length":36},"hmtx":{"entryLength":16,"tag":"hmtx","checksum":2745762403,"offset":432,"length":236},"loca":{"entryLength":16,"tag":"loca","checksum":3782535494,"offset":1040,"length":120},"maxp":{"entryLength":16,"tag":"maxp","checksum":8257603,"offset":312,"length":32},"name":{"entryLength":16,"tag":"name","checksum":3796279966,"offset":9104,"length":669},"post":{"entryLength":16,"tag":"post","checksum":2128399652,"offset":9776,"length":160}},"UnicodeCharMap":{"32":3,"48":4,"65":5,"66":6,"67":7,"68":8,"69":9,"70":10,"71":11,"72":12,"73":13,"74":14,"75":15,"76":16,"77":17,"78":18,"79":19,"80":20,"81":21,"82":22,"83":23,"84":24,"85":25,"86":26,"87":27,"88":28,"89":29,"90":30,"97":31,"98":32,"99":33,"100":34,"101":35,"102":36,"103":37,"104":38,"105":39,"106":40,"107":41,"108":42,"109":43,"110":44,"111":45,"112":46,"113":47,"114":48,"115":49,"116":50,"117":51,"118":52,"119":53,"120":54,"121":55,"124":56,"160":57,"8226":58},"Reserves":{"fontname":"Euro Serif EF One"},"Names":{"Euro Serif EF One":{"name":"Euro Serif EF One","longitude":"0.00000001","latitude":"0.00000001","country":"","region":"","city":""}},"Nodes":{"eu":{"type":"typal","node":"eu","usage":1,"weight":1},"ro":{"type":"typal","node":"ro","usage":1,"weight":1},"se":{"type":"typal","node":"se","usage":1,"weight":1},"if":{"type":"typal","node":"if","usage":1,"weight":1},"on":{"type":"typal","node":"on","usage":1,"weight":1},"ne":{"type":"typal","node":"ne","usage":1,"weight":1},"eur":{"type":"typal","node":"eur","usage":1,"weight":1},"uro":{"type":"typal","node":"uro","usage":1,"weight":1},"ser":{"type":"typal","node":"ser","usage":1,"weight":1},"rif":{"type":"typal","node":"rif","usage":1,"weight":1},"seri":{"type":"keys","node":"seri","usage":1,"weight":1},"erif":{"type":"keys","node":"erif","usage":1,"weight":1},"euro":{"type":"fixes","node":"euro","usage":1,"weight":1},"serif":{"type":"fixes","node":"serif","usage":1,"weight":1},"ef":{"type":"fixes","node":"ef","usage":1,"weight":1},"one":{"type":"fixes","node":"one","usage":1,"weight":1}},"Contributors":[],"FontIdentity":"wagovau:0b37796139791224e9bd1b32","Bytes":null,"Networking":[],"barcode":"12q111Aiy8qcGGq","referee":"ocwucma"}