{"CSS":{"Tw Cen MT":"Tw+Cen+MT.css"},"FontType":"TrueType","FontCopyright":"Digitized data copyright The Monotype Corporation 1991-1997. All rights reserved. Twentieth CenturyTM is a trademark of The Monotype Corporation which may be registered in certain jurisdictions.","FontName":"Tw Cen MT","FontSubfamily":"Regular","FontSubfamilyID":"FontForge 2.0 : Tw Cen MT : 25-11-2016","FontFullName":"Tw Cen MT","FontVersion":"Version 1.02 ","FontWeight":null,"FontPostscriptName":"TwCenMT-Regular","Files":{"tcm_____.afm":"tcm_____.afm","tcm_____.bin":"tcm_____.bin","tcm_____.cef":"tcm_____.cef","tcm_____.cff":"tcm_____.cff","tcm_____.cid":"tcm_____.cid","tcm_____.dfont":"tcm_____.dfont","tcm_____.eot":"tcm_____.eot","tcm_____.fon":"tcm_____.fon","tcm_____.gai":"tcm_____.gai","tcm_____.gsf":"tcm_____.gsf","tcm_____.hqx":"tcm_____.hqx","tcm_____.ik":"tcm_____.ik","tcm_____.mf":"tcm_____.mf","tcm_____.otf":"tcm_____.otf","tcm_____.pcf":"tcm_____.pcf","tcm_____.pf3":"tcm_____.pf3","tcm_____.pfa":"tcm_____.pfa","tcm_____.pfb":"tcm_____.pfb","tcm_____.php":"tcm_____.php","tcm_____.pmf":"tcm_____.pmf","tcm_____.pt3":"tcm_____.pt3","tcm_____.sfd":"tcm_____.sfd","tcm_____.svg":"tcm_____.svg","tcm_____.t42":"tcm_____.t42","tcm_____.ttd":"tcm_____.ttd","tcm_____.ttf":"tcm_____.ttf","tcm_____.ttg":"tcm_____.ttg","tcm_____.ufm":"tcm_____.ufm","tcm_____.woff":"tcm_____.woff","tcm_____.z":"tcm_____.z","":{"tcm_____.afm":"tcm_____.afm","tcm_____.bin":"tcm_____.bin","tcm_____.cef":"tcm_____.cef","tcm_____.cff":"tcm_____.cff","tcm_____.cid":"tcm_____.cid","tcm_____.dfont":"tcm_____.dfont","tcm_____.eot":"tcm_____.eot","tcm_____.fon":"tcm_____.fon","tcm_____.gai":"tcm_____.gai","tcm_____.gsf":"tcm_____.gsf","tcm_____.hqx":"tcm_____.hqx","tcm_____.ik":"tcm_____.ik","tcm_____.mf":"tcm_____.mf","tcm_____.otf":"tcm_____.otf","tcm_____.pcf":"tcm_____.pcf","tcm_____.pf3":"tcm_____.pf3","tcm_____.pfa":"tcm_____.pfa","tcm_____.pfb":"tcm_____.pfb","tcm_____.php":"tcm_____.php","tcm_____.pmf":"tcm_____.pmf","tcm_____.pt3":"tcm_____.pt3","tcm_____.sfd":"tcm_____.sfd","tcm_____.svg":"tcm_____.svg","tcm_____.t42":"tcm_____.t42","tcm_____.ttd":"tcm_____.ttd","tcm_____.ttf":"tcm_____.ttf","tcm_____.ttg":"tcm_____.ttg","tcm_____.ufm":"tcm_____.ufm","tcm_____.woff":"tcm_____.woff","tcm_____.z":"tcm_____.z"},"\/tcm_____.ufo":{"feature.fea":"feature.fea","fontinfo.plist":"fontinfo.plist","groups.plist":"groups.plist","kerning.plist":"kerning.plist","metainfo.plist":"metainfo.plist"},"\/tcm_____.ufo\/glyphs":{"A_.glif":"A_.glif","A_E_.glif":"A_E_.glif","A_acute.glif":"A_acute.glif","A_breve.glif":"A_breve.glif","A_circumflex.glif":"A_circumflex.glif","A_dieresis.glif":"A_dieresis.glif","A_grave.glif":"A_grave.glif","A_ogonek.glif":"A_ogonek.glif","A_ring.glif":"A_ring.glif","A_tilde.glif":"A_tilde.glif","B_.glif":"B_.glif","C_.glif":"C_.glif","C_acute.glif":"C_acute.glif","C_caron.glif":"C_caron.glif","C_cedilla.glif":"C_cedilla.glif","D_.glif":"D_.glif","D_caron.glif":"D_caron.glif","D_croat.glif":"D_croat.glif","E_.glif":"E_.glif","E_acute.glif":"E_acute.glif","E_caron.glif":"E_caron.glif","E_circumflex.glif":"E_circumflex.glif","E_dieresis.glif":"E_dieresis.glif","E_grave.glif":"E_grave.glif","E_ogonek.glif":"E_ogonek.glif","E_th.glif":"E_th.glif","E_uro.glif":"E_uro.glif","F_.glif":"F_.glif","G_.glif":"G_.glif","H_.glif":"H_.glif","I_.glif":"I_.glif","I_acute.glif":"I_acute.glif","I_circumflex.glif":"I_circumflex.glif","I_dieresis.glif":"I_dieresis.glif","I_grave.glif":"I_grave.glif","J_.glif":"J_.glif","K_.glif":"K_.glif","L_.glif":"L_.glif","L_acute.glif":"L_acute.glif","L_caron.glif":"L_caron.glif","L_slash.glif":"L_slash.glif","M_.glif":"M_.glif","N_.glif":"N_.glif","N_acute.glif":"N_acute.glif","N_caron.glif":"N_caron.glif","N_tilde.glif":"N_tilde.glif","O_.glif":"O_.glif","O_E_.glif":"O_E_.glif","O_acute.glif":"O_acute.glif","O_circumflex.glif":"O_circumflex.glif","O_dieresis.glif":"O_dieresis.glif","O_grave.glif":"O_grave.glif","O_hungarumlaut.glif":"O_hungarumlaut.glif","O_slash.glif":"O_slash.glif","O_tilde.glif":"O_tilde.glif","P_.glif":"P_.glif","Q_.glif":"Q_.glif","R_.glif":"R_.glif","R_acute.glif":"R_acute.glif","R_caron.glif":"R_caron.glif","S_.glif":"S_.glif","S_acute.glif":"S_acute.glif","S_caron.glif":"S_caron.glif","S_cedilla.glif":"S_cedilla.glif","T_.glif":"T_.glif","T_caron.glif":"T_caron.glif","T_commaaccent.glif":"T_commaaccent.glif","T_horn.glif":"T_horn.glif","U_.glif":"U_.glif","U_acute.glif":"U_acute.glif","U_circumflex.glif":"U_circumflex.glif","U_dieresis.glif":"U_dieresis.glif","U_grave.glif":"U_grave.glif","U_hungarumlaut.glif":"U_hungarumlaut.glif","U_ring.glif":"U_ring.glif","V_.glif":"V_.glif","W_.glif":"W_.glif","X_.glif":"X_.glif","Y_.glif":"Y_.glif","Y_acute.glif":"Y_acute.glif","Y_dieresis.glif":"Y_dieresis.glif","Z_.glif":"Z_.glif","Z_acute.glif":"Z_acute.glif","Z_caron.glif":"Z_caron.glif","Z_dotaccent.glif":"Z_dotaccent.glif","_notdef.glif":"_notdef.glif","_null.glif":"_null.glif","a.glif":"a.glif","aacute.glif":"aacute.glif","abreve.glif":"abreve.glif","acircumflex.glif":"acircumflex.glif","acute.glif":"acute.glif","adieresis.glif":"adieresis.glif","ae.glif":"ae.glif","agrave.glif":"agrave.glif","ampersand.glif":"ampersand.glif","aogonek.glif":"aogonek.glif","approxequal.glif":"approxequal.glif","aring.glif":"aring.glif","asciicircum.glif":"asciicircum.glif","asciitilde.glif":"asciitilde.glif","asterisk.glif":"asterisk.glif","at.glif":"at.glif","atilde.glif":"atilde.glif","b.glif":"b.glif","backslash.glif":"backslash.glif","bar.glif":"bar.glif","braceleft.glif":"braceleft.glif","braceright.glif":"braceright.glif","bracketleft.glif":"bracketleft.glif","bracketright.glif":"bracketright.glif","breve.glif":"breve.glif","brokenbar.glif":"brokenbar.glif","bullet.glif":"bullet.glif","c.glif":"c.glif","cacute.glif":"cacute.glif","caron.glif":"caron.glif","ccaron.glif":"ccaron.glif","ccedilla.glif":"ccedilla.glif","cedilla.glif":"cedilla.glif","cent.glif":"cent.glif","circumflex.glif":"circumflex.glif","colon.glif":"colon.glif","comma.glif":"comma.glif","commaaccent.glif":"commaaccent.glif","contents.plist":"contents.plist","copyright.glif":"copyright.glif","currency.glif":"currency.glif","d.glif":"d.glif","dagger.glif":"dagger.glif","daggerdbl.glif":"daggerdbl.glif","dcaron.glif":"dcaron.glif","dcroat.glif":"dcroat.glif","degree.glif":"degree.glif","dieresis.glif":"dieresis.glif","divide.glif":"divide.glif","dollar.glif":"dollar.glif","dotaccent.glif":"dotaccent.glif","dotlessi.glif":"dotlessi.glif","e.glif":"e.glif","eacute.glif":"eacute.glif","ecaron.glif":"ecaron.glif","ecircumflex.glif":"ecircumflex.glif","edieresis.glif":"edieresis.glif","egrave.glif":"egrave.glif","eight.glif":"eight.glif","ellipsis.glif":"ellipsis.glif","emdash.glif":"emdash.glif","endash.glif":"endash.glif","eogonek.glif":"eogonek.glif","equal.glif":"equal.glif","eth.glif":"eth.glif","exclam.glif":"exclam.glif","exclamdown.glif":"exclamdown.glif","f.glif":"f.glif","five.glif":"five.glif","florin.glif":"florin.glif","four.glif":"four.glif","foursuperior.glif":"foursuperior.glif","fraction.glif":"fraction.glif","g.glif":"g.glif","germandbls.glif":"germandbls.glif","glyph210.glif":"glyph210.glif","grave.glif":"grave.glif","greater.glif":"greater.glif","greaterequal.glif":"greaterequal.glif","guillemotleft.glif":"guillemotleft.glif","guillemotright.glif":"guillemotright.glif","guilsinglleft.glif":"guilsinglleft.glif","guilsinglright.glif":"guilsinglright.glif","h.glif":"h.glif","hungarumlaut.glif":"hungarumlaut.glif","hyphen.glif":"hyphen.glif","i.glif":"i.glif","iacute.glif":"iacute.glif","icircumflex.glif":"icircumflex.glif","idieresis.glif":"idieresis.glif","igrave.glif":"igrave.glif","infinity.glif":"infinity.glif","integral.glif":"integral.glif","j.glif":"j.glif","k.glif":"k.glif","l.glif":"l.glif","lacute.glif":"lacute.glif","lcaron.glif":"lcaron.glif","less.glif":"less.glif","lessequal.glif":"lessequal.glif","logicalnot.glif":"logicalnot.glif","lozenge.glif":"lozenge.glif","lslash.glif":"lslash.glif","m.glif":"m.glif","macron.glif":"macron.glif","multiply.glif":"multiply.glif","n.glif":"n.glif","nacute.glif":"nacute.glif","ncaron.glif":"ncaron.glif","nine.glif":"nine.glif","nonmarkingreturn.glif":"nonmarkingreturn.glif","notequal.glif":"notequal.glif","ntilde.glif":"ntilde.glif","numbersign.glif":"numbersign.glif","o.glif":"o.glif","oacute.glif":"oacute.glif","ocircumflex.glif":"ocircumflex.glif","odieresis.glif":"odieresis.glif","oe.glif":"oe.glif","ogonek.glif":"ogonek.glif","ograve.glif":"ograve.glif","ohungarumlaut.glif":"ohungarumlaut.glif","one.glif":"one.glif","onehalf.glif":"onehalf.glif","onequarter.glif":"onequarter.glif","onesuperior.glif":"onesuperior.glif","ordfeminine.glif":"ordfeminine.glif","ordmasculine.glif":"ordmasculine.glif","oslash.glif":"oslash.glif","otilde.glif":"otilde.glif","p.glif":"p.glif","paragraph.glif":"paragraph.glif","parenleft.glif":"parenleft.glif","parenright.glif":"parenright.glif","partialdiff.glif":"partialdiff.glif","percent.glif":"percent.glif","period.glif":"period.glif","perthousand.glif":"perthousand.glif","pi.glif":"pi.glif","plus.glif":"plus.glif","plusminus.glif":"plusminus.glif","product.glif":"product.glif","q.glif":"q.glif","question.glif":"question.glif","questiondown.glif":"questiondown.glif","quotedbl.glif":"quotedbl.glif","quotedblbase.glif":"quotedblbase.glif","quotedblleft.glif":"quotedblleft.glif","quotedblright.glif":"quotedblright.glif","quoteleft.glif":"quoteleft.glif","quoteright.glif":"quoteright.glif","quotesinglbase.glif":"quotesinglbase.glif","quotesingle.glif":"quotesingle.glif","r.glif":"r.glif","racute.glif":"racute.glif","radical.glif":"radical.glif","rcaron.glif":"rcaron.glif","registered.glif":"registered.glif","ring.glif":"ring.glif","s.glif":"s.glif","sacute.glif":"sacute.glif","scaron.glif":"scaron.glif","scedilla.glif":"scedilla.glif","section.glif":"section.glif","semicolon.glif":"semicolon.glif","seven.glif":"seven.glif","six.glif":"six.glif","slash.glif":"slash.glif","space.glif":"space.glif","sterling.glif":"sterling.glif","summation.glif":"summation.glif","t.glif":"t.glif","tcaron.glif":"tcaron.glif","tcommaaccent.glif":"tcommaaccent.glif","thorn.glif":"thorn.glif","three.glif":"three.glif","threequarters.glif":"threequarters.glif","threesuperior.glif":"threesuperior.glif","tilde.glif":"tilde.glif","trademark.glif":"trademark.glif","two.glif":"two.glif","twosuperior.glif":"twosuperior.glif","u.glif":"u.glif","uacute.glif":"uacute.glif","ucircumflex.glif":"ucircumflex.glif","udieresis.glif":"udieresis.glif","ugrave.glif":"ugrave.glif","uhungarumlaut.glif":"uhungarumlaut.glif","underscore.glif":"underscore.glif","uni00A_0.glif":"uni00A_0.glif","uni00A_D_.glif":"uni00A_D_.glif","uni00A_F_.glif":"uni00A_F_.glif","uni00B_5.glif":"uni00B_5.glif","uni00B_7.glif":"uni00B_7.glif","uni2126.glif":"uni2126.glif","uni2206.glif":"uni2206.glif","uniF_001.glif":"uniF_001.glif","uniF_002.glif":"uniF_002.glif","uring.glif":"uring.glif","v.glif":"v.glif","w.glif":"w.glif","x.glif":"x.glif","y.glif":"y.glif","yacute.glif":"yacute.glif","ydieresis.glif":"ydieresis.glif","yen.glif":"yen.glif","z.glif":"z.glif","zacute.glif":"zacute.glif","zcaron.glif":"zcaron.glif","zdotaccent.glif":"zdotaccent.glif","zero.glif":"zero.glif"}},"Font":{"uploaded":1480071653.2871,"licence":"gpl3","company":"Chronolabs Cooperative","title":"Tw Cen MT Regular","version":2.001,"date":"Sun Aug 28 08:02:50 2016","creator":"root","type":"1","matrix":"0.000488281 0 0 0.000488281 0 0","named":"TwCenMT-Regular","painttype":"0","info":"10 dict dup","name":"Tw Cen MT","family":"Tw Cen MT","weight":"Book","fstype":"8","italicangle":"0","underlineposition":"","underlinethickness":""},"Table":{"FFTM":{"entryLength":16,"tag":"FFTM","checksum":1947017188,"offset":25480,"length":28},"GDEF":{"entryLength":16,"tag":"GDEF","checksum":22413316,"offset":25448,"length":32},"OS\/2":{"entryLength":16,"tag":"OS\/2","checksum":2240121193,"offset":344,"length":86},"cmap":{"entryLength":16,"tag":"cmap","checksum":1222157293,"offset":1620,"length":758},"gasp":{"entryLength":16,"tag":"gasp","checksum":4294901763,"offset":25440,"length":8},"glyf":{"entryLength":16,"tag":"glyf","checksum":2393265115,"offset":2976,"length":20348},"head":{"entryLength":16,"tag":"head","checksum":248570882,"offset":220,"length":54},"hhea":{"entryLength":16,"tag":"hhea","checksum":252118713,"offset":276,"length":36},"hmtx":{"entryLength":16,"tag":"hmtx","checksum":2627035524,"offset":432,"length":1188},"loca":{"entryLength":16,"tag":"loca","checksum":1631876386,"offset":2380,"length":596},"maxp":{"entryLength":16,"tag":"maxp","checksum":24641727,"offset":312,"length":32},"name":{"entryLength":16,"tag":"name","checksum":1679876418,"offset":23324,"length":1050},"post":{"entryLength":16,"tag":"post","checksum":2717476335,"offset":24376,"length":1062}},"UnicodeCharMap":{"0":1,"13":2,"32":3,"33":4,"34":5,"35":6,"36":7,"37":8,"38":9,"39":10,"40":11,"41":12,"42":13,"43":14,"44":15,"45":16,"46":17,"47":18,"48":19,"49":20,"50":21,"51":22,"52":23,"53":24,"54":25,"55":26,"56":27,"57":28,"58":29,"59":30,"60":31,"61":32,"62":33,"63":34,"64":35,"65":36,"66":37,"67":38,"68":39,"69":40,"70":41,"71":42,"72":43,"73":44,"74":45,"75":46,"76":47,"77":48,"78":49,"79":50,"80":51,"81":52,"82":53,"83":54,"84":55,"85":56,"86":57,"87":58,"88":59,"89":60,"90":61,"91":62,"92":63,"93":64,"94":65,"95":66,"96":67,"97":68,"98":69,"99":70,"100":71,"101":72,"102":73,"103":74,"104":75,"105":76,"106":77,"107":78,"108":79,"109":80,"110":81,"111":82,"112":83,"113":84,"114":85,"115":86,"116":87,"117":88,"118":89,"119":90,"120":91,"121":92,"122":93,"123":94,"124":95,"125":96,"126":97,"160":98,"161":99,"162":100,"163":101,"164":102,"165":103,"166":104,"167":105,"168":106,"169":107,"170":108,"171":109,"172":110,"173":111,"174":112,"175":113,"176":114,"177":115,"178":116,"179":117,"180":118,"181":119,"182":120,"183":121,"184":122,"185":123,"186":124,"187":125,"188":126,"189":127,"190":128,"191":129,"192":130,"193":131,"194":132,"195":133,"196":134,"197":135,"198":136,"199":137,"200":138,"201":139,"202":140,"203":141,"204":142,"205":143,"206":144,"207":145,"208":146,"209":147,"210":148,"211":149,"212":150,"213":151,"214":152,"215":153,"216":154,"217":155,"218":156,"219":157,"220":158,"221":159,"222":160,"223":161,"224":162,"225":163,"226":164,"227":165,"228":166,"229":167,"230":168,"231":169,"232":170,"233":171,"234":172,"235":173,"236":174,"237":175,"238":176,"239":177,"240":178,"241":179,"242":180,"243":181,"244":182,"245":183,"246":184,"247":185,"248":186,"249":187,"250":188,"251":189,"252":190,"253":191,"254":192,"255":193,"258":250,"259":251,"260":252,"261":253,"262":254,"263":255,"268":256,"269":257,"270":258,"271":259,"272":260,"273":261,"280":262,"281":263,"282":264,"283":265,"305":233,"313":266,"314":267,"317":268,"318":269,"321":243,"322":244,"323":270,"324":271,"327":272,"328":273,"336":274,"337":275,"338":212,"339":213,"340":276,"341":277,"344":278,"345":279,"346":280,"347":281,"350":282,"351":283,"352":245,"353":246,"354":284,"355":285,"356":286,"357":287,"366":288,"367":289,"368":290,"369":291,"376":221,"377":292,"378":293,"379":294,"380":295,"381":247,"382":248,"402":208,"710":234,"711":242,"728":237,"729":238,"730":239,"731":241,"732":235,"733":240,"960":204,"8211":214,"8212":215,"8216":218,"8217":219,"8218":229,"8220":216,"8221":217,"8222":230,"8224":194,"8225":228,"8226":195,"8230":211,"8240":231,"8249":224,"8250":225,"8260":222,"8308":249,"8364":223,"8482":196,"8486":206,"8706":201,"8710":210,"8719":203,"8721":202,"8730":207,"8734":198,"8747":205,"8776":209,"8800":197,"8804":199,"8805":200,"9674":220,"61441":226,"61442":227},"Reserves":null,"Names":[],"Nodes":{"ce":{"type":"typal","node":"ce","usage":1,"weight":1},"en":{"type":"typal","node":"en","usage":1,"weight":1},"tw":{"type":"fixes","node":"tw","usage":1,"weight":1},"cen":{"type":"fixes","node":"cen","usage":1,"weight":1},"mt":{"type":"fixes","node":"mt","usage":1,"weight":1}},"Contributors":[],"FontIdentity":"100e33becc0c0ab8d150b11f15e088e3","Bytes":2768367,"Networking":[],"barcode":"8gwos4uaa6qms","referee":"qm2u7i"}