{"CSS":{"Scriptina - Alternates":"Scriptina+-+Alternates.css"},"FontType":"TrueType","FontCopyright":"(c) 1999-2001 Apostrophic Labs. All rights reserved. For more works by the designer visit www.apostrophiclab.com","FontName":"Scriptina - Alternates","FontSubfamily":"Alternates","FontSubfamilyID":"FontForge 2.0 : Scriptina - Alternates : 25-11-2016","FontFullName":"Scriptina Alternates","FontVersion":"Version 2.0 ","FontWeight":null,"FontPostscriptName":"Scriptina-Alternates","Files":{"scripalt.afm":"scripalt.afm","scripalt.bin":"scripalt.bin","scripalt.cef":"scripalt.cef","scripalt.cff":"scripalt.cff","scripalt.cid":"scripalt.cid","scripalt.dfont":"scripalt.dfont","scripalt.eot":"scripalt.eot","scripalt.fon":"scripalt.fon","scripalt.gai":"scripalt.gai","scripalt.gsf":"scripalt.gsf","scripalt.hqx":"scripalt.hqx","scripalt.ik":"scripalt.ik","scripalt.mf":"scripalt.mf","scripalt.otf":"scripalt.otf","scripalt.pcf":"scripalt.pcf","scripalt.pf3":"scripalt.pf3","scripalt.pfa":"scripalt.pfa","scripalt.pfb":"scripalt.pfb","scripalt.php":"scripalt.php","scripalt.pmf":"scripalt.pmf","scripalt.pt3":"scripalt.pt3","scripalt.sfd":"scripalt.sfd","scripalt.svg":"scripalt.svg","scripalt.t42":"scripalt.t42","scripalt.ttd":"scripalt.ttd","scripalt.ttf":"scripalt.ttf","scripalt.ttg":"scripalt.ttg","scripalt.ufm":"scripalt.ufm","scripalt.woff":"scripalt.woff","scripalt.z":"scripalt.z","":{"scripalt.afm":"scripalt.afm","scripalt.bin":"scripalt.bin","scripalt.cef":"scripalt.cef","scripalt.cff":"scripalt.cff","scripalt.cid":"scripalt.cid","scripalt.dfont":"scripalt.dfont","scripalt.eot":"scripalt.eot","scripalt.fon":"scripalt.fon","scripalt.gai":"scripalt.gai","scripalt.gsf":"scripalt.gsf","scripalt.hqx":"scripalt.hqx","scripalt.ik":"scripalt.ik","scripalt.mf":"scripalt.mf","scripalt.otf":"scripalt.otf","scripalt.pcf":"scripalt.pcf","scripalt.pf3":"scripalt.pf3","scripalt.pfa":"scripalt.pfa","scripalt.pfb":"scripalt.pfb","scripalt.php":"scripalt.php","scripalt.pmf":"scripalt.pmf","scripalt.pt3":"scripalt.pt3","scripalt.sfd":"scripalt.sfd","scripalt.svg":"scripalt.svg","scripalt.t42":"scripalt.t42","scripalt.ttd":"scripalt.ttd","scripalt.ttf":"scripalt.ttf","scripalt.ttg":"scripalt.ttg","scripalt.ufm":"scripalt.ufm","scripalt.woff":"scripalt.woff","scripalt.z":"scripalt.z"},"\/scripalt.ufo":{"feature.fea":"feature.fea","fontinfo.plist":"fontinfo.plist","groups.plist":"groups.plist","kerning.plist":"kerning.plist","metainfo.plist":"metainfo.plist"},"\/scripalt.ufo\/glyphs":{"A_.glif":"A_.glif","C_.glif":"C_.glif","F_.glif":"F_.glif","H_.glif":"H_.glif","W_.glif":"W_.glif","_null.glif":"_null.glif","contents.plist":"contents.plist","d.glif":"d.glif","f.glif":"f.glif","g.glif":"g.glif","h.glif":"h.glif","l.glif":"l.glif","nonmarkingreturn.glif":"nonmarkingreturn.glif","p.glif":"p.glif","space.glif":"space.glif","t.glif":"t.glif"}},"Font":{"uploaded":1480007283.5047,"licence":"gpl3","company":"Chronolabs Cooperative","title":"Scriptina Alternates","version":2.001,"date":"Fri Oct 14 23:36:03 2016","creator":"root","type":"1","matrix":"0.001 0 0 0.001 0 0","named":"Scriptina-Alternates","painttype":"0","info":"10 dict dup","name":"Scriptina - Alternates","family":"Scriptina - Alternates","weight":"Book","fstype":"0","italicangle":"0","underlineposition":"","underlinethickness":""},"Table":{"FFTM":{"entryLength":16,"tag":"FFTM","checksum":1955243576,"offset":10748,"length":28},"GDEF":{"entryLength":16,"tag":"GDEF","checksum":3997700,"offset":10716,"length":32},"OS\/2":{"entryLength":16,"tag":"OS\/2","checksum":1493853256,"offset":344,"length":86},"cmap":{"entryLength":16,"tag":"cmap","checksum":305811364,"offset":496,"length":418},"gasp":{"entryLength":16,"tag":"gasp","checksum":4294901763,"offset":10708,"length":8},"glyf":{"entryLength":16,"tag":"glyf","checksum":1466563545,"offset":952,"length":8744},"head":{"entryLength":16,"tag":"head","checksum":133751756,"offset":220,"length":54},"hhea":{"entryLength":16,"tag":"hhea","checksum":137296567,"offset":276,"length":36},"hmtx":{"entryLength":16,"tag":"hmtx","checksum":571272101,"offset":432,"length":64},"loca":{"entryLength":16,"tag":"loca","checksum":929967458,"offset":916,"length":34},"maxp":{"entryLength":16,"tag":"maxp","checksum":6095317,"offset":312,"length":32},"name":{"entryLength":16,"tag":"name","checksum":1464273429,"offset":9696,"length":942},"post":{"entryLength":16,"tag":"post","checksum":20578722,"offset":10640,"length":66}},"UnicodeCharMap":{"0":1,"13":2,"32":3,"65":4,"67":5,"70":6,"72":7,"87":8,"100":9,"102":10,"103":11,"104":12,"108":13,"112":14,"116":15},"Reserves":null,"Names":[],"Nodes":{"sc":{"type":"typal","node":"sc","usage":1,"weight":1},"na":{"type":"typal","node":"na","usage":1,"weight":1},"al":{"type":"typal","node":"al","usage":1,"weight":1},"es":{"type":"typal","node":"es","usage":1,"weight":1},"scr":{"type":"typal","node":"scr","usage":1,"weight":1},"ina":{"type":"typal","node":"ina","usage":1,"weight":1},"alt":{"type":"typal","node":"alt","usage":1,"weight":1},"tes":{"type":"typal","node":"tes","usage":1,"weight":1},"scri":{"type":"keys","node":"scri","usage":1,"weight":1},"tina":{"type":"keys","node":"tina","usage":1,"weight":1},"alte":{"type":"keys","node":"alte","usage":1,"weight":1},"ates":{"type":"keys","node":"ates","usage":1,"weight":1},"scrip":{"type":"keys","node":"scrip","usage":1,"weight":1},"ptina":{"type":"keys","node":"ptina","usage":1,"weight":1},"alter":{"type":"keys","node":"alter","usage":1,"weight":1},"nates":{"type":"keys","node":"nates","usage":1,"weight":1},"scriptina":{"type":"fixes","node":"scriptina","usage":1,"weight":1},"alternates":{"type":"fixes","node":"alternates","usage":1,"weight":1}},"Contributors":[],"FontIdentity":"97a81d2f6f62772ac0258348fd7adc4a","Bytes":1168264,"Networking":[],"barcode":"iOiKyOyye3A4e","referee":"qkwema"}