{"CSS":{"EspritSCEF-Medium":"EspritSCEF-Medium.css","Esprit SCEF Medium":"wagovau:28da83efb95a7c91fd6b0b4e.css"},"FontType":"TrueType","FontCopyright":"Copyright \\(c\\) 1998 Elsner+Flake. All Rights Reserved.","FontName":"EspritSCEF","FontSubfamily":"Medium","FontSubfamilyID":"FontForge 2.0 : EspritSCEF-Medium : 12-8-2016","FontFullName":"Esprit SCEF Medium","FontVersion":"Version 001.000 ","FontWeight":null,"FontPostscriptName":"EspritSCEF-Medium","Files":{"\/EspritSCEF-Medium.css":"\/EspritSCEF-Medium.css","\/espritscef-medium.afm":"\/espritscef-medium.afm","\/espritscef-medium.cef":"\/espritscef-medium.cef","\/espritscef-medium.cff":"\/espritscef-medium.cff","\/espritscef-medium.eot":"\/espritscef-medium.eot","\/espritscef-medium.gai":"\/espritscef-medium.gai","\/espritscef-medium.gsf":"\/espritscef-medium.gsf","\/espritscef-medium.otf":"\/espritscef-medium.otf","\/espritscef-medium.pf3":"\/espritscef-medium.pf3","\/espritscef-medium.pfa":"\/espritscef-medium.pfa","\/espritscef-medium.pfb":"\/espritscef-medium.pfb","\/espritscef-medium.php":"\/espritscef-medium.php","\/espritscef-medium.pt3":"\/espritscef-medium.pt3","\/espritscef-medium.sfd":"\/espritscef-medium.sfd","\/espritscef-medium.svg":"\/espritscef-medium.svg","\/espritscef-medium.t42":"\/espritscef-medium.t42","\/espritscef-medium.ttd":"\/espritscef-medium.ttd","\/espritscef-medium.ttf":"\/espritscef-medium.ttf","\/espritscef-medium.ttg":"\/espritscef-medium.ttg","\/espritscef-medium.ufm":"\/espritscef-medium.ufm","\/espritscef-medium.woff":"\/espritscef-medium.woff","\/espritscef-medium.z":"\/espritscef-medium.z","\/font-resource.json":"\/font-resource.json","\/espritscef-medium.ufo\/feature.fea":"\/espritscef-medium.ufo\/feature.fea","\/espritscef-medium.ufo\/fontinfo.plist":"\/espritscef-medium.ufo\/fontinfo.plist","\/espritscef-medium.ufo\/groups.plist":"\/espritscef-medium.ufo\/groups.plist","\/espritscef-medium.ufo\/kerning.plist":"\/espritscef-medium.ufo\/kerning.plist","\/espritscef-medium.ufo\/metainfo.plist":"\/espritscef-medium.ufo\/metainfo.plist","\/espritscef-medium.ufo\/glyphs\/A_.glif":"\/espritscef-medium.ufo\/glyphs\/A_.glif","\/espritscef-medium.ufo\/glyphs\/A_E_.glif":"\/espritscef-medium.ufo\/glyphs\/A_E_.glif","\/espritscef-medium.ufo\/glyphs\/A_acute.glif":"\/espritscef-medium.ufo\/glyphs\/A_acute.glif","\/espritscef-medium.ufo\/glyphs\/A_circumflex.glif":"\/espritscef-medium.ufo\/glyphs\/A_circumflex.glif","\/espritscef-medium.ufo\/glyphs\/A_dieresis.glif":"\/espritscef-medium.ufo\/glyphs\/A_dieresis.glif","\/espritscef-medium.ufo\/glyphs\/A_grave.glif":"\/espritscef-medium.ufo\/glyphs\/A_grave.glif","\/espritscef-medium.ufo\/glyphs\/A_ring.glif":"\/espritscef-medium.ufo\/glyphs\/A_ring.glif","\/espritscef-medium.ufo\/glyphs\/A_tilde.glif":"\/espritscef-medium.ufo\/glyphs\/A_tilde.glif","\/espritscef-medium.ufo\/glyphs\/B_.glif":"\/espritscef-medium.ufo\/glyphs\/B_.glif","\/espritscef-medium.ufo\/glyphs\/C_.glif":"\/espritscef-medium.ufo\/glyphs\/C_.glif","\/espritscef-medium.ufo\/glyphs\/C_cedilla.glif":"\/espritscef-medium.ufo\/glyphs\/C_cedilla.glif","\/espritscef-medium.ufo\/glyphs\/D_.glif":"\/espritscef-medium.ufo\/glyphs\/D_.glif","\/espritscef-medium.ufo\/glyphs\/D_elta.glif":"\/espritscef-medium.ufo\/glyphs\/D_elta.glif","\/espritscef-medium.ufo\/glyphs\/E_.glif":"\/espritscef-medium.ufo\/glyphs\/E_.glif","\/espritscef-medium.ufo\/glyphs\/E_acute.glif":"\/espritscef-medium.ufo\/glyphs\/E_acute.glif","\/espritscef-medium.ufo\/glyphs\/E_circumflex.glif":"\/espritscef-medium.ufo\/glyphs\/E_circumflex.glif","\/espritscef-medium.ufo\/glyphs\/E_dieresis.glif":"\/espritscef-medium.ufo\/glyphs\/E_dieresis.glif","\/espritscef-medium.ufo\/glyphs\/E_grave.glif":"\/espritscef-medium.ufo\/glyphs\/E_grave.glif","\/espritscef-medium.ufo\/glyphs\/E_th.glif":"\/espritscef-medium.ufo\/glyphs\/E_th.glif","\/espritscef-medium.ufo\/glyphs\/F_.glif":"\/espritscef-medium.ufo\/glyphs\/F_.glif","\/espritscef-medium.ufo\/glyphs\/G_.glif":"\/espritscef-medium.ufo\/glyphs\/G_.glif","\/espritscef-medium.ufo\/glyphs\/H_.glif":"\/espritscef-medium.ufo\/glyphs\/H_.glif","\/espritscef-medium.ufo\/glyphs\/I_.glif":"\/espritscef-medium.ufo\/glyphs\/I_.glif","\/espritscef-medium.ufo\/glyphs\/I_acute.glif":"\/espritscef-medium.ufo\/glyphs\/I_acute.glif","\/espritscef-medium.ufo\/glyphs\/I_circumflex.glif":"\/espritscef-medium.ufo\/glyphs\/I_circumflex.glif","\/espritscef-medium.ufo\/glyphs\/I_dieresis.glif":"\/espritscef-medium.ufo\/glyphs\/I_dieresis.glif","\/espritscef-medium.ufo\/glyphs\/I_grave.glif":"\/espritscef-medium.ufo\/glyphs\/I_grave.glif","\/espritscef-medium.ufo\/glyphs\/J_.glif":"\/espritscef-medium.ufo\/glyphs\/J_.glif","\/espritscef-medium.ufo\/glyphs\/K_.glif":"\/espritscef-medium.ufo\/glyphs\/K_.glif","\/espritscef-medium.ufo\/glyphs\/L_.glif":"\/espritscef-medium.ufo\/glyphs\/L_.glif","\/espritscef-medium.ufo\/glyphs\/L_slash.glif":"\/espritscef-medium.ufo\/glyphs\/L_slash.glif","\/espritscef-medium.ufo\/glyphs\/M_.glif":"\/espritscef-medium.ufo\/glyphs\/M_.glif","\/espritscef-medium.ufo\/glyphs\/N_.glif":"\/espritscef-medium.ufo\/glyphs\/N_.glif","\/espritscef-medium.ufo\/glyphs\/N_tilde.glif":"\/espritscef-medium.ufo\/glyphs\/N_tilde.glif","\/espritscef-medium.ufo\/glyphs\/O_.glif":"\/espritscef-medium.ufo\/glyphs\/O_.glif","\/espritscef-medium.ufo\/glyphs\/O_E_.glif":"\/espritscef-medium.ufo\/glyphs\/O_E_.glif","\/espritscef-medium.ufo\/glyphs\/O_acute.glif":"\/espritscef-medium.ufo\/glyphs\/O_acute.glif","\/espritscef-medium.ufo\/glyphs\/O_circumflex.glif":"\/espritscef-medium.ufo\/glyphs\/O_circumflex.glif","\/espritscef-medium.ufo\/glyphs\/O_dieresis.glif":"\/espritscef-medium.ufo\/glyphs\/O_dieresis.glif","\/espritscef-medium.ufo\/glyphs\/O_grave.glif":"\/espritscef-medium.ufo\/glyphs\/O_grave.glif","\/espritscef-medium.ufo\/glyphs\/O_mega.glif":"\/espritscef-medium.ufo\/glyphs\/O_mega.glif","\/espritscef-medium.ufo\/glyphs\/O_slash.glif":"\/espritscef-medium.ufo\/glyphs\/O_slash.glif","\/espritscef-medium.ufo\/glyphs\/O_tilde.glif":"\/espritscef-medium.ufo\/glyphs\/O_tilde.glif","\/espritscef-medium.ufo\/glyphs\/P_.glif":"\/espritscef-medium.ufo\/glyphs\/P_.glif","\/espritscef-medium.ufo\/glyphs\/Q_.glif":"\/espritscef-medium.ufo\/glyphs\/Q_.glif","\/espritscef-medium.ufo\/glyphs\/R_.glif":"\/espritscef-medium.ufo\/glyphs\/R_.glif","\/espritscef-medium.ufo\/glyphs\/S_.glif":"\/espritscef-medium.ufo\/glyphs\/S_.glif","\/espritscef-medium.ufo\/glyphs\/S_caron.glif":"\/espritscef-medium.ufo\/glyphs\/S_caron.glif","\/espritscef-medium.ufo\/glyphs\/T_.glif":"\/espritscef-medium.ufo\/glyphs\/T_.glif","\/espritscef-medium.ufo\/glyphs\/T_horn.glif":"\/espritscef-medium.ufo\/glyphs\/T_horn.glif","\/espritscef-medium.ufo\/glyphs\/U_.glif":"\/espritscef-medium.ufo\/glyphs\/U_.glif","\/espritscef-medium.ufo\/glyphs\/U_acute.glif":"\/espritscef-medium.ufo\/glyphs\/U_acute.glif","\/espritscef-medium.ufo\/glyphs\/U_circumflex.glif":"\/espritscef-medium.ufo\/glyphs\/U_circumflex.glif","\/espritscef-medium.ufo\/glyphs\/U_dieresis.glif":"\/espritscef-medium.ufo\/glyphs\/U_dieresis.glif","\/espritscef-medium.ufo\/glyphs\/U_grave.glif":"\/espritscef-medium.ufo\/glyphs\/U_grave.glif","\/espritscef-medium.ufo\/glyphs\/V_.glif":"\/espritscef-medium.ufo\/glyphs\/V_.glif","\/espritscef-medium.ufo\/glyphs\/W_.glif":"\/espritscef-medium.ufo\/glyphs\/W_.glif","\/espritscef-medium.ufo\/glyphs\/X_.glif":"\/espritscef-medium.ufo\/glyphs\/X_.glif","\/espritscef-medium.ufo\/glyphs\/Y_.glif":"\/espritscef-medium.ufo\/glyphs\/Y_.glif","\/espritscef-medium.ufo\/glyphs\/Y_acute.glif":"\/espritscef-medium.ufo\/glyphs\/Y_acute.glif","\/espritscef-medium.ufo\/glyphs\/Y_dieresis.glif":"\/espritscef-medium.ufo\/glyphs\/Y_dieresis.glif","\/espritscef-medium.ufo\/glyphs\/Z_.glif":"\/espritscef-medium.ufo\/glyphs\/Z_.glif","\/espritscef-medium.ufo\/glyphs\/Z_caron.glif":"\/espritscef-medium.ufo\/glyphs\/Z_caron.glif","\/espritscef-medium.ufo\/glyphs\/a.glif":"\/espritscef-medium.ufo\/glyphs\/a.glif","\/espritscef-medium.ufo\/glyphs\/aacute.glif":"\/espritscef-medium.ufo\/glyphs\/aacute.glif","\/espritscef-medium.ufo\/glyphs\/acircumflex.glif":"\/espritscef-medium.ufo\/glyphs\/acircumflex.glif","\/espritscef-medium.ufo\/glyphs\/acute.glif":"\/espritscef-medium.ufo\/glyphs\/acute.glif","\/espritscef-medium.ufo\/glyphs\/adieresis.glif":"\/espritscef-medium.ufo\/glyphs\/adieresis.glif","\/espritscef-medium.ufo\/glyphs\/ae.glif":"\/espritscef-medium.ufo\/glyphs\/ae.glif","\/espritscef-medium.ufo\/glyphs\/agrave.glif":"\/espritscef-medium.ufo\/glyphs\/agrave.glif","\/espritscef-medium.ufo\/glyphs\/ampersand.glif":"\/espritscef-medium.ufo\/glyphs\/ampersand.glif","\/espritscef-medium.ufo\/glyphs\/apple.glif":"\/espritscef-medium.ufo\/glyphs\/apple.glif","\/espritscef-medium.ufo\/glyphs\/approxequal.glif":"\/espritscef-medium.ufo\/glyphs\/approxequal.glif","\/espritscef-medium.ufo\/glyphs\/aring.glif":"\/espritscef-medium.ufo\/glyphs\/aring.glif","\/espritscef-medium.ufo\/glyphs\/asciicircum.glif":"\/espritscef-medium.ufo\/glyphs\/asciicircum.glif","\/espritscef-medium.ufo\/glyphs\/asciitilde.glif":"\/espritscef-medium.ufo\/glyphs\/asciitilde.glif","\/espritscef-medium.ufo\/glyphs\/asterisk.glif":"\/espritscef-medium.ufo\/glyphs\/asterisk.glif","\/espritscef-medium.ufo\/glyphs\/at.glif":"\/espritscef-medium.ufo\/glyphs\/at.glif","\/espritscef-medium.ufo\/glyphs\/atilde.glif":"\/espritscef-medium.ufo\/glyphs\/atilde.glif","\/espritscef-medium.ufo\/glyphs\/b.glif":"\/espritscef-medium.ufo\/glyphs\/b.glif","\/espritscef-medium.ufo\/glyphs\/backslash.glif":"\/espritscef-medium.ufo\/glyphs\/backslash.glif","\/espritscef-medium.ufo\/glyphs\/bar.glif":"\/espritscef-medium.ufo\/glyphs\/bar.glif","\/espritscef-medium.ufo\/glyphs\/braceleft.glif":"\/espritscef-medium.ufo\/glyphs\/braceleft.glif","\/espritscef-medium.ufo\/glyphs\/braceright.glif":"\/espritscef-medium.ufo\/glyphs\/braceright.glif","\/espritscef-medium.ufo\/glyphs\/bracketleft.glif":"\/espritscef-medium.ufo\/glyphs\/bracketleft.glif","\/espritscef-medium.ufo\/glyphs\/bracketright.glif":"\/espritscef-medium.ufo\/glyphs\/bracketright.glif","\/espritscef-medium.ufo\/glyphs\/breve.glif":"\/espritscef-medium.ufo\/glyphs\/breve.glif","\/espritscef-medium.ufo\/glyphs\/brokenbar.glif":"\/espritscef-medium.ufo\/glyphs\/brokenbar.glif","\/espritscef-medium.ufo\/glyphs\/bullet.glif":"\/espritscef-medium.ufo\/glyphs\/bullet.glif","\/espritscef-medium.ufo\/glyphs\/c.glif":"\/espritscef-medium.ufo\/glyphs\/c.glif","\/espritscef-medium.ufo\/glyphs\/caron.glif":"\/espritscef-medium.ufo\/glyphs\/caron.glif","\/espritscef-medium.ufo\/glyphs\/ccedilla.glif":"\/espritscef-medium.ufo\/glyphs\/ccedilla.glif","\/espritscef-medium.ufo\/glyphs\/cedilla.glif":"\/espritscef-medium.ufo\/glyphs\/cedilla.glif","\/espritscef-medium.ufo\/glyphs\/cent.glif":"\/espritscef-medium.ufo\/glyphs\/cent.glif","\/espritscef-medium.ufo\/glyphs\/circumflex.glif":"\/espritscef-medium.ufo\/glyphs\/circumflex.glif","\/espritscef-medium.ufo\/glyphs\/colon.glif":"\/espritscef-medium.ufo\/glyphs\/colon.glif","\/espritscef-medium.ufo\/glyphs\/comma.glif":"\/espritscef-medium.ufo\/glyphs\/comma.glif","\/espritscef-medium.ufo\/glyphs\/contents.plist":"\/espritscef-medium.ufo\/glyphs\/contents.plist","\/espritscef-medium.ufo\/glyphs\/copyright.glif":"\/espritscef-medium.ufo\/glyphs\/copyright.glif","\/espritscef-medium.ufo\/glyphs\/currency.glif":"\/espritscef-medium.ufo\/glyphs\/currency.glif","\/espritscef-medium.ufo\/glyphs\/d.glif":"\/espritscef-medium.ufo\/glyphs\/d.glif","\/espritscef-medium.ufo\/glyphs\/dagger.glif":"\/espritscef-medium.ufo\/glyphs\/dagger.glif","\/espritscef-medium.ufo\/glyphs\/daggerdbl.glif":"\/espritscef-medium.ufo\/glyphs\/daggerdbl.glif","\/espritscef-medium.ufo\/glyphs\/degree.glif":"\/espritscef-medium.ufo\/glyphs\/degree.glif","\/espritscef-medium.ufo\/glyphs\/dieresis.glif":"\/espritscef-medium.ufo\/glyphs\/dieresis.glif","\/espritscef-medium.ufo\/glyphs\/divide.glif":"\/espritscef-medium.ufo\/glyphs\/divide.glif","\/espritscef-medium.ufo\/glyphs\/dollar.glif":"\/espritscef-medium.ufo\/glyphs\/dollar.glif","\/espritscef-medium.ufo\/glyphs\/dotaccent.glif":"\/espritscef-medium.ufo\/glyphs\/dotaccent.glif","\/espritscef-medium.ufo\/glyphs\/dotlessi.glif":"\/espritscef-medium.ufo\/glyphs\/dotlessi.glif","\/espritscef-medium.ufo\/glyphs\/e.glif":"\/espritscef-medium.ufo\/glyphs\/e.glif","\/espritscef-medium.ufo\/glyphs\/eacute.glif":"\/espritscef-medium.ufo\/glyphs\/eacute.glif","\/espritscef-medium.ufo\/glyphs\/ecircumflex.glif":"\/espritscef-medium.ufo\/glyphs\/ecircumflex.glif","\/espritscef-medium.ufo\/glyphs\/edieresis.glif":"\/espritscef-medium.ufo\/glyphs\/edieresis.glif","\/espritscef-medium.ufo\/glyphs\/egrave.glif":"\/espritscef-medium.ufo\/glyphs\/egrave.glif","\/espritscef-medium.ufo\/glyphs\/eight.glif":"\/espritscef-medium.ufo\/glyphs\/eight.glif","\/espritscef-medium.ufo\/glyphs\/ellipsis.glif":"\/espritscef-medium.ufo\/glyphs\/ellipsis.glif","\/espritscef-medium.ufo\/glyphs\/emdash.glif":"\/espritscef-medium.ufo\/glyphs\/emdash.glif","\/espritscef-medium.ufo\/glyphs\/endash.glif":"\/espritscef-medium.ufo\/glyphs\/endash.glif","\/espritscef-medium.ufo\/glyphs\/equal.glif":"\/espritscef-medium.ufo\/glyphs\/equal.glif","\/espritscef-medium.ufo\/glyphs\/eth.glif":"\/espritscef-medium.ufo\/glyphs\/eth.glif","\/espritscef-medium.ufo\/glyphs\/exclam.glif":"\/espritscef-medium.ufo\/glyphs\/exclam.glif","\/espritscef-medium.ufo\/glyphs\/exclamdown.glif":"\/espritscef-medium.ufo\/glyphs\/exclamdown.glif","\/espritscef-medium.ufo\/glyphs\/f.glif":"\/espritscef-medium.ufo\/glyphs\/f.glif","\/espritscef-medium.ufo\/glyphs\/fi.glif":"\/espritscef-medium.ufo\/glyphs\/fi.glif","\/espritscef-medium.ufo\/glyphs\/five.glif":"\/espritscef-medium.ufo\/glyphs\/five.glif","\/espritscef-medium.ufo\/glyphs\/fl.glif":"\/espritscef-medium.ufo\/glyphs\/fl.glif","\/espritscef-medium.ufo\/glyphs\/florin.glif":"\/espritscef-medium.ufo\/glyphs\/florin.glif","\/espritscef-medium.ufo\/glyphs\/four.glif":"\/espritscef-medium.ufo\/glyphs\/four.glif","\/espritscef-medium.ufo\/glyphs\/fraction.glif":"\/espritscef-medium.ufo\/glyphs\/fraction.glif","\/espritscef-medium.ufo\/glyphs\/g.glif":"\/espritscef-medium.ufo\/glyphs\/g.glif","\/espritscef-medium.ufo\/glyphs\/germandbls.glif":"\/espritscef-medium.ufo\/glyphs\/germandbls.glif","\/espritscef-medium.ufo\/glyphs\/grave.glif":"\/espritscef-medium.ufo\/glyphs\/grave.glif","\/espritscef-medium.ufo\/glyphs\/greater.glif":"\/espritscef-medium.ufo\/glyphs\/greater.glif","\/espritscef-medium.ufo\/glyphs\/greaterequal.glif":"\/espritscef-medium.ufo\/glyphs\/greaterequal.glif","\/espritscef-medium.ufo\/glyphs\/guillemotleft.glif":"\/espritscef-medium.ufo\/glyphs\/guillemotleft.glif","\/espritscef-medium.ufo\/glyphs\/guillemotright.glif":"\/espritscef-medium.ufo\/glyphs\/guillemotright.glif","\/espritscef-medium.ufo\/glyphs\/guilsinglleft.glif":"\/espritscef-medium.ufo\/glyphs\/guilsinglleft.glif","\/espritscef-medium.ufo\/glyphs\/guilsinglright.glif":"\/espritscef-medium.ufo\/glyphs\/guilsinglright.glif","\/espritscef-medium.ufo\/glyphs\/h.glif":"\/espritscef-medium.ufo\/glyphs\/h.glif","\/espritscef-medium.ufo\/glyphs\/hungarumlaut.glif":"\/espritscef-medium.ufo\/glyphs\/hungarumlaut.glif","\/espritscef-medium.ufo\/glyphs\/hyphen.glif":"\/espritscef-medium.ufo\/glyphs\/hyphen.glif","\/espritscef-medium.ufo\/glyphs\/i.glif":"\/espritscef-medium.ufo\/glyphs\/i.glif","\/espritscef-medium.ufo\/glyphs\/iacute.glif":"\/espritscef-medium.ufo\/glyphs\/iacute.glif","\/espritscef-medium.ufo\/glyphs\/icircumflex.glif":"\/espritscef-medium.ufo\/glyphs\/icircumflex.glif","\/espritscef-medium.ufo\/glyphs\/idieresis.glif":"\/espritscef-medium.ufo\/glyphs\/idieresis.glif","\/espritscef-medium.ufo\/glyphs\/igrave.glif":"\/espritscef-medium.ufo\/glyphs\/igrave.glif","\/espritscef-medium.ufo\/glyphs\/infinity.glif":"\/espritscef-medium.ufo\/glyphs\/infinity.glif","\/espritscef-medium.ufo\/glyphs\/integral.glif":"\/espritscef-medium.ufo\/glyphs\/integral.glif","\/espritscef-medium.ufo\/glyphs\/j.glif":"\/espritscef-medium.ufo\/glyphs\/j.glif","\/espritscef-medium.ufo\/glyphs\/k.glif":"\/espritscef-medium.ufo\/glyphs\/k.glif","\/espritscef-medium.ufo\/glyphs\/l.glif":"\/espritscef-medium.ufo\/glyphs\/l.glif","\/espritscef-medium.ufo\/glyphs\/less.glif":"\/espritscef-medium.ufo\/glyphs\/less.glif","\/espritscef-medium.ufo\/glyphs\/lessequal.glif":"\/espritscef-medium.ufo\/glyphs\/lessequal.glif","\/espritscef-medium.ufo\/glyphs\/logicalnot.glif":"\/espritscef-medium.ufo\/glyphs\/logicalnot.glif","\/espritscef-medium.ufo\/glyphs\/lozenge.glif":"\/espritscef-medium.ufo\/glyphs\/lozenge.glif","\/espritscef-medium.ufo\/glyphs\/lslash.glif":"\/espritscef-medium.ufo\/glyphs\/lslash.glif","\/espritscef-medium.ufo\/glyphs\/m.glif":"\/espritscef-medium.ufo\/glyphs\/m.glif","\/espritscef-medium.ufo\/glyphs\/macron.glif":"\/espritscef-medium.ufo\/glyphs\/macron.glif","\/espritscef-medium.ufo\/glyphs\/minus.glif":"\/espritscef-medium.ufo\/glyphs\/minus.glif","\/espritscef-medium.ufo\/glyphs\/mu.glif":"\/espritscef-medium.ufo\/glyphs\/mu.glif","\/espritscef-medium.ufo\/glyphs\/multiply.glif":"\/espritscef-medium.ufo\/glyphs\/multiply.glif","\/espritscef-medium.ufo\/glyphs\/n.glif":"\/espritscef-medium.ufo\/glyphs\/n.glif","\/espritscef-medium.ufo\/glyphs\/nbspace.glif":"\/espritscef-medium.ufo\/glyphs\/nbspace.glif","\/espritscef-medium.ufo\/glyphs\/nine.glif":"\/espritscef-medium.ufo\/glyphs\/nine.glif","\/espritscef-medium.ufo\/glyphs\/notequal.glif":"\/espritscef-medium.ufo\/glyphs\/notequal.glif","\/espritscef-medium.ufo\/glyphs\/ntilde.glif":"\/espritscef-medium.ufo\/glyphs\/ntilde.glif","\/espritscef-medium.ufo\/glyphs\/numbersign.glif":"\/espritscef-medium.ufo\/glyphs\/numbersign.glif","\/espritscef-medium.ufo\/glyphs\/o.glif":"\/espritscef-medium.ufo\/glyphs\/o.glif","\/espritscef-medium.ufo\/glyphs\/oacute.glif":"\/espritscef-medium.ufo\/glyphs\/oacute.glif","\/espritscef-medium.ufo\/glyphs\/ocircumflex.glif":"\/espritscef-medium.ufo\/glyphs\/ocircumflex.glif","\/espritscef-medium.ufo\/glyphs\/odieresis.glif":"\/espritscef-medium.ufo\/glyphs\/odieresis.glif","\/espritscef-medium.ufo\/glyphs\/oe.glif":"\/espritscef-medium.ufo\/glyphs\/oe.glif","\/espritscef-medium.ufo\/glyphs\/ogonek.glif":"\/espritscef-medium.ufo\/glyphs\/ogonek.glif","\/espritscef-medium.ufo\/glyphs\/ograve.glif":"\/espritscef-medium.ufo\/glyphs\/ograve.glif","\/espritscef-medium.ufo\/glyphs\/one.glif":"\/espritscef-medium.ufo\/glyphs\/one.glif","\/espritscef-medium.ufo\/glyphs\/onehalf.glif":"\/espritscef-medium.ufo\/glyphs\/onehalf.glif","\/espritscef-medium.ufo\/glyphs\/onequarter.glif":"\/espritscef-medium.ufo\/glyphs\/onequarter.glif","\/espritscef-medium.ufo\/glyphs\/onesuperior.glif":"\/espritscef-medium.ufo\/glyphs\/onesuperior.glif","\/espritscef-medium.ufo\/glyphs\/ordfeminine.glif":"\/espritscef-medium.ufo\/glyphs\/ordfeminine.glif","\/espritscef-medium.ufo\/glyphs\/ordmasculine.glif":"\/espritscef-medium.ufo\/glyphs\/ordmasculine.glif","\/espritscef-medium.ufo\/glyphs\/oslash.glif":"\/espritscef-medium.ufo\/glyphs\/oslash.glif","\/espritscef-medium.ufo\/glyphs\/otilde.glif":"\/espritscef-medium.ufo\/glyphs\/otilde.glif","\/espritscef-medium.ufo\/glyphs\/p.glif":"\/espritscef-medium.ufo\/glyphs\/p.glif","\/espritscef-medium.ufo\/glyphs\/paragraph.glif":"\/espritscef-medium.ufo\/glyphs\/paragraph.glif","\/espritscef-medium.ufo\/glyphs\/parenleft.glif":"\/espritscef-medium.ufo\/glyphs\/parenleft.glif","\/espritscef-medium.ufo\/glyphs\/parenright.glif":"\/espritscef-medium.ufo\/glyphs\/parenright.glif","\/espritscef-medium.ufo\/glyphs\/partialdiff.glif":"\/espritscef-medium.ufo\/glyphs\/partialdiff.glif","\/espritscef-medium.ufo\/glyphs\/percent.glif":"\/espritscef-medium.ufo\/glyphs\/percent.glif","\/espritscef-medium.ufo\/glyphs\/period.glif":"\/espritscef-medium.ufo\/glyphs\/period.glif","\/espritscef-medium.ufo\/glyphs\/periodcentered.glif":"\/espritscef-medium.ufo\/glyphs\/periodcentered.glif","\/espritscef-medium.ufo\/glyphs\/perthousand.glif":"\/espritscef-medium.ufo\/glyphs\/perthousand.glif","\/espritscef-medium.ufo\/glyphs\/pi.glif":"\/espritscef-medium.ufo\/glyphs\/pi.glif","\/espritscef-medium.ufo\/glyphs\/plus.glif":"\/espritscef-medium.ufo\/glyphs\/plus.glif","\/espritscef-medium.ufo\/glyphs\/plusminus.glif":"\/espritscef-medium.ufo\/glyphs\/plusminus.glif","\/espritscef-medium.ufo\/glyphs\/product.glif":"\/espritscef-medium.ufo\/glyphs\/product.glif","\/espritscef-medium.ufo\/glyphs\/q.glif":"\/espritscef-medium.ufo\/glyphs\/q.glif","\/espritscef-medium.ufo\/glyphs\/question.glif":"\/espritscef-medium.ufo\/glyphs\/question.glif","\/espritscef-medium.ufo\/glyphs\/questiondown.glif":"\/espritscef-medium.ufo\/glyphs\/questiondown.glif","\/espritscef-medium.ufo\/glyphs\/quotedbl.glif":"\/espritscef-medium.ufo\/glyphs\/quotedbl.glif","\/espritscef-medium.ufo\/glyphs\/quotedblbase.glif":"\/espritscef-medium.ufo\/glyphs\/quotedblbase.glif","\/espritscef-medium.ufo\/glyphs\/quotedblleft.glif":"\/espritscef-medium.ufo\/glyphs\/quotedblleft.glif","\/espritscef-medium.ufo\/glyphs\/quotedblright.glif":"\/espritscef-medium.ufo\/glyphs\/quotedblright.glif","\/espritscef-medium.ufo\/glyphs\/quoteleft.glif":"\/espritscef-medium.ufo\/glyphs\/quoteleft.glif","\/espritscef-medium.ufo\/glyphs\/quoteright.glif":"\/espritscef-medium.ufo\/glyphs\/quoteright.glif","\/espritscef-medium.ufo\/glyphs\/quotesinglbase.glif":"\/espritscef-medium.ufo\/glyphs\/quotesinglbase.glif","\/espritscef-medium.ufo\/glyphs\/quotesingle.glif":"\/espritscef-medium.ufo\/glyphs\/quotesingle.glif","\/espritscef-medium.ufo\/glyphs\/r.glif":"\/espritscef-medium.ufo\/glyphs\/r.glif","\/espritscef-medium.ufo\/glyphs\/radical.glif":"\/espritscef-medium.ufo\/glyphs\/radical.glif","\/espritscef-medium.ufo\/glyphs\/registered.glif":"\/espritscef-medium.ufo\/glyphs\/registered.glif","\/espritscef-medium.ufo\/glyphs\/ring.glif":"\/espritscef-medium.ufo\/glyphs\/ring.glif","\/espritscef-medium.ufo\/glyphs\/s.glif":"\/espritscef-medium.ufo\/glyphs\/s.glif","\/espritscef-medium.ufo\/glyphs\/scaron.glif":"\/espritscef-medium.ufo\/glyphs\/scaron.glif","\/espritscef-medium.ufo\/glyphs\/section.glif":"\/espritscef-medium.ufo\/glyphs\/section.glif","\/espritscef-medium.ufo\/glyphs\/semicolon.glif":"\/espritscef-medium.ufo\/glyphs\/semicolon.glif","\/espritscef-medium.ufo\/glyphs\/seven.glif":"\/espritscef-medium.ufo\/glyphs\/seven.glif","\/espritscef-medium.ufo\/glyphs\/six.glif":"\/espritscef-medium.ufo\/glyphs\/six.glif","\/espritscef-medium.ufo\/glyphs\/slash.glif":"\/espritscef-medium.ufo\/glyphs\/slash.glif","\/espritscef-medium.ufo\/glyphs\/sterling.glif":"\/espritscef-medium.ufo\/glyphs\/sterling.glif","\/espritscef-medium.ufo\/glyphs\/summation.glif":"\/espritscef-medium.ufo\/glyphs\/summation.glif","\/espritscef-medium.ufo\/glyphs\/t.glif":"\/espritscef-medium.ufo\/glyphs\/t.glif","\/espritscef-medium.ufo\/glyphs\/thorn.glif":"\/espritscef-medium.ufo\/glyphs\/thorn.glif","\/espritscef-medium.ufo\/glyphs\/three.glif":"\/espritscef-medium.ufo\/glyphs\/three.glif","\/espritscef-medium.ufo\/glyphs\/threequarters.glif":"\/espritscef-medium.ufo\/glyphs\/threequarters.glif","\/espritscef-medium.ufo\/glyphs\/threesuperior.glif":"\/espritscef-medium.ufo\/glyphs\/threesuperior.glif","\/espritscef-medium.ufo\/glyphs\/tilde.glif":"\/espritscef-medium.ufo\/glyphs\/tilde.glif","\/espritscef-medium.ufo\/glyphs\/trademark.glif":"\/espritscef-medium.ufo\/glyphs\/trademark.glif","\/espritscef-medium.ufo\/glyphs\/two.glif":"\/espritscef-medium.ufo\/glyphs\/two.glif","\/espritscef-medium.ufo\/glyphs\/twosuperior.glif":"\/espritscef-medium.ufo\/glyphs\/twosuperior.glif","\/espritscef-medium.ufo\/glyphs\/u.glif":"\/espritscef-medium.ufo\/glyphs\/u.glif","\/espritscef-medium.ufo\/glyphs\/uacute.glif":"\/espritscef-medium.ufo\/glyphs\/uacute.glif","\/espritscef-medium.ufo\/glyphs\/ucircumflex.glif":"\/espritscef-medium.ufo\/glyphs\/ucircumflex.glif","\/espritscef-medium.ufo\/glyphs\/udieresis.glif":"\/espritscef-medium.ufo\/glyphs\/udieresis.glif","\/espritscef-medium.ufo\/glyphs\/ugrave.glif":"\/espritscef-medium.ufo\/glyphs\/ugrave.glif","\/espritscef-medium.ufo\/glyphs\/underscore.glif":"\/espritscef-medium.ufo\/glyphs\/underscore.glif","\/espritscef-medium.ufo\/glyphs\/v.glif":"\/espritscef-medium.ufo\/glyphs\/v.glif","\/espritscef-medium.ufo\/glyphs\/w.glif":"\/espritscef-medium.ufo\/glyphs\/w.glif","\/espritscef-medium.ufo\/glyphs\/x.glif":"\/espritscef-medium.ufo\/glyphs\/x.glif","\/espritscef-medium.ufo\/glyphs\/y.glif":"\/espritscef-medium.ufo\/glyphs\/y.glif","\/espritscef-medium.ufo\/glyphs\/yacute.glif":"\/espritscef-medium.ufo\/glyphs\/yacute.glif","\/espritscef-medium.ufo\/glyphs\/ydieresis.glif":"\/espritscef-medium.ufo\/glyphs\/ydieresis.glif","\/espritscef-medium.ufo\/glyphs\/yen.glif":"\/espritscef-medium.ufo\/glyphs\/yen.glif","\/espritscef-medium.ufo\/glyphs\/z.glif":"\/espritscef-medium.ufo\/glyphs\/z.glif","\/espritscef-medium.ufo\/glyphs\/zcaron.glif":"\/espritscef-medium.ufo\/glyphs\/zcaron.glif","\/espritscef-medium.ufo\/glyphs\/zero.glif":"\/espritscef-medium.ufo\/glyphs\/zero.glif"},"Font":{"uploaded":1471093195.8399,"licence":"gpl3","company":"Chronolabs Cooperative","title":"Esprit SCEF Medium","version":3.002,"date":"Fri Aug 12 15:37:42 2016","creator":"root","type":"1","matrix":"0.001 0 0 0.001 0 0","named":"EspritSCEF-Medium","painttype":"0","info":"10 dict dup","name":"EspritSCEF-Medium","family":"EspritSCEF","weight":"Medium","fstype":"0","italicangle":"0","underlineposition":"","underlinethickness":""},"Licences":{"":false},"Table":{"FFTM":{"entryLength":16,"tag":"FFTM","checksum":1944407772,"offset":39144,"length":28},"GDEF":{"entryLength":16,"tag":"GDEF","checksum":19070982,"offset":39112,"length":32},"OS\/2":{"entryLength":16,"tag":"OS\/2","checksum":2010061834,"offset":344,"length":86},"cmap":{"entryLength":16,"tag":"cmap","checksum":2905836924,"offset":1416,"length":654},"gasp":{"entryLength":16,"tag":"gasp","checksum":4294901763,"offset":39104,"length":8},"glyf":{"entryLength":16,"tag":"glyf","checksum":2070856530,"offset":2568,"length":35304},"head":{"entryLength":16,"tag":"head","checksum":172750877,"offset":220,"length":54},"hhea":{"entryLength":16,"tag":"hhea","checksum":126878673,"offset":276,"length":36},"hmtx":{"entryLength":16,"tag":"hmtx","checksum":377298850,"offset":432,"length":984},"loca":{"entryLength":16,"tag":"loca","checksum":1301293734,"offset":2072,"length":494},"maxp":{"entryLength":16,"tag":"maxp","checksum":20906125,"offset":312,"length":32},"name":{"entryLength":16,"tag":"name","checksum":3884959613,"offset":37872,"length":693},"post":{"entryLength":16,"tag":"post","checksum":40219288,"offset":38568,"length":534}},"UnicodeCharMap":{"33":3,"34":4,"35":5,"36":6,"37":7,"38":8,"39":9,"40":10,"41":11,"42":12,"43":13,"44":14,"45":15,"46":16,"47":17,"48":18,"49":19,"50":20,"51":21,"52":22,"53":23,"54":24,"55":25,"56":26,"57":27,"58":28,"59":29,"60":30,"61":31,"62":32,"63":33,"64":34,"65":35,"66":36,"67":37,"68":38,"69":39,"70":40,"71":41,"72":42,"73":43,"74":44,"75":45,"76":46,"77":47,"78":48,"79":49,"80":50,"81":51,"82":52,"83":53,"84":54,"85":55,"86":56,"87":57,"88":58,"89":59,"90":60,"91":61,"92":62,"93":63,"94":64,"95":65,"96":66,"97":67,"98":68,"99":69,"100":70,"101":71,"102":72,"103":73,"104":74,"105":75,"106":76,"107":77,"108":78,"109":79,"110":80,"111":81,"112":82,"113":83,"114":84,"115":85,"116":86,"117":87,"118":88,"119":89,"120":90,"121":91,"122":92,"123":93,"124":94,"125":95,"126":96,"160":97,"161":98,"162":99,"163":100,"164":101,"165":102,"166":103,"167":104,"168":105,"169":106,"170":107,"171":108,"172":109,"174":110,"175":111,"176":112,"177":113,"178":114,"179":115,"180":116,"182":118,"183":119,"184":120,"185":121,"186":122,"187":123,"188":124,"189":125,"190":126,"191":127,"192":128,"193":129,"194":130,"195":131,"196":132,"197":133,"198":134,"199":135,"200":136,"201":137,"202":138,"203":139,"204":140,"205":141,"206":142,"207":143,"208":144,"209":145,"210":146,"211":147,"212":148,"213":149,"214":150,"215":151,"216":152,"217":153,"218":154,"219":155,"220":156,"221":157,"222":158,"223":159,"224":160,"225":161,"226":162,"227":163,"228":164,"229":165,"230":166,"231":167,"232":168,"233":169,"234":170,"235":171,"236":172,"237":173,"238":174,"239":175,"240":176,"241":177,"242":178,"243":179,"244":180,"245":181,"246":182,"247":183,"248":184,"249":185,"250":186,"251":187,"252":188,"253":189,"254":190,"255":191,"305":221,"321":219,"322":222,"338":220,"339":223,"352":224,"353":225,"376":244,"381":226,"382":227,"402":195,"710":210,"711":217,"728":212,"729":213,"730":214,"731":216,"732":211,"733":215,"916":242,"937":239,"956":117,"960":237,"8211":201,"8212":218,"8216":193,"8217":192,"8218":205,"8220":196,"8221":207,"8222":206,"8224":202,"8225":203,"8226":204,"8230":208,"8240":209,"8249":197,"8250":198,"8260":194,"8482":229,"8706":234,"8719":236,"8721":235,"8722":228,"8730":240,"8734":231,"8747":238,"8776":241,"8800":230,"8804":232,"8805":233,"9674":243,"64257":199,"64258":200},"Reserves":{"fontname":"Esprit SCEF Medium"},"Names":{"Esprit SCEF Medium":{"name":"Esprit SCEF Medium","longitude":"0.00000001","latitude":"0.00000001","country":"","region":"","city":""}},"Nodes":{"es":{"type":"typal","node":"es","usage":1,"weight":1},"it":{"type":"typal","node":"it","usage":1,"weight":1},"sc":{"type":"typal","node":"sc","usage":1,"weight":1},"ef":{"type":"typal","node":"ef","usage":1,"weight":1},"me":{"type":"typal","node":"me","usage":1,"weight":1},"um":{"type":"typal","node":"um","usage":1,"weight":1},"esp":{"type":"typal","node":"esp","usage":1,"weight":1},"rit":{"type":"typal","node":"rit","usage":1,"weight":1},"sce":{"type":"typal","node":"sce","usage":1,"weight":1},"cef":{"type":"typal","node":"cef","usage":1,"weight":1},"med":{"type":"typal","node":"med","usage":1,"weight":1},"ium":{"type":"typal","node":"ium","usage":1,"weight":1},"espr":{"type":"keys","node":"espr","usage":1,"weight":1},"prit":{"type":"keys","node":"prit","usage":1,"weight":1},"medi":{"type":"keys","node":"medi","usage":1,"weight":1},"dium":{"type":"keys","node":"dium","usage":1,"weight":1},"espri":{"type":"keys","node":"espri","usage":1,"weight":1},"sprit":{"type":"keys","node":"sprit","usage":1,"weight":1},"mediu":{"type":"keys","node":"mediu","usage":1,"weight":1},"edium":{"type":"keys","node":"edium","usage":1,"weight":1},"esprit":{"type":"fixes","node":"esprit","usage":1,"weight":1},"scef":{"type":"fixes","node":"scef","usage":1,"weight":1},"medium":{"type":"fixes","node":"medium","usage":1,"weight":1}},"Contributors":[],"FontIdentity":"wagovau:28da83efb95a7c91fd6b0b4e","Bytes":null,"Networking":[],"barcode":"yo11ukwagmo5ac","referee":"soyoaq"}