{"CSS":{"Terminal":"zinc69:9a4b794adf5c2c1fa944e1b69.css"},"FontType":"TrueType","FontCopyright":"(c) Copyright Bitstream Inc. 1984. All rights reserved.","FontName":"Terminal","FontSubfamily":"Normal","FontSubfamilyID":"FontForge 2.0 : Terminal : 26-11-2016","FontFullName":"Terminal","FontVersion":"Version 001.000 ","FontWeight":null,"FontPostscriptName":"Terminal","Files":{"\/Terminal.css":"\/Terminal.css","\/font-resource.json":"\/font-resource.json","\/vga850.afm":"\/vga850.afm","\/vga850.cef":"\/vga850.cef","\/vga850.cff":"\/vga850.cff","\/vga850.eot":"\/vga850.eot","\/vga850.gai":"\/vga850.gai","\/vga850.gsf":"\/vga850.gsf","\/vga850.otf":"\/vga850.otf","\/vga850.pf3":"\/vga850.pf3","\/vga850.pfa":"\/vga850.pfa","\/vga850.pfb":"\/vga850.pfb","\/vga850.php":"\/vga850.php","\/vga850.pt3":"\/vga850.pt3","\/vga850.sfd":"\/vga850.sfd","\/vga850.svg":"\/vga850.svg","\/vga850.t42":"\/vga850.t42","\/vga850.ttd":"\/vga850.ttd","\/vga850.ttf":"\/vga850.ttf","\/vga850.ttg":"\/vga850.ttg","\/vga850.ufm":"\/vga850.ufm","\/vga850.woff":"\/vga850.woff","\/vga850.z":"\/vga850.z","\/vga850.ufo\/feature.fea":"\/vga850.ufo\/feature.fea","\/vga850.ufo\/fontinfo.plist":"\/vga850.ufo\/fontinfo.plist","\/vga850.ufo\/groups.plist":"\/vga850.ufo\/groups.plist","\/vga850.ufo\/kerning.plist":"\/vga850.ufo\/kerning.plist","\/vga850.ufo\/metainfo.plist":"\/vga850.ufo\/metainfo.plist","\/vga850.ufo\/glyphs\/A_.glif":"\/vga850.ufo\/glyphs\/A_.glif","\/vga850.ufo\/glyphs\/A_E_.glif":"\/vga850.ufo\/glyphs\/A_E_.glif","\/vga850.ufo\/glyphs\/A_acute.glif":"\/vga850.ufo\/glyphs\/A_acute.glif","\/vga850.ufo\/glyphs\/A_circumflex.glif":"\/vga850.ufo\/glyphs\/A_circumflex.glif","\/vga850.ufo\/glyphs\/A_dieresis.glif":"\/vga850.ufo\/glyphs\/A_dieresis.glif","\/vga850.ufo\/glyphs\/A_grave.glif":"\/vga850.ufo\/glyphs\/A_grave.glif","\/vga850.ufo\/glyphs\/A_ring.glif":"\/vga850.ufo\/glyphs\/A_ring.glif","\/vga850.ufo\/glyphs\/A_tilde.glif":"\/vga850.ufo\/glyphs\/A_tilde.glif","\/vga850.ufo\/glyphs\/B_.glif":"\/vga850.ufo\/glyphs\/B_.glif","\/vga850.ufo\/glyphs\/C_.glif":"\/vga850.ufo\/glyphs\/C_.glif","\/vga850.ufo\/glyphs\/C_cedilla.glif":"\/vga850.ufo\/glyphs\/C_cedilla.glif","\/vga850.ufo\/glyphs\/D_.glif":"\/vga850.ufo\/glyphs\/D_.glif","\/vga850.ufo\/glyphs\/E_.glif":"\/vga850.ufo\/glyphs\/E_.glif","\/vga850.ufo\/glyphs\/E_acute.glif":"\/vga850.ufo\/glyphs\/E_acute.glif","\/vga850.ufo\/glyphs\/E_circumflex.glif":"\/vga850.ufo\/glyphs\/E_circumflex.glif","\/vga850.ufo\/glyphs\/E_dieresis.glif":"\/vga850.ufo\/glyphs\/E_dieresis.glif","\/vga850.ufo\/glyphs\/E_grave.glif":"\/vga850.ufo\/glyphs\/E_grave.glif","\/vga850.ufo\/glyphs\/E_th.glif":"\/vga850.ufo\/glyphs\/E_th.glif","\/vga850.ufo\/glyphs\/E_uro.glif":"\/vga850.ufo\/glyphs\/E_uro.glif","\/vga850.ufo\/glyphs\/F_.glif":"\/vga850.ufo\/glyphs\/F_.glif","\/vga850.ufo\/glyphs\/G_.glif":"\/vga850.ufo\/glyphs\/G_.glif","\/vga850.ufo\/glyphs\/H_.glif":"\/vga850.ufo\/glyphs\/H_.glif","\/vga850.ufo\/glyphs\/I_.glif":"\/vga850.ufo\/glyphs\/I_.glif","\/vga850.ufo\/glyphs\/I_acute.glif":"\/vga850.ufo\/glyphs\/I_acute.glif","\/vga850.ufo\/glyphs\/I_circumflex.glif":"\/vga850.ufo\/glyphs\/I_circumflex.glif","\/vga850.ufo\/glyphs\/I_dieresis.glif":"\/vga850.ufo\/glyphs\/I_dieresis.glif","\/vga850.ufo\/glyphs\/I_grave.glif":"\/vga850.ufo\/glyphs\/I_grave.glif","\/vga850.ufo\/glyphs\/J_.glif":"\/vga850.ufo\/glyphs\/J_.glif","\/vga850.ufo\/glyphs\/K_.glif":"\/vga850.ufo\/glyphs\/K_.glif","\/vga850.ufo\/glyphs\/L_.glif":"\/vga850.ufo\/glyphs\/L_.glif","\/vga850.ufo\/glyphs\/M_.glif":"\/vga850.ufo\/glyphs\/M_.glif","\/vga850.ufo\/glyphs\/N_.glif":"\/vga850.ufo\/glyphs\/N_.glif","\/vga850.ufo\/glyphs\/N_ameM_e.129.glif":"\/vga850.ufo\/glyphs\/N_ameM_e.129.glif","\/vga850.ufo\/glyphs\/N_ameM_e.141.glif":"\/vga850.ufo\/glyphs\/N_ameM_e.141.glif","\/vga850.ufo\/glyphs\/N_ameM_e.143.glif":"\/vga850.ufo\/glyphs\/N_ameM_e.143.glif","\/vga850.ufo\/glyphs\/N_ameM_e.144.glif":"\/vga850.ufo\/glyphs\/N_ameM_e.144.glif","\/vga850.ufo\/glyphs\/N_ameM_e.157.glif":"\/vga850.ufo\/glyphs\/N_ameM_e.157.glif","\/vga850.ufo\/glyphs\/N_tilde.glif":"\/vga850.ufo\/glyphs\/N_tilde.glif","\/vga850.ufo\/glyphs\/O_.glif":"\/vga850.ufo\/glyphs\/O_.glif","\/vga850.ufo\/glyphs\/O_E_.glif":"\/vga850.ufo\/glyphs\/O_E_.glif","\/vga850.ufo\/glyphs\/O_acute.glif":"\/vga850.ufo\/glyphs\/O_acute.glif","\/vga850.ufo\/glyphs\/O_circumflex.glif":"\/vga850.ufo\/glyphs\/O_circumflex.glif","\/vga850.ufo\/glyphs\/O_dieresis.glif":"\/vga850.ufo\/glyphs\/O_dieresis.glif","\/vga850.ufo\/glyphs\/O_grave.glif":"\/vga850.ufo\/glyphs\/O_grave.glif","\/vga850.ufo\/glyphs\/O_slash.glif":"\/vga850.ufo\/glyphs\/O_slash.glif","\/vga850.ufo\/glyphs\/O_tilde.glif":"\/vga850.ufo\/glyphs\/O_tilde.glif","\/vga850.ufo\/glyphs\/P_.glif":"\/vga850.ufo\/glyphs\/P_.glif","\/vga850.ufo\/glyphs\/Q_.glif":"\/vga850.ufo\/glyphs\/Q_.glif","\/vga850.ufo\/glyphs\/R_.glif":"\/vga850.ufo\/glyphs\/R_.glif","\/vga850.ufo\/glyphs\/S_.glif":"\/vga850.ufo\/glyphs\/S_.glif","\/vga850.ufo\/glyphs\/S_caron.glif":"\/vga850.ufo\/glyphs\/S_caron.glif","\/vga850.ufo\/glyphs\/T_.glif":"\/vga850.ufo\/glyphs\/T_.glif","\/vga850.ufo\/glyphs\/T_horn.glif":"\/vga850.ufo\/glyphs\/T_horn.glif","\/vga850.ufo\/glyphs\/U_.glif":"\/vga850.ufo\/glyphs\/U_.glif","\/vga850.ufo\/glyphs\/U_acute.glif":"\/vga850.ufo\/glyphs\/U_acute.glif","\/vga850.ufo\/glyphs\/U_circumflex.glif":"\/vga850.ufo\/glyphs\/U_circumflex.glif","\/vga850.ufo\/glyphs\/U_dieresis.glif":"\/vga850.ufo\/glyphs\/U_dieresis.glif","\/vga850.ufo\/glyphs\/U_grave.glif":"\/vga850.ufo\/glyphs\/U_grave.glif","\/vga850.ufo\/glyphs\/V_.glif":"\/vga850.ufo\/glyphs\/V_.glif","\/vga850.ufo\/glyphs\/W_.glif":"\/vga850.ufo\/glyphs\/W_.glif","\/vga850.ufo\/glyphs\/X_.glif":"\/vga850.ufo\/glyphs\/X_.glif","\/vga850.ufo\/glyphs\/Y_.glif":"\/vga850.ufo\/glyphs\/Y_.glif","\/vga850.ufo\/glyphs\/Y_acute.glif":"\/vga850.ufo\/glyphs\/Y_acute.glif","\/vga850.ufo\/glyphs\/Y_dieresis.glif":"\/vga850.ufo\/glyphs\/Y_dieresis.glif","\/vga850.ufo\/glyphs\/Z_.glif":"\/vga850.ufo\/glyphs\/Z_.glif","\/vga850.ufo\/glyphs\/Z_caron.glif":"\/vga850.ufo\/glyphs\/Z_caron.glif","\/vga850.ufo\/glyphs\/a.glif":"\/vga850.ufo\/glyphs\/a.glif","\/vga850.ufo\/glyphs\/aacute.glif":"\/vga850.ufo\/glyphs\/aacute.glif","\/vga850.ufo\/glyphs\/acircumflex.glif":"\/vga850.ufo\/glyphs\/acircumflex.glif","\/vga850.ufo\/glyphs\/acute.glif":"\/vga850.ufo\/glyphs\/acute.glif","\/vga850.ufo\/glyphs\/adieresis.glif":"\/vga850.ufo\/glyphs\/adieresis.glif","\/vga850.ufo\/glyphs\/ae.glif":"\/vga850.ufo\/glyphs\/ae.glif","\/vga850.ufo\/glyphs\/agrave.glif":"\/vga850.ufo\/glyphs\/agrave.glif","\/vga850.ufo\/glyphs\/ampersand.glif":"\/vga850.ufo\/glyphs\/ampersand.glif","\/vga850.ufo\/glyphs\/aring.glif":"\/vga850.ufo\/glyphs\/aring.glif","\/vga850.ufo\/glyphs\/asciicircum.glif":"\/vga850.ufo\/glyphs\/asciicircum.glif","\/vga850.ufo\/glyphs\/asciitilde.glif":"\/vga850.ufo\/glyphs\/asciitilde.glif","\/vga850.ufo\/glyphs\/asterisk.glif":"\/vga850.ufo\/glyphs\/asterisk.glif","\/vga850.ufo\/glyphs\/at.glif":"\/vga850.ufo\/glyphs\/at.glif","\/vga850.ufo\/glyphs\/atilde.glif":"\/vga850.ufo\/glyphs\/atilde.glif","\/vga850.ufo\/glyphs\/b.glif":"\/vga850.ufo\/glyphs\/b.glif","\/vga850.ufo\/glyphs\/backslash.glif":"\/vga850.ufo\/glyphs\/backslash.glif","\/vga850.ufo\/glyphs\/bar.glif":"\/vga850.ufo\/glyphs\/bar.glif","\/vga850.ufo\/glyphs\/braceleft.glif":"\/vga850.ufo\/glyphs\/braceleft.glif","\/vga850.ufo\/glyphs\/braceright.glif":"\/vga850.ufo\/glyphs\/braceright.glif","\/vga850.ufo\/glyphs\/bracketleft.glif":"\/vga850.ufo\/glyphs\/bracketleft.glif","\/vga850.ufo\/glyphs\/bracketright.glif":"\/vga850.ufo\/glyphs\/bracketright.glif","\/vga850.ufo\/glyphs\/brokenbar.glif":"\/vga850.ufo\/glyphs\/brokenbar.glif","\/vga850.ufo\/glyphs\/bullet.glif":"\/vga850.ufo\/glyphs\/bullet.glif","\/vga850.ufo\/glyphs\/c.glif":"\/vga850.ufo\/glyphs\/c.glif","\/vga850.ufo\/glyphs\/ccedilla.glif":"\/vga850.ufo\/glyphs\/ccedilla.glif","\/vga850.ufo\/glyphs\/cedilla.glif":"\/vga850.ufo\/glyphs\/cedilla.glif","\/vga850.ufo\/glyphs\/cent.glif":"\/vga850.ufo\/glyphs\/cent.glif","\/vga850.ufo\/glyphs\/circumflex.glif":"\/vga850.ufo\/glyphs\/circumflex.glif","\/vga850.ufo\/glyphs\/colon.glif":"\/vga850.ufo\/glyphs\/colon.glif","\/vga850.ufo\/glyphs\/comma.glif":"\/vga850.ufo\/glyphs\/comma.glif","\/vga850.ufo\/glyphs\/contents.plist":"\/vga850.ufo\/glyphs\/contents.plist","\/vga850.ufo\/glyphs\/copyright.glif":"\/vga850.ufo\/glyphs\/copyright.glif","\/vga850.ufo\/glyphs\/currency.glif":"\/vga850.ufo\/glyphs\/currency.glif","\/vga850.ufo\/glyphs\/d.glif":"\/vga850.ufo\/glyphs\/d.glif","\/vga850.ufo\/glyphs\/dagger.glif":"\/vga850.ufo\/glyphs\/dagger.glif","\/vga850.ufo\/glyphs\/daggerdbl.glif":"\/vga850.ufo\/glyphs\/daggerdbl.glif","\/vga850.ufo\/glyphs\/degree.glif":"\/vga850.ufo\/glyphs\/degree.glif","\/vga850.ufo\/glyphs\/dieresis.glif":"\/vga850.ufo\/glyphs\/dieresis.glif","\/vga850.ufo\/glyphs\/divide.glif":"\/vga850.ufo\/glyphs\/divide.glif","\/vga850.ufo\/glyphs\/dollar.glif":"\/vga850.ufo\/glyphs\/dollar.glif","\/vga850.ufo\/glyphs\/e.glif":"\/vga850.ufo\/glyphs\/e.glif","\/vga850.ufo\/glyphs\/eacute.glif":"\/vga850.ufo\/glyphs\/eacute.glif","\/vga850.ufo\/glyphs\/ecircumflex.glif":"\/vga850.ufo\/glyphs\/ecircumflex.glif","\/vga850.ufo\/glyphs\/edieresis.glif":"\/vga850.ufo\/glyphs\/edieresis.glif","\/vga850.ufo\/glyphs\/egrave.glif":"\/vga850.ufo\/glyphs\/egrave.glif","\/vga850.ufo\/glyphs\/eight.glif":"\/vga850.ufo\/glyphs\/eight.glif","\/vga850.ufo\/glyphs\/ellipsis.glif":"\/vga850.ufo\/glyphs\/ellipsis.glif","\/vga850.ufo\/glyphs\/emdash.glif":"\/vga850.ufo\/glyphs\/emdash.glif","\/vga850.ufo\/glyphs\/endash.glif":"\/vga850.ufo\/glyphs\/endash.glif","\/vga850.ufo\/glyphs\/equal.glif":"\/vga850.ufo\/glyphs\/equal.glif","\/vga850.ufo\/glyphs\/eth.glif":"\/vga850.ufo\/glyphs\/eth.glif","\/vga850.ufo\/glyphs\/exclam.glif":"\/vga850.ufo\/glyphs\/exclam.glif","\/vga850.ufo\/glyphs\/exclamdown.glif":"\/vga850.ufo\/glyphs\/exclamdown.glif","\/vga850.ufo\/glyphs\/f.glif":"\/vga850.ufo\/glyphs\/f.glif","\/vga850.ufo\/glyphs\/five.glif":"\/vga850.ufo\/glyphs\/five.glif","\/vga850.ufo\/glyphs\/florin.glif":"\/vga850.ufo\/glyphs\/florin.glif","\/vga850.ufo\/glyphs\/four.glif":"\/vga850.ufo\/glyphs\/four.glif","\/vga850.ufo\/glyphs\/g.glif":"\/vga850.ufo\/glyphs\/g.glif","\/vga850.ufo\/glyphs\/germandbls.glif":"\/vga850.ufo\/glyphs\/germandbls.glif","\/vga850.ufo\/glyphs\/grave.glif":"\/vga850.ufo\/glyphs\/grave.glif","\/vga850.ufo\/glyphs\/greater.glif":"\/vga850.ufo\/glyphs\/greater.glif","\/vga850.ufo\/glyphs\/guillemotleft.glif":"\/vga850.ufo\/glyphs\/guillemotleft.glif","\/vga850.ufo\/glyphs\/guillemotright.glif":"\/vga850.ufo\/glyphs\/guillemotright.glif","\/vga850.ufo\/glyphs\/guilsinglleft.glif":"\/vga850.ufo\/glyphs\/guilsinglleft.glif","\/vga850.ufo\/glyphs\/guilsinglright.glif":"\/vga850.ufo\/glyphs\/guilsinglright.glif","\/vga850.ufo\/glyphs\/h.glif":"\/vga850.ufo\/glyphs\/h.glif","\/vga850.ufo\/glyphs\/hyphen.glif":"\/vga850.ufo\/glyphs\/hyphen.glif","\/vga850.ufo\/glyphs\/i.glif":"\/vga850.ufo\/glyphs\/i.glif","\/vga850.ufo\/glyphs\/iacute.glif":"\/vga850.ufo\/glyphs\/iacute.glif","\/vga850.ufo\/glyphs\/icircumflex.glif":"\/vga850.ufo\/glyphs\/icircumflex.glif","\/vga850.ufo\/glyphs\/idieresis.glif":"\/vga850.ufo\/glyphs\/idieresis.glif","\/vga850.ufo\/glyphs\/igrave.glif":"\/vga850.ufo\/glyphs\/igrave.glif","\/vga850.ufo\/glyphs\/j.glif":"\/vga850.ufo\/glyphs\/j.glif","\/vga850.ufo\/glyphs\/k.glif":"\/vga850.ufo\/glyphs\/k.glif","\/vga850.ufo\/glyphs\/l.glif":"\/vga850.ufo\/glyphs\/l.glif","\/vga850.ufo\/glyphs\/less.glif":"\/vga850.ufo\/glyphs\/less.glif","\/vga850.ufo\/glyphs\/logicalnot.glif":"\/vga850.ufo\/glyphs\/logicalnot.glif","\/vga850.ufo\/glyphs\/m.glif":"\/vga850.ufo\/glyphs\/m.glif","\/vga850.ufo\/glyphs\/macron.glif":"\/vga850.ufo\/glyphs\/macron.glif","\/vga850.ufo\/glyphs\/multiply.glif":"\/vga850.ufo\/glyphs\/multiply.glif","\/vga850.ufo\/glyphs\/n.glif":"\/vga850.ufo\/glyphs\/n.glif","\/vga850.ufo\/glyphs\/nine.glif":"\/vga850.ufo\/glyphs\/nine.glif","\/vga850.ufo\/glyphs\/ntilde.glif":"\/vga850.ufo\/glyphs\/ntilde.glif","\/vga850.ufo\/glyphs\/numbersign.glif":"\/vga850.ufo\/glyphs\/numbersign.glif","\/vga850.ufo\/glyphs\/o.glif":"\/vga850.ufo\/glyphs\/o.glif","\/vga850.ufo\/glyphs\/oacute.glif":"\/vga850.ufo\/glyphs\/oacute.glif","\/vga850.ufo\/glyphs\/ocircumflex.glif":"\/vga850.ufo\/glyphs\/ocircumflex.glif","\/vga850.ufo\/glyphs\/odieresis.glif":"\/vga850.ufo\/glyphs\/odieresis.glif","\/vga850.ufo\/glyphs\/oe.glif":"\/vga850.ufo\/glyphs\/oe.glif","\/vga850.ufo\/glyphs\/ograve.glif":"\/vga850.ufo\/glyphs\/ograve.glif","\/vga850.ufo\/glyphs\/one.glif":"\/vga850.ufo\/glyphs\/one.glif","\/vga850.ufo\/glyphs\/onehalf.glif":"\/vga850.ufo\/glyphs\/onehalf.glif","\/vga850.ufo\/glyphs\/onequarter.glif":"\/vga850.ufo\/glyphs\/onequarter.glif","\/vga850.ufo\/glyphs\/ordfeminine.glif":"\/vga850.ufo\/glyphs\/ordfeminine.glif","\/vga850.ufo\/glyphs\/ordmasculine.glif":"\/vga850.ufo\/glyphs\/ordmasculine.glif","\/vga850.ufo\/glyphs\/oslash.glif":"\/vga850.ufo\/glyphs\/oslash.glif","\/vga850.ufo\/glyphs\/otilde.glif":"\/vga850.ufo\/glyphs\/otilde.glif","\/vga850.ufo\/glyphs\/p.glif":"\/vga850.ufo\/glyphs\/p.glif","\/vga850.ufo\/glyphs\/paragraph.glif":"\/vga850.ufo\/glyphs\/paragraph.glif","\/vga850.ufo\/glyphs\/parenleft.glif":"\/vga850.ufo\/glyphs\/parenleft.glif","\/vga850.ufo\/glyphs\/parenright.glif":"\/vga850.ufo\/glyphs\/parenright.glif","\/vga850.ufo\/glyphs\/percent.glif":"\/vga850.ufo\/glyphs\/percent.glif","\/vga850.ufo\/glyphs\/period.glif":"\/vga850.ufo\/glyphs\/period.glif","\/vga850.ufo\/glyphs\/periodcentered.glif":"\/vga850.ufo\/glyphs\/periodcentered.glif","\/vga850.ufo\/glyphs\/perthousand.glif":"\/vga850.ufo\/glyphs\/perthousand.glif","\/vga850.ufo\/glyphs\/plus.glif":"\/vga850.ufo\/glyphs\/plus.glif","\/vga850.ufo\/glyphs\/plusminus.glif":"\/vga850.ufo\/glyphs\/plusminus.glif","\/vga850.ufo\/glyphs\/q.glif":"\/vga850.ufo\/glyphs\/q.glif","\/vga850.ufo\/glyphs\/question.glif":"\/vga850.ufo\/glyphs\/question.glif","\/vga850.ufo\/glyphs\/questiondown.glif":"\/vga850.ufo\/glyphs\/questiondown.glif","\/vga850.ufo\/glyphs\/quotedbl.glif":"\/vga850.ufo\/glyphs\/quotedbl.glif","\/vga850.ufo\/glyphs\/quotedblbase.glif":"\/vga850.ufo\/glyphs\/quotedblbase.glif","\/vga850.ufo\/glyphs\/quotedblleft.glif":"\/vga850.ufo\/glyphs\/quotedblleft.glif","\/vga850.ufo\/glyphs\/quotedblright.glif":"\/vga850.ufo\/glyphs\/quotedblright.glif","\/vga850.ufo\/glyphs\/quoteleft.glif":"\/vga850.ufo\/glyphs\/quoteleft.glif","\/vga850.ufo\/glyphs\/quoteright.glif":"\/vga850.ufo\/glyphs\/quoteright.glif","\/vga850.ufo\/glyphs\/quotesinglbase.glif":"\/vga850.ufo\/glyphs\/quotesinglbase.glif","\/vga850.ufo\/glyphs\/quotesingle.glif":"\/vga850.ufo\/glyphs\/quotesingle.glif","\/vga850.ufo\/glyphs\/r.glif":"\/vga850.ufo\/glyphs\/r.glif","\/vga850.ufo\/glyphs\/registered.glif":"\/vga850.ufo\/glyphs\/registered.glif","\/vga850.ufo\/glyphs\/s.glif":"\/vga850.ufo\/glyphs\/s.glif","\/vga850.ufo\/glyphs\/scaron.glif":"\/vga850.ufo\/glyphs\/scaron.glif","\/vga850.ufo\/glyphs\/section.glif":"\/vga850.ufo\/glyphs\/section.glif","\/vga850.ufo\/glyphs\/semicolon.glif":"\/vga850.ufo\/glyphs\/semicolon.glif","\/vga850.ufo\/glyphs\/seven.glif":"\/vga850.ufo\/glyphs\/seven.glif","\/vga850.ufo\/glyphs\/six.glif":"\/vga850.ufo\/glyphs\/six.glif","\/vga850.ufo\/glyphs\/slash.glif":"\/vga850.ufo\/glyphs\/slash.glif","\/vga850.ufo\/glyphs\/space.glif":"\/vga850.ufo\/glyphs\/space.glif","\/vga850.ufo\/glyphs\/sterling.glif":"\/vga850.ufo\/glyphs\/sterling.glif","\/vga850.ufo\/glyphs\/t.glif":"\/vga850.ufo\/glyphs\/t.glif","\/vga850.ufo\/glyphs\/thorn.glif":"\/vga850.ufo\/glyphs\/thorn.glif","\/vga850.ufo\/glyphs\/three.glif":"\/vga850.ufo\/glyphs\/three.glif","\/vga850.ufo\/glyphs\/threequarters.glif":"\/vga850.ufo\/glyphs\/threequarters.glif","\/vga850.ufo\/glyphs\/tilde.glif":"\/vga850.ufo\/glyphs\/tilde.glif","\/vga850.ufo\/glyphs\/trademark.glif":"\/vga850.ufo\/glyphs\/trademark.glif","\/vga850.ufo\/glyphs\/two.glif":"\/vga850.ufo\/glyphs\/two.glif","\/vga850.ufo\/glyphs\/u.glif":"\/vga850.ufo\/glyphs\/u.glif","\/vga850.ufo\/glyphs\/uacute.glif":"\/vga850.ufo\/glyphs\/uacute.glif","\/vga850.ufo\/glyphs\/ucircumflex.glif":"\/vga850.ufo\/glyphs\/ucircumflex.glif","\/vga850.ufo\/glyphs\/udieresis.glif":"\/vga850.ufo\/glyphs\/udieresis.glif","\/vga850.ufo\/glyphs\/ugrave.glif":"\/vga850.ufo\/glyphs\/ugrave.glif","\/vga850.ufo\/glyphs\/underscore.glif":"\/vga850.ufo\/glyphs\/underscore.glif","\/vga850.ufo\/glyphs\/uni0001.glif":"\/vga850.ufo\/glyphs\/uni0001.glif","\/vga850.ufo\/glyphs\/uni0002.glif":"\/vga850.ufo\/glyphs\/uni0002.glif","\/vga850.ufo\/glyphs\/uni0003.glif":"\/vga850.ufo\/glyphs\/uni0003.glif","\/vga850.ufo\/glyphs\/uni0004.glif":"\/vga850.ufo\/glyphs\/uni0004.glif","\/vga850.ufo\/glyphs\/uni0005.glif":"\/vga850.ufo\/glyphs\/uni0005.glif","\/vga850.ufo\/glyphs\/uni0006.glif":"\/vga850.ufo\/glyphs\/uni0006.glif","\/vga850.ufo\/glyphs\/uni0007.glif":"\/vga850.ufo\/glyphs\/uni0007.glif","\/vga850.ufo\/glyphs\/uni0008.glif":"\/vga850.ufo\/glyphs\/uni0008.glif","\/vga850.ufo\/glyphs\/uni0009.glif":"\/vga850.ufo\/glyphs\/uni0009.glif","\/vga850.ufo\/glyphs\/uni000A_.glif":"\/vga850.ufo\/glyphs\/uni000A_.glif","\/vga850.ufo\/glyphs\/uni000B_.glif":"\/vga850.ufo\/glyphs\/uni000B_.glif","\/vga850.ufo\/glyphs\/uni000C_.glif":"\/vga850.ufo\/glyphs\/uni000C_.glif","\/vga850.ufo\/glyphs\/uni000D_.glif":"\/vga850.ufo\/glyphs\/uni000D_.glif","\/vga850.ufo\/glyphs\/uni000E_.glif":"\/vga850.ufo\/glyphs\/uni000E_.glif","\/vga850.ufo\/glyphs\/uni000F_.glif":"\/vga850.ufo\/glyphs\/uni000F_.glif","\/vga850.ufo\/glyphs\/uni0010.glif":"\/vga850.ufo\/glyphs\/uni0010.glif","\/vga850.ufo\/glyphs\/uni0011.glif":"\/vga850.ufo\/glyphs\/uni0011.glif","\/vga850.ufo\/glyphs\/uni0012.glif":"\/vga850.ufo\/glyphs\/uni0012.glif","\/vga850.ufo\/glyphs\/uni0013.glif":"\/vga850.ufo\/glyphs\/uni0013.glif","\/vga850.ufo\/glyphs\/uni0014.glif":"\/vga850.ufo\/glyphs\/uni0014.glif","\/vga850.ufo\/glyphs\/uni0015.glif":"\/vga850.ufo\/glyphs\/uni0015.glif","\/vga850.ufo\/glyphs\/uni0016.glif":"\/vga850.ufo\/glyphs\/uni0016.glif","\/vga850.ufo\/glyphs\/uni0017.glif":"\/vga850.ufo\/glyphs\/uni0017.glif","\/vga850.ufo\/glyphs\/uni0018.glif":"\/vga850.ufo\/glyphs\/uni0018.glif","\/vga850.ufo\/glyphs\/uni0019.glif":"\/vga850.ufo\/glyphs\/uni0019.glif","\/vga850.ufo\/glyphs\/uni001A_.glif":"\/vga850.ufo\/glyphs\/uni001A_.glif","\/vga850.ufo\/glyphs\/uni001B_.glif":"\/vga850.ufo\/glyphs\/uni001B_.glif","\/vga850.ufo\/glyphs\/uni001C_.glif":"\/vga850.ufo\/glyphs\/uni001C_.glif","\/vga850.ufo\/glyphs\/uni001D_.glif":"\/vga850.ufo\/glyphs\/uni001D_.glif","\/vga850.ufo\/glyphs\/uni001E_.glif":"\/vga850.ufo\/glyphs\/uni001E_.glif","\/vga850.ufo\/glyphs\/uni001F_.glif":"\/vga850.ufo\/glyphs\/uni001F_.glif","\/vga850.ufo\/glyphs\/uni007F_.glif":"\/vga850.ufo\/glyphs\/uni007F_.glif","\/vga850.ufo\/glyphs\/uni00A_0.glif":"\/vga850.ufo\/glyphs\/uni00A_0.glif","\/vga850.ufo\/glyphs\/uni00A_D_.glif":"\/vga850.ufo\/glyphs\/uni00A_D_.glif","\/vga850.ufo\/glyphs\/uni00B_2.glif":"\/vga850.ufo\/glyphs\/uni00B_2.glif","\/vga850.ufo\/glyphs\/uni00B_3.glif":"\/vga850.ufo\/glyphs\/uni00B_3.glif","\/vga850.ufo\/glyphs\/uni00B_5.glif":"\/vga850.ufo\/glyphs\/uni00B_5.glif","\/vga850.ufo\/glyphs\/uni00B_9.glif":"\/vga850.ufo\/glyphs\/uni00B_9.glif","\/vga850.ufo\/glyphs\/v.glif":"\/vga850.ufo\/glyphs\/v.glif","\/vga850.ufo\/glyphs\/w.glif":"\/vga850.ufo\/glyphs\/w.glif","\/vga850.ufo\/glyphs\/x.glif":"\/vga850.ufo\/glyphs\/x.glif","\/vga850.ufo\/glyphs\/y.glif":"\/vga850.ufo\/glyphs\/y.glif","\/vga850.ufo\/glyphs\/yacute.glif":"\/vga850.ufo\/glyphs\/yacute.glif","\/vga850.ufo\/glyphs\/yen.glif":"\/vga850.ufo\/glyphs\/yen.glif","\/vga850.ufo\/glyphs\/z.glif":"\/vga850.ufo\/glyphs\/z.glif","\/vga850.ufo\/glyphs\/zcaron.glif":"\/vga850.ufo\/glyphs\/zcaron.glif","\/vga850.ufo\/glyphs\/zero.glif":"\/vga850.ufo\/glyphs\/zero.glif"},"Font":{"uploaded":1489314209.5368,"licence":"gpl3","company":"Chronolabs Cooperative","title":"Terminal","version":3.002,"date":"Fri Nov 25 21:24:37 2016","creator":"root","type":"1","matrix":"0.001 0 0 0.001 0 0","named":"Terminal","painttype":"0","info":"9 dict dup","name":"Terminal","family":"Terminal","weight":"Normal","italicangle":"0","underlineposition":"","underlinethickness":""},"Licences":{"":false},"Table":{"FFTM":{"entryLength":16,"tag":"FFTM","checksum":1962485402,"offset":3780,"length":28},"GDEF":{"entryLength":16,"tag":"GDEF","checksum":19726341,"offset":3748,"length":32},"OS\/2":{"entryLength":16,"tag":"OS\/2","checksum":1435631086,"offset":344,"length":86},"cmap":{"entryLength":16,"tag":"cmap","checksum":146883255,"offset":952,"length":746},"gasp":{"entryLength":16,"tag":"gasp","checksum":4294901763,"offset":3740,"length":8},"glyf":{"entryLength":16,"tag":"glyf","checksum":0,"offset":2216,"length":0},"head":{"entryLength":16,"tag":"head","checksum":131816491,"offset":220,"length":54},"hhea":{"entryLength":16,"tag":"hhea","checksum":58458584,"offset":276,"length":36},"hmtx":{"entryLength":16,"tag":"hmtx","checksum":131137536,"offset":432,"length":520},"loca":{"entryLength":16,"tag":"loca","checksum":0,"offset":1700,"length":514},"maxp":{"entryLength":16,"tag":"maxp","checksum":21102595,"offset":312,"length":32},"name":{"entryLength":16,"tag":"name","checksum":4149343521,"offset":2216,"length":609},"post":{"entryLength":16,"tag":"post","checksum":2624036846,"offset":2828,"length":910}},"UnicodeCharMap":{"1":3,"2":4,"3":5,"4":6,"5":7,"6":8,"7":9,"8":10,"9":11,"10":12,"11":13,"12":14,"13":2,"14":15,"15":16,"16":17,"17":18,"18":19,"19":20,"20":21,"21":22,"22":23,"23":24,"24":25,"25":26,"26":27,"27":28,"28":29,"29":30,"30":31,"31":32,"32":33,"33":34,"34":35,"35":36,"36":37,"37":38,"38":39,"39":40,"40":41,"41":42,"42":43,"43":44,"44":45,"45":46,"46":47,"47":48,"48":49,"49":50,"50":51,"51":52,"52":53,"53":54,"54":55,"55":56,"56":57,"57":58,"58":59,"59":60,"60":61,"61":62,"62":63,"63":64,"64":65,"65":66,"66":67,"67":68,"68":69,"69":70,"70":71,"71":72,"72":73,"73":74,"74":75,"75":76,"76":77,"77":78,"78":79,"79":80,"80":81,"81":82,"82":83,"83":84,"84":85,"85":86,"86":87,"87":88,"88":89,"89":90,"90":91,"91":92,"92":93,"93":94,"94":95,"95":96,"96":97,"97":98,"98":99,"99":100,"100":101,"101":102,"102":103,"103":104,"104":105,"105":106,"106":107,"107":108,"108":109,"109":110,"110":111,"111":112,"112":113,"113":114,"114":115,"115":116,"116":117,"117":118,"118":119,"119":120,"120":121,"121":122,"122":123,"123":124,"124":125,"125":126,"126":127,"127":128,"160":161,"161":162,"162":163,"163":164,"164":165,"165":166,"166":167,"167":168,"168":169,"169":170,"170":171,"171":172,"172":173,"173":174,"174":175,"175":176,"176":177,"177":178,"178":179,"179":180,"180":181,"181":182,"182":183,"183":184,"184":185,"185":186,"186":187,"187":188,"188":189,"189":190,"190":191,"191":192,"192":193,"193":194,"194":195,"195":196,"196":197,"197":198,"198":199,"199":200,"200":201,"201":202,"202":203,"203":204,"204":205,"205":206,"206":207,"207":208,"208":209,"209":210,"210":211,"211":212,"212":213,"213":214,"214":215,"215":216,"216":217,"217":218,"218":219,"219":220,"220":221,"221":222,"222":223,"223":224,"224":225,"225":226,"226":227,"227":228,"228":229,"229":230,"230":231,"231":232,"232":233,"233":234,"234":235,"235":236,"236":237,"237":238,"238":239,"239":240,"240":241,"241":242,"242":243,"243":244,"244":245,"245":246,"246":247,"247":248,"248":249,"249":250,"250":251,"251":252,"252":253,"253":254,"254":255,"338":141,"339":157,"352":139,"353":155,"376":160,"381":143,"382":159,"402":132,"710":137,"732":153,"8211":151,"8212":152,"8216":146,"8217":147,"8218":131,"8220":148,"8221":149,"8222":133,"8224":135,"8225":136,"8226":150,"8230":134,"8240":138,"8249":140,"8250":156,"8364":129,"8482":154},"Reserves":{"fontname":"Terminal"},"Names":{"Terminal":{"name":"Terminal","longitude":"0.00000001","latitude":"0.00000001","country":"","region":"","city":""}},"Nodes":{"te":{"type":"typal","node":"te","usage":1,"weight":1},"al":{"type":"typal","node":"al","usage":1,"weight":1},"ter":{"type":"typal","node":"ter","usage":1,"weight":1},"nal":{"type":"typal","node":"nal","usage":1,"weight":1},"term":{"type":"keys","node":"term","usage":1,"weight":1},"inal":{"type":"keys","node":"inal","usage":1,"weight":1},"termi":{"type":"keys","node":"termi","usage":1,"weight":1},"minal":{"type":"keys","node":"minal","usage":1,"weight":1},"terminal":{"type":"fixes","node":"terminal","usage":1,"weight":1}},"Contributors":[],"FontIdentity":"zinc69:9a4b794adf5c2c1fa944e1b69","Bytes":null,"Networking":[],"barcode":"12wi10sak7aaogo","referee":"meqiwgy"}