{"CSS":{"Vonnes-Black":"Vonnes-Black.css","Vonnes Black":"qldgovau:4202ab18a2f83f3e57bfff4.css"},"FontType":"TrueType","FontCopyright":"Copyright \\(c\\) 1997, The Font Bureau, Inc. David Berlow, All rights reserved","FontName":"Vonnes","FontSubfamily":"Black","FontSubfamilyID":"FontForge 2.0 : Vonnes-Black : 12-8-2016","FontFullName":"Vonnes Black","FontVersion":"Version 001.000 ","FontWeight":null,"FontPostscriptName":"Vonnes-Black","Files":{"\/Vonnes-Black.css":"\/Vonnes-Black.css","\/font-resource.json":"\/font-resource.json","\/vonnes-black.afm":"\/vonnes-black.afm","\/vonnes-black.cef":"\/vonnes-black.cef","\/vonnes-black.cff":"\/vonnes-black.cff","\/vonnes-black.eot":"\/vonnes-black.eot","\/vonnes-black.gai":"\/vonnes-black.gai","\/vonnes-black.gsf":"\/vonnes-black.gsf","\/vonnes-black.otf":"\/vonnes-black.otf","\/vonnes-black.pf3":"\/vonnes-black.pf3","\/vonnes-black.pfa":"\/vonnes-black.pfa","\/vonnes-black.pfb":"\/vonnes-black.pfb","\/vonnes-black.php":"\/vonnes-black.php","\/vonnes-black.pt3":"\/vonnes-black.pt3","\/vonnes-black.sfd":"\/vonnes-black.sfd","\/vonnes-black.svg":"\/vonnes-black.svg","\/vonnes-black.t42":"\/vonnes-black.t42","\/vonnes-black.ttd":"\/vonnes-black.ttd","\/vonnes-black.ttf":"\/vonnes-black.ttf","\/vonnes-black.ttg":"\/vonnes-black.ttg","\/vonnes-black.ufm":"\/vonnes-black.ufm","\/vonnes-black.woff":"\/vonnes-black.woff","\/vonnes-black.z":"\/vonnes-black.z","\/vonnes-black.ufo\/feature.fea":"\/vonnes-black.ufo\/feature.fea","\/vonnes-black.ufo\/fontinfo.plist":"\/vonnes-black.ufo\/fontinfo.plist","\/vonnes-black.ufo\/groups.plist":"\/vonnes-black.ufo\/groups.plist","\/vonnes-black.ufo\/kerning.plist":"\/vonnes-black.ufo\/kerning.plist","\/vonnes-black.ufo\/metainfo.plist":"\/vonnes-black.ufo\/metainfo.plist","\/vonnes-black.ufo\/glyphs\/A_.glif":"\/vonnes-black.ufo\/glyphs\/A_.glif","\/vonnes-black.ufo\/glyphs\/A_E_.glif":"\/vonnes-black.ufo\/glyphs\/A_E_.glif","\/vonnes-black.ufo\/glyphs\/A_acute.glif":"\/vonnes-black.ufo\/glyphs\/A_acute.glif","\/vonnes-black.ufo\/glyphs\/A_circumflex.glif":"\/vonnes-black.ufo\/glyphs\/A_circumflex.glif","\/vonnes-black.ufo\/glyphs\/A_dieresis.glif":"\/vonnes-black.ufo\/glyphs\/A_dieresis.glif","\/vonnes-black.ufo\/glyphs\/A_grave.glif":"\/vonnes-black.ufo\/glyphs\/A_grave.glif","\/vonnes-black.ufo\/glyphs\/A_ring.glif":"\/vonnes-black.ufo\/glyphs\/A_ring.glif","\/vonnes-black.ufo\/glyphs\/A_tilde.glif":"\/vonnes-black.ufo\/glyphs\/A_tilde.glif","\/vonnes-black.ufo\/glyphs\/B_.glif":"\/vonnes-black.ufo\/glyphs\/B_.glif","\/vonnes-black.ufo\/glyphs\/C_.glif":"\/vonnes-black.ufo\/glyphs\/C_.glif","\/vonnes-black.ufo\/glyphs\/C_cedilla.glif":"\/vonnes-black.ufo\/glyphs\/C_cedilla.glif","\/vonnes-black.ufo\/glyphs\/D_.glif":"\/vonnes-black.ufo\/glyphs\/D_.glif","\/vonnes-black.ufo\/glyphs\/D_elta.glif":"\/vonnes-black.ufo\/glyphs\/D_elta.glif","\/vonnes-black.ufo\/glyphs\/E_.glif":"\/vonnes-black.ufo\/glyphs\/E_.glif","\/vonnes-black.ufo\/glyphs\/E_acute.glif":"\/vonnes-black.ufo\/glyphs\/E_acute.glif","\/vonnes-black.ufo\/glyphs\/E_circumflex.glif":"\/vonnes-black.ufo\/glyphs\/E_circumflex.glif","\/vonnes-black.ufo\/glyphs\/E_dieresis.glif":"\/vonnes-black.ufo\/glyphs\/E_dieresis.glif","\/vonnes-black.ufo\/glyphs\/E_grave.glif":"\/vonnes-black.ufo\/glyphs\/E_grave.glif","\/vonnes-black.ufo\/glyphs\/E_th.glif":"\/vonnes-black.ufo\/glyphs\/E_th.glif","\/vonnes-black.ufo\/glyphs\/F_.glif":"\/vonnes-black.ufo\/glyphs\/F_.glif","\/vonnes-black.ufo\/glyphs\/G_.glif":"\/vonnes-black.ufo\/glyphs\/G_.glif","\/vonnes-black.ufo\/glyphs\/H_.glif":"\/vonnes-black.ufo\/glyphs\/H_.glif","\/vonnes-black.ufo\/glyphs\/I_.glif":"\/vonnes-black.ufo\/glyphs\/I_.glif","\/vonnes-black.ufo\/glyphs\/I_acute.glif":"\/vonnes-black.ufo\/glyphs\/I_acute.glif","\/vonnes-black.ufo\/glyphs\/I_circumflex.glif":"\/vonnes-black.ufo\/glyphs\/I_circumflex.glif","\/vonnes-black.ufo\/glyphs\/I_dieresis.glif":"\/vonnes-black.ufo\/glyphs\/I_dieresis.glif","\/vonnes-black.ufo\/glyphs\/I_grave.glif":"\/vonnes-black.ufo\/glyphs\/I_grave.glif","\/vonnes-black.ufo\/glyphs\/J_.glif":"\/vonnes-black.ufo\/glyphs\/J_.glif","\/vonnes-black.ufo\/glyphs\/K_.glif":"\/vonnes-black.ufo\/glyphs\/K_.glif","\/vonnes-black.ufo\/glyphs\/L_.glif":"\/vonnes-black.ufo\/glyphs\/L_.glif","\/vonnes-black.ufo\/glyphs\/L_slash.glif":"\/vonnes-black.ufo\/glyphs\/L_slash.glif","\/vonnes-black.ufo\/glyphs\/M_.glif":"\/vonnes-black.ufo\/glyphs\/M_.glif","\/vonnes-black.ufo\/glyphs\/N_.glif":"\/vonnes-black.ufo\/glyphs\/N_.glif","\/vonnes-black.ufo\/glyphs\/N_U_L_.glif":"\/vonnes-black.ufo\/glyphs\/N_U_L_.glif","\/vonnes-black.ufo\/glyphs\/N_tilde.glif":"\/vonnes-black.ufo\/glyphs\/N_tilde.glif","\/vonnes-black.ufo\/glyphs\/O_.glif":"\/vonnes-black.ufo\/glyphs\/O_.glif","\/vonnes-black.ufo\/glyphs\/O_E_.glif":"\/vonnes-black.ufo\/glyphs\/O_E_.glif","\/vonnes-black.ufo\/glyphs\/O_acute.glif":"\/vonnes-black.ufo\/glyphs\/O_acute.glif","\/vonnes-black.ufo\/glyphs\/O_circumflex.glif":"\/vonnes-black.ufo\/glyphs\/O_circumflex.glif","\/vonnes-black.ufo\/glyphs\/O_dieresis.glif":"\/vonnes-black.ufo\/glyphs\/O_dieresis.glif","\/vonnes-black.ufo\/glyphs\/O_grave.glif":"\/vonnes-black.ufo\/glyphs\/O_grave.glif","\/vonnes-black.ufo\/glyphs\/O_mega.glif":"\/vonnes-black.ufo\/glyphs\/O_mega.glif","\/vonnes-black.ufo\/glyphs\/O_slash.glif":"\/vonnes-black.ufo\/glyphs\/O_slash.glif","\/vonnes-black.ufo\/glyphs\/O_tilde.glif":"\/vonnes-black.ufo\/glyphs\/O_tilde.glif","\/vonnes-black.ufo\/glyphs\/P_.glif":"\/vonnes-black.ufo\/glyphs\/P_.glif","\/vonnes-black.ufo\/glyphs\/Q_.glif":"\/vonnes-black.ufo\/glyphs\/Q_.glif","\/vonnes-black.ufo\/glyphs\/R_.glif":"\/vonnes-black.ufo\/glyphs\/R_.glif","\/vonnes-black.ufo\/glyphs\/S_.glif":"\/vonnes-black.ufo\/glyphs\/S_.glif","\/vonnes-black.ufo\/glyphs\/S_caron.glif":"\/vonnes-black.ufo\/glyphs\/S_caron.glif","\/vonnes-black.ufo\/glyphs\/T_.glif":"\/vonnes-black.ufo\/glyphs\/T_.glif","\/vonnes-black.ufo\/glyphs\/T_horn.glif":"\/vonnes-black.ufo\/glyphs\/T_horn.glif","\/vonnes-black.ufo\/glyphs\/U_.glif":"\/vonnes-black.ufo\/glyphs\/U_.glif","\/vonnes-black.ufo\/glyphs\/U_acute.glif":"\/vonnes-black.ufo\/glyphs\/U_acute.glif","\/vonnes-black.ufo\/glyphs\/U_circumflex.glif":"\/vonnes-black.ufo\/glyphs\/U_circumflex.glif","\/vonnes-black.ufo\/glyphs\/U_dieresis.glif":"\/vonnes-black.ufo\/glyphs\/U_dieresis.glif","\/vonnes-black.ufo\/glyphs\/U_grave.glif":"\/vonnes-black.ufo\/glyphs\/U_grave.glif","\/vonnes-black.ufo\/glyphs\/V_.glif":"\/vonnes-black.ufo\/glyphs\/V_.glif","\/vonnes-black.ufo\/glyphs\/W_.glif":"\/vonnes-black.ufo\/glyphs\/W_.glif","\/vonnes-black.ufo\/glyphs\/X_.glif":"\/vonnes-black.ufo\/glyphs\/X_.glif","\/vonnes-black.ufo\/glyphs\/Y_.glif":"\/vonnes-black.ufo\/glyphs\/Y_.glif","\/vonnes-black.ufo\/glyphs\/Y_acute.glif":"\/vonnes-black.ufo\/glyphs\/Y_acute.glif","\/vonnes-black.ufo\/glyphs\/Y_dieresis.glif":"\/vonnes-black.ufo\/glyphs\/Y_dieresis.glif","\/vonnes-black.ufo\/glyphs\/Z_.glif":"\/vonnes-black.ufo\/glyphs\/Z_.glif","\/vonnes-black.ufo\/glyphs\/Z_caron.glif":"\/vonnes-black.ufo\/glyphs\/Z_caron.glif","\/vonnes-black.ufo\/glyphs\/a.glif":"\/vonnes-black.ufo\/glyphs\/a.glif","\/vonnes-black.ufo\/glyphs\/aacute.glif":"\/vonnes-black.ufo\/glyphs\/aacute.glif","\/vonnes-black.ufo\/glyphs\/acircumflex.glif":"\/vonnes-black.ufo\/glyphs\/acircumflex.glif","\/vonnes-black.ufo\/glyphs\/acute.glif":"\/vonnes-black.ufo\/glyphs\/acute.glif","\/vonnes-black.ufo\/glyphs\/adieresis.glif":"\/vonnes-black.ufo\/glyphs\/adieresis.glif","\/vonnes-black.ufo\/glyphs\/ae.glif":"\/vonnes-black.ufo\/glyphs\/ae.glif","\/vonnes-black.ufo\/glyphs\/agrave.glif":"\/vonnes-black.ufo\/glyphs\/agrave.glif","\/vonnes-black.ufo\/glyphs\/ampersand.glif":"\/vonnes-black.ufo\/glyphs\/ampersand.glif","\/vonnes-black.ufo\/glyphs\/apple.glif":"\/vonnes-black.ufo\/glyphs\/apple.glif","\/vonnes-black.ufo\/glyphs\/approxequal.glif":"\/vonnes-black.ufo\/glyphs\/approxequal.glif","\/vonnes-black.ufo\/glyphs\/aring.glif":"\/vonnes-black.ufo\/glyphs\/aring.glif","\/vonnes-black.ufo\/glyphs\/asciicircum.glif":"\/vonnes-black.ufo\/glyphs\/asciicircum.glif","\/vonnes-black.ufo\/glyphs\/asciitilde.glif":"\/vonnes-black.ufo\/glyphs\/asciitilde.glif","\/vonnes-black.ufo\/glyphs\/asterisk.glif":"\/vonnes-black.ufo\/glyphs\/asterisk.glif","\/vonnes-black.ufo\/glyphs\/at.glif":"\/vonnes-black.ufo\/glyphs\/at.glif","\/vonnes-black.ufo\/glyphs\/atilde.glif":"\/vonnes-black.ufo\/glyphs\/atilde.glif","\/vonnes-black.ufo\/glyphs\/b.glif":"\/vonnes-black.ufo\/glyphs\/b.glif","\/vonnes-black.ufo\/glyphs\/backslash.glif":"\/vonnes-black.ufo\/glyphs\/backslash.glif","\/vonnes-black.ufo\/glyphs\/bar.glif":"\/vonnes-black.ufo\/glyphs\/bar.glif","\/vonnes-black.ufo\/glyphs\/braceleft.glif":"\/vonnes-black.ufo\/glyphs\/braceleft.glif","\/vonnes-black.ufo\/glyphs\/braceright.glif":"\/vonnes-black.ufo\/glyphs\/braceright.glif","\/vonnes-black.ufo\/glyphs\/bracketleft.glif":"\/vonnes-black.ufo\/glyphs\/bracketleft.glif","\/vonnes-black.ufo\/glyphs\/bracketright.glif":"\/vonnes-black.ufo\/glyphs\/bracketright.glif","\/vonnes-black.ufo\/glyphs\/breve.glif":"\/vonnes-black.ufo\/glyphs\/breve.glif","\/vonnes-black.ufo\/glyphs\/brokenbar.glif":"\/vonnes-black.ufo\/glyphs\/brokenbar.glif","\/vonnes-black.ufo\/glyphs\/bullet.glif":"\/vonnes-black.ufo\/glyphs\/bullet.glif","\/vonnes-black.ufo\/glyphs\/c.glif":"\/vonnes-black.ufo\/glyphs\/c.glif","\/vonnes-black.ufo\/glyphs\/caron.glif":"\/vonnes-black.ufo\/glyphs\/caron.glif","\/vonnes-black.ufo\/glyphs\/ccedilla.glif":"\/vonnes-black.ufo\/glyphs\/ccedilla.glif","\/vonnes-black.ufo\/glyphs\/cedilla.glif":"\/vonnes-black.ufo\/glyphs\/cedilla.glif","\/vonnes-black.ufo\/glyphs\/cent.glif":"\/vonnes-black.ufo\/glyphs\/cent.glif","\/vonnes-black.ufo\/glyphs\/circumflex.glif":"\/vonnes-black.ufo\/glyphs\/circumflex.glif","\/vonnes-black.ufo\/glyphs\/colon.glif":"\/vonnes-black.ufo\/glyphs\/colon.glif","\/vonnes-black.ufo\/glyphs\/comma.glif":"\/vonnes-black.ufo\/glyphs\/comma.glif","\/vonnes-black.ufo\/glyphs\/contents.plist":"\/vonnes-black.ufo\/glyphs\/contents.plist","\/vonnes-black.ufo\/glyphs\/copyright.glif":"\/vonnes-black.ufo\/glyphs\/copyright.glif","\/vonnes-black.ufo\/glyphs\/currency.glif":"\/vonnes-black.ufo\/glyphs\/currency.glif","\/vonnes-black.ufo\/glyphs\/d.glif":"\/vonnes-black.ufo\/glyphs\/d.glif","\/vonnes-black.ufo\/glyphs\/dagger.glif":"\/vonnes-black.ufo\/glyphs\/dagger.glif","\/vonnes-black.ufo\/glyphs\/daggerdbl.glif":"\/vonnes-black.ufo\/glyphs\/daggerdbl.glif","\/vonnes-black.ufo\/glyphs\/degree.glif":"\/vonnes-black.ufo\/glyphs\/degree.glif","\/vonnes-black.ufo\/glyphs\/dieresis.glif":"\/vonnes-black.ufo\/glyphs\/dieresis.glif","\/vonnes-black.ufo\/glyphs\/divide.glif":"\/vonnes-black.ufo\/glyphs\/divide.glif","\/vonnes-black.ufo\/glyphs\/dollar.glif":"\/vonnes-black.ufo\/glyphs\/dollar.glif","\/vonnes-black.ufo\/glyphs\/dotaccent.glif":"\/vonnes-black.ufo\/glyphs\/dotaccent.glif","\/vonnes-black.ufo\/glyphs\/dotlessi.glif":"\/vonnes-black.ufo\/glyphs\/dotlessi.glif","\/vonnes-black.ufo\/glyphs\/e.glif":"\/vonnes-black.ufo\/glyphs\/e.glif","\/vonnes-black.ufo\/glyphs\/eacute.glif":"\/vonnes-black.ufo\/glyphs\/eacute.glif","\/vonnes-black.ufo\/glyphs\/ecircumflex.glif":"\/vonnes-black.ufo\/glyphs\/ecircumflex.glif","\/vonnes-black.ufo\/glyphs\/edieresis.glif":"\/vonnes-black.ufo\/glyphs\/edieresis.glif","\/vonnes-black.ufo\/glyphs\/egrave.glif":"\/vonnes-black.ufo\/glyphs\/egrave.glif","\/vonnes-black.ufo\/glyphs\/eight.glif":"\/vonnes-black.ufo\/glyphs\/eight.glif","\/vonnes-black.ufo\/glyphs\/ellipsis.glif":"\/vonnes-black.ufo\/glyphs\/ellipsis.glif","\/vonnes-black.ufo\/glyphs\/emdash.glif":"\/vonnes-black.ufo\/glyphs\/emdash.glif","\/vonnes-black.ufo\/glyphs\/endash.glif":"\/vonnes-black.ufo\/glyphs\/endash.glif","\/vonnes-black.ufo\/glyphs\/equal.glif":"\/vonnes-black.ufo\/glyphs\/equal.glif","\/vonnes-black.ufo\/glyphs\/eth.glif":"\/vonnes-black.ufo\/glyphs\/eth.glif","\/vonnes-black.ufo\/glyphs\/exclam.glif":"\/vonnes-black.ufo\/glyphs\/exclam.glif","\/vonnes-black.ufo\/glyphs\/exclamdown.glif":"\/vonnes-black.ufo\/glyphs\/exclamdown.glif","\/vonnes-black.ufo\/glyphs\/f.glif":"\/vonnes-black.ufo\/glyphs\/f.glif","\/vonnes-black.ufo\/glyphs\/fi.glif":"\/vonnes-black.ufo\/glyphs\/fi.glif","\/vonnes-black.ufo\/glyphs\/five.glif":"\/vonnes-black.ufo\/glyphs\/five.glif","\/vonnes-black.ufo\/glyphs\/fl.glif":"\/vonnes-black.ufo\/glyphs\/fl.glif","\/vonnes-black.ufo\/glyphs\/florin.glif":"\/vonnes-black.ufo\/glyphs\/florin.glif","\/vonnes-black.ufo\/glyphs\/four.glif":"\/vonnes-black.ufo\/glyphs\/four.glif","\/vonnes-black.ufo\/glyphs\/fraction.glif":"\/vonnes-black.ufo\/glyphs\/fraction.glif","\/vonnes-black.ufo\/glyphs\/g.glif":"\/vonnes-black.ufo\/glyphs\/g.glif","\/vonnes-black.ufo\/glyphs\/germandbls.glif":"\/vonnes-black.ufo\/glyphs\/germandbls.glif","\/vonnes-black.ufo\/glyphs\/grave.glif":"\/vonnes-black.ufo\/glyphs\/grave.glif","\/vonnes-black.ufo\/glyphs\/greater.glif":"\/vonnes-black.ufo\/glyphs\/greater.glif","\/vonnes-black.ufo\/glyphs\/greaterequal.glif":"\/vonnes-black.ufo\/glyphs\/greaterequal.glif","\/vonnes-black.ufo\/glyphs\/guillemotleft.glif":"\/vonnes-black.ufo\/glyphs\/guillemotleft.glif","\/vonnes-black.ufo\/glyphs\/guillemotright.glif":"\/vonnes-black.ufo\/glyphs\/guillemotright.glif","\/vonnes-black.ufo\/glyphs\/guilsinglleft.glif":"\/vonnes-black.ufo\/glyphs\/guilsinglleft.glif","\/vonnes-black.ufo\/glyphs\/guilsinglright.glif":"\/vonnes-black.ufo\/glyphs\/guilsinglright.glif","\/vonnes-black.ufo\/glyphs\/h.glif":"\/vonnes-black.ufo\/glyphs\/h.glif","\/vonnes-black.ufo\/glyphs\/hungarumlaut.glif":"\/vonnes-black.ufo\/glyphs\/hungarumlaut.glif","\/vonnes-black.ufo\/glyphs\/hyphen.glif":"\/vonnes-black.ufo\/glyphs\/hyphen.glif","\/vonnes-black.ufo\/glyphs\/i.glif":"\/vonnes-black.ufo\/glyphs\/i.glif","\/vonnes-black.ufo\/glyphs\/iacute.glif":"\/vonnes-black.ufo\/glyphs\/iacute.glif","\/vonnes-black.ufo\/glyphs\/icircumflex.glif":"\/vonnes-black.ufo\/glyphs\/icircumflex.glif","\/vonnes-black.ufo\/glyphs\/idieresis.glif":"\/vonnes-black.ufo\/glyphs\/idieresis.glif","\/vonnes-black.ufo\/glyphs\/igrave.glif":"\/vonnes-black.ufo\/glyphs\/igrave.glif","\/vonnes-black.ufo\/glyphs\/infinity.glif":"\/vonnes-black.ufo\/glyphs\/infinity.glif","\/vonnes-black.ufo\/glyphs\/integral.glif":"\/vonnes-black.ufo\/glyphs\/integral.glif","\/vonnes-black.ufo\/glyphs\/j.glif":"\/vonnes-black.ufo\/glyphs\/j.glif","\/vonnes-black.ufo\/glyphs\/k.glif":"\/vonnes-black.ufo\/glyphs\/k.glif","\/vonnes-black.ufo\/glyphs\/l.glif":"\/vonnes-black.ufo\/glyphs\/l.glif","\/vonnes-black.ufo\/glyphs\/less.glif":"\/vonnes-black.ufo\/glyphs\/less.glif","\/vonnes-black.ufo\/glyphs\/lessequal.glif":"\/vonnes-black.ufo\/glyphs\/lessequal.glif","\/vonnes-black.ufo\/glyphs\/logicalnot.glif":"\/vonnes-black.ufo\/glyphs\/logicalnot.glif","\/vonnes-black.ufo\/glyphs\/lozenge.glif":"\/vonnes-black.ufo\/glyphs\/lozenge.glif","\/vonnes-black.ufo\/glyphs\/lslash.glif":"\/vonnes-black.ufo\/glyphs\/lslash.glif","\/vonnes-black.ufo\/glyphs\/m.glif":"\/vonnes-black.ufo\/glyphs\/m.glif","\/vonnes-black.ufo\/glyphs\/macron.glif":"\/vonnes-black.ufo\/glyphs\/macron.glif","\/vonnes-black.ufo\/glyphs\/minus.glif":"\/vonnes-black.ufo\/glyphs\/minus.glif","\/vonnes-black.ufo\/glyphs\/mu.glif":"\/vonnes-black.ufo\/glyphs\/mu.glif","\/vonnes-black.ufo\/glyphs\/multiply.glif":"\/vonnes-black.ufo\/glyphs\/multiply.glif","\/vonnes-black.ufo\/glyphs\/n.glif":"\/vonnes-black.ufo\/glyphs\/n.glif","\/vonnes-black.ufo\/glyphs\/nbspace.glif":"\/vonnes-black.ufo\/glyphs\/nbspace.glif","\/vonnes-black.ufo\/glyphs\/nine.glif":"\/vonnes-black.ufo\/glyphs\/nine.glif","\/vonnes-black.ufo\/glyphs\/notequal.glif":"\/vonnes-black.ufo\/glyphs\/notequal.glif","\/vonnes-black.ufo\/glyphs\/ntilde.glif":"\/vonnes-black.ufo\/glyphs\/ntilde.glif","\/vonnes-black.ufo\/glyphs\/numbersign.glif":"\/vonnes-black.ufo\/glyphs\/numbersign.glif","\/vonnes-black.ufo\/glyphs\/o.glif":"\/vonnes-black.ufo\/glyphs\/o.glif","\/vonnes-black.ufo\/glyphs\/oacute.glif":"\/vonnes-black.ufo\/glyphs\/oacute.glif","\/vonnes-black.ufo\/glyphs\/ocircumflex.glif":"\/vonnes-black.ufo\/glyphs\/ocircumflex.glif","\/vonnes-black.ufo\/glyphs\/odieresis.glif":"\/vonnes-black.ufo\/glyphs\/odieresis.glif","\/vonnes-black.ufo\/glyphs\/oe.glif":"\/vonnes-black.ufo\/glyphs\/oe.glif","\/vonnes-black.ufo\/glyphs\/ogonek.glif":"\/vonnes-black.ufo\/glyphs\/ogonek.glif","\/vonnes-black.ufo\/glyphs\/ograve.glif":"\/vonnes-black.ufo\/glyphs\/ograve.glif","\/vonnes-black.ufo\/glyphs\/one.glif":"\/vonnes-black.ufo\/glyphs\/one.glif","\/vonnes-black.ufo\/glyphs\/onehalf.glif":"\/vonnes-black.ufo\/glyphs\/onehalf.glif","\/vonnes-black.ufo\/glyphs\/onequarter.glif":"\/vonnes-black.ufo\/glyphs\/onequarter.glif","\/vonnes-black.ufo\/glyphs\/onesuperior.glif":"\/vonnes-black.ufo\/glyphs\/onesuperior.glif","\/vonnes-black.ufo\/glyphs\/ordfeminine.glif":"\/vonnes-black.ufo\/glyphs\/ordfeminine.glif","\/vonnes-black.ufo\/glyphs\/ordmasculine.glif":"\/vonnes-black.ufo\/glyphs\/ordmasculine.glif","\/vonnes-black.ufo\/glyphs\/oslash.glif":"\/vonnes-black.ufo\/glyphs\/oslash.glif","\/vonnes-black.ufo\/glyphs\/otilde.glif":"\/vonnes-black.ufo\/glyphs\/otilde.glif","\/vonnes-black.ufo\/glyphs\/p.glif":"\/vonnes-black.ufo\/glyphs\/p.glif","\/vonnes-black.ufo\/glyphs\/paragraph.glif":"\/vonnes-black.ufo\/glyphs\/paragraph.glif","\/vonnes-black.ufo\/glyphs\/parenleft.glif":"\/vonnes-black.ufo\/glyphs\/parenleft.glif","\/vonnes-black.ufo\/glyphs\/parenright.glif":"\/vonnes-black.ufo\/glyphs\/parenright.glif","\/vonnes-black.ufo\/glyphs\/partialdiff.glif":"\/vonnes-black.ufo\/glyphs\/partialdiff.glif","\/vonnes-black.ufo\/glyphs\/percent.glif":"\/vonnes-black.ufo\/glyphs\/percent.glif","\/vonnes-black.ufo\/glyphs\/period.glif":"\/vonnes-black.ufo\/glyphs\/period.glif","\/vonnes-black.ufo\/glyphs\/periodcentered.glif":"\/vonnes-black.ufo\/glyphs\/periodcentered.glif","\/vonnes-black.ufo\/glyphs\/perthousand.glif":"\/vonnes-black.ufo\/glyphs\/perthousand.glif","\/vonnes-black.ufo\/glyphs\/pi.glif":"\/vonnes-black.ufo\/glyphs\/pi.glif","\/vonnes-black.ufo\/glyphs\/plus.glif":"\/vonnes-black.ufo\/glyphs\/plus.glif","\/vonnes-black.ufo\/glyphs\/plusminus.glif":"\/vonnes-black.ufo\/glyphs\/plusminus.glif","\/vonnes-black.ufo\/glyphs\/product.glif":"\/vonnes-black.ufo\/glyphs\/product.glif","\/vonnes-black.ufo\/glyphs\/q.glif":"\/vonnes-black.ufo\/glyphs\/q.glif","\/vonnes-black.ufo\/glyphs\/question.glif":"\/vonnes-black.ufo\/glyphs\/question.glif","\/vonnes-black.ufo\/glyphs\/questiondown.glif":"\/vonnes-black.ufo\/glyphs\/questiondown.glif","\/vonnes-black.ufo\/glyphs\/quotedbl.glif":"\/vonnes-black.ufo\/glyphs\/quotedbl.glif","\/vonnes-black.ufo\/glyphs\/quotedblbase.glif":"\/vonnes-black.ufo\/glyphs\/quotedblbase.glif","\/vonnes-black.ufo\/glyphs\/quotedblleft.glif":"\/vonnes-black.ufo\/glyphs\/quotedblleft.glif","\/vonnes-black.ufo\/glyphs\/quotedblright.glif":"\/vonnes-black.ufo\/glyphs\/quotedblright.glif","\/vonnes-black.ufo\/glyphs\/quoteleft.glif":"\/vonnes-black.ufo\/glyphs\/quoteleft.glif","\/vonnes-black.ufo\/glyphs\/quoteright.glif":"\/vonnes-black.ufo\/glyphs\/quoteright.glif","\/vonnes-black.ufo\/glyphs\/quotesinglbase.glif":"\/vonnes-black.ufo\/glyphs\/quotesinglbase.glif","\/vonnes-black.ufo\/glyphs\/quotesingle.glif":"\/vonnes-black.ufo\/glyphs\/quotesingle.glif","\/vonnes-black.ufo\/glyphs\/r.glif":"\/vonnes-black.ufo\/glyphs\/r.glif","\/vonnes-black.ufo\/glyphs\/radical.glif":"\/vonnes-black.ufo\/glyphs\/radical.glif","\/vonnes-black.ufo\/glyphs\/registered.glif":"\/vonnes-black.ufo\/glyphs\/registered.glif","\/vonnes-black.ufo\/glyphs\/ring.glif":"\/vonnes-black.ufo\/glyphs\/ring.glif","\/vonnes-black.ufo\/glyphs\/s.glif":"\/vonnes-black.ufo\/glyphs\/s.glif","\/vonnes-black.ufo\/glyphs\/scaron.glif":"\/vonnes-black.ufo\/glyphs\/scaron.glif","\/vonnes-black.ufo\/glyphs\/section.glif":"\/vonnes-black.ufo\/glyphs\/section.glif","\/vonnes-black.ufo\/glyphs\/semicolon.glif":"\/vonnes-black.ufo\/glyphs\/semicolon.glif","\/vonnes-black.ufo\/glyphs\/seven.glif":"\/vonnes-black.ufo\/glyphs\/seven.glif","\/vonnes-black.ufo\/glyphs\/six.glif":"\/vonnes-black.ufo\/glyphs\/six.glif","\/vonnes-black.ufo\/glyphs\/slash.glif":"\/vonnes-black.ufo\/glyphs\/slash.glif","\/vonnes-black.ufo\/glyphs\/space.glif":"\/vonnes-black.ufo\/glyphs\/space.glif","\/vonnes-black.ufo\/glyphs\/sterling.glif":"\/vonnes-black.ufo\/glyphs\/sterling.glif","\/vonnes-black.ufo\/glyphs\/summation.glif":"\/vonnes-black.ufo\/glyphs\/summation.glif","\/vonnes-black.ufo\/glyphs\/t.glif":"\/vonnes-black.ufo\/glyphs\/t.glif","\/vonnes-black.ufo\/glyphs\/thorn.glif":"\/vonnes-black.ufo\/glyphs\/thorn.glif","\/vonnes-black.ufo\/glyphs\/three.glif":"\/vonnes-black.ufo\/glyphs\/three.glif","\/vonnes-black.ufo\/glyphs\/threequarters.glif":"\/vonnes-black.ufo\/glyphs\/threequarters.glif","\/vonnes-black.ufo\/glyphs\/threesuperior.glif":"\/vonnes-black.ufo\/glyphs\/threesuperior.glif","\/vonnes-black.ufo\/glyphs\/tilde.glif":"\/vonnes-black.ufo\/glyphs\/tilde.glif","\/vonnes-black.ufo\/glyphs\/trademark.glif":"\/vonnes-black.ufo\/glyphs\/trademark.glif","\/vonnes-black.ufo\/glyphs\/two.glif":"\/vonnes-black.ufo\/glyphs\/two.glif","\/vonnes-black.ufo\/glyphs\/twosuperior.glif":"\/vonnes-black.ufo\/glyphs\/twosuperior.glif","\/vonnes-black.ufo\/glyphs\/u.glif":"\/vonnes-black.ufo\/glyphs\/u.glif","\/vonnes-black.ufo\/glyphs\/uacute.glif":"\/vonnes-black.ufo\/glyphs\/uacute.glif","\/vonnes-black.ufo\/glyphs\/ucircumflex.glif":"\/vonnes-black.ufo\/glyphs\/ucircumflex.glif","\/vonnes-black.ufo\/glyphs\/udieresis.glif":"\/vonnes-black.ufo\/glyphs\/udieresis.glif","\/vonnes-black.ufo\/glyphs\/ugrave.glif":"\/vonnes-black.ufo\/glyphs\/ugrave.glif","\/vonnes-black.ufo\/glyphs\/underscore.glif":"\/vonnes-black.ufo\/glyphs\/underscore.glif","\/vonnes-black.ufo\/glyphs\/v.glif":"\/vonnes-black.ufo\/glyphs\/v.glif","\/vonnes-black.ufo\/glyphs\/w.glif":"\/vonnes-black.ufo\/glyphs\/w.glif","\/vonnes-black.ufo\/glyphs\/x.glif":"\/vonnes-black.ufo\/glyphs\/x.glif","\/vonnes-black.ufo\/glyphs\/y.glif":"\/vonnes-black.ufo\/glyphs\/y.glif","\/vonnes-black.ufo\/glyphs\/yacute.glif":"\/vonnes-black.ufo\/glyphs\/yacute.glif","\/vonnes-black.ufo\/glyphs\/ydieresis.glif":"\/vonnes-black.ufo\/glyphs\/ydieresis.glif","\/vonnes-black.ufo\/glyphs\/yen.glif":"\/vonnes-black.ufo\/glyphs\/yen.glif","\/vonnes-black.ufo\/glyphs\/z.glif":"\/vonnes-black.ufo\/glyphs\/z.glif","\/vonnes-black.ufo\/glyphs\/zcaron.glif":"\/vonnes-black.ufo\/glyphs\/zcaron.glif","\/vonnes-black.ufo\/glyphs\/zero.glif":"\/vonnes-black.ufo\/glyphs\/zero.glif"},"Font":{"uploaded":1471207125.0812,"licence":"gpl3","company":"Chronolabs Cooperative","title":"Vonnes Black","version":3.002,"date":"Fri Aug 12 10:18:26 2016","creator":"root","type":"1","matrix":"0.001 0 0 0.001 0 0","named":"Vonnes-Black","painttype":"0","info":"10 dict dup","name":"Vonnes-Black","family":"Vonnes","weight":"Black","fstype":"0","italicangle":"0","underlineposition":"","underlinethickness":""},"Licences":{"":false},"Table":{"FFTM":{"entryLength":16,"tag":"FFTM","checksum":1944369460,"offset":25628,"length":28},"GDEF":{"entryLength":16,"tag":"GDEF","checksum":19202054,"offset":25596,"length":32},"OS\/2":{"entryLength":16,"tag":"OS\/2","checksum":2034647064,"offset":344,"length":86},"cmap":{"entryLength":16,"tag":"cmap","checksum":3901671643,"offset":1424,"length":654},"gasp":{"entryLength":16,"tag":"gasp","checksum":4294901763,"offset":25588,"length":8},"glyf":{"entryLength":16,"tag":"glyf","checksum":4284933091,"offset":2580,"length":21764},"head":{"entryLength":16,"tag":"head","checksum":222113172,"offset":220,"length":54},"hhea":{"entryLength":16,"tag":"hhea","checksum":178980538,"offset":276,"length":36},"hmtx":{"entryLength":16,"tag":"hmtx","checksum":2532972831,"offset":432,"length":992},"loca":{"entryLength":16,"tag":"loca","checksum":2718928332,"offset":2080,"length":498},"maxp":{"entryLength":16,"tag":"maxp","checksum":21037135,"offset":312,"length":32},"name":{"entryLength":16,"tag":"name","checksum":3805263811,"offset":24344,"length":699},"post":{"entryLength":16,"tag":"post","checksum":1466873766,"offset":25044,"length":542}},"UnicodeCharMap":{"32":3,"33":4,"34":5,"35":6,"36":7,"37":8,"38":9,"39":10,"40":11,"41":12,"42":13,"43":14,"44":15,"45":16,"46":17,"47":18,"48":19,"49":20,"50":21,"51":22,"52":23,"53":24,"54":25,"55":26,"56":27,"57":28,"58":29,"59":30,"60":31,"61":32,"62":33,"63":34,"64":35,"65":36,"66":37,"67":38,"68":39,"69":40,"70":41,"71":42,"72":43,"73":44,"74":45,"75":46,"76":47,"77":48,"78":49,"79":50,"80":51,"81":52,"82":53,"83":54,"84":55,"85":56,"86":57,"87":58,"88":59,"89":60,"90":61,"91":62,"92":63,"93":64,"94":65,"95":66,"96":67,"97":68,"98":69,"99":70,"100":71,"101":72,"102":73,"103":74,"104":75,"105":76,"106":77,"107":78,"108":79,"109":80,"110":81,"111":82,"112":83,"113":84,"114":85,"115":86,"116":87,"117":88,"118":89,"119":90,"120":91,"121":92,"122":93,"123":94,"124":95,"125":96,"126":97,"160":98,"161":99,"162":100,"163":101,"164":102,"165":103,"166":104,"167":105,"168":106,"169":107,"170":108,"171":109,"172":110,"174":111,"175":112,"176":113,"177":114,"178":115,"179":116,"180":117,"182":119,"183":120,"184":121,"185":122,"186":123,"187":124,"188":125,"189":126,"190":127,"191":128,"192":129,"193":130,"194":131,"195":132,"196":133,"197":134,"198":135,"199":136,"200":137,"201":138,"202":139,"203":140,"204":141,"205":142,"206":143,"207":144,"208":145,"209":146,"210":147,"211":148,"212":149,"213":150,"214":151,"215":152,"216":153,"217":154,"218":155,"219":156,"220":157,"221":158,"222":159,"223":160,"224":161,"225":162,"226":163,"227":164,"228":165,"229":166,"230":167,"231":168,"232":169,"233":170,"234":171,"235":172,"236":173,"237":174,"238":175,"239":176,"240":177,"241":178,"242":179,"243":180,"244":181,"245":182,"246":183,"247":184,"248":185,"249":186,"250":187,"251":188,"252":189,"253":190,"254":191,"255":192,"305":222,"321":220,"322":223,"338":221,"339":224,"352":226,"353":227,"376":246,"381":228,"382":229,"402":196,"710":211,"711":218,"728":213,"729":214,"730":215,"731":217,"732":212,"733":216,"916":244,"937":241,"956":118,"960":239,"8211":202,"8212":219,"8216":194,"8217":193,"8218":206,"8220":197,"8221":208,"8222":207,"8224":203,"8225":204,"8226":205,"8230":209,"8240":210,"8249":198,"8250":199,"8260":195,"8482":231,"8706":236,"8719":238,"8721":237,"8722":230,"8730":242,"8734":233,"8747":240,"8776":243,"8800":232,"8804":234,"8805":235,"9674":245,"64257":200,"64258":201},"Reserves":{"fontname":"Vonnes Black"},"Names":{"Vonnes Black":{"name":"Vonnes Black","longitude":"0.00000001","latitude":"0.00000001","country":"","region":"","city":""}},"Nodes":{"vo":{"type":"typal","node":"vo","usage":1,"weight":1},"es":{"type":"typal","node":"es","usage":1,"weight":1},"bl":{"type":"typal","node":"bl","usage":1,"weight":1},"ck":{"type":"typal","node":"ck","usage":1,"weight":1},"von":{"type":"typal","node":"von","usage":1,"weight":1},"nes":{"type":"typal","node":"nes","usage":1,"weight":1},"bla":{"type":"typal","node":"bla","usage":1,"weight":1},"ack":{"type":"typal","node":"ack","usage":1,"weight":1},"vonn":{"type":"keys","node":"vonn","usage":1,"weight":1},"nnes":{"type":"keys","node":"nnes","usage":1,"weight":1},"blac":{"type":"keys","node":"blac","usage":1,"weight":1},"lack":{"type":"keys","node":"lack","usage":1,"weight":1},"vonne":{"type":"keys","node":"vonne","usage":1,"weight":1},"onnes":{"type":"keys","node":"onnes","usage":1,"weight":1},"vonnes":{"type":"fixes","node":"vonnes","usage":1,"weight":1},"black":{"type":"fixes","node":"black","usage":1,"weight":1}},"Contributors":[],"FontIdentity":"qldgovau:4202ab18a2f83f3e57bfff4","Bytes":null,"Networking":[],"barcode":"aueu9im7a6ws3","referee":"kyqg"}