{"CSS":{"Queer":"emmaquine:d750bad6fe9d9b37d42225.css"},"FontType":"TrueType","FontCopyright":"Queer (c)2000, Fontalicious Fonts.","FontName":"Queer","FontSubfamily":"Book","FontSubfamilyID":"FontForge 2.0 : Queer : 15-10-2016","FontFullName":"Queer","FontVersion":"Version Macromedia Fontograp ","FontWeight":null,"FontPostscriptName":"Queer","Files":{"\/Queer.css":"\/Queer.css","\/font-resource.json":"\/font-resource.json","\/queer.afm":"\/queer.afm","\/queer.cef":"\/queer.cef","\/queer.cff":"\/queer.cff","\/queer.eot":"\/queer.eot","\/queer.gai":"\/queer.gai","\/queer.gsf":"\/queer.gsf","\/queer.otf":"\/queer.otf","\/queer.pf3":"\/queer.pf3","\/queer.pfa":"\/queer.pfa","\/queer.pfb":"\/queer.pfb","\/queer.php":"\/queer.php","\/queer.pt3":"\/queer.pt3","\/queer.sfd":"\/queer.sfd","\/queer.svg":"\/queer.svg","\/queer.t42":"\/queer.t42","\/queer.ttd":"\/queer.ttd","\/queer.ttf":"\/queer.ttf","\/queer.ttg":"\/queer.ttg","\/queer.ufm":"\/queer.ufm","\/queer.woff":"\/queer.woff","\/queer.z":"\/queer.z","\/queer.ufo\/feature.fea":"\/queer.ufo\/feature.fea","\/queer.ufo\/fontinfo.plist":"\/queer.ufo\/fontinfo.plist","\/queer.ufo\/groups.plist":"\/queer.ufo\/groups.plist","\/queer.ufo\/kerning.plist":"\/queer.ufo\/kerning.plist","\/queer.ufo\/metainfo.plist":"\/queer.ufo\/metainfo.plist","\/queer.ufo\/glyphs\/A_.glif":"\/queer.ufo\/glyphs\/A_.glif","\/queer.ufo\/glyphs\/A_E_.glif":"\/queer.ufo\/glyphs\/A_E_.glif","\/queer.ufo\/glyphs\/A_acute.glif":"\/queer.ufo\/glyphs\/A_acute.glif","\/queer.ufo\/glyphs\/A_circumflex.glif":"\/queer.ufo\/glyphs\/A_circumflex.glif","\/queer.ufo\/glyphs\/A_dieresis.glif":"\/queer.ufo\/glyphs\/A_dieresis.glif","\/queer.ufo\/glyphs\/A_grave.glif":"\/queer.ufo\/glyphs\/A_grave.glif","\/queer.ufo\/glyphs\/A_ring.glif":"\/queer.ufo\/glyphs\/A_ring.glif","\/queer.ufo\/glyphs\/A_tilde.glif":"\/queer.ufo\/glyphs\/A_tilde.glif","\/queer.ufo\/glyphs\/B_.glif":"\/queer.ufo\/glyphs\/B_.glif","\/queer.ufo\/glyphs\/C_.glif":"\/queer.ufo\/glyphs\/C_.glif","\/queer.ufo\/glyphs\/C_cedilla.glif":"\/queer.ufo\/glyphs\/C_cedilla.glif","\/queer.ufo\/glyphs\/D_.glif":"\/queer.ufo\/glyphs\/D_.glif","\/queer.ufo\/glyphs\/D_elta.glif":"\/queer.ufo\/glyphs\/D_elta.glif","\/queer.ufo\/glyphs\/E_.glif":"\/queer.ufo\/glyphs\/E_.glif","\/queer.ufo\/glyphs\/E_acute.glif":"\/queer.ufo\/glyphs\/E_acute.glif","\/queer.ufo\/glyphs\/E_circumflex.glif":"\/queer.ufo\/glyphs\/E_circumflex.glif","\/queer.ufo\/glyphs\/E_dieresis.glif":"\/queer.ufo\/glyphs\/E_dieresis.glif","\/queer.ufo\/glyphs\/E_grave.glif":"\/queer.ufo\/glyphs\/E_grave.glif","\/queer.ufo\/glyphs\/E_th.glif":"\/queer.ufo\/glyphs\/E_th.glif","\/queer.ufo\/glyphs\/F_.glif":"\/queer.ufo\/glyphs\/F_.glif","\/queer.ufo\/glyphs\/G_.glif":"\/queer.ufo\/glyphs\/G_.glif","\/queer.ufo\/glyphs\/H_.glif":"\/queer.ufo\/glyphs\/H_.glif","\/queer.ufo\/glyphs\/I_.glif":"\/queer.ufo\/glyphs\/I_.glif","\/queer.ufo\/glyphs\/I_acute.glif":"\/queer.ufo\/glyphs\/I_acute.glif","\/queer.ufo\/glyphs\/I_circumflex.glif":"\/queer.ufo\/glyphs\/I_circumflex.glif","\/queer.ufo\/glyphs\/I_dieresis.glif":"\/queer.ufo\/glyphs\/I_dieresis.glif","\/queer.ufo\/glyphs\/I_grave.glif":"\/queer.ufo\/glyphs\/I_grave.glif","\/queer.ufo\/glyphs\/J_.glif":"\/queer.ufo\/glyphs\/J_.glif","\/queer.ufo\/glyphs\/K_.glif":"\/queer.ufo\/glyphs\/K_.glif","\/queer.ufo\/glyphs\/L_.glif":"\/queer.ufo\/glyphs\/L_.glif","\/queer.ufo\/glyphs\/L_slash.glif":"\/queer.ufo\/glyphs\/L_slash.glif","\/queer.ufo\/glyphs\/M_.glif":"\/queer.ufo\/glyphs\/M_.glif","\/queer.ufo\/glyphs\/N_.glif":"\/queer.ufo\/glyphs\/N_.glif","\/queer.ufo\/glyphs\/N_tilde.glif":"\/queer.ufo\/glyphs\/N_tilde.glif","\/queer.ufo\/glyphs\/O_.glif":"\/queer.ufo\/glyphs\/O_.glif","\/queer.ufo\/glyphs\/O_E_.glif":"\/queer.ufo\/glyphs\/O_E_.glif","\/queer.ufo\/glyphs\/O_acute.glif":"\/queer.ufo\/glyphs\/O_acute.glif","\/queer.ufo\/glyphs\/O_circumflex.glif":"\/queer.ufo\/glyphs\/O_circumflex.glif","\/queer.ufo\/glyphs\/O_dieresis.glif":"\/queer.ufo\/glyphs\/O_dieresis.glif","\/queer.ufo\/glyphs\/O_grave.glif":"\/queer.ufo\/glyphs\/O_grave.glif","\/queer.ufo\/glyphs\/O_mega.glif":"\/queer.ufo\/glyphs\/O_mega.glif","\/queer.ufo\/glyphs\/O_slash.glif":"\/queer.ufo\/glyphs\/O_slash.glif","\/queer.ufo\/glyphs\/O_tilde.glif":"\/queer.ufo\/glyphs\/O_tilde.glif","\/queer.ufo\/glyphs\/P_.glif":"\/queer.ufo\/glyphs\/P_.glif","\/queer.ufo\/glyphs\/Q_.glif":"\/queer.ufo\/glyphs\/Q_.glif","\/queer.ufo\/glyphs\/R_.glif":"\/queer.ufo\/glyphs\/R_.glif","\/queer.ufo\/glyphs\/S_.glif":"\/queer.ufo\/glyphs\/S_.glif","\/queer.ufo\/glyphs\/S_caron.glif":"\/queer.ufo\/glyphs\/S_caron.glif","\/queer.ufo\/glyphs\/T_.glif":"\/queer.ufo\/glyphs\/T_.glif","\/queer.ufo\/glyphs\/T_horn.glif":"\/queer.ufo\/glyphs\/T_horn.glif","\/queer.ufo\/glyphs\/U_.glif":"\/queer.ufo\/glyphs\/U_.glif","\/queer.ufo\/glyphs\/U_acute.glif":"\/queer.ufo\/glyphs\/U_acute.glif","\/queer.ufo\/glyphs\/U_circumflex.glif":"\/queer.ufo\/glyphs\/U_circumflex.glif","\/queer.ufo\/glyphs\/U_dieresis.glif":"\/queer.ufo\/glyphs\/U_dieresis.glif","\/queer.ufo\/glyphs\/U_grave.glif":"\/queer.ufo\/glyphs\/U_grave.glif","\/queer.ufo\/glyphs\/V_.glif":"\/queer.ufo\/glyphs\/V_.glif","\/queer.ufo\/glyphs\/W_.glif":"\/queer.ufo\/glyphs\/W_.glif","\/queer.ufo\/glyphs\/X_.glif":"\/queer.ufo\/glyphs\/X_.glif","\/queer.ufo\/glyphs\/Y_.glif":"\/queer.ufo\/glyphs\/Y_.glif","\/queer.ufo\/glyphs\/Y_acute.glif":"\/queer.ufo\/glyphs\/Y_acute.glif","\/queer.ufo\/glyphs\/Y_dieresis.glif":"\/queer.ufo\/glyphs\/Y_dieresis.glif","\/queer.ufo\/glyphs\/Z_.glif":"\/queer.ufo\/glyphs\/Z_.glif","\/queer.ufo\/glyphs\/Z_caron.glif":"\/queer.ufo\/glyphs\/Z_caron.glif","\/queer.ufo\/glyphs\/_notdef.glif":"\/queer.ufo\/glyphs\/_notdef.glif","\/queer.ufo\/glyphs\/_null.glif":"\/queer.ufo\/glyphs\/_null.glif","\/queer.ufo\/glyphs\/a.glif":"\/queer.ufo\/glyphs\/a.glif","\/queer.ufo\/glyphs\/aacute.glif":"\/queer.ufo\/glyphs\/aacute.glif","\/queer.ufo\/glyphs\/acircumflex.glif":"\/queer.ufo\/glyphs\/acircumflex.glif","\/queer.ufo\/glyphs\/acute.glif":"\/queer.ufo\/glyphs\/acute.glif","\/queer.ufo\/glyphs\/adieresis.glif":"\/queer.ufo\/glyphs\/adieresis.glif","\/queer.ufo\/glyphs\/ae.glif":"\/queer.ufo\/glyphs\/ae.glif","\/queer.ufo\/glyphs\/agrave.glif":"\/queer.ufo\/glyphs\/agrave.glif","\/queer.ufo\/glyphs\/ampersand.glif":"\/queer.ufo\/glyphs\/ampersand.glif","\/queer.ufo\/glyphs\/apple.glif":"\/queer.ufo\/glyphs\/apple.glif","\/queer.ufo\/glyphs\/approxequal.glif":"\/queer.ufo\/glyphs\/approxequal.glif","\/queer.ufo\/glyphs\/aring.glif":"\/queer.ufo\/glyphs\/aring.glif","\/queer.ufo\/glyphs\/asciicircum.glif":"\/queer.ufo\/glyphs\/asciicircum.glif","\/queer.ufo\/glyphs\/asciitilde.glif":"\/queer.ufo\/glyphs\/asciitilde.glif","\/queer.ufo\/glyphs\/asterisk.glif":"\/queer.ufo\/glyphs\/asterisk.glif","\/queer.ufo\/glyphs\/at.glif":"\/queer.ufo\/glyphs\/at.glif","\/queer.ufo\/glyphs\/atilde.glif":"\/queer.ufo\/glyphs\/atilde.glif","\/queer.ufo\/glyphs\/b.glif":"\/queer.ufo\/glyphs\/b.glif","\/queer.ufo\/glyphs\/backslash.glif":"\/queer.ufo\/glyphs\/backslash.glif","\/queer.ufo\/glyphs\/bar.glif":"\/queer.ufo\/glyphs\/bar.glif","\/queer.ufo\/glyphs\/braceleft.glif":"\/queer.ufo\/glyphs\/braceleft.glif","\/queer.ufo\/glyphs\/braceright.glif":"\/queer.ufo\/glyphs\/braceright.glif","\/queer.ufo\/glyphs\/bracketleft.glif":"\/queer.ufo\/glyphs\/bracketleft.glif","\/queer.ufo\/glyphs\/bracketright.glif":"\/queer.ufo\/glyphs\/bracketright.glif","\/queer.ufo\/glyphs\/breve.glif":"\/queer.ufo\/glyphs\/breve.glif","\/queer.ufo\/glyphs\/bullet.glif":"\/queer.ufo\/glyphs\/bullet.glif","\/queer.ufo\/glyphs\/c.glif":"\/queer.ufo\/glyphs\/c.glif","\/queer.ufo\/glyphs\/caron.glif":"\/queer.ufo\/glyphs\/caron.glif","\/queer.ufo\/glyphs\/ccedilla.glif":"\/queer.ufo\/glyphs\/ccedilla.glif","\/queer.ufo\/glyphs\/cedilla.glif":"\/queer.ufo\/glyphs\/cedilla.glif","\/queer.ufo\/glyphs\/cent.glif":"\/queer.ufo\/glyphs\/cent.glif","\/queer.ufo\/glyphs\/circumflex.glif":"\/queer.ufo\/glyphs\/circumflex.glif","\/queer.ufo\/glyphs\/colon.glif":"\/queer.ufo\/glyphs\/colon.glif","\/queer.ufo\/glyphs\/comma.glif":"\/queer.ufo\/glyphs\/comma.glif","\/queer.ufo\/glyphs\/contents.plist":"\/queer.ufo\/glyphs\/contents.plist","\/queer.ufo\/glyphs\/copyright.glif":"\/queer.ufo\/glyphs\/copyright.glif","\/queer.ufo\/glyphs\/currency.glif":"\/queer.ufo\/glyphs\/currency.glif","\/queer.ufo\/glyphs\/d.glif":"\/queer.ufo\/glyphs\/d.glif","\/queer.ufo\/glyphs\/dagger.glif":"\/queer.ufo\/glyphs\/dagger.glif","\/queer.ufo\/glyphs\/daggerdbl.glif":"\/queer.ufo\/glyphs\/daggerdbl.glif","\/queer.ufo\/glyphs\/degree.glif":"\/queer.ufo\/glyphs\/degree.glif","\/queer.ufo\/glyphs\/dieresis.glif":"\/queer.ufo\/glyphs\/dieresis.glif","\/queer.ufo\/glyphs\/divide.glif":"\/queer.ufo\/glyphs\/divide.glif","\/queer.ufo\/glyphs\/dollar.glif":"\/queer.ufo\/glyphs\/dollar.glif","\/queer.ufo\/glyphs\/dotaccent.glif":"\/queer.ufo\/glyphs\/dotaccent.glif","\/queer.ufo\/glyphs\/dotlessi.glif":"\/queer.ufo\/glyphs\/dotlessi.glif","\/queer.ufo\/glyphs\/e.glif":"\/queer.ufo\/glyphs\/e.glif","\/queer.ufo\/glyphs\/eacute.glif":"\/queer.ufo\/glyphs\/eacute.glif","\/queer.ufo\/glyphs\/ecircumflex.glif":"\/queer.ufo\/glyphs\/ecircumflex.glif","\/queer.ufo\/glyphs\/edieresis.glif":"\/queer.ufo\/glyphs\/edieresis.glif","\/queer.ufo\/glyphs\/egrave.glif":"\/queer.ufo\/glyphs\/egrave.glif","\/queer.ufo\/glyphs\/eight.glif":"\/queer.ufo\/glyphs\/eight.glif","\/queer.ufo\/glyphs\/ellipsis.glif":"\/queer.ufo\/glyphs\/ellipsis.glif","\/queer.ufo\/glyphs\/emdash.glif":"\/queer.ufo\/glyphs\/emdash.glif","\/queer.ufo\/glyphs\/endash.glif":"\/queer.ufo\/glyphs\/endash.glif","\/queer.ufo\/glyphs\/equal.glif":"\/queer.ufo\/glyphs\/equal.glif","\/queer.ufo\/glyphs\/eth.glif":"\/queer.ufo\/glyphs\/eth.glif","\/queer.ufo\/glyphs\/exclam.glif":"\/queer.ufo\/glyphs\/exclam.glif","\/queer.ufo\/glyphs\/exclamdown.glif":"\/queer.ufo\/glyphs\/exclamdown.glif","\/queer.ufo\/glyphs\/f.glif":"\/queer.ufo\/glyphs\/f.glif","\/queer.ufo\/glyphs\/fi.glif":"\/queer.ufo\/glyphs\/fi.glif","\/queer.ufo\/glyphs\/five.glif":"\/queer.ufo\/glyphs\/five.glif","\/queer.ufo\/glyphs\/fl.glif":"\/queer.ufo\/glyphs\/fl.glif","\/queer.ufo\/glyphs\/florin.glif":"\/queer.ufo\/glyphs\/florin.glif","\/queer.ufo\/glyphs\/four.glif":"\/queer.ufo\/glyphs\/four.glif","\/queer.ufo\/glyphs\/fraction.glif":"\/queer.ufo\/glyphs\/fraction.glif","\/queer.ufo\/glyphs\/g.glif":"\/queer.ufo\/glyphs\/g.glif","\/queer.ufo\/glyphs\/germandbls.glif":"\/queer.ufo\/glyphs\/germandbls.glif","\/queer.ufo\/glyphs\/grave.glif":"\/queer.ufo\/glyphs\/grave.glif","\/queer.ufo\/glyphs\/greater.glif":"\/queer.ufo\/glyphs\/greater.glif","\/queer.ufo\/glyphs\/greaterequal.glif":"\/queer.ufo\/glyphs\/greaterequal.glif","\/queer.ufo\/glyphs\/guillemotleft.glif":"\/queer.ufo\/glyphs\/guillemotleft.glif","\/queer.ufo\/glyphs\/guillemotright.glif":"\/queer.ufo\/glyphs\/guillemotright.glif","\/queer.ufo\/glyphs\/guilsinglleft.glif":"\/queer.ufo\/glyphs\/guilsinglleft.glif","\/queer.ufo\/glyphs\/guilsinglright.glif":"\/queer.ufo\/glyphs\/guilsinglright.glif","\/queer.ufo\/glyphs\/h.glif":"\/queer.ufo\/glyphs\/h.glif","\/queer.ufo\/glyphs\/hungarumlaut.glif":"\/queer.ufo\/glyphs\/hungarumlaut.glif","\/queer.ufo\/glyphs\/hyphen.glif":"\/queer.ufo\/glyphs\/hyphen.glif","\/queer.ufo\/glyphs\/i.glif":"\/queer.ufo\/glyphs\/i.glif","\/queer.ufo\/glyphs\/iacute.glif":"\/queer.ufo\/glyphs\/iacute.glif","\/queer.ufo\/glyphs\/icircumflex.glif":"\/queer.ufo\/glyphs\/icircumflex.glif","\/queer.ufo\/glyphs\/idieresis.glif":"\/queer.ufo\/glyphs\/idieresis.glif","\/queer.ufo\/glyphs\/igrave.glif":"\/queer.ufo\/glyphs\/igrave.glif","\/queer.ufo\/glyphs\/infinity.glif":"\/queer.ufo\/glyphs\/infinity.glif","\/queer.ufo\/glyphs\/integral.glif":"\/queer.ufo\/glyphs\/integral.glif","\/queer.ufo\/glyphs\/j.glif":"\/queer.ufo\/glyphs\/j.glif","\/queer.ufo\/glyphs\/k.glif":"\/queer.ufo\/glyphs\/k.glif","\/queer.ufo\/glyphs\/l.glif":"\/queer.ufo\/glyphs\/l.glif","\/queer.ufo\/glyphs\/less.glif":"\/queer.ufo\/glyphs\/less.glif","\/queer.ufo\/glyphs\/lessequal.glif":"\/queer.ufo\/glyphs\/lessequal.glif","\/queer.ufo\/glyphs\/logicalnot.glif":"\/queer.ufo\/glyphs\/logicalnot.glif","\/queer.ufo\/glyphs\/lozenge.glif":"\/queer.ufo\/glyphs\/lozenge.glif","\/queer.ufo\/glyphs\/lslash.glif":"\/queer.ufo\/glyphs\/lslash.glif","\/queer.ufo\/glyphs\/m.glif":"\/queer.ufo\/glyphs\/m.glif","\/queer.ufo\/glyphs\/macron.glif":"\/queer.ufo\/glyphs\/macron.glif","\/queer.ufo\/glyphs\/mu.glif":"\/queer.ufo\/glyphs\/mu.glif","\/queer.ufo\/glyphs\/n.glif":"\/queer.ufo\/glyphs\/n.glif","\/queer.ufo\/glyphs\/nine.glif":"\/queer.ufo\/glyphs\/nine.glif","\/queer.ufo\/glyphs\/nonmarkingreturn.glif":"\/queer.ufo\/glyphs\/nonmarkingreturn.glif","\/queer.ufo\/glyphs\/notequal.glif":"\/queer.ufo\/glyphs\/notequal.glif","\/queer.ufo\/glyphs\/ntilde.glif":"\/queer.ufo\/glyphs\/ntilde.glif","\/queer.ufo\/glyphs\/numbersign.glif":"\/queer.ufo\/glyphs\/numbersign.glif","\/queer.ufo\/glyphs\/o.glif":"\/queer.ufo\/glyphs\/o.glif","\/queer.ufo\/glyphs\/oacute.glif":"\/queer.ufo\/glyphs\/oacute.glif","\/queer.ufo\/glyphs\/ocircumflex.glif":"\/queer.ufo\/glyphs\/ocircumflex.glif","\/queer.ufo\/glyphs\/odieresis.glif":"\/queer.ufo\/glyphs\/odieresis.glif","\/queer.ufo\/glyphs\/oe.glif":"\/queer.ufo\/glyphs\/oe.glif","\/queer.ufo\/glyphs\/ogonek.glif":"\/queer.ufo\/glyphs\/ogonek.glif","\/queer.ufo\/glyphs\/ograve.glif":"\/queer.ufo\/glyphs\/ograve.glif","\/queer.ufo\/glyphs\/one.glif":"\/queer.ufo\/glyphs\/one.glif","\/queer.ufo\/glyphs\/ordfeminine.glif":"\/queer.ufo\/glyphs\/ordfeminine.glif","\/queer.ufo\/glyphs\/ordmasculine.glif":"\/queer.ufo\/glyphs\/ordmasculine.glif","\/queer.ufo\/glyphs\/oslash.glif":"\/queer.ufo\/glyphs\/oslash.glif","\/queer.ufo\/glyphs\/otilde.glif":"\/queer.ufo\/glyphs\/otilde.glif","\/queer.ufo\/glyphs\/p.glif":"\/queer.ufo\/glyphs\/p.glif","\/queer.ufo\/glyphs\/paragraph.glif":"\/queer.ufo\/glyphs\/paragraph.glif","\/queer.ufo\/glyphs\/parenleft.glif":"\/queer.ufo\/glyphs\/parenleft.glif","\/queer.ufo\/glyphs\/parenright.glif":"\/queer.ufo\/glyphs\/parenright.glif","\/queer.ufo\/glyphs\/partialdiff.glif":"\/queer.ufo\/glyphs\/partialdiff.glif","\/queer.ufo\/glyphs\/percent.glif":"\/queer.ufo\/glyphs\/percent.glif","\/queer.ufo\/glyphs\/period.glif":"\/queer.ufo\/glyphs\/period.glif","\/queer.ufo\/glyphs\/periodcentered.glif":"\/queer.ufo\/glyphs\/periodcentered.glif","\/queer.ufo\/glyphs\/perthousand.glif":"\/queer.ufo\/glyphs\/perthousand.glif","\/queer.ufo\/glyphs\/pi.glif":"\/queer.ufo\/glyphs\/pi.glif","\/queer.ufo\/glyphs\/plus.glif":"\/queer.ufo\/glyphs\/plus.glif","\/queer.ufo\/glyphs\/plusminus.glif":"\/queer.ufo\/glyphs\/plusminus.glif","\/queer.ufo\/glyphs\/product.glif":"\/queer.ufo\/glyphs\/product.glif","\/queer.ufo\/glyphs\/q.glif":"\/queer.ufo\/glyphs\/q.glif","\/queer.ufo\/glyphs\/question.glif":"\/queer.ufo\/glyphs\/question.glif","\/queer.ufo\/glyphs\/questiondown.glif":"\/queer.ufo\/glyphs\/questiondown.glif","\/queer.ufo\/glyphs\/quotedbl.glif":"\/queer.ufo\/glyphs\/quotedbl.glif","\/queer.ufo\/glyphs\/quotedblbase.glif":"\/queer.ufo\/glyphs\/quotedblbase.glif","\/queer.ufo\/glyphs\/quotedblleft.glif":"\/queer.ufo\/glyphs\/quotedblleft.glif","\/queer.ufo\/glyphs\/quotedblright.glif":"\/queer.ufo\/glyphs\/quotedblright.glif","\/queer.ufo\/glyphs\/quoteleft.glif":"\/queer.ufo\/glyphs\/quoteleft.glif","\/queer.ufo\/glyphs\/quoteright.glif":"\/queer.ufo\/glyphs\/quoteright.glif","\/queer.ufo\/glyphs\/quotesinglbase.glif":"\/queer.ufo\/glyphs\/quotesinglbase.glif","\/queer.ufo\/glyphs\/quotesingle.glif":"\/queer.ufo\/glyphs\/quotesingle.glif","\/queer.ufo\/glyphs\/r.glif":"\/queer.ufo\/glyphs\/r.glif","\/queer.ufo\/glyphs\/radical.glif":"\/queer.ufo\/glyphs\/radical.glif","\/queer.ufo\/glyphs\/registered.glif":"\/queer.ufo\/glyphs\/registered.glif","\/queer.ufo\/glyphs\/ring.glif":"\/queer.ufo\/glyphs\/ring.glif","\/queer.ufo\/glyphs\/s.glif":"\/queer.ufo\/glyphs\/s.glif","\/queer.ufo\/glyphs\/scaron.glif":"\/queer.ufo\/glyphs\/scaron.glif","\/queer.ufo\/glyphs\/section.glif":"\/queer.ufo\/glyphs\/section.glif","\/queer.ufo\/glyphs\/semicolon.glif":"\/queer.ufo\/glyphs\/semicolon.glif","\/queer.ufo\/glyphs\/seven.glif":"\/queer.ufo\/glyphs\/seven.glif","\/queer.ufo\/glyphs\/six.glif":"\/queer.ufo\/glyphs\/six.glif","\/queer.ufo\/glyphs\/slash.glif":"\/queer.ufo\/glyphs\/slash.glif","\/queer.ufo\/glyphs\/space.glif":"\/queer.ufo\/glyphs\/space.glif","\/queer.ufo\/glyphs\/sterling.glif":"\/queer.ufo\/glyphs\/sterling.glif","\/queer.ufo\/glyphs\/summation.glif":"\/queer.ufo\/glyphs\/summation.glif","\/queer.ufo\/glyphs\/t.glif":"\/queer.ufo\/glyphs\/t.glif","\/queer.ufo\/glyphs\/thorn.glif":"\/queer.ufo\/glyphs\/thorn.glif","\/queer.ufo\/glyphs\/three.glif":"\/queer.ufo\/glyphs\/three.glif","\/queer.ufo\/glyphs\/tilde.glif":"\/queer.ufo\/glyphs\/tilde.glif","\/queer.ufo\/glyphs\/trademark.glif":"\/queer.ufo\/glyphs\/trademark.glif","\/queer.ufo\/glyphs\/two.glif":"\/queer.ufo\/glyphs\/two.glif","\/queer.ufo\/glyphs\/u.glif":"\/queer.ufo\/glyphs\/u.glif","\/queer.ufo\/glyphs\/uacute.glif":"\/queer.ufo\/glyphs\/uacute.glif","\/queer.ufo\/glyphs\/ucircumflex.glif":"\/queer.ufo\/glyphs\/ucircumflex.glif","\/queer.ufo\/glyphs\/udieresis.glif":"\/queer.ufo\/glyphs\/udieresis.glif","\/queer.ufo\/glyphs\/ugrave.glif":"\/queer.ufo\/glyphs\/ugrave.glif","\/queer.ufo\/glyphs\/underscore.glif":"\/queer.ufo\/glyphs\/underscore.glif","\/queer.ufo\/glyphs\/v.glif":"\/queer.ufo\/glyphs\/v.glif","\/queer.ufo\/glyphs\/w.glif":"\/queer.ufo\/glyphs\/w.glif","\/queer.ufo\/glyphs\/x.glif":"\/queer.ufo\/glyphs\/x.glif","\/queer.ufo\/glyphs\/y.glif":"\/queer.ufo\/glyphs\/y.glif","\/queer.ufo\/glyphs\/yacute.glif":"\/queer.ufo\/glyphs\/yacute.glif","\/queer.ufo\/glyphs\/ydieresis.glif":"\/queer.ufo\/glyphs\/ydieresis.glif","\/queer.ufo\/glyphs\/yen.glif":"\/queer.ufo\/glyphs\/yen.glif","\/queer.ufo\/glyphs\/z.glif":"\/queer.ufo\/glyphs\/z.glif","\/queer.ufo\/glyphs\/zcaron.glif":"\/queer.ufo\/glyphs\/zcaron.glif","\/queer.ufo\/glyphs\/zero.glif":"\/queer.ufo\/glyphs\/zero.glif"},"Font":{"uploaded":1477180926.2517,"licence":"gpl3","company":"Chronolabs Cooperative","title":"Queer","version":3.002,"date":"Fri Oct 14 22:18:12 2016","creator":"root","type":"1","matrix":"0.001 0 0 0.001 0 0","named":"Queer","painttype":"0","info":"10 dict dup","name":"Queer","family":"Queer","weight":"Book","fstype":"1","italicangle":"0","underlineposition":"","underlinethickness":""},"Licences":{"":false},"Table":{"FFTM":{"entryLength":16,"tag":"FFTM","checksum":1955342232,"offset":104416,"length":28},"GDEF":{"entryLength":16,"tag":"GDEF","checksum":18481156,"offset":104384,"length":32},"OS\/2":{"entryLength":16,"tag":"OS\/2","checksum":2004040321,"offset":344,"length":86},"cmap":{"entryLength":16,"tag":"cmap","checksum":2760556614,"offset":1380,"length":700},"gasp":{"entryLength":16,"tag":"gasp","checksum":4294901763,"offset":104376,"length":8},"glyf":{"entryLength":16,"tag":"glyf","checksum":3851315795,"offset":2556,"length":100768},"head":{"entryLength":16,"tag":"head","checksum":181867062,"offset":220,"length":54},"hhea":{"entryLength":16,"tag":"hhea","checksum":115147500,"offset":276,"length":36},"hmtx":{"entryLength":16,"tag":"hmtx","checksum":3329512111,"offset":432,"length":946},"loca":{"entryLength":16,"tag":"loca","checksum":3176275982,"offset":2080,"length":476},"maxp":{"entryLength":16,"tag":"maxp","checksum":29033833,"offset":312,"length":32},"name":{"entryLength":16,"tag":"name","checksum":1183567971,"offset":103324,"length":543},"post":{"entryLength":16,"tag":"post","checksum":928986788,"offset":103868,"length":508}},"UnicodeCharMap":{"0":1,"13":2,"32":3,"33":4,"34":5,"35":6,"36":7,"37":8,"38":9,"39":10,"40":11,"41":12,"42":13,"43":14,"44":15,"45":16,"46":17,"47":18,"48":19,"49":20,"50":21,"51":22,"52":23,"53":24,"54":25,"55":26,"56":27,"57":28,"58":29,"59":30,"60":31,"61":32,"62":33,"63":34,"64":35,"65":36,"66":37,"67":38,"68":39,"69":40,"70":41,"71":42,"72":43,"73":44,"74":45,"75":46,"76":47,"77":48,"78":49,"79":50,"80":51,"81":52,"82":53,"83":54,"84":55,"85":56,"86":57,"87":58,"88":59,"89":60,"90":61,"91":62,"92":63,"93":64,"94":65,"95":66,"96":67,"97":68,"98":69,"99":70,"100":71,"101":72,"102":73,"103":74,"104":75,"105":76,"106":77,"107":78,"108":79,"109":80,"110":81,"111":82,"112":83,"113":84,"114":85,"115":86,"116":87,"117":88,"118":89,"119":90,"120":91,"121":92,"122":93,"123":94,"124":95,"125":96,"126":97,"161":98,"162":99,"163":100,"164":101,"165":102,"167":103,"168":104,"169":105,"170":106,"171":107,"172":108,"174":109,"175":110,"176":111,"177":112,"180":113,"182":115,"183":116,"184":117,"186":118,"187":119,"191":120,"192":121,"193":122,"194":123,"195":124,"196":125,"197":126,"198":127,"199":128,"200":129,"201":130,"202":131,"203":132,"204":133,"205":134,"206":135,"207":136,"208":137,"209":138,"210":139,"211":140,"212":141,"213":142,"214":143,"216":144,"217":145,"218":146,"219":147,"220":148,"221":149,"222":150,"223":151,"224":152,"225":153,"226":154,"227":155,"228":156,"229":157,"230":158,"231":159,"232":160,"233":161,"234":162,"235":163,"236":164,"237":165,"238":166,"239":167,"240":168,"241":169,"242":170,"243":171,"244":172,"245":173,"246":174,"247":175,"248":176,"249":177,"250":178,"251":179,"252":180,"253":181,"254":182,"255":183,"305":205,"321":214,"322":215,"338":188,"339":189,"352":216,"353":217,"376":235,"381":218,"382":219,"402":186,"710":206,"711":213,"728":208,"729":209,"730":210,"731":212,"732":207,"733":211,"916":233,"937":230,"956":114,"960":228,"8211":190,"8212":191,"8216":194,"8217":195,"8218":202,"8220":192,"8221":193,"8222":203,"8224":184,"8225":201,"8226":185,"8230":187,"8240":204,"8249":197,"8250":198,"8260":196,"8482":220,"8706":225,"8719":227,"8721":226,"8730":231,"8734":222,"8747":229,"8776":232,"8800":221,"8804":223,"8805":224,"9674":234,"64257":199,"64258":200},"Reserves":{"fontname":"Queer"},"Names":{"Queer":{"name":"Queer","longitude":"0.00000001","latitude":"0.00000001","country":"","region":"","city":""}},"Nodes":{"qu":{"type":"typal","node":"qu","usage":1,"weight":1},"er":{"type":"typal","node":"er","usage":1,"weight":1},"que":{"type":"typal","node":"que","usage":1,"weight":1},"eer":{"type":"typal","node":"eer","usage":1,"weight":1},"quee":{"type":"keys","node":"quee","usage":1,"weight":1},"ueer":{"type":"keys","node":"ueer","usage":1,"weight":1},"queer":{"type":"fixes","node":"queer","usage":1,"weight":1}},"Contributors":[],"FontIdentity":"emmaquine:d750bad6fe9d9b37d42225","Bytes":null,"Networking":[],"barcode":"ukiAOaqgeoS5","referee":"mwskc"}