{"CSS":{"Olnova-MediumIta":"Olnova-MediumIta.css"},"FontType":"TrueType","FontCopyright":"N\/A","FontName":"Olnova-MediumIta","FontSubfamily":"MediumIta","FontSubfamilyID":"FontForge 2.0 : Olnova-MediumIta : 21-10-2016","FontFullName":"Olnova Medium Ita","FontVersion":"Version 001.001 ","FontWeight":null,"FontPostscriptName":"Olnova-MediumIta","Files":{"olnova-mediumita.afm":"olnova-mediumita.afm","olnova-mediumita.bin":"olnova-mediumita.bin","olnova-mediumita.cef":"olnova-mediumita.cef","olnova-mediumita.cff":"olnova-mediumita.cff","olnova-mediumita.cid":"olnova-mediumita.cid","olnova-mediumita.dfont":"olnova-mediumita.dfont","olnova-mediumita.eot":"olnova-mediumita.eot","olnova-mediumita.fon":"olnova-mediumita.fon","olnova-mediumita.gai":"olnova-mediumita.gai","olnova-mediumita.gsf":"olnova-mediumita.gsf","olnova-mediumita.hqx":"olnova-mediumita.hqx","olnova-mediumita.ik":"olnova-mediumita.ik","olnova-mediumita.mf":"olnova-mediumita.mf","olnova-mediumita.otf":"olnova-mediumita.otf","olnova-mediumita.pcf":"olnova-mediumita.pcf","olnova-mediumita.pf3":"olnova-mediumita.pf3","olnova-mediumita.pfa":"olnova-mediumita.pfa","olnova-mediumita.pfb":"olnova-mediumita.pfb","olnova-mediumita.php":"olnova-mediumita.php","olnova-mediumita.pmf":"olnova-mediumita.pmf","olnova-mediumita.pt3":"olnova-mediumita.pt3","olnova-mediumita.sfd":"olnova-mediumita.sfd","olnova-mediumita.svg":"olnova-mediumita.svg","olnova-mediumita.t42":"olnova-mediumita.t42","olnova-mediumita.ttd":"olnova-mediumita.ttd","olnova-mediumita.ttf":"olnova-mediumita.ttf","olnova-mediumita.ttg":"olnova-mediumita.ttg","olnova-mediumita.ufm":"olnova-mediumita.ufm","olnova-mediumita.woff":"olnova-mediumita.woff","olnova-mediumita.z":"olnova-mediumita.z","":{"olnova-mediumita.afm":"olnova-mediumita.afm","olnova-mediumita.bin":"olnova-mediumita.bin","olnova-mediumita.cef":"olnova-mediumita.cef","olnova-mediumita.cff":"olnova-mediumita.cff","olnova-mediumita.cid":"olnova-mediumita.cid","olnova-mediumita.dfont":"olnova-mediumita.dfont","olnova-mediumita.eot":"olnova-mediumita.eot","olnova-mediumita.fon":"olnova-mediumita.fon","olnova-mediumita.gai":"olnova-mediumita.gai","olnova-mediumita.gsf":"olnova-mediumita.gsf","olnova-mediumita.hqx":"olnova-mediumita.hqx","olnova-mediumita.ik":"olnova-mediumita.ik","olnova-mediumita.mf":"olnova-mediumita.mf","olnova-mediumita.otf":"olnova-mediumita.otf","olnova-mediumita.pcf":"olnova-mediumita.pcf","olnova-mediumita.pf3":"olnova-mediumita.pf3","olnova-mediumita.pfa":"olnova-mediumita.pfa","olnova-mediumita.pfb":"olnova-mediumita.pfb","olnova-mediumita.php":"olnova-mediumita.php","olnova-mediumita.pmf":"olnova-mediumita.pmf","olnova-mediumita.pt3":"olnova-mediumita.pt3","olnova-mediumita.sfd":"olnova-mediumita.sfd","olnova-mediumita.svg":"olnova-mediumita.svg","olnova-mediumita.t42":"olnova-mediumita.t42","olnova-mediumita.ttd":"olnova-mediumita.ttd","olnova-mediumita.ttf":"olnova-mediumita.ttf","olnova-mediumita.ttg":"olnova-mediumita.ttg","olnova-mediumita.ufm":"olnova-mediumita.ufm","olnova-mediumita.woff":"olnova-mediumita.woff","olnova-mediumita.z":"olnova-mediumita.z"},"\/olnova-mediumita.ufo":{"feature.fea":"feature.fea","fontinfo.plist":"fontinfo.plist","groups.plist":"groups.plist","kerning.plist":"kerning.plist","metainfo.plist":"metainfo.plist"},"\/olnova-mediumita.ufo\/glyphs":{"A_.glif":"A_.glif","A_E_.glif":"A_E_.glif","A_acute.glif":"A_acute.glif","A_circumflex.glif":"A_circumflex.glif","A_dieresis.glif":"A_dieresis.glif","A_grave.glif":"A_grave.glif","A_ring.glif":"A_ring.glif","A_tilde.glif":"A_tilde.glif","B_.glif":"B_.glif","C_.glif":"C_.glif","C_cedilla.glif":"C_cedilla.glif","D_.glif":"D_.glif","D_elta.glif":"D_elta.glif","E_.glif":"E_.glif","E_acute.glif":"E_acute.glif","E_circumflex.glif":"E_circumflex.glif","E_dieresis.glif":"E_dieresis.glif","E_grave.glif":"E_grave.glif","F_.glif":"F_.glif","G_.glif":"G_.glif","H_.glif":"H_.glif","I_.glif":"I_.glif","I_acute.glif":"I_acute.glif","I_circumflex.glif":"I_circumflex.glif","I_dieresis.glif":"I_dieresis.glif","I_grave.glif":"I_grave.glif","J_.glif":"J_.glif","K_.glif":"K_.glif","L_.glif":"L_.glif","M_.glif":"M_.glif","N_.glif":"N_.glif","N_tilde.glif":"N_tilde.glif","O_.glif":"O_.glif","O_E_.glif":"O_E_.glif","O_acute.glif":"O_acute.glif","O_circumflex.glif":"O_circumflex.glif","O_dieresis.glif":"O_dieresis.glif","O_grave.glif":"O_grave.glif","O_mega.glif":"O_mega.glif","O_slash.glif":"O_slash.glif","O_tilde.glif":"O_tilde.glif","P_.glif":"P_.glif","Q_.glif":"Q_.glif","R_.glif":"R_.glif","S_.glif":"S_.glif","S_caron.glif":"S_caron.glif","T_.glif":"T_.glif","U_.glif":"U_.glif","U_acute.glif":"U_acute.glif","U_circumflex.glif":"U_circumflex.glif","U_dieresis.glif":"U_dieresis.glif","U_grave.glif":"U_grave.glif","V_.glif":"V_.glif","W_.glif":"W_.glif","X_.glif":"X_.glif","Y_.glif":"Y_.glif","Y_dieresis.glif":"Y_dieresis.glif","Z_.glif":"Z_.glif","Z_caron.glif":"Z_caron.glif","a.glif":"a.glif","aacute.glif":"aacute.glif","acircumflex.glif":"acircumflex.glif","acute.glif":"acute.glif","adieresis.glif":"adieresis.glif","ae.glif":"ae.glif","agrave.glif":"agrave.glif","ampersand.glif":"ampersand.glif","apple.glif":"apple.glif","approxequal.glif":"approxequal.glif","aring.glif":"aring.glif","asciicircum.glif":"asciicircum.glif","asciitilde.glif":"asciitilde.glif","asterisk.glif":"asterisk.glif","at.glif":"at.glif","atilde.glif":"atilde.glif","b.glif":"b.glif","backslash.glif":"backslash.glif","bar.glif":"bar.glif","braceleft.glif":"braceleft.glif","braceright.glif":"braceright.glif","bracketleft.glif":"bracketleft.glif","bracketright.glif":"bracketright.glif","breve.glif":"breve.glif","bullet.glif":"bullet.glif","c.glif":"c.glif","caron.glif":"caron.glif","ccedilla.glif":"ccedilla.glif","cedilla.glif":"cedilla.glif","cent.glif":"cent.glif","circumflex.glif":"circumflex.glif","colon.glif":"colon.glif","comma.glif":"comma.glif","contents.plist":"contents.plist","copyright.glif":"copyright.glif","currency.glif":"currency.glif","d.glif":"d.glif","dagger.glif":"dagger.glif","daggerdbl.glif":"daggerdbl.glif","dieresis.glif":"dieresis.glif","divide.glif":"divide.glif","dollar.glif":"dollar.glif","dotaccent.glif":"dotaccent.glif","dotlessi.glif":"dotlessi.glif","e.glif":"e.glif","eacute.glif":"eacute.glif","ecircumflex.glif":"ecircumflex.glif","edieresis.glif":"edieresis.glif","egrave.glif":"egrave.glif","eight.glif":"eight.glif","ellipsis.glif":"ellipsis.glif","emdash.glif":"emdash.glif","endash.glif":"endash.glif","equal.glif":"equal.glif","exclam.glif":"exclam.glif","exclamdown.glif":"exclamdown.glif","f.glif":"f.glif","fi.glif":"fi.glif","five.glif":"five.glif","fl.glif":"fl.glif","florin.glif":"florin.glif","four.glif":"four.glif","fraction.glif":"fraction.glif","g.glif":"g.glif","germandbls.glif":"germandbls.glif","grave.glif":"grave.glif","greater.glif":"greater.glif","greaterequal.glif":"greaterequal.glif","guillemotleft.glif":"guillemotleft.glif","guillemotright.glif":"guillemotright.glif","guilsinglleft.glif":"guilsinglleft.glif","guilsinglright.glif":"guilsinglright.glif","h.glif":"h.glif","hungarumlaut.glif":"hungarumlaut.glif","hyphen.glif":"hyphen.glif","i.glif":"i.glif","iacute.glif":"iacute.glif","icircumflex.glif":"icircumflex.glif","idieresis.glif":"idieresis.glif","igrave.glif":"igrave.glif","infinity.glif":"infinity.glif","integral.glif":"integral.glif","j.glif":"j.glif","k.glif":"k.glif","l.glif":"l.glif","less.glif":"less.glif","lessequal.glif":"lessequal.glif","logicalnot.glif":"logicalnot.glif","lozenge.glif":"lozenge.glif","m.glif":"m.glif","macron.glif":"macron.glif","mu.glif":"mu.glif","n.glif":"n.glif","nbspace.glif":"nbspace.glif","nine.glif":"nine.glif","notequal.glif":"notequal.glif","ntilde.glif":"ntilde.glif","numbersign.glif":"numbersign.glif","o.glif":"o.glif","oacute.glif":"oacute.glif","ocircumflex.glif":"ocircumflex.glif","odieresis.glif":"odieresis.glif","oe.glif":"oe.glif","ogonek.glif":"ogonek.glif","ograve.glif":"ograve.glif","one.glif":"one.glif","ordfeminine.glif":"ordfeminine.glif","ordmasculine.glif":"ordmasculine.glif","oslash.glif":"oslash.glif","otilde.glif":"otilde.glif","p.glif":"p.glif","paragraph.glif":"paragraph.glif","parenleft.glif":"parenleft.glif","parenright.glif":"parenright.glif","partialdiff.glif":"partialdiff.glif","percent.glif":"percent.glif","period.glif":"period.glif","periodcentered.glif":"periodcentered.glif","perthousand.glif":"perthousand.glif","pi.glif":"pi.glif","plus.glif":"plus.glif","plusminus.glif":"plusminus.glif","product.glif":"product.glif","q.glif":"q.glif","question.glif":"question.glif","questiondown.glif":"questiondown.glif","quotedbl.glif":"quotedbl.glif","quotedblbase.glif":"quotedblbase.glif","quotedblleft.glif":"quotedblleft.glif","quotedblright.glif":"quotedblright.glif","quoteleft.glif":"quoteleft.glif","quoteright.glif":"quoteright.glif","quotesinglbase.glif":"quotesinglbase.glif","quotesingle.glif":"quotesingle.glif","r.glif":"r.glif","radical.glif":"radical.glif","registered.glif":"registered.glif","ring.glif":"ring.glif","s.glif":"s.glif","scaron.glif":"scaron.glif","section.glif":"section.glif","semicolon.glif":"semicolon.glif","seven.glif":"seven.glif","six.glif":"six.glif","slash.glif":"slash.glif","space.glif":"space.glif","sterling.glif":"sterling.glif","summation.glif":"summation.glif","t.glif":"t.glif","three.glif":"three.glif","tilde.glif":"tilde.glif","trademark.glif":"trademark.glif","two.glif":"two.glif","u.glif":"u.glif","uacute.glif":"uacute.glif","ucircumflex.glif":"ucircumflex.glif","udieresis.glif":"udieresis.glif","ugrave.glif":"ugrave.glif","underscore.glif":"underscore.glif","v.glif":"v.glif","w.glif":"w.glif","x.glif":"x.glif","y.glif":"y.glif","ydieresis.glif":"ydieresis.glif","yen.glif":"yen.glif","z.glif":"z.glif","zcaron.glif":"zcaron.glif","zero.glif":"zero.glif"}},"Font":{"uploaded":1477093732.8598,"licence":"gpl3","company":"Chronolabs Cooperative","title":"Olnova Medium Ita","version":2.001,"date":"Fri Aug 12 10:03:42 2016","creator":"root","type":"1","matrix":"0.001 0 0 0.001 0 0","named":"Olnova-MediumIta","painttype":"0","info":"10 dict dup","name":"Olnova-MediumIta","family":"Olnova-MediumIta","weight":"Medium","fstype":"0","italicangle":"0","underlineposition":"","underlinethickness":""},"Table":{"FFTM":{"entryLength":16,"tag":"FFTM","checksum":1944367692,"offset":24256,"length":28},"GDEF":{"entryLength":16,"tag":"GDEF","checksum":17956870,"offset":24224,"length":32},"OS\/2":{"entryLength":16,"tag":"OS\/2","checksum":2008824676,"offset":344,"length":86},"cmap":{"entryLength":16,"tag":"cmap","checksum":705218375,"offset":1348,"length":718},"gasp":{"entryLength":16,"tag":"gasp","checksum":4294901763,"offset":24216,"length":8},"glyf":{"entryLength":16,"tag":"glyf","checksum":978034380,"offset":2528,"length":20628},"head":{"entryLength":16,"tag":"head","checksum":197326789,"offset":220,"length":54},"hhea":{"entryLength":16,"tag":"hhea","checksum":140116884,"offset":276,"length":36},"hmtx":{"entryLength":16,"tag":"hmtx","checksum":3415032094,"offset":432,"length":916},"loca":{"entryLength":16,"tag":"loca","checksum":2242681520,"offset":2068,"length":460},"maxp":{"entryLength":16,"tag":"maxp","checksum":19791969,"offset":312,"length":32},"name":{"entryLength":16,"tag":"name","checksum":3360794788,"offset":23156,"length":558},"post":{"entryLength":16,"tag":"post","checksum":2880764258,"offset":23716,"length":500}},"UnicodeCharMap":{"32":3,"33":4,"34":5,"35":6,"36":7,"37":8,"38":9,"39":10,"40":11,"41":12,"42":13,"43":14,"44":15,"45":16,"46":17,"47":18,"48":19,"49":20,"50":21,"51":22,"52":23,"53":24,"54":25,"55":26,"56":27,"57":28,"58":29,"59":30,"60":31,"61":32,"62":33,"63":34,"64":35,"65":36,"66":37,"67":38,"68":39,"69":40,"70":41,"71":42,"72":43,"73":44,"74":45,"75":46,"76":47,"77":48,"78":49,"79":50,"80":51,"81":52,"82":53,"83":54,"84":55,"85":56,"86":57,"87":58,"88":59,"89":60,"90":61,"91":62,"92":63,"93":64,"94":65,"95":66,"96":67,"97":68,"98":69,"99":70,"100":71,"101":72,"102":73,"103":74,"104":75,"105":76,"106":77,"107":78,"108":79,"109":80,"110":81,"111":82,"112":83,"113":84,"114":85,"115":86,"116":87,"117":88,"118":89,"119":90,"120":91,"121":92,"122":93,"123":94,"124":95,"125":96,"126":97,"160":98,"161":99,"162":100,"163":101,"164":102,"165":103,"167":104,"168":105,"169":106,"170":107,"171":108,"172":109,"174":110,"175":111,"177":112,"180":113,"182":115,"183":116,"184":117,"186":118,"187":119,"191":120,"192":121,"193":122,"194":123,"195":124,"196":125,"197":126,"198":127,"199":128,"200":129,"201":130,"202":131,"203":132,"204":133,"205":134,"206":135,"207":136,"209":137,"210":138,"211":139,"212":140,"213":141,"214":142,"216":143,"217":144,"218":145,"219":146,"220":147,"223":148,"224":149,"225":150,"226":151,"227":152,"228":153,"229":154,"230":155,"231":156,"232":157,"233":158,"234":159,"235":160,"236":161,"237":162,"238":163,"239":164,"241":165,"242":166,"243":167,"244":168,"245":169,"246":170,"247":171,"248":172,"249":173,"250":174,"251":175,"252":176,"255":177,"305":206,"338":205,"339":207,"352":208,"353":209,"376":227,"381":210,"382":211,"402":181,"710":196,"711":203,"728":198,"729":199,"730":200,"731":202,"732":197,"733":201,"916":225,"937":222,"956":114,"960":220,"8211":187,"8212":204,"8216":179,"8217":178,"8218":191,"8220":182,"8221":193,"8222":192,"8224":188,"8225":189,"8226":190,"8230":194,"8240":195,"8249":183,"8250":184,"8260":180,"8482":212,"8706":217,"8719":219,"8721":218,"8730":223,"8734":214,"8747":221,"8776":224,"8800":213,"8804":215,"8805":216,"9674":226,"64257":185,"64258":186},"Reserves":null,"Names":[],"Nodes":{"ol":{"type":"typal","node":"ol","usage":1,"weight":1},"va":{"type":"typal","node":"va","usage":1,"weight":1},"me":{"type":"typal","node":"me","usage":1,"weight":1},"um":{"type":"typal","node":"um","usage":1,"weight":1},"it":{"type":"typal","node":"it","usage":1,"weight":1},"ta":{"type":"typal","node":"ta","usage":1,"weight":1},"oln":{"type":"typal","node":"oln","usage":1,"weight":1},"ova":{"type":"typal","node":"ova","usage":1,"weight":1},"med":{"type":"typal","node":"med","usage":1,"weight":1},"ium":{"type":"typal","node":"ium","usage":1,"weight":1},"olno":{"type":"keys","node":"olno","usage":1,"weight":1},"nova":{"type":"keys","node":"nova","usage":1,"weight":1},"medi":{"type":"keys","node":"medi","usage":1,"weight":1},"dium":{"type":"keys","node":"dium","usage":1,"weight":1},"olnov":{"type":"keys","node":"olnov","usage":1,"weight":1},"lnova":{"type":"keys","node":"lnova","usage":1,"weight":1},"mediu":{"type":"keys","node":"mediu","usage":1,"weight":1},"edium":{"type":"keys","node":"edium","usage":1,"weight":1},"olnova":{"type":"fixes","node":"olnova","usage":1,"weight":1},"medium":{"type":"fixes","node":"medium","usage":1,"weight":1},"ita":{"type":"fixes","node":"ita","usage":1,"weight":1}},"Contributors":[],"FontIdentity":"7abfccbd70006ed5c0adcc431b858425","Bytes":2308052,"Networking":[],"barcode":"12qa72myaeqwac","referee":"742maq"}