{"CSS":{"Obelisk ITC Std Bold":"Obelisk+ITC+Std+Bold.css"},"FontType":"TrueType","FontCopyright":"Copyright 1997 International Typeface Corporation. All rights reserved. \"ITC\" is a trademark of International Typeface Corporation Registered in U.S. Patent and Trademark Office and may be registered in certain other jurisdictions;\"Obelisk\" is a trademark of International Typeface Corporation and may be registered in certain jurisdictions.","FontName":"Obelisk ITC Std Light","FontSubfamily":"Bold","FontSubfamilyID":"FontForge 2.0 : Obelisk ITC Std Bold : 13-8-2016","FontFullName":"Obelisk ITC Std Bold","FontVersion":"Version 001.000 ","FontWeight":null,"FontPostscriptName":"ObeliskITCStd-Bold","Files":{"obeliskitcstd-bold.afm":"obeliskitcstd-bold.afm","obeliskitcstd-bold.bin":"obeliskitcstd-bold.bin","obeliskitcstd-bold.cef":"obeliskitcstd-bold.cef","obeliskitcstd-bold.cff":"obeliskitcstd-bold.cff","obeliskitcstd-bold.cid":"obeliskitcstd-bold.cid","obeliskitcstd-bold.dfont":"obeliskitcstd-bold.dfont","obeliskitcstd-bold.eot":"obeliskitcstd-bold.eot","obeliskitcstd-bold.fon":"obeliskitcstd-bold.fon","obeliskitcstd-bold.gai":"obeliskitcstd-bold.gai","obeliskitcstd-bold.gsf":"obeliskitcstd-bold.gsf","obeliskitcstd-bold.hqx":"obeliskitcstd-bold.hqx","obeliskitcstd-bold.ik":"obeliskitcstd-bold.ik","obeliskitcstd-bold.mf":"obeliskitcstd-bold.mf","obeliskitcstd-bold.otf":"obeliskitcstd-bold.otf","obeliskitcstd-bold.pcf":"obeliskitcstd-bold.pcf","obeliskitcstd-bold.pf3":"obeliskitcstd-bold.pf3","obeliskitcstd-bold.pfa":"obeliskitcstd-bold.pfa","obeliskitcstd-bold.pfb":"obeliskitcstd-bold.pfb","obeliskitcstd-bold.php":"obeliskitcstd-bold.php","obeliskitcstd-bold.pmf":"obeliskitcstd-bold.pmf","obeliskitcstd-bold.pt3":"obeliskitcstd-bold.pt3","obeliskitcstd-bold.sfd":"obeliskitcstd-bold.sfd","obeliskitcstd-bold.svg":"obeliskitcstd-bold.svg","obeliskitcstd-bold.t42":"obeliskitcstd-bold.t42","obeliskitcstd-bold.ttd":"obeliskitcstd-bold.ttd","obeliskitcstd-bold.ttf":"obeliskitcstd-bold.ttf","obeliskitcstd-bold.ttg":"obeliskitcstd-bold.ttg","obeliskitcstd-bold.ufm":"obeliskitcstd-bold.ufm","obeliskitcstd-bold.woff":"obeliskitcstd-bold.woff","obeliskitcstd-bold.z":"obeliskitcstd-bold.z","":{"obeliskitcstd-bold.afm":"obeliskitcstd-bold.afm","obeliskitcstd-bold.bin":"obeliskitcstd-bold.bin","obeliskitcstd-bold.cef":"obeliskitcstd-bold.cef","obeliskitcstd-bold.cff":"obeliskitcstd-bold.cff","obeliskitcstd-bold.cid":"obeliskitcstd-bold.cid","obeliskitcstd-bold.dfont":"obeliskitcstd-bold.dfont","obeliskitcstd-bold.eot":"obeliskitcstd-bold.eot","obeliskitcstd-bold.fon":"obeliskitcstd-bold.fon","obeliskitcstd-bold.gai":"obeliskitcstd-bold.gai","obeliskitcstd-bold.gsf":"obeliskitcstd-bold.gsf","obeliskitcstd-bold.hqx":"obeliskitcstd-bold.hqx","obeliskitcstd-bold.ik":"obeliskitcstd-bold.ik","obeliskitcstd-bold.mf":"obeliskitcstd-bold.mf","obeliskitcstd-bold.otf":"obeliskitcstd-bold.otf","obeliskitcstd-bold.pcf":"obeliskitcstd-bold.pcf","obeliskitcstd-bold.pf3":"obeliskitcstd-bold.pf3","obeliskitcstd-bold.pfa":"obeliskitcstd-bold.pfa","obeliskitcstd-bold.pfb":"obeliskitcstd-bold.pfb","obeliskitcstd-bold.php":"obeliskitcstd-bold.php","obeliskitcstd-bold.pmf":"obeliskitcstd-bold.pmf","obeliskitcstd-bold.pt3":"obeliskitcstd-bold.pt3","obeliskitcstd-bold.sfd":"obeliskitcstd-bold.sfd","obeliskitcstd-bold.svg":"obeliskitcstd-bold.svg","obeliskitcstd-bold.t42":"obeliskitcstd-bold.t42","obeliskitcstd-bold.ttd":"obeliskitcstd-bold.ttd","obeliskitcstd-bold.ttf":"obeliskitcstd-bold.ttf","obeliskitcstd-bold.ttg":"obeliskitcstd-bold.ttg","obeliskitcstd-bold.ufm":"obeliskitcstd-bold.ufm","obeliskitcstd-bold.woff":"obeliskitcstd-bold.woff","obeliskitcstd-bold.z":"obeliskitcstd-bold.z"},"\/obeliskitcstd-bold.ufo":{"feature.fea":"feature.fea","fontinfo.plist":"fontinfo.plist","groups.plist":"groups.plist","kerning.plist":"kerning.plist","metainfo.plist":"metainfo.plist"},"\/obeliskitcstd-bold.ufo\/glyphs":{"A_.glif":"A_.glif","A_E_.glif":"A_E_.glif","A_acute.glif":"A_acute.glif","A_circumflex.glif":"A_circumflex.glif","A_dieresis.glif":"A_dieresis.glif","A_grave.glif":"A_grave.glif","A_ring.glif":"A_ring.glif","A_tilde.glif":"A_tilde.glif","B_.glif":"B_.glif","C_.glif":"C_.glif","C_cedilla.glif":"C_cedilla.glif","D_.glif":"D_.glif","D_elta.glif":"D_elta.glif","E_.glif":"E_.glif","E_acute.glif":"E_acute.glif","E_circumflex.glif":"E_circumflex.glif","E_dieresis.glif":"E_dieresis.glif","E_grave.glif":"E_grave.glif","E_th.glif":"E_th.glif","E_uro.glif":"E_uro.glif","F_.glif":"F_.glif","G_.glif":"G_.glif","H_.glif":"H_.glif","I_.glif":"I_.glif","I_acute.glif":"I_acute.glif","I_circumflex.glif":"I_circumflex.glif","I_dieresis.glif":"I_dieresis.glif","I_grave.glif":"I_grave.glif","J_.glif":"J_.glif","K_.glif":"K_.glif","L_.glif":"L_.glif","L_slash.glif":"L_slash.glif","M_.glif":"M_.glif","N_.glif":"N_.glif","N_tilde.glif":"N_tilde.glif","O_.glif":"O_.glif","O_E_.glif":"O_E_.glif","O_acute.glif":"O_acute.glif","O_circumflex.glif":"O_circumflex.glif","O_dieresis.glif":"O_dieresis.glif","O_grave.glif":"O_grave.glif","O_mega.glif":"O_mega.glif","O_slash.glif":"O_slash.glif","O_tilde.glif":"O_tilde.glif","P_.glif":"P_.glif","Q_.glif":"Q_.glif","R_.glif":"R_.glif","S_.glif":"S_.glif","S_caron.glif":"S_caron.glif","T_.glif":"T_.glif","T_horn.glif":"T_horn.glif","U_.glif":"U_.glif","U_acute.glif":"U_acute.glif","U_circumflex.glif":"U_circumflex.glif","U_dieresis.glif":"U_dieresis.glif","U_grave.glif":"U_grave.glif","V_.glif":"V_.glif","W_.glif":"W_.glif","X_.glif":"X_.glif","Y_.glif":"Y_.glif","Y_acute.glif":"Y_acute.glif","Y_dieresis.glif":"Y_dieresis.glif","Z_.glif":"Z_.glif","Z_caron.glif":"Z_caron.glif","_notdef.glif":"_notdef.glif","a.glif":"a.glif","aacute.glif":"aacute.glif","acircumflex.glif":"acircumflex.glif","acute.glif":"acute.glif","adieresis.glif":"adieresis.glif","ae.glif":"ae.glif","agrave.glif":"agrave.glif","ampersand.glif":"ampersand.glif","approxequal.glif":"approxequal.glif","aring.glif":"aring.glif","asciicircum.glif":"asciicircum.glif","asciitilde.glif":"asciitilde.glif","asterisk.glif":"asterisk.glif","at.glif":"at.glif","atilde.glif":"atilde.glif","b.glif":"b.glif","backslash.glif":"backslash.glif","bar.glif":"bar.glif","braceleft.glif":"braceleft.glif","braceright.glif":"braceright.glif","bracketleft.glif":"bracketleft.glif","bracketright.glif":"bracketright.glif","breve.glif":"breve.glif","brokenbar.glif":"brokenbar.glif","bullet.glif":"bullet.glif","c.glif":"c.glif","caron.glif":"caron.glif","ccedilla.glif":"ccedilla.glif","cedilla.glif":"cedilla.glif","cent.glif":"cent.glif","circumflex.glif":"circumflex.glif","colon.glif":"colon.glif","comma.glif":"comma.glif","contents.plist":"contents.plist","copyright.glif":"copyright.glif","currency.glif":"currency.glif","d.glif":"d.glif","dagger.glif":"dagger.glif","daggerdbl.glif":"daggerdbl.glif","degree.glif":"degree.glif","dieresis.glif":"dieresis.glif","divide.glif":"divide.glif","dollar.glif":"dollar.glif","dotaccent.glif":"dotaccent.glif","dotlessi.glif":"dotlessi.glif","e.glif":"e.glif","eacute.glif":"eacute.glif","ecircumflex.glif":"ecircumflex.glif","edieresis.glif":"edieresis.glif","egrave.glif":"egrave.glif","eight.glif":"eight.glif","ellipsis.glif":"ellipsis.glif","emdash.glif":"emdash.glif","endash.glif":"endash.glif","equal.glif":"equal.glif","estimated.glif":"estimated.glif","eth.glif":"eth.glif","exclam.glif":"exclam.glif","exclamdown.glif":"exclamdown.glif","f.glif":"f.glif","f_i.glif":"f_i.glif","f_l.glif":"f_l.glif","five.glif":"five.glif","florin.glif":"florin.glif","four.glif":"four.glif","fraction.glif":"fraction.glif","g.glif":"g.glif","germandbls.glif":"germandbls.glif","grave.glif":"grave.glif","greater.glif":"greater.glif","greaterequal.glif":"greaterequal.glif","guillemotleft.glif":"guillemotleft.glif","guillemotright.glif":"guillemotright.glif","guilsinglleft.glif":"guilsinglleft.glif","guilsinglright.glif":"guilsinglright.glif","h.glif":"h.glif","hungarumlaut.glif":"hungarumlaut.glif","hyphen.glif":"hyphen.glif","i.glif":"i.glif","iacute.glif":"iacute.glif","icircumflex.glif":"icircumflex.glif","idieresis.glif":"idieresis.glif","igrave.glif":"igrave.glif","infinity.glif":"infinity.glif","integral.glif":"integral.glif","j.glif":"j.glif","k.glif":"k.glif","l.glif":"l.glif","less.glif":"less.glif","lessequal.glif":"lessequal.glif","litre.glif":"litre.glif","logicalnot.glif":"logicalnot.glif","lozenge.glif":"lozenge.glif","lslash.glif":"lslash.glif","m.glif":"m.glif","macron.glif":"macron.glif","minus.glif":"minus.glif","mu.glif":"mu.glif","multiply.glif":"multiply.glif","n.glif":"n.glif","nine.glif":"nine.glif","notequal.glif":"notequal.glif","ntilde.glif":"ntilde.glif","numbersign.glif":"numbersign.glif","o.glif":"o.glif","oacute.glif":"oacute.glif","ocircumflex.glif":"ocircumflex.glif","odieresis.glif":"odieresis.glif","oe.glif":"oe.glif","ogonek.glif":"ogonek.glif","ograve.glif":"ograve.glif","one.glif":"one.glif","onehalf.glif":"onehalf.glif","onequarter.glif":"onequarter.glif","onesuperior.glif":"onesuperior.glif","ordfeminine.glif":"ordfeminine.glif","ordmasculine.glif":"ordmasculine.glif","oslash.glif":"oslash.glif","otilde.glif":"otilde.glif","p.glif":"p.glif","paragraph.glif":"paragraph.glif","parenleft.glif":"parenleft.glif","parenright.glif":"parenright.glif","partialdiff.glif":"partialdiff.glif","percent.glif":"percent.glif","period.glif":"period.glif","periodcentered.glif":"periodcentered.glif","perthousand.glif":"perthousand.glif","pi.glif":"pi.glif","plus.glif":"plus.glif","plusminus.glif":"plusminus.glif","product.glif":"product.glif","q.glif":"q.glif","question.glif":"question.glif","questiondown.glif":"questiondown.glif","quotedbl.glif":"quotedbl.glif","quotedblbase.glif":"quotedblbase.glif","quotedblleft.glif":"quotedblleft.glif","quotedblright.glif":"quotedblright.glif","quoteleft.glif":"quoteleft.glif","quoteright.glif":"quoteright.glif","quotesinglbase.glif":"quotesinglbase.glif","quotesingle.glif":"quotesingle.glif","r.glif":"r.glif","radical.glif":"radical.glif","registered.glif":"registered.glif","ring.glif":"ring.glif","s.glif":"s.glif","scaron.glif":"scaron.glif","section.glif":"section.glif","semicolon.glif":"semicolon.glif","seven.glif":"seven.glif","six.glif":"six.glif","slash.glif":"slash.glif","space.glif":"space.glif","sterling.glif":"sterling.glif","summation.glif":"summation.glif","t.glif":"t.glif","thorn.glif":"thorn.glif","three.glif":"three.glif","threequarters.glif":"threequarters.glif","threesuperior.glif":"threesuperior.glif","tilde.glif":"tilde.glif","trademark.glif":"trademark.glif","two.glif":"two.glif","twosuperior.glif":"twosuperior.glif","u.glif":"u.glif","uacute.glif":"uacute.glif","ucircumflex.glif":"ucircumflex.glif","udieresis.glif":"udieresis.glif","ugrave.glif":"ugrave.glif","underscore.glif":"underscore.glif","uni00A_0.glif":"uni00A_0.glif","uni00A_D_.glif":"uni00A_D_.glif","uni02C_9.glif":"uni02C_9.glif","uni03A_9.glif":"uni03A_9.glif","uni03B_C_.glif":"uni03B_C_.glif","uni2215.glif":"uni2215.glif","uni2219.glif":"uni2219.glif","v.glif":"v.glif","w.glif":"w.glif","x.glif":"x.glif","y.glif":"y.glif","yacute.glif":"yacute.glif","ydieresis.glif":"ydieresis.glif","yen.glif":"yen.glif","z.glif":"z.glif","zcaron.glif":"zcaron.glif","zero.glif":"zero.glif"}},"Font":{"uploaded":1471082569.1686,"licence":"gpl3","company":"Chronolabs Cooperative","title":"Obelisk ITCStd Bold","version":2.001,"date":"Fri Aug 12 10:02:29 2016","creator":"root","type":"1","matrix":"0.001 0 0 0.001 0 0","named":"ObeliskITCStd-Bold","painttype":"0","info":"10 dict dup","name":"Obelisk ITC Std Bold","family":"Obelisk ITC Std Light","weight":"Bold","fstype":"4","italicangle":"0","underlineposition":"","underlinethickness":""},"Table":{"FFTM":{"entryLength":16,"tag":"FFTM","checksum":1944367548,"offset":29888,"length":28},"GDEF":{"entryLength":16,"tag":"GDEF","checksum":19660806,"offset":29856,"length":32},"OS\/2":{"entryLength":16,"tag":"OS\/2","checksum":2028355003,"offset":344,"length":86},"cmap":{"entryLength":16,"tag":"cmap","checksum":1757172510,"offset":1452,"length":694},"gasp":{"entryLength":16,"tag":"gasp","checksum":4294901763,"offset":29848,"length":8},"glyf":{"entryLength":16,"tag":"glyf","checksum":3199907983,"offset":2660,"length":24956},"head":{"entryLength":16,"tag":"head","checksum":193299641,"offset":220,"length":54},"hhea":{"entryLength":16,"tag":"hhea","checksum":144901264,"offset":276,"length":36},"hmtx":{"entryLength":16,"tag":"hmtx","checksum":1863393363,"offset":432,"length":1020},"loca":{"entryLength":16,"tag":"loca","checksum":3227900030,"offset":2148,"length":512},"maxp":{"entryLength":16,"tag":"maxp","checksum":21495882,"offset":312,"length":32},"name":{"entryLength":16,"tag":"name","checksum":4205980399,"offset":27616,"length":1599},"post":{"entryLength":16,"tag":"post","checksum":2325085594,"offset":29216,"length":629}},"UnicodeCharMap":{"32":3,"33":4,"34":5,"35":6,"36":7,"37":8,"38":9,"39":10,"40":11,"41":12,"42":13,"43":14,"44":15,"45":16,"46":17,"47":18,"48":19,"49":20,"50":21,"51":22,"52":23,"53":24,"54":25,"55":26,"56":27,"57":28,"58":29,"59":30,"60":31,"61":32,"62":33,"63":34,"64":35,"65":36,"66":37,"67":38,"68":39,"69":40,"70":41,"71":42,"72":43,"73":44,"74":45,"75":46,"76":47,"77":48,"78":49,"79":50,"80":51,"81":52,"82":53,"83":54,"84":55,"85":56,"86":57,"87":58,"88":59,"89":60,"90":61,"91":62,"92":63,"93":64,"94":65,"95":66,"96":67,"97":68,"98":69,"99":70,"100":71,"101":72,"102":73,"103":74,"104":75,"105":76,"106":77,"107":78,"108":79,"109":80,"110":81,"111":82,"112":83,"113":84,"114":85,"115":86,"116":87,"117":88,"118":89,"119":90,"120":91,"121":92,"122":93,"123":94,"124":95,"125":96,"126":97,"160":98,"161":99,"162":100,"163":101,"164":102,"165":103,"166":104,"167":105,"168":106,"169":107,"170":108,"171":109,"172":110,"173":111,"174":112,"175":113,"176":114,"177":115,"178":116,"179":117,"180":118,"182":120,"183":121,"184":122,"185":123,"186":124,"187":125,"188":126,"189":127,"190":128,"191":129,"192":130,"193":131,"194":132,"195":133,"196":134,"197":135,"198":136,"199":137,"200":138,"201":139,"202":140,"203":141,"204":142,"205":143,"206":144,"207":145,"208":146,"209":147,"210":148,"211":149,"212":150,"213":151,"214":152,"215":153,"216":154,"217":155,"218":156,"219":157,"220":158,"221":159,"222":160,"223":161,"224":162,"225":163,"226":164,"227":165,"228":166,"229":167,"230":168,"231":169,"232":170,"233":171,"234":172,"235":173,"236":174,"237":175,"238":176,"239":177,"240":178,"241":179,"242":180,"243":181,"244":182,"245":183,"246":184,"247":185,"248":186,"249":187,"250":188,"251":189,"252":190,"253":191,"254":192,"255":193,"305":221,"321":219,"322":222,"338":220,"339":223,"352":226,"353":229,"376":227,"381":228,"382":230,"402":197,"710":210,"711":217,"713":231,"728":212,"729":213,"730":214,"731":216,"732":211,"733":215,"916":240,"937":237,"956":233,"960":234,"8211":201,"8212":218,"8216":195,"8217":194,"8218":205,"8220":198,"8221":207,"8222":206,"8224":202,"8225":203,"8226":204,"8230":208,"8240":209,"8249":199,"8250":200,"8260":196,"8364":235,"8467":236,"8482":224,"8494":238,"8706":239,"8719":241,"8721":242,"8722":225,"8725":243,"8729":244,"8730":245,"8734":246,"8747":247,"8776":248,"8800":249,"8804":250,"8805":251,"9674":252,"64257":253,"64258":254},"Reserves":null,"Names":[],"Nodes":{"ob":{"type":"typal","node":"ob","usage":1,"weight":1},"sk":{"type":"typal","node":"sk","usage":1,"weight":1},"it":{"type":"typal","node":"it","usage":1,"weight":1},"tc":{"type":"typal","node":"tc","usage":1,"weight":1},"st":{"type":"typal","node":"st","usage":1,"weight":1},"td":{"type":"typal","node":"td","usage":1,"weight":1},"li":{"type":"typal","node":"li","usage":1,"weight":1},"ht":{"type":"typal","node":"ht","usage":1,"weight":1},"obe":{"type":"typal","node":"obe","usage":1,"weight":1},"isk":{"type":"typal","node":"isk","usage":1,"weight":1},"lig":{"type":"typal","node":"lig","usage":1,"weight":1},"ght":{"type":"typal","node":"ght","usage":1,"weight":1},"obel":{"type":"keys","node":"obel","usage":1,"weight":1},"lisk":{"type":"keys","node":"lisk","usage":1,"weight":1},"ligh":{"type":"keys","node":"ligh","usage":1,"weight":1},"ight":{"type":"keys","node":"ight","usage":1,"weight":1},"obeli":{"type":"keys","node":"obeli","usage":1,"weight":1},"elisk":{"type":"keys","node":"elisk","usage":1,"weight":1},"obelisk":{"type":"fixes","node":"obelisk","usage":1,"weight":1},"itc":{"type":"fixes","node":"itc","usage":1,"weight":1},"std":{"type":"fixes","node":"std","usage":1,"weight":1},"light":{"type":"fixes","node":"light","usage":1,"weight":1}},"Contributors":[],"FontIdentity":"ec3a623daaf9889ccb8372c3747beb93","Bytes":3337430,"Networking":[],"barcode":"amg10asiwyaici","referee":"o4weuia"}