{"CSS":{"Chlod":"Chlod.css"},"FontType":"TrueType","FontCopyright":null,"FontName":"Chlod","FontSubfamily":"Book","FontSubfamilyID":"FontForge 2.0 : Chlod : 28-12-2016","FontFullName":"Chlod","FontVersion":"Version 1.0 ","FontWeight":null,"FontPostscriptName":"Chlod","Files":{"chlod.afm":"chlod.afm","chlod.bin":"chlod.bin","chlod.cef":"chlod.cef","chlod.cff":"chlod.cff","chlod.cid":"chlod.cid","chlod.dfont":"chlod.dfont","chlod.eot":"chlod.eot","chlod.fon":"chlod.fon","chlod.gai":"chlod.gai","chlod.gsf":"chlod.gsf","chlod.hqx":"chlod.hqx","chlod.ik":"chlod.ik","chlod.mf":"chlod.mf","chlod.otf":"chlod.otf","chlod.pcf":"chlod.pcf","chlod.pf3":"chlod.pf3","chlod.pfa":"chlod.pfa","chlod.pfb":"chlod.pfb","chlod.php":"chlod.php","chlod.pmf":"chlod.pmf","chlod.pt3":"chlod.pt3","chlod.sfd":"chlod.sfd","chlod.svg":"chlod.svg","chlod.t42":"chlod.t42","chlod.ttd":"chlod.ttd","chlod.ttf":"chlod.ttf","chlod.ttg":"chlod.ttg","chlod.ufm":"chlod.ufm","chlod.woff":"chlod.woff","chlod.z":"chlod.z","":{"chlod.afm":"chlod.afm","chlod.bin":"chlod.bin","chlod.cef":"chlod.cef","chlod.cff":"chlod.cff","chlod.cid":"chlod.cid","chlod.dfont":"chlod.dfont","chlod.eot":"chlod.eot","chlod.fon":"chlod.fon","chlod.gai":"chlod.gai","chlod.gsf":"chlod.gsf","chlod.hqx":"chlod.hqx","chlod.ik":"chlod.ik","chlod.mf":"chlod.mf","chlod.otf":"chlod.otf","chlod.pcf":"chlod.pcf","chlod.pf3":"chlod.pf3","chlod.pfa":"chlod.pfa","chlod.pfb":"chlod.pfb","chlod.php":"chlod.php","chlod.pmf":"chlod.pmf","chlod.pt3":"chlod.pt3","chlod.sfd":"chlod.sfd","chlod.svg":"chlod.svg","chlod.t42":"chlod.t42","chlod.ttd":"chlod.ttd","chlod.ttf":"chlod.ttf","chlod.ttg":"chlod.ttg","chlod.ufm":"chlod.ufm","chlod.woff":"chlod.woff","chlod.z":"chlod.z"},"\/chlod.ufo":{"feature.fea":"feature.fea","fontinfo.plist":"fontinfo.plist","groups.plist":"groups.plist","kerning.plist":"kerning.plist","metainfo.plist":"metainfo.plist"},"\/chlod.ufo\/glyphs":{"A_.glif":"A_.glif","B_.glif":"B_.glif","C_.glif":"C_.glif","D_.glif":"D_.glif","E_.glif":"E_.glif","F_.glif":"F_.glif","G_.glif":"G_.glif","H_.glif":"H_.glif","I_.glif":"I_.glif","J_.glif":"J_.glif","K_.glif":"K_.glif","L_.glif":"L_.glif","M_.glif":"M_.glif","N_.glif":"N_.glif","O_.glif":"O_.glif","P_.glif":"P_.glif","Q_.glif":"Q_.glif","R_.glif":"R_.glif","S_.glif":"S_.glif","T_.glif":"T_.glif","U_.glif":"U_.glif","V_.glif":"V_.glif","W_.glif":"W_.glif","X_.glif":"X_.glif","Y_.glif":"Y_.glif","Z_.glif":"Z_.glif","_notdef.glif":"_notdef.glif","a.glif":"a.glif","b.glif":"b.glif","c.glif":"c.glif","contents.plist":"contents.plist","d.glif":"d.glif","e.glif":"e.glif","exclam.glif":"exclam.glif","f.glif":"f.glif","g.glif":"g.glif","glyph1.glif":"glyph1.glif","glyph2.glif":"glyph2.glif","h.glif":"h.glif","i.glif":"i.glif","j.glif":"j.glif","k.glif":"k.glif","l.glif":"l.glif","m.glif":"m.glif","n.glif":"n.glif","o.glif":"o.glif","p.glif":"p.glif","q.glif":"q.glif","r.glif":"r.glif","s.glif":"s.glif","space.glif":"space.glif","t.glif":"t.glif","u.glif":"u.glif","v.glif":"v.glif","w.glif":"w.glif","x.glif":"x.glif","y.glif":"y.glif","z.glif":"z.glif"}},"Font":{"uploaded":1482879092.0121,"licence":"gpl3","company":"Chronolabs Cooperative","title":"Chlod","version":2.001,"date":"Sun Aug 28 08:29:50 2016","creator":"root","type":"1","matrix":"0.00138889 0 0 0.00138889 0 0","named":"Chlod","painttype":"0","info":"7 dict dup","name":"Chlod","family":"Chlod","weight":"Book","fstype":"0","italicangle":"0"},"Table":{"FFTM":{"entryLength":16,"tag":"FFTM","checksum":1947020428,"offset":48424,"length":28},"GDEF":{"entryLength":16,"tag":"GDEF","checksum":6684676,"offset":48392,"length":32},"OS\/2":{"entryLength":16,"tag":"OS\/2","checksum":1368415192,"offset":344,"length":86},"cmap":{"entryLength":16,"tag":"cmap","checksum":2967360024,"offset":660,"length":826},"gasp":{"entryLength":16,"tag":"gasp","checksum":4294901763,"offset":48384,"length":8},"glyf":{"entryLength":16,"tag":"glyf","checksum":3440337950,"offset":1604,"length":46252},"head":{"entryLength":16,"tag":"head","checksum":182354920,"offset":220,"length":54},"hhea":{"entryLength":16,"tag":"hhea","checksum":79102664,"offset":276,"length":36},"hmtx":{"entryLength":16,"tag":"hmtx","checksum":1339293493,"offset":432,"length":228},"loca":{"entryLength":16,"tag":"loca","checksum":2970476016,"offset":1488,"length":116},"maxp":{"entryLength":16,"tag":"maxp","checksum":8716938,"offset":312,"length":32},"name":{"entryLength":16,"tag":"name","checksum":2385419671,"offset":47856,"length":363},"post":{"entryLength":16,"tag":"post","checksum":1311645328,"offset":48220,"length":162}},"UnicodeCharMap":{"32":3,"33":4,"65":5,"66":6,"67":7,"68":8,"69":9,"70":10,"71":11,"72":12,"73":13,"74":14,"75":15,"76":16,"77":17,"78":18,"79":19,"80":20,"81":21,"82":22,"83":23,"84":24,"85":25,"86":26,"87":27,"88":28,"89":29,"90":30,"97":31,"98":32,"99":33,"100":34,"101":35,"102":36,"103":37,"104":38,"105":39,"106":40,"107":41,"108":42,"109":43,"110":44,"111":45,"112":46,"113":47,"114":48,"115":49,"116":50,"117":51,"118":52,"119":53,"120":54,"121":55,"122":56},"Reserves":null,"Names":[],"Nodes":{"ch":{"type":"typal","node":"ch","usage":1,"weight":1},"od":{"type":"typal","node":"od","usage":1,"weight":1},"chl":{"type":"typal","node":"chl","usage":1,"weight":1},"lod":{"type":"typal","node":"lod","usage":1,"weight":1},"chlo":{"type":"keys","node":"chlo","usage":1,"weight":1},"hlod":{"type":"keys","node":"hlod","usage":1,"weight":1},"chlod":{"type":"fixes","node":"chlod","usage":1,"weight":1}},"Contributors":[],"FontIdentity":"5be311fdb481df1497696aaa53bc046f","Bytes":4682630,"Networking":[],"barcode":"yqkeykw5u6e4e","referee":"wmaukoc"}