{"CSS":{"Sickness":"zinc77:8e838c77427da4dc92c002aca.css"},"FontType":"TrueType","FontCopyright":"Typeface (c) High-Logic. 1999. All Rights Reserved","FontName":"Sickness","FontSubfamily":"Book","FontSubfamilyID":"FontForge 2.0 : Sickness : 26-11-2016","FontFullName":"Sickness","FontVersion":"Version August 24, 1999; 1.0 ","FontWeight":null,"FontPostscriptName":"Sickness","Files":{"\/Sickness.css":"\/Sickness.css","\/font-resource.json":"\/font-resource.json","\/sickness.afm":"\/sickness.afm","\/sickness.cef":"\/sickness.cef","\/sickness.cff":"\/sickness.cff","\/sickness.eot":"\/sickness.eot","\/sickness.gai":"\/sickness.gai","\/sickness.gsf":"\/sickness.gsf","\/sickness.otf":"\/sickness.otf","\/sickness.pf3":"\/sickness.pf3","\/sickness.pfa":"\/sickness.pfa","\/sickness.pfb":"\/sickness.pfb","\/sickness.php":"\/sickness.php","\/sickness.pt3":"\/sickness.pt3","\/sickness.sfd":"\/sickness.sfd","\/sickness.svg":"\/sickness.svg","\/sickness.t42":"\/sickness.t42","\/sickness.ttd":"\/sickness.ttd","\/sickness.ttf":"\/sickness.ttf","\/sickness.ttg":"\/sickness.ttg","\/sickness.ufm":"\/sickness.ufm","\/sickness.woff":"\/sickness.woff","\/sickness.z":"\/sickness.z","\/sickness.ufo\/feature.fea":"\/sickness.ufo\/feature.fea","\/sickness.ufo\/fontinfo.plist":"\/sickness.ufo\/fontinfo.plist","\/sickness.ufo\/groups.plist":"\/sickness.ufo\/groups.plist","\/sickness.ufo\/kerning.plist":"\/sickness.ufo\/kerning.plist","\/sickness.ufo\/metainfo.plist":"\/sickness.ufo\/metainfo.plist","\/sickness.ufo\/glyphs\/A_.glif":"\/sickness.ufo\/glyphs\/A_.glif","\/sickness.ufo\/glyphs\/A_E_.glif":"\/sickness.ufo\/glyphs\/A_E_.glif","\/sickness.ufo\/glyphs\/A_acute.glif":"\/sickness.ufo\/glyphs\/A_acute.glif","\/sickness.ufo\/glyphs\/A_circumflex.glif":"\/sickness.ufo\/glyphs\/A_circumflex.glif","\/sickness.ufo\/glyphs\/A_dieresis.glif":"\/sickness.ufo\/glyphs\/A_dieresis.glif","\/sickness.ufo\/glyphs\/A_grave.glif":"\/sickness.ufo\/glyphs\/A_grave.glif","\/sickness.ufo\/glyphs\/A_ring.glif":"\/sickness.ufo\/glyphs\/A_ring.glif","\/sickness.ufo\/glyphs\/A_tilde.glif":"\/sickness.ufo\/glyphs\/A_tilde.glif","\/sickness.ufo\/glyphs\/B_.glif":"\/sickness.ufo\/glyphs\/B_.glif","\/sickness.ufo\/glyphs\/C_.glif":"\/sickness.ufo\/glyphs\/C_.glif","\/sickness.ufo\/glyphs\/C_cedilla.glif":"\/sickness.ufo\/glyphs\/C_cedilla.glif","\/sickness.ufo\/glyphs\/D_.glif":"\/sickness.ufo\/glyphs\/D_.glif","\/sickness.ufo\/glyphs\/D_elta.glif":"\/sickness.ufo\/glyphs\/D_elta.glif","\/sickness.ufo\/glyphs\/E_.glif":"\/sickness.ufo\/glyphs\/E_.glif","\/sickness.ufo\/glyphs\/E_acute.glif":"\/sickness.ufo\/glyphs\/E_acute.glif","\/sickness.ufo\/glyphs\/E_circumflex.glif":"\/sickness.ufo\/glyphs\/E_circumflex.glif","\/sickness.ufo\/glyphs\/E_dieresis.glif":"\/sickness.ufo\/glyphs\/E_dieresis.glif","\/sickness.ufo\/glyphs\/E_grave.glif":"\/sickness.ufo\/glyphs\/E_grave.glif","\/sickness.ufo\/glyphs\/F_.glif":"\/sickness.ufo\/glyphs\/F_.glif","\/sickness.ufo\/glyphs\/G_.glif":"\/sickness.ufo\/glyphs\/G_.glif","\/sickness.ufo\/glyphs\/H_.glif":"\/sickness.ufo\/glyphs\/H_.glif","\/sickness.ufo\/glyphs\/I_.glif":"\/sickness.ufo\/glyphs\/I_.glif","\/sickness.ufo\/glyphs\/I_acute.glif":"\/sickness.ufo\/glyphs\/I_acute.glif","\/sickness.ufo\/glyphs\/I_circumflex.glif":"\/sickness.ufo\/glyphs\/I_circumflex.glif","\/sickness.ufo\/glyphs\/I_dieresis.glif":"\/sickness.ufo\/glyphs\/I_dieresis.glif","\/sickness.ufo\/glyphs\/I_grave.glif":"\/sickness.ufo\/glyphs\/I_grave.glif","\/sickness.ufo\/glyphs\/J_.glif":"\/sickness.ufo\/glyphs\/J_.glif","\/sickness.ufo\/glyphs\/K_.glif":"\/sickness.ufo\/glyphs\/K_.glif","\/sickness.ufo\/glyphs\/L_.glif":"\/sickness.ufo\/glyphs\/L_.glif","\/sickness.ufo\/glyphs\/M_.glif":"\/sickness.ufo\/glyphs\/M_.glif","\/sickness.ufo\/glyphs\/N_.glif":"\/sickness.ufo\/glyphs\/N_.glif","\/sickness.ufo\/glyphs\/N_tilde.glif":"\/sickness.ufo\/glyphs\/N_tilde.glif","\/sickness.ufo\/glyphs\/O_.glif":"\/sickness.ufo\/glyphs\/O_.glif","\/sickness.ufo\/glyphs\/O_E_.glif":"\/sickness.ufo\/glyphs\/O_E_.glif","\/sickness.ufo\/glyphs\/O_acute.glif":"\/sickness.ufo\/glyphs\/O_acute.glif","\/sickness.ufo\/glyphs\/O_circumflex.glif":"\/sickness.ufo\/glyphs\/O_circumflex.glif","\/sickness.ufo\/glyphs\/O_dieresis.glif":"\/sickness.ufo\/glyphs\/O_dieresis.glif","\/sickness.ufo\/glyphs\/O_grave.glif":"\/sickness.ufo\/glyphs\/O_grave.glif","\/sickness.ufo\/glyphs\/O_slash.glif":"\/sickness.ufo\/glyphs\/O_slash.glif","\/sickness.ufo\/glyphs\/O_tilde.glif":"\/sickness.ufo\/glyphs\/O_tilde.glif","\/sickness.ufo\/glyphs\/P_.glif":"\/sickness.ufo\/glyphs\/P_.glif","\/sickness.ufo\/glyphs\/Q_.glif":"\/sickness.ufo\/glyphs\/Q_.glif","\/sickness.ufo\/glyphs\/R_.glif":"\/sickness.ufo\/glyphs\/R_.glif","\/sickness.ufo\/glyphs\/S_.glif":"\/sickness.ufo\/glyphs\/S_.glif","\/sickness.ufo\/glyphs\/T_.glif":"\/sickness.ufo\/glyphs\/T_.glif","\/sickness.ufo\/glyphs\/U_.glif":"\/sickness.ufo\/glyphs\/U_.glif","\/sickness.ufo\/glyphs\/U_acute.glif":"\/sickness.ufo\/glyphs\/U_acute.glif","\/sickness.ufo\/glyphs\/U_circumflex.glif":"\/sickness.ufo\/glyphs\/U_circumflex.glif","\/sickness.ufo\/glyphs\/U_dieresis.glif":"\/sickness.ufo\/glyphs\/U_dieresis.glif","\/sickness.ufo\/glyphs\/U_grave.glif":"\/sickness.ufo\/glyphs\/U_grave.glif","\/sickness.ufo\/glyphs\/V_.glif":"\/sickness.ufo\/glyphs\/V_.glif","\/sickness.ufo\/glyphs\/W_.glif":"\/sickness.ufo\/glyphs\/W_.glif","\/sickness.ufo\/glyphs\/X_.glif":"\/sickness.ufo\/glyphs\/X_.glif","\/sickness.ufo\/glyphs\/Y_.glif":"\/sickness.ufo\/glyphs\/Y_.glif","\/sickness.ufo\/glyphs\/Y_dieresis.glif":"\/sickness.ufo\/glyphs\/Y_dieresis.glif","\/sickness.ufo\/glyphs\/Z_.glif":"\/sickness.ufo\/glyphs\/Z_.glif","\/sickness.ufo\/glyphs\/_notdef.glif":"\/sickness.ufo\/glyphs\/_notdef.glif","\/sickness.ufo\/glyphs\/_null.glif":"\/sickness.ufo\/glyphs\/_null.glif","\/sickness.ufo\/glyphs\/a.glif":"\/sickness.ufo\/glyphs\/a.glif","\/sickness.ufo\/glyphs\/aacute.glif":"\/sickness.ufo\/glyphs\/aacute.glif","\/sickness.ufo\/glyphs\/acircumflex.glif":"\/sickness.ufo\/glyphs\/acircumflex.glif","\/sickness.ufo\/glyphs\/acute.glif":"\/sickness.ufo\/glyphs\/acute.glif","\/sickness.ufo\/glyphs\/adieresis.glif":"\/sickness.ufo\/glyphs\/adieresis.glif","\/sickness.ufo\/glyphs\/ae.glif":"\/sickness.ufo\/glyphs\/ae.glif","\/sickness.ufo\/glyphs\/agrave.glif":"\/sickness.ufo\/glyphs\/agrave.glif","\/sickness.ufo\/glyphs\/ampersand.glif":"\/sickness.ufo\/glyphs\/ampersand.glif","\/sickness.ufo\/glyphs\/apple.glif":"\/sickness.ufo\/glyphs\/apple.glif","\/sickness.ufo\/glyphs\/approxequal.glif":"\/sickness.ufo\/glyphs\/approxequal.glif","\/sickness.ufo\/glyphs\/aring.glif":"\/sickness.ufo\/glyphs\/aring.glif","\/sickness.ufo\/glyphs\/asciicircum.glif":"\/sickness.ufo\/glyphs\/asciicircum.glif","\/sickness.ufo\/glyphs\/asciitilde.glif":"\/sickness.ufo\/glyphs\/asciitilde.glif","\/sickness.ufo\/glyphs\/asterisk.glif":"\/sickness.ufo\/glyphs\/asterisk.glif","\/sickness.ufo\/glyphs\/at.glif":"\/sickness.ufo\/glyphs\/at.glif","\/sickness.ufo\/glyphs\/atilde.glif":"\/sickness.ufo\/glyphs\/atilde.glif","\/sickness.ufo\/glyphs\/b.glif":"\/sickness.ufo\/glyphs\/b.glif","\/sickness.ufo\/glyphs\/backslash.glif":"\/sickness.ufo\/glyphs\/backslash.glif","\/sickness.ufo\/glyphs\/bar.glif":"\/sickness.ufo\/glyphs\/bar.glif","\/sickness.ufo\/glyphs\/braceleft.glif":"\/sickness.ufo\/glyphs\/braceleft.glif","\/sickness.ufo\/glyphs\/braceright.glif":"\/sickness.ufo\/glyphs\/braceright.glif","\/sickness.ufo\/glyphs\/bracketleft.glif":"\/sickness.ufo\/glyphs\/bracketleft.glif","\/sickness.ufo\/glyphs\/bracketright.glif":"\/sickness.ufo\/glyphs\/bracketright.glif","\/sickness.ufo\/glyphs\/breve.glif":"\/sickness.ufo\/glyphs\/breve.glif","\/sickness.ufo\/glyphs\/bullet.glif":"\/sickness.ufo\/glyphs\/bullet.glif","\/sickness.ufo\/glyphs\/c.glif":"\/sickness.ufo\/glyphs\/c.glif","\/sickness.ufo\/glyphs\/caron.glif":"\/sickness.ufo\/glyphs\/caron.glif","\/sickness.ufo\/glyphs\/ccedilla.glif":"\/sickness.ufo\/glyphs\/ccedilla.glif","\/sickness.ufo\/glyphs\/cedilla.glif":"\/sickness.ufo\/glyphs\/cedilla.glif","\/sickness.ufo\/glyphs\/cent.glif":"\/sickness.ufo\/glyphs\/cent.glif","\/sickness.ufo\/glyphs\/circumflex.glif":"\/sickness.ufo\/glyphs\/circumflex.glif","\/sickness.ufo\/glyphs\/colon.glif":"\/sickness.ufo\/glyphs\/colon.glif","\/sickness.ufo\/glyphs\/comma.glif":"\/sickness.ufo\/glyphs\/comma.glif","\/sickness.ufo\/glyphs\/contents.plist":"\/sickness.ufo\/glyphs\/contents.plist","\/sickness.ufo\/glyphs\/copyright.glif":"\/sickness.ufo\/glyphs\/copyright.glif","\/sickness.ufo\/glyphs\/currency.glif":"\/sickness.ufo\/glyphs\/currency.glif","\/sickness.ufo\/glyphs\/d.glif":"\/sickness.ufo\/glyphs\/d.glif","\/sickness.ufo\/glyphs\/dagger.glif":"\/sickness.ufo\/glyphs\/dagger.glif","\/sickness.ufo\/glyphs\/daggerdbl.glif":"\/sickness.ufo\/glyphs\/daggerdbl.glif","\/sickness.ufo\/glyphs\/degree.glif":"\/sickness.ufo\/glyphs\/degree.glif","\/sickness.ufo\/glyphs\/dieresis.glif":"\/sickness.ufo\/glyphs\/dieresis.glif","\/sickness.ufo\/glyphs\/divide.glif":"\/sickness.ufo\/glyphs\/divide.glif","\/sickness.ufo\/glyphs\/dollar.glif":"\/sickness.ufo\/glyphs\/dollar.glif","\/sickness.ufo\/glyphs\/dotaccent.glif":"\/sickness.ufo\/glyphs\/dotaccent.glif","\/sickness.ufo\/glyphs\/dotlessi.glif":"\/sickness.ufo\/glyphs\/dotlessi.glif","\/sickness.ufo\/glyphs\/e.glif":"\/sickness.ufo\/glyphs\/e.glif","\/sickness.ufo\/glyphs\/eacute.glif":"\/sickness.ufo\/glyphs\/eacute.glif","\/sickness.ufo\/glyphs\/ecircumflex.glif":"\/sickness.ufo\/glyphs\/ecircumflex.glif","\/sickness.ufo\/glyphs\/edieresis.glif":"\/sickness.ufo\/glyphs\/edieresis.glif","\/sickness.ufo\/glyphs\/egrave.glif":"\/sickness.ufo\/glyphs\/egrave.glif","\/sickness.ufo\/glyphs\/eight.glif":"\/sickness.ufo\/glyphs\/eight.glif","\/sickness.ufo\/glyphs\/ellipsis.glif":"\/sickness.ufo\/glyphs\/ellipsis.glif","\/sickness.ufo\/glyphs\/emdash.glif":"\/sickness.ufo\/glyphs\/emdash.glif","\/sickness.ufo\/glyphs\/endash.glif":"\/sickness.ufo\/glyphs\/endash.glif","\/sickness.ufo\/glyphs\/equal.glif":"\/sickness.ufo\/glyphs\/equal.glif","\/sickness.ufo\/glyphs\/exclam.glif":"\/sickness.ufo\/glyphs\/exclam.glif","\/sickness.ufo\/glyphs\/exclamdown.glif":"\/sickness.ufo\/glyphs\/exclamdown.glif","\/sickness.ufo\/glyphs\/f.glif":"\/sickness.ufo\/glyphs\/f.glif","\/sickness.ufo\/glyphs\/fi.glif":"\/sickness.ufo\/glyphs\/fi.glif","\/sickness.ufo\/glyphs\/five.glif":"\/sickness.ufo\/glyphs\/five.glif","\/sickness.ufo\/glyphs\/fl.glif":"\/sickness.ufo\/glyphs\/fl.glif","\/sickness.ufo\/glyphs\/florin.glif":"\/sickness.ufo\/glyphs\/florin.glif","\/sickness.ufo\/glyphs\/four.glif":"\/sickness.ufo\/glyphs\/four.glif","\/sickness.ufo\/glyphs\/fraction.glif":"\/sickness.ufo\/glyphs\/fraction.glif","\/sickness.ufo\/glyphs\/g.glif":"\/sickness.ufo\/glyphs\/g.glif","\/sickness.ufo\/glyphs\/germandbls.glif":"\/sickness.ufo\/glyphs\/germandbls.glif","\/sickness.ufo\/glyphs\/grave.glif":"\/sickness.ufo\/glyphs\/grave.glif","\/sickness.ufo\/glyphs\/greater.glif":"\/sickness.ufo\/glyphs\/greater.glif","\/sickness.ufo\/glyphs\/greaterequal.glif":"\/sickness.ufo\/glyphs\/greaterequal.glif","\/sickness.ufo\/glyphs\/guillemotleft.glif":"\/sickness.ufo\/glyphs\/guillemotleft.glif","\/sickness.ufo\/glyphs\/guillemotright.glif":"\/sickness.ufo\/glyphs\/guillemotright.glif","\/sickness.ufo\/glyphs\/guilsinglleft.glif":"\/sickness.ufo\/glyphs\/guilsinglleft.glif","\/sickness.ufo\/glyphs\/guilsinglright.glif":"\/sickness.ufo\/glyphs\/guilsinglright.glif","\/sickness.ufo\/glyphs\/h.glif":"\/sickness.ufo\/glyphs\/h.glif","\/sickness.ufo\/glyphs\/hungarumlaut.glif":"\/sickness.ufo\/glyphs\/hungarumlaut.glif","\/sickness.ufo\/glyphs\/hyphen.glif":"\/sickness.ufo\/glyphs\/hyphen.glif","\/sickness.ufo\/glyphs\/i.glif":"\/sickness.ufo\/glyphs\/i.glif","\/sickness.ufo\/glyphs\/iacute.glif":"\/sickness.ufo\/glyphs\/iacute.glif","\/sickness.ufo\/glyphs\/icircumflex.glif":"\/sickness.ufo\/glyphs\/icircumflex.glif","\/sickness.ufo\/glyphs\/idieresis.glif":"\/sickness.ufo\/glyphs\/idieresis.glif","\/sickness.ufo\/glyphs\/igrave.glif":"\/sickness.ufo\/glyphs\/igrave.glif","\/sickness.ufo\/glyphs\/infinity.glif":"\/sickness.ufo\/glyphs\/infinity.glif","\/sickness.ufo\/glyphs\/integral.glif":"\/sickness.ufo\/glyphs\/integral.glif","\/sickness.ufo\/glyphs\/j.glif":"\/sickness.ufo\/glyphs\/j.glif","\/sickness.ufo\/glyphs\/k.glif":"\/sickness.ufo\/glyphs\/k.glif","\/sickness.ufo\/glyphs\/l.glif":"\/sickness.ufo\/glyphs\/l.glif","\/sickness.ufo\/glyphs\/less.glif":"\/sickness.ufo\/glyphs\/less.glif","\/sickness.ufo\/glyphs\/lessequal.glif":"\/sickness.ufo\/glyphs\/lessequal.glif","\/sickness.ufo\/glyphs\/logicalnot.glif":"\/sickness.ufo\/glyphs\/logicalnot.glif","\/sickness.ufo\/glyphs\/lozenge.glif":"\/sickness.ufo\/glyphs\/lozenge.glif","\/sickness.ufo\/glyphs\/m.glif":"\/sickness.ufo\/glyphs\/m.glif","\/sickness.ufo\/glyphs\/macron.glif":"\/sickness.ufo\/glyphs\/macron.glif","\/sickness.ufo\/glyphs\/mu.glif":"\/sickness.ufo\/glyphs\/mu.glif","\/sickness.ufo\/glyphs\/n.glif":"\/sickness.ufo\/glyphs\/n.glif","\/sickness.ufo\/glyphs\/nine.glif":"\/sickness.ufo\/glyphs\/nine.glif","\/sickness.ufo\/glyphs\/nonbreakingspace.glif":"\/sickness.ufo\/glyphs\/nonbreakingspace.glif","\/sickness.ufo\/glyphs\/nonmarkingreturn.glif":"\/sickness.ufo\/glyphs\/nonmarkingreturn.glif","\/sickness.ufo\/glyphs\/notequal.glif":"\/sickness.ufo\/glyphs\/notequal.glif","\/sickness.ufo\/glyphs\/ntilde.glif":"\/sickness.ufo\/glyphs\/ntilde.glif","\/sickness.ufo\/glyphs\/numbersign.glif":"\/sickness.ufo\/glyphs\/numbersign.glif","\/sickness.ufo\/glyphs\/o.glif":"\/sickness.ufo\/glyphs\/o.glif","\/sickness.ufo\/glyphs\/oacute.glif":"\/sickness.ufo\/glyphs\/oacute.glif","\/sickness.ufo\/glyphs\/ocircumflex.glif":"\/sickness.ufo\/glyphs\/ocircumflex.glif","\/sickness.ufo\/glyphs\/odieresis.glif":"\/sickness.ufo\/glyphs\/odieresis.glif","\/sickness.ufo\/glyphs\/oe.glif":"\/sickness.ufo\/glyphs\/oe.glif","\/sickness.ufo\/glyphs\/ogonek.glif":"\/sickness.ufo\/glyphs\/ogonek.glif","\/sickness.ufo\/glyphs\/ograve.glif":"\/sickness.ufo\/glyphs\/ograve.glif","\/sickness.ufo\/glyphs\/ohm.glif":"\/sickness.ufo\/glyphs\/ohm.glif","\/sickness.ufo\/glyphs\/one.glif":"\/sickness.ufo\/glyphs\/one.glif","\/sickness.ufo\/glyphs\/ordfeminine.glif":"\/sickness.ufo\/glyphs\/ordfeminine.glif","\/sickness.ufo\/glyphs\/ordmasculine.glif":"\/sickness.ufo\/glyphs\/ordmasculine.glif","\/sickness.ufo\/glyphs\/oslash.glif":"\/sickness.ufo\/glyphs\/oslash.glif","\/sickness.ufo\/glyphs\/otilde.glif":"\/sickness.ufo\/glyphs\/otilde.glif","\/sickness.ufo\/glyphs\/p.glif":"\/sickness.ufo\/glyphs\/p.glif","\/sickness.ufo\/glyphs\/paragraph.glif":"\/sickness.ufo\/glyphs\/paragraph.glif","\/sickness.ufo\/glyphs\/parenleft.glif":"\/sickness.ufo\/glyphs\/parenleft.glif","\/sickness.ufo\/glyphs\/parenright.glif":"\/sickness.ufo\/glyphs\/parenright.glif","\/sickness.ufo\/glyphs\/partialdiff.glif":"\/sickness.ufo\/glyphs\/partialdiff.glif","\/sickness.ufo\/glyphs\/percent.glif":"\/sickness.ufo\/glyphs\/percent.glif","\/sickness.ufo\/glyphs\/period.glif":"\/sickness.ufo\/glyphs\/period.glif","\/sickness.ufo\/glyphs\/periodcentered.glif":"\/sickness.ufo\/glyphs\/periodcentered.glif","\/sickness.ufo\/glyphs\/perthousand.glif":"\/sickness.ufo\/glyphs\/perthousand.glif","\/sickness.ufo\/glyphs\/pi.glif":"\/sickness.ufo\/glyphs\/pi.glif","\/sickness.ufo\/glyphs\/plus.glif":"\/sickness.ufo\/glyphs\/plus.glif","\/sickness.ufo\/glyphs\/plusminus.glif":"\/sickness.ufo\/glyphs\/plusminus.glif","\/sickness.ufo\/glyphs\/product.glif":"\/sickness.ufo\/glyphs\/product.glif","\/sickness.ufo\/glyphs\/q.glif":"\/sickness.ufo\/glyphs\/q.glif","\/sickness.ufo\/glyphs\/question.glif":"\/sickness.ufo\/glyphs\/question.glif","\/sickness.ufo\/glyphs\/questiondown.glif":"\/sickness.ufo\/glyphs\/questiondown.glif","\/sickness.ufo\/glyphs\/quotedbl.glif":"\/sickness.ufo\/glyphs\/quotedbl.glif","\/sickness.ufo\/glyphs\/quotedblbase.glif":"\/sickness.ufo\/glyphs\/quotedblbase.glif","\/sickness.ufo\/glyphs\/quotedblleft.glif":"\/sickness.ufo\/glyphs\/quotedblleft.glif","\/sickness.ufo\/glyphs\/quotedblright.glif":"\/sickness.ufo\/glyphs\/quotedblright.glif","\/sickness.ufo\/glyphs\/quoteleft.glif":"\/sickness.ufo\/glyphs\/quoteleft.glif","\/sickness.ufo\/glyphs\/quoteright.glif":"\/sickness.ufo\/glyphs\/quoteright.glif","\/sickness.ufo\/glyphs\/quotesinglbase.glif":"\/sickness.ufo\/glyphs\/quotesinglbase.glif","\/sickness.ufo\/glyphs\/quotesingle.glif":"\/sickness.ufo\/glyphs\/quotesingle.glif","\/sickness.ufo\/glyphs\/r.glif":"\/sickness.ufo\/glyphs\/r.glif","\/sickness.ufo\/glyphs\/radical.glif":"\/sickness.ufo\/glyphs\/radical.glif","\/sickness.ufo\/glyphs\/registered.glif":"\/sickness.ufo\/glyphs\/registered.glif","\/sickness.ufo\/glyphs\/ring.glif":"\/sickness.ufo\/glyphs\/ring.glif","\/sickness.ufo\/glyphs\/s.glif":"\/sickness.ufo\/glyphs\/s.glif","\/sickness.ufo\/glyphs\/section.glif":"\/sickness.ufo\/glyphs\/section.glif","\/sickness.ufo\/glyphs\/semicolon.glif":"\/sickness.ufo\/glyphs\/semicolon.glif","\/sickness.ufo\/glyphs\/seven.glif":"\/sickness.ufo\/glyphs\/seven.glif","\/sickness.ufo\/glyphs\/six.glif":"\/sickness.ufo\/glyphs\/six.glif","\/sickness.ufo\/glyphs\/slash.glif":"\/sickness.ufo\/glyphs\/slash.glif","\/sickness.ufo\/glyphs\/space.glif":"\/sickness.ufo\/glyphs\/space.glif","\/sickness.ufo\/glyphs\/sterling.glif":"\/sickness.ufo\/glyphs\/sterling.glif","\/sickness.ufo\/glyphs\/summation.glif":"\/sickness.ufo\/glyphs\/summation.glif","\/sickness.ufo\/glyphs\/t.glif":"\/sickness.ufo\/glyphs\/t.glif","\/sickness.ufo\/glyphs\/three.glif":"\/sickness.ufo\/glyphs\/three.glif","\/sickness.ufo\/glyphs\/tilde.glif":"\/sickness.ufo\/glyphs\/tilde.glif","\/sickness.ufo\/glyphs\/trademark.glif":"\/sickness.ufo\/glyphs\/trademark.glif","\/sickness.ufo\/glyphs\/two.glif":"\/sickness.ufo\/glyphs\/two.glif","\/sickness.ufo\/glyphs\/u.glif":"\/sickness.ufo\/glyphs\/u.glif","\/sickness.ufo\/glyphs\/uacute.glif":"\/sickness.ufo\/glyphs\/uacute.glif","\/sickness.ufo\/glyphs\/ucircumflex.glif":"\/sickness.ufo\/glyphs\/ucircumflex.glif","\/sickness.ufo\/glyphs\/udieresis.glif":"\/sickness.ufo\/glyphs\/udieresis.glif","\/sickness.ufo\/glyphs\/ugrave.glif":"\/sickness.ufo\/glyphs\/ugrave.glif","\/sickness.ufo\/glyphs\/underscore.glif":"\/sickness.ufo\/glyphs\/underscore.glif","\/sickness.ufo\/glyphs\/v.glif":"\/sickness.ufo\/glyphs\/v.glif","\/sickness.ufo\/glyphs\/w.glif":"\/sickness.ufo\/glyphs\/w.glif","\/sickness.ufo\/glyphs\/x.glif":"\/sickness.ufo\/glyphs\/x.glif","\/sickness.ufo\/glyphs\/y.glif":"\/sickness.ufo\/glyphs\/y.glif","\/sickness.ufo\/glyphs\/ydieresis.glif":"\/sickness.ufo\/glyphs\/ydieresis.glif","\/sickness.ufo\/glyphs\/yen.glif":"\/sickness.ufo\/glyphs\/yen.glif","\/sickness.ufo\/glyphs\/z.glif":"\/sickness.ufo\/glyphs\/z.glif","\/sickness.ufo\/glyphs\/zero.glif":"\/sickness.ufo\/glyphs\/zero.glif"},"Font":{"uploaded":1489394963.9531,"licence":"gpl3","company":"Chronolabs Cooperative","title":"Sickness","version":3.002,"date":"Fri Nov 25 22:28:34 2016","creator":"root","type":"1","matrix":"0.000488281 0 0 0.000488281 0 0","named":"Sickness","painttype":"0","info":"10 dict dup","name":"Sickness","family":"Sickness","weight":"Book","fstype":"8","italicangle":"0","underlineposition":"","underlinethickness":""},"Licences":{"":false},"Table":{"FFTM":{"entryLength":16,"tag":"FFTM","checksum":1962493076,"offset":27688,"length":28},"GDEF":{"entryLength":16,"tag":"GDEF","checksum":17760260,"offset":27656,"length":32},"OS\/2":{"entryLength":16,"tag":"OS\/2","checksum":2243642611,"offset":344,"length":86},"cmap":{"entryLength":16,"tag":"cmap","checksum":3934770572,"offset":1336,"length":1054},"gasp":{"entryLength":16,"tag":"gasp","checksum":4294901763,"offset":27648,"length":8},"glyf":{"entryLength":16,"tag":"glyf","checksum":3246826092,"offset":2848,"length":23680},"head":{"entryLength":16,"tag":"head","checksum":233344780,"offset":220,"length":54},"hhea":{"entryLength":16,"tag":"hhea","checksum":240321535,"offset":276,"length":36},"hmtx":{"entryLength":16,"tag":"hmtx","checksum":2501244994,"offset":432,"length":904},"loca":{"entryLength":16,"tag":"loca","checksum":1575765672,"offset":2392,"length":454},"maxp":{"entryLength":16,"tag":"maxp","checksum":19530034,"offset":312,"length":32},"name":{"entryLength":16,"tag":"name","checksum":360788646,"offset":26528,"length":627},"post":{"entryLength":16,"tag":"post","checksum":2604283142,"offset":27156,"length":490}},"UnicodeCharMap":{"0":1,"13":2,"32":3,"33":224,"34":4,"35":5,"36":6,"37":7,"38":8,"39":9,"40":10,"41":11,"42":12,"43":13,"44":14,"45":15,"46":16,"47":17,"48":18,"49":19,"50":20,"51":21,"52":22,"53":23,"54":24,"55":25,"56":26,"57":27,"58":28,"59":29,"60":30,"61":31,"62":32,"63":33,"64":34,"65":35,"66":36,"67":37,"68":38,"69":39,"70":40,"71":41,"72":42,"73":43,"74":44,"75":45,"76":46,"77":47,"78":48,"79":49,"80":50,"81":51,"82":52,"83":53,"84":54,"85":55,"86":56,"87":57,"88":58,"89":59,"90":60,"91":61,"92":62,"93":63,"94":64,"95":65,"96":66,"97":67,"98":68,"99":69,"100":70,"101":71,"102":72,"103":73,"104":74,"105":75,"106":76,"107":77,"108":78,"109":79,"110":80,"111":81,"112":82,"113":83,"114":84,"115":85,"116":86,"117":87,"118":88,"119":89,"120":90,"121":91,"122":92,"123":93,"124":94,"125":95,"126":96,"160":170,"161":161,"162":130,"163":131,"164":187,"165":148,"167":132,"168":140,"169":137,"170":155,"171":167,"172":162,"174":136,"175":216,"176":129,"177":145,"180":139,"182":134,"183":193,"184":220,"186":156,"187":168,"191":160,"192":171,"193":199,"194":197,"195":172,"196":97,"197":98,"198":142,"199":99,"200":201,"201":100,"202":198,"203":200,"204":205,"205":202,"206":203,"207":204,"209":101,"210":209,"211":206,"212":207,"213":173,"214":102,"216":143,"217":212,"218":210,"219":211,"220":103,"223":135,"224":105,"225":104,"226":106,"227":108,"228":107,"229":109,"230":158,"231":110,"232":112,"233":111,"234":113,"235":114,"236":116,"237":115,"238":117,"239":118,"241":119,"242":121,"243":120,"244":122,"245":124,"246":123,"247":182,"248":159,"249":126,"250":125,"251":127,"252":128,"255":184,"305":213,"338":174,"339":175,"376":185,"402":164,"710":214,"711":223,"728":217,"729":218,"730":219,"731":222,"732":215,"733":221,"916":166,"956":149,"960":153,"8211":176,"8212":177,"8216":180,"8217":181,"8218":194,"8220":178,"8221":179,"8222":195,"8224":225,"8225":192,"8226":133,"8230":169,"8240":196,"8249":188,"8250":189,"8260":186,"8482":138,"8486":157,"8706":150,"8719":152,"8721":151,"8730":163,"8734":144,"8747":154,"8776":165,"8800":141,"8804":146,"8805":147,"9674":183,"64257":190,"64258":191},"Reserves":{"fontname":"Sickness"},"Names":{"Sickness":{"name":"Sickness","longitude":"0.00000001","latitude":"0.00000001","country":"","region":"","city":""}},"Nodes":{"si":{"type":"typal","node":"si","usage":1,"weight":1},"ss":{"type":"typal","node":"ss","usage":1,"weight":1},"sic":{"type":"typal","node":"sic","usage":1,"weight":1},"ess":{"type":"typal","node":"ess","usage":1,"weight":1},"sick":{"type":"keys","node":"sick","usage":1,"weight":1},"ness":{"type":"keys","node":"ness","usage":1,"weight":1},"sickn":{"type":"keys","node":"sickn","usage":1,"weight":1},"kness":{"type":"keys","node":"kness","usage":1,"weight":1},"sickness":{"type":"fixes","node":"sickness","usage":1,"weight":1}},"Contributors":[],"FontIdentity":"zinc77:8e838c77427da4dc92c002aca","Bytes":null,"Networking":[],"barcode":"12k11wkqamo6gou","referee":"6yocw"}