{"CSS":{"Elementa SC-Expert Italic":"Elementa+SC-Expert+Italic.css"},"FontType":"TrueType","FontCopyright":"< info@fontfont.de > Copyright Mindaugas Strockis, 1998. Published by FontShop International.  FontFont Release 23","FontName":"Elementa SC-Expert","FontSubfamily":"Expert-Italic","FontSubfamilyID":"FontForge 2.0 : Elementa SC-Expert Italic : 27-8-2016","FontFullName":"Elementa SC Expert Italic","FontVersion":"Version 001.000 ","FontWeight":null,"FontPostscriptName":"ElementaSC-Expert-Italic","Files":{"\/fonts\/Unpacking\/9b17c5ca843da8f00d201bc409d9d9890d8c6d85\/LICENCE":"\/fonts\/Unpacking\/9b17c5ca843da8f00d201bc409d9d9890d8c6d85\/LICENCE","\/fonts\/Unpacking\/9b17c5ca843da8f00d201bc409d9d9890d8c6d85\/elementasc-expert-italic.afm":"\/fonts\/Unpacking\/9b17c5ca843da8f00d201bc409d9d9890d8c6d85\/elementasc-expert-italic.afm","\/fonts\/Unpacking\/9b17c5ca843da8f00d201bc409d9d9890d8c6d85\/elementasc-expert-italic.bin":"\/fonts\/Unpacking\/9b17c5ca843da8f00d201bc409d9d9890d8c6d85\/elementasc-expert-italic.bin","\/fonts\/Unpacking\/9b17c5ca843da8f00d201bc409d9d9890d8c6d85\/elementasc-expert-italic.cef":"\/fonts\/Unpacking\/9b17c5ca843da8f00d201bc409d9d9890d8c6d85\/elementasc-expert-italic.cef","\/fonts\/Unpacking\/9b17c5ca843da8f00d201bc409d9d9890d8c6d85\/elementasc-expert-italic.cff":"\/fonts\/Unpacking\/9b17c5ca843da8f00d201bc409d9d9890d8c6d85\/elementasc-expert-italic.cff","\/fonts\/Unpacking\/9b17c5ca843da8f00d201bc409d9d9890d8c6d85\/elementasc-expert-italic.cid":"\/fonts\/Unpacking\/9b17c5ca843da8f00d201bc409d9d9890d8c6d85\/elementasc-expert-italic.cid","\/fonts\/Unpacking\/9b17c5ca843da8f00d201bc409d9d9890d8c6d85\/elementasc-expert-italic.dfont":"\/fonts\/Unpacking\/9b17c5ca843da8f00d201bc409d9d9890d8c6d85\/elementasc-expert-italic.dfont","\/fonts\/Unpacking\/9b17c5ca843da8f00d201bc409d9d9890d8c6d85\/elementasc-expert-italic.eot":"\/fonts\/Unpacking\/9b17c5ca843da8f00d201bc409d9d9890d8c6d85\/elementasc-expert-italic.eot","\/fonts\/Unpacking\/9b17c5ca843da8f00d201bc409d9d9890d8c6d85\/elementasc-expert-italic.fon":"\/fonts\/Unpacking\/9b17c5ca843da8f00d201bc409d9d9890d8c6d85\/elementasc-expert-italic.fon","\/fonts\/Unpacking\/9b17c5ca843da8f00d201bc409d9d9890d8c6d85\/elementasc-expert-italic.gai":"\/fonts\/Unpacking\/9b17c5ca843da8f00d201bc409d9d9890d8c6d85\/elementasc-expert-italic.gai","\/fonts\/Unpacking\/9b17c5ca843da8f00d201bc409d9d9890d8c6d85\/elementasc-expert-italic.gsf":"\/fonts\/Unpacking\/9b17c5ca843da8f00d201bc409d9d9890d8c6d85\/elementasc-expert-italic.gsf","\/fonts\/Unpacking\/9b17c5ca843da8f00d201bc409d9d9890d8c6d85\/elementasc-expert-italic.hqx":"\/fonts\/Unpacking\/9b17c5ca843da8f00d201bc409d9d9890d8c6d85\/elementasc-expert-italic.hqx","\/fonts\/Unpacking\/9b17c5ca843da8f00d201bc409d9d9890d8c6d85\/elementasc-expert-italic.ik":"\/fonts\/Unpacking\/9b17c5ca843da8f00d201bc409d9d9890d8c6d85\/elementasc-expert-italic.ik","\/fonts\/Unpacking\/9b17c5ca843da8f00d201bc409d9d9890d8c6d85\/elementasc-expert-italic.mf":"\/fonts\/Unpacking\/9b17c5ca843da8f00d201bc409d9d9890d8c6d85\/elementasc-expert-italic.mf","\/fonts\/Unpacking\/9b17c5ca843da8f00d201bc409d9d9890d8c6d85\/elementasc-expert-italic.otf":"\/fonts\/Unpacking\/9b17c5ca843da8f00d201bc409d9d9890d8c6d85\/elementasc-expert-italic.otf","\/fonts\/Unpacking\/9b17c5ca843da8f00d201bc409d9d9890d8c6d85\/elementasc-expert-italic.pcf":"\/fonts\/Unpacking\/9b17c5ca843da8f00d201bc409d9d9890d8c6d85\/elementasc-expert-italic.pcf","\/fonts\/Unpacking\/9b17c5ca843da8f00d201bc409d9d9890d8c6d85\/elementasc-expert-italic.pf3":"\/fonts\/Unpacking\/9b17c5ca843da8f00d201bc409d9d9890d8c6d85\/elementasc-expert-italic.pf3","\/fonts\/Unpacking\/9b17c5ca843da8f00d201bc409d9d9890d8c6d85\/elementasc-expert-italic.pfa":"\/fonts\/Unpacking\/9b17c5ca843da8f00d201bc409d9d9890d8c6d85\/elementasc-expert-italic.pfa","\/fonts\/Unpacking\/9b17c5ca843da8f00d201bc409d9d9890d8c6d85\/elementasc-expert-italic.pfb":"\/fonts\/Unpacking\/9b17c5ca843da8f00d201bc409d9d9890d8c6d85\/elementasc-expert-italic.pfb","\/fonts\/Unpacking\/9b17c5ca843da8f00d201bc409d9d9890d8c6d85\/elementasc-expert-italic.php":"\/fonts\/Unpacking\/9b17c5ca843da8f00d201bc409d9d9890d8c6d85\/elementasc-expert-italic.php","\/fonts\/Unpacking\/9b17c5ca843da8f00d201bc409d9d9890d8c6d85\/elementasc-expert-italic.pmf":"\/fonts\/Unpacking\/9b17c5ca843da8f00d201bc409d9d9890d8c6d85\/elementasc-expert-italic.pmf","\/fonts\/Unpacking\/9b17c5ca843da8f00d201bc409d9d9890d8c6d85\/elementasc-expert-italic.pt3":"\/fonts\/Unpacking\/9b17c5ca843da8f00d201bc409d9d9890d8c6d85\/elementasc-expert-italic.pt3","\/fonts\/Unpacking\/9b17c5ca843da8f00d201bc409d9d9890d8c6d85\/elementasc-expert-italic.sfd":"\/fonts\/Unpacking\/9b17c5ca843da8f00d201bc409d9d9890d8c6d85\/elementasc-expert-italic.sfd","\/fonts\/Unpacking\/9b17c5ca843da8f00d201bc409d9d9890d8c6d85\/elementasc-expert-italic.svg":"\/fonts\/Unpacking\/9b17c5ca843da8f00d201bc409d9d9890d8c6d85\/elementasc-expert-italic.svg","\/fonts\/Unpacking\/9b17c5ca843da8f00d201bc409d9d9890d8c6d85\/elementasc-expert-italic.t42":"\/fonts\/Unpacking\/9b17c5ca843da8f00d201bc409d9d9890d8c6d85\/elementasc-expert-italic.t42","\/fonts\/Unpacking\/9b17c5ca843da8f00d201bc409d9d9890d8c6d85\/elementasc-expert-italic.ttd":"\/fonts\/Unpacking\/9b17c5ca843da8f00d201bc409d9d9890d8c6d85\/elementasc-expert-italic.ttd","\/fonts\/Unpacking\/9b17c5ca843da8f00d201bc409d9d9890d8c6d85\/elementasc-expert-italic.ttf":"\/fonts\/Unpacking\/9b17c5ca843da8f00d201bc409d9d9890d8c6d85\/elementasc-expert-italic.ttf","\/fonts\/Unpacking\/9b17c5ca843da8f00d201bc409d9d9890d8c6d85\/elementasc-expert-italic.ttg":"\/fonts\/Unpacking\/9b17c5ca843da8f00d201bc409d9d9890d8c6d85\/elementasc-expert-italic.ttg","\/fonts\/Unpacking\/9b17c5ca843da8f00d201bc409d9d9890d8c6d85\/elementasc-expert-italic.ufm":"\/fonts\/Unpacking\/9b17c5ca843da8f00d201bc409d9d9890d8c6d85\/elementasc-expert-italic.ufm","\/fonts\/Unpacking\/9b17c5ca843da8f00d201bc409d9d9890d8c6d85\/elementasc-expert-italic.woff":"\/fonts\/Unpacking\/9b17c5ca843da8f00d201bc409d9d9890d8c6d85\/elementasc-expert-italic.woff","\/fonts\/Unpacking\/9b17c5ca843da8f00d201bc409d9d9890d8c6d85\/elementasc-expert-italic.z":"\/fonts\/Unpacking\/9b17c5ca843da8f00d201bc409d9d9890d8c6d85\/elementasc-expert-italic.z","\/fonts\/Unpacking\/9b17c5ca843da8f00d201bc409d9d9890d8c6d85\/elementasc-expert-italic.ufo\/feature.fea":"\/fonts\/Unpacking\/9b17c5ca843da8f00d201bc409d9d9890d8c6d85\/elementasc-expert-italic.ufo\/feature.fea","\/fonts\/Unpacking\/9b17c5ca843da8f00d201bc409d9d9890d8c6d85\/elementasc-expert-italic.ufo\/fontinfo.plist":"\/fonts\/Unpacking\/9b17c5ca843da8f00d201bc409d9d9890d8c6d85\/elementasc-expert-italic.ufo\/fontinfo.plist","\/fonts\/Unpacking\/9b17c5ca843da8f00d201bc409d9d9890d8c6d85\/elementasc-expert-italic.ufo\/groups.plist":"\/fonts\/Unpacking\/9b17c5ca843da8f00d201bc409d9d9890d8c6d85\/elementasc-expert-italic.ufo\/groups.plist","\/fonts\/Unpacking\/9b17c5ca843da8f00d201bc409d9d9890d8c6d85\/elementasc-expert-italic.ufo\/kerning.plist":"\/fonts\/Unpacking\/9b17c5ca843da8f00d201bc409d9d9890d8c6d85\/elementasc-expert-italic.ufo\/kerning.plist","\/fonts\/Unpacking\/9b17c5ca843da8f00d201bc409d9d9890d8c6d85\/elementasc-expert-italic.ufo\/metainfo.plist":"\/fonts\/Unpacking\/9b17c5ca843da8f00d201bc409d9d9890d8c6d85\/elementasc-expert-italic.ufo\/metainfo.plist","\/fonts\/Unpacking\/9b17c5ca843da8f00d201bc409d9d9890d8c6d85\/elementasc-expert-italic.ufo\/glyphs\/A_.glif":"\/fonts\/Unpacking\/9b17c5ca843da8f00d201bc409d9d9890d8c6d85\/elementasc-expert-italic.ufo\/glyphs\/A_.glif","\/fonts\/Unpacking\/9b17c5ca843da8f00d201bc409d9d9890d8c6d85\/elementasc-expert-italic.ufo\/glyphs\/A_E_.glif":"\/fonts\/Unpacking\/9b17c5ca843da8f00d201bc409d9d9890d8c6d85\/elementasc-expert-italic.ufo\/glyphs\/A_E_.glif","\/fonts\/Unpacking\/9b17c5ca843da8f00d201bc409d9d9890d8c6d85\/elementasc-expert-italic.ufo\/glyphs\/A_acute.glif":"\/fonts\/Unpacking\/9b17c5ca843da8f00d201bc409d9d9890d8c6d85\/elementasc-expert-italic.ufo\/glyphs\/A_acute.glif","\/fonts\/Unpacking\/9b17c5ca843da8f00d201bc409d9d9890d8c6d85\/elementasc-expert-italic.ufo\/glyphs\/A_circumflex.glif":"\/fonts\/Unpacking\/9b17c5ca843da8f00d201bc409d9d9890d8c6d85\/elementasc-expert-italic.ufo\/glyphs\/A_circumflex.glif","\/fonts\/Unpacking\/9b17c5ca843da8f00d201bc409d9d9890d8c6d85\/elementasc-expert-italic.ufo\/glyphs\/A_dieresis.glif":"\/fonts\/Unpacking\/9b17c5ca843da8f00d201bc409d9d9890d8c6d85\/elementasc-expert-italic.ufo\/glyphs\/A_dieresis.glif","\/fonts\/Unpacking\/9b17c5ca843da8f00d201bc409d9d9890d8c6d85\/elementasc-expert-italic.ufo\/glyphs\/A_grave.glif":"\/fonts\/Unpacking\/9b17c5ca843da8f00d201bc409d9d9890d8c6d85\/elementasc-expert-italic.ufo\/glyphs\/A_grave.glif","\/fonts\/Unpacking\/9b17c5ca843da8f00d201bc409d9d9890d8c6d85\/elementasc-expert-italic.ufo\/glyphs\/A_ring.glif":"\/fonts\/Unpacking\/9b17c5ca843da8f00d201bc409d9d9890d8c6d85\/elementasc-expert-italic.ufo\/glyphs\/A_ring.glif","\/fonts\/Unpacking\/9b17c5ca843da8f00d201bc409d9d9890d8c6d85\/elementasc-expert-italic.ufo\/glyphs\/A_tilde.glif":"\/fonts\/Unpacking\/9b17c5ca843da8f00d201bc409d9d9890d8c6d85\/elementasc-expert-italic.ufo\/glyphs\/A_tilde.glif","\/fonts\/Unpacking\/9b17c5ca843da8f00d201bc409d9d9890d8c6d85\/elementasc-expert-italic.ufo\/glyphs\/B_.glif":"\/fonts\/Unpacking\/9b17c5ca843da8f00d201bc409d9d9890d8c6d85\/elementasc-expert-italic.ufo\/glyphs\/B_.glif","\/fonts\/Unpacking\/9b17c5ca843da8f00d201bc409d9d9890d8c6d85\/elementasc-expert-italic.ufo\/glyphs\/C_.glif":"\/fonts\/Unpacking\/9b17c5ca843da8f00d201bc409d9d9890d8c6d85\/elementasc-expert-italic.ufo\/glyphs\/C_.glif","\/fonts\/Unpacking\/9b17c5ca843da8f00d201bc409d9d9890d8c6d85\/elementasc-expert-italic.ufo\/glyphs\/C_cedilla.glif":"\/fonts\/Unpacking\/9b17c5ca843da8f00d201bc409d9d9890d8c6d85\/elementasc-expert-italic.ufo\/glyphs\/C_cedilla.glif","\/fonts\/Unpacking\/9b17c5ca843da8f00d201bc409d9d9890d8c6d85\/elementasc-expert-italic.ufo\/glyphs\/D_.glif":"\/fonts\/Unpacking\/9b17c5ca843da8f00d201bc409d9d9890d8c6d85\/elementasc-expert-italic.ufo\/glyphs\/D_.glif","\/fonts\/Unpacking\/9b17c5ca843da8f00d201bc409d9d9890d8c6d85\/elementasc-expert-italic.ufo\/glyphs\/D_elta.glif":"\/fonts\/Unpacking\/9b17c5ca843da8f00d201bc409d9d9890d8c6d85\/elementasc-expert-italic.ufo\/glyphs\/D_elta.glif","\/fonts\/Unpacking\/9b17c5ca843da8f00d201bc409d9d9890d8c6d85\/elementasc-expert-italic.ufo\/glyphs\/E_.glif":"\/fonts\/Unpacking\/9b17c5ca843da8f00d201bc409d9d9890d8c6d85\/elementasc-expert-italic.ufo\/glyphs\/E_.glif","\/fonts\/Unpacking\/9b17c5ca843da8f00d201bc409d9d9890d8c6d85\/elementasc-expert-italic.ufo\/glyphs\/E_acute.glif":"\/fonts\/Unpacking\/9b17c5ca843da8f00d201bc409d9d9890d8c6d85\/elementasc-expert-italic.ufo\/glyphs\/E_acute.glif","\/fonts\/Unpacking\/9b17c5ca843da8f00d201bc409d9d9890d8c6d85\/elementasc-expert-italic.ufo\/glyphs\/E_circumflex.glif":"\/fonts\/Unpacking\/9b17c5ca843da8f00d201bc409d9d9890d8c6d85\/elementasc-expert-italic.ufo\/glyphs\/E_circumflex.glif","\/fonts\/Unpacking\/9b17c5ca843da8f00d201bc409d9d9890d8c6d85\/elementasc-expert-italic.ufo\/glyphs\/E_dieresis.glif":"\/fonts\/Unpacking\/9b17c5ca843da8f00d201bc409d9d9890d8c6d85\/elementasc-expert-italic.ufo\/glyphs\/E_dieresis.glif","\/fonts\/Unpacking\/9b17c5ca843da8f00d201bc409d9d9890d8c6d85\/elementasc-expert-italic.ufo\/glyphs\/E_grave.glif":"\/fonts\/Unpacking\/9b17c5ca843da8f00d201bc409d9d9890d8c6d85\/elementasc-expert-italic.ufo\/glyphs\/E_grave.glif","\/fonts\/Unpacking\/9b17c5ca843da8f00d201bc409d9d9890d8c6d85\/elementasc-expert-italic.ufo\/glyphs\/E_th.glif":"\/fonts\/Unpacking\/9b17c5ca843da8f00d201bc409d9d9890d8c6d85\/elementasc-expert-italic.ufo\/glyphs\/E_th.glif","\/fonts\/Unpacking\/9b17c5ca843da8f00d201bc409d9d9890d8c6d85\/elementasc-expert-italic.ufo\/glyphs\/F_.glif":"\/fonts\/Unpacking\/9b17c5ca843da8f00d201bc409d9d9890d8c6d85\/elementasc-expert-italic.ufo\/glyphs\/F_.glif","\/fonts\/Unpacking\/9b17c5ca843da8f00d201bc409d9d9890d8c6d85\/elementasc-expert-italic.ufo\/glyphs\/G_.glif":"\/fonts\/Unpacking\/9b17c5ca843da8f00d201bc409d9d9890d8c6d85\/elementasc-expert-italic.ufo\/glyphs\/G_.glif","\/fonts\/Unpacking\/9b17c5ca843da8f00d201bc409d9d9890d8c6d85\/elementasc-expert-italic.ufo\/glyphs\/H_.glif":"\/fonts\/Unpacking\/9b17c5ca843da8f00d201bc409d9d9890d8c6d85\/elementasc-expert-italic.ufo\/glyphs\/H_.glif","\/fonts\/Unpacking\/9b17c5ca843da8f00d201bc409d9d9890d8c6d85\/elementasc-expert-italic.ufo\/glyphs\/I_.glif":"\/fonts\/Unpacking\/9b17c5ca843da8f00d201bc409d9d9890d8c6d85\/elementasc-expert-italic.ufo\/glyphs\/I_.glif","\/fonts\/Unpacking\/9b17c5ca843da8f00d201bc409d9d9890d8c6d85\/elementasc-expert-italic.ufo\/glyphs\/I_acute.glif":"\/fonts\/Unpacking\/9b17c5ca843da8f00d201bc409d9d9890d8c6d85\/elementasc-expert-italic.ufo\/glyphs\/I_acute.glif","\/fonts\/Unpacking\/9b17c5ca843da8f00d201bc409d9d9890d8c6d85\/elementasc-expert-italic.ufo\/glyphs\/I_circumflex.glif":"\/fonts\/Unpacking\/9b17c5ca843da8f00d201bc409d9d9890d8c6d85\/elementasc-expert-italic.ufo\/glyphs\/I_circumflex.glif","\/fonts\/Unpacking\/9b17c5ca843da8f00d201bc409d9d9890d8c6d85\/elementasc-expert-italic.ufo\/glyphs\/I_dieresis.glif":"\/fonts\/Unpacking\/9b17c5ca843da8f00d201bc409d9d9890d8c6d85\/elementasc-expert-italic.ufo\/glyphs\/I_dieresis.glif","\/fonts\/Unpacking\/9b17c5ca843da8f00d201bc409d9d9890d8c6d85\/elementasc-expert-italic.ufo\/glyphs\/I_grave.glif":"\/fonts\/Unpacking\/9b17c5ca843da8f00d201bc409d9d9890d8c6d85\/elementasc-expert-italic.ufo\/glyphs\/I_grave.glif","\/fonts\/Unpacking\/9b17c5ca843da8f00d201bc409d9d9890d8c6d85\/elementasc-expert-italic.ufo\/glyphs\/J_.glif":"\/fonts\/Unpacking\/9b17c5ca843da8f00d201bc409d9d9890d8c6d85\/elementasc-expert-italic.ufo\/glyphs\/J_.glif","\/fonts\/Unpacking\/9b17c5ca843da8f00d201bc409d9d9890d8c6d85\/elementasc-expert-italic.ufo\/glyphs\/K_.glif":"\/fonts\/Unpacking\/9b17c5ca843da8f00d201bc409d9d9890d8c6d85\/elementasc-expert-italic.ufo\/glyphs\/K_.glif","\/fonts\/Unpacking\/9b17c5ca843da8f00d201bc409d9d9890d8c6d85\/elementasc-expert-italic.ufo\/glyphs\/L_.glif":"\/fonts\/Unpacking\/9b17c5ca843da8f00d201bc409d9d9890d8c6d85\/elementasc-expert-italic.ufo\/glyphs\/L_.glif","\/fonts\/Unpacking\/9b17c5ca843da8f00d201bc409d9d9890d8c6d85\/elementasc-expert-italic.ufo\/glyphs\/L_slash.glif":"\/fonts\/Unpacking\/9b17c5ca843da8f00d201bc409d9d9890d8c6d85\/elementasc-expert-italic.ufo\/glyphs\/L_slash.glif","\/fonts\/Unpacking\/9b17c5ca843da8f00d201bc409d9d9890d8c6d85\/elementasc-expert-italic.ufo\/glyphs\/M_.glif":"\/fonts\/Unpacking\/9b17c5ca843da8f00d201bc409d9d9890d8c6d85\/elementasc-expert-italic.ufo\/glyphs\/M_.glif","\/fonts\/Unpacking\/9b17c5ca843da8f00d201bc409d9d9890d8c6d85\/elementasc-expert-italic.ufo\/glyphs\/N_.glif":"\/fonts\/Unpacking\/9b17c5ca843da8f00d201bc409d9d9890d8c6d85\/elementasc-expert-italic.ufo\/glyphs\/N_.glif","\/fonts\/Unpacking\/9b17c5ca843da8f00d201bc409d9d9890d8c6d85\/elementasc-expert-italic.ufo\/glyphs\/N_tilde.glif":"\/fonts\/Unpacking\/9b17c5ca843da8f00d201bc409d9d9890d8c6d85\/elementasc-expert-italic.ufo\/glyphs\/N_tilde.glif","\/fonts\/Unpacking\/9b17c5ca843da8f00d201bc409d9d9890d8c6d85\/elementasc-expert-italic.ufo\/glyphs\/O_.glif":"\/fonts\/Unpacking\/9b17c5ca843da8f00d201bc409d9d9890d8c6d85\/elementasc-expert-italic.ufo\/glyphs\/O_.glif","\/fonts\/Unpacking\/9b17c5ca843da8f00d201bc409d9d9890d8c6d85\/elementasc-expert-italic.ufo\/glyphs\/O_E_.glif":"\/fonts\/Unpacking\/9b17c5ca843da8f00d201bc409d9d9890d8c6d85\/elementasc-expert-italic.ufo\/glyphs\/O_E_.glif","\/fonts\/Unpacking\/9b17c5ca843da8f00d201bc409d9d9890d8c6d85\/elementasc-expert-italic.ufo\/glyphs\/O_acute.glif":"\/fonts\/Unpacking\/9b17c5ca843da8f00d201bc409d9d9890d8c6d85\/elementasc-expert-italic.ufo\/glyphs\/O_acute.glif","\/fonts\/Unpacking\/9b17c5ca843da8f00d201bc409d9d9890d8c6d85\/elementasc-expert-italic.ufo\/glyphs\/O_circumflex.glif":"\/fonts\/Unpacking\/9b17c5ca843da8f00d201bc409d9d9890d8c6d85\/elementasc-expert-italic.ufo\/glyphs\/O_circumflex.glif","\/fonts\/Unpacking\/9b17c5ca843da8f00d201bc409d9d9890d8c6d85\/elementasc-expert-italic.ufo\/glyphs\/O_dieresis.glif":"\/fonts\/Unpacking\/9b17c5ca843da8f00d201bc409d9d9890d8c6d85\/elementasc-expert-italic.ufo\/glyphs\/O_dieresis.glif","\/fonts\/Unpacking\/9b17c5ca843da8f00d201bc409d9d9890d8c6d85\/elementasc-expert-italic.ufo\/glyphs\/O_grave.glif":"\/fonts\/Unpacking\/9b17c5ca843da8f00d201bc409d9d9890d8c6d85\/elementasc-expert-italic.ufo\/glyphs\/O_grave.glif","\/fonts\/Unpacking\/9b17c5ca843da8f00d201bc409d9d9890d8c6d85\/elementasc-expert-italic.ufo\/glyphs\/O_mega.glif":"\/fonts\/Unpacking\/9b17c5ca843da8f00d201bc409d9d9890d8c6d85\/elementasc-expert-italic.ufo\/glyphs\/O_mega.glif","\/fonts\/Unpacking\/9b17c5ca843da8f00d201bc409d9d9890d8c6d85\/elementasc-expert-italic.ufo\/glyphs\/O_slash.glif":"\/fonts\/Unpacking\/9b17c5ca843da8f00d201bc409d9d9890d8c6d85\/elementasc-expert-italic.ufo\/glyphs\/O_slash.glif","\/fonts\/Unpacking\/9b17c5ca843da8f00d201bc409d9d9890d8c6d85\/elementasc-expert-italic.ufo\/glyphs\/O_tilde.glif":"\/fonts\/Unpacking\/9b17c5ca843da8f00d201bc409d9d9890d8c6d85\/elementasc-expert-italic.ufo\/glyphs\/O_tilde.glif","\/fonts\/Unpacking\/9b17c5ca843da8f00d201bc409d9d9890d8c6d85\/elementasc-expert-italic.ufo\/glyphs\/P_.glif":"\/fonts\/Unpacking\/9b17c5ca843da8f00d201bc409d9d9890d8c6d85\/elementasc-expert-italic.ufo\/glyphs\/P_.glif","\/fonts\/Unpacking\/9b17c5ca843da8f00d201bc409d9d9890d8c6d85\/elementasc-expert-italic.ufo\/glyphs\/Q_.glif":"\/fonts\/Unpacking\/9b17c5ca843da8f00d201bc409d9d9890d8c6d85\/elementasc-expert-italic.ufo\/glyphs\/Q_.glif","\/fonts\/Unpacking\/9b17c5ca843da8f00d201bc409d9d9890d8c6d85\/elementasc-expert-italic.ufo\/glyphs\/R_.glif":"\/fonts\/Unpacking\/9b17c5ca843da8f00d201bc409d9d9890d8c6d85\/elementasc-expert-italic.ufo\/glyphs\/R_.glif","\/fonts\/Unpacking\/9b17c5ca843da8f00d201bc409d9d9890d8c6d85\/elementasc-expert-italic.ufo\/glyphs\/S_.glif":"\/fonts\/Unpacking\/9b17c5ca843da8f00d201bc409d9d9890d8c6d85\/elementasc-expert-italic.ufo\/glyphs\/S_.glif","\/fonts\/Unpacking\/9b17c5ca843da8f00d201bc409d9d9890d8c6d85\/elementasc-expert-italic.ufo\/glyphs\/S_caron.glif":"\/fonts\/Unpacking\/9b17c5ca843da8f00d201bc409d9d9890d8c6d85\/elementasc-expert-italic.ufo\/glyphs\/S_caron.glif","\/fonts\/Unpacking\/9b17c5ca843da8f00d201bc409d9d9890d8c6d85\/elementasc-expert-italic.ufo\/glyphs\/T_.glif":"\/fonts\/Unpacking\/9b17c5ca843da8f00d201bc409d9d9890d8c6d85\/elementasc-expert-italic.ufo\/glyphs\/T_.glif","\/fonts\/Unpacking\/9b17c5ca843da8f00d201bc409d9d9890d8c6d85\/elementasc-expert-italic.ufo\/glyphs\/T_horn.glif":"\/fonts\/Unpacking\/9b17c5ca843da8f00d201bc409d9d9890d8c6d85\/elementasc-expert-italic.ufo\/glyphs\/T_horn.glif","\/fonts\/Unpacking\/9b17c5ca843da8f00d201bc409d9d9890d8c6d85\/elementasc-expert-italic.ufo\/glyphs\/U_.glif":"\/fonts\/Unpacking\/9b17c5ca843da8f00d201bc409d9d9890d8c6d85\/elementasc-expert-italic.ufo\/glyphs\/U_.glif","\/fonts\/Unpacking\/9b17c5ca843da8f00d201bc409d9d9890d8c6d85\/elementasc-expert-italic.ufo\/glyphs\/U_acute.glif":"\/fonts\/Unpacking\/9b17c5ca843da8f00d201bc409d9d9890d8c6d85\/elementasc-expert-italic.ufo\/glyphs\/U_acute.glif","\/fonts\/Unpacking\/9b17c5ca843da8f00d201bc409d9d9890d8c6d85\/elementasc-expert-italic.ufo\/glyphs\/U_circumflex.glif":"\/fonts\/Unpacking\/9b17c5ca843da8f00d201bc409d9d9890d8c6d85\/elementasc-expert-italic.ufo\/glyphs\/U_circumflex.glif","\/fonts\/Unpacking\/9b17c5ca843da8f00d201bc409d9d9890d8c6d85\/elementasc-expert-italic.ufo\/glyphs\/U_dieresis.glif":"\/fonts\/Unpacking\/9b17c5ca843da8f00d201bc409d9d9890d8c6d85\/elementasc-expert-italic.ufo\/glyphs\/U_dieresis.glif","\/fonts\/Unpacking\/9b17c5ca843da8f00d201bc409d9d9890d8c6d85\/elementasc-expert-italic.ufo\/glyphs\/U_grave.glif":"\/fonts\/Unpacking\/9b17c5ca843da8f00d201bc409d9d9890d8c6d85\/elementasc-expert-italic.ufo\/glyphs\/U_grave.glif","\/fonts\/Unpacking\/9b17c5ca843da8f00d201bc409d9d9890d8c6d85\/elementasc-expert-italic.ufo\/glyphs\/V_.glif":"\/fonts\/Unpacking\/9b17c5ca843da8f00d201bc409d9d9890d8c6d85\/elementasc-expert-italic.ufo\/glyphs\/V_.glif","\/fonts\/Unpacking\/9b17c5ca843da8f00d201bc409d9d9890d8c6d85\/elementasc-expert-italic.ufo\/glyphs\/W_.glif":"\/fonts\/Unpacking\/9b17c5ca843da8f00d201bc409d9d9890d8c6d85\/elementasc-expert-italic.ufo\/glyphs\/W_.glif","\/fonts\/Unpacking\/9b17c5ca843da8f00d201bc409d9d9890d8c6d85\/elementasc-expert-italic.ufo\/glyphs\/X_.glif":"\/fonts\/Unpacking\/9b17c5ca843da8f00d201bc409d9d9890d8c6d85\/elementasc-expert-italic.ufo\/glyphs\/X_.glif","\/fonts\/Unpacking\/9b17c5ca843da8f00d201bc409d9d9890d8c6d85\/elementasc-expert-italic.ufo\/glyphs\/Y_.glif":"\/fonts\/Unpacking\/9b17c5ca843da8f00d201bc409d9d9890d8c6d85\/elementasc-expert-italic.ufo\/glyphs\/Y_.glif","\/fonts\/Unpacking\/9b17c5ca843da8f00d201bc409d9d9890d8c6d85\/elementasc-expert-italic.ufo\/glyphs\/Y_acute.glif":"\/fonts\/Unpacking\/9b17c5ca843da8f00d201bc409d9d9890d8c6d85\/elementasc-expert-italic.ufo\/glyphs\/Y_acute.glif","\/fonts\/Unpacking\/9b17c5ca843da8f00d201bc409d9d9890d8c6d85\/elementasc-expert-italic.ufo\/glyphs\/Y_dieresis.glif":"\/fonts\/Unpacking\/9b17c5ca843da8f00d201bc409d9d9890d8c6d85\/elementasc-expert-italic.ufo\/glyphs\/Y_dieresis.glif","\/fonts\/Unpacking\/9b17c5ca843da8f00d201bc409d9d9890d8c6d85\/elementasc-expert-italic.ufo\/glyphs\/Z_.glif":"\/fonts\/Unpacking\/9b17c5ca843da8f00d201bc409d9d9890d8c6d85\/elementasc-expert-italic.ufo\/glyphs\/Z_.glif","\/fonts\/Unpacking\/9b17c5ca843da8f00d201bc409d9d9890d8c6d85\/elementasc-expert-italic.ufo\/glyphs\/Z_caron.glif":"\/fonts\/Unpacking\/9b17c5ca843da8f00d201bc409d9d9890d8c6d85\/elementasc-expert-italic.ufo\/glyphs\/Z_caron.glif","\/fonts\/Unpacking\/9b17c5ca843da8f00d201bc409d9d9890d8c6d85\/elementasc-expert-italic.ufo\/glyphs\/a.glif":"\/fonts\/Unpacking\/9b17c5ca843da8f00d201bc409d9d9890d8c6d85\/elementasc-expert-italic.ufo\/glyphs\/a.glif","\/fonts\/Unpacking\/9b17c5ca843da8f00d201bc409d9d9890d8c6d85\/elementasc-expert-italic.ufo\/glyphs\/aacute.glif":"\/fonts\/Unpacking\/9b17c5ca843da8f00d201bc409d9d9890d8c6d85\/elementasc-expert-italic.ufo\/glyphs\/aacute.glif","\/fonts\/Unpacking\/9b17c5ca843da8f00d201bc409d9d9890d8c6d85\/elementasc-expert-italic.ufo\/glyphs\/acircumflex.glif":"\/fonts\/Unpacking\/9b17c5ca843da8f00d201bc409d9d9890d8c6d85\/elementasc-expert-italic.ufo\/glyphs\/acircumflex.glif","\/fonts\/Unpacking\/9b17c5ca843da8f00d201bc409d9d9890d8c6d85\/elementasc-expert-italic.ufo\/glyphs\/acute.glif":"\/fonts\/Unpacking\/9b17c5ca843da8f00d201bc409d9d9890d8c6d85\/elementasc-expert-italic.ufo\/glyphs\/acute.glif","\/fonts\/Unpacking\/9b17c5ca843da8f00d201bc409d9d9890d8c6d85\/elementasc-expert-italic.ufo\/glyphs\/adieresis.glif":"\/fonts\/Unpacking\/9b17c5ca843da8f00d201bc409d9d9890d8c6d85\/elementasc-expert-italic.ufo\/glyphs\/adieresis.glif","\/fonts\/Unpacking\/9b17c5ca843da8f00d201bc409d9d9890d8c6d85\/elementasc-expert-italic.ufo\/glyphs\/ae.glif":"\/fonts\/Unpacking\/9b17c5ca843da8f00d201bc409d9d9890d8c6d85\/elementasc-expert-italic.ufo\/glyphs\/ae.glif","\/fonts\/Unpacking\/9b17c5ca843da8f00d201bc409d9d9890d8c6d85\/elementasc-expert-italic.ufo\/glyphs\/agrave.glif":"\/fonts\/Unpacking\/9b17c5ca843da8f00d201bc409d9d9890d8c6d85\/elementasc-expert-italic.ufo\/glyphs\/agrave.glif","\/fonts\/Unpacking\/9b17c5ca843da8f00d201bc409d9d9890d8c6d85\/elementasc-expert-italic.ufo\/glyphs\/ampersand.glif":"\/fonts\/Unpacking\/9b17c5ca843da8f00d201bc409d9d9890d8c6d85\/elementasc-expert-italic.ufo\/glyphs\/ampersand.glif","\/fonts\/Unpacking\/9b17c5ca843da8f00d201bc409d9d9890d8c6d85\/elementasc-expert-italic.ufo\/glyphs\/apple.glif":"\/fonts\/Unpacking\/9b17c5ca843da8f00d201bc409d9d9890d8c6d85\/elementasc-expert-italic.ufo\/glyphs\/apple.glif","\/fonts\/Unpacking\/9b17c5ca843da8f00d201bc409d9d9890d8c6d85\/elementasc-expert-italic.ufo\/glyphs\/approxequal.glif":"\/fonts\/Unpacking\/9b17c5ca843da8f00d201bc409d9d9890d8c6d85\/elementasc-expert-italic.ufo\/glyphs\/approxequal.glif","\/fonts\/Unpacking\/9b17c5ca843da8f00d201bc409d9d9890d8c6d85\/elementasc-expert-italic.ufo\/glyphs\/aring.glif":"\/fonts\/Unpacking\/9b17c5ca843da8f00d201bc409d9d9890d8c6d85\/elementasc-expert-italic.ufo\/glyphs\/aring.glif","\/fonts\/Unpacking\/9b17c5ca843da8f00d201bc409d9d9890d8c6d85\/elementasc-expert-italic.ufo\/glyphs\/asciicircum.glif":"\/fonts\/Unpacking\/9b17c5ca843da8f00d201bc409d9d9890d8c6d85\/elementasc-expert-italic.ufo\/glyphs\/asciicircum.glif","\/fonts\/Unpacking\/9b17c5ca843da8f00d201bc409d9d9890d8c6d85\/elementasc-expert-italic.ufo\/glyphs\/asciitilde.glif":"\/fonts\/Unpacking\/9b17c5ca843da8f00d201bc409d9d9890d8c6d85\/elementasc-expert-italic.ufo\/glyphs\/asciitilde.glif","\/fonts\/Unpacking\/9b17c5ca843da8f00d201bc409d9d9890d8c6d85\/elementasc-expert-italic.ufo\/glyphs\/asterisk.glif":"\/fonts\/Unpacking\/9b17c5ca843da8f00d201bc409d9d9890d8c6d85\/elementasc-expert-italic.ufo\/glyphs\/asterisk.glif","\/fonts\/Unpacking\/9b17c5ca843da8f00d201bc409d9d9890d8c6d85\/elementasc-expert-italic.ufo\/glyphs\/at.glif":"\/fonts\/Unpacking\/9b17c5ca843da8f00d201bc409d9d9890d8c6d85\/elementasc-expert-italic.ufo\/glyphs\/at.glif","\/fonts\/Unpacking\/9b17c5ca843da8f00d201bc409d9d9890d8c6d85\/elementasc-expert-italic.ufo\/glyphs\/atilde.glif":"\/fonts\/Unpacking\/9b17c5ca843da8f00d201bc409d9d9890d8c6d85\/elementasc-expert-italic.ufo\/glyphs\/atilde.glif","\/fonts\/Unpacking\/9b17c5ca843da8f00d201bc409d9d9890d8c6d85\/elementasc-expert-italic.ufo\/glyphs\/b.glif":"\/fonts\/Unpacking\/9b17c5ca843da8f00d201bc409d9d9890d8c6d85\/elementasc-expert-italic.ufo\/glyphs\/b.glif","\/fonts\/Unpacking\/9b17c5ca843da8f00d201bc409d9d9890d8c6d85\/elementasc-expert-italic.ufo\/glyphs\/backslash.glif":"\/fonts\/Unpacking\/9b17c5ca843da8f00d201bc409d9d9890d8c6d85\/elementasc-expert-italic.ufo\/glyphs\/backslash.glif","\/fonts\/Unpacking\/9b17c5ca843da8f00d201bc409d9d9890d8c6d85\/elementasc-expert-italic.ufo\/glyphs\/bar.glif":"\/fonts\/Unpacking\/9b17c5ca843da8f00d201bc409d9d9890d8c6d85\/elementasc-expert-italic.ufo\/glyphs\/bar.glif","\/fonts\/Unpacking\/9b17c5ca843da8f00d201bc409d9d9890d8c6d85\/elementasc-expert-italic.ufo\/glyphs\/braceleft.glif":"\/fonts\/Unpacking\/9b17c5ca843da8f00d201bc409d9d9890d8c6d85\/elementasc-expert-italic.ufo\/glyphs\/braceleft.glif","\/fonts\/Unpacking\/9b17c5ca843da8f00d201bc409d9d9890d8c6d85\/elementasc-expert-italic.ufo\/glyphs\/braceright.glif":"\/fonts\/Unpacking\/9b17c5ca843da8f00d201bc409d9d9890d8c6d85\/elementasc-expert-italic.ufo\/glyphs\/braceright.glif","\/fonts\/Unpacking\/9b17c5ca843da8f00d201bc409d9d9890d8c6d85\/elementasc-expert-italic.ufo\/glyphs\/bracketleft.glif":"\/fonts\/Unpacking\/9b17c5ca843da8f00d201bc409d9d9890d8c6d85\/elementasc-expert-italic.ufo\/glyphs\/bracketleft.glif","\/fonts\/Unpacking\/9b17c5ca843da8f00d201bc409d9d9890d8c6d85\/elementasc-expert-italic.ufo\/glyphs\/bracketright.glif":"\/fonts\/Unpacking\/9b17c5ca843da8f00d201bc409d9d9890d8c6d85\/elementasc-expert-italic.ufo\/glyphs\/bracketright.glif","\/fonts\/Unpacking\/9b17c5ca843da8f00d201bc409d9d9890d8c6d85\/elementasc-expert-italic.ufo\/glyphs\/breve.glif":"\/fonts\/Unpacking\/9b17c5ca843da8f00d201bc409d9d9890d8c6d85\/elementasc-expert-italic.ufo\/glyphs\/breve.glif","\/fonts\/Unpacking\/9b17c5ca843da8f00d201bc409d9d9890d8c6d85\/elementasc-expert-italic.ufo\/glyphs\/brokenbar.glif":"\/fonts\/Unpacking\/9b17c5ca843da8f00d201bc409d9d9890d8c6d85\/elementasc-expert-italic.ufo\/glyphs\/brokenbar.glif","\/fonts\/Unpacking\/9b17c5ca843da8f00d201bc409d9d9890d8c6d85\/elementasc-expert-italic.ufo\/glyphs\/bullet.glif":"\/fonts\/Unpacking\/9b17c5ca843da8f00d201bc409d9d9890d8c6d85\/elementasc-expert-italic.ufo\/glyphs\/bullet.glif","\/fonts\/Unpacking\/9b17c5ca843da8f00d201bc409d9d9890d8c6d85\/elementasc-expert-italic.ufo\/glyphs\/c.glif":"\/fonts\/Unpacking\/9b17c5ca843da8f00d201bc409d9d9890d8c6d85\/elementasc-expert-italic.ufo\/glyphs\/c.glif","\/fonts\/Unpacking\/9b17c5ca843da8f00d201bc409d9d9890d8c6d85\/elementasc-expert-italic.ufo\/glyphs\/caron.glif":"\/fonts\/Unpacking\/9b17c5ca843da8f00d201bc409d9d9890d8c6d85\/elementasc-expert-italic.ufo\/glyphs\/caron.glif","\/fonts\/Unpacking\/9b17c5ca843da8f00d201bc409d9d9890d8c6d85\/elementasc-expert-italic.ufo\/glyphs\/ccedilla.glif":"\/fonts\/Unpacking\/9b17c5ca843da8f00d201bc409d9d9890d8c6d85\/elementasc-expert-italic.ufo\/glyphs\/ccedilla.glif","\/fonts\/Unpacking\/9b17c5ca843da8f00d201bc409d9d9890d8c6d85\/elementasc-expert-italic.ufo\/glyphs\/cedilla.glif":"\/fonts\/Unpacking\/9b17c5ca843da8f00d201bc409d9d9890d8c6d85\/elementasc-expert-italic.ufo\/glyphs\/cedilla.glif","\/fonts\/Unpacking\/9b17c5ca843da8f00d201bc409d9d9890d8c6d85\/elementasc-expert-italic.ufo\/glyphs\/cent.glif":"\/fonts\/Unpacking\/9b17c5ca843da8f00d201bc409d9d9890d8c6d85\/elementasc-expert-italic.ufo\/glyphs\/cent.glif","\/fonts\/Unpacking\/9b17c5ca843da8f00d201bc409d9d9890d8c6d85\/elementasc-expert-italic.ufo\/glyphs\/circumflex.glif":"\/fonts\/Unpacking\/9b17c5ca843da8f00d201bc409d9d9890d8c6d85\/elementasc-expert-italic.ufo\/glyphs\/circumflex.glif","\/fonts\/Unpacking\/9b17c5ca843da8f00d201bc409d9d9890d8c6d85\/elementasc-expert-italic.ufo\/glyphs\/colon.glif":"\/fonts\/Unpacking\/9b17c5ca843da8f00d201bc409d9d9890d8c6d85\/elementasc-expert-italic.ufo\/glyphs\/colon.glif","\/fonts\/Unpacking\/9b17c5ca843da8f00d201bc409d9d9890d8c6d85\/elementasc-expert-italic.ufo\/glyphs\/comma.glif":"\/fonts\/Unpacking\/9b17c5ca843da8f00d201bc409d9d9890d8c6d85\/elementasc-expert-italic.ufo\/glyphs\/comma.glif","\/fonts\/Unpacking\/9b17c5ca843da8f00d201bc409d9d9890d8c6d85\/elementasc-expert-italic.ufo\/glyphs\/contents.plist":"\/fonts\/Unpacking\/9b17c5ca843da8f00d201bc409d9d9890d8c6d85\/elementasc-expert-italic.ufo\/glyphs\/contents.plist","\/fonts\/Unpacking\/9b17c5ca843da8f00d201bc409d9d9890d8c6d85\/elementasc-expert-italic.ufo\/glyphs\/copyright.glif":"\/fonts\/Unpacking\/9b17c5ca843da8f00d201bc409d9d9890d8c6d85\/elementasc-expert-italic.ufo\/glyphs\/copyright.glif","\/fonts\/Unpacking\/9b17c5ca843da8f00d201bc409d9d9890d8c6d85\/elementasc-expert-italic.ufo\/glyphs\/currency.glif":"\/fonts\/Unpacking\/9b17c5ca843da8f00d201bc409d9d9890d8c6d85\/elementasc-expert-italic.ufo\/glyphs\/currency.glif","\/fonts\/Unpacking\/9b17c5ca843da8f00d201bc409d9d9890d8c6d85\/elementasc-expert-italic.ufo\/glyphs\/d.glif":"\/fonts\/Unpacking\/9b17c5ca843da8f00d201bc409d9d9890d8c6d85\/elementasc-expert-italic.ufo\/glyphs\/d.glif","\/fonts\/Unpacking\/9b17c5ca843da8f00d201bc409d9d9890d8c6d85\/elementasc-expert-italic.ufo\/glyphs\/dagger.glif":"\/fonts\/Unpacking\/9b17c5ca843da8f00d201bc409d9d9890d8c6d85\/elementasc-expert-italic.ufo\/glyphs\/dagger.glif","\/fonts\/Unpacking\/9b17c5ca843da8f00d201bc409d9d9890d8c6d85\/elementasc-expert-italic.ufo\/glyphs\/daggerdbl.glif":"\/fonts\/Unpacking\/9b17c5ca843da8f00d201bc409d9d9890d8c6d85\/elementasc-expert-italic.ufo\/glyphs\/daggerdbl.glif","\/fonts\/Unpacking\/9b17c5ca843da8f00d201bc409d9d9890d8c6d85\/elementasc-expert-italic.ufo\/glyphs\/degree.glif":"\/fonts\/Unpacking\/9b17c5ca843da8f00d201bc409d9d9890d8c6d85\/elementasc-expert-italic.ufo\/glyphs\/degree.glif","\/fonts\/Unpacking\/9b17c5ca843da8f00d201bc409d9d9890d8c6d85\/elementasc-expert-italic.ufo\/glyphs\/dieresis.glif":"\/fonts\/Unpacking\/9b17c5ca843da8f00d201bc409d9d9890d8c6d85\/elementasc-expert-italic.ufo\/glyphs\/dieresis.glif","\/fonts\/Unpacking\/9b17c5ca843da8f00d201bc409d9d9890d8c6d85\/elementasc-expert-italic.ufo\/glyphs\/divide.glif":"\/fonts\/Unpacking\/9b17c5ca843da8f00d201bc409d9d9890d8c6d85\/elementasc-expert-italic.ufo\/glyphs\/divide.glif","\/fonts\/Unpacking\/9b17c5ca843da8f00d201bc409d9d9890d8c6d85\/elementasc-expert-italic.ufo\/glyphs\/dollar.glif":"\/fonts\/Unpacking\/9b17c5ca843da8f00d201bc409d9d9890d8c6d85\/elementasc-expert-italic.ufo\/glyphs\/dollar.glif","\/fonts\/Unpacking\/9b17c5ca843da8f00d201bc409d9d9890d8c6d85\/elementasc-expert-italic.ufo\/glyphs\/dotaccent.glif":"\/fonts\/Unpacking\/9b17c5ca843da8f00d201bc409d9d9890d8c6d85\/elementasc-expert-italic.ufo\/glyphs\/dotaccent.glif","\/fonts\/Unpacking\/9b17c5ca843da8f00d201bc409d9d9890d8c6d85\/elementasc-expert-italic.ufo\/glyphs\/dotlessi.glif":"\/fonts\/Unpacking\/9b17c5ca843da8f00d201bc409d9d9890d8c6d85\/elementasc-expert-italic.ufo\/glyphs\/dotlessi.glif","\/fonts\/Unpacking\/9b17c5ca843da8f00d201bc409d9d9890d8c6d85\/elementasc-expert-italic.ufo\/glyphs\/e.glif":"\/fonts\/Unpacking\/9b17c5ca843da8f00d201bc409d9d9890d8c6d85\/elementasc-expert-italic.ufo\/glyphs\/e.glif","\/fonts\/Unpacking\/9b17c5ca843da8f00d201bc409d9d9890d8c6d85\/elementasc-expert-italic.ufo\/glyphs\/eacute.glif":"\/fonts\/Unpacking\/9b17c5ca843da8f00d201bc409d9d9890d8c6d85\/elementasc-expert-italic.ufo\/glyphs\/eacute.glif","\/fonts\/Unpacking\/9b17c5ca843da8f00d201bc409d9d9890d8c6d85\/elementasc-expert-italic.ufo\/glyphs\/ecircumflex.glif":"\/fonts\/Unpacking\/9b17c5ca843da8f00d201bc409d9d9890d8c6d85\/elementasc-expert-italic.ufo\/glyphs\/ecircumflex.glif","\/fonts\/Unpacking\/9b17c5ca843da8f00d201bc409d9d9890d8c6d85\/elementasc-expert-italic.ufo\/glyphs\/edieresis.glif":"\/fonts\/Unpacking\/9b17c5ca843da8f00d201bc409d9d9890d8c6d85\/elementasc-expert-italic.ufo\/glyphs\/edieresis.glif","\/fonts\/Unpacking\/9b17c5ca843da8f00d201bc409d9d9890d8c6d85\/elementasc-expert-italic.ufo\/glyphs\/egrave.glif":"\/fonts\/Unpacking\/9b17c5ca843da8f00d201bc409d9d9890d8c6d85\/elementasc-expert-italic.ufo\/glyphs\/egrave.glif","\/fonts\/Unpacking\/9b17c5ca843da8f00d201bc409d9d9890d8c6d85\/elementasc-expert-italic.ufo\/glyphs\/eight.glif":"\/fonts\/Unpacking\/9b17c5ca843da8f00d201bc409d9d9890d8c6d85\/elementasc-expert-italic.ufo\/glyphs\/eight.glif","\/fonts\/Unpacking\/9b17c5ca843da8f00d201bc409d9d9890d8c6d85\/elementasc-expert-italic.ufo\/glyphs\/ellipsis.glif":"\/fonts\/Unpacking\/9b17c5ca843da8f00d201bc409d9d9890d8c6d85\/elementasc-expert-italic.ufo\/glyphs\/ellipsis.glif","\/fonts\/Unpacking\/9b17c5ca843da8f00d201bc409d9d9890d8c6d85\/elementasc-expert-italic.ufo\/glyphs\/emdash.glif":"\/fonts\/Unpacking\/9b17c5ca843da8f00d201bc409d9d9890d8c6d85\/elementasc-expert-italic.ufo\/glyphs\/emdash.glif","\/fonts\/Unpacking\/9b17c5ca843da8f00d201bc409d9d9890d8c6d85\/elementasc-expert-italic.ufo\/glyphs\/endash.glif":"\/fonts\/Unpacking\/9b17c5ca843da8f00d201bc409d9d9890d8c6d85\/elementasc-expert-italic.ufo\/glyphs\/endash.glif","\/fonts\/Unpacking\/9b17c5ca843da8f00d201bc409d9d9890d8c6d85\/elementasc-expert-italic.ufo\/glyphs\/equal.glif":"\/fonts\/Unpacking\/9b17c5ca843da8f00d201bc409d9d9890d8c6d85\/elementasc-expert-italic.ufo\/glyphs\/equal.glif","\/fonts\/Unpacking\/9b17c5ca843da8f00d201bc409d9d9890d8c6d85\/elementasc-expert-italic.ufo\/glyphs\/eth.glif":"\/fonts\/Unpacking\/9b17c5ca843da8f00d201bc409d9d9890d8c6d85\/elementasc-expert-italic.ufo\/glyphs\/eth.glif","\/fonts\/Unpacking\/9b17c5ca843da8f00d201bc409d9d9890d8c6d85\/elementasc-expert-italic.ufo\/glyphs\/exclam.glif":"\/fonts\/Unpacking\/9b17c5ca843da8f00d201bc409d9d9890d8c6d85\/elementasc-expert-italic.ufo\/glyphs\/exclam.glif","\/fonts\/Unpacking\/9b17c5ca843da8f00d201bc409d9d9890d8c6d85\/elementasc-expert-italic.ufo\/glyphs\/exclamdown.glif":"\/fonts\/Unpacking\/9b17c5ca843da8f00d201bc409d9d9890d8c6d85\/elementasc-expert-italic.ufo\/glyphs\/exclamdown.glif","\/fonts\/Unpacking\/9b17c5ca843da8f00d201bc409d9d9890d8c6d85\/elementasc-expert-italic.ufo\/glyphs\/f.glif":"\/fonts\/Unpacking\/9b17c5ca843da8f00d201bc409d9d9890d8c6d85\/elementasc-expert-italic.ufo\/glyphs\/f.glif","\/fonts\/Unpacking\/9b17c5ca843da8f00d201bc409d9d9890d8c6d85\/elementasc-expert-italic.ufo\/glyphs\/fi.glif":"\/fonts\/Unpacking\/9b17c5ca843da8f00d201bc409d9d9890d8c6d85\/elementasc-expert-italic.ufo\/glyphs\/fi.glif","\/fonts\/Unpacking\/9b17c5ca843da8f00d201bc409d9d9890d8c6d85\/elementasc-expert-italic.ufo\/glyphs\/five.glif":"\/fonts\/Unpacking\/9b17c5ca843da8f00d201bc409d9d9890d8c6d85\/elementasc-expert-italic.ufo\/glyphs\/five.glif","\/fonts\/Unpacking\/9b17c5ca843da8f00d201bc409d9d9890d8c6d85\/elementasc-expert-italic.ufo\/glyphs\/fl.glif":"\/fonts\/Unpacking\/9b17c5ca843da8f00d201bc409d9d9890d8c6d85\/elementasc-expert-italic.ufo\/glyphs\/fl.glif","\/fonts\/Unpacking\/9b17c5ca843da8f00d201bc409d9d9890d8c6d85\/elementasc-expert-italic.ufo\/glyphs\/florin.glif":"\/fonts\/Unpacking\/9b17c5ca843da8f00d201bc409d9d9890d8c6d85\/elementasc-expert-italic.ufo\/glyphs\/florin.glif","\/fonts\/Unpacking\/9b17c5ca843da8f00d201bc409d9d9890d8c6d85\/elementasc-expert-italic.ufo\/glyphs\/four.glif":"\/fonts\/Unpacking\/9b17c5ca843da8f00d201bc409d9d9890d8c6d85\/elementasc-expert-italic.ufo\/glyphs\/four.glif","\/fonts\/Unpacking\/9b17c5ca843da8f00d201bc409d9d9890d8c6d85\/elementasc-expert-italic.ufo\/glyphs\/fraction.glif":"\/fonts\/Unpacking\/9b17c5ca843da8f00d201bc409d9d9890d8c6d85\/elementasc-expert-italic.ufo\/glyphs\/fraction.glif","\/fonts\/Unpacking\/9b17c5ca843da8f00d201bc409d9d9890d8c6d85\/elementasc-expert-italic.ufo\/glyphs\/g.glif":"\/fonts\/Unpacking\/9b17c5ca843da8f00d201bc409d9d9890d8c6d85\/elementasc-expert-italic.ufo\/glyphs\/g.glif","\/fonts\/Unpacking\/9b17c5ca843da8f00d201bc409d9d9890d8c6d85\/elementasc-expert-italic.ufo\/glyphs\/germandbls.glif":"\/fonts\/Unpacking\/9b17c5ca843da8f00d201bc409d9d9890d8c6d85\/elementasc-expert-italic.ufo\/glyphs\/germandbls.glif","\/fonts\/Unpacking\/9b17c5ca843da8f00d201bc409d9d9890d8c6d85\/elementasc-expert-italic.ufo\/glyphs\/grave.glif":"\/fonts\/Unpacking\/9b17c5ca843da8f00d201bc409d9d9890d8c6d85\/elementasc-expert-italic.ufo\/glyphs\/grave.glif","\/fonts\/Unpacking\/9b17c5ca843da8f00d201bc409d9d9890d8c6d85\/elementasc-expert-italic.ufo\/glyphs\/greater.glif":"\/fonts\/Unpacking\/9b17c5ca843da8f00d201bc409d9d9890d8c6d85\/elementasc-expert-italic.ufo\/glyphs\/greater.glif","\/fonts\/Unpacking\/9b17c5ca843da8f00d201bc409d9d9890d8c6d85\/elementasc-expert-italic.ufo\/glyphs\/greaterequal.glif":"\/fonts\/Unpacking\/9b17c5ca843da8f00d201bc409d9d9890d8c6d85\/elementasc-expert-italic.ufo\/glyphs\/greaterequal.glif","\/fonts\/Unpacking\/9b17c5ca843da8f00d201bc409d9d9890d8c6d85\/elementasc-expert-italic.ufo\/glyphs\/guillemotleft.glif":"\/fonts\/Unpacking\/9b17c5ca843da8f00d201bc409d9d9890d8c6d85\/elementasc-expert-italic.ufo\/glyphs\/guillemotleft.glif","\/fonts\/Unpacking\/9b17c5ca843da8f00d201bc409d9d9890d8c6d85\/elementasc-expert-italic.ufo\/glyphs\/guillemotright.glif":"\/fonts\/Unpacking\/9b17c5ca843da8f00d201bc409d9d9890d8c6d85\/elementasc-expert-italic.ufo\/glyphs\/guillemotright.glif","\/fonts\/Unpacking\/9b17c5ca843da8f00d201bc409d9d9890d8c6d85\/elementasc-expert-italic.ufo\/glyphs\/guilsinglleft.glif":"\/fonts\/Unpacking\/9b17c5ca843da8f00d201bc409d9d9890d8c6d85\/elementasc-expert-italic.ufo\/glyphs\/guilsinglleft.glif","\/fonts\/Unpacking\/9b17c5ca843da8f00d201bc409d9d9890d8c6d85\/elementasc-expert-italic.ufo\/glyphs\/guilsinglright.glif":"\/fonts\/Unpacking\/9b17c5ca843da8f00d201bc409d9d9890d8c6d85\/elementasc-expert-italic.ufo\/glyphs\/guilsinglright.glif","\/fonts\/Unpacking\/9b17c5ca843da8f00d201bc409d9d9890d8c6d85\/elementasc-expert-italic.ufo\/glyphs\/h.glif":"\/fonts\/Unpacking\/9b17c5ca843da8f00d201bc409d9d9890d8c6d85\/elementasc-expert-italic.ufo\/glyphs\/h.glif","\/fonts\/Unpacking\/9b17c5ca843da8f00d201bc409d9d9890d8c6d85\/elementasc-expert-italic.ufo\/glyphs\/hungarumlaut.glif":"\/fonts\/Unpacking\/9b17c5ca843da8f00d201bc409d9d9890d8c6d85\/elementasc-expert-italic.ufo\/glyphs\/hungarumlaut.glif","\/fonts\/Unpacking\/9b17c5ca843da8f00d201bc409d9d9890d8c6d85\/elementasc-expert-italic.ufo\/glyphs\/hyphen.glif":"\/fonts\/Unpacking\/9b17c5ca843da8f00d201bc409d9d9890d8c6d85\/elementasc-expert-italic.ufo\/glyphs\/hyphen.glif","\/fonts\/Unpacking\/9b17c5ca843da8f00d201bc409d9d9890d8c6d85\/elementasc-expert-italic.ufo\/glyphs\/i.glif":"\/fonts\/Unpacking\/9b17c5ca843da8f00d201bc409d9d9890d8c6d85\/elementasc-expert-italic.ufo\/glyphs\/i.glif","\/fonts\/Unpacking\/9b17c5ca843da8f00d201bc409d9d9890d8c6d85\/elementasc-expert-italic.ufo\/glyphs\/iacute.glif":"\/fonts\/Unpacking\/9b17c5ca843da8f00d201bc409d9d9890d8c6d85\/elementasc-expert-italic.ufo\/glyphs\/iacute.glif","\/fonts\/Unpacking\/9b17c5ca843da8f00d201bc409d9d9890d8c6d85\/elementasc-expert-italic.ufo\/glyphs\/icircumflex.glif":"\/fonts\/Unpacking\/9b17c5ca843da8f00d201bc409d9d9890d8c6d85\/elementasc-expert-italic.ufo\/glyphs\/icircumflex.glif","\/fonts\/Unpacking\/9b17c5ca843da8f00d201bc409d9d9890d8c6d85\/elementasc-expert-italic.ufo\/glyphs\/idieresis.glif":"\/fonts\/Unpacking\/9b17c5ca843da8f00d201bc409d9d9890d8c6d85\/elementasc-expert-italic.ufo\/glyphs\/idieresis.glif","\/fonts\/Unpacking\/9b17c5ca843da8f00d201bc409d9d9890d8c6d85\/elementasc-expert-italic.ufo\/glyphs\/igrave.glif":"\/fonts\/Unpacking\/9b17c5ca843da8f00d201bc409d9d9890d8c6d85\/elementasc-expert-italic.ufo\/glyphs\/igrave.glif","\/fonts\/Unpacking\/9b17c5ca843da8f00d201bc409d9d9890d8c6d85\/elementasc-expert-italic.ufo\/glyphs\/infinity.glif":"\/fonts\/Unpacking\/9b17c5ca843da8f00d201bc409d9d9890d8c6d85\/elementasc-expert-italic.ufo\/glyphs\/infinity.glif","\/fonts\/Unpacking\/9b17c5ca843da8f00d201bc409d9d9890d8c6d85\/elementasc-expert-italic.ufo\/glyphs\/integral.glif":"\/fonts\/Unpacking\/9b17c5ca843da8f00d201bc409d9d9890d8c6d85\/elementasc-expert-italic.ufo\/glyphs\/integral.glif","\/fonts\/Unpacking\/9b17c5ca843da8f00d201bc409d9d9890d8c6d85\/elementasc-expert-italic.ufo\/glyphs\/j.glif":"\/fonts\/Unpacking\/9b17c5ca843da8f00d201bc409d9d9890d8c6d85\/elementasc-expert-italic.ufo\/glyphs\/j.glif","\/fonts\/Unpacking\/9b17c5ca843da8f00d201bc409d9d9890d8c6d85\/elementasc-expert-italic.ufo\/glyphs\/k.glif":"\/fonts\/Unpacking\/9b17c5ca843da8f00d201bc409d9d9890d8c6d85\/elementasc-expert-italic.ufo\/glyphs\/k.glif","\/fonts\/Unpacking\/9b17c5ca843da8f00d201bc409d9d9890d8c6d85\/elementasc-expert-italic.ufo\/glyphs\/l.glif":"\/fonts\/Unpacking\/9b17c5ca843da8f00d201bc409d9d9890d8c6d85\/elementasc-expert-italic.ufo\/glyphs\/l.glif","\/fonts\/Unpacking\/9b17c5ca843da8f00d201bc409d9d9890d8c6d85\/elementasc-expert-italic.ufo\/glyphs\/less.glif":"\/fonts\/Unpacking\/9b17c5ca843da8f00d201bc409d9d9890d8c6d85\/elementasc-expert-italic.ufo\/glyphs\/less.glif","\/fonts\/Unpacking\/9b17c5ca843da8f00d201bc409d9d9890d8c6d85\/elementasc-expert-italic.ufo\/glyphs\/lessequal.glif":"\/fonts\/Unpacking\/9b17c5ca843da8f00d201bc409d9d9890d8c6d85\/elementasc-expert-italic.ufo\/glyphs\/lessequal.glif","\/fonts\/Unpacking\/9b17c5ca843da8f00d201bc409d9d9890d8c6d85\/elementasc-expert-italic.ufo\/glyphs\/logicalnot.glif":"\/fonts\/Unpacking\/9b17c5ca843da8f00d201bc409d9d9890d8c6d85\/elementasc-expert-italic.ufo\/glyphs\/logicalnot.glif","\/fonts\/Unpacking\/9b17c5ca843da8f00d201bc409d9d9890d8c6d85\/elementasc-expert-italic.ufo\/glyphs\/lozenge.glif":"\/fonts\/Unpacking\/9b17c5ca843da8f00d201bc409d9d9890d8c6d85\/elementasc-expert-italic.ufo\/glyphs\/lozenge.glif","\/fonts\/Unpacking\/9b17c5ca843da8f00d201bc409d9d9890d8c6d85\/elementasc-expert-italic.ufo\/glyphs\/lslash.glif":"\/fonts\/Unpacking\/9b17c5ca843da8f00d201bc409d9d9890d8c6d85\/elementasc-expert-italic.ufo\/glyphs\/lslash.glif","\/fonts\/Unpacking\/9b17c5ca843da8f00d201bc409d9d9890d8c6d85\/elementasc-expert-italic.ufo\/glyphs\/m.glif":"\/fonts\/Unpacking\/9b17c5ca843da8f00d201bc409d9d9890d8c6d85\/elementasc-expert-italic.ufo\/glyphs\/m.glif","\/fonts\/Unpacking\/9b17c5ca843da8f00d201bc409d9d9890d8c6d85\/elementasc-expert-italic.ufo\/glyphs\/macron.glif":"\/fonts\/Unpacking\/9b17c5ca843da8f00d201bc409d9d9890d8c6d85\/elementasc-expert-italic.ufo\/glyphs\/macron.glif","\/fonts\/Unpacking\/9b17c5ca843da8f00d201bc409d9d9890d8c6d85\/elementasc-expert-italic.ufo\/glyphs\/minus.glif":"\/fonts\/Unpacking\/9b17c5ca843da8f00d201bc409d9d9890d8c6d85\/elementasc-expert-italic.ufo\/glyphs\/minus.glif","\/fonts\/Unpacking\/9b17c5ca843da8f00d201bc409d9d9890d8c6d85\/elementasc-expert-italic.ufo\/glyphs\/mu.glif":"\/fonts\/Unpacking\/9b17c5ca843da8f00d201bc409d9d9890d8c6d85\/elementasc-expert-italic.ufo\/glyphs\/mu.glif","\/fonts\/Unpacking\/9b17c5ca843da8f00d201bc409d9d9890d8c6d85\/elementasc-expert-italic.ufo\/glyphs\/multiply.glif":"\/fonts\/Unpacking\/9b17c5ca843da8f00d201bc409d9d9890d8c6d85\/elementasc-expert-italic.ufo\/glyphs\/multiply.glif","\/fonts\/Unpacking\/9b17c5ca843da8f00d201bc409d9d9890d8c6d85\/elementasc-expert-italic.ufo\/glyphs\/n.glif":"\/fonts\/Unpacking\/9b17c5ca843da8f00d201bc409d9d9890d8c6d85\/elementasc-expert-italic.ufo\/glyphs\/n.glif","\/fonts\/Unpacking\/9b17c5ca843da8f00d201bc409d9d9890d8c6d85\/elementasc-expert-italic.ufo\/glyphs\/nbspace.glif":"\/fonts\/Unpacking\/9b17c5ca843da8f00d201bc409d9d9890d8c6d85\/elementasc-expert-italic.ufo\/glyphs\/nbspace.glif","\/fonts\/Unpacking\/9b17c5ca843da8f00d201bc409d9d9890d8c6d85\/elementasc-expert-italic.ufo\/glyphs\/nine.glif":"\/fonts\/Unpacking\/9b17c5ca843da8f00d201bc409d9d9890d8c6d85\/elementasc-expert-italic.ufo\/glyphs\/nine.glif","\/fonts\/Unpacking\/9b17c5ca843da8f00d201bc409d9d9890d8c6d85\/elementasc-expert-italic.ufo\/glyphs\/notequal.glif":"\/fonts\/Unpacking\/9b17c5ca843da8f00d201bc409d9d9890d8c6d85\/elementasc-expert-italic.ufo\/glyphs\/notequal.glif","\/fonts\/Unpacking\/9b17c5ca843da8f00d201bc409d9d9890d8c6d85\/elementasc-expert-italic.ufo\/glyphs\/ntilde.glif":"\/fonts\/Unpacking\/9b17c5ca843da8f00d201bc409d9d9890d8c6d85\/elementasc-expert-italic.ufo\/glyphs\/ntilde.glif","\/fonts\/Unpacking\/9b17c5ca843da8f00d201bc409d9d9890d8c6d85\/elementasc-expert-italic.ufo\/glyphs\/numbersign.glif":"\/fonts\/Unpacking\/9b17c5ca843da8f00d201bc409d9d9890d8c6d85\/elementasc-expert-italic.ufo\/glyphs\/numbersign.glif","\/fonts\/Unpacking\/9b17c5ca843da8f00d201bc409d9d9890d8c6d85\/elementasc-expert-italic.ufo\/glyphs\/o.glif":"\/fonts\/Unpacking\/9b17c5ca843da8f00d201bc409d9d9890d8c6d85\/elementasc-expert-italic.ufo\/glyphs\/o.glif","\/fonts\/Unpacking\/9b17c5ca843da8f00d201bc409d9d9890d8c6d85\/elementasc-expert-italic.ufo\/glyphs\/oacute.glif":"\/fonts\/Unpacking\/9b17c5ca843da8f00d201bc409d9d9890d8c6d85\/elementasc-expert-italic.ufo\/glyphs\/oacute.glif","\/fonts\/Unpacking\/9b17c5ca843da8f00d201bc409d9d9890d8c6d85\/elementasc-expert-italic.ufo\/glyphs\/ocircumflex.glif":"\/fonts\/Unpacking\/9b17c5ca843da8f00d201bc409d9d9890d8c6d85\/elementasc-expert-italic.ufo\/glyphs\/ocircumflex.glif","\/fonts\/Unpacking\/9b17c5ca843da8f00d201bc409d9d9890d8c6d85\/elementasc-expert-italic.ufo\/glyphs\/odieresis.glif":"\/fonts\/Unpacking\/9b17c5ca843da8f00d201bc409d9d9890d8c6d85\/elementasc-expert-italic.ufo\/glyphs\/odieresis.glif","\/fonts\/Unpacking\/9b17c5ca843da8f00d201bc409d9d9890d8c6d85\/elementasc-expert-italic.ufo\/glyphs\/oe.glif":"\/fonts\/Unpacking\/9b17c5ca843da8f00d201bc409d9d9890d8c6d85\/elementasc-expert-italic.ufo\/glyphs\/oe.glif","\/fonts\/Unpacking\/9b17c5ca843da8f00d201bc409d9d9890d8c6d85\/elementasc-expert-italic.ufo\/glyphs\/ogonek.glif":"\/fonts\/Unpacking\/9b17c5ca843da8f00d201bc409d9d9890d8c6d85\/elementasc-expert-italic.ufo\/glyphs\/ogonek.glif","\/fonts\/Unpacking\/9b17c5ca843da8f00d201bc409d9d9890d8c6d85\/elementasc-expert-italic.ufo\/glyphs\/ograve.glif":"\/fonts\/Unpacking\/9b17c5ca843da8f00d201bc409d9d9890d8c6d85\/elementasc-expert-italic.ufo\/glyphs\/ograve.glif","\/fonts\/Unpacking\/9b17c5ca843da8f00d201bc409d9d9890d8c6d85\/elementasc-expert-italic.ufo\/glyphs\/one.glif":"\/fonts\/Unpacking\/9b17c5ca843da8f00d201bc409d9d9890d8c6d85\/elementasc-expert-italic.ufo\/glyphs\/one.glif","\/fonts\/Unpacking\/9b17c5ca843da8f00d201bc409d9d9890d8c6d85\/elementasc-expert-italic.ufo\/glyphs\/onehalf.glif":"\/fonts\/Unpacking\/9b17c5ca843da8f00d201bc409d9d9890d8c6d85\/elementasc-expert-italic.ufo\/glyphs\/onehalf.glif","\/fonts\/Unpacking\/9b17c5ca843da8f00d201bc409d9d9890d8c6d85\/elementasc-expert-italic.ufo\/glyphs\/onequarter.glif":"\/fonts\/Unpacking\/9b17c5ca843da8f00d201bc409d9d9890d8c6d85\/elementasc-expert-italic.ufo\/glyphs\/onequarter.glif","\/fonts\/Unpacking\/9b17c5ca843da8f00d201bc409d9d9890d8c6d85\/elementasc-expert-italic.ufo\/glyphs\/onesuperior.glif":"\/fonts\/Unpacking\/9b17c5ca843da8f00d201bc409d9d9890d8c6d85\/elementasc-expert-italic.ufo\/glyphs\/onesuperior.glif","\/fonts\/Unpacking\/9b17c5ca843da8f00d201bc409d9d9890d8c6d85\/elementasc-expert-italic.ufo\/glyphs\/ordfeminine.glif":"\/fonts\/Unpacking\/9b17c5ca843da8f00d201bc409d9d9890d8c6d85\/elementasc-expert-italic.ufo\/glyphs\/ordfeminine.glif","\/fonts\/Unpacking\/9b17c5ca843da8f00d201bc409d9d9890d8c6d85\/elementasc-expert-italic.ufo\/glyphs\/ordmasculine.glif":"\/fonts\/Unpacking\/9b17c5ca843da8f00d201bc409d9d9890d8c6d85\/elementasc-expert-italic.ufo\/glyphs\/ordmasculine.glif","\/fonts\/Unpacking\/9b17c5ca843da8f00d201bc409d9d9890d8c6d85\/elementasc-expert-italic.ufo\/glyphs\/oslash.glif":"\/fonts\/Unpacking\/9b17c5ca843da8f00d201bc409d9d9890d8c6d85\/elementasc-expert-italic.ufo\/glyphs\/oslash.glif","\/fonts\/Unpacking\/9b17c5ca843da8f00d201bc409d9d9890d8c6d85\/elementasc-expert-italic.ufo\/glyphs\/otilde.glif":"\/fonts\/Unpacking\/9b17c5ca843da8f00d201bc409d9d9890d8c6d85\/elementasc-expert-italic.ufo\/glyphs\/otilde.glif","\/fonts\/Unpacking\/9b17c5ca843da8f00d201bc409d9d9890d8c6d85\/elementasc-expert-italic.ufo\/glyphs\/p.glif":"\/fonts\/Unpacking\/9b17c5ca843da8f00d201bc409d9d9890d8c6d85\/elementasc-expert-italic.ufo\/glyphs\/p.glif","\/fonts\/Unpacking\/9b17c5ca843da8f00d201bc409d9d9890d8c6d85\/elementasc-expert-italic.ufo\/glyphs\/paragraph.glif":"\/fonts\/Unpacking\/9b17c5ca843da8f00d201bc409d9d9890d8c6d85\/elementasc-expert-italic.ufo\/glyphs\/paragraph.glif","\/fonts\/Unpacking\/9b17c5ca843da8f00d201bc409d9d9890d8c6d85\/elementasc-expert-italic.ufo\/glyphs\/parenleft.glif":"\/fonts\/Unpacking\/9b17c5ca843da8f00d201bc409d9d9890d8c6d85\/elementasc-expert-italic.ufo\/glyphs\/parenleft.glif","\/fonts\/Unpacking\/9b17c5ca843da8f00d201bc409d9d9890d8c6d85\/elementasc-expert-italic.ufo\/glyphs\/parenright.glif":"\/fonts\/Unpacking\/9b17c5ca843da8f00d201bc409d9d9890d8c6d85\/elementasc-expert-italic.ufo\/glyphs\/parenright.glif","\/fonts\/Unpacking\/9b17c5ca843da8f00d201bc409d9d9890d8c6d85\/elementasc-expert-italic.ufo\/glyphs\/partialdiff.glif":"\/fonts\/Unpacking\/9b17c5ca843da8f00d201bc409d9d9890d8c6d85\/elementasc-expert-italic.ufo\/glyphs\/partialdiff.glif","\/fonts\/Unpacking\/9b17c5ca843da8f00d201bc409d9d9890d8c6d85\/elementasc-expert-italic.ufo\/glyphs\/percent.glif":"\/fonts\/Unpacking\/9b17c5ca843da8f00d201bc409d9d9890d8c6d85\/elementasc-expert-italic.ufo\/glyphs\/percent.glif","\/fonts\/Unpacking\/9b17c5ca843da8f00d201bc409d9d9890d8c6d85\/elementasc-expert-italic.ufo\/glyphs\/period.glif":"\/fonts\/Unpacking\/9b17c5ca843da8f00d201bc409d9d9890d8c6d85\/elementasc-expert-italic.ufo\/glyphs\/period.glif","\/fonts\/Unpacking\/9b17c5ca843da8f00d201bc409d9d9890d8c6d85\/elementasc-expert-italic.ufo\/glyphs\/periodcentered.glif":"\/fonts\/Unpacking\/9b17c5ca843da8f00d201bc409d9d9890d8c6d85\/elementasc-expert-italic.ufo\/glyphs\/periodcentered.glif","\/fonts\/Unpacking\/9b17c5ca843da8f00d201bc409d9d9890d8c6d85\/elementasc-expert-italic.ufo\/glyphs\/perthousand.glif":"\/fonts\/Unpacking\/9b17c5ca843da8f00d201bc409d9d9890d8c6d85\/elementasc-expert-italic.ufo\/glyphs\/perthousand.glif","\/fonts\/Unpacking\/9b17c5ca843da8f00d201bc409d9d9890d8c6d85\/elementasc-expert-italic.ufo\/glyphs\/pi.glif":"\/fonts\/Unpacking\/9b17c5ca843da8f00d201bc409d9d9890d8c6d85\/elementasc-expert-italic.ufo\/glyphs\/pi.glif","\/fonts\/Unpacking\/9b17c5ca843da8f00d201bc409d9d9890d8c6d85\/elementasc-expert-italic.ufo\/glyphs\/plus.glif":"\/fonts\/Unpacking\/9b17c5ca843da8f00d201bc409d9d9890d8c6d85\/elementasc-expert-italic.ufo\/glyphs\/plus.glif","\/fonts\/Unpacking\/9b17c5ca843da8f00d201bc409d9d9890d8c6d85\/elementasc-expert-italic.ufo\/glyphs\/plusminus.glif":"\/fonts\/Unpacking\/9b17c5ca843da8f00d201bc409d9d9890d8c6d85\/elementasc-expert-italic.ufo\/glyphs\/plusminus.glif","\/fonts\/Unpacking\/9b17c5ca843da8f00d201bc409d9d9890d8c6d85\/elementasc-expert-italic.ufo\/glyphs\/product.glif":"\/fonts\/Unpacking\/9b17c5ca843da8f00d201bc409d9d9890d8c6d85\/elementasc-expert-italic.ufo\/glyphs\/product.glif","\/fonts\/Unpacking\/9b17c5ca843da8f00d201bc409d9d9890d8c6d85\/elementasc-expert-italic.ufo\/glyphs\/q.glif":"\/fonts\/Unpacking\/9b17c5ca843da8f00d201bc409d9d9890d8c6d85\/elementasc-expert-italic.ufo\/glyphs\/q.glif","\/fonts\/Unpacking\/9b17c5ca843da8f00d201bc409d9d9890d8c6d85\/elementasc-expert-italic.ufo\/glyphs\/question.glif":"\/fonts\/Unpacking\/9b17c5ca843da8f00d201bc409d9d9890d8c6d85\/elementasc-expert-italic.ufo\/glyphs\/question.glif","\/fonts\/Unpacking\/9b17c5ca843da8f00d201bc409d9d9890d8c6d85\/elementasc-expert-italic.ufo\/glyphs\/questiondown.glif":"\/fonts\/Unpacking\/9b17c5ca843da8f00d201bc409d9d9890d8c6d85\/elementasc-expert-italic.ufo\/glyphs\/questiondown.glif","\/fonts\/Unpacking\/9b17c5ca843da8f00d201bc409d9d9890d8c6d85\/elementasc-expert-italic.ufo\/glyphs\/quotedbl.glif":"\/fonts\/Unpacking\/9b17c5ca843da8f00d201bc409d9d9890d8c6d85\/elementasc-expert-italic.ufo\/glyphs\/quotedbl.glif","\/fonts\/Unpacking\/9b17c5ca843da8f00d201bc409d9d9890d8c6d85\/elementasc-expert-italic.ufo\/glyphs\/quotedblbase.glif":"\/fonts\/Unpacking\/9b17c5ca843da8f00d201bc409d9d9890d8c6d85\/elementasc-expert-italic.ufo\/glyphs\/quotedblbase.glif","\/fonts\/Unpacking\/9b17c5ca843da8f00d201bc409d9d9890d8c6d85\/elementasc-expert-italic.ufo\/glyphs\/quotedblleft.glif":"\/fonts\/Unpacking\/9b17c5ca843da8f00d201bc409d9d9890d8c6d85\/elementasc-expert-italic.ufo\/glyphs\/quotedblleft.glif","\/fonts\/Unpacking\/9b17c5ca843da8f00d201bc409d9d9890d8c6d85\/elementasc-expert-italic.ufo\/glyphs\/quotedblright.glif":"\/fonts\/Unpacking\/9b17c5ca843da8f00d201bc409d9d9890d8c6d85\/elementasc-expert-italic.ufo\/glyphs\/quotedblright.glif","\/fonts\/Unpacking\/9b17c5ca843da8f00d201bc409d9d9890d8c6d85\/elementasc-expert-italic.ufo\/glyphs\/quoteleft.glif":"\/fonts\/Unpacking\/9b17c5ca843da8f00d201bc409d9d9890d8c6d85\/elementasc-expert-italic.ufo\/glyphs\/quoteleft.glif","\/fonts\/Unpacking\/9b17c5ca843da8f00d201bc409d9d9890d8c6d85\/elementasc-expert-italic.ufo\/glyphs\/quoteright.glif":"\/fonts\/Unpacking\/9b17c5ca843da8f00d201bc409d9d9890d8c6d85\/elementasc-expert-italic.ufo\/glyphs\/quoteright.glif","\/fonts\/Unpacking\/9b17c5ca843da8f00d201bc409d9d9890d8c6d85\/elementasc-expert-italic.ufo\/glyphs\/quotesinglbase.glif":"\/fonts\/Unpacking\/9b17c5ca843da8f00d201bc409d9d9890d8c6d85\/elementasc-expert-italic.ufo\/glyphs\/quotesinglbase.glif","\/fonts\/Unpacking\/9b17c5ca843da8f00d201bc409d9d9890d8c6d85\/elementasc-expert-italic.ufo\/glyphs\/quotesingle.glif":"\/fonts\/Unpacking\/9b17c5ca843da8f00d201bc409d9d9890d8c6d85\/elementasc-expert-italic.ufo\/glyphs\/quotesingle.glif","\/fonts\/Unpacking\/9b17c5ca843da8f00d201bc409d9d9890d8c6d85\/elementasc-expert-italic.ufo\/glyphs\/r.glif":"\/fonts\/Unpacking\/9b17c5ca843da8f00d201bc409d9d9890d8c6d85\/elementasc-expert-italic.ufo\/glyphs\/r.glif","\/fonts\/Unpacking\/9b17c5ca843da8f00d201bc409d9d9890d8c6d85\/elementasc-expert-italic.ufo\/glyphs\/radical.glif":"\/fonts\/Unpacking\/9b17c5ca843da8f00d201bc409d9d9890d8c6d85\/elementasc-expert-italic.ufo\/glyphs\/radical.glif","\/fonts\/Unpacking\/9b17c5ca843da8f00d201bc409d9d9890d8c6d85\/elementasc-expert-italic.ufo\/glyphs\/registered.glif":"\/fonts\/Unpacking\/9b17c5ca843da8f00d201bc409d9d9890d8c6d85\/elementasc-expert-italic.ufo\/glyphs\/registered.glif","\/fonts\/Unpacking\/9b17c5ca843da8f00d201bc409d9d9890d8c6d85\/elementasc-expert-italic.ufo\/glyphs\/ring.glif":"\/fonts\/Unpacking\/9b17c5ca843da8f00d201bc409d9d9890d8c6d85\/elementasc-expert-italic.ufo\/glyphs\/ring.glif","\/fonts\/Unpacking\/9b17c5ca843da8f00d201bc409d9d9890d8c6d85\/elementasc-expert-italic.ufo\/glyphs\/s.glif":"\/fonts\/Unpacking\/9b17c5ca843da8f00d201bc409d9d9890d8c6d85\/elementasc-expert-italic.ufo\/glyphs\/s.glif","\/fonts\/Unpacking\/9b17c5ca843da8f00d201bc409d9d9890d8c6d85\/elementasc-expert-italic.ufo\/glyphs\/scaron.glif":"\/fonts\/Unpacking\/9b17c5ca843da8f00d201bc409d9d9890d8c6d85\/elementasc-expert-italic.ufo\/glyphs\/scaron.glif","\/fonts\/Unpacking\/9b17c5ca843da8f00d201bc409d9d9890d8c6d85\/elementasc-expert-italic.ufo\/glyphs\/section.glif":"\/fonts\/Unpacking\/9b17c5ca843da8f00d201bc409d9d9890d8c6d85\/elementasc-expert-italic.ufo\/glyphs\/section.glif","\/fonts\/Unpacking\/9b17c5ca843da8f00d201bc409d9d9890d8c6d85\/elementasc-expert-italic.ufo\/glyphs\/semicolon.glif":"\/fonts\/Unpacking\/9b17c5ca843da8f00d201bc409d9d9890d8c6d85\/elementasc-expert-italic.ufo\/glyphs\/semicolon.glif","\/fonts\/Unpacking\/9b17c5ca843da8f00d201bc409d9d9890d8c6d85\/elementasc-expert-italic.ufo\/glyphs\/seven.glif":"\/fonts\/Unpacking\/9b17c5ca843da8f00d201bc409d9d9890d8c6d85\/elementasc-expert-italic.ufo\/glyphs\/seven.glif","\/fonts\/Unpacking\/9b17c5ca843da8f00d201bc409d9d9890d8c6d85\/elementasc-expert-italic.ufo\/glyphs\/six.glif":"\/fonts\/Unpacking\/9b17c5ca843da8f00d201bc409d9d9890d8c6d85\/elementasc-expert-italic.ufo\/glyphs\/six.glif","\/fonts\/Unpacking\/9b17c5ca843da8f00d201bc409d9d9890d8c6d85\/elementasc-expert-italic.ufo\/glyphs\/slash.glif":"\/fonts\/Unpacking\/9b17c5ca843da8f00d201bc409d9d9890d8c6d85\/elementasc-expert-italic.ufo\/glyphs\/slash.glif","\/fonts\/Unpacking\/9b17c5ca843da8f00d201bc409d9d9890d8c6d85\/elementasc-expert-italic.ufo\/glyphs\/space.glif":"\/fonts\/Unpacking\/9b17c5ca843da8f00d201bc409d9d9890d8c6d85\/elementasc-expert-italic.ufo\/glyphs\/space.glif","\/fonts\/Unpacking\/9b17c5ca843da8f00d201bc409d9d9890d8c6d85\/elementasc-expert-italic.ufo\/glyphs\/sterling.glif":"\/fonts\/Unpacking\/9b17c5ca843da8f00d201bc409d9d9890d8c6d85\/elementasc-expert-italic.ufo\/glyphs\/sterling.glif","\/fonts\/Unpacking\/9b17c5ca843da8f00d201bc409d9d9890d8c6d85\/elementasc-expert-italic.ufo\/glyphs\/summation.glif":"\/fonts\/Unpacking\/9b17c5ca843da8f00d201bc409d9d9890d8c6d85\/elementasc-expert-italic.ufo\/glyphs\/summation.glif","\/fonts\/Unpacking\/9b17c5ca843da8f00d201bc409d9d9890d8c6d85\/elementasc-expert-italic.ufo\/glyphs\/t.glif":"\/fonts\/Unpacking\/9b17c5ca843da8f00d201bc409d9d9890d8c6d85\/elementasc-expert-italic.ufo\/glyphs\/t.glif","\/fonts\/Unpacking\/9b17c5ca843da8f00d201bc409d9d9890d8c6d85\/elementasc-expert-italic.ufo\/glyphs\/thorn.glif":"\/fonts\/Unpacking\/9b17c5ca843da8f00d201bc409d9d9890d8c6d85\/elementasc-expert-italic.ufo\/glyphs\/thorn.glif","\/fonts\/Unpacking\/9b17c5ca843da8f00d201bc409d9d9890d8c6d85\/elementasc-expert-italic.ufo\/glyphs\/three.glif":"\/fonts\/Unpacking\/9b17c5ca843da8f00d201bc409d9d9890d8c6d85\/elementasc-expert-italic.ufo\/glyphs\/three.glif","\/fonts\/Unpacking\/9b17c5ca843da8f00d201bc409d9d9890d8c6d85\/elementasc-expert-italic.ufo\/glyphs\/threequarters.glif":"\/fonts\/Unpacking\/9b17c5ca843da8f00d201bc409d9d9890d8c6d85\/elementasc-expert-italic.ufo\/glyphs\/threequarters.glif","\/fonts\/Unpacking\/9b17c5ca843da8f00d201bc409d9d9890d8c6d85\/elementasc-expert-italic.ufo\/glyphs\/threesuperior.glif":"\/fonts\/Unpacking\/9b17c5ca843da8f00d201bc409d9d9890d8c6d85\/elementasc-expert-italic.ufo\/glyphs\/threesuperior.glif","\/fonts\/Unpacking\/9b17c5ca843da8f00d201bc409d9d9890d8c6d85\/elementasc-expert-italic.ufo\/glyphs\/tilde.glif":"\/fonts\/Unpacking\/9b17c5ca843da8f00d201bc409d9d9890d8c6d85\/elementasc-expert-italic.ufo\/glyphs\/tilde.glif","\/fonts\/Unpacking\/9b17c5ca843da8f00d201bc409d9d9890d8c6d85\/elementasc-expert-italic.ufo\/glyphs\/trademark.glif":"\/fonts\/Unpacking\/9b17c5ca843da8f00d201bc409d9d9890d8c6d85\/elementasc-expert-italic.ufo\/glyphs\/trademark.glif","\/fonts\/Unpacking\/9b17c5ca843da8f00d201bc409d9d9890d8c6d85\/elementasc-expert-italic.ufo\/glyphs\/two.glif":"\/fonts\/Unpacking\/9b17c5ca843da8f00d201bc409d9d9890d8c6d85\/elementasc-expert-italic.ufo\/glyphs\/two.glif","\/fonts\/Unpacking\/9b17c5ca843da8f00d201bc409d9d9890d8c6d85\/elementasc-expert-italic.ufo\/glyphs\/twosuperior.glif":"\/fonts\/Unpacking\/9b17c5ca843da8f00d201bc409d9d9890d8c6d85\/elementasc-expert-italic.ufo\/glyphs\/twosuperior.glif","\/fonts\/Unpacking\/9b17c5ca843da8f00d201bc409d9d9890d8c6d85\/elementasc-expert-italic.ufo\/glyphs\/u.glif":"\/fonts\/Unpacking\/9b17c5ca843da8f00d201bc409d9d9890d8c6d85\/elementasc-expert-italic.ufo\/glyphs\/u.glif","\/fonts\/Unpacking\/9b17c5ca843da8f00d201bc409d9d9890d8c6d85\/elementasc-expert-italic.ufo\/glyphs\/uacute.glif":"\/fonts\/Unpacking\/9b17c5ca843da8f00d201bc409d9d9890d8c6d85\/elementasc-expert-italic.ufo\/glyphs\/uacute.glif","\/fonts\/Unpacking\/9b17c5ca843da8f00d201bc409d9d9890d8c6d85\/elementasc-expert-italic.ufo\/glyphs\/ucircumflex.glif":"\/fonts\/Unpacking\/9b17c5ca843da8f00d201bc409d9d9890d8c6d85\/elementasc-expert-italic.ufo\/glyphs\/ucircumflex.glif","\/fonts\/Unpacking\/9b17c5ca843da8f00d201bc409d9d9890d8c6d85\/elementasc-expert-italic.ufo\/glyphs\/udieresis.glif":"\/fonts\/Unpacking\/9b17c5ca843da8f00d201bc409d9d9890d8c6d85\/elementasc-expert-italic.ufo\/glyphs\/udieresis.glif","\/fonts\/Unpacking\/9b17c5ca843da8f00d201bc409d9d9890d8c6d85\/elementasc-expert-italic.ufo\/glyphs\/ugrave.glif":"\/fonts\/Unpacking\/9b17c5ca843da8f00d201bc409d9d9890d8c6d85\/elementasc-expert-italic.ufo\/glyphs\/ugrave.glif","\/fonts\/Unpacking\/9b17c5ca843da8f00d201bc409d9d9890d8c6d85\/elementasc-expert-italic.ufo\/glyphs\/underscore.glif":"\/fonts\/Unpacking\/9b17c5ca843da8f00d201bc409d9d9890d8c6d85\/elementasc-expert-italic.ufo\/glyphs\/underscore.glif","\/fonts\/Unpacking\/9b17c5ca843da8f00d201bc409d9d9890d8c6d85\/elementasc-expert-italic.ufo\/glyphs\/v.glif":"\/fonts\/Unpacking\/9b17c5ca843da8f00d201bc409d9d9890d8c6d85\/elementasc-expert-italic.ufo\/glyphs\/v.glif","\/fonts\/Unpacking\/9b17c5ca843da8f00d201bc409d9d9890d8c6d85\/elementasc-expert-italic.ufo\/glyphs\/w.glif":"\/fonts\/Unpacking\/9b17c5ca843da8f00d201bc409d9d9890d8c6d85\/elementasc-expert-italic.ufo\/glyphs\/w.glif","\/fonts\/Unpacking\/9b17c5ca843da8f00d201bc409d9d9890d8c6d85\/elementasc-expert-italic.ufo\/glyphs\/x.glif":"\/fonts\/Unpacking\/9b17c5ca843da8f00d201bc409d9d9890d8c6d85\/elementasc-expert-italic.ufo\/glyphs\/x.glif","\/fonts\/Unpacking\/9b17c5ca843da8f00d201bc409d9d9890d8c6d85\/elementasc-expert-italic.ufo\/glyphs\/y.glif":"\/fonts\/Unpacking\/9b17c5ca843da8f00d201bc409d9d9890d8c6d85\/elementasc-expert-italic.ufo\/glyphs\/y.glif","\/fonts\/Unpacking\/9b17c5ca843da8f00d201bc409d9d9890d8c6d85\/elementasc-expert-italic.ufo\/glyphs\/yacute.glif":"\/fonts\/Unpacking\/9b17c5ca843da8f00d201bc409d9d9890d8c6d85\/elementasc-expert-italic.ufo\/glyphs\/yacute.glif","\/fonts\/Unpacking\/9b17c5ca843da8f00d201bc409d9d9890d8c6d85\/elementasc-expert-italic.ufo\/glyphs\/ydieresis.glif":"\/fonts\/Unpacking\/9b17c5ca843da8f00d201bc409d9d9890d8c6d85\/elementasc-expert-italic.ufo\/glyphs\/ydieresis.glif","\/fonts\/Unpacking\/9b17c5ca843da8f00d201bc409d9d9890d8c6d85\/elementasc-expert-italic.ufo\/glyphs\/yen.glif":"\/fonts\/Unpacking\/9b17c5ca843da8f00d201bc409d9d9890d8c6d85\/elementasc-expert-italic.ufo\/glyphs\/yen.glif","\/fonts\/Unpacking\/9b17c5ca843da8f00d201bc409d9d9890d8c6d85\/elementasc-expert-italic.ufo\/glyphs\/z.glif":"\/fonts\/Unpacking\/9b17c5ca843da8f00d201bc409d9d9890d8c6d85\/elementasc-expert-italic.ufo\/glyphs\/z.glif","\/fonts\/Unpacking\/9b17c5ca843da8f00d201bc409d9d9890d8c6d85\/elementasc-expert-italic.ufo\/glyphs\/zcaron.glif":"\/fonts\/Unpacking\/9b17c5ca843da8f00d201bc409d9d9890d8c6d85\/elementasc-expert-italic.ufo\/glyphs\/zcaron.glif","\/fonts\/Unpacking\/9b17c5ca843da8f00d201bc409d9d9890d8c6d85\/elementasc-expert-italic.ufo\/glyphs\/zero.glif":"\/fonts\/Unpacking\/9b17c5ca843da8f00d201bc409d9d9890d8c6d85\/elementasc-expert-italic.ufo\/glyphs\/zero.glif"},"Font":null,"Licences":{"":false},"Table":{"FFTM":{"entryLength":16,"tag":"FFTM","checksum":1944309444,"offset":17456,"length":28},"GDEF":{"entryLength":16,"tag":"GDEF","checksum":19136518,"offset":17424,"length":32},"OS\/2":{"entryLength":16,"tag":"OS\/2","checksum":2008890356,"offset":344,"length":86},"cmap":{"entryLength":16,"tag":"cmap","checksum":3833775820,"offset":936,"length":654},"gasp":{"entryLength":16,"tag":"gasp","checksum":4294901763,"offset":17416,"length":8},"glyf":{"entryLength":16,"tag":"glyf","checksum":993113786,"offset":2088,"length":13808},"head":{"entryLength":16,"tag":"head","checksum":161851059,"offset":220,"length":54},"hhea":{"entryLength":16,"tag":"hhea","checksum":114098572,"offset":276,"length":36},"hmtx":{"entryLength":16,"tag":"hmtx","checksum":333842630,"offset":432,"length":502},"loca":{"entryLength":16,"tag":"loca","checksum":1814460860,"offset":1592,"length":496},"maxp":{"entryLength":16,"tag":"maxp","checksum":22413735,"offset":312,"length":32},"name":{"entryLength":16,"tag":"name","checksum":3990591598,"offset":15896,"length":984},"post":{"entryLength":16,"tag":"post","checksum":2999845433,"offset":16880,"length":536}},"UnicodeCharMap":{"32":3,"33":4,"34":5,"35":6,"36":7,"37":8,"38":9,"39":10,"40":11,"41":12,"42":13,"43":14,"44":15,"45":16,"46":17,"47":18,"48":19,"49":20,"50":21,"51":22,"52":23,"53":24,"54":25,"55":26,"56":27,"57":28,"58":29,"59":30,"60":31,"61":32,"62":33,"63":34,"64":35,"65":36,"66":37,"67":38,"68":39,"69":40,"70":41,"71":42,"72":43,"73":44,"74":45,"75":46,"76":47,"77":48,"78":49,"79":50,"80":51,"81":52,"82":53,"83":54,"84":55,"85":56,"86":57,"87":58,"88":59,"89":60,"90":61,"91":62,"92":63,"93":64,"94":65,"95":66,"96":67,"97":68,"98":69,"99":70,"100":71,"101":72,"102":73,"103":74,"104":75,"105":76,"106":77,"107":78,"108":79,"109":80,"110":81,"111":82,"112":83,"113":84,"114":85,"115":86,"116":87,"117":88,"118":89,"119":90,"120":91,"121":92,"122":93,"123":94,"124":95,"125":96,"126":97,"160":98,"161":99,"162":100,"163":101,"164":102,"165":103,"166":104,"167":105,"168":106,"169":107,"170":108,"171":109,"172":110,"174":111,"175":112,"176":113,"177":114,"178":115,"179":116,"180":117,"182":119,"183":120,"184":121,"185":122,"186":123,"187":124,"188":125,"189":126,"190":127,"191":128,"192":129,"193":130,"194":131,"195":132,"196":133,"197":134,"198":135,"199":136,"200":137,"201":138,"202":139,"203":140,"204":141,"205":142,"206":143,"207":144,"208":145,"209":146,"210":147,"211":148,"212":149,"213":150,"214":151,"215":152,"216":153,"217":154,"218":155,"219":156,"220":157,"221":158,"222":159,"223":160,"224":161,"225":162,"226":163,"227":164,"228":165,"229":166,"230":167,"231":168,"232":169,"233":170,"234":171,"235":172,"236":173,"237":174,"238":175,"239":176,"240":177,"241":178,"242":179,"243":180,"244":181,"245":182,"246":183,"247":184,"248":185,"249":186,"250":187,"251":188,"252":189,"253":190,"254":191,"255":192,"305":222,"321":220,"322":223,"338":221,"339":224,"352":225,"353":226,"376":245,"381":227,"382":228,"402":196,"710":211,"711":218,"728":213,"729":214,"730":215,"731":217,"732":212,"733":216,"916":243,"937":240,"956":118,"960":238,"8211":202,"8212":219,"8216":194,"8217":193,"8218":206,"8220":197,"8221":208,"8222":207,"8224":203,"8225":204,"8226":205,"8230":209,"8240":210,"8249":198,"8250":199,"8260":195,"8482":230,"8706":235,"8719":237,"8721":236,"8722":229,"8730":241,"8734":232,"8747":239,"8776":242,"8800":231,"8804":233,"8805":234,"9674":244,"64257":200,"64258":201},"Reserves":null,"Names":[],"Nodes":[],"Contributors":[],"FontIdentity":"86b6fb680a30d635eb440a7d8bf24720","Bytes":1654821,"Networking":null,"barcode":null,"referee":null}