{"CSS":{"Today Sans Serif Ultra":"76271a1c4fbb2081f7cdc90bf290c06b.css"},"FontType":"TrueType","FontCopyright":"Copyright (c) 1991 Mannesmann Scangraphic GmbH. Today Sans Serif is a trademark of Mannesmann Scangraphic GmbH","FontName":"Today SB Ultra","FontSubfamily":"Ultra","FontSubfamilyID":"FontForge 2.0 : Today Sans Serif Ultra : 2-6-2016","FontFullName":"Today Sans Serif Ultra","FontVersion":"Version 001 ","FontWeight":null,"FontPostscriptName":"TodaySBUltra","Files":{"\/Today Sans Serif Ultra.css":"\/Today Sans Serif Ultra.css","\/font-resource.json":"\/font-resource.json","\/todaysbultra.afm":"\/todaysbultra.afm","\/todaysbultra.bin":"\/todaysbultra.bin","\/todaysbultra.cef":"\/todaysbultra.cef","\/todaysbultra.cff":"\/todaysbultra.cff","\/todaysbultra.dfont":"\/todaysbultra.dfont","\/todaysbultra.eot":"\/todaysbultra.eot","\/todaysbultra.fon":"\/todaysbultra.fon","\/todaysbultra.gai":"\/todaysbultra.gai","\/todaysbultra.gsf":"\/todaysbultra.gsf","\/todaysbultra.hqx":"\/todaysbultra.hqx","\/todaysbultra.ik":"\/todaysbultra.ik","\/todaysbultra.mf":"\/todaysbultra.mf","\/todaysbultra.otf":"\/todaysbultra.otf","\/todaysbultra.pcf":"\/todaysbultra.pcf","\/todaysbultra.pf3":"\/todaysbultra.pf3","\/todaysbultra.pfa":"\/todaysbultra.pfa","\/todaysbultra.pfb":"\/todaysbultra.pfb","\/todaysbultra.php":"\/todaysbultra.php","\/todaysbultra.pmf":"\/todaysbultra.pmf","\/todaysbultra.pt3":"\/todaysbultra.pt3","\/todaysbultra.sfd":"\/todaysbultra.sfd","\/todaysbultra.svg":"\/todaysbultra.svg","\/todaysbultra.t42":"\/todaysbultra.t42","\/todaysbultra.ttd":"\/todaysbultra.ttd","\/todaysbultra.ttf":"\/todaysbultra.ttf","\/todaysbultra.ttg":"\/todaysbultra.ttg","\/todaysbultra.ufm":"\/todaysbultra.ufm","\/todaysbultra.woff":"\/todaysbultra.woff","\/todaysbultra.z":"\/todaysbultra.z","\/todaysbultra.ufo\/feature.fea":"\/todaysbultra.ufo\/feature.fea","\/todaysbultra.ufo\/fontinfo.plist":"\/todaysbultra.ufo\/fontinfo.plist","\/todaysbultra.ufo\/groups.plist":"\/todaysbultra.ufo\/groups.plist","\/todaysbultra.ufo\/kerning.plist":"\/todaysbultra.ufo\/kerning.plist","\/todaysbultra.ufo\/metainfo.plist":"\/todaysbultra.ufo\/metainfo.plist","\/todaysbultra.ufo\/glyphs\/A_.glif":"\/todaysbultra.ufo\/glyphs\/A_.glif","\/todaysbultra.ufo\/glyphs\/A_E_.glif":"\/todaysbultra.ufo\/glyphs\/A_E_.glif","\/todaysbultra.ufo\/glyphs\/A_acute.glif":"\/todaysbultra.ufo\/glyphs\/A_acute.glif","\/todaysbultra.ufo\/glyphs\/A_circumflex.glif":"\/todaysbultra.ufo\/glyphs\/A_circumflex.glif","\/todaysbultra.ufo\/glyphs\/A_dieresis.glif":"\/todaysbultra.ufo\/glyphs\/A_dieresis.glif","\/todaysbultra.ufo\/glyphs\/A_grave.glif":"\/todaysbultra.ufo\/glyphs\/A_grave.glif","\/todaysbultra.ufo\/glyphs\/A_ring.glif":"\/todaysbultra.ufo\/glyphs\/A_ring.glif","\/todaysbultra.ufo\/glyphs\/A_tilde.glif":"\/todaysbultra.ufo\/glyphs\/A_tilde.glif","\/todaysbultra.ufo\/glyphs\/B_.glif":"\/todaysbultra.ufo\/glyphs\/B_.glif","\/todaysbultra.ufo\/glyphs\/C_.glif":"\/todaysbultra.ufo\/glyphs\/C_.glif","\/todaysbultra.ufo\/glyphs\/C_cedilla.glif":"\/todaysbultra.ufo\/glyphs\/C_cedilla.glif","\/todaysbultra.ufo\/glyphs\/D_.glif":"\/todaysbultra.ufo\/glyphs\/D_.glif","\/todaysbultra.ufo\/glyphs\/E_.glif":"\/todaysbultra.ufo\/glyphs\/E_.glif","\/todaysbultra.ufo\/glyphs\/E_acute.glif":"\/todaysbultra.ufo\/glyphs\/E_acute.glif","\/todaysbultra.ufo\/glyphs\/E_circumflex.glif":"\/todaysbultra.ufo\/glyphs\/E_circumflex.glif","\/todaysbultra.ufo\/glyphs\/E_dieresis.glif":"\/todaysbultra.ufo\/glyphs\/E_dieresis.glif","\/todaysbultra.ufo\/glyphs\/E_grave.glif":"\/todaysbultra.ufo\/glyphs\/E_grave.glif","\/todaysbultra.ufo\/glyphs\/E_th.glif":"\/todaysbultra.ufo\/glyphs\/E_th.glif","\/todaysbultra.ufo\/glyphs\/F_.glif":"\/todaysbultra.ufo\/glyphs\/F_.glif","\/todaysbultra.ufo\/glyphs\/G_.glif":"\/todaysbultra.ufo\/glyphs\/G_.glif","\/todaysbultra.ufo\/glyphs\/H_.glif":"\/todaysbultra.ufo\/glyphs\/H_.glif","\/todaysbultra.ufo\/glyphs\/I_.glif":"\/todaysbultra.ufo\/glyphs\/I_.glif","\/todaysbultra.ufo\/glyphs\/I_acute.glif":"\/todaysbultra.ufo\/glyphs\/I_acute.glif","\/todaysbultra.ufo\/glyphs\/I_circumflex.glif":"\/todaysbultra.ufo\/glyphs\/I_circumflex.glif","\/todaysbultra.ufo\/glyphs\/I_dieresis.glif":"\/todaysbultra.ufo\/glyphs\/I_dieresis.glif","\/todaysbultra.ufo\/glyphs\/I_grave.glif":"\/todaysbultra.ufo\/glyphs\/I_grave.glif","\/todaysbultra.ufo\/glyphs\/J_.glif":"\/todaysbultra.ufo\/glyphs\/J_.glif","\/todaysbultra.ufo\/glyphs\/K_.glif":"\/todaysbultra.ufo\/glyphs\/K_.glif","\/todaysbultra.ufo\/glyphs\/L_.glif":"\/todaysbultra.ufo\/glyphs\/L_.glif","\/todaysbultra.ufo\/glyphs\/L_slash.glif":"\/todaysbultra.ufo\/glyphs\/L_slash.glif","\/todaysbultra.ufo\/glyphs\/M_.glif":"\/todaysbultra.ufo\/glyphs\/M_.glif","\/todaysbultra.ufo\/glyphs\/N_.glif":"\/todaysbultra.ufo\/glyphs\/N_.glif","\/todaysbultra.ufo\/glyphs\/N_tilde.glif":"\/todaysbultra.ufo\/glyphs\/N_tilde.glif","\/todaysbultra.ufo\/glyphs\/O_.glif":"\/todaysbultra.ufo\/glyphs\/O_.glif","\/todaysbultra.ufo\/glyphs\/O_E_.glif":"\/todaysbultra.ufo\/glyphs\/O_E_.glif","\/todaysbultra.ufo\/glyphs\/O_acute.glif":"\/todaysbultra.ufo\/glyphs\/O_acute.glif","\/todaysbultra.ufo\/glyphs\/O_circumflex.glif":"\/todaysbultra.ufo\/glyphs\/O_circumflex.glif","\/todaysbultra.ufo\/glyphs\/O_dieresis.glif":"\/todaysbultra.ufo\/glyphs\/O_dieresis.glif","\/todaysbultra.ufo\/glyphs\/O_grave.glif":"\/todaysbultra.ufo\/glyphs\/O_grave.glif","\/todaysbultra.ufo\/glyphs\/O_slash.glif":"\/todaysbultra.ufo\/glyphs\/O_slash.glif","\/todaysbultra.ufo\/glyphs\/O_tilde.glif":"\/todaysbultra.ufo\/glyphs\/O_tilde.glif","\/todaysbultra.ufo\/glyphs\/P_.glif":"\/todaysbultra.ufo\/glyphs\/P_.glif","\/todaysbultra.ufo\/glyphs\/Q_.glif":"\/todaysbultra.ufo\/glyphs\/Q_.glif","\/todaysbultra.ufo\/glyphs\/R_.glif":"\/todaysbultra.ufo\/glyphs\/R_.glif","\/todaysbultra.ufo\/glyphs\/S_.glif":"\/todaysbultra.ufo\/glyphs\/S_.glif","\/todaysbultra.ufo\/glyphs\/S_caron.glif":"\/todaysbultra.ufo\/glyphs\/S_caron.glif","\/todaysbultra.ufo\/glyphs\/T_.glif":"\/todaysbultra.ufo\/glyphs\/T_.glif","\/todaysbultra.ufo\/glyphs\/T_horn.glif":"\/todaysbultra.ufo\/glyphs\/T_horn.glif","\/todaysbultra.ufo\/glyphs\/U_.glif":"\/todaysbultra.ufo\/glyphs\/U_.glif","\/todaysbultra.ufo\/glyphs\/U_acute.glif":"\/todaysbultra.ufo\/glyphs\/U_acute.glif","\/todaysbultra.ufo\/glyphs\/U_circumflex.glif":"\/todaysbultra.ufo\/glyphs\/U_circumflex.glif","\/todaysbultra.ufo\/glyphs\/U_dieresis.glif":"\/todaysbultra.ufo\/glyphs\/U_dieresis.glif","\/todaysbultra.ufo\/glyphs\/U_grave.glif":"\/todaysbultra.ufo\/glyphs\/U_grave.glif","\/todaysbultra.ufo\/glyphs\/V_.glif":"\/todaysbultra.ufo\/glyphs\/V_.glif","\/todaysbultra.ufo\/glyphs\/W_.glif":"\/todaysbultra.ufo\/glyphs\/W_.glif","\/todaysbultra.ufo\/glyphs\/X_.glif":"\/todaysbultra.ufo\/glyphs\/X_.glif","\/todaysbultra.ufo\/glyphs\/Y_.glif":"\/todaysbultra.ufo\/glyphs\/Y_.glif","\/todaysbultra.ufo\/glyphs\/Y_acute.glif":"\/todaysbultra.ufo\/glyphs\/Y_acute.glif","\/todaysbultra.ufo\/glyphs\/Y_dieresis.glif":"\/todaysbultra.ufo\/glyphs\/Y_dieresis.glif","\/todaysbultra.ufo\/glyphs\/Z_.glif":"\/todaysbultra.ufo\/glyphs\/Z_.glif","\/todaysbultra.ufo\/glyphs\/Z_caron.glif":"\/todaysbultra.ufo\/glyphs\/Z_caron.glif","\/todaysbultra.ufo\/glyphs\/_notdef.glif":"\/todaysbultra.ufo\/glyphs\/_notdef.glif","\/todaysbultra.ufo\/glyphs\/a.glif":"\/todaysbultra.ufo\/glyphs\/a.glif","\/todaysbultra.ufo\/glyphs\/aacute.glif":"\/todaysbultra.ufo\/glyphs\/aacute.glif","\/todaysbultra.ufo\/glyphs\/acircumflex.glif":"\/todaysbultra.ufo\/glyphs\/acircumflex.glif","\/todaysbultra.ufo\/glyphs\/acute.glif":"\/todaysbultra.ufo\/glyphs\/acute.glif","\/todaysbultra.ufo\/glyphs\/adieresis.glif":"\/todaysbultra.ufo\/glyphs\/adieresis.glif","\/todaysbultra.ufo\/glyphs\/ae.glif":"\/todaysbultra.ufo\/glyphs\/ae.glif","\/todaysbultra.ufo\/glyphs\/agrave.glif":"\/todaysbultra.ufo\/glyphs\/agrave.glif","\/todaysbultra.ufo\/glyphs\/ampersand.glif":"\/todaysbultra.ufo\/glyphs\/ampersand.glif","\/todaysbultra.ufo\/glyphs\/aring.glif":"\/todaysbultra.ufo\/glyphs\/aring.glif","\/todaysbultra.ufo\/glyphs\/asciicircum.glif":"\/todaysbultra.ufo\/glyphs\/asciicircum.glif","\/todaysbultra.ufo\/glyphs\/asciitilde.glif":"\/todaysbultra.ufo\/glyphs\/asciitilde.glif","\/todaysbultra.ufo\/glyphs\/asterisk.glif":"\/todaysbultra.ufo\/glyphs\/asterisk.glif","\/todaysbultra.ufo\/glyphs\/at.glif":"\/todaysbultra.ufo\/glyphs\/at.glif","\/todaysbultra.ufo\/glyphs\/atilde.glif":"\/todaysbultra.ufo\/glyphs\/atilde.glif","\/todaysbultra.ufo\/glyphs\/b.glif":"\/todaysbultra.ufo\/glyphs\/b.glif","\/todaysbultra.ufo\/glyphs\/backslash.glif":"\/todaysbultra.ufo\/glyphs\/backslash.glif","\/todaysbultra.ufo\/glyphs\/bar.glif":"\/todaysbultra.ufo\/glyphs\/bar.glif","\/todaysbultra.ufo\/glyphs\/braceleft.glif":"\/todaysbultra.ufo\/glyphs\/braceleft.glif","\/todaysbultra.ufo\/glyphs\/braceright.glif":"\/todaysbultra.ufo\/glyphs\/braceright.glif","\/todaysbultra.ufo\/glyphs\/bracketleft.glif":"\/todaysbultra.ufo\/glyphs\/bracketleft.glif","\/todaysbultra.ufo\/glyphs\/bracketright.glif":"\/todaysbultra.ufo\/glyphs\/bracketright.glif","\/todaysbultra.ufo\/glyphs\/breve.glif":"\/todaysbultra.ufo\/glyphs\/breve.glif","\/todaysbultra.ufo\/glyphs\/brokenbar.glif":"\/todaysbultra.ufo\/glyphs\/brokenbar.glif","\/todaysbultra.ufo\/glyphs\/bullet.glif":"\/todaysbultra.ufo\/glyphs\/bullet.glif","\/todaysbultra.ufo\/glyphs\/c.glif":"\/todaysbultra.ufo\/glyphs\/c.glif","\/todaysbultra.ufo\/glyphs\/caron.glif":"\/todaysbultra.ufo\/glyphs\/caron.glif","\/todaysbultra.ufo\/glyphs\/ccedilla.glif":"\/todaysbultra.ufo\/glyphs\/ccedilla.glif","\/todaysbultra.ufo\/glyphs\/cedilla.glif":"\/todaysbultra.ufo\/glyphs\/cedilla.glif","\/todaysbultra.ufo\/glyphs\/cent.glif":"\/todaysbultra.ufo\/glyphs\/cent.glif","\/todaysbultra.ufo\/glyphs\/circumflex.glif":"\/todaysbultra.ufo\/glyphs\/circumflex.glif","\/todaysbultra.ufo\/glyphs\/colon.glif":"\/todaysbultra.ufo\/glyphs\/colon.glif","\/todaysbultra.ufo\/glyphs\/comma.glif":"\/todaysbultra.ufo\/glyphs\/comma.glif","\/todaysbultra.ufo\/glyphs\/contents.plist":"\/todaysbultra.ufo\/glyphs\/contents.plist","\/todaysbultra.ufo\/glyphs\/copyright.glif":"\/todaysbultra.ufo\/glyphs\/copyright.glif","\/todaysbultra.ufo\/glyphs\/currency.glif":"\/todaysbultra.ufo\/glyphs\/currency.glif","\/todaysbultra.ufo\/glyphs\/d.glif":"\/todaysbultra.ufo\/glyphs\/d.glif","\/todaysbultra.ufo\/glyphs\/dagger.glif":"\/todaysbultra.ufo\/glyphs\/dagger.glif","\/todaysbultra.ufo\/glyphs\/daggerdbl.glif":"\/todaysbultra.ufo\/glyphs\/daggerdbl.glif","\/todaysbultra.ufo\/glyphs\/degree.glif":"\/todaysbultra.ufo\/glyphs\/degree.glif","\/todaysbultra.ufo\/glyphs\/dieresis.glif":"\/todaysbultra.ufo\/glyphs\/dieresis.glif","\/todaysbultra.ufo\/glyphs\/divide.glif":"\/todaysbultra.ufo\/glyphs\/divide.glif","\/todaysbultra.ufo\/glyphs\/dollar.glif":"\/todaysbultra.ufo\/glyphs\/dollar.glif","\/todaysbultra.ufo\/glyphs\/dotaccent.glif":"\/todaysbultra.ufo\/glyphs\/dotaccent.glif","\/todaysbultra.ufo\/glyphs\/dotlessi.glif":"\/todaysbultra.ufo\/glyphs\/dotlessi.glif","\/todaysbultra.ufo\/glyphs\/downcommaaccent.glif":"\/todaysbultra.ufo\/glyphs\/downcommaaccent.glif","\/todaysbultra.ufo\/glyphs\/e.glif":"\/todaysbultra.ufo\/glyphs\/e.glif","\/todaysbultra.ufo\/glyphs\/eacute.glif":"\/todaysbultra.ufo\/glyphs\/eacute.glif","\/todaysbultra.ufo\/glyphs\/ecircumflex.glif":"\/todaysbultra.ufo\/glyphs\/ecircumflex.glif","\/todaysbultra.ufo\/glyphs\/edieresis.glif":"\/todaysbultra.ufo\/glyphs\/edieresis.glif","\/todaysbultra.ufo\/glyphs\/egrave.glif":"\/todaysbultra.ufo\/glyphs\/egrave.glif","\/todaysbultra.ufo\/glyphs\/eight.glif":"\/todaysbultra.ufo\/glyphs\/eight.glif","\/todaysbultra.ufo\/glyphs\/ellipsis.glif":"\/todaysbultra.ufo\/glyphs\/ellipsis.glif","\/todaysbultra.ufo\/glyphs\/emdash.glif":"\/todaysbultra.ufo\/glyphs\/emdash.glif","\/todaysbultra.ufo\/glyphs\/endash.glif":"\/todaysbultra.ufo\/glyphs\/endash.glif","\/todaysbultra.ufo\/glyphs\/equal.glif":"\/todaysbultra.ufo\/glyphs\/equal.glif","\/todaysbultra.ufo\/glyphs\/eth.glif":"\/todaysbultra.ufo\/glyphs\/eth.glif","\/todaysbultra.ufo\/glyphs\/exclam.glif":"\/todaysbultra.ufo\/glyphs\/exclam.glif","\/todaysbultra.ufo\/glyphs\/exclamdown.glif":"\/todaysbultra.ufo\/glyphs\/exclamdown.glif","\/todaysbultra.ufo\/glyphs\/f.glif":"\/todaysbultra.ufo\/glyphs\/f.glif","\/todaysbultra.ufo\/glyphs\/fi.glif":"\/todaysbultra.ufo\/glyphs\/fi.glif","\/todaysbultra.ufo\/glyphs\/five.glif":"\/todaysbultra.ufo\/glyphs\/five.glif","\/todaysbultra.ufo\/glyphs\/fl.glif":"\/todaysbultra.ufo\/glyphs\/fl.glif","\/todaysbultra.ufo\/glyphs\/florin.glif":"\/todaysbultra.ufo\/glyphs\/florin.glif","\/todaysbultra.ufo\/glyphs\/four.glif":"\/todaysbultra.ufo\/glyphs\/four.glif","\/todaysbultra.ufo\/glyphs\/fraction.glif":"\/todaysbultra.ufo\/glyphs\/fraction.glif","\/todaysbultra.ufo\/glyphs\/g.glif":"\/todaysbultra.ufo\/glyphs\/g.glif","\/todaysbultra.ufo\/glyphs\/germandbls.glif":"\/todaysbultra.ufo\/glyphs\/germandbls.glif","\/todaysbultra.ufo\/glyphs\/grave.glif":"\/todaysbultra.ufo\/glyphs\/grave.glif","\/todaysbultra.ufo\/glyphs\/greater.glif":"\/todaysbultra.ufo\/glyphs\/greater.glif","\/todaysbultra.ufo\/glyphs\/guillemotleft.glif":"\/todaysbultra.ufo\/glyphs\/guillemotleft.glif","\/todaysbultra.ufo\/glyphs\/guillemotright.glif":"\/todaysbultra.ufo\/glyphs\/guillemotright.glif","\/todaysbultra.ufo\/glyphs\/guilsinglleft.glif":"\/todaysbultra.ufo\/glyphs\/guilsinglleft.glif","\/todaysbultra.ufo\/glyphs\/guilsinglright.glif":"\/todaysbultra.ufo\/glyphs\/guilsinglright.glif","\/todaysbultra.ufo\/glyphs\/h.glif":"\/todaysbultra.ufo\/glyphs\/h.glif","\/todaysbultra.ufo\/glyphs\/hungarumlaut.glif":"\/todaysbultra.ufo\/glyphs\/hungarumlaut.glif","\/todaysbultra.ufo\/glyphs\/hyphen.glif":"\/todaysbultra.ufo\/glyphs\/hyphen.glif","\/todaysbultra.ufo\/glyphs\/i.glif":"\/todaysbultra.ufo\/glyphs\/i.glif","\/todaysbultra.ufo\/glyphs\/iacute.glif":"\/todaysbultra.ufo\/glyphs\/iacute.glif","\/todaysbultra.ufo\/glyphs\/icircumflex.glif":"\/todaysbultra.ufo\/glyphs\/icircumflex.glif","\/todaysbultra.ufo\/glyphs\/idieresis.glif":"\/todaysbultra.ufo\/glyphs\/idieresis.glif","\/todaysbultra.ufo\/glyphs\/igrave.glif":"\/todaysbultra.ufo\/glyphs\/igrave.glif","\/todaysbultra.ufo\/glyphs\/j.glif":"\/todaysbultra.ufo\/glyphs\/j.glif","\/todaysbultra.ufo\/glyphs\/k.glif":"\/todaysbultra.ufo\/glyphs\/k.glif","\/todaysbultra.ufo\/glyphs\/l.glif":"\/todaysbultra.ufo\/glyphs\/l.glif","\/todaysbultra.ufo\/glyphs\/less.glif":"\/todaysbultra.ufo\/glyphs\/less.glif","\/todaysbultra.ufo\/glyphs\/logicalnot.glif":"\/todaysbultra.ufo\/glyphs\/logicalnot.glif","\/todaysbultra.ufo\/glyphs\/lslash.glif":"\/todaysbultra.ufo\/glyphs\/lslash.glif","\/todaysbultra.ufo\/glyphs\/m.glif":"\/todaysbultra.ufo\/glyphs\/m.glif","\/todaysbultra.ufo\/glyphs\/macron.glif":"\/todaysbultra.ufo\/glyphs\/macron.glif","\/todaysbultra.ufo\/glyphs\/minus.glif":"\/todaysbultra.ufo\/glyphs\/minus.glif","\/todaysbultra.ufo\/glyphs\/mu.glif":"\/todaysbultra.ufo\/glyphs\/mu.glif","\/todaysbultra.ufo\/glyphs\/multiply.glif":"\/todaysbultra.ufo\/glyphs\/multiply.glif","\/todaysbultra.ufo\/glyphs\/n.glif":"\/todaysbultra.ufo\/glyphs\/n.glif","\/todaysbultra.ufo\/glyphs\/nine.glif":"\/todaysbultra.ufo\/glyphs\/nine.glif","\/todaysbultra.ufo\/glyphs\/ntilde.glif":"\/todaysbultra.ufo\/glyphs\/ntilde.glif","\/todaysbultra.ufo\/glyphs\/numbersign.glif":"\/todaysbultra.ufo\/glyphs\/numbersign.glif","\/todaysbultra.ufo\/glyphs\/o.glif":"\/todaysbultra.ufo\/glyphs\/o.glif","\/todaysbultra.ufo\/glyphs\/oacute.glif":"\/todaysbultra.ufo\/glyphs\/oacute.glif","\/todaysbultra.ufo\/glyphs\/ocircumflex.glif":"\/todaysbultra.ufo\/glyphs\/ocircumflex.glif","\/todaysbultra.ufo\/glyphs\/odieresis.glif":"\/todaysbultra.ufo\/glyphs\/odieresis.glif","\/todaysbultra.ufo\/glyphs\/oe.glif":"\/todaysbultra.ufo\/glyphs\/oe.glif","\/todaysbultra.ufo\/glyphs\/ogonek.glif":"\/todaysbultra.ufo\/glyphs\/ogonek.glif","\/todaysbultra.ufo\/glyphs\/ograve.glif":"\/todaysbultra.ufo\/glyphs\/ograve.glif","\/todaysbultra.ufo\/glyphs\/one.glif":"\/todaysbultra.ufo\/glyphs\/one.glif","\/todaysbultra.ufo\/glyphs\/onehalf.glif":"\/todaysbultra.ufo\/glyphs\/onehalf.glif","\/todaysbultra.ufo\/glyphs\/onequarter.glif":"\/todaysbultra.ufo\/glyphs\/onequarter.glif","\/todaysbultra.ufo\/glyphs\/onesuperior.glif":"\/todaysbultra.ufo\/glyphs\/onesuperior.glif","\/todaysbultra.ufo\/glyphs\/ordfeminine.glif":"\/todaysbultra.ufo\/glyphs\/ordfeminine.glif","\/todaysbultra.ufo\/glyphs\/ordmasculine.glif":"\/todaysbultra.ufo\/glyphs\/ordmasculine.glif","\/todaysbultra.ufo\/glyphs\/oslash.glif":"\/todaysbultra.ufo\/glyphs\/oslash.glif","\/todaysbultra.ufo\/glyphs\/otilde.glif":"\/todaysbultra.ufo\/glyphs\/otilde.glif","\/todaysbultra.ufo\/glyphs\/p.glif":"\/todaysbultra.ufo\/glyphs\/p.glif","\/todaysbultra.ufo\/glyphs\/paragraph.glif":"\/todaysbultra.ufo\/glyphs\/paragraph.glif","\/todaysbultra.ufo\/glyphs\/parenleft.glif":"\/todaysbultra.ufo\/glyphs\/parenleft.glif","\/todaysbultra.ufo\/glyphs\/parenright.glif":"\/todaysbultra.ufo\/glyphs\/parenright.glif","\/todaysbultra.ufo\/glyphs\/percent.glif":"\/todaysbultra.ufo\/glyphs\/percent.glif","\/todaysbultra.ufo\/glyphs\/period.glif":"\/todaysbultra.ufo\/glyphs\/period.glif","\/todaysbultra.ufo\/glyphs\/periodcentered.glif":"\/todaysbultra.ufo\/glyphs\/periodcentered.glif","\/todaysbultra.ufo\/glyphs\/perthousand.glif":"\/todaysbultra.ufo\/glyphs\/perthousand.glif","\/todaysbultra.ufo\/glyphs\/plus.glif":"\/todaysbultra.ufo\/glyphs\/plus.glif","\/todaysbultra.ufo\/glyphs\/plusminus.glif":"\/todaysbultra.ufo\/glyphs\/plusminus.glif","\/todaysbultra.ufo\/glyphs\/q.glif":"\/todaysbultra.ufo\/glyphs\/q.glif","\/todaysbultra.ufo\/glyphs\/question.glif":"\/todaysbultra.ufo\/glyphs\/question.glif","\/todaysbultra.ufo\/glyphs\/questiondown.glif":"\/todaysbultra.ufo\/glyphs\/questiondown.glif","\/todaysbultra.ufo\/glyphs\/quotedbl.glif":"\/todaysbultra.ufo\/glyphs\/quotedbl.glif","\/todaysbultra.ufo\/glyphs\/quotedblbase.glif":"\/todaysbultra.ufo\/glyphs\/quotedblbase.glif","\/todaysbultra.ufo\/glyphs\/quotedblleft.glif":"\/todaysbultra.ufo\/glyphs\/quotedblleft.glif","\/todaysbultra.ufo\/glyphs\/quotedblright.glif":"\/todaysbultra.ufo\/glyphs\/quotedblright.glif","\/todaysbultra.ufo\/glyphs\/quoteleft.glif":"\/todaysbultra.ufo\/glyphs\/quoteleft.glif","\/todaysbultra.ufo\/glyphs\/quoteright.glif":"\/todaysbultra.ufo\/glyphs\/quoteright.glif","\/todaysbultra.ufo\/glyphs\/quotesinglbase.glif":"\/todaysbultra.ufo\/glyphs\/quotesinglbase.glif","\/todaysbultra.ufo\/glyphs\/quotesingle.glif":"\/todaysbultra.ufo\/glyphs\/quotesingle.glif","\/todaysbultra.ufo\/glyphs\/r.glif":"\/todaysbultra.ufo\/glyphs\/r.glif","\/todaysbultra.ufo\/glyphs\/registered.glif":"\/todaysbultra.ufo\/glyphs\/registered.glif","\/todaysbultra.ufo\/glyphs\/ring.glif":"\/todaysbultra.ufo\/glyphs\/ring.glif","\/todaysbultra.ufo\/glyphs\/s.glif":"\/todaysbultra.ufo\/glyphs\/s.glif","\/todaysbultra.ufo\/glyphs\/scaron.glif":"\/todaysbultra.ufo\/glyphs\/scaron.glif","\/todaysbultra.ufo\/glyphs\/section.glif":"\/todaysbultra.ufo\/glyphs\/section.glif","\/todaysbultra.ufo\/glyphs\/semicolon.glif":"\/todaysbultra.ufo\/glyphs\/semicolon.glif","\/todaysbultra.ufo\/glyphs\/seven.glif":"\/todaysbultra.ufo\/glyphs\/seven.glif","\/todaysbultra.ufo\/glyphs\/six.glif":"\/todaysbultra.ufo\/glyphs\/six.glif","\/todaysbultra.ufo\/glyphs\/slash.glif":"\/todaysbultra.ufo\/glyphs\/slash.glif","\/todaysbultra.ufo\/glyphs\/space.glif":"\/todaysbultra.ufo\/glyphs\/space.glif","\/todaysbultra.ufo\/glyphs\/sterling.glif":"\/todaysbultra.ufo\/glyphs\/sterling.glif","\/todaysbultra.ufo\/glyphs\/steuerstrich.glif":"\/todaysbultra.ufo\/glyphs\/steuerstrich.glif","\/todaysbultra.ufo\/glyphs\/t.glif":"\/todaysbultra.ufo\/glyphs\/t.glif","\/todaysbultra.ufo\/glyphs\/thorn.glif":"\/todaysbultra.ufo\/glyphs\/thorn.glif","\/todaysbultra.ufo\/glyphs\/three.glif":"\/todaysbultra.ufo\/glyphs\/three.glif","\/todaysbultra.ufo\/glyphs\/threequarters.glif":"\/todaysbultra.ufo\/glyphs\/threequarters.glif","\/todaysbultra.ufo\/glyphs\/threesuperior.glif":"\/todaysbultra.ufo\/glyphs\/threesuperior.glif","\/todaysbultra.ufo\/glyphs\/tilde.glif":"\/todaysbultra.ufo\/glyphs\/tilde.glif","\/todaysbultra.ufo\/glyphs\/trademark.glif":"\/todaysbultra.ufo\/glyphs\/trademark.glif","\/todaysbultra.ufo\/glyphs\/two.glif":"\/todaysbultra.ufo\/glyphs\/two.glif","\/todaysbultra.ufo\/glyphs\/twosuperior.glif":"\/todaysbultra.ufo\/glyphs\/twosuperior.glif","\/todaysbultra.ufo\/glyphs\/u.glif":"\/todaysbultra.ufo\/glyphs\/u.glif","\/todaysbultra.ufo\/glyphs\/uacute.glif":"\/todaysbultra.ufo\/glyphs\/uacute.glif","\/todaysbultra.ufo\/glyphs\/ucircumflex.glif":"\/todaysbultra.ufo\/glyphs\/ucircumflex.glif","\/todaysbultra.ufo\/glyphs\/udieresis.glif":"\/todaysbultra.ufo\/glyphs\/udieresis.glif","\/todaysbultra.ufo\/glyphs\/ugrave.glif":"\/todaysbultra.ufo\/glyphs\/ugrave.glif","\/todaysbultra.ufo\/glyphs\/underscore.glif":"\/todaysbultra.ufo\/glyphs\/underscore.glif","\/todaysbultra.ufo\/glyphs\/upcommaaccent.glif":"\/todaysbultra.ufo\/glyphs\/upcommaaccent.glif","\/todaysbultra.ufo\/glyphs\/v.glif":"\/todaysbultra.ufo\/glyphs\/v.glif","\/todaysbultra.ufo\/glyphs\/w.glif":"\/todaysbultra.ufo\/glyphs\/w.glif","\/todaysbultra.ufo\/glyphs\/x.glif":"\/todaysbultra.ufo\/glyphs\/x.glif","\/todaysbultra.ufo\/glyphs\/y.glif":"\/todaysbultra.ufo\/glyphs\/y.glif","\/todaysbultra.ufo\/glyphs\/yacute.glif":"\/todaysbultra.ufo\/glyphs\/yacute.glif","\/todaysbultra.ufo\/glyphs\/ydieresis.glif":"\/todaysbultra.ufo\/glyphs\/ydieresis.glif","\/todaysbultra.ufo\/glyphs\/yen.glif":"\/todaysbultra.ufo\/glyphs\/yen.glif","\/todaysbultra.ufo\/glyphs\/z.glif":"\/todaysbultra.ufo\/glyphs\/z.glif","\/todaysbultra.ufo\/glyphs\/zcaron.glif":"\/todaysbultra.ufo\/glyphs\/zcaron.glif","\/todaysbultra.ufo\/glyphs\/zero.glif":"\/todaysbultra.ufo\/glyphs\/zero.glif"},"Font":{"uploaded":1466009658.9689,"licence":"gpl3","title":"Today SBUltra","version":2.001,"date":"Thu Jun  2 21:17:48 2016","creator":"root","type":"1","matrix":"0.001 0 0 0.001 0 0","named":"TodaySBUltra","painttype":"0","info":"10 dict dup","name":"Today Sans Serif Ultra","family":"Today SB Ultra","weight":"Normal","fstype":"0","italicangle":"0","underlineposition":"","underlinethickness":""},"Licences":{"":false},"Table":{"FFTM":{"entryLength":16,"tag":"FFTM","checksum":1932078986,"offset":24848,"length":28},"GDEF":{"entryLength":16,"tag":"GDEF","checksum":18219014,"offset":24816,"length":32},"OS\/2":{"entryLength":16,"tag":"OS\/2","checksum":1467161325,"offset":344,"length":86},"cmap":{"entryLength":16,"tag":"cmap","checksum":3076056184,"offset":1364,"length":562},"gasp":{"entryLength":16,"tag":"gasp","checksum":4294901763,"offset":24808,"length":8},"glyf":{"entryLength":16,"tag":"glyf","checksum":2069187474,"offset":2396,"length":21000},"head":{"entryLength":16,"tag":"head","checksum":186831043,"offset":220,"length":54},"hhea":{"entryLength":16,"tag":"hhea","checksum":148964597,"offset":276,"length":36},"hmtx":{"entryLength":16,"tag":"hmtx","checksum":4208266928,"offset":432,"length":932},"loca":{"entryLength":16,"tag":"loca","checksum":4173139138,"offset":1928,"length":468},"maxp":{"entryLength":16,"tag":"maxp","checksum":20054119,"offset":312,"length":32},"name":{"entryLength":16,"tag":"name","checksum":4291191401,"offset":23396,"length":867},"post":{"entryLength":16,"tag":"post","checksum":254079424,"offset":24264,"length":543}},"UnicodeCharMap":{"33":3,"34":4,"35":5,"36":6,"37":7,"38":8,"39":9,"40":10,"41":11,"42":12,"43":13,"44":14,"45":15,"46":16,"47":17,"48":18,"49":19,"50":20,"51":21,"52":22,"53":23,"54":24,"55":25,"56":26,"57":27,"58":28,"59":29,"60":30,"61":31,"62":32,"63":33,"64":34,"65":35,"66":36,"67":37,"68":38,"69":39,"70":40,"71":41,"72":42,"73":43,"74":44,"75":45,"76":46,"77":47,"78":48,"79":49,"80":50,"81":51,"82":52,"83":53,"84":54,"85":55,"86":56,"87":57,"88":58,"89":59,"90":60,"91":61,"92":62,"93":63,"94":64,"95":65,"96":66,"97":67,"98":68,"99":69,"100":70,"101":71,"102":72,"103":73,"104":74,"105":75,"106":76,"107":77,"108":78,"109":79,"110":80,"111":81,"112":82,"113":83,"114":84,"115":85,"116":86,"117":87,"118":88,"119":89,"120":90,"121":91,"122":92,"123":93,"124":94,"125":95,"126":96,"161":97,"162":98,"163":99,"164":100,"165":101,"166":102,"167":103,"168":104,"169":105,"170":106,"171":107,"172":108,"174":109,"175":110,"176":111,"177":112,"178":113,"179":114,"180":115,"182":117,"183":118,"184":119,"185":120,"186":121,"187":122,"188":123,"189":124,"190":125,"191":126,"192":127,"193":128,"194":129,"195":130,"196":131,"197":132,"198":133,"199":134,"200":135,"201":136,"202":137,"203":138,"204":139,"205":140,"206":141,"207":142,"208":143,"209":144,"210":145,"211":146,"212":147,"213":148,"214":149,"215":150,"216":151,"217":152,"218":153,"219":154,"220":155,"221":156,"222":157,"223":158,"224":159,"225":160,"226":161,"227":162,"228":163,"229":164,"230":165,"231":166,"232":167,"233":168,"234":169,"235":170,"236":171,"237":172,"238":173,"239":174,"240":175,"241":176,"242":177,"243":178,"244":179,"245":180,"246":181,"247":182,"248":183,"249":184,"250":185,"251":186,"252":187,"253":188,"254":189,"255":190,"305":220,"321":218,"322":221,"338":219,"339":222,"352":223,"353":228,"376":224,"381":225,"382":232,"402":194,"710":209,"711":216,"728":211,"729":212,"730":213,"731":215,"732":210,"733":214,"956":116,"8211":200,"8212":217,"8216":192,"8217":191,"8218":204,"8220":195,"8221":206,"8222":205,"8224":201,"8225":202,"8226":203,"8230":207,"8240":208,"8249":196,"8250":197,"8260":193,"8482":230,"8722":227,"64257":198,"64258":199},"Reserves":{"fontname":"Today Sans Serif Ultra"},"Names":{"Today Sans Serif Ultra":{"name":"Today Sans Serif Ultra","longitude":"0.00000001","latitude":"0.00000001","country":"","region":"","city":""}},"Nodes":{"to":{"type":"typal","node":"to","usage":1,"weight":1},"ay":{"type":"typal","node":"ay","usage":1,"weight":1},"sa":{"type":"typal","node":"sa","usage":1,"weight":1},"ns":{"type":"typal","node":"ns","usage":1,"weight":1},"se":{"type":"typal","node":"se","usage":1,"weight":1},"if":{"type":"typal","node":"if","usage":1,"weight":1},"ul":{"type":"typal","node":"ul","usage":1,"weight":1},"ra":{"type":"typal","node":"ra","usage":1,"weight":1},"tod":{"type":"typal","node":"tod","usage":1,"weight":1},"day":{"type":"typal","node":"day","usage":1,"weight":1},"san":{"type":"typal","node":"san","usage":1,"weight":1},"ans":{"type":"typal","node":"ans","usage":1,"weight":1},"ser":{"type":"typal","node":"ser","usage":1,"weight":1},"rif":{"type":"typal","node":"rif","usage":1,"weight":1},"ult":{"type":"typal","node":"ult","usage":1,"weight":1},"tra":{"type":"typal","node":"tra","usage":1,"weight":1},"toda":{"type":"keys","node":"toda","usage":1,"weight":1},"oday":{"type":"keys","node":"oday","usage":1,"weight":1},"seri":{"type":"keys","node":"seri","usage":1,"weight":1},"erif":{"type":"keys","node":"erif","usage":1,"weight":1},"ultr":{"type":"keys","node":"ultr","usage":1,"weight":1},"ltra":{"type":"keys","node":"ltra","usage":1,"weight":1},"today":{"type":"fixes","node":"today","usage":1,"weight":1},"sans":{"type":"fixes","node":"sans","usage":1,"weight":1},"serif":{"type":"fixes","node":"serif","usage":1,"weight":1},"ultra":{"type":"fixes","node":"ultra","usage":1,"weight":1}},"Contributors":[],"FontIdentity":"76271a1c4fbb2081f7cdc90bf290c06b","Bytes":null,"Networking":[]}