{"CSS":{"Victoria":"qldgovau:5349103ce213eb38e7ae2e6.css"},"FontType":"TrueType","FontCopyright":"N\/A","FontName":"Victoria","FontSubfamily":"Medium","FontSubfamilyID":"FontForge 2.0 : Victoria : 12-8-2016","FontFullName":"Victoria","FontVersion":"Version 001.001 ","FontWeight":null,"FontPostscriptName":"Victoria","Files":{"\/Victoria.css":"\/Victoria.css","\/font-resource.json":"\/font-resource.json","\/victoria.afm":"\/victoria.afm","\/victoria.cef":"\/victoria.cef","\/victoria.cff":"\/victoria.cff","\/victoria.eot":"\/victoria.eot","\/victoria.gai":"\/victoria.gai","\/victoria.gsf":"\/victoria.gsf","\/victoria.otf":"\/victoria.otf","\/victoria.pf3":"\/victoria.pf3","\/victoria.pfa":"\/victoria.pfa","\/victoria.pfb":"\/victoria.pfb","\/victoria.php":"\/victoria.php","\/victoria.pt3":"\/victoria.pt3","\/victoria.sfd":"\/victoria.sfd","\/victoria.svg":"\/victoria.svg","\/victoria.t42":"\/victoria.t42","\/victoria.ttd":"\/victoria.ttd","\/victoria.ttf":"\/victoria.ttf","\/victoria.ttg":"\/victoria.ttg","\/victoria.ufm":"\/victoria.ufm","\/victoria.woff":"\/victoria.woff","\/victoria.z":"\/victoria.z","\/victoria.ufo\/feature.fea":"\/victoria.ufo\/feature.fea","\/victoria.ufo\/fontinfo.plist":"\/victoria.ufo\/fontinfo.plist","\/victoria.ufo\/groups.plist":"\/victoria.ufo\/groups.plist","\/victoria.ufo\/kerning.plist":"\/victoria.ufo\/kerning.plist","\/victoria.ufo\/metainfo.plist":"\/victoria.ufo\/metainfo.plist","\/victoria.ufo\/glyphs\/A_.glif":"\/victoria.ufo\/glyphs\/A_.glif","\/victoria.ufo\/glyphs\/A_E_.glif":"\/victoria.ufo\/glyphs\/A_E_.glif","\/victoria.ufo\/glyphs\/A_acute.glif":"\/victoria.ufo\/glyphs\/A_acute.glif","\/victoria.ufo\/glyphs\/A_circumflex.glif":"\/victoria.ufo\/glyphs\/A_circumflex.glif","\/victoria.ufo\/glyphs\/A_dieresis.glif":"\/victoria.ufo\/glyphs\/A_dieresis.glif","\/victoria.ufo\/glyphs\/A_grave.glif":"\/victoria.ufo\/glyphs\/A_grave.glif","\/victoria.ufo\/glyphs\/A_ring.glif":"\/victoria.ufo\/glyphs\/A_ring.glif","\/victoria.ufo\/glyphs\/A_tilde.glif":"\/victoria.ufo\/glyphs\/A_tilde.glif","\/victoria.ufo\/glyphs\/B_.glif":"\/victoria.ufo\/glyphs\/B_.glif","\/victoria.ufo\/glyphs\/C_.glif":"\/victoria.ufo\/glyphs\/C_.glif","\/victoria.ufo\/glyphs\/C_cedilla.glif":"\/victoria.ufo\/glyphs\/C_cedilla.glif","\/victoria.ufo\/glyphs\/D_.glif":"\/victoria.ufo\/glyphs\/D_.glif","\/victoria.ufo\/glyphs\/D_elta.glif":"\/victoria.ufo\/glyphs\/D_elta.glif","\/victoria.ufo\/glyphs\/E_.glif":"\/victoria.ufo\/glyphs\/E_.glif","\/victoria.ufo\/glyphs\/E_acute.glif":"\/victoria.ufo\/glyphs\/E_acute.glif","\/victoria.ufo\/glyphs\/E_circumflex.glif":"\/victoria.ufo\/glyphs\/E_circumflex.glif","\/victoria.ufo\/glyphs\/E_dieresis.glif":"\/victoria.ufo\/glyphs\/E_dieresis.glif","\/victoria.ufo\/glyphs\/E_grave.glif":"\/victoria.ufo\/glyphs\/E_grave.glif","\/victoria.ufo\/glyphs\/F_.glif":"\/victoria.ufo\/glyphs\/F_.glif","\/victoria.ufo\/glyphs\/G_.glif":"\/victoria.ufo\/glyphs\/G_.glif","\/victoria.ufo\/glyphs\/H_.glif":"\/victoria.ufo\/glyphs\/H_.glif","\/victoria.ufo\/glyphs\/I_.glif":"\/victoria.ufo\/glyphs\/I_.glif","\/victoria.ufo\/glyphs\/I_acute.glif":"\/victoria.ufo\/glyphs\/I_acute.glif","\/victoria.ufo\/glyphs\/I_circumflex.glif":"\/victoria.ufo\/glyphs\/I_circumflex.glif","\/victoria.ufo\/glyphs\/I_dieresis.glif":"\/victoria.ufo\/glyphs\/I_dieresis.glif","\/victoria.ufo\/glyphs\/I_grave.glif":"\/victoria.ufo\/glyphs\/I_grave.glif","\/victoria.ufo\/glyphs\/J_.glif":"\/victoria.ufo\/glyphs\/J_.glif","\/victoria.ufo\/glyphs\/K_.glif":"\/victoria.ufo\/glyphs\/K_.glif","\/victoria.ufo\/glyphs\/L_.glif":"\/victoria.ufo\/glyphs\/L_.glif","\/victoria.ufo\/glyphs\/M_.glif":"\/victoria.ufo\/glyphs\/M_.glif","\/victoria.ufo\/glyphs\/N_.glif":"\/victoria.ufo\/glyphs\/N_.glif","\/victoria.ufo\/glyphs\/N_tilde.glif":"\/victoria.ufo\/glyphs\/N_tilde.glif","\/victoria.ufo\/glyphs\/O_.glif":"\/victoria.ufo\/glyphs\/O_.glif","\/victoria.ufo\/glyphs\/O_E_.glif":"\/victoria.ufo\/glyphs\/O_E_.glif","\/victoria.ufo\/glyphs\/O_acute.glif":"\/victoria.ufo\/glyphs\/O_acute.glif","\/victoria.ufo\/glyphs\/O_circumflex.glif":"\/victoria.ufo\/glyphs\/O_circumflex.glif","\/victoria.ufo\/glyphs\/O_dieresis.glif":"\/victoria.ufo\/glyphs\/O_dieresis.glif","\/victoria.ufo\/glyphs\/O_grave.glif":"\/victoria.ufo\/glyphs\/O_grave.glif","\/victoria.ufo\/glyphs\/O_mega.glif":"\/victoria.ufo\/glyphs\/O_mega.glif","\/victoria.ufo\/glyphs\/O_slash.glif":"\/victoria.ufo\/glyphs\/O_slash.glif","\/victoria.ufo\/glyphs\/O_tilde.glif":"\/victoria.ufo\/glyphs\/O_tilde.glif","\/victoria.ufo\/glyphs\/P_.glif":"\/victoria.ufo\/glyphs\/P_.glif","\/victoria.ufo\/glyphs\/Q_.glif":"\/victoria.ufo\/glyphs\/Q_.glif","\/victoria.ufo\/glyphs\/R_.glif":"\/victoria.ufo\/glyphs\/R_.glif","\/victoria.ufo\/glyphs\/S_.glif":"\/victoria.ufo\/glyphs\/S_.glif","\/victoria.ufo\/glyphs\/T_.glif":"\/victoria.ufo\/glyphs\/T_.glif","\/victoria.ufo\/glyphs\/U_.glif":"\/victoria.ufo\/glyphs\/U_.glif","\/victoria.ufo\/glyphs\/U_acute.glif":"\/victoria.ufo\/glyphs\/U_acute.glif","\/victoria.ufo\/glyphs\/U_circumflex.glif":"\/victoria.ufo\/glyphs\/U_circumflex.glif","\/victoria.ufo\/glyphs\/U_dieresis.glif":"\/victoria.ufo\/glyphs\/U_dieresis.glif","\/victoria.ufo\/glyphs\/U_grave.glif":"\/victoria.ufo\/glyphs\/U_grave.glif","\/victoria.ufo\/glyphs\/V_.glif":"\/victoria.ufo\/glyphs\/V_.glif","\/victoria.ufo\/glyphs\/W_.glif":"\/victoria.ufo\/glyphs\/W_.glif","\/victoria.ufo\/glyphs\/X_.glif":"\/victoria.ufo\/glyphs\/X_.glif","\/victoria.ufo\/glyphs\/Y_.glif":"\/victoria.ufo\/glyphs\/Y_.glif","\/victoria.ufo\/glyphs\/Y_dieresis.glif":"\/victoria.ufo\/glyphs\/Y_dieresis.glif","\/victoria.ufo\/glyphs\/Z_.glif":"\/victoria.ufo\/glyphs\/Z_.glif","\/victoria.ufo\/glyphs\/a.glif":"\/victoria.ufo\/glyphs\/a.glif","\/victoria.ufo\/glyphs\/aacute.glif":"\/victoria.ufo\/glyphs\/aacute.glif","\/victoria.ufo\/glyphs\/acircumflex.glif":"\/victoria.ufo\/glyphs\/acircumflex.glif","\/victoria.ufo\/glyphs\/acute.glif":"\/victoria.ufo\/glyphs\/acute.glif","\/victoria.ufo\/glyphs\/adieresis.glif":"\/victoria.ufo\/glyphs\/adieresis.glif","\/victoria.ufo\/glyphs\/ae.glif":"\/victoria.ufo\/glyphs\/ae.glif","\/victoria.ufo\/glyphs\/agrave.glif":"\/victoria.ufo\/glyphs\/agrave.glif","\/victoria.ufo\/glyphs\/ampersand.glif":"\/victoria.ufo\/glyphs\/ampersand.glif","\/victoria.ufo\/glyphs\/apple.glif":"\/victoria.ufo\/glyphs\/apple.glif","\/victoria.ufo\/glyphs\/approxequal.glif":"\/victoria.ufo\/glyphs\/approxequal.glif","\/victoria.ufo\/glyphs\/aring.glif":"\/victoria.ufo\/glyphs\/aring.glif","\/victoria.ufo\/glyphs\/asciicircum.glif":"\/victoria.ufo\/glyphs\/asciicircum.glif","\/victoria.ufo\/glyphs\/asciitilde.glif":"\/victoria.ufo\/glyphs\/asciitilde.glif","\/victoria.ufo\/glyphs\/asterisk.glif":"\/victoria.ufo\/glyphs\/asterisk.glif","\/victoria.ufo\/glyphs\/at.glif":"\/victoria.ufo\/glyphs\/at.glif","\/victoria.ufo\/glyphs\/atilde.glif":"\/victoria.ufo\/glyphs\/atilde.glif","\/victoria.ufo\/glyphs\/b.glif":"\/victoria.ufo\/glyphs\/b.glif","\/victoria.ufo\/glyphs\/backslash.glif":"\/victoria.ufo\/glyphs\/backslash.glif","\/victoria.ufo\/glyphs\/bar.glif":"\/victoria.ufo\/glyphs\/bar.glif","\/victoria.ufo\/glyphs\/braceleft.glif":"\/victoria.ufo\/glyphs\/braceleft.glif","\/victoria.ufo\/glyphs\/braceright.glif":"\/victoria.ufo\/glyphs\/braceright.glif","\/victoria.ufo\/glyphs\/bracketleft.glif":"\/victoria.ufo\/glyphs\/bracketleft.glif","\/victoria.ufo\/glyphs\/bracketright.glif":"\/victoria.ufo\/glyphs\/bracketright.glif","\/victoria.ufo\/glyphs\/bullet.glif":"\/victoria.ufo\/glyphs\/bullet.glif","\/victoria.ufo\/glyphs\/c.glif":"\/victoria.ufo\/glyphs\/c.glif","\/victoria.ufo\/glyphs\/ccedilla.glif":"\/victoria.ufo\/glyphs\/ccedilla.glif","\/victoria.ufo\/glyphs\/cent.glif":"\/victoria.ufo\/glyphs\/cent.glif","\/victoria.ufo\/glyphs\/circumflex.glif":"\/victoria.ufo\/glyphs\/circumflex.glif","\/victoria.ufo\/glyphs\/colon.glif":"\/victoria.ufo\/glyphs\/colon.glif","\/victoria.ufo\/glyphs\/comma.glif":"\/victoria.ufo\/glyphs\/comma.glif","\/victoria.ufo\/glyphs\/contents.plist":"\/victoria.ufo\/glyphs\/contents.plist","\/victoria.ufo\/glyphs\/d.glif":"\/victoria.ufo\/glyphs\/d.glif","\/victoria.ufo\/glyphs\/dagger.glif":"\/victoria.ufo\/glyphs\/dagger.glif","\/victoria.ufo\/glyphs\/dieresis.glif":"\/victoria.ufo\/glyphs\/dieresis.glif","\/victoria.ufo\/glyphs\/divide.glif":"\/victoria.ufo\/glyphs\/divide.glif","\/victoria.ufo\/glyphs\/dollar.glif":"\/victoria.ufo\/glyphs\/dollar.glif","\/victoria.ufo\/glyphs\/dotlessi.glif":"\/victoria.ufo\/glyphs\/dotlessi.glif","\/victoria.ufo\/glyphs\/e.glif":"\/victoria.ufo\/glyphs\/e.glif","\/victoria.ufo\/glyphs\/eacute.glif":"\/victoria.ufo\/glyphs\/eacute.glif","\/victoria.ufo\/glyphs\/ecircumflex.glif":"\/victoria.ufo\/glyphs\/ecircumflex.glif","\/victoria.ufo\/glyphs\/edieresis.glif":"\/victoria.ufo\/glyphs\/edieresis.glif","\/victoria.ufo\/glyphs\/egrave.glif":"\/victoria.ufo\/glyphs\/egrave.glif","\/victoria.ufo\/glyphs\/eight.glif":"\/victoria.ufo\/glyphs\/eight.glif","\/victoria.ufo\/glyphs\/ellipsis.glif":"\/victoria.ufo\/glyphs\/ellipsis.glif","\/victoria.ufo\/glyphs\/emdash.glif":"\/victoria.ufo\/glyphs\/emdash.glif","\/victoria.ufo\/glyphs\/endash.glif":"\/victoria.ufo\/glyphs\/endash.glif","\/victoria.ufo\/glyphs\/equal.glif":"\/victoria.ufo\/glyphs\/equal.glif","\/victoria.ufo\/glyphs\/exclam.glif":"\/victoria.ufo\/glyphs\/exclam.glif","\/victoria.ufo\/glyphs\/f.glif":"\/victoria.ufo\/glyphs\/f.glif","\/victoria.ufo\/glyphs\/five.glif":"\/victoria.ufo\/glyphs\/five.glif","\/victoria.ufo\/glyphs\/four.glif":"\/victoria.ufo\/glyphs\/four.glif","\/victoria.ufo\/glyphs\/fraction.glif":"\/victoria.ufo\/glyphs\/fraction.glif","\/victoria.ufo\/glyphs\/g.glif":"\/victoria.ufo\/glyphs\/g.glif","\/victoria.ufo\/glyphs\/germandbls.glif":"\/victoria.ufo\/glyphs\/germandbls.glif","\/victoria.ufo\/glyphs\/grave.glif":"\/victoria.ufo\/glyphs\/grave.glif","\/victoria.ufo\/glyphs\/greater.glif":"\/victoria.ufo\/glyphs\/greater.glif","\/victoria.ufo\/glyphs\/greaterequal.glif":"\/victoria.ufo\/glyphs\/greaterequal.glif","\/victoria.ufo\/glyphs\/h.glif":"\/victoria.ufo\/glyphs\/h.glif","\/victoria.ufo\/glyphs\/hyphen.glif":"\/victoria.ufo\/glyphs\/hyphen.glif","\/victoria.ufo\/glyphs\/i.glif":"\/victoria.ufo\/glyphs\/i.glif","\/victoria.ufo\/glyphs\/iacute.glif":"\/victoria.ufo\/glyphs\/iacute.glif","\/victoria.ufo\/glyphs\/icircumflex.glif":"\/victoria.ufo\/glyphs\/icircumflex.glif","\/victoria.ufo\/glyphs\/idieresis.glif":"\/victoria.ufo\/glyphs\/idieresis.glif","\/victoria.ufo\/glyphs\/igrave.glif":"\/victoria.ufo\/glyphs\/igrave.glif","\/victoria.ufo\/glyphs\/infinity.glif":"\/victoria.ufo\/glyphs\/infinity.glif","\/victoria.ufo\/glyphs\/integral.glif":"\/victoria.ufo\/glyphs\/integral.glif","\/victoria.ufo\/glyphs\/j.glif":"\/victoria.ufo\/glyphs\/j.glif","\/victoria.ufo\/glyphs\/k.glif":"\/victoria.ufo\/glyphs\/k.glif","\/victoria.ufo\/glyphs\/l.glif":"\/victoria.ufo\/glyphs\/l.glif","\/victoria.ufo\/glyphs\/less.glif":"\/victoria.ufo\/glyphs\/less.glif","\/victoria.ufo\/glyphs\/lessequal.glif":"\/victoria.ufo\/glyphs\/lessequal.glif","\/victoria.ufo\/glyphs\/lozenge.glif":"\/victoria.ufo\/glyphs\/lozenge.glif","\/victoria.ufo\/glyphs\/m.glif":"\/victoria.ufo\/glyphs\/m.glif","\/victoria.ufo\/glyphs\/mu.glif":"\/victoria.ufo\/glyphs\/mu.glif","\/victoria.ufo\/glyphs\/n.glif":"\/victoria.ufo\/glyphs\/n.glif","\/victoria.ufo\/glyphs\/nbspace.glif":"\/victoria.ufo\/glyphs\/nbspace.glif","\/victoria.ufo\/glyphs\/nine.glif":"\/victoria.ufo\/glyphs\/nine.glif","\/victoria.ufo\/glyphs\/notequal.glif":"\/victoria.ufo\/glyphs\/notequal.glif","\/victoria.ufo\/glyphs\/ntilde.glif":"\/victoria.ufo\/glyphs\/ntilde.glif","\/victoria.ufo\/glyphs\/numbersign.glif":"\/victoria.ufo\/glyphs\/numbersign.glif","\/victoria.ufo\/glyphs\/o.glif":"\/victoria.ufo\/glyphs\/o.glif","\/victoria.ufo\/glyphs\/oacute.glif":"\/victoria.ufo\/glyphs\/oacute.glif","\/victoria.ufo\/glyphs\/ocircumflex.glif":"\/victoria.ufo\/glyphs\/ocircumflex.glif","\/victoria.ufo\/glyphs\/odieresis.glif":"\/victoria.ufo\/glyphs\/odieresis.glif","\/victoria.ufo\/glyphs\/oe.glif":"\/victoria.ufo\/glyphs\/oe.glif","\/victoria.ufo\/glyphs\/ograve.glif":"\/victoria.ufo\/glyphs\/ograve.glif","\/victoria.ufo\/glyphs\/one.glif":"\/victoria.ufo\/glyphs\/one.glif","\/victoria.ufo\/glyphs\/oslash.glif":"\/victoria.ufo\/glyphs\/oslash.glif","\/victoria.ufo\/glyphs\/otilde.glif":"\/victoria.ufo\/glyphs\/otilde.glif","\/victoria.ufo\/glyphs\/p.glif":"\/victoria.ufo\/glyphs\/p.glif","\/victoria.ufo\/glyphs\/parenleft.glif":"\/victoria.ufo\/glyphs\/parenleft.glif","\/victoria.ufo\/glyphs\/parenright.glif":"\/victoria.ufo\/glyphs\/parenright.glif","\/victoria.ufo\/glyphs\/partialdiff.glif":"\/victoria.ufo\/glyphs\/partialdiff.glif","\/victoria.ufo\/glyphs\/percent.glif":"\/victoria.ufo\/glyphs\/percent.glif","\/victoria.ufo\/glyphs\/period.glif":"\/victoria.ufo\/glyphs\/period.glif","\/victoria.ufo\/glyphs\/periodcentered.glif":"\/victoria.ufo\/glyphs\/periodcentered.glif","\/victoria.ufo\/glyphs\/pi.glif":"\/victoria.ufo\/glyphs\/pi.glif","\/victoria.ufo\/glyphs\/plus.glif":"\/victoria.ufo\/glyphs\/plus.glif","\/victoria.ufo\/glyphs\/plusminus.glif":"\/victoria.ufo\/glyphs\/plusminus.glif","\/victoria.ufo\/glyphs\/product.glif":"\/victoria.ufo\/glyphs\/product.glif","\/victoria.ufo\/glyphs\/q.glif":"\/victoria.ufo\/glyphs\/q.glif","\/victoria.ufo\/glyphs\/question.glif":"\/victoria.ufo\/glyphs\/question.glif","\/victoria.ufo\/glyphs\/quotedbl.glif":"\/victoria.ufo\/glyphs\/quotedbl.glif","\/victoria.ufo\/glyphs\/quotedblleft.glif":"\/victoria.ufo\/glyphs\/quotedblleft.glif","\/victoria.ufo\/glyphs\/quotedblright.glif":"\/victoria.ufo\/glyphs\/quotedblright.glif","\/victoria.ufo\/glyphs\/quoteleft.glif":"\/victoria.ufo\/glyphs\/quoteleft.glif","\/victoria.ufo\/glyphs\/quoteright.glif":"\/victoria.ufo\/glyphs\/quoteright.glif","\/victoria.ufo\/glyphs\/quotesingle.glif":"\/victoria.ufo\/glyphs\/quotesingle.glif","\/victoria.ufo\/glyphs\/r.glif":"\/victoria.ufo\/glyphs\/r.glif","\/victoria.ufo\/glyphs\/radical.glif":"\/victoria.ufo\/glyphs\/radical.glif","\/victoria.ufo\/glyphs\/ring.glif":"\/victoria.ufo\/glyphs\/ring.glif","\/victoria.ufo\/glyphs\/s.glif":"\/victoria.ufo\/glyphs\/s.glif","\/victoria.ufo\/glyphs\/semicolon.glif":"\/victoria.ufo\/glyphs\/semicolon.glif","\/victoria.ufo\/glyphs\/seven.glif":"\/victoria.ufo\/glyphs\/seven.glif","\/victoria.ufo\/glyphs\/six.glif":"\/victoria.ufo\/glyphs\/six.glif","\/victoria.ufo\/glyphs\/slash.glif":"\/victoria.ufo\/glyphs\/slash.glif","\/victoria.ufo\/glyphs\/space.glif":"\/victoria.ufo\/glyphs\/space.glif","\/victoria.ufo\/glyphs\/sterling.glif":"\/victoria.ufo\/glyphs\/sterling.glif","\/victoria.ufo\/glyphs\/summation.glif":"\/victoria.ufo\/glyphs\/summation.glif","\/victoria.ufo\/glyphs\/t.glif":"\/victoria.ufo\/glyphs\/t.glif","\/victoria.ufo\/glyphs\/three.glif":"\/victoria.ufo\/glyphs\/three.glif","\/victoria.ufo\/glyphs\/tilde.glif":"\/victoria.ufo\/glyphs\/tilde.glif","\/victoria.ufo\/glyphs\/two.glif":"\/victoria.ufo\/glyphs\/two.glif","\/victoria.ufo\/glyphs\/u.glif":"\/victoria.ufo\/glyphs\/u.glif","\/victoria.ufo\/glyphs\/uacute.glif":"\/victoria.ufo\/glyphs\/uacute.glif","\/victoria.ufo\/glyphs\/ucircumflex.glif":"\/victoria.ufo\/glyphs\/ucircumflex.glif","\/victoria.ufo\/glyphs\/udieresis.glif":"\/victoria.ufo\/glyphs\/udieresis.glif","\/victoria.ufo\/glyphs\/ugrave.glif":"\/victoria.ufo\/glyphs\/ugrave.glif","\/victoria.ufo\/glyphs\/underscore.glif":"\/victoria.ufo\/glyphs\/underscore.glif","\/victoria.ufo\/glyphs\/v.glif":"\/victoria.ufo\/glyphs\/v.glif","\/victoria.ufo\/glyphs\/w.glif":"\/victoria.ufo\/glyphs\/w.glif","\/victoria.ufo\/glyphs\/x.glif":"\/victoria.ufo\/glyphs\/x.glif","\/victoria.ufo\/glyphs\/y.glif":"\/victoria.ufo\/glyphs\/y.glif","\/victoria.ufo\/glyphs\/ydieresis.glif":"\/victoria.ufo\/glyphs\/ydieresis.glif","\/victoria.ufo\/glyphs\/z.glif":"\/victoria.ufo\/glyphs\/z.glif","\/victoria.ufo\/glyphs\/zero.glif":"\/victoria.ufo\/glyphs\/zero.glif"},"Font":{"uploaded":1471139646.2961,"licence":"gpl3","company":"Chronolabs Cooperative","title":"Victoria","version":3.002,"date":"Fri Aug 12 10:18:28 2016","creator":"root","type":"1","matrix":"0.001 0 0 0.001 0 0","named":"Victoria","painttype":"0","info":"10 dict dup","name":"Victoria","family":"Victoria","weight":"Medium","fstype":"0","italicangle":"0","underlineposition":"","underlinethickness":""},"Licences":{"":false},"Table":{"FFTM":{"entryLength":16,"tag":"FFTM","checksum":1944369464,"offset":30152,"length":28},"GDEF":{"entryLength":16,"tag":"GDEF","checksum":15728646,"offset":30120,"length":32},"OS\/2":{"entryLength":16,"tag":"OS\/2","checksum":2007762457,"offset":344,"length":86},"cmap":{"entryLength":16,"tag":"cmap","checksum":4081160904,"offset":1212,"length":650},"gasp":{"entryLength":16,"tag":"gasp","checksum":4294901763,"offset":30112,"length":8},"glyf":{"entryLength":16,"tag":"glyf","checksum":62443310,"offset":2256,"length":26972},"head":{"entryLength":16,"tag":"head","checksum":178787203,"offset":220,"length":54},"hhea":{"entryLength":16,"tag":"hhea","checksum":135136152,"offset":276,"length":36},"hmtx":{"entryLength":16,"tag":"hmtx","checksum":1672290017,"offset":432,"length":780},"loca":{"entryLength":16,"tag":"loca","checksum":2217320216,"offset":1864,"length":392},"maxp":{"entryLength":16,"tag":"maxp","checksum":17432677,"offset":312,"length":32},"name":{"entryLength":16,"tag":"name","checksum":3338110917,"offset":29228,"length":450},"post":{"entryLength":16,"tag":"post","checksum":2658987427,"offset":29680,"length":432}},"UnicodeCharMap":{"32":3,"33":4,"34":5,"35":6,"36":7,"37":8,"38":9,"39":10,"40":11,"41":12,"42":13,"43":14,"44":15,"45":16,"46":17,"47":18,"48":19,"49":20,"50":21,"51":22,"52":23,"53":24,"54":25,"55":26,"56":27,"57":28,"58":29,"59":30,"60":31,"61":32,"62":33,"63":34,"64":35,"65":36,"66":37,"67":38,"68":39,"69":40,"70":41,"71":42,"72":43,"73":44,"74":45,"75":46,"76":47,"77":48,"78":49,"79":50,"80":51,"81":52,"82":53,"83":54,"84":55,"85":56,"86":57,"87":58,"88":59,"89":60,"90":61,"91":62,"92":63,"93":64,"94":65,"95":66,"96":67,"97":68,"98":69,"99":70,"100":71,"101":72,"102":73,"103":74,"104":75,"105":76,"106":77,"107":78,"108":79,"109":80,"110":81,"111":82,"112":83,"113":84,"114":85,"115":86,"116":87,"117":88,"118":89,"119":90,"120":91,"121":92,"122":93,"123":94,"124":95,"125":96,"126":97,"160":98,"162":99,"163":100,"168":101,"177":102,"180":103,"183":105,"192":106,"193":107,"194":108,"195":109,"196":110,"197":111,"198":112,"199":113,"200":114,"201":115,"202":116,"203":117,"204":118,"205":119,"206":120,"207":121,"209":122,"210":123,"211":124,"212":125,"213":126,"214":127,"216":128,"217":129,"218":130,"219":131,"220":132,"223":133,"224":134,"225":135,"226":136,"227":137,"228":138,"229":139,"230":140,"231":141,"232":142,"233":143,"234":144,"235":145,"236":146,"237":147,"238":148,"239":149,"241":150,"242":151,"243":152,"244":153,"245":154,"246":155,"247":156,"248":157,"249":158,"250":159,"251":160,"252":161,"255":162,"305":177,"338":176,"339":178,"376":193,"710":172,"730":174,"732":173,"916":191,"937":188,"956":104,"960":186,"8211":167,"8212":175,"8216":164,"8217":163,"8220":166,"8221":170,"8224":168,"8226":169,"8230":171,"8260":165,"8706":183,"8719":185,"8721":184,"8730":189,"8734":180,"8747":187,"8776":190,"8800":179,"8804":181,"8805":182,"9674":192},"Reserves":{"fontname":"Victoria"},"Names":{"Victoria":{"name":"Victoria","longitude":"0.00000001","latitude":"0.00000001","country":"","region":"","city":""}},"Nodes":{"vi":{"type":"typal","node":"vi","usage":1,"weight":1},"ia":{"type":"typal","node":"ia","usage":1,"weight":1},"vic":{"type":"typal","node":"vic","usage":1,"weight":1},"ria":{"type":"typal","node":"ria","usage":1,"weight":1},"vict":{"type":"keys","node":"vict","usage":1,"weight":1},"oria":{"type":"keys","node":"oria","usage":1,"weight":1},"victo":{"type":"keys","node":"victo","usage":1,"weight":1},"toria":{"type":"keys","node":"toria","usage":1,"weight":1},"victoria":{"type":"fixes","node":"victoria","usage":1,"weight":1}},"Contributors":[],"FontIdentity":"qldgovau:5349103ce213eb38e7ae2e6","Bytes":null,"Networking":[],"barcode":"aukow8cqw74e","referee":"ieoeyoc"}