{"CSS":{"AlexonMediumTab":"AlexonMediumTab.css","Alexon Medium Tab":"aphgovau:e6cc6bda0464543de1d3770.css"},"FontType":"TrueType","FontCopyright":"Copr. 1993 Red Rooster Typefounders","FontName":"AlexonMediumTab","FontSubfamily":"MediumTab","FontSubfamilyID":"FontForge 2.0 : AlexonMediumTab : 12-8-2016","FontFullName":"Alexon Medium Tab","FontVersion":"Version Tab Version June 199 ","FontWeight":null,"FontPostscriptName":"AlexonMediumTab","Files":{"\/AlexonMediumTab.css":"\/AlexonMediumTab.css","\/alexonmediumtab.afm":"\/alexonmediumtab.afm","\/alexonmediumtab.cef":"\/alexonmediumtab.cef","\/alexonmediumtab.cff":"\/alexonmediumtab.cff","\/alexonmediumtab.eot":"\/alexonmediumtab.eot","\/alexonmediumtab.gai":"\/alexonmediumtab.gai","\/alexonmediumtab.gsf":"\/alexonmediumtab.gsf","\/alexonmediumtab.otf":"\/alexonmediumtab.otf","\/alexonmediumtab.pf3":"\/alexonmediumtab.pf3","\/alexonmediumtab.pfa":"\/alexonmediumtab.pfa","\/alexonmediumtab.pfb":"\/alexonmediumtab.pfb","\/alexonmediumtab.php":"\/alexonmediumtab.php","\/alexonmediumtab.pt3":"\/alexonmediumtab.pt3","\/alexonmediumtab.sfd":"\/alexonmediumtab.sfd","\/alexonmediumtab.svg":"\/alexonmediumtab.svg","\/alexonmediumtab.t42":"\/alexonmediumtab.t42","\/alexonmediumtab.ttd":"\/alexonmediumtab.ttd","\/alexonmediumtab.ttf":"\/alexonmediumtab.ttf","\/alexonmediumtab.ttg":"\/alexonmediumtab.ttg","\/alexonmediumtab.ufm":"\/alexonmediumtab.ufm","\/alexonmediumtab.woff":"\/alexonmediumtab.woff","\/alexonmediumtab.z":"\/alexonmediumtab.z","\/font-resource.json":"\/font-resource.json","\/alexonmediumtab.ufo\/feature.fea":"\/alexonmediumtab.ufo\/feature.fea","\/alexonmediumtab.ufo\/fontinfo.plist":"\/alexonmediumtab.ufo\/fontinfo.plist","\/alexonmediumtab.ufo\/groups.plist":"\/alexonmediumtab.ufo\/groups.plist","\/alexonmediumtab.ufo\/kerning.plist":"\/alexonmediumtab.ufo\/kerning.plist","\/alexonmediumtab.ufo\/metainfo.plist":"\/alexonmediumtab.ufo\/metainfo.plist","\/alexonmediumtab.ufo\/glyphs\/A_.glif":"\/alexonmediumtab.ufo\/glyphs\/A_.glif","\/alexonmediumtab.ufo\/glyphs\/A_E_.glif":"\/alexonmediumtab.ufo\/glyphs\/A_E_.glif","\/alexonmediumtab.ufo\/glyphs\/A_acute.glif":"\/alexonmediumtab.ufo\/glyphs\/A_acute.glif","\/alexonmediumtab.ufo\/glyphs\/A_circumflex.glif":"\/alexonmediumtab.ufo\/glyphs\/A_circumflex.glif","\/alexonmediumtab.ufo\/glyphs\/A_dieresis.glif":"\/alexonmediumtab.ufo\/glyphs\/A_dieresis.glif","\/alexonmediumtab.ufo\/glyphs\/A_grave.glif":"\/alexonmediumtab.ufo\/glyphs\/A_grave.glif","\/alexonmediumtab.ufo\/glyphs\/A_ring.glif":"\/alexonmediumtab.ufo\/glyphs\/A_ring.glif","\/alexonmediumtab.ufo\/glyphs\/A_tilde.glif":"\/alexonmediumtab.ufo\/glyphs\/A_tilde.glif","\/alexonmediumtab.ufo\/glyphs\/B_.glif":"\/alexonmediumtab.ufo\/glyphs\/B_.glif","\/alexonmediumtab.ufo\/glyphs\/C_.glif":"\/alexonmediumtab.ufo\/glyphs\/C_.glif","\/alexonmediumtab.ufo\/glyphs\/C_cedilla.glif":"\/alexonmediumtab.ufo\/glyphs\/C_cedilla.glif","\/alexonmediumtab.ufo\/glyphs\/D_.glif":"\/alexonmediumtab.ufo\/glyphs\/D_.glif","\/alexonmediumtab.ufo\/glyphs\/D_elta.glif":"\/alexonmediumtab.ufo\/glyphs\/D_elta.glif","\/alexonmediumtab.ufo\/glyphs\/E_.glif":"\/alexonmediumtab.ufo\/glyphs\/E_.glif","\/alexonmediumtab.ufo\/glyphs\/E_acute.glif":"\/alexonmediumtab.ufo\/glyphs\/E_acute.glif","\/alexonmediumtab.ufo\/glyphs\/E_circumflex.glif":"\/alexonmediumtab.ufo\/glyphs\/E_circumflex.glif","\/alexonmediumtab.ufo\/glyphs\/E_dieresis.glif":"\/alexonmediumtab.ufo\/glyphs\/E_dieresis.glif","\/alexonmediumtab.ufo\/glyphs\/E_grave.glif":"\/alexonmediumtab.ufo\/glyphs\/E_grave.glif","\/alexonmediumtab.ufo\/glyphs\/F_.glif":"\/alexonmediumtab.ufo\/glyphs\/F_.glif","\/alexonmediumtab.ufo\/glyphs\/G_.glif":"\/alexonmediumtab.ufo\/glyphs\/G_.glif","\/alexonmediumtab.ufo\/glyphs\/H_.glif":"\/alexonmediumtab.ufo\/glyphs\/H_.glif","\/alexonmediumtab.ufo\/glyphs\/I_.glif":"\/alexonmediumtab.ufo\/glyphs\/I_.glif","\/alexonmediumtab.ufo\/glyphs\/I_acute.glif":"\/alexonmediumtab.ufo\/glyphs\/I_acute.glif","\/alexonmediumtab.ufo\/glyphs\/I_circumflex.glif":"\/alexonmediumtab.ufo\/glyphs\/I_circumflex.glif","\/alexonmediumtab.ufo\/glyphs\/I_dieresis.glif":"\/alexonmediumtab.ufo\/glyphs\/I_dieresis.glif","\/alexonmediumtab.ufo\/glyphs\/I_grave.glif":"\/alexonmediumtab.ufo\/glyphs\/I_grave.glif","\/alexonmediumtab.ufo\/glyphs\/J_.glif":"\/alexonmediumtab.ufo\/glyphs\/J_.glif","\/alexonmediumtab.ufo\/glyphs\/K_.glif":"\/alexonmediumtab.ufo\/glyphs\/K_.glif","\/alexonmediumtab.ufo\/glyphs\/L_.glif":"\/alexonmediumtab.ufo\/glyphs\/L_.glif","\/alexonmediumtab.ufo\/glyphs\/M_.glif":"\/alexonmediumtab.ufo\/glyphs\/M_.glif","\/alexonmediumtab.ufo\/glyphs\/N_.glif":"\/alexonmediumtab.ufo\/glyphs\/N_.glif","\/alexonmediumtab.ufo\/glyphs\/N_tilde.glif":"\/alexonmediumtab.ufo\/glyphs\/N_tilde.glif","\/alexonmediumtab.ufo\/glyphs\/O_.glif":"\/alexonmediumtab.ufo\/glyphs\/O_.glif","\/alexonmediumtab.ufo\/glyphs\/O_E_.glif":"\/alexonmediumtab.ufo\/glyphs\/O_E_.glif","\/alexonmediumtab.ufo\/glyphs\/O_acute.glif":"\/alexonmediumtab.ufo\/glyphs\/O_acute.glif","\/alexonmediumtab.ufo\/glyphs\/O_circumflex.glif":"\/alexonmediumtab.ufo\/glyphs\/O_circumflex.glif","\/alexonmediumtab.ufo\/glyphs\/O_dieresis.glif":"\/alexonmediumtab.ufo\/glyphs\/O_dieresis.glif","\/alexonmediumtab.ufo\/glyphs\/O_grave.glif":"\/alexonmediumtab.ufo\/glyphs\/O_grave.glif","\/alexonmediumtab.ufo\/glyphs\/O_mega.glif":"\/alexonmediumtab.ufo\/glyphs\/O_mega.glif","\/alexonmediumtab.ufo\/glyphs\/O_slash.glif":"\/alexonmediumtab.ufo\/glyphs\/O_slash.glif","\/alexonmediumtab.ufo\/glyphs\/O_tilde.glif":"\/alexonmediumtab.ufo\/glyphs\/O_tilde.glif","\/alexonmediumtab.ufo\/glyphs\/P_.glif":"\/alexonmediumtab.ufo\/glyphs\/P_.glif","\/alexonmediumtab.ufo\/glyphs\/Q_.glif":"\/alexonmediumtab.ufo\/glyphs\/Q_.glif","\/alexonmediumtab.ufo\/glyphs\/R_.glif":"\/alexonmediumtab.ufo\/glyphs\/R_.glif","\/alexonmediumtab.ufo\/glyphs\/S_.glif":"\/alexonmediumtab.ufo\/glyphs\/S_.glif","\/alexonmediumtab.ufo\/glyphs\/T_.glif":"\/alexonmediumtab.ufo\/glyphs\/T_.glif","\/alexonmediumtab.ufo\/glyphs\/U_.glif":"\/alexonmediumtab.ufo\/glyphs\/U_.glif","\/alexonmediumtab.ufo\/glyphs\/U_acute.glif":"\/alexonmediumtab.ufo\/glyphs\/U_acute.glif","\/alexonmediumtab.ufo\/glyphs\/U_circumflex.glif":"\/alexonmediumtab.ufo\/glyphs\/U_circumflex.glif","\/alexonmediumtab.ufo\/glyphs\/U_dieresis.glif":"\/alexonmediumtab.ufo\/glyphs\/U_dieresis.glif","\/alexonmediumtab.ufo\/glyphs\/U_grave.glif":"\/alexonmediumtab.ufo\/glyphs\/U_grave.glif","\/alexonmediumtab.ufo\/glyphs\/V_.glif":"\/alexonmediumtab.ufo\/glyphs\/V_.glif","\/alexonmediumtab.ufo\/glyphs\/W_.glif":"\/alexonmediumtab.ufo\/glyphs\/W_.glif","\/alexonmediumtab.ufo\/glyphs\/X_.glif":"\/alexonmediumtab.ufo\/glyphs\/X_.glif","\/alexonmediumtab.ufo\/glyphs\/Y_.glif":"\/alexonmediumtab.ufo\/glyphs\/Y_.glif","\/alexonmediumtab.ufo\/glyphs\/Y_dieresis.glif":"\/alexonmediumtab.ufo\/glyphs\/Y_dieresis.glif","\/alexonmediumtab.ufo\/glyphs\/Z_.glif":"\/alexonmediumtab.ufo\/glyphs\/Z_.glif","\/alexonmediumtab.ufo\/glyphs\/a.glif":"\/alexonmediumtab.ufo\/glyphs\/a.glif","\/alexonmediumtab.ufo\/glyphs\/aacute.glif":"\/alexonmediumtab.ufo\/glyphs\/aacute.glif","\/alexonmediumtab.ufo\/glyphs\/acircumflex.glif":"\/alexonmediumtab.ufo\/glyphs\/acircumflex.glif","\/alexonmediumtab.ufo\/glyphs\/acute.glif":"\/alexonmediumtab.ufo\/glyphs\/acute.glif","\/alexonmediumtab.ufo\/glyphs\/adieresis.glif":"\/alexonmediumtab.ufo\/glyphs\/adieresis.glif","\/alexonmediumtab.ufo\/glyphs\/ae.glif":"\/alexonmediumtab.ufo\/glyphs\/ae.glif","\/alexonmediumtab.ufo\/glyphs\/agrave.glif":"\/alexonmediumtab.ufo\/glyphs\/agrave.glif","\/alexonmediumtab.ufo\/glyphs\/ampersand.glif":"\/alexonmediumtab.ufo\/glyphs\/ampersand.glif","\/alexonmediumtab.ufo\/glyphs\/apple.glif":"\/alexonmediumtab.ufo\/glyphs\/apple.glif","\/alexonmediumtab.ufo\/glyphs\/approxequal.glif":"\/alexonmediumtab.ufo\/glyphs\/approxequal.glif","\/alexonmediumtab.ufo\/glyphs\/aring.glif":"\/alexonmediumtab.ufo\/glyphs\/aring.glif","\/alexonmediumtab.ufo\/glyphs\/asciicircum.glif":"\/alexonmediumtab.ufo\/glyphs\/asciicircum.glif","\/alexonmediumtab.ufo\/glyphs\/asciitilde.glif":"\/alexonmediumtab.ufo\/glyphs\/asciitilde.glif","\/alexonmediumtab.ufo\/glyphs\/asterisk.glif":"\/alexonmediumtab.ufo\/glyphs\/asterisk.glif","\/alexonmediumtab.ufo\/glyphs\/at.glif":"\/alexonmediumtab.ufo\/glyphs\/at.glif","\/alexonmediumtab.ufo\/glyphs\/atilde.glif":"\/alexonmediumtab.ufo\/glyphs\/atilde.glif","\/alexonmediumtab.ufo\/glyphs\/b.glif":"\/alexonmediumtab.ufo\/glyphs\/b.glif","\/alexonmediumtab.ufo\/glyphs\/backslash.glif":"\/alexonmediumtab.ufo\/glyphs\/backslash.glif","\/alexonmediumtab.ufo\/glyphs\/bar.glif":"\/alexonmediumtab.ufo\/glyphs\/bar.glif","\/alexonmediumtab.ufo\/glyphs\/braceleft.glif":"\/alexonmediumtab.ufo\/glyphs\/braceleft.glif","\/alexonmediumtab.ufo\/glyphs\/braceright.glif":"\/alexonmediumtab.ufo\/glyphs\/braceright.glif","\/alexonmediumtab.ufo\/glyphs\/bracketleft.glif":"\/alexonmediumtab.ufo\/glyphs\/bracketleft.glif","\/alexonmediumtab.ufo\/glyphs\/bracketright.glif":"\/alexonmediumtab.ufo\/glyphs\/bracketright.glif","\/alexonmediumtab.ufo\/glyphs\/breve.glif":"\/alexonmediumtab.ufo\/glyphs\/breve.glif","\/alexonmediumtab.ufo\/glyphs\/bullet.glif":"\/alexonmediumtab.ufo\/glyphs\/bullet.glif","\/alexonmediumtab.ufo\/glyphs\/c.glif":"\/alexonmediumtab.ufo\/glyphs\/c.glif","\/alexonmediumtab.ufo\/glyphs\/caron.glif":"\/alexonmediumtab.ufo\/glyphs\/caron.glif","\/alexonmediumtab.ufo\/glyphs\/ccedilla.glif":"\/alexonmediumtab.ufo\/glyphs\/ccedilla.glif","\/alexonmediumtab.ufo\/glyphs\/cedilla.glif":"\/alexonmediumtab.ufo\/glyphs\/cedilla.glif","\/alexonmediumtab.ufo\/glyphs\/cent.glif":"\/alexonmediumtab.ufo\/glyphs\/cent.glif","\/alexonmediumtab.ufo\/glyphs\/circumflex.glif":"\/alexonmediumtab.ufo\/glyphs\/circumflex.glif","\/alexonmediumtab.ufo\/glyphs\/colon.glif":"\/alexonmediumtab.ufo\/glyphs\/colon.glif","\/alexonmediumtab.ufo\/glyphs\/comma.glif":"\/alexonmediumtab.ufo\/glyphs\/comma.glif","\/alexonmediumtab.ufo\/glyphs\/contents.plist":"\/alexonmediumtab.ufo\/glyphs\/contents.plist","\/alexonmediumtab.ufo\/glyphs\/copyright.glif":"\/alexonmediumtab.ufo\/glyphs\/copyright.glif","\/alexonmediumtab.ufo\/glyphs\/currency.glif":"\/alexonmediumtab.ufo\/glyphs\/currency.glif","\/alexonmediumtab.ufo\/glyphs\/d.glif":"\/alexonmediumtab.ufo\/glyphs\/d.glif","\/alexonmediumtab.ufo\/glyphs\/dagger.glif":"\/alexonmediumtab.ufo\/glyphs\/dagger.glif","\/alexonmediumtab.ufo\/glyphs\/daggerdbl.glif":"\/alexonmediumtab.ufo\/glyphs\/daggerdbl.glif","\/alexonmediumtab.ufo\/glyphs\/degree.glif":"\/alexonmediumtab.ufo\/glyphs\/degree.glif","\/alexonmediumtab.ufo\/glyphs\/dieresis.glif":"\/alexonmediumtab.ufo\/glyphs\/dieresis.glif","\/alexonmediumtab.ufo\/glyphs\/divide.glif":"\/alexonmediumtab.ufo\/glyphs\/divide.glif","\/alexonmediumtab.ufo\/glyphs\/dollar.glif":"\/alexonmediumtab.ufo\/glyphs\/dollar.glif","\/alexonmediumtab.ufo\/glyphs\/dotaccent.glif":"\/alexonmediumtab.ufo\/glyphs\/dotaccent.glif","\/alexonmediumtab.ufo\/glyphs\/dotlessi.glif":"\/alexonmediumtab.ufo\/glyphs\/dotlessi.glif","\/alexonmediumtab.ufo\/glyphs\/e.glif":"\/alexonmediumtab.ufo\/glyphs\/e.glif","\/alexonmediumtab.ufo\/glyphs\/eacute.glif":"\/alexonmediumtab.ufo\/glyphs\/eacute.glif","\/alexonmediumtab.ufo\/glyphs\/ecircumflex.glif":"\/alexonmediumtab.ufo\/glyphs\/ecircumflex.glif","\/alexonmediumtab.ufo\/glyphs\/edieresis.glif":"\/alexonmediumtab.ufo\/glyphs\/edieresis.glif","\/alexonmediumtab.ufo\/glyphs\/egrave.glif":"\/alexonmediumtab.ufo\/glyphs\/egrave.glif","\/alexonmediumtab.ufo\/glyphs\/eight.glif":"\/alexonmediumtab.ufo\/glyphs\/eight.glif","\/alexonmediumtab.ufo\/glyphs\/ellipsis.glif":"\/alexonmediumtab.ufo\/glyphs\/ellipsis.glif","\/alexonmediumtab.ufo\/glyphs\/emdash.glif":"\/alexonmediumtab.ufo\/glyphs\/emdash.glif","\/alexonmediumtab.ufo\/glyphs\/endash.glif":"\/alexonmediumtab.ufo\/glyphs\/endash.glif","\/alexonmediumtab.ufo\/glyphs\/equal.glif":"\/alexonmediumtab.ufo\/glyphs\/equal.glif","\/alexonmediumtab.ufo\/glyphs\/exclam.glif":"\/alexonmediumtab.ufo\/glyphs\/exclam.glif","\/alexonmediumtab.ufo\/glyphs\/exclamdown.glif":"\/alexonmediumtab.ufo\/glyphs\/exclamdown.glif","\/alexonmediumtab.ufo\/glyphs\/f.glif":"\/alexonmediumtab.ufo\/glyphs\/f.glif","\/alexonmediumtab.ufo\/glyphs\/fi.glif":"\/alexonmediumtab.ufo\/glyphs\/fi.glif","\/alexonmediumtab.ufo\/glyphs\/five.glif":"\/alexonmediumtab.ufo\/glyphs\/five.glif","\/alexonmediumtab.ufo\/glyphs\/fl.glif":"\/alexonmediumtab.ufo\/glyphs\/fl.glif","\/alexonmediumtab.ufo\/glyphs\/florin.glif":"\/alexonmediumtab.ufo\/glyphs\/florin.glif","\/alexonmediumtab.ufo\/glyphs\/four.glif":"\/alexonmediumtab.ufo\/glyphs\/four.glif","\/alexonmediumtab.ufo\/glyphs\/fraction.glif":"\/alexonmediumtab.ufo\/glyphs\/fraction.glif","\/alexonmediumtab.ufo\/glyphs\/g.glif":"\/alexonmediumtab.ufo\/glyphs\/g.glif","\/alexonmediumtab.ufo\/glyphs\/germandbls.glif":"\/alexonmediumtab.ufo\/glyphs\/germandbls.glif","\/alexonmediumtab.ufo\/glyphs\/grave.glif":"\/alexonmediumtab.ufo\/glyphs\/grave.glif","\/alexonmediumtab.ufo\/glyphs\/greater.glif":"\/alexonmediumtab.ufo\/glyphs\/greater.glif","\/alexonmediumtab.ufo\/glyphs\/greaterequal.glif":"\/alexonmediumtab.ufo\/glyphs\/greaterequal.glif","\/alexonmediumtab.ufo\/glyphs\/guillemotleft.glif":"\/alexonmediumtab.ufo\/glyphs\/guillemotleft.glif","\/alexonmediumtab.ufo\/glyphs\/guillemotright.glif":"\/alexonmediumtab.ufo\/glyphs\/guillemotright.glif","\/alexonmediumtab.ufo\/glyphs\/guilsinglleft.glif":"\/alexonmediumtab.ufo\/glyphs\/guilsinglleft.glif","\/alexonmediumtab.ufo\/glyphs\/guilsinglright.glif":"\/alexonmediumtab.ufo\/glyphs\/guilsinglright.glif","\/alexonmediumtab.ufo\/glyphs\/h.glif":"\/alexonmediumtab.ufo\/glyphs\/h.glif","\/alexonmediumtab.ufo\/glyphs\/hungarumlaut.glif":"\/alexonmediumtab.ufo\/glyphs\/hungarumlaut.glif","\/alexonmediumtab.ufo\/glyphs\/hyphen.glif":"\/alexonmediumtab.ufo\/glyphs\/hyphen.glif","\/alexonmediumtab.ufo\/glyphs\/i.glif":"\/alexonmediumtab.ufo\/glyphs\/i.glif","\/alexonmediumtab.ufo\/glyphs\/iacute.glif":"\/alexonmediumtab.ufo\/glyphs\/iacute.glif","\/alexonmediumtab.ufo\/glyphs\/icircumflex.glif":"\/alexonmediumtab.ufo\/glyphs\/icircumflex.glif","\/alexonmediumtab.ufo\/glyphs\/idieresis.glif":"\/alexonmediumtab.ufo\/glyphs\/idieresis.glif","\/alexonmediumtab.ufo\/glyphs\/igrave.glif":"\/alexonmediumtab.ufo\/glyphs\/igrave.glif","\/alexonmediumtab.ufo\/glyphs\/infinity.glif":"\/alexonmediumtab.ufo\/glyphs\/infinity.glif","\/alexonmediumtab.ufo\/glyphs\/integral.glif":"\/alexonmediumtab.ufo\/glyphs\/integral.glif","\/alexonmediumtab.ufo\/glyphs\/j.glif":"\/alexonmediumtab.ufo\/glyphs\/j.glif","\/alexonmediumtab.ufo\/glyphs\/k.glif":"\/alexonmediumtab.ufo\/glyphs\/k.glif","\/alexonmediumtab.ufo\/glyphs\/l.glif":"\/alexonmediumtab.ufo\/glyphs\/l.glif","\/alexonmediumtab.ufo\/glyphs\/less.glif":"\/alexonmediumtab.ufo\/glyphs\/less.glif","\/alexonmediumtab.ufo\/glyphs\/lessequal.glif":"\/alexonmediumtab.ufo\/glyphs\/lessequal.glif","\/alexonmediumtab.ufo\/glyphs\/logicalnot.glif":"\/alexonmediumtab.ufo\/glyphs\/logicalnot.glif","\/alexonmediumtab.ufo\/glyphs\/lozenge.glif":"\/alexonmediumtab.ufo\/glyphs\/lozenge.glif","\/alexonmediumtab.ufo\/glyphs\/m.glif":"\/alexonmediumtab.ufo\/glyphs\/m.glif","\/alexonmediumtab.ufo\/glyphs\/macron.glif":"\/alexonmediumtab.ufo\/glyphs\/macron.glif","\/alexonmediumtab.ufo\/glyphs\/mu.glif":"\/alexonmediumtab.ufo\/glyphs\/mu.glif","\/alexonmediumtab.ufo\/glyphs\/n.glif":"\/alexonmediumtab.ufo\/glyphs\/n.glif","\/alexonmediumtab.ufo\/glyphs\/nine.glif":"\/alexonmediumtab.ufo\/glyphs\/nine.glif","\/alexonmediumtab.ufo\/glyphs\/notequal.glif":"\/alexonmediumtab.ufo\/glyphs\/notequal.glif","\/alexonmediumtab.ufo\/glyphs\/ntilde.glif":"\/alexonmediumtab.ufo\/glyphs\/ntilde.glif","\/alexonmediumtab.ufo\/glyphs\/numbersign.glif":"\/alexonmediumtab.ufo\/glyphs\/numbersign.glif","\/alexonmediumtab.ufo\/glyphs\/o.glif":"\/alexonmediumtab.ufo\/glyphs\/o.glif","\/alexonmediumtab.ufo\/glyphs\/oacute.glif":"\/alexonmediumtab.ufo\/glyphs\/oacute.glif","\/alexonmediumtab.ufo\/glyphs\/ocircumflex.glif":"\/alexonmediumtab.ufo\/glyphs\/ocircumflex.glif","\/alexonmediumtab.ufo\/glyphs\/odieresis.glif":"\/alexonmediumtab.ufo\/glyphs\/odieresis.glif","\/alexonmediumtab.ufo\/glyphs\/oe.glif":"\/alexonmediumtab.ufo\/glyphs\/oe.glif","\/alexonmediumtab.ufo\/glyphs\/ogonek.glif":"\/alexonmediumtab.ufo\/glyphs\/ogonek.glif","\/alexonmediumtab.ufo\/glyphs\/ograve.glif":"\/alexonmediumtab.ufo\/glyphs\/ograve.glif","\/alexonmediumtab.ufo\/glyphs\/one.glif":"\/alexonmediumtab.ufo\/glyphs\/one.glif","\/alexonmediumtab.ufo\/glyphs\/ordfeminine.glif":"\/alexonmediumtab.ufo\/glyphs\/ordfeminine.glif","\/alexonmediumtab.ufo\/glyphs\/ordmasculine.glif":"\/alexonmediumtab.ufo\/glyphs\/ordmasculine.glif","\/alexonmediumtab.ufo\/glyphs\/oslash.glif":"\/alexonmediumtab.ufo\/glyphs\/oslash.glif","\/alexonmediumtab.ufo\/glyphs\/otilde.glif":"\/alexonmediumtab.ufo\/glyphs\/otilde.glif","\/alexonmediumtab.ufo\/glyphs\/p.glif":"\/alexonmediumtab.ufo\/glyphs\/p.glif","\/alexonmediumtab.ufo\/glyphs\/paragraph.glif":"\/alexonmediumtab.ufo\/glyphs\/paragraph.glif","\/alexonmediumtab.ufo\/glyphs\/parenleft.glif":"\/alexonmediumtab.ufo\/glyphs\/parenleft.glif","\/alexonmediumtab.ufo\/glyphs\/parenright.glif":"\/alexonmediumtab.ufo\/glyphs\/parenright.glif","\/alexonmediumtab.ufo\/glyphs\/partialdiff.glif":"\/alexonmediumtab.ufo\/glyphs\/partialdiff.glif","\/alexonmediumtab.ufo\/glyphs\/percent.glif":"\/alexonmediumtab.ufo\/glyphs\/percent.glif","\/alexonmediumtab.ufo\/glyphs\/period.glif":"\/alexonmediumtab.ufo\/glyphs\/period.glif","\/alexonmediumtab.ufo\/glyphs\/periodcentered.glif":"\/alexonmediumtab.ufo\/glyphs\/periodcentered.glif","\/alexonmediumtab.ufo\/glyphs\/perthousand.glif":"\/alexonmediumtab.ufo\/glyphs\/perthousand.glif","\/alexonmediumtab.ufo\/glyphs\/pi.glif":"\/alexonmediumtab.ufo\/glyphs\/pi.glif","\/alexonmediumtab.ufo\/glyphs\/plus.glif":"\/alexonmediumtab.ufo\/glyphs\/plus.glif","\/alexonmediumtab.ufo\/glyphs\/plusminus.glif":"\/alexonmediumtab.ufo\/glyphs\/plusminus.glif","\/alexonmediumtab.ufo\/glyphs\/product.glif":"\/alexonmediumtab.ufo\/glyphs\/product.glif","\/alexonmediumtab.ufo\/glyphs\/q.glif":"\/alexonmediumtab.ufo\/glyphs\/q.glif","\/alexonmediumtab.ufo\/glyphs\/question.glif":"\/alexonmediumtab.ufo\/glyphs\/question.glif","\/alexonmediumtab.ufo\/glyphs\/questiondown.glif":"\/alexonmediumtab.ufo\/glyphs\/questiondown.glif","\/alexonmediumtab.ufo\/glyphs\/quotedbl.glif":"\/alexonmediumtab.ufo\/glyphs\/quotedbl.glif","\/alexonmediumtab.ufo\/glyphs\/quotedblbase.glif":"\/alexonmediumtab.ufo\/glyphs\/quotedblbase.glif","\/alexonmediumtab.ufo\/glyphs\/quotedblleft.glif":"\/alexonmediumtab.ufo\/glyphs\/quotedblleft.glif","\/alexonmediumtab.ufo\/glyphs\/quotedblright.glif":"\/alexonmediumtab.ufo\/glyphs\/quotedblright.glif","\/alexonmediumtab.ufo\/glyphs\/quoteleft.glif":"\/alexonmediumtab.ufo\/glyphs\/quoteleft.glif","\/alexonmediumtab.ufo\/glyphs\/quoteright.glif":"\/alexonmediumtab.ufo\/glyphs\/quoteright.glif","\/alexonmediumtab.ufo\/glyphs\/quotesinglbase.glif":"\/alexonmediumtab.ufo\/glyphs\/quotesinglbase.glif","\/alexonmediumtab.ufo\/glyphs\/quotesingle.glif":"\/alexonmediumtab.ufo\/glyphs\/quotesingle.glif","\/alexonmediumtab.ufo\/glyphs\/r.glif":"\/alexonmediumtab.ufo\/glyphs\/r.glif","\/alexonmediumtab.ufo\/glyphs\/radical.glif":"\/alexonmediumtab.ufo\/glyphs\/radical.glif","\/alexonmediumtab.ufo\/glyphs\/registered.glif":"\/alexonmediumtab.ufo\/glyphs\/registered.glif","\/alexonmediumtab.ufo\/glyphs\/ring.glif":"\/alexonmediumtab.ufo\/glyphs\/ring.glif","\/alexonmediumtab.ufo\/glyphs\/s.glif":"\/alexonmediumtab.ufo\/glyphs\/s.glif","\/alexonmediumtab.ufo\/glyphs\/section.glif":"\/alexonmediumtab.ufo\/glyphs\/section.glif","\/alexonmediumtab.ufo\/glyphs\/semicolon.glif":"\/alexonmediumtab.ufo\/glyphs\/semicolon.glif","\/alexonmediumtab.ufo\/glyphs\/seven.glif":"\/alexonmediumtab.ufo\/glyphs\/seven.glif","\/alexonmediumtab.ufo\/glyphs\/six.glif":"\/alexonmediumtab.ufo\/glyphs\/six.glif","\/alexonmediumtab.ufo\/glyphs\/slash.glif":"\/alexonmediumtab.ufo\/glyphs\/slash.glif","\/alexonmediumtab.ufo\/glyphs\/space.glif":"\/alexonmediumtab.ufo\/glyphs\/space.glif","\/alexonmediumtab.ufo\/glyphs\/sterling.glif":"\/alexonmediumtab.ufo\/glyphs\/sterling.glif","\/alexonmediumtab.ufo\/glyphs\/summmation.glif":"\/alexonmediumtab.ufo\/glyphs\/summmation.glif","\/alexonmediumtab.ufo\/glyphs\/t.glif":"\/alexonmediumtab.ufo\/glyphs\/t.glif","\/alexonmediumtab.ufo\/glyphs\/three.glif":"\/alexonmediumtab.ufo\/glyphs\/three.glif","\/alexonmediumtab.ufo\/glyphs\/tilde.glif":"\/alexonmediumtab.ufo\/glyphs\/tilde.glif","\/alexonmediumtab.ufo\/glyphs\/trademark.glif":"\/alexonmediumtab.ufo\/glyphs\/trademark.glif","\/alexonmediumtab.ufo\/glyphs\/two.glif":"\/alexonmediumtab.ufo\/glyphs\/two.glif","\/alexonmediumtab.ufo\/glyphs\/u.glif":"\/alexonmediumtab.ufo\/glyphs\/u.glif","\/alexonmediumtab.ufo\/glyphs\/uacute.glif":"\/alexonmediumtab.ufo\/glyphs\/uacute.glif","\/alexonmediumtab.ufo\/glyphs\/ucircumflex.glif":"\/alexonmediumtab.ufo\/glyphs\/ucircumflex.glif","\/alexonmediumtab.ufo\/glyphs\/udieresis.glif":"\/alexonmediumtab.ufo\/glyphs\/udieresis.glif","\/alexonmediumtab.ufo\/glyphs\/ugrave.glif":"\/alexonmediumtab.ufo\/glyphs\/ugrave.glif","\/alexonmediumtab.ufo\/glyphs\/underscore.glif":"\/alexonmediumtab.ufo\/glyphs\/underscore.glif","\/alexonmediumtab.ufo\/glyphs\/v.glif":"\/alexonmediumtab.ufo\/glyphs\/v.glif","\/alexonmediumtab.ufo\/glyphs\/w.glif":"\/alexonmediumtab.ufo\/glyphs\/w.glif","\/alexonmediumtab.ufo\/glyphs\/x.glif":"\/alexonmediumtab.ufo\/glyphs\/x.glif","\/alexonmediumtab.ufo\/glyphs\/y.glif":"\/alexonmediumtab.ufo\/glyphs\/y.glif","\/alexonmediumtab.ufo\/glyphs\/ydieresis.glif":"\/alexonmediumtab.ufo\/glyphs\/ydieresis.glif","\/alexonmediumtab.ufo\/glyphs\/yen.glif":"\/alexonmediumtab.ufo\/glyphs\/yen.glif","\/alexonmediumtab.ufo\/glyphs\/z.glif":"\/alexonmediumtab.ufo\/glyphs\/z.glif","\/alexonmediumtab.ufo\/glyphs\/zero.glif":"\/alexonmediumtab.ufo\/glyphs\/zero.glif"},"Font":{"uploaded":1471024189.2394,"licence":"gpl3","company":"Chronolabs Cooperative","title":"Alexon Medium Tab","version":3.002,"date":"Fri Aug 12 06:55:18 2016","creator":"root","type":"1","matrix":"0.001 0 0 0.001 0 0","named":"AlexonMediumTab","painttype":"0","info":"9 dict dup","name":"AlexonMediumTab","family":"AlexonMediumTab","weight":"","italicangle":"0","underlineposition":"","underlinethickness":""},"Licences":{"":false},"Table":{"FFTM":{"entryLength":16,"tag":"FFTM","checksum":1944345084,"offset":20484,"length":28},"GDEF":{"entryLength":16,"tag":"GDEF","checksum":17694726,"offset":20452,"length":32},"OS\/2":{"entryLength":16,"tag":"OS\/2","checksum":2012093453,"offset":344,"length":86},"cmap":{"entryLength":16,"tag":"cmap","checksum":26058110,"offset":1324,"length":1056},"gasp":{"entryLength":16,"tag":"gasp","checksum":4294901763,"offset":20444,"length":8},"glyf":{"entryLength":16,"tag":"glyf","checksum":475356627,"offset":2832,"length":16436},"head":{"entryLength":16,"tag":"head","checksum":308784744,"offset":220,"length":54},"hhea":{"entryLength":16,"tag":"hhea","checksum":136905701,"offset":276,"length":36},"hmtx":{"entryLength":16,"tag":"hmtx","checksum":3506409538,"offset":432,"length":890},"loca":{"entryLength":16,"tag":"loca","checksum":3883791618,"offset":2380,"length":452},"maxp":{"entryLength":16,"tag":"maxp","checksum":23594004,"offset":312,"length":32},"name":{"entryLength":16,"tag":"name","checksum":2698847828,"offset":19268,"length":678},"post":{"entryLength":16,"tag":"post","checksum":329217587,"offset":19948,"length":495}},"UnicodeCharMap":{"32":3,"33":4,"34":5,"35":6,"36":7,"37":8,"38":9,"39":106,"40":11,"41":12,"42":13,"43":14,"44":15,"45":16,"46":17,"47":18,"48":19,"49":20,"50":21,"51":22,"52":23,"53":24,"54":25,"55":26,"56":27,"57":28,"58":29,"59":30,"60":31,"61":32,"62":33,"63":34,"64":35,"65":36,"66":37,"67":38,"68":39,"69":40,"70":41,"71":42,"72":43,"73":44,"74":45,"75":46,"76":47,"77":48,"78":49,"79":50,"80":51,"81":52,"82":53,"83":54,"84":55,"85":56,"86":57,"87":58,"88":59,"89":60,"90":61,"91":62,"92":63,"93":64,"94":65,"95":66,"96":126,"97":68,"98":69,"99":70,"100":71,"101":72,"102":73,"103":74,"104":75,"105":76,"106":77,"107":78,"108":79,"109":80,"110":81,"111":82,"112":83,"113":84,"114":85,"115":86,"116":87,"117":88,"118":89,"119":90,"120":91,"121":92,"122":93,"123":94,"124":95,"125":96,"126":97,"161":98,"162":99,"163":100,"164":105,"165":102,"167":104,"168":133,"169":206,"170":141,"171":108,"172":217,"174":207,"175":130,"176":202,"177":205,"180":127,"182":117,"183":116,"184":135,"186":144,"187":122,"191":125,"192":152,"193":151,"194":153,"195":154,"196":150,"197":155,"198":140,"199":156,"200":159,"201":158,"202":160,"203":157,"204":163,"205":162,"206":164,"207":161,"209":165,"210":168,"211":167,"212":169,"213":170,"214":166,"216":142,"217":173,"218":172,"219":174,"220":171,"223":149,"224":178,"225":177,"226":179,"227":180,"228":176,"229":181,"230":145,"231":182,"232":185,"233":184,"234":186,"235":183,"236":189,"237":188,"238":190,"239":187,"241":191,"242":194,"243":193,"244":195,"245":196,"246":192,"247":203,"248":147,"249":199,"250":198,"251":200,"252":197,"255":201,"305":146,"338":143,"339":148,"376":175,"402":103,"710":128,"711":138,"728":131,"729":132,"730":134,"731":137,"732":129,"733":136,"916":210,"937":224,"956":223,"960":222,"8211":113,"8212":139,"8216":67,"8217":10,"8218":119,"8220":107,"8221":121,"8222":120,"8224":114,"8225":115,"8226":118,"8230":123,"8240":124,"8249":109,"8250":110,"8260":101,"8482":204,"8706":221,"8719":219,"8730":212,"8734":218,"8747":213,"8776":214,"8800":211,"8804":215,"8805":216,"9674":208,"64257":111,"64258":112},"Reserves":{"fontname":"Alexon Medium Tab"},"Names":{"Alexon Medium Tab":{"name":"Alexon Medium Tab","longitude":"0.00000001","latitude":"0.00000001","country":"","region":"","city":""}},"Nodes":{"al":{"type":"typal","node":"al","usage":1,"weight":1},"on":{"type":"typal","node":"on","usage":1,"weight":1},"me":{"type":"typal","node":"me","usage":1,"weight":1},"um":{"type":"typal","node":"um","usage":1,"weight":1},"ta":{"type":"typal","node":"ta","usage":1,"weight":1},"ab":{"type":"typal","node":"ab","usage":1,"weight":1},"ale":{"type":"typal","node":"ale","usage":1,"weight":1},"xon":{"type":"typal","node":"xon","usage":1,"weight":1},"med":{"type":"typal","node":"med","usage":1,"weight":1},"ium":{"type":"typal","node":"ium","usage":1,"weight":1},"alex":{"type":"keys","node":"alex","usage":1,"weight":1},"exon":{"type":"keys","node":"exon","usage":1,"weight":1},"medi":{"type":"keys","node":"medi","usage":1,"weight":1},"dium":{"type":"keys","node":"dium","usage":1,"weight":1},"alexo":{"type":"keys","node":"alexo","usage":1,"weight":1},"lexon":{"type":"keys","node":"lexon","usage":1,"weight":1},"mediu":{"type":"keys","node":"mediu","usage":1,"weight":1},"edium":{"type":"keys","node":"edium","usage":1,"weight":1},"alexon":{"type":"fixes","node":"alexon","usage":1,"weight":1},"medium":{"type":"fixes","node":"medium","usage":1,"weight":1},"tab":{"type":"fixes","node":"tab","usage":1,"weight":1}},"Contributors":[],"FontIdentity":"aphgovau:e6cc6bda0464543de1d3770","Bytes":null,"Networking":[],"barcode":"qiwiqacqqy6ms","referee":"wmwmcwk"}