{"CSS":{"Apple Garamond Light Italic":"sweetpuff0:76e9e0164268718a04758.css"},"FontType":"TrueType","FontCopyright":"Copyright 1991 as an unpublished work by Bitstream Inc.  All rights reserved.  Confidential.","FontName":"Apple Garamond Light","FontSubfamily":"Italic","FontSubfamilyID":"FontForge 2.0 : Apple Garamond Light Italic : 1-1-2017","FontFullName":"Apple Garamond Light Italic","FontVersion":"Version 2.0; 1991 ","FontWeight":null,"FontPostscriptName":"AppleGaramondLight-Italic","Files":{"\/Apple Garamond Light Italic.css":"\/Apple Garamond Light Italic.css","\/applegaramond-lightitalic.afm":"\/applegaramond-lightitalic.afm","\/applegaramond-lightitalic.cef":"\/applegaramond-lightitalic.cef","\/applegaramond-lightitalic.cff":"\/applegaramond-lightitalic.cff","\/applegaramond-lightitalic.eot":"\/applegaramond-lightitalic.eot","\/applegaramond-lightitalic.gai":"\/applegaramond-lightitalic.gai","\/applegaramond-lightitalic.gsf":"\/applegaramond-lightitalic.gsf","\/applegaramond-lightitalic.otf":"\/applegaramond-lightitalic.otf","\/applegaramond-lightitalic.pf3":"\/applegaramond-lightitalic.pf3","\/applegaramond-lightitalic.pfa":"\/applegaramond-lightitalic.pfa","\/applegaramond-lightitalic.pfb":"\/applegaramond-lightitalic.pfb","\/applegaramond-lightitalic.php":"\/applegaramond-lightitalic.php","\/applegaramond-lightitalic.pt3":"\/applegaramond-lightitalic.pt3","\/applegaramond-lightitalic.sfd":"\/applegaramond-lightitalic.sfd","\/applegaramond-lightitalic.svg":"\/applegaramond-lightitalic.svg","\/applegaramond-lightitalic.t42":"\/applegaramond-lightitalic.t42","\/applegaramond-lightitalic.ttd":"\/applegaramond-lightitalic.ttd","\/applegaramond-lightitalic.ttf":"\/applegaramond-lightitalic.ttf","\/applegaramond-lightitalic.ttg":"\/applegaramond-lightitalic.ttg","\/applegaramond-lightitalic.ufm":"\/applegaramond-lightitalic.ufm","\/applegaramond-lightitalic.woff":"\/applegaramond-lightitalic.woff","\/applegaramond-lightitalic.z":"\/applegaramond-lightitalic.z","\/font-resource.json":"\/font-resource.json","\/applegaramond-lightitalic.ufo\/feature.fea":"\/applegaramond-lightitalic.ufo\/feature.fea","\/applegaramond-lightitalic.ufo\/fontinfo.plist":"\/applegaramond-lightitalic.ufo\/fontinfo.plist","\/applegaramond-lightitalic.ufo\/groups.plist":"\/applegaramond-lightitalic.ufo\/groups.plist","\/applegaramond-lightitalic.ufo\/kerning.plist":"\/applegaramond-lightitalic.ufo\/kerning.plist","\/applegaramond-lightitalic.ufo\/metainfo.plist":"\/applegaramond-lightitalic.ufo\/metainfo.plist","\/applegaramond-lightitalic.ufo\/glyphs\/A_.glif":"\/applegaramond-lightitalic.ufo\/glyphs\/A_.glif","\/applegaramond-lightitalic.ufo\/glyphs\/A_E_.glif":"\/applegaramond-lightitalic.ufo\/glyphs\/A_E_.glif","\/applegaramond-lightitalic.ufo\/glyphs\/A_acute.glif":"\/applegaramond-lightitalic.ufo\/glyphs\/A_acute.glif","\/applegaramond-lightitalic.ufo\/glyphs\/A_circumflex.glif":"\/applegaramond-lightitalic.ufo\/glyphs\/A_circumflex.glif","\/applegaramond-lightitalic.ufo\/glyphs\/A_dieresis.glif":"\/applegaramond-lightitalic.ufo\/glyphs\/A_dieresis.glif","\/applegaramond-lightitalic.ufo\/glyphs\/A_grave.glif":"\/applegaramond-lightitalic.ufo\/glyphs\/A_grave.glif","\/applegaramond-lightitalic.ufo\/glyphs\/A_ring.glif":"\/applegaramond-lightitalic.ufo\/glyphs\/A_ring.glif","\/applegaramond-lightitalic.ufo\/glyphs\/A_tilde.glif":"\/applegaramond-lightitalic.ufo\/glyphs\/A_tilde.glif","\/applegaramond-lightitalic.ufo\/glyphs\/B_.glif":"\/applegaramond-lightitalic.ufo\/glyphs\/B_.glif","\/applegaramond-lightitalic.ufo\/glyphs\/C_.glif":"\/applegaramond-lightitalic.ufo\/glyphs\/C_.glif","\/applegaramond-lightitalic.ufo\/glyphs\/C_cedilla.glif":"\/applegaramond-lightitalic.ufo\/glyphs\/C_cedilla.glif","\/applegaramond-lightitalic.ufo\/glyphs\/D_.glif":"\/applegaramond-lightitalic.ufo\/glyphs\/D_.glif","\/applegaramond-lightitalic.ufo\/glyphs\/E_.glif":"\/applegaramond-lightitalic.ufo\/glyphs\/E_.glif","\/applegaramond-lightitalic.ufo\/glyphs\/E_acute.glif":"\/applegaramond-lightitalic.ufo\/glyphs\/E_acute.glif","\/applegaramond-lightitalic.ufo\/glyphs\/E_circumflex.glif":"\/applegaramond-lightitalic.ufo\/glyphs\/E_circumflex.glif","\/applegaramond-lightitalic.ufo\/glyphs\/E_dieresis.glif":"\/applegaramond-lightitalic.ufo\/glyphs\/E_dieresis.glif","\/applegaramond-lightitalic.ufo\/glyphs\/E_grave.glif":"\/applegaramond-lightitalic.ufo\/glyphs\/E_grave.glif","\/applegaramond-lightitalic.ufo\/glyphs\/E_th.glif":"\/applegaramond-lightitalic.ufo\/glyphs\/E_th.glif","\/applegaramond-lightitalic.ufo\/glyphs\/F_.glif":"\/applegaramond-lightitalic.ufo\/glyphs\/F_.glif","\/applegaramond-lightitalic.ufo\/glyphs\/G_.glif":"\/applegaramond-lightitalic.ufo\/glyphs\/G_.glif","\/applegaramond-lightitalic.ufo\/glyphs\/H_.glif":"\/applegaramond-lightitalic.ufo\/glyphs\/H_.glif","\/applegaramond-lightitalic.ufo\/glyphs\/I_.glif":"\/applegaramond-lightitalic.ufo\/glyphs\/I_.glif","\/applegaramond-lightitalic.ufo\/glyphs\/I_acute.glif":"\/applegaramond-lightitalic.ufo\/glyphs\/I_acute.glif","\/applegaramond-lightitalic.ufo\/glyphs\/I_circumflex.glif":"\/applegaramond-lightitalic.ufo\/glyphs\/I_circumflex.glif","\/applegaramond-lightitalic.ufo\/glyphs\/I_dieresis.glif":"\/applegaramond-lightitalic.ufo\/glyphs\/I_dieresis.glif","\/applegaramond-lightitalic.ufo\/glyphs\/I_grave.glif":"\/applegaramond-lightitalic.ufo\/glyphs\/I_grave.glif","\/applegaramond-lightitalic.ufo\/glyphs\/J_.glif":"\/applegaramond-lightitalic.ufo\/glyphs\/J_.glif","\/applegaramond-lightitalic.ufo\/glyphs\/K_.glif":"\/applegaramond-lightitalic.ufo\/glyphs\/K_.glif","\/applegaramond-lightitalic.ufo\/glyphs\/L_.glif":"\/applegaramond-lightitalic.ufo\/glyphs\/L_.glif","\/applegaramond-lightitalic.ufo\/glyphs\/L_slash.glif":"\/applegaramond-lightitalic.ufo\/glyphs\/L_slash.glif","\/applegaramond-lightitalic.ufo\/glyphs\/M_.glif":"\/applegaramond-lightitalic.ufo\/glyphs\/M_.glif","\/applegaramond-lightitalic.ufo\/glyphs\/N_.glif":"\/applegaramond-lightitalic.ufo\/glyphs\/N_.glif","\/applegaramond-lightitalic.ufo\/glyphs\/N_tilde.glif":"\/applegaramond-lightitalic.ufo\/glyphs\/N_tilde.glif","\/applegaramond-lightitalic.ufo\/glyphs\/O_.glif":"\/applegaramond-lightitalic.ufo\/glyphs\/O_.glif","\/applegaramond-lightitalic.ufo\/glyphs\/O_E_.glif":"\/applegaramond-lightitalic.ufo\/glyphs\/O_E_.glif","\/applegaramond-lightitalic.ufo\/glyphs\/O_acute.glif":"\/applegaramond-lightitalic.ufo\/glyphs\/O_acute.glif","\/applegaramond-lightitalic.ufo\/glyphs\/O_circumflex.glif":"\/applegaramond-lightitalic.ufo\/glyphs\/O_circumflex.glif","\/applegaramond-lightitalic.ufo\/glyphs\/O_dieresis.glif":"\/applegaramond-lightitalic.ufo\/glyphs\/O_dieresis.glif","\/applegaramond-lightitalic.ufo\/glyphs\/O_grave.glif":"\/applegaramond-lightitalic.ufo\/glyphs\/O_grave.glif","\/applegaramond-lightitalic.ufo\/glyphs\/O_slash.glif":"\/applegaramond-lightitalic.ufo\/glyphs\/O_slash.glif","\/applegaramond-lightitalic.ufo\/glyphs\/O_tilde.glif":"\/applegaramond-lightitalic.ufo\/glyphs\/O_tilde.glif","\/applegaramond-lightitalic.ufo\/glyphs\/P_.glif":"\/applegaramond-lightitalic.ufo\/glyphs\/P_.glif","\/applegaramond-lightitalic.ufo\/glyphs\/Q_.glif":"\/applegaramond-lightitalic.ufo\/glyphs\/Q_.glif","\/applegaramond-lightitalic.ufo\/glyphs\/R_.glif":"\/applegaramond-lightitalic.ufo\/glyphs\/R_.glif","\/applegaramond-lightitalic.ufo\/glyphs\/S_.glif":"\/applegaramond-lightitalic.ufo\/glyphs\/S_.glif","\/applegaramond-lightitalic.ufo\/glyphs\/S_caron.glif":"\/applegaramond-lightitalic.ufo\/glyphs\/S_caron.glif","\/applegaramond-lightitalic.ufo\/glyphs\/T_.glif":"\/applegaramond-lightitalic.ufo\/glyphs\/T_.glif","\/applegaramond-lightitalic.ufo\/glyphs\/T_horn.glif":"\/applegaramond-lightitalic.ufo\/glyphs\/T_horn.glif","\/applegaramond-lightitalic.ufo\/glyphs\/U_.glif":"\/applegaramond-lightitalic.ufo\/glyphs\/U_.glif","\/applegaramond-lightitalic.ufo\/glyphs\/U_acute.glif":"\/applegaramond-lightitalic.ufo\/glyphs\/U_acute.glif","\/applegaramond-lightitalic.ufo\/glyphs\/U_circumflex.glif":"\/applegaramond-lightitalic.ufo\/glyphs\/U_circumflex.glif","\/applegaramond-lightitalic.ufo\/glyphs\/U_dieresis.glif":"\/applegaramond-lightitalic.ufo\/glyphs\/U_dieresis.glif","\/applegaramond-lightitalic.ufo\/glyphs\/U_grave.glif":"\/applegaramond-lightitalic.ufo\/glyphs\/U_grave.glif","\/applegaramond-lightitalic.ufo\/glyphs\/V_.glif":"\/applegaramond-lightitalic.ufo\/glyphs\/V_.glif","\/applegaramond-lightitalic.ufo\/glyphs\/W_.glif":"\/applegaramond-lightitalic.ufo\/glyphs\/W_.glif","\/applegaramond-lightitalic.ufo\/glyphs\/X_.glif":"\/applegaramond-lightitalic.ufo\/glyphs\/X_.glif","\/applegaramond-lightitalic.ufo\/glyphs\/Y_.glif":"\/applegaramond-lightitalic.ufo\/glyphs\/Y_.glif","\/applegaramond-lightitalic.ufo\/glyphs\/Y_acute.glif":"\/applegaramond-lightitalic.ufo\/glyphs\/Y_acute.glif","\/applegaramond-lightitalic.ufo\/glyphs\/Y_dieresis.glif":"\/applegaramond-lightitalic.ufo\/glyphs\/Y_dieresis.glif","\/applegaramond-lightitalic.ufo\/glyphs\/Z_.glif":"\/applegaramond-lightitalic.ufo\/glyphs\/Z_.glif","\/applegaramond-lightitalic.ufo\/glyphs\/Z_caron.glif":"\/applegaramond-lightitalic.ufo\/glyphs\/Z_caron.glif","\/applegaramond-lightitalic.ufo\/glyphs\/_null.glif":"\/applegaramond-lightitalic.ufo\/glyphs\/_null.glif","\/applegaramond-lightitalic.ufo\/glyphs\/a.glif":"\/applegaramond-lightitalic.ufo\/glyphs\/a.glif","\/applegaramond-lightitalic.ufo\/glyphs\/aacute.glif":"\/applegaramond-lightitalic.ufo\/glyphs\/aacute.glif","\/applegaramond-lightitalic.ufo\/glyphs\/acircumflex.glif":"\/applegaramond-lightitalic.ufo\/glyphs\/acircumflex.glif","\/applegaramond-lightitalic.ufo\/glyphs\/acute.glif":"\/applegaramond-lightitalic.ufo\/glyphs\/acute.glif","\/applegaramond-lightitalic.ufo\/glyphs\/adieresis.glif":"\/applegaramond-lightitalic.ufo\/glyphs\/adieresis.glif","\/applegaramond-lightitalic.ufo\/glyphs\/ae.glif":"\/applegaramond-lightitalic.ufo\/glyphs\/ae.glif","\/applegaramond-lightitalic.ufo\/glyphs\/agrave.glif":"\/applegaramond-lightitalic.ufo\/glyphs\/agrave.glif","\/applegaramond-lightitalic.ufo\/glyphs\/ampersand.glif":"\/applegaramond-lightitalic.ufo\/glyphs\/ampersand.glif","\/applegaramond-lightitalic.ufo\/glyphs\/aring.glif":"\/applegaramond-lightitalic.ufo\/glyphs\/aring.glif","\/applegaramond-lightitalic.ufo\/glyphs\/asciicircum.glif":"\/applegaramond-lightitalic.ufo\/glyphs\/asciicircum.glif","\/applegaramond-lightitalic.ufo\/glyphs\/asciitilde.glif":"\/applegaramond-lightitalic.ufo\/glyphs\/asciitilde.glif","\/applegaramond-lightitalic.ufo\/glyphs\/asterisk.glif":"\/applegaramond-lightitalic.ufo\/glyphs\/asterisk.glif","\/applegaramond-lightitalic.ufo\/glyphs\/at.glif":"\/applegaramond-lightitalic.ufo\/glyphs\/at.glif","\/applegaramond-lightitalic.ufo\/glyphs\/atilde.glif":"\/applegaramond-lightitalic.ufo\/glyphs\/atilde.glif","\/applegaramond-lightitalic.ufo\/glyphs\/b.glif":"\/applegaramond-lightitalic.ufo\/glyphs\/b.glif","\/applegaramond-lightitalic.ufo\/glyphs\/backslash.glif":"\/applegaramond-lightitalic.ufo\/glyphs\/backslash.glif","\/applegaramond-lightitalic.ufo\/glyphs\/bar.glif":"\/applegaramond-lightitalic.ufo\/glyphs\/bar.glif","\/applegaramond-lightitalic.ufo\/glyphs\/braceleft.glif":"\/applegaramond-lightitalic.ufo\/glyphs\/braceleft.glif","\/applegaramond-lightitalic.ufo\/glyphs\/braceright.glif":"\/applegaramond-lightitalic.ufo\/glyphs\/braceright.glif","\/applegaramond-lightitalic.ufo\/glyphs\/bracketleft.glif":"\/applegaramond-lightitalic.ufo\/glyphs\/bracketleft.glif","\/applegaramond-lightitalic.ufo\/glyphs\/bracketright.glif":"\/applegaramond-lightitalic.ufo\/glyphs\/bracketright.glif","\/applegaramond-lightitalic.ufo\/glyphs\/breve.glif":"\/applegaramond-lightitalic.ufo\/glyphs\/breve.glif","\/applegaramond-lightitalic.ufo\/glyphs\/brokenbar.glif":"\/applegaramond-lightitalic.ufo\/glyphs\/brokenbar.glif","\/applegaramond-lightitalic.ufo\/glyphs\/bullet.glif":"\/applegaramond-lightitalic.ufo\/glyphs\/bullet.glif","\/applegaramond-lightitalic.ufo\/glyphs\/c.glif":"\/applegaramond-lightitalic.ufo\/glyphs\/c.glif","\/applegaramond-lightitalic.ufo\/glyphs\/caron.glif":"\/applegaramond-lightitalic.ufo\/glyphs\/caron.glif","\/applegaramond-lightitalic.ufo\/glyphs\/ccedilla.glif":"\/applegaramond-lightitalic.ufo\/glyphs\/ccedilla.glif","\/applegaramond-lightitalic.ufo\/glyphs\/cedilla.glif":"\/applegaramond-lightitalic.ufo\/glyphs\/cedilla.glif","\/applegaramond-lightitalic.ufo\/glyphs\/cent.glif":"\/applegaramond-lightitalic.ufo\/glyphs\/cent.glif","\/applegaramond-lightitalic.ufo\/glyphs\/circumflex.glif":"\/applegaramond-lightitalic.ufo\/glyphs\/circumflex.glif","\/applegaramond-lightitalic.ufo\/glyphs\/colon.glif":"\/applegaramond-lightitalic.ufo\/glyphs\/colon.glif","\/applegaramond-lightitalic.ufo\/glyphs\/comma.glif":"\/applegaramond-lightitalic.ufo\/glyphs\/comma.glif","\/applegaramond-lightitalic.ufo\/glyphs\/contents.plist":"\/applegaramond-lightitalic.ufo\/glyphs\/contents.plist","\/applegaramond-lightitalic.ufo\/glyphs\/copyright.glif":"\/applegaramond-lightitalic.ufo\/glyphs\/copyright.glif","\/applegaramond-lightitalic.ufo\/glyphs\/currency.glif":"\/applegaramond-lightitalic.ufo\/glyphs\/currency.glif","\/applegaramond-lightitalic.ufo\/glyphs\/d.glif":"\/applegaramond-lightitalic.ufo\/glyphs\/d.glif","\/applegaramond-lightitalic.ufo\/glyphs\/dagger.glif":"\/applegaramond-lightitalic.ufo\/glyphs\/dagger.glif","\/applegaramond-lightitalic.ufo\/glyphs\/daggerdbl.glif":"\/applegaramond-lightitalic.ufo\/glyphs\/daggerdbl.glif","\/applegaramond-lightitalic.ufo\/glyphs\/degree.glif":"\/applegaramond-lightitalic.ufo\/glyphs\/degree.glif","\/applegaramond-lightitalic.ufo\/glyphs\/dieresis.glif":"\/applegaramond-lightitalic.ufo\/glyphs\/dieresis.glif","\/applegaramond-lightitalic.ufo\/glyphs\/divide.glif":"\/applegaramond-lightitalic.ufo\/glyphs\/divide.glif","\/applegaramond-lightitalic.ufo\/glyphs\/dollar.glif":"\/applegaramond-lightitalic.ufo\/glyphs\/dollar.glif","\/applegaramond-lightitalic.ufo\/glyphs\/dotaccent.glif":"\/applegaramond-lightitalic.ufo\/glyphs\/dotaccent.glif","\/applegaramond-lightitalic.ufo\/glyphs\/dotlessi.glif":"\/applegaramond-lightitalic.ufo\/glyphs\/dotlessi.glif","\/applegaramond-lightitalic.ufo\/glyphs\/e.glif":"\/applegaramond-lightitalic.ufo\/glyphs\/e.glif","\/applegaramond-lightitalic.ufo\/glyphs\/eacute.glif":"\/applegaramond-lightitalic.ufo\/glyphs\/eacute.glif","\/applegaramond-lightitalic.ufo\/glyphs\/ecircumflex.glif":"\/applegaramond-lightitalic.ufo\/glyphs\/ecircumflex.glif","\/applegaramond-lightitalic.ufo\/glyphs\/edieresis.glif":"\/applegaramond-lightitalic.ufo\/glyphs\/edieresis.glif","\/applegaramond-lightitalic.ufo\/glyphs\/egrave.glif":"\/applegaramond-lightitalic.ufo\/glyphs\/egrave.glif","\/applegaramond-lightitalic.ufo\/glyphs\/eight.glif":"\/applegaramond-lightitalic.ufo\/glyphs\/eight.glif","\/applegaramond-lightitalic.ufo\/glyphs\/ellipsis.glif":"\/applegaramond-lightitalic.ufo\/glyphs\/ellipsis.glif","\/applegaramond-lightitalic.ufo\/glyphs\/emdash.glif":"\/applegaramond-lightitalic.ufo\/glyphs\/emdash.glif","\/applegaramond-lightitalic.ufo\/glyphs\/endash.glif":"\/applegaramond-lightitalic.ufo\/glyphs\/endash.glif","\/applegaramond-lightitalic.ufo\/glyphs\/equal.glif":"\/applegaramond-lightitalic.ufo\/glyphs\/equal.glif","\/applegaramond-lightitalic.ufo\/glyphs\/eth.glif":"\/applegaramond-lightitalic.ufo\/glyphs\/eth.glif","\/applegaramond-lightitalic.ufo\/glyphs\/exclam.glif":"\/applegaramond-lightitalic.ufo\/glyphs\/exclam.glif","\/applegaramond-lightitalic.ufo\/glyphs\/exclamdown.glif":"\/applegaramond-lightitalic.ufo\/glyphs\/exclamdown.glif","\/applegaramond-lightitalic.ufo\/glyphs\/f.glif":"\/applegaramond-lightitalic.ufo\/glyphs\/f.glif","\/applegaramond-lightitalic.ufo\/glyphs\/fi.glif":"\/applegaramond-lightitalic.ufo\/glyphs\/fi.glif","\/applegaramond-lightitalic.ufo\/glyphs\/five.glif":"\/applegaramond-lightitalic.ufo\/glyphs\/five.glif","\/applegaramond-lightitalic.ufo\/glyphs\/fl.glif":"\/applegaramond-lightitalic.ufo\/glyphs\/fl.glif","\/applegaramond-lightitalic.ufo\/glyphs\/florin.glif":"\/applegaramond-lightitalic.ufo\/glyphs\/florin.glif","\/applegaramond-lightitalic.ufo\/glyphs\/four.glif":"\/applegaramond-lightitalic.ufo\/glyphs\/four.glif","\/applegaramond-lightitalic.ufo\/glyphs\/fraction.glif":"\/applegaramond-lightitalic.ufo\/glyphs\/fraction.glif","\/applegaramond-lightitalic.ufo\/glyphs\/g.glif":"\/applegaramond-lightitalic.ufo\/glyphs\/g.glif","\/applegaramond-lightitalic.ufo\/glyphs\/germandbls.glif":"\/applegaramond-lightitalic.ufo\/glyphs\/germandbls.glif","\/applegaramond-lightitalic.ufo\/glyphs\/grave.glif":"\/applegaramond-lightitalic.ufo\/glyphs\/grave.glif","\/applegaramond-lightitalic.ufo\/glyphs\/greater.glif":"\/applegaramond-lightitalic.ufo\/glyphs\/greater.glif","\/applegaramond-lightitalic.ufo\/glyphs\/guillemotleft.glif":"\/applegaramond-lightitalic.ufo\/glyphs\/guillemotleft.glif","\/applegaramond-lightitalic.ufo\/glyphs\/guillemotright.glif":"\/applegaramond-lightitalic.ufo\/glyphs\/guillemotright.glif","\/applegaramond-lightitalic.ufo\/glyphs\/guilsinglleft.glif":"\/applegaramond-lightitalic.ufo\/glyphs\/guilsinglleft.glif","\/applegaramond-lightitalic.ufo\/glyphs\/guilsinglright.glif":"\/applegaramond-lightitalic.ufo\/glyphs\/guilsinglright.glif","\/applegaramond-lightitalic.ufo\/glyphs\/h.glif":"\/applegaramond-lightitalic.ufo\/glyphs\/h.glif","\/applegaramond-lightitalic.ufo\/glyphs\/hungarumlaut.glif":"\/applegaramond-lightitalic.ufo\/glyphs\/hungarumlaut.glif","\/applegaramond-lightitalic.ufo\/glyphs\/hyphen.glif":"\/applegaramond-lightitalic.ufo\/glyphs\/hyphen.glif","\/applegaramond-lightitalic.ufo\/glyphs\/i.glif":"\/applegaramond-lightitalic.ufo\/glyphs\/i.glif","\/applegaramond-lightitalic.ufo\/glyphs\/iacute.glif":"\/applegaramond-lightitalic.ufo\/glyphs\/iacute.glif","\/applegaramond-lightitalic.ufo\/glyphs\/icircumflex.glif":"\/applegaramond-lightitalic.ufo\/glyphs\/icircumflex.glif","\/applegaramond-lightitalic.ufo\/glyphs\/idieresis.glif":"\/applegaramond-lightitalic.ufo\/glyphs\/idieresis.glif","\/applegaramond-lightitalic.ufo\/glyphs\/igrave.glif":"\/applegaramond-lightitalic.ufo\/glyphs\/igrave.glif","\/applegaramond-lightitalic.ufo\/glyphs\/j.glif":"\/applegaramond-lightitalic.ufo\/glyphs\/j.glif","\/applegaramond-lightitalic.ufo\/glyphs\/k.glif":"\/applegaramond-lightitalic.ufo\/glyphs\/k.glif","\/applegaramond-lightitalic.ufo\/glyphs\/l.glif":"\/applegaramond-lightitalic.ufo\/glyphs\/l.glif","\/applegaramond-lightitalic.ufo\/glyphs\/less.glif":"\/applegaramond-lightitalic.ufo\/glyphs\/less.glif","\/applegaramond-lightitalic.ufo\/glyphs\/logicalnot.glif":"\/applegaramond-lightitalic.ufo\/glyphs\/logicalnot.glif","\/applegaramond-lightitalic.ufo\/glyphs\/lslash.glif":"\/applegaramond-lightitalic.ufo\/glyphs\/lslash.glif","\/applegaramond-lightitalic.ufo\/glyphs\/m.glif":"\/applegaramond-lightitalic.ufo\/glyphs\/m.glif","\/applegaramond-lightitalic.ufo\/glyphs\/macron.glif":"\/applegaramond-lightitalic.ufo\/glyphs\/macron.glif","\/applegaramond-lightitalic.ufo\/glyphs\/minus.glif":"\/applegaramond-lightitalic.ufo\/glyphs\/minus.glif","\/applegaramond-lightitalic.ufo\/glyphs\/mu.glif":"\/applegaramond-lightitalic.ufo\/glyphs\/mu.glif","\/applegaramond-lightitalic.ufo\/glyphs\/multiply.glif":"\/applegaramond-lightitalic.ufo\/glyphs\/multiply.glif","\/applegaramond-lightitalic.ufo\/glyphs\/n.glif":"\/applegaramond-lightitalic.ufo\/glyphs\/n.glif","\/applegaramond-lightitalic.ufo\/glyphs\/nine.glif":"\/applegaramond-lightitalic.ufo\/glyphs\/nine.glif","\/applegaramond-lightitalic.ufo\/glyphs\/nonmarkingreturn.glif":"\/applegaramond-lightitalic.ufo\/glyphs\/nonmarkingreturn.glif","\/applegaramond-lightitalic.ufo\/glyphs\/ntilde.glif":"\/applegaramond-lightitalic.ufo\/glyphs\/ntilde.glif","\/applegaramond-lightitalic.ufo\/glyphs\/numbersign.glif":"\/applegaramond-lightitalic.ufo\/glyphs\/numbersign.glif","\/applegaramond-lightitalic.ufo\/glyphs\/o.glif":"\/applegaramond-lightitalic.ufo\/glyphs\/o.glif","\/applegaramond-lightitalic.ufo\/glyphs\/oacute.glif":"\/applegaramond-lightitalic.ufo\/glyphs\/oacute.glif","\/applegaramond-lightitalic.ufo\/glyphs\/ocircumflex.glif":"\/applegaramond-lightitalic.ufo\/glyphs\/ocircumflex.glif","\/applegaramond-lightitalic.ufo\/glyphs\/odieresis.glif":"\/applegaramond-lightitalic.ufo\/glyphs\/odieresis.glif","\/applegaramond-lightitalic.ufo\/glyphs\/oe.glif":"\/applegaramond-lightitalic.ufo\/glyphs\/oe.glif","\/applegaramond-lightitalic.ufo\/glyphs\/ogonek.glif":"\/applegaramond-lightitalic.ufo\/glyphs\/ogonek.glif","\/applegaramond-lightitalic.ufo\/glyphs\/ograve.glif":"\/applegaramond-lightitalic.ufo\/glyphs\/ograve.glif","\/applegaramond-lightitalic.ufo\/glyphs\/one.glif":"\/applegaramond-lightitalic.ufo\/glyphs\/one.glif","\/applegaramond-lightitalic.ufo\/glyphs\/onehalf.glif":"\/applegaramond-lightitalic.ufo\/glyphs\/onehalf.glif","\/applegaramond-lightitalic.ufo\/glyphs\/onequarter.glif":"\/applegaramond-lightitalic.ufo\/glyphs\/onequarter.glif","\/applegaramond-lightitalic.ufo\/glyphs\/onesuperior.glif":"\/applegaramond-lightitalic.ufo\/glyphs\/onesuperior.glif","\/applegaramond-lightitalic.ufo\/glyphs\/ordfeminine.glif":"\/applegaramond-lightitalic.ufo\/glyphs\/ordfeminine.glif","\/applegaramond-lightitalic.ufo\/glyphs\/ordmasculine.glif":"\/applegaramond-lightitalic.ufo\/glyphs\/ordmasculine.glif","\/applegaramond-lightitalic.ufo\/glyphs\/oslash.glif":"\/applegaramond-lightitalic.ufo\/glyphs\/oslash.glif","\/applegaramond-lightitalic.ufo\/glyphs\/otilde.glif":"\/applegaramond-lightitalic.ufo\/glyphs\/otilde.glif","\/applegaramond-lightitalic.ufo\/glyphs\/p.glif":"\/applegaramond-lightitalic.ufo\/glyphs\/p.glif","\/applegaramond-lightitalic.ufo\/glyphs\/paragraph.glif":"\/applegaramond-lightitalic.ufo\/glyphs\/paragraph.glif","\/applegaramond-lightitalic.ufo\/glyphs\/parenleft.glif":"\/applegaramond-lightitalic.ufo\/glyphs\/parenleft.glif","\/applegaramond-lightitalic.ufo\/glyphs\/parenright.glif":"\/applegaramond-lightitalic.ufo\/glyphs\/parenright.glif","\/applegaramond-lightitalic.ufo\/glyphs\/percent.glif":"\/applegaramond-lightitalic.ufo\/glyphs\/percent.glif","\/applegaramond-lightitalic.ufo\/glyphs\/period.glif":"\/applegaramond-lightitalic.ufo\/glyphs\/period.glif","\/applegaramond-lightitalic.ufo\/glyphs\/periodcentered.glif":"\/applegaramond-lightitalic.ufo\/glyphs\/periodcentered.glif","\/applegaramond-lightitalic.ufo\/glyphs\/perthousand.glif":"\/applegaramond-lightitalic.ufo\/glyphs\/perthousand.glif","\/applegaramond-lightitalic.ufo\/glyphs\/plus.glif":"\/applegaramond-lightitalic.ufo\/glyphs\/plus.glif","\/applegaramond-lightitalic.ufo\/glyphs\/plusminus.glif":"\/applegaramond-lightitalic.ufo\/glyphs\/plusminus.glif","\/applegaramond-lightitalic.ufo\/glyphs\/q.glif":"\/applegaramond-lightitalic.ufo\/glyphs\/q.glif","\/applegaramond-lightitalic.ufo\/glyphs\/question.glif":"\/applegaramond-lightitalic.ufo\/glyphs\/question.glif","\/applegaramond-lightitalic.ufo\/glyphs\/questiondown.glif":"\/applegaramond-lightitalic.ufo\/glyphs\/questiondown.glif","\/applegaramond-lightitalic.ufo\/glyphs\/quotedbl.glif":"\/applegaramond-lightitalic.ufo\/glyphs\/quotedbl.glif","\/applegaramond-lightitalic.ufo\/glyphs\/quotedblbase.glif":"\/applegaramond-lightitalic.ufo\/glyphs\/quotedblbase.glif","\/applegaramond-lightitalic.ufo\/glyphs\/quotedblleft.glif":"\/applegaramond-lightitalic.ufo\/glyphs\/quotedblleft.glif","\/applegaramond-lightitalic.ufo\/glyphs\/quotedblright.glif":"\/applegaramond-lightitalic.ufo\/glyphs\/quotedblright.glif","\/applegaramond-lightitalic.ufo\/glyphs\/quoteleft.glif":"\/applegaramond-lightitalic.ufo\/glyphs\/quoteleft.glif","\/applegaramond-lightitalic.ufo\/glyphs\/quoteright.glif":"\/applegaramond-lightitalic.ufo\/glyphs\/quoteright.glif","\/applegaramond-lightitalic.ufo\/glyphs\/quotesinglbase.glif":"\/applegaramond-lightitalic.ufo\/glyphs\/quotesinglbase.glif","\/applegaramond-lightitalic.ufo\/glyphs\/quotesingle.glif":"\/applegaramond-lightitalic.ufo\/glyphs\/quotesingle.glif","\/applegaramond-lightitalic.ufo\/glyphs\/r.glif":"\/applegaramond-lightitalic.ufo\/glyphs\/r.glif","\/applegaramond-lightitalic.ufo\/glyphs\/registered.glif":"\/applegaramond-lightitalic.ufo\/glyphs\/registered.glif","\/applegaramond-lightitalic.ufo\/glyphs\/ring.glif":"\/applegaramond-lightitalic.ufo\/glyphs\/ring.glif","\/applegaramond-lightitalic.ufo\/glyphs\/s.glif":"\/applegaramond-lightitalic.ufo\/glyphs\/s.glif","\/applegaramond-lightitalic.ufo\/glyphs\/scaron.glif":"\/applegaramond-lightitalic.ufo\/glyphs\/scaron.glif","\/applegaramond-lightitalic.ufo\/glyphs\/section.glif":"\/applegaramond-lightitalic.ufo\/glyphs\/section.glif","\/applegaramond-lightitalic.ufo\/glyphs\/semicolon.glif":"\/applegaramond-lightitalic.ufo\/glyphs\/semicolon.glif","\/applegaramond-lightitalic.ufo\/glyphs\/seven.glif":"\/applegaramond-lightitalic.ufo\/glyphs\/seven.glif","\/applegaramond-lightitalic.ufo\/glyphs\/six.glif":"\/applegaramond-lightitalic.ufo\/glyphs\/six.glif","\/applegaramond-lightitalic.ufo\/glyphs\/slash.glif":"\/applegaramond-lightitalic.ufo\/glyphs\/slash.glif","\/applegaramond-lightitalic.ufo\/glyphs\/space.glif":"\/applegaramond-lightitalic.ufo\/glyphs\/space.glif","\/applegaramond-lightitalic.ufo\/glyphs\/sterling.glif":"\/applegaramond-lightitalic.ufo\/glyphs\/sterling.glif","\/applegaramond-lightitalic.ufo\/glyphs\/t.glif":"\/applegaramond-lightitalic.ufo\/glyphs\/t.glif","\/applegaramond-lightitalic.ufo\/glyphs\/thorn.glif":"\/applegaramond-lightitalic.ufo\/glyphs\/thorn.glif","\/applegaramond-lightitalic.ufo\/glyphs\/three.glif":"\/applegaramond-lightitalic.ufo\/glyphs\/three.glif","\/applegaramond-lightitalic.ufo\/glyphs\/threequarters.glif":"\/applegaramond-lightitalic.ufo\/glyphs\/threequarters.glif","\/applegaramond-lightitalic.ufo\/glyphs\/threesuperior.glif":"\/applegaramond-lightitalic.ufo\/glyphs\/threesuperior.glif","\/applegaramond-lightitalic.ufo\/glyphs\/tilde.glif":"\/applegaramond-lightitalic.ufo\/glyphs\/tilde.glif","\/applegaramond-lightitalic.ufo\/glyphs\/trademark.glif":"\/applegaramond-lightitalic.ufo\/glyphs\/trademark.glif","\/applegaramond-lightitalic.ufo\/glyphs\/two.glif":"\/applegaramond-lightitalic.ufo\/glyphs\/two.glif","\/applegaramond-lightitalic.ufo\/glyphs\/twosuperior.glif":"\/applegaramond-lightitalic.ufo\/glyphs\/twosuperior.glif","\/applegaramond-lightitalic.ufo\/glyphs\/u.glif":"\/applegaramond-lightitalic.ufo\/glyphs\/u.glif","\/applegaramond-lightitalic.ufo\/glyphs\/uacute.glif":"\/applegaramond-lightitalic.ufo\/glyphs\/uacute.glif","\/applegaramond-lightitalic.ufo\/glyphs\/ucircumflex.glif":"\/applegaramond-lightitalic.ufo\/glyphs\/ucircumflex.glif","\/applegaramond-lightitalic.ufo\/glyphs\/udieresis.glif":"\/applegaramond-lightitalic.ufo\/glyphs\/udieresis.glif","\/applegaramond-lightitalic.ufo\/glyphs\/ugrave.glif":"\/applegaramond-lightitalic.ufo\/glyphs\/ugrave.glif","\/applegaramond-lightitalic.ufo\/glyphs\/underscore.glif":"\/applegaramond-lightitalic.ufo\/glyphs\/underscore.glif","\/applegaramond-lightitalic.ufo\/glyphs\/v.glif":"\/applegaramond-lightitalic.ufo\/glyphs\/v.glif","\/applegaramond-lightitalic.ufo\/glyphs\/w.glif":"\/applegaramond-lightitalic.ufo\/glyphs\/w.glif","\/applegaramond-lightitalic.ufo\/glyphs\/x.glif":"\/applegaramond-lightitalic.ufo\/glyphs\/x.glif","\/applegaramond-lightitalic.ufo\/glyphs\/y.glif":"\/applegaramond-lightitalic.ufo\/glyphs\/y.glif","\/applegaramond-lightitalic.ufo\/glyphs\/yacute.glif":"\/applegaramond-lightitalic.ufo\/glyphs\/yacute.glif","\/applegaramond-lightitalic.ufo\/glyphs\/ydieresis.glif":"\/applegaramond-lightitalic.ufo\/glyphs\/ydieresis.glif","\/applegaramond-lightitalic.ufo\/glyphs\/yen.glif":"\/applegaramond-lightitalic.ufo\/glyphs\/yen.glif","\/applegaramond-lightitalic.ufo\/glyphs\/z.glif":"\/applegaramond-lightitalic.ufo\/glyphs\/z.glif","\/applegaramond-lightitalic.ufo\/glyphs\/zcaron.glif":"\/applegaramond-lightitalic.ufo\/glyphs\/zcaron.glif","\/applegaramond-lightitalic.ufo\/glyphs\/zero.glif":"\/applegaramond-lightitalic.ufo\/glyphs\/zero.glif"},"Font":{"uploaded":1489381746.807,"licence":"gpl3","company":"Chronolabs Cooperative","title":"Apple Garamond Light Italic","version":3.002,"date":"Thu Dec 29 07:57:22 2016","creator":"root","type":"1","matrix":"0.001 0 0 0.001 0 0","named":"AppleGaramondLight-Italic","painttype":"0","info":"10 dict dup","name":"Apple Garamond Light Italic","family":"Apple Garamond Light","weight":"Book","fstype":"0","italicangle":"13","underlineposition":"","underlinethickness":""},"Licences":{"":false},"Table":{"FFTM":{"entryLength":16,"tag":"FFTM","checksum":1968263734,"offset":40160,"length":28},"GDEF":{"entryLength":16,"tag":"GDEF","checksum":18087940,"offset":40128,"length":32},"OS\/2":{"entryLength":16,"tag":"OS\/2","checksum":1450514465,"offset":344,"length":86},"cmap":{"entryLength":16,"tag":"cmap","checksum":4001253800,"offset":1356,"length":578},"gasp":{"entryLength":16,"tag":"gasp","checksum":4294901763,"offset":40120,"length":8},"glyf":{"entryLength":16,"tag":"glyf","checksum":1615218502,"offset":2400,"length":36300},"head":{"entryLength":16,"tag":"head","checksum":186588669,"offset":220,"length":54},"hhea":{"entryLength":16,"tag":"hhea","checksum":112329665,"offset":276,"length":36},"hmtx":{"entryLength":16,"tag":"hmtx","checksum":2472544054,"offset":432,"length":924},"loca":{"entryLength":16,"tag":"loca","checksum":310261688,"offset":1936,"length":464},"maxp":{"entryLength":16,"tag":"maxp","checksum":20316516,"offset":312,"length":32},"name":{"entryLength":16,"tag":"name","checksum":4086306951,"offset":38700,"length":921},"post":{"entryLength":16,"tag":"post","checksum":917255841,"offset":39624,"length":496}},"UnicodeCharMap":{"0":1,"13":2,"32":3,"33":4,"34":5,"35":6,"36":7,"37":8,"38":9,"39":10,"40":11,"41":12,"42":13,"43":14,"44":15,"45":16,"46":17,"47":18,"48":19,"49":20,"50":21,"51":22,"52":23,"53":24,"54":25,"55":26,"56":27,"57":28,"58":29,"59":30,"60":31,"61":32,"62":33,"63":34,"64":35,"65":36,"66":37,"67":38,"68":39,"69":40,"70":41,"71":42,"72":43,"73":44,"74":45,"75":46,"76":47,"77":48,"78":49,"79":50,"80":51,"81":52,"82":53,"83":54,"84":55,"85":56,"86":57,"87":58,"88":59,"89":60,"90":61,"91":62,"92":63,"93":64,"94":65,"95":66,"96":67,"97":68,"98":69,"99":70,"100":71,"101":72,"102":73,"103":74,"104":75,"105":76,"106":77,"107":78,"108":79,"109":80,"110":81,"111":82,"112":83,"113":84,"114":85,"115":86,"116":87,"117":88,"118":89,"119":90,"120":91,"121":92,"122":93,"123":94,"124":95,"125":96,"126":97,"161":98,"162":99,"163":100,"164":101,"165":102,"166":103,"167":104,"168":105,"169":106,"170":107,"171":108,"172":109,"174":110,"175":111,"176":112,"177":113,"178":114,"179":115,"180":116,"182":118,"183":119,"184":120,"185":121,"186":122,"187":123,"188":124,"189":125,"190":126,"191":127,"192":128,"193":129,"194":130,"195":131,"196":132,"197":133,"198":134,"199":135,"200":136,"201":137,"202":138,"203":139,"204":140,"205":141,"206":142,"207":143,"208":144,"209":145,"210":146,"211":147,"212":148,"213":149,"214":150,"215":151,"216":152,"217":153,"218":154,"219":155,"220":156,"221":157,"222":158,"223":159,"224":160,"225":161,"226":162,"227":163,"228":164,"229":165,"230":166,"231":167,"232":168,"233":169,"234":170,"235":171,"236":172,"237":173,"238":174,"239":175,"240":176,"241":177,"242":178,"243":179,"244":180,"245":181,"246":182,"247":183,"248":184,"249":185,"250":186,"251":187,"252":188,"253":189,"254":190,"255":191,"305":201,"321":223,"322":227,"338":192,"339":211,"352":224,"353":229,"376":193,"381":225,"382":230,"402":207,"710":197,"711":196,"728":194,"729":200,"730":220,"731":212,"732":221,"733":210,"956":117,"8211":204,"8212":203,"8216":217,"8217":218,"8218":219,"8220":215,"8221":216,"8222":214,"8224":198,"8225":199,"8226":195,"8230":202,"8240":213,"8249":208,"8250":209,"8260":226,"8482":222,"8722":228,"64257":205,"64258":206},"Reserves":{"fontname":"Apple Garamond Light Italic"},"Names":{"Apple Garamond Light Italic":{"name":"Apple Garamond Light Italic","longitude":"0.00000001","latitude":"0.00000001","country":"","region":"","city":""}},"Nodes":{"ap":{"type":"typal","node":"ap","usage":1,"weight":1},"le":{"type":"typal","node":"le","usage":1,"weight":1},"ga":{"type":"typal","node":"ga","usage":1,"weight":1},"nd":{"type":"typal","node":"nd","usage":1,"weight":1},"li":{"type":"typal","node":"li","usage":1,"weight":1},"ht":{"type":"typal","node":"ht","usage":1,"weight":1},"it":{"type":"typal","node":"it","usage":1,"weight":1},"ic":{"type":"typal","node":"ic","usage":1,"weight":1},"app":{"type":"typal","node":"app","usage":1,"weight":1},"ple":{"type":"typal","node":"ple","usage":1,"weight":1},"gar":{"type":"typal","node":"gar","usage":1,"weight":1},"ond":{"type":"typal","node":"ond","usage":1,"weight":1},"lig":{"type":"typal","node":"lig","usage":1,"weight":1},"ght":{"type":"typal","node":"ght","usage":1,"weight":1},"ita":{"type":"typal","node":"ita","usage":1,"weight":1},"lic":{"type":"typal","node":"lic","usage":1,"weight":1},"appl":{"type":"keys","node":"appl","usage":1,"weight":1},"pple":{"type":"keys","node":"pple","usage":1,"weight":1},"gara":{"type":"keys","node":"gara","usage":1,"weight":1},"mond":{"type":"keys","node":"mond","usage":1,"weight":1},"ligh":{"type":"keys","node":"ligh","usage":1,"weight":1},"ight":{"type":"keys","node":"ight","usage":1,"weight":1},"ital":{"type":"keys","node":"ital","usage":1,"weight":1},"alic":{"type":"keys","node":"alic","usage":1,"weight":1},"garam":{"type":"keys","node":"garam","usage":1,"weight":1},"amond":{"type":"keys","node":"amond","usage":1,"weight":1},"itali":{"type":"keys","node":"itali","usage":1,"weight":1},"talic":{"type":"keys","node":"talic","usage":1,"weight":1},"apple":{"type":"fixes","node":"apple","usage":1,"weight":1},"garamond":{"type":"fixes","node":"garamond","usage":1,"weight":1},"light":{"type":"fixes","node":"light","usage":1,"weight":1},"italic":{"type":"fixes","node":"italic","usage":1,"weight":1}},"Contributors":[],"FontIdentity":"sweetpuff0:76e9e0164268718a04758","Bytes":null,"Networking":[],"barcode":"KOiW32KO6miqW","referee":"agMsIAs"}