{"CSS":{"Atomic":"Atomic.css"},"FontType":"TrueType","FontCopyright":"Atomic (c)1999, Fontalicious Fonts.","FontName":"Atomic","FontSubfamily":"Book","FontSubfamilyID":"FontForge 2.0 : Atomic : 25-11-2016","FontFullName":"Atomic","FontVersion":"Version Macromedia Fontograp ","FontWeight":null,"FontPostscriptName":"Atomic","Files":{"atomic.afm":"atomic.afm","atomic.bin":"atomic.bin","atomic.cef":"atomic.cef","atomic.cff":"atomic.cff","atomic.cid":"atomic.cid","atomic.dfont":"atomic.dfont","atomic.eot":"atomic.eot","atomic.fon":"atomic.fon","atomic.gai":"atomic.gai","atomic.gsf":"atomic.gsf","atomic.hqx":"atomic.hqx","atomic.ik":"atomic.ik","atomic.mf":"atomic.mf","atomic.otf":"atomic.otf","atomic.pcf":"atomic.pcf","atomic.pf3":"atomic.pf3","atomic.pfa":"atomic.pfa","atomic.pfb":"atomic.pfb","atomic.php":"atomic.php","atomic.pmf":"atomic.pmf","atomic.pt3":"atomic.pt3","atomic.sfd":"atomic.sfd","atomic.svg":"atomic.svg","atomic.t42":"atomic.t42","atomic.ttd":"atomic.ttd","atomic.ttf":"atomic.ttf","atomic.ttg":"atomic.ttg","atomic.ufm":"atomic.ufm","atomic.woff":"atomic.woff","atomic.z":"atomic.z","":{"atomic.afm":"atomic.afm","atomic.bin":"atomic.bin","atomic.cef":"atomic.cef","atomic.cff":"atomic.cff","atomic.cid":"atomic.cid","atomic.dfont":"atomic.dfont","atomic.eot":"atomic.eot","atomic.fon":"atomic.fon","atomic.gai":"atomic.gai","atomic.gsf":"atomic.gsf","atomic.hqx":"atomic.hqx","atomic.ik":"atomic.ik","atomic.mf":"atomic.mf","atomic.otf":"atomic.otf","atomic.pcf":"atomic.pcf","atomic.pf3":"atomic.pf3","atomic.pfa":"atomic.pfa","atomic.pfb":"atomic.pfb","atomic.php":"atomic.php","atomic.pmf":"atomic.pmf","atomic.pt3":"atomic.pt3","atomic.sfd":"atomic.sfd","atomic.svg":"atomic.svg","atomic.t42":"atomic.t42","atomic.ttd":"atomic.ttd","atomic.ttf":"atomic.ttf","atomic.ttg":"atomic.ttg","atomic.ufm":"atomic.ufm","atomic.woff":"atomic.woff","atomic.z":"atomic.z"},"\/atomic.ufo":{"feature.fea":"feature.fea","fontinfo.plist":"fontinfo.plist","groups.plist":"groups.plist","kerning.plist":"kerning.plist","metainfo.plist":"metainfo.plist"},"\/atomic.ufo\/glyphs":{"A_.glif":"A_.glif","A_E_.glif":"A_E_.glif","A_acute.glif":"A_acute.glif","A_circumflex.glif":"A_circumflex.glif","A_dieresis.glif":"A_dieresis.glif","A_grave.glif":"A_grave.glif","A_ring.glif":"A_ring.glif","A_tilde.glif":"A_tilde.glif","B_.glif":"B_.glif","C_.glif":"C_.glif","C_cedilla.glif":"C_cedilla.glif","D_.glif":"D_.glif","D_elta.glif":"D_elta.glif","E_.glif":"E_.glif","E_acute.glif":"E_acute.glif","E_circumflex.glif":"E_circumflex.glif","E_dieresis.glif":"E_dieresis.glif","E_grave.glif":"E_grave.glif","E_th.glif":"E_th.glif","F_.glif":"F_.glif","G_.glif":"G_.glif","H_.glif":"H_.glif","I_.glif":"I_.glif","I_acute.glif":"I_acute.glif","I_circumflex.glif":"I_circumflex.glif","I_dieresis.glif":"I_dieresis.glif","I_grave.glif":"I_grave.glif","J_.glif":"J_.glif","K_.glif":"K_.glif","L_.glif":"L_.glif","L_slash.glif":"L_slash.glif","M_.glif":"M_.glif","N_.glif":"N_.glif","N_tilde.glif":"N_tilde.glif","O_.glif":"O_.glif","O_E_.glif":"O_E_.glif","O_acute.glif":"O_acute.glif","O_circumflex.glif":"O_circumflex.glif","O_dieresis.glif":"O_dieresis.glif","O_grave.glif":"O_grave.glif","O_mega.glif":"O_mega.glif","O_slash.glif":"O_slash.glif","O_tilde.glif":"O_tilde.glif","P_.glif":"P_.glif","Q_.glif":"Q_.glif","R_.glif":"R_.glif","S_.glif":"S_.glif","S_caron.glif":"S_caron.glif","T_.glif":"T_.glif","T_horn.glif":"T_horn.glif","U_.glif":"U_.glif","U_acute.glif":"U_acute.glif","U_circumflex.glif":"U_circumflex.glif","U_dieresis.glif":"U_dieresis.glif","U_grave.glif":"U_grave.glif","V_.glif":"V_.glif","W_.glif":"W_.glif","X_.glif":"X_.glif","Y_.glif":"Y_.glif","Y_acute.glif":"Y_acute.glif","Y_dieresis.glif":"Y_dieresis.glif","Z_.glif":"Z_.glif","Z_caron.glif":"Z_caron.glif","_notdef.glif":"_notdef.glif","_null.glif":"_null.glif","a.glif":"a.glif","aacute.glif":"aacute.glif","acircumflex.glif":"acircumflex.glif","acute.glif":"acute.glif","adieresis.glif":"adieresis.glif","ae.glif":"ae.glif","agrave.glif":"agrave.glif","ampersand.glif":"ampersand.glif","apple.glif":"apple.glif","approxequal.glif":"approxequal.glif","aring.glif":"aring.glif","asciicircum.glif":"asciicircum.glif","asciitilde.glif":"asciitilde.glif","asterisk.glif":"asterisk.glif","at.glif":"at.glif","atilde.glif":"atilde.glif","b.glif":"b.glif","backslash.glif":"backslash.glif","bar.glif":"bar.glif","braceleft.glif":"braceleft.glif","braceright.glif":"braceright.glif","bracketleft.glif":"bracketleft.glif","bracketright.glif":"bracketright.glif","breve.glif":"breve.glif","bullet.glif":"bullet.glif","c.glif":"c.glif","caron.glif":"caron.glif","ccedilla.glif":"ccedilla.glif","cedilla.glif":"cedilla.glif","cent.glif":"cent.glif","circumflex.glif":"circumflex.glif","colon.glif":"colon.glif","comma.glif":"comma.glif","contents.plist":"contents.plist","copyright.glif":"copyright.glif","currency.glif":"currency.glif","d.glif":"d.glif","dagger.glif":"dagger.glif","daggerdbl.glif":"daggerdbl.glif","degree.glif":"degree.glif","dieresis.glif":"dieresis.glif","divide.glif":"divide.glif","dollar.glif":"dollar.glif","dotaccent.glif":"dotaccent.glif","dotlessi.glif":"dotlessi.glif","e.glif":"e.glif","eacute.glif":"eacute.glif","ecircumflex.glif":"ecircumflex.glif","edieresis.glif":"edieresis.glif","egrave.glif":"egrave.glif","eight.glif":"eight.glif","ellipsis.glif":"ellipsis.glif","emdash.glif":"emdash.glif","endash.glif":"endash.glif","equal.glif":"equal.glif","eth.glif":"eth.glif","exclam.glif":"exclam.glif","exclamdown.glif":"exclamdown.glif","f.glif":"f.glif","fi.glif":"fi.glif","five.glif":"five.glif","fl.glif":"fl.glif","florin.glif":"florin.glif","four.glif":"four.glif","fraction.glif":"fraction.glif","g.glif":"g.glif","germandbls.glif":"germandbls.glif","grave.glif":"grave.glif","greater.glif":"greater.glif","greaterequal.glif":"greaterequal.glif","guillemotleft.glif":"guillemotleft.glif","guillemotright.glif":"guillemotright.glif","guilsinglleft.glif":"guilsinglleft.glif","guilsinglright.glif":"guilsinglright.glif","h.glif":"h.glif","hungarumlaut.glif":"hungarumlaut.glif","hyphen.glif":"hyphen.glif","i.glif":"i.glif","iacute.glif":"iacute.glif","icircumflex.glif":"icircumflex.glif","idieresis.glif":"idieresis.glif","igrave.glif":"igrave.glif","infinity.glif":"infinity.glif","integral.glif":"integral.glif","j.glif":"j.glif","k.glif":"k.glif","l.glif":"l.glif","less.glif":"less.glif","lessequal.glif":"lessequal.glif","logicalnot.glif":"logicalnot.glif","lozenge.glif":"lozenge.glif","lslash.glif":"lslash.glif","m.glif":"m.glif","macron.glif":"macron.glif","mu.glif":"mu.glif","n.glif":"n.glif","nine.glif":"nine.glif","nonmarkingreturn.glif":"nonmarkingreturn.glif","notequal.glif":"notequal.glif","ntilde.glif":"ntilde.glif","numbersign.glif":"numbersign.glif","o.glif":"o.glif","oacute.glif":"oacute.glif","ocircumflex.glif":"ocircumflex.glif","odieresis.glif":"odieresis.glif","oe.glif":"oe.glif","ogonek.glif":"ogonek.glif","ograve.glif":"ograve.glif","one.glif":"one.glif","ordfeminine.glif":"ordfeminine.glif","ordmasculine.glif":"ordmasculine.glif","oslash.glif":"oslash.glif","otilde.glif":"otilde.glif","p.glif":"p.glif","paragraph.glif":"paragraph.glif","parenleft.glif":"parenleft.glif","parenright.glif":"parenright.glif","partialdiff.glif":"partialdiff.glif","percent.glif":"percent.glif","period.glif":"period.glif","periodcentered.glif":"periodcentered.glif","perthousand.glif":"perthousand.glif","pi.glif":"pi.glif","plus.glif":"plus.glif","plusminus.glif":"plusminus.glif","product.glif":"product.glif","q.glif":"q.glif","question.glif":"question.glif","questiondown.glif":"questiondown.glif","quotedbl.glif":"quotedbl.glif","quotedblbase.glif":"quotedblbase.glif","quotedblleft.glif":"quotedblleft.glif","quotedblright.glif":"quotedblright.glif","quoteleft.glif":"quoteleft.glif","quoteright.glif":"quoteright.glif","quotesinglbase.glif":"quotesinglbase.glif","quotesingle.glif":"quotesingle.glif","r.glif":"r.glif","radical.glif":"radical.glif","registered.glif":"registered.glif","ring.glif":"ring.glif","s.glif":"s.glif","scaron.glif":"scaron.glif","section.glif":"section.glif","semicolon.glif":"semicolon.glif","seven.glif":"seven.glif","six.glif":"six.glif","slash.glif":"slash.glif","space.glif":"space.glif","sterling.glif":"sterling.glif","summation.glif":"summation.glif","t.glif":"t.glif","thorn.glif":"thorn.glif","three.glif":"three.glif","tilde.glif":"tilde.glif","trademark.glif":"trademark.glif","two.glif":"two.glif","u.glif":"u.glif","uacute.glif":"uacute.glif","ucircumflex.glif":"ucircumflex.glif","udieresis.glif":"udieresis.glif","ugrave.glif":"ugrave.glif","underscore.glif":"underscore.glif","v.glif":"v.glif","w.glif":"w.glif","x.glif":"x.glif","y.glif":"y.glif","yacute.glif":"yacute.glif","ydieresis.glif":"ydieresis.glif","yen.glif":"yen.glif","z.glif":"z.glif","zcaron.glif":"zcaron.glif","zero.glif":"zero.glif"}},"Font":{"uploaded":1480042894.0815,"licence":"gpl3","company":"Chronolabs Cooperative","title":"Atomic","version":2.001,"date":"Sun Aug 28 08:11:08 2016","creator":"root","type":"1","matrix":"0.001 0 0 0.001 0 0","named":"Atomic","painttype":"0","info":"10 dict dup","name":"Atomic","family":"Atomic","weight":"Book","fstype":"1","italicangle":"0","underlineposition":"","underlinethickness":""},"Table":{"FFTM":{"entryLength":16,"tag":"FFTM","checksum":1947018184,"offset":34708,"length":28},"GDEF":{"entryLength":16,"tag":"GDEF","checksum":18481156,"offset":34676,"length":32},"OS\/2":{"entryLength":16,"tag":"OS\/2","checksum":1998076399,"offset":344,"length":86},"cmap":{"entryLength":16,"tag":"cmap","checksum":2760556614,"offset":1380,"length":700},"gasp":{"entryLength":16,"tag":"gasp","checksum":4294901763,"offset":34668,"length":8},"glyf":{"entryLength":16,"tag":"glyf","checksum":262080998,"offset":2556,"length":31044},"head":{"entryLength":16,"tag":"head","checksum":169349527,"offset":220,"length":54},"hhea":{"entryLength":16,"tag":"hhea","checksum":106758896,"offset":276,"length":36},"hmtx":{"entryLength":16,"tag":"hmtx","checksum":77659797,"offset":432,"length":948},"loca":{"entryLength":16,"tag":"loca","checksum":2188812944,"offset":2080,"length":476},"maxp":{"entryLength":16,"tag":"maxp","checksum":21365121,"offset":312,"length":32},"name":{"entryLength":16,"tag":"name","checksum":1338840854,"offset":33600,"length":558},"post":{"entryLength":16,"tag":"post","checksum":928986788,"offset":34160,"length":508}},"UnicodeCharMap":{"0":1,"13":2,"32":3,"33":4,"34":5,"35":6,"36":7,"37":8,"38":9,"39":10,"40":11,"41":12,"42":13,"43":14,"44":15,"45":16,"46":17,"47":18,"48":19,"49":20,"50":21,"51":22,"52":23,"53":24,"54":25,"55":26,"56":27,"57":28,"58":29,"59":30,"60":31,"61":32,"62":33,"63":34,"64":35,"65":36,"66":37,"67":38,"68":39,"69":40,"70":41,"71":42,"72":43,"73":44,"74":45,"75":46,"76":47,"77":48,"78":49,"79":50,"80":51,"81":52,"82":53,"83":54,"84":55,"85":56,"86":57,"87":58,"88":59,"89":60,"90":61,"91":62,"92":63,"93":64,"94":65,"95":66,"96":67,"97":68,"98":69,"99":70,"100":71,"101":72,"102":73,"103":74,"104":75,"105":76,"106":77,"107":78,"108":79,"109":80,"110":81,"111":82,"112":83,"113":84,"114":85,"115":86,"116":87,"117":88,"118":89,"119":90,"120":91,"121":92,"122":93,"123":94,"124":95,"125":96,"126":97,"161":98,"162":99,"163":100,"164":101,"165":102,"167":103,"168":104,"169":105,"170":106,"171":107,"172":108,"174":109,"175":110,"176":111,"177":112,"180":113,"182":115,"183":116,"184":117,"186":118,"187":119,"191":120,"192":121,"193":122,"194":123,"195":124,"196":125,"197":126,"198":127,"199":128,"200":129,"201":130,"202":131,"203":132,"204":133,"205":134,"206":135,"207":136,"208":137,"209":138,"210":139,"211":140,"212":141,"213":142,"214":143,"216":144,"217":145,"218":146,"219":147,"220":148,"221":149,"222":150,"223":151,"224":152,"225":153,"226":154,"227":155,"228":156,"229":157,"230":158,"231":159,"232":160,"233":161,"234":162,"235":163,"236":164,"237":165,"238":166,"239":167,"240":168,"241":169,"242":170,"243":171,"244":172,"245":173,"246":174,"247":175,"248":176,"249":177,"250":178,"251":179,"252":180,"253":181,"254":182,"255":183,"305":205,"321":214,"322":215,"338":188,"339":189,"352":216,"353":217,"376":235,"381":218,"382":219,"402":186,"710":206,"711":213,"728":208,"729":209,"730":210,"731":212,"732":207,"733":211,"916":233,"937":230,"956":114,"960":228,"8211":190,"8212":191,"8216":194,"8217":195,"8218":202,"8220":192,"8221":193,"8222":203,"8224":184,"8225":201,"8226":185,"8230":187,"8240":204,"8249":197,"8250":198,"8260":196,"8482":220,"8706":225,"8719":227,"8721":226,"8730":231,"8734":222,"8747":229,"8776":232,"8800":221,"8804":223,"8805":224,"9674":234,"64257":199,"64258":200},"Reserves":null,"Names":[],"Nodes":{"at":{"type":"typal","node":"at","usage":1,"weight":1},"ic":{"type":"typal","node":"ic","usage":1,"weight":1},"ato":{"type":"typal","node":"ato","usage":1,"weight":1},"mic":{"type":"typal","node":"mic","usage":1,"weight":1},"atom":{"type":"keys","node":"atom","usage":1,"weight":1},"omic":{"type":"keys","node":"omic","usage":1,"weight":1},"atomi":{"type":"keys","node":"atomi","usage":1,"weight":1},"tomic":{"type":"keys","node":"tomic","usage":1,"weight":1},"atomic":{"type":"fixes","node":"atomic","usage":1,"weight":1}},"Contributors":[],"FontIdentity":"7896557304e0f1901f108ef24d9e1ae6","Bytes":2982953,"Networking":[],"barcode":"uwm10ekmmqwgm","referee":"wwgukq0o"}