{"CSS":{"OCRBStd":"thatcher0:53e79091859de256ad348b.css"},"FontType":"TrueType","FontCopyright":"Copyright 1988, 1992, 2002 Adobe Systems Incorporated. All rights reserved.","FontName":"OCR B Std","FontSubfamily":"Medium","FontSubfamilyID":"FontForge 2.0 : OCRBStd : 28-8-2016","FontFullName":"OCRBStd","FontVersion":"Version 2.000 ","FontWeight":null,"FontPostscriptName":"OCRBStd","Files":{"\/OCRBStd.css":"\/OCRBStd.css","\/font-resource.json":"\/font-resource.json","\/ocrbstd.afm":"\/ocrbstd.afm","\/ocrbstd.cef":"\/ocrbstd.cef","\/ocrbstd.cff":"\/ocrbstd.cff","\/ocrbstd.eot":"\/ocrbstd.eot","\/ocrbstd.gai":"\/ocrbstd.gai","\/ocrbstd.gsf":"\/ocrbstd.gsf","\/ocrbstd.otf":"\/ocrbstd.otf","\/ocrbstd.pf3":"\/ocrbstd.pf3","\/ocrbstd.pfa":"\/ocrbstd.pfa","\/ocrbstd.pfb":"\/ocrbstd.pfb","\/ocrbstd.php":"\/ocrbstd.php","\/ocrbstd.pt3":"\/ocrbstd.pt3","\/ocrbstd.sfd":"\/ocrbstd.sfd","\/ocrbstd.svg":"\/ocrbstd.svg","\/ocrbstd.t42":"\/ocrbstd.t42","\/ocrbstd.ttd":"\/ocrbstd.ttd","\/ocrbstd.ttf":"\/ocrbstd.ttf","\/ocrbstd.ttg":"\/ocrbstd.ttg","\/ocrbstd.ufm":"\/ocrbstd.ufm","\/ocrbstd.woff":"\/ocrbstd.woff","\/ocrbstd.z":"\/ocrbstd.z","\/ocrbstd.ufo\/feature.fea":"\/ocrbstd.ufo\/feature.fea","\/ocrbstd.ufo\/fontinfo.plist":"\/ocrbstd.ufo\/fontinfo.plist","\/ocrbstd.ufo\/groups.plist":"\/ocrbstd.ufo\/groups.plist","\/ocrbstd.ufo\/kerning.plist":"\/ocrbstd.ufo\/kerning.plist","\/ocrbstd.ufo\/metainfo.plist":"\/ocrbstd.ufo\/metainfo.plist","\/ocrbstd.ufo\/glyphs\/A_.glif":"\/ocrbstd.ufo\/glyphs\/A_.glif","\/ocrbstd.ufo\/glyphs\/A_E_.glif":"\/ocrbstd.ufo\/glyphs\/A_E_.glif","\/ocrbstd.ufo\/glyphs\/A_acute.glif":"\/ocrbstd.ufo\/glyphs\/A_acute.glif","\/ocrbstd.ufo\/glyphs\/A_circumflex.glif":"\/ocrbstd.ufo\/glyphs\/A_circumflex.glif","\/ocrbstd.ufo\/glyphs\/A_dieresis.glif":"\/ocrbstd.ufo\/glyphs\/A_dieresis.glif","\/ocrbstd.ufo\/glyphs\/A_grave.glif":"\/ocrbstd.ufo\/glyphs\/A_grave.glif","\/ocrbstd.ufo\/glyphs\/A_ring.glif":"\/ocrbstd.ufo\/glyphs\/A_ring.glif","\/ocrbstd.ufo\/glyphs\/A_tilde.glif":"\/ocrbstd.ufo\/glyphs\/A_tilde.glif","\/ocrbstd.ufo\/glyphs\/B_.glif":"\/ocrbstd.ufo\/glyphs\/B_.glif","\/ocrbstd.ufo\/glyphs\/C_.glif":"\/ocrbstd.ufo\/glyphs\/C_.glif","\/ocrbstd.ufo\/glyphs\/C_cedilla.glif":"\/ocrbstd.ufo\/glyphs\/C_cedilla.glif","\/ocrbstd.ufo\/glyphs\/D_.glif":"\/ocrbstd.ufo\/glyphs\/D_.glif","\/ocrbstd.ufo\/glyphs\/D_elta.glif":"\/ocrbstd.ufo\/glyphs\/D_elta.glif","\/ocrbstd.ufo\/glyphs\/E_.glif":"\/ocrbstd.ufo\/glyphs\/E_.glif","\/ocrbstd.ufo\/glyphs\/E_acute.glif":"\/ocrbstd.ufo\/glyphs\/E_acute.glif","\/ocrbstd.ufo\/glyphs\/E_circumflex.glif":"\/ocrbstd.ufo\/glyphs\/E_circumflex.glif","\/ocrbstd.ufo\/glyphs\/E_dieresis.glif":"\/ocrbstd.ufo\/glyphs\/E_dieresis.glif","\/ocrbstd.ufo\/glyphs\/E_grave.glif":"\/ocrbstd.ufo\/glyphs\/E_grave.glif","\/ocrbstd.ufo\/glyphs\/E_th.glif":"\/ocrbstd.ufo\/glyphs\/E_th.glif","\/ocrbstd.ufo\/glyphs\/E_uro.glif":"\/ocrbstd.ufo\/glyphs\/E_uro.glif","\/ocrbstd.ufo\/glyphs\/F_.glif":"\/ocrbstd.ufo\/glyphs\/F_.glif","\/ocrbstd.ufo\/glyphs\/G_.glif":"\/ocrbstd.ufo\/glyphs\/G_.glif","\/ocrbstd.ufo\/glyphs\/H_.glif":"\/ocrbstd.ufo\/glyphs\/H_.glif","\/ocrbstd.ufo\/glyphs\/I_.glif":"\/ocrbstd.ufo\/glyphs\/I_.glif","\/ocrbstd.ufo\/glyphs\/I_J_.glif":"\/ocrbstd.ufo\/glyphs\/I_J_.glif","\/ocrbstd.ufo\/glyphs\/I_acute.glif":"\/ocrbstd.ufo\/glyphs\/I_acute.glif","\/ocrbstd.ufo\/glyphs\/I_circumflex.glif":"\/ocrbstd.ufo\/glyphs\/I_circumflex.glif","\/ocrbstd.ufo\/glyphs\/I_dieresis.glif":"\/ocrbstd.ufo\/glyphs\/I_dieresis.glif","\/ocrbstd.ufo\/glyphs\/I_grave.glif":"\/ocrbstd.ufo\/glyphs\/I_grave.glif","\/ocrbstd.ufo\/glyphs\/J_.glif":"\/ocrbstd.ufo\/glyphs\/J_.glif","\/ocrbstd.ufo\/glyphs\/K_.glif":"\/ocrbstd.ufo\/glyphs\/K_.glif","\/ocrbstd.ufo\/glyphs\/L_.glif":"\/ocrbstd.ufo\/glyphs\/L_.glif","\/ocrbstd.ufo\/glyphs\/L_slash.glif":"\/ocrbstd.ufo\/glyphs\/L_slash.glif","\/ocrbstd.ufo\/glyphs\/M_.glif":"\/ocrbstd.ufo\/glyphs\/M_.glif","\/ocrbstd.ufo\/glyphs\/N_.glif":"\/ocrbstd.ufo\/glyphs\/N_.glif","\/ocrbstd.ufo\/glyphs\/N_tilde.glif":"\/ocrbstd.ufo\/glyphs\/N_tilde.glif","\/ocrbstd.ufo\/glyphs\/O_.glif":"\/ocrbstd.ufo\/glyphs\/O_.glif","\/ocrbstd.ufo\/glyphs\/O_E_.glif":"\/ocrbstd.ufo\/glyphs\/O_E_.glif","\/ocrbstd.ufo\/glyphs\/O_acute.glif":"\/ocrbstd.ufo\/glyphs\/O_acute.glif","\/ocrbstd.ufo\/glyphs\/O_circumflex.glif":"\/ocrbstd.ufo\/glyphs\/O_circumflex.glif","\/ocrbstd.ufo\/glyphs\/O_dieresis.glif":"\/ocrbstd.ufo\/glyphs\/O_dieresis.glif","\/ocrbstd.ufo\/glyphs\/O_grave.glif":"\/ocrbstd.ufo\/glyphs\/O_grave.glif","\/ocrbstd.ufo\/glyphs\/O_mega.glif":"\/ocrbstd.ufo\/glyphs\/O_mega.glif","\/ocrbstd.ufo\/glyphs\/O_slash.glif":"\/ocrbstd.ufo\/glyphs\/O_slash.glif","\/ocrbstd.ufo\/glyphs\/O_tilde.glif":"\/ocrbstd.ufo\/glyphs\/O_tilde.glif","\/ocrbstd.ufo\/glyphs\/P_.glif":"\/ocrbstd.ufo\/glyphs\/P_.glif","\/ocrbstd.ufo\/glyphs\/Q_.glif":"\/ocrbstd.ufo\/glyphs\/Q_.glif","\/ocrbstd.ufo\/glyphs\/R_.glif":"\/ocrbstd.ufo\/glyphs\/R_.glif","\/ocrbstd.ufo\/glyphs\/S_.glif":"\/ocrbstd.ufo\/glyphs\/S_.glif","\/ocrbstd.ufo\/glyphs\/S_caron.glif":"\/ocrbstd.ufo\/glyphs\/S_caron.glif","\/ocrbstd.ufo\/glyphs\/T_.glif":"\/ocrbstd.ufo\/glyphs\/T_.glif","\/ocrbstd.ufo\/glyphs\/T_horn.glif":"\/ocrbstd.ufo\/glyphs\/T_horn.glif","\/ocrbstd.ufo\/glyphs\/U_.glif":"\/ocrbstd.ufo\/glyphs\/U_.glif","\/ocrbstd.ufo\/glyphs\/U_acute.glif":"\/ocrbstd.ufo\/glyphs\/U_acute.glif","\/ocrbstd.ufo\/glyphs\/U_circumflex.glif":"\/ocrbstd.ufo\/glyphs\/U_circumflex.glif","\/ocrbstd.ufo\/glyphs\/U_dieresis.glif":"\/ocrbstd.ufo\/glyphs\/U_dieresis.glif","\/ocrbstd.ufo\/glyphs\/U_grave.glif":"\/ocrbstd.ufo\/glyphs\/U_grave.glif","\/ocrbstd.ufo\/glyphs\/V_.glif":"\/ocrbstd.ufo\/glyphs\/V_.glif","\/ocrbstd.ufo\/glyphs\/W_.glif":"\/ocrbstd.ufo\/glyphs\/W_.glif","\/ocrbstd.ufo\/glyphs\/X_.glif":"\/ocrbstd.ufo\/glyphs\/X_.glif","\/ocrbstd.ufo\/glyphs\/Y_.glif":"\/ocrbstd.ufo\/glyphs\/Y_.glif","\/ocrbstd.ufo\/glyphs\/Y_acute.glif":"\/ocrbstd.ufo\/glyphs\/Y_acute.glif","\/ocrbstd.ufo\/glyphs\/Y_dieresis.glif":"\/ocrbstd.ufo\/glyphs\/Y_dieresis.glif","\/ocrbstd.ufo\/glyphs\/Z_.glif":"\/ocrbstd.ufo\/glyphs\/Z_.glif","\/ocrbstd.ufo\/glyphs\/Z_caron.glif":"\/ocrbstd.ufo\/glyphs\/Z_caron.glif","\/ocrbstd.ufo\/glyphs\/_notdef.glif":"\/ocrbstd.ufo\/glyphs\/_notdef.glif","\/ocrbstd.ufo\/glyphs\/a.glif":"\/ocrbstd.ufo\/glyphs\/a.glif","\/ocrbstd.ufo\/glyphs\/a.superior.glif":"\/ocrbstd.ufo\/glyphs\/a.superior.glif","\/ocrbstd.ufo\/glyphs\/aacute.glif":"\/ocrbstd.ufo\/glyphs\/aacute.glif","\/ocrbstd.ufo\/glyphs\/acircumflex.glif":"\/ocrbstd.ufo\/glyphs\/acircumflex.glif","\/ocrbstd.ufo\/glyphs\/acute.glif":"\/ocrbstd.ufo\/glyphs\/acute.glif","\/ocrbstd.ufo\/glyphs\/adieresis.glif":"\/ocrbstd.ufo\/glyphs\/adieresis.glif","\/ocrbstd.ufo\/glyphs\/ae.glif":"\/ocrbstd.ufo\/glyphs\/ae.glif","\/ocrbstd.ufo\/glyphs\/agrave.glif":"\/ocrbstd.ufo\/glyphs\/agrave.glif","\/ocrbstd.ufo\/glyphs\/ampersand.glif":"\/ocrbstd.ufo\/glyphs\/ampersand.glif","\/ocrbstd.ufo\/glyphs\/approxequal.glif":"\/ocrbstd.ufo\/glyphs\/approxequal.glif","\/ocrbstd.ufo\/glyphs\/aring.glif":"\/ocrbstd.ufo\/glyphs\/aring.glif","\/ocrbstd.ufo\/glyphs\/asciicircum.glif":"\/ocrbstd.ufo\/glyphs\/asciicircum.glif","\/ocrbstd.ufo\/glyphs\/asciitilde.glif":"\/ocrbstd.ufo\/glyphs\/asciitilde.glif","\/ocrbstd.ufo\/glyphs\/asterisk.glif":"\/ocrbstd.ufo\/glyphs\/asterisk.glif","\/ocrbstd.ufo\/glyphs\/at.glif":"\/ocrbstd.ufo\/glyphs\/at.glif","\/ocrbstd.ufo\/glyphs\/atilde.glif":"\/ocrbstd.ufo\/glyphs\/atilde.glif","\/ocrbstd.ufo\/glyphs\/b.glif":"\/ocrbstd.ufo\/glyphs\/b.glif","\/ocrbstd.ufo\/glyphs\/backslash.glif":"\/ocrbstd.ufo\/glyphs\/backslash.glif","\/ocrbstd.ufo\/glyphs\/bar.glif":"\/ocrbstd.ufo\/glyphs\/bar.glif","\/ocrbstd.ufo\/glyphs\/braceleft.glif":"\/ocrbstd.ufo\/glyphs\/braceleft.glif","\/ocrbstd.ufo\/glyphs\/braceright.glif":"\/ocrbstd.ufo\/glyphs\/braceright.glif","\/ocrbstd.ufo\/glyphs\/bracketleft.glif":"\/ocrbstd.ufo\/glyphs\/bracketleft.glif","\/ocrbstd.ufo\/glyphs\/bracketright.glif":"\/ocrbstd.ufo\/glyphs\/bracketright.glif","\/ocrbstd.ufo\/glyphs\/breve.glif":"\/ocrbstd.ufo\/glyphs\/breve.glif","\/ocrbstd.ufo\/glyphs\/brokenbar.glif":"\/ocrbstd.ufo\/glyphs\/brokenbar.glif","\/ocrbstd.ufo\/glyphs\/bullet.glif":"\/ocrbstd.ufo\/glyphs\/bullet.glif","\/ocrbstd.ufo\/glyphs\/c.glif":"\/ocrbstd.ufo\/glyphs\/c.glif","\/ocrbstd.ufo\/glyphs\/caron.glif":"\/ocrbstd.ufo\/glyphs\/caron.glif","\/ocrbstd.ufo\/glyphs\/ccedilla.glif":"\/ocrbstd.ufo\/glyphs\/ccedilla.glif","\/ocrbstd.ufo\/glyphs\/cedilla.glif":"\/ocrbstd.ufo\/glyphs\/cedilla.glif","\/ocrbstd.ufo\/glyphs\/cent.glif":"\/ocrbstd.ufo\/glyphs\/cent.glif","\/ocrbstd.ufo\/glyphs\/circumflex.glif":"\/ocrbstd.ufo\/glyphs\/circumflex.glif","\/ocrbstd.ufo\/glyphs\/colon.glif":"\/ocrbstd.ufo\/glyphs\/colon.glif","\/ocrbstd.ufo\/glyphs\/comma.glif":"\/ocrbstd.ufo\/glyphs\/comma.glif","\/ocrbstd.ufo\/glyphs\/contents.plist":"\/ocrbstd.ufo\/glyphs\/contents.plist","\/ocrbstd.ufo\/glyphs\/copyright.glif":"\/ocrbstd.ufo\/glyphs\/copyright.glif","\/ocrbstd.ufo\/glyphs\/currency.glif":"\/ocrbstd.ufo\/glyphs\/currency.glif","\/ocrbstd.ufo\/glyphs\/d.glif":"\/ocrbstd.ufo\/glyphs\/d.glif","\/ocrbstd.ufo\/glyphs\/dagger.glif":"\/ocrbstd.ufo\/glyphs\/dagger.glif","\/ocrbstd.ufo\/glyphs\/daggerdbl.glif":"\/ocrbstd.ufo\/glyphs\/daggerdbl.glif","\/ocrbstd.ufo\/glyphs\/degree.glif":"\/ocrbstd.ufo\/glyphs\/degree.glif","\/ocrbstd.ufo\/glyphs\/dieresis.glif":"\/ocrbstd.ufo\/glyphs\/dieresis.glif","\/ocrbstd.ufo\/glyphs\/discunderline.glif":"\/ocrbstd.ufo\/glyphs\/discunderline.glif","\/ocrbstd.ufo\/glyphs\/divide.glif":"\/ocrbstd.ufo\/glyphs\/divide.glif","\/ocrbstd.ufo\/glyphs\/dollar.glif":"\/ocrbstd.ufo\/glyphs\/dollar.glif","\/ocrbstd.ufo\/glyphs\/dotaccent.glif":"\/ocrbstd.ufo\/glyphs\/dotaccent.glif","\/ocrbstd.ufo\/glyphs\/dotlessi.glif":"\/ocrbstd.ufo\/glyphs\/dotlessi.glif","\/ocrbstd.ufo\/glyphs\/e.glif":"\/ocrbstd.ufo\/glyphs\/e.glif","\/ocrbstd.ufo\/glyphs\/eacute.glif":"\/ocrbstd.ufo\/glyphs\/eacute.glif","\/ocrbstd.ufo\/glyphs\/ecircumflex.glif":"\/ocrbstd.ufo\/glyphs\/ecircumflex.glif","\/ocrbstd.ufo\/glyphs\/edieresis.glif":"\/ocrbstd.ufo\/glyphs\/edieresis.glif","\/ocrbstd.ufo\/glyphs\/egrave.glif":"\/ocrbstd.ufo\/glyphs\/egrave.glif","\/ocrbstd.ufo\/glyphs\/eight.glif":"\/ocrbstd.ufo\/glyphs\/eight.glif","\/ocrbstd.ufo\/glyphs\/ellipsis.glif":"\/ocrbstd.ufo\/glyphs\/ellipsis.glif","\/ocrbstd.ufo\/glyphs\/emdash.glif":"\/ocrbstd.ufo\/glyphs\/emdash.glif","\/ocrbstd.ufo\/glyphs\/endash.glif":"\/ocrbstd.ufo\/glyphs\/endash.glif","\/ocrbstd.ufo\/glyphs\/equal.glif":"\/ocrbstd.ufo\/glyphs\/equal.glif","\/ocrbstd.ufo\/glyphs\/erase.glif":"\/ocrbstd.ufo\/glyphs\/erase.glif","\/ocrbstd.ufo\/glyphs\/estimated.glif":"\/ocrbstd.ufo\/glyphs\/estimated.glif","\/ocrbstd.ufo\/glyphs\/eth.glif":"\/ocrbstd.ufo\/glyphs\/eth.glif","\/ocrbstd.ufo\/glyphs\/exclam.glif":"\/ocrbstd.ufo\/glyphs\/exclam.glif","\/ocrbstd.ufo\/glyphs\/exclamdown.glif":"\/ocrbstd.ufo\/glyphs\/exclamdown.glif","\/ocrbstd.ufo\/glyphs\/f.glif":"\/ocrbstd.ufo\/glyphs\/f.glif","\/ocrbstd.ufo\/glyphs\/f_i.glif":"\/ocrbstd.ufo\/glyphs\/f_i.glif","\/ocrbstd.ufo\/glyphs\/f_l.glif":"\/ocrbstd.ufo\/glyphs\/f_l.glif","\/ocrbstd.ufo\/glyphs\/fi.glif":"\/ocrbstd.ufo\/glyphs\/fi.glif","\/ocrbstd.ufo\/glyphs\/five.glif":"\/ocrbstd.ufo\/glyphs\/five.glif","\/ocrbstd.ufo\/glyphs\/fl.glif":"\/ocrbstd.ufo\/glyphs\/fl.glif","\/ocrbstd.ufo\/glyphs\/florin.glif":"\/ocrbstd.ufo\/glyphs\/florin.glif","\/ocrbstd.ufo\/glyphs\/four.glif":"\/ocrbstd.ufo\/glyphs\/four.glif","\/ocrbstd.ufo\/glyphs\/fraction.glif":"\/ocrbstd.ufo\/glyphs\/fraction.glif","\/ocrbstd.ufo\/glyphs\/g.glif":"\/ocrbstd.ufo\/glyphs\/g.glif","\/ocrbstd.ufo\/glyphs\/germandbls.glif":"\/ocrbstd.ufo\/glyphs\/germandbls.glif","\/ocrbstd.ufo\/glyphs\/grave.glif":"\/ocrbstd.ufo\/glyphs\/grave.glif","\/ocrbstd.ufo\/glyphs\/greater.glif":"\/ocrbstd.ufo\/glyphs\/greater.glif","\/ocrbstd.ufo\/glyphs\/greaterequal.glif":"\/ocrbstd.ufo\/glyphs\/greaterequal.glif","\/ocrbstd.ufo\/glyphs\/grouperase.glif":"\/ocrbstd.ufo\/glyphs\/grouperase.glif","\/ocrbstd.ufo\/glyphs\/guillemotleft.glif":"\/ocrbstd.ufo\/glyphs\/guillemotleft.glif","\/ocrbstd.ufo\/glyphs\/guillemotright.glif":"\/ocrbstd.ufo\/glyphs\/guillemotright.glif","\/ocrbstd.ufo\/glyphs\/guilsinglleft.glif":"\/ocrbstd.ufo\/glyphs\/guilsinglleft.glif","\/ocrbstd.ufo\/glyphs\/guilsinglright.glif":"\/ocrbstd.ufo\/glyphs\/guilsinglright.glif","\/ocrbstd.ufo\/glyphs\/h.glif":"\/ocrbstd.ufo\/glyphs\/h.glif","\/ocrbstd.ufo\/glyphs\/hungarumlaut.glif":"\/ocrbstd.ufo\/glyphs\/hungarumlaut.glif","\/ocrbstd.ufo\/glyphs\/hyphen.glif":"\/ocrbstd.ufo\/glyphs\/hyphen.glif","\/ocrbstd.ufo\/glyphs\/i.glif":"\/ocrbstd.ufo\/glyphs\/i.glif","\/ocrbstd.ufo\/glyphs\/iacute.glif":"\/ocrbstd.ufo\/glyphs\/iacute.glif","\/ocrbstd.ufo\/glyphs\/icircumflex.glif":"\/ocrbstd.ufo\/glyphs\/icircumflex.glif","\/ocrbstd.ufo\/glyphs\/idieresis.glif":"\/ocrbstd.ufo\/glyphs\/idieresis.glif","\/ocrbstd.ufo\/glyphs\/igrave.glif":"\/ocrbstd.ufo\/glyphs\/igrave.glif","\/ocrbstd.ufo\/glyphs\/ij.glif":"\/ocrbstd.ufo\/glyphs\/ij.glif","\/ocrbstd.ufo\/glyphs\/infinity.glif":"\/ocrbstd.ufo\/glyphs\/infinity.glif","\/ocrbstd.ufo\/glyphs\/integral.glif":"\/ocrbstd.ufo\/glyphs\/integral.glif","\/ocrbstd.ufo\/glyphs\/j.glif":"\/ocrbstd.ufo\/glyphs\/j.glif","\/ocrbstd.ufo\/glyphs\/k.glif":"\/ocrbstd.ufo\/glyphs\/k.glif","\/ocrbstd.ufo\/glyphs\/l.glif":"\/ocrbstd.ufo\/glyphs\/l.glif","\/ocrbstd.ufo\/glyphs\/less.glif":"\/ocrbstd.ufo\/glyphs\/less.glif","\/ocrbstd.ufo\/glyphs\/lessequal.glif":"\/ocrbstd.ufo\/glyphs\/lessequal.glif","\/ocrbstd.ufo\/glyphs\/logicalnot.glif":"\/ocrbstd.ufo\/glyphs\/logicalnot.glif","\/ocrbstd.ufo\/glyphs\/longvertical.glif":"\/ocrbstd.ufo\/glyphs\/longvertical.glif","\/ocrbstd.ufo\/glyphs\/lozenge.glif":"\/ocrbstd.ufo\/glyphs\/lozenge.glif","\/ocrbstd.ufo\/glyphs\/lslash.glif":"\/ocrbstd.ufo\/glyphs\/lslash.glif","\/ocrbstd.ufo\/glyphs\/m.alt.glif":"\/ocrbstd.ufo\/glyphs\/m.alt.glif","\/ocrbstd.ufo\/glyphs\/m.glif":"\/ocrbstd.ufo\/glyphs\/m.glif","\/ocrbstd.ufo\/glyphs\/macron.glif":"\/ocrbstd.ufo\/glyphs\/macron.glif","\/ocrbstd.ufo\/glyphs\/minus.glif":"\/ocrbstd.ufo\/glyphs\/minus.glif","\/ocrbstd.ufo\/glyphs\/mu.glif":"\/ocrbstd.ufo\/glyphs\/mu.glif","\/ocrbstd.ufo\/glyphs\/multiply.glif":"\/ocrbstd.ufo\/glyphs\/multiply.glif","\/ocrbstd.ufo\/glyphs\/n.glif":"\/ocrbstd.ufo\/glyphs\/n.glif","\/ocrbstd.ufo\/glyphs\/nine.glif":"\/ocrbstd.ufo\/glyphs\/nine.glif","\/ocrbstd.ufo\/glyphs\/notequal.glif":"\/ocrbstd.ufo\/glyphs\/notequal.glif","\/ocrbstd.ufo\/glyphs\/ntilde.glif":"\/ocrbstd.ufo\/glyphs\/ntilde.glif","\/ocrbstd.ufo\/glyphs\/numbersign.glif":"\/ocrbstd.ufo\/glyphs\/numbersign.glif","\/ocrbstd.ufo\/glyphs\/o.glif":"\/ocrbstd.ufo\/glyphs\/o.glif","\/ocrbstd.ufo\/glyphs\/o.superior.glif":"\/ocrbstd.ufo\/glyphs\/o.superior.glif","\/ocrbstd.ufo\/glyphs\/oacute.glif":"\/ocrbstd.ufo\/glyphs\/oacute.glif","\/ocrbstd.ufo\/glyphs\/ocircumflex.glif":"\/ocrbstd.ufo\/glyphs\/ocircumflex.glif","\/ocrbstd.ufo\/glyphs\/odieresis.glif":"\/ocrbstd.ufo\/glyphs\/odieresis.glif","\/ocrbstd.ufo\/glyphs\/oe.glif":"\/ocrbstd.ufo\/glyphs\/oe.glif","\/ocrbstd.ufo\/glyphs\/ogonek.glif":"\/ocrbstd.ufo\/glyphs\/ogonek.glif","\/ocrbstd.ufo\/glyphs\/ograve.glif":"\/ocrbstd.ufo\/glyphs\/ograve.glif","\/ocrbstd.ufo\/glyphs\/one.glif":"\/ocrbstd.ufo\/glyphs\/one.glif","\/ocrbstd.ufo\/glyphs\/one.superior.glif":"\/ocrbstd.ufo\/glyphs\/one.superior.glif","\/ocrbstd.ufo\/glyphs\/onehalf.glif":"\/ocrbstd.ufo\/glyphs\/onehalf.glif","\/ocrbstd.ufo\/glyphs\/onequarter.glif":"\/ocrbstd.ufo\/glyphs\/onequarter.glif","\/ocrbstd.ufo\/glyphs\/onesuperior.glif":"\/ocrbstd.ufo\/glyphs\/onesuperior.glif","\/ocrbstd.ufo\/glyphs\/ordfeminine.glif":"\/ocrbstd.ufo\/glyphs\/ordfeminine.glif","\/ocrbstd.ufo\/glyphs\/ordmasculine.glif":"\/ocrbstd.ufo\/glyphs\/ordmasculine.glif","\/ocrbstd.ufo\/glyphs\/oslash.glif":"\/ocrbstd.ufo\/glyphs\/oslash.glif","\/ocrbstd.ufo\/glyphs\/otilde.glif":"\/ocrbstd.ufo\/glyphs\/otilde.glif","\/ocrbstd.ufo\/glyphs\/p.glif":"\/ocrbstd.ufo\/glyphs\/p.glif","\/ocrbstd.ufo\/glyphs\/paragraph.glif":"\/ocrbstd.ufo\/glyphs\/paragraph.glif","\/ocrbstd.ufo\/glyphs\/parenleft.glif":"\/ocrbstd.ufo\/glyphs\/parenleft.glif","\/ocrbstd.ufo\/glyphs\/parenright.glif":"\/ocrbstd.ufo\/glyphs\/parenright.glif","\/ocrbstd.ufo\/glyphs\/partialdiff.glif":"\/ocrbstd.ufo\/glyphs\/partialdiff.glif","\/ocrbstd.ufo\/glyphs\/percent.glif":"\/ocrbstd.ufo\/glyphs\/percent.glif","\/ocrbstd.ufo\/glyphs\/period.glif":"\/ocrbstd.ufo\/glyphs\/period.glif","\/ocrbstd.ufo\/glyphs\/periodcentered.glif":"\/ocrbstd.ufo\/glyphs\/periodcentered.glif","\/ocrbstd.ufo\/glyphs\/perthousand.glif":"\/ocrbstd.ufo\/glyphs\/perthousand.glif","\/ocrbstd.ufo\/glyphs\/pi.glif":"\/ocrbstd.ufo\/glyphs\/pi.glif","\/ocrbstd.ufo\/glyphs\/plus.glif":"\/ocrbstd.ufo\/glyphs\/plus.glif","\/ocrbstd.ufo\/glyphs\/plusminus.glif":"\/ocrbstd.ufo\/glyphs\/plusminus.glif","\/ocrbstd.ufo\/glyphs\/product.glif":"\/ocrbstd.ufo\/glyphs\/product.glif","\/ocrbstd.ufo\/glyphs\/q.glif":"\/ocrbstd.ufo\/glyphs\/q.glif","\/ocrbstd.ufo\/glyphs\/question.glif":"\/ocrbstd.ufo\/glyphs\/question.glif","\/ocrbstd.ufo\/glyphs\/questiondown.glif":"\/ocrbstd.ufo\/glyphs\/questiondown.glif","\/ocrbstd.ufo\/glyphs\/quotedbl.glif":"\/ocrbstd.ufo\/glyphs\/quotedbl.glif","\/ocrbstd.ufo\/glyphs\/quotedblbase.glif":"\/ocrbstd.ufo\/glyphs\/quotedblbase.glif","\/ocrbstd.ufo\/glyphs\/quotedblleft.glif":"\/ocrbstd.ufo\/glyphs\/quotedblleft.glif","\/ocrbstd.ufo\/glyphs\/quotedblright.glif":"\/ocrbstd.ufo\/glyphs\/quotedblright.glif","\/ocrbstd.ufo\/glyphs\/quoteleft.glif":"\/ocrbstd.ufo\/glyphs\/quoteleft.glif","\/ocrbstd.ufo\/glyphs\/quoteright.glif":"\/ocrbstd.ufo\/glyphs\/quoteright.glif","\/ocrbstd.ufo\/glyphs\/quotesinglbase.glif":"\/ocrbstd.ufo\/glyphs\/quotesinglbase.glif","\/ocrbstd.ufo\/glyphs\/quotesingle.glif":"\/ocrbstd.ufo\/glyphs\/quotesingle.glif","\/ocrbstd.ufo\/glyphs\/r.glif":"\/ocrbstd.ufo\/glyphs\/r.glif","\/ocrbstd.ufo\/glyphs\/radical.glif":"\/ocrbstd.ufo\/glyphs\/radical.glif","\/ocrbstd.ufo\/glyphs\/registered.glif":"\/ocrbstd.ufo\/glyphs\/registered.glif","\/ocrbstd.ufo\/glyphs\/ring.glif":"\/ocrbstd.ufo\/glyphs\/ring.glif","\/ocrbstd.ufo\/glyphs\/s.glif":"\/ocrbstd.ufo\/glyphs\/s.glif","\/ocrbstd.ufo\/glyphs\/scaron.glif":"\/ocrbstd.ufo\/glyphs\/scaron.glif","\/ocrbstd.ufo\/glyphs\/section.glif":"\/ocrbstd.ufo\/glyphs\/section.glif","\/ocrbstd.ufo\/glyphs\/semicolon.glif":"\/ocrbstd.ufo\/glyphs\/semicolon.glif","\/ocrbstd.ufo\/glyphs\/seven.glif":"\/ocrbstd.ufo\/glyphs\/seven.glif","\/ocrbstd.ufo\/glyphs\/six.glif":"\/ocrbstd.ufo\/glyphs\/six.glif","\/ocrbstd.ufo\/glyphs\/slash.glif":"\/ocrbstd.ufo\/glyphs\/slash.glif","\/ocrbstd.ufo\/glyphs\/space.glif":"\/ocrbstd.ufo\/glyphs\/space.glif","\/ocrbstd.ufo\/glyphs\/sterling.glif":"\/ocrbstd.ufo\/glyphs\/sterling.glif","\/ocrbstd.ufo\/glyphs\/summation.glif":"\/ocrbstd.ufo\/glyphs\/summation.glif","\/ocrbstd.ufo\/glyphs\/t.glif":"\/ocrbstd.ufo\/glyphs\/t.glif","\/ocrbstd.ufo\/glyphs\/thorn.glif":"\/ocrbstd.ufo\/glyphs\/thorn.glif","\/ocrbstd.ufo\/glyphs\/three.glif":"\/ocrbstd.ufo\/glyphs\/three.glif","\/ocrbstd.ufo\/glyphs\/three.superior.glif":"\/ocrbstd.ufo\/glyphs\/three.superior.glif","\/ocrbstd.ufo\/glyphs\/threequarters.glif":"\/ocrbstd.ufo\/glyphs\/threequarters.glif","\/ocrbstd.ufo\/glyphs\/threesuperior.glif":"\/ocrbstd.ufo\/glyphs\/threesuperior.glif","\/ocrbstd.ufo\/glyphs\/tilde.glif":"\/ocrbstd.ufo\/glyphs\/tilde.glif","\/ocrbstd.ufo\/glyphs\/trademark.glif":"\/ocrbstd.ufo\/glyphs\/trademark.glif","\/ocrbstd.ufo\/glyphs\/two.glif":"\/ocrbstd.ufo\/glyphs\/two.glif","\/ocrbstd.ufo\/glyphs\/two.superior.glif":"\/ocrbstd.ufo\/glyphs\/two.superior.glif","\/ocrbstd.ufo\/glyphs\/twosuperior.glif":"\/ocrbstd.ufo\/glyphs\/twosuperior.glif","\/ocrbstd.ufo\/glyphs\/u.glif":"\/ocrbstd.ufo\/glyphs\/u.glif","\/ocrbstd.ufo\/glyphs\/uacute.glif":"\/ocrbstd.ufo\/glyphs\/uacute.glif","\/ocrbstd.ufo\/glyphs\/ucircumflex.glif":"\/ocrbstd.ufo\/glyphs\/ucircumflex.glif","\/ocrbstd.ufo\/glyphs\/udieresis.glif":"\/ocrbstd.ufo\/glyphs\/udieresis.glif","\/ocrbstd.ufo\/glyphs\/ugrave.glif":"\/ocrbstd.ufo\/glyphs\/ugrave.glif","\/ocrbstd.ufo\/glyphs\/underscore.glif":"\/ocrbstd.ufo\/glyphs\/underscore.glif","\/ocrbstd.ufo\/glyphs\/uni00A_0.glif":"\/ocrbstd.ufo\/glyphs\/uni00A_0.glif","\/ocrbstd.ufo\/glyphs\/uni00A_D_.glif":"\/ocrbstd.ufo\/glyphs\/uni00A_D_.glif","\/ocrbstd.ufo\/glyphs\/uni02C_9.glif":"\/ocrbstd.ufo\/glyphs\/uni02C_9.glif","\/ocrbstd.ufo\/glyphs\/uni2010.glif":"\/ocrbstd.ufo\/glyphs\/uni2010.glif","\/ocrbstd.ufo\/glyphs\/uni2113.glif":"\/ocrbstd.ufo\/glyphs\/uni2113.glif","\/ocrbstd.ufo\/glyphs\/uni2215.glif":"\/ocrbstd.ufo\/glyphs\/uni2215.glif","\/ocrbstd.ufo\/glyphs\/uni2219.glif":"\/ocrbstd.ufo\/glyphs\/uni2219.glif","\/ocrbstd.ufo\/glyphs\/v.glif":"\/ocrbstd.ufo\/glyphs\/v.glif","\/ocrbstd.ufo\/glyphs\/w.glif":"\/ocrbstd.ufo\/glyphs\/w.glif","\/ocrbstd.ufo\/glyphs\/x.glif":"\/ocrbstd.ufo\/glyphs\/x.glif","\/ocrbstd.ufo\/glyphs\/y.glif":"\/ocrbstd.ufo\/glyphs\/y.glif","\/ocrbstd.ufo\/glyphs\/yacute.glif":"\/ocrbstd.ufo\/glyphs\/yacute.glif","\/ocrbstd.ufo\/glyphs\/ydieresis.glif":"\/ocrbstd.ufo\/glyphs\/ydieresis.glif","\/ocrbstd.ufo\/glyphs\/yen.glif":"\/ocrbstd.ufo\/glyphs\/yen.glif","\/ocrbstd.ufo\/glyphs\/z.glif":"\/ocrbstd.ufo\/glyphs\/z.glif","\/ocrbstd.ufo\/glyphs\/zcaron.glif":"\/ocrbstd.ufo\/glyphs\/zcaron.glif","\/ocrbstd.ufo\/glyphs\/zero.glif":"\/ocrbstd.ufo\/glyphs\/zero.glif","\/ocrbstd.ufo\/glyphs\/zero.slash.glif":"\/ocrbstd.ufo\/glyphs\/zero.slash.glif"},"Font":{"uploaded":1472593799.2586,"licence":"gpl3","company":"Chronolabs Cooperative","title":"OCRBStd","version":3.002,"date":"Sun Aug 28 07:53:34 2016","creator":"root","type":"1","matrix":"0.001 0 0 0.001 0 0","named":"OCRBStd","painttype":"0","info":"11 dict dup","name":"OCRBStd","family":"OCR B Std","weight":"Medium","fstype":"8","italicangle":"0","underlineposition":"","underlinethickness":""},"Licences":{"":false},"Table":{"FFTM":{"entryLength":16,"tag":"FFTM","checksum":1947016076,"offset":24212,"length":28},"GDEF":{"entryLength":16,"tag":"GDEF","checksum":20578310,"offset":24180,"length":32},"OS\/2":{"entryLength":16,"tag":"OS\/2","checksum":2001878051,"offset":344,"length":86},"cmap":{"entryLength":16,"tag":"cmap","checksum":2191223097,"offset":1484,"length":712},"gasp":{"entryLength":16,"tag":"gasp","checksum":4294901763,"offset":24172,"length":8},"glyf":{"entryLength":16,"tag":"glyf","checksum":472094926,"offset":2736,"length":19996},"head":{"entryLength":16,"tag":"head","checksum":163581617,"offset":220,"length":54},"hhea":{"entryLength":16,"tag":"hhea","checksum":110821597,"offset":276,"length":36},"hmtx":{"entryLength":16,"tag":"hmtx","checksum":3535507226,"offset":432,"length":1052},"loca":{"entryLength":16,"tag":"loca","checksum":445787686,"offset":2196,"length":540},"maxp":{"entryLength":16,"tag":"maxp","checksum":22413399,"offset":312,"length":32},"name":{"entryLength":16,"tag":"name","checksum":2298827041,"offset":22732,"length":654},"post":{"entryLength":16,"tag":"post","checksum":3013050284,"offset":23388,"length":781}},"UnicodeCharMap":{"32":3,"33":4,"34":5,"35":6,"36":7,"37":8,"38":9,"39":10,"40":11,"41":12,"42":13,"43":14,"44":15,"45":16,"46":17,"47":18,"48":19,"49":20,"50":21,"51":22,"52":23,"53":24,"54":25,"55":26,"56":27,"57":28,"58":29,"59":30,"60":31,"61":32,"62":33,"63":34,"64":35,"65":36,"66":37,"67":38,"68":39,"69":40,"70":41,"71":42,"72":43,"73":44,"74":45,"75":46,"76":47,"77":48,"78":49,"79":50,"80":51,"81":52,"82":53,"83":54,"84":55,"85":56,"86":57,"87":58,"88":59,"89":60,"90":61,"91":62,"92":63,"93":64,"94":65,"95":66,"96":67,"97":68,"98":69,"99":70,"100":71,"101":72,"102":73,"103":74,"104":75,"105":76,"106":77,"107":78,"108":79,"109":80,"110":81,"111":82,"112":83,"113":84,"114":85,"115":86,"116":87,"117":88,"118":89,"119":90,"120":91,"121":92,"122":93,"123":94,"124":95,"125":96,"126":97,"160":98,"161":99,"162":100,"163":101,"164":102,"165":103,"166":104,"167":105,"168":106,"169":107,"170":108,"171":109,"172":110,"173":111,"174":112,"175":113,"176":114,"177":115,"178":116,"179":117,"180":118,"182":120,"183":121,"184":122,"185":123,"186":124,"187":125,"188":126,"189":127,"190":128,"191":129,"192":130,"193":131,"194":132,"195":133,"196":134,"197":135,"198":136,"199":137,"200":138,"201":139,"202":140,"203":141,"204":142,"205":143,"206":144,"207":145,"208":146,"209":147,"210":148,"211":149,"212":150,"213":151,"214":152,"215":153,"216":154,"217":155,"218":156,"219":157,"220":158,"221":159,"222":160,"223":161,"224":162,"225":163,"226":164,"227":165,"228":166,"229":167,"230":168,"231":169,"232":170,"233":171,"234":172,"235":173,"236":174,"237":175,"238":176,"239":177,"240":178,"241":179,"242":180,"243":181,"244":182,"245":183,"246":184,"247":185,"248":186,"249":187,"250":188,"251":189,"252":190,"253":191,"254":192,"255":193,"305":221,"306":248,"307":249,"321":219,"322":222,"338":220,"339":223,"352":226,"353":229,"376":227,"381":228,"382":230,"402":197,"710":210,"711":217,"713":260,"728":212,"729":213,"730":214,"731":216,"732":211,"733":215,"916":237,"937":235,"956":119,"960":247,"8208":267,"8211":201,"8212":218,"8216":195,"8217":194,"8218":205,"8220":198,"8221":207,"8222":206,"8224":202,"8225":203,"8226":204,"8230":208,"8240":209,"8249":199,"8250":200,"8260":196,"8364":231,"8467":268,"8482":224,"8494":232,"8706":236,"8719":238,"8721":239,"8722":225,"8725":261,"8729":262,"8730":240,"8734":241,"8747":242,"8776":243,"8800":244,"8804":245,"8805":246,"9674":233,"64257":265,"64258":266},"Reserves":{"fontname":"OCRBStd"},"Names":{"OCRBStd":{"name":"OCRBStd","longitude":"0.00000001","latitude":"0.00000001","country":"","region":"","city":""}},"Nodes":{"oc":{"type":"typal","node":"oc","usage":1,"weight":1},"td":{"type":"typal","node":"td","usage":1,"weight":1},"ocr":{"type":"typal","node":"ocr","usage":1,"weight":1},"std":{"type":"typal","node":"std","usage":1,"weight":1},"ocrb":{"type":"keys","node":"ocrb","usage":1,"weight":1},"bstd":{"type":"keys","node":"bstd","usage":1,"weight":1},"ocrbs":{"type":"keys","node":"ocrbs","usage":1,"weight":1},"rbstd":{"type":"keys","node":"rbstd","usage":1,"weight":1},"ocrbstd":{"type":"fixes","node":"ocrbstd","usage":1,"weight":1}},"Contributors":[],"FontIdentity":"thatcher0:53e79091859de256ad348b","Bytes":null,"Networking":[],"barcode":"aumw4wywemsei","referee":"m2o42"}