{"CSS":{"ITC Cushing Std Book":"labscoop:5681cf1b2ef6c4b6c7e3470.css"},"FontType":"TrueType","FontCopyright":"Copyright 1990, 2001, 2002 Adobe Systems Incorporated. All rights reserved. ITC and Cushing are trademarks of International Typeface Corporation registered in the U.S. Patent and Trademark Office and may be registered in certain other jurisdictions.","FontName":"ITC Cushing Std","FontSubfamily":"Book","FontSubfamilyID":"FontForge 2.0 : ITC Cushing Std Book : 12-8-2016","FontFullName":"ITC Cushing Std Book","FontVersion":"Version 002.000 ","FontWeight":null,"FontPostscriptName":"CushingStd-Book","Files":{"\/ITC Cushing Std Book.css":"\/ITC Cushing Std Book.css","\/cushingstd-book.afm":"\/cushingstd-book.afm","\/cushingstd-book.cef":"\/cushingstd-book.cef","\/cushingstd-book.cff":"\/cushingstd-book.cff","\/cushingstd-book.eot":"\/cushingstd-book.eot","\/cushingstd-book.gai":"\/cushingstd-book.gai","\/cushingstd-book.gsf":"\/cushingstd-book.gsf","\/cushingstd-book.otf":"\/cushingstd-book.otf","\/cushingstd-book.pf3":"\/cushingstd-book.pf3","\/cushingstd-book.pfa":"\/cushingstd-book.pfa","\/cushingstd-book.pfb":"\/cushingstd-book.pfb","\/cushingstd-book.php":"\/cushingstd-book.php","\/cushingstd-book.pt3":"\/cushingstd-book.pt3","\/cushingstd-book.sfd":"\/cushingstd-book.sfd","\/cushingstd-book.svg":"\/cushingstd-book.svg","\/cushingstd-book.t42":"\/cushingstd-book.t42","\/cushingstd-book.ttd":"\/cushingstd-book.ttd","\/cushingstd-book.ttf":"\/cushingstd-book.ttf","\/cushingstd-book.ttg":"\/cushingstd-book.ttg","\/cushingstd-book.ufm":"\/cushingstd-book.ufm","\/cushingstd-book.woff":"\/cushingstd-book.woff","\/cushingstd-book.z":"\/cushingstd-book.z","\/font-resource.json":"\/font-resource.json","\/cushingstd-book.ufo\/feature.fea":"\/cushingstd-book.ufo\/feature.fea","\/cushingstd-book.ufo\/fontinfo.plist":"\/cushingstd-book.ufo\/fontinfo.plist","\/cushingstd-book.ufo\/groups.plist":"\/cushingstd-book.ufo\/groups.plist","\/cushingstd-book.ufo\/kerning.plist":"\/cushingstd-book.ufo\/kerning.plist","\/cushingstd-book.ufo\/metainfo.plist":"\/cushingstd-book.ufo\/metainfo.plist","\/cushingstd-book.ufo\/glyphs\/A_.glif":"\/cushingstd-book.ufo\/glyphs\/A_.glif","\/cushingstd-book.ufo\/glyphs\/A_E_.glif":"\/cushingstd-book.ufo\/glyphs\/A_E_.glif","\/cushingstd-book.ufo\/glyphs\/A_acute.glif":"\/cushingstd-book.ufo\/glyphs\/A_acute.glif","\/cushingstd-book.ufo\/glyphs\/A_circumflex.glif":"\/cushingstd-book.ufo\/glyphs\/A_circumflex.glif","\/cushingstd-book.ufo\/glyphs\/A_dieresis.glif":"\/cushingstd-book.ufo\/glyphs\/A_dieresis.glif","\/cushingstd-book.ufo\/glyphs\/A_grave.glif":"\/cushingstd-book.ufo\/glyphs\/A_grave.glif","\/cushingstd-book.ufo\/glyphs\/A_ring.glif":"\/cushingstd-book.ufo\/glyphs\/A_ring.glif","\/cushingstd-book.ufo\/glyphs\/A_tilde.glif":"\/cushingstd-book.ufo\/glyphs\/A_tilde.glif","\/cushingstd-book.ufo\/glyphs\/B_.glif":"\/cushingstd-book.ufo\/glyphs\/B_.glif","\/cushingstd-book.ufo\/glyphs\/C_.glif":"\/cushingstd-book.ufo\/glyphs\/C_.glif","\/cushingstd-book.ufo\/glyphs\/C_cedilla.glif":"\/cushingstd-book.ufo\/glyphs\/C_cedilla.glif","\/cushingstd-book.ufo\/glyphs\/D_.glif":"\/cushingstd-book.ufo\/glyphs\/D_.glif","\/cushingstd-book.ufo\/glyphs\/E_.glif":"\/cushingstd-book.ufo\/glyphs\/E_.glif","\/cushingstd-book.ufo\/glyphs\/E_acute.glif":"\/cushingstd-book.ufo\/glyphs\/E_acute.glif","\/cushingstd-book.ufo\/glyphs\/E_circumflex.glif":"\/cushingstd-book.ufo\/glyphs\/E_circumflex.glif","\/cushingstd-book.ufo\/glyphs\/E_dieresis.glif":"\/cushingstd-book.ufo\/glyphs\/E_dieresis.glif","\/cushingstd-book.ufo\/glyphs\/E_grave.glif":"\/cushingstd-book.ufo\/glyphs\/E_grave.glif","\/cushingstd-book.ufo\/glyphs\/E_th.glif":"\/cushingstd-book.ufo\/glyphs\/E_th.glif","\/cushingstd-book.ufo\/glyphs\/E_uro.glif":"\/cushingstd-book.ufo\/glyphs\/E_uro.glif","\/cushingstd-book.ufo\/glyphs\/F_.glif":"\/cushingstd-book.ufo\/glyphs\/F_.glif","\/cushingstd-book.ufo\/glyphs\/G_.glif":"\/cushingstd-book.ufo\/glyphs\/G_.glif","\/cushingstd-book.ufo\/glyphs\/H_.glif":"\/cushingstd-book.ufo\/glyphs\/H_.glif","\/cushingstd-book.ufo\/glyphs\/I_.glif":"\/cushingstd-book.ufo\/glyphs\/I_.glif","\/cushingstd-book.ufo\/glyphs\/I_acute.glif":"\/cushingstd-book.ufo\/glyphs\/I_acute.glif","\/cushingstd-book.ufo\/glyphs\/I_circumflex.glif":"\/cushingstd-book.ufo\/glyphs\/I_circumflex.glif","\/cushingstd-book.ufo\/glyphs\/I_dieresis.glif":"\/cushingstd-book.ufo\/glyphs\/I_dieresis.glif","\/cushingstd-book.ufo\/glyphs\/I_grave.glif":"\/cushingstd-book.ufo\/glyphs\/I_grave.glif","\/cushingstd-book.ufo\/glyphs\/J_.glif":"\/cushingstd-book.ufo\/glyphs\/J_.glif","\/cushingstd-book.ufo\/glyphs\/K_.glif":"\/cushingstd-book.ufo\/glyphs\/K_.glif","\/cushingstd-book.ufo\/glyphs\/L_.glif":"\/cushingstd-book.ufo\/glyphs\/L_.glif","\/cushingstd-book.ufo\/glyphs\/L_slash.glif":"\/cushingstd-book.ufo\/glyphs\/L_slash.glif","\/cushingstd-book.ufo\/glyphs\/M_.glif":"\/cushingstd-book.ufo\/glyphs\/M_.glif","\/cushingstd-book.ufo\/glyphs\/N_.glif":"\/cushingstd-book.ufo\/glyphs\/N_.glif","\/cushingstd-book.ufo\/glyphs\/N_tilde.glif":"\/cushingstd-book.ufo\/glyphs\/N_tilde.glif","\/cushingstd-book.ufo\/glyphs\/O_.glif":"\/cushingstd-book.ufo\/glyphs\/O_.glif","\/cushingstd-book.ufo\/glyphs\/O_E_.glif":"\/cushingstd-book.ufo\/glyphs\/O_E_.glif","\/cushingstd-book.ufo\/glyphs\/O_acute.glif":"\/cushingstd-book.ufo\/glyphs\/O_acute.glif","\/cushingstd-book.ufo\/glyphs\/O_circumflex.glif":"\/cushingstd-book.ufo\/glyphs\/O_circumflex.glif","\/cushingstd-book.ufo\/glyphs\/O_dieresis.glif":"\/cushingstd-book.ufo\/glyphs\/O_dieresis.glif","\/cushingstd-book.ufo\/glyphs\/O_grave.glif":"\/cushingstd-book.ufo\/glyphs\/O_grave.glif","\/cushingstd-book.ufo\/glyphs\/O_mega.glif":"\/cushingstd-book.ufo\/glyphs\/O_mega.glif","\/cushingstd-book.ufo\/glyphs\/O_slash.glif":"\/cushingstd-book.ufo\/glyphs\/O_slash.glif","\/cushingstd-book.ufo\/glyphs\/O_tilde.glif":"\/cushingstd-book.ufo\/glyphs\/O_tilde.glif","\/cushingstd-book.ufo\/glyphs\/P_.glif":"\/cushingstd-book.ufo\/glyphs\/P_.glif","\/cushingstd-book.ufo\/glyphs\/Q_.glif":"\/cushingstd-book.ufo\/glyphs\/Q_.glif","\/cushingstd-book.ufo\/glyphs\/R_.glif":"\/cushingstd-book.ufo\/glyphs\/R_.glif","\/cushingstd-book.ufo\/glyphs\/S_.glif":"\/cushingstd-book.ufo\/glyphs\/S_.glif","\/cushingstd-book.ufo\/glyphs\/S_caron.glif":"\/cushingstd-book.ufo\/glyphs\/S_caron.glif","\/cushingstd-book.ufo\/glyphs\/T_.glif":"\/cushingstd-book.ufo\/glyphs\/T_.glif","\/cushingstd-book.ufo\/glyphs\/T_horn.glif":"\/cushingstd-book.ufo\/glyphs\/T_horn.glif","\/cushingstd-book.ufo\/glyphs\/U_.glif":"\/cushingstd-book.ufo\/glyphs\/U_.glif","\/cushingstd-book.ufo\/glyphs\/U_acute.glif":"\/cushingstd-book.ufo\/glyphs\/U_acute.glif","\/cushingstd-book.ufo\/glyphs\/U_circumflex.glif":"\/cushingstd-book.ufo\/glyphs\/U_circumflex.glif","\/cushingstd-book.ufo\/glyphs\/U_dieresis.glif":"\/cushingstd-book.ufo\/glyphs\/U_dieresis.glif","\/cushingstd-book.ufo\/glyphs\/U_grave.glif":"\/cushingstd-book.ufo\/glyphs\/U_grave.glif","\/cushingstd-book.ufo\/glyphs\/V_.glif":"\/cushingstd-book.ufo\/glyphs\/V_.glif","\/cushingstd-book.ufo\/glyphs\/W_.glif":"\/cushingstd-book.ufo\/glyphs\/W_.glif","\/cushingstd-book.ufo\/glyphs\/X_.glif":"\/cushingstd-book.ufo\/glyphs\/X_.glif","\/cushingstd-book.ufo\/glyphs\/Y_.glif":"\/cushingstd-book.ufo\/glyphs\/Y_.glif","\/cushingstd-book.ufo\/glyphs\/Y_acute.glif":"\/cushingstd-book.ufo\/glyphs\/Y_acute.glif","\/cushingstd-book.ufo\/glyphs\/Y_dieresis.glif":"\/cushingstd-book.ufo\/glyphs\/Y_dieresis.glif","\/cushingstd-book.ufo\/glyphs\/Z_.glif":"\/cushingstd-book.ufo\/glyphs\/Z_.glif","\/cushingstd-book.ufo\/glyphs\/Z_caron.glif":"\/cushingstd-book.ufo\/glyphs\/Z_caron.glif","\/cushingstd-book.ufo\/glyphs\/_notdef.glif":"\/cushingstd-book.ufo\/glyphs\/_notdef.glif","\/cushingstd-book.ufo\/glyphs\/a.glif":"\/cushingstd-book.ufo\/glyphs\/a.glif","\/cushingstd-book.ufo\/glyphs\/a.superior.glif":"\/cushingstd-book.ufo\/glyphs\/a.superior.glif","\/cushingstd-book.ufo\/glyphs\/aacute.glif":"\/cushingstd-book.ufo\/glyphs\/aacute.glif","\/cushingstd-book.ufo\/glyphs\/acircumflex.glif":"\/cushingstd-book.ufo\/glyphs\/acircumflex.glif","\/cushingstd-book.ufo\/glyphs\/acute.glif":"\/cushingstd-book.ufo\/glyphs\/acute.glif","\/cushingstd-book.ufo\/glyphs\/adieresis.glif":"\/cushingstd-book.ufo\/glyphs\/adieresis.glif","\/cushingstd-book.ufo\/glyphs\/ae.glif":"\/cushingstd-book.ufo\/glyphs\/ae.glif","\/cushingstd-book.ufo\/glyphs\/afii61289.glif":"\/cushingstd-book.ufo\/glyphs\/afii61289.glif","\/cushingstd-book.ufo\/glyphs\/agrave.glif":"\/cushingstd-book.ufo\/glyphs\/agrave.glif","\/cushingstd-book.ufo\/glyphs\/ampersand.glif":"\/cushingstd-book.ufo\/glyphs\/ampersand.glif","\/cushingstd-book.ufo\/glyphs\/approxequal.glif":"\/cushingstd-book.ufo\/glyphs\/approxequal.glif","\/cushingstd-book.ufo\/glyphs\/aring.glif":"\/cushingstd-book.ufo\/glyphs\/aring.glif","\/cushingstd-book.ufo\/glyphs\/asciicircum.glif":"\/cushingstd-book.ufo\/glyphs\/asciicircum.glif","\/cushingstd-book.ufo\/glyphs\/asciitilde.glif":"\/cushingstd-book.ufo\/glyphs\/asciitilde.glif","\/cushingstd-book.ufo\/glyphs\/asterisk.glif":"\/cushingstd-book.ufo\/glyphs\/asterisk.glif","\/cushingstd-book.ufo\/glyphs\/at.glif":"\/cushingstd-book.ufo\/glyphs\/at.glif","\/cushingstd-book.ufo\/glyphs\/atilde.glif":"\/cushingstd-book.ufo\/glyphs\/atilde.glif","\/cushingstd-book.ufo\/glyphs\/b.glif":"\/cushingstd-book.ufo\/glyphs\/b.glif","\/cushingstd-book.ufo\/glyphs\/backslash.glif":"\/cushingstd-book.ufo\/glyphs\/backslash.glif","\/cushingstd-book.ufo\/glyphs\/bar.glif":"\/cushingstd-book.ufo\/glyphs\/bar.glif","\/cushingstd-book.ufo\/glyphs\/braceleft.glif":"\/cushingstd-book.ufo\/glyphs\/braceleft.glif","\/cushingstd-book.ufo\/glyphs\/braceright.glif":"\/cushingstd-book.ufo\/glyphs\/braceright.glif","\/cushingstd-book.ufo\/glyphs\/bracketleft.glif":"\/cushingstd-book.ufo\/glyphs\/bracketleft.glif","\/cushingstd-book.ufo\/glyphs\/bracketright.glif":"\/cushingstd-book.ufo\/glyphs\/bracketright.glif","\/cushingstd-book.ufo\/glyphs\/breve.glif":"\/cushingstd-book.ufo\/glyphs\/breve.glif","\/cushingstd-book.ufo\/glyphs\/brokenbar.glif":"\/cushingstd-book.ufo\/glyphs\/brokenbar.glif","\/cushingstd-book.ufo\/glyphs\/bullet.glif":"\/cushingstd-book.ufo\/glyphs\/bullet.glif","\/cushingstd-book.ufo\/glyphs\/c.glif":"\/cushingstd-book.ufo\/glyphs\/c.glif","\/cushingstd-book.ufo\/glyphs\/caron.glif":"\/cushingstd-book.ufo\/glyphs\/caron.glif","\/cushingstd-book.ufo\/glyphs\/ccedilla.glif":"\/cushingstd-book.ufo\/glyphs\/ccedilla.glif","\/cushingstd-book.ufo\/glyphs\/cedilla.glif":"\/cushingstd-book.ufo\/glyphs\/cedilla.glif","\/cushingstd-book.ufo\/glyphs\/cent.glif":"\/cushingstd-book.ufo\/glyphs\/cent.glif","\/cushingstd-book.ufo\/glyphs\/circumflex.glif":"\/cushingstd-book.ufo\/glyphs\/circumflex.glif","\/cushingstd-book.ufo\/glyphs\/colon.glif":"\/cushingstd-book.ufo\/glyphs\/colon.glif","\/cushingstd-book.ufo\/glyphs\/comma.glif":"\/cushingstd-book.ufo\/glyphs\/comma.glif","\/cushingstd-book.ufo\/glyphs\/contents.plist":"\/cushingstd-book.ufo\/glyphs\/contents.plist","\/cushingstd-book.ufo\/glyphs\/copyright.glif":"\/cushingstd-book.ufo\/glyphs\/copyright.glif","\/cushingstd-book.ufo\/glyphs\/currency.glif":"\/cushingstd-book.ufo\/glyphs\/currency.glif","\/cushingstd-book.ufo\/glyphs\/d.glif":"\/cushingstd-book.ufo\/glyphs\/d.glif","\/cushingstd-book.ufo\/glyphs\/dagger.glif":"\/cushingstd-book.ufo\/glyphs\/dagger.glif","\/cushingstd-book.ufo\/glyphs\/daggerdbl.glif":"\/cushingstd-book.ufo\/glyphs\/daggerdbl.glif","\/cushingstd-book.ufo\/glyphs\/degree.glif":"\/cushingstd-book.ufo\/glyphs\/degree.glif","\/cushingstd-book.ufo\/glyphs\/dieresis.glif":"\/cushingstd-book.ufo\/glyphs\/dieresis.glif","\/cushingstd-book.ufo\/glyphs\/divide.glif":"\/cushingstd-book.ufo\/glyphs\/divide.glif","\/cushingstd-book.ufo\/glyphs\/dollar.glif":"\/cushingstd-book.ufo\/glyphs\/dollar.glif","\/cushingstd-book.ufo\/glyphs\/dotaccent.glif":"\/cushingstd-book.ufo\/glyphs\/dotaccent.glif","\/cushingstd-book.ufo\/glyphs\/dotlessi.glif":"\/cushingstd-book.ufo\/glyphs\/dotlessi.glif","\/cushingstd-book.ufo\/glyphs\/e.glif":"\/cushingstd-book.ufo\/glyphs\/e.glif","\/cushingstd-book.ufo\/glyphs\/eacute.glif":"\/cushingstd-book.ufo\/glyphs\/eacute.glif","\/cushingstd-book.ufo\/glyphs\/ecircumflex.glif":"\/cushingstd-book.ufo\/glyphs\/ecircumflex.glif","\/cushingstd-book.ufo\/glyphs\/edieresis.glif":"\/cushingstd-book.ufo\/glyphs\/edieresis.glif","\/cushingstd-book.ufo\/glyphs\/egrave.glif":"\/cushingstd-book.ufo\/glyphs\/egrave.glif","\/cushingstd-book.ufo\/glyphs\/eight.glif":"\/cushingstd-book.ufo\/glyphs\/eight.glif","\/cushingstd-book.ufo\/glyphs\/ellipsis.glif":"\/cushingstd-book.ufo\/glyphs\/ellipsis.glif","\/cushingstd-book.ufo\/glyphs\/emdash.glif":"\/cushingstd-book.ufo\/glyphs\/emdash.glif","\/cushingstd-book.ufo\/glyphs\/endash.glif":"\/cushingstd-book.ufo\/glyphs\/endash.glif","\/cushingstd-book.ufo\/glyphs\/equal.glif":"\/cushingstd-book.ufo\/glyphs\/equal.glif","\/cushingstd-book.ufo\/glyphs\/estimated.glif":"\/cushingstd-book.ufo\/glyphs\/estimated.glif","\/cushingstd-book.ufo\/glyphs\/eth.glif":"\/cushingstd-book.ufo\/glyphs\/eth.glif","\/cushingstd-book.ufo\/glyphs\/exclam.glif":"\/cushingstd-book.ufo\/glyphs\/exclam.glif","\/cushingstd-book.ufo\/glyphs\/exclamdown.glif":"\/cushingstd-book.ufo\/glyphs\/exclamdown.glif","\/cushingstd-book.ufo\/glyphs\/f.glif":"\/cushingstd-book.ufo\/glyphs\/f.glif","\/cushingstd-book.ufo\/glyphs\/f_i.glif":"\/cushingstd-book.ufo\/glyphs\/f_i.glif","\/cushingstd-book.ufo\/glyphs\/f_l.glif":"\/cushingstd-book.ufo\/glyphs\/f_l.glif","\/cushingstd-book.ufo\/glyphs\/fi.glif":"\/cushingstd-book.ufo\/glyphs\/fi.glif","\/cushingstd-book.ufo\/glyphs\/five.glif":"\/cushingstd-book.ufo\/glyphs\/five.glif","\/cushingstd-book.ufo\/glyphs\/fl.glif":"\/cushingstd-book.ufo\/glyphs\/fl.glif","\/cushingstd-book.ufo\/glyphs\/florin.glif":"\/cushingstd-book.ufo\/glyphs\/florin.glif","\/cushingstd-book.ufo\/glyphs\/four.glif":"\/cushingstd-book.ufo\/glyphs\/four.glif","\/cushingstd-book.ufo\/glyphs\/fraction.glif":"\/cushingstd-book.ufo\/glyphs\/fraction.glif","\/cushingstd-book.ufo\/glyphs\/g.glif":"\/cushingstd-book.ufo\/glyphs\/g.glif","\/cushingstd-book.ufo\/glyphs\/germandbls.glif":"\/cushingstd-book.ufo\/glyphs\/germandbls.glif","\/cushingstd-book.ufo\/glyphs\/grave.glif":"\/cushingstd-book.ufo\/glyphs\/grave.glif","\/cushingstd-book.ufo\/glyphs\/greater.glif":"\/cushingstd-book.ufo\/glyphs\/greater.glif","\/cushingstd-book.ufo\/glyphs\/greaterequal.glif":"\/cushingstd-book.ufo\/glyphs\/greaterequal.glif","\/cushingstd-book.ufo\/glyphs\/guillemotleft.glif":"\/cushingstd-book.ufo\/glyphs\/guillemotleft.glif","\/cushingstd-book.ufo\/glyphs\/guillemotright.glif":"\/cushingstd-book.ufo\/glyphs\/guillemotright.glif","\/cushingstd-book.ufo\/glyphs\/guilsinglleft.glif":"\/cushingstd-book.ufo\/glyphs\/guilsinglleft.glif","\/cushingstd-book.ufo\/glyphs\/guilsinglright.glif":"\/cushingstd-book.ufo\/glyphs\/guilsinglright.glif","\/cushingstd-book.ufo\/glyphs\/h.glif":"\/cushingstd-book.ufo\/glyphs\/h.glif","\/cushingstd-book.ufo\/glyphs\/hungarumlaut.glif":"\/cushingstd-book.ufo\/glyphs\/hungarumlaut.glif","\/cushingstd-book.ufo\/glyphs\/hyphen.glif":"\/cushingstd-book.ufo\/glyphs\/hyphen.glif","\/cushingstd-book.ufo\/glyphs\/i.glif":"\/cushingstd-book.ufo\/glyphs\/i.glif","\/cushingstd-book.ufo\/glyphs\/iacute.glif":"\/cushingstd-book.ufo\/glyphs\/iacute.glif","\/cushingstd-book.ufo\/glyphs\/icircumflex.glif":"\/cushingstd-book.ufo\/glyphs\/icircumflex.glif","\/cushingstd-book.ufo\/glyphs\/idieresis.glif":"\/cushingstd-book.ufo\/glyphs\/idieresis.glif","\/cushingstd-book.ufo\/glyphs\/igrave.glif":"\/cushingstd-book.ufo\/glyphs\/igrave.glif","\/cushingstd-book.ufo\/glyphs\/infinity.glif":"\/cushingstd-book.ufo\/glyphs\/infinity.glif","\/cushingstd-book.ufo\/glyphs\/integral.glif":"\/cushingstd-book.ufo\/glyphs\/integral.glif","\/cushingstd-book.ufo\/glyphs\/j.glif":"\/cushingstd-book.ufo\/glyphs\/j.glif","\/cushingstd-book.ufo\/glyphs\/k.glif":"\/cushingstd-book.ufo\/glyphs\/k.glif","\/cushingstd-book.ufo\/glyphs\/l.glif":"\/cushingstd-book.ufo\/glyphs\/l.glif","\/cushingstd-book.ufo\/glyphs\/less.glif":"\/cushingstd-book.ufo\/glyphs\/less.glif","\/cushingstd-book.ufo\/glyphs\/lessequal.glif":"\/cushingstd-book.ufo\/glyphs\/lessequal.glif","\/cushingstd-book.ufo\/glyphs\/logicalnot.glif":"\/cushingstd-book.ufo\/glyphs\/logicalnot.glif","\/cushingstd-book.ufo\/glyphs\/lozenge.glif":"\/cushingstd-book.ufo\/glyphs\/lozenge.glif","\/cushingstd-book.ufo\/glyphs\/lslash.glif":"\/cushingstd-book.ufo\/glyphs\/lslash.glif","\/cushingstd-book.ufo\/glyphs\/m.glif":"\/cushingstd-book.ufo\/glyphs\/m.glif","\/cushingstd-book.ufo\/glyphs\/macron.glif":"\/cushingstd-book.ufo\/glyphs\/macron.glif","\/cushingstd-book.ufo\/glyphs\/minus.glif":"\/cushingstd-book.ufo\/glyphs\/minus.glif","\/cushingstd-book.ufo\/glyphs\/mu.glif":"\/cushingstd-book.ufo\/glyphs\/mu.glif","\/cushingstd-book.ufo\/glyphs\/multiply.glif":"\/cushingstd-book.ufo\/glyphs\/multiply.glif","\/cushingstd-book.ufo\/glyphs\/n.glif":"\/cushingstd-book.ufo\/glyphs\/n.glif","\/cushingstd-book.ufo\/glyphs\/nine.glif":"\/cushingstd-book.ufo\/glyphs\/nine.glif","\/cushingstd-book.ufo\/glyphs\/notequal.glif":"\/cushingstd-book.ufo\/glyphs\/notequal.glif","\/cushingstd-book.ufo\/glyphs\/ntilde.glif":"\/cushingstd-book.ufo\/glyphs\/ntilde.glif","\/cushingstd-book.ufo\/glyphs\/numbersign.glif":"\/cushingstd-book.ufo\/glyphs\/numbersign.glif","\/cushingstd-book.ufo\/glyphs\/o.glif":"\/cushingstd-book.ufo\/glyphs\/o.glif","\/cushingstd-book.ufo\/glyphs\/o.superior.glif":"\/cushingstd-book.ufo\/glyphs\/o.superior.glif","\/cushingstd-book.ufo\/glyphs\/oacute.glif":"\/cushingstd-book.ufo\/glyphs\/oacute.glif","\/cushingstd-book.ufo\/glyphs\/ocircumflex.glif":"\/cushingstd-book.ufo\/glyphs\/ocircumflex.glif","\/cushingstd-book.ufo\/glyphs\/odieresis.glif":"\/cushingstd-book.ufo\/glyphs\/odieresis.glif","\/cushingstd-book.ufo\/glyphs\/oe.glif":"\/cushingstd-book.ufo\/glyphs\/oe.glif","\/cushingstd-book.ufo\/glyphs\/ogonek.glif":"\/cushingstd-book.ufo\/glyphs\/ogonek.glif","\/cushingstd-book.ufo\/glyphs\/ograve.glif":"\/cushingstd-book.ufo\/glyphs\/ograve.glif","\/cushingstd-book.ufo\/glyphs\/one.glif":"\/cushingstd-book.ufo\/glyphs\/one.glif","\/cushingstd-book.ufo\/glyphs\/one.superior.glif":"\/cushingstd-book.ufo\/glyphs\/one.superior.glif","\/cushingstd-book.ufo\/glyphs\/onehalf.glif":"\/cushingstd-book.ufo\/glyphs\/onehalf.glif","\/cushingstd-book.ufo\/glyphs\/onequarter.glif":"\/cushingstd-book.ufo\/glyphs\/onequarter.glif","\/cushingstd-book.ufo\/glyphs\/onesuperior.glif":"\/cushingstd-book.ufo\/glyphs\/onesuperior.glif","\/cushingstd-book.ufo\/glyphs\/ordfeminine.glif":"\/cushingstd-book.ufo\/glyphs\/ordfeminine.glif","\/cushingstd-book.ufo\/glyphs\/ordmasculine.glif":"\/cushingstd-book.ufo\/glyphs\/ordmasculine.glif","\/cushingstd-book.ufo\/glyphs\/oslash.glif":"\/cushingstd-book.ufo\/glyphs\/oslash.glif","\/cushingstd-book.ufo\/glyphs\/otilde.glif":"\/cushingstd-book.ufo\/glyphs\/otilde.glif","\/cushingstd-book.ufo\/glyphs\/p.glif":"\/cushingstd-book.ufo\/glyphs\/p.glif","\/cushingstd-book.ufo\/glyphs\/paragraph.glif":"\/cushingstd-book.ufo\/glyphs\/paragraph.glif","\/cushingstd-book.ufo\/glyphs\/parenleft.glif":"\/cushingstd-book.ufo\/glyphs\/parenleft.glif","\/cushingstd-book.ufo\/glyphs\/parenright.glif":"\/cushingstd-book.ufo\/glyphs\/parenright.glif","\/cushingstd-book.ufo\/glyphs\/partialdiff.glif":"\/cushingstd-book.ufo\/glyphs\/partialdiff.glif","\/cushingstd-book.ufo\/glyphs\/percent.glif":"\/cushingstd-book.ufo\/glyphs\/percent.glif","\/cushingstd-book.ufo\/glyphs\/period.glif":"\/cushingstd-book.ufo\/glyphs\/period.glif","\/cushingstd-book.ufo\/glyphs\/periodcentered.glif":"\/cushingstd-book.ufo\/glyphs\/periodcentered.glif","\/cushingstd-book.ufo\/glyphs\/perthousand.glif":"\/cushingstd-book.ufo\/glyphs\/perthousand.glif","\/cushingstd-book.ufo\/glyphs\/pi.glif":"\/cushingstd-book.ufo\/glyphs\/pi.glif","\/cushingstd-book.ufo\/glyphs\/plus.glif":"\/cushingstd-book.ufo\/glyphs\/plus.glif","\/cushingstd-book.ufo\/glyphs\/plusminus.glif":"\/cushingstd-book.ufo\/glyphs\/plusminus.glif","\/cushingstd-book.ufo\/glyphs\/product.glif":"\/cushingstd-book.ufo\/glyphs\/product.glif","\/cushingstd-book.ufo\/glyphs\/q.glif":"\/cushingstd-book.ufo\/glyphs\/q.glif","\/cushingstd-book.ufo\/glyphs\/question.glif":"\/cushingstd-book.ufo\/glyphs\/question.glif","\/cushingstd-book.ufo\/glyphs\/questiondown.glif":"\/cushingstd-book.ufo\/glyphs\/questiondown.glif","\/cushingstd-book.ufo\/glyphs\/quotedbl.glif":"\/cushingstd-book.ufo\/glyphs\/quotedbl.glif","\/cushingstd-book.ufo\/glyphs\/quotedblbase.glif":"\/cushingstd-book.ufo\/glyphs\/quotedblbase.glif","\/cushingstd-book.ufo\/glyphs\/quotedblleft.glif":"\/cushingstd-book.ufo\/glyphs\/quotedblleft.glif","\/cushingstd-book.ufo\/glyphs\/quotedblright.glif":"\/cushingstd-book.ufo\/glyphs\/quotedblright.glif","\/cushingstd-book.ufo\/glyphs\/quoteleft.glif":"\/cushingstd-book.ufo\/glyphs\/quoteleft.glif","\/cushingstd-book.ufo\/glyphs\/quoteright.glif":"\/cushingstd-book.ufo\/glyphs\/quoteright.glif","\/cushingstd-book.ufo\/glyphs\/quotesinglbase.glif":"\/cushingstd-book.ufo\/glyphs\/quotesinglbase.glif","\/cushingstd-book.ufo\/glyphs\/quotesingle.glif":"\/cushingstd-book.ufo\/glyphs\/quotesingle.glif","\/cushingstd-book.ufo\/glyphs\/r.glif":"\/cushingstd-book.ufo\/glyphs\/r.glif","\/cushingstd-book.ufo\/glyphs\/radical.glif":"\/cushingstd-book.ufo\/glyphs\/radical.glif","\/cushingstd-book.ufo\/glyphs\/registered.glif":"\/cushingstd-book.ufo\/glyphs\/registered.glif","\/cushingstd-book.ufo\/glyphs\/ring.glif":"\/cushingstd-book.ufo\/glyphs\/ring.glif","\/cushingstd-book.ufo\/glyphs\/s.glif":"\/cushingstd-book.ufo\/glyphs\/s.glif","\/cushingstd-book.ufo\/glyphs\/scaron.glif":"\/cushingstd-book.ufo\/glyphs\/scaron.glif","\/cushingstd-book.ufo\/glyphs\/section.glif":"\/cushingstd-book.ufo\/glyphs\/section.glif","\/cushingstd-book.ufo\/glyphs\/semicolon.glif":"\/cushingstd-book.ufo\/glyphs\/semicolon.glif","\/cushingstd-book.ufo\/glyphs\/seven.glif":"\/cushingstd-book.ufo\/glyphs\/seven.glif","\/cushingstd-book.ufo\/glyphs\/six.glif":"\/cushingstd-book.ufo\/glyphs\/six.glif","\/cushingstd-book.ufo\/glyphs\/slash.glif":"\/cushingstd-book.ufo\/glyphs\/slash.glif","\/cushingstd-book.ufo\/glyphs\/space.glif":"\/cushingstd-book.ufo\/glyphs\/space.glif","\/cushingstd-book.ufo\/glyphs\/sterling.glif":"\/cushingstd-book.ufo\/glyphs\/sterling.glif","\/cushingstd-book.ufo\/glyphs\/summation.glif":"\/cushingstd-book.ufo\/glyphs\/summation.glif","\/cushingstd-book.ufo\/glyphs\/t.glif":"\/cushingstd-book.ufo\/glyphs\/t.glif","\/cushingstd-book.ufo\/glyphs\/thorn.glif":"\/cushingstd-book.ufo\/glyphs\/thorn.glif","\/cushingstd-book.ufo\/glyphs\/three.glif":"\/cushingstd-book.ufo\/glyphs\/three.glif","\/cushingstd-book.ufo\/glyphs\/three.superior.glif":"\/cushingstd-book.ufo\/glyphs\/three.superior.glif","\/cushingstd-book.ufo\/glyphs\/threequarters.glif":"\/cushingstd-book.ufo\/glyphs\/threequarters.glif","\/cushingstd-book.ufo\/glyphs\/threesuperior.glif":"\/cushingstd-book.ufo\/glyphs\/threesuperior.glif","\/cushingstd-book.ufo\/glyphs\/tilde.glif":"\/cushingstd-book.ufo\/glyphs\/tilde.glif","\/cushingstd-book.ufo\/glyphs\/trademark.glif":"\/cushingstd-book.ufo\/glyphs\/trademark.glif","\/cushingstd-book.ufo\/glyphs\/two.glif":"\/cushingstd-book.ufo\/glyphs\/two.glif","\/cushingstd-book.ufo\/glyphs\/two.superior.glif":"\/cushingstd-book.ufo\/glyphs\/two.superior.glif","\/cushingstd-book.ufo\/glyphs\/twosuperior.glif":"\/cushingstd-book.ufo\/glyphs\/twosuperior.glif","\/cushingstd-book.ufo\/glyphs\/u.glif":"\/cushingstd-book.ufo\/glyphs\/u.glif","\/cushingstd-book.ufo\/glyphs\/uacute.glif":"\/cushingstd-book.ufo\/glyphs\/uacute.glif","\/cushingstd-book.ufo\/glyphs\/ucircumflex.glif":"\/cushingstd-book.ufo\/glyphs\/ucircumflex.glif","\/cushingstd-book.ufo\/glyphs\/udieresis.glif":"\/cushingstd-book.ufo\/glyphs\/udieresis.glif","\/cushingstd-book.ufo\/glyphs\/ugrave.glif":"\/cushingstd-book.ufo\/glyphs\/ugrave.glif","\/cushingstd-book.ufo\/glyphs\/underscore.glif":"\/cushingstd-book.ufo\/glyphs\/underscore.glif","\/cushingstd-book.ufo\/glyphs\/uni00A_0.glif":"\/cushingstd-book.ufo\/glyphs\/uni00A_0.glif","\/cushingstd-book.ufo\/glyphs\/uni00A_D_.glif":"\/cushingstd-book.ufo\/glyphs\/uni00A_D_.glif","\/cushingstd-book.ufo\/glyphs\/uni02C_9.glif":"\/cushingstd-book.ufo\/glyphs\/uni02C_9.glif","\/cushingstd-book.ufo\/glyphs\/uni03A_9.glif":"\/cushingstd-book.ufo\/glyphs\/uni03A_9.glif","\/cushingstd-book.ufo\/glyphs\/uni03B_C_.glif":"\/cushingstd-book.ufo\/glyphs\/uni03B_C_.glif","\/cushingstd-book.ufo\/glyphs\/uni2010.glif":"\/cushingstd-book.ufo\/glyphs\/uni2010.glif","\/cushingstd-book.ufo\/glyphs\/uni2206.glif":"\/cushingstd-book.ufo\/glyphs\/uni2206.glif","\/cushingstd-book.ufo\/glyphs\/uni2215.glif":"\/cushingstd-book.ufo\/glyphs\/uni2215.glif","\/cushingstd-book.ufo\/glyphs\/uni2219.glif":"\/cushingstd-book.ufo\/glyphs\/uni2219.glif","\/cushingstd-book.ufo\/glyphs\/v.glif":"\/cushingstd-book.ufo\/glyphs\/v.glif","\/cushingstd-book.ufo\/glyphs\/w.glif":"\/cushingstd-book.ufo\/glyphs\/w.glif","\/cushingstd-book.ufo\/glyphs\/x.glif":"\/cushingstd-book.ufo\/glyphs\/x.glif","\/cushingstd-book.ufo\/glyphs\/y.glif":"\/cushingstd-book.ufo\/glyphs\/y.glif","\/cushingstd-book.ufo\/glyphs\/yacute.glif":"\/cushingstd-book.ufo\/glyphs\/yacute.glif","\/cushingstd-book.ufo\/glyphs\/ydieresis.glif":"\/cushingstd-book.ufo\/glyphs\/ydieresis.glif","\/cushingstd-book.ufo\/glyphs\/yen.glif":"\/cushingstd-book.ufo\/glyphs\/yen.glif","\/cushingstd-book.ufo\/glyphs\/z.glif":"\/cushingstd-book.ufo\/glyphs\/z.glif","\/cushingstd-book.ufo\/glyphs\/zcaron.glif":"\/cushingstd-book.ufo\/glyphs\/zcaron.glif","\/cushingstd-book.ufo\/glyphs\/zero.glif":"\/cushingstd-book.ufo\/glyphs\/zero.glif"},"Font":{"uploaded":1471093024.1467,"licence":"gpl3","company":"Chronolabs Cooperative","title":"Cushing Std Book","version":3.002,"date":"Fri Aug 12 07:03:09 2016","creator":"root","type":"1","matrix":"0.001 0 0 0.001 0 0","named":"CushingStd-Book","painttype":"0","info":"11 dict dup","name":"ITC Cushing Std Book","family":"ITC Cushing Std","weight":"Book","fstype":"4","italicangle":"0","underlineposition":"","underlinethickness":""},"Licences":{"":false},"Table":{"FFTM":{"entryLength":16,"tag":"FFTM","checksum":1944346026,"offset":31912,"length":28},"GDEF":{"entryLength":16,"tag":"GDEF","checksum":20185094,"offset":31880,"length":32},"OS\/2":{"entryLength":16,"tag":"OS\/2","checksum":1997355576,"offset":344,"length":86},"cmap":{"entryLength":16,"tag":"cmap","checksum":777625557,"offset":1484,"length":1156},"gasp":{"entryLength":16,"tag":"gasp","checksum":4294901763,"offset":31872,"length":8},"glyf":{"entryLength":16,"tag":"glyf","checksum":1125999914,"offset":3168,"length":26680},"head":{"entryLength":16,"tag":"head","checksum":177846574,"offset":220,"length":54},"hhea":{"entryLength":16,"tag":"hhea","checksum":131925013,"offset":276,"length":36},"hmtx":{"entryLength":16,"tag":"hmtx","checksum":4190247683,"offset":432,"length":1052},"loca":{"entryLength":16,"tag":"loca","checksum":247539698,"offset":2640,"length":528},"maxp":{"entryLength":16,"tag":"maxp","checksum":22020196,"offset":312,"length":32},"name":{"entryLength":16,"tag":"name","checksum":3808083115,"offset":29848,"length":1296},"post":{"entryLength":16,"tag":"post","checksum":2504245827,"offset":31144,"length":728}},"UnicodeCharMap":{"32":3,"33":4,"34":5,"35":6,"36":7,"37":8,"38":9,"39":10,"40":11,"41":12,"42":13,"43":14,"44":15,"45":16,"46":17,"47":18,"48":19,"49":20,"50":21,"51":22,"52":23,"53":24,"54":25,"55":26,"56":27,"57":28,"58":29,"59":30,"60":31,"61":32,"62":33,"63":34,"64":35,"65":36,"66":37,"67":38,"68":39,"69":40,"70":41,"71":42,"72":43,"73":44,"74":45,"75":46,"76":47,"77":48,"78":49,"79":50,"80":51,"81":52,"82":53,"83":54,"84":55,"85":56,"86":57,"87":58,"88":59,"89":60,"90":61,"91":62,"92":63,"93":64,"94":65,"95":66,"96":67,"97":68,"98":69,"99":70,"100":71,"101":72,"102":73,"103":74,"104":75,"105":76,"106":77,"107":78,"108":79,"109":80,"110":81,"111":82,"112":83,"113":84,"114":85,"115":86,"116":87,"117":88,"118":89,"119":90,"120":91,"121":92,"122":93,"123":94,"124":95,"125":96,"126":97,"160":98,"161":99,"162":100,"163":101,"164":102,"165":103,"166":104,"167":105,"168":106,"169":107,"170":108,"171":109,"172":110,"173":111,"174":112,"175":113,"176":114,"177":115,"178":259,"179":260,"180":118,"182":120,"183":121,"184":122,"185":258,"186":124,"187":125,"188":126,"189":127,"190":128,"191":129,"192":130,"193":131,"194":132,"195":133,"196":134,"197":135,"198":136,"199":137,"200":138,"201":139,"202":140,"203":141,"204":142,"205":143,"206":144,"207":145,"208":146,"209":147,"210":148,"211":149,"212":150,"213":151,"214":152,"215":153,"216":154,"217":155,"218":156,"219":157,"220":158,"221":159,"222":160,"223":161,"224":162,"225":163,"226":164,"227":165,"228":166,"229":167,"230":168,"231":169,"232":170,"233":171,"234":172,"235":173,"236":174,"237":175,"238":176,"239":177,"240":178,"241":179,"242":180,"243":181,"244":182,"245":183,"246":184,"247":185,"248":186,"249":187,"250":188,"251":189,"252":190,"253":191,"254":192,"255":193,"305":223,"321":221,"322":224,"338":222,"339":225,"352":228,"353":231,"376":229,"381":230,"382":232,"402":197,"710":212,"711":219,"713":250,"728":214,"729":215,"730":216,"731":218,"732":213,"733":217,"937":251,"956":253,"960":235,"8208":262,"8211":203,"8212":220,"8216":195,"8217":194,"8218":207,"8220":198,"8221":209,"8222":208,"8224":204,"8225":205,"8226":206,"8230":210,"8240":211,"8249":199,"8250":200,"8260":196,"8364":236,"8467":252,"8482":226,"8494":237,"8706":238,"8710":261,"8719":239,"8721":240,"8722":227,"8725":254,"8729":241,"8730":242,"8734":243,"8747":244,"8776":245,"8800":246,"8804":247,"8805":248,"9674":249,"64257":233,"64258":255},"Reserves":{"fontname":"ITC Cushing Std Book"},"Names":{"ITC Cushing Std Book":{"name":"ITC Cushing Std Book","longitude":"0.00000001","latitude":"0.00000001","country":"","region":"","city":""}},"Nodes":{"it":{"type":"typal","node":"it","usage":1,"weight":1},"tc":{"type":"typal","node":"tc","usage":1,"weight":1},"cu":{"type":"typal","node":"cu","usage":1,"weight":1},"ng":{"type":"typal","node":"ng","usage":1,"weight":1},"st":{"type":"typal","node":"st","usage":1,"weight":1},"td":{"type":"typal","node":"td","usage":1,"weight":1},"bo":{"type":"typal","node":"bo","usage":1,"weight":1},"ok":{"type":"typal","node":"ok","usage":1,"weight":1},"cus":{"type":"typal","node":"cus","usage":1,"weight":1},"ing":{"type":"typal","node":"ing","usage":1,"weight":1},"boo":{"type":"typal","node":"boo","usage":1,"weight":1},"ook":{"type":"typal","node":"ook","usage":1,"weight":1},"cush":{"type":"keys","node":"cush","usage":1,"weight":1},"hing":{"type":"keys","node":"hing","usage":1,"weight":1},"cushi":{"type":"keys","node":"cushi","usage":1,"weight":1},"shing":{"type":"keys","node":"shing","usage":1,"weight":1},"itc":{"type":"fixes","node":"itc","usage":1,"weight":1},"cushing":{"type":"fixes","node":"cushing","usage":1,"weight":1},"std":{"type":"fixes","node":"std","usage":1,"weight":1},"book":{"type":"fixes","node":"book","usage":1,"weight":1}},"Contributors":[],"FontIdentity":"labscoop:5681cf1b2ef6c4b6c7e3470","Bytes":null,"Networking":[],"barcode":"cuqae6giqyaci","referee":"oiwkwew"}