{"CSS":{"CotranDisplaySSK":"CotranDisplaySSK.css"},"FontType":"TrueType","FontCopyright":"Copyright 1992 Southern Software, Inc. All Rights Reserved","FontName":"CotranDisplaySSK","FontSubfamily":"Book","FontSubfamilyID":"FontForge 2.0 : CotranDisplaySSK : 19-10-2016","FontFullName":"Cotran Display SSK","FontVersion":"Version Macromedia Fontograp ","FontWeight":null,"FontPostscriptName":"CotranDisplaySSK","Files":{"cotrandisplayssk.afm":"cotrandisplayssk.afm","cotrandisplayssk.bin":"cotrandisplayssk.bin","cotrandisplayssk.cef":"cotrandisplayssk.cef","cotrandisplayssk.cff":"cotrandisplayssk.cff","cotrandisplayssk.cid":"cotrandisplayssk.cid","cotrandisplayssk.dfont":"cotrandisplayssk.dfont","cotrandisplayssk.eot":"cotrandisplayssk.eot","cotrandisplayssk.fon":"cotrandisplayssk.fon","cotrandisplayssk.gai":"cotrandisplayssk.gai","cotrandisplayssk.gsf":"cotrandisplayssk.gsf","cotrandisplayssk.hqx":"cotrandisplayssk.hqx","cotrandisplayssk.ik":"cotrandisplayssk.ik","cotrandisplayssk.mf":"cotrandisplayssk.mf","cotrandisplayssk.otf":"cotrandisplayssk.otf","cotrandisplayssk.pcf":"cotrandisplayssk.pcf","cotrandisplayssk.pf3":"cotrandisplayssk.pf3","cotrandisplayssk.pfa":"cotrandisplayssk.pfa","cotrandisplayssk.pfb":"cotrandisplayssk.pfb","cotrandisplayssk.php":"cotrandisplayssk.php","cotrandisplayssk.pmf":"cotrandisplayssk.pmf","cotrandisplayssk.pt3":"cotrandisplayssk.pt3","cotrandisplayssk.sfd":"cotrandisplayssk.sfd","cotrandisplayssk.svg":"cotrandisplayssk.svg","cotrandisplayssk.t42":"cotrandisplayssk.t42","cotrandisplayssk.ttd":"cotrandisplayssk.ttd","cotrandisplayssk.ttf":"cotrandisplayssk.ttf","cotrandisplayssk.ttg":"cotrandisplayssk.ttg","cotrandisplayssk.ufm":"cotrandisplayssk.ufm","cotrandisplayssk.woff":"cotrandisplayssk.woff","cotrandisplayssk.z":"cotrandisplayssk.z","":{"cotrandisplayssk.afm":"cotrandisplayssk.afm","cotrandisplayssk.bin":"cotrandisplayssk.bin","cotrandisplayssk.cef":"cotrandisplayssk.cef","cotrandisplayssk.cff":"cotrandisplayssk.cff","cotrandisplayssk.cid":"cotrandisplayssk.cid","cotrandisplayssk.dfont":"cotrandisplayssk.dfont","cotrandisplayssk.eot":"cotrandisplayssk.eot","cotrandisplayssk.fon":"cotrandisplayssk.fon","cotrandisplayssk.gai":"cotrandisplayssk.gai","cotrandisplayssk.gsf":"cotrandisplayssk.gsf","cotrandisplayssk.hqx":"cotrandisplayssk.hqx","cotrandisplayssk.ik":"cotrandisplayssk.ik","cotrandisplayssk.mf":"cotrandisplayssk.mf","cotrandisplayssk.otf":"cotrandisplayssk.otf","cotrandisplayssk.pcf":"cotrandisplayssk.pcf","cotrandisplayssk.pf3":"cotrandisplayssk.pf3","cotrandisplayssk.pfa":"cotrandisplayssk.pfa","cotrandisplayssk.pfb":"cotrandisplayssk.pfb","cotrandisplayssk.php":"cotrandisplayssk.php","cotrandisplayssk.pmf":"cotrandisplayssk.pmf","cotrandisplayssk.pt3":"cotrandisplayssk.pt3","cotrandisplayssk.sfd":"cotrandisplayssk.sfd","cotrandisplayssk.svg":"cotrandisplayssk.svg","cotrandisplayssk.t42":"cotrandisplayssk.t42","cotrandisplayssk.ttd":"cotrandisplayssk.ttd","cotrandisplayssk.ttf":"cotrandisplayssk.ttf","cotrandisplayssk.ttg":"cotrandisplayssk.ttg","cotrandisplayssk.ufm":"cotrandisplayssk.ufm","cotrandisplayssk.woff":"cotrandisplayssk.woff","cotrandisplayssk.z":"cotrandisplayssk.z"},"\/cotrandisplayssk.ufo":{"feature.fea":"feature.fea","fontinfo.plist":"fontinfo.plist","groups.plist":"groups.plist","kerning.plist":"kerning.plist","metainfo.plist":"metainfo.plist"},"\/cotrandisplayssk.ufo\/glyphs":{"A_.glif":"A_.glif","A_acute.glif":"A_acute.glif","A_circumflex.glif":"A_circumflex.glif","A_dieresis.glif":"A_dieresis.glif","A_grave.glif":"A_grave.glif","A_ring.glif":"A_ring.glif","A_tilde.glif":"A_tilde.glif","B_.glif":"B_.glif","C_.glif":"C_.glif","C_cedilla.glif":"C_cedilla.glif","D_.glif":"D_.glif","D_elta.glif":"D_elta.glif","E_.glif":"E_.glif","E_acute.glif":"E_acute.glif","E_circumflex.glif":"E_circumflex.glif","E_dieresis.glif":"E_dieresis.glif","E_grave.glif":"E_grave.glif","F_.glif":"F_.glif","G_.glif":"G_.glif","H_.glif":"H_.glif","I_.glif":"I_.glif","I_circumflex.glif":"I_circumflex.glif","I_dieresis.glif":"I_dieresis.glif","J_.glif":"J_.glif","K_.glif":"K_.glif","L_.glif":"L_.glif","M_.glif":"M_.glif","N_.glif":"N_.glif","N_tilde.glif":"N_tilde.glif","O_.glif":"O_.glif","O_acute.glif":"O_acute.glif","O_circumflex.glif":"O_circumflex.glif","O_mega.glif":"O_mega.glif","O_tilde.glif":"O_tilde.glif","P_.glif":"P_.glif","Q_.glif":"Q_.glif","R_.glif":"R_.glif","S_.glif":"S_.glif","T_.glif":"T_.glif","U_.glif":"U_.glif","U_acute.glif":"U_acute.glif","U_circumflex.glif":"U_circumflex.glif","U_grave.glif":"U_grave.glif","V_.glif":"V_.glif","W_.glif":"W_.glif","X_.glif":"X_.glif","Y_.glif":"Y_.glif","Y_dieresis.glif":"Y_dieresis.glif","Z_.glif":"Z_.glif","_notdef.glif":"_notdef.glif","_null.glif":"_null.glif","a.glif":"a.glif","aacute.glif":"aacute.glif","acircumflex.glif":"acircumflex.glif","adieresis.glif":"adieresis.glif","agrave.glif":"agrave.glif","ampersand.glif":"ampersand.glif","apple.glif":"apple.glif","approxequal.glif":"approxequal.glif","aring.glif":"aring.glif","asterisk.glif":"asterisk.glif","atilde.glif":"atilde.glif","b.glif":"b.glif","c.glif":"c.glif","ccedilla.glif":"ccedilla.glif","colon.glif":"colon.glif","comma.glif":"comma.glif","contents.plist":"contents.plist","d.glif":"d.glif","divide.glif":"divide.glif","dollar.glif":"dollar.glif","e.glif":"e.glif","eacute.glif":"eacute.glif","ecircumflex.glif":"ecircumflex.glif","edieresis.glif":"edieresis.glif","egrave.glif":"egrave.glif","eight.glif":"eight.glif","emdash.glif":"emdash.glif","exclam.glif":"exclam.glif","f.glif":"f.glif","five.glif":"five.glif","four.glif":"four.glif","g.glif":"g.glif","greaterequal.glif":"greaterequal.glif","h.glif":"h.glif","hyphen.glif":"hyphen.glif","i.glif":"i.glif","iacute.glif":"iacute.glif","icircumflex.glif":"icircumflex.glif","idieresis.glif":"idieresis.glif","igrave.glif":"igrave.glif","infinity.glif":"infinity.glif","integral.glif":"integral.glif","j.glif":"j.glif","k.glif":"k.glif","l.glif":"l.glif","lessequal.glif":"lessequal.glif","lozenge.glif":"lozenge.glif","m.glif":"m.glif","mu.glif":"mu.glif","n.glif":"n.glif","nine.glif":"nine.glif","nonbreakingspace.glif":"nonbreakingspace.glif","nonmarkingreturn.glif":"nonmarkingreturn.glif","notequal.glif":"notequal.glif","ntilde.glif":"ntilde.glif","o.glif":"o.glif","oacute.glif":"oacute.glif","ocircumflex.glif":"ocircumflex.glif","odieresis.glif":"odieresis.glif","ograve.glif":"ograve.glif","one.glif":"one.glif","otilde.glif":"otilde.glif","p.glif":"p.glif","parenleft.glif":"parenleft.glif","parenright.glif":"parenright.glif","partialdiff.glif":"partialdiff.glif","period.glif":"period.glif","pi.glif":"pi.glif","plusminus.glif":"plusminus.glif","product.glif":"product.glif","q.glif":"q.glif","question.glif":"question.glif","quotedblleft.glif":"quotedblleft.glif","quotedblright.glif":"quotedblright.glif","quotesingle.glif":"quotesingle.glif","r.glif":"r.glif","radical.glif":"radical.glif","s.glif":"s.glif","semicolon.glif":"semicolon.glif","seven.glif":"seven.glif","six.glif":"six.glif","space.glif":"space.glif","sterling.glif":"sterling.glif","summation.glif":"summation.glif","t.glif":"t.glif","three.glif":"three.glif","two.glif":"two.glif","u.glif":"u.glif","uacute.glif":"uacute.glif","ucircumflex.glif":"ucircumflex.glif","udieresis.glif":"udieresis.glif","ugrave.glif":"ugrave.glif","v.glif":"v.glif","w.glif":"w.glif","x.glif":"x.glif","y.glif":"y.glif","ydieresis.glif":"ydieresis.glif","z.glif":"z.glif","zero.glif":"zero.glif"}},"Font":{"uploaded":1476897561.4241,"licence":"gpl3","company":"Chronolabs Cooperative","title":"Cotran Display SSK","version":2.001,"date":"Sun Aug 28 08:34:00 2016","creator":"root","type":"1","matrix":"0.001 0 0 0.001 0 0","named":"CotranDisplaySSK","painttype":"0","info":"10 dict dup","name":"CotranDisplaySSK","family":"CotranDisplaySSK","weight":"Book","fstype":"1","italicangle":"0","underlineposition":"","underlinethickness":""},"Table":{"FFTM":{"entryLength":16,"tag":"FFTM","checksum":1947121728,"offset":16208,"length":28},"GDEF":{"entryLength":16,"tag":"GDEF","checksum":12713988,"offset":16176,"length":32},"OS\/2":{"entryLength":16,"tag":"OS\/2","checksum":1997014447,"offset":344,"length":86},"cmap":{"entryLength":16,"tag":"cmap","checksum":1369649307,"offset":1028,"length":642},"gasp":{"entryLength":16,"tag":"gasp","checksum":4294901763,"offset":16168,"length":8},"glyf":{"entryLength":16,"tag":"glyf","checksum":2174821063,"offset":1972,"length":13116},"head":{"entryLength":16,"tag":"head","checksum":192287866,"offset":220,"length":54},"hhea":{"entryLength":16,"tag":"hhea","checksum":134677434,"offset":276,"length":36},"hmtx":{"entryLength":16,"tag":"hmtx","checksum":1509821746,"offset":432,"length":596},"loca":{"entryLength":16,"tag":"loca","checksum":2782049042,"offset":1672,"length":300},"maxp":{"entryLength":16,"tag":"maxp","checksum":14287098,"offset":312,"length":32},"name":{"entryLength":16,"tag":"name","checksum":827279460,"offset":15088,"length":747},"post":{"entryLength":16,"tag":"post","checksum":463674494,"offset":15836,"length":332}},"UnicodeCharMap":{"0":1,"13":2,"32":3,"33":4,"36":5,"38":6,"39":7,"40":8,"41":9,"42":10,"44":11,"45":12,"46":13,"48":14,"49":15,"50":16,"51":17,"52":18,"53":19,"54":20,"55":21,"56":22,"57":23,"58":24,"59":25,"63":26,"65":27,"66":28,"67":29,"68":30,"69":31,"70":32,"71":33,"72":34,"73":35,"74":36,"75":37,"76":38,"77":39,"78":40,"79":41,"80":42,"81":43,"82":44,"83":45,"84":46,"85":47,"86":48,"87":49,"88":50,"89":51,"90":52,"97":53,"98":54,"99":55,"100":56,"101":57,"102":58,"103":59,"104":60,"105":61,"106":62,"107":63,"108":64,"109":65,"110":66,"111":67,"112":68,"113":69,"114":70,"115":71,"116":72,"117":73,"118":74,"119":75,"120":76,"121":77,"122":78,"160":79,"163":80,"177":81,"192":83,"193":84,"194":85,"195":86,"196":87,"197":88,"199":89,"200":90,"201":91,"202":92,"203":93,"206":94,"207":95,"209":96,"211":97,"212":98,"213":99,"217":100,"218":101,"219":102,"224":103,"225":104,"226":105,"227":106,"228":107,"229":108,"231":109,"232":110,"233":111,"234":112,"235":113,"236":114,"237":115,"238":116,"239":117,"241":118,"242":119,"243":120,"244":121,"245":122,"246":123,"247":124,"249":125,"250":126,"251":127,"252":128,"255":129,"376":133,"916":146,"937":143,"956":82,"960":141,"8212":130,"8220":131,"8221":132,"8706":138,"8719":140,"8721":139,"8730":144,"8734":135,"8747":142,"8776":145,"8800":134,"8804":136,"8805":137,"9674":147},"Reserves":null,"Names":[],"Nodes":{"co":{"type":"typal","node":"co","usage":1,"weight":1},"an":{"type":"typal","node":"an","usage":1,"weight":1},"di":{"type":"typal","node":"di","usage":1,"weight":1},"ay":{"type":"typal","node":"ay","usage":1,"weight":1},"ss":{"type":"typal","node":"ss","usage":1,"weight":1},"sk":{"type":"typal","node":"sk","usage":1,"weight":1},"cot":{"type":"typal","node":"cot","usage":1,"weight":1},"ran":{"type":"typal","node":"ran","usage":1,"weight":1},"dis":{"type":"typal","node":"dis","usage":1,"weight":1},"lay":{"type":"typal","node":"lay","usage":1,"weight":1},"cotr":{"type":"keys","node":"cotr","usage":1,"weight":1},"tran":{"type":"keys","node":"tran","usage":1,"weight":1},"disp":{"type":"keys","node":"disp","usage":1,"weight":1},"play":{"type":"keys","node":"play","usage":1,"weight":1},"cotra":{"type":"keys","node":"cotra","usage":1,"weight":1},"otran":{"type":"keys","node":"otran","usage":1,"weight":1},"displ":{"type":"keys","node":"displ","usage":1,"weight":1},"splay":{"type":"keys","node":"splay","usage":1,"weight":1},"cotran":{"type":"fixes","node":"cotran","usage":1,"weight":1},"display":{"type":"fixes","node":"display","usage":1,"weight":1},"ssk":{"type":"fixes","node":"ssk","usage":1,"weight":1}},"Contributors":[],"FontIdentity":"fe84a708206727cf877f0fbfc5e7c060","Bytes":1340086,"Networking":[],"barcode":"aomyiaakq3iku","referee":"qiue7"}