{"CSS":{"Betaphid":"Betaphid.css"},"FontType":"TrueType","FontCopyright":"Copyright (c) Ray Larabie 2006. Do not distribute. Report piracy to piracy@typodermic.com. Visit www.typodermic.com and www.larabiefonts.com","FontName":"Betaphid","FontSubfamily":"Book","FontSubfamilyID":"FontForge 2.0 : Betaphid : 1-1-2017","FontFullName":"Betaphid","FontVersion":"Version OTF 1.000;PS 001.001 ","FontWeight":null,"FontPostscriptName":"Betaphid","Files":{"betaphid.afm":"betaphid.afm","betaphid.bin":"betaphid.bin","betaphid.cef":"betaphid.cef","betaphid.cff":"betaphid.cff","betaphid.cid":"betaphid.cid","betaphid.dfont":"betaphid.dfont","betaphid.eot":"betaphid.eot","betaphid.fon":"betaphid.fon","betaphid.gai":"betaphid.gai","betaphid.gsf":"betaphid.gsf","betaphid.hqx":"betaphid.hqx","betaphid.ik":"betaphid.ik","betaphid.mf":"betaphid.mf","betaphid.otf":"betaphid.otf","betaphid.pcf":"betaphid.pcf","betaphid.pf3":"betaphid.pf3","betaphid.pfa":"betaphid.pfa","betaphid.pfb":"betaphid.pfb","betaphid.php":"betaphid.php","betaphid.pmf":"betaphid.pmf","betaphid.pt3":"betaphid.pt3","betaphid.sfd":"betaphid.sfd","betaphid.svg":"betaphid.svg","betaphid.t42":"betaphid.t42","betaphid.ttd":"betaphid.ttd","betaphid.ttf":"betaphid.ttf","betaphid.ttg":"betaphid.ttg","betaphid.ufm":"betaphid.ufm","betaphid.woff":"betaphid.woff","betaphid.z":"betaphid.z","":{"betaphid.afm":"betaphid.afm","betaphid.bin":"betaphid.bin","betaphid.cef":"betaphid.cef","betaphid.cff":"betaphid.cff","betaphid.cid":"betaphid.cid","betaphid.dfont":"betaphid.dfont","betaphid.eot":"betaphid.eot","betaphid.fon":"betaphid.fon","betaphid.gai":"betaphid.gai","betaphid.gsf":"betaphid.gsf","betaphid.hqx":"betaphid.hqx","betaphid.ik":"betaphid.ik","betaphid.mf":"betaphid.mf","betaphid.otf":"betaphid.otf","betaphid.pcf":"betaphid.pcf","betaphid.pf3":"betaphid.pf3","betaphid.pfa":"betaphid.pfa","betaphid.pfb":"betaphid.pfb","betaphid.php":"betaphid.php","betaphid.pmf":"betaphid.pmf","betaphid.pt3":"betaphid.pt3","betaphid.sfd":"betaphid.sfd","betaphid.svg":"betaphid.svg","betaphid.t42":"betaphid.t42","betaphid.ttd":"betaphid.ttd","betaphid.ttf":"betaphid.ttf","betaphid.ttg":"betaphid.ttg","betaphid.ufm":"betaphid.ufm","betaphid.woff":"betaphid.woff","betaphid.z":"betaphid.z"},"\/betaphid.ufo":{"feature.fea":"feature.fea","fontinfo.plist":"fontinfo.plist","groups.plist":"groups.plist","kerning.plist":"kerning.plist","metainfo.plist":"metainfo.plist"},"\/betaphid.ufo\/glyphs":{"A_.glif":"A_.glif","A_E_.glif":"A_E_.glif","A_acute.glif":"A_acute.glif","A_circumflex.glif":"A_circumflex.glif","A_dieresis.glif":"A_dieresis.glif","A_grave.glif":"A_grave.glif","A_ring.glif":"A_ring.glif","A_tilde.glif":"A_tilde.glif","B_.glif":"B_.glif","C_.glif":"C_.glif","C_cedilla.glif":"C_cedilla.glif","D_.glif":"D_.glif","E_.glif":"E_.glif","E_acute.glif":"E_acute.glif","E_circumflex.glif":"E_circumflex.glif","E_dieresis.glif":"E_dieresis.glif","E_grave.glif":"E_grave.glif","E_th.glif":"E_th.glif","E_uro.glif":"E_uro.glif","F_.glif":"F_.glif","G_.glif":"G_.glif","H_.glif":"H_.glif","I_.glif":"I_.glif","I_acute.glif":"I_acute.glif","I_circumflex.glif":"I_circumflex.glif","I_dieresis.glif":"I_dieresis.glif","I_grave.glif":"I_grave.glif","J_.glif":"J_.glif","K_.glif":"K_.glif","L_.glif":"L_.glif","L_slash.glif":"L_slash.glif","M_.glif":"M_.glif","N_.glif":"N_.glif","N_tilde.glif":"N_tilde.glif","O_.glif":"O_.glif","O_E_.glif":"O_E_.glif","O_acute.glif":"O_acute.glif","O_circumflex.glif":"O_circumflex.glif","O_dieresis.glif":"O_dieresis.glif","O_grave.glif":"O_grave.glif","O_slash.glif":"O_slash.glif","O_tilde.glif":"O_tilde.glif","P_.glif":"P_.glif","Q_.glif":"Q_.glif","R_.glif":"R_.glif","S_.glif":"S_.glif","S_caron.glif":"S_caron.glif","T_.glif":"T_.glif","T_horn.glif":"T_horn.glif","U_.glif":"U_.glif","U_acute.glif":"U_acute.glif","U_circumflex.glif":"U_circumflex.glif","U_dieresis.glif":"U_dieresis.glif","U_grave.glif":"U_grave.glif","V_.glif":"V_.glif","W_.glif":"W_.glif","X_.glif":"X_.glif","Y_.glif":"Y_.glif","Y_acute.glif":"Y_acute.glif","Y_dieresis.glif":"Y_dieresis.glif","Z_.glif":"Z_.glif","Z_caron.glif":"Z_caron.glif","a.glif":"a.glif","aacute.glif":"aacute.glif","acircumflex.glif":"acircumflex.glif","acute.glif":"acute.glif","adieresis.glif":"adieresis.glif","ae.glif":"ae.glif","agrave.glif":"agrave.glif","ampersand.glif":"ampersand.glif","aring.glif":"aring.glif","asciicircum.glif":"asciicircum.glif","asciitilde.glif":"asciitilde.glif","asterisk.glif":"asterisk.glif","at.glif":"at.glif","atilde.glif":"atilde.glif","b.glif":"b.glif","backslash.glif":"backslash.glif","bar.glif":"bar.glif","braceleft.glif":"braceleft.glif","braceright.glif":"braceright.glif","bracketleft.glif":"bracketleft.glif","bracketright.glif":"bracketright.glif","bullet.glif":"bullet.glif","c.glif":"c.glif","caron.glif":"caron.glif","ccedilla.glif":"ccedilla.glif","cedilla.glif":"cedilla.glif","cent.glif":"cent.glif","circumflex.glif":"circumflex.glif","colon.glif":"colon.glif","comma.glif":"comma.glif","contents.plist":"contents.plist","copyright.glif":"copyright.glif","d.glif":"d.glif","degree.glif":"degree.glif","dieresis.glif":"dieresis.glif","divide.glif":"divide.glif","dollar.glif":"dollar.glif","dotlessi.glif":"dotlessi.glif","e.glif":"e.glif","eacute.glif":"eacute.glif","ecircumflex.glif":"ecircumflex.glif","edieresis.glif":"edieresis.glif","egrave.glif":"egrave.glif","eight.glif":"eight.glif","ellipsis.glif":"ellipsis.glif","emdash.glif":"emdash.glif","endash.glif":"endash.glif","equal.glif":"equal.glif","eth.glif":"eth.glif","exclam.glif":"exclam.glif","exclamdown.glif":"exclamdown.glif","f.glif":"f.glif","five.glif":"five.glif","four.glif":"four.glif","fraction.glif":"fraction.glif","g.glif":"g.glif","germandbls.glif":"germandbls.glif","grave.glif":"grave.glif","greater.glif":"greater.glif","guillemotleft.glif":"guillemotleft.glif","guillemotright.glif":"guillemotright.glif","h.glif":"h.glif","hyphen.glif":"hyphen.glif","i.glif":"i.glif","iacute.glif":"iacute.glif","icircumflex.glif":"icircumflex.glif","idieresis.glif":"idieresis.glif","igrave.glif":"igrave.glif","j.glif":"j.glif","k.glif":"k.glif","l.glif":"l.glif","less.glif":"less.glif","lslash.glif":"lslash.glif","m.glif":"m.glif","minus.glif":"minus.glif","multiply.glif":"multiply.glif","n.glif":"n.glif","nine.glif":"nine.glif","ntilde.glif":"ntilde.glif","numbersign.glif":"numbersign.glif","o.glif":"o.glif","oacute.glif":"oacute.glif","ocircumflex.glif":"ocircumflex.glif","odieresis.glif":"odieresis.glif","oe.glif":"oe.glif","ograve.glif":"ograve.glif","one.glif":"one.glif","ordfeminine.glif":"ordfeminine.glif","ordmasculine.glif":"ordmasculine.glif","oslash.glif":"oslash.glif","otilde.glif":"otilde.glif","p.glif":"p.glif","parenleft.glif":"parenleft.glif","parenright.glif":"parenright.glif","percent.glif":"percent.glif","period.glif":"period.glif","periodcentered.glif":"periodcentered.glif","perthousand.glif":"perthousand.glif","plus.glif":"plus.glif","product.glif":"product.glif","q.glif":"q.glif","question.glif":"question.glif","questiondown.glif":"questiondown.glif","quotedbl.glif":"quotedbl.glif","quotedblbase.glif":"quotedblbase.glif","quotedblleft.glif":"quotedblleft.glif","quotedblright.glif":"quotedblright.glif","quoteleft.glif":"quoteleft.glif","quoteright.glif":"quoteright.glif","quotesinglbase.glif":"quotesinglbase.glif","quotesingle.glif":"quotesingle.glif","r.glif":"r.glif","registered.glif":"registered.glif","ring.glif":"ring.glif","s.glif":"s.glif","scaron.glif":"scaron.glif","semicolon.glif":"semicolon.glif","seven.glif":"seven.glif","six.glif":"six.glif","slash.glif":"slash.glif","space.glif":"space.glif","sterling.glif":"sterling.glif","t.glif":"t.glif","thorn.glif":"thorn.glif","three.glif":"three.glif","tilde.glif":"tilde.glif","trademark.glif":"trademark.glif","two.glif":"two.glif","u.glif":"u.glif","uacute.glif":"uacute.glif","ucircumflex.glif":"ucircumflex.glif","udieresis.glif":"udieresis.glif","ugrave.glif":"ugrave.glif","underscore.glif":"underscore.glif","v.glif":"v.glif","w.glif":"w.glif","x.glif":"x.glif","y.glif":"y.glif","yacute.glif":"yacute.glif","ydieresis.glif":"ydieresis.glif","yen.glif":"yen.glif","z.glif":"z.glif","zcaron.glif":"zcaron.glif","zero.glif":"zero.glif"}},"Font":{"uploaded":1483209295.4981,"licence":"gpl3","company":"Chronolabs Cooperative","title":"Betaphid","version":2.001,"date":"Sat Oct 15 01:02:32 2016","creator":"root","type":"1","matrix":"0.001 0 0 0.001 0 0","named":"Betaphid","painttype":"0","info":"11 dict dup","name":"Betaphid","family":"Betaphid","weight":"Book","fstype":"0","italicangle":"0","underlineposition":"","underlinethickness":""},"Table":{"FFTM":{"entryLength":16,"tag":"FFTM","checksum":1955253952,"offset":13324,"length":28},"GDEF":{"entryLength":16,"tag":"GDEF","checksum":16580614,"offset":13292,"length":32},"OS\/2":{"entryLength":16,"tag":"OS\/2","checksum":1453327116,"offset":344,"length":86},"cmap":{"entryLength":16,"tag":"cmap","checksum":2164704374,"offset":1264,"length":570},"gasp":{"entryLength":16,"tag":"gasp","checksum":4294901763,"offset":13284,"length":8},"glyf":{"entryLength":16,"tag":"glyf","checksum":2988982164,"offset":2256,"length":9680},"head":{"entryLength":16,"tag":"head","checksum":267622803,"offset":220,"length":54},"hhea":{"entryLength":16,"tag":"hhea","checksum":200673264,"offset":276,"length":36},"hmtx":{"entryLength":16,"tag":"hmtx","checksum":3411355621,"offset":432,"length":832},"loca":{"entryLength":16,"tag":"loca","checksum":303171868,"offset":1836,"length":418},"maxp":{"entryLength":16,"tag":"maxp","checksum":18808903,"offset":312,"length":32},"name":{"entryLength":16,"tag":"name","checksum":3091434654,"offset":11936,"length":891},"post":{"entryLength":16,"tag":"post","checksum":2735448337,"offset":12828,"length":455}},"UnicodeCharMap":{"32":3,"33":4,"34":5,"35":6,"36":7,"37":8,"38":9,"39":10,"40":11,"41":12,"42":13,"43":14,"44":15,"45":16,"46":17,"47":18,"48":19,"49":20,"50":21,"51":22,"52":23,"53":24,"54":25,"55":26,"56":27,"57":28,"58":29,"59":30,"60":31,"61":32,"62":33,"63":34,"64":35,"65":36,"66":37,"67":38,"68":39,"69":40,"70":41,"71":42,"72":43,"73":44,"74":45,"75":46,"76":47,"77":48,"78":49,"79":50,"80":51,"81":52,"82":53,"83":54,"84":55,"85":56,"86":57,"87":58,"88":59,"89":60,"90":61,"91":62,"92":63,"93":64,"94":65,"95":66,"96":67,"97":68,"98":69,"99":70,"100":71,"101":72,"102":73,"103":74,"104":75,"105":76,"106":77,"107":78,"108":79,"109":80,"110":81,"111":82,"112":83,"113":84,"114":85,"115":86,"116":87,"117":88,"118":89,"119":90,"120":91,"121":92,"122":93,"123":94,"124":95,"125":96,"126":97,"161":98,"162":99,"163":100,"165":101,"168":102,"169":103,"170":104,"171":105,"174":106,"176":107,"180":108,"183":109,"184":110,"186":111,"187":112,"191":113,"192":114,"193":115,"194":116,"195":117,"196":118,"197":119,"198":120,"199":121,"200":122,"201":123,"202":124,"203":125,"204":126,"205":127,"206":128,"207":129,"208":130,"209":131,"210":132,"211":133,"212":134,"213":135,"214":136,"215":137,"216":138,"217":139,"218":140,"219":141,"220":142,"221":143,"222":144,"223":145,"224":146,"225":147,"226":148,"227":149,"228":150,"229":151,"230":152,"231":153,"232":154,"233":155,"234":156,"235":157,"236":158,"237":159,"238":160,"239":161,"240":162,"241":163,"242":164,"243":165,"244":166,"245":167,"246":168,"247":169,"248":170,"249":171,"250":172,"251":173,"252":174,"253":175,"254":176,"255":177,"305":203,"321":178,"322":179,"338":189,"339":190,"352":180,"353":181,"376":197,"381":182,"382":183,"710":204,"711":207,"730":206,"732":205,"8211":191,"8212":192,"8216":195,"8217":196,"8218":200,"8220":193,"8221":194,"8222":201,"8226":185,"8230":188,"8240":202,"8260":198,"8364":199,"8482":186,"8719":187,"8722":184},"Reserves":null,"Names":[],"Nodes":{"be":{"type":"typal","node":"be","usage":1,"weight":1},"bet":{"type":"typal","node":"bet","usage":1,"weight":1},"hid":{"type":"typal","node":"hid","usage":1,"weight":1},"beta":{"type":"keys","node":"beta","usage":1,"weight":1},"phid":{"type":"keys","node":"phid","usage":1,"weight":1},"betap":{"type":"keys","node":"betap","usage":1,"weight":1},"aphid":{"type":"keys","node":"aphid","usage":1,"weight":1},"betaphid":{"type":"fixes","node":"betaphid","usage":1,"weight":1}},"Contributors":[],"FontIdentity":"3b08008fe151b82af88ec46bee1f13e5","Bytes":1271458,"Networking":[],"barcode":"y6e10cygqyow4k","referee":"eCyqaKA"}