{"CSS":{"LinotypeUnivers-ExtdRegularItalic":"LinotypeUnivers-ExtdRegularItalic.css","Linotype Univers Extd Regular Italic":"thatcher0:2cbb40bda81dfddd3562e2.css"},"FontType":"TrueType","FontCopyright":"The digitally encoded machine readable outline data for producing the Typefaces licensed to you is copyrighted \\(C\\), 1997 by and the property of Linotype-Hell AG and\/or its subsidiaries. All Rights Reserved.","FontName":"LinotypeUnivers","FontSubfamily":"ExtdRegularItalic","FontSubfamilyID":"FontForge 2.0 : LinotypeUnivers-ExtdRegularItalic : 2-11-2016","FontFullName":"Linotype Univers Extd Regular Italic","FontVersion":"Version 001.000 ","FontWeight":null,"FontPostscriptName":"LinotypeUnivers-ExtdRegularItalic","Files":{"\/LinotypeUnivers-ExtdRegularItalic.css":"\/LinotypeUnivers-ExtdRegularItalic.css","\/font-resource.json":"\/font-resource.json","\/linotypeunivers-extdregularitalic.afm":"\/linotypeunivers-extdregularitalic.afm","\/linotypeunivers-extdregularitalic.cef":"\/linotypeunivers-extdregularitalic.cef","\/linotypeunivers-extdregularitalic.cff":"\/linotypeunivers-extdregularitalic.cff","\/linotypeunivers-extdregularitalic.eot":"\/linotypeunivers-extdregularitalic.eot","\/linotypeunivers-extdregularitalic.gai":"\/linotypeunivers-extdregularitalic.gai","\/linotypeunivers-extdregularitalic.gsf":"\/linotypeunivers-extdregularitalic.gsf","\/linotypeunivers-extdregularitalic.otf":"\/linotypeunivers-extdregularitalic.otf","\/linotypeunivers-extdregularitalic.pf3":"\/linotypeunivers-extdregularitalic.pf3","\/linotypeunivers-extdregularitalic.pfa":"\/linotypeunivers-extdregularitalic.pfa","\/linotypeunivers-extdregularitalic.pfb":"\/linotypeunivers-extdregularitalic.pfb","\/linotypeunivers-extdregularitalic.php":"\/linotypeunivers-extdregularitalic.php","\/linotypeunivers-extdregularitalic.pt3":"\/linotypeunivers-extdregularitalic.pt3","\/linotypeunivers-extdregularitalic.sfd":"\/linotypeunivers-extdregularitalic.sfd","\/linotypeunivers-extdregularitalic.svg":"\/linotypeunivers-extdregularitalic.svg","\/linotypeunivers-extdregularitalic.t42":"\/linotypeunivers-extdregularitalic.t42","\/linotypeunivers-extdregularitalic.ttd":"\/linotypeunivers-extdregularitalic.ttd","\/linotypeunivers-extdregularitalic.ttf":"\/linotypeunivers-extdregularitalic.ttf","\/linotypeunivers-extdregularitalic.ttg":"\/linotypeunivers-extdregularitalic.ttg","\/linotypeunivers-extdregularitalic.ufm":"\/linotypeunivers-extdregularitalic.ufm","\/linotypeunivers-extdregularitalic.woff":"\/linotypeunivers-extdregularitalic.woff","\/linotypeunivers-extdregularitalic.z":"\/linotypeunivers-extdregularitalic.z","\/linotypeunivers-extdregularitalic.ufo\/feature.fea":"\/linotypeunivers-extdregularitalic.ufo\/feature.fea","\/linotypeunivers-extdregularitalic.ufo\/fontinfo.plist":"\/linotypeunivers-extdregularitalic.ufo\/fontinfo.plist","\/linotypeunivers-extdregularitalic.ufo\/groups.plist":"\/linotypeunivers-extdregularitalic.ufo\/groups.plist","\/linotypeunivers-extdregularitalic.ufo\/kerning.plist":"\/linotypeunivers-extdregularitalic.ufo\/kerning.plist","\/linotypeunivers-extdregularitalic.ufo\/metainfo.plist":"\/linotypeunivers-extdregularitalic.ufo\/metainfo.plist","\/linotypeunivers-extdregularitalic.ufo\/glyphs\/A_.glif":"\/linotypeunivers-extdregularitalic.ufo\/glyphs\/A_.glif","\/linotypeunivers-extdregularitalic.ufo\/glyphs\/A_E_.glif":"\/linotypeunivers-extdregularitalic.ufo\/glyphs\/A_E_.glif","\/linotypeunivers-extdregularitalic.ufo\/glyphs\/A_acute.glif":"\/linotypeunivers-extdregularitalic.ufo\/glyphs\/A_acute.glif","\/linotypeunivers-extdregularitalic.ufo\/glyphs\/A_circumflex.glif":"\/linotypeunivers-extdregularitalic.ufo\/glyphs\/A_circumflex.glif","\/linotypeunivers-extdregularitalic.ufo\/glyphs\/A_dieresis.glif":"\/linotypeunivers-extdregularitalic.ufo\/glyphs\/A_dieresis.glif","\/linotypeunivers-extdregularitalic.ufo\/glyphs\/A_grave.glif":"\/linotypeunivers-extdregularitalic.ufo\/glyphs\/A_grave.glif","\/linotypeunivers-extdregularitalic.ufo\/glyphs\/A_ring.glif":"\/linotypeunivers-extdregularitalic.ufo\/glyphs\/A_ring.glif","\/linotypeunivers-extdregularitalic.ufo\/glyphs\/A_tilde.glif":"\/linotypeunivers-extdregularitalic.ufo\/glyphs\/A_tilde.glif","\/linotypeunivers-extdregularitalic.ufo\/glyphs\/B_.glif":"\/linotypeunivers-extdregularitalic.ufo\/glyphs\/B_.glif","\/linotypeunivers-extdregularitalic.ufo\/glyphs\/C_.glif":"\/linotypeunivers-extdregularitalic.ufo\/glyphs\/C_.glif","\/linotypeunivers-extdregularitalic.ufo\/glyphs\/C_cedilla.glif":"\/linotypeunivers-extdregularitalic.ufo\/glyphs\/C_cedilla.glif","\/linotypeunivers-extdregularitalic.ufo\/glyphs\/D_.glif":"\/linotypeunivers-extdregularitalic.ufo\/glyphs\/D_.glif","\/linotypeunivers-extdregularitalic.ufo\/glyphs\/D_elta.glif":"\/linotypeunivers-extdregularitalic.ufo\/glyphs\/D_elta.glif","\/linotypeunivers-extdregularitalic.ufo\/glyphs\/E_.glif":"\/linotypeunivers-extdregularitalic.ufo\/glyphs\/E_.glif","\/linotypeunivers-extdregularitalic.ufo\/glyphs\/E_acute.glif":"\/linotypeunivers-extdregularitalic.ufo\/glyphs\/E_acute.glif","\/linotypeunivers-extdregularitalic.ufo\/glyphs\/E_circumflex.glif":"\/linotypeunivers-extdregularitalic.ufo\/glyphs\/E_circumflex.glif","\/linotypeunivers-extdregularitalic.ufo\/glyphs\/E_dieresis.glif":"\/linotypeunivers-extdregularitalic.ufo\/glyphs\/E_dieresis.glif","\/linotypeunivers-extdregularitalic.ufo\/glyphs\/E_grave.glif":"\/linotypeunivers-extdregularitalic.ufo\/glyphs\/E_grave.glif","\/linotypeunivers-extdregularitalic.ufo\/glyphs\/E_th.glif":"\/linotypeunivers-extdregularitalic.ufo\/glyphs\/E_th.glif","\/linotypeunivers-extdregularitalic.ufo\/glyphs\/F_.glif":"\/linotypeunivers-extdregularitalic.ufo\/glyphs\/F_.glif","\/linotypeunivers-extdregularitalic.ufo\/glyphs\/G_.glif":"\/linotypeunivers-extdregularitalic.ufo\/glyphs\/G_.glif","\/linotypeunivers-extdregularitalic.ufo\/glyphs\/H_.glif":"\/linotypeunivers-extdregularitalic.ufo\/glyphs\/H_.glif","\/linotypeunivers-extdregularitalic.ufo\/glyphs\/I_.glif":"\/linotypeunivers-extdregularitalic.ufo\/glyphs\/I_.glif","\/linotypeunivers-extdregularitalic.ufo\/glyphs\/I_acute.glif":"\/linotypeunivers-extdregularitalic.ufo\/glyphs\/I_acute.glif","\/linotypeunivers-extdregularitalic.ufo\/glyphs\/I_circumflex.glif":"\/linotypeunivers-extdregularitalic.ufo\/glyphs\/I_circumflex.glif","\/linotypeunivers-extdregularitalic.ufo\/glyphs\/I_dieresis.glif":"\/linotypeunivers-extdregularitalic.ufo\/glyphs\/I_dieresis.glif","\/linotypeunivers-extdregularitalic.ufo\/glyphs\/I_grave.glif":"\/linotypeunivers-extdregularitalic.ufo\/glyphs\/I_grave.glif","\/linotypeunivers-extdregularitalic.ufo\/glyphs\/J_.glif":"\/linotypeunivers-extdregularitalic.ufo\/glyphs\/J_.glif","\/linotypeunivers-extdregularitalic.ufo\/glyphs\/K_.glif":"\/linotypeunivers-extdregularitalic.ufo\/glyphs\/K_.glif","\/linotypeunivers-extdregularitalic.ufo\/glyphs\/L_.glif":"\/linotypeunivers-extdregularitalic.ufo\/glyphs\/L_.glif","\/linotypeunivers-extdregularitalic.ufo\/glyphs\/L_slash.glif":"\/linotypeunivers-extdregularitalic.ufo\/glyphs\/L_slash.glif","\/linotypeunivers-extdregularitalic.ufo\/glyphs\/M_.glif":"\/linotypeunivers-extdregularitalic.ufo\/glyphs\/M_.glif","\/linotypeunivers-extdregularitalic.ufo\/glyphs\/N_.glif":"\/linotypeunivers-extdregularitalic.ufo\/glyphs\/N_.glif","\/linotypeunivers-extdregularitalic.ufo\/glyphs\/N_tilde.glif":"\/linotypeunivers-extdregularitalic.ufo\/glyphs\/N_tilde.glif","\/linotypeunivers-extdregularitalic.ufo\/glyphs\/O_.glif":"\/linotypeunivers-extdregularitalic.ufo\/glyphs\/O_.glif","\/linotypeunivers-extdregularitalic.ufo\/glyphs\/O_E_.glif":"\/linotypeunivers-extdregularitalic.ufo\/glyphs\/O_E_.glif","\/linotypeunivers-extdregularitalic.ufo\/glyphs\/O_acute.glif":"\/linotypeunivers-extdregularitalic.ufo\/glyphs\/O_acute.glif","\/linotypeunivers-extdregularitalic.ufo\/glyphs\/O_circumflex.glif":"\/linotypeunivers-extdregularitalic.ufo\/glyphs\/O_circumflex.glif","\/linotypeunivers-extdregularitalic.ufo\/glyphs\/O_dieresis.glif":"\/linotypeunivers-extdregularitalic.ufo\/glyphs\/O_dieresis.glif","\/linotypeunivers-extdregularitalic.ufo\/glyphs\/O_grave.glif":"\/linotypeunivers-extdregularitalic.ufo\/glyphs\/O_grave.glif","\/linotypeunivers-extdregularitalic.ufo\/glyphs\/O_mega.glif":"\/linotypeunivers-extdregularitalic.ufo\/glyphs\/O_mega.glif","\/linotypeunivers-extdregularitalic.ufo\/glyphs\/O_slash.glif":"\/linotypeunivers-extdregularitalic.ufo\/glyphs\/O_slash.glif","\/linotypeunivers-extdregularitalic.ufo\/glyphs\/O_tilde.glif":"\/linotypeunivers-extdregularitalic.ufo\/glyphs\/O_tilde.glif","\/linotypeunivers-extdregularitalic.ufo\/glyphs\/P_.glif":"\/linotypeunivers-extdregularitalic.ufo\/glyphs\/P_.glif","\/linotypeunivers-extdregularitalic.ufo\/glyphs\/Q_.glif":"\/linotypeunivers-extdregularitalic.ufo\/glyphs\/Q_.glif","\/linotypeunivers-extdregularitalic.ufo\/glyphs\/R_.glif":"\/linotypeunivers-extdregularitalic.ufo\/glyphs\/R_.glif","\/linotypeunivers-extdregularitalic.ufo\/glyphs\/S_.glif":"\/linotypeunivers-extdregularitalic.ufo\/glyphs\/S_.glif","\/linotypeunivers-extdregularitalic.ufo\/glyphs\/S_caron.glif":"\/linotypeunivers-extdregularitalic.ufo\/glyphs\/S_caron.glif","\/linotypeunivers-extdregularitalic.ufo\/glyphs\/T_.glif":"\/linotypeunivers-extdregularitalic.ufo\/glyphs\/T_.glif","\/linotypeunivers-extdregularitalic.ufo\/glyphs\/T_horn.glif":"\/linotypeunivers-extdregularitalic.ufo\/glyphs\/T_horn.glif","\/linotypeunivers-extdregularitalic.ufo\/glyphs\/U_.glif":"\/linotypeunivers-extdregularitalic.ufo\/glyphs\/U_.glif","\/linotypeunivers-extdregularitalic.ufo\/glyphs\/U_acute.glif":"\/linotypeunivers-extdregularitalic.ufo\/glyphs\/U_acute.glif","\/linotypeunivers-extdregularitalic.ufo\/glyphs\/U_circumflex.glif":"\/linotypeunivers-extdregularitalic.ufo\/glyphs\/U_circumflex.glif","\/linotypeunivers-extdregularitalic.ufo\/glyphs\/U_dieresis.glif":"\/linotypeunivers-extdregularitalic.ufo\/glyphs\/U_dieresis.glif","\/linotypeunivers-extdregularitalic.ufo\/glyphs\/U_grave.glif":"\/linotypeunivers-extdregularitalic.ufo\/glyphs\/U_grave.glif","\/linotypeunivers-extdregularitalic.ufo\/glyphs\/V_.glif":"\/linotypeunivers-extdregularitalic.ufo\/glyphs\/V_.glif","\/linotypeunivers-extdregularitalic.ufo\/glyphs\/W_.glif":"\/linotypeunivers-extdregularitalic.ufo\/glyphs\/W_.glif","\/linotypeunivers-extdregularitalic.ufo\/glyphs\/X_.glif":"\/linotypeunivers-extdregularitalic.ufo\/glyphs\/X_.glif","\/linotypeunivers-extdregularitalic.ufo\/glyphs\/Y_.glif":"\/linotypeunivers-extdregularitalic.ufo\/glyphs\/Y_.glif","\/linotypeunivers-extdregularitalic.ufo\/glyphs\/Y_acute.glif":"\/linotypeunivers-extdregularitalic.ufo\/glyphs\/Y_acute.glif","\/linotypeunivers-extdregularitalic.ufo\/glyphs\/Y_dieresis.glif":"\/linotypeunivers-extdregularitalic.ufo\/glyphs\/Y_dieresis.glif","\/linotypeunivers-extdregularitalic.ufo\/glyphs\/Z_.glif":"\/linotypeunivers-extdregularitalic.ufo\/glyphs\/Z_.glif","\/linotypeunivers-extdregularitalic.ufo\/glyphs\/Z_caron.glif":"\/linotypeunivers-extdregularitalic.ufo\/glyphs\/Z_caron.glif","\/linotypeunivers-extdregularitalic.ufo\/glyphs\/a.glif":"\/linotypeunivers-extdregularitalic.ufo\/glyphs\/a.glif","\/linotypeunivers-extdregularitalic.ufo\/glyphs\/aacute.glif":"\/linotypeunivers-extdregularitalic.ufo\/glyphs\/aacute.glif","\/linotypeunivers-extdregularitalic.ufo\/glyphs\/acircumflex.glif":"\/linotypeunivers-extdregularitalic.ufo\/glyphs\/acircumflex.glif","\/linotypeunivers-extdregularitalic.ufo\/glyphs\/acute.glif":"\/linotypeunivers-extdregularitalic.ufo\/glyphs\/acute.glif","\/linotypeunivers-extdregularitalic.ufo\/glyphs\/adieresis.glif":"\/linotypeunivers-extdregularitalic.ufo\/glyphs\/adieresis.glif","\/linotypeunivers-extdregularitalic.ufo\/glyphs\/ae.glif":"\/linotypeunivers-extdregularitalic.ufo\/glyphs\/ae.glif","\/linotypeunivers-extdregularitalic.ufo\/glyphs\/agrave.glif":"\/linotypeunivers-extdregularitalic.ufo\/glyphs\/agrave.glif","\/linotypeunivers-extdregularitalic.ufo\/glyphs\/ampersand.glif":"\/linotypeunivers-extdregularitalic.ufo\/glyphs\/ampersand.glif","\/linotypeunivers-extdregularitalic.ufo\/glyphs\/approxequal.glif":"\/linotypeunivers-extdregularitalic.ufo\/glyphs\/approxequal.glif","\/linotypeunivers-extdregularitalic.ufo\/glyphs\/aring.glif":"\/linotypeunivers-extdregularitalic.ufo\/glyphs\/aring.glif","\/linotypeunivers-extdregularitalic.ufo\/glyphs\/asciicircum.glif":"\/linotypeunivers-extdregularitalic.ufo\/glyphs\/asciicircum.glif","\/linotypeunivers-extdregularitalic.ufo\/glyphs\/asciitilde.glif":"\/linotypeunivers-extdregularitalic.ufo\/glyphs\/asciitilde.glif","\/linotypeunivers-extdregularitalic.ufo\/glyphs\/asterisk.glif":"\/linotypeunivers-extdregularitalic.ufo\/glyphs\/asterisk.glif","\/linotypeunivers-extdregularitalic.ufo\/glyphs\/at.glif":"\/linotypeunivers-extdregularitalic.ufo\/glyphs\/at.glif","\/linotypeunivers-extdregularitalic.ufo\/glyphs\/atilde.glif":"\/linotypeunivers-extdregularitalic.ufo\/glyphs\/atilde.glif","\/linotypeunivers-extdregularitalic.ufo\/glyphs\/b.glif":"\/linotypeunivers-extdregularitalic.ufo\/glyphs\/b.glif","\/linotypeunivers-extdregularitalic.ufo\/glyphs\/backslash.glif":"\/linotypeunivers-extdregularitalic.ufo\/glyphs\/backslash.glif","\/linotypeunivers-extdregularitalic.ufo\/glyphs\/bar.glif":"\/linotypeunivers-extdregularitalic.ufo\/glyphs\/bar.glif","\/linotypeunivers-extdregularitalic.ufo\/glyphs\/braceleft.glif":"\/linotypeunivers-extdregularitalic.ufo\/glyphs\/braceleft.glif","\/linotypeunivers-extdregularitalic.ufo\/glyphs\/braceright.glif":"\/linotypeunivers-extdregularitalic.ufo\/glyphs\/braceright.glif","\/linotypeunivers-extdregularitalic.ufo\/glyphs\/bracketleft.glif":"\/linotypeunivers-extdregularitalic.ufo\/glyphs\/bracketleft.glif","\/linotypeunivers-extdregularitalic.ufo\/glyphs\/bracketright.glif":"\/linotypeunivers-extdregularitalic.ufo\/glyphs\/bracketright.glif","\/linotypeunivers-extdregularitalic.ufo\/glyphs\/breve.glif":"\/linotypeunivers-extdregularitalic.ufo\/glyphs\/breve.glif","\/linotypeunivers-extdregularitalic.ufo\/glyphs\/brokenbar.glif":"\/linotypeunivers-extdregularitalic.ufo\/glyphs\/brokenbar.glif","\/linotypeunivers-extdregularitalic.ufo\/glyphs\/bullet.glif":"\/linotypeunivers-extdregularitalic.ufo\/glyphs\/bullet.glif","\/linotypeunivers-extdregularitalic.ufo\/glyphs\/c.glif":"\/linotypeunivers-extdregularitalic.ufo\/glyphs\/c.glif","\/linotypeunivers-extdregularitalic.ufo\/glyphs\/caron.glif":"\/linotypeunivers-extdregularitalic.ufo\/glyphs\/caron.glif","\/linotypeunivers-extdregularitalic.ufo\/glyphs\/ccedilla.glif":"\/linotypeunivers-extdregularitalic.ufo\/glyphs\/ccedilla.glif","\/linotypeunivers-extdregularitalic.ufo\/glyphs\/cedilla.glif":"\/linotypeunivers-extdregularitalic.ufo\/glyphs\/cedilla.glif","\/linotypeunivers-extdregularitalic.ufo\/glyphs\/cent.glif":"\/linotypeunivers-extdregularitalic.ufo\/glyphs\/cent.glif","\/linotypeunivers-extdregularitalic.ufo\/glyphs\/circumflex.glif":"\/linotypeunivers-extdregularitalic.ufo\/glyphs\/circumflex.glif","\/linotypeunivers-extdregularitalic.ufo\/glyphs\/colon.glif":"\/linotypeunivers-extdregularitalic.ufo\/glyphs\/colon.glif","\/linotypeunivers-extdregularitalic.ufo\/glyphs\/comma.glif":"\/linotypeunivers-extdregularitalic.ufo\/glyphs\/comma.glif","\/linotypeunivers-extdregularitalic.ufo\/glyphs\/contents.plist":"\/linotypeunivers-extdregularitalic.ufo\/glyphs\/contents.plist","\/linotypeunivers-extdregularitalic.ufo\/glyphs\/copyright.glif":"\/linotypeunivers-extdregularitalic.ufo\/glyphs\/copyright.glif","\/linotypeunivers-extdregularitalic.ufo\/glyphs\/currency.glif":"\/linotypeunivers-extdregularitalic.ufo\/glyphs\/currency.glif","\/linotypeunivers-extdregularitalic.ufo\/glyphs\/d.glif":"\/linotypeunivers-extdregularitalic.ufo\/glyphs\/d.glif","\/linotypeunivers-extdregularitalic.ufo\/glyphs\/dagger.glif":"\/linotypeunivers-extdregularitalic.ufo\/glyphs\/dagger.glif","\/linotypeunivers-extdregularitalic.ufo\/glyphs\/daggerdbl.glif":"\/linotypeunivers-extdregularitalic.ufo\/glyphs\/daggerdbl.glif","\/linotypeunivers-extdregularitalic.ufo\/glyphs\/degree.glif":"\/linotypeunivers-extdregularitalic.ufo\/glyphs\/degree.glif","\/linotypeunivers-extdregularitalic.ufo\/glyphs\/dieresis.glif":"\/linotypeunivers-extdregularitalic.ufo\/glyphs\/dieresis.glif","\/linotypeunivers-extdregularitalic.ufo\/glyphs\/divide.glif":"\/linotypeunivers-extdregularitalic.ufo\/glyphs\/divide.glif","\/linotypeunivers-extdregularitalic.ufo\/glyphs\/dollar.glif":"\/linotypeunivers-extdregularitalic.ufo\/glyphs\/dollar.glif","\/linotypeunivers-extdregularitalic.ufo\/glyphs\/dotaccent.glif":"\/linotypeunivers-extdregularitalic.ufo\/glyphs\/dotaccent.glif","\/linotypeunivers-extdregularitalic.ufo\/glyphs\/dotlessi.glif":"\/linotypeunivers-extdregularitalic.ufo\/glyphs\/dotlessi.glif","\/linotypeunivers-extdregularitalic.ufo\/glyphs\/e.glif":"\/linotypeunivers-extdregularitalic.ufo\/glyphs\/e.glif","\/linotypeunivers-extdregularitalic.ufo\/glyphs\/eacute.glif":"\/linotypeunivers-extdregularitalic.ufo\/glyphs\/eacute.glif","\/linotypeunivers-extdregularitalic.ufo\/glyphs\/ecircumflex.glif":"\/linotypeunivers-extdregularitalic.ufo\/glyphs\/ecircumflex.glif","\/linotypeunivers-extdregularitalic.ufo\/glyphs\/edieresis.glif":"\/linotypeunivers-extdregularitalic.ufo\/glyphs\/edieresis.glif","\/linotypeunivers-extdregularitalic.ufo\/glyphs\/egrave.glif":"\/linotypeunivers-extdregularitalic.ufo\/glyphs\/egrave.glif","\/linotypeunivers-extdregularitalic.ufo\/glyphs\/eight.glif":"\/linotypeunivers-extdregularitalic.ufo\/glyphs\/eight.glif","\/linotypeunivers-extdregularitalic.ufo\/glyphs\/ellipsis.glif":"\/linotypeunivers-extdregularitalic.ufo\/glyphs\/ellipsis.glif","\/linotypeunivers-extdregularitalic.ufo\/glyphs\/emdash.glif":"\/linotypeunivers-extdregularitalic.ufo\/glyphs\/emdash.glif","\/linotypeunivers-extdregularitalic.ufo\/glyphs\/endash.glif":"\/linotypeunivers-extdregularitalic.ufo\/glyphs\/endash.glif","\/linotypeunivers-extdregularitalic.ufo\/glyphs\/equal.glif":"\/linotypeunivers-extdregularitalic.ufo\/glyphs\/equal.glif","\/linotypeunivers-extdregularitalic.ufo\/glyphs\/eth.glif":"\/linotypeunivers-extdregularitalic.ufo\/glyphs\/eth.glif","\/linotypeunivers-extdregularitalic.ufo\/glyphs\/exclam.glif":"\/linotypeunivers-extdregularitalic.ufo\/glyphs\/exclam.glif","\/linotypeunivers-extdregularitalic.ufo\/glyphs\/exclamdown.glif":"\/linotypeunivers-extdregularitalic.ufo\/glyphs\/exclamdown.glif","\/linotypeunivers-extdregularitalic.ufo\/glyphs\/f.glif":"\/linotypeunivers-extdregularitalic.ufo\/glyphs\/f.glif","\/linotypeunivers-extdregularitalic.ufo\/glyphs\/fi.glif":"\/linotypeunivers-extdregularitalic.ufo\/glyphs\/fi.glif","\/linotypeunivers-extdregularitalic.ufo\/glyphs\/five.glif":"\/linotypeunivers-extdregularitalic.ufo\/glyphs\/five.glif","\/linotypeunivers-extdregularitalic.ufo\/glyphs\/fl.glif":"\/linotypeunivers-extdregularitalic.ufo\/glyphs\/fl.glif","\/linotypeunivers-extdregularitalic.ufo\/glyphs\/florin.glif":"\/linotypeunivers-extdregularitalic.ufo\/glyphs\/florin.glif","\/linotypeunivers-extdregularitalic.ufo\/glyphs\/four.glif":"\/linotypeunivers-extdregularitalic.ufo\/glyphs\/four.glif","\/linotypeunivers-extdregularitalic.ufo\/glyphs\/fraction.glif":"\/linotypeunivers-extdregularitalic.ufo\/glyphs\/fraction.glif","\/linotypeunivers-extdregularitalic.ufo\/glyphs\/g.glif":"\/linotypeunivers-extdregularitalic.ufo\/glyphs\/g.glif","\/linotypeunivers-extdregularitalic.ufo\/glyphs\/germandbls.glif":"\/linotypeunivers-extdregularitalic.ufo\/glyphs\/germandbls.glif","\/linotypeunivers-extdregularitalic.ufo\/glyphs\/grave.glif":"\/linotypeunivers-extdregularitalic.ufo\/glyphs\/grave.glif","\/linotypeunivers-extdregularitalic.ufo\/glyphs\/greater.glif":"\/linotypeunivers-extdregularitalic.ufo\/glyphs\/greater.glif","\/linotypeunivers-extdregularitalic.ufo\/glyphs\/greaterequal.glif":"\/linotypeunivers-extdregularitalic.ufo\/glyphs\/greaterequal.glif","\/linotypeunivers-extdregularitalic.ufo\/glyphs\/guillemotleft.glif":"\/linotypeunivers-extdregularitalic.ufo\/glyphs\/guillemotleft.glif","\/linotypeunivers-extdregularitalic.ufo\/glyphs\/guillemotright.glif":"\/linotypeunivers-extdregularitalic.ufo\/glyphs\/guillemotright.glif","\/linotypeunivers-extdregularitalic.ufo\/glyphs\/guilsinglleft.glif":"\/linotypeunivers-extdregularitalic.ufo\/glyphs\/guilsinglleft.glif","\/linotypeunivers-extdregularitalic.ufo\/glyphs\/guilsinglright.glif":"\/linotypeunivers-extdregularitalic.ufo\/glyphs\/guilsinglright.glif","\/linotypeunivers-extdregularitalic.ufo\/glyphs\/h.glif":"\/linotypeunivers-extdregularitalic.ufo\/glyphs\/h.glif","\/linotypeunivers-extdregularitalic.ufo\/glyphs\/hungarumlaut.glif":"\/linotypeunivers-extdregularitalic.ufo\/glyphs\/hungarumlaut.glif","\/linotypeunivers-extdregularitalic.ufo\/glyphs\/hyphen.glif":"\/linotypeunivers-extdregularitalic.ufo\/glyphs\/hyphen.glif","\/linotypeunivers-extdregularitalic.ufo\/glyphs\/i.glif":"\/linotypeunivers-extdregularitalic.ufo\/glyphs\/i.glif","\/linotypeunivers-extdregularitalic.ufo\/glyphs\/iacute.glif":"\/linotypeunivers-extdregularitalic.ufo\/glyphs\/iacute.glif","\/linotypeunivers-extdregularitalic.ufo\/glyphs\/icircumflex.glif":"\/linotypeunivers-extdregularitalic.ufo\/glyphs\/icircumflex.glif","\/linotypeunivers-extdregularitalic.ufo\/glyphs\/idieresis.glif":"\/linotypeunivers-extdregularitalic.ufo\/glyphs\/idieresis.glif","\/linotypeunivers-extdregularitalic.ufo\/glyphs\/igrave.glif":"\/linotypeunivers-extdregularitalic.ufo\/glyphs\/igrave.glif","\/linotypeunivers-extdregularitalic.ufo\/glyphs\/infinity.glif":"\/linotypeunivers-extdregularitalic.ufo\/glyphs\/infinity.glif","\/linotypeunivers-extdregularitalic.ufo\/glyphs\/integral.glif":"\/linotypeunivers-extdregularitalic.ufo\/glyphs\/integral.glif","\/linotypeunivers-extdregularitalic.ufo\/glyphs\/j.glif":"\/linotypeunivers-extdregularitalic.ufo\/glyphs\/j.glif","\/linotypeunivers-extdregularitalic.ufo\/glyphs\/k.glif":"\/linotypeunivers-extdregularitalic.ufo\/glyphs\/k.glif","\/linotypeunivers-extdregularitalic.ufo\/glyphs\/l.glif":"\/linotypeunivers-extdregularitalic.ufo\/glyphs\/l.glif","\/linotypeunivers-extdregularitalic.ufo\/glyphs\/less.glif":"\/linotypeunivers-extdregularitalic.ufo\/glyphs\/less.glif","\/linotypeunivers-extdregularitalic.ufo\/glyphs\/lessequal.glif":"\/linotypeunivers-extdregularitalic.ufo\/glyphs\/lessequal.glif","\/linotypeunivers-extdregularitalic.ufo\/glyphs\/logicalnot.glif":"\/linotypeunivers-extdregularitalic.ufo\/glyphs\/logicalnot.glif","\/linotypeunivers-extdregularitalic.ufo\/glyphs\/lozenge.glif":"\/linotypeunivers-extdregularitalic.ufo\/glyphs\/lozenge.glif","\/linotypeunivers-extdregularitalic.ufo\/glyphs\/lslash.glif":"\/linotypeunivers-extdregularitalic.ufo\/glyphs\/lslash.glif","\/linotypeunivers-extdregularitalic.ufo\/glyphs\/m.glif":"\/linotypeunivers-extdregularitalic.ufo\/glyphs\/m.glif","\/linotypeunivers-extdregularitalic.ufo\/glyphs\/macron.glif":"\/linotypeunivers-extdregularitalic.ufo\/glyphs\/macron.glif","\/linotypeunivers-extdregularitalic.ufo\/glyphs\/minus.glif":"\/linotypeunivers-extdregularitalic.ufo\/glyphs\/minus.glif","\/linotypeunivers-extdregularitalic.ufo\/glyphs\/mu.glif":"\/linotypeunivers-extdregularitalic.ufo\/glyphs\/mu.glif","\/linotypeunivers-extdregularitalic.ufo\/glyphs\/multiply.glif":"\/linotypeunivers-extdregularitalic.ufo\/glyphs\/multiply.glif","\/linotypeunivers-extdregularitalic.ufo\/glyphs\/n.glif":"\/linotypeunivers-extdregularitalic.ufo\/glyphs\/n.glif","\/linotypeunivers-extdregularitalic.ufo\/glyphs\/nbspace.glif":"\/linotypeunivers-extdregularitalic.ufo\/glyphs\/nbspace.glif","\/linotypeunivers-extdregularitalic.ufo\/glyphs\/nine.glif":"\/linotypeunivers-extdregularitalic.ufo\/glyphs\/nine.glif","\/linotypeunivers-extdregularitalic.ufo\/glyphs\/notequal.glif":"\/linotypeunivers-extdregularitalic.ufo\/glyphs\/notequal.glif","\/linotypeunivers-extdregularitalic.ufo\/glyphs\/ntilde.glif":"\/linotypeunivers-extdregularitalic.ufo\/glyphs\/ntilde.glif","\/linotypeunivers-extdregularitalic.ufo\/glyphs\/numbersign.glif":"\/linotypeunivers-extdregularitalic.ufo\/glyphs\/numbersign.glif","\/linotypeunivers-extdregularitalic.ufo\/glyphs\/o.glif":"\/linotypeunivers-extdregularitalic.ufo\/glyphs\/o.glif","\/linotypeunivers-extdregularitalic.ufo\/glyphs\/oacute.glif":"\/linotypeunivers-extdregularitalic.ufo\/glyphs\/oacute.glif","\/linotypeunivers-extdregularitalic.ufo\/glyphs\/ocircumflex.glif":"\/linotypeunivers-extdregularitalic.ufo\/glyphs\/ocircumflex.glif","\/linotypeunivers-extdregularitalic.ufo\/glyphs\/odieresis.glif":"\/linotypeunivers-extdregularitalic.ufo\/glyphs\/odieresis.glif","\/linotypeunivers-extdregularitalic.ufo\/glyphs\/oe.glif":"\/linotypeunivers-extdregularitalic.ufo\/glyphs\/oe.glif","\/linotypeunivers-extdregularitalic.ufo\/glyphs\/ogonek.glif":"\/linotypeunivers-extdregularitalic.ufo\/glyphs\/ogonek.glif","\/linotypeunivers-extdregularitalic.ufo\/glyphs\/ograve.glif":"\/linotypeunivers-extdregularitalic.ufo\/glyphs\/ograve.glif","\/linotypeunivers-extdregularitalic.ufo\/glyphs\/one.glif":"\/linotypeunivers-extdregularitalic.ufo\/glyphs\/one.glif","\/linotypeunivers-extdregularitalic.ufo\/glyphs\/onehalf.glif":"\/linotypeunivers-extdregularitalic.ufo\/glyphs\/onehalf.glif","\/linotypeunivers-extdregularitalic.ufo\/glyphs\/onequarter.glif":"\/linotypeunivers-extdregularitalic.ufo\/glyphs\/onequarter.glif","\/linotypeunivers-extdregularitalic.ufo\/glyphs\/onesuperior.glif":"\/linotypeunivers-extdregularitalic.ufo\/glyphs\/onesuperior.glif","\/linotypeunivers-extdregularitalic.ufo\/glyphs\/ordfeminine.glif":"\/linotypeunivers-extdregularitalic.ufo\/glyphs\/ordfeminine.glif","\/linotypeunivers-extdregularitalic.ufo\/glyphs\/ordmasculine.glif":"\/linotypeunivers-extdregularitalic.ufo\/glyphs\/ordmasculine.glif","\/linotypeunivers-extdregularitalic.ufo\/glyphs\/oslash.glif":"\/linotypeunivers-extdregularitalic.ufo\/glyphs\/oslash.glif","\/linotypeunivers-extdregularitalic.ufo\/glyphs\/otilde.glif":"\/linotypeunivers-extdregularitalic.ufo\/glyphs\/otilde.glif","\/linotypeunivers-extdregularitalic.ufo\/glyphs\/p.glif":"\/linotypeunivers-extdregularitalic.ufo\/glyphs\/p.glif","\/linotypeunivers-extdregularitalic.ufo\/glyphs\/paragraph.glif":"\/linotypeunivers-extdregularitalic.ufo\/glyphs\/paragraph.glif","\/linotypeunivers-extdregularitalic.ufo\/glyphs\/parenleft.glif":"\/linotypeunivers-extdregularitalic.ufo\/glyphs\/parenleft.glif","\/linotypeunivers-extdregularitalic.ufo\/glyphs\/parenright.glif":"\/linotypeunivers-extdregularitalic.ufo\/glyphs\/parenright.glif","\/linotypeunivers-extdregularitalic.ufo\/glyphs\/partialdiff.glif":"\/linotypeunivers-extdregularitalic.ufo\/glyphs\/partialdiff.glif","\/linotypeunivers-extdregularitalic.ufo\/glyphs\/percent.glif":"\/linotypeunivers-extdregularitalic.ufo\/glyphs\/percent.glif","\/linotypeunivers-extdregularitalic.ufo\/glyphs\/period.glif":"\/linotypeunivers-extdregularitalic.ufo\/glyphs\/period.glif","\/linotypeunivers-extdregularitalic.ufo\/glyphs\/periodcentered.glif":"\/linotypeunivers-extdregularitalic.ufo\/glyphs\/periodcentered.glif","\/linotypeunivers-extdregularitalic.ufo\/glyphs\/perthousand.glif":"\/linotypeunivers-extdregularitalic.ufo\/glyphs\/perthousand.glif","\/linotypeunivers-extdregularitalic.ufo\/glyphs\/pi.glif":"\/linotypeunivers-extdregularitalic.ufo\/glyphs\/pi.glif","\/linotypeunivers-extdregularitalic.ufo\/glyphs\/plus.glif":"\/linotypeunivers-extdregularitalic.ufo\/glyphs\/plus.glif","\/linotypeunivers-extdregularitalic.ufo\/glyphs\/plusminus.glif":"\/linotypeunivers-extdregularitalic.ufo\/glyphs\/plusminus.glif","\/linotypeunivers-extdregularitalic.ufo\/glyphs\/product.glif":"\/linotypeunivers-extdregularitalic.ufo\/glyphs\/product.glif","\/linotypeunivers-extdregularitalic.ufo\/glyphs\/q.glif":"\/linotypeunivers-extdregularitalic.ufo\/glyphs\/q.glif","\/linotypeunivers-extdregularitalic.ufo\/glyphs\/question.glif":"\/linotypeunivers-extdregularitalic.ufo\/glyphs\/question.glif","\/linotypeunivers-extdregularitalic.ufo\/glyphs\/questiondown.glif":"\/linotypeunivers-extdregularitalic.ufo\/glyphs\/questiondown.glif","\/linotypeunivers-extdregularitalic.ufo\/glyphs\/quotedbl.glif":"\/linotypeunivers-extdregularitalic.ufo\/glyphs\/quotedbl.glif","\/linotypeunivers-extdregularitalic.ufo\/glyphs\/quotedblbase.glif":"\/linotypeunivers-extdregularitalic.ufo\/glyphs\/quotedblbase.glif","\/linotypeunivers-extdregularitalic.ufo\/glyphs\/quotedblleft.glif":"\/linotypeunivers-extdregularitalic.ufo\/glyphs\/quotedblleft.glif","\/linotypeunivers-extdregularitalic.ufo\/glyphs\/quotedblright.glif":"\/linotypeunivers-extdregularitalic.ufo\/glyphs\/quotedblright.glif","\/linotypeunivers-extdregularitalic.ufo\/glyphs\/quoteleft.glif":"\/linotypeunivers-extdregularitalic.ufo\/glyphs\/quoteleft.glif","\/linotypeunivers-extdregularitalic.ufo\/glyphs\/quoteright.glif":"\/linotypeunivers-extdregularitalic.ufo\/glyphs\/quoteright.glif","\/linotypeunivers-extdregularitalic.ufo\/glyphs\/quotesinglbase.glif":"\/linotypeunivers-extdregularitalic.ufo\/glyphs\/quotesinglbase.glif","\/linotypeunivers-extdregularitalic.ufo\/glyphs\/quotesingle.glif":"\/linotypeunivers-extdregularitalic.ufo\/glyphs\/quotesingle.glif","\/linotypeunivers-extdregularitalic.ufo\/glyphs\/r.glif":"\/linotypeunivers-extdregularitalic.ufo\/glyphs\/r.glif","\/linotypeunivers-extdregularitalic.ufo\/glyphs\/radical.glif":"\/linotypeunivers-extdregularitalic.ufo\/glyphs\/radical.glif","\/linotypeunivers-extdregularitalic.ufo\/glyphs\/registered.glif":"\/linotypeunivers-extdregularitalic.ufo\/glyphs\/registered.glif","\/linotypeunivers-extdregularitalic.ufo\/glyphs\/ring.glif":"\/linotypeunivers-extdregularitalic.ufo\/glyphs\/ring.glif","\/linotypeunivers-extdregularitalic.ufo\/glyphs\/s.glif":"\/linotypeunivers-extdregularitalic.ufo\/glyphs\/s.glif","\/linotypeunivers-extdregularitalic.ufo\/glyphs\/scaron.glif":"\/linotypeunivers-extdregularitalic.ufo\/glyphs\/scaron.glif","\/linotypeunivers-extdregularitalic.ufo\/glyphs\/section.glif":"\/linotypeunivers-extdregularitalic.ufo\/glyphs\/section.glif","\/linotypeunivers-extdregularitalic.ufo\/glyphs\/semicolon.glif":"\/linotypeunivers-extdregularitalic.ufo\/glyphs\/semicolon.glif","\/linotypeunivers-extdregularitalic.ufo\/glyphs\/seven.glif":"\/linotypeunivers-extdregularitalic.ufo\/glyphs\/seven.glif","\/linotypeunivers-extdregularitalic.ufo\/glyphs\/six.glif":"\/linotypeunivers-extdregularitalic.ufo\/glyphs\/six.glif","\/linotypeunivers-extdregularitalic.ufo\/glyphs\/slash.glif":"\/linotypeunivers-extdregularitalic.ufo\/glyphs\/slash.glif","\/linotypeunivers-extdregularitalic.ufo\/glyphs\/space.glif":"\/linotypeunivers-extdregularitalic.ufo\/glyphs\/space.glif","\/linotypeunivers-extdregularitalic.ufo\/glyphs\/sterling.glif":"\/linotypeunivers-extdregularitalic.ufo\/glyphs\/sterling.glif","\/linotypeunivers-extdregularitalic.ufo\/glyphs\/summation.glif":"\/linotypeunivers-extdregularitalic.ufo\/glyphs\/summation.glif","\/linotypeunivers-extdregularitalic.ufo\/glyphs\/t.glif":"\/linotypeunivers-extdregularitalic.ufo\/glyphs\/t.glif","\/linotypeunivers-extdregularitalic.ufo\/glyphs\/thorn.glif":"\/linotypeunivers-extdregularitalic.ufo\/glyphs\/thorn.glif","\/linotypeunivers-extdregularitalic.ufo\/glyphs\/three.glif":"\/linotypeunivers-extdregularitalic.ufo\/glyphs\/three.glif","\/linotypeunivers-extdregularitalic.ufo\/glyphs\/threequarters.glif":"\/linotypeunivers-extdregularitalic.ufo\/glyphs\/threequarters.glif","\/linotypeunivers-extdregularitalic.ufo\/glyphs\/threesuperior.glif":"\/linotypeunivers-extdregularitalic.ufo\/glyphs\/threesuperior.glif","\/linotypeunivers-extdregularitalic.ufo\/glyphs\/tilde.glif":"\/linotypeunivers-extdregularitalic.ufo\/glyphs\/tilde.glif","\/linotypeunivers-extdregularitalic.ufo\/glyphs\/trademark.glif":"\/linotypeunivers-extdregularitalic.ufo\/glyphs\/trademark.glif","\/linotypeunivers-extdregularitalic.ufo\/glyphs\/two.glif":"\/linotypeunivers-extdregularitalic.ufo\/glyphs\/two.glif","\/linotypeunivers-extdregularitalic.ufo\/glyphs\/twosuperior.glif":"\/linotypeunivers-extdregularitalic.ufo\/glyphs\/twosuperior.glif","\/linotypeunivers-extdregularitalic.ufo\/glyphs\/u.glif":"\/linotypeunivers-extdregularitalic.ufo\/glyphs\/u.glif","\/linotypeunivers-extdregularitalic.ufo\/glyphs\/uacute.glif":"\/linotypeunivers-extdregularitalic.ufo\/glyphs\/uacute.glif","\/linotypeunivers-extdregularitalic.ufo\/glyphs\/ucircumflex.glif":"\/linotypeunivers-extdregularitalic.ufo\/glyphs\/ucircumflex.glif","\/linotypeunivers-extdregularitalic.ufo\/glyphs\/udieresis.glif":"\/linotypeunivers-extdregularitalic.ufo\/glyphs\/udieresis.glif","\/linotypeunivers-extdregularitalic.ufo\/glyphs\/ugrave.glif":"\/linotypeunivers-extdregularitalic.ufo\/glyphs\/ugrave.glif","\/linotypeunivers-extdregularitalic.ufo\/glyphs\/underscore.glif":"\/linotypeunivers-extdregularitalic.ufo\/glyphs\/underscore.glif","\/linotypeunivers-extdregularitalic.ufo\/glyphs\/v.glif":"\/linotypeunivers-extdregularitalic.ufo\/glyphs\/v.glif","\/linotypeunivers-extdregularitalic.ufo\/glyphs\/w.glif":"\/linotypeunivers-extdregularitalic.ufo\/glyphs\/w.glif","\/linotypeunivers-extdregularitalic.ufo\/glyphs\/x.glif":"\/linotypeunivers-extdregularitalic.ufo\/glyphs\/x.glif","\/linotypeunivers-extdregularitalic.ufo\/glyphs\/y.glif":"\/linotypeunivers-extdregularitalic.ufo\/glyphs\/y.glif","\/linotypeunivers-extdregularitalic.ufo\/glyphs\/yacute.glif":"\/linotypeunivers-extdregularitalic.ufo\/glyphs\/yacute.glif","\/linotypeunivers-extdregularitalic.ufo\/glyphs\/ydieresis.glif":"\/linotypeunivers-extdregularitalic.ufo\/glyphs\/ydieresis.glif","\/linotypeunivers-extdregularitalic.ufo\/glyphs\/yen.glif":"\/linotypeunivers-extdregularitalic.ufo\/glyphs\/yen.glif","\/linotypeunivers-extdregularitalic.ufo\/glyphs\/z.glif":"\/linotypeunivers-extdregularitalic.ufo\/glyphs\/z.glif","\/linotypeunivers-extdregularitalic.ufo\/glyphs\/zcaron.glif":"\/linotypeunivers-extdregularitalic.ufo\/glyphs\/zcaron.glif","\/linotypeunivers-extdregularitalic.ufo\/glyphs\/zero.glif":"\/linotypeunivers-extdregularitalic.ufo\/glyphs\/zero.glif"},"Font":{"uploaded":1478260167.5455,"licence":"gpl3","company":"Chronolabs Cooperative","title":"Linotype Univers Extd Regular Italic","version":3.002,"date":"Wed Nov  2 10:11:10 2016","creator":"root","type":"1","matrix":"0.001 0 0 0.001 0 0","named":"LinotypeUnivers-ExtdRegularItalic","painttype":"0","info":"10 dict dup","name":"LinotypeUnivers-ExtdRegularItalic","family":"LinotypeUnivers","weight":"ExtdRegular","fstype":"0","italicangle":"0","underlineposition":"","underlinethickness":""},"Licences":{"":false},"Table":{"FFTM":{"entryLength":16,"tag":"FFTM","checksum":1958538188,"offset":25004,"length":28},"GDEF":{"entryLength":16,"tag":"GDEF","checksum":19070982,"offset":24972,"length":32},"OS\/2":{"entryLength":16,"tag":"OS\/2","checksum":2001025769,"offset":344,"length":86},"cmap":{"entryLength":16,"tag":"cmap","checksum":3833775820,"offset":1416,"length":654},"gasp":{"entryLength":16,"tag":"gasp","checksum":4294901763,"offset":24964,"length":8},"glyf":{"entryLength":16,"tag":"glyf","checksum":2269731730,"offset":2568,"length":20516},"head":{"entryLength":16,"tag":"head","checksum":197529351,"offset":220,"length":54},"hhea":{"entryLength":16,"tag":"hhea","checksum":133366714,"offset":276,"length":36},"hmtx":{"entryLength":16,"tag":"hmtx","checksum":1883705436,"offset":432,"length":984},"loca":{"entryLength":16,"tag":"loca","checksum":1643335240,"offset":2072,"length":494},"maxp":{"entryLength":16,"tag":"maxp","checksum":20906064,"offset":312,"length":32},"name":{"entryLength":16,"tag":"name","checksum":1185670346,"offset":23084,"length":1344},"post":{"entryLength":16,"tag":"post","checksum":19116923,"offset":24428,"length":534}},"UnicodeCharMap":{"32":3,"33":4,"34":5,"35":6,"36":7,"37":8,"38":9,"39":10,"40":11,"41":12,"42":13,"43":14,"44":15,"45":16,"46":17,"47":18,"48":19,"49":20,"50":21,"51":22,"52":23,"53":24,"54":25,"55":26,"56":27,"57":28,"58":29,"59":30,"60":31,"61":32,"62":33,"63":34,"64":35,"65":36,"66":37,"67":38,"68":39,"69":40,"70":41,"71":42,"72":43,"73":44,"74":45,"75":46,"76":47,"77":48,"78":49,"79":50,"80":51,"81":52,"82":53,"83":54,"84":55,"85":56,"86":57,"87":58,"88":59,"89":60,"90":61,"91":62,"92":63,"93":64,"94":65,"95":66,"96":67,"97":68,"98":69,"99":70,"100":71,"101":72,"102":73,"103":74,"104":75,"105":76,"106":77,"107":78,"108":79,"109":80,"110":81,"111":82,"112":83,"113":84,"114":85,"115":86,"116":87,"117":88,"118":89,"119":90,"120":91,"121":92,"122":93,"123":94,"124":95,"125":96,"126":97,"160":98,"161":99,"162":100,"163":101,"164":102,"165":103,"166":104,"167":105,"168":106,"169":107,"170":108,"171":109,"172":110,"174":111,"175":112,"176":113,"177":114,"178":115,"179":116,"180":117,"182":119,"183":120,"184":121,"185":122,"186":123,"187":124,"188":125,"189":126,"190":127,"191":128,"192":129,"193":130,"194":131,"195":132,"196":133,"197":134,"198":135,"199":136,"200":137,"201":138,"202":139,"203":140,"204":141,"205":142,"206":143,"207":144,"208":145,"209":146,"210":147,"211":148,"212":149,"213":150,"214":151,"215":152,"216":153,"217":154,"218":155,"219":156,"220":157,"221":158,"222":159,"223":160,"224":161,"225":162,"226":163,"227":164,"228":165,"229":166,"230":167,"231":168,"232":169,"233":170,"234":171,"235":172,"236":173,"237":174,"238":175,"239":176,"240":177,"241":178,"242":179,"243":180,"244":181,"245":182,"246":183,"247":184,"248":185,"249":186,"250":187,"251":188,"252":189,"253":190,"254":191,"255":192,"305":222,"321":220,"322":223,"338":221,"339":224,"352":225,"353":226,"376":245,"381":227,"382":228,"402":196,"710":211,"711":218,"728":213,"729":214,"730":215,"731":217,"732":212,"733":216,"916":243,"937":240,"956":118,"960":238,"8211":202,"8212":219,"8216":194,"8217":193,"8218":206,"8220":197,"8221":208,"8222":207,"8224":203,"8225":204,"8226":205,"8230":209,"8240":210,"8249":198,"8250":199,"8260":195,"8482":230,"8706":235,"8719":237,"8721":236,"8722":229,"8730":241,"8734":232,"8747":239,"8776":242,"8800":231,"8804":233,"8805":234,"9674":244,"64257":200,"64258":201},"Reserves":{"fontname":"Linotype Univers Extd Regular Italic"},"Names":{"Linotype Univers Extd Regular Italic":{"name":"Linotype Univers Extd Regular Italic","longitude":"0.00000001","latitude":"0.00000001","country":"","region":"","city":""}},"Nodes":{"li":{"type":"typal","node":"li","usage":1,"weight":1},"pe":{"type":"typal","node":"pe","usage":1,"weight":1},"un":{"type":"typal","node":"un","usage":1,"weight":1},"rs":{"type":"typal","node":"rs","usage":1,"weight":1},"ex":{"type":"typal","node":"ex","usage":1,"weight":1},"td":{"type":"typal","node":"td","usage":1,"weight":1},"re":{"type":"typal","node":"re","usage":1,"weight":1},"ar":{"type":"typal","node":"ar","usage":1,"weight":1},"it":{"type":"typal","node":"it","usage":1,"weight":1},"ic":{"type":"typal","node":"ic","usage":1,"weight":1},"lin":{"type":"typal","node":"lin","usage":1,"weight":1},"ype":{"type":"typal","node":"ype","usage":1,"weight":1},"uni":{"type":"typal","node":"uni","usage":1,"weight":1},"ers":{"type":"typal","node":"ers","usage":1,"weight":1},"ext":{"type":"typal","node":"ext","usage":1,"weight":1},"xtd":{"type":"typal","node":"xtd","usage":1,"weight":1},"reg":{"type":"typal","node":"reg","usage":1,"weight":1},"lar":{"type":"typal","node":"lar","usage":1,"weight":1},"ita":{"type":"typal","node":"ita","usage":1,"weight":1},"lic":{"type":"typal","node":"lic","usage":1,"weight":1},"lino":{"type":"keys","node":"lino","usage":1,"weight":1},"type":{"type":"keys","node":"type","usage":1,"weight":1},"univ":{"type":"keys","node":"univ","usage":1,"weight":1},"vers":{"type":"keys","node":"vers","usage":1,"weight":1},"regu":{"type":"keys","node":"regu","usage":1,"weight":1},"ular":{"type":"keys","node":"ular","usage":1,"weight":1},"ital":{"type":"keys","node":"ital","usage":1,"weight":1},"alic":{"type":"keys","node":"alic","usage":1,"weight":1},"linot":{"type":"keys","node":"linot","usage":1,"weight":1},"otype":{"type":"keys","node":"otype","usage":1,"weight":1},"unive":{"type":"keys","node":"unive","usage":1,"weight":1},"ivers":{"type":"keys","node":"ivers","usage":1,"weight":1},"regul":{"type":"keys","node":"regul","usage":1,"weight":1},"gular":{"type":"keys","node":"gular","usage":1,"weight":1},"itali":{"type":"keys","node":"itali","usage":1,"weight":1},"talic":{"type":"keys","node":"talic","usage":1,"weight":1},"linotype":{"type":"fixes","node":"linotype","usage":1,"weight":1},"univers":{"type":"fixes","node":"univers","usage":1,"weight":1},"extd":{"type":"fixes","node":"extd","usage":1,"weight":1},"regular":{"type":"fixes","node":"regular","usage":1,"weight":1},"italic":{"type":"fixes","node":"italic","usage":1,"weight":1}},"Contributors":[],"FontIdentity":"thatcher0:2cbb40bda81dfddd3562e2","Bytes":null,"Networking":[],"barcode":"GSAqiSeuuKKGO","referee":"m2o42"}