{"CSS":{"FamousBuildings":"FamousBuildings.css"},"FontType":"TrueType","FontCopyright":"Copyright (c) Manfred Klein   11\/22\/2004","FontName":"FamousBuildings","FontSubfamily":"Medium","FontSubfamilyID":"FontForge 2.0 : FamousBuildings : 25-11-2016","FontFullName":"Famous Buildings","FontVersion":"Version 1.0 2004-11-22 ","FontWeight":null,"FontPostscriptName":"FamousBuildings","Files":{"famousbuildings.afm":"famousbuildings.afm","famousbuildings.bin":"famousbuildings.bin","famousbuildings.cef":"famousbuildings.cef","famousbuildings.cff":"famousbuildings.cff","famousbuildings.cid":"famousbuildings.cid","famousbuildings.dfont":"famousbuildings.dfont","famousbuildings.eot":"famousbuildings.eot","famousbuildings.fon":"famousbuildings.fon","famousbuildings.gai":"famousbuildings.gai","famousbuildings.gsf":"famousbuildings.gsf","famousbuildings.hqx":"famousbuildings.hqx","famousbuildings.ik":"famousbuildings.ik","famousbuildings.mf":"famousbuildings.mf","famousbuildings.otf":"famousbuildings.otf","famousbuildings.pcf":"famousbuildings.pcf","famousbuildings.pf3":"famousbuildings.pf3","famousbuildings.pfa":"famousbuildings.pfa","famousbuildings.pfb":"famousbuildings.pfb","famousbuildings.php":"famousbuildings.php","famousbuildings.pmf":"famousbuildings.pmf","famousbuildings.pt3":"famousbuildings.pt3","famousbuildings.sfd":"famousbuildings.sfd","famousbuildings.svg":"famousbuildings.svg","famousbuildings.t42":"famousbuildings.t42","famousbuildings.ttd":"famousbuildings.ttd","famousbuildings.ttf":"famousbuildings.ttf","famousbuildings.ttg":"famousbuildings.ttg","famousbuildings.ufm":"famousbuildings.ufm","famousbuildings.woff":"famousbuildings.woff","famousbuildings.z":"famousbuildings.z","":{"famousbuildings.afm":"famousbuildings.afm","famousbuildings.bin":"famousbuildings.bin","famousbuildings.cef":"famousbuildings.cef","famousbuildings.cff":"famousbuildings.cff","famousbuildings.cid":"famousbuildings.cid","famousbuildings.dfont":"famousbuildings.dfont","famousbuildings.eot":"famousbuildings.eot","famousbuildings.fon":"famousbuildings.fon","famousbuildings.gai":"famousbuildings.gai","famousbuildings.gsf":"famousbuildings.gsf","famousbuildings.hqx":"famousbuildings.hqx","famousbuildings.ik":"famousbuildings.ik","famousbuildings.mf":"famousbuildings.mf","famousbuildings.otf":"famousbuildings.otf","famousbuildings.pcf":"famousbuildings.pcf","famousbuildings.pf3":"famousbuildings.pf3","famousbuildings.pfa":"famousbuildings.pfa","famousbuildings.pfb":"famousbuildings.pfb","famousbuildings.php":"famousbuildings.php","famousbuildings.pmf":"famousbuildings.pmf","famousbuildings.pt3":"famousbuildings.pt3","famousbuildings.sfd":"famousbuildings.sfd","famousbuildings.svg":"famousbuildings.svg","famousbuildings.t42":"famousbuildings.t42","famousbuildings.ttd":"famousbuildings.ttd","famousbuildings.ttf":"famousbuildings.ttf","famousbuildings.ttg":"famousbuildings.ttg","famousbuildings.ufm":"famousbuildings.ufm","famousbuildings.woff":"famousbuildings.woff","famousbuildings.z":"famousbuildings.z"},"\/famousbuildings.ufo":{"feature.fea":"feature.fea","fontinfo.plist":"fontinfo.plist","groups.plist":"groups.plist","kerning.plist":"kerning.plist","metainfo.plist":"metainfo.plist"},"\/famousbuildings.ufo\/glyphs":{"A_.glif":"A_.glif","B_.glif":"B_.glif","C_.glif":"C_.glif","D_.glif":"D_.glif","E_.glif":"E_.glif","E_th.glif":"E_th.glif","F_.glif":"F_.glif","G_.glif":"G_.glif","H_.glif":"H_.glif","I_.glif":"I_.glif","J_.glif":"J_.glif","K_.glif":"K_.glif","L_.glif":"L_.glif","L_slash.glif":"L_slash.glif","M_.glif":"M_.glif","N_.glif":"N_.glif","O_.glif":"O_.glif","P_.glif":"P_.glif","Q_.glif":"Q_.glif","R_.glif":"R_.glif","S_.glif":"S_.glif","S_caron.glif":"S_caron.glif","T_.glif":"T_.glif","T_horn.glif":"T_horn.glif","U_.glif":"U_.glif","V_.glif":"V_.glif","W_.glif":"W_.glif","X_.glif":"X_.glif","Y_.glif":"Y_.glif","Y_acute.glif":"Y_acute.glif","Z_.glif":"Z_.glif","Z_caron.glif":"Z_caron.glif","a.glif":"a.glif","ampersand.glif":"ampersand.glif","b.glif":"b.glif","brokenbar.glif":"brokenbar.glif","c.glif":"c.glif","colon.glif":"colon.glif","comma.glif":"comma.glif","contents.plist":"contents.plist","d.glif":"d.glif","dollar.glif":"dollar.glif","e.glif":"e.glif","eight.glif":"eight.glif","eth.glif":"eth.glif","exclam.glif":"exclam.glif","f.glif":"f.glif","five.glif":"five.glif","four.glif":"four.glif","g.glif":"g.glif","h.glif":"h.glif","hyphen.glif":"hyphen.glif","i.glif":"i.glif","j.glif":"j.glif","k.glif":"k.glif","l.glif":"l.glif","lslash.glif":"lslash.glif","m.glif":"m.glif","multiply.glif":"multiply.glif","n.glif":"n.glif","nine.glif":"nine.glif","numbersign.glif":"numbersign.glif","o.glif":"o.glif","one.glif":"one.glif","onehalf.glif":"onehalf.glif","onequarter.glif":"onequarter.glif","onesuperior.glif":"onesuperior.glif","p.glif":"p.glif","parenleft.glif":"parenleft.glif","parenright.glif":"parenright.glif","percent.glif":"percent.glif","period.glif":"period.glif","q.glif":"q.glif","quotedbl.glif":"quotedbl.glif","quotesingle.glif":"quotesingle.glif","r.glif":"r.glif","s.glif":"s.glif","scaron.glif":"scaron.glif","semicolon.glif":"semicolon.glif","seven.glif":"seven.glif","six.glif":"six.glif","slash.glif":"slash.glif","space.glif":"space.glif","t.glif":"t.glif","thorn.glif":"thorn.glif","three.glif":"three.glif","threequarters.glif":"threequarters.glif","threesuperior.glif":"threesuperior.glif","two.glif":"two.glif","twosuperior.glif":"twosuperior.glif","u.glif":"u.glif","v.glif":"v.glif","w.glif":"w.glif","x.glif":"x.glif","y.glif":"y.glif","yacute.glif":"yacute.glif","z.glif":"z.glif","zcaron.glif":"zcaron.glif","zero.glif":"zero.glif"}},"Font":{"uploaded":1480006105.9822,"licence":"gpl3","company":"Chronolabs Cooperative","title":"Famous Buildings","version":2.001,"date":"Fri Aug 12 14:59:28 2016","creator":"root","type":"1","matrix":"0.001 0 0 0.001 0 0","named":"FamousBuildings","painttype":"0","info":"10 dict dup","name":"FamousBuildings","family":"FamousBuildings","weight":"Medium","fstype":"0","italicangle":"0","underlineposition":"","underlinethickness":""},"Table":{"FFTM":{"entryLength":16,"tag":"FFTM","checksum":1944302392,"offset":459856,"length":28},"GDEF":{"entryLength":16,"tag":"GDEF","checksum":9568262,"offset":459824,"length":32},"OS\/2":{"entryLength":16,"tag":"OS\/2","checksum":1441031293,"offset":344,"length":86},"cmap":{"entryLength":16,"tag":"cmap","checksum":3240513635,"offset":808,"length":442},"gasp":{"entryLength":16,"tag":"gasp","checksum":4294901763,"offset":459816,"length":8},"glyf":{"entryLength":16,"tag":"glyf","checksum":2805494224,"offset":1660,"length":457248},"head":{"entryLength":16,"tag":"head","checksum":209508747,"offset":220,"length":54},"hhea":{"entryLength":16,"tag":"hhea","checksum":146867449,"offset":276,"length":36},"hmtx":{"entryLength":16,"tag":"hmtx","checksum":1186533149,"offset":432,"length":374},"loca":{"entryLength":16,"tag":"loca","checksum":25299692,"offset":1252,"length":408},"maxp":{"entryLength":16,"tag":"maxp","checksum":26414685,"offset":312,"length":32},"name":{"entryLength":16,"tag":"name","checksum":177937222,"offset":458908,"length":669},"post":{"entryLength":16,"tag":"post","checksum":276500674,"offset":459580,"length":236}},"UnicodeCharMap":{"32":7,"33":8,"34":9,"35":10,"36":11,"37":12,"38":13,"39":14,"40":15,"41":16,"44":17,"45":18,"46":19,"47":20,"48":21,"49":22,"50":23,"51":24,"52":25,"53":26,"54":27,"55":28,"56":29,"57":30,"58":31,"59":32,"65":33,"66":34,"67":35,"68":36,"69":37,"70":38,"71":39,"72":40,"73":41,"74":42,"75":43,"76":44,"77":45,"78":46,"79":47,"80":48,"81":49,"82":50,"83":51,"84":52,"85":53,"86":54,"87":55,"88":56,"89":57,"90":58,"97":59,"98":60,"99":61,"100":62,"101":63,"102":64,"103":65,"104":66,"105":67,"106":68,"107":69,"108":70,"109":71,"110":72,"111":73,"112":74,"113":75,"114":76,"115":77,"116":78,"117":79,"118":80,"119":81,"120":82,"121":83,"122":84,"166":85,"178":86,"179":87,"185":88,"188":89,"189":90,"190":91,"208":92,"215":93,"221":94,"222":95,"240":96,"253":97,"254":98,"321":3,"322":4,"352":99,"353":100,"381":5,"382":6},"Reserves":null,"Names":[],"Nodes":{"fa":{"type":"typal","node":"fa","usage":1,"weight":1},"us":{"type":"typal","node":"us","usage":1,"weight":1},"bu":{"type":"typal","node":"bu","usage":1,"weight":1},"gs":{"type":"typal","node":"gs","usage":1,"weight":1},"fam":{"type":"typal","node":"fam","usage":1,"weight":1},"ous":{"type":"typal","node":"ous","usage":1,"weight":1},"bui":{"type":"typal","node":"bui","usage":1,"weight":1},"ngs":{"type":"typal","node":"ngs","usage":1,"weight":1},"famo":{"type":"keys","node":"famo","usage":1,"weight":1},"mous":{"type":"keys","node":"mous","usage":1,"weight":1},"buil":{"type":"keys","node":"buil","usage":1,"weight":1},"ings":{"type":"keys","node":"ings","usage":1,"weight":1},"famou":{"type":"keys","node":"famou","usage":1,"weight":1},"amous":{"type":"keys","node":"amous","usage":1,"weight":1},"build":{"type":"keys","node":"build","usage":1,"weight":1},"dings":{"type":"keys","node":"dings","usage":1,"weight":1},"famous":{"type":"fixes","node":"famous","usage":1,"weight":1},"buildings":{"type":"fixes","node":"buildings","usage":1,"weight":1}},"Contributors":[],"FontIdentity":"6910a8ffa9c01a98806787540ff09983","Bytes":45808465,"Networking":[],"barcode":"smeqemyg6ekq","referee":"ecyia"}