{"CSS":{"BizarreCaps":"BizarreCaps.css"},"FontType":"TrueType","FontCopyright":"Digital typeface data Copyright (c)1993,1996 Weatherly Systems, Inc. All Rights Reserved. Redistribution strictly prohibited.","FontName":"BizarreCaps","FontSubfamily":"Book","FontSubfamilyID":"FontForge 2.0 : BizarreCaps : 1-9-2016","FontFullName":"Bizarre Caps","FontVersion":"Version The IMSI MasterFonts ","FontWeight":null,"FontPostscriptName":"BizarreCaps","Files":{"bizarrecaps.afm":"bizarrecaps.afm","bizarrecaps.bin":"bizarrecaps.bin","bizarrecaps.cef":"bizarrecaps.cef","bizarrecaps.cff":"bizarrecaps.cff","bizarrecaps.cid":"bizarrecaps.cid","bizarrecaps.dfont":"bizarrecaps.dfont","bizarrecaps.eot":"bizarrecaps.eot","bizarrecaps.fon":"bizarrecaps.fon","bizarrecaps.gai":"bizarrecaps.gai","bizarrecaps.gsf":"bizarrecaps.gsf","bizarrecaps.hqx":"bizarrecaps.hqx","bizarrecaps.ik":"bizarrecaps.ik","bizarrecaps.mf":"bizarrecaps.mf","bizarrecaps.otf":"bizarrecaps.otf","bizarrecaps.pcf":"bizarrecaps.pcf","bizarrecaps.pf3":"bizarrecaps.pf3","bizarrecaps.pfa":"bizarrecaps.pfa","bizarrecaps.pfb":"bizarrecaps.pfb","bizarrecaps.php":"bizarrecaps.php","bizarrecaps.pmf":"bizarrecaps.pmf","bizarrecaps.pt3":"bizarrecaps.pt3","bizarrecaps.sfd":"bizarrecaps.sfd","bizarrecaps.svg":"bizarrecaps.svg","bizarrecaps.t42":"bizarrecaps.t42","bizarrecaps.ttd":"bizarrecaps.ttd","bizarrecaps.ttf":"bizarrecaps.ttf","bizarrecaps.ttg":"bizarrecaps.ttg","bizarrecaps.ufm":"bizarrecaps.ufm","bizarrecaps.woff":"bizarrecaps.woff","bizarrecaps.z":"bizarrecaps.z","":{"bizarrecaps.afm":"bizarrecaps.afm","bizarrecaps.bin":"bizarrecaps.bin","bizarrecaps.cef":"bizarrecaps.cef","bizarrecaps.cff":"bizarrecaps.cff","bizarrecaps.cid":"bizarrecaps.cid","bizarrecaps.dfont":"bizarrecaps.dfont","bizarrecaps.eot":"bizarrecaps.eot","bizarrecaps.fon":"bizarrecaps.fon","bizarrecaps.gai":"bizarrecaps.gai","bizarrecaps.gsf":"bizarrecaps.gsf","bizarrecaps.hqx":"bizarrecaps.hqx","bizarrecaps.ik":"bizarrecaps.ik","bizarrecaps.mf":"bizarrecaps.mf","bizarrecaps.otf":"bizarrecaps.otf","bizarrecaps.pcf":"bizarrecaps.pcf","bizarrecaps.pf3":"bizarrecaps.pf3","bizarrecaps.pfa":"bizarrecaps.pfa","bizarrecaps.pfb":"bizarrecaps.pfb","bizarrecaps.php":"bizarrecaps.php","bizarrecaps.pmf":"bizarrecaps.pmf","bizarrecaps.pt3":"bizarrecaps.pt3","bizarrecaps.sfd":"bizarrecaps.sfd","bizarrecaps.svg":"bizarrecaps.svg","bizarrecaps.t42":"bizarrecaps.t42","bizarrecaps.ttd":"bizarrecaps.ttd","bizarrecaps.ttf":"bizarrecaps.ttf","bizarrecaps.ttg":"bizarrecaps.ttg","bizarrecaps.ufm":"bizarrecaps.ufm","bizarrecaps.woff":"bizarrecaps.woff","bizarrecaps.z":"bizarrecaps.z"},"\/bizarrecaps.ufo":{"feature.fea":"feature.fea","fontinfo.plist":"fontinfo.plist","groups.plist":"groups.plist","kerning.plist":"kerning.plist","metainfo.plist":"metainfo.plist"},"\/bizarrecaps.ufo\/glyphs":{"A_.glif":"A_.glif","A_E_.glif":"A_E_.glif","A_acute.glif":"A_acute.glif","A_circumflex.glif":"A_circumflex.glif","A_dieresis.glif":"A_dieresis.glif","A_grave.glif":"A_grave.glif","A_ring.glif":"A_ring.glif","A_tilde.glif":"A_tilde.glif","B_.glif":"B_.glif","C_.glif":"C_.glif","C_cedilla.glif":"C_cedilla.glif","D_.glif":"D_.glif","E_.glif":"E_.glif","E_acute.glif":"E_acute.glif","E_circumflex.glif":"E_circumflex.glif","E_dieresis.glif":"E_dieresis.glif","E_grave.glif":"E_grave.glif","E_th.glif":"E_th.glif","F_.glif":"F_.glif","G_.glif":"G_.glif","H_.glif":"H_.glif","I_.glif":"I_.glif","I_acute.glif":"I_acute.glif","I_circumflex.glif":"I_circumflex.glif","I_dieresis.glif":"I_dieresis.glif","I_grave.glif":"I_grave.glif","J_.glif":"J_.glif","K_.glif":"K_.glif","L_.glif":"L_.glif","L_slash.glif":"L_slash.glif","M_.glif":"M_.glif","N_.glif":"N_.glif","N_tilde.glif":"N_tilde.glif","O_.glif":"O_.glif","O_E_.glif":"O_E_.glif","O_acute.glif":"O_acute.glif","O_circumflex.glif":"O_circumflex.glif","O_dieresis.glif":"O_dieresis.glif","O_grave.glif":"O_grave.glif","O_slash.glif":"O_slash.glif","O_tilde.glif":"O_tilde.glif","P_.glif":"P_.glif","Q_.glif":"Q_.glif","R_.glif":"R_.glif","S_.glif":"S_.glif","S_caron.glif":"S_caron.glif","T_.glif":"T_.glif","T_horn.glif":"T_horn.glif","U_.glif":"U_.glif","U_acute.glif":"U_acute.glif","U_circumflex.glif":"U_circumflex.glif","U_dieresis.glif":"U_dieresis.glif","U_grave.glif":"U_grave.glif","V_.glif":"V_.glif","W_.glif":"W_.glif","X_.glif":"X_.glif","Y_.glif":"Y_.glif","Y_acute.glif":"Y_acute.glif","Y_dieresis.glif":"Y_dieresis.glif","Z_.glif":"Z_.glif","Z_caron.glif":"Z_caron.glif","_notdef.glif":"_notdef.glif","_null.glif":"_null.glif","a.glif":"a.glif","aacute.glif":"aacute.glif","acircumflex.glif":"acircumflex.glif","acute.glif":"acute.glif","adieresis.glif":"adieresis.glif","ae.glif":"ae.glif","agrave.glif":"agrave.glif","ampersand.glif":"ampersand.glif","aring.glif":"aring.glif","asciicircum.glif":"asciicircum.glif","asciitilde.glif":"asciitilde.glif","asterisk.glif":"asterisk.glif","at.glif":"at.glif","atilde.glif":"atilde.glif","b.glif":"b.glif","backslash.glif":"backslash.glif","bar.glif":"bar.glif","braceleft.glif":"braceleft.glif","braceright.glif":"braceright.glif","bracketleft.glif":"bracketleft.glif","bracketright.glif":"bracketright.glif","brokenbar.glif":"brokenbar.glif","bullet.glif":"bullet.glif","c.glif":"c.glif","caron.glif":"caron.glif","ccedilla.glif":"ccedilla.glif","cedilla.glif":"cedilla.glif","cent.glif":"cent.glif","circumflex.glif":"circumflex.glif","colon.glif":"colon.glif","comma.glif":"comma.glif","contents.plist":"contents.plist","copyright.glif":"copyright.glif","currency.glif":"currency.glif","d.glif":"d.glif","dagger.glif":"dagger.glif","daggerdbl.glif":"daggerdbl.glif","degree.glif":"degree.glif","dieresis.glif":"dieresis.glif","divide.glif":"divide.glif","dollar.glif":"dollar.glif","dotlessi.glif":"dotlessi.glif","e.glif":"e.glif","eacute.glif":"eacute.glif","ecircumflex.glif":"ecircumflex.glif","edieresis.glif":"edieresis.glif","egrave.glif":"egrave.glif","eight.glif":"eight.glif","ellipsis.glif":"ellipsis.glif","emdash.glif":"emdash.glif","endash.glif":"endash.glif","equal.glif":"equal.glif","eth.glif":"eth.glif","exclam.glif":"exclam.glif","exclamdown.glif":"exclamdown.glif","f.glif":"f.glif","fi.glif":"fi.glif","five.glif":"five.glif","fl.glif":"fl.glif","florin.glif":"florin.glif","four.glif":"four.glif","fraction.glif":"fraction.glif","g.glif":"g.glif","germandbls.glif":"germandbls.glif","grave.glif":"grave.glif","greater.glif":"greater.glif","guillemotleft.glif":"guillemotleft.glif","guillemotright.glif":"guillemotright.glif","guilsinglleft.glif":"guilsinglleft.glif","guilsinglright.glif":"guilsinglright.glif","h.glif":"h.glif","hyphen.glif":"hyphen.glif","i.glif":"i.glif","iacute.glif":"iacute.glif","icircumflex.glif":"icircumflex.glif","idieresis.glif":"idieresis.glif","igrave.glif":"igrave.glif","j.glif":"j.glif","k.glif":"k.glif","l.glif":"l.glif","less.glif":"less.glif","logicalnot.glif":"logicalnot.glif","lslash.glif":"lslash.glif","m.glif":"m.glif","macron.glif":"macron.glif","minus.glif":"minus.glif","mu1.glif":"mu1.glif","multiply.glif":"multiply.glif","n.glif":"n.glif","nine.glif":"nine.glif","nonbreakingspace.glif":"nonbreakingspace.glif","nonmarkingreturn.glif":"nonmarkingreturn.glif","ntilde.glif":"ntilde.glif","numbersign.glif":"numbersign.glif","o.glif":"o.glif","oacute.glif":"oacute.glif","ocircumflex.glif":"ocircumflex.glif","odieresis.glif":"odieresis.glif","oe.glif":"oe.glif","ograve.glif":"ograve.glif","one.glif":"one.glif","onehalf.glif":"onehalf.glif","onequarter.glif":"onequarter.glif","onesuperior.glif":"onesuperior.glif","ordfeminine.glif":"ordfeminine.glif","ordmasculine.glif":"ordmasculine.glif","oslash.glif":"oslash.glif","otilde.glif":"otilde.glif","p.glif":"p.glif","paragraph.glif":"paragraph.glif","parenleft.glif":"parenleft.glif","parenright.glif":"parenright.glif","percent.glif":"percent.glif","period.glif":"period.glif","periodcentered.glif":"periodcentered.glif","perthousand.glif":"perthousand.glif","plus.glif":"plus.glif","plusminus.glif":"plusminus.glif","q.glif":"q.glif","question.glif":"question.glif","questiondown.glif":"questiondown.glif","quotedbl.glif":"quotedbl.glif","quotedblbase.glif":"quotedblbase.glif","quotedblleft.glif":"quotedblleft.glif","quotedblright.glif":"quotedblright.glif","quoteleft.glif":"quoteleft.glif","quoteright.glif":"quoteright.glif","quotesinglbase.glif":"quotesinglbase.glif","quotesingle.glif":"quotesingle.glif","r.glif":"r.glif","registered.glif":"registered.glif","s.glif":"s.glif","scaron.glif":"scaron.glif","section.glif":"section.glif","semicolon.glif":"semicolon.glif","seven.glif":"seven.glif","six.glif":"six.glif","slash.glif":"slash.glif","space.glif":"space.glif","sterling.glif":"sterling.glif","t.glif":"t.glif","thorn.glif":"thorn.glif","three.glif":"three.glif","threequarters.glif":"threequarters.glif","threesuperior.glif":"threesuperior.glif","tilde.glif":"tilde.glif","trademark.glif":"trademark.glif","two.glif":"two.glif","twosuperior.glif":"twosuperior.glif","u.glif":"u.glif","uacute.glif":"uacute.glif","ucircumflex.glif":"ucircumflex.glif","udieresis.glif":"udieresis.glif","ugrave.glif":"ugrave.glif","underscore.glif":"underscore.glif","v.glif":"v.glif","w.glif":"w.glif","x.glif":"x.glif","y.glif":"y.glif","yacute.glif":"yacute.glif","ydieresis.glif":"ydieresis.glif","yen.glif":"yen.glif","z.glif":"z.glif","zcaron.glif":"zcaron.glif","zero.glif":"zero.glif"}},"Font":{"uploaded":1472713141.7908,"licence":"gpl3","company":"Chronolabs Cooperative","title":"Bizarre Caps","version":2.001,"date":"Sun Aug 28 08:00:22 2016","creator":"root","type":"1","matrix":"0.001 0 0 0.001 0 0","named":"BizarreCaps","painttype":"0","info":"10 dict dup","name":"BizarreCaps","family":"BizarreCaps","weight":"Book","fstype":"4","italicangle":"0","underlineposition":"","underlinethickness":""},"Table":{"FFTM":{"entryLength":16,"tag":"FFTM","checksum":1947016892,"offset":8524,"length":28},"GDEF":{"entryLength":16,"tag":"GDEF","checksum":17825796,"offset":8492,"length":32},"OS\/2":{"entryLength":16,"tag":"OS\/2","checksum":1447238429,"offset":344,"length":86},"cmap":{"entryLength":16,"tag":"cmap","checksum":2066596866,"offset":1112,"length":548},"gasp":{"entryLength":16,"tag":"gasp","checksum":4294901763,"offset":8484,"length":8},"glyf":{"entryLength":16,"tag":"glyf","checksum":3857664076,"offset":2116,"length":4992},"head":{"entryLength":16,"tag":"head","checksum":323504158,"offset":220,"length":54},"hhea":{"entryLength":16,"tag":"hhea","checksum":136381588,"offset":276,"length":36},"hmtx":{"entryLength":16,"tag":"hmtx","checksum":3904570723,"offset":432,"length":678},"loca":{"entryLength":16,"tag":"loca","checksum":1484873260,"offset":1660,"length":456},"maxp":{"entryLength":16,"tag":"maxp","checksum":19923300,"offset":312,"length":32},"name":{"entryLength":16,"tag":"name","checksum":1850337233,"offset":7108,"length":882},"post":{"entryLength":16,"tag":"post","checksum":938781338,"offset":7992,"length":492}},"UnicodeCharMap":{"0":1,"13":2,"32":3,"33":4,"34":5,"35":6,"36":7,"37":8,"38":9,"39":10,"40":11,"41":12,"42":13,"43":14,"44":15,"45":16,"46":17,"47":18,"48":19,"49":20,"50":21,"51":22,"52":23,"53":24,"54":25,"55":26,"56":27,"57":28,"58":29,"59":30,"60":31,"61":32,"62":33,"63":34,"64":35,"65":36,"66":37,"67":38,"68":39,"69":40,"70":41,"71":42,"72":43,"73":44,"74":45,"75":46,"76":47,"77":48,"78":49,"79":50,"80":51,"81":52,"82":53,"83":54,"84":55,"85":56,"86":57,"87":58,"88":59,"89":60,"90":61,"91":62,"92":63,"93":64,"94":65,"95":66,"96":67,"97":68,"98":69,"99":70,"100":71,"101":72,"102":73,"103":74,"104":75,"105":76,"106":77,"107":78,"108":79,"109":80,"110":81,"111":82,"112":83,"113":84,"114":85,"115":86,"116":87,"117":88,"118":89,"119":90,"120":91,"121":92,"122":93,"123":94,"124":95,"125":96,"126":97,"160":98,"161":99,"162":100,"163":101,"164":102,"165":103,"166":104,"167":105,"168":106,"169":107,"170":108,"171":109,"172":110,"174":112,"175":113,"176":114,"177":115,"178":116,"179":117,"180":118,"181":119,"182":120,"183":121,"184":122,"185":123,"186":124,"187":125,"188":126,"189":127,"190":128,"191":129,"192":130,"193":131,"194":132,"195":133,"196":134,"197":135,"198":136,"199":137,"200":138,"201":139,"202":140,"203":141,"204":142,"205":143,"206":144,"207":145,"208":146,"209":147,"210":148,"211":149,"212":150,"213":151,"214":152,"215":153,"216":154,"217":155,"218":156,"219":157,"220":158,"221":159,"222":160,"223":161,"224":162,"225":163,"226":164,"227":165,"228":166,"229":167,"230":168,"231":169,"232":170,"233":171,"234":172,"235":173,"236":174,"237":175,"238":176,"239":177,"240":178,"241":179,"242":180,"243":181,"244":182,"245":183,"246":184,"247":185,"248":186,"249":187,"250":188,"251":189,"252":190,"253":191,"254":192,"255":193,"305":195,"321":220,"322":221,"338":206,"339":218,"352":204,"353":216,"376":219,"381":225,"382":226,"402":197,"710":202,"711":194,"732":214,"8211":212,"8212":213,"8216":207,"8217":208,"8218":196,"8220":209,"8221":210,"8222":198,"8224":200,"8225":201,"8226":211,"8230":199,"8240":203,"8249":205,"8250":217,"8260":222,"8482":215,"8722":111,"64257":223,"64258":224},"Reserves":null,"Names":[],"Nodes":{"bi":{"type":"typal","node":"bi","usage":1,"weight":1},"re":{"type":"typal","node":"re","usage":1,"weight":1},"ca":{"type":"typal","node":"ca","usage":1,"weight":1},"ps":{"type":"typal","node":"ps","usage":1,"weight":1},"biz":{"type":"typal","node":"biz","usage":1,"weight":1},"rre":{"type":"typal","node":"rre","usage":1,"weight":1},"cap":{"type":"typal","node":"cap","usage":1,"weight":1},"aps":{"type":"typal","node":"aps","usage":1,"weight":1},"biza":{"type":"keys","node":"biza","usage":1,"weight":1},"arre":{"type":"keys","node":"arre","usage":1,"weight":1},"bizar":{"type":"keys","node":"bizar","usage":1,"weight":1},"zarre":{"type":"keys","node":"zarre","usage":1,"weight":1},"bizarre":{"type":"fixes","node":"bizarre","usage":1,"weight":1},"caps":{"type":"fixes","node":"caps","usage":1,"weight":1}},"Contributors":[],"FontIdentity":"4fa0e89a68ae228adc6b8a69cd7ec634","Bytes":1159344,"Networking":[],"barcode":"auockemk2cc4o","referee":"S6sWO"}