{"CSS":{"OPTICampanile":"OPTICampanile.css"},"FontType":"TrueType","FontCopyright":"1.2, Copyright Copr. Castcraft Software, Inc. 1990-1991.","FontName":"OPTICampanile","FontSubfamily":"Medium","FontSubfamilyID":"FontForge 2.0 : OPTICampanile : 27-8-2016","FontFullName":"OPTICampanile","FontVersion":"Version 001.000 ","FontWeight":null,"FontPostscriptName":"OPTICampanile","Files":{"opticampanile.afm":"opticampanile.afm","opticampanile.bin":"opticampanile.bin","opticampanile.cef":"opticampanile.cef","opticampanile.cff":"opticampanile.cff","opticampanile.cid":"opticampanile.cid","opticampanile.dfont":"opticampanile.dfont","opticampanile.eot":"opticampanile.eot","opticampanile.fon":"opticampanile.fon","opticampanile.gai":"opticampanile.gai","opticampanile.gsf":"opticampanile.gsf","opticampanile.hqx":"opticampanile.hqx","opticampanile.ik":"opticampanile.ik","opticampanile.mf":"opticampanile.mf","opticampanile.otf":"opticampanile.otf","opticampanile.pcf":"opticampanile.pcf","opticampanile.pf3":"opticampanile.pf3","opticampanile.pfa":"opticampanile.pfa","opticampanile.pfb":"opticampanile.pfb","opticampanile.php":"opticampanile.php","opticampanile.pmf":"opticampanile.pmf","opticampanile.pt3":"opticampanile.pt3","opticampanile.sfd":"opticampanile.sfd","opticampanile.svg":"opticampanile.svg","opticampanile.t42":"opticampanile.t42","opticampanile.ttd":"opticampanile.ttd","opticampanile.ttf":"opticampanile.ttf","opticampanile.ttg":"opticampanile.ttg","opticampanile.ufm":"opticampanile.ufm","opticampanile.woff":"opticampanile.woff","opticampanile.z":"opticampanile.z","":{"opticampanile.afm":"opticampanile.afm","opticampanile.bin":"opticampanile.bin","opticampanile.cef":"opticampanile.cef","opticampanile.cff":"opticampanile.cff","opticampanile.cid":"opticampanile.cid","opticampanile.dfont":"opticampanile.dfont","opticampanile.eot":"opticampanile.eot","opticampanile.fon":"opticampanile.fon","opticampanile.gai":"opticampanile.gai","opticampanile.gsf":"opticampanile.gsf","opticampanile.hqx":"opticampanile.hqx","opticampanile.ik":"opticampanile.ik","opticampanile.mf":"opticampanile.mf","opticampanile.otf":"opticampanile.otf","opticampanile.pcf":"opticampanile.pcf","opticampanile.pf3":"opticampanile.pf3","opticampanile.pfa":"opticampanile.pfa","opticampanile.pfb":"opticampanile.pfb","opticampanile.php":"opticampanile.php","opticampanile.pmf":"opticampanile.pmf","opticampanile.pt3":"opticampanile.pt3","opticampanile.sfd":"opticampanile.sfd","opticampanile.svg":"opticampanile.svg","opticampanile.t42":"opticampanile.t42","opticampanile.ttd":"opticampanile.ttd","opticampanile.ttf":"opticampanile.ttf","opticampanile.ttg":"opticampanile.ttg","opticampanile.ufm":"opticampanile.ufm","opticampanile.woff":"opticampanile.woff","opticampanile.z":"opticampanile.z"},"\/opticampanile.ufo":{"feature.fea":"feature.fea","fontinfo.plist":"fontinfo.plist","groups.plist":"groups.plist","kerning.plist":"kerning.plist","metainfo.plist":"metainfo.plist"},"\/opticampanile.ufo\/glyphs":{"A_.glif":"A_.glif","A_E_.glif":"A_E_.glif","A_acute.glif":"A_acute.glif","A_circumflex.glif":"A_circumflex.glif","A_dieresis.glif":"A_dieresis.glif","A_grave.glif":"A_grave.glif","A_ring.glif":"A_ring.glif","A_tilde.glif":"A_tilde.glif","B_.glif":"B_.glif","C_.glif":"C_.glif","C_cedilla.glif":"C_cedilla.glif","D_.glif":"D_.glif","E_.glif":"E_.glif","E_acute.glif":"E_acute.glif","E_circumflex.glif":"E_circumflex.glif","E_dieresis.glif":"E_dieresis.glif","E_grave.glif":"E_grave.glif","F_.glif":"F_.glif","G_.glif":"G_.glif","H_.glif":"H_.glif","I_.glif":"I_.glif","I_acute.glif":"I_acute.glif","I_circumflex.glif":"I_circumflex.glif","I_dieresis.glif":"I_dieresis.glif","I_grave.glif":"I_grave.glif","J_.glif":"J_.glif","K_.glif":"K_.glif","L_.glif":"L_.glif","M_.glif":"M_.glif","N_.glif":"N_.glif","N_tilde.glif":"N_tilde.glif","O_.glif":"O_.glif","O_E_.glif":"O_E_.glif","O_acute.glif":"O_acute.glif","O_circumflex.glif":"O_circumflex.glif","O_dieresis.glif":"O_dieresis.glif","O_grave.glif":"O_grave.glif","O_slash.glif":"O_slash.glif","O_tilde.glif":"O_tilde.glif","P_.glif":"P_.glif","Q_.glif":"Q_.glif","R_.glif":"R_.glif","S_.glif":"S_.glif","T_.glif":"T_.glif","U_.glif":"U_.glif","U_acute.glif":"U_acute.glif","U_circumflex.glif":"U_circumflex.glif","U_dieresis.glif":"U_dieresis.glif","U_grave.glif":"U_grave.glif","V_.glif":"V_.glif","W_.glif":"W_.glif","X_.glif":"X_.glif","Y_.glif":"Y_.glif","Y_dieresis.glif":"Y_dieresis.glif","Z_.glif":"Z_.glif","a.glif":"a.glif","aacute.glif":"aacute.glif","acircumflex.glif":"acircumflex.glif","acute.glif":"acute.glif","adieresis.glif":"adieresis.glif","ae.glif":"ae.glif","agrave.glif":"agrave.glif","ampersand.glif":"ampersand.glif","aring.glif":"aring.glif","asciicircum.glif":"asciicircum.glif","asciitilde.glif":"asciitilde.glif","asterisk.glif":"asterisk.glif","at.glif":"at.glif","atilde.glif":"atilde.glif","b.glif":"b.glif","backslash.glif":"backslash.glif","bar.glif":"bar.glif","braceleft.glif":"braceleft.glif","braceright.glif":"braceright.glif","bracketleft.glif":"bracketleft.glif","bracketright.glif":"bracketright.glif","bullet.glif":"bullet.glif","c.glif":"c.glif","ccedilla.glif":"ccedilla.glif","cent.glif":"cent.glif","circumflex.glif":"circumflex.glif","colon.glif":"colon.glif","comma.glif":"comma.glif","contents.plist":"contents.plist","copyright.glif":"copyright.glif","d.glif":"d.glif","dagger.glif":"dagger.glif","dieresis.glif":"dieresis.glif","divide.glif":"divide.glif","dollar.glif":"dollar.glif","dotlessi.glif":"dotlessi.glif","e.glif":"e.glif","eacute.glif":"eacute.glif","ecircumflex.glif":"ecircumflex.glif","edieresis.glif":"edieresis.glif","egrave.glif":"egrave.glif","eight.glif":"eight.glif","emdash.glif":"emdash.glif","endash.glif":"endash.glif","equal.glif":"equal.glif","exclam.glif":"exclam.glif","f.glif":"f.glif","fi.glif":"fi.glif","five.glif":"five.glif","fl.glif":"fl.glif","florin.glif":"florin.glif","four.glif":"four.glif","fraction.glif":"fraction.glif","g.glif":"g.glif","germandbls.glif":"germandbls.glif","grave.glif":"grave.glif","greater.glif":"greater.glif","guillemotleft.glif":"guillemotleft.glif","guillemotright.glif":"guillemotright.glif","guilsinglleft.glif":"guilsinglleft.glif","guilsinglright.glif":"guilsinglright.glif","h.glif":"h.glif","hyphen.glif":"hyphen.glif","i.glif":"i.glif","iacute.glif":"iacute.glif","icircumflex.glif":"icircumflex.glif","idieresis.glif":"idieresis.glif","igrave.glif":"igrave.glif","infinity.glif":"infinity.glif","j.glif":"j.glif","k.glif":"k.glif","l.glif":"l.glif","less.glif":"less.glif","m.glif":"m.glif","n.glif":"n.glif","nine.glif":"nine.glif","notequal.glif":"notequal.glif","ntilde.glif":"ntilde.glif","numbersign.glif":"numbersign.glif","o.glif":"o.glif","oacute.glif":"oacute.glif","ocircumflex.glif":"ocircumflex.glif","odieresis.glif":"odieresis.glif","oe.glif":"oe.glif","ograve.glif":"ograve.glif","one.glif":"one.glif","ordmasculine.glif":"ordmasculine.glif","oslash.glif":"oslash.glif","otilde.glif":"otilde.glif","p.glif":"p.glif","parenleft.glif":"parenleft.glif","parenright.glif":"parenright.glif","percent.glif":"percent.glif","period.glif":"period.glif","periodcentered.glif":"periodcentered.glif","plus.glif":"plus.glif","plusminus.glif":"plusminus.glif","product.glif":"product.glif","q.glif":"q.glif","question.glif":"question.glif","questiondown.glif":"questiondown.glif","quotedbl.glif":"quotedbl.glif","quotedblleft.glif":"quotedblleft.glif","quotedblright.glif":"quotedblright.glif","quoteleft.glif":"quoteleft.glif","quoteright.glif":"quoteright.glif","quotesinglbase.glif":"quotesinglbase.glif","quotesingle.glif":"quotesingle.glif","r.glif":"r.glif","radical.glif":"radical.glif","registered.glif":"registered.glif","ring.glif":"ring.glif","s.glif":"s.glif","semicolon.glif":"semicolon.glif","seven.glif":"seven.glif","six.glif":"six.glif","slash.glif":"slash.glif","space.glif":"space.glif","sterling.glif":"sterling.glif","t.glif":"t.glif","three.glif":"three.glif","tilde.glif":"tilde.glif","trademark.glif":"trademark.glif","two.glif":"two.glif","u.glif":"u.glif","uacute.glif":"uacute.glif","ucircumflex.glif":"ucircumflex.glif","udieresis.glif":"udieresis.glif","ugrave.glif":"ugrave.glif","underscore.glif":"underscore.glif","v.glif":"v.glif","w.glif":"w.glif","x.glif":"x.glif","y.glif":"y.glif","ydieresis.glif":"ydieresis.glif","z.glif":"z.glif","zero.glif":"zero.glif"}},"Font":{"uploaded":1472281681.1536,"licence":"gpl3","company":"Chronolabs Cooperative","title":"Onyx MT","version":2.001,"date":"Fri Aug 12 10:00:37 2016","creator":"root","type":"1","matrix":"0.001 0 0 0.001 0 0","named":"OnyxMT","painttype":"0","info":"10 dict dup","name":"Onyx MT","family":"Onyx MT","weight":"Regular","fstype":"0","italicangle":"0","underlineposition":"","underlinethickness":""},"Table":{"FFTM":{"entryLength":16,"tag":"FFTM","checksum":1944266868,"offset":32224,"length":28},"GDEF":{"entryLength":16,"tag":"GDEF","checksum":15663110,"offset":32192,"length":32},"OS\/2":{"entryLength":16,"tag":"OS\/2","checksum":1462639405,"offset":344,"length":86},"cmap":{"entryLength":16,"tag":"cmap","checksum":3197257209,"offset":1208,"length":612},"gasp":{"entryLength":16,"tag":"gasp","checksum":4294901763,"offset":32184,"length":8},"glyf":{"entryLength":16,"tag":"glyf","checksum":558086746,"offset":2212,"length":28876},"head":{"entryLength":16,"tag":"head","checksum":173745437,"offset":220,"length":54},"hhea":{"entryLength":16,"tag":"hhea","checksum":126681952,"offset":276,"length":36},"hmtx":{"entryLength":16,"tag":"hmtx","checksum":674698356,"offset":432,"length":776},"loca":{"entryLength":16,"tag":"loca","checksum":415497300,"offset":1820,"length":390},"maxp":{"entryLength":16,"tag":"maxp","checksum":17301633,"offset":312,"length":32},"name":{"entryLength":16,"tag":"name","checksum":1840004432,"offset":31088,"length":669},"post":{"entryLength":16,"tag":"post","checksum":652355304,"offset":31760,"length":422}},"UnicodeCharMap":{"32":3,"33":4,"34":5,"35":6,"36":7,"37":8,"38":9,"39":10,"40":11,"41":12,"42":13,"43":14,"44":15,"45":16,"46":17,"47":18,"48":19,"49":20,"50":21,"51":22,"52":23,"53":24,"54":25,"55":26,"56":27,"57":28,"58":29,"59":30,"60":31,"61":32,"62":33,"63":34,"64":35,"65":36,"66":37,"67":38,"68":39,"69":40,"70":41,"71":42,"72":43,"73":44,"74":45,"75":46,"76":47,"77":48,"78":49,"79":50,"80":51,"81":52,"82":53,"83":54,"84":55,"85":56,"86":57,"87":58,"88":59,"89":60,"90":61,"91":62,"92":63,"93":64,"94":65,"95":66,"96":67,"97":68,"98":69,"99":70,"100":71,"101":72,"102":73,"103":74,"104":75,"105":76,"106":77,"107":78,"108":79,"109":80,"110":81,"111":82,"112":83,"113":84,"114":85,"115":86,"116":87,"117":88,"118":89,"119":90,"120":91,"121":92,"122":93,"123":94,"124":95,"125":96,"126":97,"162":98,"163":99,"168":100,"169":101,"171":102,"174":103,"177":104,"180":105,"183":106,"186":107,"187":108,"191":109,"192":110,"193":111,"194":112,"195":113,"196":114,"197":115,"198":116,"199":117,"200":118,"201":119,"202":120,"203":121,"204":122,"205":123,"206":124,"207":125,"209":126,"210":127,"211":128,"212":129,"213":130,"214":131,"216":132,"217":133,"218":134,"219":135,"220":136,"223":137,"224":138,"225":139,"226":140,"227":141,"228":142,"229":143,"230":144,"231":145,"232":146,"233":147,"234":148,"235":149,"236":150,"237":151,"238":152,"239":153,"241":154,"242":155,"243":156,"244":157,"245":158,"246":159,"247":160,"248":161,"249":162,"250":163,"251":164,"252":165,"255":166,"305":186,"338":185,"339":187,"376":193,"402":170,"710":181,"730":183,"732":182,"8211":176,"8212":184,"8216":168,"8217":167,"8218":179,"8220":171,"8221":180,"8224":177,"8226":178,"8249":172,"8250":173,"8260":169,"8482":188,"8719":191,"8730":192,"8734":190,"8800":189,"64257":174,"64258":175},"Reserves":null,"Names":[],"Nodes":{"op":{"type":"typal","node":"op","usage":1,"weight":1},"le":{"type":"typal","node":"le","usage":1,"weight":1},"opt":{"type":"typal","node":"opt","usage":1,"weight":1},"ile":{"type":"typal","node":"ile","usage":1,"weight":1},"opti":{"type":"keys","node":"opti","usage":1,"weight":1},"nile":{"type":"keys","node":"nile","usage":1,"weight":1},"optic":{"type":"keys","node":"optic","usage":1,"weight":1},"anile":{"type":"keys","node":"anile","usage":1,"weight":1},"opticampanile":{"type":"fixes","node":"opticampanile","usage":1,"weight":1}},"Contributors":[],"FontIdentity":"147a2fcf35873edd50a0aacf1fefd0a4","Bytes":2964505,"Networking":[],"barcode":"sugwesaigy57m","referee":"e2yyq"}