{"CSS":{"Eremitage":"Eremitage.css"},"FontType":"TrueType","FontCopyright":"N\/A","FontName":"Eremitage","FontSubfamily":"Medium","FontSubfamilyID":"FontForge 2.0 : Eremitage : 14-8-2016","FontFullName":"Eremitage","FontVersion":"Version 001.001 ","FontWeight":null,"FontPostscriptName":"Eremitage","Files":{"\/fonts\/Unpacking\/39ae1df4f2b3f25ccd797d59182c87c435fb7a08\/eremitage.afm":"\/fonts\/Unpacking\/39ae1df4f2b3f25ccd797d59182c87c435fb7a08\/eremitage.afm","\/fonts\/Unpacking\/39ae1df4f2b3f25ccd797d59182c87c435fb7a08\/eremitage.bin":"\/fonts\/Unpacking\/39ae1df4f2b3f25ccd797d59182c87c435fb7a08\/eremitage.bin","\/fonts\/Unpacking\/39ae1df4f2b3f25ccd797d59182c87c435fb7a08\/eremitage.cef":"\/fonts\/Unpacking\/39ae1df4f2b3f25ccd797d59182c87c435fb7a08\/eremitage.cef","\/fonts\/Unpacking\/39ae1df4f2b3f25ccd797d59182c87c435fb7a08\/eremitage.cff":"\/fonts\/Unpacking\/39ae1df4f2b3f25ccd797d59182c87c435fb7a08\/eremitage.cff","\/fonts\/Unpacking\/39ae1df4f2b3f25ccd797d59182c87c435fb7a08\/eremitage.cid":"\/fonts\/Unpacking\/39ae1df4f2b3f25ccd797d59182c87c435fb7a08\/eremitage.cid","\/fonts\/Unpacking\/39ae1df4f2b3f25ccd797d59182c87c435fb7a08\/eremitage.dfont":"\/fonts\/Unpacking\/39ae1df4f2b3f25ccd797d59182c87c435fb7a08\/eremitage.dfont","\/fonts\/Unpacking\/39ae1df4f2b3f25ccd797d59182c87c435fb7a08\/eremitage.eot":"\/fonts\/Unpacking\/39ae1df4f2b3f25ccd797d59182c87c435fb7a08\/eremitage.eot","\/fonts\/Unpacking\/39ae1df4f2b3f25ccd797d59182c87c435fb7a08\/eremitage.fon":"\/fonts\/Unpacking\/39ae1df4f2b3f25ccd797d59182c87c435fb7a08\/eremitage.fon","\/fonts\/Unpacking\/39ae1df4f2b3f25ccd797d59182c87c435fb7a08\/eremitage.gai":"\/fonts\/Unpacking\/39ae1df4f2b3f25ccd797d59182c87c435fb7a08\/eremitage.gai","\/fonts\/Unpacking\/39ae1df4f2b3f25ccd797d59182c87c435fb7a08\/eremitage.gsf":"\/fonts\/Unpacking\/39ae1df4f2b3f25ccd797d59182c87c435fb7a08\/eremitage.gsf","\/fonts\/Unpacking\/39ae1df4f2b3f25ccd797d59182c87c435fb7a08\/eremitage.hqx":"\/fonts\/Unpacking\/39ae1df4f2b3f25ccd797d59182c87c435fb7a08\/eremitage.hqx","\/fonts\/Unpacking\/39ae1df4f2b3f25ccd797d59182c87c435fb7a08\/eremitage.ik":"\/fonts\/Unpacking\/39ae1df4f2b3f25ccd797d59182c87c435fb7a08\/eremitage.ik","\/fonts\/Unpacking\/39ae1df4f2b3f25ccd797d59182c87c435fb7a08\/eremitage.mf":"\/fonts\/Unpacking\/39ae1df4f2b3f25ccd797d59182c87c435fb7a08\/eremitage.mf","\/fonts\/Unpacking\/39ae1df4f2b3f25ccd797d59182c87c435fb7a08\/eremitage.otf":"\/fonts\/Unpacking\/39ae1df4f2b3f25ccd797d59182c87c435fb7a08\/eremitage.otf","\/fonts\/Unpacking\/39ae1df4f2b3f25ccd797d59182c87c435fb7a08\/eremitage.pcf":"\/fonts\/Unpacking\/39ae1df4f2b3f25ccd797d59182c87c435fb7a08\/eremitage.pcf","\/fonts\/Unpacking\/39ae1df4f2b3f25ccd797d59182c87c435fb7a08\/eremitage.pf3":"\/fonts\/Unpacking\/39ae1df4f2b3f25ccd797d59182c87c435fb7a08\/eremitage.pf3","\/fonts\/Unpacking\/39ae1df4f2b3f25ccd797d59182c87c435fb7a08\/eremitage.pfa":"\/fonts\/Unpacking\/39ae1df4f2b3f25ccd797d59182c87c435fb7a08\/eremitage.pfa","\/fonts\/Unpacking\/39ae1df4f2b3f25ccd797d59182c87c435fb7a08\/eremitage.pfb":"\/fonts\/Unpacking\/39ae1df4f2b3f25ccd797d59182c87c435fb7a08\/eremitage.pfb","\/fonts\/Unpacking\/39ae1df4f2b3f25ccd797d59182c87c435fb7a08\/eremitage.php":"\/fonts\/Unpacking\/39ae1df4f2b3f25ccd797d59182c87c435fb7a08\/eremitage.php","\/fonts\/Unpacking\/39ae1df4f2b3f25ccd797d59182c87c435fb7a08\/eremitage.pmf":"\/fonts\/Unpacking\/39ae1df4f2b3f25ccd797d59182c87c435fb7a08\/eremitage.pmf","\/fonts\/Unpacking\/39ae1df4f2b3f25ccd797d59182c87c435fb7a08\/eremitage.pt3":"\/fonts\/Unpacking\/39ae1df4f2b3f25ccd797d59182c87c435fb7a08\/eremitage.pt3","\/fonts\/Unpacking\/39ae1df4f2b3f25ccd797d59182c87c435fb7a08\/eremitage.sfd":"\/fonts\/Unpacking\/39ae1df4f2b3f25ccd797d59182c87c435fb7a08\/eremitage.sfd","\/fonts\/Unpacking\/39ae1df4f2b3f25ccd797d59182c87c435fb7a08\/eremitage.svg":"\/fonts\/Unpacking\/39ae1df4f2b3f25ccd797d59182c87c435fb7a08\/eremitage.svg","\/fonts\/Unpacking\/39ae1df4f2b3f25ccd797d59182c87c435fb7a08\/eremitage.t42":"\/fonts\/Unpacking\/39ae1df4f2b3f25ccd797d59182c87c435fb7a08\/eremitage.t42","\/fonts\/Unpacking\/39ae1df4f2b3f25ccd797d59182c87c435fb7a08\/eremitage.ttd":"\/fonts\/Unpacking\/39ae1df4f2b3f25ccd797d59182c87c435fb7a08\/eremitage.ttd","\/fonts\/Unpacking\/39ae1df4f2b3f25ccd797d59182c87c435fb7a08\/eremitage.ttf":"\/fonts\/Unpacking\/39ae1df4f2b3f25ccd797d59182c87c435fb7a08\/eremitage.ttf","\/fonts\/Unpacking\/39ae1df4f2b3f25ccd797d59182c87c435fb7a08\/eremitage.ttg":"\/fonts\/Unpacking\/39ae1df4f2b3f25ccd797d59182c87c435fb7a08\/eremitage.ttg","\/fonts\/Unpacking\/39ae1df4f2b3f25ccd797d59182c87c435fb7a08\/eremitage.ufm":"\/fonts\/Unpacking\/39ae1df4f2b3f25ccd797d59182c87c435fb7a08\/eremitage.ufm","\/fonts\/Unpacking\/39ae1df4f2b3f25ccd797d59182c87c435fb7a08\/eremitage.woff":"\/fonts\/Unpacking\/39ae1df4f2b3f25ccd797d59182c87c435fb7a08\/eremitage.woff","\/fonts\/Unpacking\/39ae1df4f2b3f25ccd797d59182c87c435fb7a08\/eremitage.z":"\/fonts\/Unpacking\/39ae1df4f2b3f25ccd797d59182c87c435fb7a08\/eremitage.z","\/fonts\/Unpacking\/39ae1df4f2b3f25ccd797d59182c87c435fb7a08\/eremitage.ufo\/feature.fea":"\/fonts\/Unpacking\/39ae1df4f2b3f25ccd797d59182c87c435fb7a08\/eremitage.ufo\/feature.fea","\/fonts\/Unpacking\/39ae1df4f2b3f25ccd797d59182c87c435fb7a08\/eremitage.ufo\/fontinfo.plist":"\/fonts\/Unpacking\/39ae1df4f2b3f25ccd797d59182c87c435fb7a08\/eremitage.ufo\/fontinfo.plist","\/fonts\/Unpacking\/39ae1df4f2b3f25ccd797d59182c87c435fb7a08\/eremitage.ufo\/groups.plist":"\/fonts\/Unpacking\/39ae1df4f2b3f25ccd797d59182c87c435fb7a08\/eremitage.ufo\/groups.plist","\/fonts\/Unpacking\/39ae1df4f2b3f25ccd797d59182c87c435fb7a08\/eremitage.ufo\/kerning.plist":"\/fonts\/Unpacking\/39ae1df4f2b3f25ccd797d59182c87c435fb7a08\/eremitage.ufo\/kerning.plist","\/fonts\/Unpacking\/39ae1df4f2b3f25ccd797d59182c87c435fb7a08\/eremitage.ufo\/metainfo.plist":"\/fonts\/Unpacking\/39ae1df4f2b3f25ccd797d59182c87c435fb7a08\/eremitage.ufo\/metainfo.plist","\/fonts\/Unpacking\/39ae1df4f2b3f25ccd797d59182c87c435fb7a08\/eremitage.ufo\/glyphs\/A_.glif":"\/fonts\/Unpacking\/39ae1df4f2b3f25ccd797d59182c87c435fb7a08\/eremitage.ufo\/glyphs\/A_.glif","\/fonts\/Unpacking\/39ae1df4f2b3f25ccd797d59182c87c435fb7a08\/eremitage.ufo\/glyphs\/A_E_.glif":"\/fonts\/Unpacking\/39ae1df4f2b3f25ccd797d59182c87c435fb7a08\/eremitage.ufo\/glyphs\/A_E_.glif","\/fonts\/Unpacking\/39ae1df4f2b3f25ccd797d59182c87c435fb7a08\/eremitage.ufo\/glyphs\/A_acute.glif":"\/fonts\/Unpacking\/39ae1df4f2b3f25ccd797d59182c87c435fb7a08\/eremitage.ufo\/glyphs\/A_acute.glif","\/fonts\/Unpacking\/39ae1df4f2b3f25ccd797d59182c87c435fb7a08\/eremitage.ufo\/glyphs\/A_circumflex.glif":"\/fonts\/Unpacking\/39ae1df4f2b3f25ccd797d59182c87c435fb7a08\/eremitage.ufo\/glyphs\/A_circumflex.glif","\/fonts\/Unpacking\/39ae1df4f2b3f25ccd797d59182c87c435fb7a08\/eremitage.ufo\/glyphs\/A_dieresis.glif":"\/fonts\/Unpacking\/39ae1df4f2b3f25ccd797d59182c87c435fb7a08\/eremitage.ufo\/glyphs\/A_dieresis.glif","\/fonts\/Unpacking\/39ae1df4f2b3f25ccd797d59182c87c435fb7a08\/eremitage.ufo\/glyphs\/A_grave.glif":"\/fonts\/Unpacking\/39ae1df4f2b3f25ccd797d59182c87c435fb7a08\/eremitage.ufo\/glyphs\/A_grave.glif","\/fonts\/Unpacking\/39ae1df4f2b3f25ccd797d59182c87c435fb7a08\/eremitage.ufo\/glyphs\/A_ring.glif":"\/fonts\/Unpacking\/39ae1df4f2b3f25ccd797d59182c87c435fb7a08\/eremitage.ufo\/glyphs\/A_ring.glif","\/fonts\/Unpacking\/39ae1df4f2b3f25ccd797d59182c87c435fb7a08\/eremitage.ufo\/glyphs\/A_tilde.glif":"\/fonts\/Unpacking\/39ae1df4f2b3f25ccd797d59182c87c435fb7a08\/eremitage.ufo\/glyphs\/A_tilde.glif","\/fonts\/Unpacking\/39ae1df4f2b3f25ccd797d59182c87c435fb7a08\/eremitage.ufo\/glyphs\/B_.glif":"\/fonts\/Unpacking\/39ae1df4f2b3f25ccd797d59182c87c435fb7a08\/eremitage.ufo\/glyphs\/B_.glif","\/fonts\/Unpacking\/39ae1df4f2b3f25ccd797d59182c87c435fb7a08\/eremitage.ufo\/glyphs\/C_.glif":"\/fonts\/Unpacking\/39ae1df4f2b3f25ccd797d59182c87c435fb7a08\/eremitage.ufo\/glyphs\/C_.glif","\/fonts\/Unpacking\/39ae1df4f2b3f25ccd797d59182c87c435fb7a08\/eremitage.ufo\/glyphs\/C_cedilla.glif":"\/fonts\/Unpacking\/39ae1df4f2b3f25ccd797d59182c87c435fb7a08\/eremitage.ufo\/glyphs\/C_cedilla.glif","\/fonts\/Unpacking\/39ae1df4f2b3f25ccd797d59182c87c435fb7a08\/eremitage.ufo\/glyphs\/D_.glif":"\/fonts\/Unpacking\/39ae1df4f2b3f25ccd797d59182c87c435fb7a08\/eremitage.ufo\/glyphs\/D_.glif","\/fonts\/Unpacking\/39ae1df4f2b3f25ccd797d59182c87c435fb7a08\/eremitage.ufo\/glyphs\/E_.glif":"\/fonts\/Unpacking\/39ae1df4f2b3f25ccd797d59182c87c435fb7a08\/eremitage.ufo\/glyphs\/E_.glif","\/fonts\/Unpacking\/39ae1df4f2b3f25ccd797d59182c87c435fb7a08\/eremitage.ufo\/glyphs\/E_acute.glif":"\/fonts\/Unpacking\/39ae1df4f2b3f25ccd797d59182c87c435fb7a08\/eremitage.ufo\/glyphs\/E_acute.glif","\/fonts\/Unpacking\/39ae1df4f2b3f25ccd797d59182c87c435fb7a08\/eremitage.ufo\/glyphs\/E_circumflex.glif":"\/fonts\/Unpacking\/39ae1df4f2b3f25ccd797d59182c87c435fb7a08\/eremitage.ufo\/glyphs\/E_circumflex.glif","\/fonts\/Unpacking\/39ae1df4f2b3f25ccd797d59182c87c435fb7a08\/eremitage.ufo\/glyphs\/E_dieresis.glif":"\/fonts\/Unpacking\/39ae1df4f2b3f25ccd797d59182c87c435fb7a08\/eremitage.ufo\/glyphs\/E_dieresis.glif","\/fonts\/Unpacking\/39ae1df4f2b3f25ccd797d59182c87c435fb7a08\/eremitage.ufo\/glyphs\/E_grave.glif":"\/fonts\/Unpacking\/39ae1df4f2b3f25ccd797d59182c87c435fb7a08\/eremitage.ufo\/glyphs\/E_grave.glif","\/fonts\/Unpacking\/39ae1df4f2b3f25ccd797d59182c87c435fb7a08\/eremitage.ufo\/glyphs\/F_.glif":"\/fonts\/Unpacking\/39ae1df4f2b3f25ccd797d59182c87c435fb7a08\/eremitage.ufo\/glyphs\/F_.glif","\/fonts\/Unpacking\/39ae1df4f2b3f25ccd797d59182c87c435fb7a08\/eremitage.ufo\/glyphs\/G_.glif":"\/fonts\/Unpacking\/39ae1df4f2b3f25ccd797d59182c87c435fb7a08\/eremitage.ufo\/glyphs\/G_.glif","\/fonts\/Unpacking\/39ae1df4f2b3f25ccd797d59182c87c435fb7a08\/eremitage.ufo\/glyphs\/H_.glif":"\/fonts\/Unpacking\/39ae1df4f2b3f25ccd797d59182c87c435fb7a08\/eremitage.ufo\/glyphs\/H_.glif","\/fonts\/Unpacking\/39ae1df4f2b3f25ccd797d59182c87c435fb7a08\/eremitage.ufo\/glyphs\/I_.glif":"\/fonts\/Unpacking\/39ae1df4f2b3f25ccd797d59182c87c435fb7a08\/eremitage.ufo\/glyphs\/I_.glif","\/fonts\/Unpacking\/39ae1df4f2b3f25ccd797d59182c87c435fb7a08\/eremitage.ufo\/glyphs\/I_acute.glif":"\/fonts\/Unpacking\/39ae1df4f2b3f25ccd797d59182c87c435fb7a08\/eremitage.ufo\/glyphs\/I_acute.glif","\/fonts\/Unpacking\/39ae1df4f2b3f25ccd797d59182c87c435fb7a08\/eremitage.ufo\/glyphs\/I_circumflex.glif":"\/fonts\/Unpacking\/39ae1df4f2b3f25ccd797d59182c87c435fb7a08\/eremitage.ufo\/glyphs\/I_circumflex.glif","\/fonts\/Unpacking\/39ae1df4f2b3f25ccd797d59182c87c435fb7a08\/eremitage.ufo\/glyphs\/I_dieresis.glif":"\/fonts\/Unpacking\/39ae1df4f2b3f25ccd797d59182c87c435fb7a08\/eremitage.ufo\/glyphs\/I_dieresis.glif","\/fonts\/Unpacking\/39ae1df4f2b3f25ccd797d59182c87c435fb7a08\/eremitage.ufo\/glyphs\/I_grave.glif":"\/fonts\/Unpacking\/39ae1df4f2b3f25ccd797d59182c87c435fb7a08\/eremitage.ufo\/glyphs\/I_grave.glif","\/fonts\/Unpacking\/39ae1df4f2b3f25ccd797d59182c87c435fb7a08\/eremitage.ufo\/glyphs\/J_.glif":"\/fonts\/Unpacking\/39ae1df4f2b3f25ccd797d59182c87c435fb7a08\/eremitage.ufo\/glyphs\/J_.glif","\/fonts\/Unpacking\/39ae1df4f2b3f25ccd797d59182c87c435fb7a08\/eremitage.ufo\/glyphs\/K_.glif":"\/fonts\/Unpacking\/39ae1df4f2b3f25ccd797d59182c87c435fb7a08\/eremitage.ufo\/glyphs\/K_.glif","\/fonts\/Unpacking\/39ae1df4f2b3f25ccd797d59182c87c435fb7a08\/eremitage.ufo\/glyphs\/L_.glif":"\/fonts\/Unpacking\/39ae1df4f2b3f25ccd797d59182c87c435fb7a08\/eremitage.ufo\/glyphs\/L_.glif","\/fonts\/Unpacking\/39ae1df4f2b3f25ccd797d59182c87c435fb7a08\/eremitage.ufo\/glyphs\/M_.glif":"\/fonts\/Unpacking\/39ae1df4f2b3f25ccd797d59182c87c435fb7a08\/eremitage.ufo\/glyphs\/M_.glif","\/fonts\/Unpacking\/39ae1df4f2b3f25ccd797d59182c87c435fb7a08\/eremitage.ufo\/glyphs\/N_.glif":"\/fonts\/Unpacking\/39ae1df4f2b3f25ccd797d59182c87c435fb7a08\/eremitage.ufo\/glyphs\/N_.glif","\/fonts\/Unpacking\/39ae1df4f2b3f25ccd797d59182c87c435fb7a08\/eremitage.ufo\/glyphs\/N_tilde.glif":"\/fonts\/Unpacking\/39ae1df4f2b3f25ccd797d59182c87c435fb7a08\/eremitage.ufo\/glyphs\/N_tilde.glif","\/fonts\/Unpacking\/39ae1df4f2b3f25ccd797d59182c87c435fb7a08\/eremitage.ufo\/glyphs\/O_.glif":"\/fonts\/Unpacking\/39ae1df4f2b3f25ccd797d59182c87c435fb7a08\/eremitage.ufo\/glyphs\/O_.glif","\/fonts\/Unpacking\/39ae1df4f2b3f25ccd797d59182c87c435fb7a08\/eremitage.ufo\/glyphs\/O_E_.glif":"\/fonts\/Unpacking\/39ae1df4f2b3f25ccd797d59182c87c435fb7a08\/eremitage.ufo\/glyphs\/O_E_.glif","\/fonts\/Unpacking\/39ae1df4f2b3f25ccd797d59182c87c435fb7a08\/eremitage.ufo\/glyphs\/O_acute.glif":"\/fonts\/Unpacking\/39ae1df4f2b3f25ccd797d59182c87c435fb7a08\/eremitage.ufo\/glyphs\/O_acute.glif","\/fonts\/Unpacking\/39ae1df4f2b3f25ccd797d59182c87c435fb7a08\/eremitage.ufo\/glyphs\/O_circumflex.glif":"\/fonts\/Unpacking\/39ae1df4f2b3f25ccd797d59182c87c435fb7a08\/eremitage.ufo\/glyphs\/O_circumflex.glif","\/fonts\/Unpacking\/39ae1df4f2b3f25ccd797d59182c87c435fb7a08\/eremitage.ufo\/glyphs\/O_dieresis.glif":"\/fonts\/Unpacking\/39ae1df4f2b3f25ccd797d59182c87c435fb7a08\/eremitage.ufo\/glyphs\/O_dieresis.glif","\/fonts\/Unpacking\/39ae1df4f2b3f25ccd797d59182c87c435fb7a08\/eremitage.ufo\/glyphs\/O_grave.glif":"\/fonts\/Unpacking\/39ae1df4f2b3f25ccd797d59182c87c435fb7a08\/eremitage.ufo\/glyphs\/O_grave.glif","\/fonts\/Unpacking\/39ae1df4f2b3f25ccd797d59182c87c435fb7a08\/eremitage.ufo\/glyphs\/O_slash.glif":"\/fonts\/Unpacking\/39ae1df4f2b3f25ccd797d59182c87c435fb7a08\/eremitage.ufo\/glyphs\/O_slash.glif","\/fonts\/Unpacking\/39ae1df4f2b3f25ccd797d59182c87c435fb7a08\/eremitage.ufo\/glyphs\/O_tilde.glif":"\/fonts\/Unpacking\/39ae1df4f2b3f25ccd797d59182c87c435fb7a08\/eremitage.ufo\/glyphs\/O_tilde.glif","\/fonts\/Unpacking\/39ae1df4f2b3f25ccd797d59182c87c435fb7a08\/eremitage.ufo\/glyphs\/P_.glif":"\/fonts\/Unpacking\/39ae1df4f2b3f25ccd797d59182c87c435fb7a08\/eremitage.ufo\/glyphs\/P_.glif","\/fonts\/Unpacking\/39ae1df4f2b3f25ccd797d59182c87c435fb7a08\/eremitage.ufo\/glyphs\/Q_.glif":"\/fonts\/Unpacking\/39ae1df4f2b3f25ccd797d59182c87c435fb7a08\/eremitage.ufo\/glyphs\/Q_.glif","\/fonts\/Unpacking\/39ae1df4f2b3f25ccd797d59182c87c435fb7a08\/eremitage.ufo\/glyphs\/R_.glif":"\/fonts\/Unpacking\/39ae1df4f2b3f25ccd797d59182c87c435fb7a08\/eremitage.ufo\/glyphs\/R_.glif","\/fonts\/Unpacking\/39ae1df4f2b3f25ccd797d59182c87c435fb7a08\/eremitage.ufo\/glyphs\/S_.glif":"\/fonts\/Unpacking\/39ae1df4f2b3f25ccd797d59182c87c435fb7a08\/eremitage.ufo\/glyphs\/S_.glif","\/fonts\/Unpacking\/39ae1df4f2b3f25ccd797d59182c87c435fb7a08\/eremitage.ufo\/glyphs\/T_.glif":"\/fonts\/Unpacking\/39ae1df4f2b3f25ccd797d59182c87c435fb7a08\/eremitage.ufo\/glyphs\/T_.glif","\/fonts\/Unpacking\/39ae1df4f2b3f25ccd797d59182c87c435fb7a08\/eremitage.ufo\/glyphs\/U_.glif":"\/fonts\/Unpacking\/39ae1df4f2b3f25ccd797d59182c87c435fb7a08\/eremitage.ufo\/glyphs\/U_.glif","\/fonts\/Unpacking\/39ae1df4f2b3f25ccd797d59182c87c435fb7a08\/eremitage.ufo\/glyphs\/U_acute.glif":"\/fonts\/Unpacking\/39ae1df4f2b3f25ccd797d59182c87c435fb7a08\/eremitage.ufo\/glyphs\/U_acute.glif","\/fonts\/Unpacking\/39ae1df4f2b3f25ccd797d59182c87c435fb7a08\/eremitage.ufo\/glyphs\/U_circumflex.glif":"\/fonts\/Unpacking\/39ae1df4f2b3f25ccd797d59182c87c435fb7a08\/eremitage.ufo\/glyphs\/U_circumflex.glif","\/fonts\/Unpacking\/39ae1df4f2b3f25ccd797d59182c87c435fb7a08\/eremitage.ufo\/glyphs\/U_dieresis.glif":"\/fonts\/Unpacking\/39ae1df4f2b3f25ccd797d59182c87c435fb7a08\/eremitage.ufo\/glyphs\/U_dieresis.glif","\/fonts\/Unpacking\/39ae1df4f2b3f25ccd797d59182c87c435fb7a08\/eremitage.ufo\/glyphs\/U_grave.glif":"\/fonts\/Unpacking\/39ae1df4f2b3f25ccd797d59182c87c435fb7a08\/eremitage.ufo\/glyphs\/U_grave.glif","\/fonts\/Unpacking\/39ae1df4f2b3f25ccd797d59182c87c435fb7a08\/eremitage.ufo\/glyphs\/V_.glif":"\/fonts\/Unpacking\/39ae1df4f2b3f25ccd797d59182c87c435fb7a08\/eremitage.ufo\/glyphs\/V_.glif","\/fonts\/Unpacking\/39ae1df4f2b3f25ccd797d59182c87c435fb7a08\/eremitage.ufo\/glyphs\/W_.glif":"\/fonts\/Unpacking\/39ae1df4f2b3f25ccd797d59182c87c435fb7a08\/eremitage.ufo\/glyphs\/W_.glif","\/fonts\/Unpacking\/39ae1df4f2b3f25ccd797d59182c87c435fb7a08\/eremitage.ufo\/glyphs\/X_.glif":"\/fonts\/Unpacking\/39ae1df4f2b3f25ccd797d59182c87c435fb7a08\/eremitage.ufo\/glyphs\/X_.glif","\/fonts\/Unpacking\/39ae1df4f2b3f25ccd797d59182c87c435fb7a08\/eremitage.ufo\/glyphs\/Y_.glif":"\/fonts\/Unpacking\/39ae1df4f2b3f25ccd797d59182c87c435fb7a08\/eremitage.ufo\/glyphs\/Y_.glif","\/fonts\/Unpacking\/39ae1df4f2b3f25ccd797d59182c87c435fb7a08\/eremitage.ufo\/glyphs\/Y_dieresis.glif":"\/fonts\/Unpacking\/39ae1df4f2b3f25ccd797d59182c87c435fb7a08\/eremitage.ufo\/glyphs\/Y_dieresis.glif","\/fonts\/Unpacking\/39ae1df4f2b3f25ccd797d59182c87c435fb7a08\/eremitage.ufo\/glyphs\/Z_.glif":"\/fonts\/Unpacking\/39ae1df4f2b3f25ccd797d59182c87c435fb7a08\/eremitage.ufo\/glyphs\/Z_.glif","\/fonts\/Unpacking\/39ae1df4f2b3f25ccd797d59182c87c435fb7a08\/eremitage.ufo\/glyphs\/a.glif":"\/fonts\/Unpacking\/39ae1df4f2b3f25ccd797d59182c87c435fb7a08\/eremitage.ufo\/glyphs\/a.glif","\/fonts\/Unpacking\/39ae1df4f2b3f25ccd797d59182c87c435fb7a08\/eremitage.ufo\/glyphs\/aacute.glif":"\/fonts\/Unpacking\/39ae1df4f2b3f25ccd797d59182c87c435fb7a08\/eremitage.ufo\/glyphs\/aacute.glif","\/fonts\/Unpacking\/39ae1df4f2b3f25ccd797d59182c87c435fb7a08\/eremitage.ufo\/glyphs\/acircumflex.glif":"\/fonts\/Unpacking\/39ae1df4f2b3f25ccd797d59182c87c435fb7a08\/eremitage.ufo\/glyphs\/acircumflex.glif","\/fonts\/Unpacking\/39ae1df4f2b3f25ccd797d59182c87c435fb7a08\/eremitage.ufo\/glyphs\/acute.glif":"\/fonts\/Unpacking\/39ae1df4f2b3f25ccd797d59182c87c435fb7a08\/eremitage.ufo\/glyphs\/acute.glif","\/fonts\/Unpacking\/39ae1df4f2b3f25ccd797d59182c87c435fb7a08\/eremitage.ufo\/glyphs\/adieresis.glif":"\/fonts\/Unpacking\/39ae1df4f2b3f25ccd797d59182c87c435fb7a08\/eremitage.ufo\/glyphs\/adieresis.glif","\/fonts\/Unpacking\/39ae1df4f2b3f25ccd797d59182c87c435fb7a08\/eremitage.ufo\/glyphs\/ae.glif":"\/fonts\/Unpacking\/39ae1df4f2b3f25ccd797d59182c87c435fb7a08\/eremitage.ufo\/glyphs\/ae.glif","\/fonts\/Unpacking\/39ae1df4f2b3f25ccd797d59182c87c435fb7a08\/eremitage.ufo\/glyphs\/agrave.glif":"\/fonts\/Unpacking\/39ae1df4f2b3f25ccd797d59182c87c435fb7a08\/eremitage.ufo\/glyphs\/agrave.glif","\/fonts\/Unpacking\/39ae1df4f2b3f25ccd797d59182c87c435fb7a08\/eremitage.ufo\/glyphs\/ampersand.glif":"\/fonts\/Unpacking\/39ae1df4f2b3f25ccd797d59182c87c435fb7a08\/eremitage.ufo\/glyphs\/ampersand.glif","\/fonts\/Unpacking\/39ae1df4f2b3f25ccd797d59182c87c435fb7a08\/eremitage.ufo\/glyphs\/aring.glif":"\/fonts\/Unpacking\/39ae1df4f2b3f25ccd797d59182c87c435fb7a08\/eremitage.ufo\/glyphs\/aring.glif","\/fonts\/Unpacking\/39ae1df4f2b3f25ccd797d59182c87c435fb7a08\/eremitage.ufo\/glyphs\/asciicircum.glif":"\/fonts\/Unpacking\/39ae1df4f2b3f25ccd797d59182c87c435fb7a08\/eremitage.ufo\/glyphs\/asciicircum.glif","\/fonts\/Unpacking\/39ae1df4f2b3f25ccd797d59182c87c435fb7a08\/eremitage.ufo\/glyphs\/asciitilde.glif":"\/fonts\/Unpacking\/39ae1df4f2b3f25ccd797d59182c87c435fb7a08\/eremitage.ufo\/glyphs\/asciitilde.glif","\/fonts\/Unpacking\/39ae1df4f2b3f25ccd797d59182c87c435fb7a08\/eremitage.ufo\/glyphs\/asterisk.glif":"\/fonts\/Unpacking\/39ae1df4f2b3f25ccd797d59182c87c435fb7a08\/eremitage.ufo\/glyphs\/asterisk.glif","\/fonts\/Unpacking\/39ae1df4f2b3f25ccd797d59182c87c435fb7a08\/eremitage.ufo\/glyphs\/at.glif":"\/fonts\/Unpacking\/39ae1df4f2b3f25ccd797d59182c87c435fb7a08\/eremitage.ufo\/glyphs\/at.glif","\/fonts\/Unpacking\/39ae1df4f2b3f25ccd797d59182c87c435fb7a08\/eremitage.ufo\/glyphs\/atilde.glif":"\/fonts\/Unpacking\/39ae1df4f2b3f25ccd797d59182c87c435fb7a08\/eremitage.ufo\/glyphs\/atilde.glif","\/fonts\/Unpacking\/39ae1df4f2b3f25ccd797d59182c87c435fb7a08\/eremitage.ufo\/glyphs\/b.glif":"\/fonts\/Unpacking\/39ae1df4f2b3f25ccd797d59182c87c435fb7a08\/eremitage.ufo\/glyphs\/b.glif","\/fonts\/Unpacking\/39ae1df4f2b3f25ccd797d59182c87c435fb7a08\/eremitage.ufo\/glyphs\/backslash.glif":"\/fonts\/Unpacking\/39ae1df4f2b3f25ccd797d59182c87c435fb7a08\/eremitage.ufo\/glyphs\/backslash.glif","\/fonts\/Unpacking\/39ae1df4f2b3f25ccd797d59182c87c435fb7a08\/eremitage.ufo\/glyphs\/bar.glif":"\/fonts\/Unpacking\/39ae1df4f2b3f25ccd797d59182c87c435fb7a08\/eremitage.ufo\/glyphs\/bar.glif","\/fonts\/Unpacking\/39ae1df4f2b3f25ccd797d59182c87c435fb7a08\/eremitage.ufo\/glyphs\/braceleft.glif":"\/fonts\/Unpacking\/39ae1df4f2b3f25ccd797d59182c87c435fb7a08\/eremitage.ufo\/glyphs\/braceleft.glif","\/fonts\/Unpacking\/39ae1df4f2b3f25ccd797d59182c87c435fb7a08\/eremitage.ufo\/glyphs\/braceright.glif":"\/fonts\/Unpacking\/39ae1df4f2b3f25ccd797d59182c87c435fb7a08\/eremitage.ufo\/glyphs\/braceright.glif","\/fonts\/Unpacking\/39ae1df4f2b3f25ccd797d59182c87c435fb7a08\/eremitage.ufo\/glyphs\/bracketleft.glif":"\/fonts\/Unpacking\/39ae1df4f2b3f25ccd797d59182c87c435fb7a08\/eremitage.ufo\/glyphs\/bracketleft.glif","\/fonts\/Unpacking\/39ae1df4f2b3f25ccd797d59182c87c435fb7a08\/eremitage.ufo\/glyphs\/bracketright.glif":"\/fonts\/Unpacking\/39ae1df4f2b3f25ccd797d59182c87c435fb7a08\/eremitage.ufo\/glyphs\/bracketright.glif","\/fonts\/Unpacking\/39ae1df4f2b3f25ccd797d59182c87c435fb7a08\/eremitage.ufo\/glyphs\/bullet.glif":"\/fonts\/Unpacking\/39ae1df4f2b3f25ccd797d59182c87c435fb7a08\/eremitage.ufo\/glyphs\/bullet.glif","\/fonts\/Unpacking\/39ae1df4f2b3f25ccd797d59182c87c435fb7a08\/eremitage.ufo\/glyphs\/c.glif":"\/fonts\/Unpacking\/39ae1df4f2b3f25ccd797d59182c87c435fb7a08\/eremitage.ufo\/glyphs\/c.glif","\/fonts\/Unpacking\/39ae1df4f2b3f25ccd797d59182c87c435fb7a08\/eremitage.ufo\/glyphs\/ccedilla.glif":"\/fonts\/Unpacking\/39ae1df4f2b3f25ccd797d59182c87c435fb7a08\/eremitage.ufo\/glyphs\/ccedilla.glif","\/fonts\/Unpacking\/39ae1df4f2b3f25ccd797d59182c87c435fb7a08\/eremitage.ufo\/glyphs\/cent.glif":"\/fonts\/Unpacking\/39ae1df4f2b3f25ccd797d59182c87c435fb7a08\/eremitage.ufo\/glyphs\/cent.glif","\/fonts\/Unpacking\/39ae1df4f2b3f25ccd797d59182c87c435fb7a08\/eremitage.ufo\/glyphs\/circumflex.glif":"\/fonts\/Unpacking\/39ae1df4f2b3f25ccd797d59182c87c435fb7a08\/eremitage.ufo\/glyphs\/circumflex.glif","\/fonts\/Unpacking\/39ae1df4f2b3f25ccd797d59182c87c435fb7a08\/eremitage.ufo\/glyphs\/colon.glif":"\/fonts\/Unpacking\/39ae1df4f2b3f25ccd797d59182c87c435fb7a08\/eremitage.ufo\/glyphs\/colon.glif","\/fonts\/Unpacking\/39ae1df4f2b3f25ccd797d59182c87c435fb7a08\/eremitage.ufo\/glyphs\/comma.glif":"\/fonts\/Unpacking\/39ae1df4f2b3f25ccd797d59182c87c435fb7a08\/eremitage.ufo\/glyphs\/comma.glif","\/fonts\/Unpacking\/39ae1df4f2b3f25ccd797d59182c87c435fb7a08\/eremitage.ufo\/glyphs\/contents.plist":"\/fonts\/Unpacking\/39ae1df4f2b3f25ccd797d59182c87c435fb7a08\/eremitage.ufo\/glyphs\/contents.plist","\/fonts\/Unpacking\/39ae1df4f2b3f25ccd797d59182c87c435fb7a08\/eremitage.ufo\/glyphs\/d.glif":"\/fonts\/Unpacking\/39ae1df4f2b3f25ccd797d59182c87c435fb7a08\/eremitage.ufo\/glyphs\/d.glif","\/fonts\/Unpacking\/39ae1df4f2b3f25ccd797d59182c87c435fb7a08\/eremitage.ufo\/glyphs\/dieresis.glif":"\/fonts\/Unpacking\/39ae1df4f2b3f25ccd797d59182c87c435fb7a08\/eremitage.ufo\/glyphs\/dieresis.glif","\/fonts\/Unpacking\/39ae1df4f2b3f25ccd797d59182c87c435fb7a08\/eremitage.ufo\/glyphs\/dollar.glif":"\/fonts\/Unpacking\/39ae1df4f2b3f25ccd797d59182c87c435fb7a08\/eremitage.ufo\/glyphs\/dollar.glif","\/fonts\/Unpacking\/39ae1df4f2b3f25ccd797d59182c87c435fb7a08\/eremitage.ufo\/glyphs\/dotlessi.glif":"\/fonts\/Unpacking\/39ae1df4f2b3f25ccd797d59182c87c435fb7a08\/eremitage.ufo\/glyphs\/dotlessi.glif","\/fonts\/Unpacking\/39ae1df4f2b3f25ccd797d59182c87c435fb7a08\/eremitage.ufo\/glyphs\/e.glif":"\/fonts\/Unpacking\/39ae1df4f2b3f25ccd797d59182c87c435fb7a08\/eremitage.ufo\/glyphs\/e.glif","\/fonts\/Unpacking\/39ae1df4f2b3f25ccd797d59182c87c435fb7a08\/eremitage.ufo\/glyphs\/eacute.glif":"\/fonts\/Unpacking\/39ae1df4f2b3f25ccd797d59182c87c435fb7a08\/eremitage.ufo\/glyphs\/eacute.glif","\/fonts\/Unpacking\/39ae1df4f2b3f25ccd797d59182c87c435fb7a08\/eremitage.ufo\/glyphs\/ecircumflex.glif":"\/fonts\/Unpacking\/39ae1df4f2b3f25ccd797d59182c87c435fb7a08\/eremitage.ufo\/glyphs\/ecircumflex.glif","\/fonts\/Unpacking\/39ae1df4f2b3f25ccd797d59182c87c435fb7a08\/eremitage.ufo\/glyphs\/edieresis.glif":"\/fonts\/Unpacking\/39ae1df4f2b3f25ccd797d59182c87c435fb7a08\/eremitage.ufo\/glyphs\/edieresis.glif","\/fonts\/Unpacking\/39ae1df4f2b3f25ccd797d59182c87c435fb7a08\/eremitage.ufo\/glyphs\/egrave.glif":"\/fonts\/Unpacking\/39ae1df4f2b3f25ccd797d59182c87c435fb7a08\/eremitage.ufo\/glyphs\/egrave.glif","\/fonts\/Unpacking\/39ae1df4f2b3f25ccd797d59182c87c435fb7a08\/eremitage.ufo\/glyphs\/eight.glif":"\/fonts\/Unpacking\/39ae1df4f2b3f25ccd797d59182c87c435fb7a08\/eremitage.ufo\/glyphs\/eight.glif","\/fonts\/Unpacking\/39ae1df4f2b3f25ccd797d59182c87c435fb7a08\/eremitage.ufo\/glyphs\/emdash.glif":"\/fonts\/Unpacking\/39ae1df4f2b3f25ccd797d59182c87c435fb7a08\/eremitage.ufo\/glyphs\/emdash.glif","\/fonts\/Unpacking\/39ae1df4f2b3f25ccd797d59182c87c435fb7a08\/eremitage.ufo\/glyphs\/endash.glif":"\/fonts\/Unpacking\/39ae1df4f2b3f25ccd797d59182c87c435fb7a08\/eremitage.ufo\/glyphs\/endash.glif","\/fonts\/Unpacking\/39ae1df4f2b3f25ccd797d59182c87c435fb7a08\/eremitage.ufo\/glyphs\/equal.glif":"\/fonts\/Unpacking\/39ae1df4f2b3f25ccd797d59182c87c435fb7a08\/eremitage.ufo\/glyphs\/equal.glif","\/fonts\/Unpacking\/39ae1df4f2b3f25ccd797d59182c87c435fb7a08\/eremitage.ufo\/glyphs\/exclam.glif":"\/fonts\/Unpacking\/39ae1df4f2b3f25ccd797d59182c87c435fb7a08\/eremitage.ufo\/glyphs\/exclam.glif","\/fonts\/Unpacking\/39ae1df4f2b3f25ccd797d59182c87c435fb7a08\/eremitage.ufo\/glyphs\/f.glif":"\/fonts\/Unpacking\/39ae1df4f2b3f25ccd797d59182c87c435fb7a08\/eremitage.ufo\/glyphs\/f.glif","\/fonts\/Unpacking\/39ae1df4f2b3f25ccd797d59182c87c435fb7a08\/eremitage.ufo\/glyphs\/five.glif":"\/fonts\/Unpacking\/39ae1df4f2b3f25ccd797d59182c87c435fb7a08\/eremitage.ufo\/glyphs\/five.glif","\/fonts\/Unpacking\/39ae1df4f2b3f25ccd797d59182c87c435fb7a08\/eremitage.ufo\/glyphs\/four.glif":"\/fonts\/Unpacking\/39ae1df4f2b3f25ccd797d59182c87c435fb7a08\/eremitage.ufo\/glyphs\/four.glif","\/fonts\/Unpacking\/39ae1df4f2b3f25ccd797d59182c87c435fb7a08\/eremitage.ufo\/glyphs\/fraction.glif":"\/fonts\/Unpacking\/39ae1df4f2b3f25ccd797d59182c87c435fb7a08\/eremitage.ufo\/glyphs\/fraction.glif","\/fonts\/Unpacking\/39ae1df4f2b3f25ccd797d59182c87c435fb7a08\/eremitage.ufo\/glyphs\/g.glif":"\/fonts\/Unpacking\/39ae1df4f2b3f25ccd797d59182c87c435fb7a08\/eremitage.ufo\/glyphs\/g.glif","\/fonts\/Unpacking\/39ae1df4f2b3f25ccd797d59182c87c435fb7a08\/eremitage.ufo\/glyphs\/germandbls.glif":"\/fonts\/Unpacking\/39ae1df4f2b3f25ccd797d59182c87c435fb7a08\/eremitage.ufo\/glyphs\/germandbls.glif","\/fonts\/Unpacking\/39ae1df4f2b3f25ccd797d59182c87c435fb7a08\/eremitage.ufo\/glyphs\/grave.glif":"\/fonts\/Unpacking\/39ae1df4f2b3f25ccd797d59182c87c435fb7a08\/eremitage.ufo\/glyphs\/grave.glif","\/fonts\/Unpacking\/39ae1df4f2b3f25ccd797d59182c87c435fb7a08\/eremitage.ufo\/glyphs\/greater.glif":"\/fonts\/Unpacking\/39ae1df4f2b3f25ccd797d59182c87c435fb7a08\/eremitage.ufo\/glyphs\/greater.glif","\/fonts\/Unpacking\/39ae1df4f2b3f25ccd797d59182c87c435fb7a08\/eremitage.ufo\/glyphs\/h.glif":"\/fonts\/Unpacking\/39ae1df4f2b3f25ccd797d59182c87c435fb7a08\/eremitage.ufo\/glyphs\/h.glif","\/fonts\/Unpacking\/39ae1df4f2b3f25ccd797d59182c87c435fb7a08\/eremitage.ufo\/glyphs\/hyphen.glif":"\/fonts\/Unpacking\/39ae1df4f2b3f25ccd797d59182c87c435fb7a08\/eremitage.ufo\/glyphs\/hyphen.glif","\/fonts\/Unpacking\/39ae1df4f2b3f25ccd797d59182c87c435fb7a08\/eremitage.ufo\/glyphs\/i.glif":"\/fonts\/Unpacking\/39ae1df4f2b3f25ccd797d59182c87c435fb7a08\/eremitage.ufo\/glyphs\/i.glif","\/fonts\/Unpacking\/39ae1df4f2b3f25ccd797d59182c87c435fb7a08\/eremitage.ufo\/glyphs\/iacute.glif":"\/fonts\/Unpacking\/39ae1df4f2b3f25ccd797d59182c87c435fb7a08\/eremitage.ufo\/glyphs\/iacute.glif","\/fonts\/Unpacking\/39ae1df4f2b3f25ccd797d59182c87c435fb7a08\/eremitage.ufo\/glyphs\/icircumflex.glif":"\/fonts\/Unpacking\/39ae1df4f2b3f25ccd797d59182c87c435fb7a08\/eremitage.ufo\/glyphs\/icircumflex.glif","\/fonts\/Unpacking\/39ae1df4f2b3f25ccd797d59182c87c435fb7a08\/eremitage.ufo\/glyphs\/idieresis.glif":"\/fonts\/Unpacking\/39ae1df4f2b3f25ccd797d59182c87c435fb7a08\/eremitage.ufo\/glyphs\/idieresis.glif","\/fonts\/Unpacking\/39ae1df4f2b3f25ccd797d59182c87c435fb7a08\/eremitage.ufo\/glyphs\/igrave.glif":"\/fonts\/Unpacking\/39ae1df4f2b3f25ccd797d59182c87c435fb7a08\/eremitage.ufo\/glyphs\/igrave.glif","\/fonts\/Unpacking\/39ae1df4f2b3f25ccd797d59182c87c435fb7a08\/eremitage.ufo\/glyphs\/j.glif":"\/fonts\/Unpacking\/39ae1df4f2b3f25ccd797d59182c87c435fb7a08\/eremitage.ufo\/glyphs\/j.glif","\/fonts\/Unpacking\/39ae1df4f2b3f25ccd797d59182c87c435fb7a08\/eremitage.ufo\/glyphs\/k.glif":"\/fonts\/Unpacking\/39ae1df4f2b3f25ccd797d59182c87c435fb7a08\/eremitage.ufo\/glyphs\/k.glif","\/fonts\/Unpacking\/39ae1df4f2b3f25ccd797d59182c87c435fb7a08\/eremitage.ufo\/glyphs\/l.glif":"\/fonts\/Unpacking\/39ae1df4f2b3f25ccd797d59182c87c435fb7a08\/eremitage.ufo\/glyphs\/l.glif","\/fonts\/Unpacking\/39ae1df4f2b3f25ccd797d59182c87c435fb7a08\/eremitage.ufo\/glyphs\/less.glif":"\/fonts\/Unpacking\/39ae1df4f2b3f25ccd797d59182c87c435fb7a08\/eremitage.ufo\/glyphs\/less.glif","\/fonts\/Unpacking\/39ae1df4f2b3f25ccd797d59182c87c435fb7a08\/eremitage.ufo\/glyphs\/m.glif":"\/fonts\/Unpacking\/39ae1df4f2b3f25ccd797d59182c87c435fb7a08\/eremitage.ufo\/glyphs\/m.glif","\/fonts\/Unpacking\/39ae1df4f2b3f25ccd797d59182c87c435fb7a08\/eremitage.ufo\/glyphs\/n.glif":"\/fonts\/Unpacking\/39ae1df4f2b3f25ccd797d59182c87c435fb7a08\/eremitage.ufo\/glyphs\/n.glif","\/fonts\/Unpacking\/39ae1df4f2b3f25ccd797d59182c87c435fb7a08\/eremitage.ufo\/glyphs\/nbspace.glif":"\/fonts\/Unpacking\/39ae1df4f2b3f25ccd797d59182c87c435fb7a08\/eremitage.ufo\/glyphs\/nbspace.glif","\/fonts\/Unpacking\/39ae1df4f2b3f25ccd797d59182c87c435fb7a08\/eremitage.ufo\/glyphs\/nine.glif":"\/fonts\/Unpacking\/39ae1df4f2b3f25ccd797d59182c87c435fb7a08\/eremitage.ufo\/glyphs\/nine.glif","\/fonts\/Unpacking\/39ae1df4f2b3f25ccd797d59182c87c435fb7a08\/eremitage.ufo\/glyphs\/ntilde.glif":"\/fonts\/Unpacking\/39ae1df4f2b3f25ccd797d59182c87c435fb7a08\/eremitage.ufo\/glyphs\/ntilde.glif","\/fonts\/Unpacking\/39ae1df4f2b3f25ccd797d59182c87c435fb7a08\/eremitage.ufo\/glyphs\/numbersign.glif":"\/fonts\/Unpacking\/39ae1df4f2b3f25ccd797d59182c87c435fb7a08\/eremitage.ufo\/glyphs\/numbersign.glif","\/fonts\/Unpacking\/39ae1df4f2b3f25ccd797d59182c87c435fb7a08\/eremitage.ufo\/glyphs\/o.glif":"\/fonts\/Unpacking\/39ae1df4f2b3f25ccd797d59182c87c435fb7a08\/eremitage.ufo\/glyphs\/o.glif","\/fonts\/Unpacking\/39ae1df4f2b3f25ccd797d59182c87c435fb7a08\/eremitage.ufo\/glyphs\/oacute.glif":"\/fonts\/Unpacking\/39ae1df4f2b3f25ccd797d59182c87c435fb7a08\/eremitage.ufo\/glyphs\/oacute.glif","\/fonts\/Unpacking\/39ae1df4f2b3f25ccd797d59182c87c435fb7a08\/eremitage.ufo\/glyphs\/ocircumflex.glif":"\/fonts\/Unpacking\/39ae1df4f2b3f25ccd797d59182c87c435fb7a08\/eremitage.ufo\/glyphs\/ocircumflex.glif","\/fonts\/Unpacking\/39ae1df4f2b3f25ccd797d59182c87c435fb7a08\/eremitage.ufo\/glyphs\/odieresis.glif":"\/fonts\/Unpacking\/39ae1df4f2b3f25ccd797d59182c87c435fb7a08\/eremitage.ufo\/glyphs\/odieresis.glif","\/fonts\/Unpacking\/39ae1df4f2b3f25ccd797d59182c87c435fb7a08\/eremitage.ufo\/glyphs\/oe.glif":"\/fonts\/Unpacking\/39ae1df4f2b3f25ccd797d59182c87c435fb7a08\/eremitage.ufo\/glyphs\/oe.glif","\/fonts\/Unpacking\/39ae1df4f2b3f25ccd797d59182c87c435fb7a08\/eremitage.ufo\/glyphs\/ograve.glif":"\/fonts\/Unpacking\/39ae1df4f2b3f25ccd797d59182c87c435fb7a08\/eremitage.ufo\/glyphs\/ograve.glif","\/fonts\/Unpacking\/39ae1df4f2b3f25ccd797d59182c87c435fb7a08\/eremitage.ufo\/glyphs\/one.glif":"\/fonts\/Unpacking\/39ae1df4f2b3f25ccd797d59182c87c435fb7a08\/eremitage.ufo\/glyphs\/one.glif","\/fonts\/Unpacking\/39ae1df4f2b3f25ccd797d59182c87c435fb7a08\/eremitage.ufo\/glyphs\/oslash.glif":"\/fonts\/Unpacking\/39ae1df4f2b3f25ccd797d59182c87c435fb7a08\/eremitage.ufo\/glyphs\/oslash.glif","\/fonts\/Unpacking\/39ae1df4f2b3f25ccd797d59182c87c435fb7a08\/eremitage.ufo\/glyphs\/otilde.glif":"\/fonts\/Unpacking\/39ae1df4f2b3f25ccd797d59182c87c435fb7a08\/eremitage.ufo\/glyphs\/otilde.glif","\/fonts\/Unpacking\/39ae1df4f2b3f25ccd797d59182c87c435fb7a08\/eremitage.ufo\/glyphs\/p.glif":"\/fonts\/Unpacking\/39ae1df4f2b3f25ccd797d59182c87c435fb7a08\/eremitage.ufo\/glyphs\/p.glif","\/fonts\/Unpacking\/39ae1df4f2b3f25ccd797d59182c87c435fb7a08\/eremitage.ufo\/glyphs\/parenleft.glif":"\/fonts\/Unpacking\/39ae1df4f2b3f25ccd797d59182c87c435fb7a08\/eremitage.ufo\/glyphs\/parenleft.glif","\/fonts\/Unpacking\/39ae1df4f2b3f25ccd797d59182c87c435fb7a08\/eremitage.ufo\/glyphs\/parenright.glif":"\/fonts\/Unpacking\/39ae1df4f2b3f25ccd797d59182c87c435fb7a08\/eremitage.ufo\/glyphs\/parenright.glif","\/fonts\/Unpacking\/39ae1df4f2b3f25ccd797d59182c87c435fb7a08\/eremitage.ufo\/glyphs\/percent.glif":"\/fonts\/Unpacking\/39ae1df4f2b3f25ccd797d59182c87c435fb7a08\/eremitage.ufo\/glyphs\/percent.glif","\/fonts\/Unpacking\/39ae1df4f2b3f25ccd797d59182c87c435fb7a08\/eremitage.ufo\/glyphs\/period.glif":"\/fonts\/Unpacking\/39ae1df4f2b3f25ccd797d59182c87c435fb7a08\/eremitage.ufo\/glyphs\/period.glif","\/fonts\/Unpacking\/39ae1df4f2b3f25ccd797d59182c87c435fb7a08\/eremitage.ufo\/glyphs\/periodcentered.glif":"\/fonts\/Unpacking\/39ae1df4f2b3f25ccd797d59182c87c435fb7a08\/eremitage.ufo\/glyphs\/periodcentered.glif","\/fonts\/Unpacking\/39ae1df4f2b3f25ccd797d59182c87c435fb7a08\/eremitage.ufo\/glyphs\/plus.glif":"\/fonts\/Unpacking\/39ae1df4f2b3f25ccd797d59182c87c435fb7a08\/eremitage.ufo\/glyphs\/plus.glif","\/fonts\/Unpacking\/39ae1df4f2b3f25ccd797d59182c87c435fb7a08\/eremitage.ufo\/glyphs\/q.glif":"\/fonts\/Unpacking\/39ae1df4f2b3f25ccd797d59182c87c435fb7a08\/eremitage.ufo\/glyphs\/q.glif","\/fonts\/Unpacking\/39ae1df4f2b3f25ccd797d59182c87c435fb7a08\/eremitage.ufo\/glyphs\/question.glif":"\/fonts\/Unpacking\/39ae1df4f2b3f25ccd797d59182c87c435fb7a08\/eremitage.ufo\/glyphs\/question.glif","\/fonts\/Unpacking\/39ae1df4f2b3f25ccd797d59182c87c435fb7a08\/eremitage.ufo\/glyphs\/quotedbl.glif":"\/fonts\/Unpacking\/39ae1df4f2b3f25ccd797d59182c87c435fb7a08\/eremitage.ufo\/glyphs\/quotedbl.glif","\/fonts\/Unpacking\/39ae1df4f2b3f25ccd797d59182c87c435fb7a08\/eremitage.ufo\/glyphs\/quotedblleft.glif":"\/fonts\/Unpacking\/39ae1df4f2b3f25ccd797d59182c87c435fb7a08\/eremitage.ufo\/glyphs\/quotedblleft.glif","\/fonts\/Unpacking\/39ae1df4f2b3f25ccd797d59182c87c435fb7a08\/eremitage.ufo\/glyphs\/quotedblright.glif":"\/fonts\/Unpacking\/39ae1df4f2b3f25ccd797d59182c87c435fb7a08\/eremitage.ufo\/glyphs\/quotedblright.glif","\/fonts\/Unpacking\/39ae1df4f2b3f25ccd797d59182c87c435fb7a08\/eremitage.ufo\/glyphs\/quoteleft.glif":"\/fonts\/Unpacking\/39ae1df4f2b3f25ccd797d59182c87c435fb7a08\/eremitage.ufo\/glyphs\/quoteleft.glif","\/fonts\/Unpacking\/39ae1df4f2b3f25ccd797d59182c87c435fb7a08\/eremitage.ufo\/glyphs\/quoteright.glif":"\/fonts\/Unpacking\/39ae1df4f2b3f25ccd797d59182c87c435fb7a08\/eremitage.ufo\/glyphs\/quoteright.glif","\/fonts\/Unpacking\/39ae1df4f2b3f25ccd797d59182c87c435fb7a08\/eremitage.ufo\/glyphs\/quotesingle.glif":"\/fonts\/Unpacking\/39ae1df4f2b3f25ccd797d59182c87c435fb7a08\/eremitage.ufo\/glyphs\/quotesingle.glif","\/fonts\/Unpacking\/39ae1df4f2b3f25ccd797d59182c87c435fb7a08\/eremitage.ufo\/glyphs\/r.glif":"\/fonts\/Unpacking\/39ae1df4f2b3f25ccd797d59182c87c435fb7a08\/eremitage.ufo\/glyphs\/r.glif","\/fonts\/Unpacking\/39ae1df4f2b3f25ccd797d59182c87c435fb7a08\/eremitage.ufo\/glyphs\/radical.glif":"\/fonts\/Unpacking\/39ae1df4f2b3f25ccd797d59182c87c435fb7a08\/eremitage.ufo\/glyphs\/radical.glif","\/fonts\/Unpacking\/39ae1df4f2b3f25ccd797d59182c87c435fb7a08\/eremitage.ufo\/glyphs\/ring.glif":"\/fonts\/Unpacking\/39ae1df4f2b3f25ccd797d59182c87c435fb7a08\/eremitage.ufo\/glyphs\/ring.glif","\/fonts\/Unpacking\/39ae1df4f2b3f25ccd797d59182c87c435fb7a08\/eremitage.ufo\/glyphs\/s.glif":"\/fonts\/Unpacking\/39ae1df4f2b3f25ccd797d59182c87c435fb7a08\/eremitage.ufo\/glyphs\/s.glif","\/fonts\/Unpacking\/39ae1df4f2b3f25ccd797d59182c87c435fb7a08\/eremitage.ufo\/glyphs\/semicolon.glif":"\/fonts\/Unpacking\/39ae1df4f2b3f25ccd797d59182c87c435fb7a08\/eremitage.ufo\/glyphs\/semicolon.glif","\/fonts\/Unpacking\/39ae1df4f2b3f25ccd797d59182c87c435fb7a08\/eremitage.ufo\/glyphs\/seven.glif":"\/fonts\/Unpacking\/39ae1df4f2b3f25ccd797d59182c87c435fb7a08\/eremitage.ufo\/glyphs\/seven.glif","\/fonts\/Unpacking\/39ae1df4f2b3f25ccd797d59182c87c435fb7a08\/eremitage.ufo\/glyphs\/six.glif":"\/fonts\/Unpacking\/39ae1df4f2b3f25ccd797d59182c87c435fb7a08\/eremitage.ufo\/glyphs\/six.glif","\/fonts\/Unpacking\/39ae1df4f2b3f25ccd797d59182c87c435fb7a08\/eremitage.ufo\/glyphs\/slash.glif":"\/fonts\/Unpacking\/39ae1df4f2b3f25ccd797d59182c87c435fb7a08\/eremitage.ufo\/glyphs\/slash.glif","\/fonts\/Unpacking\/39ae1df4f2b3f25ccd797d59182c87c435fb7a08\/eremitage.ufo\/glyphs\/space.glif":"\/fonts\/Unpacking\/39ae1df4f2b3f25ccd797d59182c87c435fb7a08\/eremitage.ufo\/glyphs\/space.glif","\/fonts\/Unpacking\/39ae1df4f2b3f25ccd797d59182c87c435fb7a08\/eremitage.ufo\/glyphs\/sterling.glif":"\/fonts\/Unpacking\/39ae1df4f2b3f25ccd797d59182c87c435fb7a08\/eremitage.ufo\/glyphs\/sterling.glif","\/fonts\/Unpacking\/39ae1df4f2b3f25ccd797d59182c87c435fb7a08\/eremitage.ufo\/glyphs\/t.glif":"\/fonts\/Unpacking\/39ae1df4f2b3f25ccd797d59182c87c435fb7a08\/eremitage.ufo\/glyphs\/t.glif","\/fonts\/Unpacking\/39ae1df4f2b3f25ccd797d59182c87c435fb7a08\/eremitage.ufo\/glyphs\/three.glif":"\/fonts\/Unpacking\/39ae1df4f2b3f25ccd797d59182c87c435fb7a08\/eremitage.ufo\/glyphs\/three.glif","\/fonts\/Unpacking\/39ae1df4f2b3f25ccd797d59182c87c435fb7a08\/eremitage.ufo\/glyphs\/tilde.glif":"\/fonts\/Unpacking\/39ae1df4f2b3f25ccd797d59182c87c435fb7a08\/eremitage.ufo\/glyphs\/tilde.glif","\/fonts\/Unpacking\/39ae1df4f2b3f25ccd797d59182c87c435fb7a08\/eremitage.ufo\/glyphs\/two.glif":"\/fonts\/Unpacking\/39ae1df4f2b3f25ccd797d59182c87c435fb7a08\/eremitage.ufo\/glyphs\/two.glif","\/fonts\/Unpacking\/39ae1df4f2b3f25ccd797d59182c87c435fb7a08\/eremitage.ufo\/glyphs\/u.glif":"\/fonts\/Unpacking\/39ae1df4f2b3f25ccd797d59182c87c435fb7a08\/eremitage.ufo\/glyphs\/u.glif","\/fonts\/Unpacking\/39ae1df4f2b3f25ccd797d59182c87c435fb7a08\/eremitage.ufo\/glyphs\/uacute.glif":"\/fonts\/Unpacking\/39ae1df4f2b3f25ccd797d59182c87c435fb7a08\/eremitage.ufo\/glyphs\/uacute.glif","\/fonts\/Unpacking\/39ae1df4f2b3f25ccd797d59182c87c435fb7a08\/eremitage.ufo\/glyphs\/ucircumflex.glif":"\/fonts\/Unpacking\/39ae1df4f2b3f25ccd797d59182c87c435fb7a08\/eremitage.ufo\/glyphs\/ucircumflex.glif","\/fonts\/Unpacking\/39ae1df4f2b3f25ccd797d59182c87c435fb7a08\/eremitage.ufo\/glyphs\/udieresis.glif":"\/fonts\/Unpacking\/39ae1df4f2b3f25ccd797d59182c87c435fb7a08\/eremitage.ufo\/glyphs\/udieresis.glif","\/fonts\/Unpacking\/39ae1df4f2b3f25ccd797d59182c87c435fb7a08\/eremitage.ufo\/glyphs\/ugrave.glif":"\/fonts\/Unpacking\/39ae1df4f2b3f25ccd797d59182c87c435fb7a08\/eremitage.ufo\/glyphs\/ugrave.glif","\/fonts\/Unpacking\/39ae1df4f2b3f25ccd797d59182c87c435fb7a08\/eremitage.ufo\/glyphs\/underscore.glif":"\/fonts\/Unpacking\/39ae1df4f2b3f25ccd797d59182c87c435fb7a08\/eremitage.ufo\/glyphs\/underscore.glif","\/fonts\/Unpacking\/39ae1df4f2b3f25ccd797d59182c87c435fb7a08\/eremitage.ufo\/glyphs\/v.glif":"\/fonts\/Unpacking\/39ae1df4f2b3f25ccd797d59182c87c435fb7a08\/eremitage.ufo\/glyphs\/v.glif","\/fonts\/Unpacking\/39ae1df4f2b3f25ccd797d59182c87c435fb7a08\/eremitage.ufo\/glyphs\/w.glif":"\/fonts\/Unpacking\/39ae1df4f2b3f25ccd797d59182c87c435fb7a08\/eremitage.ufo\/glyphs\/w.glif","\/fonts\/Unpacking\/39ae1df4f2b3f25ccd797d59182c87c435fb7a08\/eremitage.ufo\/glyphs\/x.glif":"\/fonts\/Unpacking\/39ae1df4f2b3f25ccd797d59182c87c435fb7a08\/eremitage.ufo\/glyphs\/x.glif","\/fonts\/Unpacking\/39ae1df4f2b3f25ccd797d59182c87c435fb7a08\/eremitage.ufo\/glyphs\/y.glif":"\/fonts\/Unpacking\/39ae1df4f2b3f25ccd797d59182c87c435fb7a08\/eremitage.ufo\/glyphs\/y.glif","\/fonts\/Unpacking\/39ae1df4f2b3f25ccd797d59182c87c435fb7a08\/eremitage.ufo\/glyphs\/ydieresis.glif":"\/fonts\/Unpacking\/39ae1df4f2b3f25ccd797d59182c87c435fb7a08\/eremitage.ufo\/glyphs\/ydieresis.glif","\/fonts\/Unpacking\/39ae1df4f2b3f25ccd797d59182c87c435fb7a08\/eremitage.ufo\/glyphs\/z.glif":"\/fonts\/Unpacking\/39ae1df4f2b3f25ccd797d59182c87c435fb7a08\/eremitage.ufo\/glyphs\/z.glif","\/fonts\/Unpacking\/39ae1df4f2b3f25ccd797d59182c87c435fb7a08\/eremitage.ufo\/glyphs\/zero.glif":"\/fonts\/Unpacking\/39ae1df4f2b3f25ccd797d59182c87c435fb7a08\/eremitage.ufo\/glyphs\/zero.glif"},"Font":null,"Licences":{"":false},"Table":{"FFTM":{"entryLength":16,"tag":"FFTM","checksum":1944407528,"offset":20500,"length":28},"GDEF":{"entryLength":16,"tag":"GDEF","checksum":14483462,"offset":20468,"length":32},"OS\/2":{"entryLength":16,"tag":"OS\/2","checksum":1461846876,"offset":344,"length":86},"cmap":{"entryLength":16,"tag":"cmap","checksum":60342925,"offset":1136,"length":530},"gasp":{"entryLength":16,"tag":"gasp","checksum":4294901763,"offset":20460,"length":8},"glyf":{"entryLength":16,"tag":"glyf","checksum":2555081970,"offset":2024,"length":17576},"head":{"entryLength":16,"tag":"head","checksum":185498874,"offset":220,"length":54},"hhea":{"entryLength":16,"tag":"hhea","checksum":148505591,"offset":276,"length":36},"hmtx":{"entryLength":16,"tag":"hmtx","checksum":2516722106,"offset":432,"length":704},"loca":{"entryLength":16,"tag":"loca","checksum":2689175346,"offset":1668,"length":354},"maxp":{"entryLength":16,"tag":"maxp","checksum":16187489,"offset":312,"length":32},"name":{"entryLength":16,"tag":"name","checksum":796450407,"offset":19600,"length":462},"post":{"entryLength":16,"tag":"post","checksum":3876428075,"offset":20064,"length":394}},"UnicodeCharMap":{"32":3,"33":4,"34":5,"35":6,"36":7,"37":8,"38":9,"39":10,"40":11,"41":12,"42":13,"43":14,"44":15,"45":16,"46":17,"47":18,"48":19,"49":20,"50":21,"51":22,"52":23,"53":24,"54":25,"55":26,"56":27,"57":28,"58":29,"59":30,"60":31,"61":32,"62":33,"63":34,"64":35,"65":36,"66":37,"67":38,"68":39,"69":40,"70":41,"71":42,"72":43,"73":44,"74":45,"75":46,"76":47,"77":48,"78":49,"79":50,"80":51,"81":52,"82":53,"83":54,"84":55,"85":56,"86":57,"87":58,"88":59,"89":60,"90":61,"91":62,"92":63,"93":64,"94":65,"95":66,"96":67,"97":68,"98":69,"99":70,"100":71,"101":72,"102":73,"103":74,"104":75,"105":76,"106":77,"107":78,"108":79,"109":80,"110":81,"111":82,"112":83,"113":84,"114":85,"115":86,"116":87,"117":88,"118":89,"119":90,"120":91,"121":92,"122":93,"123":94,"124":95,"125":96,"126":97,"160":98,"162":99,"163":100,"168":101,"180":102,"183":103,"192":104,"193":105,"194":106,"195":107,"196":108,"197":109,"198":110,"199":111,"200":112,"201":113,"202":114,"203":115,"204":116,"205":117,"206":118,"207":119,"209":120,"210":121,"211":122,"212":123,"213":124,"214":125,"216":126,"217":127,"218":128,"219":129,"220":130,"223":131,"224":132,"225":133,"226":134,"227":135,"228":136,"229":137,"230":138,"231":139,"232":140,"233":141,"234":142,"235":143,"236":144,"237":145,"238":146,"239":147,"241":148,"242":149,"243":150,"244":151,"245":152,"246":153,"248":154,"249":155,"250":156,"251":157,"252":158,"255":159,"305":172,"338":171,"339":173,"376":175,"710":167,"730":169,"732":168,"8211":164,"8212":170,"8216":161,"8217":160,"8220":163,"8221":166,"8226":165,"8260":162,"8730":174},"Reserves":null,"Names":[],"Nodes":[],"Contributors":[],"FontIdentity":"7118fc36629aa5bead7a584bd32c599b","Bytes":1666845,"Networking":null,"barcode":null,"referee":null}