{"CSS":{"Auriol LT Italic":"Auriol LT Italic.css"},"FontType":"TrueType","FontCopyright":"Copyright (c) 1991 Adobe Systems Incorporated. All Rights Reserved.Auriol is a trademark of Haas.","FontName":"Auriol LT","FontSubfamily":"Italic","FontSubfamilyID":"Linotype Library GmbH: Auriol LT Italic: 2002","FontFullName":"Auriol LT Italic","FontVersion":"Version 6.1; 2002","FontWeight":null,"FontPostscriptName":"AuriolLT-Italic","Files":null,"Table":{"FFTM":{"entryLength":16,"tag":"FFTM","checksum":1007657578,"offset":95172,"length":28},"GDEF":{"entryLength":16,"tag":"GDEF","checksum":18219014,"offset":94536,"length":32},"GPOS":{"entryLength":16,"tag":"GPOS","checksum":856501776,"offset":94616,"length":556},"GSUB":{"entryLength":16,"tag":"GSUB","checksum":3103766782,"offset":94568,"length":48},"OS\/2":{"entryLength":16,"tag":"OS\/2","checksum":1667625819,"offset":424,"length":86},"cmap":{"entryLength":16,"tag":"cmap","checksum":4181854321,"offset":1444,"length":730},"cvt ":{"entryLength":16,"tag":"cvt ","checksum":14093116,"offset":2604,"length":38},"fpgm":{"entryLength":16,"tag":"fpgm","checksum":843936614,"offset":2176,"length":354},"gasp":{"entryLength":16,"tag":"gasp","checksum":458759,"offset":94524,"length":12},"glyf":{"entryLength":16,"tag":"glyf","checksum":936034161,"offset":3112,"length":87564},"head":{"entryLength":16,"tag":"head","checksum":141373127,"offset":300,"length":54},"hhea":{"entryLength":16,"tag":"hhea","checksum":118162296,"offset":356,"length":36},"hmtx":{"entryLength":16,"tag":"hmtx","checksum":3125218012,"offset":512,"length":932},"loca":{"entryLength":16,"tag":"loca","checksum":4252389796,"offset":2644,"length":468},"maxp":{"entryLength":16,"tag":"maxp","checksum":50004814,"offset":392,"length":32},"name":{"entryLength":16,"tag":"name","checksum":3237451714,"offset":90676,"length":3339},"post":{"entryLength":16,"tag":"post","checksum":2864164072,"offset":94016,"length":505},"prep":{"entryLength":16,"tag":"prep","checksum":2561952561,"offset":2532,"length":72}},"UnicodeCharMap":{"32":3,"33":4,"34":5,"35":6,"36":7,"37":8,"38":9,"39":10,"40":11,"41":12,"42":13,"43":14,"44":15,"45":16,"46":17,"47":18,"48":19,"49":20,"50":21,"51":22,"52":23,"53":24,"54":25,"55":26,"56":27,"57":28,"58":29,"59":30,"60":31,"61":32,"62":33,"63":34,"64":35,"65":36,"66":37,"67":38,"68":39,"69":40,"70":41,"71":42,"72":43,"73":44,"74":45,"75":46,"76":47,"77":48,"78":49,"79":50,"80":51,"81":52,"82":53,"83":54,"84":55,"85":56,"86":57,"87":58,"88":59,"89":60,"90":61,"91":62,"92":63,"93":64,"94":65,"95":66,"96":67,"97":68,"98":69,"99":70,"100":71,"101":72,"102":73,"103":74,"104":75,"105":76,"106":77,"107":78,"108":79,"109":80,"110":81,"111":82,"112":83,"113":84,"114":85,"115":86,"116":87,"117":88,"118":89,"119":90,"120":91,"121":92,"122":93,"123":94,"124":95,"125":96,"126":97,"128":98,"160":3,"161":99,"162":100,"163":101,"164":102,"165":103,"166":104,"167":105,"168":106,"169":107,"170":108,"171":109,"172":110,"173":16,"174":111,"175":112,"176":113,"177":114,"178":115,"179":116,"180":117,"181":118,"182":119,"183":120,"184":121,"185":122,"186":123,"187":124,"188":125,"189":126,"190":127,"191":128,"192":129,"193":130,"194":131,"195":132,"196":133,"197":134,"198":135,"199":136,"200":137,"201":138,"202":139,"203":140,"204":141,"205":142,"206":143,"207":144,"208":145,"209":146,"210":147,"211":148,"212":149,"213":150,"214":151,"215":152,"216":153,"217":154,"218":155,"219":156,"220":157,"221":158,"222":159,"223":160,"224":161,"225":162,"226":163,"227":164,"228":165,"229":166,"230":167,"231":168,"232":169,"233":170,"234":171,"235":172,"236":173,"237":174,"238":175,"239":176,"240":177,"241":178,"242":179,"243":180,"244":181,"245":182,"246":183,"247":184,"248":185,"249":186,"250":187,"251":188,"252":189,"253":190,"254":191,"255":192,"305":193,"321":194,"322":195,"338":196,"339":197,"352":198,"353":199,"376":200,"381":201,"382":202,"402":203,"710":204,"711":205,"713":112,"728":206,"729":207,"730":208,"731":209,"732":210,"733":211,"956":118,"8211":212,"8212":213,"8216":214,"8217":215,"8218":216,"8220":217,"8221":218,"8222":219,"8224":220,"8225":221,"8226":222,"8230":223,"8240":224,"8249":225,"8250":226,"8260":227,"8364":98,"8482":228,"8722":229,"8725":227,"8729":120,"64257":230,"64258":231},"Reserves":{"fontname":"Auriol LT Italic"},"Names":{"Auriol LT Italic":{"name":"Auriol LT Italic","longitude":null,"latitude":null,"country":"","region":"","city":""}},"Nodes":{"au":{"type":"typal","node":"au","usage":1,"weight":1},"ol":{"type":"typal","node":"ol","usage":1,"weight":1},"it":{"type":"typal","node":"it","usage":1,"weight":1},"ic":{"type":"typal","node":"ic","usage":1,"weight":1},"aur":{"type":"typal","node":"aur","usage":1,"weight":1},"iol":{"type":"typal","node":"iol","usage":1,"weight":1},"ita":{"type":"typal","node":"ita","usage":1,"weight":1},"lic":{"type":"typal","node":"lic","usage":1,"weight":1},"auri":{"type":"keys","node":"auri","usage":1,"weight":1},"riol":{"type":"keys","node":"riol","usage":1,"weight":1},"ital":{"type":"keys","node":"ital","usage":1,"weight":1},"alic":{"type":"keys","node":"alic","usage":1,"weight":1},"aurio":{"type":"keys","node":"aurio","usage":1,"weight":1},"uriol":{"type":"keys","node":"uriol","usage":1,"weight":1},"itali":{"type":"keys","node":"itali","usage":1,"weight":1},"talic":{"type":"keys","node":"talic","usage":1,"weight":1},"auriol":{"type":"fixes","node":"auriol","usage":1,"weight":1},"lt":{"type":"fixes","node":"lt","usage":1,"weight":1},"italic":{"type":"fixes","node":"italic","usage":1,"weight":1}},"Contributors":[],"FontIdentity":"4d1ca48ce64357d18e7a730f76c3020f","Bytes":null,"Networking":[]}