{"CSS":{"Eureka Regular Exp":"wagovau:3213a417d71fe2735695c68e.css"},"FontType":"TrueType","FontCopyright":"< info@fontfont.de > Copyright Peter Bilak, 1998. Published by FontShop International.  FontFont Release 23","FontName":"Eureka","FontSubfamily":"RegularExp","FontSubfamilyID":"FontForge 2.0 : Eureka Regular Exp : 12-8-2016","FontFullName":"Eureka Regular Exp","FontVersion":"Version 001.000 ","FontWeight":null,"FontPostscriptName":"Eureka-RegularExp","Files":{"\/Eureka Regular Exp.css":"\/Eureka Regular Exp.css","\/eureka-regularexp.afm":"\/eureka-regularexp.afm","\/eureka-regularexp.cef":"\/eureka-regularexp.cef","\/eureka-regularexp.cff":"\/eureka-regularexp.cff","\/eureka-regularexp.eot":"\/eureka-regularexp.eot","\/eureka-regularexp.gai":"\/eureka-regularexp.gai","\/eureka-regularexp.gsf":"\/eureka-regularexp.gsf","\/eureka-regularexp.otf":"\/eureka-regularexp.otf","\/eureka-regularexp.pf3":"\/eureka-regularexp.pf3","\/eureka-regularexp.pfa":"\/eureka-regularexp.pfa","\/eureka-regularexp.pfb":"\/eureka-regularexp.pfb","\/eureka-regularexp.php":"\/eureka-regularexp.php","\/eureka-regularexp.pt3":"\/eureka-regularexp.pt3","\/eureka-regularexp.sfd":"\/eureka-regularexp.sfd","\/eureka-regularexp.svg":"\/eureka-regularexp.svg","\/eureka-regularexp.t42":"\/eureka-regularexp.t42","\/eureka-regularexp.ttd":"\/eureka-regularexp.ttd","\/eureka-regularexp.ttf":"\/eureka-regularexp.ttf","\/eureka-regularexp.ttg":"\/eureka-regularexp.ttg","\/eureka-regularexp.ufm":"\/eureka-regularexp.ufm","\/eureka-regularexp.woff":"\/eureka-regularexp.woff","\/eureka-regularexp.z":"\/eureka-regularexp.z","\/font-resource.json":"\/font-resource.json","\/eureka-regularexp.ufo\/feature.fea":"\/eureka-regularexp.ufo\/feature.fea","\/eureka-regularexp.ufo\/fontinfo.plist":"\/eureka-regularexp.ufo\/fontinfo.plist","\/eureka-regularexp.ufo\/groups.plist":"\/eureka-regularexp.ufo\/groups.plist","\/eureka-regularexp.ufo\/kerning.plist":"\/eureka-regularexp.ufo\/kerning.plist","\/eureka-regularexp.ufo\/metainfo.plist":"\/eureka-regularexp.ufo\/metainfo.plist","\/eureka-regularexp.ufo\/glyphs\/A_.glif":"\/eureka-regularexp.ufo\/glyphs\/A_.glif","\/eureka-regularexp.ufo\/glyphs\/A_E_.glif":"\/eureka-regularexp.ufo\/glyphs\/A_E_.glif","\/eureka-regularexp.ufo\/glyphs\/A_acute.glif":"\/eureka-regularexp.ufo\/glyphs\/A_acute.glif","\/eureka-regularexp.ufo\/glyphs\/A_circumflex.glif":"\/eureka-regularexp.ufo\/glyphs\/A_circumflex.glif","\/eureka-regularexp.ufo\/glyphs\/A_dieresis.glif":"\/eureka-regularexp.ufo\/glyphs\/A_dieresis.glif","\/eureka-regularexp.ufo\/glyphs\/A_grave.glif":"\/eureka-regularexp.ufo\/glyphs\/A_grave.glif","\/eureka-regularexp.ufo\/glyphs\/A_ring.glif":"\/eureka-regularexp.ufo\/glyphs\/A_ring.glif","\/eureka-regularexp.ufo\/glyphs\/A_tilde.glif":"\/eureka-regularexp.ufo\/glyphs\/A_tilde.glif","\/eureka-regularexp.ufo\/glyphs\/B_.glif":"\/eureka-regularexp.ufo\/glyphs\/B_.glif","\/eureka-regularexp.ufo\/glyphs\/C_.glif":"\/eureka-regularexp.ufo\/glyphs\/C_.glif","\/eureka-regularexp.ufo\/glyphs\/C_cedilla.glif":"\/eureka-regularexp.ufo\/glyphs\/C_cedilla.glif","\/eureka-regularexp.ufo\/glyphs\/D_.glif":"\/eureka-regularexp.ufo\/glyphs\/D_.glif","\/eureka-regularexp.ufo\/glyphs\/D_elta.glif":"\/eureka-regularexp.ufo\/glyphs\/D_elta.glif","\/eureka-regularexp.ufo\/glyphs\/E_.glif":"\/eureka-regularexp.ufo\/glyphs\/E_.glif","\/eureka-regularexp.ufo\/glyphs\/E_acute.glif":"\/eureka-regularexp.ufo\/glyphs\/E_acute.glif","\/eureka-regularexp.ufo\/glyphs\/E_circumflex.glif":"\/eureka-regularexp.ufo\/glyphs\/E_circumflex.glif","\/eureka-regularexp.ufo\/glyphs\/E_dieresis.glif":"\/eureka-regularexp.ufo\/glyphs\/E_dieresis.glif","\/eureka-regularexp.ufo\/glyphs\/E_grave.glif":"\/eureka-regularexp.ufo\/glyphs\/E_grave.glif","\/eureka-regularexp.ufo\/glyphs\/E_th.glif":"\/eureka-regularexp.ufo\/glyphs\/E_th.glif","\/eureka-regularexp.ufo\/glyphs\/F_.glif":"\/eureka-regularexp.ufo\/glyphs\/F_.glif","\/eureka-regularexp.ufo\/glyphs\/G_.glif":"\/eureka-regularexp.ufo\/glyphs\/G_.glif","\/eureka-regularexp.ufo\/glyphs\/H_.glif":"\/eureka-regularexp.ufo\/glyphs\/H_.glif","\/eureka-regularexp.ufo\/glyphs\/I_.glif":"\/eureka-regularexp.ufo\/glyphs\/I_.glif","\/eureka-regularexp.ufo\/glyphs\/I_acute.glif":"\/eureka-regularexp.ufo\/glyphs\/I_acute.glif","\/eureka-regularexp.ufo\/glyphs\/I_circumflex.glif":"\/eureka-regularexp.ufo\/glyphs\/I_circumflex.glif","\/eureka-regularexp.ufo\/glyphs\/I_dieresis.glif":"\/eureka-regularexp.ufo\/glyphs\/I_dieresis.glif","\/eureka-regularexp.ufo\/glyphs\/I_grave.glif":"\/eureka-regularexp.ufo\/glyphs\/I_grave.glif","\/eureka-regularexp.ufo\/glyphs\/J_.glif":"\/eureka-regularexp.ufo\/glyphs\/J_.glif","\/eureka-regularexp.ufo\/glyphs\/K_.glif":"\/eureka-regularexp.ufo\/glyphs\/K_.glif","\/eureka-regularexp.ufo\/glyphs\/L_.glif":"\/eureka-regularexp.ufo\/glyphs\/L_.glif","\/eureka-regularexp.ufo\/glyphs\/L_slash.glif":"\/eureka-regularexp.ufo\/glyphs\/L_slash.glif","\/eureka-regularexp.ufo\/glyphs\/M_.glif":"\/eureka-regularexp.ufo\/glyphs\/M_.glif","\/eureka-regularexp.ufo\/glyphs\/N_.glif":"\/eureka-regularexp.ufo\/glyphs\/N_.glif","\/eureka-regularexp.ufo\/glyphs\/N_tilde.glif":"\/eureka-regularexp.ufo\/glyphs\/N_tilde.glif","\/eureka-regularexp.ufo\/glyphs\/O_.glif":"\/eureka-regularexp.ufo\/glyphs\/O_.glif","\/eureka-regularexp.ufo\/glyphs\/O_E_.glif":"\/eureka-regularexp.ufo\/glyphs\/O_E_.glif","\/eureka-regularexp.ufo\/glyphs\/O_acute.glif":"\/eureka-regularexp.ufo\/glyphs\/O_acute.glif","\/eureka-regularexp.ufo\/glyphs\/O_circumflex.glif":"\/eureka-regularexp.ufo\/glyphs\/O_circumflex.glif","\/eureka-regularexp.ufo\/glyphs\/O_dieresis.glif":"\/eureka-regularexp.ufo\/glyphs\/O_dieresis.glif","\/eureka-regularexp.ufo\/glyphs\/O_grave.glif":"\/eureka-regularexp.ufo\/glyphs\/O_grave.glif","\/eureka-regularexp.ufo\/glyphs\/O_mega.glif":"\/eureka-regularexp.ufo\/glyphs\/O_mega.glif","\/eureka-regularexp.ufo\/glyphs\/O_slash.glif":"\/eureka-regularexp.ufo\/glyphs\/O_slash.glif","\/eureka-regularexp.ufo\/glyphs\/O_tilde.glif":"\/eureka-regularexp.ufo\/glyphs\/O_tilde.glif","\/eureka-regularexp.ufo\/glyphs\/P_.glif":"\/eureka-regularexp.ufo\/glyphs\/P_.glif","\/eureka-regularexp.ufo\/glyphs\/Q_.glif":"\/eureka-regularexp.ufo\/glyphs\/Q_.glif","\/eureka-regularexp.ufo\/glyphs\/R_.glif":"\/eureka-regularexp.ufo\/glyphs\/R_.glif","\/eureka-regularexp.ufo\/glyphs\/S_.glif":"\/eureka-regularexp.ufo\/glyphs\/S_.glif","\/eureka-regularexp.ufo\/glyphs\/S_caron.glif":"\/eureka-regularexp.ufo\/glyphs\/S_caron.glif","\/eureka-regularexp.ufo\/glyphs\/T_.glif":"\/eureka-regularexp.ufo\/glyphs\/T_.glif","\/eureka-regularexp.ufo\/glyphs\/T_horn.glif":"\/eureka-regularexp.ufo\/glyphs\/T_horn.glif","\/eureka-regularexp.ufo\/glyphs\/U_.glif":"\/eureka-regularexp.ufo\/glyphs\/U_.glif","\/eureka-regularexp.ufo\/glyphs\/U_acute.glif":"\/eureka-regularexp.ufo\/glyphs\/U_acute.glif","\/eureka-regularexp.ufo\/glyphs\/U_circumflex.glif":"\/eureka-regularexp.ufo\/glyphs\/U_circumflex.glif","\/eureka-regularexp.ufo\/glyphs\/U_dieresis.glif":"\/eureka-regularexp.ufo\/glyphs\/U_dieresis.glif","\/eureka-regularexp.ufo\/glyphs\/U_grave.glif":"\/eureka-regularexp.ufo\/glyphs\/U_grave.glif","\/eureka-regularexp.ufo\/glyphs\/V_.glif":"\/eureka-regularexp.ufo\/glyphs\/V_.glif","\/eureka-regularexp.ufo\/glyphs\/W_.glif":"\/eureka-regularexp.ufo\/glyphs\/W_.glif","\/eureka-regularexp.ufo\/glyphs\/X_.glif":"\/eureka-regularexp.ufo\/glyphs\/X_.glif","\/eureka-regularexp.ufo\/glyphs\/Y_.glif":"\/eureka-regularexp.ufo\/glyphs\/Y_.glif","\/eureka-regularexp.ufo\/glyphs\/Y_acute.glif":"\/eureka-regularexp.ufo\/glyphs\/Y_acute.glif","\/eureka-regularexp.ufo\/glyphs\/Y_dieresis.glif":"\/eureka-regularexp.ufo\/glyphs\/Y_dieresis.glif","\/eureka-regularexp.ufo\/glyphs\/Z_.glif":"\/eureka-regularexp.ufo\/glyphs\/Z_.glif","\/eureka-regularexp.ufo\/glyphs\/Z_caron.glif":"\/eureka-regularexp.ufo\/glyphs\/Z_caron.glif","\/eureka-regularexp.ufo\/glyphs\/a.glif":"\/eureka-regularexp.ufo\/glyphs\/a.glif","\/eureka-regularexp.ufo\/glyphs\/aacute.glif":"\/eureka-regularexp.ufo\/glyphs\/aacute.glif","\/eureka-regularexp.ufo\/glyphs\/acircumflex.glif":"\/eureka-regularexp.ufo\/glyphs\/acircumflex.glif","\/eureka-regularexp.ufo\/glyphs\/acute.glif":"\/eureka-regularexp.ufo\/glyphs\/acute.glif","\/eureka-regularexp.ufo\/glyphs\/adieresis.glif":"\/eureka-regularexp.ufo\/glyphs\/adieresis.glif","\/eureka-regularexp.ufo\/glyphs\/ae.glif":"\/eureka-regularexp.ufo\/glyphs\/ae.glif","\/eureka-regularexp.ufo\/glyphs\/agrave.glif":"\/eureka-regularexp.ufo\/glyphs\/agrave.glif","\/eureka-regularexp.ufo\/glyphs\/ampersand.glif":"\/eureka-regularexp.ufo\/glyphs\/ampersand.glif","\/eureka-regularexp.ufo\/glyphs\/apple.glif":"\/eureka-regularexp.ufo\/glyphs\/apple.glif","\/eureka-regularexp.ufo\/glyphs\/approxequal.glif":"\/eureka-regularexp.ufo\/glyphs\/approxequal.glif","\/eureka-regularexp.ufo\/glyphs\/aring.glif":"\/eureka-regularexp.ufo\/glyphs\/aring.glif","\/eureka-regularexp.ufo\/glyphs\/asciicircum.glif":"\/eureka-regularexp.ufo\/glyphs\/asciicircum.glif","\/eureka-regularexp.ufo\/glyphs\/asciitilde.glif":"\/eureka-regularexp.ufo\/glyphs\/asciitilde.glif","\/eureka-regularexp.ufo\/glyphs\/asterisk.glif":"\/eureka-regularexp.ufo\/glyphs\/asterisk.glif","\/eureka-regularexp.ufo\/glyphs\/at.glif":"\/eureka-regularexp.ufo\/glyphs\/at.glif","\/eureka-regularexp.ufo\/glyphs\/atilde.glif":"\/eureka-regularexp.ufo\/glyphs\/atilde.glif","\/eureka-regularexp.ufo\/glyphs\/b.glif":"\/eureka-regularexp.ufo\/glyphs\/b.glif","\/eureka-regularexp.ufo\/glyphs\/backslash.glif":"\/eureka-regularexp.ufo\/glyphs\/backslash.glif","\/eureka-regularexp.ufo\/glyphs\/bar.glif":"\/eureka-regularexp.ufo\/glyphs\/bar.glif","\/eureka-regularexp.ufo\/glyphs\/braceleft.glif":"\/eureka-regularexp.ufo\/glyphs\/braceleft.glif","\/eureka-regularexp.ufo\/glyphs\/braceright.glif":"\/eureka-regularexp.ufo\/glyphs\/braceright.glif","\/eureka-regularexp.ufo\/glyphs\/bracketleft.glif":"\/eureka-regularexp.ufo\/glyphs\/bracketleft.glif","\/eureka-regularexp.ufo\/glyphs\/bracketright.glif":"\/eureka-regularexp.ufo\/glyphs\/bracketright.glif","\/eureka-regularexp.ufo\/glyphs\/breve.glif":"\/eureka-regularexp.ufo\/glyphs\/breve.glif","\/eureka-regularexp.ufo\/glyphs\/brokenbar.glif":"\/eureka-regularexp.ufo\/glyphs\/brokenbar.glif","\/eureka-regularexp.ufo\/glyphs\/bullet.glif":"\/eureka-regularexp.ufo\/glyphs\/bullet.glif","\/eureka-regularexp.ufo\/glyphs\/c.glif":"\/eureka-regularexp.ufo\/glyphs\/c.glif","\/eureka-regularexp.ufo\/glyphs\/caron.glif":"\/eureka-regularexp.ufo\/glyphs\/caron.glif","\/eureka-regularexp.ufo\/glyphs\/ccedilla.glif":"\/eureka-regularexp.ufo\/glyphs\/ccedilla.glif","\/eureka-regularexp.ufo\/glyphs\/cedilla.glif":"\/eureka-regularexp.ufo\/glyphs\/cedilla.glif","\/eureka-regularexp.ufo\/glyphs\/cent.glif":"\/eureka-regularexp.ufo\/glyphs\/cent.glif","\/eureka-regularexp.ufo\/glyphs\/circumflex.glif":"\/eureka-regularexp.ufo\/glyphs\/circumflex.glif","\/eureka-regularexp.ufo\/glyphs\/colon.glif":"\/eureka-regularexp.ufo\/glyphs\/colon.glif","\/eureka-regularexp.ufo\/glyphs\/comma.glif":"\/eureka-regularexp.ufo\/glyphs\/comma.glif","\/eureka-regularexp.ufo\/glyphs\/contents.plist":"\/eureka-regularexp.ufo\/glyphs\/contents.plist","\/eureka-regularexp.ufo\/glyphs\/copyright.glif":"\/eureka-regularexp.ufo\/glyphs\/copyright.glif","\/eureka-regularexp.ufo\/glyphs\/currency.glif":"\/eureka-regularexp.ufo\/glyphs\/currency.glif","\/eureka-regularexp.ufo\/glyphs\/d.glif":"\/eureka-regularexp.ufo\/glyphs\/d.glif","\/eureka-regularexp.ufo\/glyphs\/dagger.glif":"\/eureka-regularexp.ufo\/glyphs\/dagger.glif","\/eureka-regularexp.ufo\/glyphs\/daggerdbl.glif":"\/eureka-regularexp.ufo\/glyphs\/daggerdbl.glif","\/eureka-regularexp.ufo\/glyphs\/degree.glif":"\/eureka-regularexp.ufo\/glyphs\/degree.glif","\/eureka-regularexp.ufo\/glyphs\/dieresis.glif":"\/eureka-regularexp.ufo\/glyphs\/dieresis.glif","\/eureka-regularexp.ufo\/glyphs\/divide.glif":"\/eureka-regularexp.ufo\/glyphs\/divide.glif","\/eureka-regularexp.ufo\/glyphs\/dollar.glif":"\/eureka-regularexp.ufo\/glyphs\/dollar.glif","\/eureka-regularexp.ufo\/glyphs\/dotaccent.glif":"\/eureka-regularexp.ufo\/glyphs\/dotaccent.glif","\/eureka-regularexp.ufo\/glyphs\/dotlessi.glif":"\/eureka-regularexp.ufo\/glyphs\/dotlessi.glif","\/eureka-regularexp.ufo\/glyphs\/e.glif":"\/eureka-regularexp.ufo\/glyphs\/e.glif","\/eureka-regularexp.ufo\/glyphs\/eacute.glif":"\/eureka-regularexp.ufo\/glyphs\/eacute.glif","\/eureka-regularexp.ufo\/glyphs\/ecircumflex.glif":"\/eureka-regularexp.ufo\/glyphs\/ecircumflex.glif","\/eureka-regularexp.ufo\/glyphs\/edieresis.glif":"\/eureka-regularexp.ufo\/glyphs\/edieresis.glif","\/eureka-regularexp.ufo\/glyphs\/egrave.glif":"\/eureka-regularexp.ufo\/glyphs\/egrave.glif","\/eureka-regularexp.ufo\/glyphs\/eight.glif":"\/eureka-regularexp.ufo\/glyphs\/eight.glif","\/eureka-regularexp.ufo\/glyphs\/ellipsis.glif":"\/eureka-regularexp.ufo\/glyphs\/ellipsis.glif","\/eureka-regularexp.ufo\/glyphs\/emdash.glif":"\/eureka-regularexp.ufo\/glyphs\/emdash.glif","\/eureka-regularexp.ufo\/glyphs\/endash.glif":"\/eureka-regularexp.ufo\/glyphs\/endash.glif","\/eureka-regularexp.ufo\/glyphs\/equal.glif":"\/eureka-regularexp.ufo\/glyphs\/equal.glif","\/eureka-regularexp.ufo\/glyphs\/eth.glif":"\/eureka-regularexp.ufo\/glyphs\/eth.glif","\/eureka-regularexp.ufo\/glyphs\/exclam.glif":"\/eureka-regularexp.ufo\/glyphs\/exclam.glif","\/eureka-regularexp.ufo\/glyphs\/exclamdown.glif":"\/eureka-regularexp.ufo\/glyphs\/exclamdown.glif","\/eureka-regularexp.ufo\/glyphs\/f.glif":"\/eureka-regularexp.ufo\/glyphs\/f.glif","\/eureka-regularexp.ufo\/glyphs\/fi.glif":"\/eureka-regularexp.ufo\/glyphs\/fi.glif","\/eureka-regularexp.ufo\/glyphs\/five.glif":"\/eureka-regularexp.ufo\/glyphs\/five.glif","\/eureka-regularexp.ufo\/glyphs\/fl.glif":"\/eureka-regularexp.ufo\/glyphs\/fl.glif","\/eureka-regularexp.ufo\/glyphs\/florin.glif":"\/eureka-regularexp.ufo\/glyphs\/florin.glif","\/eureka-regularexp.ufo\/glyphs\/four.glif":"\/eureka-regularexp.ufo\/glyphs\/four.glif","\/eureka-regularexp.ufo\/glyphs\/fraction.glif":"\/eureka-regularexp.ufo\/glyphs\/fraction.glif","\/eureka-regularexp.ufo\/glyphs\/g.glif":"\/eureka-regularexp.ufo\/glyphs\/g.glif","\/eureka-regularexp.ufo\/glyphs\/germandbls.glif":"\/eureka-regularexp.ufo\/glyphs\/germandbls.glif","\/eureka-regularexp.ufo\/glyphs\/grave.glif":"\/eureka-regularexp.ufo\/glyphs\/grave.glif","\/eureka-regularexp.ufo\/glyphs\/greater.glif":"\/eureka-regularexp.ufo\/glyphs\/greater.glif","\/eureka-regularexp.ufo\/glyphs\/greaterequal.glif":"\/eureka-regularexp.ufo\/glyphs\/greaterequal.glif","\/eureka-regularexp.ufo\/glyphs\/guillemotleft.glif":"\/eureka-regularexp.ufo\/glyphs\/guillemotleft.glif","\/eureka-regularexp.ufo\/glyphs\/guillemotright.glif":"\/eureka-regularexp.ufo\/glyphs\/guillemotright.glif","\/eureka-regularexp.ufo\/glyphs\/guilsinglleft.glif":"\/eureka-regularexp.ufo\/glyphs\/guilsinglleft.glif","\/eureka-regularexp.ufo\/glyphs\/guilsinglright.glif":"\/eureka-regularexp.ufo\/glyphs\/guilsinglright.glif","\/eureka-regularexp.ufo\/glyphs\/h.glif":"\/eureka-regularexp.ufo\/glyphs\/h.glif","\/eureka-regularexp.ufo\/glyphs\/hungarumlaut.glif":"\/eureka-regularexp.ufo\/glyphs\/hungarumlaut.glif","\/eureka-regularexp.ufo\/glyphs\/hyphen.glif":"\/eureka-regularexp.ufo\/glyphs\/hyphen.glif","\/eureka-regularexp.ufo\/glyphs\/i.glif":"\/eureka-regularexp.ufo\/glyphs\/i.glif","\/eureka-regularexp.ufo\/glyphs\/iacute.glif":"\/eureka-regularexp.ufo\/glyphs\/iacute.glif","\/eureka-regularexp.ufo\/glyphs\/icircumflex.glif":"\/eureka-regularexp.ufo\/glyphs\/icircumflex.glif","\/eureka-regularexp.ufo\/glyphs\/idieresis.glif":"\/eureka-regularexp.ufo\/glyphs\/idieresis.glif","\/eureka-regularexp.ufo\/glyphs\/igrave.glif":"\/eureka-regularexp.ufo\/glyphs\/igrave.glif","\/eureka-regularexp.ufo\/glyphs\/infinity.glif":"\/eureka-regularexp.ufo\/glyphs\/infinity.glif","\/eureka-regularexp.ufo\/glyphs\/integral.glif":"\/eureka-regularexp.ufo\/glyphs\/integral.glif","\/eureka-regularexp.ufo\/glyphs\/j.glif":"\/eureka-regularexp.ufo\/glyphs\/j.glif","\/eureka-regularexp.ufo\/glyphs\/k.glif":"\/eureka-regularexp.ufo\/glyphs\/k.glif","\/eureka-regularexp.ufo\/glyphs\/l.glif":"\/eureka-regularexp.ufo\/glyphs\/l.glif","\/eureka-regularexp.ufo\/glyphs\/less.glif":"\/eureka-regularexp.ufo\/glyphs\/less.glif","\/eureka-regularexp.ufo\/glyphs\/lessequal.glif":"\/eureka-regularexp.ufo\/glyphs\/lessequal.glif","\/eureka-regularexp.ufo\/glyphs\/logicalnot.glif":"\/eureka-regularexp.ufo\/glyphs\/logicalnot.glif","\/eureka-regularexp.ufo\/glyphs\/lozenge.glif":"\/eureka-regularexp.ufo\/glyphs\/lozenge.glif","\/eureka-regularexp.ufo\/glyphs\/lslash.glif":"\/eureka-regularexp.ufo\/glyphs\/lslash.glif","\/eureka-regularexp.ufo\/glyphs\/m.glif":"\/eureka-regularexp.ufo\/glyphs\/m.glif","\/eureka-regularexp.ufo\/glyphs\/macron.glif":"\/eureka-regularexp.ufo\/glyphs\/macron.glif","\/eureka-regularexp.ufo\/glyphs\/minus.glif":"\/eureka-regularexp.ufo\/glyphs\/minus.glif","\/eureka-regularexp.ufo\/glyphs\/mu.glif":"\/eureka-regularexp.ufo\/glyphs\/mu.glif","\/eureka-regularexp.ufo\/glyphs\/multiply.glif":"\/eureka-regularexp.ufo\/glyphs\/multiply.glif","\/eureka-regularexp.ufo\/glyphs\/n.glif":"\/eureka-regularexp.ufo\/glyphs\/n.glif","\/eureka-regularexp.ufo\/glyphs\/nbspace.glif":"\/eureka-regularexp.ufo\/glyphs\/nbspace.glif","\/eureka-regularexp.ufo\/glyphs\/nine.glif":"\/eureka-regularexp.ufo\/glyphs\/nine.glif","\/eureka-regularexp.ufo\/glyphs\/notequal.glif":"\/eureka-regularexp.ufo\/glyphs\/notequal.glif","\/eureka-regularexp.ufo\/glyphs\/ntilde.glif":"\/eureka-regularexp.ufo\/glyphs\/ntilde.glif","\/eureka-regularexp.ufo\/glyphs\/numbersign.glif":"\/eureka-regularexp.ufo\/glyphs\/numbersign.glif","\/eureka-regularexp.ufo\/glyphs\/o.glif":"\/eureka-regularexp.ufo\/glyphs\/o.glif","\/eureka-regularexp.ufo\/glyphs\/oacute.glif":"\/eureka-regularexp.ufo\/glyphs\/oacute.glif","\/eureka-regularexp.ufo\/glyphs\/ocircumflex.glif":"\/eureka-regularexp.ufo\/glyphs\/ocircumflex.glif","\/eureka-regularexp.ufo\/glyphs\/odieresis.glif":"\/eureka-regularexp.ufo\/glyphs\/odieresis.glif","\/eureka-regularexp.ufo\/glyphs\/oe.glif":"\/eureka-regularexp.ufo\/glyphs\/oe.glif","\/eureka-regularexp.ufo\/glyphs\/ogonek.glif":"\/eureka-regularexp.ufo\/glyphs\/ogonek.glif","\/eureka-regularexp.ufo\/glyphs\/ograve.glif":"\/eureka-regularexp.ufo\/glyphs\/ograve.glif","\/eureka-regularexp.ufo\/glyphs\/one.glif":"\/eureka-regularexp.ufo\/glyphs\/one.glif","\/eureka-regularexp.ufo\/glyphs\/onehalf.glif":"\/eureka-regularexp.ufo\/glyphs\/onehalf.glif","\/eureka-regularexp.ufo\/glyphs\/onequarter.glif":"\/eureka-regularexp.ufo\/glyphs\/onequarter.glif","\/eureka-regularexp.ufo\/glyphs\/onesuperior.glif":"\/eureka-regularexp.ufo\/glyphs\/onesuperior.glif","\/eureka-regularexp.ufo\/glyphs\/ordfeminine.glif":"\/eureka-regularexp.ufo\/glyphs\/ordfeminine.glif","\/eureka-regularexp.ufo\/glyphs\/ordmasculine.glif":"\/eureka-regularexp.ufo\/glyphs\/ordmasculine.glif","\/eureka-regularexp.ufo\/glyphs\/oslash.glif":"\/eureka-regularexp.ufo\/glyphs\/oslash.glif","\/eureka-regularexp.ufo\/glyphs\/otilde.glif":"\/eureka-regularexp.ufo\/glyphs\/otilde.glif","\/eureka-regularexp.ufo\/glyphs\/p.glif":"\/eureka-regularexp.ufo\/glyphs\/p.glif","\/eureka-regularexp.ufo\/glyphs\/paragraph.glif":"\/eureka-regularexp.ufo\/glyphs\/paragraph.glif","\/eureka-regularexp.ufo\/glyphs\/parenleft.glif":"\/eureka-regularexp.ufo\/glyphs\/parenleft.glif","\/eureka-regularexp.ufo\/glyphs\/parenright.glif":"\/eureka-regularexp.ufo\/glyphs\/parenright.glif","\/eureka-regularexp.ufo\/glyphs\/partialdiff.glif":"\/eureka-regularexp.ufo\/glyphs\/partialdiff.glif","\/eureka-regularexp.ufo\/glyphs\/percent.glif":"\/eureka-regularexp.ufo\/glyphs\/percent.glif","\/eureka-regularexp.ufo\/glyphs\/period.glif":"\/eureka-regularexp.ufo\/glyphs\/period.glif","\/eureka-regularexp.ufo\/glyphs\/periodcentered.glif":"\/eureka-regularexp.ufo\/glyphs\/periodcentered.glif","\/eureka-regularexp.ufo\/glyphs\/perthousand.glif":"\/eureka-regularexp.ufo\/glyphs\/perthousand.glif","\/eureka-regularexp.ufo\/glyphs\/pi.glif":"\/eureka-regularexp.ufo\/glyphs\/pi.glif","\/eureka-regularexp.ufo\/glyphs\/plus.glif":"\/eureka-regularexp.ufo\/glyphs\/plus.glif","\/eureka-regularexp.ufo\/glyphs\/plusminus.glif":"\/eureka-regularexp.ufo\/glyphs\/plusminus.glif","\/eureka-regularexp.ufo\/glyphs\/product.glif":"\/eureka-regularexp.ufo\/glyphs\/product.glif","\/eureka-regularexp.ufo\/glyphs\/q.glif":"\/eureka-regularexp.ufo\/glyphs\/q.glif","\/eureka-regularexp.ufo\/glyphs\/question.glif":"\/eureka-regularexp.ufo\/glyphs\/question.glif","\/eureka-regularexp.ufo\/glyphs\/questiondown.glif":"\/eureka-regularexp.ufo\/glyphs\/questiondown.glif","\/eureka-regularexp.ufo\/glyphs\/quotedbl.glif":"\/eureka-regularexp.ufo\/glyphs\/quotedbl.glif","\/eureka-regularexp.ufo\/glyphs\/quotedblbase.glif":"\/eureka-regularexp.ufo\/glyphs\/quotedblbase.glif","\/eureka-regularexp.ufo\/glyphs\/quotedblleft.glif":"\/eureka-regularexp.ufo\/glyphs\/quotedblleft.glif","\/eureka-regularexp.ufo\/glyphs\/quotedblright.glif":"\/eureka-regularexp.ufo\/glyphs\/quotedblright.glif","\/eureka-regularexp.ufo\/glyphs\/quoteleft.glif":"\/eureka-regularexp.ufo\/glyphs\/quoteleft.glif","\/eureka-regularexp.ufo\/glyphs\/quoteright.glif":"\/eureka-regularexp.ufo\/glyphs\/quoteright.glif","\/eureka-regularexp.ufo\/glyphs\/quotesinglbase.glif":"\/eureka-regularexp.ufo\/glyphs\/quotesinglbase.glif","\/eureka-regularexp.ufo\/glyphs\/quotesingle.glif":"\/eureka-regularexp.ufo\/glyphs\/quotesingle.glif","\/eureka-regularexp.ufo\/glyphs\/r.glif":"\/eureka-regularexp.ufo\/glyphs\/r.glif","\/eureka-regularexp.ufo\/glyphs\/radical.glif":"\/eureka-regularexp.ufo\/glyphs\/radical.glif","\/eureka-regularexp.ufo\/glyphs\/registered.glif":"\/eureka-regularexp.ufo\/glyphs\/registered.glif","\/eureka-regularexp.ufo\/glyphs\/ring.glif":"\/eureka-regularexp.ufo\/glyphs\/ring.glif","\/eureka-regularexp.ufo\/glyphs\/s.glif":"\/eureka-regularexp.ufo\/glyphs\/s.glif","\/eureka-regularexp.ufo\/glyphs\/scaron.glif":"\/eureka-regularexp.ufo\/glyphs\/scaron.glif","\/eureka-regularexp.ufo\/glyphs\/section.glif":"\/eureka-regularexp.ufo\/glyphs\/section.glif","\/eureka-regularexp.ufo\/glyphs\/semicolon.glif":"\/eureka-regularexp.ufo\/glyphs\/semicolon.glif","\/eureka-regularexp.ufo\/glyphs\/seven.glif":"\/eureka-regularexp.ufo\/glyphs\/seven.glif","\/eureka-regularexp.ufo\/glyphs\/six.glif":"\/eureka-regularexp.ufo\/glyphs\/six.glif","\/eureka-regularexp.ufo\/glyphs\/slash.glif":"\/eureka-regularexp.ufo\/glyphs\/slash.glif","\/eureka-regularexp.ufo\/glyphs\/space.glif":"\/eureka-regularexp.ufo\/glyphs\/space.glif","\/eureka-regularexp.ufo\/glyphs\/sterling.glif":"\/eureka-regularexp.ufo\/glyphs\/sterling.glif","\/eureka-regularexp.ufo\/glyphs\/summation.glif":"\/eureka-regularexp.ufo\/glyphs\/summation.glif","\/eureka-regularexp.ufo\/glyphs\/t.glif":"\/eureka-regularexp.ufo\/glyphs\/t.glif","\/eureka-regularexp.ufo\/glyphs\/thorn.glif":"\/eureka-regularexp.ufo\/glyphs\/thorn.glif","\/eureka-regularexp.ufo\/glyphs\/three.glif":"\/eureka-regularexp.ufo\/glyphs\/three.glif","\/eureka-regularexp.ufo\/glyphs\/threequarters.glif":"\/eureka-regularexp.ufo\/glyphs\/threequarters.glif","\/eureka-regularexp.ufo\/glyphs\/threesuperior.glif":"\/eureka-regularexp.ufo\/glyphs\/threesuperior.glif","\/eureka-regularexp.ufo\/glyphs\/tilde.glif":"\/eureka-regularexp.ufo\/glyphs\/tilde.glif","\/eureka-regularexp.ufo\/glyphs\/trademark.glif":"\/eureka-regularexp.ufo\/glyphs\/trademark.glif","\/eureka-regularexp.ufo\/glyphs\/two.glif":"\/eureka-regularexp.ufo\/glyphs\/two.glif","\/eureka-regularexp.ufo\/glyphs\/twosuperior.glif":"\/eureka-regularexp.ufo\/glyphs\/twosuperior.glif","\/eureka-regularexp.ufo\/glyphs\/u.glif":"\/eureka-regularexp.ufo\/glyphs\/u.glif","\/eureka-regularexp.ufo\/glyphs\/uacute.glif":"\/eureka-regularexp.ufo\/glyphs\/uacute.glif","\/eureka-regularexp.ufo\/glyphs\/ucircumflex.glif":"\/eureka-regularexp.ufo\/glyphs\/ucircumflex.glif","\/eureka-regularexp.ufo\/glyphs\/udieresis.glif":"\/eureka-regularexp.ufo\/glyphs\/udieresis.glif","\/eureka-regularexp.ufo\/glyphs\/ugrave.glif":"\/eureka-regularexp.ufo\/glyphs\/ugrave.glif","\/eureka-regularexp.ufo\/glyphs\/underscore.glif":"\/eureka-regularexp.ufo\/glyphs\/underscore.glif","\/eureka-regularexp.ufo\/glyphs\/v.glif":"\/eureka-regularexp.ufo\/glyphs\/v.glif","\/eureka-regularexp.ufo\/glyphs\/w.glif":"\/eureka-regularexp.ufo\/glyphs\/w.glif","\/eureka-regularexp.ufo\/glyphs\/x.glif":"\/eureka-regularexp.ufo\/glyphs\/x.glif","\/eureka-regularexp.ufo\/glyphs\/y.glif":"\/eureka-regularexp.ufo\/glyphs\/y.glif","\/eureka-regularexp.ufo\/glyphs\/yacute.glif":"\/eureka-regularexp.ufo\/glyphs\/yacute.glif","\/eureka-regularexp.ufo\/glyphs\/ydieresis.glif":"\/eureka-regularexp.ufo\/glyphs\/ydieresis.glif","\/eureka-regularexp.ufo\/glyphs\/yen.glif":"\/eureka-regularexp.ufo\/glyphs\/yen.glif","\/eureka-regularexp.ufo\/glyphs\/z.glif":"\/eureka-regularexp.ufo\/glyphs\/z.glif","\/eureka-regularexp.ufo\/glyphs\/zcaron.glif":"\/eureka-regularexp.ufo\/glyphs\/zcaron.glif","\/eureka-regularexp.ufo\/glyphs\/zero.glif":"\/eureka-regularexp.ufo\/glyphs\/zero.glif"},"Font":{"uploaded":1471123645.3822,"licence":"gpl3","company":"Chronolabs Cooperative","title":"Eureka Regular Exp","version":3.002,"date":"Fri Aug 12 15:56:39 2016","creator":"root","type":"1","matrix":"0.001 0 0 0.001 0 0","named":"Eureka-RegularExp","painttype":"0","info":"10 dict dup","name":"Eureka Regular Exp","family":"Eureka","weight":"Regular","fstype":"0","italicangle":"0","underlineposition":"","underlinethickness":""},"Licences":{"":false},"Table":{"FFTM":{"entryLength":16,"tag":"FFTM","checksum":1944410046,"offset":12404,"length":28},"GDEF":{"entryLength":16,"tag":"GDEF","checksum":19136518,"offset":12372,"length":32},"OS\/2":{"entryLength":16,"tag":"OS\/2","checksum":2004629816,"offset":344,"length":86},"cmap":{"entryLength":16,"tag":"cmap","checksum":3833775820,"offset":1420,"length":654},"gasp":{"entryLength":16,"tag":"gasp","checksum":4294901763,"offset":12364,"length":8},"glyf":{"entryLength":16,"tag":"glyf","checksum":1236640073,"offset":2572,"length":8400},"head":{"entryLength":16,"tag":"head","checksum":178555091,"offset":220,"length":54},"hhea":{"entryLength":16,"tag":"hhea","checksum":114951034,"offset":276,"length":36},"hmtx":{"entryLength":16,"tag":"hmtx","checksum":982978204,"offset":432,"length":988},"loca":{"entryLength":16,"tag":"loca","checksum":3891130352,"offset":2076,"length":496},"maxp":{"entryLength":16,"tag":"maxp","checksum":22610124,"offset":312,"length":32},"name":{"entryLength":16,"tag":"name","checksum":2822379706,"offset":10972,"length":855},"post":{"entryLength":16,"tag":"post","checksum":3000631864,"offset":11828,"length":536}},"UnicodeCharMap":{"32":3,"33":4,"34":5,"35":6,"36":7,"37":8,"38":9,"39":10,"40":11,"41":12,"42":13,"43":14,"44":15,"45":16,"46":17,"47":18,"48":19,"49":20,"50":21,"51":22,"52":23,"53":24,"54":25,"55":26,"56":27,"57":28,"58":29,"59":30,"60":31,"61":32,"62":33,"63":34,"64":35,"65":36,"66":37,"67":38,"68":39,"69":40,"70":41,"71":42,"72":43,"73":44,"74":45,"75":46,"76":47,"77":48,"78":49,"79":50,"80":51,"81":52,"82":53,"83":54,"84":55,"85":56,"86":57,"87":58,"88":59,"89":60,"90":61,"91":62,"92":63,"93":64,"94":65,"95":66,"96":67,"97":68,"98":69,"99":70,"100":71,"101":72,"102":73,"103":74,"104":75,"105":76,"106":77,"107":78,"108":79,"109":80,"110":81,"111":82,"112":83,"113":84,"114":85,"115":86,"116":87,"117":88,"118":89,"119":90,"120":91,"121":92,"122":93,"123":94,"124":95,"125":96,"126":97,"160":98,"161":99,"162":100,"163":101,"164":102,"165":103,"166":104,"167":105,"168":106,"169":107,"170":108,"171":109,"172":110,"174":111,"175":112,"176":113,"177":114,"178":115,"179":116,"180":117,"182":119,"183":120,"184":121,"185":122,"186":123,"187":124,"188":125,"189":126,"190":127,"191":128,"192":129,"193":130,"194":131,"195":132,"196":133,"197":134,"198":135,"199":136,"200":137,"201":138,"202":139,"203":140,"204":141,"205":142,"206":143,"207":144,"208":145,"209":146,"210":147,"211":148,"212":149,"213":150,"214":151,"215":152,"216":153,"217":154,"218":155,"219":156,"220":157,"221":158,"222":159,"223":160,"224":161,"225":162,"226":163,"227":164,"228":165,"229":166,"230":167,"231":168,"232":169,"233":170,"234":171,"235":172,"236":173,"237":174,"238":175,"239":176,"240":177,"241":178,"242":179,"243":180,"244":181,"245":182,"246":183,"247":184,"248":185,"249":186,"250":187,"251":188,"252":189,"253":190,"254":191,"255":192,"305":222,"321":220,"322":223,"338":221,"339":224,"352":225,"353":226,"376":245,"381":227,"382":228,"402":196,"710":211,"711":218,"728":213,"729":214,"730":215,"731":217,"732":212,"733":216,"916":243,"937":240,"956":118,"960":238,"8211":202,"8212":219,"8216":194,"8217":193,"8218":206,"8220":197,"8221":208,"8222":207,"8224":203,"8225":204,"8226":205,"8230":209,"8240":210,"8249":198,"8250":199,"8260":195,"8482":230,"8706":235,"8719":237,"8721":236,"8722":229,"8730":241,"8734":232,"8747":239,"8776":242,"8800":231,"8804":233,"8805":234,"9674":244,"64257":200,"64258":201},"Reserves":{"fontname":"Eureka Regular Exp"},"Names":{"Eureka Regular Exp":{"name":"Eureka Regular Exp","longitude":"0.00000001","latitude":"0.00000001","country":"","region":"","city":""}},"Nodes":{"eu":{"type":"typal","node":"eu","usage":1,"weight":1},"ka":{"type":"typal","node":"ka","usage":1,"weight":1},"re":{"type":"typal","node":"re","usage":1,"weight":1},"ar":{"type":"typal","node":"ar","usage":1,"weight":1},"ex":{"type":"typal","node":"ex","usage":1,"weight":1},"xp":{"type":"typal","node":"xp","usage":1,"weight":1},"eur":{"type":"typal","node":"eur","usage":1,"weight":1},"eka":{"type":"typal","node":"eka","usage":1,"weight":1},"reg":{"type":"typal","node":"reg","usage":1,"weight":1},"lar":{"type":"typal","node":"lar","usage":1,"weight":1},"eure":{"type":"keys","node":"eure","usage":1,"weight":1},"reka":{"type":"keys","node":"reka","usage":1,"weight":1},"regu":{"type":"keys","node":"regu","usage":1,"weight":1},"ular":{"type":"keys","node":"ular","usage":1,"weight":1},"eurek":{"type":"keys","node":"eurek","usage":1,"weight":1},"ureka":{"type":"keys","node":"ureka","usage":1,"weight":1},"regul":{"type":"keys","node":"regul","usage":1,"weight":1},"gular":{"type":"keys","node":"gular","usage":1,"weight":1},"eureka":{"type":"fixes","node":"eureka","usage":1,"weight":1},"regular":{"type":"fixes","node":"regular","usage":1,"weight":1},"exp":{"type":"fixes","node":"exp","usage":1,"weight":1}},"Contributors":[],"FontIdentity":"wagovau:3213a417d71fe2735695c68e","Bytes":null,"Networking":[],"barcode":"CmA10KAimSiOS3","referee":"soyoaq"}