{"CSS":{"NexusSerifTF-BoldItalic":"NexusSerifTF-BoldItalic.css","Nexus Serif TF Bold Italic":"crash99:97f14110e26bd4b54a8c3faf.css"},"FontType":"TrueType","FontCopyright":"2004 Martin Majoor, published by FontShop International for the FontFont library.","FontName":"NexusSerifTF-BoldItalic","FontSubfamily":"BoldItalic","FontSubfamilyID":"FontForge 2.0 : NexusSerifTF-BoldItalic : 28-8-2016","FontFullName":"Nexus Serif TF Bold Italic","FontVersion":"Version 4.460 ","FontWeight":null,"FontPostscriptName":"NexusSerifTF-BoldItalic","Files":{"\/NexusSerifTF-BoldItalic.css":"\/NexusSerifTF-BoldItalic.css","\/font-resource.json":"\/font-resource.json","\/nexusseriftf-bolditalic.afm":"\/nexusseriftf-bolditalic.afm","\/nexusseriftf-bolditalic.cef":"\/nexusseriftf-bolditalic.cef","\/nexusseriftf-bolditalic.cff":"\/nexusseriftf-bolditalic.cff","\/nexusseriftf-bolditalic.eot":"\/nexusseriftf-bolditalic.eot","\/nexusseriftf-bolditalic.gai":"\/nexusseriftf-bolditalic.gai","\/nexusseriftf-bolditalic.gsf":"\/nexusseriftf-bolditalic.gsf","\/nexusseriftf-bolditalic.otf":"\/nexusseriftf-bolditalic.otf","\/nexusseriftf-bolditalic.pf3":"\/nexusseriftf-bolditalic.pf3","\/nexusseriftf-bolditalic.pfa":"\/nexusseriftf-bolditalic.pfa","\/nexusseriftf-bolditalic.pfb":"\/nexusseriftf-bolditalic.pfb","\/nexusseriftf-bolditalic.php":"\/nexusseriftf-bolditalic.php","\/nexusseriftf-bolditalic.pt3":"\/nexusseriftf-bolditalic.pt3","\/nexusseriftf-bolditalic.sfd":"\/nexusseriftf-bolditalic.sfd","\/nexusseriftf-bolditalic.svg":"\/nexusseriftf-bolditalic.svg","\/nexusseriftf-bolditalic.t42":"\/nexusseriftf-bolditalic.t42","\/nexusseriftf-bolditalic.ttd":"\/nexusseriftf-bolditalic.ttd","\/nexusseriftf-bolditalic.ttf":"\/nexusseriftf-bolditalic.ttf","\/nexusseriftf-bolditalic.ttg":"\/nexusseriftf-bolditalic.ttg","\/nexusseriftf-bolditalic.ufm":"\/nexusseriftf-bolditalic.ufm","\/nexusseriftf-bolditalic.woff":"\/nexusseriftf-bolditalic.woff","\/nexusseriftf-bolditalic.z":"\/nexusseriftf-bolditalic.z","\/nexusseriftf-bolditalic.ufo\/feature.fea":"\/nexusseriftf-bolditalic.ufo\/feature.fea","\/nexusseriftf-bolditalic.ufo\/fontinfo.plist":"\/nexusseriftf-bolditalic.ufo\/fontinfo.plist","\/nexusseriftf-bolditalic.ufo\/groups.plist":"\/nexusseriftf-bolditalic.ufo\/groups.plist","\/nexusseriftf-bolditalic.ufo\/kerning.plist":"\/nexusseriftf-bolditalic.ufo\/kerning.plist","\/nexusseriftf-bolditalic.ufo\/metainfo.plist":"\/nexusseriftf-bolditalic.ufo\/metainfo.plist","\/nexusseriftf-bolditalic.ufo\/glyphs\/A_.glif":"\/nexusseriftf-bolditalic.ufo\/glyphs\/A_.glif","\/nexusseriftf-bolditalic.ufo\/glyphs\/A_E_.glif":"\/nexusseriftf-bolditalic.ufo\/glyphs\/A_E_.glif","\/nexusseriftf-bolditalic.ufo\/glyphs\/A_acute.glif":"\/nexusseriftf-bolditalic.ufo\/glyphs\/A_acute.glif","\/nexusseriftf-bolditalic.ufo\/glyphs\/A_circumflex.glif":"\/nexusseriftf-bolditalic.ufo\/glyphs\/A_circumflex.glif","\/nexusseriftf-bolditalic.ufo\/glyphs\/A_dieresis.glif":"\/nexusseriftf-bolditalic.ufo\/glyphs\/A_dieresis.glif","\/nexusseriftf-bolditalic.ufo\/glyphs\/A_grave.glif":"\/nexusseriftf-bolditalic.ufo\/glyphs\/A_grave.glif","\/nexusseriftf-bolditalic.ufo\/glyphs\/A_ring.glif":"\/nexusseriftf-bolditalic.ufo\/glyphs\/A_ring.glif","\/nexusseriftf-bolditalic.ufo\/glyphs\/A_tilde.glif":"\/nexusseriftf-bolditalic.ufo\/glyphs\/A_tilde.glif","\/nexusseriftf-bolditalic.ufo\/glyphs\/B_.glif":"\/nexusseriftf-bolditalic.ufo\/glyphs\/B_.glif","\/nexusseriftf-bolditalic.ufo\/glyphs\/C_.glif":"\/nexusseriftf-bolditalic.ufo\/glyphs\/C_.glif","\/nexusseriftf-bolditalic.ufo\/glyphs\/C_R_.glif":"\/nexusseriftf-bolditalic.ufo\/glyphs\/C_R_.glif","\/nexusseriftf-bolditalic.ufo\/glyphs\/C_cedilla.glif":"\/nexusseriftf-bolditalic.ufo\/glyphs\/C_cedilla.glif","\/nexusseriftf-bolditalic.ufo\/glyphs\/D_.glif":"\/nexusseriftf-bolditalic.ufo\/glyphs\/D_.glif","\/nexusseriftf-bolditalic.ufo\/glyphs\/E_.glif":"\/nexusseriftf-bolditalic.ufo\/glyphs\/E_.glif","\/nexusseriftf-bolditalic.ufo\/glyphs\/E_acute.glif":"\/nexusseriftf-bolditalic.ufo\/glyphs\/E_acute.glif","\/nexusseriftf-bolditalic.ufo\/glyphs\/E_circumflex.glif":"\/nexusseriftf-bolditalic.ufo\/glyphs\/E_circumflex.glif","\/nexusseriftf-bolditalic.ufo\/glyphs\/E_dieresis.glif":"\/nexusseriftf-bolditalic.ufo\/glyphs\/E_dieresis.glif","\/nexusseriftf-bolditalic.ufo\/glyphs\/E_grave.glif":"\/nexusseriftf-bolditalic.ufo\/glyphs\/E_grave.glif","\/nexusseriftf-bolditalic.ufo\/glyphs\/E_th.glif":"\/nexusseriftf-bolditalic.ufo\/glyphs\/E_th.glif","\/nexusseriftf-bolditalic.ufo\/glyphs\/E_uro.glif":"\/nexusseriftf-bolditalic.ufo\/glyphs\/E_uro.glif","\/nexusseriftf-bolditalic.ufo\/glyphs\/F_.glif":"\/nexusseriftf-bolditalic.ufo\/glyphs\/F_.glif","\/nexusseriftf-bolditalic.ufo\/glyphs\/G_.glif":"\/nexusseriftf-bolditalic.ufo\/glyphs\/G_.glif","\/nexusseriftf-bolditalic.ufo\/glyphs\/H_.glif":"\/nexusseriftf-bolditalic.ufo\/glyphs\/H_.glif","\/nexusseriftf-bolditalic.ufo\/glyphs\/I_.glif":"\/nexusseriftf-bolditalic.ufo\/glyphs\/I_.glif","\/nexusseriftf-bolditalic.ufo\/glyphs\/I_acute.glif":"\/nexusseriftf-bolditalic.ufo\/glyphs\/I_acute.glif","\/nexusseriftf-bolditalic.ufo\/glyphs\/I_circumflex.glif":"\/nexusseriftf-bolditalic.ufo\/glyphs\/I_circumflex.glif","\/nexusseriftf-bolditalic.ufo\/glyphs\/I_dieresis.glif":"\/nexusseriftf-bolditalic.ufo\/glyphs\/I_dieresis.glif","\/nexusseriftf-bolditalic.ufo\/glyphs\/I_grave.glif":"\/nexusseriftf-bolditalic.ufo\/glyphs\/I_grave.glif","\/nexusseriftf-bolditalic.ufo\/glyphs\/J_.glif":"\/nexusseriftf-bolditalic.ufo\/glyphs\/J_.glif","\/nexusseriftf-bolditalic.ufo\/glyphs\/K_.glif":"\/nexusseriftf-bolditalic.ufo\/glyphs\/K_.glif","\/nexusseriftf-bolditalic.ufo\/glyphs\/L_.glif":"\/nexusseriftf-bolditalic.ufo\/glyphs\/L_.glif","\/nexusseriftf-bolditalic.ufo\/glyphs\/L_slash.glif":"\/nexusseriftf-bolditalic.ufo\/glyphs\/L_slash.glif","\/nexusseriftf-bolditalic.ufo\/glyphs\/M_.glif":"\/nexusseriftf-bolditalic.ufo\/glyphs\/M_.glif","\/nexusseriftf-bolditalic.ufo\/glyphs\/N_.glif":"\/nexusseriftf-bolditalic.ufo\/glyphs\/N_.glif","\/nexusseriftf-bolditalic.ufo\/glyphs\/N_tilde.glif":"\/nexusseriftf-bolditalic.ufo\/glyphs\/N_tilde.glif","\/nexusseriftf-bolditalic.ufo\/glyphs\/O_.glif":"\/nexusseriftf-bolditalic.ufo\/glyphs\/O_.glif","\/nexusseriftf-bolditalic.ufo\/glyphs\/O_E_.glif":"\/nexusseriftf-bolditalic.ufo\/glyphs\/O_E_.glif","\/nexusseriftf-bolditalic.ufo\/glyphs\/O_acute.glif":"\/nexusseriftf-bolditalic.ufo\/glyphs\/O_acute.glif","\/nexusseriftf-bolditalic.ufo\/glyphs\/O_circumflex.glif":"\/nexusseriftf-bolditalic.ufo\/glyphs\/O_circumflex.glif","\/nexusseriftf-bolditalic.ufo\/glyphs\/O_dieresis.glif":"\/nexusseriftf-bolditalic.ufo\/glyphs\/O_dieresis.glif","\/nexusseriftf-bolditalic.ufo\/glyphs\/O_grave.glif":"\/nexusseriftf-bolditalic.ufo\/glyphs\/O_grave.glif","\/nexusseriftf-bolditalic.ufo\/glyphs\/O_slash.glif":"\/nexusseriftf-bolditalic.ufo\/glyphs\/O_slash.glif","\/nexusseriftf-bolditalic.ufo\/glyphs\/O_tilde.glif":"\/nexusseriftf-bolditalic.ufo\/glyphs\/O_tilde.glif","\/nexusseriftf-bolditalic.ufo\/glyphs\/P_.glif":"\/nexusseriftf-bolditalic.ufo\/glyphs\/P_.glif","\/nexusseriftf-bolditalic.ufo\/glyphs\/Q_.glif":"\/nexusseriftf-bolditalic.ufo\/glyphs\/Q_.glif","\/nexusseriftf-bolditalic.ufo\/glyphs\/R_.glif":"\/nexusseriftf-bolditalic.ufo\/glyphs\/R_.glif","\/nexusseriftf-bolditalic.ufo\/glyphs\/S_.glif":"\/nexusseriftf-bolditalic.ufo\/glyphs\/S_.glif","\/nexusseriftf-bolditalic.ufo\/glyphs\/S_caron.glif":"\/nexusseriftf-bolditalic.ufo\/glyphs\/S_caron.glif","\/nexusseriftf-bolditalic.ufo\/glyphs\/T_.glif":"\/nexusseriftf-bolditalic.ufo\/glyphs\/T_.glif","\/nexusseriftf-bolditalic.ufo\/glyphs\/T_horn.glif":"\/nexusseriftf-bolditalic.ufo\/glyphs\/T_horn.glif","\/nexusseriftf-bolditalic.ufo\/glyphs\/U_.glif":"\/nexusseriftf-bolditalic.ufo\/glyphs\/U_.glif","\/nexusseriftf-bolditalic.ufo\/glyphs\/U_acute.glif":"\/nexusseriftf-bolditalic.ufo\/glyphs\/U_acute.glif","\/nexusseriftf-bolditalic.ufo\/glyphs\/U_circumflex.glif":"\/nexusseriftf-bolditalic.ufo\/glyphs\/U_circumflex.glif","\/nexusseriftf-bolditalic.ufo\/glyphs\/U_dieresis.glif":"\/nexusseriftf-bolditalic.ufo\/glyphs\/U_dieresis.glif","\/nexusseriftf-bolditalic.ufo\/glyphs\/U_grave.glif":"\/nexusseriftf-bolditalic.ufo\/glyphs\/U_grave.glif","\/nexusseriftf-bolditalic.ufo\/glyphs\/V_.glif":"\/nexusseriftf-bolditalic.ufo\/glyphs\/V_.glif","\/nexusseriftf-bolditalic.ufo\/glyphs\/W_.glif":"\/nexusseriftf-bolditalic.ufo\/glyphs\/W_.glif","\/nexusseriftf-bolditalic.ufo\/glyphs\/X_.glif":"\/nexusseriftf-bolditalic.ufo\/glyphs\/X_.glif","\/nexusseriftf-bolditalic.ufo\/glyphs\/Y_.glif":"\/nexusseriftf-bolditalic.ufo\/glyphs\/Y_.glif","\/nexusseriftf-bolditalic.ufo\/glyphs\/Y_acute.glif":"\/nexusseriftf-bolditalic.ufo\/glyphs\/Y_acute.glif","\/nexusseriftf-bolditalic.ufo\/glyphs\/Y_dieresis.glif":"\/nexusseriftf-bolditalic.ufo\/glyphs\/Y_dieresis.glif","\/nexusseriftf-bolditalic.ufo\/glyphs\/Z_.glif":"\/nexusseriftf-bolditalic.ufo\/glyphs\/Z_.glif","\/nexusseriftf-bolditalic.ufo\/glyphs\/Z_caron.glif":"\/nexusseriftf-bolditalic.ufo\/glyphs\/Z_caron.glif","\/nexusseriftf-bolditalic.ufo\/glyphs\/_null.glif":"\/nexusseriftf-bolditalic.ufo\/glyphs\/_null.glif","\/nexusseriftf-bolditalic.ufo\/glyphs\/a.glif":"\/nexusseriftf-bolditalic.ufo\/glyphs\/a.glif","\/nexusseriftf-bolditalic.ufo\/glyphs\/aacute.glif":"\/nexusseriftf-bolditalic.ufo\/glyphs\/aacute.glif","\/nexusseriftf-bolditalic.ufo\/glyphs\/acircumflex.glif":"\/nexusseriftf-bolditalic.ufo\/glyphs\/acircumflex.glif","\/nexusseriftf-bolditalic.ufo\/glyphs\/acute.glif":"\/nexusseriftf-bolditalic.ufo\/glyphs\/acute.glif","\/nexusseriftf-bolditalic.ufo\/glyphs\/acute.lc.glif":"\/nexusseriftf-bolditalic.ufo\/glyphs\/acute.lc.glif","\/nexusseriftf-bolditalic.ufo\/glyphs\/acute.uc.glif":"\/nexusseriftf-bolditalic.ufo\/glyphs\/acute.uc.glif","\/nexusseriftf-bolditalic.ufo\/glyphs\/adieresis.glif":"\/nexusseriftf-bolditalic.ufo\/glyphs\/adieresis.glif","\/nexusseriftf-bolditalic.ufo\/glyphs\/ae.glif":"\/nexusseriftf-bolditalic.ufo\/glyphs\/ae.glif","\/nexusseriftf-bolditalic.ufo\/glyphs\/agrave.glif":"\/nexusseriftf-bolditalic.ufo\/glyphs\/agrave.glif","\/nexusseriftf-bolditalic.ufo\/glyphs\/ampersand.glif":"\/nexusseriftf-bolditalic.ufo\/glyphs\/ampersand.glif","\/nexusseriftf-bolditalic.ufo\/glyphs\/aring.glif":"\/nexusseriftf-bolditalic.ufo\/glyphs\/aring.glif","\/nexusseriftf-bolditalic.ufo\/glyphs\/asciicircum.glif":"\/nexusseriftf-bolditalic.ufo\/glyphs\/asciicircum.glif","\/nexusseriftf-bolditalic.ufo\/glyphs\/asciitilde.glif":"\/nexusseriftf-bolditalic.ufo\/glyphs\/asciitilde.glif","\/nexusseriftf-bolditalic.ufo\/glyphs\/asterisk.glif":"\/nexusseriftf-bolditalic.ufo\/glyphs\/asterisk.glif","\/nexusseriftf-bolditalic.ufo\/glyphs\/at.glif":"\/nexusseriftf-bolditalic.ufo\/glyphs\/at.glif","\/nexusseriftf-bolditalic.ufo\/glyphs\/atilde.glif":"\/nexusseriftf-bolditalic.ufo\/glyphs\/atilde.glif","\/nexusseriftf-bolditalic.ufo\/glyphs\/b.glif":"\/nexusseriftf-bolditalic.ufo\/glyphs\/b.glif","\/nexusseriftf-bolditalic.ufo\/glyphs\/backslash.glif":"\/nexusseriftf-bolditalic.ufo\/glyphs\/backslash.glif","\/nexusseriftf-bolditalic.ufo\/glyphs\/bar.glif":"\/nexusseriftf-bolditalic.ufo\/glyphs\/bar.glif","\/nexusseriftf-bolditalic.ufo\/glyphs\/braceleft.glif":"\/nexusseriftf-bolditalic.ufo\/glyphs\/braceleft.glif","\/nexusseriftf-bolditalic.ufo\/glyphs\/braceright.glif":"\/nexusseriftf-bolditalic.ufo\/glyphs\/braceright.glif","\/nexusseriftf-bolditalic.ufo\/glyphs\/bracketleft.glif":"\/nexusseriftf-bolditalic.ufo\/glyphs\/bracketleft.glif","\/nexusseriftf-bolditalic.ufo\/glyphs\/bracketright.glif":"\/nexusseriftf-bolditalic.ufo\/glyphs\/bracketright.glif","\/nexusseriftf-bolditalic.ufo\/glyphs\/breve.glif":"\/nexusseriftf-bolditalic.ufo\/glyphs\/breve.glif","\/nexusseriftf-bolditalic.ufo\/glyphs\/breve.lc.glif":"\/nexusseriftf-bolditalic.ufo\/glyphs\/breve.lc.glif","\/nexusseriftf-bolditalic.ufo\/glyphs\/breve.uc.glif":"\/nexusseriftf-bolditalic.ufo\/glyphs\/breve.uc.glif","\/nexusseriftf-bolditalic.ufo\/glyphs\/brokenbar.glif":"\/nexusseriftf-bolditalic.ufo\/glyphs\/brokenbar.glif","\/nexusseriftf-bolditalic.ufo\/glyphs\/bullet.glif":"\/nexusseriftf-bolditalic.ufo\/glyphs\/bullet.glif","\/nexusseriftf-bolditalic.ufo\/glyphs\/c.glif":"\/nexusseriftf-bolditalic.ufo\/glyphs\/c.glif","\/nexusseriftf-bolditalic.ufo\/glyphs\/caron.glif":"\/nexusseriftf-bolditalic.ufo\/glyphs\/caron.glif","\/nexusseriftf-bolditalic.ufo\/glyphs\/caron.lc.glif":"\/nexusseriftf-bolditalic.ufo\/glyphs\/caron.lc.glif","\/nexusseriftf-bolditalic.ufo\/glyphs\/caron.uc.glif":"\/nexusseriftf-bolditalic.ufo\/glyphs\/caron.uc.glif","\/nexusseriftf-bolditalic.ufo\/glyphs\/ccedilla.glif":"\/nexusseriftf-bolditalic.ufo\/glyphs\/ccedilla.glif","\/nexusseriftf-bolditalic.ufo\/glyphs\/cedilla.glif":"\/nexusseriftf-bolditalic.ufo\/glyphs\/cedilla.glif","\/nexusseriftf-bolditalic.ufo\/glyphs\/cent.glif":"\/nexusseriftf-bolditalic.ufo\/glyphs\/cent.glif","\/nexusseriftf-bolditalic.ufo\/glyphs\/circumflex.glif":"\/nexusseriftf-bolditalic.ufo\/glyphs\/circumflex.glif","\/nexusseriftf-bolditalic.ufo\/glyphs\/circumflex.lc.glif":"\/nexusseriftf-bolditalic.ufo\/glyphs\/circumflex.lc.glif","\/nexusseriftf-bolditalic.ufo\/glyphs\/circumflex.uc.glif":"\/nexusseriftf-bolditalic.ufo\/glyphs\/circumflex.uc.glif","\/nexusseriftf-bolditalic.ufo\/glyphs\/colon.glif":"\/nexusseriftf-bolditalic.ufo\/glyphs\/colon.glif","\/nexusseriftf-bolditalic.ufo\/glyphs\/comma.glif":"\/nexusseriftf-bolditalic.ufo\/glyphs\/comma.glif","\/nexusseriftf-bolditalic.ufo\/glyphs\/contents.plist":"\/nexusseriftf-bolditalic.ufo\/glyphs\/contents.plist","\/nexusseriftf-bolditalic.ufo\/glyphs\/copyright.glif":"\/nexusseriftf-bolditalic.ufo\/glyphs\/copyright.glif","\/nexusseriftf-bolditalic.ufo\/glyphs\/currency.glif":"\/nexusseriftf-bolditalic.ufo\/glyphs\/currency.glif","\/nexusseriftf-bolditalic.ufo\/glyphs\/d.glif":"\/nexusseriftf-bolditalic.ufo\/glyphs\/d.glif","\/nexusseriftf-bolditalic.ufo\/glyphs\/dagger.glif":"\/nexusseriftf-bolditalic.ufo\/glyphs\/dagger.glif","\/nexusseriftf-bolditalic.ufo\/glyphs\/daggerdbl.glif":"\/nexusseriftf-bolditalic.ufo\/glyphs\/daggerdbl.glif","\/nexusseriftf-bolditalic.ufo\/glyphs\/degree.glif":"\/nexusseriftf-bolditalic.ufo\/glyphs\/degree.glif","\/nexusseriftf-bolditalic.ufo\/glyphs\/diedot.lc.glif":"\/nexusseriftf-bolditalic.ufo\/glyphs\/diedot.lc.glif","\/nexusseriftf-bolditalic.ufo\/glyphs\/diedot.uc.glif":"\/nexusseriftf-bolditalic.ufo\/glyphs\/diedot.uc.glif","\/nexusseriftf-bolditalic.ufo\/glyphs\/dieresis.glif":"\/nexusseriftf-bolditalic.ufo\/glyphs\/dieresis.glif","\/nexusseriftf-bolditalic.ufo\/glyphs\/dieresis.lc.glif":"\/nexusseriftf-bolditalic.ufo\/glyphs\/dieresis.lc.glif","\/nexusseriftf-bolditalic.ufo\/glyphs\/dieresis.uc.glif":"\/nexusseriftf-bolditalic.ufo\/glyphs\/dieresis.uc.glif","\/nexusseriftf-bolditalic.ufo\/glyphs\/divide.glif":"\/nexusseriftf-bolditalic.ufo\/glyphs\/divide.glif","\/nexusseriftf-bolditalic.ufo\/glyphs\/dollar.glif":"\/nexusseriftf-bolditalic.ufo\/glyphs\/dollar.glif","\/nexusseriftf-bolditalic.ufo\/glyphs\/dotaccent.glif":"\/nexusseriftf-bolditalic.ufo\/glyphs\/dotaccent.glif","\/nexusseriftf-bolditalic.ufo\/glyphs\/dotaccent.lc.glif":"\/nexusseriftf-bolditalic.ufo\/glyphs\/dotaccent.lc.glif","\/nexusseriftf-bolditalic.ufo\/glyphs\/dotaccent.uc.glif":"\/nexusseriftf-bolditalic.ufo\/glyphs\/dotaccent.uc.glif","\/nexusseriftf-bolditalic.ufo\/glyphs\/dotlessi.glif":"\/nexusseriftf-bolditalic.ufo\/glyphs\/dotlessi.glif","\/nexusseriftf-bolditalic.ufo\/glyphs\/e.glif":"\/nexusseriftf-bolditalic.ufo\/glyphs\/e.glif","\/nexusseriftf-bolditalic.ufo\/glyphs\/eacute.glif":"\/nexusseriftf-bolditalic.ufo\/glyphs\/eacute.glif","\/nexusseriftf-bolditalic.ufo\/glyphs\/ecircumflex.glif":"\/nexusseriftf-bolditalic.ufo\/glyphs\/ecircumflex.glif","\/nexusseriftf-bolditalic.ufo\/glyphs\/edieresis.glif":"\/nexusseriftf-bolditalic.ufo\/glyphs\/edieresis.glif","\/nexusseriftf-bolditalic.ufo\/glyphs\/egrave.glif":"\/nexusseriftf-bolditalic.ufo\/glyphs\/egrave.glif","\/nexusseriftf-bolditalic.ufo\/glyphs\/eight.glif":"\/nexusseriftf-bolditalic.ufo\/glyphs\/eight.glif","\/nexusseriftf-bolditalic.ufo\/glyphs\/ellipsis.glif":"\/nexusseriftf-bolditalic.ufo\/glyphs\/ellipsis.glif","\/nexusseriftf-bolditalic.ufo\/glyphs\/emdash.glif":"\/nexusseriftf-bolditalic.ufo\/glyphs\/emdash.glif","\/nexusseriftf-bolditalic.ufo\/glyphs\/endash.glif":"\/nexusseriftf-bolditalic.ufo\/glyphs\/endash.glif","\/nexusseriftf-bolditalic.ufo\/glyphs\/equal.glif":"\/nexusseriftf-bolditalic.ufo\/glyphs\/equal.glif","\/nexusseriftf-bolditalic.ufo\/glyphs\/eth.glif":"\/nexusseriftf-bolditalic.ufo\/glyphs\/eth.glif","\/nexusseriftf-bolditalic.ufo\/glyphs\/exclam.glif":"\/nexusseriftf-bolditalic.ufo\/glyphs\/exclam.glif","\/nexusseriftf-bolditalic.ufo\/glyphs\/exclamdown.glif":"\/nexusseriftf-bolditalic.ufo\/glyphs\/exclamdown.glif","\/nexusseriftf-bolditalic.ufo\/glyphs\/f.glif":"\/nexusseriftf-bolditalic.ufo\/glyphs\/f.glif","\/nexusseriftf-bolditalic.ufo\/glyphs\/fi.glif":"\/nexusseriftf-bolditalic.ufo\/glyphs\/fi.glif","\/nexusseriftf-bolditalic.ufo\/glyphs\/five.glif":"\/nexusseriftf-bolditalic.ufo\/glyphs\/five.glif","\/nexusseriftf-bolditalic.ufo\/glyphs\/fl.glif":"\/nexusseriftf-bolditalic.ufo\/glyphs\/fl.glif","\/nexusseriftf-bolditalic.ufo\/glyphs\/florin.glif":"\/nexusseriftf-bolditalic.ufo\/glyphs\/florin.glif","\/nexusseriftf-bolditalic.ufo\/glyphs\/four.glif":"\/nexusseriftf-bolditalic.ufo\/glyphs\/four.glif","\/nexusseriftf-bolditalic.ufo\/glyphs\/fraction.glif":"\/nexusseriftf-bolditalic.ufo\/glyphs\/fraction.glif","\/nexusseriftf-bolditalic.ufo\/glyphs\/g.glif":"\/nexusseriftf-bolditalic.ufo\/glyphs\/g.glif","\/nexusseriftf-bolditalic.ufo\/glyphs\/germandbls.glif":"\/nexusseriftf-bolditalic.ufo\/glyphs\/germandbls.glif","\/nexusseriftf-bolditalic.ufo\/glyphs\/grave.glif":"\/nexusseriftf-bolditalic.ufo\/glyphs\/grave.glif","\/nexusseriftf-bolditalic.ufo\/glyphs\/grave.lc.glif":"\/nexusseriftf-bolditalic.ufo\/glyphs\/grave.lc.glif","\/nexusseriftf-bolditalic.ufo\/glyphs\/grave.uc.glif":"\/nexusseriftf-bolditalic.ufo\/glyphs\/grave.uc.glif","\/nexusseriftf-bolditalic.ufo\/glyphs\/greater.glif":"\/nexusseriftf-bolditalic.ufo\/glyphs\/greater.glif","\/nexusseriftf-bolditalic.ufo\/glyphs\/guillemotleft.glif":"\/nexusseriftf-bolditalic.ufo\/glyphs\/guillemotleft.glif","\/nexusseriftf-bolditalic.ufo\/glyphs\/guillemotright.glif":"\/nexusseriftf-bolditalic.ufo\/glyphs\/guillemotright.glif","\/nexusseriftf-bolditalic.ufo\/glyphs\/guilsinglleft.glif":"\/nexusseriftf-bolditalic.ufo\/glyphs\/guilsinglleft.glif","\/nexusseriftf-bolditalic.ufo\/glyphs\/guilsinglright.glif":"\/nexusseriftf-bolditalic.ufo\/glyphs\/guilsinglright.glif","\/nexusseriftf-bolditalic.ufo\/glyphs\/h.glif":"\/nexusseriftf-bolditalic.ufo\/glyphs\/h.glif","\/nexusseriftf-bolditalic.ufo\/glyphs\/hungarumlaut.glif":"\/nexusseriftf-bolditalic.ufo\/glyphs\/hungarumlaut.glif","\/nexusseriftf-bolditalic.ufo\/glyphs\/hungarumlaut.lc.glif":"\/nexusseriftf-bolditalic.ufo\/glyphs\/hungarumlaut.lc.glif","\/nexusseriftf-bolditalic.ufo\/glyphs\/hungarumlaut.uc.glif":"\/nexusseriftf-bolditalic.ufo\/glyphs\/hungarumlaut.uc.glif","\/nexusseriftf-bolditalic.ufo\/glyphs\/hyphen.glif":"\/nexusseriftf-bolditalic.ufo\/glyphs\/hyphen.glif","\/nexusseriftf-bolditalic.ufo\/glyphs\/i.glif":"\/nexusseriftf-bolditalic.ufo\/glyphs\/i.glif","\/nexusseriftf-bolditalic.ufo\/glyphs\/iacute.glif":"\/nexusseriftf-bolditalic.ufo\/glyphs\/iacute.glif","\/nexusseriftf-bolditalic.ufo\/glyphs\/icircumflex.glif":"\/nexusseriftf-bolditalic.ufo\/glyphs\/icircumflex.glif","\/nexusseriftf-bolditalic.ufo\/glyphs\/idieresis.glif":"\/nexusseriftf-bolditalic.ufo\/glyphs\/idieresis.glif","\/nexusseriftf-bolditalic.ufo\/glyphs\/igrave.glif":"\/nexusseriftf-bolditalic.ufo\/glyphs\/igrave.glif","\/nexusseriftf-bolditalic.ufo\/glyphs\/j.glif":"\/nexusseriftf-bolditalic.ufo\/glyphs\/j.glif","\/nexusseriftf-bolditalic.ufo\/glyphs\/k.glif":"\/nexusseriftf-bolditalic.ufo\/glyphs\/k.glif","\/nexusseriftf-bolditalic.ufo\/glyphs\/l.glif":"\/nexusseriftf-bolditalic.ufo\/glyphs\/l.glif","\/nexusseriftf-bolditalic.ufo\/glyphs\/less.glif":"\/nexusseriftf-bolditalic.ufo\/glyphs\/less.glif","\/nexusseriftf-bolditalic.ufo\/glyphs\/logicalnot.glif":"\/nexusseriftf-bolditalic.ufo\/glyphs\/logicalnot.glif","\/nexusseriftf-bolditalic.ufo\/glyphs\/lslash.glif":"\/nexusseriftf-bolditalic.ufo\/glyphs\/lslash.glif","\/nexusseriftf-bolditalic.ufo\/glyphs\/m.glif":"\/nexusseriftf-bolditalic.ufo\/glyphs\/m.glif","\/nexusseriftf-bolditalic.ufo\/glyphs\/macron.glif":"\/nexusseriftf-bolditalic.ufo\/glyphs\/macron.glif","\/nexusseriftf-bolditalic.ufo\/glyphs\/macron.lc.glif":"\/nexusseriftf-bolditalic.ufo\/glyphs\/macron.lc.glif","\/nexusseriftf-bolditalic.ufo\/glyphs\/macron.uc.glif":"\/nexusseriftf-bolditalic.ufo\/glyphs\/macron.uc.glif","\/nexusseriftf-bolditalic.ufo\/glyphs\/minus.glif":"\/nexusseriftf-bolditalic.ufo\/glyphs\/minus.glif","\/nexusseriftf-bolditalic.ufo\/glyphs\/mu.glif":"\/nexusseriftf-bolditalic.ufo\/glyphs\/mu.glif","\/nexusseriftf-bolditalic.ufo\/glyphs\/multiply.glif":"\/nexusseriftf-bolditalic.ufo\/glyphs\/multiply.glif","\/nexusseriftf-bolditalic.ufo\/glyphs\/n.glif":"\/nexusseriftf-bolditalic.ufo\/glyphs\/n.glif","\/nexusseriftf-bolditalic.ufo\/glyphs\/nine.glif":"\/nexusseriftf-bolditalic.ufo\/glyphs\/nine.glif","\/nexusseriftf-bolditalic.ufo\/glyphs\/ntilde.glif":"\/nexusseriftf-bolditalic.ufo\/glyphs\/ntilde.glif","\/nexusseriftf-bolditalic.ufo\/glyphs\/numbersign.glif":"\/nexusseriftf-bolditalic.ufo\/glyphs\/numbersign.glif","\/nexusseriftf-bolditalic.ufo\/glyphs\/o.glif":"\/nexusseriftf-bolditalic.ufo\/glyphs\/o.glif","\/nexusseriftf-bolditalic.ufo\/glyphs\/oacute.glif":"\/nexusseriftf-bolditalic.ufo\/glyphs\/oacute.glif","\/nexusseriftf-bolditalic.ufo\/glyphs\/ocircumflex.glif":"\/nexusseriftf-bolditalic.ufo\/glyphs\/ocircumflex.glif","\/nexusseriftf-bolditalic.ufo\/glyphs\/odieresis.glif":"\/nexusseriftf-bolditalic.ufo\/glyphs\/odieresis.glif","\/nexusseriftf-bolditalic.ufo\/glyphs\/oe.glif":"\/nexusseriftf-bolditalic.ufo\/glyphs\/oe.glif","\/nexusseriftf-bolditalic.ufo\/glyphs\/ogonek.glif":"\/nexusseriftf-bolditalic.ufo\/glyphs\/ogonek.glif","\/nexusseriftf-bolditalic.ufo\/glyphs\/ograve.glif":"\/nexusseriftf-bolditalic.ufo\/glyphs\/ograve.glif","\/nexusseriftf-bolditalic.ufo\/glyphs\/one.glif":"\/nexusseriftf-bolditalic.ufo\/glyphs\/one.glif","\/nexusseriftf-bolditalic.ufo\/glyphs\/onehalf.glif":"\/nexusseriftf-bolditalic.ufo\/glyphs\/onehalf.glif","\/nexusseriftf-bolditalic.ufo\/glyphs\/onequarter.glif":"\/nexusseriftf-bolditalic.ufo\/glyphs\/onequarter.glif","\/nexusseriftf-bolditalic.ufo\/glyphs\/onesuperior.glif":"\/nexusseriftf-bolditalic.ufo\/glyphs\/onesuperior.glif","\/nexusseriftf-bolditalic.ufo\/glyphs\/ordfeminine.glif":"\/nexusseriftf-bolditalic.ufo\/glyphs\/ordfeminine.glif","\/nexusseriftf-bolditalic.ufo\/glyphs\/ordmasculine.glif":"\/nexusseriftf-bolditalic.ufo\/glyphs\/ordmasculine.glif","\/nexusseriftf-bolditalic.ufo\/glyphs\/oslash.glif":"\/nexusseriftf-bolditalic.ufo\/glyphs\/oslash.glif","\/nexusseriftf-bolditalic.ufo\/glyphs\/otilde.glif":"\/nexusseriftf-bolditalic.ufo\/glyphs\/otilde.glif","\/nexusseriftf-bolditalic.ufo\/glyphs\/p.glif":"\/nexusseriftf-bolditalic.ufo\/glyphs\/p.glif","\/nexusseriftf-bolditalic.ufo\/glyphs\/paragraph.glif":"\/nexusseriftf-bolditalic.ufo\/glyphs\/paragraph.glif","\/nexusseriftf-bolditalic.ufo\/glyphs\/parenleft.glif":"\/nexusseriftf-bolditalic.ufo\/glyphs\/parenleft.glif","\/nexusseriftf-bolditalic.ufo\/glyphs\/parenright.glif":"\/nexusseriftf-bolditalic.ufo\/glyphs\/parenright.glif","\/nexusseriftf-bolditalic.ufo\/glyphs\/percent.glif":"\/nexusseriftf-bolditalic.ufo\/glyphs\/percent.glif","\/nexusseriftf-bolditalic.ufo\/glyphs\/period.glif":"\/nexusseriftf-bolditalic.ufo\/glyphs\/period.glif","\/nexusseriftf-bolditalic.ufo\/glyphs\/periodcentered.glif":"\/nexusseriftf-bolditalic.ufo\/glyphs\/periodcentered.glif","\/nexusseriftf-bolditalic.ufo\/glyphs\/perthousand.glif":"\/nexusseriftf-bolditalic.ufo\/glyphs\/perthousand.glif","\/nexusseriftf-bolditalic.ufo\/glyphs\/plus.glif":"\/nexusseriftf-bolditalic.ufo\/glyphs\/plus.glif","\/nexusseriftf-bolditalic.ufo\/glyphs\/plusminus.glif":"\/nexusseriftf-bolditalic.ufo\/glyphs\/plusminus.glif","\/nexusseriftf-bolditalic.ufo\/glyphs\/q.glif":"\/nexusseriftf-bolditalic.ufo\/glyphs\/q.glif","\/nexusseriftf-bolditalic.ufo\/glyphs\/question.glif":"\/nexusseriftf-bolditalic.ufo\/glyphs\/question.glif","\/nexusseriftf-bolditalic.ufo\/glyphs\/questiondown.glif":"\/nexusseriftf-bolditalic.ufo\/glyphs\/questiondown.glif","\/nexusseriftf-bolditalic.ufo\/glyphs\/quotedbl.glif":"\/nexusseriftf-bolditalic.ufo\/glyphs\/quotedbl.glif","\/nexusseriftf-bolditalic.ufo\/glyphs\/quotedblbase.glif":"\/nexusseriftf-bolditalic.ufo\/glyphs\/quotedblbase.glif","\/nexusseriftf-bolditalic.ufo\/glyphs\/quotedblleft.glif":"\/nexusseriftf-bolditalic.ufo\/glyphs\/quotedblleft.glif","\/nexusseriftf-bolditalic.ufo\/glyphs\/quotedblright.glif":"\/nexusseriftf-bolditalic.ufo\/glyphs\/quotedblright.glif","\/nexusseriftf-bolditalic.ufo\/glyphs\/quoteleft.glif":"\/nexusseriftf-bolditalic.ufo\/glyphs\/quoteleft.glif","\/nexusseriftf-bolditalic.ufo\/glyphs\/quoteright.glif":"\/nexusseriftf-bolditalic.ufo\/glyphs\/quoteright.glif","\/nexusseriftf-bolditalic.ufo\/glyphs\/quotesinglbase.glif":"\/nexusseriftf-bolditalic.ufo\/glyphs\/quotesinglbase.glif","\/nexusseriftf-bolditalic.ufo\/glyphs\/quotesingle.glif":"\/nexusseriftf-bolditalic.ufo\/glyphs\/quotesingle.glif","\/nexusseriftf-bolditalic.ufo\/glyphs\/r.glif":"\/nexusseriftf-bolditalic.ufo\/glyphs\/r.glif","\/nexusseriftf-bolditalic.ufo\/glyphs\/registered.glif":"\/nexusseriftf-bolditalic.ufo\/glyphs\/registered.glif","\/nexusseriftf-bolditalic.ufo\/glyphs\/ring.glif":"\/nexusseriftf-bolditalic.ufo\/glyphs\/ring.glif","\/nexusseriftf-bolditalic.ufo\/glyphs\/ring.lc.glif":"\/nexusseriftf-bolditalic.ufo\/glyphs\/ring.lc.glif","\/nexusseriftf-bolditalic.ufo\/glyphs\/ring.uc.glif":"\/nexusseriftf-bolditalic.ufo\/glyphs\/ring.uc.glif","\/nexusseriftf-bolditalic.ufo\/glyphs\/s.glif":"\/nexusseriftf-bolditalic.ufo\/glyphs\/s.glif","\/nexusseriftf-bolditalic.ufo\/glyphs\/scaron.glif":"\/nexusseriftf-bolditalic.ufo\/glyphs\/scaron.glif","\/nexusseriftf-bolditalic.ufo\/glyphs\/section.glif":"\/nexusseriftf-bolditalic.ufo\/glyphs\/section.glif","\/nexusseriftf-bolditalic.ufo\/glyphs\/semicolon.glif":"\/nexusseriftf-bolditalic.ufo\/glyphs\/semicolon.glif","\/nexusseriftf-bolditalic.ufo\/glyphs\/seven.glif":"\/nexusseriftf-bolditalic.ufo\/glyphs\/seven.glif","\/nexusseriftf-bolditalic.ufo\/glyphs\/six.glif":"\/nexusseriftf-bolditalic.ufo\/glyphs\/six.glif","\/nexusseriftf-bolditalic.ufo\/glyphs\/slash.glif":"\/nexusseriftf-bolditalic.ufo\/glyphs\/slash.glif","\/nexusseriftf-bolditalic.ufo\/glyphs\/space.glif":"\/nexusseriftf-bolditalic.ufo\/glyphs\/space.glif","\/nexusseriftf-bolditalic.ufo\/glyphs\/sterling.glif":"\/nexusseriftf-bolditalic.ufo\/glyphs\/sterling.glif","\/nexusseriftf-bolditalic.ufo\/glyphs\/t.glif":"\/nexusseriftf-bolditalic.ufo\/glyphs\/t.glif","\/nexusseriftf-bolditalic.ufo\/glyphs\/thorn.glif":"\/nexusseriftf-bolditalic.ufo\/glyphs\/thorn.glif","\/nexusseriftf-bolditalic.ufo\/glyphs\/three.glif":"\/nexusseriftf-bolditalic.ufo\/glyphs\/three.glif","\/nexusseriftf-bolditalic.ufo\/glyphs\/threequarters.glif":"\/nexusseriftf-bolditalic.ufo\/glyphs\/threequarters.glif","\/nexusseriftf-bolditalic.ufo\/glyphs\/threesuperior.glif":"\/nexusseriftf-bolditalic.ufo\/glyphs\/threesuperior.glif","\/nexusseriftf-bolditalic.ufo\/glyphs\/tilde.glif":"\/nexusseriftf-bolditalic.ufo\/glyphs\/tilde.glif","\/nexusseriftf-bolditalic.ufo\/glyphs\/tilde.lc.glif":"\/nexusseriftf-bolditalic.ufo\/glyphs\/tilde.lc.glif","\/nexusseriftf-bolditalic.ufo\/glyphs\/tilde.uc.glif":"\/nexusseriftf-bolditalic.ufo\/glyphs\/tilde.uc.glif","\/nexusseriftf-bolditalic.ufo\/glyphs\/trademark.glif":"\/nexusseriftf-bolditalic.ufo\/glyphs\/trademark.glif","\/nexusseriftf-bolditalic.ufo\/glyphs\/two.glif":"\/nexusseriftf-bolditalic.ufo\/glyphs\/two.glif","\/nexusseriftf-bolditalic.ufo\/glyphs\/twosuperior.glif":"\/nexusseriftf-bolditalic.ufo\/glyphs\/twosuperior.glif","\/nexusseriftf-bolditalic.ufo\/glyphs\/u.glif":"\/nexusseriftf-bolditalic.ufo\/glyphs\/u.glif","\/nexusseriftf-bolditalic.ufo\/glyphs\/uacute.glif":"\/nexusseriftf-bolditalic.ufo\/glyphs\/uacute.glif","\/nexusseriftf-bolditalic.ufo\/glyphs\/ucircumflex.glif":"\/nexusseriftf-bolditalic.ufo\/glyphs\/ucircumflex.glif","\/nexusseriftf-bolditalic.ufo\/glyphs\/udieresis.glif":"\/nexusseriftf-bolditalic.ufo\/glyphs\/udieresis.glif","\/nexusseriftf-bolditalic.ufo\/glyphs\/ugrave.glif":"\/nexusseriftf-bolditalic.ufo\/glyphs\/ugrave.glif","\/nexusseriftf-bolditalic.ufo\/glyphs\/underscore.glif":"\/nexusseriftf-bolditalic.ufo\/glyphs\/underscore.glif","\/nexusseriftf-bolditalic.ufo\/glyphs\/uni00A_0.glif":"\/nexusseriftf-bolditalic.ufo\/glyphs\/uni00A_0.glif","\/nexusseriftf-bolditalic.ufo\/glyphs\/uni00A_D_.glif":"\/nexusseriftf-bolditalic.ufo\/glyphs\/uni00A_D_.glif","\/nexusseriftf-bolditalic.ufo\/glyphs\/uni2219.glif":"\/nexusseriftf-bolditalic.ufo\/glyphs\/uni2219.glif","\/nexusseriftf-bolditalic.ufo\/glyphs\/uni2224.glif":"\/nexusseriftf-bolditalic.ufo\/glyphs\/uni2224.glif","\/nexusseriftf-bolditalic.ufo\/glyphs\/uni2227.glif":"\/nexusseriftf-bolditalic.ufo\/glyphs\/uni2227.glif","\/nexusseriftf-bolditalic.ufo\/glyphs\/uni22C_5.glif":"\/nexusseriftf-bolditalic.ufo\/glyphs\/uni22C_5.glif","\/nexusseriftf-bolditalic.ufo\/glyphs\/v.glif":"\/nexusseriftf-bolditalic.ufo\/glyphs\/v.glif","\/nexusseriftf-bolditalic.ufo\/glyphs\/w.glif":"\/nexusseriftf-bolditalic.ufo\/glyphs\/w.glif","\/nexusseriftf-bolditalic.ufo\/glyphs\/x.glif":"\/nexusseriftf-bolditalic.ufo\/glyphs\/x.glif","\/nexusseriftf-bolditalic.ufo\/glyphs\/y.glif":"\/nexusseriftf-bolditalic.ufo\/glyphs\/y.glif","\/nexusseriftf-bolditalic.ufo\/glyphs\/yacute.glif":"\/nexusseriftf-bolditalic.ufo\/glyphs\/yacute.glif","\/nexusseriftf-bolditalic.ufo\/glyphs\/ydieresis.glif":"\/nexusseriftf-bolditalic.ufo\/glyphs\/ydieresis.glif","\/nexusseriftf-bolditalic.ufo\/glyphs\/yen.glif":"\/nexusseriftf-bolditalic.ufo\/glyphs\/yen.glif","\/nexusseriftf-bolditalic.ufo\/glyphs\/z.glif":"\/nexusseriftf-bolditalic.ufo\/glyphs\/z.glif","\/nexusseriftf-bolditalic.ufo\/glyphs\/zcaron.glif":"\/nexusseriftf-bolditalic.ufo\/glyphs\/zcaron.glif","\/nexusseriftf-bolditalic.ufo\/glyphs\/zero.glif":"\/nexusseriftf-bolditalic.ufo\/glyphs\/zero.glif"},"Font":{"uploaded":1472484709.9922,"licence":"gpl3","company":"Chronolabs Cooperative","title":"Nexus Serif TF Bold Italic","version":3.002,"date":"Sun Aug 28 07:59:44 2016","creator":"root","type":"1","matrix":"0.001 0 0 0.001 0 0","named":"NexusSerifTF-BoldItalic","painttype":"0","info":"10 dict dup","name":"NexusSerifTF-BoldItalic","family":"NexusSerifTF-BoldItalic","weight":"Roman","fstype":"0","italicangle":"0","underlineposition":"","underlinethickness":""},"Licences":{"":false},"Table":{"FFTM":{"entryLength":16,"tag":"FFTM","checksum":1947016816,"offset":36768,"length":28},"GDEF":{"entryLength":16,"tag":"GDEF","checksum":20185092,"offset":36736,"length":32},"OS\/2":{"entryLength":16,"tag":"OS\/2","checksum":1486495047,"offset":344,"length":86},"cmap":{"entryLength":16,"tag":"cmap","checksum":2577654801,"offset":1480,"length":598},"gasp":{"entryLength":16,"tag":"gasp","checksum":4294901763,"offset":36728,"length":8},"glyf":{"entryLength":16,"tag":"glyf","checksum":3732038185,"offset":2608,"length":32376},"head":{"entryLength":16,"tag":"head","checksum":184665787,"offset":220,"length":54},"hhea":{"entryLength":16,"tag":"hhea","checksum":135070646,"offset":276,"length":36},"hmtx":{"entryLength":16,"tag":"hmtx","checksum":260194784,"offset":432,"length":1046},"loca":{"entryLength":16,"tag":"loca","checksum":801001046,"offset":2080,"length":528},"maxp":{"entryLength":16,"tag":"maxp","checksum":22020202,"offset":312,"length":32},"name":{"entryLength":16,"tag":"name","checksum":2310974248,"offset":34984,"length":870},"post":{"entryLength":16,"tag":"post","checksum":1436847771,"offset":35856,"length":872}},"UnicodeCharMap":{"0":1,"32":3,"33":4,"34":5,"35":6,"36":7,"37":8,"38":9,"39":10,"40":11,"41":12,"42":13,"43":14,"44":15,"45":16,"46":17,"47":18,"48":19,"49":20,"50":21,"51":22,"52":23,"53":24,"54":25,"55":26,"56":27,"57":28,"58":29,"59":30,"60":31,"61":32,"62":33,"63":34,"64":35,"65":36,"66":37,"67":38,"68":39,"69":40,"70":41,"71":42,"72":43,"73":44,"74":45,"75":46,"76":47,"77":48,"78":49,"79":50,"80":51,"81":52,"82":53,"83":54,"84":55,"85":56,"86":57,"87":58,"88":59,"89":60,"90":61,"91":62,"92":63,"93":64,"94":65,"95":66,"96":67,"97":68,"98":69,"99":70,"100":71,"101":72,"102":73,"103":74,"104":75,"105":76,"106":77,"107":78,"108":79,"109":80,"110":81,"111":82,"112":83,"113":84,"114":85,"115":86,"116":87,"117":88,"118":89,"119":90,"120":91,"121":92,"122":93,"123":94,"124":95,"125":96,"126":97,"160":98,"161":99,"162":100,"163":101,"164":102,"165":103,"166":104,"167":105,"168":106,"169":107,"170":108,"171":109,"172":110,"173":111,"174":112,"175":113,"176":114,"177":115,"178":116,"179":117,"180":118,"182":120,"183":121,"184":122,"185":123,"186":124,"187":125,"188":126,"189":127,"190":128,"191":129,"192":130,"193":131,"194":132,"195":133,"196":134,"197":135,"198":136,"199":137,"200":138,"201":139,"202":140,"203":141,"204":142,"205":143,"206":144,"207":145,"208":146,"209":147,"210":148,"211":149,"212":150,"213":151,"214":152,"215":153,"216":154,"217":155,"218":156,"219":157,"220":158,"221":159,"222":160,"223":161,"224":162,"225":163,"226":164,"227":165,"228":166,"229":167,"230":168,"231":169,"232":170,"233":171,"234":172,"235":173,"236":174,"237":175,"238":176,"239":177,"240":178,"241":179,"242":180,"243":181,"244":182,"245":183,"246":184,"247":185,"248":186,"249":187,"250":188,"251":189,"252":190,"253":191,"254":192,"255":193,"305":223,"321":221,"322":224,"338":222,"339":225,"352":229,"353":231,"376":232,"381":226,"382":227,"402":197,"710":212,"711":219,"728":214,"729":215,"730":216,"731":218,"732":213,"733":217,"956":119,"8211":203,"8212":220,"8216":195,"8217":194,"8218":207,"8220":198,"8221":209,"8222":208,"8224":204,"8225":205,"8226":206,"8230":210,"8240":211,"8249":199,"8250":200,"8260":196,"8364":228,"8482":230,"8722":233,"8729":259,"8740":260,"8743":261,"8901":262,"64257":201,"64258":202},"Reserves":{"fontname":"Nexus Serif TF Bold Italic"},"Names":{"Nexus Serif TF Bold Italic":{"name":"Nexus Serif TF Bold Italic","longitude":"0.00000001","latitude":"0.00000001","country":"","region":"","city":""}},"Nodes":{"ne":{"type":"typal","node":"ne","usage":1,"weight":1},"us":{"type":"typal","node":"us","usage":1,"weight":1},"se":{"type":"typal","node":"se","usage":1,"weight":1},"if":{"type":"typal","node":"if","usage":1,"weight":1},"bo":{"type":"typal","node":"bo","usage":1,"weight":1},"ld":{"type":"typal","node":"ld","usage":1,"weight":1},"it":{"type":"typal","node":"it","usage":1,"weight":1},"ic":{"type":"typal","node":"ic","usage":1,"weight":1},"nex":{"type":"typal","node":"nex","usage":1,"weight":1},"xus":{"type":"typal","node":"xus","usage":1,"weight":1},"ser":{"type":"typal","node":"ser","usage":1,"weight":1},"rif":{"type":"typal","node":"rif","usage":1,"weight":1},"bol":{"type":"typal","node":"bol","usage":1,"weight":1},"old":{"type":"typal","node":"old","usage":1,"weight":1},"ita":{"type":"typal","node":"ita","usage":1,"weight":1},"lic":{"type":"typal","node":"lic","usage":1,"weight":1},"nexu":{"type":"keys","node":"nexu","usage":1,"weight":1},"exus":{"type":"keys","node":"exus","usage":1,"weight":1},"seri":{"type":"keys","node":"seri","usage":1,"weight":1},"erif":{"type":"keys","node":"erif","usage":1,"weight":1},"ital":{"type":"keys","node":"ital","usage":1,"weight":1},"alic":{"type":"keys","node":"alic","usage":1,"weight":1},"itali":{"type":"keys","node":"itali","usage":1,"weight":1},"talic":{"type":"keys","node":"talic","usage":1,"weight":1},"nexus":{"type":"fixes","node":"nexus","usage":1,"weight":1},"serif":{"type":"fixes","node":"serif","usage":1,"weight":1},"tf":{"type":"fixes","node":"tf","usage":1,"weight":1},"bold":{"type":"fixes","node":"bold","usage":1,"weight":1},"italic":{"type":"fixes","node":"italic","usage":1,"weight":1}},"Contributors":[],"FontIdentity":"crash99:97f14110e26bd4b54a8c3faf","Bytes":null,"Networking":[],"barcode":"qiukaamwmioqw","referee":"iam4w"}