{"CSS":{"Apogee Plain":"aphgovau:98398b90de918a04cf62ca2.css"},"FontType":"TrueType","FontCopyright":"Copr. Allen Crawford 1994","FontName":"Apogee","FontSubfamily":"Plain","FontSubfamilyID":"FontForge 2.0 : Apogee Plain : 12-8-2016","FontFullName":"Apogee Plain","FontVersion":"Version 1.0","FontWeight":null,"FontPostscriptName":"ApogeePlain","Files":{"\/Apogee Plain.css":"\/Apogee Plain.css","\/apogeeplain.afm":"\/apogeeplain.afm","\/apogeeplain.cef":"\/apogeeplain.cef","\/apogeeplain.cff":"\/apogeeplain.cff","\/apogeeplain.eot":"\/apogeeplain.eot","\/apogeeplain.gai":"\/apogeeplain.gai","\/apogeeplain.gsf":"\/apogeeplain.gsf","\/apogeeplain.otf":"\/apogeeplain.otf","\/apogeeplain.pf3":"\/apogeeplain.pf3","\/apogeeplain.pfa":"\/apogeeplain.pfa","\/apogeeplain.pfb":"\/apogeeplain.pfb","\/apogeeplain.php":"\/apogeeplain.php","\/apogeeplain.pt3":"\/apogeeplain.pt3","\/apogeeplain.sfd":"\/apogeeplain.sfd","\/apogeeplain.svg":"\/apogeeplain.svg","\/apogeeplain.t42":"\/apogeeplain.t42","\/apogeeplain.ttd":"\/apogeeplain.ttd","\/apogeeplain.ttf":"\/apogeeplain.ttf","\/apogeeplain.ttg":"\/apogeeplain.ttg","\/apogeeplain.ufm":"\/apogeeplain.ufm","\/apogeeplain.woff":"\/apogeeplain.woff","\/apogeeplain.z":"\/apogeeplain.z","\/font-resource.json":"\/font-resource.json","\/apogeeplain.ufo\/feature.fea":"\/apogeeplain.ufo\/feature.fea","\/apogeeplain.ufo\/fontinfo.plist":"\/apogeeplain.ufo\/fontinfo.plist","\/apogeeplain.ufo\/groups.plist":"\/apogeeplain.ufo\/groups.plist","\/apogeeplain.ufo\/kerning.plist":"\/apogeeplain.ufo\/kerning.plist","\/apogeeplain.ufo\/metainfo.plist":"\/apogeeplain.ufo\/metainfo.plist","\/apogeeplain.ufo\/glyphs\/A_.glif":"\/apogeeplain.ufo\/glyphs\/A_.glif","\/apogeeplain.ufo\/glyphs\/A_C_K_.glif":"\/apogeeplain.ufo\/glyphs\/A_C_K_.glif","\/apogeeplain.ufo\/glyphs\/A_acute.glif":"\/apogeeplain.ufo\/glyphs\/A_acute.glif","\/apogeeplain.ufo\/glyphs\/A_circumflex.glif":"\/apogeeplain.ufo\/glyphs\/A_circumflex.glif","\/apogeeplain.ufo\/glyphs\/A_dieresis.glif":"\/apogeeplain.ufo\/glyphs\/A_dieresis.glif","\/apogeeplain.ufo\/glyphs\/A_grave.glif":"\/apogeeplain.ufo\/glyphs\/A_grave.glif","\/apogeeplain.ufo\/glyphs\/A_ring.glif":"\/apogeeplain.ufo\/glyphs\/A_ring.glif","\/apogeeplain.ufo\/glyphs\/A_tilde.glif":"\/apogeeplain.ufo\/glyphs\/A_tilde.glif","\/apogeeplain.ufo\/glyphs\/B_.glif":"\/apogeeplain.ufo\/glyphs\/B_.glif","\/apogeeplain.ufo\/glyphs\/B_E_L_.glif":"\/apogeeplain.ufo\/glyphs\/B_E_L_.glif","\/apogeeplain.ufo\/glyphs\/B_S_.glif":"\/apogeeplain.ufo\/glyphs\/B_S_.glif","\/apogeeplain.ufo\/glyphs\/C_.glif":"\/apogeeplain.ufo\/glyphs\/C_.glif","\/apogeeplain.ufo\/glyphs\/C_A_N_.glif":"\/apogeeplain.ufo\/glyphs\/C_A_N_.glif","\/apogeeplain.ufo\/glyphs\/C_R_.glif":"\/apogeeplain.ufo\/glyphs\/C_R_.glif","\/apogeeplain.ufo\/glyphs\/C_cedilla.glif":"\/apogeeplain.ufo\/glyphs\/C_cedilla.glif","\/apogeeplain.ufo\/glyphs\/D_.glif":"\/apogeeplain.ufo\/glyphs\/D_.glif","\/apogeeplain.ufo\/glyphs\/D_C_1.glif":"\/apogeeplain.ufo\/glyphs\/D_C_1.glif","\/apogeeplain.ufo\/glyphs\/D_C_2.glif":"\/apogeeplain.ufo\/glyphs\/D_C_2.glif","\/apogeeplain.ufo\/glyphs\/D_C_3.glif":"\/apogeeplain.ufo\/glyphs\/D_C_3.glif","\/apogeeplain.ufo\/glyphs\/D_C_4.glif":"\/apogeeplain.ufo\/glyphs\/D_C_4.glif","\/apogeeplain.ufo\/glyphs\/D_L_E_.glif":"\/apogeeplain.ufo\/glyphs\/D_L_E_.glif","\/apogeeplain.ufo\/glyphs\/E_.glif":"\/apogeeplain.ufo\/glyphs\/E_.glif","\/apogeeplain.ufo\/glyphs\/E_M_.glif":"\/apogeeplain.ufo\/glyphs\/E_M_.glif","\/apogeeplain.ufo\/glyphs\/E_N_Q_.glif":"\/apogeeplain.ufo\/glyphs\/E_N_Q_.glif","\/apogeeplain.ufo\/glyphs\/E_O_T_.glif":"\/apogeeplain.ufo\/glyphs\/E_O_T_.glif","\/apogeeplain.ufo\/glyphs\/E_S_C_.glif":"\/apogeeplain.ufo\/glyphs\/E_S_C_.glif","\/apogeeplain.ufo\/glyphs\/E_T_B_.glif":"\/apogeeplain.ufo\/glyphs\/E_T_B_.glif","\/apogeeplain.ufo\/glyphs\/E_T_X_.glif":"\/apogeeplain.ufo\/glyphs\/E_T_X_.glif","\/apogeeplain.ufo\/glyphs\/E_acute.glif":"\/apogeeplain.ufo\/glyphs\/E_acute.glif","\/apogeeplain.ufo\/glyphs\/E_circumflex.glif":"\/apogeeplain.ufo\/glyphs\/E_circumflex.glif","\/apogeeplain.ufo\/glyphs\/E_dieresis.glif":"\/apogeeplain.ufo\/glyphs\/E_dieresis.glif","\/apogeeplain.ufo\/glyphs\/E_grave.glif":"\/apogeeplain.ufo\/glyphs\/E_grave.glif","\/apogeeplain.ufo\/glyphs\/F_.glif":"\/apogeeplain.ufo\/glyphs\/F_.glif","\/apogeeplain.ufo\/glyphs\/F_F_.glif":"\/apogeeplain.ufo\/glyphs\/F_F_.glif","\/apogeeplain.ufo\/glyphs\/F_S_.glif":"\/apogeeplain.ufo\/glyphs\/F_S_.glif","\/apogeeplain.ufo\/glyphs\/G_.glif":"\/apogeeplain.ufo\/glyphs\/G_.glif","\/apogeeplain.ufo\/glyphs\/G_S_.glif":"\/apogeeplain.ufo\/glyphs\/G_S_.glif","\/apogeeplain.ufo\/glyphs\/H_.glif":"\/apogeeplain.ufo\/glyphs\/H_.glif","\/apogeeplain.ufo\/glyphs\/H_T_.glif":"\/apogeeplain.ufo\/glyphs\/H_T_.glif","\/apogeeplain.ufo\/glyphs\/I_.glif":"\/apogeeplain.ufo\/glyphs\/I_.glif","\/apogeeplain.ufo\/glyphs\/I_acute.glif":"\/apogeeplain.ufo\/glyphs\/I_acute.glif","\/apogeeplain.ufo\/glyphs\/I_circumflex.glif":"\/apogeeplain.ufo\/glyphs\/I_circumflex.glif","\/apogeeplain.ufo\/glyphs\/I_dieresis.glif":"\/apogeeplain.ufo\/glyphs\/I_dieresis.glif","\/apogeeplain.ufo\/glyphs\/I_grave.glif":"\/apogeeplain.ufo\/glyphs\/I_grave.glif","\/apogeeplain.ufo\/glyphs\/J_.glif":"\/apogeeplain.ufo\/glyphs\/J_.glif","\/apogeeplain.ufo\/glyphs\/K_.glif":"\/apogeeplain.ufo\/glyphs\/K_.glif","\/apogeeplain.ufo\/glyphs\/L_.glif":"\/apogeeplain.ufo\/glyphs\/L_.glif","\/apogeeplain.ufo\/glyphs\/L_F_.glif":"\/apogeeplain.ufo\/glyphs\/L_F_.glif","\/apogeeplain.ufo\/glyphs\/M_.glif":"\/apogeeplain.ufo\/glyphs\/M_.glif","\/apogeeplain.ufo\/glyphs\/N_.glif":"\/apogeeplain.ufo\/glyphs\/N_.glif","\/apogeeplain.ufo\/glyphs\/N_A_K_.glif":"\/apogeeplain.ufo\/glyphs\/N_A_K_.glif","\/apogeeplain.ufo\/glyphs\/N_U_L_.glif":"\/apogeeplain.ufo\/glyphs\/N_U_L_.glif","\/apogeeplain.ufo\/glyphs\/N_tilde.glif":"\/apogeeplain.ufo\/glyphs\/N_tilde.glif","\/apogeeplain.ufo\/glyphs\/O_.glif":"\/apogeeplain.ufo\/glyphs\/O_.glif","\/apogeeplain.ufo\/glyphs\/O_acute.glif":"\/apogeeplain.ufo\/glyphs\/O_acute.glif","\/apogeeplain.ufo\/glyphs\/O_circumflex.glif":"\/apogeeplain.ufo\/glyphs\/O_circumflex.glif","\/apogeeplain.ufo\/glyphs\/O_dieresis.glif":"\/apogeeplain.ufo\/glyphs\/O_dieresis.glif","\/apogeeplain.ufo\/glyphs\/O_grave.glif":"\/apogeeplain.ufo\/glyphs\/O_grave.glif","\/apogeeplain.ufo\/glyphs\/O_slash.glif":"\/apogeeplain.ufo\/glyphs\/O_slash.glif","\/apogeeplain.ufo\/glyphs\/O_tilde.glif":"\/apogeeplain.ufo\/glyphs\/O_tilde.glif","\/apogeeplain.ufo\/glyphs\/P_.glif":"\/apogeeplain.ufo\/glyphs\/P_.glif","\/apogeeplain.ufo\/glyphs\/Q_.glif":"\/apogeeplain.ufo\/glyphs\/Q_.glif","\/apogeeplain.ufo\/glyphs\/R_.glif":"\/apogeeplain.ufo\/glyphs\/R_.glif","\/apogeeplain.ufo\/glyphs\/R_S_.glif":"\/apogeeplain.ufo\/glyphs\/R_S_.glif","\/apogeeplain.ufo\/glyphs\/S_.glif":"\/apogeeplain.ufo\/glyphs\/S_.glif","\/apogeeplain.ufo\/glyphs\/S_I_.glif":"\/apogeeplain.ufo\/glyphs\/S_I_.glif","\/apogeeplain.ufo\/glyphs\/S_O_.glif":"\/apogeeplain.ufo\/glyphs\/S_O_.glif","\/apogeeplain.ufo\/glyphs\/S_O_H_.glif":"\/apogeeplain.ufo\/glyphs\/S_O_H_.glif","\/apogeeplain.ufo\/glyphs\/S_T_X_.glif":"\/apogeeplain.ufo\/glyphs\/S_T_X_.glif","\/apogeeplain.ufo\/glyphs\/S_U_B_.glif":"\/apogeeplain.ufo\/glyphs\/S_U_B_.glif","\/apogeeplain.ufo\/glyphs\/S_Y_N_.glif":"\/apogeeplain.ufo\/glyphs\/S_Y_N_.glif","\/apogeeplain.ufo\/glyphs\/T_.glif":"\/apogeeplain.ufo\/glyphs\/T_.glif","\/apogeeplain.ufo\/glyphs\/U_.glif":"\/apogeeplain.ufo\/glyphs\/U_.glif","\/apogeeplain.ufo\/glyphs\/U_S_.glif":"\/apogeeplain.ufo\/glyphs\/U_S_.glif","\/apogeeplain.ufo\/glyphs\/U_acute.glif":"\/apogeeplain.ufo\/glyphs\/U_acute.glif","\/apogeeplain.ufo\/glyphs\/U_circumflex.glif":"\/apogeeplain.ufo\/glyphs\/U_circumflex.glif","\/apogeeplain.ufo\/glyphs\/U_dieresis.glif":"\/apogeeplain.ufo\/glyphs\/U_dieresis.glif","\/apogeeplain.ufo\/glyphs\/U_grave.glif":"\/apogeeplain.ufo\/glyphs\/U_grave.glif","\/apogeeplain.ufo\/glyphs\/V_.glif":"\/apogeeplain.ufo\/glyphs\/V_.glif","\/apogeeplain.ufo\/glyphs\/V_T_.glif":"\/apogeeplain.ufo\/glyphs\/V_T_.glif","\/apogeeplain.ufo\/glyphs\/W_.glif":"\/apogeeplain.ufo\/glyphs\/W_.glif","\/apogeeplain.ufo\/glyphs\/X_.glif":"\/apogeeplain.ufo\/glyphs\/X_.glif","\/apogeeplain.ufo\/glyphs\/Y_.glif":"\/apogeeplain.ufo\/glyphs\/Y_.glif","\/apogeeplain.ufo\/glyphs\/Y_dieresis.glif":"\/apogeeplain.ufo\/glyphs\/Y_dieresis.glif","\/apogeeplain.ufo\/glyphs\/Z_.glif":"\/apogeeplain.ufo\/glyphs\/Z_.glif","\/apogeeplain.ufo\/glyphs\/a.glif":"\/apogeeplain.ufo\/glyphs\/a.glif","\/apogeeplain.ufo\/glyphs\/aacute.glif":"\/apogeeplain.ufo\/glyphs\/aacute.glif","\/apogeeplain.ufo\/glyphs\/acircumflex.glif":"\/apogeeplain.ufo\/glyphs\/acircumflex.glif","\/apogeeplain.ufo\/glyphs\/acute.glif":"\/apogeeplain.ufo\/glyphs\/acute.glif","\/apogeeplain.ufo\/glyphs\/adieresis.glif":"\/apogeeplain.ufo\/glyphs\/adieresis.glif","\/apogeeplain.ufo\/glyphs\/agrave.glif":"\/apogeeplain.ufo\/glyphs\/agrave.glif","\/apogeeplain.ufo\/glyphs\/ampersand.glif":"\/apogeeplain.ufo\/glyphs\/ampersand.glif","\/apogeeplain.ufo\/glyphs\/aring.glif":"\/apogeeplain.ufo\/glyphs\/aring.glif","\/apogeeplain.ufo\/glyphs\/asciicircum.glif":"\/apogeeplain.ufo\/glyphs\/asciicircum.glif","\/apogeeplain.ufo\/glyphs\/asciitilde.glif":"\/apogeeplain.ufo\/glyphs\/asciitilde.glif","\/apogeeplain.ufo\/glyphs\/asterisk.glif":"\/apogeeplain.ufo\/glyphs\/asterisk.glif","\/apogeeplain.ufo\/glyphs\/at.glif":"\/apogeeplain.ufo\/glyphs\/at.glif","\/apogeeplain.ufo\/glyphs\/atilde.glif":"\/apogeeplain.ufo\/glyphs\/atilde.glif","\/apogeeplain.ufo\/glyphs\/b.glif":"\/apogeeplain.ufo\/glyphs\/b.glif","\/apogeeplain.ufo\/glyphs\/backslash.glif":"\/apogeeplain.ufo\/glyphs\/backslash.glif","\/apogeeplain.ufo\/glyphs\/bar.glif":"\/apogeeplain.ufo\/glyphs\/bar.glif","\/apogeeplain.ufo\/glyphs\/braceleft.glif":"\/apogeeplain.ufo\/glyphs\/braceleft.glif","\/apogeeplain.ufo\/glyphs\/braceright.glif":"\/apogeeplain.ufo\/glyphs\/braceright.glif","\/apogeeplain.ufo\/glyphs\/bracketleft.glif":"\/apogeeplain.ufo\/glyphs\/bracketleft.glif","\/apogeeplain.ufo\/glyphs\/bracketright.glif":"\/apogeeplain.ufo\/glyphs\/bracketright.glif","\/apogeeplain.ufo\/glyphs\/breve.glif":"\/apogeeplain.ufo\/glyphs\/breve.glif","\/apogeeplain.ufo\/glyphs\/bullet.glif":"\/apogeeplain.ufo\/glyphs\/bullet.glif","\/apogeeplain.ufo\/glyphs\/c.glif":"\/apogeeplain.ufo\/glyphs\/c.glif","\/apogeeplain.ufo\/glyphs\/caron.glif":"\/apogeeplain.ufo\/glyphs\/caron.glif","\/apogeeplain.ufo\/glyphs\/ccedilla.glif":"\/apogeeplain.ufo\/glyphs\/ccedilla.glif","\/apogeeplain.ufo\/glyphs\/cedilla.glif":"\/apogeeplain.ufo\/glyphs\/cedilla.glif","\/apogeeplain.ufo\/glyphs\/cent.glif":"\/apogeeplain.ufo\/glyphs\/cent.glif","\/apogeeplain.ufo\/glyphs\/circumflex.glif":"\/apogeeplain.ufo\/glyphs\/circumflex.glif","\/apogeeplain.ufo\/glyphs\/colon.glif":"\/apogeeplain.ufo\/glyphs\/colon.glif","\/apogeeplain.ufo\/glyphs\/comma.glif":"\/apogeeplain.ufo\/glyphs\/comma.glif","\/apogeeplain.ufo\/glyphs\/contents.plist":"\/apogeeplain.ufo\/glyphs\/contents.plist","\/apogeeplain.ufo\/glyphs\/copyright.glif":"\/apogeeplain.ufo\/glyphs\/copyright.glif","\/apogeeplain.ufo\/glyphs\/d.glif":"\/apogeeplain.ufo\/glyphs\/d.glif","\/apogeeplain.ufo\/glyphs\/dagger.glif":"\/apogeeplain.ufo\/glyphs\/dagger.glif","\/apogeeplain.ufo\/glyphs\/daggerdbl.glif":"\/apogeeplain.ufo\/glyphs\/daggerdbl.glif","\/apogeeplain.ufo\/glyphs\/degree.glif":"\/apogeeplain.ufo\/glyphs\/degree.glif","\/apogeeplain.ufo\/glyphs\/dieresis.glif":"\/apogeeplain.ufo\/glyphs\/dieresis.glif","\/apogeeplain.ufo\/glyphs\/divide.glif":"\/apogeeplain.ufo\/glyphs\/divide.glif","\/apogeeplain.ufo\/glyphs\/dollar.glif":"\/apogeeplain.ufo\/glyphs\/dollar.glif","\/apogeeplain.ufo\/glyphs\/dotaccent.glif":"\/apogeeplain.ufo\/glyphs\/dotaccent.glif","\/apogeeplain.ufo\/glyphs\/dotlessi.glif":"\/apogeeplain.ufo\/glyphs\/dotlessi.glif","\/apogeeplain.ufo\/glyphs\/e.glif":"\/apogeeplain.ufo\/glyphs\/e.glif","\/apogeeplain.ufo\/glyphs\/eacute.glif":"\/apogeeplain.ufo\/glyphs\/eacute.glif","\/apogeeplain.ufo\/glyphs\/ecircumflex.glif":"\/apogeeplain.ufo\/glyphs\/ecircumflex.glif","\/apogeeplain.ufo\/glyphs\/edieresis.glif":"\/apogeeplain.ufo\/glyphs\/edieresis.glif","\/apogeeplain.ufo\/glyphs\/egrave.glif":"\/apogeeplain.ufo\/glyphs\/egrave.glif","\/apogeeplain.ufo\/glyphs\/eight.glif":"\/apogeeplain.ufo\/glyphs\/eight.glif","\/apogeeplain.ufo\/glyphs\/ellipsis.glif":"\/apogeeplain.ufo\/glyphs\/ellipsis.glif","\/apogeeplain.ufo\/glyphs\/emdash.glif":"\/apogeeplain.ufo\/glyphs\/emdash.glif","\/apogeeplain.ufo\/glyphs\/endash.glif":"\/apogeeplain.ufo\/glyphs\/endash.glif","\/apogeeplain.ufo\/glyphs\/equal.glif":"\/apogeeplain.ufo\/glyphs\/equal.glif","\/apogeeplain.ufo\/glyphs\/exclam.glif":"\/apogeeplain.ufo\/glyphs\/exclam.glif","\/apogeeplain.ufo\/glyphs\/exclamdown.glif":"\/apogeeplain.ufo\/glyphs\/exclamdown.glif","\/apogeeplain.ufo\/glyphs\/f.glif":"\/apogeeplain.ufo\/glyphs\/f.glif","\/apogeeplain.ufo\/glyphs\/five.glif":"\/apogeeplain.ufo\/glyphs\/five.glif","\/apogeeplain.ufo\/glyphs\/four.glif":"\/apogeeplain.ufo\/glyphs\/four.glif","\/apogeeplain.ufo\/glyphs\/fraction.glif":"\/apogeeplain.ufo\/glyphs\/fraction.glif","\/apogeeplain.ufo\/glyphs\/g.glif":"\/apogeeplain.ufo\/glyphs\/g.glif","\/apogeeplain.ufo\/glyphs\/germandbls.glif":"\/apogeeplain.ufo\/glyphs\/germandbls.glif","\/apogeeplain.ufo\/glyphs\/grave.glif":"\/apogeeplain.ufo\/glyphs\/grave.glif","\/apogeeplain.ufo\/glyphs\/greater.glif":"\/apogeeplain.ufo\/glyphs\/greater.glif","\/apogeeplain.ufo\/glyphs\/guillemotleft.glif":"\/apogeeplain.ufo\/glyphs\/guillemotleft.glif","\/apogeeplain.ufo\/glyphs\/guillemotright.glif":"\/apogeeplain.ufo\/glyphs\/guillemotright.glif","\/apogeeplain.ufo\/glyphs\/guilsinglleft.glif":"\/apogeeplain.ufo\/glyphs\/guilsinglleft.glif","\/apogeeplain.ufo\/glyphs\/guilsinglright.glif":"\/apogeeplain.ufo\/glyphs\/guilsinglright.glif","\/apogeeplain.ufo\/glyphs\/h.glif":"\/apogeeplain.ufo\/glyphs\/h.glif","\/apogeeplain.ufo\/glyphs\/hyphen.glif":"\/apogeeplain.ufo\/glyphs\/hyphen.glif","\/apogeeplain.ufo\/glyphs\/i.glif":"\/apogeeplain.ufo\/glyphs\/i.glif","\/apogeeplain.ufo\/glyphs\/iacute.glif":"\/apogeeplain.ufo\/glyphs\/iacute.glif","\/apogeeplain.ufo\/glyphs\/icircumflex.glif":"\/apogeeplain.ufo\/glyphs\/icircumflex.glif","\/apogeeplain.ufo\/glyphs\/idieresis.glif":"\/apogeeplain.ufo\/glyphs\/idieresis.glif","\/apogeeplain.ufo\/glyphs\/igrave.glif":"\/apogeeplain.ufo\/glyphs\/igrave.glif","\/apogeeplain.ufo\/glyphs\/j.glif":"\/apogeeplain.ufo\/glyphs\/j.glif","\/apogeeplain.ufo\/glyphs\/k.glif":"\/apogeeplain.ufo\/glyphs\/k.glif","\/apogeeplain.ufo\/glyphs\/l.glif":"\/apogeeplain.ufo\/glyphs\/l.glif","\/apogeeplain.ufo\/glyphs\/less.glif":"\/apogeeplain.ufo\/glyphs\/less.glif","\/apogeeplain.ufo\/glyphs\/m.glif":"\/apogeeplain.ufo\/glyphs\/m.glif","\/apogeeplain.ufo\/glyphs\/macron.glif":"\/apogeeplain.ufo\/glyphs\/macron.glif","\/apogeeplain.ufo\/glyphs\/n.glif":"\/apogeeplain.ufo\/glyphs\/n.glif","\/apogeeplain.ufo\/glyphs\/nine.glif":"\/apogeeplain.ufo\/glyphs\/nine.glif","\/apogeeplain.ufo\/glyphs\/notequal.glif":"\/apogeeplain.ufo\/glyphs\/notequal.glif","\/apogeeplain.ufo\/glyphs\/ntilde.glif":"\/apogeeplain.ufo\/glyphs\/ntilde.glif","\/apogeeplain.ufo\/glyphs\/numbersign.glif":"\/apogeeplain.ufo\/glyphs\/numbersign.glif","\/apogeeplain.ufo\/glyphs\/o.glif":"\/apogeeplain.ufo\/glyphs\/o.glif","\/apogeeplain.ufo\/glyphs\/oacute.glif":"\/apogeeplain.ufo\/glyphs\/oacute.glif","\/apogeeplain.ufo\/glyphs\/ocircumflex.glif":"\/apogeeplain.ufo\/glyphs\/ocircumflex.glif","\/apogeeplain.ufo\/glyphs\/odieresis.glif":"\/apogeeplain.ufo\/glyphs\/odieresis.glif","\/apogeeplain.ufo\/glyphs\/ograve.glif":"\/apogeeplain.ufo\/glyphs\/ograve.glif","\/apogeeplain.ufo\/glyphs\/one.glif":"\/apogeeplain.ufo\/glyphs\/one.glif","\/apogeeplain.ufo\/glyphs\/oslash.glif":"\/apogeeplain.ufo\/glyphs\/oslash.glif","\/apogeeplain.ufo\/glyphs\/otilde.glif":"\/apogeeplain.ufo\/glyphs\/otilde.glif","\/apogeeplain.ufo\/glyphs\/p.glif":"\/apogeeplain.ufo\/glyphs\/p.glif","\/apogeeplain.ufo\/glyphs\/paragraph.glif":"\/apogeeplain.ufo\/glyphs\/paragraph.glif","\/apogeeplain.ufo\/glyphs\/parenleft.glif":"\/apogeeplain.ufo\/glyphs\/parenleft.glif","\/apogeeplain.ufo\/glyphs\/parenright.glif":"\/apogeeplain.ufo\/glyphs\/parenright.glif","\/apogeeplain.ufo\/glyphs\/percent.glif":"\/apogeeplain.ufo\/glyphs\/percent.glif","\/apogeeplain.ufo\/glyphs\/period.glif":"\/apogeeplain.ufo\/glyphs\/period.glif","\/apogeeplain.ufo\/glyphs\/periodcentered.glif":"\/apogeeplain.ufo\/glyphs\/periodcentered.glif","\/apogeeplain.ufo\/glyphs\/perthousand.glif":"\/apogeeplain.ufo\/glyphs\/perthousand.glif","\/apogeeplain.ufo\/glyphs\/plus.glif":"\/apogeeplain.ufo\/glyphs\/plus.glif","\/apogeeplain.ufo\/glyphs\/q.glif":"\/apogeeplain.ufo\/glyphs\/q.glif","\/apogeeplain.ufo\/glyphs\/question.glif":"\/apogeeplain.ufo\/glyphs\/question.glif","\/apogeeplain.ufo\/glyphs\/questiondown.glif":"\/apogeeplain.ufo\/glyphs\/questiondown.glif","\/apogeeplain.ufo\/glyphs\/quotedbl.glif":"\/apogeeplain.ufo\/glyphs\/quotedbl.glif","\/apogeeplain.ufo\/glyphs\/quotedblbase.glif":"\/apogeeplain.ufo\/glyphs\/quotedblbase.glif","\/apogeeplain.ufo\/glyphs\/quotedblleft.glif":"\/apogeeplain.ufo\/glyphs\/quotedblleft.glif","\/apogeeplain.ufo\/glyphs\/quotedblright.glif":"\/apogeeplain.ufo\/glyphs\/quotedblright.glif","\/apogeeplain.ufo\/glyphs\/quoteleft.glif":"\/apogeeplain.ufo\/glyphs\/quoteleft.glif","\/apogeeplain.ufo\/glyphs\/quoteright.glif":"\/apogeeplain.ufo\/glyphs\/quoteright.glif","\/apogeeplain.ufo\/glyphs\/quotesinglbase.glif":"\/apogeeplain.ufo\/glyphs\/quotesinglbase.glif","\/apogeeplain.ufo\/glyphs\/quotesingle.glif":"\/apogeeplain.ufo\/glyphs\/quotesingle.glif","\/apogeeplain.ufo\/glyphs\/r.glif":"\/apogeeplain.ufo\/glyphs\/r.glif","\/apogeeplain.ufo\/glyphs\/registered.glif":"\/apogeeplain.ufo\/glyphs\/registered.glif","\/apogeeplain.ufo\/glyphs\/ring.glif":"\/apogeeplain.ufo\/glyphs\/ring.glif","\/apogeeplain.ufo\/glyphs\/s.glif":"\/apogeeplain.ufo\/glyphs\/s.glif","\/apogeeplain.ufo\/glyphs\/semicolon.glif":"\/apogeeplain.ufo\/glyphs\/semicolon.glif","\/apogeeplain.ufo\/glyphs\/seven.glif":"\/apogeeplain.ufo\/glyphs\/seven.glif","\/apogeeplain.ufo\/glyphs\/six.glif":"\/apogeeplain.ufo\/glyphs\/six.glif","\/apogeeplain.ufo\/glyphs\/slash.glif":"\/apogeeplain.ufo\/glyphs\/slash.glif","\/apogeeplain.ufo\/glyphs\/space.glif":"\/apogeeplain.ufo\/glyphs\/space.glif","\/apogeeplain.ufo\/glyphs\/sterling.glif":"\/apogeeplain.ufo\/glyphs\/sterling.glif","\/apogeeplain.ufo\/glyphs\/t.glif":"\/apogeeplain.ufo\/glyphs\/t.glif","\/apogeeplain.ufo\/glyphs\/three.glif":"\/apogeeplain.ufo\/glyphs\/three.glif","\/apogeeplain.ufo\/glyphs\/tilde.glif":"\/apogeeplain.ufo\/glyphs\/tilde.glif","\/apogeeplain.ufo\/glyphs\/trademark.glif":"\/apogeeplain.ufo\/glyphs\/trademark.glif","\/apogeeplain.ufo\/glyphs\/two.glif":"\/apogeeplain.ufo\/glyphs\/two.glif","\/apogeeplain.ufo\/glyphs\/u.glif":"\/apogeeplain.ufo\/glyphs\/u.glif","\/apogeeplain.ufo\/glyphs\/uacute.glif":"\/apogeeplain.ufo\/glyphs\/uacute.glif","\/apogeeplain.ufo\/glyphs\/ucircumflex.glif":"\/apogeeplain.ufo\/glyphs\/ucircumflex.glif","\/apogeeplain.ufo\/glyphs\/udieresis.glif":"\/apogeeplain.ufo\/glyphs\/udieresis.glif","\/apogeeplain.ufo\/glyphs\/ugrave.glif":"\/apogeeplain.ufo\/glyphs\/ugrave.glif","\/apogeeplain.ufo\/glyphs\/underscore.glif":"\/apogeeplain.ufo\/glyphs\/underscore.glif","\/apogeeplain.ufo\/glyphs\/v.glif":"\/apogeeplain.ufo\/glyphs\/v.glif","\/apogeeplain.ufo\/glyphs\/w.glif":"\/apogeeplain.ufo\/glyphs\/w.glif","\/apogeeplain.ufo\/glyphs\/x.glif":"\/apogeeplain.ufo\/glyphs\/x.glif","\/apogeeplain.ufo\/glyphs\/y.glif":"\/apogeeplain.ufo\/glyphs\/y.glif","\/apogeeplain.ufo\/glyphs\/ydieresis.glif":"\/apogeeplain.ufo\/glyphs\/ydieresis.glif","\/apogeeplain.ufo\/glyphs\/yen.glif":"\/apogeeplain.ufo\/glyphs\/yen.glif","\/apogeeplain.ufo\/glyphs\/z.glif":"\/apogeeplain.ufo\/glyphs\/z.glif","\/apogeeplain.ufo\/glyphs\/zero.glif":"\/apogeeplain.ufo\/glyphs\/zero.glif"},"Font":{"uploaded":1471020151.0034,"licence":"gpl3","company":"Chronolabs Cooperative","title":"Apogee Plain","version":3.002,"date":"Fri Aug 12 06:56:27 2016","creator":"root","type":"1","matrix":"0.001 0 0 0.001 0 0","named":"ApogeePlain","painttype":"0","info":"6 dict dup","name":"Apogee Plain","family":"Apogee","weight":"Plain","italicangle":"0"},"Licences":{"":false},"Table":{"FFTM":{"entryLength":16,"tag":"FFTM","checksum":1944345222,"offset":26152,"length":28},"GDEF":{"entryLength":16,"tag":"GDEF","checksum":17825798,"offset":26120,"length":32},"OS\/2":{"entryLength":16,"tag":"OS\/2","checksum":1460928961,"offset":344,"length":86},"cmap":{"entryLength":16,"tag":"cmap","checksum":158980916,"offset":1336,"length":960},"gasp":{"entryLength":16,"tag":"gasp","checksum":4294901763,"offset":26112,"length":8},"glyf":{"entryLength":16,"tag":"glyf","checksum":1191080378,"offset":2752,"length":22228},"head":{"entryLength":16,"tag":"head","checksum":181640115,"offset":220,"length":54},"hhea":{"entryLength":16,"tag":"hhea","checksum":124584778,"offset":276,"length":36},"hmtx":{"entryLength":16,"tag":"hmtx","checksum":3330544234,"offset":432,"length":904},"loca":{"entryLength":16,"tag":"loca","checksum":1618179670,"offset":2296,"length":456},"maxp":{"entryLength":16,"tag":"maxp","checksum":19857512,"offset":312,"length":32},"name":{"entryLength":16,"tag":"name","checksum":2001755497,"offset":24980,"length":525},"post":{"entryLength":16,"tag":"post","checksum":3426940679,"offset":25508,"length":603}},"UnicodeCharMap":{"32":3,"33":4,"34":5,"35":6,"36":7,"37":8,"38":9,"39":103,"40":11,"41":12,"42":13,"43":14,"44":15,"45":16,"46":17,"47":18,"48":19,"49":20,"50":21,"51":22,"52":23,"53":24,"54":25,"55":26,"56":27,"57":28,"58":29,"59":30,"60":31,"61":32,"62":33,"63":34,"64":35,"65":36,"66":37,"67":38,"68":39,"69":40,"70":41,"71":42,"72":43,"73":44,"74":45,"75":46,"76":47,"77":48,"78":49,"79":50,"80":51,"81":52,"82":53,"83":54,"84":55,"85":56,"86":57,"87":58,"88":59,"89":60,"90":61,"91":62,"92":63,"93":64,"94":65,"95":66,"96":121,"97":68,"98":69,"99":70,"100":71,"101":72,"102":73,"103":74,"104":75,"105":76,"106":77,"107":78,"108":79,"109":80,"110":81,"111":82,"112":83,"113":84,"114":85,"115":86,"116":87,"117":88,"118":89,"119":90,"120":91,"121":92,"122":93,"123":94,"124":95,"125":96,"126":97,"161":98,"162":99,"163":100,"165":102,"168":128,"169":203,"171":105,"174":202,"175":125,"176":201,"180":122,"182":112,"183":111,"184":130,"187":117,"191":120,"192":206,"193":214,"194":212,"195":207,"196":169,"197":170,"199":171,"200":216,"201":172,"202":213,"203":215,"204":220,"205":217,"206":218,"207":219,"209":173,"210":223,"211":221,"212":222,"213":208,"214":174,"216":133,"217":226,"218":224,"219":225,"220":175,"223":136,"224":177,"225":176,"226":178,"227":180,"228":179,"229":181,"231":182,"232":184,"233":183,"234":185,"235":186,"236":188,"237":187,"238":189,"239":190,"241":191,"242":193,"243":192,"244":194,"245":196,"246":195,"247":209,"248":135,"249":198,"250":197,"251":199,"252":200,"255":210,"305":134,"376":211,"710":123,"711":131,"728":126,"729":127,"730":129,"732":124,"8211":108,"8212":132,"8216":67,"8217":10,"8218":114,"8220":104,"8221":116,"8222":115,"8224":109,"8225":110,"8226":113,"8230":118,"8240":119,"8249":106,"8250":107,"8260":101,"8482":204,"8800":205},"Reserves":{"fontname":"Apogee Plain"},"Names":{"Apogee Plain":{"name":"Apogee Plain","longitude":"0.00000001","latitude":"0.00000001","country":"","region":"","city":""}},"Nodes":{"ap":{"type":"typal","node":"ap","usage":1,"weight":1},"ee":{"type":"typal","node":"ee","usage":1,"weight":1},"pl":{"type":"typal","node":"pl","usage":1,"weight":1},"in":{"type":"typal","node":"in","usage":1,"weight":1},"apo":{"type":"typal","node":"apo","usage":1,"weight":1},"gee":{"type":"typal","node":"gee","usage":1,"weight":1},"pla":{"type":"typal","node":"pla","usage":1,"weight":1},"ain":{"type":"typal","node":"ain","usage":1,"weight":1},"apog":{"type":"keys","node":"apog","usage":1,"weight":1},"ogee":{"type":"keys","node":"ogee","usage":1,"weight":1},"plai":{"type":"keys","node":"plai","usage":1,"weight":1},"lain":{"type":"keys","node":"lain","usage":1,"weight":1},"apoge":{"type":"keys","node":"apoge","usage":1,"weight":1},"pogee":{"type":"keys","node":"pogee","usage":1,"weight":1},"apogee":{"type":"fixes","node":"apogee","usage":1,"weight":1},"plain":{"type":"fixes","node":"plain","usage":1,"weight":1}},"Contributors":[],"FontIdentity":"aphgovau:98398b90de918a04cf62ca2","Bytes":null,"Networking":[],"barcode":"qmamuaesa5s73","referee":"qoaqeuka"}