{"CSS":{"Sable Lion":"Sable+Lion.css"},"FontType":"TrueType","FontCopyright":"2002 Iconian Fonts - www.iconian.com","FontName":"Sable Lion","FontSubfamily":"Book","FontSubfamilyID":"FontForge 2.0 : Sable Lion : 13-5-2017","FontFullName":"Sable Lion","FontVersion":"Version 001.000 ","FontWeight":null,"FontPostscriptName":"SableLion","Files":{"sable.afm":"sable.afm","sable.bin":"sable.bin","sable.cef":"sable.cef","sable.cff":"sable.cff","sable.cid":"sable.cid","sable.dfont":"sable.dfont","sable.eot":"sable.eot","sable.fon":"sable.fon","sable.gai":"sable.gai","sable.gsf":"sable.gsf","sable.hqx":"sable.hqx","sable.ik":"sable.ik","sable.mf":"sable.mf","sable.otf":"sable.otf","sable.pcf":"sable.pcf","sable.pf3":"sable.pf3","sable.pfa":"sable.pfa","sable.pfb":"sable.pfb","sable.php":"sable.php","sable.pmf":"sable.pmf","sable.pt3":"sable.pt3","sable.sfd":"sable.sfd","sable.svg":"sable.svg","sable.t42":"sable.t42","sable.ttd":"sable.ttd","sable.ttf":"sable.ttf","sable.ttg":"sable.ttg","sable.ufm":"sable.ufm","sable.woff":"sable.woff","sable.z":"sable.z","":{"sable.afm":"sable.afm","sable.bin":"sable.bin","sable.cef":"sable.cef","sable.cff":"sable.cff","sable.cid":"sable.cid","sable.dfont":"sable.dfont","sable.eot":"sable.eot","sable.fon":"sable.fon","sable.gai":"sable.gai","sable.gsf":"sable.gsf","sable.hqx":"sable.hqx","sable.ik":"sable.ik","sable.mf":"sable.mf","sable.otf":"sable.otf","sable.pcf":"sable.pcf","sable.pf3":"sable.pf3","sable.pfa":"sable.pfa","sable.pfb":"sable.pfb","sable.php":"sable.php","sable.pmf":"sable.pmf","sable.pt3":"sable.pt3","sable.sfd":"sable.sfd","sable.svg":"sable.svg","sable.t42":"sable.t42","sable.ttd":"sable.ttd","sable.ttf":"sable.ttf","sable.ttg":"sable.ttg","sable.ufm":"sable.ufm","sable.woff":"sable.woff","sable.z":"sable.z"},"\/sable.ufo":{"features.fea":"features.fea","fontinfo.plist":"fontinfo.plist","metainfo.plist":"metainfo.plist"},"\/sable.ufo\/glyphs":{"F_L_0022h.glif":"F_L_0022h.glif","F_L_0023h.glif":"F_L_0023h.glif","F_L_0024h.glif":"F_L_0024h.glif","F_L_0025h.glif":"F_L_0025h.glif","F_L_0026h.glif":"F_L_0026h.glif","F_L_0027h.glif":"F_L_0027h.glif","F_L_0028h.glif":"F_L_0028h.glif","F_L_0029h.glif":"F_L_0029h.glif","F_L_002A_h.glif":"F_L_002A_h.glif","F_L_002B_h.glif":"F_L_002B_h.glif","F_L_002C_h.glif":"F_L_002C_h.glif","F_L_002D_h.glif":"F_L_002D_h.glif","F_L_002F_h.glif":"F_L_002F_h.glif","F_L_0032h.glif":"F_L_0032h.glif","F_L_0033h.glif":"F_L_0033h.glif","F_L_0034h.glif":"F_L_0034h.glif","F_L_0035h.glif":"F_L_0035h.glif","F_L_0036h.glif":"F_L_0036h.glif","F_L_0037h.glif":"F_L_0037h.glif","F_L_0038h.glif":"F_L_0038h.glif","F_L_0039h.glif":"F_L_0039h.glif","F_L_003A_h.glif":"F_L_003A_h.glif","F_L_003B_h.glif":"F_L_003B_h.glif","F_L_003C_h.glif":"F_L_003C_h.glif","F_L_003D_h.glif":"F_L_003D_h.glif","F_L_003E_h.glif":"F_L_003E_h.glif","F_L_003F_h.glif":"F_L_003F_h.glif","F_L_0040h.glif":"F_L_0040h.glif","F_L_0042h.glif":"F_L_0042h.glif","F_L_0043h.glif":"F_L_0043h.glif","F_L_0044h.glif":"F_L_0044h.glif","F_L_0045h.glif":"F_L_0045h.glif","F_L_0046h.glif":"F_L_0046h.glif","F_L_0047h.glif":"F_L_0047h.glif","F_L_0048h.glif":"F_L_0048h.glif","F_L_0049h.glif":"F_L_0049h.glif","F_L_004A_h.glif":"F_L_004A_h.glif","F_L_004B_h.glif":"F_L_004B_h.glif","F_L_004C_h.glif":"F_L_004C_h.glif","F_L_004D_h.glif":"F_L_004D_h.glif","F_L_004E_h.glif":"F_L_004E_h.glif","F_L_004F_h.glif":"F_L_004F_h.glif","F_L_0050h.glif":"F_L_0050h.glif","F_L_0051h.glif":"F_L_0051h.glif","F_L_0052h.glif":"F_L_0052h.glif","F_L_0053h.glif":"F_L_0053h.glif","F_L_0055h.glif":"F_L_0055h.glif","F_L_0056h.glif":"F_L_0056h.glif","F_L_0057h.glif":"F_L_0057h.glif","F_L_0058h.glif":"F_L_0058h.glif","F_L_0059h.glif":"F_L_0059h.glif","F_L_005A_h.glif":"F_L_005A_h.glif","F_L_005B_h.glif":"F_L_005B_h.glif","F_L_005C_h.glif":"F_L_005C_h.glif","F_L_005D_h.glif":"F_L_005D_h.glif","F_L_005E_h.glif":"F_L_005E_h.glif","F_L_005F_h.glif":"F_L_005F_h.glif","F_L_0060h.glif":"F_L_0060h.glif","F_L_007B_h.glif":"F_L_007B_h.glif","F_L_007C_h.glif":"F_L_007C_h.glif","F_L_007D_h.glif":"F_L_007D_h.glif","F_L_007E_h.glif":"F_L_007E_h.glif","F_L_00A_1h.glif":"F_L_00A_1h.glif","F_L_00A_2h.glif":"F_L_00A_2h.glif","F_L_00A_3h.glif":"F_L_00A_3h.glif","F_L_00A_4h.glif":"F_L_00A_4h.glif","F_L_00A_5h.glif":"F_L_00A_5h.glif","F_L_00A_6h.glif":"F_L_00A_6h.glif","F_L_00A_7h.glif":"F_L_00A_7h.glif","F_L_00A_8h.glif":"F_L_00A_8h.glif","F_L_00A_9h.glif":"F_L_00A_9h.glif","F_L_00A_A_h.glif":"F_L_00A_A_h.glif","F_L_00A_B_h.glif":"F_L_00A_B_h.glif","F_L_00A_C_h.glif":"F_L_00A_C_h.glif","F_L_00A_D_h.glif":"F_L_00A_D_h.glif","F_L_00A_E_h.glif":"F_L_00A_E_h.glif","F_L_00A_F_h.glif":"F_L_00A_F_h.glif","F_L_00B_0h.glif":"F_L_00B_0h.glif","F_L_00B_1h.glif":"F_L_00B_1h.glif","F_L_00B_2h.glif":"F_L_00B_2h.glif","F_L_00B_3h.glif":"F_L_00B_3h.glif","F_L_00B_4h.glif":"F_L_00B_4h.glif","F_L_00B_5h.glif":"F_L_00B_5h.glif","F_L_00B_6h.glif":"F_L_00B_6h.glif","F_L_00B_7h.glif":"F_L_00B_7h.glif","F_L_00B_8h.glif":"F_L_00B_8h.glif","F_L_00B_9h.glif":"F_L_00B_9h.glif","F_L_00B_A_h.glif":"F_L_00B_A_h.glif","F_L_00B_B_h.glif":"F_L_00B_B_h.glif","F_L_00B_C_h.glif":"F_L_00B_C_h.glif","F_L_00B_D_h.glif":"F_L_00B_D_h.glif","F_L_00B_E_h.glif":"F_L_00B_E_h.glif","F_L_00B_F_h.glif":"F_L_00B_F_h.glif","F_L_00C_0h.glif":"F_L_00C_0h.glif","F_L_00C_1h.glif":"F_L_00C_1h.glif","F_L_00C_2h.glif":"F_L_00C_2h.glif","F_L_00C_3h.glif":"F_L_00C_3h.glif","F_L_00C_4h.glif":"F_L_00C_4h.glif","F_L_00C_5h.glif":"F_L_00C_5h.glif","F_L_00C_6h.glif":"F_L_00C_6h.glif","F_L_00C_7h.glif":"F_L_00C_7h.glif","F_L_00C_8h.glif":"F_L_00C_8h.glif","F_L_00C_9h.glif":"F_L_00C_9h.glif","F_L_00C_A_h.glif":"F_L_00C_A_h.glif","F_L_00C_B_h.glif":"F_L_00C_B_h.glif","F_L_00C_C_h.glif":"F_L_00C_C_h.glif","F_L_00C_D_h.glif":"F_L_00C_D_h.glif","F_L_00C_E_h.glif":"F_L_00C_E_h.glif","F_L_00C_F_h.glif":"F_L_00C_F_h.glif","F_L_00D_0h.glif":"F_L_00D_0h.glif","F_L_00D_1h.glif":"F_L_00D_1h.glif","F_L_00D_2h.glif":"F_L_00D_2h.glif","F_L_00D_3h.glif":"F_L_00D_3h.glif","F_L_00D_4h.glif":"F_L_00D_4h.glif","F_L_00D_5h.glif":"F_L_00D_5h.glif","F_L_00D_6h.glif":"F_L_00D_6h.glif","F_L_00D_7h.glif":"F_L_00D_7h.glif","F_L_00D_8h.glif":"F_L_00D_8h.glif","F_L_00D_9h.glif":"F_L_00D_9h.glif","F_L_00D_A_h.glif":"F_L_00D_A_h.glif","F_L_00D_B_h.glif":"F_L_00D_B_h.glif","F_L_00D_C_h.glif":"F_L_00D_C_h.glif","F_L_00D_D_h.glif":"F_L_00D_D_h.glif","F_L_00D_E_h.glif":"F_L_00D_E_h.glif","F_L_00D_F_h.glif":"F_L_00D_F_h.glif","F_L_00E_0h.glif":"F_L_00E_0h.glif","F_L_00E_1h.glif":"F_L_00E_1h.glif","F_L_00E_2h.glif":"F_L_00E_2h.glif","F_L_00E_3h.glif":"F_L_00E_3h.glif","F_L_00E_4h.glif":"F_L_00E_4h.glif","F_L_00E_5h.glif":"F_L_00E_5h.glif","F_L_00E_6h.glif":"F_L_00E_6h.glif","F_L_00E_7h.glif":"F_L_00E_7h.glif","F_L_00E_8h.glif":"F_L_00E_8h.glif","F_L_00E_9h.glif":"F_L_00E_9h.glif","F_L_00E_A_h.glif":"F_L_00E_A_h.glif","F_L_00E_B_h.glif":"F_L_00E_B_h.glif","F_L_00E_C_h.glif":"F_L_00E_C_h.glif","F_L_00E_D_h.glif":"F_L_00E_D_h.glif","F_L_00E_E_h.glif":"F_L_00E_E_h.glif","F_L_00E_F_h.glif":"F_L_00E_F_h.glif","F_L_00F_0h.glif":"F_L_00F_0h.glif","F_L_00F_1h.glif":"F_L_00F_1h.glif","F_L_00F_2h.glif":"F_L_00F_2h.glif","F_L_00F_3h.glif":"F_L_00F_3h.glif","F_L_00F_4h.glif":"F_L_00F_4h.glif","F_L_00F_5h.glif":"F_L_00F_5h.glif","F_L_00F_6h.glif":"F_L_00F_6h.glif","F_L_00F_7h.glif":"F_L_00F_7h.glif","F_L_00F_8h.glif":"F_L_00F_8h.glif","F_L_00F_9h.glif":"F_L_00F_9h.glif","F_L_00F_A_h.glif":"F_L_00F_A_h.glif","F_L_00F_B_h.glif":"F_L_00F_B_h.glif","F_L_00F_C_h.glif":"F_L_00F_C_h.glif","F_L_00F_D_h.glif":"F_L_00F_D_h.glif","F_L_00F_E_h.glif":"F_L_00F_E_h.glif","F_L_00F_F_h.glif":"F_L_00F_F_h.glif","F_L_0152h.glif":"F_L_0152h.glif","F_L_0153h.glif":"F_L_0153h.glif","F_L_0160h.glif":"F_L_0160h.glif","F_L_0161h.glif":"F_L_0161h.glif","F_L_0178h.glif":"F_L_0178h.glif","F_L_017D_h.glif":"F_L_017D_h.glif","F_L_017E_h.glif":"F_L_017E_h.glif","F_L_0192h.glif":"F_L_0192h.glif","F_L_02C_6h.glif":"F_L_02C_6h.glif","F_L_02D_C_h.glif":"F_L_02D_C_h.glif","F_L_2013h.glif":"F_L_2013h.glif","F_L_2014h.glif":"F_L_2014h.glif","F_L_2018h.glif":"F_L_2018h.glif","F_L_2019h.glif":"F_L_2019h.glif","F_L_201A_h.glif":"F_L_201A_h.glif","F_L_201C_h.glif":"F_L_201C_h.glif","F_L_201D_h.glif":"F_L_201D_h.glif","F_L_201E_h.glif":"F_L_201E_h.glif","F_L_2020h.glif":"F_L_2020h.glif","F_L_2021h.glif":"F_L_2021h.glif","F_L_2022h.glif":"F_L_2022h.glif","F_L_2026h.glif":"F_L_2026h.glif","F_L_2030h.glif":"F_L_2030h.glif","F_L_2039h.glif":"F_L_2039h.glif","F_L_203A_h.glif":"F_L_203A_h.glif","F_L_20A_C_h.glif":"F_L_20A_C_h.glif","F_L_2122h.glif":"F_L_2122h.glif","F_L_259.glif":"F_L_259.glif","T_.glif":"T_.glif","_null.glif":"_null.glif","a.glif":"a.glif","b.glif":"b.glif","c.glif":"c.glif","contents.plist":"contents.plist","d.glif":"d.glif","e.glif":"e.glif","exclam.glif":"exclam.glif","f.glif":"f.glif","g.glif":"g.glif","h.glif":"h.glif","i.glif":"i.glif","j.glif":"j.glif","k.glif":"k.glif","l.glif":"l.glif","m.glif":"m.glif","n.glif":"n.glif","nonmarkingreturn.glif":"nonmarkingreturn.glif","o.glif":"o.glif","one.glif":"one.glif","p.glif":"p.glif","period.glif":"period.glif","q.glif":"q.glif","r.glif":"r.glif","s.glif":"s.glif","space.glif":"space.glif","t.glif":"t.glif","u.glif":"u.glif","v.glif":"v.glif","w.glif":"w.glif","x.glif":"x.glif","y.glif":"y.glif","z.glif":"z.glif","zero.glif":"zero.glif"}},"Font":{"uploaded":1494681948.7478,"licence":"gpl3","company":"Chronolabs Cooperative","title":"Sable Lion","version":2.001,"date":"Sun Aug 28 08:00:50 2016","creator":"root","type":"1","matrix":"0.001 0 0 0.001 0 0","named":"SableLion","painttype":"0","info":"10 dict dup","name":"Sable Lion","family":"Sable Lion","weight":"Book","fstype":"0","italicangle":"0","underlineposition":"","underlinethickness":""},"Table":{"FFTM":{"entryLength":16,"tag":"FFTM","checksum":2079593869,"offset":70300,"length":28},"GDEF":{"entryLength":16,"tag":"GDEF","checksum":2556130,"offset":70268,"length":30},"OS\/2":{"entryLength":16,"tag":"OS\/2","checksum":1444241505,"offset":344,"length":86},"cmap":{"entryLength":16,"tag":"cmap","checksum":1256667767,"offset":1312,"length":370},"gasp":{"entryLength":16,"tag":"gasp","checksum":4294901763,"offset":70260,"length":8},"glyf":{"entryLength":16,"tag":"glyf","checksum":3996722723,"offset":2128,"length":65616},"head":{"entryLength":16,"tag":"head","checksum":180011100,"offset":220,"length":54},"hhea":{"entryLength":16,"tag":"hhea","checksum":137954235,"offset":276,"length":36},"hmtx":{"entryLength":16,"tag":"hmtx","checksum":2677147806,"offset":432,"length":880},"loca":{"entryLength":16,"tag":"loca","checksum":2130657310,"offset":1684,"length":442},"maxp":{"entryLength":16,"tag":"maxp","checksum":19202276,"offset":312,"length":32},"name":{"entryLength":16,"tag":"name","checksum":1614313290,"offset":67744,"length":564},"post":{"entryLength":16,"tag":"post","checksum":2121991092,"offset":68308,"length":1952}},"UnicodeCharMap":{"0":1,"13":2,"32":3,"33":4,"46":17,"48":19,"49":20,"84":55,"97":68,"98":69,"99":70,"100":71,"101":72,"102":73,"103":74,"104":75,"105":76,"106":77,"107":78,"108":79,"109":80,"110":81,"111":82,"112":83,"113":84,"114":85,"115":86,"116":87,"117":88,"118":89,"119":90,"120":91,"121":92,"122":93},"Reserves":null,"Names":[],"Nodes":{"sa":{"type":"typal","node":"sa","usage":1,"weight":1},"le":{"type":"typal","node":"le","usage":1,"weight":1},"li":{"type":"typal","node":"li","usage":1,"weight":1},"on":{"type":"typal","node":"on","usage":1,"weight":1},"sab":{"type":"typal","node":"sab","usage":1,"weight":1},"ble":{"type":"typal","node":"ble","usage":1,"weight":1},"lio":{"type":"typal","node":"lio","usage":1,"weight":1},"ion":{"type":"typal","node":"ion","usage":1,"weight":1},"sabl":{"type":"keys","node":"sabl","usage":1,"weight":1},"able":{"type":"keys","node":"able","usage":1,"weight":1},"sable":{"type":"fixes","node":"sable","usage":1,"weight":1},"lion":{"type":"fixes","node":"lion","usage":1,"weight":1}},"Contributors":[],"FontIdentity":"4b39f8a1a741ac015ab6dcb02163fb63","Bytes":6661590,"Networking":[],"barcode":"y6gq3ooaksgms","referee":"qey6au"}