{"CSS":{"Lucida Sans Demibold Italic":"zinc77:9ff88e5d6ec3cede29899bd56.css"},"FontType":"TrueType","FontCopyright":"(c) 1991 by Bigelow & Holmes Inc. All Rights Reserved. (c) 1990-1991 Type Solutions, Inc. All Rights Reserved.","FontName":"Lucida Sans","FontSubfamily":"DemiItalic","FontSubfamilyID":"FontForge 2.0 : Lucida Sans Demibold Italic : 3-12-2016","FontFullName":"Lucida Sans Demibold Italic","FontVersion":"Version 1.67 ","FontWeight":null,"FontPostscriptName":"LucidaSans-DemiItalic","Files":{"\/Lucida Sans Demibold Italic.css":"\/Lucida Sans Demibold Italic.css","\/font-resource.json":"\/font-resource.json","\/lsansdi.afm":"\/lsansdi.afm","\/lsansdi.cef":"\/lsansdi.cef","\/lsansdi.cff":"\/lsansdi.cff","\/lsansdi.eot":"\/lsansdi.eot","\/lsansdi.gai":"\/lsansdi.gai","\/lsansdi.gsf":"\/lsansdi.gsf","\/lsansdi.otf":"\/lsansdi.otf","\/lsansdi.pf3":"\/lsansdi.pf3","\/lsansdi.pfa":"\/lsansdi.pfa","\/lsansdi.pfb":"\/lsansdi.pfb","\/lsansdi.php":"\/lsansdi.php","\/lsansdi.pt3":"\/lsansdi.pt3","\/lsansdi.sfd":"\/lsansdi.sfd","\/lsansdi.svg":"\/lsansdi.svg","\/lsansdi.t42":"\/lsansdi.t42","\/lsansdi.ttd":"\/lsansdi.ttd","\/lsansdi.ttf":"\/lsansdi.ttf","\/lsansdi.ttg":"\/lsansdi.ttg","\/lsansdi.ufm":"\/lsansdi.ufm","\/lsansdi.woff":"\/lsansdi.woff","\/lsansdi.z":"\/lsansdi.z","\/zinc77:9ff88e5d6ec3cede29899bd56.css":"\/zinc77:9ff88e5d6ec3cede29899bd56.css","\/lsansdi.ufo\/feature.fea":"\/lsansdi.ufo\/feature.fea","\/lsansdi.ufo\/fontinfo.plist":"\/lsansdi.ufo\/fontinfo.plist","\/lsansdi.ufo\/groups.plist":"\/lsansdi.ufo\/groups.plist","\/lsansdi.ufo\/kerning.plist":"\/lsansdi.ufo\/kerning.plist","\/lsansdi.ufo\/metainfo.plist":"\/lsansdi.ufo\/metainfo.plist","\/lsansdi.ufo\/glyphs\/A_.glif":"\/lsansdi.ufo\/glyphs\/A_.glif","\/lsansdi.ufo\/glyphs\/A_E_.glif":"\/lsansdi.ufo\/glyphs\/A_E_.glif","\/lsansdi.ufo\/glyphs\/A_acute.glif":"\/lsansdi.ufo\/glyphs\/A_acute.glif","\/lsansdi.ufo\/glyphs\/A_circumflex.glif":"\/lsansdi.ufo\/glyphs\/A_circumflex.glif","\/lsansdi.ufo\/glyphs\/A_dieresis.glif":"\/lsansdi.ufo\/glyphs\/A_dieresis.glif","\/lsansdi.ufo\/glyphs\/A_grave.glif":"\/lsansdi.ufo\/glyphs\/A_grave.glif","\/lsansdi.ufo\/glyphs\/A_ring.glif":"\/lsansdi.ufo\/glyphs\/A_ring.glif","\/lsansdi.ufo\/glyphs\/A_tilde.glif":"\/lsansdi.ufo\/glyphs\/A_tilde.glif","\/lsansdi.ufo\/glyphs\/B_.glif":"\/lsansdi.ufo\/glyphs\/B_.glif","\/lsansdi.ufo\/glyphs\/C_.glif":"\/lsansdi.ufo\/glyphs\/C_.glif","\/lsansdi.ufo\/glyphs\/C_cedilla.glif":"\/lsansdi.ufo\/glyphs\/C_cedilla.glif","\/lsansdi.ufo\/glyphs\/D_.glif":"\/lsansdi.ufo\/glyphs\/D_.glif","\/lsansdi.ufo\/glyphs\/D_elta.glif":"\/lsansdi.ufo\/glyphs\/D_elta.glif","\/lsansdi.ufo\/glyphs\/E_.glif":"\/lsansdi.ufo\/glyphs\/E_.glif","\/lsansdi.ufo\/glyphs\/E_acute.glif":"\/lsansdi.ufo\/glyphs\/E_acute.glif","\/lsansdi.ufo\/glyphs\/E_circumflex.glif":"\/lsansdi.ufo\/glyphs\/E_circumflex.glif","\/lsansdi.ufo\/glyphs\/E_dieresis.glif":"\/lsansdi.ufo\/glyphs\/E_dieresis.glif","\/lsansdi.ufo\/glyphs\/E_grave.glif":"\/lsansdi.ufo\/glyphs\/E_grave.glif","\/lsansdi.ufo\/glyphs\/E_th.glif":"\/lsansdi.ufo\/glyphs\/E_th.glif","\/lsansdi.ufo\/glyphs\/F_.glif":"\/lsansdi.ufo\/glyphs\/F_.glif","\/lsansdi.ufo\/glyphs\/G_.glif":"\/lsansdi.ufo\/glyphs\/G_.glif","\/lsansdi.ufo\/glyphs\/H_.glif":"\/lsansdi.ufo\/glyphs\/H_.glif","\/lsansdi.ufo\/glyphs\/I_.glif":"\/lsansdi.ufo\/glyphs\/I_.glif","\/lsansdi.ufo\/glyphs\/I_acute.glif":"\/lsansdi.ufo\/glyphs\/I_acute.glif","\/lsansdi.ufo\/glyphs\/I_circumflex.glif":"\/lsansdi.ufo\/glyphs\/I_circumflex.glif","\/lsansdi.ufo\/glyphs\/I_dieresis.glif":"\/lsansdi.ufo\/glyphs\/I_dieresis.glif","\/lsansdi.ufo\/glyphs\/I_grave.glif":"\/lsansdi.ufo\/glyphs\/I_grave.glif","\/lsansdi.ufo\/glyphs\/J_.glif":"\/lsansdi.ufo\/glyphs\/J_.glif","\/lsansdi.ufo\/glyphs\/K_.glif":"\/lsansdi.ufo\/glyphs\/K_.glif","\/lsansdi.ufo\/glyphs\/L_.glif":"\/lsansdi.ufo\/glyphs\/L_.glif","\/lsansdi.ufo\/glyphs\/M_.glif":"\/lsansdi.ufo\/glyphs\/M_.glif","\/lsansdi.ufo\/glyphs\/N_.glif":"\/lsansdi.ufo\/glyphs\/N_.glif","\/lsansdi.ufo\/glyphs\/N_tilde.glif":"\/lsansdi.ufo\/glyphs\/N_tilde.glif","\/lsansdi.ufo\/glyphs\/O_.glif":"\/lsansdi.ufo\/glyphs\/O_.glif","\/lsansdi.ufo\/glyphs\/O_E_.glif":"\/lsansdi.ufo\/glyphs\/O_E_.glif","\/lsansdi.ufo\/glyphs\/O_acute.glif":"\/lsansdi.ufo\/glyphs\/O_acute.glif","\/lsansdi.ufo\/glyphs\/O_circumflex.glif":"\/lsansdi.ufo\/glyphs\/O_circumflex.glif","\/lsansdi.ufo\/glyphs\/O_dieresis.glif":"\/lsansdi.ufo\/glyphs\/O_dieresis.glif","\/lsansdi.ufo\/glyphs\/O_grave.glif":"\/lsansdi.ufo\/glyphs\/O_grave.glif","\/lsansdi.ufo\/glyphs\/O_mega.glif":"\/lsansdi.ufo\/glyphs\/O_mega.glif","\/lsansdi.ufo\/glyphs\/O_slash.glif":"\/lsansdi.ufo\/glyphs\/O_slash.glif","\/lsansdi.ufo\/glyphs\/O_tilde.glif":"\/lsansdi.ufo\/glyphs\/O_tilde.glif","\/lsansdi.ufo\/glyphs\/P_.glif":"\/lsansdi.ufo\/glyphs\/P_.glif","\/lsansdi.ufo\/glyphs\/Q_.glif":"\/lsansdi.ufo\/glyphs\/Q_.glif","\/lsansdi.ufo\/glyphs\/R_.glif":"\/lsansdi.ufo\/glyphs\/R_.glif","\/lsansdi.ufo\/glyphs\/S_.glif":"\/lsansdi.ufo\/glyphs\/S_.glif","\/lsansdi.ufo\/glyphs\/S_caron.glif":"\/lsansdi.ufo\/glyphs\/S_caron.glif","\/lsansdi.ufo\/glyphs\/T_.glif":"\/lsansdi.ufo\/glyphs\/T_.glif","\/lsansdi.ufo\/glyphs\/T_horn.glif":"\/lsansdi.ufo\/glyphs\/T_horn.glif","\/lsansdi.ufo\/glyphs\/U_.glif":"\/lsansdi.ufo\/glyphs\/U_.glif","\/lsansdi.ufo\/glyphs\/U_acute.glif":"\/lsansdi.ufo\/glyphs\/U_acute.glif","\/lsansdi.ufo\/glyphs\/U_circumflex.glif":"\/lsansdi.ufo\/glyphs\/U_circumflex.glif","\/lsansdi.ufo\/glyphs\/U_dieresis.glif":"\/lsansdi.ufo\/glyphs\/U_dieresis.glif","\/lsansdi.ufo\/glyphs\/U_grave.glif":"\/lsansdi.ufo\/glyphs\/U_grave.glif","\/lsansdi.ufo\/glyphs\/V_.glif":"\/lsansdi.ufo\/glyphs\/V_.glif","\/lsansdi.ufo\/glyphs\/W_.glif":"\/lsansdi.ufo\/glyphs\/W_.glif","\/lsansdi.ufo\/glyphs\/X_.glif":"\/lsansdi.ufo\/glyphs\/X_.glif","\/lsansdi.ufo\/glyphs\/Y_.glif":"\/lsansdi.ufo\/glyphs\/Y_.glif","\/lsansdi.ufo\/glyphs\/Y_acute.glif":"\/lsansdi.ufo\/glyphs\/Y_acute.glif","\/lsansdi.ufo\/glyphs\/Y_dieresis.glif":"\/lsansdi.ufo\/glyphs\/Y_dieresis.glif","\/lsansdi.ufo\/glyphs\/Z_.glif":"\/lsansdi.ufo\/glyphs\/Z_.glif","\/lsansdi.ufo\/glyphs\/a.glif":"\/lsansdi.ufo\/glyphs\/a.glif","\/lsansdi.ufo\/glyphs\/aacute.glif":"\/lsansdi.ufo\/glyphs\/aacute.glif","\/lsansdi.ufo\/glyphs\/acircumflex.glif":"\/lsansdi.ufo\/glyphs\/acircumflex.glif","\/lsansdi.ufo\/glyphs\/acute.glif":"\/lsansdi.ufo\/glyphs\/acute.glif","\/lsansdi.ufo\/glyphs\/adieresis.glif":"\/lsansdi.ufo\/glyphs\/adieresis.glif","\/lsansdi.ufo\/glyphs\/ae.glif":"\/lsansdi.ufo\/glyphs\/ae.glif","\/lsansdi.ufo\/glyphs\/agrave.glif":"\/lsansdi.ufo\/glyphs\/agrave.glif","\/lsansdi.ufo\/glyphs\/ampersand.glif":"\/lsansdi.ufo\/glyphs\/ampersand.glif","\/lsansdi.ufo\/glyphs\/approxequal.glif":"\/lsansdi.ufo\/glyphs\/approxequal.glif","\/lsansdi.ufo\/glyphs\/aring.glif":"\/lsansdi.ufo\/glyphs\/aring.glif","\/lsansdi.ufo\/glyphs\/asciicircum.glif":"\/lsansdi.ufo\/glyphs\/asciicircum.glif","\/lsansdi.ufo\/glyphs\/asciitilde.glif":"\/lsansdi.ufo\/glyphs\/asciitilde.glif","\/lsansdi.ufo\/glyphs\/asterisk.glif":"\/lsansdi.ufo\/glyphs\/asterisk.glif","\/lsansdi.ufo\/glyphs\/at.glif":"\/lsansdi.ufo\/glyphs\/at.glif","\/lsansdi.ufo\/glyphs\/atilde.glif":"\/lsansdi.ufo\/glyphs\/atilde.glif","\/lsansdi.ufo\/glyphs\/b.glif":"\/lsansdi.ufo\/glyphs\/b.glif","\/lsansdi.ufo\/glyphs\/backslash.glif":"\/lsansdi.ufo\/glyphs\/backslash.glif","\/lsansdi.ufo\/glyphs\/bar.glif":"\/lsansdi.ufo\/glyphs\/bar.glif","\/lsansdi.ufo\/glyphs\/braceleft.glif":"\/lsansdi.ufo\/glyphs\/braceleft.glif","\/lsansdi.ufo\/glyphs\/braceright.glif":"\/lsansdi.ufo\/glyphs\/braceright.glif","\/lsansdi.ufo\/glyphs\/bracketleft.glif":"\/lsansdi.ufo\/glyphs\/bracketleft.glif","\/lsansdi.ufo\/glyphs\/bracketright.glif":"\/lsansdi.ufo\/glyphs\/bracketright.glif","\/lsansdi.ufo\/glyphs\/breve.glif":"\/lsansdi.ufo\/glyphs\/breve.glif","\/lsansdi.ufo\/glyphs\/brokenbar.glif":"\/lsansdi.ufo\/glyphs\/brokenbar.glif","\/lsansdi.ufo\/glyphs\/bullet.glif":"\/lsansdi.ufo\/glyphs\/bullet.glif","\/lsansdi.ufo\/glyphs\/c.glif":"\/lsansdi.ufo\/glyphs\/c.glif","\/lsansdi.ufo\/glyphs\/caron.glif":"\/lsansdi.ufo\/glyphs\/caron.glif","\/lsansdi.ufo\/glyphs\/ccedilla.glif":"\/lsansdi.ufo\/glyphs\/ccedilla.glif","\/lsansdi.ufo\/glyphs\/cedilla.glif":"\/lsansdi.ufo\/glyphs\/cedilla.glif","\/lsansdi.ufo\/glyphs\/cent.glif":"\/lsansdi.ufo\/glyphs\/cent.glif","\/lsansdi.ufo\/glyphs\/circumflex.glif":"\/lsansdi.ufo\/glyphs\/circumflex.glif","\/lsansdi.ufo\/glyphs\/colon.glif":"\/lsansdi.ufo\/glyphs\/colon.glif","\/lsansdi.ufo\/glyphs\/comma.glif":"\/lsansdi.ufo\/glyphs\/comma.glif","\/lsansdi.ufo\/glyphs\/contents.plist":"\/lsansdi.ufo\/glyphs\/contents.plist","\/lsansdi.ufo\/glyphs\/copyright.glif":"\/lsansdi.ufo\/glyphs\/copyright.glif","\/lsansdi.ufo\/glyphs\/currency.glif":"\/lsansdi.ufo\/glyphs\/currency.glif","\/lsansdi.ufo\/glyphs\/d.glif":"\/lsansdi.ufo\/glyphs\/d.glif","\/lsansdi.ufo\/glyphs\/dagger.glif":"\/lsansdi.ufo\/glyphs\/dagger.glif","\/lsansdi.ufo\/glyphs\/daggerdbl.glif":"\/lsansdi.ufo\/glyphs\/daggerdbl.glif","\/lsansdi.ufo\/glyphs\/degree.glif":"\/lsansdi.ufo\/glyphs\/degree.glif","\/lsansdi.ufo\/glyphs\/dieresis.glif":"\/lsansdi.ufo\/glyphs\/dieresis.glif","\/lsansdi.ufo\/glyphs\/divide.glif":"\/lsansdi.ufo\/glyphs\/divide.glif","\/lsansdi.ufo\/glyphs\/dollar.glif":"\/lsansdi.ufo\/glyphs\/dollar.glif","\/lsansdi.ufo\/glyphs\/dotaccent.glif":"\/lsansdi.ufo\/glyphs\/dotaccent.glif","\/lsansdi.ufo\/glyphs\/dotlessi.glif":"\/lsansdi.ufo\/glyphs\/dotlessi.glif","\/lsansdi.ufo\/glyphs\/e.glif":"\/lsansdi.ufo\/glyphs\/e.glif","\/lsansdi.ufo\/glyphs\/eacute.glif":"\/lsansdi.ufo\/glyphs\/eacute.glif","\/lsansdi.ufo\/glyphs\/ecircumflex.glif":"\/lsansdi.ufo\/glyphs\/ecircumflex.glif","\/lsansdi.ufo\/glyphs\/edieresis.glif":"\/lsansdi.ufo\/glyphs\/edieresis.glif","\/lsansdi.ufo\/glyphs\/egrave.glif":"\/lsansdi.ufo\/glyphs\/egrave.glif","\/lsansdi.ufo\/glyphs\/eight.glif":"\/lsansdi.ufo\/glyphs\/eight.glif","\/lsansdi.ufo\/glyphs\/ellipsis.glif":"\/lsansdi.ufo\/glyphs\/ellipsis.glif","\/lsansdi.ufo\/glyphs\/emdash.glif":"\/lsansdi.ufo\/glyphs\/emdash.glif","\/lsansdi.ufo\/glyphs\/endash.glif":"\/lsansdi.ufo\/glyphs\/endash.glif","\/lsansdi.ufo\/glyphs\/equal.glif":"\/lsansdi.ufo\/glyphs\/equal.glif","\/lsansdi.ufo\/glyphs\/eth.glif":"\/lsansdi.ufo\/glyphs\/eth.glif","\/lsansdi.ufo\/glyphs\/exclam.glif":"\/lsansdi.ufo\/glyphs\/exclam.glif","\/lsansdi.ufo\/glyphs\/exclamdown.glif":"\/lsansdi.ufo\/glyphs\/exclamdown.glif","\/lsansdi.ufo\/glyphs\/f.glif":"\/lsansdi.ufo\/glyphs\/f.glif","\/lsansdi.ufo\/glyphs\/f000.glif":"\/lsansdi.ufo\/glyphs\/f000.glif","\/lsansdi.ufo\/glyphs\/fi.glif":"\/lsansdi.ufo\/glyphs\/fi.glif","\/lsansdi.ufo\/glyphs\/five.glif":"\/lsansdi.ufo\/glyphs\/five.glif","\/lsansdi.ufo\/glyphs\/fl.glif":"\/lsansdi.ufo\/glyphs\/fl.glif","\/lsansdi.ufo\/glyphs\/florin.glif":"\/lsansdi.ufo\/glyphs\/florin.glif","\/lsansdi.ufo\/glyphs\/four.glif":"\/lsansdi.ufo\/glyphs\/four.glif","\/lsansdi.ufo\/glyphs\/fraction.glif":"\/lsansdi.ufo\/glyphs\/fraction.glif","\/lsansdi.ufo\/glyphs\/g.glif":"\/lsansdi.ufo\/glyphs\/g.glif","\/lsansdi.ufo\/glyphs\/germandbls.glif":"\/lsansdi.ufo\/glyphs\/germandbls.glif","\/lsansdi.ufo\/glyphs\/glyph1.glif":"\/lsansdi.ufo\/glyphs\/glyph1.glif","\/lsansdi.ufo\/glyphs\/glyph2.glif":"\/lsansdi.ufo\/glyphs\/glyph2.glif","\/lsansdi.ufo\/glyphs\/glyph242.glif":"\/lsansdi.ufo\/glyphs\/glyph242.glif","\/lsansdi.ufo\/glyphs\/grave.glif":"\/lsansdi.ufo\/glyphs\/grave.glif","\/lsansdi.ufo\/glyphs\/greater.glif":"\/lsansdi.ufo\/glyphs\/greater.glif","\/lsansdi.ufo\/glyphs\/greaterequal.glif":"\/lsansdi.ufo\/glyphs\/greaterequal.glif","\/lsansdi.ufo\/glyphs\/guillemotleft.glif":"\/lsansdi.ufo\/glyphs\/guillemotleft.glif","\/lsansdi.ufo\/glyphs\/guillemotright.glif":"\/lsansdi.ufo\/glyphs\/guillemotright.glif","\/lsansdi.ufo\/glyphs\/guilsinglleft.glif":"\/lsansdi.ufo\/glyphs\/guilsinglleft.glif","\/lsansdi.ufo\/glyphs\/guilsinglright.glif":"\/lsansdi.ufo\/glyphs\/guilsinglright.glif","\/lsansdi.ufo\/glyphs\/h.glif":"\/lsansdi.ufo\/glyphs\/h.glif","\/lsansdi.ufo\/glyphs\/hungarumlaut.glif":"\/lsansdi.ufo\/glyphs\/hungarumlaut.glif","\/lsansdi.ufo\/glyphs\/hyphen.glif":"\/lsansdi.ufo\/glyphs\/hyphen.glif","\/lsansdi.ufo\/glyphs\/i.glif":"\/lsansdi.ufo\/glyphs\/i.glif","\/lsansdi.ufo\/glyphs\/iacute.glif":"\/lsansdi.ufo\/glyphs\/iacute.glif","\/lsansdi.ufo\/glyphs\/icircumflex.glif":"\/lsansdi.ufo\/glyphs\/icircumflex.glif","\/lsansdi.ufo\/glyphs\/idieresis.glif":"\/lsansdi.ufo\/glyphs\/idieresis.glif","\/lsansdi.ufo\/glyphs\/igrave.glif":"\/lsansdi.ufo\/glyphs\/igrave.glif","\/lsansdi.ufo\/glyphs\/infinity.glif":"\/lsansdi.ufo\/glyphs\/infinity.glif","\/lsansdi.ufo\/glyphs\/integral.glif":"\/lsansdi.ufo\/glyphs\/integral.glif","\/lsansdi.ufo\/glyphs\/j.glif":"\/lsansdi.ufo\/glyphs\/j.glif","\/lsansdi.ufo\/glyphs\/k.glif":"\/lsansdi.ufo\/glyphs\/k.glif","\/lsansdi.ufo\/glyphs\/l.glif":"\/lsansdi.ufo\/glyphs\/l.glif","\/lsansdi.ufo\/glyphs\/less.glif":"\/lsansdi.ufo\/glyphs\/less.glif","\/lsansdi.ufo\/glyphs\/lessequal.glif":"\/lsansdi.ufo\/glyphs\/lessequal.glif","\/lsansdi.ufo\/glyphs\/logicalnot.glif":"\/lsansdi.ufo\/glyphs\/logicalnot.glif","\/lsansdi.ufo\/glyphs\/lozenge.glif":"\/lsansdi.ufo\/glyphs\/lozenge.glif","\/lsansdi.ufo\/glyphs\/m.glif":"\/lsansdi.ufo\/glyphs\/m.glif","\/lsansdi.ufo\/glyphs\/macron.glif":"\/lsansdi.ufo\/glyphs\/macron.glif","\/lsansdi.ufo\/glyphs\/mu.glif":"\/lsansdi.ufo\/glyphs\/mu.glif","\/lsansdi.ufo\/glyphs\/multiply.glif":"\/lsansdi.ufo\/glyphs\/multiply.glif","\/lsansdi.ufo\/glyphs\/n.glif":"\/lsansdi.ufo\/glyphs\/n.glif","\/lsansdi.ufo\/glyphs\/nine.glif":"\/lsansdi.ufo\/glyphs\/nine.glif","\/lsansdi.ufo\/glyphs\/nonbreakingspace.glif":"\/lsansdi.ufo\/glyphs\/nonbreakingspace.glif","\/lsansdi.ufo\/glyphs\/notequal.glif":"\/lsansdi.ufo\/glyphs\/notequal.glif","\/lsansdi.ufo\/glyphs\/ntilde.glif":"\/lsansdi.ufo\/glyphs\/ntilde.glif","\/lsansdi.ufo\/glyphs\/numbersign.glif":"\/lsansdi.ufo\/glyphs\/numbersign.glif","\/lsansdi.ufo\/glyphs\/o.glif":"\/lsansdi.ufo\/glyphs\/o.glif","\/lsansdi.ufo\/glyphs\/oacute.glif":"\/lsansdi.ufo\/glyphs\/oacute.glif","\/lsansdi.ufo\/glyphs\/ocircumflex.glif":"\/lsansdi.ufo\/glyphs\/ocircumflex.glif","\/lsansdi.ufo\/glyphs\/odieresis.glif":"\/lsansdi.ufo\/glyphs\/odieresis.glif","\/lsansdi.ufo\/glyphs\/oe.glif":"\/lsansdi.ufo\/glyphs\/oe.glif","\/lsansdi.ufo\/glyphs\/ogonek.glif":"\/lsansdi.ufo\/glyphs\/ogonek.glif","\/lsansdi.ufo\/glyphs\/ograve.glif":"\/lsansdi.ufo\/glyphs\/ograve.glif","\/lsansdi.ufo\/glyphs\/one.glif":"\/lsansdi.ufo\/glyphs\/one.glif","\/lsansdi.ufo\/glyphs\/onehalf.glif":"\/lsansdi.ufo\/glyphs\/onehalf.glif","\/lsansdi.ufo\/glyphs\/onequarter.glif":"\/lsansdi.ufo\/glyphs\/onequarter.glif","\/lsansdi.ufo\/glyphs\/onesuperior.glif":"\/lsansdi.ufo\/glyphs\/onesuperior.glif","\/lsansdi.ufo\/glyphs\/ordfeminine.glif":"\/lsansdi.ufo\/glyphs\/ordfeminine.glif","\/lsansdi.ufo\/glyphs\/ordmasculine.glif":"\/lsansdi.ufo\/glyphs\/ordmasculine.glif","\/lsansdi.ufo\/glyphs\/oslash.glif":"\/lsansdi.ufo\/glyphs\/oslash.glif","\/lsansdi.ufo\/glyphs\/otilde.glif":"\/lsansdi.ufo\/glyphs\/otilde.glif","\/lsansdi.ufo\/glyphs\/p.glif":"\/lsansdi.ufo\/glyphs\/p.glif","\/lsansdi.ufo\/glyphs\/paragraph.glif":"\/lsansdi.ufo\/glyphs\/paragraph.glif","\/lsansdi.ufo\/glyphs\/parenleft.glif":"\/lsansdi.ufo\/glyphs\/parenleft.glif","\/lsansdi.ufo\/glyphs\/parenright.glif":"\/lsansdi.ufo\/glyphs\/parenright.glif","\/lsansdi.ufo\/glyphs\/partialdiff.glif":"\/lsansdi.ufo\/glyphs\/partialdiff.glif","\/lsansdi.ufo\/glyphs\/percent.glif":"\/lsansdi.ufo\/glyphs\/percent.glif","\/lsansdi.ufo\/glyphs\/period.glif":"\/lsansdi.ufo\/glyphs\/period.glif","\/lsansdi.ufo\/glyphs\/periodcentered.glif":"\/lsansdi.ufo\/glyphs\/periodcentered.glif","\/lsansdi.ufo\/glyphs\/perthousand.glif":"\/lsansdi.ufo\/glyphs\/perthousand.glif","\/lsansdi.ufo\/glyphs\/pi.glif":"\/lsansdi.ufo\/glyphs\/pi.glif","\/lsansdi.ufo\/glyphs\/plus.glif":"\/lsansdi.ufo\/glyphs\/plus.glif","\/lsansdi.ufo\/glyphs\/plusminus.glif":"\/lsansdi.ufo\/glyphs\/plusminus.glif","\/lsansdi.ufo\/glyphs\/product.glif":"\/lsansdi.ufo\/glyphs\/product.glif","\/lsansdi.ufo\/glyphs\/q.glif":"\/lsansdi.ufo\/glyphs\/q.glif","\/lsansdi.ufo\/glyphs\/question.glif":"\/lsansdi.ufo\/glyphs\/question.glif","\/lsansdi.ufo\/glyphs\/questiondown.glif":"\/lsansdi.ufo\/glyphs\/questiondown.glif","\/lsansdi.ufo\/glyphs\/quotedbl.glif":"\/lsansdi.ufo\/glyphs\/quotedbl.glif","\/lsansdi.ufo\/glyphs\/quotedblbase.glif":"\/lsansdi.ufo\/glyphs\/quotedblbase.glif","\/lsansdi.ufo\/glyphs\/quotedblleft.glif":"\/lsansdi.ufo\/glyphs\/quotedblleft.glif","\/lsansdi.ufo\/glyphs\/quotedblright.glif":"\/lsansdi.ufo\/glyphs\/quotedblright.glif","\/lsansdi.ufo\/glyphs\/quoteleft.glif":"\/lsansdi.ufo\/glyphs\/quoteleft.glif","\/lsansdi.ufo\/glyphs\/quoteright.glif":"\/lsansdi.ufo\/glyphs\/quoteright.glif","\/lsansdi.ufo\/glyphs\/quotesinglbase.glif":"\/lsansdi.ufo\/glyphs\/quotesinglbase.glif","\/lsansdi.ufo\/glyphs\/quotesingle.glif":"\/lsansdi.ufo\/glyphs\/quotesingle.glif","\/lsansdi.ufo\/glyphs\/r.glif":"\/lsansdi.ufo\/glyphs\/r.glif","\/lsansdi.ufo\/glyphs\/radical.glif":"\/lsansdi.ufo\/glyphs\/radical.glif","\/lsansdi.ufo\/glyphs\/registered.glif":"\/lsansdi.ufo\/glyphs\/registered.glif","\/lsansdi.ufo\/glyphs\/ring.glif":"\/lsansdi.ufo\/glyphs\/ring.glif","\/lsansdi.ufo\/glyphs\/s.glif":"\/lsansdi.ufo\/glyphs\/s.glif","\/lsansdi.ufo\/glyphs\/scaron.glif":"\/lsansdi.ufo\/glyphs\/scaron.glif","\/lsansdi.ufo\/glyphs\/section.glif":"\/lsansdi.ufo\/glyphs\/section.glif","\/lsansdi.ufo\/glyphs\/semicolon.glif":"\/lsansdi.ufo\/glyphs\/semicolon.glif","\/lsansdi.ufo\/glyphs\/seven.glif":"\/lsansdi.ufo\/glyphs\/seven.glif","\/lsansdi.ufo\/glyphs\/sfthyphen.glif":"\/lsansdi.ufo\/glyphs\/sfthyphen.glif","\/lsansdi.ufo\/glyphs\/six.glif":"\/lsansdi.ufo\/glyphs\/six.glif","\/lsansdi.ufo\/glyphs\/slash.glif":"\/lsansdi.ufo\/glyphs\/slash.glif","\/lsansdi.ufo\/glyphs\/space.glif":"\/lsansdi.ufo\/glyphs\/space.glif","\/lsansdi.ufo\/glyphs\/sterling.glif":"\/lsansdi.ufo\/glyphs\/sterling.glif","\/lsansdi.ufo\/glyphs\/summation.glif":"\/lsansdi.ufo\/glyphs\/summation.glif","\/lsansdi.ufo\/glyphs\/t.glif":"\/lsansdi.ufo\/glyphs\/t.glif","\/lsansdi.ufo\/glyphs\/thorn.glif":"\/lsansdi.ufo\/glyphs\/thorn.glif","\/lsansdi.ufo\/glyphs\/three.glif":"\/lsansdi.ufo\/glyphs\/three.glif","\/lsansdi.ufo\/glyphs\/threequarters.glif":"\/lsansdi.ufo\/glyphs\/threequarters.glif","\/lsansdi.ufo\/glyphs\/threesuperior.glif":"\/lsansdi.ufo\/glyphs\/threesuperior.glif","\/lsansdi.ufo\/glyphs\/tilde.glif":"\/lsansdi.ufo\/glyphs\/tilde.glif","\/lsansdi.ufo\/glyphs\/trademark.glif":"\/lsansdi.ufo\/glyphs\/trademark.glif","\/lsansdi.ufo\/glyphs\/two.glif":"\/lsansdi.ufo\/glyphs\/two.glif","\/lsansdi.ufo\/glyphs\/twosuperior.glif":"\/lsansdi.ufo\/glyphs\/twosuperior.glif","\/lsansdi.ufo\/glyphs\/u.glif":"\/lsansdi.ufo\/glyphs\/u.glif","\/lsansdi.ufo\/glyphs\/uacute.glif":"\/lsansdi.ufo\/glyphs\/uacute.glif","\/lsansdi.ufo\/glyphs\/ucircumflex.glif":"\/lsansdi.ufo\/glyphs\/ucircumflex.glif","\/lsansdi.ufo\/glyphs\/udieresis.glif":"\/lsansdi.ufo\/glyphs\/udieresis.glif","\/lsansdi.ufo\/glyphs\/ugrave.glif":"\/lsansdi.ufo\/glyphs\/ugrave.glif","\/lsansdi.ufo\/glyphs\/underscore.glif":"\/lsansdi.ufo\/glyphs\/underscore.glif","\/lsansdi.ufo\/glyphs\/v.glif":"\/lsansdi.ufo\/glyphs\/v.glif","\/lsansdi.ufo\/glyphs\/w.glif":"\/lsansdi.ufo\/glyphs\/w.glif","\/lsansdi.ufo\/glyphs\/x.glif":"\/lsansdi.ufo\/glyphs\/x.glif","\/lsansdi.ufo\/glyphs\/y.glif":"\/lsansdi.ufo\/glyphs\/y.glif","\/lsansdi.ufo\/glyphs\/yacute.glif":"\/lsansdi.ufo\/glyphs\/yacute.glif","\/lsansdi.ufo\/glyphs\/ydieresis.glif":"\/lsansdi.ufo\/glyphs\/ydieresis.glif","\/lsansdi.ufo\/glyphs\/yen.glif":"\/lsansdi.ufo\/glyphs\/yen.glif","\/lsansdi.ufo\/glyphs\/z.glif":"\/lsansdi.ufo\/glyphs\/z.glif","\/lsansdi.ufo\/glyphs\/zero.glif":"\/lsansdi.ufo\/glyphs\/zero.glif"},"Font":{"uploaded":1489093364.6,"licence":"gpl3","company":"Chronolabs Cooperative","title":"Lucida Sans Demi Italic","version":3.002,"date":"Fri Nov 25 22:27:46 2016","creator":"root","type":"1","matrix":"0.000488281 0 0 0.000488281 0 0","named":"LucidaSans-DemiItalic","painttype":"0","info":"10 dict dup","name":"Lucida Sans Demibold Italic","family":"Lucida Sans","weight":"Demi","fstype":"8","italicangle":"-11.25","underlineposition":"","underlinethickness":""},"Licences":{"":false},"Table":{"FFTM":{"entryLength":16,"tag":"FFTM","checksum":1962492980,"offset":23944,"length":28},"GDEF":{"entryLength":16,"tag":"GDEF","checksum":19070982,"offset":23912,"length":32},"OS\/2":{"entryLength":16,"tag":"OS\/2","checksum":2245281487,"offset":344,"length":86},"cmap":{"entryLength":16,"tag":"cmap","checksum":2631520929,"offset":1416,"length":810},"gasp":{"entryLength":16,"tag":"gasp","checksum":4294901763,"offset":23904,"length":8},"glyf":{"entryLength":16,"tag":"glyf","checksum":3363949736,"offset":2724,"length":19680},"head":{"entryLength":16,"tag":"head","checksum":257625662,"offset":220,"length":54},"hhea":{"entryLength":16,"tag":"hhea","checksum":262407601,"offset":276,"length":36},"hmtx":{"entryLength":16,"tag":"hmtx","checksum":2600910473,"offset":432,"length":984},"loca":{"entryLength":16,"tag":"loca","checksum":3528966114,"offset":2228,"length":494},"maxp":{"entryLength":16,"tag":"maxp","checksum":21299406,"offset":312,"length":32},"name":{"entryLength":16,"tag":"name","checksum":992239614,"offset":22404,"length":936},"post":{"entryLength":16,"tag":"post","checksum":2068131997,"offset":23340,"length":564}},"UnicodeCharMap":{"32":3,"33":4,"34":5,"35":6,"36":7,"37":8,"38":9,"39":10,"40":11,"41":12,"42":13,"43":14,"44":15,"45":16,"46":17,"47":18,"48":19,"49":20,"50":21,"51":22,"52":23,"53":24,"54":25,"55":26,"56":27,"57":28,"58":29,"59":30,"60":31,"61":32,"62":33,"63":34,"64":35,"65":36,"66":37,"67":38,"68":39,"69":40,"70":41,"71":42,"72":43,"73":44,"74":45,"75":46,"76":47,"77":48,"78":49,"79":50,"80":51,"81":52,"82":53,"83":54,"84":55,"85":56,"86":57,"87":58,"88":59,"89":60,"90":61,"91":62,"92":63,"93":64,"94":65,"95":66,"96":67,"97":68,"98":69,"99":70,"100":71,"101":72,"102":73,"103":74,"104":75,"105":76,"106":77,"107":78,"108":79,"109":80,"110":81,"111":82,"112":83,"113":84,"114":85,"115":86,"116":87,"117":88,"118":89,"119":90,"120":91,"121":92,"122":93,"123":94,"124":95,"125":96,"126":97,"160":98,"161":99,"162":100,"163":101,"164":224,"165":103,"166":104,"167":105,"168":106,"169":107,"170":108,"171":109,"172":110,"173":111,"174":112,"175":237,"176":113,"177":114,"178":115,"179":116,"180":117,"182":119,"183":230,"184":120,"185":121,"186":122,"187":123,"188":124,"189":125,"190":126,"191":127,"192":128,"193":129,"194":130,"195":131,"196":132,"197":133,"198":134,"199":135,"200":136,"201":137,"202":138,"203":139,"204":140,"205":141,"206":142,"207":143,"208":144,"209":145,"210":146,"211":147,"212":148,"213":149,"214":150,"215":151,"216":152,"217":153,"218":154,"219":155,"220":156,"221":157,"222":158,"223":159,"224":160,"225":161,"226":162,"227":163,"228":164,"229":165,"230":166,"231":167,"232":168,"233":169,"234":170,"235":171,"236":172,"237":173,"238":174,"239":175,"240":176,"241":177,"242":178,"243":179,"244":180,"245":181,"246":182,"247":183,"248":184,"249":185,"250":186,"251":187,"252":188,"253":189,"254":190,"255":191,"305":234,"338":213,"339":214,"352":244,"353":245,"376":222,"402":209,"710":235,"711":243,"728":238,"729":239,"730":240,"731":242,"732":236,"733":241,"916":211,"937":207,"956":118,"960":205,"8211":215,"8212":216,"8216":219,"8217":220,"8218":231,"8220":217,"8221":218,"8222":232,"8224":195,"8225":229,"8226":196,"8230":212,"8240":233,"8249":225,"8250":226,"8260":223,"8482":197,"8706":202,"8719":204,"8721":203,"8730":208,"8734":199,"8747":206,"8776":210,"8800":198,"8804":200,"8805":201,"9674":221,"64257":227,"64258":228},"Reserves":{"fontname":"Lucida Sans Demibold Italic"},"Names":{"Lucida Sans Demibold Italic":{"name":"Lucida Sans Demibold Italic","longitude":"0.00000001","latitude":"0.00000001","country":"","region":"","city":""}},"Nodes":{"lu":{"type":"typal","node":"lu","usage":1,"weight":1},"da":{"type":"typal","node":"da","usage":1,"weight":1},"sa":{"type":"typal","node":"sa","usage":1,"weight":1},"ns":{"type":"typal","node":"ns","usage":1,"weight":1},"de":{"type":"typal","node":"de","usage":1,"weight":1},"ld":{"type":"typal","node":"ld","usage":1,"weight":1},"it":{"type":"typal","node":"it","usage":1,"weight":1},"ic":{"type":"typal","node":"ic","usage":1,"weight":1},"luc":{"type":"typal","node":"luc","usage":1,"weight":1},"ida":{"type":"typal","node":"ida","usage":1,"weight":1},"san":{"type":"typal","node":"san","usage":1,"weight":1},"ans":{"type":"typal","node":"ans","usage":1,"weight":1},"dem":{"type":"typal","node":"dem","usage":1,"weight":1},"old":{"type":"typal","node":"old","usage":1,"weight":1},"ita":{"type":"typal","node":"ita","usage":1,"weight":1},"lic":{"type":"typal","node":"lic","usage":1,"weight":1},"luci":{"type":"keys","node":"luci","usage":1,"weight":1},"cida":{"type":"keys","node":"cida","usage":1,"weight":1},"demi":{"type":"keys","node":"demi","usage":1,"weight":1},"bold":{"type":"keys","node":"bold","usage":1,"weight":1},"ital":{"type":"keys","node":"ital","usage":1,"weight":1},"alic":{"type":"keys","node":"alic","usage":1,"weight":1},"lucid":{"type":"keys","node":"lucid","usage":1,"weight":1},"ucida":{"type":"keys","node":"ucida","usage":1,"weight":1},"demib":{"type":"keys","node":"demib","usage":1,"weight":1},"ibold":{"type":"keys","node":"ibold","usage":1,"weight":1},"itali":{"type":"keys","node":"itali","usage":1,"weight":1},"talic":{"type":"keys","node":"talic","usage":1,"weight":1},"lucida":{"type":"fixes","node":"lucida","usage":1,"weight":1},"sans":{"type":"fixes","node":"sans","usage":1,"weight":1},"demibold":{"type":"fixes","node":"demibold","usage":1,"weight":1},"italic":{"type":"fixes","node":"italic","usage":1,"weight":1}},"Contributors":[],"FontIdentity":"zinc77:9ff88e5d6ec3cede29899bd56","Bytes":null,"Networking":[],"barcode":"coc10ougqwamqw","referee":"SG2Wey"}