{"CSS":{"Lucida Sans Demibold Italic":"Lucida+Sans+Demibold+Italic.css"},"FontType":"TrueType","FontCopyright":"(c) 1991 by Bigelow & Holmes Inc. All Rights Reserved. (c) 1990-1991 Type Solutions, Inc. All Rights Reserved.","FontName":"Lucida Sans","FontSubfamily":"DemiItalic","FontSubfamilyID":"FontForge 2.0 : Lucida Sans Demibold Italic : 21-12-2016","FontFullName":"Lucida Sans Demibold Italic","FontVersion":"Version 1.67 ","FontWeight":null,"FontPostscriptName":"LucidaSans-DemiItalic","Files":{"lsansdi.afm":"lsansdi.afm","lsansdi.bin":"lsansdi.bin","lsansdi.cef":"lsansdi.cef","lsansdi.cff":"lsansdi.cff","lsansdi.cid":"lsansdi.cid","lsansdi.dfont":"lsansdi.dfont","lsansdi.eot":"lsansdi.eot","lsansdi.fon":"lsansdi.fon","lsansdi.gai":"lsansdi.gai","lsansdi.gsf":"lsansdi.gsf","lsansdi.hqx":"lsansdi.hqx","lsansdi.ik":"lsansdi.ik","lsansdi.mf":"lsansdi.mf","lsansdi.otf":"lsansdi.otf","lsansdi.pcf":"lsansdi.pcf","lsansdi.pf3":"lsansdi.pf3","lsansdi.pfa":"lsansdi.pfa","lsansdi.pfb":"lsansdi.pfb","lsansdi.php":"lsansdi.php","lsansdi.pmf":"lsansdi.pmf","lsansdi.pt3":"lsansdi.pt3","lsansdi.sfd":"lsansdi.sfd","lsansdi.svg":"lsansdi.svg","lsansdi.t42":"lsansdi.t42","lsansdi.ttd":"lsansdi.ttd","lsansdi.ttf":"lsansdi.ttf","lsansdi.ttg":"lsansdi.ttg","lsansdi.ufm":"lsansdi.ufm","lsansdi.woff":"lsansdi.woff","lsansdi.z":"lsansdi.z","":{"lsansdi.afm":"lsansdi.afm","lsansdi.bin":"lsansdi.bin","lsansdi.cef":"lsansdi.cef","lsansdi.cff":"lsansdi.cff","lsansdi.cid":"lsansdi.cid","lsansdi.dfont":"lsansdi.dfont","lsansdi.eot":"lsansdi.eot","lsansdi.fon":"lsansdi.fon","lsansdi.gai":"lsansdi.gai","lsansdi.gsf":"lsansdi.gsf","lsansdi.hqx":"lsansdi.hqx","lsansdi.ik":"lsansdi.ik","lsansdi.mf":"lsansdi.mf","lsansdi.otf":"lsansdi.otf","lsansdi.pcf":"lsansdi.pcf","lsansdi.pf3":"lsansdi.pf3","lsansdi.pfa":"lsansdi.pfa","lsansdi.pfb":"lsansdi.pfb","lsansdi.php":"lsansdi.php","lsansdi.pmf":"lsansdi.pmf","lsansdi.pt3":"lsansdi.pt3","lsansdi.sfd":"lsansdi.sfd","lsansdi.svg":"lsansdi.svg","lsansdi.t42":"lsansdi.t42","lsansdi.ttd":"lsansdi.ttd","lsansdi.ttf":"lsansdi.ttf","lsansdi.ttg":"lsansdi.ttg","lsansdi.ufm":"lsansdi.ufm","lsansdi.woff":"lsansdi.woff","lsansdi.z":"lsansdi.z"},"\/lsansdi.ufo":{"feature.fea":"feature.fea","fontinfo.plist":"fontinfo.plist","groups.plist":"groups.plist","kerning.plist":"kerning.plist","metainfo.plist":"metainfo.plist"},"\/lsansdi.ufo\/glyphs":{"A_.glif":"A_.glif","A_E_.glif":"A_E_.glif","A_acute.glif":"A_acute.glif","A_circumflex.glif":"A_circumflex.glif","A_dieresis.glif":"A_dieresis.glif","A_grave.glif":"A_grave.glif","A_ring.glif":"A_ring.glif","A_tilde.glif":"A_tilde.glif","B_.glif":"B_.glif","C_.glif":"C_.glif","C_cedilla.glif":"C_cedilla.glif","D_.glif":"D_.glif","D_elta.glif":"D_elta.glif","E_.glif":"E_.glif","E_acute.glif":"E_acute.glif","E_circumflex.glif":"E_circumflex.glif","E_dieresis.glif":"E_dieresis.glif","E_grave.glif":"E_grave.glif","E_th.glif":"E_th.glif","F_.glif":"F_.glif","G_.glif":"G_.glif","H_.glif":"H_.glif","I_.glif":"I_.glif","I_acute.glif":"I_acute.glif","I_circumflex.glif":"I_circumflex.glif","I_dieresis.glif":"I_dieresis.glif","I_grave.glif":"I_grave.glif","J_.glif":"J_.glif","K_.glif":"K_.glif","L_.glif":"L_.glif","M_.glif":"M_.glif","N_.glif":"N_.glif","N_tilde.glif":"N_tilde.glif","O_.glif":"O_.glif","O_E_.glif":"O_E_.glif","O_acute.glif":"O_acute.glif","O_circumflex.glif":"O_circumflex.glif","O_dieresis.glif":"O_dieresis.glif","O_grave.glif":"O_grave.glif","O_mega.glif":"O_mega.glif","O_slash.glif":"O_slash.glif","O_tilde.glif":"O_tilde.glif","P_.glif":"P_.glif","Q_.glif":"Q_.glif","R_.glif":"R_.glif","S_.glif":"S_.glif","S_caron.glif":"S_caron.glif","T_.glif":"T_.glif","T_horn.glif":"T_horn.glif","U_.glif":"U_.glif","U_acute.glif":"U_acute.glif","U_circumflex.glif":"U_circumflex.glif","U_dieresis.glif":"U_dieresis.glif","U_grave.glif":"U_grave.glif","V_.glif":"V_.glif","W_.glif":"W_.glif","X_.glif":"X_.glif","Y_.glif":"Y_.glif","Y_acute.glif":"Y_acute.glif","Y_dieresis.glif":"Y_dieresis.glif","Z_.glif":"Z_.glif","a.glif":"a.glif","aacute.glif":"aacute.glif","acircumflex.glif":"acircumflex.glif","acute.glif":"acute.glif","adieresis.glif":"adieresis.glif","ae.glif":"ae.glif","agrave.glif":"agrave.glif","ampersand.glif":"ampersand.glif","approxequal.glif":"approxequal.glif","aring.glif":"aring.glif","asciicircum.glif":"asciicircum.glif","asciitilde.glif":"asciitilde.glif","asterisk.glif":"asterisk.glif","at.glif":"at.glif","atilde.glif":"atilde.glif","b.glif":"b.glif","backslash.glif":"backslash.glif","bar.glif":"bar.glif","braceleft.glif":"braceleft.glif","braceright.glif":"braceright.glif","bracketleft.glif":"bracketleft.glif","bracketright.glif":"bracketright.glif","breve.glif":"breve.glif","brokenbar.glif":"brokenbar.glif","bullet.glif":"bullet.glif","c.glif":"c.glif","caron.glif":"caron.glif","ccedilla.glif":"ccedilla.glif","cedilla.glif":"cedilla.glif","cent.glif":"cent.glif","circumflex.glif":"circumflex.glif","colon.glif":"colon.glif","comma.glif":"comma.glif","contents.plist":"contents.plist","copyright.glif":"copyright.glif","currency.glif":"currency.glif","d.glif":"d.glif","dagger.glif":"dagger.glif","daggerdbl.glif":"daggerdbl.glif","degree.glif":"degree.glif","dieresis.glif":"dieresis.glif","divide.glif":"divide.glif","dollar.glif":"dollar.glif","dotaccent.glif":"dotaccent.glif","dotlessi.glif":"dotlessi.glif","e.glif":"e.glif","eacute.glif":"eacute.glif","ecircumflex.glif":"ecircumflex.glif","edieresis.glif":"edieresis.glif","egrave.glif":"egrave.glif","eight.glif":"eight.glif","ellipsis.glif":"ellipsis.glif","emdash.glif":"emdash.glif","endash.glif":"endash.glif","equal.glif":"equal.glif","eth.glif":"eth.glif","exclam.glif":"exclam.glif","exclamdown.glif":"exclamdown.glif","f.glif":"f.glif","f000.glif":"f000.glif","fi.glif":"fi.glif","five.glif":"five.glif","fl.glif":"fl.glif","florin.glif":"florin.glif","four.glif":"four.glif","fraction.glif":"fraction.glif","g.glif":"g.glif","germandbls.glif":"germandbls.glif","glyph1.glif":"glyph1.glif","glyph2.glif":"glyph2.glif","glyph242.glif":"glyph242.glif","grave.glif":"grave.glif","greater.glif":"greater.glif","greaterequal.glif":"greaterequal.glif","guillemotleft.glif":"guillemotleft.glif","guillemotright.glif":"guillemotright.glif","guilsinglleft.glif":"guilsinglleft.glif","guilsinglright.glif":"guilsinglright.glif","h.glif":"h.glif","hungarumlaut.glif":"hungarumlaut.glif","hyphen.glif":"hyphen.glif","i.glif":"i.glif","iacute.glif":"iacute.glif","icircumflex.glif":"icircumflex.glif","idieresis.glif":"idieresis.glif","igrave.glif":"igrave.glif","infinity.glif":"infinity.glif","integral.glif":"integral.glif","j.glif":"j.glif","k.glif":"k.glif","l.glif":"l.glif","less.glif":"less.glif","lessequal.glif":"lessequal.glif","logicalnot.glif":"logicalnot.glif","lozenge.glif":"lozenge.glif","m.glif":"m.glif","macron.glif":"macron.glif","mu.glif":"mu.glif","multiply.glif":"multiply.glif","n.glif":"n.glif","nine.glif":"nine.glif","nonbreakingspace.glif":"nonbreakingspace.glif","notequal.glif":"notequal.glif","ntilde.glif":"ntilde.glif","numbersign.glif":"numbersign.glif","o.glif":"o.glif","oacute.glif":"oacute.glif","ocircumflex.glif":"ocircumflex.glif","odieresis.glif":"odieresis.glif","oe.glif":"oe.glif","ogonek.glif":"ogonek.glif","ograve.glif":"ograve.glif","one.glif":"one.glif","onehalf.glif":"onehalf.glif","onequarter.glif":"onequarter.glif","onesuperior.glif":"onesuperior.glif","ordfeminine.glif":"ordfeminine.glif","ordmasculine.glif":"ordmasculine.glif","oslash.glif":"oslash.glif","otilde.glif":"otilde.glif","p.glif":"p.glif","paragraph.glif":"paragraph.glif","parenleft.glif":"parenleft.glif","parenright.glif":"parenright.glif","partialdiff.glif":"partialdiff.glif","percent.glif":"percent.glif","period.glif":"period.glif","periodcentered.glif":"periodcentered.glif","perthousand.glif":"perthousand.glif","pi.glif":"pi.glif","plus.glif":"plus.glif","plusminus.glif":"plusminus.glif","product.glif":"product.glif","q.glif":"q.glif","question.glif":"question.glif","questiondown.glif":"questiondown.glif","quotedbl.glif":"quotedbl.glif","quotedblbase.glif":"quotedblbase.glif","quotedblleft.glif":"quotedblleft.glif","quotedblright.glif":"quotedblright.glif","quoteleft.glif":"quoteleft.glif","quoteright.glif":"quoteright.glif","quotesinglbase.glif":"quotesinglbase.glif","quotesingle.glif":"quotesingle.glif","r.glif":"r.glif","radical.glif":"radical.glif","registered.glif":"registered.glif","ring.glif":"ring.glif","s.glif":"s.glif","scaron.glif":"scaron.glif","section.glif":"section.glif","semicolon.glif":"semicolon.glif","seven.glif":"seven.glif","sfthyphen.glif":"sfthyphen.glif","six.glif":"six.glif","slash.glif":"slash.glif","space.glif":"space.glif","sterling.glif":"sterling.glif","summation.glif":"summation.glif","t.glif":"t.glif","thorn.glif":"thorn.glif","three.glif":"three.glif","threequarters.glif":"threequarters.glif","threesuperior.glif":"threesuperior.glif","tilde.glif":"tilde.glif","trademark.glif":"trademark.glif","two.glif":"two.glif","twosuperior.glif":"twosuperior.glif","u.glif":"u.glif","uacute.glif":"uacute.glif","ucircumflex.glif":"ucircumflex.glif","udieresis.glif":"udieresis.glif","ugrave.glif":"ugrave.glif","underscore.glif":"underscore.glif","v.glif":"v.glif","w.glif":"w.glif","x.glif":"x.glif","y.glif":"y.glif","yacute.glif":"yacute.glif","ydieresis.glif":"ydieresis.glif","yen.glif":"yen.glif","z.glif":"z.glif","zero.glif":"zero.glif"}},"Font":{"uploaded":1482297321.4925,"licence":"gpl3","company":"Chronolabs Cooperative","title":"Lucida Sans Demi Italic","version":2.001,"date":"Fri Nov 25 21:52:10 2016","creator":"root","type":"1","matrix":"0.000488281 0 0 0.000488281 0 0","named":"LucidaSans-DemiItalic","painttype":"0","info":"10 dict dup","name":"Lucida Sans Demibold Italic","family":"Lucida Sans","weight":"Demi","fstype":"8","italicangle":"-11.25","underlineposition":"","underlinethickness":""},"Table":{"FFTM":{"entryLength":16,"tag":"FFTM","checksum":1962488708,"offset":23948,"length":28},"GDEF":{"entryLength":16,"tag":"GDEF","checksum":19070982,"offset":23916,"length":32},"OS\/2":{"entryLength":16,"tag":"OS\/2","checksum":2245281487,"offset":344,"length":86},"cmap":{"entryLength":16,"tag":"cmap","checksum":2631520929,"offset":1416,"length":810},"gasp":{"entryLength":16,"tag":"gasp","checksum":4294901763,"offset":23908,"length":8},"glyf":{"entryLength":16,"tag":"glyf","checksum":3363949736,"offset":2724,"length":19680},"head":{"entryLength":16,"tag":"head","checksum":260798236,"offset":220,"length":54},"hhea":{"entryLength":16,"tag":"hhea","checksum":262407601,"offset":276,"length":36},"hmtx":{"entryLength":16,"tag":"hmtx","checksum":2600910473,"offset":432,"length":984},"loca":{"entryLength":16,"tag":"loca","checksum":3528966114,"offset":2228,"length":494},"maxp":{"entryLength":16,"tag":"maxp","checksum":21299406,"offset":312,"length":32},"name":{"entryLength":16,"tag":"name","checksum":526275161,"offset":22404,"length":939},"post":{"entryLength":16,"tag":"post","checksum":2068131997,"offset":23344,"length":564}},"UnicodeCharMap":{"32":3,"33":4,"34":5,"35":6,"36":7,"37":8,"38":9,"39":10,"40":11,"41":12,"42":13,"43":14,"44":15,"45":16,"46":17,"47":18,"48":19,"49":20,"50":21,"51":22,"52":23,"53":24,"54":25,"55":26,"56":27,"57":28,"58":29,"59":30,"60":31,"61":32,"62":33,"63":34,"64":35,"65":36,"66":37,"67":38,"68":39,"69":40,"70":41,"71":42,"72":43,"73":44,"74":45,"75":46,"76":47,"77":48,"78":49,"79":50,"80":51,"81":52,"82":53,"83":54,"84":55,"85":56,"86":57,"87":58,"88":59,"89":60,"90":61,"91":62,"92":63,"93":64,"94":65,"95":66,"96":67,"97":68,"98":69,"99":70,"100":71,"101":72,"102":73,"103":74,"104":75,"105":76,"106":77,"107":78,"108":79,"109":80,"110":81,"111":82,"112":83,"113":84,"114":85,"115":86,"116":87,"117":88,"118":89,"119":90,"120":91,"121":92,"122":93,"123":94,"124":95,"125":96,"126":97,"160":98,"161":99,"162":100,"163":101,"164":224,"165":103,"166":104,"167":105,"168":106,"169":107,"170":108,"171":109,"172":110,"173":111,"174":112,"175":237,"176":113,"177":114,"178":115,"179":116,"180":117,"182":119,"183":230,"184":120,"185":121,"186":122,"187":123,"188":124,"189":125,"190":126,"191":127,"192":128,"193":129,"194":130,"195":131,"196":132,"197":133,"198":134,"199":135,"200":136,"201":137,"202":138,"203":139,"204":140,"205":141,"206":142,"207":143,"208":144,"209":145,"210":146,"211":147,"212":148,"213":149,"214":150,"215":151,"216":152,"217":153,"218":154,"219":155,"220":156,"221":157,"222":158,"223":159,"224":160,"225":161,"226":162,"227":163,"228":164,"229":165,"230":166,"231":167,"232":168,"233":169,"234":170,"235":171,"236":172,"237":173,"238":174,"239":175,"240":176,"241":177,"242":178,"243":179,"244":180,"245":181,"246":182,"247":183,"248":184,"249":185,"250":186,"251":187,"252":188,"253":189,"254":190,"255":191,"305":234,"338":213,"339":214,"352":244,"353":245,"376":222,"402":209,"710":235,"711":243,"728":238,"729":239,"730":240,"731":242,"732":236,"733":241,"916":211,"937":207,"956":118,"960":205,"8211":215,"8212":216,"8216":219,"8217":220,"8218":231,"8220":217,"8221":218,"8222":232,"8224":195,"8225":229,"8226":196,"8230":212,"8240":233,"8249":225,"8250":226,"8260":223,"8482":197,"8706":202,"8719":204,"8721":203,"8730":208,"8734":199,"8747":206,"8776":210,"8800":198,"8804":200,"8805":201,"9674":221,"64257":227,"64258":228},"Reserves":null,"Names":[],"Nodes":{"lu":{"type":"typal","node":"lu","usage":1,"weight":1},"da":{"type":"typal","node":"da","usage":1,"weight":1},"sa":{"type":"typal","node":"sa","usage":1,"weight":1},"ns":{"type":"typal","node":"ns","usage":1,"weight":1},"luc":{"type":"typal","node":"luc","usage":1,"weight":1},"ida":{"type":"typal","node":"ida","usage":1,"weight":1},"san":{"type":"typal","node":"san","usage":1,"weight":1},"ans":{"type":"typal","node":"ans","usage":1,"weight":1},"luci":{"type":"keys","node":"luci","usage":1,"weight":1},"cida":{"type":"keys","node":"cida","usage":1,"weight":1},"lucid":{"type":"keys","node":"lucid","usage":1,"weight":1},"ucida":{"type":"keys","node":"ucida","usage":1,"weight":1},"lucida":{"type":"fixes","node":"lucida","usage":1,"weight":1},"sans":{"type":"fixes","node":"sans","usage":1,"weight":1}},"Contributors":[],"FontIdentity":"0667866e859414607a61c926f3d2199a","Bytes":2609339,"Networking":[],"barcode":"8qi109ao7yaokq","referee":"EcgkcoA"}