{"CSS":{"Optima* Bold Italic":"Optima%2A+Bold+Italic.css","Optima Bold Italic":"wagovau:e09348ca31bf4ec91ac963fb.css"},"FontType":"TrueType","FontCopyright":"(c) COPYRIGHT H. BERTHOLD AG 1992 Alle Rechte vorbehalten.","FontName":"Optima BQ","FontSubfamily":"BoldItalic","FontSubfamilyID":"FontForge 2.0 : Optima* Bold Italic : 12-8-2016","FontFullName":"Optima Bold Italic","FontVersion":"Version 001.000 ","FontWeight":null,"FontPostscriptName":"OptimaBQ-BoldItalic","Files":{"\/Optima* Bold Italic.css":"\/Optima* Bold Italic.css","\/font-resource.json":"\/font-resource.json","\/optimabq-bolditalic.afm":"\/optimabq-bolditalic.afm","\/optimabq-bolditalic.cef":"\/optimabq-bolditalic.cef","\/optimabq-bolditalic.cff":"\/optimabq-bolditalic.cff","\/optimabq-bolditalic.eot":"\/optimabq-bolditalic.eot","\/optimabq-bolditalic.gai":"\/optimabq-bolditalic.gai","\/optimabq-bolditalic.gsf":"\/optimabq-bolditalic.gsf","\/optimabq-bolditalic.otf":"\/optimabq-bolditalic.otf","\/optimabq-bolditalic.pf3":"\/optimabq-bolditalic.pf3","\/optimabq-bolditalic.pfa":"\/optimabq-bolditalic.pfa","\/optimabq-bolditalic.pfb":"\/optimabq-bolditalic.pfb","\/optimabq-bolditalic.php":"\/optimabq-bolditalic.php","\/optimabq-bolditalic.pt3":"\/optimabq-bolditalic.pt3","\/optimabq-bolditalic.sfd":"\/optimabq-bolditalic.sfd","\/optimabq-bolditalic.svg":"\/optimabq-bolditalic.svg","\/optimabq-bolditalic.t42":"\/optimabq-bolditalic.t42","\/optimabq-bolditalic.ttd":"\/optimabq-bolditalic.ttd","\/optimabq-bolditalic.ttf":"\/optimabq-bolditalic.ttf","\/optimabq-bolditalic.ttg":"\/optimabq-bolditalic.ttg","\/optimabq-bolditalic.ufm":"\/optimabq-bolditalic.ufm","\/optimabq-bolditalic.woff":"\/optimabq-bolditalic.woff","\/optimabq-bolditalic.z":"\/optimabq-bolditalic.z","\/optimabq-bolditalic.ufo\/feature.fea":"\/optimabq-bolditalic.ufo\/feature.fea","\/optimabq-bolditalic.ufo\/fontinfo.plist":"\/optimabq-bolditalic.ufo\/fontinfo.plist","\/optimabq-bolditalic.ufo\/groups.plist":"\/optimabq-bolditalic.ufo\/groups.plist","\/optimabq-bolditalic.ufo\/kerning.plist":"\/optimabq-bolditalic.ufo\/kerning.plist","\/optimabq-bolditalic.ufo\/metainfo.plist":"\/optimabq-bolditalic.ufo\/metainfo.plist","\/optimabq-bolditalic.ufo\/glyphs\/A_.glif":"\/optimabq-bolditalic.ufo\/glyphs\/A_.glif","\/optimabq-bolditalic.ufo\/glyphs\/A_E_.glif":"\/optimabq-bolditalic.ufo\/glyphs\/A_E_.glif","\/optimabq-bolditalic.ufo\/glyphs\/A_acute.glif":"\/optimabq-bolditalic.ufo\/glyphs\/A_acute.glif","\/optimabq-bolditalic.ufo\/glyphs\/A_circumflex.glif":"\/optimabq-bolditalic.ufo\/glyphs\/A_circumflex.glif","\/optimabq-bolditalic.ufo\/glyphs\/A_cute.glif":"\/optimabq-bolditalic.ufo\/glyphs\/A_cute.glif","\/optimabq-bolditalic.ufo\/glyphs\/A_dieresis.glif":"\/optimabq-bolditalic.ufo\/glyphs\/A_dieresis.glif","\/optimabq-bolditalic.ufo\/glyphs\/A_grave.glif":"\/optimabq-bolditalic.ufo\/glyphs\/A_grave.glif","\/optimabq-bolditalic.ufo\/glyphs\/A_ring.glif":"\/optimabq-bolditalic.ufo\/glyphs\/A_ring.glif","\/optimabq-bolditalic.ufo\/glyphs\/A_tilde.glif":"\/optimabq-bolditalic.ufo\/glyphs\/A_tilde.glif","\/optimabq-bolditalic.ufo\/glyphs\/B_.glif":"\/optimabq-bolditalic.ufo\/glyphs\/B_.glif","\/optimabq-bolditalic.ufo\/glyphs\/C_.glif":"\/optimabq-bolditalic.ufo\/glyphs\/C_.glif","\/optimabq-bolditalic.ufo\/glyphs\/C_aron.glif":"\/optimabq-bolditalic.ufo\/glyphs\/C_aron.glif","\/optimabq-bolditalic.ufo\/glyphs\/C_cedilla.glif":"\/optimabq-bolditalic.ufo\/glyphs\/C_cedilla.glif","\/optimabq-bolditalic.ufo\/glyphs\/C_ircumflex.glif":"\/optimabq-bolditalic.ufo\/glyphs\/C_ircumflex.glif","\/optimabq-bolditalic.ufo\/glyphs\/D_.glif":"\/optimabq-bolditalic.ufo\/glyphs\/D_.glif","\/optimabq-bolditalic.ufo\/glyphs\/D_ieresis.glif":"\/optimabq-bolditalic.ufo\/glyphs\/D_ieresis.glif","\/optimabq-bolditalic.ufo\/glyphs\/E_.glif":"\/optimabq-bolditalic.ufo\/glyphs\/E_.glif","\/optimabq-bolditalic.ufo\/glyphs\/E_acute.glif":"\/optimabq-bolditalic.ufo\/glyphs\/E_acute.glif","\/optimabq-bolditalic.ufo\/glyphs\/E_circumflex.glif":"\/optimabq-bolditalic.ufo\/glyphs\/E_circumflex.glif","\/optimabq-bolditalic.ufo\/glyphs\/E_dieresis.glif":"\/optimabq-bolditalic.ufo\/glyphs\/E_dieresis.glif","\/optimabq-bolditalic.ufo\/glyphs\/E_grave.glif":"\/optimabq-bolditalic.ufo\/glyphs\/E_grave.glif","\/optimabq-bolditalic.ufo\/glyphs\/F_.glif":"\/optimabq-bolditalic.ufo\/glyphs\/F_.glif","\/optimabq-bolditalic.ufo\/glyphs\/G_.glif":"\/optimabq-bolditalic.ufo\/glyphs\/G_.glif","\/optimabq-bolditalic.ufo\/glyphs\/G_rave.glif":"\/optimabq-bolditalic.ufo\/glyphs\/G_rave.glif","\/optimabq-bolditalic.ufo\/glyphs\/H_.glif":"\/optimabq-bolditalic.ufo\/glyphs\/H_.glif","\/optimabq-bolditalic.ufo\/glyphs\/I_.glif":"\/optimabq-bolditalic.ufo\/glyphs\/I_.glif","\/optimabq-bolditalic.ufo\/glyphs\/I_acute.glif":"\/optimabq-bolditalic.ufo\/glyphs\/I_acute.glif","\/optimabq-bolditalic.ufo\/glyphs\/I_circumflex.glif":"\/optimabq-bolditalic.ufo\/glyphs\/I_circumflex.glif","\/optimabq-bolditalic.ufo\/glyphs\/I_dieresis.glif":"\/optimabq-bolditalic.ufo\/glyphs\/I_dieresis.glif","\/optimabq-bolditalic.ufo\/glyphs\/I_grave.glif":"\/optimabq-bolditalic.ufo\/glyphs\/I_grave.glif","\/optimabq-bolditalic.ufo\/glyphs\/J_.glif":"\/optimabq-bolditalic.ufo\/glyphs\/J_.glif","\/optimabq-bolditalic.ufo\/glyphs\/K_.glif":"\/optimabq-bolditalic.ufo\/glyphs\/K_.glif","\/optimabq-bolditalic.ufo\/glyphs\/L_.glif":"\/optimabq-bolditalic.ufo\/glyphs\/L_.glif","\/optimabq-bolditalic.ufo\/glyphs\/M_.glif":"\/optimabq-bolditalic.ufo\/glyphs\/M_.glif","\/optimabq-bolditalic.ufo\/glyphs\/N_.glif":"\/optimabq-bolditalic.ufo\/glyphs\/N_.glif","\/optimabq-bolditalic.ufo\/glyphs\/N_tilde.glif":"\/optimabq-bolditalic.ufo\/glyphs\/N_tilde.glif","\/optimabq-bolditalic.ufo\/glyphs\/O_.glif":"\/optimabq-bolditalic.ufo\/glyphs\/O_.glif","\/optimabq-bolditalic.ufo\/glyphs\/O_E_.glif":"\/optimabq-bolditalic.ufo\/glyphs\/O_E_.glif","\/optimabq-bolditalic.ufo\/glyphs\/O_acute.glif":"\/optimabq-bolditalic.ufo\/glyphs\/O_acute.glif","\/optimabq-bolditalic.ufo\/glyphs\/O_circumflex.glif":"\/optimabq-bolditalic.ufo\/glyphs\/O_circumflex.glif","\/optimabq-bolditalic.ufo\/glyphs\/O_dieresis.glif":"\/optimabq-bolditalic.ufo\/glyphs\/O_dieresis.glif","\/optimabq-bolditalic.ufo\/glyphs\/O_grave.glif":"\/optimabq-bolditalic.ufo\/glyphs\/O_grave.glif","\/optimabq-bolditalic.ufo\/glyphs\/O_slash.glif":"\/optimabq-bolditalic.ufo\/glyphs\/O_slash.glif","\/optimabq-bolditalic.ufo\/glyphs\/O_tilde.glif":"\/optimabq-bolditalic.ufo\/glyphs\/O_tilde.glif","\/optimabq-bolditalic.ufo\/glyphs\/P_.glif":"\/optimabq-bolditalic.ufo\/glyphs\/P_.glif","\/optimabq-bolditalic.ufo\/glyphs\/Q_.glif":"\/optimabq-bolditalic.ufo\/glyphs\/Q_.glif","\/optimabq-bolditalic.ufo\/glyphs\/R_.glif":"\/optimabq-bolditalic.ufo\/glyphs\/R_.glif","\/optimabq-bolditalic.ufo\/glyphs\/S_.glif":"\/optimabq-bolditalic.ufo\/glyphs\/S_.glif","\/optimabq-bolditalic.ufo\/glyphs\/T_.glif":"\/optimabq-bolditalic.ufo\/glyphs\/T_.glif","\/optimabq-bolditalic.ufo\/glyphs\/T_ilde.glif":"\/optimabq-bolditalic.ufo\/glyphs\/T_ilde.glif","\/optimabq-bolditalic.ufo\/glyphs\/U_.glif":"\/optimabq-bolditalic.ufo\/glyphs\/U_.glif","\/optimabq-bolditalic.ufo\/glyphs\/U_acute.glif":"\/optimabq-bolditalic.ufo\/glyphs\/U_acute.glif","\/optimabq-bolditalic.ufo\/glyphs\/U_circumflex.glif":"\/optimabq-bolditalic.ufo\/glyphs\/U_circumflex.glif","\/optimabq-bolditalic.ufo\/glyphs\/U_dieresis.glif":"\/optimabq-bolditalic.ufo\/glyphs\/U_dieresis.glif","\/optimabq-bolditalic.ufo\/glyphs\/U_grave.glif":"\/optimabq-bolditalic.ufo\/glyphs\/U_grave.glif","\/optimabq-bolditalic.ufo\/glyphs\/V_.glif":"\/optimabq-bolditalic.ufo\/glyphs\/V_.glif","\/optimabq-bolditalic.ufo\/glyphs\/W_.glif":"\/optimabq-bolditalic.ufo\/glyphs\/W_.glif","\/optimabq-bolditalic.ufo\/glyphs\/X_.glif":"\/optimabq-bolditalic.ufo\/glyphs\/X_.glif","\/optimabq-bolditalic.ufo\/glyphs\/Y_.glif":"\/optimabq-bolditalic.ufo\/glyphs\/Y_.glif","\/optimabq-bolditalic.ufo\/glyphs\/Y_dieresis.glif":"\/optimabq-bolditalic.ufo\/glyphs\/Y_dieresis.glif","\/optimabq-bolditalic.ufo\/glyphs\/Z_.glif":"\/optimabq-bolditalic.ufo\/glyphs\/Z_.glif","\/optimabq-bolditalic.ufo\/glyphs\/a.glif":"\/optimabq-bolditalic.ufo\/glyphs\/a.glif","\/optimabq-bolditalic.ufo\/glyphs\/aacute.glif":"\/optimabq-bolditalic.ufo\/glyphs\/aacute.glif","\/optimabq-bolditalic.ufo\/glyphs\/acircumflex.glif":"\/optimabq-bolditalic.ufo\/glyphs\/acircumflex.glif","\/optimabq-bolditalic.ufo\/glyphs\/acute.glif":"\/optimabq-bolditalic.ufo\/glyphs\/acute.glif","\/optimabq-bolditalic.ufo\/glyphs\/adieresis.glif":"\/optimabq-bolditalic.ufo\/glyphs\/adieresis.glif","\/optimabq-bolditalic.ufo\/glyphs\/ae.glif":"\/optimabq-bolditalic.ufo\/glyphs\/ae.glif","\/optimabq-bolditalic.ufo\/glyphs\/agrave.glif":"\/optimabq-bolditalic.ufo\/glyphs\/agrave.glif","\/optimabq-bolditalic.ufo\/glyphs\/ampersand.glif":"\/optimabq-bolditalic.ufo\/glyphs\/ampersand.glif","\/optimabq-bolditalic.ufo\/glyphs\/aring.glif":"\/optimabq-bolditalic.ufo\/glyphs\/aring.glif","\/optimabq-bolditalic.ufo\/glyphs\/asciicircum.glif":"\/optimabq-bolditalic.ufo\/glyphs\/asciicircum.glif","\/optimabq-bolditalic.ufo\/glyphs\/asciitilde.glif":"\/optimabq-bolditalic.ufo\/glyphs\/asciitilde.glif","\/optimabq-bolditalic.ufo\/glyphs\/asterisk.glif":"\/optimabq-bolditalic.ufo\/glyphs\/asterisk.glif","\/optimabq-bolditalic.ufo\/glyphs\/at.glif":"\/optimabq-bolditalic.ufo\/glyphs\/at.glif","\/optimabq-bolditalic.ufo\/glyphs\/atilde.glif":"\/optimabq-bolditalic.ufo\/glyphs\/atilde.glif","\/optimabq-bolditalic.ufo\/glyphs\/b.glif":"\/optimabq-bolditalic.ufo\/glyphs\/b.glif","\/optimabq-bolditalic.ufo\/glyphs\/backslash.glif":"\/optimabq-bolditalic.ufo\/glyphs\/backslash.glif","\/optimabq-bolditalic.ufo\/glyphs\/bar.glif":"\/optimabq-bolditalic.ufo\/glyphs\/bar.glif","\/optimabq-bolditalic.ufo\/glyphs\/braceleft.glif":"\/optimabq-bolditalic.ufo\/glyphs\/braceleft.glif","\/optimabq-bolditalic.ufo\/glyphs\/braceright.glif":"\/optimabq-bolditalic.ufo\/glyphs\/braceright.glif","\/optimabq-bolditalic.ufo\/glyphs\/bracketleft.glif":"\/optimabq-bolditalic.ufo\/glyphs\/bracketleft.glif","\/optimabq-bolditalic.ufo\/glyphs\/bracketright.glif":"\/optimabq-bolditalic.ufo\/glyphs\/bracketright.glif","\/optimabq-bolditalic.ufo\/glyphs\/brokenbar.glif":"\/optimabq-bolditalic.ufo\/glyphs\/brokenbar.glif","\/optimabq-bolditalic.ufo\/glyphs\/bullet.glif":"\/optimabq-bolditalic.ufo\/glyphs\/bullet.glif","\/optimabq-bolditalic.ufo\/glyphs\/c.glif":"\/optimabq-bolditalic.ufo\/glyphs\/c.glif","\/optimabq-bolditalic.ufo\/glyphs\/caron.glif":"\/optimabq-bolditalic.ufo\/glyphs\/caron.glif","\/optimabq-bolditalic.ufo\/glyphs\/ccedilla.glif":"\/optimabq-bolditalic.ufo\/glyphs\/ccedilla.glif","\/optimabq-bolditalic.ufo\/glyphs\/cedilla.glif":"\/optimabq-bolditalic.ufo\/glyphs\/cedilla.glif","\/optimabq-bolditalic.ufo\/glyphs\/circumflex.glif":"\/optimabq-bolditalic.ufo\/glyphs\/circumflex.glif","\/optimabq-bolditalic.ufo\/glyphs\/colon.glif":"\/optimabq-bolditalic.ufo\/glyphs\/colon.glif","\/optimabq-bolditalic.ufo\/glyphs\/comma.glif":"\/optimabq-bolditalic.ufo\/glyphs\/comma.glif","\/optimabq-bolditalic.ufo\/glyphs\/contents.plist":"\/optimabq-bolditalic.ufo\/glyphs\/contents.plist","\/optimabq-bolditalic.ufo\/glyphs\/copyright.glif":"\/optimabq-bolditalic.ufo\/glyphs\/copyright.glif","\/optimabq-bolditalic.ufo\/glyphs\/currency.glif":"\/optimabq-bolditalic.ufo\/glyphs\/currency.glif","\/optimabq-bolditalic.ufo\/glyphs\/d.glif":"\/optimabq-bolditalic.ufo\/glyphs\/d.glif","\/optimabq-bolditalic.ufo\/glyphs\/dagger.glif":"\/optimabq-bolditalic.ufo\/glyphs\/dagger.glif","\/optimabq-bolditalic.ufo\/glyphs\/degree.glif":"\/optimabq-bolditalic.ufo\/glyphs\/degree.glif","\/optimabq-bolditalic.ufo\/glyphs\/dieresis.glif":"\/optimabq-bolditalic.ufo\/glyphs\/dieresis.glif","\/optimabq-bolditalic.ufo\/glyphs\/divide.glif":"\/optimabq-bolditalic.ufo\/glyphs\/divide.glif","\/optimabq-bolditalic.ufo\/glyphs\/dollar.glif":"\/optimabq-bolditalic.ufo\/glyphs\/dollar.glif","\/optimabq-bolditalic.ufo\/glyphs\/dotlessi.glif":"\/optimabq-bolditalic.ufo\/glyphs\/dotlessi.glif","\/optimabq-bolditalic.ufo\/glyphs\/e.glif":"\/optimabq-bolditalic.ufo\/glyphs\/e.glif","\/optimabq-bolditalic.ufo\/glyphs\/eacute.glif":"\/optimabq-bolditalic.ufo\/glyphs\/eacute.glif","\/optimabq-bolditalic.ufo\/glyphs\/ecircumflex.glif":"\/optimabq-bolditalic.ufo\/glyphs\/ecircumflex.glif","\/optimabq-bolditalic.ufo\/glyphs\/edieresis.glif":"\/optimabq-bolditalic.ufo\/glyphs\/edieresis.glif","\/optimabq-bolditalic.ufo\/glyphs\/egrave.glif":"\/optimabq-bolditalic.ufo\/glyphs\/egrave.glif","\/optimabq-bolditalic.ufo\/glyphs\/eight.glif":"\/optimabq-bolditalic.ufo\/glyphs\/eight.glif","\/optimabq-bolditalic.ufo\/glyphs\/ellipsis.glif":"\/optimabq-bolditalic.ufo\/glyphs\/ellipsis.glif","\/optimabq-bolditalic.ufo\/glyphs\/emdash.glif":"\/optimabq-bolditalic.ufo\/glyphs\/emdash.glif","\/optimabq-bolditalic.ufo\/glyphs\/endash.glif":"\/optimabq-bolditalic.ufo\/glyphs\/endash.glif","\/optimabq-bolditalic.ufo\/glyphs\/equal.glif":"\/optimabq-bolditalic.ufo\/glyphs\/equal.glif","\/optimabq-bolditalic.ufo\/glyphs\/exclam.glif":"\/optimabq-bolditalic.ufo\/glyphs\/exclam.glif","\/optimabq-bolditalic.ufo\/glyphs\/exclamdown.glif":"\/optimabq-bolditalic.ufo\/glyphs\/exclamdown.glif","\/optimabq-bolditalic.ufo\/glyphs\/f.glif":"\/optimabq-bolditalic.ufo\/glyphs\/f.glif","\/optimabq-bolditalic.ufo\/glyphs\/fi.glif":"\/optimabq-bolditalic.ufo\/glyphs\/fi.glif","\/optimabq-bolditalic.ufo\/glyphs\/five.glif":"\/optimabq-bolditalic.ufo\/glyphs\/five.glif","\/optimabq-bolditalic.ufo\/glyphs\/fl.glif":"\/optimabq-bolditalic.ufo\/glyphs\/fl.glif","\/optimabq-bolditalic.ufo\/glyphs\/four.glif":"\/optimabq-bolditalic.ufo\/glyphs\/four.glif","\/optimabq-bolditalic.ufo\/glyphs\/fraction.glif":"\/optimabq-bolditalic.ufo\/glyphs\/fraction.glif","\/optimabq-bolditalic.ufo\/glyphs\/g.glif":"\/optimabq-bolditalic.ufo\/glyphs\/g.glif","\/optimabq-bolditalic.ufo\/glyphs\/germandbls.glif":"\/optimabq-bolditalic.ufo\/glyphs\/germandbls.glif","\/optimabq-bolditalic.ufo\/glyphs\/grave.glif":"\/optimabq-bolditalic.ufo\/glyphs\/grave.glif","\/optimabq-bolditalic.ufo\/glyphs\/greater.glif":"\/optimabq-bolditalic.ufo\/glyphs\/greater.glif","\/optimabq-bolditalic.ufo\/glyphs\/guillemotleft.glif":"\/optimabq-bolditalic.ufo\/glyphs\/guillemotleft.glif","\/optimabq-bolditalic.ufo\/glyphs\/guillemotright.glif":"\/optimabq-bolditalic.ufo\/glyphs\/guillemotright.glif","\/optimabq-bolditalic.ufo\/glyphs\/h.glif":"\/optimabq-bolditalic.ufo\/glyphs\/h.glif","\/optimabq-bolditalic.ufo\/glyphs\/hyphen.glif":"\/optimabq-bolditalic.ufo\/glyphs\/hyphen.glif","\/optimabq-bolditalic.ufo\/glyphs\/i.glif":"\/optimabq-bolditalic.ufo\/glyphs\/i.glif","\/optimabq-bolditalic.ufo\/glyphs\/iacute.glif":"\/optimabq-bolditalic.ufo\/glyphs\/iacute.glif","\/optimabq-bolditalic.ufo\/glyphs\/icircumflex.glif":"\/optimabq-bolditalic.ufo\/glyphs\/icircumflex.glif","\/optimabq-bolditalic.ufo\/glyphs\/idieresis.glif":"\/optimabq-bolditalic.ufo\/glyphs\/idieresis.glif","\/optimabq-bolditalic.ufo\/glyphs\/igrave.glif":"\/optimabq-bolditalic.ufo\/glyphs\/igrave.glif","\/optimabq-bolditalic.ufo\/glyphs\/j.glif":"\/optimabq-bolditalic.ufo\/glyphs\/j.glif","\/optimabq-bolditalic.ufo\/glyphs\/k.glif":"\/optimabq-bolditalic.ufo\/glyphs\/k.glif","\/optimabq-bolditalic.ufo\/glyphs\/l.glif":"\/optimabq-bolditalic.ufo\/glyphs\/l.glif","\/optimabq-bolditalic.ufo\/glyphs\/less.glif":"\/optimabq-bolditalic.ufo\/glyphs\/less.glif","\/optimabq-bolditalic.ufo\/glyphs\/logicalnot.glif":"\/optimabq-bolditalic.ufo\/glyphs\/logicalnot.glif","\/optimabq-bolditalic.ufo\/glyphs\/m.glif":"\/optimabq-bolditalic.ufo\/glyphs\/m.glif","\/optimabq-bolditalic.ufo\/glyphs\/minus.glif":"\/optimabq-bolditalic.ufo\/glyphs\/minus.glif","\/optimabq-bolditalic.ufo\/glyphs\/mu.glif":"\/optimabq-bolditalic.ufo\/glyphs\/mu.glif","\/optimabq-bolditalic.ufo\/glyphs\/multiply.glif":"\/optimabq-bolditalic.ufo\/glyphs\/multiply.glif","\/optimabq-bolditalic.ufo\/glyphs\/n.glif":"\/optimabq-bolditalic.ufo\/glyphs\/n.glif","\/optimabq-bolditalic.ufo\/glyphs\/nine.glif":"\/optimabq-bolditalic.ufo\/glyphs\/nine.glif","\/optimabq-bolditalic.ufo\/glyphs\/ntilde.glif":"\/optimabq-bolditalic.ufo\/glyphs\/ntilde.glif","\/optimabq-bolditalic.ufo\/glyphs\/numbersign.glif":"\/optimabq-bolditalic.ufo\/glyphs\/numbersign.glif","\/optimabq-bolditalic.ufo\/glyphs\/o.glif":"\/optimabq-bolditalic.ufo\/glyphs\/o.glif","\/optimabq-bolditalic.ufo\/glyphs\/oacute.glif":"\/optimabq-bolditalic.ufo\/glyphs\/oacute.glif","\/optimabq-bolditalic.ufo\/glyphs\/ocircumflex.glif":"\/optimabq-bolditalic.ufo\/glyphs\/ocircumflex.glif","\/optimabq-bolditalic.ufo\/glyphs\/odieresis.glif":"\/optimabq-bolditalic.ufo\/glyphs\/odieresis.glif","\/optimabq-bolditalic.ufo\/glyphs\/oe.glif":"\/optimabq-bolditalic.ufo\/glyphs\/oe.glif","\/optimabq-bolditalic.ufo\/glyphs\/ograve.glif":"\/optimabq-bolditalic.ufo\/glyphs\/ograve.glif","\/optimabq-bolditalic.ufo\/glyphs\/one.glif":"\/optimabq-bolditalic.ufo\/glyphs\/one.glif","\/optimabq-bolditalic.ufo\/glyphs\/onefitted.glif":"\/optimabq-bolditalic.ufo\/glyphs\/onefitted.glif","\/optimabq-bolditalic.ufo\/glyphs\/oslash.glif":"\/optimabq-bolditalic.ufo\/glyphs\/oslash.glif","\/optimabq-bolditalic.ufo\/glyphs\/otilde.glif":"\/optimabq-bolditalic.ufo\/glyphs\/otilde.glif","\/optimabq-bolditalic.ufo\/glyphs\/p.glif":"\/optimabq-bolditalic.ufo\/glyphs\/p.glif","\/optimabq-bolditalic.ufo\/glyphs\/paragraph.glif":"\/optimabq-bolditalic.ufo\/glyphs\/paragraph.glif","\/optimabq-bolditalic.ufo\/glyphs\/parenleft.glif":"\/optimabq-bolditalic.ufo\/glyphs\/parenleft.glif","\/optimabq-bolditalic.ufo\/glyphs\/parenright.glif":"\/optimabq-bolditalic.ufo\/glyphs\/parenright.glif","\/optimabq-bolditalic.ufo\/glyphs\/percent.glif":"\/optimabq-bolditalic.ufo\/glyphs\/percent.glif","\/optimabq-bolditalic.ufo\/glyphs\/period.glif":"\/optimabq-bolditalic.ufo\/glyphs\/period.glif","\/optimabq-bolditalic.ufo\/glyphs\/periodcentered.glif":"\/optimabq-bolditalic.ufo\/glyphs\/periodcentered.glif","\/optimabq-bolditalic.ufo\/glyphs\/plus.glif":"\/optimabq-bolditalic.ufo\/glyphs\/plus.glif","\/optimabq-bolditalic.ufo\/glyphs\/plusminus.glif":"\/optimabq-bolditalic.ufo\/glyphs\/plusminus.glif","\/optimabq-bolditalic.ufo\/glyphs\/q.glif":"\/optimabq-bolditalic.ufo\/glyphs\/q.glif","\/optimabq-bolditalic.ufo\/glyphs\/question.glif":"\/optimabq-bolditalic.ufo\/glyphs\/question.glif","\/optimabq-bolditalic.ufo\/glyphs\/questiondown.glif":"\/optimabq-bolditalic.ufo\/glyphs\/questiondown.glif","\/optimabq-bolditalic.ufo\/glyphs\/quotedbl.glif":"\/optimabq-bolditalic.ufo\/glyphs\/quotedbl.glif","\/optimabq-bolditalic.ufo\/glyphs\/quotedblbase.glif":"\/optimabq-bolditalic.ufo\/glyphs\/quotedblbase.glif","\/optimabq-bolditalic.ufo\/glyphs\/quotedblleft.glif":"\/optimabq-bolditalic.ufo\/glyphs\/quotedblleft.glif","\/optimabq-bolditalic.ufo\/glyphs\/quotedblright.glif":"\/optimabq-bolditalic.ufo\/glyphs\/quotedblright.glif","\/optimabq-bolditalic.ufo\/glyphs\/quoteleft.glif":"\/optimabq-bolditalic.ufo\/glyphs\/quoteleft.glif","\/optimabq-bolditalic.ufo\/glyphs\/quoteright.glif":"\/optimabq-bolditalic.ufo\/glyphs\/quoteright.glif","\/optimabq-bolditalic.ufo\/glyphs\/quotesinglbase.glif":"\/optimabq-bolditalic.ufo\/glyphs\/quotesinglbase.glif","\/optimabq-bolditalic.ufo\/glyphs\/quotesingle.glif":"\/optimabq-bolditalic.ufo\/glyphs\/quotesingle.glif","\/optimabq-bolditalic.ufo\/glyphs\/r.glif":"\/optimabq-bolditalic.ufo\/glyphs\/r.glif","\/optimabq-bolditalic.ufo\/glyphs\/registered.glif":"\/optimabq-bolditalic.ufo\/glyphs\/registered.glif","\/optimabq-bolditalic.ufo\/glyphs\/s.glif":"\/optimabq-bolditalic.ufo\/glyphs\/s.glif","\/optimabq-bolditalic.ufo\/glyphs\/section.glif":"\/optimabq-bolditalic.ufo\/glyphs\/section.glif","\/optimabq-bolditalic.ufo\/glyphs\/semicolon.glif":"\/optimabq-bolditalic.ufo\/glyphs\/semicolon.glif","\/optimabq-bolditalic.ufo\/glyphs\/seven.glif":"\/optimabq-bolditalic.ufo\/glyphs\/seven.glif","\/optimabq-bolditalic.ufo\/glyphs\/six.glif":"\/optimabq-bolditalic.ufo\/glyphs\/six.glif","\/optimabq-bolditalic.ufo\/glyphs\/slash.glif":"\/optimabq-bolditalic.ufo\/glyphs\/slash.glif","\/optimabq-bolditalic.ufo\/glyphs\/space.glif":"\/optimabq-bolditalic.ufo\/glyphs\/space.glif","\/optimabq-bolditalic.ufo\/glyphs\/sterling.glif":"\/optimabq-bolditalic.ufo\/glyphs\/sterling.glif","\/optimabq-bolditalic.ufo\/glyphs\/t.glif":"\/optimabq-bolditalic.ufo\/glyphs\/t.glif","\/optimabq-bolditalic.ufo\/glyphs\/three.glif":"\/optimabq-bolditalic.ufo\/glyphs\/three.glif","\/optimabq-bolditalic.ufo\/glyphs\/tilde.glif":"\/optimabq-bolditalic.ufo\/glyphs\/tilde.glif","\/optimabq-bolditalic.ufo\/glyphs\/trademark.glif":"\/optimabq-bolditalic.ufo\/glyphs\/trademark.glif","\/optimabq-bolditalic.ufo\/glyphs\/two.glif":"\/optimabq-bolditalic.ufo\/glyphs\/two.glif","\/optimabq-bolditalic.ufo\/glyphs\/u.glif":"\/optimabq-bolditalic.ufo\/glyphs\/u.glif","\/optimabq-bolditalic.ufo\/glyphs\/uacute.glif":"\/optimabq-bolditalic.ufo\/glyphs\/uacute.glif","\/optimabq-bolditalic.ufo\/glyphs\/ucircumflex.glif":"\/optimabq-bolditalic.ufo\/glyphs\/ucircumflex.glif","\/optimabq-bolditalic.ufo\/glyphs\/udieresis.glif":"\/optimabq-bolditalic.ufo\/glyphs\/udieresis.glif","\/optimabq-bolditalic.ufo\/glyphs\/ugrave.glif":"\/optimabq-bolditalic.ufo\/glyphs\/ugrave.glif","\/optimabq-bolditalic.ufo\/glyphs\/underscore.glif":"\/optimabq-bolditalic.ufo\/glyphs\/underscore.glif","\/optimabq-bolditalic.ufo\/glyphs\/v.glif":"\/optimabq-bolditalic.ufo\/glyphs\/v.glif","\/optimabq-bolditalic.ufo\/glyphs\/w.glif":"\/optimabq-bolditalic.ufo\/glyphs\/w.glif","\/optimabq-bolditalic.ufo\/glyphs\/x.glif":"\/optimabq-bolditalic.ufo\/glyphs\/x.glif","\/optimabq-bolditalic.ufo\/glyphs\/y.glif":"\/optimabq-bolditalic.ufo\/glyphs\/y.glif","\/optimabq-bolditalic.ufo\/glyphs\/ydieresis.glif":"\/optimabq-bolditalic.ufo\/glyphs\/ydieresis.glif","\/optimabq-bolditalic.ufo\/glyphs\/z.glif":"\/optimabq-bolditalic.ufo\/glyphs\/z.glif","\/optimabq-bolditalic.ufo\/glyphs\/zero.glif":"\/optimabq-bolditalic.ufo\/glyphs\/zero.glif"},"Font":{"uploaded":1471023641.5608,"licence":"gpl3","company":"Chronolabs Cooperative","title":"Optima BQ Bold Italic","version":3.002,"date":"Fri Aug 12 10:01:36 2016","creator":"root","type":"1","matrix":"0.001 0 0 0.001 0 0","named":"OptimaBQ-BoldItalic","painttype":"0","info":"10 dict dup","name":"Optima* Bold Italic","family":"Optima BQ","weight":"Medium","fstype":"0","italicangle":"-12","underlineposition":"","underlinethickness":""},"Licences":{"":false},"Table":{"FFTM":{"entryLength":16,"tag":"FFTM","checksum":1944367440,"offset":33364,"length":28},"GDEF":{"entryLength":16,"tag":"GDEF","checksum":16384006,"offset":33332,"length":32},"OS\/2":{"entryLength":16,"tag":"OS\/2","checksum":1486495063,"offset":344,"length":86},"cmap":{"entryLength":16,"tag":"cmap","checksum":1202625340,"offset":1252,"length":586},"gasp":{"entryLength":16,"tag":"gasp","checksum":4294901763,"offset":33324,"length":8},"glyf":{"entryLength":16,"tag":"glyf","checksum":4038490398,"offset":2252,"length":29840},"head":{"entryLength":16,"tag":"head","checksum":172468699,"offset":220,"length":54},"hhea":{"entryLength":16,"tag":"hhea","checksum":129696651,"offset":276,"length":36},"hmtx":{"entryLength":16,"tag":"hmtx","checksum":2773683116,"offset":432,"length":820},"loca":{"entryLength":16,"tag":"loca","checksum":1208968776,"offset":1840,"length":412},"maxp":{"entryLength":16,"tag":"maxp","checksum":18088052,"offset":312,"length":32},"name":{"entryLength":16,"tag":"name","checksum":646623217,"offset":32092,"length":729},"post":{"entryLength":16,"tag":"post","checksum":2765804707,"offset":32824,"length":498}},"UnicodeCharMap":{"32":3,"33":4,"34":5,"35":6,"36":7,"37":8,"38":9,"39":10,"40":11,"41":12,"42":13,"43":14,"44":15,"45":16,"46":17,"47":18,"48":19,"49":20,"50":21,"51":22,"52":23,"53":24,"54":25,"55":26,"56":27,"57":28,"58":29,"59":30,"60":31,"61":32,"62":33,"63":34,"64":35,"65":36,"66":37,"67":38,"68":39,"69":40,"70":41,"71":42,"72":43,"73":44,"74":45,"75":46,"76":47,"77":48,"78":49,"79":50,"80":51,"81":52,"82":53,"83":54,"84":55,"85":56,"86":57,"87":58,"88":59,"89":60,"90":61,"91":62,"92":63,"93":64,"94":65,"95":66,"96":67,"97":68,"98":69,"99":70,"100":71,"101":72,"102":73,"103":74,"104":75,"105":76,"106":77,"107":78,"108":79,"109":80,"110":81,"111":82,"112":83,"113":84,"114":85,"115":86,"116":87,"117":88,"118":89,"119":90,"120":91,"121":92,"122":93,"123":94,"124":95,"125":96,"126":97,"161":98,"163":99,"164":100,"166":101,"167":102,"168":103,"169":104,"171":105,"172":106,"174":107,"176":108,"177":109,"180":110,"182":112,"183":113,"184":114,"187":115,"191":116,"192":117,"193":118,"194":119,"195":120,"196":121,"197":122,"198":123,"199":124,"200":125,"201":126,"202":127,"203":128,"204":129,"205":130,"206":131,"207":132,"209":133,"210":134,"211":135,"212":136,"213":137,"214":138,"215":139,"216":140,"217":141,"218":142,"219":143,"220":144,"223":145,"224":146,"225":147,"226":148,"227":149,"228":150,"229":151,"230":152,"231":153,"232":154,"233":155,"234":156,"235":157,"236":158,"237":159,"238":160,"239":161,"241":162,"242":163,"243":164,"244":165,"245":166,"246":167,"247":168,"248":169,"249":170,"250":171,"251":172,"252":173,"255":174,"305":193,"338":192,"339":194,"376":204,"710":188,"711":190,"732":189,"956":111,"8211":181,"8212":191,"8216":176,"8217":175,"8218":184,"8220":178,"8221":186,"8222":185,"8224":182,"8226":183,"8230":187,"8260":177,"8482":201,"8722":202,"64257":179,"64258":180},"Reserves":{"fontname":"Optima Bold Italic"},"Names":{"Optima Bold Italic":{"name":"Optima Bold Italic","longitude":"0.00000001","latitude":"0.00000001","country":"","region":"","city":""}},"Nodes":{"op":{"type":"typal","node":"op","usage":1,"weight":1},"ma":{"type":"typal","node":"ma","usage":1,"weight":1},"bo":{"type":"typal","node":"bo","usage":1,"weight":1},"ld":{"type":"typal","node":"ld","usage":1,"weight":1},"it":{"type":"typal","node":"it","usage":1,"weight":1},"ic":{"type":"typal","node":"ic","usage":1,"weight":1},"opt":{"type":"typal","node":"opt","usage":1,"weight":1},"ima":{"type":"typal","node":"ima","usage":1,"weight":1},"bol":{"type":"typal","node":"bol","usage":1,"weight":1},"old":{"type":"typal","node":"old","usage":1,"weight":1},"ita":{"type":"typal","node":"ita","usage":1,"weight":1},"lic":{"type":"typal","node":"lic","usage":1,"weight":1},"opti":{"type":"keys","node":"opti","usage":1,"weight":1},"tima":{"type":"keys","node":"tima","usage":1,"weight":1},"ital":{"type":"keys","node":"ital","usage":1,"weight":1},"alic":{"type":"keys","node":"alic","usage":1,"weight":1},"optim":{"type":"keys","node":"optim","usage":1,"weight":1},"ptima":{"type":"keys","node":"ptima","usage":1,"weight":1},"itali":{"type":"keys","node":"itali","usage":1,"weight":1},"talic":{"type":"keys","node":"talic","usage":1,"weight":1},"optima":{"type":"fixes","node":"optima","usage":1,"weight":1},"bold":{"type":"fixes","node":"bold","usage":1,"weight":1},"italic":{"type":"fixes","node":"italic","usage":1,"weight":1}},"Contributors":[],"FontIdentity":"wagovau:e09348ca31bf4ec91ac963fb","Bytes":null,"Networking":[],"barcode":"cwggagEscEsMs","referee":"qma7ema"}