{"CSS":{"Optima* Bold Italic":"Optima%2A+Bold+Italic.css"},"FontType":"TrueType","FontCopyright":"(c) COPYRIGHT H. BERTHOLD AG 1992 Alle Rechte vorbehalten.","FontName":"Optima BQ","FontSubfamily":"BoldItalic","FontSubfamilyID":"FontForge 2.0 : Optima* Bold Italic : 27-8-2016","FontFullName":"Optima Bold Italic","FontVersion":"Version 001.000 ","FontWeight":null,"FontPostscriptName":"OptimaBQ-BoldItalic","Files":{"optimabq-bolditalic.afm":"optimabq-bolditalic.afm","optimabq-bolditalic.bin":"optimabq-bolditalic.bin","optimabq-bolditalic.cef":"optimabq-bolditalic.cef","optimabq-bolditalic.cff":"optimabq-bolditalic.cff","optimabq-bolditalic.cid":"optimabq-bolditalic.cid","optimabq-bolditalic.dfont":"optimabq-bolditalic.dfont","optimabq-bolditalic.eot":"optimabq-bolditalic.eot","optimabq-bolditalic.fon":"optimabq-bolditalic.fon","optimabq-bolditalic.gai":"optimabq-bolditalic.gai","optimabq-bolditalic.gsf":"optimabq-bolditalic.gsf","optimabq-bolditalic.hqx":"optimabq-bolditalic.hqx","optimabq-bolditalic.ik":"optimabq-bolditalic.ik","optimabq-bolditalic.mf":"optimabq-bolditalic.mf","optimabq-bolditalic.otf":"optimabq-bolditalic.otf","optimabq-bolditalic.pcf":"optimabq-bolditalic.pcf","optimabq-bolditalic.pf3":"optimabq-bolditalic.pf3","optimabq-bolditalic.pfa":"optimabq-bolditalic.pfa","optimabq-bolditalic.pfb":"optimabq-bolditalic.pfb","optimabq-bolditalic.php":"optimabq-bolditalic.php","optimabq-bolditalic.pmf":"optimabq-bolditalic.pmf","optimabq-bolditalic.pt3":"optimabq-bolditalic.pt3","optimabq-bolditalic.sfd":"optimabq-bolditalic.sfd","optimabq-bolditalic.svg":"optimabq-bolditalic.svg","optimabq-bolditalic.t42":"optimabq-bolditalic.t42","optimabq-bolditalic.ttd":"optimabq-bolditalic.ttd","optimabq-bolditalic.ttf":"optimabq-bolditalic.ttf","optimabq-bolditalic.ttg":"optimabq-bolditalic.ttg","optimabq-bolditalic.ufm":"optimabq-bolditalic.ufm","optimabq-bolditalic.woff":"optimabq-bolditalic.woff","optimabq-bolditalic.z":"optimabq-bolditalic.z","":{"optimabq-bolditalic.afm":"optimabq-bolditalic.afm","optimabq-bolditalic.bin":"optimabq-bolditalic.bin","optimabq-bolditalic.cef":"optimabq-bolditalic.cef","optimabq-bolditalic.cff":"optimabq-bolditalic.cff","optimabq-bolditalic.cid":"optimabq-bolditalic.cid","optimabq-bolditalic.dfont":"optimabq-bolditalic.dfont","optimabq-bolditalic.eot":"optimabq-bolditalic.eot","optimabq-bolditalic.fon":"optimabq-bolditalic.fon","optimabq-bolditalic.gai":"optimabq-bolditalic.gai","optimabq-bolditalic.gsf":"optimabq-bolditalic.gsf","optimabq-bolditalic.hqx":"optimabq-bolditalic.hqx","optimabq-bolditalic.ik":"optimabq-bolditalic.ik","optimabq-bolditalic.mf":"optimabq-bolditalic.mf","optimabq-bolditalic.otf":"optimabq-bolditalic.otf","optimabq-bolditalic.pcf":"optimabq-bolditalic.pcf","optimabq-bolditalic.pf3":"optimabq-bolditalic.pf3","optimabq-bolditalic.pfa":"optimabq-bolditalic.pfa","optimabq-bolditalic.pfb":"optimabq-bolditalic.pfb","optimabq-bolditalic.php":"optimabq-bolditalic.php","optimabq-bolditalic.pmf":"optimabq-bolditalic.pmf","optimabq-bolditalic.pt3":"optimabq-bolditalic.pt3","optimabq-bolditalic.sfd":"optimabq-bolditalic.sfd","optimabq-bolditalic.svg":"optimabq-bolditalic.svg","optimabq-bolditalic.t42":"optimabq-bolditalic.t42","optimabq-bolditalic.ttd":"optimabq-bolditalic.ttd","optimabq-bolditalic.ttf":"optimabq-bolditalic.ttf","optimabq-bolditalic.ttg":"optimabq-bolditalic.ttg","optimabq-bolditalic.ufm":"optimabq-bolditalic.ufm","optimabq-bolditalic.woff":"optimabq-bolditalic.woff","optimabq-bolditalic.z":"optimabq-bolditalic.z"},"\/optimabq-bolditalic.ufo":{"feature.fea":"feature.fea","fontinfo.plist":"fontinfo.plist","groups.plist":"groups.plist","kerning.plist":"kerning.plist","metainfo.plist":"metainfo.plist"},"\/optimabq-bolditalic.ufo\/glyphs":{"A_.glif":"A_.glif","A_E_.glif":"A_E_.glif","A_acute.glif":"A_acute.glif","A_circumflex.glif":"A_circumflex.glif","A_cute.glif":"A_cute.glif","A_dieresis.glif":"A_dieresis.glif","A_grave.glif":"A_grave.glif","A_ring.glif":"A_ring.glif","A_tilde.glif":"A_tilde.glif","B_.glif":"B_.glif","C_.glif":"C_.glif","C_aron.glif":"C_aron.glif","C_cedilla.glif":"C_cedilla.glif","C_ircumflex.glif":"C_ircumflex.glif","D_.glif":"D_.glif","D_ieresis.glif":"D_ieresis.glif","E_.glif":"E_.glif","E_acute.glif":"E_acute.glif","E_circumflex.glif":"E_circumflex.glif","E_dieresis.glif":"E_dieresis.glif","E_grave.glif":"E_grave.glif","F_.glif":"F_.glif","G_.glif":"G_.glif","G_rave.glif":"G_rave.glif","H_.glif":"H_.glif","I_.glif":"I_.glif","I_acute.glif":"I_acute.glif","I_circumflex.glif":"I_circumflex.glif","I_dieresis.glif":"I_dieresis.glif","I_grave.glif":"I_grave.glif","J_.glif":"J_.glif","K_.glif":"K_.glif","L_.glif":"L_.glif","M_.glif":"M_.glif","N_.glif":"N_.glif","N_tilde.glif":"N_tilde.glif","O_.glif":"O_.glif","O_E_.glif":"O_E_.glif","O_acute.glif":"O_acute.glif","O_circumflex.glif":"O_circumflex.glif","O_dieresis.glif":"O_dieresis.glif","O_grave.glif":"O_grave.glif","O_slash.glif":"O_slash.glif","O_tilde.glif":"O_tilde.glif","P_.glif":"P_.glif","Q_.glif":"Q_.glif","R_.glif":"R_.glif","S_.glif":"S_.glif","T_.glif":"T_.glif","T_ilde.glif":"T_ilde.glif","U_.glif":"U_.glif","U_acute.glif":"U_acute.glif","U_circumflex.glif":"U_circumflex.glif","U_dieresis.glif":"U_dieresis.glif","U_grave.glif":"U_grave.glif","V_.glif":"V_.glif","W_.glif":"W_.glif","X_.glif":"X_.glif","Y_.glif":"Y_.glif","Y_dieresis.glif":"Y_dieresis.glif","Z_.glif":"Z_.glif","a.glif":"a.glif","aacute.glif":"aacute.glif","acircumflex.glif":"acircumflex.glif","acute.glif":"acute.glif","adieresis.glif":"adieresis.glif","ae.glif":"ae.glif","agrave.glif":"agrave.glif","ampersand.glif":"ampersand.glif","aring.glif":"aring.glif","asciicircum.glif":"asciicircum.glif","asciitilde.glif":"asciitilde.glif","asterisk.glif":"asterisk.glif","at.glif":"at.glif","atilde.glif":"atilde.glif","b.glif":"b.glif","backslash.glif":"backslash.glif","bar.glif":"bar.glif","braceleft.glif":"braceleft.glif","braceright.glif":"braceright.glif","bracketleft.glif":"bracketleft.glif","bracketright.glif":"bracketright.glif","brokenbar.glif":"brokenbar.glif","bullet.glif":"bullet.glif","c.glif":"c.glif","caron.glif":"caron.glif","ccedilla.glif":"ccedilla.glif","cedilla.glif":"cedilla.glif","circumflex.glif":"circumflex.glif","colon.glif":"colon.glif","comma.glif":"comma.glif","contents.plist":"contents.plist","copyright.glif":"copyright.glif","currency.glif":"currency.glif","d.glif":"d.glif","dagger.glif":"dagger.glif","degree.glif":"degree.glif","dieresis.glif":"dieresis.glif","divide.glif":"divide.glif","dollar.glif":"dollar.glif","dotlessi.glif":"dotlessi.glif","e.glif":"e.glif","eacute.glif":"eacute.glif","ecircumflex.glif":"ecircumflex.glif","edieresis.glif":"edieresis.glif","egrave.glif":"egrave.glif","eight.glif":"eight.glif","ellipsis.glif":"ellipsis.glif","emdash.glif":"emdash.glif","endash.glif":"endash.glif","equal.glif":"equal.glif","exclam.glif":"exclam.glif","exclamdown.glif":"exclamdown.glif","f.glif":"f.glif","fi.glif":"fi.glif","five.glif":"five.glif","fl.glif":"fl.glif","four.glif":"four.glif","fraction.glif":"fraction.glif","g.glif":"g.glif","germandbls.glif":"germandbls.glif","grave.glif":"grave.glif","greater.glif":"greater.glif","guillemotleft.glif":"guillemotleft.glif","guillemotright.glif":"guillemotright.glif","h.glif":"h.glif","hyphen.glif":"hyphen.glif","i.glif":"i.glif","iacute.glif":"iacute.glif","icircumflex.glif":"icircumflex.glif","idieresis.glif":"idieresis.glif","igrave.glif":"igrave.glif","j.glif":"j.glif","k.glif":"k.glif","l.glif":"l.glif","less.glif":"less.glif","logicalnot.glif":"logicalnot.glif","m.glif":"m.glif","minus.glif":"minus.glif","mu.glif":"mu.glif","multiply.glif":"multiply.glif","n.glif":"n.glif","nine.glif":"nine.glif","ntilde.glif":"ntilde.glif","numbersign.glif":"numbersign.glif","o.glif":"o.glif","oacute.glif":"oacute.glif","ocircumflex.glif":"ocircumflex.glif","odieresis.glif":"odieresis.glif","oe.glif":"oe.glif","ograve.glif":"ograve.glif","one.glif":"one.glif","onefitted.glif":"onefitted.glif","oslash.glif":"oslash.glif","otilde.glif":"otilde.glif","p.glif":"p.glif","paragraph.glif":"paragraph.glif","parenleft.glif":"parenleft.glif","parenright.glif":"parenright.glif","percent.glif":"percent.glif","period.glif":"period.glif","periodcentered.glif":"periodcentered.glif","plus.glif":"plus.glif","plusminus.glif":"plusminus.glif","q.glif":"q.glif","question.glif":"question.glif","questiondown.glif":"questiondown.glif","quotedbl.glif":"quotedbl.glif","quotedblbase.glif":"quotedblbase.glif","quotedblleft.glif":"quotedblleft.glif","quotedblright.glif":"quotedblright.glif","quoteleft.glif":"quoteleft.glif","quoteright.glif":"quoteright.glif","quotesinglbase.glif":"quotesinglbase.glif","quotesingle.glif":"quotesingle.glif","r.glif":"r.glif","registered.glif":"registered.glif","s.glif":"s.glif","section.glif":"section.glif","semicolon.glif":"semicolon.glif","seven.glif":"seven.glif","six.glif":"six.glif","slash.glif":"slash.glif","space.glif":"space.glif","sterling.glif":"sterling.glif","t.glif":"t.glif","three.glif":"three.glif","tilde.glif":"tilde.glif","trademark.glif":"trademark.glif","two.glif":"two.glif","u.glif":"u.glif","uacute.glif":"uacute.glif","ucircumflex.glif":"ucircumflex.glif","udieresis.glif":"udieresis.glif","ugrave.glif":"ugrave.glif","underscore.glif":"underscore.glif","v.glif":"v.glif","w.glif":"w.glif","x.glif":"x.glif","y.glif":"y.glif","ydieresis.glif":"ydieresis.glif","z.glif":"z.glif","zero.glif":"zero.glif"}},"Font":{"uploaded":1472282841.6078,"licence":"gpl3","company":"Chronolabs Cooperative","title":"Olympia Heavy Ita","version":2.001,"date":"Fri Aug 12 10:00:36 2016","creator":"root","type":"1","matrix":"0.001 0 0 0.001 0 0","named":"Olympia-HeavyIta","painttype":"0","info":"10 dict dup","name":"Olympia-HeavyIta","family":"Olympia-HeavyIta","weight":"Medium","fstype":"0","italicangle":"0","underlineposition":"","underlinethickness":""},"Table":{"FFTM":{"entryLength":16,"tag":"FFTM","checksum":1944266640,"offset":33364,"length":28},"GDEF":{"entryLength":16,"tag":"GDEF","checksum":16384006,"offset":33332,"length":32},"OS\/2":{"entryLength":16,"tag":"OS\/2","checksum":1486495063,"offset":344,"length":86},"cmap":{"entryLength":16,"tag":"cmap","checksum":1202625340,"offset":1252,"length":586},"gasp":{"entryLength":16,"tag":"gasp","checksum":4294901763,"offset":33324,"length":8},"glyf":{"entryLength":16,"tag":"glyf","checksum":4038490398,"offset":2252,"length":29840},"head":{"entryLength":16,"tag":"head","checksum":174991175,"offset":220,"length":54},"hhea":{"entryLength":16,"tag":"hhea","checksum":129696651,"offset":276,"length":36},"hmtx":{"entryLength":16,"tag":"hmtx","checksum":2773683116,"offset":432,"length":820},"loca":{"entryLength":16,"tag":"loca","checksum":1208968776,"offset":1840,"length":412},"maxp":{"entryLength":16,"tag":"maxp","checksum":18088052,"offset":312,"length":32},"name":{"entryLength":16,"tag":"name","checksum":664055794,"offset":32092,"length":729},"post":{"entryLength":16,"tag":"post","checksum":2765804707,"offset":32824,"length":498}},"UnicodeCharMap":{"32":3,"33":4,"34":5,"35":6,"36":7,"37":8,"38":9,"39":10,"40":11,"41":12,"42":13,"43":14,"44":15,"45":16,"46":17,"47":18,"48":19,"49":20,"50":21,"51":22,"52":23,"53":24,"54":25,"55":26,"56":27,"57":28,"58":29,"59":30,"60":31,"61":32,"62":33,"63":34,"64":35,"65":36,"66":37,"67":38,"68":39,"69":40,"70":41,"71":42,"72":43,"73":44,"74":45,"75":46,"76":47,"77":48,"78":49,"79":50,"80":51,"81":52,"82":53,"83":54,"84":55,"85":56,"86":57,"87":58,"88":59,"89":60,"90":61,"91":62,"92":63,"93":64,"94":65,"95":66,"96":67,"97":68,"98":69,"99":70,"100":71,"101":72,"102":73,"103":74,"104":75,"105":76,"106":77,"107":78,"108":79,"109":80,"110":81,"111":82,"112":83,"113":84,"114":85,"115":86,"116":87,"117":88,"118":89,"119":90,"120":91,"121":92,"122":93,"123":94,"124":95,"125":96,"126":97,"161":98,"163":99,"164":100,"166":101,"167":102,"168":103,"169":104,"171":105,"172":106,"174":107,"176":108,"177":109,"180":110,"182":112,"183":113,"184":114,"187":115,"191":116,"192":117,"193":118,"194":119,"195":120,"196":121,"197":122,"198":123,"199":124,"200":125,"201":126,"202":127,"203":128,"204":129,"205":130,"206":131,"207":132,"209":133,"210":134,"211":135,"212":136,"213":137,"214":138,"215":139,"216":140,"217":141,"218":142,"219":143,"220":144,"223":145,"224":146,"225":147,"226":148,"227":149,"228":150,"229":151,"230":152,"231":153,"232":154,"233":155,"234":156,"235":157,"236":158,"237":159,"238":160,"239":161,"241":162,"242":163,"243":164,"244":165,"245":166,"246":167,"247":168,"248":169,"249":170,"250":171,"251":172,"252":173,"255":174,"305":193,"338":192,"339":194,"376":204,"710":188,"711":190,"732":189,"956":111,"8211":181,"8212":191,"8216":176,"8217":175,"8218":184,"8220":178,"8221":186,"8222":185,"8224":182,"8226":183,"8230":187,"8260":177,"8482":201,"8722":202,"64257":179,"64258":180},"Reserves":null,"Names":[],"Nodes":{"op":{"type":"typal","node":"op","usage":1,"weight":1},"ma":{"type":"typal","node":"ma","usage":1,"weight":1},"opt":{"type":"typal","node":"opt","usage":1,"weight":1},"ima":{"type":"typal","node":"ima","usage":1,"weight":1},"opti":{"type":"keys","node":"opti","usage":1,"weight":1},"tima":{"type":"keys","node":"tima","usage":1,"weight":1},"optim":{"type":"keys","node":"optim","usage":1,"weight":1},"ptima":{"type":"keys","node":"ptima","usage":1,"weight":1},"optima":{"type":"fixes","node":"optima","usage":1,"weight":1},"bq":{"type":"fixes","node":"bq","usage":1,"weight":1}},"Contributors":[],"FontIdentity":"56f0eda40ec0198f364122423cbd5706","Bytes":2347151,"Networking":[],"barcode":"8icmygsqyekqw","referee":"qm3q0sg"}