{"CSS":{"MrsEavesFractionsFractions":"MrsEavesFractionsFractions.css","Mrs Eaves Fractions":"thatcher0:84505bf1e7e10f19ecd0e9.css"},"FontType":"TrueType","FontCopyright":"Copyright \\(C\\) 1996 Emigre Graphics, Designed by Zuzana Licko","FontName":"MrsEavesFractions","FontSubfamily":"Fractions","FontSubfamilyID":"FontForge 2.0 : MrsEavesFractionsFractions : 15-10-2016","FontFullName":"Mrs Eaves Fractions","FontVersion":"Version 001.000 ","FontWeight":null,"FontPostscriptName":"MrsEavesFractionsFractions","Files":{"\/MrsEavesFractionsFractions.css":"\/MrsEavesFractionsFractions.css","\/font-resource.json":"\/font-resource.json","\/mrseavesfractionsfractions.afm":"\/mrseavesfractionsfractions.afm","\/mrseavesfractionsfractions.cef":"\/mrseavesfractionsfractions.cef","\/mrseavesfractionsfractions.cff":"\/mrseavesfractionsfractions.cff","\/mrseavesfractionsfractions.eot":"\/mrseavesfractionsfractions.eot","\/mrseavesfractionsfractions.gai":"\/mrseavesfractionsfractions.gai","\/mrseavesfractionsfractions.gsf":"\/mrseavesfractionsfractions.gsf","\/mrseavesfractionsfractions.otf":"\/mrseavesfractionsfractions.otf","\/mrseavesfractionsfractions.pf3":"\/mrseavesfractionsfractions.pf3","\/mrseavesfractionsfractions.pfa":"\/mrseavesfractionsfractions.pfa","\/mrseavesfractionsfractions.pfb":"\/mrseavesfractionsfractions.pfb","\/mrseavesfractionsfractions.php":"\/mrseavesfractionsfractions.php","\/mrseavesfractionsfractions.pt3":"\/mrseavesfractionsfractions.pt3","\/mrseavesfractionsfractions.sfd":"\/mrseavesfractionsfractions.sfd","\/mrseavesfractionsfractions.svg":"\/mrseavesfractionsfractions.svg","\/mrseavesfractionsfractions.t42":"\/mrseavesfractionsfractions.t42","\/mrseavesfractionsfractions.ttd":"\/mrseavesfractionsfractions.ttd","\/mrseavesfractionsfractions.ttf":"\/mrseavesfractionsfractions.ttf","\/mrseavesfractionsfractions.ttg":"\/mrseavesfractionsfractions.ttg","\/mrseavesfractionsfractions.ufm":"\/mrseavesfractionsfractions.ufm","\/mrseavesfractionsfractions.woff":"\/mrseavesfractionsfractions.woff","\/mrseavesfractionsfractions.z":"\/mrseavesfractionsfractions.z","\/mrseavesfractionsfractions.ufo\/feature.fea":"\/mrseavesfractionsfractions.ufo\/feature.fea","\/mrseavesfractionsfractions.ufo\/fontinfo.plist":"\/mrseavesfractionsfractions.ufo\/fontinfo.plist","\/mrseavesfractionsfractions.ufo\/groups.plist":"\/mrseavesfractionsfractions.ufo\/groups.plist","\/mrseavesfractionsfractions.ufo\/kerning.plist":"\/mrseavesfractionsfractions.ufo\/kerning.plist","\/mrseavesfractionsfractions.ufo\/metainfo.plist":"\/mrseavesfractionsfractions.ufo\/metainfo.plist","\/mrseavesfractionsfractions.ufo\/glyphs\/A_.glif":"\/mrseavesfractionsfractions.ufo\/glyphs\/A_.glif","\/mrseavesfractionsfractions.ufo\/glyphs\/A_E_.glif":"\/mrseavesfractionsfractions.ufo\/glyphs\/A_E_.glif","\/mrseavesfractionsfractions.ufo\/glyphs\/A_acute.glif":"\/mrseavesfractionsfractions.ufo\/glyphs\/A_acute.glif","\/mrseavesfractionsfractions.ufo\/glyphs\/A_circumflex.glif":"\/mrseavesfractionsfractions.ufo\/glyphs\/A_circumflex.glif","\/mrseavesfractionsfractions.ufo\/glyphs\/A_dieresis.glif":"\/mrseavesfractionsfractions.ufo\/glyphs\/A_dieresis.glif","\/mrseavesfractionsfractions.ufo\/glyphs\/A_grave.glif":"\/mrseavesfractionsfractions.ufo\/glyphs\/A_grave.glif","\/mrseavesfractionsfractions.ufo\/glyphs\/A_ring.glif":"\/mrseavesfractionsfractions.ufo\/glyphs\/A_ring.glif","\/mrseavesfractionsfractions.ufo\/glyphs\/A_tilde.glif":"\/mrseavesfractionsfractions.ufo\/glyphs\/A_tilde.glif","\/mrseavesfractionsfractions.ufo\/glyphs\/B_.glif":"\/mrseavesfractionsfractions.ufo\/glyphs\/B_.glif","\/mrseavesfractionsfractions.ufo\/glyphs\/C_.glif":"\/mrseavesfractionsfractions.ufo\/glyphs\/C_.glif","\/mrseavesfractionsfractions.ufo\/glyphs\/C_R_.glif":"\/mrseavesfractionsfractions.ufo\/glyphs\/C_R_.glif","\/mrseavesfractionsfractions.ufo\/glyphs\/C_cedilla.glif":"\/mrseavesfractionsfractions.ufo\/glyphs\/C_cedilla.glif","\/mrseavesfractionsfractions.ufo\/glyphs\/D_.glif":"\/mrseavesfractionsfractions.ufo\/glyphs\/D_.glif","\/mrseavesfractionsfractions.ufo\/glyphs\/D_C_1.glif":"\/mrseavesfractionsfractions.ufo\/glyphs\/D_C_1.glif","\/mrseavesfractionsfractions.ufo\/glyphs\/D_C_2.glif":"\/mrseavesfractionsfractions.ufo\/glyphs\/D_C_2.glif","\/mrseavesfractionsfractions.ufo\/glyphs\/D_C_3.glif":"\/mrseavesfractionsfractions.ufo\/glyphs\/D_C_3.glif","\/mrseavesfractionsfractions.ufo\/glyphs\/D_C_4.glif":"\/mrseavesfractionsfractions.ufo\/glyphs\/D_C_4.glif","\/mrseavesfractionsfractions.ufo\/glyphs\/D_E_L_.glif":"\/mrseavesfractionsfractions.ufo\/glyphs\/D_E_L_.glif","\/mrseavesfractionsfractions.ufo\/glyphs\/D_L_E_.glif":"\/mrseavesfractionsfractions.ufo\/glyphs\/D_L_E_.glif","\/mrseavesfractionsfractions.ufo\/glyphs\/D_elta.glif":"\/mrseavesfractionsfractions.ufo\/glyphs\/D_elta.glif","\/mrseavesfractionsfractions.ufo\/glyphs\/E_.glif":"\/mrseavesfractionsfractions.ufo\/glyphs\/E_.glif","\/mrseavesfractionsfractions.ufo\/glyphs\/E_acute.glif":"\/mrseavesfractionsfractions.ufo\/glyphs\/E_acute.glif","\/mrseavesfractionsfractions.ufo\/glyphs\/E_circumflex.glif":"\/mrseavesfractionsfractions.ufo\/glyphs\/E_circumflex.glif","\/mrseavesfractionsfractions.ufo\/glyphs\/E_dieresis.glif":"\/mrseavesfractionsfractions.ufo\/glyphs\/E_dieresis.glif","\/mrseavesfractionsfractions.ufo\/glyphs\/E_grave.glif":"\/mrseavesfractionsfractions.ufo\/glyphs\/E_grave.glif","\/mrseavesfractionsfractions.ufo\/glyphs\/E_th.glif":"\/mrseavesfractionsfractions.ufo\/glyphs\/E_th.glif","\/mrseavesfractionsfractions.ufo\/glyphs\/F_.glif":"\/mrseavesfractionsfractions.ufo\/glyphs\/F_.glif","\/mrseavesfractionsfractions.ufo\/glyphs\/G_.glif":"\/mrseavesfractionsfractions.ufo\/glyphs\/G_.glif","\/mrseavesfractionsfractions.ufo\/glyphs\/H_.glif":"\/mrseavesfractionsfractions.ufo\/glyphs\/H_.glif","\/mrseavesfractionsfractions.ufo\/glyphs\/H_T_.glif":"\/mrseavesfractionsfractions.ufo\/glyphs\/H_T_.glif","\/mrseavesfractionsfractions.ufo\/glyphs\/I_.glif":"\/mrseavesfractionsfractions.ufo\/glyphs\/I_.glif","\/mrseavesfractionsfractions.ufo\/glyphs\/I_acute.glif":"\/mrseavesfractionsfractions.ufo\/glyphs\/I_acute.glif","\/mrseavesfractionsfractions.ufo\/glyphs\/I_circumflex.glif":"\/mrseavesfractionsfractions.ufo\/glyphs\/I_circumflex.glif","\/mrseavesfractionsfractions.ufo\/glyphs\/I_dieresis.glif":"\/mrseavesfractionsfractions.ufo\/glyphs\/I_dieresis.glif","\/mrseavesfractionsfractions.ufo\/glyphs\/I_grave.glif":"\/mrseavesfractionsfractions.ufo\/glyphs\/I_grave.glif","\/mrseavesfractionsfractions.ufo\/glyphs\/J_.glif":"\/mrseavesfractionsfractions.ufo\/glyphs\/J_.glif","\/mrseavesfractionsfractions.ufo\/glyphs\/K_.glif":"\/mrseavesfractionsfractions.ufo\/glyphs\/K_.glif","\/mrseavesfractionsfractions.ufo\/glyphs\/L_.glif":"\/mrseavesfractionsfractions.ufo\/glyphs\/L_.glif","\/mrseavesfractionsfractions.ufo\/glyphs\/L_F_.glif":"\/mrseavesfractionsfractions.ufo\/glyphs\/L_F_.glif","\/mrseavesfractionsfractions.ufo\/glyphs\/L_slash.glif":"\/mrseavesfractionsfractions.ufo\/glyphs\/L_slash.glif","\/mrseavesfractionsfractions.ufo\/glyphs\/M_.glif":"\/mrseavesfractionsfractions.ufo\/glyphs\/M_.glif","\/mrseavesfractionsfractions.ufo\/glyphs\/N_.glif":"\/mrseavesfractionsfractions.ufo\/glyphs\/N_.glif","\/mrseavesfractionsfractions.ufo\/glyphs\/N_U_L_.glif":"\/mrseavesfractionsfractions.ufo\/glyphs\/N_U_L_.glif","\/mrseavesfractionsfractions.ufo\/glyphs\/N_tilde.glif":"\/mrseavesfractionsfractions.ufo\/glyphs\/N_tilde.glif","\/mrseavesfractionsfractions.ufo\/glyphs\/O_.glif":"\/mrseavesfractionsfractions.ufo\/glyphs\/O_.glif","\/mrseavesfractionsfractions.ufo\/glyphs\/O_E_.glif":"\/mrseavesfractionsfractions.ufo\/glyphs\/O_E_.glif","\/mrseavesfractionsfractions.ufo\/glyphs\/O_acute.glif":"\/mrseavesfractionsfractions.ufo\/glyphs\/O_acute.glif","\/mrseavesfractionsfractions.ufo\/glyphs\/O_circumflex.glif":"\/mrseavesfractionsfractions.ufo\/glyphs\/O_circumflex.glif","\/mrseavesfractionsfractions.ufo\/glyphs\/O_dieresis.glif":"\/mrseavesfractionsfractions.ufo\/glyphs\/O_dieresis.glif","\/mrseavesfractionsfractions.ufo\/glyphs\/O_grave.glif":"\/mrseavesfractionsfractions.ufo\/glyphs\/O_grave.glif","\/mrseavesfractionsfractions.ufo\/glyphs\/O_mega.glif":"\/mrseavesfractionsfractions.ufo\/glyphs\/O_mega.glif","\/mrseavesfractionsfractions.ufo\/glyphs\/O_slash.glif":"\/mrseavesfractionsfractions.ufo\/glyphs\/O_slash.glif","\/mrseavesfractionsfractions.ufo\/glyphs\/O_tilde.glif":"\/mrseavesfractionsfractions.ufo\/glyphs\/O_tilde.glif","\/mrseavesfractionsfractions.ufo\/glyphs\/P_.glif":"\/mrseavesfractionsfractions.ufo\/glyphs\/P_.glif","\/mrseavesfractionsfractions.ufo\/glyphs\/Q_.glif":"\/mrseavesfractionsfractions.ufo\/glyphs\/Q_.glif","\/mrseavesfractionsfractions.ufo\/glyphs\/R_.glif":"\/mrseavesfractionsfractions.ufo\/glyphs\/R_.glif","\/mrseavesfractionsfractions.ufo\/glyphs\/R_S_.glif":"\/mrseavesfractionsfractions.ufo\/glyphs\/R_S_.glif","\/mrseavesfractionsfractions.ufo\/glyphs\/S_.glif":"\/mrseavesfractionsfractions.ufo\/glyphs\/S_.glif","\/mrseavesfractionsfractions.ufo\/glyphs\/S_caron.glif":"\/mrseavesfractionsfractions.ufo\/glyphs\/S_caron.glif","\/mrseavesfractionsfractions.ufo\/glyphs\/T_.glif":"\/mrseavesfractionsfractions.ufo\/glyphs\/T_.glif","\/mrseavesfractionsfractions.ufo\/glyphs\/T_horn.glif":"\/mrseavesfractionsfractions.ufo\/glyphs\/T_horn.glif","\/mrseavesfractionsfractions.ufo\/glyphs\/U_.glif":"\/mrseavesfractionsfractions.ufo\/glyphs\/U_.glif","\/mrseavesfractionsfractions.ufo\/glyphs\/U_S_.glif":"\/mrseavesfractionsfractions.ufo\/glyphs\/U_S_.glif","\/mrseavesfractionsfractions.ufo\/glyphs\/U_acute.glif":"\/mrseavesfractionsfractions.ufo\/glyphs\/U_acute.glif","\/mrseavesfractionsfractions.ufo\/glyphs\/U_circumflex.glif":"\/mrseavesfractionsfractions.ufo\/glyphs\/U_circumflex.glif","\/mrseavesfractionsfractions.ufo\/glyphs\/U_dieresis.glif":"\/mrseavesfractionsfractions.ufo\/glyphs\/U_dieresis.glif","\/mrseavesfractionsfractions.ufo\/glyphs\/U_grave.glif":"\/mrseavesfractionsfractions.ufo\/glyphs\/U_grave.glif","\/mrseavesfractionsfractions.ufo\/glyphs\/V_.glif":"\/mrseavesfractionsfractions.ufo\/glyphs\/V_.glif","\/mrseavesfractionsfractions.ufo\/glyphs\/W_.glif":"\/mrseavesfractionsfractions.ufo\/glyphs\/W_.glif","\/mrseavesfractionsfractions.ufo\/glyphs\/X_.glif":"\/mrseavesfractionsfractions.ufo\/glyphs\/X_.glif","\/mrseavesfractionsfractions.ufo\/glyphs\/Y_.glif":"\/mrseavesfractionsfractions.ufo\/glyphs\/Y_.glif","\/mrseavesfractionsfractions.ufo\/glyphs\/Y_acute.glif":"\/mrseavesfractionsfractions.ufo\/glyphs\/Y_acute.glif","\/mrseavesfractionsfractions.ufo\/glyphs\/Y_dieresis.glif":"\/mrseavesfractionsfractions.ufo\/glyphs\/Y_dieresis.glif","\/mrseavesfractionsfractions.ufo\/glyphs\/Z_.glif":"\/mrseavesfractionsfractions.ufo\/glyphs\/Z_.glif","\/mrseavesfractionsfractions.ufo\/glyphs\/Z_caron.glif":"\/mrseavesfractionsfractions.ufo\/glyphs\/Z_caron.glif","\/mrseavesfractionsfractions.ufo\/glyphs\/a.glif":"\/mrseavesfractionsfractions.ufo\/glyphs\/a.glif","\/mrseavesfractionsfractions.ufo\/glyphs\/aacute.glif":"\/mrseavesfractionsfractions.ufo\/glyphs\/aacute.glif","\/mrseavesfractionsfractions.ufo\/glyphs\/acircumflex.glif":"\/mrseavesfractionsfractions.ufo\/glyphs\/acircumflex.glif","\/mrseavesfractionsfractions.ufo\/glyphs\/acute.glif":"\/mrseavesfractionsfractions.ufo\/glyphs\/acute.glif","\/mrseavesfractionsfractions.ufo\/glyphs\/adieresis.glif":"\/mrseavesfractionsfractions.ufo\/glyphs\/adieresis.glif","\/mrseavesfractionsfractions.ufo\/glyphs\/ae.glif":"\/mrseavesfractionsfractions.ufo\/glyphs\/ae.glif","\/mrseavesfractionsfractions.ufo\/glyphs\/agrave.glif":"\/mrseavesfractionsfractions.ufo\/glyphs\/agrave.glif","\/mrseavesfractionsfractions.ufo\/glyphs\/ampersand.glif":"\/mrseavesfractionsfractions.ufo\/glyphs\/ampersand.glif","\/mrseavesfractionsfractions.ufo\/glyphs\/apple.glif":"\/mrseavesfractionsfractions.ufo\/glyphs\/apple.glif","\/mrseavesfractionsfractions.ufo\/glyphs\/approxequal.glif":"\/mrseavesfractionsfractions.ufo\/glyphs\/approxequal.glif","\/mrseavesfractionsfractions.ufo\/glyphs\/aring.glif":"\/mrseavesfractionsfractions.ufo\/glyphs\/aring.glif","\/mrseavesfractionsfractions.ufo\/glyphs\/asciicircum.glif":"\/mrseavesfractionsfractions.ufo\/glyphs\/asciicircum.glif","\/mrseavesfractionsfractions.ufo\/glyphs\/asciitilde.glif":"\/mrseavesfractionsfractions.ufo\/glyphs\/asciitilde.glif","\/mrseavesfractionsfractions.ufo\/glyphs\/asterisk.glif":"\/mrseavesfractionsfractions.ufo\/glyphs\/asterisk.glif","\/mrseavesfractionsfractions.ufo\/glyphs\/at.glif":"\/mrseavesfractionsfractions.ufo\/glyphs\/at.glif","\/mrseavesfractionsfractions.ufo\/glyphs\/atilde.glif":"\/mrseavesfractionsfractions.ufo\/glyphs\/atilde.glif","\/mrseavesfractionsfractions.ufo\/glyphs\/b.glif":"\/mrseavesfractionsfractions.ufo\/glyphs\/b.glif","\/mrseavesfractionsfractions.ufo\/glyphs\/backslash.glif":"\/mrseavesfractionsfractions.ufo\/glyphs\/backslash.glif","\/mrseavesfractionsfractions.ufo\/glyphs\/bar.glif":"\/mrseavesfractionsfractions.ufo\/glyphs\/bar.glif","\/mrseavesfractionsfractions.ufo\/glyphs\/braceleft.glif":"\/mrseavesfractionsfractions.ufo\/glyphs\/braceleft.glif","\/mrseavesfractionsfractions.ufo\/glyphs\/braceright.glif":"\/mrseavesfractionsfractions.ufo\/glyphs\/braceright.glif","\/mrseavesfractionsfractions.ufo\/glyphs\/bracketleft.glif":"\/mrseavesfractionsfractions.ufo\/glyphs\/bracketleft.glif","\/mrseavesfractionsfractions.ufo\/glyphs\/bracketright.glif":"\/mrseavesfractionsfractions.ufo\/glyphs\/bracketright.glif","\/mrseavesfractionsfractions.ufo\/glyphs\/breve.glif":"\/mrseavesfractionsfractions.ufo\/glyphs\/breve.glif","\/mrseavesfractionsfractions.ufo\/glyphs\/brokenbar.glif":"\/mrseavesfractionsfractions.ufo\/glyphs\/brokenbar.glif","\/mrseavesfractionsfractions.ufo\/glyphs\/bullet.glif":"\/mrseavesfractionsfractions.ufo\/glyphs\/bullet.glif","\/mrseavesfractionsfractions.ufo\/glyphs\/c.glif":"\/mrseavesfractionsfractions.ufo\/glyphs\/c.glif","\/mrseavesfractionsfractions.ufo\/glyphs\/caron.glif":"\/mrseavesfractionsfractions.ufo\/glyphs\/caron.glif","\/mrseavesfractionsfractions.ufo\/glyphs\/ccedilla.glif":"\/mrseavesfractionsfractions.ufo\/glyphs\/ccedilla.glif","\/mrseavesfractionsfractions.ufo\/glyphs\/cedilla.glif":"\/mrseavesfractionsfractions.ufo\/glyphs\/cedilla.glif","\/mrseavesfractionsfractions.ufo\/glyphs\/cent.glif":"\/mrseavesfractionsfractions.ufo\/glyphs\/cent.glif","\/mrseavesfractionsfractions.ufo\/glyphs\/circumflex.glif":"\/mrseavesfractionsfractions.ufo\/glyphs\/circumflex.glif","\/mrseavesfractionsfractions.ufo\/glyphs\/colon.glif":"\/mrseavesfractionsfractions.ufo\/glyphs\/colon.glif","\/mrseavesfractionsfractions.ufo\/glyphs\/comma.glif":"\/mrseavesfractionsfractions.ufo\/glyphs\/comma.glif","\/mrseavesfractionsfractions.ufo\/glyphs\/contents.plist":"\/mrseavesfractionsfractions.ufo\/glyphs\/contents.plist","\/mrseavesfractionsfractions.ufo\/glyphs\/copyright.glif":"\/mrseavesfractionsfractions.ufo\/glyphs\/copyright.glif","\/mrseavesfractionsfractions.ufo\/glyphs\/currency.glif":"\/mrseavesfractionsfractions.ufo\/glyphs\/currency.glif","\/mrseavesfractionsfractions.ufo\/glyphs\/d.glif":"\/mrseavesfractionsfractions.ufo\/glyphs\/d.glif","\/mrseavesfractionsfractions.ufo\/glyphs\/dagger.glif":"\/mrseavesfractionsfractions.ufo\/glyphs\/dagger.glif","\/mrseavesfractionsfractions.ufo\/glyphs\/daggerdbl.glif":"\/mrseavesfractionsfractions.ufo\/glyphs\/daggerdbl.glif","\/mrseavesfractionsfractions.ufo\/glyphs\/degree.glif":"\/mrseavesfractionsfractions.ufo\/glyphs\/degree.glif","\/mrseavesfractionsfractions.ufo\/glyphs\/dieresis.glif":"\/mrseavesfractionsfractions.ufo\/glyphs\/dieresis.glif","\/mrseavesfractionsfractions.ufo\/glyphs\/divide.glif":"\/mrseavesfractionsfractions.ufo\/glyphs\/divide.glif","\/mrseavesfractionsfractions.ufo\/glyphs\/dollar.glif":"\/mrseavesfractionsfractions.ufo\/glyphs\/dollar.glif","\/mrseavesfractionsfractions.ufo\/glyphs\/dotaccent.glif":"\/mrseavesfractionsfractions.ufo\/glyphs\/dotaccent.glif","\/mrseavesfractionsfractions.ufo\/glyphs\/dotlessi.glif":"\/mrseavesfractionsfractions.ufo\/glyphs\/dotlessi.glif","\/mrseavesfractionsfractions.ufo\/glyphs\/e.glif":"\/mrseavesfractionsfractions.ufo\/glyphs\/e.glif","\/mrseavesfractionsfractions.ufo\/glyphs\/eacute.glif":"\/mrseavesfractionsfractions.ufo\/glyphs\/eacute.glif","\/mrseavesfractionsfractions.ufo\/glyphs\/ecircumflex.glif":"\/mrseavesfractionsfractions.ufo\/glyphs\/ecircumflex.glif","\/mrseavesfractionsfractions.ufo\/glyphs\/edieresis.glif":"\/mrseavesfractionsfractions.ufo\/glyphs\/edieresis.glif","\/mrseavesfractionsfractions.ufo\/glyphs\/egrave.glif":"\/mrseavesfractionsfractions.ufo\/glyphs\/egrave.glif","\/mrseavesfractionsfractions.ufo\/glyphs\/eight.glif":"\/mrseavesfractionsfractions.ufo\/glyphs\/eight.glif","\/mrseavesfractionsfractions.ufo\/glyphs\/ellipsis.glif":"\/mrseavesfractionsfractions.ufo\/glyphs\/ellipsis.glif","\/mrseavesfractionsfractions.ufo\/glyphs\/emdash.glif":"\/mrseavesfractionsfractions.ufo\/glyphs\/emdash.glif","\/mrseavesfractionsfractions.ufo\/glyphs\/endash.glif":"\/mrseavesfractionsfractions.ufo\/glyphs\/endash.glif","\/mrseavesfractionsfractions.ufo\/glyphs\/equal.glif":"\/mrseavesfractionsfractions.ufo\/glyphs\/equal.glif","\/mrseavesfractionsfractions.ufo\/glyphs\/eth.glif":"\/mrseavesfractionsfractions.ufo\/glyphs\/eth.glif","\/mrseavesfractionsfractions.ufo\/glyphs\/exclam.glif":"\/mrseavesfractionsfractions.ufo\/glyphs\/exclam.glif","\/mrseavesfractionsfractions.ufo\/glyphs\/exclamdown.glif":"\/mrseavesfractionsfractions.ufo\/glyphs\/exclamdown.glif","\/mrseavesfractionsfractions.ufo\/glyphs\/f.glif":"\/mrseavesfractionsfractions.ufo\/glyphs\/f.glif","\/mrseavesfractionsfractions.ufo\/glyphs\/fi.glif":"\/mrseavesfractionsfractions.ufo\/glyphs\/fi.glif","\/mrseavesfractionsfractions.ufo\/glyphs\/five.glif":"\/mrseavesfractionsfractions.ufo\/glyphs\/five.glif","\/mrseavesfractionsfractions.ufo\/glyphs\/fl.glif":"\/mrseavesfractionsfractions.ufo\/glyphs\/fl.glif","\/mrseavesfractionsfractions.ufo\/glyphs\/florin.glif":"\/mrseavesfractionsfractions.ufo\/glyphs\/florin.glif","\/mrseavesfractionsfractions.ufo\/glyphs\/four.glif":"\/mrseavesfractionsfractions.ufo\/glyphs\/four.glif","\/mrseavesfractionsfractions.ufo\/glyphs\/fraction.glif":"\/mrseavesfractionsfractions.ufo\/glyphs\/fraction.glif","\/mrseavesfractionsfractions.ufo\/glyphs\/g.glif":"\/mrseavesfractionsfractions.ufo\/glyphs\/g.glif","\/mrseavesfractionsfractions.ufo\/glyphs\/germandbls.glif":"\/mrseavesfractionsfractions.ufo\/glyphs\/germandbls.glif","\/mrseavesfractionsfractions.ufo\/glyphs\/grave.glif":"\/mrseavesfractionsfractions.ufo\/glyphs\/grave.glif","\/mrseavesfractionsfractions.ufo\/glyphs\/greater.glif":"\/mrseavesfractionsfractions.ufo\/glyphs\/greater.glif","\/mrseavesfractionsfractions.ufo\/glyphs\/greaterequal.glif":"\/mrseavesfractionsfractions.ufo\/glyphs\/greaterequal.glif","\/mrseavesfractionsfractions.ufo\/glyphs\/guillemotleft.glif":"\/mrseavesfractionsfractions.ufo\/glyphs\/guillemotleft.glif","\/mrseavesfractionsfractions.ufo\/glyphs\/guillemotright.glif":"\/mrseavesfractionsfractions.ufo\/glyphs\/guillemotright.glif","\/mrseavesfractionsfractions.ufo\/glyphs\/guilsinglleft.glif":"\/mrseavesfractionsfractions.ufo\/glyphs\/guilsinglleft.glif","\/mrseavesfractionsfractions.ufo\/glyphs\/guilsinglright.glif":"\/mrseavesfractionsfractions.ufo\/glyphs\/guilsinglright.glif","\/mrseavesfractionsfractions.ufo\/glyphs\/h.glif":"\/mrseavesfractionsfractions.ufo\/glyphs\/h.glif","\/mrseavesfractionsfractions.ufo\/glyphs\/hungarumlaut.glif":"\/mrseavesfractionsfractions.ufo\/glyphs\/hungarumlaut.glif","\/mrseavesfractionsfractions.ufo\/glyphs\/hyphen.glif":"\/mrseavesfractionsfractions.ufo\/glyphs\/hyphen.glif","\/mrseavesfractionsfractions.ufo\/glyphs\/i.glif":"\/mrseavesfractionsfractions.ufo\/glyphs\/i.glif","\/mrseavesfractionsfractions.ufo\/glyphs\/iacute.glif":"\/mrseavesfractionsfractions.ufo\/glyphs\/iacute.glif","\/mrseavesfractionsfractions.ufo\/glyphs\/icircumflex.glif":"\/mrseavesfractionsfractions.ufo\/glyphs\/icircumflex.glif","\/mrseavesfractionsfractions.ufo\/glyphs\/idieresis.glif":"\/mrseavesfractionsfractions.ufo\/glyphs\/idieresis.glif","\/mrseavesfractionsfractions.ufo\/glyphs\/igrave.glif":"\/mrseavesfractionsfractions.ufo\/glyphs\/igrave.glif","\/mrseavesfractionsfractions.ufo\/glyphs\/infinity.glif":"\/mrseavesfractionsfractions.ufo\/glyphs\/infinity.glif","\/mrseavesfractionsfractions.ufo\/glyphs\/integral.glif":"\/mrseavesfractionsfractions.ufo\/glyphs\/integral.glif","\/mrseavesfractionsfractions.ufo\/glyphs\/j.glif":"\/mrseavesfractionsfractions.ufo\/glyphs\/j.glif","\/mrseavesfractionsfractions.ufo\/glyphs\/k.glif":"\/mrseavesfractionsfractions.ufo\/glyphs\/k.glif","\/mrseavesfractionsfractions.ufo\/glyphs\/l.glif":"\/mrseavesfractionsfractions.ufo\/glyphs\/l.glif","\/mrseavesfractionsfractions.ufo\/glyphs\/less.glif":"\/mrseavesfractionsfractions.ufo\/glyphs\/less.glif","\/mrseavesfractionsfractions.ufo\/glyphs\/lessequal.glif":"\/mrseavesfractionsfractions.ufo\/glyphs\/lessequal.glif","\/mrseavesfractionsfractions.ufo\/glyphs\/logicalnot.glif":"\/mrseavesfractionsfractions.ufo\/glyphs\/logicalnot.glif","\/mrseavesfractionsfractions.ufo\/glyphs\/lozenge.glif":"\/mrseavesfractionsfractions.ufo\/glyphs\/lozenge.glif","\/mrseavesfractionsfractions.ufo\/glyphs\/lslash.glif":"\/mrseavesfractionsfractions.ufo\/glyphs\/lslash.glif","\/mrseavesfractionsfractions.ufo\/glyphs\/m.glif":"\/mrseavesfractionsfractions.ufo\/glyphs\/m.glif","\/mrseavesfractionsfractions.ufo\/glyphs\/macron.glif":"\/mrseavesfractionsfractions.ufo\/glyphs\/macron.glif","\/mrseavesfractionsfractions.ufo\/glyphs\/minus.glif":"\/mrseavesfractionsfractions.ufo\/glyphs\/minus.glif","\/mrseavesfractionsfractions.ufo\/glyphs\/mu.glif":"\/mrseavesfractionsfractions.ufo\/glyphs\/mu.glif","\/mrseavesfractionsfractions.ufo\/glyphs\/multiply.glif":"\/mrseavesfractionsfractions.ufo\/glyphs\/multiply.glif","\/mrseavesfractionsfractions.ufo\/glyphs\/n.glif":"\/mrseavesfractionsfractions.ufo\/glyphs\/n.glif","\/mrseavesfractionsfractions.ufo\/glyphs\/nbspace.glif":"\/mrseavesfractionsfractions.ufo\/glyphs\/nbspace.glif","\/mrseavesfractionsfractions.ufo\/glyphs\/nine.glif":"\/mrseavesfractionsfractions.ufo\/glyphs\/nine.glif","\/mrseavesfractionsfractions.ufo\/glyphs\/notequal.glif":"\/mrseavesfractionsfractions.ufo\/glyphs\/notequal.glif","\/mrseavesfractionsfractions.ufo\/glyphs\/ntilde.glif":"\/mrseavesfractionsfractions.ufo\/glyphs\/ntilde.glif","\/mrseavesfractionsfractions.ufo\/glyphs\/numbersign.glif":"\/mrseavesfractionsfractions.ufo\/glyphs\/numbersign.glif","\/mrseavesfractionsfractions.ufo\/glyphs\/o.glif":"\/mrseavesfractionsfractions.ufo\/glyphs\/o.glif","\/mrseavesfractionsfractions.ufo\/glyphs\/oacute.glif":"\/mrseavesfractionsfractions.ufo\/glyphs\/oacute.glif","\/mrseavesfractionsfractions.ufo\/glyphs\/ocircumflex.glif":"\/mrseavesfractionsfractions.ufo\/glyphs\/ocircumflex.glif","\/mrseavesfractionsfractions.ufo\/glyphs\/odieresis.glif":"\/mrseavesfractionsfractions.ufo\/glyphs\/odieresis.glif","\/mrseavesfractionsfractions.ufo\/glyphs\/oe.glif":"\/mrseavesfractionsfractions.ufo\/glyphs\/oe.glif","\/mrseavesfractionsfractions.ufo\/glyphs\/ogonek.glif":"\/mrseavesfractionsfractions.ufo\/glyphs\/ogonek.glif","\/mrseavesfractionsfractions.ufo\/glyphs\/ograve.glif":"\/mrseavesfractionsfractions.ufo\/glyphs\/ograve.glif","\/mrseavesfractionsfractions.ufo\/glyphs\/one.glif":"\/mrseavesfractionsfractions.ufo\/glyphs\/one.glif","\/mrseavesfractionsfractions.ufo\/glyphs\/onehalf.glif":"\/mrseavesfractionsfractions.ufo\/glyphs\/onehalf.glif","\/mrseavesfractionsfractions.ufo\/glyphs\/onequarter.glif":"\/mrseavesfractionsfractions.ufo\/glyphs\/onequarter.glif","\/mrseavesfractionsfractions.ufo\/glyphs\/onesuperior.glif":"\/mrseavesfractionsfractions.ufo\/glyphs\/onesuperior.glif","\/mrseavesfractionsfractions.ufo\/glyphs\/ordfeminine.glif":"\/mrseavesfractionsfractions.ufo\/glyphs\/ordfeminine.glif","\/mrseavesfractionsfractions.ufo\/glyphs\/ordmasculine.glif":"\/mrseavesfractionsfractions.ufo\/glyphs\/ordmasculine.glif","\/mrseavesfractionsfractions.ufo\/glyphs\/oslash.glif":"\/mrseavesfractionsfractions.ufo\/glyphs\/oslash.glif","\/mrseavesfractionsfractions.ufo\/glyphs\/otilde.glif":"\/mrseavesfractionsfractions.ufo\/glyphs\/otilde.glif","\/mrseavesfractionsfractions.ufo\/glyphs\/p.glif":"\/mrseavesfractionsfractions.ufo\/glyphs\/p.glif","\/mrseavesfractionsfractions.ufo\/glyphs\/paragraph.glif":"\/mrseavesfractionsfractions.ufo\/glyphs\/paragraph.glif","\/mrseavesfractionsfractions.ufo\/glyphs\/parenleft.glif":"\/mrseavesfractionsfractions.ufo\/glyphs\/parenleft.glif","\/mrseavesfractionsfractions.ufo\/glyphs\/parenright.glif":"\/mrseavesfractionsfractions.ufo\/glyphs\/parenright.glif","\/mrseavesfractionsfractions.ufo\/glyphs\/partialdiff.glif":"\/mrseavesfractionsfractions.ufo\/glyphs\/partialdiff.glif","\/mrseavesfractionsfractions.ufo\/glyphs\/percent.glif":"\/mrseavesfractionsfractions.ufo\/glyphs\/percent.glif","\/mrseavesfractionsfractions.ufo\/glyphs\/period.glif":"\/mrseavesfractionsfractions.ufo\/glyphs\/period.glif","\/mrseavesfractionsfractions.ufo\/glyphs\/periodcentered.glif":"\/mrseavesfractionsfractions.ufo\/glyphs\/periodcentered.glif","\/mrseavesfractionsfractions.ufo\/glyphs\/perthousand.glif":"\/mrseavesfractionsfractions.ufo\/glyphs\/perthousand.glif","\/mrseavesfractionsfractions.ufo\/glyphs\/pi.glif":"\/mrseavesfractionsfractions.ufo\/glyphs\/pi.glif","\/mrseavesfractionsfractions.ufo\/glyphs\/plus.glif":"\/mrseavesfractionsfractions.ufo\/glyphs\/plus.glif","\/mrseavesfractionsfractions.ufo\/glyphs\/plusminus.glif":"\/mrseavesfractionsfractions.ufo\/glyphs\/plusminus.glif","\/mrseavesfractionsfractions.ufo\/glyphs\/product.glif":"\/mrseavesfractionsfractions.ufo\/glyphs\/product.glif","\/mrseavesfractionsfractions.ufo\/glyphs\/q.glif":"\/mrseavesfractionsfractions.ufo\/glyphs\/q.glif","\/mrseavesfractionsfractions.ufo\/glyphs\/question.glif":"\/mrseavesfractionsfractions.ufo\/glyphs\/question.glif","\/mrseavesfractionsfractions.ufo\/glyphs\/questiondown.glif":"\/mrseavesfractionsfractions.ufo\/glyphs\/questiondown.glif","\/mrseavesfractionsfractions.ufo\/glyphs\/quotedbl.glif":"\/mrseavesfractionsfractions.ufo\/glyphs\/quotedbl.glif","\/mrseavesfractionsfractions.ufo\/glyphs\/quotedblbase.glif":"\/mrseavesfractionsfractions.ufo\/glyphs\/quotedblbase.glif","\/mrseavesfractionsfractions.ufo\/glyphs\/quotedblleft.glif":"\/mrseavesfractionsfractions.ufo\/glyphs\/quotedblleft.glif","\/mrseavesfractionsfractions.ufo\/glyphs\/quotedblright.glif":"\/mrseavesfractionsfractions.ufo\/glyphs\/quotedblright.glif","\/mrseavesfractionsfractions.ufo\/glyphs\/quoteleft.glif":"\/mrseavesfractionsfractions.ufo\/glyphs\/quoteleft.glif","\/mrseavesfractionsfractions.ufo\/glyphs\/quoteright.glif":"\/mrseavesfractionsfractions.ufo\/glyphs\/quoteright.glif","\/mrseavesfractionsfractions.ufo\/glyphs\/quotesinglbase.glif":"\/mrseavesfractionsfractions.ufo\/glyphs\/quotesinglbase.glif","\/mrseavesfractionsfractions.ufo\/glyphs\/quotesingle.glif":"\/mrseavesfractionsfractions.ufo\/glyphs\/quotesingle.glif","\/mrseavesfractionsfractions.ufo\/glyphs\/r.glif":"\/mrseavesfractionsfractions.ufo\/glyphs\/r.glif","\/mrseavesfractionsfractions.ufo\/glyphs\/radical.glif":"\/mrseavesfractionsfractions.ufo\/glyphs\/radical.glif","\/mrseavesfractionsfractions.ufo\/glyphs\/registered.glif":"\/mrseavesfractionsfractions.ufo\/glyphs\/registered.glif","\/mrseavesfractionsfractions.ufo\/glyphs\/ring.glif":"\/mrseavesfractionsfractions.ufo\/glyphs\/ring.glif","\/mrseavesfractionsfractions.ufo\/glyphs\/s.glif":"\/mrseavesfractionsfractions.ufo\/glyphs\/s.glif","\/mrseavesfractionsfractions.ufo\/glyphs\/scaron.glif":"\/mrseavesfractionsfractions.ufo\/glyphs\/scaron.glif","\/mrseavesfractionsfractions.ufo\/glyphs\/section.glif":"\/mrseavesfractionsfractions.ufo\/glyphs\/section.glif","\/mrseavesfractionsfractions.ufo\/glyphs\/semicolon.glif":"\/mrseavesfractionsfractions.ufo\/glyphs\/semicolon.glif","\/mrseavesfractionsfractions.ufo\/glyphs\/seven.glif":"\/mrseavesfractionsfractions.ufo\/glyphs\/seven.glif","\/mrseavesfractionsfractions.ufo\/glyphs\/six.glif":"\/mrseavesfractionsfractions.ufo\/glyphs\/six.glif","\/mrseavesfractionsfractions.ufo\/glyphs\/slash.glif":"\/mrseavesfractionsfractions.ufo\/glyphs\/slash.glif","\/mrseavesfractionsfractions.ufo\/glyphs\/space.glif":"\/mrseavesfractionsfractions.ufo\/glyphs\/space.glif","\/mrseavesfractionsfractions.ufo\/glyphs\/sterling.glif":"\/mrseavesfractionsfractions.ufo\/glyphs\/sterling.glif","\/mrseavesfractionsfractions.ufo\/glyphs\/summation.glif":"\/mrseavesfractionsfractions.ufo\/glyphs\/summation.glif","\/mrseavesfractionsfractions.ufo\/glyphs\/t.glif":"\/mrseavesfractionsfractions.ufo\/glyphs\/t.glif","\/mrseavesfractionsfractions.ufo\/glyphs\/thorn.glif":"\/mrseavesfractionsfractions.ufo\/glyphs\/thorn.glif","\/mrseavesfractionsfractions.ufo\/glyphs\/three.glif":"\/mrseavesfractionsfractions.ufo\/glyphs\/three.glif","\/mrseavesfractionsfractions.ufo\/glyphs\/threequarters.glif":"\/mrseavesfractionsfractions.ufo\/glyphs\/threequarters.glif","\/mrseavesfractionsfractions.ufo\/glyphs\/threesuperior.glif":"\/mrseavesfractionsfractions.ufo\/glyphs\/threesuperior.glif","\/mrseavesfractionsfractions.ufo\/glyphs\/tilde.glif":"\/mrseavesfractionsfractions.ufo\/glyphs\/tilde.glif","\/mrseavesfractionsfractions.ufo\/glyphs\/trademark.glif":"\/mrseavesfractionsfractions.ufo\/glyphs\/trademark.glif","\/mrseavesfractionsfractions.ufo\/glyphs\/two.glif":"\/mrseavesfractionsfractions.ufo\/glyphs\/two.glif","\/mrseavesfractionsfractions.ufo\/glyphs\/twosuperior.glif":"\/mrseavesfractionsfractions.ufo\/glyphs\/twosuperior.glif","\/mrseavesfractionsfractions.ufo\/glyphs\/u.glif":"\/mrseavesfractionsfractions.ufo\/glyphs\/u.glif","\/mrseavesfractionsfractions.ufo\/glyphs\/uacute.glif":"\/mrseavesfractionsfractions.ufo\/glyphs\/uacute.glif","\/mrseavesfractionsfractions.ufo\/glyphs\/ucircumflex.glif":"\/mrseavesfractionsfractions.ufo\/glyphs\/ucircumflex.glif","\/mrseavesfractionsfractions.ufo\/glyphs\/udieresis.glif":"\/mrseavesfractionsfractions.ufo\/glyphs\/udieresis.glif","\/mrseavesfractionsfractions.ufo\/glyphs\/ugrave.glif":"\/mrseavesfractionsfractions.ufo\/glyphs\/ugrave.glif","\/mrseavesfractionsfractions.ufo\/glyphs\/underscore.glif":"\/mrseavesfractionsfractions.ufo\/glyphs\/underscore.glif","\/mrseavesfractionsfractions.ufo\/glyphs\/v.glif":"\/mrseavesfractionsfractions.ufo\/glyphs\/v.glif","\/mrseavesfractionsfractions.ufo\/glyphs\/w.glif":"\/mrseavesfractionsfractions.ufo\/glyphs\/w.glif","\/mrseavesfractionsfractions.ufo\/glyphs\/x.glif":"\/mrseavesfractionsfractions.ufo\/glyphs\/x.glif","\/mrseavesfractionsfractions.ufo\/glyphs\/y.glif":"\/mrseavesfractionsfractions.ufo\/glyphs\/y.glif","\/mrseavesfractionsfractions.ufo\/glyphs\/yacute.glif":"\/mrseavesfractionsfractions.ufo\/glyphs\/yacute.glif","\/mrseavesfractionsfractions.ufo\/glyphs\/ydieresis.glif":"\/mrseavesfractionsfractions.ufo\/glyphs\/ydieresis.glif","\/mrseavesfractionsfractions.ufo\/glyphs\/yen.glif":"\/mrseavesfractionsfractions.ufo\/glyphs\/yen.glif","\/mrseavesfractionsfractions.ufo\/glyphs\/z.glif":"\/mrseavesfractionsfractions.ufo\/glyphs\/z.glif","\/mrseavesfractionsfractions.ufo\/glyphs\/zcaron.glif":"\/mrseavesfractionsfractions.ufo\/glyphs\/zcaron.glif","\/mrseavesfractionsfractions.ufo\/glyphs\/zero.glif":"\/mrseavesfractionsfractions.ufo\/glyphs\/zero.glif"},"Font":{"uploaded":1477674059.1146,"licence":"gpl3","company":"Chronolabs Cooperative","title":"Mrs Eaves Fractions","version":3.002,"date":"Sat Oct 15 02:34:35 2016","creator":"root","type":"1","matrix":"0.001 0 0 0.001 0 0","named":"MrsEavesFractionsFractions","painttype":"0","info":"10 dict dup","name":"MrsEavesFractionsFractions","family":"MrsEavesFractions","weight":"Fractions","fstype":"0","italicangle":"0","underlineposition":"","underlinethickness":""},"Licences":{"":false},"Table":{"FFTM":{"entryLength":16,"tag":"FFTM","checksum":1955372998,"offset":30052,"length":28},"GDEF":{"entryLength":16,"tag":"GDEF","checksum":19922950,"offset":30020,"length":32},"OS\/2":{"entryLength":16,"tag":"OS\/2","checksum":2004564518,"offset":344,"length":86},"cmap":{"entryLength":16,"tag":"cmap","checksum":3475753671,"offset":1444,"length":650},"gasp":{"entryLength":16,"tag":"gasp","checksum":4294901763,"offset":30012,"length":8},"glyf":{"entryLength":16,"tag":"glyf","checksum":3095531393,"offset":2616,"length":25964},"head":{"entryLength":16,"tag":"head","checksum":185325646,"offset":220,"length":54},"hhea":{"entryLength":16,"tag":"hhea","checksum":120128442,"offset":276,"length":36},"hmtx":{"entryLength":16,"tag":"hmtx","checksum":3502581905,"offset":432,"length":1012},"loca":{"entryLength":16,"tag":"loca","checksum":2543301098,"offset":2096,"length":520},"maxp":{"entryLength":16,"tag":"maxp","checksum":21692750,"offset":312,"length":32},"name":{"entryLength":16,"tag":"name","checksum":301889759,"offset":28580,"length":828},"post":{"entryLength":16,"tag":"post","checksum":3003382430,"offset":29408,"length":603}},"UnicodeCharMap":{"32":3,"33":4,"34":5,"35":6,"36":7,"37":8,"38":9,"39":10,"40":11,"41":12,"42":13,"43":14,"44":15,"45":16,"46":17,"47":18,"48":19,"49":20,"50":21,"51":22,"52":23,"53":24,"54":25,"55":26,"56":27,"57":28,"58":29,"59":30,"60":31,"61":32,"62":33,"63":34,"64":35,"65":36,"66":37,"67":38,"68":39,"69":40,"70":41,"71":42,"72":43,"73":44,"74":45,"75":46,"76":47,"77":48,"78":49,"79":50,"80":51,"81":52,"82":53,"83":54,"84":55,"85":56,"86":57,"87":58,"88":59,"89":60,"90":61,"91":62,"92":63,"93":64,"94":65,"95":66,"96":67,"97":68,"98":69,"99":70,"100":71,"101":72,"102":73,"103":74,"104":75,"105":76,"106":77,"107":78,"108":79,"109":80,"110":81,"111":82,"112":83,"113":84,"114":85,"115":86,"116":87,"117":88,"118":89,"119":90,"120":91,"121":92,"122":93,"123":94,"124":95,"125":96,"126":97,"160":98,"161":99,"162":100,"163":101,"164":102,"165":103,"166":104,"167":105,"168":106,"169":107,"170":108,"171":109,"172":110,"174":111,"175":112,"176":113,"177":114,"178":115,"179":116,"180":117,"182":119,"183":120,"184":121,"185":122,"186":123,"187":124,"188":125,"189":126,"190":127,"191":128,"192":129,"193":130,"194":131,"195":132,"196":133,"197":134,"198":135,"199":136,"200":137,"201":138,"202":139,"203":140,"204":141,"205":142,"206":143,"207":144,"208":145,"209":146,"210":147,"211":148,"212":149,"213":150,"214":151,"215":152,"216":153,"217":154,"218":155,"219":156,"220":157,"221":158,"222":159,"223":160,"224":161,"225":162,"226":163,"227":164,"228":165,"229":166,"230":167,"231":168,"232":169,"233":170,"234":171,"235":172,"236":173,"237":174,"238":175,"239":176,"240":177,"241":178,"242":179,"243":180,"244":181,"245":182,"246":183,"247":184,"248":185,"249":186,"250":187,"251":188,"252":189,"253":190,"254":191,"255":192,"305":222,"321":220,"322":223,"338":221,"339":224,"352":225,"353":226,"376":227,"381":228,"382":229,"402":196,"710":211,"711":218,"728":213,"729":214,"730":215,"731":217,"732":212,"733":216,"916":230,"937":231,"956":118,"960":232,"8211":202,"8212":219,"8216":194,"8217":193,"8218":206,"8220":197,"8221":208,"8222":207,"8224":203,"8225":204,"8226":205,"8230":209,"8240":210,"8249":198,"8250":199,"8260":195,"8482":233,"8706":234,"8719":235,"8721":236,"8722":237,"8730":238,"8734":239,"8747":240,"8776":241,"8800":242,"8804":243,"8805":244,"9674":245,"64257":200,"64258":201},"Reserves":{"fontname":"Mrs Eaves Fractions"},"Names":{"Mrs Eaves Fractions":{"name":"Mrs Eaves Fractions","longitude":"0.00000001","latitude":"0.00000001","country":"","region":"","city":""}},"Nodes":{"mr":{"type":"typal","node":"mr","usage":1,"weight":1},"rs":{"type":"typal","node":"rs","usage":1,"weight":1},"ea":{"type":"typal","node":"ea","usage":1,"weight":1},"es":{"type":"typal","node":"es","usage":1,"weight":1},"fr":{"type":"typal","node":"fr","usage":1,"weight":1},"ns":{"type":"typal","node":"ns","usage":1,"weight":1},"eav":{"type":"typal","node":"eav","usage":1,"weight":1},"ves":{"type":"typal","node":"ves","usage":1,"weight":1},"fra":{"type":"typal","node":"fra","usage":1,"weight":1},"ons":{"type":"typal","node":"ons","usage":1,"weight":1},"eave":{"type":"keys","node":"eave","usage":1,"weight":1},"aves":{"type":"keys","node":"aves","usage":1,"weight":1},"frac":{"type":"keys","node":"frac","usage":1,"weight":1},"ions":{"type":"keys","node":"ions","usage":1,"weight":1},"fract":{"type":"keys","node":"fract","usage":1,"weight":1},"tions":{"type":"keys","node":"tions","usage":1,"weight":1},"mrs":{"type":"fixes","node":"mrs","usage":1,"weight":1},"eaves":{"type":"fixes","node":"eaves","usage":1,"weight":1},"fractions":{"type":"fixes","node":"fractions","usage":1,"weight":1}},"Contributors":[],"FontIdentity":"thatcher0:84505bf1e7e10f19ecd0e9","Bytes":null,"Networking":[],"barcode":"12i11iKCqA6GSCi","referee":"m2m84"}