{"CSS":{"B Mashhad BoldItalic":"B+Mashhad+BoldItalic.css"},"FontType":"TrueType","FontCopyright":"(c) 2000 Borna Rayaneh","FontName":"B Mashhad","FontSubfamily":"BoldItalic","FontSubfamilyID":"FontForge 2.0 : B Mashhad BoldItalic : 25-12-2016","FontFullName":"B Mashhad Bold Italic","FontVersion":"Version 2.01 - Build 1379 ","FontWeight":null,"FontPostscriptName":"BMashhadBoldItalic","Files":{"bmasdbdi.afm":"bmasdbdi.afm","bmasdbdi.bin":"bmasdbdi.bin","bmasdbdi.cef":"bmasdbdi.cef","bmasdbdi.cff":"bmasdbdi.cff","bmasdbdi.cid":"bmasdbdi.cid","bmasdbdi.dfont":"bmasdbdi.dfont","bmasdbdi.eot":"bmasdbdi.eot","bmasdbdi.fon":"bmasdbdi.fon","bmasdbdi.gai":"bmasdbdi.gai","bmasdbdi.gsf":"bmasdbdi.gsf","bmasdbdi.hqx":"bmasdbdi.hqx","bmasdbdi.ik":"bmasdbdi.ik","bmasdbdi.mf":"bmasdbdi.mf","bmasdbdi.otf":"bmasdbdi.otf","bmasdbdi.pcf":"bmasdbdi.pcf","bmasdbdi.pf3":"bmasdbdi.pf3","bmasdbdi.pfa":"bmasdbdi.pfa","bmasdbdi.pfb":"bmasdbdi.pfb","bmasdbdi.php":"bmasdbdi.php","bmasdbdi.pmf":"bmasdbdi.pmf","bmasdbdi.pt3":"bmasdbdi.pt3","bmasdbdi.sfd":"bmasdbdi.sfd","bmasdbdi.svg":"bmasdbdi.svg","bmasdbdi.t42":"bmasdbdi.t42","bmasdbdi.ttd":"bmasdbdi.ttd","bmasdbdi.ttf":"bmasdbdi.ttf","bmasdbdi.ttg":"bmasdbdi.ttg","bmasdbdi.ufm":"bmasdbdi.ufm","bmasdbdi.woff":"bmasdbdi.woff","bmasdbdi.z":"bmasdbdi.z","":{"bmasdbdi.afm":"bmasdbdi.afm","bmasdbdi.bin":"bmasdbdi.bin","bmasdbdi.cef":"bmasdbdi.cef","bmasdbdi.cff":"bmasdbdi.cff","bmasdbdi.cid":"bmasdbdi.cid","bmasdbdi.dfont":"bmasdbdi.dfont","bmasdbdi.eot":"bmasdbdi.eot","bmasdbdi.fon":"bmasdbdi.fon","bmasdbdi.gai":"bmasdbdi.gai","bmasdbdi.gsf":"bmasdbdi.gsf","bmasdbdi.hqx":"bmasdbdi.hqx","bmasdbdi.ik":"bmasdbdi.ik","bmasdbdi.mf":"bmasdbdi.mf","bmasdbdi.otf":"bmasdbdi.otf","bmasdbdi.pcf":"bmasdbdi.pcf","bmasdbdi.pf3":"bmasdbdi.pf3","bmasdbdi.pfa":"bmasdbdi.pfa","bmasdbdi.pfb":"bmasdbdi.pfb","bmasdbdi.php":"bmasdbdi.php","bmasdbdi.pmf":"bmasdbdi.pmf","bmasdbdi.pt3":"bmasdbdi.pt3","bmasdbdi.sfd":"bmasdbdi.sfd","bmasdbdi.svg":"bmasdbdi.svg","bmasdbdi.t42":"bmasdbdi.t42","bmasdbdi.ttd":"bmasdbdi.ttd","bmasdbdi.ttf":"bmasdbdi.ttf","bmasdbdi.ttg":"bmasdbdi.ttg","bmasdbdi.ufm":"bmasdbdi.ufm","bmasdbdi.woff":"bmasdbdi.woff","bmasdbdi.z":"bmasdbdi.z"},"\/bmasdbdi.ufo":{"feature.fea":"feature.fea","fontinfo.plist":"fontinfo.plist","groups.plist":"groups.plist","kerning.plist":"kerning.plist","metainfo.plist":"metainfo.plist"},"\/bmasdbdi.ufo\/glyphs":{"H_circumflex.glif":"H_circumflex.glif","_notdef.glif":"_notdef.glif","_null.glif":"_null.glif","asterisk.glif":"asterisk.glif","braceleft.glif":"braceleft.glif","braceright.glif":"braceright.glif","bracketleft.glif":"bracketleft.glif","bracketright.glif":"bracketright.glif","colon.glif":"colon.glif","comma.glif":"comma.glif","contents.plist":"contents.plist","divide.glif":"divide.glif","eight.glif":"eight.glif","equal.glif":"equal.glif","exclam.glif":"exclam.glif","five.glif":"five.glif","four.glif":"four.glif","glyph218.glif":"glyph218.glif","guillemotleft.glif":"guillemotleft.glif","guillemotright.glif":"guillemotright.glif","guilsinglleft.glif":"guilsinglleft.glif","guilsinglright.glif":"guilsinglright.glif","hyphen.glif":"hyphen.glif","lefttoright.glif":"lefttoright.glif","multiply.glif":"multiply.glif","nine.glif":"nine.glif","nonmarkingreturn.glif":"nonmarkingreturn.glif","one.glif":"one.glif","parenleft.glif":"parenleft.glif","parenright.glif":"parenright.glif","percent.glif":"percent.glif","period.glif":"period.glif","periodcentered.glif":"periodcentered.glif","plus.glif":"plus.glif","quotedblleft.glif":"quotedblleft.glif","quotedblright.glif":"quotedblright.glif","quoteleft.glif":"quoteleft.glif","quoteright.glif":"quoteright.glif","righttoleft.glif":"righttoleft.glif","seven.glif":"seven.glif","six.glif":"six.glif","slash.glif":"slash.glif","space.glif":"space.glif","three.glif":"three.glif","two.glif":"two.glif","u060C_.glif":"u060C_.glif","u061B_.glif":"u061B_.glif","u061F_.glif":"u061F_.glif","u0621.glif":"u0621.glif","u0622.glif":"u0622.glif","u0623.glif":"u0623.glif","u0624.glif":"u0624.glif","u0625.glif":"u0625.glif","u0626.glif":"u0626.glif","u0627.glif":"u0627.glif","u0628.glif":"u0628.glif","u0629.glif":"u0629.glif","u062A_.glif":"u062A_.glif","u062B_.glif":"u062B_.glif","u062C_.glif":"u062C_.glif","u062D_.glif":"u062D_.glif","u062E_.glif":"u062E_.glif","u062F_.glif":"u062F_.glif","u0630.glif":"u0630.glif","u0631.glif":"u0631.glif","u0632.glif":"u0632.glif","u0633.glif":"u0633.glif","u0634.glif":"u0634.glif","u0635.glif":"u0635.glif","u0636.glif":"u0636.glif","u0637.glif":"u0637.glif","u0638.glif":"u0638.glif","u0639.glif":"u0639.glif","u063A_.glif":"u063A_.glif","u0640.glif":"u0640.glif","u0641.glif":"u0641.glif","u0642.glif":"u0642.glif","u0643.glif":"u0643.glif","u0644.glif":"u0644.glif","u0645.glif":"u0645.glif","u0646.glif":"u0646.glif","u0647.glif":"u0647.glif","u0648.glif":"u0648.glif","u0649.glif":"u0649.glif","u064A_.glif":"u064A_.glif","u064B_.glif":"u064B_.glif","u064C_.glif":"u064C_.glif","u064D_.glif":"u064D_.glif","u064E_.glif":"u064E_.glif","u064F_.glif":"u064F_.glif","u0650.glif":"u0650.glif","u0651.glif":"u0651.glif","u0652.glif":"u0652.glif","u0652_u064B_.liga.glif":"u0652_u064B_.liga.glif","u0652_u064D_.liga.glif":"u0652_u064D_.liga.glif","u0652_u064E_.liga.glif":"u0652_u064E_.liga.glif","u067E_.glif":"u067E_.glif","u0686.glif":"u0686.glif","u0698.glif":"u0698.glif","u06A_F_.glif":"u06A_F_.glif","uE_818.glif":"uE_818.glif","uE_820.glif":"uE_820.glif","uE_821.glif":"uE_821.glif","uE_822.glif":"uE_822.glif","uE_823.glif":"uE_823.glif","uE_824.glif":"uE_824.glif","uE_825.glif":"uE_825.glif","uE_826.glif":"uE_826.glif","uE_827.glif":"uE_827.glif","uE_828.glif":"uE_828.glif","uE_829.glif":"uE_829.glif","uE_82A_.glif":"uE_82A_.glif","uE_82B_.glif":"uE_82B_.glif","uE_82C_.glif":"uE_82C_.glif","uE_82D_.glif":"uE_82D_.glif","uF_B_57.glif":"uF_B_57.glif","uF_B_58.glif":"uF_B_58.glif","uF_B_59.glif":"uF_B_59.glif","uF_B_7B_.glif":"uF_B_7B_.glif","uF_B_7C_.glif":"uF_B_7C_.glif","uF_B_7D_.glif":"uF_B_7D_.glif","uF_B_8B_.glif":"uF_B_8B_.glif","uF_B_93.glif":"uF_B_93.glif","uF_B_94.glif":"uF_B_94.glif","uF_B_95.glif":"uF_B_95.glif","uF_C_5E_.glif":"uF_C_5E_.glif","uF_C_5F_.glif":"uF_C_5F_.glif","uF_C_60.glif":"uF_C_60.glif","uF_C_61.glif":"uF_C_61.glif","uF_C_62.glif":"uF_C_62.glif","uF_D_F_2.glif":"uF_D_F_2.glif","uF_E_84.glif":"uF_E_84.glif","uF_E_86.glif":"uF_E_86.glif","uF_E_88.glif":"uF_E_88.glif","uF_E_8A_.glif":"uF_E_8A_.glif","uF_E_8B_.glif":"uF_E_8B_.glif","uF_E_8C_.glif":"uF_E_8C_.glif","uF_E_8E_.glif":"uF_E_8E_.glif","uF_E_90.glif":"uF_E_90.glif","uF_E_91.glif":"uF_E_91.glif","uF_E_92.glif":"uF_E_92.glif","uF_E_94.glif":"uF_E_94.glif","uF_E_96.glif":"uF_E_96.glif","uF_E_97.glif":"uF_E_97.glif","uF_E_98.glif":"uF_E_98.glif","uF_E_9A_.glif":"uF_E_9A_.glif","uF_E_9B_.glif":"uF_E_9B_.glif","uF_E_9C_.glif":"uF_E_9C_.glif","uF_E_9E_.glif":"uF_E_9E_.glif","uF_E_9F_.glif":"uF_E_9F_.glif","uF_E_A_0.glif":"uF_E_A_0.glif","uF_E_A_2.glif":"uF_E_A_2.glif","uF_E_A_3.glif":"uF_E_A_3.glif","uF_E_A_4.glif":"uF_E_A_4.glif","uF_E_A_6.glif":"uF_E_A_6.glif","uF_E_A_7.glif":"uF_E_A_7.glif","uF_E_A_8.glif":"uF_E_A_8.glif","uF_E_A_A_.glif":"uF_E_A_A_.glif","uF_E_A_C_.glif":"uF_E_A_C_.glif","uF_E_A_E_.glif":"uF_E_A_E_.glif","uF_E_B_0.glif":"uF_E_B_0.glif","uF_E_B_2.glif":"uF_E_B_2.glif","uF_E_B_3.glif":"uF_E_B_3.glif","uF_E_B_4.glif":"uF_E_B_4.glif","uF_E_B_6.glif":"uF_E_B_6.glif","uF_E_B_7.glif":"uF_E_B_7.glif","uF_E_B_8.glif":"uF_E_B_8.glif","uF_E_B_A_.glif":"uF_E_B_A_.glif","uF_E_B_B_.glif":"uF_E_B_B_.glif","uF_E_B_C_.glif":"uF_E_B_C_.glif","uF_E_B_E_.glif":"uF_E_B_E_.glif","uF_E_B_F_.glif":"uF_E_B_F_.glif","uF_E_C_0.glif":"uF_E_C_0.glif","uF_E_C_2.glif":"uF_E_C_2.glif","uF_E_C_3.glif":"uF_E_C_3.glif","uF_E_C_4.glif":"uF_E_C_4.glif","uF_E_C_6.glif":"uF_E_C_6.glif","uF_E_C_7.glif":"uF_E_C_7.glif","uF_E_C_8.glif":"uF_E_C_8.glif","uF_E_C_A_.glif":"uF_E_C_A_.glif","uF_E_C_B_.glif":"uF_E_C_B_.glif","uF_E_C_C_.glif":"uF_E_C_C_.glif","uF_E_C_E_.glif":"uF_E_C_E_.glif","uF_E_C_F_.glif":"uF_E_C_F_.glif","uF_E_D_0.glif":"uF_E_D_0.glif","uF_E_D_2.glif":"uF_E_D_2.glif","uF_E_D_3.glif":"uF_E_D_3.glif","uF_E_D_4.glif":"uF_E_D_4.glif","uF_E_D_6.glif":"uF_E_D_6.glif","uF_E_D_7.glif":"uF_E_D_7.glif","uF_E_D_8.glif":"uF_E_D_8.glif","uF_E_D_A_.glif":"uF_E_D_A_.glif","uF_E_D_B_.glif":"uF_E_D_B_.glif","uF_E_D_C_.glif":"uF_E_D_C_.glif","uF_E_D_E_.glif":"uF_E_D_E_.glif","uF_E_D_F_.glif":"uF_E_D_F_.glif","uF_E_E_0.glif":"uF_E_E_0.glif","uF_E_E_2.glif":"uF_E_E_2.glif","uF_E_E_3.glif":"uF_E_E_3.glif","uF_E_E_4.glif":"uF_E_E_4.glif","uF_E_E_6.glif":"uF_E_E_6.glif","uF_E_E_7.glif":"uF_E_E_7.glif","uF_E_E_8.glif":"uF_E_E_8.glif","uF_E_E_A_.glif":"uF_E_E_A_.glif","uF_E_E_B_.glif":"uF_E_E_B_.glif","uF_E_E_C_.glif":"uF_E_E_C_.glif","uF_E_E_E_.glif":"uF_E_E_E_.glif","uF_E_F_0.glif":"uF_E_F_0.glif","uF_E_F_2.glif":"uF_E_F_2.glif","uF_E_F_3.glif":"uF_E_F_3.glif","uF_E_F_4.glif":"uF_E_F_4.glif","uF_E_F_5.glif":"uF_E_F_5.glif","uF_E_F_6.glif":"uF_E_F_6.glif","uF_E_F_7.glif":"uF_E_F_7.glif","uF_E_F_8.glif":"uF_E_F_8.glif","uF_E_F_9.glif":"uF_E_F_9.glif","uF_E_F_A_.glif":"uF_E_F_A_.glif","uF_E_F_B_.glif":"uF_E_F_B_.glif","uF_E_F_C_.glif":"uF_E_F_C_.glif","zero.glif":"zero.glif","zerojoin.glif":"zerojoin.glif","zeronojoin.glif":"zeronojoin.glif"}},"Font":{"uploaded":1482621737.4151,"licence":"gpl3","company":"Chronolabs Cooperative","title":"BMashhad Bold Italic","version":2.001,"date":"Fri Oct 14 23:32:35 2016","creator":"root","type":"1","matrix":"0.000488281 0 0 0.000488281 0 0","named":"BMashhadBoldItalic","painttype":"0","info":"10 dict dup","name":"B Mashhad BoldItalic","family":"B Mashhad","weight":"Bold","fstype":"0","italicangle":"0","underlineposition":"","underlinethickness":""},"Table":{"FFTM":{"entryLength":16,"tag":"FFTM","checksum":1955243160,"offset":47544,"length":28},"GDEF":{"entryLength":16,"tag":"GDEF","checksum":17432580,"offset":47512,"length":32},"OS\/2":{"entryLength":16,"tag":"OS\/2","checksum":2289597520,"offset":344,"length":86},"cmap":{"entryLength":16,"tag":"cmap","checksum":3758296224,"offset":1312,"length":982},"gasp":{"entryLength":16,"tag":"gasp","checksum":4294901763,"offset":47504,"length":8},"glyf":{"entryLength":16,"tag":"glyf","checksum":2717296524,"offset":2740,"length":42484},"head":{"entryLength":16,"tag":"head","checksum":282505828,"offset":220,"length":54},"hhea":{"entryLength":16,"tag":"hhea","checksum":253427710,"offset":276,"length":36},"hmtx":{"entryLength":16,"tag":"hmtx","checksum":2009471827,"offset":432,"length":878},"loca":{"entryLength":16,"tag":"loca","checksum":418333564,"offset":2296,"length":444},"maxp":{"entryLength":16,"tag":"maxp","checksum":19398840,"offset":312,"length":32},"name":{"entryLength":16,"tag":"name","checksum":2281494405,"offset":45224,"length":657},"post":{"entryLength":16,"tag":"post","checksum":3543695010,"offset":45884,"length":1618}},"UnicodeCharMap":{"0":1,"13":2,"32":3,"33":4,"37":5,"40":6,"41":7,"42":8,"43":9,"44":10,"45":11,"46":12,"47":13,"48":14,"49":15,"50":16,"51":17,"52":18,"53":19,"54":20,"55":21,"56":22,"57":23,"58":24,"61":25,"91":26,"93":27,"123":28,"125":29,"171":30,"183":31,"187":32,"215":33,"247":34,"292":79,"1548":45,"1563":46,"1567":47,"1569":77,"1570":78,"1571":80,"1572":82,"1573":84,"1574":86,"1575":90,"1576":92,"1577":200,"1578":100,"1579":104,"1580":108,"1581":116,"1582":120,"1583":124,"1584":126,"1585":128,"1586":130,"1587":134,"1588":138,"1589":142,"1590":146,"1591":150,"1592":154,"1593":158,"1594":162,"1600":48,"1601":166,"1602":170,"1603":174,"1604":182,"1605":186,"1606":190,"1607":196,"1608":194,"1609":214,"1610":202,"1611":49,"1612":50,"1613":51,"1614":52,"1615":53,"1616":54,"1617":55,"1618":56,"1662":96,"1670":112,"1688":132,"1711":178,"8204":35,"8205":36,"8216":39,"8217":40,"8220":41,"8221":42,"8249":43,"8250":44,"59416":73,"59424":57,"59425":58,"59426":59,"59427":60,"59428":61,"59429":62,"59430":63,"59431":64,"59432":65,"59433":66,"59434":67,"59435":68,"59436":69,"59437":70,"64343":97,"64344":98,"64345":99,"64379":113,"64380":114,"64381":115,"64395":133,"64403":179,"64404":180,"64405":181,"64606":74,"64607":76,"64608":71,"64609":72,"64610":75,"65010":216,"65156":81,"65158":83,"65160":85,"65162":87,"65163":88,"65164":89,"65166":91,"65168":93,"65169":94,"65170":95,"65172":201,"65174":101,"65175":102,"65176":103,"65178":105,"65179":106,"65180":107,"65182":109,"65183":110,"65184":111,"65186":117,"65187":118,"65188":119,"65190":121,"65191":122,"65192":123,"65194":125,"65196":127,"65198":129,"65200":131,"65202":135,"65203":136,"65204":137,"65206":139,"65207":140,"65208":141,"65210":143,"65211":144,"65212":145,"65214":147,"65215":148,"65216":149,"65218":151,"65219":152,"65220":153,"65222":155,"65223":156,"65224":157,"65226":159,"65227":160,"65228":161,"65230":163,"65231":164,"65232":165,"65234":167,"65235":168,"65236":169,"65238":171,"65239":172,"65240":173,"65242":175,"65243":176,"65244":177,"65246":183,"65247":184,"65248":185,"65250":187,"65251":188,"65252":189,"65254":191,"65255":192,"65256":193,"65258":197,"65259":198,"65260":199,"65262":195,"65264":215,"65266":203,"65267":204,"65268":205,"65269":206,"65270":207,"65271":208,"65272":209,"65273":210,"65274":211,"65275":212,"65276":213},"Reserves":null,"Names":[],"Nodes":{"ma":{"type":"typal","node":"ma","usage":1,"weight":1},"ad":{"type":"typal","node":"ad","usage":1,"weight":1},"mas":{"type":"typal","node":"mas","usage":1,"weight":1},"had":{"type":"typal","node":"had","usage":1,"weight":1},"mash":{"type":"keys","node":"mash","usage":1,"weight":1},"hhad":{"type":"keys","node":"hhad","usage":1,"weight":1},"mashh":{"type":"keys","node":"mashh","usage":1,"weight":1},"shhad":{"type":"keys","node":"shhad","usage":1,"weight":1},"b":{"type":"fixes","node":"b","usage":1,"weight":1},"mashhad":{"type":"fixes","node":"mashhad","usage":1,"weight":1}},"Contributors":[],"FontIdentity":"66e00b4b2d8ea9b31db35ae61a311e8d","Bytes":4571776,"Networking":[],"barcode":"qmgygwcckw5ac","referee":"7gam2i7g"}