{"CSS":{"ZeroClosedRegular":"ZeroClosedRegular.css"},"FontType":"TrueType","FontCopyright":"Copyright 2004 Adobe Systems Incorporated. All rights reserved.","FontName":"Zero","FontSubfamily":"ClosedRegular","FontSubfamilyID":"FontForge 2.0 : ZeroClosedRegular : 26-5-2016","FontFullName":"Zero Closed Regular","FontVersion":"Version 1.0 ","FontWeight":null,"FontPostscriptName":"ZeroClosedRegular","Files":{"\/fonts\/Unpacking\/49559bd419cde2454cd68411194e9bd16633ff25\/Font Preview for Zero Closed Regular.gif":"\/fonts\/Unpacking\/49559bd419cde2454cd68411194e9bd16633ff25\/Font Preview for Zero Closed Regular.gif","\/fonts\/Unpacking\/49559bd419cde2454cd68411194e9bd16633ff25\/Font Preview for Zero Closed Regular.jpg":"\/fonts\/Unpacking\/49559bd419cde2454cd68411194e9bd16633ff25\/Font Preview for Zero Closed Regular.jpg","\/fonts\/Unpacking\/49559bd419cde2454cd68411194e9bd16633ff25\/Font Preview for Zero Closed Regular.png":"\/fonts\/Unpacking\/49559bd419cde2454cd68411194e9bd16633ff25\/Font Preview for Zero Closed Regular.png","\/fonts\/Unpacking\/49559bd419cde2454cd68411194e9bd16633ff25\/font-name-banner.gif":"\/fonts\/Unpacking\/49559bd419cde2454cd68411194e9bd16633ff25\/font-name-banner.gif","\/fonts\/Unpacking\/49559bd419cde2454cd68411194e9bd16633ff25\/font-name-banner.jpg":"\/fonts\/Unpacking\/49559bd419cde2454cd68411194e9bd16633ff25\/font-name-banner.jpg","\/fonts\/Unpacking\/49559bd419cde2454cd68411194e9bd16633ff25\/font-name-banner.png":"\/fonts\/Unpacking\/49559bd419cde2454cd68411194e9bd16633ff25\/font-name-banner.png","\/fonts\/Unpacking\/49559bd419cde2454cd68411194e9bd16633ff25\/zeroclosedregular.afm":"\/fonts\/Unpacking\/49559bd419cde2454cd68411194e9bd16633ff25\/zeroclosedregular.afm","\/fonts\/Unpacking\/49559bd419cde2454cd68411194e9bd16633ff25\/zeroclosedregular.bin":"\/fonts\/Unpacking\/49559bd419cde2454cd68411194e9bd16633ff25\/zeroclosedregular.bin","\/fonts\/Unpacking\/49559bd419cde2454cd68411194e9bd16633ff25\/zeroclosedregular.cef":"\/fonts\/Unpacking\/49559bd419cde2454cd68411194e9bd16633ff25\/zeroclosedregular.cef","\/fonts\/Unpacking\/49559bd419cde2454cd68411194e9bd16633ff25\/zeroclosedregular.cff":"\/fonts\/Unpacking\/49559bd419cde2454cd68411194e9bd16633ff25\/zeroclosedregular.cff","\/fonts\/Unpacking\/49559bd419cde2454cd68411194e9bd16633ff25\/zeroclosedregular.cid":"\/fonts\/Unpacking\/49559bd419cde2454cd68411194e9bd16633ff25\/zeroclosedregular.cid","\/fonts\/Unpacking\/49559bd419cde2454cd68411194e9bd16633ff25\/zeroclosedregular.dfont":"\/fonts\/Unpacking\/49559bd419cde2454cd68411194e9bd16633ff25\/zeroclosedregular.dfont","\/fonts\/Unpacking\/49559bd419cde2454cd68411194e9bd16633ff25\/zeroclosedregular.eot":"\/fonts\/Unpacking\/49559bd419cde2454cd68411194e9bd16633ff25\/zeroclosedregular.eot","\/fonts\/Unpacking\/49559bd419cde2454cd68411194e9bd16633ff25\/zeroclosedregular.fon":"\/fonts\/Unpacking\/49559bd419cde2454cd68411194e9bd16633ff25\/zeroclosedregular.fon","\/fonts\/Unpacking\/49559bd419cde2454cd68411194e9bd16633ff25\/zeroclosedregular.gai":"\/fonts\/Unpacking\/49559bd419cde2454cd68411194e9bd16633ff25\/zeroclosedregular.gai","\/fonts\/Unpacking\/49559bd419cde2454cd68411194e9bd16633ff25\/zeroclosedregular.gsf":"\/fonts\/Unpacking\/49559bd419cde2454cd68411194e9bd16633ff25\/zeroclosedregular.gsf","\/fonts\/Unpacking\/49559bd419cde2454cd68411194e9bd16633ff25\/zeroclosedregular.hqx":"\/fonts\/Unpacking\/49559bd419cde2454cd68411194e9bd16633ff25\/zeroclosedregular.hqx","\/fonts\/Unpacking\/49559bd419cde2454cd68411194e9bd16633ff25\/zeroclosedregular.ik":"\/fonts\/Unpacking\/49559bd419cde2454cd68411194e9bd16633ff25\/zeroclosedregular.ik","\/fonts\/Unpacking\/49559bd419cde2454cd68411194e9bd16633ff25\/zeroclosedregular.mf":"\/fonts\/Unpacking\/49559bd419cde2454cd68411194e9bd16633ff25\/zeroclosedregular.mf","\/fonts\/Unpacking\/49559bd419cde2454cd68411194e9bd16633ff25\/zeroclosedregular.otb":"\/fonts\/Unpacking\/49559bd419cde2454cd68411194e9bd16633ff25\/zeroclosedregular.otb","\/fonts\/Unpacking\/49559bd419cde2454cd68411194e9bd16633ff25\/zeroclosedregular.otf":"\/fonts\/Unpacking\/49559bd419cde2454cd68411194e9bd16633ff25\/zeroclosedregular.otf","\/fonts\/Unpacking\/49559bd419cde2454cd68411194e9bd16633ff25\/zeroclosedregular.pcf":"\/fonts\/Unpacking\/49559bd419cde2454cd68411194e9bd16633ff25\/zeroclosedregular.pcf","\/fonts\/Unpacking\/49559bd419cde2454cd68411194e9bd16633ff25\/zeroclosedregular.pf3":"\/fonts\/Unpacking\/49559bd419cde2454cd68411194e9bd16633ff25\/zeroclosedregular.pf3","\/fonts\/Unpacking\/49559bd419cde2454cd68411194e9bd16633ff25\/zeroclosedregular.pfa":"\/fonts\/Unpacking\/49559bd419cde2454cd68411194e9bd16633ff25\/zeroclosedregular.pfa","\/fonts\/Unpacking\/49559bd419cde2454cd68411194e9bd16633ff25\/zeroclosedregular.pfb":"\/fonts\/Unpacking\/49559bd419cde2454cd68411194e9bd16633ff25\/zeroclosedregular.pfb","\/fonts\/Unpacking\/49559bd419cde2454cd68411194e9bd16633ff25\/zeroclosedregular.php":"\/fonts\/Unpacking\/49559bd419cde2454cd68411194e9bd16633ff25\/zeroclosedregular.php","\/fonts\/Unpacking\/49559bd419cde2454cd68411194e9bd16633ff25\/zeroclosedregular.pmf":"\/fonts\/Unpacking\/49559bd419cde2454cd68411194e9bd16633ff25\/zeroclosedregular.pmf","\/fonts\/Unpacking\/49559bd419cde2454cd68411194e9bd16633ff25\/zeroclosedregular.pt3":"\/fonts\/Unpacking\/49559bd419cde2454cd68411194e9bd16633ff25\/zeroclosedregular.pt3","\/fonts\/Unpacking\/49559bd419cde2454cd68411194e9bd16633ff25\/zeroclosedregular.sfd":"\/fonts\/Unpacking\/49559bd419cde2454cd68411194e9bd16633ff25\/zeroclosedregular.sfd","\/fonts\/Unpacking\/49559bd419cde2454cd68411194e9bd16633ff25\/zeroclosedregular.svg":"\/fonts\/Unpacking\/49559bd419cde2454cd68411194e9bd16633ff25\/zeroclosedregular.svg","\/fonts\/Unpacking\/49559bd419cde2454cd68411194e9bd16633ff25\/zeroclosedregular.t42":"\/fonts\/Unpacking\/49559bd419cde2454cd68411194e9bd16633ff25\/zeroclosedregular.t42","\/fonts\/Unpacking\/49559bd419cde2454cd68411194e9bd16633ff25\/zeroclosedregular.ttd":"\/fonts\/Unpacking\/49559bd419cde2454cd68411194e9bd16633ff25\/zeroclosedregular.ttd","\/fonts\/Unpacking\/49559bd419cde2454cd68411194e9bd16633ff25\/zeroclosedregular.ttf":"\/fonts\/Unpacking\/49559bd419cde2454cd68411194e9bd16633ff25\/zeroclosedregular.ttf","\/fonts\/Unpacking\/49559bd419cde2454cd68411194e9bd16633ff25\/zeroclosedregular.ttg":"\/fonts\/Unpacking\/49559bd419cde2454cd68411194e9bd16633ff25\/zeroclosedregular.ttg","\/fonts\/Unpacking\/49559bd419cde2454cd68411194e9bd16633ff25\/zeroclosedregular.ufm":"\/fonts\/Unpacking\/49559bd419cde2454cd68411194e9bd16633ff25\/zeroclosedregular.ufm","\/fonts\/Unpacking\/49559bd419cde2454cd68411194e9bd16633ff25\/zeroclosedregular.woff":"\/fonts\/Unpacking\/49559bd419cde2454cd68411194e9bd16633ff25\/zeroclosedregular.woff","\/fonts\/Unpacking\/49559bd419cde2454cd68411194e9bd16633ff25\/zeroclosedregular.z":"\/fonts\/Unpacking\/49559bd419cde2454cd68411194e9bd16633ff25\/zeroclosedregular.z","\/fonts\/Unpacking\/49559bd419cde2454cd68411194e9bd16633ff25\/zeroclosedregular.ufo\/feature.fea":"\/fonts\/Unpacking\/49559bd419cde2454cd68411194e9bd16633ff25\/zeroclosedregular.ufo\/feature.fea","\/fonts\/Unpacking\/49559bd419cde2454cd68411194e9bd16633ff25\/zeroclosedregular.ufo\/fontinfo.plist":"\/fonts\/Unpacking\/49559bd419cde2454cd68411194e9bd16633ff25\/zeroclosedregular.ufo\/fontinfo.plist","\/fonts\/Unpacking\/49559bd419cde2454cd68411194e9bd16633ff25\/zeroclosedregular.ufo\/groups.plist":"\/fonts\/Unpacking\/49559bd419cde2454cd68411194e9bd16633ff25\/zeroclosedregular.ufo\/groups.plist","\/fonts\/Unpacking\/49559bd419cde2454cd68411194e9bd16633ff25\/zeroclosedregular.ufo\/kerning.plist":"\/fonts\/Unpacking\/49559bd419cde2454cd68411194e9bd16633ff25\/zeroclosedregular.ufo\/kerning.plist","\/fonts\/Unpacking\/49559bd419cde2454cd68411194e9bd16633ff25\/zeroclosedregular.ufo\/metainfo.plist":"\/fonts\/Unpacking\/49559bd419cde2454cd68411194e9bd16633ff25\/zeroclosedregular.ufo\/metainfo.plist","\/fonts\/Unpacking\/49559bd419cde2454cd68411194e9bd16633ff25\/zeroclosedregular.ufo\/glyphs\/A_.glif":"\/fonts\/Unpacking\/49559bd419cde2454cd68411194e9bd16633ff25\/zeroclosedregular.ufo\/glyphs\/A_.glif","\/fonts\/Unpacking\/49559bd419cde2454cd68411194e9bd16633ff25\/zeroclosedregular.ufo\/glyphs\/A_E_.glif":"\/fonts\/Unpacking\/49559bd419cde2454cd68411194e9bd16633ff25\/zeroclosedregular.ufo\/glyphs\/A_E_.glif","\/fonts\/Unpacking\/49559bd419cde2454cd68411194e9bd16633ff25\/zeroclosedregular.ufo\/glyphs\/A_acute.glif":"\/fonts\/Unpacking\/49559bd419cde2454cd68411194e9bd16633ff25\/zeroclosedregular.ufo\/glyphs\/A_acute.glif","\/fonts\/Unpacking\/49559bd419cde2454cd68411194e9bd16633ff25\/zeroclosedregular.ufo\/glyphs\/A_circumflex.glif":"\/fonts\/Unpacking\/49559bd419cde2454cd68411194e9bd16633ff25\/zeroclosedregular.ufo\/glyphs\/A_circumflex.glif","\/fonts\/Unpacking\/49559bd419cde2454cd68411194e9bd16633ff25\/zeroclosedregular.ufo\/glyphs\/A_dieresis.glif":"\/fonts\/Unpacking\/49559bd419cde2454cd68411194e9bd16633ff25\/zeroclosedregular.ufo\/glyphs\/A_dieresis.glif","\/fonts\/Unpacking\/49559bd419cde2454cd68411194e9bd16633ff25\/zeroclosedregular.ufo\/glyphs\/A_grave.glif":"\/fonts\/Unpacking\/49559bd419cde2454cd68411194e9bd16633ff25\/zeroclosedregular.ufo\/glyphs\/A_grave.glif","\/fonts\/Unpacking\/49559bd419cde2454cd68411194e9bd16633ff25\/zeroclosedregular.ufo\/glyphs\/A_ring.glif":"\/fonts\/Unpacking\/49559bd419cde2454cd68411194e9bd16633ff25\/zeroclosedregular.ufo\/glyphs\/A_ring.glif","\/fonts\/Unpacking\/49559bd419cde2454cd68411194e9bd16633ff25\/zeroclosedregular.ufo\/glyphs\/A_tilde.glif":"\/fonts\/Unpacking\/49559bd419cde2454cd68411194e9bd16633ff25\/zeroclosedregular.ufo\/glyphs\/A_tilde.glif","\/fonts\/Unpacking\/49559bd419cde2454cd68411194e9bd16633ff25\/zeroclosedregular.ufo\/glyphs\/B_.glif":"\/fonts\/Unpacking\/49559bd419cde2454cd68411194e9bd16633ff25\/zeroclosedregular.ufo\/glyphs\/B_.glif","\/fonts\/Unpacking\/49559bd419cde2454cd68411194e9bd16633ff25\/zeroclosedregular.ufo\/glyphs\/C_.glif":"\/fonts\/Unpacking\/49559bd419cde2454cd68411194e9bd16633ff25\/zeroclosedregular.ufo\/glyphs\/C_.glif","\/fonts\/Unpacking\/49559bd419cde2454cd68411194e9bd16633ff25\/zeroclosedregular.ufo\/glyphs\/C_cedilla.glif":"\/fonts\/Unpacking\/49559bd419cde2454cd68411194e9bd16633ff25\/zeroclosedregular.ufo\/glyphs\/C_cedilla.glif","\/fonts\/Unpacking\/49559bd419cde2454cd68411194e9bd16633ff25\/zeroclosedregular.ufo\/glyphs\/D_.glif":"\/fonts\/Unpacking\/49559bd419cde2454cd68411194e9bd16633ff25\/zeroclosedregular.ufo\/glyphs\/D_.glif","\/fonts\/Unpacking\/49559bd419cde2454cd68411194e9bd16633ff25\/zeroclosedregular.ufo\/glyphs\/E_.glif":"\/fonts\/Unpacking\/49559bd419cde2454cd68411194e9bd16633ff25\/zeroclosedregular.ufo\/glyphs\/E_.glif","\/fonts\/Unpacking\/49559bd419cde2454cd68411194e9bd16633ff25\/zeroclosedregular.ufo\/glyphs\/E_acute.glif":"\/fonts\/Unpacking\/49559bd419cde2454cd68411194e9bd16633ff25\/zeroclosedregular.ufo\/glyphs\/E_acute.glif","\/fonts\/Unpacking\/49559bd419cde2454cd68411194e9bd16633ff25\/zeroclosedregular.ufo\/glyphs\/E_circumflex.glif":"\/fonts\/Unpacking\/49559bd419cde2454cd68411194e9bd16633ff25\/zeroclosedregular.ufo\/glyphs\/E_circumflex.glif","\/fonts\/Unpacking\/49559bd419cde2454cd68411194e9bd16633ff25\/zeroclosedregular.ufo\/glyphs\/E_dieresis.glif":"\/fonts\/Unpacking\/49559bd419cde2454cd68411194e9bd16633ff25\/zeroclosedregular.ufo\/glyphs\/E_dieresis.glif","\/fonts\/Unpacking\/49559bd419cde2454cd68411194e9bd16633ff25\/zeroclosedregular.ufo\/glyphs\/E_grave.glif":"\/fonts\/Unpacking\/49559bd419cde2454cd68411194e9bd16633ff25\/zeroclosedregular.ufo\/glyphs\/E_grave.glif","\/fonts\/Unpacking\/49559bd419cde2454cd68411194e9bd16633ff25\/zeroclosedregular.ufo\/glyphs\/F_.glif":"\/fonts\/Unpacking\/49559bd419cde2454cd68411194e9bd16633ff25\/zeroclosedregular.ufo\/glyphs\/F_.glif","\/fonts\/Unpacking\/49559bd419cde2454cd68411194e9bd16633ff25\/zeroclosedregular.ufo\/glyphs\/G_.glif":"\/fonts\/Unpacking\/49559bd419cde2454cd68411194e9bd16633ff25\/zeroclosedregular.ufo\/glyphs\/G_.glif","\/fonts\/Unpacking\/49559bd419cde2454cd68411194e9bd16633ff25\/zeroclosedregular.ufo\/glyphs\/H_.glif":"\/fonts\/Unpacking\/49559bd419cde2454cd68411194e9bd16633ff25\/zeroclosedregular.ufo\/glyphs\/H_.glif","\/fonts\/Unpacking\/49559bd419cde2454cd68411194e9bd16633ff25\/zeroclosedregular.ufo\/glyphs\/I_.glif":"\/fonts\/Unpacking\/49559bd419cde2454cd68411194e9bd16633ff25\/zeroclosedregular.ufo\/glyphs\/I_.glif","\/fonts\/Unpacking\/49559bd419cde2454cd68411194e9bd16633ff25\/zeroclosedregular.ufo\/glyphs\/I_acute.glif":"\/fonts\/Unpacking\/49559bd419cde2454cd68411194e9bd16633ff25\/zeroclosedregular.ufo\/glyphs\/I_acute.glif","\/fonts\/Unpacking\/49559bd419cde2454cd68411194e9bd16633ff25\/zeroclosedregular.ufo\/glyphs\/I_circumflex.glif":"\/fonts\/Unpacking\/49559bd419cde2454cd68411194e9bd16633ff25\/zeroclosedregular.ufo\/glyphs\/I_circumflex.glif","\/fonts\/Unpacking\/49559bd419cde2454cd68411194e9bd16633ff25\/zeroclosedregular.ufo\/glyphs\/I_dieresis.glif":"\/fonts\/Unpacking\/49559bd419cde2454cd68411194e9bd16633ff25\/zeroclosedregular.ufo\/glyphs\/I_dieresis.glif","\/fonts\/Unpacking\/49559bd419cde2454cd68411194e9bd16633ff25\/zeroclosedregular.ufo\/glyphs\/I_grave.glif":"\/fonts\/Unpacking\/49559bd419cde2454cd68411194e9bd16633ff25\/zeroclosedregular.ufo\/glyphs\/I_grave.glif","\/fonts\/Unpacking\/49559bd419cde2454cd68411194e9bd16633ff25\/zeroclosedregular.ufo\/glyphs\/J_.glif":"\/fonts\/Unpacking\/49559bd419cde2454cd68411194e9bd16633ff25\/zeroclosedregular.ufo\/glyphs\/J_.glif","\/fonts\/Unpacking\/49559bd419cde2454cd68411194e9bd16633ff25\/zeroclosedregular.ufo\/glyphs\/K_.glif":"\/fonts\/Unpacking\/49559bd419cde2454cd68411194e9bd16633ff25\/zeroclosedregular.ufo\/glyphs\/K_.glif","\/fonts\/Unpacking\/49559bd419cde2454cd68411194e9bd16633ff25\/zeroclosedregular.ufo\/glyphs\/L_.glif":"\/fonts\/Unpacking\/49559bd419cde2454cd68411194e9bd16633ff25\/zeroclosedregular.ufo\/glyphs\/L_.glif","\/fonts\/Unpacking\/49559bd419cde2454cd68411194e9bd16633ff25\/zeroclosedregular.ufo\/glyphs\/M_.glif":"\/fonts\/Unpacking\/49559bd419cde2454cd68411194e9bd16633ff25\/zeroclosedregular.ufo\/glyphs\/M_.glif","\/fonts\/Unpacking\/49559bd419cde2454cd68411194e9bd16633ff25\/zeroclosedregular.ufo\/glyphs\/N_.glif":"\/fonts\/Unpacking\/49559bd419cde2454cd68411194e9bd16633ff25\/zeroclosedregular.ufo\/glyphs\/N_.glif","\/fonts\/Unpacking\/49559bd419cde2454cd68411194e9bd16633ff25\/zeroclosedregular.ufo\/glyphs\/N_tilde.glif":"\/fonts\/Unpacking\/49559bd419cde2454cd68411194e9bd16633ff25\/zeroclosedregular.ufo\/glyphs\/N_tilde.glif","\/fonts\/Unpacking\/49559bd419cde2454cd68411194e9bd16633ff25\/zeroclosedregular.ufo\/glyphs\/O_.glif":"\/fonts\/Unpacking\/49559bd419cde2454cd68411194e9bd16633ff25\/zeroclosedregular.ufo\/glyphs\/O_.glif","\/fonts\/Unpacking\/49559bd419cde2454cd68411194e9bd16633ff25\/zeroclosedregular.ufo\/glyphs\/O_E_.glif":"\/fonts\/Unpacking\/49559bd419cde2454cd68411194e9bd16633ff25\/zeroclosedregular.ufo\/glyphs\/O_E_.glif","\/fonts\/Unpacking\/49559bd419cde2454cd68411194e9bd16633ff25\/zeroclosedregular.ufo\/glyphs\/O_acute.glif":"\/fonts\/Unpacking\/49559bd419cde2454cd68411194e9bd16633ff25\/zeroclosedregular.ufo\/glyphs\/O_acute.glif","\/fonts\/Unpacking\/49559bd419cde2454cd68411194e9bd16633ff25\/zeroclosedregular.ufo\/glyphs\/O_circumflex.glif":"\/fonts\/Unpacking\/49559bd419cde2454cd68411194e9bd16633ff25\/zeroclosedregular.ufo\/glyphs\/O_circumflex.glif","\/fonts\/Unpacking\/49559bd419cde2454cd68411194e9bd16633ff25\/zeroclosedregular.ufo\/glyphs\/O_dieresis.glif":"\/fonts\/Unpacking\/49559bd419cde2454cd68411194e9bd16633ff25\/zeroclosedregular.ufo\/glyphs\/O_dieresis.glif","\/fonts\/Unpacking\/49559bd419cde2454cd68411194e9bd16633ff25\/zeroclosedregular.ufo\/glyphs\/O_grave.glif":"\/fonts\/Unpacking\/49559bd419cde2454cd68411194e9bd16633ff25\/zeroclosedregular.ufo\/glyphs\/O_grave.glif","\/fonts\/Unpacking\/49559bd419cde2454cd68411194e9bd16633ff25\/zeroclosedregular.ufo\/glyphs\/O_slash.glif":"\/fonts\/Unpacking\/49559bd419cde2454cd68411194e9bd16633ff25\/zeroclosedregular.ufo\/glyphs\/O_slash.glif","\/fonts\/Unpacking\/49559bd419cde2454cd68411194e9bd16633ff25\/zeroclosedregular.ufo\/glyphs\/O_tilde.glif":"\/fonts\/Unpacking\/49559bd419cde2454cd68411194e9bd16633ff25\/zeroclosedregular.ufo\/glyphs\/O_tilde.glif","\/fonts\/Unpacking\/49559bd419cde2454cd68411194e9bd16633ff25\/zeroclosedregular.ufo\/glyphs\/P_.glif":"\/fonts\/Unpacking\/49559bd419cde2454cd68411194e9bd16633ff25\/zeroclosedregular.ufo\/glyphs\/P_.glif","\/fonts\/Unpacking\/49559bd419cde2454cd68411194e9bd16633ff25\/zeroclosedregular.ufo\/glyphs\/Q_.glif":"\/fonts\/Unpacking\/49559bd419cde2454cd68411194e9bd16633ff25\/zeroclosedregular.ufo\/glyphs\/Q_.glif","\/fonts\/Unpacking\/49559bd419cde2454cd68411194e9bd16633ff25\/zeroclosedregular.ufo\/glyphs\/R_.glif":"\/fonts\/Unpacking\/49559bd419cde2454cd68411194e9bd16633ff25\/zeroclosedregular.ufo\/glyphs\/R_.glif","\/fonts\/Unpacking\/49559bd419cde2454cd68411194e9bd16633ff25\/zeroclosedregular.ufo\/glyphs\/S_.glif":"\/fonts\/Unpacking\/49559bd419cde2454cd68411194e9bd16633ff25\/zeroclosedregular.ufo\/glyphs\/S_.glif","\/fonts\/Unpacking\/49559bd419cde2454cd68411194e9bd16633ff25\/zeroclosedregular.ufo\/glyphs\/S_caron.glif":"\/fonts\/Unpacking\/49559bd419cde2454cd68411194e9bd16633ff25\/zeroclosedregular.ufo\/glyphs\/S_caron.glif","\/fonts\/Unpacking\/49559bd419cde2454cd68411194e9bd16633ff25\/zeroclosedregular.ufo\/glyphs\/T_.glif":"\/fonts\/Unpacking\/49559bd419cde2454cd68411194e9bd16633ff25\/zeroclosedregular.ufo\/glyphs\/T_.glif","\/fonts\/Unpacking\/49559bd419cde2454cd68411194e9bd16633ff25\/zeroclosedregular.ufo\/glyphs\/U_.glif":"\/fonts\/Unpacking\/49559bd419cde2454cd68411194e9bd16633ff25\/zeroclosedregular.ufo\/glyphs\/U_.glif","\/fonts\/Unpacking\/49559bd419cde2454cd68411194e9bd16633ff25\/zeroclosedregular.ufo\/glyphs\/U_acute.glif":"\/fonts\/Unpacking\/49559bd419cde2454cd68411194e9bd16633ff25\/zeroclosedregular.ufo\/glyphs\/U_acute.glif","\/fonts\/Unpacking\/49559bd419cde2454cd68411194e9bd16633ff25\/zeroclosedregular.ufo\/glyphs\/U_circumflex.glif":"\/fonts\/Unpacking\/49559bd419cde2454cd68411194e9bd16633ff25\/zeroclosedregular.ufo\/glyphs\/U_circumflex.glif","\/fonts\/Unpacking\/49559bd419cde2454cd68411194e9bd16633ff25\/zeroclosedregular.ufo\/glyphs\/U_dieresis.glif":"\/fonts\/Unpacking\/49559bd419cde2454cd68411194e9bd16633ff25\/zeroclosedregular.ufo\/glyphs\/U_dieresis.glif","\/fonts\/Unpacking\/49559bd419cde2454cd68411194e9bd16633ff25\/zeroclosedregular.ufo\/glyphs\/U_grave.glif":"\/fonts\/Unpacking\/49559bd419cde2454cd68411194e9bd16633ff25\/zeroclosedregular.ufo\/glyphs\/U_grave.glif","\/fonts\/Unpacking\/49559bd419cde2454cd68411194e9bd16633ff25\/zeroclosedregular.ufo\/glyphs\/V_.glif":"\/fonts\/Unpacking\/49559bd419cde2454cd68411194e9bd16633ff25\/zeroclosedregular.ufo\/glyphs\/V_.glif","\/fonts\/Unpacking\/49559bd419cde2454cd68411194e9bd16633ff25\/zeroclosedregular.ufo\/glyphs\/W_.glif":"\/fonts\/Unpacking\/49559bd419cde2454cd68411194e9bd16633ff25\/zeroclosedregular.ufo\/glyphs\/W_.glif","\/fonts\/Unpacking\/49559bd419cde2454cd68411194e9bd16633ff25\/zeroclosedregular.ufo\/glyphs\/X_.glif":"\/fonts\/Unpacking\/49559bd419cde2454cd68411194e9bd16633ff25\/zeroclosedregular.ufo\/glyphs\/X_.glif","\/fonts\/Unpacking\/49559bd419cde2454cd68411194e9bd16633ff25\/zeroclosedregular.ufo\/glyphs\/Y_.glif":"\/fonts\/Unpacking\/49559bd419cde2454cd68411194e9bd16633ff25\/zeroclosedregular.ufo\/glyphs\/Y_.glif","\/fonts\/Unpacking\/49559bd419cde2454cd68411194e9bd16633ff25\/zeroclosedregular.ufo\/glyphs\/Y_acute.glif":"\/fonts\/Unpacking\/49559bd419cde2454cd68411194e9bd16633ff25\/zeroclosedregular.ufo\/glyphs\/Y_acute.glif","\/fonts\/Unpacking\/49559bd419cde2454cd68411194e9bd16633ff25\/zeroclosedregular.ufo\/glyphs\/Y_dieresis.glif":"\/fonts\/Unpacking\/49559bd419cde2454cd68411194e9bd16633ff25\/zeroclosedregular.ufo\/glyphs\/Y_dieresis.glif","\/fonts\/Unpacking\/49559bd419cde2454cd68411194e9bd16633ff25\/zeroclosedregular.ufo\/glyphs\/Z_.glif":"\/fonts\/Unpacking\/49559bd419cde2454cd68411194e9bd16633ff25\/zeroclosedregular.ufo\/glyphs\/Z_.glif","\/fonts\/Unpacking\/49559bd419cde2454cd68411194e9bd16633ff25\/zeroclosedregular.ufo\/glyphs\/Z_caron.glif":"\/fonts\/Unpacking\/49559bd419cde2454cd68411194e9bd16633ff25\/zeroclosedregular.ufo\/glyphs\/Z_caron.glif","\/fonts\/Unpacking\/49559bd419cde2454cd68411194e9bd16633ff25\/zeroclosedregular.ufo\/glyphs\/_notdef.glif":"\/fonts\/Unpacking\/49559bd419cde2454cd68411194e9bd16633ff25\/zeroclosedregular.ufo\/glyphs\/_notdef.glif","\/fonts\/Unpacking\/49559bd419cde2454cd68411194e9bd16633ff25\/zeroclosedregular.ufo\/glyphs\/_null.glif":"\/fonts\/Unpacking\/49559bd419cde2454cd68411194e9bd16633ff25\/zeroclosedregular.ufo\/glyphs\/_null.glif","\/fonts\/Unpacking\/49559bd419cde2454cd68411194e9bd16633ff25\/zeroclosedregular.ufo\/glyphs\/a.glif":"\/fonts\/Unpacking\/49559bd419cde2454cd68411194e9bd16633ff25\/zeroclosedregular.ufo\/glyphs\/a.glif","\/fonts\/Unpacking\/49559bd419cde2454cd68411194e9bd16633ff25\/zeroclosedregular.ufo\/glyphs\/aacute.glif":"\/fonts\/Unpacking\/49559bd419cde2454cd68411194e9bd16633ff25\/zeroclosedregular.ufo\/glyphs\/aacute.glif","\/fonts\/Unpacking\/49559bd419cde2454cd68411194e9bd16633ff25\/zeroclosedregular.ufo\/glyphs\/acircumflex.glif":"\/fonts\/Unpacking\/49559bd419cde2454cd68411194e9bd16633ff25\/zeroclosedregular.ufo\/glyphs\/acircumflex.glif","\/fonts\/Unpacking\/49559bd419cde2454cd68411194e9bd16633ff25\/zeroclosedregular.ufo\/glyphs\/acute.glif":"\/fonts\/Unpacking\/49559bd419cde2454cd68411194e9bd16633ff25\/zeroclosedregular.ufo\/glyphs\/acute.glif","\/fonts\/Unpacking\/49559bd419cde2454cd68411194e9bd16633ff25\/zeroclosedregular.ufo\/glyphs\/adieresis.glif":"\/fonts\/Unpacking\/49559bd419cde2454cd68411194e9bd16633ff25\/zeroclosedregular.ufo\/glyphs\/adieresis.glif","\/fonts\/Unpacking\/49559bd419cde2454cd68411194e9bd16633ff25\/zeroclosedregular.ufo\/glyphs\/ae.glif":"\/fonts\/Unpacking\/49559bd419cde2454cd68411194e9bd16633ff25\/zeroclosedregular.ufo\/glyphs\/ae.glif","\/fonts\/Unpacking\/49559bd419cde2454cd68411194e9bd16633ff25\/zeroclosedregular.ufo\/glyphs\/agrave.glif":"\/fonts\/Unpacking\/49559bd419cde2454cd68411194e9bd16633ff25\/zeroclosedregular.ufo\/glyphs\/agrave.glif","\/fonts\/Unpacking\/49559bd419cde2454cd68411194e9bd16633ff25\/zeroclosedregular.ufo\/glyphs\/ampersand.glif":"\/fonts\/Unpacking\/49559bd419cde2454cd68411194e9bd16633ff25\/zeroclosedregular.ufo\/glyphs\/ampersand.glif","\/fonts\/Unpacking\/49559bd419cde2454cd68411194e9bd16633ff25\/zeroclosedregular.ufo\/glyphs\/aring.glif":"\/fonts\/Unpacking\/49559bd419cde2454cd68411194e9bd16633ff25\/zeroclosedregular.ufo\/glyphs\/aring.glif","\/fonts\/Unpacking\/49559bd419cde2454cd68411194e9bd16633ff25\/zeroclosedregular.ufo\/glyphs\/asciicircum.glif":"\/fonts\/Unpacking\/49559bd419cde2454cd68411194e9bd16633ff25\/zeroclosedregular.ufo\/glyphs\/asciicircum.glif","\/fonts\/Unpacking\/49559bd419cde2454cd68411194e9bd16633ff25\/zeroclosedregular.ufo\/glyphs\/asciitilde.glif":"\/fonts\/Unpacking\/49559bd419cde2454cd68411194e9bd16633ff25\/zeroclosedregular.ufo\/glyphs\/asciitilde.glif","\/fonts\/Unpacking\/49559bd419cde2454cd68411194e9bd16633ff25\/zeroclosedregular.ufo\/glyphs\/asterisk.glif":"\/fonts\/Unpacking\/49559bd419cde2454cd68411194e9bd16633ff25\/zeroclosedregular.ufo\/glyphs\/asterisk.glif","\/fonts\/Unpacking\/49559bd419cde2454cd68411194e9bd16633ff25\/zeroclosedregular.ufo\/glyphs\/at.glif":"\/fonts\/Unpacking\/49559bd419cde2454cd68411194e9bd16633ff25\/zeroclosedregular.ufo\/glyphs\/at.glif","\/fonts\/Unpacking\/49559bd419cde2454cd68411194e9bd16633ff25\/zeroclosedregular.ufo\/glyphs\/atilde.glif":"\/fonts\/Unpacking\/49559bd419cde2454cd68411194e9bd16633ff25\/zeroclosedregular.ufo\/glyphs\/atilde.glif","\/fonts\/Unpacking\/49559bd419cde2454cd68411194e9bd16633ff25\/zeroclosedregular.ufo\/glyphs\/b.glif":"\/fonts\/Unpacking\/49559bd419cde2454cd68411194e9bd16633ff25\/zeroclosedregular.ufo\/glyphs\/b.glif","\/fonts\/Unpacking\/49559bd419cde2454cd68411194e9bd16633ff25\/zeroclosedregular.ufo\/glyphs\/backslash.glif":"\/fonts\/Unpacking\/49559bd419cde2454cd68411194e9bd16633ff25\/zeroclosedregular.ufo\/glyphs\/backslash.glif","\/fonts\/Unpacking\/49559bd419cde2454cd68411194e9bd16633ff25\/zeroclosedregular.ufo\/glyphs\/bar.glif":"\/fonts\/Unpacking\/49559bd419cde2454cd68411194e9bd16633ff25\/zeroclosedregular.ufo\/glyphs\/bar.glif","\/fonts\/Unpacking\/49559bd419cde2454cd68411194e9bd16633ff25\/zeroclosedregular.ufo\/glyphs\/braceleft.glif":"\/fonts\/Unpacking\/49559bd419cde2454cd68411194e9bd16633ff25\/zeroclosedregular.ufo\/glyphs\/braceleft.glif","\/fonts\/Unpacking\/49559bd419cde2454cd68411194e9bd16633ff25\/zeroclosedregular.ufo\/glyphs\/braceright.glif":"\/fonts\/Unpacking\/49559bd419cde2454cd68411194e9bd16633ff25\/zeroclosedregular.ufo\/glyphs\/braceright.glif","\/fonts\/Unpacking\/49559bd419cde2454cd68411194e9bd16633ff25\/zeroclosedregular.ufo\/glyphs\/bracketleft.glif":"\/fonts\/Unpacking\/49559bd419cde2454cd68411194e9bd16633ff25\/zeroclosedregular.ufo\/glyphs\/bracketleft.glif","\/fonts\/Unpacking\/49559bd419cde2454cd68411194e9bd16633ff25\/zeroclosedregular.ufo\/glyphs\/bracketright.glif":"\/fonts\/Unpacking\/49559bd419cde2454cd68411194e9bd16633ff25\/zeroclosedregular.ufo\/glyphs\/bracketright.glif","\/fonts\/Unpacking\/49559bd419cde2454cd68411194e9bd16633ff25\/zeroclosedregular.ufo\/glyphs\/bullet.glif":"\/fonts\/Unpacking\/49559bd419cde2454cd68411194e9bd16633ff25\/zeroclosedregular.ufo\/glyphs\/bullet.glif","\/fonts\/Unpacking\/49559bd419cde2454cd68411194e9bd16633ff25\/zeroclosedregular.ufo\/glyphs\/c.glif":"\/fonts\/Unpacking\/49559bd419cde2454cd68411194e9bd16633ff25\/zeroclosedregular.ufo\/glyphs\/c.glif","\/fonts\/Unpacking\/49559bd419cde2454cd68411194e9bd16633ff25\/zeroclosedregular.ufo\/glyphs\/caron.glif":"\/fonts\/Unpacking\/49559bd419cde2454cd68411194e9bd16633ff25\/zeroclosedregular.ufo\/glyphs\/caron.glif","\/fonts\/Unpacking\/49559bd419cde2454cd68411194e9bd16633ff25\/zeroclosedregular.ufo\/glyphs\/ccedilla.glif":"\/fonts\/Unpacking\/49559bd419cde2454cd68411194e9bd16633ff25\/zeroclosedregular.ufo\/glyphs\/ccedilla.glif","\/fonts\/Unpacking\/49559bd419cde2454cd68411194e9bd16633ff25\/zeroclosedregular.ufo\/glyphs\/cedilla.glif":"\/fonts\/Unpacking\/49559bd419cde2454cd68411194e9bd16633ff25\/zeroclosedregular.ufo\/glyphs\/cedilla.glif","\/fonts\/Unpacking\/49559bd419cde2454cd68411194e9bd16633ff25\/zeroclosedregular.ufo\/glyphs\/cent.glif":"\/fonts\/Unpacking\/49559bd419cde2454cd68411194e9bd16633ff25\/zeroclosedregular.ufo\/glyphs\/cent.glif","\/fonts\/Unpacking\/49559bd419cde2454cd68411194e9bd16633ff25\/zeroclosedregular.ufo\/glyphs\/circumflex.glif":"\/fonts\/Unpacking\/49559bd419cde2454cd68411194e9bd16633ff25\/zeroclosedregular.ufo\/glyphs\/circumflex.glif","\/fonts\/Unpacking\/49559bd419cde2454cd68411194e9bd16633ff25\/zeroclosedregular.ufo\/glyphs\/colon.glif":"\/fonts\/Unpacking\/49559bd419cde2454cd68411194e9bd16633ff25\/zeroclosedregular.ufo\/glyphs\/colon.glif","\/fonts\/Unpacking\/49559bd419cde2454cd68411194e9bd16633ff25\/zeroclosedregular.ufo\/glyphs\/comma.glif":"\/fonts\/Unpacking\/49559bd419cde2454cd68411194e9bd16633ff25\/zeroclosedregular.ufo\/glyphs\/comma.glif","\/fonts\/Unpacking\/49559bd419cde2454cd68411194e9bd16633ff25\/zeroclosedregular.ufo\/glyphs\/contents.plist":"\/fonts\/Unpacking\/49559bd419cde2454cd68411194e9bd16633ff25\/zeroclosedregular.ufo\/glyphs\/contents.plist","\/fonts\/Unpacking\/49559bd419cde2454cd68411194e9bd16633ff25\/zeroclosedregular.ufo\/glyphs\/copyright.glif":"\/fonts\/Unpacking\/49559bd419cde2454cd68411194e9bd16633ff25\/zeroclosedregular.ufo\/glyphs\/copyright.glif","\/fonts\/Unpacking\/49559bd419cde2454cd68411194e9bd16633ff25\/zeroclosedregular.ufo\/glyphs\/d.glif":"\/fonts\/Unpacking\/49559bd419cde2454cd68411194e9bd16633ff25\/zeroclosedregular.ufo\/glyphs\/d.glif","\/fonts\/Unpacking\/49559bd419cde2454cd68411194e9bd16633ff25\/zeroclosedregular.ufo\/glyphs\/degree.glif":"\/fonts\/Unpacking\/49559bd419cde2454cd68411194e9bd16633ff25\/zeroclosedregular.ufo\/glyphs\/degree.glif","\/fonts\/Unpacking\/49559bd419cde2454cd68411194e9bd16633ff25\/zeroclosedregular.ufo\/glyphs\/dieresis.glif":"\/fonts\/Unpacking\/49559bd419cde2454cd68411194e9bd16633ff25\/zeroclosedregular.ufo\/glyphs\/dieresis.glif","\/fonts\/Unpacking\/49559bd419cde2454cd68411194e9bd16633ff25\/zeroclosedregular.ufo\/glyphs\/divide.glif":"\/fonts\/Unpacking\/49559bd419cde2454cd68411194e9bd16633ff25\/zeroclosedregular.ufo\/glyphs\/divide.glif","\/fonts\/Unpacking\/49559bd419cde2454cd68411194e9bd16633ff25\/zeroclosedregular.ufo\/glyphs\/dollar.glif":"\/fonts\/Unpacking\/49559bd419cde2454cd68411194e9bd16633ff25\/zeroclosedregular.ufo\/glyphs\/dollar.glif","\/fonts\/Unpacking\/49559bd419cde2454cd68411194e9bd16633ff25\/zeroclosedregular.ufo\/glyphs\/dotlessi.glif":"\/fonts\/Unpacking\/49559bd419cde2454cd68411194e9bd16633ff25\/zeroclosedregular.ufo\/glyphs\/dotlessi.glif","\/fonts\/Unpacking\/49559bd419cde2454cd68411194e9bd16633ff25\/zeroclosedregular.ufo\/glyphs\/e.glif":"\/fonts\/Unpacking\/49559bd419cde2454cd68411194e9bd16633ff25\/zeroclosedregular.ufo\/glyphs\/e.glif","\/fonts\/Unpacking\/49559bd419cde2454cd68411194e9bd16633ff25\/zeroclosedregular.ufo\/glyphs\/eacute.glif":"\/fonts\/Unpacking\/49559bd419cde2454cd68411194e9bd16633ff25\/zeroclosedregular.ufo\/glyphs\/eacute.glif","\/fonts\/Unpacking\/49559bd419cde2454cd68411194e9bd16633ff25\/zeroclosedregular.ufo\/glyphs\/ecircumflex.glif":"\/fonts\/Unpacking\/49559bd419cde2454cd68411194e9bd16633ff25\/zeroclosedregular.ufo\/glyphs\/ecircumflex.glif","\/fonts\/Unpacking\/49559bd419cde2454cd68411194e9bd16633ff25\/zeroclosedregular.ufo\/glyphs\/edieresis.glif":"\/fonts\/Unpacking\/49559bd419cde2454cd68411194e9bd16633ff25\/zeroclosedregular.ufo\/glyphs\/edieresis.glif","\/fonts\/Unpacking\/49559bd419cde2454cd68411194e9bd16633ff25\/zeroclosedregular.ufo\/glyphs\/egrave.glif":"\/fonts\/Unpacking\/49559bd419cde2454cd68411194e9bd16633ff25\/zeroclosedregular.ufo\/glyphs\/egrave.glif","\/fonts\/Unpacking\/49559bd419cde2454cd68411194e9bd16633ff25\/zeroclosedregular.ufo\/glyphs\/eight.glif":"\/fonts\/Unpacking\/49559bd419cde2454cd68411194e9bd16633ff25\/zeroclosedregular.ufo\/glyphs\/eight.glif","\/fonts\/Unpacking\/49559bd419cde2454cd68411194e9bd16633ff25\/zeroclosedregular.ufo\/glyphs\/emdash.glif":"\/fonts\/Unpacking\/49559bd419cde2454cd68411194e9bd16633ff25\/zeroclosedregular.ufo\/glyphs\/emdash.glif","\/fonts\/Unpacking\/49559bd419cde2454cd68411194e9bd16633ff25\/zeroclosedregular.ufo\/glyphs\/endash.glif":"\/fonts\/Unpacking\/49559bd419cde2454cd68411194e9bd16633ff25\/zeroclosedregular.ufo\/glyphs\/endash.glif","\/fonts\/Unpacking\/49559bd419cde2454cd68411194e9bd16633ff25\/zeroclosedregular.ufo\/glyphs\/equal.glif":"\/fonts\/Unpacking\/49559bd419cde2454cd68411194e9bd16633ff25\/zeroclosedregular.ufo\/glyphs\/equal.glif","\/fonts\/Unpacking\/49559bd419cde2454cd68411194e9bd16633ff25\/zeroclosedregular.ufo\/glyphs\/exclam.glif":"\/fonts\/Unpacking\/49559bd419cde2454cd68411194e9bd16633ff25\/zeroclosedregular.ufo\/glyphs\/exclam.glif","\/fonts\/Unpacking\/49559bd419cde2454cd68411194e9bd16633ff25\/zeroclosedregular.ufo\/glyphs\/exclamdown.glif":"\/fonts\/Unpacking\/49559bd419cde2454cd68411194e9bd16633ff25\/zeroclosedregular.ufo\/glyphs\/exclamdown.glif","\/fonts\/Unpacking\/49559bd419cde2454cd68411194e9bd16633ff25\/zeroclosedregular.ufo\/glyphs\/f.glif":"\/fonts\/Unpacking\/49559bd419cde2454cd68411194e9bd16633ff25\/zeroclosedregular.ufo\/glyphs\/f.glif","\/fonts\/Unpacking\/49559bd419cde2454cd68411194e9bd16633ff25\/zeroclosedregular.ufo\/glyphs\/five.glif":"\/fonts\/Unpacking\/49559bd419cde2454cd68411194e9bd16633ff25\/zeroclosedregular.ufo\/glyphs\/five.glif","\/fonts\/Unpacking\/49559bd419cde2454cd68411194e9bd16633ff25\/zeroclosedregular.ufo\/glyphs\/four.glif":"\/fonts\/Unpacking\/49559bd419cde2454cd68411194e9bd16633ff25\/zeroclosedregular.ufo\/glyphs\/four.glif","\/fonts\/Unpacking\/49559bd419cde2454cd68411194e9bd16633ff25\/zeroclosedregular.ufo\/glyphs\/g.glif":"\/fonts\/Unpacking\/49559bd419cde2454cd68411194e9bd16633ff25\/zeroclosedregular.ufo\/glyphs\/g.glif","\/fonts\/Unpacking\/49559bd419cde2454cd68411194e9bd16633ff25\/zeroclosedregular.ufo\/glyphs\/germandbls.glif":"\/fonts\/Unpacking\/49559bd419cde2454cd68411194e9bd16633ff25\/zeroclosedregular.ufo\/glyphs\/germandbls.glif","\/fonts\/Unpacking\/49559bd419cde2454cd68411194e9bd16633ff25\/zeroclosedregular.ufo\/glyphs\/grave.glif":"\/fonts\/Unpacking\/49559bd419cde2454cd68411194e9bd16633ff25\/zeroclosedregular.ufo\/glyphs\/grave.glif","\/fonts\/Unpacking\/49559bd419cde2454cd68411194e9bd16633ff25\/zeroclosedregular.ufo\/glyphs\/greater.glif":"\/fonts\/Unpacking\/49559bd419cde2454cd68411194e9bd16633ff25\/zeroclosedregular.ufo\/glyphs\/greater.glif","\/fonts\/Unpacking\/49559bd419cde2454cd68411194e9bd16633ff25\/zeroclosedregular.ufo\/glyphs\/guillemotleft.glif":"\/fonts\/Unpacking\/49559bd419cde2454cd68411194e9bd16633ff25\/zeroclosedregular.ufo\/glyphs\/guillemotleft.glif","\/fonts\/Unpacking\/49559bd419cde2454cd68411194e9bd16633ff25\/zeroclosedregular.ufo\/glyphs\/guillemotright.glif":"\/fonts\/Unpacking\/49559bd419cde2454cd68411194e9bd16633ff25\/zeroclosedregular.ufo\/glyphs\/guillemotright.glif","\/fonts\/Unpacking\/49559bd419cde2454cd68411194e9bd16633ff25\/zeroclosedregular.ufo\/glyphs\/h.glif":"\/fonts\/Unpacking\/49559bd419cde2454cd68411194e9bd16633ff25\/zeroclosedregular.ufo\/glyphs\/h.glif","\/fonts\/Unpacking\/49559bd419cde2454cd68411194e9bd16633ff25\/zeroclosedregular.ufo\/glyphs\/hyphen.glif":"\/fonts\/Unpacking\/49559bd419cde2454cd68411194e9bd16633ff25\/zeroclosedregular.ufo\/glyphs\/hyphen.glif","\/fonts\/Unpacking\/49559bd419cde2454cd68411194e9bd16633ff25\/zeroclosedregular.ufo\/glyphs\/i.glif":"\/fonts\/Unpacking\/49559bd419cde2454cd68411194e9bd16633ff25\/zeroclosedregular.ufo\/glyphs\/i.glif","\/fonts\/Unpacking\/49559bd419cde2454cd68411194e9bd16633ff25\/zeroclosedregular.ufo\/glyphs\/iacute.glif":"\/fonts\/Unpacking\/49559bd419cde2454cd68411194e9bd16633ff25\/zeroclosedregular.ufo\/glyphs\/iacute.glif","\/fonts\/Unpacking\/49559bd419cde2454cd68411194e9bd16633ff25\/zeroclosedregular.ufo\/glyphs\/icircumflex.glif":"\/fonts\/Unpacking\/49559bd419cde2454cd68411194e9bd16633ff25\/zeroclosedregular.ufo\/glyphs\/icircumflex.glif","\/fonts\/Unpacking\/49559bd419cde2454cd68411194e9bd16633ff25\/zeroclosedregular.ufo\/glyphs\/idieresis.glif":"\/fonts\/Unpacking\/49559bd419cde2454cd68411194e9bd16633ff25\/zeroclosedregular.ufo\/glyphs\/idieresis.glif","\/fonts\/Unpacking\/49559bd419cde2454cd68411194e9bd16633ff25\/zeroclosedregular.ufo\/glyphs\/igrave.glif":"\/fonts\/Unpacking\/49559bd419cde2454cd68411194e9bd16633ff25\/zeroclosedregular.ufo\/glyphs\/igrave.glif","\/fonts\/Unpacking\/49559bd419cde2454cd68411194e9bd16633ff25\/zeroclosedregular.ufo\/glyphs\/j.glif":"\/fonts\/Unpacking\/49559bd419cde2454cd68411194e9bd16633ff25\/zeroclosedregular.ufo\/glyphs\/j.glif","\/fonts\/Unpacking\/49559bd419cde2454cd68411194e9bd16633ff25\/zeroclosedregular.ufo\/glyphs\/k.glif":"\/fonts\/Unpacking\/49559bd419cde2454cd68411194e9bd16633ff25\/zeroclosedregular.ufo\/glyphs\/k.glif","\/fonts\/Unpacking\/49559bd419cde2454cd68411194e9bd16633ff25\/zeroclosedregular.ufo\/glyphs\/l.glif":"\/fonts\/Unpacking\/49559bd419cde2454cd68411194e9bd16633ff25\/zeroclosedregular.ufo\/glyphs\/l.glif","\/fonts\/Unpacking\/49559bd419cde2454cd68411194e9bd16633ff25\/zeroclosedregular.ufo\/glyphs\/less.glif":"\/fonts\/Unpacking\/49559bd419cde2454cd68411194e9bd16633ff25\/zeroclosedregular.ufo\/glyphs\/less.glif","\/fonts\/Unpacking\/49559bd419cde2454cd68411194e9bd16633ff25\/zeroclosedregular.ufo\/glyphs\/m.glif":"\/fonts\/Unpacking\/49559bd419cde2454cd68411194e9bd16633ff25\/zeroclosedregular.ufo\/glyphs\/m.glif","\/fonts\/Unpacking\/49559bd419cde2454cd68411194e9bd16633ff25\/zeroclosedregular.ufo\/glyphs\/minus.glif":"\/fonts\/Unpacking\/49559bd419cde2454cd68411194e9bd16633ff25\/zeroclosedregular.ufo\/glyphs\/minus.glif","\/fonts\/Unpacking\/49559bd419cde2454cd68411194e9bd16633ff25\/zeroclosedregular.ufo\/glyphs\/multiply.glif":"\/fonts\/Unpacking\/49559bd419cde2454cd68411194e9bd16633ff25\/zeroclosedregular.ufo\/glyphs\/multiply.glif","\/fonts\/Unpacking\/49559bd419cde2454cd68411194e9bd16633ff25\/zeroclosedregular.ufo\/glyphs\/n.glif":"\/fonts\/Unpacking\/49559bd419cde2454cd68411194e9bd16633ff25\/zeroclosedregular.ufo\/glyphs\/n.glif","\/fonts\/Unpacking\/49559bd419cde2454cd68411194e9bd16633ff25\/zeroclosedregular.ufo\/glyphs\/nine.glif":"\/fonts\/Unpacking\/49559bd419cde2454cd68411194e9bd16633ff25\/zeroclosedregular.ufo\/glyphs\/nine.glif","\/fonts\/Unpacking\/49559bd419cde2454cd68411194e9bd16633ff25\/zeroclosedregular.ufo\/glyphs\/nonbreakingspace.glif":"\/fonts\/Unpacking\/49559bd419cde2454cd68411194e9bd16633ff25\/zeroclosedregular.ufo\/glyphs\/nonbreakingspace.glif","\/fonts\/Unpacking\/49559bd419cde2454cd68411194e9bd16633ff25\/zeroclosedregular.ufo\/glyphs\/nonmarkingreturn.glif":"\/fonts\/Unpacking\/49559bd419cde2454cd68411194e9bd16633ff25\/zeroclosedregular.ufo\/glyphs\/nonmarkingreturn.glif","\/fonts\/Unpacking\/49559bd419cde2454cd68411194e9bd16633ff25\/zeroclosedregular.ufo\/glyphs\/ntilde.glif":"\/fonts\/Unpacking\/49559bd419cde2454cd68411194e9bd16633ff25\/zeroclosedregular.ufo\/glyphs\/ntilde.glif","\/fonts\/Unpacking\/49559bd419cde2454cd68411194e9bd16633ff25\/zeroclosedregular.ufo\/glyphs\/numbersign.glif":"\/fonts\/Unpacking\/49559bd419cde2454cd68411194e9bd16633ff25\/zeroclosedregular.ufo\/glyphs\/numbersign.glif","\/fonts\/Unpacking\/49559bd419cde2454cd68411194e9bd16633ff25\/zeroclosedregular.ufo\/glyphs\/o.glif":"\/fonts\/Unpacking\/49559bd419cde2454cd68411194e9bd16633ff25\/zeroclosedregular.ufo\/glyphs\/o.glif","\/fonts\/Unpacking\/49559bd419cde2454cd68411194e9bd16633ff25\/zeroclosedregular.ufo\/glyphs\/oacute.glif":"\/fonts\/Unpacking\/49559bd419cde2454cd68411194e9bd16633ff25\/zeroclosedregular.ufo\/glyphs\/oacute.glif","\/fonts\/Unpacking\/49559bd419cde2454cd68411194e9bd16633ff25\/zeroclosedregular.ufo\/glyphs\/ocircumflex.glif":"\/fonts\/Unpacking\/49559bd419cde2454cd68411194e9bd16633ff25\/zeroclosedregular.ufo\/glyphs\/ocircumflex.glif","\/fonts\/Unpacking\/49559bd419cde2454cd68411194e9bd16633ff25\/zeroclosedregular.ufo\/glyphs\/odieresis.glif":"\/fonts\/Unpacking\/49559bd419cde2454cd68411194e9bd16633ff25\/zeroclosedregular.ufo\/glyphs\/odieresis.glif","\/fonts\/Unpacking\/49559bd419cde2454cd68411194e9bd16633ff25\/zeroclosedregular.ufo\/glyphs\/oe.glif":"\/fonts\/Unpacking\/49559bd419cde2454cd68411194e9bd16633ff25\/zeroclosedregular.ufo\/glyphs\/oe.glif","\/fonts\/Unpacking\/49559bd419cde2454cd68411194e9bd16633ff25\/zeroclosedregular.ufo\/glyphs\/ograve.glif":"\/fonts\/Unpacking\/49559bd419cde2454cd68411194e9bd16633ff25\/zeroclosedregular.ufo\/glyphs\/ograve.glif","\/fonts\/Unpacking\/49559bd419cde2454cd68411194e9bd16633ff25\/zeroclosedregular.ufo\/glyphs\/one.glif":"\/fonts\/Unpacking\/49559bd419cde2454cd68411194e9bd16633ff25\/zeroclosedregular.ufo\/glyphs\/one.glif","\/fonts\/Unpacking\/49559bd419cde2454cd68411194e9bd16633ff25\/zeroclosedregular.ufo\/glyphs\/otilde.glif":"\/fonts\/Unpacking\/49559bd419cde2454cd68411194e9bd16633ff25\/zeroclosedregular.ufo\/glyphs\/otilde.glif","\/fonts\/Unpacking\/49559bd419cde2454cd68411194e9bd16633ff25\/zeroclosedregular.ufo\/glyphs\/p.glif":"\/fonts\/Unpacking\/49559bd419cde2454cd68411194e9bd16633ff25\/zeroclosedregular.ufo\/glyphs\/p.glif","\/fonts\/Unpacking\/49559bd419cde2454cd68411194e9bd16633ff25\/zeroclosedregular.ufo\/glyphs\/paragraph.glif":"\/fonts\/Unpacking\/49559bd419cde2454cd68411194e9bd16633ff25\/zeroclosedregular.ufo\/glyphs\/paragraph.glif","\/fonts\/Unpacking\/49559bd419cde2454cd68411194e9bd16633ff25\/zeroclosedregular.ufo\/glyphs\/parenleft.glif":"\/fonts\/Unpacking\/49559bd419cde2454cd68411194e9bd16633ff25\/zeroclosedregular.ufo\/glyphs\/parenleft.glif","\/fonts\/Unpacking\/49559bd419cde2454cd68411194e9bd16633ff25\/zeroclosedregular.ufo\/glyphs\/parenright.glif":"\/fonts\/Unpacking\/49559bd419cde2454cd68411194e9bd16633ff25\/zeroclosedregular.ufo\/glyphs\/parenright.glif","\/fonts\/Unpacking\/49559bd419cde2454cd68411194e9bd16633ff25\/zeroclosedregular.ufo\/glyphs\/percent.glif":"\/fonts\/Unpacking\/49559bd419cde2454cd68411194e9bd16633ff25\/zeroclosedregular.ufo\/glyphs\/percent.glif","\/fonts\/Unpacking\/49559bd419cde2454cd68411194e9bd16633ff25\/zeroclosedregular.ufo\/glyphs\/period.glif":"\/fonts\/Unpacking\/49559bd419cde2454cd68411194e9bd16633ff25\/zeroclosedregular.ufo\/glyphs\/period.glif","\/fonts\/Unpacking\/49559bd419cde2454cd68411194e9bd16633ff25\/zeroclosedregular.ufo\/glyphs\/plus.glif":"\/fonts\/Unpacking\/49559bd419cde2454cd68411194e9bd16633ff25\/zeroclosedregular.ufo\/glyphs\/plus.glif","\/fonts\/Unpacking\/49559bd419cde2454cd68411194e9bd16633ff25\/zeroclosedregular.ufo\/glyphs\/q.glif":"\/fonts\/Unpacking\/49559bd419cde2454cd68411194e9bd16633ff25\/zeroclosedregular.ufo\/glyphs\/q.glif","\/fonts\/Unpacking\/49559bd419cde2454cd68411194e9bd16633ff25\/zeroclosedregular.ufo\/glyphs\/question.glif":"\/fonts\/Unpacking\/49559bd419cde2454cd68411194e9bd16633ff25\/zeroclosedregular.ufo\/glyphs\/question.glif","\/fonts\/Unpacking\/49559bd419cde2454cd68411194e9bd16633ff25\/zeroclosedregular.ufo\/glyphs\/questiondown.glif":"\/fonts\/Unpacking\/49559bd419cde2454cd68411194e9bd16633ff25\/zeroclosedregular.ufo\/glyphs\/questiondown.glif","\/fonts\/Unpacking\/49559bd419cde2454cd68411194e9bd16633ff25\/zeroclosedregular.ufo\/glyphs\/quotedbl.glif":"\/fonts\/Unpacking\/49559bd419cde2454cd68411194e9bd16633ff25\/zeroclosedregular.ufo\/glyphs\/quotedbl.glif","\/fonts\/Unpacking\/49559bd419cde2454cd68411194e9bd16633ff25\/zeroclosedregular.ufo\/glyphs\/quotedblleft.glif":"\/fonts\/Unpacking\/49559bd419cde2454cd68411194e9bd16633ff25\/zeroclosedregular.ufo\/glyphs\/quotedblleft.glif","\/fonts\/Unpacking\/49559bd419cde2454cd68411194e9bd16633ff25\/zeroclosedregular.ufo\/glyphs\/quotedblright.glif":"\/fonts\/Unpacking\/49559bd419cde2454cd68411194e9bd16633ff25\/zeroclosedregular.ufo\/glyphs\/quotedblright.glif","\/fonts\/Unpacking\/49559bd419cde2454cd68411194e9bd16633ff25\/zeroclosedregular.ufo\/glyphs\/quoteleft.glif":"\/fonts\/Unpacking\/49559bd419cde2454cd68411194e9bd16633ff25\/zeroclosedregular.ufo\/glyphs\/quoteleft.glif","\/fonts\/Unpacking\/49559bd419cde2454cd68411194e9bd16633ff25\/zeroclosedregular.ufo\/glyphs\/quoteright.glif":"\/fonts\/Unpacking\/49559bd419cde2454cd68411194e9bd16633ff25\/zeroclosedregular.ufo\/glyphs\/quoteright.glif","\/fonts\/Unpacking\/49559bd419cde2454cd68411194e9bd16633ff25\/zeroclosedregular.ufo\/glyphs\/quotesingle.glif":"\/fonts\/Unpacking\/49559bd419cde2454cd68411194e9bd16633ff25\/zeroclosedregular.ufo\/glyphs\/quotesingle.glif","\/fonts\/Unpacking\/49559bd419cde2454cd68411194e9bd16633ff25\/zeroclosedregular.ufo\/glyphs\/r.glif":"\/fonts\/Unpacking\/49559bd419cde2454cd68411194e9bd16633ff25\/zeroclosedregular.ufo\/glyphs\/r.glif","\/fonts\/Unpacking\/49559bd419cde2454cd68411194e9bd16633ff25\/zeroclosedregular.ufo\/glyphs\/registered.glif":"\/fonts\/Unpacking\/49559bd419cde2454cd68411194e9bd16633ff25\/zeroclosedregular.ufo\/glyphs\/registered.glif","\/fonts\/Unpacking\/49559bd419cde2454cd68411194e9bd16633ff25\/zeroclosedregular.ufo\/glyphs\/ring.glif":"\/fonts\/Unpacking\/49559bd419cde2454cd68411194e9bd16633ff25\/zeroclosedregular.ufo\/glyphs\/ring.glif","\/fonts\/Unpacking\/49559bd419cde2454cd68411194e9bd16633ff25\/zeroclosedregular.ufo\/glyphs\/s.glif":"\/fonts\/Unpacking\/49559bd419cde2454cd68411194e9bd16633ff25\/zeroclosedregular.ufo\/glyphs\/s.glif","\/fonts\/Unpacking\/49559bd419cde2454cd68411194e9bd16633ff25\/zeroclosedregular.ufo\/glyphs\/scaron.glif":"\/fonts\/Unpacking\/49559bd419cde2454cd68411194e9bd16633ff25\/zeroclosedregular.ufo\/glyphs\/scaron.glif","\/fonts\/Unpacking\/49559bd419cde2454cd68411194e9bd16633ff25\/zeroclosedregular.ufo\/glyphs\/semicolon.glif":"\/fonts\/Unpacking\/49559bd419cde2454cd68411194e9bd16633ff25\/zeroclosedregular.ufo\/glyphs\/semicolon.glif","\/fonts\/Unpacking\/49559bd419cde2454cd68411194e9bd16633ff25\/zeroclosedregular.ufo\/glyphs\/seven.glif":"\/fonts\/Unpacking\/49559bd419cde2454cd68411194e9bd16633ff25\/zeroclosedregular.ufo\/glyphs\/seven.glif","\/fonts\/Unpacking\/49559bd419cde2454cd68411194e9bd16633ff25\/zeroclosedregular.ufo\/glyphs\/six.glif":"\/fonts\/Unpacking\/49559bd419cde2454cd68411194e9bd16633ff25\/zeroclosedregular.ufo\/glyphs\/six.glif","\/fonts\/Unpacking\/49559bd419cde2454cd68411194e9bd16633ff25\/zeroclosedregular.ufo\/glyphs\/slash.glif":"\/fonts\/Unpacking\/49559bd419cde2454cd68411194e9bd16633ff25\/zeroclosedregular.ufo\/glyphs\/slash.glif","\/fonts\/Unpacking\/49559bd419cde2454cd68411194e9bd16633ff25\/zeroclosedregular.ufo\/glyphs\/space.glif":"\/fonts\/Unpacking\/49559bd419cde2454cd68411194e9bd16633ff25\/zeroclosedregular.ufo\/glyphs\/space.glif","\/fonts\/Unpacking\/49559bd419cde2454cd68411194e9bd16633ff25\/zeroclosedregular.ufo\/glyphs\/sterling.glif":"\/fonts\/Unpacking\/49559bd419cde2454cd68411194e9bd16633ff25\/zeroclosedregular.ufo\/glyphs\/sterling.glif","\/fonts\/Unpacking\/49559bd419cde2454cd68411194e9bd16633ff25\/zeroclosedregular.ufo\/glyphs\/t.glif":"\/fonts\/Unpacking\/49559bd419cde2454cd68411194e9bd16633ff25\/zeroclosedregular.ufo\/glyphs\/t.glif","\/fonts\/Unpacking\/49559bd419cde2454cd68411194e9bd16633ff25\/zeroclosedregular.ufo\/glyphs\/three.glif":"\/fonts\/Unpacking\/49559bd419cde2454cd68411194e9bd16633ff25\/zeroclosedregular.ufo\/glyphs\/three.glif","\/fonts\/Unpacking\/49559bd419cde2454cd68411194e9bd16633ff25\/zeroclosedregular.ufo\/glyphs\/tilde.glif":"\/fonts\/Unpacking\/49559bd419cde2454cd68411194e9bd16633ff25\/zeroclosedregular.ufo\/glyphs\/tilde.glif","\/fonts\/Unpacking\/49559bd419cde2454cd68411194e9bd16633ff25\/zeroclosedregular.ufo\/glyphs\/trademark.glif":"\/fonts\/Unpacking\/49559bd419cde2454cd68411194e9bd16633ff25\/zeroclosedregular.ufo\/glyphs\/trademark.glif","\/fonts\/Unpacking\/49559bd419cde2454cd68411194e9bd16633ff25\/zeroclosedregular.ufo\/glyphs\/two.glif":"\/fonts\/Unpacking\/49559bd419cde2454cd68411194e9bd16633ff25\/zeroclosedregular.ufo\/glyphs\/two.glif","\/fonts\/Unpacking\/49559bd419cde2454cd68411194e9bd16633ff25\/zeroclosedregular.ufo\/glyphs\/u.glif":"\/fonts\/Unpacking\/49559bd419cde2454cd68411194e9bd16633ff25\/zeroclosedregular.ufo\/glyphs\/u.glif","\/fonts\/Unpacking\/49559bd419cde2454cd68411194e9bd16633ff25\/zeroclosedregular.ufo\/glyphs\/uacute.glif":"\/fonts\/Unpacking\/49559bd419cde2454cd68411194e9bd16633ff25\/zeroclosedregular.ufo\/glyphs\/uacute.glif","\/fonts\/Unpacking\/49559bd419cde2454cd68411194e9bd16633ff25\/zeroclosedregular.ufo\/glyphs\/ucircumflex.glif":"\/fonts\/Unpacking\/49559bd419cde2454cd68411194e9bd16633ff25\/zeroclosedregular.ufo\/glyphs\/ucircumflex.glif","\/fonts\/Unpacking\/49559bd419cde2454cd68411194e9bd16633ff25\/zeroclosedregular.ufo\/glyphs\/udieresis.glif":"\/fonts\/Unpacking\/49559bd419cde2454cd68411194e9bd16633ff25\/zeroclosedregular.ufo\/glyphs\/udieresis.glif","\/fonts\/Unpacking\/49559bd419cde2454cd68411194e9bd16633ff25\/zeroclosedregular.ufo\/glyphs\/ugrave.glif":"\/fonts\/Unpacking\/49559bd419cde2454cd68411194e9bd16633ff25\/zeroclosedregular.ufo\/glyphs\/ugrave.glif","\/fonts\/Unpacking\/49559bd419cde2454cd68411194e9bd16633ff25\/zeroclosedregular.ufo\/glyphs\/underscore.glif":"\/fonts\/Unpacking\/49559bd419cde2454cd68411194e9bd16633ff25\/zeroclosedregular.ufo\/glyphs\/underscore.glif","\/fonts\/Unpacking\/49559bd419cde2454cd68411194e9bd16633ff25\/zeroclosedregular.ufo\/glyphs\/v.glif":"\/fonts\/Unpacking\/49559bd419cde2454cd68411194e9bd16633ff25\/zeroclosedregular.ufo\/glyphs\/v.glif","\/fonts\/Unpacking\/49559bd419cde2454cd68411194e9bd16633ff25\/zeroclosedregular.ufo\/glyphs\/w.glif":"\/fonts\/Unpacking\/49559bd419cde2454cd68411194e9bd16633ff25\/zeroclosedregular.ufo\/glyphs\/w.glif","\/fonts\/Unpacking\/49559bd419cde2454cd68411194e9bd16633ff25\/zeroclosedregular.ufo\/glyphs\/x.glif":"\/fonts\/Unpacking\/49559bd419cde2454cd68411194e9bd16633ff25\/zeroclosedregular.ufo\/glyphs\/x.glif","\/fonts\/Unpacking\/49559bd419cde2454cd68411194e9bd16633ff25\/zeroclosedregular.ufo\/glyphs\/y.glif":"\/fonts\/Unpacking\/49559bd419cde2454cd68411194e9bd16633ff25\/zeroclosedregular.ufo\/glyphs\/y.glif","\/fonts\/Unpacking\/49559bd419cde2454cd68411194e9bd16633ff25\/zeroclosedregular.ufo\/glyphs\/yacute.glif":"\/fonts\/Unpacking\/49559bd419cde2454cd68411194e9bd16633ff25\/zeroclosedregular.ufo\/glyphs\/yacute.glif","\/fonts\/Unpacking\/49559bd419cde2454cd68411194e9bd16633ff25\/zeroclosedregular.ufo\/glyphs\/ydieresis.glif":"\/fonts\/Unpacking\/49559bd419cde2454cd68411194e9bd16633ff25\/zeroclosedregular.ufo\/glyphs\/ydieresis.glif","\/fonts\/Unpacking\/49559bd419cde2454cd68411194e9bd16633ff25\/zeroclosedregular.ufo\/glyphs\/yen.glif":"\/fonts\/Unpacking\/49559bd419cde2454cd68411194e9bd16633ff25\/zeroclosedregular.ufo\/glyphs\/yen.glif","\/fonts\/Unpacking\/49559bd419cde2454cd68411194e9bd16633ff25\/zeroclosedregular.ufo\/glyphs\/z.glif":"\/fonts\/Unpacking\/49559bd419cde2454cd68411194e9bd16633ff25\/zeroclosedregular.ufo\/glyphs\/z.glif","\/fonts\/Unpacking\/49559bd419cde2454cd68411194e9bd16633ff25\/zeroclosedregular.ufo\/glyphs\/zcaron.glif":"\/fonts\/Unpacking\/49559bd419cde2454cd68411194e9bd16633ff25\/zeroclosedregular.ufo\/glyphs\/zcaron.glif","\/fonts\/Unpacking\/49559bd419cde2454cd68411194e9bd16633ff25\/zeroclosedregular.ufo\/glyphs\/zero.glif":"\/fonts\/Unpacking\/49559bd419cde2454cd68411194e9bd16633ff25\/zeroclosedregular.ufo\/glyphs\/zero.glif"},"Font":null,"Licences":{"":false},"Table":{"FFTM":{"entryLength":16,"tag":"FFTM","checksum":1206252853,"offset":37832,"length":28},"GDEF":{"entryLength":16,"tag":"GDEF","checksum":15597572,"offset":37800,"length":32},"OS\/2":{"entryLength":16,"tag":"OS\/2","checksum":1501430851,"offset":376,"length":96},"cmap":{"entryLength":16,"tag":"cmap","checksum":3443808413,"offset":1244,"length":578},"cvt ":{"entryLength":16,"tag":"cvt ","checksum":2819019,"offset":2204,"length":18},"fpgm":{"entryLength":16,"tag":"fpgm","checksum":843936614,"offset":1824,"length":354},"glyf":{"entryLength":16,"tag":"glyf","checksum":459559814,"offset":2612,"length":34060},"head":{"entryLength":16,"tag":"head","checksum":162893214,"offset":252,"length":54},"hhea":{"entryLength":16,"tag":"hhea","checksum":129237960,"offset":308,"length":36},"hmtx":{"entryLength":16,"tag":"hmtx","checksum":1942034278,"offset":472,"length":772},"loca":{"entryLength":16,"tag":"loca","checksum":687098378,"offset":2224,"length":388},"maxp":{"entryLength":16,"tag":"maxp","checksum":47251828,"offset":344,"length":32},"name":{"entryLength":16,"tag":"name","checksum":1840196578,"offset":36672,"length":708},"post":{"entryLength":16,"tag":"post","checksum":677455607,"offset":37380,"length":420},"prep":{"entryLength":16,"tag":"prep","checksum":486505884,"offset":2180,"length":22}},"UnicodeCharMap":{"0":1,"13":2,"32":3,"33":4,"34":5,"35":6,"36":7,"37":8,"38":9,"39":10,"40":11,"41":12,"42":13,"43":14,"44":15,"45":16,"46":17,"47":18,"48":19,"49":20,"50":21,"51":22,"52":23,"53":24,"54":25,"55":26,"56":27,"57":28,"58":29,"59":30,"60":31,"61":32,"62":33,"63":34,"64":35,"65":36,"66":37,"67":38,"68":39,"69":40,"70":41,"71":42,"72":43,"73":44,"74":45,"75":46,"76":47,"77":48,"78":49,"79":50,"80":51,"81":52,"82":53,"83":54,"84":55,"85":56,"86":57,"87":58,"88":59,"89":60,"90":61,"91":62,"92":63,"93":64,"94":65,"95":66,"96":67,"97":68,"98":69,"99":70,"100":71,"101":72,"102":73,"103":74,"104":75,"105":76,"106":77,"107":78,"108":79,"109":80,"110":81,"111":82,"112":83,"113":84,"114":85,"115":86,"116":87,"117":88,"118":89,"119":90,"120":91,"121":92,"122":93,"123":94,"124":95,"125":96,"126":97,"160":98,"161":99,"162":100,"163":101,"165":102,"168":103,"169":104,"171":105,"174":106,"176":107,"180":108,"182":109,"184":110,"187":111,"191":112,"192":113,"193":114,"194":115,"195":116,"196":117,"197":118,"198":119,"199":120,"200":121,"201":122,"202":123,"203":124,"204":125,"205":126,"206":127,"207":128,"209":129,"210":130,"211":131,"212":132,"213":133,"214":134,"215":135,"216":136,"217":137,"218":138,"219":139,"220":140,"221":141,"223":142,"224":143,"225":144,"226":145,"227":146,"228":147,"229":148,"230":149,"231":150,"232":151,"233":152,"234":153,"235":154,"236":155,"237":156,"238":157,"239":158,"241":159,"242":160,"243":161,"244":162,"245":163,"246":164,"247":165,"249":166,"250":167,"251":168,"252":169,"253":170,"255":171,"305":172,"338":173,"339":174,"352":175,"353":176,"376":177,"381":178,"382":179,"710":180,"711":181,"730":182,"732":183,"8211":184,"8212":185,"8216":186,"8217":187,"8220":188,"8221":189,"8226":190,"8482":191,"8722":192},"Reserves":null,"Names":[],"Nodes":[],"Contributors":[],"FontIdentity":"a2192d4e74b650927316308df0323b21","Bytes":3667296,"Networking":null}