{"CSS":{"MoonDanceOne":"MoonDanceOne.css"},"FontType":"TrueType","FontCopyright":"(c)2004 Robert E. Leuschke --  6 Fordyce Manor, St. Charles, MO  63303 USA","FontName":"MoonDanceOne","FontSubfamily":"Book","FontSubfamilyID":"FontForge 2.0 : MoonDanceOne : 26-12-2016","FontFullName":"Moon Dance One","FontVersion":"Version Macromedia Fontograp ","FontWeight":null,"FontPostscriptName":"MoonDanceOne","Files":{"moondanceone.afm":"moondanceone.afm","moondanceone.bin":"moondanceone.bin","moondanceone.cef":"moondanceone.cef","moondanceone.cff":"moondanceone.cff","moondanceone.cid":"moondanceone.cid","moondanceone.dfont":"moondanceone.dfont","moondanceone.eot":"moondanceone.eot","moondanceone.fon":"moondanceone.fon","moondanceone.gai":"moondanceone.gai","moondanceone.gsf":"moondanceone.gsf","moondanceone.hqx":"moondanceone.hqx","moondanceone.ik":"moondanceone.ik","moondanceone.mf":"moondanceone.mf","moondanceone.otf":"moondanceone.otf","moondanceone.pcf":"moondanceone.pcf","moondanceone.pf3":"moondanceone.pf3","moondanceone.pfa":"moondanceone.pfa","moondanceone.pfb":"moondanceone.pfb","moondanceone.php":"moondanceone.php","moondanceone.pmf":"moondanceone.pmf","moondanceone.pt3":"moondanceone.pt3","moondanceone.sfd":"moondanceone.sfd","moondanceone.svg":"moondanceone.svg","moondanceone.t42":"moondanceone.t42","moondanceone.ttd":"moondanceone.ttd","moondanceone.ttf":"moondanceone.ttf","moondanceone.ttg":"moondanceone.ttg","moondanceone.ufm":"moondanceone.ufm","moondanceone.woff":"moondanceone.woff","moondanceone.z":"moondanceone.z","":{"moondanceone.afm":"moondanceone.afm","moondanceone.bin":"moondanceone.bin","moondanceone.cef":"moondanceone.cef","moondanceone.cff":"moondanceone.cff","moondanceone.cid":"moondanceone.cid","moondanceone.dfont":"moondanceone.dfont","moondanceone.eot":"moondanceone.eot","moondanceone.fon":"moondanceone.fon","moondanceone.gai":"moondanceone.gai","moondanceone.gsf":"moondanceone.gsf","moondanceone.hqx":"moondanceone.hqx","moondanceone.ik":"moondanceone.ik","moondanceone.mf":"moondanceone.mf","moondanceone.otf":"moondanceone.otf","moondanceone.pcf":"moondanceone.pcf","moondanceone.pf3":"moondanceone.pf3","moondanceone.pfa":"moondanceone.pfa","moondanceone.pfb":"moondanceone.pfb","moondanceone.php":"moondanceone.php","moondanceone.pmf":"moondanceone.pmf","moondanceone.pt3":"moondanceone.pt3","moondanceone.sfd":"moondanceone.sfd","moondanceone.svg":"moondanceone.svg","moondanceone.t42":"moondanceone.t42","moondanceone.ttd":"moondanceone.ttd","moondanceone.ttf":"moondanceone.ttf","moondanceone.ttg":"moondanceone.ttg","moondanceone.ufm":"moondanceone.ufm","moondanceone.woff":"moondanceone.woff","moondanceone.z":"moondanceone.z"},"\/moondanceone.ufo":{"feature.fea":"feature.fea","fontinfo.plist":"fontinfo.plist","groups.plist":"groups.plist","kerning.plist":"kerning.plist","metainfo.plist":"metainfo.plist"},"\/moondanceone.ufo\/glyphs":{"A_.glif":"A_.glif","A_E_.glif":"A_E_.glif","A_acute.glif":"A_acute.glif","A_circumflex.glif":"A_circumflex.glif","A_dieresis.glif":"A_dieresis.glif","A_grave.glif":"A_grave.glif","A_ring.glif":"A_ring.glif","A_tilde.glif":"A_tilde.glif","B_.glif":"B_.glif","C_.glif":"C_.glif","C_cedilla.glif":"C_cedilla.glif","D_.glif":"D_.glif","E_.glif":"E_.glif","E_acute.glif":"E_acute.glif","E_circumflex.glif":"E_circumflex.glif","E_dieresis.glif":"E_dieresis.glif","E_grave.glif":"E_grave.glif","F_.glif":"F_.glif","G_.glif":"G_.glif","H_.glif":"H_.glif","H_T_.glif":"H_T_.glif","I_.glif":"I_.glif","I_acute.glif":"I_acute.glif","I_circumflex.glif":"I_circumflex.glif","I_dieresis.glif":"I_dieresis.glif","I_grave.glif":"I_grave.glif","J_.glif":"J_.glif","K_.glif":"K_.glif","L_.glif":"L_.glif","M_.glif":"M_.glif","N_.glif":"N_.glif","N_tilde.glif":"N_tilde.glif","O_.glif":"O_.glif","O_E_.glif":"O_E_.glif","O_acute.glif":"O_acute.glif","O_circumflex.glif":"O_circumflex.glif","O_dieresis.glif":"O_dieresis.glif","O_grave.glif":"O_grave.glif","O_slash.glif":"O_slash.glif","O_tilde.glif":"O_tilde.glif","P_.glif":"P_.glif","Q_.glif":"Q_.glif","R_.glif":"R_.glif","S_.glif":"S_.glif","T_.glif":"T_.glif","U_.glif":"U_.glif","U_acute.glif":"U_acute.glif","U_circumflex.glif":"U_circumflex.glif","U_dieresis.glif":"U_dieresis.glif","U_grave.glif":"U_grave.glif","V_.glif":"V_.glif","W_.glif":"W_.glif","X_.glif":"X_.glif","Y_.glif":"Y_.glif","Y_dieresis.glif":"Y_dieresis.glif","Z_.glif":"Z_.glif","_notdef.glif":"_notdef.glif","_null.glif":"_null.glif","a.glif":"a.glif","aacute.glif":"aacute.glif","acircumflex.glif":"acircumflex.glif","acute.glif":"acute.glif","adieresis.glif":"adieresis.glif","agrave.glif":"agrave.glif","ampersand.glif":"ampersand.glif","apple.glif":"apple.glif","approxequal.glif":"approxequal.glif","aring.glif":"aring.glif","asciicircum.glif":"asciicircum.glif","asciitilde.glif":"asciitilde.glif","asterisk.glif":"asterisk.glif","at.glif":"at.glif","atilde.glif":"atilde.glif","b.glif":"b.glif","backslash.glif":"backslash.glif","bar.glif":"bar.glif","braceleft.glif":"braceleft.glif","braceright.glif":"braceright.glif","bracketleft.glif":"bracketleft.glif","bracketright.glif":"bracketright.glif","breve.glif":"breve.glif","bullet.glif":"bullet.glif","c.glif":"c.glif","ccedilla.glif":"ccedilla.glif","cedilla.glif":"cedilla.glif","cent.glif":"cent.glif","circumflex.glif":"circumflex.glif","colon.glif":"colon.glif","comma.glif":"comma.glif","contents.plist":"contents.plist","copyright.glif":"copyright.glif","d.glif":"d.glif","dagger.glif":"dagger.glif","daggerdbl.glif":"daggerdbl.glif","degree.glif":"degree.glif","dieresis.glif":"dieresis.glif","dollar.glif":"dollar.glif","dotlessi.glif":"dotlessi.glif","e.glif":"e.glif","eacute.glif":"eacute.glif","ecircumflex.glif":"ecircumflex.glif","edieresis.glif":"edieresis.glif","egrave.glif":"egrave.glif","eight.glif":"eight.glif","ellipsis.glif":"ellipsis.glif","emdash.glif":"emdash.glif","endash.glif":"endash.glif","equal.glif":"equal.glif","exclam.glif":"exclam.glif","exclamdown.glif":"exclamdown.glif","f.glif":"f.glif","five.glif":"five.glif","florin.glif":"florin.glif","four.glif":"four.glif","g.glif":"g.glif","germandbls.glif":"germandbls.glif","glyph2.glif":"glyph2.glif","glyph212.glif":"glyph212.glif","grave.glif":"grave.glif","greater.glif":"greater.glif","greaterequal.glif":"greaterequal.glif","guillemotleft.glif":"guillemotleft.glif","guillemotright.glif":"guillemotright.glif","h.glif":"h.glif","hyphen.glif":"hyphen.glif","i.glif":"i.glif","iacute.glif":"iacute.glif","icircumflex.glif":"icircumflex.glif","idieresis.glif":"idieresis.glif","igrave.glif":"igrave.glif","infinity.glif":"infinity.glif","integral.glif":"integral.glif","j.glif":"j.glif","k.glif":"k.glif","l.glif":"l.glif","less.glif":"less.glif","lessequal.glif":"lessequal.glif","lozenge.glif":"lozenge.glif","m.glif":"m.glif","macron.glif":"macron.glif","mu.glif":"mu.glif","n.glif":"n.glif","nine.glif":"nine.glif","nonbreakingspace.glif":"nonbreakingspace.glif","nonmarkingreturn.glif":"nonmarkingreturn.glif","notequal.glif":"notequal.glif","ntilde.glif":"ntilde.glif","numbersign.glif":"numbersign.glif","o.glif":"o.glif","oacute.glif":"oacute.glif","ocircumflex.glif":"ocircumflex.glif","odieresis.glif":"odieresis.glif","oe.glif":"oe.glif","ogonek.glif":"ogonek.glif","ograve.glif":"ograve.glif","one.glif":"one.glif","ordfeminine.glif":"ordfeminine.glif","ordmasculine.glif":"ordmasculine.glif","otilde.glif":"otilde.glif","p.glif":"p.glif","paragraph.glif":"paragraph.glif","parenleft.glif":"parenleft.glif","parenright.glif":"parenright.glif","partialdiff.glif":"partialdiff.glif","percent.glif":"percent.glif","period.glif":"period.glif","periodcentered.glif":"periodcentered.glif","perthousand.glif":"perthousand.glif","pi.glif":"pi.glif","plus.glif":"plus.glif","plusminus.glif":"plusminus.glif","product.glif":"product.glif","q.glif":"q.glif","question.glif":"question.glif","questiondown.glif":"questiondown.glif","quotedbl.glif":"quotedbl.glif","quotedblbase.glif":"quotedblbase.glif","quotedblleft.glif":"quotedblleft.glif","quotedblright.glif":"quotedblright.glif","quoteleft.glif":"quoteleft.glif","quoteright.glif":"quoteright.glif","quotesinglbase.glif":"quotesinglbase.glif","quotesingle.glif":"quotesingle.glif","r.glif":"r.glif","radical.glif":"radical.glif","registered.glif":"registered.glif","ring.glif":"ring.glif","s.glif":"s.glif","section.glif":"section.glif","semicolon.glif":"semicolon.glif","seven.glif":"seven.glif","six.glif":"six.glif","slash.glif":"slash.glif","space.glif":"space.glif","sterling.glif":"sterling.glif","t.glif":"t.glif","three.glif":"three.glif","threequarters.glif":"threequarters.glif","tilde.glif":"tilde.glif","trademark.glif":"trademark.glif","two.glif":"two.glif","u.glif":"u.glif","uacute.glif":"uacute.glif","ucircumflex.glif":"ucircumflex.glif","udieresis.glif":"udieresis.glif","ugrave.glif":"ugrave.glif","underscore.glif":"underscore.glif","v.glif":"v.glif","w.glif":"w.glif","x.glif":"x.glif","y.glif":"y.glif","yen.glif":"yen.glif","z.glif":"z.glif","zero.glif":"zero.glif"}},"Font":{"uploaded":1482699818.3819,"licence":"gpl3","company":"Chronolabs Cooperative","title":"Moon Dance One","version":2.001,"date":"Sat Oct 15 02:14:31 2016","creator":"root","type":"1","matrix":"0.001 0 0 0.001 0 0","named":"MoonDanceOne","painttype":"0","info":"10 dict dup","name":"MoonDanceOne","family":"MoonDanceOne","weight":"Book","fstype":"0","italicangle":"0","underlineposition":"","underlinethickness":""},"Table":{"FFTM":{"entryLength":16,"tag":"FFTM","checksum":1955262592,"offset":44008,"length":28},"GDEF":{"entryLength":16,"tag":"GDEF","checksum":16908292,"offset":43976,"length":32},"OS\/2":{"entryLength":16,"tag":"OS\/2","checksum":2017854644,"offset":344,"length":86},"cmap":{"entryLength":16,"tag":"cmap","checksum":2921443295,"offset":1284,"length":674},"gasp":{"entryLength":16,"tag":"gasp","checksum":4294901763,"offset":43968,"length":8},"glyf":{"entryLength":16,"tag":"glyf","checksum":2836899692,"offset":2388,"length":40352},"head":{"entryLength":16,"tag":"head","checksum":302589329,"offset":220,"length":54},"hhea":{"entryLength":16,"tag":"hhea","checksum":233700493,"offset":276,"length":36},"hmtx":{"entryLength":16,"tag":"hmtx","checksum":2045119679,"offset":432,"length":852},"loca":{"entryLength":16,"tag":"loca","checksum":1952684106,"offset":1960,"length":428},"maxp":{"entryLength":16,"tag":"maxp","checksum":22086221,"offset":312,"length":32},"name":{"entryLength":16,"tag":"name","checksum":993916448,"offset":42740,"length":747},"post":{"entryLength":16,"tag":"post","checksum":2342549228,"offset":43488,"length":479}},"UnicodeCharMap":{"0":1,"13":210,"32":3,"33":4,"34":5,"35":6,"36":7,"37":8,"38":9,"39":10,"40":11,"41":12,"42":13,"43":14,"44":15,"45":16,"46":17,"47":18,"48":19,"49":20,"50":21,"51":22,"52":23,"53":24,"54":25,"55":26,"56":27,"57":28,"58":29,"59":30,"60":31,"61":32,"62":33,"63":34,"64":35,"65":36,"66":37,"67":38,"68":39,"69":40,"70":41,"71":42,"72":43,"73":44,"74":45,"75":46,"76":47,"77":48,"78":49,"79":50,"80":51,"81":52,"82":53,"83":54,"84":55,"85":56,"86":57,"87":58,"88":59,"89":60,"90":61,"91":62,"92":63,"93":64,"94":65,"95":66,"96":67,"97":68,"98":69,"99":70,"100":71,"101":72,"102":73,"103":74,"104":75,"105":76,"106":77,"107":78,"108":79,"109":80,"110":81,"111":82,"112":83,"113":84,"114":85,"115":86,"116":87,"117":88,"118":89,"119":90,"120":91,"121":92,"122":93,"123":94,"124":95,"125":96,"126":97,"160":98,"161":99,"162":100,"163":101,"165":102,"167":103,"168":104,"169":105,"170":106,"171":107,"174":108,"175":109,"176":110,"177":111,"180":112,"182":114,"183":115,"184":116,"186":117,"187":118,"190":119,"191":120,"192":121,"193":122,"194":123,"195":124,"196":125,"197":126,"198":127,"199":128,"200":129,"201":130,"202":131,"203":132,"204":133,"205":134,"206":135,"207":136,"209":137,"210":138,"211":139,"212":140,"213":141,"214":142,"216":143,"217":144,"218":145,"219":146,"220":147,"223":148,"224":149,"225":150,"226":151,"227":152,"228":153,"229":154,"231":155,"232":156,"233":157,"234":158,"235":159,"236":160,"237":161,"238":162,"239":163,"241":164,"242":165,"243":166,"244":167,"245":168,"246":169,"249":170,"250":171,"251":172,"252":173,"305":205,"338":179,"339":180,"376":187,"402":177,"710":192,"728":206,"730":207,"731":208,"732":193,"956":113,"960":200,"8211":181,"8212":182,"8216":185,"8217":186,"8218":189,"8220":183,"8221":184,"8222":190,"8224":174,"8225":188,"8226":175,"8230":178,"8240":191,"8482":176,"8706":198,"8719":199,"8730":202,"8734":195,"8747":201,"8776":203,"8800":194,"8804":196,"8805":197,"9674":204},"Reserves":null,"Names":[],"Nodes":{"mo":{"type":"typal","node":"mo","usage":1,"weight":1},"on":{"type":"typal","node":"on","usage":1,"weight":2},"da":{"type":"typal","node":"da","usage":1,"weight":1},"ce":{"type":"typal","node":"ce","usage":1,"weight":1},"ne":{"type":"typal","node":"ne","usage":1,"weight":1},"moo":{"type":"typal","node":"moo","usage":1,"weight":1},"oon":{"type":"typal","node":"oon","usage":1,"weight":1},"dan":{"type":"typal","node":"dan","usage":1,"weight":1},"nce":{"type":"typal","node":"nce","usage":1,"weight":1},"danc":{"type":"keys","node":"danc","usage":1,"weight":1},"ance":{"type":"keys","node":"ance","usage":1,"weight":1},"moon":{"type":"fixes","node":"moon","usage":1,"weight":1},"dance":{"type":"fixes","node":"dance","usage":1,"weight":1},"one":{"type":"fixes","node":"one","usage":1,"weight":1}},"Contributors":[],"FontIdentity":"1ee16b5e5e3f67e52ee87785fe5d127f","Bytes":4441195,"Networking":[],"barcode":"12we6qwi4cggio","referee":"m3siuk"}