{"CSS":{"Adamina":"Adamina.css"},"FontType":"TrueType","FontCopyright":"Copyright (c) 2011, Cyreal (www.cyreal.org)\rwith Reserved Font Name \"Adamina\" and \"Adamina Regular\".\r\rThis Font Software is licensed under the SIL Open Font License,\rVersion 1.1. This license is available with a FAQ at:\rhttp:\/\/scripts.sil.org\/OFL","FontName":"Adamina","FontSubfamily":"Regular","FontSubfamilyID":"Cyreal(www.cyreal.org): Adamina: 2011","FontFullName":"Adamina","FontVersion":"Version 1.010","FontWeight":null,"FontPostscriptName":"Adamina-Regular","Files":{"CrevilBlack.css":"CrevilBlack.css","Font Preview for .gif":"Font Preview for .gif","Font Preview for .jpg":"Font Preview for .jpg","Font Preview for .png":"Font Preview for .png","crevilblack.afm":"crevilblack.afm","crevilblack.bin":"crevilblack.bin","crevilblack.cef":"crevilblack.cef","crevilblack.cff":"crevilblack.cff","crevilblack.dfont":"crevilblack.dfont","crevilblack.eot":"crevilblack.eot","crevilblack.fon":"crevilblack.fon","crevilblack.gai":"crevilblack.gai","crevilblack.gsf":"crevilblack.gsf","crevilblack.hqx":"crevilblack.hqx","crevilblack.ik":"crevilblack.ik","crevilblack.mf":"crevilblack.mf","crevilblack.otf":"crevilblack.otf","crevilblack.pcf":"crevilblack.pcf","crevilblack.pf3":"crevilblack.pf3","crevilblack.pfa":"crevilblack.pfa","crevilblack.pfb":"crevilblack.pfb","crevilblack.pmf":"crevilblack.pmf","crevilblack.pt3":"crevilblack.pt3","crevilblack.sfd":"crevilblack.sfd","crevilblack.svg":"crevilblack.svg","crevilblack.t42":"crevilblack.t42","crevilblack.ttd":"crevilblack.ttd","crevilblack.ttf":"crevilblack.ttf","crevilblack.ttg":"crevilblack.ttg","crevilblack.woff":"crevilblack.woff","font-name-banner.gif":"font-name-banner.gif","font-name-banner.jpg":"font-name-banner.jpg","font-name-banner.png":"font-name-banner.png","font-resource.json":"font-resource.json"},"Table":{"FFTM":{"entryLength":16,"tag":"FFTM","checksum":1633946449,"offset":64248,"length":28},"GDEF":{"entryLength":16,"tag":"GDEF","checksum":17694724,"offset":52188,"length":32},"GPOS":{"entryLength":16,"tag":"GPOS","checksum":1866759922,"offset":52252,"length":11996},"GSUB":{"entryLength":16,"tag":"GSUB","checksum":1821471887,"offset":52220,"length":32},"OS\/2":{"entryLength":16,"tag":"OS\/2","checksum":1744700617,"offset":424,"length":96},"cmap":{"entryLength":16,"tag":"cmap","checksum":2509570572,"offset":1420,"length":450},"cvt ":{"entryLength":16,"tag":"cvt ","checksum":77660455,"offset":2584,"length":28},"fpgm":{"entryLength":16,"tag":"fpgm","checksum":106535991,"offset":1872,"length":371},"gasp":{"entryLength":16,"tag":"gasp","checksum":458759,"offset":52176,"length":12},"glyf":{"entryLength":16,"tag":"glyf","checksum":2991472316,"offset":3064,"length":45444},"head":{"entryLength":16,"tag":"head","checksum":159039646,"offset":300,"length":54},"hhea":{"entryLength":16,"tag":"hhea","checksum":144901265,"offset":356,"length":36},"hmtx":{"entryLength":16,"tag":"hmtx","checksum":4066385518,"offset":520,"length":900},"loca":{"entryLength":16,"tag":"loca","checksum":2832324402,"offset":2612,"length":452},"maxp":{"entryLength":16,"tag":"maxp","checksum":50397890,"offset":392,"length":32},"name":{"entryLength":16,"tag":"name","checksum":563835739,"offset":48508,"length":3051},"post":{"entryLength":16,"tag":"post","checksum":4276468057,"offset":51560,"length":614},"prep":{"entryLength":16,"tag":"prep","checksum":739318376,"offset":2244,"length":340}},"UnicodeCharMap":{"32":3,"33":4,"34":5,"35":6,"36":7,"37":8,"38":9,"39":10,"40":11,"41":12,"42":13,"43":14,"44":15,"45":16,"46":17,"47":18,"48":19,"49":20,"50":21,"51":22,"52":23,"53":24,"54":25,"55":26,"56":27,"57":28,"58":29,"59":30,"60":31,"61":32,"62":33,"63":34,"64":35,"65":36,"66":37,"67":38,"68":39,"69":40,"70":41,"71":42,"72":43,"73":44,"74":45,"75":46,"76":47,"77":48,"78":49,"79":50,"80":51,"81":52,"82":53,"83":54,"84":55,"85":56,"86":57,"87":58,"88":59,"89":60,"90":61,"91":62,"92":63,"93":64,"94":65,"95":66,"96":67,"97":68,"98":69,"99":70,"100":71,"101":72,"102":73,"103":74,"104":75,"105":76,"106":77,"107":78,"108":79,"109":80,"110":81,"111":82,"112":83,"113":84,"114":85,"115":86,"116":87,"117":88,"118":89,"119":90,"120":91,"121":92,"122":93,"123":94,"124":95,"125":96,"126":97,"160":98,"161":99,"162":100,"163":101,"164":102,"165":103,"166":104,"167":105,"168":106,"169":107,"170":108,"171":109,"172":110,"173":111,"174":112,"175":113,"176":114,"177":115,"178":116,"179":117,"180":118,"181":119,"182":120,"183":121,"184":122,"185":123,"186":124,"187":125,"188":126,"189":127,"190":128,"191":129,"192":130,"193":131,"194":132,"195":133,"196":134,"197":135,"198":136,"199":137,"200":138,"201":139,"202":140,"203":141,"204":142,"205":143,"206":144,"207":145,"208":146,"209":147,"210":148,"211":149,"212":150,"213":151,"214":152,"215":153,"216":154,"217":155,"218":156,"219":157,"220":158,"221":159,"222":160,"223":161,"224":162,"225":163,"226":164,"227":165,"228":166,"229":167,"230":168,"231":169,"232":170,"233":171,"234":172,"235":173,"236":174,"237":175,"238":176,"239":177,"240":178,"241":179,"242":180,"243":181,"244":182,"245":183,"246":184,"247":185,"248":186,"249":187,"250":188,"251":189,"252":190,"253":191,"254":192,"255":193,"305":194,"338":195,"339":196,"710":197,"711":198,"730":199,"732":200,"956":119,"8211":201,"8212":202,"8216":203,"8217":204,"8218":205,"8220":206,"8221":207,"8222":208,"8226":209,"8249":210,"8250":211,"8260":212,"8308":213,"8364":214,"8722":215},"Reserves":{"fontname":"Adamina"},"Names":{"Adamina":{"name":"Adamina","longitude":null,"latitude":null,"country":"","region":"","city":""}},"Nodes":{"ad":{"type":"typal","node":"ad","usage":1,"weight":1},"na":{"type":"typal","node":"na","usage":1,"weight":1},"ada":{"type":"typal","node":"ada","usage":1,"weight":1},"ina":{"type":"typal","node":"ina","usage":1,"weight":1},"adam":{"type":"keys","node":"adam","usage":1,"weight":1},"mina":{"type":"keys","node":"mina","usage":1,"weight":1},"adami":{"type":"keys","node":"adami","usage":1,"weight":1},"amina":{"type":"keys","node":"amina","usage":1,"weight":1},"adamina":{"type":"fixes","node":"adamina","usage":1,"weight":1}},"Contributors":[],"FontIdentity":"b1324cbe3370afc4795d9e702a9f27af","Bytes":null,"Networking":[]}