{"CSS":{"Axle-Bold":"Axle-Bold.css"},"FontType":"TrueType","FontCopyright":"Copyright (c) 2009 by Summitsoft Corporation. All rights reserved. Find more fonts at www.summitsoftcorp.com or www.macwareinc.com.","FontName":"Axle Bold","FontSubfamily":"Bold","FontSubfamilyID":"SummitsoftCorporation: Axle Bold: 2009","FontFullName":"Axle-Bold","FontVersion":"Version 1.000","FontWeight":null,"FontPostscriptName":"Axle-Bold","Files":{"Font Preview for .gif":"Font Preview for .gif","Font Preview for .jpg":"Font Preview for .jpg","Font Preview for .png":"Font Preview for .png","Open Sans Extrabold Italic.css":"Open Sans Extrabold Italic.css","font-name-banner.gif":"font-name-banner.gif","font-name-banner.jpg":"font-name-banner.jpg","font-name-banner.png":"font-name-banner.png","font-resource.json":"font-resource.json","opensans-extrabolditalic.afm":"opensans-extrabolditalic.afm","opensans-extrabolditalic.bin":"opensans-extrabolditalic.bin","opensans-extrabolditalic.cef":"opensans-extrabolditalic.cef","opensans-extrabolditalic.cff":"opensans-extrabolditalic.cff","opensans-extrabolditalic.dfont":"opensans-extrabolditalic.dfont","opensans-extrabolditalic.eot":"opensans-extrabolditalic.eot","opensans-extrabolditalic.fon":"opensans-extrabolditalic.fon","opensans-extrabolditalic.gai":"opensans-extrabolditalic.gai","opensans-extrabolditalic.gsf":"opensans-extrabolditalic.gsf","opensans-extrabolditalic.hqx":"opensans-extrabolditalic.hqx","opensans-extrabolditalic.ik":"opensans-extrabolditalic.ik","opensans-extrabolditalic.mf":"opensans-extrabolditalic.mf","opensans-extrabolditalic.otf":"opensans-extrabolditalic.otf","opensans-extrabolditalic.pcf":"opensans-extrabolditalic.pcf","opensans-extrabolditalic.pf3":"opensans-extrabolditalic.pf3","opensans-extrabolditalic.pfa":"opensans-extrabolditalic.pfa","opensans-extrabolditalic.pfb":"opensans-extrabolditalic.pfb","opensans-extrabolditalic.pmf":"opensans-extrabolditalic.pmf","opensans-extrabolditalic.pt3":"opensans-extrabolditalic.pt3","opensans-extrabolditalic.sfd":"opensans-extrabolditalic.sfd","opensans-extrabolditalic.svg":"opensans-extrabolditalic.svg","opensans-extrabolditalic.t42":"opensans-extrabolditalic.t42","opensans-extrabolditalic.ttd":"opensans-extrabolditalic.ttd","opensans-extrabolditalic.ttf":"opensans-extrabolditalic.ttf","opensans-extrabolditalic.ttg":"opensans-extrabolditalic.ttg","opensans-extrabolditalic.woff":"opensans-extrabolditalic.woff"},"Table":{"FFTM":{"entryLength":16,"tag":"FFTM","checksum":1500073756,"offset":34376,"length":28},"GDEF":{"entryLength":16,"tag":"GDEF","checksum":17432582,"offset":34344,"length":32},"OS\/2":{"entryLength":16,"tag":"OS\/2","checksum":1453655838,"offset":344,"length":96},"cmap":{"entryLength":16,"tag":"cmap","checksum":2102473454,"offset":1324,"length":410},"gasp":{"entryLength":16,"tag":"gasp","checksum":4294901763,"offset":34336,"length":8},"glyf":{"entryLength":16,"tag":"glyf","checksum":2797797300,"offset":2180,"length":20252},"head":{"entryLength":16,"tag":"head","checksum":149944139,"offset":220,"length":54},"hhea":{"entryLength":16,"tag":"hhea","checksum":106431597,"offset":276,"length":36},"hmtx":{"entryLength":16,"tag":"hmtx","checksum":1169232624,"offset":440,"length":884},"loca":{"entryLength":16,"tag":"loca","checksum":495202646,"offset":1736,"length":444},"maxp":{"entryLength":16,"tag":"maxp","checksum":19267666,"offset":312,"length":32},"name":{"entryLength":16,"tag":"name","checksum":2209012982,"offset":22432,"length":11403},"post":{"entryLength":16,"tag":"post","checksum":353044392,"offset":33836,"length":497}},"UnicodeCharMap":{"32":3,"33":4,"34":5,"35":6,"36":7,"37":8,"38":9,"39":10,"40":11,"41":12,"42":13,"43":14,"44":15,"45":16,"46":17,"47":18,"48":19,"49":20,"50":21,"51":22,"52":23,"53":24,"54":25,"55":26,"56":27,"57":28,"58":29,"59":30,"60":31,"61":32,"62":33,"63":34,"64":35,"65":36,"66":37,"67":38,"68":39,"69":40,"70":41,"71":42,"72":43,"73":44,"74":45,"75":46,"76":47,"77":48,"78":49,"79":50,"80":51,"81":52,"82":53,"83":54,"84":55,"85":56,"86":57,"87":58,"88":59,"89":60,"90":61,"91":62,"92":63,"93":64,"94":65,"95":66,"96":67,"97":68,"98":69,"99":70,"100":71,"101":72,"102":73,"103":74,"104":75,"105":76,"106":77,"107":78,"108":79,"109":80,"110":81,"111":82,"112":83,"113":84,"114":85,"115":86,"116":87,"117":88,"118":89,"119":90,"120":91,"121":92,"122":93,"123":94,"124":95,"125":96,"126":97,"160":98,"161":99,"163":100,"165":101,"173":102,"188":103,"189":104,"190":105,"191":106,"192":107,"193":108,"194":109,"195":110,"196":111,"197":112,"198":113,"199":114,"200":115,"201":116,"202":117,"203":118,"204":119,"205":120,"206":121,"207":122,"208":123,"209":124,"210":125,"211":126,"212":127,"213":128,"214":129,"215":130,"216":131,"217":132,"218":133,"219":134,"220":135,"221":136,"222":137,"223":138,"224":139,"225":140,"226":141,"227":142,"228":143,"229":144,"230":145,"231":146,"232":147,"233":148,"234":149,"235":150,"236":151,"237":152,"238":153,"239":154,"240":155,"241":156,"242":157,"243":158,"244":159,"245":160,"246":161,"247":162,"248":163,"249":164,"250":165,"251":166,"252":167,"253":168,"254":169,"255":170,"352":171,"353":172,"376":173,"381":174,"382":175,"8216":176,"8217":177,"8220":178,"8221":179,"8364":180},"Reserves":{"fontname":"Axle-Bold"},"Names":{"Axle-Bold":{"name":"Axle-Bold","longitude":null,"latitude":null,"country":"","region":"","city":""}},"Nodes":{"ax":{"type":"typal","node":"ax","usage":1,"weight":1},"le":{"type":"typal","node":"le","usage":1,"weight":1},"bo":{"type":"typal","node":"bo","usage":1,"weight":1},"ld":{"type":"typal","node":"ld","usage":1,"weight":1},"axl":{"type":"typal","node":"axl","usage":1,"weight":1},"xle":{"type":"typal","node":"xle","usage":1,"weight":1},"bol":{"type":"typal","node":"bol","usage":1,"weight":1},"old":{"type":"typal","node":"old","usage":1,"weight":1},"axle":{"type":"fixes","node":"axle","usage":1,"weight":1},"bold":{"type":"fixes","node":"bold","usage":1,"weight":1}},"Contributors":[],"FontIdentity":"9005a75ad5eb46895ec4b05b8989f89a","Bytes":null,"Networking":[]}