{"CSS":{"Excelsior EastA Italic":"Excelsior+EastA+Italic.css"},"FontType":"TrueType","FontCopyright":"Copyright (c) 1987, 1991 Adobe Systems Incorporated.  All Rights Reserved.Excelsior is a trademark of Linotype AG and\/or its subsidiaries.","FontName":"Excelsior","FontSubfamily":"Italic","FontSubfamilyID":"FontForge 2.0 : Excelsior EastA Italic : 27-8-2016","FontFullName":"Excelsior East A Italic","FontVersion":"Version 001.000 ","FontWeight":null,"FontPostscriptName":"ExcelsiorEastA-Italic","Files":{"excelsioreasta-italic.afm":"excelsioreasta-italic.afm","excelsioreasta-italic.bin":"excelsioreasta-italic.bin","excelsioreasta-italic.cef":"excelsioreasta-italic.cef","excelsioreasta-italic.cff":"excelsioreasta-italic.cff","excelsioreasta-italic.cid":"excelsioreasta-italic.cid","excelsioreasta-italic.dfont":"excelsioreasta-italic.dfont","excelsioreasta-italic.eot":"excelsioreasta-italic.eot","excelsioreasta-italic.fon":"excelsioreasta-italic.fon","excelsioreasta-italic.gai":"excelsioreasta-italic.gai","excelsioreasta-italic.gsf":"excelsioreasta-italic.gsf","excelsioreasta-italic.hqx":"excelsioreasta-italic.hqx","excelsioreasta-italic.ik":"excelsioreasta-italic.ik","excelsioreasta-italic.mf":"excelsioreasta-italic.mf","excelsioreasta-italic.otf":"excelsioreasta-italic.otf","excelsioreasta-italic.pcf":"excelsioreasta-italic.pcf","excelsioreasta-italic.pf3":"excelsioreasta-italic.pf3","excelsioreasta-italic.pfa":"excelsioreasta-italic.pfa","excelsioreasta-italic.pfb":"excelsioreasta-italic.pfb","excelsioreasta-italic.php":"excelsioreasta-italic.php","excelsioreasta-italic.pmf":"excelsioreasta-italic.pmf","excelsioreasta-italic.pt3":"excelsioreasta-italic.pt3","excelsioreasta-italic.sfd":"excelsioreasta-italic.sfd","excelsioreasta-italic.svg":"excelsioreasta-italic.svg","excelsioreasta-italic.t42":"excelsioreasta-italic.t42","excelsioreasta-italic.ttd":"excelsioreasta-italic.ttd","excelsioreasta-italic.ttf":"excelsioreasta-italic.ttf","excelsioreasta-italic.ttg":"excelsioreasta-italic.ttg","excelsioreasta-italic.ufm":"excelsioreasta-italic.ufm","excelsioreasta-italic.woff":"excelsioreasta-italic.woff","excelsioreasta-italic.z":"excelsioreasta-italic.z","":{"excelsioreasta-italic.afm":"excelsioreasta-italic.afm","excelsioreasta-italic.bin":"excelsioreasta-italic.bin","excelsioreasta-italic.cef":"excelsioreasta-italic.cef","excelsioreasta-italic.cff":"excelsioreasta-italic.cff","excelsioreasta-italic.cid":"excelsioreasta-italic.cid","excelsioreasta-italic.dfont":"excelsioreasta-italic.dfont","excelsioreasta-italic.eot":"excelsioreasta-italic.eot","excelsioreasta-italic.fon":"excelsioreasta-italic.fon","excelsioreasta-italic.gai":"excelsioreasta-italic.gai","excelsioreasta-italic.gsf":"excelsioreasta-italic.gsf","excelsioreasta-italic.hqx":"excelsioreasta-italic.hqx","excelsioreasta-italic.ik":"excelsioreasta-italic.ik","excelsioreasta-italic.mf":"excelsioreasta-italic.mf","excelsioreasta-italic.otf":"excelsioreasta-italic.otf","excelsioreasta-italic.pcf":"excelsioreasta-italic.pcf","excelsioreasta-italic.pf3":"excelsioreasta-italic.pf3","excelsioreasta-italic.pfa":"excelsioreasta-italic.pfa","excelsioreasta-italic.pfb":"excelsioreasta-italic.pfb","excelsioreasta-italic.php":"excelsioreasta-italic.php","excelsioreasta-italic.pmf":"excelsioreasta-italic.pmf","excelsioreasta-italic.pt3":"excelsioreasta-italic.pt3","excelsioreasta-italic.sfd":"excelsioreasta-italic.sfd","excelsioreasta-italic.svg":"excelsioreasta-italic.svg","excelsioreasta-italic.t42":"excelsioreasta-italic.t42","excelsioreasta-italic.ttd":"excelsioreasta-italic.ttd","excelsioreasta-italic.ttf":"excelsioreasta-italic.ttf","excelsioreasta-italic.ttg":"excelsioreasta-italic.ttg","excelsioreasta-italic.ufm":"excelsioreasta-italic.ufm","excelsioreasta-italic.woff":"excelsioreasta-italic.woff","excelsioreasta-italic.z":"excelsioreasta-italic.z"},"\/excelsioreasta-italic.ufo":{"feature.fea":"feature.fea","fontinfo.plist":"fontinfo.plist","groups.plist":"groups.plist","kerning.plist":"kerning.plist","metainfo.plist":"metainfo.plist"},"\/excelsioreasta-italic.ufo\/glyphs":{"A_.glif":"A_.glif","A_acute.glif":"A_acute.glif","A_breve.glif":"A_breve.glif","A_circumflex.glif":"A_circumflex.glif","A_dieresis.glif":"A_dieresis.glif","A_ogonek.glif":"A_ogonek.glif","B_.glif":"B_.glif","C_.glif":"C_.glif","C_acute.glif":"C_acute.glif","C_caron.glif":"C_caron.glif","C_cedilla.glif":"C_cedilla.glif","D_.glif":"D_.glif","D_caron.glif":"D_caron.glif","D_croat.glif":"D_croat.glif","E_.glif":"E_.glif","E_acute.glif":"E_acute.glif","E_caron.glif":"E_caron.glif","E_dieresis.glif":"E_dieresis.glif","E_ogonek.glif":"E_ogonek.glif","F_.glif":"F_.glif","G_.glif":"G_.glif","H_.glif":"H_.glif","I_.glif":"I_.glif","I_acute.glif":"I_acute.glif","I_circumflex.glif":"I_circumflex.glif","J_.glif":"J_.glif","K_.glif":"K_.glif","L_.glif":"L_.glif","L_acute.glif":"L_acute.glif","L_quoteright.glif":"L_quoteright.glif","L_slash.glif":"L_slash.glif","M_.glif":"M_.glif","N_.glif":"N_.glif","N_acute.glif":"N_acute.glif","N_caron.glif":"N_caron.glif","O_.glif":"O_.glif","O_acute.glif":"O_acute.glif","O_circumflex.glif":"O_circumflex.glif","O_dieresis.glif":"O_dieresis.glif","O_hungarumlaut.glif":"O_hungarumlaut.glif","P_.glif":"P_.glif","Q_.glif":"Q_.glif","R_.glif":"R_.glif","R_acute.glif":"R_acute.glif","R_caron.glif":"R_caron.glif","S_.glif":"S_.glif","S_acute.glif":"S_acute.glif","S_caron.glif":"S_caron.glif","S_commaaccent.glif":"S_commaaccent.glif","T_.glif":"T_.glif","T_caron.glif":"T_caron.glif","T_commaaccent.glif":"T_commaaccent.glif","U_.glif":"U_.glif","U_acute.glif":"U_acute.glif","U_dieresis.glif":"U_dieresis.glif","U_hungarumlaut.glif":"U_hungarumlaut.glif","U_ring.glif":"U_ring.glif","V_.glif":"V_.glif","W_.glif":"W_.glif","X_.glif":"X_.glif","Y_.glif":"Y_.glif","Y_acute.glif":"Y_acute.glif","Z_.glif":"Z_.glif","Z_acute.glif":"Z_acute.glif","Z_caron.glif":"Z_caron.glif","Z_dotaccent.glif":"Z_dotaccent.glif","a.glif":"a.glif","aacute.glif":"aacute.glif","abreve.glif":"abreve.glif","acircumflex.glif":"acircumflex.glif","acute.glif":"acute.glif","adieresis.glif":"adieresis.glif","ampersand.glif":"ampersand.glif","aogonek.glif":"aogonek.glif","asciicircum.glif":"asciicircum.glif","asciitilde.glif":"asciitilde.glif","asterisk.glif":"asterisk.glif","at.glif":"at.glif","b.glif":"b.glif","backslash.glif":"backslash.glif","bar.glif":"bar.glif","braceleft.glif":"braceleft.glif","braceright.glif":"braceright.glif","bracketleft.glif":"bracketleft.glif","bracketright.glif":"bracketright.glif","breve.glif":"breve.glif","c.glif":"c.glif","cacute.glif":"cacute.glif","caron.glif":"caron.glif","ccaron.glif":"ccaron.glif","ccedilla.glif":"ccedilla.glif","cedilla.glif":"cedilla.glif","circumflex.glif":"circumflex.glif","colon.glif":"colon.glif","comma.glif":"comma.glif","commaaccent.glif":"commaaccent.glif","contents.plist":"contents.plist","currency.glif":"currency.glif","d.glif":"d.glif","dcroat.glif":"dcroat.glif","dieresis.glif":"dieresis.glif","divide.glif":"divide.glif","dollar.glif":"dollar.glif","dotaccent.glif":"dotaccent.glif","dquoteright.glif":"dquoteright.glif","e.glif":"e.glif","eacute.glif":"eacute.glif","ecaron.glif":"ecaron.glif","edieresis.glif":"edieresis.glif","eight.glif":"eight.glif","emdash.glif":"emdash.glif","endash.glif":"endash.glif","eogonek.glif":"eogonek.glif","equal.glif":"equal.glif","exclam.glif":"exclam.glif","f.glif":"f.glif","five.glif":"five.glif","four.glif":"four.glif","g.glif":"g.glif","germandbls.glif":"germandbls.glif","grave.glif":"grave.glif","greater.glif":"greater.glif","guillemotleft.glif":"guillemotleft.glif","guillemotright.glif":"guillemotright.glif","guilsinglleft.glif":"guilsinglleft.glif","guilsinglright.glif":"guilsinglright.glif","h.glif":"h.glif","hungarumlaut.glif":"hungarumlaut.glif","hyphen.glif":"hyphen.glif","i.glif":"i.glif","iacute.glif":"iacute.glif","icircumflex.glif":"icircumflex.glif","j.glif":"j.glif","k.glif":"k.glif","l.glif":"l.glif","lacute.glif":"lacute.glif","less.glif":"less.glif","lquoteright.glif":"lquoteright.glif","lslash.glif":"lslash.glif","m.glif":"m.glif","multiply.glif":"multiply.glif","n.glif":"n.glif","nacute.glif":"nacute.glif","ncaron.glif":"ncaron.glif","nine.glif":"nine.glif","nonbreakingspace.glif":"nonbreakingspace.glif","numbersign.glif":"numbersign.glif","o.glif":"o.glif","oacute.glif":"oacute.glif","ocircumflex.glif":"ocircumflex.glif","odieresis.glif":"odieresis.glif","ogonek.glif":"ogonek.glif","ohungarumlaut.glif":"ohungarumlaut.glif","one.glif":"one.glif","p.glif":"p.glif","parenleft.glif":"parenleft.glif","parenright.glif":"parenright.glif","percent.glif":"percent.glif","period.glif":"period.glif","perthousand.glif":"perthousand.glif","plus.glif":"plus.glif","q.glif":"q.glif","question.glif":"question.glif","quotedbl.glif":"quotedbl.glif","quotedblbase.glif":"quotedblbase.glif","quotedblleft.glif":"quotedblleft.glif","quotedblright.glif":"quotedblright.glif","quoteleft.glif":"quoteleft.glif","quoteright.glif":"quoteright.glif","quotesingle.glif":"quotesingle.glif","r.glif":"r.glif","racute.glif":"racute.glif","rcaron.glif":"rcaron.glif","ring.glif":"ring.glif","s.glif":"s.glif","sacute.glif":"sacute.glif","scaron.glif":"scaron.glif","scommaaccent.glif":"scommaaccent.glif","section.glif":"section.glif","semicolon.glif":"semicolon.glif","seven.glif":"seven.glif","six.glif":"six.glif","slash.glif":"slash.glif","softhyphen.glif":"softhyphen.glif","space.glif":"space.glif","t.glif":"t.glif","tcommaaccent.glif":"tcommaaccent.glif","three.glif":"three.glif","tquoteright.glif":"tquoteright.glif","two.glif":"two.glif","u.glif":"u.glif","uacute.glif":"uacute.glif","udieresis.glif":"udieresis.glif","uhungarumlaut.glif":"uhungarumlaut.glif","underscore.glif":"underscore.glif","uring.glif":"uring.glif","v.glif":"v.glif","w.glif":"w.glif","x.glif":"x.glif","y.glif":"y.glif","yacute.glif":"yacute.glif","z.glif":"z.glif","zacute.glif":"zacute.glif","zcaron.glif":"zcaron.glif","zdotaccent.glif":"zdotaccent.glif","zero.glif":"zero.glif"}},"Font":{"uploaded":1472276644.3913,"licence":"gpl3","company":"Chronolabs Cooperative","title":"Excelsior East A Italic","version":2.001,"date":"Fri Aug 12 15:56:34 2016","creator":"root","type":"1","matrix":"0.001 0 0 0.001 0 0","named":"ExcelsiorEastA-Italic","painttype":"0","info":"10 dict dup","name":"Excelsior EastA Italic","family":"Excelsior","weight":"Medium","fstype":"0","italicangle":"-15","underlineposition":"","underlinethickness":""},"Table":{"FFTM":{"entryLength":16,"tag":"FFTM","checksum":1944309236,"offset":34904,"length":28},"GDEF":{"entryLength":16,"tag":"GDEF","checksum":16580614,"offset":34872,"length":32},"OS\/2":{"entryLength":16,"tag":"OS\/2","checksum":1458438220,"offset":344,"length":86},"cmap":{"entryLength":16,"tag":"cmap","checksum":280898230,"offset":1264,"length":838},"gasp":{"entryLength":16,"tag":"gasp","checksum":4294901763,"offset":34864,"length":8},"glyf":{"entryLength":16,"tag":"glyf","checksum":736768218,"offset":2524,"length":30512},"head":{"entryLength":16,"tag":"head","checksum":179303919,"offset":220,"length":54},"hhea":{"entryLength":16,"tag":"hhea","checksum":131924956,"offset":276,"length":36},"hmtx":{"entryLength":16,"tag":"hmtx","checksum":3427345876,"offset":432,"length":832},"loca":{"entryLength":16,"tag":"loca","checksum":433519360,"offset":2104,"length":418},"maxp":{"entryLength":16,"tag":"maxp","checksum":18415731,"offset":312,"length":32},"name":{"entryLength":16,"tag":"name","checksum":812301765,"offset":33036,"length":981},"post":{"entryLength":16,"tag":"post","checksum":667790986,"offset":34020,"length":842}},"UnicodeCharMap":{"32":3,"33":4,"34":5,"35":6,"36":7,"37":8,"38":9,"39":10,"40":11,"41":12,"42":13,"43":14,"44":15,"45":16,"46":17,"47":18,"48":19,"49":20,"50":21,"51":22,"52":23,"53":24,"54":25,"55":26,"56":27,"57":28,"58":29,"59":30,"60":31,"61":32,"62":33,"63":34,"64":35,"65":36,"66":37,"67":38,"68":39,"69":40,"70":41,"71":42,"72":43,"73":44,"74":45,"75":46,"76":47,"77":48,"78":49,"79":50,"80":51,"81":52,"82":53,"83":54,"84":55,"85":56,"86":57,"87":58,"88":59,"89":60,"90":61,"91":62,"92":63,"93":64,"94":65,"95":66,"96":67,"97":68,"98":69,"99":70,"100":71,"101":72,"102":73,"103":74,"104":75,"105":76,"106":77,"107":78,"108":79,"109":80,"110":81,"111":82,"112":83,"113":84,"114":85,"115":86,"116":87,"117":88,"118":89,"119":90,"120":91,"121":92,"122":93,"123":94,"124":95,"125":96,"126":97,"160":112,"164":116,"167":119,"168":120,"171":98,"173":125,"180":132,"184":109,"187":99,"193":145,"194":146,"196":148,"199":151,"201":153,"203":155,"205":157,"206":158,"211":163,"212":164,"214":166,"215":167,"218":170,"220":172,"221":173,"223":175,"225":177,"226":178,"228":180,"231":183,"233":185,"235":187,"237":189,"238":190,"243":195,"244":196,"246":198,"247":199,"250":202,"252":204,"253":205,"258":147,"259":179,"260":113,"261":129,"262":150,"263":182,"268":152,"269":184,"270":159,"272":160,"273":192,"280":154,"281":186,"282":156,"283":188,"313":149,"314":181,"321":115,"322":131,"323":161,"324":193,"327":162,"328":194,"336":165,"337":197,"340":144,"341":176,"344":168,"345":200,"346":118,"347":134,"352":121,"353":137,"354":174,"355":206,"356":123,"366":169,"367":201,"368":171,"369":203,"377":124,"378":140,"379":127,"380":143,"381":126,"382":142,"536":122,"537":138,"710":110,"711":135,"728":114,"729":207,"730":128,"731":130,"733":141,"8211":107,"8212":108,"8216":102,"8217":103,"8220":104,"8221":105,"8222":106,"8240":111,"8249":100,"8250":101},"Reserves":null,"Names":[],"Nodes":{"ex":{"type":"typal","node":"ex","usage":1,"weight":1},"or":{"type":"typal","node":"or","usage":1,"weight":1},"exc":{"type":"typal","node":"exc","usage":1,"weight":1},"ior":{"type":"typal","node":"ior","usage":1,"weight":1},"exce":{"type":"keys","node":"exce","usage":1,"weight":1},"sior":{"type":"keys","node":"sior","usage":1,"weight":1},"excel":{"type":"keys","node":"excel","usage":1,"weight":1},"lsior":{"type":"keys","node":"lsior","usage":1,"weight":1},"excelsior":{"type":"fixes","node":"excelsior","usage":1,"weight":1}},"Contributors":[],"FontIdentity":"70e658df83962006fcd017e733488a30","Bytes":2969729,"Networking":[],"barcode":"86gaeo3i86cio","referee":"iSWeA"}