{"CSS":{"HancockParkLaser Park Bold Laser:2\/3\/89 3:53:05 PM":"HancockParkLaser+Park+Bold+Laser%3A2%2F3%2F89+3%3A53%3A05+PM.css"},"FontType":"TrueType","FontCopyright":"Hancock Park Bold Laser by Software Complement, copyright by Dubl-Click Software, Inc. 818\/700-9525.","FontName":"HancockParkLaser","FontSubfamily":"BoldLaser","FontSubfamilyID":"FontForge 2.0 : HancockParkLaser Park Bold Laser:2\/3\/89 3:53:05 PM : 11-10-2016","FontFullName":"Hancock Park Laser Bold 2 3 8 9 5 0 PM","FontVersion":"Version 2\/3\/89 3:53:05 PM ","FontWeight":null,"FontPostscriptName":"HancockParkBoldLaser","Files":{"hancok-b.afm":"hancok-b.afm","hancok-b.bin":"hancok-b.bin","hancok-b.cef":"hancok-b.cef","hancok-b.cff":"hancok-b.cff","hancok-b.cid":"hancok-b.cid","hancok-b.dfont":"hancok-b.dfont","hancok-b.eot":"hancok-b.eot","hancok-b.fon":"hancok-b.fon","hancok-b.gai":"hancok-b.gai","hancok-b.gsf":"hancok-b.gsf","hancok-b.hqx":"hancok-b.hqx","hancok-b.ik":"hancok-b.ik","hancok-b.mf":"hancok-b.mf","hancok-b.otf":"hancok-b.otf","hancok-b.pcf":"hancok-b.pcf","hancok-b.pf3":"hancok-b.pf3","hancok-b.pfa":"hancok-b.pfa","hancok-b.pfb":"hancok-b.pfb","hancok-b.php":"hancok-b.php","hancok-b.pmf":"hancok-b.pmf","hancok-b.pt3":"hancok-b.pt3","hancok-b.sfd":"hancok-b.sfd","hancok-b.svg":"hancok-b.svg","hancok-b.t42":"hancok-b.t42","hancok-b.ttd":"hancok-b.ttd","hancok-b.ttf":"hancok-b.ttf","hancok-b.ttg":"hancok-b.ttg","hancok-b.ufm":"hancok-b.ufm","hancok-b.woff":"hancok-b.woff","hancok-b.z":"hancok-b.z","":{"hancok-b.afm":"hancok-b.afm","hancok-b.bin":"hancok-b.bin","hancok-b.cef":"hancok-b.cef","hancok-b.cff":"hancok-b.cff","hancok-b.cid":"hancok-b.cid","hancok-b.dfont":"hancok-b.dfont","hancok-b.eot":"hancok-b.eot","hancok-b.fon":"hancok-b.fon","hancok-b.gai":"hancok-b.gai","hancok-b.gsf":"hancok-b.gsf","hancok-b.hqx":"hancok-b.hqx","hancok-b.ik":"hancok-b.ik","hancok-b.mf":"hancok-b.mf","hancok-b.otf":"hancok-b.otf","hancok-b.pcf":"hancok-b.pcf","hancok-b.pf3":"hancok-b.pf3","hancok-b.pfa":"hancok-b.pfa","hancok-b.pfb":"hancok-b.pfb","hancok-b.php":"hancok-b.php","hancok-b.pmf":"hancok-b.pmf","hancok-b.pt3":"hancok-b.pt3","hancok-b.sfd":"hancok-b.sfd","hancok-b.svg":"hancok-b.svg","hancok-b.t42":"hancok-b.t42","hancok-b.ttd":"hancok-b.ttd","hancok-b.ttf":"hancok-b.ttf","hancok-b.ttg":"hancok-b.ttg","hancok-b.ufm":"hancok-b.ufm","hancok-b.woff":"hancok-b.woff","hancok-b.z":"hancok-b.z"},"\/hancok-b.ufo":{"feature.fea":"feature.fea","fontinfo.plist":"fontinfo.plist","groups.plist":"groups.plist","kerning.plist":"kerning.plist","metainfo.plist":"metainfo.plist"},"\/hancok-b.ufo\/glyphs":{"A_.glif":"A_.glif","A_E_.glif":"A_E_.glif","A_acute.glif":"A_acute.glif","A_circumflex.glif":"A_circumflex.glif","A_dieresis.glif":"A_dieresis.glif","A_grave.glif":"A_grave.glif","A_ring.glif":"A_ring.glif","A_tilde.glif":"A_tilde.glif","B_.glif":"B_.glif","C_.glif":"C_.glif","C_cedilla.glif":"C_cedilla.glif","D_.glif":"D_.glif","D_C_1.glif":"D_C_1.glif","D_C_2.glif":"D_C_2.glif","D_C_3.glif":"D_C_3.glif","D_C_4.glif":"D_C_4.glif","E_.glif":"E_.glif","E_acute.a.glif":"E_acute.a.glif","E_acute.glif":"E_acute.glif","E_circumflex.glif":"E_circumflex.glif","E_dieresis.glif":"E_dieresis.glif","E_grave.glif":"E_grave.glif","F_.glif":"F_.glif","G_.glif":"G_.glif","H_.glif":"H_.glif","I_.glif":"I_.glif","I_acute.glif":"I_acute.glif","I_circumflex.glif":"I_circumflex.glif","I_dieresis.glif":"I_dieresis.glif","I_grave.glif":"I_grave.glif","J_.glif":"J_.glif","K_.glif":"K_.glif","L_.glif":"L_.glif","M_.glif":"M_.glif","N_.glif":"N_.glif","N_tilde.glif":"N_tilde.glif","O_.glif":"O_.glif","O_E_.glif":"O_E_.glif","O_acute.glif":"O_acute.glif","O_circumflex.glif":"O_circumflex.glif","O_dieresis.glif":"O_dieresis.glif","O_grave.glif":"O_grave.glif","O_slash.glif":"O_slash.glif","O_tilde.glif":"O_tilde.glif","P_.glif":"P_.glif","Q_.glif":"Q_.glif","R_.glif":"R_.glif","S_.glif":"S_.glif","T_.glif":"T_.glif","U_.glif":"U_.glif","U_acute.glif":"U_acute.glif","U_circumflex.glif":"U_circumflex.glif","U_dieresis.glif":"U_dieresis.glif","U_grave.glif":"U_grave.glif","V_.glif":"V_.glif","W_.glif":"W_.glif","X_.glif":"X_.glif","Y_.glif":"Y_.glif","Y_dieresis.glif":"Y_dieresis.glif","Z_.glif":"Z_.glif","_dummy.a.glif":"_dummy.a.glif","_dummy.b.glif":"_dummy.b.glif","_dummy.c.glif":"_dummy.c.glif","_dummy.d.glif":"_dummy.d.glif","_dummy.glif":"_dummy.glif","_notdef.glif":"_notdef.glif","_null.glif":"_null.glif","_space.glif":"_space.glif","a.glif":"a.glif","aacute.a.glif":"aacute.a.glif","aacute.glif":"aacute.glif","acircumflex.glif":"acircumflex.glif","acute.a.glif":"acute.a.glif","acute.glif":"acute.glif","adieresis.glif":"adieresis.glif","ae.glif":"ae.glif","agrave.glif":"agrave.glif","ampersand.glif":"ampersand.glif","apple.glif":"apple.glif","aring.glif":"aring.glif","asciicircum.glif":"asciicircum.glif","asciitilde.glif":"asciitilde.glif","asterisk.glif":"asterisk.glif","at.glif":"at.glif","atilde.glif":"atilde.glif","b.glif":"b.glif","backslash.glif":"backslash.glif","bar.glif":"bar.glif","braceleft.glif":"braceleft.glif","braceright.glif":"braceright.glif","bracketleft.glif":"bracketleft.glif","bracketright.glif":"bracketright.glif","breve.glif":"breve.glif","bullet.glif":"bullet.glif","c.glif":"c.glif","caron.glif":"caron.glif","ccedilla.glif":"ccedilla.glif","cent.glif":"cent.glif","circumflex.glif":"circumflex.glif","colon.glif":"colon.glif","comma.glif":"comma.glif","contents.plist":"contents.plist","copyright.a.glif":"copyright.a.glif","copyright.glif":"copyright.glif","d.glif":"d.glif","dagger.glif":"dagger.glif","daggerdbl.glif":"daggerdbl.glif","degree.glif":"degree.glif","dieresis.glif":"dieresis.glif","divide.glif":"divide.glif","dollar.glif":"dollar.glif","dotlessi.glif":"dotlessi.glif","e.glif":"e.glif","eacute.a.glif":"eacute.a.glif","eacute.glif":"eacute.glif","ecircumflex.glif":"ecircumflex.glif","edieresis.glif":"edieresis.glif","egrave.glif":"egrave.glif","eight.glif":"eight.glif","ellipsis.glif":"ellipsis.glif","emdash.glif":"emdash.glif","endash.glif":"endash.glif","equal.glif":"equal.glif","exclam.glif":"exclam.glif","exclamdown.glif":"exclamdown.glif","f.glif":"f.glif","fi.glif":"fi.glif","five.glif":"five.glif","fl.glif":"fl.glif","four.glif":"four.glif","g.glif":"g.glif","germandbls.glif":"germandbls.glif","grave.glif":"grave.glif","greater.glif":"greater.glif","guillemotleft.glif":"guillemotleft.glif","guillemotright.glif":"guillemotright.glif","guilsinglleft.glif":"guilsinglleft.glif","guilsinglright.glif":"guilsinglright.glif","h.glif":"h.glif","hyphen.glif":"hyphen.glif","i.glif":"i.glif","iacute.a.glif":"iacute.a.glif","iacute.glif":"iacute.glif","icircumflex.glif":"icircumflex.glif","idieresis.glif":"idieresis.glif","igrave.glif":"igrave.glif","j.glif":"j.glif","k.glif":"k.glif","l.glif":"l.glif","less.glif":"less.glif","lozenge.glif":"lozenge.glif","m.glif":"m.glif","macron.glif":"macron.glif","n.glif":"n.glif","nine.glif":"nine.glif","nonbreakingspace.glif":"nonbreakingspace.glif","notequal.glif":"notequal.glif","ntilde.glif":"ntilde.glif","numbersign.glif":"numbersign.glif","o.glif":"o.glif","oacute.a.glif":"oacute.a.glif","oacute.glif":"oacute.glif","ocircumflex.glif":"ocircumflex.glif","odieresis.glif":"odieresis.glif","oe.glif":"oe.glif","ograve.glif":"ograve.glif","one.glif":"one.glif","ordfeminine.a.glif":"ordfeminine.a.glif","ordfeminine.glif":"ordfeminine.glif","ordmasculine.a.glif":"ordmasculine.a.glif","ordmasculine.glif":"ordmasculine.glif","oslash.glif":"oslash.glif","otilde.glif":"otilde.glif","p.glif":"p.glif","paragraph.glif":"paragraph.glif","parenleft.glif":"parenleft.glif","parenright.glif":"parenright.glif","percent.a.glif":"percent.a.glif","percent.glif":"percent.glif","period.glif":"period.glif","periodcentered.glif":"periodcentered.glif","plus.glif":"plus.glif","q.glif":"q.glif","question.glif":"question.glif","questiondown.glif":"questiondown.glif","quotedbl.glif":"quotedbl.glif","quotedblleft.glif":"quotedblleft.glif","quotedblright.glif":"quotedblright.glif","quoteleft.glif":"quoteleft.glif","quoteright.glif":"quoteright.glif","quotesingle.glif":"quotesingle.glif","r.glif":"r.glif","registered.a.glif":"registered.a.glif","registered.glif":"registered.glif","s.glif":"s.glif","section.glif":"section.glif","semicolon.glif":"semicolon.glif","seven.glif":"seven.glif","six.glif":"six.glif","slash.glif":"slash.glif","space.glif":"space.glif","sterling.glif":"sterling.glif","t.glif":"t.glif","three.glif":"three.glif","tilde.glif":"tilde.glif","trademark.glif":"trademark.glif","two.glif":"two.glif","u.glif":"u.glif","uacute.a.glif":"uacute.a.glif","uacute.glif":"uacute.glif","ucircumflex.glif":"ucircumflex.glif","udieresis.glif":"udieresis.glif","ugrave.glif":"ugrave.glif","underscore.glif":"underscore.glif","v.glif":"v.glif","w.glif":"w.glif","x.glif":"x.glif","y.glif":"y.glif","ydieresis.glif":"ydieresis.glif","yen.glif":"yen.glif","z.glif":"z.glif","zero.glif":"zero.glif"}},"Font":{"uploaded":1476184879.9029,"licence":"gpl3","company":"Chronolabs Cooperative","title":"Hancock Park Bold Laser","version":2.001,"date":"Sun Aug 28 07:54:23 2016","creator":"root","type":"1","matrix":"0.000244141 0 0 0.000244141 0 0","named":"HancockParkBoldLaser","painttype":"0","info":"10 dict dup","name":"HancockParkLaser Park Bold Laser:2\/3\/89 3:53:05 PM","family":"HancockParkLaser","weight":"","fstype":"0","italicangle":"0","underlineposition":"","underlinethickness":""},"Table":{"FFTM":{"entryLength":16,"tag":"FFTM","checksum":1947116976,"offset":24824,"length":28},"GDEF":{"entryLength":16,"tag":"GDEF","checksum":17498116,"offset":24792,"length":32},"OS\/2":{"entryLength":16,"tag":"OS\/2","checksum":2698330023,"offset":344,"length":86},"cmap":{"entryLength":16,"tag":"cmap","checksum":738748430,"offset":1320,"length":718},"gasp":{"entryLength":16,"tag":"gasp","checksum":4294901763,"offset":24784,"length":8},"glyf":{"entryLength":16,"tag":"glyf","checksum":1138264895,"offset":2488,"length":20528},"head":{"entryLength":16,"tag":"head","checksum":415650277,"offset":220,"length":54},"hhea":{"entryLength":16,"tag":"hhea","checksum":602605533,"offset":276,"length":36},"hmtx":{"entryLength":16,"tag":"hmtx","checksum":3731101964,"offset":432,"length":888},"loca":{"entryLength":16,"tag":"loca","checksum":3055854396,"offset":2040,"length":446},"maxp":{"entryLength":16,"tag":"maxp","checksum":20644159,"offset":312,"length":32},"name":{"entryLength":16,"tag":"name","checksum":650487478,"offset":23016,"length":1095},"post":{"entryLength":16,"tag":"post","checksum":2097009700,"offset":24112,"length":670}},"UnicodeCharMap":{"0":1,"32":4,"33":5,"34":6,"35":7,"36":8,"37":9,"38":10,"39":11,"40":12,"41":13,"42":14,"43":15,"44":16,"45":17,"46":18,"47":19,"48":20,"49":21,"50":22,"51":23,"52":24,"53":25,"54":26,"55":27,"56":28,"57":29,"58":30,"59":31,"60":32,"61":33,"62":34,"63":35,"64":36,"65":37,"66":38,"67":39,"68":40,"69":41,"70":42,"71":43,"72":44,"73":45,"74":46,"75":47,"76":48,"77":49,"78":50,"79":51,"80":52,"81":53,"82":54,"83":55,"84":56,"85":57,"86":58,"87":59,"88":60,"89":61,"90":62,"91":63,"92":64,"93":65,"94":66,"95":67,"96":68,"97":69,"98":70,"99":71,"100":72,"101":73,"102":74,"103":75,"104":76,"105":77,"106":78,"107":79,"108":80,"109":81,"110":82,"111":83,"112":84,"113":85,"114":86,"115":87,"116":88,"117":89,"118":90,"119":91,"120":92,"121":93,"122":94,"123":95,"124":96,"125":97,"126":98,"160":157,"161":153,"162":133,"163":134,"165":147,"167":135,"168":143,"169":140,"170":148,"171":154,"174":139,"175":198,"176":132,"180":142,"182":137,"183":178,"186":149,"187":155,"191":152,"192":158,"193":181,"194":179,"195":159,"196":99,"197":100,"198":145,"199":101,"200":183,"201":102,"202":180,"203":182,"204":187,"205":184,"206":185,"207":186,"209":103,"210":191,"211":188,"212":189,"213":160,"214":104,"216":146,"217":194,"218":192,"219":193,"220":105,"223":138,"224":107,"225":106,"226":108,"227":110,"228":109,"229":111,"230":150,"231":112,"232":114,"233":113,"234":115,"235":116,"236":118,"237":117,"238":119,"239":120,"241":121,"242":123,"243":122,"244":124,"245":126,"246":125,"247":169,"248":151,"249":128,"250":127,"251":129,"252":130,"255":171,"305":195,"338":161,"339":162,"376":172,"710":196,"711":200,"728":199,"732":197,"8211":163,"8212":164,"8216":167,"8217":168,"8220":165,"8221":166,"8224":131,"8225":177,"8226":136,"8230":156,"8249":173,"8250":174,"8482":141,"8800":144,"9674":170,"64257":175,"64258":176},"Reserves":null,"Names":[],"Nodes":{"ha":{"type":"typal","node":"ha","usage":1,"weight":1},"ck":{"type":"typal","node":"ck","usage":1,"weight":1},"pa":{"type":"typal","node":"pa","usage":1,"weight":1},"rk":{"type":"typal","node":"rk","usage":1,"weight":1},"la":{"type":"typal","node":"la","usage":1,"weight":1},"er":{"type":"typal","node":"er","usage":1,"weight":1},"han":{"type":"typal","node":"han","usage":1,"weight":1},"ock":{"type":"typal","node":"ock","usage":1,"weight":1},"par":{"type":"typal","node":"par","usage":1,"weight":1},"ark":{"type":"typal","node":"ark","usage":1,"weight":1},"las":{"type":"typal","node":"las","usage":1,"weight":1},"ser":{"type":"typal","node":"ser","usage":1,"weight":1},"hanc":{"type":"keys","node":"hanc","usage":1,"weight":1},"cock":{"type":"keys","node":"cock","usage":1,"weight":1},"lase":{"type":"keys","node":"lase","usage":1,"weight":1},"aser":{"type":"keys","node":"aser","usage":1,"weight":1},"hanco":{"type":"keys","node":"hanco","usage":1,"weight":1},"ncock":{"type":"keys","node":"ncock","usage":1,"weight":1},"hancock":{"type":"fixes","node":"hancock","usage":1,"weight":1},"park":{"type":"fixes","node":"park","usage":1,"weight":1},"laser":{"type":"fixes","node":"laser","usage":1,"weight":1}},"Contributors":[],"FontIdentity":"ddf2639ae21fd5e2a744be54398d5fe4","Bytes":2420654,"Networking":[],"barcode":"12ogaq5oayemqw","referee":"oayme"}