{"CSS":{"BostSM":"BostSM.css","Bost SM":"tibbsbones:0b2bf3d59145d0d7c5ee7.css"},"FontType":"TrueType","FontCopyright":"Copyright Luc Devroye 1999","FontName":"BostSM","FontSubfamily":"Book","FontSubfamilyID":"FontForge 2.0 : BostSM : 28-8-2016","FontFullName":"Bost SM","FontVersion":"Version Macromedia Fontograp ","FontWeight":null,"FontPostscriptName":"BostSM","Files":{"\/BostSM.css":"\/BostSM.css","\/bostsm.afm":"\/bostsm.afm","\/bostsm.cef":"\/bostsm.cef","\/bostsm.cff":"\/bostsm.cff","\/bostsm.eot":"\/bostsm.eot","\/bostsm.gai":"\/bostsm.gai","\/bostsm.gsf":"\/bostsm.gsf","\/bostsm.otf":"\/bostsm.otf","\/bostsm.pf3":"\/bostsm.pf3","\/bostsm.pfa":"\/bostsm.pfa","\/bostsm.pfb":"\/bostsm.pfb","\/bostsm.php":"\/bostsm.php","\/bostsm.pt3":"\/bostsm.pt3","\/bostsm.sfd":"\/bostsm.sfd","\/bostsm.svg":"\/bostsm.svg","\/bostsm.t42":"\/bostsm.t42","\/bostsm.ttd":"\/bostsm.ttd","\/bostsm.ttf":"\/bostsm.ttf","\/bostsm.ttg":"\/bostsm.ttg","\/bostsm.ufm":"\/bostsm.ufm","\/bostsm.woff":"\/bostsm.woff","\/bostsm.z":"\/bostsm.z","\/font-resource.json":"\/font-resource.json","\/bostsm.ufo\/feature.fea":"\/bostsm.ufo\/feature.fea","\/bostsm.ufo\/fontinfo.plist":"\/bostsm.ufo\/fontinfo.plist","\/bostsm.ufo\/groups.plist":"\/bostsm.ufo\/groups.plist","\/bostsm.ufo\/kerning.plist":"\/bostsm.ufo\/kerning.plist","\/bostsm.ufo\/metainfo.plist":"\/bostsm.ufo\/metainfo.plist","\/bostsm.ufo\/glyphs\/A_.glif":"\/bostsm.ufo\/glyphs\/A_.glif","\/bostsm.ufo\/glyphs\/A_E_.glif":"\/bostsm.ufo\/glyphs\/A_E_.glif","\/bostsm.ufo\/glyphs\/B_.glif":"\/bostsm.ufo\/glyphs\/B_.glif","\/bostsm.ufo\/glyphs\/C_.glif":"\/bostsm.ufo\/glyphs\/C_.glif","\/bostsm.ufo\/glyphs\/D_.glif":"\/bostsm.ufo\/glyphs\/D_.glif","\/bostsm.ufo\/glyphs\/D_elta.glif":"\/bostsm.ufo\/glyphs\/D_elta.glif","\/bostsm.ufo\/glyphs\/E_.glif":"\/bostsm.ufo\/glyphs\/E_.glif","\/bostsm.ufo\/glyphs\/F_.glif":"\/bostsm.ufo\/glyphs\/F_.glif","\/bostsm.ufo\/glyphs\/G_.glif":"\/bostsm.ufo\/glyphs\/G_.glif","\/bostsm.ufo\/glyphs\/G_amma.glif":"\/bostsm.ufo\/glyphs\/G_amma.glif","\/bostsm.ufo\/glyphs\/H_.glif":"\/bostsm.ufo\/glyphs\/H_.glif","\/bostsm.ufo\/glyphs\/I_.glif":"\/bostsm.ufo\/glyphs\/I_.glif","\/bostsm.ufo\/glyphs\/J_.glif":"\/bostsm.ufo\/glyphs\/J_.glif","\/bostsm.ufo\/glyphs\/K_.glif":"\/bostsm.ufo\/glyphs\/K_.glif","\/bostsm.ufo\/glyphs\/L_.glif":"\/bostsm.ufo\/glyphs\/L_.glif","\/bostsm.ufo\/glyphs\/L_ambda.glif":"\/bostsm.ufo\/glyphs\/L_ambda.glif","\/bostsm.ufo\/glyphs\/L_slash.glif":"\/bostsm.ufo\/glyphs\/L_slash.glif","\/bostsm.ufo\/glyphs\/M_.glif":"\/bostsm.ufo\/glyphs\/M_.glif","\/bostsm.ufo\/glyphs\/N_.glif":"\/bostsm.ufo\/glyphs\/N_.glif","\/bostsm.ufo\/glyphs\/O_.glif":"\/bostsm.ufo\/glyphs\/O_.glif","\/bostsm.ufo\/glyphs\/O_E_.glif":"\/bostsm.ufo\/glyphs\/O_E_.glif","\/bostsm.ufo\/glyphs\/O_mega.glif":"\/bostsm.ufo\/glyphs\/O_mega.glif","\/bostsm.ufo\/glyphs\/O_slash.glif":"\/bostsm.ufo\/glyphs\/O_slash.glif","\/bostsm.ufo\/glyphs\/P_.glif":"\/bostsm.ufo\/glyphs\/P_.glif","\/bostsm.ufo\/glyphs\/P_hi.glif":"\/bostsm.ufo\/glyphs\/P_hi.glif","\/bostsm.ufo\/glyphs\/P_i.glif":"\/bostsm.ufo\/glyphs\/P_i.glif","\/bostsm.ufo\/glyphs\/P_si.glif":"\/bostsm.ufo\/glyphs\/P_si.glif","\/bostsm.ufo\/glyphs\/Q_.glif":"\/bostsm.ufo\/glyphs\/Q_.glif","\/bostsm.ufo\/glyphs\/R_.glif":"\/bostsm.ufo\/glyphs\/R_.glif","\/bostsm.ufo\/glyphs\/S_.glif":"\/bostsm.ufo\/glyphs\/S_.glif","\/bostsm.ufo\/glyphs\/S_igma.glif":"\/bostsm.ufo\/glyphs\/S_igma.glif","\/bostsm.ufo\/glyphs\/T_.glif":"\/bostsm.ufo\/glyphs\/T_.glif","\/bostsm.ufo\/glyphs\/T_heta.glif":"\/bostsm.ufo\/glyphs\/T_heta.glif","\/bostsm.ufo\/glyphs\/U_.glif":"\/bostsm.ufo\/glyphs\/U_.glif","\/bostsm.ufo\/glyphs\/U_psilon.glif":"\/bostsm.ufo\/glyphs\/U_psilon.glif","\/bostsm.ufo\/glyphs\/V_.glif":"\/bostsm.ufo\/glyphs\/V_.glif","\/bostsm.ufo\/glyphs\/W_.glif":"\/bostsm.ufo\/glyphs\/W_.glif","\/bostsm.ufo\/glyphs\/X_.glif":"\/bostsm.ufo\/glyphs\/X_.glif","\/bostsm.ufo\/glyphs\/X_i.glif":"\/bostsm.ufo\/glyphs\/X_i.glif","\/bostsm.ufo\/glyphs\/Y_.glif":"\/bostsm.ufo\/glyphs\/Y_.glif","\/bostsm.ufo\/glyphs\/Z_.glif":"\/bostsm.ufo\/glyphs\/Z_.glif","\/bostsm.ufo\/glyphs\/_notdef.glif":"\/bostsm.ufo\/glyphs\/_notdef.glif","\/bostsm.ufo\/glyphs\/a.glif":"\/bostsm.ufo\/glyphs\/a.glif","\/bostsm.ufo\/glyphs\/acute.glif":"\/bostsm.ufo\/glyphs\/acute.glif","\/bostsm.ufo\/glyphs\/ae.glif":"\/bostsm.ufo\/glyphs\/ae.glif","\/bostsm.ufo\/glyphs\/alpha.glif":"\/bostsm.ufo\/glyphs\/alpha.glif","\/bostsm.ufo\/glyphs\/ampersand.glif":"\/bostsm.ufo\/glyphs\/ampersand.glif","\/bostsm.ufo\/glyphs\/asciicircum.glif":"\/bostsm.ufo\/glyphs\/asciicircum.glif","\/bostsm.ufo\/glyphs\/asciitilde.glif":"\/bostsm.ufo\/glyphs\/asciitilde.glif","\/bostsm.ufo\/glyphs\/asterisk.glif":"\/bostsm.ufo\/glyphs\/asterisk.glif","\/bostsm.ufo\/glyphs\/at.glif":"\/bostsm.ufo\/glyphs\/at.glif","\/bostsm.ufo\/glyphs\/b.glif":"\/bostsm.ufo\/glyphs\/b.glif","\/bostsm.ufo\/glyphs\/backslash.glif":"\/bostsm.ufo\/glyphs\/backslash.glif","\/bostsm.ufo\/glyphs\/bar.glif":"\/bostsm.ufo\/glyphs\/bar.glif","\/bostsm.ufo\/glyphs\/beta.glif":"\/bostsm.ufo\/glyphs\/beta.glif","\/bostsm.ufo\/glyphs\/braceleft.glif":"\/bostsm.ufo\/glyphs\/braceleft.glif","\/bostsm.ufo\/glyphs\/braceright.glif":"\/bostsm.ufo\/glyphs\/braceright.glif","\/bostsm.ufo\/glyphs\/bracketleft.glif":"\/bostsm.ufo\/glyphs\/bracketleft.glif","\/bostsm.ufo\/glyphs\/bracketright.glif":"\/bostsm.ufo\/glyphs\/bracketright.glif","\/bostsm.ufo\/glyphs\/breve.glif":"\/bostsm.ufo\/glyphs\/breve.glif","\/bostsm.ufo\/glyphs\/bullet.glif":"\/bostsm.ufo\/glyphs\/bullet.glif","\/bostsm.ufo\/glyphs\/c.glif":"\/bostsm.ufo\/glyphs\/c.glif","\/bostsm.ufo\/glyphs\/caron.glif":"\/bostsm.ufo\/glyphs\/caron.glif","\/bostsm.ufo\/glyphs\/cedilla.glif":"\/bostsm.ufo\/glyphs\/cedilla.glif","\/bostsm.ufo\/glyphs\/cent.glif":"\/bostsm.ufo\/glyphs\/cent.glif","\/bostsm.ufo\/glyphs\/chi.glif":"\/bostsm.ufo\/glyphs\/chi.glif","\/bostsm.ufo\/glyphs\/circumflex.glif":"\/bostsm.ufo\/glyphs\/circumflex.glif","\/bostsm.ufo\/glyphs\/colon.glif":"\/bostsm.ufo\/glyphs\/colon.glif","\/bostsm.ufo\/glyphs\/comma.glif":"\/bostsm.ufo\/glyphs\/comma.glif","\/bostsm.ufo\/glyphs\/contents.plist":"\/bostsm.ufo\/glyphs\/contents.plist","\/bostsm.ufo\/glyphs\/currency.glif":"\/bostsm.ufo\/glyphs\/currency.glif","\/bostsm.ufo\/glyphs\/d.glif":"\/bostsm.ufo\/glyphs\/d.glif","\/bostsm.ufo\/glyphs\/dagger.glif":"\/bostsm.ufo\/glyphs\/dagger.glif","\/bostsm.ufo\/glyphs\/daggerdbl.glif":"\/bostsm.ufo\/glyphs\/daggerdbl.glif","\/bostsm.ufo\/glyphs\/delta.glif":"\/bostsm.ufo\/glyphs\/delta.glif","\/bostsm.ufo\/glyphs\/dieresis.glif":"\/bostsm.ufo\/glyphs\/dieresis.glif","\/bostsm.ufo\/glyphs\/dollar.glif":"\/bostsm.ufo\/glyphs\/dollar.glif","\/bostsm.ufo\/glyphs\/dotaccent.glif":"\/bostsm.ufo\/glyphs\/dotaccent.glif","\/bostsm.ufo\/glyphs\/dotlessi.glif":"\/bostsm.ufo\/glyphs\/dotlessi.glif","\/bostsm.ufo\/glyphs\/e.glif":"\/bostsm.ufo\/glyphs\/e.glif","\/bostsm.ufo\/glyphs\/eight.glif":"\/bostsm.ufo\/glyphs\/eight.glif","\/bostsm.ufo\/glyphs\/ellipsis.glif":"\/bostsm.ufo\/glyphs\/ellipsis.glif","\/bostsm.ufo\/glyphs\/emdash.glif":"\/bostsm.ufo\/glyphs\/emdash.glif","\/bostsm.ufo\/glyphs\/endash.glif":"\/bostsm.ufo\/glyphs\/endash.glif","\/bostsm.ufo\/glyphs\/epsilon.glif":"\/bostsm.ufo\/glyphs\/epsilon.glif","\/bostsm.ufo\/glyphs\/equal.glif":"\/bostsm.ufo\/glyphs\/equal.glif","\/bostsm.ufo\/glyphs\/eta.glif":"\/bostsm.ufo\/glyphs\/eta.glif","\/bostsm.ufo\/glyphs\/exclam.glif":"\/bostsm.ufo\/glyphs\/exclam.glif","\/bostsm.ufo\/glyphs\/exclamdown.glif":"\/bostsm.ufo\/glyphs\/exclamdown.glif","\/bostsm.ufo\/glyphs\/f.glif":"\/bostsm.ufo\/glyphs\/f.glif","\/bostsm.ufo\/glyphs\/five.glif":"\/bostsm.ufo\/glyphs\/five.glif","\/bostsm.ufo\/glyphs\/florin.glif":"\/bostsm.ufo\/glyphs\/florin.glif","\/bostsm.ufo\/glyphs\/four.glif":"\/bostsm.ufo\/glyphs\/four.glif","\/bostsm.ufo\/glyphs\/fraction.glif":"\/bostsm.ufo\/glyphs\/fraction.glif","\/bostsm.ufo\/glyphs\/g.glif":"\/bostsm.ufo\/glyphs\/g.glif","\/bostsm.ufo\/glyphs\/gamma.glif":"\/bostsm.ufo\/glyphs\/gamma.glif","\/bostsm.ufo\/glyphs\/germandbls.glif":"\/bostsm.ufo\/glyphs\/germandbls.glif","\/bostsm.ufo\/glyphs\/glyph1.glif":"\/bostsm.ufo\/glyphs\/glyph1.glif","\/bostsm.ufo\/glyphs\/glyph186.glif":"\/bostsm.ufo\/glyphs\/glyph186.glif","\/bostsm.ufo\/glyphs\/glyph187.glif":"\/bostsm.ufo\/glyphs\/glyph187.glif","\/bostsm.ufo\/glyphs\/glyph2.glif":"\/bostsm.ufo\/glyphs\/glyph2.glif","\/bostsm.ufo\/glyphs\/grave.glif":"\/bostsm.ufo\/glyphs\/grave.glif","\/bostsm.ufo\/glyphs\/greater.glif":"\/bostsm.ufo\/glyphs\/greater.glif","\/bostsm.ufo\/glyphs\/guillemotleft.glif":"\/bostsm.ufo\/glyphs\/guillemotleft.glif","\/bostsm.ufo\/glyphs\/guillemotright.glif":"\/bostsm.ufo\/glyphs\/guillemotright.glif","\/bostsm.ufo\/glyphs\/guilsinglleft.glif":"\/bostsm.ufo\/glyphs\/guilsinglleft.glif","\/bostsm.ufo\/glyphs\/guilsinglright.glif":"\/bostsm.ufo\/glyphs\/guilsinglright.glif","\/bostsm.ufo\/glyphs\/h.glif":"\/bostsm.ufo\/glyphs\/h.glif","\/bostsm.ufo\/glyphs\/hungarumlaut.glif":"\/bostsm.ufo\/glyphs\/hungarumlaut.glif","\/bostsm.ufo\/glyphs\/hyphen.glif":"\/bostsm.ufo\/glyphs\/hyphen.glif","\/bostsm.ufo\/glyphs\/i.glif":"\/bostsm.ufo\/glyphs\/i.glif","\/bostsm.ufo\/glyphs\/iota.glif":"\/bostsm.ufo\/glyphs\/iota.glif","\/bostsm.ufo\/glyphs\/j.glif":"\/bostsm.ufo\/glyphs\/j.glif","\/bostsm.ufo\/glyphs\/k.glif":"\/bostsm.ufo\/glyphs\/k.glif","\/bostsm.ufo\/glyphs\/kappa.glif":"\/bostsm.ufo\/glyphs\/kappa.glif","\/bostsm.ufo\/glyphs\/l.glif":"\/bostsm.ufo\/glyphs\/l.glif","\/bostsm.ufo\/glyphs\/lambda.glif":"\/bostsm.ufo\/glyphs\/lambda.glif","\/bostsm.ufo\/glyphs\/less.glif":"\/bostsm.ufo\/glyphs\/less.glif","\/bostsm.ufo\/glyphs\/lslash.glif":"\/bostsm.ufo\/glyphs\/lslash.glif","\/bostsm.ufo\/glyphs\/m.glif":"\/bostsm.ufo\/glyphs\/m.glif","\/bostsm.ufo\/glyphs\/macron.glif":"\/bostsm.ufo\/glyphs\/macron.glif","\/bostsm.ufo\/glyphs\/n.glif":"\/bostsm.ufo\/glyphs\/n.glif","\/bostsm.ufo\/glyphs\/nine.glif":"\/bostsm.ufo\/glyphs\/nine.glif","\/bostsm.ufo\/glyphs\/nu.glif":"\/bostsm.ufo\/glyphs\/nu.glif","\/bostsm.ufo\/glyphs\/numbersign.glif":"\/bostsm.ufo\/glyphs\/numbersign.glif","\/bostsm.ufo\/glyphs\/o.glif":"\/bostsm.ufo\/glyphs\/o.glif","\/bostsm.ufo\/glyphs\/oe.glif":"\/bostsm.ufo\/glyphs\/oe.glif","\/bostsm.ufo\/glyphs\/ogonek.glif":"\/bostsm.ufo\/glyphs\/ogonek.glif","\/bostsm.ufo\/glyphs\/omega.glif":"\/bostsm.ufo\/glyphs\/omega.glif","\/bostsm.ufo\/glyphs\/one.glif":"\/bostsm.ufo\/glyphs\/one.glif","\/bostsm.ufo\/glyphs\/ordfeminine.glif":"\/bostsm.ufo\/glyphs\/ordfeminine.glif","\/bostsm.ufo\/glyphs\/ordmasculine.glif":"\/bostsm.ufo\/glyphs\/ordmasculine.glif","\/bostsm.ufo\/glyphs\/oslash.glif":"\/bostsm.ufo\/glyphs\/oslash.glif","\/bostsm.ufo\/glyphs\/p.glif":"\/bostsm.ufo\/glyphs\/p.glif","\/bostsm.ufo\/glyphs\/paragraph.glif":"\/bostsm.ufo\/glyphs\/paragraph.glif","\/bostsm.ufo\/glyphs\/parenleft.glif":"\/bostsm.ufo\/glyphs\/parenleft.glif","\/bostsm.ufo\/glyphs\/parenright.glif":"\/bostsm.ufo\/glyphs\/parenright.glif","\/bostsm.ufo\/glyphs\/percent.glif":"\/bostsm.ufo\/glyphs\/percent.glif","\/bostsm.ufo\/glyphs\/period.glif":"\/bostsm.ufo\/glyphs\/period.glif","\/bostsm.ufo\/glyphs\/periodcentered.glif":"\/bostsm.ufo\/glyphs\/periodcentered.glif","\/bostsm.ufo\/glyphs\/perthousand.glif":"\/bostsm.ufo\/glyphs\/perthousand.glif","\/bostsm.ufo\/glyphs\/phi.glif":"\/bostsm.ufo\/glyphs\/phi.glif","\/bostsm.ufo\/glyphs\/pi.glif":"\/bostsm.ufo\/glyphs\/pi.glif","\/bostsm.ufo\/glyphs\/plus.glif":"\/bostsm.ufo\/glyphs\/plus.glif","\/bostsm.ufo\/glyphs\/psi.glif":"\/bostsm.ufo\/glyphs\/psi.glif","\/bostsm.ufo\/glyphs\/q.glif":"\/bostsm.ufo\/glyphs\/q.glif","\/bostsm.ufo\/glyphs\/question.glif":"\/bostsm.ufo\/glyphs\/question.glif","\/bostsm.ufo\/glyphs\/questiondown.glif":"\/bostsm.ufo\/glyphs\/questiondown.glif","\/bostsm.ufo\/glyphs\/quotedbl.glif":"\/bostsm.ufo\/glyphs\/quotedbl.glif","\/bostsm.ufo\/glyphs\/quotedblbase.glif":"\/bostsm.ufo\/glyphs\/quotedblbase.glif","\/bostsm.ufo\/glyphs\/quotedblleft.glif":"\/bostsm.ufo\/glyphs\/quotedblleft.glif","\/bostsm.ufo\/glyphs\/quotedblright.glif":"\/bostsm.ufo\/glyphs\/quotedblright.glif","\/bostsm.ufo\/glyphs\/quoteleft.glif":"\/bostsm.ufo\/glyphs\/quoteleft.glif","\/bostsm.ufo\/glyphs\/quoteright.glif":"\/bostsm.ufo\/glyphs\/quoteright.glif","\/bostsm.ufo\/glyphs\/quotesinglbase.glif":"\/bostsm.ufo\/glyphs\/quotesinglbase.glif","\/bostsm.ufo\/glyphs\/quotesingle.glif":"\/bostsm.ufo\/glyphs\/quotesingle.glif","\/bostsm.ufo\/glyphs\/r.glif":"\/bostsm.ufo\/glyphs\/r.glif","\/bostsm.ufo\/glyphs\/rho.glif":"\/bostsm.ufo\/glyphs\/rho.glif","\/bostsm.ufo\/glyphs\/ring.glif":"\/bostsm.ufo\/glyphs\/ring.glif","\/bostsm.ufo\/glyphs\/s.glif":"\/bostsm.ufo\/glyphs\/s.glif","\/bostsm.ufo\/glyphs\/section.glif":"\/bostsm.ufo\/glyphs\/section.glif","\/bostsm.ufo\/glyphs\/semicolon.glif":"\/bostsm.ufo\/glyphs\/semicolon.glif","\/bostsm.ufo\/glyphs\/seven.glif":"\/bostsm.ufo\/glyphs\/seven.glif","\/bostsm.ufo\/glyphs\/sigma.glif":"\/bostsm.ufo\/glyphs\/sigma.glif","\/bostsm.ufo\/glyphs\/six.glif":"\/bostsm.ufo\/glyphs\/six.glif","\/bostsm.ufo\/glyphs\/slash.glif":"\/bostsm.ufo\/glyphs\/slash.glif","\/bostsm.ufo\/glyphs\/space.glif":"\/bostsm.ufo\/glyphs\/space.glif","\/bostsm.ufo\/glyphs\/sterling.glif":"\/bostsm.ufo\/glyphs\/sterling.glif","\/bostsm.ufo\/glyphs\/t.glif":"\/bostsm.ufo\/glyphs\/t.glif","\/bostsm.ufo\/glyphs\/tau.glif":"\/bostsm.ufo\/glyphs\/tau.glif","\/bostsm.ufo\/glyphs\/theta.glif":"\/bostsm.ufo\/glyphs\/theta.glif","\/bostsm.ufo\/glyphs\/three.glif":"\/bostsm.ufo\/glyphs\/three.glif","\/bostsm.ufo\/glyphs\/tilde.glif":"\/bostsm.ufo\/glyphs\/tilde.glif","\/bostsm.ufo\/glyphs\/two.glif":"\/bostsm.ufo\/glyphs\/two.glif","\/bostsm.ufo\/glyphs\/u.glif":"\/bostsm.ufo\/glyphs\/u.glif","\/bostsm.ufo\/glyphs\/underscore.glif":"\/bostsm.ufo\/glyphs\/underscore.glif","\/bostsm.ufo\/glyphs\/uni00B_5.glif":"\/bostsm.ufo\/glyphs\/uni00B_5.glif","\/bostsm.ufo\/glyphs\/uniF_001.glif":"\/bostsm.ufo\/glyphs\/uniF_001.glif","\/bostsm.ufo\/glyphs\/uniF_002.glif":"\/bostsm.ufo\/glyphs\/uniF_002.glif","\/bostsm.ufo\/glyphs\/upsilon.glif":"\/bostsm.ufo\/glyphs\/upsilon.glif","\/bostsm.ufo\/glyphs\/v.glif":"\/bostsm.ufo\/glyphs\/v.glif","\/bostsm.ufo\/glyphs\/w.glif":"\/bostsm.ufo\/glyphs\/w.glif","\/bostsm.ufo\/glyphs\/x.glif":"\/bostsm.ufo\/glyphs\/x.glif","\/bostsm.ufo\/glyphs\/xi.glif":"\/bostsm.ufo\/glyphs\/xi.glif","\/bostsm.ufo\/glyphs\/y.glif":"\/bostsm.ufo\/glyphs\/y.glif","\/bostsm.ufo\/glyphs\/yen.glif":"\/bostsm.ufo\/glyphs\/yen.glif","\/bostsm.ufo\/glyphs\/z.glif":"\/bostsm.ufo\/glyphs\/z.glif","\/bostsm.ufo\/glyphs\/zero.glif":"\/bostsm.ufo\/glyphs\/zero.glif","\/bostsm.ufo\/glyphs\/zeta.glif":"\/bostsm.ufo\/glyphs\/zeta.glif"},"Font":{"uploaded":1472336651.3294,"licence":"gpl3","company":"Chronolabs Cooperative","title":"Bost SM","version":3.002,"date":"Sun Aug 28 07:56:40 2016","creator":"root","type":"1","matrix":"0.001 0 0 0.001 0 0","named":"BostSM","painttype":"0","info":"10 dict dup","name":"BostSM","family":"BostSM","weight":"Book","fstype":"1","italicangle":"0","underlineposition":"","underlinethickness":""},"Licences":{"":false},"Table":{"FFTM":{"entryLength":16,"tag":"FFTM","checksum":1947016448,"offset":42584,"length":28},"GDEF":{"entryLength":16,"tag":"GDEF","checksum":15269892,"offset":42552,"length":32},"OS\/2":{"entryLength":16,"tag":"OS\/2","checksum":1462787640,"offset":344,"length":86},"cmap":{"entryLength":16,"tag":"cmap","checksum":2253084553,"offset":1184,"length":680},"gasp":{"entryLength":16,"tag":"gasp","checksum":4294901763,"offset":42544,"length":8},"glyf":{"entryLength":16,"tag":"glyf","checksum":2700233437,"offset":2244,"length":39148},"head":{"entryLength":16,"tag":"head","checksum":165536206,"offset":220,"length":54},"hhea":{"entryLength":16,"tag":"hhea","checksum":103219877,"offset":276,"length":36},"hmtx":{"entryLength":16,"tag":"hmtx","checksum":4044033273,"offset":432,"length":752},"loca":{"entryLength":16,"tag":"loca","checksum":828640078,"offset":1864,"length":378},"maxp":{"entryLength":16,"tag":"maxp","checksum":17105100,"offset":312,"length":32},"name":{"entryLength":16,"tag":"name","checksum":1317228491,"offset":41392,"length":528},"post":{"entryLength":16,"tag":"post","checksum":598676766,"offset":41920,"length":623}},"UnicodeCharMap":{"32":3,"33":4,"34":5,"35":6,"36":7,"37":8,"38":9,"39":10,"40":11,"41":12,"42":13,"43":14,"44":15,"45":16,"46":17,"47":18,"48":19,"49":20,"50":21,"51":22,"52":23,"53":24,"54":25,"55":26,"56":27,"57":28,"58":29,"59":30,"60":31,"61":32,"62":33,"63":34,"64":35,"65":36,"66":37,"67":38,"68":39,"69":40,"70":41,"71":42,"72":43,"73":44,"74":45,"75":46,"76":47,"77":48,"78":49,"79":50,"80":51,"81":52,"82":53,"83":54,"84":55,"85":56,"86":57,"87":58,"88":59,"89":60,"90":61,"91":62,"92":63,"93":64,"94":65,"95":66,"96":67,"97":68,"98":69,"99":70,"100":71,"101":72,"102":73,"103":74,"104":75,"105":76,"106":77,"107":78,"108":79,"109":80,"110":81,"111":82,"112":83,"113":84,"114":85,"115":86,"116":87,"117":88,"118":89,"119":90,"120":91,"121":92,"122":93,"123":94,"124":95,"125":96,"126":97,"161":98,"162":99,"163":100,"164":101,"165":102,"167":103,"168":104,"170":105,"171":106,"175":107,"180":108,"181":109,"182":110,"183":111,"184":112,"186":113,"187":114,"191":115,"198":116,"216":117,"223":118,"230":119,"248":120,"305":145,"321":154,"322":155,"338":128,"339":129,"402":125,"710":146,"711":153,"728":148,"729":149,"730":150,"731":152,"732":147,"733":151,"915":156,"916":126,"920":157,"923":158,"926":159,"928":160,"931":161,"933":162,"934":163,"936":164,"937":124,"945":165,"946":166,"947":167,"948":168,"949":169,"950":170,"951":171,"952":172,"953":173,"954":174,"955":175,"957":176,"958":177,"960":123,"961":178,"963":179,"964":180,"965":181,"966":182,"967":183,"968":184,"969":185,"8211":130,"8212":131,"8216":134,"8217":135,"8218":142,"8220":132,"8221":133,"8222":143,"8224":121,"8225":141,"8226":122,"8230":127,"8240":144,"8249":137,"8250":138,"8260":136,"61441":139,"61442":140},"Reserves":{"fontname":"Bost SM"},"Names":{"Bost SM":{"name":"Bost SM","longitude":"0.00000001","latitude":"0.00000001","country":"","region":"","city":""}},"Nodes":{"bo":{"type":"typal","node":"bo","usage":1,"weight":1},"st":{"type":"typal","node":"st","usage":1,"weight":1},"bos":{"type":"typal","node":"bos","usage":1,"weight":1},"ost":{"type":"typal","node":"ost","usage":1,"weight":1},"bost":{"type":"fixes","node":"bost","usage":1,"weight":1},"sm":{"type":"fixes","node":"sm","usage":1,"weight":1}},"Contributors":[],"FontIdentity":"tibbsbones:0b2bf3d59145d0d7c5ee7","Bytes":null,"Networking":[],"barcode":"cugyk3uaagw4e","referee":"ocauo"}