{"CSS":{"OttomatItalic":"OttomatItalic.css","Ottomat Italic":"wagovau:46ccd0f43c2bf7e8c54c56bb.css"},"FontType":"TrueType","FontCopyright":"Copyright  (C) 1996 Emigre, Inc. All rights reserved. Desinged by Claudio Piccinini","FontName":"Ottomat","FontSubfamily":"Italic","FontSubfamilyID":"FontForge 2.0 : OttomatItalic : 12-8-2016","FontFullName":"Ottomat Italic","FontVersion":"Version 001.000 ","FontWeight":null,"FontPostscriptName":"OttomatItalic","Files":{"\/OttomatItalic.css":"\/OttomatItalic.css","\/font-resource.json":"\/font-resource.json","\/ottomatitalic.afm":"\/ottomatitalic.afm","\/ottomatitalic.cef":"\/ottomatitalic.cef","\/ottomatitalic.cff":"\/ottomatitalic.cff","\/ottomatitalic.eot":"\/ottomatitalic.eot","\/ottomatitalic.gai":"\/ottomatitalic.gai","\/ottomatitalic.gsf":"\/ottomatitalic.gsf","\/ottomatitalic.otf":"\/ottomatitalic.otf","\/ottomatitalic.pf3":"\/ottomatitalic.pf3","\/ottomatitalic.pfa":"\/ottomatitalic.pfa","\/ottomatitalic.pfb":"\/ottomatitalic.pfb","\/ottomatitalic.php":"\/ottomatitalic.php","\/ottomatitalic.pt3":"\/ottomatitalic.pt3","\/ottomatitalic.sfd":"\/ottomatitalic.sfd","\/ottomatitalic.svg":"\/ottomatitalic.svg","\/ottomatitalic.t42":"\/ottomatitalic.t42","\/ottomatitalic.ttd":"\/ottomatitalic.ttd","\/ottomatitalic.ttf":"\/ottomatitalic.ttf","\/ottomatitalic.ttg":"\/ottomatitalic.ttg","\/ottomatitalic.ufm":"\/ottomatitalic.ufm","\/ottomatitalic.woff":"\/ottomatitalic.woff","\/ottomatitalic.z":"\/ottomatitalic.z","\/ottomatitalic.ufo\/feature.fea":"\/ottomatitalic.ufo\/feature.fea","\/ottomatitalic.ufo\/fontinfo.plist":"\/ottomatitalic.ufo\/fontinfo.plist","\/ottomatitalic.ufo\/groups.plist":"\/ottomatitalic.ufo\/groups.plist","\/ottomatitalic.ufo\/kerning.plist":"\/ottomatitalic.ufo\/kerning.plist","\/ottomatitalic.ufo\/metainfo.plist":"\/ottomatitalic.ufo\/metainfo.plist","\/ottomatitalic.ufo\/glyphs\/A_.glif":"\/ottomatitalic.ufo\/glyphs\/A_.glif","\/ottomatitalic.ufo\/glyphs\/A_E_.glif":"\/ottomatitalic.ufo\/glyphs\/A_E_.glif","\/ottomatitalic.ufo\/glyphs\/A_acute.glif":"\/ottomatitalic.ufo\/glyphs\/A_acute.glif","\/ottomatitalic.ufo\/glyphs\/A_circumflex.glif":"\/ottomatitalic.ufo\/glyphs\/A_circumflex.glif","\/ottomatitalic.ufo\/glyphs\/A_dieresis.glif":"\/ottomatitalic.ufo\/glyphs\/A_dieresis.glif","\/ottomatitalic.ufo\/glyphs\/A_grave.glif":"\/ottomatitalic.ufo\/glyphs\/A_grave.glif","\/ottomatitalic.ufo\/glyphs\/A_ring.glif":"\/ottomatitalic.ufo\/glyphs\/A_ring.glif","\/ottomatitalic.ufo\/glyphs\/A_tilde.glif":"\/ottomatitalic.ufo\/glyphs\/A_tilde.glif","\/ottomatitalic.ufo\/glyphs\/B_.glif":"\/ottomatitalic.ufo\/glyphs\/B_.glif","\/ottomatitalic.ufo\/glyphs\/C_.glif":"\/ottomatitalic.ufo\/glyphs\/C_.glif","\/ottomatitalic.ufo\/glyphs\/C_R_.glif":"\/ottomatitalic.ufo\/glyphs\/C_R_.glif","\/ottomatitalic.ufo\/glyphs\/C_cedilla.glif":"\/ottomatitalic.ufo\/glyphs\/C_cedilla.glif","\/ottomatitalic.ufo\/glyphs\/D_.glif":"\/ottomatitalic.ufo\/glyphs\/D_.glif","\/ottomatitalic.ufo\/glyphs\/D_C_1.glif":"\/ottomatitalic.ufo\/glyphs\/D_C_1.glif","\/ottomatitalic.ufo\/glyphs\/D_C_2.glif":"\/ottomatitalic.ufo\/glyphs\/D_C_2.glif","\/ottomatitalic.ufo\/glyphs\/D_C_3.glif":"\/ottomatitalic.ufo\/glyphs\/D_C_3.glif","\/ottomatitalic.ufo\/glyphs\/D_C_4.glif":"\/ottomatitalic.ufo\/glyphs\/D_C_4.glif","\/ottomatitalic.ufo\/glyphs\/D_E_L_.glif":"\/ottomatitalic.ufo\/glyphs\/D_E_L_.glif","\/ottomatitalic.ufo\/glyphs\/D_L_E_.glif":"\/ottomatitalic.ufo\/glyphs\/D_L_E_.glif","\/ottomatitalic.ufo\/glyphs\/D_elta.glif":"\/ottomatitalic.ufo\/glyphs\/D_elta.glif","\/ottomatitalic.ufo\/glyphs\/E_.glif":"\/ottomatitalic.ufo\/glyphs\/E_.glif","\/ottomatitalic.ufo\/glyphs\/E_acute.glif":"\/ottomatitalic.ufo\/glyphs\/E_acute.glif","\/ottomatitalic.ufo\/glyphs\/E_circumflex.glif":"\/ottomatitalic.ufo\/glyphs\/E_circumflex.glif","\/ottomatitalic.ufo\/glyphs\/E_dieresis.glif":"\/ottomatitalic.ufo\/glyphs\/E_dieresis.glif","\/ottomatitalic.ufo\/glyphs\/E_grave.glif":"\/ottomatitalic.ufo\/glyphs\/E_grave.glif","\/ottomatitalic.ufo\/glyphs\/E_th.glif":"\/ottomatitalic.ufo\/glyphs\/E_th.glif","\/ottomatitalic.ufo\/glyphs\/F_.glif":"\/ottomatitalic.ufo\/glyphs\/F_.glif","\/ottomatitalic.ufo\/glyphs\/G_.glif":"\/ottomatitalic.ufo\/glyphs\/G_.glif","\/ottomatitalic.ufo\/glyphs\/H_.glif":"\/ottomatitalic.ufo\/glyphs\/H_.glif","\/ottomatitalic.ufo\/glyphs\/H_T_.glif":"\/ottomatitalic.ufo\/glyphs\/H_T_.glif","\/ottomatitalic.ufo\/glyphs\/I_.glif":"\/ottomatitalic.ufo\/glyphs\/I_.glif","\/ottomatitalic.ufo\/glyphs\/I_acute.glif":"\/ottomatitalic.ufo\/glyphs\/I_acute.glif","\/ottomatitalic.ufo\/glyphs\/I_circumflex.glif":"\/ottomatitalic.ufo\/glyphs\/I_circumflex.glif","\/ottomatitalic.ufo\/glyphs\/I_dieresis.glif":"\/ottomatitalic.ufo\/glyphs\/I_dieresis.glif","\/ottomatitalic.ufo\/glyphs\/I_grave.glif":"\/ottomatitalic.ufo\/glyphs\/I_grave.glif","\/ottomatitalic.ufo\/glyphs\/J_.glif":"\/ottomatitalic.ufo\/glyphs\/J_.glif","\/ottomatitalic.ufo\/glyphs\/K_.glif":"\/ottomatitalic.ufo\/glyphs\/K_.glif","\/ottomatitalic.ufo\/glyphs\/L_.glif":"\/ottomatitalic.ufo\/glyphs\/L_.glif","\/ottomatitalic.ufo\/glyphs\/L_F_.glif":"\/ottomatitalic.ufo\/glyphs\/L_F_.glif","\/ottomatitalic.ufo\/glyphs\/L_slash.glif":"\/ottomatitalic.ufo\/glyphs\/L_slash.glif","\/ottomatitalic.ufo\/glyphs\/M_.glif":"\/ottomatitalic.ufo\/glyphs\/M_.glif","\/ottomatitalic.ufo\/glyphs\/N_.glif":"\/ottomatitalic.ufo\/glyphs\/N_.glif","\/ottomatitalic.ufo\/glyphs\/N_U_L_.glif":"\/ottomatitalic.ufo\/glyphs\/N_U_L_.glif","\/ottomatitalic.ufo\/glyphs\/N_tilde.glif":"\/ottomatitalic.ufo\/glyphs\/N_tilde.glif","\/ottomatitalic.ufo\/glyphs\/O_.glif":"\/ottomatitalic.ufo\/glyphs\/O_.glif","\/ottomatitalic.ufo\/glyphs\/O_E_.glif":"\/ottomatitalic.ufo\/glyphs\/O_E_.glif","\/ottomatitalic.ufo\/glyphs\/O_acute.glif":"\/ottomatitalic.ufo\/glyphs\/O_acute.glif","\/ottomatitalic.ufo\/glyphs\/O_circumflex.glif":"\/ottomatitalic.ufo\/glyphs\/O_circumflex.glif","\/ottomatitalic.ufo\/glyphs\/O_dieresis.glif":"\/ottomatitalic.ufo\/glyphs\/O_dieresis.glif","\/ottomatitalic.ufo\/glyphs\/O_grave.glif":"\/ottomatitalic.ufo\/glyphs\/O_grave.glif","\/ottomatitalic.ufo\/glyphs\/O_mega.glif":"\/ottomatitalic.ufo\/glyphs\/O_mega.glif","\/ottomatitalic.ufo\/glyphs\/O_slash.glif":"\/ottomatitalic.ufo\/glyphs\/O_slash.glif","\/ottomatitalic.ufo\/glyphs\/O_tilde.glif":"\/ottomatitalic.ufo\/glyphs\/O_tilde.glif","\/ottomatitalic.ufo\/glyphs\/P_.glif":"\/ottomatitalic.ufo\/glyphs\/P_.glif","\/ottomatitalic.ufo\/glyphs\/Q_.glif":"\/ottomatitalic.ufo\/glyphs\/Q_.glif","\/ottomatitalic.ufo\/glyphs\/R_.glif":"\/ottomatitalic.ufo\/glyphs\/R_.glif","\/ottomatitalic.ufo\/glyphs\/R_S_.glif":"\/ottomatitalic.ufo\/glyphs\/R_S_.glif","\/ottomatitalic.ufo\/glyphs\/S_.glif":"\/ottomatitalic.ufo\/glyphs\/S_.glif","\/ottomatitalic.ufo\/glyphs\/S_caron.glif":"\/ottomatitalic.ufo\/glyphs\/S_caron.glif","\/ottomatitalic.ufo\/glyphs\/T_.glif":"\/ottomatitalic.ufo\/glyphs\/T_.glif","\/ottomatitalic.ufo\/glyphs\/T_horn.glif":"\/ottomatitalic.ufo\/glyphs\/T_horn.glif","\/ottomatitalic.ufo\/glyphs\/U_.glif":"\/ottomatitalic.ufo\/glyphs\/U_.glif","\/ottomatitalic.ufo\/glyphs\/U_S_.glif":"\/ottomatitalic.ufo\/glyphs\/U_S_.glif","\/ottomatitalic.ufo\/glyphs\/U_acute.glif":"\/ottomatitalic.ufo\/glyphs\/U_acute.glif","\/ottomatitalic.ufo\/glyphs\/U_circumflex.glif":"\/ottomatitalic.ufo\/glyphs\/U_circumflex.glif","\/ottomatitalic.ufo\/glyphs\/U_dieresis.glif":"\/ottomatitalic.ufo\/glyphs\/U_dieresis.glif","\/ottomatitalic.ufo\/glyphs\/U_grave.glif":"\/ottomatitalic.ufo\/glyphs\/U_grave.glif","\/ottomatitalic.ufo\/glyphs\/V_.glif":"\/ottomatitalic.ufo\/glyphs\/V_.glif","\/ottomatitalic.ufo\/glyphs\/W_.glif":"\/ottomatitalic.ufo\/glyphs\/W_.glif","\/ottomatitalic.ufo\/glyphs\/X_.glif":"\/ottomatitalic.ufo\/glyphs\/X_.glif","\/ottomatitalic.ufo\/glyphs\/Y_.glif":"\/ottomatitalic.ufo\/glyphs\/Y_.glif","\/ottomatitalic.ufo\/glyphs\/Y_acute.glif":"\/ottomatitalic.ufo\/glyphs\/Y_acute.glif","\/ottomatitalic.ufo\/glyphs\/Y_dieresis.glif":"\/ottomatitalic.ufo\/glyphs\/Y_dieresis.glif","\/ottomatitalic.ufo\/glyphs\/Z_.glif":"\/ottomatitalic.ufo\/glyphs\/Z_.glif","\/ottomatitalic.ufo\/glyphs\/Z_caron.glif":"\/ottomatitalic.ufo\/glyphs\/Z_caron.glif","\/ottomatitalic.ufo\/glyphs\/a.glif":"\/ottomatitalic.ufo\/glyphs\/a.glif","\/ottomatitalic.ufo\/glyphs\/aacute.glif":"\/ottomatitalic.ufo\/glyphs\/aacute.glif","\/ottomatitalic.ufo\/glyphs\/acircumflex.glif":"\/ottomatitalic.ufo\/glyphs\/acircumflex.glif","\/ottomatitalic.ufo\/glyphs\/acute.glif":"\/ottomatitalic.ufo\/glyphs\/acute.glif","\/ottomatitalic.ufo\/glyphs\/adieresis.glif":"\/ottomatitalic.ufo\/glyphs\/adieresis.glif","\/ottomatitalic.ufo\/glyphs\/ae.glif":"\/ottomatitalic.ufo\/glyphs\/ae.glif","\/ottomatitalic.ufo\/glyphs\/agrave.glif":"\/ottomatitalic.ufo\/glyphs\/agrave.glif","\/ottomatitalic.ufo\/glyphs\/ampersand.glif":"\/ottomatitalic.ufo\/glyphs\/ampersand.glif","\/ottomatitalic.ufo\/glyphs\/apple.glif":"\/ottomatitalic.ufo\/glyphs\/apple.glif","\/ottomatitalic.ufo\/glyphs\/approxequal.glif":"\/ottomatitalic.ufo\/glyphs\/approxequal.glif","\/ottomatitalic.ufo\/glyphs\/aring.glif":"\/ottomatitalic.ufo\/glyphs\/aring.glif","\/ottomatitalic.ufo\/glyphs\/asciicircum.glif":"\/ottomatitalic.ufo\/glyphs\/asciicircum.glif","\/ottomatitalic.ufo\/glyphs\/asciitilde.glif":"\/ottomatitalic.ufo\/glyphs\/asciitilde.glif","\/ottomatitalic.ufo\/glyphs\/asterisk.glif":"\/ottomatitalic.ufo\/glyphs\/asterisk.glif","\/ottomatitalic.ufo\/glyphs\/at.glif":"\/ottomatitalic.ufo\/glyphs\/at.glif","\/ottomatitalic.ufo\/glyphs\/atilde.glif":"\/ottomatitalic.ufo\/glyphs\/atilde.glif","\/ottomatitalic.ufo\/glyphs\/b.glif":"\/ottomatitalic.ufo\/glyphs\/b.glif","\/ottomatitalic.ufo\/glyphs\/backslash.glif":"\/ottomatitalic.ufo\/glyphs\/backslash.glif","\/ottomatitalic.ufo\/glyphs\/bar.glif":"\/ottomatitalic.ufo\/glyphs\/bar.glif","\/ottomatitalic.ufo\/glyphs\/braceleft.glif":"\/ottomatitalic.ufo\/glyphs\/braceleft.glif","\/ottomatitalic.ufo\/glyphs\/braceright.glif":"\/ottomatitalic.ufo\/glyphs\/braceright.glif","\/ottomatitalic.ufo\/glyphs\/bracketleft.glif":"\/ottomatitalic.ufo\/glyphs\/bracketleft.glif","\/ottomatitalic.ufo\/glyphs\/bracketright.glif":"\/ottomatitalic.ufo\/glyphs\/bracketright.glif","\/ottomatitalic.ufo\/glyphs\/breve.glif":"\/ottomatitalic.ufo\/glyphs\/breve.glif","\/ottomatitalic.ufo\/glyphs\/brokenbar.glif":"\/ottomatitalic.ufo\/glyphs\/brokenbar.glif","\/ottomatitalic.ufo\/glyphs\/bullet.glif":"\/ottomatitalic.ufo\/glyphs\/bullet.glif","\/ottomatitalic.ufo\/glyphs\/c.glif":"\/ottomatitalic.ufo\/glyphs\/c.glif","\/ottomatitalic.ufo\/glyphs\/caron.glif":"\/ottomatitalic.ufo\/glyphs\/caron.glif","\/ottomatitalic.ufo\/glyphs\/ccedilla.glif":"\/ottomatitalic.ufo\/glyphs\/ccedilla.glif","\/ottomatitalic.ufo\/glyphs\/cedilla.glif":"\/ottomatitalic.ufo\/glyphs\/cedilla.glif","\/ottomatitalic.ufo\/glyphs\/cent.glif":"\/ottomatitalic.ufo\/glyphs\/cent.glif","\/ottomatitalic.ufo\/glyphs\/circumflex.glif":"\/ottomatitalic.ufo\/glyphs\/circumflex.glif","\/ottomatitalic.ufo\/glyphs\/colon.glif":"\/ottomatitalic.ufo\/glyphs\/colon.glif","\/ottomatitalic.ufo\/glyphs\/comma.glif":"\/ottomatitalic.ufo\/glyphs\/comma.glif","\/ottomatitalic.ufo\/glyphs\/contents.plist":"\/ottomatitalic.ufo\/glyphs\/contents.plist","\/ottomatitalic.ufo\/glyphs\/copyright.glif":"\/ottomatitalic.ufo\/glyphs\/copyright.glif","\/ottomatitalic.ufo\/glyphs\/currency.glif":"\/ottomatitalic.ufo\/glyphs\/currency.glif","\/ottomatitalic.ufo\/glyphs\/d.glif":"\/ottomatitalic.ufo\/glyphs\/d.glif","\/ottomatitalic.ufo\/glyphs\/dagger.glif":"\/ottomatitalic.ufo\/glyphs\/dagger.glif","\/ottomatitalic.ufo\/glyphs\/daggerdbl.glif":"\/ottomatitalic.ufo\/glyphs\/daggerdbl.glif","\/ottomatitalic.ufo\/glyphs\/degree.glif":"\/ottomatitalic.ufo\/glyphs\/degree.glif","\/ottomatitalic.ufo\/glyphs\/dieresis.glif":"\/ottomatitalic.ufo\/glyphs\/dieresis.glif","\/ottomatitalic.ufo\/glyphs\/divide.glif":"\/ottomatitalic.ufo\/glyphs\/divide.glif","\/ottomatitalic.ufo\/glyphs\/dollar.glif":"\/ottomatitalic.ufo\/glyphs\/dollar.glif","\/ottomatitalic.ufo\/glyphs\/dotaccent.glif":"\/ottomatitalic.ufo\/glyphs\/dotaccent.glif","\/ottomatitalic.ufo\/glyphs\/dotlessi.glif":"\/ottomatitalic.ufo\/glyphs\/dotlessi.glif","\/ottomatitalic.ufo\/glyphs\/e.glif":"\/ottomatitalic.ufo\/glyphs\/e.glif","\/ottomatitalic.ufo\/glyphs\/eacute.glif":"\/ottomatitalic.ufo\/glyphs\/eacute.glif","\/ottomatitalic.ufo\/glyphs\/ecircumflex.glif":"\/ottomatitalic.ufo\/glyphs\/ecircumflex.glif","\/ottomatitalic.ufo\/glyphs\/edieresis.glif":"\/ottomatitalic.ufo\/glyphs\/edieresis.glif","\/ottomatitalic.ufo\/glyphs\/egrave.glif":"\/ottomatitalic.ufo\/glyphs\/egrave.glif","\/ottomatitalic.ufo\/glyphs\/eight.glif":"\/ottomatitalic.ufo\/glyphs\/eight.glif","\/ottomatitalic.ufo\/glyphs\/ellipsis.glif":"\/ottomatitalic.ufo\/glyphs\/ellipsis.glif","\/ottomatitalic.ufo\/glyphs\/emdash.glif":"\/ottomatitalic.ufo\/glyphs\/emdash.glif","\/ottomatitalic.ufo\/glyphs\/endash.glif":"\/ottomatitalic.ufo\/glyphs\/endash.glif","\/ottomatitalic.ufo\/glyphs\/equal.glif":"\/ottomatitalic.ufo\/glyphs\/equal.glif","\/ottomatitalic.ufo\/glyphs\/eth.glif":"\/ottomatitalic.ufo\/glyphs\/eth.glif","\/ottomatitalic.ufo\/glyphs\/exclam.glif":"\/ottomatitalic.ufo\/glyphs\/exclam.glif","\/ottomatitalic.ufo\/glyphs\/exclamdown.glif":"\/ottomatitalic.ufo\/glyphs\/exclamdown.glif","\/ottomatitalic.ufo\/glyphs\/f.glif":"\/ottomatitalic.ufo\/glyphs\/f.glif","\/ottomatitalic.ufo\/glyphs\/fi.glif":"\/ottomatitalic.ufo\/glyphs\/fi.glif","\/ottomatitalic.ufo\/glyphs\/five.glif":"\/ottomatitalic.ufo\/glyphs\/five.glif","\/ottomatitalic.ufo\/glyphs\/fl.glif":"\/ottomatitalic.ufo\/glyphs\/fl.glif","\/ottomatitalic.ufo\/glyphs\/florin.glif":"\/ottomatitalic.ufo\/glyphs\/florin.glif","\/ottomatitalic.ufo\/glyphs\/four.glif":"\/ottomatitalic.ufo\/glyphs\/four.glif","\/ottomatitalic.ufo\/glyphs\/fraction.glif":"\/ottomatitalic.ufo\/glyphs\/fraction.glif","\/ottomatitalic.ufo\/glyphs\/g.glif":"\/ottomatitalic.ufo\/glyphs\/g.glif","\/ottomatitalic.ufo\/glyphs\/germandbls.glif":"\/ottomatitalic.ufo\/glyphs\/germandbls.glif","\/ottomatitalic.ufo\/glyphs\/grave.glif":"\/ottomatitalic.ufo\/glyphs\/grave.glif","\/ottomatitalic.ufo\/glyphs\/greater.glif":"\/ottomatitalic.ufo\/glyphs\/greater.glif","\/ottomatitalic.ufo\/glyphs\/greaterequal.glif":"\/ottomatitalic.ufo\/glyphs\/greaterequal.glif","\/ottomatitalic.ufo\/glyphs\/guillemotleft.glif":"\/ottomatitalic.ufo\/glyphs\/guillemotleft.glif","\/ottomatitalic.ufo\/glyphs\/guillemotright.glif":"\/ottomatitalic.ufo\/glyphs\/guillemotright.glif","\/ottomatitalic.ufo\/glyphs\/guilsinglleft.glif":"\/ottomatitalic.ufo\/glyphs\/guilsinglleft.glif","\/ottomatitalic.ufo\/glyphs\/guilsinglright.glif":"\/ottomatitalic.ufo\/glyphs\/guilsinglright.glif","\/ottomatitalic.ufo\/glyphs\/h.glif":"\/ottomatitalic.ufo\/glyphs\/h.glif","\/ottomatitalic.ufo\/glyphs\/hungarumlaut.glif":"\/ottomatitalic.ufo\/glyphs\/hungarumlaut.glif","\/ottomatitalic.ufo\/glyphs\/hyphen.glif":"\/ottomatitalic.ufo\/glyphs\/hyphen.glif","\/ottomatitalic.ufo\/glyphs\/i.glif":"\/ottomatitalic.ufo\/glyphs\/i.glif","\/ottomatitalic.ufo\/glyphs\/iacute.glif":"\/ottomatitalic.ufo\/glyphs\/iacute.glif","\/ottomatitalic.ufo\/glyphs\/icircumflex.glif":"\/ottomatitalic.ufo\/glyphs\/icircumflex.glif","\/ottomatitalic.ufo\/glyphs\/idieresis.glif":"\/ottomatitalic.ufo\/glyphs\/idieresis.glif","\/ottomatitalic.ufo\/glyphs\/igrave.glif":"\/ottomatitalic.ufo\/glyphs\/igrave.glif","\/ottomatitalic.ufo\/glyphs\/infinity.glif":"\/ottomatitalic.ufo\/glyphs\/infinity.glif","\/ottomatitalic.ufo\/glyphs\/integral.glif":"\/ottomatitalic.ufo\/glyphs\/integral.glif","\/ottomatitalic.ufo\/glyphs\/j.glif":"\/ottomatitalic.ufo\/glyphs\/j.glif","\/ottomatitalic.ufo\/glyphs\/k.glif":"\/ottomatitalic.ufo\/glyphs\/k.glif","\/ottomatitalic.ufo\/glyphs\/l.glif":"\/ottomatitalic.ufo\/glyphs\/l.glif","\/ottomatitalic.ufo\/glyphs\/less.glif":"\/ottomatitalic.ufo\/glyphs\/less.glif","\/ottomatitalic.ufo\/glyphs\/lessequal.glif":"\/ottomatitalic.ufo\/glyphs\/lessequal.glif","\/ottomatitalic.ufo\/glyphs\/logicalnot.glif":"\/ottomatitalic.ufo\/glyphs\/logicalnot.glif","\/ottomatitalic.ufo\/glyphs\/lozenge.glif":"\/ottomatitalic.ufo\/glyphs\/lozenge.glif","\/ottomatitalic.ufo\/glyphs\/lslash.glif":"\/ottomatitalic.ufo\/glyphs\/lslash.glif","\/ottomatitalic.ufo\/glyphs\/m.glif":"\/ottomatitalic.ufo\/glyphs\/m.glif","\/ottomatitalic.ufo\/glyphs\/macron.glif":"\/ottomatitalic.ufo\/glyphs\/macron.glif","\/ottomatitalic.ufo\/glyphs\/minus.glif":"\/ottomatitalic.ufo\/glyphs\/minus.glif","\/ottomatitalic.ufo\/glyphs\/mu.glif":"\/ottomatitalic.ufo\/glyphs\/mu.glif","\/ottomatitalic.ufo\/glyphs\/multiply.glif":"\/ottomatitalic.ufo\/glyphs\/multiply.glif","\/ottomatitalic.ufo\/glyphs\/n.glif":"\/ottomatitalic.ufo\/glyphs\/n.glif","\/ottomatitalic.ufo\/glyphs\/nbspace.glif":"\/ottomatitalic.ufo\/glyphs\/nbspace.glif","\/ottomatitalic.ufo\/glyphs\/nine.glif":"\/ottomatitalic.ufo\/glyphs\/nine.glif","\/ottomatitalic.ufo\/glyphs\/notequal.glif":"\/ottomatitalic.ufo\/glyphs\/notequal.glif","\/ottomatitalic.ufo\/glyphs\/ntilde.glif":"\/ottomatitalic.ufo\/glyphs\/ntilde.glif","\/ottomatitalic.ufo\/glyphs\/numbersign.glif":"\/ottomatitalic.ufo\/glyphs\/numbersign.glif","\/ottomatitalic.ufo\/glyphs\/o.glif":"\/ottomatitalic.ufo\/glyphs\/o.glif","\/ottomatitalic.ufo\/glyphs\/oacute.glif":"\/ottomatitalic.ufo\/glyphs\/oacute.glif","\/ottomatitalic.ufo\/glyphs\/ocircumflex.glif":"\/ottomatitalic.ufo\/glyphs\/ocircumflex.glif","\/ottomatitalic.ufo\/glyphs\/odieresis.glif":"\/ottomatitalic.ufo\/glyphs\/odieresis.glif","\/ottomatitalic.ufo\/glyphs\/oe.glif":"\/ottomatitalic.ufo\/glyphs\/oe.glif","\/ottomatitalic.ufo\/glyphs\/ogonek.glif":"\/ottomatitalic.ufo\/glyphs\/ogonek.glif","\/ottomatitalic.ufo\/glyphs\/ograve.glif":"\/ottomatitalic.ufo\/glyphs\/ograve.glif","\/ottomatitalic.ufo\/glyphs\/one.glif":"\/ottomatitalic.ufo\/glyphs\/one.glif","\/ottomatitalic.ufo\/glyphs\/onehalf.glif":"\/ottomatitalic.ufo\/glyphs\/onehalf.glif","\/ottomatitalic.ufo\/glyphs\/onequarter.glif":"\/ottomatitalic.ufo\/glyphs\/onequarter.glif","\/ottomatitalic.ufo\/glyphs\/onesuperior.glif":"\/ottomatitalic.ufo\/glyphs\/onesuperior.glif","\/ottomatitalic.ufo\/glyphs\/ordfeminine.glif":"\/ottomatitalic.ufo\/glyphs\/ordfeminine.glif","\/ottomatitalic.ufo\/glyphs\/ordmasculine.glif":"\/ottomatitalic.ufo\/glyphs\/ordmasculine.glif","\/ottomatitalic.ufo\/glyphs\/oslash.glif":"\/ottomatitalic.ufo\/glyphs\/oslash.glif","\/ottomatitalic.ufo\/glyphs\/otilde.glif":"\/ottomatitalic.ufo\/glyphs\/otilde.glif","\/ottomatitalic.ufo\/glyphs\/p.glif":"\/ottomatitalic.ufo\/glyphs\/p.glif","\/ottomatitalic.ufo\/glyphs\/paragraph.glif":"\/ottomatitalic.ufo\/glyphs\/paragraph.glif","\/ottomatitalic.ufo\/glyphs\/parenleft.glif":"\/ottomatitalic.ufo\/glyphs\/parenleft.glif","\/ottomatitalic.ufo\/glyphs\/parenright.glif":"\/ottomatitalic.ufo\/glyphs\/parenright.glif","\/ottomatitalic.ufo\/glyphs\/partialdiff.glif":"\/ottomatitalic.ufo\/glyphs\/partialdiff.glif","\/ottomatitalic.ufo\/glyphs\/percent.glif":"\/ottomatitalic.ufo\/glyphs\/percent.glif","\/ottomatitalic.ufo\/glyphs\/period.glif":"\/ottomatitalic.ufo\/glyphs\/period.glif","\/ottomatitalic.ufo\/glyphs\/periodcentered.glif":"\/ottomatitalic.ufo\/glyphs\/periodcentered.glif","\/ottomatitalic.ufo\/glyphs\/perthousand.glif":"\/ottomatitalic.ufo\/glyphs\/perthousand.glif","\/ottomatitalic.ufo\/glyphs\/pi.glif":"\/ottomatitalic.ufo\/glyphs\/pi.glif","\/ottomatitalic.ufo\/glyphs\/plus.glif":"\/ottomatitalic.ufo\/glyphs\/plus.glif","\/ottomatitalic.ufo\/glyphs\/plusminus.glif":"\/ottomatitalic.ufo\/glyphs\/plusminus.glif","\/ottomatitalic.ufo\/glyphs\/product.glif":"\/ottomatitalic.ufo\/glyphs\/product.glif","\/ottomatitalic.ufo\/glyphs\/q.glif":"\/ottomatitalic.ufo\/glyphs\/q.glif","\/ottomatitalic.ufo\/glyphs\/question.glif":"\/ottomatitalic.ufo\/glyphs\/question.glif","\/ottomatitalic.ufo\/glyphs\/questiondown.glif":"\/ottomatitalic.ufo\/glyphs\/questiondown.glif","\/ottomatitalic.ufo\/glyphs\/quotedbl.glif":"\/ottomatitalic.ufo\/glyphs\/quotedbl.glif","\/ottomatitalic.ufo\/glyphs\/quotedblbase.glif":"\/ottomatitalic.ufo\/glyphs\/quotedblbase.glif","\/ottomatitalic.ufo\/glyphs\/quotedblleft.glif":"\/ottomatitalic.ufo\/glyphs\/quotedblleft.glif","\/ottomatitalic.ufo\/glyphs\/quotedblright.glif":"\/ottomatitalic.ufo\/glyphs\/quotedblright.glif","\/ottomatitalic.ufo\/glyphs\/quoteleft.glif":"\/ottomatitalic.ufo\/glyphs\/quoteleft.glif","\/ottomatitalic.ufo\/glyphs\/quoteright.glif":"\/ottomatitalic.ufo\/glyphs\/quoteright.glif","\/ottomatitalic.ufo\/glyphs\/quotesinglbase.glif":"\/ottomatitalic.ufo\/glyphs\/quotesinglbase.glif","\/ottomatitalic.ufo\/glyphs\/quotesingle.glif":"\/ottomatitalic.ufo\/glyphs\/quotesingle.glif","\/ottomatitalic.ufo\/glyphs\/r.glif":"\/ottomatitalic.ufo\/glyphs\/r.glif","\/ottomatitalic.ufo\/glyphs\/radical.glif":"\/ottomatitalic.ufo\/glyphs\/radical.glif","\/ottomatitalic.ufo\/glyphs\/registered.glif":"\/ottomatitalic.ufo\/glyphs\/registered.glif","\/ottomatitalic.ufo\/glyphs\/ring.glif":"\/ottomatitalic.ufo\/glyphs\/ring.glif","\/ottomatitalic.ufo\/glyphs\/s.glif":"\/ottomatitalic.ufo\/glyphs\/s.glif","\/ottomatitalic.ufo\/glyphs\/scaron.glif":"\/ottomatitalic.ufo\/glyphs\/scaron.glif","\/ottomatitalic.ufo\/glyphs\/section.glif":"\/ottomatitalic.ufo\/glyphs\/section.glif","\/ottomatitalic.ufo\/glyphs\/semicolon.glif":"\/ottomatitalic.ufo\/glyphs\/semicolon.glif","\/ottomatitalic.ufo\/glyphs\/seven.glif":"\/ottomatitalic.ufo\/glyphs\/seven.glif","\/ottomatitalic.ufo\/glyphs\/six.glif":"\/ottomatitalic.ufo\/glyphs\/six.glif","\/ottomatitalic.ufo\/glyphs\/slash.glif":"\/ottomatitalic.ufo\/glyphs\/slash.glif","\/ottomatitalic.ufo\/glyphs\/space.glif":"\/ottomatitalic.ufo\/glyphs\/space.glif","\/ottomatitalic.ufo\/glyphs\/sterling.glif":"\/ottomatitalic.ufo\/glyphs\/sterling.glif","\/ottomatitalic.ufo\/glyphs\/summation.glif":"\/ottomatitalic.ufo\/glyphs\/summation.glif","\/ottomatitalic.ufo\/glyphs\/t.glif":"\/ottomatitalic.ufo\/glyphs\/t.glif","\/ottomatitalic.ufo\/glyphs\/thorn.glif":"\/ottomatitalic.ufo\/glyphs\/thorn.glif","\/ottomatitalic.ufo\/glyphs\/three.glif":"\/ottomatitalic.ufo\/glyphs\/three.glif","\/ottomatitalic.ufo\/glyphs\/threequarters.glif":"\/ottomatitalic.ufo\/glyphs\/threequarters.glif","\/ottomatitalic.ufo\/glyphs\/threesuperior.glif":"\/ottomatitalic.ufo\/glyphs\/threesuperior.glif","\/ottomatitalic.ufo\/glyphs\/tilde.glif":"\/ottomatitalic.ufo\/glyphs\/tilde.glif","\/ottomatitalic.ufo\/glyphs\/trademark.glif":"\/ottomatitalic.ufo\/glyphs\/trademark.glif","\/ottomatitalic.ufo\/glyphs\/two.glif":"\/ottomatitalic.ufo\/glyphs\/two.glif","\/ottomatitalic.ufo\/glyphs\/twosuperior.glif":"\/ottomatitalic.ufo\/glyphs\/twosuperior.glif","\/ottomatitalic.ufo\/glyphs\/u.glif":"\/ottomatitalic.ufo\/glyphs\/u.glif","\/ottomatitalic.ufo\/glyphs\/uacute.glif":"\/ottomatitalic.ufo\/glyphs\/uacute.glif","\/ottomatitalic.ufo\/glyphs\/ucircumflex.glif":"\/ottomatitalic.ufo\/glyphs\/ucircumflex.glif","\/ottomatitalic.ufo\/glyphs\/udieresis.glif":"\/ottomatitalic.ufo\/glyphs\/udieresis.glif","\/ottomatitalic.ufo\/glyphs\/ugrave.glif":"\/ottomatitalic.ufo\/glyphs\/ugrave.glif","\/ottomatitalic.ufo\/glyphs\/underscore.glif":"\/ottomatitalic.ufo\/glyphs\/underscore.glif","\/ottomatitalic.ufo\/glyphs\/v.glif":"\/ottomatitalic.ufo\/glyphs\/v.glif","\/ottomatitalic.ufo\/glyphs\/w.glif":"\/ottomatitalic.ufo\/glyphs\/w.glif","\/ottomatitalic.ufo\/glyphs\/x.glif":"\/ottomatitalic.ufo\/glyphs\/x.glif","\/ottomatitalic.ufo\/glyphs\/y.glif":"\/ottomatitalic.ufo\/glyphs\/y.glif","\/ottomatitalic.ufo\/glyphs\/yacute.glif":"\/ottomatitalic.ufo\/glyphs\/yacute.glif","\/ottomatitalic.ufo\/glyphs\/ydieresis.glif":"\/ottomatitalic.ufo\/glyphs\/ydieresis.glif","\/ottomatitalic.ufo\/glyphs\/yen.glif":"\/ottomatitalic.ufo\/glyphs\/yen.glif","\/ottomatitalic.ufo\/glyphs\/z.glif":"\/ottomatitalic.ufo\/glyphs\/z.glif","\/ottomatitalic.ufo\/glyphs\/zcaron.glif":"\/ottomatitalic.ufo\/glyphs\/zcaron.glif","\/ottomatitalic.ufo\/glyphs\/zero.glif":"\/ottomatitalic.ufo\/glyphs\/zero.glif"},"Font":{"uploaded":1471184098.3719,"licence":"gpl3","company":"Chronolabs Cooperative","title":"Ottomat Italic","version":3.002,"date":"Fri Aug 12 10:03:55 2016","creator":"root","type":"1","matrix":"0.001 0 0 0.001 0 0","named":"OttomatItalic","painttype":"0","info":"8 dict dup","name":"OttomatItalic","family":"Ottomat","weight":"Medium","fstype":"0","italicangle":"-12"},"Licences":{"":false},"Table":{"FFTM":{"entryLength":16,"tag":"FFTM","checksum":1944367718,"offset":23748,"length":28},"GDEF":{"entryLength":16,"tag":"GDEF","checksum":19922950,"offset":23716,"length":32},"OS\/2":{"entryLength":16,"tag":"OS\/2","checksum":2009545441,"offset":344,"length":86},"cmap":{"entryLength":16,"tag":"cmap","checksum":4064790932,"offset":1468,"length":914},"gasp":{"entryLength":16,"tag":"gasp","checksum":4294901763,"offset":23708,"length":8},"glyf":{"entryLength":16,"tag":"glyf","checksum":755288143,"offset":2904,"length":19468},"head":{"entryLength":16,"tag":"head","checksum":178391642,"offset":220,"length":54},"hhea":{"entryLength":16,"tag":"hhea","checksum":133301237,"offset":276,"length":36},"hmtx":{"entryLength":16,"tag":"hmtx","checksum":3423547136,"offset":432,"length":1036},"loca":{"entryLength":16,"tag":"loca","checksum":2414715678,"offset":2384,"length":520},"maxp":{"entryLength":16,"tag":"maxp","checksum":21692505,"offset":312,"length":32},"name":{"entryLength":16,"tag":"name","checksum":861807055,"offset":22372,"length":732},"post":{"entryLength":16,"tag":"post","checksum":3008952954,"offset":23104,"length":603}},"UnicodeCharMap":{"32":3,"33":4,"34":5,"35":6,"36":7,"37":8,"38":9,"39":10,"40":11,"41":12,"42":13,"43":14,"44":15,"45":16,"46":17,"47":18,"48":19,"49":20,"50":21,"51":22,"52":23,"53":24,"54":25,"55":26,"56":27,"57":28,"58":29,"59":30,"60":31,"61":32,"62":33,"63":34,"64":35,"65":36,"66":37,"67":38,"68":39,"69":40,"70":41,"71":42,"72":43,"73":44,"74":45,"75":46,"76":47,"77":48,"78":49,"79":50,"80":51,"81":52,"82":53,"83":54,"84":55,"85":56,"86":57,"87":58,"88":59,"89":60,"90":61,"91":62,"92":63,"93":64,"94":65,"95":66,"96":67,"97":68,"98":69,"99":70,"100":71,"101":72,"102":73,"103":74,"104":75,"105":76,"106":77,"107":78,"108":79,"109":80,"110":81,"111":82,"112":83,"113":84,"114":85,"115":86,"116":87,"117":88,"118":89,"119":90,"120":91,"121":92,"122":93,"123":94,"124":95,"125":96,"126":97,"160":98,"161":99,"162":100,"163":101,"164":102,"165":103,"166":104,"167":105,"168":106,"169":107,"170":108,"171":109,"172":110,"174":111,"175":112,"176":113,"177":114,"178":115,"179":116,"180":117,"182":119,"183":120,"184":121,"185":122,"186":123,"187":124,"188":125,"189":126,"190":127,"191":128,"192":129,"193":130,"194":131,"195":132,"196":133,"197":134,"198":135,"199":136,"200":137,"201":138,"202":139,"203":140,"204":141,"205":142,"206":143,"207":144,"208":145,"209":146,"210":147,"211":148,"212":149,"213":150,"214":151,"215":152,"216":153,"217":154,"218":155,"219":156,"220":157,"221":158,"222":159,"223":160,"224":161,"225":162,"226":163,"227":164,"228":165,"229":166,"230":167,"231":168,"232":169,"233":170,"234":171,"235":172,"236":173,"237":174,"238":175,"239":176,"240":177,"241":178,"242":179,"243":180,"244":181,"245":182,"246":183,"247":184,"248":185,"249":186,"250":187,"251":188,"252":189,"253":190,"254":191,"255":192,"305":222,"321":220,"322":223,"338":221,"339":224,"352":226,"353":227,"376":257,"381":231,"382":232,"402":196,"710":211,"711":218,"728":213,"729":214,"730":215,"731":217,"732":212,"733":216,"916":255,"937":252,"956":118,"960":250,"8211":202,"8212":219,"8216":194,"8217":193,"8218":206,"8220":197,"8221":208,"8222":207,"8224":203,"8225":204,"8226":205,"8230":209,"8240":210,"8249":198,"8250":199,"8260":195,"8482":242,"8706":247,"8719":249,"8721":248,"8722":238,"8730":253,"8734":244,"8747":251,"8776":254,"8800":243,"8804":245,"8805":246,"9674":256,"64257":200,"64258":201},"Reserves":{"fontname":"Ottomat Italic"},"Names":{"Ottomat Italic":{"name":"Ottomat Italic","longitude":"0.00000001","latitude":"0.00000001","country":"","region":"","city":""}},"Nodes":{"ot":{"type":"typal","node":"ot","usage":1,"weight":1},"at":{"type":"typal","node":"at","usage":1,"weight":1},"it":{"type":"typal","node":"it","usage":1,"weight":1},"ic":{"type":"typal","node":"ic","usage":1,"weight":1},"ott":{"type":"typal","node":"ott","usage":1,"weight":1},"mat":{"type":"typal","node":"mat","usage":1,"weight":1},"ita":{"type":"typal","node":"ita","usage":1,"weight":1},"lic":{"type":"typal","node":"lic","usage":1,"weight":1},"otto":{"type":"keys","node":"otto","usage":1,"weight":1},"omat":{"type":"keys","node":"omat","usage":1,"weight":1},"ital":{"type":"keys","node":"ital","usage":1,"weight":1},"alic":{"type":"keys","node":"alic","usage":1,"weight":1},"ottom":{"type":"keys","node":"ottom","usage":1,"weight":1},"tomat":{"type":"keys","node":"tomat","usage":1,"weight":1},"itali":{"type":"keys","node":"itali","usage":1,"weight":1},"talic":{"type":"keys","node":"talic","usage":1,"weight":1},"ottomat":{"type":"fixes","node":"ottomat","usage":1,"weight":1},"italic":{"type":"fixes","node":"italic","usage":1,"weight":1}},"Contributors":[],"FontIdentity":"wagovau:46ccd0f43c2bf7e8c54c56bb","Bytes":null,"Networking":[],"barcode":"esmSGOaiSygu3","referee":"soyoaq"}