{"CSS":{"Sloop-ScriptOne":"Sloop-ScriptOne.css","Sloop Script One":"thatcher0:f80d00e702ec48a39d6319.css"},"FontType":"TrueType","FontCopyright":" 1994, Richard Lipton, designer. Produced by The Font Bureau, Inc.","FontName":"Sloop","FontSubfamily":"ScriptOne","FontSubfamilyID":"FontForge 2.0 : Sloop-ScriptOne : 29-8-2016","FontFullName":"Sloop Script One","FontVersion":"Version 001.000 ","FontWeight":null,"FontPostscriptName":"Sloop-ScriptOne","Files":{"\/Sloop-ScriptOne.css":"\/Sloop-ScriptOne.css","\/font-resource.json":"\/font-resource.json","\/sloop-scriptone.afm":"\/sloop-scriptone.afm","\/sloop-scriptone.cef":"\/sloop-scriptone.cef","\/sloop-scriptone.cff":"\/sloop-scriptone.cff","\/sloop-scriptone.eot":"\/sloop-scriptone.eot","\/sloop-scriptone.gai":"\/sloop-scriptone.gai","\/sloop-scriptone.gsf":"\/sloop-scriptone.gsf","\/sloop-scriptone.otf":"\/sloop-scriptone.otf","\/sloop-scriptone.pf3":"\/sloop-scriptone.pf3","\/sloop-scriptone.pfa":"\/sloop-scriptone.pfa","\/sloop-scriptone.pfb":"\/sloop-scriptone.pfb","\/sloop-scriptone.php":"\/sloop-scriptone.php","\/sloop-scriptone.pt3":"\/sloop-scriptone.pt3","\/sloop-scriptone.sfd":"\/sloop-scriptone.sfd","\/sloop-scriptone.svg":"\/sloop-scriptone.svg","\/sloop-scriptone.t42":"\/sloop-scriptone.t42","\/sloop-scriptone.ttd":"\/sloop-scriptone.ttd","\/sloop-scriptone.ttf":"\/sloop-scriptone.ttf","\/sloop-scriptone.ttg":"\/sloop-scriptone.ttg","\/sloop-scriptone.ufm":"\/sloop-scriptone.ufm","\/sloop-scriptone.woff":"\/sloop-scriptone.woff","\/sloop-scriptone.z":"\/sloop-scriptone.z","\/sloop-scriptone.ufo\/feature.fea":"\/sloop-scriptone.ufo\/feature.fea","\/sloop-scriptone.ufo\/fontinfo.plist":"\/sloop-scriptone.ufo\/fontinfo.plist","\/sloop-scriptone.ufo\/groups.plist":"\/sloop-scriptone.ufo\/groups.plist","\/sloop-scriptone.ufo\/kerning.plist":"\/sloop-scriptone.ufo\/kerning.plist","\/sloop-scriptone.ufo\/metainfo.plist":"\/sloop-scriptone.ufo\/metainfo.plist","\/sloop-scriptone.ufo\/glyphs\/A_.glif":"\/sloop-scriptone.ufo\/glyphs\/A_.glif","\/sloop-scriptone.ufo\/glyphs\/A_E_.glif":"\/sloop-scriptone.ufo\/glyphs\/A_E_.glif","\/sloop-scriptone.ufo\/glyphs\/A_acute.glif":"\/sloop-scriptone.ufo\/glyphs\/A_acute.glif","\/sloop-scriptone.ufo\/glyphs\/A_circumflex.glif":"\/sloop-scriptone.ufo\/glyphs\/A_circumflex.glif","\/sloop-scriptone.ufo\/glyphs\/A_dieresis.glif":"\/sloop-scriptone.ufo\/glyphs\/A_dieresis.glif","\/sloop-scriptone.ufo\/glyphs\/A_grave.glif":"\/sloop-scriptone.ufo\/glyphs\/A_grave.glif","\/sloop-scriptone.ufo\/glyphs\/A_ring.glif":"\/sloop-scriptone.ufo\/glyphs\/A_ring.glif","\/sloop-scriptone.ufo\/glyphs\/A_tilde.glif":"\/sloop-scriptone.ufo\/glyphs\/A_tilde.glif","\/sloop-scriptone.ufo\/glyphs\/B_.glif":"\/sloop-scriptone.ufo\/glyphs\/B_.glif","\/sloop-scriptone.ufo\/glyphs\/C_.glif":"\/sloop-scriptone.ufo\/glyphs\/C_.glif","\/sloop-scriptone.ufo\/glyphs\/C_cedilla.glif":"\/sloop-scriptone.ufo\/glyphs\/C_cedilla.glif","\/sloop-scriptone.ufo\/glyphs\/D_.glif":"\/sloop-scriptone.ufo\/glyphs\/D_.glif","\/sloop-scriptone.ufo\/glyphs\/D_elta.glif":"\/sloop-scriptone.ufo\/glyphs\/D_elta.glif","\/sloop-scriptone.ufo\/glyphs\/E_.glif":"\/sloop-scriptone.ufo\/glyphs\/E_.glif","\/sloop-scriptone.ufo\/glyphs\/E_acute.glif":"\/sloop-scriptone.ufo\/glyphs\/E_acute.glif","\/sloop-scriptone.ufo\/glyphs\/E_circumflex.glif":"\/sloop-scriptone.ufo\/glyphs\/E_circumflex.glif","\/sloop-scriptone.ufo\/glyphs\/E_dieresis.glif":"\/sloop-scriptone.ufo\/glyphs\/E_dieresis.glif","\/sloop-scriptone.ufo\/glyphs\/E_grave.glif":"\/sloop-scriptone.ufo\/glyphs\/E_grave.glif","\/sloop-scriptone.ufo\/glyphs\/E_th.glif":"\/sloop-scriptone.ufo\/glyphs\/E_th.glif","\/sloop-scriptone.ufo\/glyphs\/F_.glif":"\/sloop-scriptone.ufo\/glyphs\/F_.glif","\/sloop-scriptone.ufo\/glyphs\/G_.glif":"\/sloop-scriptone.ufo\/glyphs\/G_.glif","\/sloop-scriptone.ufo\/glyphs\/H_.glif":"\/sloop-scriptone.ufo\/glyphs\/H_.glif","\/sloop-scriptone.ufo\/glyphs\/I_.glif":"\/sloop-scriptone.ufo\/glyphs\/I_.glif","\/sloop-scriptone.ufo\/glyphs\/I_acute.glif":"\/sloop-scriptone.ufo\/glyphs\/I_acute.glif","\/sloop-scriptone.ufo\/glyphs\/I_circumflex.glif":"\/sloop-scriptone.ufo\/glyphs\/I_circumflex.glif","\/sloop-scriptone.ufo\/glyphs\/I_dieresis.glif":"\/sloop-scriptone.ufo\/glyphs\/I_dieresis.glif","\/sloop-scriptone.ufo\/glyphs\/I_grave.glif":"\/sloop-scriptone.ufo\/glyphs\/I_grave.glif","\/sloop-scriptone.ufo\/glyphs\/J_.glif":"\/sloop-scriptone.ufo\/glyphs\/J_.glif","\/sloop-scriptone.ufo\/glyphs\/K_.glif":"\/sloop-scriptone.ufo\/glyphs\/K_.glif","\/sloop-scriptone.ufo\/glyphs\/L_.glif":"\/sloop-scriptone.ufo\/glyphs\/L_.glif","\/sloop-scriptone.ufo\/glyphs\/L_slash.glif":"\/sloop-scriptone.ufo\/glyphs\/L_slash.glif","\/sloop-scriptone.ufo\/glyphs\/M_.glif":"\/sloop-scriptone.ufo\/glyphs\/M_.glif","\/sloop-scriptone.ufo\/glyphs\/N_.glif":"\/sloop-scriptone.ufo\/glyphs\/N_.glif","\/sloop-scriptone.ufo\/glyphs\/N_U_L_.glif":"\/sloop-scriptone.ufo\/glyphs\/N_U_L_.glif","\/sloop-scriptone.ufo\/glyphs\/N_tilde.glif":"\/sloop-scriptone.ufo\/glyphs\/N_tilde.glif","\/sloop-scriptone.ufo\/glyphs\/O_.glif":"\/sloop-scriptone.ufo\/glyphs\/O_.glif","\/sloop-scriptone.ufo\/glyphs\/O_E_.glif":"\/sloop-scriptone.ufo\/glyphs\/O_E_.glif","\/sloop-scriptone.ufo\/glyphs\/O_acute.glif":"\/sloop-scriptone.ufo\/glyphs\/O_acute.glif","\/sloop-scriptone.ufo\/glyphs\/O_circumflex.glif":"\/sloop-scriptone.ufo\/glyphs\/O_circumflex.glif","\/sloop-scriptone.ufo\/glyphs\/O_dieresis.glif":"\/sloop-scriptone.ufo\/glyphs\/O_dieresis.glif","\/sloop-scriptone.ufo\/glyphs\/O_grave.glif":"\/sloop-scriptone.ufo\/glyphs\/O_grave.glif","\/sloop-scriptone.ufo\/glyphs\/O_mega.glif":"\/sloop-scriptone.ufo\/glyphs\/O_mega.glif","\/sloop-scriptone.ufo\/glyphs\/O_slash.glif":"\/sloop-scriptone.ufo\/glyphs\/O_slash.glif","\/sloop-scriptone.ufo\/glyphs\/O_tilde.glif":"\/sloop-scriptone.ufo\/glyphs\/O_tilde.glif","\/sloop-scriptone.ufo\/glyphs\/P_.glif":"\/sloop-scriptone.ufo\/glyphs\/P_.glif","\/sloop-scriptone.ufo\/glyphs\/Q_.glif":"\/sloop-scriptone.ufo\/glyphs\/Q_.glif","\/sloop-scriptone.ufo\/glyphs\/R_.glif":"\/sloop-scriptone.ufo\/glyphs\/R_.glif","\/sloop-scriptone.ufo\/glyphs\/S_.glif":"\/sloop-scriptone.ufo\/glyphs\/S_.glif","\/sloop-scriptone.ufo\/glyphs\/S_caron.glif":"\/sloop-scriptone.ufo\/glyphs\/S_caron.glif","\/sloop-scriptone.ufo\/glyphs\/T_.glif":"\/sloop-scriptone.ufo\/glyphs\/T_.glif","\/sloop-scriptone.ufo\/glyphs\/T_horn.glif":"\/sloop-scriptone.ufo\/glyphs\/T_horn.glif","\/sloop-scriptone.ufo\/glyphs\/U_.glif":"\/sloop-scriptone.ufo\/glyphs\/U_.glif","\/sloop-scriptone.ufo\/glyphs\/U_acute.glif":"\/sloop-scriptone.ufo\/glyphs\/U_acute.glif","\/sloop-scriptone.ufo\/glyphs\/U_circumflex.glif":"\/sloop-scriptone.ufo\/glyphs\/U_circumflex.glif","\/sloop-scriptone.ufo\/glyphs\/U_dieresis.glif":"\/sloop-scriptone.ufo\/glyphs\/U_dieresis.glif","\/sloop-scriptone.ufo\/glyphs\/U_grave.glif":"\/sloop-scriptone.ufo\/glyphs\/U_grave.glif","\/sloop-scriptone.ufo\/glyphs\/V_.glif":"\/sloop-scriptone.ufo\/glyphs\/V_.glif","\/sloop-scriptone.ufo\/glyphs\/W_.glif":"\/sloop-scriptone.ufo\/glyphs\/W_.glif","\/sloop-scriptone.ufo\/glyphs\/X_.glif":"\/sloop-scriptone.ufo\/glyphs\/X_.glif","\/sloop-scriptone.ufo\/glyphs\/Y_.glif":"\/sloop-scriptone.ufo\/glyphs\/Y_.glif","\/sloop-scriptone.ufo\/glyphs\/Y_acute.glif":"\/sloop-scriptone.ufo\/glyphs\/Y_acute.glif","\/sloop-scriptone.ufo\/glyphs\/Y_dieresis.glif":"\/sloop-scriptone.ufo\/glyphs\/Y_dieresis.glif","\/sloop-scriptone.ufo\/glyphs\/Z_.glif":"\/sloop-scriptone.ufo\/glyphs\/Z_.glif","\/sloop-scriptone.ufo\/glyphs\/Z_caron.glif":"\/sloop-scriptone.ufo\/glyphs\/Z_caron.glif","\/sloop-scriptone.ufo\/glyphs\/a.glif":"\/sloop-scriptone.ufo\/glyphs\/a.glif","\/sloop-scriptone.ufo\/glyphs\/aacute.glif":"\/sloop-scriptone.ufo\/glyphs\/aacute.glif","\/sloop-scriptone.ufo\/glyphs\/acircumflex.glif":"\/sloop-scriptone.ufo\/glyphs\/acircumflex.glif","\/sloop-scriptone.ufo\/glyphs\/acute.glif":"\/sloop-scriptone.ufo\/glyphs\/acute.glif","\/sloop-scriptone.ufo\/glyphs\/adieresis.glif":"\/sloop-scriptone.ufo\/glyphs\/adieresis.glif","\/sloop-scriptone.ufo\/glyphs\/ae.glif":"\/sloop-scriptone.ufo\/glyphs\/ae.glif","\/sloop-scriptone.ufo\/glyphs\/agrave.glif":"\/sloop-scriptone.ufo\/glyphs\/agrave.glif","\/sloop-scriptone.ufo\/glyphs\/ampersand.glif":"\/sloop-scriptone.ufo\/glyphs\/ampersand.glif","\/sloop-scriptone.ufo\/glyphs\/apple.glif":"\/sloop-scriptone.ufo\/glyphs\/apple.glif","\/sloop-scriptone.ufo\/glyphs\/approxequal.glif":"\/sloop-scriptone.ufo\/glyphs\/approxequal.glif","\/sloop-scriptone.ufo\/glyphs\/aring.glif":"\/sloop-scriptone.ufo\/glyphs\/aring.glif","\/sloop-scriptone.ufo\/glyphs\/asciicircum.glif":"\/sloop-scriptone.ufo\/glyphs\/asciicircum.glif","\/sloop-scriptone.ufo\/glyphs\/asciitilde.glif":"\/sloop-scriptone.ufo\/glyphs\/asciitilde.glif","\/sloop-scriptone.ufo\/glyphs\/asterisk.glif":"\/sloop-scriptone.ufo\/glyphs\/asterisk.glif","\/sloop-scriptone.ufo\/glyphs\/at.glif":"\/sloop-scriptone.ufo\/glyphs\/at.glif","\/sloop-scriptone.ufo\/glyphs\/atilde.glif":"\/sloop-scriptone.ufo\/glyphs\/atilde.glif","\/sloop-scriptone.ufo\/glyphs\/b.glif":"\/sloop-scriptone.ufo\/glyphs\/b.glif","\/sloop-scriptone.ufo\/glyphs\/backslash.glif":"\/sloop-scriptone.ufo\/glyphs\/backslash.glif","\/sloop-scriptone.ufo\/glyphs\/bar.glif":"\/sloop-scriptone.ufo\/glyphs\/bar.glif","\/sloop-scriptone.ufo\/glyphs\/braceleft.glif":"\/sloop-scriptone.ufo\/glyphs\/braceleft.glif","\/sloop-scriptone.ufo\/glyphs\/braceright.glif":"\/sloop-scriptone.ufo\/glyphs\/braceright.glif","\/sloop-scriptone.ufo\/glyphs\/bracketleft.glif":"\/sloop-scriptone.ufo\/glyphs\/bracketleft.glif","\/sloop-scriptone.ufo\/glyphs\/bracketright.glif":"\/sloop-scriptone.ufo\/glyphs\/bracketright.glif","\/sloop-scriptone.ufo\/glyphs\/breve.glif":"\/sloop-scriptone.ufo\/glyphs\/breve.glif","\/sloop-scriptone.ufo\/glyphs\/brokenbar.glif":"\/sloop-scriptone.ufo\/glyphs\/brokenbar.glif","\/sloop-scriptone.ufo\/glyphs\/bullet.glif":"\/sloop-scriptone.ufo\/glyphs\/bullet.glif","\/sloop-scriptone.ufo\/glyphs\/c.glif":"\/sloop-scriptone.ufo\/glyphs\/c.glif","\/sloop-scriptone.ufo\/glyphs\/caron.glif":"\/sloop-scriptone.ufo\/glyphs\/caron.glif","\/sloop-scriptone.ufo\/glyphs\/ccedilla.glif":"\/sloop-scriptone.ufo\/glyphs\/ccedilla.glif","\/sloop-scriptone.ufo\/glyphs\/cedilla.glif":"\/sloop-scriptone.ufo\/glyphs\/cedilla.glif","\/sloop-scriptone.ufo\/glyphs\/cent.glif":"\/sloop-scriptone.ufo\/glyphs\/cent.glif","\/sloop-scriptone.ufo\/glyphs\/circumflex.glif":"\/sloop-scriptone.ufo\/glyphs\/circumflex.glif","\/sloop-scriptone.ufo\/glyphs\/colon.glif":"\/sloop-scriptone.ufo\/glyphs\/colon.glif","\/sloop-scriptone.ufo\/glyphs\/comma.glif":"\/sloop-scriptone.ufo\/glyphs\/comma.glif","\/sloop-scriptone.ufo\/glyphs\/contents.plist":"\/sloop-scriptone.ufo\/glyphs\/contents.plist","\/sloop-scriptone.ufo\/glyphs\/copyright.glif":"\/sloop-scriptone.ufo\/glyphs\/copyright.glif","\/sloop-scriptone.ufo\/glyphs\/currency.glif":"\/sloop-scriptone.ufo\/glyphs\/currency.glif","\/sloop-scriptone.ufo\/glyphs\/d.glif":"\/sloop-scriptone.ufo\/glyphs\/d.glif","\/sloop-scriptone.ufo\/glyphs\/dagger.glif":"\/sloop-scriptone.ufo\/glyphs\/dagger.glif","\/sloop-scriptone.ufo\/glyphs\/daggerdbl.glif":"\/sloop-scriptone.ufo\/glyphs\/daggerdbl.glif","\/sloop-scriptone.ufo\/glyphs\/degree.glif":"\/sloop-scriptone.ufo\/glyphs\/degree.glif","\/sloop-scriptone.ufo\/glyphs\/dieresis.glif":"\/sloop-scriptone.ufo\/glyphs\/dieresis.glif","\/sloop-scriptone.ufo\/glyphs\/divide.glif":"\/sloop-scriptone.ufo\/glyphs\/divide.glif","\/sloop-scriptone.ufo\/glyphs\/dollar.glif":"\/sloop-scriptone.ufo\/glyphs\/dollar.glif","\/sloop-scriptone.ufo\/glyphs\/dotaccent.glif":"\/sloop-scriptone.ufo\/glyphs\/dotaccent.glif","\/sloop-scriptone.ufo\/glyphs\/dotlessi.glif":"\/sloop-scriptone.ufo\/glyphs\/dotlessi.glif","\/sloop-scriptone.ufo\/glyphs\/e.glif":"\/sloop-scriptone.ufo\/glyphs\/e.glif","\/sloop-scriptone.ufo\/glyphs\/eacute.glif":"\/sloop-scriptone.ufo\/glyphs\/eacute.glif","\/sloop-scriptone.ufo\/glyphs\/ecircumflex.glif":"\/sloop-scriptone.ufo\/glyphs\/ecircumflex.glif","\/sloop-scriptone.ufo\/glyphs\/edieresis.glif":"\/sloop-scriptone.ufo\/glyphs\/edieresis.glif","\/sloop-scriptone.ufo\/glyphs\/egrave.glif":"\/sloop-scriptone.ufo\/glyphs\/egrave.glif","\/sloop-scriptone.ufo\/glyphs\/eight.glif":"\/sloop-scriptone.ufo\/glyphs\/eight.glif","\/sloop-scriptone.ufo\/glyphs\/ellipsis.glif":"\/sloop-scriptone.ufo\/glyphs\/ellipsis.glif","\/sloop-scriptone.ufo\/glyphs\/emdash.glif":"\/sloop-scriptone.ufo\/glyphs\/emdash.glif","\/sloop-scriptone.ufo\/glyphs\/endash.glif":"\/sloop-scriptone.ufo\/glyphs\/endash.glif","\/sloop-scriptone.ufo\/glyphs\/equal.glif":"\/sloop-scriptone.ufo\/glyphs\/equal.glif","\/sloop-scriptone.ufo\/glyphs\/eth.glif":"\/sloop-scriptone.ufo\/glyphs\/eth.glif","\/sloop-scriptone.ufo\/glyphs\/exclam.glif":"\/sloop-scriptone.ufo\/glyphs\/exclam.glif","\/sloop-scriptone.ufo\/glyphs\/exclamdown.glif":"\/sloop-scriptone.ufo\/glyphs\/exclamdown.glif","\/sloop-scriptone.ufo\/glyphs\/f.glif":"\/sloop-scriptone.ufo\/glyphs\/f.glif","\/sloop-scriptone.ufo\/glyphs\/fi.glif":"\/sloop-scriptone.ufo\/glyphs\/fi.glif","\/sloop-scriptone.ufo\/glyphs\/five.glif":"\/sloop-scriptone.ufo\/glyphs\/five.glif","\/sloop-scriptone.ufo\/glyphs\/fl.glif":"\/sloop-scriptone.ufo\/glyphs\/fl.glif","\/sloop-scriptone.ufo\/glyphs\/florin.glif":"\/sloop-scriptone.ufo\/glyphs\/florin.glif","\/sloop-scriptone.ufo\/glyphs\/four.glif":"\/sloop-scriptone.ufo\/glyphs\/four.glif","\/sloop-scriptone.ufo\/glyphs\/fraction.glif":"\/sloop-scriptone.ufo\/glyphs\/fraction.glif","\/sloop-scriptone.ufo\/glyphs\/g.glif":"\/sloop-scriptone.ufo\/glyphs\/g.glif","\/sloop-scriptone.ufo\/glyphs\/germandbls.glif":"\/sloop-scriptone.ufo\/glyphs\/germandbls.glif","\/sloop-scriptone.ufo\/glyphs\/grave.glif":"\/sloop-scriptone.ufo\/glyphs\/grave.glif","\/sloop-scriptone.ufo\/glyphs\/greater.glif":"\/sloop-scriptone.ufo\/glyphs\/greater.glif","\/sloop-scriptone.ufo\/glyphs\/greaterequal.glif":"\/sloop-scriptone.ufo\/glyphs\/greaterequal.glif","\/sloop-scriptone.ufo\/glyphs\/guillemotleft.glif":"\/sloop-scriptone.ufo\/glyphs\/guillemotleft.glif","\/sloop-scriptone.ufo\/glyphs\/guillemotright.glif":"\/sloop-scriptone.ufo\/glyphs\/guillemotright.glif","\/sloop-scriptone.ufo\/glyphs\/guilsinglleft.glif":"\/sloop-scriptone.ufo\/glyphs\/guilsinglleft.glif","\/sloop-scriptone.ufo\/glyphs\/guilsinglright.glif":"\/sloop-scriptone.ufo\/glyphs\/guilsinglright.glif","\/sloop-scriptone.ufo\/glyphs\/h.glif":"\/sloop-scriptone.ufo\/glyphs\/h.glif","\/sloop-scriptone.ufo\/glyphs\/hungarumlaut.glif":"\/sloop-scriptone.ufo\/glyphs\/hungarumlaut.glif","\/sloop-scriptone.ufo\/glyphs\/hyphen.glif":"\/sloop-scriptone.ufo\/glyphs\/hyphen.glif","\/sloop-scriptone.ufo\/glyphs\/i.glif":"\/sloop-scriptone.ufo\/glyphs\/i.glif","\/sloop-scriptone.ufo\/glyphs\/iacute.glif":"\/sloop-scriptone.ufo\/glyphs\/iacute.glif","\/sloop-scriptone.ufo\/glyphs\/icircumflex.glif":"\/sloop-scriptone.ufo\/glyphs\/icircumflex.glif","\/sloop-scriptone.ufo\/glyphs\/idieresis.glif":"\/sloop-scriptone.ufo\/glyphs\/idieresis.glif","\/sloop-scriptone.ufo\/glyphs\/igrave.glif":"\/sloop-scriptone.ufo\/glyphs\/igrave.glif","\/sloop-scriptone.ufo\/glyphs\/infinity.glif":"\/sloop-scriptone.ufo\/glyphs\/infinity.glif","\/sloop-scriptone.ufo\/glyphs\/integral.glif":"\/sloop-scriptone.ufo\/glyphs\/integral.glif","\/sloop-scriptone.ufo\/glyphs\/j.glif":"\/sloop-scriptone.ufo\/glyphs\/j.glif","\/sloop-scriptone.ufo\/glyphs\/k.glif":"\/sloop-scriptone.ufo\/glyphs\/k.glif","\/sloop-scriptone.ufo\/glyphs\/l.glif":"\/sloop-scriptone.ufo\/glyphs\/l.glif","\/sloop-scriptone.ufo\/glyphs\/less.glif":"\/sloop-scriptone.ufo\/glyphs\/less.glif","\/sloop-scriptone.ufo\/glyphs\/lessequal.glif":"\/sloop-scriptone.ufo\/glyphs\/lessequal.glif","\/sloop-scriptone.ufo\/glyphs\/logicalnot.glif":"\/sloop-scriptone.ufo\/glyphs\/logicalnot.glif","\/sloop-scriptone.ufo\/glyphs\/lozenge.glif":"\/sloop-scriptone.ufo\/glyphs\/lozenge.glif","\/sloop-scriptone.ufo\/glyphs\/lslash.glif":"\/sloop-scriptone.ufo\/glyphs\/lslash.glif","\/sloop-scriptone.ufo\/glyphs\/m.glif":"\/sloop-scriptone.ufo\/glyphs\/m.glif","\/sloop-scriptone.ufo\/glyphs\/macron.glif":"\/sloop-scriptone.ufo\/glyphs\/macron.glif","\/sloop-scriptone.ufo\/glyphs\/minus.glif":"\/sloop-scriptone.ufo\/glyphs\/minus.glif","\/sloop-scriptone.ufo\/glyphs\/mu.glif":"\/sloop-scriptone.ufo\/glyphs\/mu.glif","\/sloop-scriptone.ufo\/glyphs\/multiply.glif":"\/sloop-scriptone.ufo\/glyphs\/multiply.glif","\/sloop-scriptone.ufo\/glyphs\/n.glif":"\/sloop-scriptone.ufo\/glyphs\/n.glif","\/sloop-scriptone.ufo\/glyphs\/nine.glif":"\/sloop-scriptone.ufo\/glyphs\/nine.glif","\/sloop-scriptone.ufo\/glyphs\/nonbreakingspace.glif":"\/sloop-scriptone.ufo\/glyphs\/nonbreakingspace.glif","\/sloop-scriptone.ufo\/glyphs\/nonmarkingreturn.glif":"\/sloop-scriptone.ufo\/glyphs\/nonmarkingreturn.glif","\/sloop-scriptone.ufo\/glyphs\/notequal.glif":"\/sloop-scriptone.ufo\/glyphs\/notequal.glif","\/sloop-scriptone.ufo\/glyphs\/ntilde.glif":"\/sloop-scriptone.ufo\/glyphs\/ntilde.glif","\/sloop-scriptone.ufo\/glyphs\/numbersign.glif":"\/sloop-scriptone.ufo\/glyphs\/numbersign.glif","\/sloop-scriptone.ufo\/glyphs\/o.glif":"\/sloop-scriptone.ufo\/glyphs\/o.glif","\/sloop-scriptone.ufo\/glyphs\/oacute.glif":"\/sloop-scriptone.ufo\/glyphs\/oacute.glif","\/sloop-scriptone.ufo\/glyphs\/ocircumflex.glif":"\/sloop-scriptone.ufo\/glyphs\/ocircumflex.glif","\/sloop-scriptone.ufo\/glyphs\/odieresis.glif":"\/sloop-scriptone.ufo\/glyphs\/odieresis.glif","\/sloop-scriptone.ufo\/glyphs\/oe.glif":"\/sloop-scriptone.ufo\/glyphs\/oe.glif","\/sloop-scriptone.ufo\/glyphs\/ogonek.glif":"\/sloop-scriptone.ufo\/glyphs\/ogonek.glif","\/sloop-scriptone.ufo\/glyphs\/ograve.glif":"\/sloop-scriptone.ufo\/glyphs\/ograve.glif","\/sloop-scriptone.ufo\/glyphs\/one.glif":"\/sloop-scriptone.ufo\/glyphs\/one.glif","\/sloop-scriptone.ufo\/glyphs\/onehalf.glif":"\/sloop-scriptone.ufo\/glyphs\/onehalf.glif","\/sloop-scriptone.ufo\/glyphs\/onequarter.glif":"\/sloop-scriptone.ufo\/glyphs\/onequarter.glif","\/sloop-scriptone.ufo\/glyphs\/onesuperior.glif":"\/sloop-scriptone.ufo\/glyphs\/onesuperior.glif","\/sloop-scriptone.ufo\/glyphs\/ordfeminine.glif":"\/sloop-scriptone.ufo\/glyphs\/ordfeminine.glif","\/sloop-scriptone.ufo\/glyphs\/ordmasculine.glif":"\/sloop-scriptone.ufo\/glyphs\/ordmasculine.glif","\/sloop-scriptone.ufo\/glyphs\/oslash.glif":"\/sloop-scriptone.ufo\/glyphs\/oslash.glif","\/sloop-scriptone.ufo\/glyphs\/otilde.glif":"\/sloop-scriptone.ufo\/glyphs\/otilde.glif","\/sloop-scriptone.ufo\/glyphs\/p.glif":"\/sloop-scriptone.ufo\/glyphs\/p.glif","\/sloop-scriptone.ufo\/glyphs\/paragraph.glif":"\/sloop-scriptone.ufo\/glyphs\/paragraph.glif","\/sloop-scriptone.ufo\/glyphs\/parenleft.glif":"\/sloop-scriptone.ufo\/glyphs\/parenleft.glif","\/sloop-scriptone.ufo\/glyphs\/parenright.glif":"\/sloop-scriptone.ufo\/glyphs\/parenright.glif","\/sloop-scriptone.ufo\/glyphs\/partialdiff.glif":"\/sloop-scriptone.ufo\/glyphs\/partialdiff.glif","\/sloop-scriptone.ufo\/glyphs\/percent.glif":"\/sloop-scriptone.ufo\/glyphs\/percent.glif","\/sloop-scriptone.ufo\/glyphs\/period.glif":"\/sloop-scriptone.ufo\/glyphs\/period.glif","\/sloop-scriptone.ufo\/glyphs\/periodcentered.glif":"\/sloop-scriptone.ufo\/glyphs\/periodcentered.glif","\/sloop-scriptone.ufo\/glyphs\/perthousand.glif":"\/sloop-scriptone.ufo\/glyphs\/perthousand.glif","\/sloop-scriptone.ufo\/glyphs\/pi.glif":"\/sloop-scriptone.ufo\/glyphs\/pi.glif","\/sloop-scriptone.ufo\/glyphs\/plus.glif":"\/sloop-scriptone.ufo\/glyphs\/plus.glif","\/sloop-scriptone.ufo\/glyphs\/plusminus.glif":"\/sloop-scriptone.ufo\/glyphs\/plusminus.glif","\/sloop-scriptone.ufo\/glyphs\/product.glif":"\/sloop-scriptone.ufo\/glyphs\/product.glif","\/sloop-scriptone.ufo\/glyphs\/q.glif":"\/sloop-scriptone.ufo\/glyphs\/q.glif","\/sloop-scriptone.ufo\/glyphs\/question.glif":"\/sloop-scriptone.ufo\/glyphs\/question.glif","\/sloop-scriptone.ufo\/glyphs\/questiondown.glif":"\/sloop-scriptone.ufo\/glyphs\/questiondown.glif","\/sloop-scriptone.ufo\/glyphs\/quotedbl.glif":"\/sloop-scriptone.ufo\/glyphs\/quotedbl.glif","\/sloop-scriptone.ufo\/glyphs\/quotedblbase.glif":"\/sloop-scriptone.ufo\/glyphs\/quotedblbase.glif","\/sloop-scriptone.ufo\/glyphs\/quotedblleft.glif":"\/sloop-scriptone.ufo\/glyphs\/quotedblleft.glif","\/sloop-scriptone.ufo\/glyphs\/quotedblright.glif":"\/sloop-scriptone.ufo\/glyphs\/quotedblright.glif","\/sloop-scriptone.ufo\/glyphs\/quoteleft.glif":"\/sloop-scriptone.ufo\/glyphs\/quoteleft.glif","\/sloop-scriptone.ufo\/glyphs\/quoteright.glif":"\/sloop-scriptone.ufo\/glyphs\/quoteright.glif","\/sloop-scriptone.ufo\/glyphs\/quotesinglbase.glif":"\/sloop-scriptone.ufo\/glyphs\/quotesinglbase.glif","\/sloop-scriptone.ufo\/glyphs\/quotesingle.glif":"\/sloop-scriptone.ufo\/glyphs\/quotesingle.glif","\/sloop-scriptone.ufo\/glyphs\/r.glif":"\/sloop-scriptone.ufo\/glyphs\/r.glif","\/sloop-scriptone.ufo\/glyphs\/radical.glif":"\/sloop-scriptone.ufo\/glyphs\/radical.glif","\/sloop-scriptone.ufo\/glyphs\/registered.glif":"\/sloop-scriptone.ufo\/glyphs\/registered.glif","\/sloop-scriptone.ufo\/glyphs\/ring.glif":"\/sloop-scriptone.ufo\/glyphs\/ring.glif","\/sloop-scriptone.ufo\/glyphs\/s.glif":"\/sloop-scriptone.ufo\/glyphs\/s.glif","\/sloop-scriptone.ufo\/glyphs\/scaron.glif":"\/sloop-scriptone.ufo\/glyphs\/scaron.glif","\/sloop-scriptone.ufo\/glyphs\/section.glif":"\/sloop-scriptone.ufo\/glyphs\/section.glif","\/sloop-scriptone.ufo\/glyphs\/semicolon.glif":"\/sloop-scriptone.ufo\/glyphs\/semicolon.glif","\/sloop-scriptone.ufo\/glyphs\/seven.glif":"\/sloop-scriptone.ufo\/glyphs\/seven.glif","\/sloop-scriptone.ufo\/glyphs\/six.glif":"\/sloop-scriptone.ufo\/glyphs\/six.glif","\/sloop-scriptone.ufo\/glyphs\/slash.glif":"\/sloop-scriptone.ufo\/glyphs\/slash.glif","\/sloop-scriptone.ufo\/glyphs\/space.glif":"\/sloop-scriptone.ufo\/glyphs\/space.glif","\/sloop-scriptone.ufo\/glyphs\/sterling.glif":"\/sloop-scriptone.ufo\/glyphs\/sterling.glif","\/sloop-scriptone.ufo\/glyphs\/summation.glif":"\/sloop-scriptone.ufo\/glyphs\/summation.glif","\/sloop-scriptone.ufo\/glyphs\/t.glif":"\/sloop-scriptone.ufo\/glyphs\/t.glif","\/sloop-scriptone.ufo\/glyphs\/thorn.glif":"\/sloop-scriptone.ufo\/glyphs\/thorn.glif","\/sloop-scriptone.ufo\/glyphs\/three.glif":"\/sloop-scriptone.ufo\/glyphs\/three.glif","\/sloop-scriptone.ufo\/glyphs\/threequarters.glif":"\/sloop-scriptone.ufo\/glyphs\/threequarters.glif","\/sloop-scriptone.ufo\/glyphs\/threesuperior.glif":"\/sloop-scriptone.ufo\/glyphs\/threesuperior.glif","\/sloop-scriptone.ufo\/glyphs\/tilde.glif":"\/sloop-scriptone.ufo\/glyphs\/tilde.glif","\/sloop-scriptone.ufo\/glyphs\/trademark.glif":"\/sloop-scriptone.ufo\/glyphs\/trademark.glif","\/sloop-scriptone.ufo\/glyphs\/two.glif":"\/sloop-scriptone.ufo\/glyphs\/two.glif","\/sloop-scriptone.ufo\/glyphs\/twosuperior.glif":"\/sloop-scriptone.ufo\/glyphs\/twosuperior.glif","\/sloop-scriptone.ufo\/glyphs\/u.glif":"\/sloop-scriptone.ufo\/glyphs\/u.glif","\/sloop-scriptone.ufo\/glyphs\/uacute.glif":"\/sloop-scriptone.ufo\/glyphs\/uacute.glif","\/sloop-scriptone.ufo\/glyphs\/ucircumflex.glif":"\/sloop-scriptone.ufo\/glyphs\/ucircumflex.glif","\/sloop-scriptone.ufo\/glyphs\/udieresis.glif":"\/sloop-scriptone.ufo\/glyphs\/udieresis.glif","\/sloop-scriptone.ufo\/glyphs\/ugrave.glif":"\/sloop-scriptone.ufo\/glyphs\/ugrave.glif","\/sloop-scriptone.ufo\/glyphs\/underscore.glif":"\/sloop-scriptone.ufo\/glyphs\/underscore.glif","\/sloop-scriptone.ufo\/glyphs\/v.glif":"\/sloop-scriptone.ufo\/glyphs\/v.glif","\/sloop-scriptone.ufo\/glyphs\/w.glif":"\/sloop-scriptone.ufo\/glyphs\/w.glif","\/sloop-scriptone.ufo\/glyphs\/x.glif":"\/sloop-scriptone.ufo\/glyphs\/x.glif","\/sloop-scriptone.ufo\/glyphs\/y.glif":"\/sloop-scriptone.ufo\/glyphs\/y.glif","\/sloop-scriptone.ufo\/glyphs\/yacute.glif":"\/sloop-scriptone.ufo\/glyphs\/yacute.glif","\/sloop-scriptone.ufo\/glyphs\/ydieresis.glif":"\/sloop-scriptone.ufo\/glyphs\/ydieresis.glif","\/sloop-scriptone.ufo\/glyphs\/yen.glif":"\/sloop-scriptone.ufo\/glyphs\/yen.glif","\/sloop-scriptone.ufo\/glyphs\/z.glif":"\/sloop-scriptone.ufo\/glyphs\/z.glif","\/sloop-scriptone.ufo\/glyphs\/zcaron.glif":"\/sloop-scriptone.ufo\/glyphs\/zcaron.glif","\/sloop-scriptone.ufo\/glyphs\/zero.glif":"\/sloop-scriptone.ufo\/glyphs\/zero.glif"},"Font":{"uploaded":1474455299.7137,"licence":"gpl3","company":"Chronolabs Cooperative","title":"Sloop Script One","version":3.002,"date":"Sun Aug 28 07:45:26 2016","creator":"root","type":"1","matrix":"0.001 0 0 0.001 0 0","named":"Sloop-ScriptOne","painttype":"0","info":"11 dict dup","name":"Sloop-ScriptOne","family":"Sloop","weight":"Medium","fstype":"0","italicangle":"0","underlineposition":"","underlinethickness":""},"Licences":{"":false},"Table":{"FFTM":{"entryLength":16,"tag":"FFTM","checksum":1947015100,"offset":73204,"length":28},"GDEF":{"entryLength":16,"tag":"GDEF","checksum":19202053,"offset":73172,"length":32},"OS\/2":{"entryLength":16,"tag":"OS\/2","checksum":2020161989,"offset":344,"length":86},"cmap":{"entryLength":16,"tag":"cmap","checksum":202290648,"offset":1412,"length":656},"gasp":{"entryLength":16,"tag":"gasp","checksum":4294901763,"offset":73164,"length":8},"glyf":{"entryLength":16,"tag":"glyf","checksum":3669599060,"offset":2568,"length":69356},"head":{"entryLength":16,"tag":"head","checksum":183645416,"offset":220,"length":54},"hhea":{"entryLength":16,"tag":"hhea","checksum":125829524,"offset":276,"length":36},"hmtx":{"entryLength":16,"tag":"hmtx","checksum":3016738957,"offset":432,"length":978},"loca":{"entryLength":16,"tag":"loca","checksum":527293096,"offset":2068,"length":498},"maxp":{"entryLength":16,"tag":"maxp","checksum":21562058,"offset":312,"length":32},"name":{"entryLength":16,"tag":"name","checksum":4099236684,"offset":71924,"length":702},"post":{"entryLength":16,"tag":"post","checksum":2443984705,"offset":72628,"length":534}},"UnicodeCharMap":{"13":2,"32":3,"33":4,"34":5,"35":6,"36":7,"37":8,"38":9,"39":10,"40":11,"41":12,"42":13,"43":14,"44":15,"45":16,"46":17,"47":18,"48":19,"49":20,"50":21,"51":22,"52":23,"53":24,"54":25,"55":26,"56":27,"57":28,"58":29,"59":30,"60":31,"61":32,"62":33,"63":34,"64":35,"65":36,"66":37,"67":38,"68":39,"69":40,"70":41,"71":42,"72":43,"73":44,"74":45,"75":46,"76":47,"77":48,"78":49,"79":50,"80":51,"81":52,"82":53,"83":54,"84":55,"85":56,"86":57,"87":58,"88":59,"89":60,"90":61,"91":62,"92":63,"93":64,"94":65,"95":66,"96":67,"97":68,"98":69,"99":70,"100":71,"101":72,"102":73,"103":74,"104":75,"105":76,"106":77,"107":78,"108":79,"109":80,"110":81,"111":82,"112":83,"113":84,"114":85,"115":86,"116":87,"117":88,"118":89,"119":90,"120":91,"121":92,"122":93,"123":94,"124":95,"125":96,"126":97,"160":100,"161":101,"162":102,"163":103,"164":104,"165":105,"166":106,"167":107,"168":108,"169":109,"170":110,"171":111,"172":112,"174":113,"175":114,"176":115,"177":116,"178":117,"179":118,"180":119,"182":121,"183":122,"184":123,"185":124,"186":125,"187":126,"188":127,"189":128,"190":129,"191":130,"192":131,"193":132,"194":133,"195":134,"196":135,"197":136,"198":137,"199":138,"200":139,"201":140,"202":141,"203":142,"204":143,"205":144,"206":145,"207":146,"208":147,"209":148,"210":149,"211":150,"212":151,"213":152,"214":153,"215":154,"216":155,"217":156,"218":157,"219":158,"220":159,"221":160,"222":161,"223":162,"224":163,"225":164,"226":165,"227":166,"228":167,"229":168,"230":169,"231":170,"232":171,"233":172,"234":173,"235":174,"236":175,"237":176,"238":177,"239":178,"240":179,"241":180,"242":181,"243":182,"244":183,"245":184,"246":185,"247":186,"248":187,"249":188,"250":189,"251":190,"252":191,"253":192,"254":193,"255":194,"305":239,"321":196,"322":197,"338":219,"339":220,"352":198,"353":199,"376":228,"381":98,"382":99,"402":215,"710":240,"711":247,"728":242,"729":243,"730":244,"731":246,"732":241,"733":245,"916":217,"937":213,"956":120,"960":211,"8211":221,"8212":222,"8216":225,"8217":226,"8218":235,"8220":223,"8221":224,"8222":236,"8224":201,"8225":234,"8226":202,"8230":218,"8240":237,"8249":230,"8250":231,"8260":229,"8482":203,"8706":208,"8719":210,"8721":209,"8722":200,"8730":214,"8734":205,"8747":212,"8776":216,"8800":204,"8804":206,"8805":207,"9674":227,"64257":232,"64258":233},"Reserves":{"fontname":"Sloop Script One"},"Names":{"Sloop Script One":{"name":"Sloop Script One","longitude":"0.00000001","latitude":"0.00000001","country":"","region":"","city":""}},"Nodes":{"sl":{"type":"typal","node":"sl","usage":1,"weight":1},"op":{"type":"typal","node":"op","usage":1,"weight":1},"sc":{"type":"typal","node":"sc","usage":1,"weight":1},"pt":{"type":"typal","node":"pt","usage":1,"weight":1},"on":{"type":"typal","node":"on","usage":1,"weight":1},"ne":{"type":"typal","node":"ne","usage":1,"weight":1},"slo":{"type":"typal","node":"slo","usage":1,"weight":1},"oop":{"type":"typal","node":"oop","usage":1,"weight":1},"scr":{"type":"typal","node":"scr","usage":1,"weight":1},"ipt":{"type":"typal","node":"ipt","usage":1,"weight":1},"sloo":{"type":"keys","node":"sloo","usage":1,"weight":1},"loop":{"type":"keys","node":"loop","usage":1,"weight":1},"scri":{"type":"keys","node":"scri","usage":1,"weight":1},"ript":{"type":"keys","node":"ript","usage":1,"weight":1},"scrip":{"type":"keys","node":"scrip","usage":1,"weight":1},"cript":{"type":"keys","node":"cript","usage":1,"weight":1},"sloop":{"type":"fixes","node":"sloop","usage":1,"weight":1},"script":{"type":"fixes","node":"script","usage":1,"weight":1},"one":{"type":"fixes","node":"one","usage":1,"weight":1}},"Contributors":[],"FontIdentity":"thatcher0:f80d00e702ec48a39d6319","Bytes":null,"Networking":[],"barcode":"aqis6susa6kgm","referee":"SWiGum1q"}