{"CSS":{"ScalaSans Caps Exp Bold":"ScalaSans+Caps+Exp+Bold.css","Scala Sans Caps Exp Bold":"labscoop:8403da7781a714d731ced8c.css"},"FontType":"TrueType","FontCopyright":"< info@fontfont.de > Copyright Martin Majoor, 1998. Published by FontShop International.  FontFont Release 22","FontName":"ScalaSans Caps Exp","FontSubfamily":"Bold","FontSubfamilyID":"FontForge 2.0 : ScalaSans Caps Exp Bold : 3-1-2017","FontFullName":"Scala Sans Caps Exp Bold","FontVersion":"Version 001.000 ","FontWeight":null,"FontPostscriptName":"ScalaSansCapsExp-Bold","Files":{"\/ScalaSans Caps Exp Bold.css":"\/ScalaSans Caps Exp Bold.css","\/font-resource.json":"\/font-resource.json","\/scalasanscapsexp-bold.afm":"\/scalasanscapsexp-bold.afm","\/scalasanscapsexp-bold.cef":"\/scalasanscapsexp-bold.cef","\/scalasanscapsexp-bold.cff":"\/scalasanscapsexp-bold.cff","\/scalasanscapsexp-bold.eot":"\/scalasanscapsexp-bold.eot","\/scalasanscapsexp-bold.gai":"\/scalasanscapsexp-bold.gai","\/scalasanscapsexp-bold.gsf":"\/scalasanscapsexp-bold.gsf","\/scalasanscapsexp-bold.otf":"\/scalasanscapsexp-bold.otf","\/scalasanscapsexp-bold.pf3":"\/scalasanscapsexp-bold.pf3","\/scalasanscapsexp-bold.pfa":"\/scalasanscapsexp-bold.pfa","\/scalasanscapsexp-bold.pfb":"\/scalasanscapsexp-bold.pfb","\/scalasanscapsexp-bold.php":"\/scalasanscapsexp-bold.php","\/scalasanscapsexp-bold.pt3":"\/scalasanscapsexp-bold.pt3","\/scalasanscapsexp-bold.sfd":"\/scalasanscapsexp-bold.sfd","\/scalasanscapsexp-bold.svg":"\/scalasanscapsexp-bold.svg","\/scalasanscapsexp-bold.t42":"\/scalasanscapsexp-bold.t42","\/scalasanscapsexp-bold.ttd":"\/scalasanscapsexp-bold.ttd","\/scalasanscapsexp-bold.ttf":"\/scalasanscapsexp-bold.ttf","\/scalasanscapsexp-bold.ttg":"\/scalasanscapsexp-bold.ttg","\/scalasanscapsexp-bold.ufm":"\/scalasanscapsexp-bold.ufm","\/scalasanscapsexp-bold.woff":"\/scalasanscapsexp-bold.woff","\/scalasanscapsexp-bold.z":"\/scalasanscapsexp-bold.z","\/scalasanscapsexp-bold.ufo\/feature.fea":"\/scalasanscapsexp-bold.ufo\/feature.fea","\/scalasanscapsexp-bold.ufo\/fontinfo.plist":"\/scalasanscapsexp-bold.ufo\/fontinfo.plist","\/scalasanscapsexp-bold.ufo\/groups.plist":"\/scalasanscapsexp-bold.ufo\/groups.plist","\/scalasanscapsexp-bold.ufo\/kerning.plist":"\/scalasanscapsexp-bold.ufo\/kerning.plist","\/scalasanscapsexp-bold.ufo\/metainfo.plist":"\/scalasanscapsexp-bold.ufo\/metainfo.plist","\/scalasanscapsexp-bold.ufo\/glyphs\/A_.glif":"\/scalasanscapsexp-bold.ufo\/glyphs\/A_.glif","\/scalasanscapsexp-bold.ufo\/glyphs\/A_E_.glif":"\/scalasanscapsexp-bold.ufo\/glyphs\/A_E_.glif","\/scalasanscapsexp-bold.ufo\/glyphs\/A_acute.glif":"\/scalasanscapsexp-bold.ufo\/glyphs\/A_acute.glif","\/scalasanscapsexp-bold.ufo\/glyphs\/A_circumflex.glif":"\/scalasanscapsexp-bold.ufo\/glyphs\/A_circumflex.glif","\/scalasanscapsexp-bold.ufo\/glyphs\/A_dieresis.glif":"\/scalasanscapsexp-bold.ufo\/glyphs\/A_dieresis.glif","\/scalasanscapsexp-bold.ufo\/glyphs\/A_grave.glif":"\/scalasanscapsexp-bold.ufo\/glyphs\/A_grave.glif","\/scalasanscapsexp-bold.ufo\/glyphs\/A_ring.glif":"\/scalasanscapsexp-bold.ufo\/glyphs\/A_ring.glif","\/scalasanscapsexp-bold.ufo\/glyphs\/A_tilde.glif":"\/scalasanscapsexp-bold.ufo\/glyphs\/A_tilde.glif","\/scalasanscapsexp-bold.ufo\/glyphs\/B_.glif":"\/scalasanscapsexp-bold.ufo\/glyphs\/B_.glif","\/scalasanscapsexp-bold.ufo\/glyphs\/C_.glif":"\/scalasanscapsexp-bold.ufo\/glyphs\/C_.glif","\/scalasanscapsexp-bold.ufo\/glyphs\/C_cedilla.glif":"\/scalasanscapsexp-bold.ufo\/glyphs\/C_cedilla.glif","\/scalasanscapsexp-bold.ufo\/glyphs\/D_.glif":"\/scalasanscapsexp-bold.ufo\/glyphs\/D_.glif","\/scalasanscapsexp-bold.ufo\/glyphs\/E_.glif":"\/scalasanscapsexp-bold.ufo\/glyphs\/E_.glif","\/scalasanscapsexp-bold.ufo\/glyphs\/E_acute.glif":"\/scalasanscapsexp-bold.ufo\/glyphs\/E_acute.glif","\/scalasanscapsexp-bold.ufo\/glyphs\/E_circumflex.glif":"\/scalasanscapsexp-bold.ufo\/glyphs\/E_circumflex.glif","\/scalasanscapsexp-bold.ufo\/glyphs\/E_dieresis.glif":"\/scalasanscapsexp-bold.ufo\/glyphs\/E_dieresis.glif","\/scalasanscapsexp-bold.ufo\/glyphs\/E_grave.glif":"\/scalasanscapsexp-bold.ufo\/glyphs\/E_grave.glif","\/scalasanscapsexp-bold.ufo\/glyphs\/E_th.glif":"\/scalasanscapsexp-bold.ufo\/glyphs\/E_th.glif","\/scalasanscapsexp-bold.ufo\/glyphs\/F_.glif":"\/scalasanscapsexp-bold.ufo\/glyphs\/F_.glif","\/scalasanscapsexp-bold.ufo\/glyphs\/G_.glif":"\/scalasanscapsexp-bold.ufo\/glyphs\/G_.glif","\/scalasanscapsexp-bold.ufo\/glyphs\/H_.glif":"\/scalasanscapsexp-bold.ufo\/glyphs\/H_.glif","\/scalasanscapsexp-bold.ufo\/glyphs\/I_.glif":"\/scalasanscapsexp-bold.ufo\/glyphs\/I_.glif","\/scalasanscapsexp-bold.ufo\/glyphs\/I_acute.glif":"\/scalasanscapsexp-bold.ufo\/glyphs\/I_acute.glif","\/scalasanscapsexp-bold.ufo\/glyphs\/I_circumflex.glif":"\/scalasanscapsexp-bold.ufo\/glyphs\/I_circumflex.glif","\/scalasanscapsexp-bold.ufo\/glyphs\/I_dieresis.glif":"\/scalasanscapsexp-bold.ufo\/glyphs\/I_dieresis.glif","\/scalasanscapsexp-bold.ufo\/glyphs\/I_grave.glif":"\/scalasanscapsexp-bold.ufo\/glyphs\/I_grave.glif","\/scalasanscapsexp-bold.ufo\/glyphs\/J_.glif":"\/scalasanscapsexp-bold.ufo\/glyphs\/J_.glif","\/scalasanscapsexp-bold.ufo\/glyphs\/K_.glif":"\/scalasanscapsexp-bold.ufo\/glyphs\/K_.glif","\/scalasanscapsexp-bold.ufo\/glyphs\/L_.glif":"\/scalasanscapsexp-bold.ufo\/glyphs\/L_.glif","\/scalasanscapsexp-bold.ufo\/glyphs\/L_slash.glif":"\/scalasanscapsexp-bold.ufo\/glyphs\/L_slash.glif","\/scalasanscapsexp-bold.ufo\/glyphs\/M_.glif":"\/scalasanscapsexp-bold.ufo\/glyphs\/M_.glif","\/scalasanscapsexp-bold.ufo\/glyphs\/N_.glif":"\/scalasanscapsexp-bold.ufo\/glyphs\/N_.glif","\/scalasanscapsexp-bold.ufo\/glyphs\/N_tilde.glif":"\/scalasanscapsexp-bold.ufo\/glyphs\/N_tilde.glif","\/scalasanscapsexp-bold.ufo\/glyphs\/O_.glif":"\/scalasanscapsexp-bold.ufo\/glyphs\/O_.glif","\/scalasanscapsexp-bold.ufo\/glyphs\/O_E_.glif":"\/scalasanscapsexp-bold.ufo\/glyphs\/O_E_.glif","\/scalasanscapsexp-bold.ufo\/glyphs\/O_acute.glif":"\/scalasanscapsexp-bold.ufo\/glyphs\/O_acute.glif","\/scalasanscapsexp-bold.ufo\/glyphs\/O_circumflex.glif":"\/scalasanscapsexp-bold.ufo\/glyphs\/O_circumflex.glif","\/scalasanscapsexp-bold.ufo\/glyphs\/O_dieresis.glif":"\/scalasanscapsexp-bold.ufo\/glyphs\/O_dieresis.glif","\/scalasanscapsexp-bold.ufo\/glyphs\/O_grave.glif":"\/scalasanscapsexp-bold.ufo\/glyphs\/O_grave.glif","\/scalasanscapsexp-bold.ufo\/glyphs\/O_slash.glif":"\/scalasanscapsexp-bold.ufo\/glyphs\/O_slash.glif","\/scalasanscapsexp-bold.ufo\/glyphs\/O_tilde.glif":"\/scalasanscapsexp-bold.ufo\/glyphs\/O_tilde.glif","\/scalasanscapsexp-bold.ufo\/glyphs\/P_.glif":"\/scalasanscapsexp-bold.ufo\/glyphs\/P_.glif","\/scalasanscapsexp-bold.ufo\/glyphs\/Q_.glif":"\/scalasanscapsexp-bold.ufo\/glyphs\/Q_.glif","\/scalasanscapsexp-bold.ufo\/glyphs\/R_.glif":"\/scalasanscapsexp-bold.ufo\/glyphs\/R_.glif","\/scalasanscapsexp-bold.ufo\/glyphs\/S_.glif":"\/scalasanscapsexp-bold.ufo\/glyphs\/S_.glif","\/scalasanscapsexp-bold.ufo\/glyphs\/S_caron.glif":"\/scalasanscapsexp-bold.ufo\/glyphs\/S_caron.glif","\/scalasanscapsexp-bold.ufo\/glyphs\/T_.glif":"\/scalasanscapsexp-bold.ufo\/glyphs\/T_.glif","\/scalasanscapsexp-bold.ufo\/glyphs\/T_horn.glif":"\/scalasanscapsexp-bold.ufo\/glyphs\/T_horn.glif","\/scalasanscapsexp-bold.ufo\/glyphs\/U_.glif":"\/scalasanscapsexp-bold.ufo\/glyphs\/U_.glif","\/scalasanscapsexp-bold.ufo\/glyphs\/U_acute.glif":"\/scalasanscapsexp-bold.ufo\/glyphs\/U_acute.glif","\/scalasanscapsexp-bold.ufo\/glyphs\/U_circumflex.glif":"\/scalasanscapsexp-bold.ufo\/glyphs\/U_circumflex.glif","\/scalasanscapsexp-bold.ufo\/glyphs\/U_dieresis.glif":"\/scalasanscapsexp-bold.ufo\/glyphs\/U_dieresis.glif","\/scalasanscapsexp-bold.ufo\/glyphs\/U_grave.glif":"\/scalasanscapsexp-bold.ufo\/glyphs\/U_grave.glif","\/scalasanscapsexp-bold.ufo\/glyphs\/V_.glif":"\/scalasanscapsexp-bold.ufo\/glyphs\/V_.glif","\/scalasanscapsexp-bold.ufo\/glyphs\/W_.glif":"\/scalasanscapsexp-bold.ufo\/glyphs\/W_.glif","\/scalasanscapsexp-bold.ufo\/glyphs\/X_.glif":"\/scalasanscapsexp-bold.ufo\/glyphs\/X_.glif","\/scalasanscapsexp-bold.ufo\/glyphs\/Y_.glif":"\/scalasanscapsexp-bold.ufo\/glyphs\/Y_.glif","\/scalasanscapsexp-bold.ufo\/glyphs\/Y_acute.glif":"\/scalasanscapsexp-bold.ufo\/glyphs\/Y_acute.glif","\/scalasanscapsexp-bold.ufo\/glyphs\/Y_dieresis.glif":"\/scalasanscapsexp-bold.ufo\/glyphs\/Y_dieresis.glif","\/scalasanscapsexp-bold.ufo\/glyphs\/Z_.glif":"\/scalasanscapsexp-bold.ufo\/glyphs\/Z_.glif","\/scalasanscapsexp-bold.ufo\/glyphs\/Z_caron.glif":"\/scalasanscapsexp-bold.ufo\/glyphs\/Z_caron.glif","\/scalasanscapsexp-bold.ufo\/glyphs\/a.glif":"\/scalasanscapsexp-bold.ufo\/glyphs\/a.glif","\/scalasanscapsexp-bold.ufo\/glyphs\/aacute.glif":"\/scalasanscapsexp-bold.ufo\/glyphs\/aacute.glif","\/scalasanscapsexp-bold.ufo\/glyphs\/acircumflex.glif":"\/scalasanscapsexp-bold.ufo\/glyphs\/acircumflex.glif","\/scalasanscapsexp-bold.ufo\/glyphs\/acute.glif":"\/scalasanscapsexp-bold.ufo\/glyphs\/acute.glif","\/scalasanscapsexp-bold.ufo\/glyphs\/adieresis.glif":"\/scalasanscapsexp-bold.ufo\/glyphs\/adieresis.glif","\/scalasanscapsexp-bold.ufo\/glyphs\/ae.glif":"\/scalasanscapsexp-bold.ufo\/glyphs\/ae.glif","\/scalasanscapsexp-bold.ufo\/glyphs\/agrave.glif":"\/scalasanscapsexp-bold.ufo\/glyphs\/agrave.glif","\/scalasanscapsexp-bold.ufo\/glyphs\/ampersand.glif":"\/scalasanscapsexp-bold.ufo\/glyphs\/ampersand.glif","\/scalasanscapsexp-bold.ufo\/glyphs\/apple.glif":"\/scalasanscapsexp-bold.ufo\/glyphs\/apple.glif","\/scalasanscapsexp-bold.ufo\/glyphs\/approxequal.glif":"\/scalasanscapsexp-bold.ufo\/glyphs\/approxequal.glif","\/scalasanscapsexp-bold.ufo\/glyphs\/aring.glif":"\/scalasanscapsexp-bold.ufo\/glyphs\/aring.glif","\/scalasanscapsexp-bold.ufo\/glyphs\/asciicircum.glif":"\/scalasanscapsexp-bold.ufo\/glyphs\/asciicircum.glif","\/scalasanscapsexp-bold.ufo\/glyphs\/asciitilde.glif":"\/scalasanscapsexp-bold.ufo\/glyphs\/asciitilde.glif","\/scalasanscapsexp-bold.ufo\/glyphs\/asterisk.glif":"\/scalasanscapsexp-bold.ufo\/glyphs\/asterisk.glif","\/scalasanscapsexp-bold.ufo\/glyphs\/at.glif":"\/scalasanscapsexp-bold.ufo\/glyphs\/at.glif","\/scalasanscapsexp-bold.ufo\/glyphs\/atilde.glif":"\/scalasanscapsexp-bold.ufo\/glyphs\/atilde.glif","\/scalasanscapsexp-bold.ufo\/glyphs\/b.glif":"\/scalasanscapsexp-bold.ufo\/glyphs\/b.glif","\/scalasanscapsexp-bold.ufo\/glyphs\/backslash.glif":"\/scalasanscapsexp-bold.ufo\/glyphs\/backslash.glif","\/scalasanscapsexp-bold.ufo\/glyphs\/bar.glif":"\/scalasanscapsexp-bold.ufo\/glyphs\/bar.glif","\/scalasanscapsexp-bold.ufo\/glyphs\/braceleft.glif":"\/scalasanscapsexp-bold.ufo\/glyphs\/braceleft.glif","\/scalasanscapsexp-bold.ufo\/glyphs\/braceright.glif":"\/scalasanscapsexp-bold.ufo\/glyphs\/braceright.glif","\/scalasanscapsexp-bold.ufo\/glyphs\/bracketleft.glif":"\/scalasanscapsexp-bold.ufo\/glyphs\/bracketleft.glif","\/scalasanscapsexp-bold.ufo\/glyphs\/bracketright.glif":"\/scalasanscapsexp-bold.ufo\/glyphs\/bracketright.glif","\/scalasanscapsexp-bold.ufo\/glyphs\/breve.glif":"\/scalasanscapsexp-bold.ufo\/glyphs\/breve.glif","\/scalasanscapsexp-bold.ufo\/glyphs\/brokenbar.glif":"\/scalasanscapsexp-bold.ufo\/glyphs\/brokenbar.glif","\/scalasanscapsexp-bold.ufo\/glyphs\/bullet.glif":"\/scalasanscapsexp-bold.ufo\/glyphs\/bullet.glif","\/scalasanscapsexp-bold.ufo\/glyphs\/c.glif":"\/scalasanscapsexp-bold.ufo\/glyphs\/c.glif","\/scalasanscapsexp-bold.ufo\/glyphs\/caron.glif":"\/scalasanscapsexp-bold.ufo\/glyphs\/caron.glif","\/scalasanscapsexp-bold.ufo\/glyphs\/ccedilla.glif":"\/scalasanscapsexp-bold.ufo\/glyphs\/ccedilla.glif","\/scalasanscapsexp-bold.ufo\/glyphs\/cedilla.glif":"\/scalasanscapsexp-bold.ufo\/glyphs\/cedilla.glif","\/scalasanscapsexp-bold.ufo\/glyphs\/cent.glif":"\/scalasanscapsexp-bold.ufo\/glyphs\/cent.glif","\/scalasanscapsexp-bold.ufo\/glyphs\/circumflex.glif":"\/scalasanscapsexp-bold.ufo\/glyphs\/circumflex.glif","\/scalasanscapsexp-bold.ufo\/glyphs\/colon.glif":"\/scalasanscapsexp-bold.ufo\/glyphs\/colon.glif","\/scalasanscapsexp-bold.ufo\/glyphs\/comma.glif":"\/scalasanscapsexp-bold.ufo\/glyphs\/comma.glif","\/scalasanscapsexp-bold.ufo\/glyphs\/contents.plist":"\/scalasanscapsexp-bold.ufo\/glyphs\/contents.plist","\/scalasanscapsexp-bold.ufo\/glyphs\/copyright.glif":"\/scalasanscapsexp-bold.ufo\/glyphs\/copyright.glif","\/scalasanscapsexp-bold.ufo\/glyphs\/currency.glif":"\/scalasanscapsexp-bold.ufo\/glyphs\/currency.glif","\/scalasanscapsexp-bold.ufo\/glyphs\/d.glif":"\/scalasanscapsexp-bold.ufo\/glyphs\/d.glif","\/scalasanscapsexp-bold.ufo\/glyphs\/dagger.glif":"\/scalasanscapsexp-bold.ufo\/glyphs\/dagger.glif","\/scalasanscapsexp-bold.ufo\/glyphs\/daggerdbl.glif":"\/scalasanscapsexp-bold.ufo\/glyphs\/daggerdbl.glif","\/scalasanscapsexp-bold.ufo\/glyphs\/degree.glif":"\/scalasanscapsexp-bold.ufo\/glyphs\/degree.glif","\/scalasanscapsexp-bold.ufo\/glyphs\/dieresis.glif":"\/scalasanscapsexp-bold.ufo\/glyphs\/dieresis.glif","\/scalasanscapsexp-bold.ufo\/glyphs\/divide.glif":"\/scalasanscapsexp-bold.ufo\/glyphs\/divide.glif","\/scalasanscapsexp-bold.ufo\/glyphs\/dollar.glif":"\/scalasanscapsexp-bold.ufo\/glyphs\/dollar.glif","\/scalasanscapsexp-bold.ufo\/glyphs\/dotaccent.glif":"\/scalasanscapsexp-bold.ufo\/glyphs\/dotaccent.glif","\/scalasanscapsexp-bold.ufo\/glyphs\/dotlessi.glif":"\/scalasanscapsexp-bold.ufo\/glyphs\/dotlessi.glif","\/scalasanscapsexp-bold.ufo\/glyphs\/e.glif":"\/scalasanscapsexp-bold.ufo\/glyphs\/e.glif","\/scalasanscapsexp-bold.ufo\/glyphs\/eacute.glif":"\/scalasanscapsexp-bold.ufo\/glyphs\/eacute.glif","\/scalasanscapsexp-bold.ufo\/glyphs\/ecircumflex.glif":"\/scalasanscapsexp-bold.ufo\/glyphs\/ecircumflex.glif","\/scalasanscapsexp-bold.ufo\/glyphs\/edieresis.glif":"\/scalasanscapsexp-bold.ufo\/glyphs\/edieresis.glif","\/scalasanscapsexp-bold.ufo\/glyphs\/egrave.glif":"\/scalasanscapsexp-bold.ufo\/glyphs\/egrave.glif","\/scalasanscapsexp-bold.ufo\/glyphs\/eight.glif":"\/scalasanscapsexp-bold.ufo\/glyphs\/eight.glif","\/scalasanscapsexp-bold.ufo\/glyphs\/ellipsis.glif":"\/scalasanscapsexp-bold.ufo\/glyphs\/ellipsis.glif","\/scalasanscapsexp-bold.ufo\/glyphs\/emdash.glif":"\/scalasanscapsexp-bold.ufo\/glyphs\/emdash.glif","\/scalasanscapsexp-bold.ufo\/glyphs\/endash.glif":"\/scalasanscapsexp-bold.ufo\/glyphs\/endash.glif","\/scalasanscapsexp-bold.ufo\/glyphs\/equal.glif":"\/scalasanscapsexp-bold.ufo\/glyphs\/equal.glif","\/scalasanscapsexp-bold.ufo\/glyphs\/eth.glif":"\/scalasanscapsexp-bold.ufo\/glyphs\/eth.glif","\/scalasanscapsexp-bold.ufo\/glyphs\/exclam.glif":"\/scalasanscapsexp-bold.ufo\/glyphs\/exclam.glif","\/scalasanscapsexp-bold.ufo\/glyphs\/exclamdown.glif":"\/scalasanscapsexp-bold.ufo\/glyphs\/exclamdown.glif","\/scalasanscapsexp-bold.ufo\/glyphs\/f.glif":"\/scalasanscapsexp-bold.ufo\/glyphs\/f.glif","\/scalasanscapsexp-bold.ufo\/glyphs\/fi.glif":"\/scalasanscapsexp-bold.ufo\/glyphs\/fi.glif","\/scalasanscapsexp-bold.ufo\/glyphs\/five.glif":"\/scalasanscapsexp-bold.ufo\/glyphs\/five.glif","\/scalasanscapsexp-bold.ufo\/glyphs\/fl.glif":"\/scalasanscapsexp-bold.ufo\/glyphs\/fl.glif","\/scalasanscapsexp-bold.ufo\/glyphs\/florin.glif":"\/scalasanscapsexp-bold.ufo\/glyphs\/florin.glif","\/scalasanscapsexp-bold.ufo\/glyphs\/four.glif":"\/scalasanscapsexp-bold.ufo\/glyphs\/four.glif","\/scalasanscapsexp-bold.ufo\/glyphs\/fraction.glif":"\/scalasanscapsexp-bold.ufo\/glyphs\/fraction.glif","\/scalasanscapsexp-bold.ufo\/glyphs\/g.glif":"\/scalasanscapsexp-bold.ufo\/glyphs\/g.glif","\/scalasanscapsexp-bold.ufo\/glyphs\/germandbls.glif":"\/scalasanscapsexp-bold.ufo\/glyphs\/germandbls.glif","\/scalasanscapsexp-bold.ufo\/glyphs\/grave.glif":"\/scalasanscapsexp-bold.ufo\/glyphs\/grave.glif","\/scalasanscapsexp-bold.ufo\/glyphs\/greater.glif":"\/scalasanscapsexp-bold.ufo\/glyphs\/greater.glif","\/scalasanscapsexp-bold.ufo\/glyphs\/greaterequal.glif":"\/scalasanscapsexp-bold.ufo\/glyphs\/greaterequal.glif","\/scalasanscapsexp-bold.ufo\/glyphs\/guillemotleft.glif":"\/scalasanscapsexp-bold.ufo\/glyphs\/guillemotleft.glif","\/scalasanscapsexp-bold.ufo\/glyphs\/guillemotright.glif":"\/scalasanscapsexp-bold.ufo\/glyphs\/guillemotright.glif","\/scalasanscapsexp-bold.ufo\/glyphs\/guilsinglleft.glif":"\/scalasanscapsexp-bold.ufo\/glyphs\/guilsinglleft.glif","\/scalasanscapsexp-bold.ufo\/glyphs\/guilsinglright.glif":"\/scalasanscapsexp-bold.ufo\/glyphs\/guilsinglright.glif","\/scalasanscapsexp-bold.ufo\/glyphs\/h.glif":"\/scalasanscapsexp-bold.ufo\/glyphs\/h.glif","\/scalasanscapsexp-bold.ufo\/glyphs\/hungarumlaut.glif":"\/scalasanscapsexp-bold.ufo\/glyphs\/hungarumlaut.glif","\/scalasanscapsexp-bold.ufo\/glyphs\/hyphen.glif":"\/scalasanscapsexp-bold.ufo\/glyphs\/hyphen.glif","\/scalasanscapsexp-bold.ufo\/glyphs\/i.glif":"\/scalasanscapsexp-bold.ufo\/glyphs\/i.glif","\/scalasanscapsexp-bold.ufo\/glyphs\/iacute.glif":"\/scalasanscapsexp-bold.ufo\/glyphs\/iacute.glif","\/scalasanscapsexp-bold.ufo\/glyphs\/icircumflex.glif":"\/scalasanscapsexp-bold.ufo\/glyphs\/icircumflex.glif","\/scalasanscapsexp-bold.ufo\/glyphs\/idieresis.glif":"\/scalasanscapsexp-bold.ufo\/glyphs\/idieresis.glif","\/scalasanscapsexp-bold.ufo\/glyphs\/igrave.glif":"\/scalasanscapsexp-bold.ufo\/glyphs\/igrave.glif","\/scalasanscapsexp-bold.ufo\/glyphs\/j.glif":"\/scalasanscapsexp-bold.ufo\/glyphs\/j.glif","\/scalasanscapsexp-bold.ufo\/glyphs\/k.glif":"\/scalasanscapsexp-bold.ufo\/glyphs\/k.glif","\/scalasanscapsexp-bold.ufo\/glyphs\/l.glif":"\/scalasanscapsexp-bold.ufo\/glyphs\/l.glif","\/scalasanscapsexp-bold.ufo\/glyphs\/less.glif":"\/scalasanscapsexp-bold.ufo\/glyphs\/less.glif","\/scalasanscapsexp-bold.ufo\/glyphs\/lessequal.glif":"\/scalasanscapsexp-bold.ufo\/glyphs\/lessequal.glif","\/scalasanscapsexp-bold.ufo\/glyphs\/logicalnot.glif":"\/scalasanscapsexp-bold.ufo\/glyphs\/logicalnot.glif","\/scalasanscapsexp-bold.ufo\/glyphs\/lslash.glif":"\/scalasanscapsexp-bold.ufo\/glyphs\/lslash.glif","\/scalasanscapsexp-bold.ufo\/glyphs\/m.glif":"\/scalasanscapsexp-bold.ufo\/glyphs\/m.glif","\/scalasanscapsexp-bold.ufo\/glyphs\/macron.glif":"\/scalasanscapsexp-bold.ufo\/glyphs\/macron.glif","\/scalasanscapsexp-bold.ufo\/glyphs\/minus.glif":"\/scalasanscapsexp-bold.ufo\/glyphs\/minus.glif","\/scalasanscapsexp-bold.ufo\/glyphs\/mu.glif":"\/scalasanscapsexp-bold.ufo\/glyphs\/mu.glif","\/scalasanscapsexp-bold.ufo\/glyphs\/multiply.glif":"\/scalasanscapsexp-bold.ufo\/glyphs\/multiply.glif","\/scalasanscapsexp-bold.ufo\/glyphs\/n.glif":"\/scalasanscapsexp-bold.ufo\/glyphs\/n.glif","\/scalasanscapsexp-bold.ufo\/glyphs\/nbspace.glif":"\/scalasanscapsexp-bold.ufo\/glyphs\/nbspace.glif","\/scalasanscapsexp-bold.ufo\/glyphs\/nine.glif":"\/scalasanscapsexp-bold.ufo\/glyphs\/nine.glif","\/scalasanscapsexp-bold.ufo\/glyphs\/notequal.glif":"\/scalasanscapsexp-bold.ufo\/glyphs\/notequal.glif","\/scalasanscapsexp-bold.ufo\/glyphs\/ntilde.glif":"\/scalasanscapsexp-bold.ufo\/glyphs\/ntilde.glif","\/scalasanscapsexp-bold.ufo\/glyphs\/numbersign.glif":"\/scalasanscapsexp-bold.ufo\/glyphs\/numbersign.glif","\/scalasanscapsexp-bold.ufo\/glyphs\/o.glif":"\/scalasanscapsexp-bold.ufo\/glyphs\/o.glif","\/scalasanscapsexp-bold.ufo\/glyphs\/oacute.glif":"\/scalasanscapsexp-bold.ufo\/glyphs\/oacute.glif","\/scalasanscapsexp-bold.ufo\/glyphs\/ocircumflex.glif":"\/scalasanscapsexp-bold.ufo\/glyphs\/ocircumflex.glif","\/scalasanscapsexp-bold.ufo\/glyphs\/odieresis.glif":"\/scalasanscapsexp-bold.ufo\/glyphs\/odieresis.glif","\/scalasanscapsexp-bold.ufo\/glyphs\/oe.glif":"\/scalasanscapsexp-bold.ufo\/glyphs\/oe.glif","\/scalasanscapsexp-bold.ufo\/glyphs\/ogonek.glif":"\/scalasanscapsexp-bold.ufo\/glyphs\/ogonek.glif","\/scalasanscapsexp-bold.ufo\/glyphs\/ograve.glif":"\/scalasanscapsexp-bold.ufo\/glyphs\/ograve.glif","\/scalasanscapsexp-bold.ufo\/glyphs\/one.glif":"\/scalasanscapsexp-bold.ufo\/glyphs\/one.glif","\/scalasanscapsexp-bold.ufo\/glyphs\/onehalf.glif":"\/scalasanscapsexp-bold.ufo\/glyphs\/onehalf.glif","\/scalasanscapsexp-bold.ufo\/glyphs\/onequarter.glif":"\/scalasanscapsexp-bold.ufo\/glyphs\/onequarter.glif","\/scalasanscapsexp-bold.ufo\/glyphs\/onesuperior.glif":"\/scalasanscapsexp-bold.ufo\/glyphs\/onesuperior.glif","\/scalasanscapsexp-bold.ufo\/glyphs\/ordfeminine.glif":"\/scalasanscapsexp-bold.ufo\/glyphs\/ordfeminine.glif","\/scalasanscapsexp-bold.ufo\/glyphs\/ordmasculine.glif":"\/scalasanscapsexp-bold.ufo\/glyphs\/ordmasculine.glif","\/scalasanscapsexp-bold.ufo\/glyphs\/oslash.glif":"\/scalasanscapsexp-bold.ufo\/glyphs\/oslash.glif","\/scalasanscapsexp-bold.ufo\/glyphs\/otilde.glif":"\/scalasanscapsexp-bold.ufo\/glyphs\/otilde.glif","\/scalasanscapsexp-bold.ufo\/glyphs\/p.glif":"\/scalasanscapsexp-bold.ufo\/glyphs\/p.glif","\/scalasanscapsexp-bold.ufo\/glyphs\/paragraph.glif":"\/scalasanscapsexp-bold.ufo\/glyphs\/paragraph.glif","\/scalasanscapsexp-bold.ufo\/glyphs\/parenleft.glif":"\/scalasanscapsexp-bold.ufo\/glyphs\/parenleft.glif","\/scalasanscapsexp-bold.ufo\/glyphs\/parenright.glif":"\/scalasanscapsexp-bold.ufo\/glyphs\/parenright.glif","\/scalasanscapsexp-bold.ufo\/glyphs\/percent.glif":"\/scalasanscapsexp-bold.ufo\/glyphs\/percent.glif","\/scalasanscapsexp-bold.ufo\/glyphs\/period.glif":"\/scalasanscapsexp-bold.ufo\/glyphs\/period.glif","\/scalasanscapsexp-bold.ufo\/glyphs\/periodcentered.glif":"\/scalasanscapsexp-bold.ufo\/glyphs\/periodcentered.glif","\/scalasanscapsexp-bold.ufo\/glyphs\/perthousand.glif":"\/scalasanscapsexp-bold.ufo\/glyphs\/perthousand.glif","\/scalasanscapsexp-bold.ufo\/glyphs\/plus.glif":"\/scalasanscapsexp-bold.ufo\/glyphs\/plus.glif","\/scalasanscapsexp-bold.ufo\/glyphs\/plusminus.glif":"\/scalasanscapsexp-bold.ufo\/glyphs\/plusminus.glif","\/scalasanscapsexp-bold.ufo\/glyphs\/q.glif":"\/scalasanscapsexp-bold.ufo\/glyphs\/q.glif","\/scalasanscapsexp-bold.ufo\/glyphs\/question.glif":"\/scalasanscapsexp-bold.ufo\/glyphs\/question.glif","\/scalasanscapsexp-bold.ufo\/glyphs\/questiondown.glif":"\/scalasanscapsexp-bold.ufo\/glyphs\/questiondown.glif","\/scalasanscapsexp-bold.ufo\/glyphs\/quotedbl.glif":"\/scalasanscapsexp-bold.ufo\/glyphs\/quotedbl.glif","\/scalasanscapsexp-bold.ufo\/glyphs\/quotedblbase.glif":"\/scalasanscapsexp-bold.ufo\/glyphs\/quotedblbase.glif","\/scalasanscapsexp-bold.ufo\/glyphs\/quotedblleft.glif":"\/scalasanscapsexp-bold.ufo\/glyphs\/quotedblleft.glif","\/scalasanscapsexp-bold.ufo\/glyphs\/quotedblright.glif":"\/scalasanscapsexp-bold.ufo\/glyphs\/quotedblright.glif","\/scalasanscapsexp-bold.ufo\/glyphs\/quoteleft.glif":"\/scalasanscapsexp-bold.ufo\/glyphs\/quoteleft.glif","\/scalasanscapsexp-bold.ufo\/glyphs\/quoteright.glif":"\/scalasanscapsexp-bold.ufo\/glyphs\/quoteright.glif","\/scalasanscapsexp-bold.ufo\/glyphs\/quotesinglbase.glif":"\/scalasanscapsexp-bold.ufo\/glyphs\/quotesinglbase.glif","\/scalasanscapsexp-bold.ufo\/glyphs\/quotesingle.glif":"\/scalasanscapsexp-bold.ufo\/glyphs\/quotesingle.glif","\/scalasanscapsexp-bold.ufo\/glyphs\/r.glif":"\/scalasanscapsexp-bold.ufo\/glyphs\/r.glif","\/scalasanscapsexp-bold.ufo\/glyphs\/registered.glif":"\/scalasanscapsexp-bold.ufo\/glyphs\/registered.glif","\/scalasanscapsexp-bold.ufo\/glyphs\/ring.glif":"\/scalasanscapsexp-bold.ufo\/glyphs\/ring.glif","\/scalasanscapsexp-bold.ufo\/glyphs\/s.glif":"\/scalasanscapsexp-bold.ufo\/glyphs\/s.glif","\/scalasanscapsexp-bold.ufo\/glyphs\/scaron.glif":"\/scalasanscapsexp-bold.ufo\/glyphs\/scaron.glif","\/scalasanscapsexp-bold.ufo\/glyphs\/section.glif":"\/scalasanscapsexp-bold.ufo\/glyphs\/section.glif","\/scalasanscapsexp-bold.ufo\/glyphs\/semicolon.glif":"\/scalasanscapsexp-bold.ufo\/glyphs\/semicolon.glif","\/scalasanscapsexp-bold.ufo\/glyphs\/seven.glif":"\/scalasanscapsexp-bold.ufo\/glyphs\/seven.glif","\/scalasanscapsexp-bold.ufo\/glyphs\/six.glif":"\/scalasanscapsexp-bold.ufo\/glyphs\/six.glif","\/scalasanscapsexp-bold.ufo\/glyphs\/slash.glif":"\/scalasanscapsexp-bold.ufo\/glyphs\/slash.glif","\/scalasanscapsexp-bold.ufo\/glyphs\/space.glif":"\/scalasanscapsexp-bold.ufo\/glyphs\/space.glif","\/scalasanscapsexp-bold.ufo\/glyphs\/sterling.glif":"\/scalasanscapsexp-bold.ufo\/glyphs\/sterling.glif","\/scalasanscapsexp-bold.ufo\/glyphs\/t.glif":"\/scalasanscapsexp-bold.ufo\/glyphs\/t.glif","\/scalasanscapsexp-bold.ufo\/glyphs\/thorn.glif":"\/scalasanscapsexp-bold.ufo\/glyphs\/thorn.glif","\/scalasanscapsexp-bold.ufo\/glyphs\/three.glif":"\/scalasanscapsexp-bold.ufo\/glyphs\/three.glif","\/scalasanscapsexp-bold.ufo\/glyphs\/threequarters.glif":"\/scalasanscapsexp-bold.ufo\/glyphs\/threequarters.glif","\/scalasanscapsexp-bold.ufo\/glyphs\/threesuperior.glif":"\/scalasanscapsexp-bold.ufo\/glyphs\/threesuperior.glif","\/scalasanscapsexp-bold.ufo\/glyphs\/tilde.glif":"\/scalasanscapsexp-bold.ufo\/glyphs\/tilde.glif","\/scalasanscapsexp-bold.ufo\/glyphs\/trademark.glif":"\/scalasanscapsexp-bold.ufo\/glyphs\/trademark.glif","\/scalasanscapsexp-bold.ufo\/glyphs\/two.glif":"\/scalasanscapsexp-bold.ufo\/glyphs\/two.glif","\/scalasanscapsexp-bold.ufo\/glyphs\/twosuperior.glif":"\/scalasanscapsexp-bold.ufo\/glyphs\/twosuperior.glif","\/scalasanscapsexp-bold.ufo\/glyphs\/u.glif":"\/scalasanscapsexp-bold.ufo\/glyphs\/u.glif","\/scalasanscapsexp-bold.ufo\/glyphs\/uacute.glif":"\/scalasanscapsexp-bold.ufo\/glyphs\/uacute.glif","\/scalasanscapsexp-bold.ufo\/glyphs\/ucircumflex.glif":"\/scalasanscapsexp-bold.ufo\/glyphs\/ucircumflex.glif","\/scalasanscapsexp-bold.ufo\/glyphs\/udieresis.glif":"\/scalasanscapsexp-bold.ufo\/glyphs\/udieresis.glif","\/scalasanscapsexp-bold.ufo\/glyphs\/ugrave.glif":"\/scalasanscapsexp-bold.ufo\/glyphs\/ugrave.glif","\/scalasanscapsexp-bold.ufo\/glyphs\/underscore.glif":"\/scalasanscapsexp-bold.ufo\/glyphs\/underscore.glif","\/scalasanscapsexp-bold.ufo\/glyphs\/v.glif":"\/scalasanscapsexp-bold.ufo\/glyphs\/v.glif","\/scalasanscapsexp-bold.ufo\/glyphs\/w.glif":"\/scalasanscapsexp-bold.ufo\/glyphs\/w.glif","\/scalasanscapsexp-bold.ufo\/glyphs\/x.glif":"\/scalasanscapsexp-bold.ufo\/glyphs\/x.glif","\/scalasanscapsexp-bold.ufo\/glyphs\/y.glif":"\/scalasanscapsexp-bold.ufo\/glyphs\/y.glif","\/scalasanscapsexp-bold.ufo\/glyphs\/yacute.glif":"\/scalasanscapsexp-bold.ufo\/glyphs\/yacute.glif","\/scalasanscapsexp-bold.ufo\/glyphs\/ydieresis.glif":"\/scalasanscapsexp-bold.ufo\/glyphs\/ydieresis.glif","\/scalasanscapsexp-bold.ufo\/glyphs\/yen.glif":"\/scalasanscapsexp-bold.ufo\/glyphs\/yen.glif","\/scalasanscapsexp-bold.ufo\/glyphs\/z.glif":"\/scalasanscapsexp-bold.ufo\/glyphs\/z.glif","\/scalasanscapsexp-bold.ufo\/glyphs\/zcaron.glif":"\/scalasanscapsexp-bold.ufo\/glyphs\/zcaron.glif","\/scalasanscapsexp-bold.ufo\/glyphs\/zero.glif":"\/scalasanscapsexp-bold.ufo\/glyphs\/zero.glif"},"Font":{"uploaded":1489337158.2581,"licence":"gpl3","company":"Chronolabs Cooperative","title":"Scala Sans Caps Exp Bold","version":3.002,"date":"Thu Dec 29 09:34:23 2016","creator":"root","type":"1","matrix":"0.001 0 0 0.001 0 0","named":"ScalaSansCapsExp-Bold","painttype":"0","info":"10 dict dup","name":"ScalaSans Caps Exp Bold","family":"ScalaSans Caps Exp","weight":"Bold","fstype":"0","italicangle":"0","underlineposition":"","underlinethickness":""},"Licences":{"":false},"Table":{"FFTM":{"entryLength":16,"tag":"FFTM","checksum":1968275376,"offset":9296,"length":28},"GDEF":{"entryLength":16,"tag":"GDEF","checksum":18481158,"offset":9264,"length":32},"OS\/2":{"entryLength":16,"tag":"OS\/2","checksum":1485577328,"offset":344,"length":86},"cmap":{"entryLength":16,"tag":"cmap","checksum":1203349176,"offset":1380,"length":578},"gasp":{"entryLength":16,"tag":"gasp","checksum":4294901763,"offset":9256,"length":8},"glyf":{"entryLength":16,"tag":"glyf","checksum":3355582607,"offset":2436,"length":5384},"head":{"entryLength":16,"tag":"head","checksum":193109450,"offset":220,"length":54},"hhea":{"entryLength":16,"tag":"hhea","checksum":114230166,"offset":276,"length":36},"hmtx":{"entryLength":16,"tag":"hmtx","checksum":1002113428,"offset":432,"length":948},"loca":{"entryLength":16,"tag":"loca","checksum":2841423500,"offset":1960,"length":476},"maxp":{"entryLength":16,"tag":"maxp","checksum":20119612,"offset":312,"length":32},"name":{"entryLength":16,"tag":"name","checksum":711799817,"offset":7820,"length":918},"post":{"entryLength":16,"tag":"post","checksum":2952265527,"offset":8740,"length":516}},"UnicodeCharMap":{"32":3,"33":4,"34":5,"35":6,"36":7,"37":8,"38":9,"39":10,"40":11,"41":12,"42":13,"43":14,"44":15,"45":16,"46":17,"47":18,"48":19,"49":20,"50":21,"51":22,"52":23,"53":24,"54":25,"55":26,"56":27,"57":28,"58":29,"59":30,"60":31,"61":32,"62":33,"63":34,"64":35,"65":36,"66":37,"67":38,"68":39,"69":40,"70":41,"71":42,"72":43,"73":44,"74":45,"75":46,"76":47,"77":48,"78":49,"79":50,"80":51,"81":52,"82":53,"83":54,"84":55,"85":56,"86":57,"87":58,"88":59,"89":60,"90":61,"91":62,"92":63,"93":64,"94":65,"95":66,"96":67,"97":68,"98":69,"99":70,"100":71,"101":72,"102":73,"103":74,"104":75,"105":76,"106":77,"107":78,"108":79,"109":80,"110":81,"111":82,"112":83,"113":84,"114":85,"115":86,"116":87,"117":88,"118":89,"119":90,"120":91,"121":92,"122":93,"123":94,"124":95,"125":96,"126":97,"160":98,"161":99,"162":100,"163":101,"164":102,"165":103,"166":104,"167":105,"168":106,"169":107,"170":108,"171":109,"172":110,"174":111,"175":112,"176":113,"177":114,"178":115,"179":116,"180":117,"182":119,"183":120,"184":121,"185":122,"186":123,"187":124,"188":125,"189":126,"190":127,"191":128,"192":129,"193":130,"194":131,"195":132,"196":133,"197":134,"198":135,"199":136,"200":137,"201":138,"202":139,"203":140,"204":141,"205":142,"206":143,"207":144,"208":145,"209":146,"210":147,"211":148,"212":149,"213":150,"214":151,"215":152,"216":153,"217":154,"218":155,"219":156,"220":157,"221":158,"222":159,"223":160,"224":161,"225":162,"226":163,"227":164,"228":165,"229":166,"230":167,"231":168,"232":169,"233":170,"234":171,"235":172,"236":173,"237":174,"238":175,"239":176,"240":177,"241":178,"242":179,"243":180,"244":181,"245":182,"246":183,"247":184,"248":185,"249":186,"250":187,"251":188,"252":189,"253":190,"254":191,"255":192,"305":222,"321":220,"322":223,"338":221,"339":224,"352":225,"353":226,"376":235,"381":227,"382":228,"402":196,"710":211,"711":218,"728":213,"729":214,"730":215,"731":217,"732":212,"733":216,"956":118,"8211":202,"8212":219,"8216":194,"8217":193,"8218":206,"8220":197,"8221":208,"8222":207,"8224":203,"8225":204,"8226":205,"8230":209,"8240":210,"8249":198,"8250":199,"8260":195,"8482":230,"8722":229,"8776":234,"8800":231,"8804":232,"8805":233,"64257":200,"64258":201},"Reserves":{"fontname":"Scala Sans Caps Exp Bold"},"Names":{"Scala Sans Caps Exp Bold":{"name":"Scala Sans Caps Exp Bold","longitude":"0.00000001","latitude":"0.00000001","country":"","region":"","city":""}},"Nodes":{"sc":{"type":"typal","node":"sc","usage":1,"weight":1},"la":{"type":"typal","node":"la","usage":1,"weight":1},"sa":{"type":"typal","node":"sa","usage":1,"weight":1},"ns":{"type":"typal","node":"ns","usage":1,"weight":1},"ca":{"type":"typal","node":"ca","usage":1,"weight":1},"ps":{"type":"typal","node":"ps","usage":1,"weight":1},"ex":{"type":"typal","node":"ex","usage":1,"weight":1},"xp":{"type":"typal","node":"xp","usage":1,"weight":1},"bo":{"type":"typal","node":"bo","usage":1,"weight":1},"ld":{"type":"typal","node":"ld","usage":1,"weight":1},"sca":{"type":"typal","node":"sca","usage":1,"weight":1},"ala":{"type":"typal","node":"ala","usage":1,"weight":1},"san":{"type":"typal","node":"san","usage":1,"weight":1},"ans":{"type":"typal","node":"ans","usage":1,"weight":1},"cap":{"type":"typal","node":"cap","usage":1,"weight":1},"aps":{"type":"typal","node":"aps","usage":1,"weight":1},"bol":{"type":"typal","node":"bol","usage":1,"weight":1},"old":{"type":"typal","node":"old","usage":1,"weight":1},"scal":{"type":"keys","node":"scal","usage":1,"weight":1},"cala":{"type":"keys","node":"cala","usage":1,"weight":1},"scala":{"type":"fixes","node":"scala","usage":1,"weight":1},"sans":{"type":"fixes","node":"sans","usage":1,"weight":1},"caps":{"type":"fixes","node":"caps","usage":1,"weight":1},"exp":{"type":"fixes","node":"exp","usage":1,"weight":1},"bold":{"type":"fixes","node":"bold","usage":1,"weight":1}},"Contributors":[],"FontIdentity":"labscoop:8403da7781a714d731ced8c","Bytes":null,"Networking":[],"barcode":"yqgs3suykuo4e","referee":"soiycw"}