{"CSS":{"EuroTechnicExtBold":"EuroTechnicExtBold.css","Euro Technic Ext Bold":"wagovau:6eec59f1d6643f0731190962.css"},"FontType":"TrueType","FontCopyright":"Copyright Copr.1992 Image Club Graphics, Inc.","FontName":"Euro","FontSubfamily":"TechnicExtBold","FontSubfamilyID":"FontForge 2.0 : EuroTechnicExtBold : 12-8-2016","FontFullName":"Euro Technic Ext Bold","FontVersion":"Version 001.000 ","FontWeight":null,"FontPostscriptName":"EuroTechnicExtBold","Files":{"\/EuroTechnicExtBold.css":"\/EuroTechnicExtBold.css","\/eurotechnicextbold.afm":"\/eurotechnicextbold.afm","\/eurotechnicextbold.cef":"\/eurotechnicextbold.cef","\/eurotechnicextbold.cff":"\/eurotechnicextbold.cff","\/eurotechnicextbold.eot":"\/eurotechnicextbold.eot","\/eurotechnicextbold.gai":"\/eurotechnicextbold.gai","\/eurotechnicextbold.gsf":"\/eurotechnicextbold.gsf","\/eurotechnicextbold.otf":"\/eurotechnicextbold.otf","\/eurotechnicextbold.pf3":"\/eurotechnicextbold.pf3","\/eurotechnicextbold.pfa":"\/eurotechnicextbold.pfa","\/eurotechnicextbold.pfb":"\/eurotechnicextbold.pfb","\/eurotechnicextbold.php":"\/eurotechnicextbold.php","\/eurotechnicextbold.pt3":"\/eurotechnicextbold.pt3","\/eurotechnicextbold.sfd":"\/eurotechnicextbold.sfd","\/eurotechnicextbold.svg":"\/eurotechnicextbold.svg","\/eurotechnicextbold.t42":"\/eurotechnicextbold.t42","\/eurotechnicextbold.ttd":"\/eurotechnicextbold.ttd","\/eurotechnicextbold.ttf":"\/eurotechnicextbold.ttf","\/eurotechnicextbold.ttg":"\/eurotechnicextbold.ttg","\/eurotechnicextbold.ufm":"\/eurotechnicextbold.ufm","\/eurotechnicextbold.woff":"\/eurotechnicextbold.woff","\/eurotechnicextbold.z":"\/eurotechnicextbold.z","\/font-resource.json":"\/font-resource.json","\/eurotechnicextbold.ufo\/feature.fea":"\/eurotechnicextbold.ufo\/feature.fea","\/eurotechnicextbold.ufo\/fontinfo.plist":"\/eurotechnicextbold.ufo\/fontinfo.plist","\/eurotechnicextbold.ufo\/groups.plist":"\/eurotechnicextbold.ufo\/groups.plist","\/eurotechnicextbold.ufo\/kerning.plist":"\/eurotechnicextbold.ufo\/kerning.plist","\/eurotechnicextbold.ufo\/metainfo.plist":"\/eurotechnicextbold.ufo\/metainfo.plist","\/eurotechnicextbold.ufo\/glyphs\/A_.glif":"\/eurotechnicextbold.ufo\/glyphs\/A_.glif","\/eurotechnicextbold.ufo\/glyphs\/A_E_.glif":"\/eurotechnicextbold.ufo\/glyphs\/A_E_.glif","\/eurotechnicextbold.ufo\/glyphs\/A_acute.glif":"\/eurotechnicextbold.ufo\/glyphs\/A_acute.glif","\/eurotechnicextbold.ufo\/glyphs\/A_circumflex.glif":"\/eurotechnicextbold.ufo\/glyphs\/A_circumflex.glif","\/eurotechnicextbold.ufo\/glyphs\/A_dieresis.glif":"\/eurotechnicextbold.ufo\/glyphs\/A_dieresis.glif","\/eurotechnicextbold.ufo\/glyphs\/A_grave.glif":"\/eurotechnicextbold.ufo\/glyphs\/A_grave.glif","\/eurotechnicextbold.ufo\/glyphs\/A_ring.glif":"\/eurotechnicextbold.ufo\/glyphs\/A_ring.glif","\/eurotechnicextbold.ufo\/glyphs\/A_tilde.glif":"\/eurotechnicextbold.ufo\/glyphs\/A_tilde.glif","\/eurotechnicextbold.ufo\/glyphs\/B_.glif":"\/eurotechnicextbold.ufo\/glyphs\/B_.glif","\/eurotechnicextbold.ufo\/glyphs\/C_.glif":"\/eurotechnicextbold.ufo\/glyphs\/C_.glif","\/eurotechnicextbold.ufo\/glyphs\/C_cedilla.glif":"\/eurotechnicextbold.ufo\/glyphs\/C_cedilla.glif","\/eurotechnicextbold.ufo\/glyphs\/D_.glif":"\/eurotechnicextbold.ufo\/glyphs\/D_.glif","\/eurotechnicextbold.ufo\/glyphs\/D_elta.glif":"\/eurotechnicextbold.ufo\/glyphs\/D_elta.glif","\/eurotechnicextbold.ufo\/glyphs\/E_.glif":"\/eurotechnicextbold.ufo\/glyphs\/E_.glif","\/eurotechnicextbold.ufo\/glyphs\/E_acute.glif":"\/eurotechnicextbold.ufo\/glyphs\/E_acute.glif","\/eurotechnicextbold.ufo\/glyphs\/E_circumflex.glif":"\/eurotechnicextbold.ufo\/glyphs\/E_circumflex.glif","\/eurotechnicextbold.ufo\/glyphs\/E_dieresis.glif":"\/eurotechnicextbold.ufo\/glyphs\/E_dieresis.glif","\/eurotechnicextbold.ufo\/glyphs\/E_grave.glif":"\/eurotechnicextbold.ufo\/glyphs\/E_grave.glif","\/eurotechnicextbold.ufo\/glyphs\/F_.glif":"\/eurotechnicextbold.ufo\/glyphs\/F_.glif","\/eurotechnicextbold.ufo\/glyphs\/G_.glif":"\/eurotechnicextbold.ufo\/glyphs\/G_.glif","\/eurotechnicextbold.ufo\/glyphs\/H_.glif":"\/eurotechnicextbold.ufo\/glyphs\/H_.glif","\/eurotechnicextbold.ufo\/glyphs\/I_.glif":"\/eurotechnicextbold.ufo\/glyphs\/I_.glif","\/eurotechnicextbold.ufo\/glyphs\/I_acute.glif":"\/eurotechnicextbold.ufo\/glyphs\/I_acute.glif","\/eurotechnicextbold.ufo\/glyphs\/I_circumflex.glif":"\/eurotechnicextbold.ufo\/glyphs\/I_circumflex.glif","\/eurotechnicextbold.ufo\/glyphs\/I_dieresis.glif":"\/eurotechnicextbold.ufo\/glyphs\/I_dieresis.glif","\/eurotechnicextbold.ufo\/glyphs\/I_grave.glif":"\/eurotechnicextbold.ufo\/glyphs\/I_grave.glif","\/eurotechnicextbold.ufo\/glyphs\/J_.glif":"\/eurotechnicextbold.ufo\/glyphs\/J_.glif","\/eurotechnicextbold.ufo\/glyphs\/K_.glif":"\/eurotechnicextbold.ufo\/glyphs\/K_.glif","\/eurotechnicextbold.ufo\/glyphs\/L_.glif":"\/eurotechnicextbold.ufo\/glyphs\/L_.glif","\/eurotechnicextbold.ufo\/glyphs\/M_.glif":"\/eurotechnicextbold.ufo\/glyphs\/M_.glif","\/eurotechnicextbold.ufo\/glyphs\/N_.glif":"\/eurotechnicextbold.ufo\/glyphs\/N_.glif","\/eurotechnicextbold.ufo\/glyphs\/N_tilde.glif":"\/eurotechnicextbold.ufo\/glyphs\/N_tilde.glif","\/eurotechnicextbold.ufo\/glyphs\/O_.glif":"\/eurotechnicextbold.ufo\/glyphs\/O_.glif","\/eurotechnicextbold.ufo\/glyphs\/O_E_.glif":"\/eurotechnicextbold.ufo\/glyphs\/O_E_.glif","\/eurotechnicextbold.ufo\/glyphs\/O_acute.glif":"\/eurotechnicextbold.ufo\/glyphs\/O_acute.glif","\/eurotechnicextbold.ufo\/glyphs\/O_circumflex.glif":"\/eurotechnicextbold.ufo\/glyphs\/O_circumflex.glif","\/eurotechnicextbold.ufo\/glyphs\/O_dieresis.glif":"\/eurotechnicextbold.ufo\/glyphs\/O_dieresis.glif","\/eurotechnicextbold.ufo\/glyphs\/O_grave.glif":"\/eurotechnicextbold.ufo\/glyphs\/O_grave.glif","\/eurotechnicextbold.ufo\/glyphs\/O_mega.glif":"\/eurotechnicextbold.ufo\/glyphs\/O_mega.glif","\/eurotechnicextbold.ufo\/glyphs\/O_slash.glif":"\/eurotechnicextbold.ufo\/glyphs\/O_slash.glif","\/eurotechnicextbold.ufo\/glyphs\/O_tilde.glif":"\/eurotechnicextbold.ufo\/glyphs\/O_tilde.glif","\/eurotechnicextbold.ufo\/glyphs\/P_.glif":"\/eurotechnicextbold.ufo\/glyphs\/P_.glif","\/eurotechnicextbold.ufo\/glyphs\/Q_.glif":"\/eurotechnicextbold.ufo\/glyphs\/Q_.glif","\/eurotechnicextbold.ufo\/glyphs\/R_.glif":"\/eurotechnicextbold.ufo\/glyphs\/R_.glif","\/eurotechnicextbold.ufo\/glyphs\/S_.glif":"\/eurotechnicextbold.ufo\/glyphs\/S_.glif","\/eurotechnicextbold.ufo\/glyphs\/T_.glif":"\/eurotechnicextbold.ufo\/glyphs\/T_.glif","\/eurotechnicextbold.ufo\/glyphs\/U_.glif":"\/eurotechnicextbold.ufo\/glyphs\/U_.glif","\/eurotechnicextbold.ufo\/glyphs\/U_acute.glif":"\/eurotechnicextbold.ufo\/glyphs\/U_acute.glif","\/eurotechnicextbold.ufo\/glyphs\/U_circumflex.glif":"\/eurotechnicextbold.ufo\/glyphs\/U_circumflex.glif","\/eurotechnicextbold.ufo\/glyphs\/U_dieresis.glif":"\/eurotechnicextbold.ufo\/glyphs\/U_dieresis.glif","\/eurotechnicextbold.ufo\/glyphs\/U_grave.glif":"\/eurotechnicextbold.ufo\/glyphs\/U_grave.glif","\/eurotechnicextbold.ufo\/glyphs\/V_.glif":"\/eurotechnicextbold.ufo\/glyphs\/V_.glif","\/eurotechnicextbold.ufo\/glyphs\/W_.glif":"\/eurotechnicextbold.ufo\/glyphs\/W_.glif","\/eurotechnicextbold.ufo\/glyphs\/X_.glif":"\/eurotechnicextbold.ufo\/glyphs\/X_.glif","\/eurotechnicextbold.ufo\/glyphs\/Y_.glif":"\/eurotechnicextbold.ufo\/glyphs\/Y_.glif","\/eurotechnicextbold.ufo\/glyphs\/Y_dieresis.glif":"\/eurotechnicextbold.ufo\/glyphs\/Y_dieresis.glif","\/eurotechnicextbold.ufo\/glyphs\/Z_.glif":"\/eurotechnicextbold.ufo\/glyphs\/Z_.glif","\/eurotechnicextbold.ufo\/glyphs\/a.glif":"\/eurotechnicextbold.ufo\/glyphs\/a.glif","\/eurotechnicextbold.ufo\/glyphs\/aacute.glif":"\/eurotechnicextbold.ufo\/glyphs\/aacute.glif","\/eurotechnicextbold.ufo\/glyphs\/acircumflex.glif":"\/eurotechnicextbold.ufo\/glyphs\/acircumflex.glif","\/eurotechnicextbold.ufo\/glyphs\/acute.glif":"\/eurotechnicextbold.ufo\/glyphs\/acute.glif","\/eurotechnicextbold.ufo\/glyphs\/adieresis.glif":"\/eurotechnicextbold.ufo\/glyphs\/adieresis.glif","\/eurotechnicextbold.ufo\/glyphs\/ae.glif":"\/eurotechnicextbold.ufo\/glyphs\/ae.glif","\/eurotechnicextbold.ufo\/glyphs\/agrave.glif":"\/eurotechnicextbold.ufo\/glyphs\/agrave.glif","\/eurotechnicextbold.ufo\/glyphs\/ampersand.glif":"\/eurotechnicextbold.ufo\/glyphs\/ampersand.glif","\/eurotechnicextbold.ufo\/glyphs\/approxequal.glif":"\/eurotechnicextbold.ufo\/glyphs\/approxequal.glif","\/eurotechnicextbold.ufo\/glyphs\/aring.glif":"\/eurotechnicextbold.ufo\/glyphs\/aring.glif","\/eurotechnicextbold.ufo\/glyphs\/asciicircum.glif":"\/eurotechnicextbold.ufo\/glyphs\/asciicircum.glif","\/eurotechnicextbold.ufo\/glyphs\/asciitilde.glif":"\/eurotechnicextbold.ufo\/glyphs\/asciitilde.glif","\/eurotechnicextbold.ufo\/glyphs\/asterisk.glif":"\/eurotechnicextbold.ufo\/glyphs\/asterisk.glif","\/eurotechnicextbold.ufo\/glyphs\/at.glif":"\/eurotechnicextbold.ufo\/glyphs\/at.glif","\/eurotechnicextbold.ufo\/glyphs\/atilde.glif":"\/eurotechnicextbold.ufo\/glyphs\/atilde.glif","\/eurotechnicextbold.ufo\/glyphs\/b.glif":"\/eurotechnicextbold.ufo\/glyphs\/b.glif","\/eurotechnicextbold.ufo\/glyphs\/backslash.glif":"\/eurotechnicextbold.ufo\/glyphs\/backslash.glif","\/eurotechnicextbold.ufo\/glyphs\/bar.glif":"\/eurotechnicextbold.ufo\/glyphs\/bar.glif","\/eurotechnicextbold.ufo\/glyphs\/braceleft.glif":"\/eurotechnicextbold.ufo\/glyphs\/braceleft.glif","\/eurotechnicextbold.ufo\/glyphs\/braceright.glif":"\/eurotechnicextbold.ufo\/glyphs\/braceright.glif","\/eurotechnicextbold.ufo\/glyphs\/bracketleft.glif":"\/eurotechnicextbold.ufo\/glyphs\/bracketleft.glif","\/eurotechnicextbold.ufo\/glyphs\/bracketright.glif":"\/eurotechnicextbold.ufo\/glyphs\/bracketright.glif","\/eurotechnicextbold.ufo\/glyphs\/bullet.glif":"\/eurotechnicextbold.ufo\/glyphs\/bullet.glif","\/eurotechnicextbold.ufo\/glyphs\/c.glif":"\/eurotechnicextbold.ufo\/glyphs\/c.glif","\/eurotechnicextbold.ufo\/glyphs\/ccedilla.glif":"\/eurotechnicextbold.ufo\/glyphs\/ccedilla.glif","\/eurotechnicextbold.ufo\/glyphs\/cent.glif":"\/eurotechnicextbold.ufo\/glyphs\/cent.glif","\/eurotechnicextbold.ufo\/glyphs\/colon.glif":"\/eurotechnicextbold.ufo\/glyphs\/colon.glif","\/eurotechnicextbold.ufo\/glyphs\/comma.glif":"\/eurotechnicextbold.ufo\/glyphs\/comma.glif","\/eurotechnicextbold.ufo\/glyphs\/contents.plist":"\/eurotechnicextbold.ufo\/glyphs\/contents.plist","\/eurotechnicextbold.ufo\/glyphs\/copyright.glif":"\/eurotechnicextbold.ufo\/glyphs\/copyright.glif","\/eurotechnicextbold.ufo\/glyphs\/d.glif":"\/eurotechnicextbold.ufo\/glyphs\/d.glif","\/eurotechnicextbold.ufo\/glyphs\/dagger.glif":"\/eurotechnicextbold.ufo\/glyphs\/dagger.glif","\/eurotechnicextbold.ufo\/glyphs\/degree.glif":"\/eurotechnicextbold.ufo\/glyphs\/degree.glif","\/eurotechnicextbold.ufo\/glyphs\/dieresis.glif":"\/eurotechnicextbold.ufo\/glyphs\/dieresis.glif","\/eurotechnicextbold.ufo\/glyphs\/divide.glif":"\/eurotechnicextbold.ufo\/glyphs\/divide.glif","\/eurotechnicextbold.ufo\/glyphs\/dollar.glif":"\/eurotechnicextbold.ufo\/glyphs\/dollar.glif","\/eurotechnicextbold.ufo\/glyphs\/e.glif":"\/eurotechnicextbold.ufo\/glyphs\/e.glif","\/eurotechnicextbold.ufo\/glyphs\/eacute.glif":"\/eurotechnicextbold.ufo\/glyphs\/eacute.glif","\/eurotechnicextbold.ufo\/glyphs\/ecircumflex.glif":"\/eurotechnicextbold.ufo\/glyphs\/ecircumflex.glif","\/eurotechnicextbold.ufo\/glyphs\/edieresis.glif":"\/eurotechnicextbold.ufo\/glyphs\/edieresis.glif","\/eurotechnicextbold.ufo\/glyphs\/egrave.glif":"\/eurotechnicextbold.ufo\/glyphs\/egrave.glif","\/eurotechnicextbold.ufo\/glyphs\/eight.glif":"\/eurotechnicextbold.ufo\/glyphs\/eight.glif","\/eurotechnicextbold.ufo\/glyphs\/ellipsis.glif":"\/eurotechnicextbold.ufo\/glyphs\/ellipsis.glif","\/eurotechnicextbold.ufo\/glyphs\/emdash.glif":"\/eurotechnicextbold.ufo\/glyphs\/emdash.glif","\/eurotechnicextbold.ufo\/glyphs\/endash.glif":"\/eurotechnicextbold.ufo\/glyphs\/endash.glif","\/eurotechnicextbold.ufo\/glyphs\/equal.glif":"\/eurotechnicextbold.ufo\/glyphs\/equal.glif","\/eurotechnicextbold.ufo\/glyphs\/exclam.glif":"\/eurotechnicextbold.ufo\/glyphs\/exclam.glif","\/eurotechnicextbold.ufo\/glyphs\/exclamdown.glif":"\/eurotechnicextbold.ufo\/glyphs\/exclamdown.glif","\/eurotechnicextbold.ufo\/glyphs\/f.glif":"\/eurotechnicextbold.ufo\/glyphs\/f.glif","\/eurotechnicextbold.ufo\/glyphs\/five.glif":"\/eurotechnicextbold.ufo\/glyphs\/five.glif","\/eurotechnicextbold.ufo\/glyphs\/florin.glif":"\/eurotechnicextbold.ufo\/glyphs\/florin.glif","\/eurotechnicextbold.ufo\/glyphs\/four.glif":"\/eurotechnicextbold.ufo\/glyphs\/four.glif","\/eurotechnicextbold.ufo\/glyphs\/g.glif":"\/eurotechnicextbold.ufo\/glyphs\/g.glif","\/eurotechnicextbold.ufo\/glyphs\/germandbls.glif":"\/eurotechnicextbold.ufo\/glyphs\/germandbls.glif","\/eurotechnicextbold.ufo\/glyphs\/grave.glif":"\/eurotechnicextbold.ufo\/glyphs\/grave.glif","\/eurotechnicextbold.ufo\/glyphs\/greater.glif":"\/eurotechnicextbold.ufo\/glyphs\/greater.glif","\/eurotechnicextbold.ufo\/glyphs\/greaterequal.glif":"\/eurotechnicextbold.ufo\/glyphs\/greaterequal.glif","\/eurotechnicextbold.ufo\/glyphs\/guillemotleft.glif":"\/eurotechnicextbold.ufo\/glyphs\/guillemotleft.glif","\/eurotechnicextbold.ufo\/glyphs\/guillemotright.glif":"\/eurotechnicextbold.ufo\/glyphs\/guillemotright.glif","\/eurotechnicextbold.ufo\/glyphs\/h.glif":"\/eurotechnicextbold.ufo\/glyphs\/h.glif","\/eurotechnicextbold.ufo\/glyphs\/hyphen.glif":"\/eurotechnicextbold.ufo\/glyphs\/hyphen.glif","\/eurotechnicextbold.ufo\/glyphs\/i.glif":"\/eurotechnicextbold.ufo\/glyphs\/i.glif","\/eurotechnicextbold.ufo\/glyphs\/iacute.glif":"\/eurotechnicextbold.ufo\/glyphs\/iacute.glif","\/eurotechnicextbold.ufo\/glyphs\/icircumflex.glif":"\/eurotechnicextbold.ufo\/glyphs\/icircumflex.glif","\/eurotechnicextbold.ufo\/glyphs\/idieresis.glif":"\/eurotechnicextbold.ufo\/glyphs\/idieresis.glif","\/eurotechnicextbold.ufo\/glyphs\/igrave.glif":"\/eurotechnicextbold.ufo\/glyphs\/igrave.glif","\/eurotechnicextbold.ufo\/glyphs\/infinity.glif":"\/eurotechnicextbold.ufo\/glyphs\/infinity.glif","\/eurotechnicextbold.ufo\/glyphs\/integral.glif":"\/eurotechnicextbold.ufo\/glyphs\/integral.glif","\/eurotechnicextbold.ufo\/glyphs\/j.glif":"\/eurotechnicextbold.ufo\/glyphs\/j.glif","\/eurotechnicextbold.ufo\/glyphs\/k.glif":"\/eurotechnicextbold.ufo\/glyphs\/k.glif","\/eurotechnicextbold.ufo\/glyphs\/l.glif":"\/eurotechnicextbold.ufo\/glyphs\/l.glif","\/eurotechnicextbold.ufo\/glyphs\/less.glif":"\/eurotechnicextbold.ufo\/glyphs\/less.glif","\/eurotechnicextbold.ufo\/glyphs\/lessequal.glif":"\/eurotechnicextbold.ufo\/glyphs\/lessequal.glif","\/eurotechnicextbold.ufo\/glyphs\/logicalnot.glif":"\/eurotechnicextbold.ufo\/glyphs\/logicalnot.glif","\/eurotechnicextbold.ufo\/glyphs\/lozenge.glif":"\/eurotechnicextbold.ufo\/glyphs\/lozenge.glif","\/eurotechnicextbold.ufo\/glyphs\/m.glif":"\/eurotechnicextbold.ufo\/glyphs\/m.glif","\/eurotechnicextbold.ufo\/glyphs\/mu.glif":"\/eurotechnicextbold.ufo\/glyphs\/mu.glif","\/eurotechnicextbold.ufo\/glyphs\/n.glif":"\/eurotechnicextbold.ufo\/glyphs\/n.glif","\/eurotechnicextbold.ufo\/glyphs\/nbspace.glif":"\/eurotechnicextbold.ufo\/glyphs\/nbspace.glif","\/eurotechnicextbold.ufo\/glyphs\/nine.glif":"\/eurotechnicextbold.ufo\/glyphs\/nine.glif","\/eurotechnicextbold.ufo\/glyphs\/notequal.glif":"\/eurotechnicextbold.ufo\/glyphs\/notequal.glif","\/eurotechnicextbold.ufo\/glyphs\/ntilde.glif":"\/eurotechnicextbold.ufo\/glyphs\/ntilde.glif","\/eurotechnicextbold.ufo\/glyphs\/numbersign.glif":"\/eurotechnicextbold.ufo\/glyphs\/numbersign.glif","\/eurotechnicextbold.ufo\/glyphs\/o.glif":"\/eurotechnicextbold.ufo\/glyphs\/o.glif","\/eurotechnicextbold.ufo\/glyphs\/oacute.glif":"\/eurotechnicextbold.ufo\/glyphs\/oacute.glif","\/eurotechnicextbold.ufo\/glyphs\/ocircumflex.glif":"\/eurotechnicextbold.ufo\/glyphs\/ocircumflex.glif","\/eurotechnicextbold.ufo\/glyphs\/odieresis.glif":"\/eurotechnicextbold.ufo\/glyphs\/odieresis.glif","\/eurotechnicextbold.ufo\/glyphs\/oe.glif":"\/eurotechnicextbold.ufo\/glyphs\/oe.glif","\/eurotechnicextbold.ufo\/glyphs\/ograve.glif":"\/eurotechnicextbold.ufo\/glyphs\/ograve.glif","\/eurotechnicextbold.ufo\/glyphs\/one.glif":"\/eurotechnicextbold.ufo\/glyphs\/one.glif","\/eurotechnicextbold.ufo\/glyphs\/ordfeminine.glif":"\/eurotechnicextbold.ufo\/glyphs\/ordfeminine.glif","\/eurotechnicextbold.ufo\/glyphs\/ordmasculine.glif":"\/eurotechnicextbold.ufo\/glyphs\/ordmasculine.glif","\/eurotechnicextbold.ufo\/glyphs\/oslash.glif":"\/eurotechnicextbold.ufo\/glyphs\/oslash.glif","\/eurotechnicextbold.ufo\/glyphs\/otilde.glif":"\/eurotechnicextbold.ufo\/glyphs\/otilde.glif","\/eurotechnicextbold.ufo\/glyphs\/p.glif":"\/eurotechnicextbold.ufo\/glyphs\/p.glif","\/eurotechnicextbold.ufo\/glyphs\/paragraph.glif":"\/eurotechnicextbold.ufo\/glyphs\/paragraph.glif","\/eurotechnicextbold.ufo\/glyphs\/parenleft.glif":"\/eurotechnicextbold.ufo\/glyphs\/parenleft.glif","\/eurotechnicextbold.ufo\/glyphs\/parenright.glif":"\/eurotechnicextbold.ufo\/glyphs\/parenright.glif","\/eurotechnicextbold.ufo\/glyphs\/partialdiff.glif":"\/eurotechnicextbold.ufo\/glyphs\/partialdiff.glif","\/eurotechnicextbold.ufo\/glyphs\/percent.glif":"\/eurotechnicextbold.ufo\/glyphs\/percent.glif","\/eurotechnicextbold.ufo\/glyphs\/period.glif":"\/eurotechnicextbold.ufo\/glyphs\/period.glif","\/eurotechnicextbold.ufo\/glyphs\/periodcentered.glif":"\/eurotechnicextbold.ufo\/glyphs\/periodcentered.glif","\/eurotechnicextbold.ufo\/glyphs\/pi.glif":"\/eurotechnicextbold.ufo\/glyphs\/pi.glif","\/eurotechnicextbold.ufo\/glyphs\/plus.glif":"\/eurotechnicextbold.ufo\/glyphs\/plus.glif","\/eurotechnicextbold.ufo\/glyphs\/plusminus.glif":"\/eurotechnicextbold.ufo\/glyphs\/plusminus.glif","\/eurotechnicextbold.ufo\/glyphs\/product.glif":"\/eurotechnicextbold.ufo\/glyphs\/product.glif","\/eurotechnicextbold.ufo\/glyphs\/q.glif":"\/eurotechnicextbold.ufo\/glyphs\/q.glif","\/eurotechnicextbold.ufo\/glyphs\/question.glif":"\/eurotechnicextbold.ufo\/glyphs\/question.glif","\/eurotechnicextbold.ufo\/glyphs\/questiondown.glif":"\/eurotechnicextbold.ufo\/glyphs\/questiondown.glif","\/eurotechnicextbold.ufo\/glyphs\/quotedbl.glif":"\/eurotechnicextbold.ufo\/glyphs\/quotedbl.glif","\/eurotechnicextbold.ufo\/glyphs\/quotedblbase.glif":"\/eurotechnicextbold.ufo\/glyphs\/quotedblbase.glif","\/eurotechnicextbold.ufo\/glyphs\/quotedblleft.glif":"\/eurotechnicextbold.ufo\/glyphs\/quotedblleft.glif","\/eurotechnicextbold.ufo\/glyphs\/quotedblright.glif":"\/eurotechnicextbold.ufo\/glyphs\/quotedblright.glif","\/eurotechnicextbold.ufo\/glyphs\/quoteleft.glif":"\/eurotechnicextbold.ufo\/glyphs\/quoteleft.glif","\/eurotechnicextbold.ufo\/glyphs\/quoteright.glif":"\/eurotechnicextbold.ufo\/glyphs\/quoteright.glif","\/eurotechnicextbold.ufo\/glyphs\/quotesinglbase.glif":"\/eurotechnicextbold.ufo\/glyphs\/quotesinglbase.glif","\/eurotechnicextbold.ufo\/glyphs\/quotesingle.glif":"\/eurotechnicextbold.ufo\/glyphs\/quotesingle.glif","\/eurotechnicextbold.ufo\/glyphs\/r.glif":"\/eurotechnicextbold.ufo\/glyphs\/r.glif","\/eurotechnicextbold.ufo\/glyphs\/radical.glif":"\/eurotechnicextbold.ufo\/glyphs\/radical.glif","\/eurotechnicextbold.ufo\/glyphs\/registered.glif":"\/eurotechnicextbold.ufo\/glyphs\/registered.glif","\/eurotechnicextbold.ufo\/glyphs\/s.glif":"\/eurotechnicextbold.ufo\/glyphs\/s.glif","\/eurotechnicextbold.ufo\/glyphs\/section.glif":"\/eurotechnicextbold.ufo\/glyphs\/section.glif","\/eurotechnicextbold.ufo\/glyphs\/semicolon.glif":"\/eurotechnicextbold.ufo\/glyphs\/semicolon.glif","\/eurotechnicextbold.ufo\/glyphs\/seven.glif":"\/eurotechnicextbold.ufo\/glyphs\/seven.glif","\/eurotechnicextbold.ufo\/glyphs\/six.glif":"\/eurotechnicextbold.ufo\/glyphs\/six.glif","\/eurotechnicextbold.ufo\/glyphs\/slash.glif":"\/eurotechnicextbold.ufo\/glyphs\/slash.glif","\/eurotechnicextbold.ufo\/glyphs\/space.glif":"\/eurotechnicextbold.ufo\/glyphs\/space.glif","\/eurotechnicextbold.ufo\/glyphs\/sterling.glif":"\/eurotechnicextbold.ufo\/glyphs\/sterling.glif","\/eurotechnicextbold.ufo\/glyphs\/summation.glif":"\/eurotechnicextbold.ufo\/glyphs\/summation.glif","\/eurotechnicextbold.ufo\/glyphs\/t.glif":"\/eurotechnicextbold.ufo\/glyphs\/t.glif","\/eurotechnicextbold.ufo\/glyphs\/three.glif":"\/eurotechnicextbold.ufo\/glyphs\/three.glif","\/eurotechnicextbold.ufo\/glyphs\/trademark.glif":"\/eurotechnicextbold.ufo\/glyphs\/trademark.glif","\/eurotechnicextbold.ufo\/glyphs\/two.glif":"\/eurotechnicextbold.ufo\/glyphs\/two.glif","\/eurotechnicextbold.ufo\/glyphs\/u.glif":"\/eurotechnicextbold.ufo\/glyphs\/u.glif","\/eurotechnicextbold.ufo\/glyphs\/uacute.glif":"\/eurotechnicextbold.ufo\/glyphs\/uacute.glif","\/eurotechnicextbold.ufo\/glyphs\/ucircumflex.glif":"\/eurotechnicextbold.ufo\/glyphs\/ucircumflex.glif","\/eurotechnicextbold.ufo\/glyphs\/udieresis.glif":"\/eurotechnicextbold.ufo\/glyphs\/udieresis.glif","\/eurotechnicextbold.ufo\/glyphs\/ugrave.glif":"\/eurotechnicextbold.ufo\/glyphs\/ugrave.glif","\/eurotechnicextbold.ufo\/glyphs\/underscore.glif":"\/eurotechnicextbold.ufo\/glyphs\/underscore.glif","\/eurotechnicextbold.ufo\/glyphs\/v.glif":"\/eurotechnicextbold.ufo\/glyphs\/v.glif","\/eurotechnicextbold.ufo\/glyphs\/w.glif":"\/eurotechnicextbold.ufo\/glyphs\/w.glif","\/eurotechnicextbold.ufo\/glyphs\/x.glif":"\/eurotechnicextbold.ufo\/glyphs\/x.glif","\/eurotechnicextbold.ufo\/glyphs\/y.glif":"\/eurotechnicextbold.ufo\/glyphs\/y.glif","\/eurotechnicextbold.ufo\/glyphs\/ydieresis.glif":"\/eurotechnicextbold.ufo\/glyphs\/ydieresis.glif","\/eurotechnicextbold.ufo\/glyphs\/yen.glif":"\/eurotechnicextbold.ufo\/glyphs\/yen.glif","\/eurotechnicextbold.ufo\/glyphs\/z.glif":"\/eurotechnicextbold.ufo\/glyphs\/z.glif","\/eurotechnicextbold.ufo\/glyphs\/zero.glif":"\/eurotechnicextbold.ufo\/glyphs\/zero.glif"},"Font":{"uploaded":1471114551.9555,"licence":"gpl3","company":"Chronolabs Cooperative","title":"Euro Technic Ext Bold","version":3.002,"date":"Fri Aug 12 15:34:00 2016","creator":"root","type":"1","matrix":"0.001 0 0 0.001 0 0","named":"EuroTechnicExtBold","painttype":"0","info":"11 dict dup","name":"EuroTechnicExtBold","family":"Euro","weight":"Bold","fstype":"0","italicangle":"0","underlineposition":"","underlinethickness":""},"Licences":{"":false},"Table":{"FFTM":{"entryLength":16,"tag":"FFTM","checksum":1944407328,"offset":27564,"length":28},"GDEF":{"entryLength":16,"tag":"GDEF","checksum":16449542,"offset":27532,"length":32},"OS\/2":{"entryLength":16,"tag":"OS\/2","checksum":2022902292,"offset":344,"length":86},"cmap":{"entryLength":16,"tag":"cmap","checksum":3477073084,"offset":1256,"length":642},"gasp":{"entryLength":16,"tag":"gasp","checksum":4294901763,"offset":27524,"length":8},"glyf":{"entryLength":16,"tag":"glyf","checksum":115776531,"offset":2316,"length":24072},"head":{"entryLength":16,"tag":"head","checksum":233895632,"offset":220,"length":54},"hhea":{"entryLength":16,"tag":"hhea","checksum":195692265,"offset":276,"length":36},"hmtx":{"entryLength":16,"tag":"hmtx","checksum":2731746349,"offset":432,"length":824},"loca":{"entryLength":16,"tag":"loca","checksum":3574775422,"offset":1900,"length":414},"maxp":{"entryLength":16,"tag":"maxp","checksum":18153629,"offset":312,"length":32},"name":{"entryLength":16,"tag":"name","checksum":3817520885,"offset":26388,"length":678},"post":{"entryLength":16,"tag":"post","checksum":4030112070,"offset":27068,"length":454}},"UnicodeCharMap":{"32":3,"33":4,"34":5,"35":6,"36":7,"37":8,"38":9,"39":10,"40":11,"41":12,"42":13,"43":14,"44":15,"45":16,"46":17,"47":18,"48":19,"49":20,"50":21,"51":22,"52":23,"53":24,"54":25,"55":26,"56":27,"57":28,"58":29,"59":30,"60":31,"61":32,"62":33,"63":34,"64":35,"65":36,"66":37,"67":38,"68":39,"69":40,"70":41,"71":42,"72":43,"73":44,"74":45,"75":46,"76":47,"77":48,"78":49,"79":50,"80":51,"81":52,"82":53,"83":54,"84":55,"85":56,"86":57,"87":58,"88":59,"89":60,"90":61,"91":62,"92":63,"93":64,"94":65,"95":66,"96":67,"97":68,"98":69,"99":70,"100":71,"101":72,"102":73,"103":74,"104":75,"105":76,"106":77,"107":78,"108":79,"109":80,"110":81,"111":82,"112":83,"113":84,"114":85,"115":86,"116":87,"117":88,"118":89,"119":90,"120":91,"121":92,"122":93,"123":94,"124":95,"125":96,"126":97,"160":98,"161":99,"162":100,"163":101,"165":102,"167":103,"168":104,"169":105,"170":106,"171":107,"172":108,"174":109,"176":110,"177":111,"180":112,"182":114,"183":115,"186":116,"187":117,"191":118,"192":119,"193":120,"194":121,"195":122,"196":123,"197":124,"198":125,"199":126,"200":127,"201":128,"202":129,"203":130,"204":131,"205":132,"206":133,"207":134,"209":135,"210":136,"211":137,"212":138,"213":139,"214":140,"216":141,"217":142,"218":143,"219":144,"220":145,"223":146,"224":147,"225":148,"226":149,"227":150,"228":151,"229":152,"230":153,"231":154,"232":155,"233":156,"234":157,"235":158,"236":159,"237":160,"238":161,"239":162,"241":163,"242":164,"243":165,"244":166,"245":167,"246":168,"247":169,"248":170,"249":171,"250":172,"251":173,"252":174,"255":175,"338":188,"339":189,"376":205,"402":178,"916":203,"937":200,"956":113,"960":198,"8211":180,"8212":187,"8216":177,"8217":176,"8218":183,"8220":179,"8221":185,"8222":184,"8224":181,"8226":182,"8230":186,"8482":190,"8706":195,"8719":197,"8721":196,"8730":201,"8734":192,"8747":199,"8776":202,"8800":191,"8804":193,"8805":194,"9674":204},"Reserves":{"fontname":"Euro Technic Ext Bold"},"Names":{"Euro Technic Ext Bold":{"name":"Euro Technic Ext Bold","longitude":"0.00000001","latitude":"0.00000001","country":"","region":"","city":""}},"Nodes":{"eu":{"type":"typal","node":"eu","usage":1,"weight":1},"ro":{"type":"typal","node":"ro","usage":1,"weight":1},"te":{"type":"typal","node":"te","usage":1,"weight":1},"ic":{"type":"typal","node":"ic","usage":1,"weight":1},"ex":{"type":"typal","node":"ex","usage":1,"weight":1},"xt":{"type":"typal","node":"xt","usage":1,"weight":1},"bo":{"type":"typal","node":"bo","usage":1,"weight":1},"ld":{"type":"typal","node":"ld","usage":1,"weight":1},"eur":{"type":"typal","node":"eur","usage":1,"weight":1},"uro":{"type":"typal","node":"uro","usage":1,"weight":1},"tec":{"type":"typal","node":"tec","usage":1,"weight":1},"nic":{"type":"typal","node":"nic","usage":1,"weight":1},"bol":{"type":"typal","node":"bol","usage":1,"weight":1},"old":{"type":"typal","node":"old","usage":1,"weight":1},"tech":{"type":"keys","node":"tech","usage":1,"weight":1},"hnic":{"type":"keys","node":"hnic","usage":1,"weight":1},"techn":{"type":"keys","node":"techn","usage":1,"weight":1},"chnic":{"type":"keys","node":"chnic","usage":1,"weight":1},"euro":{"type":"fixes","node":"euro","usage":1,"weight":1},"technic":{"type":"fixes","node":"technic","usage":1,"weight":1},"ext":{"type":"fixes","node":"ext","usage":1,"weight":1},"bold":{"type":"fixes","node":"bold","usage":1,"weight":1}},"Contributors":[],"FontIdentity":"wagovau:6eec59f1d6643f0731190962","Bytes":null,"Networking":[],"barcode":"12oao3koycaiek","referee":"qiw2k2q"}