{"CSS":{"Arctic2":"Arctic2.css"},"FontType":"TrueType","FontCopyright":" ","FontName":"Arctic2","FontSubfamily":"Regular","FontSubfamilyID":"ALLTYPE:Arctic2 Regular:ATECH","FontFullName":"Arctic2","FontVersion":"Converted from C:\\TTFONTS\\ARCTIC2.TF1 by ALLTYPE","FontWeight":null,"FontPostscriptName":"Arctic2","Files":{"Booter - Five One.css":"Booter - Five One.css","e4e37d5ea88e4e541d6621ae6f95661b.afm":"e4e37d5ea88e4e541d6621ae6f95661b.afm","e4e37d5ea88e4e541d6621ae6f95661b.bin":"e4e37d5ea88e4e541d6621ae6f95661b.bin","e4e37d5ea88e4e541d6621ae6f95661b.cef":"e4e37d5ea88e4e541d6621ae6f95661b.cef","e4e37d5ea88e4e541d6621ae6f95661b.cff":"e4e37d5ea88e4e541d6621ae6f95661b.cff","e4e37d5ea88e4e541d6621ae6f95661b.dfont":"e4e37d5ea88e4e541d6621ae6f95661b.dfont","e4e37d5ea88e4e541d6621ae6f95661b.eot":"e4e37d5ea88e4e541d6621ae6f95661b.eot","e4e37d5ea88e4e541d6621ae6f95661b.fon":"e4e37d5ea88e4e541d6621ae6f95661b.fon","e4e37d5ea88e4e541d6621ae6f95661b.gai":"e4e37d5ea88e4e541d6621ae6f95661b.gai","e4e37d5ea88e4e541d6621ae6f95661b.gsf":"e4e37d5ea88e4e541d6621ae6f95661b.gsf","e4e37d5ea88e4e541d6621ae6f95661b.hqx":"e4e37d5ea88e4e541d6621ae6f95661b.hqx","e4e37d5ea88e4e541d6621ae6f95661b.ik":"e4e37d5ea88e4e541d6621ae6f95661b.ik","e4e37d5ea88e4e541d6621ae6f95661b.mf":"e4e37d5ea88e4e541d6621ae6f95661b.mf","e4e37d5ea88e4e541d6621ae6f95661b.otf":"e4e37d5ea88e4e541d6621ae6f95661b.otf","e4e37d5ea88e4e541d6621ae6f95661b.pcf":"e4e37d5ea88e4e541d6621ae6f95661b.pcf","e4e37d5ea88e4e541d6621ae6f95661b.pf3":"e4e37d5ea88e4e541d6621ae6f95661b.pf3","e4e37d5ea88e4e541d6621ae6f95661b.pfa":"e4e37d5ea88e4e541d6621ae6f95661b.pfa","e4e37d5ea88e4e541d6621ae6f95661b.pfb":"e4e37d5ea88e4e541d6621ae6f95661b.pfb","e4e37d5ea88e4e541d6621ae6f95661b.pmf":"e4e37d5ea88e4e541d6621ae6f95661b.pmf","e4e37d5ea88e4e541d6621ae6f95661b.pt3":"e4e37d5ea88e4e541d6621ae6f95661b.pt3","e4e37d5ea88e4e541d6621ae6f95661b.sfd":"e4e37d5ea88e4e541d6621ae6f95661b.sfd","e4e37d5ea88e4e541d6621ae6f95661b.svg":"e4e37d5ea88e4e541d6621ae6f95661b.svg","e4e37d5ea88e4e541d6621ae6f95661b.t42":"e4e37d5ea88e4e541d6621ae6f95661b.t42","e4e37d5ea88e4e541d6621ae6f95661b.ttf":"e4e37d5ea88e4e541d6621ae6f95661b.ttf","e4e37d5ea88e4e541d6621ae6f95661b.woff":"e4e37d5ea88e4e541d6621ae6f95661b.woff","font-resource.json":"font-resource.json","\/fonts\/Converting\/simon@staff.labs.coop\/e4e37d5ea88e4e541d6621ae6f95661b":{"Booter - Five One.css":"Booter - Five One.css","e4e37d5ea88e4e541d6621ae6f95661b.afm":"e4e37d5ea88e4e541d6621ae6f95661b.afm","e4e37d5ea88e4e541d6621ae6f95661b.bin":"e4e37d5ea88e4e541d6621ae6f95661b.bin","e4e37d5ea88e4e541d6621ae6f95661b.cef":"e4e37d5ea88e4e541d6621ae6f95661b.cef","e4e37d5ea88e4e541d6621ae6f95661b.cff":"e4e37d5ea88e4e541d6621ae6f95661b.cff","e4e37d5ea88e4e541d6621ae6f95661b.dfont":"e4e37d5ea88e4e541d6621ae6f95661b.dfont","e4e37d5ea88e4e541d6621ae6f95661b.eot":"e4e37d5ea88e4e541d6621ae6f95661b.eot","e4e37d5ea88e4e541d6621ae6f95661b.fon":"e4e37d5ea88e4e541d6621ae6f95661b.fon","e4e37d5ea88e4e541d6621ae6f95661b.gai":"e4e37d5ea88e4e541d6621ae6f95661b.gai","e4e37d5ea88e4e541d6621ae6f95661b.gsf":"e4e37d5ea88e4e541d6621ae6f95661b.gsf","e4e37d5ea88e4e541d6621ae6f95661b.hqx":"e4e37d5ea88e4e541d6621ae6f95661b.hqx","e4e37d5ea88e4e541d6621ae6f95661b.ik":"e4e37d5ea88e4e541d6621ae6f95661b.ik","e4e37d5ea88e4e541d6621ae6f95661b.mf":"e4e37d5ea88e4e541d6621ae6f95661b.mf","e4e37d5ea88e4e541d6621ae6f95661b.otf":"e4e37d5ea88e4e541d6621ae6f95661b.otf","e4e37d5ea88e4e541d6621ae6f95661b.pcf":"e4e37d5ea88e4e541d6621ae6f95661b.pcf","e4e37d5ea88e4e541d6621ae6f95661b.pf3":"e4e37d5ea88e4e541d6621ae6f95661b.pf3","e4e37d5ea88e4e541d6621ae6f95661b.pfa":"e4e37d5ea88e4e541d6621ae6f95661b.pfa","e4e37d5ea88e4e541d6621ae6f95661b.pfb":"e4e37d5ea88e4e541d6621ae6f95661b.pfb","e4e37d5ea88e4e541d6621ae6f95661b.pmf":"e4e37d5ea88e4e541d6621ae6f95661b.pmf","e4e37d5ea88e4e541d6621ae6f95661b.pt3":"e4e37d5ea88e4e541d6621ae6f95661b.pt3","e4e37d5ea88e4e541d6621ae6f95661b.sfd":"e4e37d5ea88e4e541d6621ae6f95661b.sfd","e4e37d5ea88e4e541d6621ae6f95661b.svg":"e4e37d5ea88e4e541d6621ae6f95661b.svg","e4e37d5ea88e4e541d6621ae6f95661b.t42":"e4e37d5ea88e4e541d6621ae6f95661b.t42","e4e37d5ea88e4e541d6621ae6f95661b.ttf":"e4e37d5ea88e4e541d6621ae6f95661b.ttf","e4e37d5ea88e4e541d6621ae6f95661b.woff":"e4e37d5ea88e4e541d6621ae6f95661b.woff","font-resource.json":"font-resource.json"},"e4e37d5ea88e4e541d6621ae6f95661b.ufo":{"feature.fea":"feature.fea","fontinfo.plist":"fontinfo.plist","groups.plist":"groups.plist","kerning.plist":"kerning.plist","metainfo.plist":"metainfo.plist"},"e4e37d5ea88e4e541d6621ae6f95661b.ufo\/glyphs":{"A_.glif":"A_.glif","A_E_.glif":"A_E_.glif","A_E_acute.glif":"A_E_acute.glif","A_acute.glif":"A_acute.glif","A_circumflex.glif":"A_circumflex.glif","A_dieresis.glif":"A_dieresis.glif","A_grave.glif":"A_grave.glif","A_ogonek.glif":"A_ogonek.glif","A_ring.glif":"A_ring.glif","A_tilde.glif":"A_tilde.glif","B_.glif":"B_.glif","C_.glif":"C_.glif","C_acute.glif":"C_acute.glif","C_caron.glif":"C_caron.glif","C_cedilla.glif":"C_cedilla.glif","C_circumflex.glif":"C_circumflex.glif","C_dot.glif":"C_dot.glif","D_.glif":"D_.glif","D_caron.glif":"D_caron.glif","E_.glif":"E_.glif","E_acute.glif":"E_acute.glif","E_circumflex.glif":"E_circumflex.glif","E_dieresis.glif":"E_dieresis.glif","E_grave.glif":"E_grave.glif","E_macron.glif":"E_macron.glif","E_th.glif":"E_th.glif","F_.glif":"F_.glif","G_.glif":"G_.glif","H_.glif":"H_.glif","I_.glif":"I_.glif","I_acute.glif":"I_acute.glif","I_circumflex.glif":"I_circumflex.glif","I_dieresis.glif":"I_dieresis.glif","I_grave.glif":"I_grave.glif","I_macron.glif":"I_macron.glif","J_.glif":"J_.glif","J_circumflex.glif":"J_circumflex.glif","K_.glif":"K_.glif","L_.glif":"L_.glif","M_.glif":"M_.glif","N_.glif":"N_.glif","N_acute.glif":"N_acute.glif","N_tilde.glif":"N_tilde.glif","O_.glif":"O_.glif","O_E_.glif":"O_E_.glif","O_acute.glif":"O_acute.glif","O_circumflex.glif":"O_circumflex.glif","O_dieresis.glif":"O_dieresis.glif","O_grave.glif":"O_grave.glif","O_slash.glif":"O_slash.glif","O_slashacute.glif":"O_slashacute.glif","O_tilde.glif":"O_tilde.glif","P_.glif":"P_.glif","Q_.glif":"Q_.glif","R_.glif":"R_.glif","R_acute.glif":"R_acute.glif","R_caron.glif":"R_caron.glif","S_.glif":"S_.glif","S_acute.glif":"S_acute.glif","S_caron.glif":"S_caron.glif","S_circumflex.glif":"S_circumflex.glif","T_.glif":"T_.glif","T_caron.glif":"T_caron.glif","T_horn.glif":"T_horn.glif","U_.glif":"U_.glif","U_acute.glif":"U_acute.glif","U_breve.glif":"U_breve.glif","U_circumflex.glif":"U_circumflex.glif","U_dieresis.glif":"U_dieresis.glif","U_grave.glif":"U_grave.glif","V_.glif":"V_.glif","W_.glif":"W_.glif","X_.glif":"X_.glif","Y_.glif":"Y_.glif","Y_acute.glif":"Y_acute.glif","Y_dieresis.glif":"Y_dieresis.glif","Z_.glif":"Z_.glif","_notdef.glif":"_notdef.glif","_null.glif":"_null.glif","a.glif":"a.glif","aacute.glif":"aacute.glif","acircumflex.glif":"acircumflex.glif","acute.glif":"acute.glif","adieresis.glif":"adieresis.glif","ae.glif":"ae.glif","aeacute.glif":"aeacute.glif","afii61248.glif":"afii61248.glif","afii61352.glif":"afii61352.glif","agrave.glif":"agrave.glif","ampersand.glif":"ampersand.glif","aring.glif":"aring.glif","asciicircum.glif":"asciicircum.glif","asciitilde.glif":"asciitilde.glif","asterisk.glif":"asterisk.glif","at.glif":"at.glif","atilde.glif":"atilde.glif","b.glif":"b.glif","backslash.glif":"backslash.glif","bar.glif":"bar.glif","braceleft.glif":"braceleft.glif","braceright.glif":"braceright.glif","bracketleft.glif":"bracketleft.glif","bracketright.glif":"bracketright.glif","brokenbar.glif":"brokenbar.glif","c.glif":"c.glif","cacute.glif":"cacute.glif","ccaron.glif":"ccaron.glif","ccedilla.glif":"ccedilla.glif","ccircumflex.glif":"ccircumflex.glif","cdot.glif":"cdot.glif","cedilla.glif":"cedilla.glif","cent.glif":"cent.glif","circumflex.glif":"circumflex.glif","colon.glif":"colon.glif","comma.glif":"comma.glif","contents.plist":"contents.plist","copyright.glif":"copyright.glif","currency.glif":"currency.glif","d.glif":"d.glif","dagger.glif":"dagger.glif","daggerdbl.glif":"daggerdbl.glif","dcroat.glif":"dcroat.glif","dieresis.glif":"dieresis.glif","divide.glif":"divide.glif","dollar.glif":"dollar.glif","dotaccent.glif":"dotaccent.glif","e.glif":"e.glif","eacute.glif":"eacute.glif","ecircumflex.glif":"ecircumflex.glif","edieresis.glif":"edieresis.glif","egrave.glif":"egrave.glif","eight.glif":"eight.glif","ellipsis.glif":"ellipsis.glif","equal.glif":"equal.glif","eth.glif":"eth.glif","exclam.glif":"exclam.glif","exclamdown.glif":"exclamdown.glif","f.glif":"f.glif","female.glif":"female.glif","five.glif":"five.glif","florin.glif":"florin.glif","four.glif":"four.glif","g.glif":"g.glif","germandbls.glif":"germandbls.glif","grave.glif":"grave.glif","greater.glif":"greater.glif","guillemotleft.glif":"guillemotleft.glif","guillemotright.glif":"guillemotright.glif","guilsinglleft.glif":"guilsinglleft.glif","guilsinglright.glif":"guilsinglright.glif","h.glif":"h.glif","hyphen.glif":"hyphen.glif","i.glif":"i.glif","iacute.glif":"iacute.glif","icircumflex.glif":"icircumflex.glif","idieresis.glif":"idieresis.glif","igrave.glif":"igrave.glif","invsmileface.glif":"invsmileface.glif","j.glif":"j.glif","jcircumflex.glif":"jcircumflex.glif","k.glif":"k.glif","l.glif":"l.glif","less.glif":"less.glif","logicalnot.glif":"logicalnot.glif","m.glif":"m.glif","mu.glif":"mu.glif","multiply.glif":"multiply.glif","n.glif":"n.glif","nacute.glif":"nacute.glif","nine.glif":"nine.glif","nonbreakingspace.glif":"nonbreakingspace.glif","nonmarkingreturn.glif":"nonmarkingreturn.glif","ntilde.glif":"ntilde.glif","numbersign.glif":"numbersign.glif","o.glif":"o.glif","oacute.glif":"oacute.glif","ocircumflex.glif":"ocircumflex.glif","odieresis.glif":"odieresis.glif","oe.glif":"oe.glif","ograve.glif":"ograve.glif","one.glif":"one.glif","onehalf.glif":"onehalf.glif","onequarter.glif":"onequarter.glif","onesuperior.glif":"onesuperior.glif","ordfeminine.glif":"ordfeminine.glif","ordmasculine.glif":"ordmasculine.glif","oslash.glif":"oslash.glif","otilde.glif":"otilde.glif","p.glif":"p.glif","paragraph.glif":"paragraph.glif","parenleft.glif":"parenleft.glif","parenright.glif":"parenright.glif","percent.glif":"percent.glif","period.glif":"period.glif","periodcentered.glif":"periodcentered.glif","perthousand.glif":"perthousand.glif","plus.glif":"plus.glif","plusminus.glif":"plusminus.glif","q.glif":"q.glif","question.glif":"question.glif","questiondown.glif":"questiondown.glif","quotedbl.glif":"quotedbl.glif","quotedblbase.glif":"quotedblbase.glif","quotedblleft.glif":"quotedblleft.glif","quotedblright.glif":"quotedblright.glif","quoteleft.glif":"quoteleft.glif","quoteright.glif":"quoteright.glif","quotesinglbase.glif":"quotesinglbase.glif","quotesingle.glif":"quotesingle.glif","r.glif":"r.glif","registered.glif":"registered.glif","s.glif":"s.glif","sacute.glif":"sacute.glif","scaron.glif":"scaron.glif","scircumflex.glif":"scircumflex.glif","section.glif":"section.glif","semicolon.glif":"semicolon.glif","seven.glif":"seven.glif","six.glif":"six.glif","slash.glif":"slash.glif","smileface.glif":"smileface.glif","space.glif":"space.glif","sterling.glif":"sterling.glif","t.glif":"t.glif","thorn.glif":"thorn.glif","three.glif":"three.glif","threequarters.glif":"threequarters.glif","threesuperior.glif":"threesuperior.glif","tilde.glif":"tilde.glif","trademark.glif":"trademark.glif","two.glif":"two.glif","twosuperior.glif":"twosuperior.glif","u.glif":"u.glif","uacute.glif":"uacute.glif","ucircumflex.glif":"ucircumflex.glif","udieresis.glif":"udieresis.glif","ugrave.glif":"ugrave.glif","underscore.glif":"underscore.glif","v.glif":"v.glif","w.glif":"w.glif","x.glif":"x.glif","y.glif":"y.glif","yacute.glif":"yacute.glif","ydieresis.glif":"ydieresis.glif","yen.glif":"yen.glif","z.glif":"z.glif","zero.glif":"zero.glif"}},"Table":{"FFTM":{"entryLength":16,"tag":"FFTM","checksum":3426591440,"offset":39480,"length":28},"GDEF":{"entryLength":16,"tag":"GDEF","checksum":29097988,"offset":38216,"length":32},"GPOS":{"entryLength":16,"tag":"GPOS","checksum":3897377198,"offset":38296,"length":1184},"GSUB":{"entryLength":16,"tag":"GSUB","checksum":3103766782,"offset":38248,"length":48},"OS\/2":{"entryLength":16,"tag":"OS\/2","checksum":1456194445,"offset":408,"length":96},"cmap":{"entryLength":16,"tag":"cmap","checksum":2534880774,"offset":2092,"length":1502},"cvt ":{"entryLength":16,"tag":"cvt ","checksum":3226364764,"offset":3672,"length":16},"fpgm":{"entryLength":16,"tag":"fpgm","checksum":2972910211,"offset":3596,"length":72},"glyf":{"entryLength":16,"tag":"glyf","checksum":2511564107,"offset":4488,"length":31356},"head":{"entryLength":16,"tag":"head","checksum":142365263,"offset":284,"length":54},"hhea":{"entryLength":16,"tag":"hhea","checksum":125568202,"offset":340,"length":36},"hmtx":{"entryLength":16,"tag":"hmtx","checksum":2806383629,"offset":504,"length":1588},"loca":{"entryLength":16,"tag":"loca","checksum":3089486652,"offset":3688,"length":800},"maxp":{"entryLength":16,"tag":"maxp","checksum":266143023,"offset":376,"length":32},"name":{"entryLength":16,"tag":"name","checksum":3457592315,"offset":35844,"length":513},"post":{"entryLength":16,"tag":"post","checksum":4061659575,"offset":36360,"length":1855},"prep":{"entryLength":16,"tag":"prep","checksum":3087138693,"offset":3668,"length":4}},"UnicodeCharMap":{"32":3,"33":4,"34":5,"35":6,"36":7,"37":8,"38":9,"39":10,"40":11,"41":12,"42":13,"43":14,"44":15,"45":16,"46":17,"47":18,"48":19,"49":20,"50":21,"51":22,"52":23,"53":24,"54":25,"55":26,"56":27,"57":28,"58":29,"59":30,"60":31,"61":32,"62":33,"63":34,"64":35,"65":36,"66":37,"67":38,"68":39,"69":40,"70":41,"71":42,"72":43,"73":44,"74":45,"75":46,"76":47,"77":48,"78":49,"79":50,"80":51,"81":52,"82":53,"83":54,"84":55,"85":56,"86":57,"87":58,"88":59,"89":60,"90":61,"91":62,"92":63,"93":64,"94":65,"95":66,"96":67,"97":68,"98":69,"99":70,"100":71,"101":72,"102":73,"103":74,"104":75,"105":76,"106":77,"107":78,"108":79,"109":80,"110":81,"111":82,"112":83,"113":84,"114":85,"115":86,"116":87,"117":88,"118":89,"119":90,"120":91,"121":92,"122":93,"123":94,"124":95,"125":96,"126":97,"160":3,"161":98,"162":99,"163":100,"164":101,"165":102,"166":103,"167":104,"168":105,"169":106,"170":107,"171":108,"172":109,"173":110,"174":111,"175":112,"176":113,"177":114,"178":115,"179":116,"180":117,"181":118,"182":119,"183":120,"184":121,"185":122,"186":123,"187":124,"188":125,"189":126,"190":127,"191":128,"192":129,"193":130,"194":131,"195":132,"196":133,"197":134,"198":135,"199":136,"200":137,"201":138,"202":139,"203":140,"204":141,"205":142,"206":143,"207":144,"208":145,"209":146,"210":147,"211":148,"212":149,"213":150,"214":151,"215":152,"216":153,"217":154,"218":155,"219":156,"220":157,"221":158,"222":159,"223":160,"224":161,"225":162,"226":163,"227":164,"228":165,"229":166,"230":167,"231":168,"232":169,"233":170,"234":171,"235":172,"236":173,"237":174,"238":175,"239":176,"240":177,"241":178,"242":179,"243":180,"244":181,"245":182,"246":183,"247":184,"248":185,"249":186,"250":187,"251":188,"252":189,"253":190,"254":191,"255":192,"258":193,"259":194,"260":195,"261":196,"262":197,"263":198,"268":199,"269":200,"270":201,"271":202,"272":203,"273":204,"280":205,"281":206,"282":207,"283":208,"286":209,"287":210,"304":211,"305":212,"313":213,"314":214,"317":215,"318":216,"319":217,"320":218,"321":219,"322":220,"323":221,"324":222,"327":223,"328":224,"336":225,"337":226,"338":227,"339":228,"340":229,"341":230,"344":231,"345":232,"346":233,"347":234,"350":235,"351":236,"352":237,"353":238,"354":239,"355":240,"356":241,"357":242,"366":243,"367":244,"368":245,"369":246,"376":247,"377":248,"378":249,"379":250,"380":251,"381":252,"382":253,"402":254,"698":255,"710":256,"711":257,"713":258,"728":259,"729":260,"730":261,"731":262,"732":263,"915":264,"920":265,"931":266,"934":267,"937":268,"945":269,"948":270,"949":271,"960":272,"963":273,"964":274,"966":275,"8211":276,"8212":277,"8215":278,"8216":279,"8217":280,"8218":281,"8220":282,"8221":283,"8222":284,"8224":285,"8225":286,"8226":287,"8230":288,"8240":289,"8249":290,"8250":291,"8252":292,"8319":293,"8355":294,"8359":295,"8482":296,"8592":297,"8593":298,"8594":299,"8595":300,"8596":301,"8597":302,"8616":303,"8706":304,"8710":305,"8719":306,"8722":307,"8725":308,"8729":309,"8730":310,"8734":311,"8735":312,"8745":313,"8747":314,"8776":315,"8800":316,"8801":317,"8804":318,"8805":319,"8962":320,"8976":321,"8992":322,"8993":323,"9472":324,"9474":325,"9484":326,"9488":327,"9492":328,"9496":329,"9500":330,"9508":331,"9516":332,"9524":333,"9532":334,"9552":335,"9553":336,"9554":337,"9555":338,"9556":339,"9557":340,"9558":341,"9559":342,"9560":343,"9561":344,"9562":345,"9563":346,"9564":347,"9565":348,"9566":349,"9567":350,"9568":351,"9569":352,"9570":353,"9571":354,"9572":355,"9573":356,"9574":357,"9575":358,"9576":359,"9577":360,"9578":361,"9579":362,"9580":363,"9600":364,"9604":365,"9608":366,"9612":367,"9616":368,"9617":369,"9618":370,"9619":371,"9632":372,"9644":373,"9650":374,"9658":375,"9660":376,"9668":377,"9674":378,"9675":379,"9688":380,"9689":381,"9786":382,"9787":383,"9788":384,"9792":385,"9794":386,"9824":387,"9827":388,"9829":389,"9830":390,"9834":391,"9835":392,"61440":393,"61441":394,"61442":395},"Reserves":{"fontname":"Arctic2"},"Names":{"Arctic2":{"name":"Arctic2","longitude":null,"latitude":null,"country":"","region":"","city":""}},"Nodes":{"ar":{"type":"typal","node":"ar","usage":1,"weight":1},"c2":{"type":"typal","node":"c2","usage":1,"weight":1},"arc":{"type":"typal","node":"arc","usage":1,"weight":1},"ic2":{"type":"typal","node":"ic2","usage":1,"weight":1},"arct":{"type":"keys","node":"arct","usage":1,"weight":1},"tic2":{"type":"keys","node":"tic2","usage":1,"weight":1},"arcti":{"type":"keys","node":"arcti","usage":1,"weight":1},"ctic2":{"type":"keys","node":"ctic2","usage":1,"weight":1},"arctic2":{"type":"fixes","node":"arctic2","usage":1,"weight":1}},"Contributors":[],"FontIdentity":"a30560a519de909f30af8289b4b41e7a","Bytes":null,"Networking":[]}