{"CSS":{"AdHoc":"AdHoc.css"},"FontType":"TrueType","FontCopyright":"(c) 1992 Franko Luin | Omnibus Typografi | Box 135 | S-135 23 Tyres | www.omnibus.se | Rev. 1.2 \/2001","FontName":"AdHoc","FontSubfamily":"Medium","FontSubfamilyID":"FontForge 2.0 : AdHoc : 11-3-2016","FontFullName":"AdHoc","FontVersion":"Version 005.000 ","FontWeight":null,"FontPostscriptName":"AdHoc","Files":null,"Table":{"FFTM":{"entryLength":16,"tag":"FFTM","checksum":1916550596,"offset":49176,"length":28},"GDEF":{"entryLength":16,"tag":"GDEF","checksum":17629190,"offset":49144,"length":32},"OS\/2":{"entryLength":16,"tag":"OS\/2","checksum":1461984087,"offset":344,"length":86},"cmap":{"entryLength":16,"tag":"cmap","checksum":2768739568,"offset":1328,"length":948},"gasp":{"entryLength":16,"tag":"gasp","checksum":4294901763,"offset":49136,"length":8},"glyf":{"entryLength":16,"tag":"glyf","checksum":1926906232,"offset":2728,"length":45204},"head":{"entryLength":16,"tag":"head","checksum":136548619,"offset":220,"length":54},"hhea":{"entryLength":16,"tag":"hhea","checksum":115278692,"offset":276,"length":36},"hmtx":{"entryLength":16,"tag":"hmtx","checksum":2713458455,"offset":432,"length":896},"loca":{"entryLength":16,"tag":"loca","checksum":2090684450,"offset":2276,"length":450},"maxp":{"entryLength":16,"tag":"maxp","checksum":19464366,"offset":312,"length":32},"name":{"entryLength":16,"tag":"name","checksum":4228458395,"offset":47932,"length":708},"post":{"entryLength":16,"tag":"post","checksum":2042659179,"offset":48640,"length":495}},"UnicodeCharMap":{"32":3,"33":4,"34":5,"35":6,"36":7,"37":8,"38":9,"39":103,"40":11,"41":12,"42":13,"43":14,"44":15,"45":16,"46":17,"47":18,"48":19,"49":20,"50":21,"51":22,"52":23,"53":24,"54":25,"55":26,"56":27,"57":28,"58":29,"59":30,"60":31,"61":32,"62":33,"63":34,"64":35,"65":36,"66":37,"67":38,"68":39,"69":40,"70":41,"71":42,"72":43,"73":44,"74":45,"75":46,"76":47,"77":48,"78":49,"79":50,"80":51,"81":52,"82":53,"83":54,"84":55,"85":56,"86":57,"87":58,"88":59,"89":60,"90":61,"91":62,"92":63,"93":64,"95":65,"96":121,"97":67,"98":68,"99":69,"100":70,"101":71,"102":72,"103":73,"104":74,"105":75,"106":76,"107":77,"108":78,"109":79,"110":80,"111":81,"112":82,"113":83,"114":84,"115":85,"116":86,"117":87,"118":88,"119":89,"120":90,"121":91,"122":92,"123":93,"124":94,"125":95,"160":151,"161":96,"162":97,"163":98,"164":102,"165":100,"166":152,"167":101,"168":128,"169":153,"170":136,"171":105,"174":155,"175":125,"176":156,"178":157,"179":158,"180":122,"182":112,"183":111,"184":130,"185":159,"186":140,"187":117,"188":160,"189":161,"190":162,"191":120,"192":163,"193":164,"194":165,"195":166,"196":167,"197":168,"198":135,"199":169,"200":170,"201":171,"202":172,"203":173,"204":174,"205":175,"206":176,"207":177,"208":178,"209":179,"210":180,"211":181,"212":182,"213":183,"214":184,"215":185,"216":138,"217":186,"218":187,"219":188,"220":189,"221":190,"222":191,"223":146,"224":192,"225":193,"226":194,"227":195,"228":196,"229":197,"230":141,"231":198,"232":199,"233":200,"234":201,"235":202,"236":203,"237":204,"238":205,"239":206,"240":207,"241":208,"242":209,"243":210,"244":211,"245":212,"246":213,"248":144,"249":214,"250":215,"251":216,"252":217,"253":218,"254":219,"255":220,"305":142,"321":137,"322":143,"338":139,"339":145,"352":148,"353":149,"376":150,"381":221,"382":222,"710":123,"711":133,"728":126,"729":127,"730":129,"731":132,"732":124,"733":131,"8211":110,"8212":134,"8216":66,"8217":10,"8218":114,"8220":104,"8221":116,"8222":115,"8226":113,"8230":118,"8240":119,"8249":106,"8250":107,"8260":99,"8364":147,"8722":154,"64257":108,"64258":109},"Reserves":{"fontname":"AdHoc"},"Names":{"AdHoc":{"name":"AdHoc","longitude":null,"latitude":null,"country":"","region":"","city":""}},"Nodes":{"ad":{"type":"typal","node":"ad","usage":1,"weight":1},"oc":{"type":"typal","node":"oc","usage":1,"weight":1},"adh":{"type":"typal","node":"adh","usage":1,"weight":1},"hoc":{"type":"typal","node":"hoc","usage":1,"weight":1},"adho":{"type":"keys","node":"adho","usage":1,"weight":1},"dhoc":{"type":"keys","node":"dhoc","usage":1,"weight":1},"adhoc":{"type":"fixes","node":"adhoc","usage":1,"weight":1}},"Contributors":[],"FontIdentity":"e9f52601f0191d556a306680be46b21a","Bytes":null,"Networking":[]}