{"CSS":{"Zed":"Zed.css"},"FontType":"TrueType","FontCopyright":"Copyright Richard Jones, 1993","FontName":"Zed","FontSubfamily":"Book","FontSubfamilyID":"FontForge 2.0 : Zed : 22-12-2016","FontFullName":"Zed","FontVersion":"Version Altsys Fontographer  ","FontWeight":null,"FontPostscriptName":"Zed","Files":{"zed.afm":"zed.afm","zed.bin":"zed.bin","zed.cef":"zed.cef","zed.cff":"zed.cff","zed.cid":"zed.cid","zed.dfont":"zed.dfont","zed.eot":"zed.eot","zed.fon":"zed.fon","zed.gai":"zed.gai","zed.gsf":"zed.gsf","zed.hqx":"zed.hqx","zed.ik":"zed.ik","zed.mf":"zed.mf","zed.otf":"zed.otf","zed.pcf":"zed.pcf","zed.pf3":"zed.pf3","zed.pfa":"zed.pfa","zed.pfb":"zed.pfb","zed.php":"zed.php","zed.pmf":"zed.pmf","zed.pt3":"zed.pt3","zed.sfd":"zed.sfd","zed.svg":"zed.svg","zed.t42":"zed.t42","zed.ttd":"zed.ttd","zed.ttf":"zed.ttf","zed.ttg":"zed.ttg","zed.ufm":"zed.ufm","zed.woff":"zed.woff","zed.z":"zed.z","":{"zed.afm":"zed.afm","zed.bin":"zed.bin","zed.cef":"zed.cef","zed.cff":"zed.cff","zed.cid":"zed.cid","zed.dfont":"zed.dfont","zed.eot":"zed.eot","zed.fon":"zed.fon","zed.gai":"zed.gai","zed.gsf":"zed.gsf","zed.hqx":"zed.hqx","zed.ik":"zed.ik","zed.mf":"zed.mf","zed.otf":"zed.otf","zed.pcf":"zed.pcf","zed.pf3":"zed.pf3","zed.pfa":"zed.pfa","zed.pfb":"zed.pfb","zed.php":"zed.php","zed.pmf":"zed.pmf","zed.pt3":"zed.pt3","zed.sfd":"zed.sfd","zed.svg":"zed.svg","zed.t42":"zed.t42","zed.ttd":"zed.ttd","zed.ttf":"zed.ttf","zed.ttg":"zed.ttg","zed.ufm":"zed.ufm","zed.woff":"zed.woff","zed.z":"zed.z"},"\/zed.ufo":{"feature.fea":"feature.fea","fontinfo.plist":"fontinfo.plist","groups.plist":"groups.plist","kerning.plist":"kerning.plist","metainfo.plist":"metainfo.plist"},"\/zed.ufo\/glyphs":{"A_.glif":"A_.glif","A_E_.glif":"A_E_.glif","A_acute.glif":"A_acute.glif","A_circumflex.glif":"A_circumflex.glif","A_ring.glif":"A_ring.glif","B_.glif":"B_.glif","C_cedilla.glif":"C_cedilla.glif","D_.glif":"D_.glif","D_elta.glif":"D_elta.glif","E_.glif":"E_.glif","E_acute.glif":"E_acute.glif","E_dieresis.glif":"E_dieresis.glif","E_grave.glif":"E_grave.glif","F_.glif":"F_.glif","G_.glif":"G_.glif","H_.glif":"H_.glif","I_.glif":"I_.glif","I_acute.glif":"I_acute.glif","I_circumflex.glif":"I_circumflex.glif","I_dieresis.glif":"I_dieresis.glif","J_.glif":"J_.glif","K_.glif":"K_.glif","L_.glif":"L_.glif","L_slash.glif":"L_slash.glif","N_.glif":"N_.glif","O_grave.glif":"O_grave.glif","O_mega.glif":"O_mega.glif","P_.glif":"P_.glif","Q_.glif":"Q_.glif","R_.glif":"R_.glif","S_.glif":"S_.glif","S_caron.glif":"S_caron.glif","T_.glif":"T_.glif","U_.glif":"U_.glif","U_acute.glif":"U_acute.glif","U_dieresis.glif":"U_dieresis.glif","W_.glif":"W_.glif","X_.glif":"X_.glif","Y_.glif":"Y_.glif","Z_.glif":"Z_.glif","_notdef.glif":"_notdef.glif","_null.glif":"_null.glif","a.glif":"a.glif","aacute.glif":"aacute.glif","acute.glif":"acute.glif","ae.glif":"ae.glif","agrave.glif":"agrave.glif","ampersand.glif":"ampersand.glif","approxequal.glif":"approxequal.glif","aring.glif":"aring.glif","asciicircum.glif":"asciicircum.glif","asciitilde.glif":"asciitilde.glif","asterisk.glif":"asterisk.glif","b.glif":"b.glif","backslash.glif":"backslash.glif","bar.glif":"bar.glif","braceleft.glif":"braceleft.glif","braceright.glif":"braceright.glif","bracketleft.glif":"bracketleft.glif","bracketright.glif":"bracketright.glif","breve.glif":"breve.glif","bullet.glif":"bullet.glif","c.glif":"c.glif","ccedilla.glif":"ccedilla.glif","cent.glif":"cent.glif","circumflex.glif":"circumflex.glif","colon.glif":"colon.glif","comma.glif":"comma.glif","contents.plist":"contents.plist","copyright.glif":"copyright.glif","currency.glif":"currency.glif","d.glif":"d.glif","dagger.glif":"dagger.glif","degree.glif":"degree.glif","divide.glif":"divide.glif","dotaccent.glif":"dotaccent.glif","dotlessi.glif":"dotlessi.glif","e.glif":"e.glif","ellipsis.glif":"ellipsis.glif","endash.glif":"endash.glif","equal.glif":"equal.glif","exclam.glif":"exclam.glif","f.glif":"f.glif","fi.glif":"fi.glif","fl.glif":"fl.glif","florin.glif":"florin.glif","g.glif":"g.glif","germandbls.glif":"germandbls.glif","glyph159.glif":"glyph159.glif","greater.glif":"greater.glif","greaterequal.glif":"greaterequal.glif","guillemotleft.glif":"guillemotleft.glif","guillemotright.glif":"guillemotright.glif","guilsinglleft.glif":"guilsinglleft.glif","guilsinglright.glif":"guilsinglright.glif","h.glif":"h.glif","hyphen.glif":"hyphen.glif","i.glif":"i.glif","infinity.glif":"infinity.glif","integral.glif":"integral.glif","j.glif":"j.glif","k.glif":"k.glif","l.glif":"l.glif","less.glif":"less.glif","logicalnot.glif":"logicalnot.glif","lozenge.glif":"lozenge.glif","lslash.glif":"lslash.glif","m.glif":"m.glif","macron.glif":"macron.glif","mu.glif":"mu.glif","n.glif":"n.glif","nonbreakingspace.glif":"nonbreakingspace.glif","nonmarkingreturn.glif":"nonmarkingreturn.glif","notequal.glif":"notequal.glif","numbersign.glif":"numbersign.glif","o.glif":"o.glif","oe.glif":"oe.glif","ordfeminine.glif":"ordfeminine.glif","ordmasculine.glif":"ordmasculine.glif","p.glif":"p.glif","paragraph.glif":"paragraph.glif","parenleft.glif":"parenleft.glif","parenright.glif":"parenright.glif","partialdiff.glif":"partialdiff.glif","period.glif":"period.glif","periodcentered.glif":"periodcentered.glif","perthousand.glif":"perthousand.glif","pi.glif":"pi.glif","plus.glif":"plus.glif","plusminus.glif":"plusminus.glif","q.glif":"q.glif","quotedbl.glif":"quotedbl.glif","quotedblbase.glif":"quotedblbase.glif","quotedblleft.glif":"quotedblleft.glif","quotedblright.glif":"quotedblright.glif","quoteleft.glif":"quoteleft.glif","quoteright.glif":"quoteright.glif","quotesinglbase.glif":"quotesinglbase.glif","quotesingle.glif":"quotesingle.glif","r.glif":"r.glif","registered.glif":"registered.glif","ring.glif":"ring.glif","s.glif":"s.glif","scaron.glif":"scaron.glif","section.glif":"section.glif","semicolon.glif":"semicolon.glif","slash.glif":"slash.glif","space.glif":"space.glif","summation.glif":"summation.glif","t.glif":"t.glif","trademark.glif":"trademark.glif","u.glif":"u.glif","underscore.glif":"underscore.glif","v.glif":"v.glif","w.glif":"w.glif","x.glif":"x.glif","y.glif":"y.glif","ydieresis.glif":"ydieresis.glif","yen.glif":"yen.glif","z.glif":"z.glif","zero.glif":"zero.glif"}},"Font":{"uploaded":1482373867.3366,"licence":"gpl3","company":"Chronolabs Cooperative","title":"Zed","version":2.001,"date":"Fri Oct 14 23:27:18 2016","creator":"root","type":"1","matrix":"0.001 0 0 0.001 0 0","named":"Zed","painttype":"0","info":"10 dict dup","name":"Zed","family":"Zed","weight":"Book","fstype":"1","italicangle":"0","underlineposition":"","underlinethickness":""},"Table":{"FFTM":{"entryLength":16,"tag":"FFTM","checksum":1955242524,"offset":15224,"length":28},"GDEF":{"entryLength":16,"tag":"GDEF","checksum":13434884,"offset":15192,"length":32},"OS\/2":{"entryLength":16,"tag":"OS\/2","checksum":2011110164,"offset":344,"length":86},"cmap":{"entryLength":16,"tag":"cmap","checksum":302634296,"offset":1072,"length":818},"gasp":{"entryLength":16,"tag":"gasp","checksum":4294901763,"offset":15184,"length":8},"glyf":{"entryLength":16,"tag":"glyf","checksum":868008873,"offset":2216,"length":12100},"head":{"entryLength":16,"tag":"head","checksum":207165892,"offset":220,"length":54},"hhea":{"entryLength":16,"tag":"hhea","checksum":136971103,"offset":276,"length":36},"hmtx":{"entryLength":16,"tag":"hmtx","checksum":1819679035,"offset":432,"length":640},"loca":{"entryLength":16,"tag":"loca","checksum":3390815660,"offset":1892,"length":322},"maxp":{"entryLength":16,"tag":"maxp","checksum":15204445,"offset":312,"length":32},"name":{"entryLength":16,"tag":"name","checksum":398787818,"offset":14316,"length":504},"post":{"entryLength":16,"tag":"post","checksum":3231569095,"offset":14820,"length":363}},"UnicodeCharMap":{"0":1,"13":2,"32":3,"33":4,"34":5,"35":6,"38":7,"39":8,"40":9,"41":10,"42":11,"43":12,"44":13,"45":14,"46":15,"47":16,"48":17,"58":18,"59":19,"60":20,"61":21,"62":22,"65":23,"66":24,"68":25,"69":26,"70":27,"71":28,"72":29,"73":30,"74":31,"75":32,"76":33,"78":34,"80":35,"81":36,"82":37,"83":38,"84":39,"85":40,"87":41,"88":42,"89":43,"90":44,"91":45,"92":46,"93":47,"94":48,"95":49,"97":50,"98":51,"99":52,"100":53,"101":54,"102":55,"103":56,"104":57,"105":58,"106":59,"107":60,"108":61,"109":62,"110":63,"111":64,"112":65,"113":66,"114":67,"115":68,"116":69,"117":70,"118":71,"119":72,"120":73,"121":74,"122":75,"123":76,"124":77,"125":78,"126":79,"160":80,"162":81,"164":82,"165":83,"167":84,"169":85,"170":86,"171":87,"172":88,"174":89,"175":151,"176":90,"177":91,"180":92,"182":94,"183":145,"186":95,"187":96,"193":97,"194":98,"197":99,"198":100,"199":101,"200":102,"201":103,"203":104,"205":105,"206":106,"207":107,"210":108,"218":109,"220":110,"223":111,"224":112,"225":113,"229":114,"230":115,"231":116,"247":117,"255":118,"305":149,"321":155,"322":156,"339":134,"352":157,"353":158,"402":130,"710":150,"728":152,"729":153,"730":154,"916":132,"937":129,"956":93,"960":127,"8211":135,"8216":138,"8217":139,"8218":146,"8220":136,"8221":137,"8222":147,"8224":119,"8226":120,"8230":133,"8240":148,"8249":141,"8250":142,"8482":121,"8706":125,"8721":126,"8734":123,"8747":128,"8776":131,"8800":122,"8805":124,"9674":140,"64257":143,"64258":144},"Reserves":null,"Names":[],"Nodes":{"ze":{"type":"typal","node":"ze","usage":1,"weight":1},"ed":{"type":"typal","node":"ed","usage":1,"weight":1},"zed":{"type":"fixes","node":"zed","usage":1,"weight":1}},"Contributors":[],"FontIdentity":"6149e98c44b5dc24039340a7a4a65806","Bytes":1647227,"Networking":[],"barcode":"wymwgwcciiy4e","referee":"uq7scqe"}