{"CSS":{"Zed":"buddha0:f4c9f0412eda6df6f4d23716.css"},"FontType":"TrueType","FontCopyright":"Copyright Richard Jones, 1993","FontName":"Zed","FontSubfamily":"Book","FontSubfamilyID":"FontForge 2.0 : Zed : 17-10-2016","FontFullName":"Zed","FontVersion":"Version Altsys Fontographer  ","FontWeight":null,"FontPostscriptName":"Zed","Files":{"\/Zed.css":"\/Zed.css","\/font-resource.json":"\/font-resource.json","\/zed.afm":"\/zed.afm","\/zed.cef":"\/zed.cef","\/zed.cff":"\/zed.cff","\/zed.eot":"\/zed.eot","\/zed.gai":"\/zed.gai","\/zed.gsf":"\/zed.gsf","\/zed.otf":"\/zed.otf","\/zed.pf3":"\/zed.pf3","\/zed.pfa":"\/zed.pfa","\/zed.pfb":"\/zed.pfb","\/zed.php":"\/zed.php","\/zed.pt3":"\/zed.pt3","\/zed.sfd":"\/zed.sfd","\/zed.svg":"\/zed.svg","\/zed.t42":"\/zed.t42","\/zed.ttd":"\/zed.ttd","\/zed.ttf":"\/zed.ttf","\/zed.ttg":"\/zed.ttg","\/zed.ufm":"\/zed.ufm","\/zed.woff":"\/zed.woff","\/zed.z":"\/zed.z","\/zed.ufo\/feature.fea":"\/zed.ufo\/feature.fea","\/zed.ufo\/fontinfo.plist":"\/zed.ufo\/fontinfo.plist","\/zed.ufo\/groups.plist":"\/zed.ufo\/groups.plist","\/zed.ufo\/kerning.plist":"\/zed.ufo\/kerning.plist","\/zed.ufo\/metainfo.plist":"\/zed.ufo\/metainfo.plist","\/zed.ufo\/glyphs\/A_.glif":"\/zed.ufo\/glyphs\/A_.glif","\/zed.ufo\/glyphs\/A_E_.glif":"\/zed.ufo\/glyphs\/A_E_.glif","\/zed.ufo\/glyphs\/A_acute.glif":"\/zed.ufo\/glyphs\/A_acute.glif","\/zed.ufo\/glyphs\/A_circumflex.glif":"\/zed.ufo\/glyphs\/A_circumflex.glif","\/zed.ufo\/glyphs\/A_ring.glif":"\/zed.ufo\/glyphs\/A_ring.glif","\/zed.ufo\/glyphs\/B_.glif":"\/zed.ufo\/glyphs\/B_.glif","\/zed.ufo\/glyphs\/C_cedilla.glif":"\/zed.ufo\/glyphs\/C_cedilla.glif","\/zed.ufo\/glyphs\/D_.glif":"\/zed.ufo\/glyphs\/D_.glif","\/zed.ufo\/glyphs\/D_elta.glif":"\/zed.ufo\/glyphs\/D_elta.glif","\/zed.ufo\/glyphs\/E_.glif":"\/zed.ufo\/glyphs\/E_.glif","\/zed.ufo\/glyphs\/E_acute.glif":"\/zed.ufo\/glyphs\/E_acute.glif","\/zed.ufo\/glyphs\/E_dieresis.glif":"\/zed.ufo\/glyphs\/E_dieresis.glif","\/zed.ufo\/glyphs\/E_grave.glif":"\/zed.ufo\/glyphs\/E_grave.glif","\/zed.ufo\/glyphs\/F_.glif":"\/zed.ufo\/glyphs\/F_.glif","\/zed.ufo\/glyphs\/G_.glif":"\/zed.ufo\/glyphs\/G_.glif","\/zed.ufo\/glyphs\/H_.glif":"\/zed.ufo\/glyphs\/H_.glif","\/zed.ufo\/glyphs\/I_.glif":"\/zed.ufo\/glyphs\/I_.glif","\/zed.ufo\/glyphs\/I_acute.glif":"\/zed.ufo\/glyphs\/I_acute.glif","\/zed.ufo\/glyphs\/I_circumflex.glif":"\/zed.ufo\/glyphs\/I_circumflex.glif","\/zed.ufo\/glyphs\/I_dieresis.glif":"\/zed.ufo\/glyphs\/I_dieresis.glif","\/zed.ufo\/glyphs\/J_.glif":"\/zed.ufo\/glyphs\/J_.glif","\/zed.ufo\/glyphs\/K_.glif":"\/zed.ufo\/glyphs\/K_.glif","\/zed.ufo\/glyphs\/L_.glif":"\/zed.ufo\/glyphs\/L_.glif","\/zed.ufo\/glyphs\/L_slash.glif":"\/zed.ufo\/glyphs\/L_slash.glif","\/zed.ufo\/glyphs\/N_.glif":"\/zed.ufo\/glyphs\/N_.glif","\/zed.ufo\/glyphs\/O_grave.glif":"\/zed.ufo\/glyphs\/O_grave.glif","\/zed.ufo\/glyphs\/O_mega.glif":"\/zed.ufo\/glyphs\/O_mega.glif","\/zed.ufo\/glyphs\/P_.glif":"\/zed.ufo\/glyphs\/P_.glif","\/zed.ufo\/glyphs\/Q_.glif":"\/zed.ufo\/glyphs\/Q_.glif","\/zed.ufo\/glyphs\/R_.glif":"\/zed.ufo\/glyphs\/R_.glif","\/zed.ufo\/glyphs\/S_.glif":"\/zed.ufo\/glyphs\/S_.glif","\/zed.ufo\/glyphs\/S_caron.glif":"\/zed.ufo\/glyphs\/S_caron.glif","\/zed.ufo\/glyphs\/T_.glif":"\/zed.ufo\/glyphs\/T_.glif","\/zed.ufo\/glyphs\/U_.glif":"\/zed.ufo\/glyphs\/U_.glif","\/zed.ufo\/glyphs\/U_acute.glif":"\/zed.ufo\/glyphs\/U_acute.glif","\/zed.ufo\/glyphs\/U_dieresis.glif":"\/zed.ufo\/glyphs\/U_dieresis.glif","\/zed.ufo\/glyphs\/W_.glif":"\/zed.ufo\/glyphs\/W_.glif","\/zed.ufo\/glyphs\/X_.glif":"\/zed.ufo\/glyphs\/X_.glif","\/zed.ufo\/glyphs\/Y_.glif":"\/zed.ufo\/glyphs\/Y_.glif","\/zed.ufo\/glyphs\/Z_.glif":"\/zed.ufo\/glyphs\/Z_.glif","\/zed.ufo\/glyphs\/_notdef.glif":"\/zed.ufo\/glyphs\/_notdef.glif","\/zed.ufo\/glyphs\/_null.glif":"\/zed.ufo\/glyphs\/_null.glif","\/zed.ufo\/glyphs\/a.glif":"\/zed.ufo\/glyphs\/a.glif","\/zed.ufo\/glyphs\/aacute.glif":"\/zed.ufo\/glyphs\/aacute.glif","\/zed.ufo\/glyphs\/acute.glif":"\/zed.ufo\/glyphs\/acute.glif","\/zed.ufo\/glyphs\/ae.glif":"\/zed.ufo\/glyphs\/ae.glif","\/zed.ufo\/glyphs\/agrave.glif":"\/zed.ufo\/glyphs\/agrave.glif","\/zed.ufo\/glyphs\/ampersand.glif":"\/zed.ufo\/glyphs\/ampersand.glif","\/zed.ufo\/glyphs\/approxequal.glif":"\/zed.ufo\/glyphs\/approxequal.glif","\/zed.ufo\/glyphs\/aring.glif":"\/zed.ufo\/glyphs\/aring.glif","\/zed.ufo\/glyphs\/asciicircum.glif":"\/zed.ufo\/glyphs\/asciicircum.glif","\/zed.ufo\/glyphs\/asciitilde.glif":"\/zed.ufo\/glyphs\/asciitilde.glif","\/zed.ufo\/glyphs\/asterisk.glif":"\/zed.ufo\/glyphs\/asterisk.glif","\/zed.ufo\/glyphs\/b.glif":"\/zed.ufo\/glyphs\/b.glif","\/zed.ufo\/glyphs\/backslash.glif":"\/zed.ufo\/glyphs\/backslash.glif","\/zed.ufo\/glyphs\/bar.glif":"\/zed.ufo\/glyphs\/bar.glif","\/zed.ufo\/glyphs\/braceleft.glif":"\/zed.ufo\/glyphs\/braceleft.glif","\/zed.ufo\/glyphs\/braceright.glif":"\/zed.ufo\/glyphs\/braceright.glif","\/zed.ufo\/glyphs\/bracketleft.glif":"\/zed.ufo\/glyphs\/bracketleft.glif","\/zed.ufo\/glyphs\/bracketright.glif":"\/zed.ufo\/glyphs\/bracketright.glif","\/zed.ufo\/glyphs\/breve.glif":"\/zed.ufo\/glyphs\/breve.glif","\/zed.ufo\/glyphs\/bullet.glif":"\/zed.ufo\/glyphs\/bullet.glif","\/zed.ufo\/glyphs\/c.glif":"\/zed.ufo\/glyphs\/c.glif","\/zed.ufo\/glyphs\/ccedilla.glif":"\/zed.ufo\/glyphs\/ccedilla.glif","\/zed.ufo\/glyphs\/cent.glif":"\/zed.ufo\/glyphs\/cent.glif","\/zed.ufo\/glyphs\/circumflex.glif":"\/zed.ufo\/glyphs\/circumflex.glif","\/zed.ufo\/glyphs\/colon.glif":"\/zed.ufo\/glyphs\/colon.glif","\/zed.ufo\/glyphs\/comma.glif":"\/zed.ufo\/glyphs\/comma.glif","\/zed.ufo\/glyphs\/contents.plist":"\/zed.ufo\/glyphs\/contents.plist","\/zed.ufo\/glyphs\/copyright.glif":"\/zed.ufo\/glyphs\/copyright.glif","\/zed.ufo\/glyphs\/currency.glif":"\/zed.ufo\/glyphs\/currency.glif","\/zed.ufo\/glyphs\/d.glif":"\/zed.ufo\/glyphs\/d.glif","\/zed.ufo\/glyphs\/dagger.glif":"\/zed.ufo\/glyphs\/dagger.glif","\/zed.ufo\/glyphs\/degree.glif":"\/zed.ufo\/glyphs\/degree.glif","\/zed.ufo\/glyphs\/divide.glif":"\/zed.ufo\/glyphs\/divide.glif","\/zed.ufo\/glyphs\/dotaccent.glif":"\/zed.ufo\/glyphs\/dotaccent.glif","\/zed.ufo\/glyphs\/dotlessi.glif":"\/zed.ufo\/glyphs\/dotlessi.glif","\/zed.ufo\/glyphs\/e.glif":"\/zed.ufo\/glyphs\/e.glif","\/zed.ufo\/glyphs\/ellipsis.glif":"\/zed.ufo\/glyphs\/ellipsis.glif","\/zed.ufo\/glyphs\/endash.glif":"\/zed.ufo\/glyphs\/endash.glif","\/zed.ufo\/glyphs\/equal.glif":"\/zed.ufo\/glyphs\/equal.glif","\/zed.ufo\/glyphs\/exclam.glif":"\/zed.ufo\/glyphs\/exclam.glif","\/zed.ufo\/glyphs\/f.glif":"\/zed.ufo\/glyphs\/f.glif","\/zed.ufo\/glyphs\/fi.glif":"\/zed.ufo\/glyphs\/fi.glif","\/zed.ufo\/glyphs\/fl.glif":"\/zed.ufo\/glyphs\/fl.glif","\/zed.ufo\/glyphs\/florin.glif":"\/zed.ufo\/glyphs\/florin.glif","\/zed.ufo\/glyphs\/g.glif":"\/zed.ufo\/glyphs\/g.glif","\/zed.ufo\/glyphs\/germandbls.glif":"\/zed.ufo\/glyphs\/germandbls.glif","\/zed.ufo\/glyphs\/glyph159.glif":"\/zed.ufo\/glyphs\/glyph159.glif","\/zed.ufo\/glyphs\/greater.glif":"\/zed.ufo\/glyphs\/greater.glif","\/zed.ufo\/glyphs\/greaterequal.glif":"\/zed.ufo\/glyphs\/greaterequal.glif","\/zed.ufo\/glyphs\/guillemotleft.glif":"\/zed.ufo\/glyphs\/guillemotleft.glif","\/zed.ufo\/glyphs\/guillemotright.glif":"\/zed.ufo\/glyphs\/guillemotright.glif","\/zed.ufo\/glyphs\/guilsinglleft.glif":"\/zed.ufo\/glyphs\/guilsinglleft.glif","\/zed.ufo\/glyphs\/guilsinglright.glif":"\/zed.ufo\/glyphs\/guilsinglright.glif","\/zed.ufo\/glyphs\/h.glif":"\/zed.ufo\/glyphs\/h.glif","\/zed.ufo\/glyphs\/hyphen.glif":"\/zed.ufo\/glyphs\/hyphen.glif","\/zed.ufo\/glyphs\/i.glif":"\/zed.ufo\/glyphs\/i.glif","\/zed.ufo\/glyphs\/infinity.glif":"\/zed.ufo\/glyphs\/infinity.glif","\/zed.ufo\/glyphs\/integral.glif":"\/zed.ufo\/glyphs\/integral.glif","\/zed.ufo\/glyphs\/j.glif":"\/zed.ufo\/glyphs\/j.glif","\/zed.ufo\/glyphs\/k.glif":"\/zed.ufo\/glyphs\/k.glif","\/zed.ufo\/glyphs\/l.glif":"\/zed.ufo\/glyphs\/l.glif","\/zed.ufo\/glyphs\/less.glif":"\/zed.ufo\/glyphs\/less.glif","\/zed.ufo\/glyphs\/logicalnot.glif":"\/zed.ufo\/glyphs\/logicalnot.glif","\/zed.ufo\/glyphs\/lozenge.glif":"\/zed.ufo\/glyphs\/lozenge.glif","\/zed.ufo\/glyphs\/lslash.glif":"\/zed.ufo\/glyphs\/lslash.glif","\/zed.ufo\/glyphs\/m.glif":"\/zed.ufo\/glyphs\/m.glif","\/zed.ufo\/glyphs\/macron.glif":"\/zed.ufo\/glyphs\/macron.glif","\/zed.ufo\/glyphs\/mu.glif":"\/zed.ufo\/glyphs\/mu.glif","\/zed.ufo\/glyphs\/n.glif":"\/zed.ufo\/glyphs\/n.glif","\/zed.ufo\/glyphs\/nonbreakingspace.glif":"\/zed.ufo\/glyphs\/nonbreakingspace.glif","\/zed.ufo\/glyphs\/nonmarkingreturn.glif":"\/zed.ufo\/glyphs\/nonmarkingreturn.glif","\/zed.ufo\/glyphs\/notequal.glif":"\/zed.ufo\/glyphs\/notequal.glif","\/zed.ufo\/glyphs\/numbersign.glif":"\/zed.ufo\/glyphs\/numbersign.glif","\/zed.ufo\/glyphs\/o.glif":"\/zed.ufo\/glyphs\/o.glif","\/zed.ufo\/glyphs\/oe.glif":"\/zed.ufo\/glyphs\/oe.glif","\/zed.ufo\/glyphs\/ordfeminine.glif":"\/zed.ufo\/glyphs\/ordfeminine.glif","\/zed.ufo\/glyphs\/ordmasculine.glif":"\/zed.ufo\/glyphs\/ordmasculine.glif","\/zed.ufo\/glyphs\/p.glif":"\/zed.ufo\/glyphs\/p.glif","\/zed.ufo\/glyphs\/paragraph.glif":"\/zed.ufo\/glyphs\/paragraph.glif","\/zed.ufo\/glyphs\/parenleft.glif":"\/zed.ufo\/glyphs\/parenleft.glif","\/zed.ufo\/glyphs\/parenright.glif":"\/zed.ufo\/glyphs\/parenright.glif","\/zed.ufo\/glyphs\/partialdiff.glif":"\/zed.ufo\/glyphs\/partialdiff.glif","\/zed.ufo\/glyphs\/period.glif":"\/zed.ufo\/glyphs\/period.glif","\/zed.ufo\/glyphs\/periodcentered.glif":"\/zed.ufo\/glyphs\/periodcentered.glif","\/zed.ufo\/glyphs\/perthousand.glif":"\/zed.ufo\/glyphs\/perthousand.glif","\/zed.ufo\/glyphs\/pi.glif":"\/zed.ufo\/glyphs\/pi.glif","\/zed.ufo\/glyphs\/plus.glif":"\/zed.ufo\/glyphs\/plus.glif","\/zed.ufo\/glyphs\/plusminus.glif":"\/zed.ufo\/glyphs\/plusminus.glif","\/zed.ufo\/glyphs\/q.glif":"\/zed.ufo\/glyphs\/q.glif","\/zed.ufo\/glyphs\/quotedbl.glif":"\/zed.ufo\/glyphs\/quotedbl.glif","\/zed.ufo\/glyphs\/quotedblbase.glif":"\/zed.ufo\/glyphs\/quotedblbase.glif","\/zed.ufo\/glyphs\/quotedblleft.glif":"\/zed.ufo\/glyphs\/quotedblleft.glif","\/zed.ufo\/glyphs\/quotedblright.glif":"\/zed.ufo\/glyphs\/quotedblright.glif","\/zed.ufo\/glyphs\/quoteleft.glif":"\/zed.ufo\/glyphs\/quoteleft.glif","\/zed.ufo\/glyphs\/quoteright.glif":"\/zed.ufo\/glyphs\/quoteright.glif","\/zed.ufo\/glyphs\/quotesinglbase.glif":"\/zed.ufo\/glyphs\/quotesinglbase.glif","\/zed.ufo\/glyphs\/quotesingle.glif":"\/zed.ufo\/glyphs\/quotesingle.glif","\/zed.ufo\/glyphs\/r.glif":"\/zed.ufo\/glyphs\/r.glif","\/zed.ufo\/glyphs\/registered.glif":"\/zed.ufo\/glyphs\/registered.glif","\/zed.ufo\/glyphs\/ring.glif":"\/zed.ufo\/glyphs\/ring.glif","\/zed.ufo\/glyphs\/s.glif":"\/zed.ufo\/glyphs\/s.glif","\/zed.ufo\/glyphs\/scaron.glif":"\/zed.ufo\/glyphs\/scaron.glif","\/zed.ufo\/glyphs\/section.glif":"\/zed.ufo\/glyphs\/section.glif","\/zed.ufo\/glyphs\/semicolon.glif":"\/zed.ufo\/glyphs\/semicolon.glif","\/zed.ufo\/glyphs\/slash.glif":"\/zed.ufo\/glyphs\/slash.glif","\/zed.ufo\/glyphs\/space.glif":"\/zed.ufo\/glyphs\/space.glif","\/zed.ufo\/glyphs\/summation.glif":"\/zed.ufo\/glyphs\/summation.glif","\/zed.ufo\/glyphs\/t.glif":"\/zed.ufo\/glyphs\/t.glif","\/zed.ufo\/glyphs\/trademark.glif":"\/zed.ufo\/glyphs\/trademark.glif","\/zed.ufo\/glyphs\/u.glif":"\/zed.ufo\/glyphs\/u.glif","\/zed.ufo\/glyphs\/underscore.glif":"\/zed.ufo\/glyphs\/underscore.glif","\/zed.ufo\/glyphs\/v.glif":"\/zed.ufo\/glyphs\/v.glif","\/zed.ufo\/glyphs\/w.glif":"\/zed.ufo\/glyphs\/w.glif","\/zed.ufo\/glyphs\/x.glif":"\/zed.ufo\/glyphs\/x.glif","\/zed.ufo\/glyphs\/y.glif":"\/zed.ufo\/glyphs\/y.glif","\/zed.ufo\/glyphs\/ydieresis.glif":"\/zed.ufo\/glyphs\/ydieresis.glif","\/zed.ufo\/glyphs\/yen.glif":"\/zed.ufo\/glyphs\/yen.glif","\/zed.ufo\/glyphs\/z.glif":"\/zed.ufo\/glyphs\/z.glif","\/zed.ufo\/glyphs\/zero.glif":"\/zed.ufo\/glyphs\/zero.glif"},"Font":{"uploaded":1477118661.9242,"licence":"gpl3","company":"Chronolabs Cooperative","title":"Zed","version":3.002,"date":"Fri Oct 14 23:27:18 2016","creator":"root","type":"1","matrix":"0.001 0 0 0.001 0 0","named":"Zed","painttype":"0","info":"10 dict dup","name":"Zed","family":"Zed","weight":"Book","fstype":"1","italicangle":"0","underlineposition":"","underlinethickness":""},"Licences":{"":false},"Table":{"FFTM":{"entryLength":16,"tag":"FFTM","checksum":1955350524,"offset":15224,"length":28},"GDEF":{"entryLength":16,"tag":"GDEF","checksum":13434884,"offset":15192,"length":32},"OS\/2":{"entryLength":16,"tag":"OS\/2","checksum":2011110164,"offset":344,"length":86},"cmap":{"entryLength":16,"tag":"cmap","checksum":302634296,"offset":1072,"length":818},"gasp":{"entryLength":16,"tag":"gasp","checksum":4294901763,"offset":15184,"length":8},"glyf":{"entryLength":16,"tag":"glyf","checksum":868008873,"offset":2216,"length":12100},"head":{"entryLength":16,"tag":"head","checksum":195931310,"offset":220,"length":54},"hhea":{"entryLength":16,"tag":"hhea","checksum":136971103,"offset":276,"length":36},"hmtx":{"entryLength":16,"tag":"hmtx","checksum":1819679035,"offset":432,"length":640},"loca":{"entryLength":16,"tag":"loca","checksum":3390815660,"offset":1892,"length":322},"maxp":{"entryLength":16,"tag":"maxp","checksum":15204445,"offset":312,"length":32},"name":{"entryLength":16,"tag":"name","checksum":432343527,"offset":14316,"length":504},"post":{"entryLength":16,"tag":"post","checksum":3231569095,"offset":14820,"length":363}},"UnicodeCharMap":{"0":1,"13":2,"32":3,"33":4,"34":5,"35":6,"38":7,"39":8,"40":9,"41":10,"42":11,"43":12,"44":13,"45":14,"46":15,"47":16,"48":17,"58":18,"59":19,"60":20,"61":21,"62":22,"65":23,"66":24,"68":25,"69":26,"70":27,"71":28,"72":29,"73":30,"74":31,"75":32,"76":33,"78":34,"80":35,"81":36,"82":37,"83":38,"84":39,"85":40,"87":41,"88":42,"89":43,"90":44,"91":45,"92":46,"93":47,"94":48,"95":49,"97":50,"98":51,"99":52,"100":53,"101":54,"102":55,"103":56,"104":57,"105":58,"106":59,"107":60,"108":61,"109":62,"110":63,"111":64,"112":65,"113":66,"114":67,"115":68,"116":69,"117":70,"118":71,"119":72,"120":73,"121":74,"122":75,"123":76,"124":77,"125":78,"126":79,"160":80,"162":81,"164":82,"165":83,"167":84,"169":85,"170":86,"171":87,"172":88,"174":89,"175":151,"176":90,"177":91,"180":92,"182":94,"183":145,"186":95,"187":96,"193":97,"194":98,"197":99,"198":100,"199":101,"200":102,"201":103,"203":104,"205":105,"206":106,"207":107,"210":108,"218":109,"220":110,"223":111,"224":112,"225":113,"229":114,"230":115,"231":116,"247":117,"255":118,"305":149,"321":155,"322":156,"339":134,"352":157,"353":158,"402":130,"710":150,"728":152,"729":153,"730":154,"916":132,"937":129,"956":93,"960":127,"8211":135,"8216":138,"8217":139,"8218":146,"8220":136,"8221":137,"8222":147,"8224":119,"8226":120,"8230":133,"8240":148,"8249":141,"8250":142,"8482":121,"8706":125,"8721":126,"8734":123,"8747":128,"8776":131,"8800":122,"8805":124,"9674":140,"64257":143,"64258":144},"Reserves":{"fontname":"Zed"},"Names":{"Zed":{"name":"Zed","longitude":"0.00000001","latitude":"0.00000001","country":"","region":"","city":""}},"Nodes":{"ze":{"type":"typal","node":"ze","usage":1,"weight":1},"ed":{"type":"typal","node":"ed","usage":1,"weight":1},"zed":{"type":"fixes","node":"zed","usage":1,"weight":1}},"Contributors":[],"FontIdentity":"buddha0:f4c9f0412eda6df6f4d23716","Bytes":null,"Networking":[],"barcode":"smaqcs5koo5ci","referee":"yscmyo"}