{"CSS":{"NeutraText-BoldAlt":"NeutraText-BoldAlt.css"},"FontType":"TrueType","FontCopyright":"(C)2002 House Industries\/Brand Design Co. Inc.","FontName":"Neutra Text Alt","FontSubfamily":"BoldAlt","FontSubfamilyID":"FontForge 2.0 : NeutraText-BoldAlt : 16-8-2016","FontFullName":"Neutra Text Bold Alt","FontVersion":"Version 001.001 ","FontWeight":null,"FontPostscriptName":"NeutraText-BoldAlt","Files":{"\/fonts\/Unpacking\/9e874922f3092d27ef447cc2f18d212b132f8bf3\/LICENCE":"\/fonts\/Unpacking\/9e874922f3092d27ef447cc2f18d212b132f8bf3\/LICENCE","\/fonts\/Unpacking\/9e874922f3092d27ef447cc2f18d212b132f8bf3\/neutratext-boldalt.afm":"\/fonts\/Unpacking\/9e874922f3092d27ef447cc2f18d212b132f8bf3\/neutratext-boldalt.afm","\/fonts\/Unpacking\/9e874922f3092d27ef447cc2f18d212b132f8bf3\/neutratext-boldalt.bin":"\/fonts\/Unpacking\/9e874922f3092d27ef447cc2f18d212b132f8bf3\/neutratext-boldalt.bin","\/fonts\/Unpacking\/9e874922f3092d27ef447cc2f18d212b132f8bf3\/neutratext-boldalt.cef":"\/fonts\/Unpacking\/9e874922f3092d27ef447cc2f18d212b132f8bf3\/neutratext-boldalt.cef","\/fonts\/Unpacking\/9e874922f3092d27ef447cc2f18d212b132f8bf3\/neutratext-boldalt.cff":"\/fonts\/Unpacking\/9e874922f3092d27ef447cc2f18d212b132f8bf3\/neutratext-boldalt.cff","\/fonts\/Unpacking\/9e874922f3092d27ef447cc2f18d212b132f8bf3\/neutratext-boldalt.cid":"\/fonts\/Unpacking\/9e874922f3092d27ef447cc2f18d212b132f8bf3\/neutratext-boldalt.cid","\/fonts\/Unpacking\/9e874922f3092d27ef447cc2f18d212b132f8bf3\/neutratext-boldalt.dfont":"\/fonts\/Unpacking\/9e874922f3092d27ef447cc2f18d212b132f8bf3\/neutratext-boldalt.dfont","\/fonts\/Unpacking\/9e874922f3092d27ef447cc2f18d212b132f8bf3\/neutratext-boldalt.eot":"\/fonts\/Unpacking\/9e874922f3092d27ef447cc2f18d212b132f8bf3\/neutratext-boldalt.eot","\/fonts\/Unpacking\/9e874922f3092d27ef447cc2f18d212b132f8bf3\/neutratext-boldalt.fon":"\/fonts\/Unpacking\/9e874922f3092d27ef447cc2f18d212b132f8bf3\/neutratext-boldalt.fon","\/fonts\/Unpacking\/9e874922f3092d27ef447cc2f18d212b132f8bf3\/neutratext-boldalt.gai":"\/fonts\/Unpacking\/9e874922f3092d27ef447cc2f18d212b132f8bf3\/neutratext-boldalt.gai","\/fonts\/Unpacking\/9e874922f3092d27ef447cc2f18d212b132f8bf3\/neutratext-boldalt.gsf":"\/fonts\/Unpacking\/9e874922f3092d27ef447cc2f18d212b132f8bf3\/neutratext-boldalt.gsf","\/fonts\/Unpacking\/9e874922f3092d27ef447cc2f18d212b132f8bf3\/neutratext-boldalt.hqx":"\/fonts\/Unpacking\/9e874922f3092d27ef447cc2f18d212b132f8bf3\/neutratext-boldalt.hqx","\/fonts\/Unpacking\/9e874922f3092d27ef447cc2f18d212b132f8bf3\/neutratext-boldalt.ik":"\/fonts\/Unpacking\/9e874922f3092d27ef447cc2f18d212b132f8bf3\/neutratext-boldalt.ik","\/fonts\/Unpacking\/9e874922f3092d27ef447cc2f18d212b132f8bf3\/neutratext-boldalt.mf":"\/fonts\/Unpacking\/9e874922f3092d27ef447cc2f18d212b132f8bf3\/neutratext-boldalt.mf","\/fonts\/Unpacking\/9e874922f3092d27ef447cc2f18d212b132f8bf3\/neutratext-boldalt.otf":"\/fonts\/Unpacking\/9e874922f3092d27ef447cc2f18d212b132f8bf3\/neutratext-boldalt.otf","\/fonts\/Unpacking\/9e874922f3092d27ef447cc2f18d212b132f8bf3\/neutratext-boldalt.pcf":"\/fonts\/Unpacking\/9e874922f3092d27ef447cc2f18d212b132f8bf3\/neutratext-boldalt.pcf","\/fonts\/Unpacking\/9e874922f3092d27ef447cc2f18d212b132f8bf3\/neutratext-boldalt.pf3":"\/fonts\/Unpacking\/9e874922f3092d27ef447cc2f18d212b132f8bf3\/neutratext-boldalt.pf3","\/fonts\/Unpacking\/9e874922f3092d27ef447cc2f18d212b132f8bf3\/neutratext-boldalt.pfa":"\/fonts\/Unpacking\/9e874922f3092d27ef447cc2f18d212b132f8bf3\/neutratext-boldalt.pfa","\/fonts\/Unpacking\/9e874922f3092d27ef447cc2f18d212b132f8bf3\/neutratext-boldalt.pfb":"\/fonts\/Unpacking\/9e874922f3092d27ef447cc2f18d212b132f8bf3\/neutratext-boldalt.pfb","\/fonts\/Unpacking\/9e874922f3092d27ef447cc2f18d212b132f8bf3\/neutratext-boldalt.php":"\/fonts\/Unpacking\/9e874922f3092d27ef447cc2f18d212b132f8bf3\/neutratext-boldalt.php","\/fonts\/Unpacking\/9e874922f3092d27ef447cc2f18d212b132f8bf3\/neutratext-boldalt.pmf":"\/fonts\/Unpacking\/9e874922f3092d27ef447cc2f18d212b132f8bf3\/neutratext-boldalt.pmf","\/fonts\/Unpacking\/9e874922f3092d27ef447cc2f18d212b132f8bf3\/neutratext-boldalt.pt3":"\/fonts\/Unpacking\/9e874922f3092d27ef447cc2f18d212b132f8bf3\/neutratext-boldalt.pt3","\/fonts\/Unpacking\/9e874922f3092d27ef447cc2f18d212b132f8bf3\/neutratext-boldalt.sfd":"\/fonts\/Unpacking\/9e874922f3092d27ef447cc2f18d212b132f8bf3\/neutratext-boldalt.sfd","\/fonts\/Unpacking\/9e874922f3092d27ef447cc2f18d212b132f8bf3\/neutratext-boldalt.svg":"\/fonts\/Unpacking\/9e874922f3092d27ef447cc2f18d212b132f8bf3\/neutratext-boldalt.svg","\/fonts\/Unpacking\/9e874922f3092d27ef447cc2f18d212b132f8bf3\/neutratext-boldalt.t42":"\/fonts\/Unpacking\/9e874922f3092d27ef447cc2f18d212b132f8bf3\/neutratext-boldalt.t42","\/fonts\/Unpacking\/9e874922f3092d27ef447cc2f18d212b132f8bf3\/neutratext-boldalt.ttd":"\/fonts\/Unpacking\/9e874922f3092d27ef447cc2f18d212b132f8bf3\/neutratext-boldalt.ttd","\/fonts\/Unpacking\/9e874922f3092d27ef447cc2f18d212b132f8bf3\/neutratext-boldalt.ttf":"\/fonts\/Unpacking\/9e874922f3092d27ef447cc2f18d212b132f8bf3\/neutratext-boldalt.ttf","\/fonts\/Unpacking\/9e874922f3092d27ef447cc2f18d212b132f8bf3\/neutratext-boldalt.ttg":"\/fonts\/Unpacking\/9e874922f3092d27ef447cc2f18d212b132f8bf3\/neutratext-boldalt.ttg","\/fonts\/Unpacking\/9e874922f3092d27ef447cc2f18d212b132f8bf3\/neutratext-boldalt.ufm":"\/fonts\/Unpacking\/9e874922f3092d27ef447cc2f18d212b132f8bf3\/neutratext-boldalt.ufm","\/fonts\/Unpacking\/9e874922f3092d27ef447cc2f18d212b132f8bf3\/neutratext-boldalt.woff":"\/fonts\/Unpacking\/9e874922f3092d27ef447cc2f18d212b132f8bf3\/neutratext-boldalt.woff","\/fonts\/Unpacking\/9e874922f3092d27ef447cc2f18d212b132f8bf3\/neutratext-boldalt.z":"\/fonts\/Unpacking\/9e874922f3092d27ef447cc2f18d212b132f8bf3\/neutratext-boldalt.z","\/fonts\/Unpacking\/9e874922f3092d27ef447cc2f18d212b132f8bf3\/neutratext-boldalt.ufo\/feature.fea":"\/fonts\/Unpacking\/9e874922f3092d27ef447cc2f18d212b132f8bf3\/neutratext-boldalt.ufo\/feature.fea","\/fonts\/Unpacking\/9e874922f3092d27ef447cc2f18d212b132f8bf3\/neutratext-boldalt.ufo\/fontinfo.plist":"\/fonts\/Unpacking\/9e874922f3092d27ef447cc2f18d212b132f8bf3\/neutratext-boldalt.ufo\/fontinfo.plist","\/fonts\/Unpacking\/9e874922f3092d27ef447cc2f18d212b132f8bf3\/neutratext-boldalt.ufo\/groups.plist":"\/fonts\/Unpacking\/9e874922f3092d27ef447cc2f18d212b132f8bf3\/neutratext-boldalt.ufo\/groups.plist","\/fonts\/Unpacking\/9e874922f3092d27ef447cc2f18d212b132f8bf3\/neutratext-boldalt.ufo\/kerning.plist":"\/fonts\/Unpacking\/9e874922f3092d27ef447cc2f18d212b132f8bf3\/neutratext-boldalt.ufo\/kerning.plist","\/fonts\/Unpacking\/9e874922f3092d27ef447cc2f18d212b132f8bf3\/neutratext-boldalt.ufo\/metainfo.plist":"\/fonts\/Unpacking\/9e874922f3092d27ef447cc2f18d212b132f8bf3\/neutratext-boldalt.ufo\/metainfo.plist","\/fonts\/Unpacking\/9e874922f3092d27ef447cc2f18d212b132f8bf3\/neutratext-boldalt.ufo\/glyphs\/contents.plist":"\/fonts\/Unpacking\/9e874922f3092d27ef447cc2f18d212b132f8bf3\/neutratext-boldalt.ufo\/glyphs\/contents.plist","\/fonts\/Unpacking\/9e874922f3092d27ef447cc2f18d212b132f8bf3\/neutratext-boldalt.ufo\/glyphs\/space.glif":"\/fonts\/Unpacking\/9e874922f3092d27ef447cc2f18d212b132f8bf3\/neutratext-boldalt.ufo\/glyphs\/space.glif"},"Font":null,"Licences":{"":false},"Table":{"FFTM":{"entryLength":16,"tag":"FFTM","checksum":1944375648,"offset":2068,"length":28},"GDEF":{"entryLength":16,"tag":"GDEF","checksum":3211270,"offset":2036,"length":32},"OS\/2":{"entryLength":16,"tag":"OS\/2","checksum":1453612837,"offset":344,"length":86},"cmap":{"entryLength":16,"tag":"cmap","checksum":4199471456,"offset":448,"length":826},"gasp":{"entryLength":16,"tag":"gasp","checksum":4294901763,"offset":2028,"length":8},"glyf":{"entryLength":16,"tag":"glyf","checksum":0,"offset":1288,"length":0},"head":{"entryLength":16,"tag":"head","checksum":114410582,"offset":220,"length":54},"hhea":{"entryLength":16,"tag":"hhea","checksum":58458417,"offset":276,"length":36},"hmtx":{"entryLength":16,"tag":"hmtx","checksum":98304000,"offset":432,"length":16},"loca":{"entryLength":16,"tag":"loca","checksum":0,"offset":1276,"length":10},"maxp":{"entryLength":16,"tag":"maxp","checksum":4587523,"offset":312,"length":32},"name":{"entryLength":16,"tag":"name","checksum":3605457928,"offset":1288,"length":693},"post":{"entryLength":16,"tag":"post","checksum":4286251031,"offset":1984,"length":42}},"UnicodeCharMap":{"32":3},"Reserves":null,"Names":[],"Nodes":[],"Contributors":[],"FontIdentity":"14d4f4ff8afd6a63638dd43a8fed002e","Bytes":194573,"Networking":null,"barcode":null,"referee":null}