{"CSS":{"NeutraText-BoldAlt":"NeutraText-BoldAlt.css"},"FontType":"TrueType","FontCopyright":"(C)2002 House Industries\/Brand Design Co. Inc.","FontName":"Neutra Text Alt","FontSubfamily":"BoldAlt","FontSubfamilyID":"FontForge 2.0 : NeutraText-BoldAlt : 26-8-2016","FontFullName":"Neutra Text Bold Alt","FontVersion":"Version 001.001 ","FontWeight":null,"FontPostscriptName":"NeutraText-BoldAlt","Files":{"neutratext-boldalt.afm":"neutratext-boldalt.afm","neutratext-boldalt.bin":"neutratext-boldalt.bin","neutratext-boldalt.cef":"neutratext-boldalt.cef","neutratext-boldalt.cff":"neutratext-boldalt.cff","neutratext-boldalt.cid":"neutratext-boldalt.cid","neutratext-boldalt.dfont":"neutratext-boldalt.dfont","neutratext-boldalt.eot":"neutratext-boldalt.eot","neutratext-boldalt.fon":"neutratext-boldalt.fon","neutratext-boldalt.gai":"neutratext-boldalt.gai","neutratext-boldalt.gsf":"neutratext-boldalt.gsf","neutratext-boldalt.hqx":"neutratext-boldalt.hqx","neutratext-boldalt.ik":"neutratext-boldalt.ik","neutratext-boldalt.mf":"neutratext-boldalt.mf","neutratext-boldalt.otf":"neutratext-boldalt.otf","neutratext-boldalt.pcf":"neutratext-boldalt.pcf","neutratext-boldalt.pf3":"neutratext-boldalt.pf3","neutratext-boldalt.pfa":"neutratext-boldalt.pfa","neutratext-boldalt.pfb":"neutratext-boldalt.pfb","neutratext-boldalt.php":"neutratext-boldalt.php","neutratext-boldalt.pmf":"neutratext-boldalt.pmf","neutratext-boldalt.pt3":"neutratext-boldalt.pt3","neutratext-boldalt.sfd":"neutratext-boldalt.sfd","neutratext-boldalt.svg":"neutratext-boldalt.svg","neutratext-boldalt.t42":"neutratext-boldalt.t42","neutratext-boldalt.ttd":"neutratext-boldalt.ttd","neutratext-boldalt.ttf":"neutratext-boldalt.ttf","neutratext-boldalt.ttg":"neutratext-boldalt.ttg","neutratext-boldalt.ufm":"neutratext-boldalt.ufm","neutratext-boldalt.woff":"neutratext-boldalt.woff","neutratext-boldalt.z":"neutratext-boldalt.z","":{"neutratext-boldalt.afm":"neutratext-boldalt.afm","neutratext-boldalt.bin":"neutratext-boldalt.bin","neutratext-boldalt.cef":"neutratext-boldalt.cef","neutratext-boldalt.cff":"neutratext-boldalt.cff","neutratext-boldalt.cid":"neutratext-boldalt.cid","neutratext-boldalt.dfont":"neutratext-boldalt.dfont","neutratext-boldalt.eot":"neutratext-boldalt.eot","neutratext-boldalt.fon":"neutratext-boldalt.fon","neutratext-boldalt.gai":"neutratext-boldalt.gai","neutratext-boldalt.gsf":"neutratext-boldalt.gsf","neutratext-boldalt.hqx":"neutratext-boldalt.hqx","neutratext-boldalt.ik":"neutratext-boldalt.ik","neutratext-boldalt.mf":"neutratext-boldalt.mf","neutratext-boldalt.otf":"neutratext-boldalt.otf","neutratext-boldalt.pcf":"neutratext-boldalt.pcf","neutratext-boldalt.pf3":"neutratext-boldalt.pf3","neutratext-boldalt.pfa":"neutratext-boldalt.pfa","neutratext-boldalt.pfb":"neutratext-boldalt.pfb","neutratext-boldalt.php":"neutratext-boldalt.php","neutratext-boldalt.pmf":"neutratext-boldalt.pmf","neutratext-boldalt.pt3":"neutratext-boldalt.pt3","neutratext-boldalt.sfd":"neutratext-boldalt.sfd","neutratext-boldalt.svg":"neutratext-boldalt.svg","neutratext-boldalt.t42":"neutratext-boldalt.t42","neutratext-boldalt.ttd":"neutratext-boldalt.ttd","neutratext-boldalt.ttf":"neutratext-boldalt.ttf","neutratext-boldalt.ttg":"neutratext-boldalt.ttg","neutratext-boldalt.ufm":"neutratext-boldalt.ufm","neutratext-boldalt.woff":"neutratext-boldalt.woff","neutratext-boldalt.z":"neutratext-boldalt.z"},"\/neutratext-boldalt.ufo":{"feature.fea":"feature.fea","fontinfo.plist":"fontinfo.plist","groups.plist":"groups.plist","kerning.plist":"kerning.plist","metainfo.plist":"metainfo.plist"},"\/neutratext-boldalt.ufo\/glyphs":{"contents.plist":"contents.plist","space.glif":"space.glif"}},"Font":null,"Table":{"FFTM":{"entryLength":16,"tag":"FFTM","checksum":1944274848,"offset":2068,"length":28},"GDEF":{"entryLength":16,"tag":"GDEF","checksum":3211270,"offset":2036,"length":32},"OS\/2":{"entryLength":16,"tag":"OS\/2","checksum":1453612837,"offset":344,"length":86},"cmap":{"entryLength":16,"tag":"cmap","checksum":4199471456,"offset":448,"length":826},"gasp":{"entryLength":16,"tag":"gasp","checksum":4294901763,"offset":2028,"length":8},"glyf":{"entryLength":16,"tag":"glyf","checksum":0,"offset":1288,"length":0},"head":{"entryLength":16,"tag":"head","checksum":116072042,"offset":220,"length":54},"hhea":{"entryLength":16,"tag":"hhea","checksum":58458417,"offset":276,"length":36},"hmtx":{"entryLength":16,"tag":"hmtx","checksum":98304000,"offset":432,"length":16},"loca":{"entryLength":16,"tag":"loca","checksum":0,"offset":1276,"length":10},"maxp":{"entryLength":16,"tag":"maxp","checksum":4587523,"offset":312,"length":32},"name":{"entryLength":16,"tag":"name","checksum":3605458440,"offset":1288,"length":693},"post":{"entryLength":16,"tag":"post","checksum":4286251031,"offset":1984,"length":42}},"UnicodeCharMap":{"32":3},"Reserves":null,"Names":[],"Nodes":{"ne":{"type":"typal","node":"ne","usage":1,"weight":1},"ra":{"type":"typal","node":"ra","usage":1,"weight":1},"te":{"type":"typal","node":"te","usage":1,"weight":1},"xt":{"type":"typal","node":"xt","usage":1,"weight":1},"al":{"type":"typal","node":"al","usage":1,"weight":1},"lt":{"type":"typal","node":"lt","usage":1,"weight":1},"neu":{"type":"typal","node":"neu","usage":1,"weight":1},"tra":{"type":"typal","node":"tra","usage":1,"weight":1},"tex":{"type":"typal","node":"tex","usage":1,"weight":1},"ext":{"type":"typal","node":"ext","usage":1,"weight":1},"neut":{"type":"keys","node":"neut","usage":1,"weight":1},"utra":{"type":"keys","node":"utra","usage":1,"weight":1},"neutr":{"type":"keys","node":"neutr","usage":1,"weight":1},"eutra":{"type":"keys","node":"eutra","usage":1,"weight":1},"neutra":{"type":"fixes","node":"neutra","usage":1,"weight":1},"text":{"type":"fixes","node":"text","usage":1,"weight":1},"alt":{"type":"fixes","node":"alt","usage":1,"weight":1}},"Contributors":[],"FontIdentity":"3af1023dc4e1808e2055e709ed98de48","Bytes":116071,"Networking":[],"barcode":"a5iI9MkEQwQsa","referee":"7gumau"}