{"CSS":{"High speed":"High+speed.css"},"FontType":"TrueType","FontCopyright":"(c) Jakob Fischer at www.pizzadude.dk - DO NOT DISTRIBUTE WITHOUT AUTHOR'S PERMISSION!","FontName":"High speed","FontSubfamily":"Book","FontSubfamilyID":"FontForge 2.0 : High speed : 31-8-2016","FontFullName":"High speed","FontVersion":"Version 2 ","FontWeight":null,"FontPostscriptName":"Highspeed","Files":{"highspeed.afm":"highspeed.afm","highspeed.bin":"highspeed.bin","highspeed.cef":"highspeed.cef","highspeed.cff":"highspeed.cff","highspeed.cid":"highspeed.cid","highspeed.dfont":"highspeed.dfont","highspeed.eot":"highspeed.eot","highspeed.fon":"highspeed.fon","highspeed.gai":"highspeed.gai","highspeed.gsf":"highspeed.gsf","highspeed.hqx":"highspeed.hqx","highspeed.ik":"highspeed.ik","highspeed.mf":"highspeed.mf","highspeed.otf":"highspeed.otf","highspeed.pcf":"highspeed.pcf","highspeed.pf3":"highspeed.pf3","highspeed.pfa":"highspeed.pfa","highspeed.pfb":"highspeed.pfb","highspeed.php":"highspeed.php","highspeed.pmf":"highspeed.pmf","highspeed.pt3":"highspeed.pt3","highspeed.sfd":"highspeed.sfd","highspeed.svg":"highspeed.svg","highspeed.t42":"highspeed.t42","highspeed.ttd":"highspeed.ttd","highspeed.ttf":"highspeed.ttf","highspeed.ttg":"highspeed.ttg","highspeed.ufm":"highspeed.ufm","highspeed.woff":"highspeed.woff","highspeed.z":"highspeed.z","":{"highspeed.afm":"highspeed.afm","highspeed.bin":"highspeed.bin","highspeed.cef":"highspeed.cef","highspeed.cff":"highspeed.cff","highspeed.cid":"highspeed.cid","highspeed.dfont":"highspeed.dfont","highspeed.eot":"highspeed.eot","highspeed.fon":"highspeed.fon","highspeed.gai":"highspeed.gai","highspeed.gsf":"highspeed.gsf","highspeed.hqx":"highspeed.hqx","highspeed.ik":"highspeed.ik","highspeed.mf":"highspeed.mf","highspeed.otf":"highspeed.otf","highspeed.pcf":"highspeed.pcf","highspeed.pf3":"highspeed.pf3","highspeed.pfa":"highspeed.pfa","highspeed.pfb":"highspeed.pfb","highspeed.php":"highspeed.php","highspeed.pmf":"highspeed.pmf","highspeed.pt3":"highspeed.pt3","highspeed.sfd":"highspeed.sfd","highspeed.svg":"highspeed.svg","highspeed.t42":"highspeed.t42","highspeed.ttd":"highspeed.ttd","highspeed.ttf":"highspeed.ttf","highspeed.ttg":"highspeed.ttg","highspeed.ufm":"highspeed.ufm","highspeed.woff":"highspeed.woff","highspeed.z":"highspeed.z"},"\/highspeed.ufo":{"feature.fea":"feature.fea","fontinfo.plist":"fontinfo.plist","groups.plist":"groups.plist","kerning.plist":"kerning.plist","metainfo.plist":"metainfo.plist"},"\/highspeed.ufo\/glyphs":{"A_.glif":"A_.glif","A_E_.glif":"A_E_.glif","A_ring.glif":"A_ring.glif","B_.glif":"B_.glif","C_.glif":"C_.glif","D_.glif":"D_.glif","E_.glif":"E_.glif","F_.glif":"F_.glif","G_.glif":"G_.glif","H_.glif":"H_.glif","I_.glif":"I_.glif","J_.glif":"J_.glif","K_.glif":"K_.glif","L_.glif":"L_.glif","M_.glif":"M_.glif","N_.glif":"N_.glif","O_.glif":"O_.glif","O_slash.glif":"O_slash.glif","P_.glif":"P_.glif","Q_.glif":"Q_.glif","R_.glif":"R_.glif","S_.glif":"S_.glif","T_.glif":"T_.glif","U_.glif":"U_.glif","V_.glif":"V_.glif","W_.glif":"W_.glif","X_.glif":"X_.glif","Y_.glif":"Y_.glif","Z_.glif":"Z_.glif","_notdef.glif":"_notdef.glif","_null.glif":"_null.glif","a.glif":"a.glif","ae.glif":"ae.glif","ampersand.glif":"ampersand.glif","aring.glif":"aring.glif","asterisk.glif":"asterisk.glif","b.glif":"b.glif","backslash.glif":"backslash.glif","bracketleft.glif":"bracketleft.glif","bracketright.glif":"bracketright.glif","c.glif":"c.glif","colon.glif":"colon.glif","comma.glif":"comma.glif","contents.plist":"contents.plist","d.glif":"d.glif","dollar.glif":"dollar.glif","e.glif":"e.glif","eight.glif":"eight.glif","equal.glif":"equal.glif","exclam.glif":"exclam.glif","f.glif":"f.glif","five.glif":"five.glif","four.glif":"four.glif","g.glif":"g.glif","glyph96.glif":"glyph96.glif","glyph97.glif":"glyph97.glif","greater.glif":"greater.glif","h.glif":"h.glif","hyphen.glif":"hyphen.glif","i.glif":"i.glif","j.glif":"j.glif","k.glif":"k.glif","l.glif":"l.glif","less.glif":"less.glif","m.glif":"m.glif","n.glif":"n.glif","nine.glif":"nine.glif","nonmarkingreturn.glif":"nonmarkingreturn.glif","numbersign.glif":"numbersign.glif","o.glif":"o.glif","one.glif":"one.glif","oslash.glif":"oslash.glif","p.glif":"p.glif","parenleft.glif":"parenleft.glif","parenright.glif":"parenright.glif","percent.glif":"percent.glif","period.glif":"period.glif","plus.glif":"plus.glif","q.glif":"q.glif","question.glif":"question.glif","quotedbl.glif":"quotedbl.glif","quotesingle.glif":"quotesingle.glif","r.glif":"r.glif","s.glif":"s.glif","semicolon.glif":"semicolon.glif","seven.glif":"seven.glif","six.glif":"six.glif","slash.glif":"slash.glif","space.glif":"space.glif","t.glif":"t.glif","three.glif":"three.glif","two.glif":"two.glif","u.glif":"u.glif","v.glif":"v.glif","w.glif":"w.glif","x.glif":"x.glif","y.glif":"y.glif","z.glif":"z.glif","zero.glif":"zero.glif"}},"Font":{"uploaded":1472598706.9313,"licence":"gpl3","company":"Chronolabs Cooperative","title":"Highspeed","version":2.001,"date":"Sun Aug 28 07:59:34 2016","creator":"root","type":"1","matrix":"0.001 0 0 0.001 0 0","named":"Highspeed","painttype":"0","info":"10 dict dup","name":"High speed","family":"High speed","weight":"Book","fstype":"0","italicangle":"0","underlineposition":"","underlinethickness":""},"Table":{"FFTM":{"entryLength":16,"tag":"FFTM","checksum":1947016796,"offset":64152,"length":28},"GDEF":{"entryLength":16,"tag":"GDEF","checksum":9502724,"offset":64120,"length":32},"OS\/2":{"entryLength":16,"tag":"OS\/2","checksum":1444962688,"offset":344,"length":86},"cmap":{"entryLength":16,"tag":"cmap","checksum":3283295528,"offset":828,"length":386},"gasp":{"entryLength":16,"tag":"gasp","checksum":4294901763,"offset":64112,"length":8},"glyf":{"entryLength":16,"tag":"glyf","checksum":2748415009,"offset":1420,"length":61728},"head":{"entryLength":16,"tag":"head","checksum":176736884,"offset":220,"length":54},"hhea":{"entryLength":16,"tag":"hhea","checksum":131990427,"offset":276,"length":36},"hmtx":{"entryLength":16,"tag":"hmtx","checksum":4010541119,"offset":432,"length":394},"loca":{"entryLength":16,"tag":"loca","checksum":2798676546,"offset":1216,"length":202},"maxp":{"entryLength":16,"tag":"maxp","checksum":18022839,"offset":312,"length":32},"name":{"entryLength":16,"tag":"name","checksum":2629937440,"offset":63148,"length":696},"post":{"entryLength":16,"tag":"post","checksum":2725505768,"offset":63844,"length":266}},"UnicodeCharMap":{"0":1,"13":2,"32":3,"33":4,"34":5,"35":6,"36":7,"37":8,"38":9,"39":10,"40":11,"41":12,"42":13,"43":14,"44":15,"45":16,"46":17,"47":18,"48":19,"49":20,"50":21,"51":22,"52":23,"53":24,"54":25,"55":26,"56":27,"57":28,"58":29,"59":30,"60":31,"61":32,"62":33,"63":34,"65":35,"66":36,"67":37,"68":38,"69":39,"70":40,"71":41,"72":42,"73":43,"74":44,"75":45,"76":46,"77":47,"78":48,"79":49,"80":50,"81":51,"82":52,"83":53,"84":54,"85":55,"86":56,"87":57,"88":58,"89":59,"90":60,"91":61,"92":62,"93":63,"97":64,"98":65,"99":66,"100":67,"101":68,"102":69,"103":70,"104":71,"105":72,"106":73,"107":74,"108":75,"109":76,"110":77,"111":78,"112":79,"113":80,"114":81,"115":82,"116":83,"117":84,"118":85,"119":86,"120":87,"121":88,"122":89,"197":90,"198":91,"216":92,"229":93,"230":94,"248":95},"Reserves":null,"Names":[],"Nodes":{"hi":{"type":"typal","node":"hi","usage":1,"weight":1},"gh":{"type":"typal","node":"gh","usage":1,"weight":1},"sp":{"type":"typal","node":"sp","usage":1,"weight":1},"ed":{"type":"typal","node":"ed","usage":1,"weight":1},"hig":{"type":"typal","node":"hig","usage":1,"weight":1},"igh":{"type":"typal","node":"igh","usage":1,"weight":1},"spe":{"type":"typal","node":"spe","usage":1,"weight":1},"eed":{"type":"typal","node":"eed","usage":1,"weight":1},"spee":{"type":"keys","node":"spee","usage":1,"weight":1},"peed":{"type":"keys","node":"peed","usage":1,"weight":1},"high":{"type":"fixes","node":"high","usage":1,"weight":1},"speed":{"type":"fixes","node":"speed","usage":1,"weight":1}},"Contributors":[],"FontIdentity":"28ddcf752ed8b46a3594b47ac544bdd4","Bytes":4547865,"Networking":[],"barcode":"smeoaq874kms3","referee":"uqasaqe"}