{"CSS":{"Wide Latin":"zinc77:677d16de79bdb50feda3f91af.css"},"FontType":"TrueType","FontCopyright":"Typeface (c) 1992 Stphenson Blake (Holdings) Ltd. Data (c) 1992 URW. Portions (c) 1992 Microsoft Corp. All rights reserved.","FontName":"Wide Latin","FontSubfamily":"Book","FontSubfamilyID":"FontForge 2.0 : Wide Latin : 3-12-2016","FontFullName":"Wide Latin","FontVersion":"Version 1.51 ","FontWeight":null,"FontPostscriptName":"LatinWide","Files":{"\/Wide Latin.css":"\/Wide Latin.css","\/font-resource.json":"\/font-resource.json","\/latinwd.afm":"\/latinwd.afm","\/latinwd.cef":"\/latinwd.cef","\/latinwd.cff":"\/latinwd.cff","\/latinwd.eot":"\/latinwd.eot","\/latinwd.gai":"\/latinwd.gai","\/latinwd.gsf":"\/latinwd.gsf","\/latinwd.otf":"\/latinwd.otf","\/latinwd.pf3":"\/latinwd.pf3","\/latinwd.pfa":"\/latinwd.pfa","\/latinwd.pfb":"\/latinwd.pfb","\/latinwd.php":"\/latinwd.php","\/latinwd.pt3":"\/latinwd.pt3","\/latinwd.sfd":"\/latinwd.sfd","\/latinwd.svg":"\/latinwd.svg","\/latinwd.t42":"\/latinwd.t42","\/latinwd.ttd":"\/latinwd.ttd","\/latinwd.ttf":"\/latinwd.ttf","\/latinwd.ttg":"\/latinwd.ttg","\/latinwd.ufm":"\/latinwd.ufm","\/latinwd.woff":"\/latinwd.woff","\/latinwd.z":"\/latinwd.z","\/zinc77:677d16de79bdb50feda3f91af.css":"\/zinc77:677d16de79bdb50feda3f91af.css","\/latinwd.ufo\/feature.fea":"\/latinwd.ufo\/feature.fea","\/latinwd.ufo\/fontinfo.plist":"\/latinwd.ufo\/fontinfo.plist","\/latinwd.ufo\/groups.plist":"\/latinwd.ufo\/groups.plist","\/latinwd.ufo\/kerning.plist":"\/latinwd.ufo\/kerning.plist","\/latinwd.ufo\/metainfo.plist":"\/latinwd.ufo\/metainfo.plist","\/latinwd.ufo\/glyphs\/A_.glif":"\/latinwd.ufo\/glyphs\/A_.glif","\/latinwd.ufo\/glyphs\/A_E_.glif":"\/latinwd.ufo\/glyphs\/A_E_.glif","\/latinwd.ufo\/glyphs\/A_acute.glif":"\/latinwd.ufo\/glyphs\/A_acute.glif","\/latinwd.ufo\/glyphs\/A_circumflex.glif":"\/latinwd.ufo\/glyphs\/A_circumflex.glif","\/latinwd.ufo\/glyphs\/A_dieresis.glif":"\/latinwd.ufo\/glyphs\/A_dieresis.glif","\/latinwd.ufo\/glyphs\/A_grave.glif":"\/latinwd.ufo\/glyphs\/A_grave.glif","\/latinwd.ufo\/glyphs\/A_ring.glif":"\/latinwd.ufo\/glyphs\/A_ring.glif","\/latinwd.ufo\/glyphs\/A_tilde.glif":"\/latinwd.ufo\/glyphs\/A_tilde.glif","\/latinwd.ufo\/glyphs\/B_.glif":"\/latinwd.ufo\/glyphs\/B_.glif","\/latinwd.ufo\/glyphs\/C_.glif":"\/latinwd.ufo\/glyphs\/C_.glif","\/latinwd.ufo\/glyphs\/C_cedilla.glif":"\/latinwd.ufo\/glyphs\/C_cedilla.glif","\/latinwd.ufo\/glyphs\/D_.glif":"\/latinwd.ufo\/glyphs\/D_.glif","\/latinwd.ufo\/glyphs\/D_elta.glif":"\/latinwd.ufo\/glyphs\/D_elta.glif","\/latinwd.ufo\/glyphs\/E_.glif":"\/latinwd.ufo\/glyphs\/E_.glif","\/latinwd.ufo\/glyphs\/E_acute.glif":"\/latinwd.ufo\/glyphs\/E_acute.glif","\/latinwd.ufo\/glyphs\/E_circumflex.glif":"\/latinwd.ufo\/glyphs\/E_circumflex.glif","\/latinwd.ufo\/glyphs\/E_dieresis.glif":"\/latinwd.ufo\/glyphs\/E_dieresis.glif","\/latinwd.ufo\/glyphs\/E_grave.glif":"\/latinwd.ufo\/glyphs\/E_grave.glif","\/latinwd.ufo\/glyphs\/E_th.glif":"\/latinwd.ufo\/glyphs\/E_th.glif","\/latinwd.ufo\/glyphs\/E_uro.glif":"\/latinwd.ufo\/glyphs\/E_uro.glif","\/latinwd.ufo\/glyphs\/F_.glif":"\/latinwd.ufo\/glyphs\/F_.glif","\/latinwd.ufo\/glyphs\/G_.glif":"\/latinwd.ufo\/glyphs\/G_.glif","\/latinwd.ufo\/glyphs\/H_.glif":"\/latinwd.ufo\/glyphs\/H_.glif","\/latinwd.ufo\/glyphs\/I_.glif":"\/latinwd.ufo\/glyphs\/I_.glif","\/latinwd.ufo\/glyphs\/I_acute.glif":"\/latinwd.ufo\/glyphs\/I_acute.glif","\/latinwd.ufo\/glyphs\/I_circumflex.glif":"\/latinwd.ufo\/glyphs\/I_circumflex.glif","\/latinwd.ufo\/glyphs\/I_dieresis.glif":"\/latinwd.ufo\/glyphs\/I_dieresis.glif","\/latinwd.ufo\/glyphs\/I_grave.glif":"\/latinwd.ufo\/glyphs\/I_grave.glif","\/latinwd.ufo\/glyphs\/J_.glif":"\/latinwd.ufo\/glyphs\/J_.glif","\/latinwd.ufo\/glyphs\/K_.glif":"\/latinwd.ufo\/glyphs\/K_.glif","\/latinwd.ufo\/glyphs\/L_.glif":"\/latinwd.ufo\/glyphs\/L_.glif","\/latinwd.ufo\/glyphs\/M_.glif":"\/latinwd.ufo\/glyphs\/M_.glif","\/latinwd.ufo\/glyphs\/N_.glif":"\/latinwd.ufo\/glyphs\/N_.glif","\/latinwd.ufo\/glyphs\/N_tilde.glif":"\/latinwd.ufo\/glyphs\/N_tilde.glif","\/latinwd.ufo\/glyphs\/O_.glif":"\/latinwd.ufo\/glyphs\/O_.glif","\/latinwd.ufo\/glyphs\/O_E_.glif":"\/latinwd.ufo\/glyphs\/O_E_.glif","\/latinwd.ufo\/glyphs\/O_acute.glif":"\/latinwd.ufo\/glyphs\/O_acute.glif","\/latinwd.ufo\/glyphs\/O_circumflex.glif":"\/latinwd.ufo\/glyphs\/O_circumflex.glif","\/latinwd.ufo\/glyphs\/O_dieresis.glif":"\/latinwd.ufo\/glyphs\/O_dieresis.glif","\/latinwd.ufo\/glyphs\/O_grave.glif":"\/latinwd.ufo\/glyphs\/O_grave.glif","\/latinwd.ufo\/glyphs\/O_mega.glif":"\/latinwd.ufo\/glyphs\/O_mega.glif","\/latinwd.ufo\/glyphs\/O_slash.glif":"\/latinwd.ufo\/glyphs\/O_slash.glif","\/latinwd.ufo\/glyphs\/O_tilde.glif":"\/latinwd.ufo\/glyphs\/O_tilde.glif","\/latinwd.ufo\/glyphs\/P_.glif":"\/latinwd.ufo\/glyphs\/P_.glif","\/latinwd.ufo\/glyphs\/Q_.glif":"\/latinwd.ufo\/glyphs\/Q_.glif","\/latinwd.ufo\/glyphs\/R_.glif":"\/latinwd.ufo\/glyphs\/R_.glif","\/latinwd.ufo\/glyphs\/S_.glif":"\/latinwd.ufo\/glyphs\/S_.glif","\/latinwd.ufo\/glyphs\/S_caron.glif":"\/latinwd.ufo\/glyphs\/S_caron.glif","\/latinwd.ufo\/glyphs\/T_.glif":"\/latinwd.ufo\/glyphs\/T_.glif","\/latinwd.ufo\/glyphs\/T_horn.glif":"\/latinwd.ufo\/glyphs\/T_horn.glif","\/latinwd.ufo\/glyphs\/U_.glif":"\/latinwd.ufo\/glyphs\/U_.glif","\/latinwd.ufo\/glyphs\/U_acute.glif":"\/latinwd.ufo\/glyphs\/U_acute.glif","\/latinwd.ufo\/glyphs\/U_circumflex.glif":"\/latinwd.ufo\/glyphs\/U_circumflex.glif","\/latinwd.ufo\/glyphs\/U_dieresis.glif":"\/latinwd.ufo\/glyphs\/U_dieresis.glif","\/latinwd.ufo\/glyphs\/U_grave.glif":"\/latinwd.ufo\/glyphs\/U_grave.glif","\/latinwd.ufo\/glyphs\/V_.glif":"\/latinwd.ufo\/glyphs\/V_.glif","\/latinwd.ufo\/glyphs\/W_.glif":"\/latinwd.ufo\/glyphs\/W_.glif","\/latinwd.ufo\/glyphs\/X_.glif":"\/latinwd.ufo\/glyphs\/X_.glif","\/latinwd.ufo\/glyphs\/Y_.glif":"\/latinwd.ufo\/glyphs\/Y_.glif","\/latinwd.ufo\/glyphs\/Y_acute.glif":"\/latinwd.ufo\/glyphs\/Y_acute.glif","\/latinwd.ufo\/glyphs\/Y_dieresis.glif":"\/latinwd.ufo\/glyphs\/Y_dieresis.glif","\/latinwd.ufo\/glyphs\/Z_.glif":"\/latinwd.ufo\/glyphs\/Z_.glif","\/latinwd.ufo\/glyphs\/_notdef.glif":"\/latinwd.ufo\/glyphs\/_notdef.glif","\/latinwd.ufo\/glyphs\/a.glif":"\/latinwd.ufo\/glyphs\/a.glif","\/latinwd.ufo\/glyphs\/aacute.glif":"\/latinwd.ufo\/glyphs\/aacute.glif","\/latinwd.ufo\/glyphs\/acircumflex.glif":"\/latinwd.ufo\/glyphs\/acircumflex.glif","\/latinwd.ufo\/glyphs\/acute.glif":"\/latinwd.ufo\/glyphs\/acute.glif","\/latinwd.ufo\/glyphs\/adieresis.glif":"\/latinwd.ufo\/glyphs\/adieresis.glif","\/latinwd.ufo\/glyphs\/ae.glif":"\/latinwd.ufo\/glyphs\/ae.glif","\/latinwd.ufo\/glyphs\/agrave.glif":"\/latinwd.ufo\/glyphs\/agrave.glif","\/latinwd.ufo\/glyphs\/ampersand.glif":"\/latinwd.ufo\/glyphs\/ampersand.glif","\/latinwd.ufo\/glyphs\/approxequal.glif":"\/latinwd.ufo\/glyphs\/approxequal.glif","\/latinwd.ufo\/glyphs\/aring.glif":"\/latinwd.ufo\/glyphs\/aring.glif","\/latinwd.ufo\/glyphs\/asciicircum.glif":"\/latinwd.ufo\/glyphs\/asciicircum.glif","\/latinwd.ufo\/glyphs\/asciitilde.glif":"\/latinwd.ufo\/glyphs\/asciitilde.glif","\/latinwd.ufo\/glyphs\/asterisk.glif":"\/latinwd.ufo\/glyphs\/asterisk.glif","\/latinwd.ufo\/glyphs\/at.glif":"\/latinwd.ufo\/glyphs\/at.glif","\/latinwd.ufo\/glyphs\/atilde.glif":"\/latinwd.ufo\/glyphs\/atilde.glif","\/latinwd.ufo\/glyphs\/b.glif":"\/latinwd.ufo\/glyphs\/b.glif","\/latinwd.ufo\/glyphs\/backslash.glif":"\/latinwd.ufo\/glyphs\/backslash.glif","\/latinwd.ufo\/glyphs\/bar.glif":"\/latinwd.ufo\/glyphs\/bar.glif","\/latinwd.ufo\/glyphs\/braceleft.glif":"\/latinwd.ufo\/glyphs\/braceleft.glif","\/latinwd.ufo\/glyphs\/braceright.glif":"\/latinwd.ufo\/glyphs\/braceright.glif","\/latinwd.ufo\/glyphs\/bracketleft.glif":"\/latinwd.ufo\/glyphs\/bracketleft.glif","\/latinwd.ufo\/glyphs\/bracketright.glif":"\/latinwd.ufo\/glyphs\/bracketright.glif","\/latinwd.ufo\/glyphs\/breve.glif":"\/latinwd.ufo\/glyphs\/breve.glif","\/latinwd.ufo\/glyphs\/brokenbar.glif":"\/latinwd.ufo\/glyphs\/brokenbar.glif","\/latinwd.ufo\/glyphs\/bullet.glif":"\/latinwd.ufo\/glyphs\/bullet.glif","\/latinwd.ufo\/glyphs\/c.glif":"\/latinwd.ufo\/glyphs\/c.glif","\/latinwd.ufo\/glyphs\/caron.glif":"\/latinwd.ufo\/glyphs\/caron.glif","\/latinwd.ufo\/glyphs\/ccedilla.glif":"\/latinwd.ufo\/glyphs\/ccedilla.glif","\/latinwd.ufo\/glyphs\/cedilla.glif":"\/latinwd.ufo\/glyphs\/cedilla.glif","\/latinwd.ufo\/glyphs\/cent.glif":"\/latinwd.ufo\/glyphs\/cent.glif","\/latinwd.ufo\/glyphs\/circumflex.glif":"\/latinwd.ufo\/glyphs\/circumflex.glif","\/latinwd.ufo\/glyphs\/colon.glif":"\/latinwd.ufo\/glyphs\/colon.glif","\/latinwd.ufo\/glyphs\/comma.glif":"\/latinwd.ufo\/glyphs\/comma.glif","\/latinwd.ufo\/glyphs\/contents.plist":"\/latinwd.ufo\/glyphs\/contents.plist","\/latinwd.ufo\/glyphs\/copyright.glif":"\/latinwd.ufo\/glyphs\/copyright.glif","\/latinwd.ufo\/glyphs\/currency.glif":"\/latinwd.ufo\/glyphs\/currency.glif","\/latinwd.ufo\/glyphs\/d.glif":"\/latinwd.ufo\/glyphs\/d.glif","\/latinwd.ufo\/glyphs\/dagger.glif":"\/latinwd.ufo\/glyphs\/dagger.glif","\/latinwd.ufo\/glyphs\/daggerdbl.glif":"\/latinwd.ufo\/glyphs\/daggerdbl.glif","\/latinwd.ufo\/glyphs\/degree.glif":"\/latinwd.ufo\/glyphs\/degree.glif","\/latinwd.ufo\/glyphs\/dieresis.glif":"\/latinwd.ufo\/glyphs\/dieresis.glif","\/latinwd.ufo\/glyphs\/divide.glif":"\/latinwd.ufo\/glyphs\/divide.glif","\/latinwd.ufo\/glyphs\/dollar.glif":"\/latinwd.ufo\/glyphs\/dollar.glif","\/latinwd.ufo\/glyphs\/dotaccent.glif":"\/latinwd.ufo\/glyphs\/dotaccent.glif","\/latinwd.ufo\/glyphs\/dotlessi.glif":"\/latinwd.ufo\/glyphs\/dotlessi.glif","\/latinwd.ufo\/glyphs\/e.glif":"\/latinwd.ufo\/glyphs\/e.glif","\/latinwd.ufo\/glyphs\/eacute.glif":"\/latinwd.ufo\/glyphs\/eacute.glif","\/latinwd.ufo\/glyphs\/ecircumflex.glif":"\/latinwd.ufo\/glyphs\/ecircumflex.glif","\/latinwd.ufo\/glyphs\/edieresis.glif":"\/latinwd.ufo\/glyphs\/edieresis.glif","\/latinwd.ufo\/glyphs\/egrave.glif":"\/latinwd.ufo\/glyphs\/egrave.glif","\/latinwd.ufo\/glyphs\/eight.glif":"\/latinwd.ufo\/glyphs\/eight.glif","\/latinwd.ufo\/glyphs\/ellipsis.glif":"\/latinwd.ufo\/glyphs\/ellipsis.glif","\/latinwd.ufo\/glyphs\/emdash.glif":"\/latinwd.ufo\/glyphs\/emdash.glif","\/latinwd.ufo\/glyphs\/endash.glif":"\/latinwd.ufo\/glyphs\/endash.glif","\/latinwd.ufo\/glyphs\/equal.glif":"\/latinwd.ufo\/glyphs\/equal.glif","\/latinwd.ufo\/glyphs\/eth.glif":"\/latinwd.ufo\/glyphs\/eth.glif","\/latinwd.ufo\/glyphs\/exclam.glif":"\/latinwd.ufo\/glyphs\/exclam.glif","\/latinwd.ufo\/glyphs\/exclamdown.glif":"\/latinwd.ufo\/glyphs\/exclamdown.glif","\/latinwd.ufo\/glyphs\/f.glif":"\/latinwd.ufo\/glyphs\/f.glif","\/latinwd.ufo\/glyphs\/fi.glif":"\/latinwd.ufo\/glyphs\/fi.glif","\/latinwd.ufo\/glyphs\/five.glif":"\/latinwd.ufo\/glyphs\/five.glif","\/latinwd.ufo\/glyphs\/fl.glif":"\/latinwd.ufo\/glyphs\/fl.glif","\/latinwd.ufo\/glyphs\/florin.glif":"\/latinwd.ufo\/glyphs\/florin.glif","\/latinwd.ufo\/glyphs\/four.glif":"\/latinwd.ufo\/glyphs\/four.glif","\/latinwd.ufo\/glyphs\/fraction.glif":"\/latinwd.ufo\/glyphs\/fraction.glif","\/latinwd.ufo\/glyphs\/g.glif":"\/latinwd.ufo\/glyphs\/g.glif","\/latinwd.ufo\/glyphs\/germandbls.glif":"\/latinwd.ufo\/glyphs\/germandbls.glif","\/latinwd.ufo\/glyphs\/glyph1.glif":"\/latinwd.ufo\/glyphs\/glyph1.glif","\/latinwd.ufo\/glyphs\/glyph2.glif":"\/latinwd.ufo\/glyphs\/glyph2.glif","\/latinwd.ufo\/glyphs\/glyph237.glif":"\/latinwd.ufo\/glyphs\/glyph237.glif","\/latinwd.ufo\/glyphs\/glyph238.glif":"\/latinwd.ufo\/glyphs\/glyph238.glif","\/latinwd.ufo\/glyphs\/glyph239.glif":"\/latinwd.ufo\/glyphs\/glyph239.glif","\/latinwd.ufo\/glyphs\/glyph240.glif":"\/latinwd.ufo\/glyphs\/glyph240.glif","\/latinwd.ufo\/glyphs\/glyph241.glif":"\/latinwd.ufo\/glyphs\/glyph241.glif","\/latinwd.ufo\/glyphs\/glyph242.glif":"\/latinwd.ufo\/glyphs\/glyph242.glif","\/latinwd.ufo\/glyphs\/glyph243.glif":"\/latinwd.ufo\/glyphs\/glyph243.glif","\/latinwd.ufo\/glyphs\/glyph244.glif":"\/latinwd.ufo\/glyphs\/glyph244.glif","\/latinwd.ufo\/glyphs\/glyph247.glif":"\/latinwd.ufo\/glyphs\/glyph247.glif","\/latinwd.ufo\/glyphs\/glyph248.glif":"\/latinwd.ufo\/glyphs\/glyph248.glif","\/latinwd.ufo\/glyphs\/grave.glif":"\/latinwd.ufo\/glyphs\/grave.glif","\/latinwd.ufo\/glyphs\/greater.glif":"\/latinwd.ufo\/glyphs\/greater.glif","\/latinwd.ufo\/glyphs\/greaterequal.glif":"\/latinwd.ufo\/glyphs\/greaterequal.glif","\/latinwd.ufo\/glyphs\/guillemotleft.glif":"\/latinwd.ufo\/glyphs\/guillemotleft.glif","\/latinwd.ufo\/glyphs\/guillemotright.glif":"\/latinwd.ufo\/glyphs\/guillemotright.glif","\/latinwd.ufo\/glyphs\/guilsinglleft.glif":"\/latinwd.ufo\/glyphs\/guilsinglleft.glif","\/latinwd.ufo\/glyphs\/guilsinglright.glif":"\/latinwd.ufo\/glyphs\/guilsinglright.glif","\/latinwd.ufo\/glyphs\/h.glif":"\/latinwd.ufo\/glyphs\/h.glif","\/latinwd.ufo\/glyphs\/hungarumlaut.glif":"\/latinwd.ufo\/glyphs\/hungarumlaut.glif","\/latinwd.ufo\/glyphs\/hyphen.glif":"\/latinwd.ufo\/glyphs\/hyphen.glif","\/latinwd.ufo\/glyphs\/i.glif":"\/latinwd.ufo\/glyphs\/i.glif","\/latinwd.ufo\/glyphs\/iacute.glif":"\/latinwd.ufo\/glyphs\/iacute.glif","\/latinwd.ufo\/glyphs\/icircumflex.glif":"\/latinwd.ufo\/glyphs\/icircumflex.glif","\/latinwd.ufo\/glyphs\/idieresis.glif":"\/latinwd.ufo\/glyphs\/idieresis.glif","\/latinwd.ufo\/glyphs\/igrave.glif":"\/latinwd.ufo\/glyphs\/igrave.glif","\/latinwd.ufo\/glyphs\/infinity.glif":"\/latinwd.ufo\/glyphs\/infinity.glif","\/latinwd.ufo\/glyphs\/integral.glif":"\/latinwd.ufo\/glyphs\/integral.glif","\/latinwd.ufo\/glyphs\/j.glif":"\/latinwd.ufo\/glyphs\/j.glif","\/latinwd.ufo\/glyphs\/k.glif":"\/latinwd.ufo\/glyphs\/k.glif","\/latinwd.ufo\/glyphs\/l.glif":"\/latinwd.ufo\/glyphs\/l.glif","\/latinwd.ufo\/glyphs\/less.glif":"\/latinwd.ufo\/glyphs\/less.glif","\/latinwd.ufo\/glyphs\/lessequal.glif":"\/latinwd.ufo\/glyphs\/lessequal.glif","\/latinwd.ufo\/glyphs\/logicalnot.glif":"\/latinwd.ufo\/glyphs\/logicalnot.glif","\/latinwd.ufo\/glyphs\/lozenge.glif":"\/latinwd.ufo\/glyphs\/lozenge.glif","\/latinwd.ufo\/glyphs\/m.glif":"\/latinwd.ufo\/glyphs\/m.glif","\/latinwd.ufo\/glyphs\/macron.glif":"\/latinwd.ufo\/glyphs\/macron.glif","\/latinwd.ufo\/glyphs\/mu.glif":"\/latinwd.ufo\/glyphs\/mu.glif","\/latinwd.ufo\/glyphs\/multiply.glif":"\/latinwd.ufo\/glyphs\/multiply.glif","\/latinwd.ufo\/glyphs\/n.glif":"\/latinwd.ufo\/glyphs\/n.glif","\/latinwd.ufo\/glyphs\/nine.glif":"\/latinwd.ufo\/glyphs\/nine.glif","\/latinwd.ufo\/glyphs\/notequal.glif":"\/latinwd.ufo\/glyphs\/notequal.glif","\/latinwd.ufo\/glyphs\/ntilde.glif":"\/latinwd.ufo\/glyphs\/ntilde.glif","\/latinwd.ufo\/glyphs\/numbersign.glif":"\/latinwd.ufo\/glyphs\/numbersign.glif","\/latinwd.ufo\/glyphs\/o.glif":"\/latinwd.ufo\/glyphs\/o.glif","\/latinwd.ufo\/glyphs\/oacute.glif":"\/latinwd.ufo\/glyphs\/oacute.glif","\/latinwd.ufo\/glyphs\/ocircumflex.glif":"\/latinwd.ufo\/glyphs\/ocircumflex.glif","\/latinwd.ufo\/glyphs\/odieresis.glif":"\/latinwd.ufo\/glyphs\/odieresis.glif","\/latinwd.ufo\/glyphs\/oe.glif":"\/latinwd.ufo\/glyphs\/oe.glif","\/latinwd.ufo\/glyphs\/ogonek.glif":"\/latinwd.ufo\/glyphs\/ogonek.glif","\/latinwd.ufo\/glyphs\/ograve.glif":"\/latinwd.ufo\/glyphs\/ograve.glif","\/latinwd.ufo\/glyphs\/one.glif":"\/latinwd.ufo\/glyphs\/one.glif","\/latinwd.ufo\/glyphs\/onehalf.glif":"\/latinwd.ufo\/glyphs\/onehalf.glif","\/latinwd.ufo\/glyphs\/onequarter.glif":"\/latinwd.ufo\/glyphs\/onequarter.glif","\/latinwd.ufo\/glyphs\/onesuperior.glif":"\/latinwd.ufo\/glyphs\/onesuperior.glif","\/latinwd.ufo\/glyphs\/ordfeminine.glif":"\/latinwd.ufo\/glyphs\/ordfeminine.glif","\/latinwd.ufo\/glyphs\/ordmasculine.glif":"\/latinwd.ufo\/glyphs\/ordmasculine.glif","\/latinwd.ufo\/glyphs\/oslash.glif":"\/latinwd.ufo\/glyphs\/oslash.glif","\/latinwd.ufo\/glyphs\/otilde.glif":"\/latinwd.ufo\/glyphs\/otilde.glif","\/latinwd.ufo\/glyphs\/p.glif":"\/latinwd.ufo\/glyphs\/p.glif","\/latinwd.ufo\/glyphs\/paragraph.glif":"\/latinwd.ufo\/glyphs\/paragraph.glif","\/latinwd.ufo\/glyphs\/parenleft.glif":"\/latinwd.ufo\/glyphs\/parenleft.glif","\/latinwd.ufo\/glyphs\/parenright.glif":"\/latinwd.ufo\/glyphs\/parenright.glif","\/latinwd.ufo\/glyphs\/partialdiff.glif":"\/latinwd.ufo\/glyphs\/partialdiff.glif","\/latinwd.ufo\/glyphs\/percent.glif":"\/latinwd.ufo\/glyphs\/percent.glif","\/latinwd.ufo\/glyphs\/period.glif":"\/latinwd.ufo\/glyphs\/period.glif","\/latinwd.ufo\/glyphs\/periodcentered.glif":"\/latinwd.ufo\/glyphs\/periodcentered.glif","\/latinwd.ufo\/glyphs\/perthousand.glif":"\/latinwd.ufo\/glyphs\/perthousand.glif","\/latinwd.ufo\/glyphs\/pi.glif":"\/latinwd.ufo\/glyphs\/pi.glif","\/latinwd.ufo\/glyphs\/plus.glif":"\/latinwd.ufo\/glyphs\/plus.glif","\/latinwd.ufo\/glyphs\/plusminus.glif":"\/latinwd.ufo\/glyphs\/plusminus.glif","\/latinwd.ufo\/glyphs\/product.glif":"\/latinwd.ufo\/glyphs\/product.glif","\/latinwd.ufo\/glyphs\/q.glif":"\/latinwd.ufo\/glyphs\/q.glif","\/latinwd.ufo\/glyphs\/question.glif":"\/latinwd.ufo\/glyphs\/question.glif","\/latinwd.ufo\/glyphs\/questiondown.glif":"\/latinwd.ufo\/glyphs\/questiondown.glif","\/latinwd.ufo\/glyphs\/quotedbl.glif":"\/latinwd.ufo\/glyphs\/quotedbl.glif","\/latinwd.ufo\/glyphs\/quotedblbase.glif":"\/latinwd.ufo\/glyphs\/quotedblbase.glif","\/latinwd.ufo\/glyphs\/quotedblleft.glif":"\/latinwd.ufo\/glyphs\/quotedblleft.glif","\/latinwd.ufo\/glyphs\/quotedblright.glif":"\/latinwd.ufo\/glyphs\/quotedblright.glif","\/latinwd.ufo\/glyphs\/quoteleft.glif":"\/latinwd.ufo\/glyphs\/quoteleft.glif","\/latinwd.ufo\/glyphs\/quoteright.glif":"\/latinwd.ufo\/glyphs\/quoteright.glif","\/latinwd.ufo\/glyphs\/quotesinglbase.glif":"\/latinwd.ufo\/glyphs\/quotesinglbase.glif","\/latinwd.ufo\/glyphs\/quotesingle.glif":"\/latinwd.ufo\/glyphs\/quotesingle.glif","\/latinwd.ufo\/glyphs\/r.glif":"\/latinwd.ufo\/glyphs\/r.glif","\/latinwd.ufo\/glyphs\/radical.glif":"\/latinwd.ufo\/glyphs\/radical.glif","\/latinwd.ufo\/glyphs\/registered.glif":"\/latinwd.ufo\/glyphs\/registered.glif","\/latinwd.ufo\/glyphs\/ring.glif":"\/latinwd.ufo\/glyphs\/ring.glif","\/latinwd.ufo\/glyphs\/s.glif":"\/latinwd.ufo\/glyphs\/s.glif","\/latinwd.ufo\/glyphs\/scaron.glif":"\/latinwd.ufo\/glyphs\/scaron.glif","\/latinwd.ufo\/glyphs\/section.glif":"\/latinwd.ufo\/glyphs\/section.glif","\/latinwd.ufo\/glyphs\/semicolon.glif":"\/latinwd.ufo\/glyphs\/semicolon.glif","\/latinwd.ufo\/glyphs\/seven.glif":"\/latinwd.ufo\/glyphs\/seven.glif","\/latinwd.ufo\/glyphs\/six.glif":"\/latinwd.ufo\/glyphs\/six.glif","\/latinwd.ufo\/glyphs\/slash.glif":"\/latinwd.ufo\/glyphs\/slash.glif","\/latinwd.ufo\/glyphs\/space.glif":"\/latinwd.ufo\/glyphs\/space.glif","\/latinwd.ufo\/glyphs\/sterling.glif":"\/latinwd.ufo\/glyphs\/sterling.glif","\/latinwd.ufo\/glyphs\/summation.glif":"\/latinwd.ufo\/glyphs\/summation.glif","\/latinwd.ufo\/glyphs\/t.glif":"\/latinwd.ufo\/glyphs\/t.glif","\/latinwd.ufo\/glyphs\/thorn.glif":"\/latinwd.ufo\/glyphs\/thorn.glif","\/latinwd.ufo\/glyphs\/three.glif":"\/latinwd.ufo\/glyphs\/three.glif","\/latinwd.ufo\/glyphs\/threequarters.glif":"\/latinwd.ufo\/glyphs\/threequarters.glif","\/latinwd.ufo\/glyphs\/threesuperior.glif":"\/latinwd.ufo\/glyphs\/threesuperior.glif","\/latinwd.ufo\/glyphs\/tilde.glif":"\/latinwd.ufo\/glyphs\/tilde.glif","\/latinwd.ufo\/glyphs\/trademark.glif":"\/latinwd.ufo\/glyphs\/trademark.glif","\/latinwd.ufo\/glyphs\/two.glif":"\/latinwd.ufo\/glyphs\/two.glif","\/latinwd.ufo\/glyphs\/twosuperior.glif":"\/latinwd.ufo\/glyphs\/twosuperior.glif","\/latinwd.ufo\/glyphs\/u.glif":"\/latinwd.ufo\/glyphs\/u.glif","\/latinwd.ufo\/glyphs\/uacute.glif":"\/latinwd.ufo\/glyphs\/uacute.glif","\/latinwd.ufo\/glyphs\/ucircumflex.glif":"\/latinwd.ufo\/glyphs\/ucircumflex.glif","\/latinwd.ufo\/glyphs\/udieresis.glif":"\/latinwd.ufo\/glyphs\/udieresis.glif","\/latinwd.ufo\/glyphs\/ugrave.glif":"\/latinwd.ufo\/glyphs\/ugrave.glif","\/latinwd.ufo\/glyphs\/underscore.glif":"\/latinwd.ufo\/glyphs\/underscore.glif","\/latinwd.ufo\/glyphs\/uni00A_0.glif":"\/latinwd.ufo\/glyphs\/uni00A_0.glif","\/latinwd.ufo\/glyphs\/v.glif":"\/latinwd.ufo\/glyphs\/v.glif","\/latinwd.ufo\/glyphs\/w.glif":"\/latinwd.ufo\/glyphs\/w.glif","\/latinwd.ufo\/glyphs\/x.glif":"\/latinwd.ufo\/glyphs\/x.glif","\/latinwd.ufo\/glyphs\/y.glif":"\/latinwd.ufo\/glyphs\/y.glif","\/latinwd.ufo\/glyphs\/yacute.glif":"\/latinwd.ufo\/glyphs\/yacute.glif","\/latinwd.ufo\/glyphs\/ydieresis.glif":"\/latinwd.ufo\/glyphs\/ydieresis.glif","\/latinwd.ufo\/glyphs\/yen.glif":"\/latinwd.ufo\/glyphs\/yen.glif","\/latinwd.ufo\/glyphs\/z.glif":"\/latinwd.ufo\/glyphs\/z.glif","\/latinwd.ufo\/glyphs\/zero.glif":"\/latinwd.ufo\/glyphs\/zero.glif"},"Font":{"uploaded":1489360810.2728,"licence":"gpl3","company":"Chronolabs Cooperative","title":"Latin Wide","version":3.002,"date":"Fri Nov 25 22:18:11 2016","creator":"root","type":"1","matrix":"0.000488281 0 0 0.000488281 0 0","named":"LatinWide","painttype":"0","info":"10 dict dup","name":"Wide Latin","family":"Wide Latin","weight":"Book","fstype":"8","italicangle":"0","underlineposition":"","underlinethickness":""},"Licences":{"":false},"Table":{"FFTM":{"entryLength":16,"tag":"FFTM","checksum":1962491830,"offset":26856,"length":28},"GDEF":{"entryLength":16,"tag":"GDEF","checksum":19464196,"offset":26824,"length":32},"OS\/2":{"entryLength":16,"tag":"OS\/2","checksum":2240497718,"offset":344,"length":86},"cmap":{"entryLength":16,"tag":"cmap","checksum":2844227314,"offset":1440,"length":802},"gasp":{"entryLength":16,"tag":"gasp","checksum":4294901763,"offset":26816,"length":8},"glyf":{"entryLength":16,"tag":"glyf","checksum":2368483590,"offset":2752,"length":22592},"head":{"entryLength":16,"tag":"head","checksum":371756611,"offset":220,"length":54},"hhea":{"entryLength":16,"tag":"hhea","checksum":380243294,"offset":276,"length":36},"hmtx":{"entryLength":16,"tag":"hmtx","checksum":1187650447,"offset":432,"length":1008},"loca":{"entryLength":16,"tag":"loca","checksum":1413824106,"offset":2244,"length":506},"maxp":{"entryLength":16,"tag":"maxp","checksum":21692580,"offset":312,"length":32},"name":{"entryLength":16,"tag":"name","checksum":27162804,"offset":25344,"length":816},"post":{"entryLength":16,"tag":"post","checksum":3666001668,"offset":26160,"length":655}},"UnicodeCharMap":{"32":3,"33":4,"34":5,"35":6,"36":7,"37":8,"38":9,"39":10,"40":11,"41":12,"42":13,"43":14,"44":15,"45":16,"46":17,"47":18,"48":19,"49":20,"50":21,"51":22,"52":23,"53":24,"54":25,"55":26,"56":27,"57":28,"58":29,"59":30,"60":31,"61":32,"62":33,"63":34,"64":35,"65":36,"66":37,"67":38,"68":39,"69":40,"70":41,"71":42,"72":43,"73":44,"74":45,"75":46,"76":47,"77":48,"78":49,"79":50,"80":51,"81":52,"82":53,"83":54,"84":55,"85":56,"86":57,"87":58,"88":59,"89":60,"90":61,"91":62,"92":63,"93":64,"94":65,"95":66,"96":67,"97":68,"98":69,"99":70,"100":71,"101":72,"102":73,"103":74,"104":75,"105":76,"106":77,"107":78,"108":79,"109":80,"110":81,"111":82,"112":83,"113":84,"114":85,"115":86,"116":87,"117":88,"118":89,"119":90,"120":91,"121":92,"122":93,"123":94,"124":95,"125":96,"126":97,"160":98,"161":99,"162":100,"163":101,"164":102,"165":103,"166":104,"167":105,"168":106,"169":107,"170":108,"171":109,"172":110,"174":111,"175":223,"176":112,"177":113,"178":114,"179":115,"180":116,"182":118,"183":197,"184":119,"185":120,"186":121,"187":122,"188":123,"189":124,"190":125,"191":126,"192":127,"193":128,"194":129,"195":130,"196":131,"197":132,"198":133,"199":134,"200":135,"201":136,"202":137,"203":138,"204":139,"205":140,"206":141,"207":142,"208":143,"209":144,"210":145,"211":146,"212":147,"213":148,"214":149,"215":150,"216":151,"217":152,"218":153,"219":154,"220":155,"221":156,"222":157,"223":158,"224":159,"225":160,"226":161,"227":162,"228":163,"229":164,"230":165,"231":166,"232":167,"233":168,"234":169,"235":170,"236":171,"237":172,"238":173,"239":174,"240":175,"241":176,"242":177,"243":178,"244":179,"245":180,"246":181,"247":182,"248":183,"249":184,"250":185,"251":186,"252":187,"253":188,"254":189,"255":190,"305":193,"338":191,"339":192,"352":248,"353":251,"376":239,"402":196,"710":217,"711":218,"728":219,"729":215,"730":216,"731":222,"732":220,"733":221,"916":226,"937":238,"956":117,"960":237,"8211":205,"8212":206,"8216":199,"8217":212,"8218":211,"8220":201,"8221":200,"8222":202,"8224":207,"8225":208,"8226":224,"8230":198,"8240":214,"8249":204,"8250":203,"8260":213,"8364":210,"8482":209,"8706":236,"8719":234,"8721":235,"8730":228,"8734":233,"8747":229,"8776":230,"8800":227,"8804":231,"8805":232,"9674":225,"64257":194,"64258":195},"Reserves":{"fontname":"Wide Latin"},"Names":{"Wide Latin":{"name":"Wide Latin","longitude":"0.00000001","latitude":"0.00000001","country":"","region":"","city":""}},"Nodes":{"wi":{"type":"typal","node":"wi","usage":1,"weight":1},"de":{"type":"typal","node":"de","usage":1,"weight":1},"la":{"type":"typal","node":"la","usage":1,"weight":1},"in":{"type":"typal","node":"in","usage":1,"weight":1},"wid":{"type":"typal","node":"wid","usage":1,"weight":1},"ide":{"type":"typal","node":"ide","usage":1,"weight":1},"lat":{"type":"typal","node":"lat","usage":1,"weight":1},"tin":{"type":"typal","node":"tin","usage":1,"weight":1},"lati":{"type":"keys","node":"lati","usage":1,"weight":1},"atin":{"type":"keys","node":"atin","usage":1,"weight":1},"wide":{"type":"fixes","node":"wide","usage":1,"weight":1},"latin":{"type":"fixes","node":"latin","usage":1,"weight":1}},"Contributors":[],"FontIdentity":"zinc77:677d16de79bdb50feda3f91af","Bytes":null,"Networking":[],"barcode":"aaqgeg6ag5s73","referee":"oaukc"}