{"CSS":{"Orleans":"wagovau:2de7cb1d48c1ba8f830c295a.css"},"FontType":"TrueType","FontCopyright":"Orleans 1.00","FontName":"Orleans","FontSubfamily":"Medium","FontSubfamilyID":"FontForge 2.0 : Orleans : 12-8-2016","FontFullName":"Orleans","FontVersion":"Version 001.001 ","FontWeight":null,"FontPostscriptName":"Orleans","Files":{"\/Orleans.css":"\/Orleans.css","\/font-resource.json":"\/font-resource.json","\/orleans.afm":"\/orleans.afm","\/orleans.cef":"\/orleans.cef","\/orleans.cff":"\/orleans.cff","\/orleans.eot":"\/orleans.eot","\/orleans.gai":"\/orleans.gai","\/orleans.gsf":"\/orleans.gsf","\/orleans.otf":"\/orleans.otf","\/orleans.pf3":"\/orleans.pf3","\/orleans.pfa":"\/orleans.pfa","\/orleans.pfb":"\/orleans.pfb","\/orleans.php":"\/orleans.php","\/orleans.pt3":"\/orleans.pt3","\/orleans.sfd":"\/orleans.sfd","\/orleans.svg":"\/orleans.svg","\/orleans.t42":"\/orleans.t42","\/orleans.ttd":"\/orleans.ttd","\/orleans.ttf":"\/orleans.ttf","\/orleans.ttg":"\/orleans.ttg","\/orleans.ufm":"\/orleans.ufm","\/orleans.woff":"\/orleans.woff","\/orleans.z":"\/orleans.z","\/orleans.ufo\/feature.fea":"\/orleans.ufo\/feature.fea","\/orleans.ufo\/fontinfo.plist":"\/orleans.ufo\/fontinfo.plist","\/orleans.ufo\/groups.plist":"\/orleans.ufo\/groups.plist","\/orleans.ufo\/kerning.plist":"\/orleans.ufo\/kerning.plist","\/orleans.ufo\/metainfo.plist":"\/orleans.ufo\/metainfo.plist","\/orleans.ufo\/glyphs\/A_.glif":"\/orleans.ufo\/glyphs\/A_.glif","\/orleans.ufo\/glyphs\/B_.glif":"\/orleans.ufo\/glyphs\/B_.glif","\/orleans.ufo\/glyphs\/C_.glif":"\/orleans.ufo\/glyphs\/C_.glif","\/orleans.ufo\/glyphs\/D_.glif":"\/orleans.ufo\/glyphs\/D_.glif","\/orleans.ufo\/glyphs\/E_.glif":"\/orleans.ufo\/glyphs\/E_.glif","\/orleans.ufo\/glyphs\/F_.glif":"\/orleans.ufo\/glyphs\/F_.glif","\/orleans.ufo\/glyphs\/G_.glif":"\/orleans.ufo\/glyphs\/G_.glif","\/orleans.ufo\/glyphs\/H_.glif":"\/orleans.ufo\/glyphs\/H_.glif","\/orleans.ufo\/glyphs\/I_.glif":"\/orleans.ufo\/glyphs\/I_.glif","\/orleans.ufo\/glyphs\/J_.glif":"\/orleans.ufo\/glyphs\/J_.glif","\/orleans.ufo\/glyphs\/K_.glif":"\/orleans.ufo\/glyphs\/K_.glif","\/orleans.ufo\/glyphs\/L_.glif":"\/orleans.ufo\/glyphs\/L_.glif","\/orleans.ufo\/glyphs\/M_.glif":"\/orleans.ufo\/glyphs\/M_.glif","\/orleans.ufo\/glyphs\/N_.glif":"\/orleans.ufo\/glyphs\/N_.glif","\/orleans.ufo\/glyphs\/O_.glif":"\/orleans.ufo\/glyphs\/O_.glif","\/orleans.ufo\/glyphs\/P_.glif":"\/orleans.ufo\/glyphs\/P_.glif","\/orleans.ufo\/glyphs\/Q_.glif":"\/orleans.ufo\/glyphs\/Q_.glif","\/orleans.ufo\/glyphs\/R_.glif":"\/orleans.ufo\/glyphs\/R_.glif","\/orleans.ufo\/glyphs\/S_.glif":"\/orleans.ufo\/glyphs\/S_.glif","\/orleans.ufo\/glyphs\/T_.glif":"\/orleans.ufo\/glyphs\/T_.glif","\/orleans.ufo\/glyphs\/U_.glif":"\/orleans.ufo\/glyphs\/U_.glif","\/orleans.ufo\/glyphs\/V_.glif":"\/orleans.ufo\/glyphs\/V_.glif","\/orleans.ufo\/glyphs\/W_.glif":"\/orleans.ufo\/glyphs\/W_.glif","\/orleans.ufo\/glyphs\/X_.glif":"\/orleans.ufo\/glyphs\/X_.glif","\/orleans.ufo\/glyphs\/Y_.glif":"\/orleans.ufo\/glyphs\/Y_.glif","\/orleans.ufo\/glyphs\/Z_.glif":"\/orleans.ufo\/glyphs\/Z_.glif","\/orleans.ufo\/glyphs\/a.glif":"\/orleans.ufo\/glyphs\/a.glif","\/orleans.ufo\/glyphs\/ampersand.glif":"\/orleans.ufo\/glyphs\/ampersand.glif","\/orleans.ufo\/glyphs\/asterisk.glif":"\/orleans.ufo\/glyphs\/asterisk.glif","\/orleans.ufo\/glyphs\/at.glif":"\/orleans.ufo\/glyphs\/at.glif","\/orleans.ufo\/glyphs\/b.glif":"\/orleans.ufo\/glyphs\/b.glif","\/orleans.ufo\/glyphs\/c.glif":"\/orleans.ufo\/glyphs\/c.glif","\/orleans.ufo\/glyphs\/cent.glif":"\/orleans.ufo\/glyphs\/cent.glif","\/orleans.ufo\/glyphs\/colon.glif":"\/orleans.ufo\/glyphs\/colon.glif","\/orleans.ufo\/glyphs\/comma.glif":"\/orleans.ufo\/glyphs\/comma.glif","\/orleans.ufo\/glyphs\/contents.plist":"\/orleans.ufo\/glyphs\/contents.plist","\/orleans.ufo\/glyphs\/d.glif":"\/orleans.ufo\/glyphs\/d.glif","\/orleans.ufo\/glyphs\/dollar.glif":"\/orleans.ufo\/glyphs\/dollar.glif","\/orleans.ufo\/glyphs\/e.glif":"\/orleans.ufo\/glyphs\/e.glif","\/orleans.ufo\/glyphs\/eight.glif":"\/orleans.ufo\/glyphs\/eight.glif","\/orleans.ufo\/glyphs\/emdash.glif":"\/orleans.ufo\/glyphs\/emdash.glif","\/orleans.ufo\/glyphs\/endash.glif":"\/orleans.ufo\/glyphs\/endash.glif","\/orleans.ufo\/glyphs\/equal.glif":"\/orleans.ufo\/glyphs\/equal.glif","\/orleans.ufo\/glyphs\/exclam.glif":"\/orleans.ufo\/glyphs\/exclam.glif","\/orleans.ufo\/glyphs\/f.glif":"\/orleans.ufo\/glyphs\/f.glif","\/orleans.ufo\/glyphs\/five.glif":"\/orleans.ufo\/glyphs\/five.glif","\/orleans.ufo\/glyphs\/four.glif":"\/orleans.ufo\/glyphs\/four.glif","\/orleans.ufo\/glyphs\/g.glif":"\/orleans.ufo\/glyphs\/g.glif","\/orleans.ufo\/glyphs\/h.glif":"\/orleans.ufo\/glyphs\/h.glif","\/orleans.ufo\/glyphs\/hyphen.glif":"\/orleans.ufo\/glyphs\/hyphen.glif","\/orleans.ufo\/glyphs\/i.glif":"\/orleans.ufo\/glyphs\/i.glif","\/orleans.ufo\/glyphs\/j.glif":"\/orleans.ufo\/glyphs\/j.glif","\/orleans.ufo\/glyphs\/k.glif":"\/orleans.ufo\/glyphs\/k.glif","\/orleans.ufo\/glyphs\/l.glif":"\/orleans.ufo\/glyphs\/l.glif","\/orleans.ufo\/glyphs\/m.glif":"\/orleans.ufo\/glyphs\/m.glif","\/orleans.ufo\/glyphs\/n.glif":"\/orleans.ufo\/glyphs\/n.glif","\/orleans.ufo\/glyphs\/nine.glif":"\/orleans.ufo\/glyphs\/nine.glif","\/orleans.ufo\/glyphs\/numbersign.glif":"\/orleans.ufo\/glyphs\/numbersign.glif","\/orleans.ufo\/glyphs\/o.glif":"\/orleans.ufo\/glyphs\/o.glif","\/orleans.ufo\/glyphs\/one.glif":"\/orleans.ufo\/glyphs\/one.glif","\/orleans.ufo\/glyphs\/p.glif":"\/orleans.ufo\/glyphs\/p.glif","\/orleans.ufo\/glyphs\/parenleft.glif":"\/orleans.ufo\/glyphs\/parenleft.glif","\/orleans.ufo\/glyphs\/parenright.glif":"\/orleans.ufo\/glyphs\/parenright.glif","\/orleans.ufo\/glyphs\/percent.glif":"\/orleans.ufo\/glyphs\/percent.glif","\/orleans.ufo\/glyphs\/period.glif":"\/orleans.ufo\/glyphs\/period.glif","\/orleans.ufo\/glyphs\/plus.glif":"\/orleans.ufo\/glyphs\/plus.glif","\/orleans.ufo\/glyphs\/q.glif":"\/orleans.ufo\/glyphs\/q.glif","\/orleans.ufo\/glyphs\/question.glif":"\/orleans.ufo\/glyphs\/question.glif","\/orleans.ufo\/glyphs\/quotedbl.glif":"\/orleans.ufo\/glyphs\/quotedbl.glif","\/orleans.ufo\/glyphs\/quotedblleft.glif":"\/orleans.ufo\/glyphs\/quotedblleft.glif","\/orleans.ufo\/glyphs\/quotedblright.glif":"\/orleans.ufo\/glyphs\/quotedblright.glif","\/orleans.ufo\/glyphs\/quoteleft.glif":"\/orleans.ufo\/glyphs\/quoteleft.glif","\/orleans.ufo\/glyphs\/quoteright.glif":"\/orleans.ufo\/glyphs\/quoteright.glif","\/orleans.ufo\/glyphs\/quotesingle.glif":"\/orleans.ufo\/glyphs\/quotesingle.glif","\/orleans.ufo\/glyphs\/r.glif":"\/orleans.ufo\/glyphs\/r.glif","\/orleans.ufo\/glyphs\/s.glif":"\/orleans.ufo\/glyphs\/s.glif","\/orleans.ufo\/glyphs\/semicolon.glif":"\/orleans.ufo\/glyphs\/semicolon.glif","\/orleans.ufo\/glyphs\/seven.glif":"\/orleans.ufo\/glyphs\/seven.glif","\/orleans.ufo\/glyphs\/six.glif":"\/orleans.ufo\/glyphs\/six.glif","\/orleans.ufo\/glyphs\/slash.glif":"\/orleans.ufo\/glyphs\/slash.glif","\/orleans.ufo\/glyphs\/space.glif":"\/orleans.ufo\/glyphs\/space.glif","\/orleans.ufo\/glyphs\/t.glif":"\/orleans.ufo\/glyphs\/t.glif","\/orleans.ufo\/glyphs\/three.glif":"\/orleans.ufo\/glyphs\/three.glif","\/orleans.ufo\/glyphs\/two.glif":"\/orleans.ufo\/glyphs\/two.glif","\/orleans.ufo\/glyphs\/u.glif":"\/orleans.ufo\/glyphs\/u.glif","\/orleans.ufo\/glyphs\/v.glif":"\/orleans.ufo\/glyphs\/v.glif","\/orleans.ufo\/glyphs\/w.glif":"\/orleans.ufo\/glyphs\/w.glif","\/orleans.ufo\/glyphs\/x.glif":"\/orleans.ufo\/glyphs\/x.glif","\/orleans.ufo\/glyphs\/y.glif":"\/orleans.ufo\/glyphs\/y.glif","\/orleans.ufo\/glyphs\/z.glif":"\/orleans.ufo\/glyphs\/z.glif","\/orleans.ufo\/glyphs\/zero.glif":"\/orleans.ufo\/glyphs\/zero.glif"},"Font":{"uploaded":1471025274.8566,"licence":"gpl3","company":"Chronolabs Cooperative","title":"Orleans","version":3.002,"date":"Fri Aug 12 10:01:46 2016","creator":"root","type":"1","matrix":"0.001 0 0 0.001 0 0","named":"Orleans","painttype":"0","info":"10 dict dup","name":"Orleans","family":"Orleans","weight":"Medium","fstype":"0","italicangle":"0","underlineposition":"","underlinethickness":""},"Licences":{"":false},"Table":{"FFTM":{"entryLength":16,"tag":"FFTM","checksum":1944367460,"offset":9604,"length":28},"GDEF":{"entryLength":16,"tag":"GDEF","checksum":9043974,"offset":9572,"length":32},"OS\/2":{"entryLength":16,"tag":"OS\/2","checksum":1453326442,"offset":344,"length":86},"cmap":{"entryLength":16,"tag":"cmap","checksum":4096546811,"offset":804,"length":390},"gasp":{"entryLength":16,"tag":"gasp","checksum":4294901763,"offset":9564,"length":8},"glyf":{"entryLength":16,"tag":"glyf","checksum":671430383,"offset":1384,"length":7492},"head":{"entryLength":16,"tag":"head","checksum":186430678,"offset":220,"length":54},"hhea":{"entryLength":16,"tag":"hhea","checksum":131269649,"offset":276,"length":36},"hmtx":{"entryLength":16,"tag":"hmtx","checksum":3660974783,"offset":432,"length":372},"loca":{"entryLength":16,"tag":"loca","checksum":1365072068,"offset":1196,"length":188},"maxp":{"entryLength":16,"tag":"maxp","checksum":10748047,"offset":312,"length":32},"name":{"entryLength":16,"tag":"name","checksum":395970043,"offset":8876,"length":465},"post":{"entryLength":16,"tag":"post","checksum":163056197,"offset":9344,"length":220}},"UnicodeCharMap":{"32":3,"33":4,"34":5,"35":6,"36":7,"37":8,"38":9,"39":10,"40":11,"41":12,"42":13,"43":14,"44":15,"45":16,"46":17,"47":18,"48":19,"49":20,"50":21,"51":22,"52":23,"53":24,"54":25,"55":26,"56":27,"57":28,"58":29,"59":30,"61":31,"63":32,"64":33,"65":34,"66":35,"67":36,"68":37,"69":38,"70":39,"71":40,"72":41,"73":42,"74":43,"75":44,"76":45,"77":46,"78":47,"79":48,"80":49,"81":50,"82":51,"83":52,"84":53,"85":54,"86":55,"87":56,"88":57,"89":58,"90":59,"97":60,"98":61,"99":62,"100":63,"101":64,"102":65,"103":66,"104":67,"105":68,"106":69,"107":70,"108":71,"109":72,"110":73,"111":74,"112":75,"113":76,"114":77,"115":78,"116":79,"117":80,"118":81,"119":82,"120":83,"121":84,"122":85,"162":86,"8211":90,"8212":92,"8216":88,"8217":87,"8220":89,"8221":91},"Reserves":{"fontname":"Orleans"},"Names":{"Orleans":{"name":"Orleans","longitude":"0.00000001","latitude":"0.00000001","country":"","region":"","city":""}},"Nodes":{"or":{"type":"typal","node":"or","usage":1,"weight":1},"ns":{"type":"typal","node":"ns","usage":1,"weight":1},"orl":{"type":"typal","node":"orl","usage":1,"weight":1},"ans":{"type":"typal","node":"ans","usage":1,"weight":1},"orle":{"type":"keys","node":"orle","usage":1,"weight":1},"eans":{"type":"keys","node":"eans","usage":1,"weight":1},"orlea":{"type":"keys","node":"orlea","usage":1,"weight":1},"leans":{"type":"keys","node":"leans","usage":1,"weight":1},"orleans":{"type":"fixes","node":"orleans","usage":1,"weight":1}},"Contributors":[],"FontIdentity":"wagovau:2de7cb1d48c1ba8f830c295a","Bytes":null,"Networking":[],"barcode":"3211uWAK7e6ayC","referee":"4ioSK"}