{"CSS":{"CarrAstroDings":"CarrAstroDings.css"},"FontType":"TrueType","FontCopyright":"FREEWARE! Please vote. If you don't vote, you can't bitch! ","FontName":"CarrAstroDings","FontSubfamily":"Book","FontSubfamilyID":"FontForge 2.0 : CarrAstroDings : 14-8-2016","FontFullName":"Carr Astro Dings","FontVersion":"Version -------------- e:aff ","FontWeight":null,"FontPostscriptName":"CarrAstroDings","Files":{"carrastr.afm":"carrastr.afm","carrastr.bin":"carrastr.bin","carrastr.cef":"carrastr.cef","carrastr.cff":"carrastr.cff","carrastr.cid":"carrastr.cid","carrastr.dfont":"carrastr.dfont","carrastr.eot":"carrastr.eot","carrastr.fon":"carrastr.fon","carrastr.gai":"carrastr.gai","carrastr.gsf":"carrastr.gsf","carrastr.hqx":"carrastr.hqx","carrastr.ik":"carrastr.ik","carrastr.mf":"carrastr.mf","carrastr.otf":"carrastr.otf","carrastr.pcf":"carrastr.pcf","carrastr.pf3":"carrastr.pf3","carrastr.pfa":"carrastr.pfa","carrastr.pfb":"carrastr.pfb","carrastr.php":"carrastr.php","carrastr.pmf":"carrastr.pmf","carrastr.pt3":"carrastr.pt3","carrastr.sfd":"carrastr.sfd","carrastr.svg":"carrastr.svg","carrastr.t42":"carrastr.t42","carrastr.ttd":"carrastr.ttd","carrastr.ttf":"carrastr.ttf","carrastr.ttg":"carrastr.ttg","carrastr.ufm":"carrastr.ufm","carrastr.woff":"carrastr.woff","carrastr.z":"carrastr.z","":{"carrastr.afm":"carrastr.afm","carrastr.bin":"carrastr.bin","carrastr.cef":"carrastr.cef","carrastr.cff":"carrastr.cff","carrastr.cid":"carrastr.cid","carrastr.dfont":"carrastr.dfont","carrastr.eot":"carrastr.eot","carrastr.fon":"carrastr.fon","carrastr.gai":"carrastr.gai","carrastr.gsf":"carrastr.gsf","carrastr.hqx":"carrastr.hqx","carrastr.ik":"carrastr.ik","carrastr.mf":"carrastr.mf","carrastr.otf":"carrastr.otf","carrastr.pcf":"carrastr.pcf","carrastr.pf3":"carrastr.pf3","carrastr.pfa":"carrastr.pfa","carrastr.pfb":"carrastr.pfb","carrastr.php":"carrastr.php","carrastr.pmf":"carrastr.pmf","carrastr.pt3":"carrastr.pt3","carrastr.sfd":"carrastr.sfd","carrastr.svg":"carrastr.svg","carrastr.t42":"carrastr.t42","carrastr.ttd":"carrastr.ttd","carrastr.ttf":"carrastr.ttf","carrastr.ttg":"carrastr.ttg","carrastr.ufm":"carrastr.ufm","carrastr.woff":"carrastr.woff","carrastr.z":"carrastr.z"},"\/carrastr.ufo":{"feature.fea":"feature.fea","fontinfo.plist":"fontinfo.plist","groups.plist":"groups.plist","kerning.plist":"kerning.plist","metainfo.plist":"metainfo.plist"},"\/carrastr.ufo\/glyphs":{"A_.glif":"A_.glif","A_E_.glif":"A_E_.glif","A_acute.glif":"A_acute.glif","A_breve.glif":"A_breve.glif","A_circumflex.glif":"A_circumflex.glif","A_dieresis.glif":"A_dieresis.glif","A_grave.glif":"A_grave.glif","A_ogonek.glif":"A_ogonek.glif","A_ring.glif":"A_ring.glif","A_tilde.glif":"A_tilde.glif","B_.glif":"B_.glif","C_.glif":"C_.glif","C_acute.glif":"C_acute.glif","C_caron.glif":"C_caron.glif","C_cedilla.glif":"C_cedilla.glif","D_.glif":"D_.glif","D_caron.glif":"D_caron.glif","D_croat.glif":"D_croat.glif","E_.glif":"E_.glif","E_acute.glif":"E_acute.glif","E_caron.glif":"E_caron.glif","E_circumflex.glif":"E_circumflex.glif","E_dieresis.glif":"E_dieresis.glif","E_grave.glif":"E_grave.glif","E_ogonek.glif":"E_ogonek.glif","E_th.glif":"E_th.glif","F_.glif":"F_.glif","G_.glif":"G_.glif","G_amma.glif":"G_amma.glif","G_breve.glif":"G_breve.glif","H_.glif":"H_.glif","I_.glif":"I_.glif","I_acute.glif":"I_acute.glif","I_circumflex.glif":"I_circumflex.glif","I_dieresis.glif":"I_dieresis.glif","I_dotaccent.glif":"I_dotaccent.glif","I_grave.glif":"I_grave.glif","J_.glif":"J_.glif","K_.glif":"K_.glif","L_.glif":"L_.glif","L_acute.glif":"L_acute.glif","L_caron.glif":"L_caron.glif","L_dot.glif":"L_dot.glif","L_slash.glif":"L_slash.glif","M_.glif":"M_.glif","N_.glif":"N_.glif","N_acute.glif":"N_acute.glif","N_caron.glif":"N_caron.glif","N_tilde.glif":"N_tilde.glif","O_.glif":"O_.glif","O_E_.glif":"O_E_.glif","O_acute.glif":"O_acute.glif","O_circumflex.glif":"O_circumflex.glif","O_dieresis.glif":"O_dieresis.glif","O_grave.glif":"O_grave.glif","O_hungarumlaut.glif":"O_hungarumlaut.glif","O_mega.glif":"O_mega.glif","O_slash.glif":"O_slash.glif","O_tilde.glif":"O_tilde.glif","P_.glif":"P_.glif","P_hi.glif":"P_hi.glif","Q_.glif":"Q_.glif","R_.glif":"R_.glif","R_acute.glif":"R_acute.glif","R_caron.glif":"R_caron.glif","S_.glif":"S_.glif","S_F_010000.glif":"S_F_010000.glif","S_F_020000.glif":"S_F_020000.glif","S_F_030000.glif":"S_F_030000.glif","S_F_040000.glif":"S_F_040000.glif","S_F_050000.glif":"S_F_050000.glif","S_F_060000.glif":"S_F_060000.glif","S_F_070000.glif":"S_F_070000.glif","S_F_080000.glif":"S_F_080000.glif","S_F_090000.glif":"S_F_090000.glif","S_F_100000.glif":"S_F_100000.glif","S_F_110000.glif":"S_F_110000.glif","S_F_190000.glif":"S_F_190000.glif","S_F_200000.glif":"S_F_200000.glif","S_F_210000.glif":"S_F_210000.glif","S_F_220000.glif":"S_F_220000.glif","S_F_230000.glif":"S_F_230000.glif","S_F_240000.glif":"S_F_240000.glif","S_F_250000.glif":"S_F_250000.glif","S_F_260000.glif":"S_F_260000.glif","S_F_270000.glif":"S_F_270000.glif","S_F_280000.glif":"S_F_280000.glif","S_F_360000.glif":"S_F_360000.glif","S_F_370000.glif":"S_F_370000.glif","S_F_380000.glif":"S_F_380000.glif","S_F_390000.glif":"S_F_390000.glif","S_F_400000.glif":"S_F_400000.glif","S_F_410000.glif":"S_F_410000.glif","S_F_420000.glif":"S_F_420000.glif","S_F_430000.glif":"S_F_430000.glif","S_F_440000.glif":"S_F_440000.glif","S_F_450000.glif":"S_F_450000.glif","S_F_460000.glif":"S_F_460000.glif","S_F_470000.glif":"S_F_470000.glif","S_F_480000.glif":"S_F_480000.glif","S_F_490000.glif":"S_F_490000.glif","S_F_500000.glif":"S_F_500000.glif","S_F_510000.glif":"S_F_510000.glif","S_F_520000.glif":"S_F_520000.glif","S_F_530000.glif":"S_F_530000.glif","S_F_540000.glif":"S_F_540000.glif","S_acute.glif":"S_acute.glif","S_caron.glif":"S_caron.glif","S_cedilla.glif":"S_cedilla.glif","S_igma.glif":"S_igma.glif","T_.glif":"T_.glif","T_caron.glif":"T_caron.glif","T_commaaccent.glif":"T_commaaccent.glif","T_heta.glif":"T_heta.glif","T_horn.glif":"T_horn.glif","U_.glif":"U_.glif","U_acute.glif":"U_acute.glif","U_circumflex.glif":"U_circumflex.glif","U_dieresis.glif":"U_dieresis.glif","U_grave.glif":"U_grave.glif","U_hungarumlaut.glif":"U_hungarumlaut.glif","U_ring.glif":"U_ring.glif","V_.glif":"V_.glif","W_.glif":"W_.glif","X_.glif":"X_.glif","Y_.glif":"Y_.glif","Y_acute.glif":"Y_acute.glif","Y_dieresis.glif":"Y_dieresis.glif","Z_.glif":"Z_.glif","Z_acute.glif":"Z_acute.glif","Z_caron.glif":"Z_caron.glif","Z_dotaccent.glif":"Z_dotaccent.glif","a.glif":"a.glif","aacute.glif":"aacute.glif","abreve.glif":"abreve.glif","acircumflex.glif":"acircumflex.glif","acute.glif":"acute.glif","adieresis.glif":"adieresis.glif","ae.glif":"ae.glif","agrave.glif":"agrave.glif","alpha.glif":"alpha.glif","ampersand.glif":"ampersand.glif","aogonek.glif":"aogonek.glif","approxequal.glif":"approxequal.glif","aring.glif":"aring.glif","arrowboth.glif":"arrowboth.glif","arrowdown.glif":"arrowdown.glif","arrowleft.glif":"arrowleft.glif","arrowright.glif":"arrowright.glif","arrowup.glif":"arrowup.glif","arrowupdn.glif":"arrowupdn.glif","arrowupdnbse.glif":"arrowupdnbse.glif","asciicircum.glif":"asciicircum.glif","asciitilde.glif":"asciitilde.glif","asterisk.glif":"asterisk.glif","at.glif":"at.glif","atilde.glif":"atilde.glif","b.glif":"b.glif","backslash.glif":"backslash.glif","bar.glif":"bar.glif","block.glif":"block.glif","braceleft.glif":"braceleft.glif","braceright.glif":"braceright.glif","bracketleft.glif":"bracketleft.glif","bracketright.glif":"bracketright.glif","breve.glif":"breve.glif","brokenbar.glif":"brokenbar.glif","bullet.glif":"bullet.glif","c.glif":"c.glif","cacute.glif":"cacute.glif","caron.glif":"caron.glif","ccaron.glif":"ccaron.glif","ccedilla.glif":"ccedilla.glif","cedilla.glif":"cedilla.glif","cent.glif":"cent.glif","circle.glif":"circle.glif","circumflex.glif":"circumflex.glif","club.glif":"club.glif","colon.glif":"colon.glif","comma.glif":"comma.glif","contents.plist":"contents.plist","copyright.glif":"copyright.glif","currency.glif":"currency.glif","d.glif":"d.glif","dagger.glif":"dagger.glif","daggerdbl.glif":"daggerdbl.glif","dcaron.glif":"dcaron.glif","dcroat.glif":"dcroat.glif","degree.glif":"degree.glif","delta.glif":"delta.glif","diamond.glif":"diamond.glif","dieresis.glif":"dieresis.glif","divide.glif":"divide.glif","dkshade.glif":"dkshade.glif","dnblock.glif":"dnblock.glif","dollar.glif":"dollar.glif","dotaccent.glif":"dotaccent.glif","dotlessi.glif":"dotlessi.glif","e.glif":"e.glif","eacute.glif":"eacute.glif","ecaron.glif":"ecaron.glif","ecircumflex.glif":"ecircumflex.glif","edieresis.glif":"edieresis.glif","egrave.glif":"egrave.glif","eight.glif":"eight.glif","ellipsis.glif":"ellipsis.glif","emdash.glif":"emdash.glif","endash.glif":"endash.glif","eogonek.glif":"eogonek.glif","epsilon.glif":"epsilon.glif","equal.glif":"equal.glif","equivalence.glif":"equivalence.glif","eth.glif":"eth.glif","exclam.glif":"exclam.glif","exclamdbl.glif":"exclamdbl.glif","exclamdown.glif":"exclamdown.glif","f.glif":"f.glif","female.glif":"female.glif","filledbox.glif":"filledbox.glif","filledrect.glif":"filledrect.glif","five.glif":"five.glif","florin.glif":"florin.glif","four.glif":"four.glif","franc.glif":"franc.glif","g.glif":"g.glif","gbreve.glif":"gbreve.glif","germandbls.glif":"germandbls.glif","glyph1.glif":"glyph1.glif","glyph131.glif":"glyph131.glif","glyph135.glif":"glyph135.glif","glyph177.glif":"glyph177.glif","glyph262.glif":"glyph262.glif","grave.glif":"grave.glif","greater.glif":"greater.glif","greaterequal.glif":"greaterequal.glif","guillemotleft.glif":"guillemotleft.glif","guillemotright.glif":"guillemotright.glif","guilsinglleft.glif":"guilsinglleft.glif","guilsinglright.glif":"guilsinglright.glif","h.glif":"h.glif","heart.glif":"heart.glif","house.glif":"house.glif","hyphen.glif":"hyphen.glif","i.glif":"i.glif","iacute.glif":"iacute.glif","icircumflex.glif":"icircumflex.glif","idieresis.glif":"idieresis.glif","igrave.glif":"igrave.glif","infinity.glif":"infinity.glif","integral.glif":"integral.glif","integralbt.glif":"integralbt.glif","integraltp.glif":"integraltp.glif","intersection.glif":"intersection.glif","invbullet.glif":"invbullet.glif","invcircle.glif":"invcircle.glif","invsmileface.glif":"invsmileface.glif","j.glif":"j.glif","k.glif":"k.glif","l.glif":"l.glif","lacute.glif":"lacute.glif","lcaron.glif":"lcaron.glif","ldot.glif":"ldot.glif","less.glif":"less.glif","lessequal.glif":"lessequal.glif","lfblock.glif":"lfblock.glif","logicalnot.glif":"logicalnot.glif","lozenge.glif":"lozenge.glif","lslash.glif":"lslash.glif","ltshade.glif":"ltshade.glif","m.glif":"m.glif","macron.glif":"macron.glif","male.glif":"male.glif","minus.glif":"minus.glif","multiply.glif":"multiply.glif","musicalnote.glif":"musicalnote.glif","musicalnotedbl.glif":"musicalnotedbl.glif","n.glif":"n.glif","nacute.glif":"nacute.glif","ncaron.glif":"ncaron.glif","nine.glif":"nine.glif","notequal.glif":"notequal.glif","ntilde.glif":"ntilde.glif","numbersign.glif":"numbersign.glif","o.glif":"o.glif","oacute.glif":"oacute.glif","ocircumflex.glif":"ocircumflex.glif","odieresis.glif":"odieresis.glif","oe.glif":"oe.glif","ogonek.glif":"ogonek.glif","ograve.glif":"ograve.glif","ohungarumlaut.glif":"ohungarumlaut.glif","one.glif":"one.glif","onehalf.glif":"onehalf.glif","onequarter.glif":"onequarter.glif","ordfeminine.glif":"ordfeminine.glif","ordmasculine.glif":"ordmasculine.glif","orthogonal.glif":"orthogonal.glif","oslash.glif":"oslash.glif","otilde.glif":"otilde.glif","p.glif":"p.glif","paragraph.glif":"paragraph.glif","parenleft.glif":"parenleft.glif","parenright.glif":"parenright.glif","partialdiff.glif":"partialdiff.glif","percent.glif":"percent.glif","period.glif":"period.glif","periodcentered.glif":"periodcentered.glif","perthousand.glif":"perthousand.glif","peseta.glif":"peseta.glif","phi.glif":"phi.glif","pi.glif":"pi.glif","plus.glif":"plus.glif","plusminus.glif":"plusminus.glif","product.glif":"product.glif","q.glif":"q.glif","question.glif":"question.glif","questiondown.glif":"questiondown.glif","quotedbl.glif":"quotedbl.glif","quotedblbase.glif":"quotedblbase.glif","quotedblleft.glif":"quotedblleft.glif","quotedblright.glif":"quotedblright.glif","quoteleft.glif":"quoteleft.glif","quoteright.glif":"quoteright.glif","quotesinglbase.glif":"quotesinglbase.glif","quotesingle.glif":"quotesingle.glif","r.glif":"r.glif","racute.glif":"racute.glif","radical.glif":"radical.glif","rcaron.glif":"rcaron.glif","registered.glif":"registered.glif","revlogicalnot.glif":"revlogicalnot.glif","ring.glif":"ring.glif","rtblock.glif":"rtblock.glif","s.glif":"s.glif","sacute.glif":"sacute.glif","scaron.glif":"scaron.glif","scedilla.glif":"scedilla.glif","section.glif":"section.glif","semicolon.glif":"semicolon.glif","seven.glif":"seven.glif","shade.glif":"shade.glif","sigma.glif":"sigma.glif","six.glif":"six.glif","slash.glif":"slash.glif","smileface.glif":"smileface.glif","space.glif":"space.glif","spade.glif":"spade.glif","sterling.glif":"sterling.glif","sun.glif":"sun.glif","t.glif":"t.glif","tau.glif":"tau.glif","tcaron.glif":"tcaron.glif","tcommaaccent.glif":"tcommaaccent.glif","thorn.glif":"thorn.glif","three.glif":"three.glif","threequarters.glif":"threequarters.glif","tilde.glif":"tilde.glif","trademark.glif":"trademark.glif","triagdn.glif":"triagdn.glif","triaglf.glif":"triaglf.glif","triagrt.glif":"triagrt.glif","triagup.glif":"triagup.glif","two.glif":"two.glif","u.glif":"u.glif","uacute.glif":"uacute.glif","ucircumflex.glif":"ucircumflex.glif","udieresis.glif":"udieresis.glif","ugrave.glif":"ugrave.glif","uhungarumlaut.glif":"uhungarumlaut.glif","underscore.glif":"underscore.glif","underscoredbl.glif":"underscoredbl.glif","uni00A_D_.glif":"uni00A_D_.glif","uni00B_2.glif":"uni00B_2.glif","uni00B_3.glif":"uni00B_3.glif","uni00B_5.glif":"uni00B_5.glif","uni00B_9.glif":"uni00B_9.glif","uni02B_A_.glif":"uni02B_A_.glif","uni02C_9.glif":"uni02C_9.glif","uni207F_.glif":"uni207F_.glif","uni2206.glif":"uni2206.glif","uni2215.glif":"uni2215.glif","uni2219.glif":"uni2219.glif","uniF_000.glif":"uniF_000.glif","uniF_001.glif":"uniF_001.glif","uniF_002.glif":"uniF_002.glif","upblock.glif":"upblock.glif","uring.glif":"uring.glif","v.glif":"v.glif","w.glif":"w.glif","x.glif":"x.glif","y.glif":"y.glif","yacute.glif":"yacute.glif","ydieresis.glif":"ydieresis.glif","yen.glif":"yen.glif","z.glif":"z.glif","zacute.glif":"zacute.glif","zcaron.glif":"zcaron.glif","zdotaccent.glif":"zdotaccent.glif","zero.glif":"zero.glif"}},"Font":{"uploaded":1471185547.8005,"licence":"gpl3","company":"Chronolabs Cooperative","title":"Carr Astro Dings","version":2.001,"date":"Fri Aug 12 15:40:40 2016","creator":"root","type":"1","matrix":"0.001 0 0 0.001 0 0","named":"CarrAstroDings","painttype":"0","info":"10 dict dup","name":"CarrAstroDings","family":"CarrAstroDings","weight":"Book","fstype":"4","italicangle":"17560","underlineposition":"","underlinethickness":""},"Table":{"FFTM":{"entryLength":16,"tag":"FFTM","checksum":1944408132,"offset":43064,"length":28},"GDEF":{"entryLength":16,"tag":"GDEF","checksum":29163524,"offset":43032,"length":32},"OS\/2":{"entryLength":16,"tag":"OS\/2","checksum":3475467564,"offset":344,"length":86},"cmap":{"entryLength":16,"tag":"cmap","checksum":2151461478,"offset":1628,"length":1674},"gasp":{"entryLength":16,"tag":"gasp","checksum":4294901763,"offset":43024,"length":8},"glyf":{"entryLength":16,"tag":"glyf","checksum":13342003,"offset":4108,"length":36040},"head":{"entryLength":16,"tag":"head","checksum":272019149,"offset":220,"length":54},"hhea":{"entryLength":16,"tag":"hhea","checksum":318376586,"offset":276,"length":36},"hmtx":{"entryLength":16,"tag":"hmtx","checksum":1821579402,"offset":432,"length":1196},"loca":{"entryLength":16,"tag":"loca","checksum":2985071596,"offset":3304,"length":802},"maxp":{"entryLength":16,"tag":"maxp","checksum":30933807,"offset":312,"length":32},"name":{"entryLength":16,"tag":"name","checksum":1714283112,"offset":40148,"length":723},"post":{"entryLength":16,"tag":"post","checksum":2304905054,"offset":40872,"length":2150}},"UnicodeCharMap":{"32":193,"33":3,"34":4,"35":5,"36":6,"37":7,"38":8,"39":9,"40":10,"41":11,"42":12,"43":13,"44":14,"45":15,"46":16,"47":17,"48":18,"49":19,"50":20,"51":21,"52":22,"53":23,"54":24,"55":25,"56":26,"57":27,"58":28,"59":29,"60":30,"61":31,"62":32,"63":33,"64":34,"65":35,"66":36,"67":37,"68":38,"69":39,"70":40,"71":41,"72":42,"73":43,"74":44,"75":45,"76":46,"77":47,"78":48,"79":49,"80":50,"81":51,"82":52,"83":53,"84":54,"85":55,"86":56,"87":57,"88":58,"89":59,"90":60,"91":61,"92":62,"93":63,"94":64,"95":65,"96":66,"97":67,"98":68,"99":69,"100":70,"101":71,"102":72,"103":73,"104":74,"105":75,"106":76,"107":77,"108":78,"109":79,"110":80,"111":81,"112":82,"113":83,"114":84,"115":85,"116":86,"117":87,"118":88,"119":89,"120":90,"121":91,"122":92,"123":93,"124":94,"125":95,"126":96,"161":98,"162":99,"163":100,"164":101,"165":102,"166":103,"167":104,"168":105,"169":106,"170":107,"171":108,"172":109,"173":110,"174":111,"175":112,"176":113,"177":114,"178":115,"179":116,"180":117,"181":118,"182":119,"183":120,"184":121,"185":122,"186":123,"187":124,"188":125,"189":126,"190":127,"191":128,"192":129,"193":130,"194":131,"195":132,"196":133,"197":134,"198":135,"199":136,"200":137,"201":138,"202":139,"203":140,"204":141,"205":142,"206":143,"207":144,"208":145,"209":146,"210":147,"211":148,"212":149,"213":150,"214":151,"215":152,"216":153,"217":154,"218":155,"219":156,"220":157,"221":158,"222":159,"223":160,"224":161,"225":162,"226":163,"227":164,"228":165,"229":166,"230":167,"231":168,"232":169,"233":170,"234":171,"235":172,"236":173,"237":174,"238":175,"239":176,"240":177,"241":178,"242":179,"243":180,"244":181,"245":182,"246":183,"247":184,"248":185,"249":186,"250":187,"251":188,"252":189,"253":190,"254":191,"255":192,"258":320,"259":321,"260":322,"261":323,"262":257,"263":258,"268":259,"269":260,"270":324,"271":325,"272":326,"273":261,"280":327,"281":328,"282":329,"283":330,"286":252,"287":253,"304":254,"305":234,"313":331,"314":332,"317":333,"318":334,"319":358,"320":359,"321":244,"322":245,"323":335,"324":336,"327":337,"328":338,"336":339,"337":340,"338":213,"339":214,"340":341,"341":342,"344":300,"345":343,"346":344,"347":345,"350":255,"351":256,"352":246,"353":247,"354":346,"355":347,"356":348,"357":349,"366":350,"367":351,"368":353,"369":352,"376":222,"377":354,"378":355,"379":356,"380":357,"381":248,"382":249,"402":209,"698":241,"710":236,"711":243,"713":237,"728":238,"729":239,"730":240,"731":242,"732":235,"915":271,"920":272,"931":203,"934":273,"937":207,"945":274,"948":275,"949":276,"960":205,"963":277,"964":278,"966":279,"8211":264,"8212":216,"8215":267,"8216":219,"8217":220,"8218":230,"8220":217,"8221":218,"8222":231,"8224":194,"8225":228,"8226":97,"8230":212,"8240":232,"8249":224,"8250":225,"8252":268,"8319":269,"8355":251,"8359":270,"8482":197,"8592":280,"8593":281,"8594":262,"8595":282,"8596":283,"8597":284,"8616":285,"8706":202,"8710":211,"8719":204,"8722":250,"8725":223,"8729":229,"8730":208,"8734":199,"8735":286,"8745":287,"8747":206,"8776":210,"8800":198,"8801":288,"8804":200,"8805":201,"8962":263,"8976":289,"8992":290,"8993":291,"9472":360,"9474":361,"9484":362,"9488":363,"9492":364,"9496":365,"9500":366,"9508":367,"9516":368,"9524":369,"9532":370,"9552":371,"9553":372,"9554":373,"9555":374,"9556":375,"9557":376,"9558":377,"9559":378,"9560":379,"9561":380,"9562":381,"9563":382,"9564":383,"9565":384,"9566":385,"9567":386,"9568":387,"9569":388,"9570":389,"9571":390,"9572":391,"9573":392,"9574":393,"9575":394,"9576":395,"9577":396,"9578":397,"9579":398,"9580":399,"9600":301,"9604":302,"9608":303,"9612":304,"9616":305,"9617":306,"9618":307,"9619":308,"9632":265,"9644":292,"9650":294,"9658":295,"9660":296,"9668":297,"9674":221,"9675":293,"9688":298,"9689":299,"9786":309,"9787":310,"9788":311,"9792":312,"9794":313,"9824":314,"9827":315,"9829":316,"9830":317,"9834":318,"9835":319,"61440":233,"61441":226,"61442":227},"Reserves":null,"Names":[],"Nodes":{"ca":{"type":"typal","node":"ca","usage":1,"weight":1},"rr":{"type":"typal","node":"rr","usage":1,"weight":1},"as":{"type":"typal","node":"as","usage":1,"weight":1},"ro":{"type":"typal","node":"ro","usage":1,"weight":1},"di":{"type":"typal","node":"di","usage":1,"weight":1},"gs":{"type":"typal","node":"gs","usage":1,"weight":1},"car":{"type":"typal","node":"car","usage":1,"weight":1},"arr":{"type":"typal","node":"arr","usage":1,"weight":1},"ast":{"type":"typal","node":"ast","usage":1,"weight":1},"tro":{"type":"typal","node":"tro","usage":1,"weight":1},"din":{"type":"typal","node":"din","usage":1,"weight":1},"ngs":{"type":"typal","node":"ngs","usage":1,"weight":1},"astr":{"type":"keys","node":"astr","usage":1,"weight":1},"stro":{"type":"keys","node":"stro","usage":1,"weight":1},"ding":{"type":"keys","node":"ding","usage":1,"weight":1},"ings":{"type":"keys","node":"ings","usage":1,"weight":1},"carr":{"type":"fixes","node":"carr","usage":1,"weight":1},"astro":{"type":"fixes","node":"astro","usage":1,"weight":1},"dings":{"type":"fixes","node":"dings","usage":1,"weight":1}},"Contributors":[],"FontIdentity":"18f6cb1f5ca74dbbae2e8195bd512848","Bytes":4574965,"Networking":[],"barcode":"u6gqa4uu6imqw","referee":"wmcw2ooa"}