{"CSS":{"OPTISesame":"OPTISesame.css"},"FontType":"TrueType","FontCopyright":"1.2, Copyright Copr. Castcraft Software, Inc. 1990-1991.","FontName":"OPTISesame","FontSubfamily":"Medium","FontSubfamilyID":"FontForge 2.0 : OPTISesame : 16-8-2016","FontFullName":"OPTISesame","FontVersion":"Version 001.000 ","FontWeight":null,"FontPostscriptName":"OPTISesame","Files":{"\/fonts\/Unpacking\/746c82d1e7ccf4c1a826efdbca343240b4f9c68a\/optisesame.afm":"\/fonts\/Unpacking\/746c82d1e7ccf4c1a826efdbca343240b4f9c68a\/optisesame.afm","\/fonts\/Unpacking\/746c82d1e7ccf4c1a826efdbca343240b4f9c68a\/optisesame.bin":"\/fonts\/Unpacking\/746c82d1e7ccf4c1a826efdbca343240b4f9c68a\/optisesame.bin","\/fonts\/Unpacking\/746c82d1e7ccf4c1a826efdbca343240b4f9c68a\/optisesame.cef":"\/fonts\/Unpacking\/746c82d1e7ccf4c1a826efdbca343240b4f9c68a\/optisesame.cef","\/fonts\/Unpacking\/746c82d1e7ccf4c1a826efdbca343240b4f9c68a\/optisesame.cff":"\/fonts\/Unpacking\/746c82d1e7ccf4c1a826efdbca343240b4f9c68a\/optisesame.cff","\/fonts\/Unpacking\/746c82d1e7ccf4c1a826efdbca343240b4f9c68a\/optisesame.cid":"\/fonts\/Unpacking\/746c82d1e7ccf4c1a826efdbca343240b4f9c68a\/optisesame.cid","\/fonts\/Unpacking\/746c82d1e7ccf4c1a826efdbca343240b4f9c68a\/optisesame.dfont":"\/fonts\/Unpacking\/746c82d1e7ccf4c1a826efdbca343240b4f9c68a\/optisesame.dfont","\/fonts\/Unpacking\/746c82d1e7ccf4c1a826efdbca343240b4f9c68a\/optisesame.eot":"\/fonts\/Unpacking\/746c82d1e7ccf4c1a826efdbca343240b4f9c68a\/optisesame.eot","\/fonts\/Unpacking\/746c82d1e7ccf4c1a826efdbca343240b4f9c68a\/optisesame.fon":"\/fonts\/Unpacking\/746c82d1e7ccf4c1a826efdbca343240b4f9c68a\/optisesame.fon","\/fonts\/Unpacking\/746c82d1e7ccf4c1a826efdbca343240b4f9c68a\/optisesame.gai":"\/fonts\/Unpacking\/746c82d1e7ccf4c1a826efdbca343240b4f9c68a\/optisesame.gai","\/fonts\/Unpacking\/746c82d1e7ccf4c1a826efdbca343240b4f9c68a\/optisesame.gsf":"\/fonts\/Unpacking\/746c82d1e7ccf4c1a826efdbca343240b4f9c68a\/optisesame.gsf","\/fonts\/Unpacking\/746c82d1e7ccf4c1a826efdbca343240b4f9c68a\/optisesame.hqx":"\/fonts\/Unpacking\/746c82d1e7ccf4c1a826efdbca343240b4f9c68a\/optisesame.hqx","\/fonts\/Unpacking\/746c82d1e7ccf4c1a826efdbca343240b4f9c68a\/optisesame.ik":"\/fonts\/Unpacking\/746c82d1e7ccf4c1a826efdbca343240b4f9c68a\/optisesame.ik","\/fonts\/Unpacking\/746c82d1e7ccf4c1a826efdbca343240b4f9c68a\/optisesame.mf":"\/fonts\/Unpacking\/746c82d1e7ccf4c1a826efdbca343240b4f9c68a\/optisesame.mf","\/fonts\/Unpacking\/746c82d1e7ccf4c1a826efdbca343240b4f9c68a\/optisesame.otf":"\/fonts\/Unpacking\/746c82d1e7ccf4c1a826efdbca343240b4f9c68a\/optisesame.otf","\/fonts\/Unpacking\/746c82d1e7ccf4c1a826efdbca343240b4f9c68a\/optisesame.pcf":"\/fonts\/Unpacking\/746c82d1e7ccf4c1a826efdbca343240b4f9c68a\/optisesame.pcf","\/fonts\/Unpacking\/746c82d1e7ccf4c1a826efdbca343240b4f9c68a\/optisesame.pf3":"\/fonts\/Unpacking\/746c82d1e7ccf4c1a826efdbca343240b4f9c68a\/optisesame.pf3","\/fonts\/Unpacking\/746c82d1e7ccf4c1a826efdbca343240b4f9c68a\/optisesame.pfa":"\/fonts\/Unpacking\/746c82d1e7ccf4c1a826efdbca343240b4f9c68a\/optisesame.pfa","\/fonts\/Unpacking\/746c82d1e7ccf4c1a826efdbca343240b4f9c68a\/optisesame.pfb":"\/fonts\/Unpacking\/746c82d1e7ccf4c1a826efdbca343240b4f9c68a\/optisesame.pfb","\/fonts\/Unpacking\/746c82d1e7ccf4c1a826efdbca343240b4f9c68a\/optisesame.php":"\/fonts\/Unpacking\/746c82d1e7ccf4c1a826efdbca343240b4f9c68a\/optisesame.php","\/fonts\/Unpacking\/746c82d1e7ccf4c1a826efdbca343240b4f9c68a\/optisesame.pmf":"\/fonts\/Unpacking\/746c82d1e7ccf4c1a826efdbca343240b4f9c68a\/optisesame.pmf","\/fonts\/Unpacking\/746c82d1e7ccf4c1a826efdbca343240b4f9c68a\/optisesame.pt3":"\/fonts\/Unpacking\/746c82d1e7ccf4c1a826efdbca343240b4f9c68a\/optisesame.pt3","\/fonts\/Unpacking\/746c82d1e7ccf4c1a826efdbca343240b4f9c68a\/optisesame.sfd":"\/fonts\/Unpacking\/746c82d1e7ccf4c1a826efdbca343240b4f9c68a\/optisesame.sfd","\/fonts\/Unpacking\/746c82d1e7ccf4c1a826efdbca343240b4f9c68a\/optisesame.svg":"\/fonts\/Unpacking\/746c82d1e7ccf4c1a826efdbca343240b4f9c68a\/optisesame.svg","\/fonts\/Unpacking\/746c82d1e7ccf4c1a826efdbca343240b4f9c68a\/optisesame.t42":"\/fonts\/Unpacking\/746c82d1e7ccf4c1a826efdbca343240b4f9c68a\/optisesame.t42","\/fonts\/Unpacking\/746c82d1e7ccf4c1a826efdbca343240b4f9c68a\/optisesame.ttd":"\/fonts\/Unpacking\/746c82d1e7ccf4c1a826efdbca343240b4f9c68a\/optisesame.ttd","\/fonts\/Unpacking\/746c82d1e7ccf4c1a826efdbca343240b4f9c68a\/optisesame.ttf":"\/fonts\/Unpacking\/746c82d1e7ccf4c1a826efdbca343240b4f9c68a\/optisesame.ttf","\/fonts\/Unpacking\/746c82d1e7ccf4c1a826efdbca343240b4f9c68a\/optisesame.ttg":"\/fonts\/Unpacking\/746c82d1e7ccf4c1a826efdbca343240b4f9c68a\/optisesame.ttg","\/fonts\/Unpacking\/746c82d1e7ccf4c1a826efdbca343240b4f9c68a\/optisesame.ufm":"\/fonts\/Unpacking\/746c82d1e7ccf4c1a826efdbca343240b4f9c68a\/optisesame.ufm","\/fonts\/Unpacking\/746c82d1e7ccf4c1a826efdbca343240b4f9c68a\/optisesame.woff":"\/fonts\/Unpacking\/746c82d1e7ccf4c1a826efdbca343240b4f9c68a\/optisesame.woff","\/fonts\/Unpacking\/746c82d1e7ccf4c1a826efdbca343240b4f9c68a\/optisesame.z":"\/fonts\/Unpacking\/746c82d1e7ccf4c1a826efdbca343240b4f9c68a\/optisesame.z","\/fonts\/Unpacking\/746c82d1e7ccf4c1a826efdbca343240b4f9c68a\/optisesame.ufo\/feature.fea":"\/fonts\/Unpacking\/746c82d1e7ccf4c1a826efdbca343240b4f9c68a\/optisesame.ufo\/feature.fea","\/fonts\/Unpacking\/746c82d1e7ccf4c1a826efdbca343240b4f9c68a\/optisesame.ufo\/fontinfo.plist":"\/fonts\/Unpacking\/746c82d1e7ccf4c1a826efdbca343240b4f9c68a\/optisesame.ufo\/fontinfo.plist","\/fonts\/Unpacking\/746c82d1e7ccf4c1a826efdbca343240b4f9c68a\/optisesame.ufo\/groups.plist":"\/fonts\/Unpacking\/746c82d1e7ccf4c1a826efdbca343240b4f9c68a\/optisesame.ufo\/groups.plist","\/fonts\/Unpacking\/746c82d1e7ccf4c1a826efdbca343240b4f9c68a\/optisesame.ufo\/kerning.plist":"\/fonts\/Unpacking\/746c82d1e7ccf4c1a826efdbca343240b4f9c68a\/optisesame.ufo\/kerning.plist","\/fonts\/Unpacking\/746c82d1e7ccf4c1a826efdbca343240b4f9c68a\/optisesame.ufo\/metainfo.plist":"\/fonts\/Unpacking\/746c82d1e7ccf4c1a826efdbca343240b4f9c68a\/optisesame.ufo\/metainfo.plist","\/fonts\/Unpacking\/746c82d1e7ccf4c1a826efdbca343240b4f9c68a\/optisesame.ufo\/glyphs\/A_.glif":"\/fonts\/Unpacking\/746c82d1e7ccf4c1a826efdbca343240b4f9c68a\/optisesame.ufo\/glyphs\/A_.glif","\/fonts\/Unpacking\/746c82d1e7ccf4c1a826efdbca343240b4f9c68a\/optisesame.ufo\/glyphs\/A_E_.glif":"\/fonts\/Unpacking\/746c82d1e7ccf4c1a826efdbca343240b4f9c68a\/optisesame.ufo\/glyphs\/A_E_.glif","\/fonts\/Unpacking\/746c82d1e7ccf4c1a826efdbca343240b4f9c68a\/optisesame.ufo\/glyphs\/A_acute.glif":"\/fonts\/Unpacking\/746c82d1e7ccf4c1a826efdbca343240b4f9c68a\/optisesame.ufo\/glyphs\/A_acute.glif","\/fonts\/Unpacking\/746c82d1e7ccf4c1a826efdbca343240b4f9c68a\/optisesame.ufo\/glyphs\/A_circumflex.glif":"\/fonts\/Unpacking\/746c82d1e7ccf4c1a826efdbca343240b4f9c68a\/optisesame.ufo\/glyphs\/A_circumflex.glif","\/fonts\/Unpacking\/746c82d1e7ccf4c1a826efdbca343240b4f9c68a\/optisesame.ufo\/glyphs\/A_dieresis.glif":"\/fonts\/Unpacking\/746c82d1e7ccf4c1a826efdbca343240b4f9c68a\/optisesame.ufo\/glyphs\/A_dieresis.glif","\/fonts\/Unpacking\/746c82d1e7ccf4c1a826efdbca343240b4f9c68a\/optisesame.ufo\/glyphs\/A_grave.glif":"\/fonts\/Unpacking\/746c82d1e7ccf4c1a826efdbca343240b4f9c68a\/optisesame.ufo\/glyphs\/A_grave.glif","\/fonts\/Unpacking\/746c82d1e7ccf4c1a826efdbca343240b4f9c68a\/optisesame.ufo\/glyphs\/A_ring.glif":"\/fonts\/Unpacking\/746c82d1e7ccf4c1a826efdbca343240b4f9c68a\/optisesame.ufo\/glyphs\/A_ring.glif","\/fonts\/Unpacking\/746c82d1e7ccf4c1a826efdbca343240b4f9c68a\/optisesame.ufo\/glyphs\/A_tilde.glif":"\/fonts\/Unpacking\/746c82d1e7ccf4c1a826efdbca343240b4f9c68a\/optisesame.ufo\/glyphs\/A_tilde.glif","\/fonts\/Unpacking\/746c82d1e7ccf4c1a826efdbca343240b4f9c68a\/optisesame.ufo\/glyphs\/B_.glif":"\/fonts\/Unpacking\/746c82d1e7ccf4c1a826efdbca343240b4f9c68a\/optisesame.ufo\/glyphs\/B_.glif","\/fonts\/Unpacking\/746c82d1e7ccf4c1a826efdbca343240b4f9c68a\/optisesame.ufo\/glyphs\/C_.glif":"\/fonts\/Unpacking\/746c82d1e7ccf4c1a826efdbca343240b4f9c68a\/optisesame.ufo\/glyphs\/C_.glif","\/fonts\/Unpacking\/746c82d1e7ccf4c1a826efdbca343240b4f9c68a\/optisesame.ufo\/glyphs\/C_cedilla.glif":"\/fonts\/Unpacking\/746c82d1e7ccf4c1a826efdbca343240b4f9c68a\/optisesame.ufo\/glyphs\/C_cedilla.glif","\/fonts\/Unpacking\/746c82d1e7ccf4c1a826efdbca343240b4f9c68a\/optisesame.ufo\/glyphs\/D_.glif":"\/fonts\/Unpacking\/746c82d1e7ccf4c1a826efdbca343240b4f9c68a\/optisesame.ufo\/glyphs\/D_.glif","\/fonts\/Unpacking\/746c82d1e7ccf4c1a826efdbca343240b4f9c68a\/optisesame.ufo\/glyphs\/E_.glif":"\/fonts\/Unpacking\/746c82d1e7ccf4c1a826efdbca343240b4f9c68a\/optisesame.ufo\/glyphs\/E_.glif","\/fonts\/Unpacking\/746c82d1e7ccf4c1a826efdbca343240b4f9c68a\/optisesame.ufo\/glyphs\/E_acute.glif":"\/fonts\/Unpacking\/746c82d1e7ccf4c1a826efdbca343240b4f9c68a\/optisesame.ufo\/glyphs\/E_acute.glif","\/fonts\/Unpacking\/746c82d1e7ccf4c1a826efdbca343240b4f9c68a\/optisesame.ufo\/glyphs\/E_circumflex.glif":"\/fonts\/Unpacking\/746c82d1e7ccf4c1a826efdbca343240b4f9c68a\/optisesame.ufo\/glyphs\/E_circumflex.glif","\/fonts\/Unpacking\/746c82d1e7ccf4c1a826efdbca343240b4f9c68a\/optisesame.ufo\/glyphs\/E_dieresis.glif":"\/fonts\/Unpacking\/746c82d1e7ccf4c1a826efdbca343240b4f9c68a\/optisesame.ufo\/glyphs\/E_dieresis.glif","\/fonts\/Unpacking\/746c82d1e7ccf4c1a826efdbca343240b4f9c68a\/optisesame.ufo\/glyphs\/E_grave.glif":"\/fonts\/Unpacking\/746c82d1e7ccf4c1a826efdbca343240b4f9c68a\/optisesame.ufo\/glyphs\/E_grave.glif","\/fonts\/Unpacking\/746c82d1e7ccf4c1a826efdbca343240b4f9c68a\/optisesame.ufo\/glyphs\/F_.glif":"\/fonts\/Unpacking\/746c82d1e7ccf4c1a826efdbca343240b4f9c68a\/optisesame.ufo\/glyphs\/F_.glif","\/fonts\/Unpacking\/746c82d1e7ccf4c1a826efdbca343240b4f9c68a\/optisesame.ufo\/glyphs\/G_.glif":"\/fonts\/Unpacking\/746c82d1e7ccf4c1a826efdbca343240b4f9c68a\/optisesame.ufo\/glyphs\/G_.glif","\/fonts\/Unpacking\/746c82d1e7ccf4c1a826efdbca343240b4f9c68a\/optisesame.ufo\/glyphs\/H_.glif":"\/fonts\/Unpacking\/746c82d1e7ccf4c1a826efdbca343240b4f9c68a\/optisesame.ufo\/glyphs\/H_.glif","\/fonts\/Unpacking\/746c82d1e7ccf4c1a826efdbca343240b4f9c68a\/optisesame.ufo\/glyphs\/I_.glif":"\/fonts\/Unpacking\/746c82d1e7ccf4c1a826efdbca343240b4f9c68a\/optisesame.ufo\/glyphs\/I_.glif","\/fonts\/Unpacking\/746c82d1e7ccf4c1a826efdbca343240b4f9c68a\/optisesame.ufo\/glyphs\/I_acute.glif":"\/fonts\/Unpacking\/746c82d1e7ccf4c1a826efdbca343240b4f9c68a\/optisesame.ufo\/glyphs\/I_acute.glif","\/fonts\/Unpacking\/746c82d1e7ccf4c1a826efdbca343240b4f9c68a\/optisesame.ufo\/glyphs\/I_circumflex.glif":"\/fonts\/Unpacking\/746c82d1e7ccf4c1a826efdbca343240b4f9c68a\/optisesame.ufo\/glyphs\/I_circumflex.glif","\/fonts\/Unpacking\/746c82d1e7ccf4c1a826efdbca343240b4f9c68a\/optisesame.ufo\/glyphs\/I_dieresis.glif":"\/fonts\/Unpacking\/746c82d1e7ccf4c1a826efdbca343240b4f9c68a\/optisesame.ufo\/glyphs\/I_dieresis.glif","\/fonts\/Unpacking\/746c82d1e7ccf4c1a826efdbca343240b4f9c68a\/optisesame.ufo\/glyphs\/I_grave.glif":"\/fonts\/Unpacking\/746c82d1e7ccf4c1a826efdbca343240b4f9c68a\/optisesame.ufo\/glyphs\/I_grave.glif","\/fonts\/Unpacking\/746c82d1e7ccf4c1a826efdbca343240b4f9c68a\/optisesame.ufo\/glyphs\/J_.glif":"\/fonts\/Unpacking\/746c82d1e7ccf4c1a826efdbca343240b4f9c68a\/optisesame.ufo\/glyphs\/J_.glif","\/fonts\/Unpacking\/746c82d1e7ccf4c1a826efdbca343240b4f9c68a\/optisesame.ufo\/glyphs\/K_.glif":"\/fonts\/Unpacking\/746c82d1e7ccf4c1a826efdbca343240b4f9c68a\/optisesame.ufo\/glyphs\/K_.glif","\/fonts\/Unpacking\/746c82d1e7ccf4c1a826efdbca343240b4f9c68a\/optisesame.ufo\/glyphs\/L_.glif":"\/fonts\/Unpacking\/746c82d1e7ccf4c1a826efdbca343240b4f9c68a\/optisesame.ufo\/glyphs\/L_.glif","\/fonts\/Unpacking\/746c82d1e7ccf4c1a826efdbca343240b4f9c68a\/optisesame.ufo\/glyphs\/M_.glif":"\/fonts\/Unpacking\/746c82d1e7ccf4c1a826efdbca343240b4f9c68a\/optisesame.ufo\/glyphs\/M_.glif","\/fonts\/Unpacking\/746c82d1e7ccf4c1a826efdbca343240b4f9c68a\/optisesame.ufo\/glyphs\/N_.glif":"\/fonts\/Unpacking\/746c82d1e7ccf4c1a826efdbca343240b4f9c68a\/optisesame.ufo\/glyphs\/N_.glif","\/fonts\/Unpacking\/746c82d1e7ccf4c1a826efdbca343240b4f9c68a\/optisesame.ufo\/glyphs\/N_tilde.glif":"\/fonts\/Unpacking\/746c82d1e7ccf4c1a826efdbca343240b4f9c68a\/optisesame.ufo\/glyphs\/N_tilde.glif","\/fonts\/Unpacking\/746c82d1e7ccf4c1a826efdbca343240b4f9c68a\/optisesame.ufo\/glyphs\/O_.glif":"\/fonts\/Unpacking\/746c82d1e7ccf4c1a826efdbca343240b4f9c68a\/optisesame.ufo\/glyphs\/O_.glif","\/fonts\/Unpacking\/746c82d1e7ccf4c1a826efdbca343240b4f9c68a\/optisesame.ufo\/glyphs\/O_E_.glif":"\/fonts\/Unpacking\/746c82d1e7ccf4c1a826efdbca343240b4f9c68a\/optisesame.ufo\/glyphs\/O_E_.glif","\/fonts\/Unpacking\/746c82d1e7ccf4c1a826efdbca343240b4f9c68a\/optisesame.ufo\/glyphs\/O_acute.glif":"\/fonts\/Unpacking\/746c82d1e7ccf4c1a826efdbca343240b4f9c68a\/optisesame.ufo\/glyphs\/O_acute.glif","\/fonts\/Unpacking\/746c82d1e7ccf4c1a826efdbca343240b4f9c68a\/optisesame.ufo\/glyphs\/O_circumflex.glif":"\/fonts\/Unpacking\/746c82d1e7ccf4c1a826efdbca343240b4f9c68a\/optisesame.ufo\/glyphs\/O_circumflex.glif","\/fonts\/Unpacking\/746c82d1e7ccf4c1a826efdbca343240b4f9c68a\/optisesame.ufo\/glyphs\/O_dieresis.glif":"\/fonts\/Unpacking\/746c82d1e7ccf4c1a826efdbca343240b4f9c68a\/optisesame.ufo\/glyphs\/O_dieresis.glif","\/fonts\/Unpacking\/746c82d1e7ccf4c1a826efdbca343240b4f9c68a\/optisesame.ufo\/glyphs\/O_grave.glif":"\/fonts\/Unpacking\/746c82d1e7ccf4c1a826efdbca343240b4f9c68a\/optisesame.ufo\/glyphs\/O_grave.glif","\/fonts\/Unpacking\/746c82d1e7ccf4c1a826efdbca343240b4f9c68a\/optisesame.ufo\/glyphs\/O_slash.glif":"\/fonts\/Unpacking\/746c82d1e7ccf4c1a826efdbca343240b4f9c68a\/optisesame.ufo\/glyphs\/O_slash.glif","\/fonts\/Unpacking\/746c82d1e7ccf4c1a826efdbca343240b4f9c68a\/optisesame.ufo\/glyphs\/O_tilde.glif":"\/fonts\/Unpacking\/746c82d1e7ccf4c1a826efdbca343240b4f9c68a\/optisesame.ufo\/glyphs\/O_tilde.glif","\/fonts\/Unpacking\/746c82d1e7ccf4c1a826efdbca343240b4f9c68a\/optisesame.ufo\/glyphs\/P_.glif":"\/fonts\/Unpacking\/746c82d1e7ccf4c1a826efdbca343240b4f9c68a\/optisesame.ufo\/glyphs\/P_.glif","\/fonts\/Unpacking\/746c82d1e7ccf4c1a826efdbca343240b4f9c68a\/optisesame.ufo\/glyphs\/Q_.glif":"\/fonts\/Unpacking\/746c82d1e7ccf4c1a826efdbca343240b4f9c68a\/optisesame.ufo\/glyphs\/Q_.glif","\/fonts\/Unpacking\/746c82d1e7ccf4c1a826efdbca343240b4f9c68a\/optisesame.ufo\/glyphs\/R_.glif":"\/fonts\/Unpacking\/746c82d1e7ccf4c1a826efdbca343240b4f9c68a\/optisesame.ufo\/glyphs\/R_.glif","\/fonts\/Unpacking\/746c82d1e7ccf4c1a826efdbca343240b4f9c68a\/optisesame.ufo\/glyphs\/S_.glif":"\/fonts\/Unpacking\/746c82d1e7ccf4c1a826efdbca343240b4f9c68a\/optisesame.ufo\/glyphs\/S_.glif","\/fonts\/Unpacking\/746c82d1e7ccf4c1a826efdbca343240b4f9c68a\/optisesame.ufo\/glyphs\/T_.glif":"\/fonts\/Unpacking\/746c82d1e7ccf4c1a826efdbca343240b4f9c68a\/optisesame.ufo\/glyphs\/T_.glif","\/fonts\/Unpacking\/746c82d1e7ccf4c1a826efdbca343240b4f9c68a\/optisesame.ufo\/glyphs\/U_.glif":"\/fonts\/Unpacking\/746c82d1e7ccf4c1a826efdbca343240b4f9c68a\/optisesame.ufo\/glyphs\/U_.glif","\/fonts\/Unpacking\/746c82d1e7ccf4c1a826efdbca343240b4f9c68a\/optisesame.ufo\/glyphs\/U_acute.glif":"\/fonts\/Unpacking\/746c82d1e7ccf4c1a826efdbca343240b4f9c68a\/optisesame.ufo\/glyphs\/U_acute.glif","\/fonts\/Unpacking\/746c82d1e7ccf4c1a826efdbca343240b4f9c68a\/optisesame.ufo\/glyphs\/U_circumflex.glif":"\/fonts\/Unpacking\/746c82d1e7ccf4c1a826efdbca343240b4f9c68a\/optisesame.ufo\/glyphs\/U_circumflex.glif","\/fonts\/Unpacking\/746c82d1e7ccf4c1a826efdbca343240b4f9c68a\/optisesame.ufo\/glyphs\/U_dieresis.glif":"\/fonts\/Unpacking\/746c82d1e7ccf4c1a826efdbca343240b4f9c68a\/optisesame.ufo\/glyphs\/U_dieresis.glif","\/fonts\/Unpacking\/746c82d1e7ccf4c1a826efdbca343240b4f9c68a\/optisesame.ufo\/glyphs\/U_grave.glif":"\/fonts\/Unpacking\/746c82d1e7ccf4c1a826efdbca343240b4f9c68a\/optisesame.ufo\/glyphs\/U_grave.glif","\/fonts\/Unpacking\/746c82d1e7ccf4c1a826efdbca343240b4f9c68a\/optisesame.ufo\/glyphs\/V_.glif":"\/fonts\/Unpacking\/746c82d1e7ccf4c1a826efdbca343240b4f9c68a\/optisesame.ufo\/glyphs\/V_.glif","\/fonts\/Unpacking\/746c82d1e7ccf4c1a826efdbca343240b4f9c68a\/optisesame.ufo\/glyphs\/W_.glif":"\/fonts\/Unpacking\/746c82d1e7ccf4c1a826efdbca343240b4f9c68a\/optisesame.ufo\/glyphs\/W_.glif","\/fonts\/Unpacking\/746c82d1e7ccf4c1a826efdbca343240b4f9c68a\/optisesame.ufo\/glyphs\/X_.glif":"\/fonts\/Unpacking\/746c82d1e7ccf4c1a826efdbca343240b4f9c68a\/optisesame.ufo\/glyphs\/X_.glif","\/fonts\/Unpacking\/746c82d1e7ccf4c1a826efdbca343240b4f9c68a\/optisesame.ufo\/glyphs\/Y_.glif":"\/fonts\/Unpacking\/746c82d1e7ccf4c1a826efdbca343240b4f9c68a\/optisesame.ufo\/glyphs\/Y_.glif","\/fonts\/Unpacking\/746c82d1e7ccf4c1a826efdbca343240b4f9c68a\/optisesame.ufo\/glyphs\/Y_dieresis.glif":"\/fonts\/Unpacking\/746c82d1e7ccf4c1a826efdbca343240b4f9c68a\/optisesame.ufo\/glyphs\/Y_dieresis.glif","\/fonts\/Unpacking\/746c82d1e7ccf4c1a826efdbca343240b4f9c68a\/optisesame.ufo\/glyphs\/Z_.glif":"\/fonts\/Unpacking\/746c82d1e7ccf4c1a826efdbca343240b4f9c68a\/optisesame.ufo\/glyphs\/Z_.glif","\/fonts\/Unpacking\/746c82d1e7ccf4c1a826efdbca343240b4f9c68a\/optisesame.ufo\/glyphs\/a.glif":"\/fonts\/Unpacking\/746c82d1e7ccf4c1a826efdbca343240b4f9c68a\/optisesame.ufo\/glyphs\/a.glif","\/fonts\/Unpacking\/746c82d1e7ccf4c1a826efdbca343240b4f9c68a\/optisesame.ufo\/glyphs\/aacute.glif":"\/fonts\/Unpacking\/746c82d1e7ccf4c1a826efdbca343240b4f9c68a\/optisesame.ufo\/glyphs\/aacute.glif","\/fonts\/Unpacking\/746c82d1e7ccf4c1a826efdbca343240b4f9c68a\/optisesame.ufo\/glyphs\/acircumflex.glif":"\/fonts\/Unpacking\/746c82d1e7ccf4c1a826efdbca343240b4f9c68a\/optisesame.ufo\/glyphs\/acircumflex.glif","\/fonts\/Unpacking\/746c82d1e7ccf4c1a826efdbca343240b4f9c68a\/optisesame.ufo\/glyphs\/acute.glif":"\/fonts\/Unpacking\/746c82d1e7ccf4c1a826efdbca343240b4f9c68a\/optisesame.ufo\/glyphs\/acute.glif","\/fonts\/Unpacking\/746c82d1e7ccf4c1a826efdbca343240b4f9c68a\/optisesame.ufo\/glyphs\/adieresis.glif":"\/fonts\/Unpacking\/746c82d1e7ccf4c1a826efdbca343240b4f9c68a\/optisesame.ufo\/glyphs\/adieresis.glif","\/fonts\/Unpacking\/746c82d1e7ccf4c1a826efdbca343240b4f9c68a\/optisesame.ufo\/glyphs\/ae.glif":"\/fonts\/Unpacking\/746c82d1e7ccf4c1a826efdbca343240b4f9c68a\/optisesame.ufo\/glyphs\/ae.glif","\/fonts\/Unpacking\/746c82d1e7ccf4c1a826efdbca343240b4f9c68a\/optisesame.ufo\/glyphs\/agrave.glif":"\/fonts\/Unpacking\/746c82d1e7ccf4c1a826efdbca343240b4f9c68a\/optisesame.ufo\/glyphs\/agrave.glif","\/fonts\/Unpacking\/746c82d1e7ccf4c1a826efdbca343240b4f9c68a\/optisesame.ufo\/glyphs\/ampersand.glif":"\/fonts\/Unpacking\/746c82d1e7ccf4c1a826efdbca343240b4f9c68a\/optisesame.ufo\/glyphs\/ampersand.glif","\/fonts\/Unpacking\/746c82d1e7ccf4c1a826efdbca343240b4f9c68a\/optisesame.ufo\/glyphs\/aring.glif":"\/fonts\/Unpacking\/746c82d1e7ccf4c1a826efdbca343240b4f9c68a\/optisesame.ufo\/glyphs\/aring.glif","\/fonts\/Unpacking\/746c82d1e7ccf4c1a826efdbca343240b4f9c68a\/optisesame.ufo\/glyphs\/asciicircum.glif":"\/fonts\/Unpacking\/746c82d1e7ccf4c1a826efdbca343240b4f9c68a\/optisesame.ufo\/glyphs\/asciicircum.glif","\/fonts\/Unpacking\/746c82d1e7ccf4c1a826efdbca343240b4f9c68a\/optisesame.ufo\/glyphs\/asciitilde.glif":"\/fonts\/Unpacking\/746c82d1e7ccf4c1a826efdbca343240b4f9c68a\/optisesame.ufo\/glyphs\/asciitilde.glif","\/fonts\/Unpacking\/746c82d1e7ccf4c1a826efdbca343240b4f9c68a\/optisesame.ufo\/glyphs\/asterisk.glif":"\/fonts\/Unpacking\/746c82d1e7ccf4c1a826efdbca343240b4f9c68a\/optisesame.ufo\/glyphs\/asterisk.glif","\/fonts\/Unpacking\/746c82d1e7ccf4c1a826efdbca343240b4f9c68a\/optisesame.ufo\/glyphs\/at.glif":"\/fonts\/Unpacking\/746c82d1e7ccf4c1a826efdbca343240b4f9c68a\/optisesame.ufo\/glyphs\/at.glif","\/fonts\/Unpacking\/746c82d1e7ccf4c1a826efdbca343240b4f9c68a\/optisesame.ufo\/glyphs\/atilde.glif":"\/fonts\/Unpacking\/746c82d1e7ccf4c1a826efdbca343240b4f9c68a\/optisesame.ufo\/glyphs\/atilde.glif","\/fonts\/Unpacking\/746c82d1e7ccf4c1a826efdbca343240b4f9c68a\/optisesame.ufo\/glyphs\/b.glif":"\/fonts\/Unpacking\/746c82d1e7ccf4c1a826efdbca343240b4f9c68a\/optisesame.ufo\/glyphs\/b.glif","\/fonts\/Unpacking\/746c82d1e7ccf4c1a826efdbca343240b4f9c68a\/optisesame.ufo\/glyphs\/backslash.glif":"\/fonts\/Unpacking\/746c82d1e7ccf4c1a826efdbca343240b4f9c68a\/optisesame.ufo\/glyphs\/backslash.glif","\/fonts\/Unpacking\/746c82d1e7ccf4c1a826efdbca343240b4f9c68a\/optisesame.ufo\/glyphs\/bar.glif":"\/fonts\/Unpacking\/746c82d1e7ccf4c1a826efdbca343240b4f9c68a\/optisesame.ufo\/glyphs\/bar.glif","\/fonts\/Unpacking\/746c82d1e7ccf4c1a826efdbca343240b4f9c68a\/optisesame.ufo\/glyphs\/braceleft.glif":"\/fonts\/Unpacking\/746c82d1e7ccf4c1a826efdbca343240b4f9c68a\/optisesame.ufo\/glyphs\/braceleft.glif","\/fonts\/Unpacking\/746c82d1e7ccf4c1a826efdbca343240b4f9c68a\/optisesame.ufo\/glyphs\/braceright.glif":"\/fonts\/Unpacking\/746c82d1e7ccf4c1a826efdbca343240b4f9c68a\/optisesame.ufo\/glyphs\/braceright.glif","\/fonts\/Unpacking\/746c82d1e7ccf4c1a826efdbca343240b4f9c68a\/optisesame.ufo\/glyphs\/bracketleft.glif":"\/fonts\/Unpacking\/746c82d1e7ccf4c1a826efdbca343240b4f9c68a\/optisesame.ufo\/glyphs\/bracketleft.glif","\/fonts\/Unpacking\/746c82d1e7ccf4c1a826efdbca343240b4f9c68a\/optisesame.ufo\/glyphs\/bracketright.glif":"\/fonts\/Unpacking\/746c82d1e7ccf4c1a826efdbca343240b4f9c68a\/optisesame.ufo\/glyphs\/bracketright.glif","\/fonts\/Unpacking\/746c82d1e7ccf4c1a826efdbca343240b4f9c68a\/optisesame.ufo\/glyphs\/bullet.glif":"\/fonts\/Unpacking\/746c82d1e7ccf4c1a826efdbca343240b4f9c68a\/optisesame.ufo\/glyphs\/bullet.glif","\/fonts\/Unpacking\/746c82d1e7ccf4c1a826efdbca343240b4f9c68a\/optisesame.ufo\/glyphs\/c.glif":"\/fonts\/Unpacking\/746c82d1e7ccf4c1a826efdbca343240b4f9c68a\/optisesame.ufo\/glyphs\/c.glif","\/fonts\/Unpacking\/746c82d1e7ccf4c1a826efdbca343240b4f9c68a\/optisesame.ufo\/glyphs\/ccedilla.glif":"\/fonts\/Unpacking\/746c82d1e7ccf4c1a826efdbca343240b4f9c68a\/optisesame.ufo\/glyphs\/ccedilla.glif","\/fonts\/Unpacking\/746c82d1e7ccf4c1a826efdbca343240b4f9c68a\/optisesame.ufo\/glyphs\/cent.glif":"\/fonts\/Unpacking\/746c82d1e7ccf4c1a826efdbca343240b4f9c68a\/optisesame.ufo\/glyphs\/cent.glif","\/fonts\/Unpacking\/746c82d1e7ccf4c1a826efdbca343240b4f9c68a\/optisesame.ufo\/glyphs\/circumflex.glif":"\/fonts\/Unpacking\/746c82d1e7ccf4c1a826efdbca343240b4f9c68a\/optisesame.ufo\/glyphs\/circumflex.glif","\/fonts\/Unpacking\/746c82d1e7ccf4c1a826efdbca343240b4f9c68a\/optisesame.ufo\/glyphs\/colon.glif":"\/fonts\/Unpacking\/746c82d1e7ccf4c1a826efdbca343240b4f9c68a\/optisesame.ufo\/glyphs\/colon.glif","\/fonts\/Unpacking\/746c82d1e7ccf4c1a826efdbca343240b4f9c68a\/optisesame.ufo\/glyphs\/comma.glif":"\/fonts\/Unpacking\/746c82d1e7ccf4c1a826efdbca343240b4f9c68a\/optisesame.ufo\/glyphs\/comma.glif","\/fonts\/Unpacking\/746c82d1e7ccf4c1a826efdbca343240b4f9c68a\/optisesame.ufo\/glyphs\/contents.plist":"\/fonts\/Unpacking\/746c82d1e7ccf4c1a826efdbca343240b4f9c68a\/optisesame.ufo\/glyphs\/contents.plist","\/fonts\/Unpacking\/746c82d1e7ccf4c1a826efdbca343240b4f9c68a\/optisesame.ufo\/glyphs\/copyright.glif":"\/fonts\/Unpacking\/746c82d1e7ccf4c1a826efdbca343240b4f9c68a\/optisesame.ufo\/glyphs\/copyright.glif","\/fonts\/Unpacking\/746c82d1e7ccf4c1a826efdbca343240b4f9c68a\/optisesame.ufo\/glyphs\/currency.glif":"\/fonts\/Unpacking\/746c82d1e7ccf4c1a826efdbca343240b4f9c68a\/optisesame.ufo\/glyphs\/currency.glif","\/fonts\/Unpacking\/746c82d1e7ccf4c1a826efdbca343240b4f9c68a\/optisesame.ufo\/glyphs\/d.glif":"\/fonts\/Unpacking\/746c82d1e7ccf4c1a826efdbca343240b4f9c68a\/optisesame.ufo\/glyphs\/d.glif","\/fonts\/Unpacking\/746c82d1e7ccf4c1a826efdbca343240b4f9c68a\/optisesame.ufo\/glyphs\/dieresis.glif":"\/fonts\/Unpacking\/746c82d1e7ccf4c1a826efdbca343240b4f9c68a\/optisesame.ufo\/glyphs\/dieresis.glif","\/fonts\/Unpacking\/746c82d1e7ccf4c1a826efdbca343240b4f9c68a\/optisesame.ufo\/glyphs\/dollar.glif":"\/fonts\/Unpacking\/746c82d1e7ccf4c1a826efdbca343240b4f9c68a\/optisesame.ufo\/glyphs\/dollar.glif","\/fonts\/Unpacking\/746c82d1e7ccf4c1a826efdbca343240b4f9c68a\/optisesame.ufo\/glyphs\/dotlessi.glif":"\/fonts\/Unpacking\/746c82d1e7ccf4c1a826efdbca343240b4f9c68a\/optisesame.ufo\/glyphs\/dotlessi.glif","\/fonts\/Unpacking\/746c82d1e7ccf4c1a826efdbca343240b4f9c68a\/optisesame.ufo\/glyphs\/e.glif":"\/fonts\/Unpacking\/746c82d1e7ccf4c1a826efdbca343240b4f9c68a\/optisesame.ufo\/glyphs\/e.glif","\/fonts\/Unpacking\/746c82d1e7ccf4c1a826efdbca343240b4f9c68a\/optisesame.ufo\/glyphs\/eacute.glif":"\/fonts\/Unpacking\/746c82d1e7ccf4c1a826efdbca343240b4f9c68a\/optisesame.ufo\/glyphs\/eacute.glif","\/fonts\/Unpacking\/746c82d1e7ccf4c1a826efdbca343240b4f9c68a\/optisesame.ufo\/glyphs\/ecircumflex.glif":"\/fonts\/Unpacking\/746c82d1e7ccf4c1a826efdbca343240b4f9c68a\/optisesame.ufo\/glyphs\/ecircumflex.glif","\/fonts\/Unpacking\/746c82d1e7ccf4c1a826efdbca343240b4f9c68a\/optisesame.ufo\/glyphs\/edieresis.glif":"\/fonts\/Unpacking\/746c82d1e7ccf4c1a826efdbca343240b4f9c68a\/optisesame.ufo\/glyphs\/edieresis.glif","\/fonts\/Unpacking\/746c82d1e7ccf4c1a826efdbca343240b4f9c68a\/optisesame.ufo\/glyphs\/egrave.glif":"\/fonts\/Unpacking\/746c82d1e7ccf4c1a826efdbca343240b4f9c68a\/optisesame.ufo\/glyphs\/egrave.glif","\/fonts\/Unpacking\/746c82d1e7ccf4c1a826efdbca343240b4f9c68a\/optisesame.ufo\/glyphs\/eight.glif":"\/fonts\/Unpacking\/746c82d1e7ccf4c1a826efdbca343240b4f9c68a\/optisesame.ufo\/glyphs\/eight.glif","\/fonts\/Unpacking\/746c82d1e7ccf4c1a826efdbca343240b4f9c68a\/optisesame.ufo\/glyphs\/emdash.glif":"\/fonts\/Unpacking\/746c82d1e7ccf4c1a826efdbca343240b4f9c68a\/optisesame.ufo\/glyphs\/emdash.glif","\/fonts\/Unpacking\/746c82d1e7ccf4c1a826efdbca343240b4f9c68a\/optisesame.ufo\/glyphs\/endash.glif":"\/fonts\/Unpacking\/746c82d1e7ccf4c1a826efdbca343240b4f9c68a\/optisesame.ufo\/glyphs\/endash.glif","\/fonts\/Unpacking\/746c82d1e7ccf4c1a826efdbca343240b4f9c68a\/optisesame.ufo\/glyphs\/equal.glif":"\/fonts\/Unpacking\/746c82d1e7ccf4c1a826efdbca343240b4f9c68a\/optisesame.ufo\/glyphs\/equal.glif","\/fonts\/Unpacking\/746c82d1e7ccf4c1a826efdbca343240b4f9c68a\/optisesame.ufo\/glyphs\/exclam.glif":"\/fonts\/Unpacking\/746c82d1e7ccf4c1a826efdbca343240b4f9c68a\/optisesame.ufo\/glyphs\/exclam.glif","\/fonts\/Unpacking\/746c82d1e7ccf4c1a826efdbca343240b4f9c68a\/optisesame.ufo\/glyphs\/f.glif":"\/fonts\/Unpacking\/746c82d1e7ccf4c1a826efdbca343240b4f9c68a\/optisesame.ufo\/glyphs\/f.glif","\/fonts\/Unpacking\/746c82d1e7ccf4c1a826efdbca343240b4f9c68a\/optisesame.ufo\/glyphs\/five.glif":"\/fonts\/Unpacking\/746c82d1e7ccf4c1a826efdbca343240b4f9c68a\/optisesame.ufo\/glyphs\/five.glif","\/fonts\/Unpacking\/746c82d1e7ccf4c1a826efdbca343240b4f9c68a\/optisesame.ufo\/glyphs\/four.glif":"\/fonts\/Unpacking\/746c82d1e7ccf4c1a826efdbca343240b4f9c68a\/optisesame.ufo\/glyphs\/four.glif","\/fonts\/Unpacking\/746c82d1e7ccf4c1a826efdbca343240b4f9c68a\/optisesame.ufo\/glyphs\/fraction.glif":"\/fonts\/Unpacking\/746c82d1e7ccf4c1a826efdbca343240b4f9c68a\/optisesame.ufo\/glyphs\/fraction.glif","\/fonts\/Unpacking\/746c82d1e7ccf4c1a826efdbca343240b4f9c68a\/optisesame.ufo\/glyphs\/g.glif":"\/fonts\/Unpacking\/746c82d1e7ccf4c1a826efdbca343240b4f9c68a\/optisesame.ufo\/glyphs\/g.glif","\/fonts\/Unpacking\/746c82d1e7ccf4c1a826efdbca343240b4f9c68a\/optisesame.ufo\/glyphs\/grave.glif":"\/fonts\/Unpacking\/746c82d1e7ccf4c1a826efdbca343240b4f9c68a\/optisesame.ufo\/glyphs\/grave.glif","\/fonts\/Unpacking\/746c82d1e7ccf4c1a826efdbca343240b4f9c68a\/optisesame.ufo\/glyphs\/greater.glif":"\/fonts\/Unpacking\/746c82d1e7ccf4c1a826efdbca343240b4f9c68a\/optisesame.ufo\/glyphs\/greater.glif","\/fonts\/Unpacking\/746c82d1e7ccf4c1a826efdbca343240b4f9c68a\/optisesame.ufo\/glyphs\/guilsinglleft.glif":"\/fonts\/Unpacking\/746c82d1e7ccf4c1a826efdbca343240b4f9c68a\/optisesame.ufo\/glyphs\/guilsinglleft.glif","\/fonts\/Unpacking\/746c82d1e7ccf4c1a826efdbca343240b4f9c68a\/optisesame.ufo\/glyphs\/guilsinglright.glif":"\/fonts\/Unpacking\/746c82d1e7ccf4c1a826efdbca343240b4f9c68a\/optisesame.ufo\/glyphs\/guilsinglright.glif","\/fonts\/Unpacking\/746c82d1e7ccf4c1a826efdbca343240b4f9c68a\/optisesame.ufo\/glyphs\/h.glif":"\/fonts\/Unpacking\/746c82d1e7ccf4c1a826efdbca343240b4f9c68a\/optisesame.ufo\/glyphs\/h.glif","\/fonts\/Unpacking\/746c82d1e7ccf4c1a826efdbca343240b4f9c68a\/optisesame.ufo\/glyphs\/hyphen.glif":"\/fonts\/Unpacking\/746c82d1e7ccf4c1a826efdbca343240b4f9c68a\/optisesame.ufo\/glyphs\/hyphen.glif","\/fonts\/Unpacking\/746c82d1e7ccf4c1a826efdbca343240b4f9c68a\/optisesame.ufo\/glyphs\/i.glif":"\/fonts\/Unpacking\/746c82d1e7ccf4c1a826efdbca343240b4f9c68a\/optisesame.ufo\/glyphs\/i.glif","\/fonts\/Unpacking\/746c82d1e7ccf4c1a826efdbca343240b4f9c68a\/optisesame.ufo\/glyphs\/iacute.glif":"\/fonts\/Unpacking\/746c82d1e7ccf4c1a826efdbca343240b4f9c68a\/optisesame.ufo\/glyphs\/iacute.glif","\/fonts\/Unpacking\/746c82d1e7ccf4c1a826efdbca343240b4f9c68a\/optisesame.ufo\/glyphs\/icircumflex.glif":"\/fonts\/Unpacking\/746c82d1e7ccf4c1a826efdbca343240b4f9c68a\/optisesame.ufo\/glyphs\/icircumflex.glif","\/fonts\/Unpacking\/746c82d1e7ccf4c1a826efdbca343240b4f9c68a\/optisesame.ufo\/glyphs\/idieresis.glif":"\/fonts\/Unpacking\/746c82d1e7ccf4c1a826efdbca343240b4f9c68a\/optisesame.ufo\/glyphs\/idieresis.glif","\/fonts\/Unpacking\/746c82d1e7ccf4c1a826efdbca343240b4f9c68a\/optisesame.ufo\/glyphs\/igrave.glif":"\/fonts\/Unpacking\/746c82d1e7ccf4c1a826efdbca343240b4f9c68a\/optisesame.ufo\/glyphs\/igrave.glif","\/fonts\/Unpacking\/746c82d1e7ccf4c1a826efdbca343240b4f9c68a\/optisesame.ufo\/glyphs\/infinity.glif":"\/fonts\/Unpacking\/746c82d1e7ccf4c1a826efdbca343240b4f9c68a\/optisesame.ufo\/glyphs\/infinity.glif","\/fonts\/Unpacking\/746c82d1e7ccf4c1a826efdbca343240b4f9c68a\/optisesame.ufo\/glyphs\/j.glif":"\/fonts\/Unpacking\/746c82d1e7ccf4c1a826efdbca343240b4f9c68a\/optisesame.ufo\/glyphs\/j.glif","\/fonts\/Unpacking\/746c82d1e7ccf4c1a826efdbca343240b4f9c68a\/optisesame.ufo\/glyphs\/k.glif":"\/fonts\/Unpacking\/746c82d1e7ccf4c1a826efdbca343240b4f9c68a\/optisesame.ufo\/glyphs\/k.glif","\/fonts\/Unpacking\/746c82d1e7ccf4c1a826efdbca343240b4f9c68a\/optisesame.ufo\/glyphs\/l.glif":"\/fonts\/Unpacking\/746c82d1e7ccf4c1a826efdbca343240b4f9c68a\/optisesame.ufo\/glyphs\/l.glif","\/fonts\/Unpacking\/746c82d1e7ccf4c1a826efdbca343240b4f9c68a\/optisesame.ufo\/glyphs\/less.glif":"\/fonts\/Unpacking\/746c82d1e7ccf4c1a826efdbca343240b4f9c68a\/optisesame.ufo\/glyphs\/less.glif","\/fonts\/Unpacking\/746c82d1e7ccf4c1a826efdbca343240b4f9c68a\/optisesame.ufo\/glyphs\/m.glif":"\/fonts\/Unpacking\/746c82d1e7ccf4c1a826efdbca343240b4f9c68a\/optisesame.ufo\/glyphs\/m.glif","\/fonts\/Unpacking\/746c82d1e7ccf4c1a826efdbca343240b4f9c68a\/optisesame.ufo\/glyphs\/n.glif":"\/fonts\/Unpacking\/746c82d1e7ccf4c1a826efdbca343240b4f9c68a\/optisesame.ufo\/glyphs\/n.glif","\/fonts\/Unpacking\/746c82d1e7ccf4c1a826efdbca343240b4f9c68a\/optisesame.ufo\/glyphs\/nine.glif":"\/fonts\/Unpacking\/746c82d1e7ccf4c1a826efdbca343240b4f9c68a\/optisesame.ufo\/glyphs\/nine.glif","\/fonts\/Unpacking\/746c82d1e7ccf4c1a826efdbca343240b4f9c68a\/optisesame.ufo\/glyphs\/ntilde.glif":"\/fonts\/Unpacking\/746c82d1e7ccf4c1a826efdbca343240b4f9c68a\/optisesame.ufo\/glyphs\/ntilde.glif","\/fonts\/Unpacking\/746c82d1e7ccf4c1a826efdbca343240b4f9c68a\/optisesame.ufo\/glyphs\/numbersign.glif":"\/fonts\/Unpacking\/746c82d1e7ccf4c1a826efdbca343240b4f9c68a\/optisesame.ufo\/glyphs\/numbersign.glif","\/fonts\/Unpacking\/746c82d1e7ccf4c1a826efdbca343240b4f9c68a\/optisesame.ufo\/glyphs\/o.glif":"\/fonts\/Unpacking\/746c82d1e7ccf4c1a826efdbca343240b4f9c68a\/optisesame.ufo\/glyphs\/o.glif","\/fonts\/Unpacking\/746c82d1e7ccf4c1a826efdbca343240b4f9c68a\/optisesame.ufo\/glyphs\/oacute.glif":"\/fonts\/Unpacking\/746c82d1e7ccf4c1a826efdbca343240b4f9c68a\/optisesame.ufo\/glyphs\/oacute.glif","\/fonts\/Unpacking\/746c82d1e7ccf4c1a826efdbca343240b4f9c68a\/optisesame.ufo\/glyphs\/ocircumflex.glif":"\/fonts\/Unpacking\/746c82d1e7ccf4c1a826efdbca343240b4f9c68a\/optisesame.ufo\/glyphs\/ocircumflex.glif","\/fonts\/Unpacking\/746c82d1e7ccf4c1a826efdbca343240b4f9c68a\/optisesame.ufo\/glyphs\/odieresis.glif":"\/fonts\/Unpacking\/746c82d1e7ccf4c1a826efdbca343240b4f9c68a\/optisesame.ufo\/glyphs\/odieresis.glif","\/fonts\/Unpacking\/746c82d1e7ccf4c1a826efdbca343240b4f9c68a\/optisesame.ufo\/glyphs\/oe.glif":"\/fonts\/Unpacking\/746c82d1e7ccf4c1a826efdbca343240b4f9c68a\/optisesame.ufo\/glyphs\/oe.glif","\/fonts\/Unpacking\/746c82d1e7ccf4c1a826efdbca343240b4f9c68a\/optisesame.ufo\/glyphs\/ograve.glif":"\/fonts\/Unpacking\/746c82d1e7ccf4c1a826efdbca343240b4f9c68a\/optisesame.ufo\/glyphs\/ograve.glif","\/fonts\/Unpacking\/746c82d1e7ccf4c1a826efdbca343240b4f9c68a\/optisesame.ufo\/glyphs\/one.glif":"\/fonts\/Unpacking\/746c82d1e7ccf4c1a826efdbca343240b4f9c68a\/optisesame.ufo\/glyphs\/one.glif","\/fonts\/Unpacking\/746c82d1e7ccf4c1a826efdbca343240b4f9c68a\/optisesame.ufo\/glyphs\/oslash.glif":"\/fonts\/Unpacking\/746c82d1e7ccf4c1a826efdbca343240b4f9c68a\/optisesame.ufo\/glyphs\/oslash.glif","\/fonts\/Unpacking\/746c82d1e7ccf4c1a826efdbca343240b4f9c68a\/optisesame.ufo\/glyphs\/otilde.glif":"\/fonts\/Unpacking\/746c82d1e7ccf4c1a826efdbca343240b4f9c68a\/optisesame.ufo\/glyphs\/otilde.glif","\/fonts\/Unpacking\/746c82d1e7ccf4c1a826efdbca343240b4f9c68a\/optisesame.ufo\/glyphs\/p.glif":"\/fonts\/Unpacking\/746c82d1e7ccf4c1a826efdbca343240b4f9c68a\/optisesame.ufo\/glyphs\/p.glif","\/fonts\/Unpacking\/746c82d1e7ccf4c1a826efdbca343240b4f9c68a\/optisesame.ufo\/glyphs\/parenleft.glif":"\/fonts\/Unpacking\/746c82d1e7ccf4c1a826efdbca343240b4f9c68a\/optisesame.ufo\/glyphs\/parenleft.glif","\/fonts\/Unpacking\/746c82d1e7ccf4c1a826efdbca343240b4f9c68a\/optisesame.ufo\/glyphs\/parenright.glif":"\/fonts\/Unpacking\/746c82d1e7ccf4c1a826efdbca343240b4f9c68a\/optisesame.ufo\/glyphs\/parenright.glif","\/fonts\/Unpacking\/746c82d1e7ccf4c1a826efdbca343240b4f9c68a\/optisesame.ufo\/glyphs\/percent.glif":"\/fonts\/Unpacking\/746c82d1e7ccf4c1a826efdbca343240b4f9c68a\/optisesame.ufo\/glyphs\/percent.glif","\/fonts\/Unpacking\/746c82d1e7ccf4c1a826efdbca343240b4f9c68a\/optisesame.ufo\/glyphs\/period.glif":"\/fonts\/Unpacking\/746c82d1e7ccf4c1a826efdbca343240b4f9c68a\/optisesame.ufo\/glyphs\/period.glif","\/fonts\/Unpacking\/746c82d1e7ccf4c1a826efdbca343240b4f9c68a\/optisesame.ufo\/glyphs\/periodcentered.glif":"\/fonts\/Unpacking\/746c82d1e7ccf4c1a826efdbca343240b4f9c68a\/optisesame.ufo\/glyphs\/periodcentered.glif","\/fonts\/Unpacking\/746c82d1e7ccf4c1a826efdbca343240b4f9c68a\/optisesame.ufo\/glyphs\/plus.glif":"\/fonts\/Unpacking\/746c82d1e7ccf4c1a826efdbca343240b4f9c68a\/optisesame.ufo\/glyphs\/plus.glif","\/fonts\/Unpacking\/746c82d1e7ccf4c1a826efdbca343240b4f9c68a\/optisesame.ufo\/glyphs\/q.glif":"\/fonts\/Unpacking\/746c82d1e7ccf4c1a826efdbca343240b4f9c68a\/optisesame.ufo\/glyphs\/q.glif","\/fonts\/Unpacking\/746c82d1e7ccf4c1a826efdbca343240b4f9c68a\/optisesame.ufo\/glyphs\/question.glif":"\/fonts\/Unpacking\/746c82d1e7ccf4c1a826efdbca343240b4f9c68a\/optisesame.ufo\/glyphs\/question.glif","\/fonts\/Unpacking\/746c82d1e7ccf4c1a826efdbca343240b4f9c68a\/optisesame.ufo\/glyphs\/quotedbl.glif":"\/fonts\/Unpacking\/746c82d1e7ccf4c1a826efdbca343240b4f9c68a\/optisesame.ufo\/glyphs\/quotedbl.glif","\/fonts\/Unpacking\/746c82d1e7ccf4c1a826efdbca343240b4f9c68a\/optisesame.ufo\/glyphs\/quotedblleft.glif":"\/fonts\/Unpacking\/746c82d1e7ccf4c1a826efdbca343240b4f9c68a\/optisesame.ufo\/glyphs\/quotedblleft.glif","\/fonts\/Unpacking\/746c82d1e7ccf4c1a826efdbca343240b4f9c68a\/optisesame.ufo\/glyphs\/quotedblright.glif":"\/fonts\/Unpacking\/746c82d1e7ccf4c1a826efdbca343240b4f9c68a\/optisesame.ufo\/glyphs\/quotedblright.glif","\/fonts\/Unpacking\/746c82d1e7ccf4c1a826efdbca343240b4f9c68a\/optisesame.ufo\/glyphs\/quoteleft.glif":"\/fonts\/Unpacking\/746c82d1e7ccf4c1a826efdbca343240b4f9c68a\/optisesame.ufo\/glyphs\/quoteleft.glif","\/fonts\/Unpacking\/746c82d1e7ccf4c1a826efdbca343240b4f9c68a\/optisesame.ufo\/glyphs\/quoteright.glif":"\/fonts\/Unpacking\/746c82d1e7ccf4c1a826efdbca343240b4f9c68a\/optisesame.ufo\/glyphs\/quoteright.glif","\/fonts\/Unpacking\/746c82d1e7ccf4c1a826efdbca343240b4f9c68a\/optisesame.ufo\/glyphs\/quotesingle.glif":"\/fonts\/Unpacking\/746c82d1e7ccf4c1a826efdbca343240b4f9c68a\/optisesame.ufo\/glyphs\/quotesingle.glif","\/fonts\/Unpacking\/746c82d1e7ccf4c1a826efdbca343240b4f9c68a\/optisesame.ufo\/glyphs\/r.glif":"\/fonts\/Unpacking\/746c82d1e7ccf4c1a826efdbca343240b4f9c68a\/optisesame.ufo\/glyphs\/r.glif","\/fonts\/Unpacking\/746c82d1e7ccf4c1a826efdbca343240b4f9c68a\/optisesame.ufo\/glyphs\/radical.glif":"\/fonts\/Unpacking\/746c82d1e7ccf4c1a826efdbca343240b4f9c68a\/optisesame.ufo\/glyphs\/radical.glif","\/fonts\/Unpacking\/746c82d1e7ccf4c1a826efdbca343240b4f9c68a\/optisesame.ufo\/glyphs\/registered.glif":"\/fonts\/Unpacking\/746c82d1e7ccf4c1a826efdbca343240b4f9c68a\/optisesame.ufo\/glyphs\/registered.glif","\/fonts\/Unpacking\/746c82d1e7ccf4c1a826efdbca343240b4f9c68a\/optisesame.ufo\/glyphs\/ring.glif":"\/fonts\/Unpacking\/746c82d1e7ccf4c1a826efdbca343240b4f9c68a\/optisesame.ufo\/glyphs\/ring.glif","\/fonts\/Unpacking\/746c82d1e7ccf4c1a826efdbca343240b4f9c68a\/optisesame.ufo\/glyphs\/s.glif":"\/fonts\/Unpacking\/746c82d1e7ccf4c1a826efdbca343240b4f9c68a\/optisesame.ufo\/glyphs\/s.glif","\/fonts\/Unpacking\/746c82d1e7ccf4c1a826efdbca343240b4f9c68a\/optisesame.ufo\/glyphs\/semicolon.glif":"\/fonts\/Unpacking\/746c82d1e7ccf4c1a826efdbca343240b4f9c68a\/optisesame.ufo\/glyphs\/semicolon.glif","\/fonts\/Unpacking\/746c82d1e7ccf4c1a826efdbca343240b4f9c68a\/optisesame.ufo\/glyphs\/seven.glif":"\/fonts\/Unpacking\/746c82d1e7ccf4c1a826efdbca343240b4f9c68a\/optisesame.ufo\/glyphs\/seven.glif","\/fonts\/Unpacking\/746c82d1e7ccf4c1a826efdbca343240b4f9c68a\/optisesame.ufo\/glyphs\/six.glif":"\/fonts\/Unpacking\/746c82d1e7ccf4c1a826efdbca343240b4f9c68a\/optisesame.ufo\/glyphs\/six.glif","\/fonts\/Unpacking\/746c82d1e7ccf4c1a826efdbca343240b4f9c68a\/optisesame.ufo\/glyphs\/slash.glif":"\/fonts\/Unpacking\/746c82d1e7ccf4c1a826efdbca343240b4f9c68a\/optisesame.ufo\/glyphs\/slash.glif","\/fonts\/Unpacking\/746c82d1e7ccf4c1a826efdbca343240b4f9c68a\/optisesame.ufo\/glyphs\/space.glif":"\/fonts\/Unpacking\/746c82d1e7ccf4c1a826efdbca343240b4f9c68a\/optisesame.ufo\/glyphs\/space.glif","\/fonts\/Unpacking\/746c82d1e7ccf4c1a826efdbca343240b4f9c68a\/optisesame.ufo\/glyphs\/sterling.glif":"\/fonts\/Unpacking\/746c82d1e7ccf4c1a826efdbca343240b4f9c68a\/optisesame.ufo\/glyphs\/sterling.glif","\/fonts\/Unpacking\/746c82d1e7ccf4c1a826efdbca343240b4f9c68a\/optisesame.ufo\/glyphs\/t.glif":"\/fonts\/Unpacking\/746c82d1e7ccf4c1a826efdbca343240b4f9c68a\/optisesame.ufo\/glyphs\/t.glif","\/fonts\/Unpacking\/746c82d1e7ccf4c1a826efdbca343240b4f9c68a\/optisesame.ufo\/glyphs\/three.glif":"\/fonts\/Unpacking\/746c82d1e7ccf4c1a826efdbca343240b4f9c68a\/optisesame.ufo\/glyphs\/three.glif","\/fonts\/Unpacking\/746c82d1e7ccf4c1a826efdbca343240b4f9c68a\/optisesame.ufo\/glyphs\/tilde.glif":"\/fonts\/Unpacking\/746c82d1e7ccf4c1a826efdbca343240b4f9c68a\/optisesame.ufo\/glyphs\/tilde.glif","\/fonts\/Unpacking\/746c82d1e7ccf4c1a826efdbca343240b4f9c68a\/optisesame.ufo\/glyphs\/trademark.glif":"\/fonts\/Unpacking\/746c82d1e7ccf4c1a826efdbca343240b4f9c68a\/optisesame.ufo\/glyphs\/trademark.glif","\/fonts\/Unpacking\/746c82d1e7ccf4c1a826efdbca343240b4f9c68a\/optisesame.ufo\/glyphs\/two.glif":"\/fonts\/Unpacking\/746c82d1e7ccf4c1a826efdbca343240b4f9c68a\/optisesame.ufo\/glyphs\/two.glif","\/fonts\/Unpacking\/746c82d1e7ccf4c1a826efdbca343240b4f9c68a\/optisesame.ufo\/glyphs\/u.glif":"\/fonts\/Unpacking\/746c82d1e7ccf4c1a826efdbca343240b4f9c68a\/optisesame.ufo\/glyphs\/u.glif","\/fonts\/Unpacking\/746c82d1e7ccf4c1a826efdbca343240b4f9c68a\/optisesame.ufo\/glyphs\/uacute.glif":"\/fonts\/Unpacking\/746c82d1e7ccf4c1a826efdbca343240b4f9c68a\/optisesame.ufo\/glyphs\/uacute.glif","\/fonts\/Unpacking\/746c82d1e7ccf4c1a826efdbca343240b4f9c68a\/optisesame.ufo\/glyphs\/ucircumflex.glif":"\/fonts\/Unpacking\/746c82d1e7ccf4c1a826efdbca343240b4f9c68a\/optisesame.ufo\/glyphs\/ucircumflex.glif","\/fonts\/Unpacking\/746c82d1e7ccf4c1a826efdbca343240b4f9c68a\/optisesame.ufo\/glyphs\/udieresis.glif":"\/fonts\/Unpacking\/746c82d1e7ccf4c1a826efdbca343240b4f9c68a\/optisesame.ufo\/glyphs\/udieresis.glif","\/fonts\/Unpacking\/746c82d1e7ccf4c1a826efdbca343240b4f9c68a\/optisesame.ufo\/glyphs\/ugrave.glif":"\/fonts\/Unpacking\/746c82d1e7ccf4c1a826efdbca343240b4f9c68a\/optisesame.ufo\/glyphs\/ugrave.glif","\/fonts\/Unpacking\/746c82d1e7ccf4c1a826efdbca343240b4f9c68a\/optisesame.ufo\/glyphs\/underscore.glif":"\/fonts\/Unpacking\/746c82d1e7ccf4c1a826efdbca343240b4f9c68a\/optisesame.ufo\/glyphs\/underscore.glif","\/fonts\/Unpacking\/746c82d1e7ccf4c1a826efdbca343240b4f9c68a\/optisesame.ufo\/glyphs\/v.glif":"\/fonts\/Unpacking\/746c82d1e7ccf4c1a826efdbca343240b4f9c68a\/optisesame.ufo\/glyphs\/v.glif","\/fonts\/Unpacking\/746c82d1e7ccf4c1a826efdbca343240b4f9c68a\/optisesame.ufo\/glyphs\/w.glif":"\/fonts\/Unpacking\/746c82d1e7ccf4c1a826efdbca343240b4f9c68a\/optisesame.ufo\/glyphs\/w.glif","\/fonts\/Unpacking\/746c82d1e7ccf4c1a826efdbca343240b4f9c68a\/optisesame.ufo\/glyphs\/x.glif":"\/fonts\/Unpacking\/746c82d1e7ccf4c1a826efdbca343240b4f9c68a\/optisesame.ufo\/glyphs\/x.glif","\/fonts\/Unpacking\/746c82d1e7ccf4c1a826efdbca343240b4f9c68a\/optisesame.ufo\/glyphs\/y.glif":"\/fonts\/Unpacking\/746c82d1e7ccf4c1a826efdbca343240b4f9c68a\/optisesame.ufo\/glyphs\/y.glif","\/fonts\/Unpacking\/746c82d1e7ccf4c1a826efdbca343240b4f9c68a\/optisesame.ufo\/glyphs\/ydieresis.glif":"\/fonts\/Unpacking\/746c82d1e7ccf4c1a826efdbca343240b4f9c68a\/optisesame.ufo\/glyphs\/ydieresis.glif","\/fonts\/Unpacking\/746c82d1e7ccf4c1a826efdbca343240b4f9c68a\/optisesame.ufo\/glyphs\/z.glif":"\/fonts\/Unpacking\/746c82d1e7ccf4c1a826efdbca343240b4f9c68a\/optisesame.ufo\/glyphs\/z.glif","\/fonts\/Unpacking\/746c82d1e7ccf4c1a826efdbca343240b4f9c68a\/optisesame.ufo\/glyphs\/zero.glif":"\/fonts\/Unpacking\/746c82d1e7ccf4c1a826efdbca343240b4f9c68a\/optisesame.ufo\/glyphs\/zero.glif"},"Font":null,"Licences":{"":false},"Table":{"FFTM":{"entryLength":16,"tag":"FFTM","checksum":1944367444,"offset":25656,"length":28},"GDEF":{"entryLength":16,"tag":"GDEF","checksum":14811142,"offset":25624,"length":32},"OS\/2":{"entryLength":16,"tag":"OS\/2","checksum":1464271920,"offset":344,"length":86},"cmap":{"entryLength":16,"tag":"cmap","checksum":3516963717,"offset":1156,"length":554},"gasp":{"entryLength":16,"tag":"gasp","checksum":4294901763,"offset":25616,"length":8},"glyf":{"entryLength":16,"tag":"glyf","checksum":1316981986,"offset":2076,"length":22508},"head":{"entryLength":16,"tag":"head","checksum":196013770,"offset":220,"length":54},"hhea":{"entryLength":16,"tag":"hhea","checksum":155714755,"offset":276,"length":36},"hmtx":{"entryLength":16,"tag":"hmtx","checksum":4083162509,"offset":432,"length":724},"loca":{"entryLength":16,"tag":"loca","checksum":1381198214,"offset":1712,"length":364},"maxp":{"entryLength":16,"tag":"maxp","checksum":16580891,"offset":312,"length":32},"name":{"entryLength":16,"tag":"name","checksum":2296439036,"offset":24584,"length":633},"post":{"entryLength":16,"tag":"post","checksum":582361799,"offset":25220,"length":396}},"UnicodeCharMap":{"32":3,"33":4,"34":5,"35":6,"36":7,"37":8,"38":9,"39":10,"40":11,"41":12,"42":13,"43":14,"44":15,"45":16,"46":17,"47":18,"48":19,"49":20,"50":21,"51":22,"52":23,"53":24,"54":25,"55":26,"56":27,"57":28,"58":29,"59":30,"60":31,"61":32,"62":33,"63":34,"64":35,"65":36,"66":37,"67":38,"68":39,"69":40,"70":41,"71":42,"72":43,"73":44,"74":45,"75":46,"76":47,"77":48,"78":49,"79":50,"80":51,"81":52,"82":53,"83":54,"84":55,"85":56,"86":57,"87":58,"88":59,"89":60,"90":61,"91":62,"92":63,"93":64,"94":65,"95":66,"96":67,"97":68,"98":69,"99":70,"100":71,"101":72,"102":73,"103":74,"104":75,"105":76,"106":77,"107":78,"108":79,"109":80,"110":81,"111":82,"112":83,"113":84,"114":85,"115":86,"116":87,"117":88,"118":89,"119":90,"120":91,"121":92,"122":93,"123":94,"124":95,"125":96,"126":97,"162":98,"163":99,"164":100,"168":101,"169":102,"174":103,"180":104,"183":105,"192":106,"193":107,"194":108,"195":109,"196":110,"197":111,"198":112,"199":113,"200":114,"201":115,"202":116,"203":117,"204":118,"205":119,"206":120,"207":121,"209":122,"210":123,"211":124,"212":125,"213":126,"214":127,"216":128,"217":129,"218":130,"219":131,"220":132,"224":133,"225":134,"226":135,"227":136,"228":137,"229":138,"230":139,"231":140,"232":141,"233":142,"234":143,"235":144,"236":145,"237":146,"238":147,"239":148,"241":149,"242":150,"243":151,"244":152,"245":153,"246":154,"248":155,"249":156,"250":157,"251":158,"252":159,"255":160,"305":175,"338":174,"339":176,"376":180,"710":170,"730":172,"732":171,"8211":167,"8212":173,"8216":162,"8217":161,"8220":164,"8221":169,"8226":168,"8249":165,"8250":166,"8260":163,"8482":177,"8730":179,"8734":178},"Reserves":null,"Names":[],"Nodes":[],"Contributors":[],"FontIdentity":"4feb71f15b67ccb3f9c8234d4ea1bb5e","Bytes":1924051,"Networking":null,"barcode":null,"referee":null}