{"CSS":{"ZabriskieScriptSwashDemi-Regular":"ZabriskieScriptSwashDemi-Regular.css","Zabriskie Script Swash Demi Regular":"3af99d3c3d188b3bc25244cd1403a017.css"},"FontType":"TrueType","FontCopyright":"Copyright SoftMaker Software GmbH 1995","FontName":"ZabriskieScriptSwashDemi","FontSubfamily":"Regular","FontSubfamilyID":"Alts:ZabriskieScriptSwashDemi-Regular","FontFullName":"Zabriskie Script Swash Demi Regular","FontVersion":"1.0 Mon Nov 06 11:00:43 1995","FontWeight":null,"FontPostscriptName":"ZabriskieScriptSwashDemi-Regular","Files":{"\/ZabriskieScriptSwashDemi-Regular.css":"\/ZabriskieScriptSwashDemi-Regular.css","\/font-resource.json":"\/font-resource.json","\/zabriskiescriptswashdemi-regular.afm":"\/zabriskiescriptswashdemi-regular.afm","\/zabriskiescriptswashdemi-regular.bin":"\/zabriskiescriptswashdemi-regular.bin","\/zabriskiescriptswashdemi-regular.cef":"\/zabriskiescriptswashdemi-regular.cef","\/zabriskiescriptswashdemi-regular.cff":"\/zabriskiescriptswashdemi-regular.cff","\/zabriskiescriptswashdemi-regular.dfont":"\/zabriskiescriptswashdemi-regular.dfont","\/zabriskiescriptswashdemi-regular.eot":"\/zabriskiescriptswashdemi-regular.eot","\/zabriskiescriptswashdemi-regular.fon":"\/zabriskiescriptswashdemi-regular.fon","\/zabriskiescriptswashdemi-regular.gai":"\/zabriskiescriptswashdemi-regular.gai","\/zabriskiescriptswashdemi-regular.gsf":"\/zabriskiescriptswashdemi-regular.gsf","\/zabriskiescriptswashdemi-regular.hqx":"\/zabriskiescriptswashdemi-regular.hqx","\/zabriskiescriptswashdemi-regular.ik":"\/zabriskiescriptswashdemi-regular.ik","\/zabriskiescriptswashdemi-regular.mf":"\/zabriskiescriptswashdemi-regular.mf","\/zabriskiescriptswashdemi-regular.otf":"\/zabriskiescriptswashdemi-regular.otf","\/zabriskiescriptswashdemi-regular.pcf":"\/zabriskiescriptswashdemi-regular.pcf","\/zabriskiescriptswashdemi-regular.pf3":"\/zabriskiescriptswashdemi-regular.pf3","\/zabriskiescriptswashdemi-regular.pfa":"\/zabriskiescriptswashdemi-regular.pfa","\/zabriskiescriptswashdemi-regular.pfb":"\/zabriskiescriptswashdemi-regular.pfb","\/zabriskiescriptswashdemi-regular.php":"\/zabriskiescriptswashdemi-regular.php","\/zabriskiescriptswashdemi-regular.pmf":"\/zabriskiescriptswashdemi-regular.pmf","\/zabriskiescriptswashdemi-regular.pt3":"\/zabriskiescriptswashdemi-regular.pt3","\/zabriskiescriptswashdemi-regular.sfd":"\/zabriskiescriptswashdemi-regular.sfd","\/zabriskiescriptswashdemi-regular.svg":"\/zabriskiescriptswashdemi-regular.svg","\/zabriskiescriptswashdemi-regular.t42":"\/zabriskiescriptswashdemi-regular.t42","\/zabriskiescriptswashdemi-regular.ttd":"\/zabriskiescriptswashdemi-regular.ttd","\/zabriskiescriptswashdemi-regular.ttf":"\/zabriskiescriptswashdemi-regular.ttf","\/zabriskiescriptswashdemi-regular.ttg":"\/zabriskiescriptswashdemi-regular.ttg","\/zabriskiescriptswashdemi-regular.ufm":"\/zabriskiescriptswashdemi-regular.ufm","\/zabriskiescriptswashdemi-regular.woff":"\/zabriskiescriptswashdemi-regular.woff","\/zabriskiescriptswashdemi-regular.z":"\/zabriskiescriptswashdemi-regular.z","\/zabriskiescriptswashdemi-regular.ufo\/feature.fea":"\/zabriskiescriptswashdemi-regular.ufo\/feature.fea","\/zabriskiescriptswashdemi-regular.ufo\/fontinfo.plist":"\/zabriskiescriptswashdemi-regular.ufo\/fontinfo.plist","\/zabriskiescriptswashdemi-regular.ufo\/groups.plist":"\/zabriskiescriptswashdemi-regular.ufo\/groups.plist","\/zabriskiescriptswashdemi-regular.ufo\/kerning.plist":"\/zabriskiescriptswashdemi-regular.ufo\/kerning.plist","\/zabriskiescriptswashdemi-regular.ufo\/metainfo.plist":"\/zabriskiescriptswashdemi-regular.ufo\/metainfo.plist","\/zabriskiescriptswashdemi-regular.ufo\/glyphs\/A_.glif":"\/zabriskiescriptswashdemi-regular.ufo\/glyphs\/A_.glif","\/zabriskiescriptswashdemi-regular.ufo\/glyphs\/A_E_.glif":"\/zabriskiescriptswashdemi-regular.ufo\/glyphs\/A_E_.glif","\/zabriskiescriptswashdemi-regular.ufo\/glyphs\/A_dieresis.glif":"\/zabriskiescriptswashdemi-regular.ufo\/glyphs\/A_dieresis.glif","\/zabriskiescriptswashdemi-regular.ufo\/glyphs\/A_ring.glif":"\/zabriskiescriptswashdemi-regular.ufo\/glyphs\/A_ring.glif","\/zabriskiescriptswashdemi-regular.ufo\/glyphs\/B_.glif":"\/zabriskiescriptswashdemi-regular.ufo\/glyphs\/B_.glif","\/zabriskiescriptswashdemi-regular.ufo\/glyphs\/C_.glif":"\/zabriskiescriptswashdemi-regular.ufo\/glyphs\/C_.glif","\/zabriskiescriptswashdemi-regular.ufo\/glyphs\/D_.glif":"\/zabriskiescriptswashdemi-regular.ufo\/glyphs\/D_.glif","\/zabriskiescriptswashdemi-regular.ufo\/glyphs\/E_.glif":"\/zabriskiescriptswashdemi-regular.ufo\/glyphs\/E_.glif","\/zabriskiescriptswashdemi-regular.ufo\/glyphs\/F_.glif":"\/zabriskiescriptswashdemi-regular.ufo\/glyphs\/F_.glif","\/zabriskiescriptswashdemi-regular.ufo\/glyphs\/G_.glif":"\/zabriskiescriptswashdemi-regular.ufo\/glyphs\/G_.glif","\/zabriskiescriptswashdemi-regular.ufo\/glyphs\/H_.glif":"\/zabriskiescriptswashdemi-regular.ufo\/glyphs\/H_.glif","\/zabriskiescriptswashdemi-regular.ufo\/glyphs\/I_.glif":"\/zabriskiescriptswashdemi-regular.ufo\/glyphs\/I_.glif","\/zabriskiescriptswashdemi-regular.ufo\/glyphs\/J_.glif":"\/zabriskiescriptswashdemi-regular.ufo\/glyphs\/J_.glif","\/zabriskiescriptswashdemi-regular.ufo\/glyphs\/K_.glif":"\/zabriskiescriptswashdemi-regular.ufo\/glyphs\/K_.glif","\/zabriskiescriptswashdemi-regular.ufo\/glyphs\/L_.glif":"\/zabriskiescriptswashdemi-regular.ufo\/glyphs\/L_.glif","\/zabriskiescriptswashdemi-regular.ufo\/glyphs\/M_.glif":"\/zabriskiescriptswashdemi-regular.ufo\/glyphs\/M_.glif","\/zabriskiescriptswashdemi-regular.ufo\/glyphs\/N_.glif":"\/zabriskiescriptswashdemi-regular.ufo\/glyphs\/N_.glif","\/zabriskiescriptswashdemi-regular.ufo\/glyphs\/O_.glif":"\/zabriskiescriptswashdemi-regular.ufo\/glyphs\/O_.glif","\/zabriskiescriptswashdemi-regular.ufo\/glyphs\/O_E_.glif":"\/zabriskiescriptswashdemi-regular.ufo\/glyphs\/O_E_.glif","\/zabriskiescriptswashdemi-regular.ufo\/glyphs\/O_dieresis.glif":"\/zabriskiescriptswashdemi-regular.ufo\/glyphs\/O_dieresis.glif","\/zabriskiescriptswashdemi-regular.ufo\/glyphs\/O_slash.glif":"\/zabriskiescriptswashdemi-regular.ufo\/glyphs\/O_slash.glif","\/zabriskiescriptswashdemi-regular.ufo\/glyphs\/P_.glif":"\/zabriskiescriptswashdemi-regular.ufo\/glyphs\/P_.glif","\/zabriskiescriptswashdemi-regular.ufo\/glyphs\/Q_.glif":"\/zabriskiescriptswashdemi-regular.ufo\/glyphs\/Q_.glif","\/zabriskiescriptswashdemi-regular.ufo\/glyphs\/R_.glif":"\/zabriskiescriptswashdemi-regular.ufo\/glyphs\/R_.glif","\/zabriskiescriptswashdemi-regular.ufo\/glyphs\/S_.glif":"\/zabriskiescriptswashdemi-regular.ufo\/glyphs\/S_.glif","\/zabriskiescriptswashdemi-regular.ufo\/glyphs\/S_caron.glif":"\/zabriskiescriptswashdemi-regular.ufo\/glyphs\/S_caron.glif","\/zabriskiescriptswashdemi-regular.ufo\/glyphs\/T_.glif":"\/zabriskiescriptswashdemi-regular.ufo\/glyphs\/T_.glif","\/zabriskiescriptswashdemi-regular.ufo\/glyphs\/U_.glif":"\/zabriskiescriptswashdemi-regular.ufo\/glyphs\/U_.glif","\/zabriskiescriptswashdemi-regular.ufo\/glyphs\/U_dieresis.glif":"\/zabriskiescriptswashdemi-regular.ufo\/glyphs\/U_dieresis.glif","\/zabriskiescriptswashdemi-regular.ufo\/glyphs\/V_.glif":"\/zabriskiescriptswashdemi-regular.ufo\/glyphs\/V_.glif","\/zabriskiescriptswashdemi-regular.ufo\/glyphs\/W_.glif":"\/zabriskiescriptswashdemi-regular.ufo\/glyphs\/W_.glif","\/zabriskiescriptswashdemi-regular.ufo\/glyphs\/X_.glif":"\/zabriskiescriptswashdemi-regular.ufo\/glyphs\/X_.glif","\/zabriskiescriptswashdemi-regular.ufo\/glyphs\/Y_.glif":"\/zabriskiescriptswashdemi-regular.ufo\/glyphs\/Y_.glif","\/zabriskiescriptswashdemi-regular.ufo\/glyphs\/Z_.glif":"\/zabriskiescriptswashdemi-regular.ufo\/glyphs\/Z_.glif","\/zabriskiescriptswashdemi-regular.ufo\/glyphs\/_notdef.glif":"\/zabriskiescriptswashdemi-regular.ufo\/glyphs\/_notdef.glif","\/zabriskiescriptswashdemi-regular.ufo\/glyphs\/_null.glif":"\/zabriskiescriptswashdemi-regular.ufo\/glyphs\/_null.glif","\/zabriskiescriptswashdemi-regular.ufo\/glyphs\/a.glif":"\/zabriskiescriptswashdemi-regular.ufo\/glyphs\/a.glif","\/zabriskiescriptswashdemi-regular.ufo\/glyphs\/acute.glif":"\/zabriskiescriptswashdemi-regular.ufo\/glyphs\/acute.glif","\/zabriskiescriptswashdemi-regular.ufo\/glyphs\/adieresis.glif":"\/zabriskiescriptswashdemi-regular.ufo\/glyphs\/adieresis.glif","\/zabriskiescriptswashdemi-regular.ufo\/glyphs\/ae.glif":"\/zabriskiescriptswashdemi-regular.ufo\/glyphs\/ae.glif","\/zabriskiescriptswashdemi-regular.ufo\/glyphs\/ampersand.glif":"\/zabriskiescriptswashdemi-regular.ufo\/glyphs\/ampersand.glif","\/zabriskiescriptswashdemi-regular.ufo\/glyphs\/asciicircum.glif":"\/zabriskiescriptswashdemi-regular.ufo\/glyphs\/asciicircum.glif","\/zabriskiescriptswashdemi-regular.ufo\/glyphs\/asciitilde.glif":"\/zabriskiescriptswashdemi-regular.ufo\/glyphs\/asciitilde.glif","\/zabriskiescriptswashdemi-regular.ufo\/glyphs\/asterisk.glif":"\/zabriskiescriptswashdemi-regular.ufo\/glyphs\/asterisk.glif","\/zabriskiescriptswashdemi-regular.ufo\/glyphs\/at.glif":"\/zabriskiescriptswashdemi-regular.ufo\/glyphs\/at.glif","\/zabriskiescriptswashdemi-regular.ufo\/glyphs\/b.glif":"\/zabriskiescriptswashdemi-regular.ufo\/glyphs\/b.glif","\/zabriskiescriptswashdemi-regular.ufo\/glyphs\/backslash.glif":"\/zabriskiescriptswashdemi-regular.ufo\/glyphs\/backslash.glif","\/zabriskiescriptswashdemi-regular.ufo\/glyphs\/bar.glif":"\/zabriskiescriptswashdemi-regular.ufo\/glyphs\/bar.glif","\/zabriskiescriptswashdemi-regular.ufo\/glyphs\/braceleft.glif":"\/zabriskiescriptswashdemi-regular.ufo\/glyphs\/braceleft.glif","\/zabriskiescriptswashdemi-regular.ufo\/glyphs\/braceright.glif":"\/zabriskiescriptswashdemi-regular.ufo\/glyphs\/braceright.glif","\/zabriskiescriptswashdemi-regular.ufo\/glyphs\/bracketleft.glif":"\/zabriskiescriptswashdemi-regular.ufo\/glyphs\/bracketleft.glif","\/zabriskiescriptswashdemi-regular.ufo\/glyphs\/bracketright.glif":"\/zabriskiescriptswashdemi-regular.ufo\/glyphs\/bracketright.glif","\/zabriskiescriptswashdemi-regular.ufo\/glyphs\/bullet.glif":"\/zabriskiescriptswashdemi-regular.ufo\/glyphs\/bullet.glif","\/zabriskiescriptswashdemi-regular.ufo\/glyphs\/c.glif":"\/zabriskiescriptswashdemi-regular.ufo\/glyphs\/c.glif","\/zabriskiescriptswashdemi-regular.ufo\/glyphs\/c128.glif":"\/zabriskiescriptswashdemi-regular.ufo\/glyphs\/c128.glif","\/zabriskiescriptswashdemi-regular.ufo\/glyphs\/c129.glif":"\/zabriskiescriptswashdemi-regular.ufo\/glyphs\/c129.glif","\/zabriskiescriptswashdemi-regular.ufo\/glyphs\/c141.glif":"\/zabriskiescriptswashdemi-regular.ufo\/glyphs\/c141.glif","\/zabriskiescriptswashdemi-regular.ufo\/glyphs\/c142.glif":"\/zabriskiescriptswashdemi-regular.ufo\/glyphs\/c142.glif","\/zabriskiescriptswashdemi-regular.ufo\/glyphs\/c143.glif":"\/zabriskiescriptswashdemi-regular.ufo\/glyphs\/c143.glif","\/zabriskiescriptswashdemi-regular.ufo\/glyphs\/caron.glif":"\/zabriskiescriptswashdemi-regular.ufo\/glyphs\/caron.glif","\/zabriskiescriptswashdemi-regular.ufo\/glyphs\/cedilla.glif":"\/zabriskiescriptswashdemi-regular.ufo\/glyphs\/cedilla.glif","\/zabriskiescriptswashdemi-regular.ufo\/glyphs\/cent.glif":"\/zabriskiescriptswashdemi-regular.ufo\/glyphs\/cent.glif","\/zabriskiescriptswashdemi-regular.ufo\/glyphs\/circumflex.glif":"\/zabriskiescriptswashdemi-regular.ufo\/glyphs\/circumflex.glif","\/zabriskiescriptswashdemi-regular.ufo\/glyphs\/colon.glif":"\/zabriskiescriptswashdemi-regular.ufo\/glyphs\/colon.glif","\/zabriskiescriptswashdemi-regular.ufo\/glyphs\/comma.glif":"\/zabriskiescriptswashdemi-regular.ufo\/glyphs\/comma.glif","\/zabriskiescriptswashdemi-regular.ufo\/glyphs\/contents.plist":"\/zabriskiescriptswashdemi-regular.ufo\/glyphs\/contents.plist","\/zabriskiescriptswashdemi-regular.ufo\/glyphs\/copyright.glif":"\/zabriskiescriptswashdemi-regular.ufo\/glyphs\/copyright.glif","\/zabriskiescriptswashdemi-regular.ufo\/glyphs\/d.glif":"\/zabriskiescriptswashdemi-regular.ufo\/glyphs\/d.glif","\/zabriskiescriptswashdemi-regular.ufo\/glyphs\/dagger.glif":"\/zabriskiescriptswashdemi-regular.ufo\/glyphs\/dagger.glif","\/zabriskiescriptswashdemi-regular.ufo\/glyphs\/daggerdbl.glif":"\/zabriskiescriptswashdemi-regular.ufo\/glyphs\/daggerdbl.glif","\/zabriskiescriptswashdemi-regular.ufo\/glyphs\/degree.glif":"\/zabriskiescriptswashdemi-regular.ufo\/glyphs\/degree.glif","\/zabriskiescriptswashdemi-regular.ufo\/glyphs\/dieresis.glif":"\/zabriskiescriptswashdemi-regular.ufo\/glyphs\/dieresis.glif","\/zabriskiescriptswashdemi-regular.ufo\/glyphs\/divide.glif":"\/zabriskiescriptswashdemi-regular.ufo\/glyphs\/divide.glif","\/zabriskiescriptswashdemi-regular.ufo\/glyphs\/dollar.glif":"\/zabriskiescriptswashdemi-regular.ufo\/glyphs\/dollar.glif","\/zabriskiescriptswashdemi-regular.ufo\/glyphs\/dotlessi.glif":"\/zabriskiescriptswashdemi-regular.ufo\/glyphs\/dotlessi.glif","\/zabriskiescriptswashdemi-regular.ufo\/glyphs\/e.glif":"\/zabriskiescriptswashdemi-regular.ufo\/glyphs\/e.glif","\/zabriskiescriptswashdemi-regular.ufo\/glyphs\/eight.glif":"\/zabriskiescriptswashdemi-regular.ufo\/glyphs\/eight.glif","\/zabriskiescriptswashdemi-regular.ufo\/glyphs\/ellipsis.glif":"\/zabriskiescriptswashdemi-regular.ufo\/glyphs\/ellipsis.glif","\/zabriskiescriptswashdemi-regular.ufo\/glyphs\/emdash.glif":"\/zabriskiescriptswashdemi-regular.ufo\/glyphs\/emdash.glif","\/zabriskiescriptswashdemi-regular.ufo\/glyphs\/endash.glif":"\/zabriskiescriptswashdemi-regular.ufo\/glyphs\/endash.glif","\/zabriskiescriptswashdemi-regular.ufo\/glyphs\/equal.glif":"\/zabriskiescriptswashdemi-regular.ufo\/glyphs\/equal.glif","\/zabriskiescriptswashdemi-regular.ufo\/glyphs\/exclam.glif":"\/zabriskiescriptswashdemi-regular.ufo\/glyphs\/exclam.glif","\/zabriskiescriptswashdemi-regular.ufo\/glyphs\/exclamdown.glif":"\/zabriskiescriptswashdemi-regular.ufo\/glyphs\/exclamdown.glif","\/zabriskiescriptswashdemi-regular.ufo\/glyphs\/f.glif":"\/zabriskiescriptswashdemi-regular.ufo\/glyphs\/f.glif","\/zabriskiescriptswashdemi-regular.ufo\/glyphs\/five.glif":"\/zabriskiescriptswashdemi-regular.ufo\/glyphs\/five.glif","\/zabriskiescriptswashdemi-regular.ufo\/glyphs\/florin.glif":"\/zabriskiescriptswashdemi-regular.ufo\/glyphs\/florin.glif","\/zabriskiescriptswashdemi-regular.ufo\/glyphs\/four.glif":"\/zabriskiescriptswashdemi-regular.ufo\/glyphs\/four.glif","\/zabriskiescriptswashdemi-regular.ufo\/glyphs\/fraction.glif":"\/zabriskiescriptswashdemi-regular.ufo\/glyphs\/fraction.glif","\/zabriskiescriptswashdemi-regular.ufo\/glyphs\/g.glif":"\/zabriskiescriptswashdemi-regular.ufo\/glyphs\/g.glif","\/zabriskiescriptswashdemi-regular.ufo\/glyphs\/germandbls.glif":"\/zabriskiescriptswashdemi-regular.ufo\/glyphs\/germandbls.glif","\/zabriskiescriptswashdemi-regular.ufo\/glyphs\/grave.glif":"\/zabriskiescriptswashdemi-regular.ufo\/glyphs\/grave.glif","\/zabriskiescriptswashdemi-regular.ufo\/glyphs\/greater.glif":"\/zabriskiescriptswashdemi-regular.ufo\/glyphs\/greater.glif","\/zabriskiescriptswashdemi-regular.ufo\/glyphs\/guillemotleft.glif":"\/zabriskiescriptswashdemi-regular.ufo\/glyphs\/guillemotleft.glif","\/zabriskiescriptswashdemi-regular.ufo\/glyphs\/guillemotright.glif":"\/zabriskiescriptswashdemi-regular.ufo\/glyphs\/guillemotright.glif","\/zabriskiescriptswashdemi-regular.ufo\/glyphs\/guilsinglleft.glif":"\/zabriskiescriptswashdemi-regular.ufo\/glyphs\/guilsinglleft.glif","\/zabriskiescriptswashdemi-regular.ufo\/glyphs\/guilsinglright.glif":"\/zabriskiescriptswashdemi-regular.ufo\/glyphs\/guilsinglright.glif","\/zabriskiescriptswashdemi-regular.ufo\/glyphs\/h.glif":"\/zabriskiescriptswashdemi-regular.ufo\/glyphs\/h.glif","\/zabriskiescriptswashdemi-regular.ufo\/glyphs\/hyphen.glif":"\/zabriskiescriptswashdemi-regular.ufo\/glyphs\/hyphen.glif","\/zabriskiescriptswashdemi-regular.ufo\/glyphs\/i.glif":"\/zabriskiescriptswashdemi-regular.ufo\/glyphs\/i.glif","\/zabriskiescriptswashdemi-regular.ufo\/glyphs\/j.glif":"\/zabriskiescriptswashdemi-regular.ufo\/glyphs\/j.glif","\/zabriskiescriptswashdemi-regular.ufo\/glyphs\/k.glif":"\/zabriskiescriptswashdemi-regular.ufo\/glyphs\/k.glif","\/zabriskiescriptswashdemi-regular.ufo\/glyphs\/l.glif":"\/zabriskiescriptswashdemi-regular.ufo\/glyphs\/l.glif","\/zabriskiescriptswashdemi-regular.ufo\/glyphs\/less.glif":"\/zabriskiescriptswashdemi-regular.ufo\/glyphs\/less.glif","\/zabriskiescriptswashdemi-regular.ufo\/glyphs\/logicalnot.glif":"\/zabriskiescriptswashdemi-regular.ufo\/glyphs\/logicalnot.glif","\/zabriskiescriptswashdemi-regular.ufo\/glyphs\/m.glif":"\/zabriskiescriptswashdemi-regular.ufo\/glyphs\/m.glif","\/zabriskiescriptswashdemi-regular.ufo\/glyphs\/mu.glif":"\/zabriskiescriptswashdemi-regular.ufo\/glyphs\/mu.glif","\/zabriskiescriptswashdemi-regular.ufo\/glyphs\/n.glif":"\/zabriskiescriptswashdemi-regular.ufo\/glyphs\/n.glif","\/zabriskiescriptswashdemi-regular.ufo\/glyphs\/nine.glif":"\/zabriskiescriptswashdemi-regular.ufo\/glyphs\/nine.glif","\/zabriskiescriptswashdemi-regular.ufo\/glyphs\/nonbreakingspace.glif":"\/zabriskiescriptswashdemi-regular.ufo\/glyphs\/nonbreakingspace.glif","\/zabriskiescriptswashdemi-regular.ufo\/glyphs\/nonmarkingreturn.glif":"\/zabriskiescriptswashdemi-regular.ufo\/glyphs\/nonmarkingreturn.glif","\/zabriskiescriptswashdemi-regular.ufo\/glyphs\/numbersign.glif":"\/zabriskiescriptswashdemi-regular.ufo\/glyphs\/numbersign.glif","\/zabriskiescriptswashdemi-regular.ufo\/glyphs\/o.glif":"\/zabriskiescriptswashdemi-regular.ufo\/glyphs\/o.glif","\/zabriskiescriptswashdemi-regular.ufo\/glyphs\/odieresis.glif":"\/zabriskiescriptswashdemi-regular.ufo\/glyphs\/odieresis.glif","\/zabriskiescriptswashdemi-regular.ufo\/glyphs\/oe.glif":"\/zabriskiescriptswashdemi-regular.ufo\/glyphs\/oe.glif","\/zabriskiescriptswashdemi-regular.ufo\/glyphs\/one.glif":"\/zabriskiescriptswashdemi-regular.ufo\/glyphs\/one.glif","\/zabriskiescriptswashdemi-regular.ufo\/glyphs\/oslash.glif":"\/zabriskiescriptswashdemi-regular.ufo\/glyphs\/oslash.glif","\/zabriskiescriptswashdemi-regular.ufo\/glyphs\/p.glif":"\/zabriskiescriptswashdemi-regular.ufo\/glyphs\/p.glif","\/zabriskiescriptswashdemi-regular.ufo\/glyphs\/paragraph.glif":"\/zabriskiescriptswashdemi-regular.ufo\/glyphs\/paragraph.glif","\/zabriskiescriptswashdemi-regular.ufo\/glyphs\/parenleft.glif":"\/zabriskiescriptswashdemi-regular.ufo\/glyphs\/parenleft.glif","\/zabriskiescriptswashdemi-regular.ufo\/glyphs\/parenright.glif":"\/zabriskiescriptswashdemi-regular.ufo\/glyphs\/parenright.glif","\/zabriskiescriptswashdemi-regular.ufo\/glyphs\/percent.glif":"\/zabriskiescriptswashdemi-regular.ufo\/glyphs\/percent.glif","\/zabriskiescriptswashdemi-regular.ufo\/glyphs\/period.glif":"\/zabriskiescriptswashdemi-regular.ufo\/glyphs\/period.glif","\/zabriskiescriptswashdemi-regular.ufo\/glyphs\/periodcentered.glif":"\/zabriskiescriptswashdemi-regular.ufo\/glyphs\/periodcentered.glif","\/zabriskiescriptswashdemi-regular.ufo\/glyphs\/perthousand.glif":"\/zabriskiescriptswashdemi-regular.ufo\/glyphs\/perthousand.glif","\/zabriskiescriptswashdemi-regular.ufo\/glyphs\/plus.glif":"\/zabriskiescriptswashdemi-regular.ufo\/glyphs\/plus.glif","\/zabriskiescriptswashdemi-regular.ufo\/glyphs\/plusminus.glif":"\/zabriskiescriptswashdemi-regular.ufo\/glyphs\/plusminus.glif","\/zabriskiescriptswashdemi-regular.ufo\/glyphs\/q.glif":"\/zabriskiescriptswashdemi-regular.ufo\/glyphs\/q.glif","\/zabriskiescriptswashdemi-regular.ufo\/glyphs\/question.glif":"\/zabriskiescriptswashdemi-regular.ufo\/glyphs\/question.glif","\/zabriskiescriptswashdemi-regular.ufo\/glyphs\/questiondown.glif":"\/zabriskiescriptswashdemi-regular.ufo\/glyphs\/questiondown.glif","\/zabriskiescriptswashdemi-regular.ufo\/glyphs\/quotedbl.glif":"\/zabriskiescriptswashdemi-regular.ufo\/glyphs\/quotedbl.glif","\/zabriskiescriptswashdemi-regular.ufo\/glyphs\/quotedblbase.glif":"\/zabriskiescriptswashdemi-regular.ufo\/glyphs\/quotedblbase.glif","\/zabriskiescriptswashdemi-regular.ufo\/glyphs\/quotedblleft.glif":"\/zabriskiescriptswashdemi-regular.ufo\/glyphs\/quotedblleft.glif","\/zabriskiescriptswashdemi-regular.ufo\/glyphs\/quotedblright.glif":"\/zabriskiescriptswashdemi-regular.ufo\/glyphs\/quotedblright.glif","\/zabriskiescriptswashdemi-regular.ufo\/glyphs\/quoteleft.glif":"\/zabriskiescriptswashdemi-regular.ufo\/glyphs\/quoteleft.glif","\/zabriskiescriptswashdemi-regular.ufo\/glyphs\/quoteright.glif":"\/zabriskiescriptswashdemi-regular.ufo\/glyphs\/quoteright.glif","\/zabriskiescriptswashdemi-regular.ufo\/glyphs\/quotesinglbase.glif":"\/zabriskiescriptswashdemi-regular.ufo\/glyphs\/quotesinglbase.glif","\/zabriskiescriptswashdemi-regular.ufo\/glyphs\/quotesingle.glif":"\/zabriskiescriptswashdemi-regular.ufo\/glyphs\/quotesingle.glif","\/zabriskiescriptswashdemi-regular.ufo\/glyphs\/r.glif":"\/zabriskiescriptswashdemi-regular.ufo\/glyphs\/r.glif","\/zabriskiescriptswashdemi-regular.ufo\/glyphs\/registered.glif":"\/zabriskiescriptswashdemi-regular.ufo\/glyphs\/registered.glif","\/zabriskiescriptswashdemi-regular.ufo\/glyphs\/s.glif":"\/zabriskiescriptswashdemi-regular.ufo\/glyphs\/s.glif","\/zabriskiescriptswashdemi-regular.ufo\/glyphs\/section.glif":"\/zabriskiescriptswashdemi-regular.ufo\/glyphs\/section.glif","\/zabriskiescriptswashdemi-regular.ufo\/glyphs\/semicolon.glif":"\/zabriskiescriptswashdemi-regular.ufo\/glyphs\/semicolon.glif","\/zabriskiescriptswashdemi-regular.ufo\/glyphs\/seven.glif":"\/zabriskiescriptswashdemi-regular.ufo\/glyphs\/seven.glif","\/zabriskiescriptswashdemi-regular.ufo\/glyphs\/six.glif":"\/zabriskiescriptswashdemi-regular.ufo\/glyphs\/six.glif","\/zabriskiescriptswashdemi-regular.ufo\/glyphs\/slash.glif":"\/zabriskiescriptswashdemi-regular.ufo\/glyphs\/slash.glif","\/zabriskiescriptswashdemi-regular.ufo\/glyphs\/space.glif":"\/zabriskiescriptswashdemi-regular.ufo\/glyphs\/space.glif","\/zabriskiescriptswashdemi-regular.ufo\/glyphs\/sterling.glif":"\/zabriskiescriptswashdemi-regular.ufo\/glyphs\/sterling.glif","\/zabriskiescriptswashdemi-regular.ufo\/glyphs\/t.glif":"\/zabriskiescriptswashdemi-regular.ufo\/glyphs\/t.glif","\/zabriskiescriptswashdemi-regular.ufo\/glyphs\/three.glif":"\/zabriskiescriptswashdemi-regular.ufo\/glyphs\/three.glif","\/zabriskiescriptswashdemi-regular.ufo\/glyphs\/tilde.glif":"\/zabriskiescriptswashdemi-regular.ufo\/glyphs\/tilde.glif","\/zabriskiescriptswashdemi-regular.ufo\/glyphs\/trademark.glif":"\/zabriskiescriptswashdemi-regular.ufo\/glyphs\/trademark.glif","\/zabriskiescriptswashdemi-regular.ufo\/glyphs\/two.glif":"\/zabriskiescriptswashdemi-regular.ufo\/glyphs\/two.glif","\/zabriskiescriptswashdemi-regular.ufo\/glyphs\/u.glif":"\/zabriskiescriptswashdemi-regular.ufo\/glyphs\/u.glif","\/zabriskiescriptswashdemi-regular.ufo\/glyphs\/udieresis.glif":"\/zabriskiescriptswashdemi-regular.ufo\/glyphs\/udieresis.glif","\/zabriskiescriptswashdemi-regular.ufo\/glyphs\/underscore.glif":"\/zabriskiescriptswashdemi-regular.ufo\/glyphs\/underscore.glif","\/zabriskiescriptswashdemi-regular.ufo\/glyphs\/v.glif":"\/zabriskiescriptswashdemi-regular.ufo\/glyphs\/v.glif","\/zabriskiescriptswashdemi-regular.ufo\/glyphs\/w.glif":"\/zabriskiescriptswashdemi-regular.ufo\/glyphs\/w.glif","\/zabriskiescriptswashdemi-regular.ufo\/glyphs\/x.glif":"\/zabriskiescriptswashdemi-regular.ufo\/glyphs\/x.glif","\/zabriskiescriptswashdemi-regular.ufo\/glyphs\/y.glif":"\/zabriskiescriptswashdemi-regular.ufo\/glyphs\/y.glif","\/zabriskiescriptswashdemi-regular.ufo\/glyphs\/z.glif":"\/zabriskiescriptswashdemi-regular.ufo\/glyphs\/z.glif","\/zabriskiescriptswashdemi-regular.ufo\/glyphs\/zero.glif":"\/zabriskiescriptswashdemi-regular.ufo\/glyphs\/zero.glif"},"Font":{"uploaded":1465440748.2909,"licence":"gpl3","title":"Zabriskie Script Swash Demi Regular","version":2.001,"date":"Sun May 29 21:29:10 2016","creator":"root","type":"1","matrix":"0.001 0 0 0.001 0 0","named":"ZabriskieScriptSwashDemi-Regular","painttype":"0","info":"10 dict dup","name":"ZabriskieScriptSwashDemi-Regular","family":"ZabriskieScriptSwashDemi","weight":"Bold","fstype":"1","italicangle":"0","underlineposition":"","underlinethickness":""},"Licences":{"":false},"Table":{"FFTM":{"entryLength":16,"tag":"FFTM","checksum":762971430,"offset":28416,"length":28},"GDEF":{"entryLength":16,"tag":"GDEF","checksum":13434884,"offset":27416,"length":32},"GPOS":{"entryLength":16,"tag":"GPOS","checksum":1129591910,"offset":27496,"length":918},"GSUB":{"entryLength":16,"tag":"GSUB","checksum":3103766782,"offset":27448,"length":48},"OS\/2":{"entryLength":16,"tag":"OS\/2","checksum":2268623634,"offset":376,"length":96},"cmap":{"entryLength":16,"tag":"cmap","checksum":550869611,"offset":1112,"length":602},"gasp":{"entryLength":16,"tag":"gasp","checksum":4294901763,"offset":27408,"length":8},"glyf":{"entryLength":16,"tag":"glyf","checksum":429304762,"offset":2040,"length":24196},"head":{"entryLength":16,"tag":"head","checksum":172314010,"offset":252,"length":54},"hhea":{"entryLength":16,"tag":"hhea","checksum":136249906,"offset":308,"length":36},"hmtx":{"entryLength":16,"tag":"hmtx","checksum":1993412344,"offset":472,"length":640},"loca":{"entryLength":16,"tag":"loca","checksum":1391409836,"offset":1716,"length":322},"maxp":{"entryLength":16,"tag":"maxp","checksum":15073404,"offset":344,"length":32},"name":{"entryLength":16,"tag":"name","checksum":30177829,"offset":26236,"length":789},"post":{"entryLength":16,"tag":"post","checksum":1282824464,"offset":27028,"length":379}},"UnicodeCharMap":{"32":3,"33":4,"34":5,"35":6,"36":7,"37":8,"38":9,"39":10,"40":11,"41":12,"42":13,"43":14,"44":15,"45":16,"46":17,"47":18,"48":19,"49":20,"50":21,"51":22,"52":23,"53":24,"54":25,"55":26,"56":27,"57":28,"58":29,"59":30,"60":31,"61":32,"62":33,"63":34,"64":35,"65":36,"66":37,"67":38,"68":39,"69":40,"70":41,"71":42,"72":43,"73":44,"74":45,"75":46,"76":47,"77":48,"78":49,"79":50,"80":51,"81":52,"82":53,"83":54,"84":55,"85":56,"86":57,"87":58,"88":59,"89":60,"90":61,"91":62,"92":63,"93":64,"94":65,"95":66,"96":67,"97":68,"98":69,"99":70,"100":71,"101":72,"102":73,"103":74,"104":75,"105":76,"106":77,"107":78,"108":79,"109":80,"110":81,"111":82,"112":83,"113":84,"114":85,"115":86,"116":87,"117":88,"118":89,"119":90,"120":91,"121":92,"122":93,"123":94,"124":95,"125":96,"126":97,"128":98,"129":99,"141":100,"142":101,"143":102,"160":103,"161":104,"162":105,"163":106,"167":107,"168":108,"169":109,"171":110,"172":111,"174":112,"176":113,"177":114,"180":115,"181":116,"182":117,"183":118,"184":119,"187":120,"191":121,"196":122,"197":123,"198":124,"214":125,"216":126,"220":127,"223":128,"228":129,"230":130,"246":131,"247":132,"248":133,"252":134,"305":135,"338":136,"339":137,"352":138,"402":139,"710":140,"711":141,"732":142,"8211":143,"8212":144,"8216":145,"8217":146,"8218":147,"8220":148,"8221":149,"8222":150,"8224":151,"8225":152,"8226":153,"8230":154,"8240":155,"8249":156,"8250":157,"8482":158,"8725":159,"8729":118},"Reserves":{"fontname":"Zabriskie Script Swash Demi Regular"},"Names":{"Zabriskie Script Swash Demi Regular":{"name":"Zabriskie Script Swash Demi Regular","longitude":"0.00000001","latitude":"0.00000001","country":"","region":"","city":""}},"Nodes":{"za":{"type":"typal","node":"za","usage":1,"weight":1},"ie":{"type":"typal","node":"ie","usage":1,"weight":1},"sc":{"type":"typal","node":"sc","usage":1,"weight":1},"pt":{"type":"typal","node":"pt","usage":1,"weight":1},"sw":{"type":"typal","node":"sw","usage":1,"weight":1},"sh":{"type":"typal","node":"sh","usage":1,"weight":1},"de":{"type":"typal","node":"de","usage":1,"weight":1},"mi":{"type":"typal","node":"mi","usage":1,"weight":1},"re":{"type":"typal","node":"re","usage":1,"weight":1},"ar":{"type":"typal","node":"ar","usage":1,"weight":1},"zab":{"type":"typal","node":"zab","usage":1,"weight":1},"kie":{"type":"typal","node":"kie","usage":1,"weight":1},"scr":{"type":"typal","node":"scr","usage":1,"weight":1},"ipt":{"type":"typal","node":"ipt","usage":1,"weight":1},"swa":{"type":"typal","node":"swa","usage":1,"weight":1},"ash":{"type":"typal","node":"ash","usage":1,"weight":1},"dem":{"type":"typal","node":"dem","usage":1,"weight":1},"emi":{"type":"typal","node":"emi","usage":1,"weight":1},"reg":{"type":"typal","node":"reg","usage":1,"weight":1},"lar":{"type":"typal","node":"lar","usage":1,"weight":1},"zabr":{"type":"keys","node":"zabr","usage":1,"weight":1},"skie":{"type":"keys","node":"skie","usage":1,"weight":1},"scri":{"type":"keys","node":"scri","usage":1,"weight":1},"ript":{"type":"keys","node":"ript","usage":1,"weight":1},"swas":{"type":"keys","node":"swas","usage":1,"weight":1},"wash":{"type":"keys","node":"wash","usage":1,"weight":1},"regu":{"type":"keys","node":"regu","usage":1,"weight":1},"ular":{"type":"keys","node":"ular","usage":1,"weight":1},"zabri":{"type":"keys","node":"zabri","usage":1,"weight":1},"iskie":{"type":"keys","node":"iskie","usage":1,"weight":1},"scrip":{"type":"keys","node":"scrip","usage":1,"weight":1},"cript":{"type":"keys","node":"cript","usage":1,"weight":1},"regul":{"type":"keys","node":"regul","usage":1,"weight":1},"gular":{"type":"keys","node":"gular","usage":1,"weight":1},"zabriskie":{"type":"fixes","node":"zabriskie","usage":1,"weight":1},"script":{"type":"fixes","node":"script","usage":1,"weight":1},"swash":{"type":"fixes","node":"swash","usage":1,"weight":1},"demi":{"type":"fixes","node":"demi","usage":1,"weight":1},"regular":{"type":"fixes","node":"regular","usage":1,"weight":1}},"Contributors":[],"FontIdentity":"3af99d3c3d188b3bc25244cd1403a017","Bytes":null,"Networking":[]}